WKT,Name,OBJECTID,UKATEGORIE,UTYP1,UART,UMONAT,USTUNDE,UWOCHENTAG,STRZUSTAND,ULICHTVERH,ISTRAD,ISTPKW,ISTFUSS,ISTKRAD
"POINT (13.475017801000035 52.513596807000056)","Unfall 112695 (2018) Kat:3, Licht: 0","112695","3","4","6","01","15","4","1","0","0","1","1","0"
"POINT (13.291022054000052 52.587259064000079)","Unfall 112705 (2018) Kat:3, Licht: 0","112705","3","6","2","01","11","2","0","0","0","1","0","0"
"POINT (13.420578183000032 52.526018544000067)","Unfall 112726 (2018) Kat:3, Licht: 0","112726","3","4","6","01","09","3","0","0","0","1","1","0"
"POINT (13.348287758000026 52.481844469000066)","Unfall 112737 (2018) Kat:3, Licht: 2","112737","3","7","6","01","17","2","0","2","0","1","1","0"
"POINT (13.403227970000046 52.583471536000047)","Unfall 112747 (2018) Kat:3, Licht: 1","112747","3","7","6","01","15","4","1","1","1","0","1","0"
"POINT (13.548446563000027 52.551094598000077)","Unfall 112770 (2018) Kat:2, Licht: 2","112770","2","6","2","01","05","2","0","2","0","1","0","0"
"POINT (13.256390430000067 52.485715411000058)","Unfall 112792 (2018) Kat:3, Licht: 2","112792","3","6","2","01","17","2","1","2","0","1","0","0"
"POINT (13.427251818000059 52.633822608000060)","Unfall 112805 (2018) Kat:3, Licht: 2","112805","3","6","2","01","16","5","1","2","0","1","0","0"
"POINT (13.411429384000030 52.518932989000064)","Unfall 112820 (2018) Kat:3, Licht: 0","112820","3","4","6","01","14","2","0","0","0","1","1","0"
"POINT (13.350204749000056 52.573889050000048)","Unfall 112837 (2018) Kat:3, Licht: 2","112837","3","1","0","01","21","7","1","2","0","0","0","1"
"POINT (13.418427475000044 52.523602870000047)","Unfall 112848 (2018) Kat:3, Licht: 2","112848","3","6","2","01","17","3","1","2","0","1","0","0"
"POINT (13.377730113000041 52.470102586000053)","Unfall 112862 (2018) Kat:3, Licht: 2","112862","3","6","2","01","16","4","1","2","0","1","0","0"
"POINT (13.432186282000032 52.535255261000032)","Unfall 112892 (2018) Kat:3, Licht: 0","112892","3","2","5","01","11","5","1","0","1","1","0","0"
"POINT (13.470896587000027 52.514173125000070)","Unfall 112902 (2018) Kat:3, Licht: 0","112902","3","2","5","01","08","2","0","0","1","1","0","0"
"POINT (13.394673449000038 52.510848452000062)","Unfall 112921 (2018) Kat:3, Licht: 2","112921","3","7","5","01","19","4","1","2","1","1","0","0"
"POINT (13.444588314000043 52.545602850000080)","Unfall 112937 (2018) Kat:3, Licht: 2","112937","3","2","5","01","06","5","0","2","0","1","0","0"
"POINT (13.506372166000062 52.458992962000082)","Unfall 112947 (2018) Kat:2, Licht: 2","112947","2","3","5","01","18","4","1","2","1","1","0","0"
"POINT (13.178150561000052 52.516092067000045)","Unfall 112957 (2018) Kat:3, Licht: 0","112957","3","3","5","01","15","1","0","0","0","1","0","0"
"POINT (13.377436149000062 52.470118613000068)","Unfall 112980 (2018) Kat:3, Licht: 0","112980","3","6","3","01","13","3","0","0","0","1","0","0"
"POINT (13.448554441000056 52.504955330000030)","Unfall 112992 (2018) Kat:3, Licht: 0","112992","3","4","6","01","11","7","0","0","1","0","1","0"
"POINT (13.373030297000071 52.515912803000049)","Unfall 113009 (2018) Kat:3, Licht: 0","113009","3","3","5","01","08","3","1","0","1","1","0","0"
"POINT (13.284104022000065 52.597047200000077)","Unfall 113020 (2018) Kat:3, Licht: 1","113020","3","7","0","01","07","6","1","1","0","0","0","1"
"POINT (13.379242325000064 52.436302056000045)","Unfall 113046 (2018) Kat:3, Licht: 0","113046","3","3","0","01","15","2","0","0","0","1","0","0"
"POINT (13.412477782000053 52.540973183000062)","Unfall 113058 (2018) Kat:3, Licht: 0","113058","3","2","6","01","10","5","1","0","0","0","1","0"
"POINT (13.429987925000034 52.553675473000055)","Unfall 113087 (2018) Kat:3, Licht: 0","113087","3","5","1","01","09","4","1","0","0","1","0","0"
"POINT (13.384495618000074 52.453129976000071)","Unfall 113110 (2018) Kat:2, Licht: 2","113110","2","6","2","01","00","1","0","2","0","1","0","0"
"POINT (13.413642442000025 52.548134734000030)","Unfall 113121 (2018) Kat:3, Licht: 0","113121","3","6","0","01","14","4","1","0","0","0","0","1"
"POINT (13.418577063000043 52.523739700000078)","Unfall 113151 (2018) Kat:2, Licht: 2","113151","2","6","2","01","17","4","1","2","0","1","0","0"
"POINT (13.368335440000067 52.541111075000060)","Unfall 113164 (2018) Kat:3, Licht: 2","113164","3","6","2","01","22","6","0","2","0","1","0","0"
"POINT (13.411620644000038 52.518936451000059)","Unfall 113175 (2018) Kat:3, Licht: 0","113175","3","6","2","01","09","3","0","0","0","1","0","0"
"POINT (13.411218845000064 52.518782274000046)","Unfall 113194 (2018) Kat:3, Licht: 2","113194","3","6","3","01","17","5","1","2","0","1","0","0"
"POINT (13.316416330000038 52.617082569000047)","Unfall 113205 (2018) Kat:3, Licht: 1","113205","3","2","6","01","07","3","2","1","0","1","1","0"
"POINT (13.288873460000048 52.532766861000027)","Unfall 113215 (2018) Kat:3, Licht: 0","113215","3","6","2","01","13","1","0","0","0","1","0","0"
"POINT (13.417693282000073 52.523445716000026)","Unfall 113235 (2018) Kat:3, Licht: 0","113235","3","3","5","01","12","2","0","0","1","0","0","0"
"POINT (13.300399934000041 52.511086766000062)","Unfall 113255 (2018) Kat:3, Licht: 2","113255","3","6","2","01","19","4","0","2","0","1","0","0"
"POINT (13.433537462000061 52.536115924000057)","Unfall 113267 (2018) Kat:3, Licht: 0","113267","3","4","6","01","08","2","0","0","1","0","1","0"
"POINT (13.453670059000046 52.518830863000062)","Unfall 113277 (2018) Kat:3, Licht: 0","113277","3","3","5","01","08","5","1","0","1","1","0","0"
"POINT (13.298426679000045 52.546865360000027)","Unfall 113302 (2018) Kat:3, Licht: 1","113302","3","6","2","01","06","2","0","1","0","1","0","0"
"POINT (13.436527471000034 52.517642105000050)","Unfall 113314 (2018) Kat:2, Licht: 0","113314","2","3","5","01","08","5","1","0","1","1","0","0"
"POINT (13.357186282000043 52.486900052000067)","Unfall 113324 (2018) Kat:1, Licht: 2","113324","1","2","5","01","06","3","1","2","1","0","0","0"
"POINT (13.427907841000035 52.568172418000074)","Unfall 113335 (2018) Kat:3, Licht: 0","113335","3","3","6","01","15","5","0","0","0","1","1","0"
"POINT (13.386769444000038 52.469989788000078)","Unfall 113351 (2018) Kat:3, Licht: 2","113351","3","6","3","01","19","2","0","2","0","1","0","0"
"POINT (13.445667934000028 52.597621242000059)","Unfall 113369 (2018) Kat:3, Licht: 2","113369","3","6","2","01","22","7","0","2","0","1","0","0"
"POINT (13.413588585000070 52.558587366000040)","Unfall 113380 (2018) Kat:3, Licht: 2","113380","3","6","2","01","19","3","0","2","0","1","0","0"
"POINT (13.428509206000058 52.532090459000074)","Unfall 113425 (2018) Kat:3, Licht: 0","113425","3","5","1","01","11","6","0","0","1","1","0","0"
"POINT (13.283287265000070 52.497092324000050)","Unfall 113437 (2018) Kat:3, Licht: 0","113437","3","6","3","01","10","2","0","0","0","1","0","0"
"POINT (13.302292340000065 52.642452764000041)","Unfall 113456 (2018) Kat:3, Licht: 0","113456","3","6","2","01","12","4","1","0","0","1","0","0"
"POINT (13.387611444000072 52.438998106000042)","Unfall 113468 (2018) Kat:3, Licht: 0","113468","3","4","6","01","09","3","1","0","0","1","1","0"
"POINT (13.353232747000050 52.479704520000041)","Unfall 113473 (2018) Kat:2, Licht: 0","113473","2","3","5","01","16","5","1","0","1","1","0","0"
"POINT (13.375945867000041 52.429852989000040)","Unfall 113484 (2018) Kat:2, Licht: 0","113484","2","3","5","01","10","4","1","0","1","1","0","0"
"POINT (13.433489537000071 52.535842456000069)","Unfall 113494 (2018) Kat:3, Licht: 2","113494","3","6","3","01","17","1","0","2","0","0","0","1"
"POINT (13.417718713000056 52.523468132000062)","Unfall 113516 (2018) Kat:3, Licht: 2","113516","3","3","5","01","06","3","0","2","1","1","0","0"
"POINT (13.281455244000028 52.498850109000045)","Unfall 113529 (2018) Kat:3, Licht: 2","113529","3","6","2","01","16","2","0","2","0","1","0","0"
"POINT (13.288572290000047 52.494202207000058)","Unfall 113539 (2018) Kat:3, Licht: 2","113539","3","6","3","01","19","4","1","2","0","1","0","0"
"POINT (13.288770629000055 52.532744731000037)","Unfall 113559 (2018) Kat:3, Licht: 2","113559","3","6","2","01","22","6","0","2","0","1","0","0"
"POINT (13.317393345000028 52.454035390000058)","Unfall 113585 (2018) Kat:3, Licht: 2","113585","3","6","2","01","17","2","0","2","0","1","0","0"
"POINT (13.282238528000050 52.497764293000046)","Unfall 113598 (2018) Kat:3, Licht: 2","113598","3","6","2","01","17","5","0","2","0","1","0","0"
"POINT (13.460259549000057 52.515098088000059)","Unfall 113631 (2018) Kat:2, Licht: 0","113631","2","3","5","01","10","7","0","0","1","1","0","0"
"POINT (13.391033131000029 52.432074573000079)","Unfall 113652 (2018) Kat:3, Licht: 2","113652","3","1","0","01","20","2","2","2","0","0","0","1"
"POINT (13.381464098000038 52.509833339000068)","Unfall 113664 (2018) Kat:3, Licht: 2","113664","3","6","2","01","16","4","1","2","0","0","0","1"
"POINT (13.282780685000034 52.528713253000035)","Unfall 113695 (2018) Kat:3, Licht: 0","113695","3","6","3","01","10","5","1","0","0","1","0","0"
"POINT (13.384915525000054 52.449847078000062)","Unfall 113705 (2018) Kat:3, Licht: 1","113705","3","6","2","01","15","2","0","1","0","1","0","0"
"POINT (13.433953028000076 52.537165458000061)","Unfall 113716 (2018) Kat:2, Licht: 0","113716","2","4","6","01","08","3","0","0","0","1","1","0"
"POINT (13.283618355000044 52.517403413000068)","Unfall 113735 (2018) Kat:3, Licht: 0","113735","3","6","2","01","11","5","0","0","0","1","0","0"
"POINT (13.352258443000039 52.480046727000058)","Unfall 113746 (2018) Kat:3, Licht: 2","113746","3","2","6","01","06","3","1","2","0","1","1","0"
"POINT (13.562613320000025 52.567059167000082)","Unfall 113756 (2018) Kat:2, Licht: 2","113756","2","5","1","01","03","1","0","2","0","1","0","0"
"POINT (13.380259606000038 52.437694167000075)","Unfall 113779 (2018) Kat:2, Licht: 2","113779","2","2","6","01","20","3","1","2","0","1","1","0"
"POINT (13.365343051000025 52.473024090000081)","Unfall 113798 (2018) Kat:3, Licht: 2","113798","3","6","2","01","19","4","1","2","0","1","0","0"
"POINT (13.311200274000043 52.452035518000059)","Unfall 113809 (2018) Kat:2, Licht: 2","113809","2","4","6","01","18","3","1","2","0","1","1","0"
"POINT (13.579946956000072 52.505078995000076)","Unfall 113820 (2018) Kat:3, Licht: 0","113820","3","2","5","01","15","5","0","0","1","1","0","0"
"POINT (13.510905418000050 52.455813650000039)","Unfall 113844 (2018) Kat:3, Licht: 0","113844","3","2","5","01","08","2","0","0","1","1","0","0"
"POINT (13.311320405000060 52.627620844000035)","Unfall 113855 (2018) Kat:3, Licht: 0","113855","3","2","5","01","06","5","1","0","1","1","0","0"
"POINT (13.385808167000050 52.482260949000079)","Unfall 113873 (2018) Kat:3, Licht: 2","113873","3","6","2","01","22","6","0","2","0","1","0","0"
"POINT (13.467597781000052 52.514352112000040)","Unfall 113883 (2018) Kat:3, Licht: 2","113883","3","2","6","01","20","4","1","2","0","1","1","0"
"POINT (13.410859436000067 52.518544442000064)","Unfall 113906 (2018) Kat:3, Licht: 2","113906","3","7","6","01","23","7","0","2","0","1","1","0"
"POINT (13.562031025000067 52.508437192000031)","Unfall 113917 (2018) Kat:3, Licht: 0","113917","3","6","3","01","09","4","1","0","0","1","0","0"
"POINT (13.385741085000063 52.469472972000062)","Unfall 113960 (2018) Kat:3, Licht: 0","113960","3","2","5","01","13","6","0","0","0","1","0","0"
"POINT (13.374721245000046 52.509266322000030)","Unfall 113971 (2018) Kat:2, Licht: 0","113971","2","4","6","01","08","3","0","0","0","1","1","0"
"POINT (13.457807191000029 52.491620109000053)","Unfall 113989 (2018) Kat:3, Licht: 2","113989","3","4","0","01","17","4","0","2","0","0","1","0"
"POINT (13.473496491000049 52.513762940000049)","Unfall 114000 (2018) Kat:2, Licht: 0","114000","2","4","6","01","09","3","1","0","0","1","1","0"
"POINT (13.345501615000046 52.580818385000043)","Unfall 114011 (2018) Kat:3, Licht: 2","114011","3","3","5","01","06","6","1","2","0","1","0","0"
"POINT (13.214699622000069 52.427531724000062)","Unfall 114017 (2018) Kat:3, Licht: 0","114017","3","2","5","03","13","7","0","0","0","1","0","0"
"POINT (13.415931434000072 52.522199523000040)","Unfall 114018 (2018) Kat:3, Licht: 2","114018","3","6","3","11","18","2","0","2","1","1","0","0"
"POINT (13.352133034000076 52.480103142000075)","Unfall 114019 (2018) Kat:3, Licht: 0","114019","3","2","5","08","19","5","0","0","1","1","0","0"
"POINT (13.394623874000047 52.517317452000043)","Unfall 114021 (2018) Kat:3, Licht: 2","114021","3","5","1","10","22","6","0","2","1","1","0","0"
"POINT (13.429042613000036 52.518427527000028)","Unfall 114022 (2018) Kat:3, Licht: 0","114022","3","6","2","08","16","3","0","0","0","1","0","0"
"POINT (13.465114408000034 52.514754074000052)","Unfall 114023 (2018) Kat:2, Licht: 0","114023","2","6","3","04","19","2","0","0","1","0","0","0"
"POINT (13.438901392000048 52.618416199000080)","Unfall 114024 (2018) Kat:3, Licht: 0","114024","3","6","2","04","16","4","0","0","0","1","0","0"
"POINT (13.556285310000021 52.508827987000075)","Unfall 114025 (2018) Kat:2, Licht: 0","114025","2","3","5","05","14","4","0","0","1","1","0","0"
"POINT (13.387511120000056 52.438981159000036)","Unfall 114026 (2018) Kat:3, Licht: 0","114026","3","3","5","11","08","6","0","0","0","1","0","0"
"POINT (13.157369726000070 52.419252519000054)","Unfall 114027 (2018) Kat:3, Licht: 0","114027","3","3","0","12","09","3","1","0","0","1","0","1"
"POINT (13.387265619000061 52.440164384000070)","Unfall 114028 (2018) Kat:3, Licht: 0","114028","3","6","2","09","14","5","0","0","0","1","0","1"
"POINT (13.288612728000032 52.494079036000073)","Unfall 114029 (2018) Kat:3, Licht: 0","114029","3","6","2","08","07","6","0","0","0","1","0","0"
"POINT (13.375949160000062 52.429860144000031)","Unfall 114030 (2018) Kat:3, Licht: 0","114030","3","6","2","06","11","6","0","0","0","1","0","0"
"POINT (13.453491296000038 52.515024750000066)","Unfall 114031 (2018) Kat:3, Licht: 2","114031","3","1","0","07","22","4","0","2","0","0","0","1"
"POINT (13.365258673000028 52.558079660000033)","Unfall 114032 (2018) Kat:3, Licht: 0","114032","3","3","5","05","07","4","0","0","0","1","0","0"
"POINT (13.432450972000026 52.622531249000076)","Unfall 114033 (2018) Kat:3, Licht: 0","114033","3","3","0","03","18","6","0","0","0","1","0","0"
"POINT (13.447294115000034 52.502595247000045)","Unfall 114034 (2018) Kat:3, Licht: 0","114034","3","7","6","11","14","3","0","0","0","0","1","0"
"POINT (13.442306391000045 52.615378719000034)","Unfall 114035 (2018) Kat:3, Licht: 0","114035","3","1","9","06","11","1","1","0","0","1","0","0"
"POINT (13.302147356000035 52.486610560000031)","Unfall 114036 (2018) Kat:2, Licht: 2","114036","2","1","8","12","23","5","1","2","0","1","0","0"
"POINT (13.330582106000065 52.601225432000035)","Unfall 114037 (2018) Kat:3, Licht: 0","114037","3","7","6","10","16","7","0","0","0","1","1","0"
"POINT (13.447174652000058 52.546780118000072)","Unfall 114038 (2018) Kat:3, Licht: 0","114038","3","6","2","08","17","5","0","0","0","1","0","0"
"POINT (13.360697759000061 52.490886837000062)","Unfall 114039 (2018) Kat:3, Licht: 2","114039","3","6","2","04","21","4","0","2","1","1","0","0"
"POINT (13.361783991000038 52.413642017000029)","Unfall 114040 (2018) Kat:3, Licht: 0","114040","3","2","5","03","17","1","0","0","1","1","0","0"
"POINT (13.467903602000035 52.514321874000075)","Unfall 114041 (2018) Kat:3, Licht: 0","114041","3","6","2","05","14","5","0","0","0","1","0","1"
"POINT (13.364478750000046 52.562244295000028)","Unfall 114042 (2018) Kat:3, Licht: 2","114042","3","6","2","10","06","5","1","2","0","1","0","0"
"POINT (13.453784343000052 52.515764298000079)","Unfall 114043 (2018) Kat:3, Licht: 2","114043","3","2","5","03","20","6","0","2","0","1","0","1"
"POINT (13.394567520000066 52.467337934000057)","Unfall 114044 (2018) Kat:3, Licht: 1","114044","3","6","3","11","06","3","0","1","0","0","0","0"
"POINT (13.365501487000074 52.557971259000055)","Unfall 114045 (2018) Kat:3, Licht: 0","114045","3","3","5","09","09","1","0","0","0","1","0","0"
"POINT (13.386544288000039 52.442086943000049)","Unfall 114046 (2018) Kat:3, Licht: 0","114046","3","3","5","08","17","6","0","0","1","1","0","0"
"POINT (13.364587793000055 52.561623674000032)","Unfall 114047 (2018) Kat:3, Licht: 0","114047","3","6","2","06","12","2","0","0","0","1","0","0"
"POINT (13.586160728000038 52.505028456000048)","Unfall 114048 (2018) Kat:2, Licht: 0","114048","2","6","2","07","13","2","0","0","0","1","0","0"
"POINT (13.271476038000060 52.438270303000081)","Unfall 114049 (2018) Kat:3, Licht: 0","114049","3","2","5","06","10","3","0","0","0","1","0","0"
"POINT (13.589359497000032 52.504984030000060)","Unfall 114050 (2018) Kat:3, Licht: 0","114050","3","1","0","08","10","5","0","0","0","0","0","1"
"POINT (13.446792253000069 52.516605817000027)","Unfall 114051 (2018) Kat:3, Licht: 0","114051","3","4","6","05","18","5","0","0","1","0","1","0"
"POINT (13.432402476000050 52.462178581000046)","Unfall 114052 (2018) Kat:3, Licht: 0","114052","3","6","2","04","06","5","0","0","0","1","0","0"
"POINT (13.365011206000077 52.560540589000027)","Unfall 114053 (2018) Kat:3, Licht: 0","114053","3","2","5","12","08","3","1","0","0","1","0","0"
"POINT (13.489883500000076 52.469987784000068)","Unfall 114054 (2018) Kat:3, Licht: 0","114054","3","6","3","09","12","7","0","0","0","1","0","0"
"POINT (13.405147250000027 52.520076059000075)","Unfall 114055 (2018) Kat:2, Licht: 1","114055","2","1","9","09","04","1","0","1","0","1","0","0"
"POINT (13.368027108000035 52.505740145000061)","Unfall 114056 (2018) Kat:3, Licht: 0","114056","3","1","0","07","09","6","0","0","0","0","0","1"
"POINT (13.453418963000047 52.518109402000050)","Unfall 114057 (2018) Kat:3, Licht: 0","114057","3","1","9","07","15","7","0","0","1","0","0","0"
"POINT (13.411966548000066 52.541040493000082)","Unfall 114058 (2018) Kat:3, Licht: 0","114058","3","6","2","03","08","4","1","0","0","1","0","0"
"POINT (13.448599242000057 52.505028273000050)","Unfall 114059 (2018) Kat:3, Licht: 0","114059","3","6","0","05","18","6","0","0","1","0","1","0"
"POINT (13.361786460000076 52.413644888000078)","Unfall 114060 (2018) Kat:3, Licht: 0","114060","3","3","5","10","13","5","0","0","1","1","0","0"
"POINT (13.453784343000052 52.515764298000079)","Unfall 114061 (2018) Kat:3, Licht: 2","114061","3","2","5","03","20","6","0","2","0","1","0","0"
"POINT (13.401209942000037 52.465041918000054)","Unfall 114062 (2018) Kat:2, Licht: 0","114062","2","6","3","11","12","6","1","0","0","1","0","0"
"POINT (13.386013134000052 52.443968307000034)","Unfall 114063 (2018) Kat:3, Licht: 0","114063","3","2","5","09","13","2","0","0","0","1","0","1"
"POINT (13.152693334000048 52.418850215000077)","Unfall 114064 (2018) Kat:3, Licht: 0","114064","3","6","2","08","18","7","0","0","0","1","0","1"
"POINT (13.404716872000051 52.567802203000042)","Unfall 114065 (2018) Kat:3, Licht: 2","114065","3","1","9","06","22","3","0","2","0","1","0","0"
"POINT (13.411516693000067 52.518651425000030)","Unfall 114066 (2018) Kat:3, Licht: 0","114066","3","2","6","10","16","3","0","0","0","1","1","0"
"POINT (13.454922008000040 52.462400913000067)","Unfall 114067 (2018) Kat:3, Licht: 0","114067","3","6","2","06","13","5","0","0","0","1","0","0"
"POINT (13.458953611000027 52.490858262000074)","Unfall 114068 (2018) Kat:3, Licht: 0","114068","3","2","5","08","15","6","0","0","0","1","0","0"
"POINT (13.407093084000053 52.461916673000076)","Unfall 114069 (2018) Kat:3, Licht: 0","114069","3","7","0","04","10","7","0","0","0","1","0","0"
"POINT (13.487525826000024 52.512489612000081)","Unfall 114070 (2018) Kat:3, Licht: 0","114070","3","6","2","04","19","7","0","0","0","1","0","0"
"POINT (13.436309785000049 52.620020780000061)","Unfall 114071 (2018) Kat:3, Licht: 0","114071","3","6","2","06","12","6","0","0","0","1","0","0"
"POINT (13.424289824000027 52.539278080000031)","Unfall 114072 (2018) Kat:3, Licht: 2","114072","3","7","5","12","18","6","1","2","1","1","0","0"
"POINT (13.422733014000073 52.520234833000075)","Unfall 114073 (2018) Kat:3, Licht: 1","114073","3","3","5","09","17","2","1","1","1","0","0","0"
"POINT (13.373464640000066 52.509165616000075)","Unfall 114074 (2018) Kat:3, Licht: 0","114074","3","6","3","09","18","3","0","0","0","1","0","1"
"POINT (13.265814963000025 52.508968473000039)","Unfall 114075 (2018) Kat:3, Licht: 0","114075","3","5","1","06","15","3","0","0","1","1","0","0"
"POINT (13.280664652000041 52.501753462000067)","Unfall 114076 (2018) Kat:2, Licht: 2","114076","2","7","3","07","23","7","0","2","0","1","0","1"
"POINT (13.391990897000028 52.468606447000070)","Unfall 114077 (2018) Kat:3, Licht: 0","114077","3","6","2","05","12","1","0","0","0","1","0","0"
"POINT (13.387802842000042 52.493291646000046)","Unfall 114078 (2018) Kat:3, Licht: 0","114078","3","6","6","03","08","6","0","0","1","0","1","0"
"POINT (13.448654659000056 52.505118499000048)","Unfall 114079 (2018) Kat:3, Licht: 2","114079","3","7","6","11","19","7","0","2","1","0","1","0"
"POINT (13.293519334000052 52.492406413000026)","Unfall 114081 (2018) Kat:3, Licht: 0","114081","3","6","2","10","13","4","0","0","0","1","0","0"
"POINT (13.385514418000071 52.470091903000082)","Unfall 114082 (2018) Kat:3, Licht: 0","114082","3","2","6","08","16","2","0","0","0","1","1","0"
"POINT (13.281454452000048 52.504537040000059)","Unfall 114083 (2018) Kat:3, Licht: 0","114083","3","6","2","04","17","1","0","0","0","1","0","0"
"POINT (13.402930753000021 52.463934911000081)","Unfall 114084 (2018) Kat:3, Licht: 2","114084","3","1","9","04","01","2","1","2","0","1","0","0"
"POINT (13.488108638000028 52.512429677000057)","Unfall 114085 (2018) Kat:2, Licht: 0","114085","2","6","2","05","10","2","0","0","0","1","0","0"
"POINT (13.391108358000054 52.431939889000034)","Unfall 114086 (2018) Kat:3, Licht: 2","114086","3","2","5","10","21","4","0","2","0","1","0","0"
"POINT (13.364725550000060 52.562090192000028)","Unfall 114087 (2018) Kat:3, Licht: 1","114087","3","3","5","03","17","6","0","1","1","1","0","0"
"POINT (13.411973653000075 52.541138164000074)","Unfall 114088 (2018) Kat:3, Licht: 2","114088","3","4","6","12","05","1","1","2","1","0","1","0"
"POINT (13.365312974000062 52.473037909000027)","Unfall 114089 (2018) Kat:2, Licht: 0","114089","2","1","2","09","18","4","0","0","0","1","0","0"
"POINT (13.423086291000061 52.527527415000066)","Unfall 114090 (2018) Kat:3, Licht: 1","114090","3","6","3","08","20","5","1","1","1","1","0","0"
"POINT (13.191299869000034 52.514185529000031)","Unfall 114091 (2018) Kat:2, Licht: 0","114091","2","4","6","06","12","5","0","0","0","1","1","0"
"POINT (13.368846226000073 52.541193177000082)","Unfall 114092 (2018) Kat:3, Licht: 0","114092","3","7","0","07","16","3","0","0","1","0","0","0"
"POINT (13.385714873000040 52.468187814000032)","Unfall 114093 (2018) Kat:3, Licht: 0","114093","3","6","2","03","16","6","0","0","0","1","0","0"
"POINT (13.281675193000069 52.521688757000049)","Unfall 114094 (2018) Kat:3, Licht: 2","114094","3","6","2","11","17","7","0","2","0","1","0","0"
"POINT (13.413569047000067 52.558608592000041)","Unfall 114095 (2018) Kat:2, Licht: 0","114095","2","2","0","06","16","5","0","0","1","1","0","0"
"POINT (13.554297950000034 52.557565292000049)","Unfall 114096 (2018) Kat:2, Licht: 0","114096","2","6","2","05","12","3","0","0","0","1","0","1"
"POINT (13.360220753000021 52.571809712000061)","Unfall 114097 (2018) Kat:3, Licht: 2","114097","3","6","2","12","20","1","1","2","0","1","0","0"
"POINT (13.313866132000044 52.512158345000046)","Unfall 114098 (2018) Kat:2, Licht: 0","114098","2","6","3","10","14","5","0","0","0","1","0","1"
"POINT (13.398221428000056 52.571013008000079)","Unfall 114099 (2018) Kat:2, Licht: 2","114099","2","1","0","03","19","6","0","2","1","0","0","0"
"POINT (13.389143894000028 52.497994422000033)","Unfall 114100 (2018) Kat:3, Licht: 0","114100","3","3","5","07","15","2","0","0","0","1","0","0"
"POINT (13.300658016000057 52.487439934000065)","Unfall 114101 (2018) Kat:3, Licht: 0","114101","3","6","3","04","10","3","0","0","0","1","0","0"
"POINT (13.271081305000052 52.509277454000028)","Unfall 114102 (2018) Kat:3, Licht: 0","114102","3","2","2","07","15","7","0","0","0","1","0","0"
"POINT (13.170814669000038 52.420794501000046)","Unfall 114103 (2018) Kat:3, Licht: 0","114103","3","3","3","03","13","4","0","0","0","1","0","0"
"POINT (13.466734226000028 52.559306234000076)","Unfall 114104 (2018) Kat:3, Licht: 0","114104","3","1","0","05","17","3","0","0","0","0","0","1"
"POINT (13.146628310000040 52.493896378000045)","Unfall 114105 (2018) Kat:3, Licht: 0","114105","3","6","4","10","13","2","0","0","1","0","0","0"
"POINT (13.286013124000021 52.510937140000067)","Unfall 114106 (2018) Kat:3, Licht: 0","114106","3","6","2","03","08","5","0","0","0","1","0","0"
"POINT (13.461882624000054 52.515074514000048)","Unfall 114107 (2018) Kat:3, Licht: 2","114107","3","6","2","11","17","7","0","2","0","1","0","0"
"POINT (13.364403791000029 52.501595195000050)","Unfall 114108 (2018) Kat:3, Licht: 0","114108","3","6","6","09","17","6","0","0","1","0","1","0"
"POINT (13.432200142000056 52.535267234000059)","Unfall 114109 (2018) Kat:3, Licht: 0","114109","3","2","2","08","18","4","0","0","1","0","0","1"
"POINT (13.359633163000069 52.489579614000036)","Unfall 114110 (2018) Kat:2, Licht: 0","114110","2","6","2","06","14","7","0","0","1","1","0","0"
"POINT (13.456165163000037 52.464606335000042)","Unfall 114111 (2018) Kat:3, Licht: 0","114111","3","6","3","06","14","2","0","0","0","1","0","1"
"POINT (13.340194059000055 52.513758696000082)","Unfall 114112 (2018) Kat:3, Licht: 0","114112","3","6","2","08","09","3","0","0","0","1","0","1"
"POINT (13.476584198000069 52.513450400000067)","Unfall 114113 (2018) Kat:3, Licht: 0","114113","3","6","2","05","11","5","0","0","0","1","0","0"
"POINT (13.414106124000057 52.550749103000044)","Unfall 114114 (2018) Kat:3, Licht: 2","114114","3","4","6","04","20","3","0","2","1","0","1","0"
"POINT (13.413461501000029 52.549070732000075)","Unfall 114115 (2018) Kat:3, Licht: 0","114115","3","6","3","12","09","6","0","0","1","0","0","0"
"POINT (13.448508748000052 52.504880937000053)","Unfall 114116 (2018) Kat:3, Licht: 1","114116","3","4","6","09","18","5","0","1","1","0","1","0"
"POINT (13.273204852000049 52.498797624000076)","Unfall 114117 (2018) Kat:2, Licht: 0","114117","2","6","2","09","14","6","0","0","0","1","0","0"
"POINT (13.610453995000057 52.504790118000074)","Unfall 114118 (2018) Kat:3, Licht: 0","114118","3","2","0","07","16","5","0","0","1","1","0","0"
"POINT (13.453740268000047 52.515938627000082)","Unfall 114119 (2018) Kat:3, Licht: 0","114119","3","2","5","07","09","5","1","0","1","1","0","0"
"POINT (13.382562782000036 52.439387406000037)","Unfall 114120 (2018) Kat:3, Licht: 0","114120","3","2","6","05","10","5","0","0","0","1","1","0"
"POINT (13.412187349000021 52.461014463000026)","Unfall 114121 (2018) Kat:3, Licht: 0","114121","3","1","0","03","07","5","0","0","0","1","0","0"
"POINT (13.436956493000025 52.539736042000072)","Unfall 114122 (2018) Kat:3, Licht: 2","114122","3","3","5","11","06","4","1","2","1","1","0","0"
"POINT (13.553421623000077 52.509344891000069)","Unfall 114123 (2018) Kat:3, Licht: 0","114123","3","2","5","08","13","6","0","0","1","1","0","0"