WKT,Name,OBJECTID,UKATEGORIE,UTYP1,UART,UMONAT,USTUNDE,UWOCHENTAG,STRZUSTAND,ULICHTVERH,ISTRAD,ISTPKW,ISTFUSS,ISTKRAD
"POINT (13.390440856000055 52.618594112000039)","Unfall 114314 (2018) Kat:3, Licht: 0","114314","3","2","5","07","17","2","0","0","0","1","0","1"
"POINT (13.512025715000050 52.454892789000041)","Unfall 114315 (2018) Kat:3, Licht: 0","114315","3","2","3","06","13","3","0","0","1","0","0","0"
"POINT (13.558111318000044 52.562666979000028)","Unfall 114316 (2018) Kat:3, Licht: 0","114316","3","3","5","05","14","6","0","0","1","1","0","0"
"POINT (13.442639281000027 52.544589829000074)","Unfall 114317 (2018) Kat:2, Licht: 0","114317","2","6","3","04","09","5","0","0","1","0","0","0"
"POINT (13.398511337000059 52.579906153000081)","Unfall 114318 (2018) Kat:3, Licht: 2","114318","3","2","6","12","19","3","1","2","0","1","1","0"
"POINT (13.316636179000056 52.614204976000053)","Unfall 114319 (2018) Kat:3, Licht: 0","114319","3","2","5","09","18","7","0","0","1","1","0","0"
"POINT (13.242322134000062 52.507531285000027)","Unfall 114320 (2018) Kat:2, Licht: 0","114320","2","3","5","07","08","7","0","0","0","0","0","1"
"POINT (13.447701814000027 52.526604661000079)","Unfall 114321 (2018) Kat:3, Licht: 0","114321","3","7","6","04","13","1","0","0","0","1","1","0"
"POINT (13.412815255000055 52.519636238000032)","Unfall 114322 (2018) Kat:3, Licht: 0","114322","3","6","3","07","18","2","0","0","1","1","0","0"
"POINT (13.347594159000039 52.476348403000031)","Unfall 114323 (2018) Kat:2, Licht: 0","114323","2","3","5","03","10","5","0","0","0","1","0","0"
"POINT (13.296576352000045 52.490572662000034)","Unfall 114324 (2018) Kat:3, Licht: 0","114324","3","6","2","05","10","7","0","0","0","1","0","1"
"POINT (13.550334053000029 52.509297469000046)","Unfall 114325 (2018) Kat:2, Licht: 0","114325","2","2","5","10","12","6","0","0","1","1","0","0"
"POINT (13.413782727000068 52.550891352000065)","Unfall 114326 (2018) Kat:3, Licht: 0","114326","3","6","2","02","13","1","0","0","0","1","0","0"
"POINT (13.429376680000075 52.518226225000035)","Unfall 114327 (2018) Kat:3, Licht: 2","114327","3","4","6","11","19","7","0","2","0","1","1","0"
"POINT (13.346297649000064 52.579780331000052)","Unfall 114328 (2018) Kat:3, Licht: 0","114328","3","7","0","09","07","3","1","0","0","0","0","1"
"POINT (13.390123141000061 52.517230195000081)","Unfall 114329 (2018) Kat:3, Licht: 2","114329","3","6","3","08","21","1","0","2","0","1","0","1"
"POINT (13.419489432000034 52.525081636000039)","Unfall 114330 (2018) Kat:2, Licht: 0","114330","2","7","0","06","09","4","0","0","1","0","0","0"
"POINT (13.467129564000061 52.514401332000034)","Unfall 114331 (2018) Kat:3, Licht: 2","114331","3","6","2","10","22","4","0","2","0","1","0","1"
"POINT (13.385862782000061 52.486853021000059)","Unfall 114332 (2018) Kat:3, Licht: 2","114332","3","1","1","10","05","1","0","2","0","1","0","0"
"POINT (13.393227360000026 52.428858891000061)","Unfall 114333 (2018) Kat:2, Licht: 2","114333","2","6","2","02","19","1","0","2","0","1","0","1"
"POINT (13.301950131000069 52.486485714000082)","Unfall 114334 (2018) Kat:3, Licht: 1","114334","3","6","2","11","16","5","0","1","0","1","0","0"
"POINT (13.446292149000044 52.527491305000069)","Unfall 114335 (2018) Kat:2, Licht: 0","114335","2","2","5","09","13","2","0","0","1","0","0","1"
"POINT (13.367450432000055 52.515565661000039)","Unfall 114336 (2018) Kat:3, Licht: 2","114336","3","5","1","08","20","7","0","2","0","1","0","0"
"POINT (13.098118691000025 52.413514870000029)","Unfall 114337 (2018) Kat:3, Licht: 0","114337","3","5","1","06","10","3","0","0","1","1","0","0"
"POINT (13.426738106000073 52.519080279000036)","Unfall 114338 (2018) Kat:3, Licht: 0","114338","3","5","1","07","09","2","0","0","1","0","0","0"
"POINT (13.423998780000034 52.528243084000053)","Unfall 114339 (2018) Kat:3, Licht: 0","114339","3","3","5","06","19","4","0","0","1","0","0","1"
"POINT (13.386194949000071 52.443124787000045)","Unfall 114340 (2018) Kat:2, Licht: 0","114340","2","1","0","05","14","1","0","0","0","0","0","1"
"POINT (13.389317687000073 52.497273750000033)","Unfall 114341 (2018) Kat:3, Licht: 2","114341","3","6","3","04","22","6","1","2","0","1","0","0"
"POINT (13.366144000000077 52.416978469000071)","Unfall 114342 (2018) Kat:3, Licht: 0","114342","3","4","6","12","12","5","0","0","0","1","1","0"
"POINT (13.290227392000077 52.510454462000041)","Unfall 114343 (2018) Kat:3, Licht: 0","114343","3","4","6","10","10","2","0","0","1","0","1","0"
"POINT (13.301380126000026 52.511152302000028)","Unfall 114344 (2018) Kat:3, Licht: 1","114344","3","2","5","07","19","7","0","1","1","1","0","0"
"POINT (13.514448264000066 52.453248640000027)","Unfall 114345 (2018) Kat:3, Licht: 0","114345","3","2","5","04","08","2","1","0","1","0","0","0"
"POINT (13.439229275000059 52.517219034000050)","Unfall 114346 (2018) Kat:3, Licht: 0","114346","3","6","2","07","15","3","0","0","0","1","0","0"
"POINT (13.391656855000065 52.430992218000029)","Unfall 114347 (2018) Kat:3, Licht: 2","114347","3","5","1","03","20","7","0","2","0","1","0","0"
"POINT (13.193029167000077 52.513837091000028)","Unfall 114348 (2018) Kat:3, Licht: 0","114348","3","6","2","05","12","1","0","0","0","1","0","0"
"POINT (13.337173301000064 52.478459587000032)","Unfall 114349 (2018) Kat:3, Licht: 1","114349","3","6","2","10","18","6","0","1","0","1","0","0"
"POINT (13.373023412000066 52.509130679000066)","Unfall 114350 (2018) Kat:3, Licht: 0","114350","3","1","8","02","15","7","0","0","0","1","0","0"
"POINT (13.410598011000047 52.523137964000057)","Unfall 114351 (2018) Kat:3, Licht: 2","114351","3","6","3","11","16","1","1","2","1","1","0","0"
"POINT (13.373595525000042 52.470344866000062)","Unfall 114352 (2018) Kat:3, Licht: 0","114352","3","6","2","09","08","4","0","0","0","1","0","0"
"POINT (13.424040982000065 52.528279094000027)","Unfall 114353 (2018) Kat:3, Licht: 0","114353","3","6","2","08","16","2","0","0","1","1","0","0"
"POINT (13.385514698000065 52.470110330000068)","Unfall 114354 (2018) Kat:3, Licht: 0","114354","3","6","0","06","19","4","0","0","0","1","0","1"
"POINT (13.283717796000076 52.507327012000076)","Unfall 114355 (2018) Kat:3, Licht: 0","114355","3","6","2","10","15","4","0","0","0","1","0","1"
"POINT (13.369943436000028 52.540111303000060)","Unfall 114356 (2018) Kat:3, Licht: 0","114356","3","6","2","06","15","6","0","0","0","1","0","0"
"POINT (13.355722275000062 52.514817182000058)","Unfall 114357 (2018) Kat:3, Licht: 0","114357","3","1","0","08","15","7","0","0","1","0","0","0"
"POINT (13.416890857000055 52.522197266000035)","Unfall 114358 (2018) Kat:2, Licht: 0","114358","2","3","5","05","19","3","0","0","1","0","0","0"
"POINT (13.324931037000056 52.606662057000051)","Unfall 114359 (2018) Kat:3, Licht: 0","114359","3","4","6","04","13","2","0","0","0","1","1","0"
"POINT (13.293435003000070 52.536309145000075)","Unfall 114360 (2018) Kat:3, Licht: 2","114360","3","6","2","12","18","3","1","2","0","1","0","0"
"POINT (13.477271189000021 52.513384981000058)","Unfall 114361 (2018) Kat:3, Licht: 0","114361","3","2","6","09","08","3","0","0","0","1","1","0"
"POINT (13.304763010000045 52.484344561000057)","Unfall 114362 (2018) Kat:3, Licht: 0","114362","3","6","2","09","17","4","0","0","0","1","0","0"
"POINT (13.418166614000029 52.523364259000061)","Unfall 114363 (2018) Kat:3, Licht: 0","114363","3","6","2","06","16","4","0","0","1","1","0","0"
"POINT (13.428540291000047 52.570604724000077)","Unfall 114364 (2018) Kat:3, Licht: 0","114364","3","6","2","07","15","2","0","0","0","1","0","0"
"POINT (13.389139295000064 52.498036314000046)","Unfall 114365 (2018) Kat:3, Licht: 0","114365","3","3","5","07","16","3","0","0","1","1","0","0"
"POINT (13.261465391000058 52.508698772000059)","Unfall 114366 (2018) Kat:2, Licht: 0","114366","2","6","2","05","14","3","0","0","0","1","0","0"
"POINT (13.303538982000077 52.511481970000034)","Unfall 114367 (2018) Kat:3, Licht: 0","114367","3","7","6","02","14","7","0","0","0","1","1","0"
"POINT (13.158291026000029 52.501966422000066)","Unfall 114368 (2018) Kat:3, Licht: 0","114368","3","6","0","11","10","2","1","0","0","0","0","0"
"POINT (13.513956969000049 52.510011947000066)","Unfall 114369 (2018) Kat:3, Licht: 0","114369","3","6","2","08","15","5","0","0","0","1","0","0"
"POINT (13.421123391000037 52.526427184000056)","Unfall 114370 (2018) Kat:3, Licht: 0","114370","3","3","5","03","12","2","0","0","1","1","0","0"
"POINT (13.496421434000069 52.465790469000069)","Unfall 114372 (2018) Kat:2, Licht: 2","114372","2","2","5","10","06","6","0","2","0","1","0","0"
"POINT (13.465224472000045 52.486589046000063)","Unfall 114373 (2018) Kat:2, Licht: 0","114373","2","2","5","08","13","3","0","0","1","0","0","0"
"POINT (13.413299118000054 52.548034663000067)","Unfall 114374 (2018) Kat:3, Licht: 0","114374","3","1","0","04","15","2","0","0","1","0","0","0"
"POINT (13.281697163000047 52.509919406000051)","Unfall 114375 (2018) Kat:3, Licht: 0","114375","3","2","5","04","13","4","0","0","0","1","0","0"
"POINT (13.424006426000062 52.539101280000068)","Unfall 114376 (2018) Kat:3, Licht: 0","114376","3","2","5","05","16","3","0","0","1","1","0","0"
"POINT (13.400300897000022 52.569824202000063)","Unfall 114377 (2018) Kat:3, Licht: 0","114377","3","5","1","11","09","6","0","0","0","1","0","1"
"POINT (13.368364420000034 52.506337998000049)","Unfall 114378 (2018) Kat:3, Licht: 0","114378","3","2","2","12","10","2","1","0","1","1","0","0"
"POINT (13.413725281000040 52.550571973000046)","Unfall 114379 (2018) Kat:3, Licht: 0","114379","3","2","5","09","17","5","0","0","1","0","0","0"
"POINT (13.306756027000063 52.479261209000072)","Unfall 114380 (2018) Kat:2, Licht: 0","114380","2","6","3","08","13","6","0","0","0","1","0","0"
"POINT (13.510030152000070 52.456432803000041)","Unfall 114381 (2018) Kat:3, Licht: 0","114381","3","6","3","06","06","6","0","0","1","0","0","0"
"POINT (13.365492185000051 52.558016914000063)","Unfall 114382 (2018) Kat:3, Licht: 0","114382","3","3","5","07","14","4","0","0","0","1","0","1"
"POINT (13.467573270000059 52.514507322000043)","Unfall 114383 (2018) Kat:2, Licht: 0","114383","2","3","5","05","08","4","0","0","1","1","0","0"
"POINT (13.324863863000076 52.512880345000042)","Unfall 114384 (2018) Kat:3, Licht: 0","114384","3","6","2","02","12","7","0","0","0","1","0","0"
"POINT (13.368351159000042 52.541117689000032)","Unfall 114385 (2018) Kat:3, Licht: 2","114385","3","3","5","11","22","2","0","2","0","1","0","0"
"POINT (13.413828923000040 52.551132765000034)","Unfall 114386 (2018) Kat:3, Licht: 0","114386","3","6","2","06","14","1","0","0","0","1","0","0"
"POINT (13.357230232000063 52.486947726000039)","Unfall 114387 (2018) Kat:2, Licht: 2","114387","2","2","6","12","20","5","0","2","0","1","1","0"
"POINT (13.318843664000042 52.512487425000074)","Unfall 114388 (2018) Kat:3, Licht: 0","114388","3","6","3","10","13","7","0","0","0","1","0","1"
"POINT (13.325097600000049 52.512745991000031)","Unfall 114389 (2018) Kat:3, Licht: 0","114389","3","7","5","02","11","7","0","0","0","1","0","0"
"POINT (13.606291269000053 52.504953338000064)","Unfall 114390 (2018) Kat:3, Licht: 0","114390","3","3","5","08","16","4","0","0","1","1","0","0"
"POINT (13.452107233000049 52.511939913000049)","Unfall 114391 (2018) Kat:3, Licht: 2","114391","3","4","6","04","22","4","0","2","1","0","1","0"
"POINT (13.462329358000034 52.514892007000071)","Unfall 114392 (2018) Kat:2, Licht: 0","114392","2","4","6","03","15","6","0","0","0","1","1","0"
"POINT (13.422544218000041 52.520030306000081)","Unfall 114393 (2018) Kat:3, Licht: 0","114393","3","3","5","05","20","4","0","0","1","1","0","0"
"POINT (13.389266237000072 52.497480770000038)","Unfall 114394 (2018) Kat:3, Licht: 0","114394","3","2","2","10","09","4","0","0","1","1","0","0"
"POINT (13.409056238000062 52.563289798000028)","Unfall 114395 (2018) Kat:2, Licht: 0","114395","2","2","5","02","12","7","0","0","1","1","0","0"
"POINT (13.511440648000075 52.510349101000031)","Unfall 114396 (2018) Kat:3, Licht: 2","114396","3","6","2","11","05","3","0","2","0","1","0","0"
"POINT (13.242398532000038 52.507536032000075)","Unfall 114397 (2018) Kat:3, Licht: 0","114397","3","5","1","09","17","7","0","0","1","1","0","0"
"POINT (13.444234928000071 52.545175588000063)","Unfall 114398 (2018) Kat:3, Licht: 0","114398","3","6","3","08","14","6","0","0","0","1","0","0"
"POINT (13.437494813000058 52.534210581000082)","Unfall 114399 (2018) Kat:3, Licht: 2","114399","3","2","6","06","23","1","0","2","0","1","1","0"
"POINT (13.320329177000076 52.512398778000033)","Unfall 114400 (2018) Kat:3, Licht: 0","114400","3","6","2","07","13","1","0","0","1","1","0","0"
"POINT (13.425774203000060 52.542063974000030)","Unfall 114401 (2018) Kat:3, Licht: 0","114401","3","4","6","06","20","3","0","0","1","0","1","0"
"POINT (13.398338306000028 52.571007357000042)","Unfall 114402 (2018) Kat:2, Licht: 0","114402","2","1","0","08","20","4","0","0","0","0","0","1"
"POINT (13.357042409000030 52.486734947000059)","Unfall 114403 (2018) Kat:3, Licht: 0","114403","3","6","3","05","15","5","0","0","1","0","0","0"
"POINT (13.474094369000056 52.513697652000076)","Unfall 114404 (2018) Kat:3, Licht: 0","114404","3","1","0","04","10","5","0","0","0","0","0","1"
"POINT (13.273784337000052 52.438988209000058)","Unfall 114405 (2018) Kat:3, Licht: 2","114405","3","4","6","12","16","2","0","2","0","1","1","0"
"POINT (13.367140221000056 52.504640745000074)","Unfall 114406 (2018) Kat:3, Licht: 0","114406","3","7","5","09","11","7","0","0","1","1","0","0"
"POINT (13.195838247000040 52.422275800000079)","Unfall 114407 (2018) Kat:3, Licht: 0","114407","3","2","2","09","11","7","0","0","0","1","0","0"
"POINT (13.412466435000056 52.542857910000066)","Unfall 114408 (2018) Kat:3, Licht: 0","114408","3","1","0","07","18","6","0","0","1","1","0","0"
"POINT (13.387662981000062 52.510222044000045)","Unfall 114409 (2018) Kat:3, Licht: 2","114409","3","6","3","03","21","3","1","2","1","1","0","0"
"POINT (13.449906110000029 52.516293893000068)","Unfall 114410 (2018) Kat:3, Licht: 2","114410","3","5","1","07","22","6","0","2","1","1","0","0"
"POINT (13.412623918000065 52.541027747000044)","Unfall 114411 (2018) Kat:3, Licht: 0","114411","3","1","0","03","09","4","1","0","0","0","0","1"
"POINT (13.453756179000038 52.515880101000050)","Unfall 114412 (2018) Kat:3, Licht: 0","114412","3","6","3","05","15","6","0","0","0","1","0","1"
"POINT (13.430917340000065 52.534160672000041)","Unfall 114413 (2018) Kat:3, Licht: 0","114413","3","5","1","10","17","5","0","0","1","0","0","0"
"POINT (13.444878608000067 52.545475400000043)","Unfall 114414 (2018) Kat:3, Licht: 2","114414","3","3","5","02","05","7","2","2","0","1","0","0"
"POINT (13.364255406000041 52.501423650000049)","Unfall 114415 (2018) Kat:3, Licht: 2","114415","3","6","2","11","23","6","0","2","0","1","0","0"
"POINT (13.289155957000048 52.510386647000075)","Unfall 114416 (2018) Kat:3, Licht: 0","114416","3","2","0","09","09","2","0","0","1","1","0","0"
"POINT (13.403836113000068 52.568925236000041)","Unfall 114417 (2018) Kat:3, Licht: 0","114417","3","6","2","08","14","7","0","0","1","1","0","0"
"POINT (13.377650955000036 52.433478125000079)","Unfall 114418 (2018) Kat:3, Licht: 0","114418","3","7","6","03","15","1","0","0","0","1","1","0"
"POINT (13.411004630000036 52.518634746000032)","Unfall 114419 (2018) Kat:3, Licht: 0","114419","3","2","5","10","16","3","0","0","0","1","0","1"
"POINT (13.513025780000078 52.454214463000028)","Unfall 114420 (2018) Kat:3, Licht: 2","114420","3","1","8","08","21","5","0","2","0","1","0","0"
"POINT (13.328514199000040 52.513120237000066)","Unfall 114421 (2018) Kat:3, Licht: 0","114421","3","6","3","04","17","7","0","0","0","1","0","1"
"POINT (13.418443268000033 52.523755513000026)","Unfall 114422 (2018) Kat:3, Licht: 0","114422","3","7","5","04","07","7","0","0","0","1","0","0"
"POINT (13.306669079000073 52.483196640000074)","Unfall 114423 (2018) Kat:3, Licht: 0","114423","3","6","3","06","15","6","0","0","0","1","0","0"
"POINT (13.364499295000030 52.501705604000051)","Unfall 114424 (2018) Kat:3, Licht: 2","114424","3","6","2","12","17","6","1","2","0","1","0","0"
"POINT (13.470720150000034 52.514191113000038)","Unfall 114425 (2018) Kat:2, Licht: 0","114425","2","3","5","09","07","2","0","0","1","0","0","1"
"POINT (13.381907180000042 52.509861975000035)","Unfall 114426 (2018) Kat:3, Licht: 0","114426","3","6","2","09","08","3","0","0","1","1","0","0"
"POINT (13.482927298000050 52.581060161000039)","Unfall 114427 (2018) Kat:3, Licht: 0","114427","3","3","5","06","17","3","0","0","0","1","0","1"
"POINT (13.309583021000037 52.535703775000059)","Unfall 114428 (2018) Kat:3, Licht: 0","114428","3","1","8","07","11","7","0","0","0","1","0","0"
"POINT (13.430000942000049 52.537087360000044)","Unfall 114429 (2018) Kat:3, Licht: 0","114429","3","2","2","05","19","1","0","0","1","0","0","0"
"POINT (13.354889837000030 52.478299720000052)","Unfall 114430 (2018) Kat:3, Licht: 0","114430","3","6","2","02","16","6","0","0","0","1","0","0"
"POINT (13.305477237000048 52.571100279000063)","Unfall 114431 (2018) Kat:3, Licht: 2","114431","3","6","2","11","21","6","0","2","0","1","0","0"
"POINT (13.427759267000056 52.537860177000027)","Unfall 114433 (2018) Kat:3, Licht: 0","114433","3","6","2","10","10","4","0","0","0","1","0","0"
"POINT (13.460111463000032 52.515112833000046)","Unfall 114434 (2018) Kat:3, Licht: 0","114434","3","2","5","08","08","2","0","0","0","1","0","0"
"POINT (13.403082754000025 52.463799701000028)","Unfall 114435 (2018) Kat:3, Licht: 2","114435","3","1","8","04","21","1","0","2","0","1","0","0"
"POINT (13.359037018000038 52.573389105000047)","Unfall 114436 (2018) Kat:3, Licht: 2","114436","3","2","5","04","20","2","0","2","0","1","0","0"
"POINT (13.288611352000032 52.510518461000061)","Unfall 114437 (2018) Kat:3, Licht: 0","114437","3","1","0","05","15","2","0","0","1","0","0","0"
"POINT (13.453669570000045 52.514384497000037)","Unfall 114438 (2018) Kat:3, Licht: 1","114438","3","3","5","10","17","3","1","1","1","0","0","0"
"POINT (13.356133946000057 52.473545950000073)","Unfall 114439 (2018) Kat:3, Licht: 0","114439","3","6","2","02","14","6","0","0","0","1","0","0"
"POINT (13.424327577000042 52.539023198000052)","Unfall 114440 (2018) Kat:3, Licht: 0","114440","3","2","5","12","12","7","0","0","1","1","0","0"
"POINT (13.262420392000024 52.508758301000057)","Unfall 114441 (2018) Kat:3, Licht: 0","114441","3","6","2","09","14","4","0","0","0","1","0","0"
"POINT (13.459329538000077 52.550102414000037)","Unfall 114442 (2018) Kat:3, Licht: 2","114442","3","1","0","08","19","5","1","2","0","0","0","1"
"POINT (13.421064585000067 52.520750868000050)","Unfall 114443 (2018) Kat:3, Licht: 0","114443","3","6","3","06","08","5","0","0","0","1","0","1"
"POINT (13.412125804000027 52.543167857000071)","Unfall 114444 (2018) Kat:3, Licht: 0","114444","3","2","5","06","16","5","0","0","1","0","0","0"
"POINT (13.421703641000022 52.526428917000032)","Unfall 114445 (2018) Kat:3, Licht: 0","114445","3","6","0","08","12","6","0","0","0","0","0","1"
"POINT (13.412411941000073 52.519452459000036)","Unfall 114446 (2018) Kat:3, Licht: 0","114446","3","3","5","03","12","2","1","0","1","1","0","0"
"POINT (13.255106291000061 52.435518700000046)","Unfall 114447 (2018) Kat:3, Licht: 0","114447","3","7","1","04","17","2","0","0","0","1","0","0"
"POINT (13.386024927000051 52.488618557000052)","Unfall 114448 (2018) Kat:3, Licht: 0","114448","3","7","0","04","15","1","0","0","1","0","0","0"
"POINT (13.356682180000064 52.514986038000075)","Unfall 114449 (2018) Kat:3, Licht: 1","114449","3","6","2","06","19","6","1","1","0","1","0","0"
"POINT (13.385499643000060 52.466713976000051)","Unfall 114450 (2018) Kat:3, Licht: 2","114450","3","6","2","12","20","1","1","2","0","1","0","0"
"POINT (13.365492185000051 52.558016914000063)","Unfall 114451 (2018) Kat:3, Licht: 0","114451","3","3","5","09","16","2","0","0","0","1","0","0"
"POINT (13.296083330000044 52.541570276000073)","Unfall 114452 (2018) Kat:2, Licht: 0","114452","2","6","2","09","11","3","0","0","0","1","0","0"
"POINT (13.368878427000027 52.507317905000036)","Unfall 114453 (2018) Kat:3, Licht: 0","114453","3","3","5","06","12","4","0","0","0","1","0","0"
"POINT (13.423451966000073 52.528117606000080)","Unfall 114454 (2018) Kat:3, Licht: 0","114454","3","2","5","07","07","2","0","0","1","1","0","0"
"POINT (13.471034847000055 52.514158875000078)","Unfall 114455 (2018) Kat:2, Licht: 0","114455","2","6","3","05","08","2","0","0","1","0","0","0"
"POINT (13.284206345000030 52.509421089000057)","Unfall 114456 (2018) Kat:3, Licht: 0","114456","3","6","3","02","13","6","0","0","0","1","0","0"
"POINT (13.450688765000052 52.463677151000070)","Unfall 114457 (2018) Kat:3, Licht: 2","114457","3","6","2","11","02","1","0","2","0","1","0","0"
"POINT (13.295374178000031 52.491322953000065)","Unfall 114459 (2018) Kat:2, Licht: 2","114459","2","6","2","10","20","4","0","2","0","1","0","0"
"POINT (13.252720386000021 52.611255896000046)","Unfall 114460 (2018) Kat:3, Licht: 2","114460","3","6","0","08","22","2","0","2","0","1","0","1"
"POINT (13.371566672000029 52.515820166000026)","Unfall 114461 (2018) Kat:3, Licht: 0","114461","3","6","0","04","17","1","0","0","0","1","0","1"
"POINT (13.408616377000044 52.461508803000072)","Unfall 114462 (2018) Kat:2, Licht: 0","114462","2","6","2","04","09","3","1","0","0","1","0","0"
"POINT (13.498493547000066 52.433688262000032)","Unfall 114463 (2018) Kat:3, Licht: 0","114463","3","6","2","05","08","2","0","0","0","1","0","0"
"POINT (13.329123154000058 52.513160246000041)","Unfall 114464 (2018) Kat:3, Licht: 0","114464","3","3","5","10","08","4","0","0","0","1","0","0"
"POINT (13.176060942000049 52.514671709000027)","Unfall 114465 (2018) Kat:3, Licht: 0","114465","3","4","6","02","09","6","0","0","0","1","1","0"
"POINT (13.357944402000044 52.407396279000068)","Unfall 114466 (2018) Kat:3, Licht: 0","114466","3","6","2","12","08","2","1","0","0","1","0","0"
"POINT (13.428477928000063 52.547105946000045)","Unfall 114467 (2018) Kat:3, Licht: 0","114467","3","2","0","09","17","4","0","0","1","1","0","0"
"POINT (13.469122587000072 52.563062980000041)","Unfall 114468 (2018) Kat:3, Licht: 0","114468","3","6","2","08","11","5","1","0","0","1","0","0"
"POINT (13.328256691000036 52.477929275000065)","Unfall 114469 (2018) Kat:3, Licht: 0","114469","3","6","2","06","15","5","0","0","0","1","0","0"
"POINT (13.371495824000021 52.510475862000078)","Unfall 114470 (2018) Kat:3, Licht: 0","114470","3","6","3","07","12","4","0","0","0","1","0","1"
"POINT (13.590883789000031 52.505089637000026)","Unfall 114471 (2018) Kat:3, Licht: 0","114471","3","6","2","02","13","6","0","0","0","1","0","0"
"POINT (13.470793781000054 52.514036529000066)","Unfall 114472 (2018) Kat:1, Licht: 2","114472","1","4","6","11","03","1","0","2","0","1","1","0"
"POINT (13.402363323000031 52.412125727000046)","Unfall 114473 (2018) Kat:3, Licht: 0","114473","3","4","6","06","13","6","0","0","0","0","1","0"
"POINT (13.395342675000052 52.467160383000078)","Unfall 114474 (2018) Kat:3, Licht: 0","114474","3","6","2","05","09","3","0","0","0","1","0","0"
"POINT (13.444916273000047 52.545493384000054)","Unfall 114475 (2018) Kat:2, Licht: 2","114475","2","2","5","12","18","3","1","2","0","1","0","0"
"POINT (13.448596875000021 52.505024418000062)","Unfall 114476 (2018) Kat:3, Licht: 2","114476","3","4","6","10","20","5","0","2","1","0","1","0"
"POINT (13.260541807000038 52.434989302000076)","Unfall 114477 (2018) Kat:3, Licht: 0","114477","3","4","6","02","16","6","0","0","0","1","1","0"
"POINT (13.413872856000069 52.549419874000080)","Unfall 114478 (2018) Kat:3, Licht: 0","114478","3","4","6","07","16","2","0","0","1","0","1","0"
"POINT (13.339739578000035 52.513728528000058)","Unfall 114479 (2018) Kat:3, Licht: 0","114479","3","6","2","04","11","4","0","0","0","1","0","0"
"POINT (13.371956440000076 52.505195264000065)","Unfall 114480 (2018) Kat:2, Licht: 2","114480","2","3","5","07","21","1","0","2","0","1","0","0"
"POINT (13.386427606000041 52.490325963000032)","Unfall 114481 (2018) Kat:3, Licht: 2","114481","3","7","6","03","17","5","1","2","1","0","1","0"
"POINT (13.461036144000047 52.515020771000081)","Unfall 114482 (2018) Kat:3, Licht: 0","114482","3","6","3","05","16","4","0","0","1","1","0","0"
"POINT (13.376709237000057 52.431470619000038)","Unfall 114483 (2018) Kat:3, Licht: 0","114483","3","2","5","10","14","3","1","0","0","1","0","0"
"POINT (13.316433146000065 52.617066150000028)","Unfall 114484 (2018) Kat:3, Licht: 0","114484","3","2","6","02","08","5","1","0","0","1","1","0"
"POINT (13.231679870000050 52.506872354000052)","Unfall 114485 (2018) Kat:3, Licht: 2","114485","3","2","5","11","22","1","0","2","0","1","0","0"
"POINT (13.454210554000042 52.515867854000078)","Unfall 114486 (2018) Kat:3, Licht: 0","114486","3","2","5","09","17","6","0","0","1","1","0","0"
"POINT (13.368479908000040 52.541022854000062)","Unfall 114487 (2018) Kat:3, Licht: 2","114487","3","2","5","08","21","5","0","2","1","1","0","0"
"POINT (13.454210554000042 52.515867854000078)","Unfall 114488 (2018) Kat:3, Licht: 0","114488","3","2","5","06","10","7","0","0","1","1","0","0"
"POINT (13.359528467000075 52.489464423000072)","Unfall 114489 (2018) Kat:3, Licht: 0","114489","3","6","2","06","16","7","0","0","0","1","0","0"
"POINT (13.444126898000036 52.545406572000047)","Unfall 114490 (2018) Kat:3, Licht: 0","114490","3","6","2","06","15","2","0","0","0","0","0","1"
"POINT (13.447726363000072 52.503787793000072)","Unfall 114491 (2018) Kat:3, Licht: 0","114491","3","6","2","08","15","4","0","0","0","1","0","0"
"POINT (13.393121533000055 52.428435488000048)","Unfall 114492 (2018) Kat:2, Licht: 0","114492","2","6","6","05","09","5","0","0","1","0","1","0"
"POINT (13.495100346000072 52.511577405000082)","Unfall 114493 (2018) Kat:3, Licht: 0","114493","3","6","3","04","17","4","0","0","1","1","0","0"
"POINT (13.552336587000070 52.509125840000081)","Unfall 114494 (2018) Kat:3, Licht: 2","114494","3","6","2","12","20","6","0","2","0","1","0","0"
"POINT (13.361825216000057 52.568425614000034)","Unfall 114495 (2018) Kat:3, Licht: 0","114495","3","2","5","09","08","6","0","0","1","1","0","0"
"POINT (13.278482325000027 52.509877247000077)","Unfall 114496 (2018) Kat:3, Licht: 1","114496","3","7","6","09","19","6","0","1","1","0","1","0"
"POINT (13.272837251000055 52.603413024000076)","Unfall 114497 (2018) Kat:3, Licht: 0","114497","3","6","2","07","14","5","0","0","0","1","0","1"
"POINT (13.283122845000037 52.518877913000040)","Unfall 114498 (2018) Kat:3, Licht: 0","114498","3","6","2","03","15","2","0","0","0","1","0","0"
"POINT (13.404281030000050 52.512914676000037)","Unfall 114499 (2018) Kat:3, Licht: 0","114499","3","6","2","07","16","5","1","0","0","1","0","0"
"POINT (13.280007278000028 52.501524161000077)","Unfall 114500 (2018) Kat:3, Licht: 0","114500","3","6","2","03","17","2","0","0","0","1","0","0"
"POINT (13.288940217000061 52.532781229000079)","Unfall 114501 (2018) Kat:3, Licht: 0","114501","3","6","3","05","14","5","0","0","0","1","0","1"
"POINT (13.255937272000040 52.609993050000071)","Unfall 114502 (2018) Kat:3, Licht: 0","114502","3","6","2","02","08","5","0","0","0","1","0","0"