WKT,Name,OBJECTID,UKATEGORIE,UTYP1,UART,UMONAT,USTUNDE,UWOCHENTAG,STRZUSTAND,ULICHTVERH,ISTRAD,ISTPKW,ISTFUSS,ISTKRAD
"POINT (13.459466131000056 52.456819736000057)","Unfall 114503 (2018) Kat:2, Licht: 2","114503","2","6","2","11","21","4","0","2","0","1","0","0"
"POINT (13.436959185000035 52.539738415000045)","Unfall 114504 (2018) Kat:3, Licht: 0","114504","3","3","5","09","09","1","0","0","1","1","0","0"
"POINT (13.419917939000072 52.524932000000035)","Unfall 114505 (2018) Kat:3, Licht: 0","114505","3","1","9","08","10","7","1","0","0","0","0","1"
"POINT (13.445662786000071 52.614398594000079)","Unfall 114507 (2018) Kat:3, Licht: 0","114507","3","6","2","10","16","2","0","0","0","1","0","0"
"POINT (13.448329309000030 52.504625224000051)","Unfall 114508 (2018) Kat:3, Licht: 2","114508","3","6","6","08","03","5","0","2","1","0","1","0"
"POINT (13.419483265000054 52.521239929000046)","Unfall 114509 (2018) Kat:3, Licht: 0","114509","3","6","3","04","10","6","0","0","0","1","0","1"
"POINT (13.381774521000068 52.469830992000027)","Unfall 114510 (2018) Kat:2, Licht: 0","114510","2","1","8","04","15","6","0","0","0","1","0","0"
"POINT (13.411523309000074 52.523488344000043)","Unfall 114511 (2018) Kat:3, Licht: 0","114511","3","6","3","05","17","5","0","0","0","1","0","0"
"POINT (13.374502123000070 52.502583879000042)","Unfall 114512 (2018) Kat:3, Licht: 2","114512","3","6","2","12","19","5","1","2","0","1","0","0"
"POINT (13.473345242000050 52.481590691000065)","Unfall 114513 (2018) Kat:3, Licht: 2","114513","3","1","9","09","03","1","1","2","0","1","0","0"
"POINT (13.403799068000069 52.568972258000031)","Unfall 114514 (2018) Kat:3, Licht: 0","114514","3","6","3","09","16","3","0","0","0","0","0","1"
"POINT (13.562245968000070 52.508532551000030)","Unfall 114515 (2018) Kat:2, Licht: 0","114515","2","6","3","06","10","2","0","0","0","1","0","1"
"POINT (13.416384431000040 52.522004399000082)","Unfall 114516 (2018) Kat:3, Licht: 0","114516","3","2","5","07","16","6","0","0","1","1","0","0"
"POINT (13.381699078000054 52.509848526000042)","Unfall 114517 (2018) Kat:3, Licht: 0","114517","3","5","1","05","13","7","0","0","1","1","0","0"
"POINT (13.467579332000071 52.560821896000050)","Unfall 114518 (2018) Kat:3, Licht: 0","114518","3","6","2","02","15","5","0","0","0","1","0","0"
"POINT (13.470125294000070 52.514251534000039)","Unfall 114519 (2018) Kat:3, Licht: 0","114519","3","6","2","11","15","6","0","0","0","1","0","0"
"POINT (13.357413340000051 52.487418096000056)","Unfall 114521 (2018) Kat:3, Licht: 0","114521","3","5","1","10","15","3","0","0","0","1","0","1"
"POINT (13.283931247000055 52.496314236000046)","Unfall 114522 (2018) Kat:3, Licht: 0","114522","3","6","2","08","13","1","0","0","0","1","0","0"
"POINT (13.285909953000044 52.510687582000060)","Unfall 114523 (2018) Kat:3, Licht: 0","114523","3","6","3","04","19","7","0","0","0","1","0","0"
"POINT (13.398511337000059 52.579906153000081)","Unfall 114524 (2018) Kat:3, Licht: 0","114524","3","1","0","03","17","7","1","0","0","1","0","0"
"POINT (13.457697495000048 52.491693004000069)","Unfall 114525 (2018) Kat:2, Licht: 2","114525","2","3","5","05","03","1","0","2","1","1","0","0"
"POINT (13.369742162000023 52.542561465000063)","Unfall 114526 (2018) Kat:3, Licht: 0","114526","3","7","6","10","11","3","0","0","0","1","1","0"
"POINT (13.320652980000034 52.512699464000036)","Unfall 114527 (2018) Kat:3, Licht: 0","114527","3","2","3","02","15","5","0","0","0","1","0","0"
"POINT (13.609858558000042 52.504795253000054)","Unfall 114528 (2018) Kat:3, Licht: 2","114528","3","6","2","11","19","6","1","2","0","1","0","0"
"POINT (13.388945819000071 52.494773068000029)","Unfall 114529 (2018) Kat:3, Licht: 1","114529","3","6","3","09","18","3","0","1","0","1","0","1"
"POINT (13.345518671000036 52.580797224000037)","Unfall 114530 (2018) Kat:3, Licht: 0","114530","3","2","5","08","08","4","0","0","0","1","0","0"
"POINT (13.482891739000024 52.512823420000075)","Unfall 114531 (2018) Kat:2, Licht: 0","114531","2","1","0","06","15","4","0","0","0","0","0","1"
"POINT (13.195421882000062 52.421359872000039)","Unfall 114532 (2018) Kat:3, Licht: 0","114532","3","2","2","07","13","3","0","0","0","1","0","0"
"POINT (13.422514091000039 52.520039626000028)","Unfall 114533 (2018) Kat:3, Licht: 2","114533","3","3","5","06","00","4","0","2","1","1","0","0"
"POINT (13.312589761000027 52.564564325000049)","Unfall 114534 (2018) Kat:2, Licht: 0","114534","2","6","0","05","11","2","0","0","0","1","0","1"
"POINT (13.279995900000074 52.500590286000033)","Unfall 114535 (2018) Kat:3, Licht: 0","114535","3","6","3","04","15","7","0","0","0","1","0","0"
"POINT (13.411966548000066 52.541040493000082)","Unfall 114536 (2018) Kat:3, Licht: 2","114536","3","2","5","12","18","7","1","2","1","0","0","0"
"POINT (13.385761915000046 52.470063958000026)","Unfall 114537 (2018) Kat:3, Licht: 2","114537","3","6","2","10","06","3","0","2","0","1","0","0"
"POINT (13.193238838000070 52.434588796000071)","Unfall 114538 (2018) Kat:3, Licht: 2","114538","3","7","0","02","05","4","0","2","0","1","0","0"
"POINT (13.332817562000059 52.513239683000052)","Unfall 114539 (2018) Kat:3, Licht: 0","114539","3","6","3","07","08","2","0","0","1","1","0","0"
"POINT (13.294434983000031 52.491872862000037)","Unfall 114540 (2018) Kat:3, Licht: 0","114540","3","6","2","04","12","3","0","0","0","1","0","0"
"POINT (13.369199438000066 52.548448750000034)","Unfall 114541 (2018) Kat:2, Licht: 0","114541","2","4","6","07","14","5","0","0","1","0","1","0"
"POINT (13.461438283000064 52.454149302000076)","Unfall 114542 (2018) Kat:3, Licht: 0","114542","3","6","2","03","09","3","1","0","0","1","0","0"
"POINT (13.301980764000064 52.534477522000032)","Unfall 114543 (2018) Kat:3, Licht: 0","114543","3","6","3","05","08","3","0","0","0","1","0","0"
"POINT (13.384317969000051 52.452962607000075)","Unfall 114544 (2018) Kat:3, Licht: 2","114544","3","6","2","10","06","2","0","2","0","1","0","0"
"POINT (13.262411041000064 52.508757718000027)","Unfall 114545 (2018) Kat:2, Licht: 2","114545","2","4","6","02","19","4","0","2","0","0","1","1"
"POINT (13.408797456000059 52.516430452000066)","Unfall 114546 (2018) Kat:3, Licht: 2","114546","3","4","6","11","19","4","1","2","1","0","1","0"
"POINT (13.413141211000038 52.546098909000079)","Unfall 114547 (2018) Kat:3, Licht: 2","114547","3","6","3","09","19","5","1","2","1","0","0","0"
"POINT (13.414638334000074 52.540772409000056)","Unfall 114548 (2018) Kat:3, Licht: 0","114548","3","3","5","08","16","3","0","0","1","0","0","0"
"POINT (13.341930573000070 52.585469618000047)","Unfall 114549 (2018) Kat:3, Licht: 0","114549","3","2","5","06","11","6","0","0","0","1","0","0"
"POINT (13.426188788000047 52.538671535000049)","Unfall 114550 (2018) Kat:3, Licht: 0","114550","3","5","1","06","06","7","0","0","0","1","0","1"
"POINT (13.310411508000072 52.565185978000045)","Unfall 114551 (2018) Kat:3, Licht: 0","114551","3","6","2","08","17","2","0","0","0","1","0","0"
"POINT (13.399584268000069 52.417642794000074)","Unfall 114552 (2018) Kat:3, Licht: 0","114552","3","4","6","05","12","4","0","0","1","0","1","0"
"POINT (13.496378772000071 52.465591940000081)","Unfall 114553 (2018) Kat:2, Licht: 0","114553","2","6","2","04","15","3","0","0","0","1","0","0"
"POINT (13.376917474000038 52.501937868000027)","Unfall 114554 (2018) Kat:3, Licht: 0","114554","3","2","6","07","18","3","0","0","0","1","1","0"
"POINT (13.433093733000021 52.536032106000050)","Unfall 114555 (2018) Kat:3, Licht: 0","114555","3","6","2","02","11","4","0","0","0","1","0","0"
"POINT (13.359743064000043 52.489700530000050)","Unfall 114556 (2018) Kat:3, Licht: 0","114556","3","5","1","11","09","7","0","0","1","0","0","0"
"POINT (13.467188760000056 52.553098569000042)","Unfall 114557 (2018) Kat:3, Licht: 0","114557","3","6","0","06","13","5","1","0","0","1","0","1"
"POINT (13.504198272000053 52.510675590000062)","Unfall 114558 (2018) Kat:3, Licht: 0","114558","3","6","2","05","16","3","0","0","0","1","0","0"
"POINT (13.365034236000042 52.559243790000039)","Unfall 114559 (2018) Kat:3, Licht: 0","114559","3","6","2","12","13","1","1","0","0","1","0","0"
"POINT (13.453623113000049 52.515316645000041)","Unfall 114560 (2018) Kat:3, Licht: 2","114560","3","1","0","10","05","4","1","2","0","0","0","1"
"POINT (13.385171259000060 52.448473153000066)","Unfall 114561 (2018) Kat:3, Licht: 0","114561","3","6","2","02","16","4","0","0","0","1","0","0"
"POINT (13.429441977000067 52.533277560000045)","Unfall 114562 (2018) Kat:3, Licht: 0","114562","3","6","3","07","20","2","0","0","1","0","0","0"
"POINT (13.408935127000063 52.516992397000081)","Unfall 114563 (2018) Kat:3, Licht: 0","114563","3","2","5","04","05","3","0","0","0","1","0","1"
"POINT (13.562674223000045 52.508228489000032)","Unfall 114564 (2018) Kat:3, Licht: 0","114564","3","6","3","07","13","6","0","0","0","1","0","0"
"POINT (13.399957928000049 52.511185795000074)","Unfall 114565 (2018) Kat:3, Licht: 0","114565","3","6","0","03","15","4","0","0","0","1","0","0"
"POINT (13.373770434000050 52.509386308000046)","Unfall 114566 (2018) Kat:3, Licht: 0","114566","3","6","2","05","15","3","0","0","0","1","0","0"
"POINT (13.368487355000070 52.506544458000064)","Unfall 114567 (2018) Kat:3, Licht: 1","114567","3","6","2","10","17","2","1","1","0","1","0","0"
"POINT (13.464929281000025 52.486784924000062)","Unfall 114568 (2018) Kat:2, Licht: 0","114568","2","1","9","02","14","4","0","0","0","1","0","0"
"POINT (13.447440842000049 52.503445736000060)","Unfall 114569 (2018) Kat:2, Licht: 2","114569","2","6","3","11","18","6","0","2","1","0","0","0"
"POINT (13.341506620000075 52.586029357000029)","Unfall 114570 (2018) Kat:3, Licht: 0","114570","3","3","0","09","15","6","0","0","1","0","0","0"
"POINT (13.504985938000061 52.510612960000060)","Unfall 114571 (2018) Kat:2, Licht: 0","114571","2","2","5","08","11","4","0","0","1","1","0","0"
"POINT (13.408514017000073 52.516606458000069)","Unfall 114572 (2018) Kat:3, Licht: 0","114572","3","6","3","06","04","7","0","0","1","0","0","0"
"POINT (13.453786448000074 52.517062149000026)","Unfall 114573 (2018) Kat:3, Licht: 0","114573","3","7","0","06","17","1","0","0","1","0","0","0"
"POINT (13.361936412000034 52.413627725000026)","Unfall 114574 (2018) Kat:3, Licht: 0","114574","3","2","5","08","06","3","0","0","1","1","0","0"
"POINT (13.285329052000066 52.509714148000057)","Unfall 114575 (2018) Kat:3, Licht: 0","114575","3","6","2","05","14","5","0","0","0","1","0","0"
"POINT (13.613466119000066 52.504764101000035)","Unfall 114576 (2018) Kat:2, Licht: 1","114576","2","2","5","04","06","3","0","1","0","1","0","1"
"POINT (13.284092142000077 52.496101572000043)","Unfall 114577 (2018) Kat:3, Licht: 1","114577","3","6","2","12","17","5","1","1","0","1","0","0"
"POINT (13.420070506000059 52.525595835000047)","Unfall 114578 (2018) Kat:3, Licht: 0","114578","3","4","6","09","14","5","0","0","0","0","1","1"
"POINT (13.196077320000029 52.418227209000065)","Unfall 114579 (2018) Kat:3, Licht: 0","114579","3","6","2","09","08","6","1","0","0","1","0","0"
"POINT (13.412650515000053 52.544185409000079)","Unfall 114580 (2018) Kat:3, Licht: 2","114580","3","6","3","07","03","4","0","2","0","1","0","1"
"POINT (13.408935466000059 52.516992708000032)","Unfall 114581 (2018) Kat:3, Licht: 0","114581","3","3","5","07","14","4","0","0","1","1","0","0"
"POINT (13.453739636000023 52.515940438000030)","Unfall 114582 (2018) Kat:3, Licht: 0","114582","3","2","5","05","18","5","0","0","1","1","0","0"
"POINT (13.424749405000057 52.539158457000042)","Unfall 114583 (2018) Kat:3, Licht: 0","114583","3","6","3","02","13","3","0","0","0","1","0","0"
"POINT (13.463682092000056 52.487615980000044)","Unfall 114584 (2018) Kat:3, Licht: 2","114584","3","7","6","11","18","3","1","2","1","0","1","0"
"POINT (13.454229767000072 52.515787908000050)","Unfall 114585 (2018) Kat:3, Licht: 0","114585","3","6","2","08","07","6","0","0","0","1","0","1"
"POINT (13.412015191000023 52.541709145000027)","Unfall 114587 (2018) Kat:3, Licht: 0","114587","3","6","2","10","07","2","0","0","0","1","0","0"
"POINT (13.399757555000065 52.517745320000074)","Unfall 114588 (2018) Kat:3, Licht: 2","114588","3","6","3","08","23","4","0","2","1","1","0","0"
"POINT (13.261167108000052 52.435023396000076)","Unfall 114589 (2018) Kat:3, Licht: 0","114589","3","6","2","04","19","5","0","0","0","1","0","0"
"POINT (13.305031058000054 52.484109936000038)","Unfall 114590 (2018) Kat:3, Licht: 0","114590","3","6","2","04","17","6","0","0","0","1","0","0"
"POINT (13.376370280000060 52.430758743000069)","Unfall 114591 (2018) Kat:2, Licht: 0","114591","2","6","2","05","11","5","0","0","0","1","0","1"
"POINT (13.271569911000029 52.438299343000040)","Unfall 114592 (2018) Kat:3, Licht: 0","114592","3","6","6","12","12","5","0","0","1","0","1","0"
"POINT (13.364762968000036 52.502010425000037)","Unfall 114593 (2018) Kat:2, Licht: 2","114593","2","4","6","09","19","6","1","2","0","0","1","0"
"POINT (13.476431474000037 52.568119406000051)","Unfall 114594 (2018) Kat:3, Licht: 0","114594","3","3","5","09","12","2","0","0","1","1","0","0"
"POINT (13.413550200000032 52.558629068000073)","Unfall 114595 (2018) Kat:2, Licht: 0","114595","2","6","3","06","16","7","0","0","1","1","0","0"
"POINT (13.504480983000064 52.510652557000071)","Unfall 114596 (2018) Kat:3, Licht: 0","114596","3","2","5","07","10","5","0","0","1","0","0","0"
"POINT (13.360891365000043 52.492298658000038)","Unfall 114597 (2018) Kat:2, Licht: 1","114597","2","4","6","05","20","5","0","1","0","1","1","0"
"POINT (13.470525715000065 52.514063025000041)","Unfall 114598 (2018) Kat:3, Licht: 0","114598","3","4","6","02","15","3","0","0","0","1","1","0"
"POINT (13.370428424000067 52.539910424000027)","Unfall 114599 (2018) Kat:3, Licht: 1","114599","3","2","5","11","16","4","0","1","0","1","0","0"
"POINT (13.283111839000071 52.518901994000032)","Unfall 114601 (2018) Kat:3, Licht: 0","114601","3","6","2","10","18","3","0","0","0","0","0","1"
"POINT (13.424319230000037 52.539026049000029)","Unfall 114602 (2018) Kat:3, Licht: 2","114602","3","3","0","08","03","1","0","2","1","1","0","0"
"POINT (13.472942245000070 52.566566310000042)","Unfall 114603 (2018) Kat:2, Licht: 2","114603","2","1","9","04","04","7","0","2","0","1","0","0"
"POINT (13.359860310000045 52.474201575000052)","Unfall 114604 (2018) Kat:3, Licht: 0","114604","3","6","2","03","12","5","1","0","0","1","0","0"
"POINT (13.389245903000074 52.497560427000053)","Unfall 114605 (2018) Kat:3, Licht: 2","114605","3","3","0","05","22","6","0","2","0","0","0","1"
"POINT (13.473789730000021 52.513872362000029)","Unfall 114606 (2018) Kat:3, Licht: 1","114606","3","6","2","10","18","2","1","1","1","1","0","0"
"POINT (13.349123033000069 52.574204444000031)","Unfall 114607 (2018) Kat:3, Licht: 2","114607","3","5","1","02","19","3","0","2","0","1","0","0"
"POINT (13.405982483000059 52.462040811000065)","Unfall 114608 (2018) Kat:3, Licht: 2","114608","3","7","2","11","23","5","0","2","0","1","0","0"
"POINT (13.453332535000072 52.513621001000047)","Unfall 114609 (2018) Kat:3, Licht: 0","114609","3","1","0","09","15","3","0","0","1","0","0","0"
"POINT (13.453692828000044 52.517310196000039)","Unfall 114610 (2018) Kat:3, Licht: 2","114610","3","5","1","08","20","3","0","2","1","1","0","0"
"POINT (13.305147026000043 52.511399297000082)","Unfall 114611 (2018) Kat:2, Licht: 0","114611","2","2","5","06","12","3","0","0","1","1","0","0"
"POINT (13.385614067000063 52.446950048000076)","Unfall 114612 (2018) Kat:3, Licht: 0","114612","3","6","2","07","09","3","0","0","0","1","0","0"
"POINT (13.517237607000027 52.427690448000078)","Unfall 114613 (2018) Kat:3, Licht: 0","114613","3","6","2","06","16","4","0","0","0","1","0","0"
"POINT (13.376758834000043 52.501017442000034)","Unfall 114614 (2018) Kat:3, Licht: 0","114614","3","1","1","05","13","1","0","0","0","1","0","0"
"POINT (13.413028253000050 52.545674702000042)","Unfall 114615 (2018) Kat:3, Licht: 2","114615","3","4","6","04","22","6","1","2","1","0","1","0"
"POINT (13.467211198000030 52.514392501000032)","Unfall 114616 (2018) Kat:3, Licht: 0","114616","3","3","5","12","13","6","1","0","1","1","0","0"
"POINT (13.350298453000050 52.474499793000064)","Unfall 114617 (2018) Kat:2, Licht: 1","114617","2","6","3","10","06","3","0","1","0","1","0","0"
"POINT (13.448953020000033 52.547515879000059)","Unfall 114618 (2018) Kat:3, Licht: 0","114618","3","5","1","07","11","1","0","0","1","1","0","0"
"POINT (13.355347973000050 52.485579904000076)","Unfall 114619 (2018) Kat:3, Licht: 0","114619","3","5","1","04","15","2","1","0","1","1","0","0"
"POINT (13.412824074000071 52.544881857000064)","Unfall 114620 (2018) Kat:2, Licht: 0","114620","2","5","1","07","16","4","0","0","1","0","0","0"
"POINT (13.402518825000072 52.592214624000064)","Unfall 114621 (2018) Kat:3, Licht: 0","114621","3","3","5","03","16","2","0","0","1","1","0","0"
"POINT (13.450582547000067 52.521793351000042)","Unfall 114622 (2018) Kat:3, Licht: 1","114622","3","6","2","05","19","1","0","1","0","1","0","0"
"POINT (13.234224819000076 52.467184078000059)","Unfall 114623 (2018) Kat:2, Licht: 2","114623","2","1","0","10","18","1","0","2","0","0","0","1"
"POINT (13.451750720000064 52.510090716000036)","Unfall 114624 (2018) Kat:3, Licht: 0","114624","3","6","1","02","14","3","0","0","0","1","0","0"
"POINT (13.281810066000048 52.510092645000043)","Unfall 114625 (2018) Kat:3, Licht: 0","114625","3","2","5","11","09","2","0","0","0","1","0","0"
"POINT (13.376857180000059 52.500870569000028)","Unfall 114626 (2018) Kat:3, Licht: 0","114626","3","6","3","09","19","4","0","0","0","1","0","1"
"POINT (13.362584306000031 52.413703276000035)","Unfall 114627 (2018) Kat:3, Licht: 0","114627","3","6","2","08","07","3","0","0","0","0","0","1"
"POINT (13.323899721000032 52.607781950000060)","Unfall 114628 (2018) Kat:3, Licht: 2","114628","3","2","6","03","20","2","1","2","0","1","1","0"
"POINT (13.493048051000073 52.468067042000030)","Unfall 114629 (2018) Kat:3, Licht: 0","114629","3","6","2","06","07","5","0","0","0","1","0","1"
"POINT (13.461582426000064 52.515105493000078)","Unfall 114630 (2018) Kat:3, Licht: 0","114630","3","4","6","03","17","3","1","0","0","1","1","0"
"POINT (13.484792966000043 52.512765458000047)","Unfall 114631 (2018) Kat:3, Licht: 0","114631","3","6","2","06","16","6","0","0","0","1","0","0"
"POINT (13.356981942000061 52.573309816000062)","Unfall 114632 (2018) Kat:2, Licht: 0","114632","2","7","1","08","11","1","0","0","0","1","0","0"
"POINT (13.376178756000058 52.430356493000033)","Unfall 114633 (2018) Kat:3, Licht: 0","114633","3","6","2","05","09","4","0","0","0","1","0","0"
"POINT (13.309717338000041 52.481863131000068)","Unfall 114634 (2018) Kat:2, Licht: 0","114634","2","1","2","04","16","2","0","0","0","1","0","0"
"POINT (13.300088267000035 52.447920335000049)","Unfall 114635 (2018) Kat:3, Licht: 1","114635","3","1","0","12","07","3","1","1","1","0","0","0"
"POINT (13.483391973000039 52.577345131000072)","Unfall 114636 (2018) Kat:3, Licht: 0","114636","3","2","5","09","11","3","0","0","1","0","0","0"
"POINT (13.396347054000046 52.423362306000058)","Unfall 114637 (2018) Kat:3, Licht: 2","114637","3","2","5","09","22","4","0","2","0","1","0","0"
"POINT (13.479437377000067 52.484498644000041)","Unfall 114638 (2018) Kat:3, Licht: 0","114638","3","3","5","06","12","5","0","0","0","1","0","0"
"POINT (13.438412802000073 52.541003212000078)","Unfall 114639 (2018) Kat:2, Licht: 0","114639","2","3","0","07","10","3","0","0","1","1","0","0"
"POINT (13.397915677000071 52.419955691000041)","Unfall 114640 (2018) Kat:2, Licht: 0","114640","2","1","1","07","19","3","0","0","0","1","0","1"
"POINT (13.180271370000071 52.516406363000044)","Unfall 114641 (2018) Kat:3, Licht: 0","114641","3","2","3","05","06","3","0","0","0","1","0","1"
"POINT (13.290802687000053 52.533182425000064)","Unfall 114642 (2018) Kat:2, Licht: 2","114642","2","1","8","02","01","2","0","2","0","0","0","0"
"POINT (13.303718343000071 52.551640394000060)","Unfall 114643 (2018) Kat:3, Licht: 0","114643","3","6","2","11","13","2","1","0","0","1","0","0"
"POINT (13.479057484000066 52.627328644000045)","Unfall 114644 (2018) Kat:3, Licht: 0","114644","3","1","9","08","12","5","0","0","0","1","0","0"
"POINT (13.454213370000048 52.515856140000039)","Unfall 114646 (2018) Kat:3, Licht: 2","114646","3","3","5","10","22","6","0","2","1","1","0","0"
"POINT (13.445882795000045 52.527873204000059)","Unfall 114647 (2018) Kat:3, Licht: 0","114647","3","6","3","08","16","3","0","0","1","1","0","0"
"POINT (13.429320276000055 52.518524625000055)","Unfall 114648 (2018) Kat:2, Licht: 0","114648","2","3","5","04","12","3","0","0","1","0","0","0"
"POINT (13.604216516000065 52.504967195000063)","Unfall 114649 (2018) Kat:3, Licht: 0","114649","3","3","5","04","10","5","0","0","0","1","0","0"
"POINT (13.513434361000066 52.510217882000063)","Unfall 114650 (2018) Kat:3, Licht: 0","114650","3","5","5","05","08","4","0","0","1","1","0","0"
"POINT (13.398657891000028 52.418632629000058)","Unfall 114651 (2018) Kat:3, Licht: 0","114651","3","4","6","11","14","6","0","0","0","1","1","0"
"POINT (13.385623104000047 52.446048785000073)","Unfall 114652 (2018) Kat:3, Licht: 2","114652","3","5","1","12","16","3","1","2","1","1","0","0"
"POINT (13.282823431000054 52.497312343000033)","Unfall 114653 (2018) Kat:2, Licht: 0","114653","2","6","2","09","07","5","0","0","0","1","0","1"
"POINT (13.509953955000071 52.456486128000051)","Unfall 114654 (2018) Kat:3, Licht: 0","114654","3","3","5","08","08","6","0","0","1","0","0","0"
"POINT (13.493105866000064 52.467815414000029)","Unfall 114655 (2018) Kat:3, Licht: 0","114655","3","3","5","06","12","6","0","0","1","1","0","0"
"POINT (13.380623033000063 52.438090185000078)","Unfall 114656 (2018) Kat:3, Licht: 2","114656","3","1","8","07","22","4","0","2","1","0","0","0"
"POINT (13.361855016000050 52.568368913000029)","Unfall 114657 (2018) Kat:3, Licht: 0","114657","3","2","5","05","18","4","0","0","1","1","0","0"
"POINT (13.348287758000026 52.481844469000066)","Unfall 114658 (2018) Kat:3, Licht: 2","114658","3","3","2","12","17","3","1","2","0","1","0","0"
"POINT (13.301518646000034 52.511351885000067)","Unfall 114659 (2018) Kat:2, Licht: 1","114659","2","3","5","09","18","4","0","1","0","1","0","0"
"POINT (13.419864441000072 52.525423033000038)","Unfall 114660 (2018) Kat:3, Licht: 1","114660","3","1","0","09","20","5","0","1","1","0","0","0"
"POINT (13.300446633000035 52.547542749000058)","Unfall 114661 (2018) Kat:3, Licht: 2","114661","3","1","0","07","23","3","0","2","0","0","0","1"
"POINT (13.289550913000028 52.494138572000054)","Unfall 114662 (2018) Kat:3, Licht: 0","114662","3","6","2","07","11","3","0","0","0","1","0","0"
"POINT (13.281521343000065 52.504839383000046)","Unfall 114663 (2018) Kat:3, Licht: 0","114663","3","6","2","05","09","4","0","0","0","0","0","0"
"POINT (13.386826637000070 52.441787906000059)","Unfall 114664 (2018) Kat:3, Licht: 0","114664","3","6","2","02","08","2","0","0","0","1","0","0"
"POINT (13.232230726000068 52.506907174000048)","Unfall 114665 (2018) Kat:3, Licht: 1","114665","3","6","3","11","16","3","1","1","0","1","0","0"
"POINT (13.393879828000024 52.517384210000046)","Unfall 114666 (2018) Kat:2, Licht: 2","114666","2","3","5","08","23","5","0","2","1","1","0","0"
"POINT (13.269794689000037 52.509213966000061)","Unfall 114668 (2018) Kat:3, Licht: 0","114668","3","2","5","10","13","7","0","0","1","1","0","0"
"POINT (13.409116330000074 52.516695354000035)","Unfall 114669 (2018) Kat:3, Licht: 0","114669","3","2","5","08","11","4","0","0","1","1","0","0"
"POINT (13.382625248000068 52.499247271000058)","Unfall 114670 (2018) Kat:2, Licht: 0","114670","2","5","1","04","07","5","0","0","1","1","0","0"
"POINT (13.411953707000066 52.518976144000078)","Unfall 114671 (2018) Kat:3, Licht: 0","114671","3","7","2","04","14","5","0","0","0","1","0","0"
"POINT (13.246209663000059 52.507772764000038)","Unfall 114672 (2018) Kat:3, Licht: 1","114672","3","5","1","05","21","4","0","1","0","1","0","0"
"POINT (13.378253418000043 52.509620040000073)","Unfall 114673 (2018) Kat:3, Licht: 2","114673","3","4","6","12","18","4","0","2","0","1","1","0"
"POINT (13.369171283000071 52.528821399000037)","Unfall 114674 (2018) Kat:2, Licht: 0","114674","2","7","0","09","12","5","0","0","0","0","0","1"
"POINT (13.281887388000030 52.510097709000036)","Unfall 114675 (2018) Kat:3, Licht: 0","114675","3","2","5","09","17","7","0","0","0","1","0","0"
"POINT (13.315399778000028 52.479051976000051)","Unfall 114676 (2018) Kat:3, Licht: 0","114676","3","1","0","06","11","7","0","0","0","0","0","1"
"POINT (13.448696690000077 52.505186929000047)","Unfall 114677 (2018) Kat:3, Licht: 0","114677","3","3","5","07","20","5","0","0","1","1","0","0"
"POINT (13.347091700000021 52.476556508000044)","Unfall 114678 (2018) Kat:3, Licht: 0","114678","3","6","2","05","10","4","0","0","0","1","0","0"
"POINT (13.389139170000021 52.498037454000041)","Unfall 114679 (2018) Kat:3, Licht: 0","114679","3","3","5","02","17","2","0","0","0","1","0","0"
"POINT (13.554422589000069 52.557709826000064)","Unfall 114680 (2018) Kat:3, Licht: 2","114680","3","2","5","11","20","4","0","2","1","1","0","0"
"POINT (13.418035926000073 52.460695602000044)","Unfall 114681 (2018) Kat:2, Licht: 0","114681","2","1","9","06","20","3","0","0","0","0","0","1"
"POINT (13.505217220000077 52.510724502000073)","Unfall 114682 (2018) Kat:3, Licht: 1","114682","3","6","2","12","16","1","0","1","0","1","0","0"
"POINT (13.352561284000046 52.479911019000042)","Unfall 114683 (2018) Kat:2, Licht: 0","114683","2","7","9","10","14","1","0","0","0","0","0","1"
"POINT (13.434479328000066 52.537223301000040)","Unfall 114684 (2018) Kat:3, Licht: 0","114684","3","6","3","08","13","7","0","0","1","0","0","0"
"POINT (13.259383323000066 52.508588712000062)","Unfall 114685 (2018) Kat:3, Licht: 0","114685","3","2","5","04","13","6","0","0","0","1","0","1"
"POINT (13.380681325000069 52.438151760000039)","Unfall 114686 (2018) Kat:3, Licht: 0","114686","3","6","2","03","18","3","0","0","0","1","0","0"
"POINT (13.376659470000050 52.516143349000060)","Unfall 114687 (2018) Kat:2, Licht: 0","114687","2","2","5","05","10","6","0","0","1","0","0","0"
"POINT (13.445732501000066 52.546125909000068)","Unfall 114688 (2018) Kat:2, Licht: 0","114688","2","4","6","10","11","7","0","0","0","1","1","0"
"POINT (13.388096116000042 52.437654385000030)","Unfall 114689 (2018) Kat:3, Licht: 0","114689","3","3","5","02","16","2","0","0","1","1","0","0"
"POINT (13.462042409000048 52.514920579000034)","Unfall 114690 (2018) Kat:3, Licht: 1","114690","3","7","6","11","16","5","0","1","0","1","1","0"
"POINT (13.613553485000068 52.504893374000062)","Unfall 114691 (2018) Kat:3, Licht: 0","114691","3","2","5","09","18","2","0","0","1","1","0","0"
"POINT (13.484280900000044 52.512816064000049)","Unfall 114692 (2018) Kat:3, Licht: 2","114692","3","1","0","08","00","7","0","2","1","0","0","0"
"POINT (13.389479248000043 52.496623673000045)","Unfall 114693 (2018) Kat:3, Licht: 0","114693","3","6","3","06","09","3","0","0","1","0","0","0"