WKT,Name,OBJECTID,UKATEGORIE,UTYP1,UART,UMONAT,USTUNDE,UWOCHENTAG,STRZUSTAND,ULICHTVERH,ISTRAD,ISTPKW,ISTFUSS,ISTKRAD
"POINT (13.311235310000029 52.627896355000075)","Unfall 114883 (2018) Kat:3, Licht: 0","114883","3","6","2","10","14","3","0","0","0","1","0","0"
"POINT (13.411991951000061 52.541389682000045)","Unfall 114884 (2018) Kat:3, Licht: 0","114884","3","6","2","08","15","5","0","0","0","1","0","0"
"POINT (13.370572471000060 52.539974795000035)","Unfall 114885 (2018) Kat:2, Licht: 0","114885","2","2","5","04","14","7","0","0","0","1","0","0"
"POINT (13.392453690000025 52.430227634000062)","Unfall 114886 (2018) Kat:3, Licht: 0","114886","3","7","6","04","17","6","0","0","1","0","1","0"
"POINT (13.281079448000071 52.498975508000058)","Unfall 114887 (2018) Kat:3, Licht: 0","114887","3","6","2","06","15","6","0","0","0","1","0","0"
"POINT (13.576281022000046 52.505181893000042)","Unfall 114888 (2018) Kat:3, Licht: 2","114888","3","6","2","12","16","6","1","2","0","1","0","0"
"POINT (13.196634136000057 52.418052232000036)","Unfall 114889 (2018) Kat:3, Licht: 1","114889","3","6","2","09","18","1","1","1","0","1","0","0"
"POINT (13.460100421000050 52.550272863000032)","Unfall 114890 (2018) Kat:3, Licht: 0","114890","3","6","2","09","17","3","0","0","0","1","0","0"
"POINT (13.304424241000049 52.511351667000042)","Unfall 114891 (2018) Kat:3, Licht: 0","114891","3","6","2","06","17","2","0","0","0","1","0","0"
"POINT (13.467595223000046 52.514352365000036)","Unfall 114892 (2018) Kat:3, Licht: 2","114892","3","2","5","07","00","6","0","2","1","1","0","0"
"POINT (13.293534080000029 52.536505361000081)","Unfall 114893 (2018) Kat:3, Licht: 0","114893","3","6","2","05","14","7","0","0","0","1","0","1"
"POINT (13.447443133000036 52.526391664000073)","Unfall 114894 (2018) Kat:3, Licht: 0","114894","3","4","6","02","12","5","0","0","0","1","1","0"
"POINT (13.339647847000037 52.478611214000068)","Unfall 114895 (2018) Kat:3, Licht: 2","114895","3","6","2","11","18","6","0","2","0","1","0","0"
"POINT (13.283488811000041 52.517664717000059)","Unfall 114897 (2018) Kat:3, Licht: 0","114897","3","6","2","10","07","4","0","0","0","1","0","0"
"POINT (13.459157435000066 52.492928076000055)","Unfall 114898 (2018) Kat:2, Licht: 0","114898","2","4","0","08","17","2","0","0","0","0","1","0"
"POINT (13.348308258000031 52.481764235000071)","Unfall 114899 (2018) Kat:3, Licht: 0","114899","3","6","0","04","16","1","0","0","0","1","0","0"
"POINT (13.452502404000029 52.518372124000052)","Unfall 114900 (2018) Kat:3, Licht: 0","114900","3","3","5","04","13","1","1","0","1","1","0","0"
"POINT (13.476975534000076 52.513561960000061)","Unfall 114901 (2018) Kat:3, Licht: 0","114901","3","2","5","05","07","2","0","0","1","0","0","0"
"POINT (13.451454941000065 52.509464491000074)","Unfall 114902 (2018) Kat:3, Licht: 1","114902","3","2","5","10","17","3","1","1","1","1","0","0"
"POINT (13.385822664000045 52.483169182000040)","Unfall 114903 (2018) Kat:2, Licht: 2","114903","2","2","5","02","17","5","0","2","1","1","0","0"
"POINT (13.367631238000058 52.515576577000047)","Unfall 114904 (2018) Kat:2, Licht: 2","114904","2","7","1","12","19","7","1","2","0","1","0","0"
"POINT (13.325814248000029 52.512942814000041)","Unfall 114905 (2018) Kat:3, Licht: 0","114905","3","3","5","09","08","3","0","0","0","1","0","1"
"POINT (13.177812674000052 52.515898797000034)","Unfall 114906 (2018) Kat:3, Licht: 0","114906","3","6","2","08","13","4","0","0","0","1","0","0"
"POINT (13.462726175000057 52.491829228000029)","Unfall 114907 (2018) Kat:3, Licht: 0","114907","3","6","2","06","14","4","0","0","0","1","0","0"
"POINT (13.453597611000077 52.517562469000040)","Unfall 114908 (2018) Kat:3, Licht: 0","114908","3","4","6","07","14","3","0","0","1","0","1","0"
"POINT (13.385807456000066 52.482216375000064)","Unfall 114909 (2018) Kat:3, Licht: 2","114909","3","6","2","02","23","5","1","2","0","1","0","0"
"POINT (13.386644047000061 52.516729880000071)","Unfall 114910 (2018) Kat:3, Licht: 0","114910","3","4","6","06","09","5","0","0","1","0","1","0"
"POINT (13.451186126000039 52.516016196000066)","Unfall 114911 (2018) Kat:3, Licht: 0","114911","3","6","2","05","14","2","0","0","0","1","0","0"
"POINT (13.398435277000033 52.576844958000038)","Unfall 114912 (2018) Kat:3, Licht: 0","114912","3","3","5","04","12","1","0","0","1","1","0","0"
"POINT (13.297488408000049 52.510896282000033)","Unfall 114913 (2018) Kat:3, Licht: 2","114913","3","2","6","12","20","7","1","2","0","0","1","0"
"POINT (13.293478706000030 52.492267748000074)","Unfall 114914 (2018) Kat:2, Licht: 2","114914","2","1","9","10","22","3","1","2","0","1","0","0"
"POINT (13.411041636000050 52.518657762000032)","Unfall 114915 (2018) Kat:3, Licht: 2","114915","3","6","2","02","18","4","0","2","0","1","0","0"
"POINT (13.154972666000049 52.419095607000031)","Unfall 114916 (2018) Kat:3, Licht: 0","114916","3","1","8","07","18","2","0","0","0","1","0","0"
"POINT (13.314660680000031 52.512018544000057)","Unfall 114917 (2018) Kat:3, Licht: 0","114917","3","2","5","04","16","3","0","0","1","1","0","0"
"POINT (13.366088615000024 52.503538911000078)","Unfall 114918 (2018) Kat:3, Licht: 0","114918","3","6","2","07","13","5","0","0","0","1","0","0"
"POINT (13.491078824000056 52.437095670000076)","Unfall 114919 (2018) Kat:3, Licht: 0","114919","3","6","3","03","17","3","1","0","0","1","0","0"
"POINT (13.385076095000045 52.462252098000079)","Unfall 114920 (2018) Kat:3, Licht: 0","114920","3","6","2","05","11","3","0","0","0","1","0","0"
"POINT (13.386968241000034 52.440895872000056)","Unfall 114921 (2018) Kat:2, Licht: 0","114921","2","1","4","10","09","2","0","0","0","1","0","0"
"POINT (13.452910696000060 52.512684460000060)","Unfall 114922 (2018) Kat:3, Licht: 0","114922","3","6","3","02","11","4","0","0","1","1","0","0"
"POINT (13.328831115000071 52.477814230000035)","Unfall 114923 (2018) Kat:3, Licht: 1","114923","3","6","2","11","16","6","0","1","0","1","0","0"
"POINT (13.331858155000077 52.600122695000039)","Unfall 114924 (2018) Kat:3, Licht: 0","114924","3","2","5","09","13","6","0","0","0","0","0","1"
"POINT (13.313270671000055 52.621124656000063)","Unfall 114925 (2018) Kat:3, Licht: 0","114925","3","7","0","08","16","4","0","0","1","1","0","0"
"POINT (13.388098783000032 52.437646875000041)","Unfall 114926 (2018) Kat:3, Licht: 0","114926","3","6","2","03","14","6","0","0","0","1","0","1"
"POINT (13.425568404000046 52.519397773000037)","Unfall 114927 (2018) Kat:2, Licht: 0","114927","2","6","0","06","18","6","0","0","1","0","0","0"
"POINT (13.299796180000044 52.534311817000059)","Unfall 114928 (2018) Kat:2, Licht: 0","114928","2","7","8","06","06","1","0","0","0","1","0","0"
"POINT (13.365457069000058 52.558242711000048)","Unfall 114929 (2018) Kat:3, Licht: 2","114929","3","5","1","08","22","2","0","2","0","1","0","1"
"POINT (13.463352491000023 52.491641620000053)","Unfall 114930 (2018) Kat:3, Licht: 0","114930","3","3","5","05","10","4","0","0","1","0","0","0"
"POINT (13.488504662000025 52.512247333000062)","Unfall 114931 (2018) Kat:3, Licht: 0","114931","3","6","2","04","10","3","0","0","0","1","0","0"
"POINT (13.393347494000068 52.517352189000064)","Unfall 114932 (2018) Kat:2, Licht: 0","114932","2","6","0","12","08","4","1","0","0","1","0","1"
"POINT (13.362788772000044 52.473861162000048)","Unfall 114933 (2018) Kat:3, Licht: 0","114933","3","6","2","09","15","4","0","0","0","1","0","1"
"POINT (13.409375056000044 52.517376517000059)","Unfall 114934 (2018) Kat:3, Licht: 2","114934","3","1","0","09","22","5","0","2","0","1","0","1"
"POINT (13.508834861000025 52.457270721000043)","Unfall 114935 (2018) Kat:3, Licht: 2","114935","3","6","2","07","22","4","0","2","0","1","0","0"
"POINT (13.208943036000051 52.447207799000068)","Unfall 114936 (2018) Kat:3, Licht: 0","114936","3","6","2","07","14","4","0","0","0","1","0","0"
"POINT (13.498865389000059 52.621196313000041)","Unfall 114937 (2018) Kat:3, Licht: 0","114937","3","6","2","05","08","4","0","0","0","0","0","0"
"POINT (13.348384824000050 52.481733030000044)","Unfall 114938 (2018) Kat:3, Licht: 2","114938","3","1","0","02","20","4","1","2","0","0","0","1"
"POINT (13.461080043000038 52.494149260000029)","Unfall 114939 (2018) Kat:3, Licht: 2","114939","3","7","6","11","06","3","1","2","0","0","1","0"
"POINT (13.295650449000050 52.580329296000059)","Unfall 114940 (2018) Kat:2, Licht: 0","114940","2","6","2","08","15","6","0","0","0","1","0","0"
"POINT (13.154963790000068 52.418988299000034)","Unfall 114942 (2018) Kat:3, Licht: 0","114942","3","5","1","10","14","1","0","0","1","1","0","0"
"POINT (13.454114738000044 52.515729450000038)","Unfall 114943 (2018) Kat:3, Licht: 0","114943","3","3","2","08","19","4","0","0","0","1","0","0"
"POINT (13.418115525000076 52.523817888000053)","Unfall 114944 (2018) Kat:3, Licht: 0","114944","3","6","3","04","14","5","1","0","0","1","0","1"
"POINT (13.283565810000027 52.508569997000052)","Unfall 114945 (2018) Kat:3, Licht: 0","114945","3","6","2","04","16","5","0","0","0","1","0","0"
"POINT (13.366079695000053 52.503528691000042)","Unfall 114946 (2018) Kat:3, Licht: 0","114946","3","6","2","05","18","4","0","0","0","1","0","0"
"POINT (13.534983254000053 52.510330496000051)","Unfall 114947 (2018) Kat:3, Licht: 0","114947","3","3","5","12","13","4","0","0","1","1","0","0"
"POINT (13.451247743000067 52.509025798000039)","Unfall 114948 (2018) Kat:3, Licht: 2","114948","3","1","8","09","01","6","0","2","1","0","0","0"
"POINT (13.152234520000036 52.497888588000080)","Unfall 114949 (2018) Kat:3, Licht: 0","114949","3","6","2","09","07","2","0","0","0","1","0","0"
"POINT (13.398447797000074 52.571854721000079)","Unfall 114950 (2018) Kat:2, Licht: 0","114950","2","6","2","06","12","7","0","0","0","1","0","0"
"POINT (13.483306257000038 52.583060167000042)","Unfall 114951 (2018) Kat:3, Licht: 0","114951","3","2","5","07","07","5","0","0","1","1","0","0"
"POINT (13.385737496000047 52.469329730000027)","Unfall 114952 (2018) Kat:3, Licht: 0","114952","3","6","2","05","13","5","0","0","0","1","0","0"
"POINT (13.555779328000028 52.508856603000027)","Unfall 114953 (2018) Kat:3, Licht: 0","114953","3","6","2","02","18","4","0","0","0","1","0","0"
"POINT (13.295373627000060 52.580734477000078)","Unfall 114954 (2018) Kat:3, Licht: 0","114954","3","6","2","11","15","4","0","0","0","1","0","0"
"POINT (13.388018215000045 52.437873759000070)","Unfall 114955 (2018) Kat:3, Licht: 2","114955","3","4","6","12","19","2","1","2","1","0","1","0"
"POINT (13.424388261000047 52.539254682000035)","Unfall 114956 (2018) Kat:2, Licht: 2","114956","2","2","5","10","20","2","0","2","0","0","0","1"
"POINT (13.447425602000067 52.601901070000054)","Unfall 114957 (2018) Kat:2, Licht: 2","114957","2","1","9","08","02","7","0","2","0","1","0","0"
"POINT (13.398218916000076 52.571329928000068)","Unfall 114958 (2018) Kat:3, Licht: 0","114958","3","6","2","04","07","6","0","0","0","1","0","0"
"POINT (13.348817562000022 52.482245484000032)","Unfall 114959 (2018) Kat:3, Licht: 1","114959","3","6","2","03","18","4","1","1","0","1","0","0"
"POINT (13.516878416000054 52.509970895000038)","Unfall 114960 (2018) Kat:2, Licht: 0","114960","2","1","9","05","14","6","0","0","0","0","0","1"
"POINT (13.369939392000049 52.542228957000077)","Unfall 114961 (2018) Kat:3, Licht: 2","114961","3","1","1","10","20","1","1","2","0","1","0","0"
"POINT (13.247535161000030 52.614574460000028)","Unfall 114962 (2018) Kat:3, Licht: 0","114962","3","3","5","02","07","4","0","0","0","1","0","0"
"POINT (13.419491244000028 52.525083325000026)","Unfall 114963 (2018) Kat:3, Licht: 2","114963","3","2","6","11","18","5","0","2","0","0","1","0"
"POINT (13.269428088000041 52.437633624000057)","Unfall 114964 (2018) Kat:2, Licht: 0","114964","2","2","5","09","13","2","0","0","0","1","0","1"
"POINT (13.247567916000037 52.478578295000034)","Unfall 114965 (2018) Kat:3, Licht: 0","114965","3","6","3","08","11","1","0","0","0","1","0","0"
"POINT (13.474704485000075 52.513631024000063)","Unfall 114966 (2018) Kat:2, Licht: 0","114966","2","6","3","06","17","3","0","0","0","1","0","1"
"POINT (13.408236330000022 52.388438418000078)","Unfall 114967 (2018) Kat:2, Licht: 0","114967","2","3","5","07","08","3","0","0","0","1","0","1"
"POINT (13.360919071000069 52.492698374000042)","Unfall 114968 (2018) Kat:3, Licht: 0","114968","3","7","5","06","13","4","0","0","0","1","0","1"
"POINT (13.460261296000056 52.515241613000057)","Unfall 114969 (2018) Kat:3, Licht: 0","114969","3","2","0","05","15","1","0","0","1","1","0","0"
"POINT (13.302166099000033 52.448693901000070)","Unfall 114970 (2018) Kat:3, Licht: 1","114970","3","6","2","04","18","6","1","1","0","1","0","0"
"POINT (13.299955513000043 52.547118159000036)","Unfall 114971 (2018) Kat:2, Licht: 2","114971","2","6","3","12","22","5","1","2","0","1","0","0"
"POINT (13.478715844000021 52.627414124000040)","Unfall 114972 (2018) Kat:2, Licht: 0","114972","2","6","2","10","14","2","0","0","0","1","0","0"
"POINT (13.364934765000044 52.502209031000064)","Unfall 114973 (2018) Kat:3, Licht: 0","114973","3","6","2","07","19","7","0","0","0","1","0","0"
"POINT (13.298262827000030 52.489359867000076)","Unfall 114974 (2018) Kat:3, Licht: 0","114974","3","6","2","04","11","2","1","0","0","1","0","0"
"POINT (13.428233329000022 52.560312136000050)","Unfall 114975 (2018) Kat:3, Licht: 0","114975","3","1","0","07","15","4","0","0","1","0","0","0"
"POINT (13.094676445000061 52.413352575000033)","Unfall 114976 (2018) Kat:3, Licht: 0","114976","3","6","2","03","17","1","0","0","1","1","0","0"
"POINT (13.368821648000051 52.540810007000061)","Unfall 114977 (2018) Kat:3, Licht: 0","114977","3","4","6","05","15","1","0","0","1","0","1","0"
"POINT (13.384033393000038 52.457822625000063)","Unfall 114979 (2018) Kat:3, Licht: 0","114979","3","6","2","10","12","3","0","0","0","1","0","1"
"POINT (13.476724016000048 52.513584330000072)","Unfall 114980 (2018) Kat:3, Licht: 0","114980","3","2","6","08","10","1","0","0","0","1","1","0"
"POINT (13.324036599000067 52.607660956000075)","Unfall 114981 (2018) Kat:3, Licht: 0","114981","3","7","6","04","13","7","0","0","0","1","1","0"
"POINT (13.359389499000031 52.573235149000027)","Unfall 114982 (2018) Kat:3, Licht: 0","114982","3","6","3","03","19","6","0","0","0","1","0","1"
"POINT (13.280666121000024 52.499809265000067)","Unfall 114983 (2018) Kat:3, Licht: 0","114983","3","6","2","05","14","1","0","0","0","1","0","0"
"POINT (13.249435956000070 52.616415146000065)","Unfall 114984 (2018) Kat:3, Licht: 2","114984","3","1","9","10","06","3","1","2","0","1","0","0"
"POINT (13.432992057000035 52.536325990000080)","Unfall 114985 (2018) Kat:3, Licht: 0","114985","3","6","2","02","13","4","0","0","0","1","0","0"
"POINT (13.366148633000023 52.554521395000052)","Unfall 114986 (2018) Kat:2, Licht: 2","114986","2","4","6","11","17","6","1","2","1","0","1","0"
"POINT (13.324895752000032 52.606705052000052)","Unfall 114987 (2018) Kat:3, Licht: 0","114987","3","6","2","09","14","3","0","0","0","1","0","0"
"POINT (13.301154793000023 52.511137237000071)","Unfall 114988 (2018) Kat:3, Licht: 0","114988","3","6","2","08","10","3","0","0","0","1","0","0"
"POINT (13.283125207000069 52.518872746000056)","Unfall 114989 (2018) Kat:3, Licht: 0","114989","3","6","2","06","12","4","0","0","0","1","0","0"
"POINT (13.442027069000062 52.462758922000035)","Unfall 114990 (2018) Kat:3, Licht: 0","114990","3","6","3","07","19","3","0","0","0","1","0","0"
"POINT (13.387591930000042 52.438994810000054)","Unfall 114991 (2018) Kat:2, Licht: 0","114991","2","6","2","06","17","4","0","0","0","1","0","1"
"POINT (13.390410185000064 52.618489979000060)","Unfall 114992 (2018) Kat:3, Licht: 0","114992","3","2","5","05","08","2","0","0","1","1","0","0"
"POINT (13.444172359000049 52.545428474000062)","Unfall 114993 (2018) Kat:3, Licht: 0","114993","3","6","2","04","16","7","0","0","0","1","0","0"
"POINT (13.349166373000060 52.475248796000074)","Unfall 114994 (2018) Kat:3, Licht: 2","114994","3","6","3","12","17","6","1","2","0","1","0","0"
"POINT (13.399101307000024 52.573294267000051)","Unfall 114995 (2018) Kat:3, Licht: 1","114995","3","6","2","10","18","3","1","1","0","1","0","0"
"POINT (13.371099536000031 52.470923409000079)","Unfall 114996 (2018) Kat:3, Licht: 0","114996","3","6","2","02","14","3","0","0","0","1","0","0"
"POINT (13.552768802000060 52.509358014000043)","Unfall 114997 (2018) Kat:2, Licht: 1","114997","2","6","3","07","20","1","0","1","1","1","0","0"
"POINT (13.305370538000034 52.483856795000065)","Unfall 114998 (2018) Kat:3, Licht: 0","114998","3","6","2","04","18","2","1","0","0","1","0","0"
"POINT (13.379130016000033 52.498953694000079)","Unfall 114999 (2018) Kat:3, Licht: 0","114999","3","6","3","07","14","4","0","0","0","1","0","1"
"POINT (13.387351037000030 52.510203385000068)","Unfall 115000 (2018) Kat:3, Licht: 2","115000","3","2","5","03","21","2","0","2","0","1","0","1"
"POINT (13.286333232000061 52.494505849000063)","Unfall 115001 (2018) Kat:3, Licht: 0","115001","3","6","2","05","11","2","0","0","0","1","0","0"
"POINT (13.305319472000065 52.572548113000039)","Unfall 115002 (2018) Kat:3, Licht: 2","115002","3","6","2","10","05","2","0","2","0","1","0","0"
"POINT (13.247684197000069 52.614618723000035)","Unfall 115003 (2018) Kat:2, Licht: 2","115003","2","3","5","02","19","3","0","2","0","1","0","0"
"POINT (13.476691537000022 52.444190900000081)","Unfall 115004 (2018) Kat:3, Licht: 0","115004","3","6","2","11","14","4","0","0","0","1","0","0"
"POINT (13.364043978000041 52.501179221000029)","Unfall 115005 (2018) Kat:3, Licht: 0","115005","3","6","3","09","17","5","0","0","1","1","0","0"
"POINT (13.395025408000038 52.425061395000057)","Unfall 115006 (2018) Kat:3, Licht: 0","115006","3","6","0","08","14","3","0","0","0","1","0","1"
"POINT (13.369788140000026 52.542179199000032)","Unfall 115007 (2018) Kat:3, Licht: 0","115007","3","6","2","03","07","6","0","0","0","1","0","0"
"POINT (13.419047121000062 52.460914599000034)","Unfall 115008 (2018) Kat:3, Licht: 0","115008","3","6","3","06","05","6","0","0","0","1","0","0"
"POINT (13.360901758000068 52.492395984000041)","Unfall 115009 (2018) Kat:3, Licht: 0","115009","3","6","2","06","16","7","0","0","0","1","0","0"
"POINT (13.405845927000030 52.566284775000042)","Unfall 115010 (2018) Kat:3, Licht: 2","115010","3","5","1","08","02","1","0","2","1","1","0","0"
"POINT (13.467582900000025 52.514506370000049)","Unfall 115011 (2018) Kat:3, Licht: 0","115011","3","2","5","05","08","4","0","0","1","1","0","0"
"POINT (13.383921624000038 52.455252345000076)","Unfall 115012 (2018) Kat:3, Licht: 0","115012","3","6","3","04","12","3","0","0","0","1","0","0"
"POINT (13.398312220000037 52.579592229000070)","Unfall 115013 (2018) Kat:3, Licht: 2","115013","3","7","5","12","16","3","1","2","0","1","0","0"
"POINT (13.292652640000028 52.445457164000061)","Unfall 115014 (2018) Kat:2, Licht: 0","115014","2","7","6","09","13","3","0","0","1","0","1","0"
"POINT (13.308118809000064 52.486679474000027)","Unfall 115015 (2018) Kat:3, Licht: 0","115015","3","6","2","09","09","5","0","0","0","1","0","0"
"POINT (13.536951487000067 52.532836746000044)","Unfall 115016 (2018) Kat:3, Licht: 0","115016","3","3","5","07","08","3","0","0","0","1","0","0"
"POINT (13.388251312000023 52.437330271000064)","Unfall 115017 (2018) Kat:2, Licht: 0","115017","2","6","1","07","12","3","0","0","0","1","0","1"
"POINT (13.381653882000023 52.499181433000047)","Unfall 115018 (2018) Kat:2, Licht: 0","115018","2","6","3","05","13","4","0","0","1","1","0","0"
"POINT (13.389497370000072 52.496550755000044)","Unfall 115019 (2018) Kat:3, Licht: 0","115019","3","2","0","02","08","3","2","0","1","1","0","0"
"POINT (13.484369699000069 52.512807075000069)","Unfall 115020 (2018) Kat:2, Licht: 0","115020","2","3","5","11","12","2","0","0","1","0","0","0"
"POINT (13.361517704000050 52.496602306000057)","Unfall 115021 (2018) Kat:3, Licht: 0","115021","3","2","2","08","20","5","0","0","0","1","0","1"
"POINT (13.281514670000035 52.504809221000073)","Unfall 115023 (2018) Kat:2, Licht: 0","115023","2","6","2","10","08","7","0","0","0","0","0","1"
"POINT (13.442308185000059 52.463014755000074)","Unfall 115024 (2018) Kat:3, Licht: 0","115024","3","6","3","08","07","4","0","0","0","0","0","1"
"POINT (13.363554689000068 52.565090054000052)","Unfall 115025 (2018) Kat:3, Licht: 0","115025","3","7","6","04","11","4","0","0","0","1","1","0"
"POINT (13.362679624000066 52.473887850000040)","Unfall 115026 (2018) Kat:2, Licht: 0","115026","2","6","2","04","11","5","0","0","0","1","0","1"
"POINT (13.476366791000032 52.513616102000071)","Unfall 115027 (2018) Kat:3, Licht: 0","115027","3","7","6","05","09","4","0","0","1","0","1","0"
"POINT (13.340602519000072 52.587184550000075)","Unfall 115028 (2018) Kat:3, Licht: 0","115028","3","3","5","11","16","6","0","0","0","0","0","1"
"POINT (13.425724860000059 52.529715807000059)","Unfall 115029 (2018) Kat:3, Licht: 2","115029","3","3","5","12","17","4","1","2","1","1","0","0"
"POINT (13.443035580000071 52.516839374000028)","Unfall 115030 (2018) Kat:3, Licht: 0","115030","3","2","5","09","11","5","0","0","1","0","0","0"
"POINT (13.306222978000051 52.511660068000026)","Unfall 115031 (2018) Kat:3, Licht: 0","115031","3","2","5","08","15","6","0","0","1","1","0","0"
"POINT (13.385631589000070 52.510098538000079)","Unfall 115032 (2018) Kat:3, Licht: 0","115032","3","6","3","06","18","6","0","0","1","1","0","0"
"POINT (13.403898682000033 52.568845823000061)","Unfall 115033 (2018) Kat:3, Licht: 0","115033","3","6","3","07","18","5","0","0","1","1","0","0"
"POINT (13.288616384000022 52.510352969000053)","Unfall 115034 (2018) Kat:3, Licht: 0","115034","3","4","6","05","10","4","0","0","0","1","1","0"
"POINT (13.367356031000043 52.551689237000062)","Unfall 115035 (2018) Kat:3, Licht: 0","115035","3","2","2","02","07","3","0","0","1","1","0","0"
"POINT (13.438809444000071 52.541332455000031)","Unfall 115036 (2018) Kat:3, Licht: 0","115036","3","6","2","11","12","3","0","0","0","1","0","0"
"POINT (13.456173307000029 52.549357449000070)","Unfall 115037 (2018) Kat:3, Licht: 0","115037","3","6","3","06","16","2","0","0","0","1","0","1"
"POINT (13.402881400000069 52.580772192000040)","Unfall 115038 (2018) Kat:3, Licht: 2","115038","3","3","6","12","16","7","0","2","0","1","1","0"
"POINT (13.295707470000025 52.491122886000028)","Unfall 115039 (2018) Kat:3, Licht: 0","115039","3","6","2","10","14","1","0","0","0","0","0","0"
"POINT (13.455775424000024 52.461659788000077)","Unfall 115040 (2018) Kat:3, Licht: 1","115040","3","7","0","08","20","6","0","1","0","1","0","0"
"POINT (13.328843766000034 52.477928802000065)","Unfall 115041 (2018) Kat:3, Licht: 0","115041","3","6","2","04","18","5","0","0","0","1","0","0"
"POINT (13.299770317000025 52.546630104000030)","Unfall 115042 (2018) Kat:3, Licht: 2","115042","3","1","9","03","21","2","0","2","0","1","0","0"
"POINT (13.351496396000073 52.480531975000076)","Unfall 115043 (2018) Kat:3, Licht: 0","115043","3","6","2","05","16","5","0","0","0","1","0","1"
"POINT (13.389541932000043 52.434728546000031)","Unfall 115044 (2018) Kat:2, Licht: 0","115044","2","7","6","10","15","6","0","0","0","1","1","0"
"POINT (13.384805258000029 52.626158613000030)","Unfall 115045 (2018) Kat:3, Licht: 0","115045","3","1","0","02","06","3","1","0","0","1","0","0"
"POINT (13.350911685000028 52.473238969000079)","Unfall 115046 (2018) Kat:3, Licht: 0","115046","3","7","9","11","15","5","0","0","0","0","0","0"
"POINT (13.420332800000040 52.525284445000068)","Unfall 115047 (2018) Kat:1, Licht: 0","115047","1","2","5","09","13","2","0","0","1","0","0","0"
"POINT (13.418947541000023 52.524576656000079)","Unfall 115048 (2018) Kat:3, Licht: 0","115048","3","7","0","08","14","7","1","0","0","0","0","1"
"POINT (13.385146489000022 52.438579367000045)","Unfall 115049 (2018) Kat:3, Licht: 0","115049","3","6","2","06","17","2","0","0","0","1","0","1"
"POINT (13.424198228000023 52.539295730000049)","Unfall 115050 (2018) Kat:3, Licht: 0","115050","3","2","5","07","18","2","0","0","0","1","0","0"
"POINT (13.369181613000023 52.547272551000049)","Unfall 115051 (2018) Kat:3, Licht: 0","115051","3","5","5","06","15","3","0","0","1","0","0","0"
"POINT (13.287053041000036 52.494168743000046)","Unfall 115052 (2018) Kat:2, Licht: 0","115052","2","1","8","05","09","7","0","0","0","0","0","1"
"POINT (13.361841044000073 52.413276285000052)","Unfall 115053 (2018) Kat:3, Licht: 0","115053","3","6","0","04","16","5","0","0","0","1","0","0"
"POINT (13.350475834000065 52.473791276000043)","Unfall 115054 (2018) Kat:3, Licht: 1","115054","3","6","3","12","17","4","0","1","0","1","0","0"
"POINT (13.471049690000029 52.565757885000039)","Unfall 115055 (2018) Kat:3, Licht: 0","115055","3","1","8","09","13","7","0","0","0","0","0","1"
"POINT (13.455459522000069 52.461760730000037)","Unfall 115056 (2018) Kat:2, Licht: 0","115056","2","6","2","07","12","7","0","0","0","1","0","0"
"POINT (13.401900066000053 52.413504165000063)","Unfall 115057 (2018) Kat:2, Licht: 0","115057","2","6","2","04","13","1","0","0","0","1","0","0"
"POINT (13.613024614000039 52.504767920000063)","Unfall 115058 (2018) Kat:3, Licht: 0","115058","3","6","2","07","12","2","0","0","0","1","0","0"
"POINT (13.335353059000056 52.465329759000042)","Unfall 115059 (2018) Kat:3, Licht: 0","115059","3","3","3","03","10","5","0","0","0","1","0","0"
"POINT (13.617820190000032 52.504652095000040)","Unfall 115060 (2018) Kat:2, Licht: 0","115060","2","3","5","05","13","7","0","0","1","1","0","0"
"POINT (13.475808719000042 52.513665734000028)","Unfall 115061 (2018) Kat:3, Licht: 0","115061","3","6","2","10","12","6","0","0","0","1","0","0"
"POINT (13.431404303000022 52.536605639000072)","Unfall 115062 (2018) Kat:3, Licht: 2","115062","3","7","0","02","22","2","0","2","1","0","0","0"
"POINT (13.385741083000028 52.469491704000063)","Unfall 115063 (2018) Kat:3, Licht: 0","115063","3","2","5","11","09","7","0","0","0","1","0","0"
"POINT (13.441887334000057 52.516955296000049)","Unfall 115064 (2018) Kat:3, Licht: 0","115064","3","6","3","09","15","3","0","0","1","1","0","0"
"POINT (13.286167858000056 52.494555051000077)","Unfall 115065 (2018) Kat:3, Licht: 0","115065","3","6","2","08","10","1","0","0","0","1","0","0"
"POINT (13.428180929000064 52.518935035000027)","Unfall 115066 (2018) Kat:3, Licht: 0","115066","3","6","3","03","10","6","0","0","0","1","0","0"
"POINT (13.413933368000073 52.549765204000039)","Unfall 115067 (2018) Kat:3, Licht: 0","115067","3","7","0","06","12","4","0","0","1","0","0","0"
"POINT (13.467466092000052 52.514365132000080)","Unfall 115068 (2018) Kat:3, Licht: 0","115068","3","2","2","10","11","4","0","0","0","1","0","1"
"POINT (13.399126219000038 52.573367517000065)","Unfall 115069 (2018) Kat:3, Licht: 0","115069","3","1","0","06","19","5","0","0","1","0","0","0"
"POINT (13.470191482000075 52.514095915000041)","Unfall 115070 (2018) Kat:3, Licht: 0","115070","3","4","6","08","14","6","0","0","0","1","1","0"
"POINT (13.312101829000028 52.625025765000032)","Unfall 115071 (2018) Kat:3, Licht: 0","115071","3","3","5","04","11","2","0","0","1","1","0","0"
"POINT (13.419823970000039 52.525389097000073)","Unfall 115072 (2018) Kat:3, Licht: 0","115072","3","2","5","04","15","1","0","0","1","1","0","0"