WKT,Name,OBJECTID,UKATEGORIE,UTYP1,UART,UMONAT,USTUNDE,UWOCHENTAG,STRZUSTAND,ULICHTVERH,ISTRAD,ISTPKW,ISTFUSS,ISTKRAD
"POINT (13.557726589000026 52.508746728000062)","Unfall 115073 (2018) Kat:3, Licht: 2","115073","3","6","2","12","18","1","1","2","0","1","0","0"
"POINT (13.303247668000040 52.551109841000027)","Unfall 115074 (2018) Kat:2, Licht: 0","115074","2","6","0","09","14","2","1","0","0","1","0","1"
"POINT (13.410936680000077 52.523111053000036)","Unfall 115075 (2018) Kat:3, Licht: 0","115075","3","4","6","09","14","3","0","0","0","0","1","0"
"POINT (13.493798512000069 52.467566832000045)","Unfall 115076 (2018) Kat:2, Licht: 0","115076","2","6","4","06","18","4","0","0","1","0","0","0"
"POINT (13.463222732000077 52.491680489000032)","Unfall 115077 (2018) Kat:3, Licht: 0","115077","3","6","2","07","13","2","0","0","0","1","0","0"
"POINT (13.427528985000038 52.518677758000081)","Unfall 115078 (2018) Kat:3, Licht: 0","115078","3","6","2","05","08","2","0","0","0","1","0","1"
"POINT (13.350342239000042 52.474777188000076)","Unfall 115079 (2018) Kat:2, Licht: 0","115079","2","6","3","02","07","2","1","0","0","1","0","0"
"POINT (13.347650510000051 52.574427168000057)","Unfall 115080 (2018) Kat:3, Licht: 0","115080","3","3","5","11","11","1","1","0","0","1","0","0"
"POINT (13.430481912000062 52.622704912000074)","Unfall 115082 (2018) Kat:3, Licht: 0","115082","3","6","2","10","17","5","0","0","0","1","0","0"
"POINT (13.424871863000021 52.539117032000036)","Unfall 115083 (2018) Kat:3, Licht: 0","115083","3","6","2","10","13","7","0","0","0","1","0","0"
"POINT (13.362287174000073 52.498416758000076)","Unfall 115084 (2018) Kat:3, Licht: 2","115084","3","5","1","02","20","2","1","2","0","1","0","0"
"POINT (13.368578980000052 52.506698332000042)","Unfall 115085 (2018) Kat:3, Licht: 0","115085","3","6","2","11","12","1","0","0","0","1","0","0"
"POINT (13.384573839000041 52.452698894000036)","Unfall 115086 (2018) Kat:3, Licht: 0","115086","3","2","5","09","15","4","0","0","0","1","0","0"
"POINT (13.377684556000077 52.433548765000069)","Unfall 115087 (2018) Kat:3, Licht: 0","115087","3","6","3","08","18","2","0","0","1","0","0","0"
"POINT (13.376631044000021 52.516261493000059)","Unfall 115088 (2018) Kat:3, Licht: 0","115088","3","1","0","03","10","6","1","0","0","0","0","0"
"POINT (13.474838842000054 52.513616351000053)","Unfall 115089 (2018) Kat:2, Licht: 0","115089","2","4","0","06","17","5","0","0","0","0","1","1"
"POINT (13.293168176000052 52.492611028000056)","Unfall 115090 (2018) Kat:3, Licht: 0","115090","3","6","2","06","15","6","0","0","0","1","0","0"
"POINT (13.334356092000064 52.513346429000080)","Unfall 115091 (2018) Kat:3, Licht: 0","115091","3","1","0","08","14","7","0","0","0","0","0","1"
"POINT (13.318018414000051 52.478253869000071)","Unfall 115092 (2018) Kat:2, Licht: 0","115092","2","1","0","05","15","4","0","0","0","0","0","1"
"POINT (13.281218510000031 52.498795734000055)","Unfall 115093 (2018) Kat:3, Licht: 0","115093","3","6","3","04","13","2","0","0","0","1","0","0"
"POINT (13.293669584000043 52.510660613000027)","Unfall 115094 (2018) Kat:3, Licht: 2","115094","3","6","2","12","17","3","1","2","0","1","0","0"
"POINT (13.370236056000067 52.539929040000061)","Unfall 115095 (2018) Kat:3, Licht: 0","115095","3","2","5","09","09","3","0","0","1","1","0","0"
"POINT (13.591479200000038 52.505082790000074)","Unfall 115096 (2018) Kat:2, Licht: 0","115096","2","6","2","09","17","4","0","0","0","1","0","1"
"POINT (13.396038268000041 52.423295487000075)","Unfall 115097 (2018) Kat:3, Licht: 0","115097","3","2","5","06","16","4","0","0","0","1","0","0"
"POINT (13.398414317000061 52.577759131000050)","Unfall 115098 (2018) Kat:3, Licht: 0","115098","3","6","3","07","16","2","0","0","1","1","0","0"
"POINT (13.393772531000025 52.517256492000058)","Unfall 115099 (2018) Kat:3, Licht: 0","115099","3","6","3","07","16","3","0","0","1","1","0","0"
"POINT (13.384679465000033 52.460544475000063)","Unfall 115100 (2018) Kat:3, Licht: 0","115100","3","6","3","05","15","3","0","0","1","1","0","0"
"POINT (13.316466947000038 52.614074745000039)","Unfall 115101 (2018) Kat:2, Licht: 2","115101","2","5","1","02","19","1","1","2","0","1","0","0"
"POINT (13.343718467000031 52.583125182000060)","Unfall 115102 (2018) Kat:3, Licht: 0","115102","3","2","2","11","12","2","1","0","0","1","0","0"
"POINT (13.364959469000041 52.560819798000068)","Unfall 115103 (2018) Kat:3, Licht: 0","115103","3","6","2","08","16","5","0","0","0","1","0","0"
"POINT (13.322436868000068 52.608673166000074)","Unfall 115105 (2018) Kat:3, Licht: 0","115105","3","6","2","10","16","6","0","0","0","1","0","0"
"POINT (13.357088483000041 52.486789117000058)","Unfall 115106 (2018) Kat:3, Licht: 0","115106","3","2","0","08","14","3","0","0","0","1","0","0"
"POINT (13.389259684000024 52.497507137000071)","Unfall 115107 (2018) Kat:3, Licht: 0","115107","3","2","0","04","14","2","0","0","1","1","0","0"
"POINT (13.467503689000068 52.514514203000033)","Unfall 115108 (2018) Kat:3, Licht: 0","115108","3","3","5","04","15","4","0","0","0","1","0","1"
"POINT (13.357168112000068 52.487144053000065)","Unfall 115109 (2018) Kat:3, Licht: 0","115109","3","5","5","05","18","3","0","0","1","1","0","0"
"POINT (13.295586697000033 52.510771300000044)","Unfall 115110 (2018) Kat:3, Licht: 0","115110","3","6","4","11","13","6","0","0","1","0","0","0"
"POINT (13.354632653000067 52.485419849000039)","Unfall 115111 (2018) Kat:2, Licht: 2","115111","2","7","0","12","19","2","0","2","1","1","0","0"
"POINT (13.440830409000057 52.591783731000078)","Unfall 115112 (2018) Kat:2, Licht: 0","115112","2","7","2","09","13","5","0","0","0","1","0","1"
"POINT (13.371861202000048 52.515838635000080)","Unfall 115113 (2018) Kat:3, Licht: 0","115113","3","1","8","08","08","6","0","0","1","0","0","0"
"POINT (13.402944490000039 52.569316425000068)","Unfall 115114 (2018) Kat:3, Licht: 0","115114","3","3","5","06","10","6","0","0","1","1","0","0"
"POINT (13.616113721000033 52.504773978000060)","Unfall 115115 (2018) Kat:3, Licht: 0","115115","3","6","2","07","18","4","0","0","0","1","0","0"
"POINT (13.388001693000035 52.493595353000046)","Unfall 115116 (2018) Kat:2, Licht: 0","115116","2","4","6","05","07","4","0","0","0","1","1","0"
"POINT (13.476289098000052 52.487739481000062)","Unfall 115117 (2018) Kat:2, Licht: 0","115117","2","1","8","02","13","1","1","0","0","1","0","0"
"POINT (13.456039043000033 52.464612390000070)","Unfall 115118 (2018) Kat:3, Licht: 0","115118","3","6","3","11","13","3","0","0","0","1","0","0"
"POINT (13.536969368000030 52.529601224000032)","Unfall 115119 (2018) Kat:2, Licht: 0","115119","2","7","1","06","14","1","0","0","0","0","0","0"
"POINT (13.178930240000057 52.516544158000045)","Unfall 115120 (2018) Kat:3, Licht: 2","115120","3","2","2","12","15","5","0","2","0","1","0","0"
"POINT (13.356959462000077 52.486910884000054)","Unfall 115121 (2018) Kat:3, Licht: 0","115121","3","3","5","10","13","7","0","0","1","1","0","0"
"POINT (13.413693030000047 52.540875722000067)","Unfall 115122 (2018) Kat:3, Licht: 0","115122","3","1","0","08","17","5","0","0","0","1","0","1"
"POINT (13.424652810000055 52.539191131000052)","Unfall 115123 (2018) Kat:3, Licht: 0","115123","3","6","2","04","07","4","0","0","0","0","0","1"
"POINT (13.464072921000025 52.514713367000070)","Unfall 115124 (2018) Kat:3, Licht: 0","115124","3","6","2","03","12","7","0","0","0","1","0","0"
"POINT (13.367020949000050 52.504467517000080)","Unfall 115125 (2018) Kat:3, Licht: 0","115125","3","6","3","05","17","5","0","0","1","1","0","0"
"POINT (13.437074078000023 52.539839700000073)","Unfall 115126 (2018) Kat:3, Licht: 2","115126","3","3","5","10","06","5","1","2","1","0","0","1"
"POINT (13.289977755000052 52.493956074000039)","Unfall 115127 (2018) Kat:3, Licht: 0","115127","3","1","9","02","05","1","0","0","0","1","0","0"
"POINT (13.476674087000049 52.513441952000051)","Unfall 115128 (2018) Kat:3, Licht: 0","115128","3","2","5","11","10","3","0","0","1","0","0","0"
"POINT (13.378172730000074 52.434570165000082)","Unfall 115129 (2018) Kat:3, Licht: 0","115129","3","6","2","09","11","7","0","0","0","1","0","0"
"POINT (13.475189398000055 52.513719508000065)","Unfall 115130 (2018) Kat:2, Licht: 0","115130","2","4","6","08","14","6","0","0","0","1","1","0"
"POINT (13.286465712000052 52.593348346000028)","Unfall 115131 (2018) Kat:3, Licht: 0","115131","3","6","3","06","07","2","0","0","0","1","0","0"
"POINT (13.476455651000038 52.513462481000033)","Unfall 115132 (2018) Kat:3, Licht: 0","115132","3","2","2","03","10","6","0","0","0","1","0","0"
"POINT (13.258354228000030 52.508525826000039)","Unfall 115133 (2018) Kat:3, Licht: 0","115133","3","4","6","07","07","2","0","0","0","1","1","0"
"POINT (13.464395149000040 52.450467857000035)","Unfall 115134 (2018) Kat:3, Licht: 0","115134","3","6","2","06","09","3","0","0","0","1","0","0"
"POINT (13.314089544000069 52.511981054000046)","Unfall 115135 (2018) Kat:3, Licht: 0","115135","3","4","6","08","10","4","0","0","1","0","1","0"
"POINT (13.387339556000029 52.438952179000069)","Unfall 115136 (2018) Kat:3, Licht: 0","115136","3","6","2","05","17","5","0","0","0","1","0","0"
"POINT (13.396272172000067 52.423493740000026)","Unfall 115137 (2018) Kat:3, Licht: 0","115137","3","2","5","04","06","5","0","0","1","0","0","0"
"POINT (13.399119203000055 52.580155624000042)","Unfall 115138 (2018) Kat:3, Licht: 2","115138","3","1","8","12","05","3","1","2","0","1","0","0"
"POINT (13.283413266000025 52.518241623000051)","Unfall 115139 (2018) Kat:3, Licht: 0","115139","3","6","2","09","12","7","0","0","0","1","0","0"
"POINT (13.310213870000041 52.451676451000026)","Unfall 115140 (2018) Kat:3, Licht: 0","115140","3","1","2","09","15","1","0","0","0","1","0","0"
"POINT (13.258076982000034 52.508506582000052)","Unfall 115141 (2018) Kat:3, Licht: 0","115141","3","6","3","07","20","6","0","0","0","1","0","0"
"POINT (13.365418394000073 52.558434621000060)","Unfall 115142 (2018) Kat:3, Licht: 0","115142","3","6","2","07","13","6","0","0","0","1","0","0"
"POINT (13.451351073000069 52.548480920000031)","Unfall 115143 (2018) Kat:3, Licht: 2","115143","3","6","2","03","17","4","0","2","1","1","0","0"
"POINT (13.581286833000036 52.505085245000032)","Unfall 115144 (2018) Kat:3, Licht: 0","115144","3","2","2","05","15","6","0","0","0","1","0","0"
"POINT (13.376665637000031 52.431379051000079)","Unfall 115145 (2018) Kat:3, Licht: 0","115145","3","6","3","10","12","5","0","0","0","1","0","0"
"POINT (13.450212792000059 52.516114531000028)","Unfall 115146 (2018) Kat:3, Licht: 0","115146","3","7","6","02","10","7","0","0","0","1","1","0"
"POINT (13.385737258000063 52.469320244000073)","Unfall 115147 (2018) Kat:3, Licht: 0","115147","3","6","2","11","11","6","0","0","0","1","0","0"
"POINT (13.377411242000051 52.509563371000070)","Unfall 115148 (2018) Kat:3, Licht: 0","115148","3","3","5","09","12","2","0","0","0","1","0","0"
"POINT (13.363750559000039 52.536104332000036)","Unfall 115149 (2018) Kat:3, Licht: 0","115149","3","1","2","08","14","7","0","0","0","1","0","0"
"POINT (13.470217801000047 52.483212557000058)","Unfall 115150 (2018) Kat:2, Licht: 0","115150","2","7","9","03","17","6","0","0","0","1","0","0"
"POINT (13.280694167000036 52.499771938000038)","Unfall 115151 (2018) Kat:3, Licht: 1","115151","3","6","2","10","06","3","0","1","0","1","0","0"
"POINT (13.347741537000047 52.574413176000064)","Unfall 115152 (2018) Kat:3, Licht: 0","115152","3","2","5","06","12","5","0","0","0","1","0","0"
"POINT (13.452483410000070 52.518425038000032)","Unfall 115153 (2018) Kat:3, Licht: 0","115153","3","2","5","08","15","6","0","0","1","1","0","0"
"POINT (13.390551813000059 52.618601972000079)","Unfall 115154 (2018) Kat:3, Licht: 2","115154","3","2","5","03","20","2","1","2","1","1","0","0"
"POINT (13.297315171000037 52.543410890000075)","Unfall 115155 (2018) Kat:3, Licht: 0","115155","3","6","2","04","19","7","0","0","0","1","0","1"
"POINT (13.385826869000027 52.483546403000048)","Unfall 115156 (2018) Kat:3, Licht: 0","115156","3","6","2","04","12","7","0","0","0","1","0","0"
"POINT (13.462887095000042 52.550881646000050)","Unfall 115157 (2018) Kat:3, Licht: 0","115157","3","1","0","06","12","6","1","0","0","0","0","1"
"POINT (13.416188938000062 52.540538839000078)","Unfall 115158 (2018) Kat:3, Licht: 2","115158","3","2","6","12","17","6","1","2","0","1","1","0"
"POINT (13.375684868000064 52.429297310000038)","Unfall 115159 (2018) Kat:2, Licht: 0","115159","2","3","5","09","12","2","0","0","1","0","0","0"
"POINT (13.433318828000040 52.536220670000034)","Unfall 115160 (2018) Kat:3, Licht: 0","115160","3","6","3","09","18","3","0","0","0","0","0","1"
"POINT (13.448600829000043 52.505030856000076)","Unfall 115161 (2018) Kat:3, Licht: 0","115161","3","4","0","06","16","3","0","0","1","0","1","0"
"POINT (13.453440505000060 52.514911704000042)","Unfall 115162 (2018) Kat:3, Licht: 0","115162","3","6","3","07","17","7","0","0","0","1","0","0"
"POINT (13.360835449000035 52.491783507000036)","Unfall 115163 (2018) Kat:3, Licht: 0","115163","3","6","2","05","13","1","0","0","0","1","0","0"
"POINT (13.297948724000037 52.510926207000068)","Unfall 115164 (2018) Kat:2, Licht: 2","115164","2","4","6","02","18","6","0","2","1","0","1","0"
"POINT (13.524023066000041 52.509715235000044)","Unfall 115165 (2018) Kat:1, Licht: 2","115165","1","4","6","11","06","7","0","2","0","1","1","0"
"POINT (13.099439911000047 52.413805239000055)","Unfall 115167 (2018) Kat:3, Licht: 0","115167","3","7","5","10","11","4","0","0","1","1","0","0"
"POINT (13.374585009000043 52.427164919000063)","Unfall 115168 (2018) Kat:3, Licht: 0","115168","3","2","5","08","15","2","0","0","1","1","0","0"
"POINT (13.196535246000053 52.419972186000052)","Unfall 115169 (2018) Kat:3, Licht: 0","115169","3","2","2","04","12","1","0","0","0","1","0","0"
"POINT (13.206094566000047 52.511195309000072)","Unfall 115170 (2018) Kat:3, Licht: 0","115170","3","7","0","04","11","2","0","0","1","0","0","0"
"POINT (13.457855488000064 52.491960816000073)","Unfall 115171 (2018) Kat:3, Licht: 0","115171","3","6","2","05","16","2","0","0","0","1","0","0"
"POINT (13.258339674000069 52.508524832000035)","Unfall 115172 (2018) Kat:3, Licht: 1","115172","3","4","6","10","18","3","1","1","0","1","1","0"
"POINT (13.377436149000062 52.470118613000068)","Unfall 115173 (2018) Kat:3, Licht: 0","115173","3","6","3","02","11","6","0","0","0","1","0","0"
"POINT (13.283915387000036 52.496335199000043)","Unfall 115174 (2018) Kat:3, Licht: 2","115174","3","6","2","12","17","1","1","2","0","1","0","0"
"POINT (13.548455499000056 52.551105378000045)","Unfall 115175 (2018) Kat:3, Licht: 0","115175","3","6","2","09","09","4","0","0","0","1","0","0"
"POINT (13.398984121000069 52.573417866000057)","Unfall 115176 (2018) Kat:3, Licht: 0","115176","3","2","5","08","16","5","1","0","1","1","0","0"
"POINT (13.448179008000068 52.525317062000056)","Unfall 115177 (2018) Kat:3, Licht: 0","115177","3","7","0","06","19","5","0","0","1","0","0","0"
"POINT (13.367329939000058 52.531477575000054)","Unfall 115178 (2018) Kat:3, Licht: 0","115178","3","6","3","07","14","3","0","0","0","0","0","1"
"POINT (13.385496698000054 52.469372875000033)","Unfall 115179 (2018) Kat:3, Licht: 0","115179","3","3","5","02","09","5","0","0","1","1","0","0"
"POINT (13.385502838000036 52.466507242000034)","Unfall 115180 (2018) Kat:3, Licht: 0","115180","3","6","0","11","11","7","0","0","0","1","0","0"
"POINT (13.448696046000066 52.524555259000067)","Unfall 115181 (2018) Kat:3, Licht: 0","115181","3","7","1","06","16","5","0","0","0","1","0","0"
"POINT (13.190782140000067 52.514289607000080)","Unfall 115182 (2018) Kat:3, Licht: 0","115182","3","6","3","05","14","3","0","0","0","1","0","1"
"POINT (13.289088792000030 52.494176443000072)","Unfall 115183 (2018) Kat:3, Licht: 2","115183","3","1","8","12","17","1","1","2","0","1","0","0"
"POINT (13.427155998000046 52.461589784000068)","Unfall 115184 (2018) Kat:3, Licht: 0","115184","3","6","2","10","09","5","0","0","0","1","0","0"
"POINT (13.307784023000067 52.511759749000078)","Unfall 115185 (2018) Kat:3, Licht: 0","115185","3","2","5","02","15","5","0","0","1","1","0","0"
"POINT (13.303629478000062 52.449223384000049)","Unfall 115186 (2018) Kat:2, Licht: 0","115186","2","2","5","07","14","2","0","0","1","1","0","0"
"POINT (13.459198733000051 52.492873493000047)","Unfall 115187 (2018) Kat:3, Licht: 0","115187","3","2","5","04","10","3","0","0","0","1","0","0"
"POINT (13.574339614000053 52.505197236000072)","Unfall 115188 (2018) Kat:2, Licht: 0","115188","2","3","5","07","10","7","0","0","1","1","0","0"
"POINT (13.277763240000070 52.509830950000037)","Unfall 115189 (2018) Kat:3, Licht: 2","115189","3","3","5","03","19","4","0","2","1","1","0","0"
"POINT (13.191602376000048 52.426371671000027)","Unfall 115190 (2018) Kat:3, Licht: 0","115190","3","6","0","05","16","3","0","0","0","1","0","0"
"POINT (13.407889144000023 52.515673811000056)","Unfall 115191 (2018) Kat:3, Licht: 0","115191","3","6","3","10","15","2","1","0","0","1","0","1"
"POINT (13.281768586000055 52.510089929000060)","Unfall 115192 (2018) Kat:3, Licht: 0","115192","3","4","6","02","13","4","0","0","0","1","1","0"
"POINT (13.385740864000070 52.469464155000026)","Unfall 115193 (2018) Kat:3, Licht: 0","115193","3","2","5","11","10","7","0","0","0","1","0","0"
"POINT (13.401725358000022 52.511338289000037)","Unfall 115194 (2018) Kat:3, Licht: 0","115194","3","7","5","09","16","6","0","0","1","1","0","0"
"POINT (13.262449559000061 52.508760119000044)","Unfall 115195 (2018) Kat:2, Licht: 0","115195","2","6","2","08","12","4","0","0","0","1","0","0"
"POINT (13.283015680000062 52.529053616000056)","Unfall 115196 (2018) Kat:3, Licht: 0","115196","3","6","3","03","07","6","1","0","0","1","0","0"
"POINT (13.271432835000041 52.438256465000052)","Unfall 115197 (2018) Kat:2, Licht: 2","115197","2","3","5","08","22","2","0","2","0","1","0","0"
"POINT (13.451193416000024 52.508910773000082)","Unfall 115198 (2018) Kat:3, Licht: 0","115198","3","7","0","04","11","2","0","0","1","0","0","0"
"POINT (13.271374110000068 52.438427160000060)","Unfall 115199 (2018) Kat:2, Licht: 0","115199","2","2","5","04","15","3","0","0","0","1","0","1"
"POINT (13.332151731000067 52.513193480000041)","Unfall 115200 (2018) Kat:3, Licht: 0","115200","3","3","5","05","07","3","0","0","1","0","0","0"
"POINT (13.293725904000041 52.537235911000039)","Unfall 115201 (2018) Kat:3, Licht: 0","115201","3","6","2","10","14","4","0","0","0","1","0","1"
"POINT (13.379069907000030 52.509674871000072)","Unfall 115202 (2018) Kat:2, Licht: 2","115202","2","7","5","02","21","4","0","2","0","0","0","1"
"POINT (13.531431069000064 52.510263443000042)","Unfall 115203 (2018) Kat:3, Licht: 2","115203","3","6","2","12","18","2","0","2","0","1","0","0"
"POINT (13.416233893000026 52.522068038000043)","Unfall 115204 (2018) Kat:3, Licht: 0","115204","3","2","5","09","18","4","0","0","1","1","0","0"
"POINT (13.537642629000061 52.536614276000080)","Unfall 115205 (2018) Kat:3, Licht: 0","115205","3","7","5","08","13","5","1","0","0","1","0","1"
"POINT (13.385864232000074 52.486979102000078)","Unfall 115206 (2018) Kat:2, Licht: 0","115206","2","7","5","06","19","5","0","0","0","1","0","1"
"POINT (13.427811996000059 52.518911810000077)","Unfall 115207 (2018) Kat:3, Licht: 0","115207","3","6","3","07","07","4","0","0","1","0","0","0"
"POINT (13.368878427000027 52.507317905000036)","Unfall 115208 (2018) Kat:2, Licht: 2","115208","2","3","5","02","18","4","0","2","0","1","0","1"
"POINT (13.407032250000043 52.461800009000058)","Unfall 115209 (2018) Kat:3, Licht: 2","115209","3","1","2","11","02","2","0","2","0","1","0","0"
"POINT (13.249965461000045 52.508007170000042)","Unfall 115210 (2018) Kat:3, Licht: 0","115210","3","6","2","06","18","6","0","0","0","1","0","0"
"POINT (13.467498974000023 52.514514670000040)","Unfall 115211 (2018) Kat:2, Licht: 0","115211","2","2","5","05","20","3","0","0","0","1","0","1"
"POINT (13.279896742000062 52.500379964000047)","Unfall 115212 (2018) Kat:3, Licht: 0","115212","3","6","2","12","15","5","1","0","0","1","0","0"
"POINT (13.482729103000054 52.512839673000030)","Unfall 115213 (2018) Kat:3, Licht: 0","115213","3","3","5","10","16","5","0","0","1","0","0","0"
"POINT (13.310150017000069 52.564160258000072)","Unfall 115214 (2018) Kat:3, Licht: 2","115214","3","6","3","02","17","4","0","2","0","1","0","0"
"POINT (13.447471663000044 52.463319598000055)","Unfall 115215 (2018) Kat:3, Licht: 0","115215","3","6","2","07","12","3","0","0","0","1","0","0"
"POINT (13.283291123000026 52.497088393000070)","Unfall 115216 (2018) Kat:2, Licht: 0","115216","2","6","2","04","14","4","0","0","0","1","0","0"
"POINT (13.419725752000033 52.525296679000064)","Unfall 115217 (2018) Kat:2, Licht: 0","115217","2","2","5","07","17","2","0","0","0","1","0","0"
"POINT (13.324972433000028 52.606611612000052)","Unfall 115218 (2018) Kat:3, Licht: 0","115218","3","6","2","03","14","5","1","0","0","1","0","0"
"POINT (13.451132868000059 52.509752541000069)","Unfall 115219 (2018) Kat:3, Licht: 0","115219","3","6","3","05","15","4","0","0","1","1","0","0"
"POINT (13.368434175000061 52.506455145000075)","Unfall 115220 (2018) Kat:3, Licht: 0","115220","3","6","2","10","07","3","1","0","0","1","0","1"
"POINT (13.493162696000070 52.436293104000072)","Unfall 115221 (2018) Kat:2, Licht: 2","115221","2","6","3","02","01","4","0","2","0","1","0","0"
"POINT (13.281185846000028 52.498837960000060)","Unfall 115222 (2018) Kat:3, Licht: 1","115222","3","6","2","11","16","2","0","1","0","1","0","0"
"POINT (13.364402287000075 52.563801498000032)","Unfall 115223 (2018) Kat:3, Licht: 0","115223","3","2","5","09","12","6","0","0","0","1","0","0"
"POINT (13.320572226000024 52.454852482000035)","Unfall 115224 (2018) Kat:2, Licht: 0","115224","2","6","2","08","18","5","0","0","0","1","0","1"
"POINT (13.398791987000038 52.572366160000058)","Unfall 115225 (2018) Kat:3, Licht: 0","115225","3","2","5","06","10","7","0","0","1","1","0","0"
"POINT (13.327034644000037 52.477817025000036)","Unfall 115226 (2018) Kat:3, Licht: 0","115226","3","6","2","03","14","6","0","0","0","1","0","0"
"POINT (13.350717659000054 52.483155450000027)","Unfall 115227 (2018) Kat:2, Licht: 0","115227","2","5","1","06","18","7","0","0","0","0","0","0"
"POINT (13.411064145000068 52.518671762000054)","Unfall 115228 (2018) Kat:3, Licht: 0","115228","3","6","3","06","16","2","0","0","0","1","0","0"
"POINT (13.380650593000041 52.438119297000071)","Unfall 115229 (2018) Kat:3, Licht: 0","115229","3","6","2","08","15","4","0","0","0","1","0","0"
"POINT (13.311238221000053 52.481081576000065)","Unfall 115230 (2018) Kat:3, Licht: 0","115230","3","6","2","05","09","5","0","0","0","1","0","0"
"POINT (13.553876186000025 52.509325615000080)","Unfall 115231 (2018) Kat:3, Licht: 1","115231","3","6","2","04","05","4","0","1","0","1","0","0"
"POINT (13.420677566000052 52.520870567000031)","Unfall 115232 (2018) Kat:3, Licht: 2","115232","3","4","6","12","21","6","0","2","1","0","1","0"
"POINT (13.428062662000059 52.518931468000062)","Unfall 115233 (2018) Kat:3, Licht: 0","115233","3","6","3","09","08","6","0","0","0","1","0","0"
"POINT (13.363874760000044 52.414152196000032)","Unfall 115234 (2018) Kat:3, Licht: 2","115234","3","3","5","09","20","6","0","2","0","1","0","0"
"POINT (13.437174744000060 52.534076537000033)","Unfall 115235 (2018) Kat:3, Licht: 0","115235","3","2","0","07","18","5","0","0","0","1","0","0"
"POINT (13.444984718000057 52.545524488000069)","Unfall 115236 (2018) Kat:2, Licht: 0","115236","2","2","5","07","08","6","0","0","1","1","0","0"
"POINT (13.215668529000027 52.427549359000068)","Unfall 115237 (2018) Kat:2, Licht: 0","115237","2","4","6","03","06","3","0","0","1","0","1","0"
"POINT (13.458284964000029 52.492289522000078)","Unfall 115238 (2018) Kat:3, Licht: 0","115238","3","6","2","05","14","5","0","0","0","1","0","1"
"POINT (13.381682058000024 52.470061320000070)","Unfall 115239 (2018) Kat:3, Licht: 0","115239","3","2","2","02","07","4","0","0","0","1","0","0"
"POINT (13.403809319000061 52.512585611000077)","Unfall 115240 (2018) Kat:3, Licht: 2","115240","3","6","2","11","19","5","0","2","0","1","0","0"
"POINT (13.281924433000029 52.509934689000033)","Unfall 115241 (2018) Kat:2, Licht: 0","115241","2","2","5","09","11","1","0","0","0","1","0","0"
"POINT (13.359053227000061 52.573384853000050)","Unfall 115242 (2018) Kat:3, Licht: 0","115242","3","2","5","08","08","7","0","0","0","1","0","0"
"POINT (13.398381968000024 52.579170066000074)","Unfall 115243 (2018) Kat:3, Licht: 0","115243","3","6","0","03","17","5","0","0","0","0","0","0"
"POINT (13.314402978000032 52.512001629000054)","Unfall 115245 (2018) Kat:3, Licht: 0","115245","3","6","2","10","11","3","0","0","0","1","0","0"
"POINT (13.365501270000038 52.557972327000073)","Unfall 115246 (2018) Kat:3, Licht: 0","115246","3","3","5","08","13","5","0","0","0","1","0","1"
"POINT (13.468552138000064 52.484336848000055)","Unfall 115247 (2018) Kat:3, Licht: 0","115247","3","7","0","04","11","6","0","0","1","1","0","0"
"POINT (13.282894919000057 52.441821854000068)","Unfall 115248 (2018) Kat:2, Licht: 0","115248","2","2","2","04","16","6","0","0","1","1","0","0"
"POINT (13.295176141000070 52.539520722000077)","Unfall 115249 (2018) Kat:3, Licht: 0","115249","3","6","2","05","19","5","0","0","0","1","0","0"
"POINT (13.438526261000050 52.462713575000066)","Unfall 115250 (2018) Kat:3, Licht: 0","115250","3","1","2","12","08","6","1","0","0","1","0","0"
"POINT (13.282636250000053 52.441742928000053)","Unfall 115251 (2018) Kat:3, Licht: 0","115251","3","2","5","09","15","1","1","0","0","1","0","0"
"POINT (13.413757766000060 52.550760912000044)","Unfall 115252 (2018) Kat:3, Licht: 0","115252","3","2","5","09","07","3","0","0","1","1","0","0"
"POINT (13.391899078000051 52.431209046000049)","Unfall 115253 (2018) Kat:3, Licht: 2","115253","3","1","1","06","00","2","0","2","0","1","0","0"
"POINT (13.406901730000072 52.392658494000045)","Unfall 115254 (2018) Kat:2, Licht: 0","115254","2","2","5","07","05","6","0","0","0","1","0","1"
"POINT (13.365497879000031 52.557988968000075)","Unfall 115255 (2018) Kat:3, Licht: 0","115255","3","3","5","05","17","7","0","0","0","1","0","0"
"POINT (13.358051232000037 52.488141998000060)","Unfall 115256 (2018) Kat:3, Licht: 0","115256","3","5","1","02","14","4","0","0","1","1","0","0"
"POINT (13.366926644000046 52.417945170000053)","Unfall 115257 (2018) Kat:3, Licht: 0","115257","3","4","6","11","09","6","0","0","0","1","1","0"
"POINT (13.346530560000076 52.477040200000033)","Unfall 115259 (2018) Kat:3, Licht: 0","115259","3","6","2","10","16","3","0","0","0","1","0","0"
"POINT (13.352272014000050 52.480040622000047)","Unfall 115260 (2018) Kat:3, Licht: 0","115260","3","4","6","03","14","2","1","0","1","0","1","0"
"POINT (13.537651467000046 52.526868688000036)","Unfall 115261 (2018) Kat:2, Licht: 0","115261","2","1","0","08","19","1","0","0","1","0","0","0"
"POINT (13.239224136000075 52.507341844000052)","Unfall 115262 (2018) Kat:2, Licht: 0","115262","2","6","3","04","10","7","0","0","1","0","0","0"