WKT,Name,OBJECTID,UKATEGORIE,UTYP1,UART,UMONAT,USTUNDE,UWOCHENTAG,STRZUSTAND,ULICHTVERH,ISTRAD,ISTPKW,ISTFUSS,ISTKRAD
"POINT (13.424168243000054 52.539301182000031)","Unfall 115263 (2018) Kat:3, Licht: 0","115263","3","3","5","04","09","1","1","0","0","1","0","0"
"POINT (13.416336508000029 52.522024068000064)","Unfall 115264 (2018) Kat:2, Licht: 0","115264","2","2","5","05","08","1","0","0","0","1","0","0"
"POINT (13.401882878000038 52.465003839000076)","Unfall 115265 (2018) Kat:3, Licht: 0","115265","3","3","5","10","13","3","0","0","0","1","0","1"
"POINT (13.385536049000052 52.471062240000037)","Unfall 115266 (2018) Kat:3, Licht: 0","115266","3","6","2","02","13","4","0","0","0","1","0","0"
"POINT (13.613009256000055 52.504768052000031)","Unfall 115267 (2018) Kat:3, Licht: 2","115267","3","6","2","11","21","6","1","2","0","1","0","0"
"POINT (13.414637114000072 52.556074641000066)","Unfall 115268 (2018) Kat:3, Licht: 0","115268","3","2","5","09","17","3","0","0","1","1","0","0"
"POINT (13.412467753000044 52.542873930000042)","Unfall 115269 (2018) Kat:3, Licht: 0","115269","3","5","1","08","10","4","0","0","1","1","0","0"
"POINT (13.324308605000056 52.607420509000065)","Unfall 115270 (2018) Kat:2, Licht: 0","115270","2","3","5","06","15","4","0","0","1","1","0","0"
"POINT (13.354014849000066 52.477040407000061)","Unfall 115271 (2018) Kat:2, Licht: 0","115271","2","6","3","07","17","3","0","0","0","1","0","1"
"POINT (13.481591770000023 52.512953328000037)","Unfall 115272 (2018) Kat:3, Licht: 0","115272","3","6","2","06","07","5","0","0","0","1","0","0"
"POINT (13.467147700000055 52.485284332000049)","Unfall 115273 (2018) Kat:2, Licht: 2","115273","2","4","6","05","21","2","0","2","0","0","1","1"
"POINT (13.360933790000047 52.492865041000073)","Unfall 115274 (2018) Kat:3, Licht: 2","115274","3","6","1","04","01","1","0","2","0","1","0","0"
"POINT (13.348308258000031 52.481764235000071)","Unfall 115275 (2018) Kat:2, Licht: 2","115275","2","7","5","12","18","7","1","2","0","1","0","0"
"POINT (13.383914122000022 52.457336120000036)","Unfall 115276 (2018) Kat:3, Licht: 2","115276","3","6","2","10","20","3","1","2","0","1","0","0"
"POINT (13.453778330000034 52.515787120000027)","Unfall 115277 (2018) Kat:3, Licht: 0","115277","3","2","5","02","12","4","0","0","0","1","0","0"
"POINT (13.348559347000048 52.481859505000045)","Unfall 115278 (2018) Kat:3, Licht: 0","115278","3","2","5","07","10","2","0","0","1","0","0","0"
"POINT (13.305300278000061 52.511598657000036)","Unfall 115279 (2018) Kat:3, Licht: 0","115279","3","6","2","04","14","3","0","0","0","1","0","0"
"POINT (13.346554820000051 52.579448482000032)","Unfall 115280 (2018) Kat:3, Licht: 0","115280","3","2","5","07","06","5","0","0","1","1","0","0"
"POINT (13.387611444000072 52.438998106000042)","Unfall 115281 (2018) Kat:3, Licht: 0","115281","3","2","5","03","08","3","1","0","0","1","0","0"
"POINT (13.384375620000071 52.452652899000043)","Unfall 115282 (2018) Kat:3, Licht: 0","115282","3","2","5","05","05","3","0","0","0","1","0","0"
"POINT (13.417791445000034 52.460810622000054)","Unfall 115283 (2018) Kat:3, Licht: 0","115283","3","6","2","10","14","2","0","0","0","1","0","0"
"POINT (13.283923070000071 52.496325044000059)","Unfall 115284 (2018) Kat:3, Licht: 0","115284","3","6","2","02","11","4","0","0","0","0","0","0"
"POINT (13.384018319000063 52.456708665000065)","Unfall 115285 (2018) Kat:3, Licht: 0","115285","3","5","1","11","11","5","0","0","1","0","0","0"
"POINT (13.353514626000049 52.479274804000056)","Unfall 115286 (2018) Kat:3, Licht: 2","115286","3","1","0","09","19","5","1","2","0","0","0","1"
"POINT (13.293028931000038 52.535553792000030)","Unfall 115287 (2018) Kat:3, Licht: 0","115287","3","6","2","08","17","3","0","0","0","1","0","0"
"POINT (13.368371500000023 52.505837835000079)","Unfall 115288 (2018) Kat:3, Licht: 0","115288","3","2","6","03","09","5","0","0","0","1","1","0"
"POINT (13.281794356000034 52.505832894000037)","Unfall 115289 (2018) Kat:3, Licht: 0","115289","3","6","2","06","16","6","0","0","0","1","0","0"
"POINT (13.459958267000047 52.515273108000031)","Unfall 115290 (2018) Kat:2, Licht: 2","115290","2","6","2","06","02","7","0","2","0","1","0","0"
"POINT (13.412757183000053 52.544613640000080)","Unfall 115291 (2018) Kat:3, Licht: 0","115291","3","6","1","08","15","2","0","0","0","1","0","0"
"POINT (13.332063861000051 52.599740584000074)","Unfall 115292 (2018) Kat:3, Licht: 0","115292","3","3","5","05","12","4","0","0","1","1","0","0"
"POINT (13.457038989000068 52.549704762000033)","Unfall 115293 (2018) Kat:3, Licht: 0","115293","3","4","0","04","16","3","0","0","0","0","1","0"
"POINT (13.166575046000048 52.420360888000062)","Unfall 115294 (2018) Kat:3, Licht: 2","115294","3","1","0","12","20","3","1","2","1","0","0","0"
"POINT (13.302329705000034 52.550051814000028)","Unfall 115295 (2018) Kat:2, Licht: 0","115295","2","1","0","09","15","4","0","0","0","0","0","1"
"POINT (13.562549602000047 52.508274542000038)","Unfall 115296 (2018) Kat:3, Licht: 0","115296","3","6","3","09","15","5","0","0","0","1","0","0"
"POINT (13.318763586000046 52.610888841000076)","Unfall 115297 (2018) Kat:3, Licht: 0","115297","3","2","5","07","17","3","0","0","1","1","0","0"
"POINT (13.438775996000061 52.517265218000034)","Unfall 115298 (2018) Kat:3, Licht: 2","115298","3","7","6","07","23","4","1","2","1","0","1","0"
"POINT (13.370107339000072 52.539744913000050)","Unfall 115299 (2018) Kat:3, Licht: 0","115299","3","6","2","05","13","4","0","0","0","1","0","0"
"POINT (13.323816944000043 52.607855122000046)","Unfall 115300 (2018) Kat:3, Licht: 2","115300","3","6","2","02","18","3","0","2","0","1","0","0"
"POINT (13.448063211000033 52.526149277000059)","Unfall 115301 (2018) Kat:3, Licht: 0","115301","3","6","2","11","07","3","1","0","0","1","0","0"
"POINT (13.553003295000053 52.509059614000080)","Unfall 115302 (2018) Kat:3, Licht: 0","115302","3","2","5","08","18","5","0","0","1","1","0","0"
"POINT (13.438884630000075 52.540994587000057)","Unfall 115303 (2018) Kat:2, Licht: 0","115303","2","4","6","03","12","5","1","0","0","1","1","0"
"POINT (13.460030072000052 52.515120941000077)","Unfall 115305 (2018) Kat:3, Licht: 0","115305","3","6","3","10","15","7","0","0","1","1","0","0"
"POINT (13.456952371000057 52.459975306000047)","Unfall 115306 (2018) Kat:3, Licht: 0","115306","3","6","2","08","15","4","0","0","0","1","0","0"
"POINT (13.311383678000027 52.627414565000038)","Unfall 115307 (2018) Kat:3, Licht: 0","115307","3","6","2","04","10","5","0","0","0","1","0","1"
"POINT (13.305293855000059 52.572620223000058)","Unfall 115308 (2018) Kat:3, Licht: 0","115308","3","6","3","04","15","5","0","0","0","1","0","0"
"POINT (13.403488163000077 52.463639962000059)","Unfall 115309 (2018) Kat:3, Licht: 0","115309","3","6","3","05","07","4","0","0","0","1","0","0"
"POINT (13.386199550000072 52.443111072000079)","Unfall 115310 (2018) Kat:3, Licht: 0","115310","3","7","6","06","11","7","0","0","0","0","1","0"
"POINT (13.433480853000049 52.585072411000056)","Unfall 115311 (2018) Kat:3, Licht: 0","115311","3","6","2","06","11","2","0","0","0","1","0","0"
"POINT (13.298422691000042 52.510957017000067)","Unfall 115312 (2018) Kat:3, Licht: 0","115312","3","4","6","08","07","3","0","0","0","1","1","0"
"POINT (13.388400328000046 52.517120241000043)","Unfall 115313 (2018) Kat:3, Licht: 0","115313","3","4","6","05","14","5","0","0","0","0","1","0"
"POINT (13.385307296000065 52.463233135000053)","Unfall 115314 (2018) Kat:3, Licht: 0","115314","3","6","2","04","17","3","0","0","0","1","0","0"
"POINT (13.516968383000062 52.509962700000074)","Unfall 115315 (2018) Kat:3, Licht: 2","115315","3","5","1","12","06","6","0","2","0","1","0","0"
"POINT (13.462814346000073 52.514843713000062)","Unfall 115316 (2018) Kat:3, Licht: 0","115316","3","6","0","09","10","5","0","0","1","0","1","0"
"POINT (13.493228913000053 52.511733565000043)","Unfall 115317 (2018) Kat:3, Licht: 0","115317","3","2","2","09","11","6","1","0","0","1","0","0"
"POINT (13.412576768000065 52.519527566000079)","Unfall 115318 (2018) Kat:3, Licht: 0","115318","3","7","0","07","08","4","0","0","1","1","0","0"
"POINT (13.429657502000055 52.554230110000049)","Unfall 115319 (2018) Kat:2, Licht: 0","115319","2","2","5","07","15","4","0","0","0","1","0","1"
"POINT (13.476969878000034 52.513413332000027)","Unfall 115320 (2018) Kat:3, Licht: 0","115320","3","2","2","05","09","5","0","0","0","1","0","0"
"POINT (13.298648373000049 52.488905236000051)","Unfall 115321 (2018) Kat:3, Licht: 2","115321","3","6","2","02","16","3","0","2","0","1","0","0"
"POINT (13.421312007000040 52.526564117000078)","Unfall 115322 (2018) Kat:2, Licht: 0","115322","2","1","8","11","11","4","0","0","0","1","0","0"
"POINT (13.404586320000021 52.520019972000057)","Unfall 115323 (2018) Kat:3, Licht: 0","115323","3","2","5","08","08","6","0","0","1","1","0","0"
"POINT (13.590920347000065 52.505089216000044)","Unfall 115324 (2018) Kat:2, Licht: 0","115324","2","3","5","03","09","5","1","0","0","1","0","0"
"POINT (13.412381473000039 52.541824838000082)","Unfall 115326 (2018) Kat:2, Licht: 2","115326","2","1","0","10","00","2","1","2","1","0","0","0"
"POINT (13.385842991000061 52.485656951000067)","Unfall 115327 (2018) Kat:3, Licht: 0","115327","3","6","2","08","09","5","0","0","0","1","0","0"
"POINT (13.346057625000071 52.514303980000079)","Unfall 115328 (2018) Kat:3, Licht: 1","115328","3","5","1","04","19","5","1","1","1","0","0","0"
"POINT (13.309057714000062 52.511651612000037)","Unfall 115329 (2018) Kat:3, Licht: 2","115329","3","6","2","04","01","6","0","2","0","1","0","0"
"POINT (13.368611261000069 52.506235154000080)","Unfall 115330 (2018) Kat:3, Licht: 0","115330","3","3","5","05","11","5","0","0","0","1","0","0"
"POINT (13.396051204000059 52.423272628000063)","Unfall 115331 (2018) Kat:3, Licht: 1","115331","3","2","6","12","16","5","1","1","0","1","1","0"
"POINT (13.382388953000032 52.498651607000056)","Unfall 115332 (2018) Kat:3, Licht: 2","115332","3","6","0","09","20","6","1","2","0","1","0","0"
"POINT (13.197185614000034 52.415693129000033)","Unfall 115333 (2018) Kat:3, Licht: 0","115333","3","6","2","09","13","2","0","0","0","1","0","1"
"POINT (13.453765959000066 52.515679693000038)","Unfall 115334 (2018) Kat:3, Licht: 0","115334","3","7","6","06","16","7","0","0","1","0","1","0"
"POINT (13.355812685000046 52.473505394000028)","Unfall 115335 (2018) Kat:3, Licht: 0","115335","3","6","2","07","11","5","0","0","0","1","0","0"
"POINT (13.411413655000047 52.518921685000066)","Unfall 115336 (2018) Kat:3, Licht: 0","115336","3","6","3","05","17","5","0","0","0","1","0","0"
"POINT (13.365360232000057 52.502700876000063)","Unfall 115337 (2018) Kat:3, Licht: 2","115337","3","6","2","02","18","3","0","2","0","1","0","0"
"POINT (13.152749260000064 52.498263120000047)","Unfall 115338 (2018) Kat:3, Licht: 2","115338","3","6","2","11","17","5","0","2","0","1","0","0"
"POINT (13.424261550000040 52.539045745000067)","Unfall 115340 (2018) Kat:3, Licht: 0","115340","3","2","5","10","08","3","0","0","0","1","0","0"
"POINT (13.447459021000043 52.516392695000036)","Unfall 115341 (2018) Kat:2, Licht: 0","115341","2","6","2","08","08","1","0","0","0","1","0","0"
"POINT (13.239730510000072 52.507373007000069)","Unfall 115342 (2018) Kat:2, Licht: 0","115342","2","6","3","04","10","7","0","0","1","0","0","0"
"POINT (13.362342632000036 52.567410412000072)","Unfall 115343 (2018) Kat:3, Licht: 0","115343","3","5","1","03","18","5","0","0","1","0","0","0"
"POINT (13.421546995000028 52.539698731000044)","Unfall 115344 (2018) Kat:2, Licht: 0","115344","2","4","6","05","11","7","0","0","1","0","1","0"
"POINT (13.432349892000047 52.535395979000043)","Unfall 115345 (2018) Kat:3, Licht: 1","115345","3","3","5","10","18","2","1","1","1","0","0","0"
"POINT (13.322968012000047 52.512681918000055)","Unfall 115346 (2018) Kat:3, Licht: 2","115346","3","2","3","02","19","3","0","2","0","1","0","1"
"POINT (13.159959464000053 52.419551832000082)","Unfall 115347 (2018) Kat:1, Licht: 2","115347","1","4","6","11","16","6","1","2","0","1","1","0"
"POINT (13.453808966000054 52.514708754000026)","Unfall 115348 (2018) Kat:3, Licht: 0","115348","3","6","0","09","12","3","0","0","1","0","0","0"
"POINT (13.555750126000078 52.508858258000032)","Unfall 115349 (2018) Kat:3, Licht: 0","115349","3","6","3","08","13","3","0","0","0","1","0","0"
"POINT (13.428144453000073 52.461616742000047)","Unfall 115350 (2018) Kat:3, Licht: 0","115350","3","6","2","06","10","4","0","0","0","1","0","0"
"POINT (13.347040509000067 52.472428424000043)","Unfall 115351 (2018) Kat:2, Licht: 0","115351","2","1","8","07","16","3","0","0","0","1","0","1"
"POINT (13.412410238000064 52.460745220000035)","Unfall 115352 (2018) Kat:3, Licht: 0","115352","3","1","8","06","16","4","0","0","0","0","0","1"
"POINT (13.365501705000042 52.557970193000074)","Unfall 115353 (2018) Kat:3, Licht: 2","115353","3","3","5","05","23","1","0","2","0","1","0","0"
"POINT (13.300018998000041 52.547509518000027)","Unfall 115354 (2018) Kat:2, Licht: 0","115354","2","6","2","04","14","6","0","0","0","1","0","1"
"POINT (13.395589790000031 52.424085922000074)","Unfall 115355 (2018) Kat:3, Licht: 0","115355","3","6","2","12","11","6","1","0","0","1","0","0"
"POINT (13.359923827000046 52.572068909000052)","Unfall 115356 (2018) Kat:3, Licht: 0","115356","3","6","2","10","15","3","1","0","0","1","0","1"
"POINT (13.360186577000036 52.474341152000079)","Unfall 115357 (2018) Kat:3, Licht: 0","115357","3","6","2","02","14","3","0","0","0","1","0","0"
"POINT (13.281643275000022 52.525955861000057)","Unfall 115358 (2018) Kat:3, Licht: 0","115358","3","6","2","07","11","1","0","0","0","1","0","0"
"POINT (13.295044164000046 52.491516518000026)","Unfall 115359 (2018) Kat:3, Licht: 0","115359","3","6","3","04","17","2","1","0","0","1","0","0"
"POINT (13.452237516000025 52.515909966000038)","Unfall 115360 (2018) Kat:3, Licht: 0","115360","3","6","2","07","17","4","0","0","1","0","0","0"
"POINT (13.409017256000027 52.516613050000046)","Unfall 115361 (2018) Kat:3, Licht: 0","115361","3","6","2","03","14","2","0","0","0","1","0","0"
"POINT (13.368335440000067 52.541111075000060)","Unfall 115362 (2018) Kat:3, Licht: 0","115362","3","2","5","05","12","2","0","0","0","1","0","0"
"POINT (13.249744640000074 52.507993562000081)","Unfall 115363 (2018) Kat:3, Licht: 0","115363","3","2","2","10","14","1","0","0","0","1","0","0"
"POINT (13.424030751000032 52.539097277000053)","Unfall 115364 (2018) Kat:3, Licht: 0","115364","3","2","5","02","07","3","0","0","0","1","0","0"
"POINT (13.366994162000026 52.551973533000080)","Unfall 115365 (2018) Kat:3, Licht: 1","115365","3","5","1","11","17","3","0","1","1","1","0","0"
"POINT (13.306990077000023 52.481620397000029)","Unfall 115366 (2018) Kat:3, Licht: 0","115366","3","6","2","09","15","5","0","0","0","1","0","0"
"POINT (13.455303664000041 52.515759081000056)","Unfall 115367 (2018) Kat:3, Licht: 0","115367","3","6","0","08","08","3","0","0","0","1","0","1"
"POINT (13.285164372000054 52.511130837000053)","Unfall 115368 (2018) Kat:2, Licht: 0","115368","2","7","0","03","16","5","0","0","0","1","0","0"
"POINT (13.364509176000070 52.562071131000039)","Unfall 115369 (2018) Kat:3, Licht: 2","115369","3","3","5","06","22","5","0","2","0","0","0","1"
"POINT (13.351993125000035 52.480316713000036)","Unfall 115370 (2018) Kat:3, Licht: 0","115370","3","5","1","06","18","6","0","0","0","1","0","1"
"POINT (13.282497043000035 52.509971603000054)","Unfall 115371 (2018) Kat:2, Licht: 0","115371","2","6","3","08","16","1","0","0","1","1","0","0"
"POINT (13.402800148000040 52.580758058000072)","Unfall 115372 (2018) Kat:3, Licht: 0","115372","3","6","0","05","17","4","0","0","0","1","0","0"
"POINT (13.375523785000041 52.428955336000058)","Unfall 115373 (2018) Kat:3, Licht: 0","115373","3","3","5","04","17","2","0","0","0","1","0","1"
"POINT (13.323907952000070 52.607774674000041)","Unfall 115374 (2018) Kat:3, Licht: 0","115374","3","2","6","12","12","3","1","0","0","0","1","0"
"POINT (13.418296714000064 52.523641407000071)","Unfall 115375 (2018) Kat:3, Licht: 0","115375","3","6","2","09","14","3","0","0","0","1","0","0"
"POINT (13.546446222000043 52.509696555000062)","Unfall 115376 (2018) Kat:3, Licht: 0","115376","3","6","2","09","10","5","0","0","0","1","0","0"
"POINT (13.546089732000041 52.509753927000077)","Unfall 115377 (2018) Kat:3, Licht: 0","115377","3","6","2","07","08","3","0","0","0","1","0","1"
"POINT (13.616432775000021 52.504752941000049)","Unfall 115378 (2018) Kat:3, Licht: 2","115378","3","3","5","07","22","3","1","2","1","1","0","0"
"POINT (13.299124848000076 52.511193912000067)","Unfall 115379 (2018) Kat:3, Licht: 0","115379","3","2","5","05","18","3","1","0","1","1","0","0"
"POINT (13.396038268000041 52.423295487000075)","Unfall 115380 (2018) Kat:3, Licht: 0","115380","3","2","5","02","06","3","1","0","0","1","0","0"
"POINT (13.353532432000065 52.484644931000048)","Unfall 115381 (2018) Kat:3, Licht: 2","115381","3","1","0","11","19","2","0","2","0","0","0","1"
"POINT (13.305072484000050 52.449791747000063)","Unfall 115382 (2018) Kat:3, Licht: 0","115382","3","2","2","08","16","5","0","0","0","1","0","0"
"POINT (13.410574830000030 52.523123355000052)","Unfall 115384 (2018) Kat:3, Licht: 0","115384","3","4","6","10","08","6","0","0","1","0","1","0"
"POINT (13.359150754000041 52.573179859000049)","Unfall 115385 (2018) Kat:3, Licht: 0","115385","3","6","3","08","17","3","0","0","0","1","0","0"
"POINT (13.413727425000047 52.550584618000073)","Unfall 115386 (2018) Kat:3, Licht: 0","115386","3","2","5","04","15","3","1","0","1","1","0","0"
"POINT (13.570674388000043 52.505832753000050)","Unfall 115387 (2018) Kat:3, Licht: 0","115387","3","5","1","04","09","5","0","0","0","0","0","1"
"POINT (13.403397104000021 52.569364962000066)","Unfall 115388 (2018) Kat:3, Licht: 0","115388","3","2","5","05","13","4","0","0","1","1","0","0"
"POINT (13.373697528000037 52.425342786000044)","Unfall 115389 (2018) Kat:3, Licht: 0","115389","3","6","3","11","14","6","0","0","1","0","0","0"
"POINT (13.590743888000077 52.504967866000072)","Unfall 115390 (2018) Kat:3, Licht: 2","115390","3","2","2","12","17","3","0","2","1","1","0","0"
"POINT (13.392668602000072 52.429847855000048)","Unfall 115391 (2018) Kat:3, Licht: 0","115391","3","2","5","09","08","5","0","0","0","1","0","1"
"POINT (13.370378293000044 52.539886546000048)","Unfall 115392 (2018) Kat:3, Licht: 1","115392","3","7","0","08","19","6","0","1","0","1","0","0"
"POINT (13.261479976000032 52.508699681000053)","Unfall 115393 (2018) Kat:3, Licht: 0","115393","3","6","2","06","14","6","0","0","0","1","0","0"
"POINT (13.362010388000044 52.568377176000070)","Unfall 115394 (2018) Kat:3, Licht: 2","115394","3","4","6","07","22","4","0","2","1","0","1","0"
"POINT (13.460460346000048 52.515078098000060)","Unfall 115395 (2018) Kat:3, Licht: 0","115395","3","6","3","05","19","4","0","0","0","1","0","1"
"POINT (13.232484627000076 52.465811029000065)","Unfall 115396 (2018) Kat:3, Licht: 2","115396","3","6","3","02","01","3","0","2","0","1","0","0"
"POINT (13.301585695000028 52.511166395000032)","Unfall 115397 (2018) Kat:3, Licht: 0","115397","3","3","5","11","15","3","0","0","0","1","0","0"
"POINT (13.461554314000068 52.453958745000079)","Unfall 115398 (2018) Kat:3, Licht: 0","115398","3","6","2","06","10","2","0","0","0","1","0","0"
"POINT (13.390462335000052 52.433726171000046)","Unfall 115399 (2018) Kat:3, Licht: 0","115399","3","2","5","12","10","6","1","0","0","1","0","0"
"POINT (13.411604269000065 52.518733762000068)","Unfall 115400 (2018) Kat:3, Licht: 2","115400","3","6","3","10","22","7","0","2","0","1","0","0"
"POINT (13.608989019000035 52.504931268000064)","Unfall 115401 (2018) Kat:3, Licht: 0","115401","3","6","0","08","13","6","0","0","0","1","0","1"
"POINT (13.369534784000052 52.541685136000069)","Unfall 115402 (2018) Kat:3, Licht: 0","115402","3","6","2","04","17","5","0","0","0","1","0","0"
"POINT (13.431701017000023 52.518004015000031)","Unfall 115403 (2018) Kat:3, Licht: 2","115403","3","4","6","03","19","2","0","2","0","0","1","1"
"POINT (13.299124848000076 52.511193912000067)","Unfall 115404 (2018) Kat:3, Licht: 0","115404","3","2","5","05","20","5","0","0","1","1","0","0"
"POINT (13.281497336000029 52.498799750000046)","Unfall 115405 (2018) Kat:3, Licht: 0","115405","3","6","2","10","15","5","1","0","0","1","0","0"
"POINT (13.285691563000057 52.510257979000073)","Unfall 115406 (2018) Kat:3, Licht: 0","115406","3","6","2","02","15","2","0","0","0","1","0","0"
"POINT (13.407293317000040 52.390236965000042)","Unfall 115407 (2018) Kat:3, Licht: 2","115407","3","3","5","11","16","4","0","2","1","1","0","0"
"POINT (13.385861472000045 52.486739257000067)","Unfall 115408 (2018) Kat:3, Licht: 0","115408","3","4","6","09","14","1","0","0","0","1","1","0"
"POINT (13.289221757000064 52.510390753000081)","Unfall 115409 (2018) Kat:3, Licht: 2","115409","3","3","5","08","21","6","0","2","1","1","0","0"
"POINT (13.479285662000052 52.627271553000071)","Unfall 115410 (2018) Kat:3, Licht: 0","115410","3","1","9","06","15","2","0","0","0","0","0","0"
"POINT (13.431396015000075 52.623189576000073)","Unfall 115411 (2018) Kat:3, Licht: 0","115411","3","1","0","07","16","2","0","0","0","0","0","1"
"POINT (13.460322854000026 52.492547424000065)","Unfall 115412 (2018) Kat:3, Licht: 2","115412","3","2","5","12","18","4","0","2","1","1","0","0"
"POINT (13.424582632000067 52.540050763000067)","Unfall 115413 (2018) Kat:3, Licht: 0","115413","3","4","6","09","13","6","0","0","0","1","1","0"
"POINT (13.297112264000077 52.511060427000075)","Unfall 115414 (2018) Kat:3, Licht: 0","115414","3","2","6","09","09","7","0","0","0","1","1","0"
"POINT (13.294316041000059 52.491783346000034)","Unfall 115415 (2018) Kat:2, Licht: 2","115415","2","6","3","06","00","7","0","2","0","1","0","0"
"POINT (13.350207331000036 52.483229780000045)","Unfall 115416 (2018) Kat:3, Licht: 2","115416","3","6","3","07","23","5","0","2","0","1","0","1"
"POINT (13.421632124000041 52.539685151000072)","Unfall 115417 (2018) Kat:3, Licht: 2","115417","3","3","5","05","01","5","0","2","1","1","0","0"
"POINT (13.554293229000052 52.557863518000033)","Unfall 115418 (2018) Kat:2, Licht: 2","115418","2","3","5","02","04","2","2","2","0","1","0","0"
"POINT (13.411493725000071 52.518635366000069)","Unfall 115419 (2018) Kat:3, Licht: 0","115419","3","6","2","11","12","4","0","0","0","1","0","0"
"POINT (13.347727906000046 52.575653472000056)","Unfall 115420 (2018) Kat:2, Licht: 2","115420","2","1","8","12","17","1","0","2","0","1","0","0"
"POINT (13.386933120000037 52.441486847000078)","Unfall 115421 (2018) Kat:3, Licht: 2","115421","3","7","6","10","20","1","0","2","1","0","1","0"
"POINT (13.549641468000061 52.552174562000062)","Unfall 115422 (2018) Kat:3, Licht: 0","115422","3","3","5","08","14","7","0","0","1","1","0","0"
"POINT (13.403388942000049 52.569363995000060)","Unfall 115423 (2018) Kat:2, Licht: 0","115423","2","2","5","04","17","6","0","0","1","1","0","0"
"POINT (13.290156011000022 52.493898294000076)","Unfall 115424 (2018) Kat:2, Licht: 2","115424","2","3","5","03","18","4","1","2","0","1","0","0"
"POINT (13.339398476000042 52.478526865000049)","Unfall 115425 (2018) Kat:3, Licht: 0","115425","3","6","2","05","16","6","0","0","0","1","0","0"
"POINT (13.431820730000027 52.461850087000073)","Unfall 115426 (2018) Kat:3, Licht: 0","115426","3","6","3","10","12","7","0","0","0","1","0","0"
"POINT (13.361461429000030 52.496469446000049)","Unfall 115427 (2018) Kat:3, Licht: 2","115427","3","6","2","02","19","1","1","2","0","1","0","0"
"POINT (13.295964513000058 52.490788935000069)","Unfall 115428 (2018) Kat:3, Licht: 0","115428","3","1","8","11","09","5","0","0","0","1","0","0"
"POINT (13.396113146000062 52.423162034000029)","Unfall 115429 (2018) Kat:2, Licht: 0","115429","2","2","5","09","11","2","0","0","1","0","0","0"
"POINT (13.344023265000033 52.514021301000071)","Unfall 115430 (2018) Kat:2, Licht: 2","115430","2","5","1","08","04","7","0","2","1","1","0","0"
"POINT (13.268047852000052 52.509105218000059)","Unfall 115431 (2018) Kat:3, Licht: 0","115431","3","4","0","06","09","3","0","0","0","0","1","0"
"POINT (13.324494468000069 52.607194031000063)","Unfall 115432 (2018) Kat:3, Licht: 0","115432","3","6","3","07","20","2","0","0","0","1","0","1"
"POINT (13.448062275000041 52.526150659000052)","Unfall 115433 (2018) Kat:2, Licht: 0","115433","2","7","2","06","10","4","0","0","0","1","0","0"
"POINT (13.320652501000041 52.512382548000062)","Unfall 115434 (2018) Kat:3, Licht: 0","115434","3","2","2","05","19","7","0","0","0","1","0","0"
"POINT (13.509997284000065 52.456251494000071)","Unfall 115435 (2018) Kat:2, Licht: 2","115435","2","4","6","04","21","6","1","2","0","1","1","0"
"POINT (13.501456003000044 52.510960365000074)","Unfall 115436 (2018) Kat:3, Licht: 2","115436","3","1","0","12","19","5","1","2","0","0","0","1"
"POINT (13.403713451000044 52.569080928000062)","Unfall 115437 (2018) Kat:3, Licht: 0","115437","3","6","2","10","10","2","0","0","0","1","0","0"
"POINT (13.260354755000037 52.508638135000069)","Unfall 115438 (2018) Kat:3, Licht: 0","115438","3","6","2","07","14","7","0","0","0","1","0","0"
"POINT (13.365009382000039 52.560550436000028)","Unfall 115439 (2018) Kat:3, Licht: 0","115439","3","2","5","04","07","2","0","0","0","1","0","0"
"POINT (13.433129103000056 52.536015159000044)","Unfall 115440 (2018) Kat:3, Licht: 0","115440","3","2","0","07","09","3","0","0","1","1","0","0"
"POINT (13.396522643000026 52.517448977000072)","Unfall 115441 (2018) Kat:3, Licht: 0","115441","3","6","3","03","09","7","0","0","1","0","0","0"
"POINT (13.368519190000029 52.506093797000062)","Unfall 115442 (2018) Kat:3, Licht: 0","115442","3","6","2","05","06","1","0","0","0","1","0","1"
"POINT (13.409892299000035 52.517825124000069)","Unfall 115443 (2018) Kat:2, Licht: 1","115443","2","3","0","10","17","6","0","1","0","1","0","0"
"POINT (13.385858033000034 52.486440134000077)","Unfall 115444 (2018) Kat:3, Licht: 0","115444","3","6","3","02","11","7","0","0","0","0","0","0"
"POINT (13.404090352000026 52.581035427000074)","Unfall 115445 (2018) Kat:3, Licht: 1","115445","3","1","4","11","17","1","1","1","0","1","0","0"
"POINT (13.385498169000073 52.469508357000052)","Unfall 115446 (2018) Kat:3, Licht: 2","115446","3","6","2","09","22","3","0","2","0","1","0","0"
"POINT (13.389275622000071 52.497443008000062)","Unfall 115447 (2018) Kat:3, Licht: 0","115447","3","2","5","08","14","2","0","0","1","1","0","0"
"POINT (13.423912338000036 52.539343007000070)","Unfall 115448 (2018) Kat:3, Licht: 0","115448","3","2","6","03","12","4","1","0","0","1","1","0"
"POINT (13.474410829000021 52.513663093000048)","Unfall 115449 (2018) Kat:3, Licht: 0","115449","3","7","5","06","16","4","0","0","0","1","0","1"
"POINT (13.347843659000034 52.574461341000074)","Unfall 115450 (2018) Kat:2, Licht: 0","115450","2","2","3","10","13","4","0","0","0","1","0","0"
"POINT (13.428168383000070 52.532189657000060)","Unfall 115451 (2018) Kat:3, Licht: 0","115451","3","1","0","06","14","6","0","0","1","0","0","0"
"POINT (13.292411028000060 52.492885381000065)","Unfall 115452 (2018) Kat:3, Licht: 0","115452","3","7","0","08","09","7","0","0","0","1","0","0"