WKT,Name,OBJECTID,UKATEGORIE,UTYP1,UART,UMONAT,USTUNDE,UWOCHENTAG,STRZUSTAND,ULICHTVERH,ISTRAD,ISTPKW,ISTFUSS,ISTKRAD
"POINT (13.355104015000052 52.573444064000057)","Unfall 115453 (2018) Kat:3, Licht: 1","115453","3","7","6","05","19","3","0","1","0","1","1","0"
"POINT (13.315374822000024 52.613129044000061)","Unfall 115454 (2018) Kat:3, Licht: 0","115454","3","7","0","04","07","2","0","0","1","0","0","0"
"POINT (13.459175933000040 52.492881589000035)","Unfall 115455 (2018) Kat:3, Licht: 2","115455","3","3","5","12","18","2","1","2","0","1","0","0"
"POINT (13.469584579000070 52.628850108000051)","Unfall 115456 (2018) Kat:3, Licht: 0","115456","3","6","2","09","08","3","0","0","0","1","0","0"
"POINT (13.453718933000061 52.515999735000037)","Unfall 115457 (2018) Kat:3, Licht: 0","115457","3","6","3","09","11","4","0","0","1","0","0","0"
"POINT (13.479463987000031 52.484511323000049)","Unfall 115458 (2018) Kat:3, Licht: 0","115458","3","3","5","06","15","4","0","0","1","1","0","0"
"POINT (13.475031966000074 52.513595260000045)","Unfall 115459 (2018) Kat:3, Licht: 0","115459","3","2","0","07","14","2","0","0","1","1","0","0"
"POINT (13.196277863000034 52.419666041000028)","Unfall 115460 (2018) Kat:3, Licht: 2","115460","3","6","2","07","00","2","0","2","0","1","0","0"
"POINT (13.262388952000038 52.508756341000037)","Unfall 115461 (2018) Kat:3, Licht: 0","115461","3","6","2","05","14","3","0","0","1","1","0","0"
"POINT (13.159527406000052 52.419503657000064)","Unfall 115462 (2018) Kat:3, Licht: 0","115462","3","3","5","02","13","7","1","0","0","1","0","0"
"POINT (13.438848850000056 52.541364655000052)","Unfall 115463 (2018) Kat:3, Licht: 0","115463","3","2","5","11","10","2","0","0","1","1","0","0"
"POINT (13.508877120000022 52.457241146000058)","Unfall 115464 (2018) Kat:3, Licht: 0","115464","3","3","5","08","14","5","0","0","1","1","0","0"
"POINT (13.242654388000062 52.507551929000044)","Unfall 115465 (2018) Kat:3, Licht: 2","115465","3","1","9","03","05","1","0","2","0","0","0","0"
"POINT (13.385674756000071 52.476122046000057)","Unfall 115467 (2018) Kat:3, Licht: 2","115467","3","5","1","10","01","6","0","2","0","1","0","0"
"POINT (13.382546542000057 52.516461330000027)","Unfall 115468 (2018) Kat:2, Licht: 0","115468","2","1","0","08","08","3","0","0","1","0","0","0"
"POINT (13.361577327000077 52.568888064000078)","Unfall 115469 (2018) Kat:3, Licht: 0","115469","3","6","2","04","11","2","0","0","0","1","0","0"
"POINT (13.295044164000046 52.491516518000026)","Unfall 115470 (2018) Kat:3, Licht: 2","115470","3","3","5","04","22","4","1","2","0","1","0","0"
"POINT (13.367993572000046 52.505690318000063)","Unfall 115471 (2018) Kat:3, Licht: 0","115471","3","6","3","05","16","3","0","0","1","1","0","0"
"POINT (13.445306198000026 52.545670580000035)","Unfall 115472 (2018) Kat:3, Licht: 2","115472","3","1","0","11","01","5","0","2","0","0","0","1"
"POINT (13.214733233000061 52.427327279000053)","Unfall 115473 (2018) Kat:2, Licht: 1","115473","2","2","5","12","15","2","1","1","0","1","0","0"
"POINT (13.427262773000052 52.633667935000062)","Unfall 115474 (2018) Kat:2, Licht: 2","115474","2","7","6","09","23","4","0","2","0","1","1","0"
"POINT (13.482820747000062 52.512830515000076)","Unfall 115475 (2018) Kat:3, Licht: 0","115475","3","6","3","08","16","6","0","0","0","0","0","1"
"POINT (13.403836707000039 52.519608625000046)","Unfall 115476 (2018) Kat:3, Licht: 0","115476","3","5","1","06","14","6","0","0","1","1","0","0"
"POINT (13.364239107000060 52.563488883000048)","Unfall 115477 (2018) Kat:3, Licht: 0","115477","3","6","3","07","16","4","0","0","1","1","0","0"
"POINT (13.322875376000070 52.608413244000076)","Unfall 115478 (2018) Kat:3, Licht: 0","115478","3","6","2","02","13","7","1","0","0","1","0","0"
"POINT (13.422369752000066 52.520084274000055)","Unfall 115479 (2018) Kat:3, Licht: 0","115479","3","2","5","11","15","2","0","0","1","1","0","0"
"POINT (13.387531005000028 52.438984518000041)","Unfall 115480 (2018) Kat:3, Licht: 0","115480","3","1","0","06","19","7","0","0","1","0","0","0"
"POINT (13.460174607000056 52.515250516000037)","Unfall 115481 (2018) Kat:3, Licht: 0","115481","3","3","5","05","16","4","0","0","1","1","0","0"
"POINT (13.460765837000054 52.493885674000069)","Unfall 115482 (2018) Kat:2, Licht: 2","115482","2","4","6","12","17","5","1","2","0","1","1","0"
"POINT (13.379582345000074 52.469909214000040)","Unfall 115483 (2018) Kat:2, Licht: 2","115483","2","6","3","10","20","6","0","2","0","1","0","0"
"POINT (13.470542957000077 52.514061329000072)","Unfall 115484 (2018) Kat:3, Licht: 2","115484","3","4","6","02","20","7","0","2","0","0","1","1"
"POINT (13.097259856000051 52.413307620000069)","Unfall 115485 (2018) Kat:3, Licht: 0","115485","3","6","4","08","14","4","0","0","0","1","0","0"
"POINT (13.333595880000075 52.464348899000072)","Unfall 115486 (2018) Kat:3, Licht: 2","115486","3","1","9","04","21","4","0","2","0","0","0","1"
"POINT (13.286546234000070 52.512315624000053)","Unfall 115487 (2018) Kat:3, Licht: 0","115487","3","6","2","03","13","6","0","0","0","1","0","0"
"POINT (13.323103481000032 52.512517050000042)","Unfall 115488 (2018) Kat:3, Licht: 0","115488","3","2","3","05","19","4","0","0","0","1","0","0"
"POINT (13.369794098000057 52.543513350000069)","Unfall 115489 (2018) Kat:3, Licht: 0","115489","3","4","0","10","12","4","0","0","0","1","1","0"
"POINT (13.411616027000036 52.560388688000046)","Unfall 115490 (2018) Kat:3, Licht: 2","115490","3","3","5","02","21","6","1","2","1","1","0","0"
"POINT (13.271490592000077 52.497519503000035)","Unfall 115491 (2018) Kat:3, Licht: 2","115491","3","6","2","11","18","2","1","2","0","1","0","0"
"POINT (13.454210554000042 52.515867854000078)","Unfall 115492 (2018) Kat:3, Licht: 0","115492","3","2","5","09","15","7","0","0","1","1","0","0"
"POINT (13.497590554000055 52.464889927000058)","Unfall 115493 (2018) Kat:3, Licht: 0","115493","3","3","2","08","12","6","1","0","1","1","0","0"
"POINT (13.373122593000062 52.509138470000039)","Unfall 115494 (2018) Kat:3, Licht: 0","115494","3","6","0","06","16","1","0","0","0","1","0","0"
"POINT (13.386051503000033 52.483043771000041)","Unfall 115495 (2018) Kat:3, Licht: 2","115495","3","6","3","03","22","4","0","2","0","1","0","0"
"POINT (13.430741855000065 52.582565639000052)","Unfall 115496 (2018) Kat:2, Licht: 0","115496","2","6","3","07","14","1","0","0","0","1","0","1"
"POINT (13.508513904000040 52.457495342000072)","Unfall 115497 (2018) Kat:3, Licht: 0","115497","3","4","6","06","19","3","0","0","0","0","1","1"
"POINT (13.429059182000060 52.518213534000040)","Unfall 115498 (2018) Kat:3, Licht: 0","115498","3","3","5","08","18","4","0","0","1","1","0","0"
"POINT (13.491993800000046 52.436659431000066)","Unfall 115499 (2018) Kat:3, Licht: 2","115499","3","1","9","05","00","5","0","2","0","1","0","0"
"POINT (13.339363435000053 52.588812461000032)","Unfall 115500 (2018) Kat:1, Licht: 0","115500","1","4","6","04","11","5","0","0","0","1","1","0"
"POINT (13.438417546000039 52.618717288000028)","Unfall 115501 (2018) Kat:3, Licht: 1","115501","3","6","2","12","15","2","0","1","0","1","0","0"
"POINT (13.369765788000052 52.541932470000063)","Unfall 115502 (2018) Kat:3, Licht: 0","115502","3","6","2","09","15","7","0","0","0","1","0","0"
"POINT (13.403144242000053 52.569334990000073)","Unfall 115503 (2018) Kat:3, Licht: 2","115503","3","6","2","09","21","7","0","2","0","1","0","1"
"POINT (13.463681108000060 52.551096551000057)","Unfall 115504 (2018) Kat:2, Licht: 0","115504","2","4","6","07","18","6","0","0","0","0","1","0"
"POINT (13.399063802000057 52.575208618000033)","Unfall 115505 (2018) Kat:3, Licht: 0","115505","3","6","0","07","20","6","1","0","1","1","0","0"
"POINT (13.388302865000071 52.494006627000033)","Unfall 115506 (2018) Kat:3, Licht: 0","115506","3","3","5","03","10","4","1","0","0","1","0","0"
"POINT (13.398451455000043 52.571863108000059)","Unfall 115507 (2018) Kat:3, Licht: 0","115507","3","6","2","05","09","6","0","0","0","1","0","0"
"POINT (13.281055655000046 52.499328174000027)","Unfall 115508 (2018) Kat:3, Licht: 2","115508","3","6","3","10","01","5","0","2","0","1","0","0"
"POINT (13.307453025000029 52.511741924000034)","Unfall 115509 (2018) Kat:3, Licht: 0","115509","3","3","5","02","11","6","0","0","1","1","0","0"
"POINT (13.352272045000063 52.484308125000041)","Unfall 115510 (2018) Kat:2, Licht: 0","115510","2","7","0","11","09","6","1","0","1","0","0","0"
"POINT (13.297178861000077 52.510875749000036)","Unfall 115511 (2018) Kat:3, Licht: 0","115511","3","2","5","09","08","2","0","0","1","1","0","0"
"POINT (13.281129296000074 52.499240068000063)","Unfall 115512 (2018) Kat:3, Licht: 0","115512","3","6","2","08","13","7","0","0","0","1","0","0"
"POINT (13.444564931000059 52.545593234000080)","Unfall 115513 (2018) Kat:2, Licht: 0","115513","2","1","0","03","08","4","1","0","0","0","0","0"
"POINT (13.477966223000067 52.568901001000029)","Unfall 115514 (2018) Kat:3, Licht: 0","115514","3","1","8","10","07","3","0","0","0","1","0","0"
"POINT (13.418663244000072 52.523818529000039)","Unfall 115515 (2018) Kat:3, Licht: 0","115515","3","6","0","08","15","5","0","0","0","1","0","0"
"POINT (13.512491378000050 52.454752104000079)","Unfall 115516 (2018) Kat:3, Licht: 0","115516","3","6","2","04","17","7","0","0","0","1","0","0"
"POINT (13.426354633000074 52.538330979000079)","Unfall 115517 (2018) Kat:3, Licht: 2","115517","3","2","5","04","01","7","0","2","0","1","0","0"
"POINT (13.387945154000022 52.493509002000053)","Unfall 115518 (2018) Kat:2, Licht: 0","115518","2","4","6","06","07","6","0","0","0","0","1","1"
"POINT (13.381645315000071 52.439223244000061)","Unfall 115519 (2018) Kat:3, Licht: 1","115519","3","2","3","12","17","6","1","1","0","1","0","0"
"POINT (13.348448119000068 52.481704602000036)","Unfall 115520 (2018) Kat:3, Licht: 2","115520","3","4","6","09","22","1","0","2","0","1","1","0"
"POINT (13.346630910000044 52.579350296000030)","Unfall 115521 (2018) Kat:3, Licht: 0","115521","3","2","5","09","07","3","0","0","1","1","0","1"
"POINT (13.465943580000044 52.514670821000038)","Unfall 115522 (2018) Kat:3, Licht: 0","115522","3","6","2","06","08","3","0","0","0","1","0","0"
"POINT (13.292063716000030 52.585635877000072)","Unfall 115523 (2018) Kat:3, Licht: 0","115523","3","6","2","06","13","3","0","0","0","1","0","1"
"POINT (13.479463987000031 52.484511323000049)","Unfall 115524 (2018) Kat:3, Licht: 0","115524","3","3","5","08","13","5","0","0","0","1","0","1"
"POINT (13.289599712000040 52.510580825000034)","Unfall 115525 (2018) Kat:3, Licht: 0","115525","3","6","3","05","13","6","0","0","0","1","0","1"
"POINT (13.395263405000037 52.467194992000032)","Unfall 115526 (2018) Kat:3, Licht: 0","115526","3","6","2","04","08","5","0","0","0","1","0","0"
"POINT (13.348588282000037 52.481880393000040)","Unfall 115527 (2018) Kat:3, Licht: 2","115527","3","2","6","12","19","3","0","2","0","1","1","0"
"POINT (13.287066115000073 52.494165932000044)","Unfall 115528 (2018) Kat:2, Licht: 2","115528","2","1","8","09","22","7","0","2","0","0","0","1"
"POINT (13.453641644000072 52.516221095000049)","Unfall 115529 (2018) Kat:3, Licht: 2","115529","3","1","0","07","20","7","1","2","0","0","0","1"
"POINT (13.385784353000076 52.481020152000042)","Unfall 115530 (2018) Kat:3, Licht: 0","115530","3","2","5","04","12","1","0","0","1","1","0","0"
"POINT (13.239939749000030 52.507385883000040)","Unfall 115531 (2018) Kat:2, Licht: 2","115531","2","1","0","07","23","7","0","2","1","0","0","0"
"POINT (13.297731694000049 52.546666606000031)","Unfall 115532 (2018) Kat:2, Licht: 0","115532","2","1","9","03","14","5","0","0","0","0","0","1"
"POINT (13.378284732000054 52.434804174000078)","Unfall 115533 (2018) Kat:3, Licht: 0","115533","3","2","5","05","12","7","0","0","0","1","0","1"
"POINT (13.412983557000075 52.545506841000076)","Unfall 115534 (2018) Kat:3, Licht: 0","115534","3","6","4","10","11","6","0","0","1","0","0","0"
"POINT (13.453885146000061 52.514885958000036)","Unfall 115535 (2018) Kat:3, Licht: 2","115535","3","4","6","02","00","6","0","2","0","0","1","0"
"POINT (13.341885250000075 52.514006323000046)","Unfall 115536 (2018) Kat:3, Licht: 2","115536","3","5","1","11","18","7","0","2","0","1","0","0"
"POINT (13.126302757000076 52.478578936000076)","Unfall 115537 (2018) Kat:3, Licht: 0","115537","3","3","5","09","15","2","0","0","1","1","0","0"
"POINT (13.284945495000045 52.531245468000066)","Unfall 115538 (2018) Kat:3, Licht: 2","115538","3","6","2","08","02","1","0","2","0","1","0","0"
"POINT (13.348593379000022 52.481884073000060)","Unfall 115539 (2018) Kat:3, Licht: 0","115539","3","2","6","06","09","4","0","0","0","1","1","0"
"POINT (13.367730438000024 52.531072178000045)","Unfall 115540 (2018) Kat:3, Licht: 0","115540","3","1","2","10","10","4","0","0","0","1","0","0"
"POINT (13.501357903000041 52.462348766000048)","Unfall 115541 (2018) Kat:3, Licht: 0","115541","3","6","3","06","08","5","0","0","0","1","0","0"
"POINT (13.230346315000077 52.506786791000081)","Unfall 115542 (2018) Kat:2, Licht: 0","115542","2","7","5","08","15","6","0","0","0","1","0","0"
"POINT (13.426612682000041 52.518853510000042)","Unfall 115543 (2018) Kat:3, Licht: 0","115543","3","5","1","04","12","1","0","0","1","1","0","0"
"POINT (13.457711443000051 52.491724717000068)","Unfall 115544 (2018) Kat:3, Licht: 0","115544","3","3","2","04","13","7","0","0","1","1","0","0"
"POINT (13.384866108000040 52.451155408000034)","Unfall 115545 (2018) Kat:2, Licht: 2","115545","2","4","6","06","21","6","1","2","0","1","1","0"
"POINT (13.420079904000033 52.525070885000048)","Unfall 115546 (2018) Kat:3, Licht: 2","115546","3","2","5","12","18","1","1","2","0","1","0","0"
"POINT (13.416384431000040 52.522004399000082)","Unfall 115547 (2018) Kat:3, Licht: 0","115547","3","2","5","09","14","2","1","0","0","1","0","1"
"POINT (13.371717400000023 52.509790078000037)","Unfall 115548 (2018) Kat:3, Licht: 0","115548","3","3","5","09","11","3","0","0","1","1","0","0"
"POINT (13.282288846000029 52.521015147000071)","Unfall 115549 (2018) Kat:3, Licht: 0","115549","3","3","5","06","10","4","0","0","0","1","0","0"
"POINT (13.182692007000071 52.515908347000050)","Unfall 115550 (2018) Kat:3, Licht: 0","115550","3","6","2","07","18","1","0","0","0","1","0","0"
"POINT (13.403926228000046 52.409944907000067)","Unfall 115551 (2018) Kat:2, Licht: 0","115551","2","4","6","05","17","2","0","0","0","1","1","0"
"POINT (13.346691797000062 52.476803071000063)","Unfall 115552 (2018) Kat:3, Licht: 2","115552","3","3","3","02","05","6","1","2","0","1","0","0"
"POINT (13.389312995000068 52.497292632000040)","Unfall 115553 (2018) Kat:3, Licht: 0","115553","3","6","2","11","14","1","0","0","0","1","0","0"
"POINT (13.560989364000022 52.508642226000063)","Unfall 115555 (2018) Kat:3, Licht: 2","115555","3","6","2","10","20","4","0","2","0","1","0","0"
"POINT (13.430983272000049 52.534217929000079)","Unfall 115556 (2018) Kat:3, Licht: 0","115556","3","6","3","08","18","2","0","0","1","0","0","0"
"POINT (13.413330602000030 52.540927260000046)","Unfall 115557 (2018) Kat:3, Licht: 2","115557","3","6","2","04","20","1","0","2","0","1","0","0"
"POINT (13.426578316000075 52.538539590000028)","Unfall 115558 (2018) Kat:3, Licht: 0","115558","3","3","5","04","09","3","1","0","0","1","0","0"
"POINT (13.358623303000059 52.488469386000077)","Unfall 115559 (2018) Kat:3, Licht: 1","115559","3","6","3","05","21","2","0","1","1","1","0","0"
"POINT (13.279468428000030 52.501887986000042)","Unfall 115560 (2018) Kat:3, Licht: 0","115560","3","6","2","10","08","4","0","0","0","1","0","0"
"POINT (13.426185045000068 52.519228994000059)","Unfall 115561 (2018) Kat:3, Licht: 0","115561","3","7","0","02","09","6","0","0","1","0","0","0"
"POINT (13.365003700000045 52.560581094000042)","Unfall 115562 (2018) Kat:3, Licht: 2","115562","3","7","5","12","01","2","1","2","0","1","0","0"
"POINT (13.313431003000062 52.620602806000079)","Unfall 115563 (2018) Kat:3, Licht: 0","115563","3","7","6","09","11","4","0","0","0","0","1","0"
"POINT (13.295129515000042 52.539784118000057)","Unfall 115564 (2018) Kat:3, Licht: 0","115564","3","6","2","08","11","5","1","0","0","1","0","0"
"POINT (13.379492496000069 52.469912610000051)","Unfall 115565 (2018) Kat:3, Licht: 0","115565","3","6","2","06","18","5","0","0","0","1","0","0"
"POINT (13.284269859000062 52.509508756000059)","Unfall 115566 (2018) Kat:3, Licht: 0","115566","3","6","2","07","16","3","0","0","0","1","0","0"
"POINT (13.369381827000041 52.540686118000053)","Unfall 115567 (2018) Kat:3, Licht: 0","115567","3","6","2","02","12","5","0","0","0","1","0","0"
"POINT (13.378100317000076 52.509609759000057)","Unfall 115568 (2018) Kat:3, Licht: 2","115568","3","4","6","11","17","7","0","2","1","0","1","0"
"POINT (13.319015933000060 52.610735182000042)","Unfall 115569 (2018) Kat:3, Licht: 0","115569","3","2","5","06","15","6","0","0","1","1","0","0"
"POINT (13.368364426000028 52.541090401000076)","Unfall 115570 (2018) Kat:3, Licht: 0","115570","3","2","2","05","08","3","0","0","0","1","0","1"
"POINT (13.332596484000021 52.596884637000073)","Unfall 115571 (2018) Kat:3, Licht: 0","115571","3","6","2","12","09","3","0","0","0","1","0","0"
"POINT (13.323523227000067 52.512646087000064)","Unfall 115572 (2018) Kat:3, Licht: 0","115572","3","6","2","10","12","5","0","0","0","1","0","0"
"POINT (13.411038682000026 52.523174036000057)","Unfall 115573 (2018) Kat:3, Licht: 0","115573","3","4","6","02","11","5","0","0","0","1","1","0"
"POINT (13.351430557000072 52.474710661000074)","Unfall 115574 (2018) Kat:3, Licht: 0","115574","3","6","3","07","16","2","0","0","0","1","0","0"
"POINT (13.283420990000025 52.518224957000029)","Unfall 115575 (2018) Kat:3, Licht: 1","115575","3","6","2","04","18","4","0","1","0","1","0","0"
"POINT (13.368809116000023 52.548934775000077)","Unfall 115576 (2018) Kat:3, Licht: 0","115576","3","6","2","07","13","1","0","0","0","1","0","0"
"POINT (13.294266845000038 52.537857054000028)","Unfall 115577 (2018) Kat:3, Licht: 1","115577","3","7","2","03","05","5","0","1","0","1","0","0"
"POINT (13.452526712000065 52.548721349000061)","Unfall 115578 (2018) Kat:2, Licht: 0","115578","2","4","6","05","13","4","0","0","0","1","1","0"
"POINT (13.286065453000049 52.511063721000028)","Unfall 115579 (2018) Kat:3, Licht: 0","115579","3","6","2","10","12","3","1","0","0","1","0","1"
"POINT (13.157019062000074 52.419317051000064)","Unfall 115580 (2018) Kat:3, Licht: 0","115580","3","4","6","02","11","5","0","0","0","1","1","0"
"POINT (13.338359086000025 52.478535871000076)","Unfall 115581 (2018) Kat:2, Licht: 0","115581","2","7","2","11","13","1","0","0","0","1","0","0"
"POINT (13.404609573000073 52.520032732000061)","Unfall 115582 (2018) Kat:3, Licht: 0","115582","3","2","5","09","08","6","0","0","1","1","0","0"
"POINT (13.488292588000036 52.512410998000064)","Unfall 115583 (2018) Kat:3, Licht: 0","115583","3","2","5","08","11","5","0","0","1","0","0","0"
"POINT (13.482819070000062 52.580219208000074)","Unfall 115584 (2018) Kat:3, Licht: 0","115584","3","7","6","06","11","6","0","0","0","0","1","0"
"POINT (13.178919679000046 52.516537296000081)","Unfall 115585 (2018) Kat:3, Licht: 0","115585","3","2","5","06","15","7","0","0","1","1","0","0"
"POINT (13.506618763000063 52.458821588000035)","Unfall 115586 (2018) Kat:3, Licht: 0","115586","3","2","5","06","08","2","0","0","1","1","0","0"
"POINT (13.401408137000033 52.511405684000067)","Unfall 115587 (2018) Kat:3, Licht: 0","115587","3","6","2","08","16","3","0","0","0","1","0","1"
"POINT (13.300436186000070 52.487930277000032)","Unfall 115588 (2018) Kat:3, Licht: 0","115588","3","6","2","05","10","5","0","0","0","1","0","0"
"POINT (13.331217511000034 52.600689156000044)","Unfall 115589 (2018) Kat:2, Licht: 0","115589","2","2","5","04","17","4","0","0","0","0","0","1"
"POINT (13.435022268000068 52.535108015000048)","Unfall 115590 (2018) Kat:2, Licht: 1","115590","2","6","3","12","15","6","0","1","1","0","0","0"
"POINT (13.433336867000037 52.536212028000079)","Unfall 115591 (2018) Kat:3, Licht: 0","115591","3","2","5","09","10","6","0","0","1","1","0","0"
"POINT (13.424628816000052 52.538920332000032)","Unfall 115592 (2018) Kat:2, Licht: 0","115592","2","6","3","09","09","6","0","0","1","1","0","0"
"POINT (13.418453018000037 52.524115355000049)","Unfall 115593 (2018) Kat:3, Licht: 0","115593","3","3","5","07","06","5","0","0","1","1","0","0"
"POINT (13.268809383000075 52.495560079000029)","Unfall 115594 (2018) Kat:3, Licht: 0","115594","3","6","2","07","16","5","0","0","0","1","0","0"
"POINT (13.260792099000071 52.434936598000036)","Unfall 115595 (2018) Kat:3, Licht: 2","115595","3","4","6","03","21","2","0","2","0","1","1","0"
"POINT (13.422231544000056 52.520126121000033)","Unfall 115596 (2018) Kat:3, Licht: 0","115596","3","2","5","05","17","5","0","0","1","1","0","0"
"POINT (13.388732734000030 52.436710301000062)","Unfall 115597 (2018) Kat:3, Licht: 0","115597","3","6","0","02","07","5","1","0","0","1","0","0"
"POINT (13.460768868000059 52.515047381000045)","Unfall 115598 (2018) Kat:3, Licht: 1","115598","3","6","2","11","16","4","0","1","0","1","0","0"
"POINT (13.270145650000075 52.509235960000069)","Unfall 115599 (2018) Kat:2, Licht: 2","115599","2","7","5","09","00","1","0","2","0","1","0","0"
"POINT (13.328022016000034 52.460701814000060)","Unfall 115600 (2018) Kat:2, Licht: 0","115600","2","1","2","08","08","7","0","0","0","0","0","1"
"POINT (13.399943740000026 52.570014398000069)","Unfall 115602 (2018) Kat:3, Licht: 0","115602","3","6","2","10","16","2","0","0","1","1","0","0"
"POINT (13.315397350000069 52.618088340000043)","Unfall 115603 (2018) Kat:2, Licht: 0","115603","2","6","2","08","09","5","0","0","0","0","0","0"
"POINT (13.454204779000065 52.515885674000060)","Unfall 115604 (2018) Kat:3, Licht: 0","115604","3","2","5","04","09","6","0","0","1","1","0","0"
"POINT (13.459145833000036 52.492919409000081)","Unfall 115605 (2018) Kat:3, Licht: 0","115605","3","2","5","04","13","6","0","0","0","1","0","0"
"POINT (13.385760993000076 52.470049033000066)","Unfall 115606 (2018) Kat:3, Licht: 0","115606","3","3","0","05","16","5","0","0","1","1","0","0"
"POINT (13.554416519000029 52.557702789000075)","Unfall 115607 (2018) Kat:3, Licht: 2","115607","3","2","6","12","17","5","1","2","0","0","1","0"
"POINT (13.437625427000057 52.534145169000055)","Unfall 115608 (2018) Kat:2, Licht: 0","115608","2","2","0","09","09","1","0","0","1","1","0","0"
"POINT (13.298995116000071 52.510994225000047)","Unfall 115609 (2018) Kat:3, Licht: 0","115609","3","6","3","09","09","2","0","0","0","1","0","0"
"POINT (13.317570375000059 52.454089019000037)","Unfall 115610 (2018) Kat:3, Licht: 0","115610","3","6","2","06","17","1","1","0","0","1","0","0"
"POINT (13.544402444000070 52.509714877000079)","Unfall 115611 (2018) Kat:3, Licht: 0","115611","3","6","2","07","14","6","0","0","0","1","0","0"
"POINT (13.341707159000066 52.513994628000034)","Unfall 115612 (2018) Kat:3, Licht: 0","115612","3","1","1","05","16","6","0","0","1","1","0","0"
"POINT (13.286516835000043 52.593287554000028)","Unfall 115613 (2018) Kat:3, Licht: 2","115613","3","3","5","02","06","5","0","2","0","1","0","0"
"POINT (13.433937223000044 52.537151916000028)","Unfall 115614 (2018) Kat:3, Licht: 0","115614","3","3","5","11","07","6","1","0","1","1","0","0"
"POINT (13.365672165000035 52.416384184000037)","Unfall 115616 (2018) Kat:3, Licht: 2","115616","3","6","4","10","21","3","0","2","0","1","0","0"
"POINT (13.269329400000061 52.509184804000029)","Unfall 115617 (2018) Kat:2, Licht: 0","115617","2","3","0","08","13","1","0","0","0","1","0","1"
"POINT (13.437211861000037 52.539568319000068)","Unfall 115618 (2018) Kat:3, Licht: 0","115618","3","3","5","04","15","7","0","0","1","1","0","1"
"POINT (13.297652676000041 52.511096593000048)","Unfall 115619 (2018) Kat:3, Licht: 0","115619","3","6","2","03","14","7","1","0","0","1","0","0"
"POINT (13.347741537000047 52.574413176000064)","Unfall 115620 (2018) Kat:2, Licht: 0","115620","2","3","5","05","15","1","1","0","0","1","0","1"
"POINT (13.367315544000064 52.551479036000046)","Unfall 115621 (2018) Kat:2, Licht: 2","115621","2","2","5","10","18","3","1","2","0","1","0","1"
"POINT (13.513691420000043 52.453762522000034)","Unfall 115622 (2018) Kat:3, Licht: 2","115622","3","3","5","01","21","4","1","2","0","1","0","0"
"POINT (13.358693457000072 52.488546406000069)","Unfall 115623 (2018) Kat:3, Licht: 2","115623","3","6","2","11","17","6","1","2","0","1","0","0"
"POINT (13.341704865000054 52.585767620000070)","Unfall 115624 (2018) Kat:2, Licht: 0","115624","2","3","5","09","15","3","0","0","1","0","0","1"
"POINT (13.409105298000043 52.388037064000059)","Unfall 115625 (2018) Kat:3, Licht: 0","115625","3","6","2","08","13","3","0","0","0","1","0","0"
"POINT (13.445902877000037 52.634060308000073)","Unfall 115626 (2018) Kat:2, Licht: 0","115626","2","6","2","06","14","4","0","0","0","1","0","0"
"POINT (13.316702407000037 52.614269036000053)","Unfall 115627 (2018) Kat:3, Licht: 0","115627","3","5","1","07","14","3","0","0","0","1","0","0"
"POINT (13.419810622000057 52.524840074000053)","Unfall 115628 (2018) Kat:3, Licht: 0","115628","3","6","2","06","17","4","0","0","1","0","0","1"
"POINT (13.513140487000044 52.454136584000082)","Unfall 115629 (2018) Kat:3, Licht: 0","115629","3","4","6","05","18","2","0","0","0","1","1","0"
"POINT (13.314677374000041 52.512211658000069)","Unfall 115630 (2018) Kat:3, Licht: 2","115630","3","2","5","04","21","7","0","2","0","1","0","0"
"POINT (13.450343483000040 52.522816895000062)","Unfall 115631 (2018) Kat:3, Licht: 0","115631","3","4","6","07","07","7","0","0","1","0","1","0"
"POINT (13.411143015000050 52.518728104000047)","Unfall 115632 (2018) Kat:3, Licht: 0","115632","3","6","2","05","08","7","0","0","1","1","0","0"
"POINT (13.430256816000053 52.533587053000076)","Unfall 115633 (2018) Kat:3, Licht: 0","115633","3","5","1","01","14","4","0","0","1","1","0","0"
"POINT (13.298858581000047 52.488752747000035)","Unfall 115634 (2018) Kat:3, Licht: 2","115634","3","6","2","11","19","6","0","2","0","1","0","0"
"POINT (13.562582726000073 52.508262301000059)","Unfall 115636 (2018) Kat:3, Licht: 2","115636","3","1","8","10","03","4","0","2","0","0","0","1"
"POINT (13.354191965000041 52.478976097000043)","Unfall 115637 (2018) Kat:3, Licht: 0","115637","3","2","2","08","15","2","0","0","0","1","0","0"
"POINT (13.281212238000023 52.501429633000043)","Unfall 115638 (2018) Kat:3, Licht: 0","115638","3","6","2","04","18","1","0","0","0","1","0","0"
"POINT (13.400506512000049 52.415421649000052)","Unfall 115639 (2018) Kat:2, Licht: 0","115639","2","6","0","04","17","1","1","0","0","1","0","1"
"POINT (13.325820782000051 52.512943243000052)","Unfall 115640 (2018) Kat:3, Licht: 0","115640","3","2","5","05","07","2","0","0","1","0","0","0"
"POINT (13.444946745000038 52.545507231000045)","Unfall 115641 (2018) Kat:3, Licht: 1","115641","3","2","5","10","17","3","1","1","0","1","0","0"
"POINT (13.362597455000071 52.566921242000035)","Unfall 115642 (2018) Kat:3, Licht: 0","115642","3","4","6","01","12","4","1","0","1","0","1","0"