WKT,Name,OBJECTID,UKATEGORIE,UTYP1,UART,UMONAT,USTUNDE,UWOCHENTAG,STRZUSTAND,ULICHTVERH,ISTRAD,ISTPKW,ISTFUSS,ISTKRAD
"POINT (13.307639637000023 52.511751801000059)","Unfall 115643 (2018) Kat:2, Licht: 2","115643","2","2","6","12","18","7","0","2","0","1","1","0"
"POINT (13.369755711000039 52.515705063000041)","Unfall 115644 (2018) Kat:3, Licht: 0","115644","3","3","5","09","11","3","0","0","1","0","0","0"
"POINT (13.416384431000040 52.522004399000082)","Unfall 115645 (2018) Kat:2, Licht: 0","115645","2","2","0","08","14","4","0","0","1","1","0","0"
"POINT (13.412467871000047 52.542875359000050)","Unfall 115646 (2018) Kat:3, Licht: 0","115646","3","6","3","06","15","4","0","0","1","0","0","0"
"POINT (13.438412154000048 52.541002664000075)","Unfall 115647 (2018) Kat:3, Licht: 0","115647","3","2","5","07","19","3","0","0","1","1","0","0"
"POINT (13.465313288000061 52.514587408000068)","Unfall 115648 (2018) Kat:3, Licht: 0","115648","3","4","6","01","16","4","0","0","1","0","1","0"
"POINT (13.467556563000073 52.514508974000080)","Unfall 115649 (2018) Kat:3, Licht: 0","115649","3","2","5","11","14","6","0","0","1","1","0","0"
"POINT (13.387618225000040 52.497910520000062)","Unfall 115650 (2018) Kat:3, Licht: 0","115650","3","7","1","06","10","5","0","0","0","1","0","1"
"POINT (13.403572121000025 52.569260309000072)","Unfall 115651 (2018) Kat:3, Licht: 0","115651","3","4","6","05","16","3","0","0","0","0","1","0"
"POINT (13.251365167000074 52.508093415000076)","Unfall 115652 (2018) Kat:3, Licht: 0","115652","3","6","2","12","10","1","1","0","0","1","0","0"
"POINT (13.424133060000031 52.539307578000034)","Unfall 115653 (2018) Kat:3, Licht: 2","115653","3","1","0","10","21","3","1","2","0","0","0","1"
"POINT (13.458283714000061 52.492288594000058)","Unfall 115654 (2018) Kat:3, Licht: 0","115654","3","6","2","01","15","4","1","0","0","1","0","1"
"POINT (13.303581142000041 52.511484685000028)","Unfall 115655 (2018) Kat:3, Licht: 0","115655","3","6","3","07","19","2","0","0","1","0","0","0"
"POINT (13.301157956000054 52.548589523000032)","Unfall 115656 (2018) Kat:3, Licht: 0","115656","3","6","2","04","17","3","0","0","0","1","0","0"
"POINT (13.404765941000051 52.519882701000029)","Unfall 115657 (2018) Kat:3, Licht: 0","115657","3","2","5","07","15","5","0","0","1","0","0","0"
"POINT (13.378825495000058 52.470054197000081)","Unfall 115658 (2018) Kat:2, Licht: 0","115658","2","6","3","03","13","4","0","0","0","1","0","0"
"POINT (13.311625203000062 52.512011495000081)","Unfall 115659 (2018) Kat:2, Licht: 0","115659","2","4","6","05","13","3","0","0","0","1","1","0"
"POINT (13.377194656000029 52.432518795000078)","Unfall 115660 (2018) Kat:3, Licht: 0","115660","3","3","5","10","10","2","0","0","0","1","0","0"
"POINT (13.291641806000030 52.586262947000080)","Unfall 115661 (2018) Kat:2, Licht: 1","115661","2","6","2","01","17","2","0","1","0","1","0","0"
"POINT (13.369941987000061 52.515836512000078)","Unfall 115662 (2018) Kat:3, Licht: 1","115662","3","2","5","11","16","6","1","1","1","1","0","0"
"POINT (13.525974486000052 52.510003767000057)","Unfall 115663 (2018) Kat:3, Licht: 0","115663","3","6","3","09","14","6","0","0","0","1","0","0"
"POINT (13.337627690000033 52.478603757000030)","Unfall 115664 (2018) Kat:3, Licht: 0","115664","3","1","0","08","16","4","0","0","0","1","0","0"
"POINT (13.327299878000076 52.477815841000051)","Unfall 115665 (2018) Kat:3, Licht: 0","115665","3","6","2","06","15","6","0","0","0","1","0","0"
"POINT (13.613257193000038 52.504895854000040)","Unfall 115666 (2018) Kat:2, Licht: 0","115666","2","6","3","06","13","1","0","0","0","1","0","1"
"POINT (13.438870217000044 52.533549271000027)","Unfall 115667 (2018) Kat:2, Licht: 0","115667","2","2","5","08","07","3","0","0","1","0","0","0"
"POINT (13.441832161000036 52.543536724000035)","Unfall 115668 (2018) Kat:3, Licht: 0","115668","3","7","6","05","09","5","0","0","1","0","1","0"
"POINT (13.361932639000031 52.413636083000029)","Unfall 115669 (2018) Kat:3, Licht: 0","115669","3","2","5","04","10","3","0","0","1","0","0","0"
"POINT (13.357589496000060 52.487337416000059)","Unfall 115670 (2018) Kat:3, Licht: 0","115670","3","7","6","12","13","4","0","0","0","1","1","0"
"POINT (13.364398276000031 52.563822617000028)","Unfall 115671 (2018) Kat:2, Licht: 0","115671","2","7","5","09","14","5","0","0","0","1","0","1"
"POINT (13.480315520000033 52.513218307000045)","Unfall 115672 (2018) Kat:3, Licht: 0","115672","3","1","0","09","08","6","0","0","1","0","0","0"
"POINT (13.448529457000063 52.516284576000032)","Unfall 115673 (2018) Kat:3, Licht: 0","115673","3","5","1","07","15","4","0","0","0","0","0","1"
"POINT (13.388644354000064 52.498163072000068)","Unfall 115674 (2018) Kat:2, Licht: 0","115674","2","2","5","07","14","4","0","0","1","1","0","0"
"POINT (13.282603621000021 52.528425276000064)","Unfall 115675 (2018) Kat:2, Licht: 0","115675","2","6","3","05","16","5","0","0","0","1","0","0"
"POINT (13.371573349000073 52.509791152000048)","Unfall 115676 (2018) Kat:2, Licht: 2","115676","2","3","5","01","23","2","1","2","1","1","0","0"
"POINT (13.527095584000051 52.510294310000063)","Unfall 115677 (2018) Kat:3, Licht: 1","115677","3","6","2","11","06","3","1","1","0","1","0","0"
"POINT (13.178104420000068 52.516065675000050)","Unfall 115678 (2018) Kat:3, Licht: 0","115678","3","3","5","08","16","6","0","0","0","1","0","1"
"POINT (13.261583475000066 52.508706133000032)","Unfall 115680 (2018) Kat:3, Licht: 0","115680","3","6","2","10","12","1","0","0","0","1","0","0"
"POINT (13.367379855000024 52.551648714000066)","Unfall 115681 (2018) Kat:2, Licht: 2","115681","2","3","5","08","23","4","0","2","1","1","0","0"
"POINT (13.310156963000054 52.558859997000070)","Unfall 115682 (2018) Kat:3, Licht: 0","115682","3","6","2","04","16","5","1","0","0","1","0","0"
"POINT (13.349706427000058 52.482885579000026)","Unfall 115683 (2018) Kat:3, Licht: 0","115683","3","6","0","04","14","5","0","0","0","1","0","1"
"POINT (13.505919669000036 52.510680196000067)","Unfall 115684 (2018) Kat:3, Licht: 0","115684","3","6","0","05","12","4","0","0","1","1","0","0"
"POINT (13.289590253000028 52.494135348000043)","Unfall 115685 (2018) Kat:3, Licht: 2","115685","3","1","8","12","23","5","1","2","0","1","0","0"
"POINT (13.477192257000070 52.513539458000082)","Unfall 115686 (2018) Kat:2, Licht: 2","115686","2","4","6","09","07","6","0","2","0","0","1","0"
"POINT (13.352582124000037 52.484460195000054)","Unfall 115687 (2018) Kat:2, Licht: 0","115687","2","5","1","09","07","2","0","0","1","1","0","0"
"POINT (13.364415776000044 52.563730454000051)","Unfall 115688 (2018) Kat:3, Licht: 0","115688","3","2","2","06","15","7","0","0","1","0","0","0"
"POINT (13.386301563000075 52.440008637000062)","Unfall 115689 (2018) Kat:3, Licht: 0","115689","3","5","1","07","09","5","0","0","0","0","0","1"
"POINT (13.359209874000044 52.573343763000082)","Unfall 115690 (2018) Kat:2, Licht: 0","115690","2","7","5","05","14","5","0","0","1","0","0","0"
"POINT (13.418771583000023 52.523917626000070)","Unfall 115691 (2018) Kat:3, Licht: 0","115691","3","6","2","01","17","2","1","0","1","0","0","0"
"POINT (13.399459004000050 52.417247043000032)","Unfall 115692 (2018) Kat:3, Licht: 0","115692","3","7","6","11","16","4","0","0","0","1","1","0"
"POINT (13.355278951000059 52.485544360000063)","Unfall 115694 (2018) Kat:3, Licht: 1","115694","3","5","1","10","19","2","0","1","1","1","0","0"
"POINT (13.525342565000074 52.509910336000075)","Unfall 115695 (2018) Kat:2, Licht: 2","115695","2","4","6","08","00","1","0","2","0","1","1","0"
"POINT (13.427944249000063 52.531997907000061)","Unfall 115696 (2018) Kat:3, Licht: 0","115696","3","7","6","04","15","6","0","0","0","1","1","0"
"POINT (13.282750672000077 52.528669781000076)","Unfall 115697 (2018) Kat:2, Licht: 0","115697","2","1","0","03","07","5","1","0","0","0","0","1"
"POINT (13.347637964000057 52.574318901000026)","Unfall 115698 (2018) Kat:3, Licht: 0","115698","3","6","2","05","16","6","0","0","0","1","0","0"
"POINT (13.359443643000077 52.474398760000042)","Unfall 115699 (2018) Kat:3, Licht: 0","115699","3","3","5","10","14","2","0","0","0","1","0","0"
"POINT (13.411309107000022 52.518846754000037)","Unfall 115700 (2018) Kat:1, Licht: 0","115700","1","6","3","01","13","2","0","0","0","1","0","0"
"POINT (13.283892427000069 52.496365546000050)","Unfall 115701 (2018) Kat:3, Licht: 2","115701","3","6","2","11","19","5","0","2","0","1","0","0"
"POINT (13.397692722000045 52.420353637000062)","Unfall 115702 (2018) Kat:2, Licht: 2","115702","2","1","1","09","21","2","0","2","0","1","0","0"
"POINT (13.427229694000061 52.518659027000069)","Unfall 115703 (2018) Kat:3, Licht: 0","115703","3","3","5","08","14","2","0","0","1","1","0","0"
"POINT (13.464291086000060 52.551345721000075)","Unfall 115704 (2018) Kat:2, Licht: 0","115704","2","1","0","06","17","3","0","0","0","0","0","1"
"POINT (13.464756154000042 52.486898888000042)","Unfall 115705 (2018) Kat:3, Licht: 0","115705","3","7","5","07","08","3","0","0","1","1","0","0"
"POINT (13.387312039000051 52.492484354000055)","Unfall 115706 (2018) Kat:3, Licht: 0","115706","3","6","3","06","15","4","0","0","0","0","0","1"
"POINT (13.305476580000061 52.570947515000057)","Unfall 115707 (2018) Kat:3, Licht: 0","115707","3","6","2","05","17","1","0","0","0","1","0","0"
"POINT (13.368377919000068 52.541080777000047)","Unfall 115708 (2018) Kat:3, Licht: 2","115708","3","6","2","04","21","6","1","2","0","1","0","0"
"POINT (13.282979416000046 52.441844991000039)","Unfall 115709 (2018) Kat:3, Licht: 1","115709","3","2","6","12","07","6","1","1","0","1","1","0"
"POINT (13.431352889000038 52.534912899000062)","Unfall 115710 (2018) Kat:3, Licht: 2","115710","3","5","1","10","19","2","0","2","1","0","0","0"
"POINT (13.467836046000059 52.514481334000038)","Unfall 115711 (2018) Kat:3, Licht: 1","115711","3","6","0","07","20","7","1","1","0","1","0","1"
"POINT (13.281691629000022 52.510084889000041)","Unfall 115712 (2018) Kat:3, Licht: 0","115712","3","6","2","04","12","2","1","0","0","1","0","0"
"POINT (13.333400691000065 52.513280144000078)","Unfall 115713 (2018) Kat:3, Licht: 0","115713","3","1","1","07","09","4","0","0","0","1","0","1"
"POINT (13.398988607000035 52.573431674000062)","Unfall 115714 (2018) Kat:3, Licht: 0","115714","3","3","5","03","14","1","0","0","0","1","0","0"
"POINT (13.397557049000056 52.421221229000082)","Unfall 115715 (2018) Kat:3, Licht: 0","115715","3","3","5","05","17","1","0","0","1","1","0","0"
"POINT (13.259917294000047 52.435097675000065)","Unfall 115716 (2018) Kat:3, Licht: 2","115716","3","6","2","10","18","7","1","2","0","1","0","0"
"POINT (13.282610741000042 52.441735174000030)","Unfall 115717 (2018) Kat:3, Licht: 2","115717","3","2","5","01","18","1","1","2","0","1","0","0"
"POINT (13.401709879000066 52.590023265000070)","Unfall 115718 (2018) Kat:3, Licht: 0","115718","3","2","6","11","07","2","1","0","0","1","1","0"
"POINT (13.470684067000036 52.514194778000046)","Unfall 115719 (2018) Kat:3, Licht: 0","115719","3","6","3","09","09","4","0","0","1","0","0","0"
"POINT (13.473951697000075 52.513713232000043)","Unfall 115720 (2018) Kat:3, Licht: 0","115720","3","4","0","08","15","2","0","0","0","0","1","1"
"POINT (13.208990483000036 52.447245283000029)","Unfall 115721 (2018) Kat:3, Licht: 0","115721","3","6","2","06","18","5","0","0","0","1","0","1"
"POINT (13.467525508000051 52.514512046000050)","Unfall 115722 (2018) Kat:3, Licht: 2","115722","3","2","5","03","18","3","1","2","1","1","0","0"
"POINT (13.553840613000034 52.508985748000043)","Unfall 115723 (2018) Kat:3, Licht: 0","115723","3","3","6","06","15","6","0","0","0","1","1","0"
"POINT (13.444749150000064 52.634297100000026)","Unfall 115724 (2018) Kat:1, Licht: 2","115724","1","1","8","08","03","1","0","2","0","1","0","0"
"POINT (13.406426060000058 52.402121658000056)","Unfall 115725 (2018) Kat:3, Licht: 0","115725","3","1","1","05","07","4","0","0","0","1","0","1"
"POINT (13.376390457000070 52.516127141000027)","Unfall 115726 (2018) Kat:3, Licht: 0","115726","3","6","2","04","12","2","0","0","0","1","0","1"
"POINT (13.208259473000055 52.510763583000028)","Unfall 115727 (2018) Kat:3, Licht: 2","115727","3","6","2","12","17","3","1","2","0","1","0","0"
"POINT (13.360320102000060 52.571300892000068)","Unfall 115728 (2018) Kat:3, Licht: 0","115728","3","6","2","09","10","3","0","0","0","1","0","0"
"POINT (13.382535791000066 52.469806437000045)","Unfall 115729 (2018) Kat:3, Licht: 0","115729","3","6","2","09","17","4","0","0","0","1","0","0"
"POINT (13.292280308000045 52.493128364000029)","Unfall 115730 (2018) Kat:3, Licht: 0","115730","3","6","2","06","07","5","0","0","0","1","0","1"
"POINT (13.454226365000068 52.515802069000074)","Unfall 115731 (2018) Kat:3, Licht: 1","115731","3","2","5","07","21","2","0","1","1","1","0","0"
"POINT (13.610580240000047 52.504789030000040)","Unfall 115732 (2018) Kat:3, Licht: 0","115732","3","2","5","07","17","3","0","0","1","1","0","0"
"POINT (13.402782680000030 52.593140959000038)","Unfall 115733 (2018) Kat:3, Licht: 0","115733","3","3","5","05","06","3","0","0","0","1","0","1"
"POINT (13.362700127000039 52.474023801000044)","Unfall 115734 (2018) Kat:3, Licht: 2","115734","3","6","3","12","17","7","1","2","0","1","0","0"
"POINT (13.283005628000069 52.497348354000053)","Unfall 115735 (2018) Kat:3, Licht: 1","115735","3","6","2","10","18","3","1","1","0","1","0","0"
"POINT (13.353369412000063 52.479386160000047)","Unfall 115736 (2018) Kat:2, Licht: 2","115736","2","4","6","01","00","7","0","2","0","1","1","0"
"POINT (13.412550663000047 52.460357740000063)","Unfall 115737 (2018) Kat:1, Licht: 2","115737","1","1","8","07","02","2","0","2","0","0","0","1"
"POINT (13.294316265000077 52.510697953000033)","Unfall 115738 (2018) Kat:2, Licht: 0","115738","2","1","0","04","07","2","0","0","1","0","0","0"
"POINT (13.236297912000055 52.432311042000038)","Unfall 115739 (2018) Kat:3, Licht: 0","115739","3","1","9","07","10","5","0","0","0","1","0","0"
"POINT (13.281070478000061 52.509878695000054)","Unfall 115740 (2018) Kat:3, Licht: 0","115740","3","6","2","03","09","3","1","0","0","1","0","0"
"POINT (13.254383403000077 52.508279330000050)","Unfall 115741 (2018) Kat:3, Licht: 0","115741","3","6","2","05","20","2","0","0","0","0","0","0"
"POINT (13.365061011000023 52.473153676000038)","Unfall 115742 (2018) Kat:3, Licht: 0","115742","3","6","3","10","14","2","1","0","0","1","0","0"
"POINT (13.408959673000027 52.517014894000056)","Unfall 115743 (2018) Kat:3, Licht: 2","115743","3","6","2","01","06","6","1","2","0","1","0","0"
"POINT (13.371506687000021 52.470842467000068)","Unfall 115744 (2018) Kat:3, Licht: 2","115744","3","6","2","11","16","4","0","2","0","1","0","0"
"POINT (13.335173042000065 52.478252361000045)","Unfall 115745 (2018) Kat:3, Licht: 1","115745","3","6","2","09","18","5","1","1","0","1","0","0"
"POINT (13.429310635000036 52.533165256000075)","Unfall 115746 (2018) Kat:3, Licht: 0","115746","3","2","2","08","15","3","0","0","1","0","0","0"
"POINT (13.413604438000050 52.549908858000038)","Unfall 115747 (2018) Kat:3, Licht: 0","115747","3","4","6","06","08","6","0","0","1","0","1","0"
"POINT (13.364255546000038 52.563407061000078)","Unfall 115748 (2018) Kat:3, Licht: 0","115748","3","3","5","06","18","7","0","0","0","1","0","1"
"POINT (13.505298586000038 52.459555236000028)","Unfall 115749 (2018) Kat:2, Licht: 0","115749","2","3","6","08","10","2","0","0","0","1","1","0"
"POINT (13.411978034000072 52.541198391000080)","Unfall 115750 (2018) Kat:3, Licht: 0","115750","3","4","0","05","09","4","0","0","0","0","1","1"
"POINT (13.367635497000038 52.504902805000029)","Unfall 115751 (2018) Kat:3, Licht: 0","115751","3","6","2","04","15","3","0","0","0","1","0","0"
"POINT (13.355131579000044 52.485657785000058)","Unfall 115752 (2018) Kat:3, Licht: 2","115752","3","6","3","12","20","3","1","2","1","1","0","0"
"POINT (13.363155995000056 52.565835511000046)","Unfall 115753 (2018) Kat:3, Licht: 0","115753","3","5","0","09","14","4","0","0","1","0","0","0"
"POINT (13.514195909000023 52.453419985000039)","Unfall 115754 (2018) Kat:2, Licht: 0","115754","2","6","3","09","14","5","0","0","0","1","0","0"
"POINT (13.273155162000023 52.509799934000057)","Unfall 115755 (2018) Kat:3, Licht: 0","115755","3","4","0","07","16","3","0","0","1","0","1","0"
"POINT (13.413391277000073 52.547038006000037)","Unfall 115756 (2018) Kat:3, Licht: 0","115756","3","4","0","07","17","3","0","0","1","0","1","0"
"POINT (13.380423621000034 52.437879537000072)","Unfall 115757 (2018) Kat:3, Licht: 0","115757","3","2","2","05","08","4","0","0","0","1","0","0"
"POINT (13.411972380000066 52.541120654000053)","Unfall 115758 (2018) Kat:2, Licht: 2","115758","2","4","6","01","05","6","1","2","0","1","1","0"
"POINT (13.387319198000057 52.440174297000056)","Unfall 115759 (2018) Kat:3, Licht: 2","115759","3","6","3","11","06","3","1","2","1","1","0","0"
"POINT (13.281697163000047 52.509919406000051)","Unfall 115760 (2018) Kat:3, Licht: 0","115760","3","2","0","08","09","5","0","0","1","1","0","0"
"POINT (13.364640401000031 52.561324241000079)","Unfall 115762 (2018) Kat:3, Licht: 0","115762","3","3","5","10","12","7","0","0","0","1","0","0"
"POINT (13.412326356000051 52.541145539000070)","Unfall 115763 (2018) Kat:3, Licht: 2","115763","3","4","0","08","01","4","0","2","0","0","1","1"
"POINT (13.296175405000042 52.579575544000079)","Unfall 115764 (2018) Kat:3, Licht: 0","115764","3","6","2","04","15","4","1","0","0","1","0","0"
"POINT (13.357281857000032 52.473946392000073)","Unfall 115765 (2018) Kat:3, Licht: 0","115765","3","6","2","04","12","5","0","0","0","1","0","0"
"POINT (13.424321262000035 52.539025355000035)","Unfall 115766 (2018) Kat:3, Licht: 1","115766","3","2","5","05","21","4","0","1","1","1","0","0"
"POINT (13.369924510000033 52.542338985000072)","Unfall 115767 (2018) Kat:3, Licht: 2","115767","3","6","3","12","17","4","0","2","0","1","0","0"
"POINT (13.323918929000058 52.607764971000051)","Unfall 115768 (2018) Kat:3, Licht: 0","115768","3","2","0","09","12","5","0","0","1","0","0","0"
"POINT (13.538193343000046 52.538294005000068)","Unfall 115769 (2018) Kat:3, Licht: 0","115769","3","6","3","08","16","6","0","0","0","1","0","1"
"POINT (13.355051277000030 52.478192750000062)","Unfall 115770 (2018) Kat:3, Licht: 0","115770","3","7","0","06","16","6","1","0","0","0","0","1"
"POINT (13.157390367000062 52.419254895000051)","Unfall 115771 (2018) Kat:3, Licht: 0","115771","3","4","6","07","18","5","0","0","1","0","1","0"
"POINT (13.391566678000061 52.517041667000058)","Unfall 115772 (2018) Kat:3, Licht: 0","115772","3","7","6","05","14","4","0","0","1","0","1","0"
"POINT (13.474249724000060 52.513821509000081)","Unfall 115773 (2018) Kat:3, Licht: 0","115773","3","7","6","01","11","6","1","0","1","0","1","0"
"POINT (13.170698637000044 52.420871365000039)","Unfall 115774 (2018) Kat:3, Licht: 0","115774","3","5","0","11","16","3","0","0","1","1","0","0"
"POINT (13.159924846000024 52.419638372000065)","Unfall 115775 (2018) Kat:2, Licht: 0","115775","2","4","6","06","07","3","0","0","0","1","1","0"
"POINT (13.374614978000068 52.509451028000058)","Unfall 115776 (2018) Kat:3, Licht: 2","115776","3","6","2","12","17","7","1","2","0","1","0","0"
"POINT (13.281216365000034 52.501360430000034)","Unfall 115777 (2018) Kat:3, Licht: 0","115777","3","6","2","10","14","1","0","0","0","1","0","0"
"POINT (13.303179666000062 52.551032867000060)","Unfall 115778 (2018) Kat:2, Licht: 0","115778","2","1","8","08","14","6","0","0","0","1","0","0"
"POINT (13.283939264000026 52.507653914000059)","Unfall 115779 (2018) Kat:2, Licht: 0","115779","2","6","2","04","13","5","0","0","0","1","0","0"
"POINT (13.365300476000073 52.557867953000027)","Unfall 115780 (2018) Kat:3, Licht: 0","115780","3","6","2","03","11","3","0","0","0","1","0","1"
"POINT (13.301731724000035 52.643004566000059)","Unfall 115781 (2018) Kat:2, Licht: 0","115781","2","3","5","05","08","6","0","0","1","1","0","0"
"POINT (13.348747624000055 52.475316718000045)","Unfall 115782 (2018) Kat:3, Licht: 0","115782","3","6","2","10","15","6","0","0","0","1","0","0"
"POINT (13.446569958000055 52.527644645000066)","Unfall 115783 (2018) Kat:3, Licht: 2","115783","3","6","2","01","17","5","0","2","0","1","0","0"
"POINT (13.369548280000060 52.507880151000052)","Unfall 115784 (2018) Kat:3, Licht: 0","115784","3","7","6","11","14","5","0","0","1","0","1","0"
"POINT (13.445559638000077 52.463046574000032)","Unfall 115785 (2018) Kat:3, Licht: 0","115785","3","6","2","09","07","2","0","0","0","1","0","1"
"POINT (13.462557662000052 52.550811539000051)","Unfall 115786 (2018) Kat:3, Licht: 2","115786","3","6","3","08","21","7","0","2","0","1","0","0"
"POINT (13.403297934000022 52.569353207000063)","Unfall 115787 (2018) Kat:3, Licht: 0","115787","3","6","2","06","07","3","0","0","0","1","0","0"
"POINT (13.507065356000055 52.510607924000055)","Unfall 115788 (2018) Kat:3, Licht: 0","115788","3","5","1","07","19","2","0","0","1","1","0","0"
"POINT (13.297330018000025 52.511075261000030)","Unfall 115789 (2018) Kat:3, Licht: 0","115789","3","6","2","06","17","3","0","0","0","1","0","0"
"POINT (13.415945700000066 52.378982930000063)","Unfall 115790 (2018) Kat:3, Licht: 0","115790","3","5","1","05","12","7","0","0","0","1","0","1"
"POINT (13.434961327000053 52.586429388000056)","Unfall 115791 (2018) Kat:2, Licht: 0","115791","2","6","3","04","16","5","0","0","0","1","0","0"
"POINT (13.531471452000062 52.510261948000050)","Unfall 115792 (2018) Kat:3, Licht: 1","115792","3","6","2","12","16","4","1","1","0","1","0","0"
"POINT (13.385762779000061 52.480130923000047)","Unfall 115793 (2018) Kat:3, Licht: 0","115793","3","2","6","09","13","1","0","0","0","1","1","0"
"POINT (13.365258867000023 52.558078651000073)","Unfall 115794 (2018) Kat:2, Licht: 0","115794","2","3","5","07","16","7","0","0","0","1","0","1"
"POINT (13.292558491000023 52.510596448000058)","Unfall 115795 (2018) Kat:3, Licht: 0","115795","3","5","1","04","16","1","0","0","1","0","0","0"
"POINT (13.152483124000071 52.418726465000077)","Unfall 115796 (2018) Kat:3, Licht: 1","115796","3","3","0","07","20","2","0","1","0","1","0","1"
"POINT (13.302453496000055 52.486111595000068)","Unfall 115797 (2018) Kat:3, Licht: 0","115797","3","6","2","03","15","6","1","0","0","1","0","0"
"POINT (13.376288995000039 52.516121027000054)","Unfall 115798 (2018) Kat:3, Licht: 0","115798","3","6","0","05","13","7","0","0","1","0","0","0"
"POINT (13.451846074000059 52.548582154000030)","Unfall 115799 (2018) Kat:3, Licht: 0","115799","3","1","0","10","14","6","0","0","0","0","0","1"
"POINT (13.247155032000023 52.478212901000063)","Unfall 115800 (2018) Kat:3, Licht: 2","115800","3","1","8","01","17","5","0","2","0","1","0","0"
"POINT (13.385875903000056 52.475179912000044)","Unfall 115801 (2018) Kat:3, Licht: 0","115801","3","6","2","11","11","7","0","0","0","1","0","0"
"POINT (13.406311666000022 52.397314469000037)","Unfall 115802 (2018) Kat:2, Licht: 1","115802","2","5","1","09","06","3","0","1","0","1","0","0"
"POINT (13.386056772000074 52.483668203000036)","Unfall 115803 (2018) Kat:3, Licht: 0","115803","3","6","2","08","14","1","0","0","0","1","0","0"
"POINT (13.179527267000026 52.516559440000037)","Unfall 115804 (2018) Kat:3, Licht: 0","115804","3","6","2","06","13","4","0","0","0","1","0","1"
"POINT (13.427905222000049 52.569024627000033)","Unfall 115805 (2018) Kat:3, Licht: 0","115805","3","7","2","10","11","4","0","0","0","0","0","1"
"POINT (13.425437500000044 52.541486156000076)","Unfall 115806 (2018) Kat:3, Licht: 0","115806","3","7","0","06","06","6","0","0","1","0","0","0"
"POINT (13.368479908000040 52.541022854000062)","Unfall 115807 (2018) Kat:3, Licht: 0","115807","3","2","5","08","15","6","0","0","1","1","0","0"
"POINT (13.387319198000057 52.440174297000056)","Unfall 115808 (2018) Kat:3, Licht: 0","115808","3","3","5","05","20","3","0","0","0","1","0","0"
"POINT (13.380674963000047 52.438145041000041)","Unfall 115809 (2018) Kat:3, Licht: 0","115809","3","6","2","04","16","1","0","0","0","1","0","0"
"POINT (13.486831365000057 52.624660729000027)","Unfall 115810 (2018) Kat:3, Licht: 1","115810","3","6","2","12","06","2","0","1","0","1","0","0"
"POINT (13.399726632000068 52.570130013000039)","Unfall 115811 (2018) Kat:3, Licht: 0","115811","3","6","2","09","14","3","0","0","0","1","0","0"
"POINT (13.175406634000069 52.419966693000049)","Unfall 115812 (2018) Kat:3, Licht: 0","115812","3","2","0","09","13","3","0","0","1","1","0","0"
"POINT (13.350165310000023 52.481108798000037)","Unfall 115813 (2018) Kat:3, Licht: 0","115813","3","4","6","06","16","4","0","0","0","1","1","0"
"POINT (13.293961502000059 52.491988450000065)","Unfall 115814 (2018) Kat:3, Licht: 0","115814","3","6","2","07","09","2","0","0","0","1","0","0"
"POINT (13.465033176000077 52.514762230000031)","Unfall 115815 (2018) Kat:3, Licht: 1","115815","3","1","1","05","21","2","0","1","0","1","0","0"
"POINT (13.348314409000068 52.574327883000080)","Unfall 115816 (2018) Kat:3, Licht: 0","115816","3","6","3","01","09","5","1","0","0","1","0","0"
"POINT (13.248024719000057 52.615547615000082)","Unfall 115817 (2018) Kat:3, Licht: 1","115817","3","1","0","11","16","1","1","1","0","0","0","1"
"POINT (13.428565326000069 52.547299830000043)","Unfall 115818 (2018) Kat:3, Licht: 0","115818","3","4","6","08","13","5","0","0","0","1","1","0"
"POINT (13.411852606000025 52.519175735000033)","Unfall 115819 (2018) Kat:3, Licht: 0","115819","3","2","5","03","11","7","0","0","0","1","0","0"
"POINT (13.432522749000043 52.536237772000050)","Unfall 115821 (2018) Kat:2, Licht: 0","115821","2","6","2","10","08","5","0","0","0","1","0","0"
"POINT (13.578034679000041 52.505165269000031)","Unfall 115822 (2018) Kat:2, Licht: 0","115822","2","3","5","08","06","3","0","0","1","1","0","0"
"POINT (13.553477472000054 52.509343768000065)","Unfall 115823 (2018) Kat:3, Licht: 0","115823","3","2","5","04","07","2","0","0","0","1","0","0"
"POINT (13.407763453000030 52.564045724000039)","Unfall 115824 (2018) Kat:3, Licht: 0","115824","3","5","1","04","16","3","0","0","1","0","0","0"
"POINT (13.367788951000023 52.471905806000052)","Unfall 115825 (2018) Kat:3, Licht: 0","115825","3","6","2","05","15","3","0","0","0","1","0","0"
"POINT (13.444860097000060 52.614674245000060)","Unfall 115826 (2018) Kat:3, Licht: 2","115826","3","6","2","10","17","4","0","2","0","1","0","0"
"POINT (13.473097282000026 52.566632246000040)","Unfall 115827 (2018) Kat:3, Licht: 2","115827","3","2","6","12","18","2","0","2","0","0","1","0"
"POINT (13.354571648000046 52.485391014000072)","Unfall 115828 (2018) Kat:3, Licht: 2","115828","3","6","3","09","20","4","0","2","1","1","0","0"
"POINT (13.405137121000053 52.513511866000044)","Unfall 115829 (2018) Kat:3, Licht: 0","115829","3","7","6","08","11","5","0","0","0","1","1","0"
"POINT (13.404815886000051 52.520140132000051)","Unfall 115830 (2018) Kat:3, Licht: 0","115830","3","2","5","06","17","5","0","0","1","0","0","1"
"POINT (13.197162182000056 52.419750502000056)","Unfall 115831 (2018) Kat:3, Licht: 0","115831","3","6","2","07","08","4","0","0","0","1","0","0"
"POINT (13.429891522000048 52.553353381000079)","Unfall 115832 (2018) Kat:3, Licht: 2","115832","3","6","2","01","16","5","1","2","0","1","0","0"