WKT,Name,OBJECTID,UKATEGORIE,UTYP1,UART,UMONAT,USTUNDE,UWOCHENTAG,STRZUSTAND,ULICHTVERH,ISTRAD,ISTPKW,ISTFUSS,ISTKRAD
"POINT (13.289187970000057 52.510554849000073)","Unfall 115833 (2018) Kat:3, Licht: 0","115833","3","2","5","11","07","2","0","0","1","1","0","0"
"POINT (13.385737266000035 52.469320579000055)","Unfall 115834 (2018) Kat:3, Licht: 0","115834","3","6","2","06","11","6","1","0","0","0","0","1"
"POINT (13.424423453000031 52.539246678000040)","Unfall 115835 (2018) Kat:3, Licht: 0","115835","3","2","5","05","18","3","0","0","1","1","0","0"
"POINT (13.306507342000032 52.567339164000032)","Unfall 115836 (2018) Kat:3, Licht: 0","115836","3","6","2","12","12","5","0","0","0","1","0","0"
"POINT (13.389966154000035 52.433972651000033)","Unfall 115837 (2018) Kat:3, Licht: 0","115837","3","5","1","10","10","6","0","0","0","1","0","1"
"POINT (13.477149647000033 52.566966546000060)","Unfall 196811 (2018) Kat:2, Licht: 2","196811","2","2","5","01","18","5","1","2","1","1","0","0"
"POINT (13.267444551000040 52.408594061000031)","Unfall 196812 (2018) Kat:2, Licht: 0","196812","2","2","5","01","11","4","0","0","1","1","0","0"
"POINT (13.342345448000060 52.482411621000040)","Unfall 196813 (2018) Kat:3, Licht: 2","196813","3","2","2","01","18","5","1","2","1","1","0","0"
"POINT (13.554364613000075 52.447731513000065)","Unfall 196814 (2018) Kat:3, Licht: 2","196814","3","3","5","01","18","2","0","2","0","1","0","0"
"POINT (13.347713674000033 52.575836226000035)","Unfall 196815 (2018) Kat:3, Licht: 2","196815","3","2","5","01","18","5","1","2","1","1","0","0"
"POINT (13.578647660000058 52.452438712000060)","Unfall 196816 (2018) Kat:3, Licht: 2","196816","3","3","5","01","17","1","0","2","0","1","0","0"
"POINT (13.498060983000073 52.628289792000032)","Unfall 196817 (2018) Kat:2, Licht: 2","196817","2","2","6","01","17","5","1","2","0","1","1","0"
"POINT (13.178041371000063 52.548868213000048)","Unfall 196818 (2018) Kat:2, Licht: 1","196818","2","2","6","01","07","6","0","1","0","1","1","0"
"POINT (13.332930510000040 52.520466167000052)","Unfall 196819 (2018) Kat:3, Licht: 2","196819","3","3","5","01","17","5","1","2","0","1","0","0"
"POINT (13.270046384000068 52.548604527000066)","Unfall 196820 (2018) Kat:2, Licht: 2","196820","2","4","6","01","23","3","0","2","0","1","1","0"
"POINT (13.479712962000065 52.523714008000070)","Unfall 196821 (2018) Kat:2, Licht: 2","196821","2","4","6","01","17","5","1","2","0","1","1","0"
"POINT (13.464672660000076 52.497387317000062)","Unfall 196822 (2018) Kat:3, Licht: 2","196822","3","2","5","01","16","5","1","2","0","1","0","0"
"POINT (13.322113768000065 52.575878264000039)","Unfall 196823 (2018) Kat:3, Licht: 2","196823","3","5","1","01","05","2","0","2","0","1","0","0"
"POINT (13.426060004000021 52.480942110000058)","Unfall 196824 (2018) Kat:3, Licht: 1","196824","3","6","2","01","15","5","1","1","0","1","0","0"
"POINT (13.259486539000022 52.570476213000063)","Unfall 196825 (2018) Kat:3, Licht: 0","196825","3","6","2","01","16","5","1","0","0","1","0","0"
"POINT (13.427819464000038 52.468107392000036)","Unfall 196826 (2018) Kat:3, Licht: 2","196826","3","2","6","01","03","7","1","2","0","0","1","0"
"POINT (13.343220403000032 52.439705470000035)","Unfall 196827 (2018) Kat:3, Licht: 0","196827","3","2","5","01","15","5","1","0","0","1","0","0"
"POINT (13.417785205000030 52.487655960000041)","Unfall 196828 (2018) Kat:3, Licht: 2","196828","3","6","2","01","20","4","1","2","1","1","0","0"
"POINT (13.456926203000023 52.465107169000078)","Unfall 196829 (2018) Kat:3, Licht: 1","196829","3","6","3","01","15","5","1","1","0","1","0","0"
"POINT (13.477116456000033 52.566970817000026)","Unfall 196830 (2018) Kat:2, Licht: 2","196830","2","2","5","01","16","7","0","2","0","1","0","0"
"POINT (13.433738043000062 52.443428910000080)","Unfall 196831 (2018) Kat:3, Licht: 0","196831","3","4","6","01","14","5","1","0","0","1","1","0"
"POINT (13.349784701000033 52.503256609000061)","Unfall 196832 (2018) Kat:3, Licht: 2","196832","3","2","2","01","21","5","1","2","0","1","0","0"
"POINT (13.578287059000047 52.459206032000054)","Unfall 196833 (2018) Kat:2, Licht: 0","196833","2","3","5","01","14","5","1","0","1","1","0","0"
"POINT (13.380839880000053 52.552454072000046)","Unfall 196834 (2018) Kat:3, Licht: 2","196834","3","6","2","01","16","3","0","2","0","1","0","0"
"POINT (13.273238288000073 52.511694940000041)","Unfall 196835 (2018) Kat:2, Licht: 0","196835","2","7","0","01","14","5","0","0","0","1","0","0"
"POINT (13.456410625000046 52.517932594000058)","Unfall 196836 (2018) Kat:3, Licht: 0","196836","3","5","1","01","08","2","0","0","0","1","0","0"
"POINT (13.260100181000041 52.434317892000081)","Unfall 196837 (2018) Kat:3, Licht: 0","196837","3","7","0","01","14","5","1","0","0","1","0","1"
"POINT (13.161809135000055 52.521638254000038)","Unfall 196838 (2018) Kat:2, Licht: 0","196838","2","4","6","01","13","5","0","0","0","1","1","0"
"POINT (13.386934981000024 52.456926318000058)","Unfall 196839 (2018) Kat:3, Licht: 2","196839","3","5","1","01","20","7","1","2","0","1","0","0"
"POINT (13.511977271000035 52.510130587000049)","Unfall 196840 (2018) Kat:3, Licht: 0","196840","3","3","5","01","13","5","1","0","0","1","0","0"
"POINT (13.387538956000071 52.524628363000033)","Unfall 196841 (2018) Kat:3, Licht: 2","196841","3","1","0","01","17","4","1","2","0","0","0","1"
"POINT (13.492655474000060 52.542561517000081)","Unfall 196842 (2018) Kat:2, Licht: 2","196842","2","3","5","01","19","5","1","2","1","1","0","0"
"POINT (13.453988415000026 52.469198802000051)","Unfall 196843 (2018) Kat:3, Licht: 0","196843","3","3","5","01","13","5","1","0","0","1","0","0"
"POINT (13.392759565000063 52.528317904000062)","Unfall 196844 (2018) Kat:3, Licht: 0","196844","3","6","2","01","12","2","0","0","0","1","0","0"
"POINT (13.328861155000027 52.563654628000052)","Unfall 196845 (2018) Kat:3, Licht: 0","196845","3","5","0","01","11","5","1","0","0","1","0","1"
"POINT (13.440394053000034 52.515858258000037)","Unfall 196846 (2018) Kat:3, Licht: 1","196846","3","3","5","01","07","3","0","1","1","1","0","0"
"POINT (13.323484277000034 52.597928856000067)","Unfall 196847 (2018) Kat:3, Licht: 0","196847","3","4","6","01","10","5","1","0","0","1","1","0"
"POINT (13.427094610000040 52.511895674000073)","Unfall 196848 (2018) Kat:3, Licht: 0","196848","3","3","5","01","13","2","0","0","1","1","0","0"
"POINT (13.453938638000068 52.488925703000064)","Unfall 196849 (2018) Kat:3, Licht: 2","196849","3","2","5","01","05","5","1","2","1","1","0","0"
"POINT (13.521781409000027 52.567007136000029)","Unfall 196850 (2018) Kat:3, Licht: 2","196850","3","3","5","01","05","5","1","2","1","1","0","0"
"POINT (13.307028477000074 52.505529793000051)","Unfall 196851 (2018) Kat:3, Licht: 2","196851","3","1","8","01","02","6","1","2","0","1","0","0"
"POINT (13.292973570000072 52.506202782000059)","Unfall 196852 (2018) Kat:3, Licht: 0","196852","3","3","5","01","10","5","1","0","0","1","0","0"
"POINT (13.262169744000062 52.481174799000030)","Unfall 196853 (2018) Kat:3, Licht: 0","196853","3","3","5","01","12","4","0","0","0","1","0","0"
"POINT (13.351178478000065 52.509485683000037)","Unfall 196854 (2018) Kat:3, Licht: 2","196854","3","2","6","01","06","5","1","2","0","1","1","0"
"POINT (13.522551678000070 52.435030012000027)","Unfall 196855 (2018) Kat:3, Licht: 2","196855","3","3","5","01","06","2","0","2","1","1","0","0"
"POINT (13.423252422000076 52.520103905000042)","Unfall 196856 (2018) Kat:3, Licht: 2","196856","3","3","5","01","06","5","1","2","1","1","0","0"
"POINT (13.253224996000029 52.445928148000064)","Unfall 196857 (2018) Kat:3, Licht: 0","196857","3","2","5","01","13","1","0","0","1","1","0","0"
"POINT (13.410967612000036 52.503903556000068)","Unfall 196858 (2018) Kat:3, Licht: 0","196858","3","3","5","01","08","5","1","0","1","1","0","0"
"POINT (13.428804212000045 52.547752706000040)","Unfall 196859 (2018) Kat:3, Licht: 2","196859","3","2","6","01","07","5","1","2","0","1","1","0"
"POINT (13.384273907000022 52.555726997000079)","Unfall 196860 (2018) Kat:3, Licht: 0","196860","3","2","2","01","10","2","0","0","1","1","0","0"
"POINT (13.306623948000038 52.555203248000055)","Unfall 196861 (2018) Kat:3, Licht: 2","196861","3","2","6","01","07","5","1","2","0","1","1","0"
"POINT (13.367943993000040 52.525891931000046)","Unfall 196862 (2018) Kat:3, Licht: 1","196862","3","2","5","01","15","6","0","1","0","1","0","0"
"POINT (13.342166218000045 52.615869138000050)","Unfall 196863 (2018) Kat:3, Licht: 1","196863","3","7","6","01","07","5","1","1","0","0","1","0"
"POINT (13.232945537000035 52.438231947000077)","Unfall 196864 (2018) Kat:3, Licht: 0","196864","3","6","3","01","10","4","0","0","0","1","0","0"
"POINT (13.642911841000057 52.529403686000080)","Unfall 196865 (2018) Kat:3, Licht: 2","196865","3","3","5","01","18","2","0","2","0","1","0","0"
"POINT (13.428324420000024 52.479510640000058)","Unfall 196866 (2018) Kat:3, Licht: 2","196866","3","7","6","01","19","7","0","2","0","1","1","0"
"POINT (13.466448522000064 52.508755632000032)","Unfall 196867 (2018) Kat:2, Licht: 2","196867","2","1","0","01","01","6","1","2","1","0","0","0"
"POINT (13.456149611000058 52.509814385000027)","Unfall 196868 (2018) Kat:3, Licht: 2","196868","3","2","2","01","18","3","0","2","1","1","0","0"
"POINT (13.491201507000028 52.469011908000027)","Unfall 196869 (2018) Kat:2, Licht: 1","196869","2","2","6","01","07","5","1","1","0","1","1","0"
"POINT (13.390396559000067 52.408836895000036)","Unfall 196870 (2018) Kat:3, Licht: 0","196870","3","6","6","01","10","6","0","0","0","1","1","0"
"POINT (13.368082703000027 52.421078278000039)","Unfall 196871 (2018) Kat:3, Licht: 2","196871","3","7","6","01","18","4","1","2","0","1","1","0"
"POINT (13.448499118000029 52.553012064000029)","Unfall 196872 (2018) Kat:3, Licht: 0","196872","3","3","0","01","15","3","0","0","0","0","0","0"
"POINT (13.360646338000038 52.596921106000082)","Unfall 196873 (2018) Kat:3, Licht: 0","196873","3","2","6","01","07","4","1","0","0","0","1","0"
"POINT (13.418030296000040 52.460475558000041)","Unfall 196874 (2018) Kat:3, Licht: 0","196874","3","2","5","01","13","4","1","0","1","0","0","0"
"POINT (13.398208561000047 52.506989176000047)","Unfall 196875 (2018) Kat:2, Licht: 0","196875","2","2","6","01","08","2","0","0","0","1","1","0"
"POINT (13.416636317000041 52.511334175000059)","Unfall 196876 (2018) Kat:2, Licht: 2","196876","2","4","6","01","20","4","1","2","0","1","1","0"
"POINT (13.460090726000033 52.546996840000077)","Unfall 196877 (2018) Kat:3, Licht: 2","196877","3","4","6","01","07","4","1","2","0","0","1","0"
"POINT (13.351736009000035 52.533089226000072)","Unfall 196878 (2018) Kat:3, Licht: 0","196878","3","7","5","01","14","7","0","0","0","1","0","0"
"POINT (13.286680269000044 52.518718318000026)","Unfall 196879 (2018) Kat:3, Licht: 0","196879","3","2","5","01","13","4","1","0","1","1","0","0"
"POINT (13.359377503000076 52.546451466000065)","Unfall 196880 (2018) Kat:3, Licht: 2","196880","3","2","6","01","21","5","1","2","0","1","1","0"
"POINT (13.493597123000029 52.541292292000037)","Unfall 196881 (2018) Kat:3, Licht: 2","196881","3","3","5","01","16","4","1","2","0","1","0","0"
"POINT (13.389929927000026 52.510161507000078)","Unfall 196882 (2018) Kat:3, Licht: 0","196882","3","7","2","01","12","3","0","0","1","1","0","0"
"POINT (13.337350188000073 52.471476573000075)","Unfall 196883 (2018) Kat:3, Licht: 2","196883","3","2","5","01","16","4","1","2","1","1","0","0"
"POINT (13.578627264000033 52.513257798000041)","Unfall 196884 (2018) Kat:3, Licht: 0","196884","3","6","0","01","13","2","0","0","0","0","0","0"
"POINT (13.389319897000064 52.547032375000072)","Unfall 196885 (2018) Kat:3, Licht: 0","196885","3","3","5","01","15","4","0","0","1","1","0","0"
"POINT (13.197365335000029 52.560552287000064)","Unfall 196886 (2018) Kat:3, Licht: 0","196886","3","6","2","01","15","4","1","0","0","1","0","0"
"POINT (13.346141739000075 52.498764496000035)","Unfall 196887 (2018) Kat:3, Licht: 2","196887","3","3","5","01","22","7","0","2","0","1","0","0"
"POINT (13.447367682000049 52.530616118000069)","Unfall 196888 (2018) Kat:3, Licht: 1","196888","3","3","5","01","17","4","1","1","0","1","0","0"
"POINT (13.338904470000045 52.465487321000069)","Unfall 196889 (2018) Kat:3, Licht: 2","196889","3","7","0","01","06","2","0","2","0","1","0","0"
"POINT (13.287392589000035 52.518850268000051)","Unfall 196890 (2018) Kat:2, Licht: 1","196890","2","4","0","01","17","4","1","1","0","1","1","0"
"POINT (13.260749928000052 52.537163636000059)","Unfall 196891 (2018) Kat:3, Licht: 2","196891","3","3","5","01","18","4","1","2","0","1","0","0"
"POINT (13.455887671000028 52.473897089000047)","Unfall 196892 (2018) Kat:3, Licht: 2","196892","3","2","6","01","01","7","0","2","0","1","1","0"
"POINT (13.281207000000052 52.512824850000072)","Unfall 196893 (2018) Kat:3, Licht: 2","196893","3","2","6","01","19","4","1","2","0","1","1","0"
"POINT (13.314570298000035 52.424122707000038)","Unfall 196894 (2018) Kat:3, Licht: 2","196894","3","6","2","01","18","4","1","2","0","1","0","0"
"POINT (13.315488114000061 52.449671140000078)","Unfall 196895 (2018) Kat:3, Licht: 2","196895","3","2","6","01","19","4","1","2","0","1","1","0"
"POINT (13.301133660000062 52.494927424000082)","Unfall 196896 (2018) Kat:3, Licht: 0","196896","3","7","2","01","11","3","0","0","0","1","0","0"
"POINT (13.386430364000034 52.549388451000027)","Unfall 196897 (2018) Kat:3, Licht: 2","196897","3","2","6","01","20","4","1","2","0","1","1","0"
"POINT (13.409654819000025 52.504082123000046)","Unfall 196898 (2018) Kat:2, Licht: 0","196898","2","4","6","01","11","2","0","0","1","0","1","0"
"POINT (13.343061718000058 52.504846836000070)","Unfall 196899 (2018) Kat:3, Licht: 0","196899","3","4","6","01","13","4","1","0","0","1","1","0"
"POINT (13.601309483000023 52.535853855000028)","Unfall 196900 (2018) Kat:3, Licht: 2","196900","3","3","5","01","16","6","0","2","1","1","0","0"
"POINT (13.280447505000041 52.508721540000067)","Unfall 196901 (2018) Kat:3, Licht: 0","196901","3","5","1","01","11","4","1","0","1","1","0","0"
"POINT (13.421367270000076 52.514551807000032)","Unfall 196902 (2018) Kat:3, Licht: 0","196902","3","1","3","01","11","4","1","0","0","1","0","0"
"POINT (13.493674124000052 52.636077812000053)","Unfall 196903 (2018) Kat:3, Licht: 0","196903","3","3","5","01","11","4","1","0","0","1","0","0"
"POINT (13.345020132000059 52.492414403000055)","Unfall 196904 (2018) Kat:2, Licht: 0","196904","2","5","1","01","13","4","1","0","0","1","0","0"
"POINT (13.433440570000073 52.508909043000074)","Unfall 196905 (2018) Kat:3, Licht: 2","196905","3","7","0","01","20","5","1","2","1","0","0","0"
"POINT (13.129270293000047 52.527171653000039)","Unfall 196906 (2018) Kat:3, Licht: 0","196906","3","3","5","01","10","4","1","0","0","1","0","0"
"POINT (13.407331506000048 52.581800949000069)","Unfall 196907 (2018) Kat:3, Licht: 0","196907","3","3","5","01","07","2","0","0","1","0","0","0"
"POINT (13.338448910000068 52.503358232000039)","Unfall 196908 (2018) Kat:2, Licht: 0","196908","2","4","6","01","11","4","1","0","0","1","1","0"
"POINT (13.352345983000077 52.485191343000054)","Unfall 196909 (2018) Kat:3, Licht: 2","196909","3","5","1","01","18","1","0","2","1","1","0","0"
"POINT (13.195834018000028 52.547835602000077)","Unfall 196910 (2018) Kat:3, Licht: 0","196910","3","3","5","01","10","4","1","0","1","0","0","0"
"POINT (13.338821545000030 52.448898860000043)","Unfall 196911 (2018) Kat:3, Licht: 0","196911","3","2","5","01","14","6","0","0","1","1","0","0"
"POINT (13.415836869000032 52.440067410000040)","Unfall 196912 (2018) Kat:3, Licht: 0","196912","3","3","5","01","09","4","1","0","1","1","0","0"
"POINT (13.449181231000068 52.537362979000079)","Unfall 196913 (2018) Kat:3, Licht: 1","196913","3","7","2","01","08","4","0","1","0","1","0","0"
"POINT (13.588032493000071 52.520889904000057)","Unfall 196914 (2018) Kat:2, Licht: 2","196914","2","4","6","01","07","4","1","2","0","1","1","0"
"POINT (13.604044588000022 52.539613374000055)","Unfall 196915 (2018) Kat:3, Licht: 2","196915","3","4","6","01","17","2","0","2","0","1","1","0"
"POINT (13.406385582000041 52.393762837000054)","Unfall 196916 (2018) Kat:2, Licht: 2","196916","2","2","6","01","07","4","1","2","0","1","1","0"
"POINT (13.418162476000077 52.515412574000038)","Unfall 196917 (2018) Kat:3, Licht: 1","196917","3","6","3","01","07","4","1","1","0","1","0","0"
"POINT (13.381546389000050 52.552163188000065)","Unfall 196918 (2018) Kat:3, Licht: 2","196918","3","2","6","01","17","7","0","2","0","1","1","0"
"POINT (13.369709604000036 52.559662800000069)","Unfall 196919 (2018) Kat:2, Licht: 2","196919","2","2","6","01","07","4","1","2","0","1","1","0"
"POINT (13.342078785000069 52.482467732000032)","Unfall 196920 (2018) Kat:3, Licht: 2","196920","3","3","5","01","18","2","0","2","1","0","0","0"
"POINT (13.496124339000062 52.534245711000040)","Unfall 196921 (2018) Kat:3, Licht: 2","196921","3","4","6","01","07","4","1","2","0","1","1","0"
"POINT (13.570973605000063 52.544784176000064)","Unfall 196922 (2018) Kat:3, Licht: 1","196922","3","2","2","01","16","1","0","1","0","1","0","0"
"POINT (13.178269391000072 52.548685989000035)","Unfall 196923 (2018) Kat:2, Licht: 2","196923","2","4","6","01","07","4","1","2","0","1","1","0"
"POINT (13.345156583000062 52.554428851000068)","Unfall 196924 (2018) Kat:3, Licht: 0","196924","3","2","6","01","07","6","0","0","0","1","1","0"
"POINT (13.387654670000074 52.457866122000041)","Unfall 196925 (2018) Kat:3, Licht: 2","196925","3","2","5","01","06","4","1","2","1","1","0","0"
"POINT (13.285569349000070 52.592744643000060)","Unfall 196926 (2018) Kat:3, Licht: 0","196926","3","7","1","01","13","3","0","0","0","1","0","0"
"POINT (13.435360789000072 52.514707699000041)","Unfall 196927 (2018) Kat:3, Licht: 1","196927","3","3","2","01","06","4","1","1","1","1","0","0"
"POINT (13.337024245000066 52.552594373000034)","Unfall 196928 (2018) Kat:3, Licht: 2","196928","3","3","5","01","06","4","1","2","1","1","0","0"
"POINT (13.540902415000062 52.435595579000051)","Unfall 196929 (2018) Kat:3, Licht: 1","196929","3","6","2","01","07","2","2","1","0","1","0","0"
"POINT (13.406703729000071 52.535784038000031)","Unfall 196930 (2018) Kat:2, Licht: 2","196930","2","3","5","01","05","4","1","2","1","1","0","0"
"POINT (13.381633471000043 52.515144152000062)","Unfall 196931 (2018) Kat:3, Licht: 0","196931","3","4","6","01","09","4","0","0","1","0","1","0"
"POINT (13.391626911000060 52.512222881000071)","Unfall 196932 (2018) Kat:3, Licht: 0","196932","3","3","5","01","13","7","0","0","0","1","0","0"
"POINT (13.417272529000059 52.605391134000058)","Unfall 196933 (2018) Kat:3, Licht: 0","196933","3","3","5","01","08","4","1","0","1","1","0","0"
"POINT (13.534097149000047 52.457243575000064)","Unfall 196934 (2018) Kat:3, Licht: 2","196934","3","4","6","01","20","4","1","2","0","1","1","0"
"POINT (13.397532208000030 52.565846161000081)","Unfall 196935 (2018) Kat:3, Licht: 1","196935","3","4","6","01","08","3","0","1","1","0","1","0"
"POINT (13.428231629000038 52.493450020000068)","Unfall 196936 (2018) Kat:3, Licht: 1","196936","3","3","5","01","08","4","1","1","1","1","0","0"
"POINT (13.452030569000044 52.510688568000035)","Unfall 196937 (2018) Kat:3, Licht: 2","196937","3","2","5","01","23","5","1","2","1","1","0","0"
"POINT (13.394583999000076 52.501083278000067)","Unfall 196938 (2018) Kat:3, Licht: 0","196938","3","7","5","01","08","4","1","0","0","1","0","0"
"POINT (13.553792920000035 52.549110717000076)","Unfall 196939 (2018) Kat:2, Licht: 2","196939","2","4","6","01","16","3","0","2","0","1","1","0"
"POINT (13.321635009000033 52.478797231000044)","Unfall 196940 (2018) Kat:2, Licht: 1","196940","2","2","6","01","07","4","1","1","0","1","1","0"
"POINT (13.262647167000068 52.521127070000034)","Unfall 196941 (2018) Kat:3, Licht: 0","196941","3","6","2","01","15","4","1","0","0","1","0","0"
"POINT (13.415387560000056 52.520789033000028)","Unfall 196942 (2018) Kat:3, Licht: 1","196942","3","6","2","01","16","2","0","1","0","1","0","0"
"POINT (13.517820522000022 52.535380343000043)","Unfall 196943 (2018) Kat:3, Licht: 1","196943","3","2","6","01","07","4","1","1","0","1","1","0"
"POINT (13.354391997000050 52.489999920000059)","Unfall 196944 (2018) Kat:2, Licht: 1","196944","2","7","5","01","07","4","1","1","0","1","0","0"
"POINT (13.385822396000037 52.484870176000072)","Unfall 196945 (2018) Kat:3, Licht: 2","196945","3","2","5","01","20","7","0","2","0","1","0","0"
"POINT (13.300922508000042 52.503235836000044)","Unfall 196946 (2018) Kat:2, Licht: 1","196946","2","4","6","01","08","4","1","1","0","1","1","0"
"POINT (13.358591347000072 52.434178300000042)","Unfall 196947 (2018) Kat:3, Licht: 2","196947","3","3","5","01","17","4","0","2","0","1","0","0"
"POINT (13.298798671000043 52.473243299000046)","Unfall 196948 (2018) Kat:3, Licht: 0","196948","3","2","6","01","17","4","0","0","0","1","1","0"
"POINT (13.377675220000071 52.508244306000051)","Unfall 196949 (2018) Kat:3, Licht: 0","196949","3","6","3","01","09","2","0","0","0","1","0","1"
"POINT (13.498568868000064 52.538137194000058)","Unfall 196950 (2018) Kat:3, Licht: 2","196950","3","3","5","01","20","3","1","2","1","1","0","0"
"POINT (13.398236820000022 52.498259414000074)","Unfall 196951 (2018) Kat:3, Licht: 0","196951","3","6","3","01","11","2","0","0","0","1","0","0"
"POINT (13.377813006000054 52.544168926000054)","Unfall 196952 (2018) Kat:3, Licht: 0","196952","3","6","2","01","11","3","1","0","0","1","0","0"
"POINT (13.184003705000066 52.544753439000033)","Unfall 196953 (2018) Kat:2, Licht: 0","196953","2","2","6","01","13","2","0","0","0","1","1","0"
"POINT (13.454278848000058 52.540226462000078)","Unfall 196954 (2018) Kat:3, Licht: 2","196954","3","1","8","01","18","3","1","2","0","1","0","0"
"POINT (13.307723374000034 52.459512060000066)","Unfall 196955 (2018) Kat:3, Licht: 0","196955","3","5","1","01","15","3","1","0","0","1","0","0"
"POINT (13.471274855000047 52.505080570000075)","Unfall 196956 (2018) Kat:2, Licht: 0","196956","2","2","6","01","14","6","0","0","0","1","1","0"
"POINT (13.308990944000072 52.506103843000062)","Unfall 196957 (2018) Kat:3, Licht: 0","196957","3","5","0","01","13","3","1","0","0","0","0","1"
"POINT (13.256500457000072 52.486208419000036)","Unfall 196958 (2018) Kat:3, Licht: 0","196958","3","3","5","01","12","4","0","0","1","1","0","0"
"POINT (13.189831910000066 52.536892790000081)","Unfall 196959 (2018) Kat:3, Licht: 1","196959","3","4","6","01","08","5","1","1","0","1","1","0"
"POINT (13.519507938000061 52.428306885000040)","Unfall 196960 (2018) Kat:3, Licht: 0","196960","3","2","5","01","12","3","1","0","0","1","0","0"
"POINT (13.307434597000054 52.449653728000044)","Unfall 196961 (2018) Kat:3, Licht: 2","196961","3","4","6","01","06","2","0","2","0","1","1","0"
"POINT (13.578874043000042 52.447479967000049)","Unfall 196962 (2018) Kat:3, Licht: 1","196962","3","7","0","01","08","3","1","1","1","0","0","0"
"POINT (13.432688573000064 52.478461650000042)","Unfall 196963 (2018) Kat:3, Licht: 1","196963","3","3","5","01","16","1","0","1","0","1","0","0"
"POINT (13.441081895000025 52.518200619000027)","Unfall 196964 (2018) Kat:3, Licht: 2","196964","3","3","5","01","06","3","1","2","0","1","0","0"
"POINT (13.294440347000034 52.576507328000048)","Unfall 196965 (2018) Kat:3, Licht: 0","196965","3","6","2","01","14","6","1","0","0","1","0","0"
"POINT (13.345610342000043 52.436193424000066)","Unfall 196966 (2018) Kat:3, Licht: 2","196966","3","2","6","01","05","3","1","2","0","1","1","0"
"POINT (13.673783695000054 52.467856454000071)","Unfall 196967 (2018) Kat:2, Licht: 2","196967","2","1","8","01","05","4","2","2","0","1","0","0"
"POINT (13.198638571000060 52.542887730000075)","Unfall 196968 (2018) Kat:2, Licht: 0","196968","2","2","5","01","13","3","1","0","0","1","0","0"
"POINT (13.347668372000044 52.596236605000058)","Unfall 196969 (2018) Kat:2, Licht: 2","196969","2","2","0","01","16","6","0","2","0","1","0","0"
"POINT (13.446457814000041 52.478481725000051)","Unfall 196970 (2018) Kat:3, Licht: 0","196970","3","6","3","01","14","3","1","0","1","0","0","0"
"POINT (13.193333483000060 52.549012344000062)","Unfall 196971 (2018) Kat:3, Licht: 0","196971","3","6","2","01","10","4","0","0","0","1","0","0"
"POINT (13.225461735000067 52.423618284000042)","Unfall 196972 (2018) Kat:3, Licht: 2","196972","3","3","5","01","21","3","1","2","0","1","0","0"
"POINT (13.362429950000035 52.567243393000069)","Unfall 196973 (2018) Kat:2, Licht: 2","196973","2","4","6","01","06","2","0","2","0","1","1","0"
"POINT (13.556754680000040 52.569039439000051)","Unfall 196974 (2018) Kat:2, Licht: 2","196974","2","4","6","01","17","3","1","2","0","1","1","0"
"POINT (13.380409443000076 52.499199723000061)","Unfall 196975 (2018) Kat:3, Licht: 2","196975","3","3","5","01","19","7","0","2","1","1","0","0"
"POINT (13.482794260000048 52.460576533000051)","Unfall 196976 (2018) Kat:3, Licht: 2","196976","3","3","5","01","18","3","1","2","1","1","0","0"
"POINT (13.446193326000071 52.474415913000030)","Unfall 196977 (2018) Kat:3, Licht: 2","196977","3","5","1","01","22","6","1","2","0","1","0","0"
"POINT (13.478355104000059 52.607085174000076)","Unfall 196978 (2018) Kat:3, Licht: 2","196978","3","6","3","01","17","3","1","2","0","1","0","0"
"POINT (13.395172056000035 52.495945923000079)","Unfall 196979 (2018) Kat:3, Licht: 2","196979","3","6","2","01","19","3","0","2","0","1","0","0"
"POINT (13.384275938000030 52.455852407000066)","Unfall 196980 (2018) Kat:3, Licht: 2","196980","3","4","6","01","17","3","1","2","0","1","1","0"
"POINT (13.466488945000037 52.433464393000065)","Unfall 196981 (2018) Kat:3, Licht: 2","196981","3","3","5","01","17","3","1","2","0","1","0","0"
"POINT (13.342319468000028 52.547497427000053)","Unfall 196982 (2018) Kat:3, Licht: 1","196982","3","3","5","01","16","2","0","1","1","1","0","0"
"POINT (13.318445984000050 52.458522202000040)","Unfall 196983 (2018) Kat:3, Licht: 2","196983","3","5","1","01","17","3","1","2","1","1","0","0"
"POINT (13.332453630000032 52.506058658000029)","Unfall 196984 (2018) Kat:3, Licht: 1","196984","3","2","5","01","17","3","1","1","0","1","0","0"
"POINT (13.526715007000064 52.428799694000077)","Unfall 196985 (2018) Kat:3, Licht: 2","196985","3","2","5","01","17","3","1","2","0","1","0","0"
"POINT (13.257307621000052 52.518852749000075)","Unfall 196986 (2018) Kat:3, Licht: 2","196986","3","3","5","01","06","3","1","2","0","1","0","0"
"POINT (13.348327429000051 52.423349632000054)","Unfall 196987 (2018) Kat:3, Licht: 1","196987","3","5","1","01","16","2","0","1","0","1","0","0"
"POINT (13.173869926000066 52.522751450000044)","Unfall 196988 (2018) Kat:3, Licht: 2","196988","3","7","1","01","05","2","0","2","0","0","0","0"
"POINT (13.432685607000053 52.552715046000060)","Unfall 196989 (2018) Kat:3, Licht: 2","196989","3","4","6","01","00","2","1","2","0","1","1","0"
"POINT (13.412252176000038 52.417222005000042)","Unfall 196990 (2018) Kat:2, Licht: 2","196990","2","4","6","01","16","7","0","2","0","1","1","0"
"POINT (13.533220802000073 52.522698584000068)","Unfall 196991 (2018) Kat:2, Licht: 2","196991","2","7","6","01","00","2","1","2","0","0","1","0"