WKT,Name,OBJECTID,UKATEGORIE,UTYP1,UART,UMONAT,USTUNDE,UWOCHENTAG,STRZUSTAND,ULICHTVERH,ISTRAD,ISTPKW,ISTFUSS,ISTKRAD
"POINT (13.404382088000034 52.533105379000062)","Unfall 196992 (2018) Kat:3, Licht: 2","196992","3","3","5","01","20","5","1","2","1","1","0","0"
"POINT (13.433681129000036 52.482082020000064)","Unfall 196993 (2018) Kat:3, Licht: 2","196993","3","2","5","01","22","2","0","2","0","1","0","0"
"POINT (13.522183036000058 52.402443410000046)","Unfall 196994 (2018) Kat:3, Licht: 1","196994","3","2","5","01","15","3","0","1","1","1","0","0"
"POINT (13.315461660000040 52.446178301000032)","Unfall 196995 (2018) Kat:3, Licht: 0","196995","3","4","6","01","13","2","0","0","1","0","1","0"
"POINT (13.546732381000027 52.498762004000071)","Unfall 196996 (2018) Kat:2, Licht: 0","196996","2","7","5","01","13","2","0","0","1","1","0","0"
"POINT (13.397986389000039 52.527247899000031)","Unfall 196997 (2018) Kat:3, Licht: 1","196997","3","3","5","01","07","2","0","1","0","1","0","0"
"POINT (13.355877370000030 52.477807040000073)","Unfall 196998 (2018) Kat:3, Licht: 2","196998","3","3","5","01","06","2","1","2","0","1","0","0"
"POINT (13.429815267000038 52.470149963000040)","Unfall 196999 (2018) Kat:3, Licht: 2","196999","3","6","3","01","22","7","0","2","0","1","0","0"
"POINT (13.437498516000062 52.482898943000066)","Unfall 197000 (2018) Kat:2, Licht: 2","197000","2","4","6","01","06","2","0","2","0","1","1","0"
"POINT (13.410111100000051 52.528560513000059)","Unfall 197001 (2018) Kat:3, Licht: 2","197001","3","3","5","01","02","4","1","2","0","1","0","0"
"POINT (13.247588741000072 52.538057016000039)","Unfall 197002 (2018) Kat:3, Licht: 2","197002","3","6","3","01","22","5","1","2","0","1","0","0"
"POINT (13.397947006000038 52.534931948000064)","Unfall 197003 (2018) Kat:2, Licht: 2","197003","2","3","5","01","02","7","0","2","1","1","0","0"
"POINT (13.295651366000072 52.442614428000070)","Unfall 197004 (2018) Kat:3, Licht: 2","197004","3","2","6","01","04","2","1","2","0","1","1","0"
"POINT (13.395836465000059 52.529027264000035)","Unfall 197005 (2018) Kat:3, Licht: 2","197005","3","6","2","01","17","4","1","2","0","1","0","1"
"POINT (13.351183376000051 52.509486184000082)","Unfall 197006 (2018) Kat:3, Licht: 2","197006","3","4","6","01","01","2","0","2","0","0","1","0"
"POINT (13.153792506000059 52.553320791000033)","Unfall 197007 (2018) Kat:3, Licht: 1","197007","3","1","8","01","07","3","0","1","0","1","0","0"
"POINT (13.380206588000021 52.437849898000081)","Unfall 197008 (2018) Kat:3, Licht: 2","197008","3","3","5","01","01","2","0","2","0","1","0","0"
"POINT (13.390703826000049 52.495887121000067)","Unfall 197009 (2018) Kat:3, Licht: 0","197009","3","3","5","01","13","2","2","0","1","1","0","0"
"POINT (13.359316011000033 52.525546775000066)","Unfall 197010 (2018) Kat:3, Licht: 2","197010","3","4","6","01","00","2","0","2","0","1","1","0"
"POINT (13.176534803000038 52.539658260000067)","Unfall 197011 (2018) Kat:2, Licht: 2","197011","2","7","6","01","00","2","0","2","0","0","1","0"
"POINT (13.519241521000026 52.464415136000071)","Unfall 197012 (2018) Kat:3, Licht: 2","197012","3","3","5","01","23","6","0","2","0","1","0","0"
"POINT (13.351412698000047 52.509510914000032)","Unfall 197013 (2018) Kat:3, Licht: 0","197013","3","2","5","01","14","2","0","0","0","1","0","0"
"POINT (13.603330553000035 52.434403770000074)","Unfall 197014 (2018) Kat:3, Licht: 0","197014","3","6","2","01","12","4","1","0","0","1","0","0"
"POINT (13.526993030000028 52.437653672000067)","Unfall 197015 (2018) Kat:3, Licht: 0","197015","3","3","5","01","14","2","0","0","0","1","0","0"
"POINT (13.447361117000071 52.530613640000070)","Unfall 197016 (2018) Kat:3, Licht: 2","197016","3","3","5","01","20","2","0","2","0","1","0","0"
"POINT (13.391141273000073 52.536212626000065)","Unfall 197019 (2018) Kat:3, Licht: 0","197019","3","2","5","01","11","2","0","0","1","0","0","0"
"POINT (13.328170791000048 52.535207666000076)","Unfall 197021 (2018) Kat:3, Licht: 0","197021","3","6","2","01","10","2","2","0","0","1","0","0"
"POINT (13.441679709000027 52.482983660000059)","Unfall 197023 (2018) Kat:3, Licht: 0","197023","3","2","5","01","15","6","0","0","1","0","0","0"
"POINT (13.426331646000051 52.515950765000071)","Unfall 197025 (2018) Kat:3, Licht: 1","197025","3","3","5","01","08","4","0","1","1","1","0","0"
"POINT (13.401700795000068 52.512216845000069)","Unfall 197027 (2018) Kat:2, Licht: 2","197027","2","2","4","01","17","2","0","2","1","0","0","0"
"POINT (13.431998194000073 52.515290596000057)","Unfall 197030 (2018) Kat:2, Licht: 2","197030","2","4","6","01","17","7","0","2","0","1","1","0"
"POINT (13.362477391000027 52.505910673000074)","Unfall 197032 (2018) Kat:3, Licht: 2","197032","3","2","6","01","16","5","1","2","0","1","1","0"
"POINT (13.376445658000023 52.485034369000061)","Unfall 197033 (2018) Kat:3, Licht: 0","197033","3","3","5","01","10","1","0","0","0","1","0","0"
"POINT (13.247010472000056 52.543852291000064)","Unfall 197035 (2018) Kat:3, Licht: 0","197035","3","6","2","01","09","6","0","0","0","1","0","0"
"POINT (13.381253357000048 52.552441657000031)","Unfall 197037 (2018) Kat:3, Licht: 1","197037","3","2","6","01","08","3","1","1","0","1","1","0"
"POINT (13.255852673000049 52.519788614000049)","Unfall 197040 (2018) Kat:2, Licht: 0","197040","2","2","5","01","10","2","0","0","1","1","0","0"
"POINT (13.418193239000061 52.490362996000044)","Unfall 197043 (2018) Kat:3, Licht: 0","197043","3","5","1","01","13","7","1","0","0","1","0","0"
"POINT (13.343262632000062 52.474115385000061)","Unfall 197046 (2018) Kat:3, Licht: 0","197046","3","7","2","01","09","3","0","0","0","1","0","0"
"POINT (13.337154716000043 52.592964113000050)","Unfall 197048 (2018) Kat:3, Licht: 0","197048","3","7","1","01","13","2","0","0","0","1","0","0"
"POINT (13.592920808000031 52.548459394000076)","Unfall 197050 (2018) Kat:3, Licht: 2","197050","3","2","5","01","17","3","0","2","0","1","0","0"
"POINT (13.353178196000044 52.600931190000040)","Unfall 197053 (2018) Kat:3, Licht: 1","197053","3","7","4","01","16","2","1","1","0","1","0","0"
"POINT (13.376623718000076 52.509434170000077)","Unfall 197056 (2018) Kat:3, Licht: 2","197056","3","3","5","01","01","7","0","2","0","1","0","0"
"POINT (13.434471834000021 52.490630130000056)","Unfall 197058 (2018) Kat:3, Licht: 2","197058","3","3","5","01","20","4","1","2","0","1","0","0"
"POINT (13.225544072000048 52.555178592000061)","Unfall 197060 (2018) Kat:3, Licht: 2","197060","3","6","2","01","21","2","0","2","0","1","0","0"
"POINT (13.418252583000026 52.499335852000058)","Unfall 197062 (2018) Kat:3, Licht: 0","197062","3","2","5","01","11","2","0","0","1","1","0","0"
"POINT (13.315346526000042 52.449560027000075)","Unfall 197064 (2018) Kat:2, Licht: 2","197064","2","2","0","01","16","6","0","2","0","1","0","1"
"POINT (13.350217111000063 52.549723585000038)","Unfall 197067 (2018) Kat:3, Licht: 2","197067","3","3","5","01","22","7","0","2","0","1","0","0"
"POINT (13.314003516000071 52.480004681000082)","Unfall 197069 (2018) Kat:3, Licht: 0","197069","3","6","2","01","14","4","0","0","0","1","0","0"
"POINT (13.544144626000048 52.525832992000062)","Unfall 197070 (2018) Kat:3, Licht: 2","197070","3","2","0","01","18","5","1","2","0","1","0","0"
"POINT (13.210294809000061 52.568382076000034)","Unfall 197072 (2018) Kat:3, Licht: 1","197072","3","2","6","01","07","2","0","1","0","1","1","0"
"POINT (13.455604234000077 52.436101011000062)","Unfall 197074 (2018) Kat:3, Licht: 2","197074","3","5","1","01","17","1","0","2","1","1","0","0"
"POINT (13.503858809000064 52.444275516000062)","Unfall 197076 (2018) Kat:3, Licht: 0","197076","3","4","6","01","14","6","0","0","0","1","1","0"
"POINT (13.591472056000043 52.542500216000064)","Unfall 197077 (2018) Kat:2, Licht: 2","197077","2","4","6","01","06","4","2","2","0","0","1","0"
"POINT (13.391526808000037 52.453004599000053)","Unfall 197078 (2018) Kat:3, Licht: 2","197078","3","2","5","01","16","2","0","2","0","1","0","0"
"POINT (13.483581885000035 52.431279374000042)","Unfall 197079 (2018) Kat:3, Licht: 1","197079","3","3","5","01","16","1","0","1","0","1","0","0"
"POINT (13.172814296000070 52.517951184000026)","Unfall 197080 (2018) Kat:2, Licht: 2","197080","2","1","4","01","21","2","0","2","0","1","0","0"
"POINT (13.420518137000045 52.579251035000027)","Unfall 197081 (2018) Kat:3, Licht: 0","197081","3","3","5","01","14","1","0","0","0","1","0","0"
"POINT (13.532803798000032 52.430948073000081)","Unfall 197082 (2018) Kat:2, Licht: 2","197082","2","1","9","01","19","2","0","2","0","1","0","0"
"POINT (13.445804755000040 52.534755610000047)","Unfall 197083 (2018) Kat:2, Licht: 2","197083","2","2","5","01","18","1","1","2","0","1","0","0"
"POINT (13.359276076000071 52.523527413000068)","Unfall 197084 (2018) Kat:3, Licht: 2","197084","3","6","2","01","18","2","0","2","1","1","0","0"
"POINT (13.482613836000041 52.422036485000035)","Unfall 197085 (2018) Kat:3, Licht: 2","197085","3","5","1","01","21","1","0","2","0","1","0","0"
"POINT (13.487868618000050 52.541700837000064)","Unfall 197086 (2018) Kat:3, Licht: 2","197086","3","2","5","01","17","2","0","2","1","0","0","0"
"POINT (13.553237721000073 52.563022738000029)","Unfall 197087 (2018) Kat:2, Licht: 0","197087","2","1","8","01","15","1","1","0","0","1","0","0"
"POINT (13.272161539000024 52.453592709000077)","Unfall 197088 (2018) Kat:3, Licht: 2","197088","3","2","5","01","16","2","0","2","0","1","0","0"
"POINT (13.458687680000025 52.528986164000059)","Unfall 197089 (2018) Kat:2, Licht: 2","197089","2","1","0","01","18","1","1","2","1","0","0","0"
"POINT (13.354542474000027 52.551581161000058)","Unfall 197090 (2018) Kat:3, Licht: 2","197090","3","6","2","01","23","7","1","2","0","1","0","0"
"POINT (13.372229575000063 52.556686994000074)","Unfall 197091 (2018) Kat:2, Licht: 2","197091","2","4","6","01","16","2","0","2","0","0","1","1"
"POINT (13.430582539000056 52.492572576000043)","Unfall 197092 (2018) Kat:3, Licht: 2","197092","3","3","5","01","18","7","1","2","1","1","0","0"
"POINT (13.458820620000040 52.506541945000038)","Unfall 197093 (2018) Kat:3, Licht: 2","197093","3","2","5","01","18","7","1","2","1","1","0","0"
"POINT (13.327095158000077 52.479887249000058)","Unfall 197094 (2018) Kat:3, Licht: 0","197094","3","2","5","01","15","2","0","0","0","1","0","1"
"POINT (13.317108119000068 52.588286378000078)","Unfall 197095 (2018) Kat:3, Licht: 1","197095","3","2","6","01","17","3","1","1","0","1","1","0"
"POINT (13.155920277000064 52.533083666000039)","Unfall 197096 (2018) Kat:2, Licht: 2","197096","2","6","3","01","17","7","0","2","0","1","0","0"
"POINT (13.312043267000035 52.500341257000059)","Unfall 197097 (2018) Kat:3, Licht: 0","197097","3","3","5","01","14","2","0","0","1","0","0","0"
"POINT (13.603987887000073 52.539871786000049)","Unfall 197098 (2018) Kat:3, Licht: 0","197098","3","4","6","01","15","7","0","0","0","1","1","0"
"POINT (13.404055334000077 52.459860410000033)","Unfall 197099 (2018) Kat:3, Licht: 0","197099","3","2","2","01","14","2","0","0","0","1","0","0"
"POINT (13.385018268000067 52.531103849000033)","Unfall 197100 (2018) Kat:3, Licht: 0","197100","3","4","6","01","09","3","1","0","0","1","1","0"
"POINT (13.496303479000062 52.522948827000050)","Unfall 197101 (2018) Kat:3, Licht: 0","197101","3","7","5","01","14","7","0","0","0","1","0","0"
"POINT (13.314335307000022 52.424012344000062)","Unfall 197102 (2018) Kat:3, Licht: 2","197102","3","2","6","01","18","3","1","2","0","1","1","0"
"POINT (13.418378918000030 52.500012917000049)","Unfall 197103 (2018) Kat:3, Licht: 0","197103","3","5","1","01","12","2","0","0","1","1","0","0"
"POINT (13.439287207000064 52.547502505000068)","Unfall 197104 (2018) Kat:3, Licht: 0","197104","3","6","6","01","13","7","0","0","1","0","1","0"
"POINT (13.326378383000076 52.427767791000065)","Unfall 197105 (2018) Kat:3, Licht: 0","197105","3","7","5","01","11","2","0","0","1","1","0","0"
"POINT (13.616692229000023 52.540837585000077)","Unfall 197106 (2018) Kat:3, Licht: 2","197106","3","2","6","01","02","7","1","2","0","0","1","0"
"POINT (13.506299089000038 52.516874276000067)","Unfall 197107 (2018) Kat:3, Licht: 2","197107","3","4","6","01","06","2","0","2","0","0","1","0"
"POINT (13.324048909000055 52.607922418000044)","Unfall 197108 (2018) Kat:3, Licht: 0","197108","3","6","2","01","08","7","1","0","0","1","0","0"
"POINT (13.387667358000044 52.560434836000070)","Unfall 197109 (2018) Kat:3, Licht: 0","197109","3","3","5","01","10","7","1","0","0","1","0","0"
"POINT (13.296473804000073 52.492604434000043)","Unfall 197110 (2018) Kat:3, Licht: 0","197110","3","2","5","01","09","2","0","0","0","1","0","0"
"POINT (13.315082797000059 52.514539834000061)","Unfall 197111 (2018) Kat:3, Licht: 2","197111","3","2","6","01","17","3","1","2","0","1","1","0"
"POINT (13.184794642000043 52.538059421000071)","Unfall 197112 (2018) Kat:3, Licht: 0","197112","3","7","5","01","11","7","1","0","0","1","0","1"
"POINT (13.454154044000063 52.562115070000061)","Unfall 197113 (2018) Kat:3, Licht: 0","197113","3","2","5","01","09","2","0","0","1","1","0","0"
"POINT (13.454408698000066 52.489274003000048)","Unfall 197114 (2018) Kat:3, Licht: 0","197114","3","4","6","01","11","2","0","0","0","1","1","0"
"POINT (13.297216621000075 52.510626004000073)","Unfall 197115 (2018) Kat:2, Licht: 0","197115","2","2","5","01","11","7","0","0","1","1","0","0"
"POINT (13.344695002000037 52.437634237000054)","Unfall 197116 (2018) Kat:2, Licht: 0","197116","2","4","6","01","09","2","0","0","0","1","1","0"
"POINT (13.405186689000061 52.519765882000058)","Unfall 197117 (2018) Kat:3, Licht: 0","197117","3","6","2","01","12","7","1","0","0","1","0","0"
"POINT (13.346143964000078 52.497124640000038)","Unfall 197118 (2018) Kat:3, Licht: 1","197118","3","2","5","01","07","2","0","1","0","1","0","0"
"POINT (13.390985167000053 52.515704731000028)","Unfall 197119 (2018) Kat:3, Licht: 0","197119","3","1","0","01","12","7","0","0","1","0","0","0"
"POINT (13.417826200000036 52.539299752000034)","Unfall 197120 (2018) Kat:3, Licht: 0","197120","3","4","6","01","07","2","0","0","1","0","1","0"
"POINT (13.320076341000060 52.501620023000044)","Unfall 197121 (2018) Kat:3, Licht: 0","197121","3","6","2","01","13","7","1","0","0","1","0","0"
"POINT (13.425167032000047 52.480454548000068)","Unfall 197122 (2018) Kat:3, Licht: 2","197122","3","6","2","01","21","7","0","2","0","1","0","0"
"POINT (13.403297367000050 52.532099436000067)","Unfall 197123 (2018) Kat:3, Licht: 0","197123","3","4","6","01","07","2","0","0","1","0","1","0"
"POINT (13.402246319000028 52.439702890000035)","Unfall 197124 (2018) Kat:3, Licht: 2","197124","3","4","0","01","18","6","1","2","0","1","1","0"
"POINT (13.402977934000035 52.552965409000080)","Unfall 197125 (2018) Kat:3, Licht: 0","197125","3","3","5","01","07","2","0","0","1","1","0","0"
"POINT (13.430909921000023 52.485789401000034)","Unfall 197126 (2018) Kat:3, Licht: 2","197126","3","5","1","01","17","6","1","2","0","1","0","0"
"POINT (13.238324526000042 52.544679398000028)","Unfall 197127 (2018) Kat:3, Licht: 0","197127","3","3","5","01","09","2","0","0","1","0","0","0"
"POINT (13.506033150000064 52.562326095000060)","Unfall 197128 (2018) Kat:3, Licht: 0","197128","3","4","6","01","14","6","1","0","0","1","1","0"
"POINT (13.419741811000051 52.510144973000081)","Unfall 197129 (2018) Kat:3, Licht: 0","197129","3","5","1","01","09","2","0","0","1","1","0","0"
"POINT (13.344440389000056 52.437978149000060)","Unfall 197130 (2018) Kat:3, Licht: 0","197130","3","4","0","01","14","6","1","0","0","0","1","0"
"POINT (13.340465898000048 52.551233276000062)","Unfall 197131 (2018) Kat:3, Licht: 0","197131","3","4","6","01","13","6","0","0","0","1","1","0"
"POINT (13.280554389000031 52.506517210000027)","Unfall 197132 (2018) Kat:2, Licht: 2","197132","2","2","5","01","01","1","0","2","0","1","0","0"
"POINT (13.607383373000062 52.452993623000054)","Unfall 197133 (2018) Kat:3, Licht: 0","197133","3","1","0","01","13","6","1","0","1","0","0","0"
"POINT (13.586676142000044 52.511737939000056)","Unfall 197134 (2018) Kat:3, Licht: 2","197134","3","4","6","01","17","1","0","2","0","1","1","0"
"POINT (13.375747932000024 52.455246647000081)","Unfall 197135 (2018) Kat:3, Licht: 0","197135","3","6","2","01","11","6","0","0","0","1","0","0"
"POINT (13.541334598000049 52.435288113000070)","Unfall 197136 (2018) Kat:2, Licht: 0","197136","2","2","6","01","07","1","0","0","0","1","1","0"
"POINT (13.429060643000071 52.556319714000040)","Unfall 197137 (2018) Kat:3, Licht: 0","197137","3","2","5","01","12","1","0","0","0","1","0","0"
"POINT (13.326249078000046 52.591686374000062)","Unfall 197138 (2018) Kat:3, Licht: 0","197138","3","3","5","01","14","1","0","0","0","1","0","0"
"POINT (13.335660247000021 52.541700620000029)","Unfall 197139 (2018) Kat:3, Licht: 0","197139","3","6","2","01","15","1","0","0","0","1","0","0"
"POINT (13.363337294000075 52.557882876000065)","Unfall 197140 (2018) Kat:3, Licht: 2","197140","3","4","6","01","19","1","0","2","0","1","1","0"
"POINT (13.455983946000060 52.518011492000028)","Unfall 197141 (2018) Kat:3, Licht: 0","197141","3","5","1","01","11","6","0","0","1","1","0","0"
"POINT (13.386181822000026 52.484862872000065)","Unfall 197142 (2018) Kat:3, Licht: 2","197142","3","2","6","01","21","1","0","2","0","1","1","0"
"POINT (13.385716197000022 52.481638406000059)","Unfall 197143 (2018) Kat:3, Licht: 0","197143","3","2","5","01","10","6","0","0","1","1","0","0"
"POINT (13.345368644000075 52.527527478000081)","Unfall 197144 (2018) Kat:3, Licht: 0","197144","3","5","1","01","14","1","0","0","0","1","0","0"
"POINT (13.418826973000023 52.501407614000072)","Unfall 197145 (2018) Kat:3, Licht: 0","197145","3","7","5","01","10","6","0","0","1","1","0","0"
"POINT (13.315727650000042 52.458732063000070)","Unfall 197146 (2018) Kat:3, Licht: 0","197146","3","3","5","01","09","6","0","0","0","1","0","0"
"POINT (13.343115099000045 52.474722323000037)","Unfall 197147 (2018) Kat:2, Licht: 0","197147","2","5","1","01","15","1","0","0","0","1","0","0"
"POINT (13.342412064000030 52.411752924000041)","Unfall 197148 (2018) Kat:3, Licht: 0","197148","3","7","0","01","08","6","0","0","1","0","0","0"
"POINT (13.411095087000035 52.525935358000027)","Unfall 197149 (2018) Kat:3, Licht: 0","197149","3","3","5","01","08","6","0","0","1","1","0","0"
"POINT (13.481593384000064 52.460772491000057)","Unfall 197150 (2018) Kat:3, Licht: 0","197150","3","2","2","01","11","7","0","0","0","1","0","0"
"POINT (13.444262597000034 52.484728736000079)","Unfall 197151 (2018) Kat:3, Licht: 0","197151","3","3","5","01","08","3","2","0","0","1","0","0"
"POINT (13.330425711000032 52.495081016000029)","Unfall 197152 (2018) Kat:2, Licht: 1","197152","2","2","5","01","08","6","1","1","1","0","0","0"
"POINT (13.310845340000071 52.500311925000062)","Unfall 197153 (2018) Kat:3, Licht: 2","197153","3","4","6","01","18","3","1","2","1","0","1","0"
"POINT (13.326444878000075 52.604538780000041)","Unfall 197154 (2018) Kat:3, Licht: 2","197154","3","1","8","01","16","7","0","2","0","1","0","0"
"POINT (13.388575728000035 52.547755714000061)","Unfall 197155 (2018) Kat:3, Licht: 2","197155","3","6","2","01","06","6","1","2","0","1","0","0"
"POINT (13.270290297000031 52.442350937000072)","Unfall 197156 (2018) Kat:3, Licht: 2","197156","3","3","5","01","23","7","0","2","0","1","0","0"
"POINT (13.444276595000076 52.514138605000028)","Unfall 197157 (2018) Kat:3, Licht: 2","197157","3","5","1","01","03","6","1","2","0","1","0","1"
"POINT (13.434737323000036 52.484453685000062)","Unfall 197158 (2018) Kat:3, Licht: 2","197158","3","6","2","01","20","7","0","2","0","1","0","0"
"POINT (13.344962398000064 52.437228809000032)","Unfall 197159 (2018) Kat:2, Licht: 0","197159","2","6","2","01","14","6","1","0","0","1","0","0"
"POINT (13.279834143000073 52.432454862000043)","Unfall 197160 (2018) Kat:2, Licht: 0","197160","2","2","5","01","13","6","1","0","0","1","0","0"
"POINT (13.543309461000035 52.534221045000038)","Unfall 197161 (2018) Kat:3, Licht: 2","197161","3","3","5","01","19","7","0","2","0","1","0","0"
"POINT (13.384264037000037 52.471573603000081)","Unfall 197162 (2018) Kat:2, Licht: 0","197162","2","2","6","01","11","6","0","0","0","1","1","0"
"POINT (13.269520607000061 52.536732857000061)","Unfall 197163 (2018) Kat:3, Licht: 2","197163","3","6","2","01","17","7","0","2","0","1","0","0"
"POINT (13.379553816000055 52.523025606000033)","Unfall 197164 (2018) Kat:3, Licht: 2","197164","3","5","0","01","18","6","1","2","1","1","0","0"
"POINT (13.409965479000050 52.510607327000059)","Unfall 197165 (2018) Kat:3, Licht: 2","197165","3","2","6","01","19","6","1","2","0","1","1","0"
"POINT (13.327057132000050 52.439880838000079)","Unfall 197166 (2018) Kat:3, Licht: 2","197166","3","3","5","01","17","7","0","2","1","1","0","0"
"POINT (13.402680646000022 52.551235338000026)","Unfall 197167 (2018) Kat:3, Licht: 2","197167","3","2","5","01","17","3","1","2","1","1","0","0"
"POINT (13.438154216000044 52.503059406000034)","Unfall 197168 (2018) Kat:3, Licht: 2","197168","3","4","6","01","19","6","1","2","0","1","1","0"
"POINT (13.334842479000031 52.609650626000075)","Unfall 197169 (2018) Kat:3, Licht: 0","197169","3","4","6","01","16","7","0","0","0","1","1","0"
"POINT (13.231247666000058 52.436845193000067)","Unfall 197170 (2018) Kat:3, Licht: 0","197170","3","7","6","01","09","6","1","0","0","1","1","0"
"POINT (13.393677273000037 52.541134467000063)","Unfall 197171 (2018) Kat:3, Licht: 0","197171","3","2","5","01","15","7","0","0","0","1","0","0"
"POINT (13.280217209000057 52.506185211000059)","Unfall 197172 (2018) Kat:3, Licht: 2","197172","3","6","2","01","21","6","0","2","0","1","0","0"
"POINT (13.410446615000069 52.503467874000080)","Unfall 197173 (2018) Kat:3, Licht: 0","197173","3","2","5","01","15","7","0","0","1","1","0","0"
"POINT (13.308602543000063 52.490081344000032)","Unfall 197174 (2018) Kat:3, Licht: 2","197174","3","2","6","01","18","6","1","2","0","1","1","0"
"POINT (13.443505263000077 52.464357236000069)","Unfall 197175 (2018) Kat:3, Licht: 0","197175","3","4","6","01","13","7","0","0","0","1","1","0"
"POINT (13.282890359000021 52.458857063000039)","Unfall 197176 (2018) Kat:2, Licht: 1","197176","2","5","1","01","17","6","1","1","0","1","0","0"
"POINT (13.364150421000033 52.597101099000042)","Unfall 197177 (2018) Kat:3, Licht: 0","197177","3","3","5","01","13","7","0","0","0","1","0","0"
"POINT (13.347946389000072 52.424187509000035)","Unfall 197178 (2018) Kat:2, Licht: 2","197178","2","4","6","01","18","3","1","2","0","1","1","0"
"POINT (13.387331213000039 52.503985959000033)","Unfall 197179 (2018) Kat:3, Licht: 2","197179","3","5","1","01","17","5","1","2","1","1","0","0"
"POINT (13.344376359000023 52.478574228000070)","Unfall 197180 (2018) Kat:3, Licht: 0","197180","3","2","5","01","13","7","0","0","0","1","0","0"
"POINT (13.281707487000062 52.476472249000039)","Unfall 197181 (2018) Kat:3, Licht: 0","197181","3","3","5","01","13","7","0","0","1","1","0","0"
"POINT (13.317515566000054 52.430652114000054)","Unfall 197182 (2018) Kat:3, Licht: 0","197182","3","2","5","01","11","5","1","0","1","0","0","0"
"POINT (13.505591539000022 52.535618662000047)","Unfall 197183 (2018) Kat:3, Licht: 0","197183","3","6","2","01","10","7","0","0","0","1","0","0"
"POINT (13.529168139000035 52.525663588000043)","Unfall 197184 (2018) Kat:3, Licht: 0","197184","3","2","6","01","10","5","1","0","0","0","1","0"
"POINT (13.416282624000075 52.487977647000037)","Unfall 197185 (2018) Kat:3, Licht: 0","197185","3","1","0","01","09","7","0","0","1","0","0","0"
"POINT (13.175572736000049 52.517204603000039)","Unfall 197186 (2018) Kat:3, Licht: 2","197186","3","3","5","01","07","5","1","2","0","1","0","0"
"POINT (13.325106291000054 52.517475532000049)","Unfall 197187 (2018) Kat:3, Licht: 0","197187","3","2","3","01","08","7","0","0","0","1","0","0"
"POINT (13.435976859000050 52.523287341000071)","Unfall 197188 (2018) Kat:3, Licht: 2","197188","3","7","2","01","21","5","1","2","0","1","0","0"
"POINT (13.396046162000061 52.518681202000039)","Unfall 197189 (2018) Kat:3, Licht: 2","197189","3","1","0","01","05","7","0","2","0","0","0","1"
"POINT (13.271092018000047 52.519792607000056)","Unfall 197190 (2018) Kat:2, Licht: 2","197190","2","7","0","01","21","5","0","2","0","1","0","0"
"POINT (13.288385787000038 52.513137953000069)","Unfall 197191 (2018) Kat:3, Licht: 2","197191","3","7","0","01","01","7","0","2","0","1","0","0"
"POINT (13.348276306000059 52.481833633000065)","Unfall 197192 (2018) Kat:3, Licht: 2","197192","3","2","5","01","21","5","1","2","0","1","0","0"
"POINT (13.390349516000072 52.507743531000074)","Unfall 197193 (2018) Kat:2, Licht: 2","197193","2","2","5","01","18","5","1","2","0","1","0","0"
"POINT (13.427905617000022 52.486854657000038)","Unfall 197194 (2018) Kat:3, Licht: 2","197194","3","6","3","01","01","7","0","2","0","1","0","0"
"POINT (13.157215105000034 52.534849637000036)","Unfall 197195 (2018) Kat:3, Licht: 0","197195","3","4","6","01","10","5","0","0","0","1","1","0"
"POINT (13.380248423000069 52.498795959000063)","Unfall 197196 (2018) Kat:2, Licht: 2","197196","2","3","5","01","22","7","0","2","0","1","0","0"
"POINT (13.422810603000073 52.462913302000061)","Unfall 197197 (2018) Kat:3, Licht: 2","197197","3","6","2","01","17","5","1","2","0","1","0","0"
"POINT (13.332954632000053 52.506466334000038)","Unfall 197198 (2018) Kat:3, Licht: 2","197198","3","4","6","01","20","6","0","2","0","1","1","0"
"POINT (13.315760626000042 52.475070517000063)","Unfall 197199 (2018) Kat:3, Licht: 2","197199","3","2","6","01","17","5","1","2","0","1","1","0"
"POINT (13.372007628000063 52.555585977000078)","Unfall 197200 (2018) Kat:3, Licht: 0","197200","3","2","5","01","13","6","0","0","0","1","0","0"
"POINT (13.370446129000072 52.544632012000079)","Unfall 197201 (2018) Kat:3, Licht: 2","197201","3","2","5","01","17","5","1","2","0","1","0","0"
"POINT (13.360158562000038 52.537240955000073)","Unfall 197202 (2018) Kat:3, Licht: 0","197202","3","2","5","01","12","6","1","0","1","1","0","0"
"POINT (13.343389927000032 52.532071264000081)","Unfall 197203 (2018) Kat:3, Licht: 2","197203","3","2","5","01","16","5","1","2","0","0","0","1"
"POINT (13.346131794000030 52.497120661000054)","Unfall 197204 (2018) Kat:3, Licht: 1","197204","3","2","5","01","16","5","1","1","0","1","0","0"
"POINT (13.415159853000034 52.527425606000065)","Unfall 197205 (2018) Kat:3, Licht: 0","197205","3","6","3","01","11","6","1","0","1","1","0","0"
"POINT (13.142059668000059 52.534113090000062)","Unfall 197206 (2018) Kat:3, Licht: 0","197206","3","3","5","01","15","5","1","0","0","1","0","0"
"POINT (13.371189603000062 52.511124609000035)","Unfall 197207 (2018) Kat:3, Licht: 0","197207","3","2","5","01","15","5","1","0","0","1","0","0"
"POINT (13.202045285000054 52.534763888000043)","Unfall 197208 (2018) Kat:3, Licht: 2","197208","3","6","2","01","17","6","0","2","0","1","0","0"
"POINT (13.157821657000056 52.543091726000057)","Unfall 197209 (2018) Kat:2, Licht: 0","197209","2","2","5","01","16","3","1","0","0","1","0","0"