WKT,Name,OBJECTID,UKATEGORIE,UTYP1,UART,UMONAT,USTUNDE,UWOCHENTAG,STRZUSTAND,ULICHTVERH,ISTRAD,ISTPKW,ISTFUSS,ISTKRAD
"POINT (13.464636307000035 52.476393901000051)","Unfall 197210 (2018) Kat:3, Licht: 0","197210","3","3","5","01","14","5","1","0","0","1","0","0"
"POINT (13.376629933000061 52.460043448000079)","Unfall 197211 (2018) Kat:2, Licht: 2","197211","2","3","5","01","23","2","0","2","0","1","0","0"
"POINT (13.346069725000063 52.591522330000032)","Unfall 197212 (2018) Kat:3, Licht: 0","197212","3","2","5","01","13","5","1","0","0","1","0","0"
"POINT (13.438582460000077 52.465342216000067)","Unfall 197213 (2018) Kat:3, Licht: 0","197213","3","3","5","01","09","6","1","0","0","1","0","0"
"POINT (13.521748218000027 52.554012246000070)","Unfall 197214 (2018) Kat:3, Licht: 0","197214","3","3","5","01","11","3","1","0","0","1","0","0"
"POINT (13.391793303000043 52.525255349000076)","Unfall 197215 (2018) Kat:3, Licht: 0","197215","3","6","4","01","12","5","1","0","0","0","0","0"
"POINT (13.459365549000040 52.529360855000050)","Unfall 197216 (2018) Kat:3, Licht: 1","197216","3","2","5","01","07","6","1","1","1","1","0","0"
"POINT (13.314942327000040 52.567286029000059)","Unfall 197217 (2018) Kat:3, Licht: 0","197217","3","7","6","01","12","5","1","0","0","0","1","0"
"POINT (13.325009996000063 52.517511193000075)","Unfall 197218 (2018) Kat:3, Licht: 1","197218","3","2","5","01","07","6","1","1","1","0","0","0"
"POINT (13.600280628000064 52.476412838000044)","Unfall 197219 (2018) Kat:3, Licht: 0","197219","3","3","5","01","12","5","1","0","0","1","0","0"
"POINT (13.247168721000037 52.544210469000063)","Unfall 197220 (2018) Kat:3, Licht: 0","197220","3","2","5","01","10","5","2","0","0","0","0","0"
"POINT (13.580131148000078 52.452143473000035)","Unfall 197221 (2018) Kat:3, Licht: 2","197221","3","6","2","01","06","6","1","2","0","1","0","0"
"POINT (13.328421480000031 52.533012192000058)","Unfall 197222 (2018) Kat:2, Licht: 0","197222","2","3","5","01","10","5","1","0","0","1","0","0"
"POINT (13.165307801000040 52.551020838000056)","Unfall 197223 (2018) Kat:2, Licht: 1","197223","2","2","6","01","17","5","1","1","0","1","1","0"
"POINT (13.361546266000062 52.537996569000029)","Unfall 197224 (2018) Kat:3, Licht: 2","197224","3","2","5","01","05","6","0","2","1","1","0","0"
"POINT (13.312407411000038 52.569245982000041)","Unfall 197225 (2018) Kat:3, Licht: 2","197225","3","6","3","01","18","3","1","2","1","1","0","0"
"POINT (13.144215950000046 52.454311585000028)","Unfall 197226 (2018) Kat:3, Licht: 2","197226","3","2","6","01","17","5","1","2","0","1","1","0"
"POINT (13.385677923000060 52.467099687000029)","Unfall 197227 (2018) Kat:3, Licht: 1","197227","3","6","2","01","16","6","0","1","0","1","0","0"
"POINT (13.232898934000048 52.527657050000073)","Unfall 197228 (2018) Kat:3, Licht: 0","197228","3","6","2","01","09","5","1","0","0","1","0","0"
"POINT (13.203753259000052 52.545269341000051)","Unfall 197229 (2018) Kat:3, Licht: 1","197229","3","6","2","01","16","6","0","1","0","1","0","0"
"POINT (13.446402636000073 52.498699780000038)","Unfall 197230 (2018) Kat:3, Licht: 0","197230","3","1","4","01","09","5","0","0","0","1","0","0"
"POINT (13.307011220000049 52.479554919000066)","Unfall 197231 (2018) Kat:3, Licht: 0","197231","3","3","5","01","15","6","0","0","0","1","0","1"
"POINT (13.243218048000074 52.601572363000059)","Unfall 197232 (2018) Kat:3, Licht: 0","197232","3","2","2","01","09","5","1","0","0","1","0","0"
"POINT (13.601069508000023 52.480439887000045)","Unfall 197233 (2018) Kat:3, Licht: 0","197233","3","7","5","01","14","6","1","0","1","1","0","0"
"POINT (13.543532934000041 52.433799234000048)","Unfall 197234 (2018) Kat:3, Licht: 1","197234","3","3","5","01","07","5","0","1","1","1","0","0"
"POINT (13.429695749000075 52.521157551000044)","Unfall 197235 (2018) Kat:3, Licht: 1","197235","3","2","5","01","07","5","1","1","1","1","0","0"
"POINT (13.361360466000065 52.412457253000071)","Unfall 197236 (2018) Kat:3, Licht: 1","197236","3","2","5","01","15","6","0","1","0","1","0","0"
"POINT (13.500578709000024 52.435063764000063)","Unfall 197237 (2018) Kat:3, Licht: 2","197237","3","4","6","01","06","5","0","2","0","1","1","0"
"POINT (13.333196422000071 52.595499304000043)","Unfall 197238 (2018) Kat:3, Licht: 0","197238","3","2","2","01","19","6","0","0","0","1","0","0"
"POINT (13.308015421000050 52.429916726000044)","Unfall 197239 (2018) Kat:2, Licht: 2","197239","2","5","1","01","17","6","0","2","0","1","0","1"
"POINT (13.329827264000073 52.510013545000049)","Unfall 197240 (2018) Kat:3, Licht: 2","197240","3","3","5","01","05","5","1","2","1","1","0","0"
"POINT (13.301724958000023 52.617077708000068)","Unfall 197241 (2018) Kat:2, Licht: 2","197241","2","4","6","01","19","6","0","2","0","0","1","1"
"POINT (13.260086222000041 52.434285990000035)","Unfall 197242 (2018) Kat:2, Licht: 2","197242","2","4","6","01","17","5","1","2","0","1","1","0"
"POINT (13.258200340000030 52.435375916000055)","Unfall 197243 (2018) Kat:2, Licht: 1","197243","2","2","5","01","16","6","0","1","1","1","0","0"
"POINT (13.450513954000030 52.489248516000032)","Unfall 197244 (2018) Kat:3, Licht: 2","197244","3","2","5","01","17","5","1","2","1","1","0","0"
"POINT (13.471453132000022 52.505178144000070)","Unfall 197245 (2018) Kat:3, Licht: 2","197245","3","1","0","01","22","6","0","2","1","0","0","0"
"POINT (13.281205869000075 52.512824794000039)","Unfall 197246 (2018) Kat:3, Licht: 2","197246","3","2","6","01","18","5","1","2","0","1","1","0"
"POINT (13.428077133000045 52.499353697000060)","Unfall 197247 (2018) Kat:3, Licht: 0","197247","3","7","6","01","13","6","0","0","1","1","1","1"
"POINT (13.392281507000064 52.413711127000056)","Unfall 197248 (2018) Kat:2, Licht: 2","197248","2","4","6","01","18","5","1","2","0","1","1","0"
"POINT (13.297351539000033 52.442367759000035)","Unfall 197249 (2018) Kat:3, Licht: 0","197249","3","6","2","01","08","5","0","0","0","1","0","0"
"POINT (13.448003044000075 52.477884025000037)","Unfall 197250 (2018) Kat:3, Licht: 2","197250","3","2","6","01","18","5","1","2","0","1","1","0"
"POINT (13.335576055000047 52.526689204000036)","Unfall 197251 (2018) Kat:2, Licht: 2","197251","2","2","6","01","07","5","1","2","0","1","1","0"
"POINT (13.605155391000039 52.536572599000067)","Unfall 197252 (2018) Kat:2, Licht: 2","197252","2","4","6","01","18","5","1","2","0","1","1","0"
"POINT (13.247241908000035 52.446205888000065)","Unfall 197253 (2018) Kat:3, Licht: 0","197253","3","5","1","01","14","5","1","0","0","1","0","0"
"POINT (13.498028677000036 52.628303715000072)","Unfall 197254 (2018) Kat:2, Licht: 2","197254","2","2","6","01","18","5","1","2","0","1","1","0"
"POINT (13.264796366000041 52.419311114000038)","Unfall 197255 (2018) Kat:3, Licht: 2","197255","3","3","5","01","17","5","1","2","1","1","0","0"
"POINT (13.320010851000063 52.460407795000037)","Unfall 197256 (2018) Kat:3, Licht: 2","197256","3","4","6","01","19","5","1","2","0","1","1","0"
"POINT (13.346191717000067 52.497649831000047)","Unfall 197257 (2018) Kat:3, Licht: 1","197257","3","2","5","01","17","5","2","1","1","0","0","0"
"POINT (13.519694788000038 52.505702467000049)","Unfall 197258 (2018) Kat:2, Licht: 2","197258","2","2","6","01","19","5","1","2","0","1","1","0"
"POINT (13.475309420000031 52.511884469000051)","Unfall 197259 (2018) Kat:3, Licht: 1","197259","3","2","6","01","17","5","1","1","0","1","1","0"
"POINT (13.296420277000038 52.548484580000036)","Unfall 197260 (2018) Kat:3, Licht: 2","197260","3","6","3","01","19","5","1","2","0","1","0","0"
"POINT (13.454350999000042 52.493852359000073)","Unfall 197261 (2018) Kat:3, Licht: 2","197261","3","2","6","01","19","5","1","2","0","1","1","0"
"POINT (13.429465161000053 52.470864855000059)","Unfall 197262 (2018) Kat:3, Licht: 2","197262","3","2","6","01","21","5","1","2","0","1","1","0"
"POINT (13.584018891000028 52.441848768000057)","Unfall 197263 (2018) Kat:2, Licht: 2","197263","2","7","6","01","19","5","1","2","0","1","1","0"
"POINT (13.196870737000040 52.525632911000059)","Unfall 197264 (2018) Kat:2, Licht: 0","197264","2","4","6","01","11","4","1","0","0","1","1","0"
"POINT (13.433143657000073 52.481778386000030)","Unfall 197265 (2018) Kat:3, Licht: 0","197265","3","1","2","01","11","4","1","0","0","1","0","0"
"POINT (13.354576135000059 52.501924022000026)","Unfall 197266 (2018) Kat:2, Licht: 0","197266","2","4","6","01","15","4","1","0","0","1","1","0"
"POINT (13.545211269000049 52.425742040000046)","Unfall 197267 (2018) Kat:3, Licht: 2","197267","3","2","5","01","19","5","1","2","0","1","0","0"
"POINT (13.329126856000073 52.500417658000060)","Unfall 197268 (2018) Kat:2, Licht: 0","197268","2","6","2","01","14","4","1","0","0","1","0","0"
"POINT (13.460006127000042 52.559808575000034)","Unfall 197269 (2018) Kat:2, Licht: 2","197269","2","4","6","01","17","4","1","2","0","1","1","0"
"POINT (13.345184745000040 52.487869556000078)","Unfall 197270 (2018) Kat:3, Licht: 2","197270","3","7","5","01","19","5","1","2","0","1","0","0"
"POINT (13.391994218000036 52.523557853000057)","Unfall 197271 (2018) Kat:3, Licht: 0","197271","3","3","0","01","09","3","1","0","0","1","0","1"
"POINT (13.377072707000025 52.513076007000052)","Unfall 197272 (2018) Kat:3, Licht: 2","197272","3","2","2","01","17","4","1","2","0","1","0","0"
"POINT (13.288234462000048 52.513640740000028)","Unfall 197273 (2018) Kat:2, Licht: 2","197273","2","4","6","01","18","3","1","2","1","0","1","0"
"POINT (13.394638451000048 52.504562628000031)","Unfall 197274 (2018) Kat:3, Licht: 2","197274","3","3","5","01","18","5","1","2","0","1","0","0"
"POINT (13.287013246000072 52.417852839000034)","Unfall 197275 (2018) Kat:3, Licht: 2","197275","3","2","2","01","16","4","1","2","0","1","1","0"
"POINT (13.458952017000058 52.440436268000042)","Unfall 197276 (2018) Kat:3, Licht: 2","197276","3","4","6","01","17","5","1","2","0","0","1","1"
"POINT (13.275215094000032 52.501204820000055)","Unfall 197277 (2018) Kat:3, Licht: 0","197277","3","6","3","01","13","4","1","0","0","1","0","0"
"POINT (13.396861722000040 52.537137869000048)","Unfall 197278 (2018) Kat:3, Licht: 2","197278","3","6","1","01","18","5","1","2","1","1","0","0"
"POINT (13.498549582000066 52.515703712000061)","Unfall 197279 (2018) Kat:3, Licht: 2","197279","3","7","5","01","18","4","1","2","0","0","0","0"
"POINT (13.496126455000024 52.539798667000071)","Unfall 197280 (2018) Kat:3, Licht: 2","197280","3","5","1","01","18","4","1","2","1","1","0","0"
"POINT (13.442306843000040 52.546599855000068)","Unfall 197281 (2018) Kat:3, Licht: 2","197281","3","3","5","01","18","5","1","2","1","1","0","0"
"POINT (13.549934985000050 52.568872677000059)","Unfall 197282 (2018) Kat:3, Licht: 2","197282","3","6","2","01","18","3","1","2","0","1","0","0"
"POINT (13.366311785000050 52.587041769000052)","Unfall 197283 (2018) Kat:2, Licht: 0","197283","2","7","6","01","10","4","1","0","1","0","1","0"
"POINT (13.583796424000070 52.524345680000067)","Unfall 197284 (2018) Kat:3, Licht: 2","197284","3","2","5","01","19","5","1","2","0","1","0","0"
"POINT (13.491597264000063 52.511413515000072)","Unfall 197285 (2018) Kat:3, Licht: 2","197285","3","3","6","01","17","5","1","2","0","1","1","0"
"POINT (13.345069956000032 52.448823044000051)","Unfall 197286 (2018) Kat:2, Licht: 2","197286","2","4","6","01","16","5","1","2","0","1","1","0"
"POINT (13.288191347000065 52.513783986000078)","Unfall 197287 (2018) Kat:3, Licht: 2","197287","3","3","5","01","17","3","1","2","0","1","0","0"
"POINT (13.338337476000049 52.446739267000055)","Unfall 197288 (2018) Kat:3, Licht: 0","197288","3","5","1","01","09","4","2","0","1","1","0","0"
"POINT (13.592396818000054 52.547016029000076)","Unfall 197289 (2018) Kat:3, Licht: 2","197289","3","4","6","01","16","5","1","2","0","1","1","0"
"POINT (13.388822100000027 52.517068930000050)","Unfall 197290 (2018) Kat:3, Licht: 0","197290","3","3","5","01","08","4","1","0","0","1","0","1"
"POINT (13.568292274000044 52.444887483000059)","Unfall 197291 (2018) Kat:3, Licht: 1","197291","3","2","5","01","15","5","1","1","1","0","0","0"
"POINT (13.196818943000039 52.513409289000037)","Unfall 197292 (2018) Kat:3, Licht: 0","197292","3","4","6","01","08","4","1","0","0","1","1","0"
"POINT (13.548615167000037 52.543281388000082)","Unfall 197293 (2018) Kat:3, Licht: 0","197293","3","4","6","01","15","5","1","0","0","1","1","0"
"POINT (13.369985121000070 52.500049959000080)","Unfall 197294 (2018) Kat:3, Licht: 0","197294","3","5","1","01","07","4","1","0","1","1","0","0"
"POINT (13.329829561000054 52.510012803000052)","Unfall 197295 (2018) Kat:3, Licht: 1","197295","3","3","5","01","07","4","2","1","1","1","0","0"
"POINT (13.551835835000077 52.561396980000040)","Unfall 197296 (2018) Kat:3, Licht: 0","197296","3","3","5","01","15","5","1","0","1","1","0","0"
"POINT (13.491731405000053 52.520577772000081)","Unfall 197297 (2018) Kat:2, Licht: 2","197297","2","5","1","01","06","4","1","2","1","1","0","0"
"POINT (13.392537547000074 52.398160157000063)","Unfall 197298 (2018) Kat:3, Licht: 0","197298","3","3","5","01","15","5","1","0","1","1","0","0"
"POINT (13.521745132000035 52.460555815000077)","Unfall 197299 (2018) Kat:3, Licht: 1","197299","3","7","5","01","06","4","2","1","0","1","0","0"
"POINT (13.424509560000047 52.486433960000056)","Unfall 197300 (2018) Kat:3, Licht: 0","197300","3","3","5","01","14","5","1","0","1","1","0","0"
"POINT (13.188864672000022 52.546686669000053)","Unfall 197301 (2018) Kat:2, Licht: 2","197301","2","3","5","01","19","4","1","2","0","1","0","0"
"POINT (13.294930679000061 52.539626571000042)","Unfall 197302 (2018) Kat:3, Licht: 2","197302","3","3","5","01","18","4","1","2","0","1","0","0"
"POINT (13.438184950000050 52.451618824000036)","Unfall 197303 (2018) Kat:3, Licht: 0","197303","3","6","2","01","14","5","1","0","0","1","0","0"
"POINT (13.320214304000046 52.475003485000059)","Unfall 197304 (2018) Kat:3, Licht: 1","197304","3","3","5","01","18","4","1","1","0","1","0","1"
"POINT (13.613251765000030 52.499134316000038)","Unfall 197305 (2018) Kat:3, Licht: 0","197305","3","6","2","01","13","5","1","0","0","1","0","0"
"POINT (13.376680323000073 52.488570661000040)","Unfall 197306 (2018) Kat:3, Licht: 2","197306","3","1","0","01","18","4","1","2","1","0","0","0"
"POINT (13.182780486000070 52.538379499000030)","Unfall 197307 (2018) Kat:3, Licht: 2","197307","3","1","8","01","18","5","1","2","0","1","0","0"
"POINT (13.376647823000042 52.556636312000080)","Unfall 197308 (2018) Kat:3, Licht: 2","197308","3","6","2","01","18","4","1","2","0","1","0","0"
"POINT (13.428880454000023 52.498438488000033)","Unfall 197309 (2018) Kat:3, Licht: 2","197309","3","4","6","01","07","5","1","2","0","0","1","0"
"POINT (13.346024538000052 52.478561789000082)","Unfall 197310 (2018) Kat:3, Licht: 2","197310","3","5","1","01","18","4","1","2","0","1","0","0"
"POINT (13.387534506000065 52.493070581000040)","Unfall 197311 (2018) Kat:3, Licht: 1","197311","3","4","6","01","07","5","1","1","1","0","1","0"
"POINT (13.581366962000061 52.443070698000042)","Unfall 197312 (2018) Kat:2, Licht: 1","197312","2","4","6","01","16","3","0","1","1","0","1","0"
"POINT (13.463161925000065 52.499501845000054)","Unfall 197313 (2018) Kat:3, Licht: 2","197313","3","2","6","01","19","3","1","2","0","1","1","0"
"POINT (13.365599298000063 52.497264119000079)","Unfall 197314 (2018) Kat:3, Licht: 0","197314","3","2","5","01","13","5","1","0","0","1","0","0"
"POINT (13.406661587000031 52.498444658000039)","Unfall 197315 (2018) Kat:3, Licht: 2","197315","3","2","5","01","22","3","1","2","0","1","0","0"
"POINT (13.287085252000054 52.583818411000038)","Unfall 197316 (2018) Kat:3, Licht: 0","197316","3","1","2","01","13","5","1","0","0","1","0","0"
"POINT (13.268157005000035 52.406628560000058)","Unfall 197317 (2018) Kat:3, Licht: 0","197317","3","1","2","01","12","5","1","0","0","1","0","1"
"POINT (13.419560390000072 52.515181667000036)","Unfall 197318 (2018) Kat:3, Licht: 2","197318","3","6","3","01","22","3","1","2","0","1","0","0"
"POINT (13.318266243000039 52.510877306000054)","Unfall 197319 (2018) Kat:2, Licht: 0","197319","2","2","6","01","11","5","1","0","0","1","1","0"
"POINT (13.390194404000056 52.508637134000026)","Unfall 197320 (2018) Kat:3, Licht: 2","197320","3","3","5","01","22","3","1","2","0","1","0","0"
"POINT (13.426378735000071 52.603080392000038)","Unfall 197321 (2018) Kat:3, Licht: 0","197321","3","6","2","01","11","5","1","0","0","1","1","0"
"POINT (13.444749657000045 52.545565801000066)","Unfall 197322 (2018) Kat:3, Licht: 2","197322","3","2","2","01","20","3","1","2","0","1","0","0"
"POINT (13.335745791000022 52.528314958000067)","Unfall 197323 (2018) Kat:3, Licht: 2","197323","3","6","6","01","19","3","1","2","1","0","1","0"
"POINT (13.330625531000067 52.493156857000031)","Unfall 197324 (2018) Kat:3, Licht: 0","197324","3","2","5","01","10","5","1","0","1","1","0","0"
"POINT (13.321376088000022 52.429643760000033)","Unfall 197325 (2018) Kat:3, Licht: 2","197325","3","3","5","01","19","3","1","2","0","1","0","0"
"POINT (13.395081599000036 52.499710330000028)","Unfall 197326 (2018) Kat:3, Licht: 2","197326","3","5","1","01","19","3","1","2","1","0","0","0"
"POINT (13.436605723000071 52.457391869000048)","Unfall 197327 (2018) Kat:3, Licht: 1","197327","3","2","5","01","10","5","1","1","1","1","0","0"
"POINT (13.331008232000045 52.493226839000044)","Unfall 197328 (2018) Kat:3, Licht: 0","197328","3","3","5","01","08","3","1","0","1","1","0","0"
"POINT (13.280057879000026 52.459417550000069)","Unfall 197329 (2018) Kat:2, Licht: 2","197329","2","4","6","01","18","3","2","2","0","1","1","0"
"POINT (13.348513406000052 52.521928968000054)","Unfall 197330 (2018) Kat:3, Licht: 2","197330","3","3","5","01","20","2","0","2","1","0","0","0"
"POINT (13.409904249000022 52.481875732000049)","Unfall 197331 (2018) Kat:3, Licht: 2","197331","3","1","1","01","20","3","1","2","0","1","0","0"
"POINT (13.400900664000062 52.414530194000065)","Unfall 197332 (2018) Kat:3, Licht: 0","197332","3","6","2","01","10","5","1","0","0","1","0","0"
"POINT (13.428679310000064 52.581611185000042)","Unfall 197333 (2018) Kat:3, Licht: 2","197333","3","1","9","01","03","3","1","2","0","0","0","0"
"POINT (13.380837624000037 52.516366200000050)","Unfall 197334 (2018) Kat:3, Licht: 0","197334","3","2","5","01","09","5","1","0","1","0","0","0"
"POINT (13.552206946000069 52.439398420000032)","Unfall 197335 (2018) Kat:2, Licht: 2","197335","2","2","5","01","05","3","2","2","0","1","0","0"
"POINT (13.265397659000030 52.536820083000066)","Unfall 197336 (2018) Kat:3, Licht: 0","197336","3","6","0","01","08","5","1","0","0","1","0","0"
"POINT (13.366036787000041 52.525314409000032)","Unfall 197337 (2018) Kat:3, Licht: 2","197337","3","2","6","01","05","3","2","2","0","1","1","0"
"POINT (13.387098464000076 52.527095270000075)","Unfall 197338 (2018) Kat:3, Licht: 2","197338","3","2","5","01","05","3","2","2","0","1","0","0"
"POINT (13.366682065000077 52.548197312000070)","Unfall 197339 (2018) Kat:3, Licht: 0","197339","3","3","5","01","08","5","1","0","1","1","0","0"
"POINT (13.436589332000040 52.423630379000031)","Unfall 197340 (2018) Kat:3, Licht: 2","197340","3","2","2","01","06","3","1","2","0","1","0","0"
"POINT (13.376956098000051 52.491545223000060)","Unfall 197341 (2018) Kat:3, Licht: 0","197341","3","2","6","01","07","3","1","0","0","1","1","0"
"POINT (13.500931607000041 52.505707198000039)","Unfall 197342 (2018) Kat:3, Licht: 0","197342","3","5","1","01","08","5","1","0","1","1","0","0"
"POINT (13.488314261000028 52.451270240000042)","Unfall 197343 (2018) Kat:3, Licht: 2","197343","3","6","2","01","17","3","1","2","0","1","0","0"
"POINT (13.366167840000060 52.552134819000059)","Unfall 197344 (2018) Kat:3, Licht: 0","197344","3","7","5","01","16","3","1","0","0","1","0","1"
"POINT (13.154187668000077 52.534389249000071)","Unfall 197345 (2018) Kat:3, Licht: 0","197345","3","4","6","01","07","5","1","0","0","1","1","0"
"POINT (13.198985024000024 52.434142839000060)","Unfall 197346 (2018) Kat:3, Licht: 0","197346","3","3","5","01","07","3","1","0","0","1","0","0"
"POINT (13.345517868000059 52.493987669000035)","Unfall 197347 (2018) Kat:2, Licht: 0","197347","2","6","2","01","07","5","1","0","0","1","0","0"
"POINT (13.620816799000067 52.452296261000072)","Unfall 197348 (2018) Kat:3, Licht: 0","197348","3","7","5","01","15","3","1","0","1","1","0","0"
"POINT (13.425805180000054 52.477527279000071)","Unfall 197349 (2018) Kat:3, Licht: 1","197349","3","5","4","01","07","5","1","1","1","1","0","0"
"POINT (13.329980799000055 52.523784531000047)","Unfall 197350 (2018) Kat:3, Licht: 0","197350","3","2","6","01","14","3","1","0","0","1","1","0"
"POINT (13.390514164000024 52.506782496000028)","Unfall 197351 (2018) Kat:3, Licht: 0","197351","3","3","5","01","07","5","1","0","1","0","0","0"
"POINT (13.420871926000075 52.518275997000046)","Unfall 197352 (2018) Kat:3, Licht: 0","197352","3","2","5","01","14","3","0","0","1","1","0","0"
"POINT (13.426227793000066 52.575879968000038)","Unfall 197353 (2018) Kat:2, Licht: 0","197353","2","3","5","01","09","1","0","0","0","1","0","0"
"POINT (13.297123200000044 52.526687151000033)","Unfall 197354 (2018) Kat:3, Licht: 0","197354","3","6","2","01","14","3","1","0","0","1","0","0"
"POINT (13.264815220000060 52.419256813000061)","Unfall 197355 (2018) Kat:2, Licht: 2","197355","2","4","6","01","07","5","1","2","0","1","1","0"
"POINT (13.354030828000077 52.499856145000081)","Unfall 197356 (2018) Kat:3, Licht: 0","197356","3","3","5","01","09","1","1","0","0","1","0","0"
"POINT (13.316124130000048 52.571060604000081)","Unfall 197357 (2018) Kat:3, Licht: 0","197357","3","3","5","01","13","3","1","0","0","1","0","0"
"POINT (13.574792514000023 52.565632834000041)","Unfall 197358 (2018) Kat:3, Licht: 0","197358","3","3","5","01","06","4","0","0","1","0","0","0"
"POINT (13.412400137000077 52.524086542000077)","Unfall 197359 (2018) Kat:3, Licht: 2","197359","3","2","2","01","17","4","0","2","0","1","0","0"
"POINT (13.563683826000045 52.437913009000056)","Unfall 197360 (2018) Kat:3, Licht: 0","197360","3","6","2","01","12","1","1","0","0","1","0","0"
"POINT (13.165250390000040 52.467092871000034)","Unfall 197361 (2018) Kat:2, Licht: 0","197361","2","5","1","01","13","1","1","0","0","1","0","0"
"POINT (13.309258472000067 52.438878507000027)","Unfall 197362 (2018) Kat:3, Licht: 0","197362","3","3","5","01","13","3","1","0","0","1","0","1"
"POINT (13.491392065000070 52.526544962000060)","Unfall 197363 (2018) Kat:3, Licht: 2","197363","3","5","0","01","18","4","1","2","1","1","0","0"
"POINT (13.350087113000029 52.503188295000029)","Unfall 197364 (2018) Kat:3, Licht: 1","197364","3","2","0","01","16","1","0","1","0","1","0","0"
"POINT (13.299944033000031 52.521589226000060)","Unfall 197365 (2018) Kat:3, Licht: 0","197365","3","6","2","01","13","3","1","0","0","1","0","0"
"POINT (13.449133599000049 52.526699569000073)","Unfall 197366 (2018) Kat:3, Licht: 2","197366","3","7","7","01","20","4","0","2","1","0","0","0"
"POINT (13.562827141000071 52.456645721000029)","Unfall 197367 (2018) Kat:3, Licht: 0","197367","3","6","2","01","12","3","1","0","0","1","0","0"
"POINT (13.526140622000071 52.423768218000077)","Unfall 197368 (2018) Kat:3, Licht: 2","197368","3","3","5","01","17","4","0","2","0","1","0","0"
"POINT (13.275446841000075 52.575769743000080)","Unfall 197369 (2018) Kat:3, Licht: 2","197369","3","7","5","01","18","4","1","2","0","1","0","0"
"POINT (13.310733308000067 52.516190851000033)","Unfall 197370 (2018) Kat:3, Licht: 0","197370","3","6","2","01","10","6","1","0","0","1","0","0"
"POINT (13.325703885000053 52.505500893000033)","Unfall 197371 (2018) Kat:3, Licht: 1","197371","3","2","5","02","16","5","0","1","1","1","0","0"
"POINT (13.499376211000026 52.519861567000078)","Unfall 197372 (2018) Kat:3, Licht: 0","197372","3","5","1","02","11","5","0","0","1","1","0","0"
"POINT (13.248995899000022 52.419424461000062)","Unfall 197373 (2018) Kat:3, Licht: 0","197373","3","2","6","01","08","6","0","0","0","1","1","0"
"POINT (13.338841198000068 52.531399529000055)","Unfall 197374 (2018) Kat:3, Licht: 0","197374","3","7","6","02","15","5","0","0","1","0","1","0"
"POINT (13.461964074000036 52.558981899000059)","Unfall 197375 (2018) Kat:3, Licht: 0","197375","3","3","5","01","10","6","1","0","0","1","0","0"
"POINT (13.328333437000026 52.534598294000034)","Unfall 197376 (2018) Kat:3, Licht: 0","197376","3","6","2","02","10","5","0","0","0","1","0","0"
"POINT (13.336575519000064 52.542556814000079)","Unfall 197377 (2018) Kat:3, Licht: 0","197377","3","6","2","01","08","6","1","0","0","1","0","0"
"POINT (13.370332651000069 52.516901224000037)","Unfall 197378 (2018) Kat:3, Licht: 0","197378","3","6","3","02","09","5","0","0","1","0","0","0"
"POINT (13.613393070000029 52.498850374000028)","Unfall 197379 (2018) Kat:3, Licht: 0","197379","3","6","2","02","10","5","1","0","0","1","0","0"
"POINT (13.339219084000035 52.543950500000051)","Unfall 197380 (2018) Kat:3, Licht: 0","197380","3","1","8","01","08","6","1","0","0","1","0","0"
"POINT (13.331964009000046 52.506287497000073)","Unfall 197381 (2018) Kat:3, Licht: 0","197381","3","7","2","02","09","5","0","0","0","1","0","0"
"POINT (13.381010892000063 52.441734988000064)","Unfall 197382 (2018) Kat:3, Licht: 1","197382","3","6","3","01","07","6","1","1","1","0","0","0"
"POINT (13.231461135000075 52.436824422000029)","Unfall 197383 (2018) Kat:3, Licht: 0","197383","3","2","5","02","14","5","0","0","0","1","0","1"
"POINT (13.435552713000050 52.466753917000062)","Unfall 197384 (2018) Kat:3, Licht: 1","197384","3","2","6","01","07","6","1","1","0","1","1","0"
"POINT (13.549490898000045 52.436101848000078)","Unfall 197385 (2018) Kat:3, Licht: 0","197385","3","4","6","01","07","6","1","0","0","1","1","0"
"POINT (13.450181724000061 52.503483610000046)","Unfall 197386 (2018) Kat:3, Licht: 0","197386","3","4","6","02","08","5","1","0","0","1","1","0"
"POINT (13.562675464000051 52.519040109000059)","Unfall 197387 (2018) Kat:3, Licht: 0","197387","3","2","6","01","07","6","1","0","0","1","1","0"
"POINT (13.380837624000037 52.516366200000050)","Unfall 197388 (2018) Kat:3, Licht: 0","197388","3","2","5","02","07","5","0","0","1","1","0","0"
"POINT (13.354766140000038 52.596619103000080)","Unfall 197389 (2018) Kat:3, Licht: 1","197389","3","3","6","01","07","6","1","1","0","1","1","0"
"POINT (13.194003638000027 52.545788513000048)","Unfall 197390 (2018) Kat:3, Licht: 2","197390","3","2","6","01","07","6","1","2","0","1","1","0"
"POINT (13.410533157000032 52.503433955000048)","Unfall 197391 (2018) Kat:3, Licht: 0","197391","3","2","6","02","14","5","0","0","0","1","1","0"
"POINT (13.480808796000076 52.499100566000038)","Unfall 197392 (2018) Kat:3, Licht: 2","197392","3","2","5","01","07","6","1","2","1","1","0","0"
"POINT (13.483096919000047 52.480486652000081)","Unfall 197393 (2018) Kat:3, Licht: 2","197393","3","5","5","01","06","6","1","2","0","1","0","1"
"POINT (13.250572446000035 52.449866848000056)","Unfall 197394 (2018) Kat:3, Licht: 0","197394","3","5","1","02","14","5","0","0","0","1","0","0"
"POINT (13.623034071000063 52.456508496000026)","Unfall 197395 (2018) Kat:2, Licht: 0","197395","2","1","8","02","14","5","0","0","0","1","0","0"