WKT,Name,OBJECTID,UKATEGORIE,UTYP1,UART,UMONAT,USTUNDE,UWOCHENTAG,STRZUSTAND,ULICHTVERH,ISTRAD,ISTPKW,ISTFUSS,ISTKRAD
"POINT (13.426992547000054 52.552108522000026)","Unfall 197396 (2018) Kat:3, Licht: 2","197396","3","3","5","01","06","6","1","2","1","1","0","0"
"POINT (13.434749277000037 52.461816296000052)","Unfall 197397 (2018) Kat:3, Licht: 0","197397","3","6","2","02","13","5","0","0","0","1","0","0"
"POINT (13.315112967000061 52.576514802000077)","Unfall 197398 (2018) Kat:2, Licht: 2","197398","2","3","5","01","19","6","1","2","0","1","0","0"
"POINT (13.317105713000046 52.513991773000043)","Unfall 197399 (2018) Kat:3, Licht: 2","197399","3","7","6","01","18","6","1","2","0","1","1","0"
"POINT (13.390207617000044 52.535414685000035)","Unfall 197400 (2018) Kat:3, Licht: 2","197400","3","3","5","01","18","6","1","2","0","1","0","0"
"POINT (13.288375594000058 52.513171822000061)","Unfall 197401 (2018) Kat:2, Licht: 1","197401","2","2","6","02","07","5","0","1","0","0","1","0"
"POINT (13.540898992000052 52.403954652000039)","Unfall 197402 (2018) Kat:3, Licht: 2","197402","3","4","6","01","18","6","1","2","0","1","1","0"
"POINT (13.266642020000063 52.413448065000068)","Unfall 197403 (2018) Kat:2, Licht: 2","197403","2","4","6","01","17","6","1","2","0","1","1","0"
"POINT (13.280258892000063 52.518325136000044)","Unfall 197404 (2018) Kat:3, Licht: 1","197404","3","2","5","01","16","6","1","1","0","1","0","0"
"POINT (13.505902377000041 52.508932975000050)","Unfall 197405 (2018) Kat:2, Licht: 2","197405","2","3","5","02","06","5","0","2","1","1","0","0"
"POINT (13.299938235000070 52.578947590000041)","Unfall 197406 (2018) Kat:2, Licht: 2","197406","2","3","5","01","16","6","1","2","1","1","0","0"
"POINT (13.449815464000039 52.551047344000040)","Unfall 197407 (2018) Kat:3, Licht: 0","197407","3","4","6","02","09","5","1","0","0","0","1","0"
"POINT (13.259427114000061 52.433189183000081)","Unfall 197408 (2018) Kat:3, Licht: 1","197408","3","2","6","01","15","6","1","1","0","1","1","0"
"POINT (13.207688440000027 52.553951004000055)","Unfall 197409 (2018) Kat:3, Licht: 2","197409","3","6","2","02","06","5","0","2","0","1","0","0"
"POINT (13.454627630000061 52.474601419000066)","Unfall 197410 (2018) Kat:3, Licht: 0","197410","3","3","5","01","15","6","1","0","0","1","0","0"
"POINT (13.444274177000068 52.454966564000074)","Unfall 197411 (2018) Kat:3, Licht: 2","197411","3","2","6","02","05","5","0","2","0","1","1","0"
"POINT (13.420304780000038 52.567007734000072)","Unfall 197412 (2018) Kat:3, Licht: 0","197412","3","3","5","01","14","6","1","0","0","1","0","0"
"POINT (13.340069871000026 52.566358453000078)","Unfall 197413 (2018) Kat:2, Licht: 2","197413","2","4","6","02","19","5","0","2","0","1","1","0"
"POINT (13.420340830000043 52.502766331000032)","Unfall 197414 (2018) Kat:3, Licht: 2","197414","3","6","3","02","20","5","0","2","1","0","0","0"
"POINT (13.559106269000040 52.448465963000046)","Unfall 197415 (2018) Kat:3, Licht: 0","197415","3","2","2","01","13","6","1","0","0","1","0","0"
"POINT (13.360901227000056 52.594226821000063)","Unfall 197416 (2018) Kat:3, Licht: 2","197416","3","3","5","02","21","5","0","2","0","1","0","0"
"POINT (13.247296237000057 52.538077184000031)","Unfall 197417 (2018) Kat:3, Licht: 0","197417","3","6","2","01","12","6","1","0","0","1","0","0"
"POINT (13.572630189000051 52.550094255000033)","Unfall 197418 (2018) Kat:3, Licht: 2","197418","3","3","5","01","21","4","1","2","0","1","0","0"
"POINT (13.448279707000040 52.549341215000027)","Unfall 197419 (2018) Kat:3, Licht: 0","197419","3","3","0","01","12","6","0","0","0","1","0","0"
"POINT (13.474843483000029 52.615597512000079)","Unfall 197420 (2018) Kat:3, Licht: 2","197420","3","6","6","01","21","4","1","2","1","0","1","0"
"POINT (13.405182425000021 52.496054062000042)","Unfall 197421 (2018) Kat:3, Licht: 2","197421","3","3","5","01","06","6","1","2","1","1","0","0"
"POINT (13.402385233000075 52.546703201000071)","Unfall 197422 (2018) Kat:3, Licht: 2","197422","3","7","0","01","18","4","1","2","1","1","0","0"
"POINT (13.383665315000030 52.555213566000077)","Unfall 197423 (2018) Kat:3, Licht: 0","197423","3","5","1","01","11","6","1","0","1","1","0","0"
"POINT (13.329974914000047 52.523784008000064)","Unfall 197424 (2018) Kat:3, Licht: 2","197424","3","2","2","01","17","4","1","2","0","1","0","0"
"POINT (13.359703396000043 52.585446489000049)","Unfall 197425 (2018) Kat:3, Licht: 2","197425","3","1","8","01","23","4","1","2","0","1","0","0"
"POINT (13.292524441000069 52.631208353000034)","Unfall 197426 (2018) Kat:2, Licht: 0","197426","2","3","5","01","11","6","1","0","0","1","0","0"
"POINT (13.320600829000057 52.483876724000027)","Unfall 197427 (2018) Kat:3, Licht: 2","197427","3","6","2","01","22","4","1","2","0","1","0","0"
"POINT (13.350099036000074 52.489596716000051)","Unfall 197428 (2018) Kat:3, Licht: 0","197428","3","5","1","01","10","6","1","0","1","1","0","0"
"POINT (13.462881185000072 52.532380799000066)","Unfall 197429 (2018) Kat:3, Licht: 2","197429","3","3","5","01","22","4","1","2","1","1","0","0"
"POINT (13.388684141000056 52.547614684000052)","Unfall 197430 (2018) Kat:2, Licht: 2","197430","2","4","6","01","20","6","1","2","0","0","1","0"
"POINT (13.185786373000042 52.516735234000066)","Unfall 197431 (2018) Kat:2, Licht: 2","197431","2","4","6","01","22","4","1","2","0","1","1","0"
"POINT (13.364385559000027 52.509958841000071)","Unfall 197432 (2018) Kat:3, Licht: 2","197432","3","2","6","01","21","4","1","2","0","1","1","0"
"POINT (13.385496521000050 52.550123385000063)","Unfall 197433 (2018) Kat:2, Licht: 2","197433","2","3","5","01","22","6","1","2","0","1","0","0"
"POINT (13.331385880000028 52.506745005000028)","Unfall 197434 (2018) Kat:3, Licht: 2","197434","3","4","6","01","21","4","1","2","0","1","1","0"
"POINT (13.297918733000074 52.578173584000069)","Unfall 197435 (2018) Kat:3, Licht: 2","197435","3","2","5","01","20","6","1","2","0","1","0","0"
"POINT (13.386645298000076 52.549362860000031)","Unfall 197436 (2018) Kat:3, Licht: 2","197436","3","2","6","01","20","4","1","2","0","1","1","0"
"POINT (13.200613364000048 52.548667720000026)","Unfall 197437 (2018) Kat:3, Licht: 2","197437","3","2","6","01","20","4","1","2","0","1","1","0"
"POINT (13.440422817000069 52.417435875000081)","Unfall 197438 (2018) Kat:3, Licht: 1","197438","3","3","5","01","17","5","1","1","0","1","0","0"
"POINT (13.414476712000067 52.553593232000026)","Unfall 197439 (2018) Kat:3, Licht: 2","197439","3","7","0","01","06","4","0","2","0","1","0","0"
"POINT (13.519852403000073 52.505964745000028)","Unfall 197440 (2018) Kat:3, Licht: 2","197440","3","2","6","01","17","5","1","2","0","1","1","0"
"POINT (13.341485887000033 52.525534065000045)","Unfall 197441 (2018) Kat:3, Licht: 2","197441","3","7","6","01","18","4","1","2","0","1","1","0"
"POINT (13.262928444000067 52.548463425000079)","Unfall 197442 (2018) Kat:2, Licht: 2","197442","2","3","0","01","23","5","1","2","0","1","0","0"
"POINT (13.428581964000045 52.547832320000055)","Unfall 197443 (2018) Kat:3, Licht: 2","197443","3","2","5","01","23","5","1","2","0","1","0","0"
"POINT (13.353742516000068 52.449159450000082)","Unfall 197444 (2018) Kat:3, Licht: 0","197444","3","7","0","01","13","4","0","0","0","0","0","1"
"POINT (13.514477628000066 52.551425442000038)","Unfall 197445 (2018) Kat:3, Licht: 1","197445","3","6","2","01","17","5","1","1","0","1","0","0"
"POINT (13.182057036000060 52.536193680000054)","Unfall 197446 (2018) Kat:3, Licht: 0","197446","3","2","0","01","14","5","1","0","1","1","0","0"
"POINT (13.439225785000076 52.566906535000044)","Unfall 197447 (2018) Kat:3, Licht: 2","197447","3","6","2","01","18","4","1","2","0","1","0","0"
"POINT (13.445204714000056 52.474076780000075)","Unfall 197448 (2018) Kat:3, Licht: 0","197448","3","3","5","01","11","4","1","0","0","1","0","0"
"POINT (13.440093674000025 52.548344448000080)","Unfall 197449 (2018) Kat:3, Licht: 0","197449","3","4","6","01","15","5","1","0","0","1","1","0"
"POINT (13.329629547000025 52.523787699000081)","Unfall 197450 (2018) Kat:2, Licht: 0","197450","2","2","3","01","11","4","1","0","0","1","0","0"
"POINT (13.331599506000032 52.468115984000065)","Unfall 197451 (2018) Kat:3, Licht: 0","197451","3","7","6","01","14","5","1","0","0","1","1","0"
"POINT (13.386211412000023 52.528028998000082)","Unfall 197452 (2018) Kat:3, Licht: 0","197452","3","1","0","01","11","4","1","0","0","0","0","1"
"POINT (13.313529448000054 52.506242536000059)","Unfall 197453 (2018) Kat:3, Licht: 0","197453","3","6","2","01","10","5","1","0","0","1","0","1"
"POINT (13.452958208000041 52.452680098000030)","Unfall 197454 (2018) Kat:2, Licht: 2","197454","2","4","6","01","16","5","1","2","0","1","1","0"
"POINT (13.600716211000076 52.538365639000062)","Unfall 197455 (2018) Kat:3, Licht: 2","197455","3","2","6","01","18","4","1","2","0","1","1","0"
"POINT (13.453989391000050 52.434983208000062)","Unfall 197456 (2018) Kat:3, Licht: 0","197456","3","6","2","01","13","5","1","0","0","1","0","0"
"POINT (13.576100177000058 52.452883554000039)","Unfall 197457 (2018) Kat:3, Licht: 2","197457","3","2","6","01","17","5","1","2","0","1","1","0"
"POINT (13.390926818000025 52.515747017000081)","Unfall 197458 (2018) Kat:3, Licht: 0","197458","3","2","5","01","08","4","0","0","1","1","0","0"
"POINT (13.294207652000068 52.497826004000046)","Unfall 197459 (2018) Kat:2, Licht: 0","197459","2","2","6","01","10","5","1","0","0","1","1","0"
"POINT (13.296581786000047 52.548245245000032)","Unfall 197460 (2018) Kat:2, Licht: 0","197460","2","4","6","01","08","4","1","0","0","1","1","0"
"POINT (13.455565752000041 52.556092104000072)","Unfall 197461 (2018) Kat:3, Licht: 1","197461","3","3","5","01","07","4","0","1","1","1","0","0"
"POINT (13.509355602000028 52.551581095000074)","Unfall 197462 (2018) Kat:3, Licht: 0","197462","3","4","6","01","09","5","1","0","0","1","1","0"
"POINT (13.411931452000033 52.540645475000076)","Unfall 197463 (2018) Kat:3, Licht: 0","197463","3","2","6","01","07","4","0","0","0","1","1","0"
"POINT (13.579018552000036 52.458191082000042)","Unfall 197464 (2018) Kat:3, Licht: 0","197464","3","6","2","01","09","5","1","0","0","1","0","0"
"POINT (13.284661300000039 52.464394849000030)","Unfall 197465 (2018) Kat:3, Licht: 0","197465","3","3","5","01","07","4","0","0","1","0","0","0"
"POINT (13.376792699000077 52.509632053000075)","Unfall 197466 (2018) Kat:3, Licht: 0","197466","3","2","5","01","09","5","1","0","1","1","0","0"
"POINT (13.585307816000068 52.427320138000027)","Unfall 197467 (2018) Kat:2, Licht: 0","197467","2","4","6","01","14","4","1","0","0","1","1","0"
"POINT (13.307312212000056 52.433284903000072)","Unfall 197468 (2018) Kat:2, Licht: 0","197468","2","2","5","01","09","5","0","0","0","1","0","0"
"POINT (13.283246772000041 52.475190558000065)","Unfall 197469 (2018) Kat:3, Licht: 0","197469","3","5","1","01","15","4","0","0","1","1","0","0"
"POINT (13.398232213000028 52.517281559000082)","Unfall 197470 (2018) Kat:3, Licht: 2","197470","3","7","6","01","06","3","0","2","1","0","1","0"
"POINT (13.375866896000048 52.457703730000048)","Unfall 197471 (2018) Kat:3, Licht: 0","197471","3","3","5","01","08","5","0","0","0","1","0","0"
"POINT (13.332634027000040 52.506305572000031)","Unfall 197472 (2018) Kat:3, Licht: 1","197472","3","4","0","01","17","3","0","1","0","0","1","0"
"POINT (13.399627755000040 52.506716345000029)","Unfall 197473 (2018) Kat:3, Licht: 0","197473","3","2","5","01","08","5","0","0","1","1","0","0"
"POINT (13.413385312000059 52.525222101000054)","Unfall 197474 (2018) Kat:3, Licht: 1","197474","3","2","0","01","08","5","0","1","0","1","0","0"
"POINT (13.506005101000028 52.445705021000038)","Unfall 197475 (2018) Kat:3, Licht: 0","197475","3","7","6","01","11","3","0","0","0","1","1","0"
"POINT (13.358287363000045 52.546991107000053)","Unfall 197476 (2018) Kat:3, Licht: 0","197476","3","2","0","01","11","3","0","0","0","1","0","0"
"POINT (13.516812806000075 52.470982533000040)","Unfall 197477 (2018) Kat:2, Licht: 1","197477","2","4","6","01","07","5","1","1","0","0","1","0"
"POINT (13.375431462000051 52.543322904000036)","Unfall 197478 (2018) Kat:3, Licht: 0","197478","3","5","1","01","09","3","0","0","0","1","0","1"
"POINT (13.431589992000056 52.481596087000071)","Unfall 197479 (2018) Kat:3, Licht: 2","197479","3","6","2","01","21","5","1","2","1","1","0","0"
"POINT (13.408015900000066 52.452489434000029)","Unfall 197480 (2018) Kat:3, Licht: 0","197480","3","2","5","01","09","3","0","0","1","1","0","0"
"POINT (13.352369604000046 52.616116634000036)","Unfall 197481 (2018) Kat:3, Licht: 2","197481","3","1","8","01","20","5","1","2","0","1","0","0"
"POINT (13.645127432000038 52.378503661000082)","Unfall 197482 (2018) Kat:3, Licht: 0","197482","3","6","2","01","08","3","0","0","0","1","0","0"
"POINT (13.263072322000028 52.457647702000031)","Unfall 197483 (2018) Kat:2, Licht: 2","197483","2","2","5","01","20","5","1","2","0","0","0","1"
"POINT (13.167893855000045 52.469196925000062)","Unfall 197484 (2018) Kat:3, Licht: 2","197484","3","6","2","01","06","3","1","2","0","1","0","0"
"POINT (13.329114953000044 52.471299603000034)","Unfall 197485 (2018) Kat:3, Licht: 2","197485","3","2","6","01","20","5","1","2","0","1","1","0"
"POINT (13.472080128000073 52.459865741000044)","Unfall 197486 (2018) Kat:2, Licht: 2","197486","2","6","3","01","17","3","0","2","1","0","0","0"
"POINT (13.377141208000069 52.508521810000047)","Unfall 197487 (2018) Kat:3, Licht: 2","197487","3","3","5","01","20","5","1","2","0","1","0","0"
"POINT (13.349839630000076 52.524537916000043)","Unfall 197488 (2018) Kat:2, Licht: 2","197488","2","3","5","01","19","5","1","2","1","1","0","0"
"POINT (13.231927920000032 52.539301764000072)","Unfall 197489 (2018) Kat:3, Licht: 2","197489","3","2","2","01","17","3","0","2","0","1","0","0"
"POINT (13.303267410000046 52.458540698000036)","Unfall 197490 (2018) Kat:2, Licht: 2","197490","2","2","6","01","19","5","1","2","0","1","1","0"
"POINT (13.294056894000050 52.537017186000071)","Unfall 197491 (2018) Kat:3, Licht: 0","197491","3","6","2","01","16","3","0","0","0","1","0","0"
"POINT (13.275120523000055 52.460390068000038)","Unfall 197492 (2018) Kat:3, Licht: 2","197492","3","3","5","01","19","5","1","2","1","1","0","0"
"POINT (13.389775341000075 52.574290918000031)","Unfall 197493 (2018) Kat:3, Licht: 0","197493","3","3","5","01","14","3","0","0","1","1","0","0"
"POINT (13.274775400000067 52.535936193000055)","Unfall 197494 (2018) Kat:2, Licht: 0","197494","2","4","6","01","12","3","0","0","0","1","1","0"
"POINT (13.480695682000032 52.498978132000047)","Unfall 197495 (2018) Kat:3, Licht: 2","197495","3","2","6","01","19","5","1","2","0","1","1","0"
"POINT (13.385124404000067 52.449287630000072)","Unfall 197496 (2018) Kat:3, Licht: 0","197496","3","2","2","01","12","3","0","0","0","1","0","0"
"POINT (13.383681244000059 52.530747174000055)","Unfall 197497 (2018) Kat:2, Licht: 2","197497","2","7","0","01","18","5","1","2","0","1","0","0"
"POINT (13.479699452000034 52.553456338000046)","Unfall 197498 (2018) Kat:3, Licht: 0","197498","3","4","6","01","12","3","0","0","0","1","1","0"
"POINT (13.445149381000022 52.499403135000080)","Unfall 197499 (2018) Kat:3, Licht: 2","197499","3","5","1","01","17","5","1","2","1","1","0","0"
"POINT (13.423736628000029 52.552581065000027)","Unfall 197500 (2018) Kat:3, Licht: 2","197500","3","6","2","01","18","4","0","2","0","1","0","0"
"POINT (13.388757150000060 52.525984790000052)","Unfall 197501 (2018) Kat:2, Licht: 0","197501","2","6","3","01","09","3","0","0","1","0","0","0"
"POINT (13.351059974000066 52.510481563000042)","Unfall 197502 (2018) Kat:3, Licht: 0","197502","3","6","3","01","17","4","0","0","0","1","0","1"
"POINT (13.280606860000034 52.506477982000035)","Unfall 197503 (2018) Kat:2, Licht: 2","197503","2","3","5","01","21","3","0","2","0","1","0","0"
"POINT (13.572259942000073 52.450647283000080)","Unfall 197504 (2018) Kat:3, Licht: 2","197504","3","2","5","01","19","3","0","2","1","1","0","0"
"POINT (13.397312786000043 52.528599307000036)","Unfall 197505 (2018) Kat:3, Licht: 2","197505","3","3","5","01","20","4","1","2","1","1","0","0"
"POINT (13.315747556000076 52.441957515000070)","Unfall 197506 (2018) Kat:3, Licht: 0","197506","3","4","6","01","10","4","0","0","1","0","1","0"
"POINT (13.458644292000031 52.527050198000040)","Unfall 197507 (2018) Kat:3, Licht: 0","197507","3","2","5","01","18","3","0","0","1","1","0","0"
"POINT (13.393466036000063 52.528463211000030)","Unfall 197508 (2018) Kat:3, Licht: 1","197508","3","7","6","01","07","4","1","1","1","0","1","0"
"POINT (13.276393335000023 52.507248621000031)","Unfall 197509 (2018) Kat:3, Licht: 2","197509","3","6","2","01","18","3","0","2","0","1","0","1"
"POINT (13.360904907000076 52.494261868000081)","Unfall 197510 (2018) Kat:3, Licht: 0","197510","3","2","6","01","17","3","0","0","0","1","1","0"
"POINT (13.526663133000056 52.428791713000066)","Unfall 197511 (2018) Kat:3, Licht: 1","197511","3","2","5","01","07","4","1","1","0","1","0","0"
"POINT (13.326701175000039 52.465000400000065)","Unfall 197512 (2018) Kat:3, Licht: 2","197512","3","7","6","01","17","3","0","2","0","1","1","0"
"POINT (13.313270666000051 52.575282251000033)","Unfall 197513 (2018) Kat:3, Licht: 0","197513","3","4","6","01","15","4","0","0","0","1","1","0"
"POINT (13.329621670000051 52.533037348000050)","Unfall 197514 (2018) Kat:3, Licht: 2","197514","3","7","5","01","19","2","1","2","0","1","0","0"
"POINT (13.239621245000023 52.545036103000029)","Unfall 197515 (2018) Kat:3, Licht: 0","197515","3","4","6","01","16","4","0","0","0","1","1","0"
"POINT (13.605440242000043 52.487904260000050)","Unfall 197516 (2018) Kat:2, Licht: 1","197516","2","3","5","01","16","4","1","1","1","0","0","0"
"POINT (13.338130690000071 52.449400829000069)","Unfall 197517 (2018) Kat:3, Licht: 2","197517","3","7","1","01","18","2","1","2","0","1","0","0"
"POINT (13.495669983000028 52.625932463000026)","Unfall 197518 (2018) Kat:2, Licht: 1","197518","2","4","6","01","16","4","0","1","0","1","1","0"
"POINT (13.320584092000047 52.508908434000034)","Unfall 197519 (2018) Kat:3, Licht: 0","197519","3","6","3","01","09","2","0","0","1","1","0","0"
"POINT (13.460920483000052 52.545517331000042)","Unfall 197520 (2018) Kat:3, Licht: 0","197520","3","6","0","01","16","2","1","0","1","1","0","0"
"POINT (13.442585899000051 52.516202900000053)","Unfall 197521 (2018) Kat:2, Licht: 2","197521","2","4","6","01","17","4","1","2","0","1","1","0"
"POINT (13.179945686000053 52.504053360000057)","Unfall 197522 (2018) Kat:3, Licht: 2","197522","3","5","1","01","21","2","1","2","0","1","0","0"
"POINT (13.427677717000051 52.420779178000032)","Unfall 197523 (2018) Kat:3, Licht: 0","197523","3","2","0","01","13","4","1","0","0","1","0","1"
"POINT (13.426886521000029 52.515794138000047)","Unfall 197524 (2018) Kat:3, Licht: 2","197524","3","3","5","01","20","2","1","2","0","1","0","0"
"POINT (13.370855291000055 52.492005744000039)","Unfall 197525 (2018) Kat:3, Licht: 2","197525","3","4","6","01","19","2","1","2","0","0","1","0"
"POINT (13.344326791000071 52.504168843000059)","Unfall 197526 (2018) Kat:3, Licht: 2","197526","3","3","5","01","18","4","0","2","1","1","0","0"
"POINT (13.297924435000027 52.578117182000028)","Unfall 197527 (2018) Kat:3, Licht: 2","197527","3","2","5","01","19","2","1","2","0","1","0","0"
"POINT (13.573188402000028 52.450160452000034)","Unfall 197528 (2018) Kat:3, Licht: 0","197528","3","7","5","01","12","4","0","0","0","1","0","0"
"POINT (13.396354767000048 52.529153793000035)","Unfall 197529 (2018) Kat:3, Licht: 2","197529","3","6","0","01","18","2","1","2","0","1","0","1"
"POINT (13.323356087000036 52.437591183000052)","Unfall 197530 (2018) Kat:3, Licht: 0","197530","3","7","0","01","11","4","1","0","0","1","0","1"
"POINT (13.271960776000071 52.481865864000042)","Unfall 197531 (2018) Kat:3, Licht: 0","197531","3","7","5","01","11","4","1","0","1","1","0","0"
"POINT (13.321431872000062 52.525764979000030)","Unfall 197532 (2018) Kat:3, Licht: 2","197532","3","4","6","01","18","2","1","2","0","1","1","0"
"POINT (13.396013647000075 52.550697837000030)","Unfall 197533 (2018) Kat:2, Licht: 2","197533","2","5","1","01","17","2","1","2","1","1","0","0"
"POINT (13.384621100000061 52.514442854000038)","Unfall 197534 (2018) Kat:3, Licht: 0","197534","3","3","5","01","09","4","1","0","0","1","0","0"
"POINT (13.511326052000072 52.505550048000032)","Unfall 197535 (2018) Kat:3, Licht: 1","197535","3","3","5","01","22","2","1","1","0","1","0","0"
"POINT (13.314836583000044 52.514879361000055)","Unfall 197536 (2018) Kat:3, Licht: 2","197536","3","6","2","01","18","4","0","2","0","1","0","0"
"POINT (13.404302789000042 52.515125355000066)","Unfall 197537 (2018) Kat:3, Licht: 0","197537","3","7","3","01","10","2","1","0","1","1","0","0"
"POINT (13.253190953000058 52.426117936000026)","Unfall 197538 (2018) Kat:3, Licht: 0","197538","3","6","2","01","08","4","1","0","0","1","0","0"
"POINT (13.297248430000025 52.511592987000029)","Unfall 197539 (2018) Kat:3, Licht: 2","197539","3","6","0","01","17","2","1","2","1","0","0","1"
"POINT (13.313363757000047 52.523197075000041)","Unfall 197540 (2018) Kat:3, Licht: 2","197540","3","2","5","01","18","4","0","2","1","1","0","0"
"POINT (13.582040280000058 52.442825180000057)","Unfall 197541 (2018) Kat:2, Licht: 1","197541","2","2","6","01","07","4","1","1","0","1","1","0"
"POINT (13.439543075000074 52.568064923000065)","Unfall 197542 (2018) Kat:3, Licht: 2","197542","3","2","6","01","17","2","1","2","0","1","1","0"
"POINT (13.433303816000034 52.476647410000055)","Unfall 197543 (2018) Kat:3, Licht: 1","197543","3","5","1","01","07","4","1","1","1","1","0","0"
"POINT (13.326403370000037 52.604482991000054)","Unfall 197544 (2018) Kat:3, Licht: 1","197544","3","2","6","01","17","2","1","1","0","1","1","0"
"POINT (13.452617770000074 52.534082425000065)","Unfall 197545 (2018) Kat:3, Licht: 2","197545","3","6","2","01","16","2","0","2","0","1","0","0"
"POINT (13.288271994000070 52.513060794000069)","Unfall 197546 (2018) Kat:3, Licht: 1","197546","3","2","6","01","07","4","1","1","0","1","1","0"
"POINT (13.183203846000026 52.539823462000072)","Unfall 197547 (2018) Kat:3, Licht: 2","197547","3","2","5","01","17","2","1","2","1","0","0","0"
"POINT (13.328154148000067 52.534917777000032)","Unfall 197548 (2018) Kat:3, Licht: 1","197548","3","6","0","01","07","4","1","1","0","1","0","1"
"POINT (13.372439365000048 52.556670698000062)","Unfall 197549 (2018) Kat:2, Licht: 2","197549","2","6","2","01","17","2","0","2","0","1","0","0"
"POINT (13.504126403000043 52.534624988000076)","Unfall 197550 (2018) Kat:3, Licht: 2","197550","3","1","0","01","05","4","1","2","0","1","0","1"
"POINT (13.290942048000034 52.537442926000040)","Unfall 197551 (2018) Kat:3, Licht: 2","197551","3","1","0","01","16","2","1","2","1","0","0","0"
"POINT (13.549446730000057 52.545096767000075)","Unfall 197552 (2018) Kat:3, Licht: 0","197552","3","3","5","01","15","2","0","0","1","1","0","0"
"POINT (13.359584047000055 52.504221029000064)","Unfall 197553 (2018) Kat:3, Licht: 0","197553","3","3","5","01","13","4","1","0","1","1","0","0"
"POINT (13.343272131000049 52.531806923000033)","Unfall 197554 (2018) Kat:3, Licht: 0","197554","3","2","5","01","14","2","0","0","0","1","0","0"
"POINT (13.401211031000059 52.595277321000026)","Unfall 197555 (2018) Kat:2, Licht: 2","197555","2","5","0","01","06","3","0","2","0","1","0","0"
"POINT (13.530261499000062 52.537984623000057)","Unfall 197556 (2018) Kat:2, Licht: 0","197556","2","6","3","01","14","2","0","0","0","1","0","0"
"POINT (13.379408910000052 52.529427776000034)","Unfall 197557 (2018) Kat:3, Licht: 0","197557","3","2","5","01","14","2","0","0","1","0","0","0"
"POINT (13.342013124000061 52.490615130000037)","Unfall 197558 (2018) Kat:3, Licht: 2","197558","3","2","5","01","23","3","1","2","1","1","0","0"
"POINT (13.491826266000032 52.511814428000037)","Unfall 197559 (2018) Kat:3, Licht: 0","197559","3","2","3","01","14","2","0","0","0","1","0","0"
"POINT (13.340602045000026 52.488481553000042)","Unfall 197560 (2018) Kat:3, Licht: 0","197560","3","4","6","01","07","3","0","0","0","1","1","0"
"POINT (13.460558861000038 52.432007799000075)","Unfall 197561 (2018) Kat:3, Licht: 0","197561","3","6","2","01","09","3","1","0","0","1","0","0"
"POINT (13.457745683000041 52.528781886000047)","Unfall 197562 (2018) Kat:3, Licht: 0","197562","3","2","5","01","09","2","1","0","0","1","0","0"
"POINT (13.306409676000044 52.518789239000057)","Unfall 197563 (2018) Kat:3, Licht: 0","197563","3","2","5","01","12","3","0","0","1","1","0","0"
"POINT (13.326265856000077 52.537976801000070)","Unfall 197564 (2018) Kat:3, Licht: 0","197564","3","2","5","01","10","3","0","0","0","1","0","0"
"POINT (13.152755518000049 52.549964288000069)","Unfall 197565 (2018) Kat:3, Licht: 0","197565","3","6","2","01","07","2","1","0","0","1","0","0"
"POINT (13.418846605000056 52.510380458000043)","Unfall 197566 (2018) Kat:2, Licht: 0","197566","2","4","6","01","09","2","1","0","0","1","1","0"
"POINT (13.438969391000057 52.480405952000069)","Unfall 197567 (2018) Kat:3, Licht: 0","197567","3","3","5","01","09","3","0","0","0","1","0","0"
"POINT (13.315428307000047 52.577935046000050)","Unfall 197568 (2018) Kat:3, Licht: 0","197568","3","2","5","01","09","2","1","0","0","1","0","0"
"POINT (13.431392626000047 52.497600761000058)","Unfall 197569 (2018) Kat:3, Licht: 0","197569","3","5","1","01","07","3","1","0","1","0","0","0"
"POINT (13.535617682000066 52.430544730000065)","Unfall 197570 (2018) Kat:3, Licht: 1","197570","3","3","5","01","07","3","1","1","0","1","0","0"
"POINT (13.397906876000036 52.438432630000079)","Unfall 197571 (2018) Kat:3, Licht: 0","197571","3","5","1","01","10","3","0","0","0","1","0","0"
"POINT (13.540938922000066 52.435771147000082)","Unfall 197572 (2018) Kat:3, Licht: 0","197572","3","6","3","01","08","2","0","0","0","1","0","0"
"POINT (13.346997819000023 52.540240544000028)","Unfall 197573 (2018) Kat:3, Licht: 2","197573","3","4","6","01","06","3","0","2","0","1","1","0"
"POINT (13.359300172000076 52.574250676000077)","Unfall 197574 (2018) Kat:2, Licht: 2","197574","2","2","6","01","06","3","1","2","0","1","1","0"
"POINT (13.318860403000031 52.498144622000041)","Unfall 197575 (2018) Kat:3, Licht: 0","197575","3","3","5","01","08","2","1","0","1","1","0","0"
"POINT (13.500319552000065 52.567119689000037)","Unfall 197576 (2018) Kat:3, Licht: 0","197576","3","6","2","01","10","3","1","0","0","1","0","0"
"POINT (13.559029338000073 52.446936677000053)","Unfall 197577 (2018) Kat:3, Licht: 2","197577","3","6","3","01","05","3","1","2","0","1","0","0"
"POINT (13.197379512000055 52.531700780000051)","Unfall 197578 (2018) Kat:2, Licht: 0","197578","2","6","3","01","07","2","1","0","0","1","0","1"
"POINT (13.507492491000050 52.564243187000045)","Unfall 197579 (2018) Kat:3, Licht: 2","197579","3","2","5","01","17","3","1","2","1","1","0","0"
"POINT (13.552277890000028 52.428116369000065)","Unfall 197580 (2018) Kat:3, Licht: 0","197580","3","6","2","01","07","2","0","0","0","1","0","0"
"POINT (13.364073425000072 52.527933494000081)","Unfall 197581 (2018) Kat:3, Licht: 1","197581","3","3","5","01","07","2","1","1","1","1","0","0"