WKT,Name,OBJECTID,UKATEGORIE,UTYP1,UART,UMONAT,USTUNDE,UWOCHENTAG,STRZUSTAND,ULICHTVERH,ISTRAD,ISTPKW,ISTFUSS,ISTKRAD
"POINT (13.443583532000048 52.514983313000073)","Unfall 197582 (2018) Kat:3, Licht: 2","197582","3","5","1","01","18","3","1","2","1","0","0","0"
"POINT (13.443494421000025 52.464368180000065)","Unfall 197583 (2018) Kat:3, Licht: 0","197583","3","7","2","01","07","2","0","0","0","1","0","0"
"POINT (13.357068171000037 52.448686625000050)","Unfall 197584 (2018) Kat:2, Licht: 2","197584","2","4","6","01","18","3","0","2","0","1","1","0"
"POINT (13.274814286000037 52.460448463000034)","Unfall 197585 (2018) Kat:3, Licht: 1","197585","3","2","5","01","07","2","1","1","1","1","0","0"
"POINT (13.392860013000075 52.412601228000028)","Unfall 197586 (2018) Kat:3, Licht: 2","197586","3","2","6","01","17","3","0","2","0","1","1","0"
"POINT (13.381451593000065 52.440552228000058)","Unfall 197587 (2018) Kat:3, Licht: 2","197587","3","2","5","01","07","2","0","2","1","1","0","0"
"POINT (13.456981547000055 52.531230706000031)","Unfall 197588 (2018) Kat:3, Licht: 1","197588","3","3","5","01","16","3","1","1","1","1","0","0"
"POINT (13.314446531000044 52.567405000000065)","Unfall 197589 (2018) Kat:3, Licht: 2","197589","3","4","6","01","07","2","1","2","0","1","1","0"
"POINT (13.422380844000031 52.499045631000058)","Unfall 197590 (2018) Kat:3, Licht: 1","197590","3","4","6","01","06","2","0","1","0","1","1","0"
"POINT (13.621388718000048 52.531858470000032)","Unfall 197591 (2018) Kat:3, Licht: 1","197591","3","4","6","01","16","3","1","1","0","1","1","0"
"POINT (13.174585074000049 52.540146501000038)","Unfall 197592 (2018) Kat:2, Licht: 2","197592","2","4","6","01","06","2","1","2","0","1","1","0"
"POINT (13.285158920000072 52.495114019000027)","Unfall 197593 (2018) Kat:3, Licht: 0","197593","3","1","0","01","12","1","1","0","0","0","0","1"
"POINT (13.383733336000034 52.551488407000079)","Unfall 197594 (2018) Kat:3, Licht: 0","197594","3","7","0","01","16","3","1","0","0","1","0","0"
"POINT (13.412491089000071 52.444626858000049)","Unfall 197595 (2018) Kat:3, Licht: 0","197595","3","4","6","01","10","1","0","0","0","1","1","0"
"POINT (13.486757054000066 52.502069709000068)","Unfall 197596 (2018) Kat:2, Licht: 0","197596","2","3","5","01","15","3","1","0","1","1","0","0"
"POINT (13.478171429000042 52.514969981000036)","Unfall 197597 (2018) Kat:3, Licht: 2","197597","3","7","2","01","17","1","0","2","1","1","0","0"
"POINT (13.372799510000050 52.483959236000032)","Unfall 197598 (2018) Kat:3, Licht: 0","197598","3","5","1","01","15","3","1","0","1","1","0","0"
"POINT (13.436105075000057 52.497980753000036)","Unfall 197599 (2018) Kat:3, Licht: 0","197599","3","4","6","01","15","1","0","0","0","0","1","0"
"POINT (13.352431892000027 52.524109917000033)","Unfall 197600 (2018) Kat:3, Licht: 0","197600","3","2","6","01","15","3","1","0","0","1","1","0"
"POINT (13.411939102000076 52.531282229000055)","Unfall 197601 (2018) Kat:3, Licht: 0","197601","3","2","5","01","14","1","1","0","1","1","0","0"
"POINT (13.426008282000055 52.506054776000042)","Unfall 197602 (2018) Kat:3, Licht: 0","197602","3","2","5","01","08","3","0","0","1","1","0","0"
"POINT (13.183320110000068 52.540542201000051)","Unfall 197603 (2018) Kat:2, Licht: 0","197603","2","4","6","01","13","1","1","0","0","1","1","0"
"POINT (13.421207213000059 52.509839799000076)","Unfall 197604 (2018) Kat:3, Licht: 0","197604","3","2","0","01","12","3","0","0","1","0","0","0"
"POINT (13.492978883000035 52.458030558000075)","Unfall 197605 (2018) Kat:3, Licht: 2","197605","3","1","8","01","22","1","1","2","0","1","0","0"
"POINT (13.537197382000045 52.413679492000028)","Unfall 197606 (2018) Kat:3, Licht: 2","197606","3","5","1","01","20","3","1","2","0","1","0","0"
"POINT (13.373064312000054 52.538192458000026)","Unfall 197607 (2018) Kat:3, Licht: 0","197607","3","6","2","01","08","1","1","0","0","1","0","0"
"POINT (13.275546612000028 52.486985896000078)","Unfall 197608 (2018) Kat:1, Licht: 0","197608","1","5","1","01","09","3","1","0","1","0","0","0"
"POINT (13.432968830000050 52.464563266000027)","Unfall 197609 (2018) Kat:3, Licht: 2","197609","3","6","3","01","19","1","1","2","0","1","0","0"
"POINT (13.429165538000063 52.541911060000075)","Unfall 197610 (2018) Kat:3, Licht: 0","197610","3","5","0","01","11","2","0","0","0","1","0","0"
"POINT (13.226906895000070 52.549358850000033)","Unfall 197611 (2018) Kat:3, Licht: 2","197611","3","4","6","01","19","1","1","2","0","0","1","0"
"POINT (13.325952615000062 52.494433433000040)","Unfall 197612 (2018) Kat:3, Licht: 2","197612","3","4","6","01","18","1","1","2","1","0","1","0"
"POINT (13.324795960000074 52.602123592000055)","Unfall 197613 (2018) Kat:3, Licht: 2","197613","3","2","5","01","19","2","1","2","0","1","0","0"
"POINT (13.333771247000072 52.507158200000049)","Unfall 197614 (2018) Kat:3, Licht: 2","197614","3","6","3","01","18","1","0","2","1","1","0","0"
"POINT (13.387554271000056 52.560293817000058)","Unfall 197615 (2018) Kat:3, Licht: 2","197615","3","7","0","01","19","2","1","2","0","0","0","1"
"POINT (13.389988882000068 52.511228008000046)","Unfall 197616 (2018) Kat:3, Licht: 0","197616","3","4","6","01","15","7","0","0","0","0","1","0"
"POINT (13.408710620000022 52.554023113000028)","Unfall 197617 (2018) Kat:2, Licht: 2","197617","2","2","2","01","18","2","1","2","1","1","0","0"
"POINT (13.464528338000036 52.470112289000042)","Unfall 197618 (2018) Kat:3, Licht: 0","197618","3","6","3","01","16","2","0","0","0","1","0","0"
"POINT (13.401909186000069 52.414653638000061)","Unfall 197619 (2018) Kat:3, Licht: 0","197619","3","6","2","01","14","7","0","0","0","1","0","0"
"POINT (13.377651524000044 52.424975021000080)","Unfall 197620 (2018) Kat:3, Licht: 0","197620","3","5","1","01","13","2","0","0","1","1","0","0"
"POINT (13.565480910000076 52.398781477000057)","Unfall 197621 (2018) Kat:3, Licht: 0","197621","3","3","5","01","14","7","0","0","0","1","0","0"
"POINT (13.276658580000060 52.512598938000053)","Unfall 197622 (2018) Kat:3, Licht: 0","197622","3","2","5","01","13","7","0","0","1","1","0","0"
"POINT (13.441898037000044 52.468285680000065)","Unfall 197623 (2018) Kat:3, Licht: 0","197623","3","2","5","01","13","2","0","0","0","1","0","0"
"POINT (13.391839420000053 52.509567451000066)","Unfall 197624 (2018) Kat:3, Licht: 0","197624","3","3","5","01","11","7","0","0","0","1","0","0"
"POINT (13.376527979000059 52.491548039000065)","Unfall 197625 (2018) Kat:3, Licht: 0","197625","3","6","2","02","09","6","0","0","0","1","0","0"
"POINT (13.329107734000047 52.471530230000042)","Unfall 197626 (2018) Kat:3, Licht: 0","197626","3","6","0","01","11","2","1","0","0","1","0","1"
"POINT (13.540128110000069 52.525664725000070)","Unfall 197627 (2018) Kat:3, Licht: 2","197627","3","2","5","01","07","7","1","2","1","1","0","0"
"POINT (13.379263463000029 52.485012373000075)","Unfall 197628 (2018) Kat:3, Licht: 1","197628","3","1","9","02","06","6","0","1","0","0","0","1"
"POINT (13.395627632000071 52.454260880000049)","Unfall 197629 (2018) Kat:3, Licht: 0","197629","3","3","5","01","10","2","1","0","0","1","0","0"
"POINT (13.416719297000043 52.511502398000061)","Unfall 197630 (2018) Kat:3, Licht: 2","197630","3","4","6","01","02","7","0","2","0","1","1","0"
"POINT (13.623538858000074 52.513987445000055)","Unfall 197631 (2018) Kat:3, Licht: 1","197631","3","1","0","02","06","6","2","1","1","0","0","0"
"POINT (13.283332520000044 52.506394719000070)","Unfall 197632 (2018) Kat:3, Licht: 0","197632","3","6","0","02","13","5","0","0","1","0","0","0"
"POINT (13.388854063000053 52.489812114000074)","Unfall 197633 (2018) Kat:3, Licht: 0","197633","3","4","6","01","10","2","0","0","1","0","1","0"
"POINT (13.396656050000047 52.492128385000058)","Unfall 197634 (2018) Kat:3, Licht: 0","197634","3","7","5","02","09","5","0","0","1","1","0","0"
"POINT (13.440647521000074 52.517143198000042)","Unfall 197635 (2018) Kat:3, Licht: 0","197635","3","2","2","01","15","7","0","0","0","1","0","0"
"POINT (13.299667315000022 52.440262444000041)","Unfall 197636 (2018) Kat:2, Licht: 0","197636","2","7","6","02","10","5","0","0","1","0","1","0"
"POINT (13.385559189000048 52.468587818000060)","Unfall 197637 (2018) Kat:3, Licht: 0","197637","3","2","5","01","10","2","0","0","0","1","0","0"
"POINT (13.442365867000035 52.514367259000039)","Unfall 197638 (2018) Kat:3, Licht: 0","197638","3","7","2","01","09","2","0","0","1","0","0","0"
"POINT (13.345185212000047 52.554226154000048)","Unfall 197639 (2018) Kat:3, Licht: 0","197639","3","3","5","01","09","7","0","0","0","1","0","0"
"POINT (13.452040519000036 52.563842604000058)","Unfall 197640 (2018) Kat:2, Licht: 0","197640","2","3","5","02","10","5","0","0","1","0","0","0"
"POINT (13.359661844000073 52.509860387000060)","Unfall 197641 (2018) Kat:3, Licht: 0","197641","3","6","2","01","08","2","1","0","0","1","0","0"
"POINT (13.459387286000037 52.560065453000050)","Unfall 197642 (2018) Kat:3, Licht: 0","197642","3","1","8","01","16","7","0","0","0","1","0","0"
"POINT (13.441233613000065 52.477019597000037)","Unfall 197643 (2018) Kat:3, Licht: 2","197643","3","7","5","01","23","7","0","2","1","1","0","0"
"POINT (13.309906097000066 52.500375372000065)","Unfall 197644 (2018) Kat:3, Licht: 2","197644","3","6","2","02","19","5","0","2","0","1","0","0"
"POINT (13.444776138000066 52.580307358000027)","Unfall 197645 (2018) Kat:2, Licht: 0","197645","2","1","9","01","08","2","1","0","0","1","0","0"
"POINT (13.361457100000052 52.545783528000072)","Unfall 197646 (2018) Kat:3, Licht: 2","197646","3","7","6","02","19","5","0","2","0","1","1","0"
"POINT (13.338964153000063 52.464317235000067)","Unfall 197647 (2018) Kat:3, Licht: 1","197647","3","1","0","01","07","2","1","1","0","0","0","1"
"POINT (13.331082943000069 52.503688919000069)","Unfall 197648 (2018) Kat:3, Licht: 2","197648","3","6","2","02","19","5","0","2","1","1","0","0"
"POINT (13.436660779000022 52.529642514000045)","Unfall 197649 (2018) Kat:2, Licht: 0","197649","2","3","0","01","07","2","0","0","1","0","0","0"
"POINT (13.379354372000023 52.524245452000059)","Unfall 197650 (2018) Kat:3, Licht: 0","197650","3","4","6","02","12","5","0","0","0","0","1","0"
"POINT (13.552253342000029 52.439363272000037)","Unfall 197651 (2018) Kat:3, Licht: 2","197651","3","3","5","01","22","7","0","2","0","1","0","0"
"POINT (13.436385932000064 52.509790600000031)","Unfall 197652 (2018) Kat:3, Licht: 2","197652","3","7","5","02","19","5","0","2","1","1","0","0"
"POINT (13.262868458000071 52.439286265000078)","Unfall 197653 (2018) Kat:3, Licht: 0","197653","3","3","5","01","07","2","0","0","0","1","0","0"
"POINT (13.386028654000029 52.558755834000067)","Unfall 197654 (2018) Kat:3, Licht: 2","197654","3","4","6","01","20","7","1","2","0","0","1","0"
"POINT (13.415328189000036 52.526893863000055)","Unfall 197655 (2018) Kat:3, Licht: 2","197655","3","2","5","02","18","5","0","2","1","1","0","0"
"POINT (13.143348493000076 52.454667796000081)","Unfall 197656 (2018) Kat:3, Licht: 0","197656","3","2","5","01","07","2","0","0","1","1","0","0"
"POINT (13.386259750000022 52.591228799000078)","Unfall 197657 (2018) Kat:2, Licht: 0","197657","2","4","6","01","07","2","0","0","0","1","1","0"
"POINT (13.518158015000040 52.421994022000035)","Unfall 197658 (2018) Kat:2, Licht: 2","197658","2","4","6","01","19","7","1","2","0","1","1","0"
"POINT (13.371222128000056 52.558733132000043)","Unfall 197659 (2018) Kat:3, Licht: 1","197659","3","2","5","01","17","7","0","1","0","1","0","0"
"POINT (13.407705845000066 52.504096534000041)","Unfall 197660 (2018) Kat:2, Licht: 2","197660","2","4","6","02","17","5","0","2","0","1","1","0"
"POINT (13.414694828000052 52.504615961000070)","Unfall 197661 (2018) Kat:3, Licht: 2","197661","3","7","6","01","18","1","0","2","0","1","1","0"
"POINT (13.533254554000052 52.491224648000070)","Unfall 197662 (2018) Kat:3, Licht: 0","197662","3","6","4","01","11","6","0","0","1","0","0","0"
"POINT (13.411326899000073 52.504378131000067)","Unfall 197663 (2018) Kat:3, Licht: 2","197663","3","6","2","02","17","5","0","2","0","1","0","0"
"POINT (13.419665741000074 52.499001732000067)","Unfall 197664 (2018) Kat:2, Licht: 2","197664","2","4","6","01","03","1","1","2","0","1","1","0"
"POINT (13.372403162000069 52.538623983000036)","Unfall 197665 (2018) Kat:3, Licht: 0","197665","3","4","6","02","11","5","0","0","0","1","1","0"
"POINT (13.486711067000044 52.556484472000079)","Unfall 197666 (2018) Kat:2, Licht: 2","197666","2","7","5","01","04","1","1","2","0","1","0","0"
"POINT (13.362123892000056 52.499918729000058)","Unfall 197667 (2018) Kat:3, Licht: 2","197667","3","2","6","02","20","7","0","2","0","1","1","0"
"POINT (13.455702055000074 52.430313456000079)","Unfall 197668 (2018) Kat:3, Licht: 2","197668","3","6","2","02","17","4","0","2","0","1","0","0"
"POINT (13.388669957000047 52.561438253000063)","Unfall 197669 (2018) Kat:3, Licht: 2","197669","3","1","4","02","19","7","0","2","0","1","0","1"
"POINT (13.397721376000050 52.395983384000033)","Unfall 197670 (2018) Kat:2, Licht: 2","197670","2","2","6","02","18","3","0","2","0","1","1","0"
"POINT (13.386617787000034 52.442154905000052)","Unfall 197671 (2018) Kat:3, Licht: 2","197671","3","2","2","02","20","7","0","2","0","1","0","0"
"POINT (13.369912926000040 52.467116588000067)","Unfall 197672 (2018) Kat:3, Licht: 2","197672","3","6","2","02","18","7","0","2","0","1","0","0"
"POINT (13.505852172000061 52.534727623000038)","Unfall 197673 (2018) Kat:3, Licht: 1","197673","3","4","6","02","16","7","0","1","0","1","1","0"
"POINT (13.407698291000031 52.573921329000029)","Unfall 197674 (2018) Kat:3, Licht: 0","197674","3","2","5","02","07","4","1","0","1","1","0","0"
"POINT (13.412629080000045 52.506059957000048)","Unfall 197675 (2018) Kat:3, Licht: 0","197675","3","2","2","02","15","7","0","0","0","1","0","1"
"POINT (13.499387723000041 52.518152655000051)","Unfall 197676 (2018) Kat:3, Licht: 0","197676","3","3","5","02","09","3","1","0","0","1","0","0"
"POINT (13.355988377000074 52.597749757000031)","Unfall 197677 (2018) Kat:3, Licht: 0","197677","3","7","6","02","14","7","1","0","0","1","1","0"
"POINT (13.207794621000062 52.538691769000081)","Unfall 197678 (2018) Kat:3, Licht: 0","197678","3","6","2","02","12","7","0","0","0","1","0","0"
"POINT (13.307423052000047 52.443289741000058)","Unfall 197679 (2018) Kat:3, Licht: 2","197679","3","6","4","02","01","7","2","2","1","0","0","0"
"POINT (13.315781607000076 52.496521011000027)","Unfall 197680 (2018) Kat:3, Licht: 0","197680","3","2","5","02","12","3","1","0","1","1","0","0"
"POINT (13.434515891000046 52.462445000000059)","Unfall 197681 (2018) Kat:1, Licht: 2","197681","1","4","6","02","19","7","0","2","0","1","1","0"
"POINT (13.345502317000069 52.526312967000081)","Unfall 197682 (2018) Kat:3, Licht: 0","197682","3","7","5","02","11","6","0","0","1","1","0","0"
"POINT (13.404367868000065 52.522219036000081)","Unfall 197683 (2018) Kat:3, Licht: 0","197683","3","7","6","02","10","2","0","0","1","0","1","0"
"POINT (13.328443904000039 52.562431085000071)","Unfall 197684 (2018) Kat:3, Licht: 2","197684","3","6","3","02","19","6","0","2","0","1","0","0"
"POINT (13.405242703000056 52.496626828000046)","Unfall 197685 (2018) Kat:3, Licht: 1","197685","3","3","5","02","06","2","1","1","1","0","0","0"
"POINT (13.572288145000073 52.546413788000052)","Unfall 197686 (2018) Kat:3, Licht: 2","197686","3","2","2","02","17","6","0","2","0","1","0","0"
"POINT (13.536370500000032 52.432864449000078)","Unfall 197687 (2018) Kat:3, Licht: 0","197687","3","2","5","02","14","6","0","0","0","1","0","0"
"POINT (13.295685367000033 52.493939520000026)","Unfall 197688 (2018) Kat:3, Licht: 0","197688","3","6","2","02","10","4","0","0","0","1","0","0"
"POINT (13.279228727000032 52.503117585000041)","Unfall 197689 (2018) Kat:3, Licht: 0","197689","3","6","2","02","14","6","0","0","0","1","0","0"
"POINT (13.443463719000022 52.503739365000058)","Unfall 197690 (2018) Kat:3, Licht: 1","197690","3","1","0","02","06","3","2","1","0","0","0","1"
"POINT (13.480511715000034 52.425534222000067)","Unfall 197691 (2018) Kat:3, Licht: 0","197691","3","6","2","02","13","6","0","0","0","1","0","0"
"POINT (13.376760161000050 52.491560984000046)","Unfall 197692 (2018) Kat:3, Licht: 0","197692","3","2","5","02","13","6","0","0","0","1","0","0"
"POINT (13.392353453000055 52.524374408000028)","Unfall 197693 (2018) Kat:3, Licht: 0","197693","3","4","6","02","13","6","0","0","0","1","1","0"
"POINT (13.269305397000039 52.533045518000051)","Unfall 197694 (2018) Kat:3, Licht: 2","197694","3","1","1","02","21","4","2","2","0","1","0","0"
"POINT (13.300727282000025 52.488076007000075)","Unfall 197695 (2018) Kat:3, Licht: 0","197695","3","2","2","02","12","6","0","0","0","1","0","0"
"POINT (13.476712329000065 52.551111853000066)","Unfall 197696 (2018) Kat:3, Licht: 0","197696","3","5","1","02","11","6","0","0","0","1","0","0"
"POINT (13.444602539000073 52.445805716000052)","Unfall 197697 (2018) Kat:3, Licht: 2","197697","3","5","0","02","01","3","1","2","0","1","0","0"
"POINT (13.413685866000037 52.525128918000064)","Unfall 197698 (2018) Kat:3, Licht: 0","197698","3","3","5","02","15","6","0","0","1","1","0","0"
"POINT (13.515913600000033 52.546345502000065)","Unfall 197699 (2018) Kat:3, Licht: 1","197699","3","2","5","02","07","6","0","1","1","1","0","0"
"POINT (13.437983895000059 52.478962142000057)","Unfall 197700 (2018) Kat:3, Licht: 0","197700","3","2","6","02","13","4","0","0","0","1","1","0"
"POINT (13.424010264000060 52.477220323000040)","Unfall 197701 (2018) Kat:3, Licht: 1","197701","3","3","5","02","07","6","0","1","0","1","0","0"
"POINT (13.292675960000054 52.496620940000071)","Unfall 197702 (2018) Kat:3, Licht: 0","197702","3","5","1","02","14","2","0","0","1","1","0","0"
"POINT (13.403684195000039 52.532495459000074)","Unfall 197703 (2018) Kat:2, Licht: 2","197703","2","1","0","02","22","6","0","2","1","0","0","0"
"POINT (13.432044187000031 52.509788164000042)","Unfall 197704 (2018) Kat:2, Licht: 2","197704","2","1","0","02","21","6","2","2","1","0","0","0"
"POINT (13.257364409000047 52.516331048000040)","Unfall 197705 (2018) Kat:3, Licht: 2","197705","3","4","6","02","19","4","0","2","0","1","1","0"
"POINT (13.424371083000040 52.552237608000041)","Unfall 197706 (2018) Kat:2, Licht: 2","197706","2","4","6","02","19","6","0","2","0","1","1","0"
"POINT (13.349500250000062 52.542092183000079)","Unfall 197707 (2018) Kat:3, Licht: 0","197707","3","2","5","02","14","3","0","0","0","1","0","0"
"POINT (13.183684323000023 52.534151214000076)","Unfall 197708 (2018) Kat:3, Licht: 2","197708","3","1","1","02","04","6","0","2","0","1","0","0"
"POINT (13.537425689000031 52.418381246000081)","Unfall 197709 (2018) Kat:3, Licht: 2","197709","3","6","2","02","05","6","0","2","0","1","0","0"
"POINT (13.378351864000024 52.574917791000075)","Unfall 197710 (2018) Kat:3, Licht: 1","197710","3","6","2","02","16","2","1","1","0","1","0","0"
"POINT (13.584790354000063 52.441553540000029)","Unfall 197711 (2018) Kat:3, Licht: 2","197711","3","6","2","02","06","6","0","2","1","1","0","0"
"POINT (13.390999678000071 52.503652205000037)","Unfall 197712 (2018) Kat:3, Licht: 0","197712","3","7","6","02","12","5","0","0","0","1","1","0"
"POINT (13.505935703000034 52.575458712000056)","Unfall 197713 (2018) Kat:3, Licht: 1","197713","3","3","5","02","17","2","0","1","0","1","0","1"
"POINT (13.438091818000032 52.453861106000033)","Unfall 197714 (2018) Kat:3, Licht: 2","197714","3","5","1","02","17","4","0","2","0","1","0","0"
"POINT (13.424481858000036 52.607445765000080)","Unfall 197715 (2018) Kat:3, Licht: 0","197715","3","3","5","02","09","5","0","0","1","1","0","0"
"POINT (13.505732081000076 52.563591880000047)","Unfall 197716 (2018) Kat:3, Licht: 2","197716","3","4","6","02","19","3","0","2","0","1","1","0"
"POINT (13.404350980000061 52.533180045000051)","Unfall 197717 (2018) Kat:3, Licht: 0","197717","3","3","5","02","08","5","0","0","1","1","0","0"
"POINT (13.537379516000044 52.397174641000049)","Unfall 197718 (2018) Kat:3, Licht: 0","197718","3","4","6","02","08","2","0","0","0","0","1","0"
"POINT (13.437309430000028 52.554723698000032)","Unfall 197719 (2018) Kat:3, Licht: 1","197719","3","2","5","02","07","2","1","1","1","1","0","0"
"POINT (13.343714543000033 52.546312483000065)","Unfall 197720 (2018) Kat:3, Licht: 0","197720","3","2","5","02","08","5","0","0","0","1","0","0"
"POINT (13.301728822000030 52.509744317000070)","Unfall 197721 (2018) Kat:2, Licht: 0","197721","2","3","5","02","09","5","0","0","0","1","0","0"
"POINT (13.454924539000046 52.593302148000078)","Unfall 197722 (2018) Kat:3, Licht: 0","197722","3","7","2","02","08","4","1","0","0","1","0","0"
"POINT (13.177234692000070 52.525229400000057)","Unfall 197723 (2018) Kat:3, Licht: 0","197723","3","3","5","02","12","2","0","0","1","1","0","0"
"POINT (13.417729432000044 52.513916116000075)","Unfall 197724 (2018) Kat:3, Licht: 0","197724","3","1","0","02","09","5","2","0","1","0","0","0"
"POINT (13.346231131000025 52.496885240000040)","Unfall 197725 (2018) Kat:3, Licht: 0","197725","3","6","3","02","14","5","0","0","0","1","0","0"
"POINT (13.588327638000067 52.512447074000079)","Unfall 197726 (2018) Kat:2, Licht: 0","197726","2","4","6","02","15","4","0","0","0","1","1","0"
"POINT (13.322174105000045 52.484740711000029)","Unfall 197727 (2018) Kat:3, Licht: 0","197727","3","6","0","02","14","5","0","0","0","1","0","0"
"POINT (13.342575534000048 52.504710636000027)","Unfall 197728 (2018) Kat:3, Licht: 0","197728","3","5","1","02","10","3","1","0","0","1","0","0"
"POINT (13.527599118000069 52.513624525000068)","Unfall 197729 (2018) Kat:3, Licht: 0","197729","3","5","1","02","15","5","0","0","0","1","0","0"
"POINT (13.490576067000063 52.543216367000070)","Unfall 197730 (2018) Kat:3, Licht: 0","197730","3","3","5","02","15","5","0","0","1","1","0","0"
"POINT (13.398540392000029 52.419570671000031)","Unfall 197731 (2018) Kat:3, Licht: 0","197731","3","2","5","02","08","2","1","0","1","1","0","0"
"POINT (13.423892584000043 52.513221297000030)","Unfall 197732 (2018) Kat:3, Licht: 2","197732","3","6","2","02","18","5","0","2","0","1","0","0"
"POINT (13.593191515000058 52.452331821000030)","Unfall 197733 (2018) Kat:3, Licht: 2","197733","3","3","0","02","18","5","0","2","0","1","0","0"
"POINT (13.388363075000029 52.509239151000031)","Unfall 197734 (2018) Kat:3, Licht: 2","197734","3","3","0","02","18","5","0","2","0","0","0","1"
"POINT (13.386628488000042 52.511980705000042)","Unfall 197735 (2018) Kat:3, Licht: 0","197735","3","3","5","02","10","4","1","0","0","1","0","0"
"POINT (13.304925143000048 52.601355659000035)","Unfall 197736 (2018) Kat:2, Licht: 2","197736","2","5","1","02","19","5","0","2","0","0","0","1"
"POINT (13.327927430000045 52.468957294000063)","Unfall 197737 (2018) Kat:3, Licht: 1","197737","3","5","1","02","06","3","1","1","1","1","0","0"
"POINT (13.417008897000073 52.418216200000074)","Unfall 197738 (2018) Kat:3, Licht: 2","197738","3","2","6","02","20","5","0","2","0","1","1","0"
"POINT (13.307977539000035 52.470785188000036)","Unfall 197739 (2018) Kat:3, Licht: 2","197739","3","5","1","02","20","5","0","2","0","1","0","0"
"POINT (13.523325928000077 52.528779703000055)","Unfall 197740 (2018) Kat:3, Licht: 0","197740","3","6","2","02","07","3","2","0","0","1","0","0"
"POINT (13.488369985000077 52.451317521000078)","Unfall 197741 (2018) Kat:3, Licht: 2","197741","3","2","5","02","23","5","0","2","1","1","0","0"
"POINT (13.338088637000055 52.501968464000072)","Unfall 197742 (2018) Kat:3, Licht: 2","197742","3","7","6","02","21","4","0","2","0","1","1","0"
"POINT (13.310472521000065 52.515987330000030)","Unfall 197743 (2018) Kat:3, Licht: 2","197743","3","6","2","02","19","4","0","2","1","1","0","0"
"POINT (13.408499111000026 52.537399875000062)","Unfall 197744 (2018) Kat:2, Licht: 2","197744","2","4","4","02","23","5","1","2","1","1","1","0"
"POINT (13.197208251000063 52.512601779000079)","Unfall 197745 (2018) Kat:2, Licht: 2","197745","2","7","6","02","18","6","1","2","0","1","1","0"
"POINT (13.407875544000035 52.500034318000075)","Unfall 197746 (2018) Kat:3, Licht: 2","197746","3","3","5","02","18","4","0","2","1","1","0","0"
"POINT (13.571506546000023 52.438648423000075)","Unfall 197747 (2018) Kat:2, Licht: 0","197747","2","1","0","02","10","4","0","0","0","0","0","1"
"POINT (13.284329937000052 52.588824690000081)","Unfall 197748 (2018) Kat:3, Licht: 0","197748","3","5","1","02","08","4","0","0","0","1","0","0"
"POINT (13.427600514000062 52.490173508000055)","Unfall 197749 (2018) Kat:3, Licht: 0","197749","3","3","5","02","16","2","0","0","0","1","0","0"
"POINT (13.379920072000061 52.560456809000073)","Unfall 197750 (2018) Kat:3, Licht: 2","197750","3","6","2","02","17","2","1","2","0","1","0","0"
"POINT (13.578640829000051 52.457775783000045)","Unfall 197751 (2018) Kat:3, Licht: 0","197751","3","4","6","02","15","2","0","0","0","1","1","0"
"POINT (13.513527170000032 52.464778967000029)","Unfall 197752 (2018) Kat:2, Licht: 1","197752","2","2","5","02","17","4","0","1","1","1","0","0"
"POINT (13.200739963000046 52.538413278000064)","Unfall 197753 (2018) Kat:3, Licht: 0","197753","3","6","2","02","16","4","0","0","0","0","0","0"
"POINT (13.408441828000036 52.463947294000036)","Unfall 197754 (2018) Kat:3, Licht: 2","197754","3","5","0","02","18","4","1","2","0","1","0","1"
"POINT (13.401456233000033 52.491791286000080)","Unfall 197755 (2018) Kat:2, Licht: 0","197755","2","4","6","02","16","4","0","0","0","1","1","0"
"POINT (13.334914192000042 52.524810042000070)","Unfall 197756 (2018) Kat:3, Licht: 0","197756","3","3","5","02","16","4","0","0","0","1","0","0"
"POINT (13.408848415000023 52.528816737000056)","Unfall 197757 (2018) Kat:3, Licht: 0","197757","3","6","3","02","16","4","0","0","1","1","0","0"
"POINT (13.153386840000053 52.552926556000045)","Unfall 197758 (2018) Kat:3, Licht: 0","197758","3","7","5","02","15","4","0","0","0","1","0","0"
"POINT (13.424861526000029 52.502084303000061)","Unfall 197759 (2018) Kat:3, Licht: 0","197759","3","7","5","02","14","4","0","0","0","1","0","0"
"POINT (13.452227329000038 52.471107045000053)","Unfall 197760 (2018) Kat:3, Licht: 2","197760","3","4","6","02","05","3","0","2","0","0","1","0"
"POINT (13.314660391000075 52.511232081000060)","Unfall 197761 (2018) Kat:2, Licht: 0","197761","2","6","2","02","13","4","0","0","0","1","0","0"
"POINT (13.582720230000064 52.442570996000029)","Unfall 197762 (2018) Kat:3, Licht: 0","197762","3","6","2","02","16","2","0","0","0","1","0","0"
"POINT (13.384167314000024 52.555730809000067)","Unfall 197763 (2018) Kat:3, Licht: 2","197763","3","6","2","02","17","2","1","2","0","1","0","0"
"POINT (13.392267597000057 52.414512902000070)","Unfall 197764 (2018) Kat:3, Licht: 0","197764","3","6","2","02","12","4","0","0","0","1","0","0"
"POINT (13.299562312000035 52.422643746000062)","Unfall 197765 (2018) Kat:2, Licht: 0","197765","2","5","1","02","11","4","0","0","0","1","0","0"
"POINT (13.487704463000057 52.618110872000045)","Unfall 197766 (2018) Kat:3, Licht: 2","197766","3","2","5","02","05","2","1","2","0","1","0","0"