WKT,Name,OBJECTID,UKATEGORIE,UTYP1,UART,UMONAT,USTUNDE,UWOCHENTAG,STRZUSTAND,ULICHTVERH,ISTRAD,ISTPKW,ISTFUSS,ISTKRAD
"POINT (13.455827763000059 52.430364102000055)","Unfall 197767 (2018) Kat:2, Licht: 0","197767","2","2","5","02","16","4","0","0","0","1","0","0"
"POINT (13.351234416000068 52.525110023000082)","Unfall 197768 (2018) Kat:3, Licht: 0","197768","3","7","0","02","09","4","1","0","0","1","0","1"
"POINT (13.375868183000023 52.480169279000052)","Unfall 197769 (2018) Kat:3, Licht: 0","197769","3","3","5","02","12","3","0","0","0","1","0","0"
"POINT (13.198163998000041 52.555410841000082)","Unfall 197770 (2018) Kat:3, Licht: 2","197770","3","2","5","02","18","2","0","2","1","1","0","0"
"POINT (13.444422750000058 52.503522038000028)","Unfall 197771 (2018) Kat:3, Licht: 0","197771","3","6","2","02","09","4","0","0","0","1","0","0"
"POINT (13.314742164000052 52.567334005000077)","Unfall 197772 (2018) Kat:3, Licht: 0","197772","3","3","5","02","08","4","0","0","1","1","0","0"
"POINT (13.237613319000047 52.620206481000082)","Unfall 197773 (2018) Kat:3, Licht: 0","197773","3","2","5","02","15","3","0","0","1","1","0","0"
"POINT (13.495812866000051 52.417741343000046)","Unfall 197774 (2018) Kat:3, Licht: 0","197774","3","3","5","02","13","3","0","0","1","1","0","0"
"POINT (13.199754321000057 52.534744582000030)","Unfall 197775 (2018) Kat:2, Licht: 2","197775","2","4","6","02","18","2","1","2","0","1","1","0"
"POINT (13.186767261000057 52.520270230000051)","Unfall 197776 (2018) Kat:3, Licht: 0","197776","3","6","0","02","12","3","0","0","0","1","0","0"
"POINT (13.377055487000064 52.556445028000041)","Unfall 197777 (2018) Kat:2, Licht: 0","197777","2","2","0","02","13","3","0","0","0","1","0","0"
"POINT (13.345294863000049 52.554408711000065)","Unfall 197778 (2018) Kat:2, Licht: 2","197778","2","3","5","02","06","4","0","2","1","1","0","0"
"POINT (13.431687078000039 52.554511884000078)","Unfall 197779 (2018) Kat:3, Licht: 2","197779","3","2","5","02","20","3","0","2","1","0","0","0"
"POINT (13.525167999000075 52.480044842000041)","Unfall 197780 (2018) Kat:3, Licht: 0","197780","3","6","2","02","09","3","0","0","0","1","0","0"
"POINT (13.417286488000059 52.605382188000078)","Unfall 197781 (2018) Kat:3, Licht: 2","197781","3","3","5","02","18","2","0","2","1","1","0","0"
"POINT (13.424166820000039 52.480612062000034)","Unfall 197782 (2018) Kat:3, Licht: 0","197782","3","6","2","02","12","3","0","0","0","1","0","0"
"POINT (13.345218281000029 52.554394722000040)","Unfall 197783 (2018) Kat:3, Licht: 2","197783","3","2","5","02","18","3","0","2","0","1","0","1"
"POINT (13.324749915000041 52.499429058000032)","Unfall 197784 (2018) Kat:3, Licht: 2","197784","3","7","5","02","18","2","1","2","0","1","0","0"
"POINT (13.390656730000046 52.420039940000038)","Unfall 197785 (2018) Kat:2, Licht: 2","197785","2","2","6","02","19","3","0","2","0","1","1","0"
"POINT (13.198012886000072 52.539224267000066)","Unfall 197786 (2018) Kat:3, Licht: 2","197786","3","2","5","02","17","6","0","2","1","1","0","0"
"POINT (13.413187912000069 52.525196423000068)","Unfall 197787 (2018) Kat:3, Licht: 2","197787","3","3","5","02","23","3","0","2","1","1","0","0"
"POINT (13.436198021000052 52.499939803000075)","Unfall 197788 (2018) Kat:3, Licht: 0","197788","3","5","1","02","16","3","0","0","1","1","0","0"
"POINT (13.379295921000050 52.507033449000062)","Unfall 197789 (2018) Kat:3, Licht: 0","197789","3","3","5","02","15","3","0","0","1","0","0","0"
"POINT (13.427378446000034 52.552499320000038)","Unfall 197790 (2018) Kat:3, Licht: 0","197790","3","3","5","02","14","3","0","0","1","1","0","0"
"POINT (13.384534637000058 52.483503433000067)","Unfall 197791 (2018) Kat:3, Licht: 0","197791","3","4","6","02","09","4","0","0","0","1","1","0"
"POINT (13.513481287000047 52.464599971000041)","Unfall 197792 (2018) Kat:3, Licht: 0","197792","3","4","6","02","13","3","0","0","0","1","1","0"
"POINT (13.532034859000078 52.484018143000071)","Unfall 197793 (2018) Kat:3, Licht: 0","197793","3","3","5","02","07","3","2","0","0","1","0","0"
"POINT (13.387161647000028 52.504304268000055)","Unfall 197794 (2018) Kat:3, Licht: 2","197794","3","5","1","02","19","2","0","2","1","1","0","0"
"POINT (13.602151566000032 52.536107031000029)","Unfall 197795 (2018) Kat:3, Licht: 1","197795","3","3","5","02","06","3","0","1","1","1","0","0"
"POINT (13.554981110000028 52.525006908000080)","Unfall 197796 (2018) Kat:2, Licht: 0","197796","2","5","1","02","13","3","0","0","1","1","0","0"
"POINT (13.339316325000027 52.595928622000031)","Unfall 197797 (2018) Kat:3, Licht: 0","197797","3","6","2","02","12","3","0","0","0","1","0","0"
"POINT (13.383884336000051 52.555756125000073)","Unfall 197798 (2018) Kat:2, Licht: 0","197798","2","4","6","02","08","4","0","0","1","0","1","0"
"POINT (13.462108460000024 52.558921556000030)","Unfall 197799 (2018) Kat:3, Licht: 2","197799","3","2","6","02","06","6","0","2","0","1","1","0"
"POINT (13.313302159000045 52.435480355000038)","Unfall 197800 (2018) Kat:3, Licht: 0","197800","3","6","2","02","10","3","0","0","0","1","0","0"
"POINT (13.335275867000064 52.555467349000082)","Unfall 197801 (2018) Kat:3, Licht: 0","197801","3","7","6","02","07","3","0","0","1","0","1","0"
"POINT (13.387185664000071 52.457990682000059)","Unfall 197802 (2018) Kat:2, Licht: 0","197802","2","3","5","02","10","3","0","0","0","1","0","0"
"POINT (13.324042973000076 52.486658549000026)","Unfall 197803 (2018) Kat:3, Licht: 1","197803","3","4","6","02","16","2","1","1","0","1","1","0"
"POINT (13.314956665000068 52.500986300000079)","Unfall 197804 (2018) Kat:3, Licht: 0","197804","3","6","2","02","12","4","0","0","0","1","0","0"
"POINT (13.427404067000055 52.552414294000073)","Unfall 197805 (2018) Kat:3, Licht: 0","197805","3","3","5","02","09","3","0","0","1","1","0","0"
"POINT (13.460189202000038 52.429009169000039)","Unfall 197806 (2018) Kat:3, Licht: 0","197806","3","2","2","02","15","2","0","0","1","1","0","0"
"POINT (13.328292203000046 52.465103633000069)","Unfall 197807 (2018) Kat:3, Licht: 2","197807","3","4","6","02","19","2","0","2","0","1","1","0"
"POINT (13.388006364000034 52.521831421000059)","Unfall 197808 (2018) Kat:3, Licht: 2","197808","3","6","2","02","18","2","1","2","0","1","0","0"
"POINT (13.432199597000022 52.552502557000082)","Unfall 197809 (2018) Kat:3, Licht: 0","197809","3","3","0","02","16","2","0","0","0","1","0","0"
"POINT (13.353934173000027 52.562089272000037)","Unfall 197810 (2018) Kat:3, Licht: 2","197810","3","2","5","02","19","4","0","2","0","1","0","0"
"POINT (13.165473445000032 52.551084686000081)","Unfall 197811 (2018) Kat:3, Licht: 2","197811","3","2","6","02","21","2","0","2","0","1","1","0"
"POINT (13.392097265000075 52.439930591000063)","Unfall 197812 (2018) Kat:3, Licht: 2","197812","3","2","6","02","18","2","0","2","0","1","1","0"
"POINT (13.192692507000061 52.531179151000060)","Unfall 197813 (2018) Kat:3, Licht: 0","197813","3","4","6","02","14","3","0","0","0","1","1","0"
"POINT (13.498601164000036 52.538224627000034)","Unfall 197814 (2018) Kat:3, Licht: 2","197814","3","3","5","02","18","2","0","2","0","1","0","0"
"POINT (13.157826252000064 52.543044860000066)","Unfall 197815 (2018) Kat:3, Licht: 2","197815","3","2","5","02","20","2","1","2","0","1","0","0"
"POINT (13.315248595000071 52.490822720000040)","Unfall 197816 (2018) Kat:3, Licht: 2","197816","3","2","5","02","17","2","0","2","0","1","0","0"
"POINT (13.173530666000033 52.519727425000042)","Unfall 197817 (2018) Kat:2, Licht: 1","197817","2","4","6","02","17","2","0","1","0","1","1","0"
"POINT (13.346554176000041 52.449875197000040)","Unfall 197818 (2018) Kat:3, Licht: 2","197818","3","4","6","02","20","2","0","2","0","1","1","0"
"POINT (13.435166107000043 52.629044340000064)","Unfall 197819 (2018) Kat:3, Licht: 0","197819","3","3","5","02","16","2","0","0","1","1","0","0"
"POINT (13.297997374000033 52.510120052000048)","Unfall 197820 (2018) Kat:3, Licht: 0","197820","3","7","5","02","16","2","0","0","1","1","0","0"
"POINT (13.420240434000050 52.514946039000051)","Unfall 197821 (2018) Kat:3, Licht: 1","197821","3","3","5","02","17","4","1","1","0","1","0","0"
"POINT (13.420033428000067 52.606325533000074)","Unfall 197822 (2018) Kat:3, Licht: 0","197822","3","4","6","02","15","2","0","0","0","1","1","0"
"POINT (13.332785888000046 52.478726654000070)","Unfall 197823 (2018) Kat:2, Licht: 0","197823","2","2","5","02","16","3","2","0","1","1","0","0"
"POINT (13.381488720000050 52.561652630000026)","Unfall 197824 (2018) Kat:2, Licht: 2","197824","2","1","0","02","19","2","2","2","0","0","0","1"
"POINT (13.384633472000075 52.422145632000081)","Unfall 197825 (2018) Kat:3, Licht: 0","197825","3","2","5","02","15","2","0","0","1","1","0","0"
"POINT (13.513238162000050 52.458475221000072)","Unfall 197826 (2018) Kat:3, Licht: 2","197826","3","7","1","02","22","1","1","2","0","1","0","0"
"POINT (13.296343562000061 52.492570635000050)","Unfall 197827 (2018) Kat:3, Licht: 0","197827","3","3","5","02","12","2","0","0","0","1","0","0"
"POINT (13.344081288000041 52.438471404000040)","Unfall 197828 (2018) Kat:3, Licht: 0","197828","3","4","6","02","14","2","0","0","1","0","1","0"
"POINT (13.364063094000073 52.448282926000047)","Unfall 197829 (2018) Kat:3, Licht: 0","197829","3","3","0","02","11","2","0","0","1","0","0","0"
"POINT (13.330934906000039 52.493160580000051)","Unfall 197830 (2018) Kat:3, Licht: 0","197830","3","2","5","02","07","4","1","0","0","1","0","0"
"POINT (13.326504657000044 52.592134487000067)","Unfall 197831 (2018) Kat:2, Licht: 0","197831","2","2","5","02","15","2","0","0","1","0","0","0"
"POINT (13.289484763000075 52.484950964000063)","Unfall 197832 (2018) Kat:3, Licht: 0","197832","3","4","6","02","08","3","1","0","0","1","1","0"
"POINT (13.562108377000072 52.436896419000050)","Unfall 197833 (2018) Kat:3, Licht: 2","197833","3","1","9","02","21","1","1","2","0","1","0","0"
"POINT (13.321803788000068 52.429413976000035)","Unfall 197834 (2018) Kat:3, Licht: 0","197834","3","6","3","02","15","4","0","0","0","1","0","0"
"POINT (13.273686268000063 52.409937580000076)","Unfall 197835 (2018) Kat:3, Licht: 0","197835","3","6","2","02","15","2","0","0","0","1","0","0"
"POINT (13.366517218000070 52.459836612000061)","Unfall 197836 (2018) Kat:3, Licht: 0","197836","3","3","5","02","11","3","0","0","1","1","0","0"
"POINT (13.554349022000054 52.455699617000050)","Unfall 197837 (2018) Kat:3, Licht: 2","197837","3","2","5","02","21","1","0","2","0","1","0","0"
"POINT (13.284241847000033 52.485282450000057)","Unfall 197838 (2018) Kat:2, Licht: 0","197838","2","3","5","02","14","2","0","0","0","1","0","0"
"POINT (13.446594521000065 52.426955189000068)","Unfall 197839 (2018) Kat:3, Licht: 0","197839","3","7","0","02","14","2","0","0","0","1","0","0"
"POINT (13.340893203000064 52.553196527000068)","Unfall 197840 (2018) Kat:3, Licht: 2","197840","3","3","5","02","20","1","1","2","0","1","0","0"
"POINT (13.403158946000076 52.463429502000054)","Unfall 197841 (2018) Kat:3, Licht: 0","197841","3","3","5","02","13","2","0","0","0","1","0","0"
"POINT (13.366763052000067 52.472661052000035)","Unfall 197842 (2018) Kat:3, Licht: 0","197842","3","6","2","02","12","2","0","0","0","1","0","0"
"POINT (13.341648911000050 52.525515483000049)","Unfall 197843 (2018) Kat:3, Licht: 0","197843","3","4","6","02","11","2","0","0","0","0","1","0"
"POINT (13.358880143000022 52.446126755000080)","Unfall 197844 (2018) Kat:3, Licht: 0","197844","3","7","5","02","10","4","0","0","0","1","0","0"
"POINT (13.440731675000052 52.494397581000044)","Unfall 197845 (2018) Kat:3, Licht: 0","197845","3","3","5","02","15","2","0","0","1","1","0","0"
"POINT (13.624795261000031 52.451531113000044)","Unfall 197846 (2018) Kat:2, Licht: 0","197846","2","4","6","02","10","2","0","0","0","1","1","0"
"POINT (13.411682853000059 52.523963168000080)","Unfall 197847 (2018) Kat:3, Licht: 0","197847","3","2","5","02","06","3","2","0","0","1","0","0"
"POINT (13.329735789000040 52.523792838000077)","Unfall 197848 (2018) Kat:3, Licht: 2","197848","3","2","5","02","17","1","1","2","0","1","0","1"
"POINT (13.442792052000073 52.465082733000031)","Unfall 197849 (2018) Kat:3, Licht: 0","197849","3","2","5","02","10","2","0","0","0","1","0","0"
"POINT (13.405415972000071 52.496085136000033)","Unfall 197850 (2018) Kat:3, Licht: 0","197850","3","3","5","02","10","2","1","0","1","1","0","0"
"POINT (13.417319542000030 52.499011989000053)","Unfall 197851 (2018) Kat:3, Licht: 0","197851","3","1","0","02","14","1","1","0","1","0","0","0"
"POINT (13.561589959000059 52.544763064000051)","Unfall 197852 (2018) Kat:3, Licht: 0","197852","3","6","2","02","08","2","0","0","0","1","0","0"
"POINT (13.427598055000033 52.490187211000034)","Unfall 197853 (2018) Kat:3, Licht: 2","197853","3","3","5","02","21","4","1","2","0","1","0","0"
"POINT (13.346844375000046 52.450003391000052)","Unfall 197854 (2018) Kat:3, Licht: 2","197854","3","2","5","02","06","2","1","2","0","1","0","0"
"POINT (13.197474172000057 52.531730122000056)","Unfall 197855 (2018) Kat:3, Licht: 2","197855","3","2","5","02","06","2","1","2","1","1","0","0"
"POINT (13.464370060000022 52.470209770000054)","Unfall 197856 (2018) Kat:3, Licht: 2","197856","3","2","6","02","06","2","1","2","0","1","1","0"
"POINT (13.609629978000044 52.478075589000071)","Unfall 197857 (2018) Kat:3, Licht: 0","197857","3","3","5","02","12","1","0","0","0","1","0","0"
"POINT (13.392419252000025 52.497994321000078)","Unfall 197858 (2018) Kat:3, Licht: 2","197858","3","1","2","02","06","2","2","2","0","1","0","0"
"POINT (13.326059271000076 52.561808937000080)","Unfall 197859 (2018) Kat:3, Licht: 0","197859","3","2","5","02","12","5","0","0","1","1","0","0"
"POINT (13.341405364000025 52.520574833000069)","Unfall 197860 (2018) Kat:3, Licht: 1","197860","3","3","5","02","07","6","1","1","1","1","0","0"
"POINT (13.313556653000035 52.426761068000076)","Unfall 197861 (2018) Kat:3, Licht: 2","197861","3","3","5","02","03","2","1","2","0","1","0","0"
"POINT (13.518145200000049 52.568060118000062)","Unfall 197862 (2018) Kat:2, Licht: 0","197862","2","4","6","02","14","4","0","0","0","0","1","0"
"POINT (13.344320031000052 52.450289828000052)","Unfall 197863 (2018) Kat:1, Licht: 2","197863","1","4","6","02","18","2","0","2","0","0","1","0"
"POINT (13.442086539000059 52.480809827000030)","Unfall 197864 (2018) Kat:3, Licht: 2","197864","3","6","3","02","18","2","1","2","1","1","0","0"
"POINT (13.620164396000064 52.538357616000042)","Unfall 197865 (2018) Kat:2, Licht: 0","197865","2","4","6","02","11","1","1","0","0","1","1","0"
"POINT (13.387050890000069 52.457921600000077)","Unfall 197866 (2018) Kat:3, Licht: 2","197866","3","3","5","02","22","1","1","2","0","1","0","0"
"POINT (13.499577997000074 52.523228556000049)","Unfall 197867 (2018) Kat:3, Licht: 2","197867","3","3","0","02","18","1","1","2","0","0","0","1"
"POINT (13.490099404000034 52.523080241000059)","Unfall 197868 (2018) Kat:3, Licht: 2","197868","3","5","1","02","17","4","0","2","0","1","0","0"
"POINT (13.420242497000061 52.606165122000050)","Unfall 197869 (2018) Kat:3, Licht: 2","197869","3","2","6","02","17","1","1","2","0","1","1","0"
"POINT (13.398745336000047 52.570556837000026)","Unfall 197870 (2018) Kat:3, Licht: 0","197870","3","4","6","02","14","3","0","0","0","1","1","0"
"POINT (13.385642278000034 52.507238052000048)","Unfall 197871 (2018) Kat:3, Licht: 2","197871","3","6","2","02","16","1","1","2","0","1","0","0"
"POINT (13.293371703000048 52.472135920000028)","Unfall 197872 (2018) Kat:3, Licht: 0","197872","3","7","6","02","16","3","0","0","1","0","1","0"
"POINT (13.301948723000066 52.599961381000071)","Unfall 197873 (2018) Kat:3, Licht: 1","197873","3","6","2","02","16","1","1","1","0","1","0","0"
"POINT (13.426888576000067 52.507918636000056)","Unfall 197874 (2018) Kat:3, Licht: 1","197874","3","6","3","02","16","2","0","1","0","1","0","1"
"POINT (13.443058502000042 52.480329278000056)","Unfall 197875 (2018) Kat:3, Licht: 2","197875","3","7","2","02","03","1","1","2","0","1","0","0"
"POINT (13.207458257000042 52.555519530000026)","Unfall 197876 (2018) Kat:3, Licht: 0","197876","3","7","0","02","14","1","0","0","0","1","0","0"
"POINT (13.313342483000042 52.423107541000036)","Unfall 197877 (2018) Kat:2, Licht: 0","197877","2","1","0","02","14","1","0","0","0","1","1","0"
"POINT (13.319837965000033 52.468807040000058)","Unfall 197878 (2018) Kat:2, Licht: 1","197878","2","3","5","02","17","2","1","1","0","1","0","0"
"POINT (13.325762359000066 52.509270133000030)","Unfall 197879 (2018) Kat:3, Licht: 1","197879","3","2","5","02","17","4","0","1","0","1","0","0"
"POINT (13.311321038000074 52.468209316000070)","Unfall 197880 (2018) Kat:3, Licht: 0","197880","3","2","6","02","13","1","0","0","0","1","1","0"
"POINT (13.285377086000040 52.595118791000061)","Unfall 197881 (2018) Kat:2, Licht: 0","197881","2","6","2","02","15","3","0","0","0","1","0","0"
"POINT (13.612226217000057 52.514703019000081)","Unfall 197882 (2018) Kat:3, Licht: 2","197882","3","1","9","02","22","7","1","2","0","1","0","0"
"POINT (13.322691695000060 52.486543169000072)","Unfall 197883 (2018) Kat:3, Licht: 0","197883","3","2","5","02","09","1","0","0","1","1","0","0"
"POINT (13.128564853000057 52.528773872000045)","Unfall 197884 (2018) Kat:3, Licht: 2","197884","3","3","5","02","20","7","0","2","0","1","0","0"
"POINT (13.401910327000053 52.492637395000031)","Unfall 197885 (2018) Kat:3, Licht: 2","197885","3","3","5","02","01","1","0","2","0","1","0","0"
"POINT (13.430441113000029 52.528826393000031)","Unfall 197886 (2018) Kat:3, Licht: 2","197886","3","2","6","02","19","7","1","2","0","1","1","0"
"POINT (13.414809966000064 52.491318365000041)","Unfall 197887 (2018) Kat:3, Licht: 2","197887","3","4","6","02","18","7","0","2","1","0","1","0"
"POINT (13.497058422000066 52.531019162000064)","Unfall 197888 (2018) Kat:3, Licht: 0","197888","3","7","5","02","11","7","0","0","0","1","0","0"
"POINT (13.362646260000076 52.499769162000064)","Unfall 197889 (2018) Kat:3, Licht: 0","197889","3","2","6","02","14","4","0","0","0","0","1","0"
"POINT (13.440631839000048 52.517088353000076)","Unfall 197890 (2018) Kat:3, Licht: 0","197890","3","2","5","02","11","7","0","0","0","1","0","0"
"POINT (13.144813450000072 52.452559250000036)","Unfall 197891 (2018) Kat:2, Licht: 0","197891","2","6","6","02","08","3","0","0","0","1","1","0"
"POINT (13.384830182000030 52.514254512000036)","Unfall 197892 (2018) Kat:3, Licht: 0","197892","3","5","5","02","12","7","1","0","1","1","0","0"
"POINT (13.400719892000041 52.414374056000042)","Unfall 197893 (2018) Kat:3, Licht: 0","197893","3","6","2","02","13","7","0","0","0","1","0","0"
"POINT (13.417980384000032 52.487757791000035)","Unfall 197894 (2018) Kat:2, Licht: 1","197894","2","7","2","02","16","7","0","1","0","1","0","0"
"POINT (13.453909850000059 52.488904161000050)","Unfall 197895 (2018) Kat:3, Licht: 0","197895","3","2","5","02","09","6","0","0","1","0","0","0"
"POINT (13.260836799000060 52.544499362000067)","Unfall 197896 (2018) Kat:2, Licht: 1","197896","2","5","1","02","17","7","0","1","0","1","0","1"
"POINT (13.321790018000058 52.506188124000062)","Unfall 197897 (2018) Kat:3, Licht: 0","197897","3","6","2","02","10","4","1","0","0","1","0","0"
"POINT (13.575565086000040 52.423872114000062)","Unfall 197898 (2018) Kat:3, Licht: 2","197898","3","6","2","02","18","7","1","2","0","1","0","0"
"POINT (13.401215300000047 52.511157482000044)","Unfall 197899 (2018) Kat:3, Licht: 2","197899","3","2","5","02","18","7","0","2","1","1","0","0"
"POINT (13.430822201000069 52.468337880000036)","Unfall 197900 (2018) Kat:3, Licht: 0","197900","3","6","2","02","08","4","1","0","0","1","0","0"
"POINT (13.245486500000027 52.524956553000038)","Unfall 197901 (2018) Kat:3, Licht: 2","197901","3","6","2","02","18","7","0","2","0","1","0","0"
"POINT (13.616468600000076 52.519185352000079)","Unfall 197902 (2018) Kat:3, Licht: 0","197902","3","3","5","02","07","3","1","0","0","1","0","0"
"POINT (13.418492174000050 52.500168096000039)","Unfall 197903 (2018) Kat:3, Licht: 0","197903","3","5","1","02","16","6","0","0","1","1","0","0"
"POINT (13.428237231000026 52.535370290000060)","Unfall 197904 (2018) Kat:3, Licht: 1","197904","3","7","0","02","20","6","1","1","1","1","0","0"
"POINT (13.157494564000046 52.560735405000059)","Unfall 197905 (2018) Kat:3, Licht: 0","197905","3","3","5","02","15","6","0","0","0","1","0","0"
"POINT (13.489675468000030 52.512312231000067)","Unfall 197906 (2018) Kat:2, Licht: 2","197906","2","3","5","02","22","5","1","2","1","1","0","0"
"POINT (13.343131931000073 52.439702504000081)","Unfall 197907 (2018) Kat:3, Licht: 2","197907","3","3","5","02","18","6","1","2","0","1","0","0"
"POINT (13.431459324000059 52.483122079000054)","Unfall 197908 (2018) Kat:3, Licht: 0","197908","3","2","5","02","13","6","0","0","0","0","0","1"
"POINT (13.420628276000059 52.533733109000082)","Unfall 197909 (2018) Kat:3, Licht: 0","197909","3","4","6","02","14","3","1","0","0","1","1","0"
"POINT (13.207633976000068 52.544897601000059)","Unfall 197910 (2018) Kat:3, Licht: 0","197910","3","4","6","02","11","6","0","0","0","1","1","0"
"POINT (13.574093797000046 52.486086041000078)","Unfall 197911 (2018) Kat:3, Licht: 0","197911","3","3","5","02","16","2","0","0","0","1","0","0"
"POINT (13.572712197000044 52.549969817000033)","Unfall 197912 (2018) Kat:3, Licht: 0","197912","3","6","2","02","12","2","0","0","0","1","0","0"
"POINT (13.446021639000037 52.468147509000062)","Unfall 197913 (2018) Kat:3, Licht: 0","197913","3","4","6","02","11","6","0","0","0","1","1","0"
"POINT (13.357104014000072 52.596737323000070)","Unfall 197914 (2018) Kat:3, Licht: 2","197914","3","6","2","02","19","2","1","2","0","1","0","0"
"POINT (13.601355648000037 52.482581679000077)","Unfall 197915 (2018) Kat:3, Licht: 0","197915","3","3","5","02","10","6","0","0","0","1","0","0"
"POINT (13.467676622000056 52.534032078000052)","Unfall 197916 (2018) Kat:3, Licht: 2","197916","3","4","6","02","20","6","0","2","0","1","1","0"
"POINT (13.394655342000021 52.483928415000037)","Unfall 197917 (2018) Kat:3, Licht: 2","197917","3","1","0","02","00","4","0","2","1","0","0","0"
"POINT (13.519077531000050 52.532689903000062)","Unfall 197918 (2018) Kat:3, Licht: 0","197918","3","2","5","02","09","6","0","0","1","0","0","0"
"POINT (13.366081171000076 52.495250086000055)","Unfall 197919 (2018) Kat:3, Licht: 2","197919","3","3","5","02","19","6","1","2","1","1","0","0"
"POINT (13.313730130000067 52.506231795000076)","Unfall 197920 (2018) Kat:3, Licht: 0","197920","3","2","6","02","15","3","1","0","0","1","1","0"
"POINT (13.342945548000046 52.526245022000069)","Unfall 197921 (2018) Kat:3, Licht: 2","197921","3","2","5","02","19","6","1","2","1","1","0","0"
"POINT (13.295593475000032 52.530631015000040)","Unfall 197922 (2018) Kat:3, Licht: 0","197922","3","6","2","02","08","6","1","0","0","1","0","0"
"POINT (13.453468682000050 52.469728579000048)","Unfall 197923 (2018) Kat:3, Licht: 1","197923","3","6","2","02","16","2","0","1","0","1","0","0"
"POINT (13.566409736000026 52.529178986000034)","Unfall 197924 (2018) Kat:3, Licht: 0","197924","3","3","5","02","16","4","0","0","1","1","0","0"
"POINT (13.411536776000048 52.500940170000035)","Unfall 197925 (2018) Kat:3, Licht: 0","197925","3","3","5","02","09","6","0","0","1","1","0","0"
"POINT (13.481211410000071 52.538655707000032)","Unfall 197926 (2018) Kat:3, Licht: 0","197926","3","2","0","02","15","5","0","0","1","0","0","0"
"POINT (13.365863351000030 52.590127020000068)","Unfall 197927 (2018) Kat:2, Licht: 0","197927","2","7","1","02","10","2","1","0","0","1","0","0"
"POINT (13.442821805000051 52.465047268000035)","Unfall 197928 (2018) Kat:3, Licht: 0","197928","3","2","5","02","16","5","0","0","1","1","0","0"
"POINT (13.519239414000026 52.464415553000038)","Unfall 197929 (2018) Kat:2, Licht: 0","197929","2","3","5","02","06","2","2","0","0","1","0","0"
"POINT (13.569548599000029 52.528773461000071)","Unfall 197930 (2018) Kat:3, Licht: 1","197930","3","3","5","02","17","5","0","1","1","1","0","0"
"POINT (13.365703761000077 52.551969920000033)","Unfall 197931 (2018) Kat:3, Licht: 0","197931","3","3","5","02","16","7","0","0","0","1","0","0"
"POINT (13.366595895000046 52.481364018000079)","Unfall 197932 (2018) Kat:3, Licht: 2","197932","3","6","2","02","19","5","0","2","0","1","0","0"
"POINT (13.436407017000022 52.554335048000041)","Unfall 197933 (2018) Kat:2, Licht: 0","197933","2","4","6","02","14","6","0","0","0","1","1","0"
"POINT (13.431144643000039 52.552047343000027)","Unfall 197934 (2018) Kat:3, Licht: 0","197934","3","6","1","02","16","4","0","0","0","1","0","0"
"POINT (13.391737518000070 52.525268898000036)","Unfall 197935 (2018) Kat:3, Licht: 0","197935","3","7","5","02","14","4","0","0","0","1","0","0"
"POINT (13.306677331000060 52.514860878000036)","Unfall 197936 (2018) Kat:3, Licht: 0","197936","3","6","2","02","08","4","0","0","1","0","0","0"
"POINT (13.332984795000073 52.423970891000067)","Unfall 197937 (2018) Kat:3, Licht: 0","197937","3","3","5","02","08","2","2","0","1","1","0","0"
"POINT (13.346809992000033 52.568493689000036)","Unfall 197938 (2018) Kat:3, Licht: 0","197938","3","2","5","02","15","4","0","0","0","1","0","0"
"POINT (13.521985882000024 52.525893249000035)","Unfall 197939 (2018) Kat:2, Licht: 0","197939","2","2","5","02","12","7","0","0","0","1","0","0"
"POINT (13.452455234000070 52.518403495000030)","Unfall 197940 (2018) Kat:3, Licht: 0","197940","3","2","5","02","14","4","0","0","1","1","0","0"
"POINT (13.604050658000062 52.539585709000050)","Unfall 197941 (2018) Kat:3, Licht: 0","197941","3","4","6","02","16","4","0","0","0","1","1","0"
"POINT (13.443896914000049 52.479751740000040)","Unfall 197942 (2018) Kat:2, Licht: 2","197942","2","4","6","02","22","4","0","2","0","1","1","0"
"POINT (13.642771838000044 52.377346753000040)","Unfall 197943 (2018) Kat:3, Licht: 1","197943","3","1","8","02","17","7","0","1","0","1","0","0"
"POINT (13.411019849000070 52.488538906000031)","Unfall 197944 (2018) Kat:3, Licht: 2","197944","3","6","2","02","19","4","0","2","0","1","0","0"
"POINT (13.389902611000025 52.510315778000063)","Unfall 197945 (2018) Kat:3, Licht: 2","197945","3","6","2","02","23","6","0","2","0","1","0","0"
"POINT (13.206919925000022 52.538984979000077)","Unfall 197946 (2018) Kat:3, Licht: 2","197946","3","6","2","02","19","4","0","2","0","1","0","0"
"POINT (13.328142103000062 52.508251223000059)","Unfall 197947 (2018) Kat:3, Licht: 0","197947","3","2","5","02","13","5","0","0","1","1","0","0"
"POINT (13.231498954000074 52.539019462000056)","Unfall 197948 (2018) Kat:3, Licht: 0","197948","3","6","2","02","07","4","0","0","0","1","0","0"
"POINT (13.343872801000032 52.478687790000038)","Unfall 197949 (2018) Kat:3, Licht: 0","197949","3","2","6","02","13","3","0","0","0","1","1","0"
"POINT (13.553303143000051 52.469619524000052)","Unfall 197950 (2018) Kat:2, Licht: 0","197950","2","3","5","02","08","4","0","0","0","1","0","1"
"POINT (13.484004508000055 52.497621081000034)","Unfall 197951 (2018) Kat:3, Licht: 0","197951","3","6","2","02","09","4","0","0","0","1","0","1"
"POINT (13.465908927000044 52.499990546000049)","Unfall 197952 (2018) Kat:3, Licht: 0","197952","3","2","5","02","13","1","0","0","1","1","0","0"