WKT,Name,OBJECTID,UKATEGORIE,UTYP1,UART,UMONAT,USTUNDE,UWOCHENTAG,STRZUSTAND,ULICHTVERH,ISTRAD,ISTPKW,ISTFUSS,ISTKRAD
"POINT (13.328477241000030 52.464841111000055)","Unfall 198138 (2018) Kat:3, Licht: 0","198138","3","6","3","02","07","6","1","0","0","1","0","0"
"POINT (13.409536447000050 52.399782933000040)","Unfall 198139 (2018) Kat:3, Licht: 1","198139","3","7","0","02","07","6","0","1","1","0","0","0"
"POINT (13.262461306000034 52.482010412000079)","Unfall 198140 (2018) Kat:3, Licht: 2","198140","3","1","1","02","19","6","0","2","0","1","0","0"
"POINT (13.295978558000058 52.529611140000043)","Unfall 198141 (2018) Kat:3, Licht: 0","198141","3","6","2","02","11","7","0","0","0","1","0","0"
"POINT (13.287354848000064 52.590218591000053)","Unfall 198142 (2018) Kat:2, Licht: 2","198142","2","4","6","02","22","6","0","2","0","1","1","0"
"POINT (13.425626450000038 52.465685291000057)","Unfall 198143 (2018) Kat:3, Licht: 0","198143","3","7","6","02","14","5","0","0","0","1","1","0"
"POINT (13.422746962000076 52.513868767000076)","Unfall 198144 (2018) Kat:3, Licht: 2","198144","3","6","2","02","22","6","0","2","0","1","0","0"
"POINT (13.320003374000066 52.473572705000038)","Unfall 198145 (2018) Kat:3, Licht: 2","198145","3","3","5","02","21","6","0","2","1","1","0","0"
"POINT (13.399175598000056 52.488885547000052)","Unfall 198146 (2018) Kat:2, Licht: 0","198146","2","2","6","02","14","3","0","0","0","1","1","0"
"POINT (13.296891485000060 52.442782482000041)","Unfall 198147 (2018) Kat:3, Licht: 0","198147","3","1","8","02","12","6","0","0","0","1","0","0"
"POINT (13.399475017000043 52.498288938000030)","Unfall 198148 (2018) Kat:3, Licht: 0","198148","3","2","5","02","13","6","0","0","0","1","0","0"
"POINT (13.333101796000051 52.458325228000035)","Unfall 198149 (2018) Kat:2, Licht: 2","198149","2","1","1","02","23","1","0","2","1","1","0","0"
"POINT (13.400176750000071 52.459136577000038)","Unfall 198150 (2018) Kat:3, Licht: 0","198150","3","2","5","02","15","5","0","0","0","1","0","0"
"POINT (13.389095334000046 52.514744844000063)","Unfall 198151 (2018) Kat:3, Licht: 0","198151","3","3","5","02","14","6","0","0","0","1","0","0"
"POINT (13.426921477000064 52.487111454000058)","Unfall 198152 (2018) Kat:3, Licht: 0","198152","3","3","5","02","12","6","0","0","1","1","0","0"
"POINT (13.553360777000023 52.427396993000059)","Unfall 198153 (2018) Kat:3, Licht: 0","198153","3","2","2","02","15","6","0","0","0","1","0","0"
"POINT (13.395702741000036 52.454326571000081)","Unfall 198154 (2018) Kat:3, Licht: 0","198154","3","3","0","02","12","3","0","0","0","1","0","0"
"POINT (13.399539546000028 52.416915994000078)","Unfall 198155 (2018) Kat:2, Licht: 0","198155","2","4","6","02","15","6","0","0","0","1","1","0"
"POINT (13.500490386000024 52.534412063000048)","Unfall 198156 (2018) Kat:3, Licht: 0","198156","3","6","2","02","15","2","0","0","0","1","0","0"
"POINT (13.444152856000073 52.484784953000030)","Unfall 198157 (2018) Kat:2, Licht: 0","198157","2","2","5","02","08","3","0","0","1","1","0","0"
"POINT (13.420486250000067 52.505451158000028)","Unfall 198158 (2018) Kat:3, Licht: 0","198158","3","6","1","02","15","6","0","0","1","0","0","0"
"POINT (13.500604659000032 52.510600736000072)","Unfall 198159 (2018) Kat:3, Licht: 0","198159","3","2","2","02","14","2","0","0","0","1","0","0"
"POINT (13.305551030000061 52.435140177000051)","Unfall 198160 (2018) Kat:3, Licht: 0","198160","3","3","5","02","16","6","0","0","1","1","0","0"
"POINT (13.436792972000035 52.456964735000042)","Unfall 198161 (2018) Kat:3, Licht: 0","198161","3","3","5","02","14","1","0","0","0","1","0","0"
"POINT (13.332600376000073 52.506169852000028)","Unfall 198162 (2018) Kat:3, Licht: 0","198162","3","2","5","02","15","5","0","0","1","0","0","0"
"POINT (13.319182734000037 52.457445378000045)","Unfall 198163 (2018) Kat:2, Licht: 2","198163","2","3","5","02","17","6","0","2","0","1","0","1"
"POINT (13.327833563000070 52.505459994000034)","Unfall 198164 (2018) Kat:3, Licht: 0","198164","3","2","5","02","09","6","0","0","1","1","0","0"
"POINT (13.624520893000067 52.529946677000055)","Unfall 198165 (2018) Kat:3, Licht: 2","198165","3","5","1","02","00","4","0","2","0","1","0","0"
"POINT (13.400849461000064 52.518486764000045)","Unfall 198166 (2018) Kat:3, Licht: 2","198166","3","1","0","02","23","6","0","2","1","0","0","0"
"POINT (13.298524127000064 52.472363837000046)","Unfall 198167 (2018) Kat:2, Licht: 0","198167","2","1","0","02","07","5","0","0","1","0","0","0"
"POINT (13.385391823000077 52.550099207000073)","Unfall 198168 (2018) Kat:3, Licht: 2","198168","3","2","5","02","18","2","0","2","1","1","0","0"
"POINT (13.430182495000054 52.414612086000034)","Unfall 198169 (2018) Kat:2, Licht: 2","198169","2","7","5","02","20","6","0","2","0","1","0","0"
"POINT (13.346181733000037 52.501045506000082)","Unfall 198170 (2018) Kat:3, Licht: 0","198170","3","2","5","02","10","2","0","0","0","1","0","0"
"POINT (13.406688571000075 52.547098251000079)","Unfall 198171 (2018) Kat:3, Licht: 0","198171","3","6","2","02","15","5","0","0","0","1","0","1"
"POINT (13.400192906000029 52.509512415000074)","Unfall 198172 (2018) Kat:3, Licht: 2","198172","3","2","3","02","18","6","0","2","1","1","0","0"
"POINT (13.322102513000061 52.511808648000056)","Unfall 198173 (2018) Kat:2, Licht: 2","198173","2","2","5","02","18","7","0","2","1","1","0","0"
"POINT (13.388188963000061 52.560958490000075)","Unfall 198174 (2018) Kat:3, Licht: 0","198174","3","2","5","02","15","5","0","0","1","1","0","0"
"POINT (13.372119307000048 52.492422267000052)","Unfall 198175 (2018) Kat:3, Licht: 2","198175","3","7","5","02","19","6","0","2","0","1","0","0"
"POINT (13.211572850000039 52.527268928000069)","Unfall 198176 (2018) Kat:3, Licht: 0","198176","3","2","5","02","12","6","0","0","1","1","0","0"
"POINT (13.578134441000032 52.460024065000027)","Unfall 198177 (2018) Kat:2, Licht: 0","198177","2","3","6","02","11","7","0","0","0","1","1","0"
"POINT (13.322160574000065 52.462536647000036)","Unfall 198178 (2018) Kat:3, Licht: 0","198178","3","6","3","02","11","6","0","0","0","1","0","0"
"POINT (13.333726045000049 52.505246817000057)","Unfall 198179 (2018) Kat:3, Licht: 2","198179","3","1","8","02","03","6","0","2","0","1","0","0"
"POINT (13.558045095000068 52.529670695000050)","Unfall 198180 (2018) Kat:3, Licht: 2","198180","3","3","5","02","06","4","2","2","0","1","0","0"
"POINT (13.384066783000037 52.550891542000045)","Unfall 198181 (2018) Kat:3, Licht: 0","198181","3","6","2","02","09","6","1","0","1","1","0","0"
"POINT (13.402781001000051 52.563509948000046)","Unfall 198182 (2018) Kat:3, Licht: 0","198182","3","3","5","02","08","6","1","0","1","1","0","0"
"POINT (13.229616827000029 52.625196648000042)","Unfall 198183 (2018) Kat:2, Licht: 0","198183","2","6","4","02","08","2","0","0","0","1","0","0"
"POINT (13.226801110000054 52.528513533000080)","Unfall 198184 (2018) Kat:3, Licht: 1","198184","3","6","0","02","06","6","1","1","0","1","0","0"
"POINT (13.285496787000056 52.583754136000039)","Unfall 198185 (2018) Kat:3, Licht: 0","198185","3","7","5","02","13","7","0","0","0","1","0","0"
"POINT (13.350349763000054 52.414248590000057)","Unfall 198186 (2018) Kat:2, Licht: 2","198186","2","2","6","02","06","6","1","2","0","1","1","0"
"POINT (13.571589537000023 52.436831110000071)","Unfall 198187 (2018) Kat:3, Licht: 1","198187","3","5","1","02","06","6","1","1","0","1","0","0"
"POINT (13.389806770000064 52.495904072000030)","Unfall 198188 (2018) Kat:3, Licht: 2","198188","3","2","6","02","05","6","1","2","0","1","1","0"
"POINT (13.421601189000057 52.465199565000034)","Unfall 198189 (2018) Kat:3, Licht: 0","198189","3","2","6","02","16","3","0","0","0","0","1","0"
"POINT (13.578162664000047 52.459900381000068)","Unfall 198190 (2018) Kat:3, Licht: 2","198190","3","1","0","02","02","6","1","2","1","0","0","0"
"POINT (13.336497736000069 52.542115240000044)","Unfall 198191 (2018) Kat:3, Licht: 2","198191","3","2","5","02","16","5","0","2","1","1","0","0"
"POINT (13.330398893000051 52.503692056000034)","Unfall 198192 (2018) Kat:3, Licht: 0","198192","3","6","3","02","15","3","0","0","0","1","0","0"
"POINT (13.378631097000039 52.544727227000067)","Unfall 198193 (2018) Kat:2, Licht: 0","198193","2","3","5","02","10","5","0","0","0","1","0","0"
"POINT (13.332099298000060 52.524161112000058)","Unfall 198194 (2018) Kat:3, Licht: 0","198194","3","5","1","02","10","5","0","0","0","1","0","0"
"POINT (13.354027744000064 52.526543739000033)","Unfall 198195 (2018) Kat:2, Licht: 1","198195","2","6","2","02","07","2","2","1","1","1","0","0"
"POINT (13.319587777000038 52.528355739000062)","Unfall 198196 (2018) Kat:3, Licht: 0","198196","3","3","5","02","09","5","0","0","1","1","0","0"
"POINT (13.329102684000077 52.471545419000051)","Unfall 198197 (2018) Kat:3, Licht: 2","198197","3","1","9","02","01","7","0","2","0","1","0","0"
"POINT (13.404484974000070 52.522006513000065)","Unfall 198198 (2018) Kat:3, Licht: 0","198198","3","1","0","02","09","5","0","0","1","0","0","0"
"POINT (13.495920345000059 52.466128755000057)","Unfall 198199 (2018) Kat:3, Licht: 0","198199","3","6","2","02","08","5","0","0","0","1","0","0"
"POINT (13.299876282000071 52.422911002000035)","Unfall 198200 (2018) Kat:3, Licht: 0","198200","3","5","1","02","07","5","0","0","0","1","0","0"
"POINT (13.322391538000034 52.486329404000060)","Unfall 198201 (2018) Kat:2, Licht: 0","198201","2","2","6","02","14","3","0","0","0","1","1","0"
"POINT (13.625852457000065 52.529371604000062)","Unfall 198202 (2018) Kat:3, Licht: 0","198202","3","1","8","02","07","5","1","0","0","1","0","0"
"POINT (13.455811497000070 52.473786425000071)","Unfall 198203 (2018) Kat:3, Licht: 2","198203","3","2","6","02","06","5","0","2","0","0","1","0"
"POINT (13.161774610000066 52.523560111000052)","Unfall 198204 (2018) Kat:3, Licht: 2","198204","3","2","5","02","18","1","0","2","0","1","0","0"
"POINT (13.345285299000068 52.492566717000045)","Unfall 198205 (2018) Kat:3, Licht: 2","198205","3","6","2","02","19","6","0","2","0","1","0","0"
"POINT (13.481255766000061 52.460795530000041)","Unfall 198206 (2018) Kat:3, Licht: 1","198206","3","2","5","02","06","5","0","1","0","1","0","0"
"POINT (13.456135155000027 52.484305810000080)","Unfall 198207 (2018) Kat:3, Licht: 0","198207","3","3","5","02","11","6","0","0","0","1","0","0"
"POINT (13.306485293000037 52.417436195000050)","Unfall 198208 (2018) Kat:3, Licht: 0","198208","3","3","5","02","13","1","0","0","0","1","0","0"
"POINT (13.469664046000048 52.520397128000070)","Unfall 198209 (2018) Kat:3, Licht: 2","198209","3","3","5","02","01","5","0","2","0","1","0","0"
"POINT (13.469830989000059 52.434799750000082)","Unfall 198210 (2018) Kat:3, Licht: 0","198210","3","6","2","02","16","6","0","0","0","1","0","0"
"POINT (13.420811716000060 52.589428793000081)","Unfall 198211 (2018) Kat:3, Licht: 0","198211","3","6","2","02","08","5","0","0","0","1","0","0"
"POINT (13.337568827000041 52.458533761000069)","Unfall 198212 (2018) Kat:3, Licht: 2","198212","3","2","6","02","19","5","1","2","0","1","1","0"
"POINT (13.354099633000033 52.549476391000042)","Unfall 198213 (2018) Kat:3, Licht: 0","198213","3","4","6","02","10","3","0","0","0","1","1","0"
"POINT (13.385819386000037 52.467078370000081)","Unfall 198214 (2018) Kat:3, Licht: 2","198214","3","2","0","02","19","5","0","2","0","1","1","0"
"POINT (13.328331026000058 52.534617299000047)","Unfall 198215 (2018) Kat:3, Licht: 0","198215","3","6","2","02","13","2","0","0","0","1","0","0"
"POINT (13.292746309000051 52.458060815000067)","Unfall 198216 (2018) Kat:3, Licht: 0","198216","3","2","6","02","15","5","0","0","0","1","1","0"
"POINT (13.394261482000047 52.491459141000064)","Unfall 198217 (2018) Kat:3, Licht: 2","198217","3","2","5","02","01","1","0","2","0","1","0","0"
"POINT (13.361203873000022 52.494230795000078)","Unfall 198218 (2018) Kat:3, Licht: 0","198218","3","2","0","02","08","6","0","0","0","1","0","0"
"POINT (13.469676184000036 52.452037669000049)","Unfall 198219 (2018) Kat:2, Licht: 2","198219","2","6","2","02","18","4","0","2","0","1","0","0"
"POINT (13.415451579000035 52.526591712000027)","Unfall 198220 (2018) Kat:3, Licht: 0","198220","3","6","2","02","14","5","0","0","0","1","0","0"
"POINT (13.419544835000067 52.587724444000060)","Unfall 198221 (2018) Kat:2, Licht: 0","198221","2","3","5","02","11","5","0","0","0","1","0","0"
"POINT (13.375264357000049 52.443494577000081)","Unfall 198222 (2018) Kat:3, Licht: 0","198222","3","3","5","02","09","2","1","0","0","1","0","0"
"POINT (13.429179817000033 52.571978600000079)","Unfall 198223 (2018) Kat:3, Licht: 0","198223","3","6","2","03","17","2","0","0","0","1","0","0"
"POINT (13.501195465000023 52.420245989000080)","Unfall 198224 (2018) Kat:3, Licht: 0","198224","3","5","1","03","17","2","0","0","1","1","0","0"
"POINT (13.538551459000075 52.431635968000080)","Unfall 198225 (2018) Kat:3, Licht: 0","198225","3","4","6","03","16","2","0","0","0","1","1","0"
"POINT (13.315787149000073 52.450489383000047)","Unfall 198226 (2018) Kat:3, Licht: 2","198226","3","1","9","03","01","3","0","2","0","1","0","0"
"POINT (13.402833767000061 52.494042623000041)","Unfall 198227 (2018) Kat:3, Licht: 0","198227","3","2","5","03","16","2","0","0","1","1","0","0"
"POINT (13.387748084000066 52.551128063000078)","Unfall 198228 (2018) Kat:3, Licht: 0","198228","3","4","6","03","16","2","0","0","0","1","1","0"
"POINT (13.453354805000060 52.515803427000037)","Unfall 198229 (2018) Kat:3, Licht: 0","198229","3","6","2","03","16","2","0","0","0","1","0","0"
"POINT (13.158402036000041 52.531944610000039)","Unfall 198230 (2018) Kat:2, Licht: 0","198230","2","7","6","03","17","3","0","0","0","1","1","0"
"POINT (13.295861079000076 52.481218624000064)","Unfall 198231 (2018) Kat:3, Licht: 0","198231","3","3","5","03","14","2","0","0","0","1","0","0"
"POINT (13.514085123000029 52.505506028000070)","Unfall 198232 (2018) Kat:2, Licht: 1","198232","2","4","6","03","17","3","0","1","0","1","1","0"
"POINT (13.354267198000059 52.413400978000027)","Unfall 198233 (2018) Kat:3, Licht: 2","198233","3","4","6","03","19","3","1","2","0","1","1","0"
"POINT (13.338045864000037 52.452880001000040)","Unfall 198234 (2018) Kat:3, Licht: 1","198234","3","7","6","03","18","3","1","1","0","0","1","0"
"POINT (13.403325434000067 52.534069433000070)","Unfall 198235 (2018) Kat:3, Licht: 2","198235","3","3","5","03","19","3","1","2","1","0","0","0"
"POINT (13.333643166000058 52.524436729000058)","Unfall 198236 (2018) Kat:3, Licht: 2","198236","3","4","6","03","20","2","1","2","0","1","1","0"
"POINT (13.440210331000060 52.481573762000039)","Unfall 198237 (2018) Kat:3, Licht: 2","198237","3","2","6","03","19","3","1","2","0","1","1","0"
"POINT (13.366426816000057 52.522468451000066)","Unfall 198238 (2018) Kat:3, Licht: 0","198238","3","5","1","03","09","3","0","0","0","1","0","1"
"POINT (13.399771574000056 52.488871722000056)","Unfall 198239 (2018) Kat:3, Licht: 2","198239","3","5","1","03","20","3","1","2","1","1","0","0"
"POINT (13.422598709000056 52.486947853000061)","Unfall 198240 (2018) Kat:3, Licht: 0","198240","3","7","2","02","10","4","0","0","1","1","0","0"
"POINT (13.375591490000033 52.540551809000078)","Unfall 198241 (2018) Kat:2, Licht: 2","198241","2","4","6","03","20","3","1","2","0","0","1","0"
"POINT (13.411610197000073 52.488462258000027)","Unfall 198242 (2018) Kat:3, Licht: 2","198242","3","6","2","03","19","2","0","2","0","1","0","0"
"POINT (13.439982062000070 52.481588827000053)","Unfall 198243 (2018) Kat:3, Licht: 2","198243","3","2","6","03","21","3","1","2","0","1","1","0"
"POINT (13.480979916000024 52.499021349000031)","Unfall 198244 (2018) Kat:3, Licht: 2","198244","3","7","2","03","21","3","1","2","0","1","0","0"
"POINT (13.197983658000055 52.542528793000031)","Unfall 198245 (2018) Kat:3, Licht: 1","198245","3","4","6","03","18","2","0","1","0","1","1","0"
"POINT (13.344858269000042 52.539138755000067)","Unfall 198246 (2018) Kat:3, Licht: 2","198246","3","2","6","03","21","3","1","2","0","1","1","0"
"POINT (13.299400092000042 52.506842462000066)","Unfall 198247 (2018) Kat:2, Licht: 2","198247","2","4","6","03","20","2","1","2","0","1","1","0"
"POINT (13.346308561000058 52.501104501000043)","Unfall 198248 (2018) Kat:3, Licht: 2","198248","3","6","2","03","21","3","1","2","0","1","0","0"
"POINT (13.357743237000022 52.413056705000031)","Unfall 198249 (2018) Kat:2, Licht: 2","198249","2","1","9","03","21","3","1","2","0","1","0","0"
"POINT (13.524246387000062 52.496620673000052)","Unfall 198250 (2018) Kat:2, Licht: 2","198250","2","4","6","03","23","3","1","2","0","1","1","0"
"POINT (13.367221214000040 52.522553902000027)","Unfall 198251 (2018) Kat:3, Licht: 0","198251","3","3","5","03","16","2","1","0","1","1","0","0"
"POINT (13.558548415000075 52.456022753000070)","Unfall 198252 (2018) Kat:3, Licht: 2","198252","3","6","2","03","22","2","0","2","0","1","0","0"
"POINT (13.393780181000068 52.510639011000080)","Unfall 198253 (2018) Kat:3, Licht: 1","198253","3","3","5","03","17","2","1","1","0","1","0","1"
"POINT (13.377649199000075 52.475486696000075)","Unfall 198254 (2018) Kat:3, Licht: 0","198254","3","6","2","03","08","2","1","0","0","1","0","0"
"POINT (13.201105267000059 52.538914128000044)","Unfall 198255 (2018) Kat:3, Licht: 0","198255","3","6","0","03","15","2","1","0","0","1","0","1"
"POINT (13.422948175000045 52.563898726000048)","Unfall 198256 (2018) Kat:3, Licht: 0","198256","3","1","1","03","08","2","2","0","0","1","0","1"
"POINT (13.324899667000068 52.555393723000066)","Unfall 198257 (2018) Kat:3, Licht: 0","198257","3","3","5","03","15","2","1","0","1","1","0","0"
"POINT (13.337530964000052 52.467155645000048)","Unfall 198258 (2018) Kat:3, Licht: 0","198258","3","2","5","03","14","2","1","0","0","0","0","0"
"POINT (13.440248941000050 52.447794403000046)","Unfall 198259 (2018) Kat:2, Licht: 0","198259","2","4","6","03","07","2","2","0","0","0","1","0"
"POINT (13.338477135000062 52.444137152000053)","Unfall 198260 (2018) Kat:3, Licht: 0","198260","3","6","2","03","15","4","1","0","0","1","0","0"
"POINT (13.278058008000073 52.518338718000052)","Unfall 198261 (2018) Kat:3, Licht: 0","198261","3","2","5","03","14","2","1","0","0","1","0","0"
"POINT (13.496165786000063 52.526535009000042)","Unfall 198262 (2018) Kat:3, Licht: 0","198262","3","3","5","03","07","2","2","0","0","1","0","0"
"POINT (13.473820618000047 52.474921494000057)","Unfall 198263 (2018) Kat:3, Licht: 2","198263","3","2","6","03","22","2","1","2","0","1","1","0"
"POINT (13.412934224000026 52.403035929000055)","Unfall 198264 (2018) Kat:3, Licht: 0","198264","3","5","1","03","14","2","1","0","0","1","0","0"
"POINT (13.454584156000067 52.474525576000076)","Unfall 198265 (2018) Kat:2, Licht: 0","198265","2","3","5","03","07","2","2","0","0","1","0","0"
"POINT (13.301289885000074 52.611267783000073)","Unfall 198266 (2018) Kat:3, Licht: 0","198266","3","3","5","03","13","2","1","0","1","1","0","0"
"POINT (13.144177386000024 52.527763556000082)","Unfall 198267 (2018) Kat:3, Licht: 2","198267","3","1","0","03","06","2","2","2","1","0","0","0"
"POINT (13.366690612000070 52.585558017000039)","Unfall 198268 (2018) Kat:3, Licht: 0","198268","3","3","5","03","13","2","1","0","0","1","0","0"
"POINT (13.279563681000070 52.518279781000047)","Unfall 198269 (2018) Kat:3, Licht: 0","198269","3","6","3","03","08","2","2","0","0","1","0","0"
"POINT (13.410967612000036 52.503903556000068)","Unfall 198270 (2018) Kat:3, Licht: 2","198270","3","3","5","03","18","3","1","2","1","1","0","0"
"POINT (13.452395565000074 52.539299712000059)","Unfall 198271 (2018) Kat:3, Licht: 0","198271","3","3","5","03","07","2","0","0","1","1","0","0"
"POINT (13.314203155000030 52.430542089000028)","Unfall 198272 (2018) Kat:2, Licht: 0","198272","2","6","2","03","10","2","0","0","0","1","0","0"
"POINT (13.436842815000034 52.520865811000078)","Unfall 198273 (2018) Kat:3, Licht: 0","198273","3","4","6","03","11","3","0","0","0","1","1","0"
"POINT (13.225859645000071 52.587347953000062)","Unfall 198274 (2018) Kat:3, Licht: 0","198274","3","3","5","03","15","2","1","0","0","1","0","0"
"POINT (13.508986577000030 52.501175270000033)","Unfall 198275 (2018) Kat:3, Licht: 0","198275","3","5","1","03","11","2","0","0","1","1","0","0"
"POINT (13.351754608000022 52.506358706000071)","Unfall 198276 (2018) Kat:3, Licht: 0","198276","3","3","5","03","12","2","0","0","1","1","0","0"
"POINT (13.328366562000042 52.466340747000061)","Unfall 198277 (2018) Kat:3, Licht: 2","198277","3","2","6","03","19","2","1","2","0","1","1","0"
"POINT (13.390195769000059 52.508629125000027)","Unfall 198278 (2018) Kat:3, Licht: 0","198278","3","3","5","02","10","4","0","0","0","1","0","0"
"POINT (13.395627632000071 52.454260880000049)","Unfall 198279 (2018) Kat:3, Licht: 0","198279","3","3","5","03","13","2","0","0","0","1","0","0"
"POINT (13.320295677000047 52.497954999000058)","Unfall 198280 (2018) Kat:3, Licht: 2","198280","3","2","5","03","18","2","1","2","1","1","0","0"
"POINT (13.369896825000069 52.534718628000064)","Unfall 198281 (2018) Kat:3, Licht: 0","198281","3","7","6","03","14","2","0","0","0","1","1","0"
"POINT (13.282445185000029 52.590767380000045)","Unfall 198282 (2018) Kat:3, Licht: 2","198282","3","2","6","03","18","2","1","2","0","1","1","0"
"POINT (13.275403879000066 52.536958646000073)","Unfall 198283 (2018) Kat:3, Licht: 0","198283","3","4","6","03","14","2","0","0","0","0","1","0"
"POINT (13.196484018000035 52.530442749000031)","Unfall 198284 (2018) Kat:3, Licht: 0","198284","3","3","5","03","13","3","0","0","0","1","0","0"
"POINT (13.465954206000049 52.499671577000072)","Unfall 198285 (2018) Kat:3, Licht: 0","198285","3","7","5","02","08","4","0","0","1","1","0","0"
"POINT (13.392929069000047 52.527453877000028)","Unfall 198286 (2018) Kat:3, Licht: 2","198286","3","2","2","03","18","2","1","2","1","1","0","0"
"POINT (13.224565530000064 52.428737397000077)","Unfall 198287 (2018) Kat:2, Licht: 2","198287","2","5","1","03","19","1","0","2","0","1","0","0"
"POINT (13.177599753000038 52.525295230000040)","Unfall 198288 (2018) Kat:3, Licht: 2","198288","3","4","6","03","18","2","1","2","0","1","1","0"
"POINT (13.366074502000060 52.553484304000051)","Unfall 198289 (2018) Kat:3, Licht: 1","198289","3","4","6","03","17","2","1","1","0","1","1","0"
"POINT (13.306472928000062 52.518170372000043)","Unfall 198290 (2018) Kat:3, Licht: 0","198290","3","3","5","03","10","1","0","0","0","1","0","0"
"POINT (13.567113438000035 52.454871940000032)","Unfall 198291 (2018) Kat:3, Licht: 0","198291","3","2","5","03","13","1","0","0","0","1","0","0"
"POINT (13.297903696000049 52.578164781000055)","Unfall 198292 (2018) Kat:3, Licht: 2","198292","3","2","5","03","18","2","1","2","0","1","0","0"
"POINT (13.217893906000029 52.537457293000045)","Unfall 198293 (2018) Kat:3, Licht: 2","198293","3","6","2","03","19","2","1","2","0","1","0","0"
"POINT (13.383563048000042 52.548593361000030)","Unfall 198294 (2018) Kat:3, Licht: 0","198294","3","6","2","03","13","1","0","0","0","1","0","0"
"POINT (13.525439569000071 52.481375622000030)","Unfall 198295 (2018) Kat:3, Licht: 2","198295","3","6","2","03","21","2","1","2","0","1","0","0"
"POINT (13.315884381000046 52.496874836000075)","Unfall 198296 (2018) Kat:3, Licht: 2","198296","3","1","1","03","04","1","0","2","0","1","0","0"
"POINT (13.538237864000052 52.569810597000071)","Unfall 198297 (2018) Kat:3, Licht: 2","198297","3","3","5","03","20","2","1","2","1","1","0","0"
"POINT (13.228660459000025 52.528211209000062)","Unfall 198298 (2018) Kat:2, Licht: 0","198298","2","2","5","03","07","3","1","0","0","1","0","1"
"POINT (13.353270254000051 52.533862412000076)","Unfall 198299 (2018) Kat:3, Licht: 2","198299","3","5","1","03","19","2","1","2","1","1","0","0"
"POINT (13.408313876000022 52.489645932000030)","Unfall 198300 (2018) Kat:3, Licht: 2","198300","3","5","1","03","19","2","1","2","1","1","0","0"
"POINT (13.413725281000040 52.550571973000046)","Unfall 198301 (2018) Kat:3, Licht: 2","198301","3","2","5","03","01","1","0","2","0","1","0","0"
"POINT (13.339998295000044 52.518733279000060)","Unfall 198302 (2018) Kat:3, Licht: 2","198302","3","2","6","03","19","2","1","2","0","1","1","0"
"POINT (13.389059413000041 52.515582140000049)","Unfall 198303 (2018) Kat:3, Licht: 2","198303","3","3","5","03","19","2","1","2","0","1","0","0"
"POINT (13.162596201000042 52.521639775000040)","Unfall 198304 (2018) Kat:3, Licht: 2","198304","3","6","3","03","20","1","0","2","0","1","0","0"
"POINT (13.197934053000040 52.521048415000053)","Unfall 198305 (2018) Kat:3, Licht: 2","198305","3","2","6","03","19","2","1","2","0","1","1","0"
"POINT (13.341129984000077 52.458731350000050)","Unfall 198306 (2018) Kat:3, Licht: 0","198306","3","5","1","03","11","2","1","0","0","1","0","0"
"POINT (13.309665692000067 52.431438780000065)","Unfall 198307 (2018) Kat:3, Licht: 2","198307","3","2","5","03","19","1","0","2","0","1","0","0"
"POINT (13.349236544000064 52.535903911000048)","Unfall 198308 (2018) Kat:3, Licht: 2","198308","3","6","4","03","04","2","0","2","0","1","0","0"
"POINT (13.446763766000061 52.502658712000027)","Unfall 198309 (2018) Kat:3, Licht: 0","198309","3","2","6","03","16","1","0","0","0","1","1","0"
"POINT (13.470332254000027 52.506187749000048)","Unfall 198310 (2018) Kat:3, Licht: 2","198310","3","2","5","03","05","2","0","2","0","0","0","1"
"POINT (13.349911466000037 52.496466213000076)","Unfall 198311 (2018) Kat:3, Licht: 2","198311","3","4","6","03","19","3","1","2","1","0","1","0"
"POINT (13.485079367000026 52.515684549000071)","Unfall 198312 (2018) Kat:3, Licht: 0","198312","3","6","2","03","08","2","0","0","0","1","0","0"
"POINT (13.198210821000032 52.542959228000029)","Unfall 198313 (2018) Kat:3, Licht: 0","198313","3","6","2","03","08","2","1","0","0","1","0","0"
"POINT (13.413653377000060 52.542252505000079)","Unfall 198314 (2018) Kat:3, Licht: 0","198314","3","7","6","03","16","1","0","0","0","1","1","0"
"POINT (13.398617134000062 52.532557602000054)","Unfall 198315 (2018) Kat:3, Licht: 0","198315","3","1","0","03","09","2","0","0","1","0","0","0"
"POINT (13.401682310000069 52.425992334000057)","Unfall 198316 (2018) Kat:2, Licht: 0","198316","2","3","5","03","11","2","1","0","0","1","0","0"
"POINT (13.396446466000043 52.491405717000077)","Unfall 198317 (2018) Kat:3, Licht: 0","198317","3","3","5","03","15","1","0","0","1","0","0","0"
"POINT (13.392213866000077 52.554119027000070)","Unfall 198318 (2018) Kat:3, Licht: 0","198318","3","3","5","03","13","4","1","0","0","1","0","0"
"POINT (13.386375726000040 52.490076187000057)","Unfall 198319 (2018) Kat:3, Licht: 0","198319","3","7","5","03","11","2","1","0","0","1","0","0"
"POINT (13.470253209000077 52.553648041000031)","Unfall 198320 (2018) Kat:3, Licht: 0","198320","3","2","5","03","15","1","0","0","0","1","0","0"
"POINT (13.574834537000072 52.399715887000070)","Unfall 198321 (2018) Kat:1, Licht: 2","198321","1","4","6","03","19","2","1","2","0","1","1","0"
"POINT (13.304874122000058 52.417038551000076)","Unfall 198322 (2018) Kat:2, Licht: 0","198322","2","3","5","03","11","7","0","0","1","0","0","0"
"POINT (13.208749586000067 52.419356149000066)","Unfall 198323 (2018) Kat:3, Licht: 0","198323","3","4","6","03","14","1","0","0","1","0","1","0"