WKT,Name,OBJECTID,UKATEGORIE,UTYP1,UART,UMONAT,USTUNDE,UWOCHENTAG,STRZUSTAND,ULICHTVERH,ISTRAD,ISTPKW,ISTFUSS,ISTKRAD
"POINT (13.381612188000076 52.548906572000078)","Unfall 198324 (2018) Kat:3, Licht: 1","198324","3","1","1","03","06","2","2","1","0","1","0","0"
"POINT (13.497713311000041 52.626951312000074)","Unfall 198325 (2018) Kat:2, Licht: 0","198325","2","1","0","03","06","1","0","0","1","0","0","0"
"POINT (13.303372115000059 52.643012717000033)","Unfall 198326 (2018) Kat:3, Licht: 2","198326","3","6","3","03","02","1","0","2","1","1","0","0"
"POINT (13.507956097000033 52.564420818000031)","Unfall 198327 (2018) Kat:3, Licht: 2","198327","3","6","2","03","20","7","0","2","0","1","0","0"
"POINT (13.310322480000025 52.592863729000044)","Unfall 198328 (2018) Kat:3, Licht: 0","198328","3","6","1","03","16","1","0","0","1","1","0","0"
"POINT (13.497980510000048 52.458540865000032)","Unfall 198329 (2018) Kat:3, Licht: 2","198329","3","6","2","03","19","7","0","2","0","1","0","0"
"POINT (13.306970851000074 52.500137423000069)","Unfall 198330 (2018) Kat:3, Licht: 2","198330","3","2","5","03","18","1","0","2","1","1","0","0"
"POINT (13.618889288000048 52.496089606000055)","Unfall 198331 (2018) Kat:3, Licht: 2","198331","3","5","1","03","00","7","0","2","0","1","0","0"
"POINT (13.569722761000037 52.441981099000031)","Unfall 198332 (2018) Kat:3, Licht: 0","198332","3","2","5","03","16","3","1","0","1","1","0","0"
"POINT (13.352714104000029 52.539722858000061)","Unfall 198333 (2018) Kat:3, Licht: 1","198333","3","3","5","03","17","1","0","1","1","1","0","0"
"POINT (13.497423662000074 52.416070536000063)","Unfall 198334 (2018) Kat:3, Licht: 0","198334","3","3","5","03","09","7","0","0","0","1","0","0"
"POINT (13.418931018000023 52.392586965000078)","Unfall 198335 (2018) Kat:3, Licht: 2","198335","3","7","1","03","04","7","0","2","0","1","0","0"
"POINT (13.372147424000048 52.556693375000066)","Unfall 198336 (2018) Kat:3, Licht: 0","198336","3","6","2","03","17","1","0","0","0","1","0","0"
"POINT (13.421243755000035 52.500751173000026)","Unfall 198337 (2018) Kat:3, Licht: 0","198337","3","6","1","02","08","4","0","0","1","0","0","0"
"POINT (13.181408460000057 52.548475152000037)","Unfall 198338 (2018) Kat:3, Licht: 0","198338","3","3","5","03","15","1","0","0","1","1","0","0"
"POINT (13.303876034000041 52.501657518000059)","Unfall 198339 (2018) Kat:2, Licht: 0","198339","2","5","1","03","11","7","0","0","1","1","0","0"
"POINT (13.380854721000048 52.516333311000039)","Unfall 198340 (2018) Kat:3, Licht: 0","198340","3","2","0","03","13","1","0","0","1","0","0","0"
"POINT (13.336352075000036 52.542038982000065)","Unfall 198341 (2018) Kat:3, Licht: 0","198341","3","6","2","03","12","7","0","0","0","1","0","0"
"POINT (13.232306324000035 52.527611490000027)","Unfall 198342 (2018) Kat:3, Licht: 0","198342","3","6","2","03","15","7","0","0","0","1","0","0"
"POINT (13.223304681000059 52.500627711000050)","Unfall 198343 (2018) Kat:2, Licht: 0","198343","2","5","1","03","11","1","0","0","1","1","0","0"
"POINT (13.473149771000067 52.509284702000059)","Unfall 198344 (2018) Kat:3, Licht: 0","198344","3","2","2","03","16","7","0","0","1","1","0","0"
"POINT (13.441630355000029 52.554867237000053)","Unfall 198345 (2018) Kat:3, Licht: 0","198345","3","2","5","03","10","1","0","0","0","1","0","0"
"POINT (13.355513798000061 52.499042571000075)","Unfall 198346 (2018) Kat:3, Licht: 0","198346","3","7","6","03","17","7","0","0","0","1","1","0"
"POINT (13.382358367000052 52.553376327000080)","Unfall 198347 (2018) Kat:3, Licht: 0","198347","3","1","9","03","15","3","0","0","0","1","0","0"
"POINT (13.340126796000050 52.416315232000045)","Unfall 198348 (2018) Kat:3, Licht: 0","198348","3","3","5","03","10","1","0","0","1","1","0","0"
"POINT (13.471376449000047 52.505154191000031)","Unfall 198349 (2018) Kat:3, Licht: 2","198349","3","2","5","03","19","6","0","2","1","1","0","0"
"POINT (13.314041268000040 52.506350841000028)","Unfall 198350 (2018) Kat:3, Licht: 0","198350","3","2","0","03","09","6","0","0","0","1","0","0"
"POINT (13.428058746000033 52.511068950000038)","Unfall 198351 (2018) Kat:3, Licht: 2","198351","3","5","1","03","03","1","1","2","1","1","0","0"
"POINT (13.165359355000021 52.551123826000037)","Unfall 198352 (2018) Kat:2, Licht: 2","198352","2","2","5","03","02","1","1","2","0","1","0","0"
"POINT (13.442653866000057 52.551043764000042)","Unfall 198353 (2018) Kat:3, Licht: 0","198353","3","3","5","03","10","6","0","0","0","1","0","0"
"POINT (13.445358092000049 52.497166689000039)","Unfall 198354 (2018) Kat:3, Licht: 2","198354","3","7","6","03","20","1","0","2","0","1","1","0"
"POINT (13.558106370000075 52.529636501000027)","Unfall 198355 (2018) Kat:3, Licht: 0","198355","3","3","5","03","11","6","0","0","0","1","0","0"
"POINT (13.346325234000062 52.430858737000051)","Unfall 198356 (2018) Kat:3, Licht: 2","198356","3","4","6","03","21","1","0","2","0","1","1","0"
"POINT (13.522351202000038 52.497302845000036)","Unfall 198357 (2018) Kat:3, Licht: 2","198357","3","4","6","03","19","3","1","2","0","1","1","0"
"POINT (13.576304027000049 52.482787834000078)","Unfall 198358 (2018) Kat:3, Licht: 0","198358","3","6","0","03","15","7","1","0","0","1","0","0"
"POINT (13.311058633000073 52.584615858000063)","Unfall 198359 (2018) Kat:3, Licht: 0","198359","3","2","5","03","14","7","0","0","1","1","0","0"
"POINT (13.314951559000065 52.500828643000034)","Unfall 198360 (2018) Kat:2, Licht: 0","198360","2","3","5","03","12","6","0","0","0","1","0","0"
"POINT (13.353751595000062 52.596558923000032)","Unfall 198361 (2018) Kat:3, Licht: 0","198361","3","6","2","03","12","7","0","0","0","1","0","0"
"POINT (13.288772404000042 52.587997264000080)","Unfall 198362 (2018) Kat:3, Licht: 0","198362","3","7","5","03","10","7","1","0","1","1","0","0"
"POINT (13.606461573000047 52.541825136000057)","Unfall 198363 (2018) Kat:2, Licht: 2","198363","2","7","0","03","19","3","1","2","1","0","0","0"
"POINT (13.249433974000056 52.552274965000038)","Unfall 198364 (2018) Kat:3, Licht: 1","198364","3","3","5","03","17","7","0","1","0","1","0","0"
"POINT (13.443409427000063 52.446346255000037)","Unfall 198365 (2018) Kat:3, Licht: 0","198365","3","4","6","03","13","6","0","0","0","1","1","0"
"POINT (13.438060162000056 52.482814807000068)","Unfall 198366 (2018) Kat:3, Licht: 0","198366","3","3","3","03","13","7","0","0","0","1","0","0"
"POINT (13.563900106000062 52.542022218000056)","Unfall 198367 (2018) Kat:2, Licht: 0","198367","2","4","6","03","12","7","1","0","0","1","1","0"
"POINT (13.698362941000028 52.380567098000029)","Unfall 198368 (2018) Kat:3, Licht: 0","198368","3","1","9","03","13","6","0","0","0","0","0","0"
"POINT (13.323470610000072 52.457164271000067)","Unfall 198369 (2018) Kat:3, Licht: 2","198369","3","3","6","03","18","7","0","2","0","1","1","0"
"POINT (13.285627394000073 52.482924802000070)","Unfall 198370 (2018) Kat:3, Licht: 0","198370","3","3","5","03","13","6","0","0","0","1","0","1"
"POINT (13.155373695000037 52.422614627000030)","Unfall 198371 (2018) Kat:3, Licht: 0","198371","3","7","1","03","10","7","0","0","0","1","0","0"
"POINT (13.384934386000054 52.539982030000033)","Unfall 198372 (2018) Kat:2, Licht: 2","198372","2","3","5","03","20","3","1","2","0","1","0","0"
"POINT (13.384215806000043 52.458180389000063)","Unfall 198373 (2018) Kat:2, Licht: 2","198373","2","4","6","03","23","7","1","2","0","1","1","0"
"POINT (13.549712332000070 52.558929958000078)","Unfall 198374 (2018) Kat:2, Licht: 0","198374","2","3","5","03","08","7","1","0","0","1","0","0"
"POINT (13.339936332000036 52.588159847000043)","Unfall 198375 (2018) Kat:3, Licht: 0","198375","3","3","5","03","14","6","0","0","1","1","0","0"
"POINT (13.433571994000033 52.523175795000043)","Unfall 198376 (2018) Kat:3, Licht: 0","198376","3","4","6","03","07","7","1","0","0","1","1","0"
"POINT (13.396053742000049 52.447295882000049)","Unfall 198377 (2018) Kat:3, Licht: 2","198377","3","2","6","03","23","6","0","2","0","1","1","0"
"POINT (13.405752094000036 52.490214991000073)","Unfall 198378 (2018) Kat:3, Licht: 2","198378","3","1","8","03","02","7","0","2","0","1","0","0"
"POINT (13.300287561000061 52.570052162000081)","Unfall 198379 (2018) Kat:3, Licht: 2","198379","3","3","5","03","20","6","0","2","1","1","0","0"
"POINT (13.489003143000048 52.617594587000042)","Unfall 198380 (2018) Kat:3, Licht: 2","198380","3","7","7","03","23","6","1","2","0","1","0","0"
"POINT (13.427642406000075 52.499171740000065)","Unfall 198381 (2018) Kat:2, Licht: 0","198381","2","3","5","03","08","6","0","0","1","1","0","0"
"POINT (13.624023834000070 52.450527862000058)","Unfall 198382 (2018) Kat:2, Licht: 0","198382","2","4","6","03","15","4","0","0","0","1","1","0"
"POINT (13.198451921000071 52.532981041000028)","Unfall 198383 (2018) Kat:3, Licht: 2","198383","3","2","2","03","21","6","0","2","0","1","0","0"
"POINT (13.241169073000037 52.438500460000057)","Unfall 198384 (2018) Kat:2, Licht: 0","198384","2","3","5","03","08","6","0","0","0","1","0","0"
"POINT (13.568875449000075 52.568357318000039)","Unfall 198385 (2018) Kat:3, Licht: 0","198385","3","5","5","03","12","2","0","0","0","1","0","0"
"POINT (13.320344056000067 52.478830014000039)","Unfall 198386 (2018) Kat:3, Licht: 0","198386","3","2","5","03","07","6","0","0","1","1","0","0"
"POINT (13.313366303000066 52.423128886000029)","Unfall 198387 (2018) Kat:3, Licht: 0","198387","3","3","5","03","10","6","0","0","0","1","0","0"
"POINT (13.569705143000022 52.442013741000039)","Unfall 198388 (2018) Kat:3, Licht: 0","198388","3","2","6","03","08","6","0","0","0","1","1","0"
"POINT (13.330702490000021 52.575503530000049)","Unfall 198389 (2018) Kat:3, Licht: 0","198389","3","5","0","03","09","6","0","0","0","1","0","0"
"POINT (13.435879569000065 52.483704271000079)","Unfall 198390 (2018) Kat:3, Licht: 0","198390","3","2","6","03","17","6","0","0","0","1","1","0"
"POINT (13.405052227000056 52.522103614000059)","Unfall 198391 (2018) Kat:3, Licht: 0","198391","3","5","1","03","09","6","0","0","1","1","0","0"
"POINT (13.429742002000069 52.489617284000076)","Unfall 198392 (2018) Kat:3, Licht: 0","198392","3","4","6","03","17","6","0","0","0","1","1","0"
"POINT (13.451030879000029 52.491832841000075)","Unfall 198393 (2018) Kat:3, Licht: 1","198393","3","2","5","03","17","3","1","1","1","1","0","0"
"POINT (13.403927864000025 52.386675491000062)","Unfall 198394 (2018) Kat:3, Licht: 0","198394","3","7","6","03","09","6","0","0","0","1","1","0"
"POINT (13.403369061000035 52.493838103000030)","Unfall 198395 (2018) Kat:3, Licht: 0","198395","3","2","2","03","15","6","0","0","0","1","0","0"
"POINT (13.416612108000038 52.502063191000047)","Unfall 198396 (2018) Kat:3, Licht: 0","198396","3","2","3","03","15","6","0","0","1","0","0","0"
"POINT (13.406650466000031 52.498430034000080)","Unfall 198397 (2018) Kat:3, Licht: 0","198397","3","3","5","03","08","6","0","0","0","1","0","0"
"POINT (13.497691917000054 52.577582142000040)","Unfall 198398 (2018) Kat:3, Licht: 2","198398","3","1","8","03","19","4","1","2","0","0","0","0"
"POINT (13.213446822000037 52.429616088000046)","Unfall 198399 (2018) Kat:3, Licht: 0","198399","3","3","5","03","07","6","1","0","1","1","0","0"
"POINT (13.473665121000067 52.438118104000068)","Unfall 198400 (2018) Kat:3, Licht: 0","198400","3","4","0","03","14","6","0","0","0","0","1","0"
"POINT (13.319033618000049 52.457501350000030)","Unfall 198401 (2018) Kat:3, Licht: 2","198401","3","6","3","03","19","6","1","2","0","1","0","0"
"POINT (13.392138835000026 52.529866154000047)","Unfall 198402 (2018) Kat:3, Licht: 0","198402","3","4","6","03","07","6","0","0","0","1","1","0"
"POINT (13.294264466000072 52.497692118000032)","Unfall 198403 (2018) Kat:3, Licht: 2","198403","3","7","5","03","19","6","0","2","1","1","0","0"
"POINT (13.317517938000037 52.559881829000062)","Unfall 198404 (2018) Kat:3, Licht: 1","198404","3","2","5","03","06","6","0","1","0","1","0","0"
"POINT (13.307205609000050 52.585872038000048)","Unfall 198405 (2018) Kat:3, Licht: 0","198405","3","4","6","03","07","6","0","0","0","1","1","0"
"POINT (13.423316563000071 52.520186025000044)","Unfall 198406 (2018) Kat:3, Licht: 1","198406","3","3","5","03","04","6","0","1","1","1","0","0"
"POINT (13.309341713000038 52.492058851000081)","Unfall 198407 (2018) Kat:2, Licht: 2","198407","2","2","5","03","05","3","1","2","0","1","0","0"
"POINT (13.273705771000039 52.536935366000080)","Unfall 198408 (2018) Kat:3, Licht: 2","198408","3","4","6","03","18","6","0","2","0","1","1","0"
"POINT (13.417241247000049 52.498838629000034)","Unfall 198409 (2018) Kat:3, Licht: 2","198409","3","6","3","03","19","5","0","2","1","1","0","0"
"POINT (13.285749786000054 52.518756903000053)","Unfall 198410 (2018) Kat:3, Licht: 2","198410","3","6","2","03","19","5","0","2","0","1","0","0"
"POINT (13.450015748000055 52.507509135000078)","Unfall 198411 (2018) Kat:3, Licht: 0","198411","3","2","2","03","07","6","1","0","0","1","0","1"
"POINT (13.296655286000032 52.548146339000027)","Unfall 198412 (2018) Kat:3, Licht: 1","198412","3","3","5","03","18","6","0","1","0","1","0","0"
"POINT (13.460486238000044 52.529375569000081)","Unfall 198413 (2018) Kat:3, Licht: 0","198413","3","6","2","03","13","5","0","0","0","1","0","0"
"POINT (13.386015942000029 52.485030432000030)","Unfall 198414 (2018) Kat:3, Licht: 1","198414","3","2","5","03","17","6","0","1","0","1","0","1"
"POINT (13.413951700000041 52.507764455000029)","Unfall 198415 (2018) Kat:3, Licht: 0","198415","3","5","5","03","12","5","0","0","1","1","0","0"
"POINT (13.372654709000074 52.540175509000051)","Unfall 198416 (2018) Kat:3, Licht: 0","198416","3","1","1","03","17","6","0","0","0","1","0","0"
"POINT (13.483941035000043 52.613243195000052)","Unfall 198417 (2018) Kat:2, Licht: 0","198417","2","6","2","03","10","5","0","0","0","1","0","0"
"POINT (13.275988159000065 52.535578094000073)","Unfall 198418 (2018) Kat:3, Licht: 1","198418","3","5","1","03","17","6","1","1","0","1","0","0"
"POINT (13.178019596000070 52.548733271000060)","Unfall 198419 (2018) Kat:3, Licht: 0","198419","3","2","5","03","07","3","0","0","0","1","0","0"
"POINT (13.663750112000059 52.449337373000049)","Unfall 198420 (2018) Kat:3, Licht: 0","198420","3","1","0","03","07","6","2","0","1","0","0","0"
"POINT (13.411744960000021 52.540472563000037)","Unfall 198421 (2018) Kat:3, Licht: 0","198421","3","5","1","03","07","6","0","0","0","1","0","0"
"POINT (13.429946208000047 52.551078645000075)","Unfall 198422 (2018) Kat:3, Licht: 0","198422","3","2","2","03","11","5","0","0","1","1","0","0"
"POINT (13.368262746000028 52.506308774000047)","Unfall 198423 (2018) Kat:3, Licht: 0","198423","3","2","5","03","15","6","0","0","1","1","0","0"
"POINT (13.430650115000049 52.468635379000034)","Unfall 198424 (2018) Kat:3, Licht: 0","198424","3","6","2","03","15","6","0","0","0","1","0","1"
"POINT (13.435633949000021 52.551047265000079)","Unfall 198425 (2018) Kat:3, Licht: 0","198425","3","3","5","03","11","5","0","0","0","1","0","0"
"POINT (13.269269534000045 52.519135870000071)","Unfall 198426 (2018) Kat:3, Licht: 0","198426","3","3","5","03","15","6","0","0","0","1","0","0"
"POINT (13.300563117000024 52.517114453000033)","Unfall 198427 (2018) Kat:3, Licht: 0","198427","3","7","6","03","10","5","0","0","0","1","1","0"
"POINT (13.377894915000070 52.468684183000050)","Unfall 198428 (2018) Kat:2, Licht: 0","198428","2","3","5","03","15","6","0","0","0","1","0","0"
"POINT (13.361395820000041 52.577652995000051)","Unfall 198429 (2018) Kat:3, Licht: 0","198429","3","1","0","03","08","2","2","0","1","0","0","0"
"POINT (13.364301859000022 52.506929041000035)","Unfall 198430 (2018) Kat:3, Licht: 2","198430","3","7","0","03","22","5","1","2","0","1","0","0"
"POINT (13.467955256000039 52.515530674000047)","Unfall 198431 (2018) Kat:3, Licht: 2","198431","3","7","6","03","22","5","0","2","1","0","1","0"
"POINT (13.155767966000042 52.521623421000072)","Unfall 198432 (2018) Kat:3, Licht: 0","198432","3","4","6","03","15","5","0","0","0","1","1","0"
"POINT (13.571356530000060 52.528546890000030)","Unfall 198433 (2018) Kat:3, Licht: 0","198433","3","7","2","03","09","5","0","0","0","1","0","0"
"POINT (13.409908371000029 52.574407324000049)","Unfall 198434 (2018) Kat:3, Licht: 0","198434","3","3","5","03","17","5","0","0","1","1","0","0"
"POINT (13.443353496000043 52.511955875000069)","Unfall 198435 (2018) Kat:2, Licht: 2","198435","2","3","5","03","19","3","2","2","0","1","0","0"
"POINT (13.297337841000058 52.442380118000074)","Unfall 198436 (2018) Kat:3, Licht: 2","198436","3","5","5","03","21","5","1","2","0","1","0","1"
"POINT (13.623002261000067 52.450567828000032)","Unfall 198437 (2018) Kat:3, Licht: 2","198437","3","2","5","03","19","5","0","2","1","1","0","0"
"POINT (13.380418125000062 52.522719963000043)","Unfall 198438 (2018) Kat:3, Licht: 0","198438","3","2","5","03","09","5","0","0","1","1","0","0"
"POINT (13.342535593000036 52.545291187000032)","Unfall 198439 (2018) Kat:3, Licht: 0","198439","3","6","2","03","14","5","1","0","0","1","0","0"
"POINT (13.321351536000066 52.444107351000071)","Unfall 198440 (2018) Kat:3, Licht: 0","198440","3","2","2","03","13","5","1","0","0","1","0","0"
"POINT (13.411019725000074 52.503480318000072)","Unfall 198441 (2018) Kat:3, Licht: 0","198441","3","2","5","03","09","5","0","0","1","1","0","0"
"POINT (13.459574776000068 52.509088447000067)","Unfall 198442 (2018) Kat:3, Licht: 0","198442","3","6","0","03","15","4","1","0","0","1","0","0"
"POINT (13.540128107000044 52.525664830000039)","Unfall 198443 (2018) Kat:3, Licht: 0","198443","3","2","5","03","12","5","1","0","1","1","0","0"
"POINT (13.397497516000044 52.423854744000039)","Unfall 198444 (2018) Kat:3, Licht: 0","198444","3","3","5","03","09","5","0","0","0","1","0","0"
"POINT (13.297113847000048 52.537216324000042)","Unfall 198445 (2018) Kat:3, Licht: 2","198445","3","4","6","03","18","5","0","2","0","1","1","0"
"POINT (13.449227866000058 52.497035435000043)","Unfall 198446 (2018) Kat:3, Licht: 0","198446","3","6","2","03","09","5","0","0","0","1","0","0"
"POINT (13.343943192000040 52.485705690000032)","Unfall 198447 (2018) Kat:3, Licht: 2","198447","3","3","5","03","18","5","0","2","0","1","0","0"
"POINT (13.472144698000022 52.465143557000033)","Unfall 198448 (2018) Kat:3, Licht: 0","198448","3","3","5","03","08","5","0","0","0","1","0","0"
"POINT (13.539664549000065 52.436428985000077)","Unfall 198449 (2018) Kat:3, Licht: 0","198449","3","6","2","03","08","5","0","0","0","1","0","0"
"POINT (13.535216600000069 52.432402544000070)","Unfall 198450 (2018) Kat:3, Licht: 1","198450","3","2","5","03","06","5","1","1","1","0","0","0"
"POINT (13.430892399000072 52.467842509000036)","Unfall 198451 (2018) Kat:3, Licht: 2","198451","3","3","2","03","22","5","0","2","0","1","0","0"
"POINT (13.365637501000037 52.493696623000062)","Unfall 198452 (2018) Kat:3, Licht: 0","198452","3","3","5","03","10","5","1","0","0","1","0","0"
"POINT (13.607554089000075 52.533486223000068)","Unfall 198453 (2018) Kat:3, Licht: 0","198453","3","6","0","03","08","5","0","0","1","0","0","0"
"POINT (13.176608555000030 52.545016515000043)","Unfall 198454 (2018) Kat:3, Licht: 0","198454","3","3","0","03","14","3","0","0","0","1","0","1"
"POINT (13.333141371000067 52.595490219000055)","Unfall 198455 (2018) Kat:3, Licht: 0","198455","3","2","6","03","10","5","0","0","0","0","1","0"
"POINT (13.411967160000074 52.542721929000038)","Unfall 198456 (2018) Kat:3, Licht: 2","198456","3","4","6","03","20","5","0","2","0","1","1","0"
"POINT (13.408428803000049 52.501991146000080)","Unfall 198457 (2018) Kat:3, Licht: 2","198457","3","3","0","03","17","5","0","2","0","1","0","1"
"POINT (13.415155222000067 52.569673722000061)","Unfall 198458 (2018) Kat:3, Licht: 0","198458","3","5","1","03","10","5","1","0","1","1","0","0"
"POINT (13.425163560000044 52.526877458000058)","Unfall 198459 (2018) Kat:3, Licht: 0","198459","3","3","6","02","08","4","0","0","0","1","1","0"
"POINT (13.506765902000041 52.496915937000040)","Unfall 198460 (2018) Kat:3, Licht: 0","198460","3","2","2","03","07","5","0","0","0","1","0","0"
"POINT (13.203424263000045 52.523815111000033)","Unfall 198461 (2018) Kat:3, Licht: 0","198461","3","5","5","03","08","5","1","0","0","1","0","0"
"POINT (13.154599442000062 52.532173110000031)","Unfall 198462 (2018) Kat:2, Licht: 0","198462","2","4","6","03","07","5","0","0","0","1","1","0"
"POINT (13.582088005000060 52.442807777000041)","Unfall 198463 (2018) Kat:3, Licht: 0","198463","3","2","2","03","10","5","1","0","0","1","1","0"
"POINT (13.407900845000029 52.511726432000046)","Unfall 198464 (2018) Kat:3, Licht: 2","198464","3","5","1","03","17","5","0","2","1","1","0","0"
"POINT (13.441635371000075 52.543279372000029)","Unfall 198465 (2018) Kat:3, Licht: 0","198465","3","4","6","03","10","3","0","0","1","0","1","0"
"POINT (13.554805406000071 52.432685338000056)","Unfall 198466 (2018) Kat:3, Licht: 0","198466","3","3","5","03","15","5","0","0","0","1","0","0"
"POINT (13.314075695000042 52.436773533000064)","Unfall 198467 (2018) Kat:3, Licht: 0","198467","3","3","5","03","07","5","1","0","1","1","0","0"
"POINT (13.460165809000046 52.522806892000062)","Unfall 198468 (2018) Kat:3, Licht: 2","198468","3","3","5","03","17","5","0","2","1","1","0","0"
"POINT (13.362287882000032 52.551038988000073)","Unfall 198469 (2018) Kat:3, Licht: 0","198469","3","4","6","03","16","3","0","0","0","1","1","0"
"POINT (13.447955541000056 52.447448736000069)","Unfall 198470 (2018) Kat:2, Licht: 0","198470","2","4","6","03","15","5","0","0","0","1","1","0"
"POINT (13.230729175000022 52.538153449000049)","Unfall 198471 (2018) Kat:3, Licht: 0","198471","3","6","2","03","14","5","0","0","0","1","0","0"
"POINT (13.585349115000042 52.441556701000081)","Unfall 198472 (2018) Kat:3, Licht: 0","198472","3","3","6","03","15","5","0","0","0","1","1","0"
"POINT (13.471707601000048 52.507687048000037)","Unfall 198473 (2018) Kat:3, Licht: 0","198473","3","7","0","03","09","5","1","0","1","0","0","0"
"POINT (13.419337877000032 52.515016883000044)","Unfall 198474 (2018) Kat:3, Licht: 0","198474","3","3","5","03","08","4","0","0","1","1","0","0"
"POINT (13.325474959000076 52.428001885000072)","Unfall 198475 (2018) Kat:2, Licht: 0","198475","2","3","3","03","14","5","0","0","1","1","0","0"
"POINT (13.456131195000069 52.561441635000051)","Unfall 198476 (2018) Kat:2, Licht: 2","198476","2","2","5","03","19","4","1","2","0","1","0","0"
"POINT (13.527826916000038 52.422777131000032)","Unfall 198477 (2018) Kat:3, Licht: 0","198477","3","3","5","03","14","5","0","0","1","1","0","0"
"POINT (13.432702562000031 52.478419908000035)","Unfall 198478 (2018) Kat:3, Licht: 2","198478","3","2","2","03","18","4","1","2","0","1","0","0"
"POINT (13.385768805000055 52.421548671000039)","Unfall 198479 (2018) Kat:3, Licht: 2","198479","3","7","5","03","05","3","0","2","0","1","0","1"
"POINT (13.318626278000067 52.454169331000060)","Unfall 198480 (2018) Kat:3, Licht: 0","198480","3","3","5","03","17","4","0","0","0","1","0","0"
"POINT (13.347624987000074 52.507011497000065)","Unfall 198481 (2018) Kat:3, Licht: 0","198481","3","6","2","03","12","4","1","0","0","1","0","0"
"POINT (13.216626512000062 52.436203893000027)","Unfall 198482 (2018) Kat:3, Licht: 0","198482","3","2","5","03","14","5","0","0","1","1","0","0"
"POINT (13.314932509000073 52.469322824000074)","Unfall 198483 (2018) Kat:3, Licht: 0","198483","3","7","2","03","10","4","1","0","0","1","0","0"
"POINT (13.438601654000024 52.452594622000049)","Unfall 198484 (2018) Kat:3, Licht: 0","198484","3","2","5","03","10","4","1","0","0","1","0","0"
"POINT (13.575766085000055 52.491203081000037)","Unfall 198485 (2018) Kat:2, Licht: 0","198485","2","3","5","03","13","5","0","0","0","1","0","0"
"POINT (13.426681987000052 52.515705895000053)","Unfall 198486 (2018) Kat:3, Licht: 0","198486","3","3","5","03","09","4","1","0","1","1","0","0"
"POINT (13.376957860000061 52.558215342000040)","Unfall 198487 (2018) Kat:3, Licht: 0","198487","3","7","5","03","08","4","1","0","0","1","0","0"
"POINT (13.389139975000035 52.527561908000052)","Unfall 198488 (2018) Kat:3, Licht: 0","198488","3","2","5","03","13","5","0","0","1","1","0","0"
"POINT (13.391639832000067 52.512223658000039)","Unfall 198489 (2018) Kat:3, Licht: 0","198489","3","3","5","03","08","4","1","0","0","1","0","0"
"POINT (13.608374421000065 52.538904315000082)","Unfall 198490 (2018) Kat:3, Licht: 0","198490","3","3","5","03","13","5","0","0","0","1","0","0"
"POINT (13.401944704000073 52.509661606000066)","Unfall 198491 (2018) Kat:3, Licht: 0","198491","3","5","1","03","13","4","1","0","0","1","0","0"
"POINT (13.347408467000037 52.596222886000078)","Unfall 198492 (2018) Kat:3, Licht: 2","198492","3","2","6","03","20","3","1","2","0","1","1","0"
"POINT (13.465652898000030 52.517475989000047)","Unfall 198493 (2018) Kat:3, Licht: 0","198493","3","4","6","03","07","4","1","0","0","1","1","0"
"POINT (13.558824964000053 52.469962075000069)","Unfall 198494 (2018) Kat:3, Licht: 2","198494","3","1","0","03","05","4","2","2","0","1","0","0"
"POINT (13.328813924000031 52.478847655000038)","Unfall 198495 (2018) Kat:3, Licht: 0","198495","3","2","5","03","13","5","0","0","1","1","0","0"
"POINT (13.179247120000070 52.533767932000046)","Unfall 198496 (2018) Kat:2, Licht: 0","198496","2","3","5","03","08","4","2","0","1","1","0","0"
"POINT (13.419188750000046 52.501306026000066)","Unfall 198497 (2018) Kat:3, Licht: 2","198497","3","4","6","03","02","4","1","2","0","0","1","0"
"POINT (13.376708784000073 52.485033606000059)","Unfall 198498 (2018) Kat:3, Licht: 0","198498","3","2","5","02","13","4","0","0","1","0","0","0"
"POINT (13.475336458000072 52.456166327000062)","Unfall 198499 (2018) Kat:3, Licht: 0","198499","3","6","2","03","13","4","1","0","0","1","0","0"
"POINT (13.337283372000059 52.503820503000043)","Unfall 198500 (2018) Kat:3, Licht: 2","198500","3","4","6","03","23","4","0","2","0","1","1","0"
"POINT (13.453039925000041 52.551780013000041)","Unfall 198501 (2018) Kat:2, Licht: 0","198501","2","4","6","02","14","4","0","0","0","1","1","0"
"POINT (13.519660144000056 52.505816904000028)","Unfall 198502 (2018) Kat:3, Licht: 0","198502","3","2","6","02","13","4","0","0","0","1","1","0"
"POINT (13.429644964000033 52.544751867000059)","Unfall 198503 (2018) Kat:2, Licht: 2","198503","2","1","1","03","21","4","1","2","0","1","0","0"
"POINT (13.499401007000074 52.522888665000039)","Unfall 198504 (2018) Kat:3, Licht: 0","198504","3","2","2","02","13","4","0","0","0","1","0","0"
"POINT (13.354116450000049 52.449113963000059)","Unfall 198505 (2018) Kat:3, Licht: 0","198505","3","6","2","03","15","2","0","0","0","1","0","0"
"POINT (13.429690445000062 52.510350853000034)","Unfall 198506 (2018) Kat:3, Licht: 2","198506","3","6","2","03","18","4","1","2","0","1","0","0"
"POINT (13.577553256000044 52.402216786000054)","Unfall 198507 (2018) Kat:2, Licht: 2","198507","2","3","5","03","18","4","1","2","1","1","0","0"
"POINT (13.406148205000022 52.581687480000028)","Unfall 198508 (2018) Kat:3, Licht: 0","198508","3","2","5","02","12","4","0","0","1","1","0","0"
"POINT (13.308154024000032 52.477865612000073)","Unfall 198509 (2018) Kat:2, Licht: 1","198509","2","2","5","03","18","4","1","1","0","1","0","0"