WKT,Name,OBJECTID,UKATEGORIE,UTYP1,UART,UMONAT,USTUNDE,UWOCHENTAG,STRZUSTAND,ULICHTVERH,ISTRAD,ISTPKW,ISTFUSS,ISTKRAD
"POINT (13.379685945000062 52.514792312000054)","Unfall 198695 (2018) Kat:3, Licht: 0","198695","3","7","6","03","08","5","0","0","0","1","1","0"
"POINT (13.393305945000066 52.458013208000068)","Unfall 198696 (2018) Kat:3, Licht: 2","198696","3","2","6","03","20","5","0","2","0","1","1","0"
"POINT (13.430792383000039 52.502403150000077)","Unfall 198697 (2018) Kat:3, Licht: 2","198697","3","7","0","03","19","5","0","2","0","0","1","0"
"POINT (13.593482862000030 52.450182238000082)","Unfall 198698 (2018) Kat:3, Licht: 2","198698","3","6","2","03","18","5","1","2","0","1","0","0"
"POINT (13.577995231000045 52.461239628000044)","Unfall 198699 (2018) Kat:3, Licht: 1","198699","3","2","5","03","18","5","0","1","0","1","0","0"
"POINT (13.420776542000056 52.499028509000027)","Unfall 198700 (2018) Kat:3, Licht: 2","198700","3","6","0","03","18","5","1","2","0","1","0","1"
"POINT (13.501459811000075 52.482989151000027)","Unfall 198701 (2018) Kat:3, Licht: 0","198701","3","6","2","03","13","3","0","0","0","1","0","0"
"POINT (13.423171347000050 52.485944602000075)","Unfall 198702 (2018) Kat:3, Licht: 0","198702","3","7","6","03","14","5","0","0","0","1","1","0"
"POINT (13.410526338000068 52.414034778000030)","Unfall 198703 (2018) Kat:3, Licht: 2","198703","3","3","5","03","18","5","1","2","0","1","0","0"
"POINT (13.128651126000022 52.528771063000079)","Unfall 198704 (2018) Kat:3, Licht: 2","198704","3","3","5","03","18","5","0","2","0","1","0","0"
"POINT (13.510060160000023 52.550397784000040)","Unfall 198705 (2018) Kat:3, Licht: 0","198705","3","7","5","03","12","3","0","0","0","1","0","0"
"POINT (13.374399962000041 52.543714562000048)","Unfall 198706 (2018) Kat:2, Licht: 2","198706","2","3","5","03","19","5","0","2","0","1","0","0"
"POINT (13.275967768000044 52.538353140000027)","Unfall 198707 (2018) Kat:3, Licht: 0","198707","3","3","5","03","17","5","1","0","1","1","0","0"
"POINT (13.406722356000046 52.498525071000074)","Unfall 198708 (2018) Kat:3, Licht: 1","198708","3","2","6","03","17","5","1","1","0","1","1","0"
"POINT (13.468946943000049 52.531403061000049)","Unfall 198709 (2018) Kat:3, Licht: 1","198709","3","2","5","03","18","5","0","1","0","1","0","0"
"POINT (13.425307783000051 52.586442003000059)","Unfall 198710 (2018) Kat:3, Licht: 2","198710","3","2","2","03","20","5","0","2","0","1","0","0"
"POINT (13.492044496000062 52.413730725000050)","Unfall 198711 (2018) Kat:3, Licht: 0","198711","3","6","2","03","16","5","1","0","0","1","0","0"
"POINT (13.356988401000024 52.542199808000078)","Unfall 198712 (2018) Kat:3, Licht: 0","198712","3","2","6","03","12","3","0","0","0","1","1","0"
"POINT (13.450680953000074 52.522391382000080)","Unfall 198713 (2018) Kat:3, Licht: 0","198713","3","2","5","03","08","5","0","0","1","0","0","0"
"POINT (13.362258903000054 52.547215131000030)","Unfall 198714 (2018) Kat:3, Licht: 0","198714","3","5","1","03","15","5","1","0","0","1","0","0"
"POINT (13.429462937000039 52.555924971000081)","Unfall 198715 (2018) Kat:2, Licht: 0","198715","2","2","5","03","12","3","0","0","1","0","0","0"
"POINT (13.413983714000040 52.553629128000068)","Unfall 198716 (2018) Kat:3, Licht: 0","198716","3","6","2","03","10","5","0","0","0","1","0","0"
"POINT (13.373532278000027 52.574695766000048)","Unfall 198717 (2018) Kat:3, Licht: 0","198717","3","3","5","03","15","5","1","0","1","1","0","0"
"POINT (13.413299588000029 52.502921138000033)","Unfall 198718 (2018) Kat:3, Licht: 0","198718","3","2","5","03","10","5","0","0","1","1","0","0"
"POINT (13.558373581000069 52.549461621000034)","Unfall 198719 (2018) Kat:3, Licht: 0","198719","3","7","1","03","14","5","1","0","0","1","0","0"
"POINT (13.337982407000027 52.451055219000068)","Unfall 198720 (2018) Kat:3, Licht: 0","198720","3","2","5","03","11","3","0","0","0","1","0","0"
"POINT (13.328422267000064 52.565286400000048)","Unfall 198721 (2018) Kat:2, Licht: 0","198721","2","4","6","03","07","5","0","0","0","1","1","0"
"POINT (13.524739910000051 52.478714875000037)","Unfall 198722 (2018) Kat:3, Licht: 0","198722","3","6","2","03","07","5","0","0","0","1","0","0"
"POINT (13.411552115000063 52.512760259000061)","Unfall 198723 (2018) Kat:3, Licht: 0","198723","3","2","5","03","14","5","1","0","1","1","0","0"
"POINT (13.618428202000075 52.455481703000032)","Unfall 198724 (2018) Kat:2, Licht: 0","198724","2","7","6","03","10","5","0","0","0","1","1","0"
"POINT (13.484157027000037 52.539659080000035)","Unfall 198725 (2018) Kat:3, Licht: 0","198725","3","3","5","03","11","5","0","0","1","1","0","0"
"POINT (13.446967763000032 52.480497722000052)","Unfall 198726 (2018) Kat:3, Licht: 0","198726","3","3","5","03","12","5","1","0","0","1","0","0"
"POINT (13.191187405000051 52.536378963000061)","Unfall 198727 (2018) Kat:3, Licht: 1","198727","3","4","0","03","18","2","0","1","0","0","1","1"
"POINT (13.643731387000059 52.521509434000052)","Unfall 198728 (2018) Kat:3, Licht: 0","198728","3","3","5","03","11","5","0","0","0","1","0","0"
"POINT (13.352181335000068 52.506443568000066)","Unfall 198729 (2018) Kat:3, Licht: 2","198729","3","2","6","03","19","5","1","2","0","1","1","0"
"POINT (13.344414690000065 52.475939006000033)","Unfall 198730 (2018) Kat:3, Licht: 0","198730","3","5","1","03","12","5","1","0","1","0","0","0"
"POINT (13.387882970000021 52.550036622000050)","Unfall 198731 (2018) Kat:2, Licht: 2","198731","2","2","5","03","20","5","1","2","1","0","0","0"
"POINT (13.392246368000031 52.542998489000070)","Unfall 198732 (2018) Kat:2, Licht: 2","198732","2","4","6","03","23","2","0","2","0","1","1","0"
"POINT (13.352814780000074 52.550686256000063)","Unfall 198733 (2018) Kat:3, Licht: 0","198733","3","7","1","03","12","5","0","0","0","1","1","0"
"POINT (13.302747748000058 52.488455808000026)","Unfall 198734 (2018) Kat:3, Licht: 0","198734","3","6","2","03","13","5","0","0","0","1","0","0"
"POINT (13.331246942000064 52.524004969000032)","Unfall 198735 (2018) Kat:3, Licht: 0","198735","3","4","6","03","14","5","0","0","0","1","1","0"
"POINT (13.379246587000068 52.529455769000037)","Unfall 198736 (2018) Kat:3, Licht: 0","198736","3","6","2","03","12","5","1","0","0","1","0","0"
"POINT (13.333529113000054 52.600685722000037)","Unfall 198737 (2018) Kat:3, Licht: 0","198737","3","6","3","03","13","5","0","0","0","1","0","0"
"POINT (13.390353223000034 52.506704919000072)","Unfall 198738 (2018) Kat:3, Licht: 0","198738","3","4","6","03","12","5","1","0","0","1","1","0"
"POINT (13.298314533000053 52.441495512000074)","Unfall 198739 (2018) Kat:3, Licht: 0","198739","3","2","5","03","14","2","0","0","1","1","0","0"
"POINT (13.282068639000045 52.533802664000063)","Unfall 198740 (2018) Kat:3, Licht: 0","198740","3","6","2","03","15","5","0","0","0","1","0","0"
"POINT (13.550417439000057 52.543063168000060)","Unfall 198741 (2018) Kat:2, Licht: 0","198741","2","3","5","03","16","5","0","0","0","0","0","1"
"POINT (13.316913734000025 52.502057310000055)","Unfall 198742 (2018) Kat:3, Licht: 0","198742","3","5","1","03","12","5","1","0","1","1","0","0"
"POINT (13.354443066000044 52.526574124000035)","Unfall 198743 (2018) Kat:3, Licht: 1","198743","3","7","0","03","16","5","0","1","0","0","0","1"
"POINT (13.426395359000026 52.480997026000068)","Unfall 198744 (2018) Kat:3, Licht: 1","198744","3","6","3","03","18","4","0","1","1","1","0","0"
"POINT (13.519421274000024 52.525718786000027)","Unfall 198745 (2018) Kat:3, Licht: 0","198745","3","4","6","03","11","5","1","0","0","0","1","0"
"POINT (13.490596607000043 52.468342965000033)","Unfall 198746 (2018) Kat:2, Licht: 0","198746","2","3","5","03","07","5","1","0","1","1","0","0"
"POINT (13.342697476000069 52.503420761000029)","Unfall 198747 (2018) Kat:3, Licht: 0","198747","3","7","6","03","11","2","0","0","0","1","1","0"
"POINT (13.371940537000057 52.469892417000040)","Unfall 198748 (2018) Kat:2, Licht: 0","198748","2","7","5","03","14","4","0","0","1","1","0","0"
"POINT (13.297312278000049 52.580100364000032)","Unfall 198749 (2018) Kat:3, Licht: 0","198749","3","2","5","03","07","5","1","0","0","1","0","0"
"POINT (13.526886934000061 52.492053983000062)","Unfall 198750 (2018) Kat:3, Licht: 0","198750","3","3","5","03","10","4","0","0","1","1","0","0"
"POINT (13.558335942000042 52.490433389000032)","Unfall 198751 (2018) Kat:3, Licht: 0","198751","3","4","6","03","08","5","1","0","0","1","1","0"
"POINT (13.296478898000032 52.499850224000056)","Unfall 198752 (2018) Kat:3, Licht: 0","198752","3","3","5","03","07","4","1","0","1","1","0","0"
"POINT (13.256085355000039 52.435662257000047)","Unfall 198753 (2018) Kat:3, Licht: 0","198753","3","7","2","03","08","5","1","0","0","1","0","0"
"POINT (13.397394456000029 52.488895201000048)","Unfall 198754 (2018) Kat:3, Licht: 0","198754","3","2","5","03","08","5","1","0","1","1","0","0"
"POINT (13.231053374000055 52.610411109000040)","Unfall 198755 (2018) Kat:3, Licht: 0","198755","3","6","2","03","06","4","1","0","0","1","0","0"
"POINT (13.380769326000063 52.511034117000065)","Unfall 198756 (2018) Kat:2, Licht: 0","198756","2","4","6","03","10","5","1","0","0","1","1","0"
"POINT (13.415138616000036 52.527069214000051)","Unfall 198757 (2018) Kat:3, Licht: 0","198757","3","6","2","03","08","4","1","0","0","1","0","0"
"POINT (13.351533727000060 52.509524496000040)","Unfall 198758 (2018) Kat:3, Licht: 0","198758","3","2","5","03","10","5","1","0","1","1","0","0"
"POINT (13.326108226000031 52.538361035000037)","Unfall 198759 (2018) Kat:2, Licht: 0","198759","2","2","5","03","11","5","1","0","0","1","0","0"
"POINT (13.409905318000028 52.518094447000067)","Unfall 198760 (2018) Kat:3, Licht: 0","198760","3","3","5","03","11","2","0","0","1","1","0","0"
"POINT (13.250795346000075 52.434888340000043)","Unfall 198761 (2018) Kat:3, Licht: 2","198761","3","2","5","03","18","4","0","2","0","1","0","0"
"POINT (13.250248374000023 52.421291585000063)","Unfall 198762 (2018) Kat:3, Licht: 0","198762","3","3","5","03","11","5","1","0","0","1","0","0"
"POINT (13.473126229000059 52.509257119000040)","Unfall 198763 (2018) Kat:3, Licht: 0","198763","3","6","2","03","14","4","0","0","0","1","0","0"
"POINT (13.359714860000054 52.486456769000029)","Unfall 198764 (2018) Kat:3, Licht: 2","198764","3","5","1","03","19","4","0","2","1","1","0","0"
"POINT (13.305757549000077 52.531852402000027)","Unfall 198765 (2018) Kat:3, Licht: 0","198765","3","2","4","03","08","4","0","0","1","1","0","0"
"POINT (13.383709121000038 52.551105406000033)","Unfall 198766 (2018) Kat:3, Licht: 2","198766","3","7","6","03","20","4","0","2","0","1","1","0"
"POINT (13.267678968000041 52.515723376000039)","Unfall 198767 (2018) Kat:3, Licht: 0","198767","3","3","5","03","17","4","0","0","0","1","0","0"
"POINT (13.280826670000067 52.477983155000061)","Unfall 198768 (2018) Kat:3, Licht: 0","198768","3","7","5","03","12","2","0","0","0","1","0","0"
"POINT (13.577644544000066 52.456537301000026)","Unfall 198769 (2018) Kat:3, Licht: 0","198769","3","4","6","03","15","4","0","0","0","1","1","0"
"POINT (13.407008629000075 52.386668697000061)","Unfall 198770 (2018) Kat:2, Licht: 0","198770","2","2","5","03","17","4","0","0","1","1","0","0"
"POINT (13.406551182000044 52.393763598000078)","Unfall 198771 (2018) Kat:3, Licht: 0","198771","3","3","5","03","17","4","0","0","0","1","0","0"
"POINT (13.329502217000027 52.563116723000064)","Unfall 198772 (2018) Kat:3, Licht: 0","198772","3","4","6","03","13","2","0","0","0","1","1","0"
"POINT (13.454000141000051 52.522113315000070)","Unfall 198773 (2018) Kat:3, Licht: 0","198773","3","4","6","03","17","4","0","0","0","1","1","0"
"POINT (13.380837624000037 52.516366200000050)","Unfall 198774 (2018) Kat:3, Licht: 0","198774","3","2","5","03","17","4","0","0","1","1","0","0"
"POINT (13.450525140000025 52.522352685000044)","Unfall 198775 (2018) Kat:3, Licht: 0","198775","3","2","5","03","16","4","0","0","0","1","0","1"
"POINT (13.379631753000069 52.522549412000046)","Unfall 198776 (2018) Kat:3, Licht: 0","198776","3","2","5","03","16","4","0","0","1","1","0","0"
"POINT (13.333110176000048 52.595485071000041)","Unfall 198777 (2018) Kat:3, Licht: 0","198777","3","4","6","03","15","4","0","0","0","1","1","0"
"POINT (13.354605327000058 52.506958791000045)","Unfall 198778 (2018) Kat:3, Licht: 0","198778","3","7","0","03","15","4","0","0","1","0","0","0"
"POINT (13.446855388000074 52.521433495000053)","Unfall 198779 (2018) Kat:3, Licht: 0","198779","3","6","2","03","15","4","0","0","1","0","0","0"
"POINT (13.438648434000072 52.514428135000060)","Unfall 198780 (2018) Kat:2, Licht: 0","198780","2","4","6","03","15","4","1","0","0","1","1","0"
"POINT (13.439621937000027 52.481530858000042)","Unfall 198781 (2018) Kat:3, Licht: 0","198781","3","5","1","03","14","4","1","0","1","1","0","0"
"POINT (13.526737046000051 52.427459607000060)","Unfall 198782 (2018) Kat:3, Licht: 0","198782","3","5","1","03","15","4","0","0","0","0","0","1"
"POINT (13.378755567000042 52.550518101000080)","Unfall 198783 (2018) Kat:2, Licht: 0","198783","2","4","6","03","13","4","1","0","0","1","1","0"
"POINT (13.281510828000023 52.501298337000037)","Unfall 198784 (2018) Kat:3, Licht: 2","198784","3","6","2","03","18","4","0","2","0","1","0","0"
"POINT (13.312798675000067 52.480410001000052)","Unfall 198785 (2018) Kat:3, Licht: 0","198785","3","2","5","03","13","4","0","0","0","1","0","0"
"POINT (13.408250930000065 52.572465252000029)","Unfall 198786 (2018) Kat:3, Licht: 2","198786","3","7","1","03","19","4","0","2","1","1","0","0"
"POINT (13.604801331000033 52.537592410000059)","Unfall 198787 (2018) Kat:3, Licht: 0","198787","3","4","0","03","12","4","1","0","0","0","1","0"
"POINT (13.426035558000024 52.413652042000081)","Unfall 198788 (2018) Kat:2, Licht: 0","198788","2","4","6","03","11","4","1","0","0","1","1","0"
"POINT (13.270506212000043 52.451020149000044)","Unfall 198789 (2018) Kat:2, Licht: 0","198789","2","2","6","03","15","4","0","0","0","1","1","0"
"POINT (13.511828302000026 52.550640874000067)","Unfall 198790 (2018) Kat:3, Licht: 0","198790","3","3","5","03","12","4","1","0","1","1","0","0"
"POINT (13.194917222000072 52.535560743000076)","Unfall 198791 (2018) Kat:3, Licht: 0","198791","3","6","2","03","10","4","0","0","0","1","0","0"
"POINT (13.165363512000056 52.551132010000060)","Unfall 198792 (2018) Kat:3, Licht: 0","198792","3","2","5","03","14","4","0","0","1","1","0","0"
"POINT (13.514699319000044 52.468737591000036)","Unfall 198793 (2018) Kat:3, Licht: 1","198793","3","3","5","03","17","3","1","1","0","1","0","0"
"POINT (13.351093657000035 52.504162254000050)","Unfall 198794 (2018) Kat:3, Licht: 1","198794","3","6","2","03","18","3","0","1","0","1","0","0"
"POINT (13.347733679000044 52.543373471000052)","Unfall 198795 (2018) Kat:3, Licht: 0","198795","3","6","3","03","14","4","0","0","0","1","0","0"
"POINT (13.474259895000046 52.535391414000060)","Unfall 198796 (2018) Kat:2, Licht: 0","198796","2","6","3","03","12","3","0","0","0","1","0","0"
"POINT (13.378929405000065 52.480620513000076)","Unfall 198797 (2018) Kat:3, Licht: 0","198797","3","3","5","03","14","4","0","0","1","1","0","0"
"POINT (13.338605929000039 52.449056863000067)","Unfall 198798 (2018) Kat:2, Licht: 2","198798","2","4","6","03","18","3","2","2","1","0","1","0"
"POINT (13.496499845000073 52.534014676000027)","Unfall 198799 (2018) Kat:3, Licht: 0","198799","3","3","5","03","13","4","0","0","1","1","0","0"
"POINT (13.384107247000031 52.455824101000076)","Unfall 198800 (2018) Kat:3, Licht: 0","198800","3","6","3","03","13","3","0","0","1","1","0","0"
"POINT (13.520224068000061 52.473859894000043)","Unfall 198801 (2018) Kat:3, Licht: 0","198801","3","7","0","03","10","3","0","0","1","0","0","0"
"POINT (13.408010546000071 52.516145033000043)","Unfall 198802 (2018) Kat:3, Licht: 0","198802","3","6","2","03","13","4","0","0","0","1","0","0"
"POINT (13.259547280000049 52.430269535000036)","Unfall 198803 (2018) Kat:3, Licht: 0","198803","3","4","6","03","14","3","1","0","0","1","1","0"
"POINT (13.270694802000037 52.451010366000048)","Unfall 198804 (2018) Kat:3, Licht: 0","198804","3","2","5","03","15","3","0","0","0","1","0","0"
"POINT (13.605089395000050 52.527659267000047)","Unfall 198805 (2018) Kat:3, Licht: 0","198805","3","2","2","03","12","4","0","0","0","1","0","0"
"POINT (13.315529899000069 52.455836547000047)","Unfall 198806 (2018) Kat:3, Licht: 0","198806","3","5","1","03","08","4","0","0","1","1","0","0"
"POINT (13.436679521000030 52.552094605000036)","Unfall 198807 (2018) Kat:3, Licht: 0","198807","3","4","6","03","13","3","1","0","0","1","1","0"
"POINT (13.526960653000060 52.486581407000074)","Unfall 198808 (2018) Kat:3, Licht: 0","198808","3","2","5","03","06","4","0","0","1","1","0","0"
"POINT (13.490128707000054 52.419987863000074)","Unfall 198809 (2018) Kat:3, Licht: 0","198809","3","3","5","03","07","4","1","0","0","1","0","0"
"POINT (13.340834586000028 52.492317665000030)","Unfall 198810 (2018) Kat:3, Licht: 0","198810","3","5","1","03","16","3","0","0","1","1","0","0"
"POINT (13.449499013000036 52.496736175000080)","Unfall 198811 (2018) Kat:3, Licht: 0","198811","3","3","5","03","07","4","0","0","1","1","0","0"
"POINT (13.393647081000040 52.501069762000043)","Unfall 198812 (2018) Kat:3, Licht: 0","198812","3","5","1","03","07","4","0","0","0","1","0","0"
"POINT (13.323613196000053 52.587168132000045)","Unfall 198813 (2018) Kat:3, Licht: 0","198813","3","2","5","03","16","3","0","0","1","1","0","0"
"POINT (13.331093000000067 52.495437555000080)","Unfall 198814 (2018) Kat:2, Licht: 0","198814","2","2","5","03","10","3","0","0","1","1","0","0"
"POINT (13.306661780000070 52.410380901000053)","Unfall 198815 (2018) Kat:3, Licht: 0","198815","3","5","0","03","07","4","0","0","0","1","0","0"
"POINT (13.312791303000040 52.480414474000042)","Unfall 198816 (2018) Kat:3, Licht: 0","198816","3","2","5","03","16","3","0","0","0","1","0","0"
"POINT (13.352995595000039 52.484684057000038)","Unfall 198817 (2018) Kat:3, Licht: 0","198817","3","2","5","03","07","4","0","0","1","1","0","0"
"POINT (13.401015056000062 52.562151464000067)","Unfall 198818 (2018) Kat:3, Licht: 0","198818","3","3","5","03","08","3","0","0","0","1","0","0"
"POINT (13.453363064000030 52.542065601000047)","Unfall 198819 (2018) Kat:3, Licht: 0","198819","3","3","5","03","08","4","0","0","1","1","0","0"
"POINT (13.402502423000044 52.511854316000040)","Unfall 198820 (2018) Kat:3, Licht: 0","198820","3","2","5","03","09","4","0","0","0","1","0","1"
"POINT (13.385353037000073 52.513621838000063)","Unfall 198821 (2018) Kat:3, Licht: 0","198821","3","7","0","03","09","4","0","0","0","1","0","0"
"POINT (13.301931590000038 52.445441097000071)","Unfall 198822 (2018) Kat:3, Licht: 0","198822","3","6","2","03","08","4","1","0","0","1","0","0"
"POINT (13.397272654000062 52.515286562000028)","Unfall 198823 (2018) Kat:3, Licht: 0","198823","3","7","5","03","08","3","1","0","1","0","0","0"
"POINT (13.295041105000053 52.590934335000043)","Unfall 198824 (2018) Kat:3, Licht: 0","198824","3","3","5","04","14","2","0","0","0","1","0","0"
"POINT (13.312834181000028 52.491450182000051)","Unfall 198825 (2018) Kat:3, Licht: 0","198825","3","7","9","04","16","2","0","0","0","1","0","0"
"POINT (13.397961576000057 52.510917126000038)","Unfall 198826 (2018) Kat:3, Licht: 0","198826","3","6","2","04","09","3","1","0","0","1","0","1"
"POINT (13.401944411000045 52.530581994000045)","Unfall 198827 (2018) Kat:3, Licht: 0","198827","3","5","1","04","09","2","0","0","1","1","0","0"
"POINT (13.394467768000027 52.483932023000079)","Unfall 198828 (2018) Kat:3, Licht: 0","198828","3","2","6","04","09","3","1","0","0","1","1","0"
"POINT (13.413322405000031 52.491886519000047)","Unfall 198829 (2018) Kat:3, Licht: 0","198829","3","2","5","04","15","2","0","0","1","1","0","0"
"POINT (13.441043475000072 52.472353984000051)","Unfall 198830 (2018) Kat:2, Licht: 0","198830","2","7","2","04","08","3","1","0","0","1","0","0"
"POINT (13.236055269000076 52.613293814000031)","Unfall 198831 (2018) Kat:3, Licht: 0","198831","3","3","5","04","08","3","1","0","0","1","0","0"
"POINT (13.182449157000065 52.542638494000073)","Unfall 198832 (2018) Kat:3, Licht: 0","198832","3","5","1","04","09","2","0","0","0","1","0","1"
"POINT (13.293795694000039 52.445619581000074)","Unfall 198833 (2018) Kat:3, Licht: 0","198833","3","6","2","04","07","3","1","0","0","1","0","0"
"POINT (13.395811653000067 52.454304627000056)","Unfall 198834 (2018) Kat:3, Licht: 0","198834","3","3","5","04","07","3","1","0","0","1","0","0"
"POINT (13.331550869000068 52.583924881000030)","Unfall 198835 (2018) Kat:2, Licht: 0","198835","2","7","4","04","15","2","0","0","0","1","0","0"
"POINT (13.416943236000066 52.418342828000050)","Unfall 198836 (2018) Kat:3, Licht: 0","198836","3","2","5","04","06","3","1","0","1","1","0","0"
"POINT (13.360975013000029 52.490081792000069)","Unfall 198837 (2018) Kat:3, Licht: 0","198837","3","2","5","04","12","2","0","0","1","1","0","0"
"POINT (13.348978109000029 52.514798812000038)","Unfall 198838 (2018) Kat:3, Licht: 1","198838","3","3","5","04","06","3","1","1","0","1","0","0"
"POINT (13.412194849000059 52.498773536000044)","Unfall 198839 (2018) Kat:3, Licht: 0","198839","3","2","2","04","09","2","0","0","0","1","0","0"
"POINT (13.384289006000074 52.493696306000061)","Unfall 198840 (2018) Kat:3, Licht: 2","198840","3","5","5","04","00","3","0","2","0","1","0","0"
"POINT (13.496561387000042 52.533654255000044)","Unfall 198841 (2018) Kat:3, Licht: 0","198841","3","7","6","04","10","2","0","0","0","1","1","0"
"POINT (13.519215573000054 52.528774315000078)","Unfall 198842 (2018) Kat:3, Licht: 0","198842","3","2","5","04","10","2","0","0","0","1","0","1"
"POINT (13.305809667000062 52.637007259000029)","Unfall 198843 (2018) Kat:3, Licht: 0","198843","3","3","5","04","09","3","0","0","1","1","0","0"
"POINT (13.427525166000066 52.545692746000043)","Unfall 198844 (2018) Kat:2, Licht: 0","198844","2","3","5","04","07","2","0","0","1","1","0","0"
"POINT (13.255987484000059 52.537360713000055)","Unfall 198845 (2018) Kat:3, Licht: 0","198845","3","2","2","04","07","2","0","0","0","1","0","0"
"POINT (13.422787919000029 52.544754177000073)","Unfall 198846 (2018) Kat:3, Licht: 0","198846","3","5","1","04","08","3","0","0","0","1","0","1"
"POINT (13.382803745000047 52.403709548000052)","Unfall 198847 (2018) Kat:2, Licht: 1","198847","2","3","5","04","05","2","0","1","1","0","0","0"
"POINT (13.208491272000060 52.566267099000072)","Unfall 198848 (2018) Kat:3, Licht: 0","198848","3","5","1","04","14","2","0","0","0","1","0","1"
"POINT (13.456985555000074 52.529621103000068)","Unfall 198849 (2018) Kat:3, Licht: 0","198849","3","5","1","04","07","2","0","0","1","0","0","0"
"POINT (13.508817898000075 52.508025060000080)","Unfall 198850 (2018) Kat:2, Licht: 0","198850","2","2","0","04","11","3","1","0","0","0","0","1"
"POINT (13.264812443000039 52.419264813000041)","Unfall 198851 (2018) Kat:2, Licht: 0","198851","2","1","9","04","08","2","0","0","0","1","0","0"
"POINT (13.353789056000039 52.596561146000056)","Unfall 198852 (2018) Kat:3, Licht: 2","198852","3","3","5","04","20","2","0","2","0","1","0","0"
"POINT (13.326114487000041 52.505676856000036)","Unfall 198853 (2018) Kat:3, Licht: 0","198853","3","1","0","04","12","2","0","0","0","0","0","1"
"POINT (13.442245719000027 52.542886226000064)","Unfall 198854 (2018) Kat:3, Licht: 1","198854","3","3","0","04","19","2","0","1","1","1","0","0"
"POINT (13.365689668000073 52.522678829000029)","Unfall 198855 (2018) Kat:3, Licht: 0","198855","3","7","0","04","15","2","0","0","1","0","0","0"
"POINT (13.550311855000075 52.499645538000038)","Unfall 198856 (2018) Kat:3, Licht: 0","198856","3","1","2","04","18","2","0","0","0","1","0","0"
"POINT (13.426423245000024 52.499367960000029)","Unfall 198857 (2018) Kat:3, Licht: 0","198857","3","6","3","04","16","1","0","0","1","1","0","0"
"POINT (13.301097421000065 52.616322257000036)","Unfall 198858 (2018) Kat:3, Licht: 0","198858","3","2","5","04","15","2","0","0","1","1","0","0"
"POINT (13.558309309000038 52.455583110000077)","Unfall 198859 (2018) Kat:3, Licht: 0","198859","3","6","2","04","17","1","0","0","0","1","0","0"
"POINT (13.316809703000047 52.499531051000076)","Unfall 198860 (2018) Kat:3, Licht: 0","198860","3","1","8","04","07","1","0","0","0","1","0","0"
"POINT (13.525652993000051 52.564076791000048)","Unfall 198861 (2018) Kat:3, Licht: 0","198861","3","3","0","04","13","3","0","0","0","1","0","0"
"POINT (13.432586834000062 52.465267885000060)","Unfall 198862 (2018) Kat:3, Licht: 0","198862","3","6","2","04","15","2","0","0","0","1","0","0"
"POINT (13.291955914000027 52.575523809000060)","Unfall 198863 (2018) Kat:3, Licht: 0","198863","3","5","1","04","13","1","0","0","0","1","0","0"
"POINT (13.435173026000029 52.629040402000044)","Unfall 198864 (2018) Kat:3, Licht: 0","198864","3","3","5","04","14","2","0","0","1","1","0","0"
"POINT (13.428699141000038 52.493938507000053)","Unfall 198865 (2018) Kat:3, Licht: 0","198865","3","3","5","04","12","1","0","0","1","1","0","0"
"POINT (13.365981910000073 52.449245606000034)","Unfall 198866 (2018) Kat:2, Licht: 0","198866","2","2","5","04","15","3","0","0","0","1","0","1"
"POINT (13.177330953000023 52.525272906000055)","Unfall 198867 (2018) Kat:2, Licht: 0","198867","2","6","2","04","12","2","0","0","0","1","0","1"
"POINT (13.258707350000066 52.446185179000054)","Unfall 198868 (2018) Kat:3, Licht: 2","198868","3","1","1","04","03","1","0","2","1","1","0","0"
"POINT (13.395815717000062 52.498924588000079)","Unfall 198869 (2018) Kat:3, Licht: 2","198869","3","3","5","04","22","1","0","2","0","1","0","0"
"POINT (13.343663800000058 52.439066837000041)","Unfall 198870 (2018) Kat:3, Licht: 0","198870","3","6","2","04","17","2","0","0","0","1","0","0"
"POINT (13.559742012000072 52.479942952000044)","Unfall 198871 (2018) Kat:3, Licht: 0","198871","3","6","2","04","12","2","0","0","0","1","0","0"
"POINT (13.286468503000037 52.506500778000031)","Unfall 198872 (2018) Kat:3, Licht: 2","198872","3","5","1","04","21","1","0","2","0","1","0","0"
"POINT (13.561747827000033 52.505494281000040)","Unfall 198873 (2018) Kat:3, Licht: 0","198873","3","6","2","04","11","2","0","0","0","1","0","0"
"POINT (13.199111571000060 52.534106965000035)","Unfall 198874 (2018) Kat:3, Licht: 0","198874","3","1","8","04","15","2","0","0","0","1","0","0"
"POINT (13.404247617000067 52.581483350000042)","Unfall 198875 (2018) Kat:2, Licht: 0","198875","2","2","6","04","18","1","0","0","0","1","1","0"
"POINT (13.376590682000028 52.460926477000044)","Unfall 198876 (2018) Kat:3, Licht: 0","198876","3","1","9","04","17","3","0","0","0","1","0","0"
"POINT (13.457405393000045 52.430894565000074)","Unfall 198877 (2018) Kat:3, Licht: 2","198877","3","3","5","04","21","2","0","2","0","1","0","0"
"POINT (13.413186363000023 52.491695638000067)","Unfall 198878 (2018) Kat:3, Licht: 0","198878","3","2","5","04","15","1","0","0","1","1","0","0"
"POINT (13.239905972000031 52.602100011000061)","Unfall 198879 (2018) Kat:3, Licht: 2","198879","3","1","0","04","21","2","0","2","0","0","0","1"
"POINT (13.428650517000051 52.499382716000071)","Unfall 198880 (2018) Kat:3, Licht: 0","198880","3","4","6","04","14","1","0","0","0","1","1","0"