WKT,Name,OBJECTID,UKATEGORIE,UTYP1,UART,UMONAT,USTUNDE,UWOCHENTAG,STRZUSTAND,ULICHTVERH,ISTRAD,ISTPKW,ISTFUSS,ISTKRAD
"POINT (13.582724495000036 52.514460976000066)","Unfall 198881 (2018) Kat:3, Licht: 2","198881","3","3","5","04","22","1","1","2","0","1","0","0"
"POINT (13.395236321000027 52.496319984000081)","Unfall 198882 (2018) Kat:2, Licht: 2","198882","2","2","5","04","20","1","1","2","1","1","0","0"
"POINT (13.416592103000028 52.502035138000053)","Unfall 198883 (2018) Kat:3, Licht: 0","198883","3","2","5","04","14","1","0","0","0","1","0","0"
"POINT (13.380993777000072 52.591091339000059)","Unfall 198884 (2018) Kat:2, Licht: 1","198884","2","7","1","04","19","1","1","1","0","1","0","0"
"POINT (13.432886328000052 52.517837567000072)","Unfall 198885 (2018) Kat:3, Licht: 0","198885","3","3","5","04","16","1","1","0","0","1","0","0"
"POINT (13.378514080000059 52.529239209000082)","Unfall 198886 (2018) Kat:3, Licht: 0","198886","3","3","5","04","13","1","0","0","1","1","0","0"
"POINT (13.492190860000051 52.458040226000037)","Unfall 198887 (2018) Kat:3, Licht: 2","198887","3","1","8","04","22","1","1","2","0","1","0","0"
"POINT (13.444823780000036 52.615355977000036)","Unfall 198888 (2018) Kat:2, Licht: 0","198888","2","7","5","04","14","1","1","0","0","1","0","0"
"POINT (13.661685801000033 52.412293465000062)","Unfall 198889 (2018) Kat:3, Licht: 0","198889","3","3","5","04","13","1","0","0","0","1","0","1"
"POINT (13.417033547000074 52.418222039000057)","Unfall 198890 (2018) Kat:3, Licht: 0","198890","3","2","6","04","07","2","0","0","0","1","1","0"
"POINT (13.526653466000027 52.426441171000079)","Unfall 198891 (2018) Kat:3, Licht: 0","198891","3","2","5","04","16","2","0","0","0","1","0","1"
"POINT (13.376916874000074 52.560058114000071)","Unfall 198892 (2018) Kat:3, Licht: 0","198892","3","5","0","04","14","1","1","0","0","1","0","0"
"POINT (13.577300793000063 52.513155094000069)","Unfall 198893 (2018) Kat:3, Licht: 0","198893","3","2","5","04","12","1","0","0","1","1","0","0"
"POINT (13.440650240000025 52.517152704000068)","Unfall 198894 (2018) Kat:3, Licht: 0","198894","3","2","2","04","13","1","1","0","0","1","0","0"
"POINT (13.574872704000029 52.513097575000074)","Unfall 198895 (2018) Kat:3, Licht: 0","198895","3","7","5","04","10","1","0","0","0","1","0","0"
"POINT (13.165392459000032 52.551188613000079)","Unfall 198896 (2018) Kat:3, Licht: 0","198896","3","2","5","04","10","1","1","0","0","1","0","0"
"POINT (13.300894003000053 52.439167655000062)","Unfall 198897 (2018) Kat:2, Licht: 0","198897","2","2","5","04","14","2","0","0","0","1","0","1"
"POINT (13.513083852000022 52.429351664000080)","Unfall 198898 (2018) Kat:3, Licht: 2","198898","3","1","9","04","06","1","1","2","0","1","0","0"
"POINT (13.500553667000077 52.510796711000069)","Unfall 198899 (2018) Kat:3, Licht: 0","198899","3","2","2","04","09","2","0","0","0","1","0","0"
"POINT (13.282947996000075 52.533844401000067)","Unfall 198900 (2018) Kat:3, Licht: 0","198900","3","6","0","04","16","1","0","0","0","1","0","0"
"POINT (13.401670654000043 52.414724763000038)","Unfall 198901 (2018) Kat:3, Licht: 2","198901","3","6","3","04","01","1","1","2","0","1","0","0"
"POINT (13.315915118000078 52.506724980000058)","Unfall 198902 (2018) Kat:3, Licht: 0","198902","3","7","2","04","07","1","0","0","0","1","0","0"
"POINT (13.358991839000055 52.420067459000052)","Unfall 198903 (2018) Kat:2, Licht: 2","198903","2","2","5","04","22","2","0","2","0","1","0","1"
"POINT (13.286902739000027 52.495689289000040)","Unfall 198904 (2018) Kat:2, Licht: 0","198904","2","2","5","04","14","2","0","0","0","1","0","1"
"POINT (13.401963968000075 52.528869463000035)","Unfall 198905 (2018) Kat:3, Licht: 0","198905","3","1","0","04","17","1","0","0","1","0","0","0"
"POINT (13.483366714000056 52.425819097000044)","Unfall 198906 (2018) Kat:3, Licht: 2","198906","3","7","6","04","01","1","1","2","0","1","1","0"
"POINT (13.449577605000059 52.551027411000064)","Unfall 198907 (2018) Kat:3, Licht: 1","198907","3","3","0","03","18","7","0","1","1","1","0","0"
"POINT (13.283380149000038 52.458894569000051)","Unfall 198908 (2018) Kat:1, Licht: 0","198908","1","3","0","04","14","1","0","0","1","1","0","0"
"POINT (13.436736798000027 52.503721112000051)","Unfall 198909 (2018) Kat:3, Licht: 0","198909","3","5","5","04","18","2","0","0","0","1","0","1"
"POINT (13.316696944000057 52.425827302000073)","Unfall 198910 (2018) Kat:3, Licht: 0","198910","3","6","2","04","19","1","0","0","0","1","0","1"
"POINT (13.617135438000048 52.455288466000070)","Unfall 198911 (2018) Kat:3, Licht: 0","198911","3","3","5","03","12","7","0","0","1","1","0","0"
"POINT (13.202451707000023 52.546485160000032)","Unfall 198912 (2018) Kat:2, Licht: 0","198912","2","3","5","04","12","1","0","0","1","1","0","0"
"POINT (13.401519873000041 52.511479672000064)","Unfall 198913 (2018) Kat:3, Licht: 0","198913","3","6","2","03","12","7","1","0","0","1","0","0"
"POINT (13.494837081000071 52.545428447000063)","Unfall 198914 (2018) Kat:3, Licht: 2","198914","3","3","5","04","19","7","0","2","1","1","0","0"
"POINT (13.290287953000075 52.633428050000077)","Unfall 198915 (2018) Kat:3, Licht: 0","198915","3","3","5","04","07","2","0","0","1","1","0","0"
"POINT (13.198288063000064 52.534977637000054)","Unfall 198916 (2018) Kat:3, Licht: 2","198916","3","4","6","03","20","7","1","2","0","1","1","0"
"POINT (13.174185944000044 52.474088271000028)","Unfall 198917 (2018) Kat:3, Licht: 0","198917","3","6","2","04","14","7","0","0","0","1","0","0"
"POINT (13.525302580000073 52.536680936000039)","Unfall 198918 (2018) Kat:3, Licht: 0","198918","3","6","0","04","18","7","0","0","0","1","0","1"
"POINT (13.325609291000035 52.564616704000059)","Unfall 198919 (2018) Kat:3, Licht: 2","198919","3","5","1","03","19","7","1","2","0","1","0","0"
"POINT (13.481206786000030 52.411051488000055)","Unfall 198920 (2018) Kat:3, Licht: 0","198920","3","2","5","04","13","7","0","0","1","1","0","0"
"POINT (13.315191009000046 52.469563539000035)","Unfall 198921 (2018) Kat:3, Licht: 0","198921","3","4","6","04","13","7","0","0","1","0","1","0"
"POINT (13.345929047000027 52.494708182000068)","Unfall 198922 (2018) Kat:3, Licht: 2","198922","3","6","2","03","19","7","1","2","0","1","0","0"
"POINT (13.462820410000063 52.510799125000062)","Unfall 198923 (2018) Kat:2, Licht: 0","198923","2","2","6","04","13","7","0","0","0","1","1","0"
"POINT (13.548326943000063 52.427468086000033)","Unfall 198924 (2018) Kat:2, Licht: 0","198924","2","6","3","04","12","7","0","0","0","1","0","1"
"POINT (13.369141453000054 52.506146076000050)","Unfall 198925 (2018) Kat:3, Licht: 0","198925","3","6","0","03","18","7","1","0","0","1","0","1"
"POINT (13.399352984000075 52.506791037000028)","Unfall 198926 (2018) Kat:3, Licht: 0","198926","3","6","3","04","12","7","0","0","1","0","0","0"
"POINT (13.365330017000076 52.497320373000036)","Unfall 198927 (2018) Kat:3, Licht: 0","198927","3","2","6","03","17","7","1","0","0","1","1","0"
"POINT (13.365888461000054 52.525255654000034)","Unfall 198928 (2018) Kat:3, Licht: 0","198928","3","2","5","04","09","7","0","0","1","0","0","0"
"POINT (13.593579478000038 52.449670227000070)","Unfall 198929 (2018) Kat:3, Licht: 0","198929","3","6","2","03","16","7","1","0","0","1","0","0"
"POINT (13.141585480000060 52.532427474000031)","Unfall 198930 (2018) Kat:3, Licht: 0","198930","3","2","5","04","08","7","0","0","0","1","0","0"
"POINT (13.535619466000071 52.430448039000055)","Unfall 198931 (2018) Kat:3, Licht: 0","198931","3","3","5","04","08","7","0","0","0","1","0","0"
"POINT (13.251555085000064 52.413735789000043)","Unfall 198932 (2018) Kat:2, Licht: 0","198932","2","3","5","04","15","3","0","0","0","1","0","1"
"POINT (13.513310566000030 52.427963482000052)","Unfall 198933 (2018) Kat:3, Licht: 0","198933","3","3","5","03","15","7","1","0","0","1","0","0"
"POINT (13.409982012000057 52.502672174000054)","Unfall 198934 (2018) Kat:3, Licht: 0","198934","3","2","5","04","16","7","0","0","1","1","0","0"
"POINT (13.577769900000021 52.443984740000076)","Unfall 198935 (2018) Kat:3, Licht: 0","198935","3","5","1","04","17","7","0","0","1","1","0","0"
"POINT (13.430812115000037 52.485824564000040)","Unfall 198936 (2018) Kat:3, Licht: 0","198936","3","5","1","03","15","7","1","0","0","1","0","0"
"POINT (13.161723324000036 52.523555411000075)","Unfall 198937 (2018) Kat:3, Licht: 0","198937","3","2","5","03","15","7","1","0","0","1","0","0"
"POINT (13.358378244000050 52.553976801000033)","Unfall 198938 (2018) Kat:3, Licht: 2","198938","3","6","3","04","21","4","0","2","0","1","0","0"
"POINT (13.393765979000023 52.528584743000067)","Unfall 198939 (2018) Kat:3, Licht: 0","198939","3","3","5","04","13","2","0","0","1","1","0","0"
"POINT (13.556438671000024 52.411099877000026)","Unfall 198940 (2018) Kat:3, Licht: 0","198940","3","6","2","04","17","7","0","0","0","1","0","1"
"POINT (13.306518122000057 52.528882467000074)","Unfall 198941 (2018) Kat:3, Licht: 0","198941","3","7","5","03","15","7","1","0","0","1","0","1"
"POINT (13.325897050000037 52.561381167000036)","Unfall 198942 (2018) Kat:3, Licht: 0","198942","3","6","2","04","17","7","0","0","0","1","0","0"
"POINT (13.432947107000075 52.555087717000049)","Unfall 198943 (2018) Kat:3, Licht: 0","198943","3","6","4","04","16","2","0","0","1","0","0","0"
"POINT (13.352241331000073 52.548353734000045)","Unfall 198944 (2018) Kat:3, Licht: 0","198944","3","4","6","03","14","7","1","0","0","1","1","0"
"POINT (13.574273603000051 52.413920058000031)","Unfall 198945 (2018) Kat:3, Licht: 0","198945","3","1","0","04","16","7","0","0","0","0","0","1"
"POINT (13.390693361000046 52.496029746000033)","Unfall 198946 (2018) Kat:3, Licht: 0","198946","3","3","2","03","14","7","1","0","0","1","0","0"
"POINT (13.310924420000049 52.459992702000079)","Unfall 198947 (2018) Kat:2, Licht: 0","198947","2","1","1","04","16","7","0","0","0","1","0","0"
"POINT (13.330152795000060 52.464285822000079)","Unfall 198948 (2018) Kat:3, Licht: 0","198948","3","5","1","04","16","7","0","0","1","1","0","0"
"POINT (13.311921977000054 52.571549334000053)","Unfall 198949 (2018) Kat:3, Licht: 0","198949","3","2","6","04","12","3","0","0","0","1","1","0"
"POINT (13.484936043000062 52.614760478000051)","Unfall 198950 (2018) Kat:3, Licht: 0","198950","3","2","2","03","13","7","1","0","0","1","0","0"
"POINT (13.479416186000037 52.553106638000031)","Unfall 198951 (2018) Kat:3, Licht: 0","198951","3","6","2","04","16","7","0","0","0","1","0","0"
"POINT (13.301197415000047 52.514084203000039)","Unfall 198952 (2018) Kat:3, Licht: 0","198952","3","5","2","03","12","7","1","0","0","1","0","0"
"POINT (13.581989229000044 52.442609057000027)","Unfall 198953 (2018) Kat:3, Licht: 0","198953","3","2","5","04","16","7","0","0","1","0","0","0"
"POINT (13.357017833000043 52.498992666000049)","Unfall 198954 (2018) Kat:2, Licht: 0","198954","2","2","6","03","11","7","1","0","0","1","1","0"
"POINT (13.468161775000056 52.427640930000052)","Unfall 198955 (2018) Kat:3, Licht: 0","198955","3","2","5","03","10","7","1","0","1","1","0","0"
"POINT (13.376880517000075 52.516082950000055)","Unfall 198956 (2018) Kat:3, Licht: 2","198956","3","1","9","04","23","3","0","2","0","0","0","1"
"POINT (13.486021474000040 52.615944777000038)","Unfall 198957 (2018) Kat:3, Licht: 0","198957","3","3","5","04","16","7","0","0","0","1","0","1"
"POINT (13.199494816000026 52.534744819000082)","Unfall 198958 (2018) Kat:3, Licht: 0","198958","3","2","5","03","07","7","0","0","0","1","0","0"
"POINT (13.478069093000045 52.442354503000047)","Unfall 198959 (2018) Kat:3, Licht: 2","198959","3","7","0","03","03","7","1","2","0","1","0","0"
"POINT (13.109237296000060 52.414079051000044)","Unfall 198960 (2018) Kat:3, Licht: 0","198960","3","3","5","04","15","7","0","0","0","1","0","1"
"POINT (13.391167234000022 52.492366490000052)","Unfall 198961 (2018) Kat:3, Licht: 0","198961","3","6","2","04","09","2","0","0","0","1","0","0"
"POINT (13.279707144000042 52.426155183000049)","Unfall 198962 (2018) Kat:3, Licht: 0","198962","3","3","5","04","17","2","0","0","1","0","0","1"
"POINT (13.343846711000026 52.613527617000045)","Unfall 198963 (2018) Kat:3, Licht: 0","198963","3","3","5","04","14","7","0","0","1","1","0","0"
"POINT (13.178156917000024 52.548707366000031)","Unfall 198964 (2018) Kat:3, Licht: 2","198964","3","7","8","03","21","7","1","2","0","1","0","0"
"POINT (13.319403166000029 52.499691687000052)","Unfall 198965 (2018) Kat:3, Licht: 1","198965","3","7","6","04","19","3","0","1","0","1","1","0"
"POINT (13.398666778000063 52.532567175000054)","Unfall 198966 (2018) Kat:3, Licht: 2","198966","3","1","0","04","21","7","0","2","1","0","0","0"
"POINT (13.516297203000022 52.536558422000041)","Unfall 198967 (2018) Kat:3, Licht: 0","198967","3","6","2","03","13","6","0","0","0","1","0","0"
"POINT (13.310750939000059 52.516185186000030)","Unfall 198968 (2018) Kat:3, Licht: 0","198968","3","6","2","03","13","6","0","0","0","1","0","0"
"POINT (13.604242783000075 52.538744196000039)","Unfall 198969 (2018) Kat:3, Licht: 0","198969","3","2","2","04","16","7","0","0","0","1","0","0"
"POINT (13.395201177000047 52.496151854000061)","Unfall 198970 (2018) Kat:3, Licht: 2","198970","3","2","5","03","22","6","0","2","0","1","0","0"
"POINT (13.321618081000054 52.502803403000030)","Unfall 198971 (2018) Kat:3, Licht: 0","198971","3","6","2","04","14","6","0","0","0","1","0","0"
"POINT (13.396284923000053 52.384820235000063)","Unfall 198972 (2018) Kat:3, Licht: 1","198972","3","1","1","03","19","6","0","1","0","1","0","1"
"POINT (13.438794217000066 52.497730891000060)","Unfall 198973 (2018) Kat:2, Licht: 1","198973","2","1","0","03","18","6","0","1","1","0","0","0"
"POINT (13.323968988000047 52.587580969000044)","Unfall 198974 (2018) Kat:3, Licht: 0","198974","3","2","5","04","19","3","0","0","0","1","0","0"
"POINT (13.294220565000046 52.577320653000072)","Unfall 198975 (2018) Kat:3, Licht: 0","198975","3","7","5","04","17","6","0","0","0","1","0","0"
"POINT (13.301362063000056 52.507960495000077)","Unfall 198976 (2018) Kat:2, Licht: 0","198976","2","3","5","03","16","6","0","0","1","1","0","0"
"POINT (13.239537261000066 52.540295665000031)","Unfall 198977 (2018) Kat:3, Licht: 0","198977","3","3","5","03","15","6","0","0","0","1","0","1"
"POINT (13.358472394000046 52.536454806000052)","Unfall 198978 (2018) Kat:3, Licht: 0","198978","3","6","0","04","15","6","0","0","0","1","0","1"
"POINT (13.459210272000064 52.529328379000049)","Unfall 198979 (2018) Kat:3, Licht: 1","198979","3","2","5","04","20","2","0","1","1","1","0","0"
"POINT (13.324939157000074 52.499939135000034)","Unfall 198980 (2018) Kat:3, Licht: 0","198980","3","6","3","04","09","6","0","0","0","1","0","0"
"POINT (13.451689280000039 52.480815574000076)","Unfall 198981 (2018) Kat:3, Licht: 0","198981","3","1","1","03","15","6","0","0","0","1","0","1"
"POINT (13.328271469000072 52.503230365000036)","Unfall 198982 (2018) Kat:3, Licht: 0","198982","3","6","3","04","19","3","0","0","1","0","0","0"
"POINT (13.578681589000041 52.566123767000079)","Unfall 198983 (2018) Kat:3, Licht: 0","198983","3","3","5","04","09","6","0","0","0","1","0","0"
"POINT (13.385719661000053 52.481638311000040)","Unfall 198984 (2018) Kat:3, Licht: 0","198984","3","2","5","03","14","6","0","0","1","1","0","0"
"POINT (13.503103990000056 52.636533328000041)","Unfall 198985 (2018) Kat:2, Licht: 0","198985","2","2","5","04","18","6","0","0","1","1","0","0"
"POINT (13.505966814000033 52.534735043000069)","Unfall 198986 (2018) Kat:3, Licht: 0","198986","3","6","2","03","13","6","0","0","0","1","0","0"
"POINT (13.360054848000061 52.575622163000048)","Unfall 198987 (2018) Kat:3, Licht: 0","198987","3","2","5","04","18","3","0","0","0","1","0","0"
"POINT (13.309849279000048 52.478731041000060)","Unfall 198988 (2018) Kat:3, Licht: 0","198988","3","6","0","04","11","6","0","0","0","1","0","0"
"POINT (13.349463328000070 52.542246351000074)","Unfall 198989 (2018) Kat:3, Licht: 2","198989","3","2","5","04","23","6","0","2","0","1","0","0"
"POINT (13.294693289000065 52.519272726000054)","Unfall 198990 (2018) Kat:3, Licht: 0","198990","3","6","3","04","15","3","0","0","0","1","0","1"
"POINT (13.467270964000022 52.428217865000079)","Unfall 198991 (2018) Kat:3, Licht: 0","198991","3","2","2","03","11","6","0","0","0","0","0","1"
"POINT (13.348500851000040 52.515124082000057)","Unfall 198992 (2018) Kat:3, Licht: 1","198992","3","6","2","04","19","6","0","1","0","1","0","0"
"POINT (13.385450592000041 52.467123274000073)","Unfall 198993 (2018) Kat:3, Licht: 1","198993","3","6","2","04","18","6","0","1","0","1","0","0"
"POINT (13.492298398000059 52.565196272000037)","Unfall 198994 (2018) Kat:3, Licht: 0","198994","3","2","5","03","10","6","0","0","1","1","0","0"
"POINT (13.363441648000048 52.606952177000039)","Unfall 198995 (2018) Kat:3, Licht: 0","198995","3","4","6","04","18","6","0","0","0","1","1","0"
"POINT (13.370047184000043 52.519574228000067)","Unfall 198996 (2018) Kat:2, Licht: 2","198996","2","7","0","03","22","6","0","2","0","0","0","0"
"POINT (13.384115169000040 52.455825431000051)","Unfall 198997 (2018) Kat:3, Licht: 0","198997","3","4","6","04","18","6","0","0","1","0","1","0"
"POINT (13.525668220000057 52.483004443000027)","Unfall 198998 (2018) Kat:3, Licht: 1","198998","3","4","6","04","19","2","0","1","0","1","1","0"
"POINT (13.473471394000057 52.532365909000077)","Unfall 198999 (2018) Kat:3, Licht: 0","198999","3","1","8","04","17","6","0","0","0","1","0","0"
"POINT (13.505508952000071 52.461594528000035)","Unfall 199000 (2018) Kat:3, Licht: 0","199000","3","6","2","03","12","5","1","0","0","1","0","0"
"POINT (13.418259154000054 52.515726758000028)","Unfall 199001 (2018) Kat:3, Licht: 0","199001","3","2","5","04","18","3","0","0","1","1","0","0"
"POINT (13.456138625000051 52.484164464000060)","Unfall 199002 (2018) Kat:3, Licht: 0","199002","3","2","5","04","17","6","0","0","1","1","0","0"
"POINT (13.177039623000042 52.525444658000026)","Unfall 199003 (2018) Kat:3, Licht: 0","199003","3","6","2","03","09","5","0","0","0","1","0","0"
"POINT (13.365736967000032 52.557133652000061)","Unfall 199004 (2018) Kat:3, Licht: 0","199004","3","2","5","04","17","6","0","0","1","1","0","0"
"POINT (13.200809904000039 52.538539237000066)","Unfall 199005 (2018) Kat:3, Licht: 2","199005","3","2","5","03","20","5","0","2","0","1","0","1"
"POINT (13.399332812000068 52.444298336000031)","Unfall 199006 (2018) Kat:3, Licht: 0","199006","3","6","2","04","16","6","0","0","0","1","0","0"
"POINT (13.300819556000022 52.474027947000081)","Unfall 199007 (2018) Kat:2, Licht: 0","199007","2","3","5","04","17","6","0","0","0","1","0","0"
"POINT (13.272535913000070 52.519337033000056)","Unfall 199008 (2018) Kat:2, Licht: 0","199008","2","2","5","04","14","3","0","0","0","1","0","1"
"POINT (13.425405232000060 52.508541795000042)","Unfall 199009 (2018) Kat:3, Licht: 2","199009","3","6","3","03","20","5","0","2","1","1","0","0"
"POINT (13.419721118000041 52.548995336000075)","Unfall 199010 (2018) Kat:3, Licht: 0","199010","3","5","1","04","17","6","0","0","1","1","0","0"
"POINT (13.409032366000076 52.533972121000033)","Unfall 199011 (2018) Kat:3, Licht: 1","199011","3","7","5","03","19","5","0","1","0","1","0","1"
"POINT (13.295872764000023 52.473731963000034)","Unfall 199012 (2018) Kat:3, Licht: 0","199012","3","2","0","04","16","6","0","0","1","1","0","0"
"POINT (13.361483879000048 52.596965639000075)","Unfall 199013 (2018) Kat:3, Licht: 1","199013","3","2","0","03","18","5","0","1","1","1","0","0"
"POINT (13.323707853000030 52.587511907000078)","Unfall 199014 (2018) Kat:3, Licht: 0","199014","3","2","5","04","16","6","0","0","1","1","0","0"
"POINT (13.345102257000065 52.539056920000064)","Unfall 199015 (2018) Kat:3, Licht: 0","199015","3","3","5","03","18","5","0","0","1","1","0","0"
"POINT (13.324620341000070 52.560983752000027)","Unfall 199016 (2018) Kat:3, Licht: 0","199016","3","2","2","03","17","5","0","0","0","1","0","0"
"POINT (13.326106786000025 52.538367565000044)","Unfall 199017 (2018) Kat:3, Licht: 0","199017","3","2","5","04","17","3","0","0","0","1","0","0"
"POINT (13.472623684000041 52.532174604000033)","Unfall 199018 (2018) Kat:3, Licht: 0","199018","3","6","2","04","15","6","0","0","0","1","0","0"
"POINT (13.473509978000038 52.432367545000034)","Unfall 199019 (2018) Kat:3, Licht: 0","199019","3","2","5","03","16","5","0","0","0","1","0","0"
"POINT (13.568554567000035 52.569467632000055)","Unfall 199020 (2018) Kat:3, Licht: 0","199020","3","3","5","03","16","5","0","0","0","1","0","0"
"POINT (13.411804079000035 52.528163510000070)","Unfall 199021 (2018) Kat:3, Licht: 0","199021","3","1","0","04","15","6","0","0","0","1","0","1"
"POINT (13.468944197000042 52.531409130000043)","Unfall 199022 (2018) Kat:3, Licht: 0","199022","3","2","3","04","15","6","0","0","0","1","0","0"
"POINT (13.502418407000050 52.461240214000043)","Unfall 199023 (2018) Kat:3, Licht: 0","199023","3","3","5","04","11","3","0","0","1","1","0","0"
"POINT (13.442800232000025 52.465072983000027)","Unfall 199024 (2018) Kat:3, Licht: 0","199024","3","6","2","03","15","5","0","0","0","1","0","0"
"POINT (13.430132392000075 52.455927510000038)","Unfall 199025 (2018) Kat:2, Licht: 0","199025","2","4","6","04","15","6","0","0","0","1","1","0"
"POINT (13.313841038000021 52.486793429000045)","Unfall 199026 (2018) Kat:3, Licht: 0","199026","3","2","5","03","15","5","0","0","1","1","0","0"
"POINT (13.392349770000067 52.542863756000031)","Unfall 199027 (2018) Kat:2, Licht: 0","199027","2","4","6","04","15","6","0","0","0","1","1","0"
"POINT (13.508686952000062 52.500563123000063)","Unfall 199028 (2018) Kat:3, Licht: 0","199028","3","3","5","03","14","5","0","0","0","1","0","0"
"POINT (13.372467988000039 52.568211260000055)","Unfall 199029 (2018) Kat:3, Licht: 0","199029","3","4","6","03","14","5","0","0","0","1","1","0"
"POINT (13.426402477000067 52.603156765000051)","Unfall 199030 (2018) Kat:3, Licht: 0","199030","3","3","0","04","16","3","0","0","0","1","0","1"
"POINT (13.498590027000034 52.547281807000047)","Unfall 199031 (2018) Kat:3, Licht: 0","199031","3","6","0","04","13","6","0","0","1","0","0","0"
"POINT (13.343365436000056 52.434898404000080)","Unfall 199032 (2018) Kat:3, Licht: 0","199032","3","2","0","03","13","5","0","0","0","1","0","0"
"POINT (13.685605529000043 52.442958034000071)","Unfall 199033 (2018) Kat:3, Licht: 0","199033","3","3","5","03","13","5","0","0","0","1","0","0"
"POINT (13.386509577000027 52.512739518000046)","Unfall 199034 (2018) Kat:3, Licht: 0","199034","3","3","5","04","12","6","0","0","0","1","0","0"
"POINT (13.380593468000029 52.517239611000036)","Unfall 199035 (2018) Kat:3, Licht: 0","199035","3","6","3","03","12","5","0","0","1","0","0","0"
"POINT (13.359856768000043 52.537445136000031)","Unfall 199036 (2018) Kat:2, Licht: 0","199036","2","7","0","04","14","3","0","0","0","1","1","0"
"POINT (13.297483973000055 52.525485738000043)","Unfall 199037 (2018) Kat:3, Licht: 0","199037","3","2","5","04","12","6","0","0","1","1","0","0"
"POINT (13.310891568000045 52.567943286000059)","Unfall 199038 (2018) Kat:3, Licht: 0","199038","3","6","2","03","12","5","0","0","0","1","0","0"
"POINT (13.364990867000074 52.590088574000049)","Unfall 199039 (2018) Kat:2, Licht: 0","199039","2","2","5","04","11","6","0","0","1","1","0","0"
"POINT (13.294676424000045 52.532781010000065)","Unfall 199040 (2018) Kat:3, Licht: 2","199040","3","6","3","04","22","2","0","2","0","1","0","0"
"POINT (13.572905912000067 52.470362197000043)","Unfall 199041 (2018) Kat:3, Licht: 0","199041","3","3","6","03","11","5","1","0","0","1","1","0"
"POINT (13.554489373000024 52.507344868000075)","Unfall 199042 (2018) Kat:3, Licht: 0","199042","3","3","0","04","11","6","0","0","0","1","0","1"
"POINT (13.352218936000043 52.496703079000042)","Unfall 199043 (2018) Kat:3, Licht: 0","199043","3","3","5","03","11","5","1","0","1","1","0","0"
"POINT (13.381425778000050 52.528036536000059)","Unfall 199044 (2018) Kat:3, Licht: 0","199044","3","6","2","04","13","3","0","0","0","0","0","1"
"POINT (13.438675727000032 52.469366665000052)","Unfall 199045 (2018) Kat:3, Licht: 0","199045","3","2","6","04","09","6","0","0","0","1","1","0"
"POINT (13.402457630000072 52.511878304000049)","Unfall 199046 (2018) Kat:3, Licht: 0","199046","3","6","2","03","10","5","1","0","0","1","0","0"
"POINT (13.316749597000069 52.470219007000026)","Unfall 199047 (2018) Kat:3, Licht: 0","199047","3","5","1","03","10","5","1","0","1","1","0","0"
"POINT (13.203549004000024 52.544013412000027)","Unfall 199048 (2018) Kat:3, Licht: 0","199048","3","7","6","04","12","3","0","0","0","1","1","0"
"POINT (13.518937998000069 52.532837634000032)","Unfall 199049 (2018) Kat:3, Licht: 0","199049","3","2","5","04","14","2","0","0","0","1","0","0"
"POINT (13.611653424000053 52.514217399000074)","Unfall 199050 (2018) Kat:3, Licht: 0","199050","3","3","5","04","08","6","0","0","1","1","0","0"
"POINT (13.509583692000035 52.534836168000027)","Unfall 199051 (2018) Kat:3, Licht: 0","199051","3","4","6","03","09","5","1","0","0","1","1","0"
"POINT (13.522380710000050 52.535793966000028)","Unfall 199052 (2018) Kat:3, Licht: 0","199052","3","6","2","03","09","5","1","0","0","1","0","0"
"POINT (13.383472552000057 52.481773452000027)","Unfall 199053 (2018) Kat:3, Licht: 0","199053","3","7","5","04","09","6","0","0","0","1","0","0"
"POINT (13.373508289000029 52.554022537000037)","Unfall 199054 (2018) Kat:2, Licht: 2","199054","2","4","6","04","20","2","0","2","1","0","1","0"
"POINT (13.303451104000033 52.506729655000072)","Unfall 199055 (2018) Kat:3, Licht: 0","199055","3","7","0","04","10","6","0","0","0","1","0","0"
"POINT (13.442559011000071 52.518025474000069)","Unfall 199056 (2018) Kat:3, Licht: 0","199056","3","6","3","03","08","5","0","0","1","1","0","0"
"POINT (13.284908785000027 52.491714933000026)","Unfall 199057 (2018) Kat:3, Licht: 0","199057","3","6","2","04","12","3","0","0","0","1","0","0"
"POINT (13.210357872000031 52.562033646000032)","Unfall 199058 (2018) Kat:3, Licht: 0","199058","3","6","2","04","17","2","0","0","1","1","0","0"
"POINT (13.346433842000067 52.435916049000070)","Unfall 199059 (2018) Kat:3, Licht: 0","199059","3","1","8","04","09","6","0","0","0","0","0","1"
"POINT (13.489333816000055 52.420716809000055)","Unfall 199060 (2018) Kat:2, Licht: 0","199060","2","7","5","03","08","5","1","0","0","1","0","0"
"POINT (13.132902197000021 52.451073323000060)","Unfall 199061 (2018) Kat:3, Licht: 0","199061","3","1","8","04","17","3","0","0","0","0","0","1"
"POINT (13.338350417000072 52.451088208000044)","Unfall 199062 (2018) Kat:3, Licht: 2","199062","3","6","2","04","20","6","0","2","0","1","0","0"
"POINT (13.352421436000043 52.416325551000057)","Unfall 199063 (2018) Kat:3, Licht: 0","199063","3","5","0","03","08","5","1","0","0","0","0","0"
"POINT (13.606333397000071 52.488783339000065)","Unfall 199064 (2018) Kat:3, Licht: 0","199064","3","3","5","04","12","5","0","0","1","1","0","0"
"POINT (13.521763771000053 52.501008729000034)","Unfall 199065 (2018) Kat:2, Licht: 2","199065","2","2","5","03","01","5","1","2","0","1","0","0"