WKT,Name,OBJECTID,UKATEGORIE,UTYP1,UART,UMONAT,USTUNDE,UWOCHENTAG,STRZUSTAND,ULICHTVERH,ISTRAD,ISTPKW,ISTFUSS,ISTKRAD
"POINT (13.417506593000041 52.518499726000073)","Unfall 199066 (2018) Kat:3, Licht: 0","199066","3","3","5","04","12","3","0","0","0","1","0","1"
"POINT (13.400510734000022 52.530618841000035)","Unfall 199067 (2018) Kat:3, Licht: 0","199067","3","7","5","04","17","5","0","0","0","1","0","1"
"POINT (13.351832083000033 52.509627355000077)","Unfall 199068 (2018) Kat:3, Licht: 0","199068","3","6","2","04","16","5","1","0","0","1","0","0"
"POINT (13.356425100000024 52.555355207000048)","Unfall 199069 (2018) Kat:3, Licht: 0","199069","3","3","5","03","12","5","0","0","1","1","0","0"
"POINT (13.511417296000047 52.484113978000039)","Unfall 199070 (2018) Kat:3, Licht: 0","199070","3","1","0","04","16","5","0","0","1","1","0","0"
"POINT (13.293464951000033 52.537272357000063)","Unfall 199071 (2018) Kat:2, Licht: 0","199071","2","1","0","04","18","2","0","0","0","0","0","0"
"POINT (13.418004434000068 52.518019020000054)","Unfall 199072 (2018) Kat:3, Licht: 0","199072","3","2","5","04","12","5","0","0","1","1","0","0"
"POINT (13.281385852000028 52.585068604000071)","Unfall 199073 (2018) Kat:3, Licht: 0","199073","3","3","0","03","09","4","0","0","1","0","0","0"
"POINT (13.443771764000076 52.525181717000066)","Unfall 199074 (2018) Kat:3, Licht: 0","199074","3","7","5","04","12","3","0","0","0","1","0","0"
"POINT (13.486346942000068 52.540898757000036)","Unfall 199075 (2018) Kat:3, Licht: 0","199075","3","4","0","04","15","5","0","0","0","0","1","0"
"POINT (13.339410303000022 52.458647055000029)","Unfall 199076 (2018) Kat:3, Licht: 0","199076","3","2","2","03","16","4","0","0","0","1","0","0"
"POINT (13.454754923000053 52.434753988000068)","Unfall 199077 (2018) Kat:3, Licht: 0","199077","3","3","0","04","14","5","0","0","0","1","0","0"
"POINT (13.290581433000057 52.475162466000029)","Unfall 199078 (2018) Kat:3, Licht: 0","199078","3","2","6","03","11","4","1","0","0","1","1","0"
"POINT (13.306138570000030 52.499906274000068)","Unfall 199079 (2018) Kat:3, Licht: 0","199079","3","6","0","04","11","3","0","0","0","1","0","0"
"POINT (13.338058133000061 52.505188053000040)","Unfall 199080 (2018) Kat:3, Licht: 0","199080","3","4","6","04","14","5","0","0","0","1","1","0"
"POINT (13.334609277000027 52.498366032000035)","Unfall 199081 (2018) Kat:3, Licht: 0","199081","3","3","5","04","07","5","1","0","1","1","0","0"
"POINT (13.398348599000030 52.592393549000064)","Unfall 199082 (2018) Kat:2, Licht: 0","199082","2","3","5","04","10","5","0","0","0","1","0","0"
"POINT (13.283312943000055 52.575650426000038)","Unfall 199083 (2018) Kat:2, Licht: 0","199083","2","6","2","03","13","4","1","0","0","1","0","0"
"POINT (13.313188723000053 52.480700884000044)","Unfall 199084 (2018) Kat:3, Licht: 0","199084","3","6","2","04","13","5","0","0","0","1","0","0"
"POINT (13.378171124000062 52.466509148000057)","Unfall 199085 (2018) Kat:3, Licht: 0","199085","3","6","2","03","14","4","1","0","0","1","0","0"
"POINT (13.304440716000045 52.488500015000056)","Unfall 199086 (2018) Kat:3, Licht: 0","199086","3","3","5","04","11","3","1","0","1","1","0","0"
"POINT (13.324261326000055 52.497008532000052)","Unfall 199087 (2018) Kat:3, Licht: 0","199087","3","6","2","04","12","5","0","0","0","1","0","0"
"POINT (13.571472898000025 52.435170510000034)","Unfall 199088 (2018) Kat:3, Licht: 0","199088","3","6","2","04","11","5","0","0","0","1","0","0"
"POINT (13.351215242000023 52.487472394000065)","Unfall 199089 (2018) Kat:3, Licht: 0","199089","3","5","1","04","15","3","0","0","0","1","0","1"
"POINT (13.489937049000048 52.520609075000039)","Unfall 199090 (2018) Kat:3, Licht: 0","199090","3","3","5","03","15","4","1","0","0","1","0","0"
"POINT (13.312963769000021 52.430436230000055)","Unfall 199091 (2018) Kat:3, Licht: 0","199091","3","2","5","04","10","5","0","0","0","1","0","0"
"POINT (13.311629553000046 52.489535811000053)","Unfall 199092 (2018) Kat:3, Licht: 0","199092","3","6","2","04","09","5","0","0","0","1","0","0"
"POINT (13.386202999000034 52.513675580000040)","Unfall 199093 (2018) Kat:3, Licht: 0","199093","3","3","5","03","15","4","1","0","0","1","0","0"
"POINT (13.406630119000056 52.575659797000071)","Unfall 199094 (2018) Kat:3, Licht: 0","199094","3","3","5","03","15","4","1","0","1","1","0","0"
"POINT (13.427091152000060 52.499137462000078)","Unfall 199095 (2018) Kat:3, Licht: 0","199095","3","2","5","04","11","3","0","0","0","1","0","0"
"POINT (13.440628438000033 52.517076463000080)","Unfall 199096 (2018) Kat:3, Licht: 0","199096","3","2","5","04","08","5","0","0","0","1","0","0"
"POINT (13.523982778000061 52.459601941000074)","Unfall 199097 (2018) Kat:2, Licht: 0","199097","2","7","5","03","15","4","1","0","0","1","0","0"
"POINT (13.598611923000021 52.535039474000030)","Unfall 199098 (2018) Kat:2, Licht: 0","199098","2","2","5","04","07","5","0","0","1","1","0","0"
"POINT (13.400115666000033 52.531095872000037)","Unfall 199099 (2018) Kat:2, Licht: 0","199099","2","1","0","04","13","3","0","0","1","0","0","0"
"POINT (13.345121175000031 52.581290392000028)","Unfall 199100 (2018) Kat:3, Licht: 0","199100","3","6","3","03","14","4","1","0","0","1","0","0"
"POINT (13.154565530000070 52.532908052000039)","Unfall 199101 (2018) Kat:3, Licht: 1","199101","3","7","5","04","05","5","0","1","0","1","0","1"
"POINT (13.378258641000059 52.565526787000067)","Unfall 199102 (2018) Kat:2, Licht: 0","199102","2","3","5","03","13","4","1","0","0","1","0","1"
"POINT (13.561583275000032 52.493379840000046)","Unfall 199103 (2018) Kat:3, Licht: 0","199103","3","6","2","04","13","3","0","0","0","1","0","0"
"POINT (13.326102593000030 52.538393011000039)","Unfall 199104 (2018) Kat:3, Licht: 0","199104","3","3","5","03","10","4","1","0","0","1","0","0"
"POINT (13.297248847000048 52.548004338000055)","Unfall 199105 (2018) Kat:3, Licht: 2","199105","3","1","9","04","22","5","1","2","0","1","0","0"
"POINT (13.508335761000069 52.451008858000080)","Unfall 199106 (2018) Kat:3, Licht: 0","199106","3","6","2","03","09","4","1","0","0","1","0","0"
"POINT (13.429071129000022 52.556475270000078)","Unfall 199107 (2018) Kat:3, Licht: 2","199107","3","1","8","04","05","5","1","2","0","1","0","0"
"POINT (13.329993193000064 52.523785632000056)","Unfall 199108 (2018) Kat:3, Licht: 0","199108","3","2","5","03","09","4","1","0","1","1","0","0"
"POINT (13.483600213000045 52.431222051000077)","Unfall 199109 (2018) Kat:3, Licht: 0","199109","3","2","2","03","08","4","1","0","1","1","0","0"
"POINT (13.444325918000061 52.467968116000065)","Unfall 199110 (2018) Kat:3, Licht: 0","199110","3","6","2","04","11","3","0","0","0","1","0","0"
"POINT (13.407402181000066 52.536361135000050)","Unfall 199111 (2018) Kat:3, Licht: 2","199111","3","1","0","04","00","5","1","2","1","0","0","0"
"POINT (13.363054727000076 52.522924273000058)","Unfall 199112 (2018) Kat:3, Licht: 0","199112","3","2","5","03","08","4","1","0","1","1","0","0"
"POINT (13.126317978000031 52.468006942000045)","Unfall 199113 (2018) Kat:3, Licht: 2","199113","3","3","5","03","20","4","0","2","0","1","0","0"
"POINT (13.434822422000025 52.542872711000030)","Unfall 199114 (2018) Kat:3, Licht: 0","199114","3","3","5","04","13","5","0","0","0","1","0","0"
"POINT (13.564736040000071 52.542849746000059)","Unfall 199115 (2018) Kat:3, Licht: 0","199115","3","2","2","04","16","2","0","0","0","1","0","0"
"POINT (13.251397737000048 52.415557449000062)","Unfall 199116 (2018) Kat:3, Licht: 2","199116","3","3","5","03","20","4","1","2","1","1","0","0"
"POINT (13.442241277000051 52.591019727000059)","Unfall 199117 (2018) Kat:3, Licht: 0","199117","3","3","0","04","16","5","0","0","1","1","0","0"
"POINT (13.420487152000021 52.461740157000065)","Unfall 199118 (2018) Kat:2, Licht: 2","199118","2","7","5","03","20","4","1","2","0","1","0","0"
"POINT (13.241065574000061 52.538632228000040)","Unfall 199119 (2018) Kat:3, Licht: 0","199119","3","6","2","04","10","3","0","0","0","1","0","0"
"POINT (13.411618280000027 52.504763019000052)","Unfall 199120 (2018) Kat:3, Licht: 0","199120","3","4","6","04","18","4","0","0","0","0","1","0"
"POINT (13.335340227000074 52.595665447000044)","Unfall 199121 (2018) Kat:3, Licht: 0","199121","3","6","0","03","17","4","1","0","0","1","0","1"
"POINT (13.502451166000071 52.424793028000067)","Unfall 199122 (2018) Kat:3, Licht: 0","199122","3","3","5","03","17","4","1","0","0","1","0","0"
"POINT (13.284238445000028 52.485284077000074)","Unfall 199123 (2018) Kat:3, Licht: 0","199123","3","3","5","04","09","3","1","0","1","1","0","0"
"POINT (13.330736456000068 52.499796831000026)","Unfall 199124 (2018) Kat:3, Licht: 0","199124","3","2","5","04","18","4","0","0","1","1","0","0"
"POINT (13.573763126000074 52.527135728000076)","Unfall 199125 (2018) Kat:3, Licht: 0","199125","3","6","2","04","17","4","0","0","0","1","0","0"
"POINT (13.389193680000062 52.550138645000061)","Unfall 199126 (2018) Kat:3, Licht: 0","199126","3","5","5","03","16","4","1","0","1","1","0","0"
"POINT (13.387181199000054 52.457971783000062)","Unfall 199127 (2018) Kat:3, Licht: 0","199127","3","3","5","03","16","4","1","0","0","1","0","0"
"POINT (13.434910304000027 52.504486614000029)","Unfall 199128 (2018) Kat:2, Licht: 1","199128","2","2","5","04","20","4","0","1","0","1","0","1"
"POINT (13.313587129000041 52.515323357000057)","Unfall 199129 (2018) Kat:3, Licht: 0","199129","3","2","5","03","16","4","1","0","1","0","0","0"
"POINT (13.417303024000034 52.522030639000036)","Unfall 199130 (2018) Kat:3, Licht: 0","199130","3","6","0","03","08","3","0","0","1","1","0","0"
"POINT (13.598303896000061 52.452580007000051)","Unfall 199131 (2018) Kat:3, Licht: 0","199131","3","6","0","04","17","4","0","0","0","1","0","1"
"POINT (13.411822264000023 52.523967654000046)","Unfall 199132 (2018) Kat:3, Licht: 1","199132","3","6","3","04","19","2","0","1","1","0","0","0"
"POINT (13.458202318000076 52.499606414000027)","Unfall 199133 (2018) Kat:3, Licht: 0","199133","3","3","5","04","17","4","0","0","1","1","0","0"
"POINT (13.326390607000064 52.427621073000068)","Unfall 199134 (2018) Kat:3, Licht: 2","199134","3","2","5","03","23","3","0","2","0","1","0","0"
"POINT (13.378527381000026 52.513270010000042)","Unfall 199135 (2018) Kat:3, Licht: 0","199135","3","5","1","04","15","4","0","0","1","0","0","0"
"POINT (13.371892031000073 52.509043601000030)","Unfall 199136 (2018) Kat:3, Licht: 2","199136","3","2","5","03","21","3","0","2","0","0","0","1"
"POINT (13.468225553000025 52.427766340000062)","Unfall 199137 (2018) Kat:3, Licht: 0","199137","3","3","5","04","16","4","0","0","0","1","0","0"
"POINT (13.207446122000022 52.555744072000039)","Unfall 199138 (2018) Kat:3, Licht: 2","199138","3","6","3","03","21","3","0","2","1","1","0","0"
"POINT (13.539718348000065 52.396787504000031)","Unfall 199139 (2018) Kat:3, Licht: 0","199139","3","6","2","04","15","4","0","0","0","1","0","0"
"POINT (13.311132153000074 52.497072167000056)","Unfall 199140 (2018) Kat:3, Licht: 0","199140","3","5","1","04","15","4","0","0","0","1","0","0"
"POINT (13.417700203000038 52.464830677000066)","Unfall 199141 (2018) Kat:2, Licht: 0","199141","2","3","5","04","07","3","0","0","0","1","0","0"
"POINT (13.433236036000039 52.482222896000053)","Unfall 199142 (2018) Kat:3, Licht: 2","199142","3","7","2","03","20","3","0","2","1","1","0","0"
"POINT (13.457702992000065 52.561441273000071)","Unfall 199143 (2018) Kat:3, Licht: 0","199143","3","6","2","04","15","4","0","0","0","1","0","0"
"POINT (13.335645380000074 52.541693974000054)","Unfall 199144 (2018) Kat:3, Licht: 0","199144","3","6","2","04","14","4","0","0","0","1","0","0"
"POINT (13.411903522000046 52.401525307000043)","Unfall 199145 (2018) Kat:3, Licht: 2","199145","3","3","5","03","19","3","0","2","0","1","0","0"
"POINT (13.450968191000072 52.526944641000057)","Unfall 199146 (2018) Kat:2, Licht: 0","199146","2","3","5","04","14","4","0","0","1","0","0","0"
"POINT (13.326101753000046 52.538399479000077)","Unfall 199147 (2018) Kat:3, Licht: 2","199147","3","3","5","04","23","2","0","2","0","1","0","0"
"POINT (13.331958070000042 52.502839387000051)","Unfall 199148 (2018) Kat:3, Licht: 0","199148","3","7","1","04","14","4","0","0","0","0","0","1"
"POINT (13.265269849000049 52.504093663000049)","Unfall 199149 (2018) Kat:2, Licht: 2","199149","2","7","5","03","19","3","0","2","0","1","0","1"
"POINT (13.513882251000041 52.446687003000079)","Unfall 199150 (2018) Kat:3, Licht: 0","199150","3","6","2","04","14","4","0","0","0","1","0","1"
"POINT (13.241103853000027 52.510430984000038)","Unfall 199151 (2018) Kat:3, Licht: 2","199151","3","5","1","03","19","3","0","2","1","1","0","0"
"POINT (13.327259835000064 52.527539371000046)","Unfall 199152 (2018) Kat:2, Licht: 0","199152","2","5","1","04","14","4","0","0","1","1","0","0"
"POINT (13.436112318000028 52.483970817000056)","Unfall 199153 (2018) Kat:3, Licht: 1","199153","3","5","1","03","19","3","0","1","1","1","0","0"
"POINT (13.353858892000062 52.562090803000046)","Unfall 199154 (2018) Kat:3, Licht: 0","199154","3","2","5","04","14","4","0","0","0","1","0","0"
"POINT (13.416435253000031 52.519705212000076)","Unfall 199155 (2018) Kat:3, Licht: 0","199155","3","1","9","04","13","4","0","0","0","1","0","0"
"POINT (13.494734065000046 52.545268950000036)","Unfall 199156 (2018) Kat:3, Licht: 0","199156","3","6","2","04","15","3","0","0","0","1","0","0"
"POINT (13.365150899000071 52.525816728000052)","Unfall 199157 (2018) Kat:3, Licht: 0","199157","3","4","6","03","18","3","0","0","1","0","1","0"
"POINT (13.473639567000077 52.438095097000030)","Unfall 199158 (2018) Kat:3, Licht: 0","199158","3","5","1","04","11","4","0","0","0","1","0","0"
"POINT (13.293535609000060 52.626052000000072)","Unfall 199159 (2018) Kat:3, Licht: 0","199159","3","5","1","04","10","4","0","0","0","1","0","0"
"POINT (13.314513647000069 52.510266148000028)","Unfall 199160 (2018) Kat:3, Licht: 0","199160","3","2","5","03","18","3","0","0","0","1","0","1"
"POINT (13.340522670000041 52.499768677000077)","Unfall 199161 (2018) Kat:3, Licht: 0","199161","3","6","2","03","09","3","0","0","0","1","0","1"
"POINT (13.327297425000040 52.448561573000063)","Unfall 199162 (2018) Kat:3, Licht: 0","199162","3","4","6","04","13","2","0","0","0","1","1","0"
"POINT (13.318637667000075 52.566389337000032)","Unfall 199163 (2018) Kat:2, Licht: 0","199163","2","5","1","04","08","4","0","0","0","1","0","0"
"POINT (13.493779722000056 52.541129895000040)","Unfall 199164 (2018) Kat:3, Licht: 0","199164","3","3","5","03","09","3","0","0","0","1","0","0"
"POINT (13.365619852000066 52.562947873000041)","Unfall 199165 (2018) Kat:3, Licht: 2","199165","3","1","8","03","04","3","0","2","0","1","0","0"
"POINT (13.389702391000071 52.495915037000032)","Unfall 199166 (2018) Kat:3, Licht: 0","199166","3","2","5","04","09","4","0","0","1","1","0","0"
"POINT (13.425708496000027 52.478788996000048)","Unfall 199167 (2018) Kat:3, Licht: 2","199167","3","5","1","03","01","3","0","2","1","1","0","0"
"POINT (13.418974786000035 52.530543258000080)","Unfall 199168 (2018) Kat:3, Licht: 0","199168","3","2","2","03","15","3","0","0","0","1","0","0"
"POINT (13.409346513000060 52.524076954000066)","Unfall 199169 (2018) Kat:3, Licht: 0","199169","3","6","2","04","08","4","0","0","0","1","0","1"
"POINT (13.599712106000027 52.451959846000079)","Unfall 199170 (2018) Kat:2, Licht: 0","199170","2","4","6","04","08","4","0","0","0","1","1","0"
"POINT (13.403119604000040 52.531916570000078)","Unfall 199171 (2018) Kat:3, Licht: 0","199171","3","6","0","04","12","3","0","0","0","1","0","1"
"POINT (13.346071799000072 52.544907311000031)","Unfall 199172 (2018) Kat:3, Licht: 0","199172","3","3","5","03","15","3","0","0","0","1","0","0"
"POINT (13.451905295000074 52.508393827000077)","Unfall 199173 (2018) Kat:3, Licht: 2","199173","3","7","0","04","20","4","0","2","1","0","0","0"
"POINT (13.436918275000039 52.449866884000073)","Unfall 199174 (2018) Kat:3, Licht: 0","199174","3","4","6","03","15","3","0","0","0","1","1","0"
"POINT (13.330662048000022 52.562591556000029)","Unfall 199175 (2018) Kat:3, Licht: 2","199175","3","2","5","04","21","4","1","2","0","1","0","0"
"POINT (13.458765929000037 52.506429795000031)","Unfall 199176 (2018) Kat:3, Licht: 0","199176","3","2","5","03","14","3","0","0","1","1","0","0"
"POINT (13.575563183000042 52.489019483000050)","Unfall 199177 (2018) Kat:3, Licht: 0","199177","3","3","5","03","13","3","0","0","1","1","0","0"
"POINT (13.419716117000064 52.393580515000053)","Unfall 199178 (2018) Kat:3, Licht: 0","199178","3","4","0","03","12","3","0","0","0","0","1","0"
"POINT (13.519270608000056 52.454018820000044)","Unfall 199179 (2018) Kat:3, Licht: 0","199179","3","3","5","03","13","3","0","0","0","1","0","0"
"POINT (13.306479306000028 52.419460463000064)","Unfall 199180 (2018) Kat:3, Licht: 0","199180","3","7","5","04","17","2","0","0","0","1","0","1"
"POINT (13.231087866000053 52.538202765000051)","Unfall 199181 (2018) Kat:3, Licht: 0","199181","3","2","5","04","11","4","0","0","1","0","0","0"
"POINT (13.336116946000061 52.500085466000030)","Unfall 199182 (2018) Kat:3, Licht: 0","199182","3","5","1","04","14","1","0","0","1","1","0","0"
"POINT (13.389460090000057 52.521391190000031)","Unfall 199183 (2018) Kat:3, Licht: 0","199183","3","1","0","04","14","7","1","0","1","0","0","0"
"POINT (13.354479629000025 52.497392447000038)","Unfall 199184 (2018) Kat:3, Licht: 2","199184","3","5","1","04","21","3","0","2","1","1","0","0"
"POINT (13.299932756000032 52.522932061000063)","Unfall 199185 (2018) Kat:2, Licht: 2","199185","2","1","0","04","22","7","0","2","1","0","0","0"
"POINT (13.309176648000062 52.603345323000042)","Unfall 199186 (2018) Kat:3, Licht: 0","199186","3","6","2","04","16","2","0","0","1","1","0","0"
"POINT (13.603766870000072 52.481635661000041)","Unfall 199187 (2018) Kat:3, Licht: 0","199187","3","5","1","04","17","6","0","0","1","1","0","0"
"POINT (13.450754853000035 52.548435113000039)","Unfall 199188 (2018) Kat:3, Licht: 2","199188","3","7","0","04","01","6","1","2","0","0","1","0"
"POINT (13.569679682000071 52.444632558000080)","Unfall 199189 (2018) Kat:3, Licht: 2","199189","3","6","2","04","20","1","0","2","0","1","0","0"
"POINT (13.389803637000057 52.434317581000073)","Unfall 199190 (2018) Kat:2, Licht: 0","199190","2","2","5","04","15","6","0","0","0","1","0","0"
"POINT (13.369259230000068 52.557099017000041)","Unfall 199191 (2018) Kat:2, Licht: 0","199191","2","7","5","04","14","6","0","0","0","1","0","0"
"POINT (13.521839005000061 52.525873103000038)","Unfall 199192 (2018) Kat:3, Licht: 0","199192","3","2","5","04","07","4","0","0","1","0","0","1"
"POINT (13.414122443000053 52.498578352000038)","Unfall 199193 (2018) Kat:3, Licht: 0","199193","3","2","0","04","14","1","0","0","0","1","0","1"
"POINT (13.339941250000038 52.588050214000077)","Unfall 199194 (2018) Kat:3, Licht: 0","199194","3","2","5","04","17","3","0","0","0","1","0","0"
"POINT (13.308496999000056 52.590770493000036)","Unfall 199195 (2018) Kat:2, Licht: 0","199195","2","5","1","04","14","6","0","0","0","1","0","0"
"POINT (13.506306073000076 52.437520445000075)","Unfall 199196 (2018) Kat:2, Licht: 0","199196","2","3","5","04","16","2","1","0","0","1","0","0"
"POINT (13.380217700000060 52.445246123000061)","Unfall 199197 (2018) Kat:3, Licht: 0","199197","3","4","6","04","14","6","0","0","0","1","1","0"
"POINT (13.376711581000052 52.510642863000044)","Unfall 199198 (2018) Kat:3, Licht: 0","199198","3","4","6","04","14","6","0","0","0","0","1","0"
"POINT (13.493933887000026 52.643070290000026)","Unfall 199199 (2018) Kat:3, Licht: 0","199199","3","6","2","04","18","2","1","0","0","1","0","0"
"POINT (13.437336024000047 52.493489855000064)","Unfall 199200 (2018) Kat:3, Licht: 0","199200","3","3","0","04","14","6","0","0","0","1","0","0"
"POINT (13.421933545000059 52.505126271000051)","Unfall 199201 (2018) Kat:3, Licht: 0","199201","3","3","5","04","14","6","0","0","0","1","0","0"
"POINT (13.393735563000064 52.572670812000069)","Unfall 199202 (2018) Kat:3, Licht: 0","199202","3","3","5","04","15","1","0","0","1","1","0","0"
"POINT (13.427797526000063 52.533627105000051)","Unfall 199203 (2018) Kat:3, Licht: 0","199203","3","6","2","04","13","6","0","0","0","1","0","0"
"POINT (13.555315974000052 52.438374527000065)","Unfall 199204 (2018) Kat:3, Licht: 0","199204","3","2","4","04","07","3","0","0","1","1","0","0"
"POINT (13.412306481000030 52.531144373000075)","Unfall 199205 (2018) Kat:3, Licht: 0","199205","3","7","0","04","13","1","1","0","1","1","0","0"
"POINT (13.470462709000060 52.462523532000034)","Unfall 199206 (2018) Kat:3, Licht: 0","199206","3","7","5","04","16","3","0","0","1","1","0","0"
"POINT (13.300287561000061 52.570052162000081)","Unfall 199207 (2018) Kat:3, Licht: 0","199207","3","3","5","04","13","6","0","0","1","1","0","0"
"POINT (13.361892789000024 52.497990636000054)","Unfall 199208 (2018) Kat:3, Licht: 0","199208","3","4","6","04","14","2","0","0","1","0","1","0"
"POINT (13.341432852000025 52.588408641000058)","Unfall 199209 (2018) Kat:3, Licht: 0","199209","3","6","2","04","13","6","1","0","0","1","0","0"
"POINT (13.518768081000076 52.509650556000054)","Unfall 199210 (2018) Kat:3, Licht: 0","199210","3","6","2","04","12","6","1","0","0","1","0","0"
"POINT (13.477046874000052 52.566899683000031)","Unfall 199211 (2018) Kat:2, Licht: 2","199211","2","3","5","04","00","4","0","2","0","1","0","0"
"POINT (13.198923178000030 52.532865644000026)","Unfall 199212 (2018) Kat:3, Licht: 0","199212","3","6","2","04","13","1","0","0","0","1","0","0"
"POINT (13.291731571000071 52.497359627000037)","Unfall 199213 (2018) Kat:3, Licht: 0","199213","3","6","2","04","11","6","1","0","0","1","0","0"
"POINT (13.266128014000060 52.502263688000028)","Unfall 199214 (2018) Kat:3, Licht: 0","199214","3","2","5","04","08","3","0","0","0","1","0","0"
"POINT (13.435020685000040 52.508682573000044)","Unfall 199215 (2018) Kat:2, Licht: 0","199215","2","4","6","04","11","6","1","0","0","1","1","0"
"POINT (13.309489545000076 52.510873125000046)","Unfall 199216 (2018) Kat:3, Licht: 0","199216","3","4","6","04","16","4","0","0","0","1","1","0"
"POINT (13.405594118000067 52.529387997000072)","Unfall 199217 (2018) Kat:2, Licht: 0","199217","2","3","5","04","13","1","0","0","1","0","0","0"
"POINT (13.378052081000021 52.407636671000034)","Unfall 199218 (2018) Kat:2, Licht: 0","199218","2","3","5","04","11","6","1","0","0","1","0","0"
"POINT (13.414268923000066 52.527524780000078)","Unfall 199219 (2018) Kat:3, Licht: 0","199219","3","5","1","04","10","3","0","0","1","1","0","0"
"POINT (13.435130803000050 52.432114499000079)","Unfall 199220 (2018) Kat:3, Licht: 0","199220","3","7","5","04","14","3","0","0","0","1","0","1"
"POINT (13.439028667000059 52.494984965000071)","Unfall 199221 (2018) Kat:3, Licht: 0","199221","3","2","5","04","10","6","1","0","1","1","0","0"
"POINT (13.328967557000055 52.472500036000042)","Unfall 199222 (2018) Kat:3, Licht: 0","199222","3","3","5","04","09","6","1","0","1","1","0","0"
"POINT (13.435112774000061 52.427006373000040)","Unfall 199223 (2018) Kat:2, Licht: 0","199223","2","6","0","04","14","2","0","0","0","1","0","1"
"POINT (13.493589757000052 52.543658432000029)","Unfall 199224 (2018) Kat:3, Licht: 0","199224","3","3","5","04","09","6","1","0","0","1","0","0"
"POINT (13.316458755000042 52.499088973000028)","Unfall 199225 (2018) Kat:3, Licht: 0","199225","3","2","0","04","09","6","1","0","1","0","0","0"
"POINT (13.323720385000058 52.587511381000070)","Unfall 199226 (2018) Kat:3, Licht: 0","199226","3","2","5","04","13","4","0","0","0","1","0","1"
"POINT (13.664568846000066 52.410910224000077)","Unfall 199227 (2018) Kat:3, Licht: 0","199227","3","3","5","04","11","1","0","0","1","1","0","0"
"POINT (13.319982499000048 52.478767443000038)","Unfall 199228 (2018) Kat:3, Licht: 0","199228","3","6","2","04","08","6","1","0","0","1","0","0"
"POINT (13.140088555000034 52.534230883000077)","Unfall 199229 (2018) Kat:3, Licht: 0","199229","3","7","1","04","16","3","0","0","0","1","0","0"
"POINT (13.266293308000058 52.575886390000051)","Unfall 199230 (2018) Kat:3, Licht: 0","199230","3","7","4","04","08","6","0","0","0","1","0","0"
"POINT (13.492397101000051 52.565166316000045)","Unfall 199231 (2018) Kat:3, Licht: 1","199231","3","1","9","04","20","2","1","1","0","1","0","0"
"POINT (13.607318504000034 52.534003829000028)","Unfall 199232 (2018) Kat:3, Licht: 0","199232","3","3","5","04","07","6","1","0","1","1","0","0"
"POINT (13.354673590000061 52.497129948000065)","Unfall 199233 (2018) Kat:3, Licht: 0","199233","3","3","5","04","07","6","0","0","1","1","0","0"
"POINT (13.519264890000045 52.530745104000061)","Unfall 199234 (2018) Kat:3, Licht: 0","199234","3","3","5","04","13","3","0","0","1","1","0","0"
"POINT (13.394846477000044 52.543125340000074)","Unfall 199235 (2018) Kat:3, Licht: 2","199235","3","3","5","04","20","6","1","2","0","1","0","0"
"POINT (13.412745286000074 52.444617277000077)","Unfall 199236 (2018) Kat:3, Licht: 0","199236","3","4","6","04","18","6","0","0","0","1","1","0"
"POINT (13.428979118000029 52.488363059000051)","Unfall 199237 (2018) Kat:2, Licht: 0","199237","2","3","5","04","10","2","1","0","1","1","0","0"
"POINT (13.279942427000037 52.518467044000033)","Unfall 199238 (2018) Kat:3, Licht: 0","199238","3","4","6","04","17","6","0","0","0","1","1","0"
"POINT (13.330993079000052 52.501485450000075)","Unfall 199239 (2018) Kat:3, Licht: 0","199239","3","3","5","04","17","6","0","0","0","1","0","0"
"POINT (13.375271671000064 52.511819972000069)","Unfall 199240 (2018) Kat:3, Licht: 0","199240","3","2","2","04","09","4","0","0","0","1","0","0"
"POINT (13.346565219000070 52.435328611000045)","Unfall 199241 (2018) Kat:3, Licht: 0","199241","3","7","6","04","09","1","0","0","0","0","1","0"
"POINT (13.364576097000054 52.497474503000035)","Unfall 199242 (2018) Kat:3, Licht: 0","199242","3","3","5","04","16","6","0","0","1","1","0","0"
"POINT (13.390125002000048 52.515696559000048)","Unfall 199243 (2018) Kat:3, Licht: 0","199243","3","5","1","04","19","3","0","0","1","1","0","0"
"POINT (13.406245865000074 52.513704462000078)","Unfall 199244 (2018) Kat:3, Licht: 0","199244","3","7","6","04","15","6","0","0","0","1","1","0"
"POINT (13.199698214000023 52.535227059000078)","Unfall 199245 (2018) Kat:3, Licht: 1","199245","3","5","1","04","21","2","0","1","0","1","0","0"
"POINT (13.203857195000069 52.539902688000041)","Unfall 199246 (2018) Kat:2, Licht: 2","199246","2","2","5","04","22","6","1","2","1","1","0","0"
"POINT (13.383916280000051 52.551168538000070)","Unfall 199247 (2018) Kat:3, Licht: 0","199247","3","6","2","04","16","6","0","0","1","1","0","0"
"POINT (13.219266855000058 52.560166543000037)","Unfall 199248 (2018) Kat:3, Licht: 0","199248","3","1","0","04","16","1","0","0","0","0","0","1"
"POINT (13.256570387000068 52.415994349000073)","Unfall 199249 (2018) Kat:2, Licht: 0","199249","2","7","4","04","15","6","0","0","0","1","0","0"
"POINT (13.487615439000024 52.618053107000037)","Unfall 199250 (2018) Kat:1, Licht: 0","199250","1","2","6","04","09","4","0","0","0","1","1","0"
"POINT (13.430403443000046 52.551256723000051)","Unfall 199251 (2018) Kat:3, Licht: 2","199251","3","3","5","04","04","1","0","2","0","1","0","0"