WKT,Name,OBJECTID,UKATEGORIE,UTYP1,UART,UMONAT,USTUNDE,UWOCHENTAG,STRZUSTAND,ULICHTVERH,ISTRAD,ISTPKW,ISTFUSS,ISTKRAD
"POINT (13.258365023000067 52.435698746000071)","Unfall 199252 (2018) Kat:3, Licht: 0","199252","3","1","0","04","12","2","1","0","0","0","0","1"
"POINT (13.353889990000027 52.562090171000079)","Unfall 199253 (2018) Kat:3, Licht: 0","199253","3","2","5","04","17","6","0","0","0","1","0","0"
"POINT (13.373052303000065 52.424895795000054)","Unfall 199254 (2018) Kat:3, Licht: 0","199254","3","2","5","04","17","6","0","0","0","1","0","0"
"POINT (13.378904955000053 52.465943312000036)","Unfall 199255 (2018) Kat:3, Licht: 0","199255","3","5","1","04","08","4","0","0","1","1","0","0"
"POINT (13.441132492000065 52.437988208000036)","Unfall 199256 (2018) Kat:3, Licht: 2","199256","3","5","1","04","04","1","0","2","0","1","0","0"
"POINT (13.390814329000023 52.395146821000026)","Unfall 199257 (2018) Kat:2, Licht: 0","199257","2","6","2","04","18","3","0","0","0","1","0","1"
"POINT (13.345101806000059 52.448846086000060)","Unfall 199258 (2018) Kat:3, Licht: 1","199258","3","2","5","04","19","5","0","1","0","1","0","1"
"POINT (13.424723701000062 52.497188629000050)","Unfall 199259 (2018) Kat:3, Licht: 0","199259","3","4","6","04","16","2","0","0","0","1","1","0"
"POINT (13.378948572000070 52.528273696000042)","Unfall 199260 (2018) Kat:3, Licht: 0","199260","3","7","6","04","09","5","0","0","1","0","1","0"
"POINT (13.288086623000027 52.584959253000079)","Unfall 199261 (2018) Kat:3, Licht: 0","199261","3","6","3","04","16","5","0","0","1","0","0","0"
"POINT (13.614949438000053 52.454791410000041)","Unfall 199262 (2018) Kat:3, Licht: 2","199262","3","3","5","04","21","5","0","2","0","1","0","0"
"POINT (13.339596372000074 52.503481638000039)","Unfall 199263 (2018) Kat:3, Licht: 0","199263","3","6","2","04","09","3","0","0","1","1","0","0"
"POINT (13.294524428000045 52.444951055000047)","Unfall 199264 (2018) Kat:3, Licht: 0","199264","3","6","2","04","15","3","0","0","1","0","0","0"
"POINT (13.352196368000023 52.592245381000055)","Unfall 199265 (2018) Kat:3, Licht: 2","199265","3","4","6","04","20","5","0","2","0","1","1","0"
"POINT (13.200221162000048 52.536837342000069)","Unfall 199266 (2018) Kat:3, Licht: 0","199266","3","4","6","04","13","3","0","0","1","0","1","0"
"POINT (13.255177396000022 52.449797592000039)","Unfall 199267 (2018) Kat:3, Licht: 0","199267","3","3","5","04","18","5","0","0","0","1","0","0"
"POINT (13.375625863000039 52.456581012000072)","Unfall 199268 (2018) Kat:3, Licht: 0","199268","3","4","6","04","16","2","1","0","0","1","1","0"
"POINT (13.352713683000047 52.543138554000052)","Unfall 199269 (2018) Kat:2, Licht: 0","199269","2","7","5","04","18","5","0","0","0","1","0","1"
"POINT (13.270569847000047 52.515299105000054)","Unfall 199270 (2018) Kat:3, Licht: 0","199270","3","3","5","04","18","5","0","0","0","1","0","0"
"POINT (13.376611097000023 52.486160246000054)","Unfall 199271 (2018) Kat:3, Licht: 0","199271","3","4","6","04","16","4","0","0","1","0","1","0"
"POINT (13.367561833000025 52.526013673000080)","Unfall 199272 (2018) Kat:3, Licht: 1","199272","3","1","0","04","17","1","0","1","0","0","0","1"
"POINT (13.298979801000030 52.519526239000072)","Unfall 199273 (2018) Kat:3, Licht: 0","199273","3","6","3","04","18","5","0","0","0","1","0","0"
"POINT (13.441546479000067 52.481164487000058)","Unfall 199274 (2018) Kat:3, Licht: 0","199274","3","3","0","04","09","3","0","0","1","0","0","1"
"POINT (13.330672575000051 52.495408032000057)","Unfall 199275 (2018) Kat:3, Licht: 0","199275","3","6","2","04","14","3","0","0","0","1","0","1"
"POINT (13.320270974000039 52.476887318000081)","Unfall 199276 (2018) Kat:3, Licht: 0","199276","3","1","0","04","18","5","0","0","1","0","0","0"
"POINT (13.602243666000049 52.536049998000067)","Unfall 199277 (2018) Kat:3, Licht: 0","199277","3","3","5","04","17","5","0","0","0","1","0","0"
"POINT (13.551103891000025 52.428899546000082)","Unfall 199278 (2018) Kat:3, Licht: 0","199278","3","6","2","04","13","2","0","0","0","1","0","0"
"POINT (13.360519805000024 52.596893918000035)","Unfall 199279 (2018) Kat:3, Licht: 0","199279","3","2","5","04","17","5","0","0","0","1","0","0"
"POINT (13.312861918000067 52.499714762000053)","Unfall 199280 (2018) Kat:3, Licht: 0","199280","3","6","2","04","11","4","0","0","1","1","0","0"
"POINT (13.307731027000045 52.498151061000044)","Unfall 199281 (2018) Kat:2, Licht: 0","199281","2","6","3","04","19","7","0","0","1","1","0","0"
"POINT (13.446551239000030 52.491542550000077)","Unfall 199282 (2018) Kat:2, Licht: 0","199282","2","3","5","04","15","2","0","0","1","1","0","0"
"POINT (13.453906477000032 52.547820991000037)","Unfall 199283 (2018) Kat:3, Licht: 0","199283","3","4","6","04","17","5","0","0","0","1","1","0"
"POINT (13.328401433000067 52.477419979000047)","Unfall 199284 (2018) Kat:2, Licht: 0","199284","2","4","6","04","17","5","0","0","1","0","1","0"
"POINT (13.379559029000063 52.510951401000057)","Unfall 199285 (2018) Kat:3, Licht: 0","199285","3","4","6","04","14","4","0","0","0","0","1","1"
"POINT (13.197811798000032 52.520200655000053)","Unfall 199286 (2018) Kat:2, Licht: 0","199286","2","4","6","04","19","7","0","0","0","1","1","0"
"POINT (13.565835417000073 52.456030969000039)","Unfall 199287 (2018) Kat:3, Licht: 0","199287","3","6","4","04","17","5","0","0","1","0","0","0"
"POINT (13.287574708000022 52.480785460000050)","Unfall 199288 (2018) Kat:3, Licht: 0","199288","3","2","0","04","07","3","0","0","0","1","0","1"
"POINT (13.407272776000070 52.386669678000032)","Unfall 199289 (2018) Kat:3, Licht: 0","199289","3","5","1","04","16","5","0","0","1","1","0","0"
"POINT (13.381050750000043 52.522820100000047)","Unfall 199290 (2018) Kat:3, Licht: 0","199290","3","5","1","04","11","3","0","0","1","1","0","0"
"POINT (13.331236068000067 52.562132785000074)","Unfall 199291 (2018) Kat:2, Licht: 0","199291","2","7","2","04","16","5","0","0","0","1","0","1"
"POINT (13.199409031000073 52.534630496000034)","Unfall 199292 (2018) Kat:3, Licht: 0","199292","3","2","5","04","12","5","0","0","1","1","0","0"
"POINT (13.452883051000072 52.533812482000030)","Unfall 199293 (2018) Kat:3, Licht: 0","199293","3","3","5","04","07","2","1","0","1","0","0","0"
"POINT (13.335469839000041 52.527100582000060)","Unfall 199294 (2018) Kat:3, Licht: 0","199294","3","3","5","04","12","5","0","0","0","1","0","1"
"POINT (13.201568543000064 52.536866100000054)","Unfall 199295 (2018) Kat:2, Licht: 0","199295","2","7","2","04","12","5","0","0","1","1","0","0"
"POINT (13.292073916000049 52.497251291000055)","Unfall 199296 (2018) Kat:3, Licht: 0","199296","3","6","2","04","08","4","0","0","1","1","0","0"
"POINT (13.407925273000046 52.452541598000039)","Unfall 199297 (2018) Kat:3, Licht: 0","199297","3","2","5","04","19","7","0","0","0","1","0","0"
"POINT (13.494880118000026 52.500698928000077)","Unfall 199298 (2018) Kat:3, Licht: 0","199298","3","3","5","04","18","3","0","0","1","1","0","0"
"POINT (13.285100596000063 52.479591694000078)","Unfall 199299 (2018) Kat:3, Licht: 0","199299","3","2","6","04","11","5","0","0","0","1","1","0"
"POINT (13.329701380000074 52.563177779000057)","Unfall 199300 (2018) Kat:3, Licht: 0","199300","3","2","0","04","18","2","0","0","0","1","0","1"
"POINT (13.267562077000036 52.428878565000048)","Unfall 199301 (2018) Kat:2, Licht: 0","199301","2","3","5","04","11","5","0","0","0","1","0","0"
"POINT (13.518866684000045 52.532835185000067)","Unfall 199302 (2018) Kat:2, Licht: 0","199302","2","2","5","04","10","5","0","0","0","1","0","0"
"POINT (13.380417728000054 52.518206070000076)","Unfall 199303 (2018) Kat:3, Licht: 2","199303","3","2","5","04","21","3","0","2","0","0","0","1"
"POINT (13.313941044000046 52.490406783000026)","Unfall 199304 (2018) Kat:2, Licht: 0","199304","2","2","5","04","10","5","0","0","1","1","0","0"
"POINT (13.462859754000021 52.422305249000033)","Unfall 199305 (2018) Kat:3, Licht: 0","199305","3","5","1","04","10","2","1","0","1","1","0","0"
"POINT (13.626288269000042 52.460299149000036)","Unfall 199306 (2018) Kat:2, Licht: 0","199306","2","2","5","04","10","5","0","0","0","1","0","1"
"POINT (13.498999954000055 52.534176662000050)","Unfall 199307 (2018) Kat:3, Licht: 0","199307","3","6","3","04","14","5","0","0","0","1","0","1"
"POINT (13.272904539000024 52.540088955000044)","Unfall 199308 (2018) Kat:3, Licht: 2","199308","3","6","2","04","21","1","0","2","0","1","0","0"
"POINT (13.331260394000026 52.495167395000067)","Unfall 199309 (2018) Kat:3, Licht: 0","199309","3","6","3","04","09","5","0","0","1","1","0","0"
"POINT (13.401731816000051 52.588550483000063)","Unfall 199310 (2018) Kat:2, Licht: 0","199310","2","2","2","04","15","5","0","0","0","1","0","1"
"POINT (13.444330342000057 52.454683922000072)","Unfall 199311 (2018) Kat:3, Licht: 0","199311","3","5","1","04","07","4","0","0","1","1","0","0"
"POINT (13.399626262000027 52.455065864000062)","Unfall 199312 (2018) Kat:2, Licht: 0","199312","2","6","0","04","16","7","1","0","0","1","0","1"
"POINT (13.478062094000052 52.454792867000037)","Unfall 199313 (2018) Kat:3, Licht: 0","199313","3","7","5","04","17","3","0","0","0","1","0","1"
"POINT (13.458336084000052 52.529147692000038)","Unfall 199314 (2018) Kat:3, Licht: 0","199314","3","6","2","04","08","5","0","0","0","0","0","1"
"POINT (13.274322252000047 52.515553220000072)","Unfall 199315 (2018) Kat:3, Licht: 0","199315","3","3","5","04","16","2","0","0","1","1","0","0"
"POINT (13.234316948000071 52.438515874000075)","Unfall 199316 (2018) Kat:3, Licht: 0","199316","3","5","1","04","08","5","0","0","1","1","0","0"
"POINT (13.217087236000054 52.528783790000034)","Unfall 199317 (2018) Kat:2, Licht: 0","199317","2","7","0","04","13","5","0","0","0","1","0","0"
"POINT (13.400073689000067 52.509555582000075)","Unfall 199318 (2018) Kat:3, Licht: 0","199318","3","2","5","04","15","7","0","0","1","1","0","0"
"POINT (13.311048943000060 52.499172466000061)","Unfall 199319 (2018) Kat:3, Licht: 0","199319","3","4","6","04","07","5","0","0","0","1","1","0"
"POINT (13.315270262000070 52.577838637000070)","Unfall 199320 (2018) Kat:3, Licht: 0","199320","3","2","5","04","08","5","0","0","1","1","0","0"
"POINT (13.346299512000030 52.501236701000039)","Unfall 199321 (2018) Kat:3, Licht: 0","199321","3","2","2","04","18","1","0","0","0","1","0","0"
"POINT (13.317953581000040 52.491734613000062)","Unfall 199322 (2018) Kat:3, Licht: 0","199322","3","5","1","04","07","5","0","0","1","1","0","0"
"POINT (13.364653951000037 52.490899918000082)","Unfall 199323 (2018) Kat:3, Licht: 0","199323","3","7","1","04","11","3","0","0","0","1","0","0"
"POINT (13.309548190000044 52.478705731000048)","Unfall 199324 (2018) Kat:3, Licht: 0","199324","3","2","5","04","15","7","1","0","1","1","0","0"
"POINT (13.333019001000025 52.505173173000060)","Unfall 199325 (2018) Kat:3, Licht: 0","199325","3","7","5","04","16","3","0","0","0","1","0","1"
"POINT (13.288082772000053 52.513048999000034)","Unfall 199326 (2018) Kat:3, Licht: 0","199326","3","6","2","04","07","5","0","0","0","1","0","0"
"POINT (13.391372558000057 52.531922547000079)","Unfall 199327 (2018) Kat:2, Licht: 2","199327","2","1","4","04","21","5","0","2","1","0","0","0"
"POINT (13.346023740000021 52.496103078000033)","Unfall 199328 (2018) Kat:3, Licht: 0","199328","3","6","2","04","16","2","1","0","0","1","0","1"
"POINT (13.312607718000038 52.506291862000069)","Unfall 199329 (2018) Kat:3, Licht: 0","199329","3","1","8","04","12","5","0","0","0","1","0","0"
"POINT (13.233346279000045 52.616006377000076)","Unfall 199330 (2018) Kat:3, Licht: 0","199330","3","2","5","04","15","5","0","0","1","1","0","0"
"POINT (13.393324338000070 52.524876997000035)","Unfall 199331 (2018) Kat:3, Licht: 0","199331","3","1","0","04","09","5","0","0","1","0","0","0"
"POINT (13.354757402000075 52.490044154000032)","Unfall 199332 (2018) Kat:3, Licht: 0","199332","3","6","2","04","15","5","0","0","1","1","0","0"
"POINT (13.549421938000023 52.568752850000067)","Unfall 199333 (2018) Kat:3, Licht: 0","199333","3","2","5","04","16","4","0","0","1","1","0","0"
"POINT (13.398948939000036 52.508227578000060)","Unfall 199334 (2018) Kat:2, Licht: 0","199334","2","3","5","04","15","5","0","0","0","1","0","1"
"POINT (13.308154024000032 52.477865612000073)","Unfall 199335 (2018) Kat:3, Licht: 0","199335","3","2","5","04","13","7","1","0","0","1","0","0"
"POINT (13.430202633000022 52.510347624000076)","Unfall 199336 (2018) Kat:3, Licht: 0","199336","3","2","3","04","18","4","0","0","1","1","0","0"
"POINT (13.369845474000044 52.524202124000055)","Unfall 199337 (2018) Kat:3, Licht: 2","199337","3","4","6","04","20","5","0","2","0","1","1","0"
"POINT (13.396978197000067 52.538538899000059)","Unfall 199338 (2018) Kat:2, Licht: 0","199338","2","4","6","04","09","3","0","0","0","1","1","0"
"POINT (13.419820804000040 52.514854184000058)","Unfall 199339 (2018) Kat:3, Licht: 1","199339","3","2","5","04","16","4","0","1","1","1","0","0"
"POINT (13.197656970000025 52.523198006000030)","Unfall 199340 (2018) Kat:2, Licht: 2","199340","2","5","1","04","20","5","0","2","1","1","0","0"
"POINT (13.600838673000055 52.479050263000033)","Unfall 199341 (2018) Kat:3, Licht: 0","199341","3","2","5","04","13","3","0","0","0","1","0","0"
"POINT (13.342945060000034 52.492303719000063)","Unfall 199342 (2018) Kat:2, Licht: 1","199342","2","4","6","04","18","4","0","1","0","1","1","0"
"POINT (13.353592290000051 52.500908615000071)","Unfall 199343 (2018) Kat:2, Licht: 0","199343","2","2","5","04","10","3","0","0","0","1","0","1"
"POINT (13.388906656000074 52.398426511000082)","Unfall 199344 (2018) Kat:3, Licht: 0","199344","3","2","6","04","15","5","0","0","0","1","1","0"
"POINT (13.545305285000040 52.425649329000066)","Unfall 199345 (2018) Kat:3, Licht: 0","199345","3","3","5","04","14","3","0","0","1","1","0","0"
"POINT (13.621080568000025 52.506066750000059)","Unfall 199346 (2018) Kat:3, Licht: 0","199346","3","6","6","04","16","4","0","0","1","0","1","0"
"POINT (13.379325815000072 52.522488182000075)","Unfall 199347 (2018) Kat:3, Licht: 0","199347","3","1","0","04","07","4","1","0","0","0","0","1"
"POINT (13.611343090000048 52.477997009000035)","Unfall 199348 (2018) Kat:2, Licht: 0","199348","2","3","5","04","15","5","0","0","0","1","0","0"
"POINT (13.577998390000062 52.420359703000031)","Unfall 199349 (2018) Kat:3, Licht: 0","199349","3","4","6","04","15","2","0","0","0","1","1","0"
"POINT (13.312363341000037 52.429838076000067)","Unfall 199350 (2018) Kat:2, Licht: 0","199350","2","3","0","04","14","4","0","0","1","0","0","0"
"POINT (13.386925204000022 52.559520667000072)","Unfall 199351 (2018) Kat:3, Licht: 0","199351","3","5","1","04","15","4","0","0","1","1","0","0"
"POINT (13.693855016000043 52.438676360000045)","Unfall 199352 (2018) Kat:3, Licht: 0","199352","3","2","5","04","14","5","0","0","1","1","0","0"
"POINT (13.482618257000070 52.461917858000049)","Unfall 199353 (2018) Kat:3, Licht: 0","199353","3","2","5","04","06","4","0","0","0","1","0","1"
"POINT (13.385230495000030 52.502292729000033)","Unfall 199354 (2018) Kat:3, Licht: 0","199354","3","6","3","04","13","5","0","0","1","1","0","0"
"POINT (13.550077334000036 52.399569441000040)","Unfall 199355 (2018) Kat:3, Licht: 0","199355","3","3","5","04","11","7","0","0","0","0","0","1"
"POINT (13.267433215000040 52.530939962000048)","Unfall 199356 (2018) Kat:3, Licht: 0","199356","3","6","2","04","15","4","0","0","0","1","0","1"
"POINT (13.424934397000072 52.481385850000038)","Unfall 199357 (2018) Kat:3, Licht: 0","199357","3","5","1","04","19","5","0","0","1","1","0","0"
"POINT (13.434771553000076 52.466119079000066)","Unfall 199358 (2018) Kat:3, Licht: 0","199358","3","3","5","04","14","3","0","0","1","1","0","0"
"POINT (13.464911309000058 52.470309325000073)","Unfall 199359 (2018) Kat:3, Licht: 0","199359","3","4","6","04","15","4","0","0","0","0","1","0"
"POINT (13.395404521000046 52.524371523000070)","Unfall 199360 (2018) Kat:3, Licht: 0","199360","3","7","5","04","19","5","0","0","0","1","0","1"
"POINT (13.407949613000028 52.489171985000041)","Unfall 199361 (2018) Kat:3, Licht: 0","199361","3","3","5","04","08","2","0","0","1","1","0","0"
"POINT (13.530924530000050 52.435063973000069)","Unfall 199362 (2018) Kat:3, Licht: 0","199362","3","6","3","04","16","4","0","0","0","1","0","1"
"POINT (13.302527665000071 52.548002935000056)","Unfall 199363 (2018) Kat:3, Licht: 0","199363","3","2","0","04","16","4","0","0","0","1","0","0"
"POINT (13.267556529000046 52.408980597000038)","Unfall 199364 (2018) Kat:2, Licht: 0","199364","2","2","5","04","19","5","0","0","1","1","0","0"
"POINT (13.370988654000030 52.511094207000042)","Unfall 199365 (2018) Kat:2, Licht: 0","199365","2","3","5","04","06","2","0","0","1","1","0","0"
"POINT (13.460130846000027 52.431845474000056)","Unfall 199366 (2018) Kat:3, Licht: 0","199366","3","2","5","04","14","4","0","0","0","1","0","0"
"POINT (13.330268306000050 52.500368324000078)","Unfall 199367 (2018) Kat:2, Licht: 0","199367","2","6","3","04","14","4","0","0","0","1","0","1"
"POINT (13.384502354000062 52.449253719000069)","Unfall 199368 (2018) Kat:3, Licht: 0","199368","3","2","6","04","18","5","0","0","0","1","1","0"
"POINT (13.306808949000072 52.554838307000068)","Unfall 199369 (2018) Kat:3, Licht: 0","199369","3","6","3","04","08","4","0","0","0","1","0","1"
"POINT (13.443199688000050 52.470588988000031)","Unfall 199370 (2018) Kat:3, Licht: 0","199370","3","3","5","04","13","4","0","0","0","1","0","0"
"POINT (13.301981832000024 52.518976126000041)","Unfall 199371 (2018) Kat:3, Licht: 0","199371","3","4","6","04","18","5","0","0","0","0","1","0"
"POINT (13.497938951000037 52.438145285000076)","Unfall 199372 (2018) Kat:3, Licht: 0","199372","3","7","6","04","12","2","1","0","0","1","1","0"
"POINT (13.247752352000077 52.538086224000040)","Unfall 199373 (2018) Kat:3, Licht: 0","199373","3","2","5","04","13","4","0","0","0","1","0","0"
"POINT (13.205265461000067 52.537797265000052)","Unfall 199374 (2018) Kat:3, Licht: 0","199374","3","7","6","04","13","5","0","0","1","0","1","0"
"POINT (13.306343030000050 52.476809208000077)","Unfall 199375 (2018) Kat:2, Licht: 0","199375","2","2","5","04","10","4","0","0","0","1","0","0"
"POINT (13.358688136000069 52.490445488000034)","Unfall 199376 (2018) Kat:3, Licht: 0","199376","3","5","1","04","09","7","1","0","1","1","0","0"
"POINT (13.426615459000061 52.505759267000030)","Unfall 199377 (2018) Kat:3, Licht: 0","199377","3","3","5","04","13","4","0","0","1","1","0","0"
"POINT (13.303412512000023 52.619672701000070)","Unfall 199378 (2018) Kat:3, Licht: 0","199378","3","1","8","04","12","5","0","0","0","1","0","0"
"POINT (13.315981496000063 52.525796596000077)","Unfall 199379 (2018) Kat:3, Licht: 0","199379","3","2","5","04","18","3","0","0","1","1","0","0"
"POINT (13.191147186000023 52.536390660000052)","Unfall 199380 (2018) Kat:2, Licht: 0","199380","2","6","3","04","12","4","0","0","0","1","0","1"
"POINT (13.434337046000053 52.545823090000056)","Unfall 199381 (2018) Kat:3, Licht: 0","199381","3","4","6","04","17","5","0","0","0","1","1","0"
"POINT (13.389659188000053 52.511839401000032)","Unfall 199382 (2018) Kat:3, Licht: 2","199382","3","5","1","04","23","2","0","2","1","1","0","0"
"POINT (13.330166103000067 52.523805932000073)","Unfall 199383 (2018) Kat:3, Licht: 0","199383","3","6","2","04","11","4","0","0","0","1","0","0"
"POINT (13.149505016000035 52.535240952000038)","Unfall 199384 (2018) Kat:3, Licht: 0","199384","3","5","1","04","10","4","0","0","0","1","0","0"
"POINT (13.274140197000065 52.435436186000061)","Unfall 199385 (2018) Kat:3, Licht: 0","199385","3","2","5","04","12","5","0","0","1","0","0","1"
"POINT (13.434986137000067 52.465924044000076)","Unfall 199386 (2018) Kat:3, Licht: 0","199386","3","7","6","04","19","1","0","0","0","1","1","0"
"POINT (13.537459227000056 52.534483567000052)","Unfall 199387 (2018) Kat:2, Licht: 0","199387","2","4","6","04","09","4","0","0","0","1","1","0"
"POINT (13.314667554000039 52.464002023000035)","Unfall 199388 (2018) Kat:3, Licht: 0","199388","3","5","0","04","09","4","0","0","1","1","0","0"
"POINT (13.430073760000028 52.503465939000080)","Unfall 199389 (2018) Kat:3, Licht: 0","199389","3","2","3","04","17","5","0","0","0","0","0","1"
"POINT (13.419678145000034 52.501818137000043)","Unfall 199390 (2018) Kat:3, Licht: 2","199390","3","5","1","04","21","4","0","2","1","1","0","0"
"POINT (13.474908317000029 52.511299529000041)","Unfall 199391 (2018) Kat:3, Licht: 2","199391","3","2","5","04","21","7","0","2","1","1","0","0"
"POINT (13.498829385000022 52.563233697000044)","Unfall 199392 (2018) Kat:3, Licht: 0","199392","3","5","1","04","12","5","0","0","0","1","0","0"
"POINT (13.588368156000058 52.440161415000034)","Unfall 199393 (2018) Kat:3, Licht: 0","199393","3","7","5","04","17","3","0","0","0","0","0","1"
"POINT (13.362670675000061 52.566590351000059)","Unfall 199394 (2018) Kat:3, Licht: 0","199394","3","2","5","04","09","4","0","0","1","1","0","0"
"POINT (13.435131055000056 52.491155176000063)","Unfall 199395 (2018) Kat:3, Licht: 2","199395","3","2","5","04","22","7","0","2","1","1","0","0"
"POINT (13.513999063000028 52.462232895000056)","Unfall 199396 (2018) Kat:3, Licht: 0","199396","3","4","0","04","12","5","0","0","1","0","1","0"
"POINT (13.284245636000037 52.485280637000074)","Unfall 199397 (2018) Kat:3, Licht: 0","199397","3","3","5","04","18","3","0","0","1","1","0","0"
"POINT (13.446034418000067 52.436933610000040)","Unfall 199398 (2018) Kat:3, Licht: 0","199398","3","1","0","04","08","4","0","0","0","1","0","1"
"POINT (13.561887543000068 52.493827700000054)","Unfall 199399 (2018) Kat:3, Licht: 0","199399","3","2","5","04","16","5","0","0","0","1","0","1"
"POINT (13.499515775000077 52.522886434000043)","Unfall 199400 (2018) Kat:3, Licht: 0","199400","3","2","5","04","17","2","1","0","1","1","0","0"
"POINT (13.405366376000075 52.590681967000080)","Unfall 199401 (2018) Kat:3, Licht: 0","199401","3","1","0","04","08","4","1","0","0","0","0","1"
"POINT (13.583340021000026 52.432767457000068)","Unfall 199402 (2018) Kat:3, Licht: 0","199402","3","5","1","04","12","5","0","0","0","1","0","0"
"POINT (13.477725718000045 52.457874252000067)","Unfall 199403 (2018) Kat:3, Licht: 0","199403","3","6","2","04","08","4","0","0","0","1","0","0"
"POINT (13.538463664000062 52.524715912000033)","Unfall 199404 (2018) Kat:3, Licht: 0","199404","3","3","5","04","16","5","0","0","0","1","0","0"
"POINT (13.458655180000051 52.527024400000073)","Unfall 199405 (2018) Kat:2, Licht: 0","199405","2","5","1","04","11","5","0","0","0","1","0","0"
"POINT (13.268472714000040 52.495817562000070)","Unfall 199406 (2018) Kat:3, Licht: 0","199406","3","1","0","04","14","1","0","0","1","1","0","0"
"POINT (13.272489639000071 52.437188194000043)","Unfall 199407 (2018) Kat:3, Licht: 0","199407","3","2","6","04","07","4","0","0","0","1","1","0"
"POINT (13.417892307000045 52.514649638000037)","Unfall 199408 (2018) Kat:3, Licht: 0","199408","3","5","1","04","16","5","0","0","1","0","0","0"
"POINT (13.475352131000022 52.501924796000026)","Unfall 199409 (2018) Kat:3, Licht: 0","199409","3","2","5","04","17","3","0","0","1","0","0","0"
"POINT (13.559703217000049 52.479507898000065)","Unfall 199410 (2018) Kat:3, Licht: 0","199410","3","3","5","04","11","5","0","0","1","1","0","0"
"POINT (13.195464551000043 52.533582909000074)","Unfall 199411 (2018) Kat:2, Licht: 0","199411","2","2","6","04","15","3","0","0","0","1","1","0"
"POINT (13.346301295000046 52.501021236000042)","Unfall 199412 (2018) Kat:3, Licht: 2","199412","3","2","5","04","23","4","0","2","0","1","0","0"
"POINT (13.305780225000035 52.476500385000065)","Unfall 199413 (2018) Kat:3, Licht: 0","199413","3","5","1","04","16","5","0","0","0","1","0","1"
"POINT (13.538631989000066 52.524750526000048)","Unfall 199414 (2018) Kat:3, Licht: 0","199414","3","2","2","04","16","2","0","0","0","1","0","0"
"POINT (13.552204494000023 52.439415321000070)","Unfall 199415 (2018) Kat:2, Licht: 0","199415","2","2","5","04","07","4","1","0","0","1","0","1"
"POINT (13.427442112000051 52.560556148000046)","Unfall 199416 (2018) Kat:3, Licht: 0","199416","3","3","5","04","11","5","0","0","1","1","0","0"
"POINT (13.358926733000033 52.543980965000060)","Unfall 199417 (2018) Kat:3, Licht: 0","199417","3","3","5","04","07","4","0","0","0","1","0","0"
"POINT (13.336557796000022 52.504103377000035)","Unfall 199418 (2018) Kat:3, Licht: 0","199418","3","6","3","04","11","5","0","0","0","1","0","1"
"POINT (13.592468819000032 52.547218277000070)","Unfall 199419 (2018) Kat:3, Licht: 0","199419","3","7","6","04","15","4","0","0","1","0","1","0"
"POINT (13.612083153000071 52.514552092000031)","Unfall 199420 (2018) Kat:3, Licht: 0","199420","3","1","0","04","16","5","0","0","0","0","0","1"
"POINT (13.289588577000075 52.496932384000047)","Unfall 199421 (2018) Kat:2, Licht: 0","199421","2","6","3","04","11","5","0","0","0","1","0","0"
"POINT (13.184321678000060 52.424063221000040)","Unfall 199422 (2018) Kat:3, Licht: 0","199422","3","1","8","04","16","2","1","0","0","1","0","0"
"POINT (13.383077195000055 52.530548954000039)","Unfall 199423 (2018) Kat:3, Licht: 2","199423","3","2","5","04","21","4","0","2","1","1","0","0"
"POINT (13.431243976000076 52.571330424000053)","Unfall 199424 (2018) Kat:2, Licht: 0","199424","2","5","1","04","11","5","0","0","0","1","0","1"
"POINT (13.295341752000070 52.539556176000076)","Unfall 199425 (2018) Kat:3, Licht: 2","199425","3","3","5","04","04","4","0","2","0","1","0","0"
"POINT (13.441907001000061 52.550260422000065)","Unfall 199426 (2018) Kat:3, Licht: 0","199426","3","3","5","04","11","5","0","0","1","1","0","0"
"POINT (13.572722611000074 52.549999290000073)","Unfall 199427 (2018) Kat:3, Licht: 0","199427","3","2","5","04","16","4","0","0","1","1","0","0"
"POINT (13.539330636000045 52.534477446000039)","Unfall 199428 (2018) Kat:2, Licht: 0","199428","2","4","6","04","10","5","0","0","0","1","1","0"
"POINT (13.220350442000040 52.431751109000061)","Unfall 199429 (2018) Kat:2, Licht: 0","199429","2","3","0","04","16","7","0","0","1","0","0","0"
"POINT (13.571711195000034 52.546224532000053)","Unfall 199430 (2018) Kat:3, Licht: 2","199430","3","3","5","04","20","4","0","2","0","1","0","0"
"POINT (13.438002297000025 52.488137258000052)","Unfall 199431 (2018) Kat:3, Licht: 0","199431","3","1","0","04","09","5","0","0","1","0","0","0"
"POINT (13.319903980000049 52.428007605000062)","Unfall 199432 (2018) Kat:3, Licht: 0","199432","3","3","5","04","09","3","0","0","0","1","0","0"
"POINT (13.427005225000073 52.511815011000067)","Unfall 199433 (2018) Kat:3, Licht: 0","199433","3","2","5","04","09","5","0","0","1","0","0","0"
"POINT (13.427055203000066 52.499053953000043)","Unfall 199434 (2018) Kat:2, Licht: 0","199434","2","7","5","04","14","3","0","0","0","1","0","1"
"POINT (13.293441710000025 52.497461838000049)","Unfall 199435 (2018) Kat:3, Licht: 0","199435","3","6","3","04","18","4","0","0","1","1","0","0"
"POINT (13.397419816000024 52.593124263000050)","Unfall 199436 (2018) Kat:2, Licht: 0","199436","2","7","6","04","18","4","0","0","0","1","1","0"
"POINT (13.229080017000058 52.425796474000038)","Unfall 199437 (2018) Kat:3, Licht: 0","199437","3","6","2","04","09","5","0","0","1","1","0","0"