WKT,Name,OBJECTID,UKATEGORIE,UTYP1,UART,UMONAT,USTUNDE,UWOCHENTAG,STRZUSTAND,ULICHTVERH,ISTRAD,ISTPKW,ISTFUSS,ISTKRAD
"POINT (13.353645835000066 52.494752978000065)","Unfall 199438 (2018) Kat:3, Licht: 0","199438","3","5","0","04","13","2","0","0","1","0","0","0"
"POINT (13.299672940000050 52.519742235000081)","Unfall 199439 (2018) Kat:3, Licht: 0","199439","3","2","2","04","18","4","0","0","0","1","0","0"
"POINT (13.416623986000047 52.532356055000037)","Unfall 199440 (2018) Kat:3, Licht: 0","199440","3","7","5","04","08","5","0","0","0","1","0","1"
"POINT (13.226904063000063 52.584124601000042)","Unfall 199441 (2018) Kat:2, Licht: 0","199441","2","5","1","04","11","4","0","0","0","1","0","1"
"POINT (13.338838415000055 52.526389290000054)","Unfall 199442 (2018) Kat:2, Licht: 0","199442","2","6","2","04","09","7","1","0","0","1","0","0"
"POINT (13.422426471000051 52.499046411000052)","Unfall 199443 (2018) Kat:3, Licht: 0","199443","3","2","5","04","18","4","0","0","1","0","0","0"
"POINT (13.408004123000069 52.452490595000029)","Unfall 199444 (2018) Kat:3, Licht: 0","199444","3","2","5","04","08","5","0","0","0","1","0","0"
"POINT (13.456674697000039 52.502231709000057)","Unfall 199445 (2018) Kat:3, Licht: 2","199445","3","6","2","04","23","3","0","2","1","1","0","0"
"POINT (13.284281355000076 52.594495846000029)","Unfall 199446 (2018) Kat:3, Licht: 0","199446","3","2","5","04","18","4","0","0","0","1","0","0"
"POINT (13.361603312000057 52.544932046000042)","Unfall 199447 (2018) Kat:3, Licht: 2","199447","3","2","2","04","22","7","0","2","1","1","0","0"
"POINT (13.434357785000032 52.490343037000059)","Unfall 199448 (2018) Kat:3, Licht: 0","199448","3","2","5","04","17","4","0","0","1","1","0","0"
"POINT (13.418729629000040 52.549509309000030)","Unfall 199449 (2018) Kat:2, Licht: 0","199449","2","2","5","04","08","5","0","0","0","1","0","1"
"POINT (13.429449238000075 52.556606638000062)","Unfall 199450 (2018) Kat:3, Licht: 0","199450","3","6","2","04","08","3","0","0","0","1","0","0"
"POINT (13.429669331000071 52.521070590000079)","Unfall 199451 (2018) Kat:3, Licht: 0","199451","3","2","5","04","17","4","0","0","1","1","0","0"
"POINT (13.388136670000051 52.527359821000061)","Unfall 199452 (2018) Kat:3, Licht: 0","199452","3","4","6","04","08","5","0","0","0","1","1","0"
"POINT (13.362876861000075 52.562296917000026)","Unfall 199453 (2018) Kat:3, Licht: 0","199453","3","6","2","04","12","3","0","0","0","1","0","0"
"POINT (13.546940963000054 52.431504797000059)","Unfall 199454 (2018) Kat:3, Licht: 0","199454","3","2","5","04","17","4","0","0","1","1","0","0"
"POINT (13.496448390000069 52.542719195000075)","Unfall 199455 (2018) Kat:3, Licht: 0","199455","3","6","2","04","16","4","0","0","0","1","0","1"
"POINT (13.370180209000068 52.488063908000072)","Unfall 199456 (2018) Kat:2, Licht: 0","199456","2","3","0","04","08","5","0","0","1","0","0","0"
"POINT (13.524332345000062 52.559842784000068)","Unfall 199457 (2018) Kat:3, Licht: 0","199457","3","2","5","04","09","2","1","0","1","0","0","0"
"POINT (13.371905225000035 52.509003110000037)","Unfall 199458 (2018) Kat:3, Licht: 0","199458","3","2","0","04","07","3","0","0","1","1","0","0"
"POINT (13.492780742000036 52.566795914000068)","Unfall 199459 (2018) Kat:3, Licht: 1","199459","3","3","5","04","19","3","0","1","0","1","0","0"
"POINT (13.441165282000043 52.549536227000033)","Unfall 199460 (2018) Kat:3, Licht: 0","199460","3","2","5","04","07","5","0","0","1","1","0","0"
"POINT (13.305241542000033 52.464602628000080)","Unfall 199461 (2018) Kat:3, Licht: 0","199461","3","3","5","04","08","4","0","0","1","1","0","0"
"POINT (13.297281138000073 52.597862001000067)","Unfall 199462 (2018) Kat:3, Licht: 0","199462","3","5","0","04","08","7","0","0","0","1","0","1"
"POINT (13.299854390000064 52.521443540000064)","Unfall 199463 (2018) Kat:3, Licht: 0","199463","3","6","3","04","18","3","0","0","0","1","0","0"
"POINT (13.329788494000070 52.532899974000031)","Unfall 199464 (2018) Kat:3, Licht: 0","199464","3","3","2","04","07","5","0","0","0","1","0","0"
"POINT (13.454384386000072 52.532280407000030)","Unfall 199465 (2018) Kat:3, Licht: 0","199465","3","5","1","04","19","3","0","0","1","1","0","0"
"POINT (13.508019983000054 52.564445714000044)","Unfall 199466 (2018) Kat:3, Licht: 0","199466","3","2","0","04","18","3","0","0","1","1","0","0"
"POINT (13.393586046000053 52.581631318000063)","Unfall 199467 (2018) Kat:3, Licht: 0","199467","3","5","2","04","07","5","0","0","1","1","0","0"
"POINT (13.444368452000049 52.574318114000050)","Unfall 199468 (2018) Kat:2, Licht: 2","199468","2","1","9","04","21","2","0","2","0","1","0","0"
"POINT (13.416971423000064 52.523976572000038)","Unfall 199469 (2018) Kat:3, Licht: 0","199469","3","5","1","04","18","3","0","0","1","1","0","0"
"POINT (13.182826355000032 52.512835919000054)","Unfall 199470 (2018) Kat:3, Licht: 0","199470","3","2","5","04","18","3","0","0","0","1","0","1"
"POINT (13.353211879000071 52.550891950000050)","Unfall 199471 (2018) Kat:3, Licht: 0","199471","3","6","2","04","07","5","0","0","0","1","0","0"
"POINT (13.346445906000042 52.614672089000067)","Unfall 199472 (2018) Kat:3, Licht: 0","199472","3","7","5","04","18","1","0","0","0","1","0","0"
"POINT (13.299573016000068 52.494010312000057)","Unfall 199473 (2018) Kat:3, Licht: 2","199473","3","3","5","04","22","5","0","2","0","1","0","0"
"POINT (13.396798546000070 52.487759403000041)","Unfall 199474 (2018) Kat:3, Licht: 0","199474","3","2","0","04","08","2","1","0","1","1","0","0"
"POINT (13.439978809000024 52.481687934000036)","Unfall 199475 (2018) Kat:3, Licht: 0","199475","3","3","5","04","19","3","0","0","0","1","0","1"
"POINT (13.297105815000066 52.526742528000057)","Unfall 199476 (2018) Kat:3, Licht: 0","199476","3","6","2","04","15","3","0","0","0","1","0","0"
"POINT (13.398026892000075 52.517543755000077)","Unfall 199477 (2018) Kat:3, Licht: 0","199477","3","6","2","04","16","4","0","0","1","1","0","0"
"POINT (13.437725327000066 52.478704788000073)","Unfall 199478 (2018) Kat:3, Licht: 0","199478","3","6","2","04","17","1","0","0","1","1","0","0"
"POINT (13.335479151000072 52.595673034000072)","Unfall 199479 (2018) Kat:2, Licht: 0","199479","2","7","5","04","20","3","0","0","0","1","0","1"
"POINT (13.413155905000053 52.547682827000074)","Unfall 199480 (2018) Kat:3, Licht: 1","199480","3","2","5","04","19","3","0","1","1","1","0","0"
"POINT (13.419668083000033 52.501803978000055)","Unfall 199481 (2018) Kat:3, Licht: 2","199481","3","5","1","04","20","4","0","2","1","1","0","0"
"POINT (13.354991151000036 52.518057782000028)","Unfall 199482 (2018) Kat:3, Licht: 0","199482","3","2","0","04","07","4","0","0","1","0","0","1"
"POINT (13.296898345000045 52.442776317000039)","Unfall 199483 (2018) Kat:3, Licht: 0","199483","3","6","2","04","13","7","1","0","0","1","0","0"
"POINT (13.603737543000022 52.546778997000047)","Unfall 199484 (2018) Kat:3, Licht: 0","199484","3","6","3","04","16","4","0","0","0","1","0","0"
"POINT (13.375184816000058 52.536862288000066)","Unfall 199485 (2018) Kat:3, Licht: 0","199485","3","5","1","04","18","3","0","0","1","1","0","0"
"POINT (13.427927123000075 52.545513533000076)","Unfall 199486 (2018) Kat:3, Licht: 2","199486","3","2","5","04","19","3","0","2","1","1","0","0"
"POINT (13.334534137000048 52.530544299000042)","Unfall 199487 (2018) Kat:3, Licht: 2","199487","3","4","6","04","01","4","0","2","0","1","1","1"
"POINT (13.372421509000048 52.556969454000068)","Unfall 199488 (2018) Kat:2, Licht: 0","199488","2","4","6","04","17","2","1","0","1","0","1","0"
"POINT (13.407750795000027 52.500023329000044)","Unfall 199489 (2018) Kat:3, Licht: 1","199489","3","2","5","04","19","3","0","1","1","1","0","0"
"POINT (13.325878871000043 52.506656698000029)","Unfall 199490 (2018) Kat:3, Licht: 2","199490","3","3","0","04","21","4","0","2","1","1","0","0"
"POINT (13.305709741000044 52.509871136000072)","Unfall 199491 (2018) Kat:3, Licht: 0","199491","3","4","6","04","19","3","0","0","0","0","1","0"
"POINT (13.341582051000046 52.505090448000033)","Unfall 199492 (2018) Kat:3, Licht: 0","199492","3","6","2","04","16","4","0","0","0","1","0","0"
"POINT (13.124069262000035 52.473664617000054)","Unfall 199493 (2018) Kat:3, Licht: 0","199493","3","3","5","04","18","4","0","0","1","1","0","0"
"POINT (13.376139989000023 52.454820363000067)","Unfall 199494 (2018) Kat:3, Licht: 0","199494","3","6","2","04","13","7","1","0","0","1","0","0"
"POINT (13.433708789000036 52.482063084000060)","Unfall 199495 (2018) Kat:3, Licht: 0","199495","3","3","2","04","19","3","0","0","1","1","0","0"
"POINT (13.586387204000062 52.440767315000073)","Unfall 199496 (2018) Kat:3, Licht: 0","199496","3","6","2","04","14","4","0","0","1","0","0","0"
"POINT (13.351470681000023 52.509702204000064)","Unfall 199497 (2018) Kat:3, Licht: 0","199497","3","2","5","04","11","3","0","0","1","1","0","0"
"POINT (13.416359187000069 52.521709104000081)","Unfall 199498 (2018) Kat:3, Licht: 2","199498","3","6","2","04","21","4","0","2","0","1","0","0"
"POINT (13.559572709000065 52.479404178000038)","Unfall 199499 (2018) Kat:3, Licht: 0","199499","3","3","0","04","17","3","0","0","0","1","0","1"
"POINT (13.403785028000073 52.528924655000026)","Unfall 199500 (2018) Kat:3, Licht: 0","199500","3","2","5","04","19","4","0","0","1","0","0","0"
"POINT (13.197550314000068 52.532096528000068)","Unfall 199501 (2018) Kat:3, Licht: 2","199501","3","6","2","04","20","3","0","2","0","1","0","0"
"POINT (13.392225380000070 52.467004839000026)","Unfall 199502 (2018) Kat:3, Licht: 2","199502","3","3","5","04","20","7","0","2","0","1","0","0"
"POINT (13.404141267000057 52.448903580000035)","Unfall 199503 (2018) Kat:2, Licht: 0","199503","2","1","1","04","18","4","0","0","0","1","0","0"
"POINT (13.326072063000026 52.575721186000067)","Unfall 199504 (2018) Kat:3, Licht: 0","199504","3","6","2","04","16","3","0","0","0","1","0","0"
"POINT (13.504322144000071 52.454804550000063)","Unfall 199505 (2018) Kat:3, Licht: 0","199505","3","2","5","04","17","3","0","0","1","1","0","0"
"POINT (13.365636869000070 52.473258453000028)","Unfall 199506 (2018) Kat:3, Licht: 0","199506","3","6","2","04","18","4","0","0","0","1","0","0"
"POINT (13.390700283000058 52.495913804000054)","Unfall 199507 (2018) Kat:3, Licht: 0","199507","3","2","5","04","16","2","1","0","1","1","0","0"
"POINT (13.260558472000071 52.516684378000036)","Unfall 199508 (2018) Kat:3, Licht: 0","199508","3","4","6","04","17","3","0","0","1","0","1","0"
"POINT (13.519475856000042 52.519204308000042)","Unfall 199509 (2018) Kat:3, Licht: 0","199509","3","6","2","04","17","4","0","0","0","1","0","0"
"POINT (13.376698831000056 52.491533313000048)","Unfall 199510 (2018) Kat:3, Licht: 0","199510","3","2","5","04","17","3","0","0","0","1","0","0"
"POINT (13.414037126000039 52.507875463000062)","Unfall 199511 (2018) Kat:3, Licht: 0","199511","3","2","2","04","17","4","0","0","1","1","0","0"
"POINT (13.328479440000024 52.532133211000030)","Unfall 199512 (2018) Kat:3, Licht: 0","199512","3","6","3","04","06","4","0","0","0","1","0","1"
"POINT (13.364574429000072 52.411498270000038)","Unfall 199513 (2018) Kat:2, Licht: 0","199513","2","6","2","04","17","4","0","0","0","1","0","1"
"POINT (13.518242372000032 52.432671503000051)","Unfall 199514 (2018) Kat:2, Licht: 0","199514","2","1","9","04","19","7","0","0","0","0","0","1"
"POINT (13.482944800000041 52.500307032000080)","Unfall 199515 (2018) Kat:3, Licht: 0","199515","3","6","2","04","16","3","0","0","0","1","0","0"
"POINT (13.413155905000053 52.547682827000074)","Unfall 199516 (2018) Kat:3, Licht: 0","199516","3","2","5","04","17","4","0","0","1","1","0","0"
"POINT (13.334902138000075 52.595641522000051)","Unfall 199517 (2018) Kat:3, Licht: 0","199517","3","6","6","04","09","3","0","0","0","1","1","0"
"POINT (13.528595273000064 52.422686503000079)","Unfall 199518 (2018) Kat:3, Licht: 0","199518","3","5","1","04","17","4","0","0","1","1","0","0"
"POINT (13.206593386000065 52.434147105000079)","Unfall 199519 (2018) Kat:3, Licht: 0","199519","3","3","5","04","14","3","0","0","1","1","0","0"
"POINT (13.179017243000033 52.533845825000071)","Unfall 199520 (2018) Kat:2, Licht: 0","199520","2","4","6","04","07","3","0","0","0","1","1","0"
"POINT (13.333835228000055 52.446111873000063)","Unfall 199521 (2018) Kat:3, Licht: 0","199521","3","2","2","04","07","3","0","0","0","1","0","1"
"POINT (13.428676203000066 52.518881517000068)","Unfall 199522 (2018) Kat:3, Licht: 0","199522","3","2","0","04","17","4","0","0","0","1","0","1"
"POINT (13.438206744000070 52.500232197000059)","Unfall 199523 (2018) Kat:3, Licht: 0","199523","3","2","6","04","13","2","0","0","0","1","1","0"
"POINT (13.559178825000060 52.446612698000081)","Unfall 199524 (2018) Kat:3, Licht: 0","199524","3","6","2","04","08","3","0","0","0","1","0","0"
"POINT (13.359840704000021 52.523459306000063)","Unfall 199525 (2018) Kat:3, Licht: 0","199525","3","3","5","04","15","3","0","0","0","1","0","0"
"POINT (13.519653256000026 52.505851255000039)","Unfall 199526 (2018) Kat:3, Licht: 0","199526","3","2","0","04","08","3","0","0","1","1","0","0"
"POINT (13.603044642000043 52.536725105000073)","Unfall 199527 (2018) Kat:3, Licht: 0","199527","3","7","2","04","17","4","0","0","0","1","0","1"
"POINT (13.488327697000045 52.500557133000029)","Unfall 199528 (2018) Kat:3, Licht: 0","199528","3","2","5","04","14","2","0","0","1","0","0","1"
"POINT (13.404743315000076 52.393597341000032)","Unfall 199529 (2018) Kat:2, Licht: 0","199529","2","3","5","04","16","3","0","0","1","1","0","0"
"POINT (13.620159110000031 52.488490272000035)","Unfall 199530 (2018) Kat:3, Licht: 0","199530","3","3","5","04","16","3","0","0","1","1","0","0"
"POINT (13.459055060000026 52.526087952000069)","Unfall 199531 (2018) Kat:3, Licht: 0","199531","3","2","6","04","17","4","0","0","0","1","1","0"
"POINT (13.273658759000057 52.409925739000073)","Unfall 199532 (2018) Kat:3, Licht: 0","199532","3","1","0","04","14","4","0","0","0","0","1","1"
"POINT (13.287419922000026 52.475731184000040)","Unfall 199533 (2018) Kat:2, Licht: 0","199533","2","3","5","04","16","4","0","0","1","1","0","0"
"POINT (13.485008724000068 52.540190732000042)","Unfall 199534 (2018) Kat:3, Licht: 0","199534","3","1","0","04","15","7","1","0","0","0","0","1"
"POINT (13.432747363000033 52.596174842000039)","Unfall 199535 (2018) Kat:3, Licht: 0","199535","3","2","5","04","16","3","0","0","0","1","0","0"
"POINT (13.473552754000025 52.536193201000060)","Unfall 199536 (2018) Kat:3, Licht: 0","199536","3","2","2","04","16","4","0","0","1","1","0","0"
"POINT (13.430416560000026 52.499220157000082)","Unfall 199537 (2018) Kat:2, Licht: 0","199537","2","2","5","04","07","3","0","0","1","1","0","0"
"POINT (13.267496349000055 52.408128190000070)","Unfall 199538 (2018) Kat:3, Licht: 0","199538","3","6","2","04","16","3","0","0","0","1","0","0"
"POINT (13.482622731000049 52.516102325000077)","Unfall 199539 (2018) Kat:3, Licht: 0","199539","3","7","2","04","16","4","0","0","1","1","0","0"
"POINT (13.307778230000054 52.506579936000037)","Unfall 199540 (2018) Kat:3, Licht: 0","199540","3","6","0","04","19","3","0","0","0","1","0","0"
"POINT (13.455600816000072 52.453118395000047)","Unfall 199541 (2018) Kat:3, Licht: 0","199541","3","2","5","04","11","3","0","0","1","1","0","0"
"POINT (13.531353391000039 52.492698437000058)","Unfall 199542 (2018) Kat:3, Licht: 0","199542","3","3","5","04","11","3","0","0","1","1","0","0"
"POINT (13.420899867000060 52.553981639000028)","Unfall 199543 (2018) Kat:3, Licht: 0","199543","3","3","5","04","07","2","1","0","0","1","0","0"
"POINT (13.318316797000023 52.518675159000054)","Unfall 199544 (2018) Kat:2, Licht: 0","199544","2","2","5","04","16","3","0","0","0","1","0","1"
"POINT (13.512345936000031 52.562936327000045)","Unfall 199545 (2018) Kat:3, Licht: 0","199545","3","2","5","04","15","3","0","0","1","1","0","0"
"POINT (13.214035011000021 52.531737402000033)","Unfall 199546 (2018) Kat:3, Licht: 0","199546","3","1","0","04","08","4","0","0","0","1","0","1"
"POINT (13.280859063000037 52.476927281000030)","Unfall 199547 (2018) Kat:3, Licht: 0","199547","3","3","5","04","18","3","0","0","1","1","0","0"
"POINT (13.182349835000025 52.538435285000048)","Unfall 199548 (2018) Kat:3, Licht: 0","199548","3","2","5","04","17","5","1","0","0","1","0","0"
"POINT (13.499564595000038 52.523027766000041)","Unfall 199549 (2018) Kat:2, Licht: 0","199549","2","4","6","04","14","2","0","0","0","1","1","0"
"POINT (13.402238933000035 52.529659987000059)","Unfall 199550 (2018) Kat:3, Licht: 0","199550","3","5","1","04","14","2","0","0","0","0","0","1"
"POINT (13.503453168000021 52.411620261000053)","Unfall 199551 (2018) Kat:3, Licht: 0","199551","3","2","5","04","17","5","0","0","0","1","0","0"
"POINT (13.355148581000037 52.501779480000039)","Unfall 199552 (2018) Kat:3, Licht: 0","199552","3","6","2","04","12","2","0","0","1","1","0","0"
"POINT (13.345736733000024 52.500068863000081)","Unfall 199553 (2018) Kat:2, Licht: 0","199553","2","3","5","04","16","5","0","0","1","1","0","0"
"POINT (13.327411311000048 52.508584480000081)","Unfall 199554 (2018) Kat:2, Licht: 0","199554","2","5","1","04","12","2","0","0","1","1","0","0"
"POINT (13.296960476000038 52.573404353000058)","Unfall 199555 (2018) Kat:3, Licht: 0","199555","3","5","1","04","16","5","1","0","0","1","0","0"
"POINT (13.400687738000045 52.580426187000057)","Unfall 199556 (2018) Kat:3, Licht: 0","199556","3","7","5","04","10","2","0","0","0","1","0","0"
"POINT (13.378278735000038 52.466946254000050)","Unfall 199557 (2018) Kat:3, Licht: 0","199557","3","6","2","04","10","2","0","0","0","1","0","0"
"POINT (13.417348633000074 52.490714038000078)","Unfall 199558 (2018) Kat:3, Licht: 0","199558","3","5","1","04","10","2","0","0","1","1","0","0"
"POINT (13.331185631000039 52.503711944000031)","Unfall 199559 (2018) Kat:2, Licht: 0","199559","2","2","5","04","10","2","0","0","0","1","0","0"
"POINT (13.345725240000036 52.506683795000072)","Unfall 199560 (2018) Kat:3, Licht: 0","199560","3","7","6","04","16","5","1","0","0","1","1","0"
"POINT (13.275215314000036 52.626908210000067)","Unfall 199561 (2018) Kat:3, Licht: 0","199561","3","3","5","04","09","2","1","0","0","1","0","0"
"POINT (13.208351808000032 52.561846066000044)","Unfall 199562 (2018) Kat:3, Licht: 0","199562","3","6","3","04","16","5","1","0","0","0","0","1"
"POINT (13.379385699000068 52.451455572000043)","Unfall 199563 (2018) Kat:3, Licht: 0","199563","3","4","6","04","15","5","1","0","0","1","1","0"
"POINT (13.416995470000074 52.566746139000031)","Unfall 199564 (2018) Kat:3, Licht: 0","199564","3","5","1","04","15","5","0","0","0","1","0","0"
"POINT (13.147965855000052 52.532765136000080)","Unfall 199565 (2018) Kat:2, Licht: 0","199565","2","2","5","04","08","2","1","0","0","1","0","1"
"POINT (13.381693717000076 52.514719666000076)","Unfall 199566 (2018) Kat:2, Licht: 0","199566","2","5","1","04","15","5","1","0","1","1","0","0"
"POINT (13.435034301000030 52.460996308000063)","Unfall 199567 (2018) Kat:3, Licht: 0","199567","3","2","5","04","15","5","1","0","1","1","0","0"
"POINT (13.515886116000047 52.558151375000079)","Unfall 199568 (2018) Kat:3, Licht: 1","199568","3","3","5","04","15","5","1","1","1","1","0","0"
"POINT (13.159793414000035 52.528462196000078)","Unfall 199569 (2018) Kat:3, Licht: 0","199569","3","5","1","04","08","2","1","0","0","1","0","0"
"POINT (13.375031026000045 52.445157204000054)","Unfall 199570 (2018) Kat:3, Licht: 0","199570","3","2","0","04","15","5","1","0","0","1","0","1"
"POINT (13.332771639000043 52.469012497000051)","Unfall 199571 (2018) Kat:3, Licht: 0","199571","3","2","5","04","08","2","0","0","1","0","0","0"
"POINT (13.513387915000067 52.467934717000048)","Unfall 199572 (2018) Kat:3, Licht: 0","199572","3","3","2","04","07","2","0","0","1","1","0","0"
"POINT (13.312687993000054 52.480474079000032)","Unfall 199573 (2018) Kat:3, Licht: 0","199573","3","2","5","04","14","5","0","0","0","1","0","0"
"POINT (13.492584853000039 52.511974830000042)","Unfall 199574 (2018) Kat:3, Licht: 1","199574","3","6","2","04","05","2","0","1","0","1","0","0"
"POINT (13.165364828000065 52.551134602000047)","Unfall 199575 (2018) Kat:3, Licht: 0","199575","3","2","5","04","13","5","0","0","0","1","0","0"
"POINT (13.308580727000049 52.603058954000062)","Unfall 199576 (2018) Kat:3, Licht: 0","199576","3","1","0","04","18","2","0","0","1","0","0","0"
"POINT (13.342515936000041 52.524156600000026)","Unfall 199577 (2018) Kat:3, Licht: 0","199577","3","2","0","04","12","5","1","0","1","1","0","0"
"POINT (13.324713048000035 52.517209729000058)","Unfall 199578 (2018) Kat:2, Licht: 0","199578","2","6","0","04","12","5","1","0","0","1","0","1"
"POINT (13.448411008000051 52.584625171000027)","Unfall 199579 (2018) Kat:3, Licht: 0","199579","3","1","0","04","15","2","0","0","0","0","0","1"
"POINT (13.563052876000029 52.571945010000036)","Unfall 199580 (2018) Kat:3, Licht: 0","199580","3","3","5","04","11","5","1","0","0","1","0","1"
"POINT (13.526144340000030 52.493253681000056)","Unfall 199581 (2018) Kat:3, Licht: 0","199581","3","1","0","04","12","2","0","0","1","0","0","0"
"POINT (13.427918831000056 52.545699709000075)","Unfall 199582 (2018) Kat:3, Licht: 0","199582","3","2","5","04","11","5","1","0","1","1","0","0"
"POINT (13.314105241000050 52.516007671000068)","Unfall 199583 (2018) Kat:3, Licht: 0","199583","3","1","8","04","08","2","0","0","0","1","0","0"
"POINT (13.355065666000030 52.518284375000064)","Unfall 199584 (2018) Kat:3, Licht: 0","199584","3","6","2","04","11","2","0","0","0","1","0","0"
"POINT (13.398441977000061 52.526533752000034)","Unfall 199585 (2018) Kat:3, Licht: 0","199585","3","3","0","04","10","5","1","0","1","0","0","0"
"POINT (13.326604997000061 52.592101004000028)","Unfall 199586 (2018) Kat:3, Licht: 2","199586","3","3","5","04","20","2","0","2","0","1","0","0"
"POINT (13.425818920000040 52.465708512000049)","Unfall 199587 (2018) Kat:3, Licht: 0","199587","3","7","5","04","09","5","1","0","0","1","0","0"
"POINT (13.335060298000030 52.530493768000042)","Unfall 199588 (2018) Kat:2, Licht: 0","199588","2","7","0","04","17","1","0","0","0","1","1","0"
"POINT (13.375023772000077 52.535674267000047)","Unfall 199589 (2018) Kat:3, Licht: 0","199589","3","5","1","04","09","5","1","0","1","1","0","0"
"POINT (13.424489145000052 52.499840805000076)","Unfall 199590 (2018) Kat:3, Licht: 0","199590","3","5","1","04","15","1","0","0","1","1","0","0"
"POINT (13.371934575000068 52.519401507000055)","Unfall 199591 (2018) Kat:3, Licht: 0","199591","3","1","0","04","09","5","1","0","0","0","0","1"
"POINT (13.442174961000035 52.469761643000027)","Unfall 199592 (2018) Kat:3, Licht: 0","199592","3","4","6","04","18","1","0","0","0","1","1","0"
"POINT (13.379335218000051 52.446352556000079)","Unfall 199593 (2018) Kat:3, Licht: 0","199593","3","6","2","04","08","5","1","0","0","1","0","0"
"POINT (13.221718098000053 52.430928612000059)","Unfall 199594 (2018) Kat:3, Licht: 1","199594","3","7","0","04","20","1","0","1","1","1","0","0"
"POINT (13.410388575000070 52.550914055000078)","Unfall 199595 (2018) Kat:3, Licht: 2","199595","3","3","5","04","22","1","0","2","1","1","0","0"
"POINT (13.329285038000023 52.505375827000080)","Unfall 199596 (2018) Kat:3, Licht: 0","199596","3","4","6","04","08","5","0","0","0","1","1","0"
"POINT (13.409732458000065 52.490398514000049)","Unfall 199597 (2018) Kat:3, Licht: 0","199597","3","5","1","04","17","1","0","0","1","1","0","0"
"POINT (13.366012577000049 52.542361259000074)","Unfall 199598 (2018) Kat:3, Licht: 0","199598","3","6","3","04","08","5","0","0","1","0","0","0"
"POINT (13.570312179000041 52.542154557000060)","Unfall 199599 (2018) Kat:3, Licht: 0","199599","3","6","2","04","17","1","0","0","0","1","0","0"
"POINT (13.262406824000038 52.541320175000067)","Unfall 199600 (2018) Kat:3, Licht: 0","199600","3","3","5","04","08","5","1","0","1","1","0","0"
"POINT (13.434256248000054 52.484690423000075)","Unfall 199601 (2018) Kat:3, Licht: 0","199601","3","6","3","04","17","1","0","0","0","1","0","1"
"POINT (13.340506356000049 52.445464977000029)","Unfall 199602 (2018) Kat:3, Licht: 0","199602","3","3","5","04","08","5","0","0","0","1","0","0"
"POINT (13.324296026000070 52.564934234000077)","Unfall 199603 (2018) Kat:3, Licht: 0","199603","3","5","1","04","16","1","0","0","1","1","0","0"
"POINT (13.413612190000038 52.547643528000037)","Unfall 199604 (2018) Kat:3, Licht: 0","199604","3","3","5","04","07","5","1","0","0","1","0","0"
"POINT (13.200629696000021 52.536660707000067)","Unfall 199605 (2018) Kat:3, Licht: 0","199605","3","3","5","04","16","1","0","0","1","1","0","0"
"POINT (13.337630363000073 52.459469661000071)","Unfall 199606 (2018) Kat:3, Licht: 0","199606","3","3","5","04","14","1","0","0","1","1","0","0"
"POINT (13.385590790000037 52.466098803000079)","Unfall 199607 (2018) Kat:3, Licht: 0","199607","3","3","5","04","07","5","0","0","1","1","0","0"
"POINT (13.323220112000058 52.471575069000039)","Unfall 199608 (2018) Kat:3, Licht: 0","199608","3","7","5","04","13","1","0","0","1","1","0","0"
"POINT (13.588889415000040 52.517862207000064)","Unfall 199609 (2018) Kat:3, Licht: 0","199609","3","6","2","04","07","5","0","0","0","1","0","0"
"POINT (13.457780283000034 52.512772657000028)","Unfall 199610 (2018) Kat:3, Licht: 0","199610","3","2","5","04","11","1","0","0","1","1","0","0"
"POINT (13.350518604000058 52.542036192000069)","Unfall 199611 (2018) Kat:3, Licht: 0","199611","3","5","1","04","06","5","1","0","1","1","0","0"
"POINT (13.437172421000071 52.455577624000057)","Unfall 199612 (2018) Kat:3, Licht: 0","199612","3","3","5","04","10","1","0","0","1","1","0","0"
"POINT (13.496102810000025 52.417391589000033)","Unfall 199613 (2018) Kat:3, Licht: 2","199613","3","7","0","04","00","5","0","2","0","1","0","0"
"POINT (13.371440336000035 52.540106122000054)","Unfall 199614 (2018) Kat:3, Licht: 0","199614","3","7","1","04","10","1","0","0","0","1","0","1"
"POINT (13.501683127000035 52.565961480000055)","Unfall 199615 (2018) Kat:3, Licht: 0","199615","3","3","5","04","09","1","0","0","1","1","0","0"
"POINT (13.377929601000062 52.528984913000045)","Unfall 199616 (2018) Kat:3, Licht: 0","199616","3","1","0","04","12","5","1","0","0","0","0","1"
"POINT (13.576879267000038 52.455464945000074)","Unfall 199617 (2018) Kat:3, Licht: 2","199617","3","6","2","04","00","1","0","2","0","1","0","1"
"POINT (13.467387943000062 52.596971639000060)","Unfall 199618 (2018) Kat:3, Licht: 0","199618","3","1","0","04","10","5","1","0","1","0","0","0"
"POINT (13.416283780000072 52.529113874000075)","Unfall 199619 (2018) Kat:3, Licht: 0","199619","3","2","5","04","12","1","0","0","1","0","0","1"
"POINT (13.278037357000073 52.490455147000034)","Unfall 199620 (2018) Kat:2, Licht: 0","199620","2","5","1","04","12","1","0","0","1","1","0","0"
"POINT (13.419672425000044 52.499162598000055)","Unfall 199621 (2018) Kat:3, Licht: 2","199621","3","6","2","04","03","4","1","2","0","1","0","0"
"POINT (13.422836342000039 52.544808416000080)","Unfall 199622 (2018) Kat:3, Licht: 0","199622","3","7","2","04","14","1","0","0","0","1","0","0"