WKT,Name,OBJECTID,UKATEGORIE,UTYP1,UART,UMONAT,USTUNDE,UWOCHENTAG,STRZUSTAND,ULICHTVERH,ISTRAD,ISTPKW,ISTFUSS,ISTKRAD
"POINT (13.450357083000029 52.520778086000064)","Unfall 199623 (2018) Kat:3, Licht: 2","199623","3","4","6","04","23","4","0","2","0","1","1","0"
"POINT (13.297526829000049 52.534597472000030)","Unfall 199624 (2018) Kat:3, Licht: 0","199624","3","6","2","04","14","1","0","0","0","1","0","0"
"POINT (13.354835704000038 52.599769285000036)","Unfall 199625 (2018) Kat:3, Licht: 0","199625","3","7","5","04","13","4","0","0","1","1","0","0"
"POINT (13.343683122000073 52.479274785000030)","Unfall 199626 (2018) Kat:2, Licht: 0","199626","2","7","0","04","07","4","1","0","1","1","0","0"
"POINT (13.233662345000027 52.432549434000066)","Unfall 199627 (2018) Kat:3, Licht: 1","199627","3","3","5","04","20","4","0","1","1","1","0","0"
"POINT (13.331511177000039 52.504862619000050)","Unfall 199628 (2018) Kat:3, Licht: 0","199628","3","5","1","04","17","4","0","0","0","1","0","0"
"POINT (13.275677059000031 52.597563598000079)","Unfall 199629 (2018) Kat:3, Licht: 0","199629","3","1","8","04","09","1","0","0","1","0","0","0"
"POINT (13.358978098000023 52.420082915000080)","Unfall 199630 (2018) Kat:3, Licht: 0","199630","3","2","2","04","15","4","0","0","0","1","0","0"
"POINT (13.405211962000067 52.534103290000076)","Unfall 199631 (2018) Kat:3, Licht: 2","199631","3","1","0","04","01","1","0","2","1","0","0","0"
"POINT (13.604623629000059 52.536905252000054)","Unfall 199632 (2018) Kat:3, Licht: 0","199632","3","6","2","04","16","4","0","0","0","1","0","0"
"POINT (13.301995375000047 52.508148324000047)","Unfall 199633 (2018) Kat:3, Licht: 0","199633","3","6","2","04","17","4","0","0","0","1","0","0"
"POINT (13.431386901000053 52.492397861000029)","Unfall 199634 (2018) Kat:2, Licht: 0","199634","2","6","3","04","12","7","0","0","1","0","0","0"
"POINT (13.428982482000038 52.502415983000049)","Unfall 199635 (2018) Kat:3, Licht: 0","199635","3","4","6","04","17","4","0","0","0","1","1","0"
"POINT (13.515465537000068 52.575370484000075)","Unfall 199636 (2018) Kat:2, Licht: 0","199636","2","1","9","04","09","7","0","0","0","1","0","0"
"POINT (13.187247952000064 52.522683199000028)","Unfall 199637 (2018) Kat:3, Licht: 0","199637","3","7","2","04","17","4","0","0","0","1","0","0"
"POINT (13.247680738000042 52.538050947000045)","Unfall 199638 (2018) Kat:3, Licht: 0","199638","3","2","5","04","18","4","0","0","0","1","0","0"
"POINT (13.424962471000072 52.481179091000058)","Unfall 199639 (2018) Kat:3, Licht: 1","199639","3","5","1","04","19","7","0","1","1","1","0","0"
"POINT (13.394420859000036 52.501119326000037)","Unfall 199640 (2018) Kat:3, Licht: 0","199640","3","2","5","04","18","4","0","0","1","1","0","0"
"POINT (13.278856887000074 52.575716470000032)","Unfall 199641 (2018) Kat:3, Licht: 1","199641","3","6","2","04","19","7","0","1","0","1","0","0"
"POINT (13.399543999000059 52.504594421000036)","Unfall 199642 (2018) Kat:3, Licht: 0","199642","3","3","5","04","18","4","0","0","0","1","0","1"
"POINT (13.312805048000030 52.480478419000065)","Unfall 199643 (2018) Kat:3, Licht: 0","199643","3","2","5","04","18","7","0","0","0","1","0","0"
"POINT (13.379721001000064 52.506607500000030)","Unfall 199644 (2018) Kat:3, Licht: 0","199644","3","3","5","04","16","4","0","0","1","1","0","0"
"POINT (13.314343713000028 52.498439663000056)","Unfall 199645 (2018) Kat:3, Licht: 0","199645","3","1","0","04","17","7","0","0","0","0","0","1"
"POINT (13.150238256000023 52.414780253000060)","Unfall 199646 (2018) Kat:3, Licht: 0","199646","3","5","0","04","15","4","0","0","1","1","0","0"
"POINT (13.334354030000043 52.505447401000026)","Unfall 199647 (2018) Kat:3, Licht: 0","199647","3","6","2","04","17","7","0","0","1","1","0","0"
"POINT (13.379707560000043 52.590936497000030)","Unfall 199648 (2018) Kat:3, Licht: 0","199648","3","7","2","04","15","4","0","0","0","1","0","0"
"POINT (13.325412882000023 52.608297754000034)","Unfall 199649 (2018) Kat:3, Licht: 0","199649","3","3","5","04","17","7","0","0","0","1","0","0"
"POINT (13.261367770000049 52.408514968000077)","Unfall 199650 (2018) Kat:3, Licht: 0","199650","3","3","5","04","17","7","0","0","1","0","0","1"
"POINT (13.369704314000046 52.559659945000078)","Unfall 199651 (2018) Kat:3, Licht: 0","199651","3","4","6","04","17","7","0","0","0","1","1","0"
"POINT (13.354834855000036 52.544097530000045)","Unfall 199652 (2018) Kat:2, Licht: 0","199652","2","3","5","04","15","4","0","0","1","1","0","0"
"POINT (13.470390352000038 52.553717495000058)","Unfall 199653 (2018) Kat:3, Licht: 0","199653","3","3","5","04","13","4","0","0","0","1","0","0"
"POINT (13.461185467000064 52.500867699000082)","Unfall 199654 (2018) Kat:3, Licht: 0","199654","3","3","5","04","17","7","0","0","0","1","0","0"
"POINT (13.186277731000075 52.532609696000065)","Unfall 199655 (2018) Kat:3, Licht: 0","199655","3","6","2","04","14","4","0","0","0","1","0","0"
"POINT (13.457063516000062 52.473244899000065)","Unfall 199656 (2018) Kat:3, Licht: 0","199656","3","7","2","04","17","7","0","0","0","1","0","1"
"POINT (13.414108166000062 52.513619672000061)","Unfall 199657 (2018) Kat:3, Licht: 0","199657","3","1","0","04","14","4","1","0","0","0","0","1"
"POINT (13.322160595000071 52.608791958000040)","Unfall 199658 (2018) Kat:3, Licht: 0","199658","3","6","2","04","17","7","0","0","0","1","0","0"
"POINT (13.434783741000047 52.481151214000079)","Unfall 199659 (2018) Kat:3, Licht: 0","199659","3","4","6","04","13","4","0","0","0","1","1","0"
"POINT (13.254431486000044 52.561669322000057)","Unfall 199660 (2018) Kat:3, Licht: 0","199660","3","4","6","04","16","7","0","0","1","0","1","0"
"POINT (13.591595485000028 52.432338813000058)","Unfall 199661 (2018) Kat:3, Licht: 0","199661","3","3","5","04","12","4","0","0","0","1","0","0"
"POINT (13.441577452000047 52.532252811000035)","Unfall 199662 (2018) Kat:3, Licht: 0","199662","3","2","5","04","17","7","0","0","1","1","0","0"
"POINT (13.414782334000051 52.458747575000075)","Unfall 199663 (2018) Kat:2, Licht: 0","199663","2","6","2","04","11","4","1","0","0","0","0","0"
"POINT (13.460854330000075 52.529631143000074)","Unfall 199664 (2018) Kat:2, Licht: 0","199664","2","3","2","04","16","7","0","0","0","1","0","0"
"POINT (13.605114511000068 52.532364349000034)","Unfall 199665 (2018) Kat:3, Licht: 0","199665","3","4","6","04","14","7","0","0","0","1","1","0"
"POINT (13.391958713000065 52.509650520000037)","Unfall 199666 (2018) Kat:3, Licht: 2","199666","3","3","5","04","22","4","0","2","0","1","0","0"
"POINT (13.358261903000027 52.545926850000058)","Unfall 199667 (2018) Kat:3, Licht: 2","199667","3","5","1","04","22","7","0","2","0","1","0","0"
"POINT (13.322289420000061 52.505890866000072)","Unfall 199668 (2018) Kat:3, Licht: 0","199668","3","6","3","04","10","4","0","0","1","0","0","0"
"POINT (13.342498383000077 52.446956245000081)","Unfall 199669 (2018) Kat:3, Licht: 2","199669","3","2","6","04","20","7","0","2","0","1","1","0"
"POINT (13.378794564000032 52.527494275000038)","Unfall 199670 (2018) Kat:3, Licht: 2","199670","3","2","5","04","20","4","0","2","1","1","0","0"
"POINT (13.564119577000042 52.544548945000031)","Unfall 199671 (2018) Kat:3, Licht: 0","199671","3","6","2","04","15","7","0","0","0","1","0","0"
"POINT (13.420815677000064 52.548784323000064)","Unfall 199672 (2018) Kat:3, Licht: 0","199672","3","2","0","04","10","4","0","0","1","0","0","0"
"POINT (13.321072159000039 52.593633201000046)","Unfall 199673 (2018) Kat:3, Licht: 0","199673","3","3","5","04","15","7","0","0","1","1","0","0"
"POINT (13.429584359000046 52.571851572000071)","Unfall 199674 (2018) Kat:3, Licht: 0","199674","3","2","5","04","10","4","0","0","0","1","0","0"
"POINT (13.396046969000054 52.507061285000077)","Unfall 199675 (2018) Kat:3, Licht: 0","199675","3","6","3","04","14","7","0","0","1","0","0","0"
"POINT (13.349390513000060 52.542135998000049)","Unfall 199676 (2018) Kat:3, Licht: 0","199676","3","2","2","04","10","4","0","0","0","1","0","0"
"POINT (13.478679609000039 52.477554744000031)","Unfall 199677 (2018) Kat:3, Licht: 0","199677","3","2","5","04","18","7","0","0","1","1","0","0"
"POINT (13.376668893000044 52.488262021000082)","Unfall 199678 (2018) Kat:3, Licht: 0","199678","3","6","2","04","14","7","0","0","0","1","0","0"
"POINT (13.196857199000021 52.513110228000073)","Unfall 199679 (2018) Kat:3, Licht: 2","199679","3","2","5","04","20","4","0","2","0","1","0","0"
"POINT (13.366722428000060 52.462086089000081)","Unfall 199680 (2018) Kat:3, Licht: 0","199680","3","3","5","04","13","7","0","0","1","1","0","0"
"POINT (13.331072975000041 52.486001589000068)","Unfall 199681 (2018) Kat:3, Licht: 1","199681","3","3","0","04","19","4","0","1","0","1","0","1"
"POINT (13.256506140000056 52.486205071000029)","Unfall 199682 (2018) Kat:3, Licht: 0","199682","3","3","0","04","13","7","0","0","1","0","0","0"
"POINT (13.462017749000040 52.558945009000070)","Unfall 199683 (2018) Kat:3, Licht: 0","199683","3","2","5","04","10","4","0","0","0","1","0","0"
"POINT (13.364150571000039 52.476425945000074)","Unfall 199684 (2018) Kat:3, Licht: 0","199684","3","1","0","04","17","1","0","0","1","0","0","0"
"POINT (13.500156536000077 52.635595813000066)","Unfall 199685 (2018) Kat:3, Licht: 0","199685","3","6","0","04","07","4","1","0","1","0","0","0"
"POINT (13.424185102000024 52.416946590000066)","Unfall 199686 (2018) Kat:3, Licht: 0","199686","3","2","2","04","19","4","0","0","0","1","0","1"
"POINT (13.326790182000025 52.445104833000073)","Unfall 199687 (2018) Kat:3, Licht: 0","199687","3","1","0","04","13","7","0","0","1","0","0","0"
"POINT (13.525449771000069 52.481629999000063)","Unfall 199688 (2018) Kat:2, Licht: 0","199688","2","6","0","04","16","1","0","0","1","1","0","0"
"POINT (13.247751151000045 52.538095798000029)","Unfall 199689 (2018) Kat:2, Licht: 0","199689","2","2","5","04","18","4","0","0","0","1","0","0"
"POINT (13.393901327000037 52.508799122000028)","Unfall 199690 (2018) Kat:3, Licht: 0","199690","3","3","0","04","09","4","1","0","1","1","0","0"
"POINT (13.377613226000051 52.407852645000048)","Unfall 199691 (2018) Kat:2, Licht: 0","199691","2","1","8","04","15","1","0","0","0","1","0","0"
"POINT (13.476332256000035 52.533089992000043)","Unfall 199692 (2018) Kat:2, Licht: 2","199692","2","2","5","04","20","4","0","2","0","1","0","0"
"POINT (13.259845569000049 52.516179332000036)","Unfall 199693 (2018) Kat:3, Licht: 0","199693","3","3","5","04","13","7","0","0","1","1","0","0"
"POINT (13.385484817000076 52.471562226000060)","Unfall 199694 (2018) Kat:3, Licht: 0","199694","3","6","2","04","15","1","0","0","0","1","0","0"
"POINT (13.419507413000076 52.487560249000069)","Unfall 199695 (2018) Kat:2, Licht: 0","199695","2","4","6","04","19","4","0","0","0","1","1","0"
"POINT (13.348221536000040 52.501813880000043)","Unfall 199696 (2018) Kat:3, Licht: 0","199696","3","5","0","04","12","7","0","0","0","1","0","0"
"POINT (13.433322680000060 52.519867953000073)","Unfall 199697 (2018) Kat:3, Licht: 0","199697","3","3","5","04","12","7","0","0","0","1","0","0"
"POINT (13.370202651000056 52.465982393000047)","Unfall 199698 (2018) Kat:3, Licht: 0","199698","3","6","2","04","09","4","1","0","0","0","0","0"
"POINT (13.360577844000034 52.576439017000041)","Unfall 199699 (2018) Kat:3, Licht: 0","199699","3","6","2","04","12","7","0","0","0","1","0","0"
"POINT (13.260933513000055 52.517618086000027)","Unfall 199700 (2018) Kat:3, Licht: 0","199700","3","7","2","04","13","1","0","0","1","1","0","0"
"POINT (13.157838208000044 52.543066121000038)","Unfall 199701 (2018) Kat:3, Licht: 0","199701","3","2","5","04","08","4","1","0","0","1","0","0"
"POINT (13.367092632000038 52.517506273000038)","Unfall 199702 (2018) Kat:3, Licht: 0","199702","3","3","0","04","12","7","0","0","1","0","0","0"
"POINT (13.234886927000048 52.529280188000030)","Unfall 199703 (2018) Kat:2, Licht: 0","199703","2","7","0","04","13","1","0","0","1","0","0","0"
"POINT (13.273960085000056 52.575793485000077)","Unfall 199704 (2018) Kat:3, Licht: 0","199704","3","3","5","04","08","4","1","0","0","1","0","1"
"POINT (13.406014246000041 52.554099907000079)","Unfall 199705 (2018) Kat:3, Licht: 0","199705","3","6","2","04","13","1","0","0","0","1","0","1"
"POINT (13.390757491000045 52.495980293000059)","Unfall 199706 (2018) Kat:3, Licht: 0","199706","3","2","5","04","07","4","1","0","1","1","0","0"
"POINT (13.495117990000040 52.504683152000041)","Unfall 199707 (2018) Kat:2, Licht: 0","199707","2","4","6","04","11","7","0","0","0","1","1","0"
"POINT (13.613981583000054 52.516553047000059)","Unfall 199708 (2018) Kat:3, Licht: 0","199708","3","6","2","04","07","4","1","0","0","1","0","0"
"POINT (13.182416666000051 52.538425606000033)","Unfall 199709 (2018) Kat:3, Licht: 0","199709","3","2","5","04","11","7","0","0","0","1","0","1"
"POINT (13.573130939000066 52.444408021000072)","Unfall 199710 (2018) Kat:3, Licht: 0","199710","3","6","2","04","12","1","0","0","0","1","0","0"
"POINT (13.436822571000050 52.456897214000037)","Unfall 199711 (2018) Kat:3, Licht: 0","199711","3","2","5","04","07","4","1","0","1","1","0","0"
"POINT (13.352863349000074 52.516222452000079)","Unfall 199712 (2018) Kat:3, Licht: 0","199712","3","5","1","04","10","7","0","0","1","1","0","0"
"POINT (13.301940728000034 52.509623750000060)","Unfall 199713 (2018) Kat:3, Licht: 0","199713","3","6","2","04","12","1","0","0","0","1","0","0"
"POINT (13.418398178000075 52.558772436000027)","Unfall 199714 (2018) Kat:3, Licht: 0","199714","3","3","5","04","07","4","0","0","0","1","0","0"
"POINT (13.319917367000073 52.476804626000046)","Unfall 199715 (2018) Kat:3, Licht: 2","199715","3","6","2","04","22","7","0","2","1","1","0","0"
"POINT (13.421401825000032 52.562465776000067)","Unfall 199716 (2018) Kat:3, Licht: 0","199716","3","3","5","04","11","1","0","0","1","1","0","0"
"POINT (13.461161298000036 52.512188640000034)","Unfall 199717 (2018) Kat:3, Licht: 0","199717","3","4","0","04","10","7","0","0","0","0","1","1"
"POINT (13.517941184000051 52.535528276000036)","Unfall 199718 (2018) Kat:2, Licht: 2","199718","2","6","2","04","05","4","1","2","0","1","0","0"
"POINT (13.443535382000050 52.417500331000042)","Unfall 199719 (2018) Kat:3, Licht: 0","199719","3","3","5","04","10","7","0","0","0","1","0","0"
"POINT (13.320687022000072 52.456768349000072)","Unfall 199720 (2018) Kat:3, Licht: 0","199720","3","2","5","04","11","1","0","0","1","1","0","0"
"POINT (13.449522107000064 52.469989731000055)","Unfall 199721 (2018) Kat:3, Licht: 0","199721","3","1","1","04","19","7","0","0","0","1","0","0"
"POINT (13.385708283000042 52.528436728000031)","Unfall 199722 (2018) Kat:3, Licht: 1","199722","3","1","0","04","05","4","1","1","1","0","0","0"
"POINT (13.308159542000055 52.556320256000049)","Unfall 199723 (2018) Kat:3, Licht: 0","199723","3","2","5","04","07","7","0","0","0","1","0","1"
"POINT (13.165344952000055 52.467167585000027)","Unfall 199724 (2018) Kat:2, Licht: 2","199724","2","6","4","04","23","7","0","2","0","1","0","0"
"POINT (13.392977557000052 52.545369507000032)","Unfall 199725 (2018) Kat:3, Licht: 1","199725","3","7","5","04","20","7","0","1","0","1","0","1"
"POINT (13.380585063000069 52.517285668000056)","Unfall 199726 (2018) Kat:3, Licht: 0","199726","3","1","8","04","09","4","0","0","1","0","0","0"
"POINT (13.389216236000038 52.547165499000073)","Unfall 199727 (2018) Kat:3, Licht: 0","199727","3","3","5","04","19","7","0","0","1","1","0","0"
"POINT (13.500217021000026 52.441110003000063)","Unfall 199728 (2018) Kat:3, Licht: 0","199728","3","7","0","04","15","3","0","0","0","1","0","0"
"POINT (13.562199832000033 52.437020469000061)","Unfall 199729 (2018) Kat:2, Licht: 2","199729","2","1","8","04","22","7","0","2","0","0","0","1"
"POINT (13.295100865000052 52.444551878000027)","Unfall 199730 (2018) Kat:3, Licht: 1","199730","3","3","5","04","19","7","0","1","0","1","0","0"
"POINT (13.389766403000067 52.495908313000029)","Unfall 199731 (2018) Kat:3, Licht: 2","199731","3","2","5","04","21","3","0","2","1","1","0","0"
"POINT (13.502956237000035 52.418191486000069)","Unfall 199732 (2018) Kat:3, Licht: 0","199732","3","7","0","04","06","7","0","0","0","1","0","1"
"POINT (13.454494621000038 52.474667807000060)","Unfall 199733 (2018) Kat:3, Licht: 0","199733","3","2","6","04","18","7","0","0","0","0","1","0"
"POINT (13.407658888000071 52.573910409000064)","Unfall 199734 (2018) Kat:3, Licht: 0","199734","3","2","5","04","07","3","0","0","1","1","0","0"
"POINT (13.243091035000077 52.538641441000038)","Unfall 199735 (2018) Kat:2, Licht: 2","199735","2","5","1","04","00","7","0","2","0","1","0","0"
"POINT (13.306383533000030 52.499794004000080)","Unfall 199736 (2018) Kat:2, Licht: 0","199736","2","6","2","04","17","7","0","0","0","1","0","0"
"POINT (13.373947156000042 52.597639659000038)","Unfall 199737 (2018) Kat:3, Licht: 0","199737","3","2","5","04","16","7","0","0","1","1","0","0"
"POINT (13.378542849000041 52.529247683000051)","Unfall 199738 (2018) Kat:2, Licht: 0","199738","2","1","0","04","16","3","0","0","1","0","0","0"
"POINT (13.405555592000042 52.529898484000057)","Unfall 199739 (2018) Kat:3, Licht: 0","199739","3","7","1","04","09","6","0","0","1","1","0","0"
"POINT (13.624956585000064 52.452910817000031)","Unfall 199740 (2018) Kat:3, Licht: 0","199740","3","6","3","04","15","7","0","0","1","1","0","0"
"POINT (13.403178580000031 52.523291342000050)","Unfall 199741 (2018) Kat:3, Licht: 0","199741","3","4","6","04","14","7","0","0","0","1","1","0"
"POINT (13.345105176000061 52.491334057000074)","Unfall 199742 (2018) Kat:3, Licht: 0","199742","3","3","5","04","17","3","0","0","0","1","0","0"
"POINT (13.332218922000038 52.521830303000058)","Unfall 199743 (2018) Kat:3, Licht: 0","199743","3","7","6","04","16","6","0","0","0","1","1","0"
"POINT (13.309458188000065 52.627361761000031)","Unfall 199744 (2018) Kat:3, Licht: 0","199744","3","3","5","04","13","7","0","0","0","1","0","0"
"POINT (13.437516515000027 52.455278966000037)","Unfall 199745 (2018) Kat:3, Licht: 0","199745","3","6","2","04","17","3","0","0","0","1","0","0"
"POINT (13.306677802000024 52.501021537000042)","Unfall 199746 (2018) Kat:3, Licht: 0","199746","3","6","0","04","19","6","0","0","0","1","0","1"
"POINT (13.425749139000061 52.503313088000027)","Unfall 199747 (2018) Kat:3, Licht: 0","199747","3","2","5","04","13","7","0","0","1","1","0","0"
"POINT (13.385827181000025 52.485034734000067)","Unfall 199748 (2018) Kat:3, Licht: 0","199748","3","2","5","04","17","3","0","0","1","0","0","0"
"POINT (13.499637390000032 52.429704848000029)","Unfall 199749 (2018) Kat:2, Licht: 0","199749","2","7","1","04","12","6","0","0","0","1","0","1"
"POINT (13.309297784000023 52.506551883000043)","Unfall 199750 (2018) Kat:3, Licht: 2","199750","3","3","5","04","20","6","0","2","0","1","0","0"
"POINT (13.204545355000050 52.536283417000050)","Unfall 199751 (2018) Kat:3, Licht: 0","199751","3","7","6","04","13","7","0","0","0","1","1","0"
"POINT (13.613269917000025 52.509869481000067)","Unfall 199752 (2018) Kat:3, Licht: 0","199752","3","6","2","04","16","3","0","0","1","1","0","0"
"POINT (13.445920385000022 52.501965357000074)","Unfall 199753 (2018) Kat:3, Licht: 0","199753","3","7","0","04","12","6","0","0","1","0","0","0"
"POINT (13.372055296000042 52.469825345000061)","Unfall 199754 (2018) Kat:3, Licht: 0","199754","3","2","5","04","12","7","0","0","0","1","0","0"
"POINT (13.448929998000040 52.427597430000048)","Unfall 199755 (2018) Kat:3, Licht: 0","199755","3","7","1","04","16","3","0","0","0","1","0","0"
"POINT (13.499475849000078 52.572055164000062)","Unfall 199756 (2018) Kat:3, Licht: 0","199756","3","5","1","04","18","6","0","0","1","1","0","0"
"POINT (13.140269592000038 52.452602883000054)","Unfall 199757 (2018) Kat:3, Licht: 0","199757","3","3","5","04","09","7","0","0","1","1","0","0"
"POINT (13.406857859000070 52.518595917000027)","Unfall 199758 (2018) Kat:3, Licht: 0","199758","3","6","2","04","15","7","0","0","0","0","0","1"
"POINT (13.334596163000072 52.587458492000053)","Unfall 199759 (2018) Kat:3, Licht: 0","199759","3","2","5","04","16","3","0","0","0","1","0","0"
"POINT (13.354733871000064 52.413323118000051)","Unfall 199760 (2018) Kat:3, Licht: 0","199760","3","3","0","04","11","6","0","0","0","1","0","0"
"POINT (13.294942466000066 52.496134243000029)","Unfall 199761 (2018) Kat:3, Licht: 0","199761","3","5","1","04","16","7","0","0","0","1","0","1"
"POINT (13.613704770000027 52.532174431000044)","Unfall 199762 (2018) Kat:2, Licht: 0","199762","2","4","6","04","14","7","0","0","0","1","1","0"
"POINT (13.432936462000043 52.499464460000070)","Unfall 199763 (2018) Kat:3, Licht: 0","199763","3","2","5","04","16","3","0","0","1","0","0","0"
"POINT (13.439428154000041 52.487245302000076)","Unfall 199764 (2018) Kat:3, Licht: 0","199764","3","5","1","04","04","6","0","0","1","1","0","0"
"POINT (13.505885026000044 52.454040931000065)","Unfall 199765 (2018) Kat:3, Licht: 0","199765","3","5","1","04","12","6","0","0","1","1","0","0"
"POINT (13.204750326000067 52.530086814000072)","Unfall 199766 (2018) Kat:3, Licht: 0","199766","3","7","5","04","16","3","0","0","0","1","0","0"
"POINT (13.453976087000058 52.463230745000033)","Unfall 199767 (2018) Kat:3, Licht: 0","199767","3","3","5","04","08","6","0","0","0","1","0","0"
"POINT (13.603769442000043 52.485941035000053)","Unfall 199768 (2018) Kat:2, Licht: 0","199768","2","4","6","04","15","7","0","0","0","1","1","0"
"POINT (13.432583014000045 52.452751333000037)","Unfall 199769 (2018) Kat:3, Licht: 0","199769","3","2","6","04","08","6","0","0","0","1","1","0"
"POINT (13.377776100000062 52.442520858000080)","Unfall 199770 (2018) Kat:3, Licht: 0","199770","3","2","5","04","16","3","0","0","0","1","0","1"
"POINT (13.422152218000065 52.553917268000077)","Unfall 199771 (2018) Kat:3, Licht: 0","199771","3","3","5","04","09","6","0","0","0","1","0","0"
"POINT (13.394181574000072 52.501104318000046)","Unfall 199772 (2018) Kat:2, Licht: 0","199772","2","3","5","04","16","7","0","0","1","1","0","0"
"POINT (13.627627736000022 52.526896467000029)","Unfall 199773 (2018) Kat:3, Licht: 0","199773","3","3","5","04","16","3","0","0","1","1","0","0"
"POINT (13.449446400000056 52.537068451000039)","Unfall 199774 (2018) Kat:3, Licht: 0","199774","3","2","5","04","09","6","0","0","1","1","0","0"
"POINT (13.435303137000062 52.425663590000056)","Unfall 199775 (2018) Kat:3, Licht: 0","199775","3","4","6","04","12","7","0","0","0","1","1","1"
"POINT (13.408261912000057 52.537175271000081)","Unfall 199776 (2018) Kat:3, Licht: 0","199776","3","4","6","04","15","3","0","0","0","1","1","0"
"POINT (13.315701474000036 52.567015230000038)","Unfall 199777 (2018) Kat:3, Licht: 0","199777","3","2","2","04","13","7","0","0","0","1","0","0"
"POINT (13.293937278000044 52.534123090000037)","Unfall 199778 (2018) Kat:3, Licht: 0","199778","3","1","0","04","15","3","1","0","0","0","0","1"
"POINT (13.448676384000066 52.490400893000071)","Unfall 199779 (2018) Kat:3, Licht: 0","199779","3","3","5","04","15","3","0","0","0","1","0","0"
"POINT (13.425942509000038 52.475992438000048)","Unfall 199780 (2018) Kat:3, Licht: 0","199780","3","7","0","04","10","6","0","0","0","1","0","0"
"POINT (13.451937777000069 52.510704560000079)","Unfall 199781 (2018) Kat:3, Licht: 0","199781","3","2","5","04","12","7","0","0","0","1","0","0"
"POINT (13.500002201000029 52.440182907000064)","Unfall 199782 (2018) Kat:2, Licht: 0","199782","2","7","2","04","15","3","0","0","0","1","0","1"
"POINT (13.423178307000057 52.486714210000059)","Unfall 199783 (2018) Kat:3, Licht: 0","199783","3","7","5","04","10","6","0","0","0","1","0","1"
"POINT (13.372262453000076 52.555964533000065)","Unfall 199784 (2018) Kat:3, Licht: 0","199784","3","2","5","04","15","3","0","0","1","1","0","0"
"POINT (13.325385373000074 52.503418006000061)","Unfall 199785 (2018) Kat:3, Licht: 0","199785","3","4","1","04","09","6","0","0","1","1","1","0"
"POINT (13.207198899000048 52.538885055000037)","Unfall 199786 (2018) Kat:3, Licht: 0","199786","3","6","2","04","11","7","0","0","0","1","0","0"
"POINT (13.468431948000045 52.558147943000051)","Unfall 199787 (2018) Kat:3, Licht: 0","199787","3","7","2","04","14","3","1","0","0","0","0","1"
"POINT (13.337291690000029 52.450147913000080)","Unfall 199788 (2018) Kat:3, Licht: 0","199788","3","7","0","04","09","6","1","0","0","1","0","1"
"POINT (13.401407568000025 52.546611784000049)","Unfall 199789 (2018) Kat:2, Licht: 0","199789","2","1","0","04","12","7","0","0","1","0","0","0"
"POINT (13.564135614000065 52.520273613000029)","Unfall 199790 (2018) Kat:3, Licht: 0","199790","3","5","1","04","14","3","0","0","0","1","0","0"
"POINT (13.331024909000064 52.490629596000076)","Unfall 199791 (2018) Kat:3, Licht: 0","199791","3","1","0","04","09","7","0","0","0","0","0","1"
"POINT (13.394972751000068 52.503415510000082)","Unfall 199792 (2018) Kat:3, Licht: 0","199792","3","6","4","04","14","3","0","0","0","1","0","0"
"POINT (13.391519515000027 52.500932184000078)","Unfall 199793 (2018) Kat:2, Licht: 0","199793","2","3","5","04","09","6","0","0","1","0","0","0"
"POINT (13.251511328000049 52.423750922000067)","Unfall 199794 (2018) Kat:3, Licht: 0","199794","3","4","6","04","13","3","0","0","0","0","1","0"
"POINT (13.446174941000038 52.544918538000047)","Unfall 199795 (2018) Kat:2, Licht: 0","199795","2","3","5","04","13","3","0","0","0","1","0","1"
"POINT (13.390118002000065 52.509454234000032)","Unfall 199796 (2018) Kat:3, Licht: 0","199796","3","3","5","04","08","6","0","0","0","1","0","1"
"POINT (13.401874350000071 52.528976722000039)","Unfall 199797 (2018) Kat:3, Licht: 0","199797","3","2","5","04","12","6","0","0","1","0","0","0"
"POINT (13.391723384000045 52.457563466000067)","Unfall 199798 (2018) Kat:2, Licht: 0","199798","2","5","1","04","13","3","0","0","1","0","0","0"
"POINT (13.436535704000050 52.517704650000042)","Unfall 199799 (2018) Kat:3, Licht: 0","199799","3","2","5","04","09","6","0","0","1","0","0","0"
"POINT (13.450432602000035 52.496321678000072)","Unfall 199800 (2018) Kat:2, Licht: 0","199800","2","3","5","04","12","3","0","0","1","0","0","0"
"POINT (13.314449058000037 52.454824771000062)","Unfall 199801 (2018) Kat:2, Licht: 0","199801","2","5","1","04","08","6","0","0","1","1","0","0"
"POINT (13.346332875000030 52.547707920000050)","Unfall 199802 (2018) Kat:3, Licht: 0","199802","3","6","2","04","11","3","0","0","0","1","0","0"
"POINT (13.459053753000035 52.562520386000074)","Unfall 199803 (2018) Kat:3, Licht: 0","199803","3","6","2","04","07","6","0","0","0","1","0","0"
"POINT (13.337922839000043 52.534710305000033)","Unfall 199804 (2018) Kat:2, Licht: 0","199804","2","7","5","04","18","6","0","0","0","1","0","1"
"POINT (13.385003388000030 52.531099879000067)","Unfall 199805 (2018) Kat:3, Licht: 0","199805","3","5","1","04","10","3","0","0","1","1","0","0"
"POINT (13.355636179000044 52.577698684000040)","Unfall 199806 (2018) Kat:3, Licht: 0","199806","3","3","5","04","07","6","0","0","0","1","0","1"
"POINT (13.436244301000045 52.472811188000037)","Unfall 199807 (2018) Kat:3, Licht: 0","199807","3","2","5","04","10","3","0","0","1","0","0","0"
"POINT (13.534341800000050 52.431414180000047)","Unfall 199808 (2018) Kat:3, Licht: 0","199808","3","3","5","04","06","6","0","0","1","1","0","0"