WKT,Name,OBJECTID,UKATEGORIE,UTYP1,UART,UMONAT,USTUNDE,UWOCHENTAG,STRZUSTAND,ULICHTVERH,ISTRAD,ISTPKW,ISTFUSS,ISTKRAD
"POINT (13.515323055000067 52.493850611000028)","Unfall 199994 (2018) Kat:3, Licht: 0","199994","3","2","5","05","09","5","0","0","1","1","0","0"
"POINT (13.166467762000025 52.519284880000043)","Unfall 199995 (2018) Kat:2, Licht: 0","199995","2","6","2","05","08","2","0","0","0","0","0","1"
"POINT (13.416186170000060 52.487990124000078)","Unfall 199996 (2018) Kat:3, Licht: 0","199996","3","6","2","05","09","2","0","0","0","1","0","0"
"POINT (13.300651739000045 52.519221996000056)","Unfall 199997 (2018) Kat:3, Licht: 0","199997","3","6","2","05","09","2","0","0","0","1","0","0"
"POINT (13.331250702000034 52.419964758000049)","Unfall 199998 (2018) Kat:3, Licht: 0","199998","3","3","5","05","10","5","0","0","1","1","0","0"
"POINT (13.329886952000038 52.464357979000056)","Unfall 199999 (2018) Kat:3, Licht: 0","199999","3","2","5","05","09","2","0","0","1","1","0","0"
"POINT (13.307784755000057 52.466818818000036)","Unfall 200000 (2018) Kat:3, Licht: 0","200000","3","4","6","05","11","5","0","0","1","0","1","0"
"POINT (13.401793694000048 52.529073570000037)","Unfall 200001 (2018) Kat:2, Licht: 0","200001","2","1","0","05","12","5","0","0","1","0","0","0"
"POINT (13.411287351000055 52.504325890000075)","Unfall 200002 (2018) Kat:3, Licht: 0","200002","3","6","4","05","12","5","0","0","0","1","0","0"
"POINT (13.398539411000058 52.592427253000039)","Unfall 200003 (2018) Kat:3, Licht: 0","200003","3","3","5","05","10","2","0","0","0","1","0","0"
"POINT (13.298862201000077 52.465257696000037)","Unfall 200004 (2018) Kat:3, Licht: 0","200004","3","3","5","05","10","2","0","0","1","1","0","0"
"POINT (13.360694521000028 52.595666174000030)","Unfall 200005 (2018) Kat:3, Licht: 0","200005","3","4","6","05","15","5","0","0","0","1","1","0"
"POINT (13.389058078000062 52.515591055000073)","Unfall 200006 (2018) Kat:3, Licht: 0","200006","3","3","5","05","10","2","0","0","1","1","0","0"
"POINT (13.388702696000053 52.582461205000072)","Unfall 200007 (2018) Kat:3, Licht: 0","200007","3","3","5","05","15","5","0","0","0","1","0","0"
"POINT (13.281133874000034 52.632717234000040)","Unfall 200008 (2018) Kat:3, Licht: 0","200008","3","3","0","05","10","2","0","0","0","1","0","0"
"POINT (13.130700504000060 52.391766678000067)","Unfall 200009 (2018) Kat:3, Licht: 0","200009","3","6","2","05","15","5","0","0","1","1","0","0"
"POINT (13.312942691000046 52.504445212000064)","Unfall 200010 (2018) Kat:3, Licht: 0","200010","3","5","1","05","13","5","0","0","1","1","0","0"
"POINT (13.318822334000060 52.457579278000026)","Unfall 200011 (2018) Kat:3, Licht: 0","200011","3","6","3","05","11","2","0","0","1","1","0","0"
"POINT (13.448130858000070 52.477907043000073)","Unfall 200012 (2018) Kat:3, Licht: 2","200012","3","6","3","05","00","4","0","2","1","1","0","0"
"POINT (13.408848329000023 52.522925821000058)","Unfall 200013 (2018) Kat:2, Licht: 0","200013","2","2","6","05","11","2","0","0","0","1","1","0"
"POINT (13.421392141000069 52.487152437000077)","Unfall 200014 (2018) Kat:3, Licht: 0","200014","3","5","1","05","13","5","0","0","1","1","0","0"
"POINT (13.569234597000047 52.444701607000070)","Unfall 200015 (2018) Kat:3, Licht: 0","200015","3","2","0","05","17","4","0","0","1","1","0","0"
"POINT (13.264771391000068 52.536871728000051)","Unfall 200016 (2018) Kat:3, Licht: 0","200016","3","2","0","05","12","2","0","0","0","1","0","1"
"POINT (13.395792562000054 52.538664542000049)","Unfall 200017 (2018) Kat:3, Licht: 0","200017","3","6","3","05","17","4","0","0","1","1","0","0"
"POINT (13.394670291000068 52.528743010000028)","Unfall 200018 (2018) Kat:3, Licht: 0","200018","3","7","5","05","12","2","0","0","0","1","0","0"
"POINT (13.359914812000056 52.554365757000028)","Unfall 200019 (2018) Kat:3, Licht: 0","200019","3","2","5","05","21","4","0","0","1","1","0","0"
"POINT (13.430727241000056 52.485855078000043)","Unfall 200020 (2018) Kat:3, Licht: 2","200020","3","5","1","05","22","4","0","2","1","1","0","0"
"POINT (13.240316381000071 52.511839783000028)","Unfall 200021 (2018) Kat:3, Licht: 0","200021","3","2","5","05","11","4","0","0","0","1","0","0"
"POINT (13.359406585000045 52.456836153000040)","Unfall 200022 (2018) Kat:2, Licht: 0","200022","2","2","5","05","12","2","0","0","1","1","0","0"
"POINT (13.549879082000075 52.438569290000032)","Unfall 200023 (2018) Kat:3, Licht: 0","200023","3","6","3","05","13","4","0","0","1","0","0","0"
"POINT (13.313332828000057 52.435511565000070)","Unfall 200024 (2018) Kat:2, Licht: 0","200024","2","3","5","05","07","4","0","0","1","1","0","0"
"POINT (13.352201469000022 52.505269262000070)","Unfall 200025 (2018) Kat:3, Licht: 0","200025","3","1","0","05","12","2","0","0","1","0","0","0"
"POINT (13.315305545000058 52.449544794000076)","Unfall 200026 (2018) Kat:2, Licht: 0","200026","2","1","0","05","12","2","0","0","0","0","0","1"
"POINT (13.368707559000029 52.493120047000048)","Unfall 200027 (2018) Kat:3, Licht: 1","200027","3","6","0","05","20","1","0","1","0","1","0","0"
"POINT (13.344498212000076 52.589270649000071)","Unfall 200028 (2018) Kat:3, Licht: 0","200028","3","6","2","05","08","4","0","0","0","1","0","0"
"POINT (13.482916920000036 52.526734424000040)","Unfall 200029 (2018) Kat:3, Licht: 0","200029","3","1","0","05","13","4","0","0","1","0","0","0"
"POINT (13.390693300000066 52.496030308000059)","Unfall 200030 (2018) Kat:3, Licht: 0","200030","3","3","5","05","11","4","0","0","0","1","0","1"
"POINT (13.475529160000065 52.475903422000044)","Unfall 200031 (2018) Kat:2, Licht: 0","200031","2","4","6","05","13","4","0","0","0","1","1","0"
"POINT (13.429800270000044 52.509830138000041)","Unfall 200032 (2018) Kat:3, Licht: 0","200032","3","5","1","05","16","1","0","0","1","1","0","0"
"POINT (13.432470444000046 52.516593233000037)","Unfall 200033 (2018) Kat:2, Licht: 0","200033","2","5","1","05","12","4","0","0","1","1","0","0"
"POINT (13.528924638000035 52.433094425000036)","Unfall 200034 (2018) Kat:3, Licht: 0","200034","3","3","5","05","17","1","0","0","0","1","0","0"
"POINT (13.309096419000070 52.420502771000031)","Unfall 200035 (2018) Kat:3, Licht: 0","200035","3","3","5","05","11","4","0","0","0","1","0","0"
"POINT (13.394485907000046 52.562578668000072)","Unfall 200036 (2018) Kat:3, Licht: 0","200036","3","3","5","05","12","4","0","0","0","1","0","0"
"POINT (13.294380916000023 52.576272010000082)","Unfall 200037 (2018) Kat:2, Licht: 0","200037","2","1","9","05","18","1","0","0","0","1","1","0"
"POINT (13.413708782000072 52.547635125000056)","Unfall 200038 (2018) Kat:3, Licht: 0","200038","3","4","6","05","13","4","0","0","1","0","1","0"
"POINT (13.458161822000022 52.499533049000036)","Unfall 200039 (2018) Kat:2, Licht: 0","200039","2","2","5","05","09","4","0","0","1","0","0","0"
"POINT (13.299864653000043 52.498575691000042)","Unfall 200040 (2018) Kat:3, Licht: 0","200040","3","6","2","05","14","1","0","0","0","1","0","0"
"POINT (13.329846326000052 52.522933897000030)","Unfall 200041 (2018) Kat:3, Licht: 0","200041","3","2","5","05","13","4","0","0","1","1","0","0"
"POINT (13.380970131000026 52.566308937000031)","Unfall 200042 (2018) Kat:3, Licht: 0","200042","3","6","2","05","12","4","0","0","0","1","0","0"
"POINT (13.390281724000033 52.512144562000060)","Unfall 200043 (2018) Kat:2, Licht: 0","200043","2","7","5","05","10","4","0","0","0","1","0","1"
"POINT (13.361776936000069 52.497748926000043)","Unfall 200044 (2018) Kat:3, Licht: 0","200044","3","3","5","05","13","1","0","0","1","1","0","0"
"POINT (13.320417620000057 52.483651882000061)","Unfall 200045 (2018) Kat:3, Licht: 0","200045","3","2","2","05","13","4","0","0","0","1","0","0"
"POINT (13.328269196000065 52.464831384000036)","Unfall 200046 (2018) Kat:2, Licht: 0","200046","2","2","6","05","10","4","0","0","0","1","1","0"
"POINT (13.424836255000059 52.499744164000049)","Unfall 200047 (2018) Kat:3, Licht: 0","200047","3","5","1","05","17","4","0","0","1","1","0","0"
"POINT (13.410396902000059 52.510312021000061)","Unfall 200048 (2018) Kat:3, Licht: 0","200048","3","6","3","05","13","1","0","0","0","1","0","1"
"POINT (13.490965949000042 52.423923884000033)","Unfall 200049 (2018) Kat:2, Licht: 0","200049","2","3","5","05","12","1","0","0","1","1","0","0"
"POINT (13.314607434000038 52.510872794000079)","Unfall 200050 (2018) Kat:3, Licht: 0","200050","3","6","2","05","16","4","0","0","0","1","0","0"
"POINT (13.191716829000029 52.567716249000057)","Unfall 200051 (2018) Kat:3, Licht: 0","200051","3","7","2","05","11","1","0","0","0","1","0","0"
"POINT (13.416379241000072 52.509166755000081)","Unfall 200052 (2018) Kat:3, Licht: 0","200052","3","3","5","05","09","4","0","0","1","1","0","0"
"POINT (13.555355156000076 52.570137253000041)","Unfall 200053 (2018) Kat:2, Licht: 0","200053","2","4","6","05","16","4","0","0","0","0","1","1"
"POINT (13.562893827000039 52.456654675000038)","Unfall 200054 (2018) Kat:3, Licht: 0","200054","3","6","2","05","18","1","0","0","0","1","0","1"
"POINT (13.446779137000021 52.554737452000040)","Unfall 200055 (2018) Kat:3, Licht: 0","200055","3","6","0","05","09","4","0","0","1","1","0","0"
"POINT (13.413533687000040 52.547650375000046)","Unfall 200056 (2018) Kat:2, Licht: 0","200056","2","2","5","05","09","4","0","0","0","1","0","1"
"POINT (13.572537776000047 52.546267810000074)","Unfall 200057 (2018) Kat:2, Licht: 0","200057","2","4","6","05","16","4","0","0","0","1","1","0"
"POINT (13.411167373000069 52.503507442000057)","Unfall 200058 (2018) Kat:2, Licht: 0","200058","2","3","5","05","18","1","0","0","1","1","0","0"
"POINT (13.367071745000032 52.493179471000076)","Unfall 200059 (2018) Kat:3, Licht: 2","200059","3","7","5","05","22","4","0","2","1","1","0","0"
"POINT (13.325911371000075 52.538856745000032)","Unfall 200060 (2018) Kat:3, Licht: 0","200060","3","3","0","05","16","4","0","0","0","0","0","1"
"POINT (13.299603700000034 52.513472542000045)","Unfall 200061 (2018) Kat:3, Licht: 0","200061","3","1","0","05","19","1","0","0","1","1","0","0"
"POINT (13.451205976000040 52.472045798000067)","Unfall 200062 (2018) Kat:3, Licht: 1","200062","3","3","5","05","21","4","0","1","0","1","0","0"
"POINT (13.403954405000036 52.512423698000077)","Unfall 200063 (2018) Kat:3, Licht: 0","200063","3","3","5","05","08","4","0","0","1","1","0","0"
"POINT (13.363799417000052 52.497284542000045)","Unfall 200064 (2018) Kat:3, Licht: 0","200064","3","7","6","05","16","4","0","0","0","0","1","1"
"POINT (13.380095349000044 52.441470922000065)","Unfall 200065 (2018) Kat:3, Licht: 0","200065","3","7","5","05","10","1","0","0","0","1","0","0"
"POINT (13.422525082000050 52.505440776000057)","Unfall 200066 (2018) Kat:3, Licht: 0","200066","3","7","0","05","07","4","0","0","1","1","0","0"
"POINT (13.275957282000036 52.433425476000082)","Unfall 200067 (2018) Kat:3, Licht: 0","200067","3","3","5","05","05","4","0","0","0","1","0","0"
"POINT (13.518250721000072 52.494329882000045)","Unfall 200068 (2018) Kat:2, Licht: 0","200068","2","3","5","05","16","4","0","0","0","1","0","1"
"POINT (13.429861007000056 52.523111540000059)","Unfall 200069 (2018) Kat:3, Licht: 0","200069","3","2","0","05","10","1","0","0","0","1","0","1"
"POINT (13.305104360000030 52.417899023000075)","Unfall 200070 (2018) Kat:3, Licht: 0","200070","3","3","5","05","09","1","0","0","0","1","0","0"
"POINT (13.390426193000053 52.506709247000060)","Unfall 200071 (2018) Kat:3, Licht: 0","200071","3","2","5","05","16","4","0","0","1","0","0","0"
"POINT (13.603666643000054 52.478841058000057)","Unfall 200072 (2018) Kat:3, Licht: 0","200072","3","3","5","05","17","1","0","0","0","1","0","0"
"POINT (13.373892913000077 52.468777470000077)","Unfall 200073 (2018) Kat:3, Licht: 2","200073","3","6","2","05","20","4","0","2","0","1","0","0"
"POINT (13.423885705000032 52.502293407000082)","Unfall 200074 (2018) Kat:3, Licht: 0","200074","3","3","0","05","16","4","0","0","0","1","0","0"
"POINT (13.198615344000075 52.534931718000053)","Unfall 200075 (2018) Kat:3, Licht: 0","200075","3","1","0","05","07","1","0","0","0","0","0","1"
"POINT (13.365210413000057 52.488272558000062)","Unfall 200076 (2018) Kat:3, Licht: 0","200076","3","5","1","05","15","4","0","0","1","1","0","0"
"POINT (13.445992531000059 52.476388845000031)","Unfall 200077 (2018) Kat:3, Licht: 0","200077","3","3","0","05","19","4","0","0","0","1","0","0"
"POINT (13.429453829000067 52.502831994000076)","Unfall 200078 (2018) Kat:3, Licht: 0","200078","3","4","6","05","15","4","0","0","0","1","1","0"
"POINT (13.269453731000056 52.511273830000050)","Unfall 200079 (2018) Kat:2, Licht: 0","200079","2","6","3","05","15","4","0","0","1","1","0","0"
"POINT (13.433511549000059 52.612443360000043)","Unfall 200080 (2018) Kat:3, Licht: 0","200080","3","2","0","05","16","1","0","0","1","1","0","0"
"POINT (13.330364382000027 52.505309347000036)","Unfall 200081 (2018) Kat:2, Licht: 0","200081","2","7","6","05","17","4","0","0","0","1","1","0"
"POINT (13.384350506000033 52.555897913000081)","Unfall 200082 (2018) Kat:3, Licht: 0","200082","3","2","5","05","15","4","0","0","1","1","0","0"
"POINT (13.592182632000060 52.546441814000048)","Unfall 200083 (2018) Kat:2, Licht: 0","200083","2","4","6","05","15","4","0","0","0","1","1","0"
"POINT (13.320269481000025 52.476807297000050)","Unfall 200084 (2018) Kat:3, Licht: 0","200084","3","2","5","05","17","4","0","0","1","1","0","0"
"POINT (13.458902916000056 52.440325824000070)","Unfall 200085 (2018) Kat:3, Licht: 0","200085","3","2","5","05","15","4","0","0","0","1","0","0"
"POINT (13.339990860000057 52.518736358000069)","Unfall 200086 (2018) Kat:3, Licht: 0","200086","3","3","5","05","06","1","0","0","1","1","0","0"
"POINT (13.426284322000072 52.543029751000063)","Unfall 200087 (2018) Kat:3, Licht: 0","200087","3","2","5","05","08","4","0","0","1","1","0","0"
"POINT (13.359315363000064 52.574468988000035)","Unfall 200088 (2018) Kat:3, Licht: 0","200088","3","6","3","05","07","3","0","0","0","1","0","1"
"POINT (13.263372708000077 52.482596363000027)","Unfall 200089 (2018) Kat:3, Licht: 0","200089","3","2","5","05","15","1","0","0","1","1","0","0"
"POINT (13.255997493000052 52.519992116000026)","Unfall 200090 (2018) Kat:3, Licht: 2","200090","3","5","1","05","02","1","0","2","0","1","0","0"
"POINT (13.351305180000054 52.508391524000047)","Unfall 200091 (2018) Kat:3, Licht: 0","200091","3","3","5","05","17","3","0","0","1","0","0","0"
"POINT (13.441720402000044 52.532149399000048)","Unfall 200092 (2018) Kat:3, Licht: 0","200092","3","2","5","05","15","1","0","0","1","1","0","0"
"POINT (13.519180628000072 52.518771533000063)","Unfall 200093 (2018) Kat:2, Licht: 0","200093","2","6","2","05","16","4","0","0","0","0","0","1"
"POINT (13.580837742000028 52.552732268000057)","Unfall 200094 (2018) Kat:3, Licht: 0","200094","3","7","6","05","12","3","0","0","1","0","1","0"
"POINT (13.285818240000026 52.595139064000080)","Unfall 200095 (2018) Kat:2, Licht: 0","200095","2","2","5","05","14","1","0","0","1","1","0","0"
"POINT (13.378196160000073 52.507816774000048)","Unfall 200096 (2018) Kat:3, Licht: 0","200096","3","6","0","05","08","4","0","0","0","1","0","0"
"POINT (13.533557138000049 52.416926621000073)","Unfall 200097 (2018) Kat:3, Licht: 0","200097","3","6","3","05","17","3","0","0","1","1","0","0"
"POINT (13.433092238000029 52.452340389000028)","Unfall 200098 (2018) Kat:3, Licht: 0","200098","3","2","5","05","16","4","0","0","1","1","0","0"
"POINT (13.330244627000070 52.466812009000080)","Unfall 200099 (2018) Kat:3, Licht: 0","200099","3","7","6","05","15","3","0","0","0","1","1","0"
"POINT (13.344916947000058 52.546539362000033)","Unfall 200100 (2018) Kat:3, Licht: 2","200100","3","2","5","05","23","7","0","2","1","1","0","0"
"POINT (13.339944535000029 52.450810478000051)","Unfall 200101 (2018) Kat:3, Licht: 0","200101","3","4","6","05","19","3","0","0","1","0","1","0"
"POINT (13.280069047000040 52.422378764000030)","Unfall 200102 (2018) Kat:3, Licht: 0","200102","3","2","0","05","12","7","0","0","1","1","0","0"
"POINT (13.466379946000075 52.508685360000072)","Unfall 200103 (2018) Kat:3, Licht: 0","200103","3","1","0","05","15","4","0","0","1","0","0","0"
"POINT (13.396573691000071 52.491292941000040)","Unfall 200104 (2018) Kat:3, Licht: 2","200104","3","3","5","05","22","3","0","2","1","1","0","0"
"POINT (13.378359258000046 52.522377436000056)","Unfall 200105 (2018) Kat:3, Licht: 0","200105","3","6","3","05","18","7","0","0","1","1","0","0"
"POINT (13.416302557000051 52.510788983000054)","Unfall 200106 (2018) Kat:3, Licht: 2","200106","3","1","0","05","01","4","1","2","0","0","0","1"
"POINT (13.425085551000052 52.527994262000050)","Unfall 200107 (2018) Kat:3, Licht: 0","200107","3","5","1","05","20","3","0","0","0","1","0","1"
"POINT (13.247285988000044 52.538077907000059)","Unfall 200108 (2018) Kat:3, Licht: 0","200108","3","6","2","05","18","7","0","0","0","1","0","0"
"POINT (13.481520601000057 52.617836213000032)","Unfall 200109 (2018) Kat:2, Licht: 0","200109","2","6","3","05","16","4","0","0","1","0","0","0"
"POINT (13.376741689000028 52.491463675000034)","Unfall 200110 (2018) Kat:3, Licht: 0","200110","3","2","5","05","17","7","0","0","1","1","0","0"
"POINT (13.383414915000060 52.471726021000052)","Unfall 200111 (2018) Kat:3, Licht: 0","200111","3","2","5","05","19","3","0","0","1","1","0","0"
"POINT (13.488193575000025 52.413337692000027)","Unfall 200112 (2018) Kat:3, Licht: 0","200112","3","3","5","05","16","7","0","0","1","1","0","0"
"POINT (13.583625766000068 52.455374596000070)","Unfall 200113 (2018) Kat:3, Licht: 0","200113","3","3","5","05","16","4","0","0","1","0","0","0"
"POINT (13.414922157000035 52.527504373000056)","Unfall 200114 (2018) Kat:3, Licht: 0","200114","3","6","2","05","16","4","0","0","0","1","0","0"
"POINT (13.178187751000053 52.548701506000043)","Unfall 200115 (2018) Kat:3, Licht: 0","200115","3","2","5","05","18","3","0","0","1","0","0","0"
"POINT (13.686254539000061 52.442361835000042)","Unfall 200116 (2018) Kat:3, Licht: 0","200116","3","2","5","05","15","7","0","0","1","1","0","0"
"POINT (13.300411144000066 52.567117865000057)","Unfall 200117 (2018) Kat:3, Licht: 0","200117","3","7","2","05","16","4","0","0","0","1","0","0"
"POINT (13.360344647000034 52.537244324000028)","Unfall 200118 (2018) Kat:3, Licht: 0","200118","3","2","5","05","14","4","0","0","1","1","0","0"
"POINT (13.320200873000033 52.478806789000032)","Unfall 200119 (2018) Kat:3, Licht: 0","200119","3","2","5","05","18","3","0","0","1","1","0","0"
"POINT (13.442662322000047 52.551111018000029)","Unfall 200120 (2018) Kat:3, Licht: 0","200120","3","2","5","05","14","7","0","0","1","1","0","0"
"POINT (13.389656986000034 52.586166678000041)","Unfall 200121 (2018) Kat:3, Licht: 0","200121","3","2","5","05","18","3","0","0","1","0","0","0"
"POINT (13.363107514000035 52.494127296000045)","Unfall 200122 (2018) Kat:3, Licht: 0","200122","3","2","5","05","12","7","0","0","1","1","0","0"
"POINT (13.383519936000027 52.554694750000067)","Unfall 200123 (2018) Kat:3, Licht: 0","200123","3","6","3","05","14","4","0","0","1","0","0","0"
"POINT (13.452420405000055 52.512478408000050)","Unfall 200124 (2018) Kat:3, Licht: 0","200124","3","3","5","05","18","3","0","0","1","1","0","0"
"POINT (13.345808108000028 52.530092577000062)","Unfall 200125 (2018) Kat:3, Licht: 0","200125","3","7","2","05","13","7","0","0","0","1","0","0"
"POINT (13.384420020000050 52.555996325000081)","Unfall 200126 (2018) Kat:3, Licht: 0","200126","3","3","5","05","14","4","0","0","0","1","0","0"
"POINT (13.291554397000027 52.633882310000047)","Unfall 200127 (2018) Kat:3, Licht: 0","200127","3","5","1","05","17","3","0","0","0","1","0","1"
"POINT (13.305230398000049 52.547837953000055)","Unfall 200128 (2018) Kat:3, Licht: 0","200128","3","6","3","05","18","7","0","0","0","1","0","0"
"POINT (13.364342117000035 52.497522336000031)","Unfall 200129 (2018) Kat:3, Licht: 0","200129","3","3","5","05","14","4","0","0","0","1","0","1"
"POINT (13.430560076000063 52.499414849000061)","Unfall 200130 (2018) Kat:1, Licht: 2","200130","1","7","0","05","02","4","0","2","0","0","1","0"
"POINT (13.380318280000040 52.518759253000042)","Unfall 200131 (2018) Kat:3, Licht: 0","200131","3","3","5","05","17","3","0","0","1","1","0","0"
"POINT (13.449994631000038 52.507514987000036)","Unfall 200132 (2018) Kat:3, Licht: 0","200132","3","4","6","05","16","7","0","0","0","1","1","0"
"POINT (13.546520240000063 52.437335189000066)","Unfall 200133 (2018) Kat:3, Licht: 0","200133","3","7","6","05","10","3","0","0","0","1","1","0"
"POINT (13.434456371000067 52.491430023000078)","Unfall 200134 (2018) Kat:3, Licht: 2","200134","3","1","4","05","23","3","0","2","1","0","0","0"
"POINT (13.197269604000041 52.480979739000077)","Unfall 200135 (2018) Kat:2, Licht: 1","200135","2","1","0","05","20","3","0","1","1","0","0","0"
"POINT (13.472873027000048 52.617005072000040)","Unfall 200136 (2018) Kat:3, Licht: 0","200136","3","3","5","05","15","7","0","0","0","1","0","0"
"POINT (13.397897668000041 52.527613682000037)","Unfall 200137 (2018) Kat:3, Licht: 2","200137","3","6","2","05","20","3","0","2","1","1","0","0"
"POINT (13.481971908000048 52.610273704000065)","Unfall 200138 (2018) Kat:3, Licht: 0","200138","3","2","5","05","12","3","0","0","0","0","0","1"
"POINT (13.399866015000043 52.542056495000054)","Unfall 200139 (2018) Kat:2, Licht: 0","200139","2","5","3","05","18","7","0","0","0","1","0","0"
"POINT (13.329439091000040 52.481520266000075)","Unfall 200140 (2018) Kat:3, Licht: 0","200140","3","2","5","05","18","3","0","0","1","1","0","0"
"POINT (13.409609094000075 52.523965751000048)","Unfall 200141 (2018) Kat:3, Licht: 0","200141","3","2","5","05","10","3","0","0","1","1","0","0"
"POINT (13.447536678000063 52.437012183000036)","Unfall 200142 (2018) Kat:3, Licht: 0","200142","3","2","0","05","16","7","0","0","0","1","0","0"
"POINT (13.568943151000042 52.453432744000054)","Unfall 200143 (2018) Kat:2, Licht: 1","200143","2","1","0","05","20","7","0","1","1","0","0","0"
"POINT (13.403434226000059 52.523180778000039)","Unfall 200144 (2018) Kat:3, Licht: 0","200144","3","4","6","05","17","3","0","0","0","1","1","0"
"POINT (13.231556142000045 52.509986468000079)","Unfall 200145 (2018) Kat:3, Licht: 0","200145","3","2","2","05","10","3","0","0","0","1","0","0"
"POINT (13.401209425000047 52.511188864000076)","Unfall 200146 (2018) Kat:2, Licht: 0","200146","2","1","3","05","14","7","0","0","0","1","0","1"
"POINT (13.370810895000034 52.433188278000046)","Unfall 200147 (2018) Kat:3, Licht: 0","200147","3","5","1","05","17","3","0","0","0","0","0","1"
"POINT (13.199385425000060 52.566682135000065)","Unfall 200148 (2018) Kat:3, Licht: 0","200148","3","5","1","05","10","3","0","0","1","1","0","0"
"POINT (13.253817048000030 52.535024580000027)","Unfall 200149 (2018) Kat:3, Licht: 0","200149","3","1","9","05","14","7","0","0","0","1","0","0"
"POINT (13.446124863000023 52.558599434000030)","Unfall 200150 (2018) Kat:3, Licht: 0","200150","3","4","6","05","16","3","0","0","0","0","1","1"
"POINT (13.182976032000056 52.547985337000057)","Unfall 200151 (2018) Kat:3, Licht: 0","200151","3","2","5","05","16","3","0","0","1","0","0","0"
"POINT (13.200436043000025 52.545593495000048)","Unfall 200152 (2018) Kat:3, Licht: 0","200152","3","5","1","05","10","3","0","0","1","1","0","0"
"POINT (13.409873612000069 52.529025035000075)","Unfall 200153 (2018) Kat:2, Licht: 0","200153","2","3","5","05","15","7","0","0","1","1","0","0"
"POINT (13.378755062000039 52.561328696000032)","Unfall 200154 (2018) Kat:2, Licht: 0","200154","2","4","6","05","16","3","0","0","0","1","1","0"
"POINT (13.372504735000064 52.561594964000051)","Unfall 200155 (2018) Kat:3, Licht: 0","200155","3","3","5","05","15","3","0","0","1","1","0","0"
"POINT (13.369780036000066 52.542872955000064)","Unfall 200156 (2018) Kat:3, Licht: 0","200156","3","2","2","05","07","3","0","0","0","0","0","1"
"POINT (13.424095576000070 52.552849716000026)","Unfall 200157 (2018) Kat:3, Licht: 0","200157","3","3","5","05","17","7","0","0","0","1","0","0"
"POINT (13.421335648000024 52.411281635000080)","Unfall 200158 (2018) Kat:3, Licht: 0","200158","3","7","7","05","11","7","0","0","1","0","0","0"
"POINT (13.562462279000044 52.437278082000034)","Unfall 200159 (2018) Kat:3, Licht: 0","200159","3","2","5","05","07","3","0","0","1","1","0","0"
"POINT (13.290290360000029 52.519033010000044)","Unfall 200160 (2018) Kat:3, Licht: 2","200160","3","4","6","05","23","7","0","2","0","1","1","0"
"POINT (13.452230861000032 52.512509571000066)","Unfall 200161 (2018) Kat:2, Licht: 0","200161","2","4","6","05","15","3","0","0","1","0","1","0"
"POINT (13.416097095000055 52.480535493000048)","Unfall 200162 (2018) Kat:2, Licht: 2","200162","2","6","3","05","21","7","0","2","1","0","0","0"
"POINT (13.455071657000076 52.513707628000077)","Unfall 200163 (2018) Kat:3, Licht: 0","200163","3","2","5","05","07","3","0","0","1","1","0","0"
"POINT (13.328204941000024 52.564290892000031)","Unfall 200164 (2018) Kat:3, Licht: 0","200164","3","7","5","05","12","7","0","0","0","1","0","1"
"POINT (13.507188149000058 52.465282522000052)","Unfall 200165 (2018) Kat:3, Licht: 0","200165","3","4","6","05","14","3","0","0","0","1","1","0"
"POINT (13.524743831000023 52.423186533000035)","Unfall 200166 (2018) Kat:3, Licht: 0","200166","3","2","5","05","07","3","0","0","0","1","0","1"
"POINT (13.416861750000066 52.418258783000056)","Unfall 200167 (2018) Kat:2, Licht: 0","200167","2","3","5","05","08","7","0","0","0","1","0","0"
"POINT (13.358690402000036 52.553728937000074)","Unfall 200168 (2018) Kat:3, Licht: 0","200168","3","6","2","05","13","3","0","0","0","1","0","0"
"POINT (13.316129603000036 52.529112419000057)","Unfall 200169 (2018) Kat:3, Licht: 0","200169","3","4","6","05","07","3","0","0","0","1","1","0"
"POINT (13.387985164000042 52.548687292000068)","Unfall 200170 (2018) Kat:2, Licht: 0","200170","2","6","3","05","13","3","0","0","0","1","0","0"
"POINT (13.378556363000030 52.528248649000034)","Unfall 200171 (2018) Kat:3, Licht: 0","200171","3","3","5","05","06","3","0","0","1","1","0","0"
"POINT (13.427845372000036 52.518163960000038)","Unfall 200172 (2018) Kat:3, Licht: 0","200172","3","2","5","05","10","3","0","0","1","1","0","0"
"POINT (13.459058428000048 52.440342963000035)","Unfall 200173 (2018) Kat:3, Licht: 0","200173","3","3","5","05","09","7","0","0","1","1","0","0"
"POINT (13.376088451000044 52.454878997000037)","Unfall 200174 (2018) Kat:2, Licht: 0","200174","2","6","2","05","11","3","0","0","0","1","0","0"
"POINT (13.406643717000065 52.398501304000035)","Unfall 200175 (2018) Kat:2, Licht: 1","200175","2","2","5","05","04","3","0","1","1","0","0","0"
"POINT (13.421240438000041 52.509750289000067)","Unfall 200176 (2018) Kat:3, Licht: 0","200176","3","2","2","05","10","7","0","0","0","0","0","1"
"POINT (13.405656888000067 52.489102002000038)","Unfall 200177 (2018) Kat:3, Licht: 0","200177","3","2","0","05","09","3","0","0","1","0","0","0"
"POINT (13.569669772000054 52.441902763000030)","Unfall 200178 (2018) Kat:3, Licht: 0","200178","3","6","2","05","10","7","0","0","0","1","0","1"
"POINT (13.348377905000063 52.506903572000056)","Unfall 200179 (2018) Kat:3, Licht: 2","200179","3","1","8","04","23","2","0","2","0","1","0","0"