WKT,Name,OBJECTID,UKATEGORIE,UTYP1,UART,UMONAT,USTUNDE,UWOCHENTAG,STRZUSTAND,ULICHTVERH,ISTRAD,ISTPKW,ISTFUSS,ISTKRAD
"POINT (13.428996646000030 52.515519022000035)","Unfall 200180 (2018) Kat:3, Licht: 0","200180","3","3","5","05","09","3","0","0","0","1","0","0"
"POINT (13.566313982000054 52.553864140000030)","Unfall 200181 (2018) Kat:2, Licht: 0","200181","2","3","5","05","11","7","0","0","1","1","0","0"
"POINT (13.446704547000024 52.502607536000028)","Unfall 200182 (2018) Kat:2, Licht: 1","200182","2","2","5","04","20","2","0","1","1","1","0","0"
"POINT (13.350331757000049 52.524476300000060)","Unfall 200183 (2018) Kat:3, Licht: 0","200183","3","3","5","05","09","3","0","0","1","1","0","0"
"POINT (13.317434591000051 52.493451550000032)","Unfall 200184 (2018) Kat:3, Licht: 0","200184","3","5","1","04","10","2","0","0","1","1","0","0"
"POINT (13.391853985000068 52.509568409000053)","Unfall 200185 (2018) Kat:3, Licht: 0","200185","3","3","5","05","09","3","0","0","0","1","0","0"
"POINT (13.348099810000065 52.502332343000035)","Unfall 200186 (2018) Kat:3, Licht: 0","200186","3","6","2","05","11","7","0","0","0","1","0","0"
"POINT (13.366523595000046 52.417573569000069)","Unfall 200187 (2018) Kat:3, Licht: 0","200187","3","2","6","05","08","3","0","0","0","1","1","0"
"POINT (13.499794667000060 52.545680045000040)","Unfall 200188 (2018) Kat:3, Licht: 0","200188","3","5","1","05","08","3","0","0","0","1","0","0"
"POINT (13.163032401000066 52.549000845000080)","Unfall 200189 (2018) Kat:3, Licht: 0","200189","3","5","1","05","12","7","0","0","1","1","0","0"
"POINT (13.496503036000036 52.533995983000068)","Unfall 200190 (2018) Kat:3, Licht: 0","200190","3","3","5","04","10","2","0","0","1","1","0","0"
"POINT (13.427847989000043 52.550340780000056)","Unfall 200191 (2018) Kat:3, Licht: 0","200191","3","3","5","05","08","3","0","0","1","0","0","0"
"POINT (13.346433227000034 52.497219071000075)","Unfall 200192 (2018) Kat:3, Licht: 0","200192","3","5","1","04","10","2","0","0","1","1","0","0"
"POINT (13.439628581000022 52.500598373000059)","Unfall 200193 (2018) Kat:3, Licht: 0","200193","3","6","2","05","08","3","0","0","1","0","0","0"
"POINT (13.337998438000056 52.451121763000060)","Unfall 200194 (2018) Kat:3, Licht: 0","200194","3","6","3","05","12","7","0","0","0","1","0","1"
"POINT (13.579422065000074 52.443573324000056)","Unfall 200195 (2018) Kat:2, Licht: 0","200195","2","4","6","05","08","3","0","0","0","0","1","0"
"POINT (13.242677042000025 52.433671044000050)","Unfall 200196 (2018) Kat:3, Licht: 0","200196","3","3","5","05","12","7","0","0","0","1","0","0"
"POINT (13.619893075000050 52.539155309000080)","Unfall 200197 (2018) Kat:3, Licht: 0","200197","3","4","6","04","08","2","0","0","0","1","1","0"
"POINT (13.207700614000032 52.528615252000066)","Unfall 200198 (2018) Kat:3, Licht: 0","200198","3","6","2","05","08","3","0","0","0","1","0","0"
"POINT (13.405426099000067 52.534331940000072)","Unfall 200199 (2018) Kat:2, Licht: 2","200199","2","1","0","05","04","7","0","2","1","0","0","0"
"POINT (13.516949869000030 52.461785983000027)","Unfall 200200 (2018) Kat:3, Licht: 0","200200","3","4","6","05","11","3","0","0","0","1","1","0"
"POINT (13.291681889000074 52.633293086000037)","Unfall 200201 (2018) Kat:3, Licht: 0","200201","3","2","6","05","16","6","0","0","0","1","1","0"
"POINT (13.398118660000023 52.498256596000033)","Unfall 200202 (2018) Kat:3, Licht: 2","200202","3","6","3","04","22","2","0","2","0","1","0","1"
"POINT (13.198203680000063 52.533032585000058)","Unfall 200203 (2018) Kat:3, Licht: 2","200203","3","2","6","04","00","2","0","2","0","1","1","0"
"POINT (13.278045476000045 52.518382829000075)","Unfall 200204 (2018) Kat:3, Licht: 0","200204","3","7","5","05","09","3","0","0","0","1","0","0"
"POINT (13.146638504000066 52.413997706000032)","Unfall 200205 (2018) Kat:3, Licht: 0","200205","3","5","1","05","20","6","0","0","1","1","0","0"
"POINT (13.442386053000064 52.465776819000041)","Unfall 200206 (2018) Kat:3, Licht: 0","200206","3","2","5","04","14","2","0","0","0","1","0","0"
"POINT (13.441928986000050 52.473776300000054)","Unfall 200207 (2018) Kat:3, Licht: 0","200207","3","7","1","05","11","3","0","0","0","1","0","0"
"POINT (13.476769105000074 52.536960764000071)","Unfall 200208 (2018) Kat:3, Licht: 1","200208","3","3","0","05","21","6","0","1","1","0","0","0"
"POINT (13.196575479000046 52.562912946000040)","Unfall 200209 (2018) Kat:3, Licht: 1","200209","3","3","5","05","19","6","0","1","1","0","0","0"
"POINT (13.297962008000070 52.578198920000034)","Unfall 200210 (2018) Kat:2, Licht: 0","200210","2","2","5","04","19","2","0","0","1","0","0","0"
"POINT (13.391572776000032 52.422753075000060)","Unfall 200211 (2018) Kat:3, Licht: 0","200211","3","5","1","05","12","3","0","0","1","1","0","0"
"POINT (13.411086575000070 52.394168053000044)","Unfall 200212 (2018) Kat:3, Licht: 0","200212","3","2","5","05","07","6","0","0","1","1","0","0"
"POINT (13.271683574000065 52.541241005000074)","Unfall 200213 (2018) Kat:3, Licht: 0","200213","3","5","1","04","19","2","0","0","0","0","0","1"
"POINT (13.368346306000035 52.525812024000061)","Unfall 200214 (2018) Kat:3, Licht: 0","200214","3","7","5","05","15","6","0","0","1","1","0","0"
"POINT (13.298061481000047 52.473488327000041)","Unfall 200215 (2018) Kat:2, Licht: 0","200215","2","4","6","04","20","2","0","0","0","1","1","0"
"POINT (13.304441527000051 52.488259483000036)","Unfall 200216 (2018) Kat:3, Licht: 0","200216","3","2","5","05","12","3","0","0","0","1","0","1"
"POINT (13.527297120000071 52.568387230000042)","Unfall 200217 (2018) Kat:3, Licht: 0","200217","3","3","5","05","17","6","0","0","1","1","0","0"
"POINT (13.272050560000025 52.453562801000032)","Unfall 200218 (2018) Kat:3, Licht: 0","200218","3","2","5","04","18","2","0","0","1","1","0","0"
"POINT (13.282076554000071 52.583301506000055)","Unfall 200219 (2018) Kat:3, Licht: 0","200219","3","3","5","05","12","3","0","0","0","1","0","0"
"POINT (13.563950973000033 52.556470518000026)","Unfall 200220 (2018) Kat:3, Licht: 0","200220","3","3","5","05","17","6","0","0","0","1","0","0"
"POINT (13.660045945000036 52.413254107000057)","Unfall 200221 (2018) Kat:2, Licht: 0","200221","2","2","5","04","17","2","0","0","1","1","0","0"
"POINT (13.356415385000048 52.568958060000057)","Unfall 200222 (2018) Kat:2, Licht: 0","200222","2","2","5","04","17","2","0","0","1","1","0","0"
"POINT (13.418274814000029 52.554227843000035)","Unfall 200223 (2018) Kat:3, Licht: 0","200223","3","3","5","05","12","3","0","0","1","1","0","0"
"POINT (13.182948974000055 52.512695663000045)","Unfall 200224 (2018) Kat:3, Licht: 0","200224","3","2","2","05","16","6","0","0","0","1","0","0"
"POINT (13.317465095000045 52.501218926000035)","Unfall 200225 (2018) Kat:3, Licht: 0","200225","3","6","3","04","17","2","0","0","0","1","0","0"
"POINT (13.428596706000064 52.583079662000046)","Unfall 200226 (2018) Kat:2, Licht: 0","200226","2","2","0","04","17","2","0","0","1","1","0","0"
"POINT (13.522252670000057 52.402425526000059)","Unfall 200227 (2018) Kat:3, Licht: 0","200227","3","3","5","05","13","3","0","0","1","1","0","0"
"POINT (13.298824345000071 52.523836957000071)","Unfall 200228 (2018) Kat:2, Licht: 0","200228","2","4","6","05","16","6","0","0","0","1","1","0"
"POINT (13.424558733000026 52.546956403000081)","Unfall 200229 (2018) Kat:3, Licht: 0","200229","3","4","6","05","16","6","0","0","0","1","1","0"
"POINT (13.387591815000064 52.524316236000061)","Unfall 200230 (2018) Kat:3, Licht: 0","200230","3","6","3","04","17","2","0","0","1","0","0","0"
"POINT (13.596747290000053 52.536455977000060)","Unfall 200231 (2018) Kat:3, Licht: 0","200231","3","3","5","05","13","3","0","0","1","1","0","0"
"POINT (13.302342212000042 52.518845454000029)","Unfall 200232 (2018) Kat:3, Licht: 0","200232","3","2","5","05","14","6","0","0","0","1","0","1"
"POINT (13.313396618000070 52.423156050000046)","Unfall 200233 (2018) Kat:3, Licht: 0","200233","3","2","2","04","16","2","0","0","1","1","0","0"
"POINT (13.315310466000028 52.445828896000080)","Unfall 200234 (2018) Kat:3, Licht: 0","200234","3","6","2","05","14","3","0","0","0","1","0","0"
"POINT (13.415378917000055 52.522712452000064)","Unfall 200235 (2018) Kat:3, Licht: 0","200235","3","3","5","05","14","6","0","0","0","1","0","0"
"POINT (13.265155286000038 52.441977911000038)","Unfall 200236 (2018) Kat:2, Licht: 0","200236","2","7","2","04","16","2","0","0","0","1","0","0"
"POINT (13.374099558000069 52.553947473000051)","Unfall 200237 (2018) Kat:3, Licht: 0","200237","3","6","2","04","16","2","0","0","0","1","0","0"
"POINT (13.553082663000055 52.403504295000062)","Unfall 200238 (2018) Kat:2, Licht: 0","200238","2","7","2","05","14","3","0","0","0","1","0","0"
"POINT (13.591805952000072 52.447026637000079)","Unfall 200239 (2018) Kat:3, Licht: 0","200239","3","3","5","05","14","6","0","0","0","1","0","1"
"POINT (13.492236014000071 52.413794414000051)","Unfall 200240 (2018) Kat:3, Licht: 0","200240","3","7","5","05","14","3","0","0","0","1","0","0"
"POINT (13.476959878000059 52.522984160000078)","Unfall 200241 (2018) Kat:3, Licht: 0","200241","3","3","5","05","14","6","0","0","1","1","0","0"
"POINT (13.352851857000076 52.503981638000027)","Unfall 200242 (2018) Kat:3, Licht: 0","200242","3","3","5","04","16","2","0","0","1","1","0","0"
"POINT (13.559135013000059 52.448405541000056)","Unfall 200243 (2018) Kat:3, Licht: 0","200243","3","6","2","04","15","2","0","0","0","1","0","0"
"POINT (13.288575885000057 52.518921766000062)","Unfall 200244 (2018) Kat:3, Licht: 0","200244","3","3","5","05","15","3","0","0","0","1","0","0"
"POINT (13.330386036000050 52.500377658000048)","Unfall 200245 (2018) Kat:3, Licht: 0","200245","3","6","3","05","14","6","0","0","1","1","0","0"
"POINT (13.358633865000058 52.596816632000071)","Unfall 200246 (2018) Kat:3, Licht: 0","200246","3","6","2","04","15","2","0","0","0","1","0","0"
"POINT (13.528858597000067 52.556529967000074)","Unfall 200247 (2018) Kat:3, Licht: 0","200247","3","7","5","04","15","2","0","0","0","1","0","0"
"POINT (13.328024024000058 52.563916882000058)","Unfall 200248 (2018) Kat:3, Licht: 0","200248","3","4","6","05","15","3","0","0","0","1","1","0"
"POINT (13.389503230000059 52.447790053000062)","Unfall 200249 (2018) Kat:3, Licht: 0","200249","3","7","0","05","14","6","0","0","0","0","0","0"
"POINT (13.391111258000024 52.515757970000038)","Unfall 200250 (2018) Kat:3, Licht: 0","200250","3","2","5","05","11","6","0","0","1","1","0","0"
"POINT (13.418328537000036 52.499944090000042)","Unfall 200251 (2018) Kat:3, Licht: 0","200251","3","5","2","05","15","3","0","0","1","1","0","0"
"POINT (13.385949112000048 52.514549891000058)","Unfall 200252 (2018) Kat:3, Licht: 0","200252","3","6","3","05","17","6","0","0","1","1","0","0"
"POINT (13.319875418000038 52.525829375000058)","Unfall 200253 (2018) Kat:3, Licht: 0","200253","3","6","2","04","15","2","0","0","0","1","0","0"
"POINT (13.327147629000024 52.428148635000070)","Unfall 200254 (2018) Kat:2, Licht: 0","200254","2","6","0","05","16","3","0","0","0","1","0","0"
"POINT (13.496117739000056 52.526452080000070)","Unfall 200255 (2018) Kat:2, Licht: 0","200255","2","2","5","05","15","6","0","0","1","1","0","0"
"POINT (13.372851409000077 52.538331418000041)","Unfall 200256 (2018) Kat:3, Licht: 0","200256","3","7","5","04","14","2","0","0","1","1","0","0"
"POINT (13.509215764000032 52.546516900000029)","Unfall 200257 (2018) Kat:3, Licht: 0","200257","3","2","5","05","16","3","0","0","1","1","0","0"
"POINT (13.267272559000048 52.409663202000047)","Unfall 200258 (2018) Kat:3, Licht: 0","200258","3","4","6","04","14","2","0","0","0","1","1","0"
"POINT (13.370832495000059 52.517821827000034)","Unfall 200259 (2018) Kat:3, Licht: 0","200259","3","2","0","05","17","3","0","0","1","1","0","0"
"POINT (13.504952312000057 52.412328863000027)","Unfall 200260 (2018) Kat:2, Licht: 0","200260","2","3","5","05","16","3","0","0","1","1","0","0"
"POINT (13.368175981000036 52.524033823000082)","Unfall 200261 (2018) Kat:2, Licht: 0","200261","2","2","6","05","19","6","0","0","0","1","1","0"
"POINT (13.350806835000071 52.486382741000057)","Unfall 200262 (2018) Kat:3, Licht: 0","200262","3","5","1","04","14","2","0","0","1","1","0","0"
"POINT (13.370351935000031 52.516936469000029)","Unfall 200263 (2018) Kat:3, Licht: 0","200263","3","1","0","05","17","3","0","0","0","0","0","0"
"POINT (13.435441726000022 52.491116946000034)","Unfall 200264 (2018) Kat:3, Licht: 0","200264","3","6","3","05","13","6","0","0","0","1","0","1"
"POINT (13.368246101000068 52.550080813000079)","Unfall 200265 (2018) Kat:3, Licht: 2","200265","3","5","5","05","22","3","0","2","0","1","0","0"
"POINT (13.586408689000052 52.451492080000037)","Unfall 200266 (2018) Kat:2, Licht: 0","200266","2","2","5","04","14","2","0","0","0","1","0","1"
"POINT (13.552364905000047 52.566601164000076)","Unfall 200267 (2018) Kat:3, Licht: 0","200267","3","3","5","05","16","2","0","0","0","1","0","0"
"POINT (13.186747158000060 52.426204007000081)","Unfall 200268 (2018) Kat:3, Licht: 0","200268","3","2","5","05","13","6","0","0","1","1","0","0"
"POINT (13.334802107000030 52.420961179000074)","Unfall 200269 (2018) Kat:3, Licht: 0","200269","3","3","5","05","13","6","0","0","0","1","0","1"
"POINT (13.215578637000021 52.538099482000064)","Unfall 200270 (2018) Kat:3, Licht: 0","200270","3","2","5","05","07","2","0","0","1","1","0","0"
"POINT (13.310920683000063 52.613019763000068)","Unfall 200271 (2018) Kat:3, Licht: 0","200271","3","3","5","05","12","6","0","0","1","1","0","0"
"POINT (13.513032038000063 52.447737613000072)","Unfall 200272 (2018) Kat:2, Licht: 0","200272","2","3","5","04","13","2","0","0","0","1","0","0"
"POINT (13.624819355000056 52.451725525000029)","Unfall 200273 (2018) Kat:3, Licht: 0","200273","3","2","0","05","10","2","0","0","1","1","0","0"
"POINT (13.436147253000058 52.497967100000039)","Unfall 200274 (2018) Kat:3, Licht: 0","200274","3","3","5","05","12","6","0","0","1","0","0","0"
"POINT (13.472115163000069 52.417971710000074)","Unfall 200275 (2018) Kat:3, Licht: 0","200275","3","1","0","04","14","2","0","0","1","0","0","0"
"POINT (13.390121088000058 52.513052701000049)","Unfall 200276 (2018) Kat:3, Licht: 1","200276","3","3","5","05","20","2","0","1","0","1","0","0"
"POINT (13.301131133000069 52.491583208000065)","Unfall 200277 (2018) Kat:3, Licht: 0","200277","3","4","0","04","13","2","0","0","0","1","1","0"
"POINT (13.416251260000024 52.499687306000055)","Unfall 200278 (2018) Kat:2, Licht: 0","200278","2","7","5","05","17","2","0","0","1","1","0","0"
"POINT (13.405817361000061 52.489514865000046)","Unfall 200279 (2018) Kat:3, Licht: 0","200279","3","2","5","05","11","6","0","0","1","1","0","0"
"POINT (13.544211803000053 52.428025184000035)","Unfall 200280 (2018) Kat:3, Licht: 0","200280","3","7","2","05","16","2","0","0","0","1","0","1"
"POINT (13.642975926000076 52.455949140000030)","Unfall 200281 (2018) Kat:3, Licht: 0","200281","3","2","5","05","11","6","0","0","0","1","0","0"
"POINT (13.476156234000030 52.532839290000027)","Unfall 200282 (2018) Kat:3, Licht: 0","200282","3","2","6","04","13","2","0","0","0","0","1","0"
"POINT (13.387454470000023 52.533500643000082)","Unfall 200283 (2018) Kat:3, Licht: 0","200283","3","2","5","05","08","2","0","0","1","1","0","0"
"POINT (13.352133535000064 52.553832656000054)","Unfall 200284 (2018) Kat:3, Licht: 0","200284","3","7","5","05","11","6","0","0","0","1","0","0"
"POINT (13.314287531000048 52.576685239000028)","Unfall 200285 (2018) Kat:3, Licht: 2","200285","3","3","5","05","00","2","0","2","0","1","0","0"
"POINT (13.467266483000060 52.596983304000048)","Unfall 200286 (2018) Kat:3, Licht: 0","200286","3","3","5","05","11","6","0","0","0","1","0","0"
"POINT (13.563673472000062 52.548586861000047)","Unfall 200287 (2018) Kat:3, Licht: 0","200287","3","4","6","04","13","2","0","0","0","1","1","0"
"POINT (13.424297705000072 52.485834256000032)","Unfall 200288 (2018) Kat:3, Licht: 0","200288","3","5","1","04","12","2","0","0","1","1","0","0"
"POINT (13.446178061000069 52.590746131000060)","Unfall 200289 (2018) Kat:3, Licht: 0","200289","3","6","4","05","17","2","0","0","1","0","0","0"
"POINT (13.373722419000046 52.550693226000078)","Unfall 200290 (2018) Kat:3, Licht: 0","200290","3","3","5","05","14","6","0","0","1","1","0","0"
"POINT (13.350007582000046 52.545101075000048)","Unfall 200291 (2018) Kat:3, Licht: 0","200291","3","3","5","04","12","2","0","0","1","1","0","0"
"POINT (13.342915741000070 52.600838104000047)","Unfall 200292 (2018) Kat:3, Licht: 0","200292","3","5","1","05","20","6","0","0","0","0","0","1"
"POINT (13.560476713000071 52.525116798000056)","Unfall 200293 (2018) Kat:3, Licht: 0","200293","3","6","3","04","12","2","0","0","1","1","0","0"
"POINT (13.400425656000039 52.510041019000028)","Unfall 200294 (2018) Kat:3, Licht: 0","200294","3","3","5","05","17","2","0","0","1","1","0","0"
"POINT (13.406046031000074 52.519164278000062)","Unfall 200295 (2018) Kat:3, Licht: 0","200295","3","7","5","05","20","6","0","0","0","1","0","1"
"POINT (13.327530841000055 52.503069333000042)","Unfall 200296 (2018) Kat:3, Licht: 0","200296","3","7","0","04","12","2","0","0","1","0","0","0"
"POINT (13.342923374000065 52.525266654000063)","Unfall 200297 (2018) Kat:3, Licht: 0","200297","3","2","0","04","12","2","0","0","1","0","0","0"
"POINT (13.290220332000047 52.497198272000048)","Unfall 200298 (2018) Kat:3, Licht: 0","200298","3","3","5","05","17","2","0","0","1","1","0","0"
"POINT (13.282109271000024 52.594008600000052)","Unfall 200299 (2018) Kat:3, Licht: 0","200299","3","2","5","05","10","6","0","0","1","1","0","0"
"POINT (13.720469432000073 52.438483863000044)","Unfall 200300 (2018) Kat:3, Licht: 0","200300","3","7","5","05","17","2","0","0","0","1","0","1"
"POINT (13.294751077000058 52.575972966000052)","Unfall 200301 (2018) Kat:2, Licht: 1","200301","2","4","6","05","20","6","0","1","0","1","1","0"
"POINT (13.411046697000074 52.554114791000075)","Unfall 200302 (2018) Kat:3, Licht: 0","200302","3","2","5","04","12","2","0","0","1","1","0","0"
"POINT (13.429335850000029 52.551681323000082)","Unfall 200303 (2018) Kat:3, Licht: 0","200303","3","6","3","05","16","2","0","0","1","0","0","0"
"POINT (13.392169283000044 52.506815658000050)","Unfall 200304 (2018) Kat:3, Licht: 0","200304","3","4","6","05","20","6","0","0","1","0","1","0"
"POINT (13.360213746000056 52.475308453000082)","Unfall 200305 (2018) Kat:3, Licht: 0","200305","3","6","2","04","10","2","0","0","0","1","0","1"
"POINT (13.390364776000069 52.507655742000054)","Unfall 200306 (2018) Kat:3, Licht: 0","200306","3","2","5","05","16","2","0","0","1","1","0","0"
"POINT (13.587138356000025 52.425715480000065)","Unfall 200307 (2018) Kat:3, Licht: 0","200307","3","5","1","05","10","6","0","0","1","1","0","0"
"POINT (13.395685085000025 52.498512899000048)","Unfall 200308 (2018) Kat:3, Licht: 0","200308","3","6","2","04","19","1","0","0","0","1","0","0"
"POINT (13.388882428000045 52.499398492000068)","Unfall 200309 (2018) Kat:2, Licht: 0","200309","2","1","0","04","18","1","0","0","0","1","0","1"
"POINT (13.449946717000046 52.551006761000053)","Unfall 200310 (2018) Kat:3, Licht: 0","200310","3","6","4","05","09","6","0","0","1","1","0","0"
"POINT (13.495944112000075 52.506090666000034)","Unfall 200311 (2018) Kat:2, Licht: 0","200311","2","7","6","04","18","1","0","0","0","1","1","0"
"POINT (13.545377006000024 52.425539330000049)","Unfall 200312 (2018) Kat:3, Licht: 0","200312","3","6","2","04","18","1","0","0","0","1","0","0"
"POINT (13.156206996000037 52.546856016000049)","Unfall 200313 (2018) Kat:3, Licht: 0","200313","3","3","5","05","07","5","0","0","1","1","0","0"
"POINT (13.157455049000077 52.539850785000056)","Unfall 200314 (2018) Kat:2, Licht: 0","200314","2","3","5","05","10","2","0","0","0","1","0","1"
"POINT (13.477826605000075 52.514134506000062)","Unfall 200315 (2018) Kat:3, Licht: 0","200315","3","2","5","05","07","5","0","0","1","1","0","0"
"POINT (13.131069561000061 52.463383332000035)","Unfall 200316 (2018) Kat:2, Licht: 0","200316","2","2","5","05","10","2","0","0","0","1","0","1"
"POINT (13.311025668000070 52.472266711000032)","Unfall 200317 (2018) Kat:3, Licht: 0","200317","3","3","5","05","07","5","0","0","1","1","0","0"
"POINT (13.521940744000062 52.525895567000077)","Unfall 200318 (2018) Kat:2, Licht: 0","200318","2","2","5","05","07","2","0","0","0","0","0","0"
"POINT (13.332860892000042 52.486009470000056)","Unfall 200319 (2018) Kat:3, Licht: 0","200319","3","5","1","05","11","2","0","0","0","1","0","1"
"POINT (13.418423223000048 52.451964338000039)","Unfall 200320 (2018) Kat:3, Licht: 0","200320","3","6","2","05","06","5","0","0","0","1","0","1"
"POINT (13.491461303000051 52.622344285000054)","Unfall 200321 (2018) Kat:3, Licht: 0","200321","3","6","4","05","11","2","0","0","0","1","0","0"
"POINT (13.587510386000076 52.549534783000070)","Unfall 200322 (2018) Kat:2, Licht: 0","200322","2","6","2","05","07","2","0","0","0","1","0","0"
"POINT (13.519443017000071 52.522333112000069)","Unfall 200323 (2018) Kat:2, Licht: 0","200323","2","6","3","05","06","2","0","0","0","1","0","0"
"POINT (13.451836399000058 52.508406278000052)","Unfall 200324 (2018) Kat:3, Licht: 0","200324","3","5","5","05","06","5","0","0","0","1","0","0"
"POINT (13.368191766000052 52.563860956000042)","Unfall 200325 (2018) Kat:3, Licht: 0","200325","3","3","5","05","19","2","0","0","0","1","0","0"
"POINT (13.389641905000076 52.511948201000052)","Unfall 200326 (2018) Kat:3, Licht: 2","200326","3","1","1","05","04","5","0","2","1","0","0","0"
"POINT (13.406717546000039 52.498472086000049)","Unfall 200327 (2018) Kat:3, Licht: 1","200327","3","2","5","05","19","2","0","1","1","1","0","0"
"POINT (13.395644580000067 52.424434799000039)","Unfall 200328 (2018) Kat:3, Licht: 0","200328","3","3","5","05","12","5","0","0","0","1","0","1"
"POINT (13.475150136000025 52.505320827000048)","Unfall 200329 (2018) Kat:3, Licht: 0","200329","3","3","0","05","20","5","0","0","0","1","0","1"
"POINT (13.289439208000033 52.509398538000028)","Unfall 200330 (2018) Kat:3, Licht: 0","200330","3","1","9","05","19","2","0","0","0","1","0","1"
"POINT (13.519480248000036 52.528531389000079)","Unfall 200331 (2018) Kat:3, Licht: 0","200331","3","6","2","05","13","5","0","0","0","1","0","0"
"POINT (13.426590902000044 52.499278426000046)","Unfall 200332 (2018) Kat:2, Licht: 0","200332","2","2","5","05","18","2","0","0","0","1","0","0"
"POINT (13.200386506000029 52.536512571000060)","Unfall 200333 (2018) Kat:3, Licht: 0","200333","3","2","5","05","13","5","0","0","0","1","0","0"
"POINT (13.440864061000070 52.504797389000032)","Unfall 200334 (2018) Kat:3, Licht: 0","200334","3","2","5","05","11","5","0","0","0","1","0","0"
"POINT (13.435320504000060 52.460175405000030)","Unfall 200335 (2018) Kat:3, Licht: 0","200335","3","2","5","05","18","2","0","0","0","1","0","1"
"POINT (13.459001442000044 52.526180001000057)","Unfall 200336 (2018) Kat:3, Licht: 0","200336","3","2","2","05","11","5","0","0","0","1","0","0"
"POINT (13.170671089000052 52.510153779000063)","Unfall 200337 (2018) Kat:3, Licht: 0","200337","3","2","5","05","07","5","0","0","1","1","0","0"
"POINT (13.323931207000044 52.495569701000079)","Unfall 200338 (2018) Kat:3, Licht: 1","200338","3","2","5","05","18","2","0","1","1","1","0","0"
"POINT (13.498203185000023 52.563824417000035)","Unfall 200339 (2018) Kat:2, Licht: 1","200339","2","3","5","05","05","5","0","1","1","1","0","0"
"POINT (13.352266023000027 52.474100927000052)","Unfall 200340 (2018) Kat:3, Licht: 0","200340","3","3","5","05","18","2","0","0","0","1","0","1"
"POINT (13.264373387000035 52.548569716000031)","Unfall 200341 (2018) Kat:2, Licht: 0","200341","2","4","6","05","07","5","0","0","0","1","1","0"
"POINT (13.377335247000076 52.549614098000063)","Unfall 200342 (2018) Kat:3, Licht: 0","200342","3","6","3","05","18","2","0","0","0","1","0","1"
"POINT (13.415462163000029 52.543952024000077)","Unfall 200343 (2018) Kat:3, Licht: 0","200343","3","2","5","05","19","5","0","0","1","1","0","0"
"POINT (13.359146895000038 52.509875732000069)","Unfall 200344 (2018) Kat:3, Licht: 0","200344","3","2","5","05","18","5","0","0","1","1","0","0"
"POINT (13.271135635000064 52.422973303000049)","Unfall 200345 (2018) Kat:3, Licht: 0","200345","3","3","5","05","17","2","0","0","1","1","0","0"
"POINT (13.561620451000067 52.506856536000043)","Unfall 200346 (2018) Kat:3, Licht: 0","200346","3","6","2","05","18","5","0","0","0","1","0","0"
"POINT (13.488332474000060 52.451285693000045)","Unfall 200347 (2018) Kat:3, Licht: 0","200347","3","3","5","05","18","2","0","0","1","1","0","0"
"POINT (13.430784447000065 52.421632498000065)","Unfall 200348 (2018) Kat:3, Licht: 0","200348","3","6","2","05","17","5","0","0","0","1","0","0"
"POINT (13.308944890000078 52.516583953000065)","Unfall 200349 (2018) Kat:3, Licht: 0","200349","3","4","6","05","16","2","0","0","0","1","1","0"
"POINT (13.328410881000025 52.464832853000075)","Unfall 200350 (2018) Kat:3, Licht: 0","200350","3","3","0","05","17","5","0","0","1","0","0","0"
"POINT (13.310301287000073 52.493504221000080)","Unfall 200351 (2018) Kat:3, Licht: 0","200351","3","3","5","05","17","5","0","0","1","1","0","0"
"POINT (13.352890875000071 52.502418534000071)","Unfall 200352 (2018) Kat:2, Licht: 0","200352","2","2","5","05","17","2","0","0","1","1","0","0"
"POINT (13.384105914000031 52.555836320000026)","Unfall 200353 (2018) Kat:3, Licht: 0","200353","3","6","2","05","17","2","0","0","0","1","0","0"
"POINT (13.419482773000027 52.591467316000035)","Unfall 200354 (2018) Kat:3, Licht: 0","200354","3","3","5","05","16","5","0","0","1","1","0","0"
"POINT (13.466288554000073 52.496990110000070)","Unfall 200355 (2018) Kat:3, Licht: 0","200355","3","6","2","05","17","2","0","0","0","1","0","0"
"POINT (13.361553458000060 52.596969338000065)","Unfall 200356 (2018) Kat:2, Licht: 0","200356","2","4","6","05","18","2","0","0","0","0","1","0"
"POINT (13.328587268000035 52.531134545000043)","Unfall 200357 (2018) Kat:3, Licht: 0","200357","3","7","5","05","16","5","0","0","0","1","0","1"
"POINT (13.324304273000052 52.478742390000036)","Unfall 200358 (2018) Kat:3, Licht: 0","200358","3","3","5","05","16","2","0","0","0","1","0","0"
"POINT (13.388295897000035 52.520134042000052)","Unfall 200359 (2018) Kat:3, Licht: 0","200359","3","4","6","05","16","5","0","0","1","1","1","0"
"POINT (13.487993975000052 52.515546816000040)","Unfall 200360 (2018) Kat:3, Licht: 0","200360","3","5","1","05","16","2","0","0","0","1","0","0"
"POINT (13.340486262000070 52.474466308000046)","Unfall 200361 (2018) Kat:3, Licht: 0","200361","3","5","1","05","16","5","0","0","1","1","0","0"
"POINT (13.501931881000075 52.518138869000040)","Unfall 200362 (2018) Kat:3, Licht: 0","200362","3","4","6","05","16","2","0","0","1","0","1","0"
"POINT (13.301939157000049 52.617130849000034)","Unfall 200363 (2018) Kat:3, Licht: 0","200363","3","4","6","05","15","2","0","0","0","0","1","1"
"POINT (13.354506889000049 52.568417962000069)","Unfall 200364 (2018) Kat:3, Licht: 0","200364","3","6","2","05","16","5","0","0","0","1","0","0"
"POINT (13.321956571000044 52.594822397000030)","Unfall 200365 (2018) Kat:3, Licht: 0","200365","3","3","5","05","15","2","0","0","1","1","0","0"