WKT,Name,OBJECTID,UKATEGORIE,UTYP1,UART,UMONAT,USTUNDE,UWOCHENTAG,STRZUSTAND,ULICHTVERH,ISTRAD,ISTPKW,ISTFUSS,ISTKRAD
"POINT (13.382779241000037 52.530504738000047)","Unfall 200366 (2018) Kat:2, Licht: 0","200366","2","4","6","05","15","2","0","0","0","0","1","0"
"POINT (13.423026441000047 52.500155585000073)","Unfall 200367 (2018) Kat:3, Licht: 0","200367","3","6","3","05","15","5","0","0","1","1","0","0"
"POINT (13.470248425000023 52.553632934000063)","Unfall 200368 (2018) Kat:3, Licht: 0","200368","3","2","5","05","15","2","0","0","0","1","0","0"
"POINT (13.352171632000022 52.505514906000030)","Unfall 200369 (2018) Kat:3, Licht: 0","200369","3","3","5","05","15","2","0","0","0","1","0","0"
"POINT (13.326992210000071 52.618023818000040)","Unfall 200370 (2018) Kat:3, Licht: 0","200370","3","5","1","05","16","5","0","0","0","1","0","0"
"POINT (13.325351611000031 52.455531306000069)","Unfall 200371 (2018) Kat:3, Licht: 0","200371","3","2","5","05","15","2","0","0","0","1","0","0"
"POINT (13.341656977000071 52.442004571000041)","Unfall 200372 (2018) Kat:3, Licht: 0","200372","3","6","0","05","15","5","0","0","0","0","0","0"
"POINT (13.404476935000048 52.495141663000027)","Unfall 200373 (2018) Kat:3, Licht: 0","200373","3","3","5","05","15","2","0","0","0","1","0","0"
"POINT (13.404289350000056 52.533114984000065)","Unfall 200374 (2018) Kat:3, Licht: 1","200374","3","1","0","05","21","5","0","1","1","0","0","0"
"POINT (13.200726084000053 52.538388283000074)","Unfall 200375 (2018) Kat:3, Licht: 0","200375","3","6","2","05","14","2","0","0","0","1","0","0"
"POINT (13.386091678000071 52.558738507000044)","Unfall 200376 (2018) Kat:3, Licht: 0","200376","3","2","5","05","15","2","0","0","1","1","0","0"
"POINT (13.485151356000074 52.515973154000051)","Unfall 200377 (2018) Kat:3, Licht: 0","200377","3","7","5","05","16","4","0","0","1","0","0","0"
"POINT (13.377383684000051 52.480777842000066)","Unfall 200378 (2018) Kat:2, Licht: 0","200378","2","6","3","05","15","2","0","0","1","0","0","1"
"POINT (13.342151610000030 52.482483775000048)","Unfall 200379 (2018) Kat:3, Licht: 0","200379","3","7","5","05","10","4","0","0","1","1","0","0"
"POINT (13.328417382000055 52.533063602000027)","Unfall 200380 (2018) Kat:3, Licht: 2","200380","3","2","6","05","23","4","0","2","0","0","1","0"
"POINT (13.479604669000025 52.522824732000061)","Unfall 200381 (2018) Kat:3, Licht: 0","200381","3","6","2","05","14","2","0","0","0","1","0","0"
"POINT (13.184130842000059 52.544659229000047)","Unfall 200382 (2018) Kat:3, Licht: 0","200382","3","6","2","05","14","2","0","0","0","1","0","1"
"POINT (13.450427839000042 52.509350171000051)","Unfall 200383 (2018) Kat:3, Licht: 2","200383","3","3","5","05","23","4","0","2","1","0","0","0"
"POINT (13.403674208000041 52.523072701000046)","Unfall 200384 (2018) Kat:3, Licht: 2","200384","3","6","2","05","21","4","0","2","1","1","0","0"
"POINT (13.477083574000062 52.563234740000041)","Unfall 200385 (2018) Kat:3, Licht: 0","200385","3","3","0","05","13","2","0","0","0","1","0","0"
"POINT (13.456260168000028 52.510042944000077)","Unfall 200386 (2018) Kat:3, Licht: 0","200386","3","7","2","05","20","4","0","0","1","1","0","0"
"POINT (13.299126890000025 52.462585145000048)","Unfall 200387 (2018) Kat:3, Licht: 0","200387","3","5","1","05","13","2","0","0","1","1","0","0"
"POINT (13.244994313000063 52.614345939000032)","Unfall 200388 (2018) Kat:2, Licht: 2","200388","2","2","5","05","22","4","0","2","1","1","0","0"
"POINT (13.348340963000055 52.419586168000080)","Unfall 200389 (2018) Kat:3, Licht: 0","200389","3","3","5","05","13","2","0","0","0","1","0","0"
"POINT (13.310541573000023 52.421151864000080)","Unfall 200390 (2018) Kat:2, Licht: 0","200390","2","4","6","05","13","4","0","0","0","1","1","0"
"POINT (13.197019643000033 52.561967794000054)","Unfall 200391 (2018) Kat:3, Licht: 0","200391","3","2","6","05","15","4","0","0","0","1","1","0"
"POINT (13.383562405000077 52.555067077000047)","Unfall 200392 (2018) Kat:3, Licht: 0","200392","3","6","2","05","13","2","0","0","1","1","0","0"
"POINT (13.297501145000069 52.506767530000047)","Unfall 200393 (2018) Kat:3, Licht: 0","200393","3","6","0","05","17","4","0","0","0","1","0","1"
"POINT (13.495906940000054 52.506027799000037)","Unfall 200394 (2018) Kat:3, Licht: 0","200394","3","2","5","05","18","4","0","0","1","0","0","0"
"POINT (13.316737142000022 52.566768730000035)","Unfall 200395 (2018) Kat:3, Licht: 0","200395","3","1","0","05","16","2","0","0","0","0","0","1"
"POINT (13.297122843000068 52.510456157000078)","Unfall 200396 (2018) Kat:3, Licht: 0","200396","3","6","0","05","18","4","0","0","1","0","0","0"
"POINT (13.357359251000048 52.535932889000037)","Unfall 200397 (2018) Kat:3, Licht: 0","200397","3","2","5","05","18","4","0","0","1","1","0","0"
"POINT (13.497824631000071 52.415129042000046)","Unfall 200398 (2018) Kat:2, Licht: 1","200398","2","3","5","05","20","2","0","1","0","1","0","1"
"POINT (13.333923579000043 52.504286360000037)","Unfall 200399 (2018) Kat:3, Licht: 0","200399","3","3","5","05","19","4","0","0","1","1","0","0"
"POINT (13.471267146000059 52.453132631000074)","Unfall 200400 (2018) Kat:3, Licht: 0","200400","3","1","0","05","13","2","0","0","1","0","0","0"
"POINT (13.519656807000047 52.505833544000041)","Unfall 200401 (2018) Kat:3, Licht: 0","200401","3","2","5","05","15","4","0","0","1","1","0","0"
"POINT (13.385931456000037 52.516118083000038)","Unfall 200402 (2018) Kat:3, Licht: 0","200402","3","5","1","05","12","2","0","0","0","1","0","0"
"POINT (13.607706377000056 52.453066616000058)","Unfall 200403 (2018) Kat:3, Licht: 0","200403","3","6","2","05","19","4","0","0","0","1","0","0"
"POINT (13.466647822000027 52.550139205000050)","Unfall 200404 (2018) Kat:3, Licht: 0","200404","3","3","5","05","20","4","0","0","1","1","0","0"
"POINT (13.362589552000031 52.522895903000062)","Unfall 200405 (2018) Kat:3, Licht: 2","200405","3","7","0","05","23","1","0","2","0","0","0","1"
"POINT (13.526764014000037 52.437661274000050)","Unfall 200406 (2018) Kat:3, Licht: 0","200406","3","3","5","05","15","4","0","0","1","1","0","0"
"POINT (13.299013799000022 52.454099209000049)","Unfall 200407 (2018) Kat:3, Licht: 0","200407","3","4","6","05","13","4","0","0","1","0","1","0"
"POINT (13.424015886000063 52.513349149000078)","Unfall 200408 (2018) Kat:3, Licht: 0","200408","3","3","5","05","16","1","0","0","1","1","0","0"
"POINT (13.444132461000038 52.485422579000044)","Unfall 200409 (2018) Kat:3, Licht: 0","200409","3","7","5","05","18","1","0","0","0","1","0","1"
"POINT (13.317031061000023 52.588233534000040)","Unfall 200410 (2018) Kat:3, Licht: 0","200410","3","2","5","05","13","4","0","0","0","1","0","0"
"POINT (13.394290836000039 52.506954940000071)","Unfall 200411 (2018) Kat:3, Licht: 0","200411","3","3","5","05","15","1","0","0","0","1","0","0"
"POINT (13.488406254000040 52.502209598000036)","Unfall 200412 (2018) Kat:3, Licht: 0","200412","3","3","5","05","12","4","0","0","1","0","0","0"
"POINT (13.428309753000065 52.464065607000066)","Unfall 200413 (2018) Kat:3, Licht: 0","200413","3","5","1","05","15","1","0","0","0","1","0","1"
"POINT (13.346737674000053 52.428891997000051)","Unfall 200414 (2018) Kat:3, Licht: 0","200414","3","3","0","05","12","4","0","0","0","1","0","1"
"POINT (13.342031275000068 52.517895481000039)","Unfall 200415 (2018) Kat:3, Licht: 0","200415","3","2","5","05","15","1","0","0","0","1","0","0"
"POINT (13.352974218000043 52.509614431000045)","Unfall 200416 (2018) Kat:3, Licht: 0","200416","3","7","0","05","10","4","0","0","0","1","0","1"
"POINT (13.475338966000038 52.502844434000053)","Unfall 200417 (2018) Kat:3, Licht: 0","200417","3","3","5","05","09","4","0","0","1","0","0","0"
"POINT (13.359267810000063 52.546383535000075)","Unfall 200418 (2018) Kat:2, Licht: 0","200418","2","2","5","05","18","1","0","0","0","1","0","1"
"POINT (13.306401243000039 52.528837126000042)","Unfall 200419 (2018) Kat:3, Licht: 0","200419","3","2","5","05","08","4","0","0","1","1","0","0"
"POINT (13.527212624000072 52.437916750000056)","Unfall 200420 (2018) Kat:3, Licht: 0","200420","3","6","2","05","19","1","0","0","0","1","0","0"
"POINT (13.186210671000026 52.517640313000072)","Unfall 200421 (2018) Kat:3, Licht: 0","200421","3","2","5","05","08","4","0","0","0","1","0","0"
"POINT (13.208719312000028 52.563632001000030)","Unfall 200422 (2018) Kat:2, Licht: 0","200422","2","7","1","05","14","1","0","0","0","1","0","0"
"POINT (13.452238978000025 52.471016499000029)","Unfall 200423 (2018) Kat:3, Licht: 1","200423","3","3","5","05","20","1","0","1","0","1","0","0"
"POINT (13.378966216000038 52.552926879000040)","Unfall 200424 (2018) Kat:2, Licht: 0","200424","2","1","0","05","14","4","0","0","0","1","0","1"
"POINT (13.279902044000039 52.505537637000032)","Unfall 200425 (2018) Kat:3, Licht: 0","200425","3","6","2","05","12","1","0","0","0","1","0","0"
"POINT (13.404737239000042 52.529709766000053)","Unfall 200426 (2018) Kat:3, Licht: 0","200426","3","5","1","05","12","1","0","0","1","1","0","0"
"POINT (13.576285672000040 52.454633165000075)","Unfall 200427 (2018) Kat:2, Licht: 0","200427","2","3","5","05","17","4","0","0","1","1","0","0"
"POINT (13.435465608000072 52.480750111000077)","Unfall 200428 (2018) Kat:2, Licht: 0","200428","2","4","6","05","18","4","0","0","1","0","1","0"
"POINT (13.354820445000030 52.448821018000046)","Unfall 200429 (2018) Kat:3, Licht: 0","200429","3","3","0","05","13","1","0","0","0","1","0","1"
"POINT (13.218513612000038 52.525277232000064)","Unfall 200430 (2018) Kat:3, Licht: 0","200430","3","1","1","05","15","4","0","0","0","1","0","0"
"POINT (13.399375364000036 52.452970079000067)","Unfall 200431 (2018) Kat:3, Licht: 0","200431","3","2","3","05","12","1","0","0","0","1","0","1"
"POINT (13.184962318000032 52.534197685000038)","Unfall 200432 (2018) Kat:3, Licht: 0","200432","3","3","5","05","12","1","0","0","0","1","0","0"
"POINT (13.392627043000061 52.505622959000050)","Unfall 200433 (2018) Kat:3, Licht: 0","200433","3","5","1","05","17","4","0","0","1","0","0","0"
"POINT (13.345229657000061 52.489021820000062)","Unfall 200434 (2018) Kat:3, Licht: 0","200434","3","2","6","05","09","1","0","0","0","1","1","0"
"POINT (13.426330247000067 52.465770204000080)","Unfall 200435 (2018) Kat:2, Licht: 0","200435","2","4","6","05","14","1","0","0","0","1","1","0"
"POINT (13.525371227000051 52.481638064000038)","Unfall 200436 (2018) Kat:2, Licht: 0","200436","2","1","0","05","13","4","0","0","1","0","0","0"
"POINT (13.362788289000036 52.566608145000032)","Unfall 200437 (2018) Kat:2, Licht: 0","200437","2","7","5","05","11","1","0","0","0","1","0","1"
"POINT (13.392693143000031 52.465533515000061)","Unfall 200438 (2018) Kat:2, Licht: 2","200438","2","3","5","05","23","1","0","2","0","1","0","0"
"POINT (13.481162123000047 52.452698662000046)","Unfall 200439 (2018) Kat:2, Licht: 0","200439","2","7","0","05","16","1","0","0","1","0","0","0"
"POINT (13.396568176000073 52.524043283000026)","Unfall 200440 (2018) Kat:3, Licht: 0","200440","3","1","0","05","15","4","0","0","1","0","0","0"
"POINT (13.373603367000044 52.597934313000053)","Unfall 200441 (2018) Kat:2, Licht: 0","200441","2","6","3","05","11","1","0","0","1","1","0","0"
"POINT (13.207407438000075 52.584235852000063)","Unfall 200442 (2018) Kat:3, Licht: 2","200442","3","1","0","05","01","1","0","2","1","0","0","0"
"POINT (13.274263983000026 52.458878409000079)","Unfall 200443 (2018) Kat:3, Licht: 0","200443","3","5","1","05","14","7","0","0","0","1","0","0"
"POINT (13.370291261000034 52.544671899000036)","Unfall 200444 (2018) Kat:3, Licht: 0","200444","3","6","3","05","19","4","0","0","0","1","0","0"
"POINT (13.464568905000021 52.470133126000064)","Unfall 200445 (2018) Kat:2, Licht: 2","200445","2","3","5","05","01","1","0","2","0","1","0","0"
"POINT (13.403904363000038 52.498451159000069)","Unfall 200446 (2018) Kat:2, Licht: 0","200446","2","6","1","05","17","7","0","0","1","0","0","0"
"POINT (13.345700406000049 52.494241690000081)","Unfall 200447 (2018) Kat:3, Licht: 0","200447","3","2","5","05","08","4","0","0","1","1","0","0"
"POINT (13.341508859000044 52.483789649000073)","Unfall 200448 (2018) Kat:3, Licht: 0","200448","3","3","5","05","17","7","0","0","1","1","0","0"
"POINT (13.534634316000052 52.409322856000074)","Unfall 200449 (2018) Kat:3, Licht: 0","200449","3","3","5","05","11","7","0","0","1","0","0","0"
"POINT (13.418430419000060 52.518190283000081)","Unfall 200450 (2018) Kat:2, Licht: 0","200450","2","4","6","05","07","4","0","0","0","1","1","0"
"POINT (13.299964347000071 52.522909068000047)","Unfall 200451 (2018) Kat:3, Licht: 2","200451","3","5","0","05","23","7","0","2","0","1","0","0"
"POINT (13.470756640000047 52.601548068000056)","Unfall 200452 (2018) Kat:2, Licht: 0","200452","2","3","5","05","07","4","0","0","0","1","0","1"
"POINT (13.434926168000061 52.466786648000038)","Unfall 200453 (2018) Kat:3, Licht: 0","200453","3","7","5","05","19","7","0","0","0","1","0","0"
"POINT (13.500611427000024 52.561520432000066)","Unfall 200454 (2018) Kat:3, Licht: 0","200454","3","2","5","05","05","4","0","0","1","1","0","0"
"POINT (13.567730407000056 52.513112313000079)","Unfall 200455 (2018) Kat:3, Licht: 0","200455","3","5","1","05","05","4","0","0","0","1","0","0"
"POINT (13.375839823000035 52.506831466000051)","Unfall 200456 (2018) Kat:3, Licht: 0","200456","3","4","6","05","18","7","0","0","0","1","1","0"
"POINT (13.454196895000052 52.512190193000038)","Unfall 200457 (2018) Kat:3, Licht: 1","200457","3","7","5","05","19","7","0","1","1","1","0","0"
"POINT (13.415849882000032 52.520211870000026)","Unfall 200458 (2018) Kat:3, Licht: 2","200458","3","6","2","05","00","4","0","2","0","1","0","0"
"POINT (13.366334706000032 52.449424250000050)","Unfall 200459 (2018) Kat:3, Licht: 0","200459","3","6","3","05","08","3","0","0","0","1","0","0"
"POINT (13.409758361000058 52.387233440000045)","Unfall 200460 (2018) Kat:3, Licht: 0","200460","3","3","5","05","19","7","0","0","1","1","0","0"
"POINT (13.389638735000062 52.553970879000076)","Unfall 200461 (2018) Kat:3, Licht: 2","200461","3","6","2","05","22","3","1","2","0","1","0","0"
"POINT (13.447617799000056 52.553252814000075)","Unfall 200462 (2018) Kat:3, Licht: 0","200462","3","7","5","05","15","7","0","0","0","1","0","1"
"POINT (13.414696426000035 52.538383684000053)","Unfall 200463 (2018) Kat:3, Licht: 0","200463","3","5","1","05","16","7","0","0","1","1","0","0"
"POINT (13.318574196000043 52.463604954000061)","Unfall 200464 (2018) Kat:2, Licht: 0","200464","2","6","3","05","09","3","0","0","1","0","0","0"
"POINT (13.357508328000051 52.536007140000038)","Unfall 200465 (2018) Kat:3, Licht: 0","200465","3","3","5","05","15","7","0","0","1","1","0","0"
"POINT (13.370623106000039 52.468876273000035)","Unfall 200466 (2018) Kat:3, Licht: 0","200466","3","3","5","05","14","7","0","0","0","1","0","0"
"POINT (13.501900741000043 52.498325229000045)","Unfall 200467 (2018) Kat:3, Licht: 0","200467","3","3","5","05","15","3","0","0","0","1","0","0"
"POINT (13.442437364000057 52.500813236000056)","Unfall 200468 (2018) Kat:3, Licht: 0","200468","3","6","3","05","13","7","0","0","0","1","0","1"
"POINT (13.477967107000040 52.514717784000027)","Unfall 200469 (2018) Kat:3, Licht: 0","200469","3","6","2","05","13","7","0","0","0","1","0","1"
"POINT (13.382807560000060 52.491508362000047)","Unfall 200470 (2018) Kat:3, Licht: 0","200470","3","2","0","05","15","3","0","0","0","1","0","1"
"POINT (13.292995608000069 52.467570647000059)","Unfall 200471 (2018) Kat:3, Licht: 0","200471","3","2","5","05","18","7","0","0","0","1","0","0"
"POINT (13.437557261000052 52.500294830000030)","Unfall 200472 (2018) Kat:3, Licht: 0","200472","3","6","2","05","13","7","0","0","0","1","0","1"
"POINT (13.388691911000024 52.500744431000044)","Unfall 200473 (2018) Kat:3, Licht: 0","200473","3","7","5","05","18","3","1","0","1","1","0","0"
"POINT (13.415593248000050 52.527238484000065)","Unfall 200474 (2018) Kat:3, Licht: 0","200474","3","6","3","05","11","7","0","0","1","0","0","0"
"POINT (13.300047110000037 52.509662806000051)","Unfall 200475 (2018) Kat:3, Licht: 0","200475","3","3","5","05","11","3","0","0","1","1","0","0"
"POINT (13.334415570000033 52.508539812000038)","Unfall 200476 (2018) Kat:3, Licht: 0","200476","3","3","5","05","12","7","0","0","1","0","0","0"
"POINT (13.285226018000060 52.479476821000048)","Unfall 200477 (2018) Kat:3, Licht: 0","200477","3","2","5","05","10","3","0","0","1","1","0","0"
"POINT (13.640996145000031 52.527997465000055)","Unfall 200478 (2018) Kat:3, Licht: 1","200478","3","3","5","05","20","7","0","1","0","1","0","0"
"POINT (13.504126113000041 52.411928702000068)","Unfall 200479 (2018) Kat:3, Licht: 0","200479","3","7","2","05","10","7","0","0","1","1","0","0"
"POINT (13.406749444000070 52.494974903000070)","Unfall 200480 (2018) Kat:3, Licht: 0","200480","3","3","5","05","10","3","0","0","1","1","0","0"
"POINT (13.382011093000074 52.482196834000035)","Unfall 200481 (2018) Kat:3, Licht: 1","200481","3","5","1","05","20","7","0","1","1","1","0","0"
"POINT (13.416037356000061 52.495621951000032)","Unfall 200482 (2018) Kat:3, Licht: 0","200482","3","7","5","05","06","7","0","0","0","1","0","0"
"POINT (13.311043497000071 52.622249087000057)","Unfall 200483 (2018) Kat:3, Licht: 0","200483","3","3","0","05","10","3","0","0","1","1","0","0"
"POINT (13.329724525000074 52.470706656000061)","Unfall 200484 (2018) Kat:3, Licht: 0","200484","3","1","0","05","20","7","0","0","0","0","0","1"
"POINT (13.418009497000071 52.518079547000070)","Unfall 200485 (2018) Kat:3, Licht: 0","200485","3","2","5","05","15","7","0","0","1","1","0","0"
"POINT (13.403266855000027 52.529887428000052)","Unfall 200486 (2018) Kat:3, Licht: 0","200486","3","6","3","05","18","7","0","0","0","1","0","0"
"POINT (13.444472996000059 52.534119916000066)","Unfall 200487 (2018) Kat:3, Licht: 0","200487","3","7","6","05","07","3","0","0","1","0","1","0"
"POINT (13.377841632000070 52.472439748000056)","Unfall 200488 (2018) Kat:2, Licht: 0","200488","2","2","5","05","15","7","0","0","0","1","0","0"
"POINT (13.433102074000033 52.452433174000078)","Unfall 200489 (2018) Kat:3, Licht: 0","200489","3","3","5","05","15","7","0","0","0","1","0","0"
"POINT (13.353435621000074 52.492589034000048)","Unfall 200490 (2018) Kat:3, Licht: 0","200490","3","5","1","05","14","7","0","0","0","1","0","0"
"POINT (13.396113577000051 52.538130026000033)","Unfall 200491 (2018) Kat:3, Licht: 2","200491","3","6","2","05","20","3","1","2","0","1","0","0"
"POINT (13.571464015000060 52.435076685000070)","Unfall 200492 (2018) Kat:2, Licht: 0","200492","2","4","6","05","14","7","0","0","0","0","1","0"
"POINT (13.249171482000065 52.524063884000043)","Unfall 200493 (2018) Kat:3, Licht: 0","200493","3","1","0","05","11","7","0","0","1","0","0","0"
"POINT (13.519673369000031 52.428142021000042)","Unfall 200494 (2018) Kat:3, Licht: 0","200494","3","2","3","05","15","6","0","0","0","1","0","0"
"POINT (13.157214261000036 52.534423330000038)","Unfall 200495 (2018) Kat:3, Licht: 1","200495","3","3","5","05","19","3","1","1","0","1","0","0"
"POINT (13.345918367000024 52.544704940000031)","Unfall 200496 (2018) Kat:3, Licht: 0","200496","3","5","1","05","13","7","0","0","1","1","0","0"
"POINT (13.398043736000034 52.584921702000031)","Unfall 200497 (2018) Kat:3, Licht: 1","200497","3","3","5","05","19","3","1","1","0","1","0","0"
"POINT (13.521855582000057 52.525899939000055)","Unfall 200498 (2018) Kat:2, Licht: 0","200498","2","2","5","05","08","7","0","0","1","1","0","0"
"POINT (13.504910404000043 52.596592774000044)","Unfall 200499 (2018) Kat:3, Licht: 0","200499","3","3","5","05","15","6","0","0","1","1","0","0"
"POINT (13.362723161000076 52.497832254000059)","Unfall 200500 (2018) Kat:3, Licht: 0","200500","3","6","2","05","18","3","1","0","0","1","0","0"
"POINT (13.368369299000051 52.574373299000058)","Unfall 200501 (2018) Kat:2, Licht: 0","200501","2","3","5","05","08","7","0","0","1","1","0","0"
"POINT (13.505314330000033 52.437182260000043)","Unfall 200502 (2018) Kat:3, Licht: 0","200502","3","6","2","05","15","6","0","0","0","1","0","0"
"POINT (13.378277152000067 52.451890383000034)","Unfall 200503 (2018) Kat:3, Licht: 0","200503","3","2","5","05","09","3","0","0","1","1","0","0"
"POINT (13.364640051000038 52.562713387000031)","Unfall 200504 (2018) Kat:3, Licht: 0","200504","3","2","5","05","09","7","0","0","1","1","0","0"
"POINT (13.410419637000075 52.527781471000026)","Unfall 200505 (2018) Kat:3, Licht: 2","200505","3","5","1","05","00","6","0","2","1","1","0","0"
"POINT (13.416893105000042 52.497926795000069)","Unfall 200506 (2018) Kat:3, Licht: 0","200506","3","2","6","05","17","6","0","0","0","0","1","0"
"POINT (13.558309189000056 52.454694801000073)","Unfall 200507 (2018) Kat:3, Licht: 0","200507","3","6","2","05","09","3","0","0","0","1","0","1"
"POINT (13.435710610000058 52.424614612000028)","Unfall 200508 (2018) Kat:3, Licht: 0","200508","3","5","1","05","10","7","0","0","0","1","0","0"
"POINT (13.334398884000052 52.470562708000045)","Unfall 200509 (2018) Kat:3, Licht: 0","200509","3","7","6","05","16","6","0","0","1","0","1","0"
"POINT (13.296213561000059 52.519330573000047)","Unfall 200510 (2018) Kat:3, Licht: 0","200510","3","2","0","05","15","6","0","0","1","1","0","0"
"POINT (13.409414395000056 52.454613082000037)","Unfall 200511 (2018) Kat:3, Licht: 0","200511","3","2","5","05","09","3","0","0","1","1","0","0"
"POINT (13.495258350000029 52.437745121000034)","Unfall 200512 (2018) Kat:2, Licht: 0","200512","2","3","5","05","12","7","0","0","0","1","0","1"
"POINT (13.689427234000050 52.424269338000045)","Unfall 200513 (2018) Kat:3, Licht: 0","200513","3","6","4","05","15","6","0","0","1","1","0","0"
"POINT (13.430292526000073 52.501876113000037)","Unfall 200514 (2018) Kat:3, Licht: 0","200514","3","2","5","05","08","3","0","0","1","0","0","1"
"POINT (13.332619900000054 52.469086749000041)","Unfall 200515 (2018) Kat:3, Licht: 0","200515","3","2","5","05","12","7","0","0","0","1","0","0"
"POINT (13.427766556000051 52.481083499000079)","Unfall 200516 (2018) Kat:3, Licht: 0","200516","3","3","5","05","18","6","0","0","0","1","0","0"
"POINT (13.289546837000046 52.582601635000060)","Unfall 200517 (2018) Kat:3, Licht: 0","200517","3","2","5","05","08","3","0","0","1","1","0","0"
"POINT (13.463304651000044 52.508271616000059)","Unfall 200518 (2018) Kat:2, Licht: 1","200518","2","3","5","05","04","7","0","1","1","1","0","0"
"POINT (13.196886697000025 52.531400406000046)","Unfall 200519 (2018) Kat:3, Licht: 2","200519","3","3","5","05","01","7","0","2","0","1","0","0"
"POINT (13.269353844000022 52.575883015000045)","Unfall 200520 (2018) Kat:3, Licht: 0","200520","3","6","2","05","14","6","0","0","0","1","0","0"
"POINT (13.466971063000074 52.614967698000044)","Unfall 200521 (2018) Kat:3, Licht: 0","200521","3","3","5","05","07","3","0","0","0","1","0","1"
"POINT (13.381588361000070 52.461347594000074)","Unfall 200522 (2018) Kat:3, Licht: 2","200522","3","1","9","05","00","7","0","2","0","1","0","0"
"POINT (13.227021559000036 52.625924169000029)","Unfall 200523 (2018) Kat:3, Licht: 0","200523","3","3","5","05","12","6","0","0","1","1","0","0"
"POINT (13.495906368000021 52.487986288000059)","Unfall 200524 (2018) Kat:2, Licht: 0","200524","2","7","5","05","06","3","0","0","0","1","0","0"
"POINT (13.541914854000026 52.525783355000044)","Unfall 200525 (2018) Kat:2, Licht: 0","200525","2","4","6","05","14","7","0","0","0","1","1","0"
"POINT (13.389314795000075 52.513997626000048)","Unfall 200526 (2018) Kat:3, Licht: 0","200526","3","5","1","05","11","6","0","0","1","1","0","0"
"POINT (13.288270946000068 52.513060728000028)","Unfall 200527 (2018) Kat:3, Licht: 0","200527","3","2","0","05","09","6","0","0","1","1","0","0"
"POINT (13.425440651000031 52.499575887000049)","Unfall 200528 (2018) Kat:3, Licht: 0","200528","3","3","5","05","13","3","0","0","1","1","0","0"
"POINT (13.577466885000035 52.444285491000073)","Unfall 200529 (2018) Kat:3, Licht: 0","200529","3","1","0","05","12","7","0","0","1","0","0","0"
"POINT (13.363751056000069 52.508203251000054)","Unfall 200530 (2018) Kat:3, Licht: 0","200530","3","3","5","05","09","6","0","0","1","1","0","0"
"POINT (13.569347482000069 52.442793876000053)","Unfall 200531 (2018) Kat:3, Licht: 0","200531","3","3","5","05","06","6","0","0","1","1","0","0"
"POINT (13.339297389000023 52.460345979000067)","Unfall 200532 (2018) Kat:3, Licht: 0","200532","3","3","5","05","18","3","1","0","0","1","0","0"
"POINT (13.319510081000033 52.452982082000062)","Unfall 200533 (2018) Kat:3, Licht: 0","200533","3","6","2","05","07","6","0","0","0","1","0","1"
"POINT (13.402051030000052 52.426281413000027)","Unfall 200534 (2018) Kat:3, Licht: 0","200534","3","5","1","05","19","6","0","0","0","1","0","0"
"POINT (13.324781099000063 52.521556017000080)","Unfall 200535 (2018) Kat:3, Licht: 0","200535","3","6","2","05","09","3","0","0","1","1","0","0"
"POINT (13.188389960000052 52.534322254000074)","Unfall 200536 (2018) Kat:2, Licht: 2","200536","2","6","4","05","22","6","0","2","0","1","0","0"
"POINT (13.497864075000052 52.433715210000059)","Unfall 200537 (2018) Kat:2, Licht: 2","200537","2","3","5","05","02","6","0","2","0","1","0","1"
"POINT (13.355939436000028 52.598102608000033)","Unfall 200538 (2018) Kat:2, Licht: 0","200538","2","4","6","05","17","6","0","0","0","0","1","0"
"POINT (13.343749726000055 52.546330966000028)","Unfall 200539 (2018) Kat:3, Licht: 0","200539","3","2","5","05","10","3","0","0","0","1","0","0"
"POINT (13.318418425000061 52.531101514000056)","Unfall 200540 (2018) Kat:3, Licht: 0","200540","3","5","0","05","17","6","0","0","0","1","0","0"
"POINT (13.239963520000060 52.442829960000040)","Unfall 200541 (2018) Kat:2, Licht: 0","200541","2","4","6","05","12","6","0","0","0","1","1","0"
"POINT (13.519624359000034 52.505995379000069)","Unfall 200542 (2018) Kat:2, Licht: 0","200542","2","4","6","05","07","3","0","0","0","1","1","0"
"POINT (13.431227067000066 52.467661767000038)","Unfall 200543 (2018) Kat:3, Licht: 0","200543","3","7","6","05","20","6","0","0","1","0","1","0"
"POINT (13.406922789000078 52.586390669000082)","Unfall 200544 (2018) Kat:3, Licht: 0","200544","3","3","5","05","16","6","0","0","0","1","0","0"
"POINT (13.204182594000031 52.540538581000078)","Unfall 200545 (2018) Kat:2, Licht: 0","200545","2","2","3","05","08","3","0","0","0","1","0","1"
"POINT (13.449539299000037 52.537199037000050)","Unfall 200546 (2018) Kat:3, Licht: 0","200546","3","1","1","05","17","6","0","0","0","1","0","1"
"POINT (13.543521142000031 52.534290751000071)","Unfall 200547 (2018) Kat:3, Licht: 0","200547","3","4","6","05","08","3","0","0","0","1","1","0"
"POINT (13.274935541000048 52.597913518000041)","Unfall 200548 (2018) Kat:3, Licht: 2","200548","3","1","9","05","01","3","0","2","0","1","0","0"
"POINT (13.347475940000038 52.572653994000063)","Unfall 200549 (2018) Kat:3, Licht: 0","200549","3","2","5","05","19","6","0","0","1","1","0","0"
"POINT (13.574217206000071 52.466658000000052)","Unfall 200550 (2018) Kat:3, Licht: 0","200550","3","6","2","05","12","6","0","0","0","1","0","0"