WKT,Name,OBJECTID,UKATEGORIE,UTYP1,UART,UMONAT,USTUNDE,UWOCHENTAG,STRZUSTAND,ULICHTVERH,ISTRAD,ISTPKW,ISTFUSS,ISTKRAD
"POINT (13.298625288000039 52.441209473000072)","Unfall 200551 (2018) Kat:3, Licht: 1","200551","3","3","0","05","18","3","1","1","0","1","0","0"
"POINT (13.326342812000064 52.532568904000073)","Unfall 200552 (2018) Kat:3, Licht: 0","200552","3","6","2","05","18","6","0","0","0","1","0","0"
"POINT (13.536480793000067 52.492018608000080)","Unfall 200553 (2018) Kat:2, Licht: 0","200553","2","4","6","05","14","3","0","0","0","1","1","0"
"POINT (13.449107542000036 52.473545528000045)","Unfall 200554 (2018) Kat:3, Licht: 1","200554","3","2","6","05","18","6","0","1","0","1","1","0"
"POINT (13.427025458000060 52.552138195000055)","Unfall 200555 (2018) Kat:2, Licht: 0","200555","2","3","5","05","19","6","0","0","0","1","0","1"
"POINT (13.413716576000070 52.520106373000033)","Unfall 200556 (2018) Kat:2, Licht: 0","200556","2","1","0","05","18","3","1","0","1","0","0","0"
"POINT (13.337597807000066 52.460307945000068)","Unfall 200557 (2018) Kat:3, Licht: 0","200557","3","3","0","05","06","6","0","0","1","1","0","0"
"POINT (13.333441596000057 52.564111826000044)","Unfall 200558 (2018) Kat:3, Licht: 0","200558","3","5","1","05","17","5","0","0","0","1","0","0"
"POINT (13.390259833000073 52.508591569000032)","Unfall 200559 (2018) Kat:3, Licht: 0","200559","3","3","5","05","18","3","1","0","1","1","0","0"
"POINT (13.490772859000060 52.543206663000035)","Unfall 200560 (2018) Kat:3, Licht: 2","200560","3","2","5","05","23","5","1","2","0","1","0","1"
"POINT (13.479951530000051 52.517003775000035)","Unfall 200561 (2018) Kat:3, Licht: 1","200561","3","1","0","05","18","3","1","1","0","0","0","1"
"POINT (13.419052025000042 52.510326422000048)","Unfall 200562 (2018) Kat:3, Licht: 0","200562","3","5","1","05","18","6","0","0","1","1","0","0"
"POINT (13.427912511000045 52.492644133000056)","Unfall 200563 (2018) Kat:3, Licht: 0","200563","3","3","5","05","17","3","1","0","0","1","0","0"
"POINT (13.352223810000055 52.542439835000039)","Unfall 200564 (2018) Kat:3, Licht: 0","200564","3","6","3","05","16","3","1","0","1","0","0","0"
"POINT (13.389717802000064 52.434304405000034)","Unfall 200565 (2018) Kat:3, Licht: 0","200565","3","2","2","05","17","6","0","0","0","0","0","1"
"POINT (13.466858601000069 52.524034849000031)","Unfall 200566 (2018) Kat:3, Licht: 2","200566","3","2","5","05","22","5","1","2","0","1","0","1"
"POINT (13.238208102000044 52.542405399000074)","Unfall 200567 (2018) Kat:3, Licht: 0","200567","3","3","5","05","16","3","0","0","1","1","0","0"
"POINT (13.525852697000062 52.482980265000037)","Unfall 200568 (2018) Kat:3, Licht: 2","200568","3","4","6","05","21","5","1","2","0","1","1","0"
"POINT (13.402521444000058 52.538507793000065)","Unfall 200569 (2018) Kat:2, Licht: 0","200569","2","2","5","05","16","3","0","0","1","1","0","0"
"POINT (13.180312156000070 52.534021221000046)","Unfall 200570 (2018) Kat:3, Licht: 0","200570","3","7","5","05","17","6","0","0","0","1","0","1"
"POINT (13.326891719000059 52.519808912000030)","Unfall 200571 (2018) Kat:3, Licht: 0","200571","3","6","2","05","16","3","0","0","0","1","0","0"
"POINT (13.317943347000039 52.508748078000053)","Unfall 200572 (2018) Kat:3, Licht: 0","200572","3","7","2","05","16","6","0","0","0","1","0","1"
"POINT (13.454063623000025 52.440585476000081)","Unfall 200573 (2018) Kat:3, Licht: 0","200573","3","3","2","05","17","5","0","0","1","1","0","0"
"POINT (13.415337736000026 52.543831080000075)","Unfall 200574 (2018) Kat:3, Licht: 0","200574","3","5","1","05","16","3","1","0","1","1","0","0"
"POINT (13.281251405000035 52.499485365000055)","Unfall 200575 (2018) Kat:3, Licht: 0","200575","3","3","5","05","16","6","0","0","1","1","0","0"
"POINT (13.600155534000066 52.474715677000063)","Unfall 200576 (2018) Kat:3, Licht: 0","200576","3","3","5","05","16","3","0","0","1","1","0","0"
"POINT (13.309248357000058 52.438874372000043)","Unfall 200577 (2018) Kat:3, Licht: 0","200577","3","3","5","05","16","6","0","0","0","1","0","0"
"POINT (13.430076843000052 52.503464646000054)","Unfall 200578 (2018) Kat:3, Licht: 0","200578","3","1","2","05","17","5","0","0","0","1","0","1"
"POINT (13.577153977000023 52.455773160000035)","Unfall 200579 (2018) Kat:2, Licht: 2","200579","2","2","5","05","20","5","1","2","1","1","0","0"
"POINT (13.501468557000067 52.549091598000075)","Unfall 200580 (2018) Kat:2, Licht: 0","200580","2","2","5","05","15","3","0","0","1","1","0","0"
"POINT (13.283102409000037 52.594116746000054)","Unfall 200581 (2018) Kat:2, Licht: 0","200581","2","2","2","05","16","6","0","0","0","1","0","0"
"POINT (13.398212558000068 52.506994812000073)","Unfall 200582 (2018) Kat:3, Licht: 2","200582","3","2","6","05","21","5","1","2","0","1","1","0"
"POINT (13.369507200000044 52.589473508000026)","Unfall 200583 (2018) Kat:3, Licht: 0","200583","3","4","6","05","14","3","0","0","0","1","1","0"
"POINT (13.467228673000022 52.559948971000040)","Unfall 200584 (2018) Kat:3, Licht: 0","200584","3","2","5","05","15","6","0","0","1","1","0","0"
"POINT (13.490650327000026 52.537893054000051)","Unfall 200585 (2018) Kat:3, Licht: 0","200585","3","3","5","05","15","6","0","0","1","1","0","0"
"POINT (13.613334631000043 52.499198284000045)","Unfall 200586 (2018) Kat:2, Licht: 1","200586","2","1","0","05","19","5","1","1","0","1","0","1"
"POINT (13.574494231000074 52.413932966000061)","Unfall 200587 (2018) Kat:3, Licht: 0","200587","3","4","6","05","14","3","0","0","0","0","1","1"
"POINT (13.601329467000028 52.535766776000060)","Unfall 200588 (2018) Kat:3, Licht: 0","200588","3","2","5","05","10","6","0","0","0","1","0","0"
"POINT (13.313951742000029 52.480947693000076)","Unfall 200589 (2018) Kat:3, Licht: 0","200589","3","1","8","05","18","5","0","0","0","1","0","0"
"POINT (13.385559372000046 52.468587817000071)","Unfall 200590 (2018) Kat:3, Licht: 0","200590","3","3","5","05","10","6","0","0","0","1","0","1"
"POINT (13.258819383000059 52.521815997000033)","Unfall 200591 (2018) Kat:3, Licht: 0","200591","3","6","2","05","17","5","0","0","0","1","0","0"
"POINT (13.366839173000074 52.552150725000047)","Unfall 200592 (2018) Kat:3, Licht: 0","200592","3","2","5","05","07","3","0","0","1","1","0","0"
"POINT (13.379304022000042 52.492214913000055)","Unfall 200593 (2018) Kat:3, Licht: 0","200593","3","2","5","05","10","6","0","0","1","1","0","0"
"POINT (13.378722183000036 52.576215186000070)","Unfall 200594 (2018) Kat:3, Licht: 0","200594","3","2","5","05","16","5","0","0","1","1","0","0"
"POINT (13.343314867000061 52.531018235000033)","Unfall 200595 (2018) Kat:3, Licht: 0","200595","3","5","1","05","20","2","0","0","1","1","0","0"
"POINT (13.250441012000067 52.417799176000074)","Unfall 200596 (2018) Kat:3, Licht: 0","200596","3","5","1","05","10","6","0","0","0","1","0","0"
"POINT (13.196138985000061 52.521024965000038)","Unfall 200597 (2018) Kat:3, Licht: 0","200597","3","3","5","05","13","5","0","0","1","1","0","0"
"POINT (13.254186515000072 52.444068022000067)","Unfall 200598 (2018) Kat:3, Licht: 0","200598","3","7","7","05","13","5","0","0","0","1","0","0"
"POINT (13.366401831000076 52.568111981000072)","Unfall 200599 (2018) Kat:3, Licht: 0","200599","3","6","3","05","13","2","0","0","1","1","0","0"
"POINT (13.393572271000039 52.533900881000079)","Unfall 200600 (2018) Kat:3, Licht: 0","200600","3","1","0","05","09","6","0","0","0","0","0","1"
"POINT (13.438558053000065 52.452593260000071)","Unfall 200601 (2018) Kat:2, Licht: 0","200601","2","2","5","05","13","5","0","0","0","1","0","1"
"POINT (13.499365893000061 52.519706799000062)","Unfall 200602 (2018) Kat:2, Licht: 0","200602","2","7","6","05","11","5","0","0","0","1","1","0"
"POINT (13.400699774000032 52.504258903000050)","Unfall 200603 (2018) Kat:3, Licht: 0","200603","3","2","5","05","15","2","0","0","1","1","0","0"
"POINT (13.443157885000062 52.469886286000076)","Unfall 200604 (2018) Kat:3, Licht: 0","200604","3","2","5","05","09","6","0","0","1","1","0","0"
"POINT (13.384408841000038 52.520563641000081)","Unfall 200605 (2018) Kat:2, Licht: 0","200605","2","4","6","05","08","6","0","0","1","0","1","0"
"POINT (13.341087232000064 52.476148405000060)","Unfall 200606 (2018) Kat:3, Licht: 2","200606","3","4","6","05","00","5","0","2","0","1","1","0"
"POINT (13.351455196000074 52.509744030000036)","Unfall 200607 (2018) Kat:3, Licht: 0","200607","3","2","2","05","16","2","0","0","0","1","0","0"
"POINT (13.366171064000071 52.523956935000058)","Unfall 200608 (2018) Kat:2, Licht: 0","200608","2","6","3","05","07","6","0","0","1","1","0","0"
"POINT (13.238767511000049 52.598949253000058)","Unfall 200609 (2018) Kat:2, Licht: 0","200609","2","5","0","05","16","5","0","0","1","0","0","0"
"POINT (13.437507059000040 52.594478968000033)","Unfall 200610 (2018) Kat:3, Licht: 0","200610","3","3","5","05","15","2","0","0","1","1","0","0"
"POINT (13.600847799000064 52.478654388000052)","Unfall 200611 (2018) Kat:3, Licht: 0","200611","3","6","2","05","07","6","0","0","0","1","0","0"
"POINT (13.392750094000064 52.491967607000049)","Unfall 200612 (2018) Kat:3, Licht: 0","200612","3","2","5","05","12","5","0","0","0","1","0","0"
"POINT (13.444918835000067 52.479245482000067)","Unfall 200613 (2018) Kat:3, Licht: 0","200613","3","5","1","05","15","4","0","0","1","1","0","0"
"POINT (13.316777230000071 52.501132389000077)","Unfall 200614 (2018) Kat:3, Licht: 0","200614","3","2","0","05","17","2","0","0","1","1","0","0"
"POINT (13.320885007000072 52.456819263000057)","Unfall 200615 (2018) Kat:3, Licht: 0","200615","3","2","6","05","07","6","0","0","0","1","1","0"
"POINT (13.271851504000040 52.536990847000027)","Unfall 200616 (2018) Kat:3, Licht: 0","200616","3","2","0","05","18","2","0","0","1","1","0","0"
"POINT (13.436380390000068 52.551937850000058)","Unfall 200617 (2018) Kat:3, Licht: 1","200617","3","3","5","05","05","6","0","1","0","1","0","0"
"POINT (13.423375802000066 52.509176139000033)","Unfall 200618 (2018) Kat:3, Licht: 0","200618","3","5","1","05","14","4","0","0","1","0","0","0"
"POINT (13.200771236000037 52.538469600000042)","Unfall 200619 (2018) Kat:3, Licht: 0","200619","3","2","5","05","16","4","0","0","0","1","0","0"
"POINT (13.347294718000057 52.412103053000067)","Unfall 200620 (2018) Kat:3, Licht: 0","200620","3","2","5","05","06","2","0","0","0","1","0","0"
"POINT (13.435348663000070 52.530430015000036)","Unfall 200621 (2018) Kat:3, Licht: 0","200621","3","3","5","05","14","6","0","0","0","1","0","0"
"POINT (13.261440412000070 52.436918381000055)","Unfall 200622 (2018) Kat:3, Licht: 0","200622","3","4","6","05","16","4","0","0","1","0","1","0"
"POINT (13.330664565000063 52.420665891000056)","Unfall 200623 (2018) Kat:2, Licht: 2","200623","2","3","5","05","21","4","1","2","0","1","0","0"
"POINT (13.265683514000045 52.416595398000027)","Unfall 200624 (2018) Kat:3, Licht: 0","200624","3","7","0","05","09","2","0","0","0","0","0","1"
"POINT (13.202128015000028 52.531395853000049)","Unfall 200625 (2018) Kat:3, Licht: 0","200625","3","1","0","05","12","6","0","0","0","0","0","0"
"POINT (13.327638223000065 52.563971458000026)","Unfall 200626 (2018) Kat:3, Licht: 0","200626","3","2","0","05","13","6","0","0","0","0","1","0"
"POINT (13.343360082000061 52.531842930000039)","Unfall 200627 (2018) Kat:3, Licht: 2","200627","3","2","2","05","22","2","0","2","0","1","0","0"
"POINT (13.395187510000028 52.539208476000056)","Unfall 200628 (2018) Kat:3, Licht: 0","200628","3","7","6","05","13","6","0","0","0","1","1","0"
"POINT (13.501446972000053 52.546838939000054)","Unfall 200629 (2018) Kat:3, Licht: 0","200629","3","3","5","05","14","4","0","0","0","1","0","1"
"POINT (13.256445397000050 52.486264788000028)","Unfall 200630 (2018) Kat:3, Licht: 0","200630","3","3","5","05","07","2","0","0","1","0","0","0"
"POINT (13.249883605000036 52.420861867000042)","Unfall 200631 (2018) Kat:3, Licht: 0","200631","3","6","2","05","13","6","0","0","0","1","0","0"
"POINT (13.305853806000073 52.620623674000058)","Unfall 200632 (2018) Kat:3, Licht: 0","200632","3","2","2","05","13","4","0","0","0","1","0","0"
"POINT (13.265626797000039 52.442213514000059)","Unfall 200633 (2018) Kat:3, Licht: 0","200633","3","2","5","05","15","2","0","0","1","1","0","0"
"POINT (13.328109267000059 52.569472663000056)","Unfall 200634 (2018) Kat:3, Licht: 0","200634","3","4","6","05","12","4","0","0","0","1","1","0"
"POINT (13.292044148000059 52.575524531000042)","Unfall 200635 (2018) Kat:3, Licht: 0","200635","3","6","2","05","11","2","0","0","0","1","0","0"
"POINT (13.491634501000021 52.503251934000048)","Unfall 200636 (2018) Kat:3, Licht: 0","200636","3","2","5","05","11","2","0","0","0","1","0","1"
"POINT (13.324893756000051 52.502361161000067)","Unfall 200637 (2018) Kat:3, Licht: 0","200637","3","6","2","05","16","5","0","0","1","1","0","0"
"POINT (13.194679235000024 52.519434298000078)","Unfall 200638 (2018) Kat:3, Licht: 0","200638","3","5","1","05","11","4","0","0","1","1","0","0"
"POINT (13.275637565000068 52.501536302000034)","Unfall 200639 (2018) Kat:3, Licht: 0","200639","3","2","5","05","10","2","0","0","1","1","0","0"
"POINT (13.369008122000025 52.429341561000058)","Unfall 200640 (2018) Kat:3, Licht: 0","200640","3","7","6","05","21","5","0","0","0","1","1","0"
"POINT (13.382887629000038 52.530700443000057)","Unfall 200641 (2018) Kat:3, Licht: 0","200641","3","4","6","05","10","2","0","0","0","1","1","0"
"POINT (13.308538154000075 52.490068017000056)","Unfall 200642 (2018) Kat:3, Licht: 0","200642","3","2","5","05","09","4","0","0","1","1","0","0"
"POINT (13.471440835000067 52.507404304000033)","Unfall 200643 (2018) Kat:3, Licht: 0","200643","3","7","7","05","09","2","0","0","1","0","0","0"
"POINT (13.183376151000061 52.541810746000067)","Unfall 200644 (2018) Kat:3, Licht: 0","200644","3","6","2","05","15","5","0","0","0","1","0","0"
"POINT (13.325391608000075 52.461657316000071)","Unfall 200645 (2018) Kat:3, Licht: 0","200645","3","4","6","05","15","5","0","0","1","0","1","0"
"POINT (13.352134550000073 52.505536965000033)","Unfall 200646 (2018) Kat:3, Licht: 0","200646","3","2","5","05","12","2","0","0","1","1","0","0"
"POINT (13.343609911000044 52.558644546000039)","Unfall 200647 (2018) Kat:3, Licht: 0","200647","3","3","5","05","14","5","0","0","1","1","0","0"
"POINT (13.376631677000034 52.587352730000077)","Unfall 200648 (2018) Kat:3, Licht: 0","200648","3","6","2","05","09","4","0","0","1","1","0","0"
"POINT (13.211225341000045 52.568397215000061)","Unfall 200649 (2018) Kat:3, Licht: 0","200649","3","6","2","05","08","2","0","0","0","1","0","0"
"POINT (13.398386210000069 52.507053834000033)","Unfall 200650 (2018) Kat:3, Licht: 0","200650","3","3","5","05","14","5","0","0","1","0","0","1"
"POINT (13.519560232000060 52.428303683000081)","Unfall 200651 (2018) Kat:3, Licht: 0","200651","3","2","5","05","09","4","0","0","0","1","0","0"
"POINT (13.379971201000046 52.552746544000058)","Unfall 200652 (2018) Kat:3, Licht: 0","200652","3","6","0","05","13","2","0","0","0","1","0","1"
"POINT (13.452117213000065 52.557666957000038)","Unfall 200653 (2018) Kat:3, Licht: 0","200653","3","3","5","05","14","4","0","0","1","1","0","0"
"POINT (13.376312306000045 52.458876532000033)","Unfall 200654 (2018) Kat:3, Licht: 0","200654","3","2","5","05","08","2","0","0","1","1","0","0"
"POINT (13.325885300000039 52.505690660000027)","Unfall 200655 (2018) Kat:3, Licht: 2","200655","3","6","2","05","23","5","0","2","0","1","0","0"
"POINT (13.434682479000060 52.462007908000032)","Unfall 200656 (2018) Kat:3, Licht: 0","200656","3","2","5","05","08","2","0","0","0","1","0","0"
"POINT (13.356886451000037 52.523619767000071)","Unfall 200657 (2018) Kat:3, Licht: 2","200657","3","2","5","05","23","5","0","2","0","1","0","0"
"POINT (13.607716349000043 52.518025127000044)","Unfall 200658 (2018) Kat:3, Licht: 0","200658","3","2","2","05","06","4","0","0","0","1","0","0"
"POINT (13.391159423000033 52.536203236000063)","Unfall 200659 (2018) Kat:3, Licht: 0","200659","3","2","5","05","08","2","0","0","1","0","0","0"
"POINT (13.428631385000074 52.481240777000039)","Unfall 200660 (2018) Kat:3, Licht: 0","200660","3","5","1","05","14","5","0","0","1","1","0","0"
"POINT (13.593152178000025 52.432636327000068)","Unfall 200661 (2018) Kat:3, Licht: 0","200661","3","2","5","05","08","2","0","0","1","1","0","0"
"POINT (13.331289189000074 52.513757598000041)","Unfall 200662 (2018) Kat:3, Licht: 0","200662","3","7","5","05","13","5","0","0","0","1","0","1"
"POINT (13.350155986000061 52.414286104000041)","Unfall 200663 (2018) Kat:2, Licht: 2","200663","2","2","5","05","22","4","0","2","0","1","0","1"
"POINT (13.285072436000064 52.518720421000069)","Unfall 200664 (2018) Kat:2, Licht: 2","200664","2","4","6","05","22","4","0","2","0","1","1","0"
"POINT (13.375487028000066 52.489320460000044)","Unfall 200665 (2018) Kat:3, Licht: 0","200665","3","3","5","05","08","2","0","0","1","1","0","0"
"POINT (13.403152984000030 52.531951100000072)","Unfall 200666 (2018) Kat:2, Licht: 2","200666","2","1","0","05","22","5","0","2","1","0","0","0"
"POINT (13.372777255000074 52.548262573000045)","Unfall 200667 (2018) Kat:3, Licht: 1","200667","3","1","0","05","20","4","1","1","1","0","0","0"
"POINT (13.526144072000022 52.423778610000056)","Unfall 200668 (2018) Kat:3, Licht: 0","200668","3","4","6","05","12","5","0","0","0","1","1","0"
"POINT (13.317510520000042 52.506099418000076)","Unfall 200669 (2018) Kat:3, Licht: 1","200669","3","2","5","05","20","4","1","1","0","1","0","0"
"POINT (13.442294164000032 52.546609811000053)","Unfall 200670 (2018) Kat:3, Licht: 0","200670","3","3","5","05","08","2","0","0","1","0","0","0"
"POINT (13.428955111000050 52.487392540000030)","Unfall 200671 (2018) Kat:3, Licht: 0","200671","3","2","2","05","11","5","0","0","0","1","0","1"
"POINT (13.467110046000073 52.559961181000062)","Unfall 200672 (2018) Kat:3, Licht: 0","200672","3","6","2","05","18","4","0","0","1","1","0","0"
"POINT (13.355962715000032 52.494588666000027)","Unfall 200673 (2018) Kat:2, Licht: 0","200673","2","4","6","05","19","4","0","0","1","0","1","0"
"POINT (13.441510518000030 52.551504020000039)","Unfall 200674 (2018) Kat:3, Licht: 0","200674","3","7","5","05","08","2","0","0","1","1","0","0"
"POINT (13.282100073000038 52.432918942000072)","Unfall 200675 (2018) Kat:3, Licht: 2","200675","3","2","2","05","22","5","0","2","1","1","0","0"
"POINT (13.217550080000024 52.560411362000082)","Unfall 200676 (2018) Kat:3, Licht: 0","200676","3","2","5","05","07","2","0","0","1","1","0","0"
"POINT (13.448822186000029 52.478621473000032)","Unfall 200677 (2018) Kat:3, Licht: 0","200677","3","4","6","05","11","5","0","0","0","1","1","0"
"POINT (13.382334960000037 52.489847899000040)","Unfall 200678 (2018) Kat:3, Licht: 0","200678","3","7","5","05","19","4","0","0","0","1","0","0"
"POINT (13.246540822000043 52.544243456000061)","Unfall 200679 (2018) Kat:3, Licht: 0","200679","3","6","3","05","06","2","0","0","0","1","0","0"
"POINT (13.374248246000036 52.527946355000040)","Unfall 200680 (2018) Kat:3, Licht: 0","200680","3","3","5","05","11","5","0","0","1","1","0","0"
"POINT (13.576860791000058 52.495382941000059)","Unfall 200681 (2018) Kat:3, Licht: 0","200681","3","2","5","05","17","4","0","0","1","1","0","0"
"POINT (13.526561093000055 52.485877311000081)","Unfall 200682 (2018) Kat:3, Licht: 0","200682","3","6","2","05","06","2","0","0","0","1","0","0"
"POINT (13.605579385000055 52.487795052000081)","Unfall 200683 (2018) Kat:3, Licht: 0","200683","3","3","5","05","11","5","0","0","1","1","0","0"
"POINT (13.208905829000059 52.564437084000076)","Unfall 200684 (2018) Kat:3, Licht: 0","200684","3","4","6","05","08","4","0","0","0","1","1","0"
"POINT (13.338695549000022 52.601311028000055)","Unfall 200685 (2018) Kat:3, Licht: 0","200685","3","4","6","05","07","4","0","0","0","1","1","0"
"POINT (13.469213570000022 52.531422178000071)","Unfall 200686 (2018) Kat:3, Licht: 0","200686","3","6","2","05","14","5","0","0","0","1","0","0"
"POINT (13.337939807000055 52.513803284000062)","Unfall 200687 (2018) Kat:3, Licht: 0","200687","3","2","5","05","07","4","0","0","1","0","0","0"
"POINT (13.406303093000076 52.398486895000076)","Unfall 200688 (2018) Kat:3, Licht: 0","200688","3","2","5","05","15","1","0","0","1","1","0","0"
"POINT (13.408921700000064 52.571094308000056)","Unfall 200689 (2018) Kat:3, Licht: 0","200689","3","6","2","05","09","5","0","0","1","1","0","0"
"POINT (13.402910297000062 52.493913740000039)","Unfall 200690 (2018) Kat:3, Licht: 0","200690","3","2","5","05","13","6","0","0","0","1","0","0"
"POINT (13.312997288000076 52.580582004000064)","Unfall 200691 (2018) Kat:3, Licht: 0","200691","3","4","6","05","17","4","0","0","0","1","1","0"
"POINT (13.378359879000072 52.477925904000074)","Unfall 200692 (2018) Kat:3, Licht: 0","200692","3","2","5","05","18","5","0","0","0","1","0","1"
"POINT (13.350761727000076 52.511593390000030)","Unfall 200693 (2018) Kat:3, Licht: 0","200693","3","6","6","05","11","4","0","0","1","0","1","0"
"POINT (13.328454097000076 52.464815553000051)","Unfall 200694 (2018) Kat:3, Licht: 0","200694","3","2","5","05","18","4","0","0","0","1","0","1"
"POINT (13.496193583000036 52.415755951000051)","Unfall 200695 (2018) Kat:3, Licht: 0","200695","3","2","0","05","16","4","0","0","0","1","0","0"
"POINT (13.339007539000022 52.492279575000055)","Unfall 200696 (2018) Kat:3, Licht: 0","200696","3","2","5","05","10","4","0","0","1","1","0","0"
"POINT (13.339771317000043 52.588009661000058)","Unfall 200697 (2018) Kat:3, Licht: 0","200697","3","2","5","05","13","6","0","0","1","0","0","0"
"POINT (13.347930643000041 52.596249965000027)","Unfall 200698 (2018) Kat:3, Licht: 0","200698","3","6","2","05","09","6","0","0","0","1","0","0"
"POINT (13.555324372000030 52.497884712000030)","Unfall 200699 (2018) Kat:3, Licht: 0","200699","3","3","5","05","16","4","0","0","1","1","0","0"
"POINT (13.428643738000062 52.581603807000079)","Unfall 200700 (2018) Kat:3, Licht: 0","200700","3","7","4","05","17","5","0","0","1","0","0","0"
"POINT (13.375218275000066 52.510025894000080)","Unfall 200701 (2018) Kat:3, Licht: 2","200701","3","5","1","05","21","4","0","2","1","1","0","0"
"POINT (13.387415005000037 52.525370147000046)","Unfall 200702 (2018) Kat:3, Licht: 0","200702","3","7","2","05","20","4","0","0","1","1","0","0"
"POINT (13.539967168000032 52.525940260000027)","Unfall 200703 (2018) Kat:3, Licht: 0","200703","3","2","5","05","16","5","0","0","1","1","0","0"
"POINT (13.322625711000057 52.486358130000042)","Unfall 200704 (2018) Kat:3, Licht: 0","200704","3","2","2","05","19","4","0","0","0","1","0","0"
"POINT (13.370656648000022 52.499948806000077)","Unfall 200705 (2018) Kat:3, Licht: 0","200705","3","3","5","05","15","5","0","0","1","1","0","0"
"POINT (13.305568468000047 52.513434842000038)","Unfall 200706 (2018) Kat:3, Licht: 0","200706","3","5","0","05","14","4","0","0","0","1","0","0"
"POINT (13.418437540000070 52.553523639000048)","Unfall 200707 (2018) Kat:3, Licht: 0","200707","3","3","5","05","06","5","0","0","1","1","0","0"
"POINT (13.154903046000072 52.521728059000054)","Unfall 200708 (2018) Kat:2, Licht: 0","200708","2","6","3","05","16","7","0","0","0","1","0","0"
"POINT (13.419824457000061 52.490008603000035)","Unfall 200709 (2018) Kat:3, Licht: 0","200709","3","7","2","05","19","4","0","0","1","0","0","0"
"POINT (13.588001353000038 52.524729853000053)","Unfall 200710 (2018) Kat:2, Licht: 0","200710","2","1","8","05","21","6","0","0","0","0","0","1"
"POINT (13.306486313000050 52.555063872000062)","Unfall 200711 (2018) Kat:3, Licht: 0","200711","3","6","2","05","08","6","0","0","0","1","0","0"
"POINT (13.525958603000049 52.493541809000078)","Unfall 200712 (2018) Kat:3, Licht: 0","200712","3","2","5","05","19","4","0","0","1","1","0","0"
"POINT (13.415750150000065 52.526696014000038)","Unfall 200713 (2018) Kat:3, Licht: 0","200713","3","2","5","05","15","5","0","0","1","0","0","0"
"POINT (13.405221930000039 52.505184706000080)","Unfall 200714 (2018) Kat:3, Licht: 0","200714","3","2","5","05","18","4","0","0","1","1","0","0"
"POINT (13.402306166000074 52.602881950000040)","Unfall 200715 (2018) Kat:3, Licht: 0","200715","3","2","5","05","17","4","0","0","1","1","0","0"
"POINT (13.398728611000024 52.488888270000075)","Unfall 200716 (2018) Kat:3, Licht: 0","200716","3","5","1","05","17","4","0","0","1","1","0","0"
"POINT (13.322773290000043 52.489054274000068)","Unfall 200717 (2018) Kat:3, Licht: 0","200717","3","5","5","05","18","6","0","0","1","1","0","0"
"POINT (13.311949950000042 52.500583903000063)","Unfall 200718 (2018) Kat:3, Licht: 2","200718","3","2","0","05","22","4","0","2","0","1","0","0"
"POINT (13.573405186000059 52.444473141000060)","Unfall 200719 (2018) Kat:2, Licht: 2","200719","2","4","6","05","22","4","0","2","0","0","1","0"
"POINT (13.328407782000056 52.467995376000033)","Unfall 200720 (2018) Kat:3, Licht: 0","200720","3","2","5","05","17","6","0","0","1","1","0","0"
"POINT (13.231364675000066 52.527766076000034)","Unfall 200721 (2018) Kat:3, Licht: 0","200721","3","7","6","05","10","5","0","0","1","0","1","0"
"POINT (13.327591809000069 52.468986166000036)","Unfall 200722 (2018) Kat:3, Licht: 0","200722","3","1","0","05","18","4","0","0","1","0","0","0"
"POINT (13.494545229000039 52.503702813000075)","Unfall 200723 (2018) Kat:3, Licht: 0","200723","3","4","0","05","15","4","0","0","0","0","1","0"
"POINT (13.460906961000035 52.529793865000045)","Unfall 200724 (2018) Kat:3, Licht: 0","200724","3","3","5","05","15","4","0","0","1","0","0","0"
"POINT (13.495963618000076 52.566887142000041)","Unfall 200725 (2018) Kat:3, Licht: 0","200725","3","3","5","05","15","4","0","0","1","1","0","0"
"POINT (13.617131983000036 52.455295272000058)","Unfall 200726 (2018) Kat:3, Licht: 0","200726","3","3","0","05","16","4","0","0","1","1","0","0"
"POINT (13.422673296000028 52.544625789000065)","Unfall 200727 (2018) Kat:3, Licht: 0","200727","3","3","5","05","15","6","0","0","0","1","0","0"
"POINT (13.245460371000036 52.439953146000050)","Unfall 200728 (2018) Kat:3, Licht: 0","200728","3","5","1","05","16","4","0","0","1","0","0","0"
"POINT (13.425168045000078 52.527936576000059)","Unfall 200729 (2018) Kat:3, Licht: 0","200729","3","6","2","05","19","5","0","0","0","1","0","1"
"POINT (13.430163750000077 52.510147419000077)","Unfall 200730 (2018) Kat:3, Licht: 0","200730","3","2","5","05","16","4","0","0","1","1","0","0"
"POINT (13.297901859000035 52.578163705000065)","Unfall 200731 (2018) Kat:3, Licht: 0","200731","3","2","6","05","15","4","0","0","0","1","1","0"
"POINT (13.470241249000026 52.515466526000068)","Unfall 200732 (2018) Kat:3, Licht: 1","200732","3","5","1","05","20","5","0","1","1","0","0","0"
"POINT (13.444533959000069 52.501014560000044)","Unfall 200733 (2018) Kat:3, Licht: 0","200733","3","2","5","05","15","4","0","0","1","1","0","0"
"POINT (13.421462914000074 52.575403649000066)","Unfall 200734 (2018) Kat:3, Licht: 0","200734","3","3","5","05","15","4","0","0","0","1","0","0"
"POINT (13.354481791000069 52.509659981000027)","Unfall 200735 (2018) Kat:3, Licht: 0","200735","3","6","3","05","15","4","0","0","0","1","0","1"
"POINT (13.230810818000066 52.609286705000045)","Unfall 200736 (2018) Kat:2, Licht: 0","200736","2","3","5","05","16","4","0","0","0","1","0","1"