WKT,Name,OBJECTID,UKATEGORIE,UTYP1,UART,UMONAT,USTUNDE,UWOCHENTAG,STRZUSTAND,ULICHTVERH,ISTRAD,ISTPKW,ISTFUSS,ISTKRAD
"POINT (13.508769676000043 52.452587541000071)","Unfall 200737 (2018) Kat:3, Licht: 0","200737","3","6","2","05","14","5","0","0","0","0","0","1"
"POINT (13.576513825000063 52.561368268000081)","Unfall 200738 (2018) Kat:2, Licht: 0","200738","2","3","5","05","16","4","0","0","1","1","0","0"
"POINT (13.454006979000042 52.469179878000034)","Unfall 200739 (2018) Kat:3, Licht: 0","200739","3","3","5","05","12","6","0","0","0","1","0","1"
"POINT (13.229517391000059 52.585188185000050)","Unfall 200740 (2018) Kat:2, Licht: 0","200740","2","3","5","05","15","4","0","0","1","1","0","0"
"POINT (13.508234328000071 52.450365332000047)","Unfall 200741 (2018) Kat:3, Licht: 0","200741","3","3","5","05","20","5","0","0","1","1","0","0"
"POINT (13.466179164000039 52.496901040000068)","Unfall 200742 (2018) Kat:2, Licht: 0","200742","2","2","5","05","15","4","0","0","1","1","0","0"
"POINT (13.261625565000031 52.543071948000033)","Unfall 200743 (2018) Kat:3, Licht: 0","200743","3","3","5","05","14","5","0","0","0","1","0","0"
"POINT (13.426978171000030 52.511798151000050)","Unfall 200744 (2018) Kat:2, Licht: 0","200744","2","2","5","05","15","4","0","0","0","1","0","0"
"POINT (13.371245584000064 52.511133288000053)","Unfall 200745 (2018) Kat:3, Licht: 0","200745","3","2","5","05","05","5","0","0","1","0","0","1"
"POINT (13.512589838000054 52.555234518000077)","Unfall 200746 (2018) Kat:2, Licht: 0","200746","2","4","6","05","17","4","0","0","0","1","1","0"
"POINT (13.196335666000039 52.546215432000054)","Unfall 200747 (2018) Kat:3, Licht: 2","200747","3","1","1","05","23","6","0","2","0","1","0","0"
"POINT (13.306765841000072 52.500889372000074)","Unfall 200748 (2018) Kat:3, Licht: 0","200748","3","2","6","05","18","5","0","0","0","1","1","0"
"POINT (13.371910987000035 52.446710153000026)","Unfall 200749 (2018) Kat:3, Licht: 0","200749","3","3","5","05","07","4","0","0","0","1","0","0"
"POINT (13.341124976000060 52.463930449000031)","Unfall 200750 (2018) Kat:3, Licht: 0","200750","3","2","5","05","07","4","0","0","1","1","0","0"
"POINT (13.206485834000034 52.534827466000081)","Unfall 200751 (2018) Kat:3, Licht: 0","200751","3","4","6","05","17","6","0","0","1","0","1","0"
"POINT (13.359723974000076 52.549013586000058)","Unfall 200752 (2018) Kat:3, Licht: 0","200752","3","1","0","05","06","6","0","0","0","0","0","1"
"POINT (13.199107174000062 52.534850445000075)","Unfall 200753 (2018) Kat:3, Licht: 0","200753","3","6","2","05","07","4","0","0","0","1","0","0"
"POINT (13.223436208000066 52.537289571000031)","Unfall 200754 (2018) Kat:3, Licht: 0","200754","3","6","2","05","16","5","0","0","0","1","0","1"
"POINT (13.372122533000038 52.469786505000059)","Unfall 200755 (2018) Kat:3, Licht: 0","200755","3","2","5","05","06","4","0","0","0","1","0","0"
"POINT (13.126993494000033 52.477097018000052)","Unfall 200756 (2018) Kat:3, Licht: 0","200756","3","6","3","05","14","5","0","0","1","0","0","0"
"POINT (13.440683626000066 52.517266670000026)","Unfall 200757 (2018) Kat:3, Licht: 0","200757","3","2","5","05","06","4","0","0","1","0","0","0"
"POINT (13.274818491000076 52.541602661000070)","Unfall 200758 (2018) Kat:3, Licht: 0","200758","3","5","1","05","12","7","0","0","0","1","0","1"
"POINT (13.415280573000075 52.520691157000044)","Unfall 200759 (2018) Kat:3, Licht: 0","200759","3","6","2","05","06","4","0","0","0","1","0","1"
"POINT (13.394041327000025 52.532199977000062)","Unfall 200760 (2018) Kat:3, Licht: 0","200760","3","3","5","05","15","6","0","0","1","1","0","0"
"POINT (13.381350826000073 52.555879908000065)","Unfall 200761 (2018) Kat:3, Licht: 0","200761","3","6","4","05","07","6","0","0","1","0","0","0"
"POINT (13.314508321000062 52.510232395000060)","Unfall 200762 (2018) Kat:3, Licht: 2","200762","3","6","4","05","00","4","0","2","1","0","0","0"
"POINT (13.341869010000039 52.458767568000042)","Unfall 200763 (2018) Kat:3, Licht: 0","200763","3","5","1","05","09","6","0","0","1","1","0","0"
"POINT (13.339697747000059 52.525752446000070)","Unfall 200764 (2018) Kat:3, Licht: 0","200764","3","6","0","05","06","4","0","0","0","1","0","1"
"POINT (13.512071241000058 52.568061281000041)","Unfall 200765 (2018) Kat:3, Licht: 0","200765","3","6","2","05","17","5","0","0","1","0","0","0"
"POINT (13.165076638000073 52.533468117000041)","Unfall 200766 (2018) Kat:2, Licht: 0","200766","2","6","3","05","06","4","0","0","0","1","0","0"
"POINT (13.328792834000069 52.436222396000062)","Unfall 200767 (2018) Kat:3, Licht: 0","200767","3","7","6","05","13","4","0","0","0","1","1","0"
"POINT (13.346175797000058 52.524971624000045)","Unfall 200768 (2018) Kat:3, Licht: 0","200768","3","2","5","05","13","4","0","0","1","1","0","0"
"POINT (13.479700983000043 52.498513251000077)","Unfall 200769 (2018) Kat:3, Licht: 0","200769","3","6","2","05","17","6","0","0","1","1","0","0"
"POINT (13.344552191000048 52.538385568000081)","Unfall 200770 (2018) Kat:3, Licht: 0","200770","3","2","6","05","13","5","0","0","0","1","1","0"
"POINT (13.328676281000071 52.465253642000050)","Unfall 200771 (2018) Kat:3, Licht: 0","200771","3","4","6","05","06","4","0","0","1","0","1","0"
"POINT (13.432713994000039 52.478383729000029)","Unfall 200772 (2018) Kat:3, Licht: 0","200772","3","2","2","05","12","4","0","0","0","1","0","0"
"POINT (13.426987836000023 52.552213217000030)","Unfall 200773 (2018) Kat:2, Licht: 0","200773","2","3","5","05","16","5","0","0","1","1","0","0"
"POINT (13.544202803000076 52.540901552000037)","Unfall 200774 (2018) Kat:3, Licht: 0","200774","3","4","6","05","07","5","0","0","1","0","1","0"
"POINT (13.426761763000059 52.476167648000057)","Unfall 200775 (2018) Kat:3, Licht: 0","200775","3","2","5","05","12","4","0","0","1","0","0","0"
"POINT (13.446521822000022 52.498631444000068)","Unfall 200776 (2018) Kat:3, Licht: 0","200776","3","5","1","05","14","1","0","0","1","1","0","0"
"POINT (13.376743951000037 52.491456705000076)","Unfall 200777 (2018) Kat:3, Licht: 0","200777","3","2","5","05","12","4","0","0","1","1","0","0"
"POINT (13.250365541000065 52.453424796000036)","Unfall 200778 (2018) Kat:3, Licht: 0","200778","3","3","5","05","12","4","0","0","1","1","0","0"
"POINT (13.391664389000027 52.543756794000046)","Unfall 200779 (2018) Kat:3, Licht: 0","200779","3","7","6","05","11","4","0","0","0","1","1","0"
"POINT (13.385419889000048 52.467123049000065)","Unfall 200780 (2018) Kat:2, Licht: 0","200780","2","3","5","05","16","6","0","0","0","1","0","0"
"POINT (13.433295116000068 52.529160810000064)","Unfall 200781 (2018) Kat:3, Licht: 0","200781","3","4","6","05","11","4","0","0","1","0","1","0"
"POINT (13.355594630000041 52.459901301000059)","Unfall 200782 (2018) Kat:2, Licht: 0","200782","2","7","4","05","20","5","0","0","1","0","0","0"
"POINT (13.197181818000047 52.543788515000074)","Unfall 200783 (2018) Kat:3, Licht: 0","200783","3","6","3","05","10","4","0","0","0","1","0","0"
"POINT (13.424876816000051 52.528116311000076)","Unfall 200784 (2018) Kat:3, Licht: 0","200784","3","6","3","05","10","4","0","0","1","0","0","0"
"POINT (13.179866908000065 52.503684123000028)","Unfall 200785 (2018) Kat:3, Licht: 0","200785","3","1","1","05","18","5","0","0","0","1","0","0"
"POINT (13.243072414000039 52.601593520000051)","Unfall 200786 (2018) Kat:3, Licht: 0","200786","3","3","5","05","10","4","0","0","0","1","0","1"
"POINT (13.312441330000070 52.422291711000071)","Unfall 200787 (2018) Kat:2, Licht: 0","200787","2","4","6","05","10","4","0","0","0","1","1","0"
"POINT (13.433606876000056 52.505051965000064)","Unfall 200788 (2018) Kat:3, Licht: 0","200788","3","6","2","05","13","5","0","0","0","1","0","0"
"POINT (13.532076034000056 52.567939559000081)","Unfall 200789 (2018) Kat:3, Licht: 0","200789","3","4","6","05","07","6","0","0","0","0","1","1"
"POINT (13.553060271000049 52.439711530000068)","Unfall 200790 (2018) Kat:3, Licht: 0","200790","3","4","6","05","10","4","0","0","0","1","1","0"
"POINT (13.324933273000056 52.608193117000042)","Unfall 200791 (2018) Kat:3, Licht: 0","200791","3","2","5","05","06","5","0","0","0","1","0","1"
"POINT (13.431417204000070 52.580591432000062)","Unfall 200792 (2018) Kat:3, Licht: 0","200792","3","7","5","05","16","5","0","0","0","1","0","0"
"POINT (13.396655352000039 52.532458133000034)","Unfall 200793 (2018) Kat:3, Licht: 0","200793","3","1","0","05","09","4","0","0","1","0","0","0"
"POINT (13.307023356000059 52.525731963000055)","Unfall 200794 (2018) Kat:3, Licht: 0","200794","3","5","1","05","08","4","0","0","0","1","0","1"
"POINT (13.259329418000050 52.430745213000080)","Unfall 200795 (2018) Kat:2, Licht: 0","200795","2","3","5","05","05","6","0","0","1","0","0","0"
"POINT (13.340450616000055 52.488280186000054)","Unfall 200796 (2018) Kat:2, Licht: 0","200796","2","6","2","05","17","3","0","0","1","0","0","0"
"POINT (13.316941888000031 52.506051433000039)","Unfall 200797 (2018) Kat:3, Licht: 0","200797","3","7","6","05","19","5","0","0","0","0","1","0"
"POINT (13.391831844000023 52.510423879000030)","Unfall 200798 (2018) Kat:3, Licht: 0","200798","3","6","3","05","18","3","0","0","1","1","0","0"
"POINT (13.565259648000051 52.544796384000051)","Unfall 200799 (2018) Kat:3, Licht: 0","200799","3","6","2","05","16","3","0","0","0","1","0","1"
"POINT (13.299377456000059 52.440518421000036)","Unfall 200800 (2018) Kat:2, Licht: 0","200800","2","2","5","05","08","5","0","0","0","1","0","1"
"POINT (13.448643612000069 52.526560312000072)","Unfall 200801 (2018) Kat:2, Licht: 0","200801","2","6","3","05","11","3","0","0","0","0","0","1"
"POINT (13.429963470000075 52.523287054000036)","Unfall 200802 (2018) Kat:3, Licht: 0","200802","3","2","5","05","11","3","0","0","1","1","0","0"
"POINT (13.380550832000040 52.574686751000058)","Unfall 200803 (2018) Kat:3, Licht: 0","200803","3","6","3","05","17","6","0","0","0","1","0","1"
"POINT (13.509761386000037 52.639931331000071)","Unfall 200804 (2018) Kat:3, Licht: 0","200804","3","3","5","05","10","6","0","0","1","1","0","0"
"POINT (13.459959362000063 52.557062211000073)","Unfall 200805 (2018) Kat:3, Licht: 0","200805","3","3","5","05","06","3","0","0","1","0","0","1"
"POINT (13.416581402000077 52.523664229000076)","Unfall 200806 (2018) Kat:2, Licht: 0","200806","2","1","0","05","08","5","0","0","1","0","0","0"
"POINT (13.291591490000030 52.510706461000041)","Unfall 200807 (2018) Kat:3, Licht: 0","200807","3","3","5","05","17","5","0","0","1","1","0","0"
"POINT (13.393737376000047 52.528607269000076)","Unfall 200808 (2018) Kat:3, Licht: 0","200808","3","2","4","05","12","1","0","0","0","1","0","1"
"POINT (13.540037565000034 52.450712067000040)","Unfall 200809 (2018) Kat:3, Licht: 0","200809","3","3","2","05","14","3","0","0","1","0","0","0"
"POINT (13.491964577000033 52.565167921000068)","Unfall 200810 (2018) Kat:3, Licht: 0","200810","3","6","2","05","13","5","0","0","0","1","0","0"
"POINT (13.198515714000052 52.542868777000081)","Unfall 200811 (2018) Kat:3, Licht: 0","200811","3","2","5","05","21","3","0","0","0","1","0","0"
"POINT (13.525511960000074 52.407634249000068)","Unfall 200812 (2018) Kat:3, Licht: 0","200812","3","1","0","05","16","6","0","0","1","1","0","0"
"POINT (13.253105870000070 52.547724324000058)","Unfall 200813 (2018) Kat:3, Licht: 0","200813","3","7","5","05","19","3","0","0","1","1","0","0"
"POINT (13.409370506000073 52.488753034000069)","Unfall 200814 (2018) Kat:3, Licht: 0","200814","3","6","0","05","16","7","0","0","1","1","0","0"
"POINT (13.410170426000036 52.430225930000063)","Unfall 200815 (2018) Kat:3, Licht: 0","200815","3","3","5","05","18","3","0","0","0","1","0","0"
"POINT (13.386547252000071 52.505515137000032)","Unfall 200816 (2018) Kat:3, Licht: 0","200816","3","2","2","05","19","6","0","0","1","0","0","0"
"POINT (13.440569625000023 52.553759795000076)","Unfall 200817 (2018) Kat:3, Licht: 0","200817","3","3","5","05","08","6","0","0","1","1","0","0"
"POINT (13.449303104000023 52.474029067000060)","Unfall 200818 (2018) Kat:3, Licht: 0","200818","3","6","2","05","19","3","0","0","1","1","0","0"
"POINT (13.328827118000049 52.503188171000033)","Unfall 200819 (2018) Kat:3, Licht: 0","200819","3","7","6","05","13","5","0","0","0","1","1","0"
"POINT (13.500950406000072 52.566571899000053)","Unfall 200820 (2018) Kat:3, Licht: 0","200820","3","2","5","05","16","5","0","0","1","1","0","0"
"POINT (13.390575694000063 52.567759022000075)","Unfall 200821 (2018) Kat:3, Licht: 0","200821","3","2","4","05","17","3","0","0","1","1","0","0"
"POINT (13.232792744000051 52.527532653000037)","Unfall 200822 (2018) Kat:3, Licht: 0","200822","3","3","5","05","17","3","0","0","0","1","0","1"
"POINT (13.262062655000022 52.438232222000067)","Unfall 200823 (2018) Kat:3, Licht: 0","200823","3","2","5","05","16","3","0","0","1","1","0","0"
"POINT (13.376740996000024 52.490376110000057)","Unfall 200824 (2018) Kat:3, Licht: 0","200824","3","5","5","05","18","6","0","0","1","1","0","0"
"POINT (13.369537738000076 52.458312799000055)","Unfall 200825 (2018) Kat:3, Licht: 0","200825","3","1","0","05","18","3","0","0","0","0","0","1"
"POINT (13.440773108000030 52.568310046000079)","Unfall 200826 (2018) Kat:2, Licht: 0","200826","2","6","3","05","09","5","0","0","1","1","0","0"
"POINT (13.255864561000067 52.451245724000046)","Unfall 200827 (2018) Kat:3, Licht: 0","200827","3","7","0","05","17","3","0","0","1","0","0","0"
"POINT (13.405052350000062 52.540736608000032)","Unfall 200828 (2018) Kat:2, Licht: 0","200828","2","1","0","05","15","6","0","0","1","0","0","0"
"POINT (13.296393006000073 52.529283642000053)","Unfall 200829 (2018) Kat:3, Licht: 0","200829","3","2","5","05","16","3","0","0","0","1","0","0"
"POINT (13.281280930000037 52.512782309000045)","Unfall 200830 (2018) Kat:3, Licht: 0","200830","3","2","5","05","16","3","0","0","1","1","0","0"
"POINT (13.286875101000021 52.417816210000069)","Unfall 200831 (2018) Kat:2, Licht: 0","200831","2","2","6","05","12","5","0","0","0","1","1","0"
"POINT (13.309742814000060 52.476307014000042)","Unfall 200832 (2018) Kat:3, Licht: 0","200832","3","3","5","05","15","3","0","0","0","1","0","0"
"POINT (13.258872650000058 52.548137844000053)","Unfall 200833 (2018) Kat:2, Licht: 0","200833","2","2","5","05","15","3","0","0","1","1","0","0"
"POINT (13.398398506000035 52.419541915000082)","Unfall 200834 (2018) Kat:2, Licht: 0","200834","2","2","5","05","15","3","0","0","0","1","0","0"
"POINT (13.377349831000060 52.542407261000051)","Unfall 200835 (2018) Kat:2, Licht: 0","200835","2","2","0","05","20","6","0","0","0","1","0","1"
"POINT (13.467091414000038 52.428333942000052)","Unfall 200836 (2018) Kat:3, Licht: 0","200836","3","6","3","05","14","3","0","0","0","1","0","1"
"POINT (13.588252341000043 52.539298153000061)","Unfall 200837 (2018) Kat:3, Licht: 0","200837","3","4","6","05","19","5","0","0","0","1","1","0"
"POINT (13.375655340000037 52.455332557000077)","Unfall 200838 (2018) Kat:3, Licht: 0","200838","3","3","5","05","14","3","0","0","1","1","0","0"
"POINT (13.259956878000025 52.428535026000077)","Unfall 200839 (2018) Kat:3, Licht: 0","200839","3","7","6","05","14","3","0","0","1","0","1","0"
"POINT (13.362898426000072 52.562302002000081)","Unfall 200840 (2018) Kat:3, Licht: 0","200840","3","6","2","05","12","5","0","0","0","1","0","0"
"POINT (13.536138494000056 52.460105816000066)","Unfall 200841 (2018) Kat:3, Licht: 0","200841","3","2","5","05","14","3","0","0","1","1","0","0"
"POINT (13.322048043000052 52.494609551000053)","Unfall 200842 (2018) Kat:3, Licht: 0","200842","3","7","2","05","14","3","0","0","1","0","0","0"
"POINT (13.141631133000033 52.455453993000049)","Unfall 200843 (2018) Kat:3, Licht: 0","200843","3","7","8","05","13","7","0","0","0","1","0","0"
"POINT (13.466378754000061 52.532257211000058)","Unfall 200844 (2018) Kat:3, Licht: 0","200844","3","7","1","05","13","3","0","0","0","1","0","0"
"POINT (13.403509966000058 52.528955904000043)","Unfall 200845 (2018) Kat:2, Licht: 0","200845","2","5","1","05","11","5","0","0","1","1","0","0"
"POINT (13.346530790000031 52.509869437000077)","Unfall 200846 (2018) Kat:3, Licht: 0","200846","3","5","1","05","13","3","0","0","1","1","0","0"
"POINT (13.388198853000063 52.502318330000037)","Unfall 200847 (2018) Kat:3, Licht: 2","200847","3","5","1","05","00","1","0","2","1","1","0","0"
"POINT (13.415252893000059 52.487980018000030)","Unfall 200848 (2018) Kat:3, Licht: 0","200848","3","6","3","05","13","3","0","0","1","0","0","0"
"POINT (13.514029592000043 52.462305226000069)","Unfall 200849 (2018) Kat:3, Licht: 0","200849","3","4","6","05","16","6","0","0","1","0","1","0"
"POINT (13.240357445000029 52.511927481000043)","Unfall 200850 (2018) Kat:2, Licht: 0","200850","2","2","5","05","13","3","0","0","0","1","0","1"
"POINT (13.267466259000059 52.408398820000059)","Unfall 200851 (2018) Kat:3, Licht: 0","200851","3","3","5","05","11","5","0","0","1","1","0","0"
"POINT (13.433407308000028 52.482110713000054)","Unfall 200852 (2018) Kat:3, Licht: 0","200852","3","1","0","05","19","5","0","0","1","0","0","0"
"POINT (13.405419217000031 52.463658334000058)","Unfall 200853 (2018) Kat:2, Licht: 0","200853","2","6","3","05","12","3","0","0","0","1","0","1"
"POINT (13.261381737000022 52.436815243000069)","Unfall 200854 (2018) Kat:3, Licht: 0","200854","3","7","6","05","12","3","0","0","0","1","1","0"
"POINT (13.384601711000073 52.591193798000063)","Unfall 200855 (2018) Kat:3, Licht: 0","200855","3","6","2","05","10","5","0","0","0","1","0","1"
"POINT (13.490430202000027 52.427855062000049)","Unfall 200856 (2018) Kat:3, Licht: 0","200856","3","3","5","05","08","5","0","0","0","1","0","0"
"POINT (13.498525075000032 52.515706035000051)","Unfall 200857 (2018) Kat:3, Licht: 0","200857","3","2","4","05","10","3","0","0","0","1","0","0"
"POINT (13.300574284000049 52.517114891000062)","Unfall 200858 (2018) Kat:3, Licht: 0","200858","3","2","5","05","10","3","0","0","0","1","0","0"
"POINT (13.319138775000056 52.453984259000038)","Unfall 200859 (2018) Kat:3, Licht: 0","200859","3","6","2","05","16","6","0","0","0","1","0","1"
"POINT (13.323186656000075 52.464515521000067)","Unfall 200860 (2018) Kat:3, Licht: 0","200860","3","3","5","05","09","6","0","0","1","1","0","0"
"POINT (13.329597622000051 52.495308197000043)","Unfall 200861 (2018) Kat:3, Licht: 0","200861","3","6","3","05","10","3","0","0","0","1","0","1"
"POINT (13.331237423000061 52.419984904000046)","Unfall 200862 (2018) Kat:3, Licht: 0","200862","3","2","5","05","10","5","0","0","1","1","0","0"
"POINT (13.408367159000022 52.584321387000045)","Unfall 200863 (2018) Kat:3, Licht: 0","200863","3","2","2","05","12","6","0","0","0","0","0","1"
"POINT (13.428604652000047 52.519532325000057)","Unfall 200864 (2018) Kat:3, Licht: 0","200864","3","3","5","05","10","3","0","0","0","1","0","0"
"POINT (13.342590338000036 52.547261871000046)","Unfall 200865 (2018) Kat:2, Licht: 0","200865","2","7","5","05","10","5","0","0","0","1","0","0"
"POINT (13.229387900000063 52.625336956000069)","Unfall 200866 (2018) Kat:3, Licht: 0","200866","3","7","6","05","16","5","0","0","1","0","1","0"
"POINT (13.483617869000057 52.479907284000035)","Unfall 200867 (2018) Kat:3, Licht: 0","200867","3","7","2","05","09","3","0","0","0","1","0","0"
"POINT (13.389958156000034 52.510002072000077)","Unfall 200868 (2018) Kat:3, Licht: 0","200868","3","4","6","05","09","3","0","0","0","1","1","0"
"POINT (13.287004416000059 52.417850497000074)","Unfall 200869 (2018) Kat:3, Licht: 0","200869","3","2","5","05","10","5","0","0","0","1","0","1"
"POINT (13.367276459000038 52.522480918000042)","Unfall 200870 (2018) Kat:3, Licht: 0","200870","3","2","5","05","14","7","0","0","0","1","0","1"
"POINT (13.430951602000050 52.452466229000038)","Unfall 200871 (2018) Kat:3, Licht: 0","200871","3","6","3","05","09","3","0","0","0","1","0","1"
"POINT (13.532079180000039 52.484110322000049)","Unfall 200872 (2018) Kat:3, Licht: 0","200872","3","3","5","05","15","6","0","0","1","1","0","0"
"POINT (13.450051206000069 52.476609232000044)","Unfall 200873 (2018) Kat:3, Licht: 0","200873","3","2","5","05","15","5","0","0","1","1","0","0"
"POINT (13.281283434000045 52.512765226000056)","Unfall 200874 (2018) Kat:2, Licht: 0","200874","2","4","6","05","08","6","0","0","0","0","1","0"
"POINT (13.315382443000033 52.503151426000045)","Unfall 200875 (2018) Kat:3, Licht: 0","200875","3","2","5","05","09","3","0","0","1","1","0","0"
"POINT (13.346120025000062 52.524978634000036)","Unfall 200876 (2018) Kat:3, Licht: 0","200876","3","2","5","05","10","5","0","0","1","1","0","0"
"POINT (13.567446550000057 52.573322647000055)","Unfall 200877 (2018) Kat:3, Licht: 0","200877","3","3","5","05","07","3","0","0","0","1","0","0"
"POINT (13.346061915000064 52.504060093000078)","Unfall 200878 (2018) Kat:3, Licht: 0","200878","3","2","5","05","09","3","0","0","1","1","0","0"
"POINT (13.579691989000025 52.418388288000074)","Unfall 200879 (2018) Kat:2, Licht: 0","200879","2","7","9","05","09","5","0","0","0","1","0","0"
"POINT (13.291608779000057 52.595945655000037)","Unfall 200880 (2018) Kat:3, Licht: 0","200880","3","2","5","05","17","5","0","0","0","1","0","0"
"POINT (13.343362176000028 52.525318649000042)","Unfall 200881 (2018) Kat:3, Licht: 0","200881","3","6","2","05","09","3","0","0","0","1","0","0"
"POINT (13.375084431000062 52.455416687000081)","Unfall 200882 (2018) Kat:3, Licht: 0","200882","3","2","2","05","08","3","0","0","1","1","0","0"
"POINT (13.408022383000059 52.517745582000032)","Unfall 200883 (2018) Kat:3, Licht: 0","200883","3","6","2","05","09","5","0","0","1","1","0","0"
"POINT (13.331155245000048 52.493160834000037)","Unfall 200884 (2018) Kat:2, Licht: 0","200884","2","4","6","05","08","3","0","0","1","0","1","0"
"POINT (13.506392227000049 52.402999009000041)","Unfall 200885 (2018) Kat:3, Licht: 0","200885","3","3","5","05","17","6","0","0","1","1","0","0"
"POINT (13.286630609000042 52.518804338000052)","Unfall 200886 (2018) Kat:3, Licht: 0","200886","3","2","0","05","07","5","0","0","0","1","0","1"
"POINT (13.384995113000059 52.548976766000067)","Unfall 200887 (2018) Kat:3, Licht: 0","200887","3","6","2","05","08","3","0","0","0","1","0","1"
"POINT (13.494828872000028 52.545434117000070)","Unfall 200888 (2018) Kat:3, Licht: 0","200888","3","3","5","05","07","3","0","0","1","1","0","0"
"POINT (13.305566853000073 52.582044120000035)","Unfall 200889 (2018) Kat:3, Licht: 0","200889","3","4","6","05","09","5","0","0","0","1","1","0"
"POINT (13.441582962000041 52.547611052000036)","Unfall 200890 (2018) Kat:3, Licht: 0","200890","3","7","6","05","07","3","0","0","0","1","1","0"
"POINT (13.331081068000060 52.495359471000029)","Unfall 200891 (2018) Kat:3, Licht: 0","200891","3","2","5","05","13","1","0","0","0","1","0","0"
"POINT (13.558528209000031 52.493906177000042)","Unfall 200892 (2018) Kat:3, Licht: 0","200892","3","3","5","05","07","3","0","0","0","1","0","0"
"POINT (13.348025941000060 52.414693749000037)","Unfall 200893 (2018) Kat:2, Licht: 0","200893","2","2","6","05","14","6","0","0","0","1","1","0"
"POINT (13.525707477000026 52.464750489000039)","Unfall 200894 (2018) Kat:3, Licht: 0","200894","3","3","5","05","07","3","0","0","1","0","0","0"
"POINT (13.290177210000024 52.473497777000034)","Unfall 200895 (2018) Kat:3, Licht: 0","200895","3","2","6","05","16","3","0","0","0","1","1","0"
"POINT (13.219173308000052 52.596340884000028)","Unfall 200896 (2018) Kat:3, Licht: 0","200896","3","2","5","05","19","6","0","0","0","1","0","0"
"POINT (13.590821052000024 52.514142002000028)","Unfall 200897 (2018) Kat:2, Licht: 2","200897","2","3","0","05","23","2","0","2","1","0","0","0"
"POINT (13.384951712000031 52.556957430000068)","Unfall 200898 (2018) Kat:3, Licht: 1","200898","3","4","6","05","21","5","0","1","0","1","1","0"
"POINT (13.351522588000023 52.509559311000032)","Unfall 200899 (2018) Kat:3, Licht: 0","200899","3","2","5","05","10","2","0","0","1","1","0","0"
"POINT (13.463535448000073 52.463463684000033)","Unfall 200900 (2018) Kat:3, Licht: 0","200900","3","2","5","05","17","2","0","0","1","1","0","0"
"POINT (13.390463451000073 52.562978056000077)","Unfall 200901 (2018) Kat:3, Licht: 0","200901","3","2","5","05","09","5","0","0","1","1","0","0"
"POINT (13.358029233000025 52.569560953000064)","Unfall 200902 (2018) Kat:3, Licht: 0","200902","3","4","6","05","09","2","0","0","0","1","1","0"
"POINT (13.319725037000069 52.452799889000062)","Unfall 200903 (2018) Kat:3, Licht: 0","200903","3","5","1","05","14","2","0","0","0","1","0","1"
"POINT (13.425468689000070 52.479780745000028)","Unfall 200904 (2018) Kat:3, Licht: 0","200904","3","2","5","05","16","5","0","0","0","1","0","0"
"POINT (13.331087349000029 52.495393360000037)","Unfall 200905 (2018) Kat:3, Licht: 0","200905","3","3","5","05","15","2","0","0","0","1","0","0"
"POINT (13.398394136000036 52.419541023000079)","Unfall 200906 (2018) Kat:3, Licht: 0","200906","3","2","5","05","18","6","0","0","0","1","0","0"
"POINT (13.545253730000070 52.425728399000036)","Unfall 200907 (2018) Kat:3, Licht: 0","200907","3","2","5","05","13","2","0","0","0","1","0","0"
"POINT (13.423291739000035 52.585794486000054)","Unfall 200908 (2018) Kat:2, Licht: 0","200908","2","4","6","05","09","5","0","0","0","1","1","0"
"POINT (13.178162993000058 52.548936291000075)","Unfall 200909 (2018) Kat:3, Licht: 0","200909","3","3","5","05","16","5","0","0","1","1","0","0"
"POINT (13.498051112000041 52.513999978000072)","Unfall 200910 (2018) Kat:3, Licht: 0","200910","3","3","5","05","17","2","0","0","0","1","0","1"
"POINT (13.354690983000069 52.458725561000051)","Unfall 200911 (2018) Kat:3, Licht: 0","200911","3","7","6","05","17","2","0","0","0","1","1","0"
"POINT (13.438717259000043 52.464613913000051)","Unfall 200912 (2018) Kat:3, Licht: 0","200912","3","5","1","05","09","5","0","0","0","1","0","1"
"POINT (13.410034112000062 52.528755190000027)","Unfall 200913 (2018) Kat:3, Licht: 0","200913","3","4","6","05","18","5","0","0","1","0","1","0"
"POINT (13.395920258000046 52.498082720000070)","Unfall 200914 (2018) Kat:3, Licht: 2","200914","3","7","6","05","21","2","0","2","0","1","1","0"
"POINT (13.402649305000068 52.533476984000060)","Unfall 200915 (2018) Kat:3, Licht: 0","200915","3","4","0","05","19","2","0","0","1","0","1","0"
"POINT (13.348399741000037 52.458921017000080)","Unfall 200916 (2018) Kat:3, Licht: 0","200916","3","2","0","05","18","2","0","0","1","0","0","1"
"POINT (13.452880968000045 52.546633242000041)","Unfall 200917 (2018) Kat:3, Licht: 0","200917","3","5","1","05","19","2","0","0","1","1","0","0"
"POINT (13.361209855000027 52.531505407000054)","Unfall 200918 (2018) Kat:3, Licht: 0","200918","3","6","3","05","07","6","0","0","1","1","0","0"
"POINT (13.306365216000074 52.519224218000033)","Unfall 200919 (2018) Kat:3, Licht: 0","200919","3","2","5","05","11","6","0","0","0","1","0","1"
"POINT (13.425061290000031 52.480804358000057)","Unfall 200920 (2018) Kat:2, Licht: 0","200920","2","2","5","05","18","2","0","0","1","1","0","0"
"POINT (13.455628059000048 52.528325189000043)","Unfall 200921 (2018) Kat:3, Licht: 0","200921","3","6","3","05","15","5","0","0","0","1","0","0"