WKT,Name,OBJECTID,UKATEGORIE,UTYP1,UART,UMONAT,USTUNDE,UWOCHENTAG,STRZUSTAND,ULICHTVERH,ISTRAD,ISTPKW,ISTFUSS,ISTKRAD
"POINT (13.394715787000052 52.524523573000067)","Unfall 200922 (2018) Kat:2, Licht: 0","200922","2","1","0","05","17","2","0","0","1","0","0","0"
"POINT (13.555790851000040 52.520104520000075)","Unfall 200923 (2018) Kat:2, Licht: 0","200923","2","3","1","05","13","2","0","0","0","1","0","1"
"POINT (13.191254182000023 52.536359541000081)","Unfall 200924 (2018) Kat:3, Licht: 0","200924","3","2","5","05","09","2","0","0","0","1","0","1"
"POINT (13.324963555000068 52.410564630000067)","Unfall 200925 (2018) Kat:3, Licht: 0","200925","3","2","5","05","12","6","0","0","1","1","0","0"
"POINT (13.457211861000076 52.561048894000066)","Unfall 200926 (2018) Kat:3, Licht: 0","200926","3","2","0","05","07","6","0","0","1","1","0","0"
"POINT (13.302292336000050 52.547890899000038)","Unfall 200927 (2018) Kat:3, Licht: 0","200927","3","2","5","05","17","7","0","0","0","1","0","0"
"POINT (13.465904235000039 52.508894771000030)","Unfall 200928 (2018) Kat:3, Licht: 0","200928","3","4","6","05","07","2","0","0","0","1","1","0"
"POINT (13.432855000000075 52.452538678000053)","Unfall 200929 (2018) Kat:3, Licht: 2","200929","3","2","0","05","21","6","0","2","0","1","0","1"
"POINT (13.389702391000071 52.495915037000032)","Unfall 200930 (2018) Kat:3, Licht: 0","200930","3","2","5","05","08","6","0","0","1","1","0","0"
"POINT (13.201519988000030 52.524257958000078)","Unfall 200931 (2018) Kat:3, Licht: 2","200931","3","3","5","05","02","2","0","2","0","1","0","0"
"POINT (13.391386368000042 52.501338484000030)","Unfall 200932 (2018) Kat:3, Licht: 0","200932","3","5","1","05","17","5","0","0","1","1","0","0"
"POINT (13.318245992000072 52.510986491000040)","Unfall 200933 (2018) Kat:3, Licht: 0","200933","3","3","0","05","10","2","0","0","0","1","0","1"
"POINT (13.410815311000022 52.430172221000078)","Unfall 200934 (2018) Kat:3, Licht: 0","200934","3","6","2","05","12","2","0","0","0","1","0","0"
"POINT (13.343687890000069 52.478365535000080)","Unfall 200935 (2018) Kat:3, Licht: 0","200935","3","3","5","05","06","2","0","0","0","1","0","0"
"POINT (13.365695620000054 52.551948835000076)","Unfall 200936 (2018) Kat:3, Licht: 0","200936","3","3","5","05","17","6","0","0","0","1","0","0"
"POINT (13.377028139000060 52.553801133000036)","Unfall 200937 (2018) Kat:3, Licht: 0","200937","3","3","0","05","09","5","0","0","1","1","0","0"
"POINT (13.408965788000046 52.492884473000061)","Unfall 200938 (2018) Kat:3, Licht: 0","200938","3","2","5","05","14","1","0","0","1","1","0","0"
"POINT (13.406353983000031 52.513630534000072)","Unfall 200939 (2018) Kat:3, Licht: 0","200939","3","4","6","05","16","1","0","0","1","0","1","0"
"POINT (13.296752599000058 52.426940520000073)","Unfall 200940 (2018) Kat:2, Licht: 0","200940","2","3","5","05","14","5","0","0","1","1","0","0"
"POINT (13.446803315000068 52.502692890000048)","Unfall 200941 (2018) Kat:3, Licht: 2","200941","3","2","5","05","23","1","0","2","1","1","0","0"
"POINT (13.448879558000044 52.419459336000045)","Unfall 200942 (2018) Kat:2, Licht: 2","200942","2","4","6","05","23","1","0","2","0","1","1","0"
"POINT (13.388479122000035 52.492889561000027)","Unfall 200943 (2018) Kat:3, Licht: 2","200943","3","7","6","05","22","1","0","2","1","0","1","0"
"POINT (13.446375347000071 52.486379294000074)","Unfall 200944 (2018) Kat:3, Licht: 2","200944","3","2","5","05","21","1","0","2","1","1","0","0"
"POINT (13.514299494000056 52.468730379000078)","Unfall 200945 (2018) Kat:3, Licht: 0","200945","3","2","5","05","19","1","0","0","1","1","0","0"
"POINT (13.322172147000060 52.484737640000048)","Unfall 200946 (2018) Kat:2, Licht: 0","200946","2","5","1","05","18","6","0","0","1","1","0","0"
"POINT (13.124508615000025 52.528882978000070)","Unfall 200947 (2018) Kat:3, Licht: 0","200947","3","6","2","05","18","1","0","0","0","1","0","0"
"POINT (13.402377830000034 52.459537740000030)","Unfall 200948 (2018) Kat:3, Licht: 1","200948","3","3","5","05","20","5","0","1","0","1","0","1"
"POINT (13.203489434000062 52.521103013000072)","Unfall 200949 (2018) Kat:3, Licht: 0","200949","3","3","5","05","19","1","0","0","0","1","0","0"
"POINT (13.377444454000056 52.499761918000047)","Unfall 200950 (2018) Kat:3, Licht: 0","200950","3","3","5","05","15","1","0","0","1","0","0","0"
"POINT (13.386119322000070 52.487363087000062)","Unfall 200951 (2018) Kat:3, Licht: 0","200951","3","2","5","05","16","1","0","0","1","1","0","0"
"POINT (13.374576642000022 52.510248407000063)","Unfall 200952 (2018) Kat:3, Licht: 1","200952","3","7","0","05","21","7","0","1","1","0","0","0"
"POINT (13.558487944000035 52.453675517000079)","Unfall 200953 (2018) Kat:2, Licht: 0","200953","2","6","2","05","17","5","0","0","0","1","0","0"
"POINT (13.403645266000069 52.532455606000042)","Unfall 200954 (2018) Kat:3, Licht: 0","200954","3","1","0","05","17","6","0","0","1","0","0","0"
"POINT (13.407912042000078 52.517825472000027)","Unfall 200955 (2018) Kat:2, Licht: 0","200955","2","1","0","05","16","1","0","0","1","0","0","0"
"POINT (13.333230518000050 52.560926822000056)","Unfall 200956 (2018) Kat:3, Licht: 0","200956","3","3","5","05","05","2","0","0","1","1","0","1"
"POINT (13.297304229000076 52.548002943000029)","Unfall 200957 (2018) Kat:3, Licht: 0","200957","3","6","2","05","10","4","0","0","0","1","0","0"
"POINT (13.141891733000023 52.532517190000078)","Unfall 200958 (2018) Kat:3, Licht: 2","200958","3","4","0","05","22","2","0","2","0","1","1","0"
"POINT (13.429161485000066 52.528674541000044)","Unfall 200959 (2018) Kat:3, Licht: 0","200959","3","5","1","05","09","3","0","0","1","1","0","0"
"POINT (13.577164195000023 52.455869192000080)","Unfall 200960 (2018) Kat:3, Licht: 0","200960","3","4","6","05","14","2","0","0","0","1","1","0"
"POINT (13.489820347000034 52.420035095000060)","Unfall 200961 (2018) Kat:2, Licht: 0","200961","2","3","5","06","12","6","0","0","0","1","0","0"
"POINT (13.509197228000062 52.422892998000066)","Unfall 200962 (2018) Kat:2, Licht: 0","200962","2","2","5","05","19","2","0","0","0","1","0","1"
"POINT (13.343564917000037 52.439207596000074)","Unfall 200963 (2018) Kat:3, Licht: 1","200963","3","2","5","05","20","2","0","1","1","0","0","1"
"POINT (13.406026759000042 52.498466935000067)","Unfall 200964 (2018) Kat:3, Licht: 0","200964","3","5","1","06","10","6","0","0","0","1","0","0"
"POINT (13.417734786000040 52.518143992000034)","Unfall 200965 (2018) Kat:2, Licht: 0","200965","2","4","6","05","19","3","0","0","1","0","1","0"
"POINT (13.563399831000027 52.496340705000080)","Unfall 200966 (2018) Kat:2, Licht: 0","200966","2","2","2","05","19","2","0","0","0","1","0","0"
"POINT (13.450689563000026 52.552413132000027)","Unfall 200967 (2018) Kat:3, Licht: 0","200967","3","2","0","06","10","6","0","0","0","1","0","0"
"POINT (13.368099789000041 52.485073016000058)","Unfall 200968 (2018) Kat:3, Licht: 0","200968","3","4","6","05","12","3","0","0","0","1","1","0"
"POINT (13.380910530000051 52.516225954000049)","Unfall 200969 (2018) Kat:3, Licht: 0","200969","3","4","6","06","10","6","0","0","1","0","1","0"
"POINT (13.388492234000068 52.492621291000034)","Unfall 200970 (2018) Kat:2, Licht: 0","200970","2","3","5","05","17","3","0","0","1","0","0","0"
"POINT (13.519202595000024 52.513372951000065)","Unfall 200971 (2018) Kat:2, Licht: 0","200971","2","4","6","05","20","2","0","0","1","0","1","0"
"POINT (13.285398067000074 52.588032365000061)","Unfall 200972 (2018) Kat:3, Licht: 0","200972","3","6","3","06","09","6","0","0","1","1","0","0"
"POINT (13.296844313000065 52.627474892000066)","Unfall 200973 (2018) Kat:3, Licht: 0","200973","3","2","5","05","13","3","0","0","0","1","0","1"
"POINT (13.358743976000028 52.494385971000042)","Unfall 200974 (2018) Kat:3, Licht: 0","200974","3","3","0","06","09","6","0","0","0","1","0","0"
"POINT (13.464079617000039 52.481868256000041)","Unfall 200975 (2018) Kat:3, Licht: 0","200975","3","3","0","05","18","2","0","0","1","1","0","0"
"POINT (13.191532327000061 52.546403240000075)","Unfall 200976 (2018) Kat:3, Licht: 0","200976","3","2","5","06","07","6","0","0","1","1","0","0"
"POINT (13.335146620000046 52.499309292000078)","Unfall 200977 (2018) Kat:2, Licht: 0","200977","2","6","2","05","18","2","0","0","0","1","0","1"
"POINT (13.293890642000065 52.449491914000077)","Unfall 200978 (2018) Kat:3, Licht: 0","200978","3","3","5","05","18","2","0","0","0","1","0","0"
"POINT (13.435226513000032 52.491254048000030)","Unfall 200979 (2018) Kat:3, Licht: 0","200979","3","3","5","06","08","6","0","0","1","0","0","0"
"POINT (13.160821425000051 52.430055777000064)","Unfall 200980 (2018) Kat:3, Licht: 0","200980","3","6","3","05","17","3","0","0","1","1","0","0"
"POINT (13.356622254000058 52.535677946000078)","Unfall 200981 (2018) Kat:3, Licht: 0","200981","3","2","2","05","18","2","0","0","1","1","0","0"
"POINT (13.370612076000043 52.470464130000039)","Unfall 200982 (2018) Kat:2, Licht: 0","200982","2","2","5","06","08","6","0","0","1","0","0","0"
"POINT (13.391644855000038 52.522161363000066)","Unfall 200983 (2018) Kat:3, Licht: 0","200983","3","2","2","05","07","3","0","0","0","1","0","0"
"POINT (13.466701657000044 52.524071402000061)","Unfall 200984 (2018) Kat:2, Licht: 0","200984","2","1","0","06","08","6","0","0","0","0","0","1"
"POINT (13.513817873000050 52.464755878000062)","Unfall 200985 (2018) Kat:3, Licht: 0","200985","3","3","5","06","07","6","0","0","1","1","0","0"
"POINT (13.235570385000074 52.529201043000057)","Unfall 200986 (2018) Kat:2, Licht: 0","200986","2","3","5","05","17","2","0","0","1","1","0","0"
"POINT (13.387516391000077 52.500434316000053)","Unfall 200987 (2018) Kat:3, Licht: 0","200987","3","5","1","06","06","6","0","0","1","1","0","0"
"POINT (13.573485624000057 52.484832956000048)","Unfall 200988 (2018) Kat:3, Licht: 0","200988","3","6","2","06","06","6","0","0","0","1","0","0"
"POINT (13.160295589000043 52.419714479000049)","Unfall 200989 (2018) Kat:2, Licht: 0","200989","2","2","5","05","17","2","0","0","1","1","0","0"
"POINT (13.431258307000064 52.580427666000048)","Unfall 200990 (2018) Kat:3, Licht: 0","200990","3","2","5","05","17","2","0","0","0","0","0","1"
"POINT (13.254985209000040 52.515953505000027)","Unfall 200991 (2018) Kat:3, Licht: 0","200991","3","3","5","06","17","6","0","0","0","1","0","1"
"POINT (13.569727135000051 52.441972992000046)","Unfall 200992 (2018) Kat:3, Licht: 0","200992","3","2","2","05","07","3","0","0","0","1","0","0"
"POINT (13.411937427000055 52.439084710000031)","Unfall 200993 (2018) Kat:3, Licht: 0","200993","3","1","8","06","08","6","0","0","0","0","0","1"
"POINT (13.538514068000040 52.420125681000059)","Unfall 200994 (2018) Kat:3, Licht: 0","200994","3","3","5","06","15","6","0","0","1","1","0","0"
"POINT (13.371917264000047 52.520755365000070)","Unfall 200995 (2018) Kat:3, Licht: 0","200995","3","2","5","05","12","3","0","0","0","1","0","1"
"POINT (13.507299850000038 52.534683819000065)","Unfall 200996 (2018) Kat:2, Licht: 0","200996","2","1","0","06","14","6","0","0","0","0","0","1"
"POINT (13.451520455000036 52.520397790000061)","Unfall 200997 (2018) Kat:3, Licht: 0","200997","3","2","5","06","14","6","0","0","1","0","0","0"
"POINT (13.364695639000047 52.562725851000039)","Unfall 200998 (2018) Kat:3, Licht: 0","200998","3","4","6","05","16","2","0","0","0","1","1","0"
"POINT (13.421567553000045 52.605532192000055)","Unfall 200999 (2018) Kat:3, Licht: 0","200999","3","6","2","06","16","6","0","0","0","1","0","0"
"POINT (13.407241930000055 52.393808402000047)","Unfall 201000 (2018) Kat:3, Licht: 0","201000","3","7","2","05","14","2","0","0","1","1","0","0"
"POINT (13.436972320000052 52.519042788000036)","Unfall 201001 (2018) Kat:3, Licht: 0","201001","3","3","5","06","07","6","0","0","1","1","0","0"
"POINT (13.209684380000056 52.566115578000051)","Unfall 201002 (2018) Kat:2, Licht: 0","201002","2","2","5","05","16","3","0","0","0","1","0","1"
"POINT (13.480508774000043 52.460300421000056)","Unfall 201003 (2018) Kat:3, Licht: 0","201003","3","2","2","06","05","6","0","0","0","1","0","1"
"POINT (13.405353487000070 52.534254499000042)","Unfall 201004 (2018) Kat:3, Licht: 0","201004","3","1","4","05","13","2","0","0","1","0","0","0"
"POINT (13.337762219000069 52.505168560000072)","Unfall 201005 (2018) Kat:3, Licht: 0","201005","3","6","3","05","10","5","0","0","1","0","0","1"
"POINT (13.366224971000065 52.481130118000067)","Unfall 201006 (2018) Kat:2, Licht: 0","201006","2","3","5","05","19","3","0","0","1","1","0","0"
"POINT (13.436141584000040 52.440064295000070)","Unfall 201007 (2018) Kat:3, Licht: 2","201007","3","6","3","05","23","5","0","2","0","1","0","0"
"POINT (13.400051493000035 52.532879632000061)","Unfall 201008 (2018) Kat:2, Licht: 2","201008","2","7","0","05","23","5","0","2","1","0","0","0"
"POINT (13.373124472000029 52.557259272000067)","Unfall 201009 (2018) Kat:3, Licht: 0","201009","3","2","5","05","07","3","0","0","1","1","0","0"
"POINT (13.440091678000044 52.481653395000080)","Unfall 201010 (2018) Kat:3, Licht: 2","201010","3","2","5","05","21","5","0","2","0","1","0","0"
"POINT (13.174926520000042 52.540113182000027)","Unfall 201011 (2018) Kat:3, Licht: 1","201011","3","7","0","05","21","5","0","1","0","1","0","0"
"POINT (13.329865217000076 52.602170252000064)","Unfall 201012 (2018) Kat:3, Licht: 0","201012","3","6","2","05","12","2","0","0","0","1","0","0"
"POINT (13.344093954000073 52.537983245000078)","Unfall 201013 (2018) Kat:3, Licht: 0","201013","3","3","5","05","19","5","0","0","1","1","0","0"
"POINT (13.491716757000063 52.534332387000063)","Unfall 201014 (2018) Kat:3, Licht: 0","201014","3","7","5","05","17","3","0","0","1","1","0","0"
"POINT (13.421411997000064 52.500705844000038)","Unfall 201015 (2018) Kat:3, Licht: 0","201015","3","5","1","05","12","2","0","0","1","1","0","0"
"POINT (13.380383672000050 52.518084953000027)","Unfall 201016 (2018) Kat:3, Licht: 0","201016","3","2","5","05","19","5","0","0","1","1","0","0"
"POINT (13.304950001000066 52.513518792000070)","Unfall 201017 (2018) Kat:3, Licht: 0","201017","3","7","6","05","10","3","0","0","0","0","1","0"
"POINT (13.506082651000042 52.492006313000047)","Unfall 201018 (2018) Kat:3, Licht: 0","201018","3","3","5","05","19","5","0","0","1","1","0","0"
"POINT (13.495899220000069 52.545872939000049)","Unfall 201019 (2018) Kat:3, Licht: 0","201019","3","5","5","05","18","5","0","0","1","1","0","0"
"POINT (13.495569544000034 52.417801873000030)","Unfall 201020 (2018) Kat:3, Licht: 0","201020","3","4","6","05","11","2","0","0","0","1","1","0"
"POINT (13.561879304000058 52.493876163000039)","Unfall 201021 (2018) Kat:3, Licht: 0","201021","3","2","5","05","17","5","0","0","1","0","0","0"
"POINT (13.346322567000072 52.592057559000068)","Unfall 201022 (2018) Kat:3, Licht: 0","201022","3","5","0","05","08","2","0","0","0","0","0","0"
"POINT (13.435233958000026 52.480854199000078)","Unfall 201023 (2018) Kat:3, Licht: 0","201023","3","6","3","05","18","5","0","0","0","0","0","1"
"POINT (13.354931114000067 52.596628887000065)","Unfall 201024 (2018) Kat:3, Licht: 0","201024","3","4","6","05","08","2","0","0","0","1","1","0"
"POINT (13.337902620000023 52.534706560000075)","Unfall 201025 (2018) Kat:2, Licht: 0","201025","2","7","5","05","13","2","0","0","0","1","0","1"
"POINT (13.399482698000043 52.504695642000058)","Unfall 201026 (2018) Kat:3, Licht: 0","201026","3","3","5","05","18","5","0","0","0","1","0","0"
"POINT (13.432027329000050 52.499330322000048)","Unfall 201027 (2018) Kat:3, Licht: 2","201027","3","7","0","05","23","3","0","2","0","1","0","1"
"POINT (13.338025088000052 52.525524623000081)","Unfall 201028 (2018) Kat:3, Licht: 0","201028","3","2","0","05","14","2","0","0","0","1","0","1"
"POINT (13.349350354000023 52.515074238000068)","Unfall 201029 (2018) Kat:3, Licht: 0","201029","3","2","5","05","17","5","0","0","1","1","0","0"
"POINT (13.390027411000062 52.419640821000030)","Unfall 201030 (2018) Kat:3, Licht: 0","201030","3","3","5","05","14","3","0","0","1","1","0","0"
"POINT (13.430356349000022 52.442817846000082)","Unfall 201031 (2018) Kat:2, Licht: 0","201031","2","3","5","05","17","5","0","0","1","1","0","0"
"POINT (13.329533244000061 52.523812295000027)","Unfall 201032 (2018) Kat:2, Licht: 0","201032","2","3","5","05","11","2","0","0","1","1","0","0"
"POINT (13.540881130000059 52.435609910000039)","Unfall 201033 (2018) Kat:3, Licht: 2","201033","3","6","2","05","22","5","0","2","0","1","0","0"
"POINT (13.328005729000040 52.428636140000037)","Unfall 201034 (2018) Kat:2, Licht: 0","201034","2","7","5","05","10","2","0","0","0","1","0","0"
"POINT (13.285132124000029 52.575559929000065)","Unfall 201035 (2018) Kat:3, Licht: 0","201035","3","6","2","05","14","2","0","0","0","1","0","0"
"POINT (13.430485838000038 52.414661713000044)","Unfall 201036 (2018) Kat:3, Licht: 0","201036","3","5","1","05","17","5","0","0","1","1","0","0"
"POINT (13.351188497000066 52.515235786000062)","Unfall 201037 (2018) Kat:3, Licht: 0","201037","3","4","6","05","17","3","0","0","0","1","1","0"
"POINT (13.288542440000072 52.465627678000033)","Unfall 201038 (2018) Kat:3, Licht: 0","201038","3","6","2","05","16","2","0","0","0","1","0","0"
"POINT (13.524310475000050 52.513485158000037)","Unfall 201039 (2018) Kat:3, Licht: 0","201039","3","6","2","05","16","5","0","0","0","1","0","0"
"POINT (13.407143791000067 52.451648137000063)","Unfall 201040 (2018) Kat:3, Licht: 0","201040","3","7","0","05","09","3","0","0","1","0","0","0"
"POINT (13.562613278000072 52.456366694000053)","Unfall 201041 (2018) Kat:3, Licht: 0","201041","3","2","5","05","16","2","0","0","1","0","0","0"
"POINT (13.449247351000054 52.528726340000048)","Unfall 201042 (2018) Kat:3, Licht: 0","201042","3","3","5","05","16","5","0","0","0","1","0","0"
"POINT (13.284050769000032 52.485275981000029)","Unfall 201043 (2018) Kat:3, Licht: 0","201043","3","2","5","05","12","3","0","0","1","1","0","0"
"POINT (13.601149073000045 52.479235189000065)","Unfall 201044 (2018) Kat:3, Licht: 0","201044","3","3","5","05","16","5","0","0","1","1","0","0"
"POINT (13.423767896000072 52.523631781000063)","Unfall 201045 (2018) Kat:2, Licht: 0","201045","2","7","0","05","20","5","0","0","1","0","0","0"
"POINT (13.438179448000028 52.453654315000051)","Unfall 201046 (2018) Kat:3, Licht: 0","201046","3","6","3","05","16","2","0","0","0","1","0","1"
"POINT (13.601329467000028 52.535766776000060)","Unfall 201047 (2018) Kat:3, Licht: 0","201047","3","2","5","05","16","2","0","0","0","1","0","0"
"POINT (13.316104201000030 52.449810202000037)","Unfall 201048 (2018) Kat:3, Licht: 0","201048","3","2","6","05","15","5","0","0","0","1","1","0"
"POINT (13.444754379000074 52.485105028000078)","Unfall 201049 (2018) Kat:3, Licht: 0","201049","3","3","5","05","15","3","0","0","0","1","0","0"
"POINT (13.310984929000028 52.506378924000046)","Unfall 201050 (2018) Kat:3, Licht: 0","201050","3","5","1","05","15","5","0","0","1","1","0","0"
"POINT (13.434216377000041 52.463182086000074)","Unfall 201051 (2018) Kat:3, Licht: 0","201051","3","3","5","05","15","5","0","0","0","1","0","0"
"POINT (13.485106111000050 52.515792640000029)","Unfall 201052 (2018) Kat:3, Licht: 0","201052","3","2","0","05","07","3","0","0","1","1","0","0"
"POINT (13.226674040000034 52.439735173000031)","Unfall 201053 (2018) Kat:3, Licht: 0","201053","3","3","5","05","15","5","0","0","1","1","0","0"
"POINT (13.435183974000040 52.436103764000052)","Unfall 201054 (2018) Kat:2, Licht: 0","201054","2","3","5","05","17","5","0","0","1","1","0","0"
"POINT (13.458961215000045 52.526010839000037)","Unfall 201055 (2018) Kat:3, Licht: 0","201055","3","2","2","05","12","3","0","0","0","1","0","0"
"POINT (13.543984991000059 52.436409934000039)","Unfall 201056 (2018) Kat:3, Licht: 0","201056","3","6","0","05","12","5","0","0","0","1","0","1"
"POINT (13.616884905000063 52.446682782000039)","Unfall 201057 (2018) Kat:3, Licht: 0","201057","3","2","4","05","13","5","0","0","1","1","0","0"
"POINT (13.418325084000060 52.510517639000057)","Unfall 201058 (2018) Kat:3, Licht: 0","201058","3","2","5","05","15","2","0","0","1","1","0","0"
"POINT (13.341002790000061 52.476272314000028)","Unfall 201059 (2018) Kat:2, Licht: 0","201059","2","3","5","05","14","5","0","0","0","1","0","1"
"POINT (13.543540213000028 52.433794074000048)","Unfall 201060 (2018) Kat:3, Licht: 0","201060","3","3","5","05","14","2","0","0","1","1","0","0"
"POINT (13.412698389000070 52.562801024000066)","Unfall 201061 (2018) Kat:3, Licht: 0","201061","3","2","5","05","12","5","0","0","1","0","0","0"
"POINT (13.304787855000029 52.417967649000047)","Unfall 201062 (2018) Kat:2, Licht: 0","201062","2","6","3","05","18","3","0","0","0","1","0","1"
"POINT (13.286657849000051 52.456859598000051)","Unfall 201063 (2018) Kat:2, Licht: 0","201063","2","5","1","05","15","5","0","0","1","1","0","0"
"POINT (13.389116556000033 52.515200657000037)","Unfall 201064 (2018) Kat:3, Licht: 0","201064","3","6","2","05","12","5","0","0","0","1","0","0"
"POINT (13.452611030000071 52.539185409000027)","Unfall 201065 (2018) Kat:3, Licht: 0","201065","3","2","5","05","13","3","0","0","1","1","0","0"
"POINT (13.303675409000050 52.607840158000045)","Unfall 201066 (2018) Kat:3, Licht: 0","201066","3","5","0","05","08","5","0","0","0","1","0","0"
"POINT (13.402140404000022 52.530811783000047)","Unfall 201067 (2018) Kat:3, Licht: 0","201067","3","1","0","05","08","2","0","0","1","0","0","0"
"POINT (13.400428801000032 52.510039626000037)","Unfall 201068 (2018) Kat:3, Licht: 0","201068","3","2","3","05","12","5","0","0","1","0","0","0"
"POINT (13.300069822000069 52.439906982000082)","Unfall 201069 (2018) Kat:3, Licht: 0","201069","3","3","0","05","18","3","0","0","0","1","0","1"
"POINT (13.484335235000060 52.613844589000053)","Unfall 201070 (2018) Kat:3, Licht: 0","201070","3","3","5","05","06","2","0","0","1","1","0","0"
"POINT (13.449140881000062 52.457391918000042)","Unfall 201071 (2018) Kat:2, Licht: 0","201071","2","6","2","05","13","5","0","0","1","1","0","0"
"POINT (13.266544233000047 52.536478120000027)","Unfall 201072 (2018) Kat:3, Licht: 0","201072","3","3","5","05","13","5","0","0","1","1","0","0"
"POINT (13.377109208000036 52.556598890000032)","Unfall 201073 (2018) Kat:3, Licht: 0","201073","3","2","5","05","07","2","0","0","1","1","0","0"
"POINT (13.249378751000052 52.523588150000080)","Unfall 201074 (2018) Kat:3, Licht: 0","201074","3","6","3","05","14","5","0","0","0","1","0","1"
"POINT (13.153598942000031 52.553468698000074)","Unfall 201075 (2018) Kat:2, Licht: 0","201075","2","2","5","05","07","2","0","0","1","1","0","0"
"POINT (13.247883717000036 52.548733681000044)","Unfall 201076 (2018) Kat:3, Licht: 0","201076","3","3","5","05","14","5","0","0","0","1","0","0"
"POINT (13.333125326000072 52.487767467000026)","Unfall 201077 (2018) Kat:3, Licht: 0","201077","3","3","5","05","08","3","0","0","1","1","0","0"
"POINT (13.193882373000065 52.521006965000026)","Unfall 201078 (2018) Kat:3, Licht: 0","201078","3","2","2","05","08","5","0","0","0","1","0","0"
"POINT (13.693024248000029 52.439147202000072)","Unfall 201079 (2018) Kat:3, Licht: 0","201079","3","3","5","05","14","5","0","0","0","1","0","1"
"POINT (13.324550032000047 52.487866890000078)","Unfall 201080 (2018) Kat:3, Licht: 0","201080","3","5","1","05","15","2","0","0","1","1","0","0"
"POINT (13.517070872000033 52.461758346000067)","Unfall 201081 (2018) Kat:3, Licht: 0","201081","3","2","0","05","08","5","0","0","1","1","0","0"
"POINT (13.332778307000069 52.469018849000065)","Unfall 201082 (2018) Kat:3, Licht: 0","201082","3","2","5","05","08","2","0","0","1","1","0","0"
"POINT (13.329822115000070 52.445572720000030)","Unfall 201083 (2018) Kat:3, Licht: 0","201083","3","6","2","05","08","2","0","0","0","1","0","1"
"POINT (13.571479147000048 52.435259820000056)","Unfall 201084 (2018) Kat:3, Licht: 0","201084","3","2","0","05","07","5","0","0","1","1","0","0"
"POINT (13.593477824000047 52.527165111000045)","Unfall 201085 (2018) Kat:2, Licht: 0","201085","2","3","5","05","20","3","0","0","1","1","0","0"
"POINT (13.318465325000034 52.460956132000035)","Unfall 201086 (2018) Kat:3, Licht: 0","201086","3","1","0","05","07","2","1","0","0","0","0","1"
"POINT (13.418437540000070 52.553523553000048)","Unfall 201087 (2018) Kat:3, Licht: 0","201087","3","3","2","05","07","5","0","0","1","1","0","0"
"POINT (13.477592561000051 52.526712187000044)","Unfall 201088 (2018) Kat:3, Licht: 0","201088","3","3","5","05","14","3","0","0","1","1","0","0"
"POINT (13.535072531000026 52.451676814000052)","Unfall 201089 (2018) Kat:3, Licht: 0","201089","3","3","5","05","07","5","0","0","0","1","0","1"
"POINT (13.344900868000025 52.539051142000062)","Unfall 201090 (2018) Kat:3, Licht: 0","201090","3","4","6","05","07","5","0","0","0","1","1","0"
"POINT (13.297306760000026 52.510797580000030)","Unfall 201091 (2018) Kat:3, Licht: 0","201091","3","2","5","05","08","2","0","0","1","1","0","0"
"POINT (13.248228111000060 52.549513613000045)","Unfall 201092 (2018) Kat:3, Licht: 0","201092","3","7","0","05","15","3","0","0","1","0","0","0"
"POINT (13.411061910000058 52.456771826000079)","Unfall 201093 (2018) Kat:3, Licht: 0","201093","3","3","5","05","07","5","0","0","1","0","0","0"
"POINT (13.446659535000038 52.502807258000075)","Unfall 201094 (2018) Kat:2, Licht: 0","201094","2","3","5","05","06","2","0","0","1","1","0","0"
"POINT (13.280852027000037 52.593836502000045)","Unfall 201095 (2018) Kat:3, Licht: 0","201095","3","3","5","05","14","5","0","0","0","1","0","0"
"POINT (13.309329966000064 52.478445074000035)","Unfall 201096 (2018) Kat:3, Licht: 0","201096","3","2","5","05","05","2","0","0","1","1","0","0"
"POINT (13.354677341000070 52.509677764000060)","Unfall 201097 (2018) Kat:3, Licht: 0","201097","3","6","3","05","08","2","0","0","1","1","0","0"
"POINT (13.440169637000054 52.481714737000061)","Unfall 201098 (2018) Kat:3, Licht: 2","201098","3","2","5","05","02","5","0","2","1","1","0","0"
"POINT (13.449594399000034 52.468546091000064)","Unfall 201099 (2018) Kat:3, Licht: 0","201099","3","1","0","05","16","3","0","0","0","1","0","0"
"POINT (13.373234161000028 52.557277655000064)","Unfall 201100 (2018) Kat:1, Licht: 0","201100","1","3","5","05","12","2","0","0","0","1","0","1"
"POINT (13.426829052000073 52.488414176000049)","Unfall 201101 (2018) Kat:3, Licht: 2","201101","3","3","5","05","01","5","0","2","1","1","0","0"
"POINT (13.445002835000025 52.590607562000059)","Unfall 201102 (2018) Kat:3, Licht: 0","201102","3","2","5","05","13","3","0","0","0","1","0","1"
"POINT (13.640800839000065 52.528102938000075)","Unfall 201103 (2018) Kat:2, Licht: 0","201103","2","3","5","05","14","5","0","0","0","1","0","1"
"POINT (13.499279316000070 52.534188143000051)","Unfall 201104 (2018) Kat:3, Licht: 0","201104","3","6","2","05","15","5","0","0","0","1","0","0"
"POINT (13.521463067000070 52.401491556000053)","Unfall 201105 (2018) Kat:3, Licht: 0","201105","3","5","1","05","07","1","0","0","1","0","0","0"
"POINT (13.204171018000068 52.540508954000074)","Unfall 201106 (2018) Kat:3, Licht: 0","201106","3","2","5","05","11","5","0","0","0","1","0","1"
"POINT (13.291487836000044 52.497028405000037)","Unfall 201107 (2018) Kat:3, Licht: 0","201107","3","5","1","05","09","1","0","0","1","1","0","0"