WKT,Name,OBJECTID,UKATEGORIE,UTYP1,UART,UMONAT,USTUNDE,UWOCHENTAG,STRZUSTAND,ULICHTVERH,ISTRAD,ISTPKW,ISTFUSS,ISTKRAD
"POINT (13.402026800000044 52.528969304000043)","Unfall 201108 (2018) Kat:3, Licht: 0","201108","3","2","5","05","11","5","0","0","1","1","0","0"
"POINT (13.373315319000028 52.547944069000039)","Unfall 201109 (2018) Kat:3, Licht: 0","201109","3","7","2","05","17","3","0","0","0","1","0","1"
"POINT (13.338090277000049 52.515015708000078)","Unfall 201110 (2018) Kat:3, Licht: 0","201110","3","2","5","05","13","1","0","0","1","1","0","0"
"POINT (13.464184830000022 52.566680190000056)","Unfall 201111 (2018) Kat:3, Licht: 0","201111","3","2","5","05","10","5","0","0","1","1","0","0"
"POINT (13.295881008000038 52.481182655000055)","Unfall 201112 (2018) Kat:3, Licht: 0","201112","3","2","5","05","18","3","0","0","1","1","0","0"
"POINT (13.387591424000050 52.493059459000051)","Unfall 201113 (2018) Kat:3, Licht: 0","201113","3","2","0","05","10","5","0","0","1","0","0","0"
"POINT (13.430233118000046 52.486189984000077)","Unfall 201114 (2018) Kat:3, Licht: 0","201114","3","2","5","05","09","5","0","0","1","1","0","0"
"POINT (13.350699035000048 52.414278274000026)","Unfall 201115 (2018) Kat:2, Licht: 0","201115","2","7","5","05","12","3","0","0","0","1","0","1"
"POINT (13.178068905000032 52.548747935000051)","Unfall 201116 (2018) Kat:3, Licht: 0","201116","3","2","5","05","08","5","0","0","0","1","0","0"
"POINT (13.357055495000054 52.498900369000069)","Unfall 201117 (2018) Kat:3, Licht: 0","201117","3","2","5","05","08","5","0","0","1","1","0","0"
"POINT (13.426150700000051 52.595628533000081)","Unfall 201118 (2018) Kat:3, Licht: 0","201118","3","1","1","05","15","1","1","0","0","1","0","1"
"POINT (13.431997413000033 52.499325284000065)","Unfall 201119 (2018) Kat:3, Licht: 0","201119","3","2","5","05","08","5","0","0","1","1","0","0"
"POINT (13.346300270000029 52.501097509000033)","Unfall 201120 (2018) Kat:3, Licht: 0","201120","3","3","5","05","15","1","0","0","0","1","0","0"
"POINT (13.586634867000043 52.428037473000074)","Unfall 201121 (2018) Kat:2, Licht: 0","201121","2","3","5","05","08","5","0","0","1","1","0","0"
"POINT (13.455559458000039 52.546217983000076)","Unfall 201122 (2018) Kat:3, Licht: 0","201122","3","7","0","05","17","3","0","0","1","0","0","0"
"POINT (13.391964139000038 52.497700664000035)","Unfall 201123 (2018) Kat:3, Licht: 0","201123","3","1","0","05","11","5","0","0","1","0","0","0"
"POINT (13.411148456000035 52.503512882000052)","Unfall 201124 (2018) Kat:3, Licht: 0","201124","3","3","5","05","15","4","0","0","1","1","0","0"
"POINT (13.580750524000052 52.457574791000070)","Unfall 201125 (2018) Kat:3, Licht: 2","201125","3","7","0","05","02","3","0","2","0","1","0","0"
"POINT (13.319508310000060 52.513722966000046)","Unfall 201126 (2018) Kat:3, Licht: 0","201126","3","2","5","05","11","4","0","0","1","1","0","0"
"POINT (13.285504249000041 52.587778666000077)","Unfall 201127 (2018) Kat:3, Licht: 0","201127","3","7","5","05","16","1","1","0","0","1","0","0"
"POINT (13.407919734000075 52.524542145000055)","Unfall 201128 (2018) Kat:3, Licht: 0","201128","3","7","2","05","10","4","0","0","1","1","0","0"
"POINT (13.455791378000072 52.473897946000079)","Unfall 201129 (2018) Kat:3, Licht: 0","201129","3","2","6","05","18","4","0","0","0","1","1","0"
"POINT (13.500145735000046 52.468811791000064)","Unfall 201130 (2018) Kat:3, Licht: 0","201130","3","6","2","05","07","3","0","0","0","1","0","0"
"POINT (13.540286303000073 52.525869797000041)","Unfall 201131 (2018) Kat:3, Licht: 0","201131","3","2","5","05","08","4","0","0","0","0","0","0"
"POINT (13.430326235000052 52.510447785000053)","Unfall 201132 (2018) Kat:3, Licht: 0","201132","3","2","5","05","19","4","0","0","1","0","0","1"
"POINT (13.394717182000022 52.504836693000073)","Unfall 201133 (2018) Kat:3, Licht: 0","201133","3","4","6","05","16","1","0","0","1","0","1","0"
"POINT (13.380295004000061 52.518888723000032)","Unfall 201134 (2018) Kat:3, Licht: 0","201134","3","2","5","05","19","4","0","0","1","1","0","0"
"POINT (13.377191984000035 52.482941450000055)","Unfall 201135 (2018) Kat:3, Licht: 0","201135","3","6","2","05","14","4","1","0","0","0","0","1"
"POINT (13.390075944000046 52.434357823000028)","Unfall 201136 (2018) Kat:3, Licht: 2","201136","3","3","5","05","00","1","0","2","0","1","0","0"
"POINT (13.310554477000039 52.516248317000077)","Unfall 201137 (2018) Kat:2, Licht: 0","201137","2","2","5","05","17","4","0","0","1","1","0","0"
"POINT (13.259974447000047 52.429266264000034)","Unfall 201138 (2018) Kat:2, Licht: 0","201138","2","2","6","05","09","3","0","0","0","1","1","0"
"POINT (13.328610916000059 52.464977128000044)","Unfall 201139 (2018) Kat:3, Licht: 0","201139","3","4","0","05","17","4","0","0","1","0","1","0"
"POINT (13.359454662000076 52.523294129000078)","Unfall 201140 (2018) Kat:3, Licht: 0","201140","3","2","5","05","17","4","0","0","1","1","0","0"
"POINT (13.153688143000068 52.553770218000068)","Unfall 201141 (2018) Kat:2, Licht: 0","201141","2","6","3","05","07","2","0","0","0","1","0","1"
"POINT (13.431707651000067 52.421865693000029)","Unfall 201142 (2018) Kat:2, Licht: 0","201142","2","4","6","05","17","4","0","0","0","1","1","0"
"POINT (13.397340560000032 52.523838986000044)","Unfall 201143 (2018) Kat:3, Licht: 0","201143","3","1","1","05","18","1","0","0","1","1","0","0"
"POINT (13.347729735000030 52.459103909000078)","Unfall 201144 (2018) Kat:3, Licht: 0","201144","3","3","5","05","19","1","0","0","0","1","0","1"
"POINT (13.458819755000036 52.526620651000030)","Unfall 201145 (2018) Kat:2, Licht: 0","201145","2","2","5","05","17","4","0","0","1","1","0","0"
"POINT (13.335580269000047 52.499235089000081)","Unfall 201146 (2018) Kat:3, Licht: 0","201146","3","3","5","05","20","3","0","0","1","1","0","0"
"POINT (13.425135785000066 52.480554357000074)","Unfall 201147 (2018) Kat:3, Licht: 0","201147","3","4","6","05","19","1","0","0","0","1","1","0"
"POINT (13.274163866000038 52.515500636000070)","Unfall 201148 (2018) Kat:3, Licht: 0","201148","3","3","5","05","16","4","0","0","0","1","0","0"
"POINT (13.433783366000057 52.482200850000027)","Unfall 201149 (2018) Kat:3, Licht: 0","201149","3","7","6","05","18","3","0","0","1","0","1","0"
"POINT (13.450245509000069 52.476820008000061)","Unfall 201150 (2018) Kat:3, Licht: 0","201150","3","3","5","05","20","1","0","0","1","1","0","0"
"POINT (13.492597510000053 52.512024604000032)","Unfall 201151 (2018) Kat:3, Licht: 0","201151","3","2","5","05","16","4","0","0","1","0","0","0"
"POINT (13.388607062000062 52.547714953000082)","Unfall 201152 (2018) Kat:2, Licht: 0","201152","2","3","5","05","10","3","0","0","1","0","0","0"
"POINT (13.367255247000060 52.504586191000044)","Unfall 201153 (2018) Kat:3, Licht: 0","201153","3","2","5","05","16","4","0","0","0","1","0","0"
"POINT (13.333297906000041 52.544820899000058)","Unfall 201154 (2018) Kat:3, Licht: 0","201154","3","5","1","05","14","1","0","0","1","1","0","0"
"POINT (13.443590345000075 52.464270115000033)","Unfall 201155 (2018) Kat:3, Licht: 0","201155","3","3","5","05","16","4","0","0","0","1","0","0"
"POINT (13.361185932000069 52.555033056000070)","Unfall 201156 (2018) Kat:2, Licht: 0","201156","2","3","5","05","18","1","0","0","1","1","0","0"
"POINT (13.484986811000056 52.614837859000033)","Unfall 201157 (2018) Kat:3, Licht: 0","201157","3","1","8","05","10","1","0","0","0","1","0","0"
"POINT (13.385176112000067 52.498449530000073)","Unfall 201158 (2018) Kat:3, Licht: 0","201158","3","6","3","05","16","4","0","0","1","1","0","0"
"POINT (13.382217468000022 52.489838793000047)","Unfall 201159 (2018) Kat:3, Licht: 0","201159","3","5","5","05","18","3","0","0","1","1","0","0"
"POINT (13.331313957000077 52.503581808000035)","Unfall 201160 (2018) Kat:3, Licht: 0","201160","3","4","6","05","15","4","0","0","0","0","1","0"
"POINT (13.168477653000025 52.518866998000078)","Unfall 201161 (2018) Kat:3, Licht: 0","201161","3","6","3","05","06","3","0","0","0","1","0","1"
"POINT (13.512254787000074 52.470747754000058)","Unfall 201162 (2018) Kat:3, Licht: 0","201162","3","2","5","05","15","4","0","0","0","1","0","0"
"POINT (13.437621581000030 52.541805198000077)","Unfall 201163 (2018) Kat:3, Licht: 0","201163","3","1","0","05","11","1","0","0","1","0","0","0"
"POINT (13.352736787000026 52.521285467000041)","Unfall 201164 (2018) Kat:3, Licht: 0","201164","3","3","5","05","08","4","0","0","1","1","0","0"
"POINT (13.309593815000028 52.431417116000034)","Unfall 201165 (2018) Kat:2, Licht: 0","201165","2","2","5","05","12","3","0","0","1","1","0","0"
"POINT (13.519754955000053 52.525771960000043)","Unfall 201166 (2018) Kat:3, Licht: 0","201166","3","2","2","05","08","4","0","0","1","1","0","0"
"POINT (13.484743526000045 52.536674374000029)","Unfall 201167 (2018) Kat:3, Licht: 0","201167","3","5","1","05","08","4","0","0","1","1","0","0"
"POINT (13.351469794000025 52.505025390000071)","Unfall 201168 (2018) Kat:3, Licht: 0","201168","3","6","2","05","15","1","0","0","0","1","0","0"
"POINT (13.517589820000069 52.535363328000074)","Unfall 201169 (2018) Kat:3, Licht: 0","201169","3","3","5","05","15","1","1","0","0","1","0","0"
"POINT (13.522352362000049 52.428403352000032)","Unfall 201170 (2018) Kat:3, Licht: 0","201170","3","2","5","05","08","4","0","0","0","1","0","0"
"POINT (13.390926726000032 52.555495657000051)","Unfall 201171 (2018) Kat:3, Licht: 0","201171","3","6","2","05","15","3","0","0","0","1","0","0"
"POINT (13.524736467000025 52.495322309000073)","Unfall 201172 (2018) Kat:3, Licht: 0","201172","3","2","5","05","08","4","0","0","1","1","0","0"
"POINT (13.410802934000060 52.530653252000036)","Unfall 201173 (2018) Kat:3, Licht: 0","201173","3","3","5","05","08","4","0","0","1","1","0","0"
"POINT (13.296782649000022 52.516891530000066)","Unfall 201174 (2018) Kat:3, Licht: 0","201174","3","1","0","05","09","3","0","0","1","0","0","0"
"POINT (13.519193859000040 52.487489479000033)","Unfall 201175 (2018) Kat:3, Licht: 0","201175","3","4","6","05","07","4","0","0","0","1","1","0"
"POINT (13.278511393000031 52.506907361000060)","Unfall 201176 (2018) Kat:3, Licht: 0","201176","3","6","2","05","06","4","0","0","0","1","0","0"
"POINT (13.281408224000074 52.600351664000073)","Unfall 201177 (2018) Kat:2, Licht: 0","201177","2","1","9","05","16","1","0","0","1","0","0","0"
"POINT (13.388107846000025 52.533744805000026)","Unfall 201178 (2018) Kat:3, Licht: 0","201178","3","2","5","05","06","4","0","0","1","1","0","0"
"POINT (13.400019807000035 52.509484339000039)","Unfall 201179 (2018) Kat:2, Licht: 0","201179","2","3","5","05","19","4","0","0","1","0","0","0"
"POINT (13.504007930000057 52.569894152000074)","Unfall 201180 (2018) Kat:2, Licht: 0","201180","2","6","2","05","13","7","0","0","1","0","0","0"
"POINT (13.430391044000032 52.510423123000066)","Unfall 201181 (2018) Kat:3, Licht: 0","201181","3","3","5","05","05","4","0","0","0","1","0","0"
"POINT (13.360285409000028 52.561918847000072)","Unfall 201182 (2018) Kat:3, Licht: 2","201182","3","5","1","05","00","7","0","2","0","1","0","0"
"POINT (13.471413317000042 52.570731111000043)","Unfall 201183 (2018) Kat:3, Licht: 1","201183","3","7","7","05","04","4","0","1","0","0","0","1"
"POINT (13.428489319000050 52.547866180000028)","Unfall 201184 (2018) Kat:2, Licht: 0","201184","2","6","3","05","18","3","0","0","1","0","0","0"
"POINT (13.446497402000034 52.502740893000066)","Unfall 201185 (2018) Kat:2, Licht: 1","201185","2","1","0","05","00","4","0","1","1","0","0","0"
"POINT (13.377034030000061 52.508613871000080)","Unfall 201186 (2018) Kat:3, Licht: 0","201186","3","2","5","05","19","4","0","0","1","0","0","0"
"POINT (13.326242245000060 52.538027173000046)","Unfall 201187 (2018) Kat:2, Licht: 0","201187","2","2","5","05","07","3","0","0","0","1","0","0"
"POINT (13.365785807000066 52.557136974000059)","Unfall 201188 (2018) Kat:3, Licht: 2","201188","3","6","2","05","23","4","0","2","0","1","0","0"
"POINT (13.519170636000069 52.509283217000075)","Unfall 201189 (2018) Kat:3, Licht: 2","201189","3","3","5","05","22","4","0","2","1","0","0","1"
"POINT (13.448826896000071 52.485033757000053)","Unfall 201190 (2018) Kat:3, Licht: 1","201190","3","3","5","05","21","7","0","1","0","1","0","0"
"POINT (13.445009661000029 52.468040031000044)","Unfall 201191 (2018) Kat:3, Licht: 1","201191","3","5","1","05","20","4","0","1","1","1","0","0"
"POINT (13.493061308000051 52.420561398000075)","Unfall 201192 (2018) Kat:3, Licht: 0","201192","3","7","5","05","19","3","0","0","0","0","0","1"
"POINT (13.449384696000038 52.474229679000075)","Unfall 201193 (2018) Kat:3, Licht: 0","201193","3","6","2","05","20","7","0","0","0","1","0","0"
"POINT (13.218468910000070 52.428529488000038)","Unfall 201194 (2018) Kat:3, Licht: 0","201194","3","4","6","05","20","4","0","0","0","1","1","0"
"POINT (13.402713383000048 52.524019829000054)","Unfall 201195 (2018) Kat:3, Licht: 0","201195","3","4","6","05","15","3","0","0","0","1","1","0"
"POINT (13.336178694000068 52.530461317000061)","Unfall 201196 (2018) Kat:3, Licht: 0","201196","3","3","2","05","20","4","0","0","0","1","0","1"
"POINT (13.383435749000057 52.493781898000066)","Unfall 201197 (2018) Kat:2, Licht: 0","201197","2","3","5","05","20","7","0","0","1","1","0","0"
"POINT (13.362455353000030 52.530038096000055)","Unfall 201198 (2018) Kat:3, Licht: 2","201198","3","6","0","05","00","4","0","2","1","1","0","0"
"POINT (13.625163027000042 52.454543591000061)","Unfall 201199 (2018) Kat:3, Licht: 0","201199","3","5","1","05","08","3","0","0","1","0","0","0"
"POINT (13.677407600000038 52.445378975000040)","Unfall 201200 (2018) Kat:3, Licht: 0","201200","3","1","4","05","14","4","0","0","0","1","0","1"
"POINT (13.377656383000044 52.544047842000055)","Unfall 201201 (2018) Kat:3, Licht: 0","201201","3","2","5","05","13","4","0","0","0","1","0","1"
"POINT (13.265187384000058 52.536823767000044)","Unfall 201202 (2018) Kat:3, Licht: 0","201202","3","6","2","05","11","2","0","0","0","1","0","0"
"POINT (13.293984012000067 52.489328145000059)","Unfall 201203 (2018) Kat:3, Licht: 0","201203","3","5","1","05","13","4","0","0","1","1","0","0"
"POINT (13.398480627000026 52.388697734000061)","Unfall 201204 (2018) Kat:2, Licht: 0","201204","2","5","1","05","19","7","0","0","1","1","0","0"
"POINT (13.332832047000068 52.475419828000042)","Unfall 201205 (2018) Kat:3, Licht: 0","201205","3","3","5","05","19","7","0","0","1","1","0","0"
"POINT (13.328018357000076 52.467090860000042)","Unfall 201206 (2018) Kat:3, Licht: 0","201206","3","3","0","05","12","4","0","0","1","0","0","0"
"POINT (13.513883244000056 52.463060705000032)","Unfall 201207 (2018) Kat:3, Licht: 1","201207","3","7","6","05","21","3","0","1","0","1","1","0"
"POINT (13.471594184000026 52.504866014000072)","Unfall 201208 (2018) Kat:3, Licht: 0","201208","3","6","3","05","18","7","0","0","1","1","0","0"
"POINT (13.279244200000051 52.503495802000032)","Unfall 201209 (2018) Kat:3, Licht: 0","201209","3","7","5","05","11","4","0","0","0","0","0","0"
"POINT (13.427749401000028 52.507551618000036)","Unfall 201210 (2018) Kat:3, Licht: 0","201210","3","2","5","05","14","3","0","0","0","1","0","0"
"POINT (13.322676597000054 52.486436546000050)","Unfall 201211 (2018) Kat:3, Licht: 0","201211","3","2","5","05","11","4","0","0","1","1","0","0"
"POINT (13.575383567000074 52.447436138000057)","Unfall 201212 (2018) Kat:3, Licht: 0","201212","3","2","0","05","06","4","0","0","1","1","0","0"
"POINT (13.433968018000030 52.611772957000028)","Unfall 201213 (2018) Kat:3, Licht: 0","201213","3","3","5","05","10","7","0","0","0","1","0","1"
"POINT (13.227955046000034 52.530106752000052)","Unfall 201214 (2018) Kat:2, Licht: 0","201214","2","5","1","05","17","7","0","0","0","1","0","1"
"POINT (13.419412449000049 52.487573147000035)","Unfall 201215 (2018) Kat:3, Licht: 0","201215","3","7","0","05","08","7","0","0","0","1","0","1"
"POINT (13.457613571000024 52.422665789000064)","Unfall 201216 (2018) Kat:3, Licht: 0","201216","3","2","6","05","09","4","0","0","0","1","1","0"
"POINT (13.181357531000060 52.534064253000054)","Unfall 201217 (2018) Kat:3, Licht: 0","201217","3","6","2","05","12","7","0","0","0","1","0","0"
"POINT (13.254145566000034 52.534997409000027)","Unfall 201218 (2018) Kat:3, Licht: 0","201218","3","7","1","05","17","7","0","0","0","1","0","0"
"POINT (13.452087803000040 52.510677937000082)","Unfall 201219 (2018) Kat:3, Licht: 0","201219","3","2","3","05","08","4","0","0","1","1","0","0"
"POINT (13.350253946000066 52.414319814000066)","Unfall 201220 (2018) Kat:3, Licht: 0","201220","3","2","5","05","19","3","0","0","0","1","0","0"
"POINT (13.290867205000040 52.514737917000048)","Unfall 201221 (2018) Kat:3, Licht: 1","201221","3","5","5","05","05","7","0","1","1","1","0","0"
"POINT (13.377324545000022 52.482638723000036)","Unfall 201222 (2018) Kat:3, Licht: 0","201222","3","1","1","05","14","4","1","0","1","1","0","0"
"POINT (13.300561406000043 52.517671849000067)","Unfall 201223 (2018) Kat:3, Licht: 0","201223","3","6","2","05","12","3","0","0","0","1","0","1"
"POINT (13.553070276000028 52.434013869000069)","Unfall 201224 (2018) Kat:3, Licht: 0","201224","3","3","5","05","14","4","1","0","1","0","0","0"
"POINT (13.479620050000051 52.523103379000077)","Unfall 201225 (2018) Kat:2, Licht: 0","201225","2","3","5","05","11","4","0","0","1","0","0","0"
"POINT (13.427130354000042 52.487125219000063)","Unfall 201226 (2018) Kat:3, Licht: 2","201226","3","6","3","05","00","7","0","2","0","1","0","0"
"POINT (13.468061159000058 52.498833483000055)","Unfall 201227 (2018) Kat:2, Licht: 2","201227","2","1","1","05","02","7","0","2","1","1","0","0"
"POINT (13.517049917000065 52.461763133000034)","Unfall 201228 (2018) Kat:2, Licht: 0","201228","2","3","0","05","11","4","0","0","0","1","0","1"
"POINT (13.293842991000076 52.445575803000054)","Unfall 201229 (2018) Kat:3, Licht: 0","201229","3","2","5","05","19","3","0","0","0","1","0","1"
"POINT (13.391913656000042 52.555096989000049)","Unfall 201230 (2018) Kat:2, Licht: 0","201230","2","6","2","05","09","4","0","0","0","1","0","1"
"POINT (13.279465224000035 52.504413637000027)","Unfall 201231 (2018) Kat:2, Licht: 0","201231","2","6","3","05","14","4","0","0","0","1","0","0"
"POINT (13.428782873000046 52.581543407000026)","Unfall 201232 (2018) Kat:3, Licht: 0","201232","3","6","2","05","08","3","0","0","0","1","0","0"
"POINT (13.369834443000059 52.559732915000041)","Unfall 201233 (2018) Kat:3, Licht: 0","201233","3","2","5","05","14","4","1","0","0","1","0","0"
"POINT (13.346040593000055 52.506747115000053)","Unfall 201234 (2018) Kat:3, Licht: 0","201234","3","2","5","05","18","3","0","0","1","1","0","0"
"POINT (13.351428836000025 52.509610642000041)","Unfall 201235 (2018) Kat:2, Licht: 0","201235","2","2","5","05","12","4","0","0","0","1","0","0"
"POINT (13.380715674000044 52.516603866000082)","Unfall 201236 (2018) Kat:3, Licht: 0","201236","3","2","5","05","11","3","0","0","1","1","0","0"
"POINT (13.289752353000040 52.586584609000056)","Unfall 201237 (2018) Kat:2, Licht: 0","201237","2","4","6","05","12","4","0","0","0","1","1","0"
"POINT (13.367814579000026 52.526095495000050)","Unfall 201238 (2018) Kat:3, Licht: 0","201238","3","2","5","05","14","4","0","0","0","1","0","0"
"POINT (13.509544362000042 52.496201881000047)","Unfall 201239 (2018) Kat:3, Licht: 0","201239","3","2","5","05","10","7","0","0","0","1","0","1"
"POINT (13.427450212000053 52.468065807000073)","Unfall 201240 (2018) Kat:3, Licht: 0","201240","3","6","2","05","15","4","1","0","0","1","0","0"
"POINT (13.393542156000024 52.541550241000039)","Unfall 201241 (2018) Kat:2, Licht: 0","201241","2","3","5","05","17","7","0","0","1","1","0","0"
"POINT (13.371043607000047 52.526973754000039)","Unfall 201242 (2018) Kat:2, Licht: 0","201242","2","6","0","05","09","4","0","0","0","1","0","0"
"POINT (13.568659029000059 52.444661046000078)","Unfall 201243 (2018) Kat:2, Licht: 0","201243","2","3","5","05","19","3","0","0","1","1","0","0"
"POINT (13.209140441000045 52.565246626000032)","Unfall 201244 (2018) Kat:3, Licht: 0","201244","3","2","2","05","09","4","0","0","0","1","0","0"
"POINT (13.415423061000070 52.526873577000060)","Unfall 201245 (2018) Kat:2, Licht: 0","201245","2","3","5","05","08","3","0","0","1","0","0","1"
"POINT (13.490259352000066 52.542940220000048)","Unfall 201246 (2018) Kat:2, Licht: 0","201246","2","1","0","05","12","4","0","0","1","0","0","0"
"POINT (13.351932066000074 52.565968352000027)","Unfall 201247 (2018) Kat:2, Licht: 0","201247","2","3","5","05","12","7","0","0","0","1","0","0"
"POINT (13.204465493000043 52.524240654000039)","Unfall 201248 (2018) Kat:2, Licht: 2","201248","2","6","4","05","02","7","0","2","0","1","0","0"
"POINT (13.392413965000060 52.506845498000075)","Unfall 201249 (2018) Kat:3, Licht: 0","201249","3","2","5","06","18","5","0","0","1","1","0","0"
"POINT (13.390888486000051 52.515822447000062)","Unfall 201250 (2018) Kat:3, Licht: 0","201250","3","3","0","06","20","5","0","0","1","1","0","0"
"POINT (13.532867612000075 52.433621132000042)","Unfall 201251 (2018) Kat:3, Licht: 0","201251","3","3","5","06","11","3","0","0","0","1","0","0"
"POINT (13.566424707000067 52.553963147000047)","Unfall 201252 (2018) Kat:3, Licht: 1","201252","3","3","5","06","20","5","0","1","1","1","0","0"
"POINT (13.306262855000057 52.506685682000068)","Unfall 201253 (2018) Kat:3, Licht: 0","201253","3","6","3","06","11","3","0","0","1","1","0","0"
"POINT (13.356049736000045 52.572079317000032)","Unfall 201254 (2018) Kat:3, Licht: 0","201254","3","7","1","06","11","3","0","0","0","0","0","0"
"POINT (13.376760533000038 52.491561255000079)","Unfall 201255 (2018) Kat:3, Licht: 1","201255","3","2","5","06","21","5","0","1","0","1","0","0"
"POINT (13.502445636000061 52.461256848000062)","Unfall 201256 (2018) Kat:3, Licht: 0","201256","3","3","5","06","10","3","0","0","1","1","0","0"
"POINT (13.479910897000025 52.445654947000037)","Unfall 201257 (2018) Kat:2, Licht: 0","201257","2","3","5","06","18","5","0","0","0","0","0","1"
"POINT (13.349047294000059 52.542392133000078)","Unfall 201258 (2018) Kat:3, Licht: 0","201258","3","6","2","06","10","3","0","0","0","1","0","0"
"POINT (13.382787661000066 52.491452062000064)","Unfall 201259 (2018) Kat:3, Licht: 0","201259","3","2","5","06","15","5","0","0","1","1","0","0"
"POINT (13.437324987000068 52.464471706000040)","Unfall 201260 (2018) Kat:3, Licht: 1","201260","3","3","5","06","21","3","0","1","0","1","0","0"
"POINT (13.401446540000052 52.492924620000053)","Unfall 201261 (2018) Kat:3, Licht: 0","201261","3","5","5","06","08","3","0","0","0","1","0","1"
"POINT (13.367167818000041 52.522376553000072)","Unfall 201262 (2018) Kat:3, Licht: 0","201262","3","6","3","06","16","5","0","0","1","1","0","0"
"POINT (13.376592119000065 52.510055832000035)","Unfall 201263 (2018) Kat:3, Licht: 0","201263","3","2","3","06","08","3","0","0","1","0","0","1"
"POINT (13.385280849000026 52.535291534000066)","Unfall 201264 (2018) Kat:2, Licht: 2","201264","2","7","2","06","21","3","0","2","0","1","0","1"
"POINT (13.419937450000077 52.499164347000033)","Unfall 201265 (2018) Kat:3, Licht: 0","201265","3","1","2","06","16","5","0","0","1","1","0","1"
"POINT (13.374152355000035 52.537492272000065)","Unfall 201266 (2018) Kat:3, Licht: 0","201266","3","6","3","06","08","3","0","0","1","1","0","0"
"POINT (13.522881450000057 52.535885945000075)","Unfall 201267 (2018) Kat:3, Licht: 0","201267","3","2","5","06","16","5","0","0","1","1","0","0"
"POINT (13.499413026000070 52.520441003000030)","Unfall 201268 (2018) Kat:3, Licht: 0","201268","3","6","4","06","08","3","0","0","1","1","0","0"
"POINT (13.264935521000041 52.536615664000067)","Unfall 201269 (2018) Kat:3, Licht: 0","201269","3","2","5","06","08","3","0","0","1","1","0","0"
"POINT (13.286999343000048 52.586265883000067)","Unfall 201270 (2018) Kat:3, Licht: 0","201270","3","4","0","06","15","5","0","0","0","0","1","0"
"POINT (13.170711121000068 52.510138186000063)","Unfall 201271 (2018) Kat:2, Licht: 0","201271","2","2","5","06","07","3","0","0","1","1","0","0"
"POINT (13.264650956000025 52.505500481000070)","Unfall 201272 (2018) Kat:3, Licht: 0","201272","3","7","5","06","15","5","0","0","0","1","0","1"
"POINT (13.343369718000076 52.427836714000080)","Unfall 201273 (2018) Kat:3, Licht: 0","201273","3","7","2","06","07","3","0","0","1","1","0","0"
"POINT (13.381042015000048 52.441652310000052)","Unfall 201274 (2018) Kat:2, Licht: 0","201274","2","5","1","06","15","5","0","0","1","1","0","0"
"POINT (13.406277572000022 52.532333281000035)","Unfall 201275 (2018) Kat:2, Licht: 0","201275","2","3","5","06","07","3","0","0","1","1","0","0"
"POINT (13.449380707000046 52.537200528000028)","Unfall 201276 (2018) Kat:3, Licht: 0","201276","3","2","5","06","07","3","0","0","0","1","0","0"
"POINT (13.298550145000036 52.507980522000082)","Unfall 201277 (2018) Kat:3, Licht: 2","201277","3","3","5","06","23","5","0","2","0","1","0","1"
"POINT (13.534428755000022 52.432774107000057)","Unfall 201278 (2018) Kat:3, Licht: 1","201278","3","5","1","06","17","2","0","1","1","1","0","0"
"POINT (13.468433794000077 52.499811961000034)","Unfall 201279 (2018) Kat:3, Licht: 0","201279","3","3","2","06","09","2","0","0","1","1","0","0"
"POINT (13.341149559000030 52.476197645000070)","Unfall 201280 (2018) Kat:3, Licht: 0","201280","3","2","0","06","15","5","0","0","0","0","0","1"
"POINT (13.360538297000062 52.537068474000080)","Unfall 201281 (2018) Kat:3, Licht: 0","201281","3","6","3","06","18","2","0","0","0","1","0","1"
"POINT (13.331898199000022 52.480302295000058)","Unfall 201282 (2018) Kat:3, Licht: 0","201282","3","2","5","06","15","5","0","0","1","1","0","0"
"POINT (13.389079916000071 52.398358010000038)","Unfall 201283 (2018) Kat:3, Licht: 0","201283","3","2","5","06","15","5","0","0","1","1","0","0"
"POINT (13.374007032000065 52.505898012000046)","Unfall 201284 (2018) Kat:3, Licht: 0","201284","3","4","6","06","14","2","0","0","0","1","1","0"
"POINT (13.511503336000033 52.496001757000045)","Unfall 201285 (2018) Kat:3, Licht: 0","201285","3","5","1","06","14","5","0","0","1","0","0","0"
"POINT (13.318515865000052 52.454551894000076)","Unfall 201286 (2018) Kat:3, Licht: 0","201286","3","6","2","06","13","5","0","0","0","1","0","0"
"POINT (13.481409363000068 52.460922507000078)","Unfall 201287 (2018) Kat:3, Licht: 0","201287","3","2","6","06","07","2","0","0","0","1","1","0"
"POINT (13.335031432000051 52.595648583000070)","Unfall 201288 (2018) Kat:3, Licht: 0","201288","3","4","6","06","18","2","0","0","0","1","1","0"
"POINT (13.561741201000075 52.505225442000039)","Unfall 201289 (2018) Kat:3, Licht: 0","201289","3","2","5","06","13","5","0","0","0","1","0","1"
"POINT (13.316041069000050 52.525751429000081)","Unfall 201290 (2018) Kat:3, Licht: 0","201290","3","2","5","06","18","2","0","0","0","1","0","0"
"POINT (13.303692880000028 52.411705751000056)","Unfall 201291 (2018) Kat:3, Licht: 0","201291","3","6","2","06","11","5","0","0","0","1","0","0"
"POINT (13.452054320000059 52.542805618000045)","Unfall 201292 (2018) Kat:3, Licht: 0","201292","3","6","2","06","11","5","0","0","0","1","0","0"
"POINT (13.469971759000032 52.552944352000054)","Unfall 201293 (2018) Kat:3, Licht: 0","201293","3","5","1","06","18","2","0","0","1","1","0","0"