WKT,Name,OBJECTID,UKATEGORIE,UTYP1,UART,UMONAT,USTUNDE,UWOCHENTAG,STRZUSTAND,ULICHTVERH,ISTRAD,ISTPKW,ISTFUSS,ISTKRAD
"POINT (13.588842629000055 52.539332025000078)","Unfall 201294 (2018) Kat:3, Licht: 0","201294","3","2","5","06","11","5","0","0","0","1","0","0"
"POINT (13.369814800000029 52.550650185000052)","Unfall 201295 (2018) Kat:3, Licht: 0","201295","3","3","5","06","11","5","0","0","0","1","0","0"
"POINT (13.432863376000057 52.478412128000059)","Unfall 201296 (2018) Kat:3, Licht: 0","201296","3","6","2","06","18","2","0","0","0","0","0","1"
"POINT (13.530039675000069 52.414507352000044)","Unfall 201297 (2018) Kat:3, Licht: 0","201297","3","1","0","06","20","5","0","0","0","0","0","1"
"POINT (13.391788400000053 52.510738201000038)","Unfall 201298 (2018) Kat:3, Licht: 0","201298","3","5","1","06","18","2","0","0","1","1","0","0"
"POINT (13.384259663000023 52.536116317000051)","Unfall 201299 (2018) Kat:2, Licht: 0","201299","2","1","0","06","20","5","0","0","0","0","0","1"
"POINT (13.525742259000026 52.460619496000049)","Unfall 201300 (2018) Kat:3, Licht: 0","201300","3","4","6","06","19","2","0","0","0","1","1","0"
"POINT (13.328093318000072 52.507194061000064)","Unfall 201301 (2018) Kat:3, Licht: 0","201301","3","7","0","06","20","5","0","0","1","0","0","0"
"POINT (13.313656818000027 52.483969618000060)","Unfall 201302 (2018) Kat:3, Licht: 0","201302","3","4","6","06","19","2","0","0","0","1","1","0"
"POINT (13.354281121000042 52.498126334000062)","Unfall 201303 (2018) Kat:3, Licht: 0","201303","3","1","0","06","11","5","0","0","1","0","0","0"
"POINT (13.312971002000040 52.499926907000031)","Unfall 201304 (2018) Kat:3, Licht: 0","201304","3","2","5","06","20","2","0","0","1","1","0","0"
"POINT (13.464348626000060 52.470198746000051)","Unfall 201305 (2018) Kat:3, Licht: 0","201305","3","2","6","06","10","5","0","0","0","1","1","0"
"POINT (13.357694433000063 52.498599312000067)","Unfall 201306 (2018) Kat:3, Licht: 0","201306","3","4","6","06","09","5","0","0","0","1","1","0"
"POINT (13.421201116000077 52.466610983000066)","Unfall 201307 (2018) Kat:2, Licht: 0","201307","2","7","0","06","20","2","0","0","1","0","0","0"
"POINT (13.543241357000056 52.534309605000033)","Unfall 201308 (2018) Kat:3, Licht: 0","201308","3","2","6","06","09","5","0","0","0","1","1","0"
"POINT (13.241214705000061 52.528168165000068)","Unfall 201309 (2018) Kat:3, Licht: 0","201309","3","6","2","06","09","5","0","0","0","1","0","0"
"POINT (13.300220860000024 52.526101384000071)","Unfall 201310 (2018) Kat:2, Licht: 0","201310","2","1","8","06","20","2","0","0","0","0","0","0"
"POINT (13.452287101000024 52.563062113000058)","Unfall 201311 (2018) Kat:3, Licht: 0","201311","3","2","0","06","09","5","0","0","1","1","0","0"
"POINT (13.593668241000046 52.446268652000072)","Unfall 201312 (2018) Kat:3, Licht: 0","201312","3","3","5","06","07","2","0","0","1","1","0","0"
"POINT (13.440394695000066 52.501877452000031)","Unfall 201313 (2018) Kat:3, Licht: 2","201313","3","5","1","06","23","2","0","2","1","1","0","0"
"POINT (13.532878961000051 52.479465943000037)","Unfall 201314 (2018) Kat:3, Licht: 0","201314","3","3","5","06","09","5","0","0","0","1","0","1"
"POINT (13.308203372000037 52.475049135000063)","Unfall 201315 (2018) Kat:3, Licht: 0","201315","3","7","5","06","18","2","0","0","1","1","0","0"
"POINT (13.323987210000041 52.516453653000042)","Unfall 201316 (2018) Kat:3, Licht: 0","201316","3","6","2","06","08","5","0","0","0","1","0","0"
"POINT (13.291490644000021 52.625668180000048)","Unfall 201317 (2018) Kat:3, Licht: 0","201317","3","3","5","06","07","5","0","0","0","1","0","0"
"POINT (13.297515590000046 52.534588056000075)","Unfall 201318 (2018) Kat:3, Licht: 0","201318","3","3","5","06","17","2","0","0","0","1","0","0"
"POINT (13.417903492000050 52.577045380000072)","Unfall 201319 (2018) Kat:3, Licht: 0","201319","3","4","6","06","07","5","0","0","0","1","1","0"
"POINT (13.343060611000055 52.526285122000047)","Unfall 201320 (2018) Kat:2, Licht: 0","201320","2","3","5","06","17","2","0","0","1","0","0","0"
"POINT (13.292101514000024 52.516759043000036)","Unfall 201321 (2018) Kat:3, Licht: 0","201321","3","3","5","06","07","5","0","0","1","1","0","0"
"POINT (13.355703682000069 52.577605650000066)","Unfall 201322 (2018) Kat:3, Licht: 0","201322","3","2","5","06","17","2","0","0","1","0","0","0"
"POINT (13.535175894000076 52.432296409000060)","Unfall 201323 (2018) Kat:3, Licht: 0","201323","3","2","5","06","17","2","0","0","0","0","0","1"
"POINT (13.215598405000037 52.538095104000035)","Unfall 201324 (2018) Kat:2, Licht: 0","201324","2","7","5","06","07","5","0","0","0","1","0","0"
"POINT (13.317000744000040 52.530834027000026)","Unfall 201325 (2018) Kat:3, Licht: 0","201325","3","5","1","06","17","2","0","0","0","1","0","1"
"POINT (13.201279850000049 52.512163309000073)","Unfall 201326 (2018) Kat:3, Licht: 0","201326","3","6","2","06","16","2","0","0","0","1","0","0"
"POINT (13.487139782000042 52.617476221000061)","Unfall 201327 (2018) Kat:3, Licht: 0","201327","3","2","5","06","06","5","0","0","1","1","0","0"
"POINT (13.387916684000061 52.502887226000041)","Unfall 201328 (2018) Kat:3, Licht: 0","201328","3","3","5","06","16","2","0","0","0","1","0","0"
"POINT (13.381721875000039 52.504196430000036)","Unfall 201329 (2018) Kat:3, Licht: 0","201329","3","6","0","06","19","5","0","0","1","0","0","0"
"POINT (13.544563805000053 52.399287188000073)","Unfall 201330 (2018) Kat:3, Licht: 0","201330","3","2","5","06","17","2","0","0","1","1","0","0"
"POINT (13.344963228000040 52.491049515000043)","Unfall 201331 (2018) Kat:3, Licht: 2","201331","3","6","3","06","02","5","0","2","0","1","0","0"
"POINT (13.485123808000026 52.515863910000064)","Unfall 201332 (2018) Kat:3, Licht: 0","201332","3","2","5","06","16","2","0","0","0","1","0","0"
"POINT (13.454187880000063 52.510297265000077)","Unfall 201333 (2018) Kat:3, Licht: 0","201333","3","5","1","06","16","2","0","0","1","1","0","0"
"POINT (13.380248481000024 52.498796110000058)","Unfall 201334 (2018) Kat:3, Licht: 2","201334","3","3","5","06","00","5","0","2","0","1","0","0"
"POINT (13.355004439000027 52.490897588000053)","Unfall 201335 (2018) Kat:2, Licht: 0","201335","2","2","5","06","16","2","0","0","1","0","0","0"
"POINT (13.328571138000029 52.563643269000067)","Unfall 201336 (2018) Kat:3, Licht: 0","201336","3","7","2","06","16","2","0","0","0","1","0","1"
"POINT (13.129682989000059 52.536147944000049)","Unfall 201337 (2018) Kat:2, Licht: 0","201337","2","4","6","06","18","5","0","0","0","1","1","0"
"POINT (13.490548905000026 52.509652894000055)","Unfall 201338 (2018) Kat:3, Licht: 0","201338","3","7","5","06","16","2","0","0","0","1","0","1"
"POINT (13.327444766000042 52.520498266000061)","Unfall 201339 (2018) Kat:3, Licht: 0","201339","3","2","2","06","15","2","0","0","1","1","0","0"
"POINT (13.349043537000057 52.508600894000040)","Unfall 201340 (2018) Kat:3, Licht: 0","201340","3","3","5","06","06","5","0","0","1","0","0","0"
"POINT (13.292786518000071 52.578821863000030)","Unfall 201341 (2018) Kat:3, Licht: 0","201341","3","3","5","06","15","2","0","0","0","1","0","0"
"POINT (13.345110161000036 52.546640040000057)","Unfall 201342 (2018) Kat:3, Licht: 0","201342","3","2","5","06","11","4","0","0","1","1","0","0"
"POINT (13.468380750000051 52.499669584000060)","Unfall 201343 (2018) Kat:3, Licht: 0","201343","3","7","5","06","19","4","0","0","1","0","0","0"
"POINT (13.419721253000034 52.525432209000030)","Unfall 201344 (2018) Kat:2, Licht: 0","201344","2","2","2","06","15","2","0","0","1","1","0","0"
"POINT (13.142853711000043 52.539671322000061)","Unfall 201345 (2018) Kat:3, Licht: 0","201345","3","3","5","06","15","2","0","0","0","1","0","0"
"POINT (13.354122486000051 52.562091938000037)","Unfall 201346 (2018) Kat:3, Licht: 0","201346","3","2","5","06","09","4","0","0","1","1","0","0"
"POINT (13.380783447000056 52.482756494000057)","Unfall 201347 (2018) Kat:3, Licht: 0","201347","3","5","1","06","15","2","0","0","1","1","0","0"
"POINT (13.453322400000047 52.501013291000049)","Unfall 201348 (2018) Kat:3, Licht: 0","201348","3","2","5","06","09","4","0","0","1","1","0","0"
"POINT (13.373599964000050 52.520809995000036)","Unfall 201349 (2018) Kat:3, Licht: 0","201349","3","2","0","06","08","4","0","0","1","1","0","0"
"POINT (13.345024401000046 52.539118139000038)","Unfall 201350 (2018) Kat:2, Licht: 0","201350","2","2","5","06","15","2","0","0","0","1","0","1"
"POINT (13.545262808000075 52.425714476000053)","Unfall 201351 (2018) Kat:3, Licht: 0","201351","3","2","5","06","05","4","0","0","1","1","0","0"
"POINT (13.414767844000039 52.550563232000059)","Unfall 201352 (2018) Kat:3, Licht: 0","201352","3","5","1","06","08","4","0","0","1","0","0","0"
"POINT (13.328615591000073 52.476864233000072)","Unfall 201353 (2018) Kat:3, Licht: 0","201353","3","5","1","06","15","2","0","0","0","1","0","0"
"POINT (13.389030460000072 52.515770094000061)","Unfall 201354 (2018) Kat:3, Licht: 0","201354","3","5","1","06","08","4","0","0","1","1","0","0"
"POINT (13.466934721000030 52.471379823000063)","Unfall 201355 (2018) Kat:3, Licht: 0","201355","3","2","5","06","08","4","0","0","1","1","0","0"
"POINT (13.309902155000032 52.466630146000057)","Unfall 201356 (2018) Kat:3, Licht: 0","201356","3","3","5","06","14","2","0","0","1","1","0","0"
"POINT (13.447603985000057 52.498003628000049)","Unfall 201357 (2018) Kat:3, Licht: 0","201357","3","7","5","06","08","4","0","0","1","1","0","0"
"POINT (13.527010159000042 52.492075387000057)","Unfall 201358 (2018) Kat:3, Licht: 0","201358","3","2","5","06","14","2","0","0","0","1","0","0"
"POINT (13.339007652000078 52.492279103000044)","Unfall 201359 (2018) Kat:3, Licht: 0","201359","3","2","5","06","08","4","0","0","1","1","0","0"
"POINT (13.337577416000045 52.552952596000068)","Unfall 201360 (2018) Kat:3, Licht: 0","201360","3","7","0","06","13","2","0","0","1","1","0","0"
"POINT (13.540309002000072 52.525950040000055)","Unfall 201361 (2018) Kat:3, Licht: 0","201361","3","2","2","06","09","4","0","0","1","1","0","0"
"POINT (13.178215701000056 52.548835161000056)","Unfall 201362 (2018) Kat:3, Licht: 0","201362","3","2","5","06","19","4","0","0","1","1","0","0"
"POINT (13.175945972000022 52.419564002000072)","Unfall 201363 (2018) Kat:3, Licht: 0","201363","3","3","5","06","13","2","0","0","1","0","0","0"
"POINT (13.517675708000070 52.563868185000047)","Unfall 201364 (2018) Kat:3, Licht: 0","201364","3","2","5","06","19","4","0","0","0","1","0","1"
"POINT (13.482536647000074 52.461850666000032)","Unfall 201365 (2018) Kat:2, Licht: 0","201365","2","7","5","06","12","2","0","0","0","1","0","1"
"POINT (13.339231687000051 52.458071151000070)","Unfall 201366 (2018) Kat:3, Licht: 0","201366","3","1","0","06","19","4","0","0","0","0","0","1"
"POINT (13.344467607000070 52.435681381000052)","Unfall 201367 (2018) Kat:3, Licht: 0","201367","3","3","0","06","11","2","0","0","1","0","0","1"
"POINT (13.399026273000061 52.508232573000043)","Unfall 201368 (2018) Kat:3, Licht: 0","201368","3","2","5","06","11","2","0","0","1","1","0","0"
"POINT (13.364085691000071 52.567605835000052)","Unfall 201369 (2018) Kat:3, Licht: 0","201369","3","3","5","06","19","4","0","0","1","0","0","0"
"POINT (13.399818819000075 52.456590084000027)","Unfall 201370 (2018) Kat:3, Licht: 0","201370","3","5","1","06","19","4","0","0","1","1","0","0"
"POINT (13.195685742000023 52.529499268000052)","Unfall 201371 (2018) Kat:3, Licht: 0","201371","3","2","5","06","11","2","0","0","1","1","0","0"
"POINT (13.444739349000031 52.565177564000066)","Unfall 201372 (2018) Kat:2, Licht: 0","201372","2","6","2","06","20","4","0","0","0","1","0","0"
"POINT (13.377093815000023 52.556599941000059)","Unfall 201373 (2018) Kat:2, Licht: 0","201373","2","3","5","06","10","2","0","0","1","1","0","0"
"POINT (13.460963480000032 52.563854788000071)","Unfall 201374 (2018) Kat:3, Licht: 1","201374","3","3","5","06","20","4","0","1","1","1","0","0"
"POINT (13.430555935000029 52.497867317000043)","Unfall 201375 (2018) Kat:3, Licht: 0","201375","3","7","0","06","10","2","0","0","0","1","1","0"
"POINT (13.422750039000050 52.541419186000041)","Unfall 201376 (2018) Kat:3, Licht: 1","201376","3","3","5","06","21","4","0","1","1","1","0","0"
"POINT (13.431354250000027 52.515223142000082)","Unfall 201377 (2018) Kat:3, Licht: 2","201377","3","5","0","06","22","4","0","2","1","1","0","0"
"POINT (13.388751971000033 52.534295241000052)","Unfall 201378 (2018) Kat:3, Licht: 0","201378","3","4","6","06","08","2","0","0","0","1","1","0"
"POINT (13.403367493000076 52.511318703000029)","Unfall 201379 (2018) Kat:3, Licht: 0","201379","3","1","0","06","17","4","0","0","1","0","0","0"
"POINT (13.349383417000070 52.447582570000066)","Unfall 201380 (2018) Kat:3, Licht: 0","201380","3","5","1","06","07","2","0","0","1","1","0","0"
"POINT (13.564104868000072 52.544549347000043)","Unfall 201381 (2018) Kat:3, Licht: 0","201381","3","7","0","06","07","2","1","0","0","0","0","1"
"POINT (13.304206790000023 52.507926075000057)","Unfall 201382 (2018) Kat:3, Licht: 0","201382","3","3","5","06","17","4","0","0","1","1","0","0"
"POINT (13.285150108000039 52.493891683000072)","Unfall 201383 (2018) Kat:3, Licht: 0","201383","3","3","5","06","12","2","0","0","0","0","0","1"
"POINT (13.161212874000057 52.525402399000029)","Unfall 201384 (2018) Kat:3, Licht: 0","201384","3","3","5","06","18","1","0","0","0","1","0","1"
"POINT (13.236232064000035 52.469464272000039)","Unfall 201385 (2018) Kat:2, Licht: 0","201385","2","3","5","06","16","4","0","0","1","0","0","0"
"POINT (13.325099903000023 52.501443015000063)","Unfall 201386 (2018) Kat:3, Licht: 0","201386","3","4","6","06","14","1","0","0","0","1","1","0"
"POINT (13.417702325000050 52.536697016000062)","Unfall 201387 (2018) Kat:3, Licht: 0","201387","3","1","0","06","21","4","0","0","0","0","0","1"
"POINT (13.341954055000031 52.552214484000046)","Unfall 201388 (2018) Kat:2, Licht: 0","201388","2","4","6","06","16","4","0","0","0","1","1","0"
"POINT (13.317374751000045 52.481501184000081)","Unfall 201389 (2018) Kat:3, Licht: 0","201389","3","4","6","06","09","1","0","0","0","1","1","0"
"POINT (13.439462089000074 52.523870426000030)","Unfall 201390 (2018) Kat:3, Licht: 2","201390","3","7","0","06","22","1","0","2","0","1","0","0"
"POINT (13.449746182000069 52.551068765000082)","Unfall 201391 (2018) Kat:3, Licht: 0","201391","3","3","5","06","16","4","0","0","1","1","0","0"
"POINT (13.625293062000026 52.455568850000077)","Unfall 201392 (2018) Kat:3, Licht: 0","201392","3","1","0","06","17","1","0","0","1","0","0","0"
"POINT (13.424789841000063 52.546997773000044)","Unfall 201393 (2018) Kat:3, Licht: 0","201393","3","3","5","06","16","4","0","0","1","0","0","0"
"POINT (13.376499819000060 52.467285056000037)","Unfall 201394 (2018) Kat:3, Licht: 0","201394","3","7","0","06","15","1","0","0","0","0","0","1"
"POINT (13.250566986000024 52.522683155000038)","Unfall 201395 (2018) Kat:3, Licht: 0","201395","3","6","2","06","16","1","0","0","1","0","0","0"
"POINT (13.313103214000023 52.585512453000035)","Unfall 201396 (2018) Kat:3, Licht: 0","201396","3","1","0","06","15","4","0","0","0","0","0","1"
"POINT (13.624658805000024 52.450377587000048)","Unfall 201397 (2018) Kat:3, Licht: 0","201397","3","4","0","06","15","1","0","0","1","0","1","0"
"POINT (13.435005366000041 52.431804611000075)","Unfall 201398 (2018) Kat:3, Licht: 0","201398","3","7","0","06","14","1","0","0","0","1","1","0"
"POINT (13.490504825000073 52.501511254000036)","Unfall 201399 (2018) Kat:3, Licht: 0","201399","3","2","5","06","19","4","0","0","0","1","0","1"
"POINT (13.442244706000054 52.480731453000033)","Unfall 201400 (2018) Kat:3, Licht: 0","201400","3","6","2","06","13","1","0","0","0","1","0","0"
"POINT (13.306654616000060 52.501056346000041)","Unfall 201401 (2018) Kat:3, Licht: 0","201401","3","6","2","06","16","4","0","0","0","1","0","0"
"POINT (13.555392326000060 52.455590036000046)","Unfall 201402 (2018) Kat:3, Licht: 2","201402","3","2","5","06","15","4","0","2","0","1","0","1"
"POINT (13.436992419000035 52.465090674000066)","Unfall 201403 (2018) Kat:3, Licht: 0","201403","3","3","5","06","13","1","0","0","0","1","0","0"
"POINT (13.208767503000047 52.510675493000065)","Unfall 201404 (2018) Kat:3, Licht: 0","201404","3","2","5","06","15","4","0","0","0","1","0","1"
"POINT (13.376610320000054 52.528675544000066)","Unfall 201405 (2018) Kat:3, Licht: 0","201405","3","6","2","06","11","1","1","0","0","1","0","0"
"POINT (13.326405747000024 52.527636919000031)","Unfall 201406 (2018) Kat:3, Licht: 0","201406","3","3","5","06","14","4","0","0","0","1","0","0"
"POINT (13.317907629000047 52.462870248000058)","Unfall 201407 (2018) Kat:3, Licht: 0","201407","3","1","1","06","09","1","0","0","1","1","0","0"
"POINT (13.545025580000072 52.434426778000045)","Unfall 201408 (2018) Kat:2, Licht: 0","201408","2","3","5","06","09","1","0","0","0","1","0","0"
"POINT (13.596558446000074 52.437011384000073)","Unfall 201409 (2018) Kat:3, Licht: 0","201409","3","1","0","06","15","4","0","0","0","0","0","1"
"POINT (13.374487830000021 52.491939587000047)","Unfall 201410 (2018) Kat:2, Licht: 0","201410","2","1","8","06","05","1","0","0","0","0","0","1"
"POINT (13.377470244000051 52.522231302000080)","Unfall 201411 (2018) Kat:3, Licht: 0","201411","3","3","5","06","18","4","0","0","0","1","0","1"
"POINT (13.405062055000030 52.500909909000029)","Unfall 201412 (2018) Kat:3, Licht: 0","201412","3","3","5","06","15","4","0","0","1","1","0","0"
"POINT (13.432349944000066 52.604745755000067)","Unfall 201413 (2018) Kat:3, Licht: 2","201413","3","7","6","06","02","1","0","2","0","1","1","0"
"POINT (13.438214644000027 52.418647555000064)","Unfall 201414 (2018) Kat:3, Licht: 0","201414","3","4","6","06","15","4","0","0","0","1","1","0"
"POINT (13.529721197000072 52.456904513000040)","Unfall 201415 (2018) Kat:3, Licht: 0","201415","3","7","0","06","15","4","0","0","0","0","0","1"
"POINT (13.499816434000024 52.534372584000039)","Unfall 201416 (2018) Kat:2, Licht: 0","201416","2","3","5","06","17","1","0","0","0","1","0","0"
"POINT (13.568171468000060 52.573661035000043)","Unfall 201417 (2018) Kat:3, Licht: 0","201417","3","6","2","06","15","4","0","0","0","1","0","0"
"POINT (13.461255872000038 52.530230848000031)","Unfall 201418 (2018) Kat:2, Licht: 0","201418","2","4","6","06","18","1","0","0","0","1","1","0"
"POINT (13.356361014000072 52.555389663000028)","Unfall 201419 (2018) Kat:3, Licht: 0","201419","3","3","5","06","14","4","0","0","0","1","0","0"
"POINT (13.322733389000064 52.485560806000080)","Unfall 201420 (2018) Kat:3, Licht: 2","201420","3","3","0","06","22","1","0","2","1","1","0","0"
"POINT (13.405204609000066 52.489241199000048)","Unfall 201421 (2018) Kat:3, Licht: 0","201421","3","6","2","06","14","4","0","0","0","1","0","0"
"POINT (13.418415647000074 52.555557596000028)","Unfall 201422 (2018) Kat:3, Licht: 0","201422","3","3","5","06","14","4","0","0","1","1","0","0"
"POINT (13.280082532000051 52.518410070000073)","Unfall 201423 (2018) Kat:2, Licht: 0","201423","2","3","5","06","11","1","0","0","1","1","0","0"
"POINT (13.353730622000057 52.499914372000035)","Unfall 201424 (2018) Kat:3, Licht: 0","201424","3","2","3","06","14","4","0","0","1","1","0","0"
"POINT (13.249998121000033 52.421336860000054)","Unfall 201425 (2018) Kat:3, Licht: 0","201425","3","3","5","06","17","7","0","0","0","1","0","0"
"POINT (13.368050416000074 52.558669838000071)","Unfall 201426 (2018) Kat:3, Licht: 0","201426","3","3","5","06","12","4","0","0","0","1","0","1"
"POINT (13.453206769000076 52.475307237000038)","Unfall 201427 (2018) Kat:3, Licht: 0","201427","3","2","0","06","06","5","0","0","1","1","0","0"
"POINT (13.440398127000037 52.516356632000054)","Unfall 201428 (2018) Kat:3, Licht: 0","201428","3","7","6","06","11","4","0","0","0","1","1","0"
"POINT (13.551479730000040 52.439153318000081)","Unfall 201429 (2018) Kat:3, Licht: 0","201429","3","6","2","06","17","7","0","0","0","1","0","1"
"POINT (13.178437315000053 52.548792894000030)","Unfall 201430 (2018) Kat:3, Licht: 0","201430","3","6","2","06","11","4","0","0","0","1","0","0"
"POINT (13.401791130000049 52.490232268000057)","Unfall 201431 (2018) Kat:3, Licht: 0","201431","3","6","2","06","11","4","0","0","0","1","0","0"
"POINT (13.383006472000034 52.492107623000038)","Unfall 201432 (2018) Kat:3, Licht: 0","201432","3","5","1","06","15","7","0","0","1","1","0","0"
"POINT (13.331402603000072 52.527177429000062)","Unfall 201433 (2018) Kat:3, Licht: 0","201433","3","7","5","06","11","4","0","0","0","1","0","1"
"POINT (13.288763697000036 52.518933113000060)","Unfall 201434 (2018) Kat:3, Licht: 0","201434","3","7","0","06","15","7","0","0","1","1","0","0"
"POINT (13.358546204000049 52.421084115000042)","Unfall 201435 (2018) Kat:3, Licht: 0","201435","3","3","5","06","07","5","0","0","0","1","0","1"
"POINT (13.419749273000036 52.501153823000038)","Unfall 201436 (2018) Kat:3, Licht: 0","201436","3","5","1","06","14","7","0","0","1","1","0","0"
"POINT (13.626982204000058 52.529974443000071)","Unfall 201437 (2018) Kat:3, Licht: 0","201437","3","3","5","06","10","4","0","0","0","1","0","0"
"POINT (13.513369328000067 52.427780890000065)","Unfall 201438 (2018) Kat:2, Licht: 0","201438","2","6","4","06","14","7","0","0","0","1","0","0"
"POINT (13.417701283000042 52.513784885000064)","Unfall 201439 (2018) Kat:3, Licht: 0","201439","3","2","6","06","10","4","0","0","0","1","1","0"
"POINT (13.528267869000047 52.556888797000056)","Unfall 201440 (2018) Kat:3, Licht: 0","201440","3","2","5","06","15","5","0","0","1","1","0","0"
"POINT (13.330308770000045 52.512979157000075)","Unfall 201441 (2018) Kat:3, Licht: 0","201441","3","3","5","06","08","4","0","0","1","1","0","0"
"POINT (13.646909836000077 52.520988222000028)","Unfall 201442 (2018) Kat:3, Licht: 0","201442","3","6","2","06","11","7","1","0","0","1","0","0"
"POINT (13.381877762000045 52.541625011000065)","Unfall 201443 (2018) Kat:2, Licht: 0","201443","2","6","2","06","09","4","0","0","0","1","0","1"
"POINT (13.350753790000056 52.486141558000043)","Unfall 201444 (2018) Kat:3, Licht: 0","201444","3","4","6","06","11","7","0","0","1","0","1","0"
"POINT (13.420723011000064 52.518092158000059)","Unfall 201445 (2018) Kat:3, Licht: 0","201445","3","5","1","06","11","7","0","0","0","1","0","1"
"POINT (13.441998438000041 52.500902242000052)","Unfall 201446 (2018) Kat:3, Licht: 0","201446","3","6","2","06","07","4","0","0","1","1","0","0"
"POINT (13.482689329000038 52.556221637000078)","Unfall 201447 (2018) Kat:3, Licht: 0","201447","3","3","5","06","08","7","0","0","0","1","0","0"
"POINT (13.554078630000049 52.493841568000050)","Unfall 201448 (2018) Kat:3, Licht: 0","201448","3","3","5","06","16","5","0","0","0","1","0","1"
"POINT (13.578210343000023 52.457293107000055)","Unfall 201449 (2018) Kat:3, Licht: 0","201449","3","4","6","06","15","7","1","0","0","1","1","0"
"POINT (13.362304188000053 52.489238039000043)","Unfall 201450 (2018) Kat:3, Licht: 0","201450","3","5","0","06","07","4","0","0","1","1","0","0"
"POINT (13.411017042000026 52.541124482000043)","Unfall 201451 (2018) Kat:3, Licht: 2","201451","3","6","2","06","22","7","0","2","0","1","0","0"
"POINT (13.326134070000023 52.427872435000040)","Unfall 201452 (2018) Kat:3, Licht: 0","201452","3","6","2","06","16","5","0","0","0","0","0","1"
"POINT (13.381141545000048 52.532107994000057)","Unfall 201453 (2018) Kat:3, Licht: 2","201453","3","4","6","06","21","7","0","2","0","0","1","1"
"POINT (13.250317937000034 52.453845000000058)","Unfall 201454 (2018) Kat:3, Licht: 0","201454","3","6","2","06","07","4","0","0","0","1","0","0"
"POINT (13.587007079000045 52.481533530000036)","Unfall 201455 (2018) Kat:3, Licht: 0","201455","3","3","5","06","19","7","0","0","0","1","0","1"
"POINT (13.390277923000042 52.555548747000046)","Unfall 201456 (2018) Kat:3, Licht: 0","201456","3","2","5","06","07","4","0","0","1","1","0","0"
"POINT (13.417289024000070 52.549902328000030)","Unfall 201457 (2018) Kat:3, Licht: 0","201457","3","3","5","06","17","5","0","0","1","1","0","0"
"POINT (13.415780479000034 52.386917724000057)","Unfall 201458 (2018) Kat:2, Licht: 0","201458","2","4","6","06","19","7","0","0","0","1","1","0"
"POINT (13.247718101000032 52.547547208000026)","Unfall 201459 (2018) Kat:3, Licht: 0","201459","3","6","3","06","06","4","0","0","0","1","0","1"
"POINT (13.322582795000073 52.487275145000069)","Unfall 201460 (2018) Kat:3, Licht: 0","201460","3","5","5","06","19","7","0","0","1","1","0","0"
"POINT (13.552841768000064 52.399418745000048)","Unfall 201461 (2018) Kat:3, Licht: 0","201461","3","2","2","06","10","7","0","0","1","0","0","0"
"POINT (13.446640551000030 52.502816508000080)","Unfall 201462 (2018) Kat:3, Licht: 0","201462","3","2","5","06","06","4","0","0","1","1","0","0"
"POINT (13.537386903000026 52.534483803000057)","Unfall 201463 (2018) Kat:2, Licht: 0","201463","2","3","5","06","09","7","0","0","1","1","0","0"
"POINT (13.574110305000033 52.444987464000064)","Unfall 201464 (2018) Kat:3, Licht: 0","201464","3","1","1","06","17","5","0","0","1","1","0","0"
"POINT (13.379287115000068 52.489704413000027)","Unfall 201465 (2018) Kat:3, Licht: 0","201465","3","3","5","06","08","4","0","0","1","1","0","0"
"POINT (13.458578458000034 52.557774516000052)","Unfall 201466 (2018) Kat:3, Licht: 0","201466","3","3","5","06","08","7","0","0","0","1","0","0"
"POINT (13.299170528000047 52.506727206000051)","Unfall 201467 (2018) Kat:1, Licht: 2","201467","1","7","5","06","21","4","0","2","0","1","1","0"
"POINT (13.349219439000024 52.541947517000040)","Unfall 201468 (2018) Kat:3, Licht: 0","201468","3","6","2","06","17","5","0","0","0","1","0","0"
"POINT (13.480387371000063 52.499119557000029)","Unfall 201469 (2018) Kat:3, Licht: 0","201469","3","7","5","06","07","7","0","0","0","1","0","0"
"POINT (13.420753582000032 52.468623574000048)","Unfall 201470 (2018) Kat:3, Licht: 0","201470","3","2","5","06","18","3","0","0","1","1","0","0"
"POINT (13.410975964000045 52.503824388000055)","Unfall 201471 (2018) Kat:3, Licht: 0","201471","3","2","0","06","12","7","0","0","1","1","0","0"
"POINT (13.477212367000050 52.522851842000080)","Unfall 201472 (2018) Kat:3, Licht: 0","201472","3","3","5","06","07","3","0","0","1","1","0","0"
"POINT (13.363023346000034 52.447764769000059)","Unfall 201473 (2018) Kat:3, Licht: 0","201473","3","3","5","06","17","5","0","0","0","1","0","0"
"POINT (13.326231333000067 52.486365091000039)","Unfall 201474 (2018) Kat:3, Licht: 0","201474","3","3","5","06","16","3","0","0","1","1","0","0"
"POINT (13.388389358000040 52.412048272000050)","Unfall 201475 (2018) Kat:3, Licht: 0","201475","3","7","5","06","10","7","0","0","0","1","0","0"
"POINT (13.446617252000067 52.502827859000035)","Unfall 201476 (2018) Kat:3, Licht: 0","201476","3","4","6","06","06","7","0","0","0","1","1","0"
"POINT (13.197364796000045 52.524665298000059)","Unfall 201477 (2018) Kat:3, Licht: 0","201477","3","7","6","06","17","3","0","0","0","1","1","0"
"POINT (13.255156099000033 52.449791865000066)","Unfall 201478 (2018) Kat:2, Licht: 0","201478","2","3","5","06","08","7","1","0","0","1","0","0"