WKT,Name,OBJECTID,UKATEGORIE,UTYP1,UART,UMONAT,USTUNDE,UWOCHENTAG,STRZUSTAND,ULICHTVERH,ISTRAD,ISTPKW,ISTFUSS,ISTKRAD
"POINT (13.433555030000036 52.607695040000067)","Unfall 201665 (2018) Kat:2, Licht: 0","201665","2","3","5","06","09","5","0","0","1","1","0","0"
"POINT (13.532939183000053 52.461638217000029)","Unfall 201666 (2018) Kat:3, Licht: 0","201666","3","2","2","06","17","7","0","0","0","1","0","0"
"POINT (13.544412516000023 52.526050509000072)","Unfall 201667 (2018) Kat:3, Licht: 0","201667","3","3","5","06","10","5","0","0","0","1","0","0"
"POINT (13.249447322000037 52.515441876000068)","Unfall 201668 (2018) Kat:3, Licht: 0","201668","3","2","5","06","09","7","0","0","1","1","0","0"
"POINT (13.392928720000043 52.527454467000041)","Unfall 201669 (2018) Kat:3, Licht: 0","201669","3","3","5","06","19","2","0","0","1","1","0","0"
"POINT (13.225790261000043 52.627916183000082)","Unfall 201670 (2018) Kat:3, Licht: 0","201670","3","5","0","06","12","6","0","0","1","0","0","0"
"POINT (13.338960200000031 52.464346687000045)","Unfall 201671 (2018) Kat:3, Licht: 2","201671","3","7","6","06","03","7","0","2","1","0","1","0"
"POINT (13.273431701000050 52.455605176000063)","Unfall 201672 (2018) Kat:2, Licht: 0","201672","2","3","5","06","10","5","0","0","0","1","0","0"
"POINT (13.412175212000022 52.498746635000032)","Unfall 201673 (2018) Kat:3, Licht: 0","201673","3","4","6","06","14","7","0","0","0","1","1","0"
"POINT (13.178104161000022 52.548818215000040)","Unfall 201674 (2018) Kat:3, Licht: 2","201674","3","2","5","06","23","7","0","2","0","1","0","0"
"POINT (13.334991390000027 52.420923140000070)","Unfall 201675 (2018) Kat:3, Licht: 0","201675","3","3","5","06","13","5","0","0","0","1","0","0"
"POINT (13.424420449000024 52.513431596000032)","Unfall 201676 (2018) Kat:3, Licht: 0","201676","3","3","5","06","20","7","0","0","1","1","0","0"
"POINT (13.374695219000046 52.426297768000040)","Unfall 201677 (2018) Kat:2, Licht: 0","201677","2","6","2","06","20","7","0","0","0","1","0","1"
"POINT (13.348576398000034 52.502552929000046)","Unfall 201678 (2018) Kat:2, Licht: 0","201678","2","5","0","06","14","5","0","0","0","1","0","1"
"POINT (13.443137001000025 52.495696289000080)","Unfall 201679 (2018) Kat:3, Licht: 0","201679","3","7","6","06","19","7","0","0","0","1","1","0"
"POINT (13.517760678000059 52.535375929000054)","Unfall 201680 (2018) Kat:3, Licht: 0","201680","3","2","5","06","14","6","0","0","1","1","0","0"
"POINT (13.613583820000031 52.509138098000051)","Unfall 201681 (2018) Kat:3, Licht: 0","201681","3","1","0","06","11","5","0","0","1","0","0","0"
"POINT (13.392020066000043 52.545046011000068)","Unfall 201682 (2018) Kat:3, Licht: 0","201682","3","7","0","06","20","7","0","0","0","1","0","1"
"POINT (13.536037870000030 52.460149407000074)","Unfall 201683 (2018) Kat:3, Licht: 0","201683","3","1","0","06","13","5","0","0","1","0","0","0"
"POINT (13.500522949000072 52.632671721000065)","Unfall 201684 (2018) Kat:3, Licht: 0","201684","3","6","2","06","19","7","0","0","0","1","0","0"
"POINT (13.344833770000037 52.437423838000029)","Unfall 201685 (2018) Kat:3, Licht: 0","201685","3","6","3","06","19","2","0","0","0","1","0","0"
"POINT (13.357525608000060 52.569322032000059)","Unfall 201686 (2018) Kat:3, Licht: 0","201686","3","6","2","06","18","7","0","0","0","1","0","0"
"POINT (13.440257746000043 52.524282488000040)","Unfall 201687 (2018) Kat:3, Licht: 0","201687","3","4","6","06","11","5","0","0","0","1","1","0"
"POINT (13.308037399000057 52.572833888000048)","Unfall 201688 (2018) Kat:3, Licht: 0","201688","3","5","0","06","18","7","0","0","0","1","0","0"
"POINT (13.376981473000058 52.512420880000036)","Unfall 201689 (2018) Kat:2, Licht: 0","201689","2","2","0","06","08","6","0","0","1","1","0","0"
"POINT (13.195181400000024 52.527523201000065)","Unfall 201690 (2018) Kat:3, Licht: 0","201690","3","6","2","06","12","4","0","0","0","1","0","0"
"POINT (13.367523042000073 52.455676984000036)","Unfall 201691 (2018) Kat:3, Licht: 0","201691","3","3","0","06","17","7","0","0","0","1","0","1"
"POINT (13.372035612000047 52.538863875000061)","Unfall 201692 (2018) Kat:3, Licht: 0","201692","3","6","3","06","09","4","0","0","1","0","0","0"
"POINT (13.520033546000036 52.513454669000055)","Unfall 201693 (2018) Kat:3, Licht: 0","201693","3","7","5","06","19","2","0","0","0","1","0","0"
"POINT (13.364892617000066 52.563856804000068)","Unfall 201694 (2018) Kat:3, Licht: 0","201694","3","4","6","06","16","4","0","0","0","1","1","0"
"POINT (13.292792771000052 52.506657531000030)","Unfall 201695 (2018) Kat:2, Licht: 0","201695","2","3","5","06","17","7","0","0","0","1","0","1"
"POINT (13.122528510000052 52.528631075000078)","Unfall 201696 (2018) Kat:2, Licht: 0","201696","2","7","0","06","17","7","0","0","0","1","0","0"
"POINT (13.492319435000070 52.558623330000046)","Unfall 201697 (2018) Kat:3, Licht: 0","201697","3","7","5","06","09","4","0","0","0","1","0","0"
"POINT (13.460891188000062 52.501059633000068)","Unfall 201698 (2018) Kat:3, Licht: 0","201698","3","5","5","06","17","7","0","0","0","1","0","0"
"POINT (13.328583800000047 52.464842425000029)","Unfall 201699 (2018) Kat:3, Licht: 0","201699","3","3","0","06","14","4","0","0","0","1","0","0"
"POINT (13.280416107000065 52.506742222000071)","Unfall 201700 (2018) Kat:3, Licht: 0","201700","3","6","2","06","16","7","0","0","0","1","0","0"
"POINT (13.326298149000024 52.537900335000074)","Unfall 201701 (2018) Kat:3, Licht: 0","201701","3","2","5","06","19","4","0","0","1","0","0","1"
"POINT (13.418152478000025 52.515572816000031)","Unfall 201702 (2018) Kat:3, Licht: 0","201702","3","2","5","06","15","7","0","0","0","1","0","0"
"POINT (13.384572430000048 52.471570730000053)","Unfall 201703 (2018) Kat:3, Licht: 0","201703","3","2","5","06","18","2","0","0","1","1","0","0"
"POINT (13.326164869000024 52.486536495000053)","Unfall 201704 (2018) Kat:3, Licht: 0","201704","3","5","1","06","14","7","0","0","1","0","0","0"
"POINT (13.197970085000065 52.532337566000081)","Unfall 201705 (2018) Kat:3, Licht: 0","201705","3","6","3","06","16","4","0","0","0","1","0","1"
"POINT (13.402487438000037 52.511863316000074)","Unfall 201706 (2018) Kat:3, Licht: 0","201706","3","2","5","06","14","7","0","0","0","1","0","1"
"POINT (13.430114844000059 52.588334885000052)","Unfall 201707 (2018) Kat:3, Licht: 0","201707","3","2","2","06","16","4","0","0","0","1","0","1"
"POINT (13.449772222000036 52.536972480000031)","Unfall 201708 (2018) Kat:3, Licht: 0","201708","3","6","2","06","16","4","0","0","0","1","0","0"
"POINT (13.328356091000046 52.534217310000031)","Unfall 201709 (2018) Kat:3, Licht: 0","201709","3","4","6","06","14","7","0","0","0","1","1","0"
"POINT (13.470497880000039 52.429117004000034)","Unfall 201710 (2018) Kat:3, Licht: 0","201710","3","2","6","06","16","4","0","0","0","1","1","0"
"POINT (13.305978572000072 52.525637376000077)","Unfall 201711 (2018) Kat:3, Licht: 0","201711","3","2","5","06","18","2","0","0","1","1","0","0"
"POINT (13.314192851000030 52.479006321000043)","Unfall 201712 (2018) Kat:3, Licht: 0","201712","3","3","5","06","14","4","0","0","1","1","0","0"
"POINT (13.406527183000037 52.498326380000037)","Unfall 201713 (2018) Kat:2, Licht: 0","201713","2","2","5","06","14","7","0","0","0","1","0","0"
"POINT (13.463126744000022 52.511450870000033)","Unfall 201714 (2018) Kat:3, Licht: 0","201714","3","3","5","06","14","4","0","0","1","1","0","0"
"POINT (13.424618591000069 52.586278554000046)","Unfall 201715 (2018) Kat:3, Licht: 0","201715","3","3","5","06","13","7","0","0","1","1","0","0"
"POINT (13.453102726000054 52.510494179000034)","Unfall 201716 (2018) Kat:3, Licht: 0","201716","3","7","0","06","18","2","0","0","0","1","0","0"
"POINT (13.428780183000072 52.477863109000054)","Unfall 201717 (2018) Kat:3, Licht: 0","201717","3","3","0","06","12","7","0","0","1","0","0","0"
"POINT (13.394731064000041 52.565260304000049)","Unfall 201718 (2018) Kat:3, Licht: 0","201718","3","5","0","06","13","4","0","0","1","1","0","0"
"POINT (13.406361900000036 52.441963890000068)","Unfall 201719 (2018) Kat:2, Licht: 0","201719","2","5","0","06","18","4","0","0","0","1","0","0"
"POINT (13.491289140000049 52.510874073000082)","Unfall 201720 (2018) Kat:3, Licht: 0","201720","3","2","2","06","12","7","0","0","0","1","0","1"
"POINT (13.598040677000029 52.441053373000045)","Unfall 201721 (2018) Kat:3, Licht: 0","201721","3","3","5","06","20","4","0","0","0","1","0","0"
"POINT (13.535593842000026 52.430434241000057)","Unfall 201722 (2018) Kat:3, Licht: 0","201722","3","3","5","06","09","7","0","0","0","1","0","0"
"POINT (13.435194176000039 52.426445207000029)","Unfall 201723 (2018) Kat:3, Licht: 0","201723","3","2","5","06","18","4","0","0","0","1","0","0"
"POINT (13.491733999000076 52.534198832000072)","Unfall 201724 (2018) Kat:3, Licht: 0","201724","3","2","0","06","13","4","0","0","0","1","0","0"
"POINT (13.523013546000072 52.495524280000041)","Unfall 201725 (2018) Kat:3, Licht: 0","201725","3","3","5","06","10","7","0","0","1","1","0","0"
"POINT (13.633074593000060 52.529883337000058)","Unfall 201726 (2018) Kat:3, Licht: 0","201726","3","3","5","06","13","4","0","0","0","1","0","0"
"POINT (13.330779745000029 52.533507093000026)","Unfall 201727 (2018) Kat:3, Licht: 0","201727","3","2","5","06","12","4","0","0","0","1","0","1"
"POINT (13.334527636000075 52.493560219000074)","Unfall 201728 (2018) Kat:3, Licht: 0","201728","3","3","0","06","10","7","0","0","0","1","0","1"
"POINT (13.347758550000037 52.414813720000041)","Unfall 201729 (2018) Kat:3, Licht: 0","201729","3","7","6","06","12","4","0","0","0","0","1","0"
"POINT (13.285286205000034 52.588140308000050)","Unfall 201730 (2018) Kat:3, Licht: 0","201730","3","6","2","06","11","7","0","0","0","1","0","1"
"POINT (13.198796288000040 52.553223566000042)","Unfall 201731 (2018) Kat:3, Licht: 0","201731","3","4","6","06","12","7","0","0","0","1","1","0"
"POINT (13.379725244000042 52.514799788000062)","Unfall 201732 (2018) Kat:3, Licht: 0","201732","3","6","2","06","12","4","0","0","0","1","0","0"
"POINT (13.404310758000065 52.533136899000056)","Unfall 201733 (2018) Kat:3, Licht: 0","201733","3","2","5","06","13","7","0","0","1","1","0","0"
"POINT (13.248016490000055 52.545522146000053)","Unfall 201734 (2018) Kat:3, Licht: 0","201734","3","3","5","06","15","6","0","0","0","1","0","1"
"POINT (13.377656312000056 52.508260030000031)","Unfall 201735 (2018) Kat:3, Licht: 0","201735","3","7","0","06","12","4","0","0","0","0","0","1"
"POINT (13.339713470000049 52.518912807000049)","Unfall 201736 (2018) Kat:3, Licht: 0","201736","3","3","5","06","09","7","0","0","0","1","0","0"
"POINT (13.312776905000021 52.491526393000072)","Unfall 201737 (2018) Kat:3, Licht: 0","201737","3","7","5","06","10","4","0","0","0","1","0","0"
"POINT (13.363609753000048 52.500814462000051)","Unfall 201738 (2018) Kat:3, Licht: 0","201738","3","6","2","06","16","6","0","0","0","1","0","0"
"POINT (13.382725246000064 52.551659289000042)","Unfall 201739 (2018) Kat:3, Licht: 0","201739","3","5","1","06","10","4","0","0","1","1","0","0"
"POINT (13.402112996000028 52.414701684000079)","Unfall 201740 (2018) Kat:3, Licht: 0","201740","3","6","2","06","11","7","0","0","0","1","0","0"
"POINT (13.377948062000030 52.468452747000072)","Unfall 201741 (2018) Kat:3, Licht: 0","201741","3","6","2","06","10","4","0","0","0","1","0","1"
"POINT (13.430368912000063 52.499353595000059)","Unfall 201742 (2018) Kat:2, Licht: 1","201742","2","1","0","06","03","7","0","1","1","0","0","0"
"POINT (13.356353018000050 52.555393963000029)","Unfall 201743 (2018) Kat:3, Licht: 0","201743","3","3","5","06","15","7","0","0","0","0","0","1"
"POINT (13.465266262000057 52.482412248000060)","Unfall 201744 (2018) Kat:3, Licht: 0","201744","3","1","9","06","09","4","0","0","1","0","0","0"
"POINT (13.260847026000022 52.493079258000080)","Unfall 201745 (2018) Kat:3, Licht: 0","201745","3","3","5","06","17","6","0","0","1","1","0","0"
"POINT (13.352243758000043 52.505285342000036)","Unfall 201746 (2018) Kat:3, Licht: 0","201746","3","3","5","06","14","6","0","0","1","1","0","0"
"POINT (13.355382004000035 52.552422975000070)","Unfall 201747 (2018) Kat:3, Licht: 0","201747","3","6","2","06","08","4","0","0","0","1","0","0"
"POINT (13.413865708000060 52.389597893000030)","Unfall 201748 (2018) Kat:3, Licht: 0","201748","3","2","0","06","18","6","0","0","1","1","0","0"
"POINT (13.311154098000031 52.547601274000044)","Unfall 201749 (2018) Kat:3, Licht: 0","201749","3","6","3","06","07","4","0","0","0","1","0","0"
"POINT (13.310360443000036 52.432144856000036)","Unfall 201750 (2018) Kat:3, Licht: 0","201750","3","7","0","06","08","6","0","0","1","0","0","0"
"POINT (13.536807212000042 52.539622574000077)","Unfall 201751 (2018) Kat:3, Licht: 0","201751","3","6","3","06","06","4","0","0","0","1","0","0"
"POINT (13.385765313000036 52.471560287000045)","Unfall 201752 (2018) Kat:3, Licht: 0","201752","3","3","5","06","12","6","0","0","1","1","0","0"
"POINT (13.578696403000038 52.455648903000053)","Unfall 201753 (2018) Kat:3, Licht: 0","201753","3","6","6","06","20","6","0","0","0","1","1","0"
"POINT (13.268683320000036 52.485033919000045)","Unfall 201754 (2018) Kat:3, Licht: 1","201754","3","1","1","06","04","4","0","1","0","1","0","0"
"POINT (13.348290524000049 52.462975128000039)","Unfall 201755 (2018) Kat:3, Licht: 0","201755","3","7","5","06","18","6","0","0","1","1","0","0"
"POINT (13.280591226000070 52.518344269000067)","Unfall 201756 (2018) Kat:3, Licht: 2","201756","3","5","1","06","01","4","0","2","0","1","0","0"
"POINT (13.593163390000029 52.451540998000041)","Unfall 201757 (2018) Kat:3, Licht: 0","201757","3","2","3","06","17","6","0","0","0","1","0","1"
"POINT (13.573770782000054 52.470641841000031)","Unfall 201758 (2018) Kat:2, Licht: 0","201758","2","4","6","06","18","2","0","0","0","1","1","0"
"POINT (13.404047017000039 52.386674021000033)","Unfall 201759 (2018) Kat:3, Licht: 0","201759","3","7","6","06","17","6","0","0","0","1","1","0"
"POINT (13.294410651000021 52.553526639000040)","Unfall 201760 (2018) Kat:3, Licht: 0","201760","3","5","1","06","14","4","0","0","0","1","0","0"
"POINT (13.284200842000075 52.485493686000041)","Unfall 201761 (2018) Kat:3, Licht: 0","201761","3","6","3","06","17","6","0","0","1","1","0","0"
"POINT (13.295130466000046 52.444401021000033)","Unfall 201762 (2018) Kat:3, Licht: 0","201762","3","2","0","06","16","6","0","0","1","1","0","0"
"POINT (13.181698502000074 52.534130119000054)","Unfall 201763 (2018) Kat:1, Licht: 0","201763","1","2","5","06","07","4","0","0","1","0","0","0"
"POINT (13.197343986000021 52.531853984000065)","Unfall 201764 (2018) Kat:3, Licht: 1","201764","3","6","2","06","19","6","0","1","0","1","0","0"
"POINT (13.399332345000062 52.529534357000045)","Unfall 201765 (2018) Kat:3, Licht: 0","201765","3","6","2","06","13","3","0","0","0","1","0","0"
"POINT (13.382810982000024 52.551797384000054)","Unfall 201766 (2018) Kat:2, Licht: 0","201766","2","5","1","06","18","2","0","0","1","1","0","0"
"POINT (13.333190714000068 52.484793306000029)","Unfall 201767 (2018) Kat:3, Licht: 0","201767","3","5","1","06","15","3","0","0","1","1","0","0"
"POINT (13.431597287000045 52.514171443000066)","Unfall 201768 (2018) Kat:3, Licht: 1","201768","3","5","1","06","20","6","0","1","1","1","0","0"
"POINT (13.329846326000052 52.522933897000030)","Unfall 201769 (2018) Kat:3, Licht: 0","201769","3","2","5","06","15","3","0","0","1","1","0","0"
"POINT (13.452126208000038 52.471088652000049)","Unfall 201770 (2018) Kat:3, Licht: 0","201770","3","2","5","06","16","6","0","0","1","1","0","0"
"POINT (13.476186610000070 52.533091310000032)","Unfall 201771 (2018) Kat:3, Licht: 0","201771","3","2","5","06","18","2","0","0","0","1","0","0"
"POINT (13.348917277000055 52.503265513000031)","Unfall 201772 (2018) Kat:2, Licht: 0","201772","2","6","3","06","10","6","0","0","0","1","0","0"
"POINT (13.317175218000045 52.455498589000058)","Unfall 201773 (2018) Kat:3, Licht: 0","201773","3","4","6","06","16","6","0","0","1","0","1","0"
"POINT (13.496124954000038 52.415551649000065)","Unfall 201774 (2018) Kat:3, Licht: 0","201774","3","6","0","06","15","3","0","0","0","1","0","1"
"POINT (13.349320857000066 52.498153150000064)","Unfall 201775 (2018) Kat:3, Licht: 0","201775","3","5","1","06","20","6","0","0","1","1","0","0"
"POINT (13.501785740000059 52.600995311000077)","Unfall 201776 (2018) Kat:3, Licht: 1","201776","3","1","0","06","21","3","0","1","0","0","0","1"
"POINT (13.218994670000029 52.537079008000035)","Unfall 201777 (2018) Kat:2, Licht: 0","201777","2","7","1","06","20","3","0","0","0","1","0","0"
"POINT (13.320757015000027 52.457062460000031)","Unfall 201778 (2018) Kat:3, Licht: 0","201778","3","4","6","06","20","6","0","0","0","1","1","0"
"POINT (13.201255449000030 52.547829263000040)","Unfall 201779 (2018) Kat:3, Licht: 0","201779","3","2","2","06","14","3","0","0","0","1","0","0"
"POINT (13.356005405000076 52.535246074000042)","Unfall 201780 (2018) Kat:3, Licht: 0","201780","3","6","3","06","17","2","0","0","1","1","0","0"
"POINT (13.491087112000059 52.502499764000049)","Unfall 201781 (2018) Kat:3, Licht: 0","201781","3","3","5","06","14","3","0","0","0","1","0","0"
"POINT (13.405187712000043 52.534077361000072)","Unfall 201782 (2018) Kat:3, Licht: 0","201782","3","3","5","06","21","6","0","0","1","1","0","0"
"POINT (13.437690432000068 52.450919861000045)","Unfall 201783 (2018) Kat:3, Licht: 0","201783","3","7","6","06","14","3","0","0","0","1","1","0"
"POINT (13.489291160000050 52.542423528000029)","Unfall 201784 (2018) Kat:3, Licht: 0","201784","3","2","5","06","16","2","0","0","1","1","0","0"
"POINT (13.313163256000053 52.501406058000043)","Unfall 201785 (2018) Kat:3, Licht: 0","201785","3","6","2","06","14","3","0","0","0","1","0","0"
"POINT (13.285128505000046 52.479708836000043)","Unfall 201786 (2018) Kat:2, Licht: 0","201786","2","3","5","06","15","6","0","0","1","1","0","0"
"POINT (13.418176000000074 52.499735703000056)","Unfall 201787 (2018) Kat:3, Licht: 0","201787","3","5","0","06","13","3","0","0","1","1","0","0"
"POINT (13.490585107000072 52.543109176000030)","Unfall 201788 (2018) Kat:3, Licht: 0","201788","3","6","3","06","15","6","0","0","0","1","0","1"
"POINT (13.579226485000049 52.499958648000074)","Unfall 201789 (2018) Kat:3, Licht: 0","201789","3","3","5","06","16","2","0","0","0","1","0","1"
"POINT (13.441241879000074 52.551568396000050)","Unfall 201790 (2018) Kat:2, Licht: 0","201790","2","4","6","06","12","3","0","0","0","1","1","0"
"POINT (13.397437564000029 52.532492365000053)","Unfall 201791 (2018) Kat:3, Licht: 0","201791","3","6","0","06","15","6","0","0","1","0","0","0"
"POINT (13.434980578000022 52.461154121000050)","Unfall 201792 (2018) Kat:3, Licht: 0","201792","3","6","3","06","14","3","0","0","0","1","0","1"
"POINT (13.575495021000052 52.447483483000042)","Unfall 201793 (2018) Kat:3, Licht: 0","201793","3","3","5","06","13","6","0","0","1","1","0","0"
"POINT (13.437057072000073 52.510411056000066)","Unfall 201794 (2018) Kat:3, Licht: 0","201794","3","2","5","06","15","3","0","0","0","1","1","1"
"POINT (13.382265644000029 52.552918769000030)","Unfall 201795 (2018) Kat:3, Licht: 0","201795","3","5","1","06","14","6","0","0","1","1","0","0"
"POINT (13.373971928000060 52.503620049000062)","Unfall 201796 (2018) Kat:3, Licht: 0","201796","3","6","3","06","16","3","0","0","0","1","0","1"
"POINT (13.325645167000062 52.505704589000061)","Unfall 201797 (2018) Kat:3, Licht: 0","201797","3","1","8","06","16","2","0","0","1","0","0","0"
"POINT (13.259111598000061 52.521899856000061)","Unfall 201798 (2018) Kat:3, Licht: 0","201798","3","6","3","06","13","6","0","0","0","1","0","0"
"POINT (13.313231461000044 52.501911145000065)","Unfall 201799 (2018) Kat:3, Licht: 0","201799","3","5","5","06","16","3","0","0","1","1","0","0"
"POINT (13.262338557000021 52.507322216000034)","Unfall 201800 (2018) Kat:3, Licht: 0","201800","3","6","2","06","12","6","0","0","0","1","0","1"
"POINT (13.319427672000074 52.501556877000041)","Unfall 201801 (2018) Kat:3, Licht: 0","201801","3","7","5","06","16","2","0","0","0","1","0","0"
"POINT (13.427229492000038 52.563283733000048)","Unfall 201802 (2018) Kat:3, Licht: 0","201802","3","2","2","06","17","3","0","0","0","1","0","0"
"POINT (13.353983422000056 52.442336226000066)","Unfall 201803 (2018) Kat:3, Licht: 0","201803","3","6","0","06","13","6","0","0","0","1","0","1"
"POINT (13.313637788000051 52.500631327000065)","Unfall 201804 (2018) Kat:3, Licht: 0","201804","3","6","0","06","16","3","0","0","0","1","0","0"
"POINT (13.389217073000054 52.465735030000076)","Unfall 201805 (2018) Kat:2, Licht: 0","201805","2","6","3","06","15","6","0","0","1","0","0","1"
"POINT (13.390189776000057 52.535423441000034)","Unfall 201806 (2018) Kat:3, Licht: 0","201806","3","2","5","06","16","2","0","0","1","1","0","0"
"POINT (13.403421237000032 52.448090429000047)","Unfall 201807 (2018) Kat:3, Licht: 0","201807","3","7","6","06","14","6","0","0","0","1","1","0"
"POINT (13.185395861000075 52.431163914000081)","Unfall 201808 (2018) Kat:3, Licht: 0","201808","3","2","5","06","17","3","0","0","1","1","0","0"
"POINT (13.295609103000061 52.506096576000061)","Unfall 201809 (2018) Kat:2, Licht: 0","201809","2","1","0","06","16","6","0","0","0","0","0","1"
"POINT (13.491178135000041 52.468992575000073)","Unfall 201810 (2018) Kat:3, Licht: 0","201810","3","2","5","06","17","3","0","0","1","0","0","0"
"POINT (13.550107525000044 52.542829810000057)","Unfall 201811 (2018) Kat:2, Licht: 1","201811","2","2","5","06","21","6","0","1","0","1","0","0"
"POINT (13.572772269000041 52.527970801000038)","Unfall 201812 (2018) Kat:3, Licht: 0","201812","3","3","5","06","17","3","0","0","1","1","0","0"
"POINT (13.608065251000028 52.453147804000082)","Unfall 201813 (2018) Kat:3, Licht: 0","201813","3","6","2","06","18","6","0","0","0","1","0","0"
"POINT (13.489778030000025 52.501754467000069)","Unfall 201814 (2018) Kat:3, Licht: 0","201814","3","6","2","06","14","2","0","0","0","1","0","0"
"POINT (13.424104231000058 52.486252936000028)","Unfall 201815 (2018) Kat:3, Licht: 0","201815","3","4","0","06","17","6","0","0","0","1","1","1"
"POINT (13.379368325000030 52.540163239000037)","Unfall 201816 (2018) Kat:2, Licht: 0","201816","2","3","5","06","18","3","0","0","1","1","0","0"
"POINT (13.353274483000064 52.441492391000054)","Unfall 201817 (2018) Kat:3, Licht: 0","201817","3","6","0","06","15","6","0","0","0","1","0","1"
"POINT (13.217415327000026 52.611291809000079)","Unfall 201818 (2018) Kat:3, Licht: 0","201818","3","3","5","06","16","6","0","0","0","1","0","0"
"POINT (13.306821212000045 52.500033311000038)","Unfall 201819 (2018) Kat:3, Licht: 0","201819","3","2","5","06","12","3","0","0","1","0","0","0"
"POINT (13.195531983000024 52.529170049000072)","Unfall 201820 (2018) Kat:3, Licht: 0","201820","3","2","0","06","16","6","0","0","0","1","0","0"
"POINT (13.305064227000059 52.417907724000031)","Unfall 201821 (2018) Kat:3, Licht: 0","201821","3","3","0","06","15","6","0","0","1","0","0","0"
"POINT (13.541140776000077 52.421020682000062)","Unfall 201822 (2018) Kat:3, Licht: 0","201822","3","7","1","06","11","3","0","0","1","1","0","0"
"POINT (13.229789896000057 52.442491475000054)","Unfall 201823 (2018) Kat:3, Licht: 0","201823","3","3","5","06","14","6","0","0","0","1","0","0"
"POINT (13.346095409000043 52.435064985000054)","Unfall 201824 (2018) Kat:3, Licht: 0","201824","3","1","1","06","14","6","0","0","0","1","0","1"
"POINT (13.396671657000070 52.495850662000066)","Unfall 201825 (2018) Kat:2, Licht: 0","201825","2","6","3","06","11","3","0","0","1","1","0","0"
"POINT (13.348116714000071 52.419523752000032)","Unfall 201826 (2018) Kat:3, Licht: 0","201826","3","3","5","06","17","6","0","0","0","1","0","0"
"POINT (13.227687753000055 52.558782185000041)","Unfall 201827 (2018) Kat:3, Licht: 0","201827","3","2","3","06","11","3","0","0","0","1","0","0"
"POINT (13.426514194000049 52.481009665000045)","Unfall 201828 (2018) Kat:3, Licht: 0","201828","3","4","6","06","16","6","0","0","0","1","1","0"
"POINT (13.457776091000028 52.529031943000064)","Unfall 201829 (2018) Kat:3, Licht: 0","201829","3","2","5","06","14","2","0","0","1","1","0","0"
"POINT (13.458425256000055 52.557625917000053)","Unfall 201830 (2018) Kat:3, Licht: 0","201830","3","3","5","06","19","6","0","0","0","1","0","0"
"POINT (13.319429280000065 52.501568242000076)","Unfall 201831 (2018) Kat:3, Licht: 0","201831","3","3","5","06","11","3","0","0","0","1","0","0"
"POINT (13.426225675000069 52.523042243000077)","Unfall 201832 (2018) Kat:3, Licht: 0","201832","3","1","0","06","15","6","0","0","0","0","0","1"
"POINT (13.409986283000023 52.524004086000048)","Unfall 201833 (2018) Kat:3, Licht: 0","201833","3","6","3","06","07","6","0","0","1","0","0","0"
"POINT (13.461849296000025 52.558780927000043)","Unfall 201834 (2018) Kat:3, Licht: 0","201834","3","6","0","06","13","6","0","0","0","1","0","1"
"POINT (13.294461988000023 52.576461764000044)","Unfall 201835 (2018) Kat:3, Licht: 0","201835","3","4","6","06","10","3","0","0","0","1","1","0"
"POINT (13.314478413000074 52.510678687000052)","Unfall 201836 (2018) Kat:3, Licht: 0","201836","3","2","5","06","13","6","0","0","1","1","0","0"
"POINT (13.413642315000061 52.507362415000046)","Unfall 201837 (2018) Kat:3, Licht: 0","201837","3","6","3","06","10","3","0","0","0","1","0","1"
"POINT (13.197814141000038 52.520793642000058)","Unfall 201838 (2018) Kat:2, Licht: 0","201838","2","4","6","06","13","2","0","0","0","1","1","0"
"POINT (13.382287391000034 52.504458023000041)","Unfall 201839 (2018) Kat:3, Licht: 0","201839","3","2","5","06","10","3","0","0","0","1","0","0"
"POINT (13.365701167000054 52.552123212000026)","Unfall 201840 (2018) Kat:3, Licht: 0","201840","3","3","5","06","12","6","0","0","1","1","0","0"
"POINT (13.430006039000034 52.523288286000081)","Unfall 201841 (2018) Kat:3, Licht: 0","201841","3","2","2","06","09","3","0","0","0","1","0","0"
"POINT (13.328824963000045 52.565889904000073)","Unfall 201842 (2018) Kat:3, Licht: 0","201842","3","7","5","06","12","6","0","0","1","0","0","0"
"POINT (13.350531286000034 52.503803453000046)","Unfall 201843 (2018) Kat:3, Licht: 0","201843","3","6","3","06","13","2","0","0","0","1","0","0"
"POINT (13.230794652000043 52.573216423000076)","Unfall 201844 (2018) Kat:2, Licht: 0","201844","2","5","1","06","07","3","0","0","1","1","0","0"
"POINT (13.448903538000025 52.618111902000066)","Unfall 201845 (2018) Kat:2, Licht: 0","201845","2","7","0","06","12","6","0","0","0","1","0","0"
"POINT (13.356297046000066 52.594684751000045)","Unfall 201846 (2018) Kat:3, Licht: 0","201846","3","5","1","06","08","3","0","0","1","1","0","0"
"POINT (13.420276515000069 52.606229270000028)","Unfall 201847 (2018) Kat:3, Licht: 0","201847","3","2","2","06","12","6","0","0","0","1","0","0"
"POINT (13.485744473000068 52.615969750000033)","Unfall 201848 (2018) Kat:3, Licht: 0","201848","3","5","1","06","12","6","0","0","0","1","0","1"
"POINT (13.328001949000054 52.478713485000071)","Unfall 201849 (2018) Kat:2, Licht: 0","201849","2","1","0","06","13","3","0","0","0","0","0","1"