WKT,Name,OBJECTID,UKATEGORIE,UTYP1,UART,UMONAT,USTUNDE,UWOCHENTAG,STRZUSTAND,ULICHTVERH,ISTRAD,ISTPKW,ISTFUSS,ISTKRAD
"POINT (13.342541196000070 52.524224984000057)","Unfall 201850 (2018) Kat:2, Licht: 0","201850","2","2","5","06","12","6","0","0","1","1","0","0"
"POINT (13.396960598000021 52.523939469000027)","Unfall 201851 (2018) Kat:3, Licht: 0","201851","3","1","0","06","12","3","0","0","0","0","0","1"
"POINT (13.590996564000022 52.514101971000059)","Unfall 201852 (2018) Kat:3, Licht: 0","201852","3","1","0","06","08","3","0","0","0","0","0","1"
"POINT (13.435156975000041 52.508364777000054)","Unfall 201853 (2018) Kat:3, Licht: 0","201853","3","6","2","06","11","6","0","0","0","1","0","0"
"POINT (13.452098479000028 52.527497613000037)","Unfall 201854 (2018) Kat:3, Licht: 0","201854","3","6","2","06","18","3","0","0","0","1","0","0"
"POINT (13.228213280000034 52.537957891000076)","Unfall 201855 (2018) Kat:3, Licht: 0","201855","3","6","2","06","08","3","0","0","0","1","0","0"
"POINT (13.377146023000023 52.453619638000077)","Unfall 201856 (2018) Kat:3, Licht: 0","201856","3","2","5","06","11","6","0","0","1","1","0","0"
"POINT (13.375822264000021 52.597224596000046)","Unfall 201857 (2018) Kat:3, Licht: 0","201857","3","1","0","06","07","3","0","0","0","0","0","1"
"POINT (13.379250938000041 52.472506314000043)","Unfall 201858 (2018) Kat:3, Licht: 0","201858","3","3","5","06","10","6","0","0","1","1","0","0"
"POINT (13.345191907000071 52.487626386000045)","Unfall 201859 (2018) Kat:3, Licht: 0","201859","3","1","1","06","09","6","0","0","0","1","0","0"
"POINT (13.461610992000033 52.421717419000061)","Unfall 201860 (2018) Kat:3, Licht: 0","201860","3","3","5","06","07","3","0","0","1","1","0","0"
"POINT (13.393192118000059 52.564459943000031)","Unfall 201861 (2018) Kat:2, Licht: 0","201861","2","4","6","06","07","3","0","0","0","1","1","0"
"POINT (13.528963508000061 52.556472247000045)","Unfall 201862 (2018) Kat:3, Licht: 0","201862","3","2","0","06","06","3","0","0","1","1","0","0"
"POINT (13.373231931000078 52.538034310000057)","Unfall 201863 (2018) Kat:3, Licht: 0","201863","3","2","5","06","09","6","0","0","1","1","0","0"
"POINT (13.371231767000040 52.511131107000040)","Unfall 201864 (2018) Kat:3, Licht: 0","201864","3","2","5","06","06","3","0","0","1","1","0","0"
"POINT (13.543872096000030 52.436368810000033)","Unfall 201865 (2018) Kat:2, Licht: 0","201865","2","1","8","06","06","3","0","0","1","0","0","0"
"POINT (13.266619168000034 52.430662280000035)","Unfall 201866 (2018) Kat:3, Licht: 0","201866","3","2","5","06","09","6","0","0","1","0","0","0"
"POINT (13.502371095000058 52.483531156000026)","Unfall 201867 (2018) Kat:1, Licht: 0","201867","1","2","5","06","18","3","0","0","1","0","0","0"
"POINT (13.265613925000025 52.416828615000043)","Unfall 201868 (2018) Kat:3, Licht: 0","201868","3","2","5","06","16","2","0","0","1","1","0","0"
"POINT (13.395253251000042 52.539123630000063)","Unfall 201869 (2018) Kat:3, Licht: 0","201869","3","6","2","06","08","6","0","0","0","1","0","0"
"POINT (13.346022066000046 52.544881596000039)","Unfall 201870 (2018) Kat:2, Licht: 0","201870","2","6","3","06","15","2","0","0","0","1","0","1"
"POINT (13.555705950000061 52.548515125000051)","Unfall 201871 (2018) Kat:3, Licht: 0","201871","3","3","5","06","07","6","0","0","0","1","0","0"
"POINT (13.509423112000036 52.502089611000031)","Unfall 201872 (2018) Kat:2, Licht: 0","201872","2","6","0","06","07","6","0","0","1","0","0","0"
"POINT (13.341032674000076 52.588312543000029)","Unfall 201873 (2018) Kat:3, Licht: 0","201873","3","6","2","06","13","2","0","0","0","1","0","0"
"POINT (13.568895506000047 52.418344244000082)","Unfall 201874 (2018) Kat:3, Licht: 0","201874","3","6","3","06","15","6","0","0","0","1","0","1"
"POINT (13.394393138000055 52.491375580000067)","Unfall 201875 (2018) Kat:3, Licht: 0","201875","3","2","5","06","18","2","0","0","1","0","0","0"
"POINT (13.615254309000022 52.496117686000048)","Unfall 201876 (2018) Kat:3, Licht: 0","201876","3","3","5","06","06","6","0","0","0","1","0","1"
"POINT (13.311961538000048 52.568015329000048)","Unfall 201877 (2018) Kat:3, Licht: 0","201877","3","2","5","06","08","2","0","0","1","1","0","0"
"POINT (13.514754371000038 52.632808805000082)","Unfall 201878 (2018) Kat:3, Licht: 0","201878","3","3","5","06","06","6","0","0","0","1","0","0"
"POINT (13.437055965000070 52.510409512000081)","Unfall 201879 (2018) Kat:3, Licht: 0","201879","3","7","2","06","12","6","0","0","1","1","0","0"
"POINT (13.314810173000069 52.512293419000059)","Unfall 201880 (2018) Kat:3, Licht: 0","201880","3","2","5","06","07","6","0","0","1","1","0","0"
"POINT (13.319467941000028 52.587657673000081)","Unfall 201881 (2018) Kat:2, Licht: 0","201881","2","2","0","06","20","2","0","0","0","1","0","1"
"POINT (13.444445217000066 52.565248973000053)","Unfall 201882 (2018) Kat:3, Licht: 0","201882","3","2","5","06","07","6","0","0","1","1","0","0"
"POINT (13.353776889000073 52.562496093000050)","Unfall 201883 (2018) Kat:2, Licht: 2","201883","2","1","1","06","22","2","0","2","0","1","0","0"
"POINT (13.332325956000034 52.506299179000052)","Unfall 201884 (2018) Kat:2, Licht: 0","201884","2","2","5","06","06","6","0","0","1","1","0","0"
"POINT (13.329845632000058 52.539195421000045)","Unfall 201885 (2018) Kat:3, Licht: 2","201885","3","1","0","06","22","2","0","2","0","0","0","1"
"POINT (13.586261571000023 52.545907326000076)","Unfall 201886 (2018) Kat:2, Licht: 2","201886","2","1","9","06","00","6","0","2","0","0","0","1"
"POINT (13.338837353000031 52.444370799000069)","Unfall 201887 (2018) Kat:3, Licht: 0","201887","3","2","5","06","18","5","0","0","0","1","0","0"
"POINT (13.289661859000034 52.494983684000033)","Unfall 201888 (2018) Kat:3, Licht: 1","201888","3","4","6","06","21","2","0","1","0","1","1","0"
"POINT (13.342193826000027 52.523262610000074)","Unfall 201889 (2018) Kat:3, Licht: 2","201889","3","7","2","06","23","5","0","2","1","0","0","0"
"POINT (13.403995146000057 52.463467060000028)","Unfall 201890 (2018) Kat:3, Licht: 0","201890","3","2","5","06","14","6","0","0","0","1","0","1"
"POINT (13.173697697000023 52.522833543000047)","Unfall 201891 (2018) Kat:3, Licht: 0","201891","3","1","0","06","20","2","0","0","0","0","0","1"
"POINT (13.374324713000021 52.527969755000072)","Unfall 201892 (2018) Kat:3, Licht: 0","201892","3","3","5","06","18","5","0","0","1","1","0","0"
"POINT (13.149024598000040 52.532736660000069)","Unfall 201893 (2018) Kat:3, Licht: 0","201893","3","5","1","06","20","2","0","0","1","1","0","0"
"POINT (13.513173727000037 52.488296305000063)","Unfall 201894 (2018) Kat:3, Licht: 0","201894","3","6","3","06","08","5","0","0","1","0","0","0"
"POINT (13.206080435000047 52.543042707000041)","Unfall 201895 (2018) Kat:3, Licht: 0","201895","3","4","6","06","20","2","0","0","0","1","1","0"
"POINT (13.365137220000065 52.493783401000030)","Unfall 201896 (2018) Kat:3, Licht: 0","201896","3","6","0","06","11","5","0","0","0","1","0","0"
"POINT (13.319558670000049 52.610346811000056)","Unfall 201897 (2018) Kat:3, Licht: 0","201897","3","2","5","06","06","6","0","0","0","1","0","0"
"POINT (13.330253287000062 52.513207038000075)","Unfall 201898 (2018) Kat:3, Licht: 0","201898","3","2","5","06","16","3","0","0","0","1","0","1"
"POINT (13.205717204000052 52.537192724000079)","Unfall 201899 (2018) Kat:3, Licht: 0","201899","3","7","6","06","16","3","0","0","1","0","1","0"
"POINT (13.311280592000060 52.479644309000037)","Unfall 201900 (2018) Kat:3, Licht: 0","201900","3","5","5","06","12","6","1","0","1","0","0","0"
"POINT (13.338746194000066 52.503239347000033)","Unfall 201901 (2018) Kat:3, Licht: 0","201901","3","6","3","06","16","3","0","0","1","1","0","0"
"POINT (13.327262361000066 52.563291392000053)","Unfall 201902 (2018) Kat:3, Licht: 0","201902","3","6","2","06","11","6","1","0","0","1","0","0"
"POINT (13.315430926000033 52.577936486000056)","Unfall 201903 (2018) Kat:3, Licht: 0","201903","3","2","5","06","10","6","1","0","0","1","0","0"
"POINT (13.433313398000053 52.505179280000050)","Unfall 201904 (2018) Kat:3, Licht: 0","201904","3","2","5","06","16","3","0","0","0","1","0","1"
"POINT (13.516128332000051 52.482195422000075)","Unfall 201905 (2018) Kat:3, Licht: 0","201905","3","3","5","06","10","6","0","0","0","1","0","0"
"POINT (13.264764044000060 52.441036524000026)","Unfall 201906 (2018) Kat:3, Licht: 0","201906","3","3","5","06","16","3","0","0","1","1","0","0"
"POINT (13.361834310000063 52.497737195000070)","Unfall 201907 (2018) Kat:2, Licht: 0","201907","2","3","5","06","13","1","1","0","0","1","1","0"
"POINT (13.379594620000034 52.493863544000078)","Unfall 201908 (2018) Kat:3, Licht: 0","201908","3","3","5","06","10","6","0","0","0","0","0","1"
"POINT (13.426283963000060 52.493356934000076)","Unfall 201909 (2018) Kat:3, Licht: 0","201909","3","6","4","06","16","3","0","0","1","1","0","0"
"POINT (13.317274905000033 52.512192133000042)","Unfall 201910 (2018) Kat:3, Licht: 0","201910","3","3","5","06","08","6","0","0","0","1","0","1"
"POINT (13.304670176000059 52.499479386000075)","Unfall 201911 (2018) Kat:3, Licht: 0","201911","3","6","3","06","08","6","0","0","0","1","0","0"
"POINT (13.320069484000044 52.483549070000038)","Unfall 201912 (2018) Kat:3, Licht: 0","201912","3","2","5","06","16","3","0","0","1","1","0","0"
"POINT (13.278887722000036 52.430840909000040)","Unfall 201913 (2018) Kat:3, Licht: 0","201913","3","2","5","06","08","6","0","0","1","1","0","0"
"POINT (13.519893551000052 52.498937922000039)","Unfall 201914 (2018) Kat:3, Licht: 0","201914","3","7","6","06","08","6","0","0","0","1","1","0"
"POINT (13.349120271000061 52.541895259000057)","Unfall 201915 (2018) Kat:3, Licht: 0","201915","3","6","0","06","16","3","0","0","0","0","0","1"
"POINT (13.337773170000048 52.525210482000034)","Unfall 201916 (2018) Kat:3, Licht: 0","201916","3","2","5","06","08","6","0","0","1","1","0","0"
"POINT (13.491360162000035 52.469143637000059)","Unfall 201917 (2018) Kat:2, Licht: 0","201917","2","2","5","06","16","3","0","0","0","1","0","0"
"POINT (13.353957341000068 52.442193241000041)","Unfall 201918 (2018) Kat:3, Licht: 0","201918","3","6","0","06","05","6","0","0","0","0","0","1"
"POINT (13.326659432000042 52.562538462000077)","Unfall 201919 (2018) Kat:3, Licht: 2","201919","3","2","5","06","22","6","0","2","0","1","0","0"
"POINT (13.453974822000077 52.528139152000051)","Unfall 201920 (2018) Kat:3, Licht: 0","201920","3","7","3","06","17","3","0","0","1","0","0","0"
"POINT (13.289069421000022 52.587608098000032)","Unfall 201921 (2018) Kat:3, Licht: 2","201921","3","3","5","06","21","6","0","2","0","1","0","1"
"POINT (13.423523350000039 52.555122912000058)","Unfall 201922 (2018) Kat:2, Licht: 0","201922","2","2","5","06","19","7","0","0","0","1","0","1"
"POINT (13.394135366000057 52.426648549000049)","Unfall 201923 (2018) Kat:3, Licht: 0","201923","3","6","2","06","16","3","0","0","0","1","0","0"
"POINT (13.440417955000044 52.515855962000046)","Unfall 201924 (2018) Kat:3, Licht: 0","201924","3","3","5","06","12","1","1","0","1","1","0","0"
"POINT (13.393763065000030 52.528587038000069)","Unfall 201925 (2018) Kat:3, Licht: 0","201925","3","3","5","06","17","7","0","0","1","0","0","0"
"POINT (13.625629447000051 52.457539427000029)","Unfall 201926 (2018) Kat:3, Licht: 1","201926","3","3","5","06","21","6","0","1","0","1","0","0"
"POINT (13.547941809000065 52.526128227000072)","Unfall 201927 (2018) Kat:3, Licht: 0","201927","3","2","5","06","17","3","0","0","1","1","0","0"
"POINT (13.307067487000040 52.500072633000059)","Unfall 201928 (2018) Kat:3, Licht: 2","201928","3","2","5","06","21","6","0","2","0","1","0","0"
"POINT (13.378420904000052 52.556187023000064)","Unfall 201929 (2018) Kat:2, Licht: 0","201929","2","6","3","06","09","6","0","0","0","0","0","1"
"POINT (13.352164243000061 52.505519302000039)","Unfall 201930 (2018) Kat:3, Licht: 0","201930","3","2","5","06","14","3","0","0","0","1","0","0"
"POINT (13.301346211000066 52.579885579000063)","Unfall 201931 (2018) Kat:2, Licht: 0","201931","2","4","6","06","09","6","1","0","0","0","1","0"
"POINT (13.285374889000025 52.595121968000058)","Unfall 201932 (2018) Kat:3, Licht: 0","201932","3","6","2","06","09","2","0","0","0","1","0","1"
"POINT (13.452432575000046 52.550283144000048)","Unfall 201933 (2018) Kat:3, Licht: 0","201933","3","5","1","06","21","6","0","0","1","1","0","0"
"POINT (13.578665920000049 52.457803125000055)","Unfall 201934 (2018) Kat:2, Licht: 0","201934","2","4","6","06","14","3","0","0","0","0","1","1"
"POINT (13.391540277000047 52.544145230000026)","Unfall 201935 (2018) Kat:2, Licht: 0","201935","2","6","3","06","19","6","0","0","0","1","0","1"
"POINT (13.422068529000057 52.493203069000060)","Unfall 201936 (2018) Kat:3, Licht: 0","201936","3","6","2","06","13","3","0","0","1","1","0","0"
"POINT (13.380539258000056 52.505817468000032)","Unfall 201937 (2018) Kat:3, Licht: 0","201937","3","4","6","06","12","3","0","0","0","1","1","0"
"POINT (13.575495958000033 52.447483446000035)","Unfall 201938 (2018) Kat:3, Licht: 0","201938","3","3","5","06","18","6","0","0","1","1","0","0"
"POINT (13.264240343000040 52.509050769000055)","Unfall 201939 (2018) Kat:2, Licht: 0","201939","2","4","6","06","12","3","0","0","0","1","1","0"
"POINT (13.401603220000027 52.523543632000042)","Unfall 201940 (2018) Kat:3, Licht: 0","201940","3","3","5","06","12","3","0","0","1","0","0","0"
"POINT (13.279210115000069 52.503189325000051)","Unfall 201941 (2018) Kat:2, Licht: 0","201941","2","6","3","06","18","6","0","0","0","1","0","1"
"POINT (13.441142715000069 52.566368802000056)","Unfall 201942 (2018) Kat:3, Licht: 0","201942","3","6","2","06","18","6","0","0","0","1","0","1"
"POINT (13.503905435000036 52.552671295000039)","Unfall 201943 (2018) Kat:3, Licht: 0","201943","3","3","5","06","12","3","0","0","0","1","0","1"
"POINT (13.421469155000068 52.498123774000078)","Unfall 201944 (2018) Kat:3, Licht: 0","201944","3","2","5","06","18","6","0","0","1","1","0","0"
"POINT (13.359550958000057 52.544110479000040)","Unfall 201945 (2018) Kat:3, Licht: 0","201945","3","3","5","06","12","3","0","0","0","1","0","0"
"POINT (13.456222498000045 52.473780156000032)","Unfall 201946 (2018) Kat:3, Licht: 0","201946","3","6","2","06","10","1","1","0","0","1","0","0"
"POINT (13.517798279000033 52.461592210000049)","Unfall 201947 (2018) Kat:3, Licht: 0","201947","3","2","5","06","11","3","0","0","0","1","0","0"
"POINT (13.343188484000052 52.529049974000031)","Unfall 201948 (2018) Kat:2, Licht: 0","201948","2","4","6","06","16","6","0","0","1","0","1","0"
"POINT (13.343241275000025 52.446519338000030)","Unfall 201949 (2018) Kat:3, Licht: 0","201949","3","5","0","06","11","3","0","0","0","1","0","1"
"POINT (13.395846434000077 52.499025609000057)","Unfall 201950 (2018) Kat:3, Licht: 0","201950","3","3","5","06","11","3","0","0","1","1","0","0"
"POINT (13.349454548000040 52.515087398000048)","Unfall 201951 (2018) Kat:3, Licht: 0","201951","3","6","3","06","16","6","0","0","0","1","0","1"
"POINT (13.443496240000059 52.500266117000081)","Unfall 201952 (2018) Kat:3, Licht: 0","201952","3","5","1","06","11","3","0","0","1","1","0","0"
"POINT (13.403877548000025 52.540476951000073)","Unfall 201953 (2018) Kat:3, Licht: 2","201953","3","1","9","06","01","6","0","2","1","0","0","0"
"POINT (13.367565685000045 52.504446403000031)","Unfall 201954 (2018) Kat:3, Licht: 0","201954","3","5","1","06","10","3","0","0","0","1","0","0"
"POINT (13.140088155000058 52.529476143000068)","Unfall 201955 (2018) Kat:3, Licht: 0","201955","3","1","0","06","07","6","0","0","1","0","0","0"
"POINT (13.184240478000049 52.547550205000050)","Unfall 201956 (2018) Kat:3, Licht: 0","201956","3","6","2","06","09","3","0","0","0","1","0","0"
"POINT (13.353330480000068 52.483012966000047)","Unfall 201957 (2018) Kat:3, Licht: 0","201957","3","2","5","06","15","1","1","0","0","1","0","0"
"POINT (13.487162333000072 52.465653822000036)","Unfall 201958 (2018) Kat:3, Licht: 0","201958","3","4","6","06","13","6","0","0","0","1","1","0"
"POINT (13.326630600000044 52.459711965000054)","Unfall 201959 (2018) Kat:3, Licht: 0","201959","3","5","5","06","10","3","0","0","1","1","0","0"
"POINT (13.376672067000072 52.461276258000055)","Unfall 201960 (2018) Kat:3, Licht: 0","201960","3","6","3","06","16","6","1","0","0","0","0","1"
"POINT (13.356992440000056 52.488417376000029)","Unfall 201961 (2018) Kat:3, Licht: 0","201961","3","5","1","06","09","3","0","0","1","1","0","0"
"POINT (13.474206185000071 52.504175049000082)","Unfall 201962 (2018) Kat:3, Licht: 0","201962","3","5","1","06","18","1","1","0","0","1","0","0"
"POINT (13.460187935000022 52.431899566000027)","Unfall 201963 (2018) Kat:3, Licht: 0","201963","3","2","5","06","08","3","0","0","0","1","0","0"
"POINT (13.468755245000068 52.499764093000067)","Unfall 201964 (2018) Kat:3, Licht: 0","201964","3","1","0","06","16","6","0","0","0","0","0","1"
"POINT (13.403175174000069 52.510132486000032)","Unfall 201965 (2018) Kat:3, Licht: 0","201965","3","5","0","06","08","3","0","0","1","1","0","0"
"POINT (13.365087118000076 52.478679647000035)","Unfall 201966 (2018) Kat:3, Licht: 0","201966","3","6","4","06","17","7","1","0","0","1","0","0"
"POINT (13.284256227000071 52.485275569000066)","Unfall 201967 (2018) Kat:3, Licht: 0","201967","3","3","5","06","08","3","0","0","1","1","0","0"
"POINT (13.419577480000044 52.553348606000043)","Unfall 201968 (2018) Kat:3, Licht: 0","201968","3","6","2","06","15","6","0","0","0","1","0","0"
"POINT (13.283940736000034 52.478662843000052)","Unfall 201969 (2018) Kat:3, Licht: 0","201969","3","6","2","06","08","3","0","0","0","1","0","0"
"POINT (13.294912926000052 52.496140542000035)","Unfall 201970 (2018) Kat:3, Licht: 0","201970","3","7","6","06","14","6","0","0","0","1","1","0"
"POINT (13.341093493000074 52.485197453000069)","Unfall 201971 (2018) Kat:3, Licht: 0","201971","3","5","1","06","14","6","0","0","1","1","0","0"
"POINT (13.418215099000065 52.536633830000028)","Unfall 201972 (2018) Kat:3, Licht: 0","201972","3","3","5","06","08","3","0","0","1","1","0","0"
"POINT (13.331539448000058 52.468058871000039)","Unfall 201973 (2018) Kat:3, Licht: 0","201973","3","5","1","06","13","6","1","0","1","1","0","0"
"POINT (13.391281827000057 52.501943917000062)","Unfall 201974 (2018) Kat:2, Licht: 0","201974","2","4","6","06","18","7","0","0","0","1","1","0"
"POINT (13.443576172000064 52.464284627000040)","Unfall 201975 (2018) Kat:3, Licht: 0","201975","3","7","5","06","08","3","0","0","1","1","0","0"
"POINT (13.308232802000077 52.487667893000037)","Unfall 201976 (2018) Kat:3, Licht: 0","201976","3","2","6","06","11","1","1","0","0","1","1","0"
"POINT (13.295175556000061 52.504197624000028)","Unfall 201977 (2018) Kat:3, Licht: 0","201977","3","3","5","06","17","7","0","0","0","1","0","0"
"POINT (13.375552471000049 52.487752821000072)","Unfall 201978 (2018) Kat:3, Licht: 0","201978","3","6","2","06","07","3","0","0","1","1","0","0"
"POINT (13.334585059000062 52.496084918000065)","Unfall 201979 (2018) Kat:3, Licht: 0","201979","3","7","5","06","13","6","0","0","1","1","0","0"
"POINT (13.519752841000070 52.525825396000073)","Unfall 201980 (2018) Kat:3, Licht: 0","201980","3","2","5","06","19","7","1","0","0","1","0","1"
"POINT (13.352121765000049 52.497830318000069)","Unfall 201981 (2018) Kat:3, Licht: 0","201981","3","5","1","06","07","3","0","0","1","1","0","0"
"POINT (13.571482288000027 52.435304705000078)","Unfall 201982 (2018) Kat:3, Licht: 0","201982","3","3","5","06","13","6","0","0","0","0","0","0"
"POINT (13.290973845000053 52.506652128000042)","Unfall 201983 (2018) Kat:3, Licht: 0","201983","3","6","2","06","07","3","0","0","0","1","0","1"
"POINT (13.157868393000058 52.543080894000070)","Unfall 201984 (2018) Kat:2, Licht: 0","201984","2","2","5","06","13","6","1","0","0","1","0","1"
"POINT (13.339197402000025 52.554139307000071)","Unfall 201985 (2018) Kat:3, Licht: 0","201985","3","3","5","06","13","6","0","0","0","1","0","0"
"POINT (13.349090591000049 52.470205217000057)","Unfall 201986 (2018) Kat:3, Licht: 0","201986","3","3","5","06","07","3","0","0","1","1","0","0"
"POINT (13.373330942000052 52.423080988000038)","Unfall 201987 (2018) Kat:3, Licht: 0","201987","3","3","5","06","15","5","0","0","1","0","0","0"
"POINT (13.319361109000056 52.501510112000062)","Unfall 201988 (2018) Kat:3, Licht: 0","201988","3","3","5","06","14","5","1","0","1","1","0","0"
"POINT (13.284902080000052 52.595776038000054)","Unfall 201989 (2018) Kat:3, Licht: 0","201989","3","6","0","06","06","3","1","0","0","1","0","1"
"POINT (13.400542897000037 52.521731482000064)","Unfall 201990 (2018) Kat:3, Licht: 0","201990","3","5","0","06","15","5","0","0","1","0","0","0"
"POINT (13.437951319000035 52.495351934000041)","Unfall 201991 (2018) Kat:3, Licht: 0","201991","3","6","4","06","18","7","0","0","0","1","0","0"
"POINT (13.386209690000044 52.558506174000058)","Unfall 201992 (2018) Kat:3, Licht: 2","201992","3","4","6","06","22","3","0","2","1","0","1","0"
"POINT (13.228400999000030 52.506803808000029)","Unfall 201993 (2018) Kat:3, Licht: 2","201993","3","3","5","06","23","7","1","2","0","1","0","0"
"POINT (13.472064843000055 52.465290727000081)","Unfall 201994 (2018) Kat:3, Licht: 2","201994","3","4","6","06","23","5","0","2","0","1","1","0"
"POINT (13.365584817000070 52.503113631000076)","Unfall 201995 (2018) Kat:3, Licht: 1","201995","3","2","5","06","21","3","0","1","1","1","0","0"
"POINT (13.429641491000041 52.521011444000067)","Unfall 201996 (2018) Kat:3, Licht: 1","201996","3","1","0","06","21","5","0","1","1","0","0","0"
"POINT (13.413084195000067 52.525230282000052)","Unfall 201997 (2018) Kat:3, Licht: 1","201997","3","3","5","06","20","5","0","1","1","1","0","0"
"POINT (13.359448005000047 52.496216556000036)","Unfall 201998 (2018) Kat:3, Licht: 0","201998","3","6","3","06","19","3","0","0","1","1","0","0"
"POINT (13.374182186000041 52.537474362000069)","Unfall 201999 (2018) Kat:3, Licht: 0","201999","3","4","6","06","20","5","0","0","0","1","1","0"
"POINT (13.398606921000066 52.403382367000063)","Unfall 202000 (2018) Kat:3, Licht: 0","202000","3","3","5","06","08","2","1","0","0","1","0","0"
"POINT (13.505308709000076 52.497315887000070)","Unfall 202001 (2018) Kat:3, Licht: 0","202001","3","4","6","06","19","5","0","0","1","0","1","0"
"POINT (13.389058385000055 52.514742549000061)","Unfall 202002 (2018) Kat:3, Licht: 0","202002","3","2","5","06","19","3","0","0","1","1","0","0"
"POINT (13.603781724000044 52.542535226000041)","Unfall 202003 (2018) Kat:3, Licht: 0","202003","3","3","5","06","18","5","0","0","1","1","0","0"
"POINT (13.314482347000023 52.474240642000041)","Unfall 202004 (2018) Kat:3, Licht: 0","202004","3","4","6","06","13","2","0","0","0","1","1","0"
"POINT (13.157044356000029 52.538675219000027)","Unfall 202005 (2018) Kat:3, Licht: 0","202005","3","6","3","06","18","5","0","0","1","1","0","0"
"POINT (13.292204220000031 52.497433765000039)","Unfall 202006 (2018) Kat:3, Licht: 0","202006","3","5","1","06","18","3","0","0","1","1","0","0"
"POINT (13.403136693000022 52.527413606000039)","Unfall 202007 (2018) Kat:3, Licht: 0","202007","3","2","5","06","17","5","0","0","1","1","0","0"
"POINT (13.497262260000070 52.546587932000079)","Unfall 202008 (2018) Kat:3, Licht: 0","202008","3","5","5","06","17","3","0","0","0","1","0","1"
"POINT (13.439590781000049 52.481526212000063)","Unfall 202009 (2018) Kat:3, Licht: 0","202009","3","5","1","06","17","3","0","0","1","1","0","0"
"POINT (13.450567212000067 52.515566662000026)","Unfall 202010 (2018) Kat:3, Licht: 0","202010","3","3","5","06","17","5","0","0","1","1","0","0"
"POINT (13.411240182000029 52.503486508000037)","Unfall 202011 (2018) Kat:3, Licht: 0","202011","3","2","2","06","16","5","0","0","0","1","0","0"
"POINT (13.271341194000058 52.451789517000066)","Unfall 202012 (2018) Kat:3, Licht: 0","202012","3","1","8","06","12","3","0","0","0","1","0","0"
"POINT (13.627273448000039 52.446734274000050)","Unfall 202013 (2018) Kat:3, Licht: 0","202013","3","3","5","06","19","5","0","0","0","1","0","0"
"POINT (13.514338258000066 52.462374806000071)","Unfall 202014 (2018) Kat:2, Licht: 0","202014","2","1","0","06","15","3","0","0","1","0","0","0"
"POINT (13.412434719000032 52.517121360000033)","Unfall 202015 (2018) Kat:3, Licht: 2","202015","3","3","5","06","22","1","1","2","1","1","0","0"
"POINT (13.388960384000029 52.498094050000077)","Unfall 202016 (2018) Kat:3, Licht: 2","202016","3","6","2","06","22","7","1","2","0","1","0","0"
"POINT (13.343400004000046 52.528873412000053)","Unfall 202017 (2018) Kat:2, Licht: 2","202017","2","3","5","06","22","7","1","2","0","1","0","0"
"POINT (13.405194855000047 52.534084997000036)","Unfall 202018 (2018) Kat:3, Licht: 0","202018","3","1","0","06","13","3","0","0","1","0","0","0"
"POINT (13.465001133000044 52.510571700000071)","Unfall 202019 (2018) Kat:3, Licht: 0","202019","3","3","5","06","16","5","0","0","0","1","0","1"
"POINT (13.593515976000049 52.443593452000073)","Unfall 202020 (2018) Kat:3, Licht: 0","202020","3","1","0","06","16","3","0","0","1","0","0","0"
"POINT (13.502048178000052 52.566287539000029)","Unfall 202021 (2018) Kat:3, Licht: 0","202021","3","7","6","06","17","2","0","0","0","1","1","0"
"POINT (13.313108801000055 52.613808613000060)","Unfall 202022 (2018) Kat:3, Licht: 0","202022","3","2","5","06","16","5","1","0","1","1","0","0"
"POINT (13.438063937000038 52.546360443000026)","Unfall 202023 (2018) Kat:3, Licht: 0","202023","3","2","5","06","08","2","0","0","1","1","0","0"
"POINT (13.563474325000072 52.498029817000031)","Unfall 202024 (2018) Kat:3, Licht: 0","202024","3","4","6","06","13","2","0","0","0","1","1","0"
"POINT (13.516109860000029 52.551883464000070)","Unfall 202025 (2018) Kat:2, Licht: 0","202025","2","2","5","06","15","5","1","0","1","0","0","0"
"POINT (13.623355151000055 52.505899694000050)","Unfall 202026 (2018) Kat:3, Licht: 0","202026","3","6","2","06","06","2","0","0","1","1","0","0"
"POINT (13.318667141000049 52.432517694000069)","Unfall 202027 (2018) Kat:3, Licht: 0","202027","3","3","5","06","15","5","1","0","0","1","0","1"
"POINT (13.418176213000038 52.515598009000030)","Unfall 202028 (2018) Kat:3, Licht: 2","202028","3","2","5","06","23","2","0","2","0","1","0","0"
"POINT (13.330803621000030 52.490835853000078)","Unfall 202029 (2018) Kat:3, Licht: 0","202029","3","3","2","06","15","5","1","0","0","1","0","1"
"POINT (13.385336746000064 52.498956022000073)","Unfall 202030 (2018) Kat:2, Licht: 2","202030","2","2","5","06","22","2","0","2","0","0","0","1"
"POINT (13.388231541000039 52.434071991000053)","Unfall 202031 (2018) Kat:2, Licht: 0","202031","2","1","0","06","19","1","1","0","0","0","0","1"
"POINT (13.393281642000034 52.564488704000041)","Unfall 202032 (2018) Kat:2, Licht: 0","202032","2","4","0","06","16","7","0","0","0","0","1","0"
"POINT (13.416713337000033 52.521867756000063)","Unfall 202033 (2018) Kat:2, Licht: 0","202033","2","4","6","06","20","2","0","0","0","1","1","0"
"POINT (13.386696288000053 52.491304911000043)","Unfall 202034 (2018) Kat:3, Licht: 0","202034","3","2","5","06","15","5","1","0","1","1","0","0"
"POINT (13.457573301000025 52.526082892000034)","Unfall 202035 (2018) Kat:3, Licht: 0","202035","3","7","0","06","18","2","0","0","1","0","0","0"