WKT,Name,OBJECTID,UKATEGORIE,UTYP1,UART,UMONAT,USTUNDE,UWOCHENTAG,STRZUSTAND,ULICHTVERH,ISTRAD,ISTPKW,ISTFUSS,ISTKRAD
"POINT (13.587134309000021 52.411404062000031)","Unfall 202222 (2018) Kat:3, Licht: 0","202222","3","7","1","06","10","4","0","0","0","1","0","0"
"POINT (13.398540068000045 52.526223103000063)","Unfall 202223 (2018) Kat:3, Licht: 0","202223","3","5","1","06","09","4","0","0","1","1","0","0"
"POINT (13.597927568000046 52.438532464000048)","Unfall 202224 (2018) Kat:3, Licht: 0","202224","3","2","5","06","11","7","0","0","1","1","0","0"
"POINT (13.354821518000051 52.552132292000067)","Unfall 202225 (2018) Kat:3, Licht: 0","202225","3","6","2","06","09","4","0","0","0","1","0","0"
"POINT (13.501381814000069 52.548733081000080)","Unfall 202226 (2018) Kat:3, Licht: 0","202226","3","6","2","06","13","2","0","0","0","1","0","0"
"POINT (13.438701291000029 52.452600385000039)","Unfall 202227 (2018) Kat:3, Licht: 0","202227","3","2","5","06","08","4","0","0","1","1","0","0"
"POINT (13.485604348000038 52.533681993000073)","Unfall 202228 (2018) Kat:3, Licht: 0","202228","3","7","6","06","10","7","0","0","1","0","1","0"
"POINT (13.402831413000058 52.524180650000062)","Unfall 202229 (2018) Kat:3, Licht: 0","202229","3","1","0","06","18","4","0","0","1","0","0","0"
"POINT (13.410166817000061 52.566842559000065)","Unfall 202230 (2018) Kat:3, Licht: 0","202230","3","5","1","06","10","7","0","0","1","1","0","0"
"POINT (13.421108268000069 52.500787678000052)","Unfall 202231 (2018) Kat:2, Licht: 0","202231","2","5","1","06","09","7","0","0","1","1","0","0"
"POINT (13.380023457000050 52.528340128000082)","Unfall 202232 (2018) Kat:3, Licht: 0","202232","3","5","1","06","08","4","0","0","1","1","0","0"
"POINT (13.507072861000040 52.453459335000048)","Unfall 202233 (2018) Kat:3, Licht: 0","202233","3","5","5","06","08","4","0","0","1","1","0","0"
"POINT (13.457160469000030 52.561007836000044)","Unfall 202234 (2018) Kat:3, Licht: 0","202234","3","2","5","06","08","7","0","0","0","1","0","0"
"POINT (13.188106795000067 52.522375335000049)","Unfall 202235 (2018) Kat:3, Licht: 0","202235","3","6","2","06","07","4","0","0","0","1","0","0"
"POINT (13.384618830000022 52.555699285000060)","Unfall 202236 (2018) Kat:3, Licht: 2","202236","3","5","5","06","01","6","0","2","0","1","0","0"
"POINT (13.426006313000073 52.477551985000048)","Unfall 202237 (2018) Kat:2, Licht: 1","202237","2","3","5","06","19","1","1","1","1","1","0","0"
"POINT (13.364152649000062 52.488259612000036)","Unfall 202238 (2018) Kat:3, Licht: 2","202238","3","3","5","06","22","7","1","2","1","1","0","0"
"POINT (13.322431417000075 52.497853823000071)","Unfall 202239 (2018) Kat:3, Licht: 0","202239","3","6","2","06","15","6","0","0","1","1","0","0"
"POINT (13.547147566000035 52.548205234000079)","Unfall 202240 (2018) Kat:3, Licht: 0","202240","3","3","5","06","07","4","0","0","0","1","0","0"
"POINT (13.441116997000051 52.500869566000063)","Unfall 202241 (2018) Kat:3, Licht: 2","202241","3","5","1","06","00","6","0","2","1","1","0","0"
"POINT (13.382082884000056 52.566690882000046)","Unfall 202242 (2018) Kat:3, Licht: 0","202242","3","3","5","06","06","4","0","0","0","1","0","0"
"POINT (13.310629101000075 52.479292729000065)","Unfall 202243 (2018) Kat:3, Licht: 0","202243","3","2","5","06","08","2","0","0","1","0","0","0"
"POINT (13.289902315000063 52.590330549000043)","Unfall 202244 (2018) Kat:3, Licht: 0","202244","3","4","6","06","14","6","0","0","0","0","1","0"
"POINT (13.200635151000029 52.549652233000074)","Unfall 202245 (2018) Kat:3, Licht: 0","202245","3","2","5","06","15","3","0","0","1","1","0","0"
"POINT (13.310769319000030 52.495110563000026)","Unfall 202246 (2018) Kat:3, Licht: 0","202246","3","2","5","06","17","6","0","0","1","1","0","0"
"POINT (13.564255842000023 52.445698176000064)","Unfall 202247 (2018) Kat:3, Licht: 0","202247","3","3","5","06","17","6","0","0","1","1","0","0"
"POINT (13.409048563000056 52.488921709000067)","Unfall 202248 (2018) Kat:3, Licht: 0","202248","3","6","1","06","09","3","0","0","1","1","0","0"
"POINT (13.538668191000056 52.425824004000049)","Unfall 202249 (2018) Kat:3, Licht: 0","202249","3","7","5","06","18","6","0","0","0","1","0","1"
"POINT (13.385862996000071 52.516482885000073)","Unfall 202250 (2018) Kat:2, Licht: 0","202250","2","2","2","06","14","3","0","0","1","0","0","0"
"POINT (13.294212471000037 52.534288683000057)","Unfall 202251 (2018) Kat:3, Licht: 0","202251","3","6","3","06","19","6","0","0","0","1","0","0"
"POINT (13.305551030000061 52.435140177000051)","Unfall 202252 (2018) Kat:3, Licht: 0","202252","3","3","5","06","15","3","0","0","1","1","0","0"
"POINT (13.409618650000027 52.504024453000056)","Unfall 202253 (2018) Kat:3, Licht: 2","202253","3","6","2","06","22","6","0","2","0","1","0","0"
"POINT (13.279220310000028 52.503139998000051)","Unfall 202254 (2018) Kat:3, Licht: 0","202254","3","6","2","06","17","1","0","0","0","1","0","0"
"POINT (13.593790768000076 52.444438805000061)","Unfall 202255 (2018) Kat:2, Licht: 0","202255","2","3","5","06","16","3","0","0","1","1","0","0"
"POINT (13.315516227000046 52.564279366000051)","Unfall 202256 (2018) Kat:3, Licht: 2","202256","3","1","1","06","22","6","0","2","0","1","0","0"
"POINT (13.413986978000025 52.391055801000050)","Unfall 202257 (2018) Kat:3, Licht: 0","202257","3","1","0","06","07","7","0","0","0","0","0","1"
"POINT (13.408461188000047 52.516151095000055)","Unfall 202258 (2018) Kat:3, Licht: 0","202258","3","6","0","06","15","5","0","0","0","1","0","1"
"POINT (13.312562897000078 52.499138750000043)","Unfall 202259 (2018) Kat:3, Licht: 2","202259","3","4","6","06","03","5","0","2","0","1","1","0"
"POINT (13.411503518000075 52.523957396000071)","Unfall 202260 (2018) Kat:3, Licht: 0","202260","3","2","5","06","12","6","0","0","1","1","0","0"
"POINT (13.281094872000040 52.476846146000071)","Unfall 202261 (2018) Kat:3, Licht: 0","202261","3","2","5","06","09","5","0","0","1","0","0","0"
"POINT (13.393642315000022 52.532207243000073)","Unfall 202262 (2018) Kat:2, Licht: 1","202262","2","1","0","07","04","2","0","1","1","0","0","0"
"POINT (13.437555916000065 52.455180765000080)","Unfall 202263 (2018) Kat:3, Licht: 2","202263","3","6","2","06","23","5","0","2","0","1","0","0"
"POINT (13.250385466000068 52.452010977000043)","Unfall 202264 (2018) Kat:3, Licht: 0","202264","3","3","5","06","09","6","0","0","1","1","0","0"
"POINT (13.412214394000046 52.540129910000076)","Unfall 202265 (2018) Kat:3, Licht: 0","202265","3","3","5","06","19","7","0","0","0","1","0","1"
"POINT (13.310009955000055 52.516244381000035)","Unfall 202266 (2018) Kat:3, Licht: 2","202266","3","4","6","06","22","5","0","2","1","0","1","0"
"POINT (13.224953039000070 52.423462126000061)","Unfall 202267 (2018) Kat:3, Licht: 2","202267","3","1","9","06","22","5","0","2","0","0","0","0"
"POINT (13.464479218000065 52.487080709000054)","Unfall 202268 (2018) Kat:3, Licht: 0","202268","3","2","5","06","16","6","0","0","1","1","0","0"
"POINT (13.286884872000030 52.512974322000048)","Unfall 202269 (2018) Kat:2, Licht: 1","202269","2","2","5","06","20","5","0","1","0","1","0","0"
"POINT (13.416513850000058 52.534939928000028)","Unfall 202270 (2018) Kat:3, Licht: 0","202270","3","5","5","06","20","5","0","0","1","1","0","0"
"POINT (13.340002623000032 52.525721347000058)","Unfall 202271 (2018) Kat:3, Licht: 0","202271","3","7","5","06","19","5","0","0","0","1","0","1"
"POINT (13.157587453000076 52.542266316000052)","Unfall 202272 (2018) Kat:3, Licht: 0","202272","3","3","0","07","14","1","0","0","0","0","0","1"
"POINT (13.424603371000046 52.484295227000075)","Unfall 202273 (2018) Kat:3, Licht: 0","202273","3","5","1","06","19","5","0","0","0","1","0","1"
"POINT (13.468836294000027 52.520329633000074)","Unfall 202274 (2018) Kat:3, Licht: 0","202274","3","3","5","06","19","5","0","0","1","1","0","0"
"POINT (13.288384622000024 52.446356282000067)","Unfall 202275 (2018) Kat:3, Licht: 0","202275","3","3","5","06","10","6","0","0","1","1","0","0"
"POINT (13.564159266000047 52.439036919000046)","Unfall 202276 (2018) Kat:3, Licht: 0","202276","3","3","5","06","08","5","0","0","1","1","0","0"
"POINT (13.400379182000052 52.490516337000031)","Unfall 202277 (2018) Kat:3, Licht: 0","202277","3","2","5","07","18","1","0","0","1","1","0","0"
"POINT (13.170190041000069 52.541235111000049)","Unfall 202278 (2018) Kat:3, Licht: 0","202278","3","7","0","06","18","5","0","0","0","0","0","1"
"POINT (13.269218877000071 52.537768521000032)","Unfall 202279 (2018) Kat:3, Licht: 0","202279","3","3","5","06","09","6","0","0","1","1","0","0"
"POINT (13.446756125000036 52.427015611000058)","Unfall 202280 (2018) Kat:3, Licht: 0","202280","3","2","5","06","18","7","0","0","1","1","0","0"
"POINT (13.359922012000027 52.481403221000051)","Unfall 202281 (2018) Kat:3, Licht: 0","202281","3","6","0","06","13","5","0","0","1","1","0","0"
"POINT (13.362940414000036 52.494154710000032)","Unfall 202282 (2018) Kat:3, Licht: 0","202282","3","4","6","06","07","5","0","0","1","0","1","0"
"POINT (13.346040831000039 52.498827839000057)","Unfall 202283 (2018) Kat:3, Licht: 0","202283","3","3","5","06","18","6","0","0","0","1","0","0"
"POINT (13.426596824000057 52.499278728000036)","Unfall 202284 (2018) Kat:3, Licht: 2","202284","3","2","5","06","02","5","0","2","1","1","0","0"
"POINT (13.398783273000049 52.532589639000037)","Unfall 202285 (2018) Kat:3, Licht: 0","202285","3","1","0","07","16","2","0","0","1","0","0","0"
"POINT (13.320532201000049 52.483222798000043)","Unfall 202286 (2018) Kat:3, Licht: 0","202286","3","2","5","06","19","5","0","0","1","1","0","0"
"POINT (13.416342920000034 52.480482968000047)","Unfall 202287 (2018) Kat:3, Licht: 0","202287","3","7","0","06","16","6","0","0","0","0","0","1"
"POINT (13.428287891000025 52.507423267000036)","Unfall 202288 (2018) Kat:2, Licht: 0","202288","2","2","2","06","18","5","0","0","1","1","0","0"
"POINT (13.569043277000048 52.444194978000041)","Unfall 202289 (2018) Kat:3, Licht: 0","202289","3","2","2","07","12","1","0","0","0","1","0","0"
"POINT (13.367445316000044 52.551539427000080)","Unfall 202290 (2018) Kat:3, Licht: 0","202290","3","2","5","06","18","5","0","0","0","1","0","1"
"POINT (13.266949045000047 52.514175489000081)","Unfall 202291 (2018) Kat:2, Licht: 0","202291","2","3","5","06","13","7","0","0","1","1","0","0"
"POINT (13.550675355000067 52.429179899000076)","Unfall 202292 (2018) Kat:3, Licht: 0","202292","3","2","5","06","18","5","0","0","1","1","0","0"
"POINT (13.123472012000036 52.456930453000041)","Unfall 202293 (2018) Kat:3, Licht: 0","202293","3","5","1","06","17","7","0","0","0","1","0","1"
"POINT (13.411016427000050 52.553876492000029)","Unfall 202294 (2018) Kat:3, Licht: 0","202294","3","3","5","06","18","5","0","0","0","1","0","1"
"POINT (13.383936730000073 52.452636277000067)","Unfall 202295 (2018) Kat:3, Licht: 0","202295","3","4","6","06","15","6","0","0","0","1","1","0"
"POINT (13.346096722000027 52.444035667000037)","Unfall 202296 (2018) Kat:3, Licht: 0","202296","3","3","5","06","17","5","0","0","1","0","0","0"
"POINT (13.412871818000042 52.544388355000081)","Unfall 202297 (2018) Kat:3, Licht: 0","202297","3","4","6","07","11","2","0","0","0","1","1","0"
"POINT (13.511394002000031 52.484270023000079)","Unfall 202298 (2018) Kat:3, Licht: 0","202298","3","3","5","06","08","5","0","0","1","1","0","0"
"POINT (13.325492998000072 52.438930957000082)","Unfall 202299 (2018) Kat:3, Licht: 0","202299","3","2","5","06","17","6","0","0","0","1","0","1"
"POINT (13.314351863000070 52.423975882000036)","Unfall 202300 (2018) Kat:2, Licht: 0","202300","2","2","5","07","14","1","0","0","0","1","0","0"
"POINT (13.299731432000044 52.579073728000026)","Unfall 202301 (2018) Kat:3, Licht: 0","202301","3","2","5","06","16","5","0","0","0","1","0","0"
"POINT (13.179667770000037 52.421876009000073)","Unfall 202302 (2018) Kat:2, Licht: 0","202302","2","2","0","06","10","7","0","0","1","0","0","0"
"POINT (13.309321998000030 52.420585972000026)","Unfall 202303 (2018) Kat:3, Licht: 0","202303","3","3","5","06","16","5","0","0","0","1","0","0"
"POINT (13.328582103000031 52.602907503000040)","Unfall 202304 (2018) Kat:3, Licht: 0","202304","3","2","5","06","13","6","0","0","0","1","0","1"
"POINT (13.189241464000077 52.537010683000062)","Unfall 202305 (2018) Kat:3, Licht: 0","202305","3","5","5","06","15","5","0","0","0","1","0","1"
"POINT (13.380822480000063 52.516395107000051)","Unfall 202306 (2018) Kat:3, Licht: 0","202306","3","2","2","07","07","2","0","0","0","1","0","0"
"POINT (13.276138282000034 52.584650966000027)","Unfall 202307 (2018) Kat:3, Licht: 0","202307","3","5","1","06","15","5","0","0","1","1","0","0"
"POINT (13.184594696000033 52.515325181000037)","Unfall 202308 (2018) Kat:3, Licht: 0","202308","3","6","2","06","08","6","0","0","0","1","0","0"
"POINT (13.477488664000077 52.571729075000064)","Unfall 202309 (2018) Kat:3, Licht: 0","202309","3","7","5","06","15","6","0","0","0","1","0","1"
"POINT (13.384205137000038 52.484988295000051)","Unfall 202310 (2018) Kat:3, Licht: 0","202310","3","4","6","06","15","5","0","0","0","0","1","1"
"POINT (13.363033906000055 52.509787608000067)","Unfall 202311 (2018) Kat:2, Licht: 0","202311","2","2","5","07","08","2","0","0","1","1","0","0"
"POINT (13.516061159000060 52.488208931000031)","Unfall 202312 (2018) Kat:3, Licht: 0","202312","3","3","5","06","09","5","0","0","0","1","0","0"
"POINT (13.356653966000067 52.523597465000080)","Unfall 202313 (2018) Kat:3, Licht: 0","202313","3","7","0","06","08","6","0","0","0","0","1","0"
"POINT (13.579007865000051 52.458179104000067)","Unfall 202314 (2018) Kat:2, Licht: 2","202314","2","4","6","07","03","1","0","2","0","1","1","0"
"POINT (13.501164365000022 52.632270724000080)","Unfall 202315 (2018) Kat:3, Licht: 0","202315","3","6","3","06","08","5","0","0","1","1","0","0"
"POINT (13.298393239000063 52.508985804000076)","Unfall 202316 (2018) Kat:3, Licht: 0","202316","3","5","1","06","04","7","0","0","1","1","0","0"
"POINT (13.393785347000062 52.545606643000042)","Unfall 202317 (2018) Kat:2, Licht: 0","202317","2","5","3","06","15","5","0","0","0","0","0","1"
"POINT (13.301844286000062 52.494521565000070)","Unfall 202318 (2018) Kat:3, Licht: 0","202318","3","3","5","06","14","5","0","0","1","1","0","0"
"POINT (13.389938126000061 52.511224866000077)","Unfall 202319 (2018) Kat:3, Licht: 0","202319","3","3","5","06","06","6","0","0","0","1","0","0"
"POINT (13.263757455000075 52.422135637000054)","Unfall 202320 (2018) Kat:3, Licht: 0","202320","3","2","6","06","14","5","0","0","0","1","1","0"
"POINT (13.416156997000030 52.566480888000058)","Unfall 202321 (2018) Kat:3, Licht: 1","202321","3","3","0","07","20","1","0","1","0","1","0","0"
"POINT (13.430150109000067 52.510255453000070)","Unfall 202322 (2018) Kat:3, Licht: 0","202322","3","2","2","06","14","5","0","0","0","1","0","0"
"POINT (13.296229564000043 52.498005194000029)","Unfall 202323 (2018) Kat:3, Licht: 0","202323","3","2","5","06","08","6","0","0","1","0","0","0"
"POINT (13.356703397000047 52.535600180000074)","Unfall 202324 (2018) Kat:3, Licht: 0","202324","3","2","5","06","18","7","0","0","0","1","0","0"
"POINT (13.325454555000022 52.527739366000048)","Unfall 202325 (2018) Kat:3, Licht: 0","202325","3","6","3","06","13","5","0","0","1","0","0","0"
"POINT (13.341961878000063 52.517840441000033)","Unfall 202326 (2018) Kat:3, Licht: 0","202326","3","2","5","06","17","6","0","0","1","1","0","0"
"POINT (13.420715669000060 52.499027902000080)","Unfall 202327 (2018) Kat:3, Licht: 1","202327","3","7","6","06","22","7","0","1","1","0","1","0"
"POINT (13.286708810000050 52.586356529000057)","Unfall 202328 (2018) Kat:3, Licht: 0","202328","3","6","2","06","13","5","0","0","0","1","0","0"
"POINT (13.454008526000052 52.518376752000052)","Unfall 202329 (2018) Kat:3, Licht: 0","202329","3","5","1","06","12","5","0","0","0","1","0","0"
"POINT (13.430143798000074 52.481418932000054)","Unfall 202330 (2018) Kat:3, Licht: 0","202330","3","7","6","06","07","6","0","0","0","1","1","0"
"POINT (13.314259691000075 52.605347695000034)","Unfall 202331 (2018) Kat:3, Licht: 0","202331","3","1","0","06","07","5","0","0","1","0","0","0"
"POINT (13.192366245000073 52.435370614000078)","Unfall 202332 (2018) Kat:3, Licht: 0","202332","3","5","1","06","12","5","0","0","1","1","0","0"
"POINT (13.305817979000039 52.495704558000057)","Unfall 202333 (2018) Kat:3, Licht: 0","202333","3","5","1","06","08","5","0","0","1","1","0","0"
"POINT (13.232592620000048 52.539426828000046)","Unfall 202334 (2018) Kat:3, Licht: 0","202334","3","1","0","07","16","1","0","0","0","1","0","0"
"POINT (13.616801982000027 52.446552444000076)","Unfall 202335 (2018) Kat:2, Licht: 0","202335","2","2","2","06","09","5","0","0","1","1","0","0"
"POINT (13.357210787000042 52.498951585000043)","Unfall 202336 (2018) Kat:3, Licht: 0","202336","3","3","5","06","08","6","0","0","1","0","0","0"
"POINT (13.315066721000051 52.576574274000052)","Unfall 202337 (2018) Kat:3, Licht: 0","202337","3","2","3","06","18","7","0","0","0","1","0","1"
"POINT (13.261972291000063 52.515513348000070)","Unfall 202338 (2018) Kat:3, Licht: 0","202338","3","7","6","06","09","5","0","0","0","1","1","0"
"POINT (13.311918786000035 52.567923033000056)","Unfall 202339 (2018) Kat:3, Licht: 0","202339","3","2","3","06","19","4","0","0","0","1","0","0"
"POINT (13.416456374000063 52.490963435000026)","Unfall 202340 (2018) Kat:2, Licht: 0","202340","2","3","5","06","20","6","0","0","1","1","0","0"
"POINT (13.297223464000069 52.510638396000047)","Unfall 202341 (2018) Kat:3, Licht: 0","202341","3","6","2","06","20","4","0","0","0","1","0","0"
"POINT (13.376910918000021 52.549351147000039)","Unfall 202342 (2018) Kat:3, Licht: 0","202342","3","7","6","07","13","2","0","0","0","1","1","0"
"POINT (13.313942760000032 52.488235219000046)","Unfall 202343 (2018) Kat:3, Licht: 0","202343","3","2","5","06","19","4","0","0","1","0","0","0"
"POINT (13.442104569000037 52.425027061000037)","Unfall 202344 (2018) Kat:3, Licht: 0","202344","3","2","6","06","08","6","0","0","0","1","1","0"
"POINT (13.330373064000071 52.474270720000050)","Unfall 202345 (2018) Kat:3, Licht: 0","202345","3","7","7","06","07","4","0","0","1","0","0","0"
"POINT (13.501254520000032 52.483245076000060)","Unfall 202346 (2018) Kat:3, Licht: 0","202346","3","6","2","06","18","4","0","0","1","1","0","0"
"POINT (13.546467468000060 52.432583450000038)","Unfall 202347 (2018) Kat:3, Licht: 0","202347","3","2","5","06","08","6","0","0","0","1","0","1"
"POINT (13.559310647000075 52.446641605000082)","Unfall 202348 (2018) Kat:2, Licht: 0","202348","2","2","5","06","16","4","0","0","0","0","0","1"
"POINT (13.434703467000077 52.461946384000044)","Unfall 202349 (2018) Kat:3, Licht: 0","202349","3","1","0","07","14","1","0","0","0","0","0","1"
"POINT (13.399642477000043 52.498453077000079)","Unfall 202350 (2018) Kat:3, Licht: 1","202350","3","3","5","06","21","4","0","1","0","1","0","0"
"POINT (13.354469702000074 52.487743521000027)","Unfall 202351 (2018) Kat:3, Licht: 0","202351","3","6","3","06","16","7","0","0","1","1","0","0"
"POINT (13.655972850000069 52.415497686000037)","Unfall 202352 (2018) Kat:3, Licht: 0","202352","3","2","2","06","20","4","0","0","1","1","0","0"
"POINT (13.526172866000024 52.484528417000035)","Unfall 202353 (2018) Kat:3, Licht: 0","202353","3","2","5","06","15","6","0","0","0","1","0","0"
"POINT (13.482717190000074 52.461996672000055)","Unfall 202354 (2018) Kat:3, Licht: 0","202354","3","5","1","06","20","4","0","0","0","1","0","0"
"POINT (13.373069392000048 52.538189142000078)","Unfall 202355 (2018) Kat:2, Licht: 0","202355","2","7","5","07","09","2","0","0","0","1","0","0"
"POINT (13.486416891000033 52.424759873000028)","Unfall 202356 (2018) Kat:3, Licht: 0","202356","3","7","5","06","20","4","0","0","1","1","0","0"
"POINT (13.508074163000060 52.484232361000068)","Unfall 202357 (2018) Kat:3, Licht: 0","202357","3","6","3","06","07","6","0","0","1","1","0","0"
"POINT (13.567969788000028 52.573586970000065)","Unfall 202358 (2018) Kat:2, Licht: 0","202358","2","2","0","07","13","1","0","0","1","1","0","0"
"POINT (13.333241654000062 52.482223596000040)","Unfall 202359 (2018) Kat:3, Licht: 0","202359","3","6","3","06","20","4","0","0","1","1","0","0"
"POINT (13.197709169000063 52.535046579000038)","Unfall 202360 (2018) Kat:3, Licht: 0","202360","3","5","0","06","09","7","0","0","0","1","0","1"
"POINT (13.456926203000023 52.465107169000078)","Unfall 202361 (2018) Kat:3, Licht: 0","202361","3","2","5","07","07","1","0","0","0","1","0","0"
"POINT (13.425879895000037 52.473170538000034)","Unfall 202362 (2018) Kat:3, Licht: 0","202362","3","7","5","06","19","4","0","0","0","1","0","1"
"POINT (13.344002769000042 52.468657690000043)","Unfall 202363 (2018) Kat:3, Licht: 0","202363","3","7","5","06","12","7","0","0","1","1","0","0"
"POINT (13.448521247000031 52.553006018000076)","Unfall 202364 (2018) Kat:3, Licht: 0","202364","3","3","0","06","10","4","0","0","0","1","0","1"
"POINT (13.415497734000041 52.507334042000082)","Unfall 202365 (2018) Kat:3, Licht: 0","202365","3","5","1","06","14","6","0","0","1","1","0","0"
"POINT (13.564578778000055 52.552020083000059)","Unfall 202366 (2018) Kat:3, Licht: 0","202366","3","3","5","06","19","4","0","0","1","1","0","0"
"POINT (13.461363345000052 52.529436572000066)","Unfall 202367 (2018) Kat:3, Licht: 0","202367","3","2","5","07","08","2","0","0","1","1","0","0"
"POINT (13.533953182000062 52.417401291000033)","Unfall 202368 (2018) Kat:3, Licht: 0","202368","3","3","5","06","19","4","0","0","1","1","0","0"
"POINT (13.553280581000024 52.469564901000069)","Unfall 202369 (2018) Kat:3, Licht: 0","202369","3","7","5","06","08","6","0","0","1","1","0","0"
"POINT (13.280151024000077 52.518479970000044)","Unfall 202370 (2018) Kat:2, Licht: 0","202370","2","3","5","07","19","1","0","0","0","1","0","0"
"POINT (13.437303894000024 52.483188048000045)","Unfall 202371 (2018) Kat:3, Licht: 0","202371","3","6","3","06","19","4","0","0","1","0","0","0"
"POINT (13.410533157000032 52.503433955000048)","Unfall 202372 (2018) Kat:3, Licht: 2","202372","3","3","5","06","00","7","0","2","1","1","0","0"
"POINT (13.360500691000027 52.597027759000071)","Unfall 202373 (2018) Kat:3, Licht: 0","202373","3","2","6","06","18","4","0","0","0","1","1","0"
"POINT (13.231421793000038 52.538248675000034)","Unfall 202374 (2018) Kat:3, Licht: 0","202374","3","3","5","06","18","4","0","0","1","1","0","0"
"POINT (13.412720162000028 52.488441808000061)","Unfall 202375 (2018) Kat:3, Licht: 0","202375","3","6","4","06","10","6","0","0","1","0","0","0"
"POINT (13.418727712000077 52.546977921000064)","Unfall 202376 (2018) Kat:3, Licht: 0","202376","3","2","5","06","17","4","0","0","0","1","0","1"
"POINT (13.325004725000042 52.521595265000030)","Unfall 202377 (2018) Kat:3, Licht: 0","202377","3","7","5","07","19","1","0","0","1","1","0","0"
"POINT (13.419250843000043 52.417608941000026)","Unfall 202378 (2018) Kat:3, Licht: 0","202378","3","2","5","06","16","4","0","0","0","1","0","1"
"POINT (13.505274735000057 52.534550698000032)","Unfall 202379 (2018) Kat:3, Licht: 0","202379","3","6","2","06","12","6","0","0","0","1","0","0"
"POINT (13.385830801000054 52.516654439000035)","Unfall 202380 (2018) Kat:3, Licht: 0","202380","3","3","5","06","16","4","0","0","1","1","0","0"
"POINT (13.327645821000033 52.440219972000079)","Unfall 202381 (2018) Kat:3, Licht: 0","202381","3","2","5","07","07","2","0","0","1","1","0","0"
"POINT (13.399459319000073 52.498412283000050)","Unfall 202382 (2018) Kat:3, Licht: 0","202382","3","3","5","06","16","4","0","0","1","1","0","0"
"POINT (13.608367832000056 52.542981732000044)","Unfall 202383 (2018) Kat:3, Licht: 0","202383","3","3","5","06","07","6","0","0","1","1","0","0"
"POINT (13.403693456000042 52.503360283000063)","Unfall 202384 (2018) Kat:3, Licht: 0","202384","3","2","5","06","20","7","0","0","1","1","0","0"
"POINT (13.303789453000036 52.459112642000036)","Unfall 202385 (2018) Kat:3, Licht: 0","202385","3","2","5","06","17","4","0","0","1","1","0","0"
"POINT (13.305767490000051 52.479743044000031)","Unfall 202386 (2018) Kat:3, Licht: 0","202386","3","2","0","06","15","4","0","0","1","0","0","0"
"POINT (13.451668369000060 52.617526895000026)","Unfall 202387 (2018) Kat:2, Licht: 0","202387","2","6","2","06","15","6","0","0","1","0","0","0"
"POINT (13.441663942000048 52.482860534000054)","Unfall 202388 (2018) Kat:3, Licht: 0","202388","3","2","2","06","17","4","0","0","1","1","0","0"
"POINT (13.278743166000027 52.430939753000075)","Unfall 202389 (2018) Kat:3, Licht: 0","202389","3","2","2","06","15","4","0","0","0","1","0","0"
"POINT (13.459655932000032 52.585405269000034)","Unfall 202390 (2018) Kat:2, Licht: 0","202390","2","6","2","06","18","4","0","0","0","1","0","0"
"POINT (13.452265324000052 52.452545201000078)","Unfall 202391 (2018) Kat:3, Licht: 0","202391","3","6","2","07","15","1","0","0","0","1","0","0"
"POINT (13.371051928000043 52.545734045000074)","Unfall 202392 (2018) Kat:3, Licht: 0","202392","3","1","0","06","19","4","0","0","0","0","0","0"
"POINT (13.359620835000044 52.475190826000073)","Unfall 202393 (2018) Kat:3, Licht: 0","202393","3","6","2","06","17","7","0","0","0","1","0","0"
"POINT (13.377889435000043 52.465867631000037)","Unfall 202394 (2018) Kat:3, Licht: 0","202394","3","2","5","06","14","4","0","0","1","1","0","0"
"POINT (13.330752677000021 52.499918506000029)","Unfall 202395 (2018) Kat:3, Licht: 0","202395","3","7","2","06","14","4","0","0","0","1","0","1"
"POINT (13.231566887000042 52.612669629000038)","Unfall 202396 (2018) Kat:3, Licht: 0","202396","3","3","5","06","07","6","0","0","1","1","0","0"
"POINT (13.161253386000055 52.548307041000044)","Unfall 202397 (2018) Kat:3, Licht: 0","202397","3","3","5","06","18","7","0","0","1","1","0","0"
"POINT (13.290359944000045 52.633458059000077)","Unfall 202398 (2018) Kat:3, Licht: 0","202398","3","2","6","06","14","4","0","0","0","1","1","0"
"POINT (13.433414594000055 52.491759096000067)","Unfall 202399 (2018) Kat:3, Licht: 0","202399","3","6","3","06","13","4","0","0","1","1","0","0"
"POINT (13.429891508000026 52.469997820000060)","Unfall 202400 (2018) Kat:2, Licht: 0","202400","2","4","6","06","18","6","0","0","0","1","1","0"
"POINT (13.209763075000069 52.565994373000080)","Unfall 202401 (2018) Kat:3, Licht: 0","202401","3","7","0","06","13","4","0","0","1","0","0","0"
"POINT (13.577335220000066 52.461650612000028)","Unfall 202402 (2018) Kat:3, Licht: 0","202402","3","4","6","07","14","2","0","0","0","0","1","1"
"POINT (13.376837763000026 52.489427071000080)","Unfall 202403 (2018) Kat:3, Licht: 0","202403","3","2","5","06","13","4","0","0","1","1","0","0"
"POINT (13.360346920000040 52.537242260000028)","Unfall 202404 (2018) Kat:3, Licht: 0","202404","3","2","5","06","06","6","0","0","1","1","0","0"
"POINT (13.580363983000041 52.459023086000059)","Unfall 202405 (2018) Kat:3, Licht: 0","202405","3","7","6","06","13","4","0","0","0","1","1","0"
"POINT (13.539523216000077 52.403101416000027)","Unfall 202406 (2018) Kat:3, Licht: 0","202406","3","2","2","07","13","1","0","0","0","1","0","0"