WKT,Name,OBJECTID,UKATEGORIE,UTYP1,UART,UMONAT,USTUNDE,UWOCHENTAG,STRZUSTAND,ULICHTVERH,ISTRAD,ISTPKW,ISTFUSS,ISTKRAD
"POINT (13.207525508000060 52.532666442000050)","Unfall 202407 (2018) Kat:3, Licht: 0","202407","3","2","5","07","18","3","0","0","0","0","0","1"
"POINT (13.156883284000060 52.531243176000032)","Unfall 202408 (2018) Kat:3, Licht: 0","202408","3","7","0","06","13","4","0","0","1","0","0","0"
"POINT (13.410208606000026 52.517485927000052)","Unfall 202409 (2018) Kat:3, Licht: 0","202409","3","2","5","07","18","3","0","0","1","1","0","0"
"POINT (13.578956967000067 52.443740255000080)","Unfall 202410 (2018) Kat:3, Licht: 0","202410","3","2","5","06","14","7","0","0","1","0","0","0"
"POINT (13.557618783000066 52.536345244000074)","Unfall 202411 (2018) Kat:3, Licht: 0","202411","3","3","5","07","18","3","0","0","0","1","0","0"
"POINT (13.558179994000056 52.455742988000054)","Unfall 202412 (2018) Kat:3, Licht: 0","202412","3","3","5","06","13","4","0","0","0","1","0","0"
"POINT (13.379517971000041 52.448157357000071)","Unfall 202413 (2018) Kat:3, Licht: 0","202413","3","4","6","07","18","3","0","0","1","0","1","0"
"POINT (13.383385979000025 52.493502098000079)","Unfall 202414 (2018) Kat:3, Licht: 0","202414","3","3","5","06","19","6","0","0","0","1","0","1"
"POINT (13.341353063000042 52.520672726000043)","Unfall 202415 (2018) Kat:3, Licht: 0","202415","3","7","5","06","10","4","0","0","1","1","0","0"
"POINT (13.305657587000042 52.575106873000038)","Unfall 202416 (2018) Kat:2, Licht: 0","202416","2","2","6","07","09","2","0","0","0","1","1","0"
"POINT (13.416294228000027 52.521647594000058)","Unfall 202417 (2018) Kat:3, Licht: 0","202417","3","6","3","07","17","3","0","0","1","0","0","0"
"POINT (13.342251565000026 52.501815270000066)","Unfall 202418 (2018) Kat:3, Licht: 0","202418","3","4","6","06","12","4","0","0","0","1","1","0"
"POINT (13.379854814000055 52.540176048000035)","Unfall 202419 (2018) Kat:3, Licht: 0","202419","3","3","5","06","15","6","0","0","1","1","0","0"
"POINT (13.165074417000028 52.533493762000035)","Unfall 202420 (2018) Kat:2, Licht: 0","202420","2","3","5","06","12","4","0","0","1","1","0","0"
"POINT (13.561033645000066 52.547473024000055)","Unfall 202421 (2018) Kat:3, Licht: 0","202421","3","4","0","07","12","2","0","0","0","0","1","0"
"POINT (13.527445649000072 52.557510551000064)","Unfall 202422 (2018) Kat:3, Licht: 0","202422","3","2","5","07","18","3","0","0","1","1","0","0"
"POINT (13.323376485000040 52.573860259000071)","Unfall 202423 (2018) Kat:3, Licht: 0","202423","3","5","1","06","12","4","0","0","1","1","0","0"
"POINT (13.405960424000057 52.500496757000064)","Unfall 202424 (2018) Kat:3, Licht: 0","202424","3","3","5","07","18","3","0","0","1","0","0","0"
"POINT (13.558258707000050 52.530303927000034)","Unfall 202425 (2018) Kat:2, Licht: 0","202425","2","3","5","06","06","6","0","0","1","1","0","0"
"POINT (13.373415338000029 52.542204988000037)","Unfall 202426 (2018) Kat:2, Licht: 0","202426","2","3","5","07","20","1","0","0","1","1","0","0"
"POINT (13.315209510000045 52.541191253000079)","Unfall 202427 (2018) Kat:3, Licht: 0","202427","3","2","2","07","19","3","0","0","1","1","0","0"
"POINT (13.305661282000074 52.505680429000051)","Unfall 202428 (2018) Kat:2, Licht: 0","202428","2","7","6","06","11","4","0","0","0","0","1","0"
"POINT (13.452535855000065 52.504524768000067)","Unfall 202429 (2018) Kat:3, Licht: 0","202429","3","3","5","07","17","3","0","0","0","1","0","0"
"POINT (13.301004591000037 52.440113481000026)","Unfall 202430 (2018) Kat:3, Licht: 0","202430","3","3","5","06","10","7","0","0","1","1","0","0"
"POINT (13.397270064000054 52.579952188000050)","Unfall 202431 (2018) Kat:3, Licht: 0","202431","3","3","5","07","17","3","0","0","1","1","0","0"
"POINT (13.455543881000040 52.513544631000059)","Unfall 202432 (2018) Kat:3, Licht: 0","202432","3","2","5","06","10","4","0","0","0","1","0","1"
"POINT (13.198669678000044 52.476169174000063)","Unfall 202433 (2018) Kat:3, Licht: 0","202433","3","6","4","07","16","3","0","0","1","1","0","0"
"POINT (13.423114712000029 52.524095580000051)","Unfall 202434 (2018) Kat:3, Licht: 0","202434","3","1","0","06","13","6","0","0","0","0","0","1"
"POINT (13.393959760000030 52.506933011000058)","Unfall 202435 (2018) Kat:3, Licht: 0","202435","3","6","0","06","09","4","0","0","1","0","0","0"
"POINT (13.498817538000026 52.635210599000061)","Unfall 202436 (2018) Kat:3, Licht: 0","202436","3","3","5","07","07","2","0","0","1","1","0","0"
"POINT (13.317707449000068 52.470672096000044)","Unfall 202437 (2018) Kat:3, Licht: 0","202437","3","5","1","07","15","3","0","0","1","1","0","0"
"POINT (13.409018703000072 52.524152323000067)","Unfall 202438 (2018) Kat:3, Licht: 0","202438","3","2","5","06","09","4","0","0","1","0","0","0"
"POINT (13.340945140000031 52.525601432000030)","Unfall 202439 (2018) Kat:3, Licht: 0","202439","3","4","6","07","15","3","0","0","0","1","1","0"
"POINT (13.236171125000055 52.539499719000048)","Unfall 202440 (2018) Kat:3, Licht: 2","202440","3","1","1","06","03","6","0","2","0","1","0","0"
"POINT (13.604463082000052 52.538674515000082)","Unfall 202441 (2018) Kat:3, Licht: 2","202441","3","2","5","06","22","7","0","2","0","1","0","0"
"POINT (13.298617654000054 52.495343037000055)","Unfall 202442 (2018) Kat:3, Licht: 0","202442","3","5","1","07","15","3","0","0","1","0","0","0"
"POINT (13.435716539000055 52.452647807000062)","Unfall 202443 (2018) Kat:3, Licht: 0","202443","3","2","5","06","08","4","0","0","1","0","0","0"
"POINT (13.353432935000058 52.492578467000044)","Unfall 202444 (2018) Kat:3, Licht: 0","202444","3","5","1","07","15","3","0","0","1","1","0","0"
"POINT (13.346027126000024 52.591349831000059)","Unfall 202445 (2018) Kat:3, Licht: 0","202445","3","6","2","06","08","4","0","0","0","1","0","0"
"POINT (13.381661978000068 52.511107927000069)","Unfall 202446 (2018) Kat:3, Licht: 0","202446","3","3","5","07","15","3","0","0","1","1","0","0"
"POINT (13.475785505000033 52.619585360000031)","Unfall 202447 (2018) Kat:3, Licht: 0","202447","3","3","5","06","18","6","0","0","1","1","0","0"
"POINT (13.385414650000030 52.465733418000070)","Unfall 202448 (2018) Kat:2, Licht: 0","202448","2","3","5","07","07","1","0","0","0","1","0","0"
"POINT (13.453242046000071 52.471491675000038)","Unfall 202449 (2018) Kat:3, Licht: 0","202449","3","5","1","07","14","3","0","0","0","1","0","0"
"POINT (13.395869004000076 52.497899557000039)","Unfall 202450 (2018) Kat:3, Licht: 0","202450","3","2","5","06","08","4","0","0","1","0","0","0"
"POINT (13.413734508000061 52.511323112000071)","Unfall 202451 (2018) Kat:3, Licht: 0","202451","3","3","5","07","14","3","0","0","1","1","0","0"
"POINT (13.382235360000038 52.489889418000075)","Unfall 202452 (2018) Kat:3, Licht: 0","202452","3","2","5","06","07","7","0","0","1","1","0","0"
"POINT (13.303514395000036 52.415725826000028)","Unfall 202453 (2018) Kat:3, Licht: 0","202453","3","6","2","07","14","3","0","0","0","1","0","0"
"POINT (13.413637569000059 52.511289243000078)","Unfall 202454 (2018) Kat:3, Licht: 0","202454","3","3","5","06","07","4","0","0","1","1","0","0"
"POINT (13.514784025000040 52.469078180000054)","Unfall 202455 (2018) Kat:3, Licht: 0","202455","3","6","2","07","18","3","0","0","0","1","0","0"
"POINT (13.632142884000075 52.511677582000061)","Unfall 202456 (2018) Kat:2, Licht: 0","202456","2","3","5","06","07","4","0","0","1","1","0","0"
"POINT (13.442344968000043 52.490009215000043)","Unfall 202457 (2018) Kat:3, Licht: 0","202457","3","3","5","06","11","6","0","0","1","1","0","0"
"POINT (13.502206423000075 52.513204471000051)","Unfall 202458 (2018) Kat:3, Licht: 0","202458","3","1","0","06","06","4","0","0","1","1","0","0"
"POINT (13.379433418000076 52.445273737000036)","Unfall 202459 (2018) Kat:3, Licht: 2","202459","3","1","0","07","00","2","0","2","0","1","0","1"
"POINT (13.247591405000037 52.467485953000050)","Unfall 202460 (2018) Kat:2, Licht: 0","202460","2","2","5","07","14","3","0","0","0","1","0","0"
"POINT (13.394406193000066 52.506895183000040)","Unfall 202461 (2018) Kat:3, Licht: 2","202461","3","3","5","06","00","4","0","2","0","1","0","0"
"POINT (13.315447643000027 52.577832926000042)","Unfall 202462 (2018) Kat:3, Licht: 0","202462","3","2","5","07","17","3","0","0","0","1","0","0"
"POINT (13.326337334000073 52.502816371000051)","Unfall 202463 (2018) Kat:3, Licht: 2","202463","3","6","2","06","22","6","0","2","0","1","0","0"
"POINT (13.429530292000038 52.523101600000075)","Unfall 202464 (2018) Kat:3, Licht: 0","202464","3","2","5","06","19","7","0","0","1","1","0","0"
"POINT (13.502066981000041 52.534354679000046)","Unfall 202465 (2018) Kat:3, Licht: 0","202465","3","6","2","07","15","3","0","0","0","1","0","0"
"POINT (13.200720391000061 52.538378031000036)","Unfall 202466 (2018) Kat:3, Licht: 0","202466","3","6","2","06","09","3","0","0","0","1","0","0"
"POINT (13.207844141000066 52.554359080000040)","Unfall 202467 (2018) Kat:2, Licht: 0","202467","2","6","0","07","14","3","0","0","0","0","0","0"
"POINT (13.425066412000035 52.480785434000040)","Unfall 202468 (2018) Kat:3, Licht: 2","202468","3","3","5","06","21","3","0","2","0","1","0","0"
"POINT (13.315216759000066 52.541187670000056)","Unfall 202469 (2018) Kat:3, Licht: 0","202469","3","2","2","06","16","6","0","0","0","1","0","1"
"POINT (13.361565807000034 52.547944858000051)","Unfall 202470 (2018) Kat:2, Licht: 0","202470","2","2","5","06","19","3","0","0","0","1","0","0"
"POINT (13.218153114000074 52.508724880000045)","Unfall 202471 (2018) Kat:2, Licht: 0","202471","2","2","5","07","12","3","0","0","0","1","0","1"
"POINT (13.543057065000028 52.457554736000077)","Unfall 202472 (2018) Kat:3, Licht: 0","202472","3","6","2","06","18","3","0","0","0","1","0","0"
"POINT (13.314937550000025 52.506301479000058)","Unfall 202473 (2018) Kat:3, Licht: 2","202473","3","5","1","06","22","6","0","2","1","1","0","0"
"POINT (13.309355342000060 52.431574739000041)","Unfall 202474 (2018) Kat:3, Licht: 0","202474","3","4","6","06","19","6","0","0","0","0","1","0"
"POINT (13.351813892000052 52.573657848000039)","Unfall 202475 (2018) Kat:3, Licht: 0","202475","3","2","2","06","18","3","0","0","1","1","0","0"
"POINT (13.438974895000058 52.511485151000045)","Unfall 202476 (2018) Kat:3, Licht: 0","202476","3","4","6","07","12","3","0","0","0","1","1","0"
"POINT (13.338122374000022 52.464456058000053)","Unfall 202477 (2018) Kat:3, Licht: 0","202477","3","5","1","06","17","3","0","0","1","1","0","0"
"POINT (13.410173381000050 52.541199102000064)","Unfall 202478 (2018) Kat:3, Licht: 0","202478","3","7","2","06","10","6","0","0","1","1","0","0"
"POINT (13.418426571000055 52.500078018000067)","Unfall 202479 (2018) Kat:3, Licht: 0","202479","3","7","4","06","10","3","0","0","1","0","0","0"
"POINT (13.482854695000071 52.415971548000073)","Unfall 202480 (2018) Kat:3, Licht: 0","202480","3","3","5","07","18","1","0","0","0","1","0","0"
"POINT (13.346697563000077 52.485028919000058)","Unfall 202481 (2018) Kat:3, Licht: 0","202481","3","5","1","07","12","3","0","0","1","1","0","0"
"POINT (13.371948377000024 52.574731423000060)","Unfall 202482 (2018) Kat:2, Licht: 0","202482","2","2","5","06","17","3","0","0","1","1","0","0"
"POINT (13.395574159000034 52.498344281000072)","Unfall 202483 (2018) Kat:3, Licht: 0","202483","3","2","5","07","12","3","0","0","1","1","0","0"
"POINT (13.228391245000068 52.506876878000071)","Unfall 202484 (2018) Kat:3, Licht: 0","202484","3","2","6","06","13","6","0","0","0","1","1","0"
"POINT (13.426440174000049 52.477654828000027)","Unfall 202485 (2018) Kat:3, Licht: 0","202485","3","6","3","06","18","7","0","0","0","0","0","1"
"POINT (13.377601492000053 52.442588933000081)","Unfall 202486 (2018) Kat:3, Licht: 0","202486","3","6","2","06","17","3","0","0","0","1","0","0"
"POINT (13.209827758000074 52.547986493000053)","Unfall 202487 (2018) Kat:2, Licht: 0","202487","2","4","6","07","13","3","0","0","0","1","1","0"
"POINT (13.476900083000032 52.522983541000031)","Unfall 202488 (2018) Kat:3, Licht: 0","202488","3","7","2","06","16","3","0","0","0","1","0","0"
"POINT (13.446175339000035 52.431711083000039)","Unfall 202489 (2018) Kat:3, Licht: 0","202489","3","7","5","06","19","6","0","0","1","1","0","0"
"POINT (13.414029982000045 52.547607184000071)","Unfall 202490 (2018) Kat:2, Licht: 0","202490","2","3","5","06","16","3","0","0","1","1","0","0"
"POINT (13.564882027000067 52.493241735000026)","Unfall 202491 (2018) Kat:3, Licht: 0","202491","3","2","5","07","13","2","0","0","0","1","0","1"
"POINT (13.280969690000063 52.476830555000049)","Unfall 202492 (2018) Kat:3, Licht: 0","202492","3","3","5","07","13","3","0","0","0","1","0","0"
"POINT (13.493005543000038 52.467758679000042)","Unfall 202493 (2018) Kat:2, Licht: 0","202493","2","3","5","06","16","3","0","0","1","1","0","0"
"POINT (13.330987033000042 52.501447703000053)","Unfall 202494 (2018) Kat:3, Licht: 0","202494","3","6","2","06","14","6","0","0","0","1","0","0"
"POINT (13.427461959000027 52.549770743000067)","Unfall 202495 (2018) Kat:3, Licht: 0","202495","3","3","5","07","07","1","0","0","0","1","0","0"
"POINT (13.519275899000036 52.516433400000039)","Unfall 202496 (2018) Kat:3, Licht: 0","202496","3","2","5","07","11","3","0","0","1","1","0","0"
"POINT (13.379853211000068 52.540177641000071)","Unfall 202497 (2018) Kat:3, Licht: 0","202497","3","3","5","06","15","3","0","0","1","1","0","0"
"POINT (13.390414492000048 52.507365832000062)","Unfall 202498 (2018) Kat:3, Licht: 0","202498","3","4","6","07","10","3","0","0","1","0","1","0"
"POINT (13.401424123000027 52.498430147000079)","Unfall 202499 (2018) Kat:2, Licht: 0","202499","2","7","6","06","15","3","0","0","0","1","1","0"
"POINT (13.514536077000059 52.535291235000045)","Unfall 202500 (2018) Kat:3, Licht: 0","202500","3","6","2","07","14","1","0","0","0","1","0","0"
"POINT (13.559269204000032 52.435197273000028)","Unfall 202501 (2018) Kat:3, Licht: 0","202501","3","6","3","07","10","3","0","0","0","1","0","1"
"POINT (13.290369319000035 52.491626300000064)","Unfall 202502 (2018) Kat:3, Licht: 0","202502","3","3","5","06","14","3","0","0","0","1","0","0"
"POINT (13.326488909000034 52.519306805000042)","Unfall 202503 (2018) Kat:3, Licht: 0","202503","3","2","5","07","10","3","0","0","1","1","0","0"
"POINT (13.484801295000068 52.533632199000067)","Unfall 202504 (2018) Kat:2, Licht: 0","202504","2","4","6","06","16","7","0","0","0","0","1","1"
"POINT (13.427971852000042 52.540046817000075)","Unfall 202505 (2018) Kat:3, Licht: 0","202505","3","2","5","07","09","3","0","0","1","1","0","0"
"POINT (13.387798706000069 52.522484517000066)","Unfall 202506 (2018) Kat:3, Licht: 0","202506","3","3","5","06","13","3","0","0","1","1","0","0"
"POINT (13.433446021000066 52.559243620000075)","Unfall 202507 (2018) Kat:2, Licht: 0","202507","2","6","3","06","15","6","0","0","0","1","0","1"
"POINT (13.326619261000076 52.539447915000039)","Unfall 202508 (2018) Kat:3, Licht: 0","202508","3","6","3","06","12","3","0","0","0","1","0","1"
"POINT (13.315244551000035 52.577916508000044)","Unfall 202509 (2018) Kat:3, Licht: 0","202509","3","2","0","07","10","2","0","0","1","1","0","0"
"POINT (13.207521063000058 52.528863383000044)","Unfall 202510 (2018) Kat:3, Licht: 0","202510","3","2","0","07","09","3","0","0","1","1","0","0"
"POINT (13.292251201000056 52.581064574000038)","Unfall 202511 (2018) Kat:3, Licht: 0","202511","3","6","2","06","12","3","0","0","0","1","0","0"
"POINT (13.607111849000034 52.529884346000074)","Unfall 202512 (2018) Kat:3, Licht: 0","202512","3","3","5","07","08","3","0","0","1","1","0","0"
"POINT (13.278796396000075 52.430903398000055)","Unfall 202513 (2018) Kat:3, Licht: 0","202513","3","6","2","06","10","6","0","0","0","1","0","1"
"POINT (13.541341573000068 52.435494614000049)","Unfall 202514 (2018) Kat:2, Licht: 0","202514","2","2","5","07","13","1","0","0","0","1","0","0"
"POINT (13.310741993000022 52.448066571000027)","Unfall 202515 (2018) Kat:3, Licht: 0","202515","3","2","2","07","08","3","0","0","0","1","0","0"
"POINT (13.519232099000021 52.453997115000050)","Unfall 202516 (2018) Kat:3, Licht: 0","202516","3","3","5","06","11","3","0","0","1","1","0","0"
"POINT (13.211225817000070 52.527360081000040)","Unfall 202517 (2018) Kat:3, Licht: 0","202517","3","2","5","07","08","3","0","0","1","0","0","0"
"POINT (13.337759936000054 52.525277228000050)","Unfall 202518 (2018) Kat:3, Licht: 0","202518","3","3","5","06","09","7","0","0","1","1","0","0"
"POINT (13.311411599000053 52.435652724000079)","Unfall 202519 (2018) Kat:3, Licht: 0","202519","3","3","5","07","07","3","0","0","1","1","0","0"
"POINT (13.341482928000062 52.525534422000078)","Unfall 202520 (2018) Kat:3, Licht: 0","202520","3","7","6","06","10","3","0","0","0","1","1","0"
"POINT (13.204540540000039 52.539799712000047)","Unfall 202521 (2018) Kat:3, Licht: 0","202521","3","6","4","07","07","3","0","0","1","0","0","0"
"POINT (13.345757542000058 52.506690281000033)","Unfall 202522 (2018) Kat:3, Licht: 0","202522","3","6","2","06","13","6","0","0","0","1","0","1"
"POINT (13.308152090000021 52.500036839000074)","Unfall 202523 (2018) Kat:3, Licht: 0","202523","3","5","1","06","12","7","0","0","1","1","0","0"
"POINT (13.489864700000055 52.467804977000071)","Unfall 202524 (2018) Kat:3, Licht: 0","202524","3","3","5","07","07","3","0","0","0","1","0","1"
"POINT (13.301306737000061 52.424130650000052)","Unfall 202525 (2018) Kat:3, Licht: 0","202525","3","4","6","06","08","3","0","0","0","0","1","1"
"POINT (13.576755896000066 52.513233351000054)","Unfall 202526 (2018) Kat:3, Licht: 0","202526","3","3","5","07","07","3","0","0","1","1","0","0"
"POINT (13.325647880000076 52.455501892000029)","Unfall 202527 (2018) Kat:3, Licht: 0","202527","3","3","5","06","10","6","0","0","1","1","0","0"
"POINT (13.452455477000058 52.518403547000048)","Unfall 202528 (2018) Kat:3, Licht: 0","202528","3","2","5","06","07","3","0","0","1","1","0","0"
"POINT (13.307940195000072 52.488532096000029)","Unfall 202529 (2018) Kat:3, Licht: 0","202529","3","2","0","07","08","2","0","0","0","1","0","0"
"POINT (13.324128599000062 52.587628448000032)","Unfall 202530 (2018) Kat:3, Licht: 0","202530","3","2","5","07","07","3","0","0","1","1","0","0"
"POINT (13.392090726000049 52.509583519000046)","Unfall 202531 (2018) Kat:2, Licht: 0","202531","2","3","5","06","07","3","0","0","1","1","0","0"
"POINT (13.474811635000037 52.532820551000043)","Unfall 202532 (2018) Kat:3, Licht: 0","202532","3","6","2","07","07","3","0","0","0","1","0","0"
"POINT (13.334223550000047 52.528714159000060)","Unfall 202533 (2018) Kat:3, Licht: 0","202533","3","1","0","06","07","6","0","0","1","0","0","0"
"POINT (13.475584921000063 52.501445530000069)","Unfall 202534 (2018) Kat:2, Licht: 2","202534","2","3","5","07","00","1","0","2","1","1","0","0"
"POINT (13.468395646000033 52.499664403000054)","Unfall 202535 (2018) Kat:3, Licht: 0","202535","3","2","5","07","07","3","0","0","1","1","0","0"
"POINT (13.363857920000044 52.476695223000036)","Unfall 202536 (2018) Kat:3, Licht: 0","202536","3","5","1","06","07","3","0","0","1","1","0","0"
"POINT (13.324212328000044 52.502256220000049)","Unfall 202537 (2018) Kat:3, Licht: 0","202537","3","6","2","07","12","3","0","0","0","1","0","0"
"POINT (13.209559055000057 52.551700805000053)","Unfall 202538 (2018) Kat:2, Licht: 0","202538","2","3","5","06","04","7","0","0","1","1","0","0"
"POINT (13.369386052000038 52.597383644000047)","Unfall 202539 (2018) Kat:3, Licht: 0","202539","3","3","5","07","06","3","0","0","0","1","0","1"
"POINT (13.304296082000064 52.512903044000041)","Unfall 202540 (2018) Kat:3, Licht: 0","202540","3","4","0","06","17","3","0","0","1","0","1","0"
"POINT (13.401192772000059 52.510416132000046)","Unfall 202541 (2018) Kat:3, Licht: 0","202541","3","2","5","07","09","3","0","0","1","1","0","0"
"POINT (13.326247849000026 52.538015217000066)","Unfall 202542 (2018) Kat:3, Licht: 0","202542","3","2","5","06","06","3","0","0","0","1","0","0"
"POINT (13.527087951000055 52.492143352000028)","Unfall 202543 (2018) Kat:3, Licht: 0","202543","3","2","5","06","11","6","0","0","1","1","0","0"
"POINT (13.329161473000056 52.563485693000075)","Unfall 202544 (2018) Kat:3, Licht: 0","202544","3","6","2","06","15","3","0","0","0","1","0","1"
"POINT (13.360015718000056 52.523561281000070)","Unfall 202545 (2018) Kat:3, Licht: 0","202545","3","6","3","07","19","1","0","0","0","1","0","0"
"POINT (13.440587260000029 52.566897333000043)","Unfall 202546 (2018) Kat:3, Licht: 0","202546","3","6","0","07","07","3","0","0","1","1","0","0"
"POINT (13.333461061000037 52.506755979000047)","Unfall 202547 (2018) Kat:3, Licht: 0","202547","3","6","2","06","17","3","0","0","0","1","0","1"
"POINT (13.576211403000059 52.513142363000043)","Unfall 202548 (2018) Kat:3, Licht: 0","202548","3","6","2","07","07","3","0","0","0","1","0","0"
"POINT (13.325379244000032 52.517924594000078)","Unfall 202549 (2018) Kat:2, Licht: 0","202549","2","5","1","06","07","6","0","0","1","1","0","0"
"POINT (13.452302063000047 52.512497858000074)","Unfall 202550 (2018) Kat:3, Licht: 0","202550","3","2","5","06","18","7","0","0","1","1","0","0"
"POINT (13.414178956000057 52.553617188000032)","Unfall 202551 (2018) Kat:3, Licht: 0","202551","3","6","3","06","09","3","0","0","1","0","0","0"
"POINT (13.453983618000052 52.469203691000075)","Unfall 202552 (2018) Kat:3, Licht: 0","202552","3","3","5","07","07","2","0","0","1","1","0","0"
"POINT (13.348321914000053 52.451987352000060)","Unfall 202553 (2018) Kat:3, Licht: 0","202553","3","5","1","07","07","3","0","0","0","1","0","0"
"POINT (13.313473526000053 52.515187486000059)","Unfall 202554 (2018) Kat:2, Licht: 0","202554","2","3","5","06","16","3","0","0","0","0","0","1"
"POINT (13.395805593000034 52.574897927000052)","Unfall 202555 (2018) Kat:3, Licht: 0","202555","3","5","1","07","08","3","0","0","0","1","0","0"
"POINT (13.480429381000022 52.499100390000081)","Unfall 202556 (2018) Kat:3, Licht: 0","202556","3","3","5","06","06","6","0","0","1","1","0","0"
"POINT (13.486879613000042 52.459489948000055)","Unfall 202557 (2018) Kat:2, Licht: 1","202557","2","4","6","06","21","7","0","1","0","1","1","0"
"POINT (13.326051453000048 52.494458636000047)","Unfall 202558 (2018) Kat:2, Licht: 0","202558","2","4","6","07","08","3","0","0","0","1","1","0"
"POINT (13.389649374000044 52.546605648000082)","Unfall 202559 (2018) Kat:3, Licht: 0","202559","3","7","6","06","14","3","0","0","1","0","1","0"
"POINT (13.345881300000030 52.499991253000076)","Unfall 202560 (2018) Kat:3, Licht: 0","202560","3","1","0","07","09","3","0","0","1","0","0","0"
"POINT (13.353711448000070 52.505553653000050)","Unfall 202561 (2018) Kat:3, Licht: 0","202561","3","2","2","06","09","3","1","0","0","1","0","0"
"POINT (13.458714233000023 52.520454253000082)","Unfall 202562 (2018) Kat:3, Licht: 0","202562","3","3","5","06","07","6","0","0","1","1","0","0"
"POINT (13.609299908000025 52.448910143000035)","Unfall 202563 (2018) Kat:3, Licht: 0","202563","3","2","2","06","15","3","0","0","1","1","0","0"
"POINT (13.430245116000037 52.466231605000075)","Unfall 202564 (2018) Kat:3, Licht: 2","202564","3","3","5","07","23","2","0","2","0","1","0","1"
"POINT (13.161886173000028 52.420719983000026)","Unfall 202565 (2018) Kat:3, Licht: 0","202565","3","1","0","06","16","3","0","0","0","0","0","1"
"POINT (13.424036061000038 52.546151482000027)","Unfall 202566 (2018) Kat:2, Licht: 0","202566","2","1","0","06","09","3","0","0","1","0","0","0"
"POINT (13.281989619000058 52.533818300000064)","Unfall 202567 (2018) Kat:3, Licht: 0","202567","3","6","2","07","16","1","0","0","0","1","0","0"
"POINT (13.414778999000077 52.553563893000046)","Unfall 202568 (2018) Kat:3, Licht: 0","202568","3","4","6","07","16","2","0","0","1","0","1","0"
"POINT (13.510757285000068 52.457248855000046)","Unfall 202569 (2018) Kat:3, Licht: 0","202569","3","5","1","06","20","2","0","0","1","1","0","0"
"POINT (13.491052739000054 52.424521082000069)","Unfall 202570 (2018) Kat:3, Licht: 0","202570","3","6","3","07","07","2","0","0","1","0","0","0"
"POINT (13.315199046000032 52.576556226000037)","Unfall 202571 (2018) Kat:3, Licht: 0","202571","3","2","5","06","09","6","0","0","1","0","0","0"
"POINT (13.538048449000030 52.398182213000041)","Unfall 202572 (2018) Kat:3, Licht: 0","202572","3","7","1","06","17","7","0","0","1","1","0","0"
"POINT (13.320267418000071 52.476691045000052)","Unfall 202573 (2018) Kat:3, Licht: 0","202573","3","2","5","07","20","2","0","0","0","1","0","1"
"POINT (13.388635848000035 52.561404233000076)","Unfall 202574 (2018) Kat:2, Licht: 0","202574","2","6","3","06","08","2","0","0","1","0","0","0"
"POINT (13.207894862000046 52.554033858000082)","Unfall 202575 (2018) Kat:2, Licht: 0","202575","2","2","5","06","20","6","0","0","1","1","0","0"
"POINT (13.203862199000071 52.539902173000030)","Unfall 202576 (2018) Kat:3, Licht: 0","202576","3","2","5","06","20","2","0","0","1","0","0","0"
"POINT (13.397945472000060 52.534931620000066)","Unfall 202577 (2018) Kat:3, Licht: 0","202577","3","2","5","06","20","2","0","0","1","1","0","0"
"POINT (13.351286651000066 52.500187999000048)","Unfall 202578 (2018) Kat:3, Licht: 0","202578","3","7","6","07","18","2","0","0","0","1","1","0"
"POINT (13.413993326000025 52.553628540000034)","Unfall 202579 (2018) Kat:3, Licht: 0","202579","3","6","2","06","20","2","0","0","0","1","0","0"
"POINT (13.559022833000029 52.448641343000077)","Unfall 202580 (2018) Kat:3, Licht: 0","202580","3","1","0","06","18","6","0","0","0","0","0","1"
"POINT (13.391215089000070 52.431927938000058)","Unfall 202581 (2018) Kat:2, Licht: 0","202581","2","2","5","06","20","2","0","0","0","1","0","0"
"POINT (13.438596232000066 52.452564568000071)","Unfall 202582 (2018) Kat:3, Licht: 0","202582","3","6","3","07","14","2","0","0","1","1","0","0"
"POINT (13.367045456000028 52.517426525000076)","Unfall 202583 (2018) Kat:3, Licht: 0","202583","3","7","0","07","18","2","0","0","1","1","0","0"
"POINT (13.333312159000059 52.524377639000079)","Unfall 202584 (2018) Kat:3, Licht: 1","202584","3","7","5","06","20","2","0","1","0","1","0","0"
"POINT (13.266734308000025 52.442263716000070)","Unfall 202585 (2018) Kat:3, Licht: 0","202585","3","6","2","06","14","6","0","0","0","1","0","0"
"POINT (13.316568998000037 52.516252906000034)","Unfall 202586 (2018) Kat:3, Licht: 0","202586","3","3","2","06","19","2","0","0","0","1","0","0"
"POINT (13.295641167000042 52.530516972000044)","Unfall 202587 (2018) Kat:3, Licht: 0","202587","3","6","2","07","14","1","0","0","0","1","0","0"
"POINT (13.384081050000077 52.529745368000079)","Unfall 202588 (2018) Kat:3, Licht: 0","202588","3","1","1","07","18","2","0","0","1","1","0","0"
"POINT (13.200805429000070 52.532188565000070)","Unfall 202589 (2018) Kat:3, Licht: 0","202589","3","6","2","06","18","2","0","0","0","1","0","0"
"POINT (13.363325823000025 52.580759772000079)","Unfall 202590 (2018) Kat:3, Licht: 0","202590","3","2","2","07","17","2","0","0","0","1","0","0"
"POINT (13.390986306000059 52.492401909000080)","Unfall 202591 (2018) Kat:3, Licht: 0","202591","3","2","5","06","14","7","0","0","1","1","0","0"
"POINT (13.361000196000077 52.495925319000037)","Unfall 202592 (2018) Kat:3, Licht: 0","202592","3","2","6","07","16","2","0","0","0","1","1","0"