WKT,Name,OBJECTID,UKATEGORIE,UTYP1,UART,UMONAT,USTUNDE,UWOCHENTAG,STRZUSTAND,ULICHTVERH,ISTRAD,ISTPKW,ISTFUSS,ISTKRAD
"POINT (13.363015916000052 52.548791210000047)","Unfall 202593 (2018) Kat:3, Licht: 0","202593","3","3","5","06","18","2","0","0","0","1","0","0"
"POINT (13.329082114000073 52.567120971000065)","Unfall 202594 (2018) Kat:3, Licht: 0","202594","3","3","5","06","15","6","0","0","0","1","0","1"
"POINT (13.421833094000021 52.526474274000066)","Unfall 202595 (2018) Kat:3, Licht: 0","202595","3","2","5","06","18","2","0","0","1","1","0","0"
"POINT (13.345152576000032 52.489218117000064)","Unfall 202596 (2018) Kat:3, Licht: 0","202596","3","2","2","07","09","2","0","0","1","1","0","0"
"POINT (13.412432771000056 52.537991730000044)","Unfall 202597 (2018) Kat:3, Licht: 0","202597","3","2","5","07","16","2","0","0","1","1","0","0"
"POINT (13.369543566000061 52.591034712000067)","Unfall 202598 (2018) Kat:3, Licht: 0","202598","3","3","5","06","17","2","0","0","1","1","0","0"
"POINT (13.400055510000072 52.529570388000081)","Unfall 202599 (2018) Kat:3, Licht: 0","202599","3","6","3","07","16","2","0","0","0","1","0","1"
"POINT (13.330256779000024 52.513192318000051)","Unfall 202600 (2018) Kat:3, Licht: 0","202600","3","3","5","06","10","6","0","0","1","1","0","0"
"POINT (13.365961067000057 52.604503466000040)","Unfall 202601 (2018) Kat:2, Licht: 0","202601","2","6","2","07","11","1","0","0","0","0","0","1"
"POINT (13.345900054000026 52.498837579000053)","Unfall 202602 (2018) Kat:3, Licht: 0","202602","3","2","0","07","16","2","0","0","0","0","0","0"
"POINT (13.522368132000054 52.428313758000058)","Unfall 202603 (2018) Kat:3, Licht: 0","202603","3","3","5","06","16","2","0","0","0","1","0","0"
"POINT (13.406631685000036 52.513440649000074)","Unfall 202604 (2018) Kat:3, Licht: 0","202604","3","3","5","07","13","2","0","0","1","1","0","0"
"POINT (13.520744867000076 52.460271842000054)","Unfall 202605 (2018) Kat:3, Licht: 0","202605","3","6","4","07","15","2","0","0","1","1","0","0"
"POINT (13.233621447000075 52.438593137000055)","Unfall 202606 (2018) Kat:3, Licht: 0","202606","3","2","0","06","16","2","0","0","1","1","0","0"
"POINT (13.512617859000045 52.415365441000063)","Unfall 202607 (2018) Kat:2, Licht: 0","202607","2","7","6","06","13","6","0","0","0","1","1","0"
"POINT (13.399400546000038 52.498287162000054)","Unfall 202608 (2018) Kat:2, Licht: 2","202608","2","3","5","07","22","1","0","2","0","1","0","0"
"POINT (13.446409567000046 52.498695806000057)","Unfall 202609 (2018) Kat:3, Licht: 0","202609","3","4","6","07","15","2","0","0","1","0","1","0"
"POINT (13.422272259000067 52.413205653000034)","Unfall 202610 (2018) Kat:3, Licht: 0","202610","3","5","1","06","16","2","0","0","0","1","0","0"
"POINT (13.333536826000056 52.469741476000081)","Unfall 202611 (2018) Kat:3, Licht: 0","202611","3","7","5","07","15","2","0","0","0","1","0","1"
"POINT (13.384645772000056 52.591195679000066)","Unfall 202612 (2018) Kat:3, Licht: 0","202612","3","2","2","06","11","7","0","0","0","1","0","0"
"POINT (13.437571260000027 52.482862366000063)","Unfall 202613 (2018) Kat:3, Licht: 0","202613","3","5","1","07","14","2","0","0","1","1","0","0"
"POINT (13.311411716000066 52.570213394000064)","Unfall 202614 (2018) Kat:3, Licht: 0","202614","3","6","2","06","16","2","0","0","0","1","0","0"
"POINT (13.327438207000057 52.428348232000076)","Unfall 202615 (2018) Kat:3, Licht: 0","202615","3","6","3","07","14","2","0","0","1","0","0","0"
"POINT (13.432542906000037 52.605106518000071)","Unfall 202616 (2018) Kat:3, Licht: 0","202616","3","2","5","06","07","6","0","0","1","1","0","0"
"POINT (13.283111351000059 52.432878161000076)","Unfall 202617 (2018) Kat:3, Licht: 0","202617","3","3","5","06","16","2","0","0","0","1","0","1"
"POINT (13.349185487000057 52.469445433000033)","Unfall 202618 (2018) Kat:3, Licht: 0","202618","3","5","1","07","07","2","0","0","1","1","0","0"
"POINT (13.428596709000033 52.583088300000043)","Unfall 202619 (2018) Kat:3, Licht: 0","202619","3","6","2","07","14","2","0","0","1","0","0","0"
"POINT (13.320762984000055 52.486536976000082)","Unfall 202620 (2018) Kat:3, Licht: 0","202620","3","6","1","06","14","2","0","0","0","1","0","0"
"POINT (13.445499746000053 52.499217443000077)","Unfall 202621 (2018) Kat:3, Licht: 0","202621","3","6","2","07","14","2","0","0","0","1","0","0"
"POINT (13.410164910000049 52.502903991000039)","Unfall 202622 (2018) Kat:3, Licht: 0","202622","3","5","1","06","17","5","0","0","1","1","0","0"
"POINT (13.433543159000067 52.445205999000052)","Unfall 202623 (2018) Kat:2, Licht: 1","202623","2","6","3","06","20","7","0","1","1","1","0","0"
"POINT (13.256593373000044 52.428897941000059)","Unfall 202624 (2018) Kat:3, Licht: 0","202624","3","3","5","06","13","2","0","0","1","1","0","0"
"POINT (13.509051103000047 52.452920697000081)","Unfall 202625 (2018) Kat:3, Licht: 0","202625","3","6","2","06","16","6","0","0","1","1","0","0"
"POINT (13.200592522000022 52.538599304000059)","Unfall 202626 (2018) Kat:3, Licht: 0","202626","3","2","0","07","13","4","0","0","1","1","0","0"
"POINT (13.507739797000056 52.545210428000075)","Unfall 202627 (2018) Kat:3, Licht: 0","202627","3","4","6","07","13","4","0","0","0","1","1","0"
"POINT (13.385460028000068 52.550097276000031)","Unfall 202628 (2018) Kat:3, Licht: 0","202628","3","7","5","07","08","7","0","0","0","1","0","0"
"POINT (13.612353222000024 52.511283181000067)","Unfall 202629 (2018) Kat:3, Licht: 0","202629","3","1","0","07","11","4","0","0","1","0","0","0"
"POINT (13.326659895000034 52.516788053000028)","Unfall 202630 (2018) Kat:3, Licht: 0","202630","3","3","5","07","16","6","0","0","1","1","0","0"
"POINT (13.440603590000023 52.516998800000067)","Unfall 202631 (2018) Kat:2, Licht: 0","202631","2","6","3","07","13","6","0","0","1","0","0","0"
"POINT (13.424561897000046 52.484410035000053)","Unfall 202632 (2018) Kat:3, Licht: 0","202632","3","7","5","07","10","4","0","0","0","1","0","0"
"POINT (13.386589806000075 52.517906378000077)","Unfall 202633 (2018) Kat:3, Licht: 0","202633","3","7","6","07","09","6","0","0","0","1","0","0"
"POINT (13.302320244000043 52.547890526000060)","Unfall 202634 (2018) Kat:3, Licht: 0","202634","3","2","5","07","10","4","0","0","0","1","0","0"
"POINT (13.396052045000033 52.538214502000073)","Unfall 202635 (2018) Kat:3, Licht: 0","202635","3","2","2","07","11","6","0","0","1","1","0","0"
"POINT (13.380763060000049 52.492680795000069)","Unfall 202636 (2018) Kat:3, Licht: 0","202636","3","5","1","07","09","4","0","0","1","1","0","0"
"POINT (13.414136986000074 52.498579360000065)","Unfall 202637 (2018) Kat:3, Licht: 2","202637","3","3","5","07","02","6","0","2","0","1","0","0"
"POINT (13.232776977000071 52.528258033000043)","Unfall 202638 (2018) Kat:3, Licht: 0","202638","3","5","1","07","07","6","0","0","1","1","0","0"
"POINT (13.364406118000034 52.526721587000054)","Unfall 202639 (2018) Kat:3, Licht: 0","202639","3","3","5","07","08","4","0","0","0","1","0","1"
"POINT (13.429635957000073 52.523240373000078)","Unfall 202640 (2018) Kat:3, Licht: 2","202640","3","2","5","07","02","6","0","2","0","1","0","0"
"POINT (13.282068639000045 52.533802664000063)","Unfall 202641 (2018) Kat:3, Licht: 0","202641","3","6","2","07","15","6","0","0","0","1","0","0"
"POINT (13.435285950000036 52.434245053000041)","Unfall 202642 (2018) Kat:3, Licht: 0","202642","3","7","1","07","08","4","0","0","0","1","0","0"
"POINT (13.352534363000075 52.509640655000055)","Unfall 202643 (2018) Kat:3, Licht: 2","202643","3","7","0","07","00","6","0","2","1","0","0","0"
"POINT (13.490817121000077 52.543152832000033)","Unfall 202644 (2018) Kat:3, Licht: 0","202644","3","1","0","07","16","4","0","0","0","0","0","1"
"POINT (13.522330555000053 52.428563126000029)","Unfall 202645 (2018) Kat:3, Licht: 2","202645","3","3","5","07","22","6","0","2","1","1","0","0"
"POINT (13.307414808000033 52.488508231000026)","Unfall 202646 (2018) Kat:3, Licht: 0","202646","3","2","5","07","17","6","0","0","0","1","0","0"
"POINT (13.395205079000050 52.496170128000074)","Unfall 202647 (2018) Kat:3, Licht: 2","202647","3","2","5","07","23","4","1","2","1","1","0","0"
"POINT (13.373201944000073 52.477103942000042)","Unfall 202648 (2018) Kat:3, Licht: 1","202648","3","6","4","07","20","6","0","1","1","1","0","0"
"POINT (13.332456253000032 52.504132151000078)","Unfall 202649 (2018) Kat:3, Licht: 0","202649","3","6","3","07","06","4","0","0","0","1","0","0"
"POINT (13.405694643000061 52.530199042000049)","Unfall 202650 (2018) Kat:3, Licht: 0","202650","3","5","1","07","20","6","0","0","1","1","0","0"
"POINT (13.475214063000067 52.501610459000062)","Unfall 202651 (2018) Kat:3, Licht: 2","202651","3","3","5","07","22","4","1","2","1","1","0","0"
"POINT (13.496642929000075 52.539484555000058)","Unfall 202652 (2018) Kat:3, Licht: 0","202652","3","3","5","07","19","6","0","0","1","1","0","0"
"POINT (13.444392607000054 52.492940682000039)","Unfall 202653 (2018) Kat:3, Licht: 1","202653","3","3","5","07","19","6","0","1","0","1","0","1"
"POINT (13.447539466000023 52.476066390000028)","Unfall 202654 (2018) Kat:3, Licht: 0","202654","3","3","5","07","06","4","0","0","0","1","0","0"
"POINT (13.426437004000036 52.487370126000030)","Unfall 202655 (2018) Kat:2, Licht: 0","202655","2","5","1","07","19","6","0","0","1","1","0","0"
"POINT (13.328569179000056 52.473468034000064)","Unfall 202656 (2018) Kat:3, Licht: 0","202656","3","2","5","07","19","6","0","0","1","1","0","0"
"POINT (13.493309974000056 52.534134778000066)","Unfall 202657 (2018) Kat:3, Licht: 0","202657","3","1","0","07","05","4","1","0","0","0","0","1"
"POINT (13.397923286000037 52.498251936000031)","Unfall 202658 (2018) Kat:3, Licht: 0","202658","3","3","5","07","19","6","0","0","1","0","0","0"
"POINT (13.519475942000042 52.522788045000027)","Unfall 202659 (2018) Kat:3, Licht: 0","202659","3","1","0","07","05","4","1","0","0","0","0","1"
"POINT (13.414522051000063 52.500118983000050)","Unfall 202660 (2018) Kat:3, Licht: 2","202660","3","3","5","07","00","4","1","2","1","1","0","0"
"POINT (13.338849252000045 52.451040651000028)","Unfall 202661 (2018) Kat:3, Licht: 0","202661","3","2","0","07","18","6","0","0","0","1","0","1"
"POINT (13.401293836000036 52.414504983000029)","Unfall 202662 (2018) Kat:3, Licht: 2","202662","3","2","5","07","00","4","1","2","0","1","0","0"
"POINT (13.326859350000063 52.562524474000043)","Unfall 202663 (2018) Kat:3, Licht: 1","202663","3","3","5","07","20","4","0","1","1","1","0","0"
"POINT (13.315467052000031 52.449395107000043)","Unfall 202664 (2018) Kat:3, Licht: 0","202664","3","6","2","07","16","6","0","0","1","0","0","0"
"POINT (13.486634602000038 52.544240399000046)","Unfall 202665 (2018) Kat:3, Licht: 0","202665","3","5","4","07","17","6","0","0","1","1","0","0"
"POINT (13.304437973000063 52.488469470000041)","Unfall 202666 (2018) Kat:3, Licht: 0","202666","3","3","5","07","17","4","1","0","0","1","0","1"
"POINT (13.367971145000070 52.557290016000081)","Unfall 202667 (2018) Kat:3, Licht: 0","202667","3","1","1","07","16","6","0","0","1","1","0","0"
"POINT (13.593535694000025 52.446344279000073)","Unfall 202668 (2018) Kat:3, Licht: 0","202668","3","3","5","07","17","4","0","0","0","1","0","0"
"POINT (13.430498919000058 52.551770530000056)","Unfall 202669 (2018) Kat:3, Licht: 0","202669","3","2","5","07","16","4","0","0","1","1","0","0"
"POINT (13.508726960000047 52.452617736000036)","Unfall 202670 (2018) Kat:3, Licht: 0","202670","3","2","3","07","16","6","0","0","1","1","0","0"
"POINT (13.319837965000033 52.468807040000058)","Unfall 202671 (2018) Kat:3, Licht: 0","202671","3","3","5","07","16","4","1","0","0","1","0","0"
"POINT (13.353556811000033 52.516354916000068)","Unfall 202672 (2018) Kat:3, Licht: 0","202672","3","6","2","07","16","4","1","0","0","1","0","1"
"POINT (13.342567974000076 52.464682624000034)","Unfall 202673 (2018) Kat:3, Licht: 0","202673","3","3","5","07","16","6","0","0","1","1","0","0"
"POINT (13.361292385000070 52.412594989000070)","Unfall 202674 (2018) Kat:3, Licht: 0","202674","3","2","2","07","16","4","1","0","0","1","0","0"
"POINT (13.414279304000047 52.572139011000047)","Unfall 202675 (2018) Kat:3, Licht: 0","202675","3","2","5","07","15","6","0","0","0","1","0","1"
"POINT (13.389852437000059 52.510625776000040)","Unfall 202676 (2018) Kat:3, Licht: 0","202676","3","5","1","07","16","4","1","0","1","1","0","0"
"POINT (13.360897160000036 52.523840711000048)","Unfall 202677 (2018) Kat:3, Licht: 0","202677","3","6","3","07","15","6","0","0","1","1","0","0"
"POINT (13.431926600000054 52.515092368000069)","Unfall 202678 (2018) Kat:3, Licht: 0","202678","3","2","6","07","16","4","0","0","0","1","1","0"
"POINT (13.468282963000036 52.546546389000071)","Unfall 202679 (2018) Kat:3, Licht: 0","202679","3","2","6","07","15","6","0","0","0","1","1","0"
"POINT (13.202114487000074 52.534977693000030)","Unfall 202680 (2018) Kat:3, Licht: 0","202680","3","3","5","07","16","4","1","0","0","1","0","1"
"POINT (13.402609947000030 52.554236911000032)","Unfall 202681 (2018) Kat:3, Licht: 0","202681","3","3","5","07","15","6","0","0","1","0","0","1"
"POINT (13.506482242000061 52.508752344000072)","Unfall 202682 (2018) Kat:3, Licht: 0","202682","3","2","5","07","16","4","0","0","0","1","0","0"
"POINT (13.296000808000031 52.482219605000068)","Unfall 202683 (2018) Kat:3, Licht: 0","202683","3","7","2","07","16","4","1","0","1","1","0","0"
"POINT (13.315761518000045 52.567089676000080)","Unfall 202684 (2018) Kat:3, Licht: 0","202684","3","6","2","07","15","6","0","0","0","1","0","0"
"POINT (13.302039794000052 52.507884111000067)","Unfall 202685 (2018) Kat:2, Licht: 2","202685","2","4","6","07","22","4","1","2","0","1","1","0"
"POINT (13.181219506000048 52.548262222000062)","Unfall 202686 (2018) Kat:2, Licht: 0","202686","2","6","2","07","19","4","0","0","0","1","0","0"
"POINT (13.378389015000039 52.424646305000067)","Unfall 202687 (2018) Kat:3, Licht: 0","202687","3","2","2","07","14","6","0","0","0","1","0","0"
"POINT (13.415507760000025 52.559901803000059)","Unfall 202688 (2018) Kat:3, Licht: 0","202688","3","5","1","07","18","4","1","0","1","1","0","0"
"POINT (13.524891475000061 52.459191817000033)","Unfall 202689 (2018) Kat:2, Licht: 0","202689","2","4","6","07","14","6","0","0","1","0","1","0"
"POINT (13.410123451000061 52.533536850000075)","Unfall 202690 (2018) Kat:3, Licht: 0","202690","3","6","2","07","12","6","0","0","1","1","0","0"
"POINT (13.562211720000050 52.437037737000026)","Unfall 202691 (2018) Kat:3, Licht: 2","202691","3","1","8","07","22","4","0","2","0","0","0","1"
"POINT (13.447558291000064 52.498030795000034)","Unfall 202692 (2018) Kat:3, Licht: 0","202692","3","5","1","07","12","6","0","0","1","0","0","0"
"POINT (13.472332208000068 52.504230867000047)","Unfall 202693 (2018) Kat:3, Licht: 0","202693","3","3","5","07","07","3","0","0","1","1","0","0"
"POINT (13.359468771000024 52.523292337000044)","Unfall 202694 (2018) Kat:3, Licht: 0","202694","3","2","5","07","18","3","0","0","1","1","0","0"
"POINT (13.454391631000021 52.540148289000058)","Unfall 202695 (2018) Kat:3, Licht: 0","202695","3","3","5","07","12","6","0","0","1","1","0","0"
"POINT (13.419511820000025 52.525198442000033)","Unfall 202696 (2018) Kat:3, Licht: 2","202696","3","2","5","07","23","3","1","2","1","0","0","0"
"POINT (13.322003696000024 52.456596469000033)","Unfall 202697 (2018) Kat:3, Licht: 0","202697","3","6","0","07","19","6","0","0","0","1","0","0"
"POINT (13.326796264000052 52.508682925000073)","Unfall 202698 (2018) Kat:3, Licht: 0","202698","3","2","5","07","15","3","0","0","1","1","0","0"
"POINT (13.356470653000031 52.525569205000068)","Unfall 202699 (2018) Kat:3, Licht: 0","202699","3","3","5","07","18","6","0","0","0","1","0","0"
"POINT (13.181295052000053 52.534061548000068)","Unfall 202700 (2018) Kat:3, Licht: 0","202700","3","6","2","07","19","6","0","0","0","1","0","0"
"POINT (13.376975351000056 52.501963299000067)","Unfall 202701 (2018) Kat:2, Licht: 0","202701","2","2","5","07","14","3","0","0","1","0","0","0"
"POINT (13.494590451000022 52.489256951000073)","Unfall 202702 (2018) Kat:3, Licht: 0","202702","3","6","2","07","19","6","0","0","0","1","0","0"
"POINT (13.442663789000051 52.501171789000068)","Unfall 202703 (2018) Kat:3, Licht: 0","202703","3","5","1","07","19","6","0","0","1","1","0","0"
"POINT (13.433526459000063 52.478477158000032)","Unfall 202704 (2018) Kat:3, Licht: 0","202704","3","5","5","07","11","3","0","0","0","1","0","0"
"POINT (13.526416352000069 52.460306901000081)","Unfall 202705 (2018) Kat:3, Licht: 0","202705","3","5","1","07","21","6","0","0","0","1","0","0"
"POINT (13.319289431000072 52.413042059000077)","Unfall 202706 (2018) Kat:3, Licht: 0","202706","3","2","5","07","11","3","0","0","1","1","0","0"
"POINT (13.360516967000024 52.596914227000070)","Unfall 202707 (2018) Kat:3, Licht: 0","202707","3","2","5","07","11","5","0","0","0","1","0","0"
"POINT (13.383587548000037 52.503575800000078)","Unfall 202708 (2018) Kat:3, Licht: 0","202708","3","5","1","07","10","3","0","0","0","0","0","1"
"POINT (13.475274071000058 52.511708520000070)","Unfall 202709 (2018) Kat:3, Licht: 2","202709","3","6","2","07","00","5","0","2","1","0","0","1"
"POINT (13.323299354000028 52.560642238000071)","Unfall 202710 (2018) Kat:3, Licht: 0","202710","3","6","3","07","09","5","0","0","0","1","0","0"
"POINT (13.426589353000054 52.543822498000054)","Unfall 202711 (2018) Kat:3, Licht: 0","202711","3","3","5","07","09","3","0","0","1","1","0","0"
"POINT (13.501099769000064 52.560784169000044)","Unfall 202712 (2018) Kat:3, Licht: 0","202712","3","7","5","07","14","5","0","0","0","1","0","1"
"POINT (13.349020780000046 52.514741765000053)","Unfall 202713 (2018) Kat:3, Licht: 0","202713","3","6","2","07","11","5","0","0","0","1","0","0"
"POINT (13.291333183000063 52.458048128000030)","Unfall 202714 (2018) Kat:3, Licht: 0","202714","3","7","1","07","09","3","0","0","0","1","0","0"
"POINT (13.403511106000053 52.523147528000038)","Unfall 202715 (2018) Kat:3, Licht: 0","202715","3","4","6","07","11","5","0","0","0","1","1","0"
"POINT (13.354618297000059 52.543860987000073)","Unfall 202716 (2018) Kat:3, Licht: 0","202716","3","6","2","07","10","5","0","0","0","1","0","0"
"POINT (13.200431521000041 52.549869808000039)","Unfall 202717 (2018) Kat:3, Licht: 0","202717","3","6","2","07","08","3","0","0","0","0","0","1"
"POINT (13.533820797000033 52.524100757000042)","Unfall 202718 (2018) Kat:2, Licht: 0","202718","2","3","5","07","09","5","0","0","1","1","0","0"
"POINT (13.419656684000074 52.496484107000072)","Unfall 202719 (2018) Kat:3, Licht: 0","202719","3","2","2","07","08","3","0","0","0","1","0","0"
"POINT (13.501895792000028 52.569183731000066)","Unfall 202720 (2018) Kat:3, Licht: 0","202720","3","5","1","07","19","1","0","0","1","1","0","0"
"POINT (13.296718970000029 52.548124513000062)","Unfall 202721 (2018) Kat:3, Licht: 0","202721","3","2","5","07","08","3","0","0","0","1","0","0"
"POINT (13.467752940000025 52.496330337000074)","Unfall 202722 (2018) Kat:3, Licht: 0","202722","3","7","5","07","09","5","0","0","1","1","0","0"
"POINT (13.358260493000046 52.498478585000043)","Unfall 202723 (2018) Kat:2, Licht: 0","202723","2","1","9","07","21","1","0","0","0","1","0","0"
"POINT (13.315274944000066 52.514741087000061)","Unfall 202724 (2018) Kat:3, Licht: 0","202724","3","2","5","07","09","5","0","0","1","1","0","0"
"POINT (13.426591768000037 52.476557500000069)","Unfall 202725 (2018) Kat:3, Licht: 2","202725","3","7","0","07","03","1","0","2","1","0","0","0"
"POINT (13.452352330000053 52.512489588000051)","Unfall 202726 (2018) Kat:3, Licht: 0","202726","3","2","5","07","08","3","0","0","1","1","0","0"
"POINT (13.405359692000047 52.512374077000061)","Unfall 202727 (2018) Kat:3, Licht: 0","202727","3","7","1","07","08","5","0","0","1","1","0","0"
"POINT (13.571300864000023 52.451545822000071)","Unfall 202728 (2018) Kat:3, Licht: 0","202728","3","6","2","07","08","3","0","0","0","1","0","0"
"POINT (13.376961234000078 52.560758316000033)","Unfall 202729 (2018) Kat:3, Licht: 0","202729","3","3","5","07","14","1","0","0","0","1","0","0"
"POINT (13.516975722000041 52.461780078000061)","Unfall 202730 (2018) Kat:3, Licht: 0","202730","3","2","0","07","14","7","0","0","1","1","0","0"
"POINT (13.464565754000034 52.470309642000075)","Unfall 202731 (2018) Kat:3, Licht: 0","202731","3","6","2","07","05","3","0","0","0","1","0","0"
"POINT (13.436558269000045 52.592493865000051)","Unfall 202732 (2018) Kat:3, Licht: 0","202732","3","3","5","07","06","5","0","0","1","1","0","0"
"POINT (13.335602340000037 52.467800116000035)","Unfall 202733 (2018) Kat:3, Licht: 0","202733","3","5","1","07","05","3","0","0","0","1","0","1"
"POINT (13.402559019000023 52.529852818000052)","Unfall 202734 (2018) Kat:2, Licht: 0","202734","2","4","6","07","12","7","0","0","0","1","1","0"
"POINT (13.249645298000075 52.515572636000059)","Unfall 202735 (2018) Kat:3, Licht: 2","202735","3","3","5","07","22","7","0","2","1","1","0","0"
"POINT (13.331001520000029 52.506772001000058)","Unfall 202736 (2018) Kat:3, Licht: 0","202736","3","7","2","07","15","3","0","0","0","0","0","0"
"POINT (13.343334179000067 52.528960583000071)","Unfall 202737 (2018) Kat:2, Licht: 0","202737","2","3","5","07","14","5","0","0","1","1","0","0"
"POINT (13.309479951000071 52.510256255000058)","Unfall 202738 (2018) Kat:2, Licht: 0","202738","2","3","5","07","11","3","0","0","1","1","0","0"
"POINT (13.422012898000048 52.499178018000066)","Unfall 202739 (2018) Kat:3, Licht: 1","202739","3","7","5","07","20","7","0","1","1","1","0","0"
"POINT (13.325951647000068 52.509281750000071)","Unfall 202740 (2018) Kat:2, Licht: 0","202740","2","2","5","07","13","3","0","0","0","1","0","0"
"POINT (13.238134662000050 52.542457558000081)","Unfall 202741 (2018) Kat:2, Licht: 0","202741","2","6","4","07","07","5","0","0","0","1","0","0"
"POINT (13.454334808000056 52.452913763000026)","Unfall 202742 (2018) Kat:2, Licht: 0","202742","2","3","6","07","09","3","0","0","0","1","1","0"
"POINT (13.394556172000023 52.491971293000063)","Unfall 202743 (2018) Kat:3, Licht: 0","202743","3","5","1","07","19","7","0","0","1","1","0","0"
"POINT (13.572695713000030 52.549923172000035)","Unfall 202744 (2018) Kat:3, Licht: 0","202744","3","6","2","07","14","5","0","0","0","1","0","0"
"POINT (13.454080577000070 52.479725053000038)","Unfall 202745 (2018) Kat:3, Licht: 0","202745","3","2","5","07","18","7","0","0","0","1","0","1"
"POINT (13.455640612000025 52.473969540000041)","Unfall 202746 (2018) Kat:2, Licht: 0","202746","2","1","4","07","09","3","0","0","0","1","0","0"
"POINT (13.278097321000075 52.506734146000042)","Unfall 202747 (2018) Kat:3, Licht: 0","202747","3","3","0","07","09","5","0","0","0","1","0","0"
"POINT (13.445557221000058 52.534597392000080)","Unfall 202748 (2018) Kat:3, Licht: 0","202748","3","3","5","07","12","3","0","0","1","1","0","0"
"POINT (13.540247985000065 52.525948835000065)","Unfall 202749 (2018) Kat:3, Licht: 0","202749","3","2","5","07","18","7","0","0","1","1","0","0"
"POINT (13.354662904000065 52.429152186000067)","Unfall 202750 (2018) Kat:3, Licht: 0","202750","3","2","5","07","16","7","0","0","0","1","0","0"
"POINT (13.274836809000021 52.500908002000074)","Unfall 202751 (2018) Kat:2, Licht: 0","202751","2","6","3","07","08","3","0","0","0","1","0","1"
"POINT (13.186590610000053 52.425655101000075)","Unfall 202752 (2018) Kat:3, Licht: 2","202752","3","1","8","07","00","5","0","2","0","1","0","0"
"POINT (13.281272333000061 52.500793816000055)","Unfall 202753 (2018) Kat:3, Licht: 0","202753","3","1","0","07","14","3","0","0","1","0","0","0"
"POINT (13.454148372000077 52.474839726000027)","Unfall 202754 (2018) Kat:3, Licht: 0","202754","3","6","3","07","14","7","0","0","1","0","0","0"
"POINT (13.519148385000051 52.511305693000054)","Unfall 202755 (2018) Kat:3, Licht: 2","202755","3","7","0","07","03","5","0","2","1","0","0","0"
"POINT (13.400945665000052 52.498425822000058)","Unfall 202756 (2018) Kat:2, Licht: 2","202756","2","6","2","07","22","3","0","2","0","1","0","0"
"POINT (13.454799703000049 52.510184395000067)","Unfall 202757 (2018) Kat:2, Licht: 0","202757","2","1","0","07","10","5","0","0","1","0","0","0"
"POINT (13.395340049000026 52.539244660000065)","Unfall 202758 (2018) Kat:3, Licht: 0","202758","3","4","6","07","14","7","0","0","0","1","1","0"
"POINT (13.260198245000026 52.516802404000032)","Unfall 202759 (2018) Kat:3, Licht: 0","202759","3","7","0","07","12","5","0","0","1","0","0","0"
"POINT (13.469422482000027 52.520377059000054)","Unfall 202760 (2018) Kat:3, Licht: 0","202760","3","3","5","07","13","7","0","0","0","1","0","0"
"POINT (13.548060184000065 52.439220766000062)","Unfall 202761 (2018) Kat:3, Licht: 1","202761","3","5","1","07","21","3","0","1","1","1","0","0"
"POINT (13.464827350000064 52.497687951000046)","Unfall 202762 (2018) Kat:3, Licht: 0","202762","3","6","0","07","19","3","0","0","0","1","0","1"
"POINT (13.336437019000073 52.453482261000033)","Unfall 202763 (2018) Kat:3, Licht: 0","202763","3","6","1","07","18","5","0","0","1","1","0","0"
"POINT (13.291031666000038 52.519103881000035)","Unfall 202764 (2018) Kat:3, Licht: 0","202764","3","6","3","07","18","3","0","0","0","1","0","0"
"POINT (13.210583909000036 52.567357597000068)","Unfall 202765 (2018) Kat:3, Licht: 0","202765","3","6","2","07","13","7","0","0","0","1","0","0"
"POINT (13.247873731000027 52.439105028000029)","Unfall 202766 (2018) Kat:3, Licht: 0","202766","3","5","1","07","19","5","0","0","1","0","0","0"
"POINT (13.303363598000033 52.641228308000052)","Unfall 202767 (2018) Kat:3, Licht: 0","202767","3","3","5","07","13","7","0","0","0","1","0","0"
"POINT (13.356439337000040 52.509803479000027)","Unfall 202768 (2018) Kat:3, Licht: 0","202768","3","2","3","07","17","3","0","0","0","1","0","1"
"POINT (13.442254539000032 52.500907699000038)","Unfall 202769 (2018) Kat:3, Licht: 2","202769","3","2","5","07","22","5","0","2","1","1","0","0"
"POINT (13.215105393000044 52.560756606000041)","Unfall 202770 (2018) Kat:3, Licht: 0","202770","3","2","5","07","17","3","0","0","0","1","0","1"
"POINT (13.178120932000070 52.516845923000062)","Unfall 202771 (2018) Kat:3, Licht: 0","202771","3","6","2","07","12","7","0","0","0","1","0","0"
"POINT (13.580675770000028 52.452034475000062)","Unfall 202772 (2018) Kat:3, Licht: 0","202772","3","3","5","07","10","7","0","0","0","1","0","0"
"POINT (13.300287561000061 52.570052162000081)","Unfall 202773 (2018) Kat:3, Licht: 2","202773","3","3","0","07","22","2","0","2","1","1","0","0"
"POINT (13.295276046000026 52.539434810000046)","Unfall 202774 (2018) Kat:3, Licht: 1","202774","3","6","2","07","21","5","0","1","0","1","0","0"
"POINT (13.465986147000024 52.428962285000068)","Unfall 202775 (2018) Kat:3, Licht: 0","202775","3","3","5","07","20","2","0","0","0","0","0","1"
"POINT (13.389825610000059 52.574271817000067)","Unfall 202776 (2018) Kat:3, Licht: 0","202776","3","2","2","07","20","5","0","0","0","1","0","0"
"POINT (13.332276960000058 52.432973457000060)","Unfall 202777 (2018) Kat:3, Licht: 0","202777","3","6","4","07","09","7","0","0","1","1","0","0"
"POINT (13.501362811000035 52.560062598000059)","Unfall 202778 (2018) Kat:3, Licht: 0","202778","3","7","6","07","15","5","0","0","1","0","1","0"