WKT,Name,OBJECTID,UKATEGORIE,UTYP1,UART,UMONAT,USTUNDE,UWOCHENTAG,STRZUSTAND,ULICHTVERH,ISTRAD,ISTPKW,ISTFUSS,ISTKRAD
"POINT (13.422359501000074 52.499218963000033)","Unfall 202779 (2018) Kat:3, Licht: 0","202779","3","6","3","07","20","2","0","0","1","1","0","0"
"POINT (13.294062730000064 52.609068159000060)","Unfall 202780 (2018) Kat:3, Licht: 0","202780","3","6","2","07","18","5","0","0","0","1","0","0"
"POINT (13.370851500000072 52.492667788000063)","Unfall 202781 (2018) Kat:3, Licht: 0","202781","3","2","5","07","18","5","0","0","1","0","0","0"
"POINT (13.342372764000061 52.434332604000076)","Unfall 202782 (2018) Kat:3, Licht: 0","202782","3","6","2","07","10","7","0","0","0","1","0","0"
"POINT (13.307824950000054 52.488432244000080)","Unfall 202783 (2018) Kat:3, Licht: 0","202783","3","2","5","07","19","2","0","0","1","1","0","0"
"POINT (13.380815502000075 52.516408426000055)","Unfall 202784 (2018) Kat:3, Licht: 0","202784","3","2","2","07","18","5","0","0","0","1","0","0"
"POINT (13.433684300000039 52.523321285000065)","Unfall 202785 (2018) Kat:3, Licht: 0","202785","3","4","6","07","18","2","0","0","1","0","1","0"
"POINT (13.506944355000030 52.496866651000062)","Unfall 202786 (2018) Kat:3, Licht: 0","202786","3","2","5","07","09","7","0","0","1","1","0","0"
"POINT (13.406551633000049 52.565381524000031)","Unfall 202787 (2018) Kat:3, Licht: 0","202787","3","2","5","07","18","2","0","0","1","1","0","0"
"POINT (13.195645845000058 52.539964429000065)","Unfall 202788 (2018) Kat:3, Licht: 0","202788","3","2","5","07","18","5","0","0","0","0","0","1"
"POINT (13.372412139000062 52.538618124000038)","Unfall 202789 (2018) Kat:2, Licht: 0","202789","2","1","0","07","19","5","0","0","1","0","0","0"
"POINT (13.386370036000073 52.555558571000063)","Unfall 202790 (2018) Kat:3, Licht: 0","202790","3","6","2","07","17","2","0","0","0","1","0","1"
"POINT (13.274944589000029 52.460360858000058)","Unfall 202791 (2018) Kat:3, Licht: 0","202791","3","2","5","07","09","7","0","0","1","1","0","0"
"POINT (13.415440840000031 52.522761273000071)","Unfall 202792 (2018) Kat:3, Licht: 2","202792","3","4","6","07","23","7","0","2","1","0","1","0"
"POINT (13.443212291000066 52.571287342000062)","Unfall 202793 (2018) Kat:3, Licht: 0","202793","3","1","8","07","18","5","0","0","0","1","0","0"
"POINT (13.385873543000059 52.516426685000056)","Unfall 202794 (2018) Kat:3, Licht: 0","202794","3","6","2","07","17","2","0","0","0","1","0","0"
"POINT (13.593393876000050 52.409254787000066)","Unfall 202795 (2018) Kat:3, Licht: 2","202795","3","1","0","07","22","5","0","2","0","0","0","1"
"POINT (13.451883281000050 52.503468534000035)","Unfall 202796 (2018) Kat:3, Licht: 2","202796","3","3","5","07","23","7","0","2","0","1","0","0"
"POINT (13.404021316000069 52.448785329000032)","Unfall 202797 (2018) Kat:2, Licht: 0","202797","2","3","5","07","17","5","0","0","0","1","0","0"
"POINT (13.464651423000078 52.497431924000068)","Unfall 202798 (2018) Kat:2, Licht: 0","202798","2","2","5","07","19","7","0","0","0","1","0","1"
"POINT (13.324762842000041 52.527814044000081)","Unfall 202799 (2018) Kat:3, Licht: 0","202799","3","3","5","07","17","2","0","0","0","1","0","1"
"POINT (13.296398104000048 52.529274874000066)","Unfall 202800 (2018) Kat:3, Licht: 0","202800","3","2","5","07","18","5","0","0","0","1","0","0"
"POINT (13.333366888000057 52.560399328000074)","Unfall 202801 (2018) Kat:2, Licht: 0","202801","2","4","6","07","12","7","0","0","0","0","1","1"
"POINT (13.328040505000047 52.479921507000029)","Unfall 202802 (2018) Kat:3, Licht: 0","202802","3","2","5","07","17","5","0","0","1","1","0","0"
"POINT (13.345361279000031 52.554454378000059)","Unfall 202803 (2018) Kat:3, Licht: 2","202803","3","1","9","07","03","7","0","2","0","1","0","0"
"POINT (13.194604774000027 52.533625798000060)","Unfall 202804 (2018) Kat:3, Licht: 0","202804","3","2","6","07","17","2","0","0","0","1","1","0"
"POINT (13.328549916000043 52.464978504000044)","Unfall 202805 (2018) Kat:3, Licht: 0","202805","3","2","0","07","17","5","0","0","1","1","0","0"
"POINT (13.303965457000061 52.551641709000080)","Unfall 202806 (2018) Kat:3, Licht: 0","202806","3","6","3","07","14","2","0","0","1","0","0","0"
"POINT (13.598810945000025 52.538273893000053)","Unfall 202807 (2018) Kat:2, Licht: 2","202807","2","1","9","07","01","7","0","2","0","0","0","1"
"POINT (13.636701213000038 52.450797695000063)","Unfall 202808 (2018) Kat:3, Licht: 0","202808","3","3","5","07","20","2","0","0","0","1","0","0"
"POINT (13.459448279000071 52.507860222000033)","Unfall 202809 (2018) Kat:3, Licht: 0","202809","3","4","6","07","17","5","0","0","0","1","1","0"
"POINT (13.395014280000055 52.493245895000030)","Unfall 202810 (2018) Kat:2, Licht: 0","202810","2","3","5","07","20","2","0","0","1","1","0","0"
"POINT (13.440683626000066 52.517266670000026)","Unfall 202811 (2018) Kat:2, Licht: 0","202811","2","2","5","07","08","6","0","0","1","0","0","0"
"POINT (13.496508390000031 52.533964625000067)","Unfall 202812 (2018) Kat:3, Licht: 0","202812","3","3","5","07","17","5","0","0","1","1","0","0"
"POINT (13.198519786000077 52.548776765000071)","Unfall 202813 (2018) Kat:3, Licht: 0","202813","3","3","1","07","08","6","0","0","0","1","0","0"
"POINT (13.563269888000036 52.541647225000077)","Unfall 202814 (2018) Kat:2, Licht: 0","202814","2","3","5","07","17","2","0","0","0","1","0","1"
"POINT (13.440007447000028 52.486919259000047)","Unfall 202815 (2018) Kat:3, Licht: 0","202815","3","2","5","07","17","5","0","0","1","1","0","0"
"POINT (13.376709856000048 52.489368120000051)","Unfall 202816 (2018) Kat:3, Licht: 0","202816","3","2","5","07","06","6","0","0","1","1","0","0"
"POINT (13.328339470000060 52.534493563000069)","Unfall 202817 (2018) Kat:3, Licht: 0","202817","3","6","2","07","15","5","0","0","0","1","0","0"
"POINT (13.441707460000032 52.469408830000077)","Unfall 202818 (2018) Kat:3, Licht: 0","202818","3","7","2","07","16","6","0","0","1","1","0","0"
"POINT (13.497969550000050 52.549795072000052)","Unfall 202819 (2018) Kat:2, Licht: 0","202819","2","5","1","07","17","2","0","0","1","1","0","0"
"POINT (13.417304535000028 52.515712545000042)","Unfall 202820 (2018) Kat:3, Licht: 0","202820","3","2","5","07","15","5","0","0","1","0","0","0"
"POINT (13.348197741000035 52.481969503000073)","Unfall 202821 (2018) Kat:3, Licht: 0","202821","3","2","5","07","17","2","0","0","1","1","0","0"
"POINT (13.309387348000030 52.506469741000046)","Unfall 202822 (2018) Kat:3, Licht: 2","202822","3","4","6","07","22","6","0","2","1","1","1","0"
"POINT (13.375016840000058 52.477500169000052)","Unfall 202823 (2018) Kat:3, Licht: 0","202823","3","5","1","07","17","6","0","0","0","1","0","0"
"POINT (13.430195514000047 52.510335131000033)","Unfall 202824 (2018) Kat:3, Licht: 0","202824","3","6","3","07","08","2","0","0","1","0","0","0"
"POINT (13.427769585000021 52.481074904000081)","Unfall 202825 (2018) Kat:3, Licht: 0","202825","3","3","0","07","15","5","0","0","0","1","0","1"
"POINT (13.347389187000033 52.470597306000059)","Unfall 202826 (2018) Kat:3, Licht: 0","202826","3","2","5","07","08","2","0","0","0","1","0","0"
"POINT (13.448174277000021 52.477630890000057)","Unfall 202827 (2018) Kat:3, Licht: 0","202827","3","2","5","07","16","6","0","0","1","1","0","0"
"POINT (13.285039783000059 52.518710348000070)","Unfall 202828 (2018) Kat:3, Licht: 0","202828","3","6","0","07","09","2","0","0","0","1","0","1"
"POINT (13.297536190000073 52.534605314000032)","Unfall 202829 (2018) Kat:3, Licht: 0","202829","3","2","5","07","16","5","0","0","1","1","0","0"
"POINT (13.354661988000032 52.499635113000068)","Unfall 202830 (2018) Kat:3, Licht: 0","202830","3","6","2","07","09","2","0","0","0","1","0","0"
"POINT (13.569546919000061 52.528765978000081)","Unfall 202831 (2018) Kat:3, Licht: 0","202831","3","3","5","07","17","6","0","0","1","1","0","0"
"POINT (13.386896431000025 52.459117297000034)","Unfall 202832 (2018) Kat:2, Licht: 0","202832","2","4","6","07","14","5","0","0","0","1","1","0"
"POINT (13.385514598000043 52.464820723000059)","Unfall 202833 (2018) Kat:3, Licht: 0","202833","3","3","5","07","16","6","0","0","1","0","0","0"
"POINT (13.452588181000067 52.435541351000040)","Unfall 202834 (2018) Kat:2, Licht: 0","202834","2","4","6","07","15","2","0","0","0","0","1","0"
"POINT (13.414920278000068 52.494533772000068)","Unfall 202835 (2018) Kat:3, Licht: 0","202835","3","4","0","07","14","5","0","0","1","0","1","0"
"POINT (13.312197747000027 52.448537576000035)","Unfall 202836 (2018) Kat:3, Licht: 0","202836","3","5","1","07","11","2","0","0","1","1","0","0"
"POINT (13.450015069000074 52.496564297000077)","Unfall 202837 (2018) Kat:3, Licht: 2","202837","3","4","6","07","02","6","1","2","0","1","1","0"
"POINT (13.338673657000072 52.465366859000028)","Unfall 202838 (2018) Kat:2, Licht: 0","202838","2","3","5","07","15","6","0","0","1","1","0","0"
"POINT (13.183109668000043 52.547899494000035)","Unfall 202839 (2018) Kat:3, Licht: 0","202839","3","7","5","07","11","2","0","0","0","1","0","0"
"POINT (13.447159896000073 52.547500855000067)","Unfall 202840 (2018) Kat:3, Licht: 0","202840","3","5","1","07","13","5","0","0","1","1","0","0"
"POINT (13.366283419000069 52.495199198000080)","Unfall 202841 (2018) Kat:3, Licht: 0","202841","3","3","5","07","12","2","0","0","0","1","0","0"
"POINT (13.579460909000034 52.444711020000057)","Unfall 202842 (2018) Kat:3, Licht: 0","202842","3","7","6","07","17","5","0","0","1","0","1","0"
"POINT (13.310168014000055 52.423032938000063)","Unfall 202843 (2018) Kat:3, Licht: 0","202843","3","5","1","07","12","2","0","0","1","1","0","0"
"POINT (13.587981879000040 52.451380224000047)","Unfall 202844 (2018) Kat:3, Licht: 0","202844","3","2","5","07","15","6","0","0","1","1","0","0"
"POINT (13.211069800000075 52.568342344000030)","Unfall 202845 (2018) Kat:2, Licht: 0","202845","2","3","5","07","15","6","0","0","0","1","0","1"
"POINT (13.286665394000067 52.518758916000081)","Unfall 202846 (2018) Kat:3, Licht: 0","202846","3","2","5","07","13","2","0","0","1","1","0","0"
"POINT (13.418102797000074 52.526111479000065)","Unfall 202847 (2018) Kat:3, Licht: 2","202847","3","1","0","07","23","5","0","2","0","0","0","1"
"POINT (13.420448029000056 52.606506846000059)","Unfall 202848 (2018) Kat:3, Licht: 0","202848","3","6","2","07","16","2","0","0","0","1","0","0"
"POINT (13.409147993000033 52.464014791000068)","Unfall 202849 (2018) Kat:2, Licht: 0","202849","2","6","2","07","13","6","0","0","0","1","0","0"
"POINT (13.328559196000072 52.531137203000071)","Unfall 202850 (2018) Kat:3, Licht: 0","202850","3","2","5","07","15","2","0","0","0","1","0","1"
"POINT (13.484817842000041 52.467174814000032)","Unfall 202851 (2018) Kat:1, Licht: 0","202851","1","1","0","07","11","5","0","0","0","1","0","1"
"POINT (13.185391788000061 52.431158377000031)","Unfall 202852 (2018) Kat:3, Licht: 0","202852","3","7","5","07","15","2","0","0","1","1","0","0"
"POINT (13.607309718000067 52.452977007000072)","Unfall 202853 (2018) Kat:3, Licht: 0","202853","3","6","2","07","12","4","0","0","0","1","0","0"
"POINT (13.357224520000045 52.498695100000077)","Unfall 202854 (2018) Kat:2, Licht: 0","202854","2","7","6","07","14","6","0","0","0","0","1","0"
"POINT (13.738100109000072 52.428991965000080)","Unfall 202855 (2018) Kat:3, Licht: 0","202855","3","6","4","07","10","4","0","0","1","0","0","0"
"POINT (13.324868189000028 52.499990271000058)","Unfall 202856 (2018) Kat:3, Licht: 0","202856","3","2","5","07","13","6","0","0","0","1","0","0"
"POINT (13.430238660000043 52.510481506000076)","Unfall 202857 (2018) Kat:3, Licht: 0","202857","3","2","5","07","14","2","0","0","0","1","0","0"
"POINT (13.448727816000030 52.617985058000045)","Unfall 202858 (2018) Kat:3, Licht: 2","202858","3","2","5","07","22","4","0","2","1","1","0","0"
"POINT (13.324779488000047 52.608134367000048)","Unfall 202859 (2018) Kat:2, Licht: 0","202859","2","3","6","07","15","2","0","0","0","1","1","0"
"POINT (13.363161128000058 52.476204167000049)","Unfall 202860 (2018) Kat:2, Licht: 0","202860","2","2","6","07","13","6","0","0","0","1","1","0"
"POINT (13.510541275000037 52.450451451000049)","Unfall 202861 (2018) Kat:3, Licht: 0","202861","3","2","5","07","12","6","0","0","1","1","0","0"
"POINT (13.366884567000056 52.551319958000079)","Unfall 202862 (2018) Kat:2, Licht: 0","202862","2","1","1","07","15","2","0","0","0","1","0","0"
"POINT (13.270307648000028 52.450912982000034)","Unfall 202863 (2018) Kat:3, Licht: 2","202863","3","3","5","07","21","4","0","2","1","1","0","0"
"POINT (13.415050892000068 52.451499680000040)","Unfall 202864 (2018) Kat:2, Licht: 0","202864","2","1","2","07","16","2","0","0","0","1","0","0"
"POINT (13.401168292000023 52.590389653000045)","Unfall 202865 (2018) Kat:3, Licht: 0","202865","3","2","5","07","21","4","0","0","1","1","0","0"
"POINT (13.181476090000046 52.538574035000067)","Unfall 202866 (2018) Kat:3, Licht: 0","202866","3","1","0","07","12","6","0","0","1","0","0","0"
"POINT (13.506244600000059 52.548707510000042)","Unfall 202867 (2018) Kat:3, Licht: 0","202867","3","2","5","07","19","4","0","0","0","1","0","1"
"POINT (13.380511263000074 52.517690048000077)","Unfall 202868 (2018) Kat:3, Licht: 0","202868","3","6","3","07","07","2","0","0","1","0","0","0"
"POINT (13.400460415000055 52.439852344000030)","Unfall 202869 (2018) Kat:3, Licht: 0","202869","3","6","2","07","18","4","0","0","0","1","0","0"
"POINT (13.474488783000027 52.438859131000072)","Unfall 202870 (2018) Kat:3, Licht: 0","202870","3","2","2","07","12","6","0","0","0","0","0","1"
"POINT (13.364190204000067 52.509958962000042)","Unfall 202871 (2018) Kat:3, Licht: 0","202871","3","2","5","07","12","6","0","0","0","1","0","1"
"POINT (13.324340594000034 52.465841837000028)","Unfall 202872 (2018) Kat:3, Licht: 0","202872","3","3","5","07","18","4","0","0","0","1","0","0"
"POINT (13.306872633000069 52.499988346000066)","Unfall 202873 (2018) Kat:3, Licht: 0","202873","3","2","5","07","06","2","0","0","0","0","0","1"
"POINT (13.422915205000038 52.608197586000074)","Unfall 202874 (2018) Kat:3, Licht: 0","202874","3","3","5","07","18","4","0","0","1","1","0","0"
"POINT (13.350846878000027 52.565801515000032)","Unfall 202875 (2018) Kat:3, Licht: 0","202875","3","5","1","07","11","6","0","0","1","1","0","0"
"POINT (13.578900254000075 52.458058494000056)","Unfall 202876 (2018) Kat:3, Licht: 0","202876","3","4","6","07","18","4","0","0","0","1","1","0"
"POINT (13.483024698000065 52.523229126000047)","Unfall 202877 (2018) Kat:3, Licht: 0","202877","3","6","2","07","11","6","1","0","0","0","0","1"
"POINT (13.537450620000072 52.431570963000070)","Unfall 202878 (2018) Kat:3, Licht: 0","202878","3","6","2","07","08","2","0","0","1","1","0","0"
"POINT (13.323082848000070 52.491552354000078)","Unfall 202879 (2018) Kat:3, Licht: 0","202879","3","2","5","07","17","4","0","0","1","1","0","0"
"POINT (13.418437541000060 52.553523725000048)","Unfall 202880 (2018) Kat:3, Licht: 0","202880","3","3","0","07","08","2","0","0","1","1","0","0"
"POINT (13.365295540000034 52.558031304000053)","Unfall 202881 (2018) Kat:3, Licht: 0","202881","3","3","5","07","16","6","0","0","0","0","0","1"
"POINT (13.298234829000023 52.495430401000078)","Unfall 202882 (2018) Kat:3, Licht: 0","202882","3","7","6","07","10","6","1","0","0","1","1","0"
"POINT (13.406934681000052 52.586394236000046)","Unfall 202883 (2018) Kat:3, Licht: 0","202883","3","3","5","07","17","4","0","0","1","1","0","0"
"POINT (13.418109455000035 52.515742520000060)","Unfall 202884 (2018) Kat:3, Licht: 0","202884","3","2","2","07","08","2","0","0","0","1","0","0"
"POINT (13.397656326000060 52.489871840000035)","Unfall 202885 (2018) Kat:3, Licht: 0","202885","3","5","1","07","20","4","0","0","0","1","0","0"
"POINT (13.432821215000047 52.570835108000040)","Unfall 202886 (2018) Kat:3, Licht: 0","202886","3","2","5","07","09","6","0","0","1","1","0","0"
"POINT (13.456063459000063 52.509932525000067)","Unfall 202887 (2018) Kat:2, Licht: 0","202887","2","4","6","07","20","4","0","0","1","0","1","0"
"POINT (13.197814545000028 52.520911329000057)","Unfall 202888 (2018) Kat:3, Licht: 0","202888","3","1","0","07","09","6","0","0","0","0","0","1"
"POINT (13.315989872000046 52.466561826000031)","Unfall 202889 (2018) Kat:3, Licht: 0","202889","3","5","1","07","08","2","0","0","0","1","0","1"
"POINT (13.383914072000039 52.554962987000067)","Unfall 202890 (2018) Kat:2, Licht: 0","202890","2","2","5","07","20","4","0","0","0","1","0","1"
"POINT (13.559098115000040 52.446277284000075)","Unfall 202891 (2018) Kat:3, Licht: 0","202891","3","6","2","07","07","6","1","0","0","1","0","0"
"POINT (13.422137559000078 52.553112253000052)","Unfall 202892 (2018) Kat:3, Licht: 0","202892","3","3","5","07","06","6","0","0","1","1","0","0"
"POINT (13.419367163000061 52.501380525000059)","Unfall 202893 (2018) Kat:3, Licht: 2","202893","3","1","0","07","00","2","0","2","0","0","0","1"
"POINT (13.380161193000049 52.519661136000082)","Unfall 202894 (2018) Kat:3, Licht: 0","202894","3","2","0","07","08","4","0","0","1","1","0","0"
"POINT (13.398916647000021 52.532574835000048)","Unfall 202895 (2018) Kat:3, Licht: 0","202895","3","3","5","07","16","2","0","0","0","1","0","0"
"POINT (13.446081813000035 52.538493488000029)","Unfall 202896 (2018) Kat:3, Licht: 2","202896","3","5","1","07","02","4","0","2","0","1","0","0"
"POINT (13.370462386000042 52.545316602000071)","Unfall 202897 (2018) Kat:3, Licht: 0","202897","3","2","5","07","17","5","1","0","0","1","0","0"
"POINT (13.264882767000074 52.441642516000059)","Unfall 202898 (2018) Kat:3, Licht: 0","202898","3","5","1","07","19","1","0","0","0","1","0","0"
"POINT (13.322076415000026 52.436241242000051)","Unfall 202899 (2018) Kat:3, Licht: 0","202899","3","6","2","07","17","4","0","0","0","1","0","0"
"POINT (13.390417284000023 52.545603855000081)","Unfall 202900 (2018) Kat:3, Licht: 0","202900","3","7","5","07","14","1","0","0","0","1","0","1"
"POINT (13.380621903000076 52.442774752000048)","Unfall 202901 (2018) Kat:2, Licht: 0","202901","2","2","5","07","17","5","0","0","0","1","0","1"
"POINT (13.418192595000050 52.515615399000069)","Unfall 202902 (2018) Kat:2, Licht: 0","202902","2","2","5","07","19","1","0","0","0","1","0","0"
"POINT (13.366226196000071 52.497124917000065)","Unfall 202903 (2018) Kat:3, Licht: 0","202903","3","6","0","07","17","4","0","0","0","1","0","1"
"POINT (13.371295280000027 52.447183132000077)","Unfall 202904 (2018) Kat:3, Licht: 0","202904","3","4","6","07","17","5","1","0","0","1","1","0"
"POINT (13.351370406000058 52.545917995000082)","Unfall 202905 (2018) Kat:3, Licht: 0","202905","3","3","5","07","17","4","0","0","0","1","0","0"
"POINT (13.545113739000044 52.436827020000067)","Unfall 202906 (2018) Kat:3, Licht: 0","202906","3","2","6","07","17","5","1","0","0","0","1","0"
"POINT (13.582244566000043 52.437706820000074)","Unfall 202907 (2018) Kat:3, Licht: 0","202907","3","6","3","07","19","1","1","0","1","1","0","0"
"POINT (13.341217400000062 52.433762470000033)","Unfall 202908 (2018) Kat:3, Licht: 0","202908","3","2","5","07","16","4","0","0","1","1","0","0"
"POINT (13.184699905000059 52.547595348000073)","Unfall 202909 (2018) Kat:3, Licht: 0","202909","3","2","5","07","17","1","0","0","0","1","0","0"
"POINT (13.466413379000073 52.549593048000077)","Unfall 202910 (2018) Kat:3, Licht: 0","202910","3","3","5","07","19","5","1","0","1","1","0","0"
"POINT (13.375744391000069 52.528415350000046)","Unfall 202911 (2018) Kat:3, Licht: 0","202911","3","1","0","07","12","5","1","0","0","0","0","1"
"POINT (13.489190845000053 52.410990947000073)","Unfall 202912 (2018) Kat:3, Licht: 0","202912","3","4","6","07","19","1","0","0","0","1","1","0"
"POINT (13.472642971000028 52.555346750000069)","Unfall 202913 (2018) Kat:3, Licht: 0","202913","3","2","5","07","15","4","0","0","1","1","0","0"
"POINT (13.537079193000068 52.477150729000073)","Unfall 202914 (2018) Kat:3, Licht: 0","202914","3","5","1","07","17","1","0","0","1","1","0","0"
"POINT (13.473977006000041 52.508069693000039)","Unfall 202915 (2018) Kat:2, Licht: 0","202915","2","7","0","07","19","5","1","0","0","1","0","0"
"POINT (13.436559616000068 52.423622633000036)","Unfall 202916 (2018) Kat:3, Licht: 0","202916","3","6","3","07","13","1","0","0","1","1","0","0"
"POINT (13.300532689000022 52.517741638000075)","Unfall 202917 (2018) Kat:3, Licht: 0","202917","3","3","5","07","16","4","0","0","0","1","0","0"
"POINT (13.344189764000078 52.478803907000042)","Unfall 202918 (2018) Kat:3, Licht: 0","202918","3","6","2","07","07","1","0","0","0","1","0","0"
"POINT (13.310412044000032 52.571806155000047)","Unfall 202919 (2018) Kat:2, Licht: 2","202919","2","1","0","07","21","5","1","2","0","0","0","1"
"POINT (13.403346730000067 52.525068483000041)","Unfall 202920 (2018) Kat:3, Licht: 2","202920","3","2","5","07","21","5","1","2","1","1","0","0"
"POINT (13.378144430000077 52.466444925000076)","Unfall 202921 (2018) Kat:3, Licht: 0","202921","3","2","5","07","12","1","0","0","0","1","0","0"
"POINT (13.416280645000029 52.608051339000042)","Unfall 202922 (2018) Kat:3, Licht: 0","202922","3","7","0","07","15","4","0","0","1","0","0","0"
"POINT (13.662973940000029 52.412036687000068)","Unfall 202923 (2018) Kat:2, Licht: 0","202923","2","3","5","07","09","1","0","0","1","1","0","0"
"POINT (13.441389303000051 52.480984830000068)","Unfall 202924 (2018) Kat:2, Licht: 2","202924","2","2","6","07","23","5","1","2","0","1","1","0"
"POINT (13.473381745000040 52.524544676000062)","Unfall 202925 (2018) Kat:3, Licht: 0","202925","3","3","5","07","15","4","0","0","1","1","0","0"
"POINT (13.458896316000050 52.525975328000072)","Unfall 202926 (2018) Kat:3, Licht: 2","202926","3","3","5","07","23","5","1","2","1","1","0","0"
"POINT (13.396110496000063 52.423340608000046)","Unfall 202927 (2018) Kat:3, Licht: 0","202927","3","2","5","07","09","1","0","0","0","1","0","0"
"POINT (13.385658019000061 52.471927420000043)","Unfall 202928 (2018) Kat:3, Licht: 0","202928","3","2","0","07","15","4","1","0","0","1","0","1"
"POINT (13.491316557000061 52.469107353000027)","Unfall 202929 (2018) Kat:3, Licht: 0","202929","3","2","5","07","08","1","0","0","0","1","0","1"
"POINT (13.452908583000067 52.533786500000076)","Unfall 202930 (2018) Kat:2, Licht: 0","202930","2","2","5","07","15","5","1","0","1","1","0","0"
"POINT (13.291844575000027 52.591468571000064)","Unfall 202931 (2018) Kat:3, Licht: 0","202931","3","2","2","07","15","5","1","0","1","1","0","0"
"POINT (13.344849290000070 52.538992584000027)","Unfall 202932 (2018) Kat:3, Licht: 2","202932","3","1","8","07","04","1","0","2","0","1","1","0"
"POINT (13.364478154000039 52.497494526000082)","Unfall 202933 (2018) Kat:3, Licht: 2","202933","3","1","0","07","22","4","0","2","1","0","0","0"
"POINT (13.418824898000025 52.490301384000077)","Unfall 202934 (2018) Kat:3, Licht: 2","202934","3","5","1","07","01","1","0","2","1","1","0","0"
"POINT (13.301026629000035 52.498793379000062)","Unfall 202935 (2018) Kat:3, Licht: 0","202935","3","1","0","07","14","5","1","0","0","1","0","1"
"POINT (13.467436298000052 52.514338139000074)","Unfall 202936 (2018) Kat:3, Licht: 0","202936","3","2","5","07","18","7","0","0","1","1","0","0"
"POINT (13.387221341000043 52.559878650000030)","Unfall 202937 (2018) Kat:3, Licht: 0","202937","3","2","5","07","13","4","0","0","1","1","0","0"
"POINT (13.462169583000048 52.529742840000040)","Unfall 202938 (2018) Kat:3, Licht: 2","202938","3","4","6","07","23","7","0","2","0","1","1","0"
"POINT (13.495513811000023 52.417840801000068)","Unfall 202939 (2018) Kat:3, Licht: 0","202939","3","5","0","07","12","4","0","0","0","1","0","0"
"POINT (13.180088838000074 52.497469366000075)","Unfall 202940 (2018) Kat:3, Licht: 0","202940","3","6","2","07","14","5","1","0","0","1","0","0"
"POINT (13.526657854000064 52.426513412000077)","Unfall 202941 (2018) Kat:3, Licht: 0","202941","3","2","5","07","13","4","0","0","0","1","0","0"
"POINT (13.395035721000056 52.496486494000067)","Unfall 202942 (2018) Kat:3, Licht: 0","202942","3","6","0","07","13","5","1","0","0","0","0","1"
"POINT (13.387695685000040 52.523629879000055)","Unfall 202943 (2018) Kat:3, Licht: 2","202943","3","6","2","07","23","7","0","2","0","1","0","1"
"POINT (13.282361669000068 52.533729470000026)","Unfall 202944 (2018) Kat:3, Licht: 0","202944","3","6","0","07","12","4","0","0","0","0","0","1"
"POINT (13.375213098000074 52.536844863000056)","Unfall 202945 (2018) Kat:3, Licht: 1","202945","3","1","0","07","21","7","0","1","1","0","0","0"
"POINT (13.551925265000023 52.433491012000047)","Unfall 202946 (2018) Kat:3, Licht: 0","202946","3","7","5","07","12","5","1","0","0","1","0","0"
"POINT (13.327699801000051 52.564036428000065)","Unfall 202947 (2018) Kat:3, Licht: 0","202947","3","2","5","07","12","5","1","0","0","1","0","0"
"POINT (13.330295266000064 52.513044574000048)","Unfall 202948 (2018) Kat:3, Licht: 0","202948","3","2","5","07","12","4","0","0","1","0","0","0"
"POINT (13.397003734000066 52.505343236000044)","Unfall 202949 (2018) Kat:3, Licht: 0","202949","3","2","5","07","12","5","1","0","0","1","0","0"
"POINT (13.441470249000076 52.540211215000056)","Unfall 202950 (2018) Kat:3, Licht: 0","202950","3","1","0","07","19","7","0","0","0","1","0","1"
"POINT (13.388854943000069 52.499324823000052)","Unfall 202951 (2018) Kat:3, Licht: 0","202951","3","2","5","07","11","4","0","0","1","1","0","0"
"POINT (13.402528542000027 52.540180392000082)","Unfall 202952 (2018) Kat:3, Licht: 0","202952","3","3","5","07","20","7","0","0","1","1","0","0"
"POINT (13.302316019000045 52.506739368000069)","Unfall 202953 (2018) Kat:3, Licht: 0","202953","3","2","0","07","11","5","1","0","0","1","0","0"
"POINT (13.379545350000058 52.529312544000049)","Unfall 202954 (2018) Kat:3, Licht: 0","202954","3","6","2","07","11","5","1","0","0","1","0","0"
"POINT (13.306581476000076 52.555160239000031)","Unfall 202955 (2018) Kat:3, Licht: 0","202955","3","2","5","07","18","7","0","0","1","1","0","0"
"POINT (13.474276654000050 52.437900756000033)","Unfall 202956 (2018) Kat:3, Licht: 0","202956","3","5","1","07","10","4","0","0","0","1","0","1"
"POINT (13.371215746000075 52.511128579000058)","Unfall 202957 (2018) Kat:3, Licht: 0","202957","3","2","5","07","18","7","0","0","0","1","0","0"
"POINT (13.506960412000069 52.564043337000044)","Unfall 202958 (2018) Kat:3, Licht: 0","202958","3","2","5","07","10","4","0","0","1","1","0","0"
"POINT (13.303188949000059 52.495983352000053)","Unfall 202959 (2018) Kat:3, Licht: 0","202959","3","2","5","07","11","5","1","0","1","1","0","0"
"POINT (13.391608243000064 52.523543311000026)","Unfall 202960 (2018) Kat:3, Licht: 0","202960","3","5","1","07","10","4","0","0","1","1","0","0"
"POINT (13.582408596000050 52.461796389000028)","Unfall 202961 (2018) Kat:3, Licht: 0","202961","3","2","5","07","18","7","0","0","1","1","0","0"
"POINT (13.324776019000069 52.532230708000043)","Unfall 202962 (2018) Kat:3, Licht: 0","202962","3","2","5","07","10","4","0","0","1","1","0","0"
"POINT (13.390696394000031 52.496001772000056)","Unfall 202963 (2018) Kat:3, Licht: 0","202963","3","2","5","07","10","4","0","0","1","1","0","0"