WKT,Name,OBJECTID,UKATEGORIE,UTYP1,UART,UMONAT,USTUNDE,UWOCHENTAG,STRZUSTAND,ULICHTVERH,ISTRAD,ISTPKW,ISTFUSS,ISTKRAD
"POINT (13.391233322000062 52.502226104000044)","Unfall 202964 (2018) Kat:3, Licht: 0","202964","3","5","1","07","09","5","1","0","1","0","0","0"
"POINT (13.602620279000064 52.451940717000070)","Unfall 202965 (2018) Kat:2, Licht: 0","202965","2","6","3","07","18","7","0","0","1","1","0","0"
"POINT (13.309214532000055 52.503524387000027)","Unfall 202966 (2018) Kat:3, Licht: 0","202966","3","7","0","07","09","4","0","0","1","1","0","0"
"POINT (13.440628438000033 52.517076463000080)","Unfall 202967 (2018) Kat:3, Licht: 0","202967","3","3","5","07","17","7","0","0","1","0","0","1"
"POINT (13.399064399000054 52.508161873000063)","Unfall 202968 (2018) Kat:3, Licht: 0","202968","3","2","5","07","08","5","1","0","1","1","0","0"
"POINT (13.442737760000057 52.524991017000048)","Unfall 202969 (2018) Kat:3, Licht: 0","202969","3","6","2","07","08","5","1","0","0","1","0","0"
"POINT (13.178990815000077 52.552399520000051)","Unfall 202970 (2018) Kat:3, Licht: 0","202970","3","3","5","07","17","7","0","0","1","1","0","0"
"POINT (13.310656700000038 52.568191856000055)","Unfall 202971 (2018) Kat:3, Licht: 0","202971","3","3","5","07","08","4","0","0","1","1","0","0"
"POINT (13.354024817000038 52.499932974000046)","Unfall 202972 (2018) Kat:3, Licht: 0","202972","3","3","5","07","08","5","1","0","0","1","0","0"
"POINT (13.387064059000068 52.511956795000060)","Unfall 202973 (2018) Kat:3, Licht: 0","202973","3","5","1","07","08","4","0","0","1","1","0","0"
"POINT (13.400235208000026 52.483719680000036)","Unfall 202974 (2018) Kat:3, Licht: 0","202974","3","2","5","07","08","4","0","0","1","1","0","0"
"POINT (13.493576380000036 52.541302092000080)","Unfall 202975 (2018) Kat:3, Licht: 0","202975","3","3","5","07","16","7","0","0","0","1","0","0"
"POINT (13.308947628000055 52.506498670000042)","Unfall 202976 (2018) Kat:3, Licht: 0","202976","3","6","2","07","07","4","0","0","0","1","0","0"
"POINT (13.376993155000036 52.556912504000081)","Unfall 202977 (2018) Kat:3, Licht: 0","202977","3","6","3","07","08","5","1","0","0","1","0","0"
"POINT (13.426666860000068 52.515823293000039)","Unfall 202978 (2018) Kat:3, Licht: 0","202978","3","2","5","07","07","4","0","0","1","1","0","0"
"POINT (13.399203121000028 52.539160446000039)","Unfall 202979 (2018) Kat:3, Licht: 0","202979","3","1","0","07","14","5","1","0","0","0","0","1"
"POINT (13.427955054000051 52.501138356000070)","Unfall 202980 (2018) Kat:3, Licht: 0","202980","3","3","5","07","15","7","0","0","0","1","0","0"
"POINT (13.454475251000076 52.606819180000059)","Unfall 202981 (2018) Kat:3, Licht: 0","202981","3","3","5","07","07","4","0","0","1","1","0","0"
"POINT (13.329035628000042 52.461267330000055)","Unfall 202982 (2018) Kat:2, Licht: 0","202982","2","7","0","07","14","5","0","0","0","1","0","0"
"POINT (13.510617741000033 52.404544488000056)","Unfall 202983 (2018) Kat:3, Licht: 0","202983","3","2","0","07","13","4","0","0","0","1","0","0"
"POINT (13.620058442000072 52.446136977000037)","Unfall 202984 (2018) Kat:2, Licht: 1","202984","2","1","4","07","06","5","1","1","0","1","0","0"
"POINT (13.410438771000031 52.530770577000055)","Unfall 202985 (2018) Kat:2, Licht: 0","202985","2","1","0","07","15","7","0","0","1","0","0","0"
"POINT (13.457956843000034 52.528827680000063)","Unfall 202986 (2018) Kat:3, Licht: 0","202986","3","6","2","07","12","4","0","0","0","1","0","0"
"POINT (13.222461837000026 52.530762666000044)","Unfall 202987 (2018) Kat:3, Licht: 0","202987","3","1","1","07","14","7","0","0","1","1","0","0"
"POINT (13.386449445000039 52.490073716000040)","Unfall 202988 (2018) Kat:2, Licht: 1","202988","2","3","5","07","06","5","1","1","1","1","0","0"
"POINT (13.235201766000046 52.541692908000073)","Unfall 202989 (2018) Kat:3, Licht: 0","202989","3","5","1","07","14","7","0","0","0","1","0","0"
"POINT (13.509760635000077 52.507730216000027)","Unfall 202990 (2018) Kat:3, Licht: 0","202990","3","4","6","07","12","4","0","0","1","0","1","0"
"POINT (13.514310609000063 52.566604725000047)","Unfall 202991 (2018) Kat:2, Licht: 2","202991","2","6","2","07","00","5","1","2","0","1","0","1"
"POINT (13.327783234000037 52.425636247000057)","Unfall 202992 (2018) Kat:3, Licht: 0","202992","3","7","2","07","09","4","0","0","0","1","0","0"
"POINT (13.345618487000024 52.500061894000055)","Unfall 202993 (2018) Kat:3, Licht: 2","202993","3","6","2","07","23","4","1","2","0","1","0","0"
"POINT (13.561968527000033 52.566517295000040)","Unfall 202994 (2018) Kat:3, Licht: 0","202994","3","3","5","07","14","7","0","0","0","1","0","0"
"POINT (13.244790785000077 52.440407193000055)","Unfall 202995 (2018) Kat:2, Licht: 0","202995","2","3","5","07","07","4","0","0","0","1","0","0"
"POINT (13.408286622000048 52.525412940000081)","Unfall 202996 (2018) Kat:3, Licht: 0","202996","3","5","1","07","13","7","0","0","1","1","0","0"
"POINT (13.326392323000050 52.427629931000070)","Unfall 202997 (2018) Kat:3, Licht: 2","202997","3","3","5","07","23","4","1","2","1","1","0","0"
"POINT (13.450819813000066 52.527354984000056)","Unfall 202998 (2018) Kat:3, Licht: 0","202998","3","2","5","07","09","4","0","0","1","1","0","0"
"POINT (13.353727292000031 52.493752647000065)","Unfall 202999 (2018) Kat:3, Licht: 0","202999","3","6","4","07","13","7","0","0","1","1","0","0"
"POINT (13.572114074000069 52.560565216000043)","Unfall 203000 (2018) Kat:3, Licht: 0","203000","3","3","5","07","05","4","0","0","0","1","0","0"
"POINT (13.542251554000075 52.540311499000040)","Unfall 203001 (2018) Kat:3, Licht: 0","203001","3","6","2","07","18","4","0","0","0","1","0","0"
"POINT (13.388196829000037 52.467069984000034)","Unfall 203002 (2018) Kat:3, Licht: 0","203002","3","5","1","07","12","7","0","0","1","0","0","0"
"POINT (13.570552031000034 52.473572235000063)","Unfall 203003 (2018) Kat:3, Licht: 0","203003","3","2","5","07","06","4","0","0","1","1","0","0"
"POINT (13.155640509000023 52.460940576000041)","Unfall 203004 (2018) Kat:3, Licht: 0","203004","3","2","5","07","16","4","1","0","1","1","0","0"
"POINT (13.611792785000034 52.500481296000032)","Unfall 203005 (2018) Kat:3, Licht: 0","203005","3","3","5","07","16","4","0","0","1","1","0","0"
"POINT (13.469597125000064 52.452025214000059)","Unfall 203006 (2018) Kat:3, Licht: 0","203006","3","2","2","07","13","7","0","0","0","1","0","1"
"POINT (13.367279017000044 52.504574794000064)","Unfall 203007 (2018) Kat:3, Licht: 0","203007","3","6","2","07","10","3","0","0","0","1","0","0"
"POINT (13.198259917000030 52.434022763000030)","Unfall 203008 (2018) Kat:3, Licht: 0","203008","3","6","2","07","12","7","0","0","0","1","0","0"
"POINT (13.334549839000033 52.504409265000049)","Unfall 203009 (2018) Kat:3, Licht: 0","203009","3","5","5","07","15","4","0","0","0","1","0","1"
"POINT (13.255948830000023 52.435915734000048)","Unfall 203010 (2018) Kat:3, Licht: 0","203010","3","3","5","07","12","7","0","0","1","1","0","0"
"POINT (13.587371727000061 52.439059397000051)","Unfall 203011 (2018) Kat:3, Licht: 0","203011","3","3","5","07","13","3","0","0","1","1","0","0"
"POINT (13.192943763000073 52.532022832000052)","Unfall 203012 (2018) Kat:3, Licht: 0","203012","3","3","5","07","12","7","0","0","0","1","0","0"
"POINT (13.563835151000035 52.556324347000043)","Unfall 203013 (2018) Kat:3, Licht: 0","203013","3","2","5","07","16","4","1","0","0","1","0","0"
"POINT (13.505753684000069 52.563599801000066)","Unfall 203014 (2018) Kat:3, Licht: 0","203014","3","4","6","07","16","3","0","0","1","0","1","0"
"POINT (13.307948647000046 52.500174051000045)","Unfall 203015 (2018) Kat:2, Licht: 0","203015","2","6","2","07","15","4","0","0","1","0","0","0"
"POINT (13.349467905000040 52.498825939000028)","Unfall 203016 (2018) Kat:3, Licht: 0","203016","3","5","0","07","11","7","0","0","1","1","0","0"
"POINT (13.349788738000029 52.408244630000070)","Unfall 203017 (2018) Kat:3, Licht: 0","203017","3","3","5","07","17","3","0","0","1","0","0","0"
"POINT (13.700052023000069 52.441340672000081)","Unfall 203018 (2018) Kat:2, Licht: 0","203018","2","3","5","07","10","7","0","0","1","1","0","0"
"POINT (13.354550065000069 52.497132040000054)","Unfall 203019 (2018) Kat:3, Licht: 0","203019","3","3","5","07","13","4","0","0","0","1","0","1"
"POINT (13.637934259000076 52.456442140000036)","Unfall 203020 (2018) Kat:3, Licht: 0","203020","3","2","0","07","13","4","0","0","1","0","0","0"
"POINT (13.395278545000053 52.497721521000074)","Unfall 203021 (2018) Kat:3, Licht: 0","203021","3","6","0","07","18","3","0","0","0","1","0","1"
"POINT (13.411574398000027 52.550737464000065)","Unfall 203022 (2018) Kat:3, Licht: 0","203022","3","6","2","07","15","5","0","0","0","1","0","0"
"POINT (13.621811147000074 52.524834963000046)","Unfall 203023 (2018) Kat:3, Licht: 0","203023","3","7","0","07","14","3","1","0","0","0","0","1"
"POINT (13.325882638000053 52.455321267000045)","Unfall 203024 (2018) Kat:3, Licht: 0","203024","3","6","0","07","14","3","0","0","1","0","0","0"
"POINT (13.184792375000029 52.547656126000049)","Unfall 203025 (2018) Kat:3, Licht: 0","203025","3","7","6","07","14","5","0","0","1","0","1","0"
"POINT (13.393138445000034 52.515014888000053)","Unfall 203026 (2018) Kat:2, Licht: 0","203026","2","3","5","07","13","3","0","0","1","1","0","0"
"POINT (13.260379823000051 52.412364799000045)","Unfall 203027 (2018) Kat:3, Licht: 0","203027","3","3","5","07","14","5","0","0","1","1","0","0"
"POINT (13.273265032000040 52.536223091000068)","Unfall 203028 (2018) Kat:3, Licht: 0","203028","3","6","2","07","13","3","0","0","0","1","0","0"
"POINT (13.171076957000025 52.518321208000032)","Unfall 203029 (2018) Kat:3, Licht: 0","203029","3","6","2","07","13","5","0","0","0","1","0","0"
"POINT (13.303045602000054 52.505607206000036)","Unfall 203030 (2018) Kat:3, Licht: 0","203030","3","2","6","07","12","5","0","0","0","1","1","0"
"POINT (13.454618009000058 52.474633795000045)","Unfall 203031 (2018) Kat:3, Licht: 0","203031","3","3","5","07","13","3","0","0","0","0","0","1"
"POINT (13.484646030000022 52.533475541000030)","Unfall 203032 (2018) Kat:3, Licht: 0","203032","3","6","2","07","13","3","0","0","0","1","0","0"
"POINT (13.389988471000038 52.555571753000038)","Unfall 203033 (2018) Kat:3, Licht: 0","203033","3","3","5","07","12","5","0","0","1","0","0","1"
"POINT (13.489914363000025 52.467778231000068)","Unfall 203034 (2018) Kat:3, Licht: 0","203034","3","3","0","07","12","3","0","0","1","1","0","0"
"POINT (13.358933555000021 52.546178477000069)","Unfall 203035 (2018) Kat:3, Licht: 0","203035","3","6","2","07","12","3","0","0","0","1","0","0"
"POINT (13.381074031000026 52.532162408000033)","Unfall 203036 (2018) Kat:3, Licht: 0","203036","3","3","0","07","10","3","0","0","0","1","0","1"
"POINT (13.675211983000054 52.446030240000027)","Unfall 203037 (2018) Kat:3, Licht: 0","203037","3","5","0","07","12","5","1","0","0","1","0","1"
"POINT (13.243068687000061 52.601594062000061)","Unfall 203038 (2018) Kat:3, Licht: 0","203038","3","2","5","07","09","3","0","0","0","1","0","1"
"POINT (13.418796058000055 52.530475847000048)","Unfall 203039 (2018) Kat:2, Licht: 2","203039","2","4","6","07","23","7","0","2","0","1","1","0"
"POINT (13.290008372000045 52.634204531000080)","Unfall 203040 (2018) Kat:3, Licht: 0","203040","3","5","1","07","09","3","0","0","1","1","0","0"
"POINT (13.561605083000075 52.506943864000050)","Unfall 203041 (2018) Kat:3, Licht: 0","203041","3","6","2","07","11","5","0","0","0","1","0","0"
"POINT (13.291993511000044 52.590617935000068)","Unfall 203042 (2018) Kat:3, Licht: 0","203042","3","3","5","07","08","3","0","0","0","1","0","0"
"POINT (13.302029855000058 52.645188456000028)","Unfall 203043 (2018) Kat:3, Licht: 0","203043","3","3","5","07","09","5","0","0","0","1","0","0"
"POINT (13.331127485000025 52.572344798000074)","Unfall 203044 (2018) Kat:2, Licht: 2","203044","2","4","6","07","22","7","0","2","0","0","1","0"
"POINT (13.347043973000041 52.449968026000079)","Unfall 203045 (2018) Kat:3, Licht: 0","203045","3","6","0","07","08","3","0","0","0","1","0","1"
"POINT (13.411773213000060 52.523966076000079)","Unfall 203046 (2018) Kat:3, Licht: 2","203046","3","2","5","07","22","7","0","2","0","1","0","0"
"POINT (13.295944691000045 52.495953095000061)","Unfall 203047 (2018) Kat:3, Licht: 0","203047","3","2","5","07","09","5","0","0","1","1","0","0"
"POINT (13.376782218000073 52.491577034000045)","Unfall 203048 (2018) Kat:3, Licht: 0","203048","3","2","2","07","08","5","0","0","0","1","0","0"
"POINT (13.429966362000073 52.551070794000054)","Unfall 203049 (2018) Kat:3, Licht: 0","203049","3","2","5","07","07","3","0","0","1","1","0","0"
"POINT (13.386536457000034 52.519718901000033)","Unfall 203050 (2018) Kat:3, Licht: 2","203050","3","1","0","07","21","7","1","2","1","1","0","0"
"POINT (13.467036851000046 52.512771675000067)","Unfall 203051 (2018) Kat:3, Licht: 0","203051","3","3","5","07","06","3","0","0","0","1","0","1"
"POINT (13.348301823000043 52.462883825000063)","Unfall 203052 (2018) Kat:3, Licht: 0","203052","3","2","5","07","09","5","0","0","1","1","0","0"
"POINT (13.354965088000029 52.490057749000073)","Unfall 203053 (2018) Kat:3, Licht: 0","203053","3","2","5","07","10","3","0","0","0","1","0","0"
"POINT (13.395819502000052 52.454306497000061)","Unfall 203054 (2018) Kat:3, Licht: 0","203054","3","3","5","07","08","5","0","0","0","1","0","0"
"POINT (13.309376423000060 52.467028242000026)","Unfall 203055 (2018) Kat:3, Licht: 1","203055","3","3","5","07","20","7","1","1","0","1","0","0"
"POINT (13.407762114000036 52.463882321000028)","Unfall 203056 (2018) Kat:3, Licht: 0","203056","3","7","5","07","11","3","0","0","0","1","0","0"
"POINT (13.356431464000025 52.535881049000068)","Unfall 203057 (2018) Kat:3, Licht: 0","203057","3","2","5","07","08","5","0","0","0","1","0","1"
"POINT (13.443406707000065 52.499567519000038)","Unfall 203058 (2018) Kat:2, Licht: 0","203058","2","5","1","07","08","3","0","0","1","0","0","0"
"POINT (13.353682834000040 52.562046255000041)","Unfall 203059 (2018) Kat:3, Licht: 0","203059","3","2","5","07","07","5","0","0","1","1","0","0"
"POINT (13.354398094000032 52.549177664000069)","Unfall 203060 (2018) Kat:3, Licht: 0","203060","3","4","6","07","20","7","1","0","0","0","1","0"
"POINT (13.558379304000027 52.534030849000033)","Unfall 203061 (2018) Kat:2, Licht: 0","203061","2","4","6","07","07","3","0","0","0","1","1","0"
"POINT (13.526473382000063 52.484485978000066)","Unfall 203062 (2018) Kat:3, Licht: 0","203062","3","7","2","07","18","6","0","0","0","1","0","1"
"POINT (13.400478214000032 52.510017739000034)","Unfall 203063 (2018) Kat:3, Licht: 0","203063","3","3","0","07","07","5","0","0","0","1","0","1"
"POINT (13.280758503000072 52.420880553000075)","Unfall 203064 (2018) Kat:3, Licht: 0","203064","3","2","2","07","17","6","0","0","1","1","0","0"
"POINT (13.310719158000040 52.421217484000067)","Unfall 203065 (2018) Kat:3, Licht: 0","203065","3","1","0","07","11","3","0","0","0","0","0","1"
"POINT (13.345022105000055 52.492451610000046)","Unfall 203066 (2018) Kat:3, Licht: 0","203066","3","6","3","07","14","6","0","0","0","1","0","1"
"POINT (13.413211675000070 52.525188666000076)","Unfall 203067 (2018) Kat:3, Licht: 0","203067","3","3","5","07","06","5","0","0","1","0","0","0"
"POINT (13.514459157000033 52.494572985000048)","Unfall 203068 (2018) Kat:3, Licht: 0","203068","3","2","2","07","13","6","0","0","1","1","0","0"
"POINT (13.433915244000048 52.523212766000029)","Unfall 203069 (2018) Kat:3, Licht: 2","203069","3","1","0","07","02","3","0","2","1","0","0","0"
"POINT (13.326500384000042 52.564488320000066)","Unfall 203070 (2018) Kat:3, Licht: 0","203070","3","5","1","07","06","5","0","0","1","1","0","0"
"POINT (13.472383532000038 52.436817941000072)","Unfall 203071 (2018) Kat:3, Licht: 0","203071","3","1","0","07","18","2","0","0","1","0","0","0"
"POINT (13.407695381000053 52.528456546000029)","Unfall 203072 (2018) Kat:3, Licht: 2","203072","3","5","1","07","00","5","0","2","1","0","0","1"
"POINT (13.435240751000038 52.435099033000029)","Unfall 203073 (2018) Kat:3, Licht: 0","203073","3","1","1","07","13","6","0","0","0","1","0","0"
"POINT (13.491733999000076 52.534198832000072)","Unfall 203074 (2018) Kat:2, Licht: 0","203074","2","2","5","07","10","2","0","0","0","1","0","0"
"POINT (13.218673312000021 52.432444755000063)","Unfall 203075 (2018) Kat:3, Licht: 0","203075","3","2","5","07","12","6","0","0","1","1","0","0"
"POINT (13.433792377000032 52.481848588000048)","Unfall 203076 (2018) Kat:3, Licht: 0","203076","3","2","2","07","18","4","0","0","1","1","0","0"
"POINT (13.463744216000066 52.510673016000055)","Unfall 203077 (2018) Kat:3, Licht: 0","203077","3","4","6","07","12","4","0","0","0","1","1","0"
"POINT (13.308639271000061 52.420334156000081)","Unfall 203078 (2018) Kat:3, Licht: 0","203078","3","3","5","07","10","6","0","0","0","1","0","1"
"POINT (13.375222576000056 52.444170879000069)","Unfall 203079 (2018) Kat:3, Licht: 0","203079","3","5","1","07","10","2","0","0","0","1","0","0"
"POINT (13.414645025000027 52.502553891000048)","Unfall 203080 (2018) Kat:3, Licht: 0","203080","3","5","1","07","10","6","0","0","1","1","0","0"
"POINT (13.343345539000040 52.531693500000074)","Unfall 203081 (2018) Kat:3, Licht: 0","203081","3","2","5","07","11","4","0","0","1","1","0","0"
"POINT (13.410090097000023 52.523998771000038)","Unfall 203082 (2018) Kat:3, Licht: 0","203082","3","2","5","07","08","6","0","0","1","1","0","0"
"POINT (13.566417900000033 52.534327162000068)","Unfall 203083 (2018) Kat:2, Licht: 0","203083","2","3","5","07","10","2","0","0","0","1","0","1"
"POINT (13.514566223000031 52.468615810000074)","Unfall 203084 (2018) Kat:3, Licht: 0","203084","3","2","0","07","08","6","0","0","1","1","0","0"
"POINT (13.381782717000021 52.530226000000027)","Unfall 203085 (2018) Kat:3, Licht: 0","203085","3","7","6","07","11","4","0","0","0","1","1","0"
"POINT (13.234386574000041 52.538667088000068)","Unfall 203086 (2018) Kat:3, Licht: 0","203086","3","6","3","07","09","2","0","0","0","1","0","0"
"POINT (13.543360719000077 52.540572037000061)","Unfall 203087 (2018) Kat:3, Licht: 0","203087","3","6","2","07","15","4","0","0","0","1","0","0"
"POINT (13.412446368000076 52.537994145000027)","Unfall 203088 (2018) Kat:3, Licht: 0","203088","3","2","5","07","14","6","0","0","1","1","0","0"
"POINT (13.510297559000037 52.404692611000030)","Unfall 203089 (2018) Kat:3, Licht: 0","203089","3","6","0","07","09","2","0","0","0","0","0","0"
"POINT (13.473618604000023 52.432256022000047)","Unfall 203090 (2018) Kat:3, Licht: 0","203090","3","2","6","07","07","6","0","0","0","1","1","0"
"POINT (13.525387370000033 52.464546523000081)","Unfall 203091 (2018) Kat:3, Licht: 0","203091","3","6","2","07","15","4","0","0","1","0","0","0"
"POINT (13.316699720000031 52.425826098000073)","Unfall 203092 (2018) Kat:3, Licht: 0","203092","3","6","2","07","14","4","0","0","0","1","0","1"
"POINT (13.331698552000034 52.524088131000042)","Unfall 203093 (2018) Kat:3, Licht: 0","203093","3","2","0","07","09","2","0","0","0","1","0","1"
"POINT (13.390221187000066 52.508482050000055)","Unfall 203094 (2018) Kat:3, Licht: 0","203094","3","4","6","07","14","4","0","0","1","0","1","0"
"POINT (13.438136494000048 52.503068809000069)","Unfall 203095 (2018) Kat:3, Licht: 0","203095","3","5","1","07","07","6","0","0","1","1","0","0"
"POINT (13.373203623000052 52.492200241000035)","Unfall 203096 (2018) Kat:3, Licht: 0","203096","3","6","4","07","08","2","0","0","1","0","0","0"
"POINT (13.292886894000048 52.581090589000041)","Unfall 203097 (2018) Kat:3, Licht: 0","203097","3","7","5","07","17","6","0","0","0","1","0","1"
"POINT (13.346688406000055 52.501437824000050)","Unfall 203098 (2018) Kat:3, Licht: 0","203098","3","6","3","07","13","4","0","0","0","0","0","1"
"POINT (13.239156212000069 52.526590168000041)","Unfall 203099 (2018) Kat:3, Licht: 0","203099","3","6","2","07","13","4","0","0","0","1","0","0"
"POINT (13.392316000000051 52.542907757000080)","Unfall 203100 (2018) Kat:3, Licht: 0","203100","3","7","0","07","17","6","0","0","1","0","0","0"
"POINT (13.329253977000064 52.532936514000028)","Unfall 203101 (2018) Kat:3, Licht: 0","203101","3","7","5","07","07","2","0","0","1","1","0","0"
"POINT (13.393858713000043 52.528522418000080)","Unfall 203102 (2018) Kat:3, Licht: 0","203102","3","2","5","07","18","6","0","0","0","1","0","1"
"POINT (13.573694851000027 52.546581433000028)","Unfall 203103 (2018) Kat:3, Licht: 0","203103","3","2","5","07","13","4","0","0","1","1","0","0"
"POINT (13.519115298000031 52.574578517000077)","Unfall 203104 (2018) Kat:3, Licht: 0","203104","3","2","2","07","14","6","0","0","0","1","0","0"
"POINT (13.460183913000037 52.432012596000050)","Unfall 203105 (2018) Kat:3, Licht: 0","203105","3","3","5","07","05","2","0","0","0","1","0","1"
"POINT (13.376510631000031 52.459814131000030)","Unfall 203106 (2018) Kat:3, Licht: 0","203106","3","5","0","07","12","6","0","0","1","0","0","0"
"POINT (13.521944101000031 52.511253048000071)","Unfall 203107 (2018) Kat:3, Licht: 0","203107","3","7","6","07","17","2","0","0","0","1","1","0"
"POINT (13.429685808000045 52.470301487000029)","Unfall 203108 (2018) Kat:3, Licht: 0","203108","3","4","6","07","13","4","0","0","0","0","1","1"
"POINT (13.328494042000045 52.531907596000053)","Unfall 203109 (2018) Kat:3, Licht: 1","203109","3","2","2","07","20","2","0","1","0","0","0","1"
"POINT (13.343482661000053 52.598806755000055)","Unfall 203110 (2018) Kat:3, Licht: 0","203110","3","6","2","07","13","4","0","0","0","1","0","0"
"POINT (13.216128041000047 52.537977747000070)","Unfall 203111 (2018) Kat:2, Licht: 0","203111","2","2","0","07","11","6","0","0","1","1","0","0"
"POINT (13.399239992000048 52.532150142000035)","Unfall 203112 (2018) Kat:3, Licht: 0","203112","3","6","3","07","20","2","0","0","1","1","0","0"
"POINT (13.377817827000058 52.468632457000069)","Unfall 203113 (2018) Kat:2, Licht: 0","203113","2","2","5","07","10","6","0","0","0","1","0","1"
"POINT (13.397779414000070 52.498248504000060)","Unfall 203114 (2018) Kat:3, Licht: 0","203114","3","6","2","07","12","4","0","0","1","1","0","0"
"POINT (13.322518412000022 52.456509034000078)","Unfall 203115 (2018) Kat:3, Licht: 0","203115","3","2","6","07","12","4","0","0","0","1","1","0"
"POINT (13.499702451000076 52.525140426000064)","Unfall 203116 (2018) Kat:3, Licht: 0","203116","3","2","2","07","09","6","0","0","0","1","0","0"
"POINT (13.352164109000057 52.505519381000056)","Unfall 203117 (2018) Kat:3, Licht: 0","203117","3","3","5","07","17","2","0","0","0","1","0","1"
"POINT (13.426139602000035 52.515903641000079)","Unfall 203118 (2018) Kat:2, Licht: 0","203118","2","3","5","07","11","4","0","0","1","0","0","0"
"POINT (13.471957630000077 52.537586448000070)","Unfall 203119 (2018) Kat:3, Licht: 0","203119","3","7","5","07","09","4","0","0","0","1","0","0"
"POINT (13.346473419000063 52.450040796000053)","Unfall 203120 (2018) Kat:2, Licht: 0","203120","2","2","5","07","07","6","0","0","1","0","0","0"
"POINT (13.294457280000074 52.474045616000069)","Unfall 203121 (2018) Kat:3, Licht: 0","203121","3","2","5","07","17","2","0","0","1","1","0","0"
"POINT (13.271997116000023 52.498789479000038)","Unfall 203122 (2018) Kat:3, Licht: 2","203122","3","1","9","07","01","6","0","2","0","1","0","0"
"POINT (13.430151100000046 52.551357093000036)","Unfall 203123 (2018) Kat:3, Licht: 0","203123","3","2","5","07","17","2","0","0","0","1","0","0"
"POINT (13.606180539000036 52.452722262000066)","Unfall 203124 (2018) Kat:3, Licht: 0","203124","3","6","2","07","09","4","0","0","0","1","0","0"
"POINT (13.512021405000041 52.470825835000028)","Unfall 203125 (2018) Kat:3, Licht: 0","203125","3","2","2","07","16","2","0","0","0","1","0","0"
"POINT (13.488034494000033 52.618560559000059)","Unfall 203126 (2018) Kat:3, Licht: 1","203126","3","3","5","07","21","6","1","1","1","0","0","0"
"POINT (13.400163860000077 52.580502611000043)","Unfall 203127 (2018) Kat:3, Licht: 0","203127","3","3","5","07","15","2","0","0","1","1","0","0"
"POINT (13.323445015000061 52.515959087000056)","Unfall 203128 (2018) Kat:3, Licht: 0","203128","3","2","5","07","14","2","0","0","1","1","0","0"
"POINT (13.364787868000064 52.508030906000045)","Unfall 203129 (2018) Kat:2, Licht: 0","203129","2","2","5","07","08","4","0","0","0","1","0","1"
"POINT (13.387662494000040 52.483471202000032)","Unfall 203130 (2018) Kat:2, Licht: 0","203130","2","4","6","07","19","6","0","0","1","0","1","0"
"POINT (13.336225462000073 52.433007732000078)","Unfall 203131 (2018) Kat:3, Licht: 0","203131","3","5","1","07","14","2","0","0","1","1","0","0"
"POINT (13.406653455000026 52.498433963000082)","Unfall 203132 (2018) Kat:3, Licht: 1","203132","3","2","5","07","20","6","0","1","0","1","0","0"
"POINT (13.435353336000048 52.425324995000040)","Unfall 203133 (2018) Kat:2, Licht: 0","203133","2","2","2","07","07","4","0","0","0","1","0","1"
"POINT (13.493131866000056 52.409693670000081)","Unfall 203134 (2018) Kat:3, Licht: 0","203134","3","7","7","07","07","4","0","0","0","1","0","0"
"POINT (13.629254138000022 52.448919718000070)","Unfall 203135 (2018) Kat:3, Licht: 0","203135","3","3","5","07","13","2","0","0","0","1","0","1"
"POINT (13.428135366000049 52.486923476000072)","Unfall 203136 (2018) Kat:3, Licht: 0","203136","3","5","1","07","20","6","0","0","1","1","0","0"
"POINT (13.486200322000059 52.533568770000045)","Unfall 203137 (2018) Kat:3, Licht: 0","203137","3","6","2","07","13","2","0","0","0","0","0","0"
"POINT (13.373002101000054 52.510766596000053)","Unfall 203138 (2018) Kat:3, Licht: 0","203138","3","5","0","07","09","4","0","0","1","1","0","0"
"POINT (13.308036388000062 52.504577839000035)","Unfall 203139 (2018) Kat:3, Licht: 0","203139","3","5","1","07","13","2","0","0","1","1","0","0"
"POINT (13.464602226000068 52.470208615000047)","Unfall 203140 (2018) Kat:3, Licht: 2","203140","3","2","5","07","22","4","0","2","0","1","0","0"
"POINT (13.421719737000046 52.498429484000042)","Unfall 203141 (2018) Kat:3, Licht: 1","203141","3","4","2","07","19","6","0","1","1","0","1","0"
"POINT (13.307694685000058 52.516982519000067)","Unfall 203142 (2018) Kat:3, Licht: 0","203142","3","7","6","07","12","2","0","0","0","1","1","0"
"POINT (13.297494163000067 52.534570105000057)","Unfall 203143 (2018) Kat:3, Licht: 0","203143","3","2","5","07","19","4","0","0","0","1","0","0"
"POINT (13.473161936000054 52.522993823000036)","Unfall 203144 (2018) Kat:3, Licht: 0","203144","3","6","2","07","15","2","0","0","0","1","0","0"
"POINT (13.493279014000052 52.430040147000057)","Unfall 203145 (2018) Kat:3, Licht: 0","203145","3","6","2","07","18","6","0","0","0","1","0","0"
"POINT (13.232861911000043 52.527663375000031)","Unfall 203146 (2018) Kat:3, Licht: 0","203146","3","6","2","07","11","2","0","0","0","1","0","0"
"POINT (13.402837766000061 52.493883863000065)","Unfall 203147 (2018) Kat:3, Licht: 0","203147","3","2","5","07","18","4","0","0","1","1","0","0"
"POINT (13.450007203000041 52.476718200000050)","Unfall 203148 (2018) Kat:3, Licht: 0","203148","3","3","5","07","14","2","0","0","0","1","0","0"
"POINT (13.512298983000051 52.417573039000047)","Unfall 203149 (2018) Kat:3, Licht: 0","203149","3","3","5","07","09","6","0","0","1","1","0","0"