WKT,Name,OBJECTID,UKATEGORIE,UTYP1,UART,UMONAT,USTUNDE,UWOCHENTAG,STRZUSTAND,ULICHTVERH,ISTRAD,ISTPKW,ISTFUSS,ISTKRAD
"POINT (13.593606379000050 52.444848874000058)","Unfall 203150 (2018) Kat:2, Licht: 0","203150","2","3","5","07","18","2","0","0","1","0","0","1"
"POINT (13.398042593000071 52.490991293000036)","Unfall 203151 (2018) Kat:3, Licht: 0","203151","3","3","5","07","17","5","0","0","1","1","0","0"
"POINT (13.441937763000055 52.550293380000028)","Unfall 203152 (2018) Kat:3, Licht: 0","203152","3","2","0","07","17","4","0","0","1","1","0","0"
"POINT (13.562456544000042 52.456657406000033)","Unfall 203153 (2018) Kat:3, Licht: 0","203153","3","3","5","07","17","5","0","0","1","1","0","0"
"POINT (13.342667624000057 52.464765520000071)","Unfall 203154 (2018) Kat:2, Licht: 0","203154","2","3","5","07","17","2","0","0","0","1","0","1"
"POINT (13.499432732000059 52.508746756000050)","Unfall 203155 (2018) Kat:3, Licht: 0","203155","3","7","5","07","14","4","0","0","0","1","0","0"
"POINT (13.241927584000052 52.452504214000044)","Unfall 203156 (2018) Kat:2, Licht: 0","203156","2","1","0","07","16","2","0","0","1","0","0","0"
"POINT (13.375126149000039 52.510057842000037)","Unfall 203157 (2018) Kat:3, Licht: 0","203157","3","5","1","07","15","4","0","0","1","1","0","0"
"POINT (13.464058383000065 52.513007633000029)","Unfall 203158 (2018) Kat:3, Licht: 2","203158","3","3","5","07","22","5","0","2","0","1","0","1"
"POINT (13.314369611000075 52.506332759000031)","Unfall 203159 (2018) Kat:3, Licht: 0","203159","3","5","1","07","16","2","0","0","1","1","0","0"
"POINT (13.327543190000029 52.564110222000068)","Unfall 203160 (2018) Kat:3, Licht: 0","203160","3","3","5","07","19","5","0","0","1","1","0","0"
"POINT (13.447382103000052 52.492069696000044)","Unfall 203161 (2018) Kat:2, Licht: 2","203161","2","5","1","07","22","4","0","2","1","1","0","0"
"POINT (13.410852855000030 52.396758576000082)","Unfall 203162 (2018) Kat:2, Licht: 2","203162","2","5","1","07","22","4","0","2","1","1","0","0"
"POINT (13.348417152000025 52.615540840000051)","Unfall 203163 (2018) Kat:3, Licht: 0","203163","3","6","4","07","19","5","0","0","0","0","0","0"
"POINT (13.430801750000057 52.511892619000037)","Unfall 203164 (2018) Kat:3, Licht: 0","203164","3","6","1","07","10","2","0","0","1","1","0","0"
"POINT (13.495535890000042 52.514251196000032)","Unfall 203165 (2018) Kat:3, Licht: 0","203165","3","6","4","07","18","5","0","0","0","1","0","0"
"POINT (13.432854008000049 52.568660229000045)","Unfall 203166 (2018) Kat:2, Licht: 0","203166","2","5","1","07","19","4","0","0","1","1","0","0"
"POINT (13.543217264000077 52.568281575000071)","Unfall 203167 (2018) Kat:2, Licht: 0","203167","2","2","5","07","17","4","0","0","1","1","0","0"
"POINT (13.383524050000062 52.555013218000056)","Unfall 203168 (2018) Kat:3, Licht: 0","203168","3","7","1","07","18","5","0","0","1","1","0","0"
"POINT (13.280963185000076 52.507651358000032)","Unfall 203169 (2018) Kat:2, Licht: 0","203169","2","5","1","07","20","1","0","0","1","1","0","0"
"POINT (13.211352354000041 52.547589671000026)","Unfall 203170 (2018) Kat:3, Licht: 0","203170","3","2","5","07","18","5","0","0","0","1","0","1"
"POINT (13.527043794000065 52.492083313000080)","Unfall 203171 (2018) Kat:1, Licht: 2","203171","1","2","5","07","21","4","0","2","1","0","0","0"
"POINT (13.527584835000027 52.481802310000035)","Unfall 203172 (2018) Kat:3, Licht: 0","203172","3","1","1","07","18","5","0","0","0","1","0","1"
"POINT (13.294317653000064 52.539651540000079)","Unfall 203173 (2018) Kat:3, Licht: 0","203173","3","6","0","07","14","1","0","0","0","1","0","1"
"POINT (13.321626136000077 52.575897658000031)","Unfall 203174 (2018) Kat:3, Licht: 1","203174","3","6","2","07","21","5","0","1","0","1","0","0"
"POINT (13.499423483000044 52.540351665000060)","Unfall 203175 (2018) Kat:3, Licht: 0","203175","3","6","2","07","10","3","0","0","0","1","0","0"
"POINT (13.401763518000052 52.528961438000067)","Unfall 203176 (2018) Kat:3, Licht: 0","203176","3","3","0","07","13","1","0","0","1","1","0","0"
"POINT (13.372758949000058 52.507377474000066)","Unfall 203177 (2018) Kat:3, Licht: 0","203177","3","7","6","07","20","3","0","0","0","0","1","1"
"POINT (13.367869515000052 52.525869189000048)","Unfall 203178 (2018) Kat:3, Licht: 0","203178","3","2","0","07","20","5","0","0","0","1","0","0"
"POINT (13.370836807000046 52.491744091000044)","Unfall 203179 (2018) Kat:3, Licht: 0","203179","3","3","5","07","13","1","0","0","1","1","0","0"
"POINT (13.432910484000047 52.517931436000026)","Unfall 203180 (2018) Kat:2, Licht: 2","203180","2","3","5","07","21","5","0","2","1","1","0","0"
"POINT (13.400926574000039 52.565658972000051)","Unfall 203181 (2018) Kat:3, Licht: 1","203181","3","6","3","07","21","3","0","1","0","1","0","0"
"POINT (13.331746011000064 52.505228799000065)","Unfall 203182 (2018) Kat:3, Licht: 0","203182","3","7","5","07","20","3","0","0","0","1","0","1"
"POINT (13.351242035000041 52.504333814000063)","Unfall 203183 (2018) Kat:3, Licht: 0","203183","3","2","0","07","19","5","0","0","1","1","0","1"
"POINT (13.541332944000033 52.435289428000033)","Unfall 203184 (2018) Kat:3, Licht: 0","203184","3","2","6","07","13","1","0","0","0","1","1","0"
"POINT (13.295130466000046 52.444401021000033)","Unfall 203185 (2018) Kat:2, Licht: 0","203185","2","2","5","07","18","5","0","0","1","1","0","0"
"POINT (13.327586801000052 52.486600523000050)","Unfall 203186 (2018) Kat:3, Licht: 0","203186","3","2","5","07","17","3","0","0","1","1","0","0"
"POINT (13.394386232000045 52.507017018000056)","Unfall 203187 (2018) Kat:3, Licht: 0","203187","3","3","5","07","13","1","0","0","0","1","0","0"
"POINT (13.202290801000061 52.546521917000064)","Unfall 203188 (2018) Kat:2, Licht: 0","203188","2","3","5","07","16","5","0","0","1","1","0","0"
"POINT (13.162615467000023 52.533340001000056)","Unfall 203189 (2018) Kat:3, Licht: 0","203189","3","3","5","07","13","1","0","0","1","1","0","0"
"POINT (13.347394329000053 52.578549317000068)","Unfall 203190 (2018) Kat:3, Licht: 0","203190","3","2","0","07","12","3","0","0","1","1","0","0"
"POINT (13.283748820000028 52.497807018000060)","Unfall 203191 (2018) Kat:3, Licht: 0","203191","3","6","4","07","13","1","0","0","1","0","0","0"
"POINT (13.298435815000062 52.464959890000046)","Unfall 203192 (2018) Kat:3, Licht: 0","203192","3","3","5","07","06","3","0","0","1","1","0","0"
"POINT (13.359876911000072 52.523454719000028)","Unfall 203193 (2018) Kat:3, Licht: 0","203193","3","3","0","07","17","5","0","0","0","1","0","1"
"POINT (13.352074087000062 52.536387235000063)","Unfall 203194 (2018) Kat:2, Licht: 0","203194","2","6","2","07","17","5","0","0","0","1","0","1"
"POINT (13.316163213000038 52.506233063000082)","Unfall 203195 (2018) Kat:3, Licht: 0","203195","3","6","2","07","12","1","0","0","0","1","0","1"
"POINT (13.430179711000051 52.588521152000055)","Unfall 203196 (2018) Kat:3, Licht: 0","203196","3","3","5","07","17","5","0","0","1","0","0","0"
"POINT (13.464656093000031 52.497438719000058)","Unfall 203197 (2018) Kat:3, Licht: 0","203197","3","2","0","07","07","3","0","0","0","1","0","0"
"POINT (13.333562835000066 52.530639610000037)","Unfall 203198 (2018) Kat:3, Licht: 0","203198","3","5","1","07","11","1","0","0","0","1","0","0"
"POINT (13.361985342000025 52.497706315000073)","Unfall 203199 (2018) Kat:3, Licht: 2","203199","3","2","0","07","00","3","0","2","0","1","0","0"
"POINT (13.304182870000034 52.449590829000044)","Unfall 203200 (2018) Kat:3, Licht: 0","203200","3","3","5","07","17","5","0","0","0","1","0","0"
"POINT (13.197940539000058 52.478474851000044)","Unfall 203201 (2018) Kat:3, Licht: 0","203201","3","6","2","07","10","1","0","0","0","1","0","1"
"POINT (13.370703957000046 52.539730883000061)","Unfall 203202 (2018) Kat:3, Licht: 0","203202","3","6","2","07","17","5","0","0","0","1","0","0"
"POINT (13.394411815000069 52.506856462000030)","Unfall 203203 (2018) Kat:3, Licht: 0","203203","3","6","2","07","11","3","0","0","1","1","0","0"
"POINT (13.438064089000022 52.566485938000028)","Unfall 203204 (2018) Kat:3, Licht: 0","203204","3","1","0","07","12","3","0","0","1","1","0","0"
"POINT (13.603177199000072 52.546695785000054)","Unfall 203205 (2018) Kat:3, Licht: 0","203205","3","6","2","07","17","5","0","0","0","1","0","0"
"POINT (13.516106567000065 52.566155374000061)","Unfall 203206 (2018) Kat:3, Licht: 0","203206","3","1","8","07","10","1","0","0","0","0","0","1"
"POINT (13.386974045000045 52.511059200000034)","Unfall 203207 (2018) Kat:3, Licht: 0","203207","3","6","2","07","16","5","0","0","1","1","0","0"
"POINT (13.447642075000033 52.429043956000044)","Unfall 203208 (2018) Kat:3, Licht: 0","203208","3","5","1","07","09","1","0","0","1","1","0","0"
"POINT (13.327281712000058 52.521995781000044)","Unfall 203209 (2018) Kat:2, Licht: 0","203209","2","7","5","07","20","3","0","0","0","1","0","1"
"POINT (13.461675544000059 52.509189265000032)","Unfall 203210 (2018) Kat:2, Licht: 2","203210","2","5","1","07","01","1","0","2","1","1","0","0"
"POINT (13.289276044000076 52.470693924000045)","Unfall 203211 (2018) Kat:2, Licht: 0","203211","2","2","5","07","15","5","0","0","1","0","0","0"
"POINT (13.390218279000067 52.507681508000076)","Unfall 203212 (2018) Kat:3, Licht: 0","203212","3","3","5","07","16","1","0","0","1","1","0","0"
"POINT (13.349865553000029 52.503038329000049)","Unfall 203213 (2018) Kat:3, Licht: 0","203213","3","2","5","07","18","7","0","0","0","1","0","1"
"POINT (13.181743730000051 52.534080628000027)","Unfall 203214 (2018) Kat:3, Licht: 0","203214","3","2","5","07","20","3","0","0","1","1","0","0"
"POINT (13.344028566000077 52.589039104000051)","Unfall 203215 (2018) Kat:3, Licht: 0","203215","3","6","2","07","15","5","0","0","0","1","0","0"
"POINT (13.319597642000076 52.463150850000034)","Unfall 203216 (2018) Kat:3, Licht: 0","203216","3","6","3","07","18","7","0","0","1","1","0","0"
"POINT (13.286680575000048 52.495754504000047)","Unfall 203217 (2018) Kat:3, Licht: 0","203217","3","2","6","07","15","5","0","0","0","1","1","0"
"POINT (13.470757740000067 52.524438567000061)","Unfall 203218 (2018) Kat:2, Licht: 0","203218","2","4","6","07","19","3","0","0","0","1","1","0"
"POINT (13.515295268000045 52.567235846000074)","Unfall 203219 (2018) Kat:3, Licht: 0","203219","3","2","5","07","15","5","0","0","1","1","0","0"
"POINT (13.184731086000056 52.547589886000026)","Unfall 203220 (2018) Kat:3, Licht: 0","203220","3","2","5","07","17","7","0","0","0","1","0","1"
"POINT (13.171744522000040 52.549911077000047)","Unfall 203221 (2018) Kat:3, Licht: 0","203221","3","6","2","07","16","7","0","0","1","0","0","0"
"POINT (13.483293130000050 52.425649532000079)","Unfall 203222 (2018) Kat:3, Licht: 0","203222","3","1","8","07","15","5","0","0","0","0","0","1"
"POINT (13.346629591000067 52.547842785000057)","Unfall 203223 (2018) Kat:3, Licht: 0","203223","3","6","2","07","17","3","0","0","0","1","0","0"
"POINT (13.364920406000067 52.526096765000034)","Unfall 203224 (2018) Kat:2, Licht: 0","203224","2","4","6","07","18","3","0","0","0","1","1","0"
"POINT (13.330477314000063 52.562559935000081)","Unfall 203225 (2018) Kat:3, Licht: 0","203225","3","2","2","07","16","7","0","0","0","1","0","1"
"POINT (13.395494096000050 52.499015671000052)","Unfall 203226 (2018) Kat:3, Licht: 0","203226","3","3","5","07","15","5","0","0","1","1","0","0"
"POINT (13.296652881000057 52.442999530000066)","Unfall 203227 (2018) Kat:3, Licht: 0","203227","3","2","0","07","13","7","0","0","0","1","0","1"
"POINT (13.298844157000076 52.441008002000046)","Unfall 203228 (2018) Kat:3, Licht: 0","203228","3","5","0","07","18","3","0","0","1","1","0","0"
"POINT (13.290496187000031 52.655865640000059)","Unfall 203229 (2018) Kat:3, Licht: 0","203229","3","3","5","07","12","7","0","0","1","1","0","0"
"POINT (13.433638692000045 52.482110242000033)","Unfall 203230 (2018) Kat:3, Licht: 0","203230","3","2","5","07","18","3","0","0","0","1","0","0"
"POINT (13.162205890000052 52.547254220000070)","Unfall 203231 (2018) Kat:3, Licht: 0","203231","3","6","2","07","17","5","0","0","0","1","0","0"
"POINT (13.344234679000067 52.458903293000049)","Unfall 203232 (2018) Kat:3, Licht: 0","203232","3","5","1","07","12","7","0","0","1","1","0","0"
"POINT (13.410968593000064 52.503829163000034)","Unfall 203233 (2018) Kat:3, Licht: 0","203233","3","2","5","07","09","3","0","0","1","0","0","0"
"POINT (13.184964648000062 52.515534898000055)","Unfall 203234 (2018) Kat:3, Licht: 0","203234","3","2","0","07","10","7","0","0","1","1","0","0"
"POINT (13.431352837000077 52.443353941000055)","Unfall 203235 (2018) Kat:2, Licht: 0","203235","2","1","1","07","07","3","0","0","0","0","0","1"
"POINT (13.387804450000033 52.492774598000040)","Unfall 203236 (2018) Kat:2, Licht: 0","203236","2","1","5","07","15","5","0","0","1","1","0","0"
"POINT (13.537027524000052 52.459939186000042)","Unfall 203237 (2018) Kat:3, Licht: 0","203237","3","2","5","07","10","7","0","0","0","1","0","1"
"POINT (13.394137295000064 52.547403127000052)","Unfall 203238 (2018) Kat:3, Licht: 0","203238","3","3","5","07","10","5","0","0","1","0","0","0"
"POINT (13.509374028000025 52.452094366000040)","Unfall 203239 (2018) Kat:3, Licht: 0","203239","3","1","9","07","06","3","0","0","0","0","0","1"
"POINT (13.354812072000072 52.413310071000069)","Unfall 203240 (2018) Kat:3, Licht: 0","203240","3","5","1","07","10","5","0","0","0","1","0","0"
"POINT (13.331219634000036 52.502899800000080)","Unfall 203241 (2018) Kat:3, Licht: 0","203241","3","2","5","07","14","7","0","0","1","1","0","0"
"POINT (13.420030754000038 52.538121945000057)","Unfall 203242 (2018) Kat:3, Licht: 0","203242","3","3","5","07","08","5","0","0","1","1","0","0"
"POINT (13.335196977000066 52.462657244000070)","Unfall 203243 (2018) Kat:3, Licht: 0","203243","3","3","5","07","11","3","0","0","0","1","0","0"
"POINT (13.312244475000057 52.499240272000065)","Unfall 203244 (2018) Kat:3, Licht: 0","203244","3","5","1","07","13","7","0","0","1","1","0","0"
"POINT (13.369663587000048 52.574646110000060)","Unfall 203245 (2018) Kat:3, Licht: 0","203245","3","6","3","07","17","3","0","0","0","1","0","0"
"POINT (13.180254661000049 52.494919485000082)","Unfall 203246 (2018) Kat:2, Licht: 0","203246","2","6","2","07","08","5","0","0","0","1","0","0"
"POINT (13.393439582000042 52.457806750000032)","Unfall 203247 (2018) Kat:3, Licht: 0","203247","3","1","0","07","12","7","0","0","0","0","0","1"
"POINT (13.310745557000075 52.516186915000048)","Unfall 203248 (2018) Kat:3, Licht: 0","203248","3","3","5","07","16","3","0","0","1","0","0","1"
"POINT (13.328505485000051 52.471183553000060)","Unfall 203249 (2018) Kat:2, Licht: 0","203249","2","1","9","07","13","7","0","0","0","0","0","1"
"POINT (13.499499672000070 52.562590351000040)","Unfall 203250 (2018) Kat:3, Licht: 0","203250","3","4","6","07","16","3","0","0","1","0","1","0"
"POINT (13.486486675000037 52.526653360000068)","Unfall 203251 (2018) Kat:3, Licht: 0","203251","3","3","5","07","14","5","0","0","0","1","0","0"
"POINT (13.157661456000028 52.542247034000070)","Unfall 203252 (2018) Kat:3, Licht: 2","203252","3","1","0","07","00","7","0","2","0","0","0","1"
"POINT (13.511778017000040 52.448787786000082)","Unfall 203253 (2018) Kat:3, Licht: 0","203253","3","2","5","07","07","5","0","0","1","1","0","0"
"POINT (13.364597391000075 52.562703754000040)","Unfall 203254 (2018) Kat:2, Licht: 0","203254","2","2","5","07","16","3","0","0","0","1","0","0"
"POINT (13.402509115000043 52.554301637000037)","Unfall 203255 (2018) Kat:3, Licht: 0","203255","3","2","0","07","15","3","0","0","1","1","0","0"
"POINT (13.388887314000044 52.516679369000030)","Unfall 203256 (2018) Kat:2, Licht: 0","203256","2","6","2","07","13","5","0","0","0","0","0","1"
"POINT (13.722119554000074 52.431091190000075)","Unfall 203257 (2018) Kat:2, Licht: 0","203257","2","7","2","07","19","7","0","0","0","1","0","0"
"POINT (13.439259527000047 52.478130036000039)","Unfall 203258 (2018) Kat:3, Licht: 0","203258","3","3","5","07","13","5","0","0","0","1","0","0"
"POINT (13.561579183000049 52.446114348000037)","Unfall 203259 (2018) Kat:3, Licht: 0","203259","3","2","5","07","15","3","0","0","1","0","0","0"
"POINT (13.163648796000075 52.541809320000027)","Unfall 203260 (2018) Kat:3, Licht: 0","203260","3","6","0","07","13","5","0","0","0","1","0","1"
"POINT (13.413626666000027 52.491758772000026)","Unfall 203261 (2018) Kat:3, Licht: 0","203261","3","5","1","07","19","7","0","0","0","1","0","1"
"POINT (13.314141579000022 52.436530682000068)","Unfall 203262 (2018) Kat:3, Licht: 0","203262","3","7","1","07","06","5","0","0","0","1","0","0"
"POINT (13.451657196000042 52.512603938000041)","Unfall 203263 (2018) Kat:3, Licht: 0","203263","3","5","1","07","15","3","0","0","1","1","0","0"
"POINT (13.705316364000055 52.432796506000045)","Unfall 203264 (2018) Kat:3, Licht: 0","203264","3","5","1","07","19","7","0","0","1","1","0","0"
"POINT (13.448197211000036 52.427355571000078)","Unfall 203265 (2018) Kat:3, Licht: 0","203265","3","6","0","07","14","3","0","0","0","0","0","1"
"POINT (13.533117920000052 52.433765455000071)","Unfall 203266 (2018) Kat:2, Licht: 0","203266","2","3","5","07","13","5","0","0","0","1","0","0"
"POINT (13.184661824000045 52.515420984000059)","Unfall 203267 (2018) Kat:3, Licht: 0","203267","3","2","5","07","18","7","0","0","0","0","0","1"
"POINT (13.179748712000048 52.533090745000038)","Unfall 203268 (2018) Kat:3, Licht: 0","203268","3","4","6","07","13","5","0","0","1","0","1","0"
"POINT (13.412086884000075 52.503186138000046)","Unfall 203269 (2018) Kat:3, Licht: 0","203269","3","3","0","07","14","3","0","0","0","1","0","1"
"POINT (13.320357510000065 52.482146695000040)","Unfall 203270 (2018) Kat:3, Licht: 0","203270","3","7","5","07","14","3","0","0","0","1","0","1"
"POINT (13.320676392000053 52.451714399000082)","Unfall 203271 (2018) Kat:3, Licht: 0","203271","3","2","6","07","13","5","0","0","0","1","1","0"
"POINT (13.327744002000031 52.428356592000057)","Unfall 203272 (2018) Kat:3, Licht: 0","203272","3","3","5","07","14","6","0","0","1","0","0","0"
"POINT (13.410811879000050 52.561176100000068)","Unfall 203273 (2018) Kat:3, Licht: 0","203273","3","3","5","07","12","5","0","0","0","1","0","0"
"POINT (13.567446733000054 52.573322599000051)","Unfall 203274 (2018) Kat:3, Licht: 0","203274","3","3","5","07","08","6","0","0","1","0","0","0"
"POINT (13.507967156000063 52.546384002000082)","Unfall 203275 (2018) Kat:3, Licht: 0","203275","3","3","5","07","12","5","0","0","0","1","0","0"
"POINT (13.578235036000024 52.459213877000082)","Unfall 203276 (2018) Kat:3, Licht: 0","203276","3","3","5","07","13","3","0","0","1","1","0","0"
"POINT (13.358180213000026 52.551478262000046)","Unfall 203277 (2018) Kat:3, Licht: 0","203277","3","5","4","07","13","3","0","0","0","1","0","1"
"POINT (13.428902689000040 52.485352451000040)","Unfall 203278 (2018) Kat:3, Licht: 0","203278","3","5","1","07","12","5","0","0","0","1","0","1"
"POINT (13.406188450000059 52.532045314000072)","Unfall 203279 (2018) Kat:3, Licht: 0","203279","3","5","1","07","08","6","0","0","1","1","0","0"
"POINT (13.334133368000039 52.470309770000028)","Unfall 203280 (2018) Kat:3, Licht: 0","203280","3","5","1","07","11","5","0","0","0","1","0","0"
"POINT (13.316555175000076 52.491075711000065)","Unfall 203281 (2018) Kat:3, Licht: 0","203281","3","3","5","07","14","2","0","0","0","1","0","0"
"POINT (13.199660673000039 52.534548712000060)","Unfall 203282 (2018) Kat:2, Licht: 0","203282","2","2","5","07","10","5","0","0","0","1","0","0"
"POINT (13.412247600000057 52.394378156000073)","Unfall 203283 (2018) Kat:3, Licht: 0","203283","3","4","6","07","07","6","0","0","1","0","1","0"
"POINT (13.279980648000048 52.519328998000049)","Unfall 203284 (2018) Kat:3, Licht: 0","203284","3","6","2","07","10","5","0","0","0","1","0","0"
"POINT (13.495776791000026 52.626027038000075)","Unfall 203285 (2018) Kat:3, Licht: 0","203285","3","3","5","07","07","6","0","0","0","1","0","0"
"POINT (13.525827293000077 52.494136106000042)","Unfall 203286 (2018) Kat:3, Licht: 0","203286","3","6","2","07","13","2","0","0","0","0","0","1"
"POINT (13.426007112000036 52.487681237000061)","Unfall 203287 (2018) Kat:3, Licht: 0","203287","3","5","1","07","05","6","0","0","1","1","0","0"
"POINT (13.384758515000044 52.550477911000030)","Unfall 203288 (2018) Kat:3, Licht: 0","203288","3","7","6","07","12","2","0","0","0","1","1","0"
"POINT (13.490588534000040 52.543213130000026)","Unfall 203289 (2018) Kat:3, Licht: 0","203289","3","3","5","07","08","5","0","0","1","1","0","0"
"POINT (13.298531710000077 52.571645227000033)","Unfall 203290 (2018) Kat:2, Licht: 2","203290","2","1","1","07","01","6","0","2","0","1","0","1"
"POINT (13.338866722000034 52.589373326000043)","Unfall 203291 (2018) Kat:2, Licht: 0","203291","2","2","5","07","10","5","0","0","0","1","0","1"
"POINT (13.440610448000029 52.517020236000064)","Unfall 203292 (2018) Kat:3, Licht: 0","203292","3","2","2","07","09","2","0","0","1","1","0","0"
"POINT (13.182054566000033 52.534091936000038)","Unfall 203293 (2018) Kat:3, Licht: 0","203293","3","6","0","07","17","2","0","0","0","1","0","0"
"POINT (13.604435162000073 52.536525287000075)","Unfall 203294 (2018) Kat:3, Licht: 0","203294","3","6","2","07","18","4","0","0","0","1","0","0"
"POINT (13.343686841000022 52.506274271000052)","Unfall 203295 (2018) Kat:3, Licht: 2","203295","3","1","0","07","22","6","0","2","0","1","0","1"
"POINT (13.394671803000051 52.491675198000053)","Unfall 203296 (2018) Kat:2, Licht: 2","203296","2","4","6","07","00","4","0","2","0","1","1","0"
"POINT (13.337811633000058 52.450796227000069)","Unfall 203297 (2018) Kat:3, Licht: 0","203297","3","2","3","07","18","6","0","0","0","1","0","0"
"POINT (13.454392057000064 52.617171157000030)","Unfall 203298 (2018) Kat:3, Licht: 0","203298","3","3","5","07","15","2","0","0","1","1","0","0"
"POINT (13.367115981000040 52.493456224000056)","Unfall 203299 (2018) Kat:3, Licht: 0","203299","3","7","5","07","17","6","0","0","1","1","0","0"
"POINT (13.391582265000068 52.555428972000072)","Unfall 203300 (2018) Kat:3, Licht: 0","203300","3","2","5","07","08","4","0","0","1","1","0","0"
"POINT (13.375335301000064 52.468658723000033)","Unfall 203301 (2018) Kat:3, Licht: 0","203301","3","3","5","07","17","6","0","0","0","1","0","1"
"POINT (13.379973069000073 52.522649514000079)","Unfall 203302 (2018) Kat:3, Licht: 0","203302","3","5","1","07","18","2","0","0","1","1","0","0"
"POINT (13.426659098000073 52.515680678000081)","Unfall 203303 (2018) Kat:3, Licht: 0","203303","3","3","5","07","19","2","0","0","1","1","0","0"
"POINT (13.440650240000025 52.517152704000068)","Unfall 203304 (2018) Kat:3, Licht: 0","203304","3","3","5","07","16","6","0","0","0","1","0","1"
"POINT (13.346385641000040 52.489228745000048)","Unfall 203305 (2018) Kat:3, Licht: 0","203305","3","7","0","07","09","4","1","0","0","0","0","1"
"POINT (13.380251871000041 52.437856082000053)","Unfall 203306 (2018) Kat:3, Licht: 0","203306","3","2","2","07","16","6","0","0","0","1","0","0"
"POINT (13.578226251000046 52.457311313000048)","Unfall 203307 (2018) Kat:3, Licht: 0","203307","3","4","6","07","17","2","0","0","1","0","1","0"
"POINT (13.325960156000065 52.561698369000055)","Unfall 203308 (2018) Kat:3, Licht: 0","203308","3","7","5","07","15","6","0","0","0","1","0","0"
"POINT (13.372252040000035 52.556685249000054)","Unfall 203309 (2018) Kat:3, Licht: 2","203309","3","4","6","07","21","2","0","2","0","0","1","0"
"POINT (13.307467299000052 52.511854448000065)","Unfall 203310 (2018) Kat:3, Licht: 0","203310","3","3","5","07","08","4","0","0","1","1","0","0"
"POINT (13.303753141000072 52.472787231000041)","Unfall 203311 (2018) Kat:3, Licht: 0","203311","3","5","5","07","15","6","0","0","0","1","0","1"
"POINT (13.410939470000073 52.528591889000040)","Unfall 203312 (2018) Kat:3, Licht: 0","203312","3","6","2","07","09","4","0","0","1","0","0","0"
"POINT (13.418466487000046 52.584330486000056)","Unfall 203313 (2018) Kat:3, Licht: 0","203313","3","2","5","07","19","2","0","0","0","1","0","1"
"POINT (13.426527738000061 52.555380872000057)","Unfall 203314 (2018) Kat:3, Licht: 0","203314","3","3","5","07","20","2","0","0","0","1","0","0"
"POINT (13.469742855000050 52.614291001000026)","Unfall 203315 (2018) Kat:3, Licht: 2","203315","3","6","4","07","21","6","0","2","1","1","0","0"
"POINT (13.507592828000043 52.475014706000081)","Unfall 203316 (2018) Kat:3, Licht: 0","203316","3","2","5","07","10","4","0","0","0","1","0","1"
"POINT (13.330559687000061 52.511243765000074)","Unfall 203317 (2018) Kat:3, Licht: 0","203317","3","6","2","07","19","6","0","0","0","1","0","0"
"POINT (13.414733517000059 52.513943256000061)","Unfall 203318 (2018) Kat:3, Licht: 0","203318","3","5","1","07","19","2","0","0","1","0","0","0"
"POINT (13.287635294000040 52.477581475000079)","Unfall 203319 (2018) Kat:3, Licht: 1","203319","3","3","5","07","19","6","0","1","1","0","0","0"
"POINT (13.307364276000044 52.419836492000059)","Unfall 203320 (2018) Kat:3, Licht: 0","203320","3","3","5","07","16","2","0","0","0","1","0","0"
"POINT (13.266894754000077 52.410414418000073)","Unfall 203321 (2018) Kat:3, Licht: 0","203321","3","6","2","07","12","4","0","0","0","1","0","0"
"POINT (13.279775441000027 52.518294680000054)","Unfall 203322 (2018) Kat:3, Licht: 0","203322","3","1","8","07","18","6","0","0","0","1","0","0"
"POINT (13.195217924000076 52.527596544000062)","Unfall 203323 (2018) Kat:3, Licht: 0","203323","3","6","2","07","15","2","0","0","0","1","0","0"
"POINT (13.300134593000053 52.522226981000074)","Unfall 203324 (2018) Kat:3, Licht: 0","203324","3","6","3","07","14","2","0","0","1","0","0","0"
"POINT (13.190169947000072 52.434211569000070)","Unfall 203325 (2018) Kat:3, Licht: 0","203325","3","3","5","07","12","4","0","0","0","1","0","0"
"POINT (13.621624990000043 52.530519607000031)","Unfall 203326 (2018) Kat:3, Licht: 0","203326","3","4","6","07","19","6","0","0","0","1","1","0"
"POINT (13.464108236000072 52.560065377000058)","Unfall 203327 (2018) Kat:3, Licht: 0","203327","3","2","5","07","19","4","0","0","1","1","0","0"
"POINT (13.448096223000050 52.427322981000032)","Unfall 203328 (2018) Kat:3, Licht: 0","203328","3","3","5","07","15","6","0","0","0","1","0","0"
"POINT (13.293567827000061 52.445829522000054)","Unfall 203329 (2018) Kat:3, Licht: 0","203329","3","2","5","07","13","2","0","0","1","1","0","0"
"POINT (13.495713120000062 52.432115279000072)","Unfall 203330 (2018) Kat:3, Licht: 0","203330","3","6","0","07","07","4","0","0","1","1","0","0"
"POINT (13.308760158000041 52.500098955000055)","Unfall 203331 (2018) Kat:3, Licht: 0","203331","3","4","6","07","15","6","0","0","0","1","1","0"
"POINT (13.256715241000052 52.416005286000029)","Unfall 203332 (2018) Kat:3, Licht: 0","203332","3","6","3","07","18","4","0","0","0","0","0","1"
"POINT (13.391332866000027 52.513416764000056)","Unfall 203333 (2018) Kat:3, Licht: 0","203333","3","5","1","07","12","2","0","0","1","1","0","0"
"POINT (13.489778545000036 52.420067557000039)","Unfall 203334 (2018) Kat:3, Licht: 0","203334","3","2","0","07","16","4","0","0","1","1","0","0"