WKT,Name,OBJECTID,UKATEGORIE,UTYP1,UART,UMONAT,USTUNDE,UWOCHENTAG,STRZUSTAND,ULICHTVERH,ISTRAD,ISTPKW,ISTFUSS,ISTKRAD
"POINT (13.257555725000032 52.507700805000070)","Unfall 203335 (2018) Kat:3, Licht: 0","203335","3","3","5","07","08","6","0","0","1","1","0","0"
"POINT (13.180844120000074 52.534042020000072)","Unfall 203336 (2018) Kat:3, Licht: 1","203336","3","2","0","07","21","2","0","1","0","1","0","0"
"POINT (13.417542291000075 52.577809118000062)","Unfall 203337 (2018) Kat:3, Licht: 0","203337","3","5","1","07","16","6","0","0","0","1","0","0"
"POINT (13.391892912000060 52.563745830000073)","Unfall 203338 (2018) Kat:2, Licht: 1","203338","2","4","6","07","22","2","0","1","0","1","1","0"
"POINT (13.263295509000045 52.598466940000037)","Unfall 203339 (2018) Kat:3, Licht: 0","203339","3","6","4","07","16","4","0","0","0","1","0","0"
"POINT (13.351130408000074 52.515179882000041)","Unfall 203340 (2018) Kat:3, Licht: 0","203340","3","6","2","07","11","6","0","0","0","1","0","0"
"POINT (13.441530900000032 52.470325895000030)","Unfall 203341 (2018) Kat:3, Licht: 0","203341","3","6","2","07","16","4","0","0","0","1","0","0"
"POINT (13.362510407000059 52.607907511000064)","Unfall 203342 (2018) Kat:2, Licht: 0","203342","2","1","0","07","20","2","0","0","0","0","0","1"
"POINT (13.339411403000042 52.532808815000067)","Unfall 203343 (2018) Kat:3, Licht: 0","203343","3","5","1","07","18","2","0","0","1","1","0","0"
"POINT (13.356351531000030 52.535887281000043)","Unfall 203344 (2018) Kat:3, Licht: 0","203344","3","2","5","07","16","4","0","0","1","1","0","0"
"POINT (13.507296712000027 52.534683609000069)","Unfall 203345 (2018) Kat:3, Licht: 0","203345","3","6","2","07","11","6","0","0","0","1","0","0"
"POINT (13.483591274000048 52.431226429000048)","Unfall 203346 (2018) Kat:3, Licht: 0","203346","3","3","5","07","16","4","0","0","0","1","0","0"
"POINT (13.362865104000036 52.524486728000056)","Unfall 203347 (2018) Kat:2, Licht: 0","203347","2","4","6","07","13","2","0","0","0","1","1","0"
"POINT (13.494998870000074 52.412543832000040)","Unfall 203348 (2018) Kat:2, Licht: 0","203348","2","3","5","07","15","4","0","0","0","1","0","0"
"POINT (13.227604410000026 52.528527226000051)","Unfall 203349 (2018) Kat:3, Licht: 0","203349","3","6","2","07","12","6","0","0","0","1","0","0"
"POINT (13.362870690000022 52.546540862000029)","Unfall 203350 (2018) Kat:3, Licht: 0","203350","3","3","5","07","15","4","0","0","0","1","0","0"
"POINT (13.211516150000023 52.575631988000055)","Unfall 203351 (2018) Kat:2, Licht: 0","203351","2","1","0","07","13","2","0","0","0","1","0","1"
"POINT (13.405072499000028 52.427919111000051)","Unfall 203352 (2018) Kat:3, Licht: 0","203352","3","1","0","07","13","2","0","0","0","0","0","1"
"POINT (13.398822795000058 52.570599234000042)","Unfall 203353 (2018) Kat:3, Licht: 0","203353","3","4","6","07","15","4","0","0","0","1","1","0"
"POINT (13.558286583000040 52.434778426000037)","Unfall 203354 (2018) Kat:3, Licht: 0","203354","3","2","5","07","13","6","0","0","0","1","0","1"
"POINT (13.207107381000071 52.538917835000063)","Unfall 203355 (2018) Kat:3, Licht: 0","203355","3","1","0","07","15","4","0","0","0","1","0","1"
"POINT (13.332191439000042 52.610188375000064)","Unfall 203356 (2018) Kat:3, Licht: 0","203356","3","5","1","07","12","2","0","0","0","1","0","0"
"POINT (13.379245178000076 52.507030459000077)","Unfall 203357 (2018) Kat:3, Licht: 0","203357","3","3","5","07","07","6","0","0","1","1","0","0"
"POINT (13.331451720000075 52.505243652000047)","Unfall 203358 (2018) Kat:3, Licht: 2","203358","3","3","5","07","00","2","0","2","0","1","0","0"
"POINT (13.511870365000050 52.431521484000029)","Unfall 203359 (2018) Kat:3, Licht: 0","203359","3","6","2","07","15","4","0","0","1","1","0","0"
"POINT (13.463958937000029 52.463719772000047)","Unfall 203360 (2018) Kat:3, Licht: 0","203360","3","7","5","07","05","6","0","0","1","1","0","0"
"POINT (13.286126283000044 52.449659307000047)","Unfall 203361 (2018) Kat:3, Licht: 0","203361","3","3","5","07","14","4","0","0","0","1","0","0"
"POINT (13.400947567000060 52.530091482000046)","Unfall 203362 (2018) Kat:3, Licht: 2","203362","3","1","0","07","02","2","0","2","1","0","0","0"
"POINT (13.613604708000025 52.509203165000031)","Unfall 203363 (2018) Kat:3, Licht: 0","203363","3","1","8","07","06","2","0","0","0","1","0","0"
"POINT (13.434589366000068 52.441261606000069)","Unfall 203364 (2018) Kat:3, Licht: 0","203364","3","2","5","07","14","4","0","0","1","1","0","0"
"POINT (13.510895971000025 52.539522286000079)","Unfall 203365 (2018) Kat:3, Licht: 0","203365","3","3","5","07","13","6","0","0","0","1","0","1"
"POINT (13.380211267000050 52.519279397000048)","Unfall 203366 (2018) Kat:3, Licht: 0","203366","3","6","2","07","13","4","0","0","0","1","0","0"
"POINT (13.398541275000071 52.507011683000030)","Unfall 203367 (2018) Kat:3, Licht: 0","203367","3","6","3","07","07","2","0","0","0","1","0","0"
"POINT (13.442788042000075 52.498964510000064)","Unfall 203368 (2018) Kat:3, Licht: 0","203368","3","3","5","07","13","4","0","0","1","0","0","0"
"POINT (13.419777371000066 52.531898510000076)","Unfall 203369 (2018) Kat:3, Licht: 0","203369","3","3","2","07","08","6","0","0","1","1","0","0"
"POINT (13.203634182000030 52.586889849000045)","Unfall 203370 (2018) Kat:2, Licht: 0","203370","2","6","2","07","11","4","0","0","0","1","0","1"
"POINT (13.330356863000077 52.505309801000067)","Unfall 203371 (2018) Kat:3, Licht: 0","203371","3","6","2","07","13","6","0","0","0","1","0","0"
"POINT (13.365380868000045 52.557108312000082)","Unfall 203372 (2018) Kat:3, Licht: 0","203372","3","2","0","07","08","2","0","0","1","1","0","0"
"POINT (13.227182145000029 52.549451837000049)","Unfall 203373 (2018) Kat:3, Licht: 0","203373","3","2","5","07","09","6","0","0","0","1","0","1"
"POINT (13.375580220000074 52.480676338000080)","Unfall 203374 (2018) Kat:3, Licht: 0","203374","3","3","5","07","08","2","0","0","0","1","0","0"
"POINT (13.447179247000065 52.485958942000082)","Unfall 203375 (2018) Kat:3, Licht: 2","203375","3","6","4","07","23","4","0","2","1","1","0","0"
"POINT (13.351132860000064 52.509481022000045)","Unfall 203376 (2018) Kat:3, Licht: 0","203376","3","2","5","07","10","6","0","0","1","0","0","0"
"POINT (13.192887339000038 52.532114331000059)","Unfall 203377 (2018) Kat:3, Licht: 2","203377","3","3","5","07","23","4","0","2","0","1","0","1"
"POINT (13.441101627000023 52.549553381000067)","Unfall 203378 (2018) Kat:3, Licht: 0","203378","3","3","5","07","08","2","0","0","0","1","0","0"
"POINT (13.397952394000072 52.517699244000028)","Unfall 203379 (2018) Kat:3, Licht: 0","203379","3","7","2","07","08","2","0","0","1","0","0","0"
"POINT (13.413265378000062 52.491802191000033)","Unfall 203380 (2018) Kat:3, Licht: 0","203380","3","2","5","07","10","6","0","0","0","1","0","0"
"POINT (13.425699957000063 52.560379278000028)","Unfall 203381 (2018) Kat:3, Licht: 0","203381","3","5","1","07","09","2","0","0","1","1","0","0"
"POINT (13.378082892000066 52.407653674000073)","Unfall 203382 (2018) Kat:3, Licht: 1","203382","3","3","5","07","21","4","0","1","0","1","0","0"
"POINT (13.526772517000040 52.428837192000060)","Unfall 203383 (2018) Kat:2, Licht: 0","203383","2","2","5","07","13","6","0","0","0","1","0","0"
"POINT (13.285014170000068 52.479542981000066)","Unfall 203384 (2018) Kat:3, Licht: 1","203384","3","6","3","07","20","4","0","1","0","1","0","1"
"POINT (13.391290010000034 52.536212227000078)","Unfall 203385 (2018) Kat:3, Licht: 0","203385","3","2","5","07","09","2","0","0","1","1","0","0"
"POINT (13.295512108000025 52.506775821000076)","Unfall 203386 (2018) Kat:3, Licht: 0","203386","3","6","3","07","09","2","0","0","1","1","0","0"
"POINT (13.346128985000064 52.494563592000077)","Unfall 203387 (2018) Kat:3, Licht: 0","203387","3","2","5","07","20","4","0","0","1","1","0","0"
"POINT (13.355146541000067 52.526806442000066)","Unfall 203388 (2018) Kat:3, Licht: 0","203388","3","6","2","07","09","6","0","0","1","0","0","0"
"POINT (13.416340073000072 52.553695469000047)","Unfall 203389 (2018) Kat:3, Licht: 0","203389","3","5","1","07","19","4","0","0","1","1","0","0"
"POINT (13.317347221000034 52.566705007000053)","Unfall 203390 (2018) Kat:3, Licht: 0","203390","3","6","2","07","07","6","0","0","0","1","0","0"
"POINT (13.378290140000047 52.434815474000061)","Unfall 203391 (2018) Kat:3, Licht: 0","203391","3","2","5","07","09","2","0","0","0","1","0","0"
"POINT (13.366683484000077 52.557286705000081)","Unfall 203392 (2018) Kat:3, Licht: 0","203392","3","3","5","07","06","6","0","0","1","1","0","0"
"POINT (13.259578893000025 52.513795219000031)","Unfall 203393 (2018) Kat:2, Licht: 0","203393","2","3","5","07","18","4","0","0","0","1","0","0"
"POINT (13.358880634000059 52.596829423000031)","Unfall 203394 (2018) Kat:2, Licht: 0","203394","2","2","5","07","07","6","0","0","1","1","0","0"
"POINT (13.539005596000038 52.450986725000064)","Unfall 203395 (2018) Kat:3, Licht: 0","203395","3","3","5","07","08","6","0","0","1","1","0","0"
"POINT (13.360256738000032 52.509842658000082)","Unfall 203396 (2018) Kat:3, Licht: 0","203396","3","2","5","07","09","2","0","0","1","0","0","1"
"POINT (13.429789976000052 52.498341480000079)","Unfall 203397 (2018) Kat:3, Licht: 0","203397","3","3","5","07","18","4","0","0","1","1","0","0"
"POINT (13.342621476000033 52.525045070000033)","Unfall 203398 (2018) Kat:3, Licht: 0","203398","3","1","0","07","09","6","0","0","1","0","0","0"
"POINT (13.408373154000060 52.398828282000068)","Unfall 203399 (2018) Kat:3, Licht: 0","203399","3","2","5","07","18","4","0","0","1","1","0","0"
"POINT (13.196856734000050 52.531069009000078)","Unfall 203400 (2018) Kat:3, Licht: 0","203400","3","6","3","07","10","2","0","0","0","1","0","0"
"POINT (13.403215214000056 52.527277093000066)","Unfall 203401 (2018) Kat:3, Licht: 0","203401","3","7","2","07","10","2","0","0","0","1","0","0"
"POINT (13.387112743000046 52.527019253000049)","Unfall 203402 (2018) Kat:3, Licht: 0","203402","3","1","0","07","12","4","0","0","0","0","0","1"
"POINT (13.661042908000070 52.412673122000058)","Unfall 203403 (2018) Kat:3, Licht: 0","203403","3","7","4","07","14","6","0","0","0","1","0","0"
"POINT (13.320700651000038 52.443855982000059)","Unfall 203404 (2018) Kat:3, Licht: 0","203404","3","7","5","07","10","2","0","0","0","1","0","1"
"POINT (13.321830700000021 52.505777651000074)","Unfall 203405 (2018) Kat:3, Licht: 2","203405","3","1","0","07","00","6","0","2","1","0","0","0"
"POINT (13.312143238000033 52.479948771000068)","Unfall 203406 (2018) Kat:2, Licht: 0","203406","2","5","1","07","16","5","0","0","1","1","0","0"
"POINT (13.280384172000026 52.518331464000028)","Unfall 203407 (2018) Kat:3, Licht: 2","203407","3","2","5","07","22","3","0","2","1","1","0","0"
"POINT (13.312618186000066 52.468512710000027)","Unfall 203408 (2018) Kat:3, Licht: 2","203408","3","1","1","07","23","5","0","2","1","1","0","0"
"POINT (13.331024884000044 52.490636792000032)","Unfall 203409 (2018) Kat:3, Licht: 0","203409","3","6","2","07","10","2","0","0","0","1","0","0"
"POINT (13.388530487000025 52.518719872000077)","Unfall 203410 (2018) Kat:3, Licht: 1","203410","3","2","0","07","21","5","0","1","1","1","0","0"
"POINT (13.620635894000031 52.504217906000065)","Unfall 203411 (2018) Kat:2, Licht: 0","203411","2","2","5","07","10","2","0","0","0","0","0","1"
"POINT (13.408692295000037 52.571563829000070)","Unfall 203412 (2018) Kat:3, Licht: 0","203412","3","5","1","07","19","3","0","0","0","1","0","1"
"POINT (13.384329857000068 52.550917401000049)","Unfall 203413 (2018) Kat:3, Licht: 0","203413","3","5","1","07","15","5","0","0","1","1","0","0"
"POINT (13.198650703000055 52.555325658000072)","Unfall 203414 (2018) Kat:3, Licht: 0","203414","3","2","2","07","11","2","0","0","0","1","0","0"
"POINT (13.339287763000073 52.467890355000065)","Unfall 203415 (2018) Kat:3, Licht: 0","203415","3","5","1","07","07","5","0","0","1","1","0","0"
"POINT (13.453856684000073 52.482447661000037)","Unfall 203416 (2018) Kat:3, Licht: 0","203416","3","3","5","07","11","2","0","0","0","1","0","0"
"POINT (13.205211622000036 52.541546386000050)","Unfall 203417 (2018) Kat:3, Licht: 0","203417","3","4","6","07","18","3","0","0","0","1","1","0"
"POINT (13.344692244000044 52.492266326000049)","Unfall 203418 (2018) Kat:3, Licht: 1","203418","3","1","9","07","21","5","0","1","0","1","0","0"
"POINT (13.412511227000039 52.566401253000038)","Unfall 203419 (2018) Kat:3, Licht: 0","203419","3","1","9","07","18","3","0","0","0","1","0","0"
"POINT (13.383633945000042 52.536651774000063)","Unfall 203420 (2018) Kat:3, Licht: 0","203420","3","4","0","07","08","2","0","0","0","1","1","0"
"POINT (13.230229828000063 52.541943991000039)","Unfall 203421 (2018) Kat:3, Licht: 0","203421","3","7","5","07","18","3","0","0","0","1","0","0"
"POINT (13.359827171000063 52.504175329000077)","Unfall 203422 (2018) Kat:3, Licht: 2","203422","3","2","2","07","22","5","0","2","1","1","0","0"
"POINT (13.416275369000061 52.570974683000031)","Unfall 203423 (2018) Kat:3, Licht: 0","203423","3","3","5","07","12","1","0","0","1","1","0","0"
"POINT (13.360898246000033 52.494262224000067)","Unfall 203424 (2018) Kat:3, Licht: 0","203424","3","2","5","07","20","5","0","0","1","1","0","0"
"POINT (13.403363315000036 52.532166953000058)","Unfall 203425 (2018) Kat:2, Licht: 0","203425","2","1","0","07","16","1","0","0","1","0","0","0"
"POINT (13.377157855000064 52.554900754000073)","Unfall 203426 (2018) Kat:3, Licht: 0","203426","3","7","2","07","18","3","0","0","0","1","0","0"
"POINT (13.379766238000059 52.521795666000060)","Unfall 203427 (2018) Kat:3, Licht: 0","203427","3","5","1","07","20","5","0","0","1","1","0","0"
"POINT (13.441575198000066 52.501198044000034)","Unfall 203428 (2018) Kat:2, Licht: 0","203428","2","2","5","07","17","3","0","0","1","1","0","0"
"POINT (13.260456040000065 52.477986037000051)","Unfall 203429 (2018) Kat:2, Licht: 0","203429","2","6","4","07","13","1","0","0","0","1","0","0"
"POINT (13.459801629000026 52.513057681000078)","Unfall 203430 (2018) Kat:3, Licht: 0","203430","3","7","6","07","15","1","0","0","0","1","1","0"
"POINT (13.614982944000076 52.517620030000046)","Unfall 203431 (2018) Kat:2, Licht: 0","203431","2","5","2","07","16","3","0","0","0","1","0","1"
"POINT (13.600942661000033 52.479305594000039)","Unfall 203432 (2018) Kat:2, Licht: 0","203432","2","3","5","07","19","5","0","0","1","1","0","0"
"POINT (13.387515744000041 52.439881745000037)","Unfall 203433 (2018) Kat:3, Licht: 0","203433","3","7","0","07","17","1","1","0","0","0","0","1"
"POINT (13.152116290000038 52.553638271000068)","Unfall 203434 (2018) Kat:3, Licht: 0","203434","3","6","2","07","16","3","0","0","0","1","0","0"
"POINT (13.450779284000077 52.527138094000065)","Unfall 203435 (2018) Kat:3, Licht: 0","203435","3","3","5","07","18","5","0","0","1","1","0","0"
"POINT (13.458826583000075 52.440277798000068)","Unfall 203436 (2018) Kat:3, Licht: 0","203436","3","2","5","07","14","1","0","0","0","1","0","0"
"POINT (13.184978845000046 52.424381102000041)","Unfall 203437 (2018) Kat:2, Licht: 0","203437","2","5","1","07","15","1","0","0","1","1","0","0"
"POINT (13.320977953000067 52.513090868000063)","Unfall 203438 (2018) Kat:3, Licht: 0","203438","3","3","5","07","16","3","0","0","0","1","0","0"
"POINT (13.321483442000044 52.513210973000071)","Unfall 203439 (2018) Kat:3, Licht: 0","203439","3","6","2","07","18","5","0","0","0","1","0","1"
"POINT (13.416223905000038 52.554422256000066)","Unfall 203440 (2018) Kat:3, Licht: 0","203440","3","5","1","07","16","3","0","0","1","1","0","0"
"POINT (13.281693383000061 52.509251255000038)","Unfall 203441 (2018) Kat:3, Licht: 0","203441","3","3","0","07","15","1","0","0","0","1","0","1"
"POINT (13.360282858000062 52.417948364000040)","Unfall 203442 (2018) Kat:3, Licht: 0","203442","3","2","5","07","15","3","0","0","1","1","0","0"
"POINT (13.436630017000027 52.479908404000071)","Unfall 203443 (2018) Kat:3, Licht: 0","203443","3","2","2","07","19","5","0","0","0","1","0","1"
"POINT (13.336079757000050 52.465168185000039)","Unfall 203444 (2018) Kat:3, Licht: 0","203444","3","3","5","07","15","3","0","0","1","1","0","0"
"POINT (13.313748534000069 52.620003180000026)","Unfall 203445 (2018) Kat:2, Licht: 0","203445","2","3","5","07","14","1","0","0","0","1","0","1"
"POINT (13.197661472000050 52.520348675000037)","Unfall 203446 (2018) Kat:3, Licht: 0","203446","3","3","5","07","17","5","0","0","0","1","0","0"
"POINT (13.280722595000043 52.429518896000047)","Unfall 203447 (2018) Kat:2, Licht: 0","203447","2","3","5","07","10","1","0","0","1","1","0","0"
"POINT (13.273019833000035 52.513128708000067)","Unfall 203448 (2018) Kat:2, Licht: 0","203448","2","2","5","07","15","3","0","0","1","1","0","0"
"POINT (13.415353230000051 52.520629990000032)","Unfall 203449 (2018) Kat:3, Licht: 0","203449","3","2","2","07","17","5","0","0","0","0","0","1"
"POINT (13.294297080000035 52.534339500000044)","Unfall 203450 (2018) Kat:3, Licht: 0","203450","3","6","3","07","14","3","0","0","0","0","0","1"
"POINT (13.413449878000051 52.525273509000044)","Unfall 203451 (2018) Kat:3, Licht: 0","203451","3","4","0","07","09","1","0","0","0","0","1","0"
"POINT (13.436531140000056 52.490765357000043)","Unfall 203452 (2018) Kat:3, Licht: 0","203452","3","6","2","07","12","1","0","0","1","1","0","0"
"POINT (13.603759698000033 52.478908856000032)","Unfall 203453 (2018) Kat:3, Licht: 0","203453","3","2","5","08","08","3","0","0","0","1","0","1"
"POINT (13.361741889000029 52.553532538000070)","Unfall 203454 (2018) Kat:3, Licht: 0","203454","3","3","0","08","08","5","0","0","0","1","0","1"
"POINT (13.389077225000051 52.398362992000045)","Unfall 203455 (2018) Kat:3, Licht: 0","203455","3","2","5","08","08","3","0","0","1","1","0","0"
"POINT (13.417120220000072 52.525970612000037)","Unfall 203456 (2018) Kat:3, Licht: 0","203456","3","2","0","08","16","6","0","0","1","0","0","0"
"POINT (13.400263599000027 52.483716377000064)","Unfall 203457 (2018) Kat:3, Licht: 0","203457","3","2","5","08","08","3","0","0","1","1","0","0"
"POINT (13.289830865000056 52.515288021000060)","Unfall 203458 (2018) Kat:3, Licht: 1","203458","3","3","5","08","17","6","0","1","1","0","0","0"
"POINT (13.499760848000051 52.562327172000039)","Unfall 203459 (2018) Kat:3, Licht: 0","203459","3","7","6","08","06","5","0","0","0","1","1","0"
"POINT (13.342771330000062 52.525471122000056)","Unfall 203460 (2018) Kat:3, Licht: 0","203460","3","2","5","08","14","6","0","0","1","1","0","0"
"POINT (13.353025368000033 52.502356855000073)","Unfall 203461 (2018) Kat:3, Licht: 1","203461","3","2","5","08","18","4","0","1","0","1","0","0"
"POINT (13.399461971000051 52.498213564000082)","Unfall 203462 (2018) Kat:3, Licht: 0","203462","3","3","5","08","08","3","0","0","1","1","0","0"
"POINT (13.495192975000066 52.431720899000027)","Unfall 203463 (2018) Kat:3, Licht: 0","203463","3","2","5","08","15","6","0","0","0","1","0","0"
"POINT (13.334588910000036 52.495985730000029)","Unfall 203464 (2018) Kat:3, Licht: 0","203464","3","2","5","08","08","3","0","0","1","1","0","0"
"POINT (13.280553557000076 52.517605362000040)","Unfall 203465 (2018) Kat:3, Licht: 0","203465","3","6","2","08","14","4","0","0","0","1","0","0"
"POINT (13.356934735000038 52.499011006000046)","Unfall 203466 (2018) Kat:3, Licht: 0","203466","3","7","1","08","14","4","0","0","0","1","0","0"
"POINT (13.358723714000064 52.554155966000053)","Unfall 203467 (2018) Kat:3, Licht: 0","203467","3","2","5","08","14","6","0","0","1","0","0","0"
"POINT (13.336673254000061 52.458490243000028)","Unfall 203468 (2018) Kat:3, Licht: 0","203468","3","6","3","08","07","3","0","0","1","1","0","0"
"POINT (13.445174731000066 52.581510297000079)","Unfall 203469 (2018) Kat:3, Licht: 0","203469","3","2","5","08","14","6","0","0","1","1","0","0"
"POINT (13.656425127000034 52.415256707000026)","Unfall 203470 (2018) Kat:2, Licht: 0","203470","2","4","6","08","12","4","0","0","0","1","1","0"
"POINT (13.390177550000033 52.412322056000050)","Unfall 203471 (2018) Kat:3, Licht: 0","203471","3","5","1","08","14","6","0","0","0","1","0","0"
"POINT (13.326752918000068 52.519635896000068)","Unfall 203472 (2018) Kat:3, Licht: 0","203472","3","6","2","08","07","3","0","0","0","1","0","0"
"POINT (13.312687296000036 52.480218833000038)","Unfall 203473 (2018) Kat:3, Licht: 0","203473","3","6","2","08","11","6","0","0","0","1","0","0"
"POINT (13.377629688000070 52.542186137000044)","Unfall 203474 (2018) Kat:3, Licht: 0","203474","3","3","5","08","08","6","0","0","1","1","0","0"
"POINT (13.317901177000067 52.491716747000055)","Unfall 203475 (2018) Kat:3, Licht: 0","203475","3","5","5","08","11","4","0","0","1","1","0","0"
"POINT (13.357534429000054 52.536019345000057)","Unfall 203476 (2018) Kat:3, Licht: 0","203476","3","3","5","08","07","6","0","0","1","1","0","0"
"POINT (13.511848073000067 52.546343838000041)","Unfall 203477 (2018) Kat:2, Licht: 0","203477","2","2","5","08","06","3","0","0","0","0","0","1"
"POINT (13.197458631000075 52.532044143000064)","Unfall 203478 (2018) Kat:3, Licht: 0","203478","3","2","0","08","11","6","0","0","0","1","0","0"
"POINT (13.300589861000049 52.517115502000081)","Unfall 203479 (2018) Kat:3, Licht: 0","203479","3","2","5","08","09","4","0","0","0","1","0","0"
"POINT (13.405050127000038 52.427880517000062)","Unfall 203480 (2018) Kat:3, Licht: 0","203480","3","6","0","08","13","6","0","0","0","1","0","0"
"POINT (13.343486855000037 52.472619982000026)","Unfall 203481 (2018) Kat:3, Licht: 0","203481","3","3","5","08","09","4","0","0","0","1","0","0"
"POINT (13.428818088000071 52.486681465000061)","Unfall 203482 (2018) Kat:2, Licht: 2","203482","2","4","6","08","01","3","0","2","0","1","1","0"
"POINT (13.525369743000056 52.481627035000031)","Unfall 203483 (2018) Kat:3, Licht: 0","203483","3","6","0","08","14","6","0","0","1","1","0","0"
"POINT (13.309495257000037 52.466960392000033)","Unfall 203484 (2018) Kat:3, Licht: 0","203484","3","2","5","08","15","1","0","0","1","0","0","0"
"POINT (13.352026952000074 52.505226087000040)","Unfall 203485 (2018) Kat:2, Licht: 0","203485","2","2","0","08","17","3","0","0","0","1","0","1"
"POINT (13.381569699000067 52.552309364000052)","Unfall 203486 (2018) Kat:2, Licht: 0","203486","2","2","5","08","09","4","0","0","1","1","0","0"
"POINT (13.351881659000071 52.505840574000047)","Unfall 203487 (2018) Kat:3, Licht: 0","203487","3","6","3","08","14","1","0","0","0","1","0","1"
"POINT (13.386937760000023 52.504746790000070)","Unfall 203488 (2018) Kat:3, Licht: 0","203488","3","6","2","08","08","4","0","0","1","0","0","0"
"POINT (13.256531189000043 52.565356010000073)","Unfall 203489 (2018) Kat:3, Licht: 0","203489","3","5","1","08","07","6","0","0","1","1","0","0"
"POINT (13.387128549000067 52.589517002000036)","Unfall 203490 (2018) Kat:3, Licht: 0","203490","3","3","0","08","11","3","0","0","1","1","0","0"
"POINT (13.401418999000043 52.552831694000076)","Unfall 203491 (2018) Kat:3, Licht: 0","203491","3","3","5","08","07","6","0","0","1","0","0","0"
"POINT (13.621716565000042 52.524735624000073)","Unfall 203492 (2018) Kat:2, Licht: 0","203492","2","2","5","08","07","4","0","0","0","1","0","1"
"POINT (13.319102824000026 52.454094814000030)","Unfall 203493 (2018) Kat:3, Licht: 0","203493","3","3","5","08","06","6","0","0","0","1","0","0"
"POINT (13.375291406000031 52.511824658000080)","Unfall 203494 (2018) Kat:3, Licht: 0","203494","3","2","5","08","07","4","0","0","1","1","0","0"
"POINT (13.263085757000056 52.540307820000066)","Unfall 203495 (2018) Kat:3, Licht: 0","203495","3","3","5","08","17","2","0","0","1","1","0","0"
"POINT (13.643480272000033 52.378005896000047)","Unfall 203496 (2018) Kat:2, Licht: 0","203496","2","3","5","08","07","6","0","0","1","1","0","0"
"POINT (13.318201149000060 52.565047656000047)","Unfall 203497 (2018) Kat:3, Licht: 0","203497","3","3","2","08","07","4","0","0","1","0","0","0"
"POINT (13.554038229000071 52.541657547000057)","Unfall 203498 (2018) Kat:2, Licht: 2","203498","2","6","3","08","21","6","0","2","1","0","0","0"
"POINT (13.273407984000073 52.455549734000044)","Unfall 203499 (2018) Kat:3, Licht: 0","203499","3","7","2","08","10","4","0","0","0","1","0","0"
"POINT (13.422057322000057 52.499041277000060)","Unfall 203500 (2018) Kat:3, Licht: 0","203500","3","2","5","08","17","2","0","0","0","1","0","0"
"POINT (13.392561363000027 52.412686728000040)","Unfall 203501 (2018) Kat:2, Licht: 2","203501","2","2","6","08","21","6","0","2","0","1","1","0"
"POINT (13.279697126000030 52.521910198000057)","Unfall 203502 (2018) Kat:3, Licht: 0","203502","3","7","5","08","17","2","0","0","0","1","0","1"
"POINT (13.442781729000046 52.601584673000048)","Unfall 203503 (2018) Kat:3, Licht: 0","203503","3","6","3","08","07","4","0","0","1","0","0","0"
"POINT (13.351318736000053 52.552175268000042)","Unfall 203504 (2018) Kat:3, Licht: 0","203504","3","5","1","08","14","2","0","0","1","1","0","0"
"POINT (13.501797832000022 52.566179670000054)","Unfall 203505 (2018) Kat:3, Licht: 0","203505","3","3","5","08","20","6","0","0","0","1","0","0"
"POINT (13.329289698000025 52.562381227000060)","Unfall 203506 (2018) Kat:3, Licht: 0","203506","3","2","5","08","15","2","0","0","1","1","0","0"
"POINT (13.285571619000052 52.494616949000033)","Unfall 203507 (2018) Kat:3, Licht: 0","203507","3","1","0","08","10","4","0","0","0","0","0","1"
"POINT (13.520286800000065 52.535568608000062)","Unfall 203508 (2018) Kat:3, Licht: 0","203508","3","6","3","08","14","2","0","0","0","1","0","0"
"POINT (13.441424470000072 52.531962117000035)","Unfall 203509 (2018) Kat:2, Licht: 0","203509","2","2","5","08","19","6","0","0","0","1","0","0"
"POINT (13.323117305000039 52.502087629000073)","Unfall 203510 (2018) Kat:3, Licht: 2","203510","3","1","0","08","00","4","0","2","0","0","0","1"
"POINT (13.338761949000059 52.465373621000026)","Unfall 203511 (2018) Kat:3, Licht: 0","203511","3","6","3","08","19","6","0","0","0","1","0","1"
"POINT (13.398240952000037 52.532535000000053)","Unfall 203512 (2018) Kat:3, Licht: 2","203512","3","1","0","08","22","4","0","2","1","0","0","0"
"POINT (13.547283687000061 52.539809223000077)","Unfall 203513 (2018) Kat:3, Licht: 0","203513","3","5","1","08","19","2","0","0","1","1","0","0"
"POINT (13.307154147000062 52.429168179000044)","Unfall 203514 (2018) Kat:3, Licht: 0","203514","3","4","6","08","19","6","0","0","1","0","1","0"
"POINT (13.480317131000049 52.520861107000030)","Unfall 203515 (2018) Kat:3, Licht: 0","203515","3","6","3","08","07","2","0","0","1","0","0","0"
"POINT (13.577097562000063 52.444142690000035)","Unfall 203516 (2018) Kat:2, Licht: 2","203516","2","7","0","08","22","4","0","2","0","0","0","1"
"POINT (13.382487826000045 52.551854200000037)","Unfall 203517 (2018) Kat:3, Licht: 0","203517","3","2","5","08","19","4","0","0","0","1","0","1"
"POINT (13.314657338000075 52.506316913000035)","Unfall 203518 (2018) Kat:3, Licht: 0","203518","3","5","1","08","11","2","0","0","1","1","0","0"
"POINT (13.456914152000024 52.528601445000049)","Unfall 203519 (2018) Kat:3, Licht: 0","203519","3","5","1","08","18","6","0","0","1","0","0","0"
"POINT (13.362539565000077 52.560954697000057)","Unfall 203520 (2018) Kat:3, Licht: 0","203520","3","3","5","08","12","2","0","0","1","1","0","0"