WKT,Name,OBJECTID,UKATEGORIE,UTYP1,UART,UMONAT,USTUNDE,UWOCHENTAG,STRZUSTAND,ULICHTVERH,ISTRAD,ISTPKW,ISTFUSS,ISTKRAD
"POINT (13.307941371000027 52.488529680000056)","Unfall 203521 (2018) Kat:3, Licht: 0","203521","3","2","5","08","18","4","0","0","0","1","0","0"
"POINT (13.358680565000043 52.612268628000038)","Unfall 203522 (2018) Kat:3, Licht: 0","203522","3","4","6","08","10","2","0","0","0","1","1","0"
"POINT (13.438466540000036 52.485752616000070)","Unfall 203523 (2018) Kat:3, Licht: 0","203523","3","7","6","08","16","6","0","0","1","0","1","0"
"POINT (13.330772410000066 52.514049095000075)","Unfall 203524 (2018) Kat:3, Licht: 0","203524","3","2","5","08","09","2","0","0","0","1","0","1"
"POINT (13.280888923000077 52.478264493000040)","Unfall 203525 (2018) Kat:2, Licht: 0","203525","2","7","5","08","18","4","0","0","0","1","0","1"
"POINT (13.612496032000024 52.510885371000029)","Unfall 203526 (2018) Kat:3, Licht: 0","203526","3","2","2","08","17","6","0","0","0","1","0","0"
"POINT (13.432880464000050 52.517817722000075)","Unfall 203527 (2018) Kat:3, Licht: 0","203527","3","2","5","08","18","4","0","0","1","1","0","0"
"POINT (13.334959367000067 52.603187361000039)","Unfall 203528 (2018) Kat:3, Licht: 0","203528","3","6","2","08","09","2","0","0","0","1","0","1"
"POINT (13.351847795000026 52.602534891000062)","Unfall 203529 (2018) Kat:3, Licht: 0","203529","3","2","5","08","16","6","0","0","1","1","0","0"
"POINT (13.419501091000029 52.487561108000079)","Unfall 203530 (2018) Kat:3, Licht: 0","203530","3","3","5","08","19","2","0","0","1","1","0","0"
"POINT (13.410277504000021 52.503788873000076)","Unfall 203531 (2018) Kat:3, Licht: 0","203531","3","3","5","08","18","4","0","0","1","1","0","0"
"POINT (13.306941206000033 52.484867745000031)","Unfall 203532 (2018) Kat:3, Licht: 0","203532","3","2","5","08","17","4","0","0","0","1","0","0"
"POINT (13.428721755000026 52.551925320000066)","Unfall 203533 (2018) Kat:2, Licht: 0","203533","2","4","6","08","16","6","0","0","0","0","1","0"
"POINT (13.326876462000030 52.454920285000071)","Unfall 203534 (2018) Kat:3, Licht: 0","203534","3","2","5","08","16","4","0","0","1","1","0","0"
"POINT (13.382482570000036 52.513196786000037)","Unfall 203535 (2018) Kat:3, Licht: 0","203535","3","7","5","08","08","2","0","0","1","1","0","0"
"POINT (13.249709069000062 52.515578231000063)","Unfall 203536 (2018) Kat:3, Licht: 0","203536","3","3","5","08","16","6","0","0","1","1","0","0"
"POINT (13.350059061000024 52.513779609000039)","Unfall 203537 (2018) Kat:3, Licht: 0","203537","3","6","4","08","08","2","0","0","1","0","0","0"
"POINT (13.429688030000023 52.523280289000070)","Unfall 203538 (2018) Kat:3, Licht: 0","203538","3","2","5","08","15","4","0","0","0","1","0","0"
"POINT (13.450688184000057 52.545830498000043)","Unfall 203539 (2018) Kat:3, Licht: 0","203539","3","7","5","08","15","4","0","0","1","1","0","0"
"POINT (13.345782947000032 52.494362285000079)","Unfall 203540 (2018) Kat:3, Licht: 0","203540","3","6","2","08","08","2","0","0","0","1","0","0"
"POINT (13.406497736000063 52.498326187000032)","Unfall 203541 (2018) Kat:3, Licht: 0","203541","3","2","5","08","16","6","0","0","0","1","0","0"
"POINT (13.440609763000054 52.517018094000036)","Unfall 203542 (2018) Kat:3, Licht: 0","203542","3","2","5","08","08","2","0","0","1","0","0","0"
"POINT (13.254506299000070 52.561799847000032)","Unfall 203543 (2018) Kat:2, Licht: 0","203543","2","3","5","08","12","1","0","0","1","0","0","0"
"POINT (13.344909531000042 52.489629485000080)","Unfall 203544 (2018) Kat:3, Licht: 0","203544","3","6","2","08","15","4","0","0","0","1","0","0"
"POINT (13.450952652000069 52.527185081000027)","Unfall 203545 (2018) Kat:3, Licht: 0","203545","3","2","5","08","08","2","0","0","1","1","0","0"
"POINT (13.322733239000058 52.488796748000027)","Unfall 203546 (2018) Kat:2, Licht: 0","203546","2","7","0","08","18","6","0","0","1","0","0","0"
"POINT (13.411714359000030 52.515913347000037)","Unfall 203547 (2018) Kat:3, Licht: 0","203547","3","5","1","08","16","2","0","0","1","0","0","0"
"POINT (13.404419789000031 52.533253855000055)","Unfall 203548 (2018) Kat:2, Licht: 0","203548","2","1","0","08","07","5","0","0","1","0","0","0"
"POINT (13.306135907000055 52.517471764000049)","Unfall 203549 (2018) Kat:3, Licht: 0","203549","3","6","2","08","14","4","0","0","0","1","0","0"
"POINT (13.410185002000048 52.522555520000026)","Unfall 203550 (2018) Kat:3, Licht: 2","203550","3","2","0","08","22","5","0","2","0","1","0","0"
"POINT (13.368035828000075 52.493219727000053)","Unfall 203551 (2018) Kat:2, Licht: 0","203551","2","7","0","08","14","4","0","0","0","1","0","1"
"POINT (13.399007215000040 52.508231342000045)","Unfall 203552 (2018) Kat:3, Licht: 0","203552","3","2","5","08","15","2","0","0","1","1","0","0"
"POINT (13.592516343000057 52.438535023000043)","Unfall 203553 (2018) Kat:3, Licht: 2","203553","3","2","6","08","21","5","0","2","0","1","1","0"
"POINT (13.526127645000031 52.456164153000032)","Unfall 203554 (2018) Kat:2, Licht: 0","203554","2","1","9","08","15","1","0","0","0","0","0","1"
"POINT (13.613935275000074 52.516503706000037)","Unfall 203555 (2018) Kat:3, Licht: 0","203555","3","6","2","08","07","2","0","0","0","1","0","0"
"POINT (13.448344608000070 52.564674040000057)","Unfall 203556 (2018) Kat:3, Licht: 0","203556","3","3","5","08","14","4","0","0","1","1","0","0"
"POINT (13.302078538000046 52.488475145000052)","Unfall 203557 (2018) Kat:3, Licht: 0","203557","3","2","5","08","11","1","0","0","1","1","0","0"
"POINT (13.510218783000028 52.550430549000055)","Unfall 203558 (2018) Kat:3, Licht: 2","203558","3","4","6","07","21","3","0","2","0","0","1","1"
"POINT (13.562936475000072 52.445827410000049)","Unfall 203559 (2018) Kat:3, Licht: 1","203559","3","2","6","08","20","2","0","1","0","1","1","0"
"POINT (13.435667039000066 52.424668526000062)","Unfall 203560 (2018) Kat:3, Licht: 1","203560","3","6","2","08","20","5","0","1","0","1","0","1"
"POINT (13.343966421000061 52.531621980000068)","Unfall 203561 (2018) Kat:3, Licht: 0","203561","3","1","1","07","21","3","0","0","1","1","0","0"
"POINT (13.271129231000032 52.422984100000065)","Unfall 203562 (2018) Kat:3, Licht: 0","203562","3","3","5","07","08","3","0","0","1","1","0","0"
"POINT (13.378031084000042 52.466388744000028)","Unfall 203563 (2018) Kat:3, Licht: 0","203563","3","2","5","08","12","2","0","0","0","1","0","0"
"POINT (13.478480128000058 52.421714306000069)","Unfall 203564 (2018) Kat:3, Licht: 0","203564","3","4","6","08","20","5","0","0","0","1","1","0"
"POINT (13.392204947000039 52.555060905000062)","Unfall 203565 (2018) Kat:3, Licht: 0","203565","3","2","5","08","11","2","0","0","0","1","0","0"
"POINT (13.339823187000036 52.557430705000058)","Unfall 203566 (2018) Kat:3, Licht: 0","203566","3","6","3","08","18","5","0","0","1","0","0","0"
"POINT (13.378112859000055 52.407670210000049)","Unfall 203567 (2018) Kat:3, Licht: 0","203567","3","3","5","07","18","3","0","0","1","1","0","0"
"POINT (13.549583141000028 52.568790563000050)","Unfall 203568 (2018) Kat:3, Licht: 0","203568","3","6","2","08","18","5","0","0","0","1","0","0"
"POINT (13.377139454000030 52.437406476000035)","Unfall 203569 (2018) Kat:3, Licht: 0","203569","3","2","0","08","06","2","0","0","0","0","0","0"
"POINT (13.400897046000068 52.530152456000053)","Unfall 203570 (2018) Kat:2, Licht: 0","203570","2","7","5","08","18","5","0","0","0","1","0","1"
"POINT (13.396008490000042 52.497954151000044)","Unfall 203571 (2018) Kat:3, Licht: 0","203571","3","3","5","08","15","5","0","0","1","1","0","0"
"POINT (13.516866124000046 52.535788921000062)","Unfall 203572 (2018) Kat:3, Licht: 0","203572","3","6","2","07","13","3","0","0","0","1","0","0"
"POINT (13.628680532000033 52.469047394000029)","Unfall 203573 (2018) Kat:3, Licht: 0","203573","3","6","2","08","16","2","0","0","0","1","0","0"
"POINT (13.309236343000066 52.516665478000050)","Unfall 203574 (2018) Kat:3, Licht: 0","203574","3","6","2","08","15","5","0","0","0","1","0","0"
"POINT (13.346511755000051 52.524929393000036)","Unfall 203575 (2018) Kat:3, Licht: 0","203575","3","3","0","08","15","1","0","0","1","0","0","0"
"POINT (13.573843376000070 52.491658587000074)","Unfall 203576 (2018) Kat:3, Licht: 0","203576","3","3","5","08","16","2","0","0","0","1","0","0"
"POINT (13.329262441000026 52.609431302000075)","Unfall 203577 (2018) Kat:3, Licht: 0","203577","3","7","6","07","10","3","0","0","0","0","1","0"
"POINT (13.440678399000035 52.517249718000073)","Unfall 203578 (2018) Kat:3, Licht: 0","203578","3","2","0","07","19","3","0","0","1","0","0","1"
"POINT (13.489425124000036 52.503703671000039)","Unfall 203579 (2018) Kat:2, Licht: 0","203579","2","2","5","08","14","5","0","0","0","1","0","0"
"POINT (13.266962263000039 52.519636723000076)","Unfall 203580 (2018) Kat:2, Licht: 0","203580","2","3","5","08","06","2","0","0","0","1","0","1"
"POINT (13.576636752000070 52.455114837000053)","Unfall 203581 (2018) Kat:2, Licht: 0","203581","2","4","0","08","14","5","0","0","0","1","1","0"
"POINT (13.395265753000047 52.524385223000081)","Unfall 203582 (2018) Kat:3, Licht: 0","203582","3","1","0","07","10","3","0","0","1","0","0","0"
"POINT (13.415000811000027 52.503827105000028)","Unfall 203583 (2018) Kat:3, Licht: 0","203583","3","5","1","08","12","5","0","0","1","1","0","0"
"POINT (13.345653210000023 52.547329951000052)","Unfall 203584 (2018) Kat:3, Licht: 0","203584","3","6","2","07","10","3","0","0","0","1","0","0"
"POINT (13.351255678000030 52.524361445000068)","Unfall 203585 (2018) Kat:2, Licht: 0","203585","2","6","2","08","17","2","0","0","0","1","1","0"
"POINT (13.350972350000063 52.486202393000042)","Unfall 203586 (2018) Kat:3, Licht: 0","203586","3","2","5","08","13","5","0","0","1","1","0","0"
"POINT (13.402492478000056 52.538499531000070)","Unfall 203587 (2018) Kat:3, Licht: 0","203587","3","2","5","07","17","3","0","0","1","0","0","0"
"POINT (13.330897389000029 52.419930990000069)","Unfall 203588 (2018) Kat:3, Licht: 0","203588","3","1","0","08","13","5","0","0","1","0","0","0"
"POINT (13.507622146000074 52.510711216000061)","Unfall 203589 (2018) Kat:2, Licht: 0","203589","2","3","5","08","15","2","0","0","1","1","0","0"
"POINT (13.344532613000069 52.476915447000067)","Unfall 203590 (2018) Kat:3, Licht: 0","203590","3","7","0","08","13","5","0","0","0","1","0","0"
"POINT (13.329376607000029 52.563363779000042)","Unfall 203591 (2018) Kat:2, Licht: 0","203591","2","6","3","07","09","3","0","0","1","0","0","0"
"POINT (13.558025872000030 52.529599157000064)","Unfall 203592 (2018) Kat:2, Licht: 2","203592","2","3","5","08","02","5","0","2","0","1","0","0"
"POINT (13.389041793000047 52.515697191000072)","Unfall 203593 (2018) Kat:2, Licht: 0","203593","2","3","5","08","10","2","0","0","0","1","0","1"
"POINT (13.352162329000066 52.580016402000069)","Unfall 203594 (2018) Kat:3, Licht: 0","203594","3","2","5","08","12","5","0","0","0","1","0","0"
"POINT (13.299940125000035 52.498589969000079)","Unfall 203595 (2018) Kat:2, Licht: 0","203595","2","4","6","08","09","2","0","0","0","0","1","1"
"POINT (13.582377182000073 52.442648915000063)","Unfall 203596 (2018) Kat:3, Licht: 1","203596","3","2","0","07","20","3","0","1","0","1","0","1"
"POINT (13.378368511000076 52.560910776000071)","Unfall 203597 (2018) Kat:2, Licht: 0","203597","2","3","5","08","18","2","0","0","0","1","0","1"
"POINT (13.279363979000038 52.523815734000038)","Unfall 203598 (2018) Kat:3, Licht: 0","203598","3","2","0","08","11","5","0","0","1","1","0","0"
"POINT (13.331137767000030 52.467270985000027)","Unfall 203599 (2018) Kat:2, Licht: 0","203599","2","3","5","07","20","3","0","0","1","1","0","0"
"POINT (13.478172615000062 52.417749856000057)","Unfall 203600 (2018) Kat:3, Licht: 0","203600","3","3","5","08","11","5","0","0","1","1","0","0"
"POINT (13.381199783000056 52.515669512000045)","Unfall 203601 (2018) Kat:3, Licht: 0","203601","3","6","2","07","09","3","0","0","0","1","0","1"
"POINT (13.496162169000058 52.417342855000072)","Unfall 203602 (2018) Kat:3, Licht: 2","203602","3","5","1","08","21","2","0","2","1","1","0","0"
"POINT (13.522590172000037 52.560836224000070)","Unfall 203603 (2018) Kat:3, Licht: 0","203603","3","3","0","08","11","5","0","0","0","1","0","1"
"POINT (13.450143658000059 52.481729769000026)","Unfall 203604 (2018) Kat:3, Licht: 2","203604","3","6","2","08","03","2","0","2","0","0","0","0"
"POINT (13.349432684000021 52.542233059000068)","Unfall 203605 (2018) Kat:3, Licht: 0","203605","3","2","5","07","20","3","0","0","0","1","0","0"
"POINT (13.307067631000052 52.555064085000026)","Unfall 203606 (2018) Kat:3, Licht: 0","203606","3","3","5","08","10","1","0","0","0","1","0","0"
"POINT (13.299769655000034 52.471267150000074)","Unfall 203607 (2018) Kat:3, Licht: 0","203607","3","7","2","07","09","3","0","0","1","1","0","0"
"POINT (13.337628028000040 52.519860054000048)","Unfall 203608 (2018) Kat:3, Licht: 1","203608","3","3","5","08","21","1","0","1","1","0","0","0"
"POINT (13.275680227000066 52.630315341000028)","Unfall 203609 (2018) Kat:3, Licht: 0","203609","3","3","5","08","10","5","0","0","0","1","0","0"
"POINT (13.360908010000060 52.491324347000045)","Unfall 203610 (2018) Kat:3, Licht: 1","203610","3","3","5","08","21","1","0","1","1","1","0","0"
"POINT (13.519084423000038 52.532619298000043)","Unfall 203611 (2018) Kat:3, Licht: 0","203611","3","6","2","07","18","3","0","0","0","1","0","0"
"POINT (13.416249351000033 52.490918663000059)","Unfall 203612 (2018) Kat:3, Licht: 0","203612","3","2","5","07","08","3","0","0","1","1","0","0"
"POINT (13.351165536000053 52.449471022000068)","Unfall 203613 (2018) Kat:3, Licht: 0","203613","3","5","1","08","19","1","0","0","1","1","0","0"
"POINT (13.330668114000048 52.493378922000034)","Unfall 203614 (2018) Kat:3, Licht: 0","203614","3","6","2","08","10","5","0","0","0","1","0","0"
"POINT (13.403202433000047 52.447981622000043)","Unfall 203615 (2018) Kat:2, Licht: 0","203615","2","1","1","08","18","1","0","0","0","1","0","1"
"POINT (13.365892370000040 52.493918563000079)","Unfall 203616 (2018) Kat:3, Licht: 0","203616","3","6","0","07","07","3","0","0","0","1","0","0"
"POINT (13.361261392000074 52.570527203000040)","Unfall 203617 (2018) Kat:3, Licht: 0","203617","3","6","2","08","18","1","0","0","0","1","0","0"
"POINT (13.381782620000024 52.552622980000081)","Unfall 203618 (2018) Kat:3, Licht: 0","203618","3","6","3","08","09","5","0","0","1","0","0","0"
"POINT (13.161446886000022 52.545834282000044)","Unfall 203619 (2018) Kat:3, Licht: 0","203619","3","6","3","08","16","1","0","0","0","1","0","1"
"POINT (13.381575717000032 52.555942298000048)","Unfall 203620 (2018) Kat:3, Licht: 0","203620","3","6","2","07","18","3","0","0","0","1","0","0"
"POINT (13.333201299000052 52.561026376000029)","Unfall 203621 (2018) Kat:3, Licht: 0","203621","3","2","2","08","07","5","0","0","0","1","0","1"
"POINT (13.376737336000076 52.461556767000047)","Unfall 203622 (2018) Kat:3, Licht: 0","203622","3","2","5","07","18","3","0","0","1","1","0","0"
"POINT (13.408144353000068 52.488897697000027)","Unfall 203623 (2018) Kat:2, Licht: 0","203623","2","7","5","08","16","1","0","0","0","1","0","1"
"POINT (13.432876382000074 52.464702724000063)","Unfall 203624 (2018) Kat:3, Licht: 0","203624","3","2","5","08","06","5","0","0","0","0","0","1"
"POINT (13.413052028000038 52.506600429000059)","Unfall 203625 (2018) Kat:2, Licht: 0","203625","2","6","3","08","14","1","0","0","1","0","0","0"
"POINT (13.324343071000044 52.460567547000039)","Unfall 203626 (2018) Kat:2, Licht: 0","203626","2","6","3","07","17","3","0","0","1","0","0","0"
"POINT (13.565084147000050 52.572548998000059)","Unfall 203627 (2018) Kat:3, Licht: 0","203627","3","6","4","08","10","1","0","0","1","0","0","0"
"POINT (13.428705191000063 52.577943607000066)","Unfall 203628 (2018) Kat:3, Licht: 0","203628","3","2","5","07","17","3","0","0","1","1","0","0"
"POINT (13.379509332000055 52.506615440000076)","Unfall 203629 (2018) Kat:3, Licht: 0","203629","3","2","5","08","15","1","0","0","0","1","0","1"
"POINT (13.359714348000068 52.544162360000030)","Unfall 203630 (2018) Kat:3, Licht: 0","203630","3","1","1","08","05","5","0","0","0","1","0","0"
"POINT (13.601130119000061 52.536843420000082)","Unfall 203631 (2018) Kat:3, Licht: 0","203631","3","3","5","08","14","1","0","0","1","1","0","0"
"POINT (13.392618437000067 52.542513677000045)","Unfall 203632 (2018) Kat:3, Licht: 0","203632","3","3","5","08","11","1","0","0","0","1","0","0"
"POINT (13.619855270000073 52.539262751000081)","Unfall 203633 (2018) Kat:3, Licht: 0","203633","3","4","6","07","06","3","0","0","0","1","1","0"
"POINT (13.249997922000034 52.537856470000065)","Unfall 203634 (2018) Kat:2, Licht: 0","203634","2","2","5","08","07","5","0","0","0","1","0","0"
"POINT (13.491256809000049 52.526547618000052)","Unfall 203635 (2018) Kat:3, Licht: 0","203635","3","7","0","08","13","1","1","0","0","1","0","1"
"POINT (13.294968910000023 52.506773804000034)","Unfall 203636 (2018) Kat:3, Licht: 0","203636","3","2","5","08","06","5","0","0","1","1","0","0"
"POINT (13.612931737000054 52.500361972000064)","Unfall 203637 (2018) Kat:3, Licht: 0","203637","3","7","0","07","16","3","0","0","0","1","0","0"
"POINT (13.505952239000067 52.534734100000037)","Unfall 203638 (2018) Kat:2, Licht: 0","203638","2","6","2","08","08","1","0","0","0","1","0","0"
"POINT (13.382306481000057 52.531169285000033)","Unfall 203639 (2018) Kat:3, Licht: 0","203639","3","6","2","08","08","5","0","0","1","1","0","0"
"POINT (13.501986064000050 52.506998578000037)","Unfall 203640 (2018) Kat:3, Licht: 0","203640","3","3","5","07","16","3","0","0","0","1","0","0"
"POINT (13.451416056000028 52.473407769000062)","Unfall 203641 (2018) Kat:3, Licht: 0","203641","3","3","5","08","12","1","0","0","1","0","0","0"
"POINT (13.313776653000048 52.588947993000033)","Unfall 203642 (2018) Kat:2, Licht: 2","203642","2","7","0","08","00","1","0","2","0","0","0","0"
"POINT (13.319838463000053 52.468807031000040)","Unfall 203643 (2018) Kat:3, Licht: 0","203643","3","3","5","08","09","5","0","0","0","1","0","0"
"POINT (13.731246343000066 52.430101441000033)","Unfall 203644 (2018) Kat:2, Licht: 2","203644","2","6","3","08","22","1","0","2","1","1","0","0"
"POINT (13.378851489000056 52.567739518000053)","Unfall 203645 (2018) Kat:3, Licht: 0","203645","3","6","2","07","16","3","0","0","0","1","0","0"
"POINT (13.443061229000023 52.517971134000049)","Unfall 203646 (2018) Kat:3, Licht: 0","203646","3","6","4","08","10","5","0","0","0","1","0","0"
"POINT (13.405908029000045 52.497479505000058)","Unfall 203647 (2018) Kat:3, Licht: 0","203647","3","5","1","07","16","3","0","0","1","1","0","0"
"POINT (13.449704940000061 52.507598599000062)","Unfall 203648 (2018) Kat:3, Licht: 2","203648","3","1","0","08","04","7","0","2","0","0","0","1"
"POINT (13.339112411000031 52.481458469000074)","Unfall 203649 (2018) Kat:2, Licht: 0","203649","2","1","0","08","08","5","0","0","0","0","0","1"
"POINT (13.601313845000050 52.535835944000041)","Unfall 203650 (2018) Kat:3, Licht: 2","203650","3","3","5","08","22","7","0","2","0","1","0","1"
"POINT (13.517878278000069 52.574845153000069)","Unfall 203651 (2018) Kat:3, Licht: 0","203651","3","3","5","07","15","3","0","0","0","1","0","1"
"POINT (13.402910191000046 52.494029897000075)","Unfall 203652 (2018) Kat:3, Licht: 0","203652","3","6","3","08","08","1","0","0","0","1","0","0"
"POINT (13.361188316000039 52.495890021000037)","Unfall 203653 (2018) Kat:3, Licht: 0","203653","3","4","6","07","14","3","0","0","0","1","1","0"
"POINT (13.360427427000047 52.509838437000042)","Unfall 203654 (2018) Kat:3, Licht: 0","203654","3","6","2","08","17","7","0","0","0","1","0","0"
"POINT (13.479671386000064 52.526627562000044)","Unfall 203655 (2018) Kat:3, Licht: 0","203655","3","1","0","08","06","5","0","0","1","0","0","0"
"POINT (13.322940350000067 52.456443550000074)","Unfall 203656 (2018) Kat:2, Licht: 0","203656","2","4","0","08","16","7","0","0","0","0","1","1"
"POINT (13.331024403000072 52.490773450000063)","Unfall 203657 (2018) Kat:3, Licht: 0","203657","3","2","5","08","16","5","0","0","1","1","0","0"
"POINT (13.428821152000069 52.579206351000039)","Unfall 203658 (2018) Kat:3, Licht: 0","203658","3","2","2","07","14","3","0","0","0","1","0","0"
"POINT (13.352327569000067 52.440967729000079)","Unfall 203659 (2018) Kat:3, Licht: 2","203659","3","6","0","08","23","5","1","2","1","1","0","0"
"POINT (13.360192741000048 52.537256902000081)","Unfall 203660 (2018) Kat:3, Licht: 0","203660","3","2","5","08","15","7","0","0","1","1","0","0"
"POINT (13.296385698000051 52.485741714000028)","Unfall 203661 (2018) Kat:3, Licht: 0","203661","3","3","5","08","13","5","0","0","1","1","0","0"
"POINT (13.379611822000072 52.522668968000062)","Unfall 203662 (2018) Kat:3, Licht: 0","203662","3","3","5","08","19","7","0","0","0","1","0","0"
"POINT (13.396147981000070 52.538082794000047)","Unfall 203663 (2018) Kat:3, Licht: 0","203663","3","6","2","08","15","4","0","0","0","1","0","0"
"POINT (13.324965488000032 52.500506108000081)","Unfall 203664 (2018) Kat:3, Licht: 0","203664","3","6","2","07","13","3","0","0","1","1","0","0"
"POINT (13.380837624000037 52.516366200000050)","Unfall 203665 (2018) Kat:3, Licht: 0","203665","3","2","5","08","13","7","0","0","1","1","0","0"
"POINT (13.364532677000057 52.562688952000030)","Unfall 203666 (2018) Kat:2, Licht: 1","203666","2","2","5","08","20","4","0","1","0","1","0","0"
"POINT (13.209874287000048 52.546615622000047)","Unfall 203667 (2018) Kat:3, Licht: 0","203667","3","3","5","08","12","7","0","0","1","1","0","0"
"POINT (13.365786179000054 52.563186409000082)","Unfall 203668 (2018) Kat:3, Licht: 0","203668","3","3","5","08","13","7","0","0","1","1","0","0"
"POINT (13.382010354000045 52.463060443000074)","Unfall 203669 (2018) Kat:3, Licht: 0","203669","3","7","6","07","06","3","0","0","1","0","1","0"
"POINT (13.454536943000051 52.474428966000062)","Unfall 203670 (2018) Kat:3, Licht: 0","203670","3","3","5","08","12","7","0","0","0","1","0","0"
"POINT (13.367320858000028 52.563116093000076)","Unfall 203671 (2018) Kat:2, Licht: 0","203671","2","4","6","08","20","4","0","0","0","0","1","0"
"POINT (13.421940201000041 52.505125314000054)","Unfall 203672 (2018) Kat:3, Licht: 0","203672","3","3","5","08","18","4","0","0","1","0","0","0"
"POINT (13.510643209000023 52.550518217000047)","Unfall 203673 (2018) Kat:3, Licht: 0","203673","3","6","0","08","12","7","0","0","0","1","0","1"
"POINT (13.485958556000071 52.520373050000046)","Unfall 203674 (2018) Kat:3, Licht: 0","203674","3","2","2","07","12","3","0","0","1","1","0","0"
"POINT (13.528028135000056 52.567652625000051)","Unfall 203675 (2018) Kat:3, Licht: 0","203675","3","3","5","07","11","3","0","0","1","1","0","0"
"POINT (13.329979204000040 52.522893399000054)","Unfall 203676 (2018) Kat:3, Licht: 0","203676","3","6","2","08","18","4","0","0","0","1","0","0"
"POINT (13.343296510000073 52.531799465000063)","Unfall 203677 (2018) Kat:3, Licht: 0","203677","3","2","5","08","11","7","0","0","0","1","0","0"
"POINT (13.387920034000047 52.526181584000028)","Unfall 203678 (2018) Kat:3, Licht: 0","203678","3","6","2","08","06","4","0","0","1","1","0","0"
"POINT (13.578109253000036 52.420247730000028)","Unfall 203679 (2018) Kat:3, Licht: 0","203679","3","2","0","07","10","3","0","0","1","1","0","0"
"POINT (13.178081399000064 52.548773237000034)","Unfall 203680 (2018) Kat:3, Licht: 0","203680","3","3","5","08","18","4","0","0","0","1","0","0"
"POINT (13.293148987000052 52.534548225000037)","Unfall 203681 (2018) Kat:3, Licht: 1","203681","3","7","0","07","20","3","0","1","1","0","0","0"
"POINT (13.376419534000036 52.491557385000078)","Unfall 203682 (2018) Kat:3, Licht: 0","203682","3","2","5","08","10","7","0","0","1","1","0","0"
"POINT (13.390180856000029 52.535427819000063)","Unfall 203683 (2018) Kat:3, Licht: 0","203683","3","2","5","08","17","4","0","0","1","1","0","0"
"POINT (13.316259254000045 52.578619632000027)","Unfall 203684 (2018) Kat:3, Licht: 0","203684","3","2","0","07","14","3","0","0","0","1","0","0"
"POINT (13.287209991000054 52.495841160000055)","Unfall 203685 (2018) Kat:3, Licht: 0","203685","3","2","5","08","17","4","0","0","1","1","0","0"
"POINT (13.495932075000042 52.534121085000038)","Unfall 203686 (2018) Kat:3, Licht: 0","203686","3","6","2","07","13","3","0","0","0","1","0","0"
"POINT (13.232897126000069 52.605246396000041)","Unfall 203687 (2018) Kat:2, Licht: 0","203687","2","3","5","08","10","7","0","0","0","1","0","0"
"POINT (13.325242966000076 52.455575365000072)","Unfall 203688 (2018) Kat:3, Licht: 0","203688","3","2","5","08","17","4","0","0","1","1","0","0"
"POINT (13.337878926000030 52.451023119000070)","Unfall 203689 (2018) Kat:3, Licht: 0","203689","3","2","5","08","10","7","0","0","0","1","0","0"
"POINT (13.298756785000023 52.507921374000034)","Unfall 203690 (2018) Kat:3, Licht: 0","203690","3","3","5","07","07","3","0","0","0","1","0","0"
"POINT (13.281527706000077 52.518402184000081)","Unfall 203691 (2018) Kat:2, Licht: 0","203691","2","6","3","08","09","7","0","0","0","1","0","1"
"POINT (13.573846351000043 52.491663796000068)","Unfall 203692 (2018) Kat:3, Licht: 0","203692","3","3","0","08","17","4","0","0","0","1","0","0"
"POINT (13.448561828000038 52.477607989000035)","Unfall 203693 (2018) Kat:2, Licht: 2","203693","2","7","0","08","22","7","0","2","1","0","0","0"
"POINT (13.571539190000067 52.545721799000034)","Unfall 203694 (2018) Kat:3, Licht: 0","203694","3","6","2","07","14","2","0","0","0","1","0","0"
"POINT (13.426305675000037 52.548626952000063)","Unfall 203695 (2018) Kat:2, Licht: 0","203695","2","2","6","08","10","4","0","0","0","1","0","0"
"POINT (13.678184764000036 52.425381616000038)","Unfall 203696 (2018) Kat:3, Licht: 0","203696","3","6","4","07","18","2","0","0","1","0","0","0"
"POINT (13.441680098000063 52.501227869000047)","Unfall 203697 (2018) Kat:2, Licht: 0","203697","2","2","5","08","05","7","0","0","1","1","0","0"
"POINT (13.273392216000047 52.416574668000067)","Unfall 203698 (2018) Kat:3, Licht: 0","203698","3","2","5","08","16","4","0","0","0","1","0","1"
"POINT (13.344251951000047 52.502994063000074)","Unfall 203699 (2018) Kat:3, Licht: 0","203699","3","7","6","07","18","2","0","0","0","1","1","0"
"POINT (13.394012487000055 52.411069715000053)","Unfall 203700 (2018) Kat:3, Licht: 0","203700","3","6","2","08","16","4","0","0","0","1","0","1"
"POINT (13.400862562000043 52.483646700000065)","Unfall 203701 (2018) Kat:3, Licht: 0","203701","3","6","3","07","08","2","0","0","1","0","0","0"
"POINT (13.464139603000035 52.545974241000067)","Unfall 203702 (2018) Kat:3, Licht: 0","203702","3","2","6","08","19","6","0","0","0","1","1","0"
"POINT (13.430654734000029 52.532500163000066)","Unfall 203703 (2018) Kat:3, Licht: 0","203703","3","5","1","08","15","4","0","0","0","1","0","1"
"POINT (13.301686861000064 52.509999572000027)","Unfall 203704 (2018) Kat:3, Licht: 0","203704","3","6","2","08","19","6","0","0","0","1","0","0"
"POINT (13.565623988000027 52.570438075000027)","Unfall 203705 (2018) Kat:2, Licht: 0","203705","2","2","5","07","16","2","0","0","0","1","0","1"
"POINT (13.331600400000070 52.513383030000057)","Unfall 203706 (2018) Kat:3, Licht: 0","203706","3","2","5","07","16","2","0","0","1","0","0","1"