WKT,Name,OBJECTID,UKATEGORIE,UTYP1,UART,UMONAT,USTUNDE,UWOCHENTAG,STRZUSTAND,ULICHTVERH,ISTRAD,ISTPKW,ISTFUSS,ISTKRAD
"POINT (13.393020530000058 52.525248010000041)","Unfall 203707 (2018) Kat:3, Licht: 0","203707","3","6","3","08","17","6","0","0","1","1","0","0"
"POINT (13.398331089000067 52.592390502000057)","Unfall 203708 (2018) Kat:3, Licht: 0","203708","3","3","5","08","15","4","0","0","0","1","0","0"
"POINT (13.392649210000059 52.564142752000066)","Unfall 203709 (2018) Kat:3, Licht: 0","203709","3","2","5","08","16","6","0","0","1","1","0","0"
"POINT (13.388432190000060 52.519844557000056)","Unfall 203710 (2018) Kat:2, Licht: 0","203710","2","4","0","07","16","2","0","0","0","0","1","1"
"POINT (13.315322255000069 52.489548481000043)","Unfall 203711 (2018) Kat:3, Licht: 0","203711","3","7","5","08","16","6","0","0","0","1","0","1"
"POINT (13.508721518000073 52.490250151000055)","Unfall 203712 (2018) Kat:3, Licht: 0","203712","3","2","5","08","15","4","0","0","0","1","0","0"
"POINT (13.565563808000036 52.438104311000075)","Unfall 203713 (2018) Kat:3, Licht: 0","203713","3","3","5","08","17","6","0","0","1","1","0","0"
"POINT (13.452656490000038 52.510575150000079)","Unfall 203714 (2018) Kat:3, Licht: 0","203714","3","1","4","07","16","2","0","0","1","1","0","0"
"POINT (13.313455387000033 52.515165454000055)","Unfall 203715 (2018) Kat:3, Licht: 0","203715","3","2","5","08","12","4","0","0","1","1","0","0"
"POINT (13.424194237000052 52.552838937000047)","Unfall 203716 (2018) Kat:2, Licht: 0","203716","2","3","5","07","15","2","0","0","0","1","0","0"
"POINT (13.636847456000055 52.450717607000058)","Unfall 203717 (2018) Kat:3, Licht: 0","203717","3","3","5","08","15","6","0","0","0","1","0","0"
"POINT (13.409873612000069 52.529025035000075)","Unfall 203718 (2018) Kat:3, Licht: 0","203718","3","3","5","08","11","4","0","0","1","1","0","0"
"POINT (13.319837965000033 52.468807040000058)","Unfall 203719 (2018) Kat:3, Licht: 0","203719","3","3","5","08","16","6","0","0","0","1","0","1"
"POINT (13.395488397000065 52.445271256000069)","Unfall 203720 (2018) Kat:3, Licht: 0","203720","3","7","5","07","15","2","0","0","0","1","0","1"
"POINT (13.374082711000028 52.468669231000035)","Unfall 203721 (2018) Kat:3, Licht: 0","203721","3","6","2","07","15","2","0","0","0","1","0","0"
"POINT (13.490491794000036 52.509558750000053)","Unfall 203722 (2018) Kat:3, Licht: 0","203722","3","6","4","08","19","6","0","0","0","1","0","0"
"POINT (13.398394136000036 52.419541023000079)","Unfall 203723 (2018) Kat:3, Licht: 0","203723","3","2","5","08","11","4","0","0","0","1","0","1"
"POINT (13.349735323000061 52.571612682000080)","Unfall 203724 (2018) Kat:3, Licht: 0","203724","3","1","0","08","19","6","0","0","0","1","0","1"
"POINT (13.471310830000050 52.505169378000062)","Unfall 203725 (2018) Kat:3, Licht: 0","203725","3","2","5","08","10","4","0","0","1","1","0","0"
"POINT (13.447386569000059 52.530623244000026)","Unfall 203726 (2018) Kat:3, Licht: 1","203726","3","3","5","08","20","6","0","1","1","0","0","1"
"POINT (13.385514598000043 52.464820723000059)","Unfall 203727 (2018) Kat:3, Licht: 0","203727","3","6","2","07","15","2","0","0","0","1","0","0"
"POINT (13.397852598000043 52.567357537000078)","Unfall 203728 (2018) Kat:3, Licht: 0","203728","3","7","2","08","18","7","0","0","0","1","0","0"
"POINT (13.574432619000049 52.444338478000077)","Unfall 203729 (2018) Kat:2, Licht: 0","203729","2","6","4","07","17","2","0","0","1","0","0","0"
"POINT (13.358640533000028 52.494393263000063)","Unfall 203730 (2018) Kat:3, Licht: 0","203730","3","5","1","08","17","6","0","0","0","1","0","1"
"POINT (13.265892117000021 52.415905567000038)","Unfall 203731 (2018) Kat:3, Licht: 0","203731","3","3","5","08","09","4","0","0","0","1","0","0"
"POINT (13.161268883000048 52.548378868000043)","Unfall 203732 (2018) Kat:3, Licht: 1","203732","3","3","5","08","21","6","0","1","0","1","0","1"
"POINT (13.565600206000056 52.570445983000070)","Unfall 203733 (2018) Kat:3, Licht: 0","203733","3","2","5","07","15","2","0","0","0","1","0","0"
"POINT (13.503553750000037 52.509728199000051)","Unfall 203734 (2018) Kat:3, Licht: 0","203734","3","2","5","08","13","6","0","0","1","1","0","0"
"POINT (13.429083668000033 52.556327174000046)","Unfall 203735 (2018) Kat:2, Licht: 0","203735","2","2","5","08","13","4","0","0","0","1","0","0"
"POINT (13.327773461000049 52.564108752000038)","Unfall 203736 (2018) Kat:3, Licht: 0","203736","3","2","2","08","17","6","0","0","0","1","0","0"
"POINT (13.431205589000058 52.506080651000048)","Unfall 203737 (2018) Kat:3, Licht: 0","203737","3","5","0","08","13","4","0","0","0","1","0","0"
"POINT (13.350689901000067 52.512587837000069)","Unfall 203738 (2018) Kat:3, Licht: 0","203738","3","6","2","07","15","2","0","0","0","1","0","0"
"POINT (13.448279468000067 52.487740948000067)","Unfall 203739 (2018) Kat:3, Licht: 0","203739","3","5","1","08","11","7","0","0","1","1","0","0"
"POINT (13.344904009000061 52.488922300000070)","Unfall 203740 (2018) Kat:3, Licht: 0","203740","3","2","6","08","13","4","0","0","0","1","1","0"
"POINT (13.253298378000068 52.537621004000073)","Unfall 203741 (2018) Kat:3, Licht: 0","203741","3","3","5","07","14","2","0","0","0","1","0","0"
"POINT (13.475376634000042 52.511823205000042)","Unfall 203742 (2018) Kat:3, Licht: 1","203742","3","7","0","08","20","6","1","1","0","1","0","1"
"POINT (13.440225899000040 52.502071123000064)","Unfall 203743 (2018) Kat:3, Licht: 0","203743","3","3","5","08","13","4","0","0","0","0","0","1"
"POINT (13.524547603000030 52.495612369000071)","Unfall 203744 (2018) Kat:3, Licht: 0","203744","3","6","3","08","20","6","0","0","0","1","0","0"
"POINT (13.482561885000052 52.533355908000033)","Unfall 203745 (2018) Kat:3, Licht: 0","203745","3","6","2","07","14","2","0","0","0","1","0","0"
"POINT (13.455908869000041 52.509964350000075)","Unfall 203746 (2018) Kat:3, Licht: 0","203746","3","5","1","08","16","7","0","0","1","0","0","0"
"POINT (13.319061705000024 52.471673472000077)","Unfall 203747 (2018) Kat:3, Licht: 0","203747","3","6","2","08","15","1","0","0","0","1","0","1"
"POINT (13.440776304000053 52.524430032000055)","Unfall 203748 (2018) Kat:3, Licht: 0","203748","3","3","6","07","14","2","0","0","0","0","1","0"
"POINT (13.293212802000028 52.534234777000052)","Unfall 203749 (2018) Kat:3, Licht: 0","203749","3","1","0","08","17","6","0","0","0","0","0","1"
"POINT (13.436947704000033 52.481124048000027)","Unfall 203750 (2018) Kat:3, Licht: 0","203750","3","5","3","08","14","4","0","0","1","0","0","0"
"POINT (13.471256619000030 52.505061822000073)","Unfall 203751 (2018) Kat:3, Licht: 0","203751","3","2","6","08","15","6","0","0","0","1","1","0"
"POINT (13.313024457000040 52.434909304000030)","Unfall 203752 (2018) Kat:3, Licht: 0","203752","3","6","3","08","09","4","0","0","1","0","0","0"
"POINT (13.293995680000023 52.577291560000049)","Unfall 203753 (2018) Kat:3, Licht: 0","203753","3","3","5","07","13","2","0","0","0","1","0","1"
"POINT (13.468062821000046 52.528296232000059)","Unfall 203754 (2018) Kat:3, Licht: 0","203754","3","4","6","08","08","4","0","0","1","0","1","0"
"POINT (13.249042477000046 52.523956882000050)","Unfall 203755 (2018) Kat:3, Licht: 0","203755","3","6","2","08","13","6","0","0","0","1","0","0"
"POINT (13.195910308000066 52.555053493000059)","Unfall 203756 (2018) Kat:3, Licht: 0","203756","3","3","5","08","14","4","0","0","1","1","0","0"
"POINT (13.298678377000044 52.506845955000074)","Unfall 203757 (2018) Kat:2, Licht: 0","203757","2","7","5","07","13","2","0","0","0","1","0","1"
"POINT (13.424806715000045 52.483560886000078)","Unfall 203758 (2018) Kat:2, Licht: 2","203758","2","7","5","08","22","7","0","2","0","1","0","1"
"POINT (13.436078617000021 52.529485850000071)","Unfall 203759 (2018) Kat:3, Licht: 0","203759","3","7","5","07","13","2","0","0","0","1","0","1"
"POINT (13.440890598000067 52.513293482000051)","Unfall 203760 (2018) Kat:2, Licht: 0","203760","2","2","5","08","07","4","0","0","0","0","0","1"
"POINT (13.367569183000057 52.525777484000059)","Unfall 203761 (2018) Kat:3, Licht: 0","203761","3","2","0","08","15","6","0","0","0","1","0","0"
"POINT (13.465326271000038 52.429511611000066)","Unfall 203762 (2018) Kat:2, Licht: 0","203762","2","6","3","08","06","4","0","0","0","1","0","1"
"POINT (13.347701420000021 52.541118963000031)","Unfall 203763 (2018) Kat:3, Licht: 0","203763","3","6","2","07","15","2","0","0","0","1","0","0"
"POINT (13.191734486000030 52.433660497000062)","Unfall 203764 (2018) Kat:2, Licht: 0","203764","2","3","5","08","17","7","0","0","0","1","0","1"
"POINT (13.337434817000030 52.467201040000077)","Unfall 203765 (2018) Kat:3, Licht: 0","203765","3","2","6","08","08","4","0","0","0","1","1","0"
"POINT (13.330699338000045 52.507069313000045)","Unfall 203766 (2018) Kat:3, Licht: 2","203766","3","6","3","07","23","2","0","2","0","1","0","0"
"POINT (13.284024144000057 52.445708437000064)","Unfall 203767 (2018) Kat:2, Licht: 0","203767","2","2","5","08","13","6","0","0","1","1","0","0"
"POINT (13.394209603000036 52.506949560000066)","Unfall 203768 (2018) Kat:3, Licht: 0","203768","3","4","6","08","04","4","0","0","0","1","1","1"
"POINT (13.436754409000059 52.457052702000055)","Unfall 203769 (2018) Kat:2, Licht: 0","203769","2","3","5","08","12","6","0","0","0","1","0","1"
"POINT (13.461476415000050 52.512046260000034)","Unfall 203770 (2018) Kat:3, Licht: 1","203770","3","3","5","07","20","2","0","1","1","1","0","0"
"POINT (13.363415358000054 52.505493771000033)","Unfall 203771 (2018) Kat:2, Licht: 0","203771","2","7","0","08","16","7","0","0","1","0","0","0"
"POINT (13.390806014000077 52.504951375000076)","Unfall 203772 (2018) Kat:3, Licht: 0","203772","3","5","1","07","20","2","0","0","0","1","0","1"
"POINT (13.244979825000030 52.614355085000057)","Unfall 203773 (2018) Kat:2, Licht: 0","203773","2","2","5","08","10","4","0","0","1","1","0","0"
"POINT (13.326319902000023 52.537848849000056)","Unfall 203774 (2018) Kat:3, Licht: 0","203774","3","6","2","08","12","6","0","0","0","1","0","0"
"POINT (13.349648402000071 52.449646781000069)","Unfall 203775 (2018) Kat:3, Licht: 0","203775","3","1","0","08","12","4","0","0","0","0","0","1"
"POINT (13.379295921000050 52.507033449000062)","Unfall 203776 (2018) Kat:3, Licht: 0","203776","3","3","5","07","19","2","0","0","1","1","0","0"
"POINT (13.319918518000065 52.607049590000031)","Unfall 203777 (2018) Kat:2, Licht: 0","203777","2","7","0","08","08","4","0","0","0","0","0","0"
"POINT (13.386780324000028 52.522536620000039)","Unfall 203778 (2018) Kat:3, Licht: 0","203778","3","2","4","07","19","2","0","0","1","1","0","0"
"POINT (13.468932444000075 52.504774676000068)","Unfall 203779 (2018) Kat:3, Licht: 0","203779","3","3","5","08","12","6","0","0","1","0","0","0"
"POINT (13.427173901000060 52.571878392000031)","Unfall 203780 (2018) Kat:2, Licht: 2","203780","2","1","0","08","01","4","0","2","1","0","0","0"
"POINT (13.416473951000057 52.526821972000050)","Unfall 203781 (2018) Kat:3, Licht: 0","203781","3","6","2","07","18","2","0","0","0","1","0","1"
"POINT (13.291876304000027 52.497220871000081)","Unfall 203782 (2018) Kat:3, Licht: 0","203782","3","2","2","08","14","7","0","0","0","1","0","0"
"POINT (13.416723332000061 52.521863780000047)","Unfall 203783 (2018) Kat:3, Licht: 0","203783","3","2","5","07","14","2","0","0","1","0","0","0"
"POINT (13.489991183000029 52.493397020000032)","Unfall 203784 (2018) Kat:3, Licht: 0","203784","3","3","5","08","11","6","0","0","1","1","0","0"
"POINT (13.485042449000048 52.515535329000045)","Unfall 203785 (2018) Kat:2, Licht: 0","203785","2","1","0","08","15","4","0","0","1","0","0","0"
"POINT (13.583655406000048 52.515009422000048)","Unfall 203786 (2018) Kat:2, Licht: 0","203786","2","2","5","08","10","6","0","0","0","1","0","1"
"POINT (13.298201080000069 52.524250230000064)","Unfall 203787 (2018) Kat:3, Licht: 0","203787","3","7","0","08","12","7","0","0","1","1","0","0"
"POINT (13.209950538000044 52.550598623000042)","Unfall 203788 (2018) Kat:3, Licht: 0","203788","3","6","2","08","11","4","0","0","1","0","0","0"
"POINT (13.276734086000033 52.412988745000064)","Unfall 203789 (2018) Kat:3, Licht: 0","203789","3","2","5","07","12","2","0","0","1","0","0","0"
"POINT (13.216501940000057 52.436189178000063)","Unfall 203790 (2018) Kat:3, Licht: 0","203790","3","3","5","08","10","6","0","0","1","1","0","0"
"POINT (13.460001195000075 52.440885193000042)","Unfall 203791 (2018) Kat:2, Licht: 0","203791","2","7","0","08","10","4","0","0","1","0","0","0"
"POINT (13.403714023000077 52.503383799000062)","Unfall 203792 (2018) Kat:2, Licht: 0","203792","2","7","6","08","09","6","0","0","0","0","1","0"
"POINT (13.414383299000065 52.553602753000064)","Unfall 203793 (2018) Kat:3, Licht: 0","203793","3","3","5","08","10","7","0","0","1","1","0","0"
"POINT (13.294810658000074 52.576483858000074)","Unfall 203794 (2018) Kat:3, Licht: 0","203794","3","6","4","07","12","2","0","0","1","0","0","0"
"POINT (13.429639749000046 52.470296258000076)","Unfall 203795 (2018) Kat:3, Licht: 0","203795","3","6","2","08","07","6","0","0","1","0","0","0"
"POINT (13.265817403000028 52.483323549000033)","Unfall 203796 (2018) Kat:1, Licht: 0","203796","1","2","3","08","09","4","0","0","1","0","0","0"
"POINT (13.333102879000023 52.487489057000062)","Unfall 203797 (2018) Kat:3, Licht: 0","203797","3","7","5","07","11","2","0","0","1","1","0","0"
"POINT (13.378385411000068 52.407316583000068)","Unfall 203798 (2018) Kat:3, Licht: 0","203798","3","6","2","08","13","3","0","0","0","1","0","0"
"POINT (13.278977639000061 52.430865748000031)","Unfall 203799 (2018) Kat:3, Licht: 0","203799","3","2","2","07","11","2","0","0","0","1","0","0"
"POINT (13.246999613000071 52.544154235000065)","Unfall 203800 (2018) Kat:3, Licht: 0","203800","3","1","0","08","13","6","0","0","0","0","0","1"
"POINT (13.480109659000050 52.553270365000060)","Unfall 203801 (2018) Kat:3, Licht: 1","203801","3","2","0","08","21","3","0","1","1","1","0","0"
"POINT (13.406264219000036 52.535225790000027)","Unfall 203802 (2018) Kat:2, Licht: 0","203802","2","6","3","08","08","6","0","0","1","0","0","0"
"POINT (13.208657195000058 52.561591745000044)","Unfall 203803 (2018) Kat:2, Licht: 0","203803","2","2","6","07","10","2","0","0","0","1","1","0"
"POINT (13.196398407000061 52.558130762000076)","Unfall 203804 (2018) Kat:3, Licht: 0","203804","3","3","5","08","08","7","0","0","0","1","0","0"
"POINT (13.315063391000024 52.576574749000031)","Unfall 203805 (2018) Kat:3, Licht: 0","203805","3","2","2","07","11","2","0","0","0","1","0","0"
"POINT (13.548642151000024 52.438109005000058)","Unfall 203806 (2018) Kat:3, Licht: 0","203806","3","4","6","08","20","6","0","0","0","1","1","0"
"POINT (13.555725930000051 52.548342717000082)","Unfall 203807 (2018) Kat:3, Licht: 0","203807","3","2","5","08","15","3","0","0","1","1","0","0"
"POINT (13.309706485000049 52.621856648000062)","Unfall 203808 (2018) Kat:3, Licht: 0","203808","3","5","1","08","06","6","0","0","0","1","0","0"
"POINT (13.402777573000037 52.523464769000043)","Unfall 203809 (2018) Kat:3, Licht: 0","203809","3","3","5","07","10","2","0","0","0","1","0","1"
"POINT (13.497765790000074 52.512475221000045)","Unfall 203810 (2018) Kat:3, Licht: 1","203810","3","1","0","08","05","6","0","1","1","1","0","0"
"POINT (13.387970598000038 52.492985999000041)","Unfall 203811 (2018) Kat:3, Licht: 0","203811","3","2","5","08","19","3","0","0","1","1","0","0"
"POINT (13.694536451000033 52.371598596000069)","Unfall 203812 (2018) Kat:3, Licht: 2","203812","3","6","3","08","23","6","0","2","0","1","0","0"
"POINT (13.309847200000036 52.431365020000044)","Unfall 203813 (2018) Kat:3, Licht: 0","203813","3","2","0","07","09","2","0","0","0","0","0","0"
"POINT (13.400323132000040 52.483709452000028)","Unfall 203814 (2018) Kat:3, Licht: 0","203814","3","2","5","07","09","2","0","0","1","1","0","0"
"POINT (13.718426169000054 52.431485170000030)","Unfall 203815 (2018) Kat:1, Licht: 0","203815","1","3","5","08","13","6","0","0","0","1","0","0"
"POINT (13.379085300000042 52.552906018000044)","Unfall 203816 (2018) Kat:3, Licht: 0","203816","3","6","2","08","19","3","0","0","0","1","0","0"
"POINT (13.308675864000065 52.502829387000077)","Unfall 203817 (2018) Kat:3, Licht: 0","203817","3","6","3","08","20","5","0","0","1","0","0","0"
"POINT (13.376403941000035 52.459308801000077)","Unfall 203818 (2018) Kat:3, Licht: 0","203818","3","6","2","07","13","2","0","0","0","1","0","0"
"POINT (13.567231829000036 52.454980150000040)","Unfall 203819 (2018) Kat:3, Licht: 0","203819","3","2","5","08","19","3","0","0","1","1","0","0"
"POINT (13.453850457000044 52.482442813000034)","Unfall 203820 (2018) Kat:3, Licht: 2","203820","3","3","5","07","23","1","0","2","1","1","0","0"
"POINT (13.420930030000022 52.524936739000054)","Unfall 203821 (2018) Kat:3, Licht: 0","203821","3","4","6","08","06","5","0","0","1","0","1","0"
"POINT (13.410228948000054 52.528720048000082)","Unfall 203822 (2018) Kat:3, Licht: 0","203822","3","2","2","08","18","3","0","0","0","1","0","1"
"POINT (13.419442443000037 52.387512430000072)","Unfall 203823 (2018) Kat:2, Licht: 0","203823","2","6","2","08","16","5","0","0","1","0","0","0"
"POINT (13.343109140000024 52.526493186000039)","Unfall 203824 (2018) Kat:3, Licht: 2","203824","3","6","2","07","22","1","0","2","0","1","0","0"
"POINT (13.338563283000042 52.543202648000033)","Unfall 203825 (2018) Kat:3, Licht: 0","203825","3","6","2","08","09","7","0","0","0","1","0","0"
"POINT (13.428877007000040 52.572050433000072)","Unfall 203826 (2018) Kat:3, Licht: 0","203826","3","2","5","07","21","1","0","0","0","1","0","0"
"POINT (13.347455209000032 52.470505691000028)","Unfall 203827 (2018) Kat:3, Licht: 0","203827","3","2","0","08","19","5","0","0","1","1","0","0"
"POINT (13.349536445000069 52.524466678000067)","Unfall 203828 (2018) Kat:3, Licht: 0","203828","3","2","6","08","17","3","0","0","0","1","1","0"
"POINT (13.258389846000057 52.430568991000030)","Unfall 203829 (2018) Kat:3, Licht: 0","203829","3","5","1","08","13","5","0","0","1","0","0","0"
"POINT (13.413363569000069 52.538157067000043)","Unfall 203830 (2018) Kat:3, Licht: 0","203830","3","3","5","08","10","1","0","0","1","0","0","1"
"POINT (13.406362979000050 52.524939839000069)","Unfall 203831 (2018) Kat:3, Licht: 0","203831","3","2","5","07","20","1","0","0","1","1","0","0"
"POINT (13.607406497000056 52.452998839000031)","Unfall 203832 (2018) Kat:3, Licht: 0","203832","3","2","5","08","13","5","0","0","0","0","0","1"
"POINT (13.348106273000042 52.615409609000039)","Unfall 203833 (2018) Kat:2, Licht: 0","203833","2","7","5","08","18","3","0","0","0","1","0","1"
"POINT (13.319518200000061 52.502143817000047)","Unfall 203834 (2018) Kat:3, Licht: 0","203834","3","5","1","08","13","5","0","0","0","1","0","0"
"POINT (13.302689762000057 52.580643166000073)","Unfall 203835 (2018) Kat:3, Licht: 0","203835","3","1","0","08","18","3","0","0","0","0","0","1"
"POINT (13.331293899000059 52.503430245000061)","Unfall 203836 (2018) Kat:3, Licht: 1","203836","3","4","6","07","20","1","0","1","1","0","1","0"
"POINT (13.459411381000052 52.548122770000077)","Unfall 203837 (2018) Kat:3, Licht: 0","203837","3","3","5","08","10","7","0","0","0","1","0","0"
"POINT (13.419959305000077 52.502213772000061)","Unfall 203838 (2018) Kat:3, Licht: 0","203838","3","2","5","08","17","3","0","0","1","1","0","0"
"POINT (13.340054851000048 52.548584350000056)","Unfall 203839 (2018) Kat:3, Licht: 0","203839","3","7","2","07","20","1","0","0","0","1","0","1"
"POINT (13.324022218000039 52.460238221000054)","Unfall 203840 (2018) Kat:3, Licht: 0","203840","3","6","2","08","12","5","0","0","1","0","0","0"
"POINT (13.237709330000030 52.542346674000044)","Unfall 203841 (2018) Kat:3, Licht: 0","203841","3","2","5","08","17","3","0","0","0","1","0","1"
"POINT (13.394110349000073 52.491489087000048)","Unfall 203842 (2018) Kat:3, Licht: 0","203842","3","6","2","08","11","5","0","0","0","1","0","1"
"POINT (13.428923815000076 52.486078994000081)","Unfall 203843 (2018) Kat:3, Licht: 0","203843","3","6","2","07","19","1","0","0","0","1","0","0"
"POINT (13.376824003000024 52.510488278000082)","Unfall 203844 (2018) Kat:3, Licht: 0","203844","3","1","8","08","06","7","0","0","0","0","0","1"
"POINT (13.440767622000067 52.486538965000079)","Unfall 203845 (2018) Kat:3, Licht: 0","203845","3","4","6","07","19","1","0","0","1","0","1","0"
"POINT (13.240365559000054 52.543040587000064)","Unfall 203846 (2018) Kat:3, Licht: 0","203846","3","6","3","08","17","3","0","0","0","1","0","1"
"POINT (13.305615289000059 52.568119555000067)","Unfall 203847 (2018) Kat:3, Licht: 0","203847","3","6","2","07","19","1","0","0","0","1","0","0"
"POINT (13.632890044000021 52.456726778000075)","Unfall 203848 (2018) Kat:2, Licht: 0","203848","2","2","2","08","11","5","0","0","0","1","0","0"
"POINT (13.469346325000060 52.460583891000056)","Unfall 203849 (2018) Kat:3, Licht: 0","203849","3","3","5","08","17","3","0","0","0","1","0","0"
"POINT (13.317090225000072 52.465694340000027)","Unfall 203850 (2018) Kat:3, Licht: 0","203850","3","6","2","08","10","5","0","0","0","1","0","0"
"POINT (13.422185892000073 52.505457973000034)","Unfall 203851 (2018) Kat:3, Licht: 0","203851","3","2","5","07","17","1","0","0","1","1","0","0"
"POINT (13.392444918000024 52.540743622000036)","Unfall 203852 (2018) Kat:3, Licht: 0","203852","3","6","2","07","16","1","0","0","1","1","0","0"
"POINT (13.554240246000063 52.455714622000073)","Unfall 203853 (2018) Kat:3, Licht: 0","203853","3","2","2","08","10","5","0","0","0","1","0","0"
"POINT (13.441272969000067 52.549504466000030)","Unfall 203854 (2018) Kat:3, Licht: 0","203854","3","3","5","08","17","3","0","0","0","1","0","0"
"POINT (13.560344601000054 52.456276298000034)","Unfall 203855 (2018) Kat:3, Licht: 0","203855","3","6","2","08","09","5","0","0","0","1","0","0"
"POINT (13.296792120000077 52.548012374000052)","Unfall 203856 (2018) Kat:3, Licht: 0","203856","3","6","2","08","16","3","0","0","0","1","0","0"
"POINT (13.452317390000076 52.452555338000082)","Unfall 203857 (2018) Kat:3, Licht: 0","203857","3","3","5","07","15","1","0","0","0","1","0","0"
"POINT (13.592812962000039 52.426231301000030)","Unfall 203858 (2018) Kat:3, Licht: 0","203858","3","5","1","08","16","3","0","0","1","1","0","0"
"POINT (13.423559433000037 52.531971727000041)","Unfall 203859 (2018) Kat:3, Licht: 0","203859","3","5","1","08","08","5","0","0","1","1","0","0"
"POINT (13.337811317000046 52.526582856000061)","Unfall 203860 (2018) Kat:3, Licht: 0","203860","3","6","2","08","16","3","0","0","0","1","0","0"
"POINT (13.350112193000029 52.536021321000078)","Unfall 203861 (2018) Kat:3, Licht: 0","203861","3","2","5","08","16","3","0","0","0","1","0","1"
"POINT (13.404372447000071 52.533109638000042)","Unfall 203862 (2018) Kat:3, Licht: 0","203862","3","2","6","07","14","1","0","0","0","1","1","0"
"POINT (13.374040458000025 52.556616754000061)","Unfall 203863 (2018) Kat:3, Licht: 0","203863","3","3","5","08","07","5","0","0","1","0","0","0"
"POINT (13.348652198000025 52.583973108000066)","Unfall 203864 (2018) Kat:2, Licht: 0","203864","2","7","0","08","16","3","0","0","0","1","0","0"
"POINT (13.431883440000036 52.505650253000056)","Unfall 203865 (2018) Kat:2, Licht: 0","203865","2","2","5","08","06","5","0","0","0","1","0","1"
"POINT (13.348448410000060 52.449776883000027)","Unfall 203866 (2018) Kat:3, Licht: 0","203866","3","5","1","07","13","1","0","0","0","1","0","0"
"POINT (13.263994524000054 52.495563416000039)","Unfall 203867 (2018) Kat:3, Licht: 0","203867","3","6","4","07","11","1","0","0","1","1","0","0"
"POINT (13.395604695000031 52.498761210000055)","Unfall 203868 (2018) Kat:3, Licht: 2","203868","3","6","4","08","22","5","0","2","0","1","0","1"
"POINT (13.433674629000052 52.482086471000059)","Unfall 203869 (2018) Kat:3, Licht: 0","203869","3","2","5","08","15","3","0","0","1","1","0","0"
"POINT (13.371019747000048 52.533743121000043)","Unfall 203870 (2018) Kat:3, Licht: 0","203870","3","5","1","07","11","1","0","0","1","1","0","0"
"POINT (13.427864782000029 52.473920623000026)","Unfall 203871 (2018) Kat:3, Licht: 0","203871","3","6","3","08","15","3","0","0","1","1","0","0"
"POINT (13.460530484000060 52.512295824000034)","Unfall 203872 (2018) Kat:3, Licht: 0","203872","3","5","1","08","15","3","0","0","1","1","0","0"
"POINT (13.310580266000045 52.547628106000047)","Unfall 203873 (2018) Kat:3, Licht: 0","203873","3","6","3","08","21","5","0","0","0","1","0","0"
"POINT (13.412503176000030 52.394296654000073)","Unfall 203874 (2018) Kat:3, Licht: 0","203874","3","3","5","08","15","3","0","0","0","1","0","0"
"POINT (13.339424938000036 52.503129282000032)","Unfall 203875 (2018) Kat:3, Licht: 2","203875","3","2","5","07","04","1","1","2","0","1","0","0"
"POINT (13.389017046000049 52.515626632000078)","Unfall 203876 (2018) Kat:3, Licht: 0","203876","3","2","5","08","14","3","0","0","0","1","0","1"
"POINT (13.302875436000022 52.519053328000041)","Unfall 203877 (2018) Kat:3, Licht: 0","203877","3","7","0","07","09","1","0","0","0","1","1","0"
"POINT (13.666421919000072 52.409789928000066)","Unfall 203878 (2018) Kat:3, Licht: 0","203878","3","2","5","08","20","5","0","0","1","1","0","0"
"POINT (13.334150329000067 52.541053712000064)","Unfall 203879 (2018) Kat:2, Licht: 0","203879","2","6","2","08","13","3","0","0","0","1","0","0"
"POINT (13.578282721000051 52.461116904000050)","Unfall 203880 (2018) Kat:3, Licht: 0","203880","3","2","5","07","18","7","0","0","0","1","0","1"
"POINT (13.456795708000072 52.509761336000054)","Unfall 203881 (2018) Kat:3, Licht: 0","203881","3","1","0","08","13","3","0","0","1","0","0","0"
"POINT (13.576780136000025 52.455317556000068)","Unfall 203882 (2018) Kat:3, Licht: 0","203882","3","4","6","07","16","7","0","0","0","1","1","0"
"POINT (13.269624662000069 52.538083000000029)","Unfall 203883 (2018) Kat:3, Licht: 0","203883","3","6","4","08","16","5","0","0","1","0","0","0"
"POINT (13.240187576000039 52.442911362000075)","Unfall 203884 (2018) Kat:3, Licht: 0","203884","3","4","6","08","13","3","0","0","0","1","1","0"
"POINT (13.469718972000067 52.512061066000058)","Unfall 203885 (2018) Kat:3, Licht: 0","203885","3","5","1","08","18","5","0","0","1","1","0","1"
"POINT (13.347457534000057 52.502004053000064)","Unfall 203886 (2018) Kat:3, Licht: 0","203886","3","6","6","07","15","7","0","0","1","0","1","0"
"POINT (13.519199482000033 52.513254275000065)","Unfall 203887 (2018) Kat:3, Licht: 0","203887","3","6","2","08","16","5","0","0","0","1","0","0"
"POINT (13.409931066000070 52.503881036000053)","Unfall 203888 (2018) Kat:3, Licht: 0","203888","3","6","0","08","13","3","0","0","0","1","0","0"
"POINT (13.392354900000043 52.415020168000069)","Unfall 203889 (2018) Kat:3, Licht: 0","203889","3","3","0","07","15","7","0","0","1","0","0","1"
"POINT (13.365560686000038 52.503118278000045)","Unfall 203890 (2018) Kat:3, Licht: 0","203890","3","2","5","08","13","3","0","0","1","1","0","0"
"POINT (13.389082232000021 52.515429805000053)","Unfall 203891 (2018) Kat:3, Licht: 0","203891","3","4","6","07","15","7","0","0","0","1","1","0"