WKT,Name,OBJECTID,UKATEGORIE,UTYP1,UART,UMONAT,USTUNDE,UWOCHENTAG,STRZUSTAND,ULICHTVERH,ISTRAD,ISTPKW,ISTFUSS,ISTKRAD
"POINT (13.509468542000036 52.453213775000052)","Unfall 203892 (2018) Kat:3, Licht: 0","203892","3","5","1","08","16","5","0","0","1","0","0","0"
"POINT (13.436208451000027 52.448900162000029)","Unfall 203893 (2018) Kat:2, Licht: 0","203893","2","2","5","08","12","3","0","0","0","1","0","0"
"POINT (13.558096201000069 52.455689429000074)","Unfall 203894 (2018) Kat:3, Licht: 0","203894","3","2","5","08","15","5","0","0","0","1","0","1"
"POINT (13.359982640000055 52.546828990000051)","Unfall 203895 (2018) Kat:2, Licht: 0","203895","2","2","5","07","17","7","0","0","0","1","0","1"
"POINT (13.464703369000063 52.470200688000034)","Unfall 203896 (2018) Kat:2, Licht: 0","203896","2","2","5","07","13","7","0","0","0","1","0","1"
"POINT (13.428795290000039 52.498467206000043)","Unfall 203897 (2018) Kat:3, Licht: 0","203897","3","7","5","08","15","5","0","0","1","1","0","0"
"POINT (13.222110977000057 52.559746869000037)","Unfall 203898 (2018) Kat:3, Licht: 0","203898","3","6","2","08","11","3","0","0","0","1","0","0"
"POINT (13.336538304000044 52.430121633000056)","Unfall 203899 (2018) Kat:3, Licht: 0","203899","3","4","6","07","10","7","0","0","1","0","1","0"
"POINT (13.569603034000068 52.470644363000076)","Unfall 203900 (2018) Kat:3, Licht: 0","203900","3","7","2","08","14","5","0","0","1","1","0","0"
"POINT (13.431420589000027 52.502902517000052)","Unfall 203901 (2018) Kat:3, Licht: 0","203901","3","3","5","08","11","3","0","0","0","1","0","1"
"POINT (13.562596121000070 52.456366333000062)","Unfall 203902 (2018) Kat:3, Licht: 0","203902","3","3","5","07","10","7","0","0","1","0","0","0"
"POINT (13.193179446000045 52.433801460000041)","Unfall 203903 (2018) Kat:3, Licht: 0","203903","3","2","5","07","09","7","0","0","0","1","0","1"
"POINT (13.607508614000039 52.543317847000026)","Unfall 203904 (2018) Kat:3, Licht: 0","203904","3","4","6","08","14","5","0","0","0","1","1","0"
"POINT (13.176661569000032 52.524924441000053)","Unfall 203905 (2018) Kat:3, Licht: 0","203905","3","5","1","08","10","3","0","0","0","1","0","0"
"POINT (13.415569634000065 52.527248680000071)","Unfall 203906 (2018) Kat:3, Licht: 0","203906","3","1","0","08","14","5","0","0","1","0","0","0"
"POINT (13.335875047000059 52.463626433000059)","Unfall 203907 (2018) Kat:3, Licht: 0","203907","3","4","6","07","07","7","0","0","1","0","1","0"
"POINT (13.410812868000050 52.397055478000027)","Unfall 203908 (2018) Kat:3, Licht: 0","203908","3","3","5","08","14","5","0","0","1","1","0","0"
"POINT (13.197053098000026 52.533263688000034)","Unfall 203909 (2018) Kat:3, Licht: 0","203909","3","6","2","08","09","3","0","0","0","1","0","0"
"POINT (13.201279850000049 52.512163309000073)","Unfall 203910 (2018) Kat:3, Licht: 0","203910","3","6","2","08","13","5","0","0","0","1","0","0"
"POINT (13.437952633000066 52.500352652000061)","Unfall 203911 (2018) Kat:3, Licht: 0","203911","3","4","6","07","17","7","0","0","1","0","1","0"
"POINT (13.429461068000023 52.521200331000045)","Unfall 203912 (2018) Kat:3, Licht: 0","203912","3","2","5","08","09","3","0","0","1","1","0","0"
"POINT (13.475350841000022 52.501922247000039)","Unfall 203913 (2018) Kat:3, Licht: 2","203913","3","2","5","07","01","7","0","2","1","1","0","0"
"POINT (13.438116505000039 52.511758904000033)","Unfall 203914 (2018) Kat:3, Licht: 0","203914","3","4","6","08","13","5","0","0","0","0","1","1"
"POINT (13.449838339000053 52.445553931000063)","Unfall 203915 (2018) Kat:2, Licht: 0","203915","2","6","0","08","08","3","0","0","0","1","0","0"
"POINT (13.406816257000060 52.498998099000062)","Unfall 203916 (2018) Kat:3, Licht: 0","203916","3","7","0","08","13","5","0","0","1","0","0","0"
"POINT (13.517184362000023 52.535388832000081)","Unfall 203917 (2018) Kat:2, Licht: 2","203917","2","1","0","07","01","7","0","2","0","0","0","1"
"POINT (13.419342667000024 52.501346055000056)","Unfall 203918 (2018) Kat:2, Licht: 0","203918","2","4","6","08","09","5","0","0","0","0","1","1"
"POINT (13.318699116000062 52.498097459000064)","Unfall 203919 (2018) Kat:2, Licht: 2","203919","2","3","5","08","00","6","0","2","0","1","0","0"
"POINT (13.346547764000036 52.430707661000042)","Unfall 203920 (2018) Kat:3, Licht: 0","203920","3","2","5","08","15","5","0","0","1","1","0","0"
"POINT (13.427614460000029 52.560471554000060)","Unfall 203921 (2018) Kat:2, Licht: 0","203921","2","3","5","08","15","5","0","0","1","1","0","0"
"POINT (13.604258486000049 52.538677512000049)","Unfall 203922 (2018) Kat:3, Licht: 0","203922","3","6","3","08","17","1","0","0","0","1","0","0"
"POINT (13.402424403000055 52.511893160000056)","Unfall 203923 (2018) Kat:3, Licht: 0","203923","3","2","2","08","08","5","0","0","1","1","0","0"
"POINT (13.439117595000027 52.547330499000054)","Unfall 203924 (2018) Kat:3, Licht: 0","203924","3","2","5","08","14","5","0","0","1","1","0","0"
"POINT (13.621225574000050 52.524218966000035)","Unfall 203925 (2018) Kat:3, Licht: 0","203925","3","6","2","08","15","6","0","0","0","1","0","0"
"POINT (13.442530963000024 52.533755608000035)","Unfall 203926 (2018) Kat:3, Licht: 0","203926","3","5","1","08","08","5","0","0","1","1","0","0"
"POINT (13.329787486000043 52.522778170000038)","Unfall 203927 (2018) Kat:3, Licht: 0","203927","3","2","5","08","19","1","0","0","1","1","0","0"
"POINT (13.379055942000036 52.448187411000049)","Unfall 203928 (2018) Kat:3, Licht: 0","203928","3","2","6","08","08","5","0","0","0","1","1","0"
"POINT (13.383451177000040 52.431009056000050)","Unfall 203929 (2018) Kat:3, Licht: 0","203929","3","5","1","08","15","7","0","0","1","1","0","0"
"POINT (13.425638890000073 52.523306222000031)","Unfall 203930 (2018) Kat:3, Licht: 0","203930","3","2","5","08","08","5","0","0","1","1","0","0"
"POINT (13.533482714000058 52.452049645000045)","Unfall 203931 (2018) Kat:3, Licht: 0","203931","3","2","5","08","07","5","0","0","1","1","0","0"
"POINT (13.452254633000052 52.510646946000065)","Unfall 203932 (2018) Kat:3, Licht: 2","203932","3","6","4","08","21","6","0","2","0","1","0","1"
"POINT (13.443074150000029 52.480158523000057)","Unfall 203933 (2018) Kat:3, Licht: 1","203933","3","6","2","08","19","7","0","1","1","1","0","0"
"POINT (13.429247696000061 52.556382585000051)","Unfall 203934 (2018) Kat:3, Licht: 0","203934","3","2","5","08","07","5","0","0","1","0","0","0"
"POINT (13.411432823000041 52.540215443000079)","Unfall 203935 (2018) Kat:3, Licht: 0","203935","3","4","6","08","19","6","0","0","0","0","1","0"
"POINT (13.355348105000076 52.494635031000030)","Unfall 203936 (2018) Kat:2, Licht: 0","203936","2","3","5","08","06","5","0","0","1","0","0","0"
"POINT (13.331420881000042 52.493160808000027)","Unfall 203937 (2018) Kat:3, Licht: 0","203937","3","3","5","08","12","6","0","0","0","1","0","1"
"POINT (13.231497934000060 52.545421021000038)","Unfall 203938 (2018) Kat:2, Licht: 0","203938","2","5","1","08","06","5","0","0","0","0","0","1"
"POINT (13.572342102000050 52.450730305000036)","Unfall 203939 (2018) Kat:3, Licht: 2","203939","3","6","2","08","00","5","0","2","0","1","0","0"
"POINT (13.519648413000027 52.505875409000055)","Unfall 203940 (2018) Kat:2, Licht: 0","203940","2","3","5","08","11","2","0","0","0","1","0","0"
"POINT (13.431425213000068 52.592973935000032)","Unfall 203941 (2018) Kat:3, Licht: 0","203941","3","6","2","08","15","5","0","0","0","1","0","0"
"POINT (13.334450439000022 52.541441022000072)","Unfall 203942 (2018) Kat:3, Licht: 0","203942","3","6","3","08","15","5","0","0","0","0","0","1"
"POINT (13.563688930000069 52.456365648000030)","Unfall 203943 (2018) Kat:3, Licht: 0","203943","3","6","0","08","14","7","0","0","0","1","0","0"
"POINT (13.400664387000063 52.439835136000056)","Unfall 203944 (2018) Kat:3, Licht: 0","203944","3","6","2","08","15","5","0","0","0","1","0","0"
"POINT (13.278250531000026 52.506841535000035)","Unfall 203945 (2018) Kat:3, Licht: 0","203945","3","2","5","08","06","6","0","0","1","1","0","0"
"POINT (13.373366430000033 52.574769491000040)","Unfall 203946 (2018) Kat:3, Licht: 0","203946","3","2","5","08","15","5","0","0","1","1","0","0"
"POINT (13.461093642000037 52.517086271000039)","Unfall 203947 (2018) Kat:3, Licht: 0","203947","3","2","5","08","08","6","0","0","0","1","0","1"
"POINT (13.325854888000038 52.564646133000053)","Unfall 203948 (2018) Kat:3, Licht: 0","203948","3","2","5","08","14","5","0","0","1","1","0","0"
"POINT (13.382177467000076 52.436022134000041)","Unfall 203949 (2018) Kat:3, Licht: 0","203949","3","3","5","08","13","5","0","0","0","1","0","0"
"POINT (13.657585175000065 52.374181454000052)","Unfall 203950 (2018) Kat:3, Licht: 0","203950","3","6","4","08","11","1","0","0","1","0","0","0"
"POINT (13.355054542000062 52.427633050000054)","Unfall 203951 (2018) Kat:3, Licht: 0","203951","3","2","0","08","13","5","0","0","0","1","1","0"
"POINT (13.577735170000039 52.452610571000037)","Unfall 203952 (2018) Kat:3, Licht: 0","203952","3","6","2","08","13","5","0","0","0","1","0","0"
"POINT (13.297728164000034 52.591174208000041)","Unfall 203953 (2018) Kat:3, Licht: 2","203953","3","1","9","08","21","7","0","2","0","1","0","0"
"POINT (13.187346618000049 52.520183569000039)","Unfall 203954 (2018) Kat:3, Licht: 0","203954","3","2","5","08","12","5","0","0","0","1","0","0"
"POINT (13.519884250000075 52.505835567000076)","Unfall 203955 (2018) Kat:3, Licht: 0","203955","3","2","5","08","14","6","0","0","1","1","0","0"
"POINT (13.434050051000042 52.545923773000027)","Unfall 203956 (2018) Kat:3, Licht: 0","203956","3","6","2","08","12","5","0","0","1","1","0","0"
"POINT (13.496115562000057 52.415547147000041)","Unfall 203957 (2018) Kat:3, Licht: 0","203957","3","6","2","08","12","5","0","0","0","1","0","0"
"POINT (13.429104778000067 52.556334013000026)","Unfall 203958 (2018) Kat:2, Licht: 2","203958","2","1","9","08","21","1","0","2","0","1","0","1"
"POINT (13.297392798000033 52.442330532000028)","Unfall 203959 (2018) Kat:3, Licht: 0","203959","3","7","5","08","12","5","0","0","0","1","0","0"
"POINT (13.180306976000054 52.490149498000051)","Unfall 203960 (2018) Kat:3, Licht: 0","203960","3","2","5","08","19","5","0","0","0","1","0","0"
"POINT (13.342804285000057 52.450463802000058)","Unfall 203961 (2018) Kat:3, Licht: 0","203961","3","2","5","08","19","5","0","0","0","1","0","0"
"POINT (13.397804006000058 52.495387626000081)","Unfall 203962 (2018) Kat:3, Licht: 0","203962","3","2","5","08","17","1","0","0","1","1","0","0"
"POINT (13.218263712000066 52.508808242000043)","Unfall 203963 (2018) Kat:3, Licht: 0","203963","3","3","5","08","17","5","0","0","0","1","0","0"
"POINT (13.376294938000058 52.409151659000031)","Unfall 203964 (2018) Kat:3, Licht: 0","203964","3","2","5","08","16","5","0","0","0","1","0","0"
"POINT (13.385363341000073 52.499040078000064)","Unfall 203965 (2018) Kat:3, Licht: 2","203965","3","3","5","08","02","7","0","2","1","1","0","0"
"POINT (13.436624777000077 52.423639618000038)","Unfall 203966 (2018) Kat:2, Licht: 0","203966","2","2","5","08","19","6","0","0","0","1","0","1"
"POINT (13.282646294000074 52.518471350000027)","Unfall 203967 (2018) Kat:3, Licht: 0","203967","3","6","2","08","12","4","0","0","0","1","0","0"
"POINT (13.307908913000063 52.497610080000072)","Unfall 203968 (2018) Kat:3, Licht: 0","203968","3","7","2","08","16","6","0","0","1","1","0","0"
"POINT (13.360597504000054 52.500355758000069)","Unfall 203969 (2018) Kat:3, Licht: 0","203969","3","7","2","08","12","4","0","0","0","1","0","1"
"POINT (13.413864597000043 52.552120903000059)","Unfall 203970 (2018) Kat:3, Licht: 0","203970","3","3","0","08","11","4","0","0","1","0","0","0"
"POINT (13.403127491000077 52.527429603000030)","Unfall 203971 (2018) Kat:3, Licht: 1","203971","3","4","6","08","20","6","0","1","1","0","1","0"
"POINT (13.417537707000065 52.498852671000066)","Unfall 203972 (2018) Kat:3, Licht: 1","203972","3","6","2","08","20","7","0","1","0","1","0","1"
"POINT (13.299797095000031 52.521271559000070)","Unfall 203973 (2018) Kat:3, Licht: 0","203973","3","4","6","08","11","4","0","0","0","1","1","0"
"POINT (13.311346127000036 52.569791984000062)","Unfall 203974 (2018) Kat:3, Licht: 0","203974","3","3","5","08","18","6","0","0","0","1","0","0"
"POINT (13.287355301000048 52.632251292000035)","Unfall 203975 (2018) Kat:3, Licht: 0","203975","3","2","6","08","11","4","0","0","0","1","1","0"
"POINT (13.483591480000030 52.431226328000037)","Unfall 203976 (2018) Kat:3, Licht: 0","203976","3","3","5","08","13","6","0","0","0","1","0","0"
"POINT (13.280141118000074 52.476346983000042)","Unfall 203977 (2018) Kat:3, Licht: 0","203977","3","6","0","08","10","4","0","0","0","1","0","1"
"POINT (13.310444902000029 52.516105703000051)","Unfall 203978 (2018) Kat:3, Licht: 2","203978","3","2","2","08","21","6","0","2","0","1","0","0"
"POINT (13.295484157000033 52.550188952000042)","Unfall 203979 (2018) Kat:3, Licht: 0","203979","3","2","2","08","10","4","0","0","0","1","0","0"
"POINT (13.321536819000073 52.505793616000062)","Unfall 203980 (2018) Kat:3, Licht: 0","203980","3","4","6","08","14","6","0","0","0","1","1","0"
"POINT (13.468400389000067 52.499662753000052)","Unfall 203981 (2018) Kat:3, Licht: 0","203981","3","2","5","08","09","4","0","0","1","1","0","0"
"POINT (13.550713196000061 52.429057398000054)","Unfall 203982 (2018) Kat:2, Licht: 0","203982","2","6","2","08","18","1","0","0","0","1","0","1"
"POINT (13.436202191000064 52.509641219000059)","Unfall 203983 (2018) Kat:3, Licht: 0","203983","3","7","5","08","08","4","0","0","0","1","0","0"
"POINT (13.225990473000024 52.554441492000080)","Unfall 203984 (2018) Kat:3, Licht: 0","203984","3","3","5","08","19","6","0","0","1","1","0","0"
"POINT (13.325065215000052 52.508678274000033)","Unfall 203985 (2018) Kat:3, Licht: 0","203985","3","3","5","08","18","7","0","0","0","1","0","0"
"POINT (13.400548995000065 52.439844871000048)","Unfall 203986 (2018) Kat:3, Licht: 0","203986","3","2","5","08","20","4","0","0","0","1","0","1"
"POINT (13.398549603000049 52.532553545000042)","Unfall 203987 (2018) Kat:3, Licht: 0","203987","3","6","2","08","19","4","0","0","1","0","0","0"
"POINT (13.297795446000066 52.441967229000056)","Unfall 203988 (2018) Kat:3, Licht: 0","203988","3","1","0","08","10","6","0","0","0","0","0","1"
"POINT (13.377922201000047 52.468631474000063)","Unfall 203989 (2018) Kat:2, Licht: 0","203989","2","2","5","08","18","4","0","0","0","1","0","1"
"POINT (13.393616047000023 52.489135650000037)","Unfall 203990 (2018) Kat:3, Licht: 0","203990","3","2","0","08","17","4","0","0","1","1","0","0"
"POINT (13.323689023000043 52.587258474000066)","Unfall 203991 (2018) Kat:3, Licht: 0","203991","3","6","2","08","16","1","0","0","0","1","0","0"
"POINT (13.402348851000056 52.531056171000046)","Unfall 203992 (2018) Kat:2, Licht: 0","203992","2","1","0","08","11","4","0","0","1","0","0","0"
"POINT (13.311033314000042 52.547672491000071)","Unfall 203993 (2018) Kat:3, Licht: 0","203993","3","3","5","08","12","4","0","0","0","1","0","0"
"POINT (13.480774101000065 52.516212443000029)","Unfall 203994 (2018) Kat:3, Licht: 0","203994","3","6","2","08","17","1","0","0","0","1","0","0"
"POINT (13.329778153000063 52.563133810000068)","Unfall 203995 (2018) Kat:3, Licht: 0","203995","3","5","0","08","14","7","0","0","0","1","0","0"
"POINT (13.664055650000023 52.449257607000050)","Unfall 203996 (2018) Kat:2, Licht: 0","203996","2","1","0","08","17","4","0","0","1","0","0","0"
"POINT (13.432993822000071 52.560529192000047)","Unfall 203997 (2018) Kat:3, Licht: 0","203997","3","3","5","08","07","6","0","0","1","0","0","0"
"POINT (13.443488129000059 52.552900634000082)","Unfall 203998 (2018) Kat:3, Licht: 0","203998","3","5","1","08","17","4","0","0","1","0","0","0"
"POINT (13.366796997000051 52.525540402000047)","Unfall 203999 (2018) Kat:2, Licht: 0","203999","2","1","0","08","12","4","0","0","1","0","0","0"
"POINT (13.433280504000038 52.606452841000078)","Unfall 204000 (2018) Kat:3, Licht: 0","204000","3","6","2","08","14","1","0","0","0","1","0","0"
"POINT (13.539508442000056 52.434657558000026)","Unfall 204001 (2018) Kat:3, Licht: 0","204001","3","2","5","08","17","4","0","0","1","1","0","0"
"POINT (13.194018306000032 52.525501165000037)","Unfall 204002 (2018) Kat:3, Licht: 0","204002","3","4","6","08","15","6","0","0","0","0","1","0"
"POINT (13.510615597000026 52.457099381000035)","Unfall 204003 (2018) Kat:3, Licht: 0","204003","3","5","1","08","17","1","0","0","1","1","0","0"
"POINT (13.302873604000069 52.580731764000063)","Unfall 204004 (2018) Kat:3, Licht: 0","204004","3","2","5","08","16","4","0","0","1","1","0","0"
"POINT (13.421839604000070 52.539885118000029)","Unfall 204005 (2018) Kat:3, Licht: 0","204005","3","5","1","08","11","7","0","0","1","1","0","0"
"POINT (13.393887208000024 52.532186061000061)","Unfall 204006 (2018) Kat:3, Licht: 0","204006","3","1","0","08","16","4","0","0","1","0","0","0"
"POINT (13.335072243000070 52.464275769000039)","Unfall 204007 (2018) Kat:2, Licht: 0","204007","2","2","5","08","12","6","0","0","1","1","0","0"
"POINT (13.583287912000060 52.462839795000036)","Unfall 204008 (2018) Kat:3, Licht: 0","204008","3","6","2","08","16","4","0","0","0","1","0","0"
"POINT (13.438888937000058 52.494959343000062)","Unfall 204009 (2018) Kat:3, Licht: 0","204009","3","2","0","08","13","7","0","0","1","1","0","0"
"POINT (13.492892448000077 52.491166977000034)","Unfall 204010 (2018) Kat:3, Licht: 0","204010","3","6","3","08","16","4","0","0","1","0","0","0"
"POINT (13.509727655000063 52.561858789000041)","Unfall 204011 (2018) Kat:3, Licht: 0","204011","3","3","5","08","16","6","0","0","0","1","0","0"
"POINT (13.581976367000038 52.461021400000050)","Unfall 204012 (2018) Kat:2, Licht: 0","204012","2","6","0","08","16","4","0","0","0","1","0","0"
"POINT (13.628426968000042 52.446688127000073)","Unfall 204013 (2018) Kat:3, Licht: 0","204013","3","2","5","08","15","4","0","0","1","1","0","0"
"POINT (13.411945248000052 52.541042377000053)","Unfall 204014 (2018) Kat:3, Licht: 0","204014","3","2","5","08","19","1","0","0","1","1","0","0"
"POINT (13.363555981000047 52.606835504000060)","Unfall 204015 (2018) Kat:3, Licht: 0","204015","3","2","2","08","15","4","0","0","0","0","0","1"
"POINT (13.614227565000022 52.376485348000074)","Unfall 204016 (2018) Kat:3, Licht: 0","204016","3","3","5","08","08","5","0","0","1","0","0","0"
"POINT (13.444827243000077 52.498608614000034)","Unfall 204017 (2018) Kat:3, Licht: 0","204017","3","6","2","08","15","4","0","0","1","0","0","1"
"POINT (13.345821582000042 52.493985169000041)","Unfall 204018 (2018) Kat:3, Licht: 0","204018","3","7","5","08","13","6","0","0","0","1","0","1"
"POINT (13.348076948000028 52.548604666000074)","Unfall 204019 (2018) Kat:2, Licht: 0","204019","2","3","5","08","18","6","0","0","1","0","0","0"
"POINT (13.466130926000062 52.471130311000081)","Unfall 204020 (2018) Kat:2, Licht: 0","204020","2","4","6","08","15","4","0","0","0","0","1","1"
"POINT (13.478092210000057 52.558066780000047)","Unfall 204021 (2018) Kat:3, Licht: 0","204021","3","3","5","08","15","4","0","0","1","0","0","0"
"POINT (13.385810011000046 52.550031418000060)","Unfall 204022 (2018) Kat:3, Licht: 0","204022","3","6","2","08","20","5","0","0","0","1","0","0"
"POINT (13.303840141000023 52.499364849000074)","Unfall 204023 (2018) Kat:3, Licht: 0","204023","3","2","5","08","15","4","0","0","1","1","0","0"
"POINT (13.220302726000057 52.431738192000068)","Unfall 204024 (2018) Kat:3, Licht: 0","204024","3","7","2","08","14","4","0","0","0","1","0","0"
"POINT (13.460953090000032 52.524119935000044)","Unfall 204025 (2018) Kat:2, Licht: 0","204025","2","1","0","08","14","4","0","0","1","0","0","0"
"POINT (13.296378019000031 52.548548004000054)","Unfall 204026 (2018) Kat:3, Licht: 2","204026","3","6","2","08","21","1","0","2","0","1","0","0"
"POINT (13.316445032000047 52.501226466000048)","Unfall 204027 (2018) Kat:3, Licht: 0","204027","3","5","1","08","14","4","0","0","1","1","0","0"
"POINT (13.364566213000046 52.618913328000076)","Unfall 204028 (2018) Kat:2, Licht: 2","204028","2","6","4","08","20","5","0","2","0","1","0","1"
"POINT (13.489792292000061 52.420056881000050)","Unfall 204029 (2018) Kat:3, Licht: 0","204029","3","3","5","08","14","4","0","0","0","1","0","1"
"POINT (13.303001030000075 52.547883997000042)","Unfall 204030 (2018) Kat:3, Licht: 0","204030","3","7","5","08","14","6","0","0","0","1","0","1"
"POINT (13.382498633000068 52.593320408000068)","Unfall 204031 (2018) Kat:3, Licht: 0","204031","3","2","5","08","13","4","0","0","0","1","0","0"
"POINT (13.438129263000064 52.420610721000060)","Unfall 204032 (2018) Kat:3, Licht: 2","204032","3","5","1","08","21","1","0","2","0","0","0","1"
"POINT (13.313756468000065 52.506230386000027)","Unfall 204033 (2018) Kat:3, Licht: 2","204033","3","3","2","08","23","5","0","2","0","1","0","0"
"POINT (13.427621724000062 52.498975145000031)","Unfall 204034 (2018) Kat:3, Licht: 0","204034","3","4","6","08","12","4","0","0","1","0","1","0"
"POINT (13.599128973000063 52.528314736000027)","Unfall 204035 (2018) Kat:3, Licht: 0","204035","3","3","5","08","15","7","0","0","1","1","0","0"
"POINT (13.394426141000054 52.488569332000054)","Unfall 204036 (2018) Kat:3, Licht: 2","204036","3","1","9","08","21","5","0","2","0","1","0","0"
"POINT (13.332988491000037 52.595458838000070)","Unfall 204037 (2018) Kat:3, Licht: 0","204037","3","2","5","08","15","3","0","0","0","1","0","0"
"POINT (13.413411859000064 52.547660975000042)","Unfall 204038 (2018) Kat:3, Licht: 0","204038","3","6","2","08","09","6","0","0","0","1","0","1"
"POINT (13.197376191000046 52.515990231000046)","Unfall 204039 (2018) Kat:2, Licht: 2","204039","2","7","5","08","20","7","0","2","1","1","0","0"
"POINT (13.417812135000077 52.501692576000039)","Unfall 204040 (2018) Kat:3, Licht: 0","204040","3","7","6","08","11","3","0","0","1","0","1","0"
"POINT (13.414703912000050 52.553571950000048)","Unfall 204041 (2018) Kat:3, Licht: 2","204041","3","2","5","08","22","3","0","2","1","1","0","0"
"POINT (13.233185664000075 52.539538194000045)","Unfall 204042 (2018) Kat:3, Licht: 0","204042","3","6","3","08","12","6","0","0","0","1","0","1"
"POINT (13.344266738000044 52.467480905000059)","Unfall 204043 (2018) Kat:3, Licht: 2","204043","3","4","6","08","20","3","0","2","0","1","1","0"
"POINT (13.553936156000077 52.431567525000048)","Unfall 204044 (2018) Kat:3, Licht: 0","204044","3","3","0","08","18","3","1","0","0","1","0","1"
"POINT (13.475532883000028 52.502451085000075)","Unfall 204045 (2018) Kat:3, Licht: 0","204045","3","2","5","08","10","2","0","0","1","0","0","0"
"POINT (13.605864309000026 52.518295428000044)","Unfall 204046 (2018) Kat:3, Licht: 0","204046","3","7","0","08","18","3","0","0","1","0","0","0"
"POINT (13.400128495000047 52.445052608000026)","Unfall 204047 (2018) Kat:3, Licht: 0","204047","3","2","5","08","16","5","0","0","1","0","0","0"
"POINT (13.496368487000041 52.503457825000055)","Unfall 204048 (2018) Kat:3, Licht: 0","204048","3","3","5","08","17","3","0","0","0","1","0","0"
"POINT (13.334041280000065 52.540996567000036)","Unfall 204049 (2018) Kat:3, Licht: 0","204049","3","1","0","08","14","7","0","0","0","0","0","1"
"POINT (13.440611407000063 52.517023230000063)","Unfall 204050 (2018) Kat:3, Licht: 0","204050","3","2","5","08","17","3","0","0","1","1","0","0"
"POINT (13.326236970000025 52.538038425000082)","Unfall 204051 (2018) Kat:3, Licht: 0","204051","3","2","5","08","07","6","0","0","0","1","0","0"
"POINT (13.377436916000022 52.531803681000042)","Unfall 204052 (2018) Kat:3, Licht: 0","204052","3","5","5","08","17","3","0","0","1","1","0","0"
"POINT (13.519862069000055 52.505922484000052)","Unfall 204053 (2018) Kat:3, Licht: 0","204053","3","2","5","08","15","3","0","0","1","1","0","0"
"POINT (13.230563813000060 52.511199817000033)","Unfall 204054 (2018) Kat:3, Licht: 0","204054","3","7","6","08","16","1","0","0","0","1","1","0"
"POINT (13.417506504000073 52.504117753000060)","Unfall 204055 (2018) Kat:3, Licht: 0","204055","3","3","5","08","15","3","0","0","0","1","0","0"
"POINT (13.342481148000047 52.502159823000056)","Unfall 204056 (2018) Kat:3, Licht: 0","204056","3","3","5","08","15","3","0","0","1","0","0","1"
"POINT (13.179516223000064 52.421850506000055)","Unfall 204057 (2018) Kat:3, Licht: 0","204057","3","7","2","08","11","1","0","0","1","0","0","0"
"POINT (13.380388629000038 52.474838936000026)","Unfall 204058 (2018) Kat:3, Licht: 0","204058","3","7","6","08","15","3","0","0","0","1","1","0"
"POINT (13.304297450000035 52.577758984000070)","Unfall 204059 (2018) Kat:3, Licht: 0","204059","3","6","2","08","10","5","0","0","0","1","0","0"
"POINT (13.400902367000072 52.414530592000062)","Unfall 204060 (2018) Kat:3, Licht: 0","204060","3","2","5","08","15","3","0","0","1","0","0","0"
"POINT (13.360335188000022 52.537323933000039)","Unfall 204061 (2018) Kat:3, Licht: 2","204061","3","6","2","08","21","7","0","2","0","1","0","0"
"POINT (13.330637038000077 52.500540736000062)","Unfall 204062 (2018) Kat:3, Licht: 0","204062","3","2","6","08","13","3","0","0","0","1","1","0"
"POINT (13.370958842000050 52.564095235000082)","Unfall 204063 (2018) Kat:2, Licht: 0","204063","2","4","6","08","16","6","0","0","0","1","1","0"
"POINT (13.391686413000059 52.511490056000071)","Unfall 204064 (2018) Kat:3, Licht: 0","204064","3","4","6","08","12","3","0","0","1","0","1","0"
"POINT (13.326905175000036 52.540450144000033)","Unfall 204065 (2018) Kat:3, Licht: 1","204065","3","5","5","08","20","3","0","1","0","1","0","0"
"POINT (13.335142002000055 52.565016887000070)","Unfall 204066 (2018) Kat:2, Licht: 0","204066","2","6","2","08","11","1","0","0","0","1","0","1"
"POINT (13.440279955000051 52.419563257000050)","Unfall 204067 (2018) Kat:3, Licht: 2","204067","3","6","2","08","21","3","0","2","0","0","0","1"
"POINT (13.406224467000072 52.554087815000059)","Unfall 204068 (2018) Kat:3, Licht: 0","204068","3","2","5","08","16","5","0","0","1","1","0","0"
"POINT (13.330349812000065 52.527275711000073)","Unfall 204069 (2018) Kat:3, Licht: 0","204069","3","2","0","08","16","3","0","0","0","0","1","1"
"POINT (13.440806377000058 52.513441110000031)","Unfall 204070 (2018) Kat:3, Licht: 0","204070","3","2","5","08","07","6","0","0","1","1","0","0"
"POINT (13.389702847000024 52.586086207000051)","Unfall 204071 (2018) Kat:2, Licht: 0","204071","2","2","5","08","15","3","0","0","1","1","0","0"
"POINT (13.333042519000060 52.505172145000074)","Unfall 204072 (2018) Kat:3, Licht: 0","204072","3","7","0","08","11","5","0","0","0","0","0","1"
"POINT (13.588290572000062 52.502596794000056)","Unfall 204073 (2018) Kat:2, Licht: 0","204073","2","3","5","08","16","3","0","0","0","1","0","1"
"POINT (13.428802912000037 52.572058207000055)","Unfall 204074 (2018) Kat:3, Licht: 0","204074","3","2","5","08","09","7","0","0","0","1","0","0"
"POINT (13.425071830000036 52.571419385000070)","Unfall 204075 (2018) Kat:2, Licht: 0","204075","2","3","5","08","14","3","0","0","0","1","0","1"
"POINT (13.312160067000036 52.572220603000062)","Unfall 204076 (2018) Kat:3, Licht: 1","204076","3","5","1","08","19","6","0","1","1","1","0","0"
"POINT (13.350896432000070 52.526318648000029)","Unfall 204077 (2018) Kat:3, Licht: 0","204077","3","5","1","08","14","3","0","0","1","0","0","0"