WKT,Name,OBJECTID,UKATEGORIE,UTYP1,UART,UMONAT,USTUNDE,UWOCHENTAG,STRZUSTAND,ULICHTVERH,ISTRAD,ISTPKW,ISTFUSS,ISTKRAD
"POINT (13.429144395000037 52.482038326000065)","Unfall 204078 (2018) Kat:3, Licht: 0","204078","3","5","1","08","17","5","0","0","1","1","0","0"
"POINT (13.536672687000078 52.459874397000078)","Unfall 204079 (2018) Kat:3, Licht: 0","204079","3","3","5","08","14","3","0","0","0","1","0","0"
"POINT (13.485420994000037 52.526677775000053)","Unfall 204080 (2018) Kat:3, Licht: 0","204080","3","3","5","08","18","1","0","0","0","1","0","0"
"POINT (13.424318133000043 52.480629067000052)","Unfall 204081 (2018) Kat:3, Licht: 0","204081","3","6","0","08","10","3","0","0","0","1","0","1"
"POINT (13.349868183000069 52.502790534000042)","Unfall 204082 (2018) Kat:2, Licht: 0","204082","2","7","0","08","18","5","1","0","0","0","0","1"
"POINT (13.357169743000043 52.498960112000077)","Unfall 204083 (2018) Kat:3, Licht: 2","204083","3","3","5","08","22","6","0","2","0","1","0","0"
"POINT (13.330768010000043 52.571920927000065)","Unfall 204084 (2018) Kat:3, Licht: 0","204084","3","5","1","08","10","3","0","0","1","1","0","0"
"POINT (13.402053402000035 52.530709779000063)","Unfall 204085 (2018) Kat:3, Licht: 0","204085","3","4","6","08","15","6","0","0","1","0","1","0"
"POINT (13.490358975000049 52.427942681000047)","Unfall 204086 (2018) Kat:3, Licht: 0","204086","3","2","5","08","09","3","0","0","0","1","0","0"
"POINT (13.325289659000077 52.461729745000071)","Unfall 204087 (2018) Kat:3, Licht: 0","204087","3","3","5","08","08","3","0","0","1","1","0","0"
"POINT (13.279632550000031 52.432401987000048)","Unfall 204088 (2018) Kat:3, Licht: 0","204088","3","2","2","08","18","5","0","0","0","1","0","0"
"POINT (13.331104025000059 52.444144986000026)","Unfall 204089 (2018) Kat:3, Licht: 0","204089","3","6","2","08","08","3","0","0","1","0","0","0"
"POINT (13.569629729000042 52.452861082000027)","Unfall 204090 (2018) Kat:3, Licht: 0","204090","3","6","3","08","07","3","0","0","1","1","0","0"
"POINT (13.386281526000062 52.490076860000045)","Unfall 204091 (2018) Kat:3, Licht: 0","204091","3","2","5","08","17","5","0","0","1","1","0","0"
"POINT (13.365784867000059 52.563001646000032)","Unfall 204092 (2018) Kat:3, Licht: 0","204092","3","3","5","08","07","3","0","0","1","1","0","0"
"POINT (13.481320208000056 52.460848909000049)","Unfall 204093 (2018) Kat:2, Licht: 0","204093","2","2","5","08","16","7","0","0","0","1","0","0"
"POINT (13.198535268000057 52.542880799000045)","Unfall 204094 (2018) Kat:2, Licht: 0","204094","2","2","5","08","10","3","0","0","0","1","0","1"
"POINT (13.241256681000038 52.526107893000074)","Unfall 204095 (2018) Kat:3, Licht: 0","204095","3","2","5","08","18","5","0","0","1","0","0","0"
"POINT (13.253325374000042 52.537736723000080)","Unfall 204096 (2018) Kat:2, Licht: 1","204096","2","7","5","08","05","3","0","1","1","1","0","0"
"POINT (13.519844465000062 52.525843586000065)","Unfall 204097 (2018) Kat:3, Licht: 0","204097","3","2","5","08","10","6","0","0","1","1","0","0"
"POINT (13.441689853000071 52.469492840000044)","Unfall 204098 (2018) Kat:3, Licht: 2","204098","3","6","2","08","22","6","0","2","0","1","0","0"
"POINT (13.218535899000074 52.537379788000067)","Unfall 204099 (2018) Kat:3, Licht: 0","204099","3","6","2","08","08","3","0","0","0","1","0","0"
"POINT (13.328939566000031 52.480122708000067)","Unfall 204100 (2018) Kat:2, Licht: 0","204100","2","2","5","08","11","3","0","0","1","1","0","0"
"POINT (13.281077412000059 52.593705068000077)","Unfall 204101 (2018) Kat:3, Licht: 0","204101","3","3","5","08","10","2","0","0","1","0","0","1"
"POINT (13.365811504000021 52.503065382000045)","Unfall 204102 (2018) Kat:3, Licht: 0","204102","3","2","5","08","18","3","0","0","1","1","0","0"
"POINT (13.570487996000054 52.447965171000078)","Unfall 204103 (2018) Kat:3, Licht: 0","204103","3","7","6","08","18","5","0","0","0","0","1","0"
"POINT (13.351034802000072 52.524278501000026)","Unfall 204104 (2018) Kat:3, Licht: 0","204104","3","4","6","08","08","2","0","0","1","0","1","0"
"POINT (13.527190682000025 52.481892067000047)","Unfall 204105 (2018) Kat:2, Licht: 0","204105","2","7","5","08","10","7","0","0","1","1","0","0"
"POINT (13.478104776000066 52.533244952000075)","Unfall 204106 (2018) Kat:2, Licht: 0","204106","2","6","2","08","18","5","0","0","0","1","0","0"
"POINT (13.424170195000045 52.465509579000070)","Unfall 204107 (2018) Kat:3, Licht: 0","204107","3","6","2","08","13","2","0","0","0","1","0","0"
"POINT (13.138130897000053 52.458260677000055)","Unfall 204108 (2018) Kat:2, Licht: 0","204108","2","2","5","08","15","7","0","0","1","0","0","0"
"POINT (13.416337172000055 52.519984665000038)","Unfall 204109 (2018) Kat:3, Licht: 0","204109","3","2","5","08","19","5","0","0","1","1","0","0"
"POINT (13.409751140000026 52.524016939000035)","Unfall 204110 (2018) Kat:3, Licht: 0","204110","3","2","5","08","11","2","0","0","1","1","0","0"
"POINT (13.419944802000032 52.538200163000056)","Unfall 204111 (2018) Kat:3, Licht: 0","204111","3","3","5","08","08","6","0","0","1","1","0","0"
"POINT (13.430341862000034 52.492729750000080)","Unfall 204112 (2018) Kat:3, Licht: 2","204112","3","3","5","08","22","2","0","2","1","0","0","0"
"POINT (13.309311624000031 52.603482036000059)","Unfall 204113 (2018) Kat:3, Licht: 2","204113","3","2","2","08","21","2","0","2","0","1","0","0"
"POINT (13.398862783000027 52.539064715000052)","Unfall 204114 (2018) Kat:3, Licht: 0","204114","3","2","5","08","12","1","0","0","1","1","0","0"
"POINT (13.389890868000066 52.510385034000080)","Unfall 204115 (2018) Kat:3, Licht: 2","204115","3","2","5","08","21","2","0","2","0","1","0","1"
"POINT (13.328976954000041 52.424460527000065)","Unfall 204116 (2018) Kat:3, Licht: 0","204116","3","7","5","08","17","5","0","0","0","1","0","0"
"POINT (13.395757538000055 52.529007995000029)","Unfall 204117 (2018) Kat:3, Licht: 0","204117","3","2","5","08","19","2","0","0","1","1","0","0"
"POINT (13.398677618000022 52.443497677000039)","Unfall 204118 (2018) Kat:3, Licht: 0","204118","3","2","5","08","11","7","0","0","0","1","0","1"
"POINT (13.214465954000048 52.508781678000048)","Unfall 204119 (2018) Kat:3, Licht: 0","204119","3","6","0","08","08","2","0","0","0","1","0","1"
"POINT (13.281263600000045 52.585396534000040)","Unfall 204120 (2018) Kat:2, Licht: 0","204120","2","3","5","08","12","6","0","0","0","1","0","1"
"POINT (13.390971074000049 52.514873701000056)","Unfall 204121 (2018) Kat:3, Licht: 0","204121","3","2","5","08","17","2","0","0","1","0","0","0"
"POINT (13.399155808000046 52.529525560000081)","Unfall 204122 (2018) Kat:3, Licht: 0","204122","3","6","2","08","17","2","1","0","0","1","0","1"
"POINT (13.429580382000040 52.498132222000038)","Unfall 204123 (2018) Kat:3, Licht: 0","204123","3","3","5","08","05","6","0","0","0","1","0","0"
"POINT (13.321966043000032 52.565499837000061)","Unfall 204124 (2018) Kat:3, Licht: 0","204124","3","2","0","08","17","2","0","0","1","1","0","0"
"POINT (13.334957952000025 52.556327057000033)","Unfall 204125 (2018) Kat:3, Licht: 0","204125","3","6","3","08","16","2","0","0","0","0","0","1"
"POINT (13.392310849000069 52.414858736000042)","Unfall 204126 (2018) Kat:3, Licht: 0","204126","3","2","5","08","17","1","0","0","0","1","0","0"
"POINT (13.424112555000022 52.486145323000073)","Unfall 204127 (2018) Kat:3, Licht: 0","204127","3","6","2","08","16","2","0","0","1","1","0","0"
"POINT (13.552238223000074 52.534009246000039)","Unfall 204128 (2018) Kat:3, Licht: 0","204128","3","2","0","08","16","5","0","0","0","1","0","0"
"POINT (13.431826749000038 52.509518958000058)","Unfall 204129 (2018) Kat:3, Licht: 0","204129","3","6","4","08","15","2","0","0","1","0","0","0"
"POINT (13.479980296000065 52.518219194000039)","Unfall 204130 (2018) Kat:3, Licht: 0","204130","3","6","3","08","15","7","0","0","0","1","0","1"
"POINT (13.392327094000052 52.555286411000054)","Unfall 204131 (2018) Kat:3, Licht: 0","204131","3","2","2","08","17","6","0","0","0","1","0","0"
"POINT (13.164987260000032 52.551175195000042)","Unfall 204132 (2018) Kat:3, Licht: 0","204132","3","4","6","08","15","2","0","0","0","1","1","0"
"POINT (13.398075076000055 52.498255557000050)","Unfall 204133 (2018) Kat:3, Licht: 0","204133","3","6","0","08","15","2","0","0","0","1","0","1"
"POINT (13.434906303000048 52.440301167000030)","Unfall 204134 (2018) Kat:3, Licht: 0","204134","3","2","5","08","10","5","0","0","1","0","0","0"
"POINT (13.427442112000051 52.560556148000046)","Unfall 204135 (2018) Kat:3, Licht: 0","204135","3","3","5","08","15","2","0","0","1","1","0","0"
"POINT (13.541238430000021 52.435363074000065)","Unfall 204136 (2018) Kat:3, Licht: 0","204136","3","3","5","08","17","7","0","0","0","1","0","0"
"POINT (13.508846792000043 52.473865156000045)","Unfall 204137 (2018) Kat:3, Licht: 0","204137","3","6","2","08","14","2","0","0","0","1","0","1"
"POINT (13.430530783000052 52.468839609000042)","Unfall 204138 (2018) Kat:3, Licht: 0","204138","3","6","3","08","10","5","0","0","0","0","0","1"
"POINT (13.367127114000027 52.493317976000071)","Unfall 204139 (2018) Kat:3, Licht: 0","204139","3","7","5","08","14","2","0","0","1","1","0","0"
"POINT (13.478593197000066 52.502864480000028)","Unfall 204140 (2018) Kat:3, Licht: 0","204140","3","3","5","08","13","2","0","0","0","0","0","1"
"POINT (13.565178880000076 52.544560903000047)","Unfall 204141 (2018) Kat:2, Licht: 1","204141","2","1","8","08","05","1","0","1","0","1","0","0"
"POINT (13.548556614000063 52.427610492000042)","Unfall 204142 (2018) Kat:2, Licht: 0","204142","2","2","5","08","16","2","0","0","1","1","0","0"
"POINT (13.372661830000027 52.460312363000071)","Unfall 204143 (2018) Kat:2, Licht: 0","204143","2","3","5","08","16","2","0","0","0","1","0","0"
"POINT (13.369630014000052 52.597511364000070)","Unfall 204144 (2018) Kat:3, Licht: 0","204144","3","3","5","08","14","6","0","0","1","1","0","0"
"POINT (13.438761549000048 52.555360847000031)","Unfall 204145 (2018) Kat:2, Licht: 0","204145","2","4","6","08","12","2","0","0","1","0","1","0"
"POINT (13.376453289000040 52.543117701000028)","Unfall 204146 (2018) Kat:3, Licht: 1","204146","3","2","5","08","20","1","0","1","1","1","0","0"
"POINT (13.380136560000039 52.441448697000055)","Unfall 204147 (2018) Kat:2, Licht: 0","204147","2","5","1","08","13","2","0","0","0","1","0","0"
"POINT (13.376839589000042 52.489427215000035)","Unfall 204148 (2018) Kat:3, Licht: 0","204148","3","2","5","08","15","7","0","0","1","1","0","0"
"POINT (13.332571995000023 52.458495279000033)","Unfall 204149 (2018) Kat:2, Licht: 0","204149","2","6","0","08","13","2","0","0","0","1","0","1"
"POINT (13.418270575000065 52.444677316000082)","Unfall 204150 (2018) Kat:3, Licht: 0","204150","3","7","6","08","16","2","0","0","1","1","1","1"
"POINT (13.480795971000077 52.483070494000060)","Unfall 204151 (2018) Kat:3, Licht: 0","204151","3","6","2","08","09","6","0","0","0","1","0","0"
"POINT (13.350060819000078 52.489483016000065)","Unfall 204152 (2018) Kat:3, Licht: 2","204152","3","1","0","08","21","2","0","2","0","0","0","1"
"POINT (13.583631412000045 52.549163188000080)","Unfall 204153 (2018) Kat:3, Licht: 0","204153","3","6","2","08","12","6","0","0","0","1","0","0"
"POINT (13.261425217000067 52.573664273000077)","Unfall 204154 (2018) Kat:3, Licht: 0","204154","3","6","2","08","17","2","0","0","0","1","0","0"
"POINT (13.513753711000049 52.566390411000043)","Unfall 204155 (2018) Kat:3, Licht: 0","204155","3","7","0","08","16","2","0","0","0","0","1","0"
"POINT (13.367989385000044 52.546192366000071)","Unfall 204156 (2018) Kat:3, Licht: 0","204156","3","7","2","08","10","2","0","0","0","1","0","0"
"POINT (13.326122491000035 52.538316115000043)","Unfall 204157 (2018) Kat:3, Licht: 0","204157","3","6","2","08","12","2","0","0","0","1","0","0"
"POINT (13.256125668000038 52.438858824000079)","Unfall 204158 (2018) Kat:2, Licht: 0","204158","2","5","1","08","12","2","0","0","0","1","0","1"
"POINT (13.305905607000057 52.523437510000065)","Unfall 204159 (2018) Kat:3, Licht: 0","204159","3","4","6","08","14","7","0","0","0","1","1","0"
"POINT (13.453219636000028 52.489472623000040)","Unfall 204160 (2018) Kat:2, Licht: 0","204160","2","4","6","08","11","2","0","0","0","1","1","0"
"POINT (13.330210358000045 52.495059730000037)","Unfall 204161 (2018) Kat:3, Licht: 0","204161","3","6","2","08","07","6","0","0","0","1","0","1"
"POINT (13.516535426000075 52.505577227000060)","Unfall 204162 (2018) Kat:3, Licht: 0","204162","3","1","0","08","11","2","0","0","0","0","0","1"
"POINT (13.296650192000072 52.501398630000040)","Unfall 204163 (2018) Kat:2, Licht: 0","204163","2","3","5","08","10","2","0","0","0","1","0","0"
"POINT (13.333992033000072 52.507449420000057)","Unfall 204164 (2018) Kat:3, Licht: 0","204164","3","6","2","08","16","1","0","0","0","1","0","1"
"POINT (13.358193521000032 52.536324817000036)","Unfall 204165 (2018) Kat:3, Licht: 0","204165","3","7","5","08","10","2","0","0","0","1","0","1"
"POINT (13.406256920000033 52.398486069000057)","Unfall 204166 (2018) Kat:3, Licht: 0","204166","3","2","5","08","16","1","0","0","1","1","0","0"
"POINT (13.478355451000027 52.446307481000076)","Unfall 204167 (2018) Kat:3, Licht: 0","204167","3","5","1","08","09","2","0","0","1","1","0","0"
"POINT (13.423174934000031 52.486492523000038)","Unfall 204168 (2018) Kat:2, Licht: 0","204168","2","3","5","08","10","7","0","0","1","1","0","0"
"POINT (13.344092870000054 52.478327789000048)","Unfall 204169 (2018) Kat:2, Licht: 0","204169","2","3","5","08","10","2","0","0","1","1","0","0"
"POINT (13.399406758000055 52.532729938000045)","Unfall 204170 (2018) Kat:3, Licht: 0","204170","3","5","1","08","10","1","0","0","1","1","0","0"
"POINT (13.368375740000033 52.525812095000049)","Unfall 204171 (2018) Kat:3, Licht: 0","204171","3","5","1","08","10","2","0","0","1","1","0","0"
"POINT (13.420982247000040 52.414151560000050)","Unfall 204172 (2018) Kat:3, Licht: 0","204172","3","5","1","08","09","2","0","0","1","1","0","0"
"POINT (13.295080553000048 52.506849211000031)","Unfall 204173 (2018) Kat:3, Licht: 0","204173","3","2","5","08","13","7","0","0","0","1","0","0"
"POINT (13.357302420000053 52.498932549000074)","Unfall 204174 (2018) Kat:3, Licht: 0","204174","3","1","0","08","08","2","0","0","0","0","0","1"
"POINT (13.329998115000024 52.462096325000061)","Unfall 204175 (2018) Kat:3, Licht: 0","204175","3","6","2","08","15","6","0","0","0","1","0","0"
"POINT (13.388788160000047 52.489821235000079)","Unfall 204176 (2018) Kat:2, Licht: 2","204176","2","1","0","08","01","1","0","2","1","0","0","0"
"POINT (13.365698368000039 52.503091760000075)","Unfall 204177 (2018) Kat:3, Licht: 2","204177","3","2","5","08","05","1","0","2","0","1","0","0"
"POINT (13.392752820000055 52.412638938000043)","Unfall 204178 (2018) Kat:2, Licht: 0","204178","2","3","5","08","13","1","0","0","0","1","0","1"
"POINT (13.445245216000046 52.581613809000032)","Unfall 204179 (2018) Kat:3, Licht: 0","204179","3","3","5","08","16","1","0","0","0","1","0","0"
"POINT (13.379036100000064 52.525978728000041)","Unfall 204180 (2018) Kat:3, Licht: 0","204180","3","5","1","08","13","6","0","0","1","1","0","0"
"POINT (13.400772139000026 52.530303203000074)","Unfall 204181 (2018) Kat:3, Licht: 0","204181","3","5","1","08","15","6","0","0","0","1","0","1"
"POINT (13.428823456000032 52.551350349000074)","Unfall 204182 (2018) Kat:3, Licht: 0","204182","3","3","5","08","19","1","0","0","1","1","0","0"
"POINT (13.193815802000074 52.533687090000058)","Unfall 204183 (2018) Kat:2, Licht: 0","204183","2","3","5","08","19","4","0","0","1","1","0","0"
"POINT (13.309352112000056 52.492084335000072)","Unfall 204184 (2018) Kat:3, Licht: 0","204184","3","3","5","08","18","3","0","0","1","1","0","0"
"POINT (13.406556407000039 52.524933751000049)","Unfall 204185 (2018) Kat:3, Licht: 0","204185","3","7","0","08","17","3","0","0","0","1","0","0"
"POINT (13.309335892000036 52.511887256000080)","Unfall 204186 (2018) Kat:3, Licht: 0","204186","3","2","5","08","17","3","0","0","1","1","0","0"
"POINT (13.412336677000042 52.532688553000071)","Unfall 204187 (2018) Kat:3, Licht: 0","204187","3","3","5","08","07","4","0","0","1","1","0","0"
"POINT (13.397413733000064 52.488978474000078)","Unfall 204188 (2018) Kat:3, Licht: 2","204188","3","1","0","08","23","3","0","2","0","0","0","1"
"POINT (13.583730120000041 52.549187843000027)","Unfall 204189 (2018) Kat:3, Licht: 0","204189","3","6","3","08","12","4","0","0","0","1","0","0"
"POINT (13.554450152000072 52.455685668000058)","Unfall 204190 (2018) Kat:3, Licht: 0","204190","3","2","2","08","17","3","0","0","0","1","0","0"
"POINT (13.309527917000025 52.513505801000065)","Unfall 204191 (2018) Kat:3, Licht: 0","204191","3","3","5","08","19","3","0","0","0","1","0","0"
"POINT (13.438434600000051 52.451999492000027)","Unfall 204192 (2018) Kat:3, Licht: 0","204192","3","7","0","08","16","3","0","0","0","1","0","0"
"POINT (13.454209656000046 52.452893495000069)","Unfall 204193 (2018) Kat:3, Licht: 0","204193","3","2","5","08","09","2","0","0","1","1","0","0"
"POINT (13.350744302000066 52.597803269000053)","Unfall 204194 (2018) Kat:3, Licht: 0","204194","3","7","6","08","11","4","0","0","0","1","1","0"
"POINT (13.514996037000060 52.455483451000077)","Unfall 204195 (2018) Kat:3, Licht: 0","204195","3","5","5","08","16","3","0","0","1","1","0","0"
"POINT (13.347371368000040 52.572011417000056)","Unfall 204196 (2018) Kat:3, Licht: 0","204196","3","6","0","08","11","4","0","0","0","1","0","0"
"POINT (13.382151678000071 52.504395143000067)","Unfall 204197 (2018) Kat:3, Licht: 0","204197","3","3","5","08","15","3","0","0","1","1","0","0"
"POINT (13.517690382000069 52.456192121000072)","Unfall 204198 (2018) Kat:2, Licht: 1","204198","2","2","5","08","15","3","0","1","1","1","0","0"
"POINT (13.318749443000058 52.487487124000040)","Unfall 204199 (2018) Kat:3, Licht: 0","204199","3","6","2","08","09","4","0","0","0","1","0","0"
"POINT (13.292791846000057 52.432618575000049)","Unfall 204200 (2018) Kat:3, Licht: 0","204200","3","3","5","08","15","3","0","0","1","1","0","0"
"POINT (13.195586713000068 52.536146955000049)","Unfall 204201 (2018) Kat:2, Licht: 0","204201","2","2","5","08","15","4","0","0","1","1","0","0"
"POINT (13.302336183000023 52.526687545000073)","Unfall 204202 (2018) Kat:3, Licht: 0","204202","3","5","1","08","10","4","0","0","1","0","0","0"
"POINT (13.599132205000046 52.528314317000081)","Unfall 204203 (2018) Kat:2, Licht: 0","204203","2","3","5","08","14","3","0","0","0","1","0","0"
"POINT (13.384908848000066 52.490032936000034)","Unfall 204204 (2018) Kat:3, Licht: 0","204204","3","5","1","08","16","4","0","0","1","1","0","0"
"POINT (13.718440464000025 52.431483689000061)","Unfall 204205 (2018) Kat:3, Licht: 0","204205","3","3","5","08","14","3","0","0","1","1","0","0"
"POINT (13.314340228000049 52.506334378000076)","Unfall 204206 (2018) Kat:3, Licht: 0","204206","3","6","0","08","19","1","0","0","0","1","0","0"
"POINT (13.349495983000054 52.604552623000075)","Unfall 204207 (2018) Kat:3, Licht: 0","204207","3","6","2","08","14","3","0","0","0","1","0","0"
"POINT (13.178385226000046 52.548802829000067)","Unfall 204208 (2018) Kat:2, Licht: 2","204208","2","4","6","08","20","4","0","2","0","1","1","0"
"POINT (13.314593623000064 52.417520512000067)","Unfall 204209 (2018) Kat:3, Licht: 0","204209","3","6","2","08","13","1","0","0","0","1","0","0"
"POINT (13.457776209000031 52.529031967000037)","Unfall 204210 (2018) Kat:3, Licht: 0","204210","3","2","2","08","13","3","0","0","0","1","0","0"
"POINT (13.583230612000023 52.443482758000073)","Unfall 204211 (2018) Kat:3, Licht: 0","204211","3","3","5","08","15","3","0","0","0","1","0","0"
"POINT (13.184125915000038 52.545586596000078)","Unfall 204212 (2018) Kat:3, Licht: 0","204212","3","1","0","08","19","1","0","0","0","0","0","1"
"POINT (13.417921752000041 52.525764259000027)","Unfall 204213 (2018) Kat:3, Licht: 0","204213","3","1","0","08","16","1","0","0","0","0","0","1"
"POINT (13.371978174000049 52.519401076000065)","Unfall 204214 (2018) Kat:3, Licht: 0","204214","3","2","5","08","13","3","0","0","1","1","0","0"
"POINT (13.273589111000035 52.433305223000048)","Unfall 204215 (2018) Kat:3, Licht: 0","204215","3","2","5","08","08","1","0","0","0","1","0","1"
"POINT (13.198940615000026 52.533065598000064)","Unfall 204216 (2018) Kat:3, Licht: 0","204216","3","3","5","08","08","1","0","0","1","0","0","0"
"POINT (13.424041376000048 52.501704517000064)","Unfall 204217 (2018) Kat:3, Licht: 0","204217","3","6","2","08","16","7","1","0","0","1","0","0"
"POINT (13.544087569000055 52.428056443000060)","Unfall 204218 (2018) Kat:2, Licht: 0","204218","2","3","5","08","13","3","0","0","0","1","0","1"
"POINT (13.475681230000077 52.501402331000065)","Unfall 204219 (2018) Kat:3, Licht: 2","204219","3","6","2","08","20","7","0","2","0","1","0","0"
"POINT (13.351071651000041 52.541010446000030)","Unfall 204220 (2018) Kat:3, Licht: 1","204220","3","2","3","08","20","7","0","1","0","1","0","0"
"POINT (13.414622341000040 52.550596491000078)","Unfall 204221 (2018) Kat:2, Licht: 0","204221","2","2","5","08","17","3","0","0","0","1","0","1"
"POINT (13.330788227000028 52.487950712000043)","Unfall 204222 (2018) Kat:3, Licht: 0","204222","3","5","1","08","09","2","0","0","0","1","0","1"
"POINT (13.377887957000041 52.465861482000037)","Unfall 204223 (2018) Kat:3, Licht: 0","204223","3","3","5","08","18","4","0","0","1","1","0","0"
"POINT (13.215783388000034 52.437724618000061)","Unfall 204224 (2018) Kat:3, Licht: 0","204224","3","6","4","08","11","7","0","0","0","1","0","0"
"POINT (13.265296757000044 52.508810908000044)","Unfall 204225 (2018) Kat:3, Licht: 0","204225","3","6","2","08","13","3","0","0","0","1","0","0"
"POINT (13.329908711000030 52.522916258000066)","Unfall 204226 (2018) Kat:3, Licht: 2","204226","3","3","5","08","21","3","0","2","1","1","0","0"
"POINT (13.414590353000051 52.544622562000029)","Unfall 204227 (2018) Kat:3, Licht: 0","204227","3","7","6","08","13","7","0","0","1","0","1","0"
"POINT (13.388455994000026 52.519148363000056)","Unfall 204228 (2018) Kat:3, Licht: 0","204228","3","6","2","08","13","7","0","0","0","1","0","0"
"POINT (13.398399513000072 52.528870865000044)","Unfall 204229 (2018) Kat:3, Licht: 0","204229","3","5","1","08","12","3","0","0","1","1","0","0"
"POINT (13.431536520000066 52.492350764000037)","Unfall 204230 (2018) Kat:3, Licht: 0","204230","3","5","1","08","12","7","0","0","1","1","0","0"
"POINT (13.427762916000063 52.500918236000075)","Unfall 204231 (2018) Kat:2, Licht: 0","204231","2","5","1","08","08","2","0","0","0","1","0","1"
"POINT (13.505696577000037 52.484484133000080)","Unfall 204232 (2018) Kat:3, Licht: 0","204232","3","3","5","08","13","4","0","0","1","1","0","0"
"POINT (13.300120418000063 52.439862300000073)","Unfall 204233 (2018) Kat:3, Licht: 0","204233","3","2","2","08","11","7","0","0","0","1","0","0"
"POINT (13.486153926000043 52.540797844000053)","Unfall 204234 (2018) Kat:2, Licht: 0","204234","2","7","1","08","12","3","0","0","1","1","0","0"
"POINT (13.628973152000071 52.446681885000032)","Unfall 204235 (2018) Kat:2, Licht: 0","204235","2","4","6","08","17","4","0","0","0","1","1","0"
"POINT (13.448357061000024 52.564672380000047)","Unfall 204236 (2018) Kat:3, Licht: 0","204236","3","2","6","08","10","7","0","0","0","1","1","0"
"POINT (13.284466545000043 52.476258520000044)","Unfall 204237 (2018) Kat:3, Licht: 0","204237","3","5","1","08","14","4","0","0","0","1","0","1"
"POINT (13.413983714000040 52.553629128000068)","Unfall 204238 (2018) Kat:3, Licht: 0","204238","3","6","2","08","08","7","0","0","0","1","0","0"
"POINT (13.314400681000052 52.576669126000070)","Unfall 204239 (2018) Kat:3, Licht: 0","204239","3","2","5","08","12","3","0","0","1","1","0","0"
"POINT (13.360213671000054 52.412700971000049)","Unfall 204240 (2018) Kat:3, Licht: 0","204240","3","5","0","08","17","4","0","0","0","1","0","0"
"POINT (13.430513032000022 52.551213708000034)","Unfall 204241 (2018) Kat:3, Licht: 0","204241","3","3","5","08","06","7","0","0","1","1","0","0"
"POINT (13.379514955000047 52.523258689000045)","Unfall 204242 (2018) Kat:3, Licht: 0","204242","3","5","1","08","18","3","0","0","0","1","0","1"
"POINT (13.310914383000068 52.547611370000027)","Unfall 204243 (2018) Kat:2, Licht: 0","204243","2","2","5","08","12","7","0","0","0","1","0","0"
"POINT (13.281552276000070 52.518403704000036)","Unfall 204244 (2018) Kat:3, Licht: 0","204244","3","6","2","08","11","7","0","0","0","1","0","0"
"POINT (13.363939520000031 52.506136049000077)","Unfall 204245 (2018) Kat:3, Licht: 0","204245","3","3","5","08","08","3","0","0","1","1","0","0"
"POINT (13.442821805000051 52.465047268000035)","Unfall 204246 (2018) Kat:3, Licht: 1","204246","3","2","2","08","18","7","1","1","0","1","0","0"
"POINT (13.346742630000051 52.430732181000053)","Unfall 204247 (2018) Kat:3, Licht: 0","204247","3","3","5","08","10","4","0","0","1","1","0","0"
"POINT (13.385050036000052 52.591205327000068)","Unfall 204248 (2018) Kat:3, Licht: 0","204248","3","6","2","08","10","7","0","0","0","1","0","0"
"POINT (13.494837081000071 52.545428447000063)","Unfall 204249 (2018) Kat:3, Licht: 0","204249","3","3","5","08","11","3","0","0","1","1","0","0"
"POINT (13.183173367000052 52.513482306000071)","Unfall 204250 (2018) Kat:2, Licht: 0","204250","2","3","5","08","09","4","0","0","0","1","0","1"
"POINT (13.425934522000034 52.493327176000037)","Unfall 204251 (2018) Kat:3, Licht: 0","204251","3","3","5","08","17","7","0","0","1","0","0","0"
"POINT (13.470638433000033 52.540067050000061)","Unfall 204252 (2018) Kat:3, Licht: 0","204252","3","7","2","08","11","7","0","0","1","1","0","0"
"POINT (13.350555341000074 52.420217502000071)","Unfall 204253 (2018) Kat:3, Licht: 0","204253","3","2","5","08","11","3","0","0","0","1","0","1"
"POINT (13.445136041000069 52.479137866000030)","Unfall 204254 (2018) Kat:3, Licht: 0","204254","3","2","2","08","17","7","0","0","0","1","0","0"
"POINT (13.349173596000071 52.469540630000040)","Unfall 204255 (2018) Kat:2, Licht: 0","204255","2","3","5","08","16","7","1","0","1","1","0","0"
"POINT (13.313392461000035 52.515091139000049)","Unfall 204256 (2018) Kat:3, Licht: 0","204256","3","2","6","08","16","7","0","0","0","1","1","0"
"POINT (13.430062191000047 52.551392720000081)","Unfall 204257 (2018) Kat:3, Licht: 0","204257","3","2","5","08","10","3","0","0","0","1","0","0"
"POINT (13.335061723000024 52.587526505000028)","Unfall 204258 (2018) Kat:3, Licht: 0","204258","3","6","2","08","09","4","0","0","0","1","0","0"
"POINT (13.386615759000051 52.531438411000067)","Unfall 204259 (2018) Kat:3, Licht: 0","204259","3","2","5","08","15","7","1","0","1","1","0","0"
"POINT (13.402748882000026 52.521342256000082)","Unfall 204260 (2018) Kat:3, Licht: 0","204260","3","1","0","08","10","3","0","0","0","0","0","1"
"POINT (13.591405163000047 52.534629555000038)","Unfall 204261 (2018) Kat:2, Licht: 0","204261","2","3","5","08","16","4","0","0","1","1","0","0"
"POINT (13.561038153000027 52.517161815000065)","Unfall 204262 (2018) Kat:3, Licht: 0","204262","3","3","5","08","15","7","0","0","1","1","0","0"