WKT,Name,OBJECTID,UKATEGORIE,UTYP1,UART,UMONAT,USTUNDE,UWOCHENTAG,STRZUSTAND,ULICHTVERH,ISTRAD,ISTPKW,ISTFUSS,ISTKRAD
"POINT (13.471089757000072 52.507032191000064)","Unfall 204263 (2018) Kat:3, Licht: 0","204263","3","3","5","08","15","7","0","0","0","1","0","1"
"POINT (13.184933724000075 52.534196646000055)","Unfall 204264 (2018) Kat:3, Licht: 0","204264","3","3","5","08","09","3","0","0","0","1","0","1"
"POINT (13.374591542000076 52.468376134000039)","Unfall 204265 (2018) Kat:3, Licht: 0","204265","3","6","2","08","15","7","1","0","0","1","0","0"
"POINT (13.519329397000035 52.574499822000064)","Unfall 204266 (2018) Kat:2, Licht: 0","204266","2","1","8","08","14","7","0","0","0","1","0","0"
"POINT (13.385788854000054 52.516886265000039)","Unfall 204267 (2018) Kat:3, Licht: 0","204267","3","2","3","08","08","3","0","0","1","0","0","0"
"POINT (13.392865669000059 52.524950300000057)","Unfall 204268 (2018) Kat:2, Licht: 1","204268","2","2","5","08","19","4","0","1","1","1","0","0"
"POINT (13.407525335000059 52.547583928000051)","Unfall 204269 (2018) Kat:3, Licht: 0","204269","3","5","1","08","14","7","0","0","1","1","0","0"
"POINT (13.351244424000072 52.532843164000042)","Unfall 204270 (2018) Kat:3, Licht: 0","204270","3","6","2","08","08","3","0","0","0","1","0","0"
"POINT (13.281397777000052 52.512836276000030)","Unfall 204271 (2018) Kat:3, Licht: 0","204271","3","2","5","08","14","7","0","0","0","1","0","0"
"POINT (13.466115978000062 52.500046168000040)","Unfall 204272 (2018) Kat:3, Licht: 0","204272","3","2","5","08","08","3","0","0","1","1","0","0"
"POINT (13.303638089000060 52.459037528000067)","Unfall 204273 (2018) Kat:3, Licht: 0","204273","3","3","5","08","08","4","0","0","1","1","0","0"
"POINT (13.330984648000026 52.494027187000029)","Unfall 204274 (2018) Kat:2, Licht: 0","204274","2","6","0","08","13","7","0","0","1","0","0","0"
"POINT (13.300092477000021 52.569815457000061)","Unfall 204275 (2018) Kat:3, Licht: 0","204275","3","4","6","08","08","3","0","0","1","0","1","0"
"POINT (13.437959755000065 52.546398301000067)","Unfall 204276 (2018) Kat:2, Licht: 0","204276","2","3","5","08","15","4","0","0","1","0","0","0"
"POINT (13.242892199000039 52.601416172000029)","Unfall 204277 (2018) Kat:3, Licht: 0","204277","3","2","5","08","13","7","0","0","1","1","0","0"
"POINT (13.461671018000061 52.483555170000045)","Unfall 204278 (2018) Kat:3, Licht: 0","204278","3","6","2","08","13","7","0","0","0","1","0","0"
"POINT (13.420709625000029 52.565879765000034)","Unfall 204279 (2018) Kat:2, Licht: 0","204279","2","2","5","08","08","3","0","0","1","1","0","0"
"POINT (13.421609045000025 52.487241699000037)","Unfall 204280 (2018) Kat:3, Licht: 0","204280","3","6","4","08","12","6","0","0","1","0","0","0"
"POINT (13.218010819000028 52.508627238000031)","Unfall 204281 (2018) Kat:3, Licht: 0","204281","3","3","5","08","15","6","0","0","0","1","0","0"
"POINT (13.378242864000072 52.424711448000039)","Unfall 204282 (2018) Kat:3, Licht: 0","204282","3","7","1","08","08","3","0","0","1","1","0","0"
"POINT (13.549991836000061 52.456491504000041)","Unfall 204283 (2018) Kat:3, Licht: 2","204283","3","1","1","08","00","2","0","2","0","1","0","0"
"POINT (13.328967715000033 52.465553039000042)","Unfall 204284 (2018) Kat:3, Licht: 0","204284","3","7","2","08","18","4","0","0","1","1","0","0"
"POINT (13.577518676000068 52.444076102000054)","Unfall 204285 (2018) Kat:3, Licht: 2","204285","3","6","2","08","22","6","0","2","0","1","0","0"
"POINT (13.388505258000066 52.561273977000042)","Unfall 204286 (2018) Kat:3, Licht: 2","204286","3","5","0","08","20","3","0","2","0","1","0","1"
"POINT (13.426072983000040 52.477743720000035)","Unfall 204287 (2018) Kat:3, Licht: 2","204287","3","6","2","08","23","6","0","2","0","1","0","0"
"POINT (13.410462069000062 52.503453954000065)","Unfall 204288 (2018) Kat:3, Licht: 2","204288","3","2","2","08","21","6","0","2","1","1","0","0"
"POINT (13.457437335000066 52.528964771000062)","Unfall 204289 (2018) Kat:3, Licht: 0","204289","3","2","2","08","17","3","0","0","1","1","0","0"
"POINT (13.564662756000075 52.558862639000040)","Unfall 204290 (2018) Kat:3, Licht: 1","204290","3","3","5","08","20","6","0","1","1","1","0","0"
"POINT (13.271504371000049 52.509687319000079)","Unfall 204291 (2018) Kat:3, Licht: 2","204291","3","6","3","08","20","6","0","2","0","1","0","0"
"POINT (13.516892447000032 52.492576766000070)","Unfall 204292 (2018) Kat:3, Licht: 0","204292","3","5","5","08","07","3","0","0","1","1","0","0"
"POINT (13.440269201000035 52.551876735000064)","Unfall 204293 (2018) Kat:3, Licht: 0","204293","3","4","6","08","18","6","0","0","0","1","1","0"
"POINT (13.329374369000050 52.563473746000057)","Unfall 204294 (2018) Kat:3, Licht: 0","204294","3","3","5","08","18","4","0","0","1","1","0","0"
"POINT (13.291664962000027 52.579983262000042)","Unfall 204295 (2018) Kat:3, Licht: 0","204295","3","3","5","08","18","6","0","0","1","1","0","0"
"POINT (13.345830127000056 52.544791242000031)","Unfall 204296 (2018) Kat:3, Licht: 0","204296","3","2","5","08","07","3","0","0","0","1","0","0"
"POINT (13.428772481000067 52.519497539000042)","Unfall 204297 (2018) Kat:3, Licht: 0","204297","3","7","5","08","17","4","0","0","1","1","0","0"
"POINT (13.315600588000052 52.443140608000078)","Unfall 204298 (2018) Kat:3, Licht: 0","204298","3","2","5","08","18","6","0","0","0","1","0","0"
"POINT (13.325364677000039 52.502441404000081)","Unfall 204299 (2018) Kat:3, Licht: 0","204299","3","5","3","08","10","6","0","0","1","0","0","0"
"POINT (13.290087905000064 52.518920526000045)","Unfall 204300 (2018) Kat:3, Licht: 0","204300","3","7","5","08","17","6","0","0","0","1","0","0"
"POINT (13.285386621000043 52.480424494000033)","Unfall 204301 (2018) Kat:3, Licht: 0","204301","3","7","2","08","06","3","0","0","1","0","0","0"
"POINT (13.193314332000057 52.549020864000056)","Unfall 204302 (2018) Kat:3, Licht: 0","204302","3","2","5","08","09","4","0","0","1","1","0","0"
"POINT (13.313616704000026 52.500628160000076)","Unfall 204303 (2018) Kat:3, Licht: 0","204303","3","6","2","08","17","6","0","0","0","1","0","0"
"POINT (13.527827031000072 52.489956405000044)","Unfall 204304 (2018) Kat:3, Licht: 0","204304","3","2","5","08","06","3","0","0","0","1","0","0"
"POINT (13.395851084000071 52.499026631000049)","Unfall 204305 (2018) Kat:3, Licht: 1","204305","3","3","5","08","05","3","0","1","1","1","0","0"
"POINT (13.523561628000039 52.497118511000053)","Unfall 204306 (2018) Kat:2, Licht: 0","204306","2","3","5","08","16","6","0","0","1","0","0","0"
"POINT (13.268820546000029 52.451106799000058)","Unfall 204307 (2018) Kat:3, Licht: 0","204307","3","7","0","08","11","4","0","0","0","0","0","0"
"POINT (13.312936474000026 52.480608195000059)","Unfall 204308 (2018) Kat:3, Licht: 0","204308","3","2","5","08","16","6","0","0","1","1","0","0"
"POINT (13.184674752000035 52.515439435000076)","Unfall 204309 (2018) Kat:2, Licht: 0","204309","2","2","0","08","11","2","0","0","0","1","0","0"
"POINT (13.263233239000044 52.548485848000041)","Unfall 204310 (2018) Kat:2, Licht: 0","204310","2","4","6","08","17","4","0","0","0","1","1","0"
"POINT (13.127738833000024 52.474624621000032)","Unfall 204311 (2018) Kat:3, Licht: 0","204311","3","3","5","08","15","6","0","0","1","1","0","0"
"POINT (13.385530494000022 52.468587869000032)","Unfall 204312 (2018) Kat:3, Licht: 0","204312","3","3","5","08","13","6","1","0","1","0","0","1"
"POINT (13.373267720000058 52.557250420000059)","Unfall 204313 (2018) Kat:3, Licht: 2","204313","3","2","6","08","01","2","0","2","0","1","1","0"
"POINT (13.480599597000037 52.460967293000067)","Unfall 204314 (2018) Kat:3, Licht: 0","204314","3","2","5","08","13","6","0","0","0","1","0","0"
"POINT (13.427297621000037 52.511694714000043)","Unfall 204315 (2018) Kat:3, Licht: 0","204315","3","6","3","08","12","6","0","0","0","1","0","1"
"POINT (13.410288366000032 52.503785983000057)","Unfall 204316 (2018) Kat:3, Licht: 0","204316","3","3","0","08","15","2","1","0","1","0","0","0"
"POINT (13.348282493000056 52.506843087000050)","Unfall 204317 (2018) Kat:3, Licht: 2","204317","3","3","5","08","23","4","0","2","1","1","0","0"
"POINT (13.522334360000059 52.428535613000065)","Unfall 204318 (2018) Kat:3, Licht: 0","204318","3","3","5","08","12","6","1","0","0","1","0","1"
"POINT (13.326108734000059 52.538358734000042)","Unfall 204319 (2018) Kat:3, Licht: 2","204319","3","2","5","08","23","2","0","2","0","1","0","0"
"POINT (13.389673977000029 52.574196539000070)","Unfall 204320 (2018) Kat:3, Licht: 0","204320","3","3","0","08","15","4","0","0","1","1","0","0"
"POINT (13.387420171000031 52.533526738000035)","Unfall 204321 (2018) Kat:3, Licht: 0","204321","3","2","5","08","12","6","0","0","1","1","0","0"
"POINT (13.295484157000033 52.550188952000042)","Unfall 204322 (2018) Kat:3, Licht: 0","204322","3","6","2","08","10","6","0","0","0","1","0","0"
"POINT (13.354647739000029 52.497134708000033)","Unfall 204323 (2018) Kat:3, Licht: 2","204323","3","2","6","08","23","2","0","2","0","1","1","0"
"POINT (13.430339914000058 52.464311257000077)","Unfall 204324 (2018) Kat:3, Licht: 0","204324","3","4","6","08","16","4","0","0","0","1","1","0"
"POINT (13.315001066000036 52.517994745000067)","Unfall 204325 (2018) Kat:3, Licht: 0","204325","3","6","2","08","09","6","0","0","1","1","0","0"
"POINT (13.528088533000073 52.557013485000027)","Unfall 204326 (2018) Kat:3, Licht: 0","204326","3","2","5","08","09","6","0","0","1","1","0","0"
"POINT (13.438162617000046 52.454189324000026)","Unfall 204327 (2018) Kat:3, Licht: 2","204327","3","5","1","08","23","2","0","2","0","1","0","0"
"POINT (13.434202778000042 52.523323810000079)","Unfall 204328 (2018) Kat:3, Licht: 0","204328","3","4","6","08","08","6","0","0","1","0","1","0"
"POINT (13.590522550000060 52.529582788000027)","Unfall 204329 (2018) Kat:2, Licht: 0","204329","2","2","5","08","07","6","0","0","1","1","0","0"
"POINT (13.552108595000050 52.439380840000069)","Unfall 204330 (2018) Kat:3, Licht: 2","204330","3","2","2","08","22","2","0","2","0","1","0","1"
"POINT (13.430493729000034 52.546204929000055)","Unfall 204331 (2018) Kat:3, Licht: 2","204331","3","1","0","08","01","4","0","2","0","0","0","1"
"POINT (13.412065257000052 52.537984460000075)","Unfall 204332 (2018) Kat:3, Licht: 0","204332","3","2","5","08","07","6","0","0","1","1","0","0"
"POINT (13.272163725000041 52.498785118000058)","Unfall 204333 (2018) Kat:3, Licht: 2","204333","3","7","0","08","21","2","1","2","0","0","0","1"
"POINT (13.604196002000037 52.538609189000056)","Unfall 204334 (2018) Kat:3, Licht: 0","204334","3","2","5","08","14","4","0","0","1","1","0","0"
"POINT (13.434843803000035 52.466776835000076)","Unfall 204335 (2018) Kat:3, Licht: 0","204335","3","6","2","08","07","6","0","0","0","1","0","0"
"POINT (13.397964743000045 52.592741285000045)","Unfall 204336 (2018) Kat:3, Licht: 0","204336","3","7","5","08","07","6","0","0","1","1","0","0"
"POINT (13.523279865000063 52.464326547000042)","Unfall 204337 (2018) Kat:3, Licht: 0","204337","3","5","1","08","19","2","0","0","1","1","0","0"
"POINT (13.629297012000052 52.520097059000079)","Unfall 204338 (2018) Kat:3, Licht: 0","204338","3","3","5","08","07","6","0","0","0","1","0","0"
"POINT (13.417601717000025 52.590862600000037)","Unfall 204339 (2018) Kat:3, Licht: 0","204339","3","2","5","08","06","6","0","0","1","1","0","0"
"POINT (13.434930453000050 52.440034714000035)","Unfall 204340 (2018) Kat:3, Licht: 0","204340","3","6","2","08","09","2","0","0","0","1","0","0"
"POINT (13.576086121000060 52.452854457000058)","Unfall 204341 (2018) Kat:3, Licht: 0","204341","3","2","5","08","06","6","0","0","1","1","0","0"
"POINT (13.398768411000049 52.570569466000052)","Unfall 204342 (2018) Kat:3, Licht: 0","204342","3","3","5","08","06","6","0","0","1","1","0","0"
"POINT (13.435677517000045 52.483804171000031)","Unfall 204343 (2018) Kat:3, Licht: 0","204343","3","2","5","08","19","2","0","0","0","1","0","1"
"POINT (13.496413812000071 52.506885010000076)","Unfall 204344 (2018) Kat:3, Licht: 0","204344","3","6","4","08","19","4","0","0","1","1","0","0"
"POINT (13.274046563000070 52.418526486000076)","Unfall 204345 (2018) Kat:3, Licht: 0","204345","3","2","5","08","06","6","0","0","0","1","0","0"
"POINT (13.479849707000028 52.506131402000051)","Unfall 204346 (2018) Kat:3, Licht: 2","204346","3","1","0","08","19","2","0","2","1","0","0","0"
"POINT (13.400956274000066 52.571667669000078)","Unfall 204347 (2018) Kat:3, Licht: 0","204347","3","7","6","08","15","3","0","0","1","0","1","0"
"POINT (13.410826678000035 52.530645603000039)","Unfall 204348 (2018) Kat:3, Licht: 1","204348","3","3","5","08","06","6","0","1","1","1","0","0"
"POINT (13.431916490000049 52.505688183000075)","Unfall 204349 (2018) Kat:3, Licht: 0","204349","3","1","0","08","17","6","0","0","0","0","0","1"
"POINT (13.401742214000024 52.530344928000034)","Unfall 204350 (2018) Kat:2, Licht: 0","204350","2","7","0","08","18","2","0","0","0","0","0","1"
"POINT (13.318270907000056 52.458359728000062)","Unfall 204351 (2018) Kat:2, Licht: 0","204351","2","1","0","08","15","6","0","0","1","0","0","0"
"POINT (13.302381875000037 52.501973564000082)","Unfall 204352 (2018) Kat:3, Licht: 0","204352","3","3","5","08","13","4","0","0","1","1","0","0"
"POINT (13.409710962000077 52.538547324000035)","Unfall 204353 (2018) Kat:3, Licht: 0","204353","3","1","0","08","16","6","0","0","1","0","0","0"
"POINT (13.347278597000070 52.485192263000044)","Unfall 204354 (2018) Kat:3, Licht: 0","204354","3","5","1","08","18","2","0","0","1","1","0","0"
"POINT (13.560122128000046 52.534095751000052)","Unfall 204355 (2018) Kat:3, Licht: 0","204355","3","6","2","08","17","4","0","0","0","1","0","0"
"POINT (13.274777863000054 52.535746133000032)","Unfall 204356 (2018) Kat:3, Licht: 0","204356","3","6","3","08","07","5","0","0","0","1","0","0"
"POINT (13.386769035000043 52.527429542000050)","Unfall 204357 (2018) Kat:3, Licht: 0","204357","3","6","0","08","17","5","0","0","1","1","0","0"
"POINT (13.428872834000060 52.498559648000082)","Unfall 204358 (2018) Kat:3, Licht: 2","204358","3","7","6","08","01","4","0","2","0","1","1","0"
"POINT (13.380200085000070 52.498663610000051)","Unfall 204359 (2018) Kat:3, Licht: 0","204359","3","2","0","08","09","5","0","0","1","1","0","0"
"POINT (13.549006211000062 52.543445273000032)","Unfall 204360 (2018) Kat:3, Licht: 0","204360","3","4","0","08","19","3","0","0","0","1","1","0"
"POINT (13.599099327000033 52.535054460000026)","Unfall 204361 (2018) Kat:3, Licht: 0","204361","3","6","0","08","09","5","0","0","0","0","0","0"
"POINT (13.384792081000057 52.514361815000029)","Unfall 204362 (2018) Kat:3, Licht: 1","204362","3","3","5","08","18","5","0","1","1","0","0","1"
"POINT (13.282277244000056 52.416290473000061)","Unfall 204363 (2018) Kat:3, Licht: 0","204363","3","5","1","08","16","2","0","0","0","1","0","0"
"POINT (13.425724992000028 52.579818564000050)","Unfall 204364 (2018) Kat:3, Licht: 0","204364","3","4","6","08","16","5","0","0","0","1","1","0"
"POINT (13.386045246000037 52.515511722000042)","Unfall 204365 (2018) Kat:3, Licht: 0","204365","3","2","2","08","10","4","0","0","1","0","0","0"
"POINT (13.201279850000049 52.512163309000073)","Unfall 204366 (2018) Kat:3, Licht: 0","204366","3","2","5","08","16","5","0","0","1","0","0","0"
"POINT (13.324691817000030 52.541845861000070)","Unfall 204367 (2018) Kat:3, Licht: 0","204367","3","6","3","08","16","2","0","0","0","1","0","1"
"POINT (13.148789191000049 52.556753734000040)","Unfall 204368 (2018) Kat:3, Licht: 0","204368","3","1","0","08","10","4","0","0","1","0","0","0"
"POINT (13.403142448000040 52.558652768000059)","Unfall 204369 (2018) Kat:2, Licht: 0","204369","2","5","1","08","19","5","0","0","1","1","0","0"
"POINT (13.403144241000064 52.463429273000031)","Unfall 204370 (2018) Kat:3, Licht: 0","204370","3","3","5","08","19","5","0","0","0","1","0","0"
"POINT (13.292202720000034 52.519129514000042)","Unfall 204371 (2018) Kat:3, Licht: 0","204371","3","5","1","08","16","2","0","0","0","1","0","1"
"POINT (13.346458917000064 52.589672412000027)","Unfall 204372 (2018) Kat:3, Licht: 0","204372","3","2","5","08","19","5","0","0","1","1","0","0"
"POINT (13.431353368000032 52.466361901000028)","Unfall 204373 (2018) Kat:2, Licht: 0","204373","2","4","6","08","18","5","0","0","0","1","1","0"
"POINT (13.304740930000037 52.448581566000030)","Unfall 204374 (2018) Kat:3, Licht: 0","204374","3","7","5","08","16","2","0","0","0","1","0","0"
"POINT (13.291162414000041 52.608736111000042)","Unfall 204375 (2018) Kat:3, Licht: 0","204375","3","6","2","08","08","4","0","0","1","1","0","0"
"POINT (13.372903829000052 52.564254299000027)","Unfall 204376 (2018) Kat:3, Licht: 1","204376","3","6","2","08","18","5","0","1","0","1","0","0"
"POINT (13.455679215000032 52.537446607000049)","Unfall 204377 (2018) Kat:3, Licht: 0","204377","3","5","4","08","15","2","0","0","1","0","0","0"
"POINT (13.343587098000057 52.415434366000056)","Unfall 204378 (2018) Kat:3, Licht: 0","204378","3","3","5","08","09","4","0","0","1","1","0","0"
"POINT (13.351374916000054 52.440007788000059)","Unfall 204379 (2018) Kat:2, Licht: 0","204379","2","4","0","08","18","5","0","0","0","1","1","0"
"POINT (13.407858955000052 52.504283574000056)","Unfall 204380 (2018) Kat:3, Licht: 0","204380","3","3","5","08","15","2","0","0","1","1","0","0"
"POINT (13.450207463000027 52.543489707000049)","Unfall 204381 (2018) Kat:3, Licht: 0","204381","3","3","5","08","16","4","0","0","0","1","0","0"
"POINT (13.546462355000074 52.426374242000065)","Unfall 204382 (2018) Kat:3, Licht: 0","204382","3","2","5","08","17","5","0","0","0","1","0","0"
"POINT (13.422551978000058 52.544609066000078)","Unfall 204383 (2018) Kat:3, Licht: 0","204383","3","3","5","08","17","5","0","0","1","1","0","0"
"POINT (13.610018829000069 52.494166912000026)","Unfall 204384 (2018) Kat:3, Licht: 0","204384","3","6","2","08","15","2","0","0","0","1","0","0"
"POINT (13.314382339000076 52.530326765000041)","Unfall 204385 (2018) Kat:2, Licht: 0","204385","2","2","5","08","17","5","0","0","0","1","0","1"
"POINT (13.375556926000058 52.541209525000056)","Unfall 204386 (2018) Kat:3, Licht: 1","204386","3","2","5","08","20","5","0","1","0","1","0","1"
"POINT (13.354659439000045 52.517014737000068)","Unfall 204387 (2018) Kat:3, Licht: 0","204387","3","1","0","08","15","2","1","0","1","0","0","0"
"POINT (13.293718711000054 52.534730810000042)","Unfall 204388 (2018) Kat:3, Licht: 0","204388","3","6","0","08","19","4","0","0","0","1","0","0"
"POINT (13.377540448000047 52.562717053000028)","Unfall 204389 (2018) Kat:3, Licht: 2","204389","3","2","5","08","21","5","0","2","0","1","0","1"
"POINT (13.451210196000034 52.539934971000037)","Unfall 204390 (2018) Kat:3, Licht: 0","204390","3","6","2","08","15","2","0","0","1","1","0","0"
"POINT (13.466535338000028 52.433382310000070)","Unfall 204391 (2018) Kat:2, Licht: 0","204391","2","3","5","08","15","3","0","0","1","1","0","0"
"POINT (13.378345330000059 52.534333697000079)","Unfall 204392 (2018) Kat:2, Licht: 0","204392","2","2","2","08","16","5","0","0","0","1","0","0"
"POINT (13.403647745000058 52.525784166000051)","Unfall 204393 (2018) Kat:3, Licht: 0","204393","3","4","6","08","16","5","0","0","1","0","1","0"
"POINT (13.505962247000070 52.534734748000062)","Unfall 204394 (2018) Kat:3, Licht: 0","204394","3","6","2","08","06","2","0","0","0","1","0","0"
"POINT (13.306096821000040 52.508554419000063)","Unfall 204395 (2018) Kat:3, Licht: 0","204395","3","7","6","08","15","4","0","0","1","0","0","0"
"POINT (13.593418817000043 52.449565018000044)","Unfall 204396 (2018) Kat:2, Licht: 0","204396","2","3","5","08","13","5","0","0","0","0","0","0"
"POINT (13.461502608000046 52.512103283000044)","Unfall 204397 (2018) Kat:3, Licht: 0","204397","3","2","5","08","16","5","0","0","0","1","0","1"
"POINT (13.502876073000039 52.526297561000035)","Unfall 204398 (2018) Kat:3, Licht: 0","204398","3","7","0","08","07","2","0","0","1","1","0","0"
"POINT (13.487174247000041 52.475965615000064)","Unfall 204399 (2018) Kat:3, Licht: 0","204399","3","7","2","08","15","5","0","0","0","1","0","0"
"POINT (13.350253946000066 52.414319814000066)","Unfall 204400 (2018) Kat:3, Licht: 0","204400","3","2","5","08","14","5","0","0","0","1","0","0"
"POINT (13.296685764000074 52.548105683000074)","Unfall 204401 (2018) Kat:3, Licht: 0","204401","3","2","5","08","15","2","1","0","0","1","0","0"
"POINT (13.258895980000034 52.511857117000034)","Unfall 204402 (2018) Kat:2, Licht: 0","204402","2","3","5","08","09","2","0","0","0","1","0","0"
"POINT (13.546084619000055 52.457067407000068)","Unfall 204403 (2018) Kat:3, Licht: 0","204403","3","6","2","08","18","4","0","0","0","1","0","0"
"POINT (13.197485657000072 52.540713070000038)","Unfall 204404 (2018) Kat:3, Licht: 2","204404","3","5","1","08","21","5","0","2","1","1","0","0"
"POINT (13.519749618000048 52.578624030000071)","Unfall 204405 (2018) Kat:3, Licht: 0","204405","3","3","5","08","06","3","0","0","1","1","0","0"
"POINT (13.378808444000072 52.437657126000033)","Unfall 204406 (2018) Kat:3, Licht: 0","204406","3","2","5","08","14","5","0","0","0","1","0","1"
"POINT (13.404946758000051 52.517449690000035)","Unfall 204407 (2018) Kat:3, Licht: 0","204407","3","4","6","08","14","5","0","0","0","0","1","1"
"POINT (13.456986061000066 52.453350209000064)","Unfall 204408 (2018) Kat:3, Licht: 0","204408","3","7","5","08","15","2","0","0","0","1","0","1"
"POINT (13.330690393000054 52.444857297000055)","Unfall 204409 (2018) Kat:3, Licht: 0","204409","3","6","4","08","14","5","0","0","0","1","1","0"
"POINT (13.348076972000058 52.548604678000061)","Unfall 204410 (2018) Kat:3, Licht: 0","204410","3","6","2","08","13","4","0","0","0","1","0","0"
"POINT (13.432377220000035 52.466482959000075)","Unfall 204411 (2018) Kat:3, Licht: 0","204411","3","4","6","08","13","5","0","0","0","1","1","0"
"POINT (13.584139832000062 52.443954060000067)","Unfall 204412 (2018) Kat:3, Licht: 0","204412","3","6","2","08","13","5","0","0","0","1","0","1"
"POINT (13.347010298000043 52.500879925000049)","Unfall 204413 (2018) Kat:3, Licht: 0","204413","3","2","5","08","15","2","0","0","1","1","0","0"
"POINT (13.406482675000063 52.498326089000045)","Unfall 204414 (2018) Kat:3, Licht: 0","204414","3","2","5","08","12","5","0","0","0","1","0","1"
"POINT (13.340178412000057 52.588107399000080)","Unfall 204415 (2018) Kat:3, Licht: 0","204415","3","6","2","08","16","4","0","0","0","1","0","0"
"POINT (13.318625852000025 52.496188402000030)","Unfall 204416 (2018) Kat:3, Licht: 0","204416","3","5","1","08","11","5","0","0","1","1","0","0"
"POINT (13.320312130000048 52.498040922000030)","Unfall 204417 (2018) Kat:3, Licht: 0","204417","3","3","5","08","15","2","0","0","0","1","0","0"
"POINT (13.470774438000035 52.610275341000033)","Unfall 204418 (2018) Kat:2, Licht: 0","204418","2","3","5","08","17","4","0","0","0","1","0","0"
"POINT (13.605207555000050 52.487926409000067)","Unfall 204419 (2018) Kat:3, Licht: 0","204419","3","3","0","08","08","5","0","0","0","0","0","0"
"POINT (13.340063970000074 52.588079916000027)","Unfall 204420 (2018) Kat:3, Licht: 0","204420","3","7","0","08","09","5","0","0","0","1","0","1"
"POINT (13.444048784000074 52.533848096000042)","Unfall 204421 (2018) Kat:3, Licht: 0","204421","3","4","0","08","09","5","0","0","1","0","1","0"
"POINT (13.449268702000040 52.468506492000074)","Unfall 204422 (2018) Kat:3, Licht: 0","204422","3","3","5","08","15","2","0","0","0","1","0","1"
"POINT (13.386991982000040 52.538351701000067)","Unfall 204423 (2018) Kat:3, Licht: 0","204423","3","6","4","08","08","5","0","0","0","1","0","1"
"POINT (13.507458982000060 52.463243593000072)","Unfall 204424 (2018) Kat:3, Licht: 0","204424","3","2","5","08","10","4","0","0","1","1","0","0"
"POINT (13.391377532000035 52.530457810000030)","Unfall 204425 (2018) Kat:3, Licht: 0","204425","3","7","0","08","19","5","0","0","1","0","0","0"
"POINT (13.477552622000076 52.560574972000040)","Unfall 204426 (2018) Kat:3, Licht: 0","204426","3","2","5","08","14","2","0","0","0","1","0","1"
"POINT (13.326248252000028 52.591686642000070)","Unfall 204427 (2018) Kat:3, Licht: 0","204427","3","1","0","08","06","4","0","0","0","0","0","1"
"POINT (13.451293277000048 52.465161534000060)","Unfall 204428 (2018) Kat:2, Licht: 0","204428","2","7","0","08","12","5","0","0","0","1","0","0"
"POINT (13.288297454000030 52.595595458000048)","Unfall 204429 (2018) Kat:3, Licht: 0","204429","3","6","2","08","14","2","0","0","0","1","0","1"
"POINT (13.548349233000067 52.427481907000072)","Unfall 204430 (2018) Kat:3, Licht: 0","204430","3","6","3","08","11","4","0","0","0","1","0","0"
"POINT (13.472756205000053 52.606983377000063)","Unfall 204431 (2018) Kat:2, Licht: 0","204431","2","1","0","08","19","5","0","0","1","0","0","0"
"POINT (13.417721586000027 52.499262010000052)","Unfall 204432 (2018) Kat:3, Licht: 0","204432","3","7","0","08","08","5","1","0","1","0","0","0"
"POINT (13.357624323000039 52.545381907000035)","Unfall 204433 (2018) Kat:2, Licht: 0","204433","2","7","0","08","14","2","0","0","1","0","0","0"
"POINT (13.361414495000076 52.503240638000079)","Unfall 204434 (2018) Kat:3, Licht: 2","204434","3","1","0","08","21","5","1","2","1","0","0","0"
"POINT (13.332532158000049 52.506022104000067)","Unfall 204435 (2018) Kat:3, Licht: 0","204435","3","4","2","08","08","5","0","0","0","1","1","0"
"POINT (13.303509058000031 52.577879367000037)","Unfall 204436 (2018) Kat:3, Licht: 0","204436","3","1","8","08","14","2","0","0","0","0","0","0"
"POINT (13.473433164000028 52.548687120000068)","Unfall 204437 (2018) Kat:3, Licht: 0","204437","3","6","2","08","09","4","0","0","0","1","0","0"
"POINT (13.194807865000030 52.534395919000076)","Unfall 204438 (2018) Kat:3, Licht: 0","204438","3","3","5","08","08","5","0","0","0","1","0","0"
"POINT (13.308154024000032 52.477865612000073)","Unfall 204439 (2018) Kat:2, Licht: 0","204439","2","2","5","08","14","2","1","0","0","1","0","1"
"POINT (13.325103196000043 52.525136080000038)","Unfall 204440 (2018) Kat:3, Licht: 0","204440","3","6","3","08","08","4","0","0","0","0","0","1"
"POINT (13.417696482000053 52.499269271000060)","Unfall 204441 (2018) Kat:3, Licht: 0","204441","3","7","0","08","08","5","1","0","1","0","0","0"
"POINT (13.232228914000075 52.540664111000069)","Unfall 204442 (2018) Kat:3, Licht: 0","204442","3","2","5","08","08","5","0","0","0","1","0","0"
"POINT (13.346032295000043 52.495833641000047)","Unfall 204443 (2018) Kat:3, Licht: 0","204443","3","3","5","08","14","2","0","0","1","1","0","0"
"POINT (13.322286954000049 52.521116768000070)","Unfall 204444 (2018) Kat:3, Licht: 0","204444","3","2","5","08","08","5","0","0","1","1","0","0"
"POINT (13.295951250000030 52.481173391000027)","Unfall 204445 (2018) Kat:3, Licht: 0","204445","3","3","0","08","07","5","0","0","1","1","0","0"
"POINT (13.277763947000039 52.518393106000076)","Unfall 204446 (2018) Kat:3, Licht: 0","204446","3","6","2","08","13","2","0","0","0","1","0","0"
"POINT (13.550506695000024 52.533948227000053)","Unfall 204447 (2018) Kat:3, Licht: 0","204447","3","3","5","08","07","5","0","0","1","1","0","0"
"POINT (13.331433882000056 52.496531901000026)","Unfall 204448 (2018) Kat:3, Licht: 0","204448","3","6","2","08","12","2","0","0","0","1","0","1"