WKT,Name,OBJECTID,UKATEGORIE,UTYP1,UART,UMONAT,USTUNDE,UWOCHENTAG,STRZUSTAND,ULICHTVERH,ISTRAD,ISTPKW,ISTFUSS,ISTKRAD
"POINT (13.517105392000076 52.444589041000029)","Unfall 204449 (2018) Kat:3, Licht: 0","204449","3","2","5","08","07","5","0","0","0","1","0","1"
"POINT (13.384195547000047 52.529653729000074)","Unfall 204450 (2018) Kat:3, Licht: 0","204450","3","7","0","08","06","5","0","0","1","0","0","0"
"POINT (13.432880934000025 52.517819314000064)","Unfall 204451 (2018) Kat:3, Licht: 0","204451","3","2","5","08","12","2","0","0","1","1","0","0"
"POINT (13.273533742000041 52.541689175000045)","Unfall 204452 (2018) Kat:3, Licht: 2","204452","3","3","5","08","22","4","0","2","0","1","0","0"
"POINT (13.453564314000062 52.514135565000061)","Unfall 204453 (2018) Kat:2, Licht: 0","204453","2","2","3","08","05","5","0","0","1","0","0","0"
"POINT (13.312512167000023 52.569535109000071)","Unfall 204454 (2018) Kat:3, Licht: 0","204454","3","3","5","08","12","2","0","0","0","1","0","0"
"POINT (13.280969690000063 52.476830555000049)","Unfall 204455 (2018) Kat:3, Licht: 0","204455","3","2","5","08","14","4","0","0","0","1","0","0"
"POINT (13.415308033000031 52.526875773000029)","Unfall 204456 (2018) Kat:2, Licht: 2","204456","2","4","6","08","05","5","0","2","0","0","1","1"
"POINT (13.225795975000040 52.554439550000041)","Unfall 204457 (2018) Kat:3, Licht: 0","204457","3","2","5","08","10","5","0","0","1","1","0","0"
"POINT (13.434363573000041 52.451505344000054)","Unfall 204458 (2018) Kat:3, Licht: 0","204458","3","2","5","08","07","2","0","0","1","1","0","0"
"POINT (13.241133482000066 52.618139481000071)","Unfall 204459 (2018) Kat:3, Licht: 1","204459","3","7","5","08","05","4","0","1","1","1","0","0"
"POINT (13.364162145000023 52.475896698000042)","Unfall 204460 (2018) Kat:3, Licht: 0","204460","3","7","5","08","07","2","0","0","1","1","0","0"
"POINT (13.552670471000056 52.507516228000043)","Unfall 204461 (2018) Kat:2, Licht: 0","204461","2","2","6","08","11","2","0","0","0","0","1","0"
"POINT (13.362504910000041 52.567258556000070)","Unfall 204462 (2018) Kat:3, Licht: 0","204462","3","2","5","08","07","4","0","0","0","1","0","0"
"POINT (13.433140368000068 52.606212461000041)","Unfall 204463 (2018) Kat:2, Licht: 0","204463","2","3","5","09","16","2","0","0","0","1","0","1"
"POINT (13.248751009000046 52.537961893000045)","Unfall 204464 (2018) Kat:3, Licht: 1","204464","3","6","3","08","06","5","0","1","0","1","0","0"
"POINT (13.398733828000047 52.532580105000079)","Unfall 204465 (2018) Kat:3, Licht: 2","204465","3","1","0","09","23","2","0","2","1","0","0","0"
"POINT (13.286800193000033 52.495817536000061)","Unfall 204466 (2018) Kat:3, Licht: 0","204466","3","2","5","09","17","2","0","0","0","1","0","1"
"POINT (13.343184336000036 52.486200312000051)","Unfall 204467 (2018) Kat:2, Licht: 0","204467","2","5","5","08","07","5","1","0","1","1","0","0"
"POINT (13.359976335000056 52.434325893000050)","Unfall 204468 (2018) Kat:3, Licht: 0","204468","3","3","5","08","15","5","1","0","0","1","0","0"
"POINT (13.314611293000041 52.547458110000036)","Unfall 204469 (2018) Kat:3, Licht: 0","204469","3","3","5","09","13","2","0","0","0","1","0","0"
"POINT (13.463288717000069 52.583975954000039)","Unfall 204470 (2018) Kat:2, Licht: 0","204470","2","1","4","08","09","5","1","0","0","1","0","0"
"POINT (13.401104436000026 52.425918643000045)","Unfall 204471 (2018) Kat:3, Licht: 0","204471","3","5","1","09","16","2","0","0","0","1","0","0"
"POINT (13.273330744000077 52.409804445000077)","Unfall 204472 (2018) Kat:3, Licht: 0","204472","3","6","2","08","13","5","1","0","0","1","0","0"
"POINT (13.458405151000022 52.472711780000054)","Unfall 204473 (2018) Kat:3, Licht: 0","204473","3","1","8","09","14","2","0","0","0","0","0","1"
"POINT (13.189225177000026 52.455193046000034)","Unfall 204474 (2018) Kat:3, Licht: 0","204474","3","1","8","09","15","2","0","0","0","1","0","0"
"POINT (13.480519465000043 52.499059291000037)","Unfall 204475 (2018) Kat:3, Licht: 0","204475","3","2","5","08","11","5","1","0","0","1","0","0"
"POINT (13.109252674000061 52.414010686000040)","Unfall 204476 (2018) Kat:3, Licht: 0","204476","3","2","5","08","12","5","1","0","0","1","0","0"
"POINT (13.198365019000050 52.542863983000075)","Unfall 204477 (2018) Kat:2, Licht: 0","204477","2","6","2","08","11","5","1","0","0","1","0","0"
"POINT (13.385391907000042 52.465732606000074)","Unfall 204478 (2018) Kat:3, Licht: 0","204478","3","3","5","09","13","2","0","0","1","0","0","0"
"POINT (13.346515043000068 52.459902994000061)","Unfall 204479 (2018) Kat:3, Licht: 0","204479","3","3","5","09","13","2","0","0","1","1","0","0"
"POINT (13.308927966000056 52.547590890000038)","Unfall 204480 (2018) Kat:3, Licht: 0","204480","3","3","5","08","10","5","0","0","0","1","0","0"
"POINT (13.487001602000078 52.621409262000043)","Unfall 204481 (2018) Kat:2, Licht: 0","204481","2","5","5","08","08","5","0","0","0","1","0","0"
"POINT (13.168394674000069 52.517331754000054)","Unfall 204482 (2018) Kat:2, Licht: 0","204482","2","5","1","09","13","2","0","0","1","1","0","0"
"POINT (13.339195508000046 52.595831052000051)","Unfall 204483 (2018) Kat:3, Licht: 0","204483","3","1","9","08","09","5","1","0","0","1","0","0"
"POINT (13.461109797000063 52.471401014000037)","Unfall 204484 (2018) Kat:3, Licht: 0","204484","3","4","0","08","10","1","0","0","1","0","1","0"
"POINT (13.299987059000046 52.519617355000037)","Unfall 204485 (2018) Kat:3, Licht: 0","204485","3","6","2","09","13","2","0","0","0","1","0","1"
"POINT (13.336915282000064 52.500852440000074)","Unfall 204486 (2018) Kat:3, Licht: 2","204486","3","2","5","08","23","5","1","2","0","1","0","1"
"POINT (13.302748971000028 52.437497617000076)","Unfall 204487 (2018) Kat:3, Licht: 0","204487","3","4","6","09","12","2","0","0","0","1","1","0"
"POINT (13.418935391000048 52.498883825000064)","Unfall 204488 (2018) Kat:3, Licht: 0","204488","3","2","0","09","12","2","0","0","1","1","0","0"
"POINT (13.452351259000068 52.510629761000075)","Unfall 204489 (2018) Kat:3, Licht: 2","204489","3","1","1","08","21","5","1","2","1","1","0","0"
"POINT (13.713674659000048 52.431977677000077)","Unfall 204490 (2018) Kat:3, Licht: 2","204490","3","3","5","08","21","5","1","2","0","1","0","0"
"POINT (13.321792760000051 52.521020043000078)","Unfall 204491 (2018) Kat:3, Licht: 0","204491","3","7","2","09","11","2","0","0","0","1","0","1"
"POINT (13.397778970000047 52.495360283000082)","Unfall 204492 (2018) Kat:3, Licht: 2","204492","3","3","0","08","20","5","1","2","0","1","0","0"
"POINT (13.366988742000046 52.585742074000052)","Unfall 204493 (2018) Kat:3, Licht: 1","204493","3","6","2","08","19","5","0","1","1","1","0","0"
"POINT (13.170831792000058 52.533674654000038)","Unfall 204494 (2018) Kat:3, Licht: 0","204494","3","3","5","09","10","2","0","0","0","1","0","0"
"POINT (13.446709465000026 52.502611785000056)","Unfall 204495 (2018) Kat:3, Licht: 0","204495","3","2","5","09","10","2","0","0","1","0","0","0"
"POINT (13.325023995000038 52.517507835000060)","Unfall 204496 (2018) Kat:3, Licht: 2","204496","3","2","5","08","19","5","1","2","1","1","0","0"
"POINT (13.503454192000049 52.411619245000054)","Unfall 204497 (2018) Kat:2, Licht: 0","204497","2","2","5","09","10","2","0","0","1","1","0","0"
"POINT (13.334911661000035 52.524804484000072)","Unfall 204498 (2018) Kat:3, Licht: 0","204498","3","3","5","09","09","2","0","0","1","1","0","0"
"POINT (13.525328729000023 52.481377746000078)","Unfall 204499 (2018) Kat:3, Licht: 2","204499","3","6","3","09","05","2","0","2","1","1","0","0"
"POINT (13.421086418000073 52.524518586000056)","Unfall 204500 (2018) Kat:3, Licht: 0","204500","3","6","2","08","18","5","1","0","0","1","0","1"
"POINT (13.388578144000064 52.506599607000055)","Unfall 204501 (2018) Kat:3, Licht: 0","204501","3","5","1","09","08","2","0","0","1","1","0","0"
"POINT (13.433992158000024 52.442830413000081)","Unfall 204502 (2018) Kat:3, Licht: 0","204502","3","7","5","09","09","2","0","0","0","1","0","0"
"POINT (13.212801986000045 52.561056132000033)","Unfall 204503 (2018) Kat:3, Licht: 0","204503","3","4","6","08","18","5","1","0","0","1","1","0"
"POINT (13.577074858000060 52.540101497000080)","Unfall 204504 (2018) Kat:3, Licht: 0","204504","3","1","2","08","18","5","1","0","0","1","0","0"
"POINT (13.386252693000074 52.506085858000063)","Unfall 204505 (2018) Kat:2, Licht: 0","204505","2","6","3","09","08","2","0","0","1","0","0","0"
"POINT (13.426232550000066 52.499355398000034)","Unfall 204506 (2018) Kat:3, Licht: 1","204506","3","6","2","08","18","5","1","1","0","1","0","1"
"POINT (13.321728357000040 52.501873888000034)","Unfall 204507 (2018) Kat:3, Licht: 0","204507","3","3","0","09","08","2","0","0","1","0","0","1"
"POINT (13.241683246000036 52.543388223000079)","Unfall 204508 (2018) Kat:2, Licht: 0","204508","2","2","5","09","08","2","0","0","0","1","0","1"
"POINT (13.409872961000076 52.529026867000027)","Unfall 204509 (2018) Kat:3, Licht: 0","204509","3","3","0","08","17","5","1","0","1","1","0","0"
"POINT (13.315804380000031 52.443075899000064)","Unfall 204510 (2018) Kat:3, Licht: 0","204510","3","2","5","09","08","2","0","0","1","0","0","0"
"POINT (13.409117403000039 52.541292492000082)","Unfall 204511 (2018) Kat:2, Licht: 0","204511","2","6","3","09","07","2","0","0","1","0","0","0"
"POINT (13.501531404000048 52.630183144000057)","Unfall 204512 (2018) Kat:2, Licht: 0","204512","2","3","0","08","17","5","1","0","0","1","0","1"
"POINT (13.395008555000061 52.509765557000037)","Unfall 204513 (2018) Kat:3, Licht: 0","204513","3","3","5","08","16","5","0","0","0","1","0","0"
"POINT (13.513056925000058 52.467199745000073)","Unfall 204514 (2018) Kat:3, Licht: 0","204514","3","2","3","09","07","2","0","0","1","1","0","0"
"POINT (13.370889033000026 52.523446046000061)","Unfall 204515 (2018) Kat:2, Licht: 2","204515","2","1","0","08","20","5","0","2","1","0","0","0"
"POINT (13.407074121000051 52.504673352000054)","Unfall 204516 (2018) Kat:3, Licht: 0","204516","3","1","0","08","18","5","1","0","0","0","0","1"
"POINT (13.180173108000076 52.509151288000055)","Unfall 204517 (2018) Kat:3, Licht: 0","204517","3","1","0","08","17","5","1","0","0","0","0","1"
"POINT (13.524469478000071 52.536428780000051)","Unfall 204518 (2018) Kat:3, Licht: 0","204518","3","4","0","09","08","2","0","0","0","0","1","1"
"POINT (13.326541923000036 52.587448845000040)","Unfall 204519 (2018) Kat:3, Licht: 0","204519","3","2","5","08","11","5","1","0","0","1","0","0"
"POINT (13.402491988000065 52.531223985000054)","Unfall 204520 (2018) Kat:3, Licht: 0","204520","3","7","5","08","06","5","0","0","1","0","0","0"
"POINT (13.182974996000041 52.538354849000029)","Unfall 204521 (2018) Kat:3, Licht: 0","204521","3","7","5","09","07","2","0","0","0","1","0","1"
"POINT (13.396264371000029 52.538339020000080)","Unfall 204522 (2018) Kat:3, Licht: 0","204522","3","6","2","08","12","1","0","0","1","0","0","0"
"POINT (13.406628794000028 52.498471402000064)","Unfall 204523 (2018) Kat:3, Licht: 0","204523","3","2","5","09","07","2","0","0","0","1","0","0"
"POINT (13.334563931000048 52.464099369000053)","Unfall 204524 (2018) Kat:3, Licht: 0","204524","3","3","0","08","13","4","0","0","0","1","0","0"
"POINT (13.440582666000068 52.462056774000075)","Unfall 204525 (2018) Kat:3, Licht: 0","204525","3","3","5","09","07","2","0","0","1","1","0","0"
"POINT (13.360979168000028 52.574322270000039)","Unfall 204526 (2018) Kat:3, Licht: 0","204526","3","6","2","09","07","2","0","0","1","1","0","0"
"POINT (13.356657380000058 52.552679929000078)","Unfall 204527 (2018) Kat:2, Licht: 0","204527","2","6","3","08","18","4","0","0","0","1","0","1"
"POINT (13.604342117000044 52.538666090000049)","Unfall 204528 (2018) Kat:3, Licht: 1","204528","3","2","5","08","19","4","0","1","0","1","0","1"
"POINT (13.162697006000030 52.520068755000068)","Unfall 204529 (2018) Kat:3, Licht: 0","204529","3","2","5","09","07","2","0","0","1","1","0","0"
"POINT (13.429768470000056 52.498260536000032)","Unfall 204530 (2018) Kat:3, Licht: 2","204530","3","3","5","08","22","4","0","2","1","1","0","0"
"POINT (13.171935803000054 52.550121024000077)","Unfall 204531 (2018) Kat:3, Licht: 0","204531","3","3","5","08","13","1","0","0","1","1","0","0"
"POINT (13.457047968000040 52.529557177000072)","Unfall 204532 (2018) Kat:3, Licht: 0","204532","3","1","0","09","07","2","0","0","1","0","0","0"
"POINT (13.332575528000064 52.465949210000076)","Unfall 204533 (2018) Kat:3, Licht: 1","204533","3","7","0","08","20","4","0","1","0","1","0","1"
"POINT (13.457815890000063 52.529040169000041)","Unfall 204534 (2018) Kat:3, Licht: 0","204534","3","2","5","09","06","2","0","0","1","1","0","0"
"POINT (13.432062872000074 52.505715842000029)","Unfall 204535 (2018) Kat:2, Licht: 2","204535","2","2","6","09","05","2","1","2","0","1","1","0"
"POINT (13.478750320000074 52.477592688000072)","Unfall 204536 (2018) Kat:3, Licht: 2","204536","3","2","5","08","20","4","0","2","0","1","0","0"
"POINT (13.331160666000073 52.512141834000033)","Unfall 204537 (2018) Kat:3, Licht: 0","204537","3","1","4","09","06","2","1","0","0","1","0","0"
"POINT (13.338709601000062 52.605595000000051)","Unfall 204538 (2018) Kat:3, Licht: 1","204538","3","3","0","08","19","4","0","1","0","1","0","1"
"POINT (13.229716322000058 52.606611923000060)","Unfall 204539 (2018) Kat:3, Licht: 0","204539","3","3","5","09","05","2","0","0","0","1","0","1"
"POINT (13.387726358000066 52.523419842000067)","Unfall 204540 (2018) Kat:3, Licht: 0","204540","3","6","3","09","15","2","0","0","1","0","0","0"
"POINT (13.468478158000039 52.562142286000039)","Unfall 204541 (2018) Kat:3, Licht: 0","204541","3","2","5","08","17","4","0","0","0","1","0","0"
"POINT (13.360431372000050 52.548599486000057)","Unfall 204542 (2018) Kat:3, Licht: 0","204542","3","3","5","09","17","2","0","0","1","1","0","0"
"POINT (13.457404130000043 52.528958500000044)","Unfall 204543 (2018) Kat:2, Licht: 0","204543","2","2","6","08","19","4","0","0","0","0","1","0"
"POINT (13.368151946000069 52.525955436000061)","Unfall 204544 (2018) Kat:3, Licht: 0","204544","3","4","6","08","18","4","0","0","0","1","1","0"
"POINT (13.428191386000037 52.473324725000055)","Unfall 204545 (2018) Kat:2, Licht: 2","204545","2","4","6","09","20","2","0","2","0","0","1","1"
"POINT (13.522464924000076 52.448058339000056)","Unfall 204546 (2018) Kat:3, Licht: 0","204546","3","1","0","08","16","4","0","0","1","0","0","0"
"POINT (13.392470135000053 52.564049329000056)","Unfall 204547 (2018) Kat:3, Licht: 0","204547","3","6","2","09","18","1","0","0","0","1","0","0"
"POINT (13.487696717000063 52.618151628000078)","Unfall 204548 (2018) Kat:3, Licht: 0","204548","3","2","2","08","16","4","0","0","0","1","0","0"
"POINT (13.412126294000075 52.498679620000075)","Unfall 204549 (2018) Kat:3, Licht: 0","204549","3","3","5","09","19","1","0","0","1","0","0","0"
"POINT (13.427936728000077 52.545509264000032)","Unfall 204550 (2018) Kat:3, Licht: 2","204550","3","2","5","09","20","1","0","2","1","0","0","0"
"POINT (13.346686329000022 52.498909004000041)","Unfall 204551 (2018) Kat:3, Licht: 0","204551","3","5","1","08","15","4","0","0","1","1","0","0"
"POINT (13.361993806000044 52.434685423000076)","Unfall 204552 (2018) Kat:3, Licht: 0","204552","3","3","5","08","15","4","0","0","0","1","0","0"
"POINT (13.386453506000066 52.521674793000045)","Unfall 204553 (2018) Kat:3, Licht: 2","204553","3","4","6","09","20","1","0","2","1","0","1","0"
"POINT (13.523642423000069 52.487042371000030)","Unfall 204554 (2018) Kat:3, Licht: 0","204554","3","3","5","08","15","4","0","0","0","1","0","0"
"POINT (13.329141347000075 52.423025016000054)","Unfall 204555 (2018) Kat:3, Licht: 0","204555","3","3","5","08","14","4","0","0","0","1","0","0"
"POINT (13.302943542000037 52.518667444000073)","Unfall 204556 (2018) Kat:3, Licht: 0","204556","3","2","5","08","14","4","0","0","1","1","0","0"
"POINT (13.314686908000056 52.511411977000080)","Unfall 204557 (2018) Kat:3, Licht: 0","204557","3","7","5","09","18","1","0","0","0","0","0","1"
"POINT (13.418168861000026 52.515590206000070)","Unfall 204558 (2018) Kat:3, Licht: 2","204558","3","2","5","09","05","1","0","2","0","1","0","0"
"POINT (13.423738823000065 52.419834197000057)","Unfall 204559 (2018) Kat:3, Licht: 0","204559","3","6","1","08","14","4","0","0","0","1","0","1"
"POINT (13.540614963000053 52.403800521000051)","Unfall 204560 (2018) Kat:3, Licht: 0","204560","3","3","5","09","10","1","0","0","0","1","0","1"
"POINT (13.213975427000037 52.538544921000039)","Unfall 204561 (2018) Kat:3, Licht: 0","204561","3","6","2","09","14","1","0","0","0","1","0","0"
"POINT (13.593206967000071 52.452675061000036)","Unfall 204562 (2018) Kat:3, Licht: 0","204562","3","2","5","08","14","4","0","0","1","1","0","0"
"POINT (13.403848613000036 52.495228962000056)","Unfall 204563 (2018) Kat:3, Licht: 0","204563","3","4","6","08","14","4","0","0","0","1","1","0"
"POINT (13.495091997000031 52.431748710000079)","Unfall 204564 (2018) Kat:3, Licht: 0","204564","3","3","5","09","14","1","0","0","1","0","0","0"
"POINT (13.287702112000034 52.496083501000044)","Unfall 204565 (2018) Kat:3, Licht: 0","204565","3","2","0","08","14","4","0","0","0","1","0","0"
"POINT (13.413902218000032 52.500370290000035)","Unfall 204566 (2018) Kat:3, Licht: 0","204566","3","3","5","08","13","4","0","0","0","1","0","0"
"POINT (13.492259641000032 52.449963519000050)","Unfall 204567 (2018) Kat:3, Licht: 0","204567","3","3","5","09","15","1","0","0","0","0","0","1"
"POINT (13.384329772000058 52.550917452000078)","Unfall 204568 (2018) Kat:3, Licht: 0","204568","3","7","6","09","14","1","0","0","1","0","1","0"
"POINT (13.460849575000054 52.454212070000040)","Unfall 204569 (2018) Kat:3, Licht: 0","204569","3","3","5","08","12","4","0","0","1","1","0","0"
"POINT (13.317512965000049 52.506114441000079)","Unfall 204570 (2018) Kat:2, Licht: 0","204570","2","7","5","09","13","1","1","0","0","1","0","0"
"POINT (13.457499806000044 52.529094381000050)","Unfall 204571 (2018) Kat:3, Licht: 0","204571","3","3","5","08","12","4","0","0","1","1","0","0"
"POINT (13.379110275000073 52.552444583000067)","Unfall 204572 (2018) Kat:3, Licht: 2","204572","3","7","0","09","03","1","0","2","1","0","0","0"
"POINT (13.390819959000055 52.567839419000052)","Unfall 204573 (2018) Kat:2, Licht: 2","204573","2","1","0","09","04","1","0","2","1","0","0","0"
"POINT (13.379827313000021 52.552905655000075)","Unfall 204574 (2018) Kat:3, Licht: 0","204574","3","6","0","08","12","4","0","0","1","1","0","0"
"POINT (13.452273326000068 52.527456965000056)","Unfall 204575 (2018) Kat:3, Licht: 0","204575","3","3","5","09","12","7","0","0","1","1","0","0"
"POINT (13.403327013000023 52.565538488000072)","Unfall 204576 (2018) Kat:3, Licht: 0","204576","3","7","2","09","11","7","0","0","0","1","0","1"
"POINT (13.308765879000077 52.557433206000042)","Unfall 204577 (2018) Kat:3, Licht: 0","204577","3","6","2","08","11","4","0","0","0","1","0","0"
"POINT (13.330413127000043 52.429243876000044)","Unfall 204578 (2018) Kat:3, Licht: 0","204578","3","5","1","08","10","4","0","0","1","1","0","0"
"POINT (13.368506275000072 52.546290492000026)","Unfall 204579 (2018) Kat:3, Licht: 2","204579","3","6","4","09","23","7","0","2","1","1","0","0"
"POINT (13.230484925000042 52.427524075000065)","Unfall 204580 (2018) Kat:2, Licht: 0","204580","2","5","1","08","10","4","0","0","1","0","0","0"
"POINT (13.392875615000037 52.412721330000068)","Unfall 204581 (2018) Kat:2, Licht: 0","204581","2","4","6","08","09","4","0","0","0","1","1","0"
"POINT (13.400955967000073 52.551086273000067)","Unfall 204582 (2018) Kat:3, Licht: 0","204582","3","6","2","09","13","7","0","0","1","0","0","0"
"POINT (13.199481583000022 52.534774090000042)","Unfall 204583 (2018) Kat:3, Licht: 0","204583","3","2","5","08","17","1","0","0","0","1","0","0"
"POINT (13.423831138000025 52.488333019000038)","Unfall 204584 (2018) Kat:3, Licht: 0","204584","3","4","6","09","15","7","0","0","1","0","1","0"
"POINT (13.346897734000038 52.519696477000082)","Unfall 204585 (2018) Kat:3, Licht: 0","204585","3","3","5","08","09","4","0","0","1","1","0","0"
"POINT (13.331186703000071 52.525618873000042)","Unfall 204586 (2018) Kat:3, Licht: 0","204586","3","5","4","09","18","7","0","0","0","1","0","1"
"POINT (13.301896043000056 52.525750887000072)","Unfall 204587 (2018) Kat:3, Licht: 0","204587","3","4","6","08","09","4","0","0","1","0","1","0"
"POINT (13.418376908000027 52.528515479000077)","Unfall 204588 (2018) Kat:3, Licht: 0","204588","3","1","0","08","08","4","0","0","0","0","0","1"
"POINT (13.429613947000064 52.525566630000071)","Unfall 204589 (2018) Kat:3, Licht: 1","204589","3","6","0","09","19","7","0","1","1","1","0","0"
"POINT (13.496883321000041 52.570135296000046)","Unfall 204590 (2018) Kat:3, Licht: 0","204590","3","3","0","08","08","4","0","0","0","1","0","0"
"POINT (13.342895883000040 52.525374567000028)","Unfall 204591 (2018) Kat:3, Licht: 0","204591","3","2","5","08","08","4","0","0","0","1","0","1"
"POINT (13.343334428000048 52.531485421000070)","Unfall 204592 (2018) Kat:2, Licht: 0","204592","2","6","3","09","17","7","0","0","0","1","0","1"
"POINT (13.518352329000038 52.505648005000069)","Unfall 204593 (2018) Kat:2, Licht: 0","204593","2","4","6","08","07","4","0","0","0","1","1","0"
"POINT (13.406528407000053 52.500346569000044)","Unfall 204594 (2018) Kat:2, Licht: 0","204594","2","5","1","09","18","7","0","0","1","1","0","0"
"POINT (13.453457259000061 52.591383430000064)","Unfall 204595 (2018) Kat:3, Licht: 0","204595","3","2","5","08","07","4","0","0","1","1","0","0"
"POINT (13.427100961000065 52.487291481000057)","Unfall 204596 (2018) Kat:3, Licht: 0","204596","3","3","3","09","12","7","0","0","0","1","0","0"
"POINT (13.346351083000059 52.489225365000038)","Unfall 204597 (2018) Kat:3, Licht: 0","204597","3","5","1","09","15","7","0","0","1","1","0","0"
"POINT (13.402476610000065 52.511869819000026)","Unfall 204598 (2018) Kat:3, Licht: 0","204598","3","2","5","08","06","4","0","0","0","1","0","1"
"POINT (13.315292609000039 52.514735545000065)","Unfall 204599 (2018) Kat:3, Licht: 0","204599","3","2","5","08","06","4","0","0","1","1","0","0"
"POINT (13.592484020000029 52.454847061000066)","Unfall 204600 (2018) Kat:2, Licht: 2","204600","2","7","9","08","02","4","0","2","0","1","0","0"
"POINT (13.517227205000040 52.487805965000064)","Unfall 204601 (2018) Kat:3, Licht: 0","204601","3","4","6","09","16","7","0","0","1","1","1","0"
"POINT (13.296393006000073 52.529283642000053)","Unfall 204602 (2018) Kat:3, Licht: 0","204602","3","2","5","09","14","7","0","0","0","1","0","0"
"POINT (13.408183681000025 52.504365999000072)","Unfall 204603 (2018) Kat:3, Licht: 0","204603","3","5","1","08","08","4","0","0","1","1","0","0"
"POINT (13.542234173000054 52.457619474000069)","Unfall 204604 (2018) Kat:3, Licht: 0","204604","3","6","3","09","18","7","0","0","0","1","0","0"
"POINT (13.311171284000068 52.496084669000027)","Unfall 204605 (2018) Kat:3, Licht: 0","204605","3","3","5","09","10","7","0","0","0","1","0","1"
"POINT (13.565723197000068 52.504386887000067)","Unfall 204606 (2018) Kat:3, Licht: 0","204606","3","3","0","08","15","3","0","0","1","0","0","0"
"POINT (13.494218954000075 52.430764927000041)","Unfall 204607 (2018) Kat:2, Licht: 0","204607","2","1","0","09","13","7","0","0","1","0","0","0"
"POINT (13.411155569000073 52.509651000000076)","Unfall 204608 (2018) Kat:3, Licht: 0","204608","3","6","0","08","15","3","0","0","1","0","0","0"
"POINT (13.412335613000039 52.503179016000047)","Unfall 204609 (2018) Kat:2, Licht: 0","204609","2","1","0","09","14","7","0","0","0","0","0","1"
"POINT (13.331210495000050 52.516140081000060)","Unfall 204610 (2018) Kat:3, Licht: 0","204610","3","7","7","09","09","7","0","0","0","0","0","0"
"POINT (13.308863811000037 52.487367965000033)","Unfall 204611 (2018) Kat:3, Licht: 0","204611","3","7","1","08","17","3","0","0","1","1","0","0"
"POINT (13.300896017000071 52.539490515000068)","Unfall 204612 (2018) Kat:3, Licht: 0","204612","3","4","0","08","16","3","0","0","0","0","1","1"
"POINT (13.288892664000059 52.580928495000080)","Unfall 204613 (2018) Kat:3, Licht: 2","204613","3","5","1","09","20","7","0","2","1","1","0","1"
"POINT (13.350446958000077 52.512841182000045)","Unfall 204614 (2018) Kat:3, Licht: 0","204614","3","6","2","08","15","3","0","0","1","0","0","0"
"POINT (13.320265365000068 52.471597182000039)","Unfall 204615 (2018) Kat:3, Licht: 0","204615","3","7","6","08","15","3","0","0","0","1","1","0"
"POINT (13.302050353000027 52.457003281000027)","Unfall 204616 (2018) Kat:3, Licht: 0","204616","3","5","1","09","08","7","0","0","1","1","0","0"
"POINT (13.398902584000041 52.565771156000039)","Unfall 204617 (2018) Kat:3, Licht: 0","204617","3","6","1","09","06","7","0","0","0","1","0","0"
"POINT (13.313129249000042 52.574950357000034)","Unfall 204618 (2018) Kat:3, Licht: 0","204618","3","2","5","08","14","3","0","0","0","1","0","0"
"POINT (13.552289587000075 52.439335814000060)","Unfall 204619 (2018) Kat:3, Licht: 2","204619","3","3","5","09","20","7","0","2","0","1","0","0"
"POINT (13.346993446000056 52.500883543000043)","Unfall 204620 (2018) Kat:3, Licht: 2","204620","3","2","5","09","20","7","0","2","1","1","0","0"
"POINT (13.446771806000072 52.439851974000078)","Unfall 204621 (2018) Kat:3, Licht: 0","204621","3","6","2","08","14","3","0","0","0","1","0","1"
"POINT (13.408769724000024 52.504201695000063)","Unfall 204622 (2018) Kat:3, Licht: 0","204622","3","7","5","08","13","3","0","0","0","1","0","1"
"POINT (13.426165607000030 52.515898248000042)","Unfall 204623 (2018) Kat:3, Licht: 2","204623","3","3","5","09","04","7","0","2","1","1","0","0"
"POINT (13.398759819000077 52.532585116000064)","Unfall 204624 (2018) Kat:2, Licht: 2","204624","2","1","0","09","02","7","0","2","1","0","0","0"
"POINT (13.317561577000049 52.488165098000081)","Unfall 204625 (2018) Kat:3, Licht: 0","204625","3","6","3","08","11","3","0","0","1","0","0","0"
"POINT (13.274065891000077 52.457461420000072)","Unfall 204626 (2018) Kat:3, Licht: 0","204626","3","5","1","08","09","3","0","0","1","1","0","0"
"POINT (13.445195572000046 52.479152095000074)","Unfall 204627 (2018) Kat:2, Licht: 0","204627","2","2","5","09","18","7","0","0","0","1","0","1"
"POINT (13.369318600000042 52.492806197000050)","Unfall 204628 (2018) Kat:3, Licht: 0","204628","3","3","5","08","09","3","0","0","1","1","0","0"
"POINT (13.314415573000076 52.530237412000076)","Unfall 204629 (2018) Kat:3, Licht: 0","204629","3","3","5","08","09","3","0","0","1","1","0","0"
"POINT (13.574632912000027 52.555149440000037)","Unfall 204630 (2018) Kat:2, Licht: 2","204630","2","1","0","09","21","7","0","2","0","0","0","1"
"POINT (13.306901381000046 52.571001155000033)","Unfall 204631 (2018) Kat:3, Licht: 0","204631","3","7","6","08","08","6","0","0","1","0","1","0"
"POINT (13.453919922000068 52.512235212000064)","Unfall 204632 (2018) Kat:3, Licht: 0","204632","3","2","0","08","07","3","0","0","1","1","0","0"
"POINT (13.526656655000068 52.426495767000063)","Unfall 204633 (2018) Kat:3, Licht: 0","204633","3","2","5","08","16","6","0","0","0","1","0","0"
"POINT (13.187716886000032 52.547034312000051)","Unfall 204634 (2018) Kat:3, Licht: 0","204634","3","7","2","08","19","6","0","0","0","1","0","0"