WKT,Name,OBJECTID,UKATEGORIE,UTYP1,UART,UMONAT,USTUNDE,UWOCHENTAG,STRZUSTAND,ULICHTVERH,ISTRAD,ISTPKW,ISTFUSS,ISTKRAD
"POINT (13.554039329000034 52.437882334000051)","Unfall 204635 (2018) Kat:3, Licht: 0","204635","3","2","6","08","07","3","0","0","0","1","1","0"
"POINT (13.445065152000041 52.615480301000048)","Unfall 204636 (2018) Kat:3, Licht: 0","204636","3","6","2","08","07","3","0","0","0","1","0","0"
"POINT (13.340563452000026 52.502426202000038)","Unfall 204637 (2018) Kat:3, Licht: 0","204637","3","2","6","08","12","6","0","0","0","1","1","0"
"POINT (13.445835013000021 52.472417018000044)","Unfall 204638 (2018) Kat:2, Licht: 0","204638","2","4","6","08","15","3","0","0","0","1","1","0"
"POINT (13.197972741000058 52.539186871000027)","Unfall 204639 (2018) Kat:2, Licht: 0","204639","2","7","0","08","15","3","0","0","1","0","0","0"
"POINT (13.345084727000028 52.546626788000026)","Unfall 204640 (2018) Kat:3, Licht: 0","204640","3","2","5","08","17","6","0","0","1","1","0","0"
"POINT (13.317960622000044 52.454236886000047)","Unfall 204641 (2018) Kat:3, Licht: 0","204641","3","1","0","08","15","3","0","0","0","0","0","1"
"POINT (13.349573268000029 52.485812958000054)","Unfall 204642 (2018) Kat:3, Licht: 0","204642","3","3","3","08","14","3","0","0","1","1","0","0"
"POINT (13.177285054000038 52.515571324000064)","Unfall 204643 (2018) Kat:3, Licht: 0","204643","3","3","5","08","17","6","0","0","1","1","0","0"
"POINT (13.435196562000044 52.426428098000031)","Unfall 204644 (2018) Kat:3, Licht: 0","204644","3","2","5","08","17","6","0","0","0","1","0","1"
"POINT (13.552162806000069 52.533805488000041)","Unfall 204645 (2018) Kat:3, Licht: 0","204645","3","7","0","08","12","3","0","0","1","0","0","0"
"POINT (13.387390313000026 52.549964474000035)","Unfall 204646 (2018) Kat:3, Licht: 0","204646","3","4","6","08","17","6","0","0","0","1","1","0"
"POINT (13.438002239000070 52.521569886000066)","Unfall 204647 (2018) Kat:3, Licht: 0","204647","3","4","6","08","15","6","0","0","0","1","1","0"
"POINT (13.288249258000064 52.420102206000081)","Unfall 204648 (2018) Kat:3, Licht: 0","204648","3","7","0","08","11","3","0","0","0","0","0","1"
"POINT (13.402814932000069 52.524154905000046)","Unfall 204649 (2018) Kat:3, Licht: 2","204649","3","4","6","08","21","3","0","2","1","0","1","0"
"POINT (13.316804332000061 52.491276943000059)","Unfall 204650 (2018) Kat:3, Licht: 0","204650","3","3","5","08","15","6","0","0","1","1","0","0"
"POINT (13.383274628000038 52.492917863000059)","Unfall 204651 (2018) Kat:3, Licht: 0","204651","3","5","1","08","18","3","0","0","1","1","0","0"
"POINT (13.441099561000044 52.549553937000042)","Unfall 204652 (2018) Kat:3, Licht: 0","204652","3","2","6","08","14","6","0","0","0","1","1","0"
"POINT (13.330020942000033 52.466357980000055)","Unfall 204653 (2018) Kat:3, Licht: 0","204653","3","3","0","08","18","3","0","0","1","1","0","0"
"POINT (13.373069415000032 52.424887225000077)","Unfall 204654 (2018) Kat:3, Licht: 0","204654","3","3","5","08","15","6","0","0","0","1","0","0"
"POINT (13.431730464000054 52.514543877000051)","Unfall 204655 (2018) Kat:3, Licht: 0","204655","3","3","6","08","14","6","0","0","0","1","1","0"
"POINT (13.451654935000022 52.510760543000060)","Unfall 204656 (2018) Kat:2, Licht: 0","204656","2","6","3","08","17","3","0","0","0","0","0","1"
"POINT (13.346022431000051 52.591536621000046)","Unfall 204657 (2018) Kat:2, Licht: 0","204657","2","2","5","08","17","3","0","0","1","1","0","0"
"POINT (13.328608902000042 52.569401515000038)","Unfall 204658 (2018) Kat:3, Licht: 0","204658","3","2","5","08","14","6","0","0","1","1","0","0"
"POINT (13.526234341000077 52.493114170000069)","Unfall 204659 (2018) Kat:2, Licht: 2","204659","2","6","2","08","22","3","0","2","1","0","0","0"
"POINT (13.296746264000035 52.548123980000071)","Unfall 204660 (2018) Kat:3, Licht: 0","204660","3","3","5","08","13","6","0","0","0","1","0","0"
"POINT (13.452199485000051 52.481187968000029)","Unfall 204661 (2018) Kat:3, Licht: 0","204661","3","3","5","08","16","3","0","0","0","1","0","0"
"POINT (13.416882919000045 52.418221707000043)","Unfall 204662 (2018) Kat:1, Licht: 0","204662","1","2","5","08","07","3","0","0","0","0","0","1"
"POINT (13.398414135000053 52.526518244000044)","Unfall 204663 (2018) Kat:3, Licht: 0","204663","3","7","5","08","13","6","0","0","1","1","0","0"
"POINT (13.553004968000039 52.438793846000067)","Unfall 204664 (2018) Kat:3, Licht: 0","204664","3","5","1","08","10","2","0","0","1","1","0","0"
"POINT (13.553541136000035 52.431221562000076)","Unfall 204665 (2018) Kat:3, Licht: 0","204665","3","6","2","08","15","6","0","0","0","1","0","0"
"POINT (13.365564824000046 52.525313818000029)","Unfall 204666 (2018) Kat:3, Licht: 0","204666","3","2","0","08","15","2","0","0","0","1","0","1"
"POINT (13.455668061000040 52.430299761000072)","Unfall 204667 (2018) Kat:3, Licht: 0","204667","3","6","2","08","17","6","0","0","0","1","0","0"
"POINT (13.582730741000034 52.442566940000063)","Unfall 204668 (2018) Kat:3, Licht: 0","204668","3","6","2","08","16","6","0","0","0","1","0","0"
"POINT (13.522442509000030 52.476187174000074)","Unfall 204669 (2018) Kat:3, Licht: 0","204669","3","6","2","08","16","2","0","0","0","1","0","0"
"POINT (13.402936492000038 52.510333937000041)","Unfall 204670 (2018) Kat:3, Licht: 2","204670","3","4","6","08","22","2","0","2","1","0","1","0"
"POINT (13.198442912000075 52.539633537000043)","Unfall 204671 (2018) Kat:2, Licht: 0","204671","2","2","2","08","13","6","0","0","1","1","0","0"
"POINT (13.410009691000027 52.528759595000054)","Unfall 204672 (2018) Kat:3, Licht: 1","204672","3","6","2","08","20","2","0","1","0","1","0","1"
"POINT (13.433258238000064 52.464164391000054)","Unfall 204673 (2018) Kat:3, Licht: 0","204673","3","4","6","08","18","2","0","0","0","1","1","0"
"POINT (13.498844630000065 52.633534549000046)","Unfall 204674 (2018) Kat:3, Licht: 0","204674","3","3","5","08","14","6","0","0","0","1","0","0"
"POINT (13.379225285000075 52.529449425000053)","Unfall 204675 (2018) Kat:3, Licht: 1","204675","3","1","9","08","19","6","0","1","0","1","0","0"
"POINT (13.380166599000063 52.529749739000067)","Unfall 204676 (2018) Kat:3, Licht: 0","204676","3","6","3","08","18","2","0","0","1","0","0","1"
"POINT (13.426535883000042 52.543845197000053)","Unfall 204677 (2018) Kat:3, Licht: 0","204677","3","3","5","08","13","6","0","0","1","0","0","0"
"POINT (13.401516444000038 52.529406470000026)","Unfall 204678 (2018) Kat:3, Licht: 0","204678","3","7","2","09","17","2","0","0","1","0","0","0"
"POINT (13.274095525000064 52.500315408000063)","Unfall 204679 (2018) Kat:2, Licht: 2","204679","2","6","3","08","22","6","0","2","0","1","0","1"
"POINT (13.416963993000024 52.490714385000047)","Unfall 204680 (2018) Kat:3, Licht: 0","204680","3","6","2","08","18","2","0","0","0","1","0","1"
"POINT (13.498688620000053 52.515690379000034)","Unfall 204681 (2018) Kat:3, Licht: 2","204681","3","6","0","08","21","6","0","2","1","0","0","0"
"POINT (13.371548721000067 52.554803349000053)","Unfall 204682 (2018) Kat:3, Licht: 2","204682","3","7","1","08","21","6","0","2","0","1","0","0"
"POINT (13.445056069000032 52.452567593000026)","Unfall 204683 (2018) Kat:3, Licht: 0","204683","3","3","5","08","18","2","0","0","1","1","0","0"
"POINT (13.514605065000069 52.468911677000051)","Unfall 204684 (2018) Kat:3, Licht: 0","204684","3","2","2","08","17","2","0","0","0","1","0","0"
"POINT (13.406244227000059 52.532243352000080)","Unfall 204685 (2018) Kat:3, Licht: 2","204685","3","2","2","08","21","6","0","2","1","1","0","0"
"POINT (13.333116925000070 52.487121294000076)","Unfall 204686 (2018) Kat:3, Licht: 0","204686","3","2","5","08","17","2","0","0","1","0","0","0"
"POINT (13.371594003000041 52.492523266000035)","Unfall 204687 (2018) Kat:3, Licht: 0","204687","3","4","6","09","16","2","0","0","1","0","1","0"
"POINT (13.450391216000071 52.486243265000041)","Unfall 204688 (2018) Kat:3, Licht: 0","204688","3","2","5","08","17","2","0","0","0","1","0","1"
"POINT (13.194756070000039 52.545133556000053)","Unfall 204689 (2018) Kat:3, Licht: 2","204689","3","6","0","08","20","6","0","2","0","0","0","1"
"POINT (13.498576047000029 52.410394835000034)","Unfall 204690 (2018) Kat:3, Licht: 0","204690","3","3","5","08","19","6","0","0","1","0","0","0"
"POINT (13.434169423000071 52.443008603000067)","Unfall 204691 (2018) Kat:3, Licht: 0","204691","3","2","5","08","17","2","0","0","1","1","0","0"
"POINT (13.406584894000048 52.498471077000033)","Unfall 204692 (2018) Kat:2, Licht: 0","204692","2","3","5","08","18","6","0","0","1","0","0","1"
"POINT (13.624177916000065 52.511884399000053)","Unfall 204693 (2018) Kat:3, Licht: 0","204693","3","3","5","08","18","6","0","0","1","1","0","0"
"POINT (13.423872570000071 52.500012465000054)","Unfall 204694 (2018) Kat:3, Licht: 0","204694","3","6","2","08","15","2","0","0","1","1","0","0"
"POINT (13.467102336000039 52.509425603000068)","Unfall 204695 (2018) Kat:3, Licht: 0","204695","3","1","0","08","18","2","0","0","0","0","0","1"
"POINT (13.431147196000040 52.485863272000074)","Unfall 204696 (2018) Kat:3, Licht: 0","204696","3","6","2","08","17","6","0","0","0","1","0","0"
"POINT (13.458998516000065 52.529284612000026)","Unfall 204697 (2018) Kat:3, Licht: 0","204697","3","2","5","08","10","6","0","0","1","0","0","0"
"POINT (13.356914256000039 52.600785811000037)","Unfall 204698 (2018) Kat:3, Licht: 1","204698","3","3","5","08","18","2","0","1","0","1","0","0"
"POINT (13.486477148000063 52.496470086000045)","Unfall 204699 (2018) Kat:2, Licht: 1","204699","2","1","8","08","19","2","0","1","0","0","0","1"
"POINT (13.412445314000024 52.391320662000055)","Unfall 204700 (2018) Kat:3, Licht: 0","204700","3","5","1","08","10","6","0","0","1","1","0","0"
"POINT (13.421824734000040 52.524587208000071)","Unfall 204701 (2018) Kat:3, Licht: 0","204701","3","6","0","08","15","2","0","0","0","1","0","0"
"POINT (13.427733335000028 52.420696092000071)","Unfall 204702 (2018) Kat:3, Licht: 0","204702","3","2","2","09","17","2","0","0","1","1","0","0"
"POINT (13.388811761000056 52.499751167000056)","Unfall 204703 (2018) Kat:3, Licht: 0","204703","3","3","5","08","17","2","0","0","1","1","0","0"
"POINT (13.306106828000054 52.497976812000047)","Unfall 204704 (2018) Kat:3, Licht: 0","204704","3","6","0","08","10","6","0","0","0","1","0","0"
"POINT (13.373143019000054 52.557152425000027)","Unfall 204705 (2018) Kat:3, Licht: 0","204705","3","6","2","08","14","1","0","0","1","1","0","0"
"POINT (13.489878948000069 52.467904209000039)","Unfall 204706 (2018) Kat:3, Licht: 0","204706","3","6","2","08","09","6","0","0","0","1","0","0"
"POINT (13.410807329000022 52.582170365000081)","Unfall 204707 (2018) Kat:2, Licht: 0","204707","2","7","5","08","17","2","0","0","0","1","0","1"
"POINT (13.344880907000061 52.481049676000055)","Unfall 204708 (2018) Kat:3, Licht: 0","204708","3","6","2","08","09","6","0","0","0","1","0","0"
"POINT (13.349421445000075 52.542053963000058)","Unfall 204709 (2018) Kat:3, Licht: 0","204709","3","3","5","08","07","2","0","0","0","1","0","0"
"POINT (13.326055934000067 52.561684215000071)","Unfall 204710 (2018) Kat:3, Licht: 0","204710","3","2","5","09","15","2","0","0","0","1","0","1"
"POINT (13.477064300000052 52.522985242000061)","Unfall 204711 (2018) Kat:3, Licht: 0","204711","3","4","6","08","07","2","0","0","0","1","1","0"
"POINT (13.446832169000061 52.498453504000054)","Unfall 204712 (2018) Kat:2, Licht: 0","204712","2","4","6","08","09","6","0","0","1","0","1","0"
"POINT (13.434584609000069 52.482807978000039)","Unfall 204713 (2018) Kat:3, Licht: 0","204713","3","2","5","08","08","2","0","0","1","1","0","0"
"POINT (13.170019112000034 52.522091431000035)","Unfall 204714 (2018) Kat:2, Licht: 0","204714","2","3","5","09","13","2","0","0","1","1","0","0"
"POINT (13.347039276000032 52.543890530000056)","Unfall 204715 (2018) Kat:3, Licht: 0","204715","3","6","3","08","09","6","0","0","1","1","0","0"
"POINT (13.372480471000074 52.507734184000071)","Unfall 204716 (2018) Kat:2, Licht: 2","204716","2","4","6","08","02","2","0","2","0","1","1","0"
"POINT (13.195452280000040 52.533379033000074)","Unfall 204717 (2018) Kat:3, Licht: 0","204717","3","3","5","08","08","2","0","0","0","1","0","0"
"POINT (13.428664320000053 52.518852338000045)","Unfall 204718 (2018) Kat:3, Licht: 0","204718","3","6","3","08","08","6","0","0","0","1","0","0"
"POINT (13.382326695000074 52.504478455000026)","Unfall 204719 (2018) Kat:3, Licht: 0","204719","3","1","0","08","08","2","0","0","0","0","0","1"
"POINT (13.292045293000058 52.590562111000054)","Unfall 204720 (2018) Kat:2, Licht: 0","204720","2","2","5","08","08","6","0","0","0","1","0","1"
"POINT (13.413179196000044 52.547680921000051)","Unfall 204721 (2018) Kat:3, Licht: 0","204721","3","2","2","08","09","2","0","0","1","1","0","0"
"POINT (13.321800212000028 52.506257993000077)","Unfall 204722 (2018) Kat:3, Licht: 0","204722","3","7","5","08","07","6","0","0","0","1","0","1"
"POINT (13.495205588000033 52.504832501000067)","Unfall 204723 (2018) Kat:3, Licht: 0","204723","3","3","5","08","07","6","0","0","1","0","0","0"
"POINT (13.399043305000077 52.532386487000053)","Unfall 204724 (2018) Kat:3, Licht: 0","204724","3","6","3","08","11","2","0","0","0","1","0","1"
"POINT (13.405444821000060 52.496890168000050)","Unfall 204725 (2018) Kat:3, Licht: 0","204725","3","6","0","08","11","2","0","0","1","0","0","0"
"POINT (13.428992962000052 52.486474745000066)","Unfall 204726 (2018) Kat:3, Licht: 0","204726","3","2","5","08","12","2","0","0","1","1","0","0"
"POINT (13.569148251000058 52.442690347000052)","Unfall 204727 (2018) Kat:3, Licht: 0","204727","3","3","5","08","07","6","0","0","0","1","0","1"
"POINT (13.289629774000048 52.458069890000047)","Unfall 204728 (2018) Kat:3, Licht: 0","204728","3","4","6","08","13","2","0","0","0","1","1","0"
"POINT (13.543800217000069 52.564107790000037)","Unfall 204729 (2018) Kat:3, Licht: 1","204729","3","6","0","08","06","6","0","1","0","0","0","1"
"POINT (13.298844821000046 52.507662032000042)","Unfall 204730 (2018) Kat:3, Licht: 0","204730","3","2","5","08","09","2","0","0","0","1","0","1"
"POINT (13.469421567000040 52.542620123000063)","Unfall 204731 (2018) Kat:3, Licht: 1","204731","3","2","5","08","05","6","0","1","1","1","0","0"
"POINT (13.422608972000035 52.544553901000029)","Unfall 204732 (2018) Kat:2, Licht: 0","204732","2","3","5","08","08","6","0","0","1","0","0","0"
"POINT (13.268797206000045 52.511383887000079)","Unfall 204733 (2018) Kat:3, Licht: 0","204733","3","2","5","08","18","2","0","0","0","1","0","0"
"POINT (13.413068207000038 52.394428530000027)","Unfall 204734 (2018) Kat:2, Licht: 0","204734","2","2","5","08","11","6","0","0","1","1","0","0"
"POINT (13.328547012000058 52.428773337000052)","Unfall 204735 (2018) Kat:3, Licht: 0","204735","3","1","0","08","11","6","0","0","0","0","0","1"
"POINT (13.571570584000028 52.444442398000035)","Unfall 204736 (2018) Kat:3, Licht: 0","204736","3","6","2","08","14","2","0","0","1","1","0","0"
"POINT (13.314274344000069 52.525785002000077)","Unfall 204737 (2018) Kat:3, Licht: 0","204737","3","2","5","08","08","2","0","0","1","1","0","0"
"POINT (13.280666712000027 52.477490632000070)","Unfall 204738 (2018) Kat:3, Licht: 0","204738","3","7","6","08","13","5","0","0","0","1","1","0"
"POINT (13.523877361000075 52.453022564000037)","Unfall 204739 (2018) Kat:3, Licht: 0","204739","3","3","5","08","15","2","0","0","0","1","0","1"
"POINT (13.507373381000036 52.438331463000054)","Unfall 204740 (2018) Kat:3, Licht: 0","204740","3","2","2","08","15","2","0","0","1","1","0","0"
"POINT (13.158006355000055 52.561575667000056)","Unfall 204741 (2018) Kat:3, Licht: 0","204741","3","5","5","08","09","5","1","0","0","1","0","1"
"POINT (13.282646294000074 52.518471350000027)","Unfall 204742 (2018) Kat:3, Licht: 0","204742","3","6","2","08","09","5","1","0","0","1","0","0"
"POINT (13.520591216000071 52.568818924000027)","Unfall 204743 (2018) Kat:3, Licht: 0","204743","3","2","6","08","15","2","0","0","0","1","1","0"
"POINT (13.365653133000023 52.562895567000055)","Unfall 204744 (2018) Kat:3, Licht: 0","204744","3","6","3","08","10","5","1","0","0","1","0","0"
"POINT (13.380830808000042 52.516379210000082)","Unfall 204745 (2018) Kat:3, Licht: 0","204745","3","2","5","08","10","5","1","0","1","1","0","0"
"POINT (13.393372811000063 52.526395522000030)","Unfall 204746 (2018) Kat:3, Licht: 0","204746","3","3","5","08","15","2","0","0","0","1","0","0"
"POINT (13.508231163000062 52.450365742000031)","Unfall 204747 (2018) Kat:3, Licht: 0","204747","3","3","5","08","15","2","0","0","0","1","0","1"
"POINT (13.534560696000028 52.460583551000070)","Unfall 204748 (2018) Kat:3, Licht: 0","204748","3","3","5","08","11","5","1","0","1","1","0","0"
"POINT (13.317270628000074 52.579794169000081)","Unfall 204749 (2018) Kat:3, Licht: 0","204749","3","6","2","08","16","2","0","0","0","1","0","0"
"POINT (13.377804582000067 52.510831470000028)","Unfall 204750 (2018) Kat:3, Licht: 0","204750","3","7","5","08","14","2","0","0","0","1","0","0"
"POINT (13.421248684000034 52.509748074000072)","Unfall 204751 (2018) Kat:3, Licht: 0","204751","3","2","5","08","11","5","1","0","1","0","0","0"
"POINT (13.224191200000064 52.591517594000038)","Unfall 204752 (2018) Kat:2, Licht: 0","204752","2","6","4","08","10","2","0","0","0","1","0","0"
"POINT (13.285282635000044 52.479574270000057)","Unfall 204753 (2018) Kat:3, Licht: 0","204753","3","2","5","08","11","5","1","0","0","1","0","0"
"POINT (13.415022014000044 52.572268376000068)","Unfall 204754 (2018) Kat:3, Licht: 0","204754","3","1","0","08","11","2","1","0","0","0","0","1"
"POINT (13.298397680000051 52.471529745000055)","Unfall 204755 (2018) Kat:3, Licht: 1","204755","3","1","0","08","05","2","0","1","0","0","0","1"
"POINT (13.332383767000067 52.505200932000037)","Unfall 204756 (2018) Kat:3, Licht: 0","204756","3","6","3","08","09","5","0","0","1","0","0","0"
"POINT (13.344052221000027 52.464833611000074)","Unfall 204757 (2018) Kat:3, Licht: 0","204757","3","7","5","08","12","5","1","0","1","1","0","0"
"POINT (13.593335662000072 52.441397899000037)","Unfall 204758 (2018) Kat:3, Licht: 0","204758","3","1","0","08","17","2","0","0","0","0","0","1"
"POINT (13.385783931000049 52.391419176000056)","Unfall 204759 (2018) Kat:3, Licht: 0","204759","3","3","5","08","14","5","0","0","0","1","0","0"
"POINT (13.404117834000033 52.393847185000027)","Unfall 204760 (2018) Kat:3, Licht: 0","204760","3","3","5","08","09","5","0","0","1","1","0","0"
"POINT (13.287660806000076 52.518866476000028)","Unfall 204761 (2018) Kat:3, Licht: 0","204761","3","6","2","08","14","1","0","0","0","1","0","0"
"POINT (13.369904109000061 52.542880845000070)","Unfall 204762 (2018) Kat:3, Licht: 0","204762","3","2","5","08","18","1","0","0","1","1","0","0"
"POINT (13.336261291000028 52.595676796000078)","Unfall 204763 (2018) Kat:3, Licht: 0","204763","3","6","2","08","09","5","1","0","0","1","0","0"
"POINT (13.431274637000058 52.498519178000038)","Unfall 204764 (2018) Kat:3, Licht: 0","204764","3","4","6","08","10","1","0","0","0","1","1","0"
"POINT (13.444503543000053 52.501002798000059)","Unfall 204765 (2018) Kat:3, Licht: 0","204765","3","2","5","08","09","5","1","0","1","1","0","0"
"POINT (13.329006403000051 52.465592784000080)","Unfall 204766 (2018) Kat:3, Licht: 0","204766","3","7","6","08","12","1","0","0","0","0","1","1"
"POINT (13.319003585000075 52.576066510000032)","Unfall 204767 (2018) Kat:2, Licht: 0","204767","2","2","5","09","17","5","0","0","1","1","0","0"
"POINT (13.494554039000036 52.432002486000044)","Unfall 204768 (2018) Kat:2, Licht: 2","204768","2","6","2","09","06","3","0","2","0","1","0","1"
"POINT (13.418588657000043 52.501474533000078)","Unfall 204769 (2018) Kat:3, Licht: 0","204769","3","5","1","09","17","5","0","0","1","1","0","0"
"POINT (13.434482153000033 52.446499716000062)","Unfall 204770 (2018) Kat:3, Licht: 0","204770","3","2","5","09","17","5","0","0","1","1","0","0"
"POINT (13.211629109000057 52.538342517000046)","Unfall 204771 (2018) Kat:3, Licht: 1","204771","3","6","3","09","05","3","0","1","0","1","0","1"
"POINT (13.322925820000023 52.449152453000067)","Unfall 204772 (2018) Kat:3, Licht: 0","204772","3","3","5","09","13","3","0","0","1","1","0","0"
"POINT (13.534707650000030 52.489897380000059)","Unfall 204773 (2018) Kat:2, Licht: 0","204773","2","6","2","09","16","5","0","0","0","1","0","0"
"POINT (13.409725479000031 52.582052565000026)","Unfall 204774 (2018) Kat:3, Licht: 2","204774","3","7","5","09","05","3","1","2","0","1","0","1"
"POINT (13.430259122000052 52.620707211000081)","Unfall 204775 (2018) Kat:3, Licht: 0","204775","3","6","2","09","15","5","0","0","0","1","0","0"
"POINT (13.326508763000049 52.532599626000035)","Unfall 204776 (2018) Kat:3, Licht: 0","204776","3","2","6","09","12","3","0","0","0","1","1","0"
"POINT (13.392032285000028 52.497954850000042)","Unfall 204777 (2018) Kat:3, Licht: 0","204777","3","6","3","09","15","5","0","0","1","0","0","0"
"POINT (13.226930843000048 52.584516149000081)","Unfall 204778 (2018) Kat:3, Licht: 0","204778","3","3","5","09","18","5","0","0","0","1","0","0"
"POINT (13.304243694000036 52.503875307000044)","Unfall 204779 (2018) Kat:3, Licht: 0","204779","3","6","2","09","11","3","0","0","0","0","0","1"
"POINT (13.421829800000069 52.562708134000047)","Unfall 204780 (2018) Kat:2, Licht: 0","204780","2","3","5","09","11","3","0","0","1","0","0","0"
"POINT (13.603693425000074 52.546608598000034)","Unfall 204781 (2018) Kat:3, Licht: 0","204781","3","2","5","09","11","3","0","0","1","1","0","0"
"POINT (13.411163896000062 52.523951474000057)","Unfall 204782 (2018) Kat:3, Licht: 0","204782","3","6","2","09","14","5","0","0","0","1","0","1"
"POINT (13.346016852000048 52.496282550000046)","Unfall 204783 (2018) Kat:3, Licht: 0","204783","3","4","0","09","14","5","0","0","0","0","1","0"
"POINT (13.371492413000055 52.560645617000034)","Unfall 204784 (2018) Kat:3, Licht: 0","204784","3","3","5","09","09","3","0","0","0","1","0","0"
"POINT (13.491350952000062 52.637740837000081)","Unfall 204785 (2018) Kat:3, Licht: 0","204785","3","3","5","09","09","3","0","0","1","1","0","0"
"POINT (13.496196990000044 52.534122566000065)","Unfall 204786 (2018) Kat:3, Licht: 0","204786","3","6","2","09","15","3","0","0","0","1","0","0"
"POINT (13.434071972000027 52.555644151000081)","Unfall 204787 (2018) Kat:3, Licht: 0","204787","3","3","5","09","14","5","0","0","0","1","0","1"
"POINT (13.388658227000064 52.504379885000048)","Unfall 204788 (2018) Kat:3, Licht: 0","204788","3","5","1","09","09","3","0","0","0","1","0","0"
"POINT (13.510749778000047 52.464141402000052)","Unfall 204789 (2018) Kat:2, Licht: 0","204789","2","2","5","09","08","3","0","0","1","1","0","0"
"POINT (13.376888137000037 52.511563840000065)","Unfall 204790 (2018) Kat:3, Licht: 0","204790","3","6","3","09","13","5","0","0","1","1","0","0"
"POINT (13.298177272000032 52.498256451000032)","Unfall 204791 (2018) Kat:3, Licht: 0","204791","3","6","2","09","09","3","0","0","0","1","0","0"
"POINT (13.531375267000044 52.405095449000044)","Unfall 204792 (2018) Kat:3, Licht: 0","204792","3","3","5","09","13","5","0","0","0","1","0","0"
"POINT (13.295568304000028 52.506152666000048)","Unfall 204793 (2018) Kat:3, Licht: 0","204793","3","4","6","09","10","5","0","0","0","1","1","0"
"POINT (13.400746651000077 52.565157474000046)","Unfall 204794 (2018) Kat:3, Licht: 0","204794","3","4","6","09","09","3","0","0","0","1","1","0"
"POINT (13.427859104000049 52.518195858000070)","Unfall 204795 (2018) Kat:3, Licht: 0","204795","3","6","2","09","13","3","0","0","0","1","0","0"
"POINT (13.474374524000041 52.504629059000081)","Unfall 204796 (2018) Kat:3, Licht: 0","204796","3","3","5","09","10","5","0","0","1","1","0","0"
"POINT (13.436833407000051 52.529571609000072)","Unfall 204797 (2018) Kat:3, Licht: 0","204797","3","3","5","09","13","3","0","0","0","1","0","1"
"POINT (13.353337616000033 52.441535936000037)","Unfall 204798 (2018) Kat:3, Licht: 0","204798","3","7","5","09","17","2","0","0","0","1","0","0"
"POINT (13.419404032000045 52.501246835000074)","Unfall 204799 (2018) Kat:3, Licht: 0","204799","3","2","0","09","09","5","0","0","1","1","0","0"
"POINT (13.408477106000078 52.524331255000050)","Unfall 204800 (2018) Kat:3, Licht: 0","204800","3","7","2","09","09","5","0","0","1","1","0","0"
"POINT (13.298508142000060 52.495368029000076)","Unfall 204801 (2018) Kat:3, Licht: 0","204801","3","1","0","09","13","2","0","0","1","1","0","0"
"POINT (13.495882288000075 52.626039101000060)","Unfall 204802 (2018) Kat:3, Licht: 0","204802","3","3","5","09","09","5","0","0","0","1","0","0"
"POINT (13.400388093000061 52.490514526000027)","Unfall 204803 (2018) Kat:3, Licht: 0","204803","3","2","5","09","08","5","0","0","1","1","0","0"
"POINT (13.353283861000023 52.491938974000050)","Unfall 204804 (2018) Kat:3, Licht: 0","204804","3","2","3","09","08","5","0","0","1","0","0","1"
"POINT (13.262624160000030 52.438950808000072)","Unfall 204805 (2018) Kat:3, Licht: 0","204805","3","6","2","09","18","2","0","0","0","1","0","0"
"POINT (13.323063781000030 52.490661074000059)","Unfall 204806 (2018) Kat:3, Licht: 0","204806","3","2","5","09","07","5","0","0","1","1","0","0"
"POINT (13.313809828000046 52.486267251000072)","Unfall 204807 (2018) Kat:3, Licht: 0","204807","3","3","5","09","07","5","0","0","1","0","0","0"
"POINT (13.442263097000023 52.500903277000077)","Unfall 204808 (2018) Kat:3, Licht: 0","204808","3","2","5","09","18","2","0","0","1","1","0","0"
"POINT (13.331589140000062 52.513456711000060)","Unfall 204809 (2018) Kat:3, Licht: 0","204809","3","2","5","09","17","2","0","0","1","1","0","0"
"POINT (13.214564019000022 52.563247798000077)","Unfall 204810 (2018) Kat:3, Licht: 0","204810","3","2","5","09","06","5","0","0","0","1","0","1"
"POINT (13.162775318000058 52.465132988000050)","Unfall 204811 (2018) Kat:3, Licht: 0","204811","3","6","2","09","17","2","0","0","0","1","0","0"
"POINT (13.303853958000047 52.499518373000058)","Unfall 204812 (2018) Kat:3, Licht: 0","204812","3","3","5","09","13","5","0","0","0","1","0","0"
"POINT (13.402631235000058 52.447227103000046)","Unfall 204813 (2018) Kat:3, Licht: 0","204813","3","6","3","09","11","5","0","0","1","0","0","0"
"POINT (13.240516823000064 52.511904229000038)","Unfall 204814 (2018) Kat:3, Licht: 0","204814","3","2","3","09","17","2","0","0","0","1","0","1"
"POINT (13.551754085000027 52.561549403000072)","Unfall 204815 (2018) Kat:3, Licht: 0","204815","3","3","5","09","13","5","0","0","1","1","0","0"
"POINT (13.342784141000038 52.504612097000063)","Unfall 204816 (2018) Kat:3, Licht: 0","204816","3","2","5","09","09","5","0","0","1","1","1","0"
"POINT (13.312782280000022 52.480464887000039)","Unfall 204817 (2018) Kat:2, Licht: 0","204817","2","2","5","09","16","2","0","0","0","1","0","1"
"POINT (13.379109956000036 52.532426646000033)","Unfall 204818 (2018) Kat:2, Licht: 0","204818","2","4","6","09","16","2","0","0","0","1","1","0"
"POINT (13.429470062000064 52.470854973000030)","Unfall 204819 (2018) Kat:3, Licht: 0","204819","3","2","2","09","13","5","0","0","1","1","0","0"