WKT,Name,OBJECTID,UKATEGORIE,UTYP1,UART,UMONAT,USTUNDE,UWOCHENTAG,STRZUSTAND,ULICHTVERH,ISTRAD,ISTPKW,ISTFUSS,ISTKRAD
"POINT (13.369774103000054 52.589395388000071)","Unfall 204820 (2018) Kat:3, Licht: 0","204820","3","3","5","09","15","2","0","0","1","1","0","0"
"POINT (13.390763520000064 52.544914225000070)","Unfall 204821 (2018) Kat:3, Licht: 0","204821","3","6","2","09","15","2","0","0","0","1","0","1"
"POINT (13.314907233000042 52.417312931000026)","Unfall 204822 (2018) Kat:3, Licht: 0","204822","3","6","2","09","14","2","0","0","0","1","0","0"
"POINT (13.303117373000077 52.495856837000076)","Unfall 204823 (2018) Kat:2, Licht: 0","204823","2","2","5","09","09","5","0","0","0","1","0","1"
"POINT (13.571881885000039 52.546305845000063)","Unfall 204824 (2018) Kat:3, Licht: 0","204824","3","2","5","09","14","2","0","0","1","1","0","0"
"POINT (13.272439132000045 52.437242656000080)","Unfall 204825 (2018) Kat:2, Licht: 0","204825","2","2","5","09","13","2","0","0","1","1","0","0"
"POINT (13.392408147000026 52.506881101000033)","Unfall 204826 (2018) Kat:3, Licht: 0","204826","3","3","5","09","08","5","0","0","0","1","0","1"
"POINT (13.527662284000030 52.489315947000080)","Unfall 204827 (2018) Kat:3, Licht: 0","204827","3","6","2","09","08","3","0","0","0","0","0","0"
"POINT (13.447509401000048 52.465371049000055)","Unfall 204828 (2018) Kat:3, Licht: 0","204828","3","1","9","09","08","5","0","0","0","1","0","0"
"POINT (13.442730695000023 52.467791235000050)","Unfall 204829 (2018) Kat:3, Licht: 0","204829","3","6","3","09","12","2","0","0","1","0","0","0"
"POINT (13.445132890000025 52.449455984000053)","Unfall 204830 (2018) Kat:2, Licht: 0","204830","2","3","5","09","07","5","0","0","1","0","0","0"
"POINT (13.602155759000027 52.536087416000044)","Unfall 204831 (2018) Kat:3, Licht: 0","204831","3","3","5","09","13","5","0","0","1","1","0","0"
"POINT (13.214002626000024 52.538379190000057)","Unfall 204832 (2018) Kat:3, Licht: 0","204832","3","2","2","09","12","2","0","0","0","1","0","0"
"POINT (13.321441367000034 52.486415817000079)","Unfall 204833 (2018) Kat:3, Licht: 0","204833","3","6","3","09","12","2","0","0","0","0","0","1"
"POINT (13.442029011000045 52.500925295000059)","Unfall 204834 (2018) Kat:3, Licht: 0","204834","3","6","3","09","14","3","0","0","0","1","0","0"
"POINT (13.375401139000076 52.455557037000062)","Unfall 204835 (2018) Kat:3, Licht: 0","204835","3","2","5","09","12","5","0","0","0","1","0","0"
"POINT (13.425916245000053 52.478158620000045)","Unfall 204836 (2018) Kat:3, Licht: 0","204836","3","4","6","09","11","2","0","0","0","0","1","0"
"POINT (13.328446982000060 52.562430904000053)","Unfall 204837 (2018) Kat:3, Licht: 0","204837","3","2","5","09","08","3","0","0","1","0","0","0"
"POINT (13.254235763000054 52.610315769000067)","Unfall 204838 (2018) Kat:2, Licht: 0","204838","2","7","0","09","12","5","0","0","1","1","0","0"
"POINT (13.416744077000033 52.498782124000059)","Unfall 204839 (2018) Kat:3, Licht: 0","204839","3","6","2","09","14","2","0","0","0","1","0","0"
"POINT (13.270909746000029 52.539554236000072)","Unfall 204840 (2018) Kat:2, Licht: 0","204840","2","3","5","09","12","5","0","0","0","1","0","0"
"POINT (13.434756457000049 52.462050434000048)","Unfall 204841 (2018) Kat:3, Licht: 0","204841","3","6","3","09","12","5","0","0","0","1","0","1"
"POINT (13.340181404000077 52.485643044000028)","Unfall 204842 (2018) Kat:3, Licht: 0","204842","3","7","0","09","16","2","0","0","1","0","0","0"
"POINT (13.316905039000062 52.588257713000075)","Unfall 204843 (2018) Kat:3, Licht: 0","204843","3","2","5","09","15","3","0","0","1","1","0","0"
"POINT (13.157827604000033 52.543047265000041)","Unfall 204844 (2018) Kat:3, Licht: 0","204844","3","2","5","09","11","5","0","0","0","1","0","0"
"POINT (13.339994989000047 52.557334567000055)","Unfall 204845 (2018) Kat:2, Licht: 2","204845","2","4","6","09","20","2","0","2","0","1","1","0"
"POINT (13.497579729000051 52.433532326000034)","Unfall 204846 (2018) Kat:3, Licht: 0","204846","3","6","3","09","11","5","0","0","1","0","0","0"
"POINT (13.377345831000071 52.458829534000074)","Unfall 204847 (2018) Kat:3, Licht: 0","204847","3","3","1","09","11","5","0","0","0","1","0","0"
"POINT (13.507927923000068 52.474707581000075)","Unfall 204848 (2018) Kat:3, Licht: 0","204848","3","6","2","09","10","2","0","0","0","1","0","0"
"POINT (13.310958942000070 52.506380401000058)","Unfall 204849 (2018) Kat:3, Licht: 0","204849","3","2","2","09","11","5","0","0","0","1","0","0"
"POINT (13.313187153000058 52.495837149000067)","Unfall 204850 (2018) Kat:3, Licht: 0","204850","3","3","5","09","10","2","0","0","1","1","0","0"
"POINT (13.315977828000030 52.586692450000044)","Unfall 204851 (2018) Kat:3, Licht: 0","204851","3","6","2","09","10","2","0","0","0","1","0","0"
"POINT (13.441029836000041 52.551636377000079)","Unfall 204852 (2018) Kat:2, Licht: 0","204852","2","1","0","09","14","3","0","0","1","0","0","0"
"POINT (13.223314233000053 52.548792591000051)","Unfall 204853 (2018) Kat:3, Licht: 0","204853","3","6","2","09","10","5","0","0","1","0","0","0"
"POINT (13.196019151000030 52.527344624000079)","Unfall 204854 (2018) Kat:3, Licht: 0","204854","3","3","5","09","09","2","0","0","1","1","0","0"
"POINT (13.274003298000025 52.444215080000049)","Unfall 204855 (2018) Kat:3, Licht: 0","204855","3","7","6","09","07","5","0","0","1","0","1","0"
"POINT (13.398403508000058 52.507260240000051)","Unfall 204856 (2018) Kat:3, Licht: 0","204856","3","6","2","09","09","2","0","0","0","1","0","0"
"POINT (13.385933319000060 52.484313332000056)","Unfall 204857 (2018) Kat:2, Licht: 0","204857","2","6","3","09","15","5","0","0","0","0","0","0"
"POINT (13.534900790000052 52.525764415000026)","Unfall 204858 (2018) Kat:3, Licht: 0","204858","3","7","2","09","07","4","0","0","0","1","0","0"
"POINT (13.377057128000047 52.483249412000077)","Unfall 204859 (2018) Kat:3, Licht: 0","204859","3","6","3","09","09","2","0","0","1","1","0","0"
"POINT (13.282601797000041 52.533884696000030)","Unfall 204860 (2018) Kat:3, Licht: 0","204860","3","2","5","09","16","2","0","0","1","1","0","0"
"POINT (13.285104244000024 52.493464831000040)","Unfall 204861 (2018) Kat:3, Licht: 0","204861","3","6","2","09","11","4","0","0","0","1","0","0"
"POINT (13.575073866000025 52.568412275000071)","Unfall 204862 (2018) Kat:2, Licht: 0","204862","2","4","6","09","09","2","0","0","0","1","1","0"
"POINT (13.568319854000038 52.550783357000057)","Unfall 204863 (2018) Kat:3, Licht: 2","204863","3","2","6","09","22","2","0","2","0","1","1","0"
"POINT (13.383918665000067 52.530810511000027)","Unfall 204864 (2018) Kat:3, Licht: 2","204864","3","7","5","09","21","2","0","2","0","1","0","1"
"POINT (13.386307214000055 52.558757005000075)","Unfall 204865 (2018) Kat:3, Licht: 0","204865","3","2","0","09","18","4","0","0","1","1","0","0"
"POINT (13.401231312000050 52.539733224000031)","Unfall 204866 (2018) Kat:3, Licht: 2","204866","3","6","3","09","20","4","0","2","0","1","0","1"
"POINT (13.381965195000078 52.531444135000072)","Unfall 204867 (2018) Kat:3, Licht: 2","204867","3","2","5","09","21","2","0","2","1","1","0","0"
"POINT (13.280755422000027 52.435461644000043)","Unfall 204868 (2018) Kat:3, Licht: 0","204868","3","6","2","09","18","4","0","0","0","1","0","1"
"POINT (13.550749971000073 52.428931647000070)","Unfall 204869 (2018) Kat:3, Licht: 1","204869","3","2","5","09","20","4","0","1","1","1","0","0"
"POINT (13.335480031000031 52.610935619000031)","Unfall 204870 (2018) Kat:3, Licht: 2","204870","3","7","5","09","20","2","0","2","0","1","0","0"
"POINT (13.518445013000076 52.552627611000048)","Unfall 204871 (2018) Kat:3, Licht: 2","204871","3","6","2","09","19","2","0","2","0","1","0","0"
"POINT (13.299216663000038 52.501920660000053)","Unfall 204872 (2018) Kat:3, Licht: 0","204872","3","5","1","09","19","4","0","0","0","1","0","1"
"POINT (13.562799388000030 52.514208541000073)","Unfall 204873 (2018) Kat:3, Licht: 1","204873","3","3","2","09","19","2","0","1","1","1","0","0"
"POINT (13.385233665000044 52.531265751000035)","Unfall 204874 (2018) Kat:3, Licht: 0","204874","3","3","5","09","09","6","0","0","1","0","0","0"
"POINT (13.236297328000035 52.469451749000029)","Unfall 204875 (2018) Kat:3, Licht: 0","204875","3","2","5","09","16","3","0","0","1","1","0","0"
"POINT (13.303809173000047 52.525684997000042)","Unfall 204876 (2018) Kat:3, Licht: 0","204876","3","3","0","09","19","2","0","0","0","1","0","1"
"POINT (13.210680947000071 52.560344160000056)","Unfall 204877 (2018) Kat:2, Licht: 0","204877","2","7","0","09","18","4","0","0","1","0","0","0"
"POINT (13.380071891000057 52.448190034000049)","Unfall 204878 (2018) Kat:3, Licht: 0","204878","3","5","3","09","18","4","0","0","0","1","0","0"
"POINT (13.419153103000042 52.394755989000032)","Unfall 204879 (2018) Kat:3, Licht: 0","204879","3","4","0","09","19","2","0","0","0","0","1","0"
"POINT (13.324331685000061 52.564925600000038)","Unfall 204880 (2018) Kat:3, Licht: 0","204880","3","2","5","09","17","4","0","0","1","1","0","0"
"POINT (13.297491802000025 52.498126759000058)","Unfall 204881 (2018) Kat:3, Licht: 0","204881","3","6","3","09","09","2","0","0","0","0","0","0"
"POINT (13.401220285000022 52.511130858000058)","Unfall 204882 (2018) Kat:3, Licht: 0","204882","3","3","0","09","17","4","0","0","0","1","0","1"
"POINT (13.345402075000038 52.436586097000031)","Unfall 204883 (2018) Kat:3, Licht: 0","204883","3","6","2","09","17","4","0","0","0","1","0","1"
"POINT (13.359029650000025 52.509879674000047)","Unfall 204884 (2018) Kat:3, Licht: 0","204884","3","3","5","09","08","2","0","0","1","1","0","0"
"POINT (13.452184657000032 52.475647485000081)","Unfall 204885 (2018) Kat:3, Licht: 0","204885","3","6","2","09","13","4","0","0","0","1","0","0"
"POINT (13.505047772000069 52.534536831000082)","Unfall 204886 (2018) Kat:3, Licht: 0","204886","3","6","2","09","16","4","0","0","0","1","0","0"
"POINT (13.315304353000045 52.514731861000030)","Unfall 204887 (2018) Kat:3, Licht: 0","204887","3","2","5","09","08","2","0","0","0","1","0","0"
"POINT (13.546415698000033 52.457061369000030)","Unfall 204888 (2018) Kat:2, Licht: 2","204888","2","1","8","09","21","2","0","2","0","1","0","0"
"POINT (13.285203225000032 52.452472421000039)","Unfall 204889 (2018) Kat:2, Licht: 0","204889","2","6","3","09","16","4","0","0","1","1","0","0"
"POINT (13.389029202000074 52.515778189000059)","Unfall 204890 (2018) Kat:2, Licht: 2","204890","2","1","0","09","21","2","0","2","1","0","0","0"
"POINT (13.375050855000040 52.586989384000049)","Unfall 204891 (2018) Kat:3, Licht: 0","204891","3","7","2","09","08","6","1","0","0","0","0","1"
"POINT (13.455312705000040 52.510087078000026)","Unfall 204892 (2018) Kat:2, Licht: 1","204892","2","1","0","09","20","2","0","1","1","0","0","0"
"POINT (13.373439438000048 52.416376882000066)","Unfall 204893 (2018) Kat:3, Licht: 0","204893","3","3","5","09","16","4","0","0","1","1","0","0"
"POINT (13.369410169000048 52.458405526000035)","Unfall 204894 (2018) Kat:3, Licht: 0","204894","3","1","0","09","13","3","0","0","0","0","0","1"
"POINT (13.495995024000024 52.448891397000068)","Unfall 204895 (2018) Kat:3, Licht: 0","204895","3","6","2","09","16","4","0","0","0","1","0","1"
"POINT (13.531165907000059 52.415463932000080)","Unfall 204896 (2018) Kat:3, Licht: 0","204896","3","2","2","09","08","2","0","0","1","1","0","0"
"POINT (13.385462686000039 52.465735131000031)","Unfall 204897 (2018) Kat:3, Licht: 0","204897","3","3","5","09","16","4","0","0","0","1","0","1"
"POINT (13.256017585000052 52.435842078000064)","Unfall 204898 (2018) Kat:3, Licht: 0","204898","3","2","5","09","07","2","0","0","1","1","0","0"
"POINT (13.476784175000034 52.513329545000033)","Unfall 204899 (2018) Kat:3, Licht: 0","204899","3","2","5","09","14","6","0","0","1","1","0","0"
"POINT (13.347455726000021 52.507063640000069)","Unfall 204900 (2018) Kat:3, Licht: 0","204900","3","4","0","09","07","2","0","0","1","0","1","0"
"POINT (13.377674724000030 52.596544728000026)","Unfall 204901 (2018) Kat:3, Licht: 0","204901","3","3","5","09","13","4","0","0","0","1","0","0"
"POINT (13.562563961000023 52.456610381000075)","Unfall 204902 (2018) Kat:3, Licht: 1","204902","3","2","5","09","05","2","0","1","0","0","0","1"
"POINT (13.340820613000062 52.588261619000036)","Unfall 204903 (2018) Kat:3, Licht: 0","204903","3","6","2","09","09","2","0","0","0","1","0","0"
"POINT (13.276584147000051 52.430222653000044)","Unfall 204904 (2018) Kat:3, Licht: 0","204904","3","3","5","09","13","4","0","0","1","1","0","0"
"POINT (13.195680772000060 52.533539313000063)","Unfall 204905 (2018) Kat:2, Licht: 0","204905","2","7","6","09","16","2","0","0","0","1","1","0"
"POINT (13.418534342000044 52.510462596000082)","Unfall 204906 (2018) Kat:3, Licht: 0","204906","3","6","3","09","08","6","1","0","0","1","0","1"
"POINT (13.346948831000077 52.500893120000057)","Unfall 204907 (2018) Kat:2, Licht: 0","204907","2","2","5","09","10","4","0","0","1","1","0","0"
"POINT (13.408349841000074 52.584315000000061)","Unfall 204908 (2018) Kat:3, Licht: 0","204908","3","3","5","09","14","1","0","0","1","1","0","0"
"POINT (13.376986132000070 52.512420832000032)","Unfall 204909 (2018) Kat:3, Licht: 0","204909","3","2","5","09","10","4","0","0","1","1","0","0"
"POINT (13.279123582000068 52.506713064000053)","Unfall 204910 (2018) Kat:2, Licht: 0","204910","2","4","6","09","15","4","0","0","0","0","1","1"
"POINT (13.435102174000065 52.428745903000049)","Unfall 204911 (2018) Kat:3, Licht: 0","204911","3","6","3","09","15","1","0","0","0","1","0","0"
"POINT (13.141602372000023 52.532457563000037)","Unfall 204912 (2018) Kat:3, Licht: 0","204912","3","2","5","09","14","1","0","0","0","1","0","0"
"POINT (13.311381545000074 52.515982522000058)","Unfall 204913 (2018) Kat:3, Licht: 0","204913","3","6","2","09","13","6","0","0","0","1","0","1"
"POINT (13.479533138000022 52.525989397000046)","Unfall 204914 (2018) Kat:3, Licht: 0","204914","3","7","1","09","14","1","0","0","0","1","0","0"
"POINT (13.453376247000051 52.429376390000073)","Unfall 204915 (2018) Kat:3, Licht: 0","204915","3","6","2","09","14","4","0","0","0","1","0","0"
"POINT (13.387586748000047 52.524349038000082)","Unfall 204916 (2018) Kat:3, Licht: 0","204916","3","5","1","09","12","6","0","0","1","1","0","0"
"POINT (13.372712497000066 52.552813395000044)","Unfall 204917 (2018) Kat:3, Licht: 0","204917","3","5","1","09","10","4","0","0","0","1","0","0"
"POINT (13.282505214000025 52.441098416000045)","Unfall 204918 (2018) Kat:3, Licht: 0","204918","3","5","5","09","14","1","0","0","0","1","0","0"
"POINT (13.383622566000042 52.572703871000044)","Unfall 204919 (2018) Kat:3, Licht: 0","204919","3","3","0","09","15","4","0","0","1","1","0","0"
"POINT (13.452192290000028 52.471100668000076)","Unfall 204920 (2018) Kat:3, Licht: 0","204920","3","2","5","09","15","4","0","0","1","1","0","0"
"POINT (13.197354332000032 52.480114788000037)","Unfall 204921 (2018) Kat:2, Licht: 0","204921","2","2","5","09","13","1","0","0","1","1","0","0"
"POINT (13.452729520000048 52.548814993000065)","Unfall 204922 (2018) Kat:3, Licht: 0","204922","3","4","6","09","14","4","0","0","0","1","1","0"
"POINT (13.457813475000023 52.512766747000057)","Unfall 204923 (2018) Kat:3, Licht: 0","204923","3","3","5","09","13","1","0","0","0","1","0","0"
"POINT (13.384501565000051 52.556362368000066)","Unfall 204924 (2018) Kat:3, Licht: 0","204924","3","4","6","09","14","4","0","0","0","1","1","0"
"POINT (13.329743807000057 52.533087542000032)","Unfall 204925 (2018) Kat:3, Licht: 0","204925","3","3","5","09","14","4","0","0","1","1","0","0"
"POINT (13.197693612000023 52.522986387000060)","Unfall 204926 (2018) Kat:3, Licht: 0","204926","3","2","5","09","11","1","0","0","1","1","0","0"
"POINT (13.372030500000051 52.469839819000072)","Unfall 204927 (2018) Kat:3, Licht: 0","204927","3","2","5","09","10","1","0","0","0","1","0","0"
"POINT (13.427637945000072 52.481129175000035)","Unfall 204928 (2018) Kat:3, Licht: 0","204928","3","3","5","09","14","4","0","0","0","1","0","1"
"POINT (13.236255052000047 52.469459861000075)","Unfall 204929 (2018) Kat:3, Licht: 0","204929","3","3","5","09","10","1","0","0","1","0","0","0"
"POINT (13.383946582000021 52.510439287000054)","Unfall 204930 (2018) Kat:3, Licht: 0","204930","3","5","1","09","08","6","1","0","1","1","0","0"
"POINT (13.562781505000032 52.445861902000047)","Unfall 204931 (2018) Kat:2, Licht: 2","204931","2","2","4","09","21","1","0","2","0","1","0","0"
"POINT (13.311179151000033 52.495053172000041)","Unfall 204932 (2018) Kat:3, Licht: 0","204932","3","5","1","09","10","4","0","0","1","0","0","0"
"POINT (13.408854718000043 52.554808052000055)","Unfall 204933 (2018) Kat:3, Licht: 0","204933","3","5","1","09","09","4","0","0","1","1","0","0"
"POINT (13.360920959000055 52.523848075000046)","Unfall 204934 (2018) Kat:2, Licht: 0","204934","2","1","8","09","07","1","0","0","0","1","0","0"
"POINT (13.501505935000068 52.526323517000037)","Unfall 204935 (2018) Kat:3, Licht: 0","204935","3","3","5","09","09","4","0","0","1","0","0","0"
"POINT (13.409391691000053 52.501922944000057)","Unfall 204936 (2018) Kat:3, Licht: 0","204936","3","5","1","09","08","4","0","0","1","1","0","0"
"POINT (13.350472182000033 52.549493283000061)","Unfall 204937 (2018) Kat:3, Licht: 2","204937","3","7","0","09","21","1","0","2","0","1","0","1"
"POINT (13.545944472000031 52.457069962000048)","Unfall 204938 (2018) Kat:2, Licht: 0","204938","2","1","1","09","06","1","0","0","0","1","0","0"
"POINT (13.274407873000030 52.598837451000065)","Unfall 204939 (2018) Kat:3, Licht: 0","204939","3","1","0","09","08","4","0","0","1","0","0","0"
"POINT (13.401992275000055 52.446818920000055)","Unfall 204940 (2018) Kat:3, Licht: 0","204940","3","2","5","09","07","4","0","0","1","1","0","0"
"POINT (13.258114228000068 52.412096616000042)","Unfall 204941 (2018) Kat:3, Licht: 0","204941","3","2","5","09","18","1","0","0","0","1","0","1"
"POINT (13.340462306000063 52.504108908000035)","Unfall 204942 (2018) Kat:3, Licht: 0","204942","3","5","1","09","17","1","0","0","1","1","0","0"
"POINT (13.258078905000048 52.508308926000041)","Unfall 204943 (2018) Kat:3, Licht: 2","204943","3","2","0","09","05","4","0","2","1","0","0","0"
"POINT (13.430342910000036 52.510648557000081)","Unfall 204944 (2018) Kat:3, Licht: 2","204944","3","1","0","09","01","1","0","2","1","0","0","0"
"POINT (13.392587383000034 52.491791430000035)","Unfall 204945 (2018) Kat:3, Licht: 0","204945","3","3","5","09","08","6","1","0","0","1","0","1"
"POINT (13.400223813000025 52.530965289000051)","Unfall 204946 (2018) Kat:2, Licht: 0","204946","2","1","0","09","11","1","0","0","1","0","0","0"
"POINT (13.418871133000039 52.461038455000050)","Unfall 204947 (2018) Kat:2, Licht: 2","204947","2","3","5","09","00","4","0","2","0","1","0","1"
"POINT (13.426435647000062 52.499382427000057)","Unfall 204948 (2018) Kat:3, Licht: 2","204948","3","2","2","09","21","4","0","2","0","1","0","0"
"POINT (13.415451579000035 52.526591712000027)","Unfall 204949 (2018) Kat:3, Licht: 0","204949","3","6","2","09","16","1","0","0","0","1","0","1"
"POINT (13.427600408000046 52.420896678000076)","Unfall 204950 (2018) Kat:1, Licht: 0","204950","1","2","6","09","10","4","0","0","0","0","1","0"
"POINT (13.330796488000033 52.491124065000065)","Unfall 204951 (2018) Kat:3, Licht: 0","204951","3","4","6","09","17","3","0","0","1","0","1","0"
"POINT (13.380356901000027 52.456044086000077)","Unfall 204952 (2018) Kat:3, Licht: 0","204952","3","6","3","09","15","1","0","0","0","1","0","1"
"POINT (13.428743377000046 52.547773809000034)","Unfall 204953 (2018) Kat:2, Licht: 2","204953","2","2","5","09","20","1","0","2","0","1","0","1"
"POINT (13.368420117000028 52.589693107000073)","Unfall 204954 (2018) Kat:3, Licht: 0","204954","3","3","5","09","16","3","0","0","0","1","0","1"
"POINT (13.525486813000043 52.481653980000033)","Unfall 204955 (2018) Kat:2, Licht: 0","204955","2","1","0","09","17","1","0","0","1","0","0","0"
"POINT (13.424169295000070 52.441628115000071)","Unfall 204956 (2018) Kat:2, Licht: 0","204956","2","2","5","09","08","6","1","0","0","1","0","1"
"POINT (13.407203992000063 52.524780993000036)","Unfall 204957 (2018) Kat:3, Licht: 1","204957","3","4","6","09","20","7","0","1","1","0","1","0"
"POINT (13.446984587000031 52.426918990000047)","Unfall 204958 (2018) Kat:3, Licht: 0","204958","3","2","5","09","15","3","0","0","1","1","0","0"
"POINT (13.232636378000052 52.543009749000078)","Unfall 204959 (2018) Kat:3, Licht: 0","204959","3","1","1","09","13","7","0","0","0","1","0","0"
"POINT (13.621339489000036 52.532052813000064)","Unfall 204960 (2018) Kat:3, Licht: 0","204960","3","3","5","09","07","6","1","0","0","1","0","0"
"POINT (13.416143639000040 52.608116882000047)","Unfall 204961 (2018) Kat:3, Licht: 0","204961","3","7","6","09","12","7","0","0","0","1","1","0"
"POINT (13.572896323000066 52.483788376000064)","Unfall 204962 (2018) Kat:3, Licht: 0","204962","3","3","5","09","15","3","0","0","1","1","0","0"
"POINT (13.281209961000059 52.585489232000043)","Unfall 204963 (2018) Kat:3, Licht: 0","204963","3","2","5","09","15","3","0","0","1","1","0","0"
"POINT (13.453841229000034 52.482549821000077)","Unfall 204964 (2018) Kat:3, Licht: 0","204964","3","3","5","09","13","7","0","0","0","1","0","0"
"POINT (13.376182869000047 52.546214354000028)","Unfall 204965 (2018) Kat:3, Licht: 0","204965","3","4","6","09","15","3","0","0","1","0","1","0"
"POINT (13.385828098000047 52.528340612000079)","Unfall 204966 (2018) Kat:3, Licht: 0","204966","3","1","1","09","14","3","0","0","0","1","0","1"
"POINT (13.439660702000026 52.502260109000076)","Unfall 204967 (2018) Kat:3, Licht: 0","204967","3","5","1","09","12","7","0","0","1","1","0","0"
"POINT (13.320073272000059 52.471291619000056)","Unfall 204968 (2018) Kat:2, Licht: 0","204968","2","5","0","09","07","6","1","0","1","1","0","0"
"POINT (13.346882438000023 52.560706676000052)","Unfall 204969 (2018) Kat:3, Licht: 0","204969","3","2","5","09","11","7","0","0","1","1","0","0"
"POINT (13.276519736000068 52.507203568000079)","Unfall 204970 (2018) Kat:2, Licht: 0","204970","2","6","3","09","14","3","0","0","0","1","0","1"
"POINT (13.506977679000045 52.564049822000072)","Unfall 204971 (2018) Kat:3, Licht: 0","204971","3","2","5","09","11","7","0","0","1","1","0","0"
"POINT (13.344019911000032 52.467138271000067)","Unfall 204972 (2018) Kat:3, Licht: 1","204972","3","3","5","09","06","6","1","1","1","1","0","0"
"POINT (13.294489191000025 52.427012344000048)","Unfall 204973 (2018) Kat:2, Licht: 0","204973","2","3","5","09","15","3","0","0","1","0","0","0"
"POINT (13.264339760000041 52.510956595000039)","Unfall 204974 (2018) Kat:3, Licht: 0","204974","3","2","5","09","13","3","0","0","1","1","0","0"
"POINT (13.261265061000074 52.516108657000075)","Unfall 204975 (2018) Kat:3, Licht: 0","204975","3","6","2","09","11","7","0","0","0","1","0","0"
"POINT (13.292895639000051 52.491426960000069)","Unfall 204976 (2018) Kat:3, Licht: 0","204976","3","5","1","09","13","3","0","0","1","1","0","0"
"POINT (13.401289005000024 52.382134645000065)","Unfall 204977 (2018) Kat:3, Licht: 0","204977","3","2","2","09","13","3","0","0","1","1","0","0"
"POINT (13.365507619000027 52.556820207000044)","Unfall 204978 (2018) Kat:3, Licht: 0","204978","3","2","5","09","11","7","0","0","0","1","0","0"
"POINT (13.292714767000064 52.506703119000065)","Unfall 204979 (2018) Kat:2, Licht: 0","204979","2","3","2","09","11","7","0","0","1","1","0","0"
"POINT (13.448298859000033 52.524137535000079)","Unfall 204980 (2018) Kat:3, Licht: 0","204980","3","7","5","09","16","5","0","0","0","1","0","0"
"POINT (13.571879792000061 52.546792708000055)","Unfall 204981 (2018) Kat:3, Licht: 0","204981","3","6","2","09","13","3","0","0","0","1","0","0"
"POINT (13.364810132000059 52.488269065000054)","Unfall 204982 (2018) Kat:3, Licht: 0","204982","3","7","2","09","10","7","0","0","1","1","0","0"
"POINT (13.366692078000028 52.557238188000042)","Unfall 204983 (2018) Kat:3, Licht: 0","204983","3","2","5","09","12","3","0","0","1","1","0","0"
"POINT (13.332782556000041 52.478599439000050)","Unfall 204984 (2018) Kat:3, Licht: 1","204984","3","4","2","09","06","7","0","1","0","1","1","1"
"POINT (13.559136156000022 52.448403140000039)","Unfall 204985 (2018) Kat:3, Licht: 0","204985","3","2","2","09","13","5","0","0","0","1","0","0"
"POINT (13.656836672000054 52.415163594000035)","Unfall 204986 (2018) Kat:3, Licht: 0","204986","3","1","9","09","10","7","0","0","0","1","0","0"
"POINT (13.306745969000076 52.433893480000052)","Unfall 204987 (2018) Kat:3, Licht: 0","204987","3","6","2","09","12","3","0","0","0","1","0","0"
"POINT (13.577867353000045 52.461194633000048)","Unfall 204988 (2018) Kat:2, Licht: 0","204988","2","6","4","09","18","7","0","0","0","1","0","0"
"POINT (13.293125670000052 52.608508223000058)","Unfall 204989 (2018) Kat:3, Licht: 0","204989","3","1","9","09","14","5","0","0","0","1","0","0"
"POINT (13.362261187000058 52.505461505000028)","Unfall 204990 (2018) Kat:3, Licht: 0","204990","3","2","5","09","12","3","0","0","1","1","0","0"
"POINT (13.393053665000025 52.564357703000042)","Unfall 204991 (2018) Kat:3, Licht: 0","204991","3","4","6","09","18","7","0","0","0","0","1","0"
"POINT (13.400148840000043 52.459132578000037)","Unfall 204992 (2018) Kat:3, Licht: 0","204992","3","2","5","09","14","3","0","0","0","1","0","0"
"POINT (13.306950305000043 52.500558483000077)","Unfall 204993 (2018) Kat:3, Licht: 0","204993","3","6","3","09","16","3","0","0","0","1","0","1"
"POINT (13.170562390000043 52.518430795000029)","Unfall 204994 (2018) Kat:3, Licht: 0","204994","3","6","2","09","10","3","0","0","0","1","0","0"
"POINT (13.331286149000050 52.453120069000079)","Unfall 204995 (2018) Kat:3, Licht: 0","204995","3","2","5","09","18","7","0","0","0","1","0","0"
"POINT (13.349790157000029 52.503199355000049)","Unfall 204996 (2018) Kat:3, Licht: 0","204996","3","2","5","09","18","7","0","0","0","1","0","0"
"POINT (13.308209248000026 52.518328326000074)","Unfall 204997 (2018) Kat:3, Licht: 0","204997","3","4","6","09","09","3","0","0","0","0","1","1"
"POINT (13.399819628000046 52.535460330000035)","Unfall 204998 (2018) Kat:3, Licht: 0","204998","3","7","5","09","17","7","0","0","0","1","0","1"
"POINT (13.323685274000070 52.493612643000063)","Unfall 204999 (2018) Kat:3, Licht: 0","204999","3","2","5","09","16","7","0","0","1","1","0","0"
"POINT (13.345059719000062 52.500408934000063)","Unfall 205000 (2018) Kat:3, Licht: 0","205000","3","1","0","09","09","3","0","0","0","1","0","1"
"POINT (13.420823577000021 52.548780977000035)","Unfall 205001 (2018) Kat:2, Licht: 2","205001","2","3","5","09","22","3","0","2","1","1","0","0"
"POINT (13.415243537000038 52.498587662000034)","Unfall 205002 (2018) Kat:3, Licht: 0","205002","3","6","2","09","16","7","0","0","1","1","0","0"
"POINT (13.414962077000041 52.421174881000070)","Unfall 205003 (2018) Kat:3, Licht: 2","205003","3","3","5","09","21","3","0","2","1","0","0","0"
"POINT (13.444535789000042 52.467990029000077)","Unfall 205004 (2018) Kat:3, Licht: 0","205004","3","4","6","09","16","5","0","0","1","0","1","0"
"POINT (13.371476164000057 52.560645282000053)","Unfall 205005 (2018) Kat:3, Licht: 1","205005","3","3","5","09","20","3","0","1","0","1","0","1"