WKT,Name,OBJECTID,UKATEGORIE,UTYP1,UART,UMONAT,USTUNDE,UWOCHENTAG,STRZUSTAND,ULICHTVERH,ISTRAD,ISTPKW,ISTFUSS,ISTKRAD
"POINT (13.438396395000041 52.497330547000047)","Unfall 205006 (2018) Kat:3, Licht: 0","205006","3","3","5","09","15","7","0","0","1","1","0","0"
"POINT (13.437627363000047 52.478842493000059)","Unfall 205007 (2018) Kat:3, Licht: 0","205007","3","7","6","09","19","3","0","0","0","1","1","0"
"POINT (13.210839312000076 52.527465165000081)","Unfall 205008 (2018) Kat:3, Licht: 0","205008","3","6","2","09","09","3","0","0","0","1","0","0"
"POINT (13.270251729000051 52.497216754000078)","Unfall 205009 (2018) Kat:2, Licht: 0","205009","2","1","0","09","15","7","0","0","1","0","0","0"
"POINT (13.396625158000063 52.537456118000080)","Unfall 205010 (2018) Kat:3, Licht: 0","205010","3","3","5","09","15","7","0","0","1","0","0","1"
"POINT (13.378314234000072 52.529179964000036)","Unfall 205011 (2018) Kat:3, Licht: 0","205011","3","2","5","09","19","3","0","0","1","1","0","0"
"POINT (13.450762165000071 52.472446887000046)","Unfall 205012 (2018) Kat:3, Licht: 0","205012","3","4","6","09","13","7","0","0","0","0","1","0"
"POINT (13.335262342000021 52.472182385000053)","Unfall 205013 (2018) Kat:3, Licht: 2","205013","3","7","6","09","20","5","0","2","1","0","1","0"
"POINT (13.310057529000062 52.507863118000046)","Unfall 205014 (2018) Kat:3, Licht: 0","205014","3","5","1","09","15","7","0","0","1","1","0","0"
"POINT (13.415916547000052 52.488025003000075)","Unfall 205015 (2018) Kat:3, Licht: 2","205015","3","2","5","09","00","3","0","2","1","1","0","0"
"POINT (13.500155273000075 52.561695860000043)","Unfall 205016 (2018) Kat:3, Licht: 0","205016","3","3","5","09","09","3","0","0","1","1","0","0"
"POINT (13.352471436000030 52.434772679000048)","Unfall 205017 (2018) Kat:2, Licht: 2","205017","2","6","0","09","21","7","0","2","1","1","0","0"
"POINT (13.476030006000030 52.533002972000077)","Unfall 205018 (2018) Kat:2, Licht: 0","205018","2","3","0","09","09","3","0","0","0","1","0","1"
"POINT (13.607058382000048 52.538936967000041)","Unfall 205019 (2018) Kat:2, Licht: 0","205019","2","4","6","09","18","3","0","0","0","1","1","0"
"POINT (13.574353477000045 52.567452112000069)","Unfall 205020 (2018) Kat:3, Licht: 2","205020","3","2","5","09","22","7","0","2","0","1","0","0"
"POINT (13.423308862000056 52.520176164000077)","Unfall 205021 (2018) Kat:2, Licht: 2","205021","2","6","2","09","21","7","0","2","1","1","0","0"
"POINT (13.391236377000041 52.550294935000068)","Unfall 205022 (2018) Kat:2, Licht: 0","205022","2","3","5","09","09","3","0","0","1","0","0","0"
"POINT (13.308399660000077 52.583419919000050)","Unfall 205023 (2018) Kat:2, Licht: 0","205023","2","2","5","09","09","3","0","0","1","0","0","0"
"POINT (13.314138747000072 52.424445241000058)","Unfall 205024 (2018) Kat:3, Licht: 2","205024","3","7","5","09","19","7","0","2","0","1","0","1"
"POINT (13.345273551000048 52.492082313000026)","Unfall 205025 (2018) Kat:3, Licht: 0","205025","3","6","2","09","19","7","0","0","0","1","0","1"
"POINT (13.441072679000058 52.549371501000053)","Unfall 205026 (2018) Kat:3, Licht: 0","205026","3","1","0","09","08","3","0","0","0","0","0","1"
"POINT (13.208365866000065 52.561919260000082)","Unfall 205027 (2018) Kat:3, Licht: 0","205027","3","3","5","09","13","7","0","0","1","1","0","0"
"POINT (13.507127490000073 52.496814959000062)","Unfall 205028 (2018) Kat:3, Licht: 1","205028","3","2","5","09","19","5","0","1","1","1","0","0"
"POINT (13.312977326000066 52.480303168000034)","Unfall 205029 (2018) Kat:3, Licht: 0","205029","3","2","0","09","13","7","0","0","1","1","0","0"
"POINT (13.377514802000064 52.491907627000046)","Unfall 205030 (2018) Kat:3, Licht: 0","205030","3","6","2","09","08","3","0","0","0","1","0","1"
"POINT (13.399194605000048 52.464642185000059)","Unfall 205031 (2018) Kat:3, Licht: 0","205031","3","7","5","09","06","3","0","0","0","1","0","0"
"POINT (13.459234637000066 52.525897760000078)","Unfall 205032 (2018) Kat:3, Licht: 0","205032","3","6","2","09","08","3","0","0","0","1","0","0"
"POINT (13.395660543000076 52.498982856000055)","Unfall 205033 (2018) Kat:3, Licht: 2","205033","3","7","5","09","01","7","0","2","0","1","0","0"
"POINT (13.464736688000073 52.514604317000078)","Unfall 205034 (2018) Kat:3, Licht: 1","205034","3","6","2","09","18","3","0","1","0","1","0","1"
"POINT (13.411482770000077 52.540199061000067)","Unfall 205035 (2018) Kat:1, Licht: 1","205035","1","7","0","09","20","7","0","1","1","0","0","0"
"POINT (13.303796910000074 52.459123510000040)","Unfall 205036 (2018) Kat:2, Licht: 0","205036","2","2","5","09","19","5","0","0","1","1","0","0"
"POINT (13.327383696000027 52.564158399000064)","Unfall 205037 (2018) Kat:3, Licht: 2","205037","3","6","2","09","23","6","1","2","0","1","0","0"
"POINT (13.559215589000075 52.447636947000035)","Unfall 205038 (2018) Kat:3, Licht: 1","205038","3","6","2","09","18","3","0","1","0","1","0","1"
"POINT (13.202689230000033 52.536831602000063)","Unfall 205039 (2018) Kat:3, Licht: 1","205039","3","7","6","09","20","6","0","1","0","0","1","0"
"POINT (13.499273456000026 52.630613160000053)","Unfall 205040 (2018) Kat:3, Licht: 0","205040","3","3","5","09","18","5","0","0","1","1","0","0"
"POINT (13.345158273000038 52.488983555000061)","Unfall 205041 (2018) Kat:3, Licht: 1","205041","3","2","5","09","18","3","0","1","1","1","0","0"
"POINT (13.417344244000049 52.487711825000076)","Unfall 205042 (2018) Kat:3, Licht: 2","205042","3","5","1","09","20","6","0","2","1","1","0","0"
"POINT (13.418148121000058 52.515568192000046)","Unfall 205043 (2018) Kat:3, Licht: 2","205043","3","2","5","09","22","6","0","2","0","1","0","0"
"POINT (13.267584381000063 52.407617644000027)","Unfall 205044 (2018) Kat:3, Licht: 0","205044","3","1","0","09","08","3","0","0","1","0","0","0"
"POINT (13.528799551000077 52.556565834000082)","Unfall 205045 (2018) Kat:3, Licht: 0","205045","3","3","0","09","07","6","1","0","0","0","0","1"
"POINT (13.307134631000054 52.500083109000059)","Unfall 205046 (2018) Kat:3, Licht: 0","205046","3","2","5","09","18","3","0","0","0","1","0","0"
"POINT (13.319763695000063 52.457228467000050)","Unfall 205047 (2018) Kat:2, Licht: 2","205047","2","7","6","09","19","6","0","2","0","1","1","0"
"POINT (13.550830226000073 52.429078897000068)","Unfall 205048 (2018) Kat:3, Licht: 0","205048","3","6","2","09","18","3","0","0","0","1","0","0"
"POINT (13.121940524000024 52.451475940000080)","Unfall 205049 (2018) Kat:3, Licht: 0","205049","3","2","4","09","07","3","0","0","1","1","0","0"
"POINT (13.448143779000077 52.468372861000034)","Unfall 205050 (2018) Kat:3, Licht: 1","205050","3","6","3","09","19","6","0","1","1","0","0","1"
"POINT (13.188872064000066 52.521541105000040)","Unfall 205051 (2018) Kat:3, Licht: 0","205051","3","2","5","09","19","6","0","0","1","1","0","0"
"POINT (13.429620202000024 52.523278661000063)","Unfall 205052 (2018) Kat:3, Licht: 0","205052","3","3","5","09","18","6","0","0","1","1","0","0"
"POINT (13.162020254000026 52.522963416000039)","Unfall 205053 (2018) Kat:3, Licht: 0","205053","3","3","5","09","17","3","0","0","1","1","0","0"
"POINT (13.386270516000025 52.549584337000056)","Unfall 205054 (2018) Kat:3, Licht: 0","205054","3","4","2","09","18","6","0","0","0","1","1","1"
"POINT (13.545299378000038 52.399104863000048)","Unfall 205055 (2018) Kat:3, Licht: 0","205055","3","6","2","09","07","3","0","0","0","1","0","0"
"POINT (13.402706180000052 52.593157267000038)","Unfall 205056 (2018) Kat:2, Licht: 0","205056","2","3","5","09","18","6","0","0","0","1","0","1"
"POINT (13.355143331000022 52.501780806000056)","Unfall 205057 (2018) Kat:3, Licht: 0","205057","3","6","3","09","17","3","0","0","0","1","0","1"
"POINT (13.310182837000070 52.567961216000072)","Unfall 205058 (2018) Kat:3, Licht: 0","205058","3","6","2","09","17","3","0","0","0","1","0","0"
"POINT (13.345856835000063 52.501325785000063)","Unfall 205059 (2018) Kat:3, Licht: 0","205059","3","2","5","09","18","6","0","0","0","1","0","1"
"POINT (13.495712502000060 52.417702024000050)","Unfall 205060 (2018) Kat:3, Licht: 0","205060","3","4","6","09","16","3","0","0","0","1","1","0"
"POINT (13.554019787000072 52.455953349000026)","Unfall 205061 (2018) Kat:3, Licht: 0","205061","3","6","2","09","16","3","0","0","0","1","0","0"
"POINT (13.354440414000067 52.551528299000040)","Unfall 205062 (2018) Kat:3, Licht: 0","205062","3","5","1","09","17","6","0","0","1","1","0","0"
"POINT (13.565134437000040 52.445371466000040)","Unfall 205063 (2018) Kat:3, Licht: 0","205063","3","5","1","09","15","6","0","0","1","0","0","0"
"POINT (13.333930572000043 52.524488035000047)","Unfall 205064 (2018) Kat:3, Licht: 0","205064","3","2","2","09","16","3","0","0","1","1","0","0"
"POINT (13.264706355000044 52.508788868000067)","Unfall 205065 (2018) Kat:3, Licht: 0","205065","3","1","0","09","15","6","0","0","0","0","0","1"
"POINT (13.281373042000041 52.500976132000062)","Unfall 205066 (2018) Kat:3, Licht: 0","205066","3","6","3","09","14","6","0","0","0","1","0","0"
"POINT (13.306767261000061 52.428928660000054)","Unfall 205067 (2018) Kat:3, Licht: 2","205067","3","3","5","09","00","3","0","2","0","1","0","0"
"POINT (13.433549355000025 52.444163783000079)","Unfall 205068 (2018) Kat:3, Licht: 0","205068","3","1","0","09","18","3","0","0","0","0","0","1"
"POINT (13.335421888000042 52.471539754000048)","Unfall 205069 (2018) Kat:3, Licht: 0","205069","3","6","2","09","14","6","0","0","0","1","0","0"
"POINT (13.314803365000046 52.506308870000055)","Unfall 205070 (2018) Kat:3, Licht: 2","205070","3","7","5","09","00","3","0","2","0","1","0","0"
"POINT (13.332325805000039 52.506299252000076)","Unfall 205071 (2018) Kat:3, Licht: 2","205071","3","3","5","09","23","3","0","2","0","1","0","0"
"POINT (13.359794349000026 52.523465178000038)","Unfall 205072 (2018) Kat:3, Licht: 0","205072","3","3","5","09","14","6","0","0","0","1","0","0"
"POINT (13.550003530000026 52.568888675000039)","Unfall 205073 (2018) Kat:3, Licht: 0","205073","3","7","6","09","13","6","0","0","0","0","1","0"
"POINT (13.415155932000062 52.495337366000058)","Unfall 205074 (2018) Kat:3, Licht: 2","205074","3","7","6","09","22","3","0","2","0","1","1","0"
"POINT (13.418332985000063 52.515593723000052)","Unfall 205075 (2018) Kat:3, Licht: 2","205075","3","3","5","09","01","6","0","2","1","1","0","0"
"POINT (13.296148388000063 52.610650905000057)","Unfall 205076 (2018) Kat:2, Licht: 0","205076","2","7","1","09","15","3","0","0","0","1","0","1"
"POINT (13.322392954000065 52.486374231000070)","Unfall 205077 (2018) Kat:3, Licht: 0","205077","3","2","5","09","09","6","1","0","1","0","0","0"
"POINT (13.454816595000068 52.434719056000063)","Unfall 205078 (2018) Kat:3, Licht: 0","205078","3","2","5","09","13","3","0","0","1","1","0","0"
"POINT (13.332050553000045 52.563369011000077)","Unfall 205079 (2018) Kat:3, Licht: 0","205079","3","1","0","09","09","6","1","0","0","0","1","1"
"POINT (13.297563987000046 52.617281709000054)","Unfall 205080 (2018) Kat:3, Licht: 0","205080","3","3","5","09","06","3","0","0","1","1","0","0"
"POINT (13.254957569000055 52.427716987000053)","Unfall 205081 (2018) Kat:3, Licht: 0","205081","3","1","2","09","07","6","1","0","0","1","0","0"
"POINT (13.335456245000046 52.526804333000030)","Unfall 205082 (2018) Kat:2, Licht: 0","205082","2","2","5","09","09","6","0","0","1","0","0","1"
"POINT (13.501776290000066 52.498215268000081)","Unfall 205083 (2018) Kat:3, Licht: 1","205083","3","3","5","09","19","2","0","1","1","1","0","0"
"POINT (13.308264610000037 52.496185507000064)","Unfall 205084 (2018) Kat:3, Licht: 0","205084","3","2","5","09","17","2","0","0","0","1","0","0"
"POINT (13.326607845000069 52.562288877000071)","Unfall 205085 (2018) Kat:3, Licht: 0","205085","3","6","2","09","09","6","1","0","0","1","0","0"
"POINT (13.406957928000054 52.415846028000033)","Unfall 205086 (2018) Kat:3, Licht: 0","205086","3","2","5","09","16","2","0","0","0","1","0","0"
"POINT (13.381499362000056 52.458444610000072)","Unfall 205087 (2018) Kat:3, Licht: 0","205087","3","2","0","09","17","2","0","0","0","1","1","0"
"POINT (13.327522710000039 52.505476309000073)","Unfall 205088 (2018) Kat:3, Licht: 0","205088","3","6","2","09","09","6","1","0","0","1","0","0"
"POINT (13.274233205000030 52.510345127000051)","Unfall 205089 (2018) Kat:3, Licht: 0","205089","3","7","2","09","09","6","1","0","0","1","0","1"
"POINT (13.440852677000066 52.579299786000036)","Unfall 205090 (2018) Kat:3, Licht: 0","205090","3","6","2","09","17","2","0","0","0","1","0","0"
"POINT (13.471385518000034 52.526268399000060)","Unfall 205091 (2018) Kat:3, Licht: 0","205091","3","6","2","09","09","6","1","0","1","1","0","0"
"POINT (13.444681080000066 52.468005198000071)","Unfall 205092 (2018) Kat:3, Licht: 0","205092","3","2","5","09","17","2","0","0","1","1","0","0"
"POINT (13.332753768000032 52.478693407000037)","Unfall 205093 (2018) Kat:3, Licht: 2","205093","3","7","5","09","20","4","0","2","1","1","0","0"
"POINT (13.357505133000075 52.448494946000039)","Unfall 205094 (2018) Kat:3, Licht: 2","205094","3","2","2","09","00","7","0","2","0","1","0","0"
"POINT (13.477872656000045 52.516474455000036)","Unfall 205095 (2018) Kat:2, Licht: 0","205095","2","1","0","09","13","4","0","0","0","0","0","1"
"POINT (13.218304614000033 52.519898392000073)","Unfall 205096 (2018) Kat:2, Licht: 0","205096","2","1","9","09","10","6","0","0","0","0","0","0"
"POINT (13.346771294000064 52.568570132000048)","Unfall 205097 (2018) Kat:3, Licht: 2","205097","3","2","5","09","19","4","0","2","1","1","0","0"
"POINT (13.377606017000062 52.475632275000066)","Unfall 205098 (2018) Kat:3, Licht: 2","205098","3","3","5","09","23","7","1","2","0","1","0","0"
"POINT (13.371321578000050 52.520912399000053)","Unfall 205099 (2018) Kat:3, Licht: 2","205099","3","4","6","09","20","7","0","2","0","0","1","1"
"POINT (13.401531651000028 52.569120533000046)","Unfall 205100 (2018) Kat:3, Licht: 1","205100","3","3","0","09","19","4","0","1","1","1","0","0"
"POINT (13.371588339000027 52.553996567000070)","Unfall 205101 (2018) Kat:2, Licht: 1","205101","2","2","5","09","19","7","0","1","0","1","0","0"
"POINT (13.417260966000072 52.553297514000064)","Unfall 205102 (2018) Kat:3, Licht: 0","205102","3","5","1","09","17","4","0","0","1","1","0","0"
"POINT (13.438757377000059 52.505721816000062)","Unfall 205103 (2018) Kat:3, Licht: 0","205103","3","6","2","09","19","7","0","0","1","1","0","0"
"POINT (13.430012203000047 52.510210044000075)","Unfall 205104 (2018) Kat:3, Licht: 0","205104","3","2","3","09","17","4","0","0","1","1","0","0"
"POINT (13.321013138000069 52.528211018000036)","Unfall 205105 (2018) Kat:3, Licht: 0","205105","3","6","2","09","13","4","0","0","0","1","0","1"
"POINT (13.285233341000037 52.479481410000062)","Unfall 205106 (2018) Kat:3, Licht: 0","205106","3","2","5","09","17","7","0","0","1","1","0","0"
"POINT (13.395944311000051 52.519933598000080)","Unfall 205107 (2018) Kat:2, Licht: 2","205107","2","1","0","09","20","5","0","2","1","0","0","0"
"POINT (13.385933319000060 52.484313332000056)","Unfall 205108 (2018) Kat:3, Licht: 0","205108","3","2","2","09","15","7","0","0","0","1","0","0"
"POINT (13.426883668000073 52.564326301000051)","Unfall 205109 (2018) Kat:3, Licht: 0","205109","3","3","5","09","13","7","0","0","1","1","0","0"
"POINT (13.441084541000066 52.549557986000082)","Unfall 205110 (2018) Kat:3, Licht: 0","205110","3","2","5","09","11","4","0","0","1","1","0","0"
"POINT (13.467389698000034 52.548153035000041)","Unfall 205111 (2018) Kat:3, Licht: 1","205111","3","7","2","09","18","5","0","1","0","1","0","0"
"POINT (13.378198280000049 52.467609615000072)","Unfall 205112 (2018) Kat:3, Licht: 0","205112","3","2","5","09","11","4","0","0","1","0","0","0"
"POINT (13.379947681000033 52.552879602000075)","Unfall 205113 (2018) Kat:3, Licht: 0","205113","3","4","6","09","11","7","0","0","0","1","1","0"
"POINT (13.350989462000030 52.567577680000056)","Unfall 205114 (2018) Kat:2, Licht: 2","205114","2","1","8","09","23","7","0","2","0","0","0","1"
"POINT (13.446661407000022 52.502570253000044)","Unfall 205115 (2018) Kat:3, Licht: 0","205115","3","3","5","09","16","5","0","0","1","1","0","0"
"POINT (13.261243647000072 52.411745566000036)","Unfall 205116 (2018) Kat:3, Licht: 0","205116","3","5","1","09","11","4","0","0","1","0","0","0"
"POINT (13.405643936000047 52.534564268000054)","Unfall 205117 (2018) Kat:3, Licht: 1","205117","3","4","6","09","19","6","0","1","1","0","1","0"
"POINT (13.337053283000046 52.485804479000080)","Unfall 205118 (2018) Kat:3, Licht: 0","205118","3","4","6","09","15","5","0","0","1","0","1","0"
"POINT (13.448415041000032 52.521811402000026)","Unfall 205119 (2018) Kat:3, Licht: 0","205119","3","3","5","09","10","4","0","0","1","1","0","0"
"POINT (13.297356256000057 52.577646173000062)","Unfall 205120 (2018) Kat:3, Licht: 2","205120","3","2","5","09","23","6","0","2","0","1","0","1"
"POINT (13.445899251000071 52.544751001000066)","Unfall 205121 (2018) Kat:3, Licht: 0","205121","3","3","5","09","09","4","0","0","0","1","0","0"
"POINT (13.412015710000048 52.525578554000049)","Unfall 205122 (2018) Kat:3, Licht: 0","205122","3","5","1","09","10","4","0","0","1","0","0","0"
"POINT (13.425340903000063 52.479916464000041)","Unfall 205123 (2018) Kat:3, Licht: 0","205123","3","5","1","09","18","6","0","0","1","1","0","0"
"POINT (13.427702060000058 52.481135993000066)","Unfall 205124 (2018) Kat:3, Licht: 0","205124","3","2","5","09","19","6","0","0","1","1","0","0"
"POINT (13.321605972000043 52.500318362000030)","Unfall 205125 (2018) Kat:3, Licht: 0","205125","3","7","6","09","10","5","0","0","0","1","1","0"
"POINT (13.311166908000075 52.496074063000037)","Unfall 205126 (2018) Kat:3, Licht: 0","205126","3","3","5","09","08","4","0","0","0","1","0","0"
"POINT (13.432490577000067 52.523162719000027)","Unfall 205127 (2018) Kat:3, Licht: 1","205127","3","6","4","09","19","6","0","1","1","0","0","0"
"POINT (13.328964351000025 52.505507943000055)","Unfall 205128 (2018) Kat:3, Licht: 0","205128","3","5","1","09","08","6","0","0","1","1","0","0"
"POINT (13.433885654000051 52.553241775000060)","Unfall 205129 (2018) Kat:3, Licht: 0","205129","3","5","1","09","09","4","0","0","1","1","0","0"
"POINT (13.420581255000059 52.503115561000072)","Unfall 205130 (2018) Kat:3, Licht: 0","205130","3","2","2","09","09","4","0","0","1","1","0","0"
"POINT (13.575296244000072 52.547015394000027)","Unfall 205131 (2018) Kat:2, Licht: 2","205131","2","3","5","09","23","6","0","2","1","1","0","0"
"POINT (13.616976003000048 52.540009091000059)","Unfall 205132 (2018) Kat:3, Licht: 0","205132","3","4","6","09","16","4","0","0","0","1","1","0"
"POINT (13.467037794000078 52.512775374000057)","Unfall 205133 (2018) Kat:3, Licht: 0","205133","3","6","2","09","16","4","0","0","1","1","0","0"
"POINT (13.604521221000027 52.536548692000054)","Unfall 205134 (2018) Kat:2, Licht: 0","205134","2","4","6","09","16","4","0","0","0","1","1","0"
"POINT (13.410529861000043 52.503366544000073)","Unfall 205135 (2018) Kat:3, Licht: 2","205135","3","2","2","09","22","6","0","2","0","1","0","0"
"POINT (13.552572789000067 52.500237880000043)","Unfall 205136 (2018) Kat:2, Licht: 0","205136","2","2","5","09","16","4","0","0","1","1","0","0"
"POINT (13.410452380000038 52.503800792000050)","Unfall 205137 (2018) Kat:3, Licht: 0","205137","3","2","5","09","15","4","0","0","1","1","0","0"
"POINT (13.341316562000031 52.575236021000080)","Unfall 205138 (2018) Kat:3, Licht: 0","205138","3","7","5","09","10","6","0","0","1","1","0","0"
"POINT (13.502232171000060 52.481543960000067)","Unfall 205139 (2018) Kat:3, Licht: 0","205139","3","2","2","09","09","6","0","0","0","1","0","0"
"POINT (13.396062733000065 52.496060281000041)","Unfall 205140 (2018) Kat:3, Licht: 0","205140","3","1","0","09","08","5","0","0","1","0","0","0"
"POINT (13.439438108000047 52.597475650000035)","Unfall 205141 (2018) Kat:3, Licht: 0","205141","3","5","1","09","15","4","0","0","1","1","0","0"
"POINT (13.334001473000058 52.468418739000072)","Unfall 205142 (2018) Kat:3, Licht: 0","205142","3","6","0","09","09","6","0","0","0","1","0","0"
"POINT (13.400653357000067 52.490461034000077)","Unfall 205143 (2018) Kat:3, Licht: 0","205143","3","3","5","09","15","4","0","0","1","1","0","0"
"POINT (13.399649035000039 52.498461598000063)","Unfall 205144 (2018) Kat:3, Licht: 0","205144","3","6","3","09","15","4","0","0","1","0","0","0"
"POINT (13.274918387000071 52.535893973000043)","Unfall 205145 (2018) Kat:2, Licht: 0","205145","2","5","1","09","09","6","0","0","1","1","0","0"
"POINT (13.332508723000046 52.440300816000047)","Unfall 205146 (2018) Kat:3, Licht: 0","205146","3","3","5","09","14","4","0","0","1","1","0","0"
"POINT (13.340638301000070 52.519770354000059)","Unfall 205147 (2018) Kat:3, Licht: 0","205147","3","6","0","09","09","6","0","0","1","1","0","0"
"POINT (13.498478898000030 52.434089214000039)","Unfall 205148 (2018) Kat:3, Licht: 0","205148","3","6","2","09","15","4","0","0","0","1","0","0"
"POINT (13.449582005000025 52.479084324000041)","Unfall 205149 (2018) Kat:2, Licht: 1","205149","2","4","6","09","18","6","0","1","1","0","1","0"
"POINT (13.326980146000039 52.429633304000049)","Unfall 205150 (2018) Kat:3, Licht: 0","205150","3","7","6","09","08","6","0","0","1","0","1","0"
"POINT (13.296021869000072 52.530276578000041)","Unfall 205151 (2018) Kat:3, Licht: 0","205151","3","6","2","09","16","4","0","0","0","1","0","0"
"POINT (13.288940502000059 52.465906568000037)","Unfall 205152 (2018) Kat:3, Licht: 2","205152","3","5","0","09","00","6","0","2","1","1","0","0"
"POINT (13.307745727000054 52.506582195000078)","Unfall 205153 (2018) Kat:3, Licht: 0","205153","3","6","2","09","18","6","0","0","0","1","0","1"
"POINT (13.409178167000050 52.528447609000068)","Unfall 205154 (2018) Kat:3, Licht: 0","205154","3","1","0","09","10","6","0","0","1","0","0","0"
"POINT (13.432650755000054 52.481720667000047)","Unfall 205155 (2018) Kat:2, Licht: 0","205155","2","7","5","09","06","5","0","0","0","1","0","1"
"POINT (13.303937849000022 52.518346764000057)","Unfall 205156 (2018) Kat:3, Licht: 0","205156","3","1","0","09","15","4","0","0","1","0","0","0"
"POINT (13.292432930000075 52.497854753000070)","Unfall 205157 (2018) Kat:3, Licht: 0","205157","3","5","5","09","08","6","0","0","0","1","0","1"
"POINT (13.429128063000064 52.486573082000064)","Unfall 205158 (2018) Kat:2, Licht: 0","205158","2","6","3","09","18","6","0","0","1","0","0","0"
"POINT (13.294258331000037 52.497705128000064)","Unfall 205159 (2018) Kat:2, Licht: 0","205159","2","4","0","09","13","4","0","0","0","0","1","0"
"POINT (13.407249186000058 52.529290066000044)","Unfall 205160 (2018) Kat:2, Licht: 0","205160","2","6","3","09","15","5","0","0","1","1","0","0"
"POINT (13.467000117000055 52.428392965000057)","Unfall 205161 (2018) Kat:3, Licht: 0","205161","3","4","6","09","17","4","0","0","0","1","1","0"
"POINT (13.424373886000069 52.488276325000072)","Unfall 205162 (2018) Kat:3, Licht: 0","205162","3","4","6","09","08","6","1","0","1","0","1","0"
"POINT (13.341216002000067 52.485569151000050)","Unfall 205163 (2018) Kat:3, Licht: 0","205163","3","2","5","09","17","4","0","0","1","0","0","1"
"POINT (13.349383195000030 52.447580924000079)","Unfall 205164 (2018) Kat:3, Licht: 2","205164","3","5","1","09","19","5","0","2","1","1","0","0"
"POINT (13.527589221000028 52.484407085000043)","Unfall 205165 (2018) Kat:3, Licht: 0","205165","3","3","5","09","16","4","0","0","0","1","0","0"
"POINT (13.540557198000045 52.525956522000058)","Unfall 205166 (2018) Kat:3, Licht: 0","205166","3","6","2","09","17","6","0","0","1","1","0","0"
"POINT (13.430571422000071 52.464339267000071)","Unfall 205167 (2018) Kat:3, Licht: 0","205167","3","4","6","09","07","6","0","0","0","1","1","0"
"POINT (13.329302188000042 52.465669193000053)","Unfall 205168 (2018) Kat:3, Licht: 0","205168","3","7","2","09","16","5","0","0","0","1","0","0"
"POINT (13.376645700000040 52.510104171000080)","Unfall 205169 (2018) Kat:3, Licht: 0","205169","3","7","5","09","12","4","0","0","0","1","0","0"
"POINT (13.583809659000053 52.509571270000038)","Unfall 205170 (2018) Kat:3, Licht: 0","205170","3","3","5","09","07","6","1","0","1","1","0","0"
"POINT (13.367085866000025 52.493213181000044)","Unfall 205171 (2018) Kat:3, Licht: 0","205171","3","3","5","09","15","5","0","0","1","1","0","0"
"POINT (13.500038365000023 52.498942352000029)","Unfall 205172 (2018) Kat:3, Licht: 0","205172","3","2","2","09","12","4","0","0","0","1","0","0"
"POINT (13.499705609000046 52.525192888000049)","Unfall 205173 (2018) Kat:2, Licht: 0","205173","2","3","5","09","07","6","0","0","0","1","0","1"
"POINT (13.527276731000029 52.591901075000067)","Unfall 205174 (2018) Kat:3, Licht: 0","205174","3","6","2","09","17","4","0","0","0","1","0","0"
"POINT (13.392254611000055 52.492153611000049)","Unfall 205175 (2018) Kat:3, Licht: 0","205175","3","3","5","09","11","4","0","0","1","0","0","0"
"POINT (13.392953399000021 52.504380589000050)","Unfall 205176 (2018) Kat:3, Licht: 0","205176","3","1","0","09","07","6","0","0","0","0","0","1"
"POINT (13.549470352000071 52.568764199000043)","Unfall 205177 (2018) Kat:2, Licht: 0","205177","2","2","5","09","17","5","0","0","1","1","0","0"
"POINT (13.405393443000037 52.534297112000047)","Unfall 205178 (2018) Kat:2, Licht: 0","205178","2","1","0","09","17","4","0","0","1","0","0","0"
"POINT (13.437148382000032 52.493195857000046)","Unfall 205179 (2018) Kat:3, Licht: 0","205179","3","6","3","09","16","6","0","0","1","1","0","0"
"POINT (13.452839984000036 52.512410737000039)","Unfall 205180 (2018) Kat:3, Licht: 0","205180","3","6","3","09","09","4","0","0","1","0","0","0"
"POINT (13.390983067000036 52.544865721000065)","Unfall 205181 (2018) Kat:3, Licht: 0","205181","3","2","6","09","08","4","0","0","0","0","1","0"
"POINT (13.298279048000040 52.598430729000029)","Unfall 205182 (2018) Kat:3, Licht: 0","205182","3","3","5","09","16","6","0","0","0","1","0","0"
"POINT (13.297532837000063 52.498134523000033)","Unfall 205183 (2018) Kat:3, Licht: 0","205183","3","7","0","09","18","5","0","0","0","1","0","0"
"POINT (13.317002498000022 52.502674038000066)","Unfall 205184 (2018) Kat:3, Licht: 0","205184","3","2","5","09","09","4","0","0","1","1","0","0"
"POINT (13.393825039000035 52.527740581000046)","Unfall 205185 (2018) Kat:3, Licht: 0","205185","3","6","6","09","16","6","0","0","1","0","1","0"
"POINT (13.295240033000027 52.575548936000075)","Unfall 205186 (2018) Kat:2, Licht: 0","205186","2","2","5","09","15","6","0","0","0","1","0","1"
"POINT (13.403274520000025 52.521515745000045)","Unfall 205187 (2018) Kat:3, Licht: 0","205187","3","4","6","09","16","5","0","0","1","0","1","0"
"POINT (13.274441671000034 52.508005325000056)","Unfall 205188 (2018) Kat:3, Licht: 0","205188","3","3","0","09","09","4","0","0","0","1","0","1"
"POINT (13.330565827000044 52.506971443000054)","Unfall 205189 (2018) Kat:3, Licht: 2","205189","3","5","1","09","20","6","0","2","1","0","0","0"
"POINT (13.448943933000066 52.485036911000066)","Unfall 205190 (2018) Kat:3, Licht: 0","205190","3","3","5","09","07","4","0","0","0","1","0","1"