WKT,Name,OBJECTID,UKATEGORIE,UTYP1,UART,UMONAT,USTUNDE,UWOCHENTAG,STRZUSTAND,ULICHTVERH,ISTRAD,ISTPKW,ISTFUSS,ISTKRAD
"POINT (13.338470124000025 52.516992960000039)","Unfall 205191 (2018) Kat:3, Licht: 0","205191","3","2","5","09","15","6","0","0","0","1","0","1"
"POINT (13.494836198000030 52.545429057000035)","Unfall 205192 (2018) Kat:3, Licht: 0","205192","3","3","5","09","06","4","0","0","1","1","0","0"
"POINT (13.414425906000076 52.519601973000078)","Unfall 205193 (2018) Kat:3, Licht: 0","205193","3","7","6","09","16","4","0","0","1","0","1","0"
"POINT (13.323929590000034 52.573836337000046)","Unfall 205194 (2018) Kat:2, Licht: 0","205194","2","5","1","09","15","6","0","0","1","1","0","0"
"POINT (13.348727039000039 52.524647354000081)","Unfall 205195 (2018) Kat:3, Licht: 0","205195","3","5","1","09","15","6","0","0","1","1","0","0"
"POINT (13.373318847000064 52.469104852000044)","Unfall 205196 (2018) Kat:3, Licht: 0","205196","3","7","6","09","10","5","0","0","1","0","1","0"
"POINT (13.392968700000040 52.537280908000071)","Unfall 205197 (2018) Kat:3, Licht: 1","205197","3","6","2","09","05","4","0","1","0","1","0","0"
"POINT (13.491380947000039 52.637762297000052)","Unfall 205198 (2018) Kat:3, Licht: 0","205198","3","2","6","09","14","6","0","0","0","0","1","0"
"POINT (13.184605475000069 52.547559230000047)","Unfall 205199 (2018) Kat:2, Licht: 0","205199","2","2","5","09","12","5","0","0","0","1","0","0"
"POINT (13.433676662000039 52.486755839000068)","Unfall 205200 (2018) Kat:3, Licht: 0","205200","3","7","5","09","13","6","0","0","1","1","0","0"
"POINT (13.249109490000023 52.551979163000055)","Unfall 205201 (2018) Kat:3, Licht: 0","205201","3","6","2","09","13","6","0","0","0","1","0","1"
"POINT (13.491875802000038 52.458090463000076)","Unfall 205202 (2018) Kat:1, Licht: 0","205202","1","1","8","09","15","4","0","0","0","0","0","1"
"POINT (13.454581843000028 52.474517683000045)","Unfall 205203 (2018) Kat:3, Licht: 0","205203","3","2","5","09","14","3","0","0","0","1","0","0"
"POINT (13.330790717000070 52.486136193000050)","Unfall 205204 (2018) Kat:3, Licht: 0","205204","3","2","5","09","11","6","0","0","1","1","0","0"
"POINT (13.326780018000022 52.508690203000072)","Unfall 205205 (2018) Kat:3, Licht: 0","205205","3","4","6","09","12","3","0","0","0","1","1","0"
"POINT (13.427638162000051 52.499171470000078)","Unfall 205206 (2018) Kat:3, Licht: 0","205206","3","2","5","09","11","3","0","0","1","1","0","0"
"POINT (13.384803629000032 52.465711622000072)","Unfall 205207 (2018) Kat:2, Licht: 0","205207","2","4","6","09","09","6","0","0","0","1","1","0"
"POINT (13.451213667000047 52.535511143000065)","Unfall 205208 (2018) Kat:3, Licht: 2","205208","3","6","3","09","20","5","0","2","1","0","0","0"
"POINT (13.412179902000048 52.498669111000027)","Unfall 205209 (2018) Kat:3, Licht: 0","205209","3","3","5","09","07","5","0","0","1","1","0","0"
"POINT (13.330459263000023 52.511106000000041)","Unfall 205210 (2018) Kat:3, Licht: 0","205210","3","2","5","09","11","3","0","0","0","0","0","1"
"POINT (13.422609733000058 52.544583565000039)","Unfall 205211 (2018) Kat:3, Licht: 0","205211","3","3","5","09","17","5","0","0","1","1","0","0"
"POINT (13.320979068000042 52.513077183000064)","Unfall 205212 (2018) Kat:3, Licht: 0","205212","3","3","5","09","14","5","0","0","0","1","0","0"
"POINT (13.480870432000074 52.460884537000027)","Unfall 205213 (2018) Kat:3, Licht: 0","205213","3","6","2","09","16","5","0","0","0","1","0","0"
"POINT (13.604139894000070 52.538651356000059)","Unfall 205214 (2018) Kat:3, Licht: 2","205214","3","4","6","09","22","5","1","2","0","1","1","0"
"POINT (13.300354443000060 52.522293098000034)","Unfall 205215 (2018) Kat:3, Licht: 0","205215","3","6","2","09","11","3","0","0","0","1","0","0"
"POINT (13.199616230000061 52.524796486000071)","Unfall 205216 (2018) Kat:3, Licht: 0","205216","3","5","1","09","10","3","0","0","1","1","0","0"
"POINT (13.282268968000039 52.533929220000061)","Unfall 205217 (2018) Kat:3, Licht: 2","205217","3","2","6","09","22","5","1","2","0","1","1","0"
"POINT (13.345118443000047 52.448857875000044)","Unfall 205218 (2018) Kat:3, Licht: 0","205218","3","2","5","09","10","3","0","0","0","1","0","1"
"POINT (13.454019129000073 52.488930694000032)","Unfall 205219 (2018) Kat:3, Licht: 2","205219","3","2","5","09","22","5","0","2","1","1","0","0"
"POINT (13.457846984000071 52.512837861000037)","Unfall 205220 (2018) Kat:3, Licht: 0","205220","3","3","5","09","09","3","0","0","1","1","0","0"
"POINT (13.410163366000063 52.523995544000059)","Unfall 205221 (2018) Kat:3, Licht: 0","205221","3","2","5","09","09","3","0","0","1","1","0","0"
"POINT (13.197243641000057 52.541027914000040)","Unfall 205222 (2018) Kat:3, Licht: 0","205222","3","7","0","09","19","5","0","0","0","0","0","1"
"POINT (13.349262706000047 52.542232312000067)","Unfall 205223 (2018) Kat:3, Licht: 0","205223","3","2","5","09","09","3","0","0","1","0","0","1"
"POINT (13.347590149000041 52.494479544000058)","Unfall 205224 (2018) Kat:3, Licht: 0","205224","3","6","0","09","09","3","0","0","0","0","0","1"
"POINT (13.386414238000043 52.549500202000047)","Unfall 205225 (2018) Kat:3, Licht: 2","205225","3","2","5","09","19","5","1","2","0","1","0","0"
"POINT (13.392324827000039 52.497401988000036)","Unfall 205226 (2018) Kat:3, Licht: 2","205226","3","6","2","09","19","5","1","2","0","1","0","1"
"POINT (13.566092453000067 52.551426335000031)","Unfall 205227 (2018) Kat:3, Licht: 1","205227","3","5","1","09","06","5","0","1","1","1","0","0"
"POINT (13.407428908000043 52.489242927000078)","Unfall 205228 (2018) Kat:3, Licht: 1","205228","3","4","6","09","06","3","0","1","1","0","1","0"
"POINT (13.294240432000038 52.497156628000027)","Unfall 205229 (2018) Kat:3, Licht: 0","205229","3","5","1","09","11","5","1","0","1","1","0","0"
"POINT (13.399695394000048 52.565727755000069)","Unfall 205230 (2018) Kat:3, Licht: 0","205230","3","5","1","09","14","5","0","0","0","1","0","1"
"POINT (13.399667968000074 52.498414262000040)","Unfall 205231 (2018) Kat:3, Licht: 1","205231","3","3","5","09","19","5","0","1","0","1","0","0"
"POINT (13.388546851000058 52.439156887000081)","Unfall 205232 (2018) Kat:2, Licht: 0","205232","2","7","0","09","08","3","0","0","0","1","1","0"
"POINT (13.307071787000041 52.419718916000079)","Unfall 205233 (2018) Kat:3, Licht: 0","205233","3","6","2","09","15","5","0","0","0","1","0","0"
"POINT (13.503481720000025 52.411679519000074)","Unfall 205234 (2018) Kat:3, Licht: 0","205234","3","2","5","09","06","3","0","0","1","1","0","0"
"POINT (13.304638628000077 52.509917846000064)","Unfall 205235 (2018) Kat:3, Licht: 0","205235","3","6","2","09","15","5","0","0","0","1","0","0"
"POINT (13.401213697000060 52.417629388000080)","Unfall 205236 (2018) Kat:3, Licht: 1","205236","3","5","1","09","00","5","0","1","0","1","0","0"
"POINT (13.354541951000044 52.562101059000042)","Unfall 205237 (2018) Kat:3, Licht: 0","205237","3","5","1","09","08","3","0","0","0","1","0","0"
"POINT (13.430347279000046 52.469147938000049)","Unfall 205238 (2018) Kat:3, Licht: 0","205238","3","2","3","09","13","5","0","0","1","1","0","0"
"POINT (13.215280582000048 52.526812507000045)","Unfall 205239 (2018) Kat:3, Licht: 0","205239","3","6","2","09","14","5","0","0","0","1","0","0"
"POINT (13.401740491000055 52.533269336000046)","Unfall 205240 (2018) Kat:3, Licht: 0","205240","3","7","5","09","11","5","1","0","0","1","0","0"
"POINT (13.391568589000030 52.555431284000065)","Unfall 205241 (2018) Kat:3, Licht: 1","205241","3","2","0","09","06","6","0","1","1","0","0","0"
"POINT (13.576577778000058 52.513231023000060)","Unfall 205242 (2018) Kat:3, Licht: 0","205242","3","6","3","09","08","3","0","0","1","1","0","0"
"POINT (13.430122488000052 52.460302318000060)","Unfall 205243 (2018) Kat:3, Licht: 0","205243","3","6","4","09","18","5","0","0","0","1","0","0"
"POINT (13.383323407000034 52.554731473000061)","Unfall 205244 (2018) Kat:3, Licht: 0","205244","3","2","5","09","11","5","1","0","1","0","0","0"
"POINT (13.560484039000073 52.442610087000048)","Unfall 205245 (2018) Kat:3, Licht: 0","205245","3","1","0","09","11","3","0","0","0","0","0","1"
"POINT (13.570208864000051 52.540726532000065)","Unfall 205246 (2018) Kat:3, Licht: 1","205246","3","1","9","09","18","5","1","1","0","1","0","0"
"POINT (13.345890106000070 52.494571240000028)","Unfall 205247 (2018) Kat:3, Licht: 2","205247","3","3","5","09","04","5","0","2","0","1","0","1"
"POINT (13.344942802000048 52.487366136000048)","Unfall 205248 (2018) Kat:3, Licht: 0","205248","3","5","1","09","15","3","0","0","1","1","0","0"
"POINT (13.346899081000061 52.489278967000075)","Unfall 205249 (2018) Kat:3, Licht: 0","205249","3","7","0","09","10","5","1","0","0","1","0","1"
"POINT (13.495579331000044 52.415290965000054)","Unfall 205250 (2018) Kat:2, Licht: 0","205250","2","2","5","09","17","3","0","0","0","1","0","0"
"POINT (13.428679648000070 52.518889976000082)","Unfall 205251 (2018) Kat:3, Licht: 0","205251","3","2","3","09","17","3","0","0","0","0","0","1"
"POINT (13.346064562000038 52.544903568000052)","Unfall 205252 (2018) Kat:3, Licht: 0","205252","3","3","5","09","10","5","1","0","0","1","0","0"
"POINT (13.429871143000071 52.509910191000074)","Unfall 205253 (2018) Kat:3, Licht: 0","205253","3","6","2","09","17","5","0","0","0","1","0","0"
"POINT (13.314515873000062 52.490308201000062)","Unfall 205254 (2018) Kat:2, Licht: 0","205254","2","3","5","09","09","5","1","0","1","1","0","0"
"POINT (13.200027958000021 52.495503611000061)","Unfall 205255 (2018) Kat:3, Licht: 0","205255","3","6","3","09","13","5","0","0","1","1","0","0"
"POINT (13.391622980000022 52.500938876000077)","Unfall 205256 (2018) Kat:3, Licht: 0","205256","3","3","5","09","09","5","1","0","1","0","0","0"
"POINT (13.294851898000047 52.539588428000059)","Unfall 205257 (2018) Kat:3, Licht: 0","205257","3","2","5","09","17","3","0","0","1","1","0","0"
"POINT (13.357494567000060 52.535965777000058)","Unfall 205258 (2018) Kat:3, Licht: 2","205258","3","3","5","09","00","5","0","2","0","1","0","0"
"POINT (13.455841096000029 52.548232104000078)","Unfall 205259 (2018) Kat:3, Licht: 0","205259","3","5","1","09","17","3","0","0","0","1","0","0"
"POINT (13.380698756000072 52.516662683000050)","Unfall 205260 (2018) Kat:3, Licht: 0","205260","3","2","2","09","09","5","1","0","0","1","0","0"
"POINT (13.231843149000042 52.545157171000028)","Unfall 205261 (2018) Kat:2, Licht: 2","205261","2","3","5","09","21","3","0","2","0","1","0","0"
"POINT (13.196494154000050 52.447922375000076)","Unfall 205262 (2018) Kat:3, Licht: 2","205262","3","7","8","09","21","3","0","2","0","1","0","0"
"POINT (13.410554209000054 52.528013111000064)","Unfall 205263 (2018) Kat:3, Licht: 0","205263","3","3","5","09","09","5","1","0","1","0","0","0"
"POINT (13.329687660000047 52.602094756000042)","Unfall 205264 (2018) Kat:3, Licht: 1","205264","3","2","2","09","19","3","0","1","0","1","0","0"
"POINT (13.380506727000068 52.532619636000049)","Unfall 205265 (2018) Kat:3, Licht: 0","205265","3","6","3","09","08","5","1","0","1","1","0","0"
"POINT (13.344358089000025 52.537907590000032)","Unfall 205266 (2018) Kat:3, Licht: 0","205266","3","7","5","09","18","3","0","0","0","1","0","1"
"POINT (13.452737857000045 52.548603831000037)","Unfall 205267 (2018) Kat:3, Licht: 0","205267","3","3","5","09","18","3","0","0","1","0","0","0"
"POINT (13.324885084000073 52.608236453000075)","Unfall 205268 (2018) Kat:3, Licht: 0","205268","3","3","5","09","08","5","1","0","0","1","0","0"
"POINT (13.329440023000075 52.594084088000045)","Unfall 205269 (2018) Kat:3, Licht: 0","205269","3","7","5","09","07","5","1","0","0","1","0","1"
"POINT (13.574443025000051 52.413912759000027)","Unfall 205270 (2018) Kat:3, Licht: 0","205270","3","3","5","09","12","5","0","0","0","1","0","0"
"POINT (13.378262165000024 52.507763197000031)","Unfall 205271 (2018) Kat:3, Licht: 0","205271","3","4","6","09","18","3","0","0","1","0","1","0"
"POINT (13.499107593000076 52.517598198000030)","Unfall 205272 (2018) Kat:3, Licht: 1","205272","3","4","6","09","06","5","0","1","0","1","1","0"
"POINT (13.444914933000064 52.468029970000032)","Unfall 205273 (2018) Kat:3, Licht: 0","205273","3","2","5","09","17","5","0","0","1","0","0","0"
"POINT (13.178101315000049 52.548812635000047)","Unfall 205274 (2018) Kat:3, Licht: 1","205274","3","3","5","09","18","5","1","1","0","1","0","0"
"POINT (13.339307090000034 52.525706715000069)","Unfall 205275 (2018) Kat:3, Licht: 0","205275","3","2","5","09","18","3","0","0","0","0","0","1"
"POINT (13.473311119000073 52.515035699000066)","Unfall 205276 (2018) Kat:3, Licht: 0","205276","3","4","6","09","17","3","0","0","0","1","1","0"
"POINT (13.428775327000039 52.508689881000066)","Unfall 205277 (2018) Kat:3, Licht: 0","205277","3","3","5","09","18","5","1","0","0","1","0","1"
"POINT (13.557015937000074 52.540596895000078)","Unfall 205278 (2018) Kat:3, Licht: 0","205278","3","5","1","09","16","3","0","0","1","1","0","0"
"POINT (13.436459311000021 52.548519690000035)","Unfall 205279 (2018) Kat:2, Licht: 0","205279","2","2","5","09","15","3","0","0","0","1","0","1"
"POINT (13.499201230000040 52.630478697000058)","Unfall 205280 (2018) Kat:2, Licht: 0","205280","2","1","0","09","08","5","1","0","0","0","0","1"
"POINT (13.185329685000056 52.515364586000032)","Unfall 205281 (2018) Kat:3, Licht: 0","205281","3","6","2","09","08","5","1","0","0","1","0","0"
"POINT (13.402655557000060 52.538545426000042)","Unfall 205282 (2018) Kat:3, Licht: 0","205282","3","3","5","09","07","5","0","0","1","1","0","0"
"POINT (13.288732102000040 52.512260031000039)","Unfall 205283 (2018) Kat:3, Licht: 0","205283","3","3","5","09","15","3","0","0","0","1","0","0"
"POINT (13.441466951000052 52.525831516000039)","Unfall 205284 (2018) Kat:3, Licht: 0","205284","3","7","5","09","14","3","0","0","0","1","0","1"
"POINT (13.376768197000047 52.543361168000047)","Unfall 205285 (2018) Kat:3, Licht: 0","205285","3","1","2","09","18","5","1","0","0","1","0","1"
"POINT (13.361026907000053 52.577092470000082)","Unfall 205286 (2018) Kat:3, Licht: 0","205286","3","1","0","09","11","5","1","0","0","0","0","1"
"POINT (13.480642507000027 52.572362003000080)","Unfall 205287 (2018) Kat:3, Licht: 0","205287","3","5","1","09","09","5","0","0","0","1","0","1"
"POINT (13.376972400000056 52.557550330000026)","Unfall 205288 (2018) Kat:3, Licht: 0","205288","3","2","5","09","14","3","0","0","0","1","0","0"
"POINT (13.582625827000072 52.522408617000053)","Unfall 205289 (2018) Kat:3, Licht: 0","205289","3","1","0","09","10","5","1","0","0","0","0","1"
"POINT (13.232201492000058 52.540252722000048)","Unfall 205290 (2018) Kat:3, Licht: 0","205290","3","6","2","09","16","5","0","0","0","1","0","0"
"POINT (13.385323572000061 52.468588723000039)","Unfall 205291 (2018) Kat:3, Licht: 0","205291","3","3","5","09","16","5","0","0","1","1","0","0"
"POINT (13.416769978000048 52.504311463000079)","Unfall 205292 (2018) Kat:3, Licht: 0","205292","3","3","5","09","13","3","0","0","0","1","0","0"
"POINT (13.402089210000042 52.406613306000054)","Unfall 205293 (2018) Kat:3, Licht: 0","205293","3","3","5","09","12","3","0","0","0","1","0","0"
"POINT (13.290082954000070 52.518949838000026)","Unfall 205294 (2018) Kat:3, Licht: 0","205294","3","2","5","09","16","5","0","0","1","1","0","0"
"POINT (13.538518817000067 52.524612374000071)","Unfall 205295 (2018) Kat:2, Licht: 0","205295","2","1","0","09","14","3","0","0","0","0","0","1"
"POINT (13.409785777000025 52.524015046000045)","Unfall 205296 (2018) Kat:3, Licht: 0","205296","3","2","5","09","09","6","0","0","1","1","0","0"
"POINT (13.328036866000048 52.479911053000080)","Unfall 205297 (2018) Kat:3, Licht: 0","205297","3","2","0","09","17","2","0","0","1","1","0","0"
"POINT (13.398366064000072 52.507208569000056)","Unfall 205298 (2018) Kat:3, Licht: 0","205298","3","6","3","09","15","5","0","0","0","1","0","1"
"POINT (13.344201955000074 52.445899572000030)","Unfall 205299 (2018) Kat:3, Licht: 0","205299","3","3","5","09","15","5","0","0","0","1","0","0"
"POINT (13.484575231000065 52.463517037000031)","Unfall 205300 (2018) Kat:3, Licht: 2","205300","3","3","0","09","22","2","0","2","1","1","0","0"
"POINT (13.313771559000031 52.506365633000030)","Unfall 205301 (2018) Kat:3, Licht: 0","205301","3","2","5","09","15","5","0","0","1","1","0","0"
"POINT (13.328264719000060 52.477281242000061)","Unfall 205302 (2018) Kat:3, Licht: 0","205302","3","4","2","09","17","5","0","0","1","0","1","0"
"POINT (13.399140709000051 52.529524808000076)","Unfall 205303 (2018) Kat:3, Licht: 0","205303","3","6","2","09","08","5","0","0","0","1","0","0"
"POINT (13.345152281000026 52.529762551000033)","Unfall 205304 (2018) Kat:3, Licht: 2","205304","3","5","1","09","22","2","0","2","0","1","0","1"
"POINT (13.436985145000051 52.423724932000027)","Unfall 205305 (2018) Kat:3, Licht: 0","205305","3","6","3","09","09","5","1","0","0","0","0","1"
"POINT (13.375454670000067 52.597182109000073)","Unfall 205306 (2018) Kat:3, Licht: 1","205306","3","2","0","09","07","5","0","1","1","1","0","0"
"POINT (13.352132914000038 52.505365397000048)","Unfall 205307 (2018) Kat:3, Licht: 0","205307","3","6","2","09","10","5","1","0","0","1","0","0"
"POINT (13.386237358000074 52.514483616000064)","Unfall 205308 (2018) Kat:3, Licht: 0","205308","3","6","2","09","15","2","0","0","1","1","0","0"
"POINT (13.440585169000030 52.553755318000071)","Unfall 205309 (2018) Kat:3, Licht: 0","205309","3","3","5","09","14","2","0","0","0","1","0","1"
"POINT (13.157148846000041 52.534411781000074)","Unfall 205310 (2018) Kat:3, Licht: 0","205310","3","3","5","09","18","4","0","0","1","1","0","0"
"POINT (13.395629831000065 52.538637606000066)","Unfall 205311 (2018) Kat:3, Licht: 0","205311","3","2","5","09","14","2","0","0","1","1","0","0"
"POINT (13.323833534000073 52.587506632000043)","Unfall 205312 (2018) Kat:3, Licht: 2","205312","3","2","5","09","21","5","0","2","0","1","0","0"
"POINT (13.494678582000063 52.421305465000046)","Unfall 205313 (2018) Kat:3, Licht: 0","205313","3","2","5","09","13","2","0","0","1","1","0","0"
"POINT (13.346142336000071 52.524975830000074)","Unfall 205314 (2018) Kat:3, Licht: 0","205314","3","7","2","09","16","4","0","0","0","1","0","0"
"POINT (13.432710562000068 52.552725955000028)","Unfall 205315 (2018) Kat:3, Licht: 0","205315","3","5","1","09","07","4","0","0","1","1","0","0"
"POINT (13.527798379000046 52.519663898000033)","Unfall 205316 (2018) Kat:3, Licht: 0","205316","3","3","5","09","08","4","0","0","1","1","0","0"
"POINT (13.425826594000057 52.413685392000048)","Unfall 205317 (2018) Kat:3, Licht: 0","205317","3","3","5","09","13","2","0","0","1","1","0","0"
"POINT (13.376601381000057 52.485764450000033)","Unfall 205318 (2018) Kat:3, Licht: 1","205318","3","5","5","09","19","4","0","1","0","1","0","1"
"POINT (13.450122254000064 52.522247345000039)","Unfall 205319 (2018) Kat:3, Licht: 1","205319","3","4","6","09","19","4","0","1","1","0","1","0"
"POINT (13.598597726000037 52.494362411000054)","Unfall 205320 (2018) Kat:3, Licht: 0","205320","3","3","5","09","16","5","0","0","1","1","0","0"
"POINT (13.365395324000076 52.510162004000051)","Unfall 205321 (2018) Kat:3, Licht: 0","205321","3","6","2","09","13","2","0","0","0","0","0","1"
"POINT (13.346247547000075 52.415030308000041)","Unfall 205322 (2018) Kat:3, Licht: 0","205322","3","2","5","09","18","4","0","0","1","1","0","0"
"POINT (13.286624740000036 52.518884614000058)","Unfall 205323 (2018) Kat:3, Licht: 2","205323","3","3","5","09","19","2","0","2","1","1","0","0"
"POINT (13.500529895000057 52.632668775000070)","Unfall 205324 (2018) Kat:3, Licht: 0","205324","3","7","2","09","13","2","0","0","0","1","0","1"
"POINT (13.616906931000074 52.536295411000026)","Unfall 205325 (2018) Kat:3, Licht: 0","205325","3","7","1","09","18","4","0","0","1","1","0","0"
"POINT (13.220283715000051 52.431689540000036)","Unfall 205326 (2018) Kat:3, Licht: 0","205326","3","2","5","09","12","5","0","0","1","1","0","0"
"POINT (13.442432009000072 52.614434629000073)","Unfall 205327 (2018) Kat:3, Licht: 0","205327","3","6","2","09","07","4","0","0","0","1","0","0"
"POINT (13.378699261000065 52.489574355000059)","Unfall 205328 (2018) Kat:2, Licht: 2","205328","2","5","0","09","23","4","0","2","0","0","0","1"
"POINT (13.427161800000022 52.475188842000080)","Unfall 205329 (2018) Kat:2, Licht: 0","205329","2","2","5","09","11","2","0","0","0","1","0","1"
"POINT (13.418468133000033 52.538279874000068)","Unfall 205330 (2018) Kat:3, Licht: 0","205330","3","7","0","09","07","4","0","0","0","1","0","0"
"POINT (13.255597560000069 52.430828891000033)","Unfall 205331 (2018) Kat:3, Licht: 0","205331","3","6","2","09","18","5","0","0","1","1","0","0"
"POINT (13.291942352000035 52.506680889000052)","Unfall 205332 (2018) Kat:3, Licht: 0","205332","3","5","1","09","11","2","0","0","0","1","0","0"
"POINT (13.378331722000041 52.565790699000047)","Unfall 205333 (2018) Kat:2, Licht: 0","205333","2","5","1","09","07","4","0","0","1","0","0","0"
"POINT (13.319516569000029 52.493606276000037)","Unfall 205334 (2018) Kat:3, Licht: 0","205334","3","7","2","09","10","4","0","0","1","1","0","0"
"POINT (13.502029162000042 52.571622356000034)","Unfall 205335 (2018) Kat:3, Licht: 0","205335","3","5","1","09","07","4","0","0","1","1","0","0"
"POINT (13.455760747000056 52.500887038000030)","Unfall 205336 (2018) Kat:3, Licht: 1","205336","3","4","6","09","19","2","0","1","0","0","1","1"
"POINT (13.418546859000060 52.582887057000050)","Unfall 205337 (2018) Kat:3, Licht: 0","205337","3","3","5","09","07","4","0","0","1","0","0","0"
"POINT (13.378356071000042 52.576513858000055)","Unfall 205338 (2018) Kat:3, Licht: 0","205338","3","3","5","09","16","4","0","0","1","1","0","0"
"POINT (13.500255431000028 52.441270928000051)","Unfall 205339 (2018) Kat:3, Licht: 0","205339","3","2","6","09","09","2","0","0","0","1","1","0"
"POINT (13.318805084000076 52.491841251000039)","Unfall 205340 (2018) Kat:2, Licht: 0","205340","2","2","5","09","14","4","0","0","1","0","0","1"
"POINT (13.272464943000045 52.538941710000074)","Unfall 205341 (2018) Kat:3, Licht: 0","205341","3","3","5","09","09","2","0","0","1","0","0","0"
"POINT (13.329915904000075 52.522914223000043)","Unfall 205342 (2018) Kat:3, Licht: 2","205342","3","3","5","09","05","5","0","2","1","1","0","0"
"POINT (13.461711221000030 52.512047661000054)","Unfall 205343 (2018) Kat:2, Licht: 1","205343","2","5","1","09","18","2","0","1","1","1","0","0"
"POINT (13.435906036000063 52.515234975000055)","Unfall 205344 (2018) Kat:2, Licht: 0","205344","2","4","6","09","07","4","0","0","1","0","1","0"
"POINT (13.343183577000048 52.526816628000063)","Unfall 205345 (2018) Kat:3, Licht: 0","205345","3","7","7","09","13","4","0","0","1","0","0","0"
"POINT (13.308747015000051 52.525742751000053)","Unfall 205346 (2018) Kat:3, Licht: 0","205346","3","1","0","09","10","5","0","0","0","0","0","1"
"POINT (13.478704552000067 52.477568128000030)","Unfall 205347 (2018) Kat:3, Licht: 0","205347","3","2","6","09","09","2","0","0","0","0","1","0"
"POINT (13.347092244000066 52.503691976000027)","Unfall 205348 (2018) Kat:2, Licht: 0","205348","2","5","1","09","13","4","0","0","1","1","0","0"
"POINT (13.432205836000037 52.481668567000042)","Unfall 205349 (2018) Kat:3, Licht: 0","205349","3","6","3","09","11","4","0","0","1","1","0","0"
"POINT (13.394905143000074 52.524475476000077)","Unfall 205350 (2018) Kat:3, Licht: 0","205350","3","5","1","09","09","2","0","0","1","1","0","0"
"POINT (13.339086355000063 52.543879281000045)","Unfall 205351 (2018) Kat:2, Licht: 0","205351","2","3","5","09","07","2","0","0","1","0","0","1"
"POINT (13.342783615000030 52.504604863000054)","Unfall 205352 (2018) Kat:3, Licht: 0","205352","3","2","5","09","11","4","0","0","1","1","0","0"
"POINT (13.530059155000060 52.435926457000051)","Unfall 205353 (2018) Kat:2, Licht: 0","205353","2","3","5","09","07","2","0","0","1","1","0","0"
"POINT (13.401728099000024 52.529152331000034)","Unfall 205354 (2018) Kat:2, Licht: 0","205354","2","1","0","09","14","4","0","0","1","0","0","0"
"POINT (13.451180201000057 52.488945559000058)","Unfall 205355 (2018) Kat:3, Licht: 0","205355","3","3","5","09","07","2","0","0","0","1","0","1"
"POINT (13.331357036000043 52.442119596000055)","Unfall 205356 (2018) Kat:3, Licht: 0","205356","3","3","5","09","11","4","0","0","1","1","0","0"
"POINT (13.310164696000072 52.493764983000062)","Unfall 205357 (2018) Kat:3, Licht: 1","205357","3","3","5","09","18","2","0","1","1","1","0","0"
"POINT (13.188669597000057 52.534333091000065)","Unfall 205358 (2018) Kat:3, Licht: 0","205358","3","6","3","09","12","2","0","0","0","1","0","1"
"POINT (13.319169409000040 52.499804950000055)","Unfall 205359 (2018) Kat:3, Licht: 0","205359","3","3","5","09","09","4","0","0","1","1","0","0"
"POINT (13.304785874000061 52.525595146000057)","Unfall 205360 (2018) Kat:3, Licht: 0","205360","3","7","5","09","18","4","0","0","1","1","0","0"
"POINT (13.304161519000047 52.496705459000054)","Unfall 205361 (2018) Kat:3, Licht: 0","205361","3","6","2","09","08","5","0","0","0","1","0","0"
"POINT (13.349418987000035 52.508565417000057)","Unfall 205362 (2018) Kat:2, Licht: 0","205362","2","3","5","09","18","2","0","0","0","0","0","1"
"POINT (13.414002830000072 52.553627960000028)","Unfall 205363 (2018) Kat:3, Licht: 0","205363","3","6","2","09","18","4","0","0","0","1","0","1"
"POINT (13.362169342000072 52.567897884000047)","Unfall 205364 (2018) Kat:2, Licht: 0","205364","2","2","5","09","13","4","0","0","0","1","0","1"
"POINT (13.409204191000072 52.528480173000048)","Unfall 205365 (2018) Kat:3, Licht: 0","205365","3","1","0","09","09","4","0","0","1","0","0","0"
"POINT (13.454155741000022 52.522254500000031)","Unfall 205366 (2018) Kat:3, Licht: 0","205366","3","6","2","09","18","2","0","0","0","1","0","1"
"POINT (13.296049402000051 52.443566753000027)","Unfall 205367 (2018) Kat:3, Licht: 0","205367","3","2","5","09","17","2","0","0","0","1","0","1"
"POINT (13.342069409000032 52.555995364000069)","Unfall 205368 (2018) Kat:3, Licht: 0","205368","3","2","5","09","18","4","0","0","1","1","0","0"
"POINT (13.354829438000024 52.487533651000035)","Unfall 205369 (2018) Kat:3, Licht: 0","205369","3","1","1","09","17","2","0","0","0","1","0","1"
"POINT (13.336684215000048 52.526688232000026)","Unfall 205370 (2018) Kat:3, Licht: 0","205370","3","4","6","09","14","6","0","0","0","1","1","0"
"POINT (13.574058237000031 52.540369720000058)","Unfall 205371 (2018) Kat:3, Licht: 0","205371","3","2","5","09","16","2","0","0","0","0","0","1"
"POINT (13.354070886000045 52.565014023000060)","Unfall 205372 (2018) Kat:2, Licht: 0","205372","2","2","6","09","08","4","0","0","0","1","1","0"
"POINT (13.456131689000074 52.561441427000034)","Unfall 205373 (2018) Kat:3, Licht: 0","205373","3","3","2","09","17","4","0","0","0","1","0","0"
"POINT (13.433818381000037 52.480905323000059)","Unfall 205374 (2018) Kat:3, Licht: 0","205374","3","7","6","09","16","2","0","0","0","1","1","0"
"POINT (13.431149178000055 52.534362002000080)","Unfall 205375 (2018) Kat:3, Licht: 0","205375","3","6","3","09","17","2","0","0","1","1","0","0"
"POINT (13.403060566000022 52.527515947000040)","Unfall 205376 (2018) Kat:3, Licht: 0","205376","3","4","6","09","08","4","0","0","1","0","1","0"