WKT,Name,OBJECTID,UKATEGORIE,UTYP1,UART,UMONAT,USTUNDE,UWOCHENTAG,STRZUSTAND,ULICHTVERH,ISTRAD,ISTPKW,ISTFUSS,ISTKRAD
"POINT (13.437646040000061 52.478816238000036)","Unfall 205377 (2018) Kat:3, Licht: 0","205377","3","6","3","09","17","4","0","0","1","1","0","0"
"POINT (13.516932126000029 52.470621057000074)","Unfall 205378 (2018) Kat:3, Licht: 0","205378","3","6","3","09","06","5","0","0","0","1","0","1"
"POINT (13.550485804000061 52.542459990000054)","Unfall 205379 (2018) Kat:3, Licht: 0","205379","3","7","6","09","16","2","0","0","1","0","1","0"
"POINT (13.343022812000072 52.526166072000080)","Unfall 205380 (2018) Kat:3, Licht: 0","205380","3","2","0","09","16","4","0","0","1","1","0","0"
"POINT (13.340667478000057 52.595870360000049)","Unfall 205381 (2018) Kat:3, Licht: 0","205381","3","7","5","09","13","4","0","0","0","1","0","0"
"POINT (13.606456332000050 52.527406944000063)","Unfall 205382 (2018) Kat:3, Licht: 0","205382","3","3","5","09","16","4","0","0","1","1","0","0"
"POINT (13.349869486000046 52.421213915000067)","Unfall 205383 (2018) Kat:3, Licht: 0","205383","3","7","5","09","15","2","0","0","1","1","0","0"
"POINT (13.303815985000028 52.458768146000068)","Unfall 205384 (2018) Kat:3, Licht: 0","205384","3","3","5","09","14","5","0","0","1","1","0","0"
"POINT (13.384219336000058 52.405016043000046)","Unfall 205385 (2018) Kat:3, Licht: 0","205385","3","5","1","09","15","2","0","0","0","1","0","0"
"POINT (13.431858112000043 52.499838804000035)","Unfall 205386 (2018) Kat:3, Licht: 0","205386","3","3","5","09","08","4","0","0","1","0","0","0"
"POINT (13.445050300000048 52.590613153000049)","Unfall 205387 (2018) Kat:3, Licht: 2","205387","3","3","5","09","19","5","0","2","0","1","0","0"
"POINT (13.569626737000021 52.441874602000041)","Unfall 205388 (2018) Kat:3, Licht: 0","205388","3","2","2","09","15","2","0","0","0","1","0","0"
"POINT (13.286014612000031 52.453291256000057)","Unfall 205389 (2018) Kat:3, Licht: 2","205389","3","6","2","09","23","4","0","2","0","1","0","0"
"POINT (13.436182129000031 52.472802583000032)","Unfall 205390 (2018) Kat:3, Licht: 0","205390","3","3","5","09","13","4","0","0","1","1","0","0"
"POINT (13.452686663000065 52.539390520000040)","Unfall 205391 (2018) Kat:3, Licht: 0","205391","3","6","2","09","16","4","0","0","0","1","0","1"
"POINT (13.420245518000058 52.507069715000057)","Unfall 205392 (2018) Kat:3, Licht: 2","205392","3","6","3","09","23","2","0","2","1","0","0","1"
"POINT (13.377453943000035 52.464870216000065)","Unfall 205393 (2018) Kat:3, Licht: 0","205393","3","2","5","09","15","4","0","0","1","1","0","0"
"POINT (13.350208513000041 52.549719137000068)","Unfall 205394 (2018) Kat:3, Licht: 2","205394","3","2","5","09","21","4","0","2","0","1","0","0"
"POINT (13.380837624000037 52.516366200000050)","Unfall 205395 (2018) Kat:3, Licht: 0","205395","3","2","0","09","11","2","0","0","1","1","0","0"
"POINT (13.513869992000025 52.505486281000060)","Unfall 205396 (2018) Kat:3, Licht: 0","205396","3","2","5","09","08","4","0","0","1","0","0","0"
"POINT (13.202111198000068 52.493248537000056)","Unfall 205397 (2018) Kat:3, Licht: 0","205397","3","6","3","09","17","4","0","0","1","1","0","0"
"POINT (13.151932524000074 52.553672075000065)","Unfall 205398 (2018) Kat:3, Licht: 2","205398","3","3","5","09","23","1","0","2","0","1","0","0"
"POINT (13.446893978000048 52.426991462000046)","Unfall 205399 (2018) Kat:3, Licht: 2","205399","3","2","5","09","21","4","0","2","0","1","0","0"
"POINT (13.435256349000042 52.486023670000066)","Unfall 205400 (2018) Kat:3, Licht: 2","205400","3","3","5","09","21","1","0","2","1","1","0","0"
"POINT (13.433408015000055 52.444112162000067)","Unfall 205401 (2018) Kat:3, Licht: 0","205401","3","2","5","09","08","4","0","0","1","0","0","0"
"POINT (13.265792646000023 52.416234508000059)","Unfall 205402 (2018) Kat:2, Licht: 0","205402","2","6","3","09","17","1","0","0","1","0","0","0"
"POINT (13.329405015000077 52.568081494000069)","Unfall 205403 (2018) Kat:3, Licht: 0","205403","3","3","5","09","16","1","0","0","0","1","0","0"
"POINT (13.483078012000021 52.462284113000067)","Unfall 205404 (2018) Kat:3, Licht: 2","205404","3","5","5","09","20","4","0","2","0","1","0","0"
"POINT (13.351128674000051 52.549808896000059)","Unfall 205405 (2018) Kat:3, Licht: 2","205405","3","5","1","09","22","5","0","2","1","1","0","0"
"POINT (13.584637229000066 52.451709457000049)","Unfall 205406 (2018) Kat:3, Licht: 0","205406","3","6","2","09","08","4","0","0","0","1","0","0"
"POINT (13.407220467000059 52.486059399000055)","Unfall 205407 (2018) Kat:3, Licht: 0","205407","3","7","5","09","08","4","0","0","1","1","0","0"
"POINT (13.330369726000072 52.500376365000079)","Unfall 205408 (2018) Kat:3, Licht: 0","205408","3","7","2","09","15","1","0","0","0","1","0","1"
"POINT (13.389147484000034 52.583556804000068)","Unfall 205409 (2018) Kat:3, Licht: 0","205409","3","7","2","09","15","4","0","0","0","1","0","1"
"POINT (13.399220040000046 52.546417577000057)","Unfall 205410 (2018) Kat:3, Licht: 0","205410","3","6","3","09","15","1","0","0","1","0","0","1"
"POINT (13.371610455000052 52.423599704000026)","Unfall 205411 (2018) Kat:2, Licht: 0","205411","2","3","5","09","16","4","0","0","0","1","0","1"
"POINT (13.408149006000031 52.541439663000062)","Unfall 205412 (2018) Kat:3, Licht: 0","205412","3","3","5","09","13","1","0","0","0","1","0","0"
"POINT (13.407309762000068 52.482427257000040)","Unfall 205413 (2018) Kat:3, Licht: 0","205413","3","3","5","09","13","1","0","0","1","0","0","1"
"POINT (13.210864399000059 52.550585341000044)","Unfall 205414 (2018) Kat:2, Licht: 0","205414","2","4","6","09","15","4","0","0","0","1","1","0"
"POINT (13.526661752000052 52.428791500000045)","Unfall 205415 (2018) Kat:2, Licht: 0","205415","2","2","5","09","13","1","0","0","0","1","0","0"
"POINT (13.360655391000023 52.537476875000038)","Unfall 205416 (2018) Kat:3, Licht: 0","205416","3","6","3","09","12","1","0","0","0","1","0","0"
"POINT (13.376116362000062 52.409329189000061)","Unfall 205417 (2018) Kat:3, Licht: 0","205417","3","3","5","09","07","4","0","0","1","1","0","0"
"POINT (13.389567634000059 52.550167260000080)","Unfall 205418 (2018) Kat:2, Licht: 0","205418","2","5","5","09","15","4","0","0","0","1","0","1"
"POINT (13.432325947000038 52.466476850000049)","Unfall 205419 (2018) Kat:3, Licht: 0","205419","3","6","2","09","11","5","0","0","0","1","0","0"
"POINT (13.464251371000046 52.509592735000069)","Unfall 205420 (2018) Kat:3, Licht: 0","205420","3","3","5","09","12","1","0","0","0","1","0","0"
"POINT (13.284687735000034 52.469644570000071)","Unfall 205421 (2018) Kat:3, Licht: 0","205421","3","3","0","09","15","4","0","0","1","1","0","0"
"POINT (13.459089333000065 52.440427904000046)","Unfall 205422 (2018) Kat:3, Licht: 0","205422","3","3","5","09","13","4","0","0","1","1","0","0"
"POINT (13.303988790000062 52.426465617000076)","Unfall 205423 (2018) Kat:3, Licht: 0","205423","3","6","2","09","11","1","0","0","0","1","0","0"
"POINT (13.277241413000070 52.502082034000068)","Unfall 205424 (2018) Kat:2, Licht: 0","205424","2","1","0","09","10","1","0","0","0","0","0","1"
"POINT (13.452097172000038 52.490268503000038)","Unfall 205425 (2018) Kat:3, Licht: 0","205425","3","2","0","09","08","4","0","0","1","0","0","1"
"POINT (13.226082909000070 52.587334478000059)","Unfall 205426 (2018) Kat:3, Licht: 0","205426","3","3","5","09","09","1","0","0","0","1","0","0"
"POINT (13.347537073000069 52.489235164000036)","Unfall 205427 (2018) Kat:3, Licht: 0","205427","3","4","6","09","08","1","0","0","0","1","1","0"
"POINT (13.375597746000039 52.455377781000038)","Unfall 205428 (2018) Kat:3, Licht: 0","205428","3","6","2","09","17","3","0","0","1","1","0","0"
"POINT (13.275192507000042 52.419441132000031)","Unfall 205429 (2018) Kat:3, Licht: 1","205429","3","5","1","09","07","3","0","1","1","0","0","0"
"POINT (13.312223038000070 52.627610858000082)","Unfall 205430 (2018) Kat:3, Licht: 0","205430","3","3","5","09","07","5","0","0","1","1","0","0"
"POINT (13.509687532000044 52.472955069000079)","Unfall 205431 (2018) Kat:3, Licht: 0","205431","3","2","2","09","12","1","0","0","0","1","0","0"
"POINT (13.506846860000053 52.403174034000074)","Unfall 205432 (2018) Kat:3, Licht: 0","205432","3","5","1","09","13","3","0","0","0","1","0","0"
"POINT (13.399583556000039 52.498375462000070)","Unfall 205433 (2018) Kat:2, Licht: 0","205433","2","3","5","09","16","5","0","0","0","1","0","1"
"POINT (13.305195673000071 52.525712788000078)","Unfall 205434 (2018) Kat:3, Licht: 2","205434","3","6","0","09","21","3","0","2","0","1","0","1"
"POINT (13.488086634000069 52.421886484000026)","Unfall 205435 (2018) Kat:3, Licht: 0","205435","3","6","2","09","10","7","0","0","0","1","0","0"
"POINT (13.386201537000034 52.513675487000057)","Unfall 205436 (2018) Kat:3, Licht: 1","205436","3","3","0","09","19","3","0","1","0","1","0","1"
"POINT (13.408710729000063 52.549991663000071)","Unfall 205437 (2018) Kat:3, Licht: 0","205437","3","5","5","09","10","5","0","0","1","1","0","0"
"POINT (13.467404613000042 52.495920625000053)","Unfall 205438 (2018) Kat:3, Licht: 0","205438","3","2","5","09","06","7","0","0","1","1","0","0"
"POINT (13.421944161000056 52.505124745000046)","Unfall 205439 (2018) Kat:3, Licht: 2","205439","3","3","0","09","22","3","0","2","0","1","0","1"
"POINT (13.361218666000070 52.555050240000071)","Unfall 205440 (2018) Kat:3, Licht: 0","205440","3","1","0","09","18","3","0","0","1","0","0","0"
"POINT (13.361171279000075 52.555025364000073)","Unfall 205441 (2018) Kat:3, Licht: 2","205441","3","4","0","09","05","7","0","2","0","1","1","0"
"POINT (13.379297365000070 52.522534751000080)","Unfall 205442 (2018) Kat:3, Licht: 0","205442","3","2","0","09","09","7","0","0","0","1","0","1"
"POINT (13.420420874000058 52.498473103000038)","Unfall 205443 (2018) Kat:3, Licht: 0","205443","3","4","6","09","18","3","0","0","0","1","1","0"
"POINT (13.614754024000035 52.540509488000055)","Unfall 205444 (2018) Kat:3, Licht: 0","205444","3","2","2","09","11","7","0","0","1","1","0","0"
"POINT (13.351228252000055 52.509490770000070)","Unfall 205445 (2018) Kat:3, Licht: 0","205445","3","7","0","09","09","6","0","0","0","1","0","1"
"POINT (13.216215733000070 52.560598784000035)","Unfall 205446 (2018) Kat:3, Licht: 0","205446","3","3","5","09","11","7","0","0","0","1","0","0"
"POINT (13.320280514000046 52.497882625000045)","Unfall 205447 (2018) Kat:2, Licht: 0","205447","2","3","5","09","18","3","0","0","0","1","0","1"
"POINT (13.323286864000067 52.497786056000052)","Unfall 205448 (2018) Kat:3, Licht: 0","205448","3","5","0","09","18","3","0","0","1","1","0","0"
"POINT (13.461558081000021 52.559152752000045)","Unfall 205449 (2018) Kat:3, Licht: 0","205449","3","6","2","09","10","7","0","0","0","1","0","0"
"POINT (13.382361342000024 52.493191687000035)","Unfall 205450 (2018) Kat:3, Licht: 0","205450","3","6","3","09","17","3","0","0","0","1","0","1"
"POINT (13.326392747000057 52.421118336000063)","Unfall 205451 (2018) Kat:3, Licht: 0","205451","3","3","5","09","09","4","0","0","0","1","0","0"
"POINT (13.391554911000071 52.555433597000047)","Unfall 205452 (2018) Kat:2, Licht: 0","205452","2","2","5","09","14","3","0","0","1","1","0","0"
"POINT (13.290365661000067 52.474025135000034)","Unfall 205453 (2018) Kat:3, Licht: 0","205453","3","5","1","09","14","3","0","0","1","1","0","0"
"POINT (13.364348859000074 52.562644005000038)","Unfall 205454 (2018) Kat:3, Licht: 0","205454","3","2","5","09","08","3","0","0","1","1","0","0"
"POINT (13.329627707000043 52.458127417000071)","Unfall 205455 (2018) Kat:3, Licht: 0","205455","3","3","5","09","14","3","0","0","1","1","0","0"
"POINT (13.242395717000022 52.616710874000034)","Unfall 205456 (2018) Kat:3, Licht: 0","205456","3","6","4","09","18","5","0","0","1","0","0","0"
"POINT (13.380837624000037 52.516366200000050)","Unfall 205457 (2018) Kat:3, Licht: 0","205457","3","2","4","09","09","3","0","0","1","1","0","0"
"POINT (13.328541449000056 52.474833256000068)","Unfall 205458 (2018) Kat:3, Licht: 0","205458","3","1","9","09","18","4","0","0","0","0","0","1"
"POINT (13.388290318000031 52.550068592000059)","Unfall 205459 (2018) Kat:3, Licht: 0","205459","3","5","1","09","11","3","0","0","0","0","0","1"
"POINT (13.442756036000048 52.551081293000038)","Unfall 205460 (2018) Kat:3, Licht: 0","205460","3","3","5","09","07","2","0","0","0","1","0","1"
"POINT (13.413977133000060 52.547611780000068)","Unfall 205461 (2018) Kat:3, Licht: 0","205461","3","5","1","09","16","3","0","0","1","0","0","0"
"POINT (13.391761657000075 52.538842639000052)","Unfall 205462 (2018) Kat:3, Licht: 0","205462","3","3","5","09","17","2","1","0","0","1","0","0"
"POINT (13.398206222000056 52.506985878000080)","Unfall 205463 (2018) Kat:3, Licht: 0","205463","3","2","6","09","09","3","0","0","0","1","1","0"
"POINT (13.377527692000058 52.465024776000064)","Unfall 205464 (2018) Kat:3, Licht: 0","205464","3","6","3","09","17","5","0","0","0","1","0","1"
"POINT (13.409900017000041 52.459920750000038)","Unfall 205465 (2018) Kat:3, Licht: 0","205465","3","6","2","09","17","2","1","0","0","1","0","0"
"POINT (13.289251620000073 52.506641787000035)","Unfall 205466 (2018) Kat:3, Licht: 0","205466","3","6","2","09","09","3","0","0","0","1","0","1"
"POINT (13.413551187000053 52.491667077000045)","Unfall 205467 (2018) Kat:3, Licht: 0","205467","3","7","2","09","14","2","0","0","0","1","0","0"
"POINT (13.301596610000047 52.580018940000059)","Unfall 205468 (2018) Kat:3, Licht: 0","205468","3","7","2","09","16","5","0","0","0","1","0","0"
"POINT (13.375979798000060 52.536249235000071)","Unfall 205469 (2018) Kat:3, Licht: 0","205469","3","2","2","09","16","2","1","0","1","1","0","0"
"POINT (13.439680417000034 52.523934230000066)","Unfall 205470 (2018) Kat:3, Licht: 0","205470","3","2","3","09","16","4","0","0","0","1","0","0"
"POINT (13.487797473000057 52.466176220000079)","Unfall 205471 (2018) Kat:3, Licht: 0","205471","3","6","2","09","16","2","1","0","0","1","0","0"
"POINT (13.309266869000055 52.506492173000026)","Unfall 205472 (2018) Kat:2, Licht: 0","205472","2","1","0","09","16","2","1","0","0","0","0","1"
"POINT (13.475454959000047 52.520395442000051)","Unfall 205473 (2018) Kat:3, Licht: 0","205473","3","2","5","09","13","3","0","0","1","1","0","0"
"POINT (13.287240827000062 52.516887829000041)","Unfall 205474 (2018) Kat:3, Licht: 0","205474","3","7","2","09","16","2","1","0","0","1","0","0"
"POINT (13.337338941000041 52.558644041000036)","Unfall 205475 (2018) Kat:3, Licht: 0","205475","3","2","5","09","15","6","0","0","0","1","0","0"
"POINT (13.525494555000023 52.482138204000080)","Unfall 205476 (2018) Kat:3, Licht: 0","205476","3","3","5","09","16","6","0","0","1","0","0","0"
"POINT (13.438816601000042 52.544279427000049)","Unfall 205477 (2018) Kat:3, Licht: 0","205477","3","3","5","09","17","3","0","0","0","1","0","1"
"POINT (13.447048464000034 52.436939225000060)","Unfall 205478 (2018) Kat:2, Licht: 0","205478","2","4","6","09","16","2","1","0","0","1","1","0"
"POINT (13.194548694000048 52.545686935000049)","Unfall 205479 (2018) Kat:3, Licht: 0","205479","3","2","5","09","15","5","0","0","1","1","0","0"
"POINT (13.406662507000021 52.522825517000058)","Unfall 205480 (2018) Kat:3, Licht: 0","205480","3","5","0","09","15","2","0","0","1","1","0","0"
"POINT (13.359256880000032 52.498266072000035)","Unfall 205481 (2018) Kat:3, Licht: 1","205481","3","4","6","09","18","4","0","1","1","0","1","0"
"POINT (13.179492839000034 52.507282843000041)","Unfall 205482 (2018) Kat:2, Licht: 0","205482","2","4","6","09","15","2","0","0","1","0","1","0"
"POINT (13.411519062000025 52.582263872000055)","Unfall 205483 (2018) Kat:3, Licht: 0","205483","3","7","2","09","15","2","1","0","0","1","0","0"
"POINT (13.389376266000056 52.513601182000059)","Unfall 205484 (2018) Kat:3, Licht: 0","205484","3","5","1","09","09","3","0","0","0","1","0","1"
"POINT (13.198247941000034 52.533023694000065)","Unfall 205485 (2018) Kat:3, Licht: 0","205485","3","2","5","09","15","2","1","0","1","0","0","0"
"POINT (13.411760398000069 52.543061774000080)","Unfall 205486 (2018) Kat:3, Licht: 0","205486","3","3","5","09","16","4","0","0","1","1","0","0"
"POINT (13.535643754000034 52.539009938000049)","Unfall 205487 (2018) Kat:2, Licht: 0","205487","2","6","3","09","15","2","1","0","1","1","0","0"
"POINT (13.374959757000056 52.556773572000054)","Unfall 205488 (2018) Kat:3, Licht: 0","205488","3","6","2","09","14","2","1","0","0","1","0","0"
"POINT (13.372059814000067 52.469766220000054)","Unfall 205489 (2018) Kat:3, Licht: 0","205489","3","2","5","09","11","3","0","0","0","1","0","0"
"POINT (13.285380177000036 52.595114320000050)","Unfall 205490 (2018) Kat:3, Licht: 0","205490","3","6","2","09","14","2","1","0","0","1","0","0"
"POINT (13.385443620000046 52.518513312000039)","Unfall 205491 (2018) Kat:3, Licht: 0","205491","3","2","5","09","15","6","0","0","1","1","0","0"
"POINT (13.300482376000048 52.500204208000071)","Unfall 205492 (2018) Kat:3, Licht: 1","205492","3","2","5","09","18","5","0","1","1","1","0","0"
"POINT (13.318648386000064 52.454120017000037)","Unfall 205493 (2018) Kat:2, Licht: 0","205493","2","2","5","09","10","3","0","0","1","0","0","0"
"POINT (13.323590200000069 52.428762949000031)","Unfall 205494 (2018) Kat:3, Licht: 0","205494","3","6","2","09","14","2","1","0","0","1","0","0"
"POINT (13.202678534000029 52.537971923000043)","Unfall 205495 (2018) Kat:3, Licht: 0","205495","3","1","2","09","10","5","0","0","0","1","0","1"
"POINT (13.525615098000060 52.464610088000029)","Unfall 205496 (2018) Kat:3, Licht: 0","205496","3","6","2","09","14","2","1","0","0","1","0","1"
"POINT (13.430140877000042 52.551361223000072)","Unfall 205497 (2018) Kat:3, Licht: 0","205497","3","2","5","09","11","4","0","0","0","1","0","0"
"POINT (13.309000447000074 52.590547294000032)","Unfall 205498 (2018) Kat:3, Licht: 0","205498","3","6","2","09","14","2","1","0","0","1","0","0"
"POINT (13.243204016000050 52.543794617000060)","Unfall 205499 (2018) Kat:3, Licht: 0","205499","3","6","2","09","14","2","0","0","0","1","0","0"
"POINT (13.330210107000028 52.466538471000035)","Unfall 205500 (2018) Kat:2, Licht: 0","205500","2","5","1","09","11","3","0","0","1","1","0","0"
"POINT (13.221006915000032 52.528536885000051)","Unfall 205501 (2018) Kat:3, Licht: 2","205501","3","4","2","09","23","2","1","2","0","1","1","0"
"POINT (13.347196799000073 52.530772690000049)","Unfall 205502 (2018) Kat:3, Licht: 2","205502","3","2","5","09","20","5","0","2","1","1","0","0"
"POINT (13.400112750000062 52.459067598000047)","Unfall 205503 (2018) Kat:3, Licht: 2","205503","3","3","5","09","22","2","0","2","0","1","0","0"
"POINT (13.354540543000041 52.562101028000029)","Unfall 205504 (2018) Kat:3, Licht: 0","205504","3","6","2","09","13","6","0","0","0","1","0","0"
"POINT (13.430650190000051 52.481480965000060)","Unfall 205505 (2018) Kat:3, Licht: 0","205505","3","6","3","09","08","5","0","0","1","1","0","0"
"POINT (13.400594647000048 52.510036713000034)","Unfall 205506 (2018) Kat:2, Licht: 0","205506","2","3","5","09","10","3","0","0","1","1","0","0"
"POINT (13.350206163000053 52.414224088000026)","Unfall 205507 (2018) Kat:2, Licht: 1","205507","2","3","5","09","21","2","0","1","1","1","0","0"
"POINT (13.247443471000054 52.541458506000026)","Unfall 205508 (2018) Kat:2, Licht: 0","205508","2","3","5","09","15","5","0","0","0","1","0","1"
"POINT (13.323929524000050 52.493886184000075)","Unfall 205509 (2018) Kat:3, Licht: 1","205509","3","1","2","09","19","2","1","1","0","1","0","1"
"POINT (13.315829712000038 52.559524399000054)","Unfall 205510 (2018) Kat:3, Licht: 0","205510","3","6","0","09","09","4","0","0","1","0","0","0"
"POINT (13.297362994000025 52.510603606000075)","Unfall 205511 (2018) Kat:3, Licht: 0","205511","3","3","5","09","17","2","1","0","1","1","0","0"
"POINT (13.361944768000058 52.504427400000054)","Unfall 205512 (2018) Kat:3, Licht: 1","205512","3","7","5","09","18","2","1","1","0","1","0","1"
"POINT (13.380641944000047 52.516622457000040)","Unfall 205513 (2018) Kat:3, Licht: 0","205513","3","2","5","09","17","3","0","0","1","0","0","0"
"POINT (13.276867178000032 52.464309097000069)","Unfall 205514 (2018) Kat:3, Licht: 0","205514","3","5","1","09","17","2","0","0","0","1","0","0"
"POINT (13.388114227000074 52.588819353000076)","Unfall 205515 (2018) Kat:3, Licht: 1","205515","3","2","5","09","18","5","0","1","1","1","0","0"
"POINT (13.271250091000070 52.510214825000048)","Unfall 205516 (2018) Kat:3, Licht: 1","205516","3","7","0","09","16","2","1","1","0","1","0","1"
"POINT (13.532301834000066 52.461641374000067)","Unfall 205517 (2018) Kat:2, Licht: 0","205517","2","3","5","09","17","4","0","0","0","1","0","0"
"POINT (13.466295929000069 52.523234586000058)","Unfall 205518 (2018) Kat:3, Licht: 0","205518","3","3","0","09","17","2","0","0","0","1","0","0"
"POINT (13.334358519000034 52.505446992000032)","Unfall 205519 (2018) Kat:3, Licht: 0","205519","3","6","3","09","17","2","1","0","1","0","0","0"
"POINT (13.418116812000051 52.515914176000081)","Unfall 205520 (2018) Kat:3, Licht: 0","205520","3","6","2","09","15","3","0","0","0","1","0","0"
"POINT (13.490787862000047 52.468669771000066)","Unfall 205521 (2018) Kat:3, Licht: 2","205521","3","7","2","09","21","2","1","2","0","1","0","1"
"POINT (13.405247867000071 52.533962781000071)","Unfall 205522 (2018) Kat:3, Licht: 0","205522","3","3","0","09","10","4","0","0","1","1","0","0"
"POINT (13.440867700000069 52.635316889000080)","Unfall 205523 (2018) Kat:3, Licht: 2","205523","3","7","0","09","21","2","1","2","0","0","0","1"
"POINT (13.315733460000047 52.458729784000070)","Unfall 205524 (2018) Kat:2, Licht: 0","205524","2","1","2","09","13","2","0","0","0","1","0","1"
"POINT (13.579774763000046 52.404789229000073)","Unfall 205525 (2018) Kat:3, Licht: 0","205525","3","6","0","09","07","4","1","0","0","1","0","1"
"POINT (13.339284670000040 52.450881239000068)","Unfall 205526 (2018) Kat:2, Licht: 0","205526","2","7","5","09","13","2","0","0","0","1","0","1"
"POINT (13.508234493000032 52.463637899000048)","Unfall 205527 (2018) Kat:3, Licht: 0","205527","3","6","3","09","08","3","0","0","0","1","0","0"
"POINT (13.383959468000057 52.555638445000056)","Unfall 205528 (2018) Kat:3, Licht: 0","205528","3","4","6","09","12","2","0","0","0","0","1","0"
"POINT (13.442386466000073 52.465775349000069)","Unfall 205529 (2018) Kat:3, Licht: 0","205529","3","2","5","09","17","5","0","0","0","1","0","1"
"POINT (13.393769830000053 52.528581710000026)","Unfall 205530 (2018) Kat:2, Licht: 0","205530","2","3","5","09","12","2","0","0","0","1","0","1"
"POINT (13.503626034000035 52.630731484000080)","Unfall 205531 (2018) Kat:3, Licht: 0","205531","3","6","3","09","15","4","0","0","1","1","0","0"
"POINT (13.458862585000077 52.440190008000059)","Unfall 205532 (2018) Kat:3, Licht: 0","205532","3","7","6","09","12","2","0","0","0","1","1","0"
"POINT (13.336750049000045 52.504265051000061)","Unfall 205533 (2018) Kat:3, Licht: 0","205533","3","6","0","09","12","2","0","0","0","1","0","0"
"POINT (13.537559993000059 52.418686938000064)","Unfall 205534 (2018) Kat:3, Licht: 0","205534","3","7","2","09","13","3","0","0","0","1","0","0"
"POINT (13.344966699000054 52.486341122000056)","Unfall 205535 (2018) Kat:3, Licht: 0","205535","3","1","2","09","12","2","0","0","0","1","0","0"
"POINT (13.443780577000041 52.503628113000048)","Unfall 205536 (2018) Kat:3, Licht: 0","205536","3","3","5","09","15","6","0","0","1","0","0","1"
"POINT (13.330762468000046 52.485079163000080)","Unfall 205537 (2018) Kat:3, Licht: 0","205537","3","2","5","09","11","6","0","0","1","1","0","0"
"POINT (13.379398311000045 52.523973254000055)","Unfall 205538 (2018) Kat:3, Licht: 0","205538","3","6","3","09","08","3","0","0","1","1","0","0"
"POINT (13.428701180000076 52.518942852000066)","Unfall 205539 (2018) Kat:3, Licht: 0","205539","3","2","5","09","11","2","0","0","1","1","0","0"
"POINT (13.362266541000054 52.505461074000038)","Unfall 205540 (2018) Kat:3, Licht: 0","205540","3","3","5","09","13","5","0","0","0","1","0","0"
"POINT (13.380372403000024 52.518084156000043)","Unfall 205541 (2018) Kat:3, Licht: 0","205541","3","2","5","09","08","6","0","0","1","0","0","0"
"POINT (13.230031661000055 52.430915876000029)","Unfall 205542 (2018) Kat:3, Licht: 0","205542","3","2","5","09","08","3","0","0","0","1","0","0"
"POINT (13.206951587000049 52.533382134000078)","Unfall 205543 (2018) Kat:3, Licht: 0","205543","3","4","6","09","15","5","0","0","1","0","1","0"
"POINT (13.432055924000053 52.499335139000038)","Unfall 205544 (2018) Kat:3, Licht: 0","205544","3","3","5","09","08","2","0","0","0","1","0","0"
"POINT (13.377706759000034 52.465826147000030)","Unfall 205545 (2018) Kat:2, Licht: 2","205545","2","6","3","09","23","4","0","2","1","1","0","0"
"POINT (13.417328368000028 52.394724365000059)","Unfall 205546 (2018) Kat:3, Licht: 0","205546","3","3","0","09","11","2","0","0","0","1","0","1"
"POINT (13.333121842000025 52.560470207000037)","Unfall 205547 (2018) Kat:3, Licht: 0","205547","3","2","0","09","11","2","1","0","1","1","0","0"
"POINT (13.321201842000050 52.429462982000075)","Unfall 205548 (2018) Kat:3, Licht: 0","205548","3","3","5","09","10","3","0","0","1","1","0","0"
"POINT (13.224896969000042 52.528869555000028)","Unfall 205549 (2018) Kat:3, Licht: 0","205549","3","6","2","09","09","2","0","0","0","1","0","0"
"POINT (13.336077031000059 52.514235608000035)","Unfall 205550 (2018) Kat:2, Licht: 0","205550","2","2","5","09","08","6","0","0","1","1","0","0"
"POINT (13.377972184000043 52.473194968000030)","Unfall 205551 (2018) Kat:3, Licht: 0","205551","3","5","1","09","09","5","0","0","1","1","0","0"
"POINT (13.351138636000030 52.509633982000082)","Unfall 205552 (2018) Kat:3, Licht: 0","205552","3","2","5","09","08","3","0","0","1","1","0","0"
"POINT (13.423070860000053 52.607161368000050)","Unfall 205553 (2018) Kat:3, Licht: 0","205553","3","3","5","09","08","2","0","0","1","1","0","0"
"POINT (13.267310498000029 52.409461096000030)","Unfall 205554 (2018) Kat:2, Licht: 0","205554","2","4","6","09","13","5","0","0","0","1","1","0"
"POINT (13.537042381000049 52.539665907000028)","Unfall 205555 (2018) Kat:3, Licht: 0","205555","3","6","2","09","08","2","0","0","0","0","0","1"
"POINT (13.331990121000047 52.442519026000070)","Unfall 205556 (2018) Kat:3, Licht: 0","205556","3","2","2","09","10","4","0","0","0","1","0","0"
"POINT (13.349860867000075 52.500415907000047)","Unfall 205557 (2018) Kat:3, Licht: 0","205557","3","3","5","09","08","2","0","0","0","1","0","0"
"POINT (13.317348125000024 52.512101231000031)","Unfall 205558 (2018) Kat:3, Licht: 0","205558","3","3","0","09","08","2","1","0","1","0","0","0"
"POINT (13.147721814000022 52.418159278000076)","Unfall 205559 (2018) Kat:3, Licht: 0","205559","3","2","2","09","07","2","1","0","0","1","0","0"
"POINT (13.461829653000052 52.564780388000031)","Unfall 205560 (2018) Kat:3, Licht: 0","205560","3","2","5","09","13","4","0","0","1","1","0","0"
"POINT (13.323877584000059 52.587638599000059)","Unfall 205561 (2018) Kat:3, Licht: 2","205561","3","2","2","09","06","2","1","2","0","1","0","0"
"POINT (13.434212732000049 52.442814220000059)","Unfall 205562 (2018) Kat:3, Licht: 2","205562","3","1","8","09","05","2","1","2","0","1","0","0"