WKT,Name,OBJECTID,UKATEGORIE,UTYP1,UART,UMONAT,USTUNDE,UWOCHENTAG,STRZUSTAND,ULICHTVERH,ISTRAD,ISTPKW,ISTFUSS,ISTKRAD
"POINT (13.453654631000063 52.435116439000069)","Unfall 205563 (2018) Kat:3, Licht: 0","205563","3","6","2","09","16","2","0","0","0","1","0","0"
"POINT (13.315107421000050 52.576500410000051)","Unfall 205564 (2018) Kat:2, Licht: 2","205564","2","3","5","09","22","5","0","2","0","1","0","0"
"POINT (13.285027687000024 52.493974232000028)","Unfall 205565 (2018) Kat:3, Licht: 0","205565","3","2","5","09","17","3","0","0","1","1","0","0"
"POINT (13.498582505000059 52.410375824000027)","Unfall 205566 (2018) Kat:3, Licht: 2","205566","3","3","5","09","05","1","0","2","0","1","0","0"
"POINT (13.377147567000065 52.528156901000045)","Unfall 205567 (2018) Kat:3, Licht: 0","205567","3","7","0","09","12","5","0","0","1","0","0","0"
"POINT (13.452350331000048 52.481297149000056)","Unfall 205568 (2018) Kat:3, Licht: 2","205568","3","3","5","09","23","1","1","2","0","1","0","0"
"POINT (13.377599819000068 52.562943144000030)","Unfall 205569 (2018) Kat:2, Licht: 0","205569","2","2","5","09","08","4","0","0","0","1","0","1"
"POINT (13.159450473000049 52.552357491000066)","Unfall 205570 (2018) Kat:3, Licht: 2","205570","3","2","6","09","19","1","1","2","0","1","1","0"
"POINT (13.403594009000074 52.393908374000034)","Unfall 205571 (2018) Kat:2, Licht: 0","205571","2","6","6","09","08","3","0","0","0","1","1","0"
"POINT (13.428557115000046 52.519542661000060)","Unfall 205572 (2018) Kat:3, Licht: 2","205572","3","3","5","09","19","1","1","2","0","1","0","0"
"POINT (13.296659812000030 52.513645987000075)","Unfall 205573 (2018) Kat:3, Licht: 0","205573","3","2","5","09","17","5","0","0","1","1","0","0"
"POINT (13.553711374000045 52.427152209000042)","Unfall 205574 (2018) Kat:3, Licht: 0","205574","3","6","2","09","07","3","0","0","0","1","0","0"
"POINT (13.360856774000069 52.494441805000065)","Unfall 205575 (2018) Kat:2, Licht: 1","205575","2","4","6","09","19","1","1","1","0","1","1","0"
"POINT (13.174563315000057 52.549522985000067)","Unfall 205576 (2018) Kat:2, Licht: 1","205576","2","5","1","09","19","5","0","1","0","0","0","1"
"POINT (13.383143523000058 52.530604882000034)","Unfall 205577 (2018) Kat:3, Licht: 1","205577","3","3","5","09","18","1","1","1","0","1","0","0"
"POINT (13.454178420000062 52.493858702000068)","Unfall 205578 (2018) Kat:3, Licht: 0","205578","3","2","5","09","17","4","0","0","1","1","0","0"
"POINT (13.350482218000025 52.547180068000046)","Unfall 205579 (2018) Kat:3, Licht: 0","205579","3","3","5","09","17","1","1","0","0","1","0","0"
"POINT (13.541684213000053 52.423197937000054)","Unfall 205580 (2018) Kat:3, Licht: 0","205580","3","6","2","09","17","1","1","0","0","1","0","0"
"POINT (13.432935528000030 52.596045468000057)","Unfall 205581 (2018) Kat:2, Licht: 0","205581","2","2","2","09","11","4","1","0","0","1","0","0"
"POINT (13.426967690000026 52.543679070000053)","Unfall 205582 (2018) Kat:3, Licht: 1","205582","3","3","5","09","16","1","1","1","1","0","0","0"
"POINT (13.471930536000059 52.616091469000082)","Unfall 205583 (2018) Kat:3, Licht: 0","205583","3","2","5","09","07","3","0","0","0","1","0","1"
"POINT (13.186669882000047 52.551192461000028)","Unfall 205584 (2018) Kat:3, Licht: 0","205584","3","7","6","09","16","5","0","0","0","1","1","0"
"POINT (13.458285322000052 52.485793575000059)","Unfall 205585 (2018) Kat:3, Licht: 0","205585","3","2","2","09","15","1","1","0","0","1","0","0"
"POINT (13.466450982000026 52.550534162000076)","Unfall 205586 (2018) Kat:3, Licht: 0","205586","3","2","0","09","15","4","0","0","1","0","0","0"
"POINT (13.577163750000068 52.564520439000034)","Unfall 205587 (2018) Kat:3, Licht: 0","205587","3","3","0","09","13","1","1","0","1","1","0","0"
"POINT (13.440740955000024 52.517452554000045)","Unfall 205588 (2018) Kat:3, Licht: 0","205588","3","2","2","09","12","1","0","0","0","1","0","0"
"POINT (13.501621634000060 52.510278987000049)","Unfall 205589 (2018) Kat:2, Licht: 0","205589","2","3","5","09","12","1","0","0","1","1","0","0"
"POINT (13.344895137000037 52.481820029000062)","Unfall 205590 (2018) Kat:3, Licht: 0","205590","3","6","2","09","16","4","0","0","0","1","0","0"
"POINT (13.298960980000061 52.468880723000041)","Unfall 205591 (2018) Kat:3, Licht: 0","205591","3","6","3","09","11","1","0","0","1","1","0","0"
"POINT (13.296429442000033 52.485766015000081)","Unfall 205592 (2018) Kat:2, Licht: 2","205592","2","4","6","09","05","1","0","2","0","1","1","0"
"POINT (13.367079857000022 52.493198834000054)","Unfall 205593 (2018) Kat:3, Licht: 2","205593","3","2","5","09","20","3","0","2","1","1","0","0"
"POINT (13.336548749000031 52.504106903000036)","Unfall 205594 (2018) Kat:2, Licht: 2","205594","2","1","9","09","03","1","0","2","0","1","0","0"
"POINT (13.563342725000041 52.437686016000043)","Unfall 205595 (2018) Kat:3, Licht: 0","205595","3","3","5","09","15","6","0","0","1","1","0","0"
"POINT (13.331461989000047 52.503921729000069)","Unfall 205596 (2018) Kat:3, Licht: 2","205596","3","7","0","09","23","6","0","2","0","1","0","0"
"POINT (13.328777014000025 52.454159192000077)","Unfall 205597 (2018) Kat:3, Licht: 1","205597","3","2","5","09","19","3","0","1","1","1","0","0"
"POINT (13.342658063000044 52.599267029000032)","Unfall 205598 (2018) Kat:2, Licht: 2","205598","2","2","2","09","00","1","1","2","0","0","0","0"
"POINT (13.303675190000035 52.525609637000059)","Unfall 205599 (2018) Kat:3, Licht: 0","205599","3","3","5","09","17","5","0","0","0","1","0","0"
"POINT (13.322092094000027 52.511816404000058)","Unfall 205600 (2018) Kat:3, Licht: 0","205600","3","3","5","09","08","1","0","0","1","1","0","0"
"POINT (13.320138093000025 52.434061951000047)","Unfall 205601 (2018) Kat:3, Licht: 2","205601","3","3","5","09","19","4","0","2","0","1","0","0"
"POINT (13.339866896000046 52.445117191000065)","Unfall 205602 (2018) Kat:3, Licht: 1","205602","3","1","0","09","18","1","1","1","0","0","0","1"
"POINT (13.390320556000063 52.507687189000080)","Unfall 205603 (2018) Kat:3, Licht: 2","205603","3","3","5","09","22","1","1","2","0","1","0","0"
"POINT (13.340784624000037 52.488561434000076)","Unfall 205604 (2018) Kat:3, Licht: 0","205604","3","3","5","09","18","3","0","0","1","1","0","0"
"POINT (13.392818689000023 52.452970334000042)","Unfall 205605 (2018) Kat:3, Licht: 0","205605","3","7","5","09","16","7","0","0","0","1","0","0"
"POINT (13.395192000000065 52.524403041000028)","Unfall 205606 (2018) Kat:3, Licht: 0","205606","3","4","6","09","14","6","0","0","1","0","1","0"
"POINT (13.513637278000033 52.464212203000045)","Unfall 205607 (2018) Kat:2, Licht: 0","205607","2","6","3","09","08","5","0","0","1","1","0","0"
"POINT (13.250405701000034 52.538059260000068)","Unfall 205608 (2018) Kat:3, Licht: 0","205608","3","6","2","09","07","3","0","0","0","1","0","0"
"POINT (13.360147108000035 52.546933229000047)","Unfall 205609 (2018) Kat:3, Licht: 0","205609","3","4","6","09","15","7","0","0","0","1","1","0"
"POINT (13.332411236000041 52.576125662000038)","Unfall 205610 (2018) Kat:3, Licht: 0","205610","3","6","2","09","12","3","0","0","0","1","0","1"
"POINT (13.240127275000077 52.607692354000051)","Unfall 205611 (2018) Kat:3, Licht: 0","205611","3","3","5","09","15","7","0","0","0","1","0","0"
"POINT (13.518182149000040 52.461504532000049)","Unfall 205612 (2018) Kat:3, Licht: 0","205612","3","2","5","09","15","6","0","0","1","1","0","0"
"POINT (13.464275461000057 52.550066642000047)","Unfall 205613 (2018) Kat:3, Licht: 0","205613","3","5","1","09","14","5","0","0","1","0","0","0"
"POINT (13.401477755000030 52.414548705000072)","Unfall 205614 (2018) Kat:3, Licht: 2","205614","3","2","6","09","05","3","0","2","0","1","1","0"
"POINT (13.511826736000046 52.550695065000070)","Unfall 205615 (2018) Kat:3, Licht: 0","205615","3","3","5","09","14","7","0","0","0","1","0","0"
"POINT (13.437211552000065 52.464355607000073)","Unfall 205616 (2018) Kat:3, Licht: 0","205616","3","3","5","09","11","5","0","0","1","1","0","0"
"POINT (13.379578798000068 52.481298859000049)","Unfall 205617 (2018) Kat:3, Licht: 0","205617","3","3","5","09","17","1","0","0","0","1","0","1"
"POINT (13.365647131000060 52.556827833000057)","Unfall 205618 (2018) Kat:3, Licht: 0","205618","3","2","5","09","13","7","0","0","0","1","0","0"
"POINT (13.461779497000066 52.518435507000049)","Unfall 205619 (2018) Kat:3, Licht: 0","205619","3","5","0","09","12","4","0","0","1","0","0","0"
"POINT (13.347976830000050 52.465543779000029)","Unfall 205620 (2018) Kat:3, Licht: 0","205620","3","6","3","09","12","7","1","0","1","1","0","0"
"POINT (13.369094368000049 52.488532052000039)","Unfall 205621 (2018) Kat:3, Licht: 0","205621","3","4","6","09","17","1","0","0","0","1","1","0"
"POINT (13.325847336000038 52.524927113000047)","Unfall 205622 (2018) Kat:2, Licht: 0","205622","2","3","5","09","12","7","0","0","0","1","0","1"
"POINT (13.467019022000045 52.567248935000066)","Unfall 205623 (2018) Kat:3, Licht: 0","205623","3","1","4","09","17","3","0","0","0","1","0","0"
"POINT (13.517131630000051 52.454301401000066)","Unfall 205624 (2018) Kat:3, Licht: 0","205624","3","6","2","09","11","7","0","0","0","1","0","0"
"POINT (13.469216833000075 52.498049954000066)","Unfall 205625 (2018) Kat:3, Licht: 0","205625","3","6","4","09","16","1","0","0","1","1","0","0"
"POINT (13.475799365000057 52.550563251000028)","Unfall 205626 (2018) Kat:2, Licht: 2","205626","2","3","0","09","20","5","0","2","1","1","0","0"
"POINT (13.574936627000056 52.446288926000079)","Unfall 205627 (2018) Kat:3, Licht: 0","205627","3","6","2","09","12","1","0","0","0","1","0","0"
"POINT (13.338519086000076 52.589950582000029)","Unfall 205628 (2018) Kat:3, Licht: 0","205628","3","3","5","09","09","7","1","0","0","1","0","0"
"POINT (13.574606976000041 52.453079766000030)","Unfall 205629 (2018) Kat:3, Licht: 0","205629","3","6","2","09","15","1","0","0","1","0","0","0"
"POINT (13.330632556000069 52.609817178000071)","Unfall 205630 (2018) Kat:2, Licht: 1","205630","2","1","0","09","19","5","0","1","0","0","0","1"
"POINT (13.277904467000042 52.428589106000061)","Unfall 205631 (2018) Kat:3, Licht: 0","205631","3","3","5","09","14","1","0","0","0","1","0","1"
"POINT (13.331425571000068 52.505245232000050)","Unfall 205632 (2018) Kat:3, Licht: 0","205632","3","3","5","09","08","7","0","0","1","1","0","0"
"POINT (13.421927131000075 52.489208010000027)","Unfall 205633 (2018) Kat:3, Licht: 0","205633","3","6","3","09","13","1","0","0","0","1","0","1"
"POINT (13.429381981000063 52.588646371000038)","Unfall 205634 (2018) Kat:2, Licht: 0","205634","2","3","5","09","12","5","0","0","1","1","0","0"
"POINT (13.499764125000070 52.468595470000082)","Unfall 205635 (2018) Kat:2, Licht: 0","205635","2","7","0","09","11","1","0","0","1","0","0","0"
"POINT (13.447598953000067 52.487281353000071)","Unfall 205636 (2018) Kat:3, Licht: 2","205636","3","1","1","09","02","7","0","2","0","1","0","0"
"POINT (13.398224723000055 52.515478891000043)","Unfall 205637 (2018) Kat:3, Licht: 0","205637","3","6","2","09","09","4","0","0","0","1","0","1"
"POINT (13.444714094000062 52.500960131000056)","Unfall 205638 (2018) Kat:3, Licht: 2","205638","3","4","6","09","01","7","0","2","0","1","1","0"
"POINT (13.532543876000034 52.510643728000048)","Unfall 205639 (2018) Kat:2, Licht: 2","205639","2","3","5","09","19","1","0","2","0","1","0","0"
"POINT (13.422225426000068 52.467490321000071)","Unfall 205640 (2018) Kat:3, Licht: 2","205640","3","7","6","09","02","7","1","2","0","1","1","0"
"POINT (13.462825287000044 52.469237490000069)","Unfall 205641 (2018) Kat:3, Licht: 0","205641","3","4","6","09","16","3","0","0","0","1","1","0"
"POINT (13.505397110000047 52.509090891000028)","Unfall 205642 (2018) Kat:2, Licht: 2","205642","2","2","5","09","21","7","0","2","0","1","0","1"
"POINT (13.578867529000036 52.443768330000069)","Unfall 205643 (2018) Kat:2, Licht: 0","205643","2","1","1","09","15","1","0","0","0","1","0","0"
"POINT (13.514242051000053 52.535242140000037)","Unfall 205644 (2018) Kat:2, Licht: 0","205644","2","2","5","09","18","5","0","0","0","1","0","1"
"POINT (13.644698338000069 52.455683116000046)","Unfall 205645 (2018) Kat:2, Licht: 0","205645","2","1","8","09","18","1","0","0","0","0","0","1"
"POINT (13.196552186000076 52.526174430000026)","Unfall 205646 (2018) Kat:3, Licht: 2","205646","3","6","2","09","21","7","1","2","0","1","0","0"
"POINT (13.275005692000036 52.460518093000076)","Unfall 205647 (2018) Kat:3, Licht: 0","205647","3","1","0","09","14","1","0","0","0","0","0","1"
"POINT (13.360513801000025 52.596936311000036)","Unfall 205648 (2018) Kat:2, Licht: 0","205648","2","2","5","09","17","4","0","0","0","1","0","0"
"POINT (13.583613949000039 52.514935601000047)","Unfall 205649 (2018) Kat:3, Licht: 2","205649","3","2","5","09","20","7","0","2","0","1","0","0"
"POINT (13.161210554000036 52.525402052000061)","Unfall 205650 (2018) Kat:3, Licht: 2","205650","3","3","5","09","23","1","0","2","0","0","0","0"
"POINT (13.278119989000061 52.506727997000041)","Unfall 205651 (2018) Kat:2, Licht: 0","205651","2","3","5","09","18","7","0","0","1","1","0","0"
"POINT (13.396253277000028 52.525044316000049)","Unfall 205652 (2018) Kat:3, Licht: 0","205652","3","2","0","09","19","3","0","0","1","1","0","0"
"POINT (13.427497879000043 52.486996955000052)","Unfall 205653 (2018) Kat:3, Licht: 0","205653","3","4","6","09","17","7","0","0","0","1","1","0"
"POINT (13.328446271000075 52.532645671000068)","Unfall 205654 (2018) Kat:2, Licht: 2","205654","2","1","8","09","01","7","0","2","0","1","0","0"
"POINT (13.305992596000067 52.531695889000048)","Unfall 205655 (2018) Kat:3, Licht: 0","205655","3","2","5","09","16","3","0","0","1","0","0","0"
"POINT (13.394387280000046 52.507011398000031)","Unfall 205656 (2018) Kat:2, Licht: 2","205656","2","3","5","09","01","7","0","2","0","1","0","0"
"POINT (13.391435632000025 52.484191118000069)","Unfall 205657 (2018) Kat:3, Licht: 0","205657","3","2","5","09","07","4","0","0","1","1","0","0"
"POINT (13.476197008000042 52.533092838000073)","Unfall 205658 (2018) Kat:3, Licht: 2","205658","3","2","5","09","22","7","1","2","0","1","0","0"
"POINT (13.280913178000048 52.593780593000076)","Unfall 205659 (2018) Kat:3, Licht: 0","205659","3","2","5","09","16","7","0","0","0","1","0","0"
"POINT (13.398826026000052 52.506934281000042)","Unfall 205660 (2018) Kat:3, Licht: 0","205660","3","6","3","09","10","3","0","0","0","1","0","0"
"POINT (13.577543944000070 52.447404317000064)","Unfall 205661 (2018) Kat:3, Licht: 0","205661","3","7","5","09","11","6","0","0","0","1","0","0"
"POINT (13.423805570000070 52.488342830000079)","Unfall 205662 (2018) Kat:2, Licht: 0","205662","2","7","6","09","15","7","0","0","0","1","1","0"
"POINT (13.376403593000077 52.460122373000047)","Unfall 205663 (2018) Kat:2, Licht: 2","205663","2","2","2","09","06","5","0","2","0","1","0","1"
"POINT (13.179150471000071 52.533058810000057)","Unfall 205664 (2018) Kat:3, Licht: 0","205664","3","3","5","09","15","7","0","0","0","1","0","1"
"POINT (13.427892184000029 52.473394089000067)","Unfall 205665 (2018) Kat:3, Licht: 0","205665","3","3","5","09","07","6","0","0","1","1","0","0"
"POINT (13.267284835000055 52.418189334000033)","Unfall 205666 (2018) Kat:3, Licht: 0","205666","3","1","0","09","15","7","0","0","0","0","0","1"
"POINT (13.424005625000063 52.486527667000075)","Unfall 205667 (2018) Kat:3, Licht: 0","205667","3","2","5","09","15","4","0","0","1","1","0","0"
"POINT (13.296861905000071 52.527519459000075)","Unfall 205668 (2018) Kat:3, Licht: 2","205668","3","4","6","09","22","6","1","2","1","0","1","0"
"POINT (13.214838445000055 52.560338229000081)","Unfall 205669 (2018) Kat:3, Licht: 2","205669","3","1","1","09","22","7","0","2","0","1","0","0"
"POINT (13.383834280000031 52.555013838000036)","Unfall 205670 (2018) Kat:3, Licht: 0","205670","3","3","5","09","07","6","0","0","1","1","0","0"
"POINT (13.403383155000029 52.436325257000078)","Unfall 205671 (2018) Kat:3, Licht: 0","205671","3","5","1","09","13","3","0","0","1","1","0","0"
"POINT (13.455680375000043 52.495659972000055)","Unfall 205672 (2018) Kat:3, Licht: 0","205672","3","7","5","09","07","6","0","0","1","1","0","0"
"POINT (13.227260773000069 52.549479475000055)","Unfall 205673 (2018) Kat:3, Licht: 2","205673","3","6","2","09","21","7","0","2","0","1","0","0"
"POINT (13.353815408000060 52.445539714000063)","Unfall 205674 (2018) Kat:3, Licht: 0","205674","3","6","2","09","15","6","0","0","0","1","0","0"
"POINT (13.410206203000030 52.517489776000048)","Unfall 205675 (2018) Kat:3, Licht: 2","205675","3","1","0","09","00","6","0","2","1","0","0","0"
"POINT (13.251571118000072 52.423847976000047)","Unfall 205676 (2018) Kat:3, Licht: 0","205676","3","2","5","09","13","7","0","0","1","1","0","0"
"POINT (13.353335551000043 52.489872028000036)","Unfall 205677 (2018) Kat:2, Licht: 0","205677","2","3","5","09","16","3","0","0","1","1","0","0"
"POINT (13.398774634000063 52.532941757000060)","Unfall 205678 (2018) Kat:3, Licht: 0","205678","3","6","4","09","07","6","0","0","1","0","0","0"
"POINT (13.404747936000035 52.449303462000046)","Unfall 205679 (2018) Kat:3, Licht: 2","205679","3","7","5","09","19","7","0","2","0","1","0","1"
"POINT (13.390121262000036 52.453106959000081)","Unfall 205680 (2018) Kat:3, Licht: 0","205680","3","7","5","09","14","5","0","0","1","1","0","0"
"POINT (13.386055790000057 52.487368098000047)","Unfall 205681 (2018) Kat:3, Licht: 1","205681","3","6","0","09","18","7","0","1","0","1","0","1"
"POINT (13.314780613000039 52.576615020000077)","Unfall 205682 (2018) Kat:3, Licht: 2","205682","3","6","2","09","22","6","1","2","0","1","0","0"
"POINT (13.519136297000045 52.509560922000048)","Unfall 205683 (2018) Kat:2, Licht: 0","205683","2","6","2","09","14","4","0","0","0","1","0","0"
"POINT (13.363423439000030 52.556582454000079)","Unfall 205684 (2018) Kat:3, Licht: 2","205684","3","1","9","09","21","6","1","2","0","1","0","0"
"POINT (13.402525192000041 52.554300677000072)","Unfall 205685 (2018) Kat:3, Licht: 0","205685","3","2","5","09","17","5","0","0","1","0","0","0"
"POINT (13.383884722000062 52.548812945000066)","Unfall 205686 (2018) Kat:3, Licht: 0","205686","3","4","6","09","13","7","0","0","0","1","1","0"
"POINT (13.488024158000030 52.541719693000061)","Unfall 205687 (2018) Kat:3, Licht: 2","205687","3","3","5","09","20","6","1","2","0","1","0","1"
"POINT (13.244711556000027 52.524268913000071)","Unfall 205688 (2018) Kat:2, Licht: 0","205688","2","7","0","09","15","4","1","0","1","0","0","0"
"POINT (13.398945945000037 52.508227384000065)","Unfall 205689 (2018) Kat:3, Licht: 2","205689","3","3","5","09","20","6","1","2","0","1","0","1"
"POINT (13.348194973000034 52.497966743000063)","Unfall 205690 (2018) Kat:3, Licht: 0","205690","3","3","5","09","17","7","0","0","1","1","0","0"
"POINT (13.559111871000027 52.448454188000028)","Unfall 205691 (2018) Kat:3, Licht: 1","205691","3","3","5","09","17","6","1","1","0","1","0","0"
"POINT (13.240819558000055 52.538923049000061)","Unfall 205692 (2018) Kat:3, Licht: 0","205692","3","6","3","09","10","3","0","0","0","1","0","1"
"POINT (13.603519852000034 52.543899894000049)","Unfall 205693 (2018) Kat:3, Licht: 0","205693","3","6","2","09","07","6","0","0","0","1","0","0"
"POINT (13.206250738000051 52.435221761000037)","Unfall 205694 (2018) Kat:3, Licht: 0","205694","3","3","5","09","13","7","0","0","0","1","0","0"
"POINT (13.213138770000057 52.527122722000058)","Unfall 205695 (2018) Kat:3, Licht: 0","205695","3","6","3","09","14","6","0","0","0","1","0","0"
"POINT (13.505889320000051 52.418400678000069)","Unfall 205696 (2018) Kat:3, Licht: 0","205696","3","3","5","09","17","5","0","0","1","0","0","0"
"POINT (13.196087310000053 52.530006692000029)","Unfall 205697 (2018) Kat:2, Licht: 0","205697","2","4","6","09","16","7","0","0","0","1","1","0"
"POINT (13.274235743000077 52.500428648000081)","Unfall 205698 (2018) Kat:3, Licht: 0","205698","3","2","0","09","16","3","0","0","1","0","0","0"
"POINT (13.265385460000061 52.442258889000072)","Unfall 205699 (2018) Kat:3, Licht: 0","205699","3","3","5","09","09","6","0","0","0","1","0","0"
"POINT (13.423636714000054 52.480552490000036)","Unfall 205700 (2018) Kat:3, Licht: 0","205700","3","5","1","09","13","7","0","0","1","1","0","0"
"POINT (13.281337654000026 52.432842199000049)","Unfall 205701 (2018) Kat:2, Licht: 0","205701","2","1","1","09","18","5","0","0","0","1","0","0"
"POINT (13.412056755000037 52.488404276000040)","Unfall 205702 (2018) Kat:2, Licht: 0","205702","2","7","0","09","16","7","0","0","0","0","0","1"
"POINT (13.538768653000034 52.420479564000061)","Unfall 205703 (2018) Kat:3, Licht: 2","205703","3","2","6","09","19","6","1","2","0","1","1","0"
"POINT (13.561749088000056 52.493609938000077)","Unfall 205704 (2018) Kat:3, Licht: 0","205704","3","2","5","09","11","4","0","0","0","1","0","0"
"POINT (13.559445728000071 52.534070913000050)","Unfall 205705 (2018) Kat:2, Licht: 0","205705","2","2","5","09","16","6","0","0","1","1","0","0"
"POINT (13.335874144000059 52.467693915000041)","Unfall 205706 (2018) Kat:2, Licht: 0","205706","2","5","1","09","12","7","0","0","0","1","0","0"
"POINT (13.410367313000052 52.503715791000047)","Unfall 205707 (2018) Kat:2, Licht: 2","205707","2","3","5","09","19","6","1","2","1","1","0","0"
"POINT (13.262889654000048 52.521068338000077)","Unfall 205708 (2018) Kat:3, Licht: 0","205708","3","2","5","09","16","3","0","0","0","1","0","0"
"POINT (13.320146122000040 52.470259880000071)","Unfall 205709 (2018) Kat:3, Licht: 0","205709","3","1","0","09","18","6","1","0","0","0","0","1"
"POINT (13.322894238000060 52.502215726000031)","Unfall 205710 (2018) Kat:3, Licht: 0","205710","3","1","0","09","11","7","0","0","0","0","0","1"
"POINT (13.294427280000036 52.629562883000062)","Unfall 205711 (2018) Kat:3, Licht: 0","205711","3","3","5","09","09","7","0","0","0","1","0","0"
"POINT (13.369223473000034 52.467126283000027)","Unfall 205712 (2018) Kat:3, Licht: 1","205712","3","2","5","09","18","6","1","1","0","1","0","0"
"POINT (13.282808991000024 52.533860581000056)","Unfall 205713 (2018) Kat:3, Licht: 2","205713","3","6","2","09","18","6","1","2","0","1","0","0"
"POINT (13.454435369000066 52.431925055000079)","Unfall 205714 (2018) Kat:3, Licht: 0","205714","3","7","6","09","07","7","0","0","1","0","1","0"
"POINT (13.419993565000027 52.501088006000032)","Unfall 205715 (2018) Kat:3, Licht: 0","205715","3","6","0","09","09","5","0","0","1","1","0","0"
"POINT (13.423299705000034 52.506889817000058)","Unfall 205716 (2018) Kat:3, Licht: 2","205716","3","1","9","09","03","7","0","2","0","1","0","0"
"POINT (13.499969321000037 52.529509500000074)","Unfall 205717 (2018) Kat:2, Licht: 0","205717","2","7","5","09","16","3","0","0","0","1","0","1"
"POINT (13.277273606000051 52.585004083000058)","Unfall 205718 (2018) Kat:3, Licht: 0","205718","3","1","0","09","17","6","1","0","0","0","0","1"
"POINT (13.532071881000036 52.570209618000035)","Unfall 205719 (2018) Kat:3, Licht: 2","205719","3","6","3","09","04","7","0","2","1","0","0","0"
"POINT (13.154633690000026 52.533036018000075)","Unfall 205720 (2018) Kat:3, Licht: 0","205720","3","3","5","09","16","5","0","0","0","1","0","1"
"POINT (13.309376209000050 52.467028374000051)","Unfall 205721 (2018) Kat:2, Licht: 2","205721","2","3","5","09","23","6","0","2","0","1","0","1"
"POINT (13.477310706000026 52.500524300000052)","Unfall 205722 (2018) Kat:3, Licht: 0","205722","3","2","2","09","17","6","1","0","0","1","0","0"
"POINT (13.415436381000063 52.545058741000048)","Unfall 205723 (2018) Kat:2, Licht: 0","205723","2","1","0","09","08","4","0","0","0","0","0","1"
"POINT (13.199130558000036 52.534846582000057)","Unfall 205724 (2018) Kat:2, Licht: 0","205724","2","4","6","09","17","6","1","0","0","1","1","0"
"POINT (13.300953066000034 52.513454769000077)","Unfall 205725 (2018) Kat:2, Licht: 2","205725","2","3","5","09","22","6","0","2","0","1","0","0"
"POINT (13.298423917000036 52.498465952000060)","Unfall 205726 (2018) Kat:3, Licht: 0","205726","3","1","2","09","15","3","0","0","0","1","0","0"
"POINT (13.346806161000075 52.430737086000079)","Unfall 205727 (2018) Kat:3, Licht: 0","205727","3","7","2","09","17","6","0","0","1","1","0","0"
"POINT (13.361280436000072 52.555082667000079)","Unfall 205728 (2018) Kat:2, Licht: 2","205728","2","3","5","09","21","6","0","2","0","1","0","1"
"POINT (13.377577796000026 52.553613643000062)","Unfall 205729 (2018) Kat:3, Licht: 0","205729","3","6","2","09","10","5","0","0","0","1","0","0"
"POINT (13.281937963000075 52.583646095000063)","Unfall 205730 (2018) Kat:3, Licht: 2","205730","3","3","5","09","19","6","0","2","0","1","0","0"
"POINT (13.402603895000027 52.521295468000062)","Unfall 205731 (2018) Kat:3, Licht: 0","205731","3","7","2","09","17","6","1","0","1","1","0","0"
"POINT (13.482613521000076 52.611624755000037)","Unfall 205732 (2018) Kat:3, Licht: 2","205732","3","3","5","09","19","6","0","2","1","1","0","0"
"POINT (13.320320404000029 52.486537616000078)","Unfall 205733 (2018) Kat:3, Licht: 0","205733","3","3","5","09","16","4","0","0","0","1","0","0"
"POINT (13.215731051000034 52.538065715000073)","Unfall 205734 (2018) Kat:3, Licht: 0","205734","3","3","5","09","16","6","1","0","0","1","0","0"
"POINT (13.514247482000030 52.556665502000044)","Unfall 205735 (2018) Kat:3, Licht: 0","205735","3","3","5","09","17","6","0","0","1","1","0","0"
"POINT (13.426583103000041 52.508048164000058)","Unfall 205736 (2018) Kat:3, Licht: 1","205736","3","2","5","09","19","5","0","1","1","0","0","1"
"POINT (13.431198986000027 52.502994018000038)","Unfall 205737 (2018) Kat:3, Licht: 0","205737","3","4","6","09","17","6","0","0","0","1","1","0"
"POINT (13.441239361000044 52.513695965000068)","Unfall 205738 (2018) Kat:3, Licht: 0","205738","3","3","5","09","15","6","0","0","1","1","0","0"
"POINT (13.347841068000037 52.520958495000059)","Unfall 205739 (2018) Kat:3, Licht: 0","205739","3","6","2","09","17","6","0","0","0","1","0","0"
"POINT (13.554665890000024 52.455877256000065)","Unfall 205740 (2018) Kat:2, Licht: 0","205740","2","2","2","09","12","4","0","0","0","1","0","1"
"POINT (13.168333253000071 52.533567987000026)","Unfall 205741 (2018) Kat:2, Licht: 0","205741","2","6","3","09","15","6","0","0","0","1","0","1"
"POINT (13.544303274000072 52.410486113000047)","Unfall 205742 (2018) Kat:3, Licht: 0","205742","3","3","5","09","17","6","0","0","0","1","0","0"
"POINT (13.392706526000040 52.512287703000027)","Unfall 205743 (2018) Kat:3, Licht: 0","205743","3","5","5","09","15","6","0","0","1","1","0","0"
"POINT (13.601132049000057 52.479237319000049)","Unfall 205744 (2018) Kat:3, Licht: 0","205744","3","3","5","09","15","4","0","0","1","1","0","0"
"POINT (13.292081464000034 52.590565952000077)","Unfall 205745 (2018) Kat:3, Licht: 0","205745","3","2","5","09","15","6","0","0","0","1","0","0"
"POINT (13.416398782000044 52.547162043000071)","Unfall 205746 (2018) Kat:3, Licht: 0","205746","3","6","2","09","16","6","0","0","1","1","0","0"
"POINT (13.481914703000029 52.528653330000054)","Unfall 205747 (2018) Kat:3, Licht: 0","205747","3","3","5","09","15","3","0","0","1","1","0","0"