WKT,Name,OBJECTID,UKATEGORIE,UTYP1,UART,UMONAT,USTUNDE,UWOCHENTAG,STRZUSTAND,ULICHTVERH,ISTRAD,ISTPKW,ISTFUSS,ISTKRAD
"POINT (13.416796012000077 52.519351896000046)","Unfall 205748 (2018) Kat:3, Licht: 2","205748","3","6","0","09","21","6","0","2","0","1","0","1"
"POINT (13.453636014000040 52.455565803000070)","Unfall 205749 (2018) Kat:3, Licht: 0","205749","3","3","5","09","18","5","0","0","1","1","0","0"
"POINT (13.461002084000029 52.511020100000053)","Unfall 205750 (2018) Kat:3, Licht: 1","205750","3","3","5","09","19","6","0","1","1","1","0","0"
"POINT (13.602927660000034 52.536238300000036)","Unfall 205751 (2018) Kat:3, Licht: 0","205751","3","3","5","09","14","6","0","0","1","1","0","0"
"POINT (13.209968771000035 52.550543550000043)","Unfall 205752 (2018) Kat:3, Licht: 0","205752","3","4","6","09","16","6","0","0","0","0","1","0"
"POINT (13.339328620000060 52.595821638000075)","Unfall 205753 (2018) Kat:3, Licht: 0","205753","3","2","5","09","15","4","0","0","0","1","0","0"
"POINT (13.395801781000046 52.454302276000078)","Unfall 205754 (2018) Kat:3, Licht: 0","205754","3","3","5","09","15","6","0","0","0","1","0","0"
"POINT (13.385644123000077 52.507424421000053)","Unfall 205755 (2018) Kat:3, Licht: 0","205755","3","2","6","09","11","6","0","0","0","1","1","0"
"POINT (13.502998095000066 52.554330350000043)","Unfall 205756 (2018) Kat:3, Licht: 0","205756","3","2","2","09","14","6","0","0","0","1","0","1"
"POINT (13.202052501000026 52.534769156000038)","Unfall 205757 (2018) Kat:3, Licht: 0","205757","3","2","0","09","13","3","0","0","0","1","0","1"
"POINT (13.458435885000029 52.557636828000057)","Unfall 205758 (2018) Kat:3, Licht: 0","205758","3","3","5","09","15","6","0","0","0","1","0","0"
"POINT (13.505044391000069 52.563100115000054)","Unfall 205759 (2018) Kat:3, Licht: 0","205759","3","3","5","09","10","6","0","0","0","1","0","0"
"POINT (13.384058743000026 52.555776976000061)","Unfall 205760 (2018) Kat:3, Licht: 1","205760","3","3","5","09","07","6","0","1","0","1","1","1"
"POINT (13.643276505000074 52.479051791000074)","Unfall 205761 (2018) Kat:1, Licht: 2","205761","1","1","8","09","20","6","0","2","0","0","0","1"
"POINT (13.397630823000043 52.506174318000035)","Unfall 205762 (2018) Kat:3, Licht: 0","205762","3","2","5","09","15","6","0","0","0","1","0","0"
"POINT (13.499804338000047 52.440333390000035)","Unfall 205763 (2018) Kat:3, Licht: 2","205763","3","1","8","09","22","3","0","2","0","1","0","0"
"POINT (13.435570273000053 52.491600235000078)","Unfall 205764 (2018) Kat:3, Licht: 0","205764","3","3","5","09","14","6","0","0","1","0","0","0"
"POINT (13.409496920000038 52.382243022000068)","Unfall 205765 (2018) Kat:2, Licht: 0","205765","2","3","5","09","09","6","0","0","1","1","0","0"
"POINT (13.390991562000067 52.515655193000043)","Unfall 205766 (2018) Kat:3, Licht: 0","205766","3","6","2","09","16","6","0","0","1","1","0","0"
"POINT (13.391342469000051 52.519077863000064)","Unfall 205767 (2018) Kat:3, Licht: 0","205767","3","1","0","09","12","6","0","0","1","0","0","0"
"POINT (13.207205399000031 52.538882726000054)","Unfall 205768 (2018) Kat:3, Licht: 0","205768","3","6","2","09","14","6","0","0","0","1","0","0"
"POINT (13.120252672000049 52.528962685000067)","Unfall 205769 (2018) Kat:3, Licht: 0","205769","3","6","2","09","15","3","0","0","0","1","0","0"
"POINT (13.334007266000071 52.505521250000072)","Unfall 205770 (2018) Kat:3, Licht: 0","205770","3","2","5","09","14","6","0","0","0","1","0","1"
"POINT (13.332457220000038 52.469043141000043)","Unfall 205771 (2018) Kat:3, Licht: 0","205771","3","3","5","09","13","6","0","0","1","1","0","0"
"POINT (13.433229372000028 52.606365133000054)","Unfall 205772 (2018) Kat:3, Licht: 0","205772","3","3","5","09","15","5","0","0","0","1","0","0"
"POINT (13.324989481000046 52.588711658000079)","Unfall 205773 (2018) Kat:3, Licht: 0","205773","3","6","2","09","13","6","0","0","0","1","0","0"
"POINT (13.321541109000066 52.505793371000038)","Unfall 205774 (2018) Kat:3, Licht: 0","205774","3","3","5","09","14","6","0","0","1","0","0","0"
"POINT (13.452370952000024 52.481211712000061)","Unfall 205775 (2018) Kat:3, Licht: 2","205775","3","3","5","09","22","4","0","2","0","1","0","0"
"POINT (13.230028603000051 52.543413889000078)","Unfall 205776 (2018) Kat:3, Licht: 0","205776","3","5","1","09","14","6","0","0","1","1","0","0"
"POINT (13.314148609000029 52.530303827000068)","Unfall 205777 (2018) Kat:3, Licht: 0","205777","3","2","2","09","13","6","0","0","0","1","0","0"
"POINT (13.438200861000041 52.420091602000070)","Unfall 205778 (2018) Kat:3, Licht: 0","205778","3","2","2","09","13","6","0","0","1","0","0","0"
"POINT (13.224095433000059 52.429492026000048)","Unfall 205779 (2018) Kat:3, Licht: 0","205779","3","2","2","09","10","3","1","0","0","1","0","1"
"POINT (13.453402389000075 52.515799092000066)","Unfall 205780 (2018) Kat:3, Licht: 0","205780","3","6","2","09","13","6","0","0","0","1","0","0"
"POINT (13.487702968000065 52.466098492000071)","Unfall 205781 (2018) Kat:3, Licht: 0","205781","3","4","6","09","13","6","0","0","0","0","1","1"
"POINT (13.366759851000040 52.552148845000033)","Unfall 205782 (2018) Kat:2, Licht: 0","205782","2","2","6","09","14","6","0","0","0","0","1","0"
"POINT (13.306279868000047 52.521163712000032)","Unfall 205783 (2018) Kat:3, Licht: 0","205783","3","3","5","09","09","5","0","0","0","1","0","0"
"POINT (13.277753871000073 52.431911382000067)","Unfall 205784 (2018) Kat:3, Licht: 0","205784","3","2","5","09","09","6","0","0","1","1","0","0"
"POINT (13.482690464000029 52.531567891000066)","Unfall 205785 (2018) Kat:2, Licht: 0","205785","2","7","1","09","15","3","0","0","0","1","0","0"
"POINT (13.187746634000064 52.515034804000038)","Unfall 205786 (2018) Kat:3, Licht: 0","205786","3","6","2","09","13","6","0","0","0","1","0","1"
"POINT (13.524225878000038 52.495795953000027)","Unfall 205787 (2018) Kat:3, Licht: 0","205787","3","2","5","09","13","6","0","0","1","1","0","0"
"POINT (13.273370961000069 52.409817829000076)","Unfall 205788 (2018) Kat:2, Licht: 0","205788","2","2","5","09","13","5","0","0","0","1","0","1"
"POINT (13.343192490000035 52.527378764000048)","Unfall 205789 (2018) Kat:3, Licht: 0","205789","3","6","2","09","09","6","0","0","1","1","0","0"
"POINT (13.316462805000072 52.499118337000027)","Unfall 205790 (2018) Kat:3, Licht: 0","205790","3","6","3","09","12","6","0","0","1","1","0","0"
"POINT (13.359668144000068 52.596870239000054)","Unfall 205791 (2018) Kat:3, Licht: 0","205791","3","7","5","09","12","6","0","0","0","1","0","1"
"POINT (13.525178236000045 52.536643252000033)","Unfall 205792 (2018) Kat:3, Licht: 0","205792","3","1","2","09","15","3","0","0","0","1","0","0"
"POINT (13.354668281000045 52.517025871000044)","Unfall 205793 (2018) Kat:2, Licht: 0","205793","2","2","5","09","12","6","0","0","1","0","0","0"
"POINT (13.401187617000062 52.511238688000049)","Unfall 205794 (2018) Kat:3, Licht: 0","205794","3","6","2","09","12","6","0","0","1","0","0","0"
"POINT (13.167188241000076 52.420342243000050)","Unfall 205795 (2018) Kat:3, Licht: 0","205795","3","3","5","09","11","5","0","0","1","1","0","0"
"POINT (13.294031867000058 52.552052866000054)","Unfall 205796 (2018) Kat:3, Licht: 0","205796","3","6","2","09","08","6","0","0","0","1","0","0"
"POINT (13.340339130000075 52.445446822000065)","Unfall 205797 (2018) Kat:3, Licht: 0","205797","3","2","5","09","11","6","0","0","1","1","0","0"
"POINT (13.397764784000060 52.486393667000073)","Unfall 205798 (2018) Kat:3, Licht: 0","205798","3","4","6","09","12","4","0","0","0","0","1","0"
"POINT (13.276993485000048 52.584960708000040)","Unfall 205799 (2018) Kat:3, Licht: 0","205799","3","3","5","09","11","6","0","0","0","1","0","0"
"POINT (13.398494378000066 52.419561464000026)","Unfall 205800 (2018) Kat:3, Licht: 0","205800","3","2","0","09","16","6","0","0","0","0","0","0"
"POINT (13.604602922000026 52.538594819000082)","Unfall 205801 (2018) Kat:3, Licht: 0","205801","3","2","2","09","10","6","0","0","0","1","0","0"
"POINT (13.196282114000041 52.544345817000078)","Unfall 205802 (2018) Kat:3, Licht: 0","205802","3","6","2","09","15","3","0","0","0","1","0","0"
"POINT (13.426872599000035 52.488213212000062)","Unfall 205803 (2018) Kat:3, Licht: 0","205803","3","3","0","09","09","6","0","0","1","1","0","0"
"POINT (13.366176253000049 52.495274477000066)","Unfall 205804 (2018) Kat:3, Licht: 0","205804","3","3","5","09","12","6","0","0","1","1","0","0"
"POINT (13.427298903000064 52.499314306000031)","Unfall 205805 (2018) Kat:3, Licht: 2","205805","3","6","3","09","21","5","0","2","0","1","0","1"
"POINT (13.334784629000069 52.499414521000062)","Unfall 205806 (2018) Kat:3, Licht: 0","205806","3","6","2","09","16","6","0","0","0","1","0","0"
"POINT (13.434079768000061 52.549807268000052)","Unfall 205807 (2018) Kat:3, Licht: 0","205807","3","4","6","09","09","6","0","0","0","0","1","0"
"POINT (13.346156912000026 52.495939303000057)","Unfall 205808 (2018) Kat:3, Licht: 0","205808","3","1","0","09","12","5","0","0","1","0","0","0"
"POINT (13.473699283000030 52.536159643000076)","Unfall 205809 (2018) Kat:3, Licht: 0","205809","3","2","5","09","08","4","0","0","1","1","0","0"
"POINT (13.307940621000057 52.488531221000073)","Unfall 205810 (2018) Kat:3, Licht: 0","205810","3","2","5","10","12","6","0","0","0","1","0","0"
"POINT (13.438785509000070 52.465363589000049)","Unfall 205811 (2018) Kat:3, Licht: 0","205811","3","3","5","10","14","3","0","0","0","1","0","0"
"POINT (13.406512573000043 52.498326284000029)","Unfall 205812 (2018) Kat:3, Licht: 0","205812","3","2","5","10","15","6","0","0","0","1","0","0"
"POINT (13.438540686000067 52.487701680000043)","Unfall 205813 (2018) Kat:3, Licht: 2","205813","3","5","1","10","19","3","0","2","1","1","0","0"
"POINT (13.519556767000040 52.428496354000060)","Unfall 205814 (2018) Kat:1, Licht: 0","205814","1","2","5","10","11","6","0","0","1","0","0","0"
"POINT (13.331031338000059 52.427127820000067)","Unfall 205815 (2018) Kat:3, Licht: 0","205815","3","6","2","10","13","3","0","0","0","1","0","0"
"POINT (13.486109125000041 52.496643040000038)","Unfall 205816 (2018) Kat:3, Licht: 2","205816","3","3","5","10","19","3","0","2","1","1","0","0"
"POINT (13.392098433000058 52.509583997000050)","Unfall 205817 (2018) Kat:3, Licht: 0","205817","3","4","6","10","14","5","0","0","0","1","1","0"
"POINT (13.403084134000039 52.498508473000072)","Unfall 205818 (2018) Kat:3, Licht: 0","205818","3","3","5","10","13","3","0","0","1","1","0","0"
"POINT (13.260389458000077 52.412369093000052)","Unfall 205819 (2018) Kat:3, Licht: 0","205819","3","3","5","10","17","5","0","0","1","1","0","0"
"POINT (13.383212014000037 52.551403569000058)","Unfall 205820 (2018) Kat:3, Licht: 2","205820","3","5","1","10","18","3","0","2","1","1","0","0"
"POINT (13.397732159000043 52.381807677000040)","Unfall 205821 (2018) Kat:3, Licht: 0","205821","3","3","5","10","16","5","0","0","0","1","0","0"
"POINT (13.180183323000051 52.509059142000069)","Unfall 205822 (2018) Kat:3, Licht: 0","205822","3","2","5","10","13","3","0","0","0","1","0","1"
"POINT (13.511639680000030 52.546296327000050)","Unfall 205823 (2018) Kat:3, Licht: 0","205823","3","6","2","10","16","5","0","0","0","0","0","1"
"POINT (13.430400578000047 52.486130913000068)","Unfall 205824 (2018) Kat:3, Licht: 0","205824","3","2","5","10","12","3","0","0","0","1","0","0"
"POINT (13.434303658000033 52.529280136000068)","Unfall 205825 (2018) Kat:3, Licht: 0","205825","3","2","5","10","16","5","0","0","0","1","0","1"
"POINT (13.402931224000042 52.595567341000049)","Unfall 205826 (2018) Kat:2, Licht: 1","205826","2","3","5","10","18","3","0","1","0","1","0","1"
"POINT (13.373584109000035 52.563884545000064)","Unfall 205827 (2018) Kat:3, Licht: 0","205827","3","5","1","10","16","5","0","0","0","1","0","1"
"POINT (13.600982479000038 52.479256029000055)","Unfall 205828 (2018) Kat:2, Licht: 0","205828","2","2","5","10","18","3","0","0","1","1","0","0"
"POINT (13.341440312000032 52.525539552000055)","Unfall 205829 (2018) Kat:3, Licht: 0","205829","3","4","6","10","17","3","0","0","0","0","1","0"
"POINT (13.407311196000023 52.523395748000041)","Unfall 205830 (2018) Kat:3, Licht: 0","205830","3","3","5","10","15","5","0","0","1","1","0","0"
"POINT (13.302397054000039 52.548004136000031)","Unfall 205831 (2018) Kat:3, Licht: 0","205831","3","2","5","10","12","3","0","0","0","1","0","0"
"POINT (13.273747038000067 52.487490476000062)","Unfall 205832 (2018) Kat:3, Licht: 0","205832","3","3","5","10","15","5","0","0","0","1","0","0"
"POINT (13.515334529000029 52.462147940000079)","Unfall 205833 (2018) Kat:2, Licht: 0","205833","2","3","5","10","17","3","0","0","1","0","0","0"
"POINT (13.468647951000037 52.440390824000076)","Unfall 205834 (2018) Kat:3, Licht: 0","205834","3","5","1","10","15","5","0","0","0","1","0","1"
"POINT (13.261356301000035 52.436770534000061)","Unfall 205835 (2018) Kat:3, Licht: 0","205835","3","6","2","10","15","5","0","0","0","1","0","0"
"POINT (13.456109561000062 52.484142448000057)","Unfall 205836 (2018) Kat:3, Licht: 0","205836","3","2","5","10","16","3","0","0","1","1","0","0"
"POINT (13.386459598000044 52.549473648000060)","Unfall 205837 (2018) Kat:3, Licht: 0","205837","3","2","5","10","13","5","0","0","0","1","0","0"
"POINT (13.383341145000031 52.511426774000029)","Unfall 205838 (2018) Kat:3, Licht: 0","205838","3","3","5","10","16","3","0","0","0","1","0","0"
"POINT (13.412058577000039 52.498604764000049)","Unfall 205839 (2018) Kat:3, Licht: 0","205839","3","3","5","10","13","5","0","0","0","0","0","1"
"POINT (13.375042024000038 52.501068197000052)","Unfall 205840 (2018) Kat:3, Licht: 0","205840","3","5","1","10","11","3","0","0","1","1","0","0"
"POINT (13.549707275000060 52.542851822000046)","Unfall 205841 (2018) Kat:3, Licht: 0","205841","3","6","2","10","09","5","0","0","0","1","0","1"
"POINT (13.522074502000066 52.525888700000053)","Unfall 205842 (2018) Kat:3, Licht: 0","205842","3","2","6","10","16","3","0","0","0","1","1","0"
"POINT (13.429803107000055 52.510301550000065)","Unfall 205843 (2018) Kat:3, Licht: 0","205843","3","6","2","10","10","5","0","0","0","1","0","1"
"POINT (13.321528759000046 52.520957709000072)","Unfall 205844 (2018) Kat:3, Licht: 0","205844","3","2","0","10","09","5","0","0","1","1","0","0"
"POINT (13.554608133000045 52.455882077000069)","Unfall 205845 (2018) Kat:2, Licht: 0","205845","2","3","5","10","10","3","0","0","0","1","0","0"
"POINT (13.236228423000057 52.526961664000055)","Unfall 205846 (2018) Kat:3, Licht: 0","205846","3","7","2","10","08","5","0","0","0","1","0","0"
"POINT (13.566024189000075 52.534327603000065)","Unfall 205847 (2018) Kat:3, Licht: 2","205847","3","6","2","10","06","3","0","2","0","1","0","0"
"POINT (13.360323318000042 52.538871446000030)","Unfall 205848 (2018) Kat:3, Licht: 0","205848","3","3","5","10","08","5","0","0","1","1","0","0"
"POINT (13.405176810000057 52.561932649000028)","Unfall 205849 (2018) Kat:3, Licht: 0","205849","3","7","6","10","08","5","0","0","1","0","1","0"
"POINT (13.241048812000031 52.468611597000063)","Unfall 205850 (2018) Kat:2, Licht: 0","205850","2","1","8","10","09","3","0","0","0","1","0","0"
"POINT (13.425339526000073 52.493276087000027)","Unfall 205851 (2018) Kat:2, Licht: 0","205851","2","7","6","10","08","5","0","0","0","1","1","0"
"POINT (13.339588497000022 52.411574808000069)","Unfall 205852 (2018) Kat:3, Licht: 0","205852","3","1","4","10","08","5","0","0","0","1","0","0"
"POINT (13.486912854000025 52.502453991000039)","Unfall 205853 (2018) Kat:3, Licht: 2","205853","3","1","0","10","21","3","0","2","0","0","0","1"
"POINT (13.574477994000063 52.554983997000079)","Unfall 205854 (2018) Kat:3, Licht: 0","205854","3","2","5","10","07","5","0","0","1","1","0","0"
"POINT (13.345912134000059 52.494648706000078)","Unfall 205855 (2018) Kat:3, Licht: 1","205855","3","1","0","10","18","3","0","1","0","0","0","1"
"POINT (13.158019356000068 52.533165978000056)","Unfall 205856 (2018) Kat:2, Licht: 1","205856","2","2","5","10","06","5","0","1","0","1","0","0"
"POINT (13.390257105000046 52.508591408000029)","Unfall 205857 (2018) Kat:3, Licht: 0","205857","3","3","5","10","09","3","0","0","1","1","0","0"
"POINT (13.427141941000059 52.475525014000027)","Unfall 205858 (2018) Kat:3, Licht: 2","205858","3","3","5","10","04","5","0","2","0","1","0","0"
"POINT (13.206119929000067 52.542186613000069)","Unfall 205859 (2018) Kat:3, Licht: 0","205859","3","4","6","10","09","3","0","0","0","1","1","0"
"POINT (13.317491130000064 52.513885078000044)","Unfall 205860 (2018) Kat:2, Licht: 0","205860","2","3","5","10","09","3","0","0","0","1","0","1"
"POINT (13.394405341000038 52.506901058000039)","Unfall 205861 (2018) Kat:3, Licht: 0","205861","3","2","5","10","08","3","0","0","1","1","0","0"
"POINT (13.238602203000028 52.451460898000050)","Unfall 205862 (2018) Kat:3, Licht: 2","205862","3","7","7","10","02","5","0","2","0","0","0","1"
"POINT (13.363309220000076 52.411994041000071)","Unfall 205863 (2018) Kat:3, Licht: 0","205863","3","2","5","10","08","5","0","0","0","1","0","0"
"POINT (13.357628540000064 52.535804402000053)","Unfall 205864 (2018) Kat:3, Licht: 0","205864","3","6","2","10","07","3","0","0","0","0","0","1"
"POINT (13.238193962000025 52.526770015000068)","Unfall 205865 (2018) Kat:3, Licht: 0","205865","3","6","2","10","08","5","0","0","0","1","0","0"
"POINT (13.201943953000068 52.524064657000054)","Unfall 205866 (2018) Kat:3, Licht: 0","205866","3","4","6","10","08","3","0","0","0","1","1","0"
"POINT (13.486920226000052 52.418807468000068)","Unfall 205867 (2018) Kat:3, Licht: 0","205867","3","2","2","10","12","5","0","0","0","1","0","1"
"POINT (13.315175411000041 52.447030374000065)","Unfall 205868 (2018) Kat:3, Licht: 1","205868","3","2","5","10","07","3","0","1","1","1","0","0"
"POINT (13.449543886000072 52.479189791000067)","Unfall 205869 (2018) Kat:3, Licht: 0","205869","3","3","5","10","11","5","0","0","1","1","0","0"
"POINT (13.414589092000028 52.488072337000062)","Unfall 205870 (2018) Kat:3, Licht: 0","205870","3","7","0","10","07","3","0","0","0","1","0","1"
"POINT (13.348122539000030 52.451222609000069)","Unfall 205871 (2018) Kat:3, Licht: 0","205871","3","2","2","10","11","5","0","0","0","1","0","0"
"POINT (13.364091428000052 52.522752423000043)","Unfall 205872 (2018) Kat:3, Licht: 0","205872","3","1","8","10","10","3","0","0","0","1","0","0"
"POINT (13.341409492000025 52.520583035000072)","Unfall 205873 (2018) Kat:3, Licht: 2","205873","3","2","5","10","22","5","0","2","1","1","0","0"
"POINT (13.313409755000066 52.480336130000069)","Unfall 205874 (2018) Kat:3, Licht: 1","205874","3","6","2","10","18","3","0","1","0","1","0","0"
"POINT (13.397719633000065 52.495331867000061)","Unfall 205875 (2018) Kat:3, Licht: 1","205875","3","3","5","10","07","2","0","1","0","1","0","0"
"POINT (13.394991356000048 52.503154080000058)","Unfall 205876 (2018) Kat:3, Licht: 1","205876","3","3","5","10","18","5","0","1","1","1","0","0"
"POINT (13.344209219000049 52.478426405000050)","Unfall 205877 (2018) Kat:3, Licht: 0","205877","3","6","4","10","09","2","0","0","1","0","0","0"
"POINT (13.426109072000031 52.515909970000052)","Unfall 205878 (2018) Kat:3, Licht: 0","205878","3","3","5","10","18","5","0","0","1","1","0","0"
"POINT (13.321789954000053 52.565671824000049)","Unfall 205879 (2018) Kat:3, Licht: 2","205879","3","2","5","10","19","2","0","2","0","1","0","0"
"POINT (13.288301536000063 52.513062635000040)","Unfall 205880 (2018) Kat:3, Licht: 0","205880","3","2","5","10","17","5","0","0","1","1","0","0"
"POINT (13.412377921000029 52.515763988000060)","Unfall 205881 (2018) Kat:3, Licht: 1","205881","3","2","3","10","17","2","0","1","1","1","0","0"
"POINT (13.415472052000041 52.520717756000067)","Unfall 205882 (2018) Kat:2, Licht: 0","205882","2","3","5","10","17","5","0","0","1","1","0","0"
"POINT (13.429052770000055 52.455396313000051)","Unfall 205883 (2018) Kat:3, Licht: 0","205883","3","7","6","10","17","2","0","0","1","0","1","0"
"POINT (13.532151652000039 52.416149206000057)","Unfall 205884 (2018) Kat:2, Licht: 0","205884","2","2","5","10","17","5","0","0","1","1","0","0"
"POINT (13.615619555000023 52.505256009000050)","Unfall 205885 (2018) Kat:3, Licht: 0","205885","3","3","5","10","17","2","0","0","1","1","0","0"
"POINT (13.418015262000040 52.572457733000078)","Unfall 205886 (2018) Kat:2, Licht: 0","205886","2","5","1","10","16","5","0","0","0","1","0","1"
"POINT (13.525981101000070 52.483387154000070)","Unfall 205887 (2018) Kat:3, Licht: 0","205887","3","6","2","10","16","2","0","0","0","1","0","0"
"POINT (13.396873298000060 52.532467672000053)","Unfall 205888 (2018) Kat:3, Licht: 0","205888","3","7","0","10","16","2","0","0","1","1","0","0"
"POINT (13.413259830000072 52.548701052000069)","Unfall 205889 (2018) Kat:3, Licht: 0","205889","3","3","5","10","10","5","0","0","1","1","0","0"
"POINT (13.312008341000023 52.571789825000053)","Unfall 205890 (2018) Kat:3, Licht: 0","205890","3","6","2","10","16","2","0","0","0","1","0","0"
"POINT (13.433590002000074 52.481989208000073)","Unfall 205891 (2018) Kat:3, Licht: 0","205891","3","2","5","10","10","5","0","0","1","0","0","0"
"POINT (13.562121524000077 52.457582415000047)","Unfall 205892 (2018) Kat:2, Licht: 0","205892","2","7","4","10","16","2","0","0","0","1","0","0"
"POINT (13.491600749000042 52.535130107000043)","Unfall 205893 (2018) Kat:2, Licht: 2","205893","2","7","0","10","20","4","0","2","1","0","0","0"
"POINT (13.418414528000028 52.500061563000031)","Unfall 205894 (2018) Kat:3, Licht: 2","205894","3","4","6","10","18","4","1","2","0","0","1","1"
"POINT (13.471445832000029 52.436104241000066)","Unfall 205895 (2018) Kat:3, Licht: 0","205895","3","3","5","10","16","2","0","0","0","1","0","1"
"POINT (13.376777646000050 52.556318225000041)","Unfall 205896 (2018) Kat:2, Licht: 1","205896","2","6","2","10","17","4","0","1","0","1","0","0"
"POINT (13.316468520000058 52.566979790000062)","Unfall 205897 (2018) Kat:3, Licht: 2","205897","3","3","0","10","23","2","0","2","0","1","0","1"
"POINT (13.491929561000063 52.491808898000045)","Unfall 205898 (2018) Kat:3, Licht: 2","205898","3","7","5","10","02","4","0","2","0","1","0","0"
"POINT (13.329413619000036 52.481716921000043)","Unfall 205899 (2018) Kat:2, Licht: 1","205899","2","3","5","10","07","4","1","1","0","1","0","0"
"POINT (13.393564359000038 52.568391656000074)","Unfall 205900 (2018) Kat:3, Licht: 0","205900","3","4","6","10","08","4","1","0","0","0","1","1"
"POINT (13.431758229000025 52.521283436000033)","Unfall 205901 (2018) Kat:3, Licht: 0","205901","3","5","5","10","15","2","0","0","1","1","0","0"
"POINT (13.411907572000075 52.541045710000049)","Unfall 205902 (2018) Kat:3, Licht: 0","205902","3","4","6","10","17","4","0","0","0","1","1","0"
"POINT (13.416361628000061 52.519961500000079)","Unfall 205903 (2018) Kat:3, Licht: 1","205903","3","2","5","10","20","2","0","1","1","0","0","0"
"POINT (13.315032122000048 52.500901898000052)","Unfall 205904 (2018) Kat:3, Licht: 0","205904","3","3","0","10","16","4","0","0","0","1","0","1"
"POINT (13.403095504000078 52.524593182000046)","Unfall 205905 (2018) Kat:3, Licht: 0","205905","3","1","0","10","15","2","0","0","1","0","0","0"
"POINT (13.315525101000048 52.443852332000063)","Unfall 205906 (2018) Kat:2, Licht: 0","205906","2","7","6","10","15","4","1","0","0","1","1","0"
"POINT (13.324685129000045 52.489471890000061)","Unfall 205907 (2018) Kat:3, Licht: 0","205907","3","2","2","10","17","5","0","0","1","1","0","0"
"POINT (13.424991616000057 52.546983051000041)","Unfall 205908 (2018) Kat:3, Licht: 1","205908","3","6","2","10","19","2","0","1","0","1","0","1"
"POINT (13.389969972000074 52.562613277000082)","Unfall 205909 (2018) Kat:3, Licht: 0","205909","3","6","2","10","15","4","1","0","0","1","0","0"
"POINT (13.287191337000024 52.451108386000044)","Unfall 205910 (2018) Kat:3, Licht: 0","205910","3","2","2","10","14","4","0","0","0","1","0","0"
"POINT (13.373434588000066 52.504205326000033)","Unfall 205911 (2018) Kat:2, Licht: 2","205911","2","2","5","10","19","2","0","2","0","1","0","1"
"POINT (13.382536824000056 52.555864798000073)","Unfall 205912 (2018) Kat:3, Licht: 0","205912","3","6","2","10","14","4","0","0","0","1","0","0"
"POINT (13.328432284000030 52.564796315000081)","Unfall 205913 (2018) Kat:3, Licht: 0","205913","3","3","0","10","15","5","0","0","1","1","0","0"
"POINT (13.240620774000035 52.545169091000048)","Unfall 205914 (2018) Kat:3, Licht: 1","205914","3","7","6","10","19","2","0","1","0","1","1","0"
"POINT (13.256320172000073 52.428869305000035)","Unfall 205915 (2018) Kat:3, Licht: 0","205915","3","2","0","10","13","4","1","0","0","0","0","1"
"POINT (13.430493301000070 52.511027913000078)","Unfall 205916 (2018) Kat:3, Licht: 0","205916","3","2","5","10","14","2","0","0","1","1","0","0"
"POINT (13.271968816000026 52.498796828000081)","Unfall 205917 (2018) Kat:3, Licht: 0","205917","3","3","5","10","13","5","0","0","0","1","0","1"
"POINT (13.398912363000022 52.532582751000064)","Unfall 205918 (2018) Kat:3, Licht: 0","205918","3","2","5","10","12","4","1","0","0","1","0","0"
"POINT (13.273404387000028 52.508508408000068)","Unfall 205919 (2018) Kat:3, Licht: 0","205919","3","6","3","10","13","5","0","0","0","1","0","0"
"POINT (13.336295782000036 52.548513307000064)","Unfall 205920 (2018) Kat:3, Licht: 0","205920","3","2","5","10","15","2","0","0","1","1","0","0"
"POINT (13.287688713000023 52.496076902000027)","Unfall 205921 (2018) Kat:3, Licht: 0","205921","3","2","5","10","12","5","0","0","1","0","0","0"
"POINT (13.340140770000062 52.505257459000063)","Unfall 205922 (2018) Kat:3, Licht: 1","205922","3","6","2","10","18","2","0","1","0","1","0","1"
"POINT (13.417163734000042 52.605461500000047)","Unfall 205923 (2018) Kat:3, Licht: 0","205923","3","2","5","10","12","5","0","0","1","1","0","0"
"POINT (13.424825659000021 52.547038121000071)","Unfall 205924 (2018) Kat:3, Licht: 0","205924","3","7","2","10","11","4","1","0","0","1","0","0"
"POINT (13.382236025000054 52.489891300000068)","Unfall 205925 (2018) Kat:3, Licht: 0","205925","3","2","0","10","16","5","0","0","1","1","0","0"
"POINT (13.323254146000068 52.491717561000030)","Unfall 205926 (2018) Kat:3, Licht: 0","205926","3","6","2","10","14","2","0","0","0","1","0","0"
"POINT (13.279953470000066 52.506418799000073)","Unfall 205927 (2018) Kat:3, Licht: 0","205927","3","6","3","10","11","5","0","0","0","1","0","0"
"POINT (13.353903958000046 52.562225292000051)","Unfall 205928 (2018) Kat:3, Licht: 0","205928","3","2","5","10","16","5","0","0","1","1","0","0"
"POINT (13.430674850000059 52.511088484000027)","Unfall 205929 (2018) Kat:3, Licht: 0","205929","3","3","5","10","09","2","0","0","1","0","0","0"
"POINT (13.512358472000074 52.470781144000057)","Unfall 205930 (2018) Kat:3, Licht: 0","205930","3","2","5","10","11","4","1","0","0","1","0","0"
"POINT (13.324389974000042 52.496981691000030)","Unfall 205931 (2018) Kat:3, Licht: 0","205931","3","1","9","10","12","2","0","0","0","1","1","0"
"POINT (13.401061852000055 52.518284666000056)","Unfall 205932 (2018) Kat:3, Licht: 2","205932","3","2","5","10","02","4","1","2","0","0","0","0"
"POINT (13.286887584000056 52.417819520000080)","Unfall 205933 (2018) Kat:3, Licht: 0","205933","3","2","2","10","16","5","0","0","1","1","0","0"