WKT,Name,OBJECTID,UKATEGORIE,UTYP1,UART,UMONAT,USTUNDE,UWOCHENTAG,STRZUSTAND,ULICHTVERH,ISTRAD,ISTPKW,ISTFUSS,ISTKRAD
"POINT (13.323829781000029 52.495009704000040)","Unfall 205934 (2018) Kat:3, Licht: 0","205934","3","7","2","10","11","2","0","0","1","1","0","0"
"POINT (13.314731969000036 52.489994415000069)","Unfall 205935 (2018) Kat:3, Licht: 2","205935","3","7","5","10","23","3","1","2","0","1","0","1"
"POINT (13.527841991000059 52.490042436000067)","Unfall 205936 (2018) Kat:3, Licht: 0","205936","3","2","2","10","06","2","0","0","0","1","0","0"
"POINT (13.535489576000032 52.431650448000028)","Unfall 205937 (2018) Kat:3, Licht: 0","205937","3","5","1","10","16","5","0","0","1","1","0","0"
"POINT (13.370052771000076 52.455711367000049)","Unfall 205938 (2018) Kat:3, Licht: 2","205938","3","2","6","10","21","3","1","2","0","0","1","0"
"POINT (13.454322394000030 52.493870815000037)","Unfall 205939 (2018) Kat:3, Licht: 0","205939","3","3","5","10","15","5","0","0","1","1","0","0"
"POINT (13.554783993000058 52.455639617000031)","Unfall 205940 (2018) Kat:3, Licht: 0","205940","3","2","5","10","11","2","0","0","1","1","0","0"
"POINT (13.474830364000070 52.511932558000069)","Unfall 205941 (2018) Kat:3, Licht: 2","205941","3","5","0","10","20","3","1","2","1","0","0","0"
"POINT (13.294831861000034 52.506769498000040)","Unfall 205942 (2018) Kat:3, Licht: 0","205942","3","6","3","10","15","5","0","0","1","1","0","0"
"POINT (13.240325771000073 52.442780166000034)","Unfall 205943 (2018) Kat:3, Licht: 0","205943","3","2","5","10","11","2","0","0","1","1","0","0"
"POINT (13.303045537000060 52.505607301000055)","Unfall 205944 (2018) Kat:3, Licht: 2","205944","3","2","6","10","23","3","1","2","0","1","1","0"
"POINT (13.295429318000060 52.610566074000076)","Unfall 205945 (2018) Kat:3, Licht: 0","205945","3","2","5","10","08","2","0","0","0","1","0","0"
"POINT (13.360574076000034 52.410485391000066)","Unfall 205946 (2018) Kat:3, Licht: 2","205946","3","3","0","10","16","3","1","2","0","1","0","1"
"POINT (13.340490917000068 52.502303428000062)","Unfall 205947 (2018) Kat:3, Licht: 0","205947","3","7","2","10","15","5","0","0","0","1","0","1"
"POINT (13.387511853000035 52.552633609000054)","Unfall 205948 (2018) Kat:3, Licht: 0","205948","3","3","5","10","08","2","0","0","0","1","0","0"
"POINT (13.276211060000037 52.518841994000070)","Unfall 205949 (2018) Kat:3, Licht: 0","205949","3","6","2","10","12","3","0","0","0","1","0","0"
"POINT (13.424853087000031 52.482118921000051)","Unfall 205950 (2018) Kat:3, Licht: 0","205950","3","3","5","10","07","2","0","0","0","1","0","0"
"POINT (13.600595200000043 52.477130250000073)","Unfall 205951 (2018) Kat:3, Licht: 0","205951","3","4","6","10","15","5","0","0","0","1","1","0"
"POINT (13.379878029000054 52.424044339000034)","Unfall 205952 (2018) Kat:3, Licht: 2","205952","3","7","5","10","06","2","0","2","0","1","0","1"
"POINT (13.412190868000039 52.547595077000040)","Unfall 205953 (2018) Kat:3, Licht: 0","205953","3","5","1","10","13","3","1","0","1","1","0","0"
"POINT (13.417381272000057 52.515698467000050)","Unfall 205954 (2018) Kat:3, Licht: 0","205954","3","4","6","10","15","5","0","0","0","1","1","0"
"POINT (13.303821892000030 52.525606995000032)","Unfall 205955 (2018) Kat:3, Licht: 2","205955","3","3","5","10","05","2","0","2","0","1","0","0"
"POINT (13.472001886000044 52.436609689000079)","Unfall 205956 (2018) Kat:3, Licht: 0","205956","3","2","5","10","15","5","0","0","1","0","0","1"
"POINT (13.416345429000046 52.521696077000058)","Unfall 205957 (2018) Kat:3, Licht: 0","205957","3","1","0","10","13","3","1","0","0","0","0","1"
"POINT (13.305350038000029 52.511033009000073)","Unfall 205958 (2018) Kat:2, Licht: 0","205958","2","4","6","10","14","5","0","0","0","1","1","0"
"POINT (13.389691617000040 52.496051706000060)","Unfall 205959 (2018) Kat:3, Licht: 2","205959","3","3","5","10","04","2","0","2","0","1","0","0"
"POINT (13.449090145000071 52.528869328000042)","Unfall 205960 (2018) Kat:3, Licht: 0","205960","3","3","5","10","13","3","1","0","0","1","0","0"
"POINT (13.495712846000060 52.431474858000058)","Unfall 205961 (2018) Kat:1, Licht: 0","205961","1","4","6","10","10","2","0","0","0","0","1","0"
"POINT (13.293873272000042 52.534754548000080)","Unfall 205962 (2018) Kat:3, Licht: 0","205962","3","6","3","10","13","3","0","0","0","1","0","0"
"POINT (13.452871170000037 52.512405669000032)","Unfall 205963 (2018) Kat:3, Licht: 0","205963","3","2","2","10","13","1","0","0","1","1","0","0"
"POINT (13.557363151000061 52.435485852000056)","Unfall 205964 (2018) Kat:3, Licht: 0","205964","3","3","5","10","16","5","0","0","0","1","0","0"
"POINT (13.321659183000065 52.461159706000046)","Unfall 205965 (2018) Kat:3, Licht: 0","205965","3","7","6","10","12","3","0","0","0","1","1","0"
"POINT (13.239889377000054 52.526283579000051)","Unfall 205966 (2018) Kat:3, Licht: 0","205966","3","6","2","10","11","5","0","0","0","1","0","0"
"POINT (13.326036244000022 52.569752490000042)","Unfall 205967 (2018) Kat:3, Licht: 2","205967","3","5","1","10","03","1","0","2","0","1","0","0"
"POINT (13.247848482000052 52.548653885000078)","Unfall 205968 (2018) Kat:3, Licht: 0","205968","3","6","2","10","14","5","0","0","0","1","0","0"
"POINT (13.573791814000060 52.401846975000069)","Unfall 205969 (2018) Kat:3, Licht: 0","205969","3","2","5","10","11","5","0","0","0","1","0","0"
"POINT (13.592745662000027 52.547604097000033)","Unfall 205970 (2018) Kat:2, Licht: 1","205970","2","4","6","10","19","1","0","1","0","1","1","0"
"POINT (13.295015628000044 52.576335734000054)","Unfall 205971 (2018) Kat:3, Licht: 2","205971","3","2","6","10","23","3","1","2","0","1","1","0"
"POINT (13.479565378000075 52.553188543000033)","Unfall 205972 (2018) Kat:3, Licht: 0","205972","3","2","5","10","14","5","0","0","0","1","0","0"
"POINT (13.559812088000058 52.479387700000075)","Unfall 205973 (2018) Kat:3, Licht: 0","205973","3","4","6","10","16","1","0","0","0","1","1","0"
"POINT (13.428666532000022 52.537515677000044)","Unfall 205974 (2018) Kat:3, Licht: 0","205974","3","3","5","10","10","5","0","0","0","1","0","0"
"POINT (13.199712315000056 52.534645952000062)","Unfall 205975 (2018) Kat:3, Licht: 0","205975","3","2","2","10","11","3","0","0","0","1","0","0"
"POINT (13.509796527000049 52.472853699000041)","Unfall 205976 (2018) Kat:3, Licht: 0","205976","3","2","3","10","09","5","0","0","0","1","0","0"
"POINT (13.369452294000041 52.492966121000052)","Unfall 205977 (2018) Kat:2, Licht: 0","205977","2","6","0","10","16","1","0","0","0","1","0","1"
"POINT (13.304939003000072 52.506716874000062)","Unfall 205978 (2018) Kat:3, Licht: 0","205978","3","6","2","10","11","3","0","0","0","1","0","0"
"POINT (13.494580418000055 52.503764493000062)","Unfall 205979 (2018) Kat:3, Licht: 0","205979","3","3","5","10","11","3","0","0","1","1","0","0"
"POINT (13.317125718000057 52.513985426000033)","Unfall 205980 (2018) Kat:3, Licht: 0","205980","3","6","0","10","16","1","0","0","0","1","0","0"
"POINT (13.490148160000047 52.493477568000060)","Unfall 205981 (2018) Kat:3, Licht: 0","205981","3","7","5","10","10","3","0","0","0","1","0","0"
"POINT (13.197788750000029 52.518028007000055)","Unfall 205982 (2018) Kat:2, Licht: 0","205982","2","6","2","10","16","5","0","0","0","1","0","0"
"POINT (13.379676657000061 52.494944165000049)","Unfall 205983 (2018) Kat:3, Licht: 0","205983","3","5","1","10","15","1","0","0","1","1","0","0"
"POINT (13.392011526000033 52.563903822000043)","Unfall 205984 (2018) Kat:3, Licht: 2","205984","3","3","5","10","20","3","1","2","0","0","0","1"
"POINT (13.442034077000073 52.507397411000056)","Unfall 205985 (2018) Kat:3, Licht: 0","205985","3","6","2","10","15","1","0","0","0","1","0","0"
"POINT (13.479063830000030 52.499884950000080)","Unfall 205986 (2018) Kat:3, Licht: 0","205986","3","6","2","10","09","5","0","0","0","1","0","1"
"POINT (13.449828675000049 52.445554319000053)","Unfall 205987 (2018) Kat:3, Licht: 2","205987","3","2","6","10","20","3","1","2","0","1","1","0"
"POINT (13.387338400000033 52.440177461000076)","Unfall 205988 (2018) Kat:3, Licht: 0","205988","3","2","2","10","08","5","0","0","0","1","0","0"
"POINT (13.344239028000061 52.485577766000063)","Unfall 205989 (2018) Kat:3, Licht: 0","205989","3","7","6","10","14","7","0","0","1","0","1","0"
"POINT (13.402836291000028 52.505837073000066)","Unfall 205990 (2018) Kat:3, Licht: 0","205990","3","6","0","10","08","5","0","0","0","0","0","0"
"POINT (13.308948365000049 52.516756553000050)","Unfall 205991 (2018) Kat:3, Licht: 0","205991","3","7","6","10","10","3","0","0","0","1","1","0"
"POINT (13.349105670000029 52.523394685000028)","Unfall 205992 (2018) Kat:3, Licht: 0","205992","3","7","6","10","08","5","0","0","0","1","1","0"
"POINT (13.388333005000050 52.519858207000027)","Unfall 205993 (2018) Kat:3, Licht: 2","205993","3","2","6","10","23","7","0","2","0","1","1","0"
"POINT (13.200404399000035 52.536576720000028)","Unfall 205994 (2018) Kat:3, Licht: 0","205994","3","2","0","10","08","3","0","0","0","0","0","0"
"POINT (13.281467362000058 52.511509783000065)","Unfall 205995 (2018) Kat:3, Licht: 0","205995","3","2","5","10","08","3","0","0","1","1","0","0"
"POINT (13.387333287000047 52.525852299000064)","Unfall 205996 (2018) Kat:3, Licht: 2","205996","3","6","3","10","22","7","0","2","1","0","0","0"
"POINT (13.247918888000072 52.538032238000028)","Unfall 205997 (2018) Kat:2, Licht: 2","205997","2","1","8","10","21","3","1","2","0","1","0","0"
"POINT (13.473821946000044 52.438119821000043)","Unfall 205998 (2018) Kat:3, Licht: 1","205998","3","4","6","10","07","5","0","1","0","0","1","1"
"POINT (13.268647355000041 52.509304681000060)","Unfall 205999 (2018) Kat:3, Licht: 0","205999","3","2","2","10","07","3","0","0","1","1","0","0"
"POINT (13.202352521000023 52.534987342000079)","Unfall 206000 (2018) Kat:3, Licht: 0","206000","3","1","0","10","16","5","0","0","0","0","0","1"
"POINT (13.344506128000035 52.463194746000056)","Unfall 206001 (2018) Kat:3, Licht: 2","206001","3","1","1","10","21","7","0","2","0","1","0","0"
"POINT (13.485697813000058 52.464452110000082)","Unfall 206002 (2018) Kat:2, Licht: 2","206002","2","3","5","10","20","3","1","2","0","1","0","1"
"POINT (13.385281809000048 52.502252429000066)","Unfall 206003 (2018) Kat:3, Licht: 2","206003","3","2","6","10","20","3","1","2","0","1","1","0"
"POINT (13.479707304000044 52.523063591000039)","Unfall 206004 (2018) Kat:3, Licht: 1","206004","3","3","5","10","06","3","0","1","0","1","0","0"
"POINT (13.513492375000055 52.429301313000053)","Unfall 206005 (2018) Kat:3, Licht: 0","206005","3","1","0","10","15","5","0","0","0","0","0","1"
"POINT (13.376398938000023 52.510090267000066)","Unfall 206006 (2018) Kat:3, Licht: 2","206006","3","3","5","10","19","3","1","2","1","1","0","0"
"POINT (13.319643901000063 52.452598626000054)","Unfall 206007 (2018) Kat:3, Licht: 2","206007","3","2","5","10","20","7","0","2","1","1","0","0"
"POINT (13.345376463000036 52.484062062000078)","Unfall 206008 (2018) Kat:3, Licht: 2","206008","3","3","0","10","20","5","0","2","1","1","0","0"
"POINT (13.427677081000070 52.567938411000057)","Unfall 206009 (2018) Kat:3, Licht: 1","206009","3","2","5","10","19","3","1","1","0","1","0","0"
"POINT (13.302375457000039 52.506738859000052)","Unfall 206010 (2018) Kat:3, Licht: 2","206010","3","2","5","10","19","5","0","2","0","1","0","1"
"POINT (13.302118383000050 52.508563410000079)","Unfall 206011 (2018) Kat:3, Licht: 1","206011","3","6","3","10","19","7","0","1","0","1","0","0"
"POINT (13.384224736000021 52.556035789000077)","Unfall 206012 (2018) Kat:3, Licht: 0","206012","3","3","5","10","12","5","0","0","1","0","0","0"
"POINT (13.395961963000047 52.498323665000044)","Unfall 206013 (2018) Kat:3, Licht: 2","206013","3","3","5","10","06","3","1","2","0","1","0","0"
"POINT (13.433064079000076 52.452362902000061)","Unfall 206014 (2018) Kat:3, Licht: 0","206014","3","3","5","10","16","4","0","0","0","1","0","0"
"POINT (13.244688449000023 52.614390946000071)","Unfall 206015 (2018) Kat:3, Licht: 2","206015","3","2","8","10","19","7","0","2","0","1","0","0"
"POINT (13.417804147000027 52.506539336000060)","Unfall 206016 (2018) Kat:3, Licht: 1","206016","3","3","5","10","18","3","1","1","0","1","0","1"
"POINT (13.400567970000054 52.525758430000053)","Unfall 206017 (2018) Kat:3, Licht: 0","206017","3","4","6","10","08","7","0","0","1","0","1","0"
"POINT (13.302751720000060 52.437495140000067)","Unfall 206018 (2018) Kat:3, Licht: 0","206018","3","4","6","10","14","4","0","0","0","1","1","0"
"POINT (13.437308949000055 52.464040047000026)","Unfall 206019 (2018) Kat:3, Licht: 1","206019","3","5","1","10","17","7","0","1","1","1","0","0"
"POINT (13.427634695000052 52.499171250000074)","Unfall 206020 (2018) Kat:3, Licht: 1","206020","3","4","6","10","18","3","1","1","0","1","1","0"
"POINT (13.333842333000064 52.505590283000060)","Unfall 206021 (2018) Kat:3, Licht: 0","206021","3","2","6","10","17","7","0","0","0","1","1","0"
"POINT (13.194810433000043 52.534402455000077)","Unfall 206022 (2018) Kat:2, Licht: 0","206022","2","6","2","10","15","4","0","0","0","1","0","0"
"POINT (13.384730023000031 52.549574957000061)","Unfall 206023 (2018) Kat:3, Licht: 0","206023","3","7","1","10","16","7","0","0","0","1","0","1"
"POINT (13.322049995000043 52.560594611000056)","Unfall 206024 (2018) Kat:3, Licht: 1","206024","3","6","2","10","17","3","1","1","0","1","0","0"
"POINT (13.495142615000077 52.550573709000048)","Unfall 206025 (2018) Kat:3, Licht: 0","206025","3","7","6","10","10","7","0","0","0","1","1","0"
"POINT (13.376707904000057 52.489315403000035)","Unfall 206026 (2018) Kat:3, Licht: 0","206026","3","2","5","10","09","4","0","0","1","1","0","0"
"POINT (13.343363231000069 52.531862263000050)","Unfall 206027 (2018) Kat:3, Licht: 0","206027","3","2","5","10","17","3","1","0","1","1","0","0"
"POINT (13.494282544000043 52.568960178000054)","Unfall 206028 (2018) Kat:2, Licht: 0","206028","2","4","0","10","16","4","0","0","0","1","1","0"
"POINT (13.346480238000026 52.614687223000033)","Unfall 206029 (2018) Kat:3, Licht: 0","206029","3","5","1","10","09","7","0","0","0","1","0","0"
"POINT (13.516402597000024 52.505623630000059)","Unfall 206030 (2018) Kat:3, Licht: 0","206030","3","2","5","10","15","4","0","0","1","1","0","0"
"POINT (13.209267620000048 52.565504239000063)","Unfall 206031 (2018) Kat:3, Licht: 0","206031","3","3","5","10","17","3","1","0","1","1","0","0"
"POINT (13.406760574000032 52.554056421000041)","Unfall 206032 (2018) Kat:3, Licht: 2","206032","3","6","2","10","19","4","0","2","0","1","0","0"
"POINT (13.363588928000070 52.517608991000031)","Unfall 206033 (2018) Kat:3, Licht: 2","206033","3","2","5","10","02","7","0","2","1","1","0","0"
"POINT (13.202577801000075 52.537953125000058)","Unfall 206034 (2018) Kat:3, Licht: 0","206034","3","4","6","10","17","3","1","0","0","1","1","0"
"POINT (13.583355481000069 52.548988954000038)","Unfall 206035 (2018) Kat:3, Licht: 2","206035","3","3","5","10","00","7","0","2","1","1","0","0"
"POINT (13.400004995000074 52.529567871000040)","Unfall 206036 (2018) Kat:2, Licht: 2","206036","2","7","5","10","19","4","0","2","0","1","0","1"
"POINT (13.407776555000055 52.452515748000053)","Unfall 206037 (2018) Kat:2, Licht: 0","206037","2","3","5","10","11","7","0","0","0","1","0","0"
"POINT (13.375892646000068 52.457812479000040)","Unfall 206038 (2018) Kat:3, Licht: 0","206038","3","6","2","10","17","3","1","0","0","1","0","1"
"POINT (13.461385033000056 52.511025113000073)","Unfall 206039 (2018) Kat:3, Licht: 1","206039","3","6","3","10","18","4","0","1","1","0","0","0"
"POINT (13.296943786000043 52.527960382000060)","Unfall 206040 (2018) Kat:2, Licht: 0","206040","2","6","2","10","11","7","0","0","0","1","0","0"
"POINT (13.562385954000035 52.456852311000034)","Unfall 206041 (2018) Kat:3, Licht: 2","206041","3","6","6","10","19","4","0","2","0","1","1","0"
"POINT (13.429682621000040 52.571820718000026)","Unfall 206042 (2018) Kat:3, Licht: 0","206042","3","2","5","10","16","3","1","0","1","0","0","0"
"POINT (13.386959123000054 52.527307910000047)","Unfall 206043 (2018) Kat:2, Licht: 2","206043","2","4","6","10","19","4","0","2","0","1","1","0"
"POINT (13.303682013000071 52.503692882000053)","Unfall 206044 (2018) Kat:3, Licht: 0","206044","3","3","5","10","16","7","0","0","1","1","0","0"
"POINT (13.218145458000038 52.537522109000065)","Unfall 206045 (2018) Kat:3, Licht: 0","206045","3","6","2","10","16","3","1","0","0","1","0","1"
"POINT (13.400597258000062 52.523644810000064)","Unfall 206046 (2018) Kat:3, Licht: 0","206046","3","4","6","10","15","7","0","0","0","0","1","0"
"POINT (13.200318355000036 52.469677754000031)","Unfall 206047 (2018) Kat:2, Licht: 0","206047","2","1","4","10","14","3","1","0","0","1","0","0"
"POINT (13.446928422000042 52.498398317000067)","Unfall 206048 (2018) Kat:3, Licht: 1","206048","3","7","0","10","19","4","0","1","1","1","0","0"
"POINT (13.337878926000030 52.451023119000070)","Unfall 206049 (2018) Kat:3, Licht: 0","206049","3","2","5","10","15","7","0","0","0","1","0","0"
"POINT (13.376659804000042 52.556327707000037)","Unfall 206050 (2018) Kat:3, Licht: 0","206050","3","6","2","10","15","3","1","0","0","1","0","1"
"POINT (13.331184347000033 52.420067514000038)","Unfall 206051 (2018) Kat:3, Licht: 1","206051","3","3","5","10","18","4","0","1","0","1","0","0"
"POINT (13.450489496000046 52.508647069000062)","Unfall 206052 (2018) Kat:3, Licht: 0","206052","3","4","6","10","15","7","0","0","1","0","1","0"
"POINT (13.259507655000050 52.433169439000039)","Unfall 206053 (2018) Kat:3, Licht: 0","206053","3","2","5","10","14","3","1","0","1","1","0","0"
"POINT (13.581280344000049 52.504235239000081)","Unfall 206054 (2018) Kat:3, Licht: 0","206054","3","6","2","10","14","7","0","0","0","1","0","0"
"POINT (13.448134870000047 52.482754174000036)","Unfall 206055 (2018) Kat:3, Licht: 2","206055","3","5","1","10","18","4","0","2","1","1","0","0"
"POINT (13.581684822000057 52.442725336000080)","Unfall 206056 (2018) Kat:3, Licht: 0","206056","3","6","3","10","14","7","0","0","1","0","0","0"
"POINT (13.376281092000056 52.409149546000037)","Unfall 206057 (2018) Kat:2, Licht: 0","206057","2","2","5","10","14","3","1","0","0","1","0","0"
"POINT (13.397888988000034 52.488894006000066)","Unfall 206058 (2018) Kat:3, Licht: 1","206058","3","6","2","10","18","4","0","1","1","0","0","0"
"POINT (13.354675119000035 52.429153903000042)","Unfall 206059 (2018) Kat:3, Licht: 0","206059","3","2","5","10","14","7","0","0","0","1","0","0"
"POINT (13.460412208000037 52.559630155000036)","Unfall 206060 (2018) Kat:3, Licht: 0","206060","3","1","0","10","17","4","0","0","1","0","0","0"
"POINT (13.241674767000063 52.538817029000029)","Unfall 206061 (2018) Kat:2, Licht: 2","206061","2","5","1","10","00","3","0","2","0","1","0","0"
"POINT (13.443228244000068 52.503940985000042)","Unfall 206062 (2018) Kat:3, Licht: 0","206062","3","2","5","10","17","4","0","0","1","1","0","0"
"POINT (13.630643018000058 52.452139171000056)","Unfall 206063 (2018) Kat:3, Licht: 0","206063","3","3","5","10","13","7","0","0","1","0","0","0"
"POINT (13.208273989000077 52.538704065000047)","Unfall 206064 (2018) Kat:3, Licht: 1","206064","3","1","0","10","18","3","1","1","0","1","0","1"
"POINT (13.342345087000069 52.428426852000030)","Unfall 206065 (2018) Kat:3, Licht: 0","206065","3","1","0","10","16","3","1","0","0","0","0","1"
"POINT (13.371594976000040 52.470094606000032)","Unfall 206066 (2018) Kat:3, Licht: 0","206066","3","6","2","10","13","7","0","0","0","1","0","0"
"POINT (13.486634617000050 52.540944288000048)","Unfall 206067 (2018) Kat:3, Licht: 0","206067","3","3","5","10","09","3","0","0","0","1","0","0"
"POINT (13.463893783000060 52.470563707000053)","Unfall 206068 (2018) Kat:3, Licht: 0","206068","3","6","0","10","17","4","0","0","0","1","0","1"
"POINT (13.298938232000069 52.578569813000058)","Unfall 206069 (2018) Kat:3, Licht: 0","206069","3","2","5","10","12","7","0","0","1","1","0","0"
"POINT (13.303826787000048 52.499256976000026)","Unfall 206070 (2018) Kat:3, Licht: 0","206070","3","2","6","10","13","2","0","0","0","1","1","0"
"POINT (13.328613960000041 52.478393451000045)","Unfall 206071 (2018) Kat:2, Licht: 0","206071","2","1","2","10","11","7","0","0","0","1","0","0"
"POINT (13.573540733000073 52.552317336000044)","Unfall 206072 (2018) Kat:3, Licht: 0","206072","3","7","2","10","17","4","0","0","0","1","0","1"
"POINT (13.353237653000065 52.449237468000035)","Unfall 206073 (2018) Kat:3, Licht: 0","206073","3","2","0","10","16","2","1","0","1","1","0","0"
"POINT (13.536884296000039 52.525610418000042)","Unfall 206074 (2018) Kat:3, Licht: 0","206074","3","6","2","10","17","4","0","0","0","1","0","0"
"POINT (13.354081588000042 52.562091049000060)","Unfall 206075 (2018) Kat:3, Licht: 0","206075","3","3","5","10","17","2","0","0","1","1","0","0"
"POINT (13.409437086000025 52.518450301000030)","Unfall 206076 (2018) Kat:3, Licht: 2","206076","3","3","5","10","20","6","0","2","1","1","0","0"
"POINT (13.536065375000021 52.477835393000078)","Unfall 206077 (2018) Kat:3, Licht: 0","206077","3","2","2","10","16","4","0","0","1","1","0","0"
"POINT (13.320351088000052 52.481733113000075)","Unfall 206078 (2018) Kat:3, Licht: 0","206078","3","2","0","10","17","2","1","0","1","1","0","0"
"POINT (13.391789691000042 52.540560242000026)","Unfall 206079 (2018) Kat:3, Licht: 0","206079","3","7","6","10","16","4","0","0","0","1","1","0"
"POINT (13.594673057000023 52.518178747000036)","Unfall 206080 (2018) Kat:3, Licht: 2","206080","3","2","5","10","19","6","0","2","1","1","0","0"
"POINT (13.475008451000065 52.439351530000067)","Unfall 206081 (2018) Kat:3, Licht: 0","206081","3","6","2","10","15","4","0","0","0","1","0","0"
"POINT (13.442475642000034 52.480452680000042)","Unfall 206082 (2018) Kat:3, Licht: 2","206082","3","4","6","10","22","2","0","2","1","0","1","0"
"POINT (13.273643143000072 52.499980053000058)","Unfall 206083 (2018) Kat:3, Licht: 0","206083","3","6","2","10","15","4","0","0","0","1","0","1"
"POINT (13.390048851000074 52.419654501000082)","Unfall 206084 (2018) Kat:3, Licht: 2","206084","3","3","5","10","18","6","0","2","0","1","0","1"
"POINT (13.461146898000038 52.529745866000042)","Unfall 206085 (2018) Kat:3, Licht: 2","206085","3","3","5","10","20","2","0","2","1","1","0","0"
"POINT (13.509658922000028 52.502575962000037)","Unfall 206086 (2018) Kat:2, Licht: 0","206086","2","3","5","10","17","2","1","0","1","1","0","0"
"POINT (13.428479423000056 52.577675951000060)","Unfall 206087 (2018) Kat:3, Licht: 0","206087","3","3","5","10","18","6","0","0","1","1","0","0"
"POINT (13.283956306000050 52.512825870000029)","Unfall 206088 (2018) Kat:2, Licht: 0","206088","2","2","2","10","17","2","0","0","1","1","0","0"
"POINT (13.432026834000055 52.501807670000062)","Unfall 206089 (2018) Kat:3, Licht: 0","206089","3","4","6","10","15","4","0","0","0","0","1","1"
"POINT (13.333012577000034 52.525538189000031)","Unfall 206090 (2018) Kat:3, Licht: 1","206090","3","4","6","10","18","6","0","1","0","1","1","0"
"POINT (13.377819913000053 52.472377631000029)","Unfall 206091 (2018) Kat:3, Licht: 0","206091","3","2","5","10","15","2","0","0","1","1","0","0"
"POINT (13.294242709000059 52.534306844000071)","Unfall 206092 (2018) Kat:3, Licht: 0","206092","3","2","0","10","17","6","0","0","0","1","0","1"
"POINT (13.357473680000055 52.535990937000065)","Unfall 206093 (2018) Kat:3, Licht: 0","206093","3","6","3","10","15","4","0","0","0","1","0","0"
"POINT (13.310011797000072 52.493695609000042)","Unfall 206094 (2018) Kat:3, Licht: 2","206094","3","2","5","10","22","2","0","2","0","1","0","1"
"POINT (13.465343945000029 52.507697860000064)","Unfall 206095 (2018) Kat:3, Licht: 0","206095","3","2","5","10","15","4","0","0","1","1","0","0"
"POINT (13.416069864000065 52.527205486000071)","Unfall 206096 (2018) Kat:3, Licht: 2","206096","3","4","6","10","23","6","0","2","0","1","1","0"
"POINT (13.217421308000041 52.611284637000040)","Unfall 206097 (2018) Kat:3, Licht: 2","206097","3","3","5","10","22","4","0","2","0","1","0","0"
"POINT (13.324910177000049 52.461161463000053)","Unfall 206098 (2018) Kat:3, Licht: 0","206098","3","4","6","10","15","2","0","0","0","1","1","0"
"POINT (13.454711642000063 52.434694472000047)","Unfall 206099 (2018) Kat:2, Licht: 2","206099","2","3","5","10","21","4","0","2","0","1","0","1"
"POINT (13.306908686000043 52.555106155000033)","Unfall 206100 (2018) Kat:2, Licht: 2","206100","2","4","6","10","22","6","0","2","0","1","1","0"
"POINT (13.331359324000061 52.442116357000032)","Unfall 206101 (2018) Kat:3, Licht: 2","206101","3","3","5","10","21","6","0","2","1","1","0","0"
"POINT (13.525797370000078 52.494184736000079)","Unfall 206102 (2018) Kat:3, Licht: 2","206102","3","6","3","10","20","4","0","2","0","1","0","0"
"POINT (13.281212938000067 52.441554834000044)","Unfall 206103 (2018) Kat:2, Licht: 0","206103","2","3","5","10","12","4","0","0","1","1","0","0"
"POINT (13.507715496000060 52.474902331000067)","Unfall 206104 (2018) Kat:2, Licht: 1","206104","2","2","5","10","17","6","0","1","1","1","0","0"
"POINT (13.385555724000028 52.550181755000040)","Unfall 206105 (2018) Kat:3, Licht: 0","206105","3","7","6","10","14","2","0","0","0","1","1","0"
"POINT (13.389540369000031 52.550165174000028)","Unfall 206106 (2018) Kat:3, Licht: 1","206106","3","7","5","10","17","6","0","1","0","0","0","1"
"POINT (13.335554288000026 52.504244455000048)","Unfall 206107 (2018) Kat:3, Licht: 0","206107","3","4","0","10","14","2","1","0","0","0","1","1"
"POINT (13.510689226000068 52.404473358000075)","Unfall 206108 (2018) Kat:3, Licht: 0","206108","3","4","6","10","14","4","0","0","0","1","1","0"
"POINT (13.614476903000025 52.493710001000068)","Unfall 206109 (2018) Kat:3, Licht: 0","206109","3","3","5","10","15","6","0","0","1","1","0","0"
"POINT (13.306720043000041 52.555304157000080)","Unfall 206110 (2018) Kat:3, Licht: 0","206110","3","6","2","10","14","2","0","0","0","1","0","0"
"POINT (13.397212487000047 52.547342422000042)","Unfall 206111 (2018) Kat:3, Licht: 0","206111","3","6","2","10","15","6","0","0","0","1","0","0"
"POINT (13.541559577000044 52.542843086000062)","Unfall 206112 (2018) Kat:3, Licht: 0","206112","3","3","5","10","14","4","0","0","0","0","0","0"
"POINT (13.338178997000057 52.505074186000058)","Unfall 206113 (2018) Kat:3, Licht: 0","206113","3","5","1","10","13","2","1","0","1","1","0","0"
"POINT (13.192166090000057 52.534125877000065)","Unfall 206114 (2018) Kat:3, Licht: 0","206114","3","3","5","10","13","4","0","0","0","1","0","1"
"POINT (13.120569812000042 52.475796241000069)","Unfall 206115 (2018) Kat:3, Licht: 0","206115","3","7","5","10","15","6","0","0","1","1","0","0"
"POINT (13.346218878000059 52.524966208000080)","Unfall 206116 (2018) Kat:3, Licht: 0","206116","3","3","6","10","13","2","0","0","0","1","1","0"
"POINT (13.231555326000034 52.527734678000058)","Unfall 206117 (2018) Kat:3, Licht: 0","206117","3","6","2","10","13","4","0","0","0","1","0","0"
"POINT (13.505212712000059 52.404038771000046)","Unfall 206118 (2018) Kat:3, Licht: 0","206118","3","4","6","10","18","6","0","0","0","1","1","0"