WKT,Name,OBJECTID,UKATEGORIE,UTYP1,UART,UMONAT,USTUNDE,UWOCHENTAG,STRZUSTAND,ULICHTVERH,ISTRAD,ISTPKW,ISTFUSS,ISTKRAD
"POINT (13.619954548000067 52.539538055000037)","Unfall 206119 (2018) Kat:3, Licht: 0","206119","3","3","5","10","07","2","0","0","1","1","0","0"
"POINT (13.432946623000078 52.518079337000074)","Unfall 206120 (2018) Kat:3, Licht: 0","206120","3","3","5","10","07","6","0","0","1","0","0","0"
"POINT (13.292325077000044 52.497452722000048)","Unfall 206121 (2018) Kat:3, Licht: 0","206121","3","6","3","10","13","4","0","0","1","1","0","0"
"POINT (13.339983569000026 52.448153764000040)","Unfall 206122 (2018) Kat:3, Licht: 0","206122","3","2","0","10","15","6","0","0","1","1","0","0"
"POINT (13.400043568000058 52.509515755000052)","Unfall 206123 (2018) Kat:3, Licht: 0","206123","3","2","5","10","17","2","1","0","1","0","0","1"
"POINT (13.611979457000075 52.496649517000037)","Unfall 206124 (2018) Kat:3, Licht: 0","206124","3","3","5","10","12","4","0","0","0","1","0","1"
"POINT (13.403620675000070 52.525641429000075)","Unfall 206125 (2018) Kat:3, Licht: 0","206125","3","4","6","10","16","6","0","0","1","0","1","0"
"POINT (13.499618867000038 52.523840866000057)","Unfall 206126 (2018) Kat:2, Licht: 0","206126","2","3","0","10","17","2","0","0","0","1","0","0"
"POINT (13.368724031000056 52.506248735000042)","Unfall 206127 (2018) Kat:2, Licht: 0","206127","2","3","5","10","16","6","0","0","0","1","1","0"
"POINT (13.464580152000053 52.470316897000032)","Unfall 206128 (2018) Kat:3, Licht: 0","206128","3","3","5","10","12","4","0","0","1","0","0","0"
"POINT (13.456325474000039 52.509876036000037)","Unfall 206129 (2018) Kat:3, Licht: 0","206129","3","4","6","10","15","6","0","0","0","1","1","0"
"POINT (13.426548835000062 52.499514454000064)","Unfall 206130 (2018) Kat:3, Licht: 0","206130","3","6","2","10","15","2","1","0","0","1","0","0"
"POINT (13.600943828000027 52.479315792000079)","Unfall 206131 (2018) Kat:3, Licht: 0","206131","3","3","5","10","12","4","0","0","1","1","0","0"
"POINT (13.619920517000025 52.543950956000060)","Unfall 206132 (2018) Kat:3, Licht: 0","206132","3","6","2","10","16","6","0","0","0","1","0","0"
"POINT (13.545061867000072 52.427150894000079)","Unfall 206133 (2018) Kat:3, Licht: 0","206133","3","3","5","10","11","4","0","0","1","1","0","0"
"POINT (13.499748098000055 52.525898711000082)","Unfall 206134 (2018) Kat:3, Licht: 0","206134","3","6","3","10","16","2","0","0","0","1","0","0"
"POINT (13.313596512000061 52.483092823000050)","Unfall 206135 (2018) Kat:3, Licht: 0","206135","3","3","5","10","10","4","0","0","0","1","0","0"
"POINT (13.200776215000076 52.538583174000053)","Unfall 206136 (2018) Kat:3, Licht: 0","206136","3","2","5","10","09","6","0","0","0","1","0","0"
"POINT (13.294653917000062 52.474395692000030)","Unfall 206137 (2018) Kat:3, Licht: 0","206137","3","5","1","10","13","2","0","0","1","1","0","0"
"POINT (13.305056233000073 52.427364780000062)","Unfall 206138 (2018) Kat:2, Licht: 0","206138","2","1","0","10","16","6","0","0","1","0","0","0"
"POINT (13.230047760000048 52.433890628000029)","Unfall 206139 (2018) Kat:3, Licht: 0","206139","3","3","0","10","08","2","0","0","1","0","0","0"
"POINT (13.326980331000073 52.521942671000033)","Unfall 206140 (2018) Kat:2, Licht: 0","206140","2","7","4","10","12","6","0","0","0","1","1","0"
"POINT (13.418156559000067 52.499709143000075)","Unfall 206141 (2018) Kat:3, Licht: 0","206141","3","6","3","10","09","4","0","0","1","1","0","0"
"POINT (13.460641377000059 52.430205813000043)","Unfall 206142 (2018) Kat:3, Licht: 0","206142","3","5","1","10","17","6","0","0","0","1","0","0"
"POINT (13.461489580000034 52.517853633000072)","Unfall 206143 (2018) Kat:3, Licht: 0","206143","3","7","0","10","07","2","0","0","1","0","0","0"
"POINT (13.238769588000025 52.602505259000054)","Unfall 206144 (2018) Kat:3, Licht: 0","206144","3","3","5","10","09","4","0","0","1","1","0","0"
"POINT (13.342353743000047 52.607615071000055)","Unfall 206145 (2018) Kat:3, Licht: 0","206145","3","3","5","10","16","6","0","0","0","1","0","1"
"POINT (13.440684850000025 52.517270636000035)","Unfall 206146 (2018) Kat:3, Licht: 0","206146","3","2","5","10","09","4","0","0","1","0","0","0"
"POINT (13.387837503000071 52.492767230000027)","Unfall 206147 (2018) Kat:2, Licht: 0","206147","2","2","5","10","07","2","0","0","1","1","0","0"
"POINT (13.233621692000042 52.505434556000068)","Unfall 206148 (2018) Kat:3, Licht: 0","206148","3","2","0","10","15","4","0","0","1","1","0","0"
"POINT (13.429166314000042 52.510580222000044)","Unfall 206149 (2018) Kat:3, Licht: 0","206149","3","5","1","10","13","6","0","0","1","1","0","0"
"POINT (13.334314275000054 52.541371234000053)","Unfall 206150 (2018) Kat:3, Licht: 0","206150","3","6","2","10","08","2","0","0","0","1","0","0"
"POINT (13.287749462000022 52.480881134000072)","Unfall 206151 (2018) Kat:2, Licht: 0","206151","2","2","0","10","08","2","0","0","1","1","0","0"
"POINT (13.466356491000056 52.500623085000029)","Unfall 206152 (2018) Kat:3, Licht: 1","206152","3","6","0","10","18","4","0","1","0","1","0","1"
"POINT (13.366012331000036 52.525525106000032)","Unfall 206153 (2018) Kat:3, Licht: 0","206153","3","4","6","10","09","2","0","0","1","0","1","0"
"POINT (13.418648158000053 52.498899102000053)","Unfall 206154 (2018) Kat:3, Licht: 0","206154","3","6","3","10","08","4","0","0","1","1","0","0"
"POINT (13.353233501000034 52.449238217000072)","Unfall 206155 (2018) Kat:2, Licht: 0","206155","2","3","5","10","13","6","0","0","0","1","0","1"
"POINT (13.396911844000044 52.505164062000063)","Unfall 206156 (2018) Kat:3, Licht: 0","206156","3","6","2","10","10","2","0","0","0","1","0","0"
"POINT (13.430429748000051 52.510408413000050)","Unfall 206157 (2018) Kat:3, Licht: 0","206157","3","3","5","10","11","2","0","0","1","1","0","0"
"POINT (13.346765706000042 52.500785109000049)","Unfall 206158 (2018) Kat:2, Licht: 0","206158","2","4","6","10","11","6","0","0","0","1","1","0"
"POINT (13.373463786000059 52.574757594000062)","Unfall 206159 (2018) Kat:3, Licht: 0","206159","3","2","5","10","07","2","0","0","1","0","0","0"
"POINT (13.328268688000037 52.532927349000033)","Unfall 206160 (2018) Kat:2, Licht: 0","206160","2","6","3","10","08","4","0","0","1","0","0","0"
"POINT (13.296537675000025 52.548304039000072)","Unfall 206161 (2018) Kat:3, Licht: 0","206161","3","6","2","10","11","6","0","0","0","1","0","0"
"POINT (13.365445250000050 52.558031016000029)","Unfall 206162 (2018) Kat:3, Licht: 0","206162","3","3","5","10","13","2","0","0","0","1","0","0"
"POINT (13.334518886000069 52.498505239000053)","Unfall 206163 (2018) Kat:3, Licht: 0","206163","3","3","5","10","13","6","0","0","0","1","0","1"
"POINT (13.465367765000053 52.567108246000032)","Unfall 206164 (2018) Kat:3, Licht: 0","206164","3","2","5","10","07","4","0","0","1","1","0","0"
"POINT (13.410445433000064 52.503796165000040)","Unfall 206165 (2018) Kat:2, Licht: 0","206165","2","7","0","10","07","2","0","0","1","0","0","0"
"POINT (13.447865633000049 52.477783302000034)","Unfall 206166 (2018) Kat:3, Licht: 0","206166","3","3","5","10","07","4","0","0","1","1","0","0"
"POINT (13.352001455000050 52.509634971000082)","Unfall 206167 (2018) Kat:3, Licht: 0","206167","3","6","2","10","10","6","0","0","0","1","0","0"
"POINT (13.581522142000040 52.514008822000051)","Unfall 206168 (2018) Kat:3, Licht: 0","206168","3","7","6","10","12","4","0","0","0","1","1","0"
"POINT (13.583589038000071 52.403746097000067)","Unfall 206169 (2018) Kat:3, Licht: 0","206169","3","1","8","10","07","2","0","0","0","1","0","0"
"POINT (13.351144254000076 52.509634748000053)","Unfall 206170 (2018) Kat:3, Licht: 2","206170","3","2","5","10","19","4","0","2","1","0","0","0"
"POINT (13.509569336000027 52.496251048000033)","Unfall 206171 (2018) Kat:3, Licht: 0","206171","3","2","5","10","10","6","0","0","1","1","0","0"
"POINT (13.590229533000070 52.435038811000027)","Unfall 206172 (2018) Kat:3, Licht: 1","206172","3","3","5","09","17","1","0","1","0","1","0","0"
"POINT (13.581891793000068 52.439403484000081)","Unfall 206173 (2018) Kat:2, Licht: 2","206173","2","6","3","09","20","1","0","2","0","1","0","1"
"POINT (13.577164792000076 52.455772329000069)","Unfall 206174 (2018) Kat:3, Licht: 0","206174","3","2","5","10","13","6","0","0","1","1","0","0"
"POINT (13.282546831000047 52.441227985000069)","Unfall 206175 (2018) Kat:3, Licht: 0","206175","3","4","6","09","12","1","0","0","1","0","1","0"
"POINT (13.386223900000061 52.514566397000067)","Unfall 206176 (2018) Kat:3, Licht: 0","206176","3","2","0","10","08","3","0","0","0","0","0","1"
"POINT (13.537705561000053 52.539874173000044)","Unfall 206177 (2018) Kat:3, Licht: 0","206177","3","1","2","10","09","6","0","0","1","1","0","0"
"POINT (13.299685077000049 52.500475920000042)","Unfall 206178 (2018) Kat:3, Licht: 0","206178","3","7","0","09","10","1","0","0","0","0","0","1"
"POINT (13.182441863000065 52.538422412000045)","Unfall 206179 (2018) Kat:2, Licht: 0","206179","2","2","5","10","12","6","1","0","0","1","0","0"
"POINT (13.309562254000070 52.500180884000031)","Unfall 206180 (2018) Kat:3, Licht: 0","206180","3","5","1","10","15","3","0","0","1","1","0","0"
"POINT (13.441604131000076 52.470411057000035)","Unfall 206181 (2018) Kat:3, Licht: 0","206181","3","2","2","10","09","6","0","0","1","1","0","0"
"POINT (13.378414177000025 52.534293732000037)","Unfall 206182 (2018) Kat:3, Licht: 0","206182","3","2","3","09","10","1","0","0","0","1","0","0"
"POINT (13.349462263000078 52.498903391000056)","Unfall 206183 (2018) Kat:3, Licht: 0","206183","3","5","1","10","16","3","0","0","1","1","0","0"
"POINT (13.182000379000044 52.535909668000045)","Unfall 206184 (2018) Kat:3, Licht: 0","206184","3","7","0","10","12","6","1","0","0","1","0","1"
"POINT (13.493184211000028 52.564950972000076)","Unfall 206185 (2018) Kat:3, Licht: 0","206185","3","5","1","09","07","1","0","0","0","1","0","0"
"POINT (13.495724561000031 52.522960062000038)","Unfall 206186 (2018) Kat:2, Licht: 0","206186","2","3","5","10","09","6","0","0","0","1","0","1"
"POINT (13.270231305000038 52.430750017000037)","Unfall 206187 (2018) Kat:2, Licht: 0","206187","2","5","1","10","16","3","0","0","0","1","0","0"
"POINT (13.358955780000031 52.496597463000057)","Unfall 206188 (2018) Kat:3, Licht: 2","206188","3","1","0","09","00","1","0","2","1","1","0","0"
"POINT (13.575842635000072 52.491182032000040)","Unfall 206189 (2018) Kat:3, Licht: 0","206189","3","2","0","10","15","3","0","0","1","1","0","0"
"POINT (13.386324544000047 52.524742189000051)","Unfall 206190 (2018) Kat:3, Licht: 0","206190","3","2","3","10","09","6","0","0","1","1","0","0"
"POINT (13.405818237000062 52.530518874000052)","Unfall 206191 (2018) Kat:3, Licht: 2","206191","3","2","5","10","22","3","0","2","1","1","0","0"
"POINT (13.434681120000050 52.478718279000077)","Unfall 206192 (2018) Kat:3, Licht: 2","206192","3","3","5","09","20","1","0","2","1","1","0","0"
"POINT (13.342043601000057 52.459636294000063)","Unfall 206193 (2018) Kat:2, Licht: 0","206193","2","7","0","10","11","3","0","0","0","1","0","0"
"POINT (13.380654827000058 52.516903395000043)","Unfall 206194 (2018) Kat:3, Licht: 0","206194","3","3","5","10","08","6","0","0","1","1","0","0"
"POINT (13.477593907000028 52.537397506000048)","Unfall 206195 (2018) Kat:3, Licht: 0","206195","3","7","5","09","18","1","0","0","0","1","0","1"
"POINT (13.453928206000057 52.429598775000045)","Unfall 206196 (2018) Kat:3, Licht: 0","206196","3","6","0","10","12","6","0","0","0","1","0","0"
"POINT (13.520817277000049 52.568539266000073)","Unfall 206197 (2018) Kat:2, Licht: 2","206197","2","4","6","10","20","3","0","2","0","1","1","0"
"POINT (13.596897502000047 52.436973368000054)","Unfall 206198 (2018) Kat:3, Licht: 0","206198","3","2","5","09","18","1","0","0","1","1","0","0"
"POINT (13.423203384000033 52.557291102000079)","Unfall 206199 (2018) Kat:3, Licht: 0","206199","3","7","6","10","16","5","0","0","0","1","1","0"
"POINT (13.408184794000022 52.386696848000042)","Unfall 206200 (2018) Kat:3, Licht: 0","206200","3","6","3","10","07","2","0","0","1","1","0","0"
"POINT (13.583642213000076 52.514910107000048)","Unfall 206201 (2018) Kat:3, Licht: 0","206201","3","2","5","10","07","2","0","0","0","1","0","1"
"POINT (13.320205239000074 52.478805925000074)","Unfall 206202 (2018) Kat:3, Licht: 0","206202","3","2","5","10","08","5","0","0","1","1","0","0"
"POINT (13.464790047000065 52.497633664000034)","Unfall 206203 (2018) Kat:3, Licht: 2","206203","3","6","2","10","05","2","0","2","0","1","0","1"
"POINT (13.470770745000038 52.510269148000077)","Unfall 206204 (2018) Kat:3, Licht: 0","206204","3","2","5","10","16","5","0","0","1","1","0","0"
"POINT (13.228791785000055 52.530005950000032)","Unfall 206205 (2018) Kat:2, Licht: 2","206205","2","6","4","10","04","2","0","2","0","1","0","0"
"POINT (13.565566069000056 52.507246896000026)","Unfall 206206 (2018) Kat:3, Licht: 0","206206","3","3","5","10","10","3","1","0","0","1","0","0"
"POINT (13.434619183000052 52.490616992000071)","Unfall 206207 (2018) Kat:3, Licht: 0","206207","3","7","5","10","08","5","0","0","1","1","0","0"
"POINT (13.577611374000071 52.402317743000026)","Unfall 206208 (2018) Kat:2, Licht: 0","206208","2","3","5","10","14","2","0","0","1","1","0","0"
"POINT (13.593887111000072 52.447881425000048)","Unfall 206209 (2018) Kat:3, Licht: 2","206209","3","3","5","10","06","3","0","2","1","1","0","0"
"POINT (13.411861675000068 52.540579747000038)","Unfall 206210 (2018) Kat:3, Licht: 0","206210","3","1","0","10","14","2","0","0","1","0","0","0"
"POINT (13.418510302000072 52.553468083000041)","Unfall 206211 (2018) Kat:3, Licht: 0","206211","3","3","5","10","15","5","0","0","1","1","0","0"
"POINT (13.204249826000023 52.540658652000047)","Unfall 206212 (2018) Kat:3, Licht: 0","206212","3","3","5","10","13","2","0","0","1","1","0","0"
"POINT (13.385674936000044 52.528463479000038)","Unfall 206213 (2018) Kat:3, Licht: 0","206213","3","1","0","10","12","3","1","0","1","0","0","0"
"POINT (13.154491220000068 52.533020383000064)","Unfall 206214 (2018) Kat:2, Licht: 1","206214","2","7","5","10","15","5","0","1","1","1","0","0"
"POINT (13.349353612000073 52.458979879000026)","Unfall 206215 (2018) Kat:3, Licht: 2","206215","3","7","7","10","18","2","1","2","1","0","0","0"
"POINT (13.356790512000032 52.424648563000062)","Unfall 206216 (2018) Kat:2, Licht: 0","206216","2","3","5","10","14","5","0","0","1","1","0","0"
"POINT (13.311685101000023 52.500397688000078)","Unfall 206217 (2018) Kat:3, Licht: 0","206217","3","3","5","10","13","2","1","0","1","0","0","0"
"POINT (13.589461020000044 52.513148339000054)","Unfall 206218 (2018) Kat:3, Licht: 0","206218","3","6","3","10","13","2","0","0","0","1","0","0"
"POINT (13.269708609000077 52.538180478000072)","Unfall 206219 (2018) Kat:3, Licht: 0","206219","3","2","6","10","14","5","0","0","0","1","1","0"
"POINT (13.426984039000047 52.552213851000033)","Unfall 206220 (2018) Kat:3, Licht: 0","206220","3","3","5","10","14","2","0","0","1","1","0","0"
"POINT (13.331292917000042 52.503422835000038)","Unfall 206221 (2018) Kat:3, Licht: 0","206221","3","6","2","10","12","2","1","0","0","1","0","0"
"POINT (13.497467804000053 52.508712114000048)","Unfall 206222 (2018) Kat:2, Licht: 0","206222","2","5","1","10","14","5","0","0","0","1","0","0"
"POINT (13.420423550000066 52.604345018000060)","Unfall 206223 (2018) Kat:3, Licht: 0","206223","3","7","6","10","11","2","1","0","0","1","1","0"
"POINT (13.441267559000039 52.505347073000053)","Unfall 206224 (2018) Kat:3, Licht: 0","206224","3","3","5","10","12","2","0","0","0","1","0","0"
"POINT (13.384016339000027 52.510316209000052)","Unfall 206225 (2018) Kat:3, Licht: 0","206225","3","2","5","10","11","2","1","0","1","1","0","0"
"POINT (13.297216589000072 52.577754786000071)","Unfall 206226 (2018) Kat:3, Licht: 2","206226","3","1","0","10","18","5","1","2","0","0","0","1"
"POINT (13.321744393000074 52.492965381000033)","Unfall 206227 (2018) Kat:2, Licht: 0","206227","2","2","5","10","11","2","0","0","0","1","0","1"
"POINT (13.586996289000069 52.523609490000069)","Unfall 206228 (2018) Kat:3, Licht: 0","206228","3","1","0","10","11","2","1","0","0","0","0","1"
"POINT (13.402476610000065 52.511869819000026)","Unfall 206229 (2018) Kat:3, Licht: 0","206229","3","6","0","10","11","2","0","0","0","1","0","0"
"POINT (13.401753969000026 52.530358710000030)","Unfall 206230 (2018) Kat:3, Licht: 0","206230","3","1","0","10","10","5","0","0","1","0","0","0"
"POINT (13.433842913000035 52.549587716000076)","Unfall 206231 (2018) Kat:3, Licht: 0","206231","3","7","5","10","11","2","0","0","1","1","0","0"
"POINT (13.281299196000077 52.499432655000078)","Unfall 206232 (2018) Kat:2, Licht: 0","206232","2","3","5","10","10","2","0","0","1","1","0","0"
"POINT (13.387728987000060 52.453058999000064)","Unfall 206233 (2018) Kat:3, Licht: 2","206233","3","1","0","10","20","5","1","2","0","0","0","1"
"POINT (13.194852741000034 52.532562224000060)","Unfall 206234 (2018) Kat:2, Licht: 0","206234","2","3","5","10","08","5","0","0","0","1","0","0"
"POINT (13.404059065000069 52.463473173000068)","Unfall 206235 (2018) Kat:3, Licht: 1","206235","3","3","5","10","17","2","0","1","0","1","0","0"
"POINT (13.348513956000033 52.535825919000047)","Unfall 206236 (2018) Kat:3, Licht: 0","206236","3","3","5","10","08","5","0","0","1","0","0","0"
"POINT (13.440031775000023 52.481604630000049)","Unfall 206237 (2018) Kat:3, Licht: 0","206237","3","3","5","10","11","2","0","0","1","1","0","0"
"POINT (13.523541253000076 52.536048451000056)","Unfall 206238 (2018) Kat:3, Licht: 0","206238","3","6","2","10","16","2","0","0","0","1","0","0"
"POINT (13.341138053000066 52.552808828000082)","Unfall 206239 (2018) Kat:3, Licht: 0","206239","3","5","1","10","08","5","0","0","1","1","0","0"
"POINT (13.412792020000040 52.528114664000043)","Unfall 206240 (2018) Kat:3, Licht: 0","206240","3","1","0","10","08","2","0","0","0","0","0","1"
"POINT (13.389082019000057 52.398354117000054)","Unfall 206241 (2018) Kat:3, Licht: 0","206241","3","3","5","10","11","2","0","0","0","1","0","0"
"POINT (13.459019601000023 52.548942208000028)","Unfall 206242 (2018) Kat:3, Licht: 0","206242","3","3","5","10","08","5","0","0","0","1","0","0"
"POINT (13.293593476000069 52.445805927000038)","Unfall 206243 (2018) Kat:2, Licht: 0","206243","2","2","5","10","11","2","0","0","0","1","0","1"
"POINT (13.376903041000048 52.510769826000057)","Unfall 206244 (2018) Kat:3, Licht: 0","206244","3","3","5","10","16","2","1","0","0","1","0","1"
"POINT (13.267754172000025 52.445553612000026)","Unfall 206245 (2018) Kat:3, Licht: 0","206245","3","2","5","10","10","2","0","0","1","1","0","0"
"POINT (13.394114264000052 52.489594348000026)","Unfall 206246 (2018) Kat:3, Licht: 0","206246","3","7","6","10","08","5","0","0","0","1","1","0"
"POINT (13.209522738000032 52.538397150000037)","Unfall 206247 (2018) Kat:3, Licht: 0","206247","3","6","2","10","10","2","0","0","0","1","0","0"
"POINT (13.386918379000065 52.490056566000078)","Unfall 206248 (2018) Kat:3, Licht: 0","206248","3","6","3","10","07","5","0","0","1","1","0","0"
"POINT (13.204240857000059 52.540648789000045)","Unfall 206249 (2018) Kat:3, Licht: 0","206249","3","3","5","10","09","2","0","0","1","1","0","0"
"POINT (13.364073425000072 52.527933494000081)","Unfall 206250 (2018) Kat:3, Licht: 0","206250","3","1","5","10","08","2","0","0","0","1","0","1"
"POINT (13.395972780000022 52.538256493000063)","Unfall 206251 (2018) Kat:3, Licht: 0","206251","3","2","5","10","09","2","0","0","0","1","0","0"
"POINT (13.423122558000046 52.551155818000041)","Unfall 206252 (2018) Kat:2, Licht: 0","206252","2","3","0","10","06","5","0","0","0","1","0","1"
"POINT (13.341999783000063 52.470185712000045)","Unfall 206253 (2018) Kat:3, Licht: 0","206253","3","3","5","10","09","2","0","0","1","0","0","0"
"POINT (13.280130869000061 52.518478985000058)","Unfall 206254 (2018) Kat:3, Licht: 0","206254","3","2","5","10","16","2","1","0","0","1","0","0"
"POINT (13.418318093000039 52.515598686000033)","Unfall 206255 (2018) Kat:2, Licht: 2","206255","2","3","5","10","06","5","0","2","0","1","0","1"
"POINT (13.446649397000044 52.502559874000042)","Unfall 206256 (2018) Kat:3, Licht: 1","206256","3","6","3","10","18","5","0","1","0","0","0","1"
"POINT (13.294405664000067 52.534404716000040)","Unfall 206257 (2018) Kat:3, Licht: 0","206257","3","6","2","10","16","2","1","0","0","1","0","0"
"POINT (13.402600226000061 52.554260173000046)","Unfall 206258 (2018) Kat:3, Licht: 2","206258","3","2","5","10","15","5","0","2","1","1","0","0"
"POINT (13.450269666000054 52.546059439000032)","Unfall 206259 (2018) Kat:3, Licht: 0","206259","3","2","4","10","09","2","0","0","1","1","0","0"
"POINT (13.314023116000044 52.506351842000072)","Unfall 206260 (2018) Kat:3, Licht: 0","206260","3","3","2","10","11","5","0","0","0","1","0","0"
"POINT (13.376501038000072 52.484947725000040)","Unfall 206261 (2018) Kat:3, Licht: 0","206261","3","3","5","10","15","2","1","0","1","1","0","0"
"POINT (13.417852888000027 52.517909200000076)","Unfall 206262 (2018) Kat:3, Licht: 0","206262","3","4","6","10","09","2","0","0","1","0","1","0"
"POINT (13.399048538000045 52.494566908000081)","Unfall 206263 (2018) Kat:3, Licht: 0","206263","3","2","5","10","12","4","0","0","1","1","0","0"
"POINT (13.266787306000026 52.512562884000033)","Unfall 206264 (2018) Kat:3, Licht: 0","206264","3","5","1","10","09","2","0","0","1","1","0","0"
"POINT (13.379410957000061 52.529426048000062)","Unfall 206265 (2018) Kat:3, Licht: 0","206265","3","3","0","10","08","2","0","0","1","1","0","0"
"POINT (13.331158170000037 52.506700293000051)","Unfall 206266 (2018) Kat:3, Licht: 0","206266","3","6","2","10","12","2","0","0","1","1","0","0"
"POINT (13.314389567000035 52.507793028000037)","Unfall 206267 (2018) Kat:3, Licht: 1","206267","3","5","1","10","18","4","0","1","1","1","0","0"
"POINT (13.345630196000059 52.428696125000045)","Unfall 206268 (2018) Kat:2, Licht: 0","206268","2","3","5","10","14","2","0","0","1","0","0","0"
"POINT (13.285805556000071 52.587622721000059)","Unfall 206269 (2018) Kat:3, Licht: 0","206269","3","6","2","10","15","2","1","0","0","1","0","0"
"POINT (13.456093796000062 52.465644342000076)","Unfall 206270 (2018) Kat:3, Licht: 0","206270","3","2","2","10","09","4","0","0","0","1","0","0"
"POINT (13.625816858000064 52.529067034000036)","Unfall 206271 (2018) Kat:2, Licht: 1","206271","2","6","2","10","06","2","0","1","0","1","0","0"
"POINT (13.385341328000038 52.498974465000060)","Unfall 206272 (2018) Kat:3, Licht: 0","206272","3","2","5","10","16","1","0","0","0","1","0","0"
"POINT (13.271339891000025 52.536519696000028)","Unfall 206273 (2018) Kat:2, Licht: 0","206273","2","6","0","10","15","2","1","0","0","1","0","1"
"POINT (13.315264580000076 52.451361546000044)","Unfall 206274 (2018) Kat:2, Licht: 0","206274","2","3","5","10","14","2","1","0","0","1","0","1"
"POINT (13.430686382000033 52.515307044000053)","Unfall 206275 (2018) Kat:3, Licht: 0","206275","3","3","5","10","17","4","0","0","1","0","0","1"
"POINT (13.418827934000035 52.464937872000064)","Unfall 206276 (2018) Kat:3, Licht: 0","206276","3","2","5","10","16","4","0","0","1","1","0","0"
"POINT (13.338350417000072 52.451088208000044)","Unfall 206277 (2018) Kat:3, Licht: 0","206277","3","6","2","10","14","2","1","0","0","1","0","0"
"POINT (13.403751951000061 52.533370031000061)","Unfall 206278 (2018) Kat:3, Licht: 0","206278","3","4","6","10","16","4","0","0","0","1","1","0"
"POINT (13.468081652000023 52.427617051000027)","Unfall 206279 (2018) Kat:2, Licht: 0","206279","2","2","5","10","13","1","0","0","1","1","0","0"
"POINT (13.199629817000073 52.535084045000076)","Unfall 206280 (2018) Kat:2, Licht: 0","206280","2","6","2","10","15","2","1","0","0","1","0","0"
"POINT (13.453370924000069 52.542073173000063)","Unfall 206281 (2018) Kat:3, Licht: 1","206281","3","3","5","10","18","4","0","1","1","1","0","0"
"POINT (13.308593652000070 52.467925897000043)","Unfall 206282 (2018) Kat:3, Licht: 0","206282","3","6","2","10","14","2","1","0","0","1","0","0"
"POINT (13.280602241000054 52.415303923000067)","Unfall 206283 (2018) Kat:2, Licht: 0","206283","2","7","1","10","11","1","0","0","0","1","0","1"
"POINT (13.406564949000028 52.393763883000076)","Unfall 206284 (2018) Kat:2, Licht: 1","206284","2","2","5","10","18","4","0","1","0","1","0","0"
"POINT (13.199647574000039 52.534527365000031)","Unfall 206285 (2018) Kat:2, Licht: 0","206285","2","2","5","10","11","1","0","0","1","1","0","0"
"POINT (13.403438216000040 52.448210492000044)","Unfall 206286 (2018) Kat:3, Licht: 0","206286","3","6","2","10","14","2","1","0","0","0","0","0"
"POINT (13.303020314000037 52.514057076000029)","Unfall 206287 (2018) Kat:3, Licht: 0","206287","3","5","1","10","11","1","0","0","1","1","0","0"
"POINT (13.314788611000040 52.512114229000076)","Unfall 206288 (2018) Kat:3, Licht: 2","206288","3","2","5","10","18","4","0","2","1","1","0","0"
"POINT (13.295911444000069 52.495927593000033)","Unfall 206289 (2018) Kat:2, Licht: 0","206289","2","2","5","10","11","1","0","0","0","1","0","1"
"POINT (13.559058323000045 52.448566744000061)","Unfall 206290 (2018) Kat:3, Licht: 2","206290","3","6","2","10","05","2","0","2","0","1","0","0"
"POINT (13.274627493000025 52.535794409000061)","Unfall 206291 (2018) Kat:3, Licht: 2","206291","3","5","1","10","19","4","0","2","0","1","0","0"
"POINT (13.380182588000025 52.574952265000036)","Unfall 206292 (2018) Kat:2, Licht: 2","206292","2","2","5","10","05","2","0","2","0","1","0","1"
"POINT (13.498435588000063 52.563916062000033)","Unfall 206293 (2018) Kat:3, Licht: 0","206293","3","3","5","10","09","1","0","0","1","1","0","0"
"POINT (13.480236865000052 52.520441291000054)","Unfall 206294 (2018) Kat:3, Licht: 0","206294","3","6","2","10","13","2","1","0","0","1","0","0"
"POINT (13.563687613000070 52.456365703000074)","Unfall 206295 (2018) Kat:3, Licht: 0","206295","3","6","0","10","16","4","0","0","0","0","0","1"
"POINT (13.582060395000042 52.442361144000074)","Unfall 206296 (2018) Kat:2, Licht: 0","206296","2","4","6","10","09","1","0","0","1","0","1","0"
"POINT (13.404201220000061 52.415193922000071)","Unfall 206297 (2018) Kat:2, Licht: 0","206297","2","6","2","10","14","2","1","0","0","1","0","0"
"POINT (13.489668651000045 52.512286708000033)","Unfall 206298 (2018) Kat:3, Licht: 0","206298","3","3","5","10","08","1","0","0","0","1","0","0"
"POINT (13.313918190000038 52.490399853000042)","Unfall 206299 (2018) Kat:3, Licht: 0","206299","3","4","6","10","15","4","0","0","0","1","1","0"
"POINT (13.232642436000049 52.542976531000079)","Unfall 206300 (2018) Kat:3, Licht: 1","206300","3","1","1","10","06","1","0","1","0","1","0","0"
"POINT (13.427391985000042 52.523050868000041)","Unfall 206301 (2018) Kat:2, Licht: 1","206301","2","4","6","10","17","2","0","1","0","1","1","0"
"POINT (13.584807446000070 52.428387634000046)","Unfall 206302 (2018) Kat:3, Licht: 0","206302","3","1","0","10","16","4","0","0","1","0","0","0"
"POINT (13.543846526000038 52.568094868000060)","Unfall 206303 (2018) Kat:3, Licht: 2","206303","3","6","4","10","23","1","0","2","0","0","0","0"
"POINT (13.389324421000026 52.513943380000057)","Unfall 206304 (2018) Kat:3, Licht: 0","206304","3","1","0","10","16","2","0","0","0","0","0","1"