WKT,Name,OBJECTID,UKATEGORIE,UTYP1,UART,UMONAT,USTUNDE,UWOCHENTAG,STRZUSTAND,ULICHTVERH,ISTRAD,ISTPKW,ISTFUSS,ISTKRAD
"POINT (13.605241526000043 52.536448766000035)","Unfall 206305 (2018) Kat:3, Licht: 2","206305","3","6","0","10","20","1","0","2","0","1","0","1"
"POINT (13.256255548000070 52.521129500000029)","Unfall 206306 (2018) Kat:3, Licht: 0","206306","3","3","5","10","16","4","0","0","0","1","0","0"
"POINT (13.391574482000067 52.512172798000051)","Unfall 206307 (2018) Kat:3, Licht: 2","206307","3","3","5","10","05","1","0","2","0","1","0","0"
"POINT (13.397713134000071 52.386676996000062)","Unfall 206308 (2018) Kat:3, Licht: 2","206308","3","4","6","10","20","2","0","2","0","0","1","0"
"POINT (13.309049707000042 52.579050068000072)","Unfall 206309 (2018) Kat:3, Licht: 0","206309","3","1","0","10","15","4","1","0","1","0","0","0"
"POINT (13.313348142000052 52.571387055000059)","Unfall 206310 (2018) Kat:2, Licht: 2","206310","2","7","0","10","19","1","1","2","0","1","0","1"
"POINT (13.384708086000046 52.460850937000032)","Unfall 206311 (2018) Kat:2, Licht: 2","206311","2","2","5","10","19","2","0","2","1","0","0","0"
"POINT (13.593039087000022 52.432606012000065)","Unfall 206312 (2018) Kat:3, Licht: 0","206312","3","3","5","10","15","4","0","0","0","1","0","0"
"POINT (13.380507867000063 52.528370020000068)","Unfall 206313 (2018) Kat:3, Licht: 2","206313","3","2","6","10","19","2","0","2","0","1","1","0"
"POINT (13.375365400000021 52.584504004000053)","Unfall 206314 (2018) Kat:3, Licht: 2","206314","3","5","1","10","19","1","0","2","0","1","0","0"
"POINT (13.385822409000070 52.558173726000064)","Unfall 206315 (2018) Kat:3, Licht: 2","206315","3","7","5","10","19","2","0","2","0","1","0","0"
"POINT (13.313254601000040 52.500725756000065)","Unfall 206316 (2018) Kat:3, Licht: 0","206316","3","6","2","10","14","4","0","0","0","1","0","0"
"POINT (13.334293395000032 52.508575970000038)","Unfall 206317 (2018) Kat:3, Licht: 1","206317","3","7","0","10","18","1","1","1","1","0","0","0"
"POINT (13.341696537000075 52.534837719000052)","Unfall 206318 (2018) Kat:3, Licht: 2","206318","3","3","5","10","19","2","0","2","0","1","0","0"
"POINT (13.346943651000061 52.428568685000073)","Unfall 206319 (2018) Kat:2, Licht: 1","206319","2","4","6","10","18","1","0","1","0","1","1","0"
"POINT (13.582066192000070 52.442815731000053)","Unfall 206320 (2018) Kat:2, Licht: 0","206320","2","2","5","10","14","4","0","0","1","1","0","0"
"POINT (13.300305966000053 52.487699087000067)","Unfall 206321 (2018) Kat:3, Licht: 0","206321","3","2","2","10","15","1","0","0","0","1","0","0"
"POINT (13.307934390000071 52.447152387000074)","Unfall 206322 (2018) Kat:3, Licht: 1","206322","3","5","1","10","18","2","0","1","1","1","0","0"
"POINT (13.191645911000023 52.545931090000067)","Unfall 206323 (2018) Kat:3, Licht: 0","206323","3","7","2","10","13","4","0","0","1","1","0","0"
"POINT (13.342296033000025 52.607523026000081)","Unfall 206324 (2018) Kat:3, Licht: 0","206324","3","2","5","10","09","4","0","0","0","1","0","0"
"POINT (13.450822728000048 52.512741200000050)","Unfall 206325 (2018) Kat:3, Licht: 1","206325","3","1","0","10","17","2","1","1","1","0","0","0"
"POINT (13.377147042000047 52.453669129000048)","Unfall 206326 (2018) Kat:3, Licht: 0","206326","3","2","5","10","08","4","0","0","1","1","0","0"
"POINT (13.377277168000035 52.535197614000026)","Unfall 206327 (2018) Kat:3, Licht: 0","206327","3","7","0","10","13","1","0","0","1","1","0","0"
"POINT (13.427771228000040 52.500927758000046)","Unfall 206328 (2018) Kat:3, Licht: 0","206328","3","5","1","10","17","2","1","0","1","0","0","0"
"POINT (13.382109749000051 52.522987705000048)","Unfall 206329 (2018) Kat:3, Licht: 0","206329","3","7","5","10","08","4","0","0","0","1","0","1"
"POINT (13.326591968000059 52.486629596000057)","Unfall 206330 (2018) Kat:3, Licht: 0","206330","3","6","4","10","07","4","0","0","1","0","0","0"
"POINT (13.350651647000063 52.512010129000032)","Unfall 206331 (2018) Kat:3, Licht: 0","206331","3","3","5","10","13","4","0","0","1","0","0","0"
"POINT (13.328324548000069 52.534668386000078)","Unfall 206332 (2018) Kat:3, Licht: 0","206332","3","6","2","10","11","1","0","0","0","1","0","0"
"POINT (13.445428599000024 52.467278037000028)","Unfall 206333 (2018) Kat:3, Licht: 0","206333","3","3","5","10","07","4","0","0","0","1","0","0"
"POINT (13.402436910000063 52.531159411000033)","Unfall 206334 (2018) Kat:2, Licht: 2","206334","2","1","1","10","05","1","0","2","1","1","0","0"
"POINT (13.454827385000044 52.488358629000061)","Unfall 206335 (2018) Kat:3, Licht: 0","206335","3","5","1","10","14","7","0","0","1","1","0","0"
"POINT (13.519393156000035 52.518029848000026)","Unfall 206336 (2018) Kat:3, Licht: 1","206336","3","3","5","10","06","4","0","1","1","1","0","0"
"POINT (13.388775580000072 52.484507718000032)","Unfall 206337 (2018) Kat:3, Licht: 2","206337","3","6","3","10","20","7","0","2","0","1","0","0"
"POINT (13.169847924000067 52.518582666000043)","Unfall 206338 (2018) Kat:3, Licht: 0","206338","3","6","3","10","14","1","0","0","0","1","0","1"
"POINT (13.573964005000050 52.491703680000057)","Unfall 206339 (2018) Kat:3, Licht: 2","206339","3","3","5","10","18","7","0","2","0","1","0","0"
"POINT (13.380611629000043 52.532535090000067)","Unfall 206340 (2018) Kat:3, Licht: 0","206340","3","2","5","10","12","4","0","0","1","1","0","0"
"POINT (13.331301866000047 52.503490448000036)","Unfall 206341 (2018) Kat:3, Licht: 1","206341","3","7","2","10","18","7","0","1","0","1","0","1"
"POINT (13.428903423000065 52.572047660000067)","Unfall 206342 (2018) Kat:3, Licht: 2","206342","3","2","5","10","00","1","0","2","0","1","0","0"
"POINT (13.480994348000024 52.518981561000032)","Unfall 206343 (2018) Kat:3, Licht: 0","206343","3","5","1","10","11","4","0","0","1","1","0","0"
"POINT (13.378640010000026 52.544808344000046)","Unfall 206344 (2018) Kat:3, Licht: 1","206344","3","2","5","10","06","4","0","1","1","1","0","0"
"POINT (13.415378917000055 52.522712452000064)","Unfall 206345 (2018) Kat:2, Licht: 2","206345","2","4","6","10","21","1","0","2","0","1","1","0"
"POINT (13.295509491000075 52.442565268000067)","Unfall 206346 (2018) Kat:3, Licht: 0","206346","3","2","5","10","11","4","0","0","0","1","0","0"
"POINT (13.367462565000039 52.525744924000037)","Unfall 206347 (2018) Kat:3, Licht: 1","206347","3","7","6","10","18","7","0","1","0","1","1","0"
"POINT (13.197973908000051 52.547534816000052)","Unfall 206348 (2018) Kat:2, Licht: 2","206348","2","4","6","10","21","1","0","2","0","1","1","0"
"POINT (13.210124148000034 52.566790327000035)","Unfall 206349 (2018) Kat:3, Licht: 0","206349","3","4","6","10","11","4","0","0","0","1","1","0"
"POINT (13.361474170000065 52.547996781000052)","Unfall 206350 (2018) Kat:3, Licht: 2","206350","3","3","5","10","19","1","0","2","0","1","0","1"
"POINT (13.313892063000026 52.425000657000055)","Unfall 206351 (2018) Kat:3, Licht: 2","206351","3","6","2","10","18","7","0","2","0","1","0","1"
"POINT (13.184576644000060 52.515566501000080)","Unfall 206352 (2018) Kat:3, Licht: 0","206352","3","2","5","10","10","4","0","0","0","1","0","1"
"POINT (13.346277414000042 52.501241148000076)","Unfall 206353 (2018) Kat:2, Licht: 0","206353","2","2","5","10","17","7","0","0","1","0","0","0"
"POINT (13.590486237000050 52.529900637000026)","Unfall 206354 (2018) Kat:3, Licht: 1","206354","3","1","9","10","18","1","0","1","0","0","0","1"
"POINT (13.417127972000060 52.605484953000030)","Unfall 206355 (2018) Kat:3, Licht: 0","206355","3","2","5","10","17","7","0","0","0","1","0","1"
"POINT (13.435645688000022 52.569913233000079)","Unfall 206356 (2018) Kat:3, Licht: 0","206356","3","3","5","10","17","1","0","0","1","1","0","0"
"POINT (13.400612840000065 52.510051090000047)","Unfall 206357 (2018) Kat:3, Licht: 0","206357","3","2","5","10","16","7","0","0","0","1","0","0"
"POINT (13.274089075000063 52.519245083000044)","Unfall 206358 (2018) Kat:2, Licht: 0","206358","2","2","5","10","10","4","0","0","0","1","0","0"
"POINT (13.249717326000052 52.523901802000069)","Unfall 206359 (2018) Kat:3, Licht: 2","206359","3","6","2","10","02","7","0","2","0","1","0","0"
"POINT (13.369459286000051 52.456668813000078)","Unfall 206360 (2018) Kat:3, Licht: 0","206360","3","2","2","10","14","1","0","0","0","1","0","1"
"POINT (13.349594894000063 52.542075473000068)","Unfall 206361 (2018) Kat:2, Licht: 0","206361","2","2","5","10","16","7","0","0","1","1","0","0"
"POINT (13.320838876000039 52.456920593000063)","Unfall 206362 (2018) Kat:3, Licht: 0","206362","3","2","5","10","16","7","0","0","1","1","0","0"
"POINT (13.394716623000022 52.496157676000053)","Unfall 206363 (2018) Kat:3, Licht: 0","206363","3","7","2","10","14","1","0","0","0","1","0","1"
"POINT (13.390343551000058 52.562898173000065)","Unfall 206364 (2018) Kat:3, Licht: 2","206364","3","2","0","10","20","4","0","2","1","1","0","0"
"POINT (13.421309564000069 52.497929882000051)","Unfall 206365 (2018) Kat:3, Licht: 0","206365","3","5","1","10","13","1","0","0","1","1","0","0"
"POINT (13.340265091000049 52.504102195000030)","Unfall 206366 (2018) Kat:3, Licht: 0","206366","3","5","1","10","09","4","0","0","1","0","0","0"
"POINT (13.512436785000034 52.470710585000063)","Unfall 206367 (2018) Kat:3, Licht: 0","206367","3","7","5","10","15","7","0","0","0","1","0","1"
"POINT (13.444420602000037 52.500763590000076)","Unfall 206368 (2018) Kat:3, Licht: 2","206368","3","1","0","10","02","1","0","2","0","0","0","1"
"POINT (13.296666530000039 52.548410458000035)","Unfall 206369 (2018) Kat:3, Licht: 0","206369","3","6","2","10","09","4","0","0","0","1","0","0"
"POINT (13.363572723000061 52.549239893000049)","Unfall 206370 (2018) Kat:3, Licht: 2","206370","3","6","3","10","21","7","0","2","0","1","0","1"
"POINT (13.332939053000075 52.487560604000066)","Unfall 206371 (2018) Kat:3, Licht: 0","206371","3","6","2","10","15","7","0","0","0","1","0","0"
"POINT (13.380521528000031 52.518201005000037)","Unfall 206372 (2018) Kat:3, Licht: 0","206372","3","2","3","10","15","4","0","0","0","1","0","1"
"POINT (13.297102604000031 52.512462695000067)","Unfall 206373 (2018) Kat:3, Licht: 0","206373","3","6","2","10","15","7","0","0","1","0","0","0"
"POINT (13.500742933000026 52.435154885000031)","Unfall 206374 (2018) Kat:3, Licht: 2","206374","3","3","5","10","20","7","0","2","0","1","0","0"
"POINT (13.491144355000074 52.533863847000077)","Unfall 206375 (2018) Kat:3, Licht: 2","206375","3","6","3","10","20","4","0","2","0","1","0","0"
"POINT (13.348583776000055 52.507483593000075)","Unfall 206376 (2018) Kat:3, Licht: 0","206376","3","3","5","10","15","7","0","0","0","1","0","0"
"POINT (13.339210235000053 52.595831543000031)","Unfall 206377 (2018) Kat:3, Licht: 0","206377","3","2","5","10","13","7","0","0","1","1","0","0"
"POINT (13.444232159000023 52.494534922000071)","Unfall 206378 (2018) Kat:3, Licht: 0","206378","3","7","0","10","09","4","0","0","0","1","0","1"
"POINT (13.379780962000041 52.441623964000030)","Unfall 206379 (2018) Kat:3, Licht: 2","206379","3","7","5","10","19","7","0","2","0","1","0","0"
"POINT (13.547083997000072 52.438024754000082)","Unfall 206380 (2018) Kat:3, Licht: 0","206380","3","7","6","10","09","4","0","0","0","1","1","0"
"POINT (13.129021220000027 52.527224540000077)","Unfall 206381 (2018) Kat:3, Licht: 0","206381","3","3","5","10","15","7","0","0","0","1","0","0"
"POINT (13.317665178000027 52.461174146000076)","Unfall 206382 (2018) Kat:3, Licht: 2","206382","3","3","5","10","18","7","0","2","0","1","0","1"
"POINT (13.461167237000041 52.512187626000070)","Unfall 206383 (2018) Kat:3, Licht: 2","206383","3","5","1","10","19","4","0","2","1","1","0","0"
"POINT (13.418620084000054 52.500345084000060)","Unfall 206384 (2018) Kat:3, Licht: 1","206384","3","5","1","10","17","7","0","1","1","1","0","0"
"POINT (13.473085217000062 52.512858828000049)","Unfall 206385 (2018) Kat:3, Licht: 0","206385","3","7","6","10","15","7","0","0","0","1","1","0"
"POINT (13.487032918000068 52.423048882000046)","Unfall 206386 (2018) Kat:3, Licht: 0","206386","3","1","9","10","16","7","0","0","0","1","0","0"
"POINT (13.280871877000038 52.586378028000070)","Unfall 206387 (2018) Kat:3, Licht: 1","206387","3","3","5","10","18","3","0","1","0","1","0","0"
"POINT (13.618260462000023 52.524454514000070)","Unfall 206388 (2018) Kat:2, Licht: 0","206388","2","7","6","10","16","7","0","0","1","0","1","0"
"POINT (13.324153701000057 52.461849172000029)","Unfall 206389 (2018) Kat:3, Licht: 0","206389","3","7","6","10","15","7","0","0","0","1","1","0"
"POINT (13.465331796000044 52.498422054000059)","Unfall 206390 (2018) Kat:3, Licht: 0","206390","3","5","1","10","14","7","0","0","1","1","0","0"
"POINT (13.379446951000034 52.556419003000030)","Unfall 206391 (2018) Kat:3, Licht: 2","206391","3","1","0","10","17","3","1","2","0","0","0","1"
"POINT (13.339273170000070 52.525807567000072)","Unfall 206392 (2018) Kat:3, Licht: 0","206392","3","2","6","10","13","7","0","0","0","1","1","0"
"POINT (13.228512349000027 52.424565704000031)","Unfall 206393 (2018) Kat:3, Licht: 0","206393","3","1","1","10","13","7","0","0","1","1","0","0"
"POINT (13.333108606000053 52.488465498000039)","Unfall 206394 (2018) Kat:3, Licht: 0","206394","3","4","6","10","08","3","0","0","1","0","1","0"
"POINT (13.582010102000027 52.463880286000062)","Unfall 206395 (2018) Kat:3, Licht: 0","206395","3","2","5","10","12","7","0","0","0","1","0","0"
"POINT (13.450750772000049 52.527130496000041)","Unfall 206396 (2018) Kat:3, Licht: 0","206396","3","2","5","10","16","3","0","0","1","1","0","0"
"POINT (13.372244584000043 52.469717469000045)","Unfall 206397 (2018) Kat:3, Licht: 0","206397","3","6","2","10","11","7","0","0","0","1","0","0"
"POINT (13.369481225000072 52.456914330000075)","Unfall 206398 (2018) Kat:3, Licht: 0","206398","3","6","2","10","13","7","0","0","0","1","0","0"
"POINT (13.269114821000073 52.511953871000060)","Unfall 206399 (2018) Kat:3, Licht: 0","206399","3","7","5","10","08","3","0","0","1","1","0","0"
"POINT (13.329745079000077 52.429078538000056)","Unfall 206400 (2018) Kat:3, Licht: 0","206400","3","6","4","10","12","7","0","0","1","0","0","0"
"POINT (13.463002679000056 52.615788002000045)","Unfall 206401 (2018) Kat:3, Licht: 0","206401","3","2","2","10","12","7","0","0","0","1","0","1"
"POINT (13.232046277000052 52.527796891000037)","Unfall 206402 (2018) Kat:3, Licht: 0","206402","3","6","2","10","12","7","0","0","0","1","0","0"
"POINT (13.409908316000042 52.518092151000076)","Unfall 206403 (2018) Kat:3, Licht: 0","206403","3","3","5","10","12","7","0","0","1","0","0","0"
"POINT (13.669356949000075 52.407626719000064)","Unfall 206404 (2018) Kat:2, Licht: 2","206404","2","1","9","10","02","7","0","2","0","1","0","0"
"POINT (13.388147965000030 52.492698029000053)","Unfall 206405 (2018) Kat:3, Licht: 2","206405","3","5","3","10","19","3","0","2","0","1","0","0"
"POINT (13.521815955000022 52.535829185000068)","Unfall 206406 (2018) Kat:3, Licht: 0","206406","3","6","2","10","11","7","0","0","0","1","0","0"
"POINT (13.502005561000033 52.470863111000028)","Unfall 206407 (2018) Kat:2, Licht: 2","206407","2","1","0","10","19","7","0","2","0","0","0","1"
"POINT (13.405128301000047 52.427848312000037)","Unfall 206408 (2018) Kat:3, Licht: 0","206408","3","3","5","10","11","7","0","0","0","1","0","1"
"POINT (13.387838587000033 52.492766988000028)","Unfall 206409 (2018) Kat:3, Licht: 0","206409","3","2","5","10","17","3","0","0","1","1","0","0"
"POINT (13.428857950000065 52.519327820000058)","Unfall 206410 (2018) Kat:3, Licht: 0","206410","3","5","1","10","11","7","0","0","0","1","0","0"
"POINT (13.376888379000036 52.453966171000047)","Unfall 206411 (2018) Kat:3, Licht: 0","206411","3","6","2","10","16","6","0","0","0","1","0","0"
"POINT (13.503620662000060 52.436613485000066)","Unfall 206412 (2018) Kat:3, Licht: 2","206412","3","1","0","10","23","3","0","2","0","0","0","1"
"POINT (13.458061720000046 52.509441781000078)","Unfall 206413 (2018) Kat:3, Licht: 2","206413","3","4","6","10","22","3","0","2","1","0","1","0"
"POINT (13.397321051000063 52.528682101000072)","Unfall 206414 (2018) Kat:3, Licht: 0","206414","3","3","5","10","16","6","0","0","1","0","0","0"
"POINT (13.424932653000042 52.499717324000073)","Unfall 206415 (2018) Kat:3, Licht: 2","206415","3","5","1","10","19","3","0","2","1","1","0","0"
"POINT (13.448820840000053 52.485029322000059)","Unfall 206416 (2018) Kat:2, Licht: 0","206416","2","3","5","10","11","7","0","0","1","1","0","0"
"POINT (13.424096570000074 52.486351980000052)","Unfall 206417 (2018) Kat:3, Licht: 0","206417","3","2","2","10","15","6","0","0","0","1","0","0"
"POINT (13.333674940000037 52.470094991000053)","Unfall 206418 (2018) Kat:3, Licht: 1","206418","3","6","2","10","18","3","0","1","0","1","0","1"
"POINT (13.377567525000075 52.442602175000047)","Unfall 206419 (2018) Kat:3, Licht: 0","206419","3","6","2","10","15","6","0","0","0","1","0","0"
"POINT (13.372016585000040 52.505132105000030)","Unfall 206420 (2018) Kat:3, Licht: 0","206420","3","3","5","10","10","7","0","0","0","1","0","0"
"POINT (13.509422606000044 52.463920748000078)","Unfall 206421 (2018) Kat:3, Licht: 1","206421","3","3","5","10","18","3","0","1","1","1","0","0"
"POINT (13.710051108000073 52.433010199000080)","Unfall 206422 (2018) Kat:3, Licht: 0","206422","3","7","5","10","10","7","0","0","0","1","0","1"
"POINT (13.245873698000025 52.522451683000043)","Unfall 206423 (2018) Kat:3, Licht: 0","206423","3","3","5","10","15","6","0","0","1","1","0","0"
"POINT (13.604501892000030 52.538677466000081)","Unfall 206424 (2018) Kat:3, Licht: 0","206424","3","2","5","10","10","7","0","0","0","1","0","0"
"POINT (13.416257154000050 52.521612486000038)","Unfall 206425 (2018) Kat:3, Licht: 1","206425","3","6","3","10","17","3","0","1","0","1","0","0"
"POINT (13.417698697000048 52.584097098000029)","Unfall 206426 (2018) Kat:2, Licht: 0","206426","2","3","5","10","10","7","0","0","1","1","0","0"
"POINT (13.626101756000025 52.450457092000079)","Unfall 206427 (2018) Kat:3, Licht: 0","206427","3","6","3","10","15","6","0","0","1","0","0","0"
"POINT (13.487604746000045 52.618040137000037)","Unfall 206428 (2018) Kat:3, Licht: 1","206428","3","3","5","10","17","3","0","1","1","1","0","0"
"POINT (13.315088273000072 52.501006502000052)","Unfall 206429 (2018) Kat:3, Licht: 0","206429","3","3","5","10","17","3","0","0","0","1","0","0"
"POINT (13.482841346000043 52.415960774000041)","Unfall 206430 (2018) Kat:3, Licht: 0","206430","3","3","5","10","15","6","0","0","0","1","0","0"
"POINT (13.477046733000066 52.566899223000064)","Unfall 206431 (2018) Kat:3, Licht: 0","206431","3","2","5","10","16","3","0","0","1","1","0","0"
"POINT (13.361914892000073 52.553485817000080)","Unfall 206432 (2018) Kat:3, Licht: 0","206432","3","3","5","10","10","7","0","0","0","1","0","0"
"POINT (13.342381166000052 52.524357317000067)","Unfall 206433 (2018) Kat:3, Licht: 0","206433","3","6","4","10","16","3","0","0","1","0","0","0"
"POINT (13.374585581000076 52.584261838000032)","Unfall 206434 (2018) Kat:3, Licht: 0","206434","3","2","5","10","09","7","0","0","1","1","0","0"
"POINT (13.428938138000035 52.486708780000072)","Unfall 206435 (2018) Kat:3, Licht: 2","206435","3","3","0","10","22","6","0","2","0","1","0","0"
"POINT (13.374445111000057 52.596123708000050)","Unfall 206436 (2018) Kat:3, Licht: 0","206436","3","6","2","10","16","3","0","0","0","1","0","0"
"POINT (13.511228991000053 52.444969129000071)","Unfall 206437 (2018) Kat:3, Licht: 0","206437","3","2","5","10","15","3","0","0","1","1","0","0"
"POINT (13.155828351000025 52.521727262000070)","Unfall 206438 (2018) Kat:3, Licht: 0","206438","3","2","5","10","15","3","0","0","1","1","0","0"
"POINT (13.433546260000071 52.444265628000039)","Unfall 206439 (2018) Kat:3, Licht: 0","206439","3","2","5","10","09","7","0","0","1","1","0","0"
"POINT (13.230675646000066 52.427464221000037)","Unfall 206440 (2018) Kat:3, Licht: 0","206440","3","7","2","10","15","3","1","0","0","1","0","0"
"POINT (13.467320671000039 52.468591928000080)","Unfall 206441 (2018) Kat:3, Licht: 2","206441","3","2","6","10","20","6","0","2","0","1","1","0"
"POINT (13.488242224000032 52.502157376000071)","Unfall 206442 (2018) Kat:2, Licht: 2","206442","2","1","8","10","07","7","0","2","0","1","0","0"
"POINT (13.369145693000064 52.480722866000065)","Unfall 206443 (2018) Kat:3, Licht: 0","206443","3","3","5","10","08","3","0","0","1","1","0","0"
"POINT (13.464641989000029 52.497418195000080)","Unfall 206444 (2018) Kat:3, Licht: 2","206444","3","2","5","10","02","7","0","2","0","1","0","0"
"POINT (13.393239557000072 52.528999317000057)","Unfall 206445 (2018) Kat:3, Licht: 2","206445","3","6","0","10","20","6","0","2","1","1","0","0"
"POINT (13.380668457000070 52.560810854000067)","Unfall 206446 (2018) Kat:2, Licht: 0","206446","2","4","6","10","14","7","0","0","0","1","1","0"
"POINT (13.371505167000066 52.546203328000047)","Unfall 206447 (2018) Kat:3, Licht: 0","206447","3","6","2","10","08","3","0","0","1","1","0","0"
"POINT (13.361879660000056 52.497993297000050)","Unfall 206448 (2018) Kat:3, Licht: 0","206448","3","2","6","10","14","6","0","0","0","1","1","0"
"POINT (13.523330773000055 52.565430871000046)","Unfall 206449 (2018) Kat:3, Licht: 1","206449","3","3","5","10","18","6","0","1","1","1","0","0"
"POINT (13.468380659000047 52.507061001000068)","Unfall 206450 (2018) Kat:3, Licht: 0","206450","3","2","5","10","08","3","0","0","1","1","0","0"
"POINT (13.379813360000071 52.494270155000038)","Unfall 206451 (2018) Kat:3, Licht: 0","206451","3","3","5","10","15","6","0","0","1","1","0","0"
"POINT (13.302715117000048 52.437528133000058)","Unfall 206452 (2018) Kat:2, Licht: 0","206452","2","4","6","10","14","6","0","0","0","1","1","0"
"POINT (13.314955597000051 52.504362097000069)","Unfall 206453 (2018) Kat:3, Licht: 1","206453","3","5","1","10","17","6","0","1","1","0","0","0"
"POINT (13.397928256000057 52.515415383000061)","Unfall 206454 (2018) Kat:3, Licht: 0","206454","3","6","3","10","08","3","0","0","1","0","0","0"
"POINT (13.576342837000027 52.454711595000049)","Unfall 206455 (2018) Kat:3, Licht: 0","206455","3","7","6","10","15","6","0","0","0","0","1","0"
"POINT (13.246006221000073 52.537654219000046)","Unfall 206456 (2018) Kat:2, Licht: 0","206456","2","6","3","10","14","6","0","0","1","1","0","0"
"POINT (13.320957424000028 52.520636921000062)","Unfall 206457 (2018) Kat:3, Licht: 0","206457","3","2","5","10","14","6","0","0","0","1","0","1"
"POINT (13.328170153000030 52.541261144000032)","Unfall 206458 (2018) Kat:3, Licht: 0","206458","3","6","4","10","07","3","0","0","1","0","0","0"
"POINT (13.287063256000067 52.517495961000066)","Unfall 206459 (2018) Kat:3, Licht: 0","206459","3","4","6","10","14","6","0","0","0","1","1","0"
"POINT (13.261233949000029 52.516567812000062)","Unfall 206460 (2018) Kat:3, Licht: 0","206460","3","6","2","10","13","6","0","0","0","1","0","0"
"POINT (13.440145319000067 52.540856014000042)","Unfall 206461 (2018) Kat:2, Licht: 0","206461","2","2","5","10","07","3","0","0","1","1","0","0"
"POINT (13.326096876000065 52.538437006000038)","Unfall 206462 (2018) Kat:3, Licht: 0","206462","3","3","5","10","13","6","0","0","0","1","0","0"
"POINT (13.421718715000054 52.514214745000061)","Unfall 206463 (2018) Kat:3, Licht: 1","206463","3","2","5","10","18","6","0","1","1","1","0","0"
"POINT (13.585937010000066 52.441290562000063)","Unfall 206464 (2018) Kat:3, Licht: 0","206464","3","3","5","10","13","6","0","0","1","1","0","0"
"POINT (13.283864211000036 52.496701838000035)","Unfall 206465 (2018) Kat:3, Licht: 0","206465","3","6","2","10","16","3","0","0","0","1","0","0"
"POINT (13.311302393000062 52.479656075000037)","Unfall 206466 (2018) Kat:3, Licht: 0","206466","3","1","0","10","13","6","0","0","1","0","0","0"
"POINT (13.344288158000040 52.467481957000075)","Unfall 206467 (2018) Kat:3, Licht: 0","206467","3","4","0","10","14","6","0","0","0","0","1","0"
"POINT (13.406037525000045 52.581676692000030)","Unfall 206468 (2018) Kat:3, Licht: 1","206468","3","6","2","10","06","3","0","1","0","1","0","0"
"POINT (13.448346079000032 52.517575069000031)","Unfall 206469 (2018) Kat:3, Licht: 1","206469","3","5","1","10","18","6","0","1","1","1","0","0"
"POINT (13.309484819000033 52.491979702000037)","Unfall 206470 (2018) Kat:3, Licht: 0","206470","3","3","5","10","12","6","0","0","0","1","0","1"
"POINT (13.263932283000031 52.514815528000042)","Unfall 206471 (2018) Kat:3, Licht: 0","206471","3","6","2","10","13","6","0","0","0","1","0","1"
"POINT (13.186655409000025 52.551196523000044)","Unfall 206472 (2018) Kat:3, Licht: 0","206472","3","6","2","10","16","3","0","0","0","1","0","1"
"POINT (13.487649268000041 52.492195279000043)","Unfall 206473 (2018) Kat:3, Licht: 0","206473","3","7","6","10","12","6","0","0","0","1","1","0"
"POINT (13.361979149000035 52.412289444000066)","Unfall 206474 (2018) Kat:2, Licht: 0","206474","2","6","0","10","13","6","0","0","0","1","0","1"
"POINT (13.395682961000034 52.498104923000028)","Unfall 206475 (2018) Kat:3, Licht: 0","206475","3","6","2","10","12","6","0","0","0","0","0","1"
"POINT (13.395864842000037 52.489398790000052)","Unfall 206476 (2018) Kat:3, Licht: 0","206476","3","2","5","10","16","3","0","0","1","1","0","0"
"POINT (13.344860978000042 52.554409490000069)","Unfall 206477 (2018) Kat:3, Licht: 0","206477","3","6","2","10","11","6","0","0","0","1","0","0"
"POINT (13.303222586000061 52.505333733000043)","Unfall 206478 (2018) Kat:3, Licht: 1","206478","3","6","2","10","17","6","0","1","0","1","0","0"
"POINT (13.205352844000060 52.541778247000082)","Unfall 206479 (2018) Kat:3, Licht: 2","206479","3","3","5","10","06","3","0","2","1","0","0","0"
"POINT (13.356602739000039 52.535690570000042)","Unfall 206480 (2018) Kat:3, Licht: 0","206480","3","3","5","10","12","6","0","0","1","1","0","0"
"POINT (13.321263016000046 52.531629208000027)","Unfall 206481 (2018) Kat:3, Licht: 2","206481","3","6","2","10","06","3","0","2","0","1","0","1"
"POINT (13.509143678000044 52.564644318000035)","Unfall 206482 (2018) Kat:3, Licht: 0","206482","3","6","2","10","11","6","0","0","0","1","0","0"
"POINT (13.431253463000075 52.612428437000062)","Unfall 206483 (2018) Kat:3, Licht: 0","206483","3","6","2","10","17","6","0","0","0","1","0","0"
"POINT (13.336361706000048 52.425522745000080)","Unfall 206484 (2018) Kat:3, Licht: 0","206484","3","5","3","10","15","3","0","0","1","1","0","0"
"POINT (13.404934792000063 52.517444882000063)","Unfall 206485 (2018) Kat:3, Licht: 0","206485","3","5","1","10","11","6","0","0","1","1","0","0"
"POINT (13.414285855000060 52.544255408000026)","Unfall 206486 (2018) Kat:3, Licht: 0","206486","3","4","0","10","12","6","0","0","0","0","1","1"
"POINT (13.330236349000074 52.513278770000056)","Unfall 206487 (2018) Kat:3, Licht: 0","206487","3","2","5","10","15","3","0","0","1","0","0","0"
"POINT (13.416164637000065 52.526512206000064)","Unfall 206488 (2018) Kat:3, Licht: 1","206488","3","6","2","10","17","6","0","1","1","1","0","0"
"POINT (13.500797857000066 52.547031821000076)","Unfall 206489 (2018) Kat:2, Licht: 0","206489","2","4","6","10","10","6","0","0","0","1","1","0"
"POINT (13.402169288000039 52.530845648000081)","Unfall 206490 (2018) Kat:2, Licht: 2","206490","2","1","0","10","23","6","0","2","1","0","0","0"