WKT,Name,OBJECTID,UKATEGORIE,UTYP1,UART,UMONAT,USTUNDE,UWOCHENTAG,STRZUSTAND,ULICHTVERH,ISTRAD,ISTPKW,ISTFUSS,ISTKRAD
"POINT (13.450701738000078 52.508614194000074)","Unfall 206491 (2018) Kat:3, Licht: 0","206491","3","3","5","10","15","3","0","0","1","1","0","0"
"POINT (13.303996148000067 52.506724975000054)","Unfall 206492 (2018) Kat:3, Licht: 0","206492","3","7","2","10","10","6","0","0","1","1","0","0"
"POINT (13.408518753000067 52.511926849000076)","Unfall 206493 (2018) Kat:3, Licht: 0","206493","3","6","2","10","07","6","0","0","0","1","0","1"
"POINT (13.516196495000031 52.492410957000061)","Unfall 206494 (2018) Kat:3, Licht: 0","206494","3","3","5","10","10","6","0","0","1","1","0","0"
"POINT (13.381478313000059 52.579638871000043)","Unfall 206495 (2018) Kat:3, Licht: 0","206495","3","5","1","10","15","3","0","0","1","1","0","0"
"POINT (13.329967907000025 52.503598736000072)","Unfall 206496 (2018) Kat:3, Licht: 0","206496","3","2","6","10","09","6","0","0","0","1","1","0"
"POINT (13.403071932000046 52.495360636000044)","Unfall 206497 (2018) Kat:3, Licht: 0","206497","3","3","5","10","08","6","1","0","0","1","0","1"
"POINT (13.414452016000041 52.583200549000026)","Unfall 206498 (2018) Kat:3, Licht: 0","206498","3","3","5","10","15","3","0","0","1","1","0","0"
"POINT (13.230031815000075 52.430805079000038)","Unfall 206499 (2018) Kat:3, Licht: 0","206499","3","3","5","10","15","3","1","0","0","1","0","1"
"POINT (13.389348470000073 52.496108411000080)","Unfall 206500 (2018) Kat:3, Licht: 0","206500","3","2","5","10","08","6","0","0","1","1","0","0"
"POINT (13.337698412000066 52.462251868000067)","Unfall 206501 (2018) Kat:3, Licht: 0","206501","3","3","5","10","14","3","0","0","1","0","0","0"
"POINT (13.401618016000043 52.386683999000070)","Unfall 206502 (2018) Kat:2, Licht: 0","206502","2","4","6","10","09","6","0","0","0","1","1","0"
"POINT (13.431920871000045 52.505693213000029)","Unfall 206503 (2018) Kat:3, Licht: 0","206503","3","4","6","10","09","6","0","0","0","0","1","0"
"POINT (13.414512728000034 52.439623677000043)","Unfall 206504 (2018) Kat:3, Licht: 0","206504","3","2","2","10","15","3","0","0","0","1","0","0"
"POINT (13.305664230000048 52.499818000000062)","Unfall 206505 (2018) Kat:2, Licht: 0","206505","2","6","2","10","10","6","0","0","0","1","0","0"
"POINT (13.443234639000025 52.503938740000081)","Unfall 206506 (2018) Kat:3, Licht: 0","206506","3","2","5","10","08","6","0","0","1","0","0","0"
"POINT (13.363799033000078 52.565148954000051)","Unfall 206507 (2018) Kat:3, Licht: 0","206507","3","3","5","10","13","3","0","0","0","1","0","1"
"POINT (13.377421137000056 52.514805297000066)","Unfall 206508 (2018) Kat:3, Licht: 1","206508","3","6","3","10","17","6","0","1","1","0","0","0"
"POINT (13.514612571000043 52.423842391000051)","Unfall 206509 (2018) Kat:2, Licht: 0","206509","2","3","5","10","13","3","0","0","0","1","0","0"
"POINT (13.407994298000062 52.584929461000058)","Unfall 206510 (2018) Kat:3, Licht: 0","206510","3","4","6","10","10","6","0","0","0","1","1","0"
"POINT (13.418586527000059 52.572562374000029)","Unfall 206511 (2018) Kat:3, Licht: 0","206511","3","7","5","10","08","6","0","0","0","1","0","1"
"POINT (13.228911521000043 52.538054558000056)","Unfall 206512 (2018) Kat:3, Licht: 0","206512","3","6","2","10","12","3","0","0","0","1","0","0"
"POINT (13.339324800000043 52.595835361000070)","Unfall 206513 (2018) Kat:3, Licht: 0","206513","3","2","5","10","07","6","0","0","0","1","0","0"
"POINT (13.366248234000068 52.430206401000078)","Unfall 206514 (2018) Kat:3, Licht: 0","206514","3","3","5","10","10","6","0","0","0","1","0","0"
"POINT (13.412833804000059 52.544391929000028)","Unfall 206515 (2018) Kat:3, Licht: 2","206515","3","3","5","10","22","6","0","2","1","1","0","0"
"POINT (13.341550504000054 52.433870295000077)","Unfall 206516 (2018) Kat:3, Licht: 0","206516","3","6","2","10","11","3","0","0","0","1","0","0"
"POINT (13.455751576000068 52.560005449000073)","Unfall 206517 (2018) Kat:3, Licht: 2","206517","3","3","5","10","22","6","0","2","0","1","0","1"
"POINT (13.404249327000059 52.533162527000059)","Unfall 206518 (2018) Kat:2, Licht: 0","206518","2","3","5","10","11","6","0","0","1","1","0","0"
"POINT (13.482378993000054 52.411353355000074)","Unfall 206519 (2018) Kat:3, Licht: 0","206519","3","3","5","10","10","3","0","0","0","0","0","1"
"POINT (13.320121903000029 52.483564716000046)","Unfall 206520 (2018) Kat:3, Licht: 0","206520","3","2","5","10","10","3","0","0","1","1","0","0"
"POINT (13.376633511000023 52.554384098000071)","Unfall 206521 (2018) Kat:3, Licht: 0","206521","3","6","2","10","11","6","0","0","0","1","0","0"
"POINT (13.437207550000039 52.464368569000044)","Unfall 206522 (2018) Kat:3, Licht: 0","206522","3","3","5","10","09","3","0","0","1","1","0","0"
"POINT (13.427423695000073 52.560554258000082)","Unfall 206523 (2018) Kat:3, Licht: 2","206523","3","3","5","10","21","6","0","2","1","1","0","0"
"POINT (13.440170238000064 52.481593783000051)","Unfall 206524 (2018) Kat:3, Licht: 0","206524","3","4","0","10","11","6","0","0","0","0","1","0"
"POINT (13.409150712000041 52.501779625000040)","Unfall 206525 (2018) Kat:3, Licht: 0","206525","3","2","5","10","09","3","0","0","1","1","0","0"
"POINT (13.392332420000059 52.490515172000073)","Unfall 206526 (2018) Kat:3, Licht: 0","206526","3","2","5","10","11","6","0","0","1","0","0","0"
"POINT (13.376120651000065 52.571094067000047)","Unfall 206527 (2018) Kat:2, Licht: 2","206527","2","6","2","10","20","6","0","2","1","1","0","0"
"POINT (13.298199518000047 52.438945407000062)","Unfall 206528 (2018) Kat:3, Licht: 0","206528","3","3","5","10","09","3","0","0","1","1","0","0"
"POINT (13.440887266000061 52.482272849000026)","Unfall 206529 (2018) Kat:3, Licht: 2","206529","3","5","1","10","20","6","0","2","1","1","0","0"
"POINT (13.380731482000044 52.516568800000073)","Unfall 206530 (2018) Kat:3, Licht: 0","206530","3","2","2","10","07","6","0","0","0","1","0","0"
"POINT (13.485508560000028 52.523992868000050)","Unfall 206531 (2018) Kat:3, Licht: 0","206531","3","3","5","10","07","6","0","0","0","1","0","0"
"POINT (13.628670082000042 52.469009237000080)","Unfall 206532 (2018) Kat:3, Licht: 0","206532","3","7","0","10","08","3","0","0","0","1","0","0"
"POINT (13.345499905000054 52.566774937000048)","Unfall 206533 (2018) Kat:2, Licht: 0","206533","2","2","0","10","07","6","0","0","1","1","0","0"
"POINT (13.326414730000067 52.537083793000079)","Unfall 206534 (2018) Kat:3, Licht: 0","206534","3","2","5","10","07","6","0","0","1","1","0","0"
"POINT (13.527471294000065 52.516260398000043)","Unfall 206535 (2018) Kat:2, Licht: 1","206535","2","4","6","10","06","6","0","1","0","0","1","0"
"POINT (13.418742493000025 52.510407844000042)","Unfall 206536 (2018) Kat:3, Licht: 0","206536","3","2","5","10","07","6","0","0","1","1","0","0"
"POINT (13.421748782000066 52.514204615000040)","Unfall 206537 (2018) Kat:3, Licht: 0","206537","3","2","5","10","15","6","0","0","1","1","0","0"
"POINT (13.476574182000036 52.501001786000074)","Unfall 206538 (2018) Kat:3, Licht: 2","206538","3","4","6","10","06","6","0","2","0","0","1","0"
"POINT (13.329671165000036 52.503534482000077)","Unfall 206539 (2018) Kat:3, Licht: 0","206539","3","7","6","10","09","3","0","0","0","1","1","0"
"POINT (13.281505037000045 52.592455307000080)","Unfall 206540 (2018) Kat:2, Licht: 2","206540","2","3","0","10","06","6","0","2","0","1","0","1"
"POINT (13.443168653000043 52.571218945000055)","Unfall 206541 (2018) Kat:3, Licht: 0","206541","3","3","5","10","08","3","0","0","0","1","0","1"
"POINT (13.303436004000048 52.641245460000050)","Unfall 206542 (2018) Kat:2, Licht: 0","206542","2","3","5","10","16","6","0","0","0","1","0","1"
"POINT (13.429064640000036 52.556321009000044)","Unfall 206543 (2018) Kat:3, Licht: 2","206543","3","3","5","10","06","6","0","2","0","1","0","0"
"POINT (13.430341612000063 52.499435680000033)","Unfall 206544 (2018) Kat:3, Licht: 0","206544","3","3","0","10","13","3","0","0","0","1","0","1"
"POINT (13.392605372000048 52.524480130000029)","Unfall 206545 (2018) Kat:3, Licht: 2","206545","3","1","0","10","03","6","0","2","1","0","0","0"
"POINT (13.433874730000070 52.465390219000028)","Unfall 206546 (2018) Kat:3, Licht: 1","206546","3","1","2","10","06","6","0","1","0","1","0","1"
"POINT (13.350156323000022 52.414386284000045)","Unfall 206547 (2018) Kat:3, Licht: 0","206547","3","2","6","10","08","3","0","0","0","1","1","0"
"POINT (13.259218324000074 52.517222573000026)","Unfall 206548 (2018) Kat:3, Licht: 0","206548","3","6","2","10","16","6","0","0","0","1","0","0"
"POINT (13.392554151000070 52.542493760000070)","Unfall 206549 (2018) Kat:3, Licht: 2","206549","3","3","5","10","00","6","0","2","0","1","0","0"
"POINT (13.319419358000061 52.492235928000071)","Unfall 206550 (2018) Kat:3, Licht: 0","206550","3","2","5","10","11","2","0","0","1","1","0","0"
"POINT (13.419907680000051 52.502286602000027)","Unfall 206551 (2018) Kat:3, Licht: 0","206551","3","3","5","10","17","6","0","0","1","0","0","0"
"POINT (13.313709706000054 52.576088986000059)","Unfall 206552 (2018) Kat:3, Licht: 0","206552","3","2","5","10","10","6","0","0","0","1","0","0"
"POINT (13.421000658000025 52.563692625000044)","Unfall 206553 (2018) Kat:3, Licht: 0","206553","3","3","5","10","18","2","0","0","1","1","0","0"
"POINT (13.335131004000061 52.471363356000040)","Unfall 206554 (2018) Kat:3, Licht: 0","206554","3","2","5","10","15","5","0","0","1","1","0","0"
"POINT (13.339165900000069 52.550388758000054)","Unfall 206555 (2018) Kat:3, Licht: 0","206555","3","2","5","10","17","6","0","0","0","1","0","0"
"POINT (13.362187230000075 52.549620395000034)","Unfall 206556 (2018) Kat:3, Licht: 0","206556","3","7","7","10","10","5","0","0","1","0","0","0"
"POINT (13.361919636000039 52.414199145000055)","Unfall 206557 (2018) Kat:3, Licht: 0","206557","3","2","5","10","17","2","0","0","0","1","0","1"
"POINT (13.240103334000025 52.618708221000077)","Unfall 206558 (2018) Kat:3, Licht: 2","206558","3","2","5","10","19","6","0","2","0","1","0","1"
"POINT (13.333167083000035 52.563965998000072)","Unfall 206559 (2018) Kat:1, Licht: 1","206559","1","7","5","10","07","5","0","1","0","1","0","1"
"POINT (13.295944037000027 52.518138272000044)","Unfall 206560 (2018) Kat:3, Licht: 0","206560","3","2","5","10","17","2","0","0","1","1","0","0"
"POINT (13.486698566000030 52.540914223000073)","Unfall 206561 (2018) Kat:3, Licht: 0","206561","3","3","5","10","14","5","0","0","1","1","0","0"
"POINT (13.516205803000048 52.535409129000072)","Unfall 206562 (2018) Kat:3, Licht: 2","206562","3","6","2","10","19","6","0","2","0","1","0","0"
"POINT (13.300997430000052 52.522640590000037)","Unfall 206563 (2018) Kat:3, Licht: 0","206563","3","6","2","10","14","5","0","0","0","1","0","0"
"POINT (13.427772063000077 52.545581583000057)","Unfall 206564 (2018) Kat:3, Licht: 0","206564","3","2","5","10","16","2","0","0","0","1","0","0"
"POINT (13.388860372000067 52.516848569000047)","Unfall 206565 (2018) Kat:3, Licht: 2","206565","3","4","6","10","19","6","0","2","1","0","1","0"
"POINT (13.251138450000042 52.515703643000052)","Unfall 206566 (2018) Kat:3, Licht: 0","206566","3","7","5","10","14","5","0","0","0","1","0","0"
"POINT (13.281282017000024 52.512774899000078)","Unfall 206567 (2018) Kat:3, Licht: 2","206567","3","2","5","10","19","6","0","2","1","1","0","0"
"POINT (13.320273154000063 52.483772188000046)","Unfall 206568 (2018) Kat:2, Licht: 0","206568","2","7","5","10","17","2","0","0","0","1","0","1"
"POINT (13.371066936000034 52.501071772000046)","Unfall 206569 (2018) Kat:3, Licht: 2","206569","3","5","1","10","20","6","0","2","1","1","0","0"
"POINT (13.415268827000034 52.515803600000027)","Unfall 206570 (2018) Kat:3, Licht: 0","206570","3","7","6","10","14","5","0","0","1","0","1","0"
"POINT (13.477337211000076 52.536368102000040)","Unfall 206571 (2018) Kat:3, Licht: 0","206571","3","3","5","10","17","2","0","0","1","0","0","0"
"POINT (13.572790423000072 52.483889641000076)","Unfall 206572 (2018) Kat:3, Licht: 0","206572","3","6","2","10","12","5","0","0","0","1","0","1"
"POINT (13.248251381000046 52.549566309000056)","Unfall 206573 (2018) Kat:3, Licht: 0","206573","3","2","5","10","16","2","0","0","0","1","0","1"
"POINT (13.164095329000077 52.521532545000071)","Unfall 206574 (2018) Kat:3, Licht: 0","206574","3","2","6","10","11","5","0","0","0","1","1","0"
"POINT (13.393789923000043 52.419059576000052)","Unfall 206575 (2018) Kat:3, Licht: 0","206575","3","7","1","10","18","6","0","0","0","1","0","0"
"POINT (13.430790463000051 52.571472838000034)","Unfall 206576 (2018) Kat:3, Licht: 0","206576","3","3","5","10","11","5","0","0","1","0","0","0"
"POINT (13.427398152000023 52.552416429000061)","Unfall 206577 (2018) Kat:3, Licht: 0","206577","3","3","5","10","16","2","0","0","1","1","0","0"
"POINT (13.305958690000068 52.419006438000054)","Unfall 206578 (2018) Kat:3, Licht: 2","206578","3","1","8","10","02","6","0","2","0","1","0","0"
"POINT (13.485812561000046 52.518925838000030)","Unfall 206579 (2018) Kat:3, Licht: 0","206579","3","3","5","10","11","5","0","0","0","1","1","0"
"POINT (13.397587691000069 52.495242841000049)","Unfall 206580 (2018) Kat:3, Licht: 0","206580","3","3","5","10","15","6","0","0","0","1","0","1"
"POINT (13.500060953000059 52.548049516000049)","Unfall 206581 (2018) Kat:3, Licht: 0","206581","3","3","5","10","15","2","0","0","1","1","0","0"
"POINT (13.321685071000047 52.520998966000036)","Unfall 206582 (2018) Kat:3, Licht: 0","206582","3","4","6","10","15","6","0","0","0","0","1","0"
"POINT (13.385998544000074 52.452838051000072)","Unfall 206583 (2018) Kat:3, Licht: 0","206583","3","7","5","10","10","5","0","0","0","1","0","1"
"POINT (13.450348096000027 52.477676041000052)","Unfall 206584 (2018) Kat:3, Licht: 0","206584","3","4","6","10","16","2","0","0","0","1","1","0"
"POINT (13.301500427000065 52.522139522000032)","Unfall 206585 (2018) Kat:3, Licht: 0","206585","3","5","1","10","15","2","0","0","0","1","0","1"
"POINT (13.198980818000052 52.532707385000037)","Unfall 206586 (2018) Kat:3, Licht: 0","206586","3","6","2","10","15","6","0","0","0","1","0","0"
"POINT (13.392048643000066 52.523559904000081)","Unfall 206587 (2018) Kat:3, Licht: 0","206587","3","2","2","10","15","2","0","0","0","1","0","0"
"POINT (13.334550494000041 52.587498408000044)","Unfall 206588 (2018) Kat:3, Licht: 0","206588","3","6","2","10","15","6","0","0","0","1","0","0"
"POINT (13.280292168000074 52.506322495000063)","Unfall 206589 (2018) Kat:2, Licht: 2","206589","2","3","5","10","21","5","1","2","0","1","0","0"
"POINT (13.279343936000032 52.634156608000069)","Unfall 206590 (2018) Kat:3, Licht: 0","206590","3","3","5","10","15","2","0","0","1","1","0","0"
"POINT (13.396152803000064 52.538076174000082)","Unfall 206591 (2018) Kat:3, Licht: 0","206591","3","6","2","10","15","2","0","0","0","1","0","0"
"POINT (13.391707427000028 52.511207613000067)","Unfall 206592 (2018) Kat:3, Licht: 2","206592","3","6","2","10","19","5","0","2","1","0","0","0"
"POINT (13.442635327000062 52.524818599000071)","Unfall 206593 (2018) Kat:3, Licht: 0","206593","3","3","5","10","15","2","0","0","1","1","0","0"
"POINT (13.393736169000022 52.554919479000034)","Unfall 206594 (2018) Kat:3, Licht: 0","206594","3","6","2","10","15","6","0","0","1","1","0","0"
"POINT (13.235718508000048 52.538853922000044)","Unfall 206595 (2018) Kat:3, Licht: 0","206595","3","2","5","10","09","5","0","0","1","1","0","0"
"POINT (13.455066174000024 52.507829253000068)","Unfall 206596 (2018) Kat:3, Licht: 2","206596","3","4","6","10","22","2","0","2","0","0","1","1"
"POINT (13.297043915000074 52.511806924000041)","Unfall 206597 (2018) Kat:3, Licht: 2","206597","3","3","0","10","19","5","1","2","1","1","0","0"
"POINT (13.475821104000033 52.533030379000081)","Unfall 206598 (2018) Kat:3, Licht: 0","206598","3","6","2","10","15","6","0","0","0","1","0","0"
"POINT (13.487810973000023 52.459218693000082)","Unfall 206599 (2018) Kat:2, Licht: 2","206599","2","7","5","10","21","2","0","2","0","1","0","1"
"POINT (13.351213710000025 52.504301176000070)","Unfall 206600 (2018) Kat:3, Licht: 0","206600","3","2","5","10","14","6","0","0","1","0","0","0"
"POINT (13.501790405000065 52.498361593000027)","Unfall 206601 (2018) Kat:3, Licht: 1","206601","3","6","0","10","19","5","1","1","0","1","0","1"
"POINT (13.513538662000030 52.429293494000035)","Unfall 206602 (2018) Kat:3, Licht: 0","206602","3","3","0","10","15","5","0","0","0","1","0","1"
"POINT (13.367140221000056 52.504640745000074)","Unfall 206603 (2018) Kat:3, Licht: 0","206603","3","3","5","10","16","2","0","0","1","1","0","0"
"POINT (13.414718141000037 52.553570424000043)","Unfall 206604 (2018) Kat:3, Licht: 0","206604","3","2","5","10","17","5","0","0","1","1","0","0"
"POINT (13.468763526000032 52.499736059000043)","Unfall 206605 (2018) Kat:3, Licht: 1","206605","3","3","5","10","17","5","0","1","1","1","0","0"
"POINT (13.388343090000035 52.502027525000074)","Unfall 206606 (2018) Kat:3, Licht: 2","206606","3","6","2","10","20","2","0","2","0","1","0","0"
"POINT (13.375797130000024 52.455614480000065)","Unfall 206607 (2018) Kat:3, Licht: 1","206607","3","3","5","10","18","2","0","1","0","1","0","1"
"POINT (13.305715150000026 52.509852499000033)","Unfall 206608 (2018) Kat:2, Licht: 0","206608","2","7","6","10","09","5","0","0","0","1","1","0"
"POINT (13.360904507000043 52.570380966000073)","Unfall 206609 (2018) Kat:3, Licht: 1","206609","3","2","5","10","18","2","0","1","0","1","0","0"
"POINT (13.351442385000041 52.440066982000076)","Unfall 206610 (2018) Kat:3, Licht: 0","206610","3","2","5","10","08","5","0","0","1","0","0","0"
"POINT (13.380198507000046 52.532867643000031)","Unfall 206611 (2018) Kat:3, Licht: 0","206611","3","2","5","10","17","5","0","0","1","1","0","0"
"POINT (13.332583586000055 52.468977713000072)","Unfall 206612 (2018) Kat:2, Licht: 2","206612","2","2","5","10","19","2","0","2","0","1","0","1"
"POINT (13.376913667000053 52.499850448000075)","Unfall 206613 (2018) Kat:3, Licht: 0","206613","3","5","1","10","16","5","0","0","1","1","0","0"
"POINT (13.183493887000054 52.545639546000075)","Unfall 206614 (2018) Kat:2, Licht: 2","206614","2","7","1","10","21","5","0","2","1","1","0","0"
"POINT (13.563423752000062 52.445718952000050)","Unfall 206615 (2018) Kat:3, Licht: 0","206615","3","2","5","10","16","5","0","0","1","1","0","0"
"POINT (13.417669074000059 52.498853928000074)","Unfall 206616 (2018) Kat:2, Licht: 0","206616","2","4","6","10","16","2","0","0","1","0","1","0"
"POINT (13.293682345000036 52.552146941000046)","Unfall 206617 (2018) Kat:3, Licht: 2","206617","3","6","3","10","21","5","0","2","0","1","0","0"
"POINT (13.467131511000048 52.468481501000042)","Unfall 206618 (2018) Kat:3, Licht: 0","206618","3","3","5","10","16","5","0","0","0","1","0","0"
"POINT (13.384273960000030 52.493698995000045)","Unfall 206619 (2018) Kat:2, Licht: 1","206619","2","4","6","10","17","2","0","1","0","1","1","0"
"POINT (13.345161029000053 52.490323341000078)","Unfall 206620 (2018) Kat:2, Licht: 0","206620","2","2","5","10","09","5","0","0","0","1","0","0"
"POINT (13.487045697000042 52.617449579000038)","Unfall 206621 (2018) Kat:3, Licht: 2","206621","3","2","5","10","20","5","0","2","1","1","0","0"
"POINT (13.575975833000030 52.491130817000055)","Unfall 206622 (2018) Kat:3, Licht: 0","206622","3","3","5","10","15","2","0","0","1","1","0","0"
"POINT (13.377146533000030 52.506838446000074)","Unfall 206623 (2018) Kat:3, Licht: 2","206623","3","4","6","10","19","5","0","2","0","1","1","0"
"POINT (13.511444648000065 52.484373661000063)","Unfall 206624 (2018) Kat:3, Licht: 0","206624","3","3","5","10","16","5","0","0","1","1","0","0"
"POINT (13.446966263000036 52.417667449000078)","Unfall 206625 (2018) Kat:3, Licht: 2","206625","3","6","4","10","19","5","0","2","0","1","0","0"
"POINT (13.360104130000025 52.447147549000078)","Unfall 206626 (2018) Kat:2, Licht: 0","206626","2","4","6","10","08","2","0","0","0","1","1","0"
"POINT (13.287403392000044 52.587902181000061)","Unfall 206627 (2018) Kat:3, Licht: 2","206627","3","7","6","10","19","5","0","2","0","1","1","0"
"POINT (13.330549576000067 52.445034545000055)","Unfall 206628 (2018) Kat:3, Licht: 0","206628","3","6","2","10","16","5","0","0","0","1","0","0"
"POINT (13.341880162000052 52.492230156000062)","Unfall 206629 (2018) Kat:3, Licht: 0","206629","3","3","5","10","10","2","0","0","1","1","0","0"
"POINT (13.370883124000045 52.517779267000037)","Unfall 206630 (2018) Kat:3, Licht: 0","206630","3","3","5","10","08","5","0","0","0","1","0","0"
"POINT (13.333475975000056 52.561029080000026)","Unfall 206631 (2018) Kat:3, Licht: 0","206631","3","6","2","10","18","5","0","0","0","1","0","0"
"POINT (13.339134382000054 52.550321728000029)","Unfall 206632 (2018) Kat:3, Licht: 0","206632","3","2","2","11","14","5","0","0","0","1","0","0"
"POINT (13.391255152000042 52.457517004000067)","Unfall 206633 (2018) Kat:3, Licht: 2","206633","3","1","9","10","05","1","0","2","0","1","0","0"
"POINT (13.367466720000039 52.544835612000043)","Unfall 206634 (2018) Kat:3, Licht: 0","206634","3","5","1","11","13","5","0","0","1","1","0","0"
"POINT (13.401058728000066 52.554651158000070)","Unfall 206635 (2018) Kat:2, Licht: 2","206635","2","1","9","10","01","1","0","2","0","1","0","0"
"POINT (13.408293359000027 52.530417080000063)","Unfall 206636 (2018) Kat:3, Licht: 0","206636","3","3","5","11","11","5","0","0","0","1","0","1"
"POINT (13.327761359000021 52.564097189000051)","Unfall 206637 (2018) Kat:3, Licht: 1","206637","3","2","5","10","20","7","0","1","0","1","0","0"
"POINT (13.597567294000044 52.502418305000049)","Unfall 206638 (2018) Kat:3, Licht: 0","206638","3","3","5","10","08","7","0","0","1","1","0","0"
"POINT (13.390433857000062 52.465741289000050)","Unfall 206639 (2018) Kat:3, Licht: 0","206639","3","3","0","11","11","5","0","0","0","1","0","1"
"POINT (13.389668982000046 52.574331332000042)","Unfall 206640 (2018) Kat:3, Licht: 0","206640","3","3","5","10","14","7","0","0","0","1","0","0"
"POINT (13.391135709000025 52.555182064000064)","Unfall 206641 (2018) Kat:2, Licht: 0","206641","2","4","6","11","10","5","0","0","0","0","1","0"
"POINT (13.290443662000030 52.637942129000066)","Unfall 206642 (2018) Kat:2, Licht: 2","206642","2","1","9","10","01","7","1","2","0","1","0","0"
"POINT (13.445655511000041 52.485882652000043)","Unfall 206643 (2018) Kat:2, Licht: 0","206643","2","4","6","11","10","5","0","0","0","1","1","0"
"POINT (13.438439517000063 52.481354524000039)","Unfall 206644 (2018) Kat:3, Licht: 0","206644","3","5","1","10","14","7","0","0","1","1","0","0"
"POINT (13.278774616000021 52.475575754000033)","Unfall 206645 (2018) Kat:2, Licht: 0","206645","2","4","6","11","09","5","0","0","0","1","1","0"
"POINT (13.448951925000074 52.524302901000055)","Unfall 206646 (2018) Kat:3, Licht: 0","206646","3","3","5","10","13","7","0","0","0","1","0","1"
"POINT (13.528037906000066 52.426401912000074)","Unfall 206647 (2018) Kat:2, Licht: 0","206647","2","6","3","11","09","5","0","0","0","1","0","0"
"POINT (13.313728965000053 52.576116306000074)","Unfall 206648 (2018) Kat:2, Licht: 0","206648","2","2","5","10","12","7","0","0","0","1","0","1"
"POINT (13.308228474000032 52.475967801000081)","Unfall 206649 (2018) Kat:2, Licht: 0","206649","2","5","1","11","09","5","0","0","1","1","0","0"
"POINT (13.587649229000021 52.481288664000033)","Unfall 206650 (2018) Kat:2, Licht: 0","206650","2","5","1","10","11","7","0","0","1","1","0","0"
"POINT (13.281198049000068 52.585565878000068)","Unfall 206651 (2018) Kat:3, Licht: 0","206651","3","3","5","10","08","7","0","0","0","1","0","0"
"POINT (13.389901692000024 52.525714356000037)","Unfall 206652 (2018) Kat:3, Licht: 0","206652","3","2","5","11","09","5","0","0","1","1","0","0"
"POINT (13.561600548000058 52.502678965000030)","Unfall 206653 (2018) Kat:3, Licht: 0","206653","3","1","2","10","15","7","0","0","0","1","0","0"
"POINT (13.309529134000059 52.467080931000055)","Unfall 206654 (2018) Kat:3, Licht: 0","206654","3","6","2","11","09","5","0","0","0","1","0","0"
"POINT (13.390784896000071 52.506731002000038)","Unfall 206655 (2018) Kat:3, Licht: 0","206655","3","6","2","10","15","7","0","0","0","1","0","0"
"POINT (13.389776341000072 52.511102449000077)","Unfall 206656 (2018) Kat:3, Licht: 0","206656","3","6","3","11","08","5","0","0","1","1","0","0"
"POINT (13.294287688000054 52.508571268000026)","Unfall 206657 (2018) Kat:3, Licht: 0","206657","3","5","1","11","08","5","0","0","1","0","0","0"
"POINT (13.241586605000066 52.538566210000056)","Unfall 206658 (2018) Kat:3, Licht: 0","206658","3","1","0","10","15","7","0","0","0","0","0","1"
"POINT (13.291205063000064 52.626233267000032)","Unfall 206659 (2018) Kat:3, Licht: 2","206659","3","1","8","11","00","5","0","2","0","0","0","1"
"POINT (13.345499936000067 52.500568889000078)","Unfall 206660 (2018) Kat:3, Licht: 2","206660","3","6","2","10","00","7","0","2","0","1","0","1"
"POINT (13.589120575000038 52.517552235000039)","Unfall 206661 (2018) Kat:3, Licht: 0","206661","3","2","5","10","15","4","0","0","0","1","0","0"
"POINT (13.415418440000053 52.526969832000077)","Unfall 206662 (2018) Kat:2, Licht: 2","206662","2","2","5","10","23","6","0","2","0","1","0","0"
"POINT (13.324081886000045 52.497045788000037)","Unfall 206663 (2018) Kat:3, Licht: 1","206663","3","4","6","10","17","4","0","1","1","0","1","0"
"POINT (13.197097050000025 52.538408918000073)","Unfall 206664 (2018) Kat:2, Licht: 2","206664","2","2","5","10","18","6","0","2","0","0","0","1"
"POINT (13.382980973000031 52.530625893000035)","Unfall 206665 (2018) Kat:3, Licht: 0","206665","3","2","6","11","10","3","0","0","0","1","1","0"
"POINT (13.409759892000068 52.518205816000034)","Unfall 206666 (2018) Kat:3, Licht: 1","206666","3","3","5","10","16","4","0","1","1","0","0","0"
"POINT (13.334941010000023 52.525452943000062)","Unfall 206667 (2018) Kat:3, Licht: 0","206667","3","1","1","11","11","3","0","0","0","1","0","0"
"POINT (13.381257089000030 52.532014867000044)","Unfall 206668 (2018) Kat:3, Licht: 2","206668","3","5","1","10","19","4","0","2","1","1","0","0"
"POINT (13.466578065000022 52.527779974000055)","Unfall 206669 (2018) Kat:3, Licht: 0","206669","3","6","2","11","12","3","0","0","0","1","0","0"
"POINT (13.520518560000028 52.568500157000074)","Unfall 206670 (2018) Kat:3, Licht: 1","206670","3","2","6","10","18","6","0","1","0","1","1","0"
"POINT (13.404310383000052 52.520386851000069)","Unfall 206671 (2018) Kat:3, Licht: 0","206671","3","2","5","11","12","3","0","0","1","0","0","0"
"POINT (13.361269631000027 52.412479318000067)","Unfall 206672 (2018) Kat:3, Licht: 2","206672","3","4","6","10","18","4","0","2","0","0","1","1"
"POINT (13.305408171000067 52.437308359000042)","Unfall 206673 (2018) Kat:3, Licht: 0","206673","3","5","1","11","07","3","0","0","1","1","0","0"
"POINT (13.393632898000021 52.526443461000042)","Unfall 206674 (2018) Kat:3, Licht: 1","206674","3","3","0","10","17","6","0","1","1","1","0","0"
"POINT (13.328406007000069 52.564726301000064)","Unfall 206675 (2018) Kat:3, Licht: 2","206675","3","7","1","10","18","4","0","2","0","1","0","0"