WKT,Name,OBJECTID,UKATEGORIE,UTYP1,UART,UMONAT,USTUNDE,UWOCHENTAG,STRZUSTAND,ULICHTVERH,ISTRAD,ISTPKW,ISTFUSS,ISTKRAD
"POINT (13.382524104000026 52.507232238000029)","Unfall 206676 (2018) Kat:3, Licht: 1","206676","3","1","0","10","16","4","0","1","1","0","0","0"
"POINT (13.309256812000058 52.466886653000074)","Unfall 206677 (2018) Kat:3, Licht: 1","206677","3","6","3","10","16","6","0","1","0","1","0","0"
"POINT (13.184972877000064 52.549335061000079)","Unfall 206678 (2018) Kat:3, Licht: 0","206678","3","3","5","10","16","4","0","0","0","1","0","0"
"POINT (13.632808876000070 52.447139070000048)","Unfall 206679 (2018) Kat:3, Licht: 0","206679","3","2","5","11","08","3","0","0","1","0","0","0"
"POINT (13.477069272000051 52.563236265000057)","Unfall 206680 (2018) Kat:3, Licht: 1","206680","3","3","5","10","15","4","0","1","0","1","0","0"
"POINT (13.515049046000058 52.535198490000028)","Unfall 206681 (2018) Kat:3, Licht: 0","206681","3","6","3","10","15","6","0","0","0","1","0","0"
"POINT (13.313345215000027 52.515181852000069)","Unfall 206682 (2018) Kat:3, Licht: 0","206682","3","1","0","11","13","3","0","0","0","0","0","1"
"POINT (13.480554724000058 52.499043205000078)","Unfall 206683 (2018) Kat:3, Licht: 0","206683","3","2","5","10","15","4","0","0","0","1","0","0"
"POINT (13.281725147000031 52.476480976000062)","Unfall 206684 (2018) Kat:3, Licht: 2","206684","3","3","5","11","17","3","0","2","1","1","0","0"
"POINT (13.318562573000065 52.506097088000047)","Unfall 206685 (2018) Kat:3, Licht: 0","206685","3","6","2","10","15","6","0","0","0","1","0","0"
"POINT (13.359092354000040 52.546275091000041)","Unfall 206686 (2018) Kat:2, Licht: 0","206686","2","2","5","11","10","3","0","0","1","0","0","0"
"POINT (13.500882697000065 52.546978290000027)","Unfall 206687 (2018) Kat:3, Licht: 0","206687","3","1","0","10","15","4","0","0","1","0","0","0"
"POINT (13.300173406000056 52.487798263000059)","Unfall 206688 (2018) Kat:2, Licht: 2","206688","2","2","5","11","17","3","0","2","1","1","0","0"
"POINT (13.358982596000033 52.573474630000078)","Unfall 206689 (2018) Kat:3, Licht: 0","206689","3","2","5","10","14","6","1","0","1","1","0","0"
"POINT (13.305732911000064 52.582126980000055)","Unfall 206690 (2018) Kat:3, Licht: 0","206690","3","6","2","10","14","4","0","0","0","1","0","0"
"POINT (13.373449885000070 52.487856495000074)","Unfall 206691 (2018) Kat:2, Licht: 0","206691","2","3","5","10","12","6","1","0","1","1","0","0"
"POINT (13.419371326000032 52.552440414000046)","Unfall 206692 (2018) Kat:3, Licht: 0","206692","3","4","6","11","09","3","0","0","0","1","1","0"
"POINT (13.270907720000025 52.450872083000036)","Unfall 206693 (2018) Kat:2, Licht: 0","206693","2","2","6","10","10","6","0","0","0","1","1","0"
"POINT (13.573917610000024 52.486126443000046)","Unfall 206694 (2018) Kat:3, Licht: 0","206694","3","3","5","10","10","6","0","0","0","1","0","0"
"POINT (13.184731086000056 52.547589886000026)","Unfall 206695 (2018) Kat:3, Licht: 0","206695","3","2","5","10","14","4","0","0","0","1","0","0"
"POINT (13.336727472000064 52.471489030000043)","Unfall 206696 (2018) Kat:3, Licht: 0","206696","3","4","6","10","14","4","0","0","0","1","1","0"
"POINT (13.351589754000031 52.507485285000030)","Unfall 206697 (2018) Kat:3, Licht: 0","206697","3","2","5","10","08","6","0","0","1","1","0","0"
"POINT (13.466388355000049 52.433506160000036)","Unfall 206698 (2018) Kat:3, Licht: 0","206698","3","2","5","10","14","4","0","0","1","1","0","0"
"POINT (13.404332960000033 52.522261750000041)","Unfall 206699 (2018) Kat:3, Licht: 0","206699","3","5","1","11","09","3","0","0","1","1","0","0"
"POINT (13.347551021000072 52.437323334000041)","Unfall 206700 (2018) Kat:3, Licht: 0","206700","3","5","1","10","07","6","0","0","1","1","0","0"
"POINT (13.338521069000024 52.466553888000078)","Unfall 206701 (2018) Kat:3, Licht: 0","206701","3","6","2","10","12","4","0","0","0","1","0","0"
"POINT (13.248193864000029 52.524358239000037)","Unfall 206702 (2018) Kat:3, Licht: 2","206702","3","3","5","10","06","6","0","2","1","1","0","0"
"POINT (13.372324222000032 52.455591170000048)","Unfall 206703 (2018) Kat:3, Licht: 2","206703","3","3","5","11","17","3","0","2","0","0","0","1"
"POINT (13.357083514000067 52.523547131000043)","Unfall 206704 (2018) Kat:2, Licht: 0","206704","2","2","5","10","12","4","0","0","1","1","0","0"
"POINT (13.397817368000062 52.495282873000065)","Unfall 206705 (2018) Kat:3, Licht: 0","206705","3","3","5","11","09","3","0","0","1","1","0","0"
"POINT (13.263116473000025 52.439321190000044)","Unfall 206706 (2018) Kat:3, Licht: 2","206706","3","7","6","10","19","5","1","2","0","1","1","0"
"POINT (13.384789486000045 52.550741968000068)","Unfall 206707 (2018) Kat:3, Licht: 0","206707","3","3","5","11","15","3","0","0","1","1","0","0"
"POINT (13.389286463000076 52.584200367000051)","Unfall 206708 (2018) Kat:3, Licht: 0","206708","3","5","1","10","11","4","0","0","0","1","0","0"
"POINT (13.413661395000076 52.511619810000070)","Unfall 206709 (2018) Kat:3, Licht: 0","206709","3","2","5","11","08","3","0","0","0","1","0","1"
"POINT (13.298418768000033 52.421908469000073)","Unfall 206710 (2018) Kat:3, Licht: 0","206710","3","2","5","10","13","5","1","0","1","1","0","0"
"POINT (13.527764057000070 52.537291936000031)","Unfall 206711 (2018) Kat:3, Licht: 0","206711","3","6","3","10","11","4","0","0","0","1","0","0"
"POINT (13.355168980000030 52.494648183000038)","Unfall 206712 (2018) Kat:3, Licht: 2","206712","3","2","6","10","00","5","0","2","0","1","1","0"
"POINT (13.549916655000061 52.456517114000064)","Unfall 206713 (2018) Kat:3, Licht: 0","206713","3","6","3","11","15","3","0","0","1","0","0","0"
"POINT (13.416023333000055 52.490982214000041)","Unfall 206714 (2018) Kat:3, Licht: 2","206714","3","2","0","10","19","5","0","2","0","1","0","0"
"POINT (13.282945740000059 52.533688919000042)","Unfall 206715 (2018) Kat:2, Licht: 2","206715","2","1","8","10","17","4","0","2","0","1","0","0"
"POINT (13.359881730000041 52.418630130000054)","Unfall 206716 (2018) Kat:2, Licht: 0","206716","2","3","5","11","08","3","0","0","0","1","0","1"
"POINT (13.174998848000030 52.517485867000062)","Unfall 206717 (2018) Kat:3, Licht: 2","206717","3","6","0","10","19","5","0","2","0","1","0","0"
"POINT (13.345036141000037 52.482674781000071)","Unfall 206718 (2018) Kat:2, Licht: 2","206718","2","3","5","11","00","3","0","2","0","1","0","0"
"POINT (13.546729026000037 52.426477274000035)","Unfall 206719 (2018) Kat:3, Licht: 2","206719","3","6","2","10","18","4","0","2","0","1","0","0"
"POINT (13.336599653000064 52.443530785000064)","Unfall 206720 (2018) Kat:3, Licht: 0","206720","3","4","6","11","15","3","0","0","0","1","1","0"
"POINT (13.240119470000025 52.526139193000063)","Unfall 206721 (2018) Kat:3, Licht: 1","206721","3","2","5","10","17","5","1","1","1","1","0","0"
"POINT (13.387442819000057 52.492848226000035)","Unfall 206722 (2018) Kat:3, Licht: 2","206722","3","3","5","10","17","4","0","2","1","1","0","0"
"POINT (13.198136015000046 52.542621690000033)","Unfall 206723 (2018) Kat:3, Licht: 0","206723","3","2","0","11","15","3","0","0","0","1","0","1"
"POINT (13.441555251000068 52.490551505000042)","Unfall 206724 (2018) Kat:3, Licht: 0","206724","3","3","5","10","16","5","1","0","1","1","0","0"
"POINT (13.433793030000061 52.443952475000060)","Unfall 206725 (2018) Kat:3, Licht: 0","206725","3","6","2","11","08","3","0","0","0","1","0","0"
"POINT (13.318456785000024 52.525821790000066)","Unfall 206726 (2018) Kat:3, Licht: 0","206726","3","7","5","10","16","4","0","0","0","1","0","1"
"POINT (13.273238561000028 52.426968951000049)","Unfall 206727 (2018) Kat:3, Licht: 0","206727","3","3","5","11","08","3","0","0","0","1","0","0"
"POINT (13.333504725000068 52.478698305000080)","Unfall 206728 (2018) Kat:3, Licht: 0","206728","3","6","3","10","15","5","1","0","1","1","0","0"
"POINT (13.318155788000070 52.580820015000029)","Unfall 206729 (2018) Kat:3, Licht: 0","206729","3","4","6","10","11","4","0","0","0","0","1","0"
"POINT (13.158098395000025 52.533047180000040)","Unfall 206730 (2018) Kat:3, Licht: 0","206730","3","2","2","11","07","3","0","0","0","1","0","0"
"POINT (13.235904746000074 52.621096284000032)","Unfall 206731 (2018) Kat:2, Licht: 0","206731","2","2","5","10","15","5","0","0","1","1","0","0"
"POINT (13.519614193000052 52.506046077000065)","Unfall 206732 (2018) Kat:3, Licht: 0","206732","3","6","2","10","09","4","0","0","0","1","0","0"
"POINT (13.391002773000025 52.544605092000040)","Unfall 206733 (2018) Kat:3, Licht: 0","206733","3","7","5","10","15","5","0","0","0","1","0","0"
"POINT (13.527655775000028 52.406074866000040)","Unfall 206734 (2018) Kat:3, Licht: 0","206734","3","4","6","11","07","3","0","0","0","1","1","0"
"POINT (13.229249192000054 52.573276847000045)","Unfall 206735 (2018) Kat:3, Licht: 0","206735","3","3","5","10","15","5","1","0","0","1","0","0"
"POINT (13.247653274000072 52.540531786000031)","Unfall 206736 (2018) Kat:3, Licht: 0","206736","3","6","0","10","09","4","0","0","0","1","0","1"
"POINT (13.416033161000030 52.480549153000027)","Unfall 206737 (2018) Kat:3, Licht: 0","206737","3","3","5","11","07","3","0","0","1","1","0","0"
"POINT (13.372023122000030 52.469844126000055)","Unfall 206738 (2018) Kat:3, Licht: 0","206738","3","3","5","10","14","5","1","0","0","1","0","0"
"POINT (13.557272289000025 52.507250282000030)","Unfall 206739 (2018) Kat:2, Licht: 0","206739","2","3","5","11","07","3","0","0","1","1","0","0"
"POINT (13.360128187000043 52.537226783000051)","Unfall 206740 (2018) Kat:3, Licht: 0","206740","3","7","6","10","14","4","0","0","1","0","1","0"
"POINT (13.486853765000035 52.577239912000039)","Unfall 206741 (2018) Kat:3, Licht: 1","206741","3","6","2","11","06","3","0","1","1","1","0","0"
"POINT (13.353137809000032 52.501720787000068)","Unfall 206742 (2018) Kat:3, Licht: 0","206742","3","3","5","10","14","5","1","0","1","1","0","0"
"POINT (13.380296423000061 52.518078780000053)","Unfall 206743 (2018) Kat:2, Licht: 0","206743","2","2","0","10","07","4","0","0","1","1","0","0"
"POINT (13.488241046000041 52.512479580000047)","Unfall 206744 (2018) Kat:3, Licht: 0","206744","3","2","5","10","07","4","0","0","1","1","0","0"
"POINT (13.306733915000052 52.555318723000028)","Unfall 206745 (2018) Kat:3, Licht: 0","206745","3","6","2","10","14","5","1","0","0","1","0","0"
"POINT (13.399383222000040 52.452904199000045)","Unfall 206746 (2018) Kat:3, Licht: 0","206746","3","3","5","10","06","4","0","0","1","1","0","0"
"POINT (13.563811803000021 52.518811407000044)","Unfall 206747 (2018) Kat:3, Licht: 0","206747","3","7","0","11","14","3","0","0","0","0","0","0"
"POINT (13.355258171000060 52.551952741000036)","Unfall 206748 (2018) Kat:3, Licht: 0","206748","3","6","3","10","14","5","1","0","0","1","0","0"
"POINT (13.327589137000075 52.503941048000058)","Unfall 206749 (2018) Kat:3, Licht: 2","206749","3","6","1","10","19","4","0","2","1","1","0","0"
"POINT (13.445256583000059 52.486856093000029)","Unfall 206750 (2018) Kat:3, Licht: 0","206750","3","3","0","10","09","4","0","0","0","0","0","1"
"POINT (13.197816594000074 52.554048044000069)","Unfall 206751 (2018) Kat:3, Licht: 2","206751","3","5","1","10","02","4","0","2","0","1","0","0"
"POINT (13.343197959000065 52.531881552000073)","Unfall 206752 (2018) Kat:3, Licht: 0","206752","3","2","5","10","13","5","1","0","0","1","0","0"
"POINT (13.554564818000074 52.455885693000027)","Unfall 206753 (2018) Kat:3, Licht: 2","206753","3","2","5","10","18","3","1","2","0","1","0","0"
"POINT (13.487971577000053 52.507708760000071)","Unfall 206754 (2018) Kat:3, Licht: 0","206754","3","3","5","10","13","5","0","0","0","1","0","0"
"POINT (13.304169406000028 52.460716570000045)","Unfall 206755 (2018) Kat:3, Licht: 0","206755","3","5","1","11","14","3","0","0","1","0","0","0"
"POINT (13.432709631000023 52.478399454000055)","Unfall 206756 (2018) Kat:2, Licht: 1","206756","2","3","5","10","17","3","1","1","0","1","0","0"
"POINT (13.407184784000037 52.534842637000054)","Unfall 206757 (2018) Kat:3, Licht: 2","206757","3","6","2","11","17","3","0","2","0","1","0","0"
"POINT (13.408816426000044 52.537700334000078)","Unfall 206758 (2018) Kat:3, Licht: 0","206758","3","1","1","10","13","5","1","0","1","1","0","0"
"POINT (13.372259135000036 52.425293052000029)","Unfall 206759 (2018) Kat:3, Licht: 2","206759","3","3","5","11","06","2","0","2","1","1","0","0"
"POINT (13.462310995000053 52.432539816000030)","Unfall 206760 (2018) Kat:3, Licht: 0","206760","3","3","5","10","16","3","1","0","0","1","0","0"
"POINT (13.419442641000046 52.501486739000029)","Unfall 206761 (2018) Kat:3, Licht: 2","206761","3","5","1","11","23","2","0","2","1","1","0","0"
"POINT (13.221384083000032 52.536865374000058)","Unfall 206762 (2018) Kat:3, Licht: 0","206762","3","2","5","10","13","5","1","0","1","1","0","0"
"POINT (13.562068581000062 52.566484763000062)","Unfall 206763 (2018) Kat:3, Licht: 1","206763","3","3","5","10","16","3","0","1","0","1","0","1"
"POINT (13.362855023000066 52.447680871000045)","Unfall 206764 (2018) Kat:3, Licht: 0","206764","3","5","1","10","15","3","0","0","0","1","0","0"
"POINT (13.458075749000045 52.529093882000041)","Unfall 206765 (2018) Kat:3, Licht: 0","206765","3","6","2","10","13","5","1","0","0","1","0","0"
"POINT (13.441768496000066 52.482939372000033)","Unfall 206766 (2018) Kat:3, Licht: 0","206766","3","2","5","10","15","3","1","0","1","1","0","0"
"POINT (13.469938971000033 52.502342719000069)","Unfall 206767 (2018) Kat:3, Licht: 2","206767","3","4","6","11","20","2","0","2","1","0","1","0"
"POINT (13.309675100000049 52.525748549000070)","Unfall 206768 (2018) Kat:3, Licht: 0","206768","3","2","5","10","12","5","1","0","1","0","0","0"
"POINT (13.433370213000046 52.468168142000081)","Unfall 206769 (2018) Kat:3, Licht: 0","206769","3","5","1","10","15","3","1","0","1","1","0","0"
"POINT (13.334436011000037 52.595616063000080)","Unfall 206770 (2018) Kat:3, Licht: 0","206770","3","4","0","10","12","5","1","0","0","0","1","1"
"POINT (13.362700782000047 52.499753550000037)","Unfall 206771 (2018) Kat:3, Licht: 0","206771","3","7","6","11","15","2","0","0","0","1","1","0"
"POINT (13.363389892000043 52.524610712000026)","Unfall 206772 (2018) Kat:3, Licht: 0","206772","3","6","2","10","14","3","0","0","0","1","0","0"
"POINT (13.405647146000035 52.537870427000030)","Unfall 206773 (2018) Kat:3, Licht: 2","206773","3","5","1","11","19","2","0","2","1","0","0","0"
"POINT (13.528670561000069 52.525402053000050)","Unfall 206774 (2018) Kat:2, Licht: 0","206774","2","6","3","10","12","5","1","0","1","1","0","0"
"POINT (13.372191483000051 52.538762142000053)","Unfall 206775 (2018) Kat:3, Licht: 1","206775","3","6","2","11","18","2","0","1","0","1","0","0"
"POINT (13.327925444000073 52.505454667000038)","Unfall 206776 (2018) Kat:3, Licht: 0","206776","3","2","6","10","11","5","1","0","0","1","1","0"
"POINT (13.317411422000077 52.505370859000038)","Unfall 206777 (2018) Kat:3, Licht: 0","206777","3","6","3","11","09","2","0","0","0","1","0","0"
"POINT (13.585654734000059 52.523643012000036)","Unfall 206778 (2018) Kat:3, Licht: 0","206778","3","4","6","10","14","3","0","0","0","1","1","0"
"POINT (13.417853429000047 52.518275862000053)","Unfall 206779 (2018) Kat:3, Licht: 0","206779","3","6","3","11","09","2","0","0","1","1","0","0"
"POINT (13.389626254000063 52.512046731000055)","Unfall 206780 (2018) Kat:3, Licht: 0","206780","3","4","6","10","10","5","1","0","0","1","1","0"
"POINT (13.319224479000070 52.500108964000049)","Unfall 206781 (2018) Kat:3, Licht: 0","206781","3","5","1","11","09","2","0","0","1","1","0","0"
"POINT (13.443006808000064 52.480354679000072)","Unfall 206782 (2018) Kat:3, Licht: 0","206782","3","6","2","11","09","2","0","0","0","1","0","0"
"POINT (13.382284703000039 52.555885129000046)","Unfall 206783 (2018) Kat:3, Licht: 0","206783","3","6","3","10","12","5","1","0","0","1","0","0"
"POINT (13.548016934000032 52.437874839000074)","Unfall 206784 (2018) Kat:3, Licht: 0","206784","3","2","2","10","14","3","0","0","0","1","0","0"
"POINT (13.462471304000076 52.508395286000052)","Unfall 206785 (2018) Kat:3, Licht: 0","206785","3","1","0","10","12","5","1","0","1","0","0","0"
"POINT (13.376604677000046 52.485898714000029)","Unfall 206786 (2018) Kat:3, Licht: 0","206786","3","5","1","10","13","3","0","0","1","1","0","0"
"POINT (13.243272062000074 52.527944289000061)","Unfall 206787 (2018) Kat:3, Licht: 0","206787","3","5","2","11","10","2","0","0","0","1","0","0"
"POINT (13.337792422000064 52.473728490000042)","Unfall 206788 (2018) Kat:3, Licht: 0","206788","3","7","5","10","11","5","1","0","0","1","0","1"
"POINT (13.437467367000067 52.573468473000048)","Unfall 206789 (2018) Kat:3, Licht: 0","206789","3","1","5","10","13","3","0","0","0","0","0","0"
"POINT (13.333200104000070 52.484425755000075)","Unfall 206790 (2018) Kat:3, Licht: 0","206790","3","7","5","10","08","5","1","0","0","1","0","1"
"POINT (13.437056455000061 52.544875843000057)","Unfall 206791 (2018) Kat:3, Licht: 0","206791","3","7","1","11","11","2","0","0","1","1","0","0"
"POINT (13.431755877000057 52.592968248000034)","Unfall 206792 (2018) Kat:3, Licht: 0","206792","3","2","5","10","13","3","0","0","0","0","0","0"
"POINT (13.606220906000033 52.524559787000044)","Unfall 206793 (2018) Kat:3, Licht: 0","206793","3","3","5","11","11","2","0","0","0","1","0","0"
"POINT (13.315423623000072 52.577932469000075)","Unfall 206794 (2018) Kat:3, Licht: 0","206794","3","2","5","10","08","5","1","0","0","1","0","0"
"POINT (13.351740484000061 52.440006586000038)","Unfall 206795 (2018) Kat:3, Licht: 0","206795","3","6","2","10","13","3","0","0","0","1","0","0"
"POINT (13.388523916000054 52.527437822000081)","Unfall 206796 (2018) Kat:3, Licht: 0","206796","3","7","5","11","12","2","0","0","0","1","0","0"
"POINT (13.336561230000029 52.524999719000050)","Unfall 206797 (2018) Kat:3, Licht: 0","206797","3","2","5","10","08","5","1","0","1","1","0","0"
"POINT (13.610900967000077 52.495383508000032)","Unfall 206798 (2018) Kat:3, Licht: 0","206798","3","2","5","10","13","3","0","0","1","1","0","0"
"POINT (13.371212351000054 52.590772599000047)","Unfall 206799 (2018) Kat:3, Licht: 0","206799","3","2","5","10","08","5","1","0","1","0","0","0"
"POINT (13.306328616000030 52.577471830000036)","Unfall 206800 (2018) Kat:3, Licht: 0","206800","3","3","5","10","12","3","0","0","0","1","0","0"
"POINT (13.427554630000031 52.545850194000082)","Unfall 206801 (2018) Kat:3, Licht: 0","206801","3","4","6","11","14","2","0","0","0","1","1","0"
"POINT (13.266769763000070 52.532694836000076)","Unfall 206802 (2018) Kat:2, Licht: 0","206802","2","7","5","10","08","5","0","0","0","1","0","1"
"POINT (13.460704869000040 52.529646045000050)","Unfall 206803 (2018) Kat:3, Licht: 0","206803","3","7","5","10","12","3","0","0","0","1","0","0"
"POINT (13.313359103000039 52.515177450000067)","Unfall 206804 (2018) Kat:3, Licht: 0","206804","3","3","0","10","08","5","1","0","1","1","0","0"
"POINT (13.345068615000059 52.415231948000041)","Unfall 206805 (2018) Kat:3, Licht: 0","206805","3","1","8","11","14","2","0","0","0","1","0","0"
"POINT (13.279084936000061 52.525409961000037)","Unfall 206806 (2018) Kat:2, Licht: 0","206806","2","2","2","10","08","5","1","0","0","1","0","0"
"POINT (13.351065559000062 52.529711786000064)","Unfall 206807 (2018) Kat:3, Licht: 0","206807","3","3","5","10","12","3","0","0","0","1","0","0"
"POINT (13.354713918000073 52.552076486000033)","Unfall 206808 (2018) Kat:2, Licht: 0","206808","2","3","5","11","15","2","0","0","1","0","0","0"
"POINT (13.475917744000071 52.584174421000057)","Unfall 206809 (2018) Kat:3, Licht: 0","206809","3","1","4","10","08","5","1","0","0","1","0","0"
"POINT (13.444114272000036 52.484804513000029)","Unfall 206810 (2018) Kat:3, Licht: 1","206810","3","3","0","11","16","2","0","1","0","1","0","0"
"POINT (13.331927957000062 52.502851478000082)","Unfall 206811 (2018) Kat:3, Licht: 0","206811","3","7","5","10","11","3","0","0","0","1","0","1"
"POINT (13.341810924000072 52.441773795000074)","Unfall 206812 (2018) Kat:3, Licht: 2","206812","3","2","0","11","18","2","0","2","0","0","0","0"
"POINT (13.356319295000048 52.543173252000031)","Unfall 206813 (2018) Kat:3, Licht: 0","206813","3","2","5","10","07","5","1","0","1","1","0","0"
"POINT (13.484337126000071 52.479112662000034)","Unfall 206814 (2018) Kat:3, Licht: 0","206814","3","5","1","10","11","3","0","0","0","1","0","0"
"POINT (13.569613144000073 52.540675862000057)","Unfall 206815 (2018) Kat:3, Licht: 1","206815","3","2","6","10","06","5","1","1","0","1","1","0"
"POINT (13.509510525000053 52.453241933000072)","Unfall 206816 (2018) Kat:3, Licht: 0","206816","3","6","3","10","10","3","0","0","1","0","0","0"
"POINT (13.600940471000058 52.479286453000043)","Unfall 206817 (2018) Kat:3, Licht: 1","206817","3","3","0","10","06","5","1","1","0","1","0","1"
"POINT (13.384801589000062 52.422014077000028)","Unfall 206818 (2018) Kat:2, Licht: 2","206818","2","4","6","11","17","2","0","2","0","1","1","0"
"POINT (13.353801077000071 52.562091981000037)","Unfall 206819 (2018) Kat:3, Licht: 0","206819","3","6","3","10","10","3","0","0","0","1","0","0"
"POINT (13.344910086000027 52.489647451000053)","Unfall 206820 (2018) Kat:3, Licht: 2","206820","3","6","2","11","17","2","0","2","0","1","0","0"
"POINT (13.153515569000035 52.553415833000031)","Unfall 206821 (2018) Kat:3, Licht: 2","206821","3","2","5","10","06","5","1","2","0","1","0","0"
"POINT (13.361923222000030 52.414268863000075)","Unfall 206822 (2018) Kat:3, Licht: 2","206822","3","6","2","11","17","2","0","2","0","1","0","0"
"POINT (13.401386575000060 52.529682401000059)","Unfall 206823 (2018) Kat:3, Licht: 2","206823","3","2","3","11","17","2","0","2","0","1","0","1"
"POINT (13.404247617000067 52.581483350000042)","Unfall 206824 (2018) Kat:3, Licht: 2","206824","3","2","5","10","05","5","1","2","1","1","0","0"
"POINT (13.289264386000070 52.418633258000057)","Unfall 206825 (2018) Kat:3, Licht: 0","206825","3","3","5","10","10","3","0","0","1","0","0","0"
"POINT (13.270040708000067 52.449931703000061)","Unfall 206826 (2018) Kat:3, Licht: 0","206826","3","7","5","11","09","2","0","0","0","1","0","0"
"POINT (13.460470040000075 52.569870154000057)","Unfall 206827 (2018) Kat:3, Licht: 0","206827","3","1","0","10","10","5","1","0","0","0","0","1"
"POINT (13.414058866000062 52.500413811000044)","Unfall 206828 (2018) Kat:3, Licht: 0","206828","3","3","5","11","08","2","0","0","0","1","0","0"
"POINT (13.604627798000024 52.536886412000058)","Unfall 206829 (2018) Kat:3, Licht: 0","206829","3","6","2","10","10","3","0","0","0","1","0","0"
"POINT (13.357648617000052 52.422881975000053)","Unfall 206830 (2018) Kat:2, Licht: 0","206830","2","4","6","11","07","2","0","0","0","1","1","0"
"POINT (13.409497371000043 52.511208347000036)","Unfall 206831 (2018) Kat:3, Licht: 0","206831","3","5","1","10","18","4","0","0","1","1","0","0"
"POINT (13.511689054000044 52.445344276000071)","Unfall 206832 (2018) Kat:3, Licht: 0","206832","3","3","5","10","09","3","0","0","1","1","0","0"
"POINT (13.357017858000063 52.445291858000076)","Unfall 206833 (2018) Kat:3, Licht: 0","206833","3","6","2","10","09","3","0","0","0","1","0","0"
"POINT (13.319441603000030 52.501650062000067)","Unfall 206834 (2018) Kat:3, Licht: 0","206834","3","2","5","10","10","4","0","0","1","1","0","0"
"POINT (13.499358309000058 52.634977947000039)","Unfall 206835 (2018) Kat:3, Licht: 0","206835","3","3","5","10","07","3","0","0","1","0","0","1"
"POINT (13.318648339000049 52.626134263000040)","Unfall 206836 (2018) Kat:3, Licht: 0","206836","3","7","6","11","06","2","0","0","1","1","1","0"
"POINT (13.190014128000030 52.538448964000054)","Unfall 206837 (2018) Kat:3, Licht: 0","206837","3","5","1","10","16","4","0","0","0","1","0","0"
"POINT (13.344044011000051 52.546485444000041)","Unfall 206838 (2018) Kat:2, Licht: 0","206838","2","6","2","10","09","3","0","0","0","0","0","1"
"POINT (13.436943739000071 52.465254469000058)","Unfall 206839 (2018) Kat:3, Licht: 0","206839","3","3","5","10","09","4","0","0","0","1","0","1"
"POINT (13.286978515000044 52.586290985000062)","Unfall 206840 (2018) Kat:3, Licht: 0","206840","3","2","6","11","16","2","0","0","0","1","1","0"
"POINT (13.416728241000044 52.523781284000052)","Unfall 206841 (2018) Kat:3, Licht: 0","206841","3","5","0","10","08","3","1","0","1","0","0","0"
"POINT (13.397052987000052 52.536903037000059)","Unfall 206842 (2018) Kat:3, Licht: 0","206842","3","6","3","11","07","2","0","0","0","1","0","0"
"POINT (13.349773206000066 52.500505492000059)","Unfall 206843 (2018) Kat:2, Licht: 0","206843","2","2","6","10","10","4","0","0","0","1","1","0"
"POINT (13.450112829000034 52.468609119000064)","Unfall 206844 (2018) Kat:2, Licht: 0","206844","2","3","5","11","09","2","0","0","0","1","1","0"
"POINT (13.326429820000044 52.502669477000040)","Unfall 206845 (2018) Kat:3, Licht: 0","206845","3","4","6","10","07","3","0","0","0","1","1","0"
"POINT (13.299818278000032 52.623038336000036)","Unfall 206846 (2018) Kat:2, Licht: 1","206846","2","6","3","11","19","1","0","1","1","1","0","0"
"POINT (13.557990937000056 52.455711312000062)","Unfall 206847 (2018) Kat:3, Licht: 0","206847","3","6","2","10","10","4","1","0","0","1","0","0"
"POINT (13.497845906000066 52.418819762000055)","Unfall 206848 (2018) Kat:3, Licht: 0","206848","3","2","6","10","07","3","1","0","0","0","1","0"
"POINT (13.346448513000041 52.524937343000033)","Unfall 206849 (2018) Kat:3, Licht: 0","206849","3","3","5","10","07","3","1","0","0","1","0","1"
"POINT (13.291874345000053 52.579958473000033)","Unfall 206850 (2018) Kat:3, Licht: 0","206850","3","2","3","10","10","4","1","0","1","0","0","0"
"POINT (13.325500554000030 52.521682296000051)","Unfall 206851 (2018) Kat:3, Licht: 2","206851","3","5","0","10","06","3","1","2","0","1","0","1"
"POINT (13.450140977000046 52.507474430000059)","Unfall 206852 (2018) Kat:3, Licht: 1","206852","3","6","3","11","17","1","0","1","0","1","0","0"
"POINT (13.320248901000070 52.486538037000059)","Unfall 206853 (2018) Kat:3, Licht: 2","206853","3","3","5","10","23","3","1","2","0","1","0","0"
"POINT (13.425372262000053 52.475925903000075)","Unfall 206854 (2018) Kat:2, Licht: 1","206854","2","4","6","11","17","1","0","1","0","1","1","0"
"POINT (13.431146491000050 52.612129465000066)","Unfall 206855 (2018) Kat:3, Licht: 1","206855","3","2","5","10","18","4","0","1","1","1","0","0"
"POINT (13.512055783000051 52.464438100000052)","Unfall 206856 (2018) Kat:3, Licht: 1","206856","3","3","5","10","06","3","1","1","1","1","0","0"
"POINT (13.410652278000043 52.539459866000072)","Unfall 206857 (2018) Kat:3, Licht: 0","206857","3","6","3","10","08","3","1","0","1","1","0","0"
"POINT (13.462537593000036 52.558743189000040)","Unfall 206858 (2018) Kat:3, Licht: 2","206858","3","6","4","10","21","3","0","2","0","1","0","0"
"POINT (13.416357883000046 52.451552399000036)","Unfall 206859 (2018) Kat:3, Licht: 0","206859","3","2","5","11","16","1","0","0","0","1","0","0"
"POINT (13.518861056000048 52.513487341000030)","Unfall 206860 (2018) Kat:3, Licht: 1","206860","3","7","6","10","20","3","0","1","0","1","1","0"
"POINT (13.514995875000068 52.566868043000056)","Unfall 206861 (2018) Kat:3, Licht: 1","206861","3","6","2","10","18","4","0","1","0","1","0","0"