WKT,Name,OBJECTID,UKATEGORIE,UTYP1,UART,UMONAT,USTUNDE,UWOCHENTAG,STRZUSTAND,ULICHTVERH,ISTRAD,ISTPKW,ISTFUSS,ISTKRAD
"POINT (13.445281072000057 52.523391836000030)","Unfall 206862 (2018) Kat:2, Licht: 0","206862","2","3","5","11","14","1","0","0","1","1","0","0"
"POINT (13.376277389000052 52.409037077000050)","Unfall 206863 (2018) Kat:3, Licht: 2","206863","3","6","2","10","19","3","1","2","0","1","0","0"
"POINT (13.450811807000036 52.486569026000041)","Unfall 206864 (2018) Kat:3, Licht: 0","206864","3","3","5","11","13","1","0","0","1","1","0","0"
"POINT (13.369165433000035 52.559493119000081)","Unfall 206865 (2018) Kat:2, Licht: 1","206865","2","3","5","10","18","4","0","1","0","1","0","1"
"POINT (13.292382056000065 52.447005300000058)","Unfall 206866 (2018) Kat:2, Licht: 0","206866","2","5","1","11","11","1","0","0","0","1","0","0"
"POINT (13.331101996000029 52.502165408000053)","Unfall 206867 (2018) Kat:3, Licht: 2","206867","3","7","5","10","19","3","1","2","0","1","0","0"
"POINT (13.379713092000031 52.526232064000055)","Unfall 206868 (2018) Kat:3, Licht: 1","206868","3","1","9","11","17","1","0","1","0","0","0","1"
"POINT (13.310827775000064 52.495252227000037)","Unfall 206869 (2018) Kat:2, Licht: 1","206869","2","4","6","10","18","4","0","1","0","1","1","0"
"POINT (13.416722478000054 52.511508848000062)","Unfall 206870 (2018) Kat:3, Licht: 2","206870","3","7","5","10","19","3","1","2","1","1","0","0"
"POINT (13.384383100000036 52.411354521000078)","Unfall 206871 (2018) Kat:3, Licht: 1","206871","3","5","1","10","18","4","0","1","1","1","0","0"
"POINT (13.394992962000060 52.496100646000059)","Unfall 206872 (2018) Kat:3, Licht: 1","206872","3","1","9","11","06","1","1","1","0","1","0","0"
"POINT (13.364445304000071 52.549534621000078)","Unfall 206873 (2018) Kat:3, Licht: 0","206873","3","2","6","10","17","4","0","0","0","1","1","0"
"POINT (13.391429017000064 52.489446050000026)","Unfall 206874 (2018) Kat:3, Licht: 2","206874","3","4","0","10","19","3","1","2","1","0","1","0"
"POINT (13.379335104000063 52.446353331000068)","Unfall 206875 (2018) Kat:3, Licht: 0","206875","3","6","2","10","17","4","0","0","0","1","0","0"
"POINT (13.428295040000023 52.507436406000068)","Unfall 206876 (2018) Kat:3, Licht: 2","206876","3","1","0","11","04","1","0","2","1","0","0","0"
"POINT (13.302062196000065 52.507753377000029)","Unfall 206877 (2018) Kat:3, Licht: 0","206877","3","6","2","10","17","4","0","0","0","1","0","0"
"POINT (13.345146162000049 52.436950185000057)","Unfall 206878 (2018) Kat:3, Licht: 2","206878","3","7","1","10","19","3","1","2","0","1","0","0"
"POINT (13.389768683000057 52.574293448000049)","Unfall 206879 (2018) Kat:3, Licht: 0","206879","3","3","5","10","16","4","0","0","1","1","0","0"
"POINT (13.370066233000045 52.614802649000069)","Unfall 206880 (2018) Kat:3, Licht: 2","206880","3","1","9","11","03","1","0","2","0","1","0","0"
"POINT (13.323042586000042 52.464661512000077)","Unfall 206881 (2018) Kat:2, Licht: 2","206881","2","4","6","10","18","3","1","2","1","0","1","0"
"POINT (13.407858654000052 52.551011939000034)","Unfall 206882 (2018) Kat:3, Licht: 0","206882","3","6","2","11","15","7","0","0","0","1","0","0"
"POINT (13.502851643000042 52.526297997000029)","Unfall 206883 (2018) Kat:3, Licht: 0","206883","3","7","5","10","15","4","0","0","0","1","0","0"
"POINT (13.313734722000049 52.518097352000041)","Unfall 206884 (2018) Kat:2, Licht: 2","206884","2","3","5","11","20","7","0","2","0","1","0","1"
"POINT (13.458870452000042 52.511422646000028)","Unfall 206885 (2018) Kat:3, Licht: 2","206885","3","2","5","10","18","3","1","2","0","1","0","0"
"POINT (13.413367595000068 52.502982445000043)","Unfall 206886 (2018) Kat:3, Licht: 0","206886","3","3","5","11","15","7","0","0","0","1","0","1"
"POINT (13.399829130000057 52.568745666000041)","Unfall 206887 (2018) Kat:3, Licht: 0","206887","3","6","2","10","14","4","0","0","0","1","0","0"
"POINT (13.334439123000038 52.498469703000069)","Unfall 206888 (2018) Kat:3, Licht: 2","206888","3","2","5","10","17","3","1","2","1","1","0","0"
"POINT (13.468355565000024 52.531378856000060)","Unfall 206889 (2018) Kat:3, Licht: 0","206889","3","6","3","10","14","4","0","0","0","1","0","0"
"POINT (13.460214481000037 52.515331740000079)","Unfall 206890 (2018) Kat:2, Licht: 0","206890","2","1","0","11","14","7","0","0","1","0","0","0"
"POINT (13.318988508000075 52.499667196000075)","Unfall 206891 (2018) Kat:2, Licht: 0","206891","2","4","6","10","14","4","0","0","0","1","1","0"
"POINT (13.269515500000068 52.480913531000056)","Unfall 206892 (2018) Kat:3, Licht: 2","206892","3","6","2","10","18","3","1","2","1","1","0","0"
"POINT (13.334732357000064 52.511456232000057)","Unfall 206893 (2018) Kat:3, Licht: 0","206893","3","3","5","11","13","7","0","0","1","1","0","0"
"POINT (13.322452848000069 52.505115436000040)","Unfall 206894 (2018) Kat:3, Licht: 0","206894","3","7","6","10","13","4","0","0","0","1","1","0"
"POINT (13.313622296000062 52.506237566000038)","Unfall 206895 (2018) Kat:3, Licht: 0","206895","3","7","5","11","13","7","0","0","1","1","0","0"
"POINT (13.197798533000025 52.535035937000032)","Unfall 206896 (2018) Kat:3, Licht: 2","206896","3","3","5","10","18","3","1","2","0","1","0","0"
"POINT (13.267933224000046 52.445463038000071)","Unfall 206897 (2018) Kat:3, Licht: 0","206897","3","3","5","11","11","7","0","0","1","1","0","0"
"POINT (13.160030774000063 52.564543267000033)","Unfall 206898 (2018) Kat:3, Licht: 0","206898","3","3","5","10","13","4","0","0","1","1","0","0"
"POINT (13.414857930000039 52.589641098000072)","Unfall 206899 (2018) Kat:2, Licht: 0","206899","2","2","5","10","10","3","0","0","0","1","0","1"
"POINT (13.437531795000041 52.500291138000080)","Unfall 206900 (2018) Kat:2, Licht: 0","206900","2","2","6","10","12","4","0","0","0","1","1","0"
"POINT (13.380458677000036 52.543409234000080)","Unfall 206901 (2018) Kat:3, Licht: 0","206901","3","6","2","10","18","3","1","0","0","1","0","0"
"POINT (13.376627187000054 52.509390125000039)","Unfall 206902 (2018) Kat:3, Licht: 0","206902","3","2","5","11","11","7","0","0","1","1","0","0"
"POINT (13.403654466000035 52.525980694000054)","Unfall 206903 (2018) Kat:3, Licht: 0","206903","3","2","5","10","12","4","0","0","1","1","0","0"
"POINT (13.421554436000065 52.504485472000056)","Unfall 206904 (2018) Kat:3, Licht: 2","206904","3","3","5","10","18","3","0","2","1","1","0","0"
"POINT (13.382481794000057 52.504462622000062)","Unfall 206905 (2018) Kat:3, Licht: 0","206905","3","2","5","11","10","7","0","0","1","1","0","0"
"POINT (13.326763066000069 52.625554703000034)","Unfall 206906 (2018) Kat:3, Licht: 0","206906","3","7","6","10","12","4","0","0","1","0","1","0"
"POINT (13.352212450000025 52.550275025000076)","Unfall 206907 (2018) Kat:3, Licht: 2","206907","3","4","6","10","18","3","1","2","0","1","1","0"
"POINT (13.353770249000036 52.549208815000043)","Unfall 206908 (2018) Kat:3, Licht: 0","206908","3","4","6","10","12","4","0","0","0","1","1","0"
"POINT (13.390177037000058 52.562774024000078)","Unfall 206909 (2018) Kat:3, Licht: 0","206909","3","5","1","11","08","7","0","0","0","1","0","0"
"POINT (13.366181276000077 52.493428286000039)","Unfall 206910 (2018) Kat:3, Licht: 0","206910","3","6","3","10","10","4","1","0","0","1","0","1"
"POINT (13.178094656000042 52.525160864000043)","Unfall 206911 (2018) Kat:3, Licht: 0","206911","3","6","2","10","12","3","0","0","0","1","0","1"
"POINT (13.361173523000048 52.555425790000072)","Unfall 206912 (2018) Kat:3, Licht: 0","206912","3","7","5","11","12","7","0","0","1","0","0","0"
"POINT (13.577364391000060 52.486695028000042)","Unfall 206913 (2018) Kat:3, Licht: 0","206913","3","3","5","10","11","4","1","0","0","1","0","0"
"POINT (13.347080725000069 52.427862914000059)","Unfall 206914 (2018) Kat:3, Licht: 0","206914","3","7","0","11","12","6","0","0","0","0","0","0"
"POINT (13.478427627000030 52.511866320000081)","Unfall 206915 (2018) Kat:3, Licht: 2","206915","3","2","6","10","05","3","1","2","0","1","1","0"
"POINT (13.428086178000058 52.473415639000052)","Unfall 206916 (2018) Kat:2, Licht: 0","206916","2","2","5","11","17","6","0","0","0","1","0","1"
"POINT (13.448277098000062 52.513170096000067)","Unfall 206917 (2018) Kat:2, Licht: 0","206917","2","5","1","10","11","4","0","0","0","1","0","1"
"POINT (13.301330368000038 52.456313458000068)","Unfall 206918 (2018) Kat:3, Licht: 0","206918","3","6","2","10","10","3","0","0","0","1","0","0"
"POINT (13.428496379000023 52.599502963000077)","Unfall 206919 (2018) Kat:3, Licht: 0","206919","3","3","5","10","08","3","1","0","0","1","0","0"
"POINT (13.251717463000034 52.423831146000055)","Unfall 206920 (2018) Kat:3, Licht: 0","206920","3","3","0","10","08","4","1","0","0","0","0","1"
"POINT (13.455134631000021 52.474338079000063)","Unfall 206921 (2018) Kat:3, Licht: 0","206921","3","4","0","10","07","3","1","0","1","0","1","0"
"POINT (13.391662416000031 52.497382751000032)","Unfall 206922 (2018) Kat:3, Licht: 2","206922","3","6","2","11","20","6","0","2","0","1","0","0"
"POINT (13.181777350000061 52.552485781000030)","Unfall 206923 (2018) Kat:3, Licht: 0","206923","3","2","6","10","07","4","1","0","0","1","1","0"
"POINT (13.373278470000059 52.557043579000037)","Unfall 206924 (2018) Kat:3, Licht: 0","206924","3","2","5","10","14","3","0","0","1","0","0","0"
"POINT (13.232637778000026 52.540648851000071)","Unfall 206925 (2018) Kat:3, Licht: 1","206925","3","2","6","10","07","4","1","1","0","1","1","0"
"POINT (13.313771078000059 52.506229603000065)","Unfall 206926 (2018) Kat:3, Licht: 2","206926","3","2","5","11","17","6","0","2","0","1","0","0"
"POINT (13.345276018000050 52.539349206000054)","Unfall 206927 (2018) Kat:3, Licht: 0","206927","3","6","2","10","12","3","0","0","0","1","0","0"
"POINT (13.440445180000040 52.504836647000047)","Unfall 206928 (2018) Kat:3, Licht: 2","206928","3","6","2","11","22","6","0","2","0","1","0","0"
"POINT (13.304006596000022 52.448384477000047)","Unfall 206929 (2018) Kat:3, Licht: 0","206929","3","5","1","10","16","2","0","0","1","1","0","0"
"POINT (13.451025364000031 52.436813208000046)","Unfall 206930 (2018) Kat:3, Licht: 2","206930","3","2","6","10","06","4","1","2","0","1","1","0"
"POINT (13.383964212000024 52.494883897000079)","Unfall 206931 (2018) Kat:2, Licht: 1","206931","2","4","6","11","19","6","0","1","0","1","1","0"
"POINT (13.586899581000068 52.512690833000079)","Unfall 206932 (2018) Kat:3, Licht: 2","206932","3","2","5","10","05","2","0","2","1","1","0","0"
"POINT (13.391435736000062 52.453010308000046)","Unfall 206933 (2018) Kat:3, Licht: 0","206933","3","2","5","11","16","6","0","0","0","1","0","0"
"POINT (13.596394209000039 52.518834560000073)","Unfall 206934 (2018) Kat:2, Licht: 2","206934","2","3","5","10","05","4","1","2","1","1","0","0"
"POINT (13.330061148000027 52.523791672000073)","Unfall 206935 (2018) Kat:3, Licht: 0","206935","3","6","2","11","15","6","0","0","0","1","0","0"
"POINT (13.584300531000054 52.464204152000036)","Unfall 206936 (2018) Kat:3, Licht: 2","206936","3","2","6","10","17","2","1","2","0","1","1","0"
"POINT (13.334547213000064 52.464123546000053)","Unfall 206937 (2018) Kat:3, Licht: 0","206937","3","2","5","11","15","6","0","0","1","1","0","0"
"POINT (13.499735363000070 52.534273921000079)","Unfall 206938 (2018) Kat:3, Licht: 2","206938","3","2","5","10","04","4","1","2","0","1","0","0"
"POINT (13.373412152000071 52.556936102000066)","Unfall 206939 (2018) Kat:3, Licht: 2","206939","3","4","6","10","21","2","0","2","0","1","1","0"
"POINT (13.400309316000062 52.529583032000062)","Unfall 206940 (2018) Kat:3, Licht: 2","206940","3","5","0","10","20","2","1","2","1","1","0","0"
"POINT (13.455853866000041 52.481707340000071)","Unfall 206941 (2018) Kat:3, Licht: 0","206941","3","3","5","10","09","3","0","0","1","0","0","0"
"POINT (13.384246784000027 52.484988123000051)","Unfall 206942 (2018) Kat:3, Licht: 2","206942","3","5","1","10","20","2","1","2","0","1","0","0"
"POINT (13.359223416000077 52.546461520000037)","Unfall 206943 (2018) Kat:3, Licht: 0","206943","3","3","5","11","15","6","0","0","0","1","0","0"
"POINT (13.522724212000071 52.432774536000068)","Unfall 206944 (2018) Kat:3, Licht: 2","206944","3","2","5","10","20","3","1","2","1","1","0","0"
"POINT (13.429768470000056 52.498260536000032)","Unfall 206945 (2018) Kat:3, Licht: 1","206945","3","3","5","10","18","2","1","1","0","1","0","0"
"POINT (13.438769609000076 52.555364383000040)","Unfall 206946 (2018) Kat:3, Licht: 2","206946","3","7","5","10","20","3","1","2","1","1","0","0"
"POINT (13.435550782000064 52.449658888000044)","Unfall 206947 (2018) Kat:3, Licht: 0","206947","3","6","2","11","14","6","0","0","0","1","0","0"
"POINT (13.631262605000074 52.458355381000047)","Unfall 206948 (2018) Kat:2, Licht: 2","206948","2","2","5","10","18","2","1","2","0","1","0","0"
"POINT (13.337749417000055 52.543171456000039)","Unfall 206949 (2018) Kat:3, Licht: 0","206949","3","6","2","11","14","6","0","0","0","1","0","0"
"POINT (13.330399544000045 52.526595205000035)","Unfall 206950 (2018) Kat:3, Licht: 2","206950","3","7","5","10","22","3","1","2","0","1","0","1"
"POINT (13.370708703000048 52.523514694000028)","Unfall 206951 (2018) Kat:3, Licht: 2","206951","3","3","5","11","19","6","0","2","0","1","0","0"
"POINT (13.342832605000069 52.525018230000057)","Unfall 206952 (2018) Kat:3, Licht: 1","206952","3","6","3","10","18","2","1","1","0","1","0","0"
"POINT (13.371025768000038 52.492632239000045)","Unfall 206953 (2018) Kat:3, Licht: 0","206953","3","2","0","11","09","6","0","0","1","0","0","1"
"POINT (13.521420978000037 52.466340698000067)","Unfall 206954 (2018) Kat:3, Licht: 2","206954","3","3","5","10","22","3","1","2","0","1","0","0"
"POINT (13.297607868000057 52.626815151000073)","Unfall 206955 (2018) Kat:3, Licht: 2","206955","3","6","2","10","21","3","1","2","0","1","0","0"
"POINT (13.306183114000021 52.524192864000042)","Unfall 206956 (2018) Kat:3, Licht: 0","206956","3","6","2","11","08","6","0","0","0","1","0","1"
"POINT (13.500215422000053 52.441283452000050)","Unfall 206957 (2018) Kat:3, Licht: 0","206957","3","3","5","11","08","6","0","0","1","1","0","0"
"POINT (13.291375930000072 52.606888567000055)","Unfall 206958 (2018) Kat:3, Licht: 2","206958","3","1","8","10","20","3","1","2","0","1","0","0"
"POINT (13.317686762000051 52.461107812000080)","Unfall 206959 (2018) Kat:3, Licht: 1","206959","3","6","2","10","18","2","1","1","0","1","0","0"
"POINT (13.494414117000076 52.569080133000057)","Unfall 206960 (2018) Kat:3, Licht: 2","206960","3","2","6","10","20","3","1","2","0","1","1","0"
"POINT (13.374621111000067 52.540272307000066)","Unfall 206961 (2018) Kat:3, Licht: 1","206961","3","5","0","10","18","2","1","1","0","1","0","1"
"POINT (13.497610245000033 52.458040855000036)","Unfall 206962 (2018) Kat:3, Licht: 2","206962","3","1","9","11","03","6","1","2","0","1","0","0"
"POINT (13.380860669000072 52.442136279000067)","Unfall 206963 (2018) Kat:3, Licht: 2","206963","3","7","5","10","19","3","1","2","0","1","0","0"
"POINT (13.443918826000072 52.565290348000076)","Unfall 206964 (2018) Kat:3, Licht: 1","206964","3","6","2","10","17","2","1","1","0","1","0","0"
"POINT (13.419538744000022 52.394718030000035)","Unfall 206965 (2018) Kat:3, Licht: 2","206965","3","2","6","10","18","3","1","2","0","1","1","0"
"POINT (13.482173486000022 52.425488389000066)","Unfall 206966 (2018) Kat:3, Licht: 0","206966","3","3","5","11","13","6","0","0","1","1","0","0"
"POINT (13.352749605000042 52.543149936000077)","Unfall 206967 (2018) Kat:3, Licht: 1","206967","3","7","5","10","17","2","1","1","0","1","0","1"
"POINT (13.324676753000062 52.499093280000068)","Unfall 206968 (2018) Kat:2, Licht: 0","206968","2","6","2","11","12","6","0","0","0","1","0","0"
"POINT (13.370228101000066 52.574667587000079)","Unfall 206969 (2018) Kat:2, Licht: 2","206969","2","4","6","10","18","3","1","2","0","1","1","0"
"POINT (13.389939742000024 52.574228450000078)","Unfall 206970 (2018) Kat:3, Licht: 2","206970","3","6","2","10","16","2","1","2","0","1","0","0"
"POINT (13.156762180000044 52.557604010000034)","Unfall 206971 (2018) Kat:3, Licht: 0","206971","3","7","5","11","11","6","0","0","1","1","0","0"
"POINT (13.314374048000047 52.472105906000081)","Unfall 206972 (2018) Kat:3, Licht: 2","206972","3","2","5","10","18","3","1","2","1","1","0","0"
"POINT (13.429928945000029 52.551445664000028)","Unfall 206973 (2018) Kat:2, Licht: 0","206973","2","4","6","10","14","2","0","0","0","1","1","0"
"POINT (13.290234851000037 52.475273934000029)","Unfall 206974 (2018) Kat:3, Licht: 2","206974","3","2","6","10","18","3","1","2","0","1","1","0"
"POINT (13.320664044000068 52.456745698000077)","Unfall 206975 (2018) Kat:3, Licht: 0","206975","3","2","6","11","10","6","0","0","0","0","1","0"
"POINT (13.418226936000053 52.517360219000068)","Unfall 206976 (2018) Kat:3, Licht: 1","206976","3","2","5","10","17","3","1","1","1","1","0","0"
"POINT (13.262389493000057 52.541320754000026)","Unfall 206977 (2018) Kat:2, Licht: 0","206977","2","3","5","10","14","2","0","0","1","1","0","0"
"POINT (13.526670056000057 52.428792778000059)","Unfall 206978 (2018) Kat:2, Licht: 0","206978","2","2","5","11","10","6","0","0","0","1","0","0"
"POINT (13.386270264000075 52.549584486000072)","Unfall 206979 (2018) Kat:3, Licht: 1","206979","3","4","6","10","16","3","1","1","0","1","1","0"
"POINT (13.453982372000041 52.469204961000059)","Unfall 206980 (2018) Kat:3, Licht: 0","206980","3","3","5","10","14","2","0","0","1","1","0","0"
"POINT (13.398981402000061 52.508229674000063)","Unfall 206981 (2018) Kat:3, Licht: 2","206981","3","3","5","10","16","3","1","2","0","1","0","0"
"POINT (13.448172685000031 52.477631682000037)","Unfall 206982 (2018) Kat:3, Licht: 2","206982","3","2","0","11","20","6","0","2","0","0","1","0"
"POINT (13.331301048000057 52.443508456000075)","Unfall 206983 (2018) Kat:3, Licht: 0","206983","3","3","5","10","16","3","1","0","0","1","0","1"
"POINT (13.293169607000038 52.534488686000032)","Unfall 206984 (2018) Kat:2, Licht: 0","206984","2","6","2","10","13","2","0","0","0","1","0","1"
"POINT (13.306920102000049 52.513552612000069)","Unfall 206985 (2018) Kat:3, Licht: 0","206985","3","2","2","11","09","6","0","0","0","1","0","0"
"POINT (13.470871917000068 52.515353068000081)","Unfall 206986 (2018) Kat:3, Licht: 0","206986","3","6","2","10","14","3","1","0","1","0","0","0"
"POINT (13.358434856000031 52.506815846000052)","Unfall 206987 (2018) Kat:3, Licht: 0","206987","3","6","2","11","09","6","0","0","0","1","0","0"
"POINT (13.426192942000057 52.548664782000060)","Unfall 206988 (2018) Kat:3, Licht: 0","206988","3","3","5","10","13","2","0","0","0","1","0","1"
"POINT (13.420569329000045 52.503098240000043)","Unfall 206989 (2018) Kat:3, Licht: 0","206989","3","6","2","11","08","6","0","0","1","1","0","0"
"POINT (13.371649751000064 52.469492720000062)","Unfall 206990 (2018) Kat:3, Licht: 0","206990","3","1","0","10","11","3","1","0","0","0","0","1"
"POINT (13.371739697000066 52.509485630000029)","Unfall 206991 (2018) Kat:3, Licht: 0","206991","3","6","2","10","12","2","0","0","0","1","0","0"
"POINT (13.455117156000028 52.453040462000047)","Unfall 206992 (2018) Kat:2, Licht: 0","206992","2","6","2","10","15","3","1","0","0","1","0","0"
"POINT (13.294345696000050 52.491628871000046)","Unfall 206993 (2018) Kat:3, Licht: 0","206993","3","3","5","10","09","2","0","0","0","1","0","0"
"POINT (13.363643642000056 52.556292031000055)","Unfall 206994 (2018) Kat:3, Licht: 0","206994","3","5","1","10","15","3","1","0","0","1","0","0"
"POINT (13.332840487000055 52.457661102000031)","Unfall 206995 (2018) Kat:3, Licht: 2","206995","3","1","1","11","23","5","0","2","0","1","0","0"
"POINT (13.392848588000049 52.417302675000030)","Unfall 206996 (2018) Kat:3, Licht: 0","206996","3","3","5","10","14","3","1","0","1","1","0","0"
"POINT (13.552041894000070 52.414814404000026)","Unfall 206997 (2018) Kat:2, Licht: 2","206997","2","1","8","10","21","2","1","2","0","1","0","0"
"POINT (13.465624751000064 52.504704172000061)","Unfall 206998 (2018) Kat:3, Licht: 2","206998","3","7","6","11","23","5","0","2","1","0","1","0"
"POINT (13.554567741000028 52.503721762000055)","Unfall 206999 (2018) Kat:3, Licht: 0","206999","3","3","5","10","14","3","1","0","0","1","0","1"
"POINT (13.453564314000062 52.514135565000061)","Unfall 207000 (2018) Kat:3, Licht: 2","207000","3","3","5","11","22","5","0","2","1","0","0","0"
"POINT (13.454890491000072 52.513770159000046)","Unfall 207001 (2018) Kat:3, Licht: 1","207001","3","1","0","10","17","2","1","1","1","0","0","0"
"POINT (13.399851896000030 52.509262320000062)","Unfall 207002 (2018) Kat:3, Licht: 2","207002","3","5","1","11","19","5","0","2","1","1","0","0"
"POINT (13.278655154000035 52.474898712000027)","Unfall 207003 (2018) Kat:3, Licht: 0","207003","3","3","1","10","14","3","1","0","0","1","0","0"
"POINT (13.457741033000048 52.509519172000068)","Unfall 207004 (2018) Kat:3, Licht: 0","207004","3","3","5","10","08","2","0","0","0","1","0","1"
"POINT (13.626971851000064 52.529978330000063)","Unfall 207005 (2018) Kat:2, Licht: 1","207005","2","3","5","10","06","2","0","1","0","1","0","1"
"POINT (13.336820458000034 52.500790442000039)","Unfall 207006 (2018) Kat:3, Licht: 2","207006","3","3","5","11","19","5","0","2","0","1","0","0"
"POINT (13.623915890000035 52.425011783000059)","Unfall 207007 (2018) Kat:2, Licht: 2","207007","2","7","7","10","02","2","1","2","0","1","0","0"
"POINT (13.377053572000023 52.508538885000064)","Unfall 207008 (2018) Kat:2, Licht: 2","207008","2","3","5","11","18","5","0","2","0","1","0","1"
"POINT (13.519474786000046 52.546262375000026)","Unfall 207009 (2018) Kat:3, Licht: 0","207009","3","3","5","10","13","3","1","0","0","0","0","0"
"POINT (13.434795813000051 52.461684145000049)","Unfall 207010 (2018) Kat:3, Licht: 1","207010","3","7","5","10","19","1","1","1","0","1","0","1"
"POINT (13.357411270000057 52.541476695000028)","Unfall 207011 (2018) Kat:3, Licht: 1","207011","3","5","1","10","17","1","0","1","1","1","0","0"
"POINT (13.376623361000043 52.408581368000057)","Unfall 207012 (2018) Kat:3, Licht: 0","207012","3","1","8","10","13","3","1","0","0","1","0","0"
"POINT (13.192836654000075 52.432427737000069)","Unfall 207013 (2018) Kat:2, Licht: 1","207013","2","4","6","10","17","1","1","1","0","0","1","0"
"POINT (13.315038076000064 52.500943601000074)","Unfall 207014 (2018) Kat:3, Licht: 2","207014","3","3","0","11","18","5","0","2","0","1","0","0"
"POINT (13.428755488000036 52.472224939000057)","Unfall 207015 (2018) Kat:3, Licht: 0","207015","3","5","1","10","13","3","1","0","0","1","0","0"
"POINT (13.442860419000056 52.483908129000042)","Unfall 207016 (2018) Kat:3, Licht: 1","207016","3","3","5","10","17","1","0","1","0","1","0","1"
"POINT (13.428874306000068 52.519367986000077)","Unfall 207017 (2018) Kat:2, Licht: 0","207017","2","1","3","10","13","3","1","0","1","1","0","0"
"POINT (13.324784711000063 52.458204152000064)","Unfall 207018 (2018) Kat:3, Licht: 2","207018","3","2","2","11","17","5","0","2","0","1","1","0"
"POINT (13.378923105000069 52.513347201000045)","Unfall 207019 (2018) Kat:3, Licht: 0","207019","3","5","1","10","14","1","0","0","1","0","0","0"
"POINT (13.469805490000056 52.531701848000068)","Unfall 207020 (2018) Kat:2, Licht: 2","207020","2","3","5","11","17","5","0","2","1","0","0","0"
"POINT (13.565650676000075 52.528980178000040)","Unfall 207021 (2018) Kat:2, Licht: 0","207021","2","2","0","10","13","3","1","0","1","1","0","0"
"POINT (13.301747716000023 52.510780532000069)","Unfall 207022 (2018) Kat:3, Licht: 1","207022","3","6","2","11","16","5","0","1","0","1","0","0"
"POINT (13.482161583000050 52.411364273000061)","Unfall 207023 (2018) Kat:2, Licht: 0","207023","2","6","3","10","12","1","0","0","1","1","0","0"
"POINT (13.473818490000042 52.567351040000062)","Unfall 207024 (2018) Kat:3, Licht: 1","207024","3","3","5","11","16","5","0","1","0","1","0","0"
"POINT (13.488088240000025 52.421884766000062)","Unfall 207025 (2018) Kat:2, Licht: 0","207025","2","6","0","10","13","3","1","0","0","1","0","1"
"POINT (13.359787238000024 52.523466078000070)","Unfall 207026 (2018) Kat:2, Licht: 2","207026","2","3","5","10","21","1","1","2","0","1","0","0"
"POINT (13.313037243000053 52.500438742000028)","Unfall 207027 (2018) Kat:2, Licht: 2","207027","2","2","6","10","21","1","1","2","0","1","1","0"
"POINT (13.291684462000035 52.607308954000075)","Unfall 207028 (2018) Kat:3, Licht: 0","207028","3","6","4","10","12","3","1","0","0","1","0","0"
"POINT (13.430498919000058 52.551770530000056)","Unfall 207029 (2018) Kat:3, Licht: 1","207029","3","2","2","10","18","1","0","1","0","1","0","0"
"POINT (13.376769376000027 52.454312107000078)","Unfall 207030 (2018) Kat:3, Licht: 0","207030","3","3","5","11","08","5","0","0","0","1","0","0"
"POINT (13.331310006000024 52.562243747000082)","Unfall 207031 (2018) Kat:3, Licht: 0","207031","3","6","3","10","12","3","1","0","0","1","0","0"
"POINT (13.394430960000022 52.528684681000072)","Unfall 207032 (2018) Kat:3, Licht: 0","207032","3","1","0","10","16","1","0","0","1","0","0","0"
"POINT (13.402093988000047 52.551335947000041)","Unfall 207033 (2018) Kat:2, Licht: 0","207033","2","7","0","10","11","3","1","0","0","1","0","0"
"POINT (13.385993674000076 52.528207785000063)","Unfall 207034 (2018) Kat:3, Licht: 0","207034","3","1","0","11","16","5","0","0","1","0","0","0"
"POINT (13.380258414000025 52.519053169000074)","Unfall 207035 (2018) Kat:3, Licht: 0","207035","3","5","1","10","11","3","1","0","1","1","0","0"
"POINT (13.375368527000035 52.425992543000064)","Unfall 207036 (2018) Kat:3, Licht: 0","207036","3","1","8","10","11","1","0","0","0","1","0","0"
"POINT (13.548290321000025 52.427445379000062)","Unfall 207037 (2018) Kat:3, Licht: 0","207037","3","6","2","11","16","5","0","0","0","1","0","0"
"POINT (13.315403055000047 52.486548792000065)","Unfall 207038 (2018) Kat:3, Licht: 0","207038","3","2","2","10","10","3","1","0","1","1","0","0"
"POINT (13.354578714000070 52.605066928000042)","Unfall 207039 (2018) Kat:3, Licht: 0","207039","3","7","7","10","10","1","0","0","0","0","0","0"
"POINT (13.315070502000026 52.430618290000041)","Unfall 207040 (2018) Kat:3, Licht: 0","207040","3","6","2","10","09","3","1","0","0","1","0","0"
"POINT (13.409786799000074 52.562682595000069)","Unfall 207041 (2018) Kat:2, Licht: 0","207041","2","7","5","11","15","5","0","0","0","1","0","1"
"POINT (13.428315635000047 52.507303493000052)","Unfall 207042 (2018) Kat:3, Licht: 0","207042","3","3","5","10","10","1","0","0","1","1","0","0"
"POINT (13.346726096000054 52.496019061000027)","Unfall 207043 (2018) Kat:3, Licht: 0","207043","3","5","1","11","15","5","0","0","0","1","0","0"
"POINT (13.296386805000054 52.485537967000027)","Unfall 207044 (2018) Kat:3, Licht: 0","207044","3","3","5","10","09","3","1","0","0","0","0","1"
"POINT (13.432634325000038 52.478345178000041)","Unfall 207045 (2018) Kat:3, Licht: 0","207045","3","2","5","11","14","5","0","0","1","0","0","0"
"POINT (13.399407405000034 52.504565116000038)","Unfall 207046 (2018) Kat:3, Licht: 2","207046","3","3","5","10","01","1","0","2","0","1","0","0"