WKT,Name,OBJECTID,UKATEGORIE,UTYP1,UART,UMONAT,USTUNDE,UWOCHENTAG,STRZUSTAND,ULICHTVERH,ISTRAD,ISTPKW,ISTFUSS,ISTKRAD
"POINT (13.401242701000058 52.414492832000064)","Unfall 207047 (2018) Kat:3, Licht: 0","207047","3","2","5","11","13","5","0","0","0","1","0","0"
"POINT (13.479473467000048 52.533323991000032)","Unfall 207048 (2018) Kat:3, Licht: 0","207048","3","6","2","10","08","3","0","0","0","1","0","0"
"POINT (13.429035729000077 52.491367871000080)","Unfall 207049 (2018) Kat:3, Licht: 2","207049","3","4","6","10","00","1","0","2","0","1","1","0"
"POINT (13.589510857000050 52.516635873000041)","Unfall 207050 (2018) Kat:3, Licht: 1","207050","3","3","5","10","07","3","1","1","1","1","0","0"
"POINT (13.611359440000058 52.514429449000033)","Unfall 207051 (2018) Kat:3, Licht: 0","207051","3","5","1","11","09","5","0","0","0","1","0","0"
"POINT (13.319255940000062 52.513587772000051)","Unfall 207052 (2018) Kat:3, Licht: 2","207052","3","4","6","11","17","7","0","2","0","0","1","1"
"POINT (13.331024973000069 52.490611623000063)","Unfall 207053 (2018) Kat:3, Licht: 2","207053","3","6","2","11","19","3","1","2","0","1","0","0"
"POINT (13.455439594000040 52.441790529000059)","Unfall 207054 (2018) Kat:3, Licht: 1","207054","3","7","5","11","16","7","0","1","0","1","0","1"
"POINT (13.320502055000077 52.434602405000078)","Unfall 207055 (2018) Kat:3, Licht: 0","207055","3","5","2","11","15","3","1","0","0","1","0","0"
"POINT (13.542691487000070 52.403264919000037)","Unfall 207056 (2018) Kat:3, Licht: 0","207056","3","4","6","11","15","7","0","0","0","1","1","0"
"POINT (13.440188530000057 52.548590939000064)","Unfall 207057 (2018) Kat:3, Licht: 0","207057","3","3","5","11","09","2","0","0","0","0","0","1"
"POINT (13.456148522000035 52.484171953000043)","Unfall 207058 (2018) Kat:3, Licht: 0","207058","3","2","5","11","15","7","0","0","0","1","0","1"
"POINT (13.230231614000047 52.538085038000077)","Unfall 207059 (2018) Kat:3, Licht: 2","207059","3","6","2","11","05","2","1","2","0","1","0","0"
"POINT (13.352374491000035 52.506412773000079)","Unfall 207060 (2018) Kat:3, Licht: 0","207060","3","1","0","11","14","7","0","0","1","0","0","0"
"POINT (13.191148841000029 52.550013193000041)","Unfall 207061 (2018) Kat:3, Licht: 1","207061","3","3","5","11","16","3","1","1","1","1","0","0"
"POINT (13.430182873000035 52.588276002000043)","Unfall 207062 (2018) Kat:3, Licht: 0","207062","3","6","2","11","13","7","0","0","0","1","0","1"
"POINT (13.349914784000077 52.414332267000077)","Unfall 207063 (2018) Kat:3, Licht: 0","207063","3","6","2","11","08","3","1","0","0","1","0","0"
"POINT (13.428596727000070 52.583133258000032)","Unfall 207064 (2018) Kat:3, Licht: 0","207064","3","3","5","11","13","7","0","0","1","1","0","0"
"POINT (13.285149342000068 52.594737876000067)","Unfall 207065 (2018) Kat:3, Licht: 0","207065","3","6","2","11","12","7","0","0","0","1","0","0"
"POINT (13.569708955000067 52.560800149000045)","Unfall 207066 (2018) Kat:3, Licht: 0","207066","3","6","2","11","14","3","1","0","0","1","0","1"
"POINT (13.338778078000075 52.559566348000033)","Unfall 207067 (2018) Kat:3, Licht: 0","207067","3","3","5","11","12","7","0","0","0","1","0","0"
"POINT (13.199638236000055 52.552200377000077)","Unfall 207068 (2018) Kat:2, Licht: 1","207068","2","1","0","11","17","1","1","1","0","0","0","1"
"POINT (13.421543993000057 52.504470822000030)","Unfall 207069 (2018) Kat:2, Licht: 2","207069","2","5","0","11","17","1","1","2","0","1","0","1"
"POINT (13.249192162000043 52.552215149000062)","Unfall 207070 (2018) Kat:3, Licht: 0","207070","3","3","5","11","11","7","0","0","1","1","0","0"
"POINT (13.341593776000025 52.496043091000047)","Unfall 207071 (2018) Kat:3, Licht: 2","207071","3","7","0","11","20","1","0","2","1","0","0","0"
"POINT (13.362875467000038 52.566624009000066)","Unfall 207072 (2018) Kat:3, Licht: 0","207072","3","3","5","11","07","7","0","0","0","1","0","0"
"POINT (13.412964046000070 52.565056570000081)","Unfall 207073 (2018) Kat:3, Licht: 0","207073","3","3","5","11","10","7","0","0","1","1","0","0"
"POINT (13.456222498000045 52.473780156000032)","Unfall 207074 (2018) Kat:2, Licht: 0","207074","2","6","2","11","12","3","1","0","0","1","0","0"
"POINT (13.463029048000067 52.469515177000062)","Unfall 207075 (2018) Kat:3, Licht: 0","207075","3","3","0","11","11","7","0","0","1","1","0","0"
"POINT (13.571026046000043 52.390030721000073)","Unfall 207076 (2018) Kat:3, Licht: 0","207076","3","2","5","11","11","7","1","0","0","1","0","0"
"POINT (13.433083990000057 52.518740559000037)","Unfall 207077 (2018) Kat:3, Licht: 0","207077","3","2","5","11","08","3","1","0","1","1","0","0"
"POINT (13.350440617000061 52.513584128000048)","Unfall 207078 (2018) Kat:3, Licht: 0","207078","3","6","2","11","11","7","0","0","0","1","0","0"
"POINT (13.392868535000048 52.504265234000059)","Unfall 207079 (2018) Kat:3, Licht: 2","207079","3","3","5","11","21","7","0","2","0","1","0","0"
"POINT (13.253836670000055 52.453996091000079)","Unfall 207080 (2018) Kat:3, Licht: 2","207080","3","7","2","11","18","6","0","2","0","1","0","1"
"POINT (13.494654400000059 52.612682612000071)","Unfall 207081 (2018) Kat:3, Licht: 0","207081","3","3","5","11","07","6","0","0","0","1","0","0"
"POINT (13.353276900000026 52.502060976000053)","Unfall 207082 (2018) Kat:3, Licht: 0","207082","3","2","0","11","07","6","1","0","1","0","0","0"
"POINT (13.302321155000072 52.506548178000060)","Unfall 207083 (2018) Kat:3, Licht: 0","207083","3","5","1","11","13","6","0","0","1","1","0","0"
"POINT (13.390886392000027 52.492308898000033)","Unfall 207084 (2018) Kat:3, Licht: 0","207084","3","3","5","11","09","3","1","0","1","1","0","0"
"POINT (13.338822512000036 52.526513244000057)","Unfall 207085 (2018) Kat:3, Licht: 2","207085","3","6","3","11","21","6","0","2","0","1","0","1"
"POINT (13.577164792000076 52.455772329000069)","Unfall 207086 (2018) Kat:3, Licht: 2","207086","3","2","4","11","19","6","0","2","1","1","0","0"
"POINT (13.291802739000047 52.497370789000058)","Unfall 207087 (2018) Kat:3, Licht: 2","207087","3","6","2","11","00","2","1","2","0","1","0","0"
"POINT (13.387988193000069 52.492982764000033)","Unfall 207088 (2018) Kat:3, Licht: 0","207088","3","2","0","11","08","6","1","0","1","0","0","0"
"POINT (13.435026948000029 52.432013394000080)","Unfall 207089 (2018) Kat:2, Licht: 2","207089","2","5","1","11","18","6","0","2","0","1","0","0"
"POINT (13.294742175000067 52.474179660000061)","Unfall 207090 (2018) Kat:3, Licht: 0","207090","3","4","6","11","09","6","1","0","0","1","1","0"
"POINT (13.389394237000033 52.513885501000061)","Unfall 207091 (2018) Kat:3, Licht: 2","207091","3","4","6","11","07","3","1","2","0","1","1","0"
"POINT (13.432946152000056 52.518077058000074)","Unfall 207092 (2018) Kat:3, Licht: 0","207092","3","1","0","11","09","6","1","0","1","0","0","0"
"POINT (13.391957253000044 52.509659420000048)","Unfall 207093 (2018) Kat:3, Licht: 0","207093","3","3","5","11","15","6","0","0","0","1","0","0"
"POINT (13.360162985000045 52.417921167000031)","Unfall 207094 (2018) Kat:3, Licht: 0","207094","3","3","5","11","07","3","1","0","0","1","0","1"
"POINT (13.331498166000074 52.483920885000032)","Unfall 207095 (2018) Kat:3, Licht: 0","207095","3","3","5","11","09","6","1","0","1","1","0","0"
"POINT (13.392364685000075 52.397256354000035)","Unfall 207096 (2018) Kat:3, Licht: 0","207096","3","1","8","11","15","6","0","0","0","1","0","0"
"POINT (13.441138123000030 52.551601661000063)","Unfall 207097 (2018) Kat:2, Licht: 2","207097","2","4","6","11","18","2","0","2","0","1","1","0"
"POINT (13.299226430000033 52.412253918000033)","Unfall 207098 (2018) Kat:3, Licht: 0","207098","3","6","2","11","08","6","1","0","0","1","0","0"
"POINT (13.397372481000048 52.534809022000047)","Unfall 207099 (2018) Kat:3, Licht: 0","207099","3","5","0","11","15","2","0","0","1","1","0","0"
"POINT (13.489360117000047 52.533904029000041)","Unfall 207100 (2018) Kat:2, Licht: 1","207100","2","6","3","11","17","1","1","1","0","1","0","0"
"POINT (13.455906688000027 52.430395899000075)","Unfall 207101 (2018) Kat:3, Licht: 0","207101","3","7","6","11","15","6","0","0","0","1","1","0"
"POINT (13.347904924000034 52.414585650000049)","Unfall 207102 (2018) Kat:3, Licht: 2","207102","3","3","5","11","18","3","1","2","1","1","0","0"
"POINT (13.267011326000045 52.514309036000043)","Unfall 207103 (2018) Kat:3, Licht: 0","207103","3","3","5","11","08","6","1","0","0","1","0","0"
"POINT (13.297217673000034 52.526380039000060)","Unfall 207104 (2018) Kat:3, Licht: 0","207104","3","6","2","11","14","3","1","0","0","1","0","0"
"POINT (13.500295681000068 52.505096668000078)","Unfall 207105 (2018) Kat:3, Licht: 0","207105","3","3","5","11","15","6","0","0","0","1","0","0"
"POINT (13.503059073000031 52.506740373000071)","Unfall 207106 (2018) Kat:3, Licht: 1","207106","3","3","5","11","17","1","1","1","0","1","0","0"
"POINT (13.435231203000058 52.470536415000026)","Unfall 207107 (2018) Kat:3, Licht: 1","207107","3","3","5","11","17","1","1","1","0","1","0","0"
"POINT (13.240167587000030 52.442720789000077)","Unfall 207108 (2018) Kat:3, Licht: 0","207108","3","2","5","11","08","6","1","0","0","1","0","0"
"POINT (13.377904830000034 52.471927811000057)","Unfall 207109 (2018) Kat:3, Licht: 0","207109","3","6","3","11","13","2","0","0","0","1","0","0"
"POINT (13.450602328000059 52.549796509000032)","Unfall 207110 (2018) Kat:3, Licht: 0","207110","3","5","1","11","08","6","1","0","1","1","0","0"
"POINT (13.281154145000073 52.482056624000052)","Unfall 207111 (2018) Kat:2, Licht: 0","207111","2","2","5","11","11","2","1","0","0","1","0","1"
"POINT (13.387125473000026 52.489355942000032)","Unfall 207112 (2018) Kat:2, Licht: 2","207112","2","4","6","11","18","1","1","2","0","1","1","0"
"POINT (13.491605016000051 52.504429355000070)","Unfall 207113 (2018) Kat:3, Licht: 0","207113","3","3","5","11","14","6","0","0","0","1","0","0"
"POINT (13.574694490000070 52.425175878000061)","Unfall 207114 (2018) Kat:2, Licht: 0","207114","2","1","0","11","07","2","1","0","1","0","0","0"
"POINT (13.406306446000031 52.498324937000064)","Unfall 207115 (2018) Kat:3, Licht: 0","207115","3","4","6","11","14","6","0","0","0","1","1","0"
"POINT (13.326501872000051 52.562474895000037)","Unfall 207116 (2018) Kat:3, Licht: 0","207116","3","1","8","11","14","3","1","0","0","1","0","0"
"POINT (13.335562573000061 52.471540231000063)","Unfall 207117 (2018) Kat:3, Licht: 0","207117","3","2","6","11","08","6","1","0","0","1","1","0"
"POINT (13.428782878000050 52.581543053000075)","Unfall 207118 (2018) Kat:3, Licht: 0","207118","3","6","2","11","13","3","1","0","0","1","0","0"
"POINT (13.440239282000050 52.481770128000051)","Unfall 207119 (2018) Kat:3, Licht: 0","207119","3","4","6","11","14","6","0","0","0","1","1","0"
"POINT (13.358207108000045 52.545736493000049)","Unfall 207120 (2018) Kat:2, Licht: 2","207120","2","5","1","11","17","1","1","2","0","1","0","1"
"POINT (13.507154311000022 52.496807388000036)","Unfall 207121 (2018) Kat:3, Licht: 0","207121","3","6","2","11","06","6","1","0","0","1","0","0"
"POINT (13.301915961000077 52.547898431000078)","Unfall 207122 (2018) Kat:3, Licht: 2","207122","3","6","2","11","21","1","1","2","0","1","0","1"
"POINT (13.391626633000044 52.512222864000080)","Unfall 207123 (2018) Kat:3, Licht: 2","207123","3","3","5","11","05","6","1","2","0","1","0","0"
"POINT (13.275345086000073 52.501306815000078)","Unfall 207124 (2018) Kat:3, Licht: 0","207124","3","7","5","11","13","6","0","0","0","1","0","0"
"POINT (13.156352176000041 52.558866620000060)","Unfall 207125 (2018) Kat:2, Licht: 0","207125","2","7","5","11","12","3","1","0","0","1","0","0"
"POINT (13.332660705000023 52.511915989000045)","Unfall 207126 (2018) Kat:3, Licht: 1","207126","3","5","1","11","07","6","1","1","1","1","0","0"
"POINT (13.306559489000051 52.500636566000026)","Unfall 207127 (2018) Kat:3, Licht: 0","207127","3","6","2","11","13","6","0","0","1","1","0","0"
"POINT (13.436297378000063 52.458014569000056)","Unfall 207128 (2018) Kat:3, Licht: 0","207128","3","4","0","11","14","3","1","0","1","0","1","0"
"POINT (13.318251061000069 52.501497633000042)","Unfall 207129 (2018) Kat:3, Licht: 2","207129","3","1","0","11","01","6","0","2","1","0","0","0"
"POINT (13.195053727000072 52.528003943000044)","Unfall 207130 (2018) Kat:3, Licht: 0","207130","3","6","4","11","12","6","0","0","1","0","0","0"
"POINT (13.444306823000034 52.573462457000062)","Unfall 207131 (2018) Kat:3, Licht: 0","207131","3","7","0","11","12","3","1","0","0","1","0","0"
"POINT (13.358387127000071 52.553575510000030)","Unfall 207132 (2018) Kat:3, Licht: 1","207132","3","6","2","11","05","6","1","1","0","1","0","1"
"POINT (13.198168349000071 52.532819035000045)","Unfall 207133 (2018) Kat:2, Licht: 0","207133","2","2","6","11","08","3","1","0","0","1","1","0"
"POINT (13.307980956000051 52.488643507000063)","Unfall 207134 (2018) Kat:3, Licht: 0","207134","3","2","5","11","12","6","1","0","0","1","0","0"
"POINT (13.280945758000030 52.476904640000043)","Unfall 207135 (2018) Kat:3, Licht: 0","207135","3","2","5","11","12","6","1","0","0","1","0","0"
"POINT (13.432598781000024 52.469480538000028)","Unfall 207136 (2018) Kat:3, Licht: 0","207136","3","3","5","11","11","6","0","0","0","1","0","0"
"POINT (13.526656020000075 52.426486411000042)","Unfall 207137 (2018) Kat:3, Licht: 0","207137","3","2","5","11","11","6","0","0","0","1","0","0"
"POINT (13.240635648000023 52.442475562000027)","Unfall 207138 (2018) Kat:3, Licht: 0","207138","3","4","6","11","07","3","1","0","0","1","1","0"
"POINT (13.465601125000035 52.523383296000077)","Unfall 207139 (2018) Kat:3, Licht: 0","207139","3","3","5","11","10","6","0","0","0","1","0","0"
"POINT (13.378903640000033 52.492370986000026)","Unfall 207140 (2018) Kat:3, Licht: 0","207140","3","7","0","11","13","6","0","0","0","1","0","0"
"POINT (13.421120160000044 52.480212845000040)","Unfall 207141 (2018) Kat:3, Licht: 0","207141","3","1","0","11","15","1","1","0","0","1","0","0"
"POINT (13.354047602000037 52.499881575000074)","Unfall 207142 (2018) Kat:3, Licht: 2","207142","3","1","8","11","19","1","1","2","0","1","0","0"
"POINT (13.247749071000044 52.538112401000035)","Unfall 207143 (2018) Kat:3, Licht: 1","207143","3","2","5","11","19","2","0","1","0","1","0","0"
"POINT (13.383442060000050 52.551265094000030)","Unfall 207144 (2018) Kat:3, Licht: 2","207144","3","6","2","11","18","6","0","2","0","1","0","0"
"POINT (13.185128486000053 52.538001949000034)","Unfall 207145 (2018) Kat:3, Licht: 1","207145","3","2","5","11","16","2","0","1","1","1","0","0"
"POINT (13.384352067000066 52.550903914000060)","Unfall 207146 (2018) Kat:3, Licht: 2","207146","3","6","3","11","17","6","0","2","1","1","0","0"
"POINT (13.519278011000040 52.530609013000060)","Unfall 207147 (2018) Kat:3, Licht: 2","207147","3","6","2","11","17","6","0","2","0","1","0","0"
"POINT (13.367746825000040 52.499049810000031)","Unfall 207148 (2018) Kat:3, Licht: 2","207148","3","6","3","11","17","3","0","2","1","0","0","0"
"POINT (13.432890373000077 52.523342751000030)","Unfall 207149 (2018) Kat:3, Licht: 0","207149","3","2","5","11","07","3","1","0","0","1","0","1"
"POINT (13.432886371000052 52.464683227000080)","Unfall 207150 (2018) Kat:3, Licht: 0","207150","3","2","0","11","08","6","0","0","1","1","0","0"
"POINT (13.343862954000031 52.469728926000073)","Unfall 207151 (2018) Kat:3, Licht: 2","207151","3","5","1","11","18","5","0","2","1","1","0","0"
"POINT (13.363540336000028 52.556642678000060)","Unfall 207152 (2018) Kat:3, Licht: 0","207152","3","1","1","11","15","1","1","0","0","1","0","1"
"POINT (13.399786765000044 52.464303195000070)","Unfall 207153 (2018) Kat:3, Licht: 0","207153","3","3","5","11","12","2","0","0","0","1","0","0"
"POINT (13.512355454000044 52.562861572000031)","Unfall 207154 (2018) Kat:3, Licht: 2","207154","3","3","5","11","22","5","0","2","0","1","0","0"
"POINT (13.320813862000023 52.457118149000053)","Unfall 207155 (2018) Kat:3, Licht: 0","207155","3","6","2","11","14","2","0","0","0","1","0","0"
"POINT (13.364551895000034 52.562693347000049)","Unfall 207156 (2018) Kat:3, Licht: 2","207156","3","2","5","11","17","1","1","2","0","1","0","0"
"POINT (13.425959806000037 52.478043312000068)","Unfall 207157 (2018) Kat:3, Licht: 2","207157","3","5","1","11","21","5","0","2","1","1","0","0"
"POINT (13.346139810000068 52.433684375000041)","Unfall 207158 (2018) Kat:2, Licht: 2","207158","2","4","6","11","17","3","1","2","0","1","1","0"
"POINT (13.297303109000040 52.548002973000052)","Unfall 207159 (2018) Kat:3, Licht: 2","207159","3","6","2","11","19","5","0","2","0","1","0","1"
"POINT (13.386473359000036 52.549411369000040)","Unfall 207160 (2018) Kat:3, Licht: 0","207160","3","3","5","11","13","1","1","0","0","1","0","0"
"POINT (13.391595805000065 52.453162045000056)","Unfall 207161 (2018) Kat:3, Licht: 0","207161","3","3","5","11","14","3","1","0","0","1","0","0"
"POINT (13.455568231000029 52.474003911000068)","Unfall 207162 (2018) Kat:2, Licht: 2","207162","2","4","6","11","19","5","0","2","0","1","1","0"
"POINT (13.446514287000070 52.486529135000069)","Unfall 207163 (2018) Kat:3, Licht: 2","207163","3","1","0","11","19","5","0","2","1","0","0","0"
"POINT (13.385950721000029 52.485031297000035)","Unfall 207164 (2018) Kat:3, Licht: 0","207164","3","2","5","11","15","3","1","0","0","1","0","0"
"POINT (13.396603802000072 52.504685099000028)","Unfall 207165 (2018) Kat:3, Licht: 0","207165","3","6","3","11","14","5","0","0","0","1","0","1"
"POINT (13.463935657000036 52.513001609000071)","Unfall 207166 (2018) Kat:3, Licht: 0","207166","3","2","5","11","13","1","1","0","1","1","0","0"
"POINT (13.291573349000032 52.510808744000030)","Unfall 207167 (2018) Kat:3, Licht: 0","207167","3","7","5","11","10","2","0","0","1","1","0","0"
"POINT (13.503619088000050 52.423940136000056)","Unfall 207168 (2018) Kat:2, Licht: 0","207168","2","4","6","11","13","5","0","0","1","0","1","0"
"POINT (13.305165820000070 52.417788788000053)","Unfall 207169 (2018) Kat:3, Licht: 1","207169","3","2","5","11","06","2","1","1","0","1","0","0"
"POINT (13.521743426000057 52.401914680000061)","Unfall 207170 (2018) Kat:2, Licht: 0","207170","2","4","6","11","12","5","0","0","0","0","1","1"
"POINT (13.331580149000047 52.522319933000063)","Unfall 207171 (2018) Kat:3, Licht: 1","207171","3","3","5","11","16","3","1","1","0","1","0","0"
"POINT (13.400709950000078 52.510127824000051)","Unfall 207172 (2018) Kat:2, Licht: 1","207172","2","6","3","11","19","5","0","1","0","1","0","1"
"POINT (13.283044159000042 52.594213992000050)","Unfall 207173 (2018) Kat:3, Licht: 0","207173","3","3","5","11","13","1","1","0","0","1","0","0"
"POINT (13.379677805000028 52.492613084000027)","Unfall 207174 (2018) Kat:3, Licht: 0","207174","3","2","5","11","09","3","1","0","1","1","0","0"
"POINT (13.344983747000072 52.490323047000061)","Unfall 207175 (2018) Kat:3, Licht: 2","207175","3","7","5","11","19","5","0","2","1","1","0","0"
"POINT (13.275405247000037 52.478438579000056)","Unfall 207176 (2018) Kat:3, Licht: 0","207176","3","3","5","11","11","1","1","0","0","1","0","0"
"POINT (13.309212617000071 52.494323114000053)","Unfall 207177 (2018) Kat:3, Licht: 0","207177","3","4","6","11","10","5","0","0","1","0","1","0"
"POINT (13.459105039000065 52.521038070000031)","Unfall 207178 (2018) Kat:3, Licht: 2","207178","3","5","1","11","18","5","0","2","1","1","0","0"
"POINT (13.420737042000042 52.579321890000074)","Unfall 207179 (2018) Kat:3, Licht: 2","207179","3","6","0","11","19","1","0","2","0","1","0","1"
"POINT (13.410691514000064 52.552296463000062)","Unfall 207180 (2018) Kat:3, Licht: 0","207180","3","3","5","11","10","5","0","0","1","1","0","0"
"POINT (13.462244988000066 52.519901939000079)","Unfall 207181 (2018) Kat:3, Licht: 2","207181","3","6","2","11","18","5","0","2","0","1","0","0"
"POINT (13.345635351000055 52.489059677000057)","Unfall 207182 (2018) Kat:3, Licht: 0","207182","3","6","2","11","12","3","1","0","0","1","0","0"
"POINT (13.154648289000022 52.460360093000077)","Unfall 207183 (2018) Kat:3, Licht: 0","207183","3","2","5","11","09","5","0","0","1","1","0","0"
"POINT (13.234037647000036 52.538618140000040)","Unfall 207184 (2018) Kat:3, Licht: 0","207184","3","6","3","11","08","5","0","0","0","1","0","1"
"POINT (13.199817180000025 52.534525484000028)","Unfall 207185 (2018) Kat:2, Licht: 0","207185","2","2","6","11","09","1","1","0","0","1","1","0"
"POINT (13.343562394000060 52.546545373000072)","Unfall 207186 (2018) Kat:3, Licht: 0","207186","3","6","2","11","08","3","1","0","0","1","0","1"
"POINT (13.343198739000059 52.528232480000042)","Unfall 207187 (2018) Kat:3, Licht: 0","207187","3","2","0","11","08","5","0","0","1","1","0","0"
"POINT (13.381126403000053 52.555974674000026)","Unfall 207188 (2018) Kat:3, Licht: 2","207188","3","6","2","11","18","5","0","2","0","1","0","0"
"POINT (13.170889648000070 52.511297187000082)","Unfall 207189 (2018) Kat:3, Licht: 0","207189","3","6","2","11","08","5","0","0","0","1","0","0"
"POINT (13.312766834000058 52.480455707000033)","Unfall 207190 (2018) Kat:2, Licht: 0","207190","2","2","5","11","07","5","1","0","0","1","0","0"
"POINT (13.245398297000065 52.614501966000034)","Unfall 207191 (2018) Kat:3, Licht: 0","207191","3","6","2","11","07","3","1","0","0","1","0","0"
"POINT (13.418695375000027 52.392572957000027)","Unfall 207192 (2018) Kat:3, Licht: 0","207192","3","4","6","11","07","5","0","0","0","1","1","0"
"POINT (13.183180680000021 52.539826427000037)","Unfall 207193 (2018) Kat:3, Licht: 2","207193","3","2","5","11","17","5","0","2","1","1","0","0"
"POINT (13.426628933000075 52.481021868000028)","Unfall 207194 (2018) Kat:2, Licht: 0","207194","2","5","1","11","07","5","0","0","1","1","0","0"
"POINT (13.194512233000069 52.533644722000076)","Unfall 207195 (2018) Kat:3, Licht: 1","207195","3","3","5","11","07","5","0","1","1","1","0","0"
"POINT (13.457732551000049 52.528829096000038)","Unfall 207196 (2018) Kat:3, Licht: 0","207196","3","3","5","11","10","3","1","0","0","1","0","0"
"POINT (13.573392105000039 52.444473566000056)","Unfall 207197 (2018) Kat:3, Licht: 2","207197","3","6","2","11","06","5","0","2","0","1","0","0"
"POINT (13.339261956000030 52.458375991000082)","Unfall 207198 (2018) Kat:3, Licht: 2","207198","3","3","5","11","17","5","0","2","0","1","0","0"
"POINT (13.543532934000041 52.433799234000048)","Unfall 207199 (2018) Kat:3, Licht: 0","207199","3","3","5","11","09","1","1","0","1","0","0","0"
"POINT (13.436553423000078 52.493717619000051)","Unfall 207200 (2018) Kat:3, Licht: 1","207200","3","4","6","11","08","2","0","1","0","1","1","0"
"POINT (13.478642043000036 52.555876102000070)","Unfall 207201 (2018) Kat:3, Licht: 2","207201","3","2","5","11","16","5","0","2","1","1","0","0"
"POINT (13.280846743000041 52.507010155000046)","Unfall 207202 (2018) Kat:3, Licht: 1","207202","3","6","2","11","15","5","0","1","0","0","0","1"
"POINT (13.559985304000065 52.482671045000075)","Unfall 207203 (2018) Kat:3, Licht: 2","207203","3","2","5","11","16","5","0","2","1","1","0","0"
"POINT (13.550887205000038 52.438852037000061)","Unfall 207204 (2018) Kat:3, Licht: 1","207204","3","3","5","11","07","3","1","1","1","1","0","0"
"POINT (13.300078176000056 52.506754321000074)","Unfall 207205 (2018) Kat:3, Licht: 0","207205","3","1","0","11","10","5","0","0","0","0","0","1"
"POINT (13.255493604000037 52.506363959000055)","Unfall 207206 (2018) Kat:3, Licht: 0","207206","3","7","6","11","09","1","1","0","1","0","1","0"
"POINT (13.330908471000043 52.503802392000068)","Unfall 207207 (2018) Kat:2, Licht: 2","207207","2","4","6","11","17","2","0","2","0","1","1","0"
"POINT (13.250532703000033 52.452018246000080)","Unfall 207208 (2018) Kat:2, Licht: 2","207208","2","2","5","11","16","5","1","2","0","1","0","1"
"POINT (13.259873013000060 52.433798672000080)","Unfall 207209 (2018) Kat:2, Licht: 1","207209","2","4","6","11","14","2","0","1","1","0","1","0"
"POINT (13.445503030000054 52.501640964000046)","Unfall 207210 (2018) Kat:3, Licht: 2","207210","3","7","5","11","02","1","0","2","0","1","0","0"
"POINT (13.299752888000057 52.519283098000074)","Unfall 207211 (2018) Kat:3, Licht: 0","207211","3","4","6","11","13","2","1","0","1","0","1","0"
"POINT (13.445971474000032 52.502005067000027)","Unfall 207212 (2018) Kat:3, Licht: 2","207212","3","7","3","11","16","5","0","2","1","1","0","0"
"POINT (13.485317517000055 52.526611736000064)","Unfall 207213 (2018) Kat:3, Licht: 0","207213","3","2","5","11","08","2","1","0","1","0","0","0"
"POINT (13.602570187000026 52.510356614000045)","Unfall 207214 (2018) Kat:3, Licht: 1","207214","3","3","0","11","16","5","0","1","0","0","0","0"
"POINT (13.301470439000070 52.495109688000070)","Unfall 207215 (2018) Kat:3, Licht: 2","207215","3","2","0","11","19","3","1","2","1","1","0","0"
"POINT (13.321440694000046 52.607359379000059)","Unfall 207216 (2018) Kat:3, Licht: 0","207216","3","6","2","11","15","5","0","0","0","1","0","0"
"POINT (13.283775852000076 52.518689280000046)","Unfall 207217 (2018) Kat:3, Licht: 0","207217","3","6","2","11","15","1","1","0","0","1","0","0"
"POINT (13.332920837000074 52.577898963000052)","Unfall 207218 (2018) Kat:3, Licht: 1","207218","3","1","0","11","06","3","1","1","0","0","0","1"
"POINT (13.369990331000054 52.559758900000077)","Unfall 207219 (2018) Kat:3, Licht: 0","207219","3","2","2","11","15","5","0","0","0","1","0","0"
"POINT (13.379878522000070 52.436235474000057)","Unfall 207220 (2018) Kat:3, Licht: 0","207220","3","7","0","11","12","1","1","0","0","0","0","1"
"POINT (13.497223344000076 52.520398731000057)","Unfall 207221 (2018) Kat:2, Licht: 2","207221","2","5","1","11","18","1","1","2","0","1","0","1"
"POINT (13.499714565000033 52.525341647000062)","Unfall 207222 (2018) Kat:3, Licht: 0","207222","3","6","2","11","14","5","0","0","0","0","0","0"
"POINT (13.412814866000076 52.382825461000039)","Unfall 207223 (2018) Kat:3, Licht: 2","207223","3","6","2","11","05","2","1","2","0","1","0","0"
"POINT (13.417119828000068 52.583921653000061)","Unfall 207224 (2018) Kat:3, Licht: 2","207224","3","2","5","11","18","5","0","2","0","1","0","0"
"POINT (13.421252583000069 52.491020443000082)","Unfall 207225 (2018) Kat:3, Licht: 0","207225","3","7","2","11","13","3","1","0","0","1","0","1"
"POINT (13.419677328000034 52.501816985000062)","Unfall 207226 (2018) Kat:3, Licht: 2","207226","3","4","6","11","01","5","0","2","1","0","1","0"
"POINT (13.444647687000042 52.500881042000060)","Unfall 207227 (2018) Kat:3, Licht: 0","207227","3","1","9","11","10","1","1","0","0","1","0","0"
"POINT (13.193641783000032 52.533813394000049)","Unfall 207228 (2018) Kat:3, Licht: 2","207228","3","6","2","11","17","5","0","2","0","1","0","0"
"POINT (13.286680269000044 52.518718318000026)","Unfall 207229 (2018) Kat:3, Licht: 2","207229","3","2","6","11","16","3","1","2","0","1","1","0"
"POINT (13.330672868000022 52.453372920000049)","Unfall 207230 (2018) Kat:3, Licht: 2","207230","3","6","0","11","18","4","0","2","0","1","0","0"
"POINT (13.475388056000043 52.501995847000046)","Unfall 207231 (2018) Kat:2, Licht: 0","207231","2","1","0","11","13","1","1","0","1","0","0","0"
"POINT (13.365722399000049 52.557132661000026)","Unfall 207232 (2018) Kat:3, Licht: 0","207232","3","2","5","11","13","3","1","0","1","1","0","0"