WKT,Name,OBJECTID,UKATEGORIE,UTYP1,UART,UMONAT,USTUNDE,UWOCHENTAG,STRZUSTAND,ULICHTVERH,ISTRAD,ISTPKW,ISTFUSS,ISTKRAD
"POINT (13.434911573000022 52.498373904000061)","Unfall 207233 (2018) Kat:3, Licht: 2","207233","3","7","0","11","22","4","0","2","1","0","0","0"
"POINT (13.338554283000065 52.466696403000071)","Unfall 207234 (2018) Kat:3, Licht: 2","207234","3","2","5","11","22","1","0","2","1","1","0","0"
"POINT (13.508371178000061 52.548655758000052)","Unfall 207235 (2018) Kat:2, Licht: 2","207235","2","1","0","11","21","4","0","2","1","0","0","0"
"POINT (13.162191212000039 52.520177066000031)","Unfall 207236 (2018) Kat:3, Licht: 0","207236","3","6","2","11","14","1","1","0","0","1","0","0"
"POINT (13.532526704000077 52.510487828000066)","Unfall 207237 (2018) Kat:3, Licht: 2","207237","3","3","5","11","20","1","1","2","0","1","0","0"
"POINT (13.428360756000075 52.486843581000073)","Unfall 207238 (2018) Kat:3, Licht: 2","207238","3","5","1","11","21","4","0","2","1","1","0","0"
"POINT (13.303775830000063 52.458632044000069)","Unfall 207239 (2018) Kat:3, Licht: 1","207239","3","3","5","11","20","4","0","1","0","1","0","0"
"POINT (13.359484279000071 52.484525409000071)","Unfall 207240 (2018) Kat:2, Licht: 0","207240","2","1","0","11","12","3","1","0","1","0","0","0"
"POINT (13.276885584000070 52.432714642000064)","Unfall 207241 (2018) Kat:2, Licht: 2","207241","2","3","5","11","20","4","0","2","0","1","0","0"
"POINT (13.295023207000042 52.444356386000038)","Unfall 207242 (2018) Kat:3, Licht: 2","207242","3","4","6","11","18","4","0","2","1","0","1","0"
"POINT (13.584347086000037 52.455394584000032)","Unfall 207243 (2018) Kat:2, Licht: 2","207243","2","4","6","11","19","7","0","2","0","1","1","0"
"POINT (13.392657976000066 52.412792683000077)","Unfall 207244 (2018) Kat:3, Licht: 2","207244","3","2","6","11","17","3","1","2","0","1","1","0"
"POINT (13.203304239000033 52.521135503000039)","Unfall 207245 (2018) Kat:3, Licht: 2","207245","3","2","6","11","17","4","0","2","0","1","1","0"
"POINT (13.349085737000053 52.470244078000064)","Unfall 207246 (2018) Kat:3, Licht: 2","207246","3","1","1","11","18","7","0","2","0","1","0","0"
"POINT (13.197531891000040 52.532074990000069)","Unfall 207247 (2018) Kat:3, Licht: 2","207247","3","2","0","11","17","4","0","2","0","1","0","0"
"POINT (13.452555642000050 52.562945652000053)","Unfall 207248 (2018) Kat:3, Licht: 0","207248","3","5","5","11","08","3","1","0","0","1","0","0"
"POINT (13.330467033000048 52.495503622000058)","Unfall 207249 (2018) Kat:3, Licht: 1","207249","3","7","2","11","16","4","0","1","0","1","0","1"
"POINT (13.562078646000032 52.424438358000032)","Unfall 207250 (2018) Kat:3, Licht: 2","207250","3","2","4","11","18","1","1","2","0","1","0","0"
"POINT (13.409758361000058 52.387233440000045)","Unfall 207251 (2018) Kat:3, Licht: 1","207251","3","2","6","11","16","4","0","1","0","0","1","0"
"POINT (13.409090226000046 52.516281277000076)","Unfall 207252 (2018) Kat:3, Licht: 0","207252","3","6","2","11","15","4","0","0","0","1","0","0"
"POINT (13.457661348000045 52.486323324000068)","Unfall 207253 (2018) Kat:3, Licht: 1","207253","3","6","2","11","15","4","0","1","1","1","0","0"
"POINT (13.462344712000061 52.432626487000050)","Unfall 207254 (2018) Kat:3, Licht: 0","207254","3","3","5","11","07","3","1","0","0","1","0","0"
"POINT (13.328228550000063 52.521499207000033)","Unfall 207255 (2018) Kat:3, Licht: 0","207255","3","7","5","11","15","4","0","0","0","1","0","0"
"POINT (13.347197095000070 52.520106815000076)","Unfall 207256 (2018) Kat:3, Licht: 0","207256","3","6","2","11","07","4","1","0","1","1","0","0"
"POINT (13.555093043000056 52.440478384000073)","Unfall 207257 (2018) Kat:3, Licht: 0","207257","3","3","0","11","15","1","0","0","1","1","0","0"
"POINT (13.307574855000041 52.510109820000082)","Unfall 207258 (2018) Kat:3, Licht: 2","207258","3","3","0","11","19","2","0","2","1","0","0","0"
"POINT (13.416332109000052 52.398364308000055)","Unfall 207259 (2018) Kat:2, Licht: 0","207259","2","3","5","11","15","4","0","0","0","0","0","1"
"POINT (13.385734525000032 52.493422318000057)","Unfall 207260 (2018) Kat:3, Licht: 0","207260","3","7","2","11","07","2","0","0","0","1","0","0"
"POINT (13.305241542000033 52.464602628000080)","Unfall 207261 (2018) Kat:3, Licht: 0","207261","3","3","5","11","07","4","1","0","1","1","0","0"
"POINT (13.322071046000076 52.473538604000055)","Unfall 207262 (2018) Kat:3, Licht: 0","207262","3","3","5","11","07","4","0","0","1","1","0","0"
"POINT (13.348218345000078 52.458927528000061)","Unfall 207263 (2018) Kat:3, Licht: 2","207263","3","6","2","11","18","3","0","2","0","1","0","0"
"POINT (13.351535127000034 52.504661987000077)","Unfall 207264 (2018) Kat:3, Licht: 1","207264","3","6","2","11","07","3","1","1","0","1","0","0"
"POINT (13.490115417000027 52.493509406000044)","Unfall 207265 (2018) Kat:2, Licht: 0","207265","2","2","5","11","07","4","0","0","1","0","0","0"
"POINT (13.314005956000074 52.480908736000060)","Unfall 207266 (2018) Kat:3, Licht: 0","207266","3","7","5","11","07","4","0","0","1","1","0","0"
"POINT (13.386569712000039 52.553235749000066)","Unfall 207267 (2018) Kat:3, Licht: 2","207267","3","5","1","11","23","7","0","2","1","1","0","0"
"POINT (13.381167472000072 52.552201320000052)","Unfall 207268 (2018) Kat:2, Licht: 2","207268","2","2","6","11","17","2","1","2","0","1","1","0"
"POINT (13.326511435000043 52.421183148000068)","Unfall 207269 (2018) Kat:2, Licht: 0","207269","2","3","5","11","07","4","1","0","0","1","0","0"
"POINT (13.505533843000023 52.447736547000034)","Unfall 207270 (2018) Kat:3, Licht: 0","207270","3","4","6","11","07","2","0","0","1","0","1","0"
"POINT (13.395329317000062 52.539025458000026)","Unfall 207271 (2018) Kat:3, Licht: 1","207271","3","1","0","11","16","1","1","1","0","0","0","1"
"POINT (13.351139587000034 52.492069894000053)","Unfall 207272 (2018) Kat:2, Licht: 0","207272","2","3","5","11","14","4","0","0","0","1","0","0"
"POINT (13.182427034000057 52.538532454000062)","Unfall 207273 (2018) Kat:3, Licht: 2","207273","3","2","5","11","17","3","1","2","1","1","0","0"
"POINT (13.517951266000068 52.535389986000041)","Unfall 207274 (2018) Kat:3, Licht: 0","207274","3","6","2","11","13","4","0","0","0","1","0","0"
"POINT (13.402562519000071 52.528153375000045)","Unfall 207275 (2018) Kat:3, Licht: 2","207275","3","6","2","11","23","7","0","2","0","1","0","0"
"POINT (13.308085984000058 52.484009590000028)","Unfall 207276 (2018) Kat:3, Licht: 0","207276","3","6","2","11","14","3","1","0","0","1","0","0"
"POINT (13.240308814000059 52.511859542000082)","Unfall 207277 (2018) Kat:3, Licht: 0","207277","3","2","5","11","13","4","0","0","0","1","0","0"
"POINT (13.428067266000028 52.460042897000051)","Unfall 207278 (2018) Kat:3, Licht: 2","207278","3","2","6","11","22","7","0","2","0","1","1","0"
"POINT (13.380822255000055 52.516395535000072)","Unfall 207279 (2018) Kat:2, Licht: 0","207279","2","2","5","11","12","4","0","0","1","1","0","0"
"POINT (13.505956806000029 52.534734396000033)","Unfall 207280 (2018) Kat:3, Licht: 0","207280","3","6","2","11","16","2","0","0","0","1","0","0"
"POINT (13.354253419000031 52.444237194000038)","Unfall 207281 (2018) Kat:3, Licht: 2","207281","3","2","2","11","16","3","1","2","0","1","0","0"
"POINT (13.381154064000043 52.552484544000038)","Unfall 207282 (2018) Kat:3, Licht: 0","207282","3","6","2","11","11","4","0","0","0","1","0","1"
"POINT (13.314897094000059 52.503195588000040)","Unfall 207283 (2018) Kat:3, Licht: 0","207283","3","5","1","11","10","2","0","0","1","1","0","0"
"POINT (13.514956051000070 52.557290708000039)","Unfall 207284 (2018) Kat:3, Licht: 0","207284","3","2","5","11","11","4","0","0","0","1","0","0"
"POINT (13.178033513000059 52.516863661000059)","Unfall 207285 (2018) Kat:2, Licht: 0","207285","2","3","5","11","07","2","1","0","0","1","0","1"
"POINT (13.330497609000076 52.571155886000042)","Unfall 207286 (2018) Kat:2, Licht: 0","207286","2","4","6","11","10","4","0","0","0","1","1","0"
"POINT (13.394733435000035 52.465469749000079)","Unfall 207287 (2018) Kat:3, Licht: 2","207287","3","2","6","11","16","3","1","2","0","1","1","0"
"POINT (13.442402041000037 52.540018393000082)","Unfall 207288 (2018) Kat:3, Licht: 0","207288","3","6","2","11","10","4","1","0","0","1","0","0"
"POINT (13.315185122000059 52.514723482000079)","Unfall 207289 (2018) Kat:3, Licht: 0","207289","3","7","5","11","09","3","1","0","0","1","0","0"
"POINT (13.380736853000030 52.522770414000036)","Unfall 207290 (2018) Kat:3, Licht: 0","207290","3","7","5","11","10","4","0","0","1","1","0","0"
"POINT (13.297266016000037 52.526217693000035)","Unfall 207291 (2018) Kat:3, Licht: 0","207291","3","2","5","11","10","4","0","0","1","0","0","0"
"POINT (13.290978974000041 52.503430316000049)","Unfall 207292 (2018) Kat:3, Licht: 0","207292","3","3","5","11","09","4","0","0","0","1","0","0"
"POINT (13.299954713000034 52.504878140000073)","Unfall 207293 (2018) Kat:2, Licht: 0","207293","2","2","5","11","08","4","0","0","0","1","0","1"
"POINT (13.443100193000078 52.614633634000029)","Unfall 207294 (2018) Kat:3, Licht: 0","207294","3","6","2","11","11","3","1","0","0","1","0","0"
"POINT (13.402454645000034 52.511879639000028)","Unfall 207295 (2018) Kat:3, Licht: 0","207295","3","2","5","11","08","4","0","0","1","1","0","0"
"POINT (13.302241412000058 52.518757263000055)","Unfall 207296 (2018) Kat:3, Licht: 0","207296","3","7","5","11","08","4","0","0","1","1","0","0"
"POINT (13.331481381000060 52.512180259000047)","Unfall 207297 (2018) Kat:3, Licht: 0","207297","3","7","6","11","07","4","1","0","0","1","1","0"
"POINT (13.204365659000075 52.530279627000027)","Unfall 207298 (2018) Kat:3, Licht: 0","207298","3","6","2","11","12","3","1","0","0","1","0","0"
"POINT (13.539865384000052 52.396690099000068)","Unfall 207299 (2018) Kat:3, Licht: 0","207299","3","1","0","11","07","4","1","0","0","0","0","1"
"POINT (13.394517641000050 52.491408086000035)","Unfall 207300 (2018) Kat:3, Licht: 1","207300","3","2","6","11","06","4","0","1","0","1","1","0"
"POINT (13.348922179000056 52.458043490000080)","Unfall 207301 (2018) Kat:3, Licht: 0","207301","3","6","2","11","08","3","1","0","0","1","0","0"
"POINT (13.450609747000044 52.489193082000043)","Unfall 207302 (2018) Kat:3, Licht: 2","207302","3","2","2","11","05","4","1","2","1","1","0","0"
"POINT (13.428033468000024 52.501227759000074)","Unfall 207303 (2018) Kat:3, Licht: 0","207303","3","6","3","11","10","4","0","0","1","1","0","0"
"POINT (13.294303182000021 52.506839630000059)","Unfall 207304 (2018) Kat:3, Licht: 0","207304","3","1","8","11","14","4","0","0","0","1","0","0"
"POINT (13.320487658000047 52.477410250000048)","Unfall 207305 (2018) Kat:2, Licht: 0","207305","2","1","0","11","08","4","1","0","1","0","0","0"
"POINT (13.291424153000037 52.607044269000028)","Unfall 207306 (2018) Kat:3, Licht: 0","207306","3","3","5","11","07","3","1","0","1","1","0","0"
"POINT (13.197346142000072 52.560633044000042)","Unfall 207307 (2018) Kat:3, Licht: 2","207307","3","6","0","11","19","3","0","2","0","0","0","0"
"POINT (13.614377037000054 52.532262149000076)","Unfall 207308 (2018) Kat:3, Licht: 0","207308","3","3","5","11","21","3","0","0","1","0","0","0"
"POINT (13.540128110000069 52.525664725000070)","Unfall 207309 (2018) Kat:2, Licht: 2","207309","2","2","5","11","18","1","1","2","1","1","0","0"
"POINT (13.499550244000034 52.522812842000064)","Unfall 207310 (2018) Kat:3, Licht: 2","207310","3","2","2","11","18","2","1","2","1","1","0","0"
"POINT (13.475313778000043 52.502805456000033)","Unfall 207311 (2018) Kat:3, Licht: 0","207311","3","3","0","11","09","3","0","0","1","1","0","0"
"POINT (13.393543710000074 52.526263273000040)","Unfall 207312 (2018) Kat:3, Licht: 0","207312","3","3","5","11","08","2","0","0","1","1","0","0"
"POINT (13.415494831000046 52.527032707000046)","Unfall 207313 (2018) Kat:3, Licht: 2","207313","3","1","0","11","19","3","0","2","0","0","0","1"
"POINT (13.328170791000048 52.535207666000076)","Unfall 207314 (2018) Kat:3, Licht: 0","207314","3","6","3","11","11","3","1","0","0","1","0","0"
"POINT (13.428052817000037 52.481175357000041)","Unfall 207315 (2018) Kat:2, Licht: 2","207315","2","1","2","11","19","3","0","2","0","1","0","1"
"POINT (13.211763172000076 52.527396860000067)","Unfall 207316 (2018) Kat:3, Licht: 2","207316","3","2","5","11","18","3","0","2","1","0","0","0"
"POINT (13.328837406000048 52.500569455000061)","Unfall 207317 (2018) Kat:3, Licht: 2","207317","3","7","0","11","18","3","0","2","0","1","0","1"
"POINT (13.457115841000075 52.503072283000051)","Unfall 207318 (2018) Kat:3, Licht: 1","207318","3","6","2","11","07","3","1","1","0","1","0","1"
"POINT (13.350110565000023 52.503183670000055)","Unfall 207319 (2018) Kat:3, Licht: 2","207319","3","2","5","11","18","3","0","2","1","0","0","1"
"POINT (13.516045744000053 52.505825902000026)","Unfall 207320 (2018) Kat:3, Licht: 0","207320","3","4","6","11","12","2","1","0","0","1","1","0"
"POINT (13.185583956000073 52.551667609000049)","Unfall 207321 (2018) Kat:3, Licht: 0","207321","3","6","2","11","07","2","0","0","0","1","0","0"
"POINT (13.352901054000029 52.551120032000028)","Unfall 207322 (2018) Kat:3, Licht: 0","207322","3","6","2","11","16","1","1","0","0","1","0","0"
"POINT (13.511950735000028 52.565945190000036)","Unfall 207323 (2018) Kat:3, Licht: 0","207323","3","6","2","11","10","3","0","0","0","1","0","0"
"POINT (13.205965660000061 52.539503508000053)","Unfall 207324 (2018) Kat:3, Licht: 1","207324","3","6","3","11","15","3","1","1","1","0","0","0"
"POINT (13.322103269000024 52.429304148000028)","Unfall 207325 (2018) Kat:3, Licht: 2","207325","3","7","4","11","17","5","0","2","1","0","0","0"
"POINT (13.607829376000041 52.529817224000055)","Unfall 207326 (2018) Kat:3, Licht: 0","207326","3","2","0","11","12","1","0","0","0","0","1","1"
"POINT (13.416939044000060 52.492507788000069)","Unfall 207327 (2018) Kat:3, Licht: 0","207327","3","2","5","11","08","4","0","0","1","1","0","0"
"POINT (13.387605715000063 52.533385516000067)","Unfall 207328 (2018) Kat:3, Licht: 2","207328","3","2","5","11","20","1","0","2","1","1","0","0"
"POINT (13.277291980000030 52.510740219000070)","Unfall 207329 (2018) Kat:3, Licht: 2","207329","3","3","5","11","19","4","0","2","0","1","0","0"
"POINT (13.299713212000029 52.473421486000063)","Unfall 207330 (2018) Kat:2, Licht: 0","207330","2","2","5","11","12","1","0","0","1","1","0","0"
"POINT (13.490407158000039 52.498547666000036)","Unfall 207331 (2018) Kat:3, Licht: 0","207331","3","6","2","11","10","4","0","0","1","0","0","0"
"POINT (13.504898176000040 52.468065467000031)","Unfall 207332 (2018) Kat:3, Licht: 0","207332","3","3","5","11","10","1","0","0","0","1","0","0"
"POINT (13.380388917000062 52.529816023000080)","Unfall 207333 (2018) Kat:3, Licht: 0","207333","3","2","5","11","07","4","0","0","1","1","0","0"
"POINT (13.394103111000049 52.491490521000060)","Unfall 207334 (2018) Kat:3, Licht: 0","207334","3","1","0","11","08","5","0","0","0","1","0","1"
"POINT (13.477964114000031 52.530427628000041)","Unfall 207335 (2018) Kat:3, Licht: 0","207335","3","5","1","11","08","1","0","0","0","1","0","0"
"POINT (13.322522267000068 52.456508379000070)","Unfall 207336 (2018) Kat:3, Licht: 0","207336","3","4","6","11","07","4","0","0","0","1","1","0"
"POINT (13.415378917000055 52.522712452000064)","Unfall 207337 (2018) Kat:3, Licht: 2","207337","3","4","6","11","01","1","0","2","0","1","1","0"
"POINT (13.293630670000027 52.445770269000036)","Unfall 207338 (2018) Kat:3, Licht: 0","207338","3","2","2","11","06","4","0","0","0","1","0","0"
"POINT (13.582071924000047 52.442373990000078)","Unfall 207339 (2018) Kat:3, Licht: 2","207339","3","5","1","11","22","1","1","2","0","1","0","0"
"POINT (13.376996945000030 52.556796014000042)","Unfall 207340 (2018) Kat:3, Licht: 0","207340","3","6","2","11","13","6","0","0","0","1","0","0"
"POINT (13.330631693000043 52.562573721000035)","Unfall 207341 (2018) Kat:3, Licht: 2","207341","3","2","5","11","22","1","1","2","0","1","0","0"
"POINT (13.383996332000038 52.419648715000051)","Unfall 207342 (2018) Kat:2, Licht: 0","207342","2","1","1","11","06","4","0","0","0","1","0","1"
"POINT (13.351046763000056 52.529808107000065)","Unfall 207343 (2018) Kat:3, Licht: 1","207343","3","3","5","11","17","1","1","1","0","1","0","1"
"POINT (13.427243527000030 52.487240721000035)","Unfall 207344 (2018) Kat:3, Licht: 2","207344","3","5","1","11","18","1","1","2","1","1","0","0"
"POINT (13.344547190000071 52.437835506000056)","Unfall 207345 (2018) Kat:3, Licht: 0","207345","3","2","0","11","11","4","0","0","0","1","0","0"
"POINT (13.446459345000051 52.502751880000062)","Unfall 207346 (2018) Kat:2, Licht: 2","207346","2","2","5","11","04","5","0","2","0","1","0","0"
"POINT (13.414770234000059 52.553859529000079)","Unfall 207347 (2018) Kat:3, Licht: 2","207347","3","2","2","11","18","1","1","2","1","1","0","0"
"POINT (13.281270793000033 52.499404799000047)","Unfall 207348 (2018) Kat:3, Licht: 2","207348","3","6","3","11","19","1","0","2","0","1","0","0"
"POINT (13.396843971000067 52.532466388000046)","Unfall 207349 (2018) Kat:3, Licht: 2","207349","3","5","1","11","20","3","0","2","1","1","0","0"
"POINT (13.198802549000050 52.434380408000038)","Unfall 207350 (2018) Kat:2, Licht: 2","207350","2","1","0","11","20","1","1","2","0","1","0","0"
"POINT (13.349803866000059 52.489566500000080)","Unfall 207351 (2018) Kat:2, Licht: 2","207351","2","6","3","11","03","7","0","2","1","0","0","0"
"POINT (13.208758306000050 52.510664100000042)","Unfall 207352 (2018) Kat:3, Licht: 0","207352","3","2","5","11","15","3","0","0","0","1","0","0"
"POINT (13.338394148000077 52.525462137000034)","Unfall 207353 (2018) Kat:3, Licht: 2","207353","3","5","2","11","17","7","0","2","0","1","0","0"
"POINT (13.591412583000022 52.534674933000076)","Unfall 207354 (2018) Kat:2, Licht: 1","207354","2","4","6","11","07","6","1","1","0","1","1","0"
"POINT (13.526772710000046 52.437666274000037)","Unfall 207355 (2018) Kat:3, Licht: 1","207355","3","3","5","11","07","7","0","1","1","1","0","0"
"POINT (13.391336836000050 52.550356688000079)","Unfall 207356 (2018) Kat:3, Licht: 2","207356","3","2","5","11","17","4","0","2","0","1","0","0"
"POINT (13.299938695000037 52.521580552000046)","Unfall 207357 (2018) Kat:2, Licht: 2","207357","2","1","9","11","20","7","0","2","0","1","0","0"
"POINT (13.377236394000022 52.553651262000074)","Unfall 207358 (2018) Kat:2, Licht: 2","207358","2","2","6","11","20","7","0","2","0","1","1","0"
"POINT (13.377708902000052 52.507800860000032)","Unfall 207359 (2018) Kat:3, Licht: 2","207359","3","2","2","11","19","4","1","2","1","1","0","0"
"POINT (13.314667527000040 52.490455022000049)","Unfall 207360 (2018) Kat:3, Licht: 0","207360","3","5","1","11","12","7","0","0","1","1","0","0"
"POINT (13.553285791000064 52.469577515000026)","Unfall 207361 (2018) Kat:3, Licht: 0","207361","3","2","2","11","11","7","0","0","0","1","0","0"
"POINT (13.450488015000076 52.527263864000076)","Unfall 207362 (2018) Kat:1, Licht: 2","207362","1","4","6","11","17","3","0","2","0","0","1","0"
"POINT (13.299665849000064 52.519789150000065)","Unfall 207363 (2018) Kat:3, Licht: 0","207363","3","2","5","11","11","7","0","0","1","1","0","0"
"POINT (13.345235141000046 52.436815270000068)","Unfall 207364 (2018) Kat:3, Licht: 0","207364","3","7","0","11","11","7","0","0","0","1","0","0"
"POINT (13.184562386000039 52.515547982000044)","Unfall 207365 (2018) Kat:2, Licht: 2","207365","2","2","5","11","22","3","0","2","0","1","0","0"
"POINT (13.414150533000054 52.498681975000068)","Unfall 207366 (2018) Kat:3, Licht: 0","207366","3","3","5","11","10","7","0","0","0","0","0","1"
"POINT (13.380317354000056 52.532772262000037)","Unfall 207367 (2018) Kat:3, Licht: 2","207367","3","5","1","11","19","5","0","2","0","1","0","0"
"POINT (13.267625293000037 52.445995687000050)","Unfall 207368 (2018) Kat:3, Licht: 0","207368","3","3","5","11","10","7","0","0","0","1","0","0"
"POINT (13.422791745000040 52.537251641000069)","Unfall 207369 (2018) Kat:3, Licht: 0","207369","3","6","2","11","09","4","0","0","1","0","0","0"
"POINT (13.410489770000027 52.604181303000075)","Unfall 207370 (2018) Kat:3, Licht: 2","207370","3","7","0","11","06","7","0","2","0","1","0","0"
"POINT (13.403453393000063 52.493860407000057)","Unfall 207371 (2018) Kat:3, Licht: 2","207371","3","2","5","11","21","3","0","2","1","1","0","0"
"POINT (13.452606321000076 52.520677639000041)","Unfall 207372 (2018) Kat:3, Licht: 2","207372","3","1","1","11","00","7","0","2","0","1","0","1"
"POINT (13.410231464000049 52.566993827000033)","Unfall 207373 (2018) Kat:3, Licht: 2","207373","3","3","5","11","20","7","0","2","1","1","0","0"
"POINT (13.404247617000067 52.581483350000042)","Unfall 207374 (2018) Kat:2, Licht: 2","207374","2","2","6","11","21","3","0","2","0","1","1","0"
"POINT (13.328811927000061 52.480672175000052)","Unfall 207375 (2018) Kat:3, Licht: 2","207375","3","1","9","11","18","7","0","2","0","1","0","0"
"POINT (13.508643580000069 52.451927771000044)","Unfall 207376 (2018) Kat:3, Licht: 0","207376","3","6","3","11","15","7","0","0","0","1","0","0"
"POINT (13.247740516000022 52.538180687000079)","Unfall 207377 (2018) Kat:3, Licht: 2","207377","3","3","5","11","21","3","0","2","0","1","0","0"
"POINT (13.484163639000030 52.547329649000062)","Unfall 207378 (2018) Kat:3, Licht: 0","207378","3","5","1","11","15","7","0","0","0","1","0","0"
"POINT (13.322374275000072 52.513255405000052)","Unfall 207379 (2018) Kat:3, Licht: 1","207379","3","1","9","11","21","3","0","1","0","0","0","1"
"POINT (13.332316843000058 52.455941191000079)","Unfall 207380 (2018) Kat:3, Licht: 2","207380","3","3","5","11","16","5","0","2","1","1","0","0"
"POINT (13.436044468000034 52.448669672000051)","Unfall 207381 (2018) Kat:3, Licht: 0","207381","3","6","2","11","14","7","0","0","0","1","0","0"
"POINT (13.300139001000048 52.465159391000043)","Unfall 207382 (2018) Kat:3, Licht: 2","207382","3","3","0","11","19","3","0","2","0","1","0","1"
"POINT (13.397554374000038 52.495259027000031)","Unfall 207383 (2018) Kat:3, Licht: 0","207383","3","3","5","11","13","7","0","0","0","1","0","0"
"POINT (13.391358510000032 52.420457525000074)","Unfall 207384 (2018) Kat:3, Licht: 2","207384","3","3","5","11","18","3","0","2","0","1","0","1"
"POINT (13.337415599000053 52.558632066000030)","Unfall 207385 (2018) Kat:3, Licht: 0","207385","3","7","5","11","13","7","1","0","0","1","0","0"
"POINT (13.259419102000038 52.512395153000057)","Unfall 207386 (2018) Kat:3, Licht: 0","207386","3","6","4","11","13","6","0","0","1","1","0","0"
"POINT (13.386378289000049 52.490076100000067)","Unfall 207387 (2018) Kat:3, Licht: 2","207387","3","2","6","11","18","3","0","2","0","0","1","0"
"POINT (13.399690010000029 52.414053240000044)","Unfall 207388 (2018) Kat:3, Licht: 0","207388","3","3","5","11","07","5","0","0","0","1","0","0"
"POINT (13.379812165000033 52.551177153000026)","Unfall 207389 (2018) Kat:3, Licht: 2","207389","3","6","2","11","17","6","0","2","0","1","0","0"
"POINT (13.376932937000049 52.462406328000043)","Unfall 207390 (2018) Kat:3, Licht: 2","207390","3","6","2","11","17","3","0","2","0","1","0","0"
"POINT (13.410288366000032 52.503785983000057)","Unfall 207391 (2018) Kat:3, Licht: 2","207391","3","3","5","11","19","6","0","2","1","1","0","0"
"POINT (13.331324510000059 52.503661544000067)","Unfall 207392 (2018) Kat:3, Licht: 2","207392","3","3","0","11","17","3","1","2","0","1","0","0"
"POINT (13.353189253000039 52.551272309000069)","Unfall 207393 (2018) Kat:2, Licht: 0","207393","2","6","3","11","09","5","0","0","0","0","0","1"
"POINT (13.243230488000052 52.543801692000045)","Unfall 207394 (2018) Kat:3, Licht: 1","207394","3","2","5","11","16","6","0","1","0","1","0","1"
"POINT (13.411254514000063 52.523949382000069)","Unfall 207395 (2018) Kat:3, Licht: 2","207395","3","6","2","11","17","3","0","2","0","1","0","1"
"POINT (13.399074343000052 52.565761754000050)","Unfall 207396 (2018) Kat:3, Licht: 0","207396","3","5","1","11","08","6","0","0","1","1","0","0"
"POINT (13.462413332000040 52.510862985000074)","Unfall 207397 (2018) Kat:3, Licht: 2","207397","3","5","1","11","17","3","0","2","1","1","0","0"
"POINT (13.346132346000047 52.494340958000066)","Unfall 207398 (2018) Kat:3, Licht: 2","207398","3","2","6","11","18","6","0","2","0","1","1","0"
"POINT (13.472792641000069 52.512064574000078)","Unfall 207399 (2018) Kat:3, Licht: 0","207399","3","3","5","11","14","6","0","0","1","0","0","0"
"POINT (13.302151996000077 52.626568279000026)","Unfall 207400 (2018) Kat:2, Licht: 2","207400","2","3","5","11","17","6","0","2","0","1","0","1"
"POINT (13.499237683000047 52.522891839000067)","Unfall 207401 (2018) Kat:3, Licht: 0","207401","3","6","3","11","08","3","0","0","1","0","0","0"
"POINT (13.293710837000049 52.536315284000068)","Unfall 207402 (2018) Kat:2, Licht: 2","207402","2","1","0","11","20","4","1","2","1","0","0","0"
"POINT (13.394659549000039 52.407479041000045)","Unfall 207403 (2018) Kat:2, Licht: 2","207403","2","7","1","11","17","6","0","2","0","1","0","0"
"POINT (13.326062569000044 52.564507449000075)","Unfall 207404 (2018) Kat:3, Licht: 2","207404","3","5","1","11","16","6","0","2","1","1","0","0"
"POINT (13.348330815000054 52.542925064000030)","Unfall 207405 (2018) Kat:3, Licht: 0","207405","3","6","3","11","07","3","0","0","0","1","0","0"
"POINT (13.379607190000058 52.503201999000055)","Unfall 207406 (2018) Kat:3, Licht: 1","207406","3","4","0","11","15","6","0","1","0","1","1","0"
"POINT (13.382726365000053 52.452481185000067)","Unfall 207407 (2018) Kat:3, Licht: 1","207407","3","7","2","11","16","6","0","1","0","1","0","0"
"POINT (13.514124079000055 52.446489447000033)","Unfall 207408 (2018) Kat:3, Licht: 1","207408","3","2","5","11","07","3","0","1","1","1","0","0"
"POINT (13.404201666000063 52.515198267000073)","Unfall 207409 (2018) Kat:3, Licht: 0","207409","3","5","1","11","08","6","0","0","1","1","0","0"
"POINT (13.204279314000075 52.530322701000046)","Unfall 207410 (2018) Kat:3, Licht: 0","207410","3","1","8","11","12","6","0","0","0","1","0","0"
"POINT (13.556124206000050 52.570318947000032)","Unfall 207411 (2018) Kat:2, Licht: 2","207411","2","4","6","11","06","3","1","2","0","1","1","0"
"POINT (13.443920908000052 52.425765382000066)","Unfall 207412 (2018) Kat:3, Licht: 0","207412","3","6","2","11","11","6","0","0","0","1","0","0"
"POINT (13.425592330000029 52.487669919000041)","Unfall 207413 (2018) Kat:3, Licht: 2","207413","3","2","5","11","21","3","0","2","1","1","0","0"
"POINT (13.368202808000035 52.550066644000026)","Unfall 207414 (2018) Kat:3, Licht: 0","207414","3","3","5","11","11","6","0","0","1","1","0","0"
"POINT (13.486169723000046 52.533566943000039)","Unfall 207415 (2018) Kat:3, Licht: 2","207415","3","6","0","11","20","6","0","2","0","1","0","0"
"POINT (13.321896937000076 52.493087445000072)","Unfall 207416 (2018) Kat:3, Licht: 0","207416","3","6","4","11","15","6","0","0","1","0","0","0"
"POINT (13.373265722000042 52.485045247000073)","Unfall 207417 (2018) Kat:3, Licht: 2","207417","3","2","5","11","17","4","0","2","1","1","0","0"
"POINT (13.315883028000030 52.500973663000082)","Unfall 207418 (2018) Kat:3, Licht: 0","207418","3","6","2","11","11","6","0","0","0","1","0","0"