WKT,Name,OBJECTID,UKATEGORIE,UTYP1,UART,UMONAT,USTUNDE,UWOCHENTAG,STRZUSTAND,ULICHTVERH,ISTRAD,ISTPKW,ISTFUSS,ISTKRAD
"POINT (13.309834000000023 52.625999732000082)","Unfall 207419 (2018) Kat:3, Licht: 0","207419","3","3","5","11","11","6","0","0","0","1","0","0"
"POINT (13.425353366000024 52.490063283000040)","Unfall 207420 (2018) Kat:3, Licht: 1","207420","3","6","2","11","16","3","1","1","0","1","0","1"
"POINT (13.418192166000040 52.464877442000045)","Unfall 207421 (2018) Kat:2, Licht: 0","207421","2","4","6","11","10","6","0","0","0","1","1","0"
"POINT (13.350677363000045 52.532559315000071)","Unfall 207422 (2018) Kat:3, Licht: 0","207422","3","2","0","11","10","6","1","0","1","0","0","1"
"POINT (13.322214002000067 52.521864460000074)","Unfall 207423 (2018) Kat:3, Licht: 1","207423","3","4","6","11","16","3","0","1","1","0","1","0"
"POINT (13.432835293000039 52.485097163000034)","Unfall 207424 (2018) Kat:3, Licht: 0","207424","3","6","3","11","09","6","0","0","0","0","0","1"
"POINT (13.321148524000023 52.505815820000066)","Unfall 207425 (2018) Kat:3, Licht: 0","207425","3","5","1","11","13","3","0","0","1","1","0","0"
"POINT (13.478132860000073 52.514550316000054)","Unfall 207426 (2018) Kat:2, Licht: 2","207426","2","2","6","11","18","5","0","2","0","1","1","0"
"POINT (13.431963953000036 52.515196143000026)","Unfall 207427 (2018) Kat:3, Licht: 0","207427","3","2","5","11","09","6","0","0","0","1","0","0"
"POINT (13.326104920000034 52.538772653000080)","Unfall 207428 (2018) Kat:2, Licht: 2","207428","2","3","5","11","23","5","0","2","0","1","0","0"
"POINT (13.389888169000074 52.510401943000033)","Unfall 207429 (2018) Kat:3, Licht: 0","207429","3","2","5","11","08","6","0","0","1","0","0","0"
"POINT (13.320120102000033 52.472053196000047)","Unfall 207430 (2018) Kat:2, Licht: 1","207430","2","2","5","11","16","4","0","1","0","1","0","0"
"POINT (13.320328082000060 52.483857174000036)","Unfall 207431 (2018) Kat:3, Licht: 0","207431","3","2","2","11","08","6","0","0","1","1","0","0"
"POINT (13.336198018000061 52.430747934000067)","Unfall 207432 (2018) Kat:3, Licht: 0","207432","3","2","6","11","12","3","0","0","0","1","1","0"
"POINT (13.422416453000039 52.559845222000035)","Unfall 207433 (2018) Kat:2, Licht: 0","207433","2","2","3","11","07","6","0","0","1","1","0","0"
"POINT (13.362665792000030 52.524388001000034)","Unfall 207434 (2018) Kat:2, Licht: 0","207434","2","4","6","11","07","6","0","0","0","1","1","0"
"POINT (13.285252462000074 52.512873902000081)","Unfall 207435 (2018) Kat:3, Licht: 0","207435","3","3","5","11","12","3","0","0","1","1","0","0"
"POINT (13.565840045000073 52.528984023000078)","Unfall 207436 (2018) Kat:3, Licht: 0","207436","3","2","0","11","07","6","0","0","1","1","0","0"
"POINT (13.391706698000064 52.511246720000031)","Unfall 207437 (2018) Kat:3, Licht: 0","207437","3","7","5","11","11","3","0","0","1","1","0","0"
"POINT (13.429110604000073 52.486579134000067)","Unfall 207438 (2018) Kat:3, Licht: 0","207438","3","3","5","11","13","5","0","0","1","0","0","0"
"POINT (13.332760492000034 52.476919135000060)","Unfall 207439 (2018) Kat:3, Licht: 2","207439","3","5","1","11","18","5","0","2","1","1","0","0"
"POINT (13.395780768000066 52.498366216000079)","Unfall 207440 (2018) Kat:3, Licht: 0","207440","3","6","3","11","10","3","0","0","1","1","0","0"
"POINT (13.400936671000068 52.518403779000039)","Unfall 207441 (2018) Kat:3, Licht: 2","207441","3","3","5","11","18","5","0","2","1","1","0","0"
"POINT (13.330321162000075 52.527278628000033)","Unfall 207442 (2018) Kat:3, Licht: 0","207442","3","2","5","11","08","3","0","0","1","1","0","0"
"POINT (13.310773984000036 52.513613442000064)","Unfall 207443 (2018) Kat:3, Licht: 2","207443","3","1","0","11","17","5","0","2","1","0","0","0"
"POINT (13.273611580000022 52.426905347000059)","Unfall 207444 (2018) Kat:2, Licht: 2","207444","2","5","1","11","17","5","0","2","0","1","0","0"
"POINT (13.228766101000076 52.530009045000043)","Unfall 207445 (2018) Kat:3, Licht: 0","207445","3","2","5","11","08","3","0","0","0","1","0","0"
"POINT (13.359606903000042 52.412828330000082)","Unfall 207446 (2018) Kat:3, Licht: 1","207446","3","2","5","11","16","5","0","1","1","1","0","0"
"POINT (13.298830485000053 52.525233984000067)","Unfall 207447 (2018) Kat:3, Licht: 0","207447","3","6","4","11","08","3","0","0","1","1","0","0"
"POINT (13.415387560000056 52.520789033000028)","Unfall 207448 (2018) Kat:3, Licht: 0","207448","3","3","5","11","15","5","0","0","1","0","0","0"
"POINT (13.323579348000067 52.428766881000058)","Unfall 207449 (2018) Kat:3, Licht: 0","207449","3","7","2","11","08","3","0","0","0","1","0","0"
"POINT (13.456888751000065 52.528595933000076)","Unfall 207450 (2018) Kat:2, Licht: 0","207450","2","5","1","11","09","5","0","0","1","1","0","0"
"POINT (13.204958475000069 52.530162955000037)","Unfall 207451 (2018) Kat:3, Licht: 0","207451","3","2","5","11","15","5","0","0","0","1","0","0"
"POINT (13.330346919000021 52.470317459000057)","Unfall 207452 (2018) Kat:3, Licht: 2","207452","3","2","5","11","19","2","0","2","1","1","0","0"
"POINT (13.436819796000066 52.452539776000037)","Unfall 207453 (2018) Kat:2, Licht: 0","207453","2","2","5","11","15","5","1","0","0","1","0","1"
"POINT (13.495275568000068 52.642222368000034)","Unfall 207454 (2018) Kat:3, Licht: 2","207454","3","6","6","11","19","2","1","2","0","1","1","0"
"POINT (13.343481261000022 52.532088782000073)","Unfall 207455 (2018) Kat:3, Licht: 1","207455","3","2","5","11","17","5","0","1","1","1","0","0"
"POINT (13.410461054000052 52.456113687000027)","Unfall 207456 (2018) Kat:2, Licht: 0","207456","2","4","6","11","14","6","0","0","0","1","1","0"
"POINT (13.516815798000039 52.481898242000057)","Unfall 207457 (2018) Kat:2, Licht: 0","207457","2","4","6","11","14","5","0","0","0","0","1","0"
"POINT (13.436215627000024 52.481007980000072)","Unfall 207458 (2018) Kat:3, Licht: 2","207458","3","7","5","11","19","4","0","2","1","1","0","0"
"POINT (13.431632035000064 52.497511297000074)","Unfall 207459 (2018) Kat:3, Licht: 2","207459","3","7","0","11","22","5","0","2","0","1","0","1"
"POINT (13.549770616000046 52.495614666000051)","Unfall 207460 (2018) Kat:3, Licht: 2","207460","3","4","6","11","19","2","1","2","1","0","1","0"
"POINT (13.421163896000053 52.413175981000052)","Unfall 207461 (2018) Kat:3, Licht: 1","207461","3","2","2","11","07","5","0","1","0","1","0","0"
"POINT (13.407139813000072 52.523328854000056)","Unfall 207462 (2018) Kat:3, Licht: 0","207462","3","4","6","11","12","5","0","0","0","1","1","0"
"POINT (13.315414031000046 52.577844390000052)","Unfall 207463 (2018) Kat:3, Licht: 2","207463","3","2","5","11","19","5","0","2","0","1","0","0"
"POINT (13.236199785000053 52.550156520000030)","Unfall 207464 (2018) Kat:3, Licht: 1","207464","3","1","4","11","18","2","1","1","0","1","0","0"
"POINT (13.376828146000037 52.483821336000062)","Unfall 207465 (2018) Kat:3, Licht: 0","207465","3","5","1","11","12","5","0","0","1","1","0","0"
"POINT (13.301168709000024 52.519060648000050)","Unfall 207466 (2018) Kat:3, Licht: 0","207466","3","3","5","11","12","5","0","0","1","1","0","0"
"POINT (13.207159716000035 52.529036606000034)","Unfall 207467 (2018) Kat:3, Licht: 2","207467","3","6","2","11","18","2","1","2","0","1","0","0"
"POINT (13.572764247000066 52.428115685000080)","Unfall 207468 (2018) Kat:3, Licht: 0","207468","3","6","2","11","12","5","0","0","0","1","0","0"
"POINT (13.422455883000055 52.499181555000064)","Unfall 207469 (2018) Kat:3, Licht: 0","207469","3","2","5","11","07","6","0","0","1","0","0","0"
"POINT (13.508329508000031 52.499815734000038)","Unfall 207470 (2018) Kat:2, Licht: 2","207470","2","4","6","11","18","5","0","2","0","1","1","0"
"POINT (13.447870912000042 52.476057733000061)","Unfall 207471 (2018) Kat:2, Licht: 2","207471","2","7","6","11","17","4","0","2","0","1","1","0"
"POINT (13.306537436000042 52.528747680000038)","Unfall 207472 (2018) Kat:3, Licht: 2","207472","3","2","5","11","17","5","0","2","0","1","0","1"
"POINT (13.299532158000034 52.498671091000062)","Unfall 207473 (2018) Kat:3, Licht: 0","207473","3","5","1","11","12","5","0","0","1","1","0","0"
"POINT (13.604069106000054 52.539204154000060)","Unfall 207474 (2018) Kat:3, Licht: 2","207474","3","3","5","11","16","2","1","2","0","1","0","0"
"POINT (13.572833790000061 52.427808577000064)","Unfall 207475 (2018) Kat:3, Licht: 0","207475","3","7","0","11","11","5","0","0","1","1","0","0"
"POINT (13.498011766000047 52.514003923000075)","Unfall 207476 (2018) Kat:3, Licht: 0","207476","3","3","5","11","10","5","0","0","0","1","0","0"
"POINT (13.396011147000024 52.532429937000074)","Unfall 207477 (2018) Kat:3, Licht: 0","207477","3","1","0","11","09","5","0","0","0","0","0","1"
"POINT (13.367767507000053 52.493338959000027)","Unfall 207478 (2018) Kat:3, Licht: 0","207478","3","2","2","11","09","5","0","0","0","1","0","0"
"POINT (13.284316826000065 52.486771002000069)","Unfall 207479 (2018) Kat:3, Licht: 0","207479","3","2","5","11","15","2","1","0","0","1","0","0"
"POINT (13.398203495000075 52.506982031000064)","Unfall 207480 (2018) Kat:3, Licht: 0","207480","3","3","5","11","09","5","0","0","1","1","0","0"
"POINT (13.339030125000022 52.499533917000065)","Unfall 207481 (2018) Kat:3, Licht: 0","207481","3","6","2","11","08","5","0","0","0","1","0","0"
"POINT (13.318008192000036 52.580649024000081)","Unfall 207482 (2018) Kat:3, Licht: 0","207482","3","4","6","11","14","2","1","0","0","1","1","0"
"POINT (13.337613854000040 52.501529556000037)","Unfall 207483 (2018) Kat:3, Licht: 0","207483","3","5","1","11","08","5","0","0","1","1","0","0"
"POINT (13.344974387000036 52.485864416000027)","Unfall 207484 (2018) Kat:3, Licht: 2","207484","3","6","2","11","19","5","0","2","1","1","0","0"
"POINT (13.449330499000041 52.502124344000038)","Unfall 207485 (2018) Kat:3, Licht: 0","207485","3","2","5","11","08","5","0","0","1","1","0","0"
"POINT (13.325717324000038 52.532453107000038)","Unfall 207486 (2018) Kat:2, Licht: 2","207486","2","3","5","11","16","4","0","2","0","1","0","1"
"POINT (13.348744670000031 52.459131490000061)","Unfall 207487 (2018) Kat:3, Licht: 0","207487","3","2","0","11","08","5","0","0","1","0","0","0"
"POINT (13.434845165000070 52.430309084000044)","Unfall 207488 (2018) Kat:3, Licht: 0","207488","3","7","5","11","14","2","1","0","0","1","0","0"
"POINT (13.573615228000051 52.402590712000062)","Unfall 207489 (2018) Kat:3, Licht: 0","207489","3","3","5","11","07","5","1","0","1","1","0","0"
"POINT (13.427469156000029 52.587561435000055)","Unfall 207490 (2018) Kat:3, Licht: 0","207490","3","2","5","11","14","2","1","0","1","1","0","0"
"POINT (13.396446466000043 52.491405717000077)","Unfall 207491 (2018) Kat:3, Licht: 1","207491","3","3","2","11","06","5","0","1","1","1","0","0"
"POINT (13.416855274000056 52.523882952000065)","Unfall 207492 (2018) Kat:2, Licht: 0","207492","2","1","0","11","13","2","1","0","1","0","0","0"
"POINT (13.350079681000068 52.410658622000028)","Unfall 207493 (2018) Kat:3, Licht: 0","207493","3","7","2","11","12","5","0","0","0","1","0","1"
"POINT (13.330734133000021 52.571827118000044)","Unfall 207494 (2018) Kat:3, Licht: 0","207494","3","3","5","11","13","2","1","0","0","1","0","0"
"POINT (13.548727183000040 52.448870623000062)","Unfall 207495 (2018) Kat:3, Licht: 2","207495","3","1","8","11","05","5","1","2","0","1","0","0"
"POINT (13.357268085000044 52.422979345000044)","Unfall 207496 (2018) Kat:3, Licht: 0","207496","3","3","5","11","13","2","1","0","1","1","0","0"
"POINT (13.277849875000072 52.630195071000060)","Unfall 207497 (2018) Kat:3, Licht: 2","207497","3","7","6","11","17","5","0","2","1","0","1","0"
"POINT (13.431973863000053 52.505754032000027)","Unfall 207498 (2018) Kat:3, Licht: 2","207498","3","6","2","11","00","5","0","2","0","1","0","0"
"POINT (13.333196240000063 52.595499274000076)","Unfall 207499 (2018) Kat:3, Licht: 0","207499","3","2","5","11","13","2","1","0","1","1","0","0"
"POINT (13.343210596000063 52.532104879000030)","Unfall 207500 (2018) Kat:2, Licht: 2","207500","2","6","2","11","21","4","0","2","0","1","0","0"
"POINT (13.347695473000044 52.531039929000030)","Unfall 207501 (2018) Kat:3, Licht: 0","207501","3","5","1","11","12","2","0","0","0","1","0","0"
"POINT (13.307786031000035 52.503028717000063)","Unfall 207502 (2018) Kat:2, Licht: 2","207502","2","7","0","11","20","4","0","2","0","1","0","1"
"POINT (13.391127187000052 52.513990310000054)","Unfall 207503 (2018) Kat:3, Licht: 2","207503","3","4","6","11","19","4","0","2","0","1","1","0"
"POINT (13.613321627000062 52.499250338000081)","Unfall 207504 (2018) Kat:3, Licht: 0","207504","3","6","2","11","13","2","1","0","0","1","0","0"
"POINT (13.329594748000034 52.456348888000036)","Unfall 207505 (2018) Kat:3, Licht: 0","207505","3","3","5","11","08","5","0","0","1","1","0","0"
"POINT (13.465241731000049 52.497222257000033)","Unfall 207506 (2018) Kat:3, Licht: 2","207506","3","6","3","11","19","4","0","2","1","1","0","0"
"POINT (13.388475009000047 52.531631153000035)","Unfall 207507 (2018) Kat:3, Licht: 0","207507","3","6","0","11","12","2","1","0","0","1","0","0"
"POINT (13.376028201000054 52.536036101000036)","Unfall 207508 (2018) Kat:3, Licht: 2","207508","3","6","0","11","07","4","0","2","1","0","0","0"
"POINT (13.336222468000074 52.500190933000056)","Unfall 207509 (2018) Kat:3, Licht: 2","207509","3","5","1","11","19","4","1","2","1","1","0","0"
"POINT (13.308473753000044 52.461523022000051)","Unfall 207510 (2018) Kat:3, Licht: 0","207510","3","7","0","11","12","2","1","0","0","1","0","0"
"POINT (13.302153288000056 52.506834449000053)","Unfall 207511 (2018) Kat:3, Licht: 2","207511","3","6","3","11","17","4","0","2","0","1","0","1"
"POINT (13.345817873000044 52.460847183000055)","Unfall 207512 (2018) Kat:3, Licht: 0","207512","3","6","2","11","09","2","0","0","0","1","0","0"
"POINT (13.376699888000076 52.437344630000041)","Unfall 207513 (2018) Kat:2, Licht: 2","207513","2","5","1","11","17","4","0","2","0","1","0","1"
"POINT (13.503287954000029 52.575812377000034)","Unfall 207514 (2018) Kat:3, Licht: 2","207514","3","2","5","11","17","4","1","2","0","0","0","1"
"POINT (13.423674683000058 52.574308765000069)","Unfall 207515 (2018) Kat:2, Licht: 0","207515","2","6","2","11","09","2","1","0","0","1","0","1"
"POINT (13.469532717000050 52.460494282000070)","Unfall 207516 (2018) Kat:3, Licht: 0","207516","3","5","1","11","08","4","0","0","1","1","0","0"
"POINT (13.425027151000052 52.540999745000079)","Unfall 207517 (2018) Kat:3, Licht: 2","207517","3","3","5","11","17","4","0","2","1","1","0","0"
"POINT (13.343729416000031 52.470732640000051)","Unfall 207518 (2018) Kat:2, Licht: 2","207518","2","5","1","11","16","4","1","2","0","1","0","1"
"POINT (13.424471916000073 52.491198108000049)","Unfall 207519 (2018) Kat:3, Licht: 0","207519","3","5","0","11","09","2","1","0","0","1","0","0"
"POINT (13.558785751000073 52.470113744000059)","Unfall 207520 (2018) Kat:3, Licht: 2","207520","3","1","0","11","18","4","1","2","1","0","0","0"
"POINT (13.389096486000028 52.527641205000066)","Unfall 207521 (2018) Kat:3, Licht: 1","207521","3","3","5","11","16","4","0","1","1","0","0","0"
"POINT (13.210106983000060 52.566825511000047)","Unfall 207522 (2018) Kat:3, Licht: 0","207522","3","2","2","11","09","2","0","0","0","1","0","0"
"POINT (13.377882231000058 52.407666236000068)","Unfall 207523 (2018) Kat:2, Licht: 0","207523","2","3","5","11","15","4","0","0","1","1","0","0"
"POINT (13.449728959000026 52.537249006000081)","Unfall 207524 (2018) Kat:3, Licht: 2","207524","3","2","6","11","19","5","0","2","0","1","1","0"
"POINT (13.353455819000033 52.493449787000031)","Unfall 207525 (2018) Kat:3, Licht: 0","207525","3","3","5","11","14","4","0","0","1","1","0","0"
"POINT (13.300335393000069 52.439851298000065)","Unfall 207526 (2018) Kat:2, Licht: 0","207526","2","3","0","11","08","2","0","0","1","0","0","0"
"POINT (13.340063970000074 52.588079916000027)","Unfall 207527 (2018) Kat:2, Licht: 1","207527","2","2","2","11","18","4","0","1","0","1","0","0"
"POINT (13.608611408000058 52.509186384000031)","Unfall 207528 (2018) Kat:3, Licht: 0","207528","3","3","5","11","12","6","1","0","0","1","0","0"
"POINT (13.395307602000059 52.497729973000048)","Unfall 207529 (2018) Kat:3, Licht: 0","207529","3","6","2","11","18","4","0","0","0","1","0","0"
"POINT (13.524890558000038 52.479919874000075)","Unfall 207530 (2018) Kat:2, Licht: 2","207530","2","1","0","11","18","4","1","2","0","1","0","0"
"POINT (13.466622467000036 52.497261997000066)","Unfall 207531 (2018) Kat:3, Licht: 1","207531","3","7","5","11","15","4","1","1","1","1","0","0"
"POINT (13.397725026000046 52.519460082000080)","Unfall 207532 (2018) Kat:3, Licht: 1","207532","3","7","5","11","17","4","0","1","1","1","0","0"
"POINT (13.418930949000071 52.530706329000054)","Unfall 207533 (2018) Kat:3, Licht: 0","207533","3","2","5","11","09","2","1","0","1","0","0","0"
"POINT (13.398378504000050 52.516504548000057)","Unfall 207534 (2018) Kat:3, Licht: 0","207534","3","5","1","11","12","4","0","0","1","0","0","0"
"POINT (13.477421340000035 52.430083185000058)","Unfall 207535 (2018) Kat:3, Licht: 0","207535","3","2","2","11","07","4","1","0","0","1","0","0"
"POINT (13.197783808000054 52.532369494000079)","Unfall 207536 (2018) Kat:3, Licht: 2","207536","3","7","0","11","17","2","1","2","0","0","0","1"
"POINT (13.190959676000034 52.433575372000064)","Unfall 207537 (2018) Kat:3, Licht: 0","207537","3","2","5","11","07","4","1","0","0","1","0","0"
"POINT (13.330548135000072 52.487201793000054)","Unfall 207538 (2018) Kat:3, Licht: 2","207538","3","6","2","11","17","2","0","2","1","1","0","0"
"POINT (13.302762224000048 52.408745509000028)","Unfall 207539 (2018) Kat:3, Licht: 2","207539","3","5","1","11","18","5","0","2","1","1","0","0"
"POINT (13.353488354000035 52.533972439000081)","Unfall 207540 (2018) Kat:3, Licht: 1","207540","3","5","1","11","06","4","0","1","1","1","0","0"
"POINT (13.434521796000070 52.535687417000076)","Unfall 207541 (2018) Kat:3, Licht: 0","207541","3","4","6","11","09","4","0","0","0","0","1","1"
"POINT (13.571986016000039 52.547865395000031)","Unfall 207542 (2018) Kat:3, Licht: 2","207542","3","6","3","11","05","4","1","2","0","1","0","1"
"POINT (13.527573355000072 52.489039210000044)","Unfall 207543 (2018) Kat:3, Licht: 2","207543","3","2","5","11","17","4","0","2","1","1","0","0"
"POINT (13.415149889000077 52.543648492000045)","Unfall 207544 (2018) Kat:3, Licht: 0","207544","3","2","5","11","13","4","0","0","0","0","0","1"
"POINT (13.505962350000061 52.426778946000070)","Unfall 207545 (2018) Kat:3, Licht: 1","207545","3","3","5","11","07","2","0","1","1","1","0","0"
"POINT (13.333915248000039 52.498041002000036)","Unfall 207546 (2018) Kat:3, Licht: 0","207546","3","6","2","11","14","4","0","0","0","1","0","0"
"POINT (13.421920051000029 52.493093605000070)","Unfall 207547 (2018) Kat:3, Licht: 0","207547","3","3","5","11","11","4","0","0","1","1","0","0"
"POINT (13.603140101000065 52.484415050000052)","Unfall 207548 (2018) Kat:3, Licht: 1","207548","3","3","5","11","07","2","0","1","1","1","0","0"
"POINT (13.232202534000066 52.540488356000026)","Unfall 207549 (2018) Kat:3, Licht: 0","207549","3","6","3","11","10","4","1","0","0","1","0","0"
"POINT (13.430036989000030 52.468372647000081)","Unfall 207550 (2018) Kat:3, Licht: 2","207550","3","4","6","11","17","2","0","2","1","0","1","0"
"POINT (13.178172534000055 52.548843394000073)","Unfall 207551 (2018) Kat:3, Licht: 0","207551","3","2","5","11","15","5","0","0","0","1","0","0"
"POINT (13.412079346000041 52.504809296000076)","Unfall 207552 (2018) Kat:3, Licht: 0","207552","3","5","5","11","10","4","1","0","1","1","0","0"
"POINT (13.433860617000050 52.570496906000074)","Unfall 207553 (2018) Kat:3, Licht: 2","207553","3","3","0","11","06","2","0","2","0","0","0","1"
"POINT (13.365926335000040 52.495297597000047)","Unfall 207554 (2018) Kat:3, Licht: 0","207554","3","3","5","11","09","4","1","0","1","1","0","0"
"POINT (13.467176409000047 52.559954350000055)","Unfall 207555 (2018) Kat:3, Licht: 2","207555","3","3","5","11","05","2","1","2","0","1","0","0"
"POINT (13.401151759000072 52.511307579000061)","Unfall 207556 (2018) Kat:2, Licht: 2","207556","2","2","6","11","06","4","1","2","0","1","1","0"
"POINT (13.146839903000057 52.416644710000071)","Unfall 207557 (2018) Kat:3, Licht: 0","207557","3","6","2","11","08","4","1","0","0","1","0","0"
"POINT (13.340544528000066 52.485630341000046)","Unfall 207558 (2018) Kat:3, Licht: 2","207558","3","6","2","11","17","2","1","2","0","1","0","0"
"POINT (13.289372611000033 52.575555024000039)","Unfall 207559 (2018) Kat:2, Licht: 2","207559","2","7","5","11","04","2","1","2","0","1","0","1"
"POINT (13.380202997000026 52.560379278000028)","Unfall 207560 (2018) Kat:3, Licht: 0","207560","3","6","2","11","08","4","1","0","0","1","0","0"
"POINT (13.393019593000076 52.545313284000031)","Unfall 207561 (2018) Kat:3, Licht: 2","207561","3","3","0","11","03","2","1","2","0","1","0","1"
"POINT (13.470634786000062 52.423247343000071)","Unfall 207562 (2018) Kat:3, Licht: 0","207562","3","6","2","11","08","4","1","0","0","1","0","0"
"POINT (13.409696916000030 52.399095519000070)","Unfall 207563 (2018) Kat:3, Licht: 2","207563","3","7","1","11","03","2","1","2","0","1","0","0"
"POINT (13.591629161000071 52.544958448000045)","Unfall 207564 (2018) Kat:3, Licht: 0","207564","3","2","5","11","09","5","1","0","0","1","0","0"
"POINT (13.340495382000029 52.544621071000051)","Unfall 207565 (2018) Kat:3, Licht: 0","207565","3","7","0","11","08","4","1","0","1","1","0","0"
"POINT (13.589163927000072 52.517212263000033)","Unfall 207566 (2018) Kat:3, Licht: 2","207566","3","6","2","11","16","2","1","2","0","1","0","0"
"POINT (13.180996325000024 52.524372808000066)","Unfall 207567 (2018) Kat:2, Licht: 0","207567","2","6","2","11","12","4","0","0","0","1","0","0"
"POINT (13.197798353000053 52.518377173000033)","Unfall 207568 (2018) Kat:3, Licht: 2","207568","3","1","1","11","02","2","1","2","0","1","0","0"
"POINT (13.558461394000062 52.456010468000045)","Unfall 207569 (2018) Kat:2, Licht: 0","207569","2","3","5","11","09","4","1","0","1","0","0","1"
"POINT (13.497611767000024 52.538899172000072)","Unfall 207570 (2018) Kat:3, Licht: 0","207570","3","4","6","11","15","6","0","0","0","1","1","0"
"POINT (13.214133013000037 52.538361344000066)","Unfall 207571 (2018) Kat:2, Licht: 0","207571","2","2","5","11","08","4","1","0","1","1","0","0"
"POINT (13.349832329000037 52.502753478000045)","Unfall 207572 (2018) Kat:3, Licht: 2","207572","3","6","2","11","20","4","1","2","0","1","0","1"
"POINT (13.347072654000044 52.596204922000027)","Unfall 207573 (2018) Kat:3, Licht: 0","207573","3","6","2","11","08","4","1","0","0","1","0","0"
"POINT (13.309690235000062 52.431463511000061)","Unfall 207574 (2018) Kat:3, Licht: 0","207574","3","2","5","11","13","4","0","0","0","1","0","0"
"POINT (13.558788527000047 52.470140003000040)","Unfall 207575 (2018) Kat:3, Licht: 2","207575","3","2","2","11","16","2","1","2","0","1","0","0"
"POINT (13.627468728000053 52.518639411000038)","Unfall 207576 (2018) Kat:3, Licht: 0","207576","3","7","0","11","14","4","0","0","0","0","0","0"
"POINT (13.399762936000059 52.581082306000042)","Unfall 207577 (2018) Kat:3, Licht: 0","207577","3","6","4","11","07","5","0","0","1","1","0","0"
"POINT (13.310554477000039 52.516248317000077)","Unfall 207578 (2018) Kat:3, Licht: 0","207578","3","2","0","11","15","4","1","0","1","1","0","0"
"POINT (13.370817174000024 52.546678749000080)","Unfall 207579 (2018) Kat:3, Licht: 2","207579","3","7","6","11","19","4","0","2","1","0","1","0"
"POINT (13.415856575000078 52.527376509000078)","Unfall 207580 (2018) Kat:2, Licht: 2","207580","2","4","6","11","00","2","1","2","1","0","1","0"
"POINT (13.391398568000056 52.489450493000049)","Unfall 207581 (2018) Kat:3, Licht: 2","207581","3","5","1","11","21","4","0","2","1","1","0","0"
"POINT (13.419025360000035 52.461012067000070)","Unfall 207582 (2018) Kat:3, Licht: 2","207582","3","2","5","11","22","4","0","2","1","1","0","0"
"POINT (13.459922302000052 52.559843255000033)","Unfall 207583 (2018) Kat:3, Licht: 2","207583","3","4","6","11","16","2","1","2","0","1","1","0"
"POINT (13.547036509000066 52.431446325000081)","Unfall 207584 (2018) Kat:3, Licht: 0","207584","3","6","2","11","09","4","0","0","0","1","0","0"
"POINT (13.459925974000043 52.559841735000077)","Unfall 207585 (2018) Kat:3, Licht: 0","207585","3","4","6","11","09","6","0","0","1","0","1","0"
"POINT (13.289290265000034 52.467243132000078)","Unfall 207586 (2018) Kat:2, Licht: 2","207586","2","3","0","11","06","4","1","2","0","1","0","1"
"POINT (13.226680739000074 52.439732586000048)","Unfall 207587 (2018) Kat:3, Licht: 2","207587","3","3","5","11","17","4","0","2","0","1","0","0"
"POINT (13.305016691000048 52.577650932000040)","Unfall 207588 (2018) Kat:1, Licht: 2","207588","1","6","0","11","02","4","1","2","0","1","0","0"
"POINT (13.390184299000055 52.508696440000051)","Unfall 207589 (2018) Kat:3, Licht: 0","207589","3","4","6","11","16","3","0","0","0","0","1","0"
"POINT (13.322603201000049 52.487635237000063)","Unfall 207590 (2018) Kat:3, Licht: 0","207590","3","3","5","11","16","2","0","0","0","1","0","1"
"POINT (13.578152380000063 52.457135913000059)","Unfall 207591 (2018) Kat:3, Licht: 2","207591","3","2","0","11","06","3","0","2","1","1","0","0"
"POINT (13.399074417000065 52.498279387000082)","Unfall 207592 (2018) Kat:3, Licht: 2","207592","3","7","0","11","17","3","1","2","1","0","0","0"
"POINT (13.503234541000040 52.553805425000064)","Unfall 207593 (2018) Kat:2, Licht: 1","207593","2","4","6","11","15","2","1","1","0","1","1","0"
"POINT (13.375722882000048 52.455767144000049)","Unfall 207594 (2018) Kat:3, Licht: 2","207594","3","2","6","11","17","3","0","2","0","1","1","0"
"POINT (13.370211675000064 52.544692963000045)","Unfall 207595 (2018) Kat:3, Licht: 1","207595","3","2","5","11","15","2","1","1","0","1","0","0"
"POINT (13.398065120000069 52.527280276000056)","Unfall 207596 (2018) Kat:3, Licht: 0","207596","3","2","6","11","09","3","1","0","0","1","1","0"
"POINT (13.157735189000050 52.543112144000077)","Unfall 207597 (2018) Kat:3, Licht: 0","207597","3","2","5","11","15","2","1","0","1","1","0","0"
"POINT (13.528243343000042 52.556903694000027)","Unfall 207598 (2018) Kat:3, Licht: 0","207598","3","2","5","11","07","3","1","0","0","1","0","0"
"POINT (13.386468024000067 52.511918143000059)","Unfall 207599 (2018) Kat:3, Licht: 2","207599","3","6","2","11","20","5","0","2","1","1","0","0"
"POINT (13.408822582000028 52.531214040000066)","Unfall 207600 (2018) Kat:3, Licht: 2","207600","3","3","5","11","21","3","1","2","1","1","0","0"
"POINT (13.236677874000065 52.542077766000034)","Unfall 207601 (2018) Kat:3, Licht: 2","207601","3","6","2","11","16","4","0","2","0","1","0","1"
"POINT (13.314344829000049 52.530422878000081)","Unfall 207602 (2018) Kat:3, Licht: 2","207602","3","3","5","11","21","3","1","2","0","1","0","0"
"POINT (13.282948839000028 52.512827634000075)","Unfall 207603 (2018) Kat:3, Licht: 0","207603","3","5","1","11","14","2","0","0","0","1","0","0"