WKT,Name,OBJECTID,UKATEGORIE,UTYP1,UART,UMONAT,USTUNDE,UWOCHENTAG,STRZUSTAND,ULICHTVERH,ISTRAD,ISTPKW,ISTFUSS,ISTKRAD
"POINT (13.359986418000062 52.428987121000034)","Unfall 207604 (2018) Kat:3, Licht: 2","207604","3","3","1","11","20","3","1","2","0","1","0","1"
"POINT (13.203469030000065 52.535629922000055)","Unfall 207605 (2018) Kat:3, Licht: 0","207605","3","2","6","11","15","2","1","0","0","1","1","0"
"POINT (13.477091797000071 52.505341120000082)","Unfall 207606 (2018) Kat:3, Licht: 0","207606","3","1","0","11","14","2","1","0","0","0","0","1"
"POINT (13.494571955000026 52.503749658000061)","Unfall 207607 (2018) Kat:3, Licht: 0","207607","3","3","0","11","13","5","0","0","0","1","0","1"
"POINT (13.404384266000022 52.393820247000065)","Unfall 207608 (2018) Kat:3, Licht: 2","207608","3","4","6","11","08","3","1","2","0","1","1","0"
"POINT (13.562557396000045 52.456609499000081)","Unfall 207609 (2018) Kat:2, Licht: 0","207609","2","2","5","11","13","4","0","0","0","0","0","1"
"POINT (13.387940636000053 52.522169303000055)","Unfall 207610 (2018) Kat:3, Licht: 2","207610","3","5","1","12","21","2","0","2","1","1","0","0"
"POINT (13.513390054000070 52.563373142000046)","Unfall 207611 (2018) Kat:3, Licht: 0","207611","3","3","5","11","12","4","0","0","1","1","0","0"
"POINT (13.326845994000053 52.454932488000054)","Unfall 207612 (2018) Kat:3, Licht: 2","207612","3","6","2","12","17","2","1","2","0","1","0","0"
"POINT (13.454796651000038 52.445550105000052)","Unfall 207613 (2018) Kat:2, Licht: 0","207613","2","2","6","11","12","4","0","0","0","1","1","0"
"POINT (13.433620837000035 52.445323632000054)","Unfall 207614 (2018) Kat:3, Licht: 2","207614","3","3","5","12","16","2","0","2","0","1","0","0"
"POINT (13.415846921000025 52.531766582000046)","Unfall 207615 (2018) Kat:3, Licht: 0","207615","3","6","3","11","14","4","0","0","1","1","0","0"
"POINT (13.377620473000036 52.563021795000054)","Unfall 207616 (2018) Kat:3, Licht: 0","207616","3","6","2","11","11","4","0","0","0","1","0","0"
"POINT (13.217156457000044 52.527194946000066)","Unfall 207617 (2018) Kat:3, Licht: 2","207617","3","6","3","12","18","2","1","2","0","1","0","0"
"POINT (13.292648653000072 52.552940708000051)","Unfall 207618 (2018) Kat:3, Licht: 0","207618","3","6","2","11","11","4","0","0","0","1","0","0"
"POINT (13.416780698000025 52.603172086000029)","Unfall 207619 (2018) Kat:3, Licht: 0","207619","3","3","5","11","11","4","0","0","0","1","0","0"
"POINT (13.557972290000066 52.529645633000030)","Unfall 207620 (2018) Kat:2, Licht: 2","207620","2","3","5","12","19","2","1","2","0","1","0","0"
"POINT (13.356735503000039 52.472970752000037)","Unfall 207621 (2018) Kat:2, Licht: 2","207621","2","7","2","11","18","4","0","2","0","1","0","0"
"POINT (13.333512282000072 52.559976474000052)","Unfall 207622 (2018) Kat:3, Licht: 2","207622","3","6","2","12","18","2","0","2","0","1","0","0"
"POINT (13.498117232000027 52.513793596000028)","Unfall 207623 (2018) Kat:3, Licht: 2","207623","3","6","3","11","18","4","0","2","1","1","0","0"
"POINT (13.487355718000060 52.475763786000073)","Unfall 207624 (2018) Kat:3, Licht: 2","207624","3","2","5","12","17","2","1","2","1","1","0","0"
"POINT (13.497962885000049 52.509505952000040)","Unfall 207625 (2018) Kat:3, Licht: 2","207625","3","7","5","11","18","4","0","2","0","1","0","0"
"POINT (13.310547047000057 52.516339026000026)","Unfall 207626 (2018) Kat:3, Licht: 0","207626","3","3","5","12","09","2","1","0","1","1","0","0"
"POINT (13.413500774000056 52.549656319000064)","Unfall 207627 (2018) Kat:3, Licht: 2","207627","3","2","6","11","01","4","0","2","0","1","1","0"
"POINT (13.247814835000042 52.548541767000074)","Unfall 207628 (2018) Kat:2, Licht: 0","207628","2","6","0","12","08","2","1","0","0","0","0","1"
"POINT (13.376398641000037 52.460101090000080)","Unfall 207629 (2018) Kat:3, Licht: 1","207629","3","3","5","12","08","2","1","1","1","1","0","0"
"POINT (13.331173604000071 52.495420613000078)","Unfall 207630 (2018) Kat:3, Licht: 2","207630","3","3","5","11","17","4","0","2","1","1","0","0"
"POINT (13.350911365000059 52.481739276000042)","Unfall 207631 (2018) Kat:3, Licht: 2","207631","3","7","6","11","18","4","0","2","0","1","1","0"
"POINT (13.177610768000022 52.525292240000056)","Unfall 207632 (2018) Kat:3, Licht: 0","207632","3","4","6","12","08","2","1","0","0","1","1","0"
"POINT (13.279786058000070 52.512753628000041)","Unfall 207633 (2018) Kat:3, Licht: 0","207633","3","6","0","12","08","2","1","0","0","1","0","1"
"POINT (13.612519700000064 52.510827363000033)","Unfall 207634 (2018) Kat:3, Licht: 2","207634","3","2","5","11","17","4","0","2","0","1","0","1"
"POINT (13.348562254000058 52.435068338000065)","Unfall 207635 (2018) Kat:3, Licht: 1","207635","3","3","5","12","07","2","1","1","1","1","0","0"
"POINT (13.526746973000058 52.437651478000078)","Unfall 207636 (2018) Kat:3, Licht: 1","207636","3","3","5","12","07","2","1","1","1","1","0","0"
"POINT (13.123133796000047 52.471560111000031)","Unfall 207637 (2018) Kat:3, Licht: 2","207637","3","4","6","11","17","4","0","2","0","1","1","0"
"POINT (13.406108600000039 52.415641899000036)","Unfall 207638 (2018) Kat:2, Licht: 1","207638","2","3","5","12","07","2","1","1","1","1","0","0"
"POINT (13.310011247000034 52.516243968000026)","Unfall 207639 (2018) Kat:3, Licht: 2","207639","3","4","6","11","17","4","0","2","0","0","1","0"
"POINT (13.438216941000064 52.419975020000038)","Unfall 207640 (2018) Kat:3, Licht: 1","207640","3","4","6","12","07","2","1","1","0","1","1","0"
"POINT (13.570609850000039 52.473490675000050)","Unfall 207641 (2018) Kat:3, Licht: 0","207641","3","3","5","11","10","4","0","0","0","1","0","0"
"POINT (13.361030571000072 52.555352795000033)","Unfall 207642 (2018) Kat:2, Licht: 0","207642","2","3","5","12","11","2","1","0","1","1","0","0"
"POINT (13.271851540000057 52.536740660000078)","Unfall 207643 (2018) Kat:3, Licht: 2","207643","3","2","6","12","07","2","1","2","0","1","1","0"
"POINT (13.319955496000034 52.505883906000065)","Unfall 207644 (2018) Kat:3, Licht: 0","207644","3","2","2","11","10","4","0","0","1","1","0","0"
"POINT (13.365908969000031 52.449208671000065)","Unfall 207645 (2018) Kat:3, Licht: 2","207645","3","3","5","12","06","2","1","2","0","1","0","0"
"POINT (13.520823051000036 52.568539989000044)","Unfall 207646 (2018) Kat:3, Licht: 2","207646","3","2","6","12","06","2","1","2","0","0","1","0"
"POINT (13.229092017000028 52.573357060000035)","Unfall 207647 (2018) Kat:2, Licht: 0","207647","2","2","2","11","10","4","0","0","1","1","0","0"
"POINT (13.398491918000047 52.532550078000043)","Unfall 207648 (2018) Kat:2, Licht: 2","207648","2","1","0","12","05","2","1","2","1","0","0","0"
"POINT (13.367539433000047 52.586432588000037)","Unfall 207649 (2018) Kat:3, Licht: 2","207649","3","2","6","12","21","1","1","2","0","1","1","0"
"POINT (13.377522096000064 52.577183974000036)","Unfall 207650 (2018) Kat:3, Licht: 0","207650","3","5","1","11","10","4","0","0","0","1","0","0"
"POINT (13.195458357000064 52.528111755000054)","Unfall 207651 (2018) Kat:2, Licht: 2","207651","2","4","6","12","20","1","1","2","0","0","1","0"
"POINT (13.543713695000065 52.438007245000051)","Unfall 207652 (2018) Kat:3, Licht: 0","207652","3","3","5","11","09","4","0","0","1","1","0","0"
"POINT (13.484569165000039 52.556291108000039)","Unfall 207653 (2018) Kat:3, Licht: 2","207653","3","2","5","12","19","1","1","2","1","1","0","0"
"POINT (13.342078559000072 52.501895158000082)","Unfall 207654 (2018) Kat:3, Licht: 0","207654","3","6","2","11","09","4","0","0","0","1","0","0"
"POINT (13.608272940000063 52.538961516000029)","Unfall 207655 (2018) Kat:3, Licht: 2","207655","3","4","6","12","19","1","1","2","0","1","1","0"
"POINT (13.362206812000068 52.541148612000029)","Unfall 207656 (2018) Kat:3, Licht: 0","207656","3","4","6","11","09","4","0","0","0","1","1","0"
"POINT (13.349696831000074 52.503275416000065)","Unfall 207657 (2018) Kat:3, Licht: 2","207657","3","2","6","12","19","1","1","2","0","1","1","0"
"POINT (13.383425561000024 52.511358534000067)","Unfall 207658 (2018) Kat:3, Licht: 1","207658","3","2","6","11","06","4","0","1","0","1","1","0"
"POINT (13.196047133000036 52.542767429000037)","Unfall 207659 (2018) Kat:3, Licht: 2","207659","3","5","1","12","19","1","1","2","0","1","0","0"
"POINT (13.319925419000072 52.467117079000047)","Unfall 207660 (2018) Kat:3, Licht: 1","207660","3","2","6","11","08","4","0","1","0","0","1","0"
"POINT (13.331523773000072 52.561971149000044)","Unfall 207661 (2018) Kat:3, Licht: 2","207661","3","6","2","12","18","1","1","2","0","1","0","0"
"POINT (13.329264426000066 52.463800956000057)","Unfall 207662 (2018) Kat:3, Licht: 0","207662","3","7","0","12","14","1","0","0","0","1","0","1"
"POINT (13.375729573000058 52.531078799000056)","Unfall 207663 (2018) Kat:3, Licht: 2","207663","3","2","2","11","18","4","0","2","1","1","0","0"
"POINT (13.508380501000033 52.410676222000063)","Unfall 207664 (2018) Kat:3, Licht: 0","207664","3","3","5","11","08","4","0","0","1","1","0","0"
"POINT (13.518797557000028 52.510836089000065)","Unfall 207665 (2018) Kat:3, Licht: 2","207665","3","6","2","12","18","1","1","2","0","1","0","0"
"POINT (13.474530396000034 52.438896134000061)","Unfall 207666 (2018) Kat:3, Licht: 0","207666","3","2","2","11","08","4","0","0","0","1","0","0"
"POINT (13.432032278000065 52.499331156000039)","Unfall 207667 (2018) Kat:3, Licht: 0","207667","3","3","5","11","07","4","0","0","0","1","0","0"
"POINT (13.329791656000054 52.522776627000042)","Unfall 207668 (2018) Kat:3, Licht: 2","207668","3","2","6","12","18","1","1","2","0","1","1","0"
"POINT (13.377351434000047 52.480324265000036)","Unfall 207669 (2018) Kat:3, Licht: 2","207669","3","6","3","11","06","4","0","2","0","1","0","0"
"POINT (13.452413089000061 52.512479610000071)","Unfall 207670 (2018) Kat:3, Licht: 0","207670","3","2","5","12","13","1","0","0","1","1","0","0"
"POINT (13.427547799000024 52.567941763000078)","Unfall 207671 (2018) Kat:3, Licht: 2","207671","3","2","5","11","06","4","0","2","1","1","0","0"
"POINT (13.328121588000045 52.508089205000033)","Unfall 207672 (2018) Kat:3, Licht: 0","207672","3","3","5","12","12","1","0","0","0","1","0","0"
"POINT (13.405846785000051 52.489514422000070)","Unfall 207673 (2018) Kat:3, Licht: 0","207673","3","2","5","11","14","4","0","0","1","1","0","0"
"POINT (13.469985712000039 52.502262606000045)","Unfall 207674 (2018) Kat:3, Licht: 2","207674","3","2","6","12","17","1","1","2","0","1","1","0"
"POINT (13.446944743000074 52.554828921000080)","Unfall 207675 (2018) Kat:3, Licht: 1","207675","3","4","6","11","06","4","0","1","0","1","1","0"
"POINT (13.258635943000058 52.599318632000063)","Unfall 207676 (2018) Kat:3, Licht: 2","207676","3","7","7","11","16","4","0","2","0","1","0","0"
"POINT (13.458692888000030 52.527625095000076)","Unfall 207677 (2018) Kat:2, Licht: 1","207677","2","4","6","12","17","1","1","1","0","0","1","0"
"POINT (13.464233304000061 52.523600550000026)","Unfall 207678 (2018) Kat:3, Licht: 0","207678","3","2","6","11","10","4","0","0","0","1","1","0"
"POINT (13.379333453000072 52.445301777000054)","Unfall 207679 (2018) Kat:2, Licht: 1","207679","2","2","6","12","16","1","1","1","0","1","1","0"
"POINT (13.476877397000067 52.563256469000066)","Unfall 207680 (2018) Kat:3, Licht: 2","207680","3","3","5","11","16","4","0","2","0","1","0","0"
"POINT (13.412073362000058 52.531249770000045)","Unfall 207681 (2018) Kat:2, Licht: 0","207681","2","4","6","11","15","4","0","0","1","0","1","0"
"POINT (13.396024379000039 52.538367351000034)","Unfall 207682 (2018) Kat:2, Licht: 1","207682","2","2","6","12","16","1","1","1","0","1","1","0"
"POINT (13.458213564000062 52.499626787000068)","Unfall 207683 (2018) Kat:3, Licht: 0","207683","3","3","5","11","15","4","0","0","1","1","0","0"
"POINT (13.219600193000076 52.537086556000077)","Unfall 207684 (2018) Kat:3, Licht: 1","207684","3","3","5","12","15","1","1","1","0","1","0","0"
"POINT (13.300598983000043 52.503534779000063)","Unfall 207685 (2018) Kat:3, Licht: 0","207685","3","6","3","11","14","4","0","0","1","1","0","0"
"POINT (13.388576625000042 52.532646180000029)","Unfall 207686 (2018) Kat:3, Licht: 1","207686","3","5","1","12","15","1","1","1","1","1","0","0"
"POINT (13.386303775000044 52.549739637000073)","Unfall 207687 (2018) Kat:3, Licht: 0","207687","3","7","0","11","07","4","0","0","1","1","0","0"
"POINT (13.455141279000031 52.559370064000063)","Unfall 207688 (2018) Kat:3, Licht: 0","207688","3","3","2","12","14","1","1","0","0","1","0","1"
"POINT (13.348774949000074 52.548568818000035)","Unfall 207689 (2018) Kat:3, Licht: 0","207689","3","4","0","11","14","3","0","0","1","0","1","0"
"POINT (13.197661783000058 52.520348679000051)","Unfall 207690 (2018) Kat:3, Licht: 2","207690","3","3","5","11","17","3","0","2","0","1","0","0"
"POINT (13.429718148000063 52.521086097000079)","Unfall 207691 (2018) Kat:3, Licht: 0","207691","3","3","5","12","14","1","1","0","0","1","0","0"
"POINT (13.388020696000069 52.502677524000035)","Unfall 207692 (2018) Kat:2, Licht: 1","207692","2","5","1","12","13","1","1","1","1","1","0","0"
"POINT (13.346798507000074 52.494380488000047)","Unfall 207693 (2018) Kat:3, Licht: 1","207693","3","6","2","11","16","3","0","1","0","1","0","0"
"POINT (13.410058176000064 52.481842278000045)","Unfall 207694 (2018) Kat:2, Licht: 0","207694","2","1","1","12","08","1","0","0","0","1","0","0"
"POINT (13.385240539000051 52.471995117000063)","Unfall 207695 (2018) Kat:2, Licht: 2","207695","2","1","8","12","06","1","1","2","0","1","0","0"
"POINT (13.397568884000066 52.495251978000056)","Unfall 207696 (2018) Kat:3, Licht: 0","207696","3","1","0","11","15","3","0","0","1","0","0","0"
"POINT (13.528177909000021 52.537416261000033)","Unfall 207697 (2018) Kat:2, Licht: 2","207697","2","1","9","12","05","1","1","2","0","1","0","0"
"POINT (13.489959953000039 52.420132681000041)","Unfall 207698 (2018) Kat:1, Licht: 2","207698","1","4","6","12","17","1","1","2","0","1","1","0"
"POINT (13.455215005000071 52.474171642000044)","Unfall 207699 (2018) Kat:3, Licht: 0","207699","3","6","2","11","15","3","0","0","0","1","0","0"
"POINT (13.562062478000030 52.566486729000076)","Unfall 207700 (2018) Kat:3, Licht: 2","207700","3","3","5","12","17","7","1","2","0","1","0","0"
"POINT (13.402823508000040 52.463424264000082)","Unfall 207701 (2018) Kat:3, Licht: 0","207701","3","6","2","11","12","3","0","0","0","1","0","0"
"POINT (13.328509952000047 52.465054499000075)","Unfall 207702 (2018) Kat:3, Licht: 1","207702","3","2","5","12","17","7","1","1","0","1","0","1"
"POINT (13.378147009000031 52.489530663000039)","Unfall 207703 (2018) Kat:3, Licht: 0","207703","3","6","2","11","09","3","0","0","0","1","0","1"
"POINT (13.433889779000026 52.477811371000030)","Unfall 207704 (2018) Kat:3, Licht: 0","207704","3","5","5","12","16","7","0","0","0","1","0","1"
"POINT (13.336423932000059 52.463250395000046)","Unfall 207705 (2018) Kat:3, Licht: 0","207705","3","2","3","11","09","3","0","0","1","1","0","0"
"POINT (13.359599126000035 52.419129133000069)","Unfall 207706 (2018) Kat:3, Licht: 2","207706","3","6","2","12","17","7","1","2","0","1","0","0"
"POINT (13.445500700000025 52.581958021000048)","Unfall 207707 (2018) Kat:3, Licht: 2","207707","3","6","2","12","17","7","1","2","0","1","0","0"
"POINT (13.395129536000070 52.546004168000081)","Unfall 207708 (2018) Kat:3, Licht: 2","207708","3","3","5","11","17","3","0","2","1","1","0","0"
"POINT (13.319665795000049 52.471773667000036)","Unfall 207709 (2018) Kat:3, Licht: 2","207709","3","6","0","12","17","7","1","2","0","0","1","1"
"POINT (13.449808276000056 52.428076565000026)","Unfall 207710 (2018) Kat:3, Licht: 2","207710","3","6","3","12","17","7","1","2","0","1","0","0"
"POINT (13.343022677000022 52.504808058000037)","Unfall 207711 (2018) Kat:3, Licht: 0","207711","3","3","5","11","09","3","0","0","1","1","0","0"
"POINT (13.457691091000072 52.528881745000035)","Unfall 207712 (2018) Kat:3, Licht: 2","207712","3","2","5","12","16","7","1","2","0","1","0","0"
"POINT (13.460099591000073 52.431993602000034)","Unfall 207713 (2018) Kat:2, Licht: 0","207713","2","2","5","11","09","3","0","0","0","1","0","0"
"POINT (13.505424338000068 52.537024208000048)","Unfall 207714 (2018) Kat:3, Licht: 0","207714","3","2","2","11","08","3","0","0","1","1","0","0"
"POINT (13.286182783000072 52.591909510000050)","Unfall 207715 (2018) Kat:3, Licht: 0","207715","3","3","5","12","15","7","1","0","0","1","0","1"
"POINT (13.430222119000064 52.510125362000053)","Unfall 207716 (2018) Kat:2, Licht: 0","207716","2","3","5","11","08","3","0","0","1","0","0","0"
"POINT (13.267311619000054 52.408964182000034)","Unfall 207717 (2018) Kat:2, Licht: 1","207717","2","3","5","12","15","7","1","1","0","1","0","1"
"POINT (13.328616846000045 52.473201491000054)","Unfall 207718 (2018) Kat:3, Licht: 0","207718","3","6","2","11","08","3","0","0","0","1","0","0"
"POINT (13.269140441000047 52.511460460000080)","Unfall 207719 (2018) Kat:3, Licht: 0","207719","3","6","2","12","14","7","1","0","0","1","0","0"
"POINT (13.409759858000029 52.416634824000027)","Unfall 207720 (2018) Kat:3, Licht: 0","207720","3","3","5","11","07","3","0","0","1","1","0","0"
"POINT (13.257515334000061 52.421196169000041)","Unfall 207721 (2018) Kat:3, Licht: 0","207721","3","3","5","12","14","7","1","0","0","1","0","0"
"POINT (13.282343059000027 52.590895578000072)","Unfall 207722 (2018) Kat:3, Licht: 0","207722","3","2","5","12","13","7","1","0","0","1","0","0"
"POINT (13.518760522000036 52.576258007000035)","Unfall 207723 (2018) Kat:3, Licht: 1","207723","3","3","5","11","07","4","0","1","1","1","0","0"
"POINT (13.592182117000050 52.546440451000080)","Unfall 207724 (2018) Kat:3, Licht: 0","207724","3","2","6","11","07","3","1","0","0","1","1","0"
"POINT (13.654562596000062 52.411030459000074)","Unfall 207725 (2018) Kat:3, Licht: 0","207725","3","3","5","12","12","7","1","0","0","1","0","0"
"POINT (13.303741577000039 52.525529180000035)","Unfall 207726 (2018) Kat:2, Licht: 1","207726","2","3","5","11","07","3","0","1","1","1","0","0"
"POINT (13.477792529000055 52.548110688000065)","Unfall 207727 (2018) Kat:3, Licht: 2","207727","3","3","5","11","06","3","1","2","1","1","0","0"
"POINT (13.323401289000060 52.457105789000082)","Unfall 207728 (2018) Kat:2, Licht: 0","207728","2","3","6","12","11","7","0","0","0","1","1","0"
"POINT (13.612188799000023 52.513513681000063)","Unfall 207729 (2018) Kat:3, Licht: 2","207729","3","5","1","11","06","3","0","2","1","1","0","0"
"POINT (13.592531563000023 52.548481841000068)","Unfall 207730 (2018) Kat:3, Licht: 2","207730","3","6","2","12","19","7","1","2","0","1","0","0"
"POINT (13.353091501000051 52.433295544000032)","Unfall 207731 (2018) Kat:3, Licht: 2","207731","3","3","5","11","21","3","0","2","0","1","0","0"
"POINT (13.418239800000038 52.499822862000030)","Unfall 207732 (2018) Kat:3, Licht: 2","207732","3","6","3","12","02","7","0","2","1","1","0","0"
"POINT (13.314319447000059 52.424047273000042)","Unfall 207733 (2018) Kat:3, Licht: 2","207733","3","2","6","12","18","7","0","2","0","1","1","0"
"POINT (13.424831644000051 52.499745447000066)","Unfall 207734 (2018) Kat:3, Licht: 2","207734","3","6","2","11","20","3","0","2","1","0","0","0"
"POINT (13.440767097000048 52.504811757000027)","Unfall 207735 (2018) Kat:3, Licht: 2","207735","3","1","0","12","05","7","1","2","0","0","0","0"
"POINT (13.532400767000070 52.457117333000042)","Unfall 207736 (2018) Kat:3, Licht: 0","207736","3","7","6","11","13","4","0","0","0","1","1","0"
"POINT (13.455605091000052 52.479503260000058)","Unfall 207737 (2018) Kat:3, Licht: 2","207737","3","2","6","11","19","3","0","2","0","1","1","0"
"POINT (13.289508551000040 52.509499550000044)","Unfall 207738 (2018) Kat:3, Licht: 0","207738","3","2","0","12","15","7","1","0","1","1","0","0"
"POINT (13.359711886000071 52.523457997000037)","Unfall 207739 (2018) Kat:3, Licht: 1","207739","3","3","5","11","18","3","0","1","0","1","0","0"
"POINT (13.256720364000046 52.565676800000062)","Unfall 207740 (2018) Kat:2, Licht: 2","207740","2","5","1","11","01","3","0","2","0","1","0","1"
"POINT (13.380921370000067 52.485004347000029)","Unfall 207741 (2018) Kat:3, Licht: 2","207741","3","7","0","11","21","6","1","2","0","1","0","0"
"POINT (13.301293252000050 52.456278002000033)","Unfall 207742 (2018) Kat:2, Licht: 0","207742","2","5","1","11","08","2","0","0","1","1","0","0"
"POINT (13.402834602000041 52.493870008000044)","Unfall 207743 (2018) Kat:3, Licht: 2","207743","3","2","5","11","22","6","1","2","1","1","0","0"
"POINT (13.367844125000033 52.568425818000037)","Unfall 207744 (2018) Kat:3, Licht: 2","207744","3","5","1","11","22","2","0","2","1","1","0","0"
"POINT (13.198642390000032 52.533031152000035)","Unfall 207745 (2018) Kat:3, Licht: 2","207745","3","2","6","11","20","6","1","2","0","1","1","0"
"POINT (13.332742746000065 52.476202293000028)","Unfall 207746 (2018) Kat:3, Licht: 2","207746","3","4","6","11","19","2","0","2","1","0","1","0"
"POINT (13.360534771000061 52.596786824000048)","Unfall 207747 (2018) Kat:3, Licht: 2","207747","3","2","6","11","19","6","1","2","0","1","1","0"
"POINT (13.304729995000059 52.514749182000060)","Unfall 207748 (2018) Kat:3, Licht: 2","207748","3","4","6","11","19","2","0","2","0","1","1","0"
"POINT (13.334379051000042 52.498395712000047)","Unfall 207749 (2018) Kat:3, Licht: 0","207749","3","3","5","11","14","4","0","0","1","1","0","0"
"POINT (13.377400023000064 52.514614903000052)","Unfall 207750 (2018) Kat:3, Licht: 2","207750","3","2","0","11","19","6","1","2","0","1","0","1"
"POINT (13.401991798000040 52.446736504000057)","Unfall 207751 (2018) Kat:3, Licht: 2","207751","3","7","5","11","19","2","0","2","0","1","0","0"
"POINT (13.357447293000064 52.423012584000048)","Unfall 207752 (2018) Kat:2, Licht: 2","207752","2","7","5","11","18","2","0","2","0","1","0","0"
"POINT (13.350706504000073 52.532389882000075)","Unfall 207753 (2018) Kat:3, Licht: 2","207753","3","2","6","11","19","6","1","2","0","1","1","0"
"POINT (13.581067635000068 52.416842449000058)","Unfall 207754 (2018) Kat:3, Licht: 2","207754","3","2","0","11","19","6","1","2","1","0","0","0"
"POINT (13.389678402000072 52.523980214000062)","Unfall 207755 (2018) Kat:3, Licht: 2","207755","3","5","1","11","18","2","0","2","0","1","0","1"
"POINT (13.288160578000031 52.588896407000050)","Unfall 207756 (2018) Kat:3, Licht: 2","207756","3","7","2","11","19","6","1","2","0","1","0","0"
"POINT (13.267881842000065 52.445503663000068)","Unfall 207757 (2018) Kat:3, Licht: 2","207757","3","3","5","11","18","6","1","2","1","1","0","0"
"POINT (13.230033372000037 52.430858976000081)","Unfall 207758 (2018) Kat:3, Licht: 2","207758","3","2","5","11","18","2","0","2","0","1","0","0"
"POINT (13.426847594000037 52.487381723000055)","Unfall 207759 (2018) Kat:3, Licht: 2","207759","3","7","6","11","18","6","1","2","0","1","1","0"
"POINT (13.285880480000060 52.595038241000054)","Unfall 207760 (2018) Kat:3, Licht: 2","207760","3","2","3","11","18","2","1","2","0","1","0","0"
"POINT (13.335572966000029 52.526689493000049)","Unfall 207761 (2018) Kat:2, Licht: 2","207761","2","2","6","11","18","6","1","2","0","1","1","0"
"POINT (13.219067422000023 52.527748026000040)","Unfall 207762 (2018) Kat:3, Licht: 2","207762","3","7","2","11","17","2","0","2","0","1","0","0"
"POINT (13.582904602000042 52.462099361000071)","Unfall 207763 (2018) Kat:3, Licht: 0","207763","3","6","2","11","14","6","1","0","0","1","0","0"
"POINT (13.620836839000049 52.505192971000042)","Unfall 207764 (2018) Kat:3, Licht: 0","207764","3","3","5","11","14","6","1","0","1","1","0","0"
"POINT (13.416086649000022 52.560865650000039)","Unfall 207765 (2018) Kat:2, Licht: 2","207765","2","6","6","11","17","2","0","2","0","1","1","0"
"POINT (13.508231814000055 52.565288443000043)","Unfall 207766 (2018) Kat:3, Licht: 0","207766","3","2","0","11","14","6","1","0","1","1","0","0"
"POINT (13.267847805000031 52.445530573000042)","Unfall 207767 (2018) Kat:3, Licht: 1","207767","3","3","5","11","14","6","1","1","1","1","0","0"
"POINT (13.356510601000025 52.525353955000071)","Unfall 207768 (2018) Kat:2, Licht: 0","207768","2","5","1","11","13","6","1","0","0","1","0","0"
"POINT (13.348883750000027 52.515121844000078)","Unfall 207769 (2018) Kat:3, Licht: 2","207769","3","3","5","11","18","6","1","2","1","1","0","0"
"POINT (13.602156080000043 52.536085911000043)","Unfall 207770 (2018) Kat:3, Licht: 2","207770","3","3","5","11","16","2","0","2","0","1","0","0"
"POINT (13.429586915000073 52.498138765000078)","Unfall 207771 (2018) Kat:3, Licht: 0","207771","3","3","5","11","11","6","1","0","0","1","0","0"
"POINT (13.322930613000040 52.505724055000030)","Unfall 207772 (2018) Kat:3, Licht: 2","207772","3","2","6","11","18","6","1","2","0","1","1","0"
"POINT (13.485333851000064 52.526877125000055)","Unfall 207773 (2018) Kat:3, Licht: 2","207773","3","1","0","11","16","2","0","2","1","0","0","0"
"POINT (13.457731649000038 52.528830242000026)","Unfall 207774 (2018) Kat:3, Licht: 0","207774","3","2","5","11","09","6","0","0","0","1","0","0"
"POINT (13.470713968000041 52.502223270000059)","Unfall 207775 (2018) Kat:3, Licht: 2","207775","3","6","3","11","16","2","0","2","0","1","0","0"
"POINT (13.343698416000052 52.546304011000075)","Unfall 207776 (2018) Kat:2, Licht: 0","207776","2","2","5","11","10","6","1","0","1","1","0","0"
"POINT (13.385655741000051 52.445559178000053)","Unfall 207777 (2018) Kat:3, Licht: 1","207777","3","6","6","11","15","2","0","1","0","0","1","0"
"POINT (13.280975730000023 52.632793661000051)","Unfall 207778 (2018) Kat:3, Licht: 0","207778","3","3","5","11","09","6","0","0","0","1","0","0"
"POINT (13.465851254000029 52.526335305000032)","Unfall 207779 (2018) Kat:3, Licht: 1","207779","3","5","1","11","15","2","0","1","0","1","0","0"
"POINT (13.467862857000057 52.555011518000072)","Unfall 207780 (2018) Kat:3, Licht: 0","207780","3","4","6","11","08","6","0","0","0","1","1","0"
"POINT (13.376208033000069 52.487721548000081)","Unfall 207781 (2018) Kat:3, Licht: 2","207781","3","7","0","11","18","4","1","2","1","0","0","0"
"POINT (13.359347414000069 52.456641338000054)","Unfall 207782 (2018) Kat:3, Licht: 2","207782","3","2","6","12","16","2","1","2","0","1","1","0"
"POINT (13.413094523000041 52.481179513000029)","Unfall 207783 (2018) Kat:3, Licht: 1","207783","3","6","2","11","17","2","0","1","0","1","0","0"
"POINT (13.204570106000062 52.542040607000047)","Unfall 207784 (2018) Kat:3, Licht: 0","207784","3","7","5","11","08","6","0","0","0","1","0","0"
"POINT (13.409703442000023 52.528820284000062)","Unfall 207785 (2018) Kat:3, Licht: 0","207785","3","7","0","11","14","2","0","0","0","0","0","0"
"POINT (13.440968722000036 52.518295153000054)","Unfall 207786 (2018) Kat:3, Licht: 0","207786","3","7","1","11","09","2","0","0","0","1","0","0"
"POINT (13.510182569000051 52.453415431000053)","Unfall 207787 (2018) Kat:3, Licht: 0","207787","3","7","6","12","11","2","0","0","1","0","1","0"
"POINT (13.283394461000057 52.518517806000034)","Unfall 207788 (2018) Kat:3, Licht: 0","207788","3","2","2","11","08","2","0","0","0","1","0","0"
"POINT (13.328339474000074 52.460308480000037)","Unfall 207789 (2018) Kat:3, Licht: 1","207789","3","2","5","11","07","6","0","1","0","1","0","0"