WKT,Name,OBJECTID,UKATEGORIE,UTYP1,UART,UMONAT,USTUNDE,UWOCHENTAG,STRZUSTAND,ULICHTVERH,ISTRAD,ISTPKW,ISTFUSS,ISTKRAD
"POINT (13.405996350000066 52.498322910000070)","Unfall 207790 (2018) Kat:3, Licht: 0","207790","3","6","3","11","12","2","0","0","1","0","0","0"
"POINT (13.365276371000050 52.597164492000047)","Unfall 207791 (2018) Kat:3, Licht: 2","207791","3","5","0","11","15","2","0","2","0","1","0","0"
"POINT (13.329784753000069 52.539175364000073)","Unfall 207792 (2018) Kat:3, Licht: 2","207792","3","1","9","11","00","6","0","2","0","1","0","0"
"POINT (13.494811385000048 52.559565948000056)","Unfall 207793 (2018) Kat:3, Licht: 0","207793","3","7","5","11","15","2","0","0","0","0","0","0"
"POINT (13.524001302000045 52.453106354000056)","Unfall 207794 (2018) Kat:3, Licht: 2","207794","3","2","6","11","17","6","1","2","0","1","1","0"
"POINT (13.351064242000064 52.530764883000074)","Unfall 207795 (2018) Kat:3, Licht: 0","207795","3","7","0","12","15","2","1","0","1","1","0","0"
"POINT (13.380760864000024 52.552638974000047)","Unfall 207796 (2018) Kat:3, Licht: 0","207796","3","5","1","11","13","2","0","0","0","1","0","0"
"POINT (13.440298042000052 52.516043807000074)","Unfall 207797 (2018) Kat:3, Licht: 2","207797","3","7","6","11","17","6","1","2","1","0","1","0"
"POINT (13.398012447000042 52.584866334000026)","Unfall 207798 (2018) Kat:3, Licht: 0","207798","3","3","5","11","14","4","0","0","0","1","0","0"
"POINT (13.275344825000047 52.460922951000043)","Unfall 207799 (2018) Kat:3, Licht: 0","207799","3","3","5","12","15","2","1","0","1","1","0","0"
"POINT (13.449453740000024 52.537073168000063)","Unfall 207800 (2018) Kat:3, Licht: 2","207800","3","2","5","11","16","6","1","2","1","1","0","0"
"POINT (13.330333057000075 52.500515963000055)","Unfall 207801 (2018) Kat:3, Licht: 0","207801","3","5","1","11","12","2","0","0","1","1","0","0"
"POINT (13.334589476000076 52.495968480000045)","Unfall 207802 (2018) Kat:3, Licht: 0","207802","3","3","5","11","12","2","0","0","0","1","0","0"
"POINT (13.375896524000041 52.512010095000051)","Unfall 207803 (2018) Kat:3, Licht: 2","207803","3","7","4","11","16","6","1","2","1","1","0","0"
"POINT (13.286528465000060 52.518798838000066)","Unfall 207804 (2018) Kat:3, Licht: 0","207804","3","2","5","11","12","2","0","0","1","0","0","0"
"POINT (13.352777830000036 52.503853174000028)","Unfall 207805 (2018) Kat:3, Licht: 2","207805","3","2","3","11","16","6","1","2","0","1","0","1"
"POINT (13.332842685000060 52.578004952000072)","Unfall 207806 (2018) Kat:3, Licht: 0","207806","3","1","0","12","13","2","1","0","0","0","0","1"
"POINT (13.357893483000055 52.496518138000056)","Unfall 207807 (2018) Kat:3, Licht: 2","207807","3","4","6","11","17","6","1","2","0","1","1","0"
"POINT (13.422925432000056 52.604883387000029)","Unfall 207808 (2018) Kat:3, Licht: 0","207808","3","3","5","11","11","2","0","0","1","0","0","0"
"POINT (13.267410789000053 52.408897737000075)","Unfall 207809 (2018) Kat:3, Licht: 2","207809","3","2","2","11","15","6","1","2","0","1","0","0"
"POINT (13.460155929000052 52.431752223000046)","Unfall 207810 (2018) Kat:3, Licht: 2","207810","3","2","6","12","21","2","1","2","0","1","1","0"
"POINT (13.308091722000029 52.577360490000046)","Unfall 207811 (2018) Kat:3, Licht: 0","207811","3","6","2","11","11","2","0","0","0","1","0","0"
"POINT (13.448184847000050 52.478128755000057)","Unfall 207812 (2018) Kat:3, Licht: 2","207812","3","6","2","11","16","6","1","2","0","1","0","0"
"POINT (13.618243348000021 52.455440177000071)","Unfall 207813 (2018) Kat:3, Licht: 2","207813","3","3","6","12","20","2","1","2","0","1","1","0"
"POINT (13.343351141000028 52.583061201000078)","Unfall 207814 (2018) Kat:3, Licht: 2","207814","3","6","2","11","16","6","1","2","0","1","0","0"
"POINT (13.577324194000028 52.547741834000078)","Unfall 207815 (2018) Kat:3, Licht: 0","207815","3","3","5","11","10","2","0","0","1","1","0","0"
"POINT (13.335295309000060 52.499275487000034)","Unfall 207816 (2018) Kat:3, Licht: 0","207816","3","2","2","11","10","2","0","0","0","1","0","0"
"POINT (13.290518858000041 52.499439700000039)","Unfall 207817 (2018) Kat:3, Licht: 2","207817","3","4","6","11","16","6","1","2","0","1","1","0"
"POINT (13.506937510000057 52.564034734000074)","Unfall 207818 (2018) Kat:2, Licht: 2","207818","2","4","6","11","17","6","1","2","0","0","1","0"
"POINT (13.458819755000036 52.526620651000030)","Unfall 207819 (2018) Kat:3, Licht: 0","207819","3","2","5","11","10","2","0","0","1","1","0","0"
"POINT (13.309446230000049 52.492010030000074)","Unfall 207820 (2018) Kat:3, Licht: 2","207820","3","6","2","11","19","6","1","2","0","1","0","0"
"POINT (13.352735873000029 52.484535596000057)","Unfall 207821 (2018) Kat:3, Licht: 2","207821","3","4","6","11","16","6","1","2","0","1","1","0"
"POINT (13.345200637000062 52.498902398000041)","Unfall 207822 (2018) Kat:3, Licht: 2","207822","3","2","0","12","19","2","0","2","1","1","0","0"
"POINT (13.382677048000062 52.467014122000080)","Unfall 207823 (2018) Kat:3, Licht: 1","207823","3","3","5","11","17","1","0","1","0","1","0","0"
"POINT (13.287044817000037 52.583816775000059)","Unfall 207824 (2018) Kat:3, Licht: 2","207824","3","5","1","11","17","6","1","2","1","1","0","0"
"POINT (13.294078126000045 52.551972125000077)","Unfall 207825 (2018) Kat:3, Licht: 2","207825","3","7","2","11","17","1","0","2","0","1","0","0"
"POINT (13.323408962000030 52.510999933000051)","Unfall 207826 (2018) Kat:3, Licht: 2","207826","3","2","5","12","18","2","1","2","0","1","0","1"
"POINT (13.440099052000051 52.555942802000061)","Unfall 207827 (2018) Kat:3, Licht: 2","207827","3","3","5","11","16","6","1","2","1","1","0","0"
"POINT (13.341370349000044 52.526411608000046)","Unfall 207828 (2018) Kat:3, Licht: 2","207828","3","6","2","11","19","1","0","2","0","1","0","0"
"POINT (13.340652265000074 52.551356159000079)","Unfall 207829 (2018) Kat:3, Licht: 1","207829","3","4","6","11","15","6","1","1","0","1","1","0"
"POINT (13.325430494000045 52.589573658000063)","Unfall 207830 (2018) Kat:3, Licht: 2","207830","3","2","0","11","16","1","0","2","1","1","0","0"
"POINT (13.548630303000039 52.438104566000050)","Unfall 207831 (2018) Kat:3, Licht: 0","207831","3","7","6","12","13","2","1","0","1","0","1","0"
"POINT (13.302991984000073 52.623107990000051)","Unfall 207832 (2018) Kat:3, Licht: 0","207832","3","5","1","11","15","6","1","0","0","1","0","0"
"POINT (13.403320643000029 52.532123265000052)","Unfall 207833 (2018) Kat:3, Licht: 1","207833","3","5","1","11","16","1","0","1","1","1","0","0"
"POINT (13.452363366000043 52.481306972000027)","Unfall 207834 (2018) Kat:3, Licht: 2","207834","3","3","5","11","17","6","1","2","0","1","0","0"
"POINT (13.410515892000035 52.528668292000077)","Unfall 207835 (2018) Kat:1, Licht: 2","207835","1","5","1","11","05","6","0","2","0","1","0","0"
"POINT (13.171384762000059 52.518255653000040)","Unfall 207836 (2018) Kat:3, Licht: 0","207836","3","2","2","11","14","1","0","0","0","1","0","0"
"POINT (13.446728236000070 52.502628007000055)","Unfall 207837 (2018) Kat:3, Licht: 2","207837","3","2","5","11","19","5","0","2","1","1","0","0"
"POINT (13.379236399000035 52.524912937000067)","Unfall 207838 (2018) Kat:3, Licht: 0","207838","3","5","1","11","11","5","0","0","1","1","0","0"
"POINT (13.330423845000041 52.562465142000065)","Unfall 207839 (2018) Kat:2, Licht: 2","207839","2","4","6","12","17","2","1","2","0","1","1","0"
"POINT (13.376357534000022 52.510087853000073)","Unfall 207840 (2018) Kat:3, Licht: 0","207840","3","3","5","11","12","1","0","0","1","1","0","0"
"POINT (13.359251177000033 52.546445702000028)","Unfall 207841 (2018) Kat:2, Licht: 0","207841","2","2","5","11","11","5","0","0","0","1","0","0"
"POINT (13.418553955000050 52.551250267000057)","Unfall 207842 (2018) Kat:3, Licht: 0","207842","3","3","5","11","11","1","0","0","0","1","0","0"
"POINT (13.476090836000026 52.506735373000026)","Unfall 207843 (2018) Kat:3, Licht: 2","207843","3","6","2","11","06","1","1","2","0","1","0","0"
"POINT (13.392753703000039 52.412637463000067)","Unfall 207844 (2018) Kat:3, Licht: 0","207844","3","2","6","11","11","5","0","0","0","1","1","0"
"POINT (13.438089975000025 52.500372880000043)","Unfall 207845 (2018) Kat:3, Licht: 2","207845","3","6","2","11","03","1","0","2","0","1","0","0"
"POINT (13.306488361000049 52.516977581000049)","Unfall 207846 (2018) Kat:3, Licht: 0","207846","3","6","2","11","09","5","0","0","0","1","0","1"
"POINT (13.316981333000058 52.516958294000062)","Unfall 207847 (2018) Kat:3, Licht: 2","207847","3","5","1","11","01","1","0","2","1","1","0","0"
"POINT (13.374342366000064 52.556821744000047)","Unfall 207848 (2018) Kat:3, Licht: 0","207848","3","6","3","11","08","5","0","0","1","0","0","0"
"POINT (13.255483551000054 52.439760406000062)","Unfall 207849 (2018) Kat:3, Licht: 0","207849","3","7","6","11","12","7","1","0","1","0","1","0"
"POINT (13.290482286000042 52.474374716000057)","Unfall 207850 (2018) Kat:3, Licht: 0","207850","3","5","1","11","07","5","0","0","1","1","0","0"
"POINT (13.295849845000077 52.596927665000067)","Unfall 207851 (2018) Kat:3, Licht: 1","207851","3","7","4","11","07","5","0","1","1","1","0","0"
"POINT (13.297171549000041 52.577728329000081)","Unfall 207852 (2018) Kat:3, Licht: 2","207852","3","2","6","11","18","4","0","2","0","1","1","0"
"POINT (13.469484401000045 52.502427814000043)","Unfall 207853 (2018) Kat:3, Licht: 2","207853","3","2","2","12","17","2","1","2","0","1","0","0"
"POINT (13.516671581000026 52.470849045000080)","Unfall 207854 (2018) Kat:3, Licht: 2","207854","3","2","5","11","20","7","0","2","0","1","0","0"
"POINT (13.587050326000053 52.502809615000047)","Unfall 207855 (2018) Kat:3, Licht: 0","207855","3","2","5","11","07","5","0","0","1","1","0","0"
"POINT (13.460343855000076 52.515934499000082)","Unfall 207856 (2018) Kat:3, Licht: 2","207856","3","3","5","11","19","7","0","2","1","0","0","0"
"POINT (13.343188150000060 52.526000314000044)","Unfall 207857 (2018) Kat:3, Licht: 2","207857","3","6","3","11","16","7","0","2","0","1","0","0"
"POINT (13.315340681000066 52.450531439000031)","Unfall 207858 (2018) Kat:3, Licht: 2","207858","3","3","5","11","20","5","0","2","1","1","0","0"
"POINT (13.414362751000056 52.567016029000058)","Unfall 207859 (2018) Kat:3, Licht: 2","207859","3","6","2","11","16","7","0","2","0","1","0","0"
"POINT (13.336272590000021 52.595584876000032)","Unfall 207860 (2018) Kat:3, Licht: 2","207860","3","3","5","11","17","5","0","2","1","1","0","0"
"POINT (13.330896902000063 52.523940508000067)","Unfall 207861 (2018) Kat:3, Licht: 2","207861","3","6","3","12","17","2","1","2","0","1","0","0"
"POINT (13.453982372000041 52.469204961000059)","Unfall 207862 (2018) Kat:3, Licht: 1","207862","3","3","5","11","15","7","0","1","1","0","0","0"
"POINT (13.579855826000028 52.514612966000072)","Unfall 207863 (2018) Kat:3, Licht: 0","207863","3","7","2","11","11","5","0","0","0","1","0","0"
"POINT (13.277030910000065 52.516273785000067)","Unfall 207864 (2018) Kat:3, Licht: 0","207864","3","5","1","11","14","4","0","0","1","1","0","0"
"POINT (13.588835803000052 52.549084431000040)","Unfall 207865 (2018) Kat:3, Licht: 2","207865","3","6","2","12","17","2","0","2","0","1","0","0"
"POINT (13.345198884000069 52.525093725000033)","Unfall 207866 (2018) Kat:3, Licht: 0","207866","3","6","0","11","10","5","0","0","0","1","0","0"
"POINT (13.311843560000057 52.584960076000073)","Unfall 207867 (2018) Kat:3, Licht: 1","207867","3","6","3","11","15","7","0","1","1","1","0","0"
"POINT (13.316999004000024 52.502649760000054)","Unfall 207868 (2018) Kat:3, Licht: 0","207868","3","5","1","11","14","7","0","0","0","1","0","0"
"POINT (13.578043053000044 52.547929659000033)","Unfall 207869 (2018) Kat:2, Licht: 0","207869","2","6","3","11","09","5","0","0","0","1","0","0"
"POINT (13.324692272000050 52.464067720000060)","Unfall 207870 (2018) Kat:3, Licht: 2","207870","3","4","6","11","18","4","0","2","1","0","1","0"
"POINT (13.406353679000063 52.393763151000030)","Unfall 207871 (2018) Kat:3, Licht: 2","207871","3","2","6","11","18","7","0","2","0","1","1","0"
"POINT (13.510771572000067 52.575405108000041)","Unfall 207872 (2018) Kat:3, Licht: 2","207872","3","4","6","11","18","5","0","2","0","1","1","0"
"POINT (13.327731609000068 52.472522269000081)","Unfall 207873 (2018) Kat:3, Licht: 0","207873","3","3","5","11","14","7","0","0","1","0","0","0"
"POINT (13.382466044000068 52.551835527000037)","Unfall 207874 (2018) Kat:2, Licht: 2","207874","2","4","6","11","23","7","0","2","0","1","1","0"
"POINT (13.294323062000046 52.533371692000060)","Unfall 207875 (2018) Kat:3, Licht: 0","207875","3","6","2","11","10","5","0","0","0","1","0","0"
"POINT (13.447744047000072 52.436954154000034)","Unfall 207876 (2018) Kat:2, Licht: 1","207876","2","4","6","11","17","7","0","1","0","1","1","0"
"POINT (13.427823898000042 52.518114080000032)","Unfall 207877 (2018) Kat:3, Licht: 1","207877","3","6","3","11","17","5","0","1","1","0","0","0"
"POINT (13.359560869000063 52.498201992000077)","Unfall 207878 (2018) Kat:2, Licht: 2","207878","2","4","6","11","17","7","0","2","0","1","1","0"
"POINT (13.424610996000069 52.482185849000075)","Unfall 207879 (2018) Kat:3, Licht: 1","207879","3","2","6","11","17","5","0","1","0","1","1","0"
"POINT (13.321717654000054 52.501872244000026)","Unfall 207880 (2018) Kat:2, Licht: 0","207880","2","3","5","11","13","7","0","0","1","1","0","0"
"POINT (13.621151643000076 52.506211931000053)","Unfall 207881 (2018) Kat:3, Licht: 2","207881","3","7","5","11","16","5","0","2","0","1","0","1"
"POINT (13.401734115000068 52.528960559000041)","Unfall 207882 (2018) Kat:2, Licht: 0","207882","2","3","5","11","13","7","0","0","0","1","0","1"
"POINT (13.318846237000059 52.491855306000048)","Unfall 207883 (2018) Kat:3, Licht: 1","207883","3","2","5","11","15","5","0","1","1","1","0","0"
"POINT (13.329166650000047 52.575599953000051)","Unfall 207884 (2018) Kat:3, Licht: 1","207884","3","3","5","11","15","5","0","1","0","1","0","0"
"POINT (13.473660736000056 52.474931778000041)","Unfall 207885 (2018) Kat:3, Licht: 2","207885","3","2","6","11","21","7","1","2","0","1","1","0"
"POINT (13.310497019000024 52.516086700000074)","Unfall 207886 (2018) Kat:3, Licht: 1","207886","3","3","0","11","15","5","0","1","0","1","0","0"
"POINT (13.306070070000033 52.523294245000045)","Unfall 207887 (2018) Kat:3, Licht: 0","207887","3","2","5","11","12","7","0","0","0","1","0","0"
"POINT (13.177760363000061 52.548781222000059)","Unfall 207888 (2018) Kat:3, Licht: 0","207888","3","6","2","11","14","5","0","0","0","1","0","0"
"POINT (13.327349653000056 52.520379712000079)","Unfall 207889 (2018) Kat:3, Licht: 0","207889","3","2","6","11","14","5","0","0","0","1","1","0"
"POINT (13.437646655000037 52.519825791000073)","Unfall 207890 (2018) Kat:3, Licht: 0","207890","3","5","1","11","11","7","0","0","1","1","0","0"
"POINT (13.323283337000078 52.575698983000052)","Unfall 207891 (2018) Kat:3, Licht: 0","207891","3","3","5","11","13","5","0","0","1","1","0","0"
"POINT (13.510399382000060 52.444651351000061)","Unfall 207892 (2018) Kat:3, Licht: 0","207892","3","3","5","11","13","5","0","0","1","1","0","0"
"POINT (13.320333366000057 52.483831387000066)","Unfall 207893 (2018) Kat:3, Licht: 0","207893","3","7","5","11","10","7","0","0","0","1","0","1"
"POINT (13.338762420000023 52.444386273000077)","Unfall 207894 (2018) Kat:2, Licht: 0","207894","2","2","5","11","13","5","0","0","0","1","0","0"
"POINT (13.387189394000075 52.526611173000049)","Unfall 207895 (2018) Kat:3, Licht: 2","207895","3","1","0","11","01","7","0","2","1","0","0","0"
"POINT (13.440690613000072 52.517289324000046)","Unfall 207896 (2018) Kat:3, Licht: 0","207896","3","2","5","11","13","5","0","0","1","0","0","0"
"POINT (13.419678660000045 52.506082072000027)","Unfall 207897 (2018) Kat:3, Licht: 2","207897","3","3","5","11","03","7","1","2","0","1","0","0"
"POINT (13.446740951000038 52.436937523000040)","Unfall 207898 (2018) Kat:2, Licht: 0","207898","2","3","5","11","12","5","0","0","0","1","0","1"
"POINT (13.468631387000073 52.463567979000061)","Unfall 207899 (2018) Kat:3, Licht: 0","207899","3","2","5","11","12","5","0","0","0","1","0","0"
"POINT (13.308853676000069 52.518286477000061)","Unfall 207900 (2018) Kat:3, Licht: 1","207900","3","3","5","11","15","7","0","1","1","0","0","1"
"POINT (13.316624050000030 52.501255488000027)","Unfall 207901 (2018) Kat:3, Licht: 2","207901","3","1","9","11","00","5","0","2","0","1","0","0"
"POINT (13.411148533000073 52.554068678000078)","Unfall 207902 (2018) Kat:2, Licht: 0","207902","2","3","5","11","13","5","0","0","0","1","0","0"
"POINT (13.202664139000035 52.539794952000079)","Unfall 207903 (2018) Kat:3, Licht: 2","207903","3","6","2","11","19","6","0","2","0","1","0","0"
"POINT (13.575843384000052 52.490975347000074)","Unfall 207904 (2018) Kat:3, Licht: 1","207904","3","4","6","11","15","4","1","1","0","1","1","0"
"POINT (13.572448491000046 52.427377531000047)","Unfall 207905 (2018) Kat:3, Licht: 2","207905","3","5","1","11","21","6","1","2","1","1","0","0"
"POINT (13.403111522000074 52.523320343000080)","Unfall 207906 (2018) Kat:3, Licht: 0","207906","3","7","2","11","09","4","1","0","1","0","0","0"
"POINT (13.443603085000063 52.464257069000041)","Unfall 207907 (2018) Kat:3, Licht: 2","207907","3","6","3","11","21","6","0","2","0","1","0","0"
"POINT (13.299801941000055 52.521335230000034)","Unfall 207908 (2018) Kat:3, Licht: 0","207908","3","4","6","11","12","4","0","0","0","1","1","0"
"POINT (13.188766493000060 52.546766826000066)","Unfall 207909 (2018) Kat:2, Licht: 2","207909","2","4","6","11","20","6","0","2","0","1","1","0"
"POINT (13.381258856000045 52.532013442000050)","Unfall 207910 (2018) Kat:3, Licht: 0","207910","3","6","2","11","20","4","0","0","0","1","0","0"
"POINT (13.323735731000056 52.542605013000070)","Unfall 207911 (2018) Kat:2, Licht: 2","207911","2","4","6","11","20","6","0","2","0","1","1","0"
"POINT (13.431284036000022 52.504962298000066)","Unfall 207912 (2018) Kat:3, Licht: 2","207912","3","5","1","11","19","4","0","2","0","1","0","0"
"POINT (13.393874884000070 52.528549153000029)","Unfall 207913 (2018) Kat:3, Licht: 2","207913","3","2","5","11","19","6","0","2","0","1","0","0"
"POINT (13.407957769000063 52.536887262000050)","Unfall 207914 (2018) Kat:3, Licht: 2","207914","3","5","1","11","19","4","0","2","1","1","0","0"
"POINT (13.399445714000024 52.498288239000033)","Unfall 207915 (2018) Kat:3, Licht: 2","207915","3","2","5","11","23","4","0","2","0","1","0","0"
"POINT (13.398564201000056 52.532554422000032)","Unfall 207916 (2018) Kat:3, Licht: 1","207916","3","6","2","11","18","6","0","1","1","1","0","0"
"POINT (13.460150258000056 52.431940547000067)","Unfall 207917 (2018) Kat:2, Licht: 2","207917","2","7","5","11","16","6","1","2","0","1","0","1"
"POINT (13.331658488000073 52.573877384000070)","Unfall 207918 (2018) Kat:3, Licht: 2","207918","3","5","1","11","16","6","0","2","1","1","0","0"
"POINT (13.177131010000039 52.517046785000048)","Unfall 207919 (2018) Kat:3, Licht: 0","207919","3","6","2","12","12","6","1","0","0","1","0","0"
"POINT (13.485444605000055 52.526677234000033)","Unfall 207920 (2018) Kat:3, Licht: 0","207920","3","3","5","12","15","4","0","0","1","1","0","0"
"POINT (13.197020779000070 52.530381841000064)","Unfall 207921 (2018) Kat:3, Licht: 0","207921","3","3","5","12","13","6","1","0","0","1","0","1"
"POINT (13.424410436000073 52.594148132000043)","Unfall 207922 (2018) Kat:3, Licht: 0","207922","3","2","5","12","14","4","0","0","0","1","0","1"
"POINT (13.600894251000057 52.478971322000064)","Unfall 207923 (2018) Kat:3, Licht: 0","207923","3","2","5","12","12","6","1","0","0","1","0","0"
"POINT (13.436589332000040 52.423630379000031)","Unfall 207924 (2018) Kat:3, Licht: 2","207924","3","2","2","12","17","4","0","2","0","1","0","0"
"POINT (13.316121296000063 52.518691429000057)","Unfall 207925 (2018) Kat:3, Licht: 0","207925","3","7","5","12","11","6","1","0","1","1","0","0"
"POINT (13.199528954000073 52.534873141000048)","Unfall 207926 (2018) Kat:2, Licht: 0","207926","2","4","6","12","10","6","1","0","0","0","1","0"
"POINT (13.562421205000021 52.544811360000040)","Unfall 207927 (2018) Kat:3, Licht: 0","207927","3","6","2","12","13","4","0","0","0","1","0","0"
"POINT (13.607309242000042 52.533998012000040)","Unfall 207928 (2018) Kat:3, Licht: 0","207928","3","3","5","12","11","6","1","0","1","1","0","0"
"POINT (13.428932936000024 52.579098117000058)","Unfall 207929 (2018) Kat:3, Licht: 0","207929","3","3","5","12","09","6","1","0","0","1","0","0"
"POINT (13.267684267000050 52.445822061000058)","Unfall 207930 (2018) Kat:3, Licht: 0","207930","3","6","2","12","12","4","1","0","0","1","0","0"
"POINT (13.433966953000038 52.523152600000060)","Unfall 207931 (2018) Kat:2, Licht: 0","207931","2","3","5","12","09","6","1","0","1","1","0","0"
"POINT (13.434541398000022 52.549273875000040)","Unfall 207932 (2018) Kat:3, Licht: 0","207932","3","6","2","12","11","4","1","0","0","1","0","0"
"POINT (13.499431756000035 52.562437833000047)","Unfall 207933 (2018) Kat:2, Licht: 0","207933","2","3","5","12","07","6","1","0","1","1","0","0"
"POINT (13.495301333000043 52.431656188000034)","Unfall 207934 (2018) Kat:3, Licht: 1","207934","3","2","5","12","06","4","1","1","0","1","0","0"
"POINT (13.470538479000027 52.466512340000065)","Unfall 207935 (2018) Kat:3, Licht: 1","207935","3","6","2","12","07","6","1","1","0","1","0","0"
"POINT (13.612208236000072 52.512627193000071)","Unfall 207936 (2018) Kat:3, Licht: 2","207936","3","3","5","12","06","4","1","2","1","1","0","0"
"POINT (13.351704613000038 52.429591585000026)","Unfall 207937 (2018) Kat:3, Licht: 1","207937","3","2","6","12","07","6","1","1","0","1","1","0"
"POINT (13.434810961000039 52.450963002000037)","Unfall 207938 (2018) Kat:3, Licht: 0","207938","3","6","3","12","10","4","0","0","0","1","0","0"
"POINT (13.326713648000066 52.502730249000081)","Unfall 207939 (2018) Kat:3, Licht: 0","207939","3","5","1","12","11","4","1","0","1","1","0","0"
"POINT (13.523766494000029 52.565550263000034)","Unfall 207940 (2018) Kat:3, Licht: 1","207940","3","7","6","12","07","6","1","1","0","1","1","0"
"POINT (13.283316022000065 52.512049347000072)","Unfall 207941 (2018) Kat:3, Licht: 2","207941","3","7","6","12","06","6","1","2","0","1","1","0"
"POINT (13.562392116000069 52.456584441000075)","Unfall 207942 (2018) Kat:3, Licht: 0","207942","3","2","3","12","10","4","0","0","0","1","0","1"
"POINT (13.422294855000075 52.505449081000052)","Unfall 207943 (2018) Kat:3, Licht: 0","207943","3","3","5","12","10","4","1","0","1","1","0","0"
"POINT (13.247025463000057 52.543975778000060)","Unfall 207944 (2018) Kat:3, Licht: 2","207944","3","2","6","12","05","6","1","2","0","0","1","0"
"POINT (13.409976005000033 52.510691938000036)","Unfall 207945 (2018) Kat:3, Licht: 0","207945","3","2","2","12","09","4","1","0","1","1","0","0"
"POINT (13.360474472000021 52.576293905000057)","Unfall 207946 (2018) Kat:3, Licht: 0","207946","3","7","5","12","09","4","1","0","0","1","0","1"
"POINT (13.366486768000073 52.585122655000077)","Unfall 207947 (2018) Kat:3, Licht: 2","207947","3","6","2","12","05","6","1","2","0","1","0","1"
"POINT (13.532039062000024 52.484011718000033)","Unfall 207948 (2018) Kat:3, Licht: 0","207948","3","3","5","12","08","4","1","0","0","1","0","1"
"POINT (13.447499782000023 52.517520742000045)","Unfall 207949 (2018) Kat:2, Licht: 2","207949","2","2","5","12","03","6","1","2","1","0","0","0"
"POINT (13.206068765000055 52.542104188000053)","Unfall 207950 (2018) Kat:3, Licht: 0","207950","3","4","6","12","07","4","1","0","0","1","1","0"
"POINT (13.304269546000057 52.525652551000064)","Unfall 207951 (2018) Kat:3, Licht: 0","207951","3","1","0","12","13","6","1","0","0","0","0","1"
"POINT (13.475019238000073 52.553293975000031)","Unfall 207952 (2018) Kat:3, Licht: 0","207952","3","4","6","12","07","4","0","0","0","0","1","0"
"POINT (13.382975570000042 52.530630208000048)","Unfall 207953 (2018) Kat:3, Licht: 2","207953","3","2","6","12","06","4","1","2","0","1","1","0"
"POINT (13.465941696000073 52.465030053000078)","Unfall 207954 (2018) Kat:3, Licht: 0","207954","3","3","5","12","15","5","1","0","1","1","0","0"
"POINT (13.361906208000050 52.414879806000044)","Unfall 207955 (2018) Kat:2, Licht: 1","207955","2","4","6","12","07","4","1","1","0","1","1","0"
"POINT (13.348939860000030 52.515103471000032)","Unfall 207956 (2018) Kat:3, Licht: 2","207956","3","2","2","12","06","3","1","2","0","1","0","0"
"POINT (13.391447710000023 52.500982843000031)","Unfall 207957 (2018) Kat:3, Licht: 2","207957","3","3","0","12","00","5","0","2","1","1","0","0"
"POINT (13.464733619000071 52.470128696000074)","Unfall 207958 (2018) Kat:3, Licht: 2","207958","3","2","6","12","06","3","1","2","0","1","1","0"
"POINT (13.503338132000067 52.636598132000074)","Unfall 207959 (2018) Kat:3, Licht: 2","207959","3","4","6","12","06","3","1","2","0","0","1","0"
"POINT (13.368860569000049 52.409738592000053)","Unfall 207960 (2018) Kat:3, Licht: 1","207960","3","6","3","12","15","5","0","1","0","1","0","0"
"POINT (13.462626041000021 52.437770133000072)","Unfall 207961 (2018) Kat:2, Licht: 2","207961","2","4","6","12","16","3","1","2","0","1","1","0"
"POINT (13.505652041000076 52.636739796000029)","Unfall 207962 (2018) Kat:3, Licht: 1","207962","3","6","3","12","16","5","1","1","0","1","0","1"
"POINT (13.329171919000032 52.563305138000032)","Unfall 207963 (2018) Kat:3, Licht: 0","207963","3","4","0","12","12","3","1","0","0","0","1","1"
"POINT (13.473037095000052 52.535971306000079)","Unfall 207964 (2018) Kat:3, Licht: 2","207964","3","4","6","12","16","5","1","2","0","1","1","0"
"POINT (13.333719551000058 52.505647581000062)","Unfall 207965 (2018) Kat:3, Licht: 0","207965","3","6","3","12","15","3","0","0","0","0","0","1"
"POINT (13.430064204000075 52.510550000000080)","Unfall 207966 (2018) Kat:2, Licht: 2","207966","2","2","6","12","17","5","1","2","0","1","1","0"
"POINT (13.214814102000048 52.560795846000076)","Unfall 207967 (2018) Kat:3, Licht: 2","207967","3","3","2","12","19","3","1","2","0","1","0","0"
"POINT (13.328023412000050 52.564329623000049)","Unfall 207968 (2018) Kat:3, Licht: 2","207968","3","4","6","12","20","5","1","2","0","1","1","0"
"POINT (13.456910388000040 52.509619805000057)","Unfall 207969 (2018) Kat:3, Licht: 2","207969","3","7","5","12","19","3","1","2","1","1","0","0"
"POINT (13.318010736000076 52.451749938000034)","Unfall 207970 (2018) Kat:3, Licht: 2","207970","3","6","0","12","19","5","1","2","0","1","0","1"
"POINT (13.412246469000024 52.503067426000030)","Unfall 207971 (2018) Kat:3, Licht: 2","207971","3","3","5","12","18","3","1","2","1","1","0","0"
"POINT (13.425133239000047 52.582353877000060)","Unfall 207972 (2018) Kat:3, Licht: 1","207972","3","5","1","12","15","3","1","1","1","1","0","0"
"POINT (13.619440821000069 52.531203555000047)","Unfall 207973 (2018) Kat:3, Licht: 2","207973","3","6","2","12","17","5","1","2","0","1","0","0"
"POINT (13.412283343000070 52.531153384000049)","Unfall 207974 (2018) Kat:3, Licht: 2","207974","3","3","2","12","19","5","1","2","0","1","0","1"
"POINT (13.296678443000076 52.501456040000051)","Unfall 207975 (2018) Kat:3, Licht: 2","207975","3","7","5","12","17","3","1","2","0","1","0","0"