WKT,Name,OBJECTID,UKATEGORIE,UTYP1,UART,UMONAT,USTUNDE,UWOCHENTAG,STRZUSTAND,ULICHTVERH,ISTRAD,ISTPKW,ISTFUSS,ISTKRAD
"POINT (13.494297476000042 52.430825392000031)","Unfall 207976 (2018) Kat:3, Licht: 2","207976","3","5","1","12","17","5","1","2","1","1","0","0"
"POINT (13.294425019000073 52.497613527000055)","Unfall 207977 (2018) Kat:3, Licht: 2","207977","3","6","2","12","18","5","1","2","0","1","0","0"
"POINT (13.497591293000028 52.416138015000058)","Unfall 207978 (2018) Kat:3, Licht: 2","207978","3","2","6","12","16","3","1","2","0","1","1","0"
"POINT (13.423435850000033 52.606972506000034)","Unfall 207979 (2018) Kat:3, Licht: 2","207979","3","3","5","12","16","5","1","2","1","1","0","0"
"POINT (13.463263391000055 52.470774427000038)","Unfall 207980 (2018) Kat:3, Licht: 2","207980","3","4","6","12","16","3","1","2","0","1","1","0"
"POINT (13.419682874000046 52.531744379000031)","Unfall 207981 (2018) Kat:3, Licht: 2","207981","3","1","0","12","16","5","1","2","0","0","0","1"
"POINT (13.307480787000031 52.618533387000070)","Unfall 207982 (2018) Kat:3, Licht: 2","207982","3","5","1","12","16","3","1","2","0","1","0","0"
"POINT (13.325421074000076 52.589482365000038)","Unfall 207983 (2018) Kat:3, Licht: 2","207983","3","3","5","12","16","5","1","2","0","1","0","1"
"POINT (13.379487487000063 52.445324064000033)","Unfall 207984 (2018) Kat:3, Licht: 2","207984","3","2","5","12","18","4","0","2","0","1","0","1"
"POINT (13.403053770000042 52.583801610000080)","Unfall 207985 (2018) Kat:3, Licht: 2","207985","3","2","5","12","16","3","1","2","1","1","0","0"
"POINT (13.384699647000048 52.460851634000051)","Unfall 207986 (2018) Kat:3, Licht: 2","207986","3","2","5","12","17","5","0","2","1","1","0","0"
"POINT (13.375561397000070 52.560729493000053)","Unfall 207987 (2018) Kat:3, Licht: 2","207987","3","4","6","12","16","5","1","2","0","1","1","0"
"POINT (13.345434655000076 52.546809122000070)","Unfall 207988 (2018) Kat:3, Licht: 2","207988","3","2","5","12","15","3","1","2","1","1","0","0"
"POINT (13.415736787000071 52.526701940000066)","Unfall 207989 (2018) Kat:3, Licht: 2","207989","3","2","6","12","17","5","1","2","0","1","1","0"
"POINT (13.508542252000041 52.496477342000048)","Unfall 207990 (2018) Kat:3, Licht: 1","207990","3","7","5","12","15","3","1","1","0","1","0","0"
"POINT (13.469250805000058 52.531430324000041)","Unfall 207991 (2018) Kat:3, Licht: 2","207991","3","2","0","12","17","5","1","2","0","1","1","0"
"POINT (13.301648520000072 52.413833103000059)","Unfall 207992 (2018) Kat:2, Licht: 2","207992","2","4","6","12","18","5","0","2","0","1","1","0"
"POINT (13.413923089000036 52.500364110000078)","Unfall 207993 (2018) Kat:3, Licht: 1","207993","3","3","5","12","15","3","1","1","0","1","0","0"
"POINT (13.343875930000024 52.613540444000080)","Unfall 207994 (2018) Kat:2, Licht: 2","207994","2","2","6","12","18","5","1","2","0","1","1","0"
"POINT (13.344998078000060 52.415246667000076)","Unfall 207995 (2018) Kat:3, Licht: 0","207995","3","7","0","12","14","3","1","0","0","1","0","1"
"POINT (13.437189987000068 52.518997871000067)","Unfall 207996 (2018) Kat:2, Licht: 2","207996","2","2","6","12","18","5","1","2","0","1","1","0"
"POINT (13.367395134000049 52.525959707000027)","Unfall 207997 (2018) Kat:3, Licht: 0","207997","3","2","6","12","14","3","1","0","0","1","1","0"
"POINT (13.398992511000074 52.544584013000076)","Unfall 207998 (2018) Kat:3, Licht: 2","207998","3","5","1","12","16","5","1","2","0","0","0","0"
"POINT (13.498232470000062 52.563835689000030)","Unfall 207999 (2018) Kat:3, Licht: 0","207999","3","6","2","12","08","3","1","0","0","1","0","0"
"POINT (13.539639963000070 52.450796412000045)","Unfall 208000 (2018) Kat:2, Licht: 2","208000","2","4","6","12","17","5","1","2","0","1","1","0"
"POINT (13.351050015000055 52.514932143000067)","Unfall 208001 (2018) Kat:2, Licht: 2","208001","2","6","3","12","19","5","1","2","0","1","0","1"
"POINT (13.390743897000050 52.505340303000082)","Unfall 208002 (2018) Kat:3, Licht: 0","208002","3","4","6","12","09","3","1","0","0","0","1","0"
"POINT (13.487092946000075 52.526639465000073)","Unfall 208003 (2018) Kat:3, Licht: 0","208003","3","1","0","12","14","3","1","0","0","0","0","1"
"POINT (13.499630832000037 52.534878552000066)","Unfall 208004 (2018) Kat:3, Licht: 1","208004","3","3","5","12","15","5","0","1","0","1","0","0"
"POINT (13.328355701000021 52.534223514000075)","Unfall 208005 (2018) Kat:3, Licht: 0","208005","3","4","6","12","09","3","1","0","0","1","1","0"
"POINT (13.630469255000037 52.458176643000058)","Unfall 208006 (2018) Kat:3, Licht: 0","208006","3","6","2","12","14","3","1","0","0","1","0","0"
"POINT (13.400081129000057 52.459124395000060)","Unfall 208007 (2018) Kat:2, Licht: 2","208007","2","2","5","12","20","5","1","2","0","1","0","1"
"POINT (13.400977572000045 52.528937919000043)","Unfall 208008 (2018) Kat:3, Licht: 0","208008","3","5","1","12","09","3","1","0","1","1","0","0"
"POINT (13.501785325000071 52.498234256000046)","Unfall 208009 (2018) Kat:3, Licht: 0","208009","3","3","5","12","09","3","1","0","1","1","0","0"
"POINT (13.268316529000060 52.406346596000049)","Unfall 208010 (2018) Kat:3, Licht: 2","208010","3","6","2","12","17","5","1","2","0","1","0","0"
"POINT (13.329137112000069 52.502451934000078)","Unfall 208011 (2018) Kat:3, Licht: 0","208011","3","7","6","12","10","3","1","0","0","1","1","0"
"POINT (13.309887754000044 52.590195818000041)","Unfall 208012 (2018) Kat:3, Licht: 2","208012","3","5","1","12","17","5","1","2","0","1","0","0"
"POINT (13.593623538000031 52.449446067000054)","Unfall 208013 (2018) Kat:3, Licht: 0","208013","3","6","2","12","12","3","1","0","0","1","0","0"
"POINT (13.569786293000050 52.540534533000027)","Unfall 208014 (2018) Kat:3, Licht: 2","208014","3","6","2","12","19","5","1","2","0","1","0","0"
"POINT (13.344655295000052 52.464863159000060)","Unfall 208015 (2018) Kat:2, Licht: 0","208015","2","3","5","12","13","3","1","0","0","1","0","0"
"POINT (13.420715781000069 52.480218422000064)","Unfall 208016 (2018) Kat:3, Licht: 1","208016","3","6","2","12","15","5","0","1","0","1","0","0"
"POINT (13.441785185000072 52.504442955000059)","Unfall 208017 (2018) Kat:3, Licht: 0","208017","3","6","2","12","13","3","1","0","1","0","0","0"
"POINT (13.427646388000028 52.567940270000065)","Unfall 208018 (2018) Kat:3, Licht: 0","208018","3","2","5","12","14","3","1","0","0","1","0","0"
"POINT (13.453720412000052 52.452814260000082)","Unfall 208019 (2018) Kat:3, Licht: 2","208019","3","6","2","12","18","5","1","2","0","1","0","0"
"POINT (13.369733303000032 52.559758776000081)","Unfall 208020 (2018) Kat:3, Licht: 0","208020","3","3","5","12","14","3","1","0","0","1","0","0"
"POINT (13.574305800000047 52.486178709000058)","Unfall 208021 (2018) Kat:3, Licht: 1","208021","3","4","6","12","07","3","1","1","0","1","1","0"
"POINT (13.171676462000050 52.511015906000068)","Unfall 208022 (2018) Kat:3, Licht: 2","208022","3","3","5","12","21","6","1","2","0","1","0","0"
"POINT (13.370532316000038 52.526775445000055)","Unfall 208023 (2018) Kat:3, Licht: 2","208023","3","7","0","12","18","5","0","2","0","1","0","0"
"POINT (13.476009112000042 52.558292319000032)","Unfall 208024 (2018) Kat:3, Licht: 1","208024","3","2","6","12","07","3","1","1","0","1","1","0"
"POINT (13.468546155000070 52.544354516000055)","Unfall 208025 (2018) Kat:3, Licht: 0","208025","3","3","5","12","13","5","0","0","1","0","0","0"
"POINT (13.409625628000072 52.538604991000057)","Unfall 208026 (2018) Kat:3, Licht: 2","208026","3","4","0","12","19","5","1","2","0","0","1","0"
"POINT (13.360805827000036 52.577018614000053)","Unfall 208027 (2018) Kat:3, Licht: 2","208027","3","2","6","12","06","3","1","2","0","1","1","0"
"POINT (13.411711510000032 52.523964089000060)","Unfall 208028 (2018) Kat:3, Licht: 2","208028","3","2","5","12","21","5","1","2","0","1","0","0"
"POINT (13.435812626000029 52.556381179000027)","Unfall 208029 (2018) Kat:3, Licht: 1","208029","3","4","6","12","07","3","1","1","0","1","1","0"
"POINT (13.473906364000072 52.609923498000057)","Unfall 208030 (2018) Kat:3, Licht: 0","208030","3","3","5","12","12","5","0","0","0","1","0","0"
"POINT (13.494131887000037 52.512430413000061)","Unfall 208031 (2018) Kat:3, Licht: 2","208031","3","5","1","12","07","3","1","2","0","1","0","0"
"POINT (13.314714132000063 52.493325464000065)","Unfall 208032 (2018) Kat:3, Licht: 0","208032","3","2","6","12","12","5","0","0","0","1","1","0"
"POINT (13.329770403000055 52.569106599000065)","Unfall 208033 (2018) Kat:3, Licht: 0","208033","3","2","6","12","14","3","1","0","0","1","1","0"
"POINT (13.441046697000047 52.501548676000027)","Unfall 208034 (2018) Kat:3, Licht: 2","208034","3","5","1","12","17","3","1","2","1","1","0","0"
"POINT (13.435151647000055 52.423054277000062)","Unfall 208035 (2018) Kat:3, Licht: 0","208035","3","3","5","12","10","5","0","0","0","1","0","0"
"POINT (13.297272082000063 52.510731309000050)","Unfall 208036 (2018) Kat:3, Licht: 2","208036","3","2","2","12","16","6","1","2","0","1","0","0"
"POINT (13.346137751000072 52.524976407000054)","Unfall 208037 (2018) Kat:3, Licht: 0","208037","3","6","3","12","13","5","0","0","0","1","0","0"
"POINT (13.328054040000040 52.564069672000073)","Unfall 208038 (2018) Kat:3, Licht: 2","208038","3","6","3","12","17","3","1","2","0","1","0","0"
"POINT (13.238613029000021 52.544690360000061)","Unfall 208039 (2018) Kat:3, Licht: 0","208039","3","4","6","12","10","5","1","0","0","1","1","0"
"POINT (13.432704822000062 52.505440404000069)","Unfall 208040 (2018) Kat:3, Licht: 0","208040","3","5","1","12","10","5","0","0","1","1","0","0"
"POINT (13.427426207000053 52.552406306000080)","Unfall 208041 (2018) Kat:3, Licht: 2","208041","3","3","5","12","17","4","0","2","0","1","0","0"
"POINT (13.378768223000066 52.527703035000059)","Unfall 208042 (2018) Kat:3, Licht: 2","208042","3","4","6","12","17","3","1","2","0","1","1","0"
"POINT (13.387992832000066 52.523412661000066)","Unfall 208043 (2018) Kat:3, Licht: 0","208043","3","2","6","12","09","5","0","0","1","0","1","0"
"POINT (13.485282959000074 52.516495046000045)","Unfall 208044 (2018) Kat:3, Licht: 2","208044","3","5","1","12","18","3","1","2","1","0","0","0"
"POINT (13.368828802000053 52.493094806000045)","Unfall 208045 (2018) Kat:3, Licht: 2","208045","3","4","6","12","16","6","1","2","0","1","1","0"
"POINT (13.390614898000024 52.507704794000063)","Unfall 208046 (2018) Kat:3, Licht: 0","208046","3","6","2","12","08","5","0","0","1","1","0","0"
"POINT (13.586258338000050 52.539416536000033)","Unfall 208047 (2018) Kat:3, Licht: 2","208047","3","4","6","12","17","3","1","2","0","1","1","0"
"POINT (13.332865790000028 52.464726361000032)","Unfall 208048 (2018) Kat:3, Licht: 2","208048","3","5","1","12","18","2","0","2","1","1","0","0"
"POINT (13.426406039000028 52.515858455000057)","Unfall 208049 (2018) Kat:3, Licht: 0","208049","3","3","0","12","08","5","0","0","1","1","0","0"
"POINT (13.376490101000059 52.510095516000035)","Unfall 208050 (2018) Kat:3, Licht: 2","208050","3","3","5","12","18","2","1","2","0","1","0","1"
"POINT (13.348772384000029 52.458919778000052)","Unfall 208051 (2018) Kat:2, Licht: 0","208051","2","2","5","12","07","5","0","0","0","1","0","0"
"POINT (13.573530573000028 52.552288549000082)","Unfall 208052 (2018) Kat:3, Licht: 2","208052","3","6","6","12","07","6","1","2","1","1","1","0"
"POINT (13.429126176000068 52.549237317000063)","Unfall 208053 (2018) Kat:3, Licht: 2","208053","3","2","5","12","05","4","0","2","1","1","0","0"
"POINT (13.361177647000034 52.494424962000039)","Unfall 208054 (2018) Kat:3, Licht: 2","208054","3","2","5","12","18","2","1","2","1","1","0","0"
"POINT (13.565854973000057 52.528858952000064)","Unfall 208055 (2018) Kat:3, Licht: 0","208055","3","6","2","12","13","4","0","0","0","1","0","0"
"POINT (13.553090105000024 52.430853977000027)","Unfall 208056 (2018) Kat:3, Licht: 0","208056","3","2","0","12","15","4","0","0","1","1","0","0"
"POINT (13.383979664000037 52.510380918000067)","Unfall 208057 (2018) Kat:3, Licht: 2","208057","3","2","0","12","18","2","1","2","1","1","0","0"
"POINT (13.521696836000046 52.475259603000040)","Unfall 208058 (2018) Kat:3, Licht: 0","208058","3","7","5","12","15","4","0","0","0","1","0","0"
"POINT (13.343345263000060 52.527648498000076)","Unfall 208059 (2018) Kat:3, Licht: 2","208059","3","6","3","12","18","2","1","2","0","1","0","1"
"POINT (13.486085406000029 52.496654186000058)","Unfall 208060 (2018) Kat:2, Licht: 2","208060","2","4","6","12","16","6","1","2","0","0","1","0"
"POINT (13.272553743000060 52.499102599000082)","Unfall 208061 (2018) Kat:3, Licht: 0","208061","3","6","2","12","15","4","0","0","0","1","0","1"
"POINT (13.330776949000040 52.497214102000044)","Unfall 208062 (2018) Kat:3, Licht: 1","208062","3","3","6","12","16","2","1","1","0","1","1","0"
"POINT (13.378612825000062 52.510886727000070)","Unfall 208063 (2018) Kat:2, Licht: 0","208063","2","5","1","12","14","4","0","0","0","1","0","0"
"POINT (13.280722530000048 52.629427312000075)","Unfall 208064 (2018) Kat:3, Licht: 2","208064","3","3","0","12","16","6","1","2","0","0","0","0"
"POINT (13.429893194000044 52.469994456000052)","Unfall 208065 (2018) Kat:3, Licht: 2","208065","3","6","2","12","16","2","0","2","0","1","0","0"
"POINT (13.376896332000058 52.511607660000038)","Unfall 208066 (2018) Kat:3, Licht: 0","208066","3","4","6","12","14","4","0","0","1","0","1","0"
"POINT (13.601229680000074 52.481980460000045)","Unfall 208067 (2018) Kat:3, Licht: 0","208067","3","3","5","12","13","4","0","0","1","1","0","0"
"POINT (13.377413080000053 52.571310928000059)","Unfall 208068 (2018) Kat:3, Licht: 2","208068","3","3","5","12","16","2","1","2","0","1","0","0"
"POINT (13.429452052000045 52.460219507000033)","Unfall 208069 (2018) Kat:3, Licht: 0","208069","3","6","3","12","12","4","0","0","0","1","0","1"
"POINT (13.308929257000045 52.547617823000053)","Unfall 208070 (2018) Kat:2, Licht: 0","208070","2","3","5","12","12","4","0","0","0","1","0","1"
"POINT (13.313199170000075 52.574831599000049)","Unfall 208071 (2018) Kat:3, Licht: 0","208071","3","2","2","12","15","2","0","0","0","1","0","0"
"POINT (13.472545168000067 52.505092201000082)","Unfall 208072 (2018) Kat:3, Licht: 1","208072","3","4","6","12","15","2","1","1","1","0","1","0"
"POINT (13.481517116000077 52.601973973000042)","Unfall 208073 (2018) Kat:3, Licht: 0","208073","3","5","1","12","12","4","0","0","1","1","0","0"
"POINT (13.369059332000063 52.480575812000041)","Unfall 208074 (2018) Kat:2, Licht: 2","208074","2","4","6","12","15","2","0","2","0","1","1","0"
"POINT (13.529073943000071 52.463110168000071)","Unfall 208075 (2018) Kat:2, Licht: 2","208075","2","4","6","12","17","2","1","2","0","1","1","0"
"POINT (13.548877725000068 52.543391425000038)","Unfall 208076 (2018) Kat:3, Licht: 0","208076","3","3","6","12","11","4","0","0","0","1","1","0"
"POINT (13.358315011000059 52.596800104000067)","Unfall 208077 (2018) Kat:3, Licht: 2","208077","3","3","0","12","18","2","1","2","0","1","0","0"
"POINT (13.196769759000063 52.527144843000031)","Unfall 208078 (2018) Kat:3, Licht: 0","208078","3","5","1","12","10","4","0","0","0","1","0","0"
"POINT (13.386258058000067 52.549591631000055)","Unfall 208079 (2018) Kat:3, Licht: 0","208079","3","2","2","12","16","2","1","0","0","1","0","0"
"POINT (13.344943624000052 52.479654725000046)","Unfall 208080 (2018) Kat:3, Licht: 0","208080","3","7","6","12","10","4","0","0","0","1","1","0"
"POINT (13.321107962000042 52.472854181000059)","Unfall 208081 (2018) Kat:3, Licht: 2","208081","3","6","2","12","16","2","1","2","0","1","0","0"
"POINT (13.335028569000031 52.443013360000066)","Unfall 208082 (2018) Kat:3, Licht: 0","208082","3","3","5","12","14","2","0","0","0","1","0","0"
"POINT (13.303934660000039 52.631281567000030)","Unfall 208083 (2018) Kat:3, Licht: 0","208083","3","3","5","12","10","4","1","0","1","1","0","0"
"POINT (13.438790333000043 52.482263687000057)","Unfall 208084 (2018) Kat:3, Licht: 0","208084","3","7","5","12","13","2","0","0","0","1","0","0"
"POINT (13.419378059000053 52.501253832000032)","Unfall 208085 (2018) Kat:3, Licht: 2","208085","3","3","5","12","19","2","1","2","1","0","0","0"
"POINT (13.399693426000056 52.498414492000052)","Unfall 208086 (2018) Kat:3, Licht: 2","208086","3","3","5","12","22","2","1","2","0","1","0","0"
"POINT (13.345859143000041 52.498841370000036)","Unfall 208087 (2018) Kat:2, Licht: 0","208087","2","3","5","12","14","2","1","0","0","1","0","0"
"POINT (13.404179647000035 52.491202713000064)","Unfall 208088 (2018) Kat:3, Licht: 2","208088","3","5","1","12","22","4","0","2","1","1","0","0"
"POINT (13.231992201000025 52.538330418000044)","Unfall 208089 (2018) Kat:3, Licht: 0","208089","3","6","3","12","12","2","1","0","0","1","0","1"
"POINT (13.434428394000065 52.549675204000039)","Unfall 208090 (2018) Kat:3, Licht: 0","208090","3","3","5","12","12","2","0","0","1","1","0","0"
"POINT (13.301864646000070 52.499191606000068)","Unfall 208091 (2018) Kat:2, Licht: 2","208091","2","3","5","12","20","4","0","2","1","1","0","0"
"POINT (13.296094937000078 52.497051159000080)","Unfall 208092 (2018) Kat:3, Licht: 0","208092","3","2","5","12","12","2","0","0","1","1","0","0"
"POINT (13.553775074000043 52.413365294000073)","Unfall 208093 (2018) Kat:3, Licht: 0","208093","3","5","1","12","10","4","0","0","0","1","0","0"
"POINT (13.443006616000048 52.480616004000069)","Unfall 208094 (2018) Kat:3, Licht: 0","208094","3","5","1","12","10","2","0","0","1","1","0","0"
"POINT (13.280354120000027 52.517483574000039)","Unfall 208095 (2018) Kat:2, Licht: 0","208095","2","2","5","12","09","4","0","0","0","1","0","1"
"POINT (13.305930467000053 52.524641336000059)","Unfall 208096 (2018) Kat:3, Licht: 0","208096","3","7","2","12","10","2","0","0","0","1","0","0"
"POINT (13.398103428000070 52.498256233000063)","Unfall 208097 (2018) Kat:3, Licht: 2","208097","3","1","0","12","18","4","1","2","0","0","0","1"
"POINT (13.419763090000060 52.525414650000073)","Unfall 208098 (2018) Kat:3, Licht: 0","208098","3","3","5","12","10","2","0","0","1","0","0","0"
"POINT (13.356830999000067 52.523473321000040)","Unfall 208099 (2018) Kat:3, Licht: 0","208099","3","2","5","12","09","4","0","0","1","1","0","0"
"POINT (13.517224895000027 52.454363756000078)","Unfall 208100 (2018) Kat:3, Licht: 2","208100","3","2","6","12","16","6","1","2","0","1","1","0"
"POINT (13.385677005000048 52.468587556000045)","Unfall 208101 (2018) Kat:3, Licht: 2","208101","3","2","0","12","18","4","0","2","0","1","0","1"
"POINT (13.389301596000053 52.514072000000056)","Unfall 208102 (2018) Kat:3, Licht: 0","208102","3","7","6","12","09","2","1","0","0","0","1","1"
"POINT (13.453737459000024 52.482354846000078)","Unfall 208103 (2018) Kat:3, Licht: 0","208103","3","5","1","12","09","4","0","0","1","1","0","0"
"POINT (13.380696960000023 52.516672521000032)","Unfall 208104 (2018) Kat:3, Licht: 2","208104","3","2","3","12","18","4","0","2","0","1","0","0"
"POINT (13.408932081000046 52.571073061000050)","Unfall 208105 (2018) Kat:3, Licht: 2","208105","3","2","5","12","15","6","1","2","1","1","0","0"
"POINT (13.259746327000073 52.516821472000061)","Unfall 208106 (2018) Kat:3, Licht: 0","208106","3","6","2","12","09","4","0","0","0","1","0","0"
"POINT (13.410488720000046 52.512448350000057)","Unfall 208107 (2018) Kat:3, Licht: 0","208107","3","5","1","12","09","2","0","0","1","0","0","0"
"POINT (13.509314728000049 52.546353615000044)","Unfall 208108 (2018) Kat:3, Licht: 0","208108","3","2","5","12","09","4","0","0","1","0","0","0"
"POINT (13.526035425000032 52.564202052000041)","Unfall 208109 (2018) Kat:3, Licht: 0","208109","3","3","5","12","09","4","0","0","1","1","0","0"
"POINT (13.429033885000024 52.510638174000064)","Unfall 208110 (2018) Kat:3, Licht: 0","208110","3","2","5","12","09","2","0","0","1","0","0","0"
"POINT (13.424346314000047 52.508911452000063)","Unfall 208111 (2018) Kat:3, Licht: 2","208111","3","6","2","12","18","4","1","2","0","1","0","0"
"POINT (13.305856497000036 52.620621335000067)","Unfall 208112 (2018) Kat:3, Licht: 0","208112","3","6","2","12","08","2","0","0","0","1","0","0"
"POINT (13.414393293000046 52.493352457000071)","Unfall 208113 (2018) Kat:3, Licht: 1","208113","3","5","1","12","15","6","1","1","1","1","0","0"
"POINT (13.613995802000034 52.527433689000077)","Unfall 208114 (2018) Kat:3, Licht: 0","208114","3","3","5","12","08","4","1","0","1","1","0","0"
"POINT (13.355727310000077 52.502129850000074)","Unfall 208115 (2018) Kat:2, Licht: 0","208115","2","2","5","12","07","2","0","0","1","1","0","0"
"POINT (13.528940001000024 52.433191423000039)","Unfall 208116 (2018) Kat:3, Licht: 0","208116","3","3","5","12","08","4","0","0","1","1","0","0"
"POINT (13.315665242000023 52.481866546000049)","Unfall 208117 (2018) Kat:3, Licht: 0","208117","3","2","2","12","15","6","1","0","0","1","0","0"
"POINT (13.379958209000051 52.571840934000079)","Unfall 208118 (2018) Kat:1, Licht: 2","208118","1","4","6","12","07","2","0","2","0","1","1","0"
"POINT (13.351032590000045 52.567583288000037)","Unfall 208119 (2018) Kat:3, Licht: 0","208119","3","2","5","12","08","4","1","0","1","1","0","0"
"POINT (13.348741069000027 52.542849646000036)","Unfall 208120 (2018) Kat:3, Licht: 0","208120","3","3","5","12","07","4","0","0","0","1","0","0"
"POINT (13.425456406000023 52.480781591000039)","Unfall 208121 (2018) Kat:3, Licht: 2","208121","3","6","2","12","06","2","0","2","0","1","0","0"
"POINT (13.318822887000067 52.519184015000064)","Unfall 208122 (2018) Kat:3, Licht: 2","208122","3","2","5","12","17","4","0","2","0","1","0","0"
"POINT (13.416358819000038 52.521708755000077)","Unfall 208123 (2018) Kat:3, Licht: 2","208123","3","6","2","12","23","1","0","2","0","1","0","0"
"POINT (13.325077004000036 52.499950696000042)","Unfall 208124 (2018) Kat:3, Licht: 0","208124","3","2","5","12","14","6","1","0","1","1","0","0"
"POINT (13.444830295000031 52.545529841000075)","Unfall 208125 (2018) Kat:3, Licht: 2","208125","3","2","5","12","16","1","1","2","0","1","0","0"
"POINT (13.421199187000070 52.509828548000030)","Unfall 208126 (2018) Kat:3, Licht: 2","208126","3","2","5","12","17","4","0","2","1","0","0","0"
"POINT (13.347741744000075 52.467303047000030)","Unfall 208127 (2018) Kat:3, Licht: 2","208127","3","5","1","12","22","1","1","2","0","1","0","0"
"POINT (13.367734340000027 52.517388970000070)","Unfall 208128 (2018) Kat:2, Licht: 0","208128","2","1","8","12","14","6","1","0","0","0","0","0"
"POINT (13.397857363000071 52.416817819000073)","Unfall 208129 (2018) Kat:3, Licht: 0","208129","3","1","0","12","07","4","1","0","0","1","0","1"
"POINT (13.407891110000037 52.504322856000044)","Unfall 208130 (2018) Kat:3, Licht: 2","208130","3","3","5","12","20","1","1","2","1","0","0","0"
"POINT (13.379179901000043 52.553012273000036)","Unfall 208131 (2018) Kat:3, Licht: 0","208131","3","6","3","12","13","6","1","0","1","1","0","0"
"POINT (13.330319846000066 52.486168983000027)","Unfall 208132 (2018) Kat:2, Licht: 2","208132","2","4","6","12","18","1","1","2","0","1","1","0"
"POINT (13.410088536000046 52.550850221000076)","Unfall 208133 (2018) Kat:2, Licht: 1","208133","2","4","6","12","16","4","0","1","1","0","1","0"
"POINT (13.419134248000034 52.501321331000042)","Unfall 208134 (2018) Kat:2, Licht: 2","208134","2","2","6","12","04","4","0","2","0","1","1","0"
"POINT (13.422108946000037 52.535395650000055)","Unfall 208135 (2018) Kat:2, Licht: 1","208135","2","6","2","12","18","1","1","1","0","1","0","1"
"POINT (13.349740092000047 52.503161275000082)","Unfall 208136 (2018) Kat:3, Licht: 2","208136","3","2","3","12","17","1","1","2","0","1","0","0"
"POINT (13.376232749000053 52.409142171000042)","Unfall 208137 (2018) Kat:3, Licht: 1","208137","3","2","5","12","15","4","0","1","0","1","0","0"
"POINT (13.381859537000025 52.396809240000039)","Unfall 208138 (2018) Kat:3, Licht: 1","208138","3","3","5","12","15","1","1","1","0","1","0","0"
"POINT (13.473640331000070 52.535770714000080)","Unfall 208139 (2018) Kat:3, Licht: 0","208139","3","7","6","12","14","1","0","0","0","0","1","0"
"POINT (13.445732197000041 52.501819087000058)","Unfall 208140 (2018) Kat:3, Licht: 2","208140","3","7","5","12","19","6","1","2","0","1","0","0"
"POINT (13.355373305000057 52.562331211000071)","Unfall 208141 (2018) Kat:3, Licht: 1","208141","3","4","6","12","16","4","0","1","0","1","1","0"
"POINT (13.350221460000057 52.551558233000037)","Unfall 208142 (2018) Kat:2, Licht: 0","208142","2","4","6","12","11","1","1","0","0","1","1","0"
"POINT (13.402125497000043 52.446946920000073)","Unfall 208143 (2018) Kat:3, Licht: 0","208143","3","6","2","12","09","4","1","0","0","1","0","0"
"POINT (13.338345985000046 52.564327342000070)","Unfall 208144 (2018) Kat:2, Licht: 0","208144","2","4","2","12","13","6","1","0","0","1","1","1"
"POINT (13.560853292000047 52.491536701000030)","Unfall 208145 (2018) Kat:3, Licht: 2","208145","3","7","0","12","05","1","1","2","0","1","0","0"
"POINT (13.321155555000075 52.489619783000080)","Unfall 208146 (2018) Kat:3, Licht: 0","208146","3","5","1","12","16","4","0","0","1","1","0","0"
"POINT (13.443527465000045 52.417668090000063)","Unfall 208147 (2018) Kat:3, Licht: 2","208147","3","3","5","12","04","1","1","2","0","1","0","0"
"POINT (13.433750630000077 52.549583653000070)","Unfall 208148 (2018) Kat:3, Licht: 1","208148","3","2","5","12","07","4","0","1","1","1","0","0"
"POINT (13.492143334000048 52.458041928000057)","Unfall 208149 (2018) Kat:2, Licht: 0","208149","2","1","9","12","13","6","1","0","0","1","0","0"
"POINT (13.227349288000028 52.537681669000051)","Unfall 208150 (2018) Kat:2, Licht: 2","208150","2","4","6","12","01","1","1","2","0","1","1","0"
"POINT (13.527445649000072 52.557510551000064)","Unfall 208151 (2018) Kat:3, Licht: 2","208151","3","2","5","12","07","4","1","2","1","1","0","0"
"POINT (13.556716113000050 52.434462529000029)","Unfall 208152 (2018) Kat:3, Licht: 2","208152","3","5","1","12","01","1","1","2","0","1","0","0"
"POINT (13.401968279000073 52.492460958000038)","Unfall 208153 (2018) Kat:3, Licht: 2","208153","3","3","5","12","00","1","1","2","0","1","0","0"
"POINT (13.295585411000047 52.442557375000035)","Unfall 208154 (2018) Kat:2, Licht: 2","208154","2","2","6","12","06","4","1","2","0","1","1","0"
"POINT (13.479527031000032 52.484441644000071)","Unfall 208155 (2018) Kat:3, Licht: 2","208155","3","3","5","12","05","1","1","2","0","1","0","0"
"POINT (13.299009863000038 52.498413972000037)","Unfall 208156 (2018) Kat:3, Licht: 2","208156","3","4","6","12","20","7","1","2","0","1","1","0"
"POINT (13.519283427000062 52.516535899000075)","Unfall 208157 (2018) Kat:3, Licht: 0","208157","3","3","0","12","12","6","1","0","1","0","0","0"
"POINT (13.298585183000057 52.535140248000062)","Unfall 208158 (2018) Kat:3, Licht: 0","208158","3","3","5","12","15","3","0","0","0","1","0","0"
"POINT (13.306641126000045 52.555197211000063)","Unfall 208159 (2018) Kat:3, Licht: 1","208159","3","2","6","12","16","7","1","1","0","1","1","0"
"POINT (13.315248361000044 52.449440050000078)","Unfall 208160 (2018) Kat:2, Licht: 2","208160","2","4","6","12","21","3","0","2","0","1","1","0"