WKT,Name,OBJECTID,UKATEGORIE,UTYP1,UART,UMONAT,USTUNDE,UWOCHENTAG,STRZUSTAND,ULICHTVERH,ISTRAD,ISTPKW,ISTFUSS,ISTKRAD
"POINT (13.407522888000074 52.547571221000055)","Unfall 208161 (2018) Kat:3, Licht: 2","208161","3","5","0","12","19","3","0","2","0","1","0","0"
"POINT (13.400675512000078 52.490456579000067)","Unfall 208162 (2018) Kat:3, Licht: 2","208162","3","6","2","12","23","7","1","2","0","1","0","0"
"POINT (13.432363537000072 52.465667056000029)","Unfall 208163 (2018) Kat:3, Licht: 2","208163","3","2","6","12","17","3","0","2","0","1","1","0"
"POINT (13.278556700000024 52.503616359000034)","Unfall 208164 (2018) Kat:3, Licht: 2","208164","3","6","3","12","21","7","1","2","0","1","0","0"
"POINT (13.382932106000055 52.530664920000049)","Unfall 208165 (2018) Kat:3, Licht: 2","208165","3","2","5","12","18","3","0","2","1","1","0","0"
"POINT (13.258935142000041 52.432139531000075)","Unfall 208166 (2018) Kat:3, Licht: 1","208166","3","4","6","12","18","7","0","1","0","0","1","0"
"POINT (13.427265942000076 52.481089614000041)","Unfall 208167 (2018) Kat:3, Licht: 2","208167","3","6","2","12","17","3","0","2","1","1","0","0"
"POINT (13.406527183000037 52.498326380000037)","Unfall 208168 (2018) Kat:3, Licht: 2","208168","3","2","5","12","18","7","1","2","0","1","0","0"
"POINT (13.369525413000076 52.559909631000039)","Unfall 208169 (2018) Kat:3, Licht: 2","208169","3","6","2","12","18","7","1","2","0","1","0","0"
"POINT (13.490425176000031 52.427911622000067)","Unfall 208170 (2018) Kat:3, Licht: 2","208170","3","3","5","12","21","3","0","2","0","1","0","0"
"POINT (13.342476663000070 52.539453742000035)","Unfall 208171 (2018) Kat:3, Licht: 1","208171","3","6","2","12","13","6","1","1","0","1","0","0"
"POINT (13.379032046000077 52.506988726000031)","Unfall 208172 (2018) Kat:2, Licht: 2","208172","2","7","6","12","21","3","0","2","1","0","1","0"
"POINT (13.306524457000023 52.620779749000064)","Unfall 208173 (2018) Kat:2, Licht: 2","208173","2","4","6","12","18","7","1","2","0","1","1","0"
"POINT (13.464656379000076 52.523585493000041)","Unfall 208174 (2018) Kat:3, Licht: 0","208174","3","4","6","12","15","3","0","0","0","1","1","0"
"POINT (13.394020286000057 52.397657911000067)","Unfall 208175 (2018) Kat:3, Licht: 0","208175","3","7","5","12","14","3","1","0","0","1","0","0"
"POINT (13.237473661000024 52.620279214000050)","Unfall 208176 (2018) Kat:3, Licht: 2","208176","3","3","0","12","17","4","1","2","0","1","0","0"
"POINT (13.294791009000051 52.576511722000077)","Unfall 208177 (2018) Kat:3, Licht: 1","208177","3","2","6","12","16","7","1","1","0","1","1","0"
"POINT (13.323629617000051 52.598227044000055)","Unfall 208178 (2018) Kat:3, Licht: 0","208178","3","3","5","12","14","3","1","0","0","1","0","0"
"POINT (13.538779200000022 52.420539192000035)","Unfall 208179 (2018) Kat:3, Licht: 0","208179","3","2","2","12","13","7","0","0","1","1","0","0"
"POINT (13.456926203000023 52.465107169000078)","Unfall 208180 (2018) Kat:3, Licht: 2","208180","3","6","2","12","18","6","1","2","0","1","0","0"
"POINT (13.335063995000041 52.471422074000031)","Unfall 208181 (2018) Kat:2, Licht: 0","208181","2","2","5","12","14","3","0","0","0","1","0","1"
"POINT (13.204689135000024 52.536056443000064)","Unfall 208182 (2018) Kat:3, Licht: 2","208182","3","6","2","12","07","7","1","2","0","1","0","0"
"POINT (13.451426645000026 52.437156217000052)","Unfall 208183 (2018) Kat:3, Licht: 0","208183","3","6","2","12","14","3","1","0","0","1","0","0"
"POINT (13.279916524000043 52.518465232000040)","Unfall 208184 (2018) Kat:3, Licht: 2","208184","3","2","6","12","16","6","1","2","0","1","1","0"
"POINT (13.339559675000032 52.502918906000048)","Unfall 208185 (2018) Kat:3, Licht: 0","208185","3","6","1","12","14","7","1","0","1","1","0","0"
"POINT (13.302657095000029 52.414881543000035)","Unfall 208186 (2018) Kat:3, Licht: 0","208186","3","3","5","12","14","3","1","0","1","0","0","0"
"POINT (13.379948923000029 52.497365221000052)","Unfall 208187 (2018) Kat:3, Licht: 0","208187","3","2","5","12","12","3","0","0","1","1","0","0"
"POINT (13.567612529000030 52.444872058000044)","Unfall 208188 (2018) Kat:2, Licht: 0","208188","2","4","6","12","13","7","0","0","0","0","1","0"
"POINT (13.414703912000050 52.553571950000048)","Unfall 208189 (2018) Kat:3, Licht: 0","208189","3","1","2","12","11","3","0","0","0","1","0","0"
"POINT (13.534603052000023 52.440053350000028)","Unfall 208190 (2018) Kat:3, Licht: 0","208190","3","5","1","12","11","3","0","0","0","1","0","0"
"POINT (13.354479551000054 52.497392734000073)","Unfall 208191 (2018) Kat:2, Licht: 0","208191","2","1","8","12","09","7","1","0","0","1","0","0"
"POINT (13.466312677000076 52.500517987000080)","Unfall 208192 (2018) Kat:3, Licht: 0","208192","3","1","2","12","11","3","0","0","0","1","0","0"
"POINT (13.353135268000074 52.558110926000040)","Unfall 208193 (2018) Kat:3, Licht: 0","208193","3","7","6","12","09","3","0","0","0","1","1","0"
"POINT (13.401051555000038 52.529965980000043)","Unfall 208194 (2018) Kat:3, Licht: 2","208194","3","6","2","12","06","7","0","2","0","1","0","0"
"POINT (13.392938105000042 52.515670466000074)","Unfall 208195 (2018) Kat:3, Licht: 0","208195","3","4","6","12","09","3","1","0","1","0","1","0"
"POINT (13.434871017000034 52.461470586000075)","Unfall 208196 (2018) Kat:3, Licht: 0","208196","3","5","1","12","11","7","0","0","0","1","0","0"
"POINT (13.426867358000038 52.476099780000027)","Unfall 208197 (2018) Kat:3, Licht: 1","208197","3","6","2","12","08","3","1","1","0","1","0","0"
"POINT (13.285653852000053 52.453353953000033)","Unfall 208198 (2018) Kat:2, Licht: 2","208198","2","1","9","12","02","7","1","2","0","1","0","0"
"POINT (13.442866849000040 52.590706699000066)","Unfall 208199 (2018) Kat:3, Licht: 2","208199","3","6","4","12","05","3","1","2","0","1","0","0"
"POINT (13.586564007000050 52.523578529000076)","Unfall 208200 (2018) Kat:3, Licht: 2","208200","3","6","0","12","02","7","1","2","0","1","0","0"
"POINT (13.470089045000066 52.502314930000068)","Unfall 208201 (2018) Kat:3, Licht: 0","208201","3","2","5","12","08","3","1","0","1","1","0","0"
"POINT (13.450143007000065 52.568131006000044)","Unfall 208202 (2018) Kat:3, Licht: 2","208202","3","4","6","12","07","6","1","2","1","0","1","0"
"POINT (13.295576215000040 52.576733072000081)","Unfall 208203 (2018) Kat:3, Licht: 2","208203","3","7","6","12","19","6","1","2","0","1","1","0"
"POINT (13.182507890000068 52.486330089000035)","Unfall 208204 (2018) Kat:3, Licht: 0","208204","3","7","6","12","08","3","0","0","1","0","1","0"
"POINT (13.331602193000037 52.429532070000050)","Unfall 208205 (2018) Kat:3, Licht: 2","208205","3","2","5","12","16","6","1","2","1","1","0","0"
"POINT (13.314236772000072 52.602819034000049)","Unfall 208206 (2018) Kat:3, Licht: 0","208206","3","3","5","12","07","3","1","0","1","1","0","0"
"POINT (13.430425253000067 52.499194270000032)","Unfall 208207 (2018) Kat:3, Licht: 2","208207","3","3","5","12","18","6","1","2","1","1","0","0"
"POINT (13.375705425000035 52.540340446000073)","Unfall 208208 (2018) Kat:3, Licht: 2","208208","3","3","5","12","18","6","1","2","0","1","0","0"
"POINT (13.314319796000063 52.424046506000082)","Unfall 208209 (2018) Kat:2, Licht: 2","208209","2","2","6","12","06","3","1","2","0","1","1","0"
"POINT (13.380060832000026 52.540383722000058)","Unfall 208210 (2018) Kat:3, Licht: 2","208210","3","6","3","12","17","6","1","2","1","1","0","0"
"POINT (13.304711141000041 52.499487078000072)","Unfall 208211 (2018) Kat:3, Licht: 2","208211","3","6","3","12","18","6","1","2","1","1","0","0"
"POINT (13.427848993000055 52.567927995000048)","Unfall 208212 (2018) Kat:3, Licht: 2","208212","3","3","5","12","06","3","0","2","1","1","0","0"
"POINT (13.412980986000036 52.382851756000036)","Unfall 208213 (2018) Kat:3, Licht: 1","208213","3","2","6","12","16","6","0","1","0","1","1","0"
"POINT (13.559621274000051 52.495212631000072)","Unfall 208214 (2018) Kat:3, Licht: 0","208214","3","3","5","12","08","3","0","0","1","1","0","0"
"POINT (13.391089839000074 52.514893835000066)","Unfall 208215 (2018) Kat:3, Licht: 2","208215","3","2","5","12","20","6","1","2","1","1","0","0"
"POINT (13.349251730000049 52.535905947000060)","Unfall 208216 (2018) Kat:3, Licht: 0","208216","3","6","2","12","12","2","1","0","0","1","0","0"
"POINT (13.360061361000021 52.544272548000038)","Unfall 208217 (2018) Kat:3, Licht: 2","208217","3","4","6","12","19","6","1","2","1","0","1","0"
"POINT (13.403827385000056 52.526015217000065)","Unfall 208218 (2018) Kat:3, Licht: 2","208218","3","2","6","12","19","6","1","2","0","1","1","0"
"POINT (13.381664921000038 52.552270844000077)","Unfall 208219 (2018) Kat:3, Licht: 0","208219","3","2","5","12","12","2","1","0","1","0","0","0"
"POINT (13.534336448000033 52.431417827000075)","Unfall 208220 (2018) Kat:3, Licht: 1","208220","3","3","5","12","16","6","1","1","1","1","0","0"
"POINT (13.452030569000044 52.510688568000035)","Unfall 208221 (2018) Kat:3, Licht: 2","208221","3","2","5","12","17","6","1","2","1","1","0","0"
"POINT (13.431337824000025 52.481565198000055)","Unfall 208222 (2018) Kat:2, Licht: 0","208222","2","2","6","12","11","2","1","0","0","1","1","0"
"POINT (13.351597182000035 52.440083425000068)","Unfall 208223 (2018) Kat:2, Licht: 2","208223","2","2","6","12","17","6","1","2","0","0","1","0"
"POINT (13.507714443000054 52.492452558000082)","Unfall 208224 (2018) Kat:3, Licht: 0","208224","3","3","5","12","10","2","1","0","0","1","0","0"
"POINT (13.288107840000066 52.588892972000053)","Unfall 208225 (2018) Kat:3, Licht: 2","208225","3","6","6","12","17","6","1","2","0","1","1","0"
"POINT (13.368389812000032 52.526281714000049)","Unfall 208226 (2018) Kat:3, Licht: 0","208226","3","6","3","12","09","2","1","0","0","1","0","0"
"POINT (13.498147173000064 52.513905938000050)","Unfall 208227 (2018) Kat:3, Licht: 2","208227","3","2","0","12","17","6","1","2","0","1","1","0"
"POINT (13.322948868000026 52.505851491000044)","Unfall 208228 (2018) Kat:2, Licht: 0","208228","2","2","6","12","08","2","1","0","0","1","1","0"
"POINT (13.307110386000033 52.505264920000059)","Unfall 208229 (2018) Kat:2, Licht: 2","208229","2","4","6","12","19","6","1","2","0","0","1","0"
"POINT (13.306625130000043 52.437802336000061)","Unfall 208230 (2018) Kat:2, Licht: 0","208230","2","3","5","12","10","2","1","0","0","1","0","0"
"POINT (13.393724230000032 52.510949295000046)","Unfall 208231 (2018) Kat:3, Licht: 2","208231","3","2","6","12","21","6","1","2","0","1","1","0"
"POINT (13.428714948000049 52.547783893000030)","Unfall 208232 (2018) Kat:3, Licht: 0","208232","3","2","5","12","11","2","1","0","0","1","0","0"
"POINT (13.270511207000027 52.451019903000031)","Unfall 208233 (2018) Kat:2, Licht: 2","208233","2","2","6","12","17","6","1","2","0","1","1","0"
"POINT (13.385896559000059 52.485032804000070)","Unfall 208234 (2018) Kat:3, Licht: 2","208234","3","3","5","12","23","2","0","2","0","1","0","0"
"POINT (13.295682381000063 52.441715079000062)","Unfall 208235 (2018) Kat:3, Licht: 0","208235","3","7","6","12","10","2","0","0","0","1","1","0"
"POINT (13.518623054000045 52.453411666000079)","Unfall 208236 (2018) Kat:3, Licht: 2","208236","3","5","1","12","16","2","1","2","1","1","0","0"
"POINT (13.315660559000037 52.571059008000077)","Unfall 208237 (2018) Kat:2, Licht: 2","208237","2","6","2","12","16","4","1","2","0","1","0","1"
"POINT (13.343424034000066 52.526349790000040)","Unfall 208238 (2018) Kat:3, Licht: 1","208238","3","7","6","12","17","4","0","1","1","0","1","0"
"POINT (13.586241220000034 52.516864756000075)","Unfall 208239 (2018) Kat:3, Licht: 2","208239","3","3","5","12","17","1","1","2","0","1","0","0"
"POINT (13.348456193000061 52.515143183000077)","Unfall 208240 (2018) Kat:3, Licht: 2","208240","3","6","2","12","20","5","0","2","0","1","0","0"
"POINT (13.376877525000054 52.517760200000055)","Unfall 208241 (2018) Kat:3, Licht: 1","208241","3","3","5","12","18","4","0","1","1","0","0","0"
"POINT (13.311029326000039 52.584603006000066)","Unfall 208242 (2018) Kat:3, Licht: 1","208242","3","7","5","12","15","1","1","1","0","1","0","0"
"POINT (13.311792679000064 52.479921488000059)","Unfall 208243 (2018) Kat:2, Licht: 1","208243","2","4","6","12","17","4","0","1","0","1","1","0"
"POINT (13.400283291000051 52.460312074000058)","Unfall 208244 (2018) Kat:3, Licht: 0","208244","3","7","0","12","15","1","1","0","0","1","0","0"
"POINT (13.316214581000054 52.586706069000059)","Unfall 208245 (2018) Kat:3, Licht: 2","208245","3","3","0","12","19","4","0","2","0","1","0","1"
"POINT (13.426974135000023 52.552215506000039)","Unfall 208246 (2018) Kat:3, Licht: 2","208246","3","3","5","12","19","4","0","2","1","1","0","0"
"POINT (13.384138230000076 52.510101147000057)","Unfall 208247 (2018) Kat:3, Licht: 0","208247","3","3","5","12","14","1","1","0","0","1","0","0"
"POINT (13.449358465000046 52.502168762000053)","Unfall 208248 (2018) Kat:3, Licht: 2","208248","3","3","5","12","19","4","0","2","1","1","0","0"
"POINT (13.457829627000024 52.512820894000072)","Unfall 208249 (2018) Kat:3, Licht: 2","208249","3","3","5","12","19","4","0","2","0","1","0","1"
"POINT (13.492376699000033 52.432993170000032)","Unfall 208250 (2018) Kat:3, Licht: 0","208250","3","6","4","12","07","1","1","0","0","1","0","0"
"POINT (13.471684677000042 52.505250473000046)","Unfall 208251 (2018) Kat:3, Licht: 2","208251","3","6","2","12","20","4","1","2","0","1","0","0"
"POINT (13.386311177000039 52.527946935000045)","Unfall 208252 (2018) Kat:3, Licht: 2","208252","3","5","1","12","20","4","0","2","1","1","0","0"
"POINT (13.406647840000062 52.498426579000068)","Unfall 208253 (2018) Kat:2, Licht: 2","208253","2","2","5","12","03","1","1","2","0","1","0","0"
"POINT (13.287441647000037 52.586230747000059)","Unfall 208254 (2018) Kat:3, Licht: 1","208254","3","6","4","12","17","4","0","1","0","1","0","0"
"POINT (13.386509517000036 52.505588250000073)","Unfall 208255 (2018) Kat:3, Licht: 2","208255","3","1","0","12","00","1","1","2","0","0","0","1"
"POINT (13.232201334000024 52.540497928000036)","Unfall 208256 (2018) Kat:3, Licht: 2","208256","3","1","8","12","16","4","1","2","0","1","0","0"
"POINT (13.390507022000065 52.518607735000046)","Unfall 208257 (2018) Kat:3, Licht: 2","208257","3","4","6","12","17","1","0","2","0","1","1","0"
"POINT (13.468513687000041 52.506971400000054)","Unfall 208258 (2018) Kat:3, Licht: 2","208258","3","1","0","12","18","4","1","2","0","0","0","1"
"POINT (13.410295292000058 52.503784141000040)","Unfall 208259 (2018) Kat:3, Licht: 2","208259","3","3","5","12","23","7","1","2","1","1","0","0"
"POINT (13.409553166000023 52.522165271000063)","Unfall 208260 (2018) Kat:3, Licht: 0","208260","3","1","0","12","13","4","1","0","1","0","0","0"
"POINT (13.351848753000070 52.573817909000070)","Unfall 208261 (2018) Kat:3, Licht: 1","208261","3","6","2","12","16","4","1","1","0","1","0","0"
"POINT (13.300503679000030 52.420903119000059)","Unfall 208262 (2018) Kat:3, Licht: 2","208262","3","4","0","12","16","7","0","2","0","0","1","0"
"POINT (13.322693138000034 52.488453040000081)","Unfall 208263 (2018) Kat:3, Licht: 2","208263","3","6","2","12","19","3","0","2","0","1","0","0"
"POINT (13.434951933000036 52.427561714000035)","Unfall 208264 (2018) Kat:2, Licht: 2","208264","2","5","1","12","18","3","0","2","0","1","0","0"
"POINT (13.350309014000061 52.414410594000060)","Unfall 208265 (2018) Kat:3, Licht: 2","208265","3","2","6","12","21","7","1","2","0","1","1","0"
"POINT (13.430912225000043 52.467843410000057)","Unfall 208266 (2018) Kat:3, Licht: 2","208266","3","4","6","12","16","4","1","2","0","1","1","0"
"POINT (13.474444419000065 52.504534187000047)","Unfall 208267 (2018) Kat:2, Licht: 2","208267","2","6","6","12","21","7","1","2","0","1","1","0"
"POINT (13.278911685000025 52.503618834000065)","Unfall 208268 (2018) Kat:2, Licht: 2","208268","2","4","6","12","22","3","0","2","0","0","1","0"
"POINT (13.373887321000041 52.547604383000078)","Unfall 208269 (2018) Kat:3, Licht: 2","208269","3","3","5","12","21","7","1","2","0","1","0","0"
"POINT (13.385208232000025 52.498542107000048)","Unfall 208270 (2018) Kat:3, Licht: 2","208270","3","3","5","12","21","7","1","2","0","1","0","0"
"POINT (13.427125601000057 52.475346492000028)","Unfall 208271 (2018) Kat:2, Licht: 2","208271","2","7","6","12","21","3","0","2","0","1","1","0"
"POINT (13.398321917000032 52.507147646000078)","Unfall 208272 (2018) Kat:3, Licht: 2","208272","3","2","6","12","20","7","1","2","0","1","1","0"
"POINT (13.547771773000022 52.542927916000053)","Unfall 208273 (2018) Kat:3, Licht: 2","208273","3","3","0","12","05","3","1","2","1","1","0","0"
"POINT (13.336855932000049 52.515370532000077)","Unfall 208274 (2018) Kat:3, Licht: 2","208274","3","6","2","12","19","7","1","2","0","1","0","0"
"POINT (13.514445236000029 52.468914799000061)","Unfall 208275 (2018) Kat:3, Licht: 2","208275","3","1","0","12","19","3","0","2","1","0","0","0"
"POINT (13.330568638000045 52.562538485000061)","Unfall 208276 (2018) Kat:3, Licht: 2","208276","3","2","5","12","19","7","1","2","0","1","0","0"
"POINT (13.433363721000035 52.523065604000067)","Unfall 208277 (2018) Kat:3, Licht: 2","208277","3","2","2","12","22","7","1","2","0","1","0","0"
"POINT (13.334590481000077 52.603445929000031)","Unfall 208278 (2018) Kat:3, Licht: 2","208278","3","2","2","12","19","3","1","2","0","1","0","0"
"POINT (13.381660188000069 52.552337036000040)","Unfall 208279 (2018) Kat:3, Licht: 2","208279","3","2","6","12","22","7","1","2","0","1","1","0"
"POINT (13.197544633000064 52.535066173000075)","Unfall 208280 (2018) Kat:3, Licht: 2","208280","3","5","1","12","19","7","1","2","0","1","0","0"
"POINT (13.405202067000062 52.439457947000051)","Unfall 208281 (2018) Kat:3, Licht: 0","208281","3","6","2","12","11","3","0","0","0","1","0","0"
"POINT (13.180527577000078 52.489109397000050)","Unfall 208282 (2018) Kat:3, Licht: 2","208282","3","5","1","12","18","7","1","2","0","1","0","0"
"POINT (13.328100357000039 52.564135402000034)","Unfall 208283 (2018) Kat:3, Licht: 2","208283","3","2","6","12","18","7","1","2","0","1","1","0"
"POINT (13.482710823000048 52.556120411000052)","Unfall 208284 (2018) Kat:3, Licht: 2","208284","3","2","6","12","17","3","1","2","0","1","1","0"
"POINT (13.300552526000047 52.519252961000063)","Unfall 208285 (2018) Kat:3, Licht: 1","208285","3","6","2","12","17","7","1","1","0","1","0","0"
"POINT (13.688105804000031 52.441167584000027)","Unfall 208286 (2018) Kat:2, Licht: 2","208286","2","6","6","12","17","3","1","2","0","1","1","0"
"POINT (13.314631331000044 52.575264811000068)","Unfall 208287 (2018) Kat:3, Licht: 2","208287","3","6","3","12","16","7","0","2","0","1","0","0"
"POINT (13.292974739000044 52.534446691000028)","Unfall 208288 (2018) Kat:3, Licht: 2","208288","3","1","9","12","05","6","1","2","0","1","0","0"
"POINT (13.369870925000043 52.559849703000054)","Unfall 208289 (2018) Kat:3, Licht: 2","208289","3","2","0","12","16","3","0","2","0","1","1","0"
"POINT (13.433225618000051 52.483538473000067)","Unfall 208290 (2018) Kat:3, Licht: 1","208290","3","1","0","12","15","7","0","1","1","0","0","0"
"POINT (13.440498723000076 52.461933385000066)","Unfall 208291 (2018) Kat:3, Licht: 2","208291","3","3","5","12","16","3","1","2","0","1","0","0"
"POINT (13.559298556000044 52.446752526000068)","Unfall 208292 (2018) Kat:3, Licht: 0","208292","3","7","0","12","13","7","0","0","0","1","0","0"
"POINT (13.435229798000023 52.460434893000070)","Unfall 208293 (2018) Kat:2, Licht: 2","208293","2","6","4","12","16","3","0","2","0","1","0","0"
"POINT (13.259127222000075 52.414248563000058)","Unfall 208294 (2018) Kat:3, Licht: 0","208294","3","5","1","12","13","7","0","0","0","1","0","0"
"POINT (13.379317829000058 52.522494958000038)","Unfall 208295 (2018) Kat:3, Licht: 0","208295","3","6","2","12","16","3","0","0","1","1","0","0"
"POINT (13.161700457000052 52.546115436000036)","Unfall 208296 (2018) Kat:2, Licht: 0","208296","2","3","5","12","13","7","0","0","1","1","0","0"
"POINT (13.331748498000024 52.503982365000070)","Unfall 208297 (2018) Kat:3, Licht: 0","208297","3","4","6","12","12","7","0","0","0","1","1","0"
"POINT (13.323538117000055 52.495311822000076)","Unfall 208298 (2018) Kat:3, Licht: 1","208298","3","6","3","12","15","3","0","1","0","1","0","1"
"POINT (13.485904096000070 52.518470984000032)","Unfall 208299 (2018) Kat:3, Licht: 1","208299","3","3","5","12","15","3","0","1","1","1","0","0"
"POINT (13.298003748000042 52.584865846000071)","Unfall 208300 (2018) Kat:3, Licht: 0","208300","3","3","5","12","10","7","1","0","0","1","0","1"
"POINT (13.136416747000055 52.447750678000034)","Unfall 208301 (2018) Kat:3, Licht: 0","208301","3","3","5","12","13","3","0","0","0","0","0","1"
"POINT (13.197513628000024 52.479620011000065)","Unfall 208302 (2018) Kat:3, Licht: 0","208302","3","7","0","12","10","3","0","0","0","1","0","0"
"POINT (13.180261000000030 52.494542331000048)","Unfall 208303 (2018) Kat:2, Licht: 2","208303","2","1","8","12","04","7","1","2","0","1","0","0"
"POINT (13.216179366000063 52.526848862000065)","Unfall 208304 (2018) Kat:3, Licht: 2","208304","3","2","6","12","16","5","1","2","0","1","1","0"
"POINT (13.386600393000037 52.549484887000062)","Unfall 208305 (2018) Kat:3, Licht: 0","208305","3","2","5","12","09","3","1","0","0","1","0","0"
"POINT (13.481405881000057 52.502053406000073)","Unfall 208306 (2018) Kat:3, Licht: 2","208306","3","3","5","12","01","7","1","2","0","1","0","0"
"POINT (13.471918207000044 52.504510015000051)","Unfall 208307 (2018) Kat:3, Licht: 0","208307","3","6","3","12","08","3","1","0","0","1","0","0"
"POINT (13.335767045000068 52.579600179000067)","Unfall 208308 (2018) Kat:3, Licht: 2","208308","3","5","1","12","06","6","1","2","0","1","0","0"
"POINT (13.405238622000070 52.505091564000054)","Unfall 208309 (2018) Kat:3, Licht: 0","208309","3","3","5","12","10","4","1","0","0","1","0","0"
"POINT (13.182491826000046 52.486121041000047)","Unfall 208310 (2018) Kat:3, Licht: 0","208310","3","2","6","12","08","3","1","0","0","1","1","0"
"POINT (13.411698902000069 52.439000439000040)","Unfall 208311 (2018) Kat:3, Licht: 0","208311","3","1","8","12","11","4","0","0","0","1","0","0"
"POINT (13.386154888000021 52.558642215000077)","Unfall 208312 (2018) Kat:3, Licht: 2","208312","3","2","6","12","18","6","1","2","0","1","1","0"
"POINT (13.428794982000056 52.455554832000075)","Unfall 208313 (2018) Kat:2, Licht: 0","208313","2","3","5","12","07","3","1","0","0","1","0","0"
"POINT (13.458794896000029 52.506489196000075)","Unfall 208314 (2018) Kat:3, Licht: 1","208314","3","4","6","12","07","3","1","1","0","1","1","0"
"POINT (13.320338479000043 52.478674301000069)","Unfall 208315 (2018) Kat:2, Licht: 2","208315","2","1","9","12","23","6","1","2","0","1","0","0"
"POINT (13.455602412000076 52.469113508000078)","Unfall 208316 (2018) Kat:2, Licht: 2","208316","2","1","4","12","18","4","1","2","0","1","0","0"
"POINT (13.321198580000043 52.520794870000032)","Unfall 208317 (2018) Kat:3, Licht: 2","208317","3","2","6","12","07","3","1","2","0","1","1","0"
"POINT (13.376783538000041 52.556317752000041)","Unfall 208318 (2018) Kat:3, Licht: 0","208318","3","6","2","12","14","4","1","0","0","1","0","0"
"POINT (13.556997445000036 52.525003442000070)","Unfall 208319 (2018) Kat:3, Licht: 2","208319","3","4","6","12","16","6","1","2","0","1","1","0"
"POINT (13.625541696000028 52.456963656000028)","Unfall 208320 (2018) Kat:3, Licht: 2","208320","3","2","5","12","07","3","1","2","1","1","0","0"
"POINT (13.208538804000057 52.561556830000029)","Unfall 208321 (2018) Kat:3, Licht: 2","208321","3","2","2","12","06","3","1","2","0","1","0","0"
"POINT (13.348264661000030 52.506820564000066)","Unfall 208322 (2018) Kat:3, Licht: 2","208322","3","4","6","12","16","6","1","2","0","1","1","0"
"POINT (13.394077505000041 52.411057543000027)","Unfall 208323 (2018) Kat:3, Licht: 2","208323","3","3","5","12","00","5","1","2","0","1","0","0"
"POINT (13.462177952000047 52.467289109000035)","Unfall 208324 (2018) Kat:3, Licht: 2","208324","3","4","2","12","06","3","1","2","0","1","1","0"
"POINT (13.341412529000024 52.520589071000074)","Unfall 208325 (2018) Kat:3, Licht: 2","208325","3","2","5","12","16","6","1","2","1","1","0","0"
"POINT (13.459091492000027 52.440428988000065)","Unfall 208326 (2018) Kat:3, Licht: 2","208326","3","3","5","12","06","3","1","2","1","1","0","0"
"POINT (13.468920471000047 52.531461545000070)","Unfall 208327 (2018) Kat:3, Licht: 1","208327","3","2","5","12","16","6","1","1","0","1","0","0"
"POINT (13.412042009000061 52.541033410000068)","Unfall 208328 (2018) Kat:3, Licht: 2","208328","3","3","5","12","03","4","0","2","0","1","0","0"
"POINT (13.430569847000072 52.589592281000080)","Unfall 208329 (2018) Kat:3, Licht: 0","208329","3","6","2","12","15","3","1","0","0","1","0","0"
"POINT (13.356087014000025 52.543246604000046)","Unfall 208330 (2018) Kat:3, Licht: 2","208330","3","4","6","12","17","6","1","2","0","1","1","0"
"POINT (13.427620297000033 52.545821168000032)","Unfall 208331 (2018) Kat:3, Licht: 0","208331","3","2","0","12","15","3","0","0","1","1","0","0"
"POINT (13.407973218000052 52.565797597000028)","Unfall 208332 (2018) Kat:2, Licht: 0","208332","2","1","0","12","15","3","1","0","1","0","0","0"
"POINT (13.436696073000064 52.503738015000067)","Unfall 208333 (2018) Kat:3, Licht: 2","208333","3","6","2","12","17","6","1","2","1","1","0","0"
"POINT (13.393546146000062 52.526368853000065)","Unfall 208334 (2018) Kat:3, Licht: 2","208334","3","3","5","12","17","6","1","2","1","1","0","0"
"POINT (13.502728893000040 52.470108191000065)","Unfall 208335 (2018) Kat:2, Licht: 0","208335","2","2","5","12","13","3","1","0","1","1","0","0"
"POINT (13.404585681000071 52.495188975000076)","Unfall 208336 (2018) Kat:3, Licht: 2","208336","3","3","5","12","17","6","1","2","0","1","0","0"
"POINT (13.587936927000044 52.508226738000076)","Unfall 208337 (2018) Kat:3, Licht: 2","208337","3","2","5","12","17","6","1","2","1","1","0","0"
"POINT (13.452513780000061 52.429026916000055)","Unfall 208338 (2018) Kat:3, Licht: 0","208338","3","7","6","12","12","3","0","0","0","1","1","0"
"POINT (13.213773443000036 52.531711011000027)","Unfall 208339 (2018) Kat:3, Licht: 2","208339","3","2","6","12","17","6","1","2","0","1","1","0"
"POINT (13.398104618000048 52.507119108000040)","Unfall 208340 (2018) Kat:3, Licht: 2","208340","3","2","6","12","18","6","1","2","0","1","1","0"
"POINT (13.579173237000077 52.569628420000072)","Unfall 208341 (2018) Kat:3, Licht: 0","208341","3","4","6","12","12","3","0","0","0","1","1","0"
"POINT (13.313633608000032 52.575964250000027)","Unfall 208342 (2018) Kat:3, Licht: 2","208342","3","5","1","12","18","6","1","2","0","1","0","0"
"POINT (13.387637111000060 52.524023009000075)","Unfall 208343 (2018) Kat:3, Licht: 0","208343","3","7","6","12","12","3","0","0","0","0","1","1"
"POINT (13.538987728000052 52.425806663000060)","Unfall 208344 (2018) Kat:3, Licht: 2","208344","3","7","5","12","19","6","1","2","0","1","0","0"
"POINT (13.416417693000028 52.510933571000066)","Unfall 208345 (2018) Kat:3, Licht: 0","208345","3","2","5","12","11","3","0","0","1","1","0","0"
"POINT (13.315438087000075 52.416511411000045)","Unfall 208346 (2018) Kat:3, Licht: 2","208346","3","3","5","12","19","6","1","2","0","1","0","0"