WKT,Name,OBJECTID,UKATEGORIE,UTYP1,UART,UMONAT,USTUNDE,UWOCHENTAG,STRZUSTAND,ULICHTVERH,ISTRAD,ISTPKW,ISTFUSS,ISTKRAD
"POINT (13.361710183000071 52.547922936000077)","Unfall 208532 (2018) Kat:3, Licht: 2","208532","3","2","6","12","16","5","1","2","0","0","1","0"
"POINT (13.513688078000030 52.535234556000034)","Unfall 208533 (2018) Kat:3, Licht: 2","208533","3","6","2","12","18","5","1","2","0","1","0","0"
"POINT (13.475914258000046 52.532887965000043)","Unfall 208534 (2018) Kat:3, Licht: 2","208534","3","6","2","12","18","5","1","2","0","1","0","0"
"POINT (13.398362911000049 52.507060167000077)","Unfall 208535 (2018) Kat:3, Licht: 1","208535","3","2","5","12","07","4","0","1","1","1","0","0"
"POINT (13.429754444000025 52.521070365000071)","Unfall 208536 (2018) Kat:3, Licht: 2","208536","3","3","5","12","18","5","0","2","1","1","0","0"
"POINT (13.396046956000077 52.538338408000072)","Unfall 208537 (2018) Kat:3, Licht: 2","208537","3","2","5","12","05","5","0","2","1","1","0","0"
"POINT (13.596315713000024 52.433790527000042)","Unfall 208538 (2018) Kat:3, Licht: 0","208538","3","3","5","12","09","4","1","0","0","1","0","0"
"POINT (13.588072786000055 52.512288861000059)","Unfall 208539 (2018) Kat:3, Licht: 2","208539","3","1","0","12","22","4","1","2","0","0","0","1"
"POINT (13.526778670000056 52.437669699000082)","Unfall 208540 (2018) Kat:3, Licht: 1","208540","3","3","5","12","06","5","0","1","1","1","0","0"
"POINT (13.302111693000029 52.503502579000042)","Unfall 208541 (2018) Kat:2, Licht: 2","208541","2","4","6","12","20","4","0","2","1","0","1","0"
"POINT (13.570552031000034 52.473572235000063)","Unfall 208542 (2018) Kat:3, Licht: 1","208542","3","2","5","12","06","5","0","1","1","1","0","0"
"POINT (13.321419740000067 52.465155670000058)","Unfall 208543 (2018) Kat:3, Licht: 1","208543","3","2","6","12","16","4","1","1","0","1","1","0"
"POINT (13.500570046000064 52.419982903000061)","Unfall 208544 (2018) Kat:3, Licht: 0","208544","3","6","2","12","08","5","0","0","0","1","0","0"
"POINT (13.434583001000021 52.472507375000077)","Unfall 208545 (2018) Kat:3, Licht: 0","208545","3","3","5","12","15","4","1","0","0","1","0","0"
"POINT (13.367957708000063 52.525896120000027)","Unfall 208546 (2018) Kat:3, Licht: 1","208546","3","2","0","12","08","5","0","1","0","1","0","0"
"POINT (13.281042603000060 52.512816611000062)","Unfall 208547 (2018) Kat:3, Licht: 0","208547","3","6","2","12","09","4","1","0","1","1","0","0"
"POINT (13.267934775000072 52.445461812000076)","Unfall 208548 (2018) Kat:3, Licht: 0","208548","3","3","5","12","11","4","0","0","1","1","0","0"
"POINT (13.177910496000038 52.541235346000065)","Unfall 208549 (2018) Kat:3, Licht: 0","208549","3","3","5","12","09","5","1","0","1","1","0","0"
"POINT (13.338534768000045 52.503323897000030)","Unfall 208550 (2018) Kat:3, Licht: 0","208550","3","4","6","12","11","4","0","0","0","1","1","0"
"POINT (13.146684135000044 52.455809006000038)","Unfall 208551 (2018) Kat:3, Licht: 0","208551","3","6","2","12","11","5","0","0","0","1","0","0"
"POINT (13.365374478000035 52.557107750000057)","Unfall 208552 (2018) Kat:3, Licht: 0","208552","3","2","5","12","12","4","0","0","1","0","0","0"
"POINT (13.361892906000037 52.497990611000034)","Unfall 208553 (2018) Kat:3, Licht: 2","208553","3","2","6","12","16","4","1","2","0","1","1","0"
"POINT (13.287645207000025 52.487936079000065)","Unfall 208554 (2018) Kat:3, Licht: 0","208554","3","4","6","12","12","4","0","0","0","1","1","0"
"POINT (13.376660854000022 52.510416243000066)","Unfall 208555 (2018) Kat:2, Licht: 0","208555","2","4","6","12","13","5","0","0","0","1","1","0"
"POINT (13.389881185000036 52.510445692000076)","Unfall 208556 (2018) Kat:3, Licht: 0","208556","3","4","6","12","13","4","0","0","0","1","1","0"
"POINT (13.282621342000027 52.518469808000077)","Unfall 208557 (2018) Kat:3, Licht: 2","208557","3","6","2","12","00","4","0","2","0","1","0","0"
"POINT (13.398614387000066 52.506991809000056)","Unfall 208558 (2018) Kat:3, Licht: 0","208558","3","6","3","12","13","5","0","0","0","1","0","0"
"POINT (13.383702193000033 52.489949093000064)","Unfall 208559 (2018) Kat:3, Licht: 0","208559","3","2","5","12","09","4","0","0","1","1","0","0"
"POINT (13.320601195000052 52.583642432000033)","Unfall 208560 (2018) Kat:3, Licht: 0","208560","3","4","6","12","14","5","1","0","0","0","1","1"
"POINT (13.267716873000040 52.512334750000036)","Unfall 208561 (2018) Kat:2, Licht: 0","208561","2","6","2","12","13","4","0","0","0","1","0","0"
"POINT (13.377857311000071 52.489507743000047)","Unfall 208562 (2018) Kat:3, Licht: 0","208562","3","7","0","12","12","5","0","0","1","1","0","0"
"POINT (13.330673293000075 52.601148342000045)","Unfall 208563 (2018) Kat:3, Licht: 0","208563","3","3","5","12","14","4","1","0","1","1","0","0"
"POINT (13.522905946000037 52.560601456000029)","Unfall 208564 (2018) Kat:3, Licht: 2","208564","3","1","0","12","06","4","2","2","0","0","0","1"
"POINT (13.144226072000038 52.454309991000059)","Unfall 208565 (2018) Kat:3, Licht: 0","208565","3","2","6","12","15","5","1","0","0","1","1","0"
"POINT (13.587212606000037 52.523025922000045)","Unfall 208566 (2018) Kat:2, Licht: 0","208566","2","1","0","12","09","4","2","0","1","0","0","0"
"POINT (13.350039649000053 52.441775120000045)","Unfall 208567 (2018) Kat:3, Licht: 0","208567","3","5","1","12","15","4","1","0","0","1","0","1"
"POINT (13.446318900000051 52.486392689000070)","Unfall 208568 (2018) Kat:3, Licht: 1","208568","3","2","5","12","15","4","1","1","0","1","0","0"
"POINT (13.206013184000028 52.542014649000066)","Unfall 208569 (2018) Kat:3, Licht: 1","208569","3","4","6","12","15","5","0","1","0","1","1","0"
"POINT (13.342901912000059 52.463026721000062)","Unfall 208570 (2018) Kat:2, Licht: 0","208570","2","1","0","12","08","4","2","0","1","0","0","0"
"POINT (13.304423071000031 52.524678562000076)","Unfall 208571 (2018) Kat:3, Licht: 0","208571","3","5","1","12","15","5","1","0","1","1","0","0"
"POINT (13.362999757000068 52.476148864000038)","Unfall 208572 (2018) Kat:2, Licht: 2","208572","2","1","0","12","06","4","2","2","0","0","0","1"
"POINT (13.346656369000073 52.459031580000044)","Unfall 208573 (2018) Kat:2, Licht: 1","208573","2","6","3","12","16","5","1","1","0","1","0","1"
"POINT (13.415855895000050 52.480587029000048)","Unfall 208574 (2018) Kat:3, Licht: 2","208574","3","1","9","12","05","4","2","2","0","1","0","0"
"POINT (13.324355347000051 52.516964681000047)","Unfall 208575 (2018) Kat:2, Licht: 1","208575","2","1","2","12","17","5","1","1","0","1","0","0"
"POINT (13.418936039000073 52.566832557000055)","Unfall 208576 (2018) Kat:2, Licht: 0","208576","2","4","6","12","13","4","1","0","0","1","1","0"
"POINT (13.379329476000066 52.456118146000051)","Unfall 208577 (2018) Kat:3, Licht: 2","208577","3","1","1","12","02","6","1","2","0","1","0","0"
"POINT (13.451225992000047 52.471898962000068)","Unfall 208578 (2018) Kat:3, Licht: 1","208578","3","3","5","12","17","5","0","1","0","1","0","0"
"POINT (13.197047571000041 52.562035414000036)","Unfall 208579 (2018) Kat:3, Licht: 1","208579","3","2","5","12","16","4","1","1","1","1","0","0"
"POINT (13.405895898000040 52.529336301000058)","Unfall 208580 (2018) Kat:3, Licht: 2","208580","3","5","1","12","21","4","0","2","0","1","0","0"
"POINT (13.474129197000025 52.609898452000039)","Unfall 208581 (2018) Kat:3, Licht: 0","208581","3","3","5","12","09","4","0","0","0","1","0","0"
"POINT (13.198700652000070 52.555332471000042)","Unfall 208582 (2018) Kat:3, Licht: 2","208582","3","1","0","12","20","4","1","2","0","0","0","1"
"POINT (13.373501210000029 52.520643804000031)","Unfall 208583 (2018) Kat:3, Licht: 2","208583","3","3","5","12","18","4","1","2","1","1","0","0"
"POINT (13.502433094000025 52.461249187000078)","Unfall 208584 (2018) Kat:3, Licht: 2","208584","3","3","5","12","18","4","0","2","1","1","0","0"
"POINT (13.261061721000033 52.435926814000027)","Unfall 208585 (2018) Kat:3, Licht: 0","208585","3","2","5","12","12","5","1","0","1","1","0","0"
"POINT (13.541387803000077 52.435460883000076)","Unfall 208765 (2018) Kat:3, Licht: 2","208765","3","2","2","12","18","2","1","2","0","1","0","0"
"POINT (13.418873779000023 52.480037813000081)","Unfall 208768 (2018) Kat:2, Licht: 2","208768","2","3","5","12","18","2","1","2","1","1","0","0"
"POINT (13.470530684000039 52.462485375000028)","Unfall 208769 (2018) Kat:3, Licht: 2","208769","3","3","5","12","23","2","1","2","0","1","0","0"
"POINT (13.383694762000061 52.551303049000069)","Unfall 208771 (2018) Kat:3, Licht: 2","208771","3","6","2","12","22","2","0","2","0","1","0","0"
"POINT (13.386652295000033 52.501013659000080)","Unfall 208773 (2018) Kat:3, Licht: 2","208773","3","3","2","12","20","2","1","2","0","1","0","0"
"POINT (13.417033920000051 52.543402201000049)","Unfall 208775 (2018) Kat:3, Licht: 2","208775","3","3","5","12","19","2","1","2","0","1","0","0"
"POINT (13.365744941000059 52.556542785000033)","Unfall 208776 (2018) Kat:3, Licht: 2","208776","3","6","0","12","18","2","1","2","0","1","0","1"
"POINT (13.382464122000044 52.551945761000070)","Unfall 208778 (2018) Kat:3, Licht: 0","208778","3","4","6","12","14","2","0","0","1","1","1","0"
"POINT (13.189032788000077 52.521799077000026)","Unfall 208780 (2018) Kat:3, Licht: 0","208780","3","6","2","12","14","2","0","0","0","1","0","0"
"POINT (13.305417398000031 52.458933830000035)","Unfall 208782 (2018) Kat:2, Licht: 0","208782","2","1","0","12","14","2","0","0","1","0","0","0"
"POINT (13.276742252000076 52.450614284000039)","Unfall 208784 (2018) Kat:3, Licht: 0","208784","3","3","5","12","13","2","0","0","1","1","0","0"
"POINT (13.438105555000050 52.569420740000055)","Unfall 208786 (2018) Kat:3, Licht: 0","208786","3","2","5","12","13","2","0","0","1","1","0","0"
"POINT (13.403157953000061 52.463429487000042)","Unfall 208787 (2018) Kat:2, Licht: 0","208787","2","3","5","12","12","2","0","0","0","1","0","0"
"POINT (13.178041371000063 52.548868213000048)","Unfall 208789 (2018) Kat:3, Licht: 0","208789","3","2","6","12","12","2","0","0","0","1","1","0"
"POINT (13.359931325000048 52.544231257000035)","Unfall 208792 (2018) Kat:3, Licht: 0","208792","3","6","3","12","11","2","0","0","1","1","0","0"
"POINT (13.328838839000070 52.522457950000046)","Unfall 208794 (2018) Kat:3, Licht: 0","208794","3","6","2","12","11","2","0","0","0","1","0","0"
"POINT (13.616851348000068 52.455129459000034)","Unfall 208796 (2018) Kat:3, Licht: 1","208796","3","3","5","12","16","1","0","1","0","1","0","0"
"POINT (13.326409372000057 52.604491059000054)","Unfall 208797 (2018) Kat:2, Licht: 2","208797","2","2","6","12","23","1","0","2","0","1","1","0"
"POINT (13.370841270000028 52.558713414000067)","Unfall 208799 (2018) Kat:3, Licht: 2","208799","3","3","5","12","22","1","0","2","0","1","0","0"
"POINT (13.453700407000042 52.510385724000059)","Unfall 208800 (2018) Kat:3, Licht: 2","208800","3","1","0","12","01","1","1","2","1","0","0","0"
"POINT (13.407936197000026 52.499974637000037)","Unfall 208802 (2018) Kat:3, Licht: 2","208802","3","2","5","12","01","7","0","2","1","1","0","0"
"POINT (13.227666914000054 52.626391749000049)","Unfall 208804 (2018) Kat:3, Licht: 2","208804","3","6","2","12","00","7","0","2","0","1","0","0"
"POINT (13.554600183000048 52.455882740000050)","Unfall 208806 (2018) Kat:3, Licht: 0","208806","3","7","5","12","15","7","1","0","0","1","0","0"
"POINT (13.317751455000064 52.454221725000082)","Unfall 208808 (2018) Kat:3, Licht: 0","208808","3","1","8","12","11","7","1","0","0","1","0","0"
"POINT (13.708535504000054 52.441539901000056)","Unfall 208809 (2018) Kat:3, Licht: 0","208809","3","7","8","12","10","7","1","0","0","1","0","0"
"POINT (13.536096826000062 52.539002034000077)","Unfall 208811 (2018) Kat:2, Licht: 2","208811","2","6","6","12","23","7","1","2","0","1","1","0"
"POINT (13.354626298000028 52.497138658000040)","Unfall 208812 (2018) Kat:3, Licht: 2","208812","3","2","6","12","23","7","1","2","0","1","1","0"
"POINT (13.421112056000027 52.413468299000044)","Unfall 208814 (2018) Kat:3, Licht: 2","208814","3","4","6","12","21","7","1","2","0","1","1","0"
"POINT (13.511935702000073 52.550787022000065)","Unfall 208815 (2018) Kat:3, Licht: 2","208815","3","4","6","12","21","7","1","2","0","1","1","0"
"POINT (13.492419969000025 52.491339988000050)","Unfall 208817 (2018) Kat:2, Licht: 2","208817","2","7","1","12","20","7","1","2","1","0","0","0"
"POINT (13.379361815000038 52.540157377000071)","Unfall 208819 (2018) Kat:3, Licht: 2","208819","3","6","2","12","20","7","1","2","0","1","0","0"
"POINT (13.377528352000070 52.543948860000057)","Unfall 208821 (2018) Kat:2, Licht: 2","208821","2","4","6","12","20","7","1","2","0","1","1","0"
"POINT (13.437086753000074 52.474497562000067)","Unfall 208823 (2018) Kat:2, Licht: 2","208823","2","3","5","12","19","7","0","2","1","1","0","0"
"POINT (13.501950936000071 52.501968968000028)","Unfall 208825 (2018) Kat:2, Licht: 0","208825","2","1","0","12","10","7","1","0","1","0","0","0"
"POINT (13.321315857000059 52.520852712000078)","Unfall 208826 (2018) Kat:3, Licht: 0","208826","3","7","5","12","10","7","1","0","1","1","0","0"
"POINT (13.384187046000022 52.555648967000081)","Unfall 208828 (2018) Kat:1, Licht: 2","208828","1","1","8","12","02","7","1","2","0","1","1","0"
"POINT (13.604132434000064 52.538650787000051)","Unfall 208830 (2018) Kat:3, Licht: 2","208830","3","2","6","12","17","6","1","2","0","1","1","0"
"POINT (13.467800639000075 52.546463013000050)","Unfall 208832 (2018) Kat:2, Licht: 1","208832","2","2","5","12","14","6","0","1","0","1","0","0"
"POINT (13.345112967000034 52.539107020000074)","Unfall 208834 (2018) Kat:3, Licht: 0","208834","3","4","2","12","14","6","1","0","0","1","1","0"
"POINT (13.268262907000064 52.406491461000030)","Unfall 208836 (2018) Kat:3, Licht: 0","208836","3","3","5","12","13","6","0","0","0","1","0","0"
"POINT (13.388855543000034 52.516878898000073)","Unfall 208838 (2018) Kat:3, Licht: 0","208838","3","6","3","12","12","6","1","0","0","1","0","0"
"POINT (13.426159734000066 52.477514353000061)","Unfall 208840 (2018) Kat:3, Licht: 0","208840","3","3","5","12","12","6","1","0","0","1","0","0"
"POINT (13.394645448000063 52.504563421000057)","Unfall 208842 (2018) Kat:3, Licht: 0","208842","3","3","5","12","10","6","1","0","0","1","0","0"
"POINT (13.499326137000025 52.564293346000056)","Unfall 208844 (2018) Kat:3, Licht: 0","208844","3","7","9","12","10","6","1","0","0","1","0","0"
"POINT (13.266868436000038 52.514260510000042)","Unfall 208846 (2018) Kat:3, Licht: 0","208846","3","3","5","12","10","6","0","0","0","1","0","0"
"POINT (13.460731872000053 52.563878927000076)","Unfall 208848 (2018) Kat:3, Licht: 0","208848","3","7","5","12","10","6","1","0","1","1","0","0"
"POINT (13.451027571000054 52.527411945000040)","Unfall 208850 (2018) Kat:3, Licht: 0","208850","3","6","2","12","09","6","1","0","0","1","0","0"
"POINT (13.461215250000066 52.525101482000082)","Unfall 208851 (2018) Kat:2, Licht: 1","208851","2","7","0","12","09","6","1","1","1","0","0","0"
"POINT (13.403144241000064 52.463429273000031)","Unfall 208853 (2018) Kat:3, Licht: 1","208853","3","3","5","12","07","6","1","1","0","1","0","0"
"POINT (13.341464046000056 52.586085144000037)","Unfall 49090 (2019) Kat:3, Licht: 0","49090","3","3","5","01","13","6","1","0","1","1","0","0"
"POINT (13.413562745000036 52.558615438000061)","Unfall 49091 (2019) Kat:3, Licht: 0","49091","3","3","5","01","09","5","0","0","1","1","0","0"
"POINT (13.360337789000027 52.571585883000068)","Unfall 49093 (2019) Kat:3, Licht: 2","49093","3","1","0","03","21","6","0","2","1","0","0","0"
"POINT (13.217765952000036 52.428251026000055)","Unfall 49096 (2019) Kat:2, Licht: 1","49096","2","4","6","01","07","6","1","1","0","1","1","0"
"POINT (13.360069290000069 52.474208017000080)","Unfall 49097 (2019) Kat:3, Licht: 0","49097","3","6","2","02","15","3","0","0","0","1","0","0"
"POINT (13.198464990000048 52.512733145000027)","Unfall 49100 (2019) Kat:3, Licht: 2","49100","3","6","2","01","07","5","1","2","0","1","0","0"
"POINT (13.178910203000044 52.516531137000072)","Unfall 49101 (2019) Kat:3, Licht: 0","49101","3","6","6","01","08","3","0","0","0","1","1","0"
"POINT (13.473229562000029 52.513932652000051)","Unfall 49105 (2019) Kat:3, Licht: 0","49105","3","2","6","01","07","5","1","0","0","1","1","0"
"POINT (13.179045797000072 52.516619250000076)","Unfall 49106 (2019) Kat:3, Licht: 2","49106","3","2","5","02","18","1","0","2","0","1","0","0"
"POINT (13.387576602000024 52.438786517000040)","Unfall 49109 (2019) Kat:3, Licht: 2","49109","3","2","3","01","17","5","0","2","0","1","0","0"
"POINT (13.365901394000048 52.472602758000050)","Unfall 49111 (2019) Kat:3, Licht: 2","49111","3","6","2","01","18","5","0","2","0","1","0","0"
"POINT (13.311587484000029 52.480684235000069)","Unfall 49114 (2019) Kat:2, Licht: 2","49114","2","1","0","01","16","5","0","2","0","0","0","1"
"POINT (13.293978132000063 52.537328790000061)","Unfall 49115 (2019) Kat:3, Licht: 0","49115","3","6","2","02","12","6","0","0","0","0","0","0"
"POINT (13.401410863000024 52.511406343000033)","Unfall 49118 (2019) Kat:3, Licht: 0","49118","3","6","2","03","13","5","0","0","0","1","0","0"
"POINT (13.281071313000041 52.499309440000047)","Unfall 49121 (2019) Kat:3, Licht: 2","49121","3","6","2","01","17","4","1","2","0","1","0","0"
"POINT (13.393890248000048 52.517384837000066)","Unfall 49124 (2019) Kat:3, Licht: 0","49124","3","6","2","01","12","4","1","0","0","1","0","0"
"POINT (13.402760479000051 52.580750918000035)","Unfall 49125 (2019) Kat:3, Licht: 0","49125","3","3","5","01","13","4","0","0","0","1","0","0"
"POINT (13.364201855000033 52.563674282000079)","Unfall 49128 (2019) Kat:3, Licht: 2","49128","3","2","6","01","17","4","1","2","0","1","1","0"
"POINT (13.506436488000077 52.458949141000062)","Unfall 49131 (2019) Kat:3, Licht: 2","49131","3","6","3","01","06","4","1","2","0","1","0","1"
"POINT (13.368377919000068 52.541080777000047)","Unfall 49132 (2019) Kat:2, Licht: 2","49132","2","2","5","02","06","7","0","2","0","1","0","1"
"POINT (13.475907356000050 52.444617881000056)","Unfall 49135 (2019) Kat:3, Licht: 2","49135","3","6","3","01","05","4","1","2","0","1","0","0"
"POINT (13.376720542000044 52.516147028000034)","Unfall 49136 (2019) Kat:3, Licht: 0","49136","3","3","5","01","11","1","1","0","1","0","0","0"
"POINT (13.467566528000077 52.514355202000047)","Unfall 49140 (2019) Kat:3, Licht: 1","49140","3","3","5","01","08","4","1","1","1","1","0","0"
"POINT (13.334074601000054 52.593561186000045)","Unfall 49141 (2019) Kat:3, Licht: 0","49141","3","3","5","02","15","6","0","0","0","1","0","0"
"POINT (13.445702367000024 52.546112074000064)","Unfall 49144 (2019) Kat:3, Licht: 2","49144","3","4","6","01","07","4","1","2","0","1","1","0"
"POINT (13.302054846000033 52.534636876000036)","Unfall 49147 (2019) Kat:3, Licht: 2","49147","3","6","2","01","07","4","1","2","0","1","0","0"
"POINT (13.214603765000049 52.427509573000066)","Unfall 49150 (2019) Kat:2, Licht: 2","49150","2","2","6","01","07","4","1","2","0","1","1","0"
"POINT (13.300364308000042 52.448255058000029)","Unfall 49151 (2019) Kat:3, Licht: 2","49151","3","6","2","02","18","3","0","2","0","1","0","0"
"POINT (13.196540305000042 52.417607440000040)","Unfall 49154 (2019) Kat:3, Licht: 0","49154","3","6","2","01","09","3","1","0","0","1","0","0"
"POINT (13.386230218000037 52.443683968000073)","Unfall 49155 (2019) Kat:3, Licht: 0","49155","3","6","2","02","10","7","0","0","0","1","0","0"
"POINT (13.368165213000054 52.505970783000066)","Unfall 49158 (2019) Kat:3, Licht: 2","49158","3","6","2","01","19","3","1","2","0","1","0","0"
"POINT (13.452883083000074 52.513671003000070)","Unfall 49160 (2019) Kat:3, Licht: 2","49160","3","6","2","01","19","3","1","2","1","0","0","0"
"POINT (13.376232058000028 52.430468442000063)","Unfall 49163 (2019) Kat:3, Licht: 2","49163","3","3","5","01","17","3","1","2","0","1","0","0"
"POINT (13.540107417000058 52.522572089000050)","Unfall 49164 (2019) Kat:2, Licht: 0","49164","2","3","5","02","10","4","0","0","1","1","0","0"
"POINT (13.303075941000031 52.485646369000051)","Unfall 49166 (2019) Kat:3, Licht: 0","49166","3","6","2","03","14","4","0","0","0","1","0","0"
"POINT (13.470278871000062 52.564705685000035)","Unfall 49169 (2019) Kat:3, Licht: 0","49169","3","1","4","01","12","3","1","0","0","1","0","0"
"POINT (13.385590059000037 52.473093003000031)","Unfall 49172 (2019) Kat:3, Licht: 2","49172","3","4","6","01","19","2","1","2","0","0","1","0"
"POINT (13.175694944000043 52.419876349000049)","Unfall 49173 (2019) Kat:2, Licht: 2","49173","2","1","0","01","17","4","1","2","0","0","0","1"
"POINT (13.380385774000047 52.437836763000064)","Unfall 49178 (2019) Kat:3, Licht: 0","49178","3","2","6","01","12","1","0","0","0","1","1","0"
"POINT (13.286670982000032 52.494250891000036)","Unfall 49179 (2019) Kat:3, Licht: 1","49179","3","1","0","02","05","6","1","1","0","0","0","1"
"POINT (13.454242573000045 52.515717355000049)","Unfall 49182 (2019) Kat:3, Licht: 0","49182","3","2","5","01","11","7","0","0","0","1","0","0"
"POINT (13.376721933000056 52.516147111000066)","Unfall 49183 (2019) Kat:3, Licht: 0","49183","3","3","5","01","11","1","1","0","1","0","0","0"
"POINT (13.347838828000022 52.574325041000066)","Unfall 49186 (2019) Kat:3, Licht: 1","49186","3","2","2","01","07","6","1","1","0","1","0","0"
"POINT (13.462146133000033 52.453319908000026)","Unfall 49188 (2019) Kat:3, Licht: 2","49188","3","6","2","01","19","6","0","2","0","1","0","0"
"POINT (13.400640125000052 52.415188652000040)","Unfall 49189 (2019) Kat:3, Licht: 0","49189","3","2","5","02","12","6","0","0","1","1","0","0"
"POINT (13.428519437000034 52.559239979000040)","Unfall 49192 (2019) Kat:3, Licht: 2","49192","3","3","5","01","18","6","1","2","1","1","0","0"
"POINT (13.398350301000050 52.571040647000075)","Unfall 49194 (2019) Kat:3, Licht: 2","49194","3","3","5","01","20","4","0","2","1","0","0","0"
"POINT (13.355035377000036 52.485418927000069)","Unfall 49196 (2019) Kat:3, Licht: 2","49196","3","5","1","01","18","6","1","2","1","1","0","0"
"POINT (13.314753509000070 52.453223504000050)","Unfall 49199 (2019) Kat:3, Licht: 2","49199","3","2","5","01","18","5","0","2","1","1","0","0"
"POINT (13.286362982000071 52.511658553000075)","Unfall 49200 (2019) Kat:2, Licht: 2","49200","2","1","0","02","02","7","1","2","0","1","0","0"
"POINT (13.406054650000044 52.520537253000043)","Unfall 49202 (2019) Kat:3, Licht: 1","49202","3","7","2","03","17","7","0","1","1","1","0","0"
"POINT (13.550862894000034 52.553890054000078)","Unfall 49205 (2019) Kat:3, Licht: 2","49205","3","6","2","01","18","4","1","2","0","1","0","0"
"POINT (13.363400798000043 52.535447415000078)","Unfall 49206 (2019) Kat:3, Licht: 0","49206","3","6","0","02","16","5","0","0","1","1","0","0"
"POINT (13.346999563000054 52.477000209000039)","Unfall 49209 (2019) Kat:3, Licht: 0","49209","3","3","5","01","13","4","0","0","0","1","0","0"
"POINT (13.414062552000075 52.550527365000050)","Unfall 49210 (2019) Kat:3, Licht: 1","49210","3","2","0","01","14","2","0","1","1","1","0","0"
"POINT (13.598635144000070 52.504879646000063)","Unfall 49216 (2019) Kat:3, Licht: 0","49216","3","2","5","03","16","3","0","0","0","1","0","0"
"POINT (13.449370419000047 52.463694595000050)","Unfall 49219 (2019) Kat:3, Licht: 2","49219","3","6","3","01","03","4","1","2","0","1","0","0"
"POINT (13.381093126000053 52.499192986000082)","Unfall 49222 (2019) Kat:3, Licht: 2","49222","3","6","2","01","04","3","1","2","0","1","0","0"
"POINT (13.328412788000037 52.460274498000047)","Unfall 49223 (2019) Kat:2, Licht: 0","49223","2","2","5","01","11","3","1","0","0","1","0","0"
"POINT (13.277893053000071 52.502068561000044)","Unfall 49228 (2019) Kat:3, Licht: 2","49228","3","1","9","01","05","3","1","2","0","1","0","0"
"POINT (13.416384431000040 52.522004399000082)","Unfall 49229 (2019) Kat:1, Licht: 0","49229","1","2","5","02","10","4","0","0","1","0","0","0"
"POINT (13.387534274000075 52.497930299000075)","Unfall 49232 (2019) Kat:3, Licht: 2","49232","3","6","2","01","02","3","1","2","0","1","0","0"
"POINT (13.385491929000068 52.467414801000075)","Unfall 49233 (2019) Kat:3, Licht: 2","49233","3","6","2","01","21","7","1","2","0","1","0","0"
"POINT (13.377793819000033 52.433778475000054)","Unfall 49236 (2019) Kat:3, Licht: 0","49236","3","2","5","01","14","6","0","0","1","1","0","0"
"POINT (13.460045764000029 52.492853977000038)","Unfall 49238 (2019) Kat:3, Licht: 2","49238","3","4","2","01","02","3","1","2","0","1","1","0"
"POINT (13.429238439000073 52.537355462000050)","Unfall 49239 (2019) Kat:3, Licht: 2","49239","3","6","2","02","18","5","0","2","0","1","0","0"
"POINT (13.444585450000034 52.545335421000061)","Unfall 49248 (2019) Kat:3, Licht: 0","49248","3","2","6","02","15","6","0","0","0","1","1","0"
"POINT (13.322941719000028 52.512405252000065)","Unfall 49250 (2019) Kat:3, Licht: 0","49250","3","2","5","03","12","6","0","0","0","0","0","1"
"POINT (13.462388911000062 52.514886077000028)","Unfall 49254 (2019) Kat:3, Licht: 2","49254","3","6","2","02","20","4","0","2","1","0","0","0"
"POINT (13.400915364000070 52.465309362000028)","Unfall 49258 (2019) Kat:2, Licht: 2","49258","2","1","9","01","23","7","1","2","0","1","0","0"
"POINT (13.385747604000073 52.469876736000060)","Unfall 49264 (2019) Kat:3, Licht: 0","49264","3","6","2","02","06","2","0","0","0","1","0","0"
"POINT (13.367347664000022 52.551426196000079)","Unfall 49273 (2019) Kat:3, Licht: 0","49273","3","7","5","02","16","2","0","0","0","1","0","0"
"POINT (13.412805726000045 52.544808289000059)","Unfall 49277 (2019) Kat:3, Licht: 1","49277","3","4","6","02","18","4","0","1","1","0","1","0"
"POINT (13.282272155000044 52.497980362000078)","Unfall 49283 (2019) Kat:3, Licht: 0","49283","3","6","2","01","13","6","0","0","0","1","0","0"
"POINT (13.429777633000072 52.537165878000053)","Unfall 49286 (2019) Kat:3, Licht: 2","49286","3","5","1","02","19","3","0","2","1","1","0","0"
"POINT (13.380818527000031 52.509791608000057)","Unfall 49289 (2019) Kat:3, Licht: 0","49289","3","6","4","03","14","7","1","0","1","1","0","0"
"POINT (13.152719051000076 52.418750515000056)","Unfall 49297 (2019) Kat:2, Licht: 2","49297","2","4","6","01","19","5","1","2","0","1","1","0"
"POINT (13.447520475000033 52.503541138000060)","Unfall 49299 (2019) Kat:3, Licht: 0","49299","3","3","5","02","13","5","0","0","1","0","0","0"
"POINT (13.355826479000029 52.477843709000069)","Unfall 49303 (2019) Kat:3, Licht: 0","49303","3","6","2","02","16","3","0","0","0","1","0","0"
"POINT (13.438998222000066 52.541091389000030)","Unfall 49307 (2019) Kat:3, Licht: 0","49307","3","2","5","01","12","3","0","0","1","0","0","0"
"POINT (13.393555981000077 52.517364730000054)","Unfall 49312 (2019) Kat:3, Licht: 2","49312","3","6","2","02","22","7","0","2","0","1","0","0"
"POINT (13.355691913000044 52.477740421000078)","Unfall 49321 (2019) Kat:2, Licht: 0","49321","2","2","6","02","08","5","0","0","0","1","1","0"
"POINT (13.404551551000054 52.520000893000031)","Unfall 49323 (2019) Kat:3, Licht: 2","49323","3","2","2","03","22","5","0","2","1","0","0","0"
"POINT (13.282053065000071 52.526941900000054)","Unfall 49330 (2019) Kat:3, Licht: 1","49330","3","6","3","01","07","4","1","1","0","1","0","0"