WKT,Name,OBJECTID,UKATEGORIE,UTYP1,UART,UMONAT,USTUNDE,UWOCHENTAG,STRZUSTAND,ULICHTVERH,ISTRAD,ISTPKW,ISTFUSS,ISTKRAD
"POINT (13.448042718000067 52.547122553000065)","Unfall 49337 (2019) Kat:3, Licht: 0","49337","3","3","5","02","14","7","0","0","1","1","0","0"
"POINT (13.386129153000070 52.489230529000054)","Unfall 49338 (2019) Kat:3, Licht: 0","49338","3","1","1","03","07","6","0","0","0","1","0","0"
"POINT (13.206449694000071 52.424970004000045)","Unfall 49345 (2019) Kat:2, Licht: 0","49345","2","6","2","01","12","4","1","0","0","1","0","0"
"POINT (13.321982257000059 52.537331627000071)","Unfall 49350 (2019) Kat:3, Licht: 2","49350","3","6","2","02","18","1","0","2","0","1","0","0"
"POINT (13.401659928000072 52.413937785000030)","Unfall 49354 (2019) Kat:3, Licht: 2","49354","3","6","2","01","07","2","1","2","0","1","0","0"
"POINT (13.275129344000050 52.509673096000029)","Unfall 49360 (2019) Kat:3, Licht: 0","49360","3","6","3","02","14","7","0","0","0","1","0","0"
"POINT (13.303524158000073 52.511292347000051)","Unfall 49370 (2019) Kat:3, Licht: 2","49370","3","6","2","02","19","4","0","2","0","1","0","0"
"POINT (13.281671610000046 52.510083578000035)","Unfall 49372 (2019) Kat:3, Licht: 0","49372","3","6","2","03","12","4","0","0","0","1","0","0"
"POINT (13.407899450000059 52.515682410000068)","Unfall 49379 (2019) Kat:3, Licht: 0","49379","3","6","3","01","12","3","0","0","1","1","0","0"
"POINT (13.309038923000060 52.511650397000039)","Unfall 49385 (2019) Kat:3, Licht: 0","49385","3","7","5","02","09","5","0","0","0","1","0","1"
"POINT (13.305179683000063 52.511401449000061)","Unfall 49389 (2019) Kat:3, Licht: 1","49389","3","2","5","01","06","7","0","1","0","1","0","0"
"POINT (13.301065499000060 52.576137829000061)","Unfall 49392 (2019) Kat:3, Licht: 0","49392","3","6","2","01","10","6","1","0","0","1","0","0"
"POINT (13.414118771000062 52.557735364000052)","Unfall 49395 (2019) Kat:2, Licht: 0","49395","2","2","5","02","12","6","0","0","0","1","0","0"
"POINT (13.414158984000039 52.556734423000080)","Unfall 49404 (2019) Kat:3, Licht: 2","49404","3","6","3","01","00","1","1","2","0","1","0","0"
"POINT (13.428087098000049 52.546156934000066)","Unfall 49409 (2019) Kat:3, Licht: 1","49409","3","6","3","02","17","6","0","1","1","1","0","0"
"POINT (13.286318567000023 52.514789747000066)","Unfall 49419 (2019) Kat:3, Licht: 0","49419","3","6","2","02","10","2","0","0","0","1","0","0"
"POINT (13.279589387000044 52.499911965000081)","Unfall 49421 (2019) Kat:3, Licht: 0","49421","3","6","3","03","08","2","0","0","0","1","0","0"
"POINT (13.369793140000070 52.515827612000066)","Unfall 49428 (2019) Kat:3, Licht: 0","49428","3","2","5","01","10","3","1","0","0","1","0","0"
"POINT (13.360725239000033 52.570844912000041)","Unfall 49434 (2019) Kat:3, Licht: 0","49434","3","2","2","02","11","4","0","0","0","1","0","0"
"POINT (13.405182120000063 52.520093781000071)","Unfall 49440 (2019) Kat:3, Licht: 2","49440","3","2","6","01","06","5","1","2","0","1","1","0"
"POINT (13.364899172000037 52.561145184000054)","Unfall 49443 (2019) Kat:3, Licht: 0","49443","3","6","2","02","16","5","0","0","0","1","0","0"
"POINT (13.363228246000062 52.565700424000056)","Unfall 49452 (2019) Kat:3, Licht: 2","49452","3","6","3","01","17","5","0","2","0","1","0","0"
"POINT (13.424229970000056 52.539054551000049)","Unfall 49454 (2019) Kat:3, Licht: 2","49454","3","2","5","03","23","6","0","2","0","1","0","0"
"POINT (13.419873476000078 52.525430609000068)","Unfall 49458 (2019) Kat:3, Licht: 2","49458","3","2","2","02","18","4","0","2","1","1","0","0"
"POINT (13.432132851000063 52.535209110000039)","Unfall 49465 (2019) Kat:3, Licht: 2","49465","3","5","1","02","18","6","0","2","1","0","0","0"
"POINT (13.105603448000068 52.413796505000050)","Unfall 49467 (2019) Kat:3, Licht: 0","49467","3","1","1","03","12","7","0","0","0","1","0","0"
"POINT (13.454156303000048 52.515516690000027)","Unfall 49471 (2019) Kat:3, Licht: 0","49471","3","6","3","02","15","4","0","0","1","1","0","0"
"POINT (13.297856988000035 52.546745992000069)","Unfall 49475 (2019) Kat:3, Licht: 0","49475","3","6","3","01","11","2","0","0","0","1","0","0"
"POINT (13.470963794000056 52.565675120000037)","Unfall 49481 (2019) Kat:3, Licht: 0","49481","3","3","5","02","15","3","0","0","1","1","0","0"
"POINT (13.354736999000067 52.485469169000055)","Unfall 49490 (2019) Kat:3, Licht: 0","49490","3","6","2","02","15","3","0","0","0","1","0","0"
"POINT (13.248678517000030 52.622267876000080)","Unfall 49493 (2019) Kat:3, Licht: 0","49493","3","7","0","03","14","6","0","0","0","1","0","0"
"POINT (13.452917175000039 52.512698844000056)","Unfall 49500 (2019) Kat:3, Licht: 0","49500","3","2","5","01","16","5","0","0","1","1","0","0"
"POINT (13.468061025000054 52.514306308000073)","Unfall 49502 (2019) Kat:3, Licht: 0","49502","3","7","6","02","15","5","0","0","1","0","1","0"
"POINT (13.280197477000058 52.509821976000069)","Unfall 49506 (2019) Kat:3, Licht: 0","49506","3","7","5","02","09","2","0","0","1","1","0","0"
"POINT (13.262250381000058 52.434951636000051)","Unfall 49510 (2019) Kat:3, Licht: 2","49510","3","6","0","01","19","3","1","2","0","0","0","1"
"POINT (13.295445523000069 52.540375906000065)","Unfall 49515 (2019) Kat:3, Licht: 0","49515","3","6","2","02","14","7","0","0","0","1","0","0"
"POINT (13.422649414000034 52.527535017000048)","Unfall 49522 (2019) Kat:3, Licht: 0","49522","3","6","3","01","08","3","0","0","0","1","0","0"
"POINT (13.363045129000056 52.473798478000049)","Unfall 49528 (2019) Kat:3, Licht: 0","49528","3","6","2","02","15","2","0","0","0","1","0","0"
"POINT (13.406391445000054 52.395607088000077)","Unfall 49537 (2019) Kat:3, Licht: 1","49537","3","6","3","02","07","6","1","1","0","1","0","0"
"POINT (13.418122012000026 52.523820835000038)","Unfall 49540 (2019) Kat:3, Licht: 0","49540","3","5","0","03","07","5","1","0","1","1","0","0"
"POINT (13.413340753000057 52.558729848000041)","Unfall 49547 (2019) Kat:3, Licht: 0","49547","3","5","1","01","14","4","0","0","1","1","0","0"
"POINT (13.413757766000060 52.550760912000044)","Unfall 49554 (2019) Kat:3, Licht: 0","49554","3","2","5","02","15","7","0","0","1","1","0","0"
"POINT (13.438612752000040 52.541171877000068)","Unfall 49558 (2019) Kat:2, Licht: 0","49558","2","4","6","01","15","2","0","0","0","1","1","0"
"POINT (13.366221823000046 52.554135489000032)","Unfall 49563 (2019) Kat:3, Licht: 0","49563","3","5","1","02","15","6","0","0","0","1","0","0"
"POINT (13.399333584000033 52.574506209000049)","Unfall 49573 (2019) Kat:3, Licht: 2","49573","3","7","5","02","17","4","0","2","1","0","0","0"
"POINT (13.282529451000073 52.519757327000036)","Unfall 49575 (2019) Kat:2, Licht: 0","49575","2","6","2","03","09","3","0","0","0","1","0","0"
"POINT (13.402510131000042 52.592184597000028)","Unfall 49582 (2019) Kat:3, Licht: 1","49582","3","3","5","01","17","3","1","1","1","1","0","0"
"POINT (13.412445360000049 52.544795529000055)","Unfall 49587 (2019) Kat:3, Licht: 0","49587","3","6","4","02","15","4","0","0","1","0","0","0"
"POINT (13.256889573000024 52.508433644000036)","Unfall 49589 (2019) Kat:3, Licht: 0","49589","3","6","0","03","10","4","1","0","1","1","0","0"
"POINT (13.369200327000044 52.420638596000060)","Unfall 49596 (2019) Kat:2, Licht: 0","49596","2","3","5","01","12","4","0","0","0","1","0","0"
"POINT (13.441808838000043 52.462881285000037)","Unfall 49603 (2019) Kat:3, Licht: 1","49603","3","6","3","02","18","6","0","1","0","1","0","0"
"POINT (13.332274054000038 52.463828708000051)","Unfall 49607 (2019) Kat:3, Licht: 2","49607","3","1","9","01","02","1","2","2","0","1","0","0"
"POINT (13.422324716000048 52.539376778000076)","Unfall 49610 (2019) Kat:2, Licht: 2","49610","2","5","0","01","21","5","1","2","0","1","0","1"
"POINT (13.402784664000023 52.593148215000042)","Unfall 49613 (2019) Kat:3, Licht: 0","49613","3","3","5","02","11","6","0","0","1","1","0","0"
"POINT (13.386053678000053 52.485775722000028)","Unfall 49623 (2019) Kat:3, Licht: 2","49623","3","6","2","02","19","1","1","2","0","1","0","0"
"POINT (13.433099342000048 52.536293469000043)","Unfall 49625 (2019) Kat:3, Licht: 0","49625","3","6","2","03","17","1","0","0","0","1","0","0"
"POINT (13.323877319000076 52.512815492000072)","Unfall 49632 (2019) Kat:3, Licht: 0","49632","3","6","2","01","16","2","0","0","0","1","0","0"
"POINT (13.263932657000055 52.435182407000070)","Unfall 49638 (2019) Kat:3, Licht: 0","49638","3","6","2","02","16","4","0","0","0","1","0","0"
"POINT (13.388360645000034 52.436863184000060)","Unfall 49644 (2019) Kat:3, Licht: 2","49644","3","6","2","01","19","5","1","2","0","1","0","0"
"POINT (13.206524008000031 52.511109674000068)","Unfall 49650 (2019) Kat:3, Licht: 2","49650","3","6","2","02","18","5","1","2","0","1","0","0"
"POINT (13.332917350000059 52.596253274000048)","Unfall 49654 (2019) Kat:3, Licht: 2","49654","3","6","3","01","21","7","0","2","0","1","0","1"
"POINT (13.350906682000073 52.480626686000051)","Unfall 49657 (2019) Kat:2, Licht: 2","49657","2","4","6","01","18","5","1","2","0","1","1","0"
"POINT (13.512054386000045 52.454873584000040)","Unfall 49660 (2019) Kat:3, Licht: 2","49660","3","2","5","02","18","5","0","2","1","1","0","0"
"POINT (13.447670978000076 52.546991321000064)","Unfall 49669 (2019) Kat:3, Licht: 2","49669","3","2","6","02","05","6","0","2","0","1","1","0"
"POINT (13.368354979000060 52.506322142000045)","Unfall 49671 (2019) Kat:3, Licht: 2","49671","3","2","2","03","22","7","0","2","0","1","0","0"
"POINT (13.365501705000042 52.557970193000074)","Unfall 49675 (2019) Kat:2, Licht: 1","49675","2","3","5","02","06","4","0","1","0","1","0","0"
"POINT (13.412805576000039 52.519403023000052)","Unfall 49679 (2019) Kat:2, Licht: 2","49679","2","4","6","01","02","1","1","2","0","1","1","0"
"POINT (13.387411558000053 52.510207038000033)","Unfall 49685 (2019) Kat:3, Licht: 0","49685","3","6","3","02","11","2","0","0","1","0","0","0"
"POINT (13.310032935000038 52.481876317000058)","Unfall 49694 (2019) Kat:3, Licht: 2","49694","3","6","3","02","23","2","0","2","0","1","0","0"
"POINT (13.606262645000072 52.504953530000080)","Unfall 49697 (2019) Kat:3, Licht: 0","49697","3","3","5","03","11","6","1","0","1","1","0","0"
"POINT (13.372070215000065 52.505524941000033)","Unfall 49704 (2019) Kat:3, Licht: 0","49704","3","6","2","01","14","4","0","0","0","1","0","0"
"POINT (13.385489937000045 52.468860380000081)","Unfall 49707 (2019) Kat:3, Licht: 1","49707","3","7","6","02","18","4","0","1","1","0","1","0"
"POINT (13.282617213000037 52.497464209000043)","Unfall 49710 (2019) Kat:3, Licht: 0","49710","3","6","2","03","10","7","1","0","0","1","0","0"
"POINT (13.470409428000039 52.514222674000052)","Unfall 49718 (2019) Kat:3, Licht: 0","49718","3","5","1","01","07","5","0","0","0","1","1","0"
"POINT (13.320542095000064 52.454554326000050)","Unfall 49720 (2019) Kat:3, Licht: 0","49720","3","6","2","02","14","5","0","0","0","1","0","0"
"POINT (13.242306142000075 52.507530292000069)","Unfall 49724 (2019) Kat:3, Licht: 0","49724","3","3","5","02","14","3","0","0","0","1","0","0"
"POINT (13.283884418000071 52.529887576000078)","Unfall 49728 (2019) Kat:3, Licht: 0","49728","3","6","2","01","13","3","0","0","0","1","0","0"
"POINT (13.355326502000025 52.485568846000035)","Unfall 49733 (2019) Kat:3, Licht: 2","49733","3","6","2","02","18","1","0","2","0","1","0","0"
"POINT (13.311777689000053 52.626125661000060)","Unfall 49742 (2019) Kat:3, Licht: 0","49742","3","2","2","02","11","5","0","0","0","1","0","0"
"POINT (13.497845328000039 52.434002441000075)","Unfall 49744 (2019) Kat:3, Licht: 0","49744","3","6","2","03","06","5","1","0","0","0","0","0"
"POINT (13.361749552000049 52.413566791000051)","Unfall 49751 (2019) Kat:3, Licht: 0","49751","3","6","2","01","13","4","0","0","0","1","0","0"
"POINT (13.346058130000074 52.477386982000041)","Unfall 49758 (2019) Kat:3, Licht: 0","49758","3","1","0","02","14","7","0","0","0","0","0","1"
"POINT (13.369900582000071 52.541802036000036)","Unfall 49762 (2019) Kat:3, Licht: 2","49762","3","6","2","01","16","1","0","2","0","1","0","0"
"POINT (13.453771551000045 52.515705427000057)","Unfall 49767 (2019) Kat:2, Licht: 0","49767","2","1","0","02","15","6","0","0","1","0","0","0"
"POINT (13.436293091000039 52.534499041000061)","Unfall 49772 (2019) Kat:3, Licht: 0","49772","3","7","0","02","08","1","0","0","0","1","0","0"
"POINT (13.624597042000062 52.503857387000039)","Unfall 49776 (2019) Kat:3, Licht: 0","49776","3","6","2","01","14","2","1","0","0","1","0","0"
"POINT (13.413695410000059 52.550408060000052)","Unfall 49782 (2019) Kat:2, Licht: 0","49782","2","1","9","02","10","7","0","0","0","1","0","0"
"POINT (13.259868854000047 52.435104890000048)","Unfall 49792 (2019) Kat:3, Licht: 0","49792","3","6","2","02","08","4","0","0","0","1","0","0"
"POINT (13.467407032000040 52.514371314000073)","Unfall 49794 (2019) Kat:3, Licht: 0","49794","3","2","5","03","13","4","0","0","1","1","0","0"
"POINT (13.388194087000045 52.469467346000044)","Unfall 49801 (2019) Kat:3, Licht: 1","49801","3","6","2","01","16","4","0","1","0","1","0","0"
"POINT (13.353267710000068 52.514658140000051)","Unfall 49807 (2019) Kat:3, Licht: 0","49807","3","6","3","02","16","6","0","0","0","1","0","1"
"POINT (13.536659700000030 52.531871030000048)","Unfall 49811 (2019) Kat:1, Licht: 0","49811","1","4","6","01","10","7","1","0","0","1","1","0"
"POINT (13.286131774000069 52.494565787000056)","Unfall 49814 (2019) Kat:3, Licht: 2","49814","3","1","9","01","22","5","1","2","0","1","0","0"
"POINT (13.341343253000048 52.586239295000041)","Unfall 49817 (2019) Kat:3, Licht: 0","49817","3","3","5","02","14","6","0","0","1","1","0","0"
"POINT (13.454232939000065 52.515770432000068)","Unfall 49826 (2019) Kat:3, Licht: 2","49826","3","7","5","02","19","6","0","2","0","1","0","0"
"POINT (13.416711275000068 52.522385790000044)","Unfall 49828 (2019) Kat:3, Licht: 0","49828","3","6","0","03","12","7","0","0","0","1","0","0"
"POINT (13.388222308000024 52.437367199000050)","Unfall 49840 (2019) Kat:3, Licht: 0","49840","3","7","5","02","13","2","0","0","0","0","0","0"
"POINT (13.369023696000056 52.548559454000042)","Unfall 49842 (2019) Kat:3, Licht: 0","49842","3","6","2","03","13","2","0","0","0","1","0","0"
"POINT (13.377807567000048 52.433807200000047)","Unfall 49849 (2019) Kat:3, Licht: 0","49849","3","3","5","01","11","3","1","0","0","0","0","1"
"POINT (13.347655284000041 52.574502814000027)","Unfall 49855 (2019) Kat:3, Licht: 0","49855","3","2","5","02","08","4","0","0","1","0","0","0"
"POINT (13.276189694000038 52.509736609000072)","Unfall 49859 (2019) Kat:3, Licht: 2","49859","3","6","3","01","21","7","0","2","0","1","0","0"
"POINT (13.368624232000059 52.506254407000029)","Unfall 49862 (2019) Kat:3, Licht: 0","49862","3","6","3","01","15","5","0","0","0","1","0","0"
"POINT (13.412531401000024 52.540960674000075)","Unfall 49865 (2019) Kat:3, Licht: 1","49865","3","2","2","02","17","5","0","1","1","1","0","0"
"POINT (13.473512204000031 52.513903042000038)","Unfall 49874 (2019) Kat:3, Licht: 0","49874","3","3","5","02","14","6","0","0","1","1","0","0"
"POINT (13.365628239000046 52.556182717000070)","Unfall 49876 (2019) Kat:3, Licht: 0","49876","3","5","1","03","13","6","0","0","1","1","0","0"
"POINT (13.395191183000065 52.510880698000051)","Unfall 49880 (2019) Kat:2, Licht: 2","49880","2","4","6","02","19","4","0","2","0","1","1","0"
"POINT (13.280023644000039 52.500507642000059)","Unfall 49884 (2019) Kat:3, Licht: 0","49884","3","6","3","01","13","5","0","0","0","1","0","0"
"POINT (13.282929072000059 52.528581996000071)","Unfall 49890 (2019) Kat:3, Licht: 1","49890","3","6","2","02","06","2","1","1","0","1","0","0"
"POINT (13.285280162000049 52.494860413000026)","Unfall 49894 (2019) Kat:3, Licht: 1","49894","3","6","3","02","06","5","0","1","0","1","0","0"
"POINT (13.384355239000058 52.452761373000044)","Unfall 49898 (2019) Kat:3, Licht: 2","49898","3","2","6","01","20","2","1","2","0","1","1","0"
"POINT (13.448696689000030 52.505186929000047)","Unfall 49904 (2019) Kat:3, Licht: 2","49904","3","4","6","02","23","4","0","2","0","0","1","0"
"POINT (13.309210880000023 52.535650759000077)","Unfall 49909 (2019) Kat:3, Licht: 0","49909","3","6","2","01","15","4","1","0","0","1","0","0"
"POINT (13.479434339000022 52.484497197000053)","Unfall 49912 (2019) Kat:3, Licht: 0","49912","3","3","5","01","15","5","0","0","1","1","0","0"
"POINT (13.387790143000075 52.498372922000044)","Unfall 49915 (2019) Kat:3, Licht: 0","49915","3","6","3","02","15","3","0","0","1","1","0","0"
"POINT (13.310343748000037 52.563441491000049)","Unfall 49918 (2019) Kat:2, Licht: 2","49918","2","1","8","03","20","7","1","2","0","1","0","0"
"POINT (13.465872735000062 52.514533829000072)","Unfall 49926 (2019) Kat:2, Licht: 1","49926","2","4","6","01","16","5","0","1","0","1","1","0"
"POINT (13.398152799000059 52.571178328000030)","Unfall 49928 (2019) Kat:3, Licht: 0","49928","3","2","2","02","14","5","0","0","1","1","0","0"
"POINT (13.479463987000031 52.484511323000049)","Unfall 49932 (2019) Kat:3, Licht: 0","49932","3","4","6","02","16","3","0","0","0","1","1","0"
"POINT (13.454189558000053 52.515594041000043)","Unfall 49933 (2019) Kat:2, Licht: 0","49933","2","3","5","01","11","3","1","0","1","1","0","0"
"POINT (13.388851246000058 52.436525275000065)","Unfall 49937 (2019) Kat:2, Licht: 0","49937","2","4","6","01","11","3","0","0","0","1","1","0"
"POINT (13.175402964000057 52.419967842000062)","Unfall 49942 (2019) Kat:2, Licht: 2","49942","2","2","5","02","23","7","0","2","1","1","0","0"
"POINT (13.540707421000036 52.509873814000059)","Unfall 49951 (2019) Kat:3, Licht: 0","49951","3","6","2","02","08","5","0","0","0","1","0","0"
"POINT (13.613349597000024 52.504765109000061)","Unfall 49953 (2019) Kat:3, Licht: 0","49953","3","2","0","03","07","4","0","0","1","0","0","0"
"POINT (13.388169291000054 52.493828616000030)","Unfall 49959 (2019) Kat:3, Licht: 1","49959","3","4","6","01","17","3","1","1","1","0","1","0"
"POINT (13.467037487000027 52.485359008000046)","Unfall 49964 (2019) Kat:3, Licht: 0","49964","3","4","6","02","11","2","1","0","0","1","1","0"
"POINT (13.406751043000043 52.461860101000070)","Unfall 49967 (2019) Kat:2, Licht: 2","49967","2","6","3","03","20","5","0","2","0","1","0","0"
"POINT (13.334745453000039 52.478190414000039)","Unfall 49974 (2019) Kat:3, Licht: 0","49974","3","6","2","01","15","4","0","0","0","1","0","0"
"POINT (13.352133034000076 52.480103142000075)","Unfall 49980 (2019) Kat:3, Licht: 0","49980","3","2","5","02","14","1","0","0","1","1","0","0"
"POINT (13.372288336000054 52.505007638000052)","Unfall 49981 (2019) Kat:3, Licht: 2","49981","3","6","2","01","17","2","0","2","0","1","0","0"
"POINT (13.400215929000069 52.415928363000035)","Unfall 49985 (2019) Kat:3, Licht: 1","49985","3","6","2","01","17","2","0","1","0","1","0","0"
"POINT (13.430738648000045 52.534386255000072)","Unfall 49991 (2019) Kat:2, Licht: 0","49991","2","2","5","02","08","6","0","0","1","0","0","0"
"POINT (13.410812428000042 52.523034329000041)","Unfall 49996 (2019) Kat:3, Licht: 2","49996","3","7","2","01","17","2","1","2","1","1","0","0"
"POINT (13.314926093000054 52.512228079000067)","Unfall 50002 (2019) Kat:3, Licht: 2","50002","3","2","5","02","18","4","0","2","1","1","0","0"
"POINT (13.179446364000057 52.516576084000064)","Unfall 50004 (2019) Kat:2, Licht: 0","50004","2","6","2","03","12","4","0","0","0","1","0","0"
"POINT (13.284050760000071 52.496156267000060)","Unfall 50008 (2019) Kat:3, Licht: 0","50008","3","6","2","01","09","2","1","0","0","1","0","0"
"POINT (13.341039976000047 52.478638235000062)","Unfall 50012 (2019) Kat:3, Licht: 1","50012","3","6","2","01","17","3","0","1","0","1","0","0"
"POINT (13.412323921000052 52.519412350000039)","Unfall 50018 (2019) Kat:3, Licht: 2","50018","3","3","5","02","22","5","1","2","1","1","0","0"
"POINT (13.373339130000033 52.470544185000051)","Unfall 50019 (2019) Kat:3, Licht: 2","50019","3","1","8","01","16","1","1","2","0","1","0","0"
"POINT (13.444922443000053 52.545753987000069)","Unfall 50023 (2019) Kat:3, Licht: 2","50023","3","6","2","01","23","7","0","2","0","1","0","0"
"POINT (13.365501270000038 52.557972327000073)","Unfall 50025 (2019) Kat:3, Licht: 2","50025","3","3","5","01","05","1","1","2","0","1","0","0"
"POINT (13.289245382000047 52.494163611000033)","Unfall 50026 (2019) Kat:2, Licht: 0","50026","2","1","9","01","08","1","1","0","0","1","0","0"
"POINT (13.282686144000024 52.528567064000072)","Unfall 50030 (2019) Kat:2, Licht: 0","50030","2","6","3","01","10","4","1","0","0","1","0","0"
"POINT (13.362083316000053 52.474027802000080)","Unfall 50037 (2019) Kat:3, Licht: 0","50037","3","1","0","02","13","7","0","0","0","0","0","1"
"POINT (13.258271455000056 52.508520172000033)","Unfall 50038 (2019) Kat:3, Licht: 2","50038","3","2","5","01","19","7","1","2","1","1","0","0"
"POINT (13.365035854000041 52.560407585000064)","Unfall 50042 (2019) Kat:3, Licht: 0","50042","3","4","2","01","13","1","0","0","0","1","1","0"
"POINT (13.423902232000046 52.539344629000027)","Unfall 50044 (2019) Kat:3, Licht: 2","50044","3","2","6","01","19","7","1","2","0","1","1","0"
"POINT (13.388662150000073 52.498158700000033)","Unfall 50046 (2019) Kat:3, Licht: 1","50046","3","2","5","01","16","5","0","1","1","1","0","0"
"POINT (13.384588239000038 52.452622847000043)","Unfall 50049 (2019) Kat:3, Licht: 0","50049","3","2","5","02","09","6","0","0","1","1","0","0"
"POINT (13.358909700000027 52.489093172000082)","Unfall 50054 (2019) Kat:3, Licht: 2","50054","3","6","2","01","18","7","1","2","0","1","0","0"
"POINT (13.451819553000064 52.548576730000036)","Unfall 50060 (2019) Kat:2, Licht: 1","50060","2","4","6","02","16","1","0","1","0","1","1","0"
"POINT (13.396328555000025 52.423397218000048)","Unfall 50062 (2019) Kat:3, Licht: 0","50062","3","2","5","03","10","2","0","0","0","1","0","0"
"POINT (13.314649973000030 52.618836264000038)","Unfall 50069 (2019) Kat:3, Licht: 2","50069","3","6","2","01","17","2","1","2","0","1","0","0"
"POINT (13.285871478000047 52.510594510000033)","Unfall 50075 (2019) Kat:3, Licht: 0","50075","3","6","2","02","16","4","0","0","0","1","0","0"
"POINT (13.446313379000060 52.527471175000073)","Unfall 50081 (2019) Kat:3, Licht: 1","50081","3","6","4","01","17","5","0","1","1","0","0","0"
"POINT (13.606511290000071 52.504951756000082)","Unfall 50084 (2019) Kat:3, Licht: 1","50084","3","3","5","02","07","5","0","1","1","1","0","0"
"POINT (13.473549989000048 52.513898865000044)","Unfall 50093 (2019) Kat:3, Licht: 1","50093","3","3","5","01","08","4","1","1","0","1","0","0"
"POINT (13.281617000000040 52.509914199000036)","Unfall 50096 (2019) Kat:2, Licht: 0","50096","2","3","5","02","12","6","0","0","0","1","0","0"
"POINT (13.318842544000063 52.610840761000077)","Unfall 50106 (2019) Kat:3, Licht: 2","50106","3","4","6","02","17","6","0","2","0","1","1","0"
"POINT (13.282151373000033 52.497831064000081)","Unfall 50108 (2019) Kat:3, Licht: 2","50108","3","6","2","03","18","7","0","2","0","1","0","0"
"POINT (13.261582060000023 52.508706044000064)","Unfall 50112 (2019) Kat:3, Licht: 0","50112","3","6","3","02","15","4","0","0","0","1","0","0"
"POINT (13.290714008000066 52.587348144000032)","Unfall 50116 (2019) Kat:3, Licht: 2","50116","3","1","9","01","02","1","1","2","0","1","0","0"
"POINT (13.298642530000052 52.577338930000053)","Unfall 50122 (2019) Kat:3, Licht: 0","50122","3","6","2","02","13","3","0","0","0","1","0","0"
"POINT (13.476422154000034 52.568115062000061)","Unfall 50127 (2019) Kat:3, Licht: 1","50127","3","3","5","01","15","7","1","1","1","1","0","0"
"POINT (13.453730628000073 52.515966239000079)","Unfall 50132 (2019) Kat:3, Licht: 0","50132","3","2","0","02","07","2","0","0","1","1","0","0"
"POINT (13.360170839000034 52.571905157000060)","Unfall 50135 (2019) Kat:3, Licht: 0","50135","3","7","6","03","08","6","0","0","1","0","1","0"
"POINT (13.347611258000029 52.578068079000047)","Unfall 50142 (2019) Kat:3, Licht: 0","50142","3","6","2","01","15","4","0","0","0","1","0","0"
"POINT (13.418527837000056 52.540179607000027)","Unfall 50147 (2019) Kat:3, Licht: 0","50147","3","3","5","02","07","2","0","0","1","1","0","0"
"POINT (13.398827180000069 52.572472043000062)","Unfall 50148 (2019) Kat:3, Licht: 2","50148","3","6","0","01","16","6","1","2","0","1","0","0"
"POINT (13.311774677000074 52.480728010000064)","Unfall 50151 (2019) Kat:3, Licht: 0","50151","3","6","2","01","17","3","0","0","0","1","0","0"
"POINT (13.361025794000057 52.493866707000052)","Unfall 50152 (2019) Kat:2, Licht: 0","50152","2","4","6","10","16","3","1","0","0","1","1","0"
"POINT (13.373796796000022 52.509191976000068)","Unfall 50153 (2019) Kat:3, Licht: 0","50153","3","6","2","06","18","5","0","0","0","1","0","0"
"POINT (13.484212090000028 52.512823029000060)","Unfall 50154 (2019) Kat:3, Licht: 0","50154","3","1","9","09","07","2","0","0","0","1","0","0"
"POINT (13.280296694000072 52.499999142000036)","Unfall 50155 (2019) Kat:3, Licht: 2","50155","3","1","8","12","23","5","1","2","0","1","0","0"
"POINT (13.385753489000024 52.469955866000078)","Unfall 50156 (2019) Kat:3, Licht: 2","50156","3","3","5","06","01","7","0","2","1","1","0","0"
"POINT (13.369220463000033 52.546823071000063)","Unfall 50157 (2019) Kat:3, Licht: 0","50157","3","7","2","05","17","4","0","0","0","1","0","0"
"POINT (13.302118068000027 52.534505071000069)","Unfall 50158 (2019) Kat:3, Licht: 2","50158","3","1","9","11","02","1","1","2","0","1","0","0"
"POINT (13.427289942000073 52.544756604000042)","Unfall 50159 (2019) Kat:3, Licht: 0","50159","3","4","6","06","08","6","0","0","1","0","1","0"
"POINT (13.348426613000072 52.481714261000036)","Unfall 50160 (2019) Kat:2, Licht: 0","50160","2","2","5","11","14","5","0","0","1","1","0","0"
"POINT (13.462324025000044 52.515029073000051)","Unfall 50161 (2019) Kat:3, Licht: 0","50161","3","6","4","08","16","5","0","0","1","0","0","0"
"POINT (13.104998912000042 52.413787589000037)","Unfall 50162 (2019) Kat:2, Licht: 0","50162","2","7","0","05","13","4","0","0","0","1","0","0"
"POINT (13.279334167000059 52.509932086000049)","Unfall 50163 (2019) Kat:2, Licht: 0","50163","2","1","1","10","08","1","0","0","0","1","0","0"
"POINT (13.320834927000021 52.512679710000043)","Unfall 50164 (2019) Kat:3, Licht: 0","50164","3","2","5","09","16","2","0","0","0","1","0","1"
"POINT (13.284826355000064 52.510286897000071)","Unfall 50166 (2019) Kat:2, Licht: 0","50166","2","7","6","06","14","6","0","0","0","1","1","0"
"POINT (13.374871079000059 52.502376067000057)","Unfall 50167 (2019) Kat:3, Licht: 0","50167","3","6","3","08","16","5","0","0","0","0","0","0"
"POINT (13.301430726000035 52.511345758000061)","Unfall 50168 (2019) Kat:3, Licht: 0","50168","3","6","2","05","13","4","0","0","0","1","0","0"
"POINT (13.389228709000065 52.469178941000052)","Unfall 50169 (2019) Kat:3, Licht: 0","50169","3","3","5","06","16","7","0","0","0","1","0","0"
"POINT (13.388893669000026 52.436458534000053)","Unfall 50170 (2019) Kat:2, Licht: 0","50170","2","2","5","09","10","2","0","0","0","1","0","1"
"POINT (13.304238595000072 52.449444943000060)","Unfall 50171 (2019) Kat:3, Licht: 2","50171","3","3","5","12","16","1","1","2","0","1","0","0"