WKT,Name,OBJECTID,UKATEGORIE,UTYP1,UART,UMONAT,USTUNDE,UWOCHENTAG,STRZUSTAND,ULICHTVERH,ISTRAD,ISTPKW,ISTFUSS,ISTKRAD
"POINT (13.178908318000026 52.516529912000067)","Unfall 50172 (2019) Kat:3, Licht: 0","50172","3","6","2","06","13","6","0","0","0","0","0","1"
"POINT (13.217681965000054 52.428013402000033)","Unfall 50173 (2019) Kat:3, Licht: 0","50173","3","3","0","08","15","5","0","0","1","1","0","0"
"POINT (13.438801110000043 52.541325803000063)","Unfall 50174 (2019) Kat:3, Licht: 0","50174","3","2","5","11","16","2","0","0","0","1","0","0"
"POINT (13.293275564000055 52.510637860000031)","Unfall 50175 (2019) Kat:3, Licht: 0","50175","3","3","0","08","16","5","0","0","1","1","0","0"
"POINT (13.325538469000037 52.512924688000055)","Unfall 50176 (2019) Kat:3, Licht: 0","50176","3","6","2","05","12","4","0","0","0","1","0","1"
"POINT (13.493348134000030 52.511723619000065)","Unfall 50177 (2019) Kat:3, Licht: 0","50177","3","6","3","10","13","1","0","0","0","1","0","1"
"POINT (13.360828908000030 52.491736432000039)","Unfall 50178 (2019) Kat:3, Licht: 0","50178","3","6","3","09","17","7","0","0","0","1","0","0"
"POINT (13.302844289000063 52.550648713000044)","Unfall 50180 (2019) Kat:3, Licht: 0","50180","3","6","2","06","14","6","0","0","0","1","0","0"
"POINT (13.453885046000039 52.516800914000044)","Unfall 50181 (2019) Kat:3, Licht: 0","50181","3","1","0","08","14","5","0","0","1","1","0","0"
"POINT (13.447585499000070 52.526191504000053)","Unfall 50182 (2019) Kat:3, Licht: 0","50182","3","6","0","05","11","4","0","0","0","1","0","1"
"POINT (13.296874713000022 52.511044244000061)","Unfall 50183 (2019) Kat:3, Licht: 0","50183","3","6","3","11","15","3","0","0","0","1","0","0"
"POINT (13.402968301000044 52.411641124000028)","Unfall 50184 (2019) Kat:3, Licht: 0","50184","3","6","2","06","09","4","0","0","0","1","0","0"
"POINT (13.243852234000030 52.507626345000062)","Unfall 50185 (2019) Kat:3, Licht: 0","50185","3","1","0","09","17","7","0","0","1","0","0","0"
"POINT (13.179091535000055 52.516648972000041)","Unfall 50186 (2019) Kat:3, Licht: 2","50186","3","2","5","12","23","7","1","2","0","1","0","0"
"POINT (13.300635973000055 52.511102548000054)","Unfall 50187 (2019) Kat:3, Licht: 0","50187","3","6","2","08","12","5","0","0","0","1","0","0"
"POINT (13.414506084000038 52.557011780000039)","Unfall 50188 (2019) Kat:3, Licht: 2","50188","3","6","2","10","17","3","0","2","0","1","0","0"
"POINT (13.447548060000031 52.503574185000048)","Unfall 50189 (2019) Kat:2, Licht: 2","50189","2","7","0","09","19","7","0","2","1","0","0","0"
"POINT (13.234946983000043 52.432001294000031)","Unfall 50190 (2019) Kat:3, Licht: 0","50190","3","7","0","08","09","5","0","0","1","0","0","0"
"POINT (13.385914708000030 52.477202214000044)","Unfall 50191 (2019) Kat:3, Licht: 0","50191","3","6","2","05","09","4","0","0","0","1","0","1"
"POINT (13.411095288000070 52.518694009000058)","Unfall 50192 (2019) Kat:2, Licht: 0","50192","2","7","6","10","13","2","0","0","0","0","1","0"
"POINT (13.403049979000059 52.594284160000029)","Unfall 50193 (2019) Kat:3, Licht: 0","50193","3","3","5","06","11","2","0","0","1","1","0","0"
"POINT (13.436951706000059 52.539731822000078)","Unfall 50194 (2019) Kat:3, Licht: 0","50194","3","3","5","09","09","7","0","0","1","1","0","0"
"POINT (13.377258322000046 52.500271482000073)","Unfall 50196 (2019) Kat:3, Licht: 0","50196","3","3","5","06","16","6","0","0","1","1","0","0"
"POINT (13.314722426000060 52.512022597000055)","Unfall 50197 (2019) Kat:2, Licht: 0","50197","2","2","5","08","19","4","0","0","0","1","0","1"
"POINT (13.403065456000036 52.594417245000045)","Unfall 50198 (2019) Kat:2, Licht: 0","50198","2","5","0","05","08","4","0","0","0","0","0","1"
"POINT (13.302666161000047 52.486144367000065)","Unfall 50199 (2019) Kat:3, Licht: 0","50199","3","6","2","11","08","5","0","0","0","1","0","0"
"POINT (13.365897913000026 52.554774587000054)","Unfall 50200 (2019) Kat:3, Licht: 0","50200","3","5","1","06","07","6","0","0","1","1","0","0"
"POINT (13.302385784000023 52.550352789000044)","Unfall 50201 (2019) Kat:3, Licht: 0","50201","3","6","2","12","13","3","1","0","0","1","0","0"
"POINT (13.411413825000068 52.518921806000037)","Unfall 50202 (2019) Kat:3, Licht: 2","50202","3","1","0","08","21","4","0","2","1","0","0","0"
"POINT (13.318685811000023 52.610936200000026)","Unfall 50203 (2019) Kat:3, Licht: 0","50203","3","2","5","05","07","4","0","0","0","1","0","0"
"POINT (13.364038802000039 52.501173236000056)","Unfall 50204 (2019) Kat:3, Licht: 0","50204","3","6","2","10","08","5","1","0","0","1","0","0"
"POINT (13.453719958000022 52.518755287000033)","Unfall 50205 (2019) Kat:3, Licht: 0","50205","3","1","8","09","08","7","0","0","1","1","0","0"
"POINT (13.281305678000024 52.499029050000047)","Unfall 50207 (2019) Kat:3, Licht: 0","50207","3","6","2","08","15","4","0","0","0","1","0","0"
"POINT (13.436139867000065 52.517534995000062)","Unfall 50208 (2019) Kat:2, Licht: 0","50208","2","1","0","05","16","3","0","0","1","0","0","0"
"POINT (13.374359486000060 52.502666798000064)","Unfall 50209 (2019) Kat:2, Licht: 1","50209","2","2","0","09","06","2","1","1","0","1","0","1"
"POINT (13.342326234000041 52.514037762000044)","Unfall 50210 (2019) Kat:3, Licht: 2","50210","3","7","0","06","00","4","0","2","1","0","0","0"
"POINT (13.373966202000076 52.515972426000076)","Unfall 50211 (2019) Kat:3, Licht: 0","50211","3","7","6","09","16","7","0","0","1","0","1","0"
"POINT (13.362585271000057 52.499140279000073)","Unfall 50212 (2019) Kat:2, Licht: 2","50212","2","4","6","12","19","6","1","2","0","1","1","0"
"POINT (13.296607104000032 52.542551240000080)","Unfall 50213 (2019) Kat:3, Licht: 0","50213","3","6","2","06","14","6","0","0","0","1","0","0"
"POINT (13.429047207000053 52.518441447000043)","Unfall 50214 (2019) Kat:3, Licht: 0","50214","3","6","2","08","15","4","0","0","0","1","0","0"
"POINT (13.504441494000048 52.510655776000078)","Unfall 50215 (2019) Kat:3, Licht: 0","50215","3","2","3","05","18","3","0","0","1","0","0","0"
"POINT (13.345622138000067 52.580662347000043)","Unfall 50216 (2019) Kat:2, Licht: 0","50216","2","2","2","11","13","6","0","0","0","1","0","0"
"POINT (13.370172729000046 52.515732752000076)","Unfall 50217 (2019) Kat:3, Licht: 2","50217","3","1","0","09","01","7","0","2","0","1","0","0"
"POINT (13.366679076000025 52.537793744000055)","Unfall 50218 (2019) Kat:3, Licht: 1","50218","3","3","5","11","16","3","0","1","0","1","0","1"
"POINT (13.362505176000070 52.498945880000065)","Unfall 50219 (2019) Kat:3, Licht: 0","50219","3","6","3","08","10","4","0","0","0","1","0","0"
"POINT (13.367140221000056 52.504640745000074)","Unfall 50220 (2019) Kat:3, Licht: 2","50220","3","3","0","05","21","3","0","2","1","0","0","1"
"POINT (13.474670890000027 52.480202335000058)","Unfall 50221 (2019) Kat:3, Licht: 0","50221","3","6","3","10","16","5","0","0","0","0","0","0"
"POINT (13.379226173000063 52.436279627000033)","Unfall 50222 (2019) Kat:3, Licht: 0","50222","3","2","5","09","16","6","0","0","1","0","0","0"
"POINT (13.395070221000026 52.467118848000041)","Unfall 50224 (2019) Kat:2, Licht: 2","50224","2","6","3","06","00","6","0","2","0","1","0","0"
"POINT (13.354441975000043 52.478801092000026)","Unfall 50225 (2019) Kat:3, Licht: 0","50225","3","2","0","08","09","4","0","0","0","1","0","0"
"POINT (13.413755112000047 52.548753111000053)","Unfall 50226 (2019) Kat:3, Licht: 0","50226","3","5","1","05","16","3","0","0","1","0","0","0"
"POINT (13.411104741000031 52.518700762000037)","Unfall 50227 (2019) Kat:3, Licht: 0","50227","3","6","2","06","20","6","0","0","0","1","0","1"
"POINT (13.408999571000038 52.516598358000067)","Unfall 50228 (2019) Kat:3, Licht: 0","50228","3","6","2","09","15","6","0","0","0","1","0","1"
"POINT (13.344047782000075 52.514022985000054)","Unfall 50229 (2019) Kat:3, Licht: 0","50229","3","6","2","12","12","6","0","0","0","1","0","0"
"POINT (13.382072676000064 52.439305087000037)","Unfall 50230 (2019) Kat:3, Licht: 0","50230","3","6","2","06","13","6","0","0","0","1","0","0"
"POINT (13.285869391000062 52.494681754000055)","Unfall 50231 (2019) Kat:3, Licht: 0","50231","3","6","2","08","14","4","0","0","0","1","0","0"
"POINT (13.409047694000037 52.517092589000072)","Unfall 50232 (2019) Kat:3, Licht: 2","50232","3","2","5","11","17","7","1","2","0","1","0","0"
"POINT (13.406841419000045 52.520937129000060)","Unfall 50233 (2019) Kat:3, Licht: 0","50233","3","1","0","08","12","4","0","0","0","1","0","1"
"POINT (13.205364295000038 52.511341609000056)","Unfall 50234 (2019) Kat:3, Licht: 0","50234","3","6","2","05","17","3","0","0","0","1","0","0"
"POINT (13.453396447000046 52.513762892000045)","Unfall 50235 (2019) Kat:3, Licht: 0","50235","3","6","3","10","17","6","1","0","1","1","0","0"
"POINT (13.462272417000065 52.495381863000034)","Unfall 50236 (2019) Kat:3, Licht: 0","50236","3","6","2","09","14","6","0","0","0","1","0","0"
"POINT (13.310692776000053 52.559386064000080)","Unfall 50238 (2019) Kat:3, Licht: 0","50238","3","6","2","06","15","6","0","0","0","1","0","0"
"POINT (13.388938357000029 52.436384554000028)","Unfall 50239 (2019) Kat:3, Licht: 0","50239","3","4","6","08","07","4","0","0","0","1","1","0"
"POINT (13.377748737000047 52.433683699000028)","Unfall 50240 (2019) Kat:3, Licht: 0","50240","3","6","2","05","17","3","0","0","0","1","0","0"
"POINT (13.453375036000068 52.516965025000047)","Unfall 50241 (2019) Kat:3, Licht: 2","50241","3","1","0","11","23","2","1","2","0","0","0","1"
"POINT (13.424059897000063 52.528295233000051)","Unfall 50242 (2019) Kat:2, Licht: 0","50242","2","7","2","06","16","2","0","0","1","1","0","0"
"POINT (13.433292080000058 52.536229844000047)","Unfall 50243 (2019) Kat:2, Licht: 0","50243","2","2","5","09","13","6","0","0","0","1","0","0"
"POINT (13.483274344000051 52.582951491000074)","Unfall 50244 (2019) Kat:2, Licht: 1","50244","2","3","5","12","15","6","1","1","0","1","0","0"
"POINT (13.311263973000052 52.511987888000078)","Unfall 50245 (2019) Kat:3, Licht: 0","50245","3","6","6","08","18","3","0","0","1","0","1","0"
"POINT (13.388897895000071 52.436451537000039)","Unfall 50246 (2019) Kat:3, Licht: 0","50246","3","2","5","05","15","3","0","0","0","1","0","1"
"POINT (13.291056933000050 52.587208087000079)","Unfall 50247 (2019) Kat:3, Licht: 1","50247","3","6","2","10","11","2","0","1","0","1","0","0"
"POINT (13.461717379000049 52.515091567000070)","Unfall 50248 (2019) Kat:3, Licht: 0","50248","3","6","3","09","07","6","0","0","1","0","0","0"
"POINT (13.443991562000065 52.529614293000066)","Unfall 50249 (2019) Kat:3, Licht: 0","50249","3","3","5","08","10","3","0","0","1","0","0","0"
"POINT (13.428910078000058 52.557776021000052)","Unfall 50250 (2019) Kat:3, Licht: 0","50250","3","6","2","05","09","3","0","0","0","1","0","1"
"POINT (13.434581923000053 52.535615195000048)","Unfall 50251 (2019) Kat:3, Licht: 0","50251","3","3","0","10","17","7","0","0","1","1","0","0"
"POINT (13.443996044000073 52.529610171000058)","Unfall 50252 (2019) Kat:3, Licht: 0","50252","3","1","0","06","19","6","0","0","1","0","0","0"
"POINT (13.404815885000062 52.520140132000051)","Unfall 50253 (2019) Kat:3, Licht: 0","50253","3","2","5","09","12","6","0","0","1","0","0","0"
"POINT (13.458212538000055 52.515455397000039)","Unfall 50255 (2019) Kat:3, Licht: 0","50255","3","2","5","06","11","6","0","0","1","0","0","0"
"POINT (13.453624667000042 52.518491304000065)","Unfall 50256 (2019) Kat:3, Licht: 0","50256","3","3","5","08","14","3","0","0","1","1","0","0"
"POINT (13.467005711000070 52.485380567000050)","Unfall 50257 (2019) Kat:3, Licht: 0","50257","3","6","3","05","08","3","0","0","0","1","0","1"
"POINT (13.558290570000054 52.562894766000056)","Unfall 50258 (2019) Kat:3, Licht: 0","50258","3","3","5","10","07","7","0","0","0","1","0","0"
"POINT (13.414093080000043 52.550683063000065)","Unfall 50259 (2019) Kat:3, Licht: 0","50259","3","6","2","09","13","6","0","0","0","1","0","1"
"POINT (13.282129764000047 52.497847620000073)","Unfall 50261 (2019) Kat:2, Licht: 0","50261","2","6","3","06","11","6","0","0","0","1","0","0"
"POINT (13.436349248000056 52.517512844000066)","Unfall 50262 (2019) Kat:3, Licht: 0","50262","3","2","5","08","07","3","0","0","1","1","0","0"
"POINT (13.333706597000059 52.513301369000033)","Unfall 50263 (2019) Kat:3, Licht: 0","50263","3","6","3","05","08","3","0","0","1","1","0","0"
"POINT (13.424416588000042 52.538992804000031)","Unfall 50264 (2019) Kat:3, Licht: 2","50264","3","2","6","11","18","2","0","2","0","1","1","0"
"POINT (13.385028773000045 52.449281688000042)","Unfall 50265 (2019) Kat:3, Licht: 0","50265","3","3","5","06","11","3","0","0","1","1","0","0"
"POINT (13.395234257000027 52.467207717000065)","Unfall 50266 (2019) Kat:3, Licht: 0","50266","3","6","2","09","09","6","0","0","0","1","0","0"
"POINT (13.405141531000027 52.520073151000076)","Unfall 50267 (2019) Kat:3, Licht: 2","50267","3","3","5","12","17","6","1","2","1","1","0","0"
"POINT (13.403983378000078 52.580979282000044)","Unfall 50268 (2019) Kat:3, Licht: 0","50268","3","3","5","08","06","3","0","0","1","1","0","0"
"POINT (13.448078921000047 52.546930525000050)","Unfall 50269 (2019) Kat:3, Licht: 0","50269","3","2","5","10","08","3","0","0","1","1","0","0"
"POINT (13.476717237000059 52.513437896000028)","Unfall 50270 (2019) Kat:2, Licht: 0","50270","2","3","5","09","17","5","0","0","1","1","0","0"
"POINT (13.307019689000072 52.481793586000038)","Unfall 50271 (2019) Kat:3, Licht: 0","50271","3","6","2","08","09","3","0","0","0","1","0","0"
"POINT (13.412321574000032 52.541085566000049)","Unfall 50272 (2019) Kat:3, Licht: 0","50272","3","3","5","05","16","2","0","0","1","0","0","0"
"POINT (13.558060699000066 52.562593996000032)","Unfall 50273 (2019) Kat:3, Licht: 0","50273","3","1","9","10","10","1","0","0","0","1","0","0"
"POINT (13.401745544000050 52.587694916000032)","Unfall 50274 (2019) Kat:3, Licht: 0","50274","3","6","4","06","12","1","0","0","0","1","0","0"
"POINT (13.297918985000024 52.489434335000055)","Unfall 50275 (2019) Kat:3, Licht: 0","50275","3","6","2","09","16","5","0","0","0","1","0","0"
"POINT (13.422355466000056 52.520088599000076)","Unfall 50277 (2019) Kat:2, Licht: 0","50277","2","6","0","06","15","6","0","0","1","0","0","0"
"POINT (13.369849276000025 52.515830965000077)","Unfall 50278 (2019) Kat:3, Licht: 2","50278","3","2","5","05","22","2","0","2","0","1","0","0"
"POINT (13.367153238000071 52.472031605000041)","Unfall 50279 (2019) Kat:3, Licht: 2","50279","3","6","2","11","17","4","0","2","0","1","0","0"
"POINT (13.465965189000030 52.514524975000029)","Unfall 50280 (2019) Kat:3, Licht: 0","50280","3","7","0","06","15","6","1","0","0","0","0","1"
"POINT (13.389753017000032 52.434966146000079)","Unfall 50281 (2019) Kat:2, Licht: 0","50281","2","7","6","12","11","2","1","0","0","1","1","0"
"POINT (13.282476155000040 52.441694267000059)","Unfall 50282 (2019) Kat:3, Licht: 0","50282","3","2","6","08","08","3","0","0","0","1","1","0"
"POINT (13.341351433000057 52.478632536000077)","Unfall 50283 (2019) Kat:3, Licht: 0","50283","3","6","2","05","18","2","1","0","0","1","0","0"
"POINT (13.408948621000036 52.517004764000035)","Unfall 50284 (2019) Kat:3, Licht: 0","50284","3","2","5","10","08","3","0","0","0","0","0","0"
"POINT (13.403009695000037 52.596393286000080)","Unfall 50285 (2019) Kat:3, Licht: 0","50285","3","1","0","09","09","5","0","0","1","0","0","0"
"POINT (13.539864676000036 52.510015596000073)","Unfall 50287 (2019) Kat:3, Licht: 0","50287","3","3","5","08","17","2","0","0","1","0","0","0"
"POINT (13.481724905000021 52.513073825000049)","Unfall 50288 (2019) Kat:3, Licht: 0","50288","3","2","5","05","07","2","0","0","1","1","0","0"
"POINT (13.348964059000025 52.472953254000060)","Unfall 50289 (2019) Kat:3, Licht: 1","50289","3","6","2","09","16","7","1","1","0","1","0","0"
"POINT (13.388672838000048 52.498156074000065)","Unfall 50290 (2019) Kat:3, Licht: 0","50290","3","3","5","06","11","3","0","0","1","1","0","0"
"POINT (13.451169280000045 52.508859669000060)","Unfall 50291 (2019) Kat:3, Licht: 0","50291","3","7","3","09","17","5","0","0","1","1","0","0"
"POINT (13.550324274000047 52.509298034000039)","Unfall 50292 (2019) Kat:3, Licht: 2","50292","3","6","3","12","07","6","1","2","0","1","0","0"
"POINT (13.464736348000031 52.486911926000062)","Unfall 50293 (2019) Kat:3, Licht: 0","50293","3","4","6","06","14","6","0","0","0","1","1","0"
"POINT (13.477658433000045 52.513492673000030)","Unfall 50294 (2019) Kat:3, Licht: 0","50294","3","6","2","08","12","2","0","0","0","1","0","1"
"POINT (13.367520971000033 52.551407506000032)","Unfall 50295 (2019) Kat:3, Licht: 0","50295","3","6","3","05","10","2","0","0","1","0","0","0"
"POINT (13.263907174000053 52.435176251000030)","Unfall 50296 (2019) Kat:3, Licht: 2","50296","3","6","2","11","17","5","0","2","0","1","0","0"
"POINT (13.374595279000062 52.427195308000080)","Unfall 50297 (2019) Kat:3, Licht: 0","50297","3","4","6","11","14","2","0","0","0","1","1","0"
"POINT (13.304060472000060 52.485096144000067)","Unfall 50298 (2019) Kat:3, Licht: 0","50298","3","6","2","08","13","1","0","0","0","1","0","0"
"POINT (13.384164490000046 52.455060035000031)","Unfall 50299 (2019) Kat:3, Licht: 0","50299","3","7","0","05","14","1","0","0","0","1","0","1"
"POINT (13.368168385000047 52.515609008000069)","Unfall 50300 (2019) Kat:3, Licht: 0","50300","3","6","4","10","15","4","1","0","1","0","0","0"
"POINT (13.360817845000042 52.491656820000060)","Unfall 50301 (2019) Kat:2, Licht: 0","50301","2","4","6","09","17","5","0","0","0","1","1","0"
"POINT (13.438861542000041 52.540974912000081)","Unfall 50303 (2019) Kat:2, Licht: 0","50303","2","4","6","06","14","6","0","0","0","1","1","0"
"POINT (13.282818690000056 52.528397882000036)","Unfall 50304 (2019) Kat:3, Licht: 0","50304","3","6","2","08","13","1","0","0","0","1","0","0"
"POINT (13.363638731000037 52.564932904000045)","Unfall 50305 (2019) Kat:3, Licht: 0","50305","3","5","1","05","19","1","0","0","0","1","0","0"
"POINT (13.207861020000053 52.510843047000037)","Unfall 50306 (2019) Kat:3, Licht: 0","50306","3","6","2","06","05","5","0","0","0","1","0","0"
"POINT (13.483041644000025 52.578481257000078)","Unfall 50307 (2019) Kat:3, Licht: 0","50307","3","2","0","09","17","5","0","0","1","1","0","0"
"POINT (13.371344579000038 52.470874694000031)","Unfall 50308 (2019) Kat:3, Licht: 1","50308","3","6","2","12","07","5","1","1","0","1","0","0"
"POINT (13.363940253000067 52.564720383000065)","Unfall 50309 (2019) Kat:3, Licht: 0","50309","3","6","3","06","07","5","0","0","1","0","0","0"
"POINT (13.463631588000055 52.514760272000046)","Unfall 50310 (2019) Kat:3, Licht: 0","50310","3","6","2","08","09","7","0","0","0","1","0","0"
"POINT (13.389025881000066 52.497339926000052)","Unfall 50311 (2019) Kat:3, Licht: 0","50311","3","6","2","11","15","6","0","0","1","0","0","0"
"POINT (13.368395381000028 52.541070860000048)","Unfall 50312 (2019) Kat:3, Licht: 0","50312","3","2","5","08","17","7","0","0","0","1","0","0"
"POINT (13.354087852000077 52.479054615000052)","Unfall 50313 (2019) Kat:3, Licht: 0","50313","3","1","0","09","08","6","1","0","1","0","0","0"
"POINT (13.359026210000025 52.573391940000079)","Unfall 50314 (2019) Kat:2, Licht: 0","50314","2","2","5","05","08","1","0","0","0","1","0","0"
"POINT (13.457947308000030 52.492038970000067)","Unfall 50315 (2019) Kat:3, Licht: 0","50315","3","6","2","10","17","5","1","0","0","1","0","0"
"POINT (13.399584154000024 52.511016453000082)","Unfall 50316 (2019) Kat:3, Licht: 2","50316","3","6","3","09","19","5","0","2","0","1","0","1"
"POINT (13.253938814000037 52.508251950000044)","Unfall 50318 (2019) Kat:3, Licht: 1","50318","3","7","5","06","19","5","1","1","0","1","0","0"
"POINT (13.291639709000037 52.586266065000075)","Unfall 50319 (2019) Kat:3, Licht: 0","50319","3","6","2","08","14","7","0","0","0","1","0","0"
"POINT (13.359486549000053 52.489718452000034)","Unfall 50320 (2019) Kat:3, Licht: 0","50320","3","6","2","05","16","1","0","0","1","1","0","0"
"POINT (13.396742220000021 52.422662222000042)","Unfall 50321 (2019) Kat:3, Licht: 0","50321","3","4","6","11","08","2","1","0","0","1","1","0"
"POINT (13.347722489000034 52.574270890000037)","Unfall 50322 (2019) Kat:3, Licht: 0","50322","3","2","5","06","15","7","0","0","0","1","0","0"
"POINT (13.412495009000054 52.544969476000063)","Unfall 50323 (2019) Kat:3, Licht: 0","50323","3","6","4","09","09","5","0","0","1","0","0","0"
"POINT (13.455121814000051 52.500437231000035)","Unfall 50324 (2019) Kat:3, Licht: 2","50324","3","6","2","12","21","5","0","2","0","1","0","0"
"POINT (13.282920603000036 52.507787070000063)","Unfall 50325 (2019) Kat:3, Licht: 0","50325","3","6","2","08","14","7","0","0","0","1","0","1"
"POINT (13.379558999000039 52.436707171000080)","Unfall 50326 (2019) Kat:3, Licht: 0","50326","3","6","2","09","14","5","0","0","0","1","0","0"
"POINT (13.310399068000038 52.563892585000076)","Unfall 50327 (2019) Kat:3, Licht: 2","50327","3","1","0","05","15","7","0","2","0","1","0","0"
"POINT (13.386055383000041 52.483385316000067)","Unfall 50328 (2019) Kat:3, Licht: 0","50328","3","3","5","10","09","7","0","0","0","1","0","0"
"POINT (13.295292566000057 52.540089466000040)","Unfall 50329 (2019) Kat:3, Licht: 1","50329","3","6","2","09","19","5","0","1","0","1","0","0"
"POINT (13.374059001000035 52.516106359000048)","Unfall 50330 (2019) Kat:3, Licht: 2","50330","3","7","6","08","22","7","0","2","1","0","1","0"
"POINT (13.369235605000028 52.548142367000082)","Unfall 50331 (2019) Kat:3, Licht: 0","50331","3","2","5","05","17","6","0","0","0","1","0","0"
"POINT (13.286115184000039 52.533374800000047)","Unfall 50332 (2019) Kat:2, Licht: 0","50332","2","1","9","10","15","5","0","0","0","0","0","1"
"POINT (13.478336572000046 52.627666572000066)","Unfall 50333 (2019) Kat:3, Licht: 0","50333","3","1","8","06","11","6","0","0","0","1","0","0"
"POINT (13.382653413000071 52.439402691000055)","Unfall 50334 (2019) Kat:3, Licht: 0","50334","3","3","5","09","07","5","0","0","1","1","0","0"
"POINT (13.202299907000054 52.423068397000065)","Unfall 50335 (2019) Kat:3, Licht: 0","50335","3","3","5","12","13","3","0","0","0","1","0","0"
"POINT (13.348438915000031 52.481708735000041)","Unfall 50336 (2019) Kat:3, Licht: 1","50336","3","4","6","06","21","5","1","1","0","1","1","0"
"POINT (13.551605559000052 52.509381389000055)","Unfall 50337 (2019) Kat:3, Licht: 0","50337","3","6","2","05","07","6","0","0","0","1","0","0"
"POINT (13.490707262000058 52.511975738000046)","Unfall 50338 (2019) Kat:3, Licht: 0","50338","3","6","2","11","15","2","0","0","0","1","0","0"
"POINT (13.459437474000026 52.492876375000037)","Unfall 50339 (2019) Kat:3, Licht: 0","50339","3","2","5","06","16","5","1","0","1","1","0","0"
"POINT (13.385868655000024 52.474874447000047)","Unfall 50340 (2019) Kat:3, Licht: 2","50340","3","5","1","11","21","7","0","2","0","1","0","0"
"POINT (13.385973535000062 52.479916695000043)","Unfall 50341 (2019) Kat:2, Licht: 2","50341","2","1","0","08","20","6","0","2","1","0","0","0"
"POINT (13.361713291000058 52.474091430000044)","Unfall 50342 (2019) Kat:2, Licht: 2","50342","2","1","9","05","02","6","0","2","0","1","0","0"
"POINT (13.413114568000026 52.547234724000077)","Unfall 50343 (2019) Kat:3, Licht: 1","50343","3","6","2","10","17","2","0","1","0","1","0","0"
"POINT (13.370163160000061 52.539974445000041)","Unfall 50344 (2019) Kat:3, Licht: 0","50344","3","2","5","09","06","5","0","0","1","1","0","0"
"POINT (13.359506282000041 52.489440014000081)","Unfall 50346 (2019) Kat:3, Licht: 0","50346","3","5","1","06","11","5","0","0","0","1","0","0"
"POINT (13.156613932000027 52.419165528000065)","Unfall 50347 (2019) Kat:2, Licht: 0","50347","2","1","0","08","19","6","0","0","1","0","0","0"
"POINT (13.457743558000061 52.491662394000059)","Unfall 50348 (2019) Kat:3, Licht: 0","50348","3","2","0","05","08","6","0","0","0","1","0","0"
"POINT (13.460289935000048 52.515238672000066)","Unfall 50349 (2019) Kat:3, Licht: 0","50349","3","2","5","06","09","2","0","0","1","1","0","0"
"POINT (13.387611444000072 52.438998106000042)","Unfall 50350 (2019) Kat:3, Licht: 0","50350","3","2","5","09","16","4","0","0","1","1","0","0"
"POINT (13.354338384000073 52.473344149000070)","Unfall 50351 (2019) Kat:3, Licht: 0","50351","3","6","2","12","07","3","1","0","0","1","0","0"
"POINT (13.370285528000068 52.539898225000059)","Unfall 50352 (2019) Kat:3, Licht: 0","50352","3","2","5","06","16","5","1","0","0","1","0","0"
"POINT (13.367330703000050 52.551733489000071)","Unfall 50353 (2019) Kat:3, Licht: 0","50353","3","6","2","08","20","6","0","0","0","1","0","0"
"POINT (13.303483396000047 52.449170936000030)","Unfall 50354 (2019) Kat:3, Licht: 0","50354","3","6","2","05","13","5","0","0","0","1","0","0"
"POINT (13.432549694000045 52.535566850000066)","Unfall 50355 (2019) Kat:3, Licht: 2","50355","3","6","3","11","18","3","1","2","0","1","0","1"
"POINT (13.414244417000077 52.540797312000052)","Unfall 50356 (2019) Kat:3, Licht: 2","50356","3","3","5","11","03","7","0","2","1","1","0","0"
"POINT (13.348732330000075 52.473182819000044)","Unfall 50357 (2019) Kat:3, Licht: 0","50357","3","1","0","08","20","6","0","0","0","0","0","1"
"POINT (13.354138762000048 52.479015104000041)","Unfall 50358 (2019) Kat:3, Licht: 0","50358","3","2","5","05","13","5","0","0","0","1","0","0"
"POINT (13.386292400000059 52.440007165000054)","Unfall 50359 (2019) Kat:2, Licht: 0","50359","2","6","3","05","13","5","0","0","0","1","0","0"
"POINT (13.400068148000059 52.416186056000072)","Unfall 50360 (2019) Kat:2, Licht: 2","50360","2","6","2","11","17","3","0","2","0","1","0","0"
"POINT (13.195835679000027 52.422282307000046)","Unfall 50361 (2019) Kat:3, Licht: 0","50361","3","6","2","06","14","4","0","0","0","1","0","0"
"POINT (13.414720114000033 52.520360100000062)","Unfall 50362 (2019) Kat:2, Licht: 2","50362","2","1","0","12","01","1","0","2","0","0","0","0"
"POINT (13.386248968000075 52.488636611000061)","Unfall 50363 (2019) Kat:3, Licht: 2","50363","3","7","0","08","23","6","0","2","1","0","0","0"
"POINT (13.209966150000071 52.426369947000069)","Unfall 50364 (2019) Kat:2, Licht: 0","50364","2","6","2","05","16","5","0","0","0","1","0","0"
"POINT (13.428761249000047 52.558333781000044)","Unfall 50365 (2019) Kat:2, Licht: 0","50365","2","3","5","10","17","3","0","0","1","1","0","0"
"POINT (13.360476001000052 52.570985222000047)","Unfall 50366 (2019) Kat:3, Licht: 0","50366","3","6","2","09","13","4","0","0","0","1","0","0"
"POINT (13.388593503000038 52.436401434000061)","Unfall 50368 (2019) Kat:3, Licht: 0","50368","3","7","0","08","12","6","0","0","0","1","0","0"
"POINT (13.402306362000047 52.591480823000040)","Unfall 50369 (2019) Kat:3, Licht: 0","50369","3","7","0","05","11","5","0","0","1","0","0","0"
"POINT (13.293203708000021 52.510633711000082)","Unfall 50370 (2019) Kat:3, Licht: 0","50370","3","2","5","09","14","7","1","0","1","1","0","0"
"POINT (13.368551196000055 52.541205500000046)","Unfall 50371 (2019) Kat:3, Licht: 0","50371","3","2","5","06","07","3","0","0","1","1","0","0"
"POINT (13.427480745000025 52.544598858000029)","Unfall 50372 (2019) Kat:3, Licht: 0","50372","3","6","6","09","10","3","0","0","1","0","1","0"