WKT,Name,OBJECTID,UKATEGORIE,UTYP1,UART,UMONAT,USTUNDE,UWOCHENTAG,STRZUSTAND,ULICHTVERH,ISTRAD,ISTPKW,ISTFUSS,ISTKRAD
"POINT (13.383499857000061 52.498681227000077)","Unfall 50373 (2019) Kat:3, Licht: 2","50373","3","6","3","12","18","4","0","2","0","1","0","1"
"POINT (13.282912534000047 52.528555222000080)","Unfall 50374 (2019) Kat:3, Licht: 0","50374","3","6","3","06","09","4","0","0","0","1","0","0"
"POINT (13.178242260000047 52.516144518000033)","Unfall 50375 (2019) Kat:3, Licht: 0","50375","3","4","6","08","09","6","0","0","0","1","1","0"
"POINT (13.364845655000067 52.561435189000065)","Unfall 50376 (2019) Kat:3, Licht: 0","50376","3","3","5","05","12","5","0","0","1","1","0","0"
"POINT (13.395568624000077 52.510757983000076)","Unfall 50377 (2019) Kat:2, Licht: 2","50377","2","4","6","11","18","4","1","2","0","1","1","0"
"POINT (13.455933315000038 52.464564326000072)","Unfall 50378 (2019) Kat:3, Licht: 0","50378","3","2","2","11","13","7","0","0","0","1","0","0"
"POINT (13.294720948000077 52.510721319000027)","Unfall 50379 (2019) Kat:3, Licht: 0","50379","3","4","6","08","08","6","0","0","0","1","1","0"
"POINT (13.354094842000052 52.479049190000069)","Unfall 50380 (2019) Kat:3, Licht: 0","50380","3","2","5","05","12","5","0","0","0","1","0","1"
"POINT (13.456776981000075 52.515449319000027)","Unfall 50381 (2019) Kat:3, Licht: 0","50381","3","4","6","10","10","4","1","0","0","1","1","0"
"POINT (13.419997777000049 52.525000590000047)","Unfall 50382 (2019) Kat:3, Licht: 0","50382","3","4","6","09","09","3","1","0","0","1","1","0"
"POINT (13.369225848000042 52.546760769000059)","Unfall 50384 (2019) Kat:3, Licht: 0","50384","3","5","1","06","15","4","0","0","1","0","0","0"
"POINT (13.258271455000056 52.508520172000033)","Unfall 50385 (2019) Kat:2, Licht: 0","50385","2","3","5","08","15","6","0","0","1","1","0","0"
"POINT (13.462856624000040 52.550875162000068)","Unfall 50386 (2019) Kat:3, Licht: 0","50386","3","1","0","05","10","5","0","0","1","0","0","0"
"POINT (13.346681513000021 52.579284999000038)","Unfall 50387 (2019) Kat:3, Licht: 0","50387","3","2","5","11","12","6","0","0","1","1","0","0"
"POINT (13.390946582000026 52.468974720000062)","Unfall 50388 (2019) Kat:3, Licht: 0","50388","3","6","2","06","05","5","0","0","0","1","0","0"
"POINT (13.458284009000067 52.492288812000027)","Unfall 50389 (2019) Kat:2, Licht: 0","50389","2","4","6","09","18","3","1","0","1","0","1","0"
"POINT (13.462080815000036 52.495224640000060)","Unfall 50390 (2019) Kat:3, Licht: 0","50390","3","6","2","12","12","3","0","0","0","1","0","0"
"POINT (13.493434865000040 52.511716382000031)","Unfall 50391 (2019) Kat:3, Licht: 0","50391","3","6","3","06","16","3","0","0","0","1","0","0"
"POINT (13.384776881000050 52.460178212000073)","Unfall 50392 (2019) Kat:3, Licht: 0","50392","3","6","2","08","14","6","0","0","0","1","0","0"
"POINT (13.240737086000024 52.507434946000046)","Unfall 50393 (2019) Kat:3, Licht: 2","50393","3","6","2","10","16","5","0","2","0","1","0","0"
"POINT (13.399057246000041 52.575225669000076)","Unfall 50394 (2019) Kat:3, Licht: 0","50394","3","6","2","08","13","6","0","0","0","1","0","0"
"POINT (13.357082475000027 52.486782052000081)","Unfall 50395 (2019) Kat:3, Licht: 0","50395","3","2","0","09","13","6","1","0","0","1","0","0"
"POINT (13.408135789000028 52.521810856000059)","Unfall 50396 (2019) Kat:3, Licht: 0","50396","3","5","1","05","08","5","0","0","1","0","0","0"
"POINT (13.286942413000077 52.494348013000035)","Unfall 50397 (2019) Kat:3, Licht: 2","50397","3","6","3","10","22","4","1","2","0","1","0","0"
"POINT (13.461251572000037 52.514999322000051)","Unfall 50398 (2019) Kat:3, Licht: 0","50398","3","4","6","09","14","3","1","0","0","1","1","0"
"POINT (13.384675754000057 52.460528162000060)","Unfall 50400 (2019) Kat:3, Licht: 0","50400","3","7","6","06","10","3","0","0","0","0","1","0"
"POINT (13.389264377000075 52.497488255000064)","Unfall 50401 (2019) Kat:3, Licht: 0","50401","3","2","5","08","17","5","0","0","1","1","0","0"
"POINT (13.452528973000028 52.518575974000044)","Unfall 50402 (2019) Kat:3, Licht: 2","50402","3","6","0","05","22","4","0","2","1","0","1","0"
"POINT (13.282956284000022 52.441838657000062)","Unfall 50403 (2019) Kat:3, Licht: 2","50403","3","2","6","11","17","7","0","2","0","1","1","0"
"POINT (13.402788270000030 52.593161403000067)","Unfall 50404 (2019) Kat:2, Licht: 0","50404","2","3","5","06","19","7","0","0","0","1","0","1"
"POINT (13.424751926000056 52.540330616000062)","Unfall 50405 (2019) Kat:3, Licht: 0","50405","3","4","0","12","08","4","0","0","0","0","1","0"
"POINT (13.414602111000022 52.556319471000052)","Unfall 50406 (2019) Kat:3, Licht: 0","50406","3","2","5","08","17","5","0","0","1","0","0","0"
"POINT (13.427477223000039 52.563374494000072)","Unfall 50407 (2019) Kat:2, Licht: 0","50407","2","3","5","05","18","4","0","0","1","1","0","0"
"POINT (13.418954442000029 52.524583087000053)","Unfall 50408 (2019) Kat:3, Licht: 0","50408","3","6","3","10","13","7","0","0","1","0","0","0"
"POINT (13.481808543000056 52.513065421000078)","Unfall 50409 (2019) Kat:3, Licht: 0","50409","3","3","5","09","14","3","1","0","1","1","0","0"
"POINT (13.381326924000064 52.632447156000069)","Unfall 50410 (2019) Kat:3, Licht: 0","50410","3","2","5","08","16","5","0","0","1","1","0","0"
"POINT (13.300557049000076 52.511097271000040)","Unfall 50411 (2019) Kat:3, Licht: 0","50411","3","7","2","05","17","4","0","0","1","1","0","0"
"POINT (13.292942867000022 52.492742311000029)","Unfall 50412 (2019) Kat:3, Licht: 0","50412","3","6","2","10","10","4","1","0","0","1","0","0"
"POINT (13.282568698000034 52.528366015000074)","Unfall 50413 (2019) Kat:3, Licht: 0","50413","3","6","3","06","07","5","1","0","0","1","0","0"
"POINT (13.301302155000030 52.487145040000030)","Unfall 50414 (2019) Kat:3, Licht: 0","50414","3","6","2","09","09","3","0","0","0","1","0","0"
"POINT (13.240231995000045 52.433220986000038)","Unfall 50415 (2019) Kat:3, Licht: 0","50415","3","3","5","12","08","6","0","0","1","1","0","0"
"POINT (13.453731102000063 52.515964881000059)","Unfall 50416 (2019) Kat:3, Licht: 0","50416","3","2","5","06","15","3","0","0","1","1","0","0"
"POINT (13.403031458000044 52.519116089000079)","Unfall 50417 (2019) Kat:3, Licht: 1","50417","3","1","0","05","05","4","1","1","0","1","0","0"
"POINT (13.397035358000039 52.517575483000030)","Unfall 50418 (2019) Kat:3, Licht: 0","50418","3","6","0","11","10","1","0","0","1","0","0","0"
"POINT (13.258579743000041 52.508541232000027)","Unfall 50419 (2019) Kat:3, Licht: 0","50419","3","6","2","06","16","3","0","0","0","1","0","0"
"POINT (13.324629095000034 52.607029986000043)","Unfall 50420 (2019) Kat:3, Licht: 2","50420","3","3","5","11","19","5","1","2","0","1","0","0"
"POINT (13.311010061000047 52.560234316000049)","Unfall 50421 (2019) Kat:3, Licht: 0","50421","3","6","2","08","15","5","0","0","0","1","0","0"
"POINT (13.261599473000047 52.508707130000062)","Unfall 50422 (2019) Kat:3, Licht: 0","50422","3","6","2","05","15","4","0","0","0","1","0","0"
"POINT (13.367124064000052 52.551770380000050)","Unfall 50423 (2019) Kat:3, Licht: 2","50423","3","6","2","10","20","1","0","2","0","1","0","0"
"POINT (13.494012723000026 52.511835164000047)","Unfall 50424 (2019) Kat:3, Licht: 0","50424","3","2","5","09","07","3","0","0","1","1","0","1"
"POINT (13.449748397000064 52.516309664000062)","Unfall 50426 (2019) Kat:2, Licht: 0","50426","2","6","3","06","08","3","0","0","1","0","0","0"
"POINT (13.429907772000035 52.553975709000042)","Unfall 50427 (2019) Kat:3, Licht: 0","50427","3","6","2","08","15","5","0","0","0","1","0","1"
"POINT (13.385826694000059 52.483438681000052)","Unfall 50428 (2019) Kat:3, Licht: 0","50428","3","6","3","05","15","4","0","0","0","1","0","1"
"POINT (13.305056501000024 52.511582285000031)","Unfall 50429 (2019) Kat:3, Licht: 0","50429","3","2","6","06","18","1","0","0","0","1","1","0"
"POINT (13.298728389000075 52.510976888000073)","Unfall 50430 (2019) Kat:3, Licht: 0","50430","3","4","6","09","15","3","1","0","0","1","1","0"
"POINT (13.376382557000056 52.430784528000061)","Unfall 50431 (2019) Kat:3, Licht: 2","50431","3","2","5","12","17","2","1","2","0","1","0","0"
"POINT (13.399771943000076 52.417299973000070)","Unfall 50432 (2019) Kat:2, Licht: 0","50432","2","5","1","06","09","3","0","0","0","1","0","0"
"POINT (13.368363168000030 52.506335895000063)","Unfall 50433 (2019) Kat:3, Licht: 0","50433","3","2","5","08","15","5","0","0","1","1","0","0"
"POINT (13.373700527000040 52.509184337000079)","Unfall 50434 (2019) Kat:3, Licht: 0","50434","3","6","2","04","18","3","0","0","0","1","0","0"
"POINT (13.388353829000039 52.510263272000032)","Unfall 50435 (2019) Kat:3, Licht: 0","50435","3","6","0","11","15","2","1","0","1","0","0","0"
"POINT (13.361315864000062 52.496125779000067)","Unfall 50436 (2019) Kat:3, Licht: 0","50436","3","6","3","08","11","5","0","0","0","1","0","1"
"POINT (13.479434339000022 52.484497197000053)","Unfall 50437 (2019) Kat:3, Licht: 0","50437","3","3","5","04","13","3","0","0","1","1","0","0"
"POINT (13.225617437000039 52.460653784000044)","Unfall 50438 (2019) Kat:3, Licht: 2","50438","3","7","0","10","03","2","0","2","0","1","0","0"
"POINT (13.284135097000046 52.596778285000028)","Unfall 50439 (2019) Kat:3, Licht: 0","50439","3","6","2","09","08","2","0","0","0","1","0","0"
"POINT (13.453721977000043 52.518744440000035)","Unfall 50441 (2019) Kat:3, Licht: 0","50441","3","2","5","06","08","3","0","0","1","0","0","0"
"POINT (13.282383993000053 52.520074628000032)","Unfall 50442 (2019) Kat:3, Licht: 0","50442","3","6","2","08","10","5","0","0","0","1","0","0"
"POINT (13.318680146000077 52.536998932000074)","Unfall 50443 (2019) Kat:3, Licht: 0","50443","3","6","2","04","07","3","0","0","0","1","0","0"
"POINT (13.460092282000062 52.515114744000073)","Unfall 50444 (2019) Kat:3, Licht: 1","50444","3","2","5","11","15","4","1","1","1","1","0","0"
"POINT (13.477043688000037 52.513407705000077)","Unfall 50445 (2019) Kat:2, Licht: 0","50445","2","2","5","06","15","4","0","0","1","0","0","0"
"POINT (13.364267070000039 52.563349708000032)","Unfall 50446 (2019) Kat:2, Licht: 2","50446","2","4","6","09","21","2","0","2","0","1","1","0"
"POINT (13.341470424000022 52.478628995000065)","Unfall 50447 (2019) Kat:3, Licht: 0","50447","3","6","2","12","08","2","0","0","0","1","0","0"
"POINT (13.359980198000073 52.571963449000066)","Unfall 50448 (2019) Kat:3, Licht: 0","50448","3","2","5","08","08","5","0","0","0","1","0","1"
"POINT (13.308851168000047 52.451169577000030)","Unfall 50449 (2019) Kat:3, Licht: 0","50449","3","6","2","10","12","4","0","0","0","1","0","0"
"POINT (13.476727564000043 52.513436925000065)","Unfall 50450 (2019) Kat:2, Licht: 2","50450","2","1","0","09","20","2","0","2","0","0","0","1"
"POINT (13.465812177000032 52.514684015000057)","Unfall 50451 (2019) Kat:3, Licht: 0","50451","3","3","5","08","07","5","0","0","1","1","0","0"
"POINT (13.386053577000041 52.485847659000058)","Unfall 50452 (2019) Kat:3, Licht: 0","50452","3","2","0","04","07","3","0","0","1","1","0","0"
"POINT (13.283243356000071 52.442128626000056)","Unfall 50453 (2019) Kat:3, Licht: 0","50453","3","6","2","10","13","3","1","0","0","1","0","0"
"POINT (13.423024816000066 52.527478742000028)","Unfall 50454 (2019) Kat:3, Licht: 0","50454","3","6","3","09","16","2","0","0","1","1","0","0"
"POINT (13.346904820000077 52.578996841000048)","Unfall 50456 (2019) Kat:3, Licht: 1","50456","3","3","5","06","19","3","0","1","0","1","0","0"
"POINT (13.423705654000059 52.539150762000077)","Unfall 50457 (2019) Kat:2, Licht: 0","50457","2","4","6","08","19","4","0","0","1","0","1","0"
"POINT (13.445755513000051 52.528394538000043)","Unfall 50458 (2019) Kat:3, Licht: 0","50458","3","2","5","04","17","3","0","0","1","1","0","0"
"POINT (13.558180019000076 52.562758975000065)","Unfall 50459 (2019) Kat:2, Licht: 2","50459","2","3","5","11","05","6","0","2","0","1","0","0"
"POINT (13.287471434000054 52.494270935000031)","Unfall 50460 (2019) Kat:2, Licht: 0","50460","2","1","0","10","11","3","0","0","0","0","0","1"
"POINT (13.406265890000043 52.405219929000054)","Unfall 50461 (2019) Kat:2, Licht: 0","50461","2","3","5","09","16","2","1","0","0","1","0","1"
"POINT (13.249465709000049 52.507976115000076)","Unfall 50463 (2019) Kat:3, Licht: 0","50463","3","6","2","06","07","2","0","0","0","1","0","0"
"POINT (13.400657097000021 52.415159056000050)","Unfall 50464 (2019) Kat:3, Licht: 0","50464","3","6","2","08","14","4","1","0","0","1","0","0"
"POINT (13.186587993000046 52.515131381000060)","Unfall 50465 (2019) Kat:3, Licht: 0","50465","3","7","2","04","19","3","0","0","1","1","0","0"
"POINT (13.461612418000072 52.514963394000063)","Unfall 50466 (2019) Kat:3, Licht: 2","50466","3","4","6","11","17","4","1","2","0","1","1","0"
"POINT (13.369064134000041 52.528783166000039)","Unfall 50467 (2019) Kat:3, Licht: 0","50467","3","1","2","06","09","5","0","0","0","1","0","0"
"POINT (13.281619724000052 52.509914376000040)","Unfall 50468 (2019) Kat:3, Licht: 0","50468","3","2","5","09","10","2","0","0","1","0","0","0"
"POINT (13.357211560000053 52.486927472000048)","Unfall 50469 (2019) Kat:3, Licht: 2","50469","3","3","5","12","18","2","1","2","1","1","0","0"
"POINT (13.376672085000052 52.516263939000055)","Unfall 50470 (2019) Kat:3, Licht: 0","50470","3","2","3","08","09","4","0","0","0","1","0","1"
"POINT (13.542453386000034 52.543685492000066)","Unfall 50471 (2019) Kat:3, Licht: 2","50471","3","7","2","10","19","4","0","2","0","1","0","0"
"POINT (13.450414773000034 52.463971166000078)","Unfall 50472 (2019) Kat:3, Licht: 1","50472","3","6","3","08","06","4","0","1","0","1","0","1"
"POINT (13.423467283000036 52.539189979000071)","Unfall 50473 (2019) Kat:3, Licht: 0","50473","3","6","2","09","18","6","1","0","0","1","0","0"
"POINT (13.349283855000067 52.474873028000047)","Unfall 50474 (2019) Kat:3, Licht: 1","50474","3","6","3","04","20","2","0","1","0","1","0","0"
"POINT (13.485412346000032 52.512569151000037)","Unfall 50475 (2019) Kat:3, Licht: 1","50475","3","6","3","10","17","3","1","1","0","1","0","0"
"POINT (13.290667741000050 52.533140288000027)","Unfall 50476 (2019) Kat:3, Licht: 0","50476","3","1","8","09","13","2","0","0","0","1","0","0"
"POINT (13.365450649000024 52.502805393000074)","Unfall 50478 (2019) Kat:3, Licht: 2","50478","3","1","0","06","21","2","0","2","1","0","0","0"
"POINT (13.368351992000044 52.506317127000045)","Unfall 50479 (2019) Kat:3, Licht: 0","50479","3","2","5","08","15","4","0","0","1","1","0","0"
"POINT (13.430195832000038 52.552155525000046)","Unfall 50480 (2019) Kat:3, Licht: 0","50480","3","4","6","04","18","2","0","0","1","0","1","0"
"POINT (13.453779061000034 52.515784346000032)","Unfall 50481 (2019) Kat:3, Licht: 2","50481","3","3","5","11","01","7","0","2","0","1","0","0"
"POINT (13.158246451000025 52.501939499000059)","Unfall 50482 (2019) Kat:3, Licht: 0","50482","3","6","2","06","19","2","0","0","0","1","0","0"
"POINT (13.369739719000052 52.515824782000038)","Unfall 50483 (2019) Kat:2, Licht: 0","50483","2","2","5","09","09","2","1","0","1","1","0","0"
"POINT (13.327825040000050 52.538572681000062)","Unfall 50484 (2019) Kat:3, Licht: 0","50484","3","6","2","12","15","4","0","0","0","1","0","0"
"POINT (13.385521482000058 52.470469835000074)","Unfall 50485 (2019) Kat:3, Licht: 0","50485","3","6","2","08","12","3","0","0","0","1","0","0"
"POINT (13.424063744000023 52.539091626000072)","Unfall 50486 (2019) Kat:3, Licht: 0","50486","3","2","0","04","09","2","1","0","0","1","0","0"
"POINT (13.365783612000030 52.472656634000032)","Unfall 50487 (2019) Kat:3, Licht: 2","50487","3","6","2","10","19","6","0","2","0","1","0","0"
"POINT (13.536703058000057 52.532625026000062)","Unfall 50488 (2019) Kat:3, Licht: 0","50488","3","6","3","09","11","1","0","0","1","1","0","0"
"POINT (13.429098790000069 52.518627284000047)","Unfall 50489 (2019) Kat:3, Licht: 0","50489","3","2","3","08","09","3","0","0","0","0","0","1"
"POINT (13.409258689000069 52.516813617000082)","Unfall 50490 (2019) Kat:3, Licht: 0","50490","3","3","5","04","11","2","1","0","1","0","0","0"
"POINT (13.354674733000024 52.478440731000035)","Unfall 50491 (2019) Kat:3, Licht: 0","50491","3","7","5","10","13","3","1","0","0","1","0","0"
"POINT (13.471649179000053 52.513950282000053)","Unfall 50492 (2019) Kat:2, Licht: 0","50492","2","6","3","06","17","4","0","0","1","0","0","0"
"POINT (13.268894096000054 52.495626659000038)","Unfall 50493 (2019) Kat:3, Licht: 0","50493","3","6","2","09","16","1","0","0","0","1","0","0"
"POINT (13.370552240000052 52.539986882000051)","Unfall 50494 (2019) Kat:3, Licht: 2","50494","3","4","6","12","22","4","0","2","0","1","1","0"
"POINT (13.438713904000053 52.541256205000082)","Unfall 50495 (2019) Kat:3, Licht: 2","50495","3","3","5","06","23","2","1","2","1","1","0","0"
"POINT (13.448619403000066 52.463525511000057)","Unfall 50496 (2019) Kat:3, Licht: 0","50496","3","6","3","04","11","2","1","0","0","1","0","0"
"POINT (13.389054877000035 52.494897277000064)","Unfall 50497 (2019) Kat:3, Licht: 0","50497","3","6","3","11","15","7","1","0","0","1","0","1"
"POINT (13.463910658000032 52.514873035000051)","Unfall 50498 (2019) Kat:2, Licht: 0","50498","2","4","6","06","13","2","0","0","1","0","1","0"
"POINT (13.360089927000047 52.515094285000032)","Unfall 50499 (2019) Kat:3, Licht: 2","50499","3","3","5","11","18","4","1","2","1","0","0","1"
"POINT (13.366841483000030 52.417845135000050)","Unfall 50500 (2019) Kat:3, Licht: 0","50500","3","3","5","08","07","3","0","0","1","1","0","0"
"POINT (13.347645304000025 52.574382240000034)","Unfall 50501 (2019) Kat:2, Licht: 2","50501","2","2","5","04","22","7","0","2","0","1","0","1"
"POINT (13.413736945000039 52.550640785000041)","Unfall 50502 (2019) Kat:2, Licht: 2","50502","2","2","5","10","18","7","0","2","0","1","0","1"
"POINT (13.385690694000061 52.476994645000048)","Unfall 50503 (2019) Kat:3, Licht: 0","50503","3","6","3","09","14","1","0","0","0","1","0","0"
"POINT (13.359522918000039 52.573087456000053)","Unfall 50505 (2019) Kat:3, Licht: 0","50505","3","5","1","06","16","2","0","0","1","1","0","0"
"POINT (13.442256953000026 52.543898766000041)","Unfall 50506 (2019) Kat:3, Licht: 0","50506","3","3","5","08","15","3","0","0","1","1","0","0"
"POINT (13.403556989000037 52.410025105000045)","Unfall 50507 (2019) Kat:3, Licht: 0","50507","3","6","2","04","17","7","0","0","0","1","0","0"
"POINT (13.413397534000069 52.547061502000076)","Unfall 50508 (2019) Kat:3, Licht: 0","50508","3","1","0","06","15","7","0","0","1","0","0","0"
"POINT (13.422826135000037 52.520206031000043)","Unfall 50509 (2019) Kat:3, Licht: 2","50509","3","4","6","09","23","1","1","2","0","1","1","0"
"POINT (13.289202731000046 52.532837724000046)","Unfall 50510 (2019) Kat:2, Licht: 0","50510","2","6","2","12","12","1","1","0","0","1","0","0"
"POINT (13.271054856000035 52.509276320000026)","Unfall 50511 (2019) Kat:2, Licht: 0","50511","2","3","5","06","09","2","0","0","1","0","0","0"
"POINT (13.281780929000035 52.510090737000041)","Unfall 50512 (2019) Kat:3, Licht: 0","50512","3","2","5","08","15","3","0","0","0","1","0","0"
"POINT (13.304770004000034 52.511562897000033)","Unfall 50513 (2019) Kat:3, Licht: 0","50513","3","7","6","11","10","2","1","0","0","1","1","0"
"POINT (13.476977667000028 52.513561770000081)","Unfall 50514 (2019) Kat:3, Licht: 0","50514","3","2","5","08","15","3","0","0","1","0","0","0"
"POINT (13.413572559000045 52.558604777000028)","Unfall 50515 (2019) Kat:3, Licht: 0","50515","3","3","5","04","11","6","0","0","1","1","0","0"
"POINT (13.558290570000054 52.562894766000056)","Unfall 50516 (2019) Kat:2, Licht: 0","50516","2","3","5","10","11","1","0","0","0","1","0","0"
"POINT (13.281302728000071 52.523746070000072)","Unfall 50517 (2019) Kat:3, Licht: 0","50517","3","6","2","09","14","7","0","0","0","1","0","0"
"POINT (13.447370574000047 52.526468742000077)","Unfall 50519 (2019) Kat:3, Licht: 0","50519","3","2","5","06","08","2","0","0","1","0","0","0"
"POINT (13.386052211000049 52.483097889000078)","Unfall 50520 (2019) Kat:3, Licht: 0","50520","3","7","0","08","15","2","0","0","1","0","0","0"
"POINT (13.271880998000029 52.508967653000070)","Unfall 50521 (2019) Kat:2, Licht: 0","50521","2","4","6","04","19","6","0","0","1","0","1","0"
"POINT (13.460258852000038 52.515241864000075)","Unfall 50522 (2019) Kat:3, Licht: 0","50522","3","2","5","11","10","3","0","0","1","1","0","0"
"POINT (13.381543576000070 52.516678781000053)","Unfall 50523 (2019) Kat:3, Licht: 0","50523","3","6","0","06","18","3","0","0","1","0","0","0"
"POINT (13.430463570000029 52.534151061000046)","Unfall 50524 (2019) Kat:3, Licht: 0","50524","3","6","2","09","12","7","0","0","0","1","0","0"
"POINT (13.377666387000033 52.501028002000055)","Unfall 50525 (2019) Kat:3, Licht: 2","50525","3","6","2","12","01","7","1","2","0","1","0","0"
"POINT (13.355097373000035 52.485450853000032)","Unfall 50526 (2019) Kat:3, Licht: 0","50526","3","6","0","08","19","2","0","0","0","1","0","1"
"POINT (13.389273762000073 52.497450493000031)","Unfall 50527 (2019) Kat:3, Licht: 0","50527","3","2","2","10","10","3","0","0","1","0","0","0"
"POINT (13.283033846000023 52.528738931000078)","Unfall 50528 (2019) Kat:2, Licht: 0","50528","2","6","2","09","12","7","0","0","0","1","0","0"
"POINT (13.369895885000062 52.541795148000062)","Unfall 50529 (2019) Kat:3, Licht: 0","50529","3","2","5","08","15","2","0","0","1","1","0","0"
"POINT (13.389208390000022 52.496680784000034)","Unfall 50530 (2019) Kat:3, Licht: 1","50530","3","6","3","04","20","6","0","1","0","1","0","0"
"POINT (13.281083574000036 52.499294771000052)","Unfall 50531 (2019) Kat:3, Licht: 0","50531","3","6","2","10","12","2","0","0","0","1","0","0"
"POINT (13.425183575000062 52.529253988000050)","Unfall 50532 (2019) Kat:3, Licht: 2","50532","3","7","0","06","22","1","0","2","1","0","0","0"
"POINT (13.415963786000077 52.540573370000061)","Unfall 50533 (2019) Kat:3, Licht: 1","50533","3","6","0","09","20","7","0","1","0","1","0","1"
"POINT (13.617623356000024 52.504674427000054)","Unfall 50535 (2019) Kat:3, Licht: 0","50535","3","3","5","06","13","2","0","0","1","1","0","0"
"POINT (13.160883752000075 52.419654218000062)","Unfall 50536 (2019) Kat:3, Licht: 0","50536","3","5","0","04","12","6","0","0","1","1","0","0"
"POINT (13.282941775000040 52.528602560000081)","Unfall 50537 (2019) Kat:2, Licht: 0","50537","2","6","2","11","13","5","0","0","0","1","0","0"
"POINT (13.457763087000046 52.491649416000030)","Unfall 50538 (2019) Kat:3, Licht: 0","50538","3","2","5","06","12","1","0","0","1","1","0","0"
"POINT (13.295869780000032 52.541170386000033)","Unfall 50539 (2019) Kat:3, Licht: 1","50539","3","6","2","12","15","2","1","1","0","1","0","0"
"POINT (13.558322817000033 52.562928081000052)","Unfall 50540 (2019) Kat:3, Licht: 0","50540","3","3","5","08","12","2","0","0","0","1","0","0"
"POINT (13.371637087000067 52.519477055000038)","Unfall 50541 (2019) Kat:2, Licht: 0","50541","2","2","5","04","10","5","0","0","1","0","0","1"
"POINT (13.335370516000069 52.465219276000028)","Unfall 50542 (2019) Kat:2, Licht: 0","50542","2","6","0","10","14","4","0","0","0","1","0","0"
"POINT (13.558417628000029 52.508707757000082)","Unfall 50543 (2019) Kat:3, Licht: 0","50543","3","6","2","09","12","7","0","0","0","1","0","0"
"POINT (13.380074019000062 52.437385049000056)","Unfall 50545 (2019) Kat:3, Licht: 0","50545","3","6","3","08","12","2","0","0","0","1","0","0"
"POINT (13.309208965000039 52.482059084000070)","Unfall 50546 (2019) Kat:3, Licht: 0","50546","3","6","3","04","18","5","0","0","0","1","0","0"
"POINT (13.419888909000065 52.524907134000046)","Unfall 50547 (2019) Kat:3, Licht: 2","50547","3","3","5","09","04","1","1","2","0","1","0","0"
"POINT (13.376703169000052 52.516145981000079)","Unfall 50548 (2019) Kat:3, Licht: 0","50548","3","2","3","06","09","4","0","0","0","1","0","1"
"POINT (13.386038703000054 52.482065546000058)","Unfall 50549 (2019) Kat:3, Licht: 2","50549","3","7","0","09","00","7","0","2","0","0","0","0"
"POINT (13.406890649000047 52.564912602000049)","Unfall 50550 (2019) Kat:3, Licht: 0","50550","3","5","1","12","09","6","0","0","0","1","0","0"
"POINT (13.167838955000036 52.420599119000030)","Unfall 50551 (2019) Kat:3, Licht: 0","50551","3","5","1","06","15","1","0","0","1","1","0","0"
"POINT (13.403463905000024 52.519391595000059)","Unfall 50552 (2019) Kat:3, Licht: 0","50552","3","5","1","08","11","1","0","0","1","1","0","0"
"POINT (13.455645152000045 52.549390322000079)","Unfall 50553 (2019) Kat:3, Licht: 0","50553","3","5","1","04","17","5","0","0","1","1","0","0"
"POINT (13.403240211000025 52.519249083000034)","Unfall 50554 (2019) Kat:3, Licht: 2","50554","3","7","5","11","23","6","1","2","0","1","0","0"
"POINT (13.407835909000028 52.564003896000031)","Unfall 50555 (2019) Kat:3, Licht: 1","50555","3","3","5","09","19","7","0","1","1","1","0","0"
"POINT (13.361943702000076 52.413611578000030)","Unfall 50556 (2019) Kat:3, Licht: 0","50556","3","2","2","11","12","3","0","0","0","1","0","0"
"POINT (13.367374187000053 52.551657513000066)","Unfall 50557 (2019) Kat:3, Licht: 0","50557","3","2","5","08","15","7","0","0","0","1","0","0"
"POINT (13.369137422000051 52.507142097000042)","Unfall 50558 (2019) Kat:3, Licht: 0","50558","3","2","5","04","17","5","0","0","0","1","0","1"
"POINT (13.516351736000047 52.510018866000053)","Unfall 50559 (2019) Kat:3, Licht: 1","50559","3","7","0","10","07","5","1","1","1","1","0","0"
"POINT (13.307722921000050 52.511755961000063)","Unfall 50560 (2019) Kat:3, Licht: 0","50560","3","2","5","09","16","7","0","0","0","1","0","0"
"POINT (13.323136604000069 52.512531025000044)","Unfall 50562 (2019) Kat:2, Licht: 0","50562","2","6","3","06","15","1","0","0","0","1","0","1"
"POINT (13.298352894000061 52.511142884000037)","Unfall 50563 (2019) Kat:3, Licht: 0","50563","3","6","3","06","14","1","0","0","1","0","0","0"
"POINT (13.355691913000044 52.477740421000078)","Unfall 50564 (2019) Kat:3, Licht: 2","50564","3","6","2","12","20","3","1","2","0","1","0","0"
"POINT (13.424401737000039 52.528917052000054)","Unfall 50565 (2019) Kat:3, Licht: 1","50565","3","7","0","08","21","7","1","1","0","0","0","1"
"POINT (13.389268745000038 52.497470678000070)","Unfall 50566 (2019) Kat:3, Licht: 0","50566","3","2","5","04","15","5","0","0","1","1","0","0"
"POINT (13.400491347000070 52.416027347000067)","Unfall 50567 (2019) Kat:2, Licht: 0","50567","2","7","6","10","17","5","0","0","0","1","1","0"
"POINT (13.301339859000052 52.511339787000054)","Unfall 50568 (2019) Kat:3, Licht: 0","50568","3","4","6","09","15","7","0","0","1","0","1","0"
"POINT (13.448726004000036 52.505234657000074)","Unfall 50570 (2019) Kat:2, Licht: 2","50570","2","4","0","08","03","7","1","2","0","0","1","1"
"POINT (13.314631546000044 52.512016632000041)","Unfall 50571 (2019) Kat:2, Licht: 0","50571","2","2","5","04","16","5","0","0","1","1","0","0"
"POINT (13.451321150000069 52.509181222000052)","Unfall 50572 (2019) Kat:3, Licht: 1","50572","3","6","3","09","18","2","0","1","1","0","0","0"
"POINT (13.373872571000049 52.509197990000075)","Unfall 50573 (2019) Kat:3, Licht: 0","50573","3","3","5","06","09","4","0","0","1","1","0","0"
"POINT (13.260584163000033 52.434980383000038)","Unfall 50574 (2019) Kat:3, Licht: 0","50574","3","2","0","09","16","6","0","0","1","1","0","0"