WKT,Name,OBJECTID,UKATEGORIE,UTYP1,UART,UMONAT,USTUNDE,UWOCHENTAG,STRZUSTAND,ULICHTVERH,ISTRAD,ISTPKW,ISTFUSS,ISTKRAD
"POINT (13.428475063000064 52.570356792000041)","Unfall 50575 (2019) Kat:3, Licht: 0","50575","3","6","3","12","12","7","0","0","0","0","0","0"
"POINT (13.262847251000039 52.434919998000055)","Unfall 50576 (2019) Kat:3, Licht: 2","50576","3","1","1","06","00","1","0","2","0","1","0","0"
"POINT (13.413035594000064 52.545702268000070)","Unfall 50577 (2019) Kat:3, Licht: 0","50577","3","4","6","04","15","5","0","0","1","0","1","0"
"POINT (13.453774198000076 52.515717611000071)","Unfall 50578 (2019) Kat:3, Licht: 2","50578","3","2","5","11","23","6","1","2","1","1","0","0"
"POINT (13.432258286000035 52.535317457000076)","Unfall 50579 (2019) Kat:3, Licht: 2","50579","3","6","2","11","17","3","0","2","0","1","0","0"
"POINT (13.354174386000068 52.478988402000027)","Unfall 50580 (2019) Kat:3, Licht: 0","50580","3","2","5","08","15","6","0","0","0","1","0","0"
"POINT (13.548082418000035 52.550665323000032)","Unfall 50581 (2019) Kat:3, Licht: 0","50581","3","4","6","04","09","5","0","0","0","1","1","0"
"POINT (13.395611672000030 52.517488366000066)","Unfall 50582 (2019) Kat:3, Licht: 0","50582","3","7","4","10","16","5","0","0","1","0","0","0"
"POINT (13.299929515000031 52.511247097000080)","Unfall 50583 (2019) Kat:3, Licht: 0","50583","3","3","5","09","14","6","0","0","0","1","0","0"
"POINT (13.426636866000024 52.538519451000070)","Unfall 50585 (2019) Kat:2, Licht: 0","50585","2","7","5","06","12","1","0","0","0","1","0","0"
"POINT (13.477517192000050 52.513506468000060)","Unfall 50586 (2019) Kat:3, Licht: 0","50586","3","4","6","08","18","5","0","0","0","1","1","0"
"POINT (13.388644757000066 52.498162973000035)","Unfall 50587 (2019) Kat:3, Licht: 0","50587","3","2","0","04","14","4","0","0","0","1","1","0"
"POINT (13.318143241000030 52.512250238000036)","Unfall 50588 (2019) Kat:3, Licht: 0","50588","3","7","6","06","12","6","0","0","0","1","1","0"
"POINT (13.203041882000036 52.511810531000037)","Unfall 50589 (2019) Kat:3, Licht: 0","50589","3","6","2","09","14","6","0","0","0","1","0","0"
"POINT (13.487635818000058 52.512478301000044)","Unfall 50590 (2019) Kat:3, Licht: 2","50590","3","6","2","12","21","7","1","2","0","1","0","0"
"POINT (13.357628707000060 52.487379947000079)","Unfall 50591 (2019) Kat:3, Licht: 0","50591","3","5","1","06","19","7","0","0","1","0","0","0"
"POINT (13.385000136000031 52.461928581000052)","Unfall 50592 (2019) Kat:3, Licht: 0","50592","3","6","0","08","17","5","0","0","0","1","0","0"
"POINT (13.447759433000044 52.526552541000058)","Unfall 50593 (2019) Kat:3, Licht: 0","50593","3","3","5","04","18","4","0","0","1","1","0","0"
"POINT (13.308479033000026 52.511614151000060)","Unfall 50594 (2019) Kat:3, Licht: 0","50594","3","6","2","11","13","1","1","0","0","1","0","0"
"POINT (13.447399056000052 52.503395674000046)","Unfall 50595 (2019) Kat:3, Licht: 0","50595","3","6","0","08","15","5","0","0","1","0","1","0"
"POINT (13.202299114000027 52.423068095000076)","Unfall 50596 (2019) Kat:3, Licht: 0","50596","3","3","5","04","18","4","0","0","1","1","0","0"
"POINT (13.283757053000045 52.496544478000033)","Unfall 50597 (2019) Kat:3, Licht: 0","50597","3","6","2","10","11","6","0","0","0","1","0","0"
"POINT (13.313344759000074 52.620881152000038)","Unfall 50598 (2019) Kat:3, Licht: 0","50598","3","3","5","09","08","6","0","0","1","1","0","0"
"POINT (13.385527606000039 52.470724653000048)","Unfall 50600 (2019) Kat:3, Licht: 0","50600","3","6","2","06","13","7","0","0","0","1","0","0"
"POINT (13.368826690000049 52.507189285000038)","Unfall 50601 (2019) Kat:3, Licht: 0","50601","3","3","5","08","15","5","0","0","1","1","0","0"
"POINT (13.448414737000064 52.611066822000055)","Unfall 50602 (2019) Kat:3, Licht: 0","50602","3","6","2","04","17","4","0","0","0","1","0","0"
"POINT (13.536700413000062 52.532591849000028)","Unfall 50603 (2019) Kat:3, Licht: 1","50603","3","5","1","11","15","2","1","1","0","1","0","1"
"POINT (13.385621894000053 52.474424278000072)","Unfall 50604 (2019) Kat:3, Licht: 0","50604","3","5","1","06","20","3","0","0","1","1","0","0"
"POINT (13.531660164000073 52.510352531000080)","Unfall 50605 (2019) Kat:3, Licht: 0","50605","3","6","3","09","16","6","0","0","0","1","0","1"
"POINT (13.364198507000026 52.563690945000076)","Unfall 50606 (2019) Kat:3, Licht: 2","50606","3","2","6","12","19","6","1","2","0","1","1","0"
"POINT (13.369890668000039 52.541787497000030)","Unfall 50607 (2019) Kat:3, Licht: 0","50607","3","2","2","08","08","5","0","0","0","1","0","0"
"POINT (13.383974955000042 52.454946741000072)","Unfall 50608 (2019) Kat:3, Licht: 0","50608","3","4","6","04","14","4","0","0","0","1","1","0"
"POINT (13.474938610000038 52.513605455000061)","Unfall 50609 (2019) Kat:3, Licht: 2","50609","3","4","6","10","17","2","1","2","0","1","1","0"
"POINT (13.411905035000075 52.460947982000050)","Unfall 50610 (2019) Kat:3, Licht: 2","50610","3","6","3","09","06","5","0","2","0","1","0","0"
"POINT (13.377673202000040 52.433524896000051)","Unfall 50611 (2019) Kat:3, Licht: 0","50611","3","3","5","08","10","5","0","0","1","1","0","0"
"POINT (13.567258265000078 52.572519690000036)","Unfall 50612 (2019) Kat:2, Licht: 0","50612","2","4","6","04","15","4","0","0","0","1","1","0"
"POINT (13.304960175000076 52.449758046000056)","Unfall 50613 (2019) Kat:3, Licht: 1","50613","3","6","2","10","18","7","0","1","0","1","0","0"
"POINT (13.397967266000023 52.466179606000026)","Unfall 50614 (2019) Kat:3, Licht: 2","50614","3","6","3","06","23","7","0","2","0","1","0","0"
"POINT (13.348368148000077 52.481739827000069)","Unfall 50615 (2019) Kat:3, Licht: 0","50615","3","6","2","09","16","5","0","0","0","1","0","0"
"POINT (13.363637350000033 52.535209366000061)","Unfall 50617 (2019) Kat:3, Licht: 1","50617","3","6","2","06","21","7","0","1","0","1","0","0"
"POINT (13.175397874000055 52.419969438000066)","Unfall 50618 (2019) Kat:3, Licht: 0","50618","3","2","5","04","09","4","0","0","0","1","0","0"
"POINT (13.369298132000040 52.528781658000071)","Unfall 50619 (2019) Kat:3, Licht: 0","50619","3","6","2","11","07","4","0","0","0","1","0","0"
"POINT (13.304883193000023 52.552950079000027)","Unfall 50620 (2019) Kat:3, Licht: 0","50620","3","7","0","06","12","7","0","0","0","1","0","0"
"POINT (13.282481454000049 52.528217963000031)","Unfall 50621 (2019) Kat:3, Licht: 2","50621","3","6","3","12","18","1","0","2","0","1","0","0"
"POINT (13.427528985000038 52.518677758000081)","Unfall 50622 (2019) Kat:3, Licht: 0","50622","3","6","1","08","07","5","0","0","0","1","0","0"
"POINT (13.460932093000054 52.515172602000064)","Unfall 50623 (2019) Kat:2, Licht: 0","50623","2","2","0","04","08","4","0","0","1","1","0","0"
"POINT (13.347348544000056 52.476333822000072)","Unfall 50624 (2019) Kat:3, Licht: 0","50624","3","6","2","10","08","3","0","0","0","1","0","1"
"POINT (13.412462388000051 52.519240105000051)","Unfall 50625 (2019) Kat:3, Licht: 0","50625","3","6","3","09","15","5","0","0","0","1","0","0"
"POINT (13.438493386000061 52.517441425000072)","Unfall 50627 (2019) Kat:2, Licht: 0","50627","2","7","0","07","11","4","0","0","1","0","0","0"
"POINT (13.351920989000064 52.474075661000029)","Unfall 50628 (2019) Kat:2, Licht: 0","50628","2","6","2","04","11","3","0","0","0","1","0","0"
"POINT (13.314205289000029 52.479343510000035)","Unfall 50629 (2019) Kat:3, Licht: 0","50629","3","6","2","09","14","7","1","0","0","1","0","0"
"POINT (13.449282481000068 52.547658230000081)","Unfall 50630 (2019) Kat:3, Licht: 0","50630","3","6","3","06","09","3","0","0","1","0","0","0"
"POINT (13.286075346000075 52.442988502000048)","Unfall 50631 (2019) Kat:2, Licht: 0","50631","2","7","0","09","13","5","0","0","1","0","0","0"
"POINT (13.485349469000028 52.473033148000070)","Unfall 50632 (2019) Kat:3, Licht: 0","50632","3","6","3","12","14","6","1","0","0","1","0","0"
"POINT (13.404372170000045 52.512978254000075)","Unfall 50633 (2019) Kat:3, Licht: 2","50633","3","6","2","06","01","7","0","2","0","1","0","0"
"POINT (13.368351992000044 52.506317127000045)","Unfall 50634 (2019) Kat:3, Licht: 2","50634","3","2","5","07","22","4","1","2","1","1","0","0"
"POINT (13.304552027000057 52.484510915000044)","Unfall 50635 (2019) Kat:3, Licht: 0","50635","3","6","2","04","10","3","0","0","0","1","0","0"
"POINT (13.494108382000036 52.511826459000076)","Unfall 50636 (2019) Kat:2, Licht: 0","50636","2","2","5","11","07","4","1","0","1","1","0","0"
"POINT (13.180088296000065 52.516444025000055)","Unfall 50637 (2019) Kat:3, Licht: 0","50637","3","3","5","11","14","1","0","0","0","1","0","1"
"POINT (13.470559111000057 52.514059739000061)","Unfall 50638 (2019) Kat:3, Licht: 0","50638","3","6","0","07","14","4","0","0","1","0","0","0"
"POINT (13.422073038000065 52.526725119000048)","Unfall 50639 (2019) Kat:2, Licht: 0","50639","2","7","6","04","05","3","0","0","0","1","0","0"
"POINT (13.474035881000077 52.513845150000066)","Unfall 50640 (2019) Kat:3, Licht: 0","50640","3","7","6","10","10","4","1","0","0","0","1","0"
"POINT (13.443198118000055 52.516965950000042)","Unfall 50641 (2019) Kat:3, Licht: 0","50641","3","6","3","09","09","5","0","0","1","0","0","0"
"POINT (13.387319198000057 52.440174297000056)","Unfall 50643 (2019) Kat:3, Licht: 0","50643","3","3","5","05","06","6","0","0","0","1","0","0"
"POINT (13.282000063000055 52.509939637000059)","Unfall 50644 (2019) Kat:3, Licht: 0","50644","3","2","5","07","13","4","0","0","1","0","0","0"
"POINT (13.263941781000028 52.435184611000068)","Unfall 50645 (2019) Kat:3, Licht: 0","50645","3","7","5","04","11","3","0","0","1","1","0","0"
"POINT (13.458409730000028 52.492382100000043)","Unfall 50646 (2019) Kat:3, Licht: 0","50646","3","4","6","06","20","5","0","0","1","0","1","0"
"POINT (13.415101409000044 52.460766833000037)","Unfall 50647 (2019) Kat:3, Licht: 0","50647","3","6","2","09","06","5","1","0","0","1","0","0"
"POINT (13.429175458000032 52.533049755000036)","Unfall 50648 (2019) Kat:3, Licht: 0","50648","3","2","6","12","07","4","0","0","0","1","1","0"
"POINT (13.311534802000040 52.511813555000060)","Unfall 50649 (2019) Kat:3, Licht: 0","50649","3","2","5","05","13","6","0","0","1","1","0","0"
"POINT (13.416865627000050 52.522174333000066)","Unfall 50650 (2019) Kat:3, Licht: 0","50650","3","6","6","07","18","3","0","0","0","0","1","0"
"POINT (13.319104742000036 52.478204237000057)","Unfall 50651 (2019) Kat:3, Licht: 2","50651","3","2","5","11","05","6","0","2","0","1","0","0"
"POINT (13.373673275000044 52.509182174000046)","Unfall 50652 (2019) Kat:3, Licht: 2","50652","3","3","5","07","23","3","0","2","1","0","0","0"
"POINT (13.365738846000056 52.555598104000069)","Unfall 50653 (2019) Kat:3, Licht: 0","50653","3","6","2","09","17","6","1","0","0","1","0","0"
"POINT (13.372293240000033 52.505005373000074)","Unfall 50654 (2019) Kat:3, Licht: 0","50654","3","6","2","04","11","3","0","0","0","1","0","1"
"POINT (13.301494700000035 52.511350171000061)","Unfall 50655 (2019) Kat:3, Licht: 2","50655","3","3","5","10","00","5","1","2","0","1","0","0"
"POINT (13.505192672000021 52.510726050000073)","Unfall 50656 (2019) Kat:3, Licht: 2","50656","3","6","2","09","05","5","1","2","0","1","0","0"
"POINT (13.412057113000060 52.559834438000053)","Unfall 50658 (2019) Kat:2, Licht: 1","50658","2","5","1","05","19","6","1","1","1","1","0","0"
"POINT (13.403362667000067 52.569383721000065)","Unfall 50659 (2019) Kat:3, Licht: 2","50659","3","2","3","07","22","3","0","2","0","1","0","1"
"POINT (13.365534963000073 52.533283910000080)","Unfall 50660 (2019) Kat:3, Licht: 0","50660","3","6","2","04","14","3","0","0","0","1","0","0"
"POINT (13.385497277000070 52.469416677000027)","Unfall 50661 (2019) Kat:3, Licht: 0","50661","3","2","2","11","11","1","1","0","0","1","0","0"
"POINT (13.353573996000023 52.573680765000063)","Unfall 50662 (2019) Kat:3, Licht: 2","50662","3","7","2","06","23","7","0","2","0","0","0","0"
"POINT (13.381289317000039 52.438793993000047)","Unfall 50663 (2019) Kat:3, Licht: 0","50663","3","7","2","09","11","4","0","0","0","1","0","1"
"POINT (13.367359299000043 52.551406092000036)","Unfall 50664 (2019) Kat:3, Licht: 2","50664","3","6","2","12","17","5","0","2","0","1","0","0"
"POINT (13.412322929000027 52.541102569000032)","Unfall 50665 (2019) Kat:3, Licht: 0","50665","3","2","5","07","10","3","0","0","1","1","0","0"
"POINT (13.402573153000048 52.592374703000075)","Unfall 50666 (2019) Kat:3, Licht: 0","50666","3","2","5","04","15","3","0","0","1","1","0","0"
"POINT (13.359227010000041 52.573143454000046)","Unfall 50667 (2019) Kat:3, Licht: 0","50667","3","1","9","07","12","3","0","0","0","1","0","0"
"POINT (13.400261900000032 52.416435011000033)","Unfall 50668 (2019) Kat:3, Licht: 0","50668","3","4","6","04","16","3","0","0","0","1","1","0"
"POINT (13.363487451000026 52.515418276000048)","Unfall 50669 (2019) Kat:3, Licht: 0","50669","3","6","2","06","16","5","0","0","0","1","0","1"
"POINT (13.384741124000072 52.450754693000079)","Unfall 50670 (2019) Kat:3, Licht: 0","50670","3","6","3","09","09","4","0","0","0","1","0","0"
"POINT (13.436512697000069 52.517643613000075)","Unfall 50671 (2019) Kat:3, Licht: 2","50671","3","2","2","12","06","6","2","2","1","1","0","0"
"POINT (13.359181926000076 52.573164978000079)","Unfall 50672 (2019) Kat:2, Licht: 0","50672","2","1","9","05","19","6","1","0","0","1","0","0"
"POINT (13.451460424000061 52.548325695000074)","Unfall 50673 (2019) Kat:3, Licht: 2","50673","3","5","1","07","22","2","1","2","1","1","0","0"
"POINT (13.476333637000039 52.444198122000046)","Unfall 50674 (2019) Kat:2, Licht: 2","50674","2","6","3","11","19","6","1","2","0","1","0","0"
"POINT (13.415914704000045 52.522206813000082)","Unfall 50675 (2019) Kat:3, Licht: 0","50675","3","6","0","07","19","2","1","0","1","1","0","0"
"POINT (13.284412822000036 52.530505287000040)","Unfall 50676 (2019) Kat:3, Licht: 0","50676","3","6","2","04","16","3","0","0","0","1","0","0"
"POINT (13.376099510000074 52.430186948000028)","Unfall 50677 (2019) Kat:2, Licht: 2","50677","2","3","5","10","01","6","1","2","0","1","0","0"
"POINT (13.366549138000039 52.472304125000051)","Unfall 50678 (2019) Kat:3, Licht: 0","50678","3","6","2","09","08","4","0","0","0","1","0","0"
"POINT (13.467542215000037 52.514510393000080)","Unfall 50680 (2019) Kat:3, Licht: 0","50680","3","2","5","05","12","6","0","0","1","1","0","0"
"POINT (13.369816189000062 52.543218877000072)","Unfall 50681 (2019) Kat:3, Licht: 0","50681","3","2","5","07","19","2","1","0","1","1","0","0"
"POINT (13.505127265000056 52.430232398000044)","Unfall 50682 (2019) Kat:3, Licht: 2","50682","3","1","9","04","03","2","0","2","0","1","0","0"
"POINT (13.395258900000044 52.467038634000062)","Unfall 50683 (2019) Kat:3, Licht: 2","50683","3","6","2","11","18","2","1","2","0","1","0","0"
"POINT (13.511749663000046 52.455077704000075)","Unfall 50684 (2019) Kat:3, Licht: 0","50684","3","6","2","06","16","1","0","0","0","0","0","1"
"POINT (13.401911581000036 52.511582574000045)","Unfall 50685 (2019) Kat:3, Licht: 0","50685","3","6","2","09","07","4","0","0","0","0","0","1"
"POINT (13.353993535000029 52.479127817000062)","Unfall 50686 (2019) Kat:3, Licht: 1","50686","3","6","2","12","07","6","1","1","0","1","0","0"
"POINT (13.347033390000036 52.476598916000057)","Unfall 50687 (2019) Kat:3, Licht: 0","50687","3","3","5","07","19","2","1","0","0","1","0","0"
"POINT (13.403384552000034 52.569386714000075)","Unfall 50688 (2019) Kat:3, Licht: 0","50688","3","2","0","04","10","7","0","0","0","1","0","0"
"POINT (13.377185217000033 52.432498949000035)","Unfall 50689 (2019) Kat:3, Licht: 1","50689","3","3","0","10","06","2","1","1","1","0","0","0"
"POINT (13.459107798000048 52.492891534000080)","Unfall 50690 (2019) Kat:3, Licht: 0","50690","3","6","2","09","08","3","0","0","0","1","0","0"
"POINT (13.257730613000035 52.435654903000056)","Unfall 50691 (2019) Kat:3, Licht: 0","50691","3","5","0","07","16","2","0","0","1","1","0","0"
"POINT (13.457155232000048 52.515565788000060)","Unfall 50692 (2019) Kat:3, Licht: 0","50692","3","6","6","04","12","6","0","0","1","0","1","0"
"POINT (13.378298215000029 52.434830807000026)","Unfall 50693 (2019) Kat:3, Licht: 1","50693","3","3","5","10","17","6","1","1","0","1","0","0"
"POINT (13.271388993000073 52.509422311000037)","Unfall 50694 (2019) Kat:3, Licht: 0","50694","3","2","5","06","15","6","0","0","0","1","0","0"
"POINT (13.413738630000068 52.557693482000047)","Unfall 50695 (2019) Kat:3, Licht: 0","50695","3","2","5","09","16","3","0","0","1","1","0","0"
"POINT (13.260211995000077 52.508630898000035)","Unfall 50697 (2019) Kat:3, Licht: 0","50697","3","6","2","05","14","5","0","0","0","1","0","0"
"POINT (13.281647583000051 52.510082019000038)","Unfall 50698 (2019) Kat:3, Licht: 0","50698","3","6","2","04","10","6","0","0","0","0","0","1"
"POINT (13.388468393000039 52.510270108000043)","Unfall 50699 (2019) Kat:3, Licht: 2","50699","3","6","3","11","22","2","0","2","0","1","0","0"
"POINT (13.419883932000062 52.524902870000062)","Unfall 50700 (2019) Kat:3, Licht: 1","50700","3","3","5","05","04","5","0","1","1","1","0","0"
"POINT (13.287093204000030 52.592468569000062)","Unfall 50701 (2019) Kat:3, Licht: 0","50701","3","6","2","11","12","7","0","0","0","1","0","0"
"POINT (13.281782935000024 52.521904157000051)","Unfall 50702 (2019) Kat:3, Licht: 0","50702","3","6","3","07","14","2","0","0","0","1","0","0"
"POINT (13.378309373000036 52.434851997000067)","Unfall 50703 (2019) Kat:3, Licht: 0","50703","3","2","2","04","14","6","0","0","0","0","0","0"
"POINT (13.363925151000046 52.414214549000064)","Unfall 50704 (2019) Kat:2, Licht: 0","50704","2","5","1","10","16","3","0","0","0","1","0","1"
"POINT (13.373051502000067 52.509132828000077)","Unfall 50705 (2019) Kat:3, Licht: 0","50705","3","2","2","09","15","3","0","0","0","0","0","1"
"POINT (13.503080444000034 52.461243675000048)","Unfall 50707 (2019) Kat:3, Licht: 0","50707","3","6","2","07","13","2","0","0","0","1","0","1"
"POINT (13.211946665000028 52.510018045000038)","Unfall 50708 (2019) Kat:3, Licht: 0","50708","3","1","0","04","15","6","0","0","0","0","0","1"
"POINT (13.403508540000075 52.519251555000039)","Unfall 50709 (2019) Kat:2, Licht: 0","50709","2","7","6","09","17","6","0","0","0","0","1","0"
"POINT (13.451888868000026 52.511450163000063)","Unfall 50710 (2019) Kat:3, Licht: 0","50710","3","5","1","06","19","2","0","0","1","1","0","0"
"POINT (13.589034759000072 52.504987819000064)","Unfall 50711 (2019) Kat:3, Licht: 0","50711","3","7","0","09","11","3","0","0","0","1","0","0"
"POINT (13.452565663000030 52.511906035000038)","Unfall 50712 (2019) Kat:3, Licht: 2","50712","3","5","1","12","19","3","0","2","1","1","0","0"
"POINT (13.502835702000027 52.510930457000029)","Unfall 50713 (2019) Kat:3, Licht: 0","50713","3","7","2","05","20","4","0","0","0","1","0","0"
"POINT (13.411228146000042 52.518788918000041)","Unfall 50714 (2019) Kat:3, Licht: 0","50714","3","3","5","07","10","2","0","0","0","1","0","0"
"POINT (13.353166558000055 52.476289849000068)","Unfall 50715 (2019) Kat:3, Licht: 0","50715","3","6","3","04","10","5","0","0","0","1","0","0"
"POINT (13.369202019000056 52.507254266000075)","Unfall 50716 (2019) Kat:3, Licht: 0","50716","3","7","5","11","12","4","1","0","0","1","0","0"
"POINT (13.392361412000071 52.429775146000054)","Unfall 50717 (2019) Kat:2, Licht: 0","50717","2","7","6","11","13","7","0","0","0","1","1","0"
"POINT (13.328461968000056 52.460584211000082)","Unfall 50718 (2019) Kat:2, Licht: 0","50718","2","7","2","07","11","2","0","0","0","1","0","0"
"POINT (13.413691253000025 52.550385251000080)","Unfall 50719 (2019) Kat:3, Licht: 0","50719","3","6","0","04","20","5","0","0","0","0","0","0"
"POINT (13.504459876000055 52.510654279000050)","Unfall 50720 (2019) Kat:3, Licht: 0","50720","3","2","6","10","09","3","0","0","0","1","1","0"
"POINT (13.364062285000045 52.564489570000035)","Unfall 50721 (2019) Kat:3, Licht: 0","50721","3","7","1","09","09","3","0","0","0","1","1","0"
"POINT (13.459227076000047 52.515200926000034)","Unfall 50723 (2019) Kat:3, Licht: 2","50723","3","6","3","05","22","4","0","2","0","1","0","1"
"POINT (13.385868156000072 52.474853417000077)","Unfall 50724 (2019) Kat:3, Licht: 0","50724","3","7","0","07","08","2","0","0","1","0","0","0"
"POINT (13.447475480000037 52.526350818000026)","Unfall 50725 (2019) Kat:3, Licht: 2","50725","3","2","5","04","22","5","0","2","0","1","0","0"
"POINT (13.407332192000069 52.390149710000060)","Unfall 50726 (2019) Kat:3, Licht: 2","50726","3","6","3","11","18","5","1","2","0","1","0","0"
"POINT (13.386127585000054 52.469684152000070)","Unfall 50727 (2019) Kat:3, Licht: 0","50727","3","6","2","06","14","5","0","0","0","1","0","0"
"POINT (13.277772038000023 52.509665630000029)","Unfall 50728 (2019) Kat:3, Licht: 0","50728","3","3","0","09","12","3","0","0","1","1","0","0"
"POINT (13.307438462000050 52.511740955000050)","Unfall 50729 (2019) Kat:3, Licht: 2","50729","3","3","5","12","20","3","1","2","1","1","0","0"
"POINT (13.558003359000054 52.562511323000081)","Unfall 50730 (2019) Kat:2, Licht: 0","50730","2","1","9","07","08","1","0","0","0","1","0","0"
"POINT (13.386085774000037 52.486629085000061)","Unfall 50731 (2019) Kat:3, Licht: 2","50731","3","1","8","10","04","5","0","2","0","1","0","0"
"POINT (13.312311209000029 52.465889727000047)","Unfall 50732 (2019) Kat:3, Licht: 2","50732","3","7","0","07","23","1","0","2","0","1","0","0"
"POINT (13.386073900000042 52.486369263000029)","Unfall 50733 (2019) Kat:3, Licht: 0","50733","3","6","2","09","15","6","1","0","0","1","0","0"
"POINT (13.241820983000025 52.433551741000031)","Unfall 50734 (2019) Kat:3, Licht: 0","50734","3","1","0","04","18","5","0","0","0","0","0","1"
"POINT (13.281461317000037 52.498842843000034)","Unfall 50735 (2019) Kat:3, Licht: 0","50735","3","6","2","10","09","4","0","0","0","1","0","0"
"POINT (13.277760586000056 52.509664851000082)","Unfall 50736 (2019) Kat:3, Licht: 0","50736","3","3","0","09","12","3","0","0","1","1","0","0"
"POINT (13.365754049000032 52.555517746000078)","Unfall 50738 (2019) Kat:3, Licht: 0","50738","3","6","2","05","21","4","0","0","0","1","0","0"
"POINT (13.454233865000049 52.515697100000068)","Unfall 50739 (2019) Kat:3, Licht: 0","50739","3","2","5","07","19","1","0","0","0","1","0","0"
"POINT (13.450037594000037 52.522596092000072)","Unfall 50740 (2019) Kat:3, Licht: 0","50740","3","4","6","04","10","5","0","0","1","0","1","0"
"POINT (13.370571795000046 52.508771868000053)","Unfall 50741 (2019) Kat:2, Licht: 1","50741","2","3","0","11","16","7","0","1","1","0","0","0"
"POINT (13.474231205000024 52.488378530000034)","Unfall 50742 (2019) Kat:2, Licht: 0","50742","2","6","3","06","18","7","0","0","0","1","0","0"
"POINT (13.364867521000065 52.561316008000063)","Unfall 50743 (2019) Kat:3, Licht: 0","50743","3","6","3","12","11","4","0","0","0","1","0","1"
"POINT (13.126275412000041 52.478567976000079)","Unfall 50744 (2019) Kat:2, Licht: 0","50744","2","3","5","07","18","1","0","0","1","1","0","0"
"POINT (13.384467884000060 52.498596478000081)","Unfall 50745 (2019) Kat:3, Licht: 0","50745","3","5","1","04","09","5","0","0","0","1","0","0"
"POINT (13.375524923000057 52.428957753000077)","Unfall 50746 (2019) Kat:3, Licht: 0","50746","3","3","5","10","17","6","0","0","0","1","0","0"
"POINT (13.366712346000043 52.504195666000044)","Unfall 50747 (2019) Kat:3, Licht: 0","50747","3","7","0","09","15","2","1","0","1","0","0","0"
"POINT (13.258151313000042 52.508511315000078)","Unfall 50748 (2019) Kat:3, Licht: 2","50748","3","2","5","07","23","7","0","2","0","1","0","1"
"POINT (13.513105373000030 52.454160424000065)","Unfall 50749 (2019) Kat:2, Licht: 0","50749","2","3","5","04","10","5","0","0","1","1","0","0"
"POINT (13.402515658000027 52.585999762000029)","Unfall 50750 (2019) Kat:3, Licht: 1","50750","3","7","2","10","08","4","1","1","1","1","0","0"
"POINT (13.553390201000070 52.509345523000036)","Unfall 50751 (2019) Kat:2, Licht: 0","50751","2","2","5","06","07","5","0","0","1","1","0","0"
"POINT (13.368377919000068 52.541080777000047)","Unfall 50752 (2019) Kat:3, Licht: 0","50752","3","2","5","09","11","2","1","0","0","1","0","0"
"POINT (13.407361652000077 52.389508993000049)","Unfall 50753 (2019) Kat:3, Licht: 0","50753","3","5","1","12","14","5","1","0","0","1","0","0"
"POINT (13.473780701000067 52.513873360000048)","Unfall 50754 (2019) Kat:3, Licht: 0","50754","3","6","2","05","10","4","0","0","0","1","0","1"
"POINT (13.365506835000076 52.557945016000076)","Unfall 50755 (2019) Kat:3, Licht: 0","50755","3","6","2","04","17","5","0","0","0","1","0","0"
"POINT (13.364430349000031 52.534404755000082)","Unfall 50756 (2019) Kat:3, Licht: 2","50756","3","1","8","11","05","1","1","2","0","1","0","0"
"POINT (13.325689175000036 52.512934593000068)","Unfall 50757 (2019) Kat:3, Licht: 0","50757","3","7","5","05","11","4","0","0","1","1","0","0"
"POINT (13.403378080000039 52.569385829000055)","Unfall 50758 (2019) Kat:3, Licht: 2","50758","3","2","5","11","18","5","1","2","1","1","0","0"
"POINT (13.299218284000062 52.511200088000066)","Unfall 50759 (2019) Kat:2, Licht: 2","50759","2","1","0","07","22","7","0","2","1","0","0","0"
"POINT (13.540279853000072 52.509998265000036)","Unfall 50760 (2019) Kat:2, Licht: 0","50760","2","2","5","04","07","4","0","0","0","1","0","1"
"POINT (13.401691883000069 52.589954208000051)","Unfall 50761 (2019) Kat:3, Licht: 0","50761","3","2","5","10","14","1","0","0","1","1","0","0"
"POINT (13.280288249000023 52.501667329000043)","Unfall 50762 (2019) Kat:3, Licht: 2","50762","3","1","9","09","23","2","1","2","0","1","0","0"
"POINT (13.278529417000072 52.509880279000072)","Unfall 50764 (2019) Kat:3, Licht: 0","50764","3","6","3","05","17","4","0","0","0","1","0","0"
"POINT (13.451964619000023 52.516090315000042)","Unfall 50765 (2019) Kat:3, Licht: 0","50765","3","6","3","07","10","7","0","0","1","1","0","0"
"POINT (13.181751920000067 52.516101765000030)","Unfall 50766 (2019) Kat:3, Licht: 0","50766","3","6","2","04","11","4","0","0","0","1","0","0"
"POINT (13.387920783000027 52.493471780000050)","Unfall 50767 (2019) Kat:3, Licht: 2","50767","3","7","0","10","20","7","0","2","0","0","0","1"
"POINT (13.359114617000046 52.474338999000054)","Unfall 50768 (2019) Kat:3, Licht: 2","50768","3","3","5","09","21","2","1","2","0","1","0","0"
"POINT (13.413725281000040 52.550571973000046)","Unfall 50769 (2019) Kat:3, Licht: 0","50769","3","6","2","07","10","7","0","0","0","1","0","1"
"POINT (13.245375905000060 52.507720985000049)","Unfall 50770 (2019) Kat:3, Licht: 0","50770","3","6","2","04","12","4","0","0","0","1","0","0"
"POINT (13.368894529000045 52.539062440000066)","Unfall 50771 (2019) Kat:3, Licht: 2","50771","3","6","2","10","06","4","1","2","0","1","0","0"
"POINT (13.370192318000022 52.539956283000038)","Unfall 50772 (2019) Kat:3, Licht: 0","50772","3","2","5","06","08","6","0","0","1","1","0","0"
"POINT (13.285117714000023 52.510971002000076)","Unfall 50773 (2019) Kat:3, Licht: 2","50773","3","3","5","09","19","2","1","2","0","1","0","0"
"POINT (13.401805601000035 52.586955955000064)","Unfall 50774 (2019) Kat:3, Licht: 0","50774","3","6","4","12","07","7","0","0","0","1","0","0"