WKT,Name,OBJECTID,UKATEGORIE,UTYP1,UART,UMONAT,USTUNDE,UWOCHENTAG,STRZUSTAND,ULICHTVERH,ISTRAD,ISTPKW,ISTFUSS,ISTKRAD
"POINT (13.413457675000075 52.558674254000039)","Unfall 50775 (2019) Kat:3, Licht: 0","50775","3","2","5","05","13","4","0","0","0","1","0","0"
"POINT (13.406745693000062 52.462021351000033)","Unfall 50776 (2019) Kat:3, Licht: 0","50776","3","6","3","04","13","4","0","0","0","1","0","0"
"POINT (13.248006883000073 52.614380562000065)","Unfall 50777 (2019) Kat:3, Licht: 0","50777","3","6","2","11","14","1","0","0","0","1","0","0"
"POINT (13.410515321000048 52.460029190000057)","Unfall 50778 (2019) Kat:2, Licht: 0","50778","2","1","9","05","15","4","0","0","0","0","0","1"
"POINT (13.383434832000034 52.469625361000055)","Unfall 50779 (2019) Kat:2, Licht: 0","50779","2","1","0","11","13","7","1","0","0","0","0","1"
"POINT (13.513175822000051 52.454112592000058)","Unfall 50780 (2019) Kat:2, Licht: 2","50780","2","3","5","07","00","7","0","2","1","0","0","1"
"POINT (13.364416343000073 52.563727472000039)","Unfall 50781 (2019) Kat:3, Licht: 0","50781","3","2","0","04","14","4","0","0","1","0","0","0"
"POINT (13.294455655000036 52.510887710000077)","Unfall 50782 (2019) Kat:3, Licht: 0","50782","3","6","2","10","13","2","0","0","1","1","0","0"
"POINT (13.260018340000045 52.508621080000069)","Unfall 50783 (2019) Kat:3, Licht: 0","50783","3","1","4","09","15","2","1","0","0","1","0","0"
"POINT (13.392712580000023 52.429770020000035)","Unfall 50785 (2019) Kat:3, Licht: 0","50785","3","3","5","05","07","4","0","0","1","0","0","0"
"POINT (13.402914742000064 52.518962406000071)","Unfall 50786 (2019) Kat:2, Licht: 2","50786","2","7","0","07","23","6","0","2","0","0","0","1"
"POINT (13.372283903000039 52.505009686000051)","Unfall 50787 (2019) Kat:3, Licht: 0","50787","3","6","2","04","15","4","0","0","0","1","0","0"
"POINT (13.398314101000039 52.579304382000032)","Unfall 50788 (2019) Kat:2, Licht: 0","50788","2","3","0","06","14","2","0","0","0","0","0","1"
"POINT (13.389142661000051 52.498005650000039)","Unfall 50789 (2019) Kat:3, Licht: 0","50789","3","6","2","09","09","2","1","0","0","1","0","0"
"POINT (13.404588520000061 52.513129178000042)","Unfall 50790 (2019) Kat:3, Licht: 2","50790","3","3","5","12","19","2","1","2","1","1","0","0"
"POINT (13.454219734000048 52.515829657000040)","Unfall 50791 (2019) Kat:3, Licht: 0","50791","3","2","5","05","09","4","0","0","1","0","0","0"
"POINT (13.385893822000071 52.475935069000059)","Unfall 50792 (2019) Kat:3, Licht: 0","50792","3","5","1","07","12","6","0","0","0","1","0","0"
"POINT (13.312174729000049 52.511855440000033)","Unfall 50793 (2019) Kat:3, Licht: 0","50793","3","6","3","04","17","3","0","0","0","1","0","1"
"POINT (13.303102759000069 52.449034272000063)","Unfall 50794 (2019) Kat:3, Licht: 0","50794","3","6","2","11","14","3","1","0","0","1","0","0"
"POINT (13.370572471000060 52.539974795000035)","Unfall 50795 (2019) Kat:2, Licht: 0","50795","2","3","5","11","13","6","0","0","0","1","0","0"
"POINT (13.301159380000058 52.511137544000064)","Unfall 50796 (2019) Kat:3, Licht: 0","50796","3","6","2","07","12","6","0","0","0","1","0","0"
"POINT (13.337244557000076 52.478173211000069)","Unfall 50797 (2019) Kat:3, Licht: 2","50797","3","6","2","04","21","3","0","2","0","1","0","0"
"POINT (13.314306100000067 52.453082460000076)","Unfall 50798 (2019) Kat:3, Licht: 0","50798","3","7","5","10","15","2","0","0","0","1","0","0"
"POINT (13.460814785000025 52.493926738000027)","Unfall 50799 (2019) Kat:3, Licht: 0","50799","3","6","3","09","08","2","1","0","0","1","0","0"
"POINT (13.228889482000056 52.506729796000059)","Unfall 50801 (2019) Kat:2, Licht: 0","50801","2","7","5","05","07","4","0","0","0","1","0","1"
"POINT (13.226336720000063 52.507116313000040)","Unfall 50802 (2019) Kat:3, Licht: 0","50802","3","6","2","07","18","6","0","0","0","1","0","0"
"POINT (13.481034557000044 52.513144551000039)","Unfall 50803 (2019) Kat:3, Licht: 2","50803","3","5","1","04","20","3","0","2","0","1","0","1"
"POINT (13.438863858000047 52.517256266000061)","Unfall 50804 (2019) Kat:3, Licht: 2","50804","3","6","3","11","21","4","0","2","0","1","0","0"
"POINT (13.277827213000023 52.509835069000076)","Unfall 50805 (2019) Kat:3, Licht: 0","50805","3","2","5","06","13","4","0","0","0","1","0","0"
"POINT (13.388105089000021 52.437629115000050)","Unfall 50806 (2019) Kat:3, Licht: 0","50806","3","6","2","09","14","2","1","0","0","1","0","1"
"POINT (13.303049749000024 52.485665946000040)","Unfall 50807 (2019) Kat:3, Licht: 2","50807","3","6","2","12","17","2","1","2","0","1","0","0"
"POINT (13.412458746000027 52.519473786000049)","Unfall 50808 (2019) Kat:3, Licht: 1","50808","3","1","0","07","20","6","0","1","0","0","0","0"
"POINT (13.470263625000030 52.447326859000043)","Unfall 50809 (2019) Kat:3, Licht: 2","50809","3","6","2","10","18","4","0","2","0","1","0","0"
"POINT (13.452631601000064 52.518236388000048)","Unfall 50810 (2019) Kat:3, Licht: 2","50810","3","1","9","09","00","1","0","2","0","1","0","0"
"POINT (13.285149183000044 52.531408504000069)","Unfall 50811 (2019) Kat:3, Licht: 0","50811","3","6","2","07","09","6","0","0","0","1","0","0"
"POINT (13.467500935000032 52.555194106000044)","Unfall 50812 (2019) Kat:3, Licht: 0","50812","3","3","5","04","19","3","0","0","0","1","0","0"
"POINT (13.178785742000059 52.516455380000082)","Unfall 50813 (2019) Kat:3, Licht: 0","50813","3","6","2","10","11","3","1","0","0","1","0","0"
"POINT (13.394719057000032 52.425586303000046)","Unfall 50814 (2019) Kat:3, Licht: 0","50814","3","1","1","09","04","1","0","0","0","1","0","0"
"POINT (13.299324891000026 52.533982246000051)","Unfall 50816 (2019) Kat:3, Licht: 0","50816","3","1","8","05","08","4","0","0","0","0","0","1"
"POINT (13.449832027000070 52.516301301000055)","Unfall 50817 (2019) Kat:3, Licht: 2","50817","3","6","3","07","02","6","0","2","0","0","0","0"
"POINT (13.314939138000057 52.512228945000061)","Unfall 50818 (2019) Kat:3, Licht: 0","50818","3","3","5","04","18","3","0","0","1","1","0","0"
"POINT (13.410900943000058 52.523328864000064)","Unfall 50819 (2019) Kat:3, Licht: 2","50819","3","3","0","11","04","7","1","2","0","0","0","0"
"POINT (13.368335440000067 52.541111075000060)","Unfall 50820 (2019) Kat:3, Licht: 0","50820","3","2","5","05","09","3","0","0","1","1","0","0"
"POINT (13.460232659000042 52.515244554000049)","Unfall 50821 (2019) Kat:3, Licht: 1","50821","3","2","5","12","07","3","0","1","1","1","0","0"
"POINT (13.558281120000061 52.562885003000076)","Unfall 50822 (2019) Kat:3, Licht: 0","50822","3","3","5","07","11","5","0","0","0","1","0","0"
"POINT (13.461532956000042 52.494774787000040)","Unfall 50823 (2019) Kat:3, Licht: 0","50823","3","7","4","04","17","3","0","0","1","1","0","0"
"POINT (13.453727467000022 52.515975292000064)","Unfall 50824 (2019) Kat:3, Licht: 0","50824","3","2","5","10","11","6","0","0","1","0","0","0"
"POINT (13.459884450000061 52.515135447000034)","Unfall 50825 (2019) Kat:2, Licht: 2","50825","2","4","6","09","20","7","0","2","0","1","1","0"
"POINT (13.309502292000047 52.535692274000041)","Unfall 50826 (2019) Kat:2, Licht: 2","50826","2","1","3","07","23","5","0","2","0","1","0","0"
"POINT (13.398151815000062 52.571176071000082)","Unfall 50827 (2019) Kat:3, Licht: 0","50827","3","2","5","04","07","3","0","0","1","1","0","0"
"POINT (13.416756061000058 52.522075194000081)","Unfall 50828 (2019) Kat:3, Licht: 0","50828","3","2","5","10","09","3","1","0","1","1","0","0"
"POINT (13.283906751000075 52.517259663000061)","Unfall 50829 (2019) Kat:3, Licht: 0","50829","3","6","2","06","18","4","0","0","0","1","0","0"
"POINT (13.340613713000039 52.478746157000046)","Unfall 50830 (2019) Kat:3, Licht: 0","50830","3","6","3","09","12","7","0","0","0","1","0","0"
"POINT (13.367274503000033 52.551539115000082)","Unfall 50831 (2019) Kat:3, Licht: 2","50831","3","2","6","12","16","2","0","2","0","1","1","0"
"POINT (13.368335440000067 52.541111075000060)","Unfall 50832 (2019) Kat:3, Licht: 0","50832","3","2","5","05","08","3","0","0","1","0","0","0"
"POINT (13.436435826000036 52.517503684000076)","Unfall 50833 (2019) Kat:2, Licht: 0","50833","2","4","6","04","17","3","0","0","1","0","1","0"
"POINT (13.282464136000044 52.441690614000038)","Unfall 50834 (2019) Kat:3, Licht: 0","50834","3","2","0","11","10","7","1","0","1","1","0","0"
"POINT (13.416384431000040 52.522004399000082)","Unfall 50835 (2019) Kat:3, Licht: 0","50835","3","2","2","05","08","3","0","0","1","0","0","0"
"POINT (13.378863251000041 52.469936395000047)","Unfall 50836 (2019) Kat:3, Licht: 2","50836","3","6","2","11","17","4","1","2","0","1","0","0"
"POINT (13.446645059000048 52.527573311000026)","Unfall 50837 (2019) Kat:3, Licht: 0","50837","3","6","3","07","16","5","0","0","1","1","0","0"
"POINT (13.354145936000066 52.479009536000035)","Unfall 50838 (2019) Kat:3, Licht: 0","50838","3","2","5","04","17","3","0","0","0","1","0","1"
"POINT (13.318996095000045 52.610747261000029)","Unfall 50839 (2019) Kat:3, Licht: 0","50839","3","3","5","10","09","6","0","0","0","1","0","1"
"POINT (13.360988098000064 52.493456313000081)","Unfall 50840 (2019) Kat:3, Licht: 0","50840","3","3","5","09","12","7","0","0","0","1","0","1"
"POINT (13.366131314000029 52.554612703000032)","Unfall 50842 (2019) Kat:3, Licht: 0","50842","3","4","6","05","17","3","0","0","1","1","1","0"
"POINT (13.403690940000047 52.569087173000071)","Unfall 50843 (2019) Kat:3, Licht: 0","50843","3","6","2","07","13","5","0","0","0","1","0","0"
"POINT (13.384375033000026 52.452655941000046)","Unfall 50844 (2019) Kat:3, Licht: 0","50844","3","2","5","04","12","2","0","0","0","1","0","0"
"POINT (13.141642291000039 52.490020060000063)","Unfall 50845 (2019) Kat:3, Licht: 0","50845","3","6","4","06","12","7","0","0","1","0","0","0"
"POINT (13.386568639000075 52.490728817000047)","Unfall 50846 (2019) Kat:3, Licht: 0","50846","3","6","2","09","11","7","0","0","0","1","0","0"
"POINT (13.385496940000053 52.469391153000061)","Unfall 50847 (2019) Kat:3, Licht: 2","50847","3","3","5","12","03","1","1","2","0","1","0","0"
"POINT (13.424192686000026 52.539296737000029)","Unfall 50848 (2019) Kat:2, Licht: 0","50848","2","2","0","05","11","3","0","0","0","1","0","1"
"POINT (13.348398090000046 52.481925301000047)","Unfall 50849 (2019) Kat:3, Licht: 0","50849","3","2","2","07","08","5","0","0","1","1","0","0"
"POINT (13.363675160000071 52.565222875000075)","Unfall 50850 (2019) Kat:2, Licht: 2","50850","2","1","1","11","00","1","1","2","0","1","0","0"
"POINT (13.453758981000021 52.515866798000047)","Unfall 50851 (2019) Kat:3, Licht: 0","50851","3","2","5","07","06","5","0","0","0","1","0","0"
"POINT (13.363751413000045 52.565077535000057)","Unfall 50852 (2019) Kat:3, Licht: 2","50852","3","3","0","04","22","2","0","2","0","1","0","1"
"POINT (13.387319198000057 52.440174297000056)","Unfall 50853 (2019) Kat:3, Licht: 0","50853","3","3","5","10","13","7","0","0","1","1","0","0"
"POINT (13.286762207000038 52.510237222000057)","Unfall 50854 (2019) Kat:3, Licht: 2","50854","3","1","0","09","20","6","0","2","1","1","0","0"
"POINT (13.358702944000072 52.408355255000060)","Unfall 50856 (2019) Kat:2, Licht: 0","50856","2","7","0","05","10","2","0","0","1","0","0","0"
"POINT (13.360013583000068 52.571900990000074)","Unfall 50857 (2019) Kat:3, Licht: 0","50857","3","5","1","07","17","4","0","0","1","1","0","0"
"POINT (13.406396527000027 52.520711010000070)","Unfall 50858 (2019) Kat:3, Licht: 0","50858","3","5","0","04","18","2","0","0","1","0","0","0"
"POINT (13.205970601000047 52.511220029000071)","Unfall 50859 (2019) Kat:1, Licht: 1","50859","1","4","6","11","17","3","1","1","0","1","1","0"
"POINT (13.419511460000024 52.525102163000042)","Unfall 50860 (2019) Kat:3, Licht: 0","50860","3","2","5","06","11","3","0","0","1","1","0","0"
"POINT (13.208085950000054 52.446782308000081)","Unfall 50861 (2019) Kat:3, Licht: 0","50861","3","6","3","09","06","6","0","0","0","1","0","0"
"POINT (13.282955189000063 52.528624275000027)","Unfall 50862 (2019) Kat:2, Licht: 2","50862","2","6","2","12","18","6","1","2","0","1","0","0"
"POINT (13.452373125000065 52.519166989000041)","Unfall 50863 (2019) Kat:3, Licht: 0","50863","3","1","0","07","15","4","0","0","1","0","0","0"
"POINT (13.513613112000030 52.454007542000056)","Unfall 50864 (2019) Kat:3, Licht: 0","50864","3","6","2","10","13","3","0","0","0","1","0","0"
"POINT (13.280073049000066 52.501696369000058)","Unfall 50865 (2019) Kat:3, Licht: 0","50865","3","6","3","09","13","6","0","0","0","1","0","0"
"POINT (13.308628716000044 52.556943298000078)","Unfall 50866 (2019) Kat:3, Licht: 0","50866","3","6","2","06","15","7","0","0","0","1","0","0"
"POINT (13.300778278000053 52.548421499000028)","Unfall 50867 (2019) Kat:3, Licht: 0","50867","3","6","0","09","13","6","0","0","0","0","0","0"
"POINT (13.364168974000052 52.563837926000076)","Unfall 50868 (2019) Kat:3, Licht: 0","50868","3","6","3","12","13","2","0","0","0","1","0","0"
"POINT (13.386055408000061 52.485964659000047)","Unfall 50869 (2019) Kat:3, Licht: 0","50869","3","6","3","05","09","2","0","0","1","1","0","0"
"POINT (13.449158901000033 52.605437879000078)","Unfall 50870 (2019) Kat:2, Licht: 0","50870","2","7","2","07","19","4","0","0","0","1","0","0"
"POINT (13.175981906000061 52.514611020000075)","Unfall 50871 (2019) Kat:3, Licht: 0","50871","3","7","0","04","15","2","0","0","0","1","0","0"
"POINT (13.387742670000023 52.438771738000071)","Unfall 50872 (2019) Kat:3, Licht: 0","50872","3","6","0","11","12","2","1","0","0","1","0","1"
"POINT (13.386536988000046 52.442615196000077)","Unfall 50873 (2019) Kat:3, Licht: 0","50873","3","6","2","07","07","4","0","0","0","1","0","0"
"POINT (13.291406560000041 52.510529174000055)","Unfall 50874 (2019) Kat:3, Licht: 0","50874","3","2","5","04","08","2","0","0","1","1","0","0"
"POINT (13.385457373000065 52.463202492000050)","Unfall 50875 (2019) Kat:3, Licht: 0","50875","3","7","0","10","17","1","0","0","1","1","0","0"
"POINT (13.360996756000077 52.569965121000052)","Unfall 50876 (2019) Kat:3, Licht: 0","50876","3","7","6","09","12","6","0","0","0","0","1","0"
"POINT (13.315064769000060 52.512237279000033)","Unfall 50878 (2019) Kat:3, Licht: 0","50878","3","4","6","05","15","1","0","0","1","0","1","0"
"POINT (13.318120141000065 52.478349897000044)","Unfall 50879 (2019) Kat:3, Licht: 0","50879","3","6","2","07","15","4","0","0","0","1","0","0"
"POINT (13.470720150000034 52.514191113000038)","Unfall 50880 (2019) Kat:3, Licht: 0","50880","3","3","5","04","08","2","0","0","1","1","0","0"
"POINT (13.402787054000044 52.593156955000040)","Unfall 50881 (2019) Kat:3, Licht: 2","50881","3","3","0","11","22","3","1","2","1","1","0","0"
"POINT (13.412509223000029 52.543381956000076)","Unfall 50882 (2019) Kat:2, Licht: 0","50882","2","3","5","06","07","4","0","0","1","0","0","0"
"POINT (13.281263707000051 52.499079263000056)","Unfall 50883 (2019) Kat:3, Licht: 0","50883","3","6","2","09","12","6","0","0","0","1","0","0"
"POINT (13.451579901000059 52.509729059000051)","Unfall 50884 (2019) Kat:3, Licht: 0","50884","3","5","1","12","13","7","0","0","1","1","0","0"
"POINT (13.465107504000059 52.486667605000036)","Unfall 50885 (2019) Kat:3, Licht: 0","50885","3","2","5","07","16","4","0","0","0","1","0","0"
"POINT (13.360325387000046 52.571290192000049)","Unfall 50886 (2019) Kat:3, Licht: 0","50886","3","6","3","10","09","4","0","0","0","1","0","0"
"POINT (13.361885660000041 52.413740142000051)","Unfall 50887 (2019) Kat:3, Licht: 0","50887","3","7","8","09","15","6","0","0","0","1","0","0"
"POINT (13.385750950000045 52.479735485000049)","Unfall 50888 (2019) Kat:3, Licht: 0","50888","3","6","3","07","14","4","0","0","0","1","0","1"
"POINT (13.323900708000053 52.607781078000073)","Unfall 50889 (2019) Kat:3, Licht: 2","50889","3","2","5","04","00","1","0","2","1","1","0","0"
"POINT (13.289241447000052 52.510391982000044)","Unfall 50890 (2019) Kat:3, Licht: 2","50890","3","2","5","10","00","3","0","2","0","1","0","0"
"POINT (13.281534760000056 52.505182313000034)","Unfall 50891 (2019) Kat:3, Licht: 0","50891","3","6","2","06","13","2","0","0","0","1","0","0"
"POINT (13.493494262000070 52.511711426000033)","Unfall 50892 (2019) Kat:3, Licht: 2","50892","3","2","5","09","20","5","0","2","1","1","0","0"
"POINT (13.554888439000024 52.558555777000038)","Unfall 50894 (2019) Kat:3, Licht: 2","50894","3","4","6","05","02","1","0","2","0","0","1","0"
"POINT (13.561080134000065 52.508633620000069)","Unfall 50895 (2019) Kat:3, Licht: 0","50895","3","6","2","07","19","4","0","0","0","1","0","0"
"POINT (13.305775643000061 52.483530056000063)","Unfall 50896 (2019) Kat:3, Licht: 0","50896","3","6","2","04","13","7","0","0","0","1","0","0"
"POINT (13.128911362000053 52.480112064000082)","Unfall 50897 (2019) Kat:2, Licht: 1","50897","2","6","4","11","07","5","0","1","1","0","0","0"
"POINT (13.295986653000057 52.541389240000058)","Unfall 50898 (2019) Kat:3, Licht: 0","50898","3","6","2","05","17","1","0","0","0","1","0","0"
"POINT (13.289303040000050 52.510395886000026)","Unfall 50899 (2019) Kat:3, Licht: 2","50899","3","2","5","12","16","3","1","2","1","1","0","0"
"POINT (13.450984124000058 52.516187019000029)","Unfall 50900 (2019) Kat:3, Licht: 0","50900","3","6","2","07","20","3","0","0","0","1","0","0"
"POINT (13.301585695000028 52.511166395000032)","Unfall 50901 (2019) Kat:3, Licht: 2","50901","3","3","5","04","01","7","0","2","0","1","0","0"
"POINT (13.460218340000040 52.515246025000067)","Unfall 50902 (2019) Kat:2, Licht: 0","50902","2","2","0","10","08","5","1","0","1","1","0","0"
"POINT (13.413759462000030 52.550769775000049)","Unfall 50903 (2019) Kat:3, Licht: 1","50903","3","2","5","09","06","5","0","1","1","0","0","0"
"POINT (13.413462339000034 52.540814526000077)","Unfall 50905 (2019) Kat:3, Licht: 0","50905","3","5","1","07","18","3","0","0","1","1","0","0"
"POINT (13.460174607000056 52.515250516000037)","Unfall 50906 (2019) Kat:3, Licht: 2","50906","3","4","6","04","00","7","0","2","0","1","1","0"
"POINT (13.307105299000057 52.476028629000041)","Unfall 50907 (2019) Kat:3, Licht: 0","50907","3","1","8","09","17","2","1","0","0","1","0","0"
"POINT (13.445117100000061 52.516773682000064)","Unfall 50908 (2019) Kat:3, Licht: 0","50908","3","6","2","06","05","4","0","0","0","1","0","0"
"POINT (13.289230899000074 52.510557557000027)","Unfall 50909 (2019) Kat:3, Licht: 0","50909","3","2","5","09","11","5","0","0","1","1","0","0"
"POINT (13.424820298000043 52.519326206000073)","Unfall 50910 (2019) Kat:3, Licht: 2","50910","3","6","2","12","17","6","0","2","1","0","0","0"
"POINT (13.281220390000044 52.509888434000061)","Unfall 50911 (2019) Kat:3, Licht: 2","50911","3","1","0","05","00","1","0","2","1","0","0","0"
"POINT (13.345948887000077 52.580231932000061)","Unfall 50912 (2019) Kat:3, Licht: 0","50912","3","3","5","07","16","3","0","0","1","1","0","0"
"POINT (13.454234510000049 52.515761776000033)","Unfall 50913 (2019) Kat:2, Licht: 0","50913","2","3","5","04","11","7","0","0","0","1","0","0"
"POINT (13.465800162000050 52.514685221000036)","Unfall 50914 (2019) Kat:3, Licht: 0","50914","3","7","6","11","09","6","0","0","1","0","1","0"
"POINT (13.370537793000040 52.508754751000026)","Unfall 50915 (2019) Kat:3, Licht: 0","50915","3","2","5","09","06","5","1","0","1","1","0","0"
"POINT (13.424368794000031 52.539259309000045)","Unfall 50916 (2019) Kat:3, Licht: 2","50916","3","2","2","11","16","3","0","2","0","1","0","0"
"POINT (13.341928534000033 52.585472310000057)","Unfall 50917 (2019) Kat:3, Licht: 0","50917","3","3","5","07","14","3","0","0","0","1","0","0"
"POINT (13.413689027000032 52.557772538000052)","Unfall 50918 (2019) Kat:3, Licht: 0","50918","3","2","5","04","15","6","0","0","0","1","0","0"
"POINT (13.363363172000049 52.515410051000060)","Unfall 50919 (2019) Kat:3, Licht: 0","50919","3","4","6","10","17","5","0","0","1","0","1","0"
"POINT (13.459577477000039 52.492763244000059)","Unfall 50920 (2019) Kat:3, Licht: 0","50920","3","7","6","09","16","4","0","0","0","0","1","0"
"POINT (13.365501052000070 52.557973393000054)","Unfall 50922 (2019) Kat:3, Licht: 0","50922","3","3","5","05","11","7","0","0","0","1","0","1"
"POINT (13.362411927000039 52.567274430000055)","Unfall 50923 (2019) Kat:3, Licht: 0","50923","3","4","6","07","14","3","0","0","1","0","1","0"
"POINT (13.536928542000055 52.534135167000045)","Unfall 50924 (2019) Kat:3, Licht: 0","50924","3","6","1","04","09","6","0","0","0","1","0","0"
"POINT (13.340708996000046 52.587048694000032)","Unfall 50925 (2019) Kat:3, Licht: 0","50925","3","6","2","06","11","6","0","0","0","1","0","0"
"POINT (13.395575044000054 52.467058934000079)","Unfall 50926 (2019) Kat:3, Licht: 0","50926","3","6","2","09","10","4","0","0","0","1","0","0"
"POINT (13.167974730000026 52.420525129000055)","Unfall 50927 (2019) Kat:3, Licht: 2","50927","3","2","0","12","17","6","0","2","1","1","0","0"
"POINT (13.413193073000059 52.558595798000056)","Unfall 50928 (2019) Kat:3, Licht: 0","50928","3","6","6","05","11","7","0","0","1","0","1","0"
"POINT (13.455371665000030 52.549332954000079)","Unfall 50929 (2019) Kat:3, Licht: 0","50929","3","6","3","07","12","3","0","0","1","1","0","0"
"POINT (13.347838094000053 52.574281203000055)","Unfall 50930 (2019) Kat:3, Licht: 2","50930","3","2","3","11","00","7","1","2","0","1","0","0"
"POINT (13.397186360000035 52.517584859000067)","Unfall 50931 (2019) Kat:2, Licht: 0","50931","2","4","6","07","07","3","0","0","0","0","1","0"
"POINT (13.479463987000031 52.484511323000049)","Unfall 50932 (2019) Kat:3, Licht: 0","50932","3","2","2","04","12","6","0","0","0","1","0","0"
"POINT (13.427660620000040 52.628049775000079)","Unfall 50933 (2019) Kat:3, Licht: 0","50933","3","7","0","10","07","6","0","0","0","1","0","0"
"POINT (13.465512828000044 52.514568298000029)","Unfall 50934 (2019) Kat:3, Licht: 0","50934","3","5","1","09","09","4","0","0","0","1","0","1"
"POINT (13.365983343000039 52.554349870000067)","Unfall 50936 (2019) Kat:3, Licht: 2","50936","3","6","2","05","03","7","0","2","1","1","0","0"
"POINT (13.496436768000024 52.465549572000043)","Unfall 50937 (2019) Kat:3, Licht: 0","50937","3","1","0","07","10","3","0","0","1","0","0","0"
"POINT (13.426368826000044 52.530265220000047)","Unfall 50938 (2019) Kat:3, Licht: 2","50938","3","5","1","04","23","6","0","2","1","1","0","0"
"POINT (13.416847198000028 52.540437775000044)","Unfall 50939 (2019) Kat:3, Licht: 0","50939","3","5","1","11","14","2","1","0","1","1","0","0"
"POINT (13.286135433000027 52.593832833000079)","Unfall 50940 (2019) Kat:3, Licht: 0","50940","3","6","2","06","06","3","0","0","0","1","0","0"
"POINT (13.364110668000023 52.564398057000062)","Unfall 50941 (2019) Kat:3, Licht: 0","50941","3","2","5","09","14","4","1","0","1","1","0","0"
"POINT (13.427201904000071 52.530975949000037)","Unfall 50942 (2019) Kat:3, Licht: 1","50942","3","5","1","12","15","6","1","1","1","1","0","0"
"POINT (13.365516789000026 52.557896161000031)","Unfall 50943 (2019) Kat:3, Licht: 0","50943","3","4","0","07","16","3","0","0","1","0","1","0"
"POINT (13.427904418000026 52.561544639000033)","Unfall 50944 (2019) Kat:3, Licht: 0","50944","3","3","5","04","16","6","0","0","1","1","0","0"
"POINT (13.388665006000053 52.510281841000051)","Unfall 50945 (2019) Kat:3, Licht: 0","50945","3","6","3","10","11","2","0","0","0","1","0","1"
"POINT (13.332686286000069 52.464009724000050)","Unfall 50946 (2019) Kat:2, Licht: 0","50946","2","1","0","09","14","3","0","0","0","0","0","1"
"POINT (13.282788190000076 52.528724121000039)","Unfall 50947 (2019) Kat:3, Licht: 0","50947","3","6","2","07","10","3","0","0","0","1","0","0"
"POINT (13.429698011000028 52.554079665000074)","Unfall 50948 (2019) Kat:3, Licht: 0","50948","3","6","2","04","07","6","0","0","0","1","0","0"
"POINT (13.365484115000072 52.558077140000080)","Unfall 50949 (2019) Kat:3, Licht: 2","50949","3","3","5","10","20","7","0","2","1","0","0","0"
"POINT (13.460082779000061 52.515115691000062)","Unfall 50950 (2019) Kat:3, Licht: 0","50950","3","2","5","06","07","7","0","0","0","1","0","0"
"POINT (13.177139778000026 52.419388475000062)","Unfall 50951 (2019) Kat:3, Licht: 0","50951","3","2","5","09","17","3","0","0","1","1","0","0"
"POINT (13.388162033000071 52.493818944000054)","Unfall 50953 (2019) Kat:2, Licht: 0","50953","2","4","6","05","14","7","0","0","0","1","1","0"
"POINT (13.558168388000070 52.562744476000034)","Unfall 50954 (2019) Kat:2, Licht: 0","50954","2","3","5","04","09","5","0","0","0","1","0","0"
"POINT (13.460202804000062 52.492582185000060)","Unfall 50955 (2019) Kat:2, Licht: 1","50955","2","6","4","11","16","3","0","1","1","0","0","0"
"POINT (13.414618178000069 52.556203636000077)","Unfall 50956 (2019) Kat:3, Licht: 2","50956","3","3","5","05","23","6","0","2","1","1","0","0"
"POINT (13.351456485000028 52.483547333000047)","Unfall 50957 (2019) Kat:3, Licht: 2","50957","3","6","3","12","03","1","0","2","0","1","0","0"
"POINT (13.398466034000023 52.576318756000035)","Unfall 50958 (2019) Kat:3, Licht: 0","50958","3","6","2","07","08","3","0","0","0","1","0","0"
"POINT (13.357202327000039 52.473792246000073)","Unfall 50959 (2019) Kat:3, Licht: 0","50959","3","6","2","04","08","5","0","0","0","1","0","0"
"POINT (13.356959462000077 52.486910884000054)","Unfall 50960 (2019) Kat:2, Licht: 1","50960","2","5","1","10","17","3","0","1","1","1","0","0"
"POINT (13.303553844000021 52.551454970000066)","Unfall 50961 (2019) Kat:3, Licht: 0","50961","3","1","9","09","17","3","0","0","0","1","0","0"
"POINT (13.415861044000053 52.540391716000045)","Unfall 50963 (2019) Kat:3, Licht: 0","50963","3","5","1","07","08","3","0","0","1","1","0","0"
"POINT (13.347844147000046 52.574471232000064)","Unfall 50964 (2019) Kat:2, Licht: 0","50964","2","2","6","04","17","5","0","0","0","1","1","0"
"POINT (13.355684577000034 52.473730854000053)","Unfall 50965 (2019) Kat:3, Licht: 0","50965","3","6","2","09","14","7","0","0","0","1","0","0"
"POINT (13.395199195000032 52.467063495000048)","Unfall 50966 (2019) Kat:2, Licht: 0","50966","2","1","0","06","07","3","0","0","0","0","0","1"
"POINT (13.398262658000021 52.577651386000070)","Unfall 50967 (2019) Kat:3, Licht: 0","50967","3","2","5","09","09","3","0","0","1","0","0","1"
"POINT (13.366545643000052 52.472258798000041)","Unfall 50968 (2019) Kat:3, Licht: 1","50968","3","6","2","12","15","4","0","1","0","0","0","1"
"POINT (13.447514061000049 52.516387129000066)","Unfall 50969 (2019) Kat:2, Licht: 0","50969","2","4","6","05","19","6","0","0","0","1","1","0"
"POINT (13.457497263000050 52.515530078000040)","Unfall 50970 (2019) Kat:3, Licht: 0","50970","3","6","2","07","08","3","0","0","0","1","0","0"
"POINT (13.455118119000076 52.515624765000041)","Unfall 50971 (2019) Kat:3, Licht: 0","50971","3","6","3","07","19","3","0","0","0","1","0","0"
"POINT (13.376642902000071 52.431331306000061)","Unfall 50972 (2019) Kat:3, Licht: 0","50972","3","4","6","04","17","5","0","0","0","1","1","0"
"POINT (13.295865365000054 52.490869041000053)","Unfall 50973 (2019) Kat:3, Licht: 0","50973","3","1","0","10","16","1","0","0","0","1","0","0"
"POINT (13.398863960000028 52.573051679000059)","Unfall 50974 (2019) Kat:3, Licht: 0","50974","3","5","1","06","17","1","0","0","1","1","0","0"