WKT,Name,OBJECTID,UKATEGORIE,UTYP1,UART,UMONAT,USTUNDE,UWOCHENTAG,STRZUSTAND,ULICHTVERH,ISTRAD,ISTPKW,ISTFUSS,ISTKRAD
"POINT (13.452449594000029 52.511641957000052)","Unfall 50975 (2019) Kat:3, Licht: 0","50975","3","2","5","09","09","3","0","0","1","1","0","0"
"POINT (13.292244482000058 52.585367205000068)","Unfall 50977 (2019) Kat:3, Licht: 0","50977","3","6","2","05","11","6","0","0","0","1","0","0"
"POINT (13.363975189000030 52.501099693000072)","Unfall 50978 (2019) Kat:3, Licht: 0","50978","3","6","3","04","10","4","0","0","0","1","0","0"
"POINT (13.281467565000071 52.504596312000047)","Unfall 50979 (2019) Kat:3, Licht: 2","50979","3","6","2","11","18","4","0","2","0","1","0","0"
"POINT (13.401709116000063 52.588890360000050)","Unfall 50980 (2019) Kat:2, Licht: 0","50980","2","4","6","05","07","6","0","0","0","1","1","0"
"POINT (13.484247752000044 52.512819419000039)","Unfall 50981 (2019) Kat:2, Licht: 2","50981","2","4","6","12","18","2","1","2","0","1","1","0"
"POINT (13.364410548000023 52.563757988000077)","Unfall 50982 (2019) Kat:3, Licht: 0","50982","3","2","5","07","16","2","1","0","1","1","0","0"
"POINT (13.368343953000021 52.530434019000040)","Unfall 50983 (2019) Kat:3, Licht: 0","50983","3","6","3","04","13","4","0","0","0","0","0","1"
"POINT (13.346965342000033 52.578918742000042)","Unfall 50984 (2019) Kat:3, Licht: 0","50984","3","2","0","10","09","4","0","0","0","0","0","1"
"POINT (13.388254957000072 52.493942780000054)","Unfall 50985 (2019) Kat:3, Licht: 0","50985","3","5","1","09","16","3","0","0","0","1","0","0"
"POINT (13.430481912000062 52.622704912000074)","Unfall 50987 (2019) Kat:3, Licht: 0","50987","3","7","2","07","16","2","1","0","0","0","0","1"
"POINT (13.316549988000077 52.612114968000071)","Unfall 50988 (2019) Kat:3, Licht: 0","50988","3","6","0","04","11","4","0","0","1","0","1","0"
"POINT (13.253265174000035 52.508210459000054)","Unfall 50989 (2019) Kat:2, Licht: 1","50989","2","1","0","09","06","1","1","1","1","0","0","0"
"POINT (13.444587472000023 52.545336386000031)","Unfall 50990 (2019) Kat:2, Licht: 0","50990","2","2","5","06","07","3","0","0","1","1","0","0"
"POINT (13.385648739000032 52.475348078000081)","Unfall 50991 (2019) Kat:3, Licht: 0","50991","3","7","6","09","10","2","0","0","0","0","1","1"
"POINT (13.386229686000036 52.510135014000070)","Unfall 50992 (2019) Kat:3, Licht: 0","50992","3","6","3","12","08","6","0","0","0","1","0","0"
"POINT (13.549101055000051 52.509528675000070)","Unfall 50993 (2019) Kat:2, Licht: 0","50993","2","6","2","05","08","6","0","0","0","1","0","0"
"POINT (13.387873954000042 52.493400257000076)","Unfall 50994 (2019) Kat:3, Licht: 0","50994","3","4","6","07","14","2","0","0","1","0","1","0"
"POINT (13.414783692000071 52.555099287000075)","Unfall 50995 (2019) Kat:3, Licht: 0","50995","3","3","5","04","10","4","0","0","1","1","0","0"
"POINT (13.290741980000064 52.493733444000043)","Unfall 50996 (2019) Kat:3, Licht: 2","50996","3","3","5","11","21","5","1","2","0","1","0","0"
"POINT (13.283697763000077 52.510215496000058)","Unfall 50997 (2019) Kat:3, Licht: 2","50997","3","2","5","09","20","2","0","2","0","1","0","1"
"POINT (13.376794792000055 52.470163707000040)","Unfall 50998 (2019) Kat:3, Licht: 2","50998","3","6","2","11","16","2","0","2","0","1","0","0"
"POINT (13.380239189000065 52.437666904000082)","Unfall 50999 (2019) Kat:3, Licht: 0","50999","3","6","2","07","19","2","0","0","0","1","0","0"
"POINT (13.411017146000063 52.523160737000069)","Unfall 51000 (2019) Kat:3, Licht: 0","51000","3","4","0","04","14","4","0","0","0","0","1","0"
"POINT (13.429874660000053 52.554099728000040)","Unfall 51001 (2019) Kat:3, Licht: 0","51001","3","6","2","10","16","4","1","0","0","1","0","0"
"POINT (13.389145458000030 52.495000442000048)","Unfall 51002 (2019) Kat:3, Licht: 1","51002","3","6","3","09","19","2","0","1","0","1","0","1"
"POINT (13.362011475000031 52.413743973000066)","Unfall 51004 (2019) Kat:2, Licht: 0","51004","2","3","0","05","13","6","0","0","0","1","0","0"
"POINT (13.488321278000058 52.512408149000066)","Unfall 51005 (2019) Kat:3, Licht: 0","51005","3","2","0","07","15","2","1","0","1","1","0","0"
"POINT (13.393066819000069 52.517379185000038)","Unfall 51006 (2019) Kat:2, Licht: 0","51006","2","5","1","04","08","4","0","0","1","1","0","0"
"POINT (13.515430520000052 52.452782723000041)","Unfall 51007 (2019) Kat:3, Licht: 0","51007","3","6","2","06","15","5","0","0","0","1","0","0"
"POINT (13.366242986000032 52.515601782000033)","Unfall 51008 (2019) Kat:3, Licht: 0","51008","3","4","6","09","18","2","0","0","1","0","1","0"
"POINT (13.408987184000068 52.517040106000081)","Unfall 51009 (2019) Kat:3, Licht: 2","51009","3","7","5","12","21","5","1","2","0","1","0","0"
"POINT (13.421592615000066 52.539495534000082)","Unfall 51010 (2019) Kat:3, Licht: 0","51010","3","7","0","05","13","6","0","0","1","1","0","0"
"POINT (13.412554596000064 52.460313863000067)","Unfall 51011 (2019) Kat:3, Licht: 0","51011","3","1","0","07","13","2","0","0","0","1","0","0"
"POINT (13.398399466000058 52.578406536000045)","Unfall 51012 (2019) Kat:3, Licht: 2","51012","3","6","0","11","17","6","0","2","0","1","0","0"
"POINT (13.294256492000045 52.538197218000050)","Unfall 51013 (2019) Kat:3, Licht: 2","51013","3","6","3","07","00","2","0","2","0","1","0","0"
"POINT (13.537468358000069 52.510013065000066)","Unfall 51014 (2019) Kat:2, Licht: 0","51014","2","6","2","09","09","6","1","0","0","1","0","0"
"POINT (13.460925967000037 52.492367250000029)","Unfall 51015 (2019) Kat:3, Licht: 2","51015","3","3","5","04","21","4","0","2","1","0","0","0"
"POINT (13.366594757000030 52.472283546000028)","Unfall 51016 (2019) Kat:3, Licht: 0","51016","3","6","2","10","17","5","1","0","0","1","0","0"
"POINT (13.235517033000065 52.432339292000052)","Unfall 51017 (2019) Kat:3, Licht: 0","51017","3","3","5","09","18","2","0","0","1","1","0","0"
"POINT (13.365112390000036 52.472963656000047)","Unfall 51019 (2019) Kat:3, Licht: 0","51019","3","6","2","05","15","6","0","0","0","1","0","0"
"POINT (13.447759896000036 52.503827968000053)","Unfall 51020 (2019) Kat:3, Licht: 0","51020","3","7","3","07","17","1","0","0","0","1","0","1"
"POINT (13.363534080000022 52.565128591000075)","Unfall 51021 (2019) Kat:3, Licht: 0","51021","3","7","5","04","15","4","0","0","0","1","0","1"
"POINT (13.327651759000048 52.477929989000074)","Unfall 51022 (2019) Kat:3, Licht: 2","51022","3","6","2","11","06","2","1","2","0","1","0","0"
"POINT (13.384775084000069 52.450573275000067)","Unfall 51023 (2019) Kat:3, Licht: 0","51023","3","6","2","06","15","7","0","0","0","1","0","0"
"POINT (13.369892859000061 52.541790710000043)","Unfall 51024 (2019) Kat:3, Licht: 0","51024","3","2","5","09","17","2","0","0","1","1","0","0"
"POINT (13.376172492000023 52.430343336000078)","Unfall 51025 (2019) Kat:3, Licht: 0","51025","3","6","0","12","09","5","0","0","0","1","0","1"
"POINT (13.363704146000032 52.515322587000071)","Unfall 51026 (2019) Kat:3, Licht: 0","51026","3","7","0","07","13","1","0","0","1","0","0","0"
"POINT (13.424721235000050 52.540279881000060)","Unfall 51027 (2019) Kat:3, Licht: 0","51027","3","6","0","04","08","4","0","0","1","0","0","0"
"POINT (13.285803876000045 52.531872985000064)","Unfall 51028 (2019) Kat:3, Licht: 2","51028","3","6","2","10","18","1","0","2","0","1","0","0"
"POINT (13.366873890000022 52.472157625000079)","Unfall 51029 (2019) Kat:3, Licht: 0","51029","3","6","2","09","09","2","0","0","0","1","0","0"
"POINT (13.350736251000058 52.573958575000063)","Unfall 51030 (2019) Kat:3, Licht: 2","51030","3","7","2","07","00","1","1","2","0","1","0","0"
"POINT (13.447690023000064 52.502483006000034)","Unfall 51031 (2019) Kat:2, Licht: 0","51031","2","1","1","04","06","4","0","0","0","1","0","0"
"POINT (13.440678375000061 52.542539040000065)","Unfall 51032 (2019) Kat:3, Licht: 2","51032","3","1","0","10","00","6","0","2","0","0","0","0"
"POINT (13.498830002000034 52.621345733000055)","Unfall 51033 (2019) Kat:3, Licht: 0","51033","3","6","2","06","14","6","0","0","0","1","0","0"
"POINT (13.473876695000058 52.513862748000065)","Unfall 51034 (2019) Kat:3, Licht: 0","51034","3","6","2","09","08","2","0","0","0","1","0","0"
"POINT (13.369821003000027 52.515829595000071)","Unfall 51036 (2019) Kat:3, Licht: 0","51036","3","2","5","05","16","6","0","0","0","1","0","0"
"POINT (13.319900504000032 52.512556945000028)","Unfall 51037 (2019) Kat:3, Licht: 0","51037","3","2","5","04","17","3","0","0","1","1","0","0"
"POINT (13.391658841000037 52.517323866000027)","Unfall 51038 (2019) Kat:3, Licht: 0","51038","3","1","8","11","05","2","0","0","1","0","0","0"
"POINT (13.351575794000041 52.474220956000067)","Unfall 51039 (2019) Kat:3, Licht: 0","51039","3","6","2","05","17","6","0","0","0","1","0","1"
"POINT (13.297428156000024 52.511081750000073)","Unfall 51040 (2019) Kat:3, Licht: 2","51040","3","3","0","11","05","7","0","2","0","1","0","0"
"POINT (13.447562981000033 52.526725114000044)","Unfall 51041 (2019) Kat:3, Licht: 2","51041","3","6","2","07","23","7","1","2","0","1","0","1"
"POINT (13.367051025000023 52.531745465000029)","Unfall 51042 (2019) Kat:3, Licht: 0","51042","3","6","2","04","08","3","0","0","0","1","0","0"
"POINT (13.457936642000050 52.492031055000041)","Unfall 51043 (2019) Kat:3, Licht: 2","51043","3","6","3","10","17","2","0","2","0","1","0","1"
"POINT (13.304527711000048 52.511358485000073)","Unfall 51044 (2019) Kat:3, Licht: 0","51044","3","7","2","09","11","2","0","0","0","1","0","1"
"POINT (13.484248991000072 52.512687772000049)","Unfall 51046 (2019) Kat:3, Licht: 2","51046","3","2","5","07","22","7","1","2","1","1","0","0"
"POINT (13.445723973000042 52.463065227000072)","Unfall 51047 (2019) Kat:3, Licht: 0","51047","3","6","3","04","10","3","0","0","0","1","0","0"
"POINT (13.394528346000072 52.517310590000079)","Unfall 51048 (2019) Kat:3, Licht: 0","51048","3","3","5","06","17","2","0","0","1","1","0","0"
"POINT (13.380533975000048 52.437996109000039)","Unfall 51049 (2019) Kat:3, Licht: 0","51049","3","2","5","09","11","2","0","0","0","1","0","0"
"POINT (13.449255833000052 52.607267488000048)","Unfall 51050 (2019) Kat:3, Licht: 2","51050","3","1","8","12","04","3","1","2","0","0","0","0"
"POINT (13.371537510000053 52.470703074000028)","Unfall 51051 (2019) Kat:3, Licht: 0","51051","3","6","2","05","13","5","0","0","0","1","0","0"
"POINT (13.294897515000059 52.510731513000053)","Unfall 51052 (2019) Kat:3, Licht: 0","51052","3","4","6","07","19","7","0","0","1","0","1","0"
"POINT (13.347717147000026 52.575483010000028)","Unfall 51053 (2019) Kat:3, Licht: 0","51053","3","6","2","04","11","3","0","0","0","1","0","0"
"POINT (13.401968767000028 52.511606379000057)","Unfall 51054 (2019) Kat:3, Licht: 0","51054","3","6","3","11","10","3","1","0","0","1","0","0"
"POINT (13.323923649000051 52.607760798000072)","Unfall 51055 (2019) Kat:3, Licht: 2","51055","3","2","2","11","18","7","0","2","0","1","0","0"
"POINT (13.497920731000022 52.433965391000072)","Unfall 51056 (2019) Kat:3, Licht: 0","51056","3","6","2","07","18","7","0","0","0","1","0","0"
"POINT (13.414637234000054 52.556073850000075)","Unfall 51057 (2019) Kat:2, Licht: 1","51057","2","2","5","04","19","3","0","1","1","1","0","0"
"POINT (13.281594773000052 52.510078592000070)","Unfall 51058 (2019) Kat:2, Licht: 0","51058","2","2","5","10","11","3","0","0","1","1","0","0"
"POINT (13.435943892000068 52.534666379000043)","Unfall 51059 (2019) Kat:3, Licht: 0","51059","3","7","6","09","08","2","0","0","1","0","1","0"
"POINT (13.432554680000067 52.535571114000049)","Unfall 51061 (2019) Kat:2, Licht: 0","51061","2","6","2","05","11","5","0","0","0","1","0","0"
"POINT (13.454183093000040 52.515952586000026)","Unfall 51062 (2019) Kat:2, Licht: 0","51062","2","1","0","07","15","7","0","0","1","0","0","0"
"POINT (13.477952171000027 52.513463985000044)","Unfall 51063 (2019) Kat:2, Licht: 0","51063","2","6","2","04","11","3","0","0","0","1","0","0"
"POINT (13.510816390000059 52.510385729000063)","Unfall 51064 (2019) Kat:2, Licht: 2","51064","2","6","2","11","18","5","1","2","0","1","0","0"
"POINT (13.433758322000074 52.536998631000074)","Unfall 51065 (2019) Kat:3, Licht: 0","51065","3","3","5","06","08","5","0","0","1","1","0","0"
"POINT (13.312779517000024 52.511895046000063)","Unfall 51066 (2019) Kat:3, Licht: 0","51066","3","4","6","09","08","2","0","0","0","1","1","0"
"POINT (13.323837811000033 52.607836676000034)","Unfall 51067 (2019) Kat:2, Licht: 0","51067","2","2","6","12","08","3","0","0","0","1","1","0"
"POINT (13.364367023000057 52.563905033000026)","Unfall 51068 (2019) Kat:3, Licht: 0","51068","3","2","2","07","13","7","0","0","0","1","0","0"
"POINT (13.411990584000023 52.541370897000036)","Unfall 51069 (2019) Kat:3, Licht: 2","51069","3","6","3","10","18","5","0","2","0","1","0","0"
"POINT (13.348727376000056 52.481980805000035)","Unfall 51070 (2019) Kat:3, Licht: 0","51070","3","5","1","07","09","7","0","0","1","0","0","0"
"POINT (13.368461308000064 52.541033417000051)","Unfall 51071 (2019) Kat:3, Licht: 0","51071","3","3","5","09","08","6","0","0","1","1","0","0"
"POINT (13.280658713000037 52.499518087000069)","Unfall 51072 (2019) Kat:2, Licht: 0","51072","2","6","2","04","07","3","0","0","0","1","0","1"
"POINT (13.387037251000038 52.516754236000054)","Unfall 51073 (2019) Kat:3, Licht: 0","51073","3","5","1","04","16","3","0","0","1","1","0","0"
"POINT (13.476821399000073 52.513428106000049)","Unfall 51074 (2019) Kat:2, Licht: 2","51074","2","4","6","11","04","4","1","2","0","0","1","1"
"POINT (13.323206944000049 52.477955207000036)","Unfall 51075 (2019) Kat:3, Licht: 2","51075","3","6","3","11","23","1","0","2","0","1","0","0"
"POINT (13.453133949000062 52.500999893000028)","Unfall 51076 (2019) Kat:3, Licht: 0","51076","3","3","5","07","16","6","0","0","1","0","0","0"
"POINT (13.467513519000022 52.514513231000080)","Unfall 51077 (2019) Kat:3, Licht: 0","51077","3","2","2","04","14","3","0","0","1","1","0","0"
"POINT (13.357429949000050 52.473973453000042)","Unfall 51078 (2019) Kat:3, Licht: 0","51078","3","6","2","10","17","4","1","0","0","1","0","0"
"POINT (13.225770006000062 52.507229985000038)","Unfall 51079 (2019) Kat:2, Licht: 2","51079","2","5","1","09","01","1","0","2","1","1","0","0"
"POINT (13.410353704000045 52.561952598000062)","Unfall 51081 (2019) Kat:3, Licht: 0","51081","3","3","1","05","19","5","0","0","1","1","0","0"
"POINT (13.280782097000042 52.500575434000041)","Unfall 51082 (2019) Kat:2, Licht: 0","51082","2","6","3","07","17","6","0","0","0","0","0","1"
"POINT (13.347301774000073 52.476598255000056)","Unfall 51083 (2019) Kat:3, Licht: 0","51083","3","6","0","04","14","3","0","0","0","1","0","1"
"POINT (13.468788050000057 52.514234420000037)","Unfall 51084 (2019) Kat:3, Licht: 0","51084","3","6","2","06","15","5","0","0","0","1","0","0"
"POINT (13.385241091000069 52.448954718000039)","Unfall 51085 (2019) Kat:3, Licht: 0","51085","3","1","9","09","06","1","0","0","0","1","0","0"
"POINT (13.460042040000076 52.515119749000064)","Unfall 51086 (2019) Kat:3, Licht: 0","51086","3","2","5","12","13","3","0","0","1","1","0","0"
"POINT (13.292251596000028 52.510747652000077)","Unfall 51087 (2019) Kat:3, Licht: 0","51087","3","2","5","05","18","5","0","0","1","1","0","0"
"POINT (13.460041026000056 52.515264466000076)","Unfall 51088 (2019) Kat:3, Licht: 0","51088","3","3","5","07","09","6","0","0","1","1","0","0"
"POINT (13.369210648000035 52.420650890000047)","Unfall 51089 (2019) Kat:3, Licht: 2","51089","3","3","5","10","17","5","0","2","0","1","0","1"
"POINT (13.360236489000044 52.571779609000032)","Unfall 51090 (2019) Kat:3, Licht: 0","51090","3","1","1","07","19","5","0","0","1","1","0","0"
"POINT (13.388751193000076 52.497647793000056)","Unfall 51091 (2019) Kat:3, Licht: 2","51091","3","3","5","09","00","6","0","2","1","1","0","0"
"POINT (13.430152876000022 52.552330352000070)","Unfall 51092 (2019) Kat:3, Licht: 0","51092","3","6","2","04","14","3","0","0","0","1","0","0"
"POINT (13.413666915000022 52.558502267000051)","Unfall 51093 (2019) Kat:3, Licht: 1","51093","3","6","3","10","18","4","1","1","0","1","0","1"
"POINT (13.459884274000046 52.515135464000082)","Unfall 51094 (2019) Kat:2, Licht: 2","51094","2","7","6","08","22","7","0","2","0","1","1","0"
"POINT (13.450405637000074 52.516244070000027)","Unfall 51096 (2019) Kat:3, Licht: 0","51096","3","2","5","05","17","5","0","0","1","1","0","0"
"POINT (13.354416821000029 52.514842612000052)","Unfall 51097 (2019) Kat:3, Licht: 0","51097","3","7","0","07","13","5","0","0","1","0","0","0"
"POINT (13.449466884000060 52.524084134000077)","Unfall 51098 (2019) Kat:3, Licht: 1","51098","3","5","5","04","20","2","0","1","1","1","0","0"
"POINT (13.447365394000030 52.502575040000067)","Unfall 51099 (2019) Kat:3, Licht: 0","51099","3","7","0","11","10","1","1","0","0","0","0","0"
"POINT (13.364170120000040 52.563832224000066)","Unfall 51100 (2019) Kat:3, Licht: 1","51100","3","6","0","06","21","7","0","1","0","1","0","1"
"POINT (13.414857921000078 52.554562784000041)","Unfall 51101 (2019) Kat:3, Licht: 0","51101","3","7","0","12","13","5","0","0","0","1","0","0"
"POINT (13.403016785000034 52.519106741000030)","Unfall 51102 (2019) Kat:3, Licht: 0","51102","3","4","6","07","09","5","0","0","0","0","1","0"
"POINT (13.365492402000029 52.558015846000046)","Unfall 51103 (2019) Kat:2, Licht: 0","51103","2","3","5","04","17","2","0","0","1","1","0","0"
"POINT (13.316692112000055 52.616813309000065)","Unfall 51104 (2019) Kat:3, Licht: 0","51104","3","6","2","10","11","7","0","0","0","1","0","0"
"POINT (13.384448926000061 52.453387525000039)","Unfall 51105 (2019) Kat:3, Licht: 2","51105","3","7","5","08","19","7","0","2","0","1","0","0"
"POINT (13.327691504000029 52.460435523000058)","Unfall 51106 (2019) Kat:3, Licht: 0","51106","3","2","5","07","11","5","0","0","0","1","0","0"
"POINT (13.389035029000070 52.497309160000043)","Unfall 51107 (2019) Kat:3, Licht: 0","51107","3","2","5","04","17","2","0","0","1","1","0","0"
"POINT (13.272526304000053 52.438791029000072)","Unfall 51108 (2019) Kat:3, Licht: 0","51108","3","6","2","10","14","4","0","0","0","1","0","0"
"POINT (13.309226663000061 52.511662534000038)","Unfall 51109 (2019) Kat:3, Licht: 0","51109","3","2","2","06","17","5","0","0","1","1","0","0"
"POINT (13.463242249000075 52.514801103000082)","Unfall 51110 (2019) Kat:3, Licht: 2","51110","3","3","5","08","20","7","0","2","0","1","0","0"
"POINT (13.553361277000022 52.509346104000031)","Unfall 51111 (2019) Kat:3, Licht: 0","51111","3","2","5","12","11","6","0","0","1","1","0","0"
"POINT (13.402563174000022 52.592341852000061)","Unfall 51112 (2019) Kat:3, Licht: 0","51112","3","6","3","05","07","5","0","0","0","1","0","1"
"POINT (13.289594195000063 52.532921971000064)","Unfall 51113 (2019) Kat:2, Licht: 0","51113","2","6","3","04","09","2","0","0","0","1","0","0"
"POINT (13.387531006000074 52.438984519000030)","Unfall 51114 (2019) Kat:3, Licht: 0","51114","3","3","5","11","11","1","0","0","0","1","0","0"
"POINT (13.420159740000031 52.525138408000032)","Unfall 51115 (2019) Kat:3, Licht: 0","51115","3","3","5","05","11","5","0","0","0","1","0","1"
"POINT (13.326602078000064 52.512841388000027)","Unfall 51116 (2019) Kat:3, Licht: 0","51116","3","6","3","11","14","6","0","0","0","1","0","0"
"POINT (13.331611616000032 52.463353819000076)","Unfall 51117 (2019) Kat:2, Licht: 0","51117","2","1","0","07","10","5","0","0","0","1","0","1"
"POINT (13.368686487000048 52.549140434000037)","Unfall 51118 (2019) Kat:3, Licht: 0","51118","3","6","2","04","15","2","0","0","0","1","0","0"
"POINT (13.365456514000073 52.558245463000048)","Unfall 51119 (2019) Kat:2, Licht: 2","51119","2","6","3","10","20","2","0","2","0","1","0","1"
"POINT (13.294400698000061 52.445814236000047)","Unfall 51120 (2019) Kat:2, Licht: 0","51120","2","6","2","08","17","7","0","0","0","1","0","1"
"POINT (13.459281412000053 52.457094628000050)","Unfall 51122 (2019) Kat:2, Licht: 0","51122","2","1","0","05","15","5","0","0","0","1","0","0"
"POINT (13.282985996000036 52.497365213000080)","Unfall 51123 (2019) Kat:3, Licht: 0","51123","3","6","3","07","11","5","0","0","0","1","0","0"
"POINT (13.402791158000070 52.593171967000046)","Unfall 51124 (2019) Kat:3, Licht: 0","51124","3","3","5","04","16","2","0","0","0","0","0","1"
"POINT (13.370091665000075 52.539736587000050)","Unfall 51125 (2019) Kat:3, Licht: 1","51125","3","6","2","06","21","1","0","1","0","1","0","0"
"POINT (13.261789058000033 52.508718948000080)","Unfall 51126 (2019) Kat:2, Licht: 0","51126","2","6","2","08","13","7","0","0","0","1","0","0"
"POINT (13.428192086000024 52.546442208000030)","Unfall 51127 (2019) Kat:3, Licht: 2","51127","3","2","5","12","05","2","0","2","1","1","0","0"
"POINT (13.380295923000062 52.469882237000036)","Unfall 51128 (2019) Kat:3, Licht: 0","51128","3","6","2","05","07","5","0","0","0","1","0","0"
"POINT (13.385858031000055 52.486439948000054)","Unfall 51129 (2019) Kat:3, Licht: 0","51129","3","6","2","07","16","4","0","0","0","1","0","0"
"POINT (13.378276815000049 52.434787633000042)","Unfall 51130 (2019) Kat:3, Licht: 0","51130","3","2","5","04","16","2","0","0","0","1","0","1"
"POINT (13.281645676000039 52.505394235000040)","Unfall 51131 (2019) Kat:3, Licht: 2","51131","3","6","2","11","05","2","1","2","0","1","0","0"
"POINT (13.367304310000065 52.551496193000048)","Unfall 51132 (2019) Kat:2, Licht: 2","51132","2","2","5","07","23","4","0","2","0","1","0","0"
"POINT (13.403361729000039 52.410941281000078)","Unfall 51133 (2019) Kat:3, Licht: 0","51133","3","6","2","04","14","1","0","0","0","1","0","0"
"POINT (13.302622782000071 52.486176977000071)","Unfall 51134 (2019) Kat:3, Licht: 2","51134","3","6","2","10","06","2","0","2","0","1","0","0"
"POINT (13.541293518000032 52.509982792000073)","Unfall 51135 (2019) Kat:2, Licht: 2","51135","2","7","0","08","23","6","0","2","1","0","0","0"
"POINT (13.395186856000066 52.467228411000065)","Unfall 51137 (2019) Kat:2, Licht: 0","51137","2","6","3","05","07","5","0","0","0","1","0","1"
"POINT (13.361151419000066 52.495256016000042)","Unfall 51138 (2019) Kat:3, Licht: 1","51138","3","2","5","07","21","4","0","1","0","1","0","1"
"POINT (13.414109567000025 52.550766821000082)","Unfall 51139 (2019) Kat:3, Licht: 0","51139","3","4","6","04","14","1","0","0","1","0","1","0"
"POINT (13.458607082000071 52.458247105000055)","Unfall 51140 (2019) Kat:3, Licht: 0","51140","3","6","3","11","08","4","1","0","0","1","0","0"
"POINT (13.364029797000057 52.501162825000051)","Unfall 51141 (2019) Kat:3, Licht: 0","51141","3","2","5","06","13","4","0","0","0","1","0","1"
"POINT (13.355745481000042 52.473500151000053)","Unfall 51142 (2019) Kat:3, Licht: 0","51142","3","6","2","08","18","6","0","0","0","1","0","0"
"POINT (13.297224918000040 52.510878851000029)","Unfall 51143 (2019) Kat:3, Licht: 0","51143","3","6","3","12","11","2","0","0","0","1","0","0"
"POINT (13.355826479000029 52.477843709000069)","Unfall 51144 (2019) Kat:3, Licht: 0","51144","3","6","2","07","17","4","0","0","0","1","0","1"
"POINT (13.609667357000035 52.504796901000077)","Unfall 51145 (2019) Kat:3, Licht: 0","51145","3","6","2","10","14","4","0","0","0","1","0","0"
"POINT (13.367561060000071 52.504834312000071)","Unfall 51146 (2019) Kat:3, Licht: 0","51146","3","6","4","08","17","6","0","0","1","0","0","0"
"POINT (13.357899247000034 52.487674460000051)","Unfall 51147 (2019) Kat:3, Licht: 0","51147","3","5","1","07","19","3","0","0","1","1","0","0"
"POINT (13.280908477000025 52.503051637000056)","Unfall 51148 (2019) Kat:3, Licht: 0","51148","3","6","3","04","11","1","0","0","0","1","0","0"
"POINT (13.419489432000034 52.525081636000039)","Unfall 51149 (2019) Kat:3, Licht: 0","51149","3","4","6","10","14","3","1","0","1","0","1","0"
"POINT (13.457677830000023 52.549688487000026)","Unfall 51150 (2019) Kat:3, Licht: 0","51150","3","6","2","08","09","6","0","0","0","0","0","0"
"POINT (13.317110554000067 52.611852611000074)","Unfall 51152 (2019) Kat:3, Licht: 0","51152","3","6","2","05","17","4","1","0","0","1","0","0"
"POINT (13.408935330000077 52.516992584000036)","Unfall 51153 (2019) Kat:3, Licht: 0","51153","3","2","5","07","17","3","0","0","1","1","0","0"
"POINT (13.455440012000054 52.500345378000077)","Unfall 51154 (2019) Kat:3, Licht: 0","51154","3","1","0","04","18","1","0","0","0","0","0","1"
"POINT (13.374640606000071 52.427329438000072)","Unfall 51155 (2019) Kat:3, Licht: 1","51155","3","7","2","11","07","6","0","1","0","1","0","0"
"POINT (13.371290050000027 52.470749934000082)","Unfall 51156 (2019) Kat:3, Licht: 0","51156","3","6","2","05","17","4","0","0","0","1","0","0"
"POINT (13.385821968000073 52.472960335000039)","Unfall 51157 (2019) Kat:3, Licht: 2","51157","3","5","1","12","17","3","1","2","0","1","0","0"
"POINT (13.365440025000055 52.558327284000029)","Unfall 51158 (2019) Kat:3, Licht: 0","51158","3","2","0","07","17","3","0","0","1","1","0","0"
"POINT (13.333208395000042 52.513429682000037)","Unfall 51159 (2019) Kat:3, Licht: 0","51159","3","4","0","04","18","1","0","0","1","0","1","0"
"POINT (13.301219197000023 52.548937182000031)","Unfall 51160 (2019) Kat:3, Licht: 1","51160","3","6","2","10","07","6","0","1","0","1","0","1"
"POINT (13.365519028000051 52.557885173000045)","Unfall 51161 (2019) Kat:3, Licht: 0","51161","3","6","3","08","14","6","0","0","1","1","0","0"
"POINT (13.298247005000064 52.577888931000075)","Unfall 51163 (2019) Kat:3, Licht: 0","51163","3","6","2","07","10","3","0","0","0","1","0","0"
"POINT (13.280869892000055 52.499246413000037)","Unfall 51164 (2019) Kat:3, Licht: 0","51164","3","6","2","04","18","1","0","0","0","1","0","0"
"POINT (13.424199032000047 52.539295584000058)","Unfall 51165 (2019) Kat:3, Licht: 0","51165","3","4","6","10","11","3","1","0","0","0","1","0"
"POINT (13.385499505000041 52.466722962000063)","Unfall 51166 (2019) Kat:3, Licht: 2","51166","3","6","2","06","22","4","0","2","0","1","0","0"
"POINT (13.476688471000045 52.513440599000035)","Unfall 51167 (2019) Kat:3, Licht: 0","51167","3","2","5","08","12","6","0","0","1","1","0","0"
"POINT (13.459364100000073 52.493082457000071)","Unfall 51168 (2019) Kat:3, Licht: 2","51168","3","6","2","12","19","7","0","2","0","1","0","0"
"POINT (13.260684996000066 52.435101662000079)","Unfall 51169 (2019) Kat:3, Licht: 0","51169","3","2","5","05","10","4","1","0","1","1","0","0"
"POINT (13.388006606000033 52.437906453000039)","Unfall 51170 (2019) Kat:3, Licht: 0","51170","3","7","6","04","16","1","0","0","1","0","1","0"
"POINT (13.505598862000056 52.459342363000076)","Unfall 51171 (2019) Kat:2, Licht: 2","51171","2","3","5","11","18","7","1","2","1","1","0","0"
"POINT (13.217936971000029 52.428071611000064)","Unfall 51172 (2019) Kat:3, Licht: 0","51172","3","2","5","10","09","3","1","0","1","0","0","0"
"POINT (13.423963988000025 52.539108261000081)","Unfall 51173 (2019) Kat:3, Licht: 0","51173","3","6","3","08","11","6","0","0","1","1","0","0"
"POINT (13.296963559000062 52.510861248000026)","Unfall 51175 (2019) Kat:3, Licht: 0","51175","3","6","2","05","12","4","1","0","0","1","0","1"
"POINT (13.385811873000023 52.472546737000073)","Unfall 51176 (2019) Kat:3, Licht: 0","51176","3","6","2","07","09","3","0","0","0","1","0","0"