WKT,Name,OBJECTID,UKATEGORIE,UTYP1,UART,UMONAT,USTUNDE,UWOCHENTAG,STRZUSTAND,ULICHTVERH,ISTRAD,ISTPKW,ISTFUSS,ISTKRAD
"POINT (13.505282418000036 52.510720390000074)","Unfall 51177 (2019) Kat:3, Licht: 0","51177","3","2","0","04","15","1","0","0","0","1","0","1"
"POINT (13.346810351000045 52.579118745000073)","Unfall 51178 (2019) Kat:3, Licht: 0","51178","3","3","5","11","14","7","1","0","0","1","0","0"
"POINT (13.472951161000026 52.513818994000076)","Unfall 51179 (2019) Kat:3, Licht: 0","51179","3","2","2","05","12","4","0","0","0","1","0","0"
"POINT (13.467379623000056 52.514526619000037)","Unfall 51180 (2019) Kat:3, Licht: 0","51180","3","4","6","08","10","6","0","0","1","0","1","0"
"POINT (13.297858032000022 52.544733729000029)","Unfall 51181 (2019) Kat:3, Licht: 2","51181","3","6","2","12","06","4","0","2","0","1","0","0"
"POINT (13.475235816000065 52.513715820000073)","Unfall 51182 (2019) Kat:3, Licht: 0","51182","3","6","3","07","09","3","0","0","0","1","0","0"
"POINT (13.280769940000027 52.509859170000027)","Unfall 51183 (2019) Kat:2, Licht: 0","51183","2","4","6","04","12","7","0","0","1","0","1","0"
"POINT (13.340015647000030 52.468762564000031)","Unfall 51184 (2019) Kat:3, Licht: 2","51184","3","6","2","10","20","6","0","2","0","1","0","0"
"POINT (13.484432125000069 52.512800938000055)","Unfall 51185 (2019) Kat:3, Licht: 0","51185","3","2","5","08","09","6","0","0","1","0","0","0"
"POINT (13.385827384000038 52.483860931000038)","Unfall 51186 (2019) Kat:2, Licht: 0","51186","2","6","3","07","08","3","0","0","1","1","0","0"
"POINT (13.280769940000027 52.509859170000027)","Unfall 51187 (2019) Kat:2, Licht: 0","51187","2","4","6","04","12","7","0","0","1","0","1","0"
"POINT (13.284778226000071 52.508894145000056)","Unfall 51188 (2019) Kat:3, Licht: 0","51188","3","6","2","10","15","3","1","0","0","1","0","0"
"POINT (13.371128352000028 52.470780553000054)","Unfall 51189 (2019) Kat:3, Licht: 0","51189","3","6","2","06","16","5","1","0","0","1","0","0"
"POINT (13.431359801000042 52.534918916000038)","Unfall 51190 (2019) Kat:3, Licht: 1","51190","3","6","3","08","06","5","0","1","1","0","0","0"
"POINT (13.439212333000057 52.541269324000041)","Unfall 51191 (2019) Kat:3, Licht: 2","51191","3","3","0","12","21","5","1","2","1","0","0","0"
"POINT (13.373637243000076 52.509179314000050)","Unfall 51192 (2019) Kat:3, Licht: 0","51192","3","4","6","05","13","4","0","0","0","1","1","0"
"POINT (13.371094670000048 52.470786931000077)","Unfall 51193 (2019) Kat:3, Licht: 2","51193","3","6","2","04","23","7","0","2","0","1","0","0"
"POINT (13.412995593000062 52.545552045000079)","Unfall 51194 (2019) Kat:3, Licht: 2","51194","3","7","6","11","00","1","0","2","1","0","1","0"
"POINT (13.558177169000032 52.562755422000066)","Unfall 51195 (2019) Kat:3, Licht: 0","51195","3","3","5","05","14","3","0","0","0","1","0","0"
"POINT (13.341877322000073 52.585539926000081)","Unfall 51196 (2019) Kat:3, Licht: 0","51196","3","2","0","11","08","5","1","0","1","1","0","0"
"POINT (13.314974949000032 52.453293314000064)","Unfall 51197 (2019) Kat:3, Licht: 0","51197","3","1","8","07","18","3","0","0","0","1","0","0"
"POINT (13.386991067000054 52.510181439000064)","Unfall 51198 (2019) Kat:3, Licht: 2","51198","3","6","2","04","23","7","0","2","0","1","0","0"
"POINT (13.404329498000038 52.408670545000064)","Unfall 51199 (2019) Kat:2, Licht: 2","51199","2","6","2","10","18","7","0","2","0","1","0","1"
"POINT (13.376718745000062 52.509421379000059)","Unfall 51200 (2019) Kat:3, Licht: 2","51200","3","2","5","08","22","5","0","2","1","0","0","1"
"POINT (13.457761858000026 52.515346860000079)","Unfall 51202 (2019) Kat:2, Licht: 0","51202","2","7","6","05","18","3","0","0","1","0","1","0"
"POINT (13.449171881000041 52.505940173000056)","Unfall 51203 (2019) Kat:3, Licht: 2","51203","3","7","6","07","03","3","0","2","0","0","1","0"
"POINT (13.412696731000040 52.540934720000052)","Unfall 51204 (2019) Kat:3, Licht: 0","51204","3","6","3","04","13","7","0","0","0","1","0","1"
"POINT (13.368613408000044 52.506238342000074)","Unfall 51205 (2019) Kat:2, Licht: 0","51205","2","3","5","06","15","7","0","0","0","1","0","1"
"POINT (13.322812147000036 52.608450722000043)","Unfall 51206 (2019) Kat:3, Licht: 2","51206","3","1","0","08","20","5","0","2","1","0","0","0"
"POINT (13.382649680000043 52.439402060000077)","Unfall 51207 (2019) Kat:3, Licht: 0","51207","3","2","5","12","12","1","1","0","0","1","0","0"
"POINT (13.290902669000047 52.533213645000046)","Unfall 51208 (2019) Kat:2, Licht: 2","51208","2","1","8","05","21","3","1","2","0","0","0","1"
"POINT (13.398236307000047 52.579258742000036)","Unfall 51209 (2019) Kat:3, Licht: 0","51209","3","1","0","07","15","3","0","0","1","0","0","0"
"POINT (13.314571772000022 52.512012709000032)","Unfall 51210 (2019) Kat:3, Licht: 0","51210","3","2","5","11","10","2","1","0","1","1","0","0"
"POINT (13.608783290000076 52.504804516000036)","Unfall 51211 (2019) Kat:3, Licht: 0","51211","3","6","2","07","15","3","0","0","0","1","0","1"
"POINT (13.413164170000073 52.547413888000051)","Unfall 51212 (2019) Kat:3, Licht: 2","51212","3","6","4","04","00","7","0","2","1","0","0","0"
"POINT (13.305322082000032 52.511410684000055)","Unfall 51213 (2019) Kat:3, Licht: 0","51213","3","2","2","10","13","1","0","0","0","1","0","0"
"POINT (13.282749879000050 52.510154246000070)","Unfall 51214 (2019) Kat:3, Licht: 0","51214","3","6","3","08","17","5","0","0","0","1","0","1"
"POINT (13.413759462000030 52.550769775000049)","Unfall 51216 (2019) Kat:3, Licht: 0","51216","3","2","5","05","10","3","0","0","1","1","0","0"
"POINT (13.311563425000031 52.452166524000063)","Unfall 51217 (2019) Kat:3, Licht: 2","51217","3","6","3","07","02","3","0","2","0","1","0","0"
"POINT (13.145042304000071 52.417981275000045)","Unfall 51218 (2019) Kat:2, Licht: 0","51218","2","7","5","04","15","7","0","0","0","1","0","1"
"POINT (13.281759677000025 52.509923610000044)","Unfall 51219 (2019) Kat:3, Licht: 0","51219","3","6","2","11","13","3","0","0","0","1","0","0"
"POINT (13.422860745000037 52.520195326000078)","Unfall 51220 (2019) Kat:3, Licht: 0","51220","3","4","6","06","08","4","0","0","0","0","1","1"
"POINT (13.419487357000037 52.520956956000077)","Unfall 51221 (2019) Kat:3, Licht: 0","51221","3","7","0","08","15","5","0","0","1","0","0","0"
"POINT (13.404160041000068 52.581113715000072)","Unfall 51222 (2019) Kat:3, Licht: 2","51222","3","6","0","12","21","7","1","2","0","1","0","0"
"POINT (13.473488920000023 52.513905616000045)","Unfall 51223 (2019) Kat:3, Licht: 0","51223","3","2","3","07","14","2","0","0","0","1","0","1"
"POINT (13.444111164000049 52.529504284000041)","Unfall 51224 (2019) Kat:3, Licht: 1","51224","3","6","2","10","16","3","0","1","0","1","0","0"
"POINT (13.330639701000052 52.477834138000048)","Unfall 51225 (2019) Kat:3, Licht: 0","51225","3","6","2","08","13","5","0","0","0","1","0","0"
"POINT (13.462833533000037 52.514841803000081)","Unfall 51226 (2019) Kat:3, Licht: 0","51226","3","2","2","07","15","2","0","0","1","0","0","0"
"POINT (13.411335087000055 52.518520143000046)","Unfall 51227 (2019) Kat:3, Licht: 0","51227","3","6","2","04","11","7","0","0","0","1","0","0"
"POINT (13.378841202000046 52.470053532000065)","Unfall 51228 (2019) Kat:3, Licht: 0","51228","3","6","2","10","12","2","0","0","0","1","0","0"
"POINT (13.524177241000075 52.510002445000055)","Unfall 51229 (2019) Kat:3, Licht: 0","51229","3","6","6","06","09","2","0","0","1","0","1","0"
"POINT (13.401387199000055 52.413839958000040)","Unfall 51230 (2019) Kat:3, Licht: 0","51230","3","5","1","08","12","5","0","0","0","1","0","0"
"POINT (13.277795083000058 52.502065341000048)","Unfall 51232 (2019) Kat:3, Licht: 0","51232","3","6","2","05","06","3","0","0","0","1","0","0"
"POINT (13.284067609000033 52.496133997000072)","Unfall 51233 (2019) Kat:3, Licht: 0","51233","3","6","2","04","13","7","0","0","0","1","0","0"
"POINT (13.387325179000072 52.510201809000080)","Unfall 51234 (2019) Kat:3, Licht: 2","51234","3","2","5","11","17","5","0","2","1","1","0","0"
"POINT (13.620634129000052 52.504332800000043)","Unfall 51235 (2019) Kat:3, Licht: 0","51235","3","7","5","05","18","2","1","0","0","1","0","0"
"POINT (13.398210619000054 52.571310898000036)","Unfall 51236 (2019) Kat:3, Licht: 2","51236","3","6","2","12","21","3","1","2","0","1","0","0"
"POINT (13.242831697000042 52.507562945000075)","Unfall 51237 (2019) Kat:3, Licht: 2","51237","3","4","6","07","23","1","0","2","0","1","1","0"
"POINT (13.285915238000030 52.510700363000069)","Unfall 51238 (2019) Kat:3, Licht: 0","51238","3","6","3","04","15","6","0","0","0","1","0","1"
"POINT (13.214756240000042 52.427332568000054)","Unfall 51239 (2019) Kat:3, Licht: 0","51239","3","3","5","10","10","4","0","0","0","1","0","0"
"POINT (13.270153797000035 52.496611296000026)","Unfall 51240 (2019) Kat:2, Licht: 0","51240","2","6","2","08","17","5","0","0","0","1","0","0"
"POINT (13.459206232000042 52.492964527000026)","Unfall 51242 (2019) Kat:2, Licht: 2","51242","2","2","5","07","21","1","0","2","0","1","0","1"
"POINT (13.381883410000057 52.439273297000057)","Unfall 51243 (2019) Kat:2, Licht: 0","51243","2","2","6","04","12","6","0","0","0","1","1","0"
"POINT (13.284081402000027 52.496115765000070)","Unfall 51244 (2019) Kat:3, Licht: 2","51244","3","6","3","09","05","2","1","2","0","1","0","0"
"POINT (13.481606109000040 52.512951895000072)","Unfall 51245 (2019) Kat:3, Licht: 0","51245","3","6","2","06","11","4","0","0","0","1","0","0"
"POINT (13.370765191000032 52.470849320000070)","Unfall 51246 (2019) Kat:2, Licht: 0","51246","2","6","2","08","12","5","0","0","0","1","0","0"
"POINT (13.346646280000073 52.476940483000078)","Unfall 51247 (2019) Kat:3, Licht: 2","51247","3","6","2","12","17","6","1","2","0","1","0","0"
"POINT (13.281218894000062 52.498795236000035)","Unfall 51248 (2019) Kat:3, Licht: 0","51248","3","6","2","05","17","2","1","0","0","1","0","0"
"POINT (13.424261550000040 52.539045745000067)","Unfall 51249 (2019) Kat:3, Licht: 2","51249","3","2","5","07","22","7","1","2","0","1","0","0"
"POINT (13.363658929000053 52.564895136000075)","Unfall 51250 (2019) Kat:3, Licht: 0","51250","3","1","0","04","09","6","0","0","0","0","0","1"
"POINT (13.509093719000077 52.457088544000044)","Unfall 51251 (2019) Kat:2, Licht: 0","51251","2","2","5","11","08","6","0","0","1","0","0","0"
"POINT (13.349605826000072 52.482815515000027)","Unfall 51252 (2019) Kat:3, Licht: 0","51252","3","5","1","08","11","5","0","0","1","0","0","0"
"POINT (13.386258645000055 52.442934926000078)","Unfall 51253 (2019) Kat:3, Licht: 0","51253","3","5","1","11","13","3","0","0","0","1","0","0"
"POINT (13.386051501000054 52.483043669000040)","Unfall 51254 (2019) Kat:3, Licht: 0","51254","3","6","2","07","18","7","0","0","0","1","0","0"
"POINT (13.412571886000023 52.519525341000076)","Unfall 51255 (2019) Kat:3, Licht: 0","51255","3","7","0","04","09","6","0","0","1","0","0","0"
"POINT (13.297996772000033 52.489553957000055)","Unfall 51256 (2019) Kat:3, Licht: 0","51256","3","6","2","10","13","5","0","0","0","1","0","0"
"POINT (13.349951297000075 52.481034533000070)","Unfall 51257 (2019) Kat:3, Licht: 0","51257","3","4","6","08","16","4","0","0","0","0","1","1"
"POINT (13.175395902000048 52.419813185000066)","Unfall 51259 (2019) Kat:2, Licht: 1","51259","2","2","5","05","21","2","1","1","1","1","0","0"
"POINT (13.363347967000038 52.535500065000065)","Unfall 51260 (2019) Kat:3, Licht: 0","51260","3","6","2","07","15","7","1","0","0","1","0","1"
"POINT (13.385639424000033 52.475070918000029)","Unfall 51261 (2019) Kat:3, Licht: 1","51261","3","5","1","04","20","6","0","1","0","1","0","0"
"POINT (13.299015345000043 52.510995540000067)","Unfall 51262 (2019) Kat:3, Licht: 0","51262","3","1","0","06","18","6","0","0","1","0","0","0"
"POINT (13.476726148000068 52.513584141000081)","Unfall 51263 (2019) Kat:3, Licht: 0","51263","3","2","5","08","16","4","0","0","0","1","1","0"
"POINT (13.390071798000065 52.469042579000075)","Unfall 51264 (2019) Kat:3, Licht: 0","51264","3","6","2","12","10","6","0","0","0","1","0","0"
"POINT (13.291057101000035 52.493598099000053)","Unfall 51265 (2019) Kat:2, Licht: 0","51265","2","1","0","05","19","2","1","0","0","0","0","1"
"POINT (13.271924571000056 52.497842529000081)","Unfall 51266 (2019) Kat:3, Licht: 0","51266","3","6","2","07","14","7","0","0","0","1","0","0"
"POINT (13.437418391000051 52.533959742000036)","Unfall 51267 (2019) Kat:2, Licht: 2","51267","2","4","6","11","21","6","1","2","0","1","1","0"
"POINT (13.413082217000067 52.540874203000044)","Unfall 51268 (2019) Kat:3, Licht: 0","51268","3","7","6","07","18","6","0","0","0","0","1","0"
"POINT (13.464574408000033 52.514808290000076)","Unfall 51269 (2019) Kat:2, Licht: 2","51269","2","4","6","04","21","6","0","2","0","1","1","0"
"POINT (13.395394589000034 52.467137718000060)","Unfall 51270 (2019) Kat:3, Licht: 0","51270","3","6","2","10","16","6","0","0","0","1","0","0"
"POINT (13.428809445000070 52.537772387000075)","Unfall 51271 (2019) Kat:3, Licht: 0","51271","3","3","5","08","08","4","0","0","1","0","0","0"
"POINT (13.552896160000046 52.555939671000033)","Unfall 51273 (2019) Kat:2, Licht: 0","51273","2","3","5","05","15","2","0","0","1","1","0","0"
"POINT (13.419489269000053 52.525081484000054)","Unfall 51274 (2019) Kat:3, Licht: 0","51274","3","2","3","08","17","3","0","0","1","1","0","0"
"POINT (13.368536882000058 52.541198519000034)","Unfall 51275 (2019) Kat:3, Licht: 0","51275","3","3","5","11","09","4","0","0","1","1","0","0"
"POINT (13.254910184000039 52.435489913000026)","Unfall 51276 (2019) Kat:2, Licht: 0","51276","2","4","0","07","09","6","0","0","1","0","1","0"
"POINT (13.398381765000067 52.579178857000045)","Unfall 51277 (2019) Kat:3, Licht: 2","51277","3","6","2","04","21","5","0","2","0","1","0","0"
"POINT (13.283813269000063 52.510056252000027)","Unfall 51278 (2019) Kat:3, Licht: 0","51278","3","6","2","10","14","6","0","0","0","1","0","1"
"POINT (13.428291434000073 52.570546414000034)","Unfall 51279 (2019) Kat:3, Licht: 0","51279","3","6","2","08","17","3","0","0","0","1","0","0"
"POINT (13.286220260000050 52.532102345000055)","Unfall 51281 (2019) Kat:3, Licht: 0","51281","3","6","2","05","07","2","0","0","0","1","0","0"
"POINT (13.369080117000067 52.539169609000055)","Unfall 51282 (2019) Kat:3, Licht: 1","51282","3","3","5","07","21","6","0","1","0","1","0","0"
"POINT (13.412543291000077 52.543754444000058)","Unfall 51283 (2019) Kat:3, Licht: 0","51283","3","6","3","04","18","5","0","0","1","0","0","0"
"POINT (13.384655226000064 52.451202672000079)","Unfall 51284 (2019) Kat:3, Licht: 0","51284","3","7","6","06","13","6","0","0","0","1","1","0"
"POINT (13.447946040000033 52.504079028000035)","Unfall 51285 (2019) Kat:3, Licht: 0","51285","3","6","3","08","15","3","0","0","1","0","0","0"
"POINT (13.413638294000066 52.540786902000036)","Unfall 51286 (2019) Kat:3, Licht: 2","51286","3","1","0","12","02","7","1","2","0","0","0","1"
"POINT (13.462526788000048 52.452675697000075)","Unfall 51287 (2019) Kat:3, Licht: 0","51287","3","7","0","05","07","2","0","0","0","0","0","0"
"POINT (13.358956121000062 52.488834770000039)","Unfall 51288 (2019) Kat:3, Licht: 1","51288","3","7","0","07","20","6","0","1","1","1","0","0"
"POINT (13.423804058000030 52.528089363000049)","Unfall 51289 (2019) Kat:2, Licht: 0","51289","2","2","2","04","15","5","0","0","1","0","0","1"
"POINT (13.293333814000050 52.492514513000060)","Unfall 51290 (2019) Kat:3, Licht: 0","51290","3","7","0","11","12","1","1","0","0","0","0","1"
"POINT (13.376457742000071 52.509579059000032)","Unfall 51291 (2019) Kat:3, Licht: 0","51291","3","7","4","07","18","6","0","0","1","0","0","0"
"POINT (13.340205582000067 52.513759433000075)","Unfall 51292 (2019) Kat:3, Licht: 0","51292","3","1","0","04","15","5","0","0","1","0","0","0"
"POINT (13.282863665000036 52.441812833000029)","Unfall 51293 (2019) Kat:2, Licht: 2","51293","2","2","5","10","00","7","0","2","1","1","0","0"
"POINT (13.438859589000060 52.540973247000068)","Unfall 51294 (2019) Kat:3, Licht: 0","51294","3","4","6","08","13","3","0","0","1","0","1","0"
"POINT (13.368718486000034 52.541287078000039)","Unfall 51296 (2019) Kat:3, Licht: 0","51296","3","6","2","05","09","2","0","0","0","1","0","1"
"POINT (13.324833612000077 52.477945997000063)","Unfall 51297 (2019) Kat:3, Licht: 0","51297","3","6","2","07","13","6","0","0","0","1","0","0"
"POINT (13.281065911000042 52.502564623000069)","Unfall 51298 (2019) Kat:3, Licht: 0","51298","3","6","3","04","10","5","0","0","0","1","0","0"
"POINT (13.620512139000027 52.504346644000066)","Unfall 51299 (2019) Kat:3, Licht: 1","51299","3","2","6","11","16","2","1","1","0","1","1","0"
"POINT (13.289545874000055 52.444063124000081)","Unfall 51300 (2019) Kat:3, Licht: 0","51300","3","6","2","06","18","3","0","0","0","1","0","1"
"POINT (13.292192767000074 52.510743913000056)","Unfall 51301 (2019) Kat:3, Licht: 0","51301","3","4","6","08","08","3","0","0","0","0","1","0"
"POINT (13.305728874000067 52.483763151000062)","Unfall 51302 (2019) Kat:3, Licht: 2","51302","3","6","3","12","21","6","1","2","0","1","0","0"
"POINT (13.456341697000028 52.460697029000073)","Unfall 51303 (2019) Kat:3, Licht: 0","51303","3","6","2","07","13","6","1","0","0","1","0","1"
"POINT (13.157719833000044 52.419292814000073)","Unfall 51304 (2019) Kat:3, Licht: 0","51304","3","7","5","04","17","4","0","0","0","1","0","1"
"POINT (13.354293424000048 52.485036838000042)","Unfall 51305 (2019) Kat:3, Licht: 2","51305","3","5","1","10","22","2","0","2","1","1","0","0"
"POINT (13.515257633000033 52.452902588000029)","Unfall 51306 (2019) Kat:3, Licht: 0","51306","3","2","5","08","08","3","0","0","1","0","0","0"
"POINT (13.308245637000027 52.511790126000051)","Unfall 51307 (2019) Kat:3, Licht: 0","51307","3","6","0","07","12","6","1","0","0","1","0","1"
"POINT (13.505300893000026 52.430146755000067)","Unfall 51308 (2019) Kat:3, Licht: 0","51308","3","6","2","04","16","4","0","0","0","1","0","0"
"POINT (13.295141166000064 52.491297864000046)","Unfall 51309 (2019) Kat:3, Licht: 0","51309","3","6","2","10","07","1","0","0","0","1","0","0"
"POINT (13.126295454000058 52.478576009000051)","Unfall 51310 (2019) Kat:3, Licht: 0","51310","3","3","0","06","10","7","0","0","1","1","0","0"
"POINT (13.348642401000063 52.474658004000048)","Unfall 51311 (2019) Kat:2, Licht: 0","51311","2","6","0","08","19","3","0","0","0","1","0","1"
"POINT (13.413757766000060 52.550760912000044)","Unfall 51313 (2019) Kat:3, Licht: 0","51313","3","2","5","05","09","2","0","0","1","1","0","0"
"POINT (13.367395806000047 52.531395576000079)","Unfall 51314 (2019) Kat:3, Licht: 0","51314","3","6","2","04","16","4","0","0","0","1","0","0"
"POINT (13.422796756000025 52.520215118000067)","Unfall 51315 (2019) Kat:3, Licht: 0","51315","3","3","5","11","09","4","0","0","1","1","0","0"
"POINT (13.454217501000073 52.515659039000070)","Unfall 51316 (2019) Kat:3, Licht: 0","51316","3","3","5","05","13","1","0","0","0","1","0","1"
"POINT (13.513286692000065 52.510228471000062)","Unfall 51317 (2019) Kat:3, Licht: 1","51317","3","6","2","12","08","2","0","1","0","1","0","0"
"POINT (13.417559929000049 52.523321313000054)","Unfall 51318 (2019) Kat:3, Licht: 0","51318","3","5","1","07","16","6","0","0","1","1","0","0"
"POINT (13.423700632000077 52.528305028000034)","Unfall 51319 (2019) Kat:3, Licht: 0","51319","3","2","5","04","08","4","0","0","1","1","0","0"
"POINT (13.287020312000038 52.494175781000081)","Unfall 51320 (2019) Kat:3, Licht: 2","51320","3","1","9","10","19","3","0","2","0","1","0","0"
"POINT (13.416119737000031 52.522117473000037)","Unfall 51321 (2019) Kat:3, Licht: 0","51321","3","2","2","08","12","3","0","0","1","0","0","0"
"POINT (13.376871416000029 52.516098198000066)","Unfall 51323 (2019) Kat:3, Licht: 0","51323","3","7","0","07","09","6","1","0","0","1","0","1"
"POINT (13.402785475000030 52.593151181000053)","Unfall 51324 (2019) Kat:3, Licht: 0","51324","3","3","5","04","08","4","0","0","0","1","0","0"
"POINT (13.307130767000046 52.476113907000070)","Unfall 51325 (2019) Kat:3, Licht: 0","51325","3","6","0","09","16","7","1","0","0","0","0","1"
"POINT (13.468730659000073 52.514240095000048)","Unfall 51326 (2019) Kat:3, Licht: 0","51326","3","6","2","06","16","3","0","0","1","1","0","0"
"POINT (13.514541748000056 52.453185165000036)","Unfall 51327 (2019) Kat:3, Licht: 0","51327","3","6","3","08","15","2","0","0","0","1","0","0"
"POINT (13.398981879000075 52.573410964000061)","Unfall 51328 (2019) Kat:3, Licht: 2","51328","3","3","5","12","16","6","1","2","0","1","0","0"
"POINT (13.311565438000059 52.511815560000059)","Unfall 51329 (2019) Kat:2, Licht: 0","51329","2","5","1","05","11","1","0","0","1","1","0","0"
"POINT (13.467933542000026 52.561360627000056)","Unfall 51330 (2019) Kat:3, Licht: 0","51330","3","6","2","07","08","6","1","0","0","1","0","0"
"POINT (13.174047687000041 52.420397104000074)","Unfall 51331 (2019) Kat:2, Licht: 0","51331","2","7","5","04","17","3","0","0","0","1","0","1"
"POINT (13.616483937000055 52.504749565000054)","Unfall 51332 (2019) Kat:3, Licht: 0","51332","3","6","2","11","08","5","1","0","0","1","0","0"
"POINT (13.205515126000023 52.511311301000035)","Unfall 51333 (2019) Kat:3, Licht: 0","51333","3","6","2","11","07","2","1","0","0","1","0","0"
"POINT (13.276580053000032 52.509584531000030)","Unfall 51334 (2019) Kat:3, Licht: 0","51334","3","2","5","07","07","6","1","0","1","0","0","0"
"POINT (13.294272753000030 52.537867862000041)","Unfall 51335 (2019) Kat:3, Licht: 2","51335","3","6","2","04","20","3","0","2","0","1","0","0"
"POINT (13.410749393000060 52.518476001000067)","Unfall 51336 (2019) Kat:3, Licht: 0","51336","3","5","5","10","12","4","1","0","0","1","0","0"
"POINT (13.379808345000072 52.509725598000045)","Unfall 51337 (2019) Kat:3, Licht: 0","51337","3","6","2","08","15","2","0","0","1","0","0","0"
"POINT (13.384988689000068 52.449481808000030)","Unfall 51339 (2019) Kat:2, Licht: 0","51339","2","5","1","05","05","1","0","0","0","1","0","0"
"POINT (13.447960080000030 52.526301596000053)","Unfall 51340 (2019) Kat:3, Licht: 0","51340","3","2","5","07","07","6","1","0","1","1","0","0"
"POINT (13.558985552000024 52.508693701000027)","Unfall 51341 (2019) Kat:3, Licht: 0","51341","3","6","2","04","12","3","0","0","0","1","0","0"
"POINT (13.453474608000022 52.514987607000080)","Unfall 51342 (2019) Kat:3, Licht: 2","51342","3","2","5","06","01","5","1","2","1","1","0","0"
"POINT (13.369709770000043 52.541612570000041)","Unfall 51343 (2019) Kat:3, Licht: 0","51343","3","3","5","08","11","2","0","0","1","0","0","0"
"POINT (13.367313446000026 52.551763640000047)","Unfall 51344 (2019) Kat:3, Licht: 2","51344","3","2","6","12","05","5","1","2","0","1","1","0"
"POINT (13.432943491000060 52.536342714000057)","Unfall 51345 (2019) Kat:3, Licht: 0","51345","3","2","5","05","11","7","0","0","1","1","0","0"
"POINT (13.416551788000049 52.378123871000071)","Unfall 51346 (2019) Kat:3, Licht: 0","51346","3","3","5","07","07","6","1","0","1","1","0","0"
"POINT (13.347659790000023 52.574574208000058)","Unfall 51347 (2019) Kat:3, Licht: 2","51347","3","6","4","11","05","6","1","2","1","0","0","0"
"POINT (13.411139948000027 52.518725913000026)","Unfall 51348 (2019) Kat:3, Licht: 0","51348","3","6","2","07","08","5","0","0","0","1","0","1"
"POINT (13.512164847000065 52.454798984000035)","Unfall 51349 (2019) Kat:3, Licht: 0","51349","3","3","5","09","09","5","0","0","0","1","0","0"
"POINT (13.392580404000057 52.429389198000081)","Unfall 51350 (2019) Kat:2, Licht: 0","51350","2","6","6","04","13","3","0","0","1","0","1","0"
"POINT (13.447529918000043 52.503552451000076)","Unfall 51351 (2019) Kat:3, Licht: 0","51351","3","7","2","10","16","5","1","0","0","1","0","0"
"POINT (13.403699650000021 52.569076389000031)","Unfall 51352 (2019) Kat:3, Licht: 0","51352","3","6","2","08","14","1","0","0","0","1","0","0"
"POINT (13.477894743000036 52.513469594000071)","Unfall 51354 (2019) Kat:3, Licht: 0","51354","3","6","2","05","08","7","0","0","0","1","0","0"
"POINT (13.365939093000065 52.555655139000066)","Unfall 51355 (2019) Kat:3, Licht: 0","51355","3","5","1","07","15","5","0","0","0","1","0","1"
"POINT (13.459582659000034 52.492761743000074)","Unfall 51356 (2019) Kat:3, Licht: 0","51356","3","4","6","04","13","3","0","0","0","1","1","0"
"POINT (13.436113747000036 52.619981660000064)","Unfall 51357 (2019) Kat:3, Licht: 2","51357","3","6","2","11","17","1","1","2","0","1","0","0"
"POINT (13.453733947000046 52.515956731000074)","Unfall 51358 (2019) Kat:3, Licht: 0","51358","3","4","6","06","08","7","0","0","0","1","1","0"
"POINT (13.395061722000037 52.467122552000035)","Unfall 51359 (2019) Kat:3, Licht: 2","51359","3","6","3","12","18","5","0","2","0","1","0","0"
"POINT (13.277952616000050 52.502066676000027)","Unfall 51360 (2019) Kat:2, Licht: 0","51360","2","1","0","07","12","5","0","0","0","0","0","1"
"POINT (13.301851634000059 52.486746095000058)","Unfall 51361 (2019) Kat:3, Licht: 0","51361","3","6","2","04","14","3","0","0","0","1","0","0"
"POINT (13.275965040000074 52.509542681000028)","Unfall 51362 (2019) Kat:2, Licht: 0","51362","2","7","0","10","14","7","0","0","0","1","0","0"
"POINT (13.446872925000037 52.613072931000033)","Unfall 51363 (2019) Kat:3, Licht: 0","51363","3","6","2","08","13","1","0","0","0","1","0","0"
"POINT (13.284731921000059 52.596747266000079)","Unfall 51364 (2019) Kat:3, Licht: 0","51364","3","7","8","07","17","4","0","0","0","1","0","0"
"POINT (13.307111220000024 52.484624003000079)","Unfall 51365 (2019) Kat:3, Licht: 0","51365","3","6","2","04","15","3","0","0","0","1","0","0"
"POINT (13.406773518000023 52.515040771000031)","Unfall 51366 (2019) Kat:3, Licht: 2","51366","3","7","2","10","06","4","1","2","0","1","0","0"
"POINT (13.186529627000027 52.515143072000058)","Unfall 51367 (2019) Kat:3, Licht: 0","51367","3","2","0","06","09","6","0","0","1","1","0","0"
"POINT (13.347296825000058 52.476602483000079)","Unfall 51368 (2019) Kat:2, Licht: 0","51368","2","1","8","08","18","1","0","0","0","1","0","0"
"POINT (13.291145177000033 52.493864889000065)","Unfall 51369 (2019) Kat:3, Licht: 2","51369","3","1","9","12","19","7","0","2","0","1","0","0"
"POINT (13.294307412000023 52.491788338000049)","Unfall 51370 (2019) Kat:3, Licht: 0","51370","3","6","2","05","19","7","0","0","0","1","0","0"
"POINT (13.446468037000045 52.463031954000030)","Unfall 51371 (2019) Kat:3, Licht: 0","51371","3","6","2","04","15","3","0","0","0","1","0","0"
"POINT (13.283095354000068 52.528827609000075)","Unfall 51372 (2019) Kat:3, Licht: 0","51372","3","6","2","11","12","2","0","0","0","1","0","0"
"POINT (13.303039423000030 52.550872228000060)","Unfall 51373 (2019) Kat:3, Licht: 0","51373","3","6","2","05","12","7","0","0","0","1","0","0"
"POINT (13.485036664000063 52.473450805000027)","Unfall 51374 (2019) Kat:2, Licht: 2","51374","2","4","6","11","18","7","0","2","0","1","1","0"
"POINT (13.303841294000051 52.485260923000055)","Unfall 51375 (2019) Kat:3, Licht: 0","51375","3","6","2","07","14","4","0","0","0","1","0","0"
"POINT (13.358670849000077 52.408314680000046)","Unfall 51376 (2019) Kat:3, Licht: 0","51376","3","7","6","04","07","3","0","0","0","1","1","0"