WKT,Name,OBJECTID,UKATEGORIE,UTYP1,UART,UMONAT,USTUNDE,UWOCHENTAG,STRZUSTAND,ULICHTVERH,ISTRAD,ISTPKW,ISTFUSS,ISTKRAD
"POINT (13.326490469000078 52.477819454000041)","Unfall 51377 (2019) Kat:3, Licht: 0","51377","3","6","2","07","17","4","0","0","0","1","0","0"
"POINT (13.460769597000024 52.493888829000070)","Unfall 51378 (2019) Kat:3, Licht: 0","51378","3","4","6","04","07","3","0","0","0","0","1","1"
"POINT (13.359026210000025 52.573391940000079)","Unfall 51379 (2019) Kat:3, Licht: 2","51379","3","2","5","11","20","2","1","2","0","1","0","0"
"POINT (13.361405846000025 52.474127625000051)","Unfall 51380 (2019) Kat:2, Licht: 0","51380","2","1","0","06","11","2","0","0","0","0","0","1"
"POINT (13.293062888000065 52.533588412000029)","Unfall 51381 (2019) Kat:3, Licht: 0","51381","3","6","2","08","16","7","0","0","0","1","0","0"
"POINT (13.299980688000062 52.547442258000046)","Unfall 51382 (2019) Kat:3, Licht: 0","51382","3","6","2","12","14","6","1","0","0","1","0","0"
"POINT (13.402803265000045 52.584634353000069)","Unfall 51383 (2019) Kat:3, Licht: 0","51383","3","2","5","07","06","4","0","0","1","0","0","0"
"POINT (13.433336866000047 52.536212028000079)","Unfall 51384 (2019) Kat:3, Licht: 0","51384","3","2","0","04","07","2","1","0","1","1","0","0"
"POINT (13.477429106000045 52.513515070000039)","Unfall 51385 (2019) Kat:3, Licht: 0","51385","3","2","0","10","07","2","0","0","1","1","0","0"
"POINT (13.562062697000044 52.508582048000051)","Unfall 51386 (2019) Kat:3, Licht: 0","51386","3","6","2","08","14","7","0","0","0","1","0","0"
"POINT (13.371563745000060 52.515819983000029)","Unfall 51387 (2019) Kat:3, Licht: 0","51387","3","6","3","07","06","4","0","0","0","1","0","0"
"POINT (13.441192400000034 52.462944932000028)","Unfall 51388 (2019) Kat:3, Licht: 2","51388","3","3","5","04","06","2","0","2","0","1","0","0"
"POINT (13.285383314000057 52.494802705000041)","Unfall 51389 (2019) Kat:2, Licht: 2","51389","2","1","8","10","23","6","1","2","0","1","0","0"
"POINT (13.405853856000022 52.520662268000081)","Unfall 51390 (2019) Kat:3, Licht: 0","51390","3","3","5","06","16","6","0","0","1","0","0","0"
"POINT (13.363283245000048 52.565597590000039)","Unfall 51391 (2019) Kat:3, Licht: 0","51391","3","2","5","08","13","7","0","0","1","1","0","0"
"POINT (13.377835272000027 52.433865089000051)","Unfall 51393 (2019) Kat:3, Licht: 0","51393","3","6","4","05","12","7","0","0","1","0","0","0"
"POINT (13.433046231000048 52.536309568000036)","Unfall 51394 (2019) Kat:3, Licht: 2","51394","3","3","5","04","05","2","0","2","0","1","0","0"
"POINT (13.424428062000061 52.539245629000050)","Unfall 51395 (2019) Kat:3, Licht: 0","51395","3","2","6","11","15","3","0","0","0","1","1","0"
"POINT (13.621051290000025 52.504282762000059)","Unfall 51396 (2019) Kat:3, Licht: 0","51396","3","6","2","05","14","7","0","0","0","1","0","0"
"POINT (13.311254348000034 52.566979712000034)","Unfall 51397 (2019) Kat:3, Licht: 0","51397","3","3","5","11","12","7","0","0","0","1","0","0"
"POINT (13.203644868000026 52.423609649000070)","Unfall 51398 (2019) Kat:3, Licht: 0","51398","3","5","1","07","10","3","0","0","0","1","0","0"
"POINT (13.282962160000068 52.528635561000044)","Unfall 51399 (2019) Kat:3, Licht: 0","51399","3","6","2","04","16","2","0","0","0","1","0","0"
"POINT (13.158680274000062 52.419504303000053)","Unfall 51400 (2019) Kat:2, Licht: 0","51400","2","2","5","10","16","3","0","0","1","1","0","0"
"POINT (13.457260137000048 52.549753575000068)","Unfall 51401 (2019) Kat:3, Licht: 0","51401","3","5","1","08","11","7","0","0","0","1","0","0"
"POINT (13.368976729000053 52.507503269000040)","Unfall 51403 (2019) Kat:3, Licht: 0","51403","3","6","2","07","17","3","0","0","0","1","0","0"
"POINT (13.460068026000044 52.493608290000054)","Unfall 51404 (2019) Kat:3, Licht: 0","51404","3","6","2","04","14","2","0","0","0","1","0","0"
"POINT (13.367312468000023 52.551483733000055)","Unfall 51405 (2019) Kat:3, Licht: 2","51405","3","3","5","09","00","7","0","2","0","1","0","0"
"POINT (13.294434984000077 52.491872862000037)","Unfall 51406 (2019) Kat:3, Licht: 0","51406","3","6","2","06","20","2","0","0","0","1","0","0"
"POINT (13.620202833000064 52.504255539000042)","Unfall 51407 (2019) Kat:3, Licht: 0","51407","3","6","2","08","07","7","0","0","0","1","0","0"
"POINT (13.293811942000048 52.537391796000065)","Unfall 51408 (2019) Kat:3, Licht: 0","51408","3","6","2","12","13","4","0","0","0","1","0","0"
"POINT (13.299740998000061 52.488281475000065)","Unfall 51409 (2019) Kat:2, Licht: 0","51409","2","6","2","05","14","7","0","0","0","1","0","0"
"POINT (13.281544479000047 52.522574790000078)","Unfall 51410 (2019) Kat:3, Licht: 0","51410","3","6","2","07","09","3","0","0","0","1","0","0"
"POINT (13.406318390000024 52.397170557000038)","Unfall 51411 (2019) Kat:3, Licht: 0","51411","3","1","1","04","13","2","0","0","0","1","0","0"
"POINT (13.295634735000021 52.491207275000079)","Unfall 51412 (2019) Kat:3, Licht: 2","51412","3","3","5","11","20","4","1","2","0","1","0","0"
"POINT (13.389142912000068 52.498003370000049)","Unfall 51413 (2019) Kat:3, Licht: 2","51413","3","3","5","11","18","7","0","2","0","1","0","0"
"POINT (13.377181736000068 52.500385861000041)","Unfall 51414 (2019) Kat:3, Licht: 2","51414","3","3","5","07","22","3","0","2","1","1","0","0"
"POINT (13.461982356000021 52.495143822000045)","Unfall 51415 (2019) Kat:3, Licht: 0","51415","3","2","5","04","10","2","0","0","1","1","0","0"
"POINT (13.296915261000038 52.511047006000069)","Unfall 51416 (2019) Kat:3, Licht: 0","51416","3","6","3","10","10","3","0","0","0","1","0","0"
"POINT (13.282983517000048 52.518766804000052)","Unfall 51417 (2019) Kat:2, Licht: 0","51417","2","6","2","08","12","6","0","0","0","1","0","0"
"POINT (13.380570010000042 52.438034174000052)","Unfall 51419 (2019) Kat:3, Licht: 0","51419","3","2","2","05","16","7","0","0","0","1","0","1"
"POINT (13.387572027000033 52.438991448000081)","Unfall 51420 (2019) Kat:3, Licht: 0","51420","3","3","5","07","19","3","0","0","0","0","0","1"
"POINT (13.426478734000057 52.530728930000066)","Unfall 51421 (2019) Kat:3, Licht: 0","51421","3","6","3","04","09","2","0","0","1","1","0","0"
"POINT (13.295149743000025 52.539821999000026)","Unfall 51422 (2019) Kat:3, Licht: 0","51422","3","6","2","11","11","6","0","0","0","1","0","0"
"POINT (13.452175072000045 52.512092073000076)","Unfall 51423 (2019) Kat:3, Licht: 0","51423","3","6","3","06","07","5","1","0","0","1","0","1"
"POINT (13.384219729000051 52.458582817000035)","Unfall 51424 (2019) Kat:3, Licht: 0","51424","3","5","1","08","18","6","0","0","1","1","0","0"
"POINT (13.476688471000045 52.513440599000035)","Unfall 51425 (2019) Kat:3, Licht: 0","51425","3","2","5","12","08","3","1","0","1","1","0","0"
"POINT (13.424300314000050 52.539275587000077)","Unfall 51426 (2019) Kat:2, Licht: 2","51426","2","4","6","05","23","6","0","2","0","1","1","0"
"POINT (13.388633043000027 52.497674457000073)","Unfall 51427 (2019) Kat:3, Licht: 0","51427","3","6","2","07","19","2","0","0","0","1","0","0"
"POINT (13.096844207000061 52.413252890000081)","Unfall 51428 (2019) Kat:3, Licht: 0","51428","3","5","5","10","14","5","0","0","0","1","0","0"
"POINT (13.295324713000070 52.446440720000055)","Unfall 51429 (2019) Kat:3, Licht: 2","51429","3","1","0","07","22","2","0","2","1","0","0","0"
"POINT (13.358924975000036 52.489109730000052)","Unfall 51430 (2019) Kat:3, Licht: 2","51430","3","6","2","09","20","5","0","2","0","1","0","1"
"POINT (13.301710013000047 52.511173971000062)","Unfall 51431 (2019) Kat:3, Licht: 0","51431","3","3","5","04","09","2","0","0","0","1","0","1"
"POINT (13.405018533000032 52.513653422000061)","Unfall 51432 (2019) Kat:3, Licht: 2","51432","3","6","2","10","22","4","0","2","0","1","0","0"
"POINT (13.385783938000031 52.481001723000077)","Unfall 51433 (2019) Kat:3, Licht: 0","51433","3","7","0","08","18","6","0","0","1","0","0","0"
"POINT (13.462847077000049 52.497998461000066)","Unfall 51435 (2019) Kat:3, Licht: 2","51435","3","6","2","05","23","6","0","2","0","1","0","0"
"POINT (13.340010221000057 52.478739408000081)","Unfall 51436 (2019) Kat:2, Licht: 0","51436","2","1","0","07","14","2","1","0","0","0","0","1"
"POINT (13.368479908000040 52.541022854000062)","Unfall 51437 (2019) Kat:3, Licht: 0","51437","3","3","5","04","08","2","0","0","1","1","0","0"
"POINT (13.358462914000029 52.408051806000060)","Unfall 51438 (2019) Kat:3, Licht: 1","51438","3","3","0","11","16","7","0","1","1","1","0","0"
"POINT (13.305508722000070 52.511422668000080)","Unfall 51439 (2019) Kat:3, Licht: 0","51439","3","6","2","06","19","7","0","0","0","1","0","0"
"POINT (13.363131475000046 52.535715816000049)","Unfall 51440 (2019) Kat:3, Licht: 0","51440","3","3","5","12","11","4","0","0","0","1","0","0"
"POINT (13.389268745000038 52.497470678000070)","Unfall 51441 (2019) Kat:3, Licht: 0","51441","3","2","0","07","19","1","0","0","1","1","0","0"
"POINT (13.398381965000056 52.579170163000072)","Unfall 51442 (2019) Kat:2, Licht: 0","51442","2","7","0","04","07","2","0","0","0","1","0","0"
"POINT (13.366433350000023 52.472347102000072)","Unfall 51443 (2019) Kat:3, Licht: 2","51443","3","6","2","10","19","6","0","2","0","1","0","1"
"POINT (13.512301220000040 52.454706396000063)","Unfall 51444 (2019) Kat:2, Licht: 0","51444","2","3","5","08","17","6","0","0","1","1","0","0"
"POINT (13.360921058000031 52.492726411000035)","Unfall 51445 (2019) Kat:3, Licht: 2","51445","3","6","0","07","23","1","0","2","0","1","0","0"
"POINT (13.473248778000027 52.513930671000026)","Unfall 51446 (2019) Kat:3, Licht: 0","51446","3","3","5","03","16","1","0","0","1","0","0","1"
"POINT (13.420201208000037 52.525173738000035)","Unfall 51447 (2019) Kat:2, Licht: 0","51447","2","2","5","10","08","4","1","0","0","1","0","0"
"POINT (13.384224762000031 52.453473625000072)","Unfall 51448 (2019) Kat:3, Licht: 0","51448","3","6","2","06","19","5","0","0","0","1","0","0"
"POINT (13.386427864000041 52.490326700000026)","Unfall 51449 (2019) Kat:3, Licht: 2","51449","3","5","1","08","23","6","0","2","1","1","0","0"
"POINT (13.452863072000071 52.519117608000045)","Unfall 51450 (2019) Kat:3, Licht: 1","51450","3","4","6","12","19","6","1","1","0","1","1","0"
"POINT (13.365499040000032 52.533320362000040)","Unfall 51451 (2019) Kat:3, Licht: 0","51451","3","6","2","05","17","6","0","0","0","1","0","0"
"POINT (13.315366788000063 52.613092169000026)","Unfall 51452 (2019) Kat:3, Licht: 1","51452","3","1","0","03","19","1","0","1","0","0","0","1"
"POINT (13.453466397000057 52.518258723000031)","Unfall 51453 (2019) Kat:3, Licht: 2","51453","3","1","9","11","06","1","0","2","0","1","0","0"
"POINT (13.403062414000033 52.594391087000076)","Unfall 51454 (2019) Kat:3, Licht: 0","51454","3","1","3","05","10","6","0","0","1","1","0","0"
"POINT (13.447932765000076 52.547075043000063)","Unfall 51455 (2019) Kat:3, Licht: 2","51455","3","2","6","11","18","5","1","2","0","1","1","0"
"POINT (13.367309393000028 52.551488429000074)","Unfall 51456 (2019) Kat:3, Licht: 0","51456","3","2","5","07","06","1","0","0","0","1","0","0"
"POINT (13.327596311000036 52.538695847000042)","Unfall 51457 (2019) Kat:2, Licht: 0","51457","2","6","3","03","16","1","0","0","0","1","0","1"
"POINT (13.368370635000076 52.541125882000074)","Unfall 51458 (2019) Kat:2, Licht: 2","51458","2","2","5","10","01","1","0","2","0","1","0","0"
"POINT (13.380447997000033 52.469876488000068)","Unfall 51459 (2019) Kat:3, Licht: 0","51459","3","6","2","08","16","6","0","0","0","1","0","0"
"POINT (13.280330822000053 52.500335808000045)","Unfall 51461 (2019) Kat:3, Licht: 0","51461","3","6","3","05","16","6","0","0","0","1","0","0"
"POINT (13.514247713000032 52.453384811000035)","Unfall 51462 (2019) Kat:3, Licht: 2","51462","3","4","0","07","23","7","1","2","0","0","1","1"
"POINT (13.420167277000076 52.525144830000045)","Unfall 51463 (2019) Kat:3, Licht: 0","51463","3","4","6","03","12","7","0","0","0","1","1","0"
"POINT (13.353733034000072 52.484998089000044)","Unfall 51464 (2019) Kat:3, Licht: 2","51464","3","5","1","06","23","7","0","2","1","1","0","0"
"POINT (13.414637116000051 52.556074641000066)","Unfall 51465 (2019) Kat:2, Licht: 0","51465","2","2","5","08","15","6","0","0","1","0","0","0"
"POINT (13.214686782000058 52.427528711000036)","Unfall 51466 (2019) Kat:3, Licht: 0","51466","3","2","5","12","13","2","1","0","0","1","0","0"
"POINT (13.419515899000032 52.525106299000072)","Unfall 51467 (2019) Kat:3, Licht: 0","51467","3","2","5","05","09","6","0","0","1","1","0","0"
"POINT (13.358677270000044 52.408322797000039)","Unfall 51468 (2019) Kat:2, Licht: 0","51468","2","3","5","07","16","7","0","0","0","1","0","0"
"POINT (13.426957146000063 52.635243646000049)","Unfall 51469 (2019) Kat:3, Licht: 0","51469","3","6","2","03","10","6","0","0","0","1","0","0"
"POINT (13.510633307000035 52.428509826000038)","Unfall 51470 (2019) Kat:3, Licht: 2","51470","3","6","2","11","17","2","0","2","0","1","0","0"
"POINT (13.313306890000035 52.621004397000036)","Unfall 51471 (2019) Kat:3, Licht: 0","51471","3","3","5","07","15","7","0","0","1","1","0","0"
"POINT (13.499162730000023 52.621123278000027)","Unfall 51472 (2019) Kat:2, Licht: 0","51472","2","6","2","03","16","6","0","0","0","1","0","0"
"POINT (13.416206574000057 52.540536135000082)","Unfall 51473 (2019) Kat:3, Licht: 2","51473","3","7","5","10","19","1","1","2","1","0","0","0"
"POINT (13.441302973000063 52.462640361000069)","Unfall 51474 (2019) Kat:3, Licht: 0","51474","3","6","2","08","15","6","0","0","0","1","0","0"
"POINT (13.386057607000055 52.483915527000079)","Unfall 51476 (2019) Kat:3, Licht: 0","51476","3","7","2","05","12","6","0","0","0","1","0","0"
"POINT (13.377775141000029 52.433739207000031)","Unfall 51477 (2019) Kat:3, Licht: 0","51477","3","2","2","07","13","7","0","0","0","1","0","1"
"POINT (13.334865237000031 52.513544110000055)","Unfall 51478 (2019) Kat:3, Licht: 2","51478","3","1","0","03","19","6","0","2","1","0","0","0"
"POINT (13.315408427000023 52.613175252000076)","Unfall 51479 (2019) Kat:2, Licht: 0","51479","2","2","6","11","13","4","0","0","0","1","1","0"
"POINT (13.424578520000068 52.540043966000042)","Unfall 51480 (2019) Kat:3, Licht: 0","51480","3","4","6","10","14","2","0","0","1","0","1","0"
"POINT (13.482913489000055 52.580952911000054)","Unfall 51481 (2019) Kat:3, Licht: 0","51481","3","3","5","08","11","6","0","0","1","1","0","0"
"POINT (13.379250092000063 52.470036215000050)","Unfall 51483 (2019) Kat:2, Licht: 0","51483","2","7","0","05","09","6","0","0","0","1","0","0"
"POINT (13.377803169000060 52.433798010000032)","Unfall 51484 (2019) Kat:3, Licht: 0","51484","3","3","2","07","12","7","0","0","0","1","0","0"
"POINT (13.457726179000076 52.491758226000059)","Unfall 51485 (2019) Kat:3, Licht: 0","51485","3","3","5","03","11","5","1","0","0","1","0","0"
"POINT (13.304170836000026 52.449602848000040)","Unfall 51486 (2019) Kat:3, Licht: 0","51486","3","2","5","06","12","2","0","0","0","0","0","1"
"POINT (13.320837922000067 52.512701767000067)","Unfall 51487 (2019) Kat:3, Licht: 0","51487","3","6","2","08","12","6","0","0","0","1","0","1"
"POINT (13.323656564000032 52.607950190000054)","Unfall 51488 (2019) Kat:3, Licht: 2","51488","3","2","6","12","17","2","0","2","0","0","1","0"
"POINT (13.352359802000024 52.480001130000062)","Unfall 51489 (2019) Kat:3, Licht: 0","51489","3","7","0","05","12","5","1","0","1","0","0","0"
"POINT (13.367381268000031 52.551368133000040)","Unfall 51490 (2019) Kat:2, Licht: 0","51490","2","2","5","07","09","6","0","0","1","0","0","0"
"POINT (13.295306052000058 52.491362911000067)","Unfall 51491 (2019) Kat:3, Licht: 0","51491","3","6","2","03","15","5","0","0","0","1","0","0"
"POINT (13.378154553000059 52.434532187000059)","Unfall 51492 (2019) Kat:3, Licht: 1","51492","3","6","0","11","16","3","0","1","0","1","0","0"
"POINT (13.436700078000058 52.534594077000065)","Unfall 51493 (2019) Kat:3, Licht: 2","51493","3","6","2","11","18","6","0","2","0","1","0","0"
"POINT (13.385517630000038 52.470301856000049)","Unfall 51494 (2019) Kat:3, Licht: 2","51494","3","2","5","07","21","6","0","2","0","1","0","1"
"POINT (13.283781188000034 52.510054189000073)","Unfall 51495 (2019) Kat:3, Licht: 2","51495","3","6","3","03","19","5","1","2","0","1","0","0"
"POINT (13.416118216000029 52.522118136000074)","Unfall 51496 (2019) Kat:3, Licht: 2","51496","3","2","3","10","20","2","0","2","1","1","0","0"
"POINT (13.414800428000035 52.554981591000058)","Unfall 51497 (2019) Kat:3, Licht: 0","51497","3","6","3","08","07","6","0","0","0","1","0","1"
"POINT (13.345782756000062 52.580450772000063)","Unfall 51499 (2019) Kat:3, Licht: 0","51499","3","3","0","05","10","5","1","0","1","1","0","0"
"POINT (13.428093429000057 52.518932396000082)","Unfall 51500 (2019) Kat:3, Licht: 0","51500","3","2","3","07","18","6","0","0","0","1","0","1"
"POINT (13.368493086000058 52.541014646000065)","Unfall 51501 (2019) Kat:3, Licht: 0","51501","3","2","5","03","08","4","0","0","1","1","0","0"
"POINT (13.301334893000046 52.511339460000045)","Unfall 51502 (2019) Kat:3, Licht: 2","51502","3","4","6","11","16","4","0","2","0","1","1","0"
"POINT (13.591435064000052 52.504963943000064)","Unfall 51503 (2019) Kat:2, Licht: 0","51503","2","6","2","06","16","4","0","0","0","0","0","1"
"POINT (13.404698491000033 52.519848626000055)","Unfall 51504 (2019) Kat:3, Licht: 2","51504","3","7","0","08","00","6","0","2","0","0","0","0"
"POINT (13.428498776000026 52.537879055000076)","Unfall 51505 (2019) Kat:3, Licht: 2","51505","3","3","5","12","05","2","0","2","1","1","0","0"
"POINT (13.347842787000047 52.574443691000056)","Unfall 51506 (2019) Kat:3, Licht: 0","51506","3","2","0","07","12","6","0","0","1","1","0","0"
"POINT (13.278703685000039 52.509725635000052)","Unfall 51507 (2019) Kat:3, Licht: 0","51507","3","5","0","09","17","5","0","0","0","1","0","1"
"POINT (13.558577612000022 52.562770577000038)","Unfall 51508 (2019) Kat:3, Licht: 2","51508","3","6","2","10","22","4","0","2","0","1","0","0"
"POINT (13.301410779000037 52.511154352000062)","Unfall 51509 (2019) Kat:2, Licht: 0","51509","2","2","5","08","18","5","0","0","1","1","0","0"
"POINT (13.300339390000033 52.488001551000082)","Unfall 51510 (2019) Kat:3, Licht: 0","51510","3","7","0","07","10","6","1","0","0","0","0","1"
"POINT (13.260574973000075 52.434982318000039)","Unfall 51511 (2019) Kat:3, Licht: 2","51511","3","2","5","09","19","5","0","2","1","1","0","0"
"POINT (13.284844231000022 52.515371839000068)","Unfall 51512 (2019) Kat:3, Licht: 0","51512","3","6","2","03","15","4","0","0","0","1","0","0"
"POINT (13.315878415000043 52.478766548000067)","Unfall 51513 (2019) Kat:3, Licht: 0","51513","3","6","2","10","16","3","0","0","0","1","0","0"
"POINT (13.295677749000049 52.491140776000066)","Unfall 51514 (2019) Kat:3, Licht: 0","51514","3","6","2","08","16","5","0","0","0","1","0","0"
"POINT (13.444281854000053 52.639038717000062)","Unfall 51516 (2019) Kat:2, Licht: 0","51516","2","3","5","05","18","5","1","0","1","1","0","0"
"POINT (13.390392124000073 52.618527875000041)","Unfall 51517 (2019) Kat:3, Licht: 0","51517","3","2","6","07","06","6","0","0","0","0","1","0"
"POINT (13.356898131000037 52.486832316000061)","Unfall 51518 (2019) Kat:2, Licht: 2","51518","2","1","9","03","23","4","1","2","0","1","0","1"
"POINT (13.365257546000066 52.558085498000082)","Unfall 51519 (2019) Kat:3, Licht: 0","51519","3","3","5","11","09","7","1","0","0","1","0","0"
"POINT (13.355407069000023 52.485790942000051)","Unfall 51520 (2019) Kat:3, Licht: 0","51520","3","7","0","05","13","5","1","0","0","0","0","1"
"POINT (13.340116888000068 52.513753762000078)","Unfall 51521 (2019) Kat:3, Licht: 0","51521","3","7","5","08","16","5","0","0","0","1","0","0"
"POINT (13.537088131000075 52.533728349000057)","Unfall 51522 (2019) Kat:3, Licht: 0","51522","3","6","2","12","13","4","0","0","0","1","0","0"
"POINT (13.300436186000070 52.487930277000032)","Unfall 51523 (2019) Kat:3, Licht: 0","51523","3","6","2","07","09","6","0","0","0","1","0","0"
"POINT (13.170834392000074 52.510301764000076)","Unfall 51524 (2019) Kat:3, Licht: 0","51524","3","6","2","03","08","4","1","0","0","1","0","0"
"POINT (13.305399467000029 52.511415653000029)","Unfall 51525 (2019) Kat:3, Licht: 0","51525","3","6","2","10","13","6","0","0","0","1","0","1"
"POINT (13.364734309000028 52.560816086000045)","Unfall 51526 (2019) Kat:3, Licht: 0","51526","3","7","5","08","16","5","0","0","1","1","0","0"
"POINT (13.558312555000043 52.562917479000077)","Unfall 51527 (2019) Kat:2, Licht: 1","51527","2","3","5","07","04","6","0","1","0","1","0","0"
"POINT (13.445659507000073 52.546092396000063)","Unfall 51528 (2019) Kat:2, Licht: 0","51528","2","4","6","03","07","4","0","0","0","1","1","0"
"POINT (13.573547064000024 52.505223274000059)","Unfall 51529 (2019) Kat:3, Licht: 0","51529","3","1","0","10","11","3","1","0","0","0","0","1"
"POINT (13.427836195000054 52.567875905000051)","Unfall 51530 (2019) Kat:3, Licht: 0","51530","3","3","6","06","17","4","0","0","0","1","1","0"
"POINT (13.321709114000043 52.561215892000064)","Unfall 51531 (2019) Kat:2, Licht: 0","51531","2","1","9","08","15","5","0","0","0","0","0","1"
"POINT (13.369959542000061 52.542079994000062)","Unfall 51532 (2019) Kat:3, Licht: 2","51532","3","6","2","12","21","4","1","2","0","1","0","0"
"POINT (13.467144949000044 52.514399668000067)","Unfall 51533 (2019) Kat:3, Licht: 0","51533","3","6","2","05","09","5","1","0","0","1","0","0"
"POINT (13.421459526000035 52.461518877000060)","Unfall 51534 (2019) Kat:3, Licht: 0","51534","3","7","0","03","05","4","0","0","0","1","0","0"
"POINT (13.281285621000052 52.441520391000040)","Unfall 51535 (2019) Kat:2, Licht: 2","51535","2","3","5","11","19","7","1","2","0","1","0","0"
"POINT (13.484240641000042 52.512820139000041)","Unfall 51536 (2019) Kat:3, Licht: 0","51536","3","7","6","05","07","5","1","0","0","1","1","0"
"POINT (13.394718633000025 52.510701439000059)","Unfall 51537 (2019) Kat:3, Licht: 2","51537","3","6","3","11","17","4","1","2","1","1","0","0"
"POINT (13.285435633000077 52.509872808000068)","Unfall 51538 (2019) Kat:3, Licht: 0","51538","3","6","2","07","14","5","0","0","0","1","0","0"
"POINT (13.370297948000029 52.421956205000072)","Unfall 51539 (2019) Kat:3, Licht: 1","51539","3","7","6","03","17","4","1","1","1","0","1","0"
"POINT (13.456007564000060 52.461389957000051)","Unfall 51540 (2019) Kat:3, Licht: 0","51540","3","6","2","10","14","7","0","0","0","1","0","0"
"POINT (13.359571360000075 52.572731696000062)","Unfall 51541 (2019) Kat:2, Licht: 0","51541","2","6","0","08","18","5","0","0","0","0","0","1"
"POINT (13.326665789000060 52.477935597000055)","Unfall 51543 (2019) Kat:2, Licht: 0","51543","2","6","2","05","07","5","1","0","0","1","0","0"
"POINT (13.330404602000044 52.601375493000035)","Unfall 51544 (2019) Kat:3, Licht: 0","51544","3","7","5","09","13","5","0","0","0","1","0","0"
"POINT (13.450619100000040 52.501693804000070)","Unfall 51545 (2019) Kat:2, Licht: 1","51545","2","2","5","07","21","5","0","1","1","1","0","0"
"POINT (13.411972785000046 52.541126226000074)","Unfall 51546 (2019) Kat:3, Licht: 0","51546","3","4","6","03","15","3","0","0","0","1","1","0"
"POINT (13.366378556000029 52.503861578000055)","Unfall 51547 (2019) Kat:3, Licht: 0","51547","3","6","2","06","20","7","0","0","0","1","0","0"
"POINT (13.428314133000072 52.532314138000061)","Unfall 51548 (2019) Kat:3, Licht: 0","51548","3","4","0","08","11","5","0","0","1","0","1","0"
"POINT (13.389026954000030 52.494584209000038)","Unfall 51549 (2019) Kat:3, Licht: 0","51549","3","1","1","12","12","1","0","0","0","1","0","0"
"POINT (13.363520454000025 52.565519632000075)","Unfall 51550 (2019) Kat:3, Licht: 0","51550","3","6","4","05","17","5","0","0","1","0","0","0"
"POINT (13.260251757000049 52.435041476000038)","Unfall 51551 (2019) Kat:3, Licht: 0","51551","3","2","2","07","16","5","0","0","1","0","0","0"
"POINT (13.389253779000057 52.497530896000058)","Unfall 51552 (2019) Kat:2, Licht: 2","51552","2","4","6","11","03","1","1","2","0","1","1","0"
"POINT (13.289262935000068 52.510559578000027)","Unfall 51553 (2019) Kat:3, Licht: 0","51553","3","2","5","07","14","5","0","0","1","1","0","0"
"POINT (13.347759398000051 52.476207201000079)","Unfall 51554 (2019) Kat:3, Licht: 0","51554","3","6","2","03","09","3","0","0","0","1","0","0"
"POINT (13.280964411000070 52.499124222000034)","Unfall 51555 (2019) Kat:3, Licht: 2","51555","3","6","2","10","19","1","0","2","0","1","0","0"
"POINT (13.407046036000054 52.521262353000054)","Unfall 51556 (2019) Kat:3, Licht: 0","51556","3","7","6","08","11","5","0","0","0","0","1","1"
"POINT (13.406547750000072 52.399443582000060)","Unfall 51558 (2019) Kat:3, Licht: 0","51558","3","6","2","05","15","4","0","0","0","1","0","0"
"POINT (13.424040982000065 52.528279094000027)","Unfall 51559 (2019) Kat:3, Licht: 0","51559","3","2","5","07","14","5","0","0","1","1","0","0"
"POINT (13.289368065000076 52.510566211000082)","Unfall 51560 (2019) Kat:3, Licht: 0","51560","3","6","2","03","10","3","0","0","0","1","0","0"
"POINT (13.282428272000061 52.510133164000081)","Unfall 51561 (2019) Kat:3, Licht: 0","51561","3","6","2","11","15","3","0","0","0","1","0","0"
"POINT (13.411399326000037 52.518911384000035)","Unfall 51562 (2019) Kat:3, Licht: 0","51562","3","6","2","06","13","3","0","0","0","1","0","0"
"POINT (13.444984718000057 52.545524488000069)","Unfall 51563 (2019) Kat:2, Licht: 0","51563","2","2","5","08","11","5","0","0","1","1","0","0"
"POINT (13.368485982000038 52.538826521000033)","Unfall 51564 (2019) Kat:3, Licht: 2","51564","3","6","2","12","19","7","1","2","0","1","0","0"
"POINT (13.448730839000063 52.505242528000053)","Unfall 51565 (2019) Kat:2, Licht: 0","51565","2","5","1","07","14","5","0","0","1","0","0","1"
"POINT (13.413348520000056 52.548318774000052)","Unfall 51566 (2019) Kat:3, Licht: 0","51566","3","6","2","10","13","3","0","0","0","1","0","0"
"POINT (13.260314395000023 52.435163535000072)","Unfall 51567 (2019) Kat:3, Licht: 0","51567","3","2","5","08","09","5","0","0","1","1","0","0"
"POINT (13.558319004000055 52.562924142000043)","Unfall 51568 (2019) Kat:3, Licht: 0","51568","3","3","5","07","19","4","0","0","0","1","0","0"
"POINT (13.231901045000029 52.506886459000043)","Unfall 51569 (2019) Kat:3, Licht: 1","51569","3","3","5","03","18","2","0","1","0","1","0","0"
"POINT (13.304641474000050 52.573717973000043)","Unfall 51570 (2019) Kat:3, Licht: 2","51570","3","6","3","10","06","2","0","2","0","1","0","0"
"POINT (13.401693790000024 52.589963038000064)","Unfall 51571 (2019) Kat:3, Licht: 0","51571","3","2","5","06","11","1","0","0","1","1","0","0"
"POINT (13.431605948000026 52.518014030000074)","Unfall 51572 (2019) Kat:3, Licht: 0","51572","3","7","6","08","19","5","0","0","0","0","1","0"
"POINT (13.309875750000060 52.558492822000062)","Unfall 51574 (2019) Kat:3, Licht: 0","51574","3","6","3","05","12","4","0","0","0","1","0","1"
"POINT (13.553191064000032 52.509041759000070)","Unfall 51575 (2019) Kat:3, Licht: 0","51575","3","2","5","03","11","2","1","0","0","1","0","0"
"POINT (13.260416136000060 52.435014224000042)","Unfall 51576 (2019) Kat:3, Licht: 2","51576","3","2","5","11","20","4","1","2","0","1","0","0"
"POINT (13.290030553000065 52.493946441000048)","Unfall 51577 (2019) Kat:2, Licht: 0","51577","2","6","2","05","09","4","0","0","0","1","0","1"