WKT,Name,OBJECTID,UKATEGORIE,UTYP1,UART,UMONAT,USTUNDE,UWOCHENTAG,STRZUSTAND,ULICHTVERH,ISTRAD,ISTPKW,ISTFUSS,ISTKRAD
"POINT (13.362476529000048 52.498876351000035)","Unfall 51578 (2019) Kat:3, Licht: 0","51578","3","4","6","12","14","2","0","0","0","1","1","0"
"POINT (13.429530429000067 52.550027301000057)","Unfall 51579 (2019) Kat:3, Licht: 0","51579","3","5","1","07","19","4","0","0","1","0","0","0"
"POINT (13.365192390000061 52.472927064000032)","Unfall 51580 (2019) Kat:2, Licht: 0","51580","2","6","2","03","14","2","1","0","0","1","0","0"
"POINT (13.203080585000066 52.423383652000041)","Unfall 51581 (2019) Kat:2, Licht: 2","51581","2","1","9","10","17","4","0","2","0","1","0","0"
"POINT (13.332947488000059 52.596112841000036)","Unfall 51582 (2019) Kat:3, Licht: 0","51582","3","3","5","08","17","4","0","0","0","1","0","0"
"POINT (13.324647568000046 52.607007476000035)","Unfall 51584 (2019) Kat:3, Licht: 0","51584","3","3","5","06","10","4","0","0","1","1","0","0"
"POINT (13.212330721000058 52.426986198000066)","Unfall 51585 (2019) Kat:2, Licht: 0","51585","2","7","0","08","17","4","0","0","1","0","0","0"
"POINT (13.448051389000057 52.504229162000058)","Unfall 51586 (2019) Kat:3, Licht: 2","51586","3","6","6","12","19","1","1","2","1","0","1","0"
"POINT (13.427913658000023 52.568196578000027)","Unfall 51587 (2019) Kat:3, Licht: 0","51587","3","3","5","07","16","4","0","0","1","1","0","0"
"POINT (13.100157097000022 52.413859695000042)","Unfall 51588 (2019) Kat:3, Licht: 0","51588","3","1","1","09","17","4","1","0","0","1","0","0"
"POINT (13.385508294000033 52.447515015000079)","Unfall 51589 (2019) Kat:3, Licht: 0","51589","3","5","1","10","11","4","0","0","1","1","0","0"
"POINT (13.324958937000076 52.477945287000068)","Unfall 51590 (2019) Kat:2, Licht: 0","51590","2","6","2","08","07","4","0","0","0","0","0","1"
"POINT (13.395641914000066 52.517390187000046)","Unfall 51591 (2019) Kat:3, Licht: 0","51591","3","6","3","07","13","4","0","0","0","1","0","1"
"POINT (13.329389055000036 52.477819416000045)","Unfall 51592 (2019) Kat:3, Licht: 0","51592","3","6","2","03","15","2","0","0","0","1","0","0"
"POINT (13.348120041000072 52.574357571000064)","Unfall 51593 (2019) Kat:3, Licht: 0","51593","3","6","2","10","13","3","1","0","0","1","0","0"
"POINT (13.282926075000034 52.528577143000064)","Unfall 51594 (2019) Kat:3, Licht: 1","51594","3","6","3","08","05","4","0","1","0","1","0","0"
"POINT (13.433972922000066 52.537182502000064)","Unfall 51596 (2019) Kat:3, Licht: 0","51596","3","6","2","05","09","4","0","0","0","1","0","1"
"POINT (13.452512157000058 52.518961471000068)","Unfall 51597 (2019) Kat:3, Licht: 0","51597","3","5","0","07","10","4","0","0","1","0","0","0"
"POINT (13.281308999000032 52.441527692000079)","Unfall 51598 (2019) Kat:2, Licht: 0","51598","2","3","5","03","13","2","1","0","0","1","0","0"
"POINT (13.453624667000042 52.518491304000065)","Unfall 51599 (2019) Kat:3, Licht: 0","51599","3","3","5","11","09","5","0","0","1","1","0","0"
"POINT (13.460037242000055 52.515264861000048)","Unfall 51600 (2019) Kat:3, Licht: 0","51600","3","3","5","05","08","4","0","0","1","1","0","0"
"POINT (13.369531699000049 52.539430373000073)","Unfall 51601 (2019) Kat:3, Licht: 2","51601","3","6","2","12","18","3","1","2","0","1","0","0"
"POINT (13.318482122000034 52.478292373000045)","Unfall 51602 (2019) Kat:3, Licht: 0","51602","3","6","2","07","15","4","0","0","0","1","0","1"
"POINT (13.483306257000038 52.583060167000042)","Unfall 51603 (2019) Kat:3, Licht: 0","51603","3","2","5","03","10","1","0","0","1","1","0","0"
"POINT (13.365059881000036 52.559110773000043)","Unfall 51604 (2019) Kat:3, Licht: 2","51604","3","6","2","10","19","5","0","2","0","1","0","1"
"POINT (13.416199037000069 52.522082920000059)","Unfall 51605 (2019) Kat:3, Licht: 0","51605","3","6","6","08","15","4","0","0","0","0","1","0"
"POINT (13.536910353000053 52.530079169000032)","Unfall 51607 (2019) Kat:3, Licht: 0","51607","3","3","5","07","20","3","0","0","0","1","0","0"
"POINT (13.414548865000029 52.553049834000035)","Unfall 51608 (2019) Kat:3, Licht: 1","51608","3","6","3","03","18","1","0","1","0","1","0","1"
"POINT (13.347843230000024 52.574452669000038)","Unfall 51609 (2019) Kat:3, Licht: 0","51609","3","2","5","09","14","2","0","0","1","0","0","0"
"POINT (13.493310720000068 52.467889836000040)","Unfall 51610 (2019) Kat:3, Licht: 0","51610","3","2","5","06","07","4","0","0","0","1","0","1"
"POINT (13.476732037000033 52.513583617000052)","Unfall 51611 (2019) Kat:3, Licht: 0","51611","3","4","6","08","12","4","0","0","1","0","1","0"
"POINT (13.461888957000042 52.495067126000038)","Unfall 51612 (2019) Kat:3, Licht: 0","51612","3","6","3","12","10","7","1","0","0","1","0","0"
"POINT (13.542523476000042 52.510122763000027)","Unfall 51613 (2019) Kat:2, Licht: 2","51613","2","1","0","05","22","4","0","2","1","0","0","0"
"POINT (13.364271369000051 52.563328311000078)","Unfall 51614 (2019) Kat:3, Licht: 0","51614","3","4","6","07","12","3","0","0","1","0","1","0"
"POINT (13.302875631000063 52.511249817000078)","Unfall 51615 (2019) Kat:3, Licht: 0","51615","3","6","2","03","11","7","0","0","0","1","0","0"
"POINT (13.413291996000055 52.540932750000081)","Unfall 51616 (2019) Kat:2, Licht: 2","51616","2","7","6","11","22","6","1","2","0","1","1","0"
"POINT (13.360683779000055 52.491115853000053)","Unfall 51617 (2019) Kat:3, Licht: 2","51617","3","6","3","11","16","3","0","2","0","1","0","1"
"POINT (13.369719041000053 52.515823686000033)","Unfall 51618 (2019) Kat:3, Licht: 0","51618","3","2","5","07","18","3","0","0","1","1","0","0"
"POINT (13.283789481000042 52.530064840000080)","Unfall 51619 (2019) Kat:2, Licht: 0","51619","2","6","2","03","14","7","0","0","0","1","0","0"
"POINT (13.285736231000044 52.531635077000033)","Unfall 51620 (2019) Kat:3, Licht: 2","51620","3","6","2","10","20","5","0","2","0","1","0","0"
"POINT (13.620231201000024 52.504252154000028)","Unfall 51621 (2019) Kat:3, Licht: 0","51621","3","6","2","08","10","4","0","0","0","0","0","0"
"POINT (13.447949673000039 52.526316966000081)","Unfall 51623 (2019) Kat:3, Licht: 0","51623","3","2","5","05","18","4","0","0","1","1","0","0"
"POINT (13.197898103000057 52.438715603000048)","Unfall 51624 (2019) Kat:3, Licht: 0","51624","3","7","0","09","16","4","1","0","0","1","0","0"
"POINT (13.447927491000030 52.504052593000040)","Unfall 51625 (2019) Kat:3, Licht: 2","51625","3","4","6","07","01","3","0","2","0","1","1","0"
"POINT (13.538566978000063 52.538058683000031)","Unfall 51626 (2019) Kat:3, Licht: 0","51626","3","4","2","03","16","7","0","0","0","1","1","0"
"POINT (13.465706984000064 52.514694577000057)","Unfall 51627 (2019) Kat:3, Licht: 0","51627","3","4","6","06","11","6","0","0","1","0","1","0"
"POINT (13.373572662000072 52.509371152000028)","Unfall 51628 (2019) Kat:2, Licht: 0","51628","2","4","6","08","10","4","0","0","1","0","1","0"
"POINT (13.392667051000046 52.429850602000045)","Unfall 51629 (2019) Kat:3, Licht: 2","51629","3","1","0","12","22","6","0","2","0","0","0","1"
"POINT (13.368120432000069 52.515606113000047)","Unfall 51630 (2019) Kat:3, Licht: 0","51630","3","7","0","05","11","3","0","0","1","0","0","0"
"POINT (13.428835638000066 52.572772869000062)","Unfall 51631 (2019) Kat:3, Licht: 0","51631","3","6","2","07","17","2","0","0","0","1","0","0"
"POINT (13.175144126000077 52.419899707000070)","Unfall 51632 (2019) Kat:3, Licht: 2","51632","3","3","5","03","21","7","0","2","0","1","0","0"
"POINT (13.470789120000063 52.514036999000041)","Unfall 51633 (2019) Kat:3, Licht: 2","51633","3","3","5","11","03","7","1","2","0","1","0","0"
"POINT (13.380465401000038 52.499257151000052)","Unfall 51634 (2019) Kat:3, Licht: 0","51634","3","6","2","07","17","2","0","0","0","1","0","0"
"POINT (13.282620112000075 52.497454659000027)","Unfall 51635 (2019) Kat:3, Licht: 0","51635","3","6","3","03","13","6","0","0","0","1","0","0"
"POINT (13.453758042000061 52.515871258000061)","Unfall 51636 (2019) Kat:3, Licht: 2","51636","3","2","5","10","18","6","1","2","0","1","0","0"
"POINT (13.389741299000036 52.516928590000077)","Unfall 51637 (2019) Kat:3, Licht: 0","51637","3","6","3","08","10","4","0","0","1","1","0","0"
"POINT (13.439185263000070 52.541245929000070)","Unfall 51639 (2019) Kat:3, Licht: 1","51639","3","6","3","05","19","3","0","1","1","0","0","0"
"POINT (13.334628066000050 52.593096839000054)","Unfall 51640 (2019) Kat:3, Licht: 0","51640","3","3","5","07","12","2","0","0","1","1","0","0"
"POINT (13.420543816000077 52.525992744000064)","Unfall 51641 (2019) Kat:2, Licht: 0","51641","2","5","3","03","07","6","0","0","1","0","0","0"
"POINT (13.179091535000055 52.516648972000041)","Unfall 51642 (2019) Kat:2, Licht: 2","51642","2","4","6","11","17","2","1","2","0","1","1","0"
"POINT (13.548506030000055 52.551166336000051)","Unfall 51643 (2019) Kat:2, Licht: 2","51643","2","6","2","06","21","3","0","2","0","1","0","0"
"POINT (13.484415430000070 52.512802579000038)","Unfall 51644 (2019) Kat:3, Licht: 1","51644","3","2","5","08","20","3","0","1","1","1","0","0"
"POINT (13.380189356000074 52.499307673000033)","Unfall 51645 (2019) Kat:3, Licht: 2","51645","3","6","3","12","18","6","1","2","0","1","0","1"
"POINT (13.402879707000068 52.580771899000069)","Unfall 51646 (2019) Kat:3, Licht: 0","51646","3","5","1","07","10","2","0","0","1","1","0","0"
"POINT (13.376496175000057 52.431023151000034)","Unfall 51647 (2019) Kat:3, Licht: 0","51647","3","1","0","09","12","4","1","0","0","0","0","1"
"POINT (13.394801810000047 52.425444513000059)","Unfall 51648 (2019) Kat:3, Licht: 2","51648","3","5","1","03","04","6","0","2","0","1","0","0"
"POINT (13.487583098000073 52.512483722000070)","Unfall 51649 (2019) Kat:3, Licht: 0","51649","3","6","2","10","15","2","0","0","0","1","0","0"
"POINT (13.286232742000038 52.494535747000043)","Unfall 51650 (2019) Kat:3, Licht: 0","51650","3","6","2","08","17","3","0","0","0","1","0","0"
"POINT (13.377798478000045 52.433788210000046)","Unfall 51651 (2019) Kat:3, Licht: 0","51651","3","3","5","07","11","2","0","0","0","1","0","0"
"POINT (13.428202660000068 52.532218931000045)","Unfall 51652 (2019) Kat:3, Licht: 0","51652","3","4","6","03","12","6","0","0","0","1","1","0"
"POINT (13.361179666000055 52.495540161000065)","Unfall 51653 (2019) Kat:2, Licht: 2","51653","2","6","3","10","21","7","1","2","1","1","0","0"
"POINT (13.515090746000055 52.453017001000035)","Unfall 51654 (2019) Kat:3, Licht: 0","51654","3","2","2","06","12","7","0","0","0","1","0","0"
"POINT (13.300200245000042 52.547420913000053)","Unfall 51655 (2019) Kat:3, Licht: 0","51655","3","6","2","08","14","3","0","0","0","1","0","0"
"POINT (13.377981572000067 52.434170768000058)","Unfall 51657 (2019) Kat:3, Licht: 0","51657","3","2","5","05","18","3","0","0","1","1","0","0"
"POINT (13.194429537000076 52.419790935000037)","Unfall 51658 (2019) Kat:3, Licht: 2","51658","3","6","2","03","20","5","0","2","0","1","0","0"
"POINT (13.359278462000077 52.573302290000072)","Unfall 51659 (2019) Kat:3, Licht: 0","51659","3","6","2","11","14","3","0","0","0","1","0","0"
"POINT (13.412413052000034 52.544682333000026)","Unfall 51660 (2019) Kat:3, Licht: 0","51660","3","6","0","05","17","3","0","0","0","1","0","0"
"POINT (13.284597264000070 52.515937393000058)","Unfall 51661 (2019) Kat:3, Licht: 0","51661","3","6","2","12","12","1","0","0","0","1","0","0"
"POINT (13.411168320000058 52.385562379000078)","Unfall 51662 (2019) Kat:3, Licht: 0","51662","3","3","5","07","11","2","0","0","1","0","0","0"
"POINT (13.291641806000030 52.586262947000080)","Unfall 51663 (2019) Kat:2, Licht: 0","51663","2","6","2","03","15","5","0","0","0","1","0","0"
"POINT (13.376953617000026 52.501897472000053)","Unfall 51664 (2019) Kat:3, Licht: 1","51664","3","3","5","10","18","3","0","1","1","1","0","0"
"POINT (13.326380496000070 52.512827339000069)","Unfall 51665 (2019) Kat:3, Licht: 0","51665","3","5","5","08","09","3","0","0","0","1","0","0"
"POINT (13.333376733000023 52.594042787000035)","Unfall 51667 (2019) Kat:3, Licht: 0","51667","3","6","2","09","11","4","1","0","0","1","0","0"
"POINT (13.365487449000057 52.558048624000037)","Unfall 51668 (2019) Kat:2, Licht: 0","51668","2","3","5","07","09","2","0","0","1","1","0","0"
"POINT (13.474619324000059 52.513780648000079)","Unfall 51669 (2019) Kat:3, Licht: 0","51669","3","6","2","03","13","5","0","0","0","1","0","0"
"POINT (13.419749964000061 52.524788117000071)","Unfall 51670 (2019) Kat:3, Licht: 0","51670","3","6","2","09","15","7","1","0","0","1","0","1"
"POINT (13.468510726000034 52.514261842000053)","Unfall 51671 (2019) Kat:2, Licht: 0","51671","2","6","0","06","16","3","0","0","0","1","0","1"
"POINT (13.354896669000027 52.478295255000035)","Unfall 51672 (2019) Kat:3, Licht: 0","51672","3","6","2","08","18","3","0","0","0","1","0","0"
"POINT (13.460221132000072 52.515245738000033)","Unfall 51673 (2019) Kat:3, Licht: 2","51673","3","2","5","12","07","4","0","2","1","1","0","0"
"POINT (13.282679903000030 52.528556231000039)","Unfall 51674 (2019) Kat:3, Licht: 0","51674","3","6","3","05","13","3","0","0","0","1","0","0"
"POINT (13.462062027000059 52.498242444000027)","Unfall 51675 (2019) Kat:3, Licht: 0","51675","3","5","0","07","15","2","0","0","1","0","0","0"
"POINT (13.349947612000051 52.481203133000065)","Unfall 51676 (2019) Kat:2, Licht: 0","51676","2","2","5","03","08","5","0","0","0","1","0","1"
"POINT (13.323877437000021 52.607801648000077)","Unfall 51677 (2019) Kat:2, Licht: 2","51677","2","2","6","11","06","4","0","2","0","1","1","0"
"POINT (13.269412708000061 52.437400442000069)","Unfall 51678 (2019) Kat:3, Licht: 0","51678","3","3","5","11","13","1","0","0","0","1","0","0"
"POINT (13.410475380000037 52.522826208000026)","Unfall 51679 (2019) Kat:3, Licht: 0","51679","3","1","0","07","14","2","0","0","1","0","0","0"
"POINT (13.411551936000023 52.560469561000048)","Unfall 51680 (2019) Kat:3, Licht: 0","51680","3","6","2","03","08","4","0","0","1","1","0","0"
"POINT (13.441380515000048 52.616873392000059)","Unfall 51681 (2019) Kat:3, Licht: 2","51681","3","7","0","10","19","4","1","2","0","1","0","0"
"POINT (13.247439165000060 52.478234198000052)","Unfall 51682 (2019) Kat:3, Licht: 0","51682","3","6","3","08","18","3","0","0","0","1","0","0"
"POINT (13.368920906000028 52.515772744000060)","Unfall 51684 (2019) Kat:3, Licht: 0","51684","3","6","3","05","09","3","0","0","1","0","0","0"
"POINT (13.285040741000046 52.509284950000051)","Unfall 51685 (2019) Kat:3, Licht: 0","51685","3","6","2","09","11","4","1","0","0","1","0","0"
"POINT (13.423982715000022 52.539105180000035)","Unfall 51686 (2019) Kat:3, Licht: 0","51686","3","2","5","06","18","1","0","0","1","1","0","0"
"POINT (13.481040711000048 52.570673517000046)","Unfall 51687 (2019) Kat:2, Licht: 0","51687","2","6","4","03","12","4","0","0","0","1","0","0"
"POINT (13.389165187000060 52.497873673000072)","Unfall 51688 (2019) Kat:3, Licht: 0","51688","3","6","3","06","18","5","0","0","0","0","0","1"
"POINT (13.318857548000040 52.610831625000060)","Unfall 51689 (2019) Kat:2, Licht: 0","51689","2","3","5","08","09","3","0","0","0","1","0","1"
"POINT (13.415836607000074 52.540395467000053)","Unfall 51690 (2019) Kat:3, Licht: 2","51690","3","5","1","12","16","3","1","2","1","0","0","0"
"POINT (13.411610723000024 52.560395381000035)","Unfall 51691 (2019) Kat:3, Licht: 0","51691","3","2","5","05","07","3","0","0","1","1","0","0"
"POINT (13.581302393000044 52.505189878000067)","Unfall 51692 (2019) Kat:3, Licht: 0","51692","3","6","2","06","12","1","0","0","0","1","0","0"
"POINT (13.383509327000070 52.438317714000050)","Unfall 51693 (2019) Kat:3, Licht: 0","51693","3","6","3","09","15","4","1","0","0","0","0","0"
"POINT (13.321458397000072 52.477995530000044)","Unfall 51694 (2019) Kat:3, Licht: 0","51694","3","6","2","09","07","3","0","0","0","1","0","0"
"POINT (13.445089888000041 52.614518907000047)","Unfall 51695 (2019) Kat:3, Licht: 0","51695","3","6","2","06","11","1","0","0","0","1","0","0"
"POINT (13.447402900000043 52.526436971000066)","Unfall 51696 (2019) Kat:3, Licht: 0","51696","3","2","5","03","08","3","0","0","1","1","0","0"
"POINT (13.273164774000065 52.498771506000082)","Unfall 51697 (2019) Kat:3, Licht: 0","51697","3","1","9","09","15","1","1","0","0","1","0","0"
"POINT (13.382852126000046 52.516762667000080)","Unfall 51698 (2019) Kat:3, Licht: 0","51698","3","6","3","06","12","4","0","0","1","0","0","0"
"POINT (13.281839203000061 52.510094554000034)","Unfall 51699 (2019) Kat:3, Licht: 0","51699","3","2","5","08","09","3","0","0","0","1","0","0"
"POINT (13.385240732000057 52.448956661000068)","Unfall 51700 (2019) Kat:3, Licht: 2","51700","3","6","2","12","17","6","0","2","0","1","0","0"
"POINT (13.403682697000022 52.512499417000072)","Unfall 51701 (2019) Kat:3, Licht: 0","51701","3","3","5","05","14","3","0","0","0","1","0","0"
"POINT (13.355137341000045 52.478314332000082)","Unfall 51702 (2019) Kat:3, Licht: 2","51702","3","1","8","06","01","7","0","2","0","1","0","0"
"POINT (13.387626033000060 52.497908680000080)","Unfall 51703 (2019) Kat:2, Licht: 0","51703","2","5","1","03","08","3","0","0","0","1","0","1"
"POINT (13.281371719000049 52.504163090000077)","Unfall 51704 (2019) Kat:3, Licht: 2","51704","3","6","3","11","23","5","0","2","0","1","0","0"
"POINT (13.225180617000035 52.460308165000072)","Unfall 51705 (2019) Kat:3, Licht: 0","51705","3","6","2","08","16","2","0","0","0","1","0","0"
"POINT (13.368576383000061 52.541217782000047)","Unfall 51706 (2019) Kat:3, Licht: 0","51706","3","2","2","11","11","3","0","0","0","1","0","0"
"POINT (13.396059113000035 52.423258653000062)","Unfall 51707 (2019) Kat:3, Licht: 2","51707","3","6","3","06","23","6","0","2","0","1","0","1"
"POINT (13.467061832000070 52.514558531000034)","Unfall 51708 (2019) Kat:3, Licht: 0","51708","3","6","6","03","15","3","0","0","1","0","1","0"
"POINT (13.325066922000076 52.606496473000050)","Unfall 51709 (2019) Kat:3, Licht: 0","51709","3","6","2","10","11","5","0","0","0","1","0","0"
"POINT (13.448064806000048 52.504248283000038)","Unfall 51710 (2019) Kat:3, Licht: 0","51710","3","6","4","08","17","2","0","0","1","0","0","0"
"POINT (13.550210299000071 52.509304616000065)","Unfall 51712 (2019) Kat:3, Licht: 0","51712","3","6","3","05","13","2","0","0","0","1","0","1"
"POINT (13.382725541000070 52.439414882000051)","Unfall 51713 (2019) Kat:3, Licht: 0","51713","3","7","0","09","14","3","0","0","0","0","1","0"
"POINT (13.409367943000063 52.516904788000033)","Unfall 51714 (2019) Kat:3, Licht: 0","51714","3","2","5","06","10","6","0","0","1","1","0","0"
"POINT (13.390823348000026 52.510411399000077)","Unfall 51715 (2019) Kat:2, Licht: 0","51715","2","4","6","03","09","2","0","0","0","0","1","0"
"POINT (13.373227674000077 52.516054695000037)","Unfall 51716 (2019) Kat:3, Licht: 0","51716","3","5","1","06","16","5","0","0","1","1","0","0"
"POINT (13.492924800000026 52.436407902000042)","Unfall 51717 (2019) Kat:3, Licht: 0","51717","3","6","3","08","17","2","0","0","0","1","0","1"
"POINT (13.424339098000075 52.539266368000028)","Unfall 51718 (2019) Kat:3, Licht: 1","51718","3","2","6","12","16","6","0","1","0","1","1","0"
"POINT (13.541081845000065 52.541934312000080)","Unfall 51719 (2019) Kat:3, Licht: 0","51719","3","1","0","05","13","2","0","0","1","0","0","0"
"POINT (13.211496014000033 52.510108745000082)","Unfall 51720 (2019) Kat:2, Licht: 0","51720","2","6","4","06","16","6","0","0","1","0","0","0"
"POINT (13.370227084000021 52.421871100000033)","Unfall 51721 (2019) Kat:3, Licht: 0","51721","3","2","5","09","12","3","0","0","0","1","0","1"
"POINT (13.467443744000036 52.514367342000071)","Unfall 51722 (2019) Kat:3, Licht: 2","51722","3","1","0","11","17","6","1","2","0","0","0","1"
"POINT (13.297542010000029 52.543844723000063)","Unfall 51723 (2019) Kat:3, Licht: 0","51723","3","6","2","06","16","6","0","0","0","1","0","0"
"POINT (13.383516970000073 52.498680373000070)","Unfall 51724 (2019) Kat:3, Licht: 2","51724","3","5","1","09","20","5","1","2","1","1","0","0"
"POINT (13.348587850000058 52.482070145000080)","Unfall 51725 (2019) Kat:3, Licht: 0","51725","3","6","2","03","15","2","1","0","0","1","0","0"
"POINT (13.483005575000050 52.581668439000055)","Unfall 51726 (2019) Kat:2, Licht: 2","51726","2","7","0","10","20","5","1","2","1","0","0","0"
"POINT (13.331916722000074 52.600065608000079)","Unfall 51727 (2019) Kat:3, Licht: 0","51727","3","6","2","08","15","2","0","0","0","1","0","0"
"POINT (13.419553542000074 52.525141378000058)","Unfall 51729 (2019) Kat:3, Licht: 0","51729","3","6","2","05","06","2","0","0","0","1","0","0"
"POINT (13.407074739000052 52.461920047000035)","Unfall 51730 (2019) Kat:2, Licht: 0","51730","2","7","3","06","07","6","0","0","0","1","0","0"
"POINT (13.443632355000034 52.462913433000040)","Unfall 51731 (2019) Kat:3, Licht: 0","51731","3","6","2","03","07","2","0","0","0","1","0","0"
"POINT (13.359039696000025 52.573388403000081)","Unfall 51732 (2019) Kat:3, Licht: 2","51732","3","2","6","11","18","2","1","2","0","1","1","0"
"POINT (13.235147628000050 52.507090414000061)","Unfall 51733 (2019) Kat:2, Licht: 0","51733","2","7","4","06","14","1","0","0","0","1","0","0"
"POINT (13.362588558000027 52.473910117000059)","Unfall 51734 (2019) Kat:3, Licht: 0","51734","3","1","8","08","15","2","0","0","0","1","0","0"
"POINT (13.405884136000054 52.566234504000079)","Unfall 51735 (2019) Kat:3, Licht: 0","51735","3","6","2","12","09","5","0","0","0","1","0","0"
"POINT (13.321055895000029 52.537200182000049)","Unfall 51736 (2019) Kat:3, Licht: 0","51736","3","6","3","06","07","6","0","0","0","1","0","0"
"POINT (13.404008805000046 52.462695127000075)","Unfall 51737 (2019) Kat:3, Licht: 0","51737","3","6","2","09","08","2","0","0","0","1","0","1"
"POINT (13.429237601000068 52.573397914000054)","Unfall 51738 (2019) Kat:2, Licht: 1","51738","2","3","5","03","06","2","0","1","1","1","0","0"
"POINT (13.455371182000022 52.515598001000058)","Unfall 51739 (2019) Kat:3, Licht: 2","51739","3","1","8","10","01","1","0","2","0","1","0","0"
"POINT (13.261432537000076 52.508696723000071)","Unfall 51740 (2019) Kat:3, Licht: 0","51740","3","3","5","08","15","2","0","0","1","0","0","0"
"POINT (13.438718437000034 52.517271082000036)","Unfall 51741 (2019) Kat:1, Licht: 0","51741","1","4","6","06","16","5","0","0","0","1","1","0"
"POINT (13.281887388000030 52.510097709000036)","Unfall 51742 (2019) Kat:3, Licht: 0","51742","3","2","5","03","10","2","0","0","0","1","0","0"
"POINT (13.281296936000047 52.499039508000067)","Unfall 51743 (2019) Kat:3, Licht: 0","51743","3","6","2","10","15","6","1","0","0","1","0","0"
"POINT (13.418940361000068 52.460886263000077)","Unfall 51744 (2019) Kat:2, Licht: 0","51744","2","6","2","06","14","6","0","0","0","1","0","0"
"POINT (13.427911453000036 52.537809166000045)","Unfall 51745 (2019) Kat:3, Licht: 0","51745","3","6","3","08","14","2","0","0","0","1","0","0"
"POINT (13.422850036000057 52.520198638000068)","Unfall 51747 (2019) Kat:3, Licht: 1","51747","3","3","5","05","20","1","0","1","1","1","0","0"
"POINT (13.406704580000053 52.521090484000069)","Unfall 51748 (2019) Kat:3, Licht: 0","51748","3","7","2","03","12","7","0","0","1","1","0","0"
"POINT (13.455825318000052 52.515549972000031)","Unfall 51749 (2019) Kat:2, Licht: 2","51749","2","4","6","11","17","2","0","2","0","1","1","0"
"POINT (13.385908764000021 52.476779889000056)","Unfall 51750 (2019) Kat:3, Licht: 0","51750","3","6","3","05","14","1","0","0","0","1","0","1"
"POINT (13.373937081000065 52.509399079000048)","Unfall 51751 (2019) Kat:3, Licht: 0","51751","3","4","6","11","11","7","0","0","0","1","1","0"
"POINT (13.307450164000045 52.511741734000054)","Unfall 51752 (2019) Kat:3, Licht: 0","51752","3","7","6","06","18","5","0","0","0","1","1","0"
"POINT (13.186038167000049 52.515239022000060)","Unfall 51753 (2019) Kat:3, Licht: 0","51753","3","6","3","03","14","7","1","0","0","1","0","0"
"POINT (13.550559577000058 52.509441309000067)","Unfall 51754 (2019) Kat:3, Licht: 0","51754","3","7","5","10","07","2","0","0","1","1","0","0"
"POINT (13.353867169000068 52.485059641000078)","Unfall 51755 (2019) Kat:3, Licht: 0","51755","3","5","1","08","19","2","0","0","1","1","0","0"
"POINT (13.370572471000060 52.539974795000035)","Unfall 51757 (2019) Kat:2, Licht: 0","51757","2","2","5","06","10","5","0","0","1","1","0","0"
"POINT (13.477427163000073 52.513515260000077)","Unfall 51758 (2019) Kat:2, Licht: 0","51758","2","3","5","03","15","7","1","0","1","1","0","0"
"POINT (13.314671838000038 52.512211294000053)","Unfall 51759 (2019) Kat:3, Licht: 0","51759","3","7","0","06","18","2","1","0","0","0","0","1"
"POINT (13.437807765000059 52.540084942000078)","Unfall 51760 (2019) Kat:3, Licht: 0","51760","3","3","5","08","13","2","0","0","1","1","0","0"
"POINT (13.374235504000069 52.470390050000049)","Unfall 51761 (2019) Kat:3, Licht: 2","51761","3","6","3","12","05","3","1","2","0","1","0","0"
"POINT (13.539082293000035 52.510049078000065)","Unfall 51762 (2019) Kat:2, Licht: 0","51762","2","2","2","05","14","1","0","0","0","1","0","1"
"POINT (13.382391907000056 52.498651712000026)","Unfall 51763 (2019) Kat:2, Licht: 2","51763","2","7","0","06","22","5","0","2","1","0","0","0"
"POINT (13.281847272000050 52.521248356000058)","Unfall 51764 (2019) Kat:3, Licht: 1","51764","3","6","2","03","17","7","1","1","0","1","0","0"
"POINT (13.567167393000034 52.572405019000030)","Unfall 51765 (2019) Kat:2, Licht: 2","51765","2","7","6","11","20","3","0","2","0","0","1","0"
"POINT (13.429451585000038 52.549855322000042)","Unfall 51766 (2019) Kat:3, Licht: 2","51766","3","7","2","11","20","7","0","2","0","1","0","1"
"POINT (13.472024241000042 52.513912463000054)","Unfall 51767 (2019) Kat:3, Licht: 0","51767","3","6","3","06","07","5","0","0","1","0","0","0"
"POINT (13.448205146000078 52.547192737000046)","Unfall 51768 (2019) Kat:3, Licht: 0","51768","3","6","3","03","08","6","1","0","1","1","0","0"
"POINT (13.446847932000026 52.462964575000058)","Unfall 51769 (2019) Kat:2, Licht: 0","51769","2","6","3","10","14","3","0","0","0","1","0","0"
"POINT (13.413906408000059 52.549606150000045)","Unfall 51770 (2019) Kat:3, Licht: 0","51770","3","4","6","08","07","2","1","0","1","0","1","0"
"POINT (13.422531021000054 52.520034389000045)","Unfall 51772 (2019) Kat:3, Licht: 2","51772","3","3","5","05","22","7","0","2","1","1","0","0"
"POINT (13.183335478000060 52.418726450000065)","Unfall 51773 (2019) Kat:2, Licht: 0","51773","2","7","1","06","15","5","0","0","0","1","0","0"
"POINT (13.363538990000052 52.565119410000079)","Unfall 51774 (2019) Kat:3, Licht: 0","51774","3","7","6","03","11","6","0","0","0","1","1","0"
"POINT (13.453619526000068 52.514268086000072)","Unfall 51775 (2019) Kat:3, Licht: 2","51775","3","6","3","11","18","5","1","2","1","0","0","0"
"POINT (13.403802146000032 52.463349006000044)","Unfall 51776 (2019) Kat:3, Licht: 0","51776","3","6","2","06","14","5","0","0","0","1","0","1"
"POINT (13.457930684000075 52.492026633000080)","Unfall 51777 (2019) Kat:3, Licht: 2","51777","3","6","2","08","22","1","1","2","0","1","0","0"
"POINT (13.368377919000068 52.541080777000047)","Unfall 51778 (2019) Kat:3, Licht: 2","51778","3","6","2","12","18","3","0","2","0","1","0","0"