WKT,Name,OBJECTID,UKATEGORIE,UTYP1,UART,UMONAT,USTUNDE,UWOCHENTAG,STRZUSTAND,ULICHTVERH,ISTRAD,ISTPKW,ISTFUSS,ISTKRAD
"POINT (13.360403472000030 52.596908345000031)","Unfall 191218 (2019) Kat:2, Licht: 2","191218","2","2","6","01","20","2","1","2","0","1","1","0"
"POINT (13.440137129000050 52.481687898000075)","Unfall 191219 (2019) Kat:3, Licht: 0","191219","3","2","2","01","15","2","1","0","0","1","0","0"
"POINT (13.480339044000061 52.553121920000081)","Unfall 191220 (2019) Kat:3, Licht: 1","191220","3","5","1","01","08","2","1","1","1","0","0","0"
"POINT (13.134553442000026 52.461095011000054)","Unfall 191221 (2019) Kat:3, Licht: 1","191221","3","6","2","01","07","2","1","1","0","1","0","0"
"POINT (13.456446038000024 52.530173682000054)","Unfall 191222 (2019) Kat:3, Licht: 0","191222","3","4","6","01","11","2","1","0","1","0","1","0"
"POINT (13.319819819000031 52.606931671000041)","Unfall 191223 (2019) Kat:3, Licht: 0","191223","3","2","6","01","08","2","1","0","0","1","1","0"
"POINT (13.315252445000056 52.449544187000072)","Unfall 191224 (2019) Kat:3, Licht: 2","191224","3","2","2","01","17","2","1","2","0","1","0","0"
"POINT (13.454537355000070 52.502928042000065)","Unfall 191225 (2019) Kat:3, Licht: 2","191225","3","2","6","01","17","2","1","2","0","1","1","0"
"POINT (13.376497024000059 52.510095902000046)","Unfall 191226 (2019) Kat:3, Licht: 2","191226","3","2","5","01","17","2","1","2","1","1","0","0"
"POINT (13.389772623000056 52.574291951000077)","Unfall 191227 (2019) Kat:3, Licht: 2","191227","3","3","5","01","17","2","1","2","1","1","0","0"
"POINT (13.301774101000035 52.445587417000070)","Unfall 191228 (2019) Kat:3, Licht: 2","191228","3","5","1","01","17","2","1","2","0","1","0","0"
"POINT (13.313052936000076 52.500613949000069)","Unfall 191229 (2019) Kat:3, Licht: 2","191229","3","2","5","01","17","2","1","2","0","1","0","0"
"POINT (13.532143090000034 52.484127080000064)","Unfall 191230 (2019) Kat:3, Licht: 2","191230","3","6","3","01","16","2","1","2","1","1","0","0"
"POINT (13.161185561000025 52.525398317000054)","Unfall 191231 (2019) Kat:3, Licht: 1","191231","3","3","5","01","16","2","1","1","0","1","0","0"
"POINT (13.375067090000073 52.553822919000027)","Unfall 191232 (2019) Kat:3, Licht: 1","191232","3","2","5","01","16","2","1","1","1","1","0","0"
"POINT (13.371978199000068 52.599335844000052)","Unfall 191233 (2019) Kat:3, Licht: 0","191233","3","7","5","01","10","2","1","0","0","1","0","0"
"POINT (13.528944791000072 52.486353915000052)","Unfall 191234 (2019) Kat:3, Licht: 0","191234","3","3","5","01","15","2","1","0","1","1","0","0"
"POINT (13.268262907000064 52.406491461000030)","Unfall 191235 (2019) Kat:3, Licht: 0","191235","3","2","2","01","14","2","1","0","0","1","0","0"
"POINT (13.525730294000027 52.564016909000031)","Unfall 191236 (2019) Kat:3, Licht: 0","191236","3","3","5","01","10","2","1","0","0","1","0","0"
"POINT (13.404361103000042 52.485086501000069)","Unfall 191237 (2019) Kat:3, Licht: 0","191237","3","1","4","01","14","2","1","0","0","1","0","0"
"POINT (13.459414814000070 52.520410326000047)","Unfall 191238 (2019) Kat:2, Licht: 0","191238","2","1","0","01","09","2","1","0","0","0","0","1"
"POINT (13.354442745000028 52.549153268000055)","Unfall 191239 (2019) Kat:3, Licht: 0","191239","3","6","2","01","12","2","1","0","0","1","0","0"
"POINT (13.315912525000044 52.489081323000050)","Unfall 191240 (2019) Kat:3, Licht: 0","191240","3","2","5","01","11","2","1","0","0","1","0","1"
"POINT (13.301386451000042 52.519165803000078)","Unfall 191241 (2019) Kat:3, Licht: 2","191241","3","2","5","01","16","2","1","2","0","1","0","0"
"POINT (13.430240788000049 52.499531954000076)","Unfall 191242 (2019) Kat:3, Licht: 1","191242","3","3","5","01","09","2","1","1","1","1","0","0"
"POINT (13.269823902000041 52.430739917000039)","Unfall 191243 (2019) Kat:3, Licht: 0","191243","3","6","4","01","15","2","1","0","0","1","0","0"
"POINT (13.315661805000047 52.577865339000027)","Unfall 191244 (2019) Kat:3, Licht: 0","191244","3","2","6","01","11","2","1","0","0","1","1","0"
"POINT (13.323426827000048 52.560659224000062)","Unfall 191245 (2019) Kat:3, Licht: 1","191245","3","6","2","01","15","2","1","1","0","1","0","0"
"POINT (13.333959514000071 52.507406528000047)","Unfall 191246 (2019) Kat:3, Licht: 0","191246","3","2","5","01","09","2","1","0","0","1","0","1"
"POINT (13.394967676000022 52.528815487000031)","Unfall 191247 (2019) Kat:3, Licht: 0","191247","3","4","6","01","08","2","1","0","0","1","1","0"
"POINT (13.317793684000037 52.414399951000064)","Unfall 191248 (2019) Kat:2, Licht: 0","191248","2","2","5","01","08","2","1","0","0","1","0","0"
"POINT (13.320252592000031 52.520096510000030)","Unfall 191249 (2019) Kat:3, Licht: 1","191249","3","2","5","01","08","2","1","1","1","1","0","0"
"POINT (13.371763187000056 52.540124566000031)","Unfall 191250 (2019) Kat:2, Licht: 0","191250","2","4","6","01","08","2","1","0","0","1","1","0"
"POINT (13.317618185000072 52.517773423000051)","Unfall 191251 (2019) Kat:3, Licht: 1","191251","3","2","6","01","07","2","1","1","0","1","1","0"
"POINT (13.421923292000031 52.441165186000035)","Unfall 191252 (2019) Kat:2, Licht: 2","191252","2","4","6","01","07","2","1","2","0","1","1","0"
"POINT (13.213808858000050 52.531816007000032)","Unfall 191253 (2019) Kat:3, Licht: 2","191253","3","2","6","01","06","2","1","2","0","1","1","0"
"POINT (13.297494439000047 52.591057264000028)","Unfall 191254 (2019) Kat:3, Licht: 2","191254","3","3","5","01","06","2","1","2","0","1","0","1"
"POINT (13.523085354000045 52.535936165000066)","Unfall 191255 (2019) Kat:3, Licht: 2","191255","3","5","1","01","18","2","1","2","1","0","0","0"
"POINT (13.399687556000060 52.498414439000044)","Unfall 191256 (2019) Kat:3, Licht: 0","191256","3","3","5","01","11","2","1","0","0","1","0","0"
"POINT (13.630104409000069 52.446668946000045)","Unfall 191257 (2019) Kat:3, Licht: 0","191257","3","5","1","01","13","1","0","0","1","1","0","0"
"POINT (13.387307885000041 52.533612171000073)","Unfall 191258 (2019) Kat:3, Licht: 2","191258","3","6","2","01","18","1","0","2","0","1","0","0"
"POINT (13.247784761000048 52.547214287000031)","Unfall 191259 (2019) Kat:2, Licht: 2","191259","2","3","5","01","17","1","0","2","1","1","0","0"
"POINT (13.434321568000030 52.520694339000045)","Unfall 191260 (2019) Kat:3, Licht: 2","191260","3","6","2","01","16","1","0","2","0","1","0","0"
"POINT (13.416352490000065 52.519970156000056)","Unfall 191261 (2019) Kat:3, Licht: 2","191261","3","2","5","01","16","1","0","2","1","1","0","0"
"POINT (13.265346460000046 52.416750226000033)","Unfall 191262 (2019) Kat:2, Licht: 0","191262","2","3","5","01","14","1","0","0","1","1","0","0"
"POINT (13.339084505000073 52.595827353000061)","Unfall 191263 (2019) Kat:2, Licht: 2","191263","2","4","6","01","03","1","0","2","0","1","1","0"
"POINT (13.355536887000028 52.486529332000032)","Unfall 191264 (2019) Kat:3, Licht: 0","191264","3","7","3","01","14","7","1","0","1","1","0","0"
"POINT (13.363430681000068 52.556586180000068)","Unfall 191265 (2019) Kat:3, Licht: 0","191265","3","6","2","01","11","7","1","0","0","1","0","0"
"POINT (13.340223253000033 52.539754570000071)","Unfall 191266 (2019) Kat:2, Licht: 0","191266","2","1","4","01","09","7","1","0","0","1","0","0"
"POINT (13.417064074000052 52.512443429000029)","Unfall 191267 (2019) Kat:3, Licht: 2","191267","3","3","5","01","06","7","1","2","1","1","0","0"
"POINT (13.425903408000067 52.478195706000065)","Unfall 191268 (2019) Kat:3, Licht: 2","191268","3","2","2","01","00","7","1","2","0","1","0","0"
"POINT (13.426025407000054 52.478186503000074)","Unfall 191269 (2019) Kat:3, Licht: 2","191269","3","2","6","01","21","7","1","2","0","1","1","0"
"POINT (13.417555087000039 52.536715159000039)","Unfall 191270 (2019) Kat:3, Licht: 2","191270","3","7","6","01","18","7","1","2","0","1","1","0"
"POINT (13.519054208000057 52.516982639000048)","Unfall 191271 (2019) Kat:3, Licht: 2","191271","3","6","2","01","17","7","1","2","0","1","0","0"
"POINT (13.184835527000075 52.547570919000066)","Unfall 191272 (2019) Kat:3, Licht: 2","191272","3","6","2","01","17","7","1","2","0","1","0","0"
"POINT (13.315807114000052 52.443050953000068)","Unfall 191273 (2019) Kat:3, Licht: 2","191273","3","4","6","01","17","7","2","2","0","1","1","0"
"POINT (13.572859674000028 52.550387572000034)","Unfall 191274 (2019) Kat:2, Licht: 2","191274","2","1","0","01","19","6","1","2","0","0","0","1"
"POINT (13.362104992000070 52.567739269000072)","Unfall 191275 (2019) Kat:3, Licht: 0","191275","3","2","5","01","12","6","0","0","1","1","0","0"
"POINT (13.403148999000052 52.463429347000044)","Unfall 191276 (2019) Kat:3, Licht: 2","191276","3","3","5","01","22","6","1","2","0","1","0","0"
"POINT (13.125520148000021 52.527965352000081)","Unfall 191277 (2019) Kat:3, Licht: 2","191277","3","1","8","01","21","6","1","2","0","1","0","0"
"POINT (13.376321040000050 52.528589933000035)","Unfall 191278 (2019) Kat:3, Licht: 2","191278","3","6","3","01","21","6","1","2","0","0","0","1"
"POINT (13.317216231000032 52.566653398000028)","Unfall 191279 (2019) Kat:2, Licht: 2","191279","2","4","6","01","20","6","1","2","0","1","1","0"
"POINT (13.461539262000031 52.508619130000056)","Unfall 191280 (2019) Kat:3, Licht: 2","191280","3","4","6","01","18","6","1","2","1","0","1","0"
"POINT (13.526409599000033 52.569239355000036)","Unfall 191281 (2019) Kat:3, Licht: 0","191281","3","2","5","01","13","6","1","0","1","1","0","0"
"POINT (13.598728483000059 52.521144604000028)","Unfall 191282 (2019) Kat:3, Licht: 0","191282","3","3","5","01","15","6","1","0","1","1","0","0"
"POINT (13.305542264000053 52.547828872000082)","Unfall 191283 (2019) Kat:3, Licht: 0","191283","3","5","1","01","14","6","1","0","0","1","0","0"
"POINT (13.294024653000065 52.484100576000060)","Unfall 191284 (2019) Kat:3, Licht: 1","191284","3","3","5","01","15","6","1","1","1","1","0","0"
"POINT (13.364239287000032 52.562618169000075)","Unfall 191285 (2019) Kat:3, Licht: 0","191285","3","2","6","01","14","6","1","0","0","1","1","0"
"POINT (13.440236287000062 52.499182032000078)","Unfall 191286 (2019) Kat:3, Licht: 2","191286","3","4","6","01","16","6","1","2","1","0","1","0"
"POINT (13.408539812000072 52.500860196000076)","Unfall 191287 (2019) Kat:3, Licht: 0","191287","3","7","0","01","13","6","1","0","0","1","0","1"
"POINT (13.296965460000024 52.502374765000070)","Unfall 191288 (2019) Kat:3, Licht: 0","191288","3","5","5","01","10","6","1","0","0","1","0","0"
"POINT (13.289724772000056 52.518991174000064)","Unfall 191289 (2019) Kat:3, Licht: 0","191289","3","5","5","01","13","6","1","0","0","1","0","0"
"POINT (13.346646184000065 52.449940390000052)","Unfall 191290 (2019) Kat:3, Licht: 0","191290","3","3","2","01","14","6","1","0","0","1","0","0"
"POINT (13.353297054000052 52.562858518000041)","Unfall 191291 (2019) Kat:3, Licht: 0","191291","3","5","1","01","13","6","1","0","0","1","0","0"
"POINT (13.498732536000034 52.568410389000064)","Unfall 191292 (2019) Kat:3, Licht: 1","191292","3","3","5","01","08","6","1","1","0","1","0","0"
"POINT (13.511605054000029 52.505534216000058)","Unfall 191293 (2019) Kat:3, Licht: 2","191293","3","3","5","01","05","6","1","2","1","1","0","0"
"POINT (13.153548007000040 52.553490806000070)","Unfall 191294 (2019) Kat:3, Licht: 2","191294","3","2","6","01","05","6","0","2","0","1","1","0"
"POINT (13.447650983000074 52.476105654000037)","Unfall 191295 (2019) Kat:3, Licht: 0","191295","3","3","5","01","12","6","1","0","0","1","0","0"
"POINT (13.422904269000071 52.488835942000037)","Unfall 191296 (2019) Kat:3, Licht: 0","191296","3","6","0","01","11","5","0","0","0","1","0","0"
"POINT (13.385280157000068 52.550165982000067)","Unfall 191297 (2019) Kat:3, Licht: 0","191297","3","6","2","01","15","5","0","0","0","1","0","0"
"POINT (13.205218002000038 52.535822579000069)","Unfall 191298 (2019) Kat:2, Licht: 0","191298","2","2","5","01","15","5","0","0","0","1","0","1"
"POINT (13.446902286000068 52.468241031000048)","Unfall 191299 (2019) Kat:3, Licht: 2","191299","3","2","5","01","22","5","0","2","0","1","0","0"
"POINT (13.281709476000060 52.476347372000077)","Unfall 191300 (2019) Kat:2, Licht: 0","191300","2","3","5","01","14","5","0","0","1","1","0","0"
"POINT (13.578244658000074 52.457118707000063)","Unfall 191301 (2019) Kat:3, Licht: 0","191301","3","3","5","01","14","5","0","0","1","1","0","0"
"POINT (13.324866262000057 52.499977297000044)","Unfall 191302 (2019) Kat:3, Licht: 0","191302","3","2","5","01","14","5","1","0","0","1","0","0"
"POINT (13.453512804000070 52.533170050000081)","Unfall 191303 (2019) Kat:2, Licht: 0","191303","2","4","6","01","12","5","0","0","0","1","1","0"
"POINT (13.625552530000050 52.457695565000051)","Unfall 191304 (2019) Kat:3, Licht: 2","191304","3","4","6","01","19","5","0","2","0","1","1","0"
"POINT (13.351213710000025 52.504301176000070)","Unfall 191305 (2019) Kat:3, Licht: 0","191305","3","2","5","01","13","5","1","0","0","1","0","1"
"POINT (13.163368447000039 52.549301396000033)","Unfall 191306 (2019) Kat:2, Licht: 2","191306","2","4","6","01","17","5","0","2","0","1","1","0"
"POINT (13.461672975000056 52.529383203000066)","Unfall 191307 (2019) Kat:3, Licht: 2","191307","3","2","5","01","17","5","0","2","1","1","0","0"
"POINT (13.334307156000023 52.603511662000074)","Unfall 191308 (2019) Kat:2, Licht: 2","191308","2","1","0","01","21","5","0","2","0","0","0","1"
"POINT (13.356764146000046 52.535630998000045)","Unfall 191309 (2019) Kat:3, Licht: 0","191309","3","2","5","01","11","5","1","0","0","1","0","0"
"POINT (13.348055625000029 52.500447405000045)","Unfall 191310 (2019) Kat:3, Licht: 0","191310","3","7","6","01","11","5","1","0","0","1","1","0"
"POINT (13.272558739000033 52.519239042000038)","Unfall 191311 (2019) Kat:2, Licht: 0","191311","2","3","5","01","10","5","0","0","1","1","0","0"
"POINT (13.377611898000055 52.452896226000064)","Unfall 191312 (2019) Kat:3, Licht: 0","191312","3","6","3","01","08","5","0","0","1","0","0","0"
"POINT (13.473848728000064 52.413517345000059)","Unfall 191313 (2019) Kat:3, Licht: 0","191313","3","3","5","01","08","5","0","0","1","1","0","0"
"POINT (13.141583904000072 52.532424667000043)","Unfall 191314 (2019) Kat:3, Licht: 2","191314","3","2","5","01","06","5","0","2","0","1","0","0"
"POINT (13.365493835000052 52.525400070000046)","Unfall 191315 (2019) Kat:3, Licht: 2","191315","3","2","6","01","06","5","0","2","0","1","1","0"
"POINT (13.433339958000033 52.466597669000066)","Unfall 191316 (2019) Kat:3, Licht: 2","191316","3","5","1","01","21","4","0","2","1","1","0","0"
"POINT (13.430904203000068 52.532386964000068)","Unfall 191317 (2019) Kat:3, Licht: 2","191317","3","5","0","01","18","4","1","2","0","1","0","1"
"POINT (13.318140074000041 52.513767911000059)","Unfall 191318 (2019) Kat:3, Licht: 2","191318","3","3","5","01","18","4","0","2","1","1","0","0"
"POINT (13.443474645000038 52.525210621000042)","Unfall 191319 (2019) Kat:3, Licht: 2","191319","3","6","2","01","16","4","1","2","0","1","0","0"
"POINT (13.388806317000046 52.517159295000056)","Unfall 191320 (2019) Kat:3, Licht: 0","191320","3","6","3","01","14","4","0","0","0","1","0","0"
"POINT (13.296138543000040 52.443487705000052)","Unfall 191321 (2019) Kat:3, Licht: 0","191321","3","6","2","01","13","4","1","0","0","1","0","0"
"POINT (13.435664627000051 52.469193369000038)","Unfall 191322 (2019) Kat:3, Licht: 0","191322","3","3","5","01","12","4","1","0","0","1","0","0"
"POINT (13.281174016000023 52.476865794000048)","Unfall 191323 (2019) Kat:3, Licht: 0","191323","3","2","6","01","12","4","0","0","0","1","1","0"
"POINT (13.519480244000022 52.528531389000079)","Unfall 191324 (2019) Kat:3, Licht: 0","191324","3","6","2","01","12","4","1","0","0","1","0","0"
"POINT (13.324897296000074 52.510017049000055)","Unfall 191325 (2019) Kat:2, Licht: 0","191325","2","4","6","01","11","4","1","0","0","0","1","0"
"POINT (13.410742645000028 52.412004783000043)","Unfall 191326 (2019) Kat:3, Licht: 0","191326","3","3","5","01","10","4","1","0","0","1","0","0"
"POINT (13.267067047000069 52.410430842000039)","Unfall 191327 (2019) Kat:3, Licht: 1","191327","3","7","2","01","07","4","1","1","0","1","0","0"
"POINT (13.499817989000064 52.509465697000053)","Unfall 191328 (2019) Kat:3, Licht: 0","191328","3","7","4","01","13","4","0","0","0","1","0","0"
"POINT (13.298577611000042 52.631532217000029)","Unfall 191329 (2019) Kat:3, Licht: 2","191329","3","1","4","01","16","3","1","2","0","1","0","0"
"POINT (13.328857806000030 52.471619257000043)","Unfall 191330 (2019) Kat:2, Licht: 2","191330","2","6","2","01","17","3","1","2","0","1","0","0"
"POINT (13.342298965000055 52.446867725000061)","Unfall 191331 (2019) Kat:3, Licht: 2","191331","3","2","6","01","17","3","1","2","0","1","1","0"
"POINT (13.497931892000054 52.415105355000037)","Unfall 191332 (2019) Kat:3, Licht: 2","191332","3","3","5","01","16","3","1","2","0","1","0","0"
"POINT (13.231565539000030 52.527732997000044)","Unfall 191333 (2019) Kat:3, Licht: 2","191333","3","6","2","01","06","3","1","2","0","1","0","0"
"POINT (13.405258381000067 52.505174738000051)","Unfall 191334 (2019) Kat:3, Licht: 2","191334","3","3","5","01","05","3","1","2","0","1","0","0"
"POINT (13.368256715000030 52.523895360000040)","Unfall 191335 (2019) Kat:3, Licht: 2","191335","3","5","1","01","17","3","1","2","0","1","0","0"
"POINT (13.423198895000041 52.509224007000057)","Unfall 191336 (2019) Kat:2, Licht: 2","191336","2","4","6","01","02","3","1","2","0","1","1","0"
"POINT (13.366241923000075 52.542587433000051)","Unfall 191337 (2019) Kat:3, Licht: 2","191337","3","2","6","01","03","3","1","2","0","1","1","0"
"POINT (13.362145281000039 52.486680222000075)","Unfall 191338 (2019) Kat:3, Licht: 0","191338","3","5","1","01","15","4","1","0","1","1","0","0"
"POINT (13.446692972000051 52.502723356000047)","Unfall 191339 (2019) Kat:3, Licht: 2","191339","3","2","5","01","04","3","1","2","0","1","0","0"
"POINT (13.344883308000021 52.481336586000054)","Unfall 191340 (2019) Kat:2, Licht: 2","191340","2","4","6","01","00","3","1","2","0","1","1","0"
"POINT (13.406763130000058 52.393768001000069)","Unfall 191341 (2019) Kat:2, Licht: 2","191341","2","3","5","01","01","3","1","2","0","1","0","0"
"POINT (13.386072166000076 52.515368767000041)","Unfall 191342 (2019) Kat:3, Licht: 2","191342","3","3","5","01","03","3","1","2","0","1","0","0"
"POINT (13.343344766000030 52.527217210000060)","Unfall 191345 (2019) Kat:3, Licht: 0","191345","3","6","2","01","15","4","1","0","0","1","0","0"
"POINT (13.354952858000047 52.458686904000047)","Unfall 191353 (2019) Kat:3, Licht: 0","191353","3","6","2","01","15","4","1","0","0","1","0","0"
"POINT (13.247905779000064 52.537512842000069)","Unfall 191362 (2019) Kat:3, Licht: 0","191362","3","3","5","01","14","4","0","0","0","1","0","0"
"POINT (13.164941367000040 52.533306186000061)","Unfall 191366 (2019) Kat:3, Licht: 0","191366","3","3","5","01","14","4","1","0","0","1","0","0"
"POINT (13.292956004000075 52.534440962000076)","Unfall 191369 (2019) Kat:2, Licht: 2","191369","2","7","0","01","17","4","1","2","0","1","0","0"
"POINT (13.382688921000067 52.629702557000030)","Unfall 191371 (2019) Kat:3, Licht: 0","191371","3","3","5","01","13","4","1","0","0","1","0","0"
"POINT (13.434771752000074 52.446898571000077)","Unfall 191372 (2019) Kat:3, Licht: 0","191372","3","7","5","01","13","4","1","0","0","1","0","0"
"POINT (13.388372160000074 52.496220779000055)","Unfall 191376 (2019) Kat:3, Licht: 0","191376","3","7","5","01","13","4","1","0","0","1","0","1"
"POINT (13.262725235000062 52.451401404000080)","Unfall 191378 (2019) Kat:3, Licht: 0","191378","3","3","5","01","12","4","1","0","0","1","0","0"
"POINT (13.326368157000047 52.537719349000042)","Unfall 191381 (2019) Kat:3, Licht: 1","191381","3","6","2","01","16","4","1","1","0","1","0","0"
"POINT (13.430171068000050 52.588496333000080)","Unfall 191388 (2019) Kat:3, Licht: 2","191388","3","2","2","01","18","4","1","2","0","1","0","0"
"POINT (13.426743095000063 52.515773215000081)","Unfall 191391 (2019) Kat:3, Licht: 2","191391","3","3","5","01","18","4","1","2","0","1","0","0"
"POINT (13.319646936000026 52.501713026000061)","Unfall 191400 (2019) Kat:3, Licht: 0","191400","3","6","2","01","12","4","1","0","0","1","0","0"
"POINT (13.476280862000067 52.532953724000038)","Unfall 191406 (2019) Kat:3, Licht: 2","191406","3","1","0","01","19","6","1","2","0","1","0","0"
"POINT (13.382544488000065 52.513076753000064)","Unfall 191407 (2019) Kat:2, Licht: 2","191407","2","5","1","01","17","6","1","2","1","1","0","0"
"POINT (13.347955653000042 52.567041581000069)","Unfall 191408 (2019) Kat:3, Licht: 2","191408","3","5","1","01","17","6","1","2","0","1","0","0"
"POINT (13.400464888000045 52.510023641000032)","Unfall 191409 (2019) Kat:3, Licht: 2","191409","3","3","5","01","17","6","0","2","0","1","0","0"
"POINT (13.599290534000033 52.441653353000049)","Unfall 191410 (2019) Kat:3, Licht: 0","191410","3","6","0","01","16","6","0","0","0","1","0","0"
"POINT (13.207059887000071 52.525925821000044)","Unfall 191411 (2019) Kat:2, Licht: 0","191411","2","1","1","01","15","6","0","0","0","1","0","0"
"POINT (13.227834686000051 52.420971816000076)","Unfall 191412 (2019) Kat:3, Licht: 0","191412","3","1","0","01","15","6","2","0","0","0","0","1"
"POINT (13.620758554000076 52.530806343000052)","Unfall 191413 (2019) Kat:3, Licht: 0","191413","3","2","2","01","14","6","0","0","0","1","0","0"
"POINT (13.556042057000070 52.520083724000074)","Unfall 191414 (2019) Kat:3, Licht: 0","191414","3","2","5","01","14","6","1","0","1","1","0","0"
"POINT (13.307247174000054 52.523274188000073)","Unfall 191415 (2019) Kat:3, Licht: 0","191415","3","5","1","01","14","6","0","0","0","1","0","0"
"POINT (13.402563172000043 52.511817828000062)","Unfall 191416 (2019) Kat:3, Licht: 0","191416","3","2","5","01","13","6","0","0","0","1","0","0"
"POINT (13.472150198000065 52.537629792000075)","Unfall 191417 (2019) Kat:3, Licht: 0","191417","3","7","5","01","13","6","0","0","0","1","0","0"
"POINT (13.208869947000039 52.552644639000050)","Unfall 191418 (2019) Kat:2, Licht: 0","191418","2","6","2","01","13","6","0","0","0","1","0","0"
"POINT (13.367513321000047 52.525997968000070)","Unfall 191419 (2019) Kat:3, Licht: 0","191419","3","2","5","01","12","6","0","0","1","0","0","0"
"POINT (13.422149571000034 52.498954172000026)","Unfall 191420 (2019) Kat:3, Licht: 2","191420","3","3","5","01","00","6","1","2","1","1","0","0"
"POINT (13.469358636000038 52.502389028000039)","Unfall 191421 (2019) Kat:3, Licht: 2","191421","3","4","6","01","06","6","1","2","0","1","1","0"
"POINT (13.583959112000059 52.524346478000041)","Unfall 191422 (2019) Kat:3, Licht: 2","191422","3","2","6","01","06","6","1","2","0","1","1","0"
"POINT (13.407532320000030 52.613663993000046)","Unfall 191423 (2019) Kat:3, Licht: 1","191423","3","3","5","01","07","6","2","1","1","1","0","0"
"POINT (13.343008973000053 52.490464293000059)","Unfall 191424 (2019) Kat:3, Licht: 1","191424","3","2","6","01","07","6","1","1","0","1","1","0"
"POINT (13.433570506000024 52.523175790000039)","Unfall 191425 (2019) Kat:2, Licht: 1","191425","2","4","6","01","07","6","1","1","0","1","1","0"
"POINT (13.335543552000047 52.471655287000033)","Unfall 191426 (2019) Kat:3, Licht: 0","191426","3","2","6","01","08","6","1","0","0","1","1","0"
"POINT (13.417877084000054 52.514585451000073)","Unfall 191427 (2019) Kat:3, Licht: 0","191427","3","4","6","01","08","6","1","0","1","0","1","0"
"POINT (13.351655021000056 52.492056077000029)","Unfall 191428 (2019) Kat:3, Licht: 0","191428","3","5","1","01","08","6","0","0","1","1","0","0"
"POINT (13.563872382000056 52.518848296000044)","Unfall 191429 (2019) Kat:3, Licht: 0","191429","3","2","5","01","09","6","1","0","0","1","0","0"
"POINT (13.398854041000050 52.508221449000075)","Unfall 191430 (2019) Kat:3, Licht: 0","191430","3","7","2","01","11","6","0","0","0","1","0","0"
"POINT (13.466255075000049 52.428874615000041)","Unfall 191431 (2019) Kat:3, Licht: 0","191431","3","6","2","01","10","6","1","0","0","1","0","0"
"POINT (13.293237127000054 52.554133645000036)","Unfall 191432 (2019) Kat:3, Licht: 0","191432","3","3","5","01","12","6","0","0","0","1","0","0"
"POINT (13.368028415000026 52.505821926000067)","Unfall 191433 (2019) Kat:3, Licht: 0","191433","3","3","5","01","10","1","0","0","0","1","0","0"
"POINT (13.441069440000035 52.513595950000081)","Unfall 191434 (2019) Kat:3, Licht: 0","191434","3","7","1","01","10","6","0","0","0","1","0","0"
"POINT (13.344341703000055 52.538325118000046)","Unfall 191435 (2019) Kat:3, Licht: 2","191435","3","2","5","01","07","5","1","2","1","1","0","0"
"POINT (13.356845346000057 52.523747103000062)","Unfall 191436 (2019) Kat:3, Licht: 2","191436","3","2","5","01","05","5","1","2","0","1","0","0"
"POINT (13.307349771000077 52.504487788000063)","Unfall 191437 (2019) Kat:3, Licht: 2","191437","3","2","6","01","21","5","1","2","0","1","1","0"
"POINT (13.586778198000047 52.424260132000029)","Unfall 191438 (2019) Kat:2, Licht: 2","191438","2","6","3","01","20","5","1","2","1","1","0","0"
"POINT (13.329261655000039 52.465767660000040)","Unfall 191439 (2019) Kat:3, Licht: 2","191439","3","7","6","01","19","5","1","2","0","1","1","0"
"POINT (13.568586092000032 52.569583039000065)","Unfall 191440 (2019) Kat:3, Licht: 2","191440","3","3","6","01","19","5","1","2","0","1","1","0"
"POINT (13.520825939000076 52.568540351000081)","Unfall 191441 (2019) Kat:2, Licht: 2","191441","2","2","6","01","18","5","1","2","0","1","1","0"
"POINT (13.495554086000027 52.640710648000038)","Unfall 191442 (2019) Kat:3, Licht: 2","191442","3","6","4","01","18","7","1","2","0","1","0","0"
"POINT (13.363891361000071 52.556418140000062)","Unfall 191443 (2019) Kat:3, Licht: 2","191443","3","6","2","01","19","5","1","2","0","1","0","0"
"POINT (13.381476342000042 52.556253411000057)","Unfall 191444 (2019) Kat:3, Licht: 1","191444","3","3","5","01","18","5","1","1","1","1","0","0"
"POINT (13.386593162000054 52.505426195000041)","Unfall 191445 (2019) Kat:3, Licht: 2","191445","3","2","5","01","18","5","1","2","1","1","0","0"
"POINT (13.443889463000062 52.467922545000079)","Unfall 191446 (2019) Kat:3, Licht: 2","191446","3","7","5","01","18","5","1","2","0","1","0","1"
"POINT (13.491379715000051 52.469159906000073)","Unfall 191447 (2019) Kat:2, Licht: 2","191447","2","2","6","01","18","5","1","2","0","1","1","0"
"POINT (13.385348172000022 52.520185153000057)","Unfall 191448 (2019) Kat:3, Licht: 2","191448","3","6","3","01","18","5","1","2","1","1","0","0"
"POINT (13.440852184000050 52.524272117000066)","Unfall 191449 (2019) Kat:2, Licht: 2","191449","2","2","0","01","18","5","1","2","0","1","0","0"
"POINT (13.304958629000055 52.512942888000055)","Unfall 191450 (2019) Kat:3, Licht: 0","191450","3","2","6","01","13","5","0","0","0","1","1","0"
"POINT (13.382881224000073 52.530533260000027)","Unfall 191451 (2019) Kat:2, Licht: 0","191451","2","4","6","01","11","5","0","0","0","0","1","0"
"POINT (13.341864364000060 52.434872717000076)","Unfall 191452 (2019) Kat:3, Licht: 0","191452","3","5","1","01","12","5","0","0","1","1","0","0"
"POINT (13.330693732000043 52.498511071000053)","Unfall 191453 (2019) Kat:2, Licht: 0","191453","2","7","5","01","14","5","0","0","0","1","0","0"