WKT,Name,OBJECTID,UKATEGORIE,UTYP1,UART,UMONAT,USTUNDE,UWOCHENTAG,STRZUSTAND,ULICHTVERH,ISTRAD,ISTPKW,ISTFUSS,ISTKRAD
"POINT (13.289064650000057 52.495132460000036)","Unfall 191454 (2019) Kat:3, Licht: 2","191454","3","5","1","01","18","7","0","2","1","1","0","0"
"POINT (13.267171387000076 52.410287605000065)","Unfall 191455 (2019) Kat:2, Licht: 0","191455","2","3","2","01","14","5","0","0","1","1","0","0"
"POINT (13.327211690000070 52.527545131000068)","Unfall 191456 (2019) Kat:3, Licht: 0","191456","3","5","1","01","15","5","1","0","1","1","0","0"
"POINT (13.361960456000077 52.447249858000077)","Unfall 191457 (2019) Kat:3, Licht: 0","191457","3","2","5","01","15","5","0","0","0","1","0","1"
"POINT (13.395463829000050 52.386670511000034)","Unfall 191458 (2019) Kat:2, Licht: 0","191458","2","2","6","01","14","1","0","0","0","1","1","0"
"POINT (13.322391007000022 52.486312621000081)","Unfall 191459 (2019) Kat:2, Licht: 0","191459","2","2","6","01","16","5","0","0","0","1","1","0"
"POINT (13.373264074000076 52.424777703000075)","Unfall 191460 (2019) Kat:3, Licht: 1","191460","3","2","0","01","16","5","0","1","0","1","0","0"
"POINT (13.338242936000029 52.499538897000036)","Unfall 191461 (2019) Kat:3, Licht: 1","191461","3","1","2","01","17","5","1","1","0","1","0","0"
"POINT (13.277770011000030 52.477970919000029)","Unfall 191462 (2019) Kat:3, Licht: 1","191462","3","5","1","01","17","5","1","1","0","1","0","0"
"POINT (13.522469904000047 52.426669495000056)","Unfall 191463 (2019) Kat:2, Licht: 1","191463","2","6","2","01","17","5","1","1","0","1","0","1"
"POINT (13.452451720000056 52.452581490000057)","Unfall 191464 (2019) Kat:3, Licht: 1","191464","3","1","8","01","17","5","1","1","0","1","0","0"
"POINT (13.556050251000045 52.571433393000063)","Unfall 191465 (2019) Kat:2, Licht: 0","191465","2","1","9","01","10","5","0","0","0","1","0","0"
"POINT (13.480874931000074 52.416769899000030)","Unfall 191466 (2019) Kat:2, Licht: 2","191466","2","1","1","01","22","4","0","2","0","1","0","0"
"POINT (13.377308875000040 52.543779184000073)","Unfall 191467 (2019) Kat:2, Licht: 2","191467","2","4","6","01","21","4","0","2","1","0","1","0"
"POINT (13.408761556000059 52.527927185000067)","Unfall 191468 (2019) Kat:3, Licht: 2","191468","3","5","1","01","21","4","0","2","1","1","0","0"
"POINT (13.428092469000035 52.552165921000039)","Unfall 191469 (2019) Kat:3, Licht: 2","191469","3","3","5","01","21","4","0","2","1","1","0","0"
"POINT (13.372028529000033 52.527273951000041)","Unfall 191470 (2019) Kat:3, Licht: 2","191470","3","6","2","01","17","4","0","2","0","1","0","0"
"POINT (13.228244622000034 52.528278826000076)","Unfall 191471 (2019) Kat:3, Licht: 0","191471","3","6","2","01","14","4","0","0","0","1","0","0"
"POINT (13.479391437000061 52.516260325000076)","Unfall 191472 (2019) Kat:3, Licht: 0","191472","3","2","5","01","15","4","0","0","0","1","0","0"
"POINT (13.231024650000052 52.610321144000068)","Unfall 191473 (2019) Kat:3, Licht: 0","191473","3","3","2","01","14","4","0","0","1","1","0","0"
"POINT (13.281457774000046 52.511575232000041)","Unfall 191474 (2019) Kat:3, Licht: 0","191474","3","3","5","01","13","4","0","0","0","1","0","0"
"POINT (13.187265681000042 52.522677863000069)","Unfall 191475 (2019) Kat:3, Licht: 0","191475","3","3","5","01","13","4","0","0","0","1","0","0"
"POINT (13.323954527000069 52.516415519000077)","Unfall 191476 (2019) Kat:3, Licht: 0","191476","3","4","6","01","11","4","1","0","0","1","1","0"
"POINT (13.426386922000063 52.465777041000081)","Unfall 191477 (2019) Kat:3, Licht: 0","191477","3","4","6","01","10","4","1","0","0","1","1","0"
"POINT (13.424928013000056 52.547011162000047)","Unfall 191478 (2019) Kat:3, Licht: 1","191478","3","3","5","01","07","4","1","1","1","1","0","0"
"POINT (13.351552972000036 52.415786440000034)","Unfall 191479 (2019) Kat:3, Licht: 0","191479","3","2","6","01","12","4","0","0","0","1","1","0"
"POINT (13.276207015000068 52.433514731000059)","Unfall 191480 (2019) Kat:3, Licht: 0","191480","3","2","6","01","09","4","1","0","0","0","1","1"
"POINT (13.515073872000073 52.546340910000026)","Unfall 191481 (2019) Kat:3, Licht: 1","191481","3","2","5","01","07","4","1","1","0","1","0","0"
"POINT (13.392588434000061 52.412689774000057)","Unfall 191482 (2019) Kat:3, Licht: 2","191482","3","2","5","01","17","7","0","2","1","0","0","0"
"POINT (13.435482591000039 52.545422635000079)","Unfall 191483 (2019) Kat:3, Licht: 1","191483","3","4","6","01","07","4","1","1","0","1","1","0"
"POINT (13.615654275000054 52.531769635000046)","Unfall 191484 (2019) Kat:3, Licht: 1","191484","3","3","5","01","07","4","1","1","1","1","0","0"
"POINT (13.360837514000025 52.570356001000050)","Unfall 191485 (2019) Kat:3, Licht: 0","191485","3","2","5","01","08","4","1","0","0","1","0","0"
"POINT (13.319830254000067 52.468807180000056)","Unfall 191486 (2019) Kat:3, Licht: 0","191486","3","3","5","01","09","4","1","0","0","1","0","0"
"POINT (13.426822494000021 52.487390668000046)","Unfall 191487 (2019) Kat:3, Licht: 0","191487","3","2","6","01","15","4","0","0","0","0","1","0"
"POINT (13.391257746000065 52.555172779000031)","Unfall 191488 (2019) Kat:3, Licht: 0","191488","3","2","5","01","12","3","0","0","1","1","0","0"
"POINT (13.388084892000052 52.521362977000081)","Unfall 191489 (2019) Kat:2, Licht: 2","191489","2","1","0","01","22","3","1","2","0","0","0","1"
"POINT (13.209198942000057 52.565380180000034)","Unfall 191490 (2019) Kat:3, Licht: 2","191490","3","2","6","01","18","3","1","2","0","1","1","0"
"POINT (13.167422902000055 52.519086299000037)","Unfall 191491 (2019) Kat:3, Licht: 2","191491","3","1","9","01","17","3","1","2","0","1","0","0"
"POINT (13.519276440000056 52.530625363000070)","Unfall 191492 (2019) Kat:3, Licht: 0","191492","3","2","2","01","12","3","1","0","0","1","0","0"
"POINT (13.257953204000046 52.518042147000074)","Unfall 191493 (2019) Kat:3, Licht: 2","191493","3","3","0","01","20","3","1","2","0","0","0","1"
"POINT (13.394171700000072 52.426657569000042)","Unfall 191494 (2019) Kat:3, Licht: 1","191494","3","2","5","01","17","7","0","1","0","1","0","0"
"POINT (13.374989405000065 52.436418604000039)","Unfall 191495 (2019) Kat:3, Licht: 2","191495","3","3","5","01","20","3","0","2","0","1","0","0"
"POINT (13.233672593000051 52.508385837000048)","Unfall 191496 (2019) Kat:3, Licht: 2","191496","3","1","0","01","16","3","1","2","0","0","0","1"
"POINT (13.569885575000058 52.540829907000045)","Unfall 191497 (2019) Kat:2, Licht: 2","191497","2","2","6","01","16","3","1","2","0","1","1","0"
"POINT (13.299211628000023 52.570895780000058)","Unfall 191498 (2019) Kat:3, Licht: 0","191498","3","5","0","01","16","3","1","0","0","1","0","1"
"POINT (13.330856696000069 52.500633980000032)","Unfall 191499 (2019) Kat:3, Licht: 0","191499","3","2","2","01","14","3","1","0","0","0","0","0"
"POINT (13.262913452000078 52.540644018000080)","Unfall 191500 (2019) Kat:3, Licht: 0","191500","3","2","0","01","14","3","1","0","0","1","0","0"
"POINT (13.281527802000028 52.592397797000046)","Unfall 191501 (2019) Kat:3, Licht: 0","191501","3","5","1","01","14","3","1","0","0","1","0","0"
"POINT (13.449244442000065 52.528729027000054)","Unfall 191502 (2019) Kat:3, Licht: 0","191502","3","3","5","01","13","3","1","0","0","1","0","0"
"POINT (13.435440006000022 52.480885002000036)","Unfall 191503 (2019) Kat:3, Licht: 0","191503","3","7","0","01","10","3","1","0","0","1","0","0"
"POINT (13.464396479000072 52.509903253000061)","Unfall 191504 (2019) Kat:3, Licht: 1","191504","3","3","5","01","10","3","1","1","1","1","0","0"
"POINT (13.436729557000035 52.554473869000049)","Unfall 191505 (2019) Kat:3, Licht: 0","191505","3","5","1","01","10","3","1","0","1","1","0","0"
"POINT (13.422060253000041 52.573521199000027)","Unfall 191506 (2019) Kat:3, Licht: 0","191506","3","3","5","01","09","3","1","0","0","1","0","0"
"POINT (13.411741630000051 52.523965059000034)","Unfall 191507 (2019) Kat:3, Licht: 2","191507","3","2","5","01","05","3","0","2","0","0","0","0"
"POINT (13.445242669000038 52.504785914000081)","Unfall 191508 (2019) Kat:3, Licht: 2","191508","3","3","6","01","22","3","1","2","0","1","1","0"
"POINT (13.434723508000047 52.542761564000045)","Unfall 191509 (2019) Kat:3, Licht: 1","191509","3","2","2","01","17","3","1","1","0","1","0","0"
"POINT (13.320940195000048 52.435058456000036)","Unfall 191510 (2019) Kat:3, Licht: 1","191510","3","4","6","01","17","3","1","1","0","1","1","0"
"POINT (13.354873986000030 52.596625499000027)","Unfall 191511 (2019) Kat:2, Licht: 1","191511","2","4","6","01","17","3","1","1","0","1","1","0"
"POINT (13.455061140000055 52.472764392000045)","Unfall 191512 (2019) Kat:3, Licht: 0","191512","3","4","6","01","15","3","1","0","0","1","1","0"
"POINT (13.281343956000057 52.512832766000031)","Unfall 191513 (2019) Kat:2, Licht: 1","191513","2","2","5","01","17","3","1","1","0","1","0","0"
"POINT (13.165481213000021 52.551083235000078)","Unfall 191514 (2019) Kat:3, Licht: 2","191514","3","2","6","01","17","3","1","2","0","1","1","0"
"POINT (13.394228213000076 52.507866150000041)","Unfall 191515 (2019) Kat:3, Licht: 1","191515","3","7","6","01","18","3","1","1","0","1","1","0"
"POINT (13.330421191000028 52.505305915000065)","Unfall 191516 (2019) Kat:3, Licht: 1","191516","3","7","6","01","18","3","1","1","0","1","1","0"
"POINT (13.236196873000040 52.550162214000068)","Unfall 191517 (2019) Kat:3, Licht: 2","191517","3","1","4","01","19","3","1","2","0","1","0","0"
"POINT (13.384244388000070 52.509905829000047)","Unfall 191518 (2019) Kat:3, Licht: 2","191518","3","2","6","01","22","3","1","2","0","1","1","0"
"POINT (13.439854865000029 52.481565593000028)","Unfall 191519 (2019) Kat:3, Licht: 2","191519","3","4","6","01","23","3","1","2","0","1","1","0"
"POINT (13.545269944000040 52.425703530000078)","Unfall 191520 (2019) Kat:3, Licht: 2","191520","3","2","5","01","23","3","1","2","1","1","0","0"
"POINT (13.343329110000070 52.534199038000054)","Unfall 191521 (2019) Kat:3, Licht: 2","191521","3","7","0","01","22","2","0","2","0","1","0","0"
"POINT (13.351138636000030 52.509633983000072)","Unfall 191522 (2019) Kat:3, Licht: 2","191522","3","2","5","01","21","2","0","2","1","1","0","0"
"POINT (13.304049121000048 52.499362774000076)","Unfall 191523 (2019) Kat:3, Licht: 2","191523","3","7","6","01","17","2","0","2","0","1","1","0"
"POINT (13.477804752000054 52.417781096000056)","Unfall 191524 (2019) Kat:3, Licht: 2","191524","3","3","5","01","06","2","1","2","0","1","0","0"
"POINT (13.333304992000024 52.578901991000066)","Unfall 191525 (2019) Kat:3, Licht: 0","191525","3","3","5","01","07","2","1","0","0","1","0","0"
"POINT (13.382964651000066 52.411141424000050)","Unfall 191526 (2019) Kat:3, Licht: 0","191526","3","4","6","01","08","2","1","0","0","0","1","0"
"POINT (13.353196678000074 52.516367358000082)","Unfall 191527 (2019) Kat:3, Licht: 0","191527","3","4","6","01","09","2","1","0","1","0","1","0"
"POINT (13.401060690000065 52.414569940000035)","Unfall 191528 (2019) Kat:2, Licht: 0","191528","2","2","5","01","09","2","0","0","0","1","0","0"
"POINT (13.346520669000029 52.430860602000052)","Unfall 191529 (2019) Kat:2, Licht: 2","191529","2","2","6","01","18","2","0","2","0","1","1","0"
"POINT (13.335851124000044 52.499361562000047)","Unfall 191530 (2019) Kat:3, Licht: 2","191530","3","6","2","01","17","2","1","2","0","1","0","0"
"POINT (13.380527884000060 52.442867018000072)","Unfall 191531 (2019) Kat:3, Licht: 2","191531","3","3","5","01","17","2","0","2","0","1","0","0"
"POINT (13.435145264000028 52.543211763000045)","Unfall 191532 (2019) Kat:3, Licht: 2","191532","3","4","6","01","17","2","1","2","0","1","1","0"
"POINT (13.404443336000043 52.521301909000044)","Unfall 191533 (2019) Kat:3, Licht: 2","191533","3","7","6","01","20","2","0","2","0","1","1","0"
"POINT (13.451352273000055 52.471989139000073)","Unfall 191534 (2019) Kat:3, Licht: 2","191534","3","4","6","01","17","2","1","2","0","1","1","0"
"POINT (13.378126405000046 52.468630231000077)","Unfall 191535 (2019) Kat:3, Licht: 2","191535","3","4","6","01","16","2","1","2","0","1","1","0"
"POINT (13.286884872000030 52.512974322000048)","Unfall 191536 (2019) Kat:2, Licht: 1","191536","2","2","5","01","16","7","0","1","0","1","0","0"
"POINT (13.578047453000067 52.457097679000071)","Unfall 191537 (2019) Kat:3, Licht: 0","191537","3","4","6","01","16","2","2","0","0","1","1","0"
"POINT (13.553091112000061 52.433998165000048)","Unfall 191538 (2019) Kat:3, Licht: 0","191538","3","3","5","01","16","2","1","0","0","1","0","0"
"POINT (13.382479670000066 52.445458899000073)","Unfall 191539 (2019) Kat:2, Licht: 2","191539","2","4","6","01","16","2","0","2","0","1","1","0"
"POINT (13.539739049000048 52.539821311000026)","Unfall 191540 (2019) Kat:3, Licht: 0","191540","3","3","5","01","14","2","1","0","0","1","0","0"
"POINT (13.257517725000071 52.504542635000064)","Unfall 191541 (2019) Kat:3, Licht: 0","191541","3","4","6","01","15","2","0","0","0","1","1","0"
"POINT (13.500307493000037 52.632758179000064)","Unfall 191542 (2019) Kat:3, Licht: 0","191542","3","2","5","01","14","2","1","0","0","1","0","0"
"POINT (13.428739617000076 52.507125869000049)","Unfall 191543 (2019) Kat:3, Licht: 0","191543","3","6","0","01","13","2","1","0","0","1","0","1"
"POINT (13.198552591000066 52.542891292000036)","Unfall 191544 (2019) Kat:3, Licht: 0","191544","3","2","5","01","13","2","0","0","0","1","0","0"
"POINT (13.409596721000071 52.522649224000077)","Unfall 191545 (2019) Kat:2, Licht: 0","191545","2","3","0","01","14","7","0","0","0","1","0","0"
"POINT (13.432712782000067 52.478388101000064)","Unfall 191546 (2019) Kat:2, Licht: 0","191546","2","3","5","01","13","2","0","0","0","1","0","1"
"POINT (13.409429677000048 52.387278143000060)","Unfall 191547 (2019) Kat:3, Licht: 0","191547","3","2","5","01","11","2","0","0","1","1","0","0"
"POINT (13.355258849000052 52.427822686000070)","Unfall 191548 (2019) Kat:3, Licht: 0","191548","3","1","2","01","13","7","0","0","0","1","0","0"
"POINT (13.359752096000022 52.475364012000057)","Unfall 191549 (2019) Kat:3, Licht: 0","191549","3","2","5","01","11","2","0","0","0","1","0","0"
"POINT (13.201692575000038 52.517752511000026)","Unfall 191550 (2019) Kat:3, Licht: 1","191550","3","5","0","01","07","2","0","1","0","1","0","0"
"POINT (13.452737857000045 52.548603831000037)","Unfall 191551 (2019) Kat:3, Licht: 0","191551","3","4","6","01","10","2","1","0","0","1","1","0"
"POINT (13.332255622000048 52.610200594000048)","Unfall 191552 (2019) Kat:3, Licht: 1","191552","3","3","5","01","15","1","1","1","0","1","0","0"
"POINT (13.423899902000073 52.523817870000073)","Unfall 191553 (2019) Kat:3, Licht: 2","191553","3","3","5","01","22","1","1","2","1","0","0","0"
"POINT (13.485130612000034 52.515890887000069)","Unfall 191554 (2019) Kat:2, Licht: 2","191554","2","2","5","01","20","1","1","2","0","1","0","0"
"POINT (13.384660936000046 52.591196323000077)","Unfall 191555 (2019) Kat:3, Licht: 2","191555","3","3","5","01","19","1","1","2","0","1","0","0"
"POINT (13.455805684000040 52.473891153000068)","Unfall 191556 (2019) Kat:2, Licht: 2","191556","2","4","6","01","18","1","1","2","0","1","1","0"
"POINT (13.304100167000058 52.503655222000077)","Unfall 191557 (2019) Kat:3, Licht: 2","191557","3","2","6","01","17","1","1","2","0","1","1","0"
"POINT (13.587402398000052 52.523178421000068)","Unfall 191558 (2019) Kat:3, Licht: 2","191558","3","6","2","01","17","1","1","2","0","1","0","0"
"POINT (13.332838092000031 52.595417583000028)","Unfall 191559 (2019) Kat:2, Licht: 2","191559","2","2","6","01","16","1","1","2","0","1","1","0"
"POINT (13.151814632000026 52.553680819000078)","Unfall 191560 (2019) Kat:3, Licht: 0","191560","3","6","2","01","13","1","1","0","0","1","0","0"
"POINT (13.366137330000072 52.510288739000032)","Unfall 191561 (2019) Kat:3, Licht: 0","191561","3","5","5","01","14","1","1","0","1","1","0","0"
"POINT (13.402755723000041 52.493939298000043)","Unfall 191562 (2019) Kat:3, Licht: 2","191562","3","3","5","01","03","1","1","2","0","1","0","0"
"POINT (13.477856429000042 52.442155807000063)","Unfall 191563 (2019) Kat:3, Licht: 2","191563","3","7","5","01","03","1","1","2","0","1","0","0"
"POINT (13.298605053000074 52.422002476000046)","Unfall 191564 (2019) Kat:3, Licht: 2","191564","3","2","6","01","07","1","1","2","0","1","1","0"
"POINT (13.359224580000046 52.546356798000033)","Unfall 191565 (2019) Kat:3, Licht: 2","191565","3","2","2","01","07","1","1","2","0","1","0","0"
"POINT (13.247091478000073 52.524622821000037)","Unfall 191566 (2019) Kat:2, Licht: 0","191566","2","1","1","01","11","1","1","0","0","1","0","1"
"POINT (13.522837524000067 52.484906386000034)","Unfall 191567 (2019) Kat:3, Licht: 0","191567","3","3","5","01","12","1","1","0","0","1","0","0"
"POINT (13.307938275000026 52.488458657000081)","Unfall 191568 (2019) Kat:3, Licht: 2","191568","3","3","5","01","01","1","1","2","0","1","0","0"
"POINT (13.537117365000029 52.452754452000079)","Unfall 191569 (2019) Kat:3, Licht: 0","191569","3","2","6","01","09","7","0","0","0","1","1","0"
"POINT (13.351302571000076 52.499964686000055)","Unfall 191570 (2019) Kat:3, Licht: 0","191570","3","2","2","01","11","7","1","0","0","1","0","0"
"POINT (13.416997117000051 52.418213409000032)","Unfall 191571 (2019) Kat:3, Licht: 1","191571","3","2","6","01","17","7","1","1","0","1","1","0"
"POINT (13.403191145000051 52.463430005000077)","Unfall 191572 (2019) Kat:3, Licht: 2","191572","3","3","5","01","18","7","1","2","0","1","0","0"
"POINT (13.603761826000039 52.546600404000060)","Unfall 191573 (2019) Kat:3, Licht: 2","191573","3","2","6","01","18","7","1","2","0","1","1","0"
"POINT (13.345991329000071 52.496947599000066)","Unfall 191574 (2019) Kat:3, Licht: 2","191574","3","2","6","01","18","7","1","2","0","1","1","0"
"POINT (13.360661446000051 52.412715242000047)","Unfall 191575 (2019) Kat:3, Licht: 2","191575","3","5","3","01","17","7","1","2","0","1","0","0"
"POINT (13.318137452000030 52.510939235000080)","Unfall 191576 (2019) Kat:3, Licht: 2","191576","3","2","6","01","17","7","1","2","0","1","1","0"
"POINT (13.345990978000032 52.496956757000078)","Unfall 191577 (2019) Kat:3, Licht: 2","191577","3","2","6","01","17","7","1","2","0","1","1","0"
"POINT (13.198499877000074 52.533209617000068)","Unfall 191578 (2019) Kat:3, Licht: 1","191578","3","6","2","01","16","7","1","1","0","1","0","0"
"POINT (13.385714983000071 52.549909546000038)","Unfall 191579 (2019) Kat:3, Licht: 1","191579","3","6","2","01","15","7","1","1","0","1","0","0"
"POINT (13.391984146000027 52.509499203000075)","Unfall 191580 (2019) Kat:3, Licht: 0","191580","3","3","5","01","14","7","1","0","0","1","0","0"
"POINT (13.398049571000058 52.584908794000057)","Unfall 191581 (2019) Kat:3, Licht: 0","191581","3","3","5","01","11","7","1","0","0","1","0","0"
"POINT (13.198652063000054 52.533417654000061)","Unfall 191582 (2019) Kat:3, Licht: 0","191582","3","6","2","01","11","7","1","0","0","1","0","0"
"POINT (13.465988646000028 52.428963722000049)","Unfall 191583 (2019) Kat:3, Licht: 2","191583","3","4","6","01","20","7","1","2","0","1","1","0"
"POINT (13.393400108000037 52.564550602000054)","Unfall 191584 (2019) Kat:3, Licht: 2","191584","3","1","2","01","21","7","1","2","0","1","0","0"
"POINT (13.525834092000025 52.482921307000026)","Unfall 191585 (2019) Kat:3, Licht: 2","191585","3","4","6","01","23","7","1","2","0","1","1","0"
"POINT (13.341414934000056 52.525542608000080)","Unfall 191586 (2019) Kat:2, Licht: 2","191586","2","4","0","01","23","7","1","2","0","0","1","1"
"POINT (13.576029456000072 52.446262572000080)","Unfall 191587 (2019) Kat:3, Licht: 0","191587","3","3","0","01","13","6","0","0","0","1","0","0"
"POINT (13.571291093000070 52.545768181000028)","Unfall 191588 (2019) Kat:3, Licht: 2","191588","3","2","6","01","19","7","1","2","0","1","1","0"
"POINT (13.416772045000073 52.519375369000045)","Unfall 191589 (2019) Kat:3, Licht: 2","191589","3","1","8","01","19","7","1","2","0","0","0","1"
"POINT (13.509415830000023 52.546672019000027)","Unfall 191590 (2019) Kat:2, Licht: 2","191590","2","7","0","01","17","7","1","2","1","0","0","0"
"POINT (13.265424194000047 52.483266999000080)","Unfall 191591 (2019) Kat:3, Licht: 0","191591","3","1","0","01","13","7","1","0","0","0","0","1"
"POINT (13.267291583000031 52.409561856000039)","Unfall 191592 (2019) Kat:1, Licht: 2","191592","1","4","6","01","18","7","1","2","0","1","1","0"
"POINT (13.347281690000045 52.459584187000075)","Unfall 191593 (2019) Kat:3, Licht: 1","191593","3","7","0","01","17","6","1","1","0","1","0","1"
"POINT (13.197614469000030 52.523443459000077)","Unfall 191594 (2019) Kat:3, Licht: 2","191594","3","5","5","01","18","6","1","2","0","1","0","1"
"POINT (13.353187453000032 52.433191877000070)","Unfall 191595 (2019) Kat:3, Licht: 1","191595","3","4","0","01","17","6","1","1","0","1","1","0"
"POINT (13.447416807000025 52.519341340000040)","Unfall 191596 (2019) Kat:3, Licht: 0","191596","3","6","4","01","15","6","1","0","1","1","0","0"
"POINT (13.320985578000034 52.512997304000066)","Unfall 191597 (2019) Kat:2, Licht: 2","191597","2","3","5","01","20","6","1","2","0","1","0","0"
"POINT (13.439412225000069 52.547628429000042)","Unfall 191598 (2019) Kat:3, Licht: 2","191598","3","1","0","01","18","7","1","2","0","0","0","1"
"POINT (13.425483824000025 52.493336868000029)","Unfall 191599 (2019) Kat:3, Licht: 2","191599","3","3","5","01","19","6","1","2","0","1","0","0"
"POINT (13.388225148000060 52.506578656000045)","Unfall 191600 (2019) Kat:3, Licht: 2","191600","3","5","1","01","19","6","1","2","1","1","0","0"
"POINT (13.290526089000025 52.475316451000026)","Unfall 191601 (2019) Kat:2, Licht: 2","191601","2","2","6","01","17","6","1","2","0","1","1","0"
"POINT (13.307131078000054 52.500158702000078)","Unfall 191602 (2019) Kat:3, Licht: 2","191602","3","2","6","01","17","6","1","2","0","0","1","0"
"POINT (13.580855637000070 52.503111445000059)","Unfall 191603 (2019) Kat:3, Licht: 2","191603","3","2","6","01","16","6","1","2","0","1","1","0"
"POINT (13.386720375000039 52.519731120000074)","Unfall 191604 (2019) Kat:3, Licht: 1","191604","3","3","5","01","15","6","1","1","1","1","0","0"
"POINT (13.285805557000060 52.587622722000049)","Unfall 191605 (2019) Kat:3, Licht: 0","191605","3","6","2","01","15","6","1","0","0","1","0","0"
"POINT (13.463687513000025 52.513044089000061)","Unfall 191606 (2019) Kat:2, Licht: 0","191606","2","4","6","01","14","6","1","0","1","0","1","0"
"POINT (13.313259717000051 52.502137558000072)","Unfall 191607 (2019) Kat:3, Licht: 0","191607","3","2","5","01","14","6","1","0","1","1","0","0"
"POINT (13.532705516000021 52.428777586000081)","Unfall 191608 (2019) Kat:3, Licht: 0","191608","3","3","5","01","14","6","1","0","0","1","0","0"
"POINT (13.303806398000063 52.600830426000073)","Unfall 191609 (2019) Kat:3, Licht: 0","191609","3","5","1","01","09","1","0","0","0","1","0","0"
"POINT (13.408016957000029 52.499953582000046)","Unfall 191610 (2019) Kat:3, Licht: 0","191610","3","7","5","01","14","6","1","0","1","1","0","0"
"POINT (13.526987799000040 52.486539058000062)","Unfall 191611 (2019) Kat:2, Licht: 2","191611","2","3","5","01","02","7","0","2","0","1","0","0"
"POINT (13.259939888000076 52.516076375000068)","Unfall 191612 (2019) Kat:3, Licht: 0","191612","3","3","6","01","13","6","1","0","0","1","1","0"
"POINT (13.524970140000050 52.495464325000057)","Unfall 191613 (2019) Kat:3, Licht: 0","191613","3","3","5","01","13","6","1","0","1","1","0","0"
"POINT (13.342993038000031 52.485546666000062)","Unfall 191614 (2019) Kat:3, Licht: 0","191614","3","4","6","01","11","6","1","0","0","1","1","0"
"POINT (13.206268228000056 52.542871320000074)","Unfall 191615 (2019) Kat:3, Licht: 0","191615","3","2","5","01","13","1","0","0","0","1","0","0"
"POINT (13.366194439000026 52.495273700000041)","Unfall 191616 (2019) Kat:3, Licht: 0","191616","3","3","5","01","11","6","1","0","0","1","0","0"
"POINT (13.377542273000074 52.464865221000082)","Unfall 191617 (2019) Kat:3, Licht: 0","191617","3","2","5","01","10","6","1","0","0","1","0","0"
"POINT (13.510001328000044 52.503287100000080)","Unfall 191618 (2019) Kat:3, Licht: 0","191618","3","6","2","01","13","7","1","0","0","1","0","0"
"POINT (13.362644388000035 52.494108322000045)","Unfall 191619 (2019) Kat:3, Licht: 0","191619","3","3","5","01","10","6","1","0","1","1","0","0"
"POINT (13.282414321000033 52.590803557000072)","Unfall 191620 (2019) Kat:2, Licht: 0","191620","2","7","5","01","10","6","1","0","0","1","1","0"
"POINT (13.298073298000077 52.519635175000076)","Unfall 191621 (2019) Kat:3, Licht: 0","191621","3","6","2","01","09","6","1","0","0","1","0","0"
"POINT (13.461656353000024 52.530724063000036)","Unfall 191622 (2019) Kat:3, Licht: 0","191622","3","7","0","01","08","6","1","0","1","0","0","0"
"POINT (13.601016155000025 52.479947971000058)","Unfall 191623 (2019) Kat:3, Licht: 0","191623","3","4","6","01","08","6","1","0","0","1","1","0"
"POINT (13.529503492000060 52.419306671000072)","Unfall 191624 (2019) Kat:3, Licht: 1","191624","3","5","1","01","08","6","1","1","0","1","0","0"
"POINT (13.429742197000053 52.498270294000065)","Unfall 191625 (2019) Kat:2, Licht: 0","191625","2","3","0","01","14","6","1","0","0","1","0","0"
"POINT (13.334246036000025 52.570466228000043)","Unfall 191626 (2019) Kat:3, Licht: 2","191626","3","4","6","01","00","7","2","2","0","1","1","0"
"POINT (13.593478944000026 52.452945214000067)","Unfall 191627 (2019) Kat:3, Licht: 2","191627","3","2","5","01","07","6","1","2","1","1","0","0"
"POINT (13.582376788000033 52.442469956000082)","Unfall 191628 (2019) Kat:3, Licht: 0","191628","3","7","2","01","13","6","1","0","0","1","0","0"
"POINT (13.356489584000030 52.411892393000073)","Unfall 191629 (2019) Kat:3, Licht: 1","191629","3","7","1","01","17","5","0","1","0","1","0","0"
"POINT (13.393416639000066 52.397912348000034)","Unfall 191630 (2019) Kat:3, Licht: 0","191630","3","5","1","01","15","5","1","0","1","1","0","0"
"POINT (13.197176738000053 52.515092088000074)","Unfall 191631 (2019) Kat:2, Licht: 0","191631","2","7","4","01","09","5","0","0","0","1","0","0"
"POINT (13.153812282000047 52.459871257000032)","Unfall 191632 (2019) Kat:3, Licht: 0","191632","3","3","5","01","08","5","0","0","1","1","0","0"
"POINT (13.429593209000075 52.480744436000066)","Unfall 191633 (2019) Kat:2, Licht: 0","191633","2","7","0","01","08","5","1","0","0","1","0","0"
"POINT (13.321525529000041 52.471616540000070)","Unfall 191634 (2019) Kat:2, Licht: 0","191634","2","4","6","01","07","5","1","0","0","1","1","0"
"POINT (13.196703693000075 52.525916877000043)","Unfall 191635 (2019) Kat:3, Licht: 1","191635","3","6","2","01","07","7","0","1","0","1","0","0"
"POINT (13.501602300000059 52.566018222000082)","Unfall 191636 (2019) Kat:2, Licht: 1","191636","2","4","6","01","07","5","1","1","0","1","1","0"
"POINT (13.392096060000029 52.439934085000061)","Unfall 191637 (2019) Kat:3, Licht: 2","191637","3","2","6","01","07","5","1","2","0","1","1","0"
"POINT (13.377570805000062 52.556254045000060)","Unfall 191638 (2019) Kat:2, Licht: 2","191638","2","4","6","01","07","5","1","2","0","1","1","0"