WKT,Name,OBJECTID,UKATEGORIE,UTYP1,UART,UMONAT,USTUNDE,UWOCHENTAG,STRZUSTAND,ULICHTVERH,ISTRAD,ISTPKW,ISTFUSS,ISTKRAD
"POINT (13.391089571000066 52.514895909000074)","Unfall 191639 (2019) Kat:3, Licht: 0","191639","3","7","0","01","13","7","0","0","0","1","0","0"
"POINT (13.505423065000059 52.572973206000029)","Unfall 191640 (2019) Kat:2, Licht: 2","191640","2","6","0","01","16","5","0","2","0","1","0","0"
"POINT (13.428949426000031 52.455460881000079)","Unfall 191641 (2019) Kat:3, Licht: 2","191641","3","3","5","01","19","5","0","2","0","1","0","0"
"POINT (13.593202245000043 52.453286003000073)","Unfall 191642 (2019) Kat:2, Licht: 0","191642","2","2","6","01","15","7","0","0","0","1","1","0"
"POINT (13.488195701000052 52.518405533000077)","Unfall 191643 (2019) Kat:3, Licht: 2","191643","3","5","4","01","19","5","0","2","0","1","0","0"
"POINT (13.459988188000068 52.508991901000059)","Unfall 191644 (2019) Kat:3, Licht: 0","191644","3","2","5","01","13","7","0","0","1","1","0","0"
"POINT (13.412423616000069 52.390902029000074)","Unfall 191645 (2019) Kat:2, Licht: 0","191645","2","3","5","01","10","7","0","0","0","1","0","0"
"POINT (13.445310027000062 52.565097605000062)","Unfall 191646 (2019) Kat:3, Licht: 1","191646","3","6","2","01","16","5","0","1","0","1","0","0"
"POINT (13.437812851000047 52.510191197000040)","Unfall 191647 (2019) Kat:3, Licht: 2","191647","3","3","5","01","16","5","0","2","1","1","0","0"
"POINT (13.512026798000022 52.411836047000065)","Unfall 191648 (2019) Kat:3, Licht: 0","191648","3","5","1","01","14","5","0","0","0","1","0","0"
"POINT (13.326637036000022 52.562735283000052)","Unfall 191649 (2019) Kat:3, Licht: 0","191649","3","6","2","01","09","7","1","0","0","1","0","0"
"POINT (13.327134540000031 52.500842787000067)","Unfall 191650 (2019) Kat:3, Licht: 0","191650","3","5","1","01","14","5","1","0","1","1","0","0"
"POINT (13.517220062000035 52.490682271000026)","Unfall 191651 (2019) Kat:3, Licht: 0","191651","3","6","4","01","09","7","0","0","1","1","0","0"
"POINT (13.378462462000073 52.556183744000066)","Unfall 191652 (2019) Kat:3, Licht: 0","191652","3","6","2","01","14","5","0","0","0","1","0","0"
"POINT (13.343183565000061 52.479765556000075)","Unfall 191653 (2019) Kat:3, Licht: 0","191653","3","4","6","01","14","5","0","0","1","0","1","0"
"POINT (13.326448889000062 52.592152503000079)","Unfall 191654 (2019) Kat:2, Licht: 2","191654","2","2","6","01","20","7","0","2","0","1","1","0"
"POINT (13.441654544000073 52.470416654000076)","Unfall 191655 (2019) Kat:3, Licht: 0","191655","3","3","5","01","13","5","0","0","1","1","0","0"
"POINT (13.452425994000066 52.438672856000039)","Unfall 191656 (2019) Kat:3, Licht: 0","191656","3","3","5","01","13","5","0","0","0","1","0","0"
"POINT (13.473147665000056 52.515252353000051)","Unfall 191657 (2019) Kat:3, Licht: 0","191657","3","5","1","01","12","5","0","0","1","1","0","0"
"POINT (13.341427849000070 52.575293471000066)","Unfall 191658 (2019) Kat:3, Licht: 0","191658","3","2","2","01","12","5","0","0","0","1","0","0"
"POINT (13.345146880000073 52.485909548000052)","Unfall 191659 (2019) Kat:3, Licht: 0","191659","3","2","5","01","10","5","0","0","0","1","0","0"
"POINT (13.415951753000058 52.550292604000049)","Unfall 191660 (2019) Kat:3, Licht: 2","191660","3","7","6","01","16","5","0","2","1","0","1","0"
"POINT (13.295975623000061 52.548965559000067)","Unfall 191661 (2019) Kat:3, Licht: 2","191661","3","6","2","01","21","6","1","2","0","1","0","0"
"POINT (13.571943291000025 52.546322160000045)","Unfall 191662 (2019) Kat:2, Licht: 0","191662","2","4","6","01","14","5","0","0","0","0","1","0"
"POINT (13.598846135000031 52.521059834000027)","Unfall 191663 (2019) Kat:2, Licht: 1","191663","2","2","5","01","16","5","0","1","1","1","0","0"
"POINT (13.306797200000062 52.555143574000056)","Unfall 191664 (2019) Kat:2, Licht: 2","191664","2","2","6","01","20","6","1","2","0","1","1","0"
"POINT (13.422323026000072 52.492797582000037)","Unfall 191665 (2019) Kat:2, Licht: 2","191665","2","4","6","01","22","5","0","2","0","1","1","0"
"POINT (13.422553301000050 52.559862185000043)","Unfall 191666 (2019) Kat:3, Licht: 2","191666","3","3","5","01","20","5","0","2","1","1","0","0"
"POINT (13.446397810000065 52.452466673000060)","Unfall 191667 (2019) Kat:3, Licht: 0","191667","3","6","2","01","11","4","1","0","0","0","0","0"
"POINT (13.344044863000022 52.450321632000055)","Unfall 191668 (2019) Kat:3, Licht: 1","191668","3","6","2","01","17","4","1","1","0","1","0","0"
"POINT (13.394393814000068 52.491377858000078)","Unfall 191669 (2019) Kat:3, Licht: 2","191669","3","3","5","01","20","4","1","2","0","1","0","1"
"POINT (13.412400137000077 52.524086542000077)","Unfall 191670 (2019) Kat:3, Licht: 2","191670","3","6","2","01","20","4","1","2","0","1","0","0"
"POINT (13.336890721000032 52.443607777000068)","Unfall 191671 (2019) Kat:3, Licht: 2","191671","3","3","5","01","19","4","1","2","1","1","0","0"
"POINT (13.325554228000044 52.504467578000060)","Unfall 191672 (2019) Kat:3, Licht: 1","191672","3","5","1","01","10","4","1","1","1","1","0","0"
"POINT (13.377306280000028 52.556585441000038)","Unfall 191673 (2019) Kat:3, Licht: 2","191673","3","6","2","01","20","7","0","2","0","1","0","0"
"POINT (13.467085582000038 52.509408439000026)","Unfall 191674 (2019) Kat:3, Licht: 0","191674","3","6","3","01","08","4","1","0","1","0","0","0"
"POINT (13.229875972000059 52.427715178000028)","Unfall 191675 (2019) Kat:3, Licht: 2","191675","3","3","5","01","16","4","1","2","1","1","0","0"
"POINT (13.193448726000042 52.549046768000039)","Unfall 191676 (2019) Kat:3, Licht: 1","191676","3","2","0","01","16","4","1","1","1","1","0","0"
"POINT (13.426743095000063 52.515773215000081)","Unfall 191677 (2019) Kat:3, Licht: 2","191677","3","3","5","01","18","4","1","2","0","1","0","0"
"POINT (13.421645455000032 52.562485980000076)","Unfall 191678 (2019) Kat:3, Licht: 0","191678","3","3","5","01","10","1","0","0","0","1","0","0"
"POINT (13.371619716000055 52.453043677000039)","Unfall 191679 (2019) Kat:3, Licht: 0","191679","3","5","1","01","13","4","0","0","1","1","0","0"
"POINT (13.465525329000059 52.551794617000041)","Unfall 191680 (2019) Kat:3, Licht: 2","191680","3","2","2","01","18","4","0","2","0","1","0","0"
"POINT (13.514649111000040 52.535299217000045)","Unfall 191681 (2019) Kat:3, Licht: 2","191681","3","6","2","01","18","4","0","2","0","1","0","0"
"POINT (13.378961427000036 52.560719501000051)","Unfall 191682 (2019) Kat:3, Licht: 2","191682","3","4","6","01","18","4","0","2","0","1","1","0"
"POINT (13.523932068000022 52.486925329000030)","Unfall 191683 (2019) Kat:3, Licht: 0","191683","3","6","2","01","07","4","2","0","0","1","0","0"
"POINT (13.331077846000028 52.458934175000081)","Unfall 191684 (2019) Kat:2, Licht: 0","191684","2","4","6","01","17","4","0","0","0","1","1","0"
"POINT (13.419024924000041 52.530528921000041)","Unfall 191685 (2019) Kat:3, Licht: 1","191685","3","2","2","01","18","5","0","1","0","1","0","0"
"POINT (13.371708721000061 52.560973693000051)","Unfall 191686 (2019) Kat:3, Licht: 0","191686","3","4","6","01","07","4","0","0","0","1","1","0"
"POINT (13.349444469000048 52.542324711000049)","Unfall 191687 (2019) Kat:3, Licht: 1","191687","3","2","5","01","06","4","0","1","1","1","0","0"
"POINT (13.301352558000076 52.494662297000048)","Unfall 191688 (2019) Kat:3, Licht: 0","191688","3","4","6","01","08","4","0","0","0","1","1","0"
"POINT (13.322602633000031 52.487625218000062)","Unfall 191689 (2019) Kat:3, Licht: 0","191689","3","4","6","01","08","4","0","0","0","1","1","0"
"POINT (13.385061509000025 52.567564061000041)","Unfall 191690 (2019) Kat:3, Licht: 0","191690","3","5","1","01","08","4","0","0","1","1","0","0"
"POINT (13.420302978000052 52.606240860000071)","Unfall 191691 (2019) Kat:3, Licht: 0","191691","3","2","6","01","09","4","0","0","0","1","1","0"
"POINT (13.345280138000021 52.492218180000066)","Unfall 191692 (2019) Kat:3, Licht: 0","191692","3","2","5","01","11","4","1","0","1","1","0","0"
"POINT (13.409589578000066 52.523938852000072)","Unfall 191693 (2019) Kat:3, Licht: 0","191693","3","2","5","01","11","4","0","0","1","1","0","0"
"POINT (13.410547275000056 52.503388614000073)","Unfall 191694 (2019) Kat:3, Licht: 0","191694","3","3","0","01","11","4","0","0","0","1","0","0"
"POINT (13.339480893000029 52.497112249000054)","Unfall 191695 (2019) Kat:3, Licht: 0","191695","3","2","5","01","15","5","0","0","1","1","0","0"
"POINT (13.548044589000028 52.544623823000052)","Unfall 191696 (2019) Kat:3, Licht: 0","191696","3","4","6","01","12","4","0","0","0","1","1","0"
"POINT (13.435162342000069 52.423058217000062)","Unfall 191697 (2019) Kat:3, Licht: 0","191697","3","3","6","01","12","4","0","0","0","1","1","0"
"POINT (13.604475560000026 52.486679512000080)","Unfall 191698 (2019) Kat:3, Licht: 2","191698","3","2","6","01","17","4","0","2","0","1","1","0"
"POINT (13.504000311000027 52.469117052000058)","Unfall 191699 (2019) Kat:3, Licht: 0","191699","3","7","5","01","12","4","0","0","0","1","0","0"
"POINT (13.165317318000064 52.551261517000057)","Unfall 191700 (2019) Kat:3, Licht: 2","191700","3","2","6","01","18","5","0","2","0","0","1","0"
"POINT (13.358527145000039 52.554191358000082)","Unfall 191701 (2019) Kat:3, Licht: 2","191701","3","4","6","01","17","4","1","2","1","0","1","0"
"POINT (13.363058578000050 52.562339768000072)","Unfall 191702 (2019) Kat:3, Licht: 0","191702","3","6","2","01","15","4","0","0","0","1","0","0"
"POINT (13.420160892000069 52.535998433000032)","Unfall 191703 (2019) Kat:3, Licht: 0","191703","3","3","5","01","08","4","0","0","0","1","0","1"
"POINT (13.434947688000022 52.501461916000039)","Unfall 191704 (2019) Kat:2, Licht: 2","191704","2","4","6","01","19","3","0","2","0","1","1","0"
"POINT (13.740961055000071 52.428294905000030)","Unfall 191705 (2019) Kat:3, Licht: 2","191705","3","3","4","01","17","3","0","2","0","1","0","0"
"POINT (13.342911457000071 52.526366798000026)","Unfall 191706 (2019) Kat:1, Licht: 0","191706","1","2","6","02","11","6","1","0","0","0","1","0"
"POINT (13.188059198000076 52.546970754000029)","Unfall 191707 (2019) Kat:3, Licht: 2","191707","3","6","2","01","18","3","1","2","0","1","0","0"
"POINT (13.432735868000066 52.464976991000071)","Unfall 191708 (2019) Kat:3, Licht: 2","191708","3","6","2","01","18","3","0","2","0","1","0","0"
"POINT (13.499420376000046 52.520591650000028)","Unfall 191709 (2019) Kat:2, Licht: 0","191709","2","4","6","01","16","3","1","0","0","1","1","0"
"POINT (13.335353641000040 52.520788527000036)","Unfall 191710 (2019) Kat:3, Licht: 0","191710","3","4","6","01","16","4","0","0","1","0","1","0"
"POINT (13.460742378000077 52.431432996000069)","Unfall 191711 (2019) Kat:3, Licht: 2","191711","3","6","3","01","17","3","1","2","0","1","0","0"
"POINT (13.321541158000059 52.456675038000071)","Unfall 191712 (2019) Kat:2, Licht: 1","191712","2","4","6","01","16","3","0","1","0","1","1","0"
"POINT (13.461974028000043 52.512789963000046)","Unfall 191713 (2019) Kat:3, Licht: 2","191713","3","5","1","01","16","3","0","2","1","1","0","0"
"POINT (13.408596955000064 52.511950686000034)","Unfall 191714 (2019) Kat:3, Licht: 2","191714","3","6","2","01","16","3","0","2","1","1","0","0"
"POINT (13.378560157000038 52.544746536000048)","Unfall 191715 (2019) Kat:3, Licht: 2","191715","3","2","5","01","16","3","1","2","0","1","0","0"
"POINT (13.287023196000064 52.432908035000082)","Unfall 191716 (2019) Kat:2, Licht: 0","191716","2","4","6","01","16","3","0","0","0","1","1","0"
"POINT (13.390134087000035 52.509455292000041)","Unfall 191717 (2019) Kat:3, Licht: 1","191717","3","3","5","01","16","3","1","1","1","1","0","0"
"POINT (13.382710632000055 52.468503369000075)","Unfall 191718 (2019) Kat:3, Licht: 0","191718","3","3","5","01","09","5","1","0","0","1","0","0"
"POINT (13.394556039000065 52.505880804000071)","Unfall 191719 (2019) Kat:3, Licht: 0","191719","3","4","6","01","16","3","1","0","0","1","1","0"
"POINT (13.344973285000037 52.435830298000042)","Unfall 191720 (2019) Kat:3, Licht: 0","191720","3","7","5","01","15","3","1","0","0","1","0","0"
"POINT (13.330672237000044 52.486144443000057)","Unfall 191721 (2019) Kat:3, Licht: 2","191721","3","2","2","01","18","4","0","2","0","1","0","0"
"POINT (13.335610340000073 52.533099102000051)","Unfall 191722 (2019) Kat:3, Licht: 0","191722","3","5","0","01","07","3","2","0","1","0","0","0"
"POINT (13.493620326000041 52.544694095000068)","Unfall 191723 (2019) Kat:2, Licht: 2","191723","2","1","0","01","20","3","1","2","1","0","0","0"
"POINT (13.372470675000045 52.556531183000061)","Unfall 191724 (2019) Kat:3, Licht: 1","191724","3","3","5","01","15","3","0","1","1","1","0","0"
"POINT (13.259387905000040 52.521851236000032)","Unfall 191725 (2019) Kat:3, Licht: 0","191725","3","6","2","01","14","3","0","0","0","1","0","0"
"POINT (13.291619032000028 52.595766023000067)","Unfall 191726 (2019) Kat:3, Licht: 0","191726","3","6","2","01","13","3","0","0","0","1","0","0"
"POINT (13.247829128000035 52.539685895000048)","Unfall 191727 (2019) Kat:3, Licht: 0","191727","3","4","6","01","13","3","0","0","0","1","1","0"
"POINT (13.307991916000049 52.556636068000046)","Unfall 191728 (2019) Kat:3, Licht: 2","191728","3","6","3","01","06","5","0","2","0","1","0","0"
"POINT (13.306604730000060 52.518121660000077)","Unfall 191729 (2019) Kat:3, Licht: 0","191729","3","3","0","01","13","3","0","0","0","1","0","1"
"POINT (13.397030807000021 52.507120493000059)","Unfall 191730 (2019) Kat:3, Licht: 2","191730","3","7","5","01","22","3","0","2","0","1","0","0"
"POINT (13.309767270000066 52.431308122000075)","Unfall 191731 (2019) Kat:3, Licht: 2","191731","3","2","5","01","22","3","0","2","0","1","0","0"
"POINT (13.304226492000055 52.619628228000067)","Unfall 191732 (2019) Kat:3, Licht: 0","191732","3","2","6","01","11","5","0","0","0","0","1","0"
"POINT (13.323124481000036 52.490996821000067)","Unfall 191733 (2019) Kat:3, Licht: 0","191733","3","6","2","01","10","3","1","0","1","1","0","0"
"POINT (13.346407469000042 52.551806587000044)","Unfall 191734 (2019) Kat:3, Licht: 0","191734","3","5","1","01","08","3","1","0","1","0","0","0"
"POINT (13.418014818000074 52.518080947000044)","Unfall 191735 (2019) Kat:3, Licht: 0","191735","3","2","5","01","08","3","1","0","1","0","0","0"
"POINT (13.457784667000055 52.422625999000047)","Unfall 191736 (2019) Kat:3, Licht: 0","191736","3","3","5","01","13","4","0","0","1","1","0","0"
"POINT (13.447542343000066 52.476076635000027)","Unfall 191737 (2019) Kat:3, Licht: 0","191737","3","2","6","01","07","3","1","0","0","1","1","0"
"POINT (13.576346579000074 52.540165385000080)","Unfall 191738 (2019) Kat:2, Licht: 1","191738","2","4","6","01","06","3","1","1","0","1","1","0"
"POINT (13.506657030000042 52.563695066000037)","Unfall 191739 (2019) Kat:3, Licht: 2","191739","3","4","6","01","02","3","1","2","0","1","1","0"
"POINT (13.427284341000075 52.507750256000065)","Unfall 191740 (2019) Kat:3, Licht: 0","191740","3","5","1","01","09","3","0","0","1","1","0","0"
"POINT (13.320981260000053 52.513050284000030)","Unfall 191741 (2019) Kat:3, Licht: 2","191741","3","3","5","01","21","2","0","2","0","1","0","0"
"POINT (13.344160281000029 52.467451155000049)","Unfall 191742 (2019) Kat:3, Licht: 0","191742","3","2","5","01","11","2","1","0","1","1","0","0"
"POINT (13.321887763000063 52.444366733000038)","Unfall 191743 (2019) Kat:3, Licht: 2","191743","3","5","1","01","18","5","0","2","1","1","0","0"
"POINT (13.270119210000075 52.536545405000027)","Unfall 191744 (2019) Kat:3, Licht: 2","191744","3","7","6","01","20","2","1","2","0","1","1","0"
"POINT (13.495662665000054 52.634124166000049)","Unfall 191745 (2019) Kat:3, Licht: 1","191745","3","6","2","01","17","2","1","1","1","0","0","0"
"POINT (13.613806929000077 52.516370527000049)","Unfall 191746 (2019) Kat:2, Licht: 2","191746","2","3","5","01","20","2","1","2","0","1","0","0"
"POINT (13.427925616000039 52.488361866000048)","Unfall 191747 (2019) Kat:2, Licht: 2","191747","2","2","6","01","18","2","1","2","0","1","1","0"
"POINT (13.402244815000074 52.413168975000076)","Unfall 191748 (2019) Kat:3, Licht: 2","191748","3","2","6","01","17","2","1","2","0","1","1","0"
"POINT (13.331388834000052 52.458805356000028)","Unfall 191749 (2019) Kat:2, Licht: 2","191749","2","4","6","01","17","2","1","2","0","1","1","0"
"POINT (13.301789557000063 52.432362589000036)","Unfall 191750 (2019) Kat:3, Licht: 2","191750","3","2","2","01","17","2","1","2","0","1","0","0"
"POINT (13.386076087000049 52.433869009000034)","Unfall 191751 (2019) Kat:2, Licht: 1","191751","2","3","5","01","16","2","1","1","0","1","0","1"
"POINT (13.364014135000048 52.488286988000027)","Unfall 191752 (2019) Kat:3, Licht: 0","191752","3","1","0","01","08","2","2","0","1","0","0","0"
"POINT (13.450962050000044 52.436825779000060)","Unfall 191753 (2019) Kat:3, Licht: 1","191753","3","3","5","01","15","2","1","1","1","1","0","0"
"POINT (13.317303687000049 52.540399379000064)","Unfall 191754 (2019) Kat:3, Licht: 0","191754","3","6","2","01","08","2","1","0","0","1","0","0"
"POINT (13.217430209000042 52.560427622000077)","Unfall 191755 (2019) Kat:2, Licht: 0","191755","2","3","5","01","15","2","1","0","0","1","0","0"
"POINT (13.471369295000045 52.436036131000037)","Unfall 191756 (2019) Kat:3, Licht: 1","191756","3","3","5","01","16","5","0","1","1","1","0","0"
"POINT (13.251828857000021 52.437148198000045)","Unfall 191757 (2019) Kat:3, Licht: 0","191757","3","1","1","01","09","2","2","0","0","1","0","0"
"POINT (13.592760499000065 52.547435305000079)","Unfall 191758 (2019) Kat:3, Licht: 2","191758","3","3","5","01","20","2","1","2","0","1","0","0"
"POINT (13.345878131000063 52.436266323000041)","Unfall 191759 (2019) Kat:3, Licht: 0","191759","3","2","5","01","15","2","0","0","0","1","0","1"
"POINT (13.532282329000054 52.461630189000061)","Unfall 191760 (2019) Kat:3, Licht: 0","191760","3","3","5","01","13","2","1","0","1","1","0","0"
"POINT (13.236352504000024 52.444620544000031)","Unfall 191761 (2019) Kat:3, Licht: 0","191761","3","1","0","01","08","2","2","0","1","0","0","0"
"POINT (13.495600987000046 52.431821874000036)","Unfall 191762 (2019) Kat:3, Licht: 0","191762","3","6","3","01","08","5","0","0","0","1","0","0"
"POINT (13.369828171000051 52.542875601000048)","Unfall 191763 (2019) Kat:3, Licht: 0","191763","3","6","2","01","13","2","0","0","0","1","0","0"
"POINT (13.279974405000075 52.506038456000056)","Unfall 191764 (2019) Kat:3, Licht: 0","191764","3","1","0","01","08","2","2","0","1","0","0","0"
"POINT (13.295759786000076 52.519270715000062)","Unfall 191765 (2019) Kat:2, Licht: 2","191765","2","2","6","01","06","2","1","2","0","1","1","0"
"POINT (13.335201906000066 52.443161046000057)","Unfall 191766 (2019) Kat:3, Licht: 0","191766","3","6","2","02","13","6","0","0","0","1","0","0"
"POINT (13.554409515000032 52.441118553000081)","Unfall 191767 (2019) Kat:2, Licht: 2","191767","2","2","6","01","06","2","1","2","0","1","1","0"
"POINT (13.344144724000046 52.546009973000082)","Unfall 191768 (2019) Kat:3, Licht: 2","191768","3","2","6","01","19","2","0","2","0","1","1","0"
"POINT (13.620635572000026 52.504232474000048)","Unfall 191769 (2019) Kat:3, Licht: 0","191769","3","2","5","01","13","2","0","0","0","1","0","0"
"POINT (13.320492890000025 52.485195907000048)","Unfall 191770 (2019) Kat:3, Licht: 0","191770","3","2","5","01","09","4","0","0","0","1","0","0"
"POINT (13.247973624000053 52.536480878000077)","Unfall 191771 (2019) Kat:2, Licht: 2","191771","2","3","5","01","06","2","1","2","1","1","0","0"
"POINT (13.539096410000070 52.534478204000038)","Unfall 191772 (2019) Kat:2, Licht: 2","191772","2","4","6","01","19","2","1","2","0","1","1","0"
"POINT (13.567536840000059 52.505258253000079)","Unfall 191773 (2019) Kat:2, Licht: 0","191773","2","2","5","01","12","2","0","0","0","1","0","1"
"POINT (13.474096310000050 52.460500987000046)","Unfall 191774 (2019) Kat:3, Licht: 2","191774","3","7","5","01","05","2","1","2","1","0","0","0"
"POINT (13.298312157000055 52.509705995000047)","Unfall 191775 (2019) Kat:3, Licht: 2","191775","3","3","5","01","19","2","1","2","0","1","0","0"
"POINT (13.295389773000068 52.539611740000055)","Unfall 191776 (2019) Kat:3, Licht: 0","191776","3","2","0","01","09","5","1","0","1","1","0","0"
"POINT (13.345199378000075 52.554218218000074)","Unfall 191777 (2019) Kat:3, Licht: 2","191777","3","2","6","01","05","2","1","2","0","1","1","0"
"POINT (13.351431920000039 52.567421787000058)","Unfall 191778 (2019) Kat:3, Licht: 2","191778","3","2","6","01","19","2","1","2","0","1","1","0"
"POINT (13.308936841000047 52.500117003000071)","Unfall 191779 (2019) Kat:3, Licht: 0","191779","3","7","5","01","14","4","1","0","0","1","0","0"
"POINT (13.335608500000035 52.554816636000055)","Unfall 191780 (2019) Kat:3, Licht: 0","191780","3","5","1","01","10","2","1","0","0","1","0","0"
"POINT (13.471288329000060 52.505197963000057)","Unfall 191781 (2019) Kat:3, Licht: 2","191781","3","2","2","01","18","2","1","2","0","1","0","0"
"POINT (13.421844209000028 52.562709643000062)","Unfall 191782 (2019) Kat:3, Licht: 0","191782","3","3","5","01","10","2","1","0","1","1","0","0"
"POINT (13.424237687000073 52.485375610000062)","Unfall 191783 (2019) Kat:3, Licht: 2","191783","3","7","5","01","22","4","0","2","0","1","0","0"
"POINT (13.250138308000032 52.421361826000066)","Unfall 191784 (2019) Kat:3, Licht: 0","191784","3","3","0","01","10","2","2","0","1","1","0","0"
"POINT (13.340038195000034 52.448125275000052)","Unfall 191785 (2019) Kat:2, Licht: 2","191785","2","2","6","01","18","2","1","2","0","1","1","0"
"POINT (13.267860148000068 52.541342251000060)","Unfall 191786 (2019) Kat:3, Licht: 0","191786","3","5","0","01","09","2","2","0","1","1","0","0"
"POINT (13.385649563000072 52.445558794000078)","Unfall 191787 (2019) Kat:3, Licht: 0","191787","3","2","2","01","09","2","1","0","0","1","0","0"
"POINT (13.383607194000035 52.536674941000058)","Unfall 191788 (2019) Kat:2, Licht: 2","191788","2","3","5","01","18","2","1","2","1","1","0","0"
"POINT (13.288999599000022 52.631818393000060)","Unfall 191789 (2019) Kat:3, Licht: 0","191789","3","1","0","01","08","2","2","0","1","0","0","0"
"POINT (13.332721028000037 52.474197411000034)","Unfall 191790 (2019) Kat:3, Licht: 0","191790","3","5","1","01","13","5","0","0","1","1","0","0"
"POINT (13.730559311000036 52.427458199000057)","Unfall 191791 (2019) Kat:2, Licht: 0","191791","2","1","0","01","09","2","2","0","1","0","0","0"
"POINT (13.301960036000025 52.498968044000037)","Unfall 191792 (2019) Kat:3, Licht: 0","191792","3","2","6","01","11","2","0","0","0","0","1","0"
"POINT (13.353657247000058 52.526622450000048)","Unfall 191793 (2019) Kat:3, Licht: 2","191793","3","7","1","01","02","1","1","2","0","1","0","0"
"POINT (13.397240200000056 52.527108944000076)","Unfall 191794 (2019) Kat:3, Licht: 0","191794","3","7","6","01","11","1","1","0","0","1","1","0"
"POINT (13.208674362000068 52.561589526000034)","Unfall 191795 (2019) Kat:3, Licht: 2","191795","3","2","6","01","19","1","1","2","0","1","1","0"
"POINT (13.223014108000029 52.537081051000030)","Unfall 191796 (2019) Kat:3, Licht: 2","191796","3","6","2","01","19","1","1","2","0","1","0","0"
"POINT (13.187446771000054 52.537692996000033)","Unfall 191797 (2019) Kat:3, Licht: 2","191797","3","4","6","01","20","1","0","2","0","1","1","0"
"POINT (13.436442293000027 52.477330321000068)","Unfall 191798 (2019) Kat:3, Licht: 0","191798","3","3","5","01","11","1","1","0","0","1","0","0"
"POINT (13.303556244000049 52.499428858000044)","Unfall 191799 (2019) Kat:2, Licht: 0","191799","2","1","1","01","08","1","1","0","0","1","0","0"
"POINT (13.377066449000040 52.556408667000028)","Unfall 191800 (2019) Kat:3, Licht: 2","191800","3","3","5","01","04","1","0","2","0","1","0","0"
"POINT (13.441955755000038 52.483080900000061)","Unfall 191801 (2019) Kat:3, Licht: 2","191801","3","6","2","01","18","1","1","2","0","1","0","0"
"POINT (13.306823891000022 52.517260125000064)","Unfall 191802 (2019) Kat:2, Licht: 2","191802","2","2","6","01","18","1","1","2","0","1","1","0"
"POINT (13.437402079000037 52.592237482000030)","Unfall 191803 (2019) Kat:3, Licht: 2","191803","3","6","0","01","05","5","1","2","0","1","0","0"
"POINT (13.348209768000061 52.515400604000035)","Unfall 191804 (2019) Kat:3, Licht: 2","191804","3","6","2","01","18","1","1","2","0","1","0","0"
"POINT (13.398089418000040 52.440078946000028)","Unfall 191805 (2019) Kat:2, Licht: 2","191805","2","4","6","01","18","1","1","2","0","1","1","0"
"POINT (13.206640539000034 52.560219748000065)","Unfall 191806 (2019) Kat:3, Licht: 2","191806","3","3","5","01","17","1","1","2","0","1","0","0"
"POINT (13.273534469000026 52.409872240000027)","Unfall 191807 (2019) Kat:3, Licht: 2","191807","3","2","5","01","16","1","1","2","1","1","0","0"
"POINT (13.285621821000063 52.431759571000043)","Unfall 191808 (2019) Kat:3, Licht: 0","191808","3","6","4","01","15","1","1","0","1","1","0","0"
"POINT (13.281974863000073 52.600751683000055)","Unfall 191809 (2019) Kat:3, Licht: 2","191809","3","6","4","01","21","7","1","2","0","1","0","0"
"POINT (13.308198399000048 52.496744903000035)","Unfall 191810 (2019) Kat:2, Licht: 2","191810","2","4","6","01","22","7","1","2","0","1","1","0"
"POINT (13.397748936000028 52.396259415000031)","Unfall 191811 (2019) Kat:2, Licht: 0","191811","2","7","0","01","14","7","1","0","0","1","0","0"
"POINT (13.505927923000058 52.563419837000026)","Unfall 191812 (2019) Kat:3, Licht: 0","191812","3","4","6","01","13","7","2","0","0","0","1","0"
"POINT (13.407963786000039 52.511746847000040)","Unfall 191813 (2019) Kat:3, Licht: 0","191813","3","7","5","01","15","5","0","0","1","0","0","0"
"POINT (13.371909503000040 52.564080899000032)","Unfall 191814 (2019) Kat:3, Licht: 0","191814","3","3","5","01","13","7","1","0","0","1","0","0"
"POINT (13.436476645000027 52.423826024000050)","Unfall 191815 (2019) Kat:3, Licht: 0","191815","3","4","6","01","12","7","1","0","0","1","1","0"
"POINT (13.473754726000038 52.474967965000076)","Unfall 191816 (2019) Kat:2, Licht: 0","191816","2","6","4","01","11","7","1","0","0","1","0","0"
"POINT (13.407373122000024 52.523765337000043)","Unfall 191817 (2019) Kat:3, Licht: 2","191817","3","5","1","01","19","5","0","2","1","1","0","0"
"POINT (13.422475486000053 52.559807090000049)","Unfall 191818 (2019) Kat:3, Licht: 0","191818","3","3","5","01","11","7","1","0","0","1","0","0"
"POINT (13.405750685000044 52.452746379000075)","Unfall 191819 (2019) Kat:2, Licht: 0","191819","2","5","1","01","10","7","1","0","0","1","0","0"
"POINT (13.376734191000025 52.556321722000064)","Unfall 191820 (2019) Kat:3, Licht: 0","191820","3","6","2","01","08","7","1","0","0","1","0","0"
"POINT (13.184827327000050 52.547824002000027)","Unfall 191821 (2019) Kat:3, Licht: 2","191821","3","7","6","01","22","7","1","2","0","1","1","0"
"POINT (13.440882214000055 52.504790385000035)","Unfall 191822 (2019) Kat:3, Licht: 2","191822","3","7","5","01","21","7","1","2","0","1","0","0"
"POINT (13.304548425000064 52.499611903000073)","Unfall 191823 (2019) Kat:3, Licht: 2","191823","3","7","6","01","20","7","1","2","0","1","1","0"
"POINT (13.427296726000066 52.474987886000065)","Unfall 191824 (2019) Kat:3, Licht: 2","191824","3","5","4","02","22","6","0","2","1","0","0","0"