WKT,Name,OBJECTID,UKATEGORIE,UTYP1,UART,UMONAT,USTUNDE,UWOCHENTAG,STRZUSTAND,ULICHTVERH,ISTRAD,ISTPKW,ISTFUSS,ISTKRAD
"POINT (13.270934757000077 52.450869997000041)","Unfall 191825 (2019) Kat:3, Licht: 2","191825","3","2","6","01","20","7","1","2","0","1","1","0"
"POINT (13.288238334000027 52.495755078000059)","Unfall 191826 (2019) Kat:3, Licht: 1","191826","3","3","0","01","17","7","1","1","1","1","0","0"
"POINT (13.444826949000060 52.615357610000046)","Unfall 191827 (2019) Kat:3, Licht: 2","191827","3","1","9","01","04","7","2","2","0","1","0","0"
"POINT (13.383903337000049 52.495183262000069)","Unfall 191828 (2019) Kat:3, Licht: 0","191828","3","3","5","01","12","4","0","0","1","1","0","0"
"POINT (13.500628330000040 52.435260580000033)","Unfall 191829 (2019) Kat:3, Licht: 2","191829","3","2","6","01","18","7","1","2","0","1","1","0"
"POINT (13.426176218000023 52.575840408000033)","Unfall 191830 (2019) Kat:3, Licht: 1","191830","3","3","5","01","17","7","1","1","0","1","0","0"
"POINT (13.389903436000054 52.510311126000033)","Unfall 191831 (2019) Kat:3, Licht: 1","191831","3","2","5","01","17","7","1","1","0","1","0","0"
"POINT (13.374494430000027 52.468657474000054)","Unfall 191832 (2019) Kat:2, Licht: 1","191832","2","3","5","01","17","7","1","1","1","1","0","0"
"POINT (13.334800912000048 52.433797397000035)","Unfall 191833 (2019) Kat:3, Licht: 2","191833","3","5","1","01","00","7","1","2","0","0","0","1"
"POINT (13.332537680000030 52.505299557000058)","Unfall 191834 (2019) Kat:3, Licht: 0","191834","3","3","5","01","12","5","0","0","0","1","0","0"
"POINT (13.577765576000047 52.445942229000082)","Unfall 191835 (2019) Kat:3, Licht: 1","191835","3","4","6","01","17","7","1","1","0","1","1","0"
"POINT (13.296896834000052 52.548011313000075)","Unfall 191836 (2019) Kat:3, Licht: 1","191836","3","2","2","01","16","7","1","1","0","1","0","0"
"POINT (13.526992140000061 52.525483236000071)","Unfall 191837 (2019) Kat:3, Licht: 0","191837","3","6","2","01","13","5","0","0","0","1","0","0"
"POINT (13.337604907000070 52.473378818000072)","Unfall 191838 (2019) Kat:3, Licht: 1","191838","3","6","3","01","16","7","1","1","1","0","0","0"
"POINT (13.355151073000059 52.501778856000044)","Unfall 191839 (2019) Kat:3, Licht: 2","191839","3","6","2","01","18","6","1","2","0","1","0","0"
"POINT (13.348411644000066 52.458920590000048)","Unfall 191840 (2019) Kat:3, Licht: 2","191840","3","6","2","01","20","4","0","2","0","1","0","0"
"POINT (13.433640489000027 52.482093202000044)","Unfall 191841 (2019) Kat:3, Licht: 2","191841","3","2","5","01","22","6","1","2","1","1","0","0"
"POINT (13.432968180000046 52.599150848000079)","Unfall 191842 (2019) Kat:2, Licht: 2","191842","2","7","0","01","21","6","0","2","0","1","0","0"
"POINT (13.537823494000065 52.540072368000040)","Unfall 191843 (2019) Kat:3, Licht: 0","191843","3","1","9","01","12","6","2","0","0","1","0","0"
"POINT (13.427978004000067 52.473713320000059)","Unfall 191844 (2019) Kat:3, Licht: 2","191844","3","5","0","01","19","6","1","2","1","1","0","0"
"POINT (13.301917557000024 52.456875607000029)","Unfall 191845 (2019) Kat:3, Licht: 1","191845","3","1","0","01","07","6","1","1","1","0","0","0"
"POINT (13.424243826000065 52.513511205000043)","Unfall 191846 (2019) Kat:2, Licht: 1","191846","2","2","5","01","07","6","1","1","1","1","0","0"
"POINT (13.327266407000025 52.440003069000056)","Unfall 191847 (2019) Kat:3, Licht: 2","191847","3","6","2","01","06","5","0","2","0","1","0","0"
"POINT (13.351113014000077 52.515158245000066)","Unfall 191848 (2019) Kat:3, Licht: 0","191848","3","6","2","01","08","6","2","0","0","1","0","0"
"POINT (13.416642433000050 52.510958789000028)","Unfall 191849 (2019) Kat:3, Licht: 0","191849","3","2","6","01","10","6","1","0","0","0","1","0"
"POINT (13.276851172000022 52.507085434000032)","Unfall 191850 (2019) Kat:3, Licht: 0","191850","3","2","5","01","11","6","0","0","0","1","0","0"
"POINT (13.378564588000074 52.482135733000064)","Unfall 191851 (2019) Kat:3, Licht: 0","191851","3","7","2","01","11","6","1","0","0","1","0","0"
"POINT (13.479130647000034 52.499854976000051)","Unfall 191852 (2019) Kat:3, Licht: 0","191852","3","4","6","01","13","6","1","0","0","1","1","0"
"POINT (13.470054692000076 52.502273988000070)","Unfall 191853 (2019) Kat:2, Licht: 0","191853","2","2","2","01","13","6","0","0","1","0","0","0"
"POINT (13.585399387000052 52.444543836000037)","Unfall 191854 (2019) Kat:3, Licht: 0","191854","3","3","5","01","14","6","0","0","0","1","0","0"
"POINT (13.324812249000047 52.602110115000073)","Unfall 191855 (2019) Kat:3, Licht: 1","191855","3","2","5","01","06","6","1","1","0","1","0","0"
"POINT (13.471340759000043 52.507298224000067)","Unfall 191856 (2019) Kat:3, Licht: 2","191856","3","2","5","01","18","6","1","2","0","1","0","1"
"POINT (13.638338185000066 52.448617168000055)","Unfall 191857 (2019) Kat:3, Licht: 0","191857","3","7","0","01","10","6","1","0","0","1","0","0"
"POINT (13.468273208000028 52.427567579000026)","Unfall 191858 (2019) Kat:2, Licht: 2","191858","2","4","6","01","18","6","1","2","0","1","1","0"
"POINT (13.532640726000068 52.430839992000074)","Unfall 191859 (2019) Kat:3, Licht: 2","191859","3","2","5","01","17","6","1","2","0","1","0","0"
"POINT (13.393381394000073 52.457896440000070)","Unfall 191860 (2019) Kat:3, Licht: 2","191860","3","2","6","01","18","5","0","2","0","1","1","0"
"POINT (13.331086770000070 52.495390238000027)","Unfall 191861 (2019) Kat:3, Licht: 1","191861","3","3","5","01","16","6","0","1","0","1","0","0"
"POINT (13.321706001000052 52.506761963000031)","Unfall 191862 (2019) Kat:3, Licht: 2","191862","3","6","3","01","19","5","0","2","1","1","0","0"
"POINT (13.485024041000031 52.533307600000057)","Unfall 191863 (2019) Kat:3, Licht: 2","191863","3","6","2","01","18","5","0","2","0","1","0","0"
"POINT (13.440490259000057 52.461932414000046)","Unfall 191864 (2019) Kat:2, Licht: 2","191864","2","3","5","01","17","5","0","2","0","1","0","0"
"POINT (13.197936408000032 52.435146111000051)","Unfall 191865 (2019) Kat:3, Licht: 2","191865","3","3","5","01","16","5","0","2","1","1","0","0"
"POINT (13.576895583000066 52.566720463000081)","Unfall 191866 (2019) Kat:2, Licht: 0","191866","2","4","6","01","15","5","0","0","0","1","1","0"
"POINT (13.143706370000075 52.397652219000065)","Unfall 191867 (2019) Kat:3, Licht: 0","191867","3","3","5","02","15","6","0","0","0","1","0","0"
"POINT (13.558068060000039 52.562737151000078)","Unfall 191868 (2019) Kat:3, Licht: 0","191868","3","3","5","01","15","5","0","0","0","1","0","0"
"POINT (13.434210216000054 52.463181385000041)","Unfall 191869 (2019) Kat:3, Licht: 0","191869","3","7","6","01","14","5","0","0","1","0","1","0"
"POINT (13.536801223000055 52.435643262000042)","Unfall 191870 (2019) Kat:3, Licht: 0","191870","3","4","6","01","09","5","0","0","0","1","1","0"
"POINT (13.535197766000067 52.415564870000026)","Unfall 191871 (2019) Kat:3, Licht: 0","191871","3","5","1","01","07","5","0","0","0","1","0","0"
"POINT (13.368891149000035 52.484870304000026)","Unfall 191872 (2019) Kat:3, Licht: 0","191872","3","6","2","01","12","4","0","0","0","1","0","0"
"POINT (13.157829216000039 52.523198401000059)","Unfall 191873 (2019) Kat:2, Licht: 0","191873","2","4","6","01","15","4","0","0","0","1","1","0"
"POINT (13.495309862000056 52.431602228000031)","Unfall 191874 (2019) Kat:3, Licht: 2","191874","3","2","5","01","16","4","0","2","0","1","0","0"
"POINT (13.454044178000061 52.488912965000054)","Unfall 191875 (2019) Kat:3, Licht: 1","191875","3","2","2","01","17","5","0","1","0","1","0","0"
"POINT (13.386649920000025 52.511843932000033)","Unfall 191876 (2019) Kat:3, Licht: 0","191876","3","2","5","01","15","4","0","0","1","1","0","0"
"POINT (13.366010072000051 52.495464219000041)","Unfall 191877 (2019) Kat:3, Licht: 0","191877","3","6","2","01","15","4","0","0","0","0","0","1"
"POINT (13.465028097000072 52.548301097000035)","Unfall 191878 (2019) Kat:3, Licht: 0","191878","3","5","1","01","15","4","0","0","1","1","0","0"
"POINT (13.406247461000078 52.553857261000076)","Unfall 191879 (2019) Kat:3, Licht: 0","191879","3","5","1","01","14","4","0","0","0","1","0","0"
"POINT (13.296503659000052 52.501734950000071)","Unfall 191880 (2019) Kat:2, Licht: 0","191880","2","2","5","01","12","4","0","0","0","1","0","1"
"POINT (13.469594347000054 52.567414311000050)","Unfall 191881 (2019) Kat:3, Licht: 0","191881","3","6","2","01","07","5","0","0","0","1","0","0"
"POINT (13.499813705000065 52.447736223000049)","Unfall 191882 (2019) Kat:3, Licht: 2","191882","3","6","2","01","06","4","1","2","0","1","0","0"
"POINT (13.509281823000038 52.453088544000082)","Unfall 191883 (2019) Kat:3, Licht: 2","191883","3","6","0","01","06","4","0","2","0","1","0","0"
"POINT (13.426627894000035 52.515828546000080)","Unfall 191884 (2019) Kat:3, Licht: 2","191884","3","3","5","01","22","4","0","2","0","1","0","0"
"POINT (13.424448962000042 52.607461552000075)","Unfall 191885 (2019) Kat:3, Licht: 0","191885","3","4","6","01","07","4","0","0","0","1","1","0"
"POINT (13.330801131000044 52.497077451000052)","Unfall 191886 (2019) Kat:3, Licht: 0","191886","3","6","3","01","07","4","0","0","1","1","0","0"
"POINT (13.378900347000069 52.533896208000044)","Unfall 191887 (2019) Kat:3, Licht: 0","191887","3","6","2","01","08","4","1","0","1","1","0","0"
"POINT (13.491172929000072 52.468988270000068)","Unfall 191888 (2019) Kat:3, Licht: 2","191888","3","2","5","01","17","4","0","2","1","1","0","0"
"POINT (13.298841575000040 52.519517932000042)","Unfall 191889 (2019) Kat:3, Licht: 0","191889","3","6","2","01","08","4","0","0","0","1","0","0"
"POINT (13.313876634000053 52.525780551000082)","Unfall 191890 (2019) Kat:3, Licht: 0","191890","3","2","5","01","08","4","0","0","1","1","0","0"
"POINT (13.186585563000051 52.547110903000032)","Unfall 191891 (2019) Kat:3, Licht: 0","191891","3","2","6","01","09","4","0","0","0","1","1","0"
"POINT (13.392565127000069 52.412687152000046)","Unfall 191892 (2019) Kat:2, Licht: 0","191892","2","2","6","01","11","4","0","0","0","1","1","0"
"POINT (13.350910363000025 52.596615091000047)","Unfall 191893 (2019) Kat:3, Licht: 2","191893","3","6","2","01","06","4","0","2","0","1","0","0"
"POINT (13.444256250000024 52.484821151000062)","Unfall 191894 (2019) Kat:3, Licht: 0","191894","3","3","0","01","09","5","0","0","0","1","0","1"
"POINT (13.292199988000050 52.441385770000068)","Unfall 191895 (2019) Kat:2, Licht: 2","191895","2","3","5","01","19","4","2","2","0","1","0","0"
"POINT (13.397762928000077 52.495342763000053)","Unfall 191896 (2019) Kat:3, Licht: 2","191896","3","2","5","01","18","4","0","2","1","1","0","0"
"POINT (13.323396634000062 52.511074103000055)","Unfall 191897 (2019) Kat:3, Licht: 0","191897","3","4","6","01","14","4","0","0","1","0","1","0"
"POINT (13.319412876000058 52.487090918000035)","Unfall 191898 (2019) Kat:3, Licht: 0","191898","3","4","6","01","12","4","0","0","0","1","1","0"
"POINT (13.432363855000062 52.485433103000048)","Unfall 191899 (2019) Kat:3, Licht: 2","191899","3","6","2","01","18","4","0","2","0","1","0","0"
"POINT (13.335771419000025 52.464967628000068)","Unfall 191900 (2019) Kat:3, Licht: 2","191900","3","3","5","01","18","4","0","2","1","1","0","0"
"POINT (13.421858539000027 52.562711144000048)","Unfall 191901 (2019) Kat:2, Licht: 0","191901","2","3","5","01","12","4","0","0","1","1","0","0"
"POINT (13.411721172000057 52.492159213000036)","Unfall 191902 (2019) Kat:2, Licht: 2","191902","2","1","8","01","04","4","0","2","0","1","0","0"
"POINT (13.330149353000024 52.503638025000043)","Unfall 191903 (2019) Kat:3, Licht: 2","191903","3","4","6","01","17","4","0","2","1","0","1","0"
"POINT (13.387075682000045 52.468574700000033)","Unfall 191904 (2019) Kat:3, Licht: 2","191904","3","2","5","01","17","4","0","2","1","1","0","0"
"POINT (13.443513722000034 52.525069535000057)","Unfall 191905 (2019) Kat:3, Licht: 2","191905","3","6","2","01","17","4","0","2","0","1","0","0"
"POINT (13.424852040000076 52.499739772000055)","Unfall 191906 (2019) Kat:3, Licht: 0","191906","3","5","1","01","13","4","0","0","1","0","0","0"
"POINT (13.327269621000028 52.430349350000029)","Unfall 191907 (2019) Kat:3, Licht: 0","191907","3","2","5","01","13","5","0","0","1","1","0","0"
"POINT (13.433434227000077 52.444818724000072)","Unfall 191908 (2019) Kat:3, Licht: 0","191908","3","6","2","01","07","3","0","0","0","1","0","0"
"POINT (13.406125670000051 52.553313541000080)","Unfall 191909 (2019) Kat:2, Licht: 0","191909","2","7","5","01","10","3","0","0","0","1","0","0"
"POINT (13.397430284000052 52.538665484000035)","Unfall 191910 (2019) Kat:3, Licht: 0","191910","3","4","6","01","16","3","0","0","1","0","1","0"
"POINT (13.317274905000033 52.512192133000042)","Unfall 191911 (2019) Kat:2, Licht: 0","191911","2","3","5","01","13","4","0","0","1","1","0","0"
"POINT (13.499617616000023 52.534946467000054)","Unfall 191912 (2019) Kat:3, Licht: 0","191912","3","3","5","01","14","3","0","0","0","1","0","0"
"POINT (13.440533598000059 52.540710450000063)","Unfall 191913 (2019) Kat:3, Licht: 0","191913","3","2","5","01","14","3","0","0","1","1","0","0"
"POINT (13.278071929000077 52.466066093000052)","Unfall 191914 (2019) Kat:3, Licht: 0","191914","3","2","2","01","13","3","0","0","0","1","0","0"
"POINT (13.329714914000022 52.458195040000078)","Unfall 191915 (2019) Kat:3, Licht: 0","191915","3","2","2","01","13","3","0","0","1","1","0","0"
"POINT (13.423174697000036 52.441420559000051)","Unfall 191916 (2019) Kat:3, Licht: 0","191916","3","6","4","01","13","3","0","0","0","1","0","0"
"POINT (13.600894854000046 52.478975431000038)","Unfall 191917 (2019) Kat:3, Licht: 0","191917","3","2","5","01","12","3","0","0","0","1","0","0"
"POINT (13.347764172000041 52.596241485000064)","Unfall 191918 (2019) Kat:2, Licht: 2","191918","2","2","6","01","18","5","0","2","0","1","1","0"
"POINT (13.364091809000058 52.581753588000026)","Unfall 191919 (2019) Kat:2, Licht: 0","191919","2","3","5","01","12","3","0","0","1","1","0","0"
"POINT (13.444818446000056 52.453264041000068)","Unfall 191920 (2019) Kat:3, Licht: 0","191920","3","7","6","01","12","3","0","0","0","1","1","0"
"POINT (13.489422338000054 52.413385205000054)","Unfall 191921 (2019) Kat:3, Licht: 1","191921","3","4","6","01","18","3","0","1","0","1","1","0"
"POINT (13.451687583000023 52.478039443000057)","Unfall 191922 (2019) Kat:3, Licht: 0","191922","3","3","5","01","10","3","0","0","0","1","0","0"
"POINT (13.460004655000034 52.432084102000033)","Unfall 191923 (2019) Kat:2, Licht: 1","191923","2","2","6","01","18","5","0","1","0","1","1","0"
"POINT (13.499747580000076 52.525890084000082)","Unfall 191924 (2019) Kat:3, Licht: 0","191924","3","6","2","01","09","3","0","0","0","1","0","0"
"POINT (13.315118800000050 52.501011451000068)","Unfall 191925 (2019) Kat:2, Licht: 0","191925","2","3","3","01","09","3","0","0","0","1","0","0"
"POINT (13.418990668000049 52.530727304000038)","Unfall 191926 (2019) Kat:2, Licht: 2","191926","2","2","5","01","22","3","0","2","1","1","0","0"
"POINT (13.283135257000026 52.518657554000072)","Unfall 191927 (2019) Kat:3, Licht: 2","191927","3","2","5","01","20","3","0","2","0","1","0","0"
"POINT (13.284694552000076 52.588707669000030)","Unfall 191928 (2019) Kat:3, Licht: 2","191928","3","7","6","01","19","3","0","2","0","1","1","0"
"POINT (13.270363389000067 52.450909625000065)","Unfall 191929 (2019) Kat:3, Licht: 0","191929","3","2","2","01","08","3","0","0","1","1","0","0"
"POINT (13.406290594000041 52.498324834000073)","Unfall 191930 (2019) Kat:3, Licht: 1","191930","3","4","6","01","18","3","0","1","1","0","1","0"
"POINT (13.539922726000043 52.539571146000071)","Unfall 191931 (2019) Kat:3, Licht: 2","191931","3","6","2","01","20","2","1","2","0","1","0","0"
"POINT (13.588538103000076 52.539309151000054)","Unfall 191932 (2019) Kat:3, Licht: 0","191932","3","4","6","01","16","5","0","0","0","1","1","0"
"POINT (13.488945421000039 52.467004909000082)","Unfall 191933 (2019) Kat:3, Licht: 2","191933","3","3","5","01","19","2","0","2","0","1","0","0"
"POINT (13.359520782000061 52.546293869000067)","Unfall 191934 (2019) Kat:3, Licht: 2","191934","3","6","2","01","18","2","0","2","0","1","0","0"
"POINT (13.306847631000039 52.517252557000063)","Unfall 191935 (2019) Kat:2, Licht: 2","191935","2","2","6","01","17","2","0","2","0","1","1","0"
"POINT (13.532637952000073 52.511500671000078)","Unfall 191936 (2019) Kat:2, Licht: 2","191936","2","4","6","01","17","2","0","2","0","1","1","0"
"POINT (13.506452185000057 52.471644805000039)","Unfall 191937 (2019) Kat:3, Licht: 2","191937","3","6","2","01","17","2","1","2","0","1","0","0"
"POINT (13.296304239000051 52.492551183000046)","Unfall 191938 (2019) Kat:3, Licht: 0","191938","3","3","2","01","14","2","0","0","0","1","0","0"
"POINT (13.375620067000057 52.456554015000052)","Unfall 191939 (2019) Kat:3, Licht: 0","191939","3","6","2","01","07","2","1","0","0","1","0","0"
"POINT (13.415920059000030 52.459556051000050)","Unfall 191940 (2019) Kat:3, Licht: 0","191940","3","2","5","01","07","2","0","0","1","1","0","0"
"POINT (13.382211980000022 52.591128664000053)","Unfall 191941 (2019) Kat:3, Licht: 2","191941","3","6","3","01","07","2","0","2","0","1","0","0"
"POINT (13.360506444000066 52.596987628000079)","Unfall 191942 (2019) Kat:3, Licht: 0","191942","3","2","5","02","12","6","0","0","1","0","0","0"
"POINT (13.232338533000075 52.437609561000045)","Unfall 191943 (2019) Kat:3, Licht: 2","191943","3","2","6","01","06","2","1","2","0","1","1","0"
"POINT (13.525854514000059 52.423034161000032)","Unfall 191944 (2019) Kat:3, Licht: 2","191944","3","2","5","01","05","2","0","2","0","1","0","0"
"POINT (13.446524408000073 52.417658167000070)","Unfall 191945 (2019) Kat:3, Licht: 1","191945","3","2","2","01","17","2","0","1","0","1","0","1"
"POINT (13.399026076000041 52.532641548000072)","Unfall 191946 (2019) Kat:3, Licht: 0","191946","3","4","6","01","13","4","0","0","0","0","1","0"
"POINT (13.570524156000033 52.473611874000028)","Unfall 191947 (2019) Kat:2, Licht: 1","191947","2","2","6","01","17","2","0","1","0","1","1","0"
"POINT (13.365033377000032 52.485089387000073)","Unfall 191948 (2019) Kat:3, Licht: 0","191948","3","4","6","01","15","2","0","0","1","0","1","0"
"POINT (13.602417364000075 52.510331683000061)","Unfall 191949 (2019) Kat:3, Licht: 0","191949","3","2","2","01","15","2","0","0","0","1","0","0"
"POINT (13.278062883000075 52.506997185000046)","Unfall 191950 (2019) Kat:3, Licht: 0","191950","3","2","2","01","13","2","0","0","0","1","0","0"
"POINT (13.454690974000073 52.441287781000028)","Unfall 191951 (2019) Kat:3, Licht: 0","191951","3","3","0","01","13","2","0","0","0","1","0","0"
"POINT (13.422293233000062 52.499179860000027)","Unfall 191952 (2019) Kat:3, Licht: 0","191952","3","6","3","01","09","5","0","0","0","1","0","0"
"POINT (13.421991612000056 52.486992916000077)","Unfall 191953 (2019) Kat:3, Licht: 0","191953","3","7","6","01","12","2","0","0","0","1","1","0"
"POINT (13.434655447000068 52.462090664000073)","Unfall 191954 (2019) Kat:3, Licht: 0","191954","3","6","2","01","11","2","0","0","0","1","0","0"
"POINT (13.306879349000042 52.505667536000033)","Unfall 191955 (2019) Kat:3, Licht: 0","191955","3","2","0","01","08","5","0","0","1","1","0","0"
"POINT (13.387927902000058 52.522232612000039)","Unfall 191956 (2019) Kat:3, Licht: 0","191956","3","4","6","01","11","2","0","0","0","1","1","0"
"POINT (13.303633055000034 52.459038726000074)","Unfall 191957 (2019) Kat:3, Licht: 0","191957","3","3","5","01","10","2","0","0","1","1","0","0"
"POINT (13.327081927000052 52.536065360000066)","Unfall 191958 (2019) Kat:3, Licht: 0","191958","3","6","2","01","09","2","0","0","0","1","0","0"
"POINT (13.416301291000025 52.521654282000043)","Unfall 191959 (2019) Kat:3, Licht: 2","191959","3","6","2","01","21","4","0","2","0","1","0","0"
"POINT (13.127638327000057 52.549428544000079)","Unfall 191960 (2019) Kat:3, Licht: 0","191960","3","4","6","01","08","2","0","0","0","1","1","0"
"POINT (13.287799258000064 52.515086670000073)","Unfall 191961 (2019) Kat:3, Licht: 0","191961","3","1","0","01","10","2","2","0","0","0","0","1"
"POINT (13.392111594000028 52.549609068000052)","Unfall 191962 (2019) Kat:3, Licht: 0","191962","3","5","1","01","15","1","1","0","1","1","0","0"
"POINT (13.374634541000034 52.537314268000046)","Unfall 191963 (2019) Kat:2, Licht: 2","191963","2","3","5","01","23","1","0","2","1","1","0","0"
"POINT (13.344728909000025 52.461748419000060)","Unfall 191964 (2019) Kat:3, Licht: 2","191964","3","2","6","01","17","1","0","2","0","1","1","0"
"POINT (13.270241568000074 52.548601824000059)","Unfall 191965 (2019) Kat:3, Licht: 2","191965","3","2","5","01","17","1","1","2","0","1","0","0"
"POINT (13.306836958000076 52.514870070000029)","Unfall 191966 (2019) Kat:3, Licht: 0","191966","3","2","5","01","10","5","0","0","0","1","0","0"
"POINT (13.389772628000060 52.535180924000031)","Unfall 191967 (2019) Kat:3, Licht: 0","191967","3","1","2","01","15","1","0","0","1","1","0","0"
"POINT (13.468067369000039 52.427751957000055)","Unfall 191968 (2019) Kat:3, Licht: 0","191968","3","2","5","01","14","1","1","0","0","1","0","0"
"POINT (13.365761673000065 52.562838922000026)","Unfall 191969 (2019) Kat:2, Licht: 2","191969","2","1","1","01","01","1","1","2","0","1","0","0"
"POINT (13.338657990000058 52.559549919000062)","Unfall 191970 (2019) Kat:3, Licht: 0","191970","3","3","5","02","15","3","0","0","0","1","0","0"
"POINT (13.317144334000034 52.568820293000044)","Unfall 191971 (2019) Kat:3, Licht: 0","191971","3","6","3","02","13","3","0","0","1","1","0","0"
"POINT (13.341347785000039 52.526287480000065)","Unfall 191972 (2019) Kat:3, Licht: 0","191972","3","3","5","02","14","3","0","0","1","1","0","0"
"POINT (13.427910474000043 52.545520933000034)","Unfall 191973 (2019) Kat:3, Licht: 2","191973","3","3","5","02","17","5","0","2","1","1","0","0"
"POINT (13.607880768000030 52.453106069000057)","Unfall 191974 (2019) Kat:2, Licht: 0","191974","2","7","2","02","14","3","0","0","0","1","0","0"
"POINT (13.583789414000023 52.431014310000080)","Unfall 191975 (2019) Kat:2, Licht: 0","191975","2","4","6","02","15","3","0","0","0","1","1","0"
"POINT (13.338360621000049 52.449234412000067)","Unfall 191976 (2019) Kat:3, Licht: 0","191976","3","2","5","02","14","3","0","0","1","1","1","0"
"POINT (13.272524156000031 52.519339057000082)","Unfall 191977 (2019) Kat:2, Licht: 0","191977","2","2","5","02","14","5","0","0","0","1","0","0"
"POINT (13.296149295000077 52.497448392000081)","Unfall 191978 (2019) Kat:3, Licht: 0","191978","3","7","6","02","14","3","0","0","0","1","1","0"
"POINT (13.122277212000029 52.528691564000042)","Unfall 191979 (2019) Kat:3, Licht: 0","191979","3","2","2","02","11","3","0","0","0","1","0","0"
"POINT (13.174542842000051 52.540109777000055)","Unfall 191980 (2019) Kat:2, Licht: 0","191980","2","3","5","02","11","3","0","0","0","1","0","0"
"POINT (13.359677145000035 52.421953517000077)","Unfall 191981 (2019) Kat:3, Licht: 0","191981","3","6","3","02","07","3","0","0","1","0","0","0"
"POINT (13.395245914000043 52.496366727000066)","Unfall 191982 (2019) Kat:3, Licht: 2","191982","3","1","8","02","17","3","0","2","0","1","0","0"
"POINT (13.301804846000039 52.495320514000070)","Unfall 191983 (2019) Kat:3, Licht: 2","191983","3","6","2","02","18","3","0","2","0","1","0","0"
"POINT (13.473948530000030 52.425663229000065)","Unfall 191984 (2019) Kat:3, Licht: 2","191984","3","3","5","02","20","3","0","2","1","1","0","0"
"POINT (13.427901333000023 52.473395106000055)","Unfall 191985 (2019) Kat:3, Licht: 2","191985","3","6","2","02","17","3","0","2","1","1","0","0"
"POINT (13.413351126000066 52.506984013000078)","Unfall 191986 (2019) Kat:3, Licht: 2","191986","3","5","1","02","17","3","0","2","1","1","0","0"
"POINT (13.432227120000050 52.499361065000073)","Unfall 191987 (2019) Kat:2, Licht: 0","191987","2","4","6","02","13","5","0","0","1","0","1","0"
"POINT (13.384923905000051 52.443919008000080)","Unfall 191988 (2019) Kat:3, Licht: 2","191988","3","7","1","02","17","3","0","2","0","1","0","0"
"POINT (13.408139549000055 52.488898080000070)","Unfall 191989 (2019) Kat:3, Licht: 0","191989","3","6","3","02","15","5","0","0","1","1","0","0"
"POINT (13.486429765000025 52.424769754000067)","Unfall 191990 (2019) Kat:3, Licht: 1","191990","3","4","6","02","16","3","0","1","0","1","1","0"
"POINT (13.381385624000075 52.546934066000063)","Unfall 191991 (2019) Kat:3, Licht: 0","191991","3","4","6","02","16","3","0","0","0","0","1","1"
"POINT (13.333115089000046 52.578918332000057)","Unfall 191992 (2019) Kat:3, Licht: 0","191992","3","2","5","02","16","3","0","0","0","1","0","0"
"POINT (13.247749751000072 52.538106975000062)","Unfall 191993 (2019) Kat:3, Licht: 0","191993","3","6","2","02","13","5","0","0","0","1","0","0"
"POINT (13.170711158000074 52.523299939000026)","Unfall 191994 (2019) Kat:3, Licht: 0","191994","3","3","5","02","15","3","0","0","1","1","0","0"
"POINT (13.316467040000077 52.499149044000035)","Unfall 191995 (2019) Kat:2, Licht: 2","191995","2","2","5","02","17","3","0","2","1","1","0","0"
"POINT (13.292974649000030 52.581090586000073)","Unfall 191996 (2019) Kat:3, Licht: 0","191996","3","2","2","02","10","3","0","0","1","0","0","0"
"POINT (13.409799036000038 52.524014321000038)","Unfall 191997 (2019) Kat:3, Licht: 0","191997","3","2","5","02","14","6","0","0","1","0","0","0"
"POINT (13.344092731000046 52.438455084000054)","Unfall 191998 (2019) Kat:3, Licht: 0","191998","3","6","3","02","10","3","0","0","0","1","0","0"
"POINT (13.196209452000062 52.521025933000033)","Unfall 191999 (2019) Kat:3, Licht: 0","191999","3","7","2","02","07","3","0","0","0","1","0","0"
"POINT (13.341999015000056 52.505807276000041)","Unfall 192000 (2019) Kat:3, Licht: 0","192000","3","6","2","02","13","5","0","0","0","1","0","0"
"POINT (13.427076140000054 52.511877105000053)","Unfall 192001 (2019) Kat:3, Licht: 1","192001","3","3","5","02","07","3","0","1","1","1","0","0"
"POINT (13.444754558000056 52.499609941000074)","Unfall 192002 (2019) Kat:3, Licht: 2","192002","3","6","2","02","17","2","0","2","0","1","0","0"
"POINT (13.444754558000056 52.499609941000074)","Unfall 192003 (2019) Kat:3, Licht: 2","192003","3","6","2","02","17","2","0","2","0","1","0","0"
"POINT (13.473644086000036 52.522985306000066)","Unfall 192004 (2019) Kat:3, Licht: 0","192004","3","6","4","02","09","5","0","0","0","1","0","0"
"POINT (13.331536206000067 52.505019166000068)","Unfall 192005 (2019) Kat:3, Licht: 0","192005","3","6","2","02","15","2","0","0","0","1","0","0"
"POINT (13.398386189000064 52.592445084000076)","Unfall 192006 (2019) Kat:3, Licht: 0","192006","3","2","5","02","09","2","1","0","0","1","0","0"
"POINT (13.559316265000064 52.446605986000066)","Unfall 192007 (2019) Kat:3, Licht: 0","192007","3","2","2","02","08","2","1","0","0","1","0","0"
"POINT (13.409442081000066 52.528772335000042)","Unfall 192008 (2019) Kat:3, Licht: 0","192008","3","2","5","02","09","5","0","0","1","1","0","0"
"POINT (13.645142011000075 52.378230342000052)","Unfall 192009 (2019) Kat:3, Licht: 0","192009","3","6","2","02","11","2","1","0","0","1","0","0"