WKT,Name,OBJECTID,UKATEGORIE,UTYP1,UART,UMONAT,USTUNDE,UWOCHENTAG,STRZUSTAND,ULICHTVERH,ISTRAD,ISTPKW,ISTFUSS,ISTKRAD
"POINT (13.356891722000057 52.524895085000026)","Unfall 192010 (2019) Kat:3, Licht: 2","192010","3","7","6","02","21","2","0","2","0","1","1","0"
"POINT (13.293498611000075 52.474417636000055)","Unfall 192011 (2019) Kat:3, Licht: 0","192011","3","1","0","02","14","6","0","0","1","0","0","0"
"POINT (13.575564121000070 52.423873566000054)","Unfall 192012 (2019) Kat:3, Licht: 2","192012","3","7","6","02","21","2","0","2","0","0","1","0"
"POINT (13.142181864000065 52.532533027000056)","Unfall 192013 (2019) Kat:3, Licht: 2","192013","3","6","3","02","05","2","1","2","1","0","0","0"
"POINT (13.563998043000026 52.556307587000049)","Unfall 192014 (2019) Kat:3, Licht: 0","192014","3","3","5","02","11","5","0","0","0","1","0","0"
"POINT (13.352607617000047 52.564303320000079)","Unfall 192015 (2019) Kat:3, Licht: 0","192015","3","2","6","02","07","2","1","0","0","1","1","0"
"POINT (13.452186404000031 52.481178492000026)","Unfall 192016 (2019) Kat:2, Licht: 2","192016","2","3","5","02","05","2","1","2","0","0","0","1"
"POINT (13.449259316000052 52.477263921000031)","Unfall 192017 (2019) Kat:3, Licht: 0","192017","3","6","2","02","11","5","0","0","0","1","0","0"
"POINT (13.195476511000038 52.529034001000070)","Unfall 192018 (2019) Kat:3, Licht: 2","192018","3","2","6","02","19","2","0","2","0","1","1","0"
"POINT (13.336307452000028 52.514639563000060)","Unfall 192019 (2019) Kat:2, Licht: 1","192019","2","7","6","02","07","2","1","1","1","0","1","0"
"POINT (13.435390930000040 52.424827975000028)","Unfall 192020 (2019) Kat:3, Licht: 1","192020","3","2","6","02","18","2","0","1","0","1","1","0"
"POINT (13.388351234000027 52.519747311000060)","Unfall 192021 (2019) Kat:3, Licht: 2","192021","3","2","0","02","19","5","0","2","1","0","0","0"
"POINT (13.344873056000040 52.501324289000081)","Unfall 192022 (2019) Kat:3, Licht: 0","192022","3","7","6","02","16","2","0","0","1","0","1","0"
"POINT (13.487790167000071 52.537642567000034)","Unfall 192023 (2019) Kat:2, Licht: 0","192023","2","3","5","02","16","2","0","0","1","1","0","0"
"POINT (13.436476272000050 52.449264107000033)","Unfall 192024 (2019) Kat:3, Licht: 0","192024","3","4","6","02","15","2","0","0","0","1","1","0"
"POINT (13.308667634000074 52.488670149000029)","Unfall 192025 (2019) Kat:3, Licht: 0","192025","3","2","5","02","07","5","1","0","1","1","0","0"
"POINT (13.577230990000032 52.421372607000080)","Unfall 192026 (2019) Kat:2, Licht: 0","192026","2","1","0","02","15","2","0","0","1","1","0","0"
"POINT (13.388623346000031 52.547693770000080)","Unfall 192027 (2019) Kat:3, Licht: 0","192027","3","6","2","02","14","2","1","0","0","1","0","0"
"POINT (13.612310964000073 52.511440702000073)","Unfall 192028 (2019) Kat:3, Licht: 0","192028","3","6","2","02","12","2","0","0","0","1","0","1"
"POINT (13.305530930000032 52.442016445000036)","Unfall 192029 (2019) Kat:3, Licht: 0","192029","3","3","5","02","07","5","0","0","0","1","0","0"
"POINT (13.281893637000053 52.511005522000062)","Unfall 192030 (2019) Kat:3, Licht: 0","192030","3","2","6","02","12","2","1","0","0","1","1","0"
"POINT (13.417386029000056 52.546806947000050)","Unfall 192031 (2019) Kat:3, Licht: 0","192031","3","7","5","02","08","2","1","0","0","1","0","0"
"POINT (13.307079427000076 52.582792653000070)","Unfall 192032 (2019) Kat:3, Licht: 0","192032","3","7","5","02","08","2","1","0","0","1","0","0"
"POINT (13.438513323000052 52.452591863000066)","Unfall 192033 (2019) Kat:3, Licht: 0","192033","3","2","5","02","07","5","1","0","0","1","0","0"
"POINT (13.481148265000058 52.482673361000082)","Unfall 192034 (2019) Kat:3, Licht: 1","192034","3","4","6","02","18","2","0","1","0","1","1","0"
"POINT (13.428935813000066 52.486538092000046)","Unfall 192035 (2019) Kat:3, Licht: 2","192035","3","2","2","02","16","1","1","2","0","1","0","0"
"POINT (13.552624301000037 52.439082239000072)","Unfall 192036 (2019) Kat:3, Licht: 2","192036","3","7","2","02","21","1","1","2","0","1","0","1"
"POINT (13.323722533000023 52.587511291000055)","Unfall 192037 (2019) Kat:3, Licht: 0","192037","3","2","5","02","16","5","0","0","1","1","0","0"
"POINT (13.591626853000037 52.544951927000056)","Unfall 192038 (2019) Kat:3, Licht: 0","192038","3","2","5","02","15","1","1","0","0","1","0","0"
"POINT (13.203152373000023 52.539964008000027)","Unfall 192039 (2019) Kat:3, Licht: 1","192039","3","1","8","02","01","1","1","1","0","1","0","0"
"POINT (13.418234607000045 52.499815766000040)","Unfall 192040 (2019) Kat:2, Licht: 2","192040","2","6","2","02","18","1","1","2","1","1","0","0"
"POINT (13.513797720000071 52.420107340000072)","Unfall 192041 (2019) Kat:3, Licht: 0","192041","3","3","0","02","07","5","0","0","0","1","0","1"
"POINT (13.299596830000041 52.494212859000072)","Unfall 192042 (2019) Kat:2, Licht: 2","192042","2","2","6","02","19","1","1","2","0","1","1","0"
"POINT (13.319058650000045 52.433084614000052)","Unfall 192043 (2019) Kat:2, Licht: 2","192043","2","1","8","02","18","1","1","2","0","1","0","0"
"POINT (13.359520782000061 52.546293869000067)","Unfall 192044 (2019) Kat:3, Licht: 0","192044","3","6","2","02","09","1","1","0","0","1","0","0"
"POINT (13.394406084000025 52.506895944000064)","Unfall 192045 (2019) Kat:3, Licht: 2","192045","3","3","5","02","02","1","0","2","0","1","0","0"
"POINT (13.511702439000032 52.550736993000044)","Unfall 192046 (2019) Kat:3, Licht: 0","192046","3","2","5","02","10","6","0","0","1","1","0","0"
"POINT (13.431765972000051 52.505842415000075)","Unfall 192047 (2019) Kat:3, Licht: 2","192047","3","1","0","02","03","7","0","2","1","0","0","0"
"POINT (13.339702177000049 52.544205103000081)","Unfall 192048 (2019) Kat:2, Licht: 2","192048","2","1","8","02","01","7","0","2","0","1","0","0"
"POINT (13.351028011000039 52.596412437000026)","Unfall 192049 (2019) Kat:3, Licht: 2","192049","3","3","0","02","23","7","1","2","0","1","0","1"
"POINT (13.469444724000027 52.426796388000071)","Unfall 192050 (2019) Kat:3, Licht: 2","192050","3","6","2","02","23","7","1","2","0","1","0","0"
"POINT (13.454346754000028 52.474586180000074)","Unfall 192051 (2019) Kat:3, Licht: 2","192051","3","4","6","02","21","7","0","2","0","1","1","0"
"POINT (13.574934221000035 52.572348339000030)","Unfall 192052 (2019) Kat:3, Licht: 0","192052","3","4","6","02","14","5","0","0","0","1","1","0"
"POINT (13.370444086000077 52.526655311000070)","Unfall 192053 (2019) Kat:3, Licht: 0","192053","3","7","0","02","14","7","0","0","0","1","0","0"
"POINT (13.492269362000059 52.565095700000029)","Unfall 192054 (2019) Kat:3, Licht: 2","192054","3","2","5","02","20","7","1","2","0","1","0","0"
"POINT (13.558490443000039 52.453998978000072)","Unfall 192055 (2019) Kat:3, Licht: 2","192055","3","6","2","02","18","7","1","2","0","1","0","0"
"POINT (13.356597005000026 52.448669071000040)","Unfall 192056 (2019) Kat:3, Licht: 2","192056","3","6","3","02","05","5","0","2","0","1","0","0"
"POINT (13.410218521000047 52.512359809000031)","Unfall 192057 (2019) Kat:3, Licht: 2","192057","3","1","9","02","17","7","0","2","0","0","0","0"
"POINT (13.326247849000026 52.538015217000066)","Unfall 192058 (2019) Kat:3, Licht: 0","192058","3","2","5","02","15","7","0","0","0","1","0","0"
"POINT (13.326111753000077 52.538345051000078)","Unfall 192059 (2019) Kat:3, Licht: 0","192059","3","2","5","02","15","7","0","0","0","1","0","0"
"POINT (13.378171224000027 52.541870662000065)","Unfall 192060 (2019) Kat:2, Licht: 0","192060","2","2","6","02","11","6","0","0","0","0","1","0"
"POINT (13.336718683000072 52.488159932000030)","Unfall 192061 (2019) Kat:3, Licht: 0","192061","3","6","3","02","14","7","0","0","1","1","0","0"
"POINT (13.247848329000021 52.547296359000029)","Unfall 192062 (2019) Kat:3, Licht: 0","192062","3","2","0","02","14","7","0","0","1","1","0","0"
"POINT (13.459058963000075 52.440412646000027)","Unfall 192063 (2019) Kat:3, Licht: 0","192063","3","1","0","02","09","5","1","0","1","0","0","0"
"POINT (13.385460263000027 52.465735045000031)","Unfall 192064 (2019) Kat:2, Licht: 2","192064","2","3","5","02","20","7","1","2","0","1","0","0"
"POINT (13.198505916000045 52.542969763000031)","Unfall 192065 (2019) Kat:2, Licht: 2","192065","2","4","6","02","20","7","1","2","0","1","1","0"
"POINT (13.337148643000035 52.499391081000056)","Unfall 192066 (2019) Kat:3, Licht: 0","192066","3","6","2","02","13","7","0","0","0","1","0","0"
"POINT (13.359048805000043 52.543951027000048)","Unfall 192067 (2019) Kat:3, Licht: 0","192067","3","2","5","02","14","4","0","0","1","1","0","0"
"POINT (13.408411287000035 52.552475162000064)","Unfall 192068 (2019) Kat:3, Licht: 0","192068","3","3","5","02","13","7","0","0","0","1","0","0"
"POINT (13.566138729000045 52.455635503000053)","Unfall 192069 (2019) Kat:3, Licht: 0","192069","3","6","2","02","13","7","0","0","0","1","0","0"
"POINT (13.343295474000058 52.526233235000063)","Unfall 192070 (2019) Kat:3, Licht: 0","192070","3","2","5","02","12","7","1","0","1","1","0","0"
"POINT (13.450685090000036 52.508617426000058)","Unfall 192071 (2019) Kat:3, Licht: 0","192071","3","2","2","02","07","4","0","0","1","1","0","0"
"POINT (13.403887951000058 52.448462730000074)","Unfall 192072 (2019) Kat:2, Licht: 0","192072","2","2","5","02","12","7","0","0","1","1","0","0"
"POINT (13.513296924000031 52.466646436000076)","Unfall 192073 (2019) Kat:3, Licht: 0","192073","3","6","2","02","12","7","0","0","0","1","0","0"
"POINT (13.445885969000074 52.558496856000033)","Unfall 192074 (2019) Kat:3, Licht: 0","192074","3","3","5","02","14","7","0","0","1","0","0","0"
"POINT (13.317985279000027 52.414473449000070)","Unfall 192075 (2019) Kat:2, Licht: 1","192075","2","3","0","02","18","5","0","1","0","0","0","0"
"POINT (13.335180549000029 52.501546710000071)","Unfall 192076 (2019) Kat:3, Licht: 0","192076","3","5","1","02","10","6","0","0","0","1","0","0"
"POINT (13.567439420000028 52.573324503000038)","Unfall 192077 (2019) Kat:3, Licht: 0","192077","3","3","5","02","12","6","0","0","0","1","0","0"
"POINT (13.273903668000059 52.509680985000045)","Unfall 192078 (2019) Kat:3, Licht: 0","192078","3","3","5","02","13","4","0","0","0","1","0","0"
"POINT (13.511781006000035 52.571355764000032)","Unfall 192079 (2019) Kat:2, Licht: 0","192079","2","3","5","02","09","6","0","0","0","1","0","0"
"POINT (13.477742132000060 52.530821329000048)","Unfall 192080 (2019) Kat:3, Licht: 0","192080","3","7","0","02","14","6","0","0","0","0","0","0"
"POINT (13.511842037000065 52.546749183000031)","Unfall 192081 (2019) Kat:3, Licht: 0","192081","3","3","5","02","15","4","1","0","0","1","0","0"
"POINT (13.456505459000027 52.507567578000078)","Unfall 192082 (2019) Kat:3, Licht: 2","192082","3","7","6","02","23","6","0","2","0","1","1","0"
"POINT (13.284952895000060 52.495035376000033)","Unfall 192083 (2019) Kat:3, Licht: 0","192083","3","6","0","02","09","6","0","0","0","1","0","0"
"POINT (13.545436297000037 52.531070440000065)","Unfall 192084 (2019) Kat:3, Licht: 2","192084","3","4","6","02","05","6","0","2","0","1","1","0"
"POINT (13.492489290000037 52.534087032000059)","Unfall 192085 (2019) Kat:2, Licht: 0","192085","2","6","3","02","15","4","1","0","0","1","0","1"
"POINT (13.339199069000074 52.503121214000032)","Unfall 192086 (2019) Kat:2, Licht: 0","192086","2","2","5","02","15","6","0","0","0","1","0","1"
"POINT (13.342324275000067 52.446886049000057)","Unfall 192087 (2019) Kat:3, Licht: 1","192087","3","2","5","02","17","6","0","1","0","1","0","0"
"POINT (13.388360332000047 52.519695496000054)","Unfall 192088 (2019) Kat:3, Licht: 1","192088","3","4","6","02","18","6","0","1","0","1","1","0"
"POINT (13.376912618000063 52.556613782000056)","Unfall 192089 (2019) Kat:2, Licht: 2","192089","2","2","5","02","21","5","0","2","1","0","0","0"
"POINT (13.293036741000037 52.446493792000069)","Unfall 192090 (2019) Kat:2, Licht: 2","192090","2","3","5","02","02","6","1","2","0","1","0","0"
"POINT (13.503860253000028 52.574194935000037)","Unfall 192091 (2019) Kat:3, Licht: 2","192091","3","3","5","02","05","6","0","2","0","1","0","0"
"POINT (13.368975748000025 52.587905492000061)","Unfall 192092 (2019) Kat:3, Licht: 2","192092","3","6","2","02","05","6","0","2","0","1","0","0"
"POINT (13.349796258000026 52.545104522000031)","Unfall 192093 (2019) Kat:3, Licht: 0","192093","3","3","5","02","15","4","1","0","0","1","0","1"
"POINT (13.449745286000052 52.536999611000056)","Unfall 192094 (2019) Kat:3, Licht: 0","192094","3","6","2","02","08","6","0","0","0","1","0","0"
"POINT (13.310350961000040 52.500261431000069)","Unfall 192095 (2019) Kat:2, Licht: 0","192095","2","5","1","02","09","6","1","0","1","0","0","0"
"POINT (13.426576023000052 52.607785416000070)","Unfall 192096 (2019) Kat:3, Licht: 0","192096","3","2","0","02","11","6","0","0","0","1","0","0"
"POINT (13.439702405000048 52.473765183000069)","Unfall 192097 (2019) Kat:3, Licht: 0","192097","3","3","5","02","11","6","0","0","0","1","0","0"
"POINT (13.657160641000075 52.414847892000068)","Unfall 192098 (2019) Kat:3, Licht: 0","192098","3","2","4","02","11","6","0","0","0","1","0","0"
"POINT (13.430476485000042 52.510985492000032)","Unfall 192099 (2019) Kat:3, Licht: 0","192099","3","2","5","02","16","5","0","0","1","1","0","0"
"POINT (13.432607747000077 52.595070730000032)","Unfall 192100 (2019) Kat:2, Licht: 0","192100","2","4","6","02","13","6","0","0","0","1","1","0"
"POINT (13.225912374000075 52.554867543000057)","Unfall 192101 (2019) Kat:3, Licht: 0","192101","3","6","2","02","14","6","0","0","0","1","0","0"
"POINT (13.423450036000077 52.486694163000038)","Unfall 192102 (2019) Kat:3, Licht: 0","192102","3","6","2","02","14","6","0","0","0","1","0","0"
"POINT (13.217394418000026 52.611316889000079)","Unfall 192103 (2019) Kat:3, Licht: 0","192103","3","3","5","02","14","6","0","0","0","1","0","0"
"POINT (13.401528815000063 52.537828239000078)","Unfall 192104 (2019) Kat:3, Licht: 2","192104","3","7","6","02","20","5","0","2","1","0","1","0"
"POINT (13.337553313000058 52.480751195000039)","Unfall 192105 (2019) Kat:3, Licht: 0","192105","3","5","1","02","15","6","0","0","1","1","0","0"
"POINT (13.328673965000064 52.424080433000029)","Unfall 192106 (2019) Kat:2, Licht: 1","192106","2","1","9","02","05","6","1","1","0","1","0","0"
"POINT (13.302485843000056 52.591672585000026)","Unfall 192107 (2019) Kat:2, Licht: 2","192107","2","1","9","02","20","5","1","2","0","1","0","0"
"POINT (13.586655218000033 52.549439410000048)","Unfall 192108 (2019) Kat:3, Licht: 0","192108","3","6","2","02","15","4","0","0","0","1","0","0"
"POINT (13.413427795000075 52.506739121000066)","Unfall 192109 (2019) Kat:3, Licht: 2","192109","3","3","5","02","05","5","0","2","0","1","0","1"
"POINT (13.500306077000062 52.632678364000071)","Unfall 192110 (2019) Kat:3, Licht: 0","192110","3","2","5","02","10","5","0","0","0","1","0","0"
"POINT (13.274097443000073 52.435481591000041)","Unfall 192111 (2019) Kat:3, Licht: 0","192111","3","2","2","02","10","5","0","0","0","1","0","0"
"POINT (13.566244222000023 52.425709010000048)","Unfall 192112 (2019) Kat:3, Licht: 0","192112","3","7","2","02","11","5","0","0","0","1","0","0"
"POINT (13.442705211000032 52.465034926000044)","Unfall 192113 (2019) Kat:3, Licht: 0","192113","3","3","5","02","13","5","0","0","0","1","0","0"
"POINT (13.226474593000034 52.537560498000062)","Unfall 192114 (2019) Kat:3, Licht: 0","192114","3","7","5","02","15","5","1","0","0","1","0","0"
"POINT (13.377964036000037 52.466428268000072)","Unfall 192115 (2019) Kat:3, Licht: 0","192115","3","2","5","02","14","5","0","0","1","1","0","0"
"POINT (13.377816838000058 52.472611187000041)","Unfall 192116 (2019) Kat:3, Licht: 2","192116","3","6","3","02","17","5","0","2","0","1","0","0"
"POINT (13.457780540000044 52.529032861000076)","Unfall 192117 (2019) Kat:3, Licht: 2","192117","3","2","2","02","18","5","0","2","0","1","0","0"
"POINT (13.599046537000049 52.528393026000060)","Unfall 192118 (2019) Kat:3, Licht: 2","192118","3","3","5","02","20","5","0","2","0","1","0","0"
"POINT (13.476585145000058 52.456970599000044)","Unfall 192119 (2019) Kat:3, Licht: 0","192119","3","6","2","02","16","4","0","0","0","1","0","0"
"POINT (13.378086091000057 52.467987650000055)","Unfall 192120 (2019) Kat:3, Licht: 2","192120","3","6","2","02","20","5","0","2","0","1","0","0"
"POINT (13.226904520000062 52.550072820000082)","Unfall 192121 (2019) Kat:3, Licht: 2","192121","3","6","2","02","21","5","0","2","0","1","0","0"
"POINT (13.489057466000077 52.467341103000081)","Unfall 192122 (2019) Kat:3, Licht: 2","192122","3","3","5","02","21","5","0","2","0","1","0","0"
"POINT (13.307126830000072 52.525732612000070)","Unfall 192123 (2019) Kat:2, Licht: 0","192123","2","7","5","02","16","4","0","0","0","1","0","1"
"POINT (13.281927448000033 52.533830601000034)","Unfall 192124 (2019) Kat:2, Licht: 1","192124","2","6","2","02","18","5","1","1","0","1","0","1"
"POINT (13.381405063000045 52.552221457000030)","Unfall 192125 (2019) Kat:3, Licht: 2","192125","3","2","5","02","23","5","0","2","0","1","0","0"
"POINT (13.352093371000024 52.418531565000080)","Unfall 192126 (2019) Kat:3, Licht: 0","192126","3","3","5","02","16","5","1","0","0","1","0","0"
"POINT (13.203735049000045 52.530790093000064)","Unfall 192127 (2019) Kat:3, Licht: 0","192127","3","6","2","02","11","5","0","0","0","1","0","0"
"POINT (13.412871187000064 52.506369344000063)","Unfall 192128 (2019) Kat:3, Licht: 0","192128","3","6","2","02","14","6","0","0","1","1","0","0"
"POINT (13.499714725000047 52.577232951000042)","Unfall 192129 (2019) Kat:3, Licht: 2","192129","3","7","0","02","17","5","1","2","0","0","0","0"
"POINT (13.478334084000039 52.421219932000042)","Unfall 192130 (2019) Kat:3, Licht: 2","192130","3","7","6","02","20","5","0","2","0","1","1","0"
"POINT (13.403554645000042 52.520949970000061)","Unfall 192131 (2019) Kat:3, Licht: 1","192131","3","4","0","02","16","4","1","1","0","0","1","0"
"POINT (13.327268382000057 52.563297307000028)","Unfall 192132 (2019) Kat:3, Licht: 0","192132","3","6","2","02","11","4","0","0","0","1","0","0"
"POINT (13.330633069000044 52.575605638000070)","Unfall 192133 (2019) Kat:3, Licht: 0","192133","3","6","2","02","10","4","0","0","0","1","0","0"
"POINT (13.440979720000030 52.424714450000067)","Unfall 192134 (2019) Kat:2, Licht: 0","192134","2","2","5","02","16","4","0","0","0","1","0","1"
"POINT (13.474030121000055 52.609983634000059)","Unfall 192135 (2019) Kat:3, Licht: 0","192135","3","3","5","02","12","4","1","0","0","1","0","0"
"POINT (13.429726354000024 52.509746648000032)","Unfall 192136 (2019) Kat:3, Licht: 2","192136","3","4","6","02","22","4","0","2","1","0","1","0"
"POINT (13.467637769000078 52.553815111000063)","Unfall 192137 (2019) Kat:3, Licht: 0","192137","3","2","2","02","15","4","0","0","0","1","0","0"
"POINT (13.355210579000072 52.595000267000046)","Unfall 192138 (2019) Kat:3, Licht: 0","192138","3","7","6","02","15","4","0","0","0","1","1","0"
"POINT (13.298454418000063 52.451631415000065)","Unfall 192139 (2019) Kat:3, Licht: 0","192139","3","3","5","02","16","5","0","0","0","1","0","0"
"POINT (13.498495657000035 52.537938996000037)","Unfall 192140 (2019) Kat:2, Licht: 0","192140","2","3","5","02","15","4","0","0","1","1","0","0"
"POINT (13.591486587000077 52.541574209000032)","Unfall 192141 (2019) Kat:3, Licht: 0","192141","3","3","5","02","14","4","0","0","0","1","0","0"
"POINT (13.240352172000030 52.538980987000059)","Unfall 192142 (2019) Kat:3, Licht: 0","192142","3","5","1","02","12","4","0","0","0","1","0","0"
"POINT (13.345241819000023 52.535493420000080)","Unfall 192143 (2019) Kat:3, Licht: 0","192143","3","2","2","02","13","6","0","0","0","1","0","0"
"POINT (13.436030392000077 52.565552943000057)","Unfall 192144 (2019) Kat:3, Licht: 0","192144","3","7","2","02","14","4","0","0","0","1","0","0"
"POINT (13.345175127000061 52.554326189000051)","Unfall 192145 (2019) Kat:2, Licht: 0","192145","2","2","5","02","14","4","0","0","0","1","0","0"
"POINT (13.507708594000064 52.450418630000058)","Unfall 192146 (2019) Kat:3, Licht: 0","192146","3","1","9","02","11","4","0","0","0","1","0","0"
"POINT (13.388487105000024 52.526048596000066)","Unfall 192147 (2019) Kat:3, Licht: 0","192147","3","7","6","02","13","4","0","0","0","1","1","0"
"POINT (13.387510993000035 52.456556040000066)","Unfall 192148 (2019) Kat:3, Licht: 0","192148","3","4","6","02","13","4","0","0","0","1","1","0"
"POINT (13.414664730000027 52.553871217000051)","Unfall 192149 (2019) Kat:3, Licht: 2","192149","3","2","6","02","20","4","1","2","0","1","1","0"
"POINT (13.472469401000069 52.503816465000057)","Unfall 192150 (2019) Kat:3, Licht: 0","192150","3","5","1","02","11","4","0","0","1","0","0","0"
"POINT (13.381722092000075 52.410985869000058)","Unfall 192151 (2019) Kat:3, Licht: 0","192151","3","3","5","02","10","4","1","0","0","1","0","0"
"POINT (13.324120785000048 52.587628745000075)","Unfall 192152 (2019) Kat:2, Licht: 0","192152","2","1","9","02","09","4","1","0","0","1","0","0"
"POINT (13.300549314000023 52.420879728000045)","Unfall 192153 (2019) Kat:3, Licht: 2","192153","3","6","2","02","19","5","0","2","0","1","0","0"
"POINT (13.432797828000048 52.557215449000068)","Unfall 192154 (2019) Kat:3, Licht: 0","192154","3","3","5","02","09","4","0","0","0","1","0","0"
"POINT (13.449166351000031 52.473655427000040)","Unfall 192155 (2019) Kat:3, Licht: 0","192155","3","1","9","02","08","4","0","0","1","0","0","0"
"POINT (13.284462799000039 52.577270428000077)","Unfall 192156 (2019) Kat:3, Licht: 0","192156","3","5","0","02","07","4","0","0","0","1","0","0"
"POINT (13.358807857000045 52.553788357000030)","Unfall 192157 (2019) Kat:3, Licht: 2","192157","3","4","6","02","05","4","1","2","0","1","1","0"
"POINT (13.241628145000050 52.617740022000078)","Unfall 192158 (2019) Kat:2, Licht: 0","192158","2","2","5","02","07","4","0","0","1","1","0","0"
"POINT (13.444854554000074 52.512481274000038)","Unfall 192159 (2019) Kat:3, Licht: 2","192159","3","5","1","02","19","4","0","2","1","1","0","0"
"POINT (13.417276498000035 52.518820391000077)","Unfall 192160 (2019) Kat:3, Licht: 1","192160","3","6","0","02","19","4","0","1","0","1","0","0"
"POINT (13.328445324000029 52.521777913000051)","Unfall 192161 (2019) Kat:3, Licht: 2","192161","3","1","0","02","18","4","0","2","1","0","0","0"
"POINT (13.193700222000075 52.533801801000038)","Unfall 192162 (2019) Kat:3, Licht: 0","192162","3","2","0","02","16","4","0","0","0","0","0","0"
"POINT (13.601432943000077 52.482563695000067)","Unfall 192163 (2019) Kat:3, Licht: 2","192163","3","2","5","02","06","4","1","2","0","1","0","0"
"POINT (13.267983098000059 52.445423606000077)","Unfall 192164 (2019) Kat:3, Licht: 0","192164","3","3","5","02","08","3","1","0","1","1","0","0"
"POINT (13.429726338000023 52.498276183000030)","Unfall 192165 (2019) Kat:3, Licht: 0","192165","3","3","5","02","15","3","0","0","0","1","0","0"
"POINT (13.446693775000028 52.502790574000073)","Unfall 192166 (2019) Kat:3, Licht: 0","192166","3","2","5","02","11","3","0","0","0","1","0","0"
"POINT (13.485435929000062 52.618010880000043)","Unfall 192167 (2019) Kat:3, Licht: 1","192167","3","3","5","02","16","5","1","1","0","1","0","0"
"POINT (13.377780872000073 52.452574427000059)","Unfall 192168 (2019) Kat:3, Licht: 0","192168","3","2","5","02","10","3","1","0","1","1","0","0"
"POINT (13.451986353000052 52.503540021000049)","Unfall 192169 (2019) Kat:2, Licht: 2","192169","2","3","5","02","05","3","0","2","0","1","0","0"
"POINT (13.324023990000057 52.465244771000073)","Unfall 192170 (2019) Kat:3, Licht: 0","192170","3","3","5","02","11","3","1","0","0","1","0","1"
"POINT (13.398061327000050 52.534870039000054)","Unfall 192171 (2019) Kat:2, Licht: 2","192171","2","3","5","02","20","4","1","2","0","1","0","0"
"POINT (13.406506609000076 52.504830097000081)","Unfall 192172 (2019) Kat:3, Licht: 0","192172","3","4","6","02","12","3","1","0","0","1","1","0"
"POINT (13.409205110000073 52.528741181000044)","Unfall 192173 (2019) Kat:3, Licht: 0","192173","3","6","2","02","15","3","0","0","0","1","0","0"
"POINT (13.315368624000030 52.503065867000032)","Unfall 192174 (2019) Kat:3, Licht: 0","192174","3","3","5","02","07","3","1","0","0","1","0","0"
"POINT (13.416648462000069 52.499572392000061)","Unfall 192175 (2019) Kat:3, Licht: 2","192175","3","7","6","02","17","3","0","2","0","1","1","0"
"POINT (13.559115297000062 52.448446985000032)","Unfall 192176 (2019) Kat:3, Licht: 2","192176","3","6","2","02","20","3","1","2","0","1","0","0"
"POINT (13.318711215000064 52.572896860000071)","Unfall 192177 (2019) Kat:3, Licht: 2","192177","3","2","6","02","22","3","0","2","0","1","1","0"
"POINT (13.379418897000050 52.529419343000029)","Unfall 192178 (2019) Kat:3, Licht: 1","192178","3","2","6","02","06","4","1","1","0","1","1","0"
"POINT (13.377436967000051 52.522155530000077)","Unfall 192179 (2019) Kat:3, Licht: 2","192179","3","2","5","02","22","3","0","2","0","1","0","0"
"POINT (13.365762036000035 52.493494996000038)","Unfall 192180 (2019) Kat:3, Licht: 2","192180","3","2","0","02","22","3","0","2","0","1","0","1"
"POINT (13.315436438000063 52.577836747000049)","Unfall 192181 (2019) Kat:3, Licht: 2","192181","3","2","5","02","21","3","0","2","0","1","0","0"
"POINT (13.297223031000044 52.511754146000044)","Unfall 192182 (2019) Kat:2, Licht: 0","192182","2","2","5","02","11","3","1","0","1","1","0","0"
"POINT (13.613246616000026 52.508691510000062)","Unfall 192183 (2019) Kat:3, Licht: 0","192183","3","2","5","02","15","5","0","0","1","1","0","0"
"POINT (13.435176198000022 52.491202638000061)","Unfall 192184 (2019) Kat:2, Licht: 2","192184","2","2","5","02","17","3","1","2","0","1","0","1"
"POINT (13.325605174000032 52.541312199000060)","Unfall 192185 (2019) Kat:2, Licht: 0","192185","2","6","4","02","11","3","0","0","0","1","0","0"
"POINT (13.408170902000052 52.452823032000026)","Unfall 192186 (2019) Kat:2, Licht: 0","192186","2","6","2","02","13","3","1","0","0","1","0","0"
"POINT (13.313705853000044 52.427155460000051)","Unfall 192187 (2019) Kat:3, Licht: 2","192187","3","6","2","02","18","4","1","2","0","1","0","0"
"POINT (13.230558537000036 52.538386803000037)","Unfall 192188 (2019) Kat:3, Licht: 2","192188","3","6","1","02","17","3","1","2","0","1","0","0"
"POINT (13.207618065000077 52.538369979000038)","Unfall 192189 (2019) Kat:2, Licht: 0","192189","2","5","1","02","12","3","1","0","1","1","0","0"
"POINT (13.438617319000059 52.481381040000031)","Unfall 192190 (2019) Kat:3, Licht: 2","192190","3","1","0","02","21","3","1","2","1","0","0","0"
"POINT (13.313838964000070 52.486758260000045)","Unfall 192191 (2019) Kat:3, Licht: 0","192191","3","2","6","02","10","6","0","0","0","1","1","0"
"POINT (13.363459239000065 52.474929701000065)","Unfall 192192 (2019) Kat:3, Licht: 0","192192","3","1","8","02","14","3","0","0","0","1","0","0"
"POINT (13.317161294000073 52.568866480000054)","Unfall 192193 (2019) Kat:3, Licht: 0","192193","3","3","5","02","09","2","1","0","1","1","0","0"
"POINT (13.539860212000065 52.416771030000064)","Unfall 192194 (2019) Kat:2, Licht: 2","192194","2","2","6","02","18","4","1","2","0","1","1","0"
"POINT (13.298796516000039 52.506759329000033)","Unfall 192195 (2019) Kat:3, Licht: 2","192195","3","7","0","02","21","2","1","2","0","0","0","1"