WKT,Name,OBJECTID,UKATEGORIE,UTYP1,UART,UMONAT,USTUNDE,UWOCHENTAG,STRZUSTAND,ULICHTVERH,ISTRAD,ISTPKW,ISTFUSS,ISTKRAD
"POINT (13.463979913000060 52.513090068000054)","Unfall 192382 (2019) Kat:3, Licht: 2","192382","3","3","5","02","20","6","0","2","1","1","0","0"
"POINT (13.204123589000062 52.536005485000032)","Unfall 192383 (2019) Kat:3, Licht: 0","192383","3","6","2","02","07","3","0","0","0","1","0","0"
"POINT (13.412209700000062 52.387774635000028)","Unfall 192384 (2019) Kat:3, Licht: 2","192384","3","4","6","02","20","6","0","2","1","0","1","0"
"POINT (13.307951769000056 52.488508310000043)","Unfall 192385 (2019) Kat:3, Licht: 2","192385","3","2","5","02","21","6","0","2","0","1","0","0"
"POINT (13.618653027000050 52.518447227000081)","Unfall 192386 (2019) Kat:2, Licht: 0","192386","2","3","5","02","11","6","0","0","1","1","0","0"
"POINT (13.202631913000062 52.549840338000081)","Unfall 192387 (2019) Kat:3, Licht: 0","192387","3","3","5","02","13","3","0","0","0","1","0","0"
"POINT (13.358974171000057 52.546203187000060)","Unfall 192388 (2019) Kat:3, Licht: 0","192388","3","6","2","02","09","6","0","0","0","1","0","0"
"POINT (13.421278486000062 52.419227619000026)","Unfall 192389 (2019) Kat:3, Licht: 0","192389","3","2","5","02","14","6","0","0","0","1","0","0"
"POINT (13.572783255000047 52.550171028000079)","Unfall 192390 (2019) Kat:3, Licht: 0","192390","3","3","5","02","07","3","0","0","0","1","0","0"
"POINT (13.261234562000027 52.573487295000064)","Unfall 192391 (2019) Kat:2, Licht: 0","192391","2","6","3","02","16","6","0","0","1","1","0","0"
"POINT (13.358897446000071 52.437238929000046)","Unfall 192392 (2019) Kat:3, Licht: 2","192392","3","1","0","02","20","6","0","2","0","0","0","1"
"POINT (13.586667567000063 52.451452163000056)","Unfall 192393 (2019) Kat:2, Licht: 0","192393","2","1","0","02","16","6","0","0","0","0","0","1"
"POINT (13.293926640000052 52.552581739000061)","Unfall 192394 (2019) Kat:3, Licht: 0","192394","3","4","6","02","12","3","0","0","0","1","1","0"
"POINT (13.345188310000026 52.490259119000029)","Unfall 192395 (2019) Kat:3, Licht: 0","192395","3","6","3","02","16","5","0","0","0","1","0","0"
"POINT (13.361965003000023 52.447251495000046)","Unfall 192396 (2019) Kat:3, Licht: 0","192396","3","2","5","02","15","5","0","0","0","1","0","0"
"POINT (13.345009211000047 52.492191077000030)","Unfall 192397 (2019) Kat:2, Licht: 2","192397","2","2","6","02","18","5","1","2","0","1","1","0"
"POINT (13.401887229000067 52.391039578000061)","Unfall 192398 (2019) Kat:3, Licht: 0","192398","3","3","5","02","15","3","0","0","0","1","0","0"
"POINT (13.448258502000044 52.478711584000052)","Unfall 192399 (2019) Kat:3, Licht: 0","192399","3","5","1","02","16","5","1","0","0","1","0","0"
"POINT (13.437949428000024 52.482869114000039)","Unfall 192400 (2019) Kat:3, Licht: 2","192400","3","2","6","02","20","5","0","2","0","1","1","0"
"POINT (13.328089977000047 52.464636675000065)","Unfall 192401 (2019) Kat:3, Licht: 0","192401","3","6","2","02","11","5","1","0","0","1","0","0"
"POINT (13.290554826000061 52.475311262000048)","Unfall 192402 (2019) Kat:3, Licht: 2","192402","3","2","6","02","21","5","1","2","0","1","1","0"
"POINT (13.600943828000027 52.479315792000079)","Unfall 192403 (2019) Kat:3, Licht: 0","192403","3","3","5","02","12","3","0","0","0","1","0","0"
"POINT (13.371873070000049 52.509103569000047)","Unfall 192404 (2019) Kat:2, Licht: 2","192404","2","2","5","02","19","5","1","2","0","1","0","1"
"POINT (13.419155871000044 52.501315259000080)","Unfall 192405 (2019) Kat:3, Licht: 2","192405","3","2","6","02","19","5","1","2","0","1","1","0"
"POINT (13.444602828000029 52.500827618000073)","Unfall 192406 (2019) Kat:3, Licht: 0","192406","3","6","3","02","09","3","0","0","1","0","0","0"
"POINT (13.344326766000052 52.504168462000052)","Unfall 192407 (2019) Kat:3, Licht: 2","192407","3","3","5","02","19","5","1","2","1","1","0","0"
"POINT (13.433579317000067 52.484829646000037)","Unfall 192408 (2019) Kat:3, Licht: 2","192408","3","2","5","02","19","5","1","2","0","0","0","1"
"POINT (13.440929936000032 52.504771971000082)","Unfall 192409 (2019) Kat:3, Licht: 0","192409","3","2","5","02","09","3","0","0","1","1","0","0"
"POINT (13.626108533000036 52.529368189000081)","Unfall 192410 (2019) Kat:2, Licht: 2","192410","2","2","6","02","19","5","1","2","0","1","1","0"
"POINT (13.259938440000042 52.516069244000050)","Unfall 192411 (2019) Kat:3, Licht: 0","192411","3","2","6","02","13","4","0","0","0","1","1","0"
"POINT (13.396419287000072 52.440121163000072)","Unfall 192412 (2019) Kat:3, Licht: 1","192412","3","2","5","02","18","5","1","1","0","1","0","1"
"POINT (13.235895617000040 52.541873817000067)","Unfall 192413 (2019) Kat:3, Licht: 2","192413","3","7","5","02","17","5","1","2","0","1","0","1"
"POINT (13.365588541000022 52.503112913000052)","Unfall 192414 (2019) Kat:3, Licht: 0","192414","3","2","5","02","08","3","0","0","1","1","0","0"
"POINT (13.436466826000071 52.548436144000050)","Unfall 192415 (2019) Kat:3, Licht: 2","192415","3","3","5","02","17","5","1","2","1","1","0","0"
"POINT (13.403087108000022 52.516014015000053)","Unfall 192416 (2019) Kat:3, Licht: 0","192416","3","6","2","02","15","4","0","0","0","1","0","0"
"POINT (13.304324818000055 52.503567118000035)","Unfall 192417 (2019) Kat:3, Licht: 0","192417","3","7","5","02","16","5","1","0","0","1","0","0"
"POINT (13.280547651000063 52.593809240000041)","Unfall 192418 (2019) Kat:3, Licht: 0","192418","3","2","0","02","16","5","1","0","1","1","0","0"
"POINT (13.510918427000036 52.450037472000076)","Unfall 192419 (2019) Kat:3, Licht: 0","192419","3","6","3","02","06","3","0","0","0","1","0","0"
"POINT (13.259941171000037 52.429262347000076)","Unfall 192420 (2019) Kat:3, Licht: 0","192420","3","7","0","02","10","5","1","0","0","1","0","0"
"POINT (13.469838851000077 52.502310611000041)","Unfall 192421 (2019) Kat:3, Licht: 0","192421","3","2","2","02","08","5","1","0","0","1","0","0"
"POINT (13.434999148000031 52.439269655000032)","Unfall 192422 (2019) Kat:3, Licht: 0","192422","3","2","5","02","08","5","1","0","0","1","0","0"
"POINT (13.516148117000057 52.543122989000040)","Unfall 192423 (2019) Kat:3, Licht: 2","192423","3","1","1","02","18","3","0","2","0","1","0","0"
"POINT (13.385289773000068 52.520148968000058)","Unfall 192424 (2019) Kat:3, Licht: 0","192424","3","7","6","02","08","5","1","0","0","1","1","0"
"POINT (13.548994639000057 52.528007585000069)","Unfall 192425 (2019) Kat:3, Licht: 0","192425","3","2","5","02","07","5","0","0","0","1","0","0"
"POINT (13.401684195000030 52.539860758000032)","Unfall 192426 (2019) Kat:3, Licht: 0","192426","3","2","6","02","06","5","1","0","0","1","1","0"
"POINT (13.307609702000036 52.440342727000029)","Unfall 192427 (2019) Kat:3, Licht: 0","192427","3","7","5","02","08","4","0","0","0","1","0","0"
"POINT (13.571904767000035 52.430043485000056)","Unfall 192428 (2019) Kat:2, Licht: 0","192428","2","2","5","02","06","5","1","0","1","1","0","0"
"POINT (13.388084768000056 52.551593435000029)","Unfall 192429 (2019) Kat:3, Licht: 2","192429","3","1","1","02","01","5","0","2","0","1","0","0"
"POINT (13.496817509000039 52.634572773000059)","Unfall 192430 (2019) Kat:3, Licht: 2","192430","3","6","2","02","05","3","0","2","0","1","0","0"
"POINT (13.293176149000033 52.534505705000072)","Unfall 192431 (2019) Kat:3, Licht: 1","192431","3","2","5","02","06","5","1","1","0","1","0","1"
"POINT (13.382740704000071 52.542141656000069)","Unfall 192432 (2019) Kat:3, Licht: 0","192432","3","3","5","02","13","5","0","0","0","1","0","0"
"POINT (13.443424479000043 52.517934281000066)","Unfall 192433 (2019) Kat:3, Licht: 0","192433","3","3","5","02","12","5","1","0","0","1","0","1"
"POINT (13.387529094000058 52.518652824000071)","Unfall 192434 (2019) Kat:3, Licht: 0","192434","3","6","2","02","12","5","0","0","0","1","0","0"
"POINT (13.221722266000029 52.511165072000040)","Unfall 192435 (2019) Kat:3, Licht: 2","192435","3","3","5","02","00","3","0","2","0","1","0","0"
"POINT (13.534526299000049 52.527303332000031)","Unfall 192436 (2019) Kat:3, Licht: 0","192436","3","4","6","02","12","5","1","0","0","1","1","0"
"POINT (13.236185184000021 52.526968894000049)","Unfall 192437 (2019) Kat:2, Licht: 0","192437","2","6","2","02","11","5","0","0","0","1","0","0"
"POINT (13.421291201000031 52.413088039000058)","Unfall 192438 (2019) Kat:2, Licht: 0","192438","2","2","6","02","11","5","1","0","0","0","1","0"
"POINT (13.264941744000055 52.536660350000034)","Unfall 192439 (2019) Kat:2, Licht: 0","192439","2","2","5","02","16","3","0","0","0","1","0","0"
"POINT (13.366304376000073 52.449408892000065)","Unfall 192440 (2019) Kat:3, Licht: 0","192440","3","6","0","02","09","5","0","0","1","1","0","0"
"POINT (13.443091545000073 52.571098087000053)","Unfall 192441 (2019) Kat:2, Licht: 0","192441","2","3","6","02","11","5","0","0","0","1","1","0"
"POINT (13.358739515000025 52.474526785000080)","Unfall 192442 (2019) Kat:3, Licht: 0","192442","3","3","5","02","10","5","1","0","0","1","0","0"
"POINT (13.393416263000063 52.526015950000044)","Unfall 192443 (2019) Kat:3, Licht: 2","192443","3","6","3","02","18","4","0","2","1","0","0","0"
"POINT (13.565375697000036 52.524926892000053)","Unfall 192444 (2019) Kat:3, Licht: 0","192444","3","6","2","02","14","4","0","0","0","1","0","0"
"POINT (13.300290024000049 52.580920023000033)","Unfall 192445 (2019) Kat:3, Licht: 0","192445","3","6","0","02","08","4","0","0","0","1","0","0"
"POINT (13.363754732000075 52.508202640000036)","Unfall 192446 (2019) Kat:3, Licht: 0","192446","3","3","0","02","17","4","0","0","1","1","0","0"
"POINT (13.511977591000061 52.510136957000043)","Unfall 192447 (2019) Kat:3, Licht: 0","192447","3","2","2","02","16","3","0","0","1","1","0","0"
"POINT (13.353983693000032 52.449130113000081)","Unfall 192448 (2019) Kat:3, Licht: 0","192448","3","4","6","02","08","4","0","0","0","1","1","0"
"POINT (13.481248795000056 52.609354438000082)","Unfall 192449 (2019) Kat:3, Licht: 2","192449","3","2","5","02","05","4","0","2","1","1","0","0"
"POINT (13.401888709000048 52.587346292000063)","Unfall 192450 (2019) Kat:3, Licht: 0","192450","3","3","5","02","07","4","0","0","0","1","0","0"
"POINT (13.438261764000060 52.453460062000033)","Unfall 192451 (2019) Kat:2, Licht: 0","192451","2","1","0","02","11","3","0","0","0","0","0","1"
"POINT (13.419080242000064 52.397479195000074)","Unfall 192452 (2019) Kat:3, Licht: 0","192452","3","3","5","02","07","4","0","0","1","1","0","0"
"POINT (13.589460169000063 52.523279557000080)","Unfall 192453 (2019) Kat:3, Licht: 0","192453","3","3","5","02","11","5","0","0","0","1","0","0"
"POINT (13.409670308000045 52.481926527000041)","Unfall 192454 (2019) Kat:3, Licht: 0","192454","3","6","2","02","12","4","0","0","0","1","0","0"
"POINT (13.516977084000075 52.535638836000032)","Unfall 192455 (2019) Kat:3, Licht: 0","192455","3","3","0","02","13","4","0","0","0","1","0","0"
"POINT (13.395143319000056 52.496939211000040)","Unfall 192456 (2019) Kat:3, Licht: 0","192456","3","6","3","02","16","3","0","0","1","1","0","0"
"POINT (13.307299360000059 52.499949724000032)","Unfall 192457 (2019) Kat:3, Licht: 0","192457","3","2","6","02","10","4","0","0","0","1","1","0"
"POINT (13.425390276000030 52.479771051000057)","Unfall 192458 (2019) Kat:3, Licht: 0","192458","3","2","0","02","11","4","0","0","0","1","0","1"
"POINT (13.337308386000075 52.526527604000080)","Unfall 192459 (2019) Kat:3, Licht: 0","192459","3","5","1","02","11","4","0","0","1","1","0","0"
"POINT (13.222660461000032 52.540013610000074)","Unfall 192460 (2019) Kat:3, Licht: 0","192460","3","3","5","02","14","4","0","0","0","1","0","0"
"POINT (13.420458632000077 52.524784219000026)","Unfall 192461 (2019) Kat:2, Licht: 2","192461","2","7","0","02","18","2","0","2","0","0","0","1"
"POINT (13.346288772000037 52.524957423000046)","Unfall 192462 (2019) Kat:3, Licht: 0","192462","3","3","6","02","11","4","0","0","0","1","1","0"
"POINT (13.346145302000025 52.524975457000039)","Unfall 192463 (2019) Kat:3, Licht: 0","192463","3","2","5","02","13","4","0","0","1","1","0","0"
"POINT (13.445855770000037 52.486036619000060)","Unfall 192464 (2019) Kat:3, Licht: 0","192464","3","5","1","02","14","2","0","0","0","1","0","0"
"POINT (13.441214025000022 52.500570232000030)","Unfall 192465 (2019) Kat:3, Licht: 0","192465","3","6","3","02","14","4","0","0","1","1","0","0"
"POINT (13.334275165000065 52.507822872000077)","Unfall 192466 (2019) Kat:3, Licht: 0","192466","3","2","5","02","15","4","0","0","0","1","0","0"
"POINT (13.313485012000058 52.515306466000027)","Unfall 192467 (2019) Kat:3, Licht: 0","192467","3","1","0","02","10","4","0","0","0","0","0","1"
"POINT (13.327027819000023 52.536114708000071)","Unfall 192468 (2019) Kat:3, Licht: 0","192468","3","6","2","02","08","2","0","0","0","0","0","0"
"POINT (13.184812830000055 52.547575155000061)","Unfall 192469 (2019) Kat:2, Licht: 0","192469","2","3","5","02","16","4","0","0","0","1","0","0"
"POINT (13.344932544000073 52.490358691000040)","Unfall 192470 (2019) Kat:3, Licht: 1","192470","3","2","5","02","17","5","0","1","0","1","0","0"
"POINT (13.455499154000051 52.546204512000031)","Unfall 192471 (2019) Kat:2, Licht: 0","192471","2","4","6","02","17","4","0","0","0","1","1","0"
"POINT (13.433909784000036 52.443024427000068)","Unfall 192472 (2019) Kat:3, Licht: 1","192472","3","6","2","02","17","4","0","1","0","1","0","0"
"POINT (13.548083363000046 52.533976358000075)","Unfall 192473 (2019) Kat:3, Licht: 0","192473","3","7","0","02","07","2","0","0","1","0","0","0"
"POINT (13.435482591000039 52.545422635000079)","Unfall 192474 (2019) Kat:2, Licht: 1","192474","2","4","6","02","18","4","0","1","0","1","1","0"
"POINT (13.389461199000039 52.496014504000073)","Unfall 192475 (2019) Kat:3, Licht: 0","192475","3","2","5","02","12","3","0","0","0","1","0","0"
"POINT (13.309996024000043 52.466712554000026)","Unfall 192476 (2019) Kat:3, Licht: 2","192476","3","2","5","02","18","2","0","2","1","0","0","0"
"POINT (13.467634256000053 52.570699568000066)","Unfall 192477 (2019) Kat:3, Licht: 1","192477","3","5","1","02","17","2","0","1","1","0","0","0"
"POINT (13.313954253000077 52.506758734000073)","Unfall 192478 (2019) Kat:3, Licht: 0","192478","3","4","0","02","08","3","0","0","1","0","1","0"
"POINT (13.385416528000064 52.518983155000058)","Unfall 192479 (2019) Kat:3, Licht: 0","192479","3","7","5","02","10","3","0","0","0","1","0","0"
"POINT (13.397359314000028 52.565853752000066)","Unfall 192480 (2019) Kat:2, Licht: 0","192480","2","4","6","02","17","2","0","0","0","1","1","0"
"POINT (13.308435559000031 52.500224339000056)","Unfall 192481 (2019) Kat:3, Licht: 0","192481","3","5","1","02","16","3","0","0","1","1","0","0"
"POINT (13.165374460000066 52.551153561000035)","Unfall 192482 (2019) Kat:3, Licht: 0","192482","3","7","5","02","15","3","0","0","0","1","0","1"
"POINT (13.266541772000039 52.430570864000060)","Unfall 192483 (2019) Kat:3, Licht: 0","192483","3","2","0","02","16","2","0","0","1","0","0","0"
"POINT (13.453371929000070 52.558359406000079)","Unfall 192484 (2019) Kat:3, Licht: 0","192484","3","7","4","02","14","3","0","0","0","1","0","0"
"POINT (13.422835270000064 52.486877612000058)","Unfall 192485 (2019) Kat:3, Licht: 0","192485","3","6","2","02","12","4","0","0","0","1","0","0"
"POINT (13.305938804000050 52.554708238000046)","Unfall 192486 (2019) Kat:3, Licht: 0","192486","3","3","5","02","12","3","0","0","0","1","0","0"
"POINT (13.338532345000033 52.589956130000076)","Unfall 192487 (2019) Kat:3, Licht: 0","192487","3","3","5","02","11","3","0","0","0","1","0","0"
"POINT (13.394399524000050 52.484686143000033)","Unfall 192488 (2019) Kat:3, Licht: 0","192488","3","3","5","02","16","2","0","0","0","1","0","0"
"POINT (13.343979684000033 52.438616311000033)","Unfall 192489 (2019) Kat:3, Licht: 0","192489","3","6","2","02","10","3","0","0","0","1","0","0"
"POINT (13.505365404000031 52.563215947000060)","Unfall 192490 (2019) Kat:3, Licht: 0","192490","3","4","2","02","09","3","0","0","0","1","1","1"
"POINT (13.588190121000025 52.420936992000065)","Unfall 192491 (2019) Kat:3, Licht: 0","192491","3","1","0","02","09","3","0","0","1","0","0","0"
"POINT (13.305938804000050 52.554708238000046)","Unfall 192492 (2019) Kat:3, Licht: 0","192492","3","3","5","02","16","2","0","0","0","1","0","1"
"POINT (13.464286922000042 52.513704383000061)","Unfall 192493 (2019) Kat:3, Licht: 0","192493","3","7","5","02","08","3","0","0","1","1","0","0"
"POINT (13.333200032000036 52.560896141000057)","Unfall 192494 (2019) Kat:3, Licht: 0","192494","3","3","5","02","08","3","0","0","1","1","0","0"
"POINT (13.342715834000046 52.525315111000054)","Unfall 192495 (2019) Kat:3, Licht: 0","192495","3","2","5","02","08","3","0","0","1","1","0","0"
"POINT (13.291927065000039 52.575523573000055)","Unfall 192496 (2019) Kat:3, Licht: 0","192496","3","4","6","02","07","3","0","0","1","0","1","0"
"POINT (13.374824946000047 52.508652757000050)","Unfall 192497 (2019) Kat:3, Licht: 2","192497","3","7","0","02","22","3","0","2","1","0","0","0"
"POINT (13.431866195000055 52.466563588000042)","Unfall 192498 (2019) Kat:3, Licht: 2","192498","3","4","6","02","20","3","1","2","0","1","1","0"
"POINT (13.440014582000060 52.486942369000076)","Unfall 192499 (2019) Kat:3, Licht: 2","192499","3","2","5","02","18","3","0","2","1","1","0","0"
"POINT (13.232256856000049 52.437714751000044)","Unfall 192500 (2019) Kat:3, Licht: 0","192500","3","2","5","02","11","4","0","0","1","1","0","0"
"POINT (13.377985084000045 52.564510345000031)","Unfall 192501 (2019) Kat:3, Licht: 2","192501","3","6","3","02","17","3","0","2","1","1","0","0"
"POINT (13.418015344000025 52.515183995000029)","Unfall 192502 (2019) Kat:3, Licht: 2","192502","3","6","2","02","17","3","0","2","1","1","0","0"
"POINT (13.226440596000032 52.583251345000065)","Unfall 192503 (2019) Kat:3, Licht: 0","192503","3","7","0","02","15","2","0","0","0","0","0","0"
"POINT (13.315969546000076 52.529165549000027)","Unfall 192504 (2019) Kat:3, Licht: 1","192504","3","4","6","02","17","3","0","1","0","1","1","0"
"POINT (13.535341929000026 52.410687998000071)","Unfall 192505 (2019) Kat:3, Licht: 0","192505","3","2","5","02","14","2","0","0","0","1","0","0"
"POINT (13.431111226000041 52.478250327000069)","Unfall 192506 (2019) Kat:3, Licht: 0","192506","3","3","5","02","07","2","0","0","0","1","0","0"
"POINT (13.310931140000037 52.430730767000057)","Unfall 192507 (2019) Kat:3, Licht: 0","192507","3","6","2","02","15","2","0","0","0","1","0","0"
"POINT (13.435136949000025 52.508185748000074)","Unfall 192508 (2019) Kat:3, Licht: 2","192508","3","5","1","02","19","2","0","2","1","1","0","0"
"POINT (13.576693918000046 52.455193266000038)","Unfall 192509 (2019) Kat:2, Licht: 0","192509","2","4","6","02","13","2","0","0","1","0","1","0"
"POINT (13.351541252000061 52.505555136000055)","Unfall 192510 (2019) Kat:3, Licht: 2","192510","3","3","5","02","21","2","0","2","1","1","0","0"
"POINT (13.416821773000038 52.498947930000043)","Unfall 192511 (2019) Kat:3, Licht: 2","192511","3","6","3","02","19","2","0","2","0","1","0","1"
"POINT (13.569610433000037 52.442189217000077)","Unfall 192512 (2019) Kat:3, Licht: 2","192512","3","7","2","02","17","2","0","2","0","1","0","0"
"POINT (13.353764169000044 52.493906052000057)","Unfall 192513 (2019) Kat:3, Licht: 1","192513","3","4","6","02","17","2","0","1","1","0","1","0"
"POINT (13.388155320000067 52.489908820000039)","Unfall 192514 (2019) Kat:3, Licht: 0","192514","3","5","4","02","15","2","0","0","1","0","0","0"
"POINT (13.336800298000071 52.505224467000062)","Unfall 192515 (2019) Kat:2, Licht: 0","192515","2","6","0","02","17","2","0","0","0","1","0","0"
"POINT (13.425005711000040 52.481009687000039)","Unfall 192516 (2019) Kat:3, Licht: 0","192516","3","4","6","02","17","2","0","0","0","1","1","0"
"POINT (13.397113144000059 52.500345795000044)","Unfall 192517 (2019) Kat:2, Licht: 0","192517","2","3","5","02","09","4","0","0","0","1","0","0"
"POINT (13.378377333000060 52.565955405000068)","Unfall 192518 (2019) Kat:3, Licht: 0","192518","3","3","5","02","14","2","0","0","1","1","0","0"
"POINT (13.464595308000071 52.470212582000045)","Unfall 192519 (2019) Kat:3, Licht: 0","192519","3","3","5","02","14","2","0","0","0","1","0","0"
"POINT (13.591751823000038 52.536956026000041)","Unfall 192520 (2019) Kat:3, Licht: 0","192520","3","6","2","02","14","2","0","0","0","1","0","0"
"POINT (13.499681223000039 52.534593352000059)","Unfall 192521 (2019) Kat:3, Licht: 0","192521","3","3","5","02","12","2","0","0","1","0","0","0"
"POINT (13.516667548000044 52.535301946000061)","Unfall 192522 (2019) Kat:3, Licht: 0","192522","3","6","3","02","11","2","0","0","0","1","0","0"
"POINT (13.407173930000056 52.582563118000053)","Unfall 192523 (2019) Kat:3, Licht: 0","192523","3","5","0","02","11","2","0","0","1","1","0","0"
"POINT (13.188030246000039 52.555528627000058)","Unfall 192524 (2019) Kat:3, Licht: 0","192524","3","6","3","02","14","2","0","0","1","1","0","0"
"POINT (13.577553063000039 52.444658326000081)","Unfall 192525 (2019) Kat:2, Licht: 0","192525","2","1","0","02","11","2","0","0","1","0","0","0"
"POINT (13.354374287000041 52.546961457000066)","Unfall 192526 (2019) Kat:3, Licht: 0","192526","3","6","2","02","10","2","0","0","0","1","0","0"
"POINT (13.288787047000028 52.511832771000059)","Unfall 192527 (2019) Kat:2, Licht: 0","192527","2","4","6","02","08","2","0","0","0","1","1","0"
"POINT (13.462809330000027 52.432856957000070)","Unfall 192528 (2019) Kat:3, Licht: 0","192528","3","1","1","02","13","2","0","0","0","1","0","0"
"POINT (13.396040474000074 52.532431220000035)","Unfall 192529 (2019) Kat:3, Licht: 0","192529","3","3","5","02","17","2","0","0","0","1","0","1"
"POINT (13.354081916000041 52.487275011000065)","Unfall 192530 (2019) Kat:3, Licht: 0","192530","3","2","5","02","16","2","0","0","1","0","0","0"
"POINT (13.497290872000065 52.546602652000047)","Unfall 192531 (2019) Kat:2, Licht: 0","192531","2","4","6","02","13","2","0","0","0","1","1","0"
"POINT (13.434722430000022 52.613090329000045)","Unfall 192532 (2019) Kat:3, Licht: 0","192532","3","2","5","02","16","2","0","0","1","1","0","0"
"POINT (13.293831829000055 52.445586035000076)","Unfall 192533 (2019) Kat:3, Licht: 0","192533","3","2","5","02","16","2","0","0","0","1","0","0"
"POINT (13.319900651000069 52.575985139000068)","Unfall 192534 (2019) Kat:3, Licht: 0","192534","3","6","2","02","13","2","0","0","0","1","0","1"
"POINT (13.350208648000034 52.513685355000064)","Unfall 192535 (2019) Kat:3, Licht: 0","192535","3","2","3","02","15","2","0","0","0","1","0","1"
"POINT (13.289765404000036 52.470762613000034)","Unfall 192536 (2019) Kat:2, Licht: 0","192536","2","3","5","02","15","5","0","0","0","1","0","0"
"POINT (13.534253501000023 52.457255029000066)","Unfall 192537 (2019) Kat:3, Licht: 0","192537","3","3","5","02","14","2","0","0","1","1","0","0"
"POINT (13.341857611000023 52.525492576000033)","Unfall 192538 (2019) Kat:3, Licht: 0","192538","3","5","5","02","14","2","0","0","0","1","0","1"
"POINT (13.484220832000062 52.463136915000064)","Unfall 192539 (2019) Kat:3, Licht: 0","192539","3","4","6","02","10","2","0","0","0","1","1","0"
"POINT (13.440638102000037 52.540521297000055)","Unfall 192540 (2019) Kat:3, Licht: 2","192540","3","4","6","02","20","1","0","2","0","1","1","0"
"POINT (13.371220841000024 52.511112601000036)","Unfall 192541 (2019) Kat:3, Licht: 2","192541","3","2","5","02","23","5","0","2","0","1","0","0"
"POINT (13.343450515000029 52.484193206000043)","Unfall 192542 (2019) Kat:3, Licht: 0","192542","3","5","1","02","13","1","0","0","1","1","0","0"
"POINT (13.406012634000035 52.415619403000051)","Unfall 192543 (2019) Kat:3, Licht: 0","192543","3","6","2","02","14","1","0","0","0","1","0","0"
"POINT (13.406428435000066 52.587998258000027)","Unfall 192544 (2019) Kat:3, Licht: 0","192544","3","6","3","02","10","2","0","0","0","1","0","0"
"POINT (13.512013579000040 52.448783322000054)","Unfall 192545 (2019) Kat:3, Licht: 0","192545","3","6","3","02","09","1","0","0","1","0","0","0"
"POINT (13.199759806000031 52.534757459000048)","Unfall 192546 (2019) Kat:2, Licht: 2","192546","2","4","2","02","18","1","0","2","0","1","1","0"
"POINT (13.509675449000042 52.496296162000078)","Unfall 192547 (2019) Kat:3, Licht: 0","192547","3","2","6","02","10","2","0","0","0","1","1","0"
"POINT (13.316622304000077 52.470021907000046)","Unfall 192548 (2019) Kat:3, Licht: 0","192548","3","5","1","02","16","1","0","0","1","1","0","0"
"POINT (13.386468937000075 52.505310757000075)","Unfall 192549 (2019) Kat:2, Licht: 2","192549","2","2","6","02","21","1","0","2","0","1","1","0"
"POINT (13.388048894000065 52.521568632000026)","Unfall 192550 (2019) Kat:3, Licht: 0","192550","3","7","0","02","09","2","0","0","0","1","0","1"
"POINT (13.440628438000033 52.517076463000080)","Unfall 192551 (2019) Kat:2, Licht: 2","192551","2","2","5","02","21","1","0","2","0","1","0","1"
"POINT (13.468870771000070 52.531346684000027)","Unfall 192552 (2019) Kat:3, Licht: 0","192552","3","2","5","02","13","4","0","0","1","1","0","0"
"POINT (13.401215300000047 52.511157482000044)","Unfall 192553 (2019) Kat:3, Licht: 1","192553","3","2","5","02","17","1","0","1","1","1","0","0"
"POINT (13.580273453000075 52.443259727000054)","Unfall 192554 (2019) Kat:3, Licht: 0","192554","3","4","6","02","15","1","0","0","1","0","1","0"
"POINT (13.307886042000064 52.488652158000036)","Unfall 192555 (2019) Kat:3, Licht: 0","192555","3","7","5","02","09","2","0","0","0","1","0","0"
"POINT (13.384159120000049 52.556040971000073)","Unfall 192556 (2019) Kat:3, Licht: 0","192556","3","2","6","02","15","1","0","0","0","1","1","0"
"POINT (13.444783429000040 52.499594820000027)","Unfall 192557 (2019) Kat:3, Licht: 0","192557","3","6","2","02","15","1","0","0","1","1","0","0"
"POINT (13.475966388000074 52.533076380000068)","Unfall 192558 (2019) Kat:3, Licht: 0","192558","3","3","5","02","14","1","0","0","0","1","0","0"
"POINT (13.295345264000048 52.610400561000063)","Unfall 192559 (2019) Kat:3, Licht: 0","192559","3","6","2","02","08","2","0","0","0","1","0","0"
"POINT (13.356234548000032 52.542045368000061)","Unfall 192560 (2019) Kat:3, Licht: 0","192560","3","1","2","02","14","1","0","0","1","1","0","0"
"POINT (13.294873973000051 52.539628909000044)","Unfall 192561 (2019) Kat:3, Licht: 2","192561","3","1","9","02","03","1","0","2","0","1","0","0"
"POINT (13.432953328000053 52.505333778000079)","Unfall 192562 (2019) Kat:3, Licht: 0","192562","3","5","1","02","14","1","0","0","0","1","0","0"
"POINT (13.416706566000073 52.521870450000051)","Unfall 192563 (2019) Kat:3, Licht: 2","192563","3","2","5","02","22","2","0","2","1","1","0","0"
"POINT (13.396255231000055 52.517591828000036)","Unfall 192564 (2019) Kat:2, Licht: 2","192564","2","2","5","02","18","1","0","2","1","1","0","0"
"POINT (13.345326247000060 52.484588551000058)","Unfall 192565 (2019) Kat:2, Licht: 2","192565","2","2","5","02","21","1","0","2","0","1","0","0"
"POINT (13.577495141000043 52.547786497000061)","Unfall 192566 (2019) Kat:2, Licht: 0","192566","2","2","5","02","15","1","0","0","0","1","0","0"