WKT,Name,OBJECTID,UKATEGORIE,UTYP1,UART,UMONAT,USTUNDE,UWOCHENTAG,STRZUSTAND,ULICHTVERH,ISTRAD,ISTPKW,ISTFUSS,ISTKRAD
"POINT (13.377084196000055 52.560950172000048)","Unfall 192567 (2019) Kat:3, Licht: 2","192567","3","6","2","02","05","2","0","2","0","1","0","0"
"POINT (13.385007601000041 52.484973807000074)","Unfall 192568 (2019) Kat:3, Licht: 0","192568","3","5","1","02","08","1","0","0","0","1","0","0"
"POINT (13.197873473000072 52.435077746000047)","Unfall 192569 (2019) Kat:3, Licht: 0","192569","3","3","5","02","08","4","0","0","1","1","0","0"
"POINT (13.513919235000060 52.576229844000068)","Unfall 192570 (2019) Kat:3, Licht: 0","192570","3","2","5","02","10","7","0","0","0","1","0","1"
"POINT (13.367745630000059 52.525831359000051)","Unfall 192571 (2019) Kat:3, Licht: 2","192571","3","4","6","02","02","7","0","2","0","1","1","0"
"POINT (13.585382063000054 52.427846889000079)","Unfall 192572 (2019) Kat:3, Licht: 1","192572","3","6","2","02","06","2","0","1","0","1","0","0"
"POINT (13.331553398000040 52.505126699000073)","Unfall 192573 (2019) Kat:3, Licht: 2","192573","3","3","5","02","22","7","0","2","1","1","0","0"
"POINT (13.426015203000077 52.503708066000058)","Unfall 192574 (2019) Kat:3, Licht: 2","192574","3","6","3","02","21","7","0","2","1","1","0","0"
"POINT (13.309261171000060 52.507873021000080)","Unfall 192575 (2019) Kat:3, Licht: 2","192575","3","5","1","02","18","7","0","2","0","1","0","0"
"POINT (13.329760071000067 52.568522383000072)","Unfall 192576 (2019) Kat:3, Licht: 0","192576","3","6","3","02","07","2","0","0","0","1","0","0"
"POINT (13.588739219000047 52.539324034000060)","Unfall 192577 (2019) Kat:3, Licht: 1","192577","3","3","5","02","17","7","0","1","0","1","0","0"
"POINT (13.343560460000049 52.501518764000082)","Unfall 192578 (2019) Kat:3, Licht: 0","192578","3","2","5","02","11","7","0","0","1","1","0","0"
"POINT (13.474029468000026 52.609981777000030)","Unfall 192579 (2019) Kat:3, Licht: 0","192579","3","3","5","02","09","7","0","0","0","1","0","0"
"POINT (13.188907397000037 52.557920467000031)","Unfall 192580 (2019) Kat:3, Licht: 0","192580","3","7","0","02","16","7","0","0","0","1","0","0"
"POINT (13.322456768000052 52.567511762000038)","Unfall 192581 (2019) Kat:3, Licht: 2","192581","3","5","1","02","20","2","0","2","0","1","0","0"
"POINT (13.330351308000047 52.505310137000038)","Unfall 192582 (2019) Kat:3, Licht: 0","192582","3","4","6","02","15","7","0","0","0","1","1","0"
"POINT (13.442809146000059 52.465062358000068)","Unfall 192583 (2019) Kat:3, Licht: 0","192583","3","2","5","02","14","7","0","0","1","1","0","0"
"POINT (13.400118827000028 52.494494703000044)","Unfall 192584 (2019) Kat:3, Licht: 0","192584","3","6","2","02","14","7","0","0","0","1","0","0"
"POINT (13.480021796000074 52.553274723000072)","Unfall 192585 (2019) Kat:3, Licht: 0","192585","3","2","5","02","07","4","0","0","1","1","0","0"
"POINT (13.313162298000066 52.490170621000061)","Unfall 192586 (2019) Kat:2, Licht: 0","192586","2","7","6","02","13","7","0","0","0","1","1","0"
"POINT (13.377549433000070 52.483385726000051)","Unfall 192587 (2019) Kat:3, Licht: 0","192587","3","4","6","02","13","7","0","0","0","1","1","0"
"POINT (13.543326459000070 52.533186960000080)","Unfall 192588 (2019) Kat:3, Licht: 2","192588","3","7","6","02","19","2","0","2","0","1","1","0"
"POINT (13.378161292000073 52.407696937000026)","Unfall 192589 (2019) Kat:3, Licht: 0","192589","3","6","2","02","13","7","0","0","0","1","0","0"
"POINT (13.382088364000026 52.519110779000073)","Unfall 192590 (2019) Kat:2, Licht: 2","192590","2","3","5","02","20","6","0","2","1","1","0","0"
"POINT (13.205924959000072 52.539518468000040)","Unfall 192591 (2019) Kat:3, Licht: 2","192591","3","6","2","02","19","6","0","2","0","1","0","0"
"POINT (13.306270266000070 52.620035156000029)","Unfall 192592 (2019) Kat:3, Licht: 0","192592","3","5","1","02","07","2","0","0","1","1","0","0"
"POINT (13.420530048000046 52.548647782000046)","Unfall 192593 (2019) Kat:3, Licht: 2","192593","3","4","6","02","21","6","0","2","1","0","1","0"
"POINT (13.198807647000024 52.553251058000058)","Unfall 192594 (2019) Kat:2, Licht: 0","192594","2","7","1","02","10","5","0","0","0","1","0","0"
"POINT (13.281934883000076 52.533829130000072)","Unfall 192595 (2019) Kat:3, Licht: 2","192595","3","6","2","02","20","6","0","2","0","1","0","1"
"POINT (13.351377838000076 52.596429822000061)","Unfall 192596 (2019) Kat:3, Licht: 2","192596","3","6","2","02","18","6","0","2","0","1","0","0"
"POINT (13.569699260000050 52.517014660000029)","Unfall 192597 (2019) Kat:2, Licht: 2","192597","2","1","9","02","21","2","0","2","0","0","0","1"
"POINT (13.593067440000027 52.432746098000052)","Unfall 192598 (2019) Kat:3, Licht: 0","192598","3","3","5","02","08","6","0","0","0","1","0","0"
"POINT (13.340182919000029 52.503845007000052)","Unfall 192599 (2019) Kat:3, Licht: 0","192599","3","5","1","02","08","6","0","0","0","1","0","1"
"POINT (13.447159414000055 52.483868118000032)","Unfall 192600 (2019) Kat:3, Licht: 0","192600","3","4","6","02","08","6","0","0","0","1","1","0"
"POINT (13.331030862000034 52.489272703000040)","Unfall 192601 (2019) Kat:3, Licht: 0","192601","3","2","5","02","07","6","0","0","1","1","0","0"
"POINT (13.334464787000059 52.468240731000037)","Unfall 192602 (2019) Kat:3, Licht: 0","192602","3","1","0","02","07","2","0","0","0","0","0","1"
"POINT (13.335770636000063 52.520432151000080)","Unfall 192603 (2019) Kat:2, Licht: 0","192603","2","2","6","02","15","6","0","0","0","1","1","0"
"POINT (13.341341580000062 52.588386724000031)","Unfall 192604 (2019) Kat:3, Licht: 0","192604","3","6","2","02","15","6","0","0","0","1","0","0"
"POINT (13.397360640000045 52.580031829000063)","Unfall 192605 (2019) Kat:3, Licht: 0","192605","3","3","5","02","08","2","0","0","1","1","0","0"
"POINT (13.373937803000047 52.511510144000056)","Unfall 192606 (2019) Kat:3, Licht: 0","192606","3","5","1","02","15","6","0","0","1","1","0","0"
"POINT (13.456541322000021 52.487138740000034)","Unfall 192607 (2019) Kat:2, Licht: 0","192607","2","7","2","02","16","6","0","0","1","1","0","0"
"POINT (13.361079959000051 52.555378416000053)","Unfall 192608 (2019) Kat:2, Licht: 0","192608","2","7","2","02","07","6","0","0","1","0","0","0"
"POINT (13.326123205000044 52.538314191000040)","Unfall 192609 (2019) Kat:3, Licht: 0","192609","3","6","2","02","16","1","0","0","0","1","0","0"
"POINT (13.587272586000040 52.522391450000043)","Unfall 192610 (2019) Kat:3, Licht: 0","192610","3","6","3","02","07","6","0","0","0","1","0","0"
"POINT (13.473044452000067 52.536422002000052)","Unfall 192611 (2019) Kat:3, Licht: 1","192611","3","6","2","02","18","5","0","1","0","1","0","0"
"POINT (13.433852739000031 52.489814342000045)","Unfall 192612 (2019) Kat:3, Licht: 0","192612","3","2","6","02","07","6","0","0","0","1","1","0"
"POINT (13.389900780000062 52.453114269000082)","Unfall 192613 (2019) Kat:3, Licht: 1","192613","3","3","5","02","07","6","0","1","1","1","0","0"
"POINT (13.393054209000070 52.412638059000074)","Unfall 192614 (2019) Kat:3, Licht: 0","192614","3","7","0","02","16","1","0","0","0","0","1","0"
"POINT (13.377140254000039 52.512077032000036)","Unfall 192615 (2019) Kat:3, Licht: 0","192615","3","6","2","02","06","6","0","0","0","1","0","0"
"POINT (13.376713735000067 52.489484623000067)","Unfall 192616 (2019) Kat:2, Licht: 2","192616","2","2","5","02","05","6","0","2","1","1","0","0"
"POINT (13.550160177000066 52.438672475000033)","Unfall 192617 (2019) Kat:3, Licht: 0","192617","3","6","2","02","16","1","0","0","0","1","0","0"
"POINT (13.519178879000037 52.472863796000070)","Unfall 192618 (2019) Kat:2, Licht: 2","192618","2","6","3","02","05","6","0","2","0","1","0","0"
"POINT (13.452257833000033 52.557864148000078)","Unfall 192619 (2019) Kat:3, Licht: 0","192619","3","4","6","02","16","6","0","0","0","1","1","0"
"POINT (13.455074414000023 52.435267941000063)","Unfall 192620 (2019) Kat:3, Licht: 0","192620","3","5","1","02","16","1","0","0","0","1","0","0"
"POINT (13.417519425000023 52.568615177000027)","Unfall 192621 (2019) Kat:2, Licht: 1","192621","2","6","2","02","16","6","0","1","0","1","0","0"
"POINT (13.417187482000031 52.417774345000055)","Unfall 192622 (2019) Kat:3, Licht: 1","192622","3","1","1","02","17","6","0","1","0","1","0","0"
"POINT (13.389348470000073 52.496108411000080)","Unfall 192623 (2019) Kat:3, Licht: 0","192623","3","3","2","02","08","6","0","0","1","1","0","0"
"POINT (13.415206094000041 52.520912129000067)","Unfall 192624 (2019) Kat:3, Licht: 0","192624","3","7","5","02","16","1","0","0","0","1","0","0"
"POINT (13.397820585000034 52.495281277000061)","Unfall 192625 (2019) Kat:3, Licht: 0","192625","3","2","5","02","08","6","0","0","1","1","0","0"
"POINT (13.425188462000051 52.552730310000072)","Unfall 192626 (2019) Kat:3, Licht: 0","192626","3","6","3","02","14","4","0","0","0","1","0","0"
"POINT (13.290252537000072 52.444503773000065)","Unfall 192627 (2019) Kat:3, Licht: 1","192627","3","2","5","02","18","6","0","1","0","1","0","0"
"POINT (13.410234559000060 52.529763208000077)","Unfall 192628 (2019) Kat:3, Licht: 1","192628","3","4","6","02","18","6","0","1","0","1","1","0"
"POINT (13.324678488000075 52.499101241000062)","Unfall 192629 (2019) Kat:3, Licht: 1","192629","3","7","5","02","17","1","0","1","1","1","0","0"
"POINT (13.567856140000060 52.454192519000060)","Unfall 192630 (2019) Kat:3, Licht: 0","192630","3","6","3","02","09","6","0","0","1","0","0","0"
"POINT (13.442269916000043 52.456557169000064)","Unfall 192631 (2019) Kat:3, Licht: 2","192631","3","3","5","02","18","6","0","2","0","1","0","0"
"POINT (13.232643700000040 52.539439907000030)","Unfall 192632 (2019) Kat:3, Licht: 0","192632","3","2","5","02","15","6","0","0","1","1","0","0"
"POINT (13.292725971000038 52.534274405000076)","Unfall 192633 (2019) Kat:3, Licht: 2","192633","3","7","2","02","17","1","0","2","0","1","0","0"
"POINT (13.489665442000046 52.512274687000058)","Unfall 192634 (2019) Kat:3, Licht: 0","192634","3","3","5","02","10","6","0","0","0","1","0","0"
"POINT (13.317391245000067 52.517482958000073)","Unfall 192635 (2019) Kat:3, Licht: 0","192635","3","4","6","02","07","4","0","0","0","1","1","0"
"POINT (13.387980623000033 52.492984156000034)","Unfall 192636 (2019) Kat:3, Licht: 2","192636","3","3","5","03","23","2","1","2","0","1","0","0"
"POINT (13.562174015000039 52.437233491000029)","Unfall 192637 (2019) Kat:3, Licht: 0","192637","3","2","6","03","17","5","1","0","0","1","1","0"
"POINT (13.345170220000057 52.491209203000039)","Unfall 192638 (2019) Kat:3, Licht: 0","192638","3","2","5","03","08","2","1","0","0","1","0","0"
"POINT (13.366149333000067 52.572379496000053)","Unfall 192639 (2019) Kat:3, Licht: 2","192639","3","1","9","03","22","2","1","2","0","1","0","0"
"POINT (13.205060998000022 52.424541316000045)","Unfall 192640 (2019) Kat:2, Licht: 0","192640","2","3","5","03","16","5","1","0","1","1","0","0"
"POINT (13.333410715000070 52.505791707000071)","Unfall 192641 (2019) Kat:3, Licht: 0","192641","3","5","1","03","08","2","1","0","1","1","0","0"
"POINT (13.461000644000023 52.545474846000047)","Unfall 192642 (2019) Kat:3, Licht: 2","192642","3","1","1","03","05","1","0","2","0","1","0","0"
"POINT (13.467533211000045 52.547001911000052)","Unfall 192643 (2019) Kat:3, Licht: 2","192643","3","6","2","03","05","1","0","2","0","1","0","0"
"POINT (13.291631953000035 52.592497464000076)","Unfall 192644 (2019) Kat:3, Licht: 1","192644","3","3","5","03","16","5","1","1","1","1","0","0"
"POINT (13.450474789000054 52.489185253000073)","Unfall 192645 (2019) Kat:3, Licht: 2","192645","3","2","6","03","20","1","1","2","0","1","1","0"
"POINT (13.387617722000073 52.493054319000066)","Unfall 192646 (2019) Kat:3, Licht: 2","192646","3","3","5","03","19","5","1","2","1","1","0","0"
"POINT (13.345990992000054 52.496956406000038)","Unfall 192647 (2019) Kat:3, Licht: 2","192647","3","2","5","03","19","1","1","2","1","1","0","0"
"POINT (13.457070764000036 52.502991903000066)","Unfall 192648 (2019) Kat:3, Licht: 2","192648","3","2","5","03","20","1","1","2","1","1","0","0"
"POINT (13.509444151000025 52.496333206000031)","Unfall 192649 (2019) Kat:3, Licht: 1","192649","3","2","6","03","18","1","1","1","0","1","1","0"
"POINT (13.412033657000052 52.488531548000026)","Unfall 192650 (2019) Kat:2, Licht: 2","192650","2","7","5","03","20","1","1","2","0","1","0","0"
"POINT (13.330644830000040 52.562465043000032)","Unfall 192651 (2019) Kat:3, Licht: 2","192651","3","3","5","03","19","1","1","2","0","1","0","0"
"POINT (13.591547501000036 52.544729401000041)","Unfall 192652 (2019) Kat:2, Licht: 2","192652","2","2","6","03","18","1","1","2","0","1","1","0"
"POINT (13.320078753000075 52.505821249000064)","Unfall 192653 (2019) Kat:3, Licht: 2","192653","3","2","6","03","18","1","1","2","0","1","1","0"
"POINT (13.203444103000038 52.587101232000066)","Unfall 192654 (2019) Kat:2, Licht: 0","192654","2","1","9","03","08","1","1","0","0","1","0","0"
"POINT (13.400136294000049 52.509532914000033)","Unfall 192655 (2019) Kat:3, Licht: 0","192655","3","2","5","03","16","5","1","0","1","0","0","0"
"POINT (13.443888663000052 52.479755819000047)","Unfall 192656 (2019) Kat:3, Licht: 1","192656","3","6","2","03","17","1","1","1","0","1","0","0"
"POINT (13.555324182000049 52.497882286000049)","Unfall 192657 (2019) Kat:3, Licht: 0","192657","3","3","5","03","16","5","1","0","1","1","0","0"
"POINT (13.392924138000069 52.537252541000043)","Unfall 192658 (2019) Kat:3, Licht: 0","192658","3","1","0","03","14","1","1","0","0","0","0","1"
"POINT (13.358220915000061 52.421387987000060)","Unfall 192659 (2019) Kat:3, Licht: 0","192659","3","7","5","03","14","1","1","0","0","1","0","0"
"POINT (13.346400529000050 52.501188057000036)","Unfall 192660 (2019) Kat:3, Licht: 0","192660","3","6","2","03","12","1","1","0","0","1","0","0"
"POINT (13.479718384000023 52.523845479000045)","Unfall 192661 (2019) Kat:3, Licht: 0","192661","3","2","5","03","15","5","1","0","1","1","0","0"
"POINT (13.360844496000027 52.523824413000057)","Unfall 192662 (2019) Kat:3, Licht: 0","192662","3","2","5","03","12","1","1","0","1","1","0","0"
"POINT (13.348979724000060 52.514796653000076)","Unfall 192663 (2019) Kat:3, Licht: 2","192663","3","3","5","03","19","5","1","2","0","1","0","1"
"POINT (13.364550424000072 52.562693012000068)","Unfall 192664 (2019) Kat:3, Licht: 0","192664","3","2","5","03","12","1","1","0","0","1","0","0"
"POINT (13.431334631000027 52.467883626000059)","Unfall 192665 (2019) Kat:3, Licht: 2","192665","3","3","5","03","20","7","1","2","1","1","0","0"
"POINT (13.401875613000072 52.587344985000072)","Unfall 192666 (2019) Kat:3, Licht: 0","192666","3","3","5","03","15","5","1","0","0","1","0","0"
"POINT (13.479574622000030 52.643680085000028)","Unfall 192667 (2019) Kat:2, Licht: 0","192667","2","2","5","03","14","7","1","0","0","1","0","0"
"POINT (13.200445260000038 52.536766092000050)","Unfall 192668 (2019) Kat:3, Licht: 0","192668","3","6","0","03","15","7","1","0","0","1","0","1"
"POINT (13.295213561000025 52.576401782000062)","Unfall 192669 (2019) Kat:3, Licht: 2","192669","3","4","6","03","20","5","1","2","0","0","1","1"
"POINT (13.231517876000055 52.527740846000029)","Unfall 192670 (2019) Kat:2, Licht: 0","192670","2","5","1","03","08","7","1","0","0","1","0","1"
"POINT (13.460258251000027 52.435327608000080)","Unfall 192671 (2019) Kat:3, Licht: 0","192671","3","3","5","03","16","7","1","0","0","1","0","0"
"POINT (13.296579636000047 52.597741647000078)","Unfall 192672 (2019) Kat:3, Licht: 1","192672","3","4","6","03","17","7","0","1","0","1","1","0"
"POINT (13.303840330000071 52.499366324000050)","Unfall 192673 (2019) Kat:3, Licht: 2","192673","3","2","5","03","20","5","1","2","1","1","0","0"
"POINT (13.370759355000075 52.408308896000051)","Unfall 192674 (2019) Kat:3, Licht: 1","192674","3","7","5","03","17","7","1","1","0","1","0","0"
"POINT (13.198496282000065 52.542782928000065)","Unfall 192675 (2019) Kat:2, Licht: 2","192675","2","7","5","03","20","5","1","2","0","1","0","0"
"POINT (13.360696826000037 52.570310311000071)","Unfall 192676 (2019) Kat:3, Licht: 2","192676","3","2","6","03","19","7","1","2","0","1","1","0"
"POINT (13.383332595000070 52.455816914000081)","Unfall 192677 (2019) Kat:3, Licht: 0","192677","3","7","2","03","13","7","0","0","0","1","0","0"
"POINT (13.304622406000021 52.503601765000042)","Unfall 192678 (2019) Kat:3, Licht: 2","192678","3","2","6","03","22","5","1","2","0","1","1","0"
"POINT (13.363169841000058 52.566247305000047)","Unfall 192679 (2019) Kat:3, Licht: 2","192679","3","5","1","03","23","5","1","2","1","1","0","0"
"POINT (13.305528718000062 52.502410676000068)","Unfall 192680 (2019) Kat:3, Licht: 0","192680","3","6","3","03","12","7","0","0","0","1","0","0"
"POINT (13.258219508000025 52.435410632000071)","Unfall 192681 (2019) Kat:3, Licht: 0","192681","3","3","5","03","09","7","1","0","0","1","0","0"
"POINT (13.328237354000066 52.564765202000046)","Unfall 192682 (2019) Kat:3, Licht: 0","192682","3","6","2","03","16","5","1","0","0","1","0","0"
"POINT (13.353874716000064 52.562090482000031)","Unfall 192683 (2019) Kat:3, Licht: 0","192683","3","2","5","03","09","7","0","0","0","1","0","0"
"POINT (13.587371603000065 52.549280101000079)","Unfall 192684 (2019) Kat:3, Licht: 0","192684","3","4","6","03","15","7","1","0","1","0","1","0"
"POINT (13.470943932000068 52.466049302000044)","Unfall 192685 (2019) Kat:3, Licht: 0","192685","3","7","5","03","14","5","1","0","0","1","0","0"
"POINT (13.386489095000059 52.490075854000054)","Unfall 192686 (2019) Kat:3, Licht: 2","192686","3","2","5","03","02","7","0","2","0","1","0","0"
"POINT (13.394556789000035 52.505875945000071)","Unfall 192687 (2019) Kat:2, Licht: 2","192687","2","4","6","03","19","7","1","2","0","1","1","0"
"POINT (13.475633928000036 52.456353844000034)","Unfall 192688 (2019) Kat:3, Licht: 0","192688","3","6","2","03","15","5","1","0","0","1","0","0"
"POINT (13.309514160000049 52.431469765000031)","Unfall 192689 (2019) Kat:2, Licht: 2","192689","2","2","5","03","19","7","1","2","1","1","0","0"
"POINT (13.531004129000053 52.415579765000075)","Unfall 192690 (2019) Kat:3, Licht: 1","192690","3","2","5","03","16","5","1","1","0","1","0","0"
"POINT (13.347423117000062 52.596223669000040)","Unfall 192691 (2019) Kat:3, Licht: 2","192691","3","2","6","03","19","7","1","2","0","1","1","0"
"POINT (13.308176731000060 52.477851264000037)","Unfall 192692 (2019) Kat:3, Licht: 2","192692","3","2","5","03","19","7","1","2","0","1","0","0"
"POINT (13.337113239000075 52.494065320000061)","Unfall 192693 (2019) Kat:2, Licht: 2","192693","2","1","9","03","23","5","1","2","0","1","0","0"
"POINT (13.346494038000060 52.450038410000047)","Unfall 192694 (2019) Kat:3, Licht: 2","192694","3","2","6","03","19","7","1","2","0","1","1","0"
"POINT (13.429589437000061 52.470290546000058)","Unfall 192695 (2019) Kat:3, Licht: 2","192695","3","3","5","03","20","7","1","2","1","1","0","0"
"POINT (13.562075149000066 52.437630151000064)","Unfall 192696 (2019) Kat:3, Licht: 2","192696","3","1","8","03","20","7","1","2","0","1","0","0"
"POINT (13.432819249000033 52.464814241000056)","Unfall 192697 (2019) Kat:3, Licht: 1","192697","3","2","6","03","18","5","0","1","0","1","1","0"
"POINT (13.433627796000053 52.445333083000037)","Unfall 192698 (2019) Kat:3, Licht: 0","192698","3","2","5","03","10","7","0","0","0","1","0","0"
"POINT (13.526979297000025 52.437663182000051)","Unfall 192699 (2019) Kat:3, Licht: 2","192699","3","3","5","03","20","7","1","2","0","1","0","0"
"POINT (13.437179286000060 52.456083482000054)","Unfall 192700 (2019) Kat:2, Licht: 2","192700","2","4","6","03","21","7","1","2","0","1","1","0"
"POINT (13.391316548000077 52.536229124000045)","Unfall 192701 (2019) Kat:3, Licht: 2","192701","3","1","0","03","18","5","1","2","0","0","0","1"
"POINT (13.330774807000068 52.500551963000078)","Unfall 192702 (2019) Kat:3, Licht: 2","192702","3","3","5","03","22","7","1","2","0","1","0","0"
"POINT (13.435527302000025 52.469084201000044)","Unfall 192703 (2019) Kat:3, Licht: 2","192703","3","3","5","03","23","7","1","2","0","1","0","0"
"POINT (13.452377436000063 52.472788073000061)","Unfall 192704 (2019) Kat:3, Licht: 0","192704","3","3","5","03","11","6","1","0","0","1","0","0"
"POINT (13.398650543000031 52.386498423000035)","Unfall 192705 (2019) Kat:3, Licht: 0","192705","3","3","5","03","13","5","0","0","1","1","0","0"
"POINT (13.376080456000068 52.553691714000081)","Unfall 192706 (2019) Kat:2, Licht: 2","192706","2","4","6","03","23","6","0","2","0","1","1","0"
"POINT (13.587374967000073 52.468587425000067)","Unfall 192707 (2019) Kat:3, Licht: 2","192707","3","1","9","03","01","5","1","2","0","1","0","0"
"POINT (13.409691468000062 52.547438170000078)","Unfall 192708 (2019) Kat:3, Licht: 2","192708","3","4","6","03","23","6","0","2","0","1","1","0"
"POINT (13.390634838000040 52.506026613000074)","Unfall 192709 (2019) Kat:3, Licht: 0","192709","3","6","2","03","17","6","0","0","1","1","0","0"
"POINT (13.506579535000071 52.637839548000045)","Unfall 192710 (2019) Kat:2, Licht: 0","192710","2","4","6","03","06","5","1","0","0","1","1","0"
"POINT (13.510297536000053 52.464066215000059)","Unfall 192711 (2019) Kat:2, Licht: 0","192711","2","1","1","03","17","6","0","0","0","1","0","0"
"POINT (13.404645227000060 52.572282713000050)","Unfall 192712 (2019) Kat:2, Licht: 0","192712","2","4","6","03","16","6","0","0","0","1","1","0"
"POINT (13.427027450000026 52.552206595000030)","Unfall 192713 (2019) Kat:3, Licht: 0","192713","3","3","5","03","14","6","1","0","0","1","0","0"
"POINT (13.452407175000076 52.481192553000028)","Unfall 192714 (2019) Kat:3, Licht: 0","192714","3","3","5","03","13","5","1","0","0","1","0","0"
"POINT (13.410973211000055 52.503910950000034)","Unfall 192715 (2019) Kat:3, Licht: 0","192715","3","3","5","03","08","6","0","0","1","1","0","0"
"POINT (13.490572324000027 52.472169113000064)","Unfall 192716 (2019) Kat:3, Licht: 2","192716","3","6","3","03","19","5","1","2","1","0","0","0"
"POINT (13.293958277000058 52.484140788000047)","Unfall 192717 (2019) Kat:3, Licht: 2","192717","3","3","0","03","05","5","1","2","0","1","0","1"
"POINT (13.384921191000046 52.555978526000047)","Unfall 192718 (2019) Kat:3, Licht: 0","192718","3","6","2","03","17","5","1","0","0","1","0","0"
"POINT (13.330374659000029 52.495388164000076)","Unfall 192719 (2019) Kat:2, Licht: 0","192719","2","2","5","03","06","5","1","0","1","1","0","0"
"POINT (13.502625659000046 52.480802790000041)","Unfall 192720 (2019) Kat:3, Licht: 0","192720","3","3","5","03","07","5","1","0","0","1","0","0"
"POINT (13.479483445000028 52.410390018000044)","Unfall 192721 (2019) Kat:2, Licht: 0","192721","2","3","5","03","08","5","1","0","1","1","0","0"
"POINT (13.275494653000067 52.450628469000037)","Unfall 192722 (2019) Kat:3, Licht: 2","192722","3","7","6","03","22","5","1","2","0","1","1","0"
"POINT (13.417684474000055 52.499272743000063)","Unfall 192723 (2019) Kat:3, Licht: 2","192723","3","3","5","03","23","5","0","2","1","1","0","0"
"POINT (13.419839037000031 52.501129640000045)","Unfall 192724 (2019) Kat:3, Licht: 2","192724","3","5","1","03","20","5","1","2","1","1","0","0"
"POINT (13.441278189000059 52.568559196000081)","Unfall 192725 (2019) Kat:3, Licht: 0","192725","3","3","5","03","13","5","1","0","0","1","0","0"
"POINT (13.609910538000065 52.533934941000041)","Unfall 192726 (2019) Kat:3, Licht: 2","192726","3","3","5","03","20","5","0","2","0","1","0","0"
"POINT (13.425444809000055 52.479601121000030)","Unfall 192727 (2019) Kat:3, Licht: 2","192727","3","5","2","03","19","5","0","2","1","1","0","0"
"POINT (13.570441524000046 52.473524587000043)","Unfall 192728 (2019) Kat:3, Licht: 0","192728","3","3","5","03","08","5","1","0","1","1","0","0"
"POINT (13.348507518000076 52.434942418000048)","Unfall 192729 (2019) Kat:3, Licht: 1","192729","3","2","6","03","18","5","0","1","0","1","1","0"
"POINT (13.386118256000032 52.484869200000048)","Unfall 192730 (2019) Kat:3, Licht: 2","192730","3","2","5","03","18","5","1","2","1","1","0","0"
"POINT (13.416622210000071 52.502077357000076)","Unfall 192731 (2019) Kat:3, Licht: 0","192731","3","6","2","03","18","5","1","0","1","1","0","0"
"POINT (13.282658589000050 52.432899136000060)","Unfall 192732 (2019) Kat:3, Licht: 0","192732","3","5","1","03","08","5","1","0","1","1","0","0"
"POINT (13.326810641000066 52.564412466000078)","Unfall 192733 (2019) Kat:3, Licht: 0","192733","3","6","3","03","17","5","1","0","0","1","0","0"
"POINT (13.431886703000032 52.505653997000081)","Unfall 192734 (2019) Kat:3, Licht: 1","192734","3","3","5","03","17","5","1","1","0","1","0","1"
"POINT (13.307231965000028 52.506617892000065)","Unfall 192735 (2019) Kat:3, Licht: 0","192735","3","6","2","03","17","5","0","0","0","1","0","0"
"POINT (13.420202796000069 52.499022785000079)","Unfall 192736 (2019) Kat:3, Licht: 0","192736","3","4","6","03","17","5","1","0","1","0","1","0"
"POINT (13.345036244000028 52.539116606000050)","Unfall 192737 (2019) Kat:3, Licht: 0","192737","3","2","5","03","12","5","1","0","0","1","0","0"
"POINT (13.571334362000073 52.444725569000070)","Unfall 192738 (2019) Kat:3, Licht: 0","192738","3","1","2","03","17","5","0","0","0","1","0","0"
"POINT (13.505501168000023 52.636870293000072)","Unfall 192739 (2019) Kat:3, Licht: 0","192739","3","3","0","03","16","5","1","0","0","1","0","1"
"POINT (13.333767812000076 52.526958779000040)","Unfall 192740 (2019) Kat:3, Licht: 0","192740","3","6","2","03","12","5","1","0","0","1","0","0"
"POINT (13.390616093000062 52.529995632000066)","Unfall 192741 (2019) Kat:3, Licht: 0","192741","3","7","2","03","16","5","1","0","1","1","0","0"
"POINT (13.350931166000066 52.524322681000058)","Unfall 192742 (2019) Kat:3, Licht: 0","192742","3","2","2","03","16","5","1","0","0","1","0","1"
"POINT (13.436331645000053 52.423962130000064)","Unfall 192743 (2019) Kat:3, Licht: 0","192743","3","1","2","03","15","5","0","0","0","1","0","0"
"POINT (13.597739618000048 52.524522199000046)","Unfall 192744 (2019) Kat:3, Licht: 0","192744","3","3","5","03","10","5","1","0","0","1","0","0"
"POINT (13.430341611000074 52.499435679000044)","Unfall 192745 (2019) Kat:3, Licht: 0","192745","3","2","5","03","07","5","1","0","1","1","0","0"
"POINT (13.319642662000035 52.570448163000037)","Unfall 192746 (2019) Kat:2, Licht: 0","192746","2","3","5","03","08","5","0","0","0","1","0","0"
"POINT (13.396239951000041 52.537956530000031)","Unfall 192747 (2019) Kat:3, Licht: 0","192747","3","6","2","03","08","5","1","0","0","1","0","1"
"POINT (13.550490079000042 52.527916892000064)","Unfall 192748 (2019) Kat:3, Licht: 0","192748","3","7","5","03","10","5","1","0","0","1","0","0"
"POINT (13.490629237000064 52.543132065000066)","Unfall 192749 (2019) Kat:3, Licht: 0","192749","3","2","5","03","10","5","0","0","1","1","0","0"
"POINT (13.520198833000052 52.526022036000029)","Unfall 192750 (2019) Kat:3, Licht: 0","192750","3","6","2","03","09","5","1","0","0","1","0","0"
"POINT (13.322392690000072 52.486365882000030)","Unfall 192751 (2019) Kat:3, Licht: 0","192751","3","2","5","03","12","5","0","0","1","1","0","0"
"POINT (13.627175583000053 52.450431494000043)","Unfall 192752 (2019) Kat:3, Licht: 0","192752","3","5","1","03","12","5","0","0","1","1","0","0"