WKT,Name,OBJECTID,UKATEGORIE,UTYP1,UART,UMONAT,USTUNDE,UWOCHENTAG,STRZUSTAND,ULICHTVERH,ISTRAD,ISTPKW,ISTFUSS,ISTKRAD
"POINT (13.393094968000071 52.541892973000074)","Unfall 192753 (2019) Kat:3, Licht: 0","192753","3","5","5","03","09","5","1","0","1","1","0","0"
"POINT (13.570613028000025 52.473486193000042)","Unfall 192754 (2019) Kat:3, Licht: 0","192754","3","2","2","03","12","5","0","0","0","1","0","0"
"POINT (13.412492050000026 52.582543357000077)","Unfall 192755 (2019) Kat:3, Licht: 0","192755","3","6","3","03","14","5","0","0","1","1","0","0"
"POINT (13.284252438000067 52.485277382000049)","Unfall 192756 (2019) Kat:2, Licht: 0","192756","2","3","5","03","06","4","1","0","1","1","0","0"
"POINT (13.336447171000032 52.491251716000079)","Unfall 192757 (2019) Kat:3, Licht: 0","192757","3","7","6","03","14","5","0","0","0","1","1","0"
"POINT (13.424563140000032 52.546954458000073)","Unfall 192758 (2019) Kat:3, Licht: 0","192758","3","4","6","03","07","5","1","0","1","0","1","0"
"POINT (13.378048262000050 52.466206676000070)","Unfall 192759 (2019) Kat:2, Licht: 0","192759","2","4","6","03","13","4","1","0","1","0","1","0"
"POINT (13.527147586000069 52.486558962000061)","Unfall 192760 (2019) Kat:3, Licht: 2","192760","3","3","5","03","05","5","1","2","1","0","0","0"
"POINT (13.553281614000070 52.469567401000063)","Unfall 192761 (2019) Kat:3, Licht: 0","192761","3","2","2","03","09","4","0","0","0","1","0","0"
"POINT (13.411851924000075 52.604453701000068)","Unfall 192762 (2019) Kat:3, Licht: 0","192762","3","6","2","03","09","5","0","0","0","1","0","0"
"POINT (13.279142090000050 52.503684674000056)","Unfall 192763 (2019) Kat:3, Licht: 0","192763","3","2","5","03","08","5","0","0","0","1","0","0"
"POINT (13.393127156000048 52.584088871000063)","Unfall 192764 (2019) Kat:3, Licht: 0","192764","3","3","0","03","15","4","1","0","1","1","0","0"
"POINT (13.338664116000075 52.494705838000073)","Unfall 192765 (2019) Kat:2, Licht: 0","192765","2","3","5","03","09","5","1","0","1","1","0","0"
"POINT (13.400510686000075 52.530618889000039)","Unfall 192766 (2019) Kat:2, Licht: 2","192766","2","4","6","03","20","4","1","2","0","1","1","0"
"POINT (13.513623024000026 52.566339711000069)","Unfall 192767 (2019) Kat:2, Licht: 2","192767","2","4","6","03","00","5","0","2","0","1","1","0"
"POINT (13.424994942000069 52.452223576000051)","Unfall 192768 (2019) Kat:3, Licht: 0","192768","3","6","3","03","14","4","0","0","0","1","0","0"
"POINT (13.339547341000070 52.503244658000028)","Unfall 192769 (2019) Kat:3, Licht: 2","192769","3","2","6","03","23","4","1","2","0","1","1","0"
"POINT (13.335388936000072 52.499366498000029)","Unfall 192770 (2019) Kat:3, Licht: 0","192770","3","2","5","03","10","4","0","0","0","1","0","0"
"POINT (13.157824672000061 52.543042051000043)","Unfall 192771 (2019) Kat:3, Licht: 0","192771","3","2","5","03","16","4","0","0","0","1","0","0"
"POINT (13.554669544000035 52.440273016000049)","Unfall 192772 (2019) Kat:3, Licht: 2","192772","3","6","2","03","05","4","0","2","1","0","0","0"
"POINT (13.339214714000036 52.595831692000047)","Unfall 192773 (2019) Kat:3, Licht: 2","192773","3","3","5","03","05","4","1","2","0","1","0","0"
"POINT (13.613397673000065 52.498592206000069)","Unfall 192774 (2019) Kat:2, Licht: 0","192774","2","3","5","03","11","4","0","0","1","1","0","0"
"POINT (13.452257035000059 52.591337960000033)","Unfall 192775 (2019) Kat:3, Licht: 0","192775","3","3","5","03","12","6","1","0","1","1","0","0"
"POINT (13.450970404000032 52.527189924000027)","Unfall 192776 (2019) Kat:2, Licht: 2","192776","2","2","6","03","20","4","0","2","0","1","1","0"
"POINT (13.334365652000031 52.498385464000080)","Unfall 192777 (2019) Kat:3, Licht: 2","192777","3","2","5","03","20","4","0","2","1","1","0","0"
"POINT (13.340161276000060 52.464698916000032)","Unfall 192778 (2019) Kat:3, Licht: 2","192778","3","2","6","03","05","4","1","2","0","1","1","0"
"POINT (13.159424190000038 52.552362516000073)","Unfall 192779 (2019) Kat:2, Licht: 2","192779","2","2","6","03","20","4","0","2","0","1","1","0"
"POINT (13.291160452000042 52.581014455000059)","Unfall 192780 (2019) Kat:3, Licht: 2","192780","3","2","5","03","19","4","0","2","0","1","0","0"
"POINT (13.422387320000041 52.509442249000074)","Unfall 192781 (2019) Kat:3, Licht: 2","192781","3","5","5","03","06","4","1","2","0","1","0","1"
"POINT (13.429156789000047 52.494405260000065)","Unfall 192782 (2019) Kat:3, Licht: 2","192782","3","5","4","03","19","4","0","2","0","1","0","0"
"POINT (13.305786614000056 52.620447931000058)","Unfall 192783 (2019) Kat:3, Licht: 1","192783","3","3","5","03","18","4","1","1","0","1","0","0"
"POINT (13.389768911000033 52.495908049000036)","Unfall 192784 (2019) Kat:3, Licht: 0","192784","3","2","2","03","16","4","0","0","0","1","0","0"
"POINT (13.441021554000031 52.481168670000045)","Unfall 192785 (2019) Kat:2, Licht: 0","192785","2","6","3","03","16","4","0","0","0","1","0","1"
"POINT (13.489481201000046 52.565492817000063)","Unfall 192786 (2019) Kat:3, Licht: 2","192786","3","7","4","03","06","4","0","2","0","1","0","0"
"POINT (13.417080817000056 52.535266671000045)","Unfall 192787 (2019) Kat:3, Licht: 0","192787","3","3","5","03","15","4","0","0","0","1","0","0"
"POINT (13.598133584000038 52.441586291000078)","Unfall 192788 (2019) Kat:3, Licht: 0","192788","3","2","5","03","07","4","0","0","1","0","0","0"
"POINT (13.612260462000052 52.511645913000052)","Unfall 192789 (2019) Kat:3, Licht: 0","192789","3","4","6","03","15","4","0","0","0","0","1","0"
"POINT (13.314818117000073 52.525537519000068)","Unfall 192790 (2019) Kat:3, Licht: 0","192790","3","5","1","03","07","4","0","0","1","1","0","0"
"POINT (13.295312502000058 52.519467969000061)","Unfall 192791 (2019) Kat:3, Licht: 0","192791","3","2","5","03","13","4","0","0","1","1","0","0"
"POINT (13.490301644000056 52.514691448000065)","Unfall 192792 (2019) Kat:3, Licht: 2","192792","3","2","6","03","19","5","1","2","0","1","1","0"
"POINT (13.337492985000040 52.503967297000031)","Unfall 192793 (2019) Kat:3, Licht: 0","192793","3","5","1","03","12","4","0","0","1","1","0","0"
"POINT (13.360283938000066 52.537299453000060)","Unfall 192794 (2019) Kat:3, Licht: 0","192794","3","2","5","03","13","4","0","0","0","1","0","0"
"POINT (13.327034680000054 52.439867455000069)","Unfall 192795 (2019) Kat:3, Licht: 0","192795","3","7","5","03","11","4","0","0","1","1","0","0"
"POINT (13.324143467000056 52.472782879000079)","Unfall 192796 (2019) Kat:3, Licht: 0","192796","3","7","1","03","13","4","0","0","0","1","0","0"
"POINT (13.351945437000040 52.506414513000038)","Unfall 192797 (2019) Kat:3, Licht: 0","192797","3","3","5","03","11","4","0","0","1","1","0","0"
"POINT (13.376629566000076 52.509358339000073)","Unfall 192798 (2019) Kat:2, Licht: 0","192798","2","2","5","03","11","4","0","0","1","1","0","0"
"POINT (13.360341058000074 52.537243468000042)","Unfall 192799 (2019) Kat:3, Licht: 0","192799","3","2","5","03","13","4","0","0","1","1","0","0"
"POINT (13.395755969000049 52.396924332000026)","Unfall 192800 (2019) Kat:3, Licht: 0","192800","3","2","5","03","11","4","0","0","0","1","0","1"
"POINT (13.329940622000038 52.514435837000065)","Unfall 192801 (2019) Kat:3, Licht: 0","192801","3","4","6","03","09","4","0","0","1","0","1","0"
"POINT (13.573446525000065 52.449983900000063)","Unfall 192802 (2019) Kat:3, Licht: 0","192802","3","6","3","03","08","4","0","0","0","0","0","1"
"POINT (13.350192489000051 52.481360163000033)","Unfall 192803 (2019) Kat:2, Licht: 0","192803","2","4","6","03","15","4","0","0","0","1","1","0"
"POINT (13.378558687000066 52.544745399000078)","Unfall 192804 (2019) Kat:3, Licht: 0","192804","3","2","5","03","07","4","0","0","0","1","0","0"
"POINT (13.323744467000040 52.521374091000041)","Unfall 192805 (2019) Kat:3, Licht: 0","192805","3","6","2","03","15","4","0","0","0","1","0","0"
"POINT (13.440296164000074 52.567101219000051)","Unfall 192806 (2019) Kat:3, Licht: 0","192806","3","2","5","03","07","4","0","0","1","1","0","0"
"POINT (13.618509594000045 52.521360819000051)","Unfall 192807 (2019) Kat:3, Licht: 1","192807","3","4","6","03","06","4","0","1","0","1","1","0"
"POINT (13.200783256000022 52.538491246000035)","Unfall 192808 (2019) Kat:3, Licht: 0","192808","3","2","0","03","15","4","0","0","0","1","0","0"
"POINT (13.394186425000044 52.565078888000073)","Unfall 192809 (2019) Kat:3, Licht: 0","192809","3","3","5","03","15","3","0","0","1","1","0","0"
"POINT (13.303855168000041 52.499529255000027)","Unfall 192810 (2019) Kat:3, Licht: 2","192810","3","3","5","03","19","5","1","2","1","1","0","0"
"POINT (13.309829733000072 52.466593349000050)","Unfall 192811 (2019) Kat:3, Licht: 0","192811","3","3","5","03","08","3","0","0","1","0","0","0"
"POINT (13.306388616000049 52.488318212000081)","Unfall 192812 (2019) Kat:3, Licht: 2","192812","3","2","6","03","21","3","0","2","1","0","1","0"
"POINT (13.458871099000021 52.511422544000027)","Unfall 192813 (2019) Kat:3, Licht: 2","192813","3","3","5","03","19","3","1","2","0","1","0","0"
"POINT (13.485025620000044 52.533296714000073)","Unfall 192814 (2019) Kat:2, Licht: 0","192814","2","7","5","03","16","4","0","0","0","1","0","1"
"POINT (13.285189835000040 52.494004679000057)","Unfall 192815 (2019) Kat:3, Licht: 2","192815","3","6","2","03","19","3","1","2","0","1","0","0"
"POINT (13.407941174000030 52.504384014000038)","Unfall 192816 (2019) Kat:3, Licht: 2","192816","3","2","5","03","19","3","0","2","1","1","0","0"
"POINT (13.313305164000042 52.517673906000027)","Unfall 192817 (2019) Kat:3, Licht: 0","192817","3","7","2","03","16","4","0","0","1","1","0","0"
"POINT (13.361904429000049 52.486485327000082)","Unfall 192818 (2019) Kat:3, Licht: 2","192818","3","2","6","03","18","3","1","2","0","1","1","0"
"POINT (13.360265149000043 52.509746242000062)","Unfall 192819 (2019) Kat:3, Licht: 2","192819","3","3","5","03","18","3","1","2","1","1","0","0"
"POINT (13.448852293000073 52.485052345000042)","Unfall 192820 (2019) Kat:3, Licht: 2","192820","3","2","5","03","19","3","1","2","1","1","0","0"
"POINT (13.201370491000034 52.547680589000038)","Unfall 192821 (2019) Kat:2, Licht: 0","192821","2","7","5","03","16","4","0","0","0","1","0","0"
"POINT (13.403129536000051 52.463429043000076)","Unfall 192822 (2019) Kat:3, Licht: 2","192822","3","3","5","03","17","3","1","2","0","1","0","0"
"POINT (13.385988095000073 52.392050221000034)","Unfall 192823 (2019) Kat:3, Licht: 1","192823","3","2","5","03","18","4","0","1","1","1","0","0"
"POINT (13.366844804000038 52.523269974000073)","Unfall 192824 (2019) Kat:2, Licht: 1","192824","2","4","6","03","17","3","1","1","0","1","1","0"
"POINT (13.443718251000064 52.479840074000037)","Unfall 192825 (2019) Kat:2, Licht: 0","192825","2","7","6","03","16","3","0","0","0","1","1","0"
"POINT (13.396870152000076 52.490935059000037)","Unfall 192826 (2019) Kat:3, Licht: 2","192826","3","1","0","03","20","4","0","2","1","1","0","0"
"POINT (13.612497592000068 52.454155717000049)","Unfall 192827 (2019) Kat:3, Licht: 2","192827","3","3","5","03","15","3","0","2","1","1","0","0"
"POINT (13.339633157000037 52.505255585000043)","Unfall 192828 (2019) Kat:3, Licht: 0","192828","3","6","3","03","15","3","1","0","0","1","0","1"
"POINT (13.336566433000030 52.443521998000051)","Unfall 192829 (2019) Kat:3, Licht: 2","192829","3","7","6","03","23","4","1","2","0","1","1","0"
"POINT (13.280124877000048 52.519773206000082)","Unfall 192830 (2019) Kat:3, Licht: 0","192830","3","3","6","03","10","3","1","0","0","1","1","0"
"POINT (13.593337110000050 52.536907109000026)","Unfall 192831 (2019) Kat:2, Licht: 0","192831","2","3","0","03","12","3","1","0","0","1","0","1"
"POINT (13.287076174000049 52.458092161000081)","Unfall 192832 (2019) Kat:2, Licht: 0","192832","2","2","5","03","12","3","0","0","0","1","0","0"
"POINT (13.334293632000026 52.508575900000039)","Unfall 192833 (2019) Kat:3, Licht: 0","192833","3","6","2","03","16","3","0","0","0","1","0","0"
"POINT (13.477379958000029 52.537321508000048)","Unfall 192834 (2019) Kat:3, Licht: 1","192834","3","4","6","03","06","3","0","1","0","0","1","1"
"POINT (13.405839386000025 52.530522394000059)","Unfall 192835 (2019) Kat:3, Licht: 0","192835","3","2","5","03","06","3","0","0","1","1","0","0"
"POINT (13.392310756000029 52.507477143000074)","Unfall 192836 (2019) Kat:2, Licht: 0","192836","2","5","1","03","09","3","0","0","1","1","0","0"
"POINT (13.324873602000025 52.608246779000069)","Unfall 192837 (2019) Kat:3, Licht: 0","192837","3","3","0","03","06","3","1","0","0","1","0","1"
"POINT (13.332561893000047 52.469031314000063)","Unfall 192838 (2019) Kat:3, Licht: 2","192838","3","2","0","03","19","3","0","2","0","1","0","0"
"POINT (13.389286709000032 52.514757460000055)","Unfall 192839 (2019) Kat:3, Licht: 0","192839","3","3","5","03","06","3","0","0","0","1","0","0"
"POINT (13.360073520000071 52.537382106000052)","Unfall 192840 (2019) Kat:3, Licht: 0","192840","3","6","3","03","07","3","0","0","1","0","0","0"
"POINT (13.389768683000057 52.574293448000049)","Unfall 192841 (2019) Kat:2, Licht: 2","192841","2","3","5","03","19","3","0","2","1","1","0","0"
"POINT (13.423846325000056 52.543913756000052)","Unfall 192842 (2019) Kat:3, Licht: 0","192842","3","2","2","03","08","3","0","0","1","1","0","0"
"POINT (13.406746572000031 52.494808133000049)","Unfall 192843 (2019) Kat:3, Licht: 0","192843","3","3","5","03","08","3","0","0","1","1","0","0"
"POINT (13.312289718000045 52.430343631000028)","Unfall 192844 (2019) Kat:3, Licht: 0","192844","3","2","0","03","17","3","1","0","1","1","0","0"
"POINT (13.458573278000074 52.557769895000035)","Unfall 192845 (2019) Kat:3, Licht: 2","192845","3","3","5","03","19","3","0","2","0","1","0","0"
"POINT (13.390839549000077 52.535925883000061)","Unfall 192846 (2019) Kat:3, Licht: 0","192846","3","4","6","03","09","3","0","0","0","1","1","0"
"POINT (13.353075305000061 52.550821204000044)","Unfall 192847 (2019) Kat:3, Licht: 2","192847","3","6","0","03","05","5","1","2","0","1","0","1"
"POINT (13.416417693000028 52.510933570000077)","Unfall 192848 (2019) Kat:3, Licht: 0","192848","3","2","5","03","09","3","0","0","1","1","0","0"
"POINT (13.280367055000056 52.518277467000075)","Unfall 192849 (2019) Kat:3, Licht: 1","192849","3","2","5","03","17","3","0","1","1","1","0","0"
"POINT (13.309592911000038 52.431261811000070)","Unfall 192850 (2019) Kat:3, Licht: 0","192850","3","3","5","03","10","3","0","0","0","1","0","0"
"POINT (13.304324879000035 52.519222507000052)","Unfall 192851 (2019) Kat:3, Licht: 0","192851","3","3","5","03","11","3","0","0","0","1","0","0"
"POINT (13.226019323000060 52.554431811000029)","Unfall 192852 (2019) Kat:3, Licht: 0","192852","3","3","5","03","16","3","0","0","1","1","0","0"
"POINT (13.331965063000041 52.493160752000051)","Unfall 192853 (2019) Kat:3, Licht: 0","192853","3","2","5","03","11","3","0","0","1","1","0","0"
"POINT (13.296739666000065 52.516888923000067)","Unfall 192854 (2019) Kat:3, Licht: 2","192854","3","3","5","03","18","3","1","2","1","1","0","0"
"POINT (13.399682594000069 52.509140365000064)","Unfall 192855 (2019) Kat:3, Licht: 0","192855","3","7","5","03","16","3","0","0","0","1","0","0"
"POINT (13.455489494000062 52.510050684000078)","Unfall 192856 (2019) Kat:3, Licht: 0","192856","3","5","1","03","16","3","1","0","1","1","0","0"
"POINT (13.466872749000061 52.528391055000043)","Unfall 192857 (2019) Kat:3, Licht: 0","192857","3","3","5","03","17","3","0","0","0","1","0","0"
"POINT (13.388479180000047 52.494241593000027)","Unfall 192858 (2019) Kat:2, Licht: 0","192858","2","4","6","03","16","3","0","0","0","1","1","0"
"POINT (13.378611027000034 52.465859374000047)","Unfall 192859 (2019) Kat:3, Licht: 0","192859","3","3","5","03","16","3","0","0","1","1","0","0"
"POINT (13.373439075000022 52.510625039000047)","Unfall 192860 (2019) Kat:3, Licht: 0","192860","3","5","1","03","09","2","0","0","1","1","0","0"
"POINT (13.391720835000058 52.530192468000052)","Unfall 192861 (2019) Kat:3, Licht: 0","192861","3","3","5","03","17","3","0","0","1","0","0","0"
"POINT (13.414672386000063 52.488185943000076)","Unfall 192862 (2019) Kat:3, Licht: 2","192862","3","2","2","03","18","2","1","2","0","1","0","0"
"POINT (13.453842836000035 52.482549023000047)","Unfall 192863 (2019) Kat:3, Licht: 2","192863","3","3","5","03","18","5","1","2","1","1","0","0"
"POINT (13.313837608000028 52.490539586000068)","Unfall 192864 (2019) Kat:3, Licht: 0","192864","3","4","6","03","16","2","0","0","0","1","1","0"
"POINT (13.331025036000028 52.490593649000061)","Unfall 192865 (2019) Kat:3, Licht: 1","192865","3","6","2","03","16","2","1","1","0","1","0","0"
"POINT (13.413604937000059 52.488402434000079)","Unfall 192866 (2019) Kat:3, Licht: 0","192866","3","3","5","03","16","2","0","0","1","1","0","0"
"POINT (13.322119162000035 52.456055100000071)","Unfall 192867 (2019) Kat:3, Licht: 0","192867","3","6","2","03","15","2","0","0","0","1","0","0"
"POINT (13.324054569000054 52.527891542000077)","Unfall 192868 (2019) Kat:3, Licht: 0","192868","3","7","5","03","14","2","0","0","0","1","0","1"
"POINT (13.225819739000030 52.553046253000048)","Unfall 192869 (2019) Kat:3, Licht: 0","192869","3","6","2","03","14","3","0","0","0","1","0","0"
"POINT (13.539707927000052 52.539816571000074)","Unfall 192870 (2019) Kat:3, Licht: 0","192870","3","3","5","03","14","2","0","0","0","1","0","0"
"POINT (13.328162007000060 52.424132475000079)","Unfall 192871 (2019) Kat:3, Licht: 0","192871","3","6","3","03","12","2","1","0","1","1","0","0"
"POINT (13.421154130000048 52.545225851000055)","Unfall 192872 (2019) Kat:3, Licht: 0","192872","3","7","5","03","11","3","0","0","1","0","0","0"
"POINT (13.350237069000059 52.414287658000035)","Unfall 192873 (2019) Kat:3, Licht: 0","192873","3","2","5","03","13","2","1","0","0","1","0","0"
"POINT (13.307004768000070 52.419691975000035)","Unfall 192874 (2019) Kat:3, Licht: 0","192874","3","5","1","03","13","2","1","0","0","1","0","1"
"POINT (13.425058151000030 52.480815953000047)","Unfall 192875 (2019) Kat:3, Licht: 0","192875","3","3","5","03","10","3","1","0","1","0","0","0"
"POINT (13.375864231000037 52.480259984000043)","Unfall 192876 (2019) Kat:3, Licht: 0","192876","3","3","5","03","12","2","1","0","0","1","0","0"
"POINT (13.297481135000055 52.526514084000041)","Unfall 192877 (2019) Kat:3, Licht: 0","192877","3","3","5","03","12","2","1","0","0","1","0","0"
"POINT (13.389705403000050 52.550177802000064)","Unfall 192878 (2019) Kat:3, Licht: 0","192878","3","5","1","03","11","2","0","0","0","1","0","1"
"POINT (13.333382285000027 52.493013523000059)","Unfall 192879 (2019) Kat:3, Licht: 0","192879","3","4","6","03","10","3","0","0","1","0","1","0"
"POINT (13.277472383000031 52.512637623000046)","Unfall 192880 (2019) Kat:3, Licht: 0","192880","3","6","2","03","09","2","1","0","0","1","0","0"
"POINT (13.456222498000045 52.473780156000032)","Unfall 192881 (2019) Kat:3, Licht: 2","192881","3","6","2","03","17","5","1","2","0","1","0","0"
"POINT (13.318659197000045 52.513839087000065)","Unfall 192882 (2019) Kat:3, Licht: 0","192882","3","6","3","03","06","2","1","0","0","1","0","0"
"POINT (13.316970186000049 52.502449538000064)","Unfall 192883 (2019) Kat:3, Licht: 1","192883","3","2","5","03","18","2","1","1","0","1","0","1"
"POINT (13.334432543000048 52.498473784000055)","Unfall 192884 (2019) Kat:3, Licht: 0","192884","3","2","5","03","09","3","0","0","0","1","0","1"
"POINT (13.392096188000039 52.507794337000064)","Unfall 192885 (2019) Kat:3, Licht: 2","192885","3","3","5","03","19","2","1","2","1","1","0","0"
"POINT (13.529031691000057 52.426501761000054)","Unfall 192886 (2019) Kat:3, Licht: 2","192886","3","3","5","03","19","2","1","2","1","1","0","0"
"POINT (13.389796737000040 52.495905126000082)","Unfall 192887 (2019) Kat:2, Licht: 0","192887","2","2","6","03","08","3","0","0","0","0","1","0"
"POINT (13.413208924000060 52.491725098000074)","Unfall 192888 (2019) Kat:2, Licht: 2","192888","2","3","5","03","20","2","1","2","1","1","0","0"
"POINT (13.360300589000076 52.537307406000082)","Unfall 192889 (2019) Kat:2, Licht: 2","192889","2","2","5","03","22","2","1","2","0","1","0","0"
"POINT (13.450954411000055 52.491902202000063)","Unfall 192890 (2019) Kat:3, Licht: 0","192890","3","3","5","03","08","3","1","0","1","1","0","0"
"POINT (13.377066850000062 52.528810655000029)","Unfall 192891 (2019) Kat:2, Licht: 2","192891","2","4","6","03","23","2","0","2","0","1","1","0"
"POINT (13.386878832000036 52.510744255000077)","Unfall 192892 (2019) Kat:3, Licht: 0","192892","3","3","5","03","08","3","1","0","1","1","0","0"
"POINT (13.197061911000048 52.535145860000057)","Unfall 192893 (2019) Kat:2, Licht: 1","192893","2","4","6","03","17","2","1","1","0","1","1","0"
"POINT (13.553264873000046 52.433996630000081)","Unfall 192894 (2019) Kat:3, Licht: 0","192894","3","3","5","03","08","2","0","0","0","1","0","0"
"POINT (13.387496390000024 52.492838834000054)","Unfall 192895 (2019) Kat:3, Licht: 2","192895","3","3","5","03","00","3","1","2","0","1","0","0"
"POINT (13.499103576000039 52.517582386000072)","Unfall 192896 (2019) Kat:2, Licht: 0","192896","2","1","0","03","17","2","1","0","1","0","0","0"
"POINT (13.202748895000070 52.540099905000034)","Unfall 192897 (2019) Kat:3, Licht: 0","192897","3","6","0","03","06","3","1","0","0","0","0","1"
"POINT (13.614606398000035 52.502374583000062)","Unfall 192898 (2019) Kat:3, Licht: 2","192898","3","6","0","03","04","2","1","2","0","1","0","0"
"POINT (13.354403874000070 52.549174507000032)","Unfall 192899 (2019) Kat:3, Licht: 0","192899","3","1","0","03","13","2","1","0","0","0","0","1"
"POINT (13.267568450000056 52.407706009000037)","Unfall 192900 (2019) Kat:3, Licht: 0","192900","3","2","5","03","07","3","0","0","1","1","0","0"
"POINT (13.356233001000021 52.596692160000032)","Unfall 192901 (2019) Kat:3, Licht: 1","192901","3","2","5","03","18","1","0","1","1","1","0","0"
"POINT (13.444202134000022 52.463707341000031)","Unfall 192902 (2019) Kat:3, Licht: 0","192902","3","2","5","03","13","1","1","0","0","1","0","0"
"POINT (13.308295416000021 52.506659636000052)","Unfall 192903 (2019) Kat:3, Licht: 0","192903","3","6","3","03","07","3","0","0","0","1","0","1"
"POINT (13.529720803000032 52.413994878000040)","Unfall 192904 (2019) Kat:2, Licht: 2","192904","2","5","1","03","00","1","0","2","0","1","0","0"
"POINT (13.278901232000067 52.526055456000051)","Unfall 192905 (2019) Kat:3, Licht: 2","192905","3","1","4","03","22","1","1","2","0","1","0","0"
"POINT (13.380803400000048 52.551795405000064)","Unfall 192906 (2019) Kat:3, Licht: 0","192906","3","6","2","03","16","3","0","0","0","1","0","0"
"POINT (13.412956534000045 52.545289891000039)","Unfall 192907 (2019) Kat:3, Licht: 2","192907","3","6","0","03","18","1","1","2","0","1","0","1"
"POINT (13.429676585000038 52.571822616000077)","Unfall 192908 (2019) Kat:3, Licht: 0","192908","3","2","5","03","08","3","1","0","1","1","0","0"
"POINT (13.423280075000037 52.520139302000075)","Unfall 192909 (2019) Kat:3, Licht: 1","192909","3","2","5","03","17","1","1","1","1","1","0","0"
"POINT (13.184097989000065 52.534166258000027)","Unfall 192910 (2019) Kat:3, Licht: 0","192910","3","1","2","03","16","1","1","0","0","1","0","1"
"POINT (13.197333534000052 52.524746061000030)","Unfall 192911 (2019) Kat:3, Licht: 0","192911","3","4","6","03","16","3","0","0","0","1","1","0"
"POINT (13.418319541000074 52.498786336000080)","Unfall 192912 (2019) Kat:3, Licht: 0","192912","3","6","3","03","15","1","1","0","0","1","0","1"
"POINT (13.256124029000034 52.506847754000034)","Unfall 192913 (2019) Kat:3, Licht: 0","192913","3","3","5","03","15","1","1","0","0","1","0","0"
"POINT (13.310571555000024 52.567976616000067)","Unfall 192914 (2019) Kat:3, Licht: 0","192914","3","3","5","03","10","1","1","0","0","1","0","0"
"POINT (13.408513767000045 52.566050288000042)","Unfall 192915 (2019) Kat:3, Licht: 0","192915","3","5","1","03","08","3","1","0","1","1","0","0"
"POINT (13.250167420000025 52.421415452000076)","Unfall 192916 (2019) Kat:2, Licht: 2","192916","2","4","6","03","04","1","1","2","0","0","1","0"
"POINT (13.421060979000060 52.487217638000061)","Unfall 192917 (2019) Kat:3, Licht: 2","192917","3","2","2","03","23","1","1","2","0","1","0","0"
"POINT (13.314907232000053 52.417312931000026)","Unfall 192918 (2019) Kat:3, Licht: 0","192918","3","6","2","03","10","1","1","0","0","1","0","0"
"POINT (13.418481366000037 52.575834955000062)","Unfall 192919 (2019) Kat:3, Licht: 0","192919","3","6","2","03","16","3","0","0","1","1","0","0"
"POINT (13.357002150000028 52.542101866000053)","Unfall 192920 (2019) Kat:3, Licht: 0","192920","3","3","5","03","10","1","0","0","0","1","0","0"
"POINT (13.383455617000038 52.556096529000058)","Unfall 192921 (2019) Kat:3, Licht: 2","192921","3","1","9","03","23","1","1","2","0","1","0","0"
"POINT (13.346141375000059 52.498772633000044)","Unfall 192922 (2019) Kat:3, Licht: 0","192922","3","6","2","03","13","7","0","0","0","1","0","0"
"POINT (13.361743360000048 52.447171692000040)","Unfall 192923 (2019) Kat:3, Licht: 0","192923","3","6","2","03","16","3","0","0","0","1","0","0"
"POINT (13.407654687000047 52.524631074000069)","Unfall 192924 (2019) Kat:3, Licht: 1","192924","3","4","6","03","17","7","0","1","0","1","1","0"
"POINT (13.467032227000061 52.557033926000031)","Unfall 192925 (2019) Kat:3, Licht: 0","192925","3","6","3","03","16","3","0","0","0","1","0","0"
"POINT (13.306817793000050 52.517262069000026)","Unfall 192926 (2019) Kat:3, Licht: 2","192926","3","2","5","03","18","7","0","2","1","1","0","0"
"POINT (13.173305614000071 52.514324636000026)","Unfall 192927 (2019) Kat:3, Licht: 0","192927","3","3","5","03","14","7","0","0","0","1","0","0"
"POINT (13.287584035000066 52.515775086000076)","Unfall 192928 (2019) Kat:3, Licht: 0","192928","3","5","1","03","14","3","0","0","0","1","0","1"
"POINT (13.467732837000028 52.546450396000068)","Unfall 192929 (2019) Kat:3, Licht: 0","192929","3","2","5","03","13","7","0","0","0","1","0","0"
"POINT (13.323015250000026 52.521246109000060)","Unfall 192930 (2019) Kat:3, Licht: 0","192930","3","1","3","03","12","7","0","0","1","0","0","0"
"POINT (13.463371212000027 52.560065094000038)","Unfall 192931 (2019) Kat:3, Licht: 2","192931","3","3","5","03","18","7","0","2","0","1","0","0"
"POINT (13.294873973000051 52.539628909000044)","Unfall 192932 (2019) Kat:2, Licht: 0","192932","2","2","5","03","14","3","0","0","0","1","0","1"
"POINT (13.356115756000065 52.485975277000080)","Unfall 192933 (2019) Kat:3, Licht: 0","192933","3","4","6","03","12","7","0","0","1","0","1","0"
"POINT (13.556184580000036 52.433744260000026)","Unfall 192934 (2019) Kat:2, Licht: 2","192934","2","2","6","03","18","5","1","2","0","1","1","0"
"POINT (13.434263805000057 52.522716199000058)","Unfall 192935 (2019) Kat:3, Licht: 0","192935","3","7","5","03","12","7","0","0","0","1","0","0"
"POINT (13.353371118000041 52.533913296000037)","Unfall 192936 (2019) Kat:3, Licht: 2","192936","3","6","2","03","06","7","1","2","0","1","0","0"
"POINT (13.380294988000060 52.513614591000078)","Unfall 192937 (2019) Kat:3, Licht: 2","192937","3","2","2","03","19","7","0","2","0","1","0","0"