WKT,Name,OBJECTID,UKATEGORIE,UTYP1,UART,UMONAT,USTUNDE,UWOCHENTAG,STRZUSTAND,ULICHTVERH,ISTRAD,ISTPKW,ISTFUSS,ISTKRAD
"POINT (13.351375347000044 52.571468085000049)","Unfall 192938 (2019) Kat:3, Licht: 0","192938","3","3","5","03","14","3","0","0","0","1","0","0"
"POINT (13.497360022000066 52.418562034000047)","Unfall 192939 (2019) Kat:2, Licht: 2","192939","2","7","6","03","19","7","0","2","1","0","1","0"
"POINT (13.379743900000051 52.540199036000047)","Unfall 192940 (2019) Kat:3, Licht: 1","192940","3","2","5","03","18","5","1","1","1","1","0","0"
"POINT (13.162161459000060 52.522620410000059)","Unfall 192941 (2019) Kat:2, Licht: 2","192941","2","1","1","03","18","7","0","2","0","1","0","0"
"POINT (13.414103515000022 52.532781406000026)","Unfall 192942 (2019) Kat:3, Licht: 2","192942","3","5","5","03","01","7","0","2","0","1","0","0"
"POINT (13.315116895000074 52.490597638000054)","Unfall 192943 (2019) Kat:3, Licht: 1","192943","3","2","6","03","18","2","0","1","0","1","1","0"
"POINT (13.520781268000064 52.474390901000049)","Unfall 192944 (2019) Kat:3, Licht: 2","192944","3","1","0","03","01","7","0","2","1","0","0","0"
"POINT (13.452862544000027 52.512407071000041)","Unfall 192945 (2019) Kat:2, Licht: 0","192945","2","2","5","03","15","6","0","0","1","1","0","0"
"POINT (13.422660745000030 52.570845466000037)","Unfall 192946 (2019) Kat:3, Licht: 0","192946","3","6","2","03","14","2","1","0","0","1","0","0"
"POINT (13.376831775000028 52.509408715000063)","Unfall 192947 (2019) Kat:3, Licht: 1","192947","3","2","2","03","17","6","0","1","0","1","0","0"
"POINT (13.447263350000071 52.438354887000060)","Unfall 192948 (2019) Kat:3, Licht: 0","192948","3","4","6","03","17","6","0","0","1","0","1","0"
"POINT (13.414068617000055 52.498385160000055)","Unfall 192949 (2019) Kat:3, Licht: 0","192949","3","3","2","03","16","6","0","0","1","0","0","0"
"POINT (13.400504997000041 52.490559197000039)","Unfall 192950 (2019) Kat:3, Licht: 2","192950","3","2","6","03","19","2","1","2","0","1","1","0"
"POINT (13.413664924000045 52.582890318000068)","Unfall 192951 (2019) Kat:3, Licht: 0","192951","3","3","6","03","13","6","0","0","0","1","1","0"
"POINT (13.270087404000037 52.510643501000061)","Unfall 192952 (2019) Kat:3, Licht: 0","192952","3","2","6","03","12","2","0","0","0","1","1","0"
"POINT (13.332383397000058 52.506152458000031)","Unfall 192953 (2019) Kat:3, Licht: 0","192953","3","2","2","03","14","6","0","0","0","0","0","0"
"POINT (13.194894810000051 52.527632719000053)","Unfall 192954 (2019) Kat:2, Licht: 0","192954","2","3","5","03","14","6","0","0","1","0","0","1"
"POINT (13.319725038000058 52.452799889000062)","Unfall 192955 (2019) Kat:3, Licht: 0","192955","3","7","5","03","12","2","1","0","0","1","0","1"
"POINT (13.296569940000040 52.492681579000077)","Unfall 192956 (2019) Kat:3, Licht: 0","192956","3","3","5","03","12","6","0","0","0","1","0","0"
"POINT (13.536320503000070 52.432833099000050)","Unfall 192957 (2019) Kat:3, Licht: 0","192957","3","2","5","03","13","6","0","0","1","1","0","0"
"POINT (13.292809279000039 52.446335880000049)","Unfall 192958 (2019) Kat:3, Licht: 0","192958","3","7","0","03","14","6","0","0","0","1","0","0"
"POINT (13.405798346000040 52.519337679000046)","Unfall 192959 (2019) Kat:3, Licht: 0","192959","3","7","5","03","08","6","0","0","0","1","0","1"
"POINT (13.233069968000052 52.545478023000044)","Unfall 192960 (2019) Kat:3, Licht: 0","192960","3","5","0","03","07","2","0","0","0","1","0","0"
"POINT (13.561797032000072 52.505397884000047)","Unfall 192961 (2019) Kat:2, Licht: 0","192961","2","6","0","03","08","6","0","0","0","1","0","0"
"POINT (13.398841399000048 52.583353457000044)","Unfall 192962 (2019) Kat:3, Licht: 0","192962","3","3","5","03","14","6","0","0","1","1","0","0"
"POINT (13.616146689000061 52.454972082000040)","Unfall 192963 (2019) Kat:3, Licht: 0","192963","3","3","5","03","08","2","1","0","1","1","0","0"
"POINT (13.397268816000064 52.536619505000033)","Unfall 192964 (2019) Kat:3, Licht: 2","192964","3","6","3","03","01","6","0","2","0","1","0","0"
"POINT (13.435530205000077 52.469084571000053)","Unfall 192965 (2019) Kat:3, Licht: 2","192965","3","3","5","03","19","6","0","2","0","1","0","0"
"POINT (13.465361243000075 52.523434637000037)","Unfall 192966 (2019) Kat:2, Licht: 2","192966","2","2","4","03","18","6","0","2","0","1","0","1"
"POINT (13.435570310000060 52.483857037000064)","Unfall 192967 (2019) Kat:3, Licht: 0","192967","3","6","2","03","10","2","0","0","0","0","0","0"
"POINT (13.339521600000069 52.518995340000060)","Unfall 192968 (2019) Kat:3, Licht: 2","192968","3","6","2","03","18","6","0","2","0","1","0","0"
"POINT (13.312502514000073 52.491514926000036)","Unfall 192969 (2019) Kat:3, Licht: 0","192969","3","3","5","03","11","2","1","0","1","1","0","0"
"POINT (13.167048096000030 52.556069134000040)","Unfall 192970 (2019) Kat:3, Licht: 2","192970","3","2","0","03","18","6","0","2","0","1","0","1"
"POINT (13.581905049000056 52.503075231000082)","Unfall 192971 (2019) Kat:3, Licht: 0","192971","3","6","3","02","13","5","0","0","1","0","0","0"
"POINT (13.563607149000063 52.498258494000027)","Unfall 192972 (2019) Kat:3, Licht: 0","192972","3","4","6","03","13","2","1","0","0","1","1","0"
"POINT (13.429636561000052 52.492958321000060)","Unfall 192973 (2019) Kat:3, Licht: 0","192973","3","3","5","02","16","5","0","0","0","1","0","1"
"POINT (13.273903668000059 52.509680985000045)","Unfall 192974 (2019) Kat:3, Licht: 0","192974","3","3","5","02","10","5","0","0","0","1","0","0"
"POINT (13.428794953000022 52.455554849000066)","Unfall 192975 (2019) Kat:3, Licht: 0","192975","3","3","5","03","15","2","1","0","0","1","0","0"
"POINT (13.264814173000048 52.536799897000037)","Unfall 192976 (2019) Kat:3, Licht: 0","192976","3","2","5","02","12","5","0","0","0","1","0","1"
"POINT (13.455657323000025 52.436183442000072)","Unfall 192977 (2019) Kat:3, Licht: 0","192977","3","2","5","02","08","5","0","0","0","1","0","1"
"POINT (13.285351542000058 52.595155740000052)","Unfall 192978 (2019) Kat:3, Licht: 0","192978","3","6","2","03","15","2","0","0","0","1","0","0"
"POINT (13.383342941000024 52.483697884000037)","Unfall 192979 (2019) Kat:3, Licht: 0","192979","3","7","5","02","08","5","0","0","0","1","0","1"
"POINT (13.321170218000077 52.565776546000052)","Unfall 192980 (2019) Kat:3, Licht: 0","192980","3","3","5","02","15","5","0","0","0","1","0","0"
"POINT (13.466439040000068 52.433552220000081)","Unfall 192981 (2019) Kat:2, Licht: 0","192981","2","2","5","02","15","5","0","0","0","1","0","0"
"POINT (13.470859294000036 52.531936004000045)","Unfall 192982 (2019) Kat:3, Licht: 0","192982","3","6","2","03","16","2","1","0","0","1","0","0"
"POINT (13.352204205000021 52.524245359000076)","Unfall 192983 (2019) Kat:2, Licht: 0","192983","2","4","6","02","16","5","0","0","0","1","1","0"
"POINT (13.481578666000075 52.526767342000028)","Unfall 192984 (2019) Kat:3, Licht: 2","192984","3","4","6","03","19","2","1","2","0","1","1","0"
"POINT (13.426540114000034 52.523031418000073)","Unfall 192985 (2019) Kat:2, Licht: 1","192985","2","6","3","02","16","5","0","1","1","0","0","0"
"POINT (13.306428134000043 52.517606321000073)","Unfall 192986 (2019) Kat:3, Licht: 0","192986","3","2","5","02","16","5","0","0","1","1","0","0"
"POINT (13.459680194000043 52.431827841000029)","Unfall 192987 (2019) Kat:2, Licht: 2","192987","2","4","6","03","21","2","1","2","0","1","1","0"
"POINT (13.389376656000024 52.513599395000028)","Unfall 192988 (2019) Kat:3, Licht: 1","192988","3","7","6","02","17","5","0","1","0","1","1","0"
"POINT (13.281640618000040 52.589379738000048)","Unfall 192989 (2019) Kat:3, Licht: 0","192989","3","7","6","02","11","5","0","0","0","1","1","0"
"POINT (13.500021659000026 52.531183591000058)","Unfall 192990 (2019) Kat:2, Licht: 0","192990","2","2","5","02","11","5","0","0","0","1","0","1"
"POINT (13.389333724000039 52.489745727000070)","Unfall 192991 (2019) Kat:3, Licht: 2","192991","3","6","2","03","22","2","1","2","1","0","0","0"
"POINT (13.401108658000055 52.565647733000048)","Unfall 192992 (2019) Kat:2, Licht: 0","192992","2","4","6","02","11","5","0","0","0","1","1","0"
"POINT (13.165321640000059 52.551048562000062)","Unfall 192993 (2019) Kat:2, Licht: 2","192993","2","4","6","03","05","5","1","2","0","1","1","0"
"POINT (13.425413706000029 52.479698043000042)","Unfall 192994 (2019) Kat:3, Licht: 0","192994","3","6","3","03","08","2","1","0","0","0","0","0"
"POINT (13.418759856000065 52.487532193000050)","Unfall 192995 (2019) Kat:3, Licht: 2","192995","3","2","5","03","19","5","1","2","0","1","0","1"
"POINT (13.538787699000068 52.524670725000078)","Unfall 192996 (2019) Kat:3, Licht: 0","192996","3","1","0","03","12","2","1","0","0","0","0","1"
"POINT (13.409543864000057 52.528892391000056)","Unfall 192997 (2019) Kat:3, Licht: 0","192997","3","2","5","03","10","1","0","0","1","1","0","0"
"POINT (13.458004267000035 52.509455196000033)","Unfall 192998 (2019) Kat:3, Licht: 0","192998","3","3","5","03","15","5","1","0","1","1","0","0"
"POINT (13.361140293000062 52.495899032000068)","Unfall 192999 (2019) Kat:2, Licht: 2","192999","2","1","0","03","20","1","0","2","0","0","0","1"
"POINT (13.598384116000034 52.441600814000026)","Unfall 193000 (2019) Kat:2, Licht: 0","193000","2","6","3","03","14","1","0","0","1","0","0","0"
"POINT (13.342900554000039 52.526367115000028)","Unfall 193001 (2019) Kat:3, Licht: 2","193001","3","2","6","03","22","5","1","2","0","1","1","0"
"POINT (13.692655448000039 52.441151412000067)","Unfall 193002 (2019) Kat:3, Licht: 0","193002","3","3","5","03","14","1","0","0","1","1","0","0"
"POINT (13.205937639000069 52.540417616000070)","Unfall 193003 (2019) Kat:3, Licht: 0","193003","3","5","1","03","16","5","1","0","1","1","0","0"
"POINT (13.514429435000068 52.539631109000027)","Unfall 193004 (2019) Kat:3, Licht: 0","193004","3","6","3","03","13","1","0","0","1","1","0","0"
"POINT (13.435138611000070 52.427578396000058)","Unfall 193005 (2019) Kat:2, Licht: 0","193005","2","3","5","03","16","5","1","0","0","1","0","0"
"POINT (13.333524945000022 52.469951653000066)","Unfall 193006 (2019) Kat:3, Licht: 0","193006","3","6","2","03","12","1","0","0","0","1","0","0"
"POINT (13.379121484000052 52.528843289000065)","Unfall 193007 (2019) Kat:3, Licht: 0","193007","3","4","6","03","11","1","0","0","0","1","1","0"
"POINT (13.415919754000072 52.527445317000058)","Unfall 193008 (2019) Kat:3, Licht: 0","193008","3","7","2","03","11","1","0","0","1","1","0","0"
"POINT (13.374437667000052 52.478869522000082)","Unfall 193009 (2019) Kat:3, Licht: 0","193009","3","3","5","03","10","1","0","0","0","1","0","0"
"POINT (13.275249955000049 52.460917281000036)","Unfall 193010 (2019) Kat:3, Licht: 0","193010","3","3","5","03","10","1","0","0","0","1","0","0"
"POINT (13.479742488000056 52.412679504000039)","Unfall 193011 (2019) Kat:3, Licht: 0","193011","3","3","5","03","14","6","0","0","0","1","0","0"
"POINT (13.331163207000031 52.503706916000056)","Unfall 193012 (2019) Kat:3, Licht: 2","193012","3","2","5","03","00","1","0","2","1","1","0","0"
"POINT (13.347833756000057 52.567027304000078)","Unfall 193013 (2019) Kat:1, Licht: 0","193013","1","4","6","03","13","1","0","0","0","0","1","1"
"POINT (13.314226001000065 52.514903818000050)","Unfall 193014 (2019) Kat:3, Licht: 0","193014","3","2","5","03","08","5","1","0","1","1","0","0"
"POINT (13.583044335000068 52.520945751000056)","Unfall 193015 (2019) Kat:3, Licht: 0","193015","3","2","6","03","09","7","0","0","0","1","1","0"
"POINT (13.157804393000049 52.595452219000038)","Unfall 193016 (2019) Kat:3, Licht: 0","193016","3","6","2","03","16","5","1","0","0","1","0","0"
"POINT (13.341132379000044 52.544955870000081)","Unfall 193017 (2019) Kat:3, Licht: 0","193017","3","6","2","03","13","7","0","0","0","1","0","0"
"POINT (13.592136897000046 52.546320349000041)","Unfall 193018 (2019) Kat:3, Licht: 0","193018","3","4","6","03","16","5","1","0","0","1","1","0"
"POINT (13.466964884000049 52.502684446000046)","Unfall 193019 (2019) Kat:3, Licht: 2","193019","3","1","4","03","05","7","1","2","0","1","0","0"
"POINT (13.303685050000070 52.432290131000059)","Unfall 193020 (2019) Kat:3, Licht: 0","193020","3","6","2","03","09","7","0","0","0","1","0","0"
"POINT (13.351580525000031 52.526467652000065)","Unfall 193021 (2019) Kat:3, Licht: 2","193021","3","3","5","03","00","5","1","2","0","1","0","0"
"POINT (13.231393393000076 52.538244770000063)","Unfall 193022 (2019) Kat:3, Licht: 0","193022","3","6","2","03","14","7","0","0","0","1","0","0"
"POINT (13.433785293000028 52.443971752000039)","Unfall 193023 (2019) Kat:3, Licht: 0","193023","3","6","3","03","16","5","1","0","0","1","0","0"
"POINT (13.187808516000075 52.506426061000070)","Unfall 193024 (2019) Kat:3, Licht: 0","193024","3","7","6","03","14","7","0","0","0","1","1","0"
"POINT (13.345924863000050 52.498763619000044)","Unfall 193025 (2019) Kat:3, Licht: 0","193025","3","4","6","03","16","5","1","0","0","1","1","0"
"POINT (13.157831750000071 52.543089343000076)","Unfall 193026 (2019) Kat:3, Licht: 0","193026","3","2","5","03","12","7","0","0","0","1","0","1"
"POINT (13.462179607000053 52.432749451000063)","Unfall 193027 (2019) Kat:3, Licht: 0","193027","3","3","5","03","10","7","0","0","0","1","0","1"
"POINT (13.182401712000058 52.538466270000072)","Unfall 193028 (2019) Kat:3, Licht: 0","193028","3","2","5","03","17","5","1","0","0","1","0","0"
"POINT (13.169999352000048 52.518550703000074)","Unfall 193029 (2019) Kat:3, Licht: 0","193029","3","2","5","03","11","7","0","0","0","1","0","0"
"POINT (13.196656649000033 52.530820025000082)","Unfall 193030 (2019) Kat:3, Licht: 0","193030","3","6","0","03","12","7","0","0","0","0","0","1"
"POINT (13.385561467000059 52.467117212000062)","Unfall 193031 (2019) Kat:3, Licht: 2","193031","3","3","5","03","22","6","0","2","0","1","0","0"
"POINT (13.492177265000066 52.543937914000026)","Unfall 193032 (2019) Kat:3, Licht: 0","193032","3","1","0","03","15","5","1","0","1","0","0","0"
"POINT (13.411764829000049 52.503335655000058)","Unfall 193033 (2019) Kat:3, Licht: 0","193033","3","5","1","03","14","7","0","0","1","1","0","0"
"POINT (13.341856061000044 52.441707553000072)","Unfall 193034 (2019) Kat:2, Licht: 0","193034","2","6","0","03","14","7","0","0","0","0","0","0"
"POINT (13.307722550000051 52.498974824000072)","Unfall 193035 (2019) Kat:3, Licht: 0","193035","3","6","2","03","12","5","0","0","0","1","0","0"
"POINT (13.402227232000030 52.530913582000039)","Unfall 193036 (2019) Kat:3, Licht: 0","193036","3","5","1","03","14","7","0","0","1","1","0","0"
"POINT (13.408925090000025 52.490010707000067)","Unfall 193037 (2019) Kat:3, Licht: 1","193037","3","5","0","03","18","5","1","1","0","1","0","1"
"POINT (13.180997317000049 52.494413897000072)","Unfall 193038 (2019) Kat:3, Licht: 0","193038","3","3","5","03","14","7","0","0","1","1","0","0"
"POINT (13.174087655000051 52.587788228000079)","Unfall 193039 (2019) Kat:2, Licht: 0","193039","2","1","9","03","12","5","1","0","0","1","0","0"
"POINT (13.434451535000051 52.460838180000053)","Unfall 193040 (2019) Kat:3, Licht: 0","193040","3","5","1","03","15","7","0","0","1","1","0","0"
"POINT (13.294107701000030 52.497729119000041)","Unfall 193041 (2019) Kat:3, Licht: 0","193041","3","7","6","03","15","7","0","0","0","1","1","0"
"POINT (13.351551146000077 52.505550934000041)","Unfall 193042 (2019) Kat:3, Licht: 0","193042","3","3","5","03","18","5","0","0","1","1","0","0"
"POINT (13.379733890000068 52.521304933000067)","Unfall 193043 (2019) Kat:3, Licht: 0","193043","3","1","8","03","13","5","0","0","0","0","0","1"
"POINT (13.318487360000063 52.501531768000063)","Unfall 193044 (2019) Kat:3, Licht: 0","193044","3","5","1","03","15","7","0","0","1","1","0","0"
"POINT (13.355541088000052 52.519752176000054)","Unfall 193045 (2019) Kat:3, Licht: 0","193045","3","3","5","03","06","7","0","0","0","1","0","0"
"POINT (13.330674008000074 52.459113999000067)","Unfall 193046 (2019) Kat:3, Licht: 0","193046","3","6","0","03","17","5","1","0","0","1","0","1"
"POINT (13.294687702000033 52.532762274000049)","Unfall 193047 (2019) Kat:3, Licht: 0","193047","3","6","2","03","09","7","0","0","0","1","0","0"
"POINT (13.336988695000059 52.482960217000027)","Unfall 193048 (2019) Kat:3, Licht: 0","193048","3","5","1","03","15","7","0","0","1","1","0","0"
"POINT (13.553620050000063 52.455800169000042)","Unfall 193049 (2019) Kat:3, Licht: 0","193049","3","3","5","03","17","6","0","0","0","1","0","1"
"POINT (13.313797065000074 52.505724077000082)","Unfall 193050 (2019) Kat:3, Licht: 0","193050","3","7","5","03","09","4","0","0","0","1","0","0"
"POINT (13.490358259000061 52.516588920000061)","Unfall 193051 (2019) Kat:3, Licht: 0","193051","3","3","5","03","10","7","0","0","0","1","0","0"
"POINT (13.404377113000066 52.522207723000065)","Unfall 193052 (2019) Kat:3, Licht: 2","193052","3","5","1","03","19","5","0","2","1","1","0","0"
"POINT (13.217283052000028 52.611208120000072)","Unfall 193053 (2019) Kat:3, Licht: 2","193053","3","3","0","03","19","7","0","2","0","1","0","1"
"POINT (13.640991568000061 52.528110545000061)","Unfall 193054 (2019) Kat:3, Licht: 0","193054","3","3","5","03","10","4","0","0","1","1","0","0"
"POINT (13.431052438000052 52.590931598000054)","Unfall 193055 (2019) Kat:3, Licht: 0","193055","3","2","5","03","10","7","0","0","0","1","0","1"
"POINT (13.385619236000025 52.512495468000054)","Unfall 193056 (2019) Kat:3, Licht: 0","193056","3","2","5","03","07","4","0","0","1","1","0","0"
"POINT (13.446768683000073 52.502662961000055)","Unfall 193057 (2019) Kat:3, Licht: 2","193057","3","4","2","03","02","7","0","2","0","1","1","0"
"POINT (13.444578581000030 52.500798740000050)","Unfall 193058 (2019) Kat:2, Licht: 0","193058","2","1","8","03","09","7","0","0","0","1","0","0"
"POINT (13.441838857000050 52.501141622000034)","Unfall 193059 (2019) Kat:3, Licht: 0","193059","3","2","2","03","06","4","0","0","1","1","0","0"
"POINT (13.421115752000048 52.499172420000036)","Unfall 193060 (2019) Kat:2, Licht: 2","193060","2","1","0","03","02","7","0","2","1","0","0","0"
"POINT (13.228786965000040 52.538085411000054)","Unfall 193061 (2019) Kat:3, Licht: 0","193061","3","2","6","03","17","6","0","0","0","0","1","0"
"POINT (13.613790436000045 52.510982191000039)","Unfall 193062 (2019) Kat:2, Licht: 0","193062","2","1","0","03","14","6","0","0","0","0","0","1"
"POINT (13.441958432000035 52.485790737000059)","Unfall 193063 (2019) Kat:3, Licht: 2","193063","3","3","5","03","23","6","0","2","1","1","0","0"
"POINT (13.390736595000021 52.517050219000055)","Unfall 193064 (2019) Kat:2, Licht: 2","193064","2","3","5","03","22","4","1","2","0","1","0","0"
"POINT (13.309818112000073 52.431334199000048)","Unfall 193065 (2019) Kat:3, Licht: 0","193065","3","2","0","03","08","6","0","0","0","0","0","0"
"POINT (13.391052975000036 52.496610683000029)","Unfall 193066 (2019) Kat:2, Licht: 0","193066","2","7","5","03","17","6","0","0","1","1","0","0"
"POINT (13.291413756000054 52.606539068000075)","Unfall 193067 (2019) Kat:3, Licht: 2","193067","3","7","0","03","00","6","1","2","0","1","0","1"
"POINT (13.529417797000065 52.413514348000035)","Unfall 193068 (2019) Kat:3, Licht: 0","193068","3","3","5","03","16","6","0","0","1","1","0","0"
"POINT (13.580958822000071 52.503443844000060)","Unfall 193069 (2019) Kat:3, Licht: 0","193069","3","2","2","03","16","4","0","0","0","1","0","0"
"POINT (13.576645996000025 52.455127518000040)","Unfall 193070 (2019) Kat:2, Licht: 0","193070","2","4","6","03","09","6","0","0","0","1","1","0"
"POINT (13.521999895000022 52.402301741000031)","Unfall 193071 (2019) Kat:3, Licht: 0","193071","3","3","5","03","11","6","0","0","1","1","0","0"
"POINT (13.389495027000066 52.512820316000045)","Unfall 193072 (2019) Kat:3, Licht: 0","193072","3","5","1","03","08","6","0","0","1","1","0","0"
"POINT (13.270555032000061 52.451017747000037)","Unfall 193073 (2019) Kat:3, Licht: 0","193073","3","2","2","03","15","4","0","0","1","1","0","0"
"POINT (13.375135664000027 52.556759848000070)","Unfall 193074 (2019) Kat:3, Licht: 0","193074","3","2","0","03","08","6","0","0","0","1","0","0"
"POINT (13.404048270000033 52.459834256000079)","Unfall 193075 (2019) Kat:3, Licht: 0","193075","3","3","5","03","14","4","0","0","0","1","0","0"
"POINT (13.292176004000055 52.496729059000074)","Unfall 193076 (2019) Kat:3, Licht: 0","193076","3","6","3","03","07","6","0","0","1","1","0","0"
"POINT (13.468183655000075 52.512583127000028)","Unfall 193077 (2019) Kat:3, Licht: 0","193077","3","7","0","03","07","6","0","0","0","1","0","1"
"POINT (13.481332423000026 52.460859025000047)","Unfall 193078 (2019) Kat:3, Licht: 0","193078","3","2","5","03","13","4","0","0","0","1","0","0"
"POINT (13.353341571000044 52.449106775000075)","Unfall 193079 (2019) Kat:2, Licht: 0","193079","2","6","3","03","14","6","0","0","0","1","0","1"
"POINT (13.398042801000031 52.506755386000066)","Unfall 193080 (2019) Kat:2, Licht: 0","193080","2","5","1","03","15","6","0","0","0","1","0","0"
"POINT (13.327323631000070 52.454741169000044)","Unfall 193081 (2019) Kat:3, Licht: 0","193081","3","6","0","03","16","5","0","0","0","1","0","0"
"POINT (13.336874589000047 52.525078713000028)","Unfall 193082 (2019) Kat:2, Licht: 1","193082","2","2","5","03","18","6","0","1","0","0","0","1"
"POINT (13.296376260000045 52.529312445000073)","Unfall 193083 (2019) Kat:3, Licht: 0","193083","3","2","5","03","17","4","0","0","0","1","0","0"
"POINT (13.561025556000061 52.459371600000054)","Unfall 193084 (2019) Kat:3, Licht: 0","193084","3","6","2","03","14","6","0","0","0","1","0","0"
"POINT (13.260642226000073 52.537188433000040)","Unfall 193085 (2019) Kat:3, Licht: 0","193085","3","3","5","03","11","4","0","0","1","1","0","0"
"POINT (13.211835029000042 52.575484370000027)","Unfall 193086 (2019) Kat:3, Licht: 2","193086","3","3","5","03","19","6","0","2","1","1","0","0"
"POINT (13.432506156000045 52.491254403000028)","Unfall 193087 (2019) Kat:3, Licht: 0","193087","3","3","5","03","12","6","0","0","0","1","0","0"
"POINT (13.372557767000046 52.568304092000062)","Unfall 193088 (2019) Kat:2, Licht: 2","193088","2","3","5","03","19","6","0","2","0","1","0","0"
"POINT (13.352248771000063 52.505287248000059)","Unfall 193089 (2019) Kat:3, Licht: 2","193089","3","3","5","03","21","4","1","2","1","1","0","0"
"POINT (13.355295297000055 52.518990694000081)","Unfall 193090 (2019) Kat:3, Licht: 0","193090","3","2","5","03","08","5","0","0","1","1","0","0"
"POINT (13.447608560000049 52.476114897000059)","Unfall 193091 (2019) Kat:3, Licht: 2","193091","3","3","5","03","22","4","1","2","0","1","0","0"
"POINT (13.321790646000068 52.560559762000082)","Unfall 193092 (2019) Kat:3, Licht: 2","193092","3","2","5","03","23","5","0","2","0","1","0","0"
"POINT (13.350123363000023 52.503046936000032)","Unfall 193093 (2019) Kat:3, Licht: 2","193093","3","6","2","03","21","5","0","2","0","1","0","0"
"POINT (13.418311822000021 52.498722577000080)","Unfall 193094 (2019) Kat:3, Licht: 2","193094","3","2","2","03","23","4","1","2","0","1","0","0"
"POINT (13.625448450000022 52.456784227000071)","Unfall 193095 (2019) Kat:3, Licht: 2","193095","3","4","6","03","20","5","0","2","0","1","1","0"
"POINT (13.343712522000033 52.526225446000069)","Unfall 193096 (2019) Kat:3, Licht: 2","193096","3","7","0","03","19","5","0","2","1","0","0","0"
"POINT (13.346090905000040 52.444163935000063)","Unfall 193097 (2019) Kat:3, Licht: 0","193097","3","5","1","03","11","6","0","0","1","1","0","0"
"POINT (13.137253690000023 52.450143304000051)","Unfall 193098 (2019) Kat:3, Licht: 0","193098","3","3","5","03","10","4","0","0","0","1","0","0"
"POINT (13.323265317000050 52.625920083000040)","Unfall 193099 (2019) Kat:3, Licht: 2","193099","3","3","5","03","19","5","0","2","1","1","0","0"
"POINT (13.302418076000038 52.518913501000043)","Unfall 193100 (2019) Kat:3, Licht: 0","193100","3","3","0","03","16","5","0","0","1","1","0","0"
"POINT (13.413991574000022 52.547610525000039)","Unfall 193101 (2019) Kat:3, Licht: 0","193101","3","5","1","03","07","5","1","0","1","1","0","0"
"POINT (13.312905213000022 52.571462853000071)","Unfall 193102 (2019) Kat:3, Licht: 0","193102","3","4","6","03","16","5","0","0","0","1","1","0"
"POINT (13.251109245000066 52.450090824000029)","Unfall 193103 (2019) Kat:3, Licht: 0","193103","3","2","5","03","09","4","0","0","0","1","0","1"
"POINT (13.215345765000052 52.509316257000080)","Unfall 193104 (2019) Kat:2, Licht: 0","193104","2","6","2","03","16","5","0","0","0","1","0","0"
"POINT (13.350194790000046 52.434207619000063)","Unfall 193105 (2019) Kat:3, Licht: 0","193105","3","2","5","03","09","4","0","0","0","1","0","1"
"POINT (13.329235637000068 52.494963386000052)","Unfall 193106 (2019) Kat:3, Licht: 0","193106","3","6","2","03","15","5","0","0","0","1","0","0"
"POINT (13.373959058000025 52.556482896000034)","Unfall 193107 (2019) Kat:3, Licht: 0","193107","3","2","2","03","15","5","0","0","1","1","0","0"
"POINT (13.389497077000044 52.527636496000071)","Unfall 193108 (2019) Kat:3, Licht: 2","193108","3","6","2","03","21","4","1","2","0","1","0","1"
"POINT (13.408568437000042 52.553325131000065)","Unfall 193109 (2019) Kat:3, Licht: 0","193109","3","4","6","03","15","5","0","0","0","1","1","0"
"POINT (13.198541955000053 52.532897018000028)","Unfall 193110 (2019) Kat:3, Licht: 0","193110","3","3","5","03","15","5","0","0","0","1","0","0"
"POINT (13.452888611000049 52.512402834000056)","Unfall 193111 (2019) Kat:3, Licht: 0","193111","3","3","0","03","17","6","0","0","1","1","0","0"
"POINT (13.383146189000058 52.591152150000028)","Unfall 193112 (2019) Kat:3, Licht: 0","193112","3","1","0","03","08","4","0","0","1","0","0","0"
"POINT (13.337938129000065 52.505177632000027)","Unfall 193113 (2019) Kat:3, Licht: 0","193113","3","6","3","03","15","5","0","0","1","0","0","0"
"POINT (13.281198880000034 52.585563829000080)","Unfall 193114 (2019) Kat:2, Licht: 0","193114","2","3","5","03","13","5","0","0","0","1","0","0"
"POINT (13.327800072000059 52.486733865000076)","Unfall 193115 (2019) Kat:3, Licht: 0","193115","3","3","5","03","12","5","1","0","1","1","0","0"
"POINT (13.324797560000036 52.499647720000041)","Unfall 193116 (2019) Kat:3, Licht: 0","193116","3","7","2","03","13","5","0","0","1","1","0","0"
"POINT (13.399336941000058 52.444048158000044)","Unfall 193117 (2019) Kat:3, Licht: 0","193117","3","6","2","03","12","6","0","0","0","1","0","0"
"POINT (13.339345194000032 52.461548718000074)","Unfall 193118 (2019) Kat:3, Licht: 2","193118","3","2","6","03","21","4","1","2","0","1","1","0"
"POINT (13.354060557000025 52.413442693000036)","Unfall 193119 (2019) Kat:3, Licht: 0","193119","3","6","2","03","13","5","0","0","0","1","0","1"
"POINT (13.410188025000025 52.582102933000044)","Unfall 193120 (2019) Kat:3, Licht: 0","193120","3","3","5","03","11","5","0","0","0","1","0","0"
"POINT (13.434007237000060 52.489975762000029)","Unfall 193121 (2019) Kat:3, Licht: 0","193121","3","4","6","03","09","5","0","0","0","0","1","1"
"POINT (13.238527514000054 52.542558963000033)","Unfall 193122 (2019) Kat:3, Licht: 0","193122","3","1","0","03","14","5","0","0","0","1","0","0"
"POINT (13.247752351000031 52.538086224000040)","Unfall 193123 (2019) Kat:3, Licht: 0","193123","3","2","5","03","08","4","0","0","0","1","0","0"