WKT,Name,OBJECTID,UKATEGORIE,UTYP1,UART,UMONAT,USTUNDE,UWOCHENTAG,STRZUSTAND,ULICHTVERH,ISTRAD,ISTPKW,ISTFUSS,ISTKRAD
"POINT (13.500239339000075 52.441275966000035)","Unfall 193124 (2019) Kat:3, Licht: 0","193124","3","3","0","03","14","5","0","0","0","1","0","1"
"POINT (13.558123184000067 52.455563423000058)","Unfall 193125 (2019) Kat:3, Licht: 2","193125","3","6","3","03","18","4","0","2","0","1","0","1"
"POINT (13.132949322000059 52.528650047000042)","Unfall 193126 (2019) Kat:3, Licht: 0","193126","3","3","5","03","14","5","0","0","1","0","0","0"
"POINT (13.287765725000042 52.518872816000055)","Unfall 193127 (2019) Kat:3, Licht: 0","193127","3","5","1","03","13","5","0","0","1","0","0","0"
"POINT (13.574774671000057 52.422989306000034)","Unfall 193128 (2019) Kat:3, Licht: 0","193128","3","5","0","03","17","4","0","0","1","1","0","0"
"POINT (13.284025759000031 52.506414294000081)","Unfall 193129 (2019) Kat:2, Licht: 0","193129","2","6","2","03","13","5","0","0","1","0","0","0"
"POINT (13.282548524000049 52.416666007000060)","Unfall 193130 (2019) Kat:3, Licht: 0","193130","3","3","5","03","09","5","0","0","0","1","0","0"
"POINT (13.279424735000077 52.538035307000030)","Unfall 193131 (2019) Kat:3, Licht: 0","193131","3","3","5","03","17","6","0","0","0","1","0","0"
"POINT (13.488806113000066 52.495167397000046)","Unfall 193132 (2019) Kat:3, Licht: 0","193132","3","6","2","03","06","4","0","0","1","1","0","0"
"POINT (13.402310142000033 52.511944244000063)","Unfall 193133 (2019) Kat:3, Licht: 0","193133","3","3","5","03","08","5","0","0","1","1","0","0"
"POINT (13.353137450000077 52.501720750000061)","Unfall 193134 (2019) Kat:3, Licht: 0","193134","3","3","5","03","14","5","0","0","0","1","0","1"
"POINT (13.406155842000032 52.504926985000054)","Unfall 193135 (2019) Kat:3, Licht: 0","193135","3","6","2","03","08","5","0","0","0","1","0","0"
"POINT (13.371026257000040 52.511099936000051)","Unfall 193136 (2019) Kat:3, Licht: 0","193136","3","2","5","03","17","4","0","0","1","1","0","0"
"POINT (13.391362121000043 52.453014923000069)","Unfall 193137 (2019) Kat:3, Licht: 0","193137","3","3","5","03","07","5","0","0","1","1","0","0"
"POINT (13.312522173000048 52.480565696000042)","Unfall 193138 (2019) Kat:3, Licht: 0","193138","3","6","2","03","17","4","0","0","0","1","0","0"
"POINT (13.597394753000060 52.502266173000066)","Unfall 193139 (2019) Kat:2, Licht: 0","193139","2","3","5","03","07","5","0","0","0","1","0","1"
"POINT (13.414217667000059 52.553614819000074)","Unfall 193140 (2019) Kat:3, Licht: 0","193140","3","2","5","03","07","5","0","0","1","1","0","0"
"POINT (13.421060749000048 52.481393254000068)","Unfall 193141 (2019) Kat:3, Licht: 0","193141","3","2","6","03","05","4","0","0","0","1","1","0"
"POINT (13.423665910000068 52.604529808000052)","Unfall 193142 (2019) Kat:3, Licht: 1","193142","3","3","5","03","06","5","0","1","0","1","0","0"
"POINT (13.389695062000044 52.512110124000060)","Unfall 193143 (2019) Kat:3, Licht: 2","193143","3","2","6","03","04","4","0","2","0","1","1","0"
"POINT (13.343335183000022 52.528978402000064)","Unfall 193144 (2019) Kat:3, Licht: 0","193144","3","1","0","03","06","5","0","0","1","0","0","0"
"POINT (13.573547163000057 52.404068849000055)","Unfall 193145 (2019) Kat:2, Licht: 0","193145","2","3","0","03","14","4","0","0","1","0","0","0"
"POINT (13.310907067000073 52.567942819000052)","Unfall 193146 (2019) Kat:3, Licht: 0","193146","3","6","0","03","16","4","1","0","0","1","0","1"
"POINT (13.380741505000060 52.512528719000045)","Unfall 193147 (2019) Kat:3, Licht: 2","193147","3","6","0","03","21","4","0","2","0","1","0","1"
"POINT (13.374917676000052 52.542383055000073)","Unfall 193148 (2019) Kat:3, Licht: 0","193148","3","5","1","03","08","4","0","0","1","0","0","0"
"POINT (13.330848320000030 52.444599545000074)","Unfall 193149 (2019) Kat:3, Licht: 0","193149","3","6","2","03","14","6","0","0","0","1","0","0"
"POINT (13.275575361000051 52.575767690000077)","Unfall 193150 (2019) Kat:3, Licht: 2","193150","3","3","5","03","21","4","0","2","0","1","0","0"
"POINT (13.451323877000050 52.526425562000043)","Unfall 193151 (2019) Kat:3, Licht: 0","193151","3","4","6","03","10","3","0","0","1","0","1","0"
"POINT (13.427496651000070 52.474600934000080)","Unfall 193152 (2019) Kat:3, Licht: 1","193152","3","6","2","03","18","4","0","1","0","1","0","0"
"POINT (13.452030569000044 52.510688568000035)","Unfall 193153 (2019) Kat:3, Licht: 0","193153","3","2","5","03","12","3","1","0","1","0","0","0"
"POINT (13.658784673000071 52.413945702000035)","Unfall 193154 (2019) Kat:3, Licht: 1","193154","3","3","5","03","18","4","0","1","1","1","0","0"
"POINT (13.414790928000059 52.553862886000047)","Unfall 193155 (2019) Kat:3, Licht: 1","193155","3","3","5","03","18","4","0","1","1","1","0","0"
"POINT (13.195730729000047 52.529601458000059)","Unfall 193156 (2019) Kat:3, Licht: 0","193156","3","2","5","03","07","3","0","0","1","1","0","0"
"POINT (13.606722101000059 52.489663379000035)","Unfall 193157 (2019) Kat:3, Licht: 1","193157","3","1","2","03","17","4","0","1","0","1","0","0"
"POINT (13.346457196000074 52.557012830000076)","Unfall 193158 (2019) Kat:3, Licht: 0","193158","3","2","5","03","17","4","0","0","1","1","0","0"
"POINT (13.276619928000059 52.512450132000026)","Unfall 193159 (2019) Kat:3, Licht: 0","193159","3","6","2","03","08","3","0","0","0","1","0","0"
"POINT (13.479987088000030 52.517086053000071)","Unfall 193160 (2019) Kat:3, Licht: 0","193160","3","2","2","03","16","4","0","0","0","1","0","0"
"POINT (13.527677392000044 52.557331374000057)","Unfall 193161 (2019) Kat:3, Licht: 2","193161","3","2","2","03","16","4","0","2","0","1","0","0"
"POINT (13.434695988000044 52.422886401000028)","Unfall 193162 (2019) Kat:2, Licht: 0","193162","2","6","2","03","16","5","1","0","0","1","0","0"
"POINT (13.445966611000074 52.502001288000031)","Unfall 193163 (2019) Kat:3, Licht: 0","193163","3","6","3","03","16","4","0","0","1","0","0","0"
"POINT (13.402760989000058 52.521346163000032)","Unfall 193164 (2019) Kat:3, Licht: 0","193164","3","2","5","03","09","4","0","0","1","1","0","0"
"POINT (13.329012501000022 52.563394994000078)","Unfall 193165 (2019) Kat:2, Licht: 2","193165","2","7","0","03","20","3","1","2","0","0","0","1"
"POINT (13.361176505000060 52.570492307000052)","Unfall 193166 (2019) Kat:2, Licht: 2","193166","2","2","5","03","22","4","0","2","0","1","0","0"
"POINT (13.380028139000046 52.540318696000043)","Unfall 193167 (2019) Kat:3, Licht: 2","193167","3","1","9","03","18","4","0","2","0","0","0","0"
"POINT (13.405145427000036 52.538874109000062)","Unfall 193168 (2019) Kat:3, Licht: 0","193168","3","7","0","03","10","5","1","0","1","0","0","0"
"POINT (13.331859969000050 52.442369698000050)","Unfall 193169 (2019) Kat:3, Licht: 0","193169","3","6","2","03","16","4","0","0","0","1","0","0"
"POINT (13.554282180000030 52.544929792000062)","Unfall 193170 (2019) Kat:3, Licht: 2","193170","3","3","5","03","19","3","0","2","1","1","0","0"
"POINT (13.334394066000073 52.557408335000048)","Unfall 193171 (2019) Kat:3, Licht: 0","193171","3","3","5","03","16","4","0","0","0","1","0","0"
"POINT (13.399174960000039 52.506839433000039)","Unfall 193172 (2019) Kat:3, Licht: 1","193172","3","5","1","03","18","3","0","1","1","0","0","0"
"POINT (13.439886493000074 52.502140313000041)","Unfall 193173 (2019) Kat:3, Licht: 0","193173","3","5","1","03","15","4","0","0","1","1","0","0"
"POINT (13.240194213000052 52.618662591000032)","Unfall 193174 (2019) Kat:3, Licht: 0","193174","3","7","0","03","15","4","0","0","0","1","0","0"
"POINT (13.427417630000036 52.552409402000080)","Unfall 193175 (2019) Kat:2, Licht: 0","193175","2","3","5","03","15","4","0","0","0","1","0","1"
"POINT (13.328544693000026 52.531116552000071)","Unfall 193176 (2019) Kat:3, Licht: 0","193176","3","2","5","03","16","3","0","0","0","1","0","0"
"POINT (13.451590986000042 52.527566412000056)","Unfall 193177 (2019) Kat:3, Licht: 0","193177","3","6","3","03","12","4","0","0","1","0","0","0"
"POINT (13.327056374000051 52.563357541000073)","Unfall 193178 (2019) Kat:3, Licht: 0","193178","3","4","6","03","12","4","0","0","1","0","1","0"
"POINT (13.392691932000048 52.512286832000029)","Unfall 193179 (2019) Kat:3, Licht: 0","193179","3","5","0","03","09","6","0","0","0","1","0","0"
"POINT (13.270125845000052 52.536492612000075)","Unfall 193180 (2019) Kat:3, Licht: 0","193180","3","6","2","03","15","3","1","0","0","1","0","0"
"POINT (13.310107609000056 52.567962803000057)","Unfall 193181 (2019) Kat:3, Licht: 0","193181","3","6","2","03","11","4","0","0","0","1","0","0"
"POINT (13.287492135000036 52.632132026000079)","Unfall 193182 (2019) Kat:3, Licht: 0","193182","3","3","5","03","06","4","0","0","1","1","0","0"
"POINT (13.435123418000046 52.423043877000055)","Unfall 193183 (2019) Kat:3, Licht: 0","193183","3","3","5","03","08","5","1","0","0","1","0","0"
"POINT (13.506952318000060 52.575519358000065)","Unfall 193184 (2019) Kat:3, Licht: 0","193184","3","4","6","03","06","4","0","0","0","0","1","0"
"POINT (13.619357540000067 52.541208828000038)","Unfall 193185 (2019) Kat:3, Licht: 0","193185","3","4","6","03","15","3","1","0","0","0","1","0"
"POINT (13.320450415000039 52.478777027000035)","Unfall 193186 (2019) Kat:3, Licht: 0","193186","3","2","6","03","06","4","0","0","0","0","1","0"
"POINT (13.428272825000022 52.486874750000027)","Unfall 193187 (2019) Kat:3, Licht: 0","193187","3","6","0","03","18","3","0","0","0","1","0","0"
"POINT (13.494000000000028 52.615268833000073)","Unfall 193188 (2019) Kat:3, Licht: 0","193188","3","3","5","03","07","4","0","0","1","1","0","0"
"POINT (13.591733155000043 52.541590546000066)","Unfall 193189 (2019) Kat:3, Licht: 0","193189","3","3","5","03","07","4","0","0","0","1","0","0"
"POINT (13.538627176000034 52.524634672000047)","Unfall 193190 (2019) Kat:2, Licht: 0","193190","2","3","5","03","17","3","1","0","0","1","0","0"
"POINT (13.550450695000052 52.533532855000033)","Unfall 193191 (2019) Kat:3, Licht: 0","193191","3","7","0","03","07","4","0","0","0","1","0","0"
"POINT (13.375877755000033 52.457749590000049)","Unfall 193192 (2019) Kat:3, Licht: 2","193192","3","2","2","03","19","3","0","2","0","1","0","0"
"POINT (13.424825660000067 52.547038121000071)","Unfall 193193 (2019) Kat:3, Licht: 0","193193","3","7","2","03","08","4","0","0","0","1","0","0"
"POINT (13.384233514000073 52.509926517000054)","Unfall 193194 (2019) Kat:2, Licht: 0","193194","2","2","5","03","08","4","0","0","1","0","0","0"
"POINT (13.293289826000034 52.534143342000050)","Unfall 193195 (2019) Kat:3, Licht: 0","193195","3","6","3","03","10","4","0","0","0","1","0","0"
"POINT (13.306626399000038 52.591625971000042)","Unfall 193196 (2019) Kat:3, Licht: 0","193196","3","3","5","03","15","3","0","0","1","1","0","0"
"POINT (13.306757806000064 52.500021511000057)","Unfall 193197 (2019) Kat:2, Licht: 0","193197","2","3","5","03","11","4","0","0","1","1","0","0"
"POINT (13.476049940000053 52.409343897000042)","Unfall 193198 (2019) Kat:3, Licht: 0","193198","3","3","5","03","07","4","0","0","1","1","0","0"
"POINT (13.377178478000076 52.545608017000063)","Unfall 193199 (2019) Kat:3, Licht: 2","193199","3","1","0","03","23","6","0","2","1","0","0","0"
"POINT (13.388185305000036 52.519828434000033)","Unfall 193200 (2019) Kat:3, Licht: 0","193200","3","4","0","03","15","3","1","0","1","0","1","0"
"POINT (13.303939405000051 52.518168599000035)","Unfall 193201 (2019) Kat:2, Licht: 0","193201","2","7","0","03","11","4","0","0","1","0","0","0"
"POINT (13.373685363000050 52.537778748000051)","Unfall 193202 (2019) Kat:1, Licht: 1","193202","1","4","6","03","19","4","0","1","0","1","1","0"
"POINT (13.538619436000033 52.434525439000026)","Unfall 193203 (2019) Kat:3, Licht: 0","193203","3","2","5","03","11","5","0","0","1","0","0","0"
"POINT (13.303950191000069 52.504254227000047)","Unfall 193204 (2019) Kat:3, Licht: 0","193204","3","5","1","03","13","3","0","0","1","1","0","0"
"POINT (13.197738820000041 52.522565465000071)","Unfall 193205 (2019) Kat:3, Licht: 0","193205","3","4","6","03","15","3","1","0","0","1","1","0"
"POINT (13.335118353000041 52.462578603000054)","Unfall 193206 (2019) Kat:3, Licht: 0","193206","3","3","5","03","09","3","0","0","0","1","0","1"
"POINT (13.344429336000076 52.435518655000067)","Unfall 193207 (2019) Kat:2, Licht: 0","193207","2","5","1","03","15","3","1","0","0","1","0","1"
"POINT (13.470514762000050 52.462494313000036)","Unfall 193208 (2019) Kat:2, Licht: 0","193208","2","3","5","03","08","3","0","0","0","1","0","0"
"POINT (13.458198648000064 52.593308309000065)","Unfall 193209 (2019) Kat:3, Licht: 0","193209","3","2","5","03","07","3","0","0","1","1","0","0"
"POINT (13.476456314000075 52.462638226000081)","Unfall 193210 (2019) Kat:3, Licht: 0","193210","3","3","5","03","15","3","1","0","1","1","0","0"
"POINT (13.185298816000056 52.428291200000047)","Unfall 193211 (2019) Kat:2, Licht: 1","193211","2","5","1","03","18","3","0","1","1","1","0","0"
"POINT (13.375694069000076 52.528400111000053)","Unfall 193212 (2019) Kat:3, Licht: 2","193212","3","6","3","03","19","3","0","2","0","1","0","0"
"POINT (13.430631131000041 52.551167353000039)","Unfall 193213 (2019) Kat:3, Licht: 0","193213","3","6","2","03","16","6","0","0","0","1","0","1"
"POINT (13.425863493000065 52.478317204000064)","Unfall 193214 (2019) Kat:3, Licht: 0","193214","3","4","6","03","15","3","1","0","0","1","1","0"
"POINT (13.436545392000028 52.449358370000027)","Unfall 193215 (2019) Kat:3, Licht: 0","193215","3","4","6","03","15","3","1","0","0","1","1","0"
"POINT (13.198531439000021 52.555313017000060)","Unfall 193216 (2019) Kat:3, Licht: 2","193216","3","3","5","03","19","3","0","2","0","1","0","0"
"POINT (13.467950452000025 52.546673691000080)","Unfall 193217 (2019) Kat:3, Licht: 2","193217","3","2","5","03","23","3","0","2","0","1","0","0"
"POINT (13.349876935000054 52.500453475000029)","Unfall 193218 (2019) Kat:3, Licht: 0","193218","3","2","0","03","16","6","0","0","0","1","0","1"
"POINT (13.351042154000027 52.514897846000054)","Unfall 193219 (2019) Kat:3, Licht: 0","193219","3","3","5","03","15","3","1","0","0","1","0","0"
"POINT (13.395856980000076 52.445367274000034)","Unfall 193220 (2019) Kat:2, Licht: 0","193220","2","1","0","03","17","3","0","0","1","0","0","0"
"POINT (13.429648839000038 52.486392542000033)","Unfall 193221 (2019) Kat:3, Licht: 2","193221","3","5","1","03","20","5","1","2","1","1","0","0"
"POINT (13.349143476000052 52.556703651000078)","Unfall 193222 (2019) Kat:3, Licht: 0","193222","3","5","1","03","11","3","0","0","0","1","0","0"
"POINT (13.429665012000044 52.523105482000062)","Unfall 193223 (2019) Kat:3, Licht: 0","193223","3","6","2","03","15","3","1","0","0","1","0","0"
"POINT (13.313654603000032 52.504790057000037)","Unfall 193224 (2019) Kat:2, Licht: 0","193224","2","5","0","03","11","3","0","0","0","1","0","1"
"POINT (13.367811641000060 52.602737546000071)","Unfall 193225 (2019) Kat:3, Licht: 0","193225","3","3","5","03","15","3","1","0","0","1","0","0"
"POINT (13.403583526000034 52.448165450000033)","Unfall 193226 (2019) Kat:2, Licht: 0","193226","2","6","3","03","11","3","0","0","0","0","0","1"
"POINT (13.394530296000028 52.491703583000060)","Unfall 193227 (2019) Kat:3, Licht: 0","193227","3","2","0","03","09","3","0","0","1","0","0","0"
"POINT (13.407800757000075 52.524332495000067)","Unfall 193228 (2019) Kat:3, Licht: 0","193228","3","6","3","03","15","3","1","0","1","0","0","0"
"POINT (13.334474706000037 52.541196252000077)","Unfall 193229 (2019) Kat:3, Licht: 0","193229","3","4","6","03","09","3","0","0","0","1","1","0"
"POINT (13.215701490000072 52.526819603000035)","Unfall 193230 (2019) Kat:3, Licht: 0","193230","3","2","6","03","07","3","0","0","0","0","1","0"
"POINT (13.346177101000023 52.501046492000057)","Unfall 193231 (2019) Kat:3, Licht: 0","193231","3","2","5","03","14","6","0","0","0","1","0","0"
"POINT (13.335632210000028 52.463792798000043)","Unfall 193232 (2019) Kat:3, Licht: 0","193232","3","5","1","03","07","3","1","0","1","1","0","0"
"POINT (13.324566293000032 52.428409296000041)","Unfall 193233 (2019) Kat:3, Licht: 0","193233","3","5","0","03","09","3","0","0","0","1","0","0"
"POINT (13.465495262000047 52.498659937000070)","Unfall 193234 (2019) Kat:3, Licht: 0","193234","3","2","3","03","17","3","0","0","0","1","0","1"
"POINT (13.410123147000036 52.528400547000047)","Unfall 193235 (2019) Kat:3, Licht: 2","193235","3","4","6","03","19","3","0","2","1","0","1","0"
"POINT (13.425947937000046 52.501781192000067)","Unfall 193236 (2019) Kat:2, Licht: 1","193236","2","4","6","03","17","3","0","1","0","1","1","0"
"POINT (13.430298114000038 52.486145765000060)","Unfall 193237 (2019) Kat:3, Licht: 0","193237","3","2","5","03","16","3","0","0","0","1","0","0"
"POINT (13.197811656000056 52.520174949000079)","Unfall 193238 (2019) Kat:3, Licht: 0","193238","3","4","0","03","15","3","0","0","0","0","1","0"
"POINT (13.383986144000062 52.483963458000062)","Unfall 193239 (2019) Kat:3, Licht: 0","193239","3","7","1","03","13","3","0","0","1","0","0","0"
"POINT (13.399759366000069 52.581250166000075)","Unfall 193240 (2019) Kat:3, Licht: 0","193240","3","2","5","03","14","3","0","0","1","0","0","0"
"POINT (13.197777519000056 52.548418354000034)","Unfall 193241 (2019) Kat:3, Licht: 0","193241","3","4","6","03","13","3","0","0","0","1","1","0"
"POINT (13.473906088000035 52.510155118000057)","Unfall 193242 (2019) Kat:3, Licht: 2","193242","3","2","5","03","21","3","0","2","1","1","0","0"
"POINT (13.433841590000043 52.481813969000029)","Unfall 193243 (2019) Kat:3, Licht: 0","193243","3","2","6","03","13","3","0","0","0","1","1","0"
"POINT (13.296777085000031 52.548123378000071)","Unfall 193244 (2019) Kat:3, Licht: 2","193244","3","6","3","03","23","3","1","2","0","1","0","0"
"POINT (13.411154677000070 52.528553072000079)","Unfall 193245 (2019) Kat:3, Licht: 0","193245","3","6","2","03","15","3","1","0","0","1","0","0"
"POINT (13.428936703000034 52.471879568000077)","Unfall 193246 (2019) Kat:3, Licht: 0","193246","3","6","3","03","12","3","1","0","0","1","0","1"
"POINT (13.551736370000071 52.554399157000034)","Unfall 193247 (2019) Kat:3, Licht: 0","193247","3","6","2","03","15","2","1","0","0","1","0","0"
"POINT (13.286771884000075 52.518812759000070)","Unfall 193248 (2019) Kat:3, Licht: 2","193248","3","2","6","03","21","5","1","2","0","1","1","0"
"POINT (13.382363859000066 52.534973001000026)","Unfall 193249 (2019) Kat:3, Licht: 0","193249","3","5","1","03","15","2","1","0","1","1","0","0"
"POINT (13.387592568000059 52.503497618000040)","Unfall 193250 (2019) Kat:3, Licht: 0","193250","3","2","5","03","06","3","0","0","1","1","0","0"
"POINT (13.436456078000049 52.439878878000059)","Unfall 193251 (2019) Kat:3, Licht: 0","193251","3","6","2","03","14","2","1","0","0","1","0","0"
"POINT (13.537410909000073 52.404817655000045)","Unfall 193252 (2019) Kat:3, Licht: 0","193252","3","3","5","03","07","3","0","0","1","1","0","0"
"POINT (13.382861698000056 52.438256865000028)","Unfall 193253 (2019) Kat:3, Licht: 0","193253","3","6","2","03","15","2","0","0","0","1","0","0"
"POINT (13.360240182000041 52.479789296000035)","Unfall 193254 (2019) Kat:3, Licht: 0","193254","3","2","0","03","15","2","1","0","0","1","0","1"
"POINT (13.382187522000038 52.484998201000053)","Unfall 193255 (2019) Kat:3, Licht: 0","193255","3","2","5","03","15","2","0","0","1","1","0","0"
"POINT (13.234236995000060 52.538646104000065)","Unfall 193256 (2019) Kat:3, Licht: 0","193256","3","1","2","03","16","2","0","0","0","1","0","0"
"POINT (13.392077817000029 52.523461293000082)","Unfall 193257 (2019) Kat:2, Licht: 1","193257","2","3","5","03","17","2","1","1","1","0","0","0"
"POINT (13.444267518000061 52.484829599000079)","Unfall 193258 (2019) Kat:3, Licht: 0","193258","3","2","2","03","13","6","0","0","1","1","0","0"
"POINT (13.410063318000027 52.517973447000031)","Unfall 193259 (2019) Kat:3, Licht: 0","193259","3","3","5","03","08","3","0","0","0","1","0","1"
"POINT (13.346880355000053 52.524883058000057)","Unfall 193260 (2019) Kat:3, Licht: 1","193260","3","7","5","03","18","2","1","1","0","1","0","0"
"POINT (13.347258941000064 52.470529936000048)","Unfall 193261 (2019) Kat:3, Licht: 1","193261","3","2","6","03","18","2","1","1","0","1","1","0"
"POINT (13.432509525000057 52.557652955000037)","Unfall 193262 (2019) Kat:3, Licht: 0","193262","3","3","5","03","08","3","0","0","1","1","0","0"
"POINT (13.427129099000069 52.500269733000039)","Unfall 193263 (2019) Kat:3, Licht: 1","193263","3","4","6","03","18","2","1","1","0","0","1","1"
"POINT (13.474325596000028 52.504641591000052)","Unfall 193264 (2019) Kat:3, Licht: 1","193264","3","3","5","03","18","2","1","1","1","0","0","0"
"POINT (13.224616986000058 52.583308118000048)","Unfall 193265 (2019) Kat:3, Licht: 0","193265","3","5","1","03","09","3","0","0","1","1","0","0"
"POINT (13.200729646000070 52.548815085000058)","Unfall 193266 (2019) Kat:2, Licht: 1","193266","2","4","6","03","18","2","1","1","0","1","1","0"
"POINT (13.361207434000050 52.412492374000067)","Unfall 193267 (2019) Kat:3, Licht: 2","193267","3","2","5","03","20","2","1","2","1","1","0","0"
"POINT (13.262844082000072 52.438968553000052)","Unfall 193268 (2019) Kat:2, Licht: 0","193268","2","5","1","03","12","5","1","0","0","1","0","0"
"POINT (13.422068180000053 52.492857618000073)","Unfall 193269 (2019) Kat:3, Licht: 2","193269","3","7","5","03","20","2","1","2","0","1","0","0"
"POINT (13.448188462000076 52.497419029000071)","Unfall 193270 (2019) Kat:3, Licht: 0","193270","3","3","5","03","09","3","0","0","1","1","0","0"
"POINT (13.583474218000049 52.451703511000062)","Unfall 193271 (2019) Kat:3, Licht: 2","193271","3","4","6","03","20","2","1","2","0","1","1","0"
"POINT (13.553694185000040 52.431355606000068)","Unfall 193272 (2019) Kat:3, Licht: 0","193272","3","2","5","03","14","3","0","0","1","1","0","0"
"POINT (13.384205312000063 52.555675000000065)","Unfall 193273 (2019) Kat:3, Licht: 2","193273","3","2","5","03","22","2","1","2","1","1","0","0"
"POINT (13.299110023000026 52.465232686000036)","Unfall 193274 (2019) Kat:3, Licht: 0","193274","3","6","0","03","09","2","0","0","1","1","0","0"
"POINT (13.273137580000025 52.409740164000027)","Unfall 193275 (2019) Kat:3, Licht: 0","193275","3","2","5","03","14","3","1","0","1","1","0","0"
"POINT (13.484982789000071 52.648785303000068)","Unfall 193276 (2019) Kat:3, Licht: 0","193276","3","3","5","03","15","2","1","0","0","1","0","0"
"POINT (13.337584179000032 52.595777341000030)","Unfall 193277 (2019) Kat:3, Licht: 0","193277","3","1","0","03","15","2","1","0","0","0","0","1"
"POINT (13.195479148000061 52.529040467000073)","Unfall 193278 (2019) Kat:2, Licht: 2","193278","2","2","6","03","22","6","0","2","0","1","1","0"
"POINT (13.424994619000074 52.514459744000078)","Unfall 193279 (2019) Kat:3, Licht: 0","193279","3","6","2","03","09","3","1","0","0","1","0","0"
"POINT (13.443482666000023 52.464194771000052)","Unfall 193280 (2019) Kat:3, Licht: 0","193280","3","3","0","03","14","2","1","0","1","1","0","0"
"POINT (13.298555483000030 52.524053185000071)","Unfall 193281 (2019) Kat:2, Licht: 0","193281","2","4","6","03","14","5","1","0","0","1","1","0"
"POINT (13.495364851000033 52.431644243000051)","Unfall 193282 (2019) Kat:3, Licht: 0","193282","3","6","2","03","14","2","1","0","0","1","0","0"
"POINT (13.491823967000073 52.523040091000041)","Unfall 193283 (2019) Kat:3, Licht: 0","193283","3","3","5","03","10","3","0","0","0","1","0","0"
"POINT (13.421267768000064 52.509742948000053)","Unfall 193284 (2019) Kat:3, Licht: 0","193284","3","2","6","03","13","2","0","0","0","0","1","0"
"POINT (13.345424437000077 52.498881660000052)","Unfall 193285 (2019) Kat:3, Licht: 0","193285","3","7","6","03","10","3","0","0","0","1","1","0"
"POINT (13.565601908000076 52.529290743000047)","Unfall 193286 (2019) Kat:3, Licht: 0","193286","3","6","2","03","12","2","0","0","0","1","0","0"
"POINT (13.437587982000025 52.450780155000075)","Unfall 193287 (2019) Kat:2, Licht: 0","193287","2","5","1","03","09","5","1","0","0","1","0","1"
"POINT (13.325623559000064 52.509173453000074)","Unfall 193288 (2019) Kat:3, Licht: 0","193288","3","2","6","03","12","2","0","0","0","1","1","0"
"POINT (13.405877843000042 52.489513953000028)","Unfall 193289 (2019) Kat:3, Licht: 0","193289","3","2","2","03","14","3","1","0","0","1","0","0"
"POINT (13.429549010000073 52.571862675000034)","Unfall 193290 (2019) Kat:3, Licht: 0","193290","3","2","5","03","11","2","0","0","0","1","0","0"
"POINT (13.583890119000046 52.463244322000037)","Unfall 193291 (2019) Kat:3, Licht: 0","193291","3","4","6","03","10","3","0","0","0","1","1","0"
"POINT (13.619938686000069 52.512380261000033)","Unfall 193292 (2019) Kat:3, Licht: 0","193292","3","3","5","03","11","2","0","0","1","1","0","0"
"POINT (13.388692816000059 52.494179201000065)","Unfall 193293 (2019) Kat:3, Licht: 0","193293","3","6","3","03","07","2","0","0","0","1","0","0"
"POINT (13.339156179000042 52.526783366000075)","Unfall 193294 (2019) Kat:2, Licht: 0","193294","2","7","2","03","10","3","0","0","0","1","0","0"
"POINT (13.423010774000034 52.394975361000036)","Unfall 193295 (2019) Kat:2, Licht: 0","193295","2","4","6","03","07","2","0","0","0","1","1","0"
"POINT (13.516945716000066 52.490091685000039)","Unfall 193296 (2019) Kat:3, Licht: 0","193296","3","5","1","03","08","2","0","0","1","1","0","0"
"POINT (13.447917676000031 52.497817123000061)","Unfall 193297 (2019) Kat:2, Licht: 0","193297","2","3","5","03","13","6","0","0","1","1","0","0"
"POINT (13.367191046000073 52.504616811000062)","Unfall 193298 (2019) Kat:3, Licht: 0","193298","3","4","6","03","14","3","1","0","0","1","1","0"
"POINT (13.242571920000046 52.433888568000043)","Unfall 193299 (2019) Kat:2, Licht: 0","193299","2","3","5","03","09","2","0","0","0","1","0","0"
"POINT (13.412775000000067 52.557494091000081)","Unfall 193300 (2019) Kat:3, Licht: 0","193300","3","4","6","03","15","5","1","0","0","1","1","0"
"POINT (13.338013843000056 52.432001854000077)","Unfall 193301 (2019) Kat:3, Licht: 0","193301","3","1","0","03","10","2","0","0","1","0","0","0"
"POINT (13.299745199000029 52.570307627000034)","Unfall 193302 (2019) Kat:3, Licht: 0","193302","3","5","1","03","13","3","1","0","0","1","0","0"
"POINT (13.405711712000027 52.489611112000034)","Unfall 193303 (2019) Kat:3, Licht: 0","193303","3","1","0","03","08","2","1","0","0","0","0","0"
"POINT (13.351819347000060 52.573686252000073)","Unfall 193304 (2019) Kat:3, Licht: 0","193304","3","6","2","03","10","3","1","0","0","1","0","0"
"POINT (13.433067545000029 52.518667071000039)","Unfall 193305 (2019) Kat:3, Licht: 2","193305","3","7","5","03","19","1","0","2","0","1","0","0"
"POINT (13.435659384000076 52.483999925000035)","Unfall 193306 (2019) Kat:3, Licht: 2","193306","3","6","2","03","19","1","1","2","0","1","0","0"
"POINT (13.500512586000070 52.447430832000066)","Unfall 193307 (2019) Kat:3, Licht: 0","193307","3","4","0","03","12","3","0","0","0","1","1","0"
"POINT (13.337597803000051 52.460307762000070)","Unfall 193308 (2019) Kat:3, Licht: 2","193308","3","3","5","03","18","1","1","2","0","1","0","0"
"POINT (13.372462621000068 52.568210370000031)","Unfall 193309 (2019) Kat:2, Licht: 0","193309","2","3","5","03","15","1","0","0","0","1","0","1"