WKT,Name,OBJECTID,UKATEGORIE,UTYP1,UART,UMONAT,USTUNDE,UWOCHENTAG,STRZUSTAND,ULICHTVERH,ISTRAD,ISTPKW,ISTFUSS,ISTKRAD
"POINT (13.311078249000047 52.569327071000032)","Unfall 193310 (2019) Kat:3, Licht: 0","193310","3","6","2","03","11","1","0","0","0","1","0","0"
"POINT (13.302569401000028 52.584368363000067)","Unfall 193311 (2019) Kat:3, Licht: 0","193311","3","3","5","03","13","3","1","0","0","1","0","0"
"POINT (13.497844251000060 52.501926785000080)","Unfall 193312 (2019) Kat:3, Licht: 0","193312","3","1","1","03","10","1","0","0","0","1","0","0"
"POINT (13.406589672000052 52.529217451000079)","Unfall 193313 (2019) Kat:3, Licht: 0","193313","3","6","2","03","11","1","0","0","0","1","0","0"
"POINT (13.260985059000063 52.516429125000059)","Unfall 193314 (2019) Kat:3, Licht: 0","193314","3","4","0","03","14","6","0","0","1","0","1","0"
"POINT (13.414649074000067 52.500150809000047)","Unfall 193315 (2019) Kat:3, Licht: 0","193315","3","3","5","03","12","1","0","0","0","1","0","0"
"POINT (13.364225120000071 52.544893714000068)","Unfall 193316 (2019) Kat:3, Licht: 0","193316","3","7","0","03","13","3","1","0","0","0","0","1"
"POINT (13.165363512000056 52.551132010000060)","Unfall 193317 (2019) Kat:3, Licht: 0","193317","3","2","5","03","14","1","1","0","0","1","0","0"
"POINT (13.352655543000026 52.543120132000070)","Unfall 193318 (2019) Kat:3, Licht: 0","193318","3","7","5","03","14","1","1","0","0","1","0","0"
"POINT (13.389098587000035 52.587146834000066)","Unfall 193319 (2019) Kat:3, Licht: 1","193319","3","1","9","03","17","1","1","1","0","1","0","0"
"POINT (13.316485069000066 52.501067666000040)","Unfall 193320 (2019) Kat:3, Licht: 0","193320","3","6","2","03","12","3","1","0","0","1","0","0"
"POINT (13.574148101000048 52.452660542000046)","Unfall 193321 (2019) Kat:3, Licht: 2","193321","3","6","2","03","19","1","1","2","0","1","0","0"
"POINT (13.491197013000033 52.501335565000034)","Unfall 193322 (2019) Kat:3, Licht: 0","193322","3","3","0","03","12","2","0","0","0","0","0","0"
"POINT (13.566235351000046 52.535397165000063)","Unfall 193323 (2019) Kat:2, Licht: 2","193323","2","2","5","03","20","1","1","2","1","1","0","0"
"POINT (13.387698822000061 52.523608399000068)","Unfall 193324 (2019) Kat:3, Licht: 2","193324","3","6","2","03","21","1","1","2","0","1","0","0"
"POINT (13.334352010000032 52.589505966000047)","Unfall 193325 (2019) Kat:2, Licht: 0","193325","2","4","6","03","07","2","1","0","0","1","1","0"
"POINT (13.424797631000047 52.550136119000058)","Unfall 193326 (2019) Kat:3, Licht: 0","193326","3","5","1","03","10","1","0","0","0","1","0","0"
"POINT (13.423323552000056 52.551098556000056)","Unfall 193327 (2019) Kat:3, Licht: 0","193327","3","3","5","03","09","1","0","0","0","1","0","0"
"POINT (13.404620663000060 52.508956848000082)","Unfall 193328 (2019) Kat:3, Licht: 2","193328","3","3","5","03","21","5","1","2","0","1","0","0"
"POINT (13.493755269000076 52.541307511000070)","Unfall 193329 (2019) Kat:3, Licht: 0","193329","3","3","5","03","08","1","0","0","0","1","0","1"
"POINT (13.165085955000052 52.533372119000035)","Unfall 193330 (2019) Kat:3, Licht: 0","193330","3","3","5","03","06","2","1","0","0","1","0","0"
"POINT (13.498731953000060 52.538211095000065)","Unfall 193331 (2019) Kat:3, Licht: 2","193331","3","3","5","03","17","7","1","2","0","1","0","1"
"POINT (13.467302629000073 52.509630840000057)","Unfall 193332 (2019) Kat:2, Licht: 2","193332","2","1","0","03","04","2","0","2","1","0","0","0"
"POINT (13.387656755000023 52.523895841000069)","Unfall 193333 (2019) Kat:2, Licht: 2","193333","2","5","1","03","18","7","1","2","1","1","0","0"
"POINT (13.389857896000024 52.391365579000080)","Unfall 193334 (2019) Kat:2, Licht: 0","193334","2","5","1","03","12","7","1","0","1","1","0","0"
"POINT (13.507325382000033 52.497723192000080)","Unfall 193335 (2019) Kat:3, Licht: 0","193335","3","6","2","03","16","5","1","0","0","1","0","0"
"POINT (13.339248509000072 52.488812640000049)","Unfall 193336 (2019) Kat:3, Licht: 0","193336","3","5","1","03","13","7","1","0","0","1","0","0"
"POINT (13.332702929000050 52.455844708000029)","Unfall 193337 (2019) Kat:2, Licht: 2","193337","2","7","5","03","00","2","0","2","0","1","0","0"
"POINT (13.359453966000046 52.494369206000044)","Unfall 193338 (2019) Kat:3, Licht: 0","193338","3","6","2","03","14","7","1","0","0","1","0","0"
"POINT (13.444892626000069 52.501173468000047)","Unfall 193339 (2019) Kat:3, Licht: 0","193339","3","6","2","03","16","2","0","0","1","0","0","0"
"POINT (13.405467048000048 52.514278236000052)","Unfall 193340 (2019) Kat:3, Licht: 0","193340","3","6","2","03","15","7","1","0","0","1","0","0"
"POINT (13.394395002000067 52.484228186000053)","Unfall 193341 (2019) Kat:3, Licht: 1","193341","3","6","2","03","18","7","1","1","0","1","0","0"
"POINT (13.270121768000024 52.443237048000071)","Unfall 193342 (2019) Kat:3, Licht: 0","193342","3","4","6","03","17","2","0","0","0","1","1","0"
"POINT (13.455744944000060 52.473691502000065)","Unfall 193343 (2019) Kat:3, Licht: 1","193343","3","4","6","03","18","7","1","1","0","1","1","0"
"POINT (13.354107066000040 52.438396187000080)","Unfall 193344 (2019) Kat:3, Licht: 1","193344","3","2","6","03","18","7","1","1","0","1","1","0"
"POINT (13.337890570000070 52.501785365000046)","Unfall 193345 (2019) Kat:3, Licht: 0","193345","3","5","1","03","09","6","0","0","1","1","0","0"
"POINT (13.531216443000062 52.405132075000040)","Unfall 193346 (2019) Kat:3, Licht: 0","193346","3","3","5","03","09","2","1","0","0","1","0","0"
"POINT (13.346209031000058 52.497263659000055)","Unfall 193347 (2019) Kat:3, Licht: 1","193347","3","2","6","03","18","7","1","1","0","1","1","0"
"POINT (13.376465592000045 52.510094152000079)","Unfall 193348 (2019) Kat:3, Licht: 1","193348","3","3","0","03","18","7","1","1","0","1","0","0"
"POINT (13.499134318000074 52.518168086000060)","Unfall 193349 (2019) Kat:3, Licht: 0","193349","3","4","6","03","07","5","1","0","0","1","1","0"
"POINT (13.364266967000049 52.476200836000032)","Unfall 193350 (2019) Kat:3, Licht: 1","193350","3","4","6","03","19","7","1","1","0","1","1","0"
"POINT (13.376103904000047 52.409126685000047)","Unfall 193351 (2019) Kat:3, Licht: 0","193351","3","2","5","03","11","2","0","0","0","1","0","0"
"POINT (13.571841327000072 52.568301909000070)","Unfall 193352 (2019) Kat:3, Licht: 2","193352","3","2","6","03","19","7","1","2","0","1","1","0"
"POINT (13.372010868000075 52.527268569000057)","Unfall 193353 (2019) Kat:3, Licht: 0","193353","3","6","2","03","11","2","1","0","0","1","0","0"
"POINT (13.350007381000069 52.549614779000080)","Unfall 193354 (2019) Kat:3, Licht: 2","193354","3","6","2","03","20","7","1","2","0","1","0","0"
"POINT (13.515315739000073 52.566990951000037)","Unfall 193355 (2019) Kat:3, Licht: 2","193355","3","2","5","03","20","7","1","2","0","1","0","0"
"POINT (13.474225650000051 52.535430583000050)","Unfall 193356 (2019) Kat:3, Licht: 0","193356","3","6","0","03","12","2","1","0","0","1","0","1"
"POINT (13.387012759000072 52.567333401000042)","Unfall 193357 (2019) Kat:2, Licht: 2","193357","2","5","1","03","20","7","1","2","0","1","0","0"
"POINT (13.399764466000022 52.483761317000074)","Unfall 193358 (2019) Kat:3, Licht: 2","193358","3","7","6","03","21","7","1","2","1","0","1","0"
"POINT (13.313449554000044 52.503458361000071)","Unfall 193359 (2019) Kat:3, Licht: 2","193359","3","6","2","03","17","6","0","2","0","1","0","0"
"POINT (13.390745645000038 52.535866206000037)","Unfall 193360 (2019) Kat:3, Licht: 2","193360","3","4","6","03","21","7","1","2","0","1","1","0"
"POINT (13.308151320000036 52.477797468000063)","Unfall 193361 (2019) Kat:3, Licht: 0","193361","3","2","5","03","10","7","0","0","0","1","0","0"
"POINT (13.387546905000022 52.524583944000028)","Unfall 193362 (2019) Kat:3, Licht: 0","193362","3","5","1","03","12","2","0","0","1","1","0","0"
"POINT (13.476771855000038 52.500913116000049)","Unfall 193363 (2019) Kat:2, Licht: 0","193363","2","4","6","03","10","7","0","0","0","1","1","0"
"POINT (13.361474497000074 52.484985867000034)","Unfall 193364 (2019) Kat:2, Licht: 1","193364","2","1","1","03","06","7","0","1","0","1","0","0"
"POINT (13.433316948000027 52.464083473000073)","Unfall 193365 (2019) Kat:3, Licht: 0","193365","3","3","5","03","18","6","0","0","0","1","0","0"
"POINT (13.372583067000051 52.540171419000046)","Unfall 193366 (2019) Kat:3, Licht: 0","193366","3","5","1","03","13","2","1","0","0","1","0","0"
"POINT (13.420118465000030 52.565817000000038)","Unfall 193367 (2019) Kat:3, Licht: 1","193367","3","4","6","03","17","6","1","1","0","1","1","0"
"POINT (13.422183802000063 52.507187355000042)","Unfall 193368 (2019) Kat:3, Licht: 0","193368","3","5","1","03","09","6","1","0","1","1","0","0"
"POINT (13.432880464000050 52.517817722000075)","Unfall 193369 (2019) Kat:3, Licht: 0","193369","3","2","5","03","10","5","1","0","1","1","0","0"
"POINT (13.473434416000032 52.536001278000072)","Unfall 193370 (2019) Kat:2, Licht: 2","193370","2","7","0","03","21","6","1","2","1","0","0","0"
"POINT (13.209210782000071 52.565401568000027)","Unfall 193371 (2019) Kat:3, Licht: 0","193371","3","2","6","03","15","2","0","0","0","1","1","0"
"POINT (13.343727572000034 52.471162470000081)","Unfall 193372 (2019) Kat:3, Licht: 1","193372","3","2","5","03","18","6","1","1","1","1","0","0"
"POINT (13.558686798000053 52.449374015000046)","Unfall 193373 (2019) Kat:3, Licht: 0","193373","3","6","2","03","15","2","1","0","0","1","0","0"
"POINT (13.292891156000053 52.506791282000052)","Unfall 193374 (2019) Kat:3, Licht: 2","193374","3","6","2","03","23","6","0","2","0","1","0","0"
"POINT (13.391217528000027 52.514890211000079)","Unfall 193375 (2019) Kat:2, Licht: 2","193375","2","2","6","03","20","6","1","2","0","1","1","0"
"POINT (13.453393562000031 52.431415267000034)","Unfall 193376 (2019) Kat:3, Licht: 0","193376","3","6","0","03","16","2","1","0","0","1","0","1"
"POINT (13.426402264000046 52.499342470000045)","Unfall 193377 (2019) Kat:3, Licht: 2","193377","3","3","5","03","21","6","0","2","1","1","0","0"
"POINT (13.528023521000023 52.489836749000062)","Unfall 193378 (2019) Kat:3, Licht: 1","193378","3","7","5","03","18","6","1","1","0","1","0","0"
"POINT (13.408895269000027 52.387028608000037)","Unfall 193379 (2019) Kat:3, Licht: 0","193379","3","3","0","03","16","6","0","0","1","0","0","0"
"POINT (13.499397422000072 52.547704974000055)","Unfall 193380 (2019) Kat:3, Licht: 0","193380","3","6","2","03","16","2","0","0","0","1","0","0"
"POINT (13.436694041000067 52.553002163000031)","Unfall 193381 (2019) Kat:3, Licht: 1","193381","3","6","2","03","16","6","1","1","0","1","0","1"
"POINT (13.444705285000055 52.485167897000053)","Unfall 193382 (2019) Kat:3, Licht: 0","193382","3","3","5","03","15","6","1","0","1","1","0","0"
"POINT (13.231087367000043 52.613943763000066)","Unfall 193383 (2019) Kat:3, Licht: 0","193383","3","7","6","03","17","2","0","0","0","1","1","0"
"POINT (13.316337564000037 52.570967372000041)","Unfall 193384 (2019) Kat:3, Licht: 0","193384","3","6","2","03","15","6","1","0","0","1","0","0"
"POINT (13.415516971000045 52.499899738000067)","Unfall 193385 (2019) Kat:3, Licht: 0","193385","3","5","1","03","15","6","1","0","1","1","0","0"
"POINT (13.364954378000050 52.493815380000058)","Unfall 193386 (2019) Kat:3, Licht: 2","193386","3","6","2","03","20","5","1","2","0","1","0","0"
"POINT (13.383882394000068 52.529904358000067)","Unfall 193387 (2019) Kat:3, Licht: 0","193387","3","1","0","03","16","6","1","0","0","0","0","1"
"POINT (13.400489944000071 52.490539699000067)","Unfall 193388 (2019) Kat:2, Licht: 0","193388","2","2","5","03","17","2","0","0","1","1","0","0"
"POINT (13.278903548000073 52.526050663000035)","Unfall 193389 (2019) Kat:2, Licht: 2","193389","2","1","9","03","01","6","1","2","0","1","0","0"
"POINT (13.461013963000028 52.529927878000080)","Unfall 193390 (2019) Kat:3, Licht: 0","193390","3","6","2","03","16","2","0","0","0","1","0","0"
"POINT (13.411636575000045 52.523961678000035)","Unfall 193391 (2019) Kat:2, Licht: 2","193391","2","2","5","03","01","6","1","2","1","1","0","0"
"POINT (13.553225711000039 52.433895902000074)","Unfall 193392 (2019) Kat:2, Licht: 1","193392","2","3","5","03","06","6","1","1","1","1","0","0"
"POINT (13.282877076000034 52.590528428000027)","Unfall 193393 (2019) Kat:2, Licht: 0","193393","2","4","0","03","13","2","1","0","0","0","1","0"
"POINT (13.510863125000071 52.633966963000034)","Unfall 193394 (2019) Kat:3, Licht: 0","193394","3","1","0","03","09","6","1","0","0","0","0","1"
"POINT (13.317296515000066 52.512165305000053)","Unfall 193395 (2019) Kat:3, Licht: 0","193395","3","2","5","03","09","6","0","0","1","1","0","0"
"POINT (13.327909944000055 52.508184020000044)","Unfall 193396 (2019) Kat:3, Licht: 0","193396","3","6","3","03","14","6","0","0","0","1","0","0"
"POINT (13.416524248000030 52.515805447000048)","Unfall 193397 (2019) Kat:2, Licht: 0","193397","2","1","0","03","15","6","1","0","0","0","0","1"
"POINT (13.186210671000026 52.517640314000062)","Unfall 193398 (2019) Kat:3, Licht: 0","193398","3","2","5","03","11","2","1","0","0","1","0","0"
"POINT (13.509644600000058 52.546285631000046)","Unfall 193399 (2019) Kat:3, Licht: 0","193399","3","2","5","03","14","6","0","0","1","1","0","0"
"POINT (13.418506651000030 52.500188132000062)","Unfall 193400 (2019) Kat:3, Licht: 0","193400","3","4","6","04","15","5","0","0","0","1","1","0"
"POINT (13.324188170000070 52.542255783000030)","Unfall 193401 (2019) Kat:3, Licht: 2","193401","3","6","2","04","20","4","0","2","0","1","0","0"
"POINT (13.472277932000054 52.465146399000048)","Unfall 193402 (2019) Kat:3, Licht: 0","193402","3","3","5","04","07","5","0","0","0","1","0","1"
"POINT (13.265993229000060 52.428496664000079)","Unfall 193403 (2019) Kat:3, Licht: 0","193403","3","7","2","04","18","4","0","0","0","1","0","0"
"POINT (13.470215764000045 52.506246474000079)","Unfall 193404 (2019) Kat:3, Licht: 2","193404","3","2","2","04","00","7","0","2","1","1","0","0"
"POINT (13.316609326000048 52.430759279000029)","Unfall 193405 (2019) Kat:3, Licht: 0","193405","3","6","2","04","17","4","0","0","0","1","0","0"
"POINT (13.452925035000021 52.475210241000070)","Unfall 193406 (2019) Kat:3, Licht: 0","193406","3","3","5","04","17","4","0","0","0","1","0","1"
"POINT (13.396013101000051 52.538267968000071)","Unfall 193407 (2019) Kat:2, Licht: 0","193407","2","2","5","04","08","6","0","0","0","1","0","1"
"POINT (13.563210128000037 52.496447603000036)","Unfall 193408 (2019) Kat:3, Licht: 0","193408","3","7","2","04","16","4","0","0","1","1","0","0"
"POINT (13.433128410000052 52.523173416000077)","Unfall 193409 (2019) Kat:3, Licht: 0","193409","3","6","2","04","15","5","0","0","0","1","0","0"
"POINT (13.482135419000031 52.510991319000027)","Unfall 193410 (2019) Kat:3, Licht: 0","193410","3","4","6","04","12","1","0","0","0","1","1","0"
"POINT (13.456098132000022 52.516433914000061)","Unfall 193411 (2019) Kat:3, Licht: 0","193411","3","4","6","04","16","4","0","0","0","1","1","0"
"POINT (13.309892040000022 52.525729895000040)","Unfall 193412 (2019) Kat:3, Licht: 0","193412","3","2","5","04","13","7","0","0","0","1","0","0"
"POINT (13.383606899000029 52.551393806000078)","Unfall 193413 (2019) Kat:3, Licht: 0","193413","3","2","6","04","15","4","0","0","1","0","1","0"
"POINT (13.496784277000074 52.410351378000030)","Unfall 193414 (2019) Kat:3, Licht: 0","193414","3","3","5","04","15","4","0","0","0","1","0","0"
"POINT (13.327538754000045 52.503594078000049)","Unfall 193415 (2019) Kat:2, Licht: 2","193415","2","5","1","04","02","6","0","2","1","1","0","0"
"POINT (13.422348428000078 52.547932073000027)","Unfall 193416 (2019) Kat:2, Licht: 0","193416","2","3","5","04","14","4","0","0","1","0","0","0"
"POINT (13.668443011000022 52.408287038000026)","Unfall 193417 (2019) Kat:2, Licht: 0","193417","2","2","2","04","15","7","0","0","0","1","0","1"
"POINT (13.576283911000075 52.441365505000078)","Unfall 193418 (2019) Kat:2, Licht: 0","193418","2","5","0","04","14","4","0","0","1","0","0","0"
"POINT (13.351113570000052 52.567596147000074)","Unfall 193419 (2019) Kat:2, Licht: 0","193419","2","2","5","04","16","4","0","0","0","1","0","0"
"POINT (13.446836104000056 52.502721226000062)","Unfall 193420 (2019) Kat:2, Licht: 1","193420","2","2","0","04","19","6","0","1","0","0","1","1"
"POINT (13.554583231000038 52.455884156000081)","Unfall 193421 (2019) Kat:3, Licht: 0","193421","3","7","5","04","12","4","0","0","0","1","0","0"
"POINT (13.512787784000068 52.448006289000034)","Unfall 193422 (2019) Kat:3, Licht: 0","193422","3","1","0","04","14","5","0","0","1","0","0","0"
"POINT (13.454043334000062 52.469142820000059)","Unfall 193423 (2019) Kat:3, Licht: 0","193423","3","7","0","04","12","4","1","0","1","0","0","0"
"POINT (13.520522250000056 52.568731265000054)","Unfall 193424 (2019) Kat:3, Licht: 0","193424","3","2","2","04","14","1","0","0","0","1","0","0"
"POINT (13.316983922000077 52.512433543000043)","Unfall 193425 (2019) Kat:3, Licht: 0","193425","3","2","5","04","12","4","0","0","1","1","0","0"
"POINT (13.265818676000038 52.483321593000028)","Unfall 193426 (2019) Kat:2, Licht: 0","193426","2","2","5","04","10","4","0","0","1","1","0","0"
"POINT (13.435541410000042 52.469085998000082)","Unfall 193427 (2019) Kat:3, Licht: 0","193427","3","3","5","04","15","7","0","0","0","0","0","0"
"POINT (13.407866734000038 52.512608066000041)","Unfall 193428 (2019) Kat:2, Licht: 0","193428","2","5","1","04","09","4","0","0","1","1","0","0"
"POINT (13.398752387000059 52.528551587000038)","Unfall 193429 (2019) Kat:3, Licht: 0","193429","3","5","1","04","08","4","0","0","1","1","0","0"
"POINT (13.358151716000066 52.532939332000069)","Unfall 193430 (2019) Kat:3, Licht: 2","193430","3","6","2","04","01","5","0","2","1","0","0","0"
"POINT (13.435469756000032 52.480889719000061)","Unfall 193431 (2019) Kat:3, Licht: 0","193431","3","2","6","04","07","4","0","0","0","0","1","0"
"POINT (13.317642291000027 52.506872418000057)","Unfall 193432 (2019) Kat:3, Licht: 0","193432","3","2","5","04","10","5","0","0","1","1","0","0"
"POINT (13.416075606000049 52.547272264000071)","Unfall 193433 (2019) Kat:3, Licht: 0","193433","3","5","1","04","07","4","0","0","0","1","0","1"
"POINT (13.356141465000064 52.543322688000046)","Unfall 193434 (2019) Kat:3, Licht: 0","193434","3","3","5","04","07","4","0","0","1","1","0","0"
"POINT (13.430728692000059 52.486585580000053)","Unfall 193435 (2019) Kat:3, Licht: 0","193435","3","4","0","04","17","5","0","0","1","0","1","0"
"POINT (13.536697211000046 52.435844638000049)","Unfall 193436 (2019) Kat:3, Licht: 0","193436","3","1","0","04","07","4","0","0","1","0","0","0"
"POINT (13.315430925000044 52.577936486000056)","Unfall 193437 (2019) Kat:3, Licht: 0","193437","3","2","5","04","16","1","0","0","0","1","0","0"
"POINT (13.408661551000023 52.541332804000035)","Unfall 193438 (2019) Kat:3, Licht: 0","193438","3","6","6","04","07","4","0","0","1","0","1","0"
"POINT (13.385182930000042 52.591210106000062)","Unfall 193439 (2019) Kat:3, Licht: 2","193439","3","6","2","04","05","4","0","2","0","1","0","0"
"POINT (13.363065561000042 52.524510818000067)","Unfall 193440 (2019) Kat:3, Licht: 0","193440","3","4","6","04","17","6","0","0","0","1","1","0"
"POINT (13.382938877000072 52.434038430000044)","Unfall 193441 (2019) Kat:3, Licht: 2","193441","3","3","5","04","01","4","0","2","0","1","0","0"
"POINT (13.502188677000049 52.515758787000038)","Unfall 193442 (2019) Kat:3, Licht: 0","193442","3","7","6","04","16","3","0","0","0","1","1","0"
"POINT (13.187289982000038 52.536440499000037)","Unfall 193443 (2019) Kat:3, Licht: 0","193443","3","7","0","04","11","5","0","0","0","1","0","0"
"POINT (13.333963512000025 52.558661987000050)","Unfall 193444 (2019) Kat:3, Licht: 0","193444","3","5","0","04","14","3","0","0","1","1","0","0"
"POINT (13.430727962000049 52.523309178000034)","Unfall 193445 (2019) Kat:2, Licht: 0","193445","2","6","3","04","09","5","0","0","0","1","0","1"
"POINT (13.428914470000052 52.485747681000078)","Unfall 193446 (2019) Kat:3, Licht: 0","193446","3","6","2","04","16","3","0","0","0","1","0","0"
"POINT (13.345325025000022 52.554333778000057)","Unfall 193447 (2019) Kat:3, Licht: 0","193447","3","2","5","04","19","7","0","0","0","1","0","0"
"POINT (13.433444140000063 52.466610082000045)","Unfall 193448 (2019) Kat:3, Licht: 0","193448","3","7","6","04","07","3","0","0","1","0","1","0"
"POINT (13.564995295000074 52.522269979000043)","Unfall 193449 (2019) Kat:3, Licht: 0","193449","3","3","5","04","16","3","0","0","1","1","0","0"
"POINT (13.333082066000031 52.489573572000040)","Unfall 193450 (2019) Kat:3, Licht: 0","193450","3","3","5","04","09","6","0","0","1","0","0","0"
"POINT (13.270909633000031 52.547645534000026)","Unfall 193451 (2019) Kat:3, Licht: 0","193451","3","7","7","04","15","7","0","0","0","0","0","1"
"POINT (13.319830254000067 52.468807180000056)","Unfall 193452 (2019) Kat:3, Licht: 0","193452","3","3","5","04","16","3","0","0","0","1","0","0"
"POINT (13.319934158000024 52.607054283000082)","Unfall 193453 (2019) Kat:3, Licht: 0","193453","3","2","2","04","16","3","0","0","0","1","0","0"
"POINT (13.296404601000063 52.529263698000079)","Unfall 193454 (2019) Kat:3, Licht: 0","193454","3","2","5","04","14","6","0","0","0","1","0","1"
"POINT (13.295198140000025 52.442911638000055)","Unfall 193455 (2019) Kat:3, Licht: 0","193455","3","4","6","04","16","3","0","0","0","1","1","0"
"POINT (13.343073389000040 52.447399710000070)","Unfall 193456 (2019) Kat:3, Licht: 0","193456","3","6","2","04","15","5","0","0","0","1","0","0"
"POINT (13.444616189000044 52.480605020000041)","Unfall 193457 (2019) Kat:3, Licht: 0","193457","3","1","1","04","16","3","0","0","0","1","0","0"
"POINT (13.376895848000061 52.553916737000065)","Unfall 193458 (2019) Kat:3, Licht: 0","193458","3","6","2","04","16","2","0","0","0","1","0","0"
"POINT (13.473492290000024 52.424106172000052)","Unfall 193459 (2019) Kat:3, Licht: 0","193459","3","3","5","04","17","5","0","0","1","1","0","0"
"POINT (13.416153154000028 52.527300486000058)","Unfall 193460 (2019) Kat:3, Licht: 0","193460","3","6","2","04","18","3","0","0","0","1","0","0"
"POINT (13.401715612000032 52.588549908000061)","Unfall 193461 (2019) Kat:3, Licht: 0","193461","3","3","0","04","16","7","0","0","1","1","0","0"
"POINT (13.321812677000025 52.560562779000065)","Unfall 193462 (2019) Kat:3, Licht: 0","193462","3","2","5","04","16","3","0","0","0","1","0","0"
"POINT (13.299525741000025 52.440387470000076)","Unfall 193463 (2019) Kat:3, Licht: 0","193463","3","6","0","04","18","3","0","0","1","0","0","0"
"POINT (13.446855150000033 52.472479751000037)","Unfall 193464 (2019) Kat:3, Licht: 0","193464","3","5","4","04","07","6","0","0","1","1","0","0"
"POINT (13.395777708000026 52.498366014000055)","Unfall 193465 (2019) Kat:3, Licht: 0","193465","3","2","5","04","18","3","0","0","0","1","0","1"
"POINT (13.418313787000045 52.516734290000045)","Unfall 193466 (2019) Kat:2, Licht: 0","193466","2","6","3","04","15","5","0","0","1","0","0","0"
"POINT (13.388005789000033 52.492979529000081)","Unfall 193467 (2019) Kat:3, Licht: 0","193467","3","2","5","04","18","3","0","0","1","1","0","0"
"POINT (13.158278923000069 52.532247205000033)","Unfall 193468 (2019) Kat:3, Licht: 0","193468","3","5","1","04","11","1","0","0","1","1","0","0"
"POINT (13.299573001000056 52.520403459000079)","Unfall 193469 (2019) Kat:2, Licht: 0","193469","2","7","6","04","17","3","0","0","0","1","1","0"
"POINT (13.379091940000023 52.507010059000038)","Unfall 193470 (2019) Kat:3, Licht: 0","193470","3","2","2","04","16","5","0","0","1","1","0","0"
"POINT (13.492056144000060 52.534061830000041)","Unfall 193471 (2019) Kat:2, Licht: 0","193471","2","6","2","04","11","3","0","0","0","1","0","1"
"POINT (13.304660524000042 52.505630165000071)","Unfall 193472 (2019) Kat:3, Licht: 0","193472","3","5","1","04","15","1","0","0","1","1","0","0"
"POINT (13.411101229000053 52.525873982000064)","Unfall 193473 (2019) Kat:2, Licht: 0","193473","2","2","5","04","17","3","0","0","0","1","0","1"
"POINT (13.539421987000026 52.540027511000062)","Unfall 193474 (2019) Kat:3, Licht: 0","193474","3","6","3","04","08","3","0","0","0","1","0","0"
"POINT (13.519445619000066 52.518773375000080)","Unfall 193475 (2019) Kat:3, Licht: 0","193475","3","2","2","04","09","7","0","0","0","1","0","1"
"POINT (13.438483977000033 52.452590946000043)","Unfall 193476 (2019) Kat:2, Licht: 2","193476","2","2","5","04","23","3","0","2","0","0","0","1"
"POINT (13.399948439000070 52.527106432000039)","Unfall 193477 (2019) Kat:3, Licht: 2","193477","3","5","1","04","22","3","0","2","0","1","0","0"
"POINT (13.438053124000021 52.421046726000043)","Unfall 193478 (2019) Kat:2, Licht: 2","193478","2","3","5","04","20","6","0","2","1","1","0","0"
"POINT (13.343430947000058 52.501524572000051)","Unfall 193479 (2019) Kat:3, Licht: 2","193479","3","4","6","04","21","3","0","2","0","1","1","0"
"POINT (13.328401286000030 52.477412112000081)","Unfall 193480 (2019) Kat:3, Licht: 0","193480","3","4","6","04","18","5","0","0","1","0","1","0"
"POINT (13.423084430000074 52.394980324000073)","Unfall 193481 (2019) Kat:3, Licht: 2","193481","3","2","5","04","21","3","0","2","0","1","0","0"
"POINT (13.315996324000025 52.525873447000038)","Unfall 193482 (2019) Kat:3, Licht: 2","193482","3","3","5","04","22","1","0","2","0","1","0","0"
"POINT (13.406555985000068 52.498470862000033)","Unfall 193483 (2019) Kat:3, Licht: 0","193483","3","2","5","04","13","3","0","0","0","0","0","0"
"POINT (13.386172917000067 52.549641473000065)","Unfall 193484 (2019) Kat:3, Licht: 0","193484","3","6","2","04","12","3","0","0","0","1","0","0"
"POINT (13.325992010000050 52.561447785000041)","Unfall 193485 (2019) Kat:3, Licht: 0","193485","3","6","2","04","13","6","0","0","0","1","0","0"
"POINT (13.416864209000039 52.553643069000032)","Unfall 193486 (2019) Kat:3, Licht: 0","193486","3","6","2","04","12","3","0","0","0","1","0","0"
"POINT (13.427432926000051 52.499037842000064)","Unfall 193487 (2019) Kat:3, Licht: 0","193487","3","2","0","04","12","3","0","0","0","0","0","0"
"POINT (13.558248531000061 52.462494930000048)","Unfall 193488 (2019) Kat:3, Licht: 0","193488","3","6","4","04","14","3","0","0","0","1","0","0"
"POINT (13.468350999000052 52.427683453000043)","Unfall 193489 (2019) Kat:3, Licht: 0","193489","3","6","2","04","13","7","0","0","0","1","0","0"
"POINT (13.348608021000075 52.548480435000045)","Unfall 193490 (2019) Kat:3, Licht: 0","193490","3","6","2","04","11","3","0","0","0","1","0","0"
"POINT (13.508275826000045 52.452866061000066)","Unfall 193491 (2019) Kat:3, Licht: 0","193491","3","6","2","04","15","3","0","0","0","1","0","0"
"POINT (13.388003542000035 52.521849233000069)","Unfall 193492 (2019) Kat:3, Licht: 1","193492","3","6","2","04","17","6","0","1","0","1","0","0"
"POINT (13.189511058000051 52.528073505000066)","Unfall 193493 (2019) Kat:3, Licht: 0","193493","3","1","1","04","11","3","0","0","0","1","0","1"
"POINT (13.188273976000062 52.537321870000028)","Unfall 193494 (2019) Kat:3, Licht: 0","193494","3","3","5","04","16","5","0","0","0","1","0","0"