WKT,Name,OBJECTID,UKATEGORIE,UTYP1,UART,UMONAT,USTUNDE,UWOCHENTAG,STRZUSTAND,ULICHTVERH,ISTRAD,ISTPKW,ISTFUSS,ISTKRAD
"POINT (13.308594321000044 52.572042225000075)","Unfall 193495 (2019) Kat:3, Licht: 0","193495","3","3","5","04","15","3","0","0","1","0","0","1"
"POINT (13.195318326000063 52.535477466000032)","Unfall 193496 (2019) Kat:3, Licht: 0","193496","3","3","5","04","19","1","0","0","0","1","0","0"
"POINT (13.391798532000053 52.525254081000071)","Unfall 193497 (2019) Kat:3, Licht: 0","193497","3","6","3","04","11","3","0","0","0","1","0","1"
"POINT (13.446516289000044 52.502735440000038)","Unfall 193498 (2019) Kat:2, Licht: 0","193498","2","6","3","04","15","3","0","0","1","1","0","0"
"POINT (13.396041555000068 52.538345332000063)","Unfall 193499 (2019) Kat:3, Licht: 0","193499","3","2","5","04","15","6","0","0","1","1","0","0"
"POINT (13.297331160000056 52.526517445000081)","Unfall 193500 (2019) Kat:2, Licht: 0","193500","2","2","5","04","16","3","0","0","0","1","0","1"
"POINT (13.300708882000038 52.515784899000039)","Unfall 193501 (2019) Kat:2, Licht: 0","193501","2","7","6","04","10","3","0","0","0","0","1","0"
"POINT (13.227092232000075 52.549519839000027)","Unfall 193502 (2019) Kat:3, Licht: 0","193502","3","7","5","04","11","5","0","0","0","1","0","0"
"POINT (13.359267810000063 52.546383535000075)","Unfall 193503 (2019) Kat:2, Licht: 0","193503","2","2","5","04","10","3","0","0","0","1","0","1"
"POINT (13.371327173000054 52.527060185000039)","Unfall 193504 (2019) Kat:3, Licht: 0","193504","3","5","1","04","11","3","0","0","1","0","0","0"
"POINT (13.524493691000032 52.478650159000040)","Unfall 193505 (2019) Kat:3, Licht: 0","193505","3","2","5","04","08","5","0","0","1","1","0","0"
"POINT (13.470860657000060 52.512320221000039)","Unfall 193506 (2019) Kat:3, Licht: 0","193506","3","4","0","04","10","3","0","0","1","1","0","0"
"POINT (13.323107008000022 52.456417044000034)","Unfall 193507 (2019) Kat:3, Licht: 0","193507","3","6","3","04","10","5","0","0","0","1","0","1"
"POINT (13.421505642000056 52.505565766000075)","Unfall 193508 (2019) Kat:3, Licht: 0","193508","3","5","1","04","09","3","0","0","1","0","0","0"
"POINT (13.448675076000029 52.531042568000032)","Unfall 193509 (2019) Kat:3, Licht: 2","193509","3","7","2","04","20","7","0","2","1","1","0","0"
"POINT (13.396669160000044 52.527003168000078)","Unfall 193510 (2019) Kat:3, Licht: 2","193510","3","5","1","04","01","3","0","2","1","1","0","0"
"POINT (13.196949469000060 52.531389355000044)","Unfall 193511 (2019) Kat:3, Licht: 2","193511","3","3","5","04","05","3","0","2","0","1","0","0"
"POINT (13.581739889000062 52.441185772000040)","Unfall 193512 (2019) Kat:3, Licht: 0","193512","3","7","5","04","12","6","0","0","0","1","0","0"
"POINT (13.508977368000046 52.463840394000044)","Unfall 193513 (2019) Kat:3, Licht: 0","193513","3","3","5","04","07","3","0","0","0","1","0","1"
"POINT (13.259805359000040 52.545176605000051)","Unfall 193514 (2019) Kat:3, Licht: 0","193514","3","3","6","04","14","5","0","0","0","1","1","0"
"POINT (13.506258372000048 52.508821987000033)","Unfall 193515 (2019) Kat:3, Licht: 0","193515","3","1","2","04","07","3","0","0","0","1","0","0"
"POINT (13.310224305000077 52.567960341000060)","Unfall 193516 (2019) Kat:3, Licht: 0","193516","3","6","2","04","17","1","0","0","0","1","0","0"
"POINT (13.198337801000037 52.532664097000065)","Unfall 193517 (2019) Kat:3, Licht: 2","193517","3","6","2","04","05","5","0","2","0","1","0","1"
"POINT (13.291375761000040 52.511913198000059)","Unfall 193518 (2019) Kat:3, Licht: 0","193518","3","7","6","04","07","3","0","0","0","1","1","0"
"POINT (13.432537713000045 52.557710292000081)","Unfall 193519 (2019) Kat:3, Licht: 0","193519","3","3","5","04","16","7","0","0","0","1","0","0"
"POINT (13.348608540000043 52.546086720000062)","Unfall 193520 (2019) Kat:3, Licht: 0","193520","3","3","5","04","08","3","0","0","0","1","0","0"
"POINT (13.363958052000044 52.506176607000043)","Unfall 193521 (2019) Kat:3, Licht: 0","193521","3","3","5","04","08","5","0","0","1","1","0","0"
"POINT (13.199097901000073 52.443291082000030)","Unfall 193522 (2019) Kat:2, Licht: 0","193522","2","6","0","04","08","3","0","0","0","1","0","0"
"POINT (13.292542919000027 52.590619177000065)","Unfall 193523 (2019) Kat:3, Licht: 0","193523","3","6","2","04","18","7","0","0","0","1","0","0"
"POINT (13.555838440000059 52.548473875000070)","Unfall 193524 (2019) Kat:3, Licht: 0","193524","3","2","5","04","08","3","0","0","0","1","0","0"
"POINT (13.266158941000072 52.512975999000048)","Unfall 193525 (2019) Kat:2, Licht: 0","193525","2","2","6","04","09","3","0","0","0","1","1","0"
"POINT (13.187317609000047 52.534283290000076)","Unfall 193526 (2019) Kat:2, Licht: 0","193526","2","4","6","04","11","6","0","0","0","1","1","0"
"POINT (13.390817128000037 52.492066836000049)","Unfall 193527 (2019) Kat:3, Licht: 1","193527","3","6","3","04","18","2","0","1","1","0","0","0"
"POINT (13.493884067000067 52.419018089000076)","Unfall 193528 (2019) Kat:3, Licht: 0","193528","3","6","6","04","16","5","0","0","0","1","1","0"
"POINT (13.405639986000040 52.529568702000063)","Unfall 193529 (2019) Kat:3, Licht: 0","193529","3","6","4","04","09","2","0","0","1","0","0","0"
"POINT (13.446922054000026 52.426969368000073)","Unfall 193530 (2019) Kat:3, Licht: 0","193530","3","2","5","04","13","1","0","0","0","1","0","1"
"POINT (13.579609380000022 52.459039273000030)","Unfall 193531 (2019) Kat:3, Licht: 0","193531","3","2","5","04","19","2","0","0","1","1","0","0"
"POINT (13.477639661000069 52.500523834000035)","Unfall 193532 (2019) Kat:3, Licht: 0","193532","3","6","3","04","12","2","0","0","0","1","0","0"
"POINT (13.273452948000056 52.499967457000082)","Unfall 193533 (2019) Kat:3, Licht: 0","193533","3","2","5","04","12","7","0","0","1","1","0","0"
"POINT (13.385692749000043 52.465730240000028)","Unfall 193534 (2019) Kat:3, Licht: 0","193534","3","2","5","04","12","2","0","0","1","1","0","0"
"POINT (13.434047962000022 52.482401346000074)","Unfall 193535 (2019) Kat:3, Licht: 0","193535","3","5","1","04","16","2","0","0","1","1","0","0"
"POINT (13.384486834000029 52.515318024000067)","Unfall 193536 (2019) Kat:3, Licht: 0","193536","3","6","2","04","09","6","0","0","0","1","0","1"
"POINT (13.254486343000053 52.561765030000061)","Unfall 193537 (2019) Kat:2, Licht: 0","193537","2","6","2","04","16","2","0","0","0","1","0","0"
"POINT (13.585649860000046 52.523635150000075)","Unfall 193538 (2019) Kat:3, Licht: 0","193538","3","3","5","04","17","5","0","0","1","1","0","0"
"POINT (13.543553754000072 52.433784477000074)","Unfall 193539 (2019) Kat:3, Licht: 0","193539","3","3","5","04","16","2","0","0","1","1","0","0"
"POINT (13.476242411000044 52.418429558000071)","Unfall 193540 (2019) Kat:3, Licht: 0","193540","3","6","3","04","07","6","0","0","1","1","0","0"
"POINT (13.435330724000039 52.470230624000067)","Unfall 193541 (2019) Kat:3, Licht: 0","193541","3","3","5","04","15","2","0","0","1","0","0","0"
"POINT (13.428822860000025 52.579117138000072)","Unfall 193542 (2019) Kat:3, Licht: 0","193542","3","2","5","04","12","5","0","0","0","0","0","0"
"POINT (13.409485119000067 52.525707295000075)","Unfall 193543 (2019) Kat:3, Licht: 0","193543","3","4","2","04","15","2","0","0","1","1","1","0"
"POINT (13.162501458000065 52.521739848000038)","Unfall 193544 (2019) Kat:3, Licht: 0","193544","3","2","5","04","14","1","0","0","0","1","0","0"
"POINT (13.415129238000077 52.521019288000048)","Unfall 193545 (2019) Kat:3, Licht: 0","193545","3","3","5","04","15","2","0","0","1","0","0","0"
"POINT (13.346311796000066 52.524954529000070)","Unfall 193546 (2019) Kat:3, Licht: 0","193546","3","2","5","04","15","2","0","0","1","1","0","0"
"POINT (13.137958306000030 52.525325474000056)","Unfall 193547 (2019) Kat:3, Licht: 0","193547","3","2","5","04","15","7","0","0","0","1","0","0"
"POINT (13.174106944000073 52.533802846000071)","Unfall 193548 (2019) Kat:3, Licht: 0","193548","3","3","0","04","13","2","0","0","1","0","0","0"
"POINT (13.519468522000068 52.535366833000069)","Unfall 193549 (2019) Kat:3, Licht: 0","193549","3","3","5","04","14","2","0","0","1","0","0","0"
"POINT (13.393644039000037 52.498119241000040)","Unfall 193550 (2019) Kat:3, Licht: 0","193550","3","6","3","04","07","5","0","0","1","0","0","0"
"POINT (13.195886534000067 52.527399191000029)","Unfall 193551 (2019) Kat:3, Licht: 0","193551","3","3","5","04","14","2","0","0","0","1","0","1"
"POINT (13.589750222000077 52.528095110000038)","Unfall 193552 (2019) Kat:3, Licht: 0","193552","3","6","2","04","16","5","0","0","0","1","0","0"
"POINT (13.339828639000075 52.464595170000052)","Unfall 193553 (2019) Kat:2, Licht: 0","193553","2","4","6","04","16","2","0","0","1","0","1","0"
"POINT (13.422137733000056 52.553107858000033)","Unfall 193554 (2019) Kat:3, Licht: 0","193554","3","3","5","04","13","7","0","0","1","1","0","0"
"POINT (13.333650825000063 52.502159893000055)","Unfall 193555 (2019) Kat:3, Licht: 0","193555","3","5","1","04","18","2","0","0","0","1","0","0"
"POINT (13.626904021000030 52.527213697000036)","Unfall 193556 (2019) Kat:3, Licht: 0","193556","3","3","5","04","13","2","0","0","1","1","0","0"
"POINT (13.405765095000049 52.489693386000056)","Unfall 193557 (2019) Kat:3, Licht: 0","193557","3","6","2","04","16","2","0","0","0","1","0","0"
"POINT (13.443743775000030 52.533430935000069)","Unfall 193558 (2019) Kat:3, Licht: 0","193558","3","6","2","04","19","1","0","0","0","1","0","0"
"POINT (13.272287924000068 52.479601786000046)","Unfall 193559 (2019) Kat:3, Licht: 0","193559","3","5","1","04","12","2","0","0","1","1","0","0"
"POINT (13.232505631000038 52.540508180000074)","Unfall 193560 (2019) Kat:3, Licht: 0","193560","3","7","0","04","14","2","1","0","0","0","0","1"
"POINT (13.324977904000036 52.507946560000050)","Unfall 193561 (2019) Kat:3, Licht: 1","193561","3","3","5","04","19","4","0","1","1","1","0","0"
"POINT (13.406483464000075 52.498326094000049)","Unfall 193562 (2019) Kat:3, Licht: 0","193562","3","3","5","04","18","6","0","0","0","1","0","0"
"POINT (13.380639262000045 52.552683240000079)","Unfall 193563 (2019) Kat:3, Licht: 0","193563","3","5","5","04","17","2","0","0","1","1","0","0"
"POINT (13.398098964000042 52.534768300000053)","Unfall 193564 (2019) Kat:3, Licht: 0","193564","3","6","2","04","18","4","0","0","0","1","0","0"
"POINT (13.198441699000057 52.533137493000027)","Unfall 193565 (2019) Kat:3, Licht: 0","193565","3","6","2","04","12","2","0","0","0","1","0","0"
"POINT (13.409119349000036 52.527298634000033)","Unfall 193566 (2019) Kat:3, Licht: 0","193566","3","6","3","04","18","4","0","0","1","1","0","0"
"POINT (13.253727376000029 52.444957470000077)","Unfall 193567 (2019) Kat:3, Licht: 0","193567","3","2","5","04","14","5","0","0","0","1","0","1"
"POINT (13.351924989000054 52.435957227000074)","Unfall 193568 (2019) Kat:3, Licht: 0","193568","3","3","5","04","16","2","0","0","1","1","0","0"
"POINT (13.440145006000023 52.470429751000040)","Unfall 193569 (2019) Kat:3, Licht: 0","193569","3","7","2","04","18","4","0","0","1","0","0","0"
"POINT (13.426090367000029 52.558469333000062)","Unfall 193570 (2019) Kat:3, Licht: 0","193570","3","1","1","04","17","4","0","0","0","0","0","1"
"POINT (13.330451058000051 52.511094744000047)","Unfall 193571 (2019) Kat:3, Licht: 0","193571","3","7","5","04","09","5","0","0","0","1","0","0"
"POINT (13.404250527000045 52.533162027000060)","Unfall 193572 (2019) Kat:3, Licht: 0","193572","3","3","0","04","13","2","0","0","1","1","0","0"
"POINT (13.562180362000049 52.445277449000059)","Unfall 193573 (2019) Kat:3, Licht: 0","193573","3","7","2","04","17","4","0","0","0","1","0","0"
"POINT (13.317657407000070 52.547092564000081)","Unfall 193574 (2019) Kat:3, Licht: 1","193574","3","4","6","04","18","7","0","1","0","0","1","1"
"POINT (13.348212406000073 52.502384460000030)","Unfall 193575 (2019) Kat:3, Licht: 0","193575","3","6","0","04","17","4","0","0","0","1","0","0"
"POINT (13.350659998000026 52.549372086000062)","Unfall 193576 (2019) Kat:3, Licht: 0","193576","3","5","1","04","13","2","0","0","0","1","0","0"
"POINT (13.273903668000059 52.509680985000045)","Unfall 193577 (2019) Kat:3, Licht: 0","193577","3","3","5","04","17","4","0","0","0","1","0","1"
"POINT (13.232504645000063 52.540498066000055)","Unfall 193578 (2019) Kat:3, Licht: 0","193578","3","2","5","04","18","2","0","0","1","1","0","0"
"POINT (13.452273327000057 52.527456964000066)","Unfall 193579 (2019) Kat:3, Licht: 0","193579","3","3","5","04","17","4","0","0","1","1","0","0"
"POINT (13.378558101000067 52.451379066000072)","Unfall 193580 (2019) Kat:3, Licht: 0","193580","3","6","3","04","10","6","0","0","0","1","0","1"
"POINT (13.345012821000068 52.490323336000074)","Unfall 193581 (2019) Kat:3, Licht: 0","193581","3","6","2","04","11","2","0","0","0","1","0","0"
"POINT (13.370559546000038 52.455684551000047)","Unfall 193582 (2019) Kat:3, Licht: 0","193582","3","6","2","04","16","4","0","0","0","1","0","0"
"POINT (13.395237253000062 52.496324530000038)","Unfall 193583 (2019) Kat:3, Licht: 0","193583","3","2","5","04","16","4","0","0","1","1","0","0"
"POINT (13.309662330000037 52.431320950000043)","Unfall 193584 (2019) Kat:3, Licht: 0","193584","3","2","3","04","15","5","0","0","0","1","0","0"
"POINT (13.137738155000022 52.397211066000068)","Unfall 193585 (2019) Kat:3, Licht: 0","193585","3","6","4","04","16","4","0","0","1","1","0","0"
"POINT (13.381842256000027 52.429312923000055)","Unfall 193586 (2019) Kat:3, Licht: 0","193586","3","3","5","04","14","6","0","0","0","1","0","0"
"POINT (13.334351095000045 52.589510335000057)","Unfall 193587 (2019) Kat:3, Licht: 0","193587","3","6","6","04","15","4","0","0","1","0","1","0"
"POINT (13.257305894000069 52.518851891000054)","Unfall 193588 (2019) Kat:3, Licht: 0","193588","3","3","5","04","15","4","0","0","0","1","0","0"
"POINT (13.339097878000075 52.451013703000058)","Unfall 193589 (2019) Kat:3, Licht: 0","193589","3","7","5","04","15","4","0","0","0","1","0","1"
"POINT (13.396629337000036 52.524027095000065)","Unfall 193590 (2019) Kat:3, Licht: 0","193590","3","7","5","04","14","5","0","0","0","1","0","1"
"POINT (13.362904117000028 52.476183660000061)","Unfall 193591 (2019) Kat:3, Licht: 0","193591","3","2","5","04","18","2","0","0","1","1","0","0"
"POINT (13.399376210000071 52.452977365000038)","Unfall 193592 (2019) Kat:3, Licht: 0","193592","3","3","5","04","14","4","0","0","0","1","0","0"
"POINT (13.328652673000022 52.492726896000079)","Unfall 193593 (2019) Kat:3, Licht: 0","193593","3","4","6","04","16","2","0","0","0","1","1","0"
"POINT (13.404495217000033 52.508840673000066)","Unfall 193594 (2019) Kat:3, Licht: 0","193594","3","3","5","04","14","4","0","0","0","1","0","1"
"POINT (13.364721996000071 52.459781145000079)","Unfall 193595 (2019) Kat:3, Licht: 0","193595","3","7","0","04","07","5","0","0","0","0","1","1"
"POINT (13.379208420000055 52.525061815000072)","Unfall 193596 (2019) Kat:3, Licht: 0","193596","3","2","6","04","10","2","0","0","0","1","1","0"
"POINT (13.539316148000069 52.525702316000036)","Unfall 193597 (2019) Kat:3, Licht: 0","193597","3","1","0","04","17","4","0","0","0","0","0","1"
"POINT (13.389088966000031 52.547088048000035)","Unfall 193598 (2019) Kat:3, Licht: 0","193598","3","7","6","04","17","7","0","0","1","0","1","0"
"POINT (13.394534978000024 52.464379294000082)","Unfall 193599 (2019) Kat:3, Licht: 0","193599","3","3","5","04","08","4","0","0","0","1","0","0"
"POINT (13.583973178000065 52.483621251000045)","Unfall 193600 (2019) Kat:2, Licht: 0","193600","2","2","5","04","17","2","0","0","0","1","0","1"
"POINT (13.367085352000061 52.493211956000039)","Unfall 193601 (2019) Kat:3, Licht: 0","193601","3","2","5","04","08","4","0","0","1","1","0","0"
"POINT (13.333509409000044 52.557137138000030)","Unfall 193602 (2019) Kat:3, Licht: 0","193602","3","4","6","04","18","2","0","0","0","1","1","0"
"POINT (13.449063823000074 52.497132780000072)","Unfall 193603 (2019) Kat:3, Licht: 0","193603","3","6","2","04","09","3","0","0","1","0","0","0"
"POINT (13.315017724000029 52.469494056000030)","Unfall 193604 (2019) Kat:3, Licht: 0","193604","3","6","2","04","08","6","0","0","0","1","0","0"
"POINT (13.419766914000036 52.606021260000034)","Unfall 193605 (2019) Kat:3, Licht: 0","193605","3","6","2","04","19","2","0","0","0","1","0","1"
"POINT (13.388853406000067 52.516891046000069)","Unfall 193606 (2019) Kat:3, Licht: 0","193606","3","2","5","04","18","3","0","0","0","1","0","0"
"POINT (13.340789181000048 52.505157527000051)","Unfall 193607 (2019) Kat:3, Licht: 0","193607","3","6","2","04","09","3","0","0","0","1","0","0"
"POINT (13.284905983000044 52.491691616000026)","Unfall 193608 (2019) Kat:3, Licht: 0","193608","3","6","2","04","16","5","0","0","0","1","0","0"
"POINT (13.367484208000064 52.586363338000069)","Unfall 193609 (2019) Kat:3, Licht: 0","193609","3","2","5","04","12","3","0","0","1","1","0","0"
"POINT (13.454452961000072 52.454509597000026)","Unfall 193610 (2019) Kat:3, Licht: 0","193610","3","3","6","04","17","3","0","0","0","1","1","0"
"POINT (13.618331396000031 52.455459956000027)","Unfall 193611 (2019) Kat:3, Licht: 0","193611","3","6","2","04","11","1","0","0","0","1","0","0"
"POINT (13.343424033000076 52.526349790000040)","Unfall 193612 (2019) Kat:3, Licht: 0","193612","3","4","6","04","17","3","0","0","1","0","1","0"
"POINT (13.526968064000073 52.486478381000040)","Unfall 193613 (2019) Kat:2, Licht: 2","193613","2","4","6","04","20","2","0","2","0","1","1","0"
"POINT (13.400955012000054 52.414426122000066)","Unfall 193614 (2019) Kat:3, Licht: 0","193614","3","2","5","04","10","2","0","0","1","0","0","0"
"POINT (13.388602923000064 52.492596618000050)","Unfall 193615 (2019) Kat:3, Licht: 0","193615","3","6","2","04","17","3","0","0","1","1","0","0"
"POINT (13.260094955000056 52.516553953000027)","Unfall 193616 (2019) Kat:2, Licht: 0","193616","2","3","5","04","13","7","0","0","0","1","0","1"
"POINT (13.378312347000076 52.457494712000027)","Unfall 193617 (2019) Kat:3, Licht: 0","193617","3","3","5","04","12","3","0","0","0","1","0","0"
"POINT (13.402522495000028 52.528070777000039)","Unfall 193618 (2019) Kat:3, Licht: 0","193618","3","3","5","04","09","2","0","0","1","1","0","0"
"POINT (13.372049297000046 52.538854943000047)","Unfall 193619 (2019) Kat:3, Licht: 0","193619","3","6","2","04","18","3","0","0","1","1","0","0"
"POINT (13.210856228000068 52.500706151000031)","Unfall 193620 (2019) Kat:2, Licht: 2","193620","2","1","9","04","01","1","0","2","0","0","0","1"
"POINT (13.285979680000025 52.449612438000031)","Unfall 193621 (2019) Kat:3, Licht: 0","193621","3","3","5","04","12","3","0","0","0","1","0","1"
"POINT (13.449395645000038 52.537209833000077)","Unfall 193622 (2019) Kat:3, Licht: 0","193622","3","2","2","04","14","4","0","0","0","1","0","0"
"POINT (13.592889761000038 52.544819770000061)","Unfall 193623 (2019) Kat:3, Licht: 0","193623","3","3","5","04","09","2","0","0","1","1","0","0"
"POINT (13.455682582000065 52.473602556000060)","Unfall 193624 (2019) Kat:3, Licht: 0","193624","3","4","6","04","11","3","0","0","0","1","1","0"
"POINT (13.429046818000074 52.471668572000056)","Unfall 193625 (2019) Kat:3, Licht: 2","193625","3","6","1","04","01","7","0","2","1","1","0","0"
"POINT (13.325655235000056 52.434252071000060)","Unfall 193626 (2019) Kat:3, Licht: 0","193626","3","3","5","04","11","3","0","0","0","1","0","0"
"POINT (13.218427394000059 52.537419340000042)","Unfall 193627 (2019) Kat:3, Licht: 0","193627","3","5","1","04","08","2","0","0","0","1","0","0"
"POINT (13.264458291000039 52.514629792000051)","Unfall 193628 (2019) Kat:3, Licht: 0","193628","3","3","5","04","10","3","0","0","0","1","0","0"
"POINT (13.360638665000067 52.497981647000074)","Unfall 193629 (2019) Kat:3, Licht: 0","193629","3","6","2","04","08","2","0","0","0","0","0","1"
"POINT (13.409813648000068 52.524013522000075)","Unfall 193630 (2019) Kat:2, Licht: 1","193630","2","2","5","04","18","3","0","1","1","1","0","0"
"POINT (13.326058169000078 52.447233926000081)","Unfall 193631 (2019) Kat:3, Licht: 0","193631","3","5","1","04","11","6","0","0","1","1","0","0"
"POINT (13.326689947000034 52.527606309000078)","Unfall 193632 (2019) Kat:2, Licht: 0","193632","2","4","6","04","08","2","0","0","0","1","1","0"
"POINT (13.506033090000074 52.515360158000078)","Unfall 193633 (2019) Kat:3, Licht: 2","193633","3","3","5","04","20","3","0","2","1","1","0","0"
"POINT (13.322905452000043 52.489785294000058)","Unfall 193634 (2019) Kat:3, Licht: 0","193634","3","7","2","04","10","3","0","0","1","0","0","0"
"POINT (13.297374708000063 52.577846711000063)","Unfall 193635 (2019) Kat:3, Licht: 2","193635","3","3","5","04","20","5","0","2","0","1","0","0"
"POINT (13.458077954000032 52.505026698000052)","Unfall 193636 (2019) Kat:3, Licht: 0","193636","3","6","2","04","08","2","0","0","1","0","0","0"
"POINT (13.360848571000076 52.570359910000036)","Unfall 193637 (2019) Kat:3, Licht: 2","193637","3","2","5","04","21","3","0","2","0","1","0","0"
"POINT (13.397382931000038 52.532489977000068)","Unfall 193638 (2019) Kat:3, Licht: 0","193638","3","1","0","04","12","1","0","0","1","0","0","0"
"POINT (13.303457084000058 52.503713988000072)","Unfall 193639 (2019) Kat:3, Licht: 0","193639","3","6","3","04","10","3","0","0","1","1","0","0"
"POINT (13.508671797000034 52.442642391000049)","Unfall 193640 (2019) Kat:2, Licht: 0","193640","2","1","0","04","11","2","0","0","0","0","0","1"
"POINT (13.318506035000041 52.566340521000029)","Unfall 193641 (2019) Kat:3, Licht: 0","193641","3","6","2","04","17","2","0","0","0","1","0","0"
"POINT (13.239859982000041 52.618879292000031)","Unfall 193642 (2019) Kat:3, Licht: 0","193642","3","6","3","04","09","3","0","0","0","1","0","0"
"POINT (13.424508174000039 52.508867307000060)","Unfall 193643 (2019) Kat:3, Licht: 0","193643","3","6","2","04","19","6","0","0","1","1","0","0"
"POINT (13.461488662000022 52.454366667000045)","Unfall 193644 (2019) Kat:3, Licht: 0","193644","3","3","5","03","18","1","0","0","0","1","0","0"
"POINT (13.366754218000040 52.496559464000029)","Unfall 193645 (2019) Kat:3, Licht: 2","193645","3","2","5","04","21","3","0","2","1","1","0","0"
"POINT (13.333380033000026 52.560361100000080)","Unfall 193646 (2019) Kat:3, Licht: 0","193646","3","6","3","03","18","1","0","0","0","1","0","1"
"POINT (13.268864957000062 52.536578624000072)","Unfall 193647 (2019) Kat:3, Licht: 0","193647","3","6","2","04","13","3","0","0","0","1","0","0"
"POINT (13.405987759000027 52.525049283000044)","Unfall 193648 (2019) Kat:3, Licht: 0","193648","3","6","3","04","11","5","0","0","1","0","0","0"
"POINT (13.346640057000059 52.616693407000071)","Unfall 193649 (2019) Kat:3, Licht: 0","193649","3","2","5","03","17","1","0","0","1","0","0","0"
"POINT (13.454475480000042 52.512144911000064)","Unfall 193650 (2019) Kat:3, Licht: 2","193650","3","7","5","04","22","3","0","2","1","1","0","0"
"POINT (13.295542796000063 52.550161733000039)","Unfall 193651 (2019) Kat:3, Licht: 0","193651","3","2","2","03","17","1","0","0","0","1","0","0"
"POINT (13.365812084000027 52.525377184000035)","Unfall 193652 (2019) Kat:3, Licht: 0","193652","3","3","5","04","07","3","0","0","1","0","0","1"
"POINT (13.521660128000065 52.460591670000042)","Unfall 193653 (2019) Kat:3, Licht: 0","193653","3","4","6","03","15","1","0","0","0","0","1","0"
"POINT (13.385817072000066 52.452821485000072)","Unfall 193654 (2019) Kat:3, Licht: 0","193654","3","6","3","04","06","3","0","0","1","1","0","0"
"POINT (13.284399114000053 52.588757822000048)","Unfall 193655 (2019) Kat:3, Licht: 0","193655","3","7","2","04","14","6","0","0","0","1","0","1"
"POINT (13.395945354000048 52.532455050000067)","Unfall 193656 (2019) Kat:3, Licht: 0","193656","3","2","5","03","13","1","0","0","1","1","0","0"
"POINT (13.328606017000027 52.562421529000062)","Unfall 193657 (2019) Kat:3, Licht: 0","193657","3","6","0","04","13","3","0","0","0","1","0","0"
"POINT (13.431401461000064 52.580575207000038)","Unfall 193658 (2019) Kat:2, Licht: 0","193658","2","3","5","04","17","3","0","0","0","1","0","0"
"POINT (13.604028827000036 52.539685201000054)","Unfall 193659 (2019) Kat:3, Licht: 0","193659","3","4","6","04","17","5","0","0","0","1","1","0"
"POINT (13.313124090000031 52.574938248000080)","Unfall 193660 (2019) Kat:3, Licht: 0","193660","3","6","3","03","16","1","0","0","0","1","0","0"
"POINT (13.232283928000072 52.426934222000057)","Unfall 193661 (2019) Kat:2, Licht: 0","193661","2","4","6","04","11","3","0","0","0","1","1","0"
"POINT (13.394072104000031 52.515072285000031)","Unfall 193662 (2019) Kat:3, Licht: 0","193662","3","1","2","04","16","1","0","0","0","1","0","1"
"POINT (13.337774195000065 52.451132163000068)","Unfall 193663 (2019) Kat:2, Licht: 2","193663","2","2","6","04","22","3","0","2","0","1","1","0"
"POINT (13.332805363000034 52.504051840000045)","Unfall 193664 (2019) Kat:2, Licht: 0","193664","2","6","2","03","16","1","0","0","0","1","0","0"
"POINT (13.430564063000077 52.556848798000033)","Unfall 193665 (2019) Kat:3, Licht: 2","193665","3","4","6","03","01","1","0","2","0","1","1","0"
"POINT (13.322667794000040 52.488235819000067)","Unfall 193666 (2019) Kat:3, Licht: 0","193666","3","5","1","04","09","3","0","0","1","1","0","0"
"POINT (13.275319708000040 52.535775474000047)","Unfall 193667 (2019) Kat:3, Licht: 1","193667","3","2","5","04","18","6","0","1","1","1","0","0"
"POINT (13.426440469000056 52.476904469000033)","Unfall 193668 (2019) Kat:3, Licht: 2","193668","3","6","3","03","00","1","0","2","0","1","0","0"
"POINT (13.311046969000074 52.476998419000040)","Unfall 193669 (2019) Kat:3, Licht: 0","193669","3","5","1","04","17","3","0","0","1","1","0","0"
"POINT (13.157930900000053 52.533096939000075)","Unfall 193670 (2019) Kat:3, Licht: 0","193670","3","6","2","03","09","1","0","0","0","1","0","0"
"POINT (13.196668397000053 52.531056971000055)","Unfall 193671 (2019) Kat:3, Licht: 2","193671","3","1","0","04","20","3","0","2","1","0","0","0"
"POINT (13.474679950000052 52.463534813000081)","Unfall 193672 (2019) Kat:3, Licht: 0","193672","3","4","6","04","15","5","0","0","0","1","1","0"
"POINT (13.169524948000060 52.518218515000058)","Unfall 193673 (2019) Kat:3, Licht: 0","193673","3","3","5","03","11","1","0","0","1","1","0","0"
"POINT (13.389229587000045 52.522015350000061)","Unfall 193674 (2019) Kat:3, Licht: 0","193674","3","1","0","04","17","3","0","0","1","0","0","0"
"POINT (13.453872299000068 52.514056437000079)","Unfall 193675 (2019) Kat:3, Licht: 0","193675","3","1","0","04","18","3","0","0","1","0","0","0"
"POINT (13.521648370000037 52.525915211000040)","Unfall 193676 (2019) Kat:3, Licht: 0","193676","3","2","5","04","09","5","0","0","1","1","0","0"
"POINT (13.296391606000043 52.529286049000063)","Unfall 193677 (2019) Kat:3, Licht: 0","193677","3","2","5","03","12","1","0","0","0","1","0","0"
"POINT (13.479509902000075 52.612553906000073)","Unfall 193678 (2019) Kat:2, Licht: 0","193678","2","3","5","04","07","3","0","0","1","1","0","0"
"POINT (13.408089375000031 52.452482195000073)","Unfall 193679 (2019) Kat:2, Licht: 0","193679","2","3","5","04","18","7","0","0","1","1","0","0"
"POINT (13.365977581000038 52.495548205000034)","Unfall 193680 (2019) Kat:3, Licht: 0","193680","3","5","1","04","16","3","0","0","1","1","0","0"