WKT,Name,OBJECTID,UKATEGORIE,UTYP1,UART,UMONAT,USTUNDE,UWOCHENTAG,STRZUSTAND,ULICHTVERH,ISTRAD,ISTPKW,ISTFUSS,ISTKRAD
"POINT (13.370828286000062 52.517800862000058)","Unfall 193681 (2019) Kat:3, Licht: 0","193681","3","2","5","04","16","3","0","0","0","1","0","1"
"POINT (13.388437922000037 52.519252298000026)","Unfall 193682 (2019) Kat:3, Licht: 0","193682","3","4","6","04","10","5","0","0","0","0","1","0"
"POINT (13.195447818000048 52.533370985000033)","Unfall 193683 (2019) Kat:3, Licht: 0","193683","3","3","5","03","13","7","0","0","0","1","0","0"
"POINT (13.535217108000040 52.432402864000039)","Unfall 193684 (2019) Kat:3, Licht: 0","193684","3","2","5","04","16","3","0","0","1","1","0","0"
"POINT (13.409592721000024 52.528667033000033)","Unfall 193685 (2019) Kat:3, Licht: 2","193685","3","7","5","04","23","7","0","2","0","1","0","0"
"POINT (13.359707380000032 52.418937987000049)","Unfall 193686 (2019) Kat:3, Licht: 0","193686","3","6","0","04","16","3","0","0","0","1","0","0"
"POINT (13.381634479000070 52.628608275000033)","Unfall 193687 (2019) Kat:3, Licht: 0","193687","3","3","5","03","15","7","0","0","1","1","0","0"
"POINT (13.409942101000070 52.455366267000045)","Unfall 193688 (2019) Kat:3, Licht: 0","193688","3","2","5","04","15","3","0","0","1","1","0","0"
"POINT (13.342702805000044 52.566573873000038)","Unfall 193689 (2019) Kat:3, Licht: 0","193689","3","1","1","03","15","7","0","0","0","1","0","0"
"POINT (13.476958120000063 52.522984142000041)","Unfall 193690 (2019) Kat:2, Licht: 0","193690","2","4","6","04","15","3","0","0","0","1","1","0"
"POINT (13.377275686000075 52.528872460000059)","Unfall 193691 (2019) Kat:3, Licht: 0","193691","3","6","3","04","13","6","0","0","0","1","0","1"
"POINT (13.299201167000035 52.523531662000039)","Unfall 193692 (2019) Kat:2, Licht: 0","193692","2","4","6","04","14","3","0","0","0","1","1","0"
"POINT (13.284710528000062 52.518728743000054)","Unfall 193693 (2019) Kat:3, Licht: 0","193693","3","6","2","04","14","3","0","0","0","1","0","1"
"POINT (13.413442164000060 52.549662817000069)","Unfall 193694 (2019) Kat:3, Licht: 0","193694","3","3","5","03","14","7","0","0","1","0","0","0"
"POINT (13.470809939000048 52.466138291000050)","Unfall 193695 (2019) Kat:3, Licht: 0","193695","3","6","2","04","14","3","0","0","0","1","0","0"
"POINT (13.387898432000043 52.453051336000044)","Unfall 193696 (2019) Kat:3, Licht: 0","193696","3","2","5","04","16","5","0","0","0","1","0","1"
"POINT (13.377019197000038 52.483336031000078)","Unfall 193697 (2019) Kat:3, Licht: 0","193697","3","2","5","03","14","7","0","0","0","1","0","1"
"POINT (13.362906826000028 52.566632150000032)","Unfall 193698 (2019) Kat:3, Licht: 0","193698","3","2","5","04","14","3","0","0","0","1","0","0"
"POINT (13.473690765000072 52.522984763000068)","Unfall 193699 (2019) Kat:2, Licht: 0","193699","2","7","5","04","17","1","0","0","0","1","0","1"
"POINT (13.409768459000077 52.524015992000045)","Unfall 193700 (2019) Kat:3, Licht: 0","193700","3","2","5","04","14","3","0","0","1","1","0","0"
"POINT (13.430263944000046 52.524515319000045)","Unfall 193701 (2019) Kat:3, Licht: 0","193701","3","4","6","04","07","5","0","0","0","1","1","0"
"POINT (13.419584569000051 52.591272155000070)","Unfall 193702 (2019) Kat:3, Licht: 0","193702","3","2","2","03","14","7","0","0","0","1","0","0"
"POINT (13.377386618000060 52.489470500000039)","Unfall 193703 (2019) Kat:3, Licht: 0","193703","3","1","0","04","13","3","0","0","1","0","0","0"
"POINT (13.323032378000050 52.490487377000079)","Unfall 193704 (2019) Kat:3, Licht: 0","193704","3","5","1","04","16","7","0","0","1","1","0","0"
"POINT (13.280825414000049 52.593775011000048)","Unfall 193705 (2019) Kat:3, Licht: 0","193705","3","2","5","04","13","3","0","0","0","1","0","0"
"POINT (13.388853965000067 52.398416177000058)","Unfall 193706 (2019) Kat:2, Licht: 0","193706","2","2","5","03","14","7","0","0","1","1","0","0"
"POINT (13.419811248000030 52.572804994000080)","Unfall 193707 (2019) Kat:3, Licht: 0","193707","3","2","5","04","13","3","0","0","0","0","0","1"
"POINT (13.354502496000066 52.429779321000069)","Unfall 193708 (2019) Kat:2, Licht: 0","193708","2","5","0","03","13","7","0","0","0","0","0","1"
"POINT (13.355534811000041 52.490125563000049)","Unfall 193709 (2019) Kat:3, Licht: 0","193709","3","5","1","04","13","3","0","0","1","1","0","0"
"POINT (13.409311603000049 52.501732189000052)","Unfall 193710 (2019) Kat:3, Licht: 0","193710","3","2","0","04","07","6","0","0","1","1","0","0"
"POINT (13.479531057000031 52.525970880000045)","Unfall 193711 (2019) Kat:3, Licht: 0","193711","3","5","1","03","13","7","0","0","0","1","0","0"
"POINT (13.488648799000032 52.526603798000053)","Unfall 193712 (2019) Kat:3, Licht: 0","193712","3","1","0","04","15","2","0","0","1","0","0","0"
"POINT (13.411015449000047 52.530616143000032)","Unfall 193713 (2019) Kat:3, Licht: 2","193713","3","2","5","04","23","2","0","2","1","0","0","0"
"POINT (13.455915522000055 52.434274336000044)","Unfall 193714 (2019) Kat:3, Licht: 0","193714","3","6","2","03","13","7","0","0","0","1","0","0"
"POINT (13.444489204000035 52.615209160000063)","Unfall 193715 (2019) Kat:3, Licht: 0","193715","3","6","2","04","15","2","0","0","0","1","0","0"
"POINT (13.306611413000041 52.555190554000035)","Unfall 193716 (2019) Kat:2, Licht: 0","193716","2","3","5","03","13","7","0","0","1","1","0","0"
"POINT (13.411699446000057 52.571602917000064)","Unfall 193717 (2019) Kat:3, Licht: 0","193717","3","2","6","04","15","2","0","0","0","1","1","0"
"POINT (13.604301268000029 52.536488872000064)","Unfall 193718 (2019) Kat:2, Licht: 0","193718","2","4","6","04","16","6","0","0","0","1","1","0"
"POINT (13.577391290000037 52.562065561000054)","Unfall 193719 (2019) Kat:3, Licht: 0","193719","3","4","6","03","12","7","0","0","0","1","1","0"
"POINT (13.208954328000061 52.559398379000072)","Unfall 193720 (2019) Kat:3, Licht: 0","193720","3","3","5","04","17","2","0","0","1","1","0","0"
"POINT (13.378283109000051 52.478284028000076)","Unfall 193721 (2019) Kat:3, Licht: 0","193721","3","4","6","04","14","2","0","0","0","1","1","0"
"POINT (13.359632716000021 52.574961140000028)","Unfall 193722 (2019) Kat:3, Licht: 0","193722","3","5","1","04","14","5","0","0","0","1","0","1"
"POINT (13.376583747000041 52.485046056000044)","Unfall 193723 (2019) Kat:2, Licht: 0","193723","2","2","5","03","08","7","0","0","0","1","0","0"
"POINT (13.356909597000026 52.524873564000075)","Unfall 193724 (2019) Kat:3, Licht: 0","193724","3","7","2","04","15","2","0","0","0","1","0","0"
"POINT (13.428603050000049 52.582968824000034)","Unfall 193725 (2019) Kat:3, Licht: 0","193725","3","2","0","04","15","1","0","0","1","1","0","0"
"POINT (13.426874726000051 52.487372055000037)","Unfall 193726 (2019) Kat:3, Licht: 0","193726","3","3","5","04","08","2","0","0","1","1","0","0"
"POINT (13.341913424000040 52.600408011000070)","Unfall 193727 (2019) Kat:3, Licht: 0","193727","3","1","1","03","08","7","0","0","0","1","0","0"
"POINT (13.400130802000035 52.459195731000079)","Unfall 193728 (2019) Kat:2, Licht: 0","193728","2","2","6","03","07","7","0","0","0","0","1","0"
"POINT (13.296756912000035 52.548123772000054)","Unfall 193729 (2019) Kat:3, Licht: 2","193729","3","2","5","04","22","2","0","2","0","1","0","0"
"POINT (13.109238032000064 52.414075689000072)","Unfall 193730 (2019) Kat:2, Licht: 0","193730","2","2","5","04","11","7","0","0","1","1","0","0"
"POINT (13.459023906000027 52.550133725000080)","Unfall 193731 (2019) Kat:3, Licht: 2","193731","3","6","3","04","21","2","0","2","1","1","0","0"
"POINT (13.407853983000052 52.549373815000081)","Unfall 193732 (2019) Kat:3, Licht: 0","193732","3","1","0","03","08","7","0","0","1","0","0","0"
"POINT (13.444692378000070 52.446739574000048)","Unfall 193733 (2019) Kat:3, Licht: 2","193733","3","7","6","04","20","2","0","2","0","1","1","0"
"POINT (13.197807069000021 52.519383376000064)","Unfall 193734 (2019) Kat:3, Licht: 0","193734","3","1","0","03","13","7","0","0","0","0","0","1"
"POINT (13.418130077000058 52.499413403000062)","Unfall 193735 (2019) Kat:3, Licht: 2","193735","3","2","6","04","20","2","0","2","0","1","1","0"
"POINT (13.335610286000076 52.495992205000050)","Unfall 193736 (2019) Kat:3, Licht: 1","193736","3","5","4","04","19","6","0","1","1","0","0","0"
"POINT (13.346271058000070 52.501072874000045)","Unfall 193737 (2019) Kat:3, Licht: 2","193737","3","3","5","03","00","7","0","2","0","1","0","0"
"POINT (13.396247384000048 52.498381267000070)","Unfall 193738 (2019) Kat:3, Licht: 2","193738","3","6","2","04","20","2","0","2","0","1","0","1"
"POINT (13.445335108000052 52.482407728000055)","Unfall 193739 (2019) Kat:3, Licht: 1","193739","3","7","2","04","19","2","0","1","0","1","0","1"
"POINT (13.222154255000021 52.548834945000067)","Unfall 193740 (2019) Kat:3, Licht: 0","193740","3","6","2","04","17","5","0","0","0","1","0","0"
"POINT (13.431427020000058 52.499411210000062)","Unfall 193741 (2019) Kat:3, Licht: 0","193741","3","4","0","03","15","7","0","0","1","0","1","0"
"POINT (13.365841023000030 52.525313178000033)","Unfall 193742 (2019) Kat:3, Licht: 0","193742","3","2","5","04","18","2","0","0","0","1","0","1"
"POINT (13.330791642000065 52.487151474000029)","Unfall 193743 (2019) Kat:3, Licht: 2","193743","3","2","6","04","19","1","0","2","0","1","1","0"
"POINT (13.491673662000039 52.539973367000073)","Unfall 193744 (2019) Kat:3, Licht: 0","193744","3","2","5","04","18","2","0","0","1","1","0","0"
"POINT (13.476148539000064 52.533085634000031)","Unfall 193745 (2019) Kat:3, Licht: 0","193745","3","2","2","03","15","7","0","0","0","1","0","0"
"POINT (13.562028802000043 52.437386706000041)","Unfall 193746 (2019) Kat:3, Licht: 0","193746","3","6","2","04","17","2","0","0","0","1","0","0"
"POINT (13.292002794000041 52.590586067000061)","Unfall 193747 (2019) Kat:3, Licht: 0","193747","3","2","5","04","12","5","0","0","0","1","0","0"
"POINT (13.293995552000069 52.506829101000051)","Unfall 193748 (2019) Kat:3, Licht: 0","193748","3","6","2","04","16","2","0","0","0","1","0","0"
"POINT (13.573881544000074 52.444554598000082)","Unfall 193749 (2019) Kat:3, Licht: 0","193749","3","3","5","03","15","7","0","0","1","1","0","0"
"POINT (13.419409289000043 52.487573576000045)","Unfall 193750 (2019) Kat:3, Licht: 0","193750","3","6","3","04","08","2","0","0","0","1","0","0"
"POINT (13.416087207000032 52.544995285000027)","Unfall 193751 (2019) Kat:3, Licht: 0","193751","3","6","2","04","12","1","0","0","1","1","0","0"
"POINT (13.371879443000068 52.509083413000042)","Unfall 193752 (2019) Kat:3, Licht: 0","193752","3","3","5","04","08","2","0","0","1","1","0","0"
"POINT (13.592908198000032 52.548437760000070)","Unfall 193753 (2019) Kat:3, Licht: 0","193753","3","2","5","03","15","7","0","0","0","1","0","0"
"POINT (13.423349824000070 52.486724002000074)","Unfall 193754 (2019) Kat:3, Licht: 0","193754","3","7","5","03","16","7","0","0","0","1","0","0"
"POINT (13.339209811000046 52.503130516000056)","Unfall 193755 (2019) Kat:3, Licht: 0","193755","3","2","5","04","08","2","0","0","1","0","0","1"
"POINT (13.466798572000073 52.520162805000041)","Unfall 193756 (2019) Kat:3, Licht: 0","193756","3","3","0","04","14","7","0","0","0","1","0","1"
"POINT (13.431777121000039 52.544027699000026)","Unfall 193757 (2019) Kat:3, Licht: 0","193757","3","6","2","04","08","2","0","0","0","1","0","0"
"POINT (13.504009017000044 52.460891705000051)","Unfall 193758 (2019) Kat:3, Licht: 0","193758","3","6","2","03","16","7","0","0","0","1","0","0"
"POINT (13.696588001000066 52.436709134000068)","Unfall 193759 (2019) Kat:3, Licht: 0","193759","3","6","2","04","07","2","0","0","0","1","0","0"
"POINT (13.349417854000023 52.542344573000037)","Unfall 193760 (2019) Kat:3, Licht: 2","193760","3","2","6","03","20","7","0","2","0","1","1","0"
"POINT (13.453610015000038 52.508088507000082)","Unfall 193761 (2019) Kat:3, Licht: 0","193761","3","7","6","04","07","2","0","0","1","0","1","0"
"POINT (13.462504195000065 52.530057467000063)","Unfall 193762 (2019) Kat:3, Licht: 0","193762","3","7","0","04","14","6","0","0","0","1","0","0"
"POINT (13.349414496000065 52.603897111000038)","Unfall 193763 (2019) Kat:3, Licht: 2","193763","3","3","5","03","21","7","0","2","0","1","0","0"
"POINT (13.380937896000034 52.516371008000078)","Unfall 193764 (2019) Kat:3, Licht: 0","193764","3","6","2","04","08","2","0","0","1","1","0","0"
"POINT (13.427437108000049 52.552402374000053)","Unfall 193765 (2019) Kat:3, Licht: 0","193765","3","3","5","04","09","2","0","0","0","1","0","0"
"POINT (13.373572824000064 52.424602572000026)","Unfall 193766 (2019) Kat:2, Licht: 0","193766","2","7","0","04","17","5","0","0","1","0","0","0"
"POINT (13.347729542000025 52.543607278000081)","Unfall 193767 (2019) Kat:3, Licht: 2","193767","3","5","1","03","21","7","0","2","1","1","0","0"
"POINT (13.430171092000023 52.510292273000061)","Unfall 193768 (2019) Kat:3, Licht: 0","193768","3","3","5","04","10","2","0","0","0","1","0","0"
"POINT (13.319948641000053 52.418804509000040)","Unfall 193769 (2019) Kat:3, Licht: 0","193769","3","4","6","04","18","7","0","0","0","1","1","0"
"POINT (13.378609996000023 52.528681749000043)","Unfall 193770 (2019) Kat:3, Licht: 0","193770","3","3","5","04","10","2","0","0","0","1","0","0"
"POINT (13.455129793000026 52.488144587000079)","Unfall 193771 (2019) Kat:3, Licht: 0","193771","3","6","2","03","14","7","0","0","1","1","0","1"
"POINT (13.468498283000031 52.506981776000032)","Unfall 193772 (2019) Kat:3, Licht: 2","193772","3","7","0","03","21","7","0","2","1","0","0","0"
"POINT (13.266931104000037 52.514137823000056)","Unfall 193773 (2019) Kat:3, Licht: 0","193773","3","3","5","04","10","2","0","0","0","1","0","0"
"POINT (13.406650828000068 52.498430509000059)","Unfall 193774 (2019) Kat:3, Licht: 0","193774","3","2","5","04","14","6","0","0","0","1","0","0"
"POINT (13.519553954000060 52.527822572000048)","Unfall 193775 (2019) Kat:3, Licht: 0","193775","3","6","2","04","11","2","0","0","0","1","0","0"
"POINT (13.413831111000036 52.542417045000036)","Unfall 193776 (2019) Kat:3, Licht: 2","193776","3","1","0","03","20","7","0","2","1","0","0","0"
"POINT (13.360447772000043 52.537138878000064)","Unfall 193777 (2019) Kat:3, Licht: 0","193777","3","6","2","04","12","2","0","0","0","1","0","1"
"POINT (13.299785428000064 52.487433700000054)","Unfall 193778 (2019) Kat:2, Licht: 2","193778","2","6","2","04","22","6","0","2","0","1","0","0"
"POINT (13.432746087000055 52.468079048000050)","Unfall 193779 (2019) Kat:3, Licht: 0","193779","3","7","6","04","13","2","0","0","0","1","1","0"
"POINT (13.360154493000039 52.490456933000075)","Unfall 193780 (2019) Kat:3, Licht: 0","193780","3","3","5","03","11","7","0","0","0","1","0","0"
"POINT (13.185153284000023 52.534204628000055)","Unfall 193781 (2019) Kat:3, Licht: 0","193781","3","3","5","04","12","2","0","0","0","1","0","0"
"POINT (13.445834375000061 52.501898506000032)","Unfall 193782 (2019) Kat:3, Licht: 2","193782","3","7","5","03","23","6","0","2","1","1","0","0"
"POINT (13.428983578000043 52.486623170000030)","Unfall 193783 (2019) Kat:3, Licht: 0","193783","3","2","2","04","12","2","0","0","0","1","0","0"
"POINT (13.317821963000029 52.457943094000029)","Unfall 193784 (2019) Kat:3, Licht: 0","193784","3","2","5","04","11","5","0","0","0","1","0","0"
"POINT (13.415474446000076 52.490074704000051)","Unfall 193785 (2019) Kat:3, Licht: 0","193785","3","7","1","03","09","6","0","0","0","1","0","0"
"POINT (13.549405488000048 52.523546490000058)","Unfall 193786 (2019) Kat:3, Licht: 0","193786","3","3","5","04","15","2","0","0","1","1","0","0"
"POINT (13.425359562000040 52.544344551000052)","Unfall 193787 (2019) Kat:3, Licht: 0","193787","3","5","1","04","15","2","0","0","1","1","0","0"
"POINT (13.446768911000049 52.498489774000063)","Unfall 193788 (2019) Kat:3, Licht: 0","193788","3","6","2","04","10","5","0","0","0","1","0","1"
"POINT (13.289064211000039 52.470674776000067)","Unfall 193789 (2019) Kat:3, Licht: 0","193789","3","2","5","03","13","6","0","0","1","0","0","0"
"POINT (13.529771011000037 52.569804941000029)","Unfall 193790 (2019) Kat:3, Licht: 0","193790","3","3","5","04","15","2","0","0","1","1","0","0"
"POINT (13.341717052000035 52.534863417000054)","Unfall 193791 (2019) Kat:3, Licht: 1","193791","3","3","5","04","19","7","0","1","0","1","0","0"
"POINT (13.293981618000032 52.475717586000030)","Unfall 193792 (2019) Kat:3, Licht: 0","193792","3","5","1","04","15","2","0","0","1","1","0","0"
"POINT (13.376052493000032 52.409120937000068)","Unfall 193793 (2019) Kat:3, Licht: 0","193793","3","2","2","03","12","6","0","0","0","1","0","0"
"POINT (13.430909222000025 52.469183732000033)","Unfall 193794 (2019) Kat:3, Licht: 0","193794","3","5","1","04","16","2","0","0","1","1","0","0"
"POINT (13.332618545000059 52.468865813000036)","Unfall 193795 (2019) Kat:3, Licht: 0","193795","3","3","5","03","12","6","0","0","1","1","0","0"
"POINT (13.428003683000043 52.492536283000049)","Unfall 193796 (2019) Kat:3, Licht: 0","193796","3","3","5","04","11","6","0","0","0","1","0","0"
"POINT (13.279670406000037 52.518287290000046)","Unfall 193797 (2019) Kat:3, Licht: 0","193797","3","4","6","04","18","4","0","0","1","0","1","0"
"POINT (13.406587460000026 52.498347707000050)","Unfall 193798 (2019) Kat:3, Licht: 0","193798","3","2","5","04","15","5","0","0","0","1","0","0"
"POINT (13.392154372000050 52.554322671000079)","Unfall 193799 (2019) Kat:3, Licht: 0","193799","3","4","6","04","13","1","0","0","0","1","1","0"
"POINT (13.144319337000070 52.454189128000053)","Unfall 193800 (2019) Kat:2, Licht: 0","193800","2","2","0","04","15","4","0","0","0","0","0","0"
"POINT (13.602963817000045 52.484473791000028)","Unfall 193801 (2019) Kat:3, Licht: 0","193801","3","2","5","04","19","4","0","0","1","1","0","0"
"POINT (13.312885294000068 52.506277008000040)","Unfall 193802 (2019) Kat:3, Licht: 0","193802","3","6","3","04","09","4","0","0","1","1","0","0"
"POINT (13.397683837000045 52.532503142000053)","Unfall 193803 (2019) Kat:2, Licht: 0","193803","2","1","0","04","10","7","0","0","1","0","0","0"
"POINT (13.188812943000073 52.546830736000061)","Unfall 193804 (2019) Kat:3, Licht: 0","193804","3","2","5","04","17","6","0","0","1","0","0","0"
"POINT (13.450489895000032 52.508647017000044)","Unfall 193805 (2019) Kat:3, Licht: 0","193805","3","7","6","04","15","6","0","0","1","0","1","0"
"POINT (13.435417615000063 52.478707209000049)","Unfall 193806 (2019) Kat:3, Licht: 0","193806","3","6","2","04","16","6","0","0","0","1","0","0"
"POINT (13.577622226000074 52.443767006000030)","Unfall 193807 (2019) Kat:3, Licht: 0","193807","3","7","0","04","13","6","0","0","1","0","0","0"
"POINT (13.286825304000047 52.518815987000039)","Unfall 193808 (2019) Kat:3, Licht: 0","193808","3","6","2","04","14","6","0","0","0","1","0","0"
"POINT (13.161482547000048 52.546119388000079)","Unfall 193809 (2019) Kat:3, Licht: 0","193809","3","3","5","04","11","6","0","0","1","1","0","0"
"POINT (13.595348111000021 52.453001509000046)","Unfall 193810 (2019) Kat:2, Licht: 0","193810","2","6","0","04","10","6","0","0","0","1","0","1"
"POINT (13.370254574000057 52.451634962000071)","Unfall 193811 (2019) Kat:3, Licht: 0","193811","3","1","9","04","08","6","0","0","0","1","0","0"
"POINT (13.301229305000049 52.519069103000049)","Unfall 193812 (2019) Kat:3, Licht: 0","193812","3","7","5","04","09","6","0","0","0","1","0","0"
"POINT (13.322501788000068 52.513647161000051)","Unfall 193813 (2019) Kat:3, Licht: 0","193813","3","6","3","04","12","6","0","0","0","1","0","1"
"POINT (13.232695558000046 52.539453185000070)","Unfall 193814 (2019) Kat:3, Licht: 0","193814","3","2","2","04","14","6","0","0","0","1","0","0"
"POINT (13.309885186000031 52.467741391000061)","Unfall 193815 (2019) Kat:3, Licht: 0","193815","3","1","0","04","14","6","0","0","1","0","0","0"
"POINT (13.231454973000041 52.509857385000032)","Unfall 193816 (2019) Kat:3, Licht: 0","193816","3","1","0","04","11","6","0","0","0","0","0","1"
"POINT (13.406968953000046 52.518518139000037)","Unfall 193817 (2019) Kat:3, Licht: 0","193817","3","2","6","04","16","6","0","0","1","0","1","0"
"POINT (13.272765086000049 52.519493357000044)","Unfall 193818 (2019) Kat:2, Licht: 0","193818","2","3","5","04","16","6","0","0","0","1","0","0"
"POINT (13.385795843000039 52.471560106000027)","Unfall 193819 (2019) Kat:2, Licht: 0","193819","2","3","5","04","14","4","0","0","1","1","0","0"
"POINT (13.355716522000023 52.457351584000037)","Unfall 193820 (2019) Kat:3, Licht: 0","193820","3","2","3","04","17","6","0","0","1","0","0","0"
"POINT (13.452121980000072 52.539465365000069)","Unfall 193821 (2019) Kat:2, Licht: 0","193821","2","5","1","04","17","6","0","0","1","1","0","0"
"POINT (13.295687519000069 52.549471138000058)","Unfall 193822 (2019) Kat:3, Licht: 0","193822","3","6","2","04","18","6","0","0","0","1","0","0"
"POINT (13.338271618000022 52.503429131000075)","Unfall 193823 (2019) Kat:3, Licht: 2","193823","3","6","2","04","20","6","0","2","0","1","0","0"
"POINT (13.440152443000045 52.481602669000040)","Unfall 193824 (2019) Kat:3, Licht: 0","193824","3","7","5","04","17","6","0","0","0","1","0","0"
"POINT (13.279803861000062 52.506273325000052)","Unfall 193825 (2019) Kat:3, Licht: 0","193825","3","1","0","04","18","6","0","0","1","0","0","0"
"POINT (13.288142769000046 52.584892708000041)","Unfall 193826 (2019) Kat:3, Licht: 0","193826","3","1","0","04","15","5","0","0","1","0","0","0"
"POINT (13.427429581000069 52.474722141000029)","Unfall 193827 (2019) Kat:3, Licht: 0","193827","3","4","6","04","19","5","0","0","1","0","1","0"
"POINT (13.351533727000060 52.509524496000040)","Unfall 193828 (2019) Kat:3, Licht: 0","193828","3","2","0","04","16","5","0","0","1","1","0","0"
"POINT (13.417196786000034 52.498996192000050)","Unfall 193829 (2019) Kat:3, Licht: 2","193829","3","4","6","04","20","5","0","2","0","0","1","1"
"POINT (13.653741529000058 52.416701620000026)","Unfall 193830 (2019) Kat:3, Licht: 0","193830","3","2","2","04","14","5","0","0","1","0","0","0"
"POINT (13.325418910000053 52.589471788000026)","Unfall 193831 (2019) Kat:3, Licht: 1","193831","3","5","1","04","20","5","0","1","0","1","0","1"
"POINT (13.519083562000048 52.494560836000062)","Unfall 193832 (2019) Kat:3, Licht: 1","193832","3","5","1","04","20","5","0","1","0","1","0","1"
"POINT (13.565126952000071 52.456381687000032)","Unfall 193833 (2019) Kat:3, Licht: 0","193833","3","5","5","04","14","5","0","0","1","1","0","0"
"POINT (13.622843951000050 52.539719399000035)","Unfall 193834 (2019) Kat:3, Licht: 0","193834","3","7","5","04","05","5","0","0","0","1","0","1"
"POINT (13.331570945000067 52.505236448000062)","Unfall 193835 (2019) Kat:2, Licht: 0","193835","2","7","5","04","20","5","0","0","0","1","0","1"
"POINT (13.336577222000074 52.463146950000066)","Unfall 193836 (2019) Kat:3, Licht: 1","193836","3","3","5","04","19","5","0","1","1","1","0","0"
"POINT (13.538232880000066 52.554336118000037)","Unfall 193837 (2019) Kat:3, Licht: 0","193837","3","2","5","04","12","5","0","0","0","1","0","0"
"POINT (13.449154415000066 52.436974878000058)","Unfall 193838 (2019) Kat:3, Licht: 0","193838","3","4","6","04","12","5","0","0","0","1","1","0"
"POINT (13.383668343000068 52.555217939000045)","Unfall 193839 (2019) Kat:3, Licht: 0","193839","3","7","6","04","11","5","0","0","0","0","1","0"
"POINT (13.422162522000065 52.499178997000058)","Unfall 193840 (2019) Kat:3, Licht: 0","193840","3","3","5","04","19","5","0","0","1","1","0","0"
"POINT (13.310915263000027 52.421042408000062)","Unfall 193841 (2019) Kat:3, Licht: 1","193841","3","6","2","04","19","5","0","1","0","1","0","0"
"POINT (13.450616572000058 52.522375194000062)","Unfall 193842 (2019) Kat:3, Licht: 0","193842","3","2","6","04","18","5","0","0","0","1","1","0"
"POINT (13.332781884000042 52.479733281000051)","Unfall 193843 (2019) Kat:3, Licht: 0","193843","3","3","5","04","18","5","0","0","1","1","0","0"
"POINT (13.450750772000049 52.527130496000041)","Unfall 193844 (2019) Kat:3, Licht: 0","193844","3","2","5","04","18","5","0","0","1","1","0","0"
"POINT (13.398265026000047 52.523552477000067)","Unfall 193845 (2019) Kat:3, Licht: 0","193845","3","6","4","04","10","5","0","0","1","0","0","0"
"POINT (13.353695909000066 52.596555620000061)","Unfall 193846 (2019) Kat:3, Licht: 0","193846","3","2","5","04","08","5","0","0","1","1","0","0"
"POINT (13.349509259000058 52.524398953000059)","Unfall 193847 (2019) Kat:3, Licht: 0","193847","3","5","1","04","07","5","0","0","1","1","0","0"
"POINT (13.201080042000058 52.538475728000037)","Unfall 193848 (2019) Kat:3, Licht: 0","193848","3","7","2","04","05","5","0","0","0","0","0","1"
"POINT (13.359135213000059 52.574254913000061)","Unfall 193849 (2019) Kat:3, Licht: 0","193849","3","2","5","04","12","5","0","0","0","1","0","0"
"POINT (13.227218286000038 52.537663522000059)","Unfall 193850 (2019) Kat:3, Licht: 0","193850","3","6","2","04","12","5","0","0","0","1","0","0"
"POINT (13.382637360000047 52.530465053000057)","Unfall 193851 (2019) Kat:3, Licht: 0","193851","3","1","0","04","11","5","0","0","1","0","0","0"
"POINT (13.312156275000063 52.448524171000031)","Unfall 193852 (2019) Kat:3, Licht: 2","193852","3","1","1","04","04","5","0","2","1","1","0","0"
"POINT (13.444356317000029 52.565230878000079)","Unfall 193853 (2019) Kat:3, Licht: 0","193853","3","2","5","04","17","5","0","0","0","1","0","1"
"POINT (13.381537825000066 52.552166739000029)","Unfall 193854 (2019) Kat:3, Licht: 0","193854","3","6","2","04","17","5","0","0","0","1","0","0"
"POINT (13.351575302000072 52.505181294000067)","Unfall 193855 (2019) Kat:3, Licht: 0","193855","3","6","0","04","16","5","0","0","0","1","0","0"
"POINT (13.454185631000030 52.493958852000048)","Unfall 193856 (2019) Kat:3, Licht: 0","193856","3","2","5","04","16","5","0","0","1","1","0","0"
"POINT (13.379297278000024 52.507033529000068)","Unfall 193857 (2019) Kat:3, Licht: 0","193857","3","3","5","04","15","5","0","0","1","1","0","0"
"POINT (13.323655087000077 52.493601638000030)","Unfall 193858 (2019) Kat:3, Licht: 0","193858","3","2","2","04","15","5","0","0","0","1","0","0"
"POINT (13.207801237000069 52.554700615000058)","Unfall 193859 (2019) Kat:3, Licht: 0","193859","3","6","2","04","15","5","0","0","0","1","0","0"
"POINT (13.320361114000036 52.483702472000061)","Unfall 193860 (2019) Kat:3, Licht: 0","193860","3","7","5","04","15","5","0","0","0","1","0","0"
"POINT (13.169447618000049 52.526940138000043)","Unfall 193861 (2019) Kat:3, Licht: 0","193861","3","3","5","04","14","5","0","0","0","1","0","0"
"POINT (13.404033842000047 52.463470761000053)","Unfall 193862 (2019) Kat:3, Licht: 0","193862","3","2","5","04","14","5","0","0","0","1","0","0"
"POINT (13.565621411000052 52.529178970000032)","Unfall 193863 (2019) Kat:3, Licht: 0","193863","3","3","2","04","17","4","0","0","1","1","0","0"
"POINT (13.300720522000063 52.461252247000061)","Unfall 193864 (2019) Kat:3, Licht: 0","193864","3","1","1","04","17","4","0","0","1","1","0","0"
"POINT (13.375322048000044 52.556435343000032)","Unfall 193865 (2019) Kat:3, Licht: 0","193865","3","6","3","04","09","4","0","0","0","1","0","0"