WKT,Name,OBJECTID,UKATEGORIE,UTYP1,UART,UMONAT,USTUNDE,UWOCHENTAG,STRZUSTAND,ULICHTVERH,ISTRAD,ISTPKW,ISTFUSS,ISTKRAD
"POINT (13.398585709000031 52.525438635000057)","Unfall 193866 (2019) Kat:3, Licht: 0","193866","3","7","6","04","12","4","0","0","0","1","1","0"
"POINT (13.391358064000030 52.555460361000030)","Unfall 193867 (2019) Kat:3, Licht: 0","193867","3","1","0","04","19","4","0","0","0","1","0","1"
"POINT (13.390205745000060 52.531798626000068)","Unfall 193868 (2019) Kat:3, Licht: 2","193868","3","5","1","04","23","4","0","2","1","1","0","0"
"POINT (13.314841944000023 52.430596643000058)","Unfall 193869 (2019) Kat:3, Licht: 2","193869","3","1","8","04","23","4","0","2","0","1","0","0"
"POINT (13.369954465000035 52.589343168000028)","Unfall 193870 (2019) Kat:3, Licht: 2","193870","3","3","5","04","22","4","0","2","0","1","0","0"
"POINT (13.161125454000057 52.433858411000074)","Unfall 193871 (2019) Kat:3, Licht: 2","193871","3","1","0","04","22","4","0","2","1","0","0","0"
"POINT (13.130024717000026 52.540722744000050)","Unfall 193872 (2019) Kat:2, Licht: 2","193872","2","3","5","04","22","4","0","2","0","1","0","0"
"POINT (13.356003045000023 52.597644037000066)","Unfall 193873 (2019) Kat:3, Licht: 1","193873","3","7","6","04","20","4","0","1","0","1","1","0"
"POINT (13.279075320000061 52.503616116000046)","Unfall 193874 (2019) Kat:3, Licht: 2","193874","3","2","3","04","20","4","0","2","0","0","0","1"
"POINT (13.209432313000036 52.538406840000050)","Unfall 193875 (2019) Kat:3, Licht: 0","193875","3","6","2","04","18","4","0","0","0","1","0","0"
"POINT (13.351247334000050 52.548993867000036)","Unfall 193876 (2019) Kat:3, Licht: 0","193876","3","7","1","04","11","4","0","0","1","1","0","0"
"POINT (13.566027035000047 52.445046208000065)","Unfall 193877 (2019) Kat:3, Licht: 0","193877","3","3","5","04","10","4","0","0","1","1","0","0"
"POINT (13.401062875000036 52.414570542000035)","Unfall 193878 (2019) Kat:3, Licht: 0","193878","3","2","5","04","10","4","0","0","0","1","0","0"
"POINT (13.418522604000032 52.528526456000066)","Unfall 193879 (2019) Kat:3, Licht: 0","193879","3","6","3","04","10","4","0","0","1","1","0","0"
"POINT (13.333824333000052 52.504421670000056)","Unfall 193880 (2019) Kat:3, Licht: 0","193880","3","7","6","04","17","4","0","0","1","0","0","0"
"POINT (13.248047694000036 52.536436400000071)","Unfall 193881 (2019) Kat:3, Licht: 0","193881","3","6","2","04","09","4","0","0","0","1","0","0"
"POINT (13.492498341000044 52.469988434000072)","Unfall 193882 (2019) Kat:3, Licht: 0","193882","3","3","5","04","09","4","0","0","1","1","0","0"
"POINT (13.420295907000025 52.496698325000068)","Unfall 193883 (2019) Kat:3, Licht: 0","193883","3","4","6","04","09","4","0","0","1","0","1","0"
"POINT (13.457882877000031 52.512754392000033)","Unfall 193884 (2019) Kat:3, Licht: 0","193884","3","6","3","04","09","4","0","0","1","0","0","1"
"POINT (13.183403691000024 52.532810774000041)","Unfall 193885 (2019) Kat:3, Licht: 0","193885","3","6","2","04","08","4","0","0","0","1","0","0"
"POINT (13.458577985000034 52.557774095000070)","Unfall 193886 (2019) Kat:3, Licht: 0","193886","3","3","5","04","08","4","0","0","0","1","0","0"
"POINT (13.214954670000054 52.560687431000076)","Unfall 193887 (2019) Kat:3, Licht: 0","193887","3","7","6","04","16","4","0","0","0","1","1","0"
"POINT (13.398384153000052 52.592446515000063)","Unfall 193888 (2019) Kat:3, Licht: 0","193888","3","3","0","04","07","4","0","0","0","1","0","1"
"POINT (13.370007983000050 52.552921561000062)","Unfall 193889 (2019) Kat:3, Licht: 0","193889","3","3","5","04","12","4","0","0","1","1","0","0"
"POINT (13.493317059000049 52.514476811000065)","Unfall 193890 (2019) Kat:2, Licht: 0","193890","2","3","5","04","09","4","0","0","0","1","0","1"
"POINT (13.386627733000068 52.590142380000032)","Unfall 193891 (2019) Kat:3, Licht: 0","193891","3","1","8","04","13","4","0","0","0","1","0","0"
"POINT (13.349590645000035 52.548999491000075)","Unfall 193892 (2019) Kat:3, Licht: 0","193892","3","4","6","04","13","4","0","0","1","0","1","0"
"POINT (13.519029943000021 52.577374341000052)","Unfall 193893 (2019) Kat:3, Licht: 0","193893","3","2","2","04","14","4","0","0","1","1","0","0"
"POINT (13.590984243000037 52.483055376000038)","Unfall 193894 (2019) Kat:3, Licht: 0","193894","3","3","5","04","14","4","0","0","0","1","0","0"
"POINT (13.688656430000037 52.425352657000076)","Unfall 193895 (2019) Kat:3, Licht: 0","193895","3","6","4","04","15","4","0","0","0","1","0","0"
"POINT (13.381360104000066 52.482763898000030)","Unfall 193896 (2019) Kat:3, Licht: 0","193896","3","6","2","04","15","4","0","0","0","1","0","0"
"POINT (13.306496929000048 52.492802375000053)","Unfall 193897 (2019) Kat:3, Licht: 0","193897","3","3","5","04","15","4","0","0","0","1","0","1"
"POINT (13.393728025000030 52.528614634000064)","Unfall 193898 (2019) Kat:3, Licht: 0","193898","3","2","5","04","15","4","0","0","1","1","0","0"
"POINT (13.240776931000028 52.538928333000058)","Unfall 193899 (2019) Kat:3, Licht: 0","193899","3","5","1","04","15","4","0","0","0","1","0","1"
"POINT (13.156942558000026 52.552728791000050)","Unfall 193900 (2019) Kat:2, Licht: 0","193900","2","1","2","04","16","4","0","0","0","1","0","1"
"POINT (13.468445211000073 52.502524954000080)","Unfall 193901 (2019) Kat:3, Licht: 0","193901","3","5","0","04","16","4","0","0","1","1","0","0"
"POINT (13.409566379000069 52.538410429000066)","Unfall 193902 (2019) Kat:3, Licht: 0","193902","3","4","6","04","16","4","0","0","1","0","1","0"
"POINT (13.580052248000072 52.455538808000028)","Unfall 193903 (2019) Kat:3, Licht: 0","193903","3","6","2","04","16","4","0","0","0","0","0","1"
"POINT (13.434596463000048 52.451020239000059)","Unfall 193904 (2019) Kat:2, Licht: 0","193904","2","1","2","04","16","4","0","0","0","1","0","0"
"POINT (13.443870725000068 52.550732480000079)","Unfall 193905 (2019) Kat:3, Licht: 0","193905","3","1","0","04","16","4","0","0","1","0","0","0"
"POINT (13.188613330000067 52.521583144000033)","Unfall 193906 (2019) Kat:2, Licht: 0","193906","2","7","0","04","11","4","0","0","0","1","0","0"
"POINT (13.399807718000034 52.498667809000040)","Unfall 193907 (2019) Kat:3, Licht: 0","193907","3","5","0","04","16","3","0","0","0","1","0","1"
"POINT (13.450841889000060 52.527361037000048)","Unfall 193908 (2019) Kat:3, Licht: 0","193908","3","2","5","04","15","3","0","0","1","1","0","0"
"POINT (13.466859946000056 52.512714883000058)","Unfall 193909 (2019) Kat:3, Licht: 0","193909","3","3","5","04","18","3","0","0","0","1","0","0"
"POINT (13.577688178000074 52.444248911000045)","Unfall 193910 (2019) Kat:3, Licht: 0","193910","3","3","5","04","11","3","0","0","1","0","0","0"
"POINT (13.387591424000050 52.493059459000051)","Unfall 193911 (2019) Kat:3, Licht: 0","193911","3","2","5","04","09","3","0","0","1","1","0","0"
"POINT (13.419350391000023 52.490032198000051)","Unfall 193912 (2019) Kat:3, Licht: 0","193912","3","6","2","04","10","3","0","0","1","1","0","0"
"POINT (13.387093279000055 52.527122876000078)","Unfall 193913 (2019) Kat:3, Licht: 0","193913","3","2","5","04","09","3","0","0","1","1","0","0"
"POINT (13.391859253000064 52.549800127000026)","Unfall 193914 (2019) Kat:3, Licht: 0","193914","3","6","6","04","08","3","0","0","1","0","1","0"
"POINT (13.386040462000039 52.519685949000063)","Unfall 193915 (2019) Kat:3, Licht: 0","193915","3","7","0","04","17","3","0","0","0","0","0","1"
"POINT (13.322046992000026 52.560594213000059)","Unfall 193916 (2019) Kat:3, Licht: 2","193916","3","6","2","04","20","3","0","2","0","1","0","0"
"POINT (13.519655246000070 52.505841329000077)","Unfall 193917 (2019) Kat:3, Licht: 1","193917","3","2","5","04","19","3","0","1","1","1","0","0"
"POINT (13.423627621000037 52.490523102000054)","Unfall 193918 (2019) Kat:3, Licht: 0","193918","3","4","6","04","10","3","0","0","1","0","1","0"
"POINT (13.332897486000036 52.577776021000034)","Unfall 193919 (2019) Kat:3, Licht: 0","193919","3","6","3","04","18","3","0","0","0","1","0","0"
"POINT (13.209405634000063 52.538409663000039)","Unfall 193920 (2019) Kat:3, Licht: 0","193920","3","6","2","04","07","3","0","0","0","1","0","0"
"POINT (13.602006694000067 52.538487476000057)","Unfall 193921 (2019) Kat:3, Licht: 0","193921","3","5","4","04","18","3","0","0","0","1","0","1"
"POINT (13.424107542000058 52.477318724000042)","Unfall 193922 (2019) Kat:3, Licht: 0","193922","3","3","5","04","18","3","0","0","1","1","0","0"
"POINT (13.447889016000033 52.519555980000064)","Unfall 193923 (2019) Kat:3, Licht: 0","193923","3","3","5","04","06","3","0","0","0","0","0","1"
"POINT (13.328483013000039 52.470978205000051)","Unfall 193924 (2019) Kat:3, Licht: 0","193924","3","6","2","04","18","3","0","0","0","1","0","0"
"POINT (13.343731070000047 52.501547330000051)","Unfall 193925 (2019) Kat:3, Licht: 0","193925","3","2","5","04","09","3","0","0","1","1","0","0"
"POINT (13.387912784000036 52.502895089000049)","Unfall 193926 (2019) Kat:3, Licht: 0","193926","3","6","2","04","08","3","0","0","0","1","0","0"
"POINT (13.455820247000077 52.530814585000030)","Unfall 193927 (2019) Kat:2, Licht: 2","193927","2","2","5","04","03","3","0","2","0","1","0","1"
"POINT (13.354924269000037 52.596628481000039)","Unfall 193928 (2019) Kat:3, Licht: 0","193928","3","2","0","04","09","3","0","0","0","1","0","0"
"POINT (13.422067973000026 52.495952135000039)","Unfall 193929 (2019) Kat:3, Licht: 2","193929","3","6","0","04","22","3","0","2","0","1","0","1"
"POINT (13.427186366000058 52.475216977000059)","Unfall 193930 (2019) Kat:3, Licht: 2","193930","3","2","5","04","21","3","0","2","1","1","0","0"
"POINT (13.321494797000071 52.470340789000034)","Unfall 193931 (2019) Kat:3, Licht: 0","193931","3","5","1","04","17","3","0","0","1","1","0","0"
"POINT (13.509161550000044 52.453003543000079)","Unfall 193932 (2019) Kat:3, Licht: 0","193932","3","6","3","04","16","3","0","0","0","1","0","1"
"POINT (13.335545956000033 52.498051973000031)","Unfall 193933 (2019) Kat:3, Licht: 0","193933","3","5","1","04","16","3","0","0","1","1","0","0"
"POINT (13.405200106000052 52.439458106000075)","Unfall 193934 (2019) Kat:2, Licht: 0","193934","2","6","4","04","15","3","0","0","0","1","0","0"
"POINT (13.359792294000044 52.446471260000067)","Unfall 193935 (2019) Kat:3, Licht: 0","193935","3","6","3","04","14","3","0","0","0","1","0","0"
"POINT (13.559302616000025 52.446709251000073)","Unfall 193936 (2019) Kat:3, Licht: 0","193936","3","2","6","04","11","3","0","0","0","1","1","0"
"POINT (13.177418345000035 52.525344139000026)","Unfall 193937 (2019) Kat:3, Licht: 0","193937","3","6","2","04","11","3","0","0","0","1","0","0"
"POINT (13.441978660000075 52.493965967000065)","Unfall 193938 (2019) Kat:3, Licht: 2","193938","3","1","0","04","23","3","0","2","0","0","0","1"
"POINT (13.425900098000056 52.487719372000072)","Unfall 193939 (2019) Kat:3, Licht: 0","193939","3","5","1","04","14","2","0","0","1","0","0","0"
"POINT (13.369077851000043 52.526494834000061)","Unfall 193940 (2019) Kat:2, Licht: 0","193940","2","4","6","04","13","4","0","0","0","1","1","0"
"POINT (13.323473300000046 52.515853800000059)","Unfall 193941 (2019) Kat:3, Licht: 0","193941","3","6","2","04","08","4","0","0","0","1","0","0"
"POINT (13.479742816000055 52.524437893000027)","Unfall 193942 (2019) Kat:3, Licht: 0","193942","3","7","6","04","15","2","0","0","0","0","1","0"
"POINT (13.417891965000024 52.506565840000064)","Unfall 193943 (2019) Kat:3, Licht: 0","193943","3","3","5","04","06","2","0","0","1","1","0","0"
"POINT (13.560599301000025 52.487614838000070)","Unfall 193944 (2019) Kat:3, Licht: 1","193944","3","3","5","04","05","2","0","1","1","1","0","0"
"POINT (13.390639121000049 52.489561314000071)","Unfall 193945 (2019) Kat:3, Licht: 0","193945","3","5","1","04","17","2","0","0","1","0","0","0"
"POINT (13.335357694000038 52.499262677000047)","Unfall 193946 (2019) Kat:3, Licht: 0","193946","3","2","5","04","18","2","0","0","0","1","0","1"
"POINT (13.395484158000045 52.496199247000050)","Unfall 193947 (2019) Kat:3, Licht: 0","193947","3","6","2","04","19","2","0","0","1","1","0","0"
"POINT (13.491429218000064 52.469201057000078)","Unfall 193948 (2019) Kat:3, Licht: 0","193948","3","2","6","04","19","2","0","0","0","1","1","0"
"POINT (13.389776562000065 52.574290454000050)","Unfall 193949 (2019) Kat:3, Licht: 0","193949","3","3","5","04","18","2","0","0","1","1","0","0"
"POINT (13.448895668000034 52.419414591000077)","Unfall 193950 (2019) Kat:2, Licht: 0","193950","2","4","6","04","18","2","0","0","0","1","1","0"
"POINT (13.453128413000059 52.452713234000043)","Unfall 193951 (2019) Kat:3, Licht: 0","193951","3","2","5","04","16","2","0","0","1","1","0","0"
"POINT (13.431503665000037 52.468560335000063)","Unfall 193952 (2019) Kat:3, Licht: 0","193952","3","5","0","04","16","2","0","0","0","1","0","1"
"POINT (13.441925570000024 52.501094514000044)","Unfall 193953 (2019) Kat:3, Licht: 0","193953","3","6","3","04","09","4","0","0","1","0","0","0"
"POINT (13.434899165000047 52.428757402000031)","Unfall 193954 (2019) Kat:3, Licht: 0","193954","3","3","5","04","14","2","0","0","1","1","0","0"
"POINT (13.324156420000065 52.473583132000044)","Unfall 193955 (2019) Kat:3, Licht: 0","193955","3","3","5","04","16","2","0","0","0","1","0","0"
"POINT (13.222158202000060 52.555783468000072)","Unfall 193956 (2019) Kat:3, Licht: 0","193956","3","6","2","04","15","2","0","0","0","1","0","0"
"POINT (13.405287050000027 52.514343022000048)","Unfall 193957 (2019) Kat:3, Licht: 0","193957","3","2","5","04","15","2","0","0","0","1","0","1"
"POINT (13.540383519000045 52.525740806000044)","Unfall 193958 (2019) Kat:2, Licht: 0","193958","2","4","6","04","15","2","0","0","0","0","1","0"
"POINT (13.207745384000077 52.528594622000071)","Unfall 193959 (2019) Kat:3, Licht: 0","193959","3","6","2","04","14","2","0","0","0","1","0","0"
"POINT (13.654394044000071 52.410916883000027)","Unfall 193960 (2019) Kat:3, Licht: 0","193960","3","3","5","04","13","2","0","0","0","1","0","0"
"POINT (13.405568893000066 52.439426770000068)","Unfall 193961 (2019) Kat:3, Licht: 0","193961","3","6","3","04","12","2","0","0","0","1","0","0"
"POINT (13.582465491000050 52.442719441000065)","Unfall 193962 (2019) Kat:3, Licht: 0","193962","3","2","5","04","08","2","0","0","1","1","0","0"
"POINT (13.390178554000045 52.504485137000074)","Unfall 193963 (2019) Kat:3, Licht: 0","193963","3","3","5","04","09","2","0","0","1","1","0","0"
"POINT (13.506135527000026 52.418523161000053)","Unfall 193964 (2019) Kat:3, Licht: 0","193964","3","6","2","04","09","2","0","0","0","1","0","0"
"POINT (13.574460817000045 52.448742902000049)","Unfall 193965 (2019) Kat:3, Licht: 0","193965","3","3","5","04","11","2","0","0","1","1","0","0"
"POINT (13.458739225000045 52.440228001000037)","Unfall 193966 (2019) Kat:3, Licht: 0","193966","3","3","5","04","10","2","0","0","1","1","0","0"
"POINT (13.377363460000026 52.482109620000074)","Unfall 193967 (2019) Kat:3, Licht: 0","193967","3","2","5","04","10","2","0","0","1","1","0","0"
"POINT (13.393922713000052 52.489726280000070)","Unfall 193968 (2019) Kat:3, Licht: 0","193968","3","5","1","04","11","2","0","0","0","1","0","1"
"POINT (13.435140834000038 52.494019599000069)","Unfall 193969 (2019) Kat:3, Licht: 0","193969","3","3","0","04","11","2","0","0","0","1","0","0"
"POINT (13.526137821000077 52.423759775000065)","Unfall 193970 (2019) Kat:3, Licht: 0","193970","3","6","2","04","12","2","0","0","0","1","0","0"
"POINT (13.398778251000067 52.532588671000042)","Unfall 193971 (2019) Kat:3, Licht: 0","193971","3","1","0","04","12","2","0","0","1","0","0","0"
"POINT (13.361131265000040 52.495900726000059)","Unfall 193972 (2019) Kat:3, Licht: 0","193972","3","7","2","04","12","1","1","0","0","1","0","0"
"POINT (13.271731351000028 52.427287727000078)","Unfall 193973 (2019) Kat:3, Licht: 0","193973","3","3","5","04","11","1","1","0","0","1","0","0"
"POINT (13.275516019000065 52.482755149000070)","Unfall 193974 (2019) Kat:3, Licht: 0","193974","3","3","5","04","11","1","1","0","0","1","0","0"
"POINT (13.473974565000049 52.609825234000027)","Unfall 193975 (2019) Kat:3, Licht: 0","193975","3","3","5","04","11","1","1","0","0","1","0","0"
"POINT (13.454293423000024 52.495952739000074)","Unfall 193976 (2019) Kat:3, Licht: 0","193976","3","3","5","04","09","1","1","0","0","1","0","0"
"POINT (13.591852135000067 52.545559743000069)","Unfall 193977 (2019) Kat:3, Licht: 1","193977","3","5","1","04","05","1","1","1","0","1","0","0"
"POINT (13.596616793000067 52.436989978000042)","Unfall 193978 (2019) Kat:2, Licht: 0","193978","2","2","5","04","16","1","0","0","0","1","0","0"
"POINT (13.302917906000062 52.505497979000040)","Unfall 193979 (2019) Kat:2, Licht: 0","193979","2","2","5","04","16","1","0","0","0","1","0","1"
"POINT (13.199095116000024 52.562091772000031)","Unfall 193980 (2019) Kat:3, Licht: 2","193980","3","5","1","04","20","1","0","2","1","1","0","0"
"POINT (13.229534883000042 52.433795556000064)","Unfall 193981 (2019) Kat:3, Licht: 2","193981","3","3","5","04","22","1","0","2","0","1","0","1"
"POINT (13.309837703000028 52.431354957000053)","Unfall 193982 (2019) Kat:3, Licht: 0","193982","3","6","3","04","10","7","0","0","0","1","0","0"
"POINT (13.427849548000040 52.487024945000030)","Unfall 193983 (2019) Kat:3, Licht: 0","193983","3","6","3","04","15","7","0","0","0","1","0","0"
"POINT (13.337352855000063 52.501288274000046)","Unfall 193984 (2019) Kat:3, Licht: 0","193984","3","5","1","04","18","7","0","0","1","1","0","0"
"POINT (13.346363065000048 52.524948084000073)","Unfall 193985 (2019) Kat:2, Licht: 2","193985","2","2","5","04","22","7","0","2","1","1","0","0"
"POINT (13.407926381000038 52.526883869000073)","Unfall 193986 (2019) Kat:3, Licht: 0","193986","3","2","5","04","19","7","0","0","1","1","0","0"
"POINT (13.426627709000059 52.542914840000037)","Unfall 193987 (2019) Kat:3, Licht: 0","193987","3","3","5","04","18","7","0","0","0","1","0","0"
"POINT (13.433444999000073 52.464048028000036)","Unfall 193988 (2019) Kat:3, Licht: 0","193988","3","3","5","04","18","7","0","0","0","1","0","0"
"POINT (13.340042991000075 52.475518197000042)","Unfall 193989 (2019) Kat:3, Licht: 0","193989","3","4","6","04","16","7","0","0","0","1","1","0"
"POINT (13.336638192000066 52.451188559000059)","Unfall 193990 (2019) Kat:3, Licht: 0","193990","3","5","1","04","14","7","0","0","1","1","0","0"
"POINT (13.514610461000075 52.535296487000039)","Unfall 193991 (2019) Kat:3, Licht: 0","193991","3","6","2","04","13","7","0","0","0","1","0","0"
"POINT (13.338232638000022 52.502101582000080)","Unfall 193992 (2019) Kat:2, Licht: 0","193992","2","4","6","04","12","7","0","0","0","1","1","0"
"POINT (13.604220857000030 52.538837296000054)","Unfall 193993 (2019) Kat:3, Licht: 0","193993","3","4","2","04","12","7","0","0","0","1","1","0"
"POINT (13.496406262000050 52.634803409000028)","Unfall 193994 (2019) Kat:3, Licht: 0","193994","3","3","5","04","11","7","0","0","1","1","0","0"
"POINT (13.370284998000045 52.526606738000055)","Unfall 193995 (2019) Kat:2, Licht: 0","193995","2","4","6","04","10","7","0","0","0","1","1","0"
"POINT (13.363666009000042 52.528605031000041)","Unfall 193996 (2019) Kat:3, Licht: 2","193996","3","6","4","04","00","7","0","2","0","1","0","0"
"POINT (13.326387395000040 52.476420195000060)","Unfall 193997 (2019) Kat:3, Licht: 0","193997","3","4","6","04","10","6","0","0","0","1","1","0"
"POINT (13.377632298000037 52.452861514000062)","Unfall 193998 (2019) Kat:3, Licht: 0","193998","3","5","5","04","14","6","0","0","0","1","0","0"
"POINT (13.295352640000033 52.539613353000050)","Unfall 193999 (2019) Kat:3, Licht: 0","193999","3","2","5","04","14","6","0","0","0","1","0","1"
"POINT (13.200673734000077 52.538713328000028)","Unfall 194000 (2019) Kat:3, Licht: 0","194000","3","2","0","04","11","4","0","0","0","1","0","0"
"POINT (13.305557473000022 52.582039439000027)","Unfall 194001 (2019) Kat:2, Licht: 0","194001","2","3","5","04","14","6","0","0","0","1","0","1"
"POINT (13.331534351000073 52.562111813000058)","Unfall 194002 (2019) Kat:3, Licht: 0","194002","3","5","1","04","13","6","0","0","0","1","0","0"
"POINT (13.435226659000023 52.439323005000062)","Unfall 194003 (2019) Kat:3, Licht: 0","194003","3","3","5","04","11","6","0","0","1","1","0","0"
"POINT (13.383834283000056 52.555013839000026)","Unfall 194004 (2019) Kat:3, Licht: 0","194004","3","3","5","04","11","6","0","0","1","1","0","0"
"POINT (13.477888290000067 52.514620499000046)","Unfall 194005 (2019) Kat:3, Licht: 0","194005","3","2","5","04","10","6","0","0","1","1","0","0"
"POINT (13.277154575000054 52.507378493000033)","Unfall 194006 (2019) Kat:3, Licht: 0","194006","3","6","3","04","09","6","0","0","0","1","0","0"
"POINT (13.422122585000068 52.560177210000063)","Unfall 194007 (2019) Kat:3, Licht: 0","194007","3","5","1","04","08","6","0","0","1","1","0","0"
"POINT (13.386150364000059 52.515440026000078)","Unfall 194008 (2019) Kat:3, Licht: 0","194008","3","6","3","04","08","6","0","0","1","0","0","0"
"POINT (13.360486540000068 52.500387527000044)","Unfall 194009 (2019) Kat:3, Licht: 0","194009","3","1","2","04","12","6","0","0","0","1","0","1"
"POINT (13.494943232000026 52.412645024000028)","Unfall 194010 (2019) Kat:3, Licht: 0","194010","3","3","5","04","07","6","0","0","1","1","0","0"
"POINT (13.389295240000024 52.492458212000031)","Unfall 194011 (2019) Kat:3, Licht: 0","194011","3","6","2","04","13","6","0","0","0","1","0","0"
"POINT (13.334087498000031 52.595597028000043)","Unfall 194012 (2019) Kat:3, Licht: 0","194012","3","2","5","04","10","6","0","0","0","1","0","0"
"POINT (13.389059415000077 52.515582141000039)","Unfall 194013 (2019) Kat:3, Licht: 0","194013","3","3","5","04","08","6","0","0","1","1","0","0"
"POINT (13.581781698000043 52.442688331000056)","Unfall 194014 (2019) Kat:2, Licht: 0","194014","2","4","6","04","08","6","0","0","0","1","1","0"
"POINT (13.542264040000077 52.417698947000076)","Unfall 194015 (2019) Kat:3, Licht: 2","194015","3","5","1","04","23","6","0","2","0","1","0","0"
"POINT (13.448276651000072 52.427381209000032)","Unfall 194016 (2019) Kat:3, Licht: 2","194016","3","3","5","04","21","6","0","2","0","1","0","0"
"POINT (13.419238902000075 52.490064070000074)","Unfall 194017 (2019) Kat:3, Licht: 1","194017","3","7","5","04","19","6","0","1","0","1","0","0"
"POINT (13.198961006000047 52.534874599000034)","Unfall 194018 (2019) Kat:2, Licht: 0","194018","2","4","6","04","17","6","0","0","0","1","1","0"
"POINT (13.351914784000030 52.507803892000027)","Unfall 194019 (2019) Kat:3, Licht: 0","194019","3","1","0","04","17","6","0","0","0","1","0","0"
"POINT (13.244832328000030 52.425864309000076)","Unfall 194020 (2019) Kat:3, Licht: 0","194020","3","3","5","04","17","6","0","0","1","1","0","0"
"POINT (13.461173264000024 52.562685554000041)","Unfall 194021 (2019) Kat:3, Licht: 0","194021","3","3","5","04","06","6","0","0","0","1","0","0"
"POINT (13.144863080000050 52.454917629000079)","Unfall 194022 (2019) Kat:2, Licht: 2","194022","2","1","8","04","03","6","0","2","0","1","0","0"
"POINT (13.478558433000046 52.471603739000045)","Unfall 194023 (2019) Kat:3, Licht: 0","194023","3","3","5","04","09","5","0","0","1","1","0","0"
"POINT (13.305185772000073 52.496776088000047)","Unfall 194024 (2019) Kat:3, Licht: 0","194024","3","2","6","04","09","5","0","0","0","1","1","0"
"POINT (13.357662727000047 52.541094491000081)","Unfall 194025 (2019) Kat:2, Licht: 1","194025","2","4","6","04","19","5","0","1","0","1","1","0"
"POINT (13.279277494000041 52.524319982000065)","Unfall 194026 (2019) Kat:3, Licht: 0","194026","3","6","2","04","14","5","0","0","0","1","0","0"
"POINT (13.437670644000036 52.500346967000041)","Unfall 194027 (2019) Kat:3, Licht: 0","194027","3","2","5","04","19","5","0","0","1","1","0","0"
"POINT (13.265132430000051 52.442172890000052)","Unfall 194028 (2019) Kat:3, Licht: 0","194028","3","2","5","04","14","5","0","0","1","0","0","1"
"POINT (13.334218837000037 52.417469447000030)","Unfall 194029 (2019) Kat:3, Licht: 0","194029","3","3","5","04","14","5","0","0","1","1","0","0"
"POINT (13.330994791000023 52.523958535000077)","Unfall 194030 (2019) Kat:3, Licht: 1","194030","3","1","0","04","17","5","0","1","1","0","0","0"
"POINT (13.411456883000028 52.512816168000029)","Unfall 194031 (2019) Kat:3, Licht: 0","194031","3","3","5","04","13","5","0","0","1","1","0","0"
"POINT (13.338872678000030 52.449009132000072)","Unfall 194032 (2019) Kat:3, Licht: 0","194032","3","3","5","04","17","5","0","0","0","1","0","1"
"POINT (13.315415466000047 52.577927982000062)","Unfall 194033 (2019) Kat:3, Licht: 0","194033","3","2","5","04","12","5","0","0","0","1","0","0"
"POINT (13.586590405000038 52.440945671000065)","Unfall 194034 (2019) Kat:3, Licht: 0","194034","3","2","5","04","12","5","0","0","1","1","0","0"
"POINT (13.517959039000061 52.535529483000062)","Unfall 194035 (2019) Kat:3, Licht: 0","194035","3","6","2","04","11","5","0","0","0","1","0","0"
"POINT (13.384183182000072 52.556039071000043)","Unfall 194036 (2019) Kat:3, Licht: 0","194036","3","2","5","04","10","5","0","0","1","1","0","0"
"POINT (13.376108007000028 52.458721938000053)","Unfall 194037 (2019) Kat:3, Licht: 0","194037","3","2","0","04","17","5","0","0","0","1","0","0"
"POINT (13.383595443000047 52.536685118000037)","Unfall 194038 (2019) Kat:3, Licht: 0","194038","3","4","6","04","10","5","0","0","0","1","1","0"
"POINT (13.288878464000049 52.582789742000045)","Unfall 194039 (2019) Kat:3, Licht: 0","194039","3","4","6","04","09","5","0","0","0","1","1","0"
"POINT (13.401674633000027 52.528958779000050)","Unfall 194040 (2019) Kat:3, Licht: 0","194040","3","6","3","04","09","5","0","0","1","1","0","0"
"POINT (13.350711901000068 52.428087410000046)","Unfall 194041 (2019) Kat:3, Licht: 0","194041","3","2","5","04","08","5","0","0","1","1","0","0"
"POINT (13.431579905000035 52.543919564000078)","Unfall 194042 (2019) Kat:3, Licht: 0","194042","3","6","2","04","08","5","0","0","0","1","0","0"
"POINT (13.357501963000061 52.524411345000033)","Unfall 194043 (2019) Kat:3, Licht: 0","194043","3","3","5","04","07","5","0","0","1","1","0","0"
"POINT (13.290020221000077 52.482287671000051)","Unfall 194044 (2019) Kat:3, Licht: 0","194044","3","3","5","04","07","5","0","0","0","0","0","1"
"POINT (13.401328239000065 52.529632450000065)","Unfall 194045 (2019) Kat:2, Licht: 0","194045","2","1","0","04","07","5","1","0","0","0","0","1"
"POINT (13.385442514000033 52.466095837000069)","Unfall 194046 (2019) Kat:3, Licht: 2","194046","3","2","5","04","20","4","0","2","1","1","0","0"
"POINT (13.377336076000063 52.510799477000035)","Unfall 194047 (2019) Kat:2, Licht: 0","194047","2","5","1","04","09","4","0","0","1","1","0","0"
"POINT (13.410607237000022 52.438993766000067)","Unfall 194048 (2019) Kat:3, Licht: 0","194048","3","1","0","04","09","5","0","0","0","0","0","1"
"POINT (13.416484170000047 52.521827452000082)","Unfall 194049 (2019) Kat:2, Licht: 0","194049","2","4","6","04","16","5","0","0","0","1","1","0"
"POINT (13.397913060000064 52.395984847000079)","Unfall 194050 (2019) Kat:3, Licht: 0","194050","3","6","2","04","16","5","0","0","0","1","0","0"
"POINT (13.468171801000040 52.545360930000072)","Unfall 194051 (2019) Kat:3, Licht: 0","194051","3","2","5","04","15","5","0","0","0","1","0","0"