WKT,Name,OBJECTID,UKATEGORIE,UTYP1,UART,UMONAT,USTUNDE,UWOCHENTAG,STRZUSTAND,ULICHTVERH,ISTRAD,ISTPKW,ISTFUSS,ISTKRAD
"POINT (13.376713235000068 52.489468247000048)","Unfall 194052 (2019) Kat:3, Licht: 0","194052","3","3","5","04","18","5","0","0","0","1","0","0"
"POINT (13.509665418000054 52.472866792000048)","Unfall 194053 (2019) Kat:3, Licht: 0","194053","3","2","5","04","16","4","0","0","1","1","0","0"
"POINT (13.244061940000051 52.615080648000060)","Unfall 194054 (2019) Kat:3, Licht: 0","194054","3","2","5","04","16","4","0","0","1","1","0","0"
"POINT (13.618580839000060 52.455515992000073)","Unfall 194055 (2019) Kat:3, Licht: 0","194055","3","3","5","04","17","4","0","0","1","1","0","0"
"POINT (13.423596307000025 52.392646462000073)","Unfall 194056 (2019) Kat:3, Licht: 1","194056","3","2","5","04","18","4","0","1","1","1","0","0"
"POINT (13.502899430000070 52.436490372000037)","Unfall 194057 (2019) Kat:3, Licht: 0","194057","3","5","1","04","13","4","0","0","0","1","0","0"
"POINT (13.476211226000032 52.512712696000051)","Unfall 194058 (2019) Kat:3, Licht: 0","194058","3","4","6","04","13","4","0","0","0","1","1","0"
"POINT (13.306627430000049 52.528868664000072)","Unfall 194059 (2019) Kat:3, Licht: 0","194059","3","2","5","04","12","4","0","0","1","0","0","0"
"POINT (13.446211288000029 52.526047267000081)","Unfall 194060 (2019) Kat:3, Licht: 0","194060","3","6","2","04","12","4","0","0","0","1","0","0"
"POINT (13.342729869000038 52.447165947000030)","Unfall 194061 (2019) Kat:3, Licht: 0","194061","3","4","6","04","11","4","0","0","0","0","1","0"
"POINT (13.410048114000062 52.538873885000044)","Unfall 194062 (2019) Kat:3, Licht: 2","194062","3","6","0","04","20","4","0","2","1","1","0","0"
"POINT (13.434444521000046 52.466729268000051)","Unfall 194063 (2019) Kat:3, Licht: 0","194063","3","7","2","04","09","4","0","0","0","0","0","1"
"POINT (13.578255363000039 52.459494126000038)","Unfall 194064 (2019) Kat:3, Licht: 0","194064","3","7","6","04","09","3","0","0","0","1","1","0"
"POINT (13.438203226000041 52.546356305000074)","Unfall 194065 (2019) Kat:3, Licht: 0","194065","3","2","6","04","09","3","0","0","0","1","1","0"
"POINT (13.322091634000060 52.511816745000033)","Unfall 194066 (2019) Kat:3, Licht: 0","194066","3","3","0","04","14","3","0","0","1","0","0","1"
"POINT (13.334395832000041 52.541412543000035)","Unfall 194067 (2019) Kat:3, Licht: 0","194067","3","6","2","04","09","3","0","0","0","1","0","0"
"POINT (13.226267437000047 52.537531800000068)","Unfall 194068 (2019) Kat:2, Licht: 0","194068","2","2","5","04","06","3","0","0","1","0","0","0"
"POINT (13.326154668000072 52.479894810000076)","Unfall 194069 (2019) Kat:3, Licht: 0","194069","3","4","6","04","14","2","0","0","1","0","1","0"
"POINT (13.373589663000075 52.511403214000040)","Unfall 194070 (2019) Kat:2, Licht: 0","194070","2","3","5","04","08","3","0","0","1","1","0","0"
"POINT (13.303925654000068 52.460324648000039)","Unfall 194071 (2019) Kat:3, Licht: 0","194071","3","3","5","04","08","3","0","0","1","1","0","0"
"POINT (13.313887988000033 52.487460551000026)","Unfall 194072 (2019) Kat:3, Licht: 0","194072","3","2","0","04","08","3","0","0","1","1","0","0"
"POINT (13.293873183000073 52.443877787000076)","Unfall 194073 (2019) Kat:3, Licht: 0","194073","3","3","5","04","08","3","0","0","1","1","0","0"
"POINT (13.379212773000063 52.522591200000079)","Unfall 194074 (2019) Kat:3, Licht: 0","194074","3","3","5","04","08","3","0","0","1","1","0","0"
"POINT (13.429154935000042 52.608315287000039)","Unfall 194075 (2019) Kat:3, Licht: 0","194075","3","6","2","04","07","3","0","0","0","1","0","0"
"POINT (13.499469632000057 52.521601152000073)","Unfall 194076 (2019) Kat:3, Licht: 0","194076","3","7","5","04","07","3","0","0","1","1","0","0"
"POINT (13.372259353000061 52.455594689000066)","Unfall 194077 (2019) Kat:2, Licht: 0","194077","2","2","5","04","16","3","0","0","1","1","0","0"
"POINT (13.507063093000056 52.463145617000066)","Unfall 194078 (2019) Kat:2, Licht: 0","194078","2","3","5","04","16","3","0","0","1","1","0","0"
"POINT (13.386255736000066 52.549592990000065)","Unfall 194079 (2019) Kat:3, Licht: 0","194079","3","3","5","04","17","3","0","0","1","1","0","0"
"POINT (13.562799331000065 52.514208291000045)","Unfall 194080 (2019) Kat:3, Licht: 0","194080","3","2","2","04","17","3","0","0","1","1","0","0"
"POINT (13.358358742000064 52.413002159000030)","Unfall 194081 (2019) Kat:3, Licht: 0","194081","3","6","2","04","17","3","0","0","0","1","0","0"
"POINT (13.440610311000057 52.517019806000064)","Unfall 194082 (2019) Kat:2, Licht: 0","194082","2","2","5","04","18","3","0","0","1","0","0","0"
"POINT (13.439536182000040 52.523891953000032)","Unfall 194083 (2019) Kat:3, Licht: 0","194083","3","2","5","04","18","3","0","0","1","0","0","0"
"POINT (13.355835714000023 52.433738565000056)","Unfall 194084 (2019) Kat:3, Licht: 0","194084","3","2","5","04","18","3","0","0","0","1","0","1"
"POINT (13.340865560000054 52.525611741000034)","Unfall 194085 (2019) Kat:3, Licht: 0","194085","3","4","6","04","19","3","0","0","0","1","1","0"
"POINT (13.208197835000021 52.545388806000062)","Unfall 194086 (2019) Kat:3, Licht: 0","194086","3","6","2","04","07","3","0","0","0","1","0","0"
"POINT (13.321403655000040 52.593617933000075)","Unfall 194087 (2019) Kat:3, Licht: 0","194087","3","3","5","04","07","3","0","0","1","1","0","0"
"POINT (13.284246351000036 52.485280294000063)","Unfall 194088 (2019) Kat:2, Licht: 1","194088","2","3","5","04","19","3","0","1","1","1","0","0"
"POINT (13.379250880000029 52.472515301000044)","Unfall 194089 (2019) Kat:3, Licht: 1","194089","3","3","5","04","19","3","0","1","0","1","0","1"
"POINT (13.389739569000028 52.495911131000071)","Unfall 194090 (2019) Kat:3, Licht: 0","194090","3","2","5","04","19","3","0","0","1","1","0","0"
"POINT (13.400288079000063 52.490277058000061)","Unfall 194091 (2019) Kat:3, Licht: 0","194091","3","1","0","04","12","3","0","0","0","0","0","1"
"POINT (13.196856763000028 52.531069045000038)","Unfall 194092 (2019) Kat:3, Licht: 0","194092","3","6","2","04","15","3","0","0","0","1","0","0"
"POINT (13.397728134000033 52.527908773000036)","Unfall 194093 (2019) Kat:3, Licht: 0","194093","3","6","2","04","17","3","0","0","1","0","0","0"
"POINT (13.354912957000067 52.448911528000053)","Unfall 194094 (2019) Kat:3, Licht: 0","194094","3","2","3","04","15","2","0","0","0","1","0","0"
"POINT (13.251246603000027 52.415544732000058)","Unfall 194095 (2019) Kat:3, Licht: 0","194095","3","2","0","04","06","2","1","0","1","1","0","0"
"POINT (13.444872758000031 52.539117359000045)","Unfall 194096 (2019) Kat:3, Licht: 2","194096","3","3","5","04","21","2","0","2","1","0","0","0"
"POINT (13.577494049000052 52.547577585000056)","Unfall 194097 (2019) Kat:2, Licht: 2","194097","2","4","6","04","20","2","0","2","0","1","1","0"
"POINT (13.293267388000061 52.519351378000067)","Unfall 194098 (2019) Kat:3, Licht: 0","194098","3","6","2","04","08","2","1","0","0","1","0","0"
"POINT (13.399872801000072 52.498416114000065)","Unfall 194099 (2019) Kat:2, Licht: 0","194099","2","4","6","04","18","2","0","0","0","1","1","0"
"POINT (13.655864304000033 52.367931488000067)","Unfall 194100 (2019) Kat:2, Licht: 0","194100","2","3","5","04","18","2","0","0","1","1","0","0"
"POINT (13.363254569000048 52.585146035000037)","Unfall 194101 (2019) Kat:3, Licht: 0","194101","3","7","5","04","17","2","0","0","1","1","0","0"
"POINT (13.478169245000061 52.506706831000031)","Unfall 194102 (2019) Kat:3, Licht: 0","194102","3","2","5","04","17","2","0","0","1","1","0","0"
"POINT (13.488582390000033 52.451278697000077)","Unfall 194103 (2019) Kat:3, Licht: 0","194103","3","4","0","04","16","2","0","0","0","0","1","0"
"POINT (13.460553621000031 52.546171707000042)","Unfall 194104 (2019) Kat:3, Licht: 0","194104","3","5","1","04","16","2","0","0","1","1","0","0"
"POINT (13.202206667000041 52.539876575000051)","Unfall 194105 (2019) Kat:3, Licht: 0","194105","3","6","3","04","16","2","0","0","0","1","0","0"
"POINT (13.349910612000031 52.502834384000039)","Unfall 194106 (2019) Kat:3, Licht: 1","194106","3","6","2","04","06","2","1","1","0","1","0","0"
"POINT (13.472620950000021 52.461132221000071)","Unfall 194107 (2019) Kat:3, Licht: 0","194107","3","3","5","04","07","2","1","0","0","1","0","0"
"POINT (13.320910783000045 52.471592348000058)","Unfall 194108 (2019) Kat:3, Licht: 0","194108","3","7","0","04","07","2","1","0","0","1","0","1"
"POINT (13.443569808000063 52.557573372000036)","Unfall 194109 (2019) Kat:3, Licht: 0","194109","3","4","6","04","08","2","1","0","0","1","1","0"
"POINT (13.325966704000052 52.538865450000060)","Unfall 194110 (2019) Kat:3, Licht: 0","194110","3","2","5","04","08","2","1","0","1","1","0","0"
"POINT (13.440137129000050 52.481687898000075)","Unfall 194111 (2019) Kat:3, Licht: 0","194111","3","6","4","04","09","2","1","0","0","1","0","0"
"POINT (13.281508319000068 52.501289627000062)","Unfall 194112 (2019) Kat:3, Licht: 0","194112","3","6","2","04","09","2","1","0","0","1","0","0"
"POINT (13.445080273000031 52.525701384000058)","Unfall 194113 (2019) Kat:3, Licht: 0","194113","3","4","6","04","09","2","1","0","0","1","1","0"
"POINT (13.297731872000043 52.421543491000079)","Unfall 194114 (2019) Kat:3, Licht: 0","194114","3","6","2","04","10","2","1","0","0","1","0","0"
"POINT (13.353385497000033 52.568075254000064)","Unfall 194115 (2019) Kat:3, Licht: 0","194115","3","1","2","04","10","2","1","0","0","1","0","0"
"POINT (13.315423623000072 52.577932469000075)","Unfall 194116 (2019) Kat:2, Licht: 0","194116","2","2","5","04","10","2","1","0","0","1","0","0"
"POINT (13.162793239000052 52.520048752000037)","Unfall 194117 (2019) Kat:3, Licht: 0","194117","3","2","6","04","10","2","1","0","0","1","1","0"
"POINT (13.376428852000060 52.523051966000082)","Unfall 194118 (2019) Kat:3, Licht: 0","194118","3","7","2","04","11","2","0","0","1","1","0","0"
"POINT (13.402996904000076 52.498388739000063)","Unfall 194119 (2019) Kat:3, Licht: 0","194119","3","3","5","04","13","2","1","0","1","1","0","0"
"POINT (13.604791391000049 52.538699519000033)","Unfall 194120 (2019) Kat:3, Licht: 0","194120","3","4","0","04","13","2","0","0","0","1","1","0"
"POINT (13.167715482000062 52.523999792000041)","Unfall 194121 (2019) Kat:2, Licht: 0","194121","2","3","5","04","15","2","0","0","1","1","0","0"
"POINT (13.577537148000033 52.566508967000061)","Unfall 194122 (2019) Kat:2, Licht: 0","194122","2","7","6","04","15","2","0","0","0","1","1","0"
"POINT (13.249404713000047 52.515629136000030)","Unfall 194123 (2019) Kat:3, Licht: 0","194123","3","2","2","04","15","2","0","0","1","0","0","0"
"POINT (13.718567613000062 52.428427707000026)","Unfall 194124 (2019) Kat:3, Licht: 0","194124","3","7","5","04","16","2","0","0","0","1","0","0"
"POINT (13.326070284000025 52.507921183000065)","Unfall 194125 (2019) Kat:3, Licht: 0","194125","3","5","1","04","16","2","0","0","1","1","0","0"
"POINT (13.379288055000075 52.551029373000063)","Unfall 194126 (2019) Kat:3, Licht: 0","194126","3","5","1","04","08","2","1","0","1","0","0","0"
"POINT (13.268772634000072 52.447886980000078)","Unfall 194127 (2019) Kat:3, Licht: 0","194127","3","3","0","04","07","2","1","0","0","1","0","1"
"POINT (13.364527479000060 52.562687763000042)","Unfall 194128 (2019) Kat:3, Licht: 1","194128","3","2","2","04","06","2","1","1","0","1","0","1"
"POINT (13.294954254000061 52.506350226000052)","Unfall 194129 (2019) Kat:2, Licht: 0","194129","2","1","8","04","09","2","1","0","1","0","0","0"
"POINT (13.441957454000033 52.525397764000047)","Unfall 194130 (2019) Kat:3, Licht: 0","194130","3","1","0","04","08","2","1","0","0","0","0","1"
"POINT (13.335371083000041 52.499347893000049)","Unfall 194131 (2019) Kat:3, Licht: 0","194131","3","1","0","04","06","2","1","0","0","0","0","1"
"POINT (13.399466327000027 52.532743767000056)","Unfall 194132 (2019) Kat:3, Licht: 0","194132","3","1","0","04","17","1","0","0","1","0","0","0"
"POINT (13.360110870000028 52.546910261000050)","Unfall 194133 (2019) Kat:3, Licht: 2","194133","3","7","0","04","21","1","0","2","0","0","0","0"
"POINT (13.342929625000068 52.525283762000072)","Unfall 194134 (2019) Kat:3, Licht: 2","194134","3","2","5","04","23","1","0","2","1","1","0","0"
"POINT (13.502259896000055 52.498211620000063)","Unfall 194135 (2019) Kat:3, Licht: 0","194135","3","5","1","04","18","1","0","0","1","1","0","0"
"POINT (13.527750188000027 52.557275089000029)","Unfall 194136 (2019) Kat:3, Licht: 0","194136","3","6","4","04","17","1","0","0","0","1","0","0"
"POINT (13.413083307000022 52.491794210000080)","Unfall 194137 (2019) Kat:3, Licht: 0","194137","3","3","5","04","16","1","0","0","0","1","0","0"
"POINT (13.461019002000057 52.468434341000034)","Unfall 194138 (2019) Kat:3, Licht: 0","194138","3","6","0","04","14","1","0","0","0","1","0","1"
"POINT (13.501523489000022 52.549114024000062)","Unfall 194139 (2019) Kat:3, Licht: 0","194139","3","2","5","04","13","1","0","0","1","0","0","0"
"POINT (13.420129205000023 52.495937332000040)","Unfall 194140 (2019) Kat:3, Licht: 0","194140","3","5","1","04","08","1","1","0","1","1","0","0"
"POINT (13.409182013000077 52.501770453000063)","Unfall 194141 (2019) Kat:3, Licht: 0","194141","3","2","5","04","11","1","0","0","0","1","0","0"
"POINT (13.480236861000037 52.520441292000044)","Unfall 194142 (2019) Kat:3, Licht: 0","194142","3","1","0","04","13","1","0","0","0","0","0","1"
"POINT (13.436429323000027 52.495870899000067)","Unfall 194143 (2019) Kat:3, Licht: 0","194143","3","7","5","04","17","7","0","0","1","1","0","0"
"POINT (13.437887601000057 52.481204150000053)","Unfall 194144 (2019) Kat:3, Licht: 2","194144","3","2","6","04","00","7","1","2","0","1","1","0"
"POINT (13.387551122000048 52.439240122000058)","Unfall 194145 (2019) Kat:3, Licht: 2","194145","3","6","2","04","21","7","0","2","0","1","0","0"
"POINT (13.251553833000060 52.413752243000033)","Unfall 194146 (2019) Kat:3, Licht: 0","194146","3","7","0","04","15","7","0","0","1","0","0","0"
"POINT (13.409571896000045 52.528671414000030)","Unfall 194147 (2019) Kat:3, Licht: 2","194147","3","3","5","04","00","7","1","2","1","1","0","0"
"POINT (13.316225521000035 52.501027140000076)","Unfall 194148 (2019) Kat:3, Licht: 0","194148","3","6","3","04","16","7","0","0","1","1","0","0"
"POINT (13.351380341000038 52.539441890000035)","Unfall 194149 (2019) Kat:3, Licht: 0","194149","3","3","5","04","15","7","0","0","1","0","0","0"
"POINT (13.305023166000069 52.512903067000082)","Unfall 194150 (2019) Kat:3, Licht: 0","194150","3","2","5","04","14","7","0","0","1","1","0","0"
"POINT (13.574882789000071 52.444309802000078)","Unfall 194151 (2019) Kat:3, Licht: 0","194151","3","6","4","04","14","7","0","0","1","0","0","0"
"POINT (13.240386675000025 52.543046118000063)","Unfall 194152 (2019) Kat:3, Licht: 0","194152","3","6","2","04","13","7","0","0","0","1","0","0"
"POINT (13.414304678000065 52.553898244000038)","Unfall 194153 (2019) Kat:3, Licht: 0","194153","3","2","5","04","13","7","0","0","1","0","0","0"
"POINT (13.387958747000027 52.484584052000059)","Unfall 194154 (2019) Kat:3, Licht: 0","194154","3","2","5","04","13","7","0","0","1","0","0","1"
"POINT (13.347123850000060 52.553300576000026)","Unfall 194155 (2019) Kat:3, Licht: 0","194155","3","4","6","04","12","7","0","0","0","0","1","0"
"POINT (13.428966262000074 52.487841747000061)","Unfall 194156 (2019) Kat:3, Licht: 0","194156","3","2","0","04","11","7","0","0","1","1","0","0"
"POINT (13.498501923000049 52.515708231000076)","Unfall 194157 (2019) Kat:3, Licht: 0","194157","3","2","6","04","10","7","0","0","0","1","1","0"
"POINT (13.279582507000043 52.630126043000075)","Unfall 194158 (2019) Kat:2, Licht: 0","194158","2","6","3","04","08","7","0","0","1","0","0","0"
"POINT (13.465832453000075 52.551412315000050)","Unfall 194159 (2019) Kat:3, Licht: 2","194159","3","1","0","04","03","7","1","2","0","1","0","0"
"POINT (13.485306315000059 52.526496991000045)","Unfall 194160 (2019) Kat:3, Licht: 2","194160","3","1","0","04","23","7","0","2","1","0","0","0"
"POINT (13.413175222000064 52.547681246000082)","Unfall 194161 (2019) Kat:3, Licht: 0","194161","3","2","5","04","09","6","0","0","1","1","0","0"
"POINT (13.486960585000077 52.465662751000082)","Unfall 194162 (2019) Kat:3, Licht: 0","194162","3","3","5","04","17","6","0","0","1","1","0","0"
"POINT (13.389584939000031 52.531734804000052)","Unfall 194163 (2019) Kat:3, Licht: 2","194163","3","2","5","04","23","6","0","2","1","0","0","1"
"POINT (13.420681972000068 52.503261481000038)","Unfall 194164 (2019) Kat:3, Licht: 1","194164","3","2","5","04","20","6","0","1","1","1","0","0"
"POINT (13.389783220000027 52.574287924000032)","Unfall 194165 (2019) Kat:3, Licht: 0","194165","3","3","5","04","20","6","0","0","1","1","0","0"
"POINT (13.433789626000078 52.443960957000058)","Unfall 194166 (2019) Kat:3, Licht: 1","194166","3","6","2","04","19","6","0","1","0","1","0","0"
"POINT (13.422543913000027 52.586188218000075)","Unfall 194167 (2019) Kat:3, Licht: 0","194167","3","3","5","04","18","6","0","0","1","1","0","0"
"POINT (13.304118122000034 52.459419113000081)","Unfall 194168 (2019) Kat:3, Licht: 0","194168","3","5","5","04","18","6","0","0","1","1","0","0"
"POINT (13.317804364000040 52.606423039000049)","Unfall 194169 (2019) Kat:3, Licht: 2","194169","3","5","1","04","22","6","0","2","0","1","0","0"
"POINT (13.452246349000063 52.452541506000046)","Unfall 194170 (2019) Kat:2, Licht: 0","194170","2","2","5","04","20","6","0","0","0","1","0","0"
"POINT (13.308191438000051 52.497147255000073)","Unfall 194171 (2019) Kat:3, Licht: 0","194171","3","3","5","04","09","6","0","0","1","1","0","0"
"POINT (13.378359937000027 52.454038942000068)","Unfall 194172 (2019) Kat:3, Licht: 0","194172","3","7","0","04","08","6","0","0","0","1","0","0"
"POINT (13.430535040000052 52.534573801000079)","Unfall 194173 (2019) Kat:3, Licht: 0","194173","3","5","1","04","07","6","0","0","1","0","0","0"
"POINT (13.374524141000052 52.504570387000058)","Unfall 194174 (2019) Kat:3, Licht: 0","194174","3","5","1","04","07","6","0","0","1","1","0","0"
"POINT (13.366657801000031 52.492191224000067)","Unfall 194175 (2019) Kat:3, Licht: 0","194175","3","5","1","04","09","6","0","0","1","1","0","0"
"POINT (13.335377079000068 52.541574056000059)","Unfall 194176 (2019) Kat:3, Licht: 0","194176","3","6","3","04","10","6","0","0","0","1","0","0"
"POINT (13.291591490000030 52.510706461000041)","Unfall 194177 (2019) Kat:3, Licht: 0","194177","3","3","5","04","12","6","0","0","1","0","0","1"
"POINT (13.474347997000052 52.510663320000049)","Unfall 194178 (2019) Kat:3, Licht: 0","194178","3","2","5","04","12","6","0","0","1","1","0","0"
"POINT (13.391642617000059 52.512223826000081)","Unfall 194179 (2019) Kat:3, Licht: 0","194179","3","3","5","04","14","6","0","0","0","1","0","0"
"POINT (13.225803907000056 52.554294903000027)","Unfall 194180 (2019) Kat:3, Licht: 0","194180","3","6","2","04","14","6","0","0","0","1","0","0"
"POINT (13.271167587000036 52.510020180000026)","Unfall 194181 (2019) Kat:3, Licht: 0","194181","3","6","3","04","14","6","0","0","1","1","0","0"
"POINT (13.305689400000063 52.509941202000050)","Unfall 194182 (2019) Kat:3, Licht: 0","194182","3","6","3","04","14","6","0","0","1","1","0","0"
"POINT (13.516855572000054 52.535313963000078)","Unfall 194183 (2019) Kat:3, Licht: 0","194183","3","6","2","04","15","6","0","0","0","1","0","0"
"POINT (13.338503954000032 52.526533156000028)","Unfall 194184 (2019) Kat:3, Licht: 0","194184","3","5","1","04","17","6","0","0","1","1","0","0"
"POINT (13.558459757000037 52.406393239000067)","Unfall 194185 (2019) Kat:3, Licht: 0","194185","3","6","2","04","16","6","0","0","0","1","0","0"
"POINT (13.423324294000054 52.542784458000028)","Unfall 194186 (2019) Kat:3, Licht: 0","194186","3","4","6","04","16","6","0","0","0","1","1","0"
"POINT (13.278745501000060 52.430938158000060)","Unfall 194187 (2019) Kat:3, Licht: 0","194187","3","3","5","04","16","6","0","0","1","1","0","0"
"POINT (13.429791095000041 52.491991852000069)","Unfall 194188 (2019) Kat:3, Licht: 0","194188","3","6","2","04","16","6","0","0","0","1","0","0"
"POINT (13.315987204000066 52.441618385000027)","Unfall 194189 (2019) Kat:3, Licht: 0","194189","3","6","2","04","17","6","0","0","0","1","0","1"
"POINT (13.428936135000072 52.486592011000027)","Unfall 194190 (2019) Kat:3, Licht: 0","194190","3","2","5","04","17","6","0","0","0","1","0","0"
"POINT (13.337509407000027 52.474630859000058)","Unfall 194191 (2019) Kat:3, Licht: 0","194191","3","5","1","04","13","6","0","0","0","1","0","0"
"POINT (13.617433062000032 52.483938769000076)","Unfall 194192 (2019) Kat:3, Licht: 0","194192","3","3","5","04","11","5","0","0","1","1","0","0"
"POINT (13.604747447000022 52.536554918000036)","Unfall 194193 (2019) Kat:3, Licht: 1","194193","3","2","0","04","20","5","0","1","0","1","0","0"
"POINT (13.369315996000068 52.492799591000050)","Unfall 194194 (2019) Kat:3, Licht: 0","194194","3","3","5","04","12","5","0","0","1","1","0","0"
"POINT (13.270079320000036 52.510648167000056)","Unfall 194195 (2019) Kat:3, Licht: 0","194195","3","2","6","04","16","5","0","0","0","1","1","0"
"POINT (13.279601864000028 52.504781409000032)","Unfall 194196 (2019) Kat:3, Licht: 0","194196","3","6","3","04","18","5","0","0","0","1","0","0"
"POINT (13.359366226000077 52.456702393000057)","Unfall 194197 (2019) Kat:3, Licht: 0","194197","3","2","2","04","18","5","0","0","0","1","0","0"
"POINT (13.436442975000034 52.423857628000064)","Unfall 194198 (2019) Kat:3, Licht: 0","194198","3","6","2","04","17","5","0","0","0","1","0","1"
"POINT (13.361344390000056 52.495868672000029)","Unfall 194199 (2019) Kat:3, Licht: 0","194199","3","4","6","04","07","5","0","0","0","1","1","0"
"POINT (13.395888311000022 52.452937683000073)","Unfall 194200 (2019) Kat:3, Licht: 0","194200","3","6","3","04","06","5","0","0","0","1","0","0"
"POINT (13.414427353000065 52.538338190000047)","Unfall 194201 (2019) Kat:3, Licht: 0","194201","3","5","1","04","17","5","0","0","1","1","0","0"
"POINT (13.368721243000039 52.450628671000061)","Unfall 194202 (2019) Kat:3, Licht: 0","194202","3","3","0","04","16","5","0","0","0","1","0","1"
"POINT (13.208683821000022 52.510563245000071)","Unfall 194203 (2019) Kat:3, Licht: 0","194203","3","3","0","04","16","5","0","0","0","1","0","0"
"POINT (13.443216335000045 52.512040426000056)","Unfall 194204 (2019) Kat:3, Licht: 0","194204","3","1","5","04","16","5","0","0","0","1","0","1"
"POINT (13.558273985000028 52.455718761000071)","Unfall 194205 (2019) Kat:2, Licht: 0","194205","2","3","5","04","16","5","0","0","1","1","0","0"
"POINT (13.284271651000040 52.495640992000062)","Unfall 194206 (2019) Kat:3, Licht: 0","194206","3","4","0","04","16","5","0","0","1","0","1","0"
"POINT (13.437425730000029 52.592232489000082)","Unfall 194207 (2019) Kat:2, Licht: 0","194207","2","3","5","04","15","5","0","0","1","1","0","0"
"POINT (13.330646591000061 52.496134952000034)","Unfall 194208 (2019) Kat:3, Licht: 0","194208","3","6","2","04","16","5","0","0","0","1","0","0"
"POINT (13.241507843000022 52.443958879000036)","Unfall 194209 (2019) Kat:3, Licht: 0","194209","3","2","5","04","15","5","0","0","1","1","0","0"
"POINT (13.569996375000073 52.444587620000050)","Unfall 194210 (2019) Kat:3, Licht: 0","194210","3","6","3","04","15","5","0","0","0","1","0","1"
"POINT (13.450234757000032 52.527194251000026)","Unfall 194211 (2019) Kat:2, Licht: 0","194211","2","6","2","04","05","5","0","0","1","1","0","0"
"POINT (13.411822264000023 52.523967654000046)","Unfall 194212 (2019) Kat:3, Licht: 0","194212","3","2","2","04","15","5","0","0","1","1","0","0"
"POINT (13.472661025000036 52.503570448000062)","Unfall 194213 (2019) Kat:3, Licht: 0","194213","3","5","5","04","13","5","0","0","1","1","0","0"
"POINT (13.585933225000076 52.441292330000067)","Unfall 194214 (2019) Kat:2, Licht: 0","194214","2","3","5","04","12","5","0","0","1","1","0","0"
"POINT (13.453242445000058 52.593373104000079)","Unfall 194215 (2019) Kat:3, Licht: 0","194215","3","3","5","04","12","5","0","0","1","0","0","0"
"POINT (13.584671831000037 52.428676151000047)","Unfall 194216 (2019) Kat:3, Licht: 0","194216","3","3","0","04","12","5","0","0","1","1","0","0"
"POINT (13.142455516000041 52.539654578000068)","Unfall 194217 (2019) Kat:3, Licht: 0","194217","3","3","5","04","12","5","0","0","0","1","0","1"
"POINT (13.450736751000022 52.527126760000044)","Unfall 194218 (2019) Kat:3, Licht: 0","194218","3","2","5","04","12","5","0","0","0","1","0","1"
"POINT (13.342917535000026 52.500154080000073)","Unfall 194219 (2019) Kat:3, Licht: 0","194219","3","3","5","04","11","5","0","0","1","1","0","0"
"POINT (13.444593194000049 52.553139892000047)","Unfall 194220 (2019) Kat:3, Licht: 0","194220","3","6","3","04","10","5","0","0","1","1","0","0"
"POINT (13.525911945000075 52.423079100000052)","Unfall 194221 (2019) Kat:3, Licht: 0","194221","3","2","5","04","09","5","0","0","1","0","0","0"
"POINT (13.441460947000053 52.488873382000065)","Unfall 194222 (2019) Kat:3, Licht: 0","194222","3","5","1","04","09","5","0","0","1","1","0","0"
"POINT (13.333583392000037 52.595557672000041)","Unfall 194223 (2019) Kat:3, Licht: 0","194223","3","6","0","04","09","5","0","0","0","0","0","0"
"POINT (13.454164187000060 52.562248029000045)","Unfall 194224 (2019) Kat:3, Licht: 0","194224","3","2","5","04","09","5","0","0","1","1","0","0"
"POINT (13.348768029000041 52.461000970000043)","Unfall 194225 (2019) Kat:3, Licht: 0","194225","3","3","5","04","08","5","0","0","1","1","0","0"
"POINT (13.403077285000052 52.533695494000028)","Unfall 194226 (2019) Kat:3, Licht: 0","194226","3","3","5","04","08","5","0","0","1","1","0","0"
"POINT (13.434902182000030 52.496385878000069)","Unfall 194227 (2019) Kat:3, Licht: 0","194227","3","7","1","04","13","5","0","0","0","1","0","0"
"POINT (13.451980052000067 52.542834959000061)","Unfall 194228 (2019) Kat:3, Licht: 0","194228","3","7","5","04","16","5","0","0","1","1","0","0"
"POINT (13.228399162000073 52.548529055000074)","Unfall 194229 (2019) Kat:3, Licht: 2","194229","3","1","1","04","20","4","0","2","0","1","0","0"
"POINT (13.171957529000053 52.550013466000053)","Unfall 194230 (2019) Kat:2, Licht: 2","194230","2","3","5","04","20","4","0","2","0","1","0","1"
"POINT (13.711135632000037 52.432866431000036)","Unfall 194231 (2019) Kat:3, Licht: 0","194231","3","3","0","04","16","4","0","0","1","1","0","0"
"POINT (13.414616052000042 52.500249887000052)","Unfall 194232 (2019) Kat:3, Licht: 2","194232","3","2","6","04","22","4","0","2","0","1","1","0"
"POINT (13.553239822000023 52.469688647000055)","Unfall 194233 (2019) Kat:3, Licht: 0","194233","3","3","0","04","11","4","0","0","0","1","0","0"
"POINT (13.367356531000041 52.525712542000065)","Unfall 194234 (2019) Kat:3, Licht: 0","194234","3","6","2","04","11","4","0","0","0","1","0","1"
"POINT (13.333426116000055 52.560898667000060)","Unfall 194235 (2019) Kat:3, Licht: 2","194235","3","3","5","04","20","4","0","2","0","1","0","0"
"POINT (13.314533113000039 52.490412364000065)","Unfall 194236 (2019) Kat:3, Licht: 1","194236","3","2","6","04","05","4","0","1","1","0","1","0"
"POINT (13.389345498000068 52.489744097000028)","Unfall 194237 (2019) Kat:3, Licht: 1","194237","3","3","5","04","20","4","0","1","1","0","0","0"