WKT,Name,OBJECTID,UKATEGORIE,UTYP1,UART,UMONAT,USTUNDE,UWOCHENTAG,STRZUSTAND,ULICHTVERH,ISTRAD,ISTPKW,ISTFUSS,ISTKRAD
"POINT (13.357304304000024 52.478192244000070)","Unfall 194238 (2019) Kat:3, Licht: 2","194238","3","6","3","04","22","4","0","2","0","1","0","0"
"POINT (13.343374307000033 52.504631739000047)","Unfall 194239 (2019) Kat:3, Licht: 2","194239","3","7","5","04","21","4","0","2","0","1","0","1"
"POINT (13.316778989000056 52.501143137000042)","Unfall 194240 (2019) Kat:3, Licht: 1","194240","3","3","5","04","20","4","0","1","1","1","0","0"
"POINT (13.289169817000072 52.446352247000050)","Unfall 194241 (2019) Kat:3, Licht: 0","194241","3","6","3","04","18","4","0","0","1","1","0","0"
"POINT (13.356662405000066 52.472913768000069)","Unfall 194242 (2019) Kat:3, Licht: 0","194242","3","6","0","04","18","4","0","0","1","0","0","0"
"POINT (13.201241194000033 52.541220298000042)","Unfall 194243 (2019) Kat:3, Licht: 0","194243","3","7","6","04","17","4","0","0","0","1","1","0"
"POINT (13.273391838000066 52.430885172000046)","Unfall 194244 (2019) Kat:3, Licht: 1","194244","3","1","1","04","20","4","0","1","0","1","0","0"
"POINT (13.360936305000052 52.502090334000059)","Unfall 194245 (2019) Kat:3, Licht: 0","194245","3","1","0","04","13","4","0","0","1","0","0","0"
"POINT (13.437140351000039 52.594286888000056)","Unfall 194246 (2019) Kat:3, Licht: 0","194246","3","1","1","04","17","4","0","0","0","1","0","1"
"POINT (13.400030954000044 52.458412689000056)","Unfall 194247 (2019) Kat:3, Licht: 0","194247","3","6","2","04","17","4","0","0","0","1","0","0"
"POINT (13.604384183000036 52.538668937000068)","Unfall 194248 (2019) Kat:3, Licht: 0","194248","3","6","2","04","12","4","0","0","0","1","0","1"
"POINT (13.437135839000064 52.521064631000058)","Unfall 194249 (2019) Kat:3, Licht: 0","194249","3","7","2","04","12","4","0","0","0","1","0","0"
"POINT (13.490704723000022 52.526558461000036)","Unfall 194250 (2019) Kat:3, Licht: 0","194250","3","4","6","04","16","4","0","0","0","1","1","0"
"POINT (13.400528627000028 52.530597226000054)","Unfall 194251 (2019) Kat:3, Licht: 0","194251","3","5","1","04","13","4","0","0","1","1","0","0"
"POINT (13.446791472000029 52.502682655000058)","Unfall 194252 (2019) Kat:3, Licht: 0","194252","3","2","5","04","13","4","0","0","1","1","0","0"
"POINT (13.198486331000026 52.542850714000053)","Unfall 194253 (2019) Kat:3, Licht: 0","194253","3","2","5","04","13","4","0","0","0","1","0","0"
"POINT (13.402969713000061 52.533695060000070)","Unfall 194254 (2019) Kat:3, Licht: 0","194254","3","3","5","04","15","4","0","0","1","1","0","0"
"POINT (13.335501000000022 52.542105942000035)","Unfall 194255 (2019) Kat:3, Licht: 0","194255","3","2","5","04","15","4","0","0","1","1","0","0"
"POINT (13.396013101000051 52.538267968000071)","Unfall 194256 (2019) Kat:3, Licht: 0","194256","3","2","5","04","10","4","0","0","0","1","0","0"
"POINT (13.469897099000036 52.502300261000073)","Unfall 194257 (2019) Kat:3, Licht: 0","194257","3","2","2","04","10","4","0","0","1","0","0","0"
"POINT (13.379698753000071 52.522606090000068)","Unfall 194258 (2019) Kat:3, Licht: 0","194258","3","2","6","04","10","4","0","0","1","0","1","0"
"POINT (13.196919575000038 52.538195709000036)","Unfall 194259 (2019) Kat:3, Licht: 0","194259","3","6","2","04","09","4","0","0","0","1","0","0"
"POINT (13.557996511000056 52.529643994000082)","Unfall 194260 (2019) Kat:3, Licht: 0","194260","3","2","5","04","08","4","0","0","1","1","0","0"
"POINT (13.420001354000021 52.584796405000077)","Unfall 194261 (2019) Kat:3, Licht: 0","194261","3","2","2","04","06","4","0","0","0","1","0","0"
"POINT (13.425542244000042 52.479789840000080)","Unfall 194262 (2019) Kat:3, Licht: 0","194262","3","2","1","04","17","4","0","0","0","1","1","0"
"POINT (13.398298404000059 52.465090897000039)","Unfall 194263 (2019) Kat:3, Licht: 0","194263","3","2","5","04","14","3","0","0","1","1","0","0"
"POINT (13.438343398000029 52.543163664000076)","Unfall 194264 (2019) Kat:3, Licht: 2","194264","3","4","6","04","21","3","0","2","1","1","1","0"
"POINT (13.292592912000032 52.589508388000070)","Unfall 194265 (2019) Kat:3, Licht: 2","194265","3","2","2","04","21","3","0","2","0","1","0","0"
"POINT (13.393708281000045 52.537594186000035)","Unfall 194266 (2019) Kat:3, Licht: 2","194266","3","7","0","04","21","3","0","2","0","0","0","1"
"POINT (13.518052347000037 52.574855988000081)","Unfall 194267 (2019) Kat:3, Licht: 0","194267","3","2","5","04","10","3","0","0","0","1","0","1"
"POINT (13.302312525000048 52.547890629000051)","Unfall 194268 (2019) Kat:3, Licht: 0","194268","3","3","5","04","10","3","0","0","1","1","0","0"
"POINT (13.545176614000070 52.425734543000033)","Unfall 194269 (2019) Kat:3, Licht: 2","194269","3","2","5","04","20","3","0","2","0","1","0","0"
"POINT (13.326531515000056 52.604655224000055)","Unfall 194270 (2019) Kat:3, Licht: 0","194270","3","2","2","04","10","3","0","0","0","1","0","0"
"POINT (13.199603318000072 52.535028636000050)","Unfall 194271 (2019) Kat:3, Licht: 0","194271","3","6","2","04","12","3","0","0","0","1","0","0"
"POINT (13.300833050000051 52.473962243000074)","Unfall 194272 (2019) Kat:3, Licht: 0","194272","3","2","5","04","17","3","0","0","0","1","0","1"
"POINT (13.159649919000060 52.528816189000054)","Unfall 194273 (2019) Kat:3, Licht: 0","194273","3","1","8","04","10","3","0","0","0","1","0","0"
"POINT (13.376719092000030 52.510803694000060)","Unfall 194274 (2019) Kat:3, Licht: 0","194274","3","3","5","04","09","3","0","0","1","1","0","0"
"POINT (13.353015248000077 52.484668709000061)","Unfall 194275 (2019) Kat:3, Licht: 0","194275","3","2","0","04","09","3","0","0","0","1","0","0"
"POINT (13.335773278000033 52.513444739000079)","Unfall 194276 (2019) Kat:2, Licht: 0","194276","2","2","5","04","09","3","0","0","1","1","0","0"
"POINT (13.428584969000042 52.547831196000061)","Unfall 194277 (2019) Kat:3, Licht: 0","194277","3","2","5","04","08","3","0","0","0","1","0","0"
"POINT (13.449901015000023 52.536842755000066)","Unfall 194278 (2019) Kat:3, Licht: 0","194278","3","6","2","04","09","3","0","0","0","0","0","1"
"POINT (13.334434864000059 52.498626124000054)","Unfall 194279 (2019) Kat:3, Licht: 0","194279","3","6","3","04","09","3","0","0","0","1","0","0"
"POINT (13.456085779000034 52.561460776000047)","Unfall 194280 (2019) Kat:3, Licht: 0","194280","3","3","5","04","08","3","0","0","0","1","0","0"
"POINT (13.131521195000062 52.549517259000027)","Unfall 194281 (2019) Kat:2, Licht: 0","194281","2","2","5","04","08","3","0","0","0","1","0","1"
"POINT (13.209098985000026 52.532619330000045)","Unfall 194282 (2019) Kat:3, Licht: 0","194282","3","7","5","04","08","3","0","0","0","1","0","1"
"POINT (13.373293416000024 52.538042562000044)","Unfall 194283 (2019) Kat:2, Licht: 0","194283","2","3","5","04","08","3","0","0","1","1","0","0"
"POINT (13.198583313000029 52.532814730000041)","Unfall 194284 (2019) Kat:3, Licht: 0","194284","3","2","5","04","07","3","0","0","1","0","0","0"
"POINT (13.502739026000029 52.480281891000061)","Unfall 194285 (2019) Kat:3, Licht: 0","194285","3","3","5","04","06","3","0","0","1","1","0","0"
"POINT (13.381054665000022 52.492774010000062)","Unfall 194286 (2019) Kat:2, Licht: 0","194286","2","6","2","04","11","3","0","0","0","1","0","1"
"POINT (13.309380595000050 52.479199391000066)","Unfall 194287 (2019) Kat:3, Licht: 0","194287","3","2","5","04","11","3","0","0","1","1","0","0"
"POINT (13.347856908000040 52.524760293000043)","Unfall 194288 (2019) Kat:3, Licht: 0","194288","3","2","5","04","11","3","0","0","0","1","0","0"
"POINT (13.154671137000037 52.539378253000052)","Unfall 194289 (2019) Kat:3, Licht: 0","194289","3","7","2","04","12","3","0","0","1","1","0","0"
"POINT (13.433114141000033 52.452322880000054)","Unfall 194290 (2019) Kat:3, Licht: 0","194290","3","7","0","04","12","3","0","0","0","1","0","0"
"POINT (13.310212293000063 52.567960594000056)","Unfall 194291 (2019) Kat:3, Licht: 0","194291","3","6","2","04","12","3","0","0","0","1","0","0"
"POINT (13.554698796000025 52.466475379000030)","Unfall 194292 (2019) Kat:3, Licht: 0","194292","3","6","2","04","13","3","0","0","0","1","0","0"
"POINT (13.321198835000075 52.489862638000034)","Unfall 194293 (2019) Kat:3, Licht: 0","194293","3","7","0","04","14","3","0","0","0","1","0","0"
"POINT (13.401221417000045 52.445859459000076)","Unfall 194294 (2019) Kat:3, Licht: 0","194294","3","6","2","04","13","3","0","0","0","1","0","0"
"POINT (13.306492814000023 52.516944653000053)","Unfall 194295 (2019) Kat:3, Licht: 0","194295","3","5","1","04","14","3","0","0","1","1","0","0"
"POINT (13.455056700000057 52.474378558000069)","Unfall 194296 (2019) Kat:3, Licht: 0","194296","3","6","0","04","14","3","0","0","0","1","0","1"
"POINT (13.138332940000055 52.458093978000079)","Unfall 194297 (2019) Kat:3, Licht: 0","194297","3","6","2","04","15","3","0","0","0","1","0","0"
"POINT (13.317937493000045 52.498336592000044)","Unfall 194298 (2019) Kat:3, Licht: 0","194298","3","4","6","04","15","3","0","0","0","1","1","0"
"POINT (13.625470609000047 52.456938961000048)","Unfall 194299 (2019) Kat:2, Licht: 0","194299","2","2","5","04","16","3","0","0","1","1","0","0"
"POINT (13.403475060000062 52.527439354000080)","Unfall 194300 (2019) Kat:3, Licht: 0","194300","3","3","5","04","16","3","0","0","1","1","0","0"
"POINT (13.339873810000029 52.518785178000030)","Unfall 194301 (2019) Kat:3, Licht: 0","194301","3","2","5","04","16","3","0","0","0","1","0","1"
"POINT (13.336473459000047 52.542102530000079)","Unfall 194302 (2019) Kat:3, Licht: 0","194302","3","2","2","04","15","2","0","0","0","1","0","0"
"POINT (13.482242684000028 52.425486480000075)","Unfall 194303 (2019) Kat:3, Licht: 0","194303","3","2","5","04","14","2","0","0","1","1","0","0"
"POINT (13.400814781000065 52.505642876000081)","Unfall 194304 (2019) Kat:3, Licht: 0","194304","3","6","2","04","15","2","0","0","0","1","0","0"
"POINT (13.364588735000041 52.549861865000082)","Unfall 194305 (2019) Kat:3, Licht: 2","194305","3","5","1","04","22","2","0","2","0","1","0","1"
"POINT (13.279294875000062 52.503529806000074)","Unfall 194306 (2019) Kat:3, Licht: 2","194306","3","7","5","04","19","2","0","2","0","1","0","0"
"POINT (13.374583141000073 52.537283138000078)","Unfall 194307 (2019) Kat:3, Licht: 2","194307","3","6","2","04","00","2","0","2","0","1","0","0"
"POINT (13.501761554000041 52.504737589000058)","Unfall 194308 (2019) Kat:3, Licht: 2","194308","3","3","5","04","23","2","0","2","0","1","0","0"
"POINT (13.274945369000022 52.581864611000071)","Unfall 194309 (2019) Kat:3, Licht: 0","194309","3","4","6","04","18","2","0","0","0","1","1","0"
"POINT (13.562324658000023 52.547064626000065)","Unfall 194310 (2019) Kat:3, Licht: 0","194310","3","2","5","04","18","2","0","0","0","1","0","0"
"POINT (13.630344612000044 52.423693942000057)","Unfall 194311 (2019) Kat:2, Licht: 0","194311","2","1","0","04","18","2","0","0","0","0","0","1"
"POINT (13.448697434000053 52.537539257000049)","Unfall 194312 (2019) Kat:2, Licht: 0","194312","2","6","2","04","16","2","0","0","1","0","0","0"
"POINT (13.580318476000059 52.443456660000038)","Unfall 194313 (2019) Kat:3, Licht: 0","194313","3","7","0","04","14","2","0","0","1","0","1","0"
"POINT (13.634976441000049 52.529856063000068)","Unfall 194314 (2019) Kat:3, Licht: 0","194314","3","3","5","04","14","2","0","0","1","0","0","0"
"POINT (13.532570479000071 52.441230348000033)","Unfall 194315 (2019) Kat:2, Licht: 0","194315","2","1","4","04","14","2","0","0","0","1","0","0"
"POINT (13.577438970000060 52.402277583000057)","Unfall 194316 (2019) Kat:3, Licht: 0","194316","3","2","0","04","13","2","0","0","0","1","0","0"
"POINT (13.450232626000059 52.427942728000062)","Unfall 194317 (2019) Kat:3, Licht: 0","194317","3","6","2","04","13","2","0","0","1","1","0","0"
"POINT (13.660779801000047 52.412643415000048)","Unfall 194318 (2019) Kat:3, Licht: 0","194318","3","3","5","04","10","2","0","0","1","1","0","0"
"POINT (13.385205253000038 52.498533511000062)","Unfall 194319 (2019) Kat:2, Licht: 0","194319","2","3","5","04","09","2","0","0","0","1","0","1"
"POINT (13.528571987000078 52.412498342000049)","Unfall 194320 (2019) Kat:2, Licht: 0","194320","2","3","5","04","10","1","0","0","0","1","0","0"
"POINT (13.295205935000070 52.539305307000063)","Unfall 194321 (2019) Kat:3, Licht: 0","194321","3","4","6","04","18","1","0","0","1","0","1","0"
"POINT (13.380019319000041 52.410498418000032)","Unfall 194322 (2019) Kat:3, Licht: 0","194322","3","3","5","04","16","1","0","0","1","1","0","0"
"POINT (13.409970231000045 52.416469649000078)","Unfall 194323 (2019) Kat:3, Licht: 0","194323","3","3","5","04","16","1","0","0","0","1","0","1"
"POINT (13.593325829000037 52.438241231000063)","Unfall 194324 (2019) Kat:3, Licht: 0","194324","3","7","6","04","16","1","0","0","1","0","1","0"
"POINT (13.428768154000068 52.499388665000026)","Unfall 194325 (2019) Kat:3, Licht: 0","194325","3","7","6","04","15","1","0","0","1","0","1","0"
"POINT (13.414379420000046 52.553603164000037)","Unfall 194326 (2019) Kat:3, Licht: 0","194326","3","7","5","04","11","1","0","0","1","1","0","0"
"POINT (13.571473469000068 52.558513197000082)","Unfall 194327 (2019) Kat:2, Licht: 0","194327","2","5","1","04","17","1","0","0","1","1","0","0"
"POINT (13.443904624000027 52.471790584000075)","Unfall 194328 (2019) Kat:3, Licht: 2","194328","3","1","1","04","03","1","0","2","0","1","0","0"
"POINT (13.520509261000029 52.570334757000069)","Unfall 194329 (2019) Kat:3, Licht: 0","194329","3","2","0","04","14","1","0","0","0","0","0","0"
"POINT (13.411723036000069 52.540165973000057)","Unfall 194330 (2019) Kat:3, Licht: 0","194330","3","1","1","04","16","1","0","0","0","1","0","1"
"POINT (13.479653684000027 52.527430821000053)","Unfall 194331 (2019) Kat:3, Licht: 0","194331","3","1","0","04","07","1","0","0","1","0","0","0"
"POINT (13.373757264000062 52.556656766000060)","Unfall 194332 (2019) Kat:3, Licht: 0","194332","3","2","5","04","15","1","0","0","0","1","0","0"
"POINT (13.392817015000048 52.542497943000058)","Unfall 194333 (2019) Kat:3, Licht: 0","194333","3","1","0","04","18","1","0","0","0","0","0","1"
"POINT (13.194571322000058 52.545271723000042)","Unfall 194334 (2019) Kat:1, Licht: 2","194334","1","1","9","04","03","7","0","2","0","1","0","0"
"POINT (13.382693354000025 52.629707001000043)","Unfall 194335 (2019) Kat:3, Licht: 0","194335","3","2","5","04","17","7","0","0","1","1","0","0"
"POINT (13.631584011000029 52.446775293000030)","Unfall 194336 (2019) Kat:2, Licht: 0","194336","2","5","1","04","09","7","0","0","1","1","0","0"
"POINT (13.346241745000043 52.414028992000055)","Unfall 194337 (2019) Kat:3, Licht: 0","194337","3","5","1","04","14","7","0","0","1","1","0","0"
"POINT (13.311841873000049 52.506470802000081)","Unfall 194338 (2019) Kat:3, Licht: 1","194338","3","5","1","04","20","7","0","1","1","1","0","0"
"POINT (13.406570438000074 52.498470969000039)","Unfall 194339 (2019) Kat:3, Licht: 0","194339","3","2","5","04","18","7","0","0","1","1","0","0"
"POINT (13.442536499000028 52.469807490000051)","Unfall 194340 (2019) Kat:3, Licht: 0","194340","3","6","3","04","15","7","0","0","1","1","0","0"
"POINT (13.624791772000037 52.451502954000034)","Unfall 194341 (2019) Kat:3, Licht: 0","194341","3","4","6","04","15","7","0","0","0","1","1","0"
"POINT (13.165395225000054 52.551193911000041)","Unfall 194342 (2019) Kat:3, Licht: 0","194342","3","2","5","04","13","7","0","0","0","1","0","0"
"POINT (13.230000564000022 52.429891314000031)","Unfall 194343 (2019) Kat:3, Licht: 0","194343","3","7","0","04","13","7","0","0","1","0","0","0"
"POINT (13.386366067000040 52.490076510000051)","Unfall 194344 (2019) Kat:3, Licht: 0","194344","3","2","5","04","12","7","0","0","0","1","0","0"
"POINT (13.437948105000032 52.482673141000078)","Unfall 194345 (2019) Kat:3, Licht: 0","194345","3","2","2","04","11","7","0","0","0","0","0","1"
"POINT (13.400752015000023 52.386778670000069)","Unfall 194346 (2019) Kat:3, Licht: 2","194346","3","3","0","04","01","7","0","2","0","1","0","0"
"POINT (13.495140984000045 52.431725601000039)","Unfall 194347 (2019) Kat:2, Licht: 0","194347","2","3","5","04","07","7","0","0","0","1","0","0"
"POINT (13.329307973000027 52.563427628000056)","Unfall 194348 (2019) Kat:3, Licht: 0","194348","3","2","5","04","08","7","0","0","1","1","0","0"
"POINT (13.349666042000024 52.449775752000050)","Unfall 194349 (2019) Kat:3, Licht: 0","194349","3","3","5","04","09","7","0","0","1","1","0","0"
"POINT (13.406479711000031 52.386666737000041)","Unfall 194350 (2019) Kat:3, Licht: 0","194350","3","6","2","04","10","7","0","0","0","1","0","0"
"POINT (13.315791960000070 52.443186688000026)","Unfall 194351 (2019) Kat:2, Licht: 0","194351","2","2","6","04","10","7","0","0","0","1","1","0"
"POINT (13.385905255000068 52.445574960000044)","Unfall 194352 (2019) Kat:3, Licht: 0","194352","3","2","2","04","10","7","0","0","0","1","0","0"
"POINT (13.432887268000059 52.517840751000051)","Unfall 194353 (2019) Kat:2, Licht: 2","194353","2","3","5","04","05","7","0","2","0","1","0","0"
"POINT (13.491728784000031 52.520577815000081)","Unfall 194354 (2019) Kat:3, Licht: 0","194354","3","7","5","05","14","5","1","0","1","1","0","0"
"POINT (13.387650873000041 52.550008311000056)","Unfall 194355 (2019) Kat:3, Licht: 0","194355","3","6","0","05","14","5","0","0","1","1","0","0"
"POINT (13.327064450000023 52.454844985000079)","Unfall 194356 (2019) Kat:3, Licht: 0","194356","3","5","1","05","17","5","0","0","1","1","0","0"
"POINT (13.543540213000028 52.433794074000048)","Unfall 194357 (2019) Kat:3, Licht: 0","194357","3","3","5","05","12","5","0","0","1","1","0","0"
"POINT (13.361791212000071 52.425437834000036)","Unfall 194358 (2019) Kat:3, Licht: 0","194358","3","3","5","05","17","5","0","0","0","1","0","0"
"POINT (13.488340946000051 52.451292882000075)","Unfall 194359 (2019) Kat:3, Licht: 0","194359","3","3","5","05","14","5","1","0","0","1","0","1"
"POINT (13.318827846000033 52.506082485000036)","Unfall 194360 (2019) Kat:3, Licht: 0","194360","3","5","1","05","13","5","1","0","1","1","0","0"
"POINT (13.444310627000050 52.517844373000059)","Unfall 194361 (2019) Kat:3, Licht: 0","194361","3","6","2","05","17","5","0","0","1","1","0","0"
"POINT (13.343560460000049 52.501518764000082)","Unfall 194362 (2019) Kat:3, Licht: 0","194362","3","2","5","05","14","5","0","0","1","1","0","0"
"POINT (13.488350139000033 52.502133297000057)","Unfall 194363 (2019) Kat:3, Licht: 0","194363","3","2","5","05","17","5","0","0","1","1","0","0"
"POINT (13.402667794000024 52.596764000000064)","Unfall 194364 (2019) Kat:3, Licht: 0","194364","3","3","5","05","16","5","0","0","1","1","0","0"
"POINT (13.426725007000073 52.515753288000042)","Unfall 194365 (2019) Kat:3, Licht: 0","194365","3","3","0","05","16","5","0","0","1","1","0","0"
"POINT (13.332267578000028 52.563486256000033)","Unfall 194366 (2019) Kat:3, Licht: 0","194366","3","6","2","05","16","5","0","0","0","1","0","0"
"POINT (13.655572504000077 52.374615667000057)","Unfall 194367 (2019) Kat:2, Licht: 1","194367","2","6","4","05","05","5","1","1","0","0","0","0"
"POINT (13.576737203000050 52.444364504000077)","Unfall 194368 (2019) Kat:2, Licht: 0","194368","2","3","6","05","09","5","0","0","0","1","1","0"
"POINT (13.322551273000045 52.486718798000027)","Unfall 194369 (2019) Kat:3, Licht: 0","194369","3","6","3","05","08","5","0","0","1","1","0","0"
"POINT (13.409544619000030 52.528893280000034)","Unfall 194370 (2019) Kat:3, Licht: 0","194370","3","3","5","05","09","5","0","0","1","0","0","0"
"POINT (13.450033135000069 52.476590188000046)","Unfall 194371 (2019) Kat:3, Licht: 0","194371","3","3","2","05","07","5","0","0","1","0","0","0"
"POINT (13.373209554000027 52.503499144000045)","Unfall 194372 (2019) Kat:3, Licht: 0","194372","3","2","5","05","07","5","1","0","1","1","0","0"
"POINT (13.586665392000043 52.516578752000044)","Unfall 194373 (2019) Kat:3, Licht: 0","194373","3","3","5","05","07","5","0","0","1","1","0","0"
"POINT (13.450750772000049 52.527130496000041)","Unfall 194374 (2019) Kat:3, Licht: 0","194374","3","2","5","05","07","5","1","0","1","0","0","0"
"POINT (13.314628430000027 52.577233884000066)","Unfall 194375 (2019) Kat:3, Licht: 0","194375","3","2","5","05","07","5","0","0","1","0","0","0"
"POINT (13.564776795000057 52.522250066000026)","Unfall 194376 (2019) Kat:3, Licht: 0","194376","3","2","5","05","14","5","1","0","0","0","0","1"
"POINT (13.372144003000074 52.572159138000075)","Unfall 194377 (2019) Kat:3, Licht: 0","194377","3","3","5","05","13","5","1","0","1","1","0","0"
"POINT (13.454108332000033 52.522324847000050)","Unfall 194378 (2019) Kat:2, Licht: 0","194378","2","6","4","05","13","5","1","0","0","1","0","0"
"POINT (13.162645481000027 52.520079465000038)","Unfall 194379 (2019) Kat:2, Licht: 0","194379","2","2","5","05","13","5","0","0","0","1","0","0"
"POINT (13.581229669000038 52.460277256000040)","Unfall 194380 (2019) Kat:3, Licht: 0","194380","3","2","5","05","12","5","0","0","1","0","0","0"
"POINT (13.368598121000048 52.506275039000059)","Unfall 194381 (2019) Kat:2, Licht: 0","194381","2","3","5","05","11","5","0","0","0","1","0","0"
"POINT (13.290005636000046 52.482221187000050)","Unfall 194382 (2019) Kat:3, Licht: 0","194382","3","2","5","05","10","5","0","0","0","1","0","0"
"POINT (13.228395720000037 52.506843347000029)","Unfall 194383 (2019) Kat:3, Licht: 0","194383","3","2","6","05","10","5","0","0","0","1","1","0"
"POINT (13.604619510000077 52.536703908000050)","Unfall 194384 (2019) Kat:3, Licht: 0","194384","3","2","5","05","06","4","0","0","1","1","0","0"
"POINT (13.524589000000049 52.495548792000079)","Unfall 194385 (2019) Kat:3, Licht: 0","194385","3","6","3","05","10","4","0","0","0","0","0","1"
"POINT (13.417632136000066 52.538324993000060)","Unfall 194386 (2019) Kat:3, Licht: 0","194386","3","2","5","05","13","4","0","0","1","1","0","0"
"POINT (13.182454887000063 52.486416889000054)","Unfall 194387 (2019) Kat:3, Licht: 0","194387","3","6","2","05","10","4","0","0","0","1","0","0"
"POINT (13.349708772000042 52.465256932000045)","Unfall 194388 (2019) Kat:3, Licht: 0","194388","3","4","6","05","20","4","0","0","0","1","1","0"
"POINT (13.122066365000023 52.453233639000075)","Unfall 194389 (2019) Kat:3, Licht: 0","194389","3","3","5","05","18","4","0","0","0","1","0","0"
"POINT (13.462930109000069 52.505116833000045)","Unfall 194390 (2019) Kat:3, Licht: 0","194390","3","6","0","05","08","4","0","0","1","1","0","0"
"POINT (13.519200640000065 52.513298410000061)","Unfall 194391 (2019) Kat:2, Licht: 0","194391","2","4","6","05","07","4","0","0","0","0","1","0"
"POINT (13.196849883000027 52.563010342000041)","Unfall 194392 (2019) Kat:3, Licht: 2","194392","3","3","5","05","21","4","0","2","1","1","0","0"
"POINT (13.427924049000069 52.545514899000068)","Unfall 194393 (2019) Kat:2, Licht: 1","194393","2","2","5","05","20","4","0","1","1","1","0","0"
"POINT (13.605579385000055 52.487795052000081)","Unfall 194394 (2019) Kat:3, Licht: 0","194394","3","3","5","05","16","4","0","0","1","1","0","0"
"POINT (13.348507823000034 52.458917137000071)","Unfall 194395 (2019) Kat:3, Licht: 0","194395","3","2","5","05","16","4","0","0","0","1","0","1"
"POINT (13.488180875000069 52.413367307000044)","Unfall 194396 (2019) Kat:3, Licht: 0","194396","3","3","5","05","15","4","0","0","1","1","0","0"
"POINT (13.409780362000049 52.524015342000041)","Unfall 194397 (2019) Kat:3, Licht: 0","194397","3","2","2","05","15","4","0","0","1","1","0","0"
"POINT (13.360192038000037 52.523414802000048)","Unfall 194398 (2019) Kat:3, Licht: 0","194398","3","6","2","05","17","4","0","0","0","1","0","0"
"POINT (13.280206445000033 52.518482678000055)","Unfall 194399 (2019) Kat:3, Licht: 0","194399","3","3","5","05","17","4","0","0","0","1","0","0"
"POINT (13.416761150000070 52.526247672000068)","Unfall 194400 (2019) Kat:3, Licht: 0","194400","3","6","2","05","16","4","0","0","0","1","0","1"
"POINT (13.315025945000059 52.500859298000080)","Unfall 194401 (2019) Kat:3, Licht: 0","194401","3","6","2","05","16","4","0","0","0","1","0","0"
"POINT (13.255290808000041 52.440628784000069)","Unfall 194402 (2019) Kat:3, Licht: 0","194402","3","1","0","05","16","4","0","0","1","0","0","0"
"POINT (13.349202253000044 52.459153050000054)","Unfall 194403 (2019) Kat:3, Licht: 0","194403","3","6","2","05","15","4","0","0","0","1","0","0"
"POINT (13.377589050000040 52.465299372000061)","Unfall 194404 (2019) Kat:3, Licht: 0","194404","3","6","3","05","14","4","0","0","0","1","0","1"
"POINT (13.218867100000068 52.559848071000033)","Unfall 194405 (2019) Kat:2, Licht: 0","194405","2","3","5","05","07","4","0","0","1","1","0","0"
"POINT (13.376982857000030 52.501966597000035)","Unfall 194406 (2019) Kat:3, Licht: 0","194406","3","2","0","05","13","4","0","0","1","0","0","0"
"POINT (13.470642738000038 52.505870288000040)","Unfall 194407 (2019) Kat:2, Licht: 0","194407","2","1","0","05","15","4","0","0","0","0","0","1"
"POINT (13.295765585000026 52.548037627000042)","Unfall 194408 (2019) Kat:3, Licht: 0","194408","3","6","2","05","14","4","0","0","0","1","0","0"
"POINT (13.345144706000042 52.554302116000031)","Unfall 194409 (2019) Kat:2, Licht: 0","194409","2","2","5","05","13","4","0","0","0","1","0","1"
"POINT (13.592737809000027 52.438454646000082)","Unfall 194410 (2019) Kat:3, Licht: 0","194410","3","6","2","05","13","4","0","0","0","1","0","0"
"POINT (13.265496450000057 52.432105136000075)","Unfall 194411 (2019) Kat:3, Licht: 0","194411","3","7","6","05","12","4","0","0","0","1","1","0"
"POINT (13.496420374000024 52.417118399000060)","Unfall 194412 (2019) Kat:3, Licht: 0","194412","3","7","6","05","12","4","0","0","0","1","1","0"
"POINT (13.411229588000026 52.523948580000081)","Unfall 194413 (2019) Kat:3, Licht: 0","194413","3","6","2","05","11","4","0","0","0","1","0","0"
"POINT (13.435698080000066 52.469089043000054)","Unfall 194414 (2019) Kat:3, Licht: 0","194414","3","2","5","05","11","4","0","0","1","1","0","0"
"POINT (13.396712015000048 52.510986786000046)","Unfall 194415 (2019) Kat:3, Licht: 0","194415","3","2","5","05","09","4","0","0","0","1","0","1"
"POINT (13.379858819000049 52.540172066000082)","Unfall 194416 (2019) Kat:3, Licht: 0","194416","3","3","5","05","09","4","0","0","1","1","0","0"
"POINT (13.448897431000034 52.497231517000046)","Unfall 194417 (2019) Kat:3, Licht: 0","194417","3","2","5","05","09","4","0","0","0","1","0","1"
"POINT (13.473302248000039 52.464649272000031)","Unfall 194418 (2019) Kat:3, Licht: 0","194418","3","1","0","05","09","4","0","0","0","0","0","1"
"POINT (13.284860497000068 52.491280092000068)","Unfall 194419 (2019) Kat:2, Licht: 0","194419","2","6","2","05","09","4","0","0","0","1","0","0"
"POINT (13.179178760000070 52.533852047000039)","Unfall 194420 (2019) Kat:3, Licht: 0","194420","3","3","5","05","09","4","0","0","0","1","0","0"
"POINT (13.522472623000056 52.428386876000047)","Unfall 194421 (2019) Kat:3, Licht: 0","194421","3","3","5","05","09","4","0","0","0","1","0","0"
"POINT (13.429895694000038 52.552875585000038)","Unfall 194422 (2019) Kat:3, Licht: 0","194422","3","2","2","05","08","4","0","0","0","1","0","0"