WKT,Name,OBJECTID,UKATEGORIE,UTYP1,UART,UMONAT,USTUNDE,UWOCHENTAG,STRZUSTAND,ULICHTVERH,ISTRAD,ISTPKW,ISTFUSS,ISTKRAD
"POINT (13.454143612000053 52.495940791000066)","Unfall 194609 (2019) Kat:3, Licht: 0","194609","3","2","6","05","18","4","0","0","0","1","1","0"
"POINT (13.385251497000070 52.463622770000029)","Unfall 194610 (2019) Kat:3, Licht: 0","194610","3","7","6","05","14","4","0","0","1","0","1","0"
"POINT (13.295942505000028 52.495937116000050)","Unfall 194611 (2019) Kat:3, Licht: 0","194611","3","2","5","05","13","4","0","0","0","1","0","1"
"POINT (13.302358948000062 52.457299967000040)","Unfall 194612 (2019) Kat:3, Licht: 0","194612","3","5","1","05","13","4","0","0","1","1","0","0"
"POINT (13.242872477000049 52.543706021000048)","Unfall 194613 (2019) Kat:3, Licht: 0","194613","3","2","2","05","12","4","0","0","0","1","0","1"
"POINT (13.313840095000046 52.515627393000045)","Unfall 194614 (2019) Kat:3, Licht: 0","194614","3","6","3","05","12","4","0","0","1","1","0","0"
"POINT (13.401706545000025 52.501054512000053)","Unfall 194615 (2019) Kat:3, Licht: 0","194615","3","2","5","05","17","4","0","0","0","1","0","1"
"POINT (13.435105750000048 52.428645544000062)","Unfall 194616 (2019) Kat:3, Licht: 0","194616","3","3","5","05","12","4","0","0","0","1","0","0"
"POINT (13.294261218000031 52.629462909000040)","Unfall 194617 (2019) Kat:3, Licht: 0","194617","3","3","5","05","12","4","0","0","1","1","0","0"
"POINT (13.324605153000050 52.498764666000056)","Unfall 194618 (2019) Kat:3, Licht: 0","194618","3","2","0","05","15","4","0","0","0","1","0","0"
"POINT (13.320291033000046 52.484930213000041)","Unfall 194619 (2019) Kat:3, Licht: 0","194619","3","6","0","05","15","4","0","0","1","1","0","0"
"POINT (13.576860790000069 52.513234722000050)","Unfall 194620 (2019) Kat:3, Licht: 0","194620","3","1","2","05","16","4","0","0","0","1","0","0"
"POINT (13.410301273000073 52.503782550000039)","Unfall 194621 (2019) Kat:3, Licht: 0","194621","3","1","0","05","10","4","1","0","0","0","0","1"
"POINT (13.295421792000070 52.582778894000057)","Unfall 194622 (2019) Kat:3, Licht: 0","194622","3","3","5","04","17","3","0","0","1","1","0","0"
"POINT (13.365959730000043 52.495293499000070)","Unfall 194623 (2019) Kat:2, Licht: 0","194623","2","3","5","04","06","3","0","0","0","1","0","1"
"POINT (13.384501727000043 52.556013022000059)","Unfall 194624 (2019) Kat:3, Licht: 0","194624","3","2","2","04","09","3","0","0","0","1","0","0"
"POINT (13.540013110000075 52.434853500000031)","Unfall 194625 (2019) Kat:3, Licht: 0","194625","3","6","6","04","15","3","0","0","1","0","1","0"
"POINT (13.418310958000063 52.499920073000055)","Unfall 194626 (2019) Kat:3, Licht: 0","194626","3","5","1","04","17","3","0","0","0","1","0","1"
"POINT (13.334453720000056 52.542687094000030)","Unfall 194627 (2019) Kat:3, Licht: 1","194627","3","6","2","04","07","3","0","1","0","1","0","0"
"POINT (13.522488503000034 52.428387751000059)","Unfall 194628 (2019) Kat:3, Licht: 2","194628","3","3","5","04","23","3","0","2","0","1","0","1"
"POINT (13.374582596000039 52.537233331000039)","Unfall 194629 (2019) Kat:2, Licht: 0","194629","2","2","5","04","15","3","0","0","0","0","0","1"
"POINT (13.380350565000072 52.552788329000066)","Unfall 194630 (2019) Kat:3, Licht: 0","194630","3","6","3","04","15","3","0","0","1","1","0","0"
"POINT (13.503576847000033 52.445225172000050)","Unfall 194631 (2019) Kat:3, Licht: 0","194631","3","3","5","04","15","3","0","0","1","1","0","0"
"POINT (13.376792165000040 52.483465491000061)","Unfall 194632 (2019) Kat:3, Licht: 0","194632","3","3","5","04","15","3","0","0","1","0","0","0"
"POINT (13.325014539000051 52.466398720000029)","Unfall 194633 (2019) Kat:3, Licht: 0","194633","3","3","5","04","15","3","0","0","1","1","0","0"
"POINT (13.279237649000038 52.501075861000061)","Unfall 194634 (2019) Kat:2, Licht: 0","194634","2","7","5","04","15","3","0","0","1","1","0","0"
"POINT (13.401653388000057 52.506136502000061)","Unfall 194635 (2019) Kat:2, Licht: 0","194635","2","2","5","04","15","3","0","0","1","1","0","0"
"POINT (13.347714068000073 52.531049366000047)","Unfall 194636 (2019) Kat:2, Licht: 0","194636","2","7","5","04","15","3","0","0","0","1","0","1"
"POINT (13.398980154000071 52.503755425000065)","Unfall 194637 (2019) Kat:3, Licht: 0","194637","3","3","5","04","14","3","0","0","1","1","0","0"
"POINT (13.326529165000068 52.532603404000042)","Unfall 194638 (2019) Kat:3, Licht: 0","194638","3","2","5","04","14","3","0","0","1","0","0","0"
"POINT (13.614026885000044 52.487875581000026)","Unfall 194639 (2019) Kat:3, Licht: 0","194639","3","6","3","04","14","3","0","0","1","0","0","0"
"POINT (13.289498692000052 52.509416533000035)","Unfall 194640 (2019) Kat:3, Licht: 0","194640","3","5","1","04","15","3","0","0","0","1","0","0"
"POINT (13.355847285000038 52.486207036000053)","Unfall 194641 (2019) Kat:3, Licht: 0","194641","3","7","5","04","13","3","0","0","1","1","0","0"
"POINT (13.315131607000069 52.494142092000061)","Unfall 194642 (2019) Kat:3, Licht: 0","194642","3","2","5","04","11","3","0","0","1","1","0","0"
"POINT (13.509006150000062 52.466536753000071)","Unfall 194643 (2019) Kat:3, Licht: 0","194643","3","7","5","04","06","3","0","0","0","1","0","0"
"POINT (13.438941260000036 52.547504828000058)","Unfall 194644 (2019) Kat:3, Licht: 0","194644","3","6","2","05","18","5","0","0","0","1","0","0"
"POINT (13.534379285000057 52.539658134000035)","Unfall 194645 (2019) Kat:3, Licht: 0","194645","3","5","1","04","06","3","0","0","0","1","0","0"
"POINT (13.237282947000040 52.546311205000052)","Unfall 194646 (2019) Kat:3, Licht: 0","194646","3","3","5","04","06","3","0","0","0","1","0","0"
"POINT (13.383587132000059 52.435830562000035)","Unfall 194647 (2019) Kat:3, Licht: 0","194647","3","3","5","05","18","5","0","0","0","1","0","0"
"POINT (13.408449291000068 52.550967274000072)","Unfall 194648 (2019) Kat:3, Licht: 0","194648","3","3","5","05","14","5","1","0","1","0","0","0"
"POINT (13.375164676000054 52.556448004000060)","Unfall 194649 (2019) Kat:3, Licht: 0","194649","3","6","2","04","06","3","0","0","0","1","0","0"
"POINT (13.563804816000072 52.518777120000038)","Unfall 194650 (2019) Kat:2, Licht: 0","194650","2","6","2","05","14","5","1","0","0","1","0","0"
"POINT (13.516160232000061 52.505631751000067)","Unfall 194651 (2019) Kat:3, Licht: 0","194651","3","3","5","05","14","5","1","0","1","1","0","0"
"POINT (13.321816806000072 52.459767037000063)","Unfall 194652 (2019) Kat:3, Licht: 0","194652","3","5","1","05","16","6","0","0","1","1","0","0"
"POINT (13.458929914000066 52.525993712000059)","Unfall 194653 (2019) Kat:3, Licht: 0","194653","3","2","2","05","16","6","0","0","0","0","0","1"
"POINT (13.424320280000074 52.513240346000032)","Unfall 194654 (2019) Kat:3, Licht: 0","194654","3","6","2","05","16","6","0","0","0","1","0","1"
"POINT (13.295542796000063 52.550161733000039)","Unfall 194655 (2019) Kat:2, Licht: 0","194655","2","6","2","05","15","6","0","0","0","1","0","0"
"POINT (13.379305510000052 52.524545184000033)","Unfall 194656 (2019) Kat:3, Licht: 0","194656","3","5","1","05","15","6","0","0","1","1","0","0"
"POINT (13.174973147000060 52.474751293000054)","Unfall 194657 (2019) Kat:3, Licht: 0","194657","3","2","5","05","15","6","0","0","0","1","0","1"
"POINT (13.392924395000023 52.506864423000081)","Unfall 194658 (2019) Kat:3, Licht: 0","194658","3","6","2","05","15","6","0","0","0","1","0","0"
"POINT (13.469176709000067 52.542642570000055)","Unfall 194659 (2019) Kat:3, Licht: 0","194659","3","2","5","05","13","6","0","0","0","0","0","0"
"POINT (13.326124499000059 52.494715239000072)","Unfall 194660 (2019) Kat:2, Licht: 0","194660","2","2","5","05","13","6","0","0","1","1","0","0"
"POINT (13.390137003000063 52.527770176000047)","Unfall 194661 (2019) Kat:3, Licht: 0","194661","3","5","0","05","13","6","0","0","1","0","0","0"
"POINT (13.416313675000026 52.501642530000026)","Unfall 194662 (2019) Kat:3, Licht: 0","194662","3","3","5","05","13","6","0","0","0","1","0","0"
"POINT (13.468885190000037 52.500921020000078)","Unfall 194663 (2019) Kat:3, Licht: 0","194663","3","6","3","05","12","6","0","0","1","0","0","0"
"POINT (13.542064784000047 52.429360006000081)","Unfall 194664 (2019) Kat:3, Licht: 0","194664","3","3","0","05","11","6","0","0","0","1","0","0"
"POINT (13.444449428000041 52.492983119000030)","Unfall 194665 (2019) Kat:3, Licht: 0","194665","3","6","3","05","09","5","0","0","1","0","0","0"
"POINT (13.315273092000041 52.449716739000053)","Unfall 194666 (2019) Kat:3, Licht: 1","194666","3","6","2","05","20","5","0","1","0","1","0","0"
"POINT (13.271843069000056 52.536596224000050)","Unfall 194667 (2019) Kat:3, Licht: 0","194667","3","2","5","05","19","5","1","0","0","1","0","0"
"POINT (13.361322466000047 52.531374332000041)","Unfall 194668 (2019) Kat:3, Licht: 0","194668","3","3","5","05","19","5","1","0","1","1","0","0"
"POINT (13.363741999000069 52.556342103000077)","Unfall 194669 (2019) Kat:3, Licht: 0","194669","3","6","2","05","19","5","1","0","0","1","0","0"
"POINT (13.297877853000045 52.578149650000057)","Unfall 194670 (2019) Kat:3, Licht: 2","194670","3","1","0","05","23","5","1","2","0","0","0","1"
"POINT (13.305151241000033 52.417888857000037)","Unfall 194671 (2019) Kat:3, Licht: 0","194671","3","1","0","05","08","5","1","0","0","0","0","0"
"POINT (13.202148457000021 52.546790187000056)","Unfall 194672 (2019) Kat:3, Licht: 0","194672","3","4","2","05","12","5","1","0","0","1","1","0"
"POINT (13.281518355000060 52.501324466000028)","Unfall 194673 (2019) Kat:3, Licht: 0","194673","3","6","2","05","12","5","1","0","0","1","0","0"
"POINT (13.310136869000075 52.418883110000081)","Unfall 194674 (2019) Kat:3, Licht: 0","194674","3","2","6","05","12","5","1","0","0","0","1","0"
"POINT (13.398590668000054 52.496308606000071)","Unfall 194675 (2019) Kat:3, Licht: 0","194675","3","3","5","05","11","5","1","0","0","1","0","0"
"POINT (13.559516961000043 52.534012849000078)","Unfall 194676 (2019) Kat:3, Licht: 0","194676","3","2","6","05","10","5","1","0","0","1","1","0"
"POINT (13.451655300000027 52.510760470000037)","Unfall 194677 (2019) Kat:3, Licht: 0","194677","3","2","0","05","10","5","1","0","0","1","0","0"
"POINT (13.434207976000039 52.508619001000056)","Unfall 194678 (2019) Kat:3, Licht: 0","194678","3","6","2","05","10","5","1","0","0","0","0","0"
"POINT (13.437865945000055 52.510168240000041)","Unfall 194679 (2019) Kat:3, Licht: 0","194679","3","3","5","05","09","5","1","0","1","1","0","0"
"POINT (13.429536333000044 52.498217318000059)","Unfall 194680 (2019) Kat:3, Licht: 0","194680","3","3","5","05","09","5","1","0","0","1","0","1"
"POINT (13.379497868000044 52.570702380000057)","Unfall 194681 (2019) Kat:3, Licht: 0","194681","3","3","5","05","09","5","1","0","0","1","0","0"
"POINT (13.398058905000028 52.496530628000073)","Unfall 194682 (2019) Kat:3, Licht: 0","194682","3","6","2","05","08","5","1","0","0","1","0","0"
"POINT (13.377133173000061 52.553714317000072)","Unfall 194683 (2019) Kat:3, Licht: 0","194683","3","2","5","05","08","5","1","0","0","1","0","0"
"POINT (13.462833431000035 52.514987669000050)","Unfall 194684 (2019) Kat:2, Licht: 0","194684","2","2","5","05","08","5","1","0","0","1","0","1"
"POINT (13.442262355000025 52.569807715000081)","Unfall 194685 (2019) Kat:3, Licht: 0","194685","3","6","4","05","08","5","1","0","0","1","0","0"
"POINT (13.378019822000056 52.442549376000045)","Unfall 194686 (2019) Kat:3, Licht: 0","194686","3","2","6","05","06","5","1","0","0","1","1","0"
"POINT (13.328153432000022 52.521402625000064)","Unfall 194687 (2019) Kat:2, Licht: 1","194687","2","1","1","05","05","5","1","1","0","1","0","0"
"POINT (13.480127936000031 52.519493178000062)","Unfall 194688 (2019) Kat:2, Licht: 2","194688","2","4","6","05","02","5","1","2","0","0","1","0"
"POINT (13.344276356000023 52.433712881000076)","Unfall 194689 (2019) Kat:2, Licht: 0","194689","2","4","6","05","17","5","0","0","0","1","1","0"
"POINT (13.417025529000057 52.528300548000061)","Unfall 194690 (2019) Kat:3, Licht: 0","194690","3","6","2","05","17","5","1","0","0","1","0","1"
"POINT (13.211916827000039 52.532160480000073)","Unfall 194691 (2019) Kat:3, Licht: 0","194691","3","5","1","05","13","5","1","0","1","1","0","0"
"POINT (13.507616678000034 52.491747552000049)","Unfall 194692 (2019) Kat:2, Licht: 0","194692","2","5","1","05","17","5","0","0","1","1","0","0"
"POINT (13.446582943000067 52.498596401000043)","Unfall 194693 (2019) Kat:3, Licht: 0","194693","3","5","1","05","17","5","0","0","1","1","0","0"
"POINT (13.462827352000033 52.514977289000058)","Unfall 194694 (2019) Kat:3, Licht: 0","194694","3","2","0","05","16","5","1","0","0","0","0","1"
"POINT (13.379081014000064 52.552426475000061)","Unfall 194695 (2019) Kat:3, Licht: 0","194695","3","4","6","05","16","5","1","0","0","1","1","0"
"POINT (13.381506286000047 52.515079919000073)","Unfall 194696 (2019) Kat:3, Licht: 0","194696","3","2","6","05","15","5","1","0","0","1","1","0"
"POINT (13.420421690000069 52.556176158000028)","Unfall 194697 (2019) Kat:3, Licht: 0","194697","3","5","1","05","15","5","1","0","1","1","0","0"
"POINT (13.324967658000048 52.509967539000058)","Unfall 194698 (2019) Kat:3, Licht: 0","194698","3","5","5","05","15","5","1","0","0","0","0","1"
"POINT (13.327977022000027 52.588325930000053)","Unfall 194699 (2019) Kat:2, Licht: 0","194699","2","1","0","05","15","5","1","0","0","0","0","1"
"POINT (13.375496698000063 52.455979340000056)","Unfall 194700 (2019) Kat:3, Licht: 0","194700","3","6","2","05","14","5","1","0","0","1","0","0"
"POINT (13.382373000000030 52.555878005000068)","Unfall 194701 (2019) Kat:3, Licht: 0","194701","3","6","2","05","14","5","1","0","0","1","0","0"
"POINT (13.571322312000063 52.545864936000044)","Unfall 194702 (2019) Kat:3, Licht: 0","194702","3","6","2","05","10","4","0","0","0","1","0","0"
"POINT (13.271504371000049 52.509687319000079)","Unfall 194703 (2019) Kat:2, Licht: 0","194703","2","3","5","05","10","4","0","0","0","1","0","1"
"POINT (13.418120669000075 52.460440475000041)","Unfall 194704 (2019) Kat:3, Licht: 0","194704","3","2","5","05","11","4","0","0","1","1","0","0"
"POINT (13.409652501000039 52.518287598000029)","Unfall 194705 (2019) Kat:3, Licht: 0","194705","3","3","5","05","12","4","0","0","1","1","0","0"
"POINT (13.410419743000034 52.541177309000034)","Unfall 194706 (2019) Kat:3, Licht: 0","194706","3","6","2","05","14","4","0","0","0","0","0","0"
"POINT (13.580474602000038 52.462559890000080)","Unfall 194707 (2019) Kat:3, Licht: 0","194707","3","3","5","05","14","4","1","0","1","1","0","0"
"POINT (13.160676183000021 52.548525250000068)","Unfall 194708 (2019) Kat:3, Licht: 0","194708","3","5","1","05","15","4","0","0","1","1","0","0"
"POINT (13.196027648000040 52.527346307000073)","Unfall 194709 (2019) Kat:3, Licht: 0","194709","3","3","5","05","16","4","0","0","1","1","0","0"
"POINT (13.285818516000063 52.495218908000027)","Unfall 194710 (2019) Kat:3, Licht: 0","194710","3","6","2","05","16","4","0","0","0","1","0","0"
"POINT (13.121988480000027 52.528747640000063)","Unfall 194711 (2019) Kat:3, Licht: 0","194711","3","6","2","05","16","4","0","0","0","1","0","0"
"POINT (13.404640325000059 52.507959658000061)","Unfall 194712 (2019) Kat:3, Licht: 0","194712","3","5","1","05","17","4","0","0","1","1","0","0"
"POINT (13.285927712000046 52.518766485000071)","Unfall 194713 (2019) Kat:3, Licht: 0","194713","3","6","2","05","17","4","0","0","0","1","0","0"
"POINT (13.601317810000069 52.535819661000062)","Unfall 194714 (2019) Kat:3, Licht: 0","194714","3","3","5","05","18","4","0","0","1","1","0","0"
"POINT (13.619909752000069 52.539110646000040)","Unfall 194715 (2019) Kat:2, Licht: 0","194715","2","4","6","05","15","4","1","0","0","1","1","0"
"POINT (13.131437877000053 52.536423570000068)","Unfall 194716 (2019) Kat:3, Licht: 0","194716","3","5","0","05","12","4","0","0","0","1","0","0"
"POINT (13.302275570000063 52.507640286000026)","Unfall 194717 (2019) Kat:3, Licht: 0","194717","3","6","2","05","17","4","0","0","0","1","0","0"
"POINT (13.344098136000071 52.506357073000061)","Unfall 194718 (2019) Kat:3, Licht: 0","194718","3","6","2","05","10","4","0","0","0","1","0","0"
"POINT (13.406117933000075 52.554093943000055)","Unfall 194719 (2019) Kat:3, Licht: 0","194719","3","2","2","05","10","4","0","0","0","0","0","1"
"POINT (13.301974919000031 52.498970859000053)","Unfall 194720 (2019) Kat:2, Licht: 0","194720","2","7","6","05","09","4","0","0","0","1","1","0"
"POINT (13.346264212000051 52.524960510000028)","Unfall 194721 (2019) Kat:3, Licht: 0","194721","3","3","5","05","09","4","0","0","1","1","0","0"
"POINT (13.402028397000038 52.492540829000063)","Unfall 194722 (2019) Kat:3, Licht: 0","194722","3","2","5","05","09","4","0","0","1","1","0","0"
"POINT (13.423907726000039 52.513657498000043)","Unfall 194723 (2019) Kat:3, Licht: 0","194723","3","6","2","05","09","4","0","0","1","0","0","0"
"POINT (13.281570190000025 52.512640548000036)","Unfall 194724 (2019) Kat:3, Licht: 0","194724","3","6","3","05","09","4","0","0","0","1","0","0"
"POINT (13.387111188000063 52.493153305000078)","Unfall 194725 (2019) Kat:3, Licht: 0","194725","3","2","2","05","09","4","0","0","0","1","0","0"
"POINT (13.301945629000045 52.499123627000074)","Unfall 194726 (2019) Kat:3, Licht: 2","194726","3","2","0","05","22","4","0","2","0","1","0","1"
"POINT (13.389116083000033 52.515632947000029)","Unfall 194727 (2019) Kat:3, Licht: 0","194727","3","3","2","05","08","4","0","0","1","1","0","0"
"POINT (13.414513250000027 52.500106554000070)","Unfall 194728 (2019) Kat:3, Licht: 0","194728","3","2","6","05","08","4","0","0","0","0","1","0"
"POINT (13.300179841000045 52.569969408000077)","Unfall 194729 (2019) Kat:3, Licht: 0","194729","3","3","5","05","08","4","0","0","1","1","0","0"
"POINT (13.478954002000023 52.520362612000042)","Unfall 194730 (2019) Kat:3, Licht: 0","194730","3","5","1","05","08","4","0","0","1","1","0","0"
"POINT (13.342228729000055 52.483949135000046)","Unfall 194731 (2019) Kat:3, Licht: 0","194731","3","3","5","05","07","4","0","0","1","1","0","0"
"POINT (13.539889211000059 52.435008090000053)","Unfall 194732 (2019) Kat:3, Licht: 0","194732","3","4","6","05","07","4","0","0","0","1","1","0"
"POINT (13.376818018000051 52.543399689000069)","Unfall 194733 (2019) Kat:3, Licht: 2","194733","3","1","8","05","21","4","1","2","0","1","0","0"
"POINT (13.444312271000058 52.473851739000054)","Unfall 194734 (2019) Kat:3, Licht: 0","194734","3","4","6","05","07","4","0","0","0","1","1","0"
"POINT (13.569115435000072 52.444161260000044)","Unfall 194735 (2019) Kat:3, Licht: 0","194735","3","3","5","05","07","4","0","0","0","1","0","1"
"POINT (13.227447936000033 52.528408365000075)","Unfall 194736 (2019) Kat:2, Licht: 0","194736","2","2","5","05","07","4","0","0","1","1","0","0"
"POINT (13.273259762000066 52.536224613000059)","Unfall 194737 (2019) Kat:3, Licht: 0","194737","3","6","2","05","06","4","0","0","0","1","0","0"
"POINT (13.323665966000021 52.493605604000038)","Unfall 194738 (2019) Kat:3, Licht: 0","194738","3","2","5","05","18","4","1","0","1","1","0","0"
"POINT (13.574439334000033 52.413911302000031)","Unfall 194739 (2019) Kat:3, Licht: 0","194739","3","6","4","05","07","3","0","0","1","0","0","0"
"POINT (13.473275092000051 52.536174881000079)","Unfall 194740 (2019) Kat:3, Licht: 0","194740","3","2","5","05","06","3","0","0","1","1","0","0"
"POINT (13.320289436000053 52.478789291000055)","Unfall 194741 (2019) Kat:3, Licht: 0","194741","3","2","5","05","18","3","0","0","0","1","0","0"
"POINT (13.572568372000035 52.451369388000046)","Unfall 194742 (2019) Kat:3, Licht: 0","194742","3","4","6","05","17","3","0","0","0","1","1","0"
"POINT (13.314280217000032 52.576686280000047)","Unfall 194743 (2019) Kat:3, Licht: 0","194743","3","2","6","05","16","3","0","0","0","1","1","0"
"POINT (13.373815117000049 52.557976141000040)","Unfall 194744 (2019) Kat:2, Licht: 0","194744","2","4","6","05","16","3","0","0","0","1","1","0"
"POINT (13.221365990000038 52.536864443000070)","Unfall 194745 (2019) Kat:3, Licht: 0","194745","3","2","5","05","05","3","0","0","1","1","0","0"
"POINT (13.171674639000059 52.549924156000031)","Unfall 194746 (2019) Kat:3, Licht: 0","194746","3","3","5","05","19","3","0","0","0","1","0","0"
"POINT (13.247979597000040 52.545429996000053)","Unfall 194747 (2019) Kat:2, Licht: 0","194747","2","7","5","05","16","3","0","0","0","1","0","0"
"POINT (13.387346537000042 52.525779344000057)","Unfall 194748 (2019) Kat:3, Licht: 0","194748","3","1","8","05","17","3","0","0","0","1","0","0"
"POINT (13.378597140000068 52.544775150000078)","Unfall 194749 (2019) Kat:3, Licht: 0","194749","3","2","5","05","13","3","0","0","0","1","0","0"
"POINT (13.290085868000062 52.496921277000069)","Unfall 194750 (2019) Kat:2, Licht: 2","194750","2","4","6","05","22","3","0","2","0","1","1","0"
"POINT (13.392868258000021 52.391338683000072)","Unfall 194751 (2019) Kat:3, Licht: 0","194751","3","2","5","05","13","3","0","0","1","1","0","0"
"POINT (13.339121346000070 52.597545711000066)","Unfall 194752 (2019) Kat:3, Licht: 0","194752","3","3","5","05","13","3","0","0","1","1","0","0"
"POINT (13.427891905000024 52.545529186000067)","Unfall 194753 (2019) Kat:3, Licht: 0","194753","3","2","5","05","13","3","0","0","1","1","0","0"
"POINT (13.328432140000075 52.464791309000077)","Unfall 194754 (2019) Kat:3, Licht: 0","194754","3","2","5","05","11","3","0","0","1","1","0","0"
"POINT (13.346179867000046 52.500997604000077)","Unfall 194755 (2019) Kat:3, Licht: 0","194755","3","2","5","05","09","3","0","0","1","1","0","0"
"POINT (13.530680853000035 52.483771261000072)","Unfall 194756 (2019) Kat:3, Licht: 0","194756","3","7","0","05","09","3","0","0","1","0","0","0"
"POINT (13.580575664000037 52.443361218000064)","Unfall 194757 (2019) Kat:3, Licht: 0","194757","3","4","0","05","15","3","0","0","0","0","1","0"
"POINT (13.387346050000076 52.411798713000053)","Unfall 194758 (2019) Kat:2, Licht: 0","194758","2","7","5","05","09","3","0","0","0","1","0","0"
"POINT (13.270713894000039 52.451134147000062)","Unfall 194759 (2019) Kat:3, Licht: 0","194759","3","6","2","05","09","3","0","0","0","1","0","0"
"POINT (13.198243588000025 52.533024569000077)","Unfall 194760 (2019) Kat:3, Licht: 0","194760","3","2","3","05","08","3","0","0","0","1","0","0"
"POINT (13.421071368000071 52.573047058000043)","Unfall 194761 (2019) Kat:3, Licht: 0","194761","3","6","2","05","08","3","0","0","0","1","0","0"
"POINT (13.373010408000027 52.436829221000039)","Unfall 194762 (2019) Kat:3, Licht: 0","194762","3","2","5","05","07","3","0","0","1","0","0","0"
"POINT (13.191117526000028 52.556111365000049)","Unfall 194763 (2019) Kat:3, Licht: 0","194763","3","7","5","05","07","3","0","0","0","1","0","1"
"POINT (13.422152443000073 52.553926412000067)","Unfall 194764 (2019) Kat:3, Licht: 0","194764","3","3","5","05","07","3","0","0","0","1","0","0"
"POINT (13.537299499000028 52.438031557000045)","Unfall 194765 (2019) Kat:3, Licht: 0","194765","3","6","2","05","16","3","0","0","0","1","0","0"
"POINT (13.411923360000060 52.542741285000034)","Unfall 194766 (2019) Kat:3, Licht: 0","194766","3","3","5","05","16","3","0","0","1","1","0","0"
"POINT (13.427019037000036 52.552208001000054)","Unfall 194767 (2019) Kat:3, Licht: 0","194767","3","3","5","05","16","3","0","0","1","1","0","0"
"POINT (13.491358110000021 52.428562288000080)","Unfall 194768 (2019) Kat:3, Licht: 0","194768","3","6","2","05","15","3","0","0","0","1","0","0"
"POINT (13.433837247000042 52.501919809000071)","Unfall 194769 (2019) Kat:3, Licht: 0","194769","3","5","1","05","15","3","0","0","1","1","0","0"
"POINT (13.375526633000050 52.461656320000031)","Unfall 194770 (2019) Kat:3, Licht: 0","194770","3","5","1","05","15","3","0","0","1","0","0","0"
"POINT (13.352274504000036 52.524018249000051)","Unfall 194771 (2019) Kat:3, Licht: 0","194771","3","3","5","05","11","3","0","0","1","0","0","1"
"POINT (13.431844953000052 52.466600428000049)","Unfall 194772 (2019) Kat:3, Licht: 0","194772","3","6","0","05","11","3","0","0","1","0","0","0"
"POINT (13.573544901000048 52.552329144000055)","Unfall 194773 (2019) Kat:3, Licht: 0","194773","3","3","5","05","14","2","0","0","0","1","0","0"
"POINT (13.399893834000068 52.496000585000047)","Unfall 194774 (2019) Kat:3, Licht: 0","194774","3","7","6","05","16","2","0","0","1","0","1","0"
"POINT (13.464133396000022 52.522964441000056)","Unfall 194775 (2019) Kat:3, Licht: 0","194775","3","5","1","05","12","2","0","0","1","1","0","0"
"POINT (13.354680059000032 52.413332096000033)","Unfall 194776 (2019) Kat:2, Licht: 0","194776","2","5","0","05","09","2","0","0","0","1","0","0"
"POINT (13.502360888000055 52.508745968000028)","Unfall 194777 (2019) Kat:3, Licht: 0","194777","3","3","5","05","15","2","0","0","1","1","0","0"
"POINT (13.178089965000026 52.516852207000056)","Unfall 194778 (2019) Kat:2, Licht: 0","194778","2","1","0","05","11","2","0","0","0","1","0","1"
"POINT (13.408563927000046 52.512131977000081)","Unfall 194779 (2019) Kat:3, Licht: 0","194779","3","6","3","05","09","2","0","0","1","0","0","0"
"POINT (13.430282581000029 52.510496375000059)","Unfall 194780 (2019) Kat:3, Licht: 0","194780","3","3","5","05","15","2","0","0","0","1","0","0"
"POINT (13.527572050000060 52.567437779000045)","Unfall 194781 (2019) Kat:3, Licht: 0","194781","3","7","6","05","15","2","0","0","0","0","1","1"
"POINT (13.449078814000075 52.528879538000069)","Unfall 194782 (2019) Kat:3, Licht: 0","194782","3","2","2","05","14","2","0","0","1","1","0","0"
"POINT (13.523198726000032 52.495567138000069)","Unfall 194783 (2019) Kat:3, Licht: 0","194783","3","2","5","05","14","2","0","0","1","1","0","0"
"POINT (13.519897179000054 52.505795467000041)","Unfall 194784 (2019) Kat:2, Licht: 0","194784","2","7","5","05","14","2","0","0","0","1","0","0"
"POINT (13.261807363000059 52.541363502000081)","Unfall 194785 (2019) Kat:3, Licht: 0","194785","3","3","5","05","14","2","0","0","1","1","0","0"
"POINT (13.474362560000031 52.438746895000065)","Unfall 194786 (2019) Kat:3, Licht: 0","194786","3","6","2","05","13","2","0","0","0","1","0","0"
"POINT (13.445506677000026 52.499213469000040)","Unfall 194787 (2019) Kat:3, Licht: 0","194787","3","2","5","05","11","2","0","0","0","1","0","1"
"POINT (13.374619550000034 52.537305189000051)","Unfall 194788 (2019) Kat:3, Licht: 0","194788","3","2","2","05","10","2","0","0","1","1","0","0"
"POINT (13.563603669000031 52.544718355000043)","Unfall 194789 (2019) Kat:3, Licht: 0","194789","3","6","2","05","09","2","0","0","0","1","0","0"
"POINT (13.435115461000066 52.483290565000061)","Unfall 194790 (2019) Kat:3, Licht: 0","194790","3","1","0","05","10","2","0","0","0","0","0","1"
"POINT (13.409768459000077 52.524015992000045)","Unfall 194791 (2019) Kat:2, Licht: 0","194791","2","2","5","05","09","2","0","0","1","0","0","0"
"POINT (13.493935856000064 52.541122832000042)","Unfall 194792 (2019) Kat:3, Licht: 0","194792","3","3","5","05","15","2","0","0","0","1","0","0"
"POINT (13.586724641000046 52.424374966000073)","Unfall 194793 (2019) Kat:3, Licht: 0","194793","3","1","8","05","14","2","0","0","0","1","0","0"