WKT,Name,OBJECTID,UKATEGORIE,UTYP1,UART,UMONAT,USTUNDE,UWOCHENTAG,STRZUSTAND,ULICHTVERH,ISTRAD,ISTPKW,ISTFUSS,ISTKRAD
"POINT (13.434153987000059 52.496637586000077)","Unfall 194794 (2019) Kat:2, Licht: 0","194794","2","2","5","05","08","2","0","0","1","1","0","0"
"POINT (13.399890401000050 52.509313234000047)","Unfall 194795 (2019) Kat:3, Licht: 0","194795","3","5","1","05","08","2","0","0","1","1","0","0"
"POINT (13.349778898000068 52.500504288000059)","Unfall 194796 (2019) Kat:2, Licht: 0","194796","2","4","6","05","08","2","0","0","0","0","1","1"
"POINT (13.343066437000061 52.462707644000034)","Unfall 194797 (2019) Kat:3, Licht: 0","194797","3","7","2","05","08","2","0","0","0","1","0","1"
"POINT (13.564184610000041 52.424462640000058)","Unfall 194798 (2019) Kat:3, Licht: 0","194798","3","2","5","05","08","2","0","0","1","0","0","0"
"POINT (13.279446355000061 52.462075472000038)","Unfall 194799 (2019) Kat:3, Licht: 0","194799","3","1","0","05","07","2","0","0","0","0","0","1"
"POINT (13.316234437000048 52.476316898000050)","Unfall 194800 (2019) Kat:3, Licht: 0","194800","3","3","5","05","07","2","0","0","0","1","0","1"
"POINT (13.382220808000056 52.401099267000063)","Unfall 194801 (2019) Kat:3, Licht: 0","194801","3","3","5","05","12","2","0","0","1","1","0","0"
"POINT (13.468811744000050 52.510953913000037)","Unfall 194802 (2019) Kat:3, Licht: 0","194802","3","3","5","05","20","2","0","0","0","1","0","0"
"POINT (13.382536503000040 52.452449037000065)","Unfall 194803 (2019) Kat:3, Licht: 0","194803","3","1","1","05","19","2","0","0","0","1","0","0"
"POINT (13.330994283000052 52.562429416000043)","Unfall 194804 (2019) Kat:3, Licht: 0","194804","3","6","2","05","18","2","0","0","0","1","0","0"
"POINT (13.320746194000037 52.575941488000069)","Unfall 194805 (2019) Kat:2, Licht: 1","194805","2","4","6","05","18","2","0","1","0","1","1","0"
"POINT (13.310799258000031 52.479384556000070)","Unfall 194806 (2019) Kat:3, Licht: 0","194806","3","7","6","05","18","2","0","0","0","1","1","0"
"POINT (13.598894979000022 52.546469438000031)","Unfall 194807 (2019) Kat:3, Licht: 0","194807","3","3","5","05","17","2","0","0","1","1","0","0"
"POINT (13.414385699000036 52.508330757000067)","Unfall 194808 (2019) Kat:3, Licht: 0","194808","3","5","1","05","17","2","0","0","1","0","0","0"
"POINT (13.195504074000041 52.533477737000055)","Unfall 194809 (2019) Kat:2, Licht: 0","194809","2","4","6","05","16","2","0","0","0","1","1","0"
"POINT (13.449088192000033 52.524337777000028)","Unfall 194810 (2019) Kat:3, Licht: 0","194810","3","3","5","05","16","2","0","0","0","1","0","0"
"POINT (13.454200368000045 52.493949384000075)","Unfall 194811 (2019) Kat:3, Licht: 0","194811","3","2","5","05","15","2","0","0","1","0","0","0"
"POINT (13.417299086000071 52.512434122000059)","Unfall 194812 (2019) Kat:3, Licht: 0","194812","3","3","5","05","13","2","0","0","1","1","0","0"
"POINT (13.168190069000048 52.550756916000068)","Unfall 194813 (2019) Kat:3, Licht: 0","194813","3","3","3","05","12","2","0","0","0","1","0","0"
"POINT (13.462655351000024 52.477530706000039)","Unfall 194814 (2019) Kat:3, Licht: 1","194814","3","7","0","05","20","1","0","1","1","1","0","0"
"POINT (13.300208833000056 52.498641644000031)","Unfall 194815 (2019) Kat:3, Licht: 0","194815","3","7","1","05","19","1","0","0","1","1","0","0"
"POINT (13.310732165000047 52.432315335000055)","Unfall 194816 (2019) Kat:3, Licht: 0","194816","3","7","5","05","18","1","0","0","0","1","0","1"
"POINT (13.353208746000064 52.498028094000063)","Unfall 194817 (2019) Kat:3, Licht: 0","194817","3","2","5","05","17","1","0","0","1","1","0","0"
"POINT (13.306470071000035 52.410354668000082)","Unfall 194818 (2019) Kat:3, Licht: 0","194818","3","5","1","05","17","1","0","0","1","1","0","0"
"POINT (13.623523952000028 52.456617635000043)","Unfall 194819 (2019) Kat:3, Licht: 0","194819","3","7","6","05","16","1","0","0","0","0","1","1"
"POINT (13.572222102000069 52.451100998000072)","Unfall 194820 (2019) Kat:3, Licht: 0","194820","3","2","5","05","16","1","0","0","1","1","0","0"
"POINT (13.429750492000039 52.551516571000036)","Unfall 194821 (2019) Kat:3, Licht: 0","194821","3","6","2","05","16","1","0","0","0","1","0","1"
"POINT (13.233836923000069 52.438636216000077)","Unfall 194822 (2019) Kat:3, Licht: 0","194822","3","3","5","05","16","1","0","0","0","1","0","0"
"POINT (13.311864637000042 52.435028433000070)","Unfall 194823 (2019) Kat:3, Licht: 0","194823","3","7","1","05","12","1","0","0","1","1","0","0"
"POINT (13.609426998000060 52.533064955000043)","Unfall 194824 (2019) Kat:3, Licht: 0","194824","3","2","5","05","15","1","0","0","0","1","0","0"
"POINT (13.590233140000066 52.470600794000063)","Unfall 194825 (2019) Kat:3, Licht: 0","194825","3","6","3","05","14","1","0","0","0","1","0","0"
"POINT (13.453948085000036 52.593312240000046)","Unfall 194826 (2019) Kat:3, Licht: 0","194826","3","3","0","05","12","1","0","0","1","1","0","0"
"POINT (13.435148056000060 52.491173050000043)","Unfall 194827 (2019) Kat:3, Licht: 0","194827","3","6","3","05","16","1","0","0","1","1","0","0"
"POINT (13.328464283000073 52.532367384000054)","Unfall 194828 (2019) Kat:2, Licht: 0","194828","2","7","5","05","11","1","0","0","0","1","0","1"
"POINT (13.384676351000053 52.493627072000038)","Unfall 194829 (2019) Kat:3, Licht: 0","194829","3","6","4","05","09","1","0","0","1","0","0","0"
"POINT (13.279152830000044 52.503708904000064)","Unfall 194830 (2019) Kat:2, Licht: 0","194830","2","2","5","05","10","1","0","0","0","1","0","0"
"POINT (13.422166351000044 52.487076228000035)","Unfall 194831 (2019) Kat:3, Licht: 0","194831","3","4","6","05","13","1","0","0","1","0","1","0"
"POINT (13.387352698000029 52.523835208000037)","Unfall 194832 (2019) Kat:3, Licht: 0","194832","3","2","2","05","13","1","0","0","1","1","0","0"
"POINT (13.554377009000063 52.455695757000058)","Unfall 194833 (2019) Kat:3, Licht: 0","194833","3","2","5","05","10","1","0","0","0","1","0","0"
"POINT (13.428853875000073 52.484137490000080)","Unfall 194834 (2019) Kat:3, Licht: 1","194834","3","7","5","05","04","1","1","1","0","1","0","0"
"POINT (13.458245642000065 52.485897168000065)","Unfall 194835 (2019) Kat:3, Licht: 0","194835","3","7","0","05","20","1","0","0","0","1","0","0"
"POINT (13.360475106000024 52.599367555000072)","Unfall 194836 (2019) Kat:2, Licht: 0","194836","2","3","5","05","19","1","0","0","0","1","0","0"
"POINT (13.344828589000031 52.480055720000053)","Unfall 194837 (2019) Kat:3, Licht: 0","194837","3","3","5","05","12","7","0","0","1","0","0","0"
"POINT (13.154392625000071 52.532902343000046)","Unfall 194838 (2019) Kat:3, Licht: 0","194838","3","3","5","05","18","1","0","0","0","1","0","1"
"POINT (13.346272388000045 52.552536760000066)","Unfall 194839 (2019) Kat:3, Licht: 0","194839","3","2","6","05","14","7","0","0","0","1","1","0"
"POINT (13.335601008000026 52.505333768000071)","Unfall 194840 (2019) Kat:2, Licht: 0","194840","2","6","2","05","18","1","0","0","0","1","0","0"
"POINT (13.214351286000067 52.564762821000045)","Unfall 194841 (2019) Kat:2, Licht: 0","194841","2","4","6","05","17","1","0","0","0","1","1","0"
"POINT (13.339346036000052 52.526484569000047)","Unfall 194842 (2019) Kat:3, Licht: 0","194842","3","6","3","05","11","7","0","0","1","0","0","0"
"POINT (13.285485703000063 52.481382550000035)","Unfall 194843 (2019) Kat:3, Licht: 0","194843","3","5","1","05","16","1","0","0","0","1","0","0"
"POINT (13.360269157000062 52.537305259000050)","Unfall 194844 (2019) Kat:2, Licht: 0","194844","2","2","5","05","17","1","0","0","0","1","0","0"
"POINT (13.196094235000032 52.531539922000036)","Unfall 194845 (2019) Kat:3, Licht: 0","194845","3","7","2","05","12","7","0","0","0","1","0","0"
"POINT (13.432026110000038 52.485388099000033)","Unfall 194846 (2019) Kat:3, Licht: 0","194846","3","1","0","05","16","1","1","0","0","0","0","1"
"POINT (13.471525262000057 52.532083971000077)","Unfall 194847 (2019) Kat:2, Licht: 0","194847","2","1","0","05","17","7","1","0","0","0","0","1"
"POINT (13.693095280000023 52.439027088000046)","Unfall 194848 (2019) Kat:2, Licht: 0","194848","2","3","5","05","16","1","0","0","1","1","0","0"
"POINT (13.397382931000038 52.532489977000068)","Unfall 194849 (2019) Kat:3, Licht: 0","194849","3","6","3","05","16","1","0","0","1","1","0","0"
"POINT (13.338178922000054 52.431908192000037)","Unfall 194850 (2019) Kat:3, Licht: 2","194850","3","2","5","05","23","7","0","2","0","1","0","0"
"POINT (13.194242880000047 52.545691606000048)","Unfall 194851 (2019) Kat:3, Licht: 0","194851","3","2","5","05","19","7","1","0","0","1","0","0"
"POINT (13.343139157000053 52.439817397000070)","Unfall 194852 (2019) Kat:3, Licht: 0","194852","3","1","0","05","16","1","1","0","0","1","0","1"
"POINT (13.359471765000023 52.523291956000037)","Unfall 194853 (2019) Kat:3, Licht: 0","194853","3","2","5","05","15","1","0","0","1","1","0","0"
"POINT (13.166355333000070 52.524020282000038)","Unfall 194854 (2019) Kat:3, Licht: 1","194854","3","3","5","05","18","7","1","1","0","1","0","0"
"POINT (13.218814497000039 52.432410329000049)","Unfall 194855 (2019) Kat:3, Licht: 0","194855","3","5","1","05","13","1","0","0","1","1","0","0"
"POINT (13.429676375000042 52.498169802000064)","Unfall 194856 (2019) Kat:3, Licht: 0","194856","3","2","5","05","18","7","1","0","1","1","0","0"
"POINT (13.429435839000064 52.600692284000047)","Unfall 194857 (2019) Kat:3, Licht: 0","194857","3","3","5","05","12","7","0","0","1","1","0","0"
"POINT (13.158643285000039 52.419500318000075)","Unfall 194858 (2019) Kat:3, Licht: 0","194858","3","3","0","05","13","1","0","0","0","1","0","1"
"POINT (13.165299499000071 52.551117132000059)","Unfall 194859 (2019) Kat:3, Licht: 0","194859","3","2","0","05","12","1","0","0","0","1","0","1"
"POINT (13.182918203000042 52.547874081000032)","Unfall 194860 (2019) Kat:3, Licht: 0","194860","3","2","5","05","11","7","0","0","0","1","0","0"
"POINT (13.371324637000043 52.504888694000044)","Unfall 194861 (2019) Kat:3, Licht: 0","194861","3","6","2","05","11","1","0","0","0","1","0","0"
"POINT (13.281533909000075 52.512887970000065)","Unfall 194862 (2019) Kat:3, Licht: 0","194862","3","2","5","05","12","7","0","0","1","1","0","0"
"POINT (13.476367903000039 52.609709404000057)","Unfall 194863 (2019) Kat:2, Licht: 0","194863","2","5","1","05","11","1","0","0","1","1","0","0"
"POINT (13.326347429000066 52.519130448000055)","Unfall 194864 (2019) Kat:3, Licht: 0","194864","3","2","5","05","20","7","1","0","0","1","0","1"
"POINT (13.313793645000032 52.506364430000076)","Unfall 194865 (2019) Kat:3, Licht: 0","194865","3","2","5","05","09","1","0","0","1","1","0","0"
"POINT (13.313716608000050 52.426467033000051)","Unfall 194866 (2019) Kat:3, Licht: 0","194866","3","3","5","05","13","7","0","0","1","0","0","0"
"POINT (13.364247860000035 52.527790140000036)","Unfall 194867 (2019) Kat:3, Licht: 2","194867","3","7","0","05","01","1","1","2","1","1","0","0"
"POINT (13.301861704000032 52.472974533000070)","Unfall 194868 (2019) Kat:3, Licht: 0","194868","3","5","1","05","15","7","1","0","1","1","0","0"
"POINT (13.281768571000043 52.476301949000060)","Unfall 194869 (2019) Kat:3, Licht: 0","194869","3","7","0","05","10","7","0","0","1","0","0","0"
"POINT (13.334450843000070 52.437430851000045)","Unfall 194870 (2019) Kat:3, Licht: 0","194870","3","3","5","05","15","7","1","0","1","1","0","0"
"POINT (13.365579990000072 52.503114560000029)","Unfall 194871 (2019) Kat:3, Licht: 2","194871","3","2","5","05","23","7","0","2","1","1","0","0"
"POINT (13.430660930000045 52.511094464000053)","Unfall 194872 (2019) Kat:3, Licht: 0","194872","3","3","5","05","16","7","1","0","1","1","0","0"
"POINT (13.294055878000052 52.442044146000057)","Unfall 194873 (2019) Kat:3, Licht: 0","194873","3","5","1","05","09","7","0","0","1","1","0","0"
"POINT (13.557960887000036 52.529646405000051)","Unfall 194874 (2019) Kat:3, Licht: 0","194874","3","3","5","05","09","7","0","0","0","1","0","0"
"POINT (13.409540204000052 52.518176534000077)","Unfall 194875 (2019) Kat:3, Licht: 0","194875","3","5","1","05","17","7","1","0","0","1","0","0"
"POINT (13.583361794000041 52.549326732000054)","Unfall 194876 (2019) Kat:3, Licht: 0","194876","3","3","5","05","09","7","0","0","1","1","0","0"
"POINT (13.583114807000072 52.549359929000047)","Unfall 194877 (2019) Kat:3, Licht: 0","194877","3","2","5","05","11","7","0","0","1","1","0","0"
"POINT (13.449160395000035 52.488314584000079)","Unfall 194878 (2019) Kat:3, Licht: 0","194878","3","7","0","05","05","7","0","0","1","0","0","0"
"POINT (13.506422112000052 52.437578417000054)","Unfall 194879 (2019) Kat:3, Licht: 2","194879","3","5","1","05","01","7","0","2","1","1","0","0"
"POINT (13.229234062000046 52.573277439000037)","Unfall 194880 (2019) Kat:3, Licht: 0","194880","3","3","5","05","17","7","1","0","0","1","0","0"
"POINT (13.480369083000028 52.453269435000038)","Unfall 194881 (2019) Kat:3, Licht: 0","194881","3","4","6","05","20","7","0","0","0","1","1","0"
"POINT (13.379246587000068 52.529455769000037)","Unfall 194882 (2019) Kat:3, Licht: 0","194882","3","1","0","05","15","7","1","0","0","0","0","1"
"POINT (13.590737526000055 52.514220314000056)","Unfall 194883 (2019) Kat:2, Licht: 0","194883","2","1","0","05","19","7","0","0","1","0","0","0"
"POINT (13.384855287000050 52.556605374000071)","Unfall 194884 (2019) Kat:3, Licht: 0","194884","3","4","6","05","11","7","0","0","1","0","1","0"
"POINT (13.194517939000036 52.533704243000045)","Unfall 194885 (2019) Kat:3, Licht: 0","194885","3","2","5","05","18","7","0","0","0","1","0","0"
"POINT (13.574564339000062 52.555218113000080)","Unfall 194886 (2019) Kat:3, Licht: 1","194886","3","3","5","05","04","7","0","1","0","1","0","0"
"POINT (13.412794096000027 52.506270830000062)","Unfall 194887 (2019) Kat:3, Licht: 0","194887","3","2","5","05","08","7","0","0","1","1","0","0"
"POINT (13.559684292000043 52.479303677000075)","Unfall 194888 (2019) Kat:3, Licht: 0","194888","3","7","2","05","18","7","0","0","0","1","0","0"
"POINT (13.386839029000043 52.496423686000071)","Unfall 194889 (2019) Kat:3, Licht: 0","194889","3","6","3","05","15","6","0","0","1","0","0","0"
"POINT (13.436825664000025 52.448621035000031)","Unfall 194890 (2019) Kat:3, Licht: 0","194890","3","7","5","05","08","6","0","0","0","1","0","0"
"POINT (13.336196916000063 52.557904352000037)","Unfall 194891 (2019) Kat:3, Licht: 0","194891","3","6","2","05","10","7","0","0","0","1","0","0"
"POINT (13.403233835000037 52.386683781000045)","Unfall 194892 (2019) Kat:3, Licht: 0","194892","3","2","6","05","07","6","0","0","0","1","1","0"
"POINT (13.247453738000047 52.538299786000039)","Unfall 194893 (2019) Kat:2, Licht: 0","194893","2","7","2","05","10","7","0","0","0","1","0","1"
"POINT (13.473398098000075 52.612553873000081)","Unfall 194894 (2019) Kat:3, Licht: 0","194894","3","3","5","05","07","6","1","0","1","1","0","0"
"POINT (13.400522674000058 52.530604414000038)","Unfall 194895 (2019) Kat:3, Licht: 0","194895","3","5","1","05","11","7","0","0","1","1","0","0"
"POINT (13.192578586000025 52.528663590000065)","Unfall 194896 (2019) Kat:2, Licht: 0","194896","2","2","6","05","11","7","0","0","0","1","1","0"
"POINT (13.438943057000074 52.487494764000076)","Unfall 194897 (2019) Kat:3, Licht: 0","194897","3","7","0","05","07","6","1","0","1","0","0","0"
"POINT (13.426391177000028 52.603120414000045)","Unfall 194898 (2019) Kat:3, Licht: 0","194898","3","3","0","05","07","6","1","0","1","1","0","0"
"POINT (13.476066760000037 52.550779073000058)","Unfall 194899 (2019) Kat:3, Licht: 0","194899","3","6","2","05","12","7","0","0","0","1","0","1"
"POINT (13.208522155000026 52.561456189000069)","Unfall 194900 (2019) Kat:1, Licht: 0","194900","1","6","2","05","12","7","0","0","0","1","0","0"
"POINT (13.469091862000028 52.434348265000040)","Unfall 194901 (2019) Kat:3, Licht: 1","194901","3","2","5","05","06","6","0","1","0","1","0","0"
"POINT (13.247753570000043 52.518874615000072)","Unfall 194902 (2019) Kat:3, Licht: 0","194902","3","6","2","05","12","7","0","0","0","1","0","0"
"POINT (13.499690985000029 52.562397931000078)","Unfall 194903 (2019) Kat:3, Licht: 0","194903","3","3","5","05","05","6","1","0","1","1","0","0"
"POINT (13.326236970000025 52.538038425000082)","Unfall 194904 (2019) Kat:3, Licht: 0","194904","3","2","5","05","13","7","0","0","0","1","0","0"
"POINT (13.334610711000039 52.541246688000058)","Unfall 194905 (2019) Kat:3, Licht: 0","194905","3","6","2","05","12","7","0","0","0","1","0","0"
"POINT (13.580637970000055 52.460098668000057)","Unfall 194906 (2019) Kat:3, Licht: 0","194906","3","3","5","05","05","6","0","0","1","1","0","0"
"POINT (13.587399296000058 52.523143394000044)","Unfall 194907 (2019) Kat:3, Licht: 0","194907","3","7","2","05","13","7","0","0","0","1","0","0"
"POINT (13.431290487000069 52.553551208000044)","Unfall 194908 (2019) Kat:3, Licht: 0","194908","3","5","1","05","05","6","1","0","1","1","0","0"
"POINT (13.235857947000056 52.529167739000059)","Unfall 194909 (2019) Kat:2, Licht: 0","194909","2","5","1","05","14","7","0","0","0","1","0","1"
"POINT (13.423993984000049 52.513326438000036)","Unfall 194910 (2019) Kat:2, Licht: 2","194910","2","3","5","05","21","6","0","2","1","1","0","0"
"POINT (13.303014504000032 52.429052012000056)","Unfall 194911 (2019) Kat:3, Licht: 0","194911","3","3","5","05","14","7","0","0","0","1","0","0"
"POINT (13.404388707000066 52.522193536000032)","Unfall 194912 (2019) Kat:3, Licht: 0","194912","3","5","1","05","18","6","0","0","1","1","0","0"
"POINT (13.465358314000071 52.567154477000031)","Unfall 194913 (2019) Kat:3, Licht: 0","194913","3","3","5","05","15","7","0","0","1","1","0","0"
"POINT (13.350026909000064 52.494657667000070)","Unfall 194914 (2019) Kat:3, Licht: 0","194914","3","6","2","05","15","7","0","0","0","1","0","0"
"POINT (13.301144200000067 52.519068297000047)","Unfall 194915 (2019) Kat:3, Licht: 0","194915","3","3","5","05","17","6","0","0","0","1","0","0"
"POINT (13.553712695000058 52.399278403000039)","Unfall 194916 (2019) Kat:2, Licht: 0","194916","2","4","6","05","17","6","0","0","0","1","1","0"
"POINT (13.300591891000067 52.517597763000026)","Unfall 194917 (2019) Kat:3, Licht: 0","194917","3","6","2","05","15","7","0","0","0","1","0","0"
"POINT (13.386647031000052 52.505321412000058)","Unfall 194918 (2019) Kat:2, Licht: 0","194918","2","2","3","05","17","7","0","0","1","1","0","0"
"POINT (13.589655170000071 52.509288027000082)","Unfall 194919 (2019) Kat:2, Licht: 0","194919","2","3","5","05","17","6","0","0","0","1","0","0"
"POINT (13.503133221000041 52.433775402000038)","Unfall 194920 (2019) Kat:3, Licht: 2","194920","3","2","5","05","22","7","0","2","0","1","0","1"
"POINT (13.385358863000022 52.502191916000072)","Unfall 194921 (2019) Kat:3, Licht: 0","194921","3","6","2","05","16","6","0","0","0","1","0","0"
"POINT (13.462642781000056 52.559773150000069)","Unfall 194922 (2019) Kat:3, Licht: 0","194922","3","3","5","05","07","6","0","0","1","1","0","0"
"POINT (13.384408451000070 52.455874641000037)","Unfall 194923 (2019) Kat:3, Licht: 0","194923","3","6","3","05","15","6","0","0","0","1","0","1"
"POINT (13.527061543000059 52.492087497000057)","Unfall 194924 (2019) Kat:2, Licht: 0","194924","2","2","5","05","14","6","0","0","0","1","0","0"
"POINT (13.390564001000030 52.513068323000027)","Unfall 194925 (2019) Kat:3, Licht: 0","194925","3","3","5","05","13","6","0","0","0","1","0","1"
"POINT (13.571206019000044 52.513080521000063)","Unfall 194926 (2019) Kat:3, Licht: 0","194926","3","6","1","05","17","6","0","0","1","1","0","0"
"POINT (13.621944579000058 52.530448975000070)","Unfall 194927 (2019) Kat:2, Licht: 0","194927","2","4","6","05","14","6","0","0","0","1","1","0"
"POINT (13.387685333000036 52.503324280000072)","Unfall 194928 (2019) Kat:3, Licht: 2","194928","3","1","0","05","00","6","1","2","1","0","0","0"
"POINT (13.387506658000063 52.524808859000075)","Unfall 194929 (2019) Kat:2, Licht: 0","194929","2","4","6","05","14","6","0","0","0","0","1","0"
"POINT (13.311065672000041 52.621976843000027)","Unfall 194930 (2019) Kat:3, Licht: 0","194930","3","3","5","05","11","6","0","0","1","1","0","0"
"POINT (13.183435202000055 52.541328528000065)","Unfall 194931 (2019) Kat:3, Licht: 0","194931","3","6","2","05","13","6","0","0","0","1","0","0"
"POINT (13.270793594000054 52.536532522000073)","Unfall 194932 (2019) Kat:3, Licht: 0","194932","3","6","2","05","11","6","0","0","0","1","0","0"
"POINT (13.445498357000076 52.481105871000068)","Unfall 194933 (2019) Kat:3, Licht: 0","194933","3","5","1","05","19","6","0","0","0","1","0","0"
"POINT (13.383809950000057 52.555762124000069)","Unfall 194934 (2019) Kat:3, Licht: 0","194934","3","4","6","05","13","6","0","0","0","1","1","0"
"POINT (13.492607612000029 52.512064334000058)","Unfall 194935 (2019) Kat:2, Licht: 2","194935","2","2","6","05","22","6","0","2","0","0","1","0"
"POINT (13.418036987000050 52.460472960000061)","Unfall 194936 (2019) Kat:3, Licht: 0","194936","3","2","2","05","14","6","0","0","0","1","0","0"
"POINT (13.261874907000049 52.440343657000028)","Unfall 194937 (2019) Kat:3, Licht: 0","194937","3","5","1","05","20","6","0","0","0","1","0","1"
"POINT (13.432365220000065 52.466481529000077)","Unfall 194938 (2019) Kat:2, Licht: 0","194938","2","4","6","05","12","6","0","0","0","0","1","0"
"POINT (13.420702942000048 52.548814933000074)","Unfall 194939 (2019) Kat:3, Licht: 0","194939","3","2","5","05","19","6","0","0","0","1","0","0"
"POINT (13.599957684000060 52.435706655000047)","Unfall 194940 (2019) Kat:3, Licht: 0","194940","3","6","2","05","19","6","0","0","0","1","0","0"
"POINT (13.437013082000021 52.448549046000039)","Unfall 194941 (2019) Kat:3, Licht: 0","194941","3","5","1","05","11","6","0","0","0","1","0","0"
"POINT (13.386618946000056 52.490078255000071)","Unfall 194942 (2019) Kat:3, Licht: 0","194942","3","3","5","05","10","6","0","0","1","1","0","0"
"POINT (13.374286816000051 52.530198194000036)","Unfall 194943 (2019) Kat:3, Licht: 0","194943","3","2","0","05","18","6","0","0","1","1","0","0"
"POINT (13.469214256000043 52.511527087000047)","Unfall 194944 (2019) Kat:3, Licht: 0","194944","3","6","3","05","18","6","0","0","1","1","0","0"
"POINT (13.379405802000065 52.529430402000060)","Unfall 194945 (2019) Kat:3, Licht: 2","194945","3","2","0","05","00","6","0","2","1","1","0","0"
"POINT (13.309127570000044 52.614837869000041)","Unfall 194946 (2019) Kat:3, Licht: 0","194946","3","2","5","05","17","6","0","0","0","1","0","0"
"POINT (13.190789235000068 52.540030316000070)","Unfall 194947 (2019) Kat:3, Licht: 0","194947","3","7","5","05","13","5","0","0","1","1","0","0"
"POINT (13.320441029000051 52.499750859000073)","Unfall 194948 (2019) Kat:3, Licht: 0","194948","3","6","3","05","17","6","0","0","1","1","0","0"
"POINT (13.492680674000042 52.491090627000062)","Unfall 194949 (2019) Kat:2, Licht: 0","194949","2","2","5","05","17","6","0","0","1","0","0","0"
"POINT (13.618406374000074 52.452526127000056)","Unfall 194950 (2019) Kat:2, Licht: 0","194950","2","3","5","05","12","5","0","0","1","0","0","0"
"POINT (13.528840969000044 52.426365984000029)","Unfall 194951 (2019) Kat:3, Licht: 0","194951","3","6","2","05","17","6","0","0","0","1","0","0"
"POINT (13.319168006000041 52.478885284000057)","Unfall 194952 (2019) Kat:3, Licht: 0","194952","3","6","0","05","09","6","0","0","0","0","0","1"
"POINT (13.435944007000046 52.533052986000030)","Unfall 194953 (2019) Kat:3, Licht: 0","194953","3","4","6","05","06","5","0","0","1","0","1","0"
"POINT (13.422937323000042 52.528413429000068)","Unfall 194954 (2019) Kat:3, Licht: 0","194954","3","5","1","05","09","6","0","0","1","1","0","0"
"POINT (13.292841950000025 52.608357749000049)","Unfall 194955 (2019) Kat:3, Licht: 0","194955","3","7","4","05","09","6","0","0","0","1","0","0"
"POINT (13.344987162000052 52.491631776000077)","Unfall 194956 (2019) Kat:3, Licht: 0","194956","3","3","5","05","18","5","0","0","1","1","0","0"
"POINT (13.354610983000043 52.618104062000043)","Unfall 194957 (2019) Kat:3, Licht: 0","194957","3","2","5","05","16","6","0","0","1","1","0","0"
"POINT (13.148288884000067 52.532827016000056)","Unfall 194958 (2019) Kat:3, Licht: 0","194958","3","5","1","05","13","5","0","0","0","1","0","0"
"POINT (13.427437108000049 52.552402374000053)","Unfall 194959 (2019) Kat:3, Licht: 0","194959","3","3","5","05","08","6","0","0","0","1","0","0"
"POINT (13.192744115000039 52.536019299000031)","Unfall 194960 (2019) Kat:3, Licht: 0","194960","3","1","0","05","12","5","1","0","0","1","0","1"
"POINT (13.411724895000077 52.532908560000067)","Unfall 194961 (2019) Kat:3, Licht: 0","194961","3","5","1","05","09","6","0","0","1","0","0","0"
"POINT (13.154303852000055 52.533846078000067)","Unfall 194962 (2019) Kat:2, Licht: 0","194962","2","3","5","05","05","5","1","0","0","1","0","0"
"POINT (13.285278861000052 52.494672166000043)","Unfall 194963 (2019) Kat:3, Licht: 0","194963","3","3","5","05","16","6","0","0","1","0","0","0"
"POINT (13.459582385000033 52.548089958000048)","Unfall 194964 (2019) Kat:2, Licht: 0","194964","2","2","6","05","10","6","0","0","0","1","1","0"
"POINT (13.460572391000028 52.500361172000055)","Unfall 194965 (2019) Kat:3, Licht: 2","194965","3","3","5","05","21","5","1","2","1","1","0","0"
"POINT (13.435639116000061 52.507813709000061)","Unfall 194966 (2019) Kat:3, Licht: 1","194966","3","5","1","05","20","5","1","1","1","1","0","0"
"POINT (13.494394425000053 52.635811018000027)","Unfall 194967 (2019) Kat:3, Licht: 0","194967","3","6","3","05","08","6","0","0","1","1","0","0"
"POINT (13.420879647000049 52.533748787000036)","Unfall 194968 (2019) Kat:2, Licht: 0","194968","2","6","2","05","08","6","0","0","0","1","0","0"
"POINT (13.350849198000049 52.584065002000045)","Unfall 194969 (2019) Kat:2, Licht: 0","194969","2","3","5","05","19","5","0","0","0","1","0","1"
"POINT (13.429299167000067 52.528667618000043)","Unfall 194970 (2019) Kat:3, Licht: 0","194970","3","6","2","05","08","6","0","0","0","1","0","0"
"POINT (13.424142766000045 52.508154056000080)","Unfall 194971 (2019) Kat:3, Licht: 0","194971","3","5","1","05","19","5","0","0","1","1","0","0"
"POINT (13.429613674000052 52.571842370000070)","Unfall 194972 (2019) Kat:3, Licht: 0","194972","3","2","5","05","08","6","0","0","0","1","0","0"
"POINT (13.317539908000072 52.465536247000045)","Unfall 194973 (2019) Kat:3, Licht: 0","194973","3","6","1","05","16","5","0","0","1","1","0","0"
"POINT (13.198525495000069 52.539552194000066)","Unfall 194974 (2019) Kat:3, Licht: 0","194974","3","3","5","05","07","6","0","0","1","1","0","0"
"POINT (13.466699237000057 52.469036606000031)","Unfall 194975 (2019) Kat:3, Licht: 0","194975","3","5","0","05","16","5","0","0","0","1","0","0"
"POINT (13.452548746000048 52.539203326000063)","Unfall 194976 (2019) Kat:3, Licht: 2","194976","3","2","5","05","21","6","0","2","0","1","0","1"
"POINT (13.465768469000068 52.523347479000051)","Unfall 194977 (2019) Kat:3, Licht: 0","194977","3","3","5","05","18","6","0","0","0","1","0","0"
"POINT (13.601016894000054 52.479251723000061)","Unfall 194978 (2019) Kat:3, Licht: 0","194978","3","2","5","05","15","5","1","0","1","1","0","0"
"POINT (13.398060624000038 52.534871941000063)","Unfall 194979 (2019) Kat:3, Licht: 0","194979","3","3","5","05","15","5","0","0","0","1","0","0"