WKT,Name,OBJECTID,UKATEGORIE,UTYP1,UART,UMONAT,USTUNDE,UWOCHENTAG,STRZUSTAND,ULICHTVERH,ISTRAD,ISTPKW,ISTFUSS,ISTKRAD
"POINT (13.254775215000052 52.414773607000029)","Unfall 194980 (2019) Kat:2, Licht: 0","194980","2","3","5","05","16","6","0","0","1","1","0","0"
"POINT (13.273259762000066 52.536224613000059)","Unfall 194981 (2019) Kat:3, Licht: 0","194981","3","6","2","05","15","5","0","0","0","1","0","0"
"POINT (13.379233994000060 52.569194522000032)","Unfall 194982 (2019) Kat:2, Licht: 0","194982","2","5","1","05","16","3","0","0","1","1","0","0"
"POINT (13.514444543000025 52.423965036000027)","Unfall 194983 (2019) Kat:3, Licht: 0","194983","3","1","0","05","16","3","0","0","0","0","0","1"
"POINT (13.360298049000050 52.488313955000081)","Unfall 194984 (2019) Kat:2, Licht: 0","194984","2","7","0","05","16","3","0","0","0","0","0","1"
"POINT (13.273903668000059 52.509680985000045)","Unfall 194985 (2019) Kat:3, Licht: 0","194985","3","3","0","05","17","3","0","0","0","1","0","1"
"POINT (13.389772623000056 52.574291951000077)","Unfall 194986 (2019) Kat:3, Licht: 0","194986","3","3","5","05","17","3","0","0","1","1","0","0"
"POINT (13.322093305000067 52.521078866000039)","Unfall 194987 (2019) Kat:3, Licht: 0","194987","3","4","6","05","11","3","0","0","0","1","1","0"
"POINT (13.182569627000078 52.510100292000061)","Unfall 194988 (2019) Kat:3, Licht: 0","194988","3","3","5","05","11","3","0","0","1","1","0","0"
"POINT (13.345672205000028 52.494202444000052)","Unfall 194989 (2019) Kat:3, Licht: 0","194989","3","2","6","05","18","3","0","0","0","1","1","0"
"POINT (13.216278530000068 52.565448408000066)","Unfall 194990 (2019) Kat:3, Licht: 0","194990","3","6","4","05","18","3","0","0","1","0","0","0"
"POINT (13.213558150000040 52.538586471000031)","Unfall 194991 (2019) Kat:3, Licht: 2","194991","3","3","5","05","21","3","0","2","1","1","0","0"
"POINT (13.344932532000030 52.490358412000035)","Unfall 194992 (2019) Kat:3, Licht: 0","194992","3","3","5","05","17","3","0","0","0","1","0","0"
"POINT (13.396118822000062 52.497989228000051)","Unfall 194993 (2019) Kat:3, Licht: 0","194993","3","6","0","05","19","3","0","0","1","1","0","0"
"POINT (13.683519932000024 52.370530542000040)","Unfall 194994 (2019) Kat:1, Licht: 0","194994","1","1","0","05","18","3","0","0","1","0","0","0"
"POINT (13.441532407000068 52.543325307000032)","Unfall 194995 (2019) Kat:3, Licht: 0","194995","3","2","5","05","18","2","0","0","1","1","0","0"
"POINT (13.285318765000056 52.445049635000032)","Unfall 194996 (2019) Kat:3, Licht: 0","194996","3","3","5","05","11","2","0","0","0","1","0","0"
"POINT (13.299009397000077 52.498413884000058)","Unfall 194997 (2019) Kat:3, Licht: 2","194997","3","7","5","05","20","2","0","2","0","1","0","0"
"POINT (13.275033103000055 52.508134126000073)","Unfall 194998 (2019) Kat:3, Licht: 0","194998","3","7","6","05","19","2","0","0","0","1","1","0"
"POINT (13.400709696000035 52.439831313000070)","Unfall 194999 (2019) Kat:3, Licht: 0","194999","3","6","2","05","19","2","1","0","0","1","0","0"
"POINT (13.420139795000068 52.510040280000055)","Unfall 195000 (2019) Kat:2, Licht: 0","195000","2","5","1","05","18","2","0","0","1","0","0","0"
"POINT (13.417901974000074 52.487767948000055)","Unfall 195001 (2019) Kat:3, Licht: 0","195001","3","2","5","05","17","2","0","0","1","1","0","0"
"POINT (13.450629520000064 52.552428434000035)","Unfall 195002 (2019) Kat:3, Licht: 0","195002","3","1","0","05","18","2","1","0","1","0","0","0"
"POINT (13.608018506000064 52.533599798000068)","Unfall 195003 (2019) Kat:3, Licht: 0","195003","3","1","0","05","18","2","1","0","0","0","0","1"
"POINT (13.395376230000068 52.396892570000034)","Unfall 195004 (2019) Kat:3, Licht: 0","195004","3","3","5","05","07","2","0","0","1","1","0","0"
"POINT (13.430553967000037 52.468434480000042)","Unfall 195005 (2019) Kat:3, Licht: 0","195005","3","2","5","05","07","2","0","0","1","1","0","0"
"POINT (13.285381478000033 52.595112436000079)","Unfall 195006 (2019) Kat:3, Licht: 0","195006","3","6","2","05","08","2","0","0","0","1","0","0"
"POINT (13.194299680000029 52.528978713000072)","Unfall 195007 (2019) Kat:3, Licht: 0","195007","3","7","6","05","10","2","0","0","0","1","1","0"
"POINT (13.578688162000049 52.539960511000061)","Unfall 195008 (2019) Kat:3, Licht: 0","195008","3","4","6","05","10","2","0","0","0","1","1","0"
"POINT (13.377082363000056 52.560942741000076)","Unfall 195009 (2019) Kat:3, Licht: 0","195009","3","6","2","05","18","2","0","0","0","1","0","0"
"POINT (13.326265324000076 52.591618481000069)","Unfall 195010 (2019) Kat:3, Licht: 0","195010","3","2","5","05","10","2","0","0","1","0","0","0"
"POINT (13.384204459000046 52.556037390000029)","Unfall 195011 (2019) Kat:3, Licht: 0","195011","3","2","5","05","10","2","0","0","1","1","0","0"
"POINT (13.330744301000038 52.493158434000065)","Unfall 195012 (2019) Kat:3, Licht: 0","195012","3","2","5","05","18","2","0","0","1","1","0","0"
"POINT (13.444126686000061 52.479637945000036)","Unfall 195013 (2019) Kat:2, Licht: 0","195013","2","4","6","05","11","2","0","0","0","1","1","0"
"POINT (13.330237720000071 52.523819120000041)","Unfall 195014 (2019) Kat:2, Licht: 0","195014","2","6","2","05","12","2","0","0","0","1","0","0"
"POINT (13.441942079000057 52.500859748000039)","Unfall 195015 (2019) Kat:3, Licht: 0","195015","3","4","6","05","18","2","0","0","0","1","1","1"
"POINT (13.362819594000030 52.447663212000066)","Unfall 195016 (2019) Kat:3, Licht: 0","195016","3","6","2","05","13","2","0","0","0","1","0","0"
"POINT (13.612278421000042 52.511305232000041)","Unfall 195017 (2019) Kat:3, Licht: 0","195017","3","6","2","05","15","2","0","0","0","1","0","0"
"POINT (13.566984641000033 52.412161823000076)","Unfall 195018 (2019) Kat:3, Licht: 0","195018","3","2","6","05","17","2","0","0","0","1","1","0"
"POINT (13.288410755000029 52.632065257000079)","Unfall 195019 (2019) Kat:3, Licht: 0","195019","3","1","0","05","10","2","0","0","1","0","0","0"
"POINT (13.334285374000046 52.442924448000042)","Unfall 195020 (2019) Kat:3, Licht: 0","195020","3","6","2","05","16","2","0","0","0","1","0","0"
"POINT (13.340684466000027 52.526433737000048)","Unfall 195021 (2019) Kat:3, Licht: 0","195021","3","6","2","05","16","2","0","0","0","1","0","0"
"POINT (13.421967200000040 52.493016499000078)","Unfall 195022 (2019) Kat:3, Licht: 0","195022","3","3","5","05","15","2","0","0","1","1","0","0"
"POINT (13.393500858000039 52.489151519000075)","Unfall 195023 (2019) Kat:3, Licht: 0","195023","3","7","2","05","15","2","0","0","1","1","0","0"
"POINT (13.288202141000056 52.586282096000048)","Unfall 195024 (2019) Kat:3, Licht: 0","195024","3","5","5","05","12","2","0","0","1","1","0","0"
"POINT (13.415025721000063 52.553837995000038)","Unfall 195025 (2019) Kat:3, Licht: 0","195025","3","6","2","05","18","2","1","0","0","1","0","0"
"POINT (13.501606690000074 52.566098291000060)","Unfall 195026 (2019) Kat:2, Licht: 0","195026","2","3","5","05","13","1","0","0","1","1","0","0"
"POINT (13.225806235000050 52.627852075000078)","Unfall 195027 (2019) Kat:3, Licht: 0","195027","3","5","0","05","13","1","0","0","1","1","0","0"
"POINT (13.328895220000049 52.471320101000060)","Unfall 195028 (2019) Kat:3, Licht: 0","195028","3","3","5","05","14","1","0","0","0","1","0","0"
"POINT (13.565781928000035 52.439317383000059)","Unfall 195029 (2019) Kat:3, Licht: 0","195029","3","5","1","05","09","1","0","0","1","1","0","0"
"POINT (13.419270810000057 52.501245469000082)","Unfall 195030 (2019) Kat:3, Licht: 0","195030","3","3","5","05","09","1","0","0","0","1","0","0"
"POINT (13.406864924000047 52.498473285000046)","Unfall 195031 (2019) Kat:3, Licht: 0","195031","3","2","2","05","12","1","0","0","1","1","0","0"
"POINT (13.327044350000051 52.495102654000050)","Unfall 195032 (2019) Kat:3, Licht: 0","195032","3","4","6","05","14","1","0","0","1","0","1","0"
"POINT (13.430535923000036 52.589501654000060)","Unfall 195033 (2019) Kat:3, Licht: 0","195033","3","6","2","05","14","1","0","0","0","1","0","1"
"POINT (13.419276113000024 52.525290166000048)","Unfall 195034 (2019) Kat:2, Licht: 0","195034","2","3","5","05","17","1","0","0","1","0","0","0"
"POINT (13.498966468000049 52.445840338000039)","Unfall 195035 (2019) Kat:3, Licht: 0","195035","3","4","6","05","18","1","0","0","0","0","1","0"
"POINT (13.436798425000063 52.492840576000049)","Unfall 195036 (2019) Kat:3, Licht: 0","195036","3","5","1","05","06","1","0","0","0","1","0","0"
"POINT (13.479590279000035 52.526652640000066)","Unfall 195037 (2019) Kat:3, Licht: 2","195037","3","3","5","05","03","1","0","2","0","1","0","0"
"POINT (13.137674914000058 52.525387470000055)","Unfall 195038 (2019) Kat:3, Licht: 0","195038","3","6","2","05","13","1","0","0","0","1","0","0"
"POINT (13.315557365000075 52.430665490000081)","Unfall 195039 (2019) Kat:2, Licht: 2","195039","2","5","1","05","01","1","0","2","0","1","0","0"
"POINT (13.304452553000033 52.518056303000037)","Unfall 195040 (2019) Kat:3, Licht: 0","195040","3","7","0","05","13","1","0","0","1","0","0","0"
"POINT (13.380914780000069 52.516217779000044)","Unfall 195041 (2019) Kat:3, Licht: 2","195041","3","4","6","05","22","1","0","2","1","0","1","0"
"POINT (13.387851327000021 52.555737508000050)","Unfall 195042 (2019) Kat:3, Licht: 2","195042","3","6","3","05","23","1","0","2","0","1","0","0"
"POINT (13.425191987000062 52.480374845000028)","Unfall 195043 (2019) Kat:3, Licht: 2","195043","3","6","3","05","22","1","0","2","1","1","0","0"
"POINT (13.420150605000060 52.548295611000071)","Unfall 195044 (2019) Kat:3, Licht: 0","195044","3","1","0","05","20","1","0","0","1","0","0","0"
"POINT (13.505521841000075 52.563514804000079)","Unfall 195045 (2019) Kat:3, Licht: 0","195045","3","6","3","05","17","7","0","0","0","1","0","0"
"POINT (13.446657866000066 52.478382410000052)","Unfall 195046 (2019) Kat:3, Licht: 2","195046","3","5","2","05","22","7","0","2","1","1","0","0"
"POINT (13.424573751000025 52.586175037000032)","Unfall 195047 (2019) Kat:3, Licht: 0","195047","3","6","2","05","11","7","0","0","0","1","0","0"
"POINT (13.328647556000021 52.524038496000060)","Unfall 195048 (2019) Kat:3, Licht: 0","195048","3","6","6","05","16","7","0","0","0","0","1","0"
"POINT (13.436255594000045 52.516448577000062)","Unfall 195049 (2019) Kat:3, Licht: 0","195049","3","5","1","05","15","7","0","0","0","1","0","1"
"POINT (13.466670194000073 52.497300858000074)","Unfall 195050 (2019) Kat:3, Licht: 0","195050","3","7","5","05","16","7","0","0","0","1","0","1"
"POINT (13.447068860000059 52.476206511000044)","Unfall 195051 (2019) Kat:3, Licht: 2","195051","3","5","1","05","22","7","0","2","0","1","0","1"
"POINT (13.198326189000056 52.532653785000036)","Unfall 195052 (2019) Kat:3, Licht: 2","195052","3","6","2","05","23","7","0","2","0","1","0","0"
"POINT (13.463135540000053 52.511461672000053)","Unfall 195053 (2019) Kat:3, Licht: 0","195053","3","3","5","05","13","7","0","0","1","1","0","0"
"POINT (13.443969032000041 52.500124442000072)","Unfall 195054 (2019) Kat:3, Licht: 0","195054","3","7","5","05","13","7","0","0","1","1","0","0"
"POINT (13.461421408000035 52.500970187000064)","Unfall 195055 (2019) Kat:3, Licht: 0","195055","3","6","3","05","13","7","0","0","0","1","0","0"
"POINT (13.603757189000078 52.485488559000032)","Unfall 195056 (2019) Kat:3, Licht: 0","195056","3","2","5","05","11","7","0","0","1","1","0","0"
"POINT (13.317054111000061 52.501321732000065)","Unfall 195057 (2019) Kat:3, Licht: 0","195057","3","6","2","05","10","7","0","0","0","1","0","0"
"POINT (13.449791890000029 52.510241025000028)","Unfall 195058 (2019) Kat:3, Licht: 0","195058","3","4","6","05","10","7","0","0","1","0","1","0"
"POINT (13.374538092000023 52.479226190000077)","Unfall 195059 (2019) Kat:3, Licht: 0","195059","3","4","6","05","09","7","0","0","0","1","1","0"
"POINT (13.372016032000033 52.469848264000063)","Unfall 195060 (2019) Kat:3, Licht: 0","195060","3","2","5","05","10","7","0","0","0","1","0","0"
"POINT (13.334027146000039 52.430230507000033)","Unfall 195061 (2019) Kat:3, Licht: 0","195061","3","3","5","05","11","7","0","0","0","1","0","0"
"POINT (13.340498411000056 52.504318711000053)","Unfall 195062 (2019) Kat:2, Licht: 0","195062","2","5","5","05","11","7","0","0","0","1","0","1"
"POINT (13.364695687000051 52.526369792000082)","Unfall 195063 (2019) Kat:3, Licht: 2","195063","3","6","3","05","21","7","0","2","0","1","0","1"
"POINT (13.361731722000059 52.544859993000046)","Unfall 195064 (2019) Kat:3, Licht: 0","195064","3","7","0","05","20","7","0","0","0","1","0","0"
"POINT (13.402602000000059 52.554255925000064)","Unfall 195065 (2019) Kat:3, Licht: 0","195065","3","2","5","05","20","7","0","0","1","1","0","0"
"POINT (13.291537371000061 52.633120928000039)","Unfall 195066 (2019) Kat:3, Licht: 0","195066","3","5","1","05","19","7","0","0","1","1","0","0"
"POINT (13.392662385000051 52.528297916000042)","Unfall 195067 (2019) Kat:3, Licht: 0","195067","3","6","2","05","19","7","0","0","0","1","0","0"
"POINT (13.410524582000050 52.539336011000046)","Unfall 195068 (2019) Kat:3, Licht: 0","195068","3","7","5","05","19","7","0","0","1","1","0","0"
"POINT (13.495085539000058 52.518106588000080)","Unfall 195069 (2019) Kat:3, Licht: 0","195069","3","3","5","05","19","7","0","0","1","0","0","0"
"POINT (13.455192145000069 52.472927197000047)","Unfall 195070 (2019) Kat:3, Licht: 0","195070","3","2","5","05","18","7","0","0","0","1","0","0"
"POINT (13.368774121000058 52.484670732000041)","Unfall 195071 (2019) Kat:3, Licht: 0","195071","3","3","5","05","17","7","0","0","1","1","0","0"
"POINT (13.409577833000071 52.399071459000027)","Unfall 195072 (2019) Kat:3, Licht: 0","195072","3","6","2","05","17","7","0","0","0","1","0","1"
"POINT (13.532044134000046 52.484003963000077)","Unfall 195073 (2019) Kat:3, Licht: 0","195073","3","3","5","05","17","7","0","0","0","1","0","0"
"POINT (13.450106591000065 52.448289291000037)","Unfall 195074 (2019) Kat:3, Licht: 0","195074","3","5","1","05","16","7","0","0","1","1","0","0"
"POINT (13.319840267000075 52.452970042000061)","Unfall 195075 (2019) Kat:3, Licht: 2","195075","3","1","0","05","23","7","0","2","1","0","0","0"
"POINT (13.327179007000041 52.563486934000082)","Unfall 195076 (2019) Kat:3, Licht: 0","195076","3","6","2","05","15","7","0","0","0","1","0","0"
"POINT (13.443456532000027 52.464406424000060)","Unfall 195077 (2019) Kat:3, Licht: 0","195077","3","6","2","05","15","7","0","0","0","1","0","1"
"POINT (13.489874942000029 52.467799461000027)","Unfall 195078 (2019) Kat:3, Licht: 0","195078","3","3","5","05","14","7","0","0","0","1","0","0"
"POINT (13.308189244000062 52.496157228000072)","Unfall 195079 (2019) Kat:3, Licht: 0","195079","3","2","5","05","14","7","0","0","0","1","0","0"
"POINT (13.332958119000068 52.595451118000028)","Unfall 195080 (2019) Kat:2, Licht: 0","195080","2","2","5","05","14","7","0","0","0","0","0","1"
"POINT (13.375569963000032 52.437185641000042)","Unfall 195081 (2019) Kat:2, Licht: 0","195081","2","5","1","05","13","7","0","0","0","1","0","0"
"POINT (13.185484089000056 52.431283815000029)","Unfall 195082 (2019) Kat:3, Licht: 0","195082","3","5","0","05","17","7","0","0","0","1","0","1"
"POINT (13.398094327000024 52.584810942000047)","Unfall 195083 (2019) Kat:3, Licht: 2","195083","3","3","5","05","22","6","0","2","0","1","0","0"
"POINT (13.560386219000065 52.486771722000071)","Unfall 195084 (2019) Kat:3, Licht: 0","195084","3","6","2","05","20","6","0","0","0","1","0","1"
"POINT (13.457390717000067 52.528955967000059)","Unfall 195085 (2019) Kat:3, Licht: 0","195085","3","4","6","05","18","6","0","0","1","0","1","0"
"POINT (13.455333591000056 52.453384740000047)","Unfall 195086 (2019) Kat:3, Licht: 1","195086","3","2","2","05","19","6","0","1","0","1","0","1"
"POINT (13.400644884000030 52.498294743000031)","Unfall 195087 (2019) Kat:3, Licht: 0","195087","3","3","5","05","12","6","0","0","1","0","0","0"
"POINT (13.347017204000053 52.498977657000069)","Unfall 195088 (2019) Kat:3, Licht: 0","195088","3","2","5","05","11","6","0","0","0","1","0","1"
"POINT (13.377103721000026 52.556239024000035)","Unfall 195089 (2019) Kat:3, Licht: 0","195089","3","3","5","05","10","6","0","0","0","1","0","0"
"POINT (13.434354653000071 52.484641998000029)","Unfall 195090 (2019) Kat:3, Licht: 0","195090","3","2","5","05","10","6","0","0","1","1","0","0"
"POINT (13.362762171000043 52.566604450000057)","Unfall 195091 (2019) Kat:3, Licht: 0","195091","3","3","0","05","09","6","0","0","0","1","0","1"
"POINT (13.272535913000070 52.519337033000056)","Unfall 195092 (2019) Kat:3, Licht: 0","195092","3","2","5","05","07","6","0","0","0","1","0","1"
"POINT (13.379780008000068 52.521717576000071)","Unfall 195093 (2019) Kat:3, Licht: 0","195093","3","2","5","05","08","6","0","0","1","1","0","0"
"POINT (13.313954254000066 52.506758743000034)","Unfall 195094 (2019) Kat:3, Licht: 0","195094","3","1","0","05","07","6","0","0","1","1","0","0"
"POINT (13.404890631000058 52.463587359000030)","Unfall 195095 (2019) Kat:3, Licht: 0","195095","3","2","5","05","06","6","0","0","0","1","0","0"
"POINT (13.604470373000026 52.538675069000078)","Unfall 195096 (2019) Kat:3, Licht: 0","195096","3","3","5","05","09","6","0","0","0","1","0","0"
"POINT (13.432949872000052 52.523341142000049)","Unfall 195097 (2019) Kat:3, Licht: 0","195097","3","6","2","05","08","6","0","0","0","1","0","0"
"POINT (13.399944390000030 52.498416761000044)","Unfall 195098 (2019) Kat:2, Licht: 0","195098","2","6","2","05","11","6","0","0","0","0","0","0"
"POINT (13.197992938000027 52.521048642000039)","Unfall 195099 (2019) Kat:3, Licht: 0","195099","3","2","6","05","13","6","0","0","0","1","1","0"
"POINT (13.340325501000052 52.504158258000075)","Unfall 195100 (2019) Kat:3, Licht: 0","195100","3","4","6","05","14","6","0","0","0","1","1","0"
"POINT (13.289185807000024 52.470653567000056)","Unfall 195101 (2019) Kat:3, Licht: 0","195101","3","3","5","05","14","6","0","0","1","1","0","0"
"POINT (13.313415934000034 52.515118676000043)","Unfall 195102 (2019) Kat:3, Licht: 0","195102","3","2","5","05","15","6","0","0","1","1","0","0"
"POINT (13.193776375000027 52.525253989000078)","Unfall 195103 (2019) Kat:3, Licht: 0","195103","3","5","1","05","14","6","0","0","0","0","0","1"
"POINT (13.351348130000076 52.532895074000066)","Unfall 195104 (2019) Kat:3, Licht: 0","195104","3","6","3","05","15","6","0","0","1","1","0","0"
"POINT (13.332719936000046 52.440355745000033)","Unfall 195105 (2019) Kat:3, Licht: 0","195105","3","3","5","05","15","6","0","0","0","1","0","0"
"POINT (13.351521609000031 52.509562370000026)","Unfall 195106 (2019) Kat:3, Licht: 0","195106","3","2","5","05","16","6","0","0","1","1","0","0"
"POINT (13.365412196000023 52.557111066000061)","Unfall 195107 (2019) Kat:3, Licht: 0","195107","3","3","5","05","16","6","0","0","1","0","0","0"
"POINT (13.315143414000033 52.490855979000060)","Unfall 195108 (2019) Kat:3, Licht: 0","195108","3","2","5","05","16","6","0","0","1","1","0","0"
"POINT (13.539535636000039 52.539805348000073)","Unfall 195109 (2019) Kat:3, Licht: 0","195109","3","3","5","05","17","6","0","0","0","1","0","0"
"POINT (13.434005851000052 52.610578874000055)","Unfall 195110 (2019) Kat:3, Licht: 0","195110","3","6","2","05","17","6","0","0","0","1","0","0"
"POINT (13.350293055000066 52.414360383000030)","Unfall 195111 (2019) Kat:3, Licht: 0","195111","3","3","5","05","17","6","0","0","0","1","0","0"
"POINT (13.359046883000076 52.569795545000034)","Unfall 195112 (2019) Kat:3, Licht: 0","195112","3","7","5","05","17","6","0","0","0","1","0","1"
"POINT (13.372255072000030 52.444441592000032)","Unfall 195113 (2019) Kat:3, Licht: 0","195113","3","2","0","05","17","6","0","0","1","1","0","0"
"POINT (13.716708534000077 52.438122305000036)","Unfall 195114 (2019) Kat:2, Licht: 0","195114","2","3","5","05","16","6","0","0","1","1","0","0"
"POINT (13.420272773000022 52.502667725000038)","Unfall 195115 (2019) Kat:3, Licht: 0","195115","3","5","1","05","16","6","0","0","1","1","0","0"
"POINT (13.188934308000057 52.559928796000065)","Unfall 195116 (2019) Kat:3, Licht: 0","195116","3","2","2","05","18","6","0","0","1","1","0","0"
"POINT (13.454220288000045 52.513961010000060)","Unfall 195117 (2019) Kat:3, Licht: 0","195117","3","6","3","05","15","6","0","0","1","0","0","0"
"POINT (13.390359478000050 52.583711987000072)","Unfall 195118 (2019) Kat:3, Licht: 0","195118","3","6","3","05","15","5","0","0","1","1","0","0"
"POINT (13.400607134000040 52.494295230000034)","Unfall 195119 (2019) Kat:3, Licht: 0","195119","3","4","6","05","15","5","0","0","1","0","1","0"
"POINT (13.356415277000053 52.583387013000049)","Unfall 195120 (2019) Kat:3, Licht: 0","195120","3","5","1","05","08","5","0","0","0","1","0","0"
"POINT (13.592629577000025 52.547367333000068)","Unfall 195121 (2019) Kat:3, Licht: 0","195121","3","2","5","05","06","5","0","0","1","1","0","0"
"POINT (13.506096031000027 52.563725308000073)","Unfall 195122 (2019) Kat:3, Licht: 0","195122","3","3","2","05","18","5","0","0","1","1","0","0"
"POINT (13.376002239000059 52.548799869000050)","Unfall 195123 (2019) Kat:3, Licht: 0","195123","3","6","2","05","17","5","0","0","0","0","0","1"
"POINT (13.438856611000062 52.555466826000043)","Unfall 195124 (2019) Kat:3, Licht: 0","195124","3","2","3","05","15","5","0","0","1","1","0","0"
"POINT (13.398103956000057 52.498256245000050)","Unfall 195125 (2019) Kat:3, Licht: 2","195125","3","6","2","05","23","5","0","2","0","1","0","0"
"POINT (13.431074680000052 52.590994732000070)","Unfall 195126 (2019) Kat:3, Licht: 0","195126","3","6","2","05","08","5","0","0","0","1","0","0"
"POINT (13.320044045000031 52.474339402000055)","Unfall 195127 (2019) Kat:3, Licht: 0","195127","3","3","5","05","11","5","0","0","0","1","0","0"
"POINT (13.530094041000041 52.414592840000068)","Unfall 195128 (2019) Kat:3, Licht: 0","195128","3","2","6","05","08","5","0","0","0","1","1","0"
"POINT (13.581859684000051 52.441679617000034)","Unfall 195129 (2019) Kat:3, Licht: 0","195129","3","2","5","05","11","5","0","0","0","1","0","0"
"POINT (13.516820391000067 52.535311714000045)","Unfall 195130 (2019) Kat:3, Licht: 0","195130","3","6","3","05","09","5","0","0","0","1","0","1"
"POINT (13.380225014000075 52.498736005000069)","Unfall 195131 (2019) Kat:3, Licht: 0","195131","3","6","2","05","11","5","0","0","0","1","0","1"
"POINT (13.479623672000059 52.519065583000042)","Unfall 195132 (2019) Kat:3, Licht: 0","195132","3","3","5","05","09","5","0","0","1","1","0","0"
"POINT (13.441865443000040 52.524739908000072)","Unfall 195133 (2019) Kat:3, Licht: 0","195133","3","6","3","05","13","5","0","0","1","0","0","0"
"POINT (13.478858074000073 52.477650174000075)","Unfall 195134 (2019) Kat:2, Licht: 0","195134","2","2","5","05","09","5","0","0","1","0","0","0"
"POINT (13.301482519000047 52.548018473000070)","Unfall 195135 (2019) Kat:2, Licht: 0","195135","2","7","2","05","13","5","0","0","0","1","0","1"
"POINT (13.326518116000045 52.502853906000041)","Unfall 195136 (2019) Kat:3, Licht: 0","195136","3","1","0","05","13","5","0","0","1","0","0","0"
"POINT (13.549172359000067 52.438307750000035)","Unfall 195137 (2019) Kat:2, Licht: 0","195137","2","4","6","05","09","5","0","0","0","1","1","0"
"POINT (13.403583429000037 52.526306723000062)","Unfall 195138 (2019) Kat:3, Licht: 0","195138","3","6","2","05","09","5","0","0","0","1","0","0"
"POINT (13.430431078000026 52.499176921000071)","Unfall 195139 (2019) Kat:3, Licht: 2","195139","3","3","5","05","22","5","0","2","1","1","0","0"
"POINT (13.399473009000076 52.498288890000026)","Unfall 195140 (2019) Kat:3, Licht: 2","195140","3","3","5","05","21","5","0","2","0","1","0","0"
"POINT (13.410572048000063 52.538253211000040)","Unfall 195141 (2019) Kat:3, Licht: 2","195141","3","7","0","05","21","5","0","2","0","1","0","0"
"POINT (13.381400668000026 52.552347170000075)","Unfall 195142 (2019) Kat:3, Licht: 0","195142","3","2","5","05","20","5","0","0","0","1","0","0"
"POINT (13.301629064000053 52.510352675000036)","Unfall 195143 (2019) Kat:3, Licht: 0","195143","3","6","3","05","18","5","0","0","1","1","0","0"
"POINT (13.493954792000068 52.544865142000049)","Unfall 195144 (2019) Kat:3, Licht: 0","195144","3","2","5","05","17","5","0","0","1","1","0","0"
"POINT (13.389007042000060 52.515920734000076)","Unfall 195145 (2019) Kat:3, Licht: 0","195145","3","6","3","05","17","5","0","0","1","0","0","0"
"POINT (13.353702540000029 52.499919818000080)","Unfall 195146 (2019) Kat:3, Licht: 0","195146","3","3","6","05","16","5","0","0","1","0","1","0"
"POINT (13.359042095000063 52.509758005000037)","Unfall 195147 (2019) Kat:3, Licht: 0","195147","3","3","5","05","16","5","0","0","1","1","0","0"
"POINT (13.294766027000037 52.637158732000046)","Unfall 195148 (2019) Kat:3, Licht: 0","195148","3","6","2","05","15","5","0","0","1","1","0","0"
"POINT (13.248170743000060 52.549383697000053)","Unfall 195149 (2019) Kat:3, Licht: 0","195149","3","6","2","05","15","5","0","0","0","1","0","0"
"POINT (13.301318837000053 52.519163797000033)","Unfall 195150 (2019) Kat:3, Licht: 0","195150","3","7","5","05","15","5","0","0","1","1","0","0"
"POINT (13.585688251000022 52.542382509000049)","Unfall 195151 (2019) Kat:3, Licht: 0","195151","3","7","5","05","14","5","0","0","0","1","0","0"
"POINT (13.480385499000022 52.470304454000029)","Unfall 195152 (2019) Kat:3, Licht: 0","195152","3","2","2","05","13","5","0","0","0","1","0","0"
"POINT (13.323589331000051 52.486548130000074)","Unfall 195153 (2019) Kat:3, Licht: 0","195153","3","6","2","05","13","5","0","0","0","1","0","1"
"POINT (13.447998163000022 52.478840133000062)","Unfall 195154 (2019) Kat:3, Licht: 0","195154","3","1","0","05","17","5","0","0","0","0","0","1"
"POINT (13.479781659000025 52.523067302000072)","Unfall 195155 (2019) Kat:2, Licht: 0","195155","2","2","5","05","08","5","0","0","1","0","0","0"
"POINT (13.440945945000067 52.424560082000028)","Unfall 195156 (2019) Kat:3, Licht: 0","195156","3","3","0","05","08","5","0","0","0","1","0","1"
"POINT (13.344957335000061 52.458946181000044)","Unfall 195157 (2019) Kat:2, Licht: 0","195157","2","1","0","05","08","5","0","0","0","0","0","1"
"POINT (13.413344679000033 52.548695703000078)","Unfall 195158 (2019) Kat:3, Licht: 0","195158","3","2","5","05","08","5","0","0","1","0","0","0"
"POINT (13.247786895000047 52.547206593000055)","Unfall 195159 (2019) Kat:3, Licht: 0","195159","3","2","5","05","07","5","0","0","1","1","0","0"
"POINT (13.123391179000066 52.528425392000031)","Unfall 195160 (2019) Kat:3, Licht: 0","195160","3","7","2","05","06","5","0","0","0","1","0","0"
"POINT (13.331141425000055 52.530892715000050)","Unfall 195161 (2019) Kat:3, Licht: 0","195161","3","1","0","05","15","5","0","0","1","0","0","0"
"POINT (13.340868224000076 52.499730945000067)","Unfall 195162 (2019) Kat:3, Licht: 0","195162","3","1","0","05","19","5","0","0","0","0","0","0"
"POINT (13.371832394000023 52.509236788000067)","Unfall 195163 (2019) Kat:3, Licht: 0","195163","3","2","5","05","07","4","0","0","1","0","0","0"
"POINT (13.319872065000027 52.426583069000060)","Unfall 195164 (2019) Kat:3, Licht: 0","195164","3","3","5","05","11","4","1","0","0","1","0","0"
"POINT (13.430066089000036 52.510130385000082)","Unfall 195165 (2019) Kat:3, Licht: 0","195165","3","2","5","05","16","4","0","0","1","0","0","0"