WKT,Name,OBJECTID,UKATEGORIE,UTYP1,UART,UMONAT,USTUNDE,UWOCHENTAG,STRZUSTAND,ULICHTVERH,ISTRAD,ISTPKW,ISTFUSS,ISTKRAD
"POINT (13.328366850000066 52.534053061000066)","Unfall 195166 (2019) Kat:3, Licht: 2","195166","3","6","3","05","21","4","0","2","0","1","0","0"
"POINT (13.347858745000053 52.464938478000079)","Unfall 195167 (2019) Kat:3, Licht: 0","195167","3","3","5","05","18","4","1","0","1","1","0","0"
"POINT (13.293845524000062 52.445573480000064)","Unfall 195168 (2019) Kat:3, Licht: 0","195168","3","2","5","05","16","4","0","0","1","0","0","0"
"POINT (13.340768679000064 52.502662769000040)","Unfall 195169 (2019) Kat:3, Licht: 0","195169","3","6","2","05","16","4","1","0","0","1","0","0"
"POINT (13.386826368000072 52.492956297000035)","Unfall 195170 (2019) Kat:3, Licht: 0","195170","3","4","6","05","16","4","1","0","1","0","1","0"
"POINT (13.415176653000060 52.520953183000074)","Unfall 195171 (2019) Kat:3, Licht: 0","195171","3","4","6","05","16","4","1","0","1","0","1","0"
"POINT (13.400260761000027 52.522498061000078)","Unfall 195172 (2019) Kat:2, Licht: 0","195172","2","1","0","05","15","4","1","0","0","0","0","1"
"POINT (13.280093501000067 52.518341910000061)","Unfall 195173 (2019) Kat:3, Licht: 2","195173","3","2","5","05","03","4","1","2","0","0","0","0"
"POINT (13.157886077000057 52.533200436000072)","Unfall 195174 (2019) Kat:3, Licht: 2","195174","3","3","5","05","00","4","1","2","0","1","0","0"
"POINT (13.319339356000057 52.430300473000045)","Unfall 195175 (2019) Kat:3, Licht: 0","195175","3","6","2","05","07","4","0","0","0","1","0","0"
"POINT (13.316134812000030 52.441097973000069)","Unfall 195176 (2019) Kat:3, Licht: 0","195176","3","3","5","05","07","4","1","0","0","1","0","1"
"POINT (13.422725721000063 52.579965007000055)","Unfall 195177 (2019) Kat:3, Licht: 1","195177","3","2","5","05","07","4","1","1","1","1","0","0"
"POINT (13.273519363000048 52.409906117000048)","Unfall 195178 (2019) Kat:3, Licht: 0","195178","3","2","5","05","07","4","1","0","1","1","0","0"
"POINT (13.551295101000051 52.439961878000076)","Unfall 195179 (2019) Kat:3, Licht: 0","195179","3","2","5","05","07","4","1","0","0","1","0","0"
"POINT (13.446749652000051 52.427096857000038)","Unfall 195180 (2019) Kat:3, Licht: 0","195180","3","3","5","05","08","4","1","0","0","1","0","1"
"POINT (13.498432644000047 52.515014864000079)","Unfall 195181 (2019) Kat:3, Licht: 0","195181","3","1","0","05","08","4","1","0","1","1","0","0"
"POINT (13.326265856000077 52.537976801000070)","Unfall 195182 (2019) Kat:3, Licht: 0","195182","3","3","2","05","08","4","1","0","0","1","0","1"
"POINT (13.359709776000045 52.509858959000042)","Unfall 195183 (2019) Kat:3, Licht: 0","195183","3","5","1","05","08","4","1","0","1","1","0","0"
"POINT (13.359149011000056 52.546473426000034)","Unfall 195184 (2019) Kat:3, Licht: 0","195184","3","2","5","05","09","4","1","0","0","1","0","0"
"POINT (13.431202093000024 52.467702104000068)","Unfall 195185 (2019) Kat:3, Licht: 0","195185","3","6","2","05","11","4","1","0","0","1","0","0"
"POINT (13.315686208000045 52.486429582000028)","Unfall 195186 (2019) Kat:3, Licht: 0","195186","3","3","5","05","12","4","1","0","1","1","0","0"
"POINT (13.429930816000024 52.503524960000050)","Unfall 195187 (2019) Kat:3, Licht: 0","195187","3","3","5","05","13","4","1","0","0","1","0","0"
"POINT (13.507704126000021 52.474912754000059)","Unfall 195188 (2019) Kat:3, Licht: 0","195188","3","6","3","05","13","4","0","0","0","0","0","1"
"POINT (13.425900344000070 52.478205033000052)","Unfall 195189 (2019) Kat:3, Licht: 0","195189","3","2","0","05","13","4","0","0","1","0","0","0"
"POINT (13.515991925000037 52.488070882000045)","Unfall 195190 (2019) Kat:3, Licht: 0","195190","3","3","5","05","14","4","1","0","0","1","0","0"
"POINT (13.436606017000031 52.607038108000040)","Unfall 195191 (2019) Kat:3, Licht: 0","195191","3","3","5","05","14","4","1","0","1","1","0","0"
"POINT (13.415564609000057 52.464624142000048)","Unfall 195192 (2019) Kat:3, Licht: 0","195192","3","6","2","05","15","4","1","0","1","1","0","0"
"POINT (13.223251278000077 52.510141217000069)","Unfall 195193 (2019) Kat:3, Licht: 0","195193","3","3","5","05","15","4","1","0","0","0","0","0"
"POINT (13.458338078000054 52.593349296000042)","Unfall 195194 (2019) Kat:3, Licht: 0","195194","3","2","5","05","15","4","0","0","1","1","0","0"
"POINT (13.437451069000076 52.519543101000068)","Unfall 195195 (2019) Kat:3, Licht: 0","195195","3","7","2","05","15","4","1","0","1","1","0","0"
"POINT (13.268463257000064 52.536663113000031)","Unfall 195196 (2019) Kat:3, Licht: 0","195196","3","6","2","05","17","4","0","0","0","0","0","0"
"POINT (13.624748413000077 52.456890420000036)","Unfall 195197 (2019) Kat:3, Licht: 0","195197","3","7","0","05","15","3","0","0","0","0","0","1"
"POINT (13.450750772000049 52.527130496000041)","Unfall 195198 (2019) Kat:3, Licht: 0","195198","3","2","5","05","05","3","0","0","1","0","0","0"
"POINT (13.364274429000034 52.446630671000037)","Unfall 195199 (2019) Kat:3, Licht: 0","195199","3","7","5","05","08","3","0","0","0","1","0","1"
"POINT (13.272057853000035 52.498773707000055)","Unfall 195200 (2019) Kat:3, Licht: 0","195200","3","3","5","05","17","3","0","0","0","1","0","0"
"POINT (13.398729242000059 52.570548027000029)","Unfall 195201 (2019) Kat:3, Licht: 0","195201","3","2","2","05","17","3","0","0","1","1","0","0"
"POINT (13.573560528000030 52.444389211000043)","Unfall 195202 (2019) Kat:3, Licht: 0","195202","3","4","6","05","13","3","0","0","0","1","1","0"
"POINT (13.441903381000031 52.550256543000046)","Unfall 195203 (2019) Kat:3, Licht: 0","195203","3","3","5","05","14","3","0","0","1","1","0","0"
"POINT (13.308994815000062 52.557120957000052)","Unfall 195204 (2019) Kat:3, Licht: 0","195204","3","6","2","05","16","3","0","0","0","1","0","1"
"POINT (13.275468950000061 52.518819017000055)","Unfall 195205 (2019) Kat:3, Licht: 0","195205","3","6","2","05","15","3","0","0","0","1","0","0"
"POINT (13.338508057000070 52.530101452000054)","Unfall 195206 (2019) Kat:3, Licht: 0","195206","3","3","5","05","14","3","0","0","1","1","0","0"
"POINT (13.363406914000052 52.524615996000080)","Unfall 195207 (2019) Kat:3, Licht: 0","195207","3","4","6","05","14","3","0","0","0","0","1","0"
"POINT (13.414712569000073 52.556166777000044)","Unfall 195208 (2019) Kat:2, Licht: 0","195208","2","2","5","05","16","4","0","0","1","0","0","0"
"POINT (13.507511360000024 52.474953963000075)","Unfall 195209 (2019) Kat:3, Licht: 0","195209","3","2","5","05","16","3","0","0","1","1","0","0"
"POINT (13.262696331000029 52.439251156000068)","Unfall 195210 (2019) Kat:3, Licht: 0","195210","3","2","2","05","17","4","0","0","0","1","0","0"
"POINT (13.415378917000055 52.522712452000064)","Unfall 195211 (2019) Kat:3, Licht: 0","195211","3","4","6","05","17","3","0","0","0","1","1","0"
"POINT (13.303645546000041 52.525292248000028)","Unfall 195212 (2019) Kat:3, Licht: 0","195212","3","7","0","05","16","4","0","0","0","1","0","1"
"POINT (13.326423526000042 52.487432913000077)","Unfall 195213 (2019) Kat:3, Licht: 0","195213","3","7","0","05","18","3","1","0","0","1","0","1"
"POINT (13.548953795000045 52.430272929000068)","Unfall 195214 (2019) Kat:2, Licht: 0","195214","2","6","4","05","16","4","0","0","1","0","0","0"
"POINT (13.379770504000021 52.496264965000080)","Unfall 195215 (2019) Kat:3, Licht: 0","195215","3","3","5","05","19","3","0","0","1","0","0","0"
"POINT (13.467945557000064 52.528315562000046)","Unfall 195216 (2019) Kat:2, Licht: 0","195216","2","5","1","05","13","4","0","0","1","1","0","0"
"POINT (13.550896616000045 52.429035388000045)","Unfall 195217 (2019) Kat:3, Licht: 0","195217","3","2","5","05","19","3","0","0","1","1","0","0"
"POINT (13.454995188000055 52.513734022000051)","Unfall 195218 (2019) Kat:3, Licht: 0","195218","3","1","0","05","17","4","0","0","1","0","0","0"
"POINT (13.499753543000054 52.525989141000082)","Unfall 195219 (2019) Kat:3, Licht: 2","195219","3","6","2","05","00","3","0","2","0","0","0","1"
"POINT (13.445403126000031 52.485691018000068)","Unfall 195220 (2019) Kat:3, Licht: 0","195220","3","1","2","05","19","3","0","0","1","1","0","1"
"POINT (13.503458664000050 52.411669599000049)","Unfall 195221 (2019) Kat:3, Licht: 0","195221","3","2","5","05","14","4","0","0","0","1","0","1"
"POINT (13.380221266000035 52.528741676000038)","Unfall 195222 (2019) Kat:3, Licht: 0","195222","3","6","2","05","13","3","0","0","0","1","0","0"
"POINT (13.339270106000072 52.525816154000040)","Unfall 195223 (2019) Kat:3, Licht: 0","195223","3","2","6","05","14","4","0","0","0","1","1","0"
"POINT (13.370113814000035 52.544717833000050)","Unfall 195224 (2019) Kat:3, Licht: 1","195224","3","6","0","05","19","3","0","1","0","1","0","0"
"POINT (13.433526534000066 52.557058555000026)","Unfall 195225 (2019) Kat:3, Licht: 0","195225","3","4","6","05","11","3","0","0","0","1","1","0"
"POINT (13.477545921000058 52.514181587000053)","Unfall 195226 (2019) Kat:3, Licht: 0","195226","3","6","2","05","14","4","0","0","0","0","0","0"
"POINT (13.403477831000032 52.393929581000066)","Unfall 195227 (2019) Kat:3, Licht: 0","195227","3","5","1","05","11","3","0","0","0","1","0","0"
"POINT (13.431557017000046 52.603222805000030)","Unfall 195228 (2019) Kat:3, Licht: 0","195228","3","2","5","05","16","4","0","0","1","1","0","0"
"POINT (13.349199868000028 52.499418459000026)","Unfall 195229 (2019) Kat:2, Licht: 0","195229","2","5","1","05","10","3","0","0","1","0","0","0"
"POINT (13.497675530000038 52.515786583000079)","Unfall 195230 (2019) Kat:3, Licht: 0","195230","3","5","1","05","15","4","0","0","0","1","0","0"
"POINT (13.327354576000062 52.502353097000082)","Unfall 195231 (2019) Kat:3, Licht: 0","195231","3","7","1","05","11","3","0","0","0","1","0","0"
"POINT (13.318611689000022 52.462624011000059)","Unfall 195232 (2019) Kat:3, Licht: 0","195232","3","5","1","05","15","4","0","0","1","1","0","0"
"POINT (13.378246045000026 52.466259546000060)","Unfall 195233 (2019) Kat:3, Licht: 0","195233","3","3","5","05","10","3","0","0","1","1","0","0"
"POINT (13.322073123000052 52.486540351000031)","Unfall 195234 (2019) Kat:3, Licht: 0","195234","3","4","0","05","10","3","0","0","1","0","1","0"
"POINT (13.310743477000074 52.472283284000071)","Unfall 195235 (2019) Kat:3, Licht: 0","195235","3","3","5","05","15","4","0","0","0","1","0","0"
"POINT (13.425697039000056 52.478823869000053)","Unfall 195236 (2019) Kat:3, Licht: 0","195236","3","3","5","05","15","4","0","0","1","1","0","0"
"POINT (13.349920363000024 52.521050234000029)","Unfall 195237 (2019) Kat:3, Licht: 0","195237","3","5","1","05","10","3","0","0","1","1","0","0"
"POINT (13.488233951000041 52.419369168000060)","Unfall 195238 (2019) Kat:3, Licht: 0","195238","3","3","5","05","17","4","0","0","0","1","0","0"
"POINT (13.356294982000065 52.543196526000031)","Unfall 195239 (2019) Kat:3, Licht: 0","195239","3","2","5","05","09","3","0","0","0","1","0","0"
"POINT (13.417513376000045 52.462463447000061)","Unfall 195240 (2019) Kat:3, Licht: 0","195240","3","4","6","05","15","4","0","0","0","1","1","0"
"POINT (13.362825083000075 52.556274175000055)","Unfall 195241 (2019) Kat:3, Licht: 0","195241","3","6","3","05","09","3","0","0","0","1","0","0"
"POINT (13.367879432000052 52.526116489000060)","Unfall 195242 (2019) Kat:3, Licht: 0","195242","3","2","5","05","09","3","0","0","0","1","0","0"
"POINT (13.306621413000073 52.577451438000082)","Unfall 195243 (2019) Kat:3, Licht: 0","195243","3","3","0","05","15","4","0","0","0","1","0","0"
"POINT (13.405100355000059 52.567265806000080)","Unfall 195244 (2019) Kat:3, Licht: 0","195244","3","2","0","05","15","4","0","0","1","1","0","0"
"POINT (13.409768459000077 52.524015992000045)","Unfall 195245 (2019) Kat:3, Licht: 0","195245","3","2","5","05","09","3","0","0","1","1","0","0"
"POINT (13.402983217000042 52.554539645000034)","Unfall 195246 (2019) Kat:3, Licht: 0","195246","3","6","2","05","08","3","0","0","0","1","0","0"
"POINT (13.319106322000039 52.454482487000064)","Unfall 195247 (2019) Kat:3, Licht: 0","195247","3","3","2","05","16","4","0","0","0","1","0","0"
"POINT (13.290358708000042 52.497105298000065)","Unfall 195248 (2019) Kat:3, Licht: 0","195248","3","2","5","05","08","3","0","0","1","1","0","0"
"POINT (13.513826631000029 52.551243179000039)","Unfall 195249 (2019) Kat:3, Licht: 0","195249","3","2","5","05","16","4","0","0","1","1","0","0"
"POINT (13.405846377000046 52.489514428000064)","Unfall 195250 (2019) Kat:3, Licht: 0","195250","3","2","5","05","08","3","0","0","1","0","0","0"
"POINT (13.313891898000065 52.480986306000034)","Unfall 195251 (2019) Kat:3, Licht: 0","195251","3","2","5","05","08","3","0","0","0","1","0","0"
"POINT (13.209350944000050 52.434109317000036)","Unfall 195252 (2019) Kat:3, Licht: 0","195252","3","3","5","05","15","4","0","0","0","1","0","1"
"POINT (13.506452608000075 52.446616160000076)","Unfall 195253 (2019) Kat:3, Licht: 0","195253","3","2","5","05","07","3","0","0","0","1","0","0"
"POINT (13.215825891000065 52.526755894000075)","Unfall 195254 (2019) Kat:2, Licht: 0","195254","2","2","5","05","15","4","0","0","0","1","0","0"
"POINT (13.281955665000055 52.511010277000082)","Unfall 195255 (2019) Kat:3, Licht: 0","195255","3","3","0","05","08","3","0","0","0","1","0","1"
"POINT (13.291576501000065 52.510790970000073)","Unfall 195256 (2019) Kat:3, Licht: 0","195256","3","6","2","05","07","4","0","0","1","0","0","0"
"POINT (13.554645791000041 52.440264598000056)","Unfall 195257 (2019) Kat:2, Licht: 0","195257","2","6","2","05","07","3","0","0","0","1","0","1"
"POINT (13.395252044000074 52.541493352000032)","Unfall 195258 (2019) Kat:3, Licht: 2","195258","3","1","0","05","23","4","0","2","0","1","0","1"
"POINT (13.123297620000073 52.528446799000051)","Unfall 195259 (2019) Kat:3, Licht: 0","195259","3","6","2","05","07","3","0","0","0","1","0","0"
"POINT (13.521443301000033 52.466359667000063)","Unfall 195260 (2019) Kat:3, Licht: 0","195260","3","3","5","05","06","3","1","0","0","1","0","0"
"POINT (13.309975246000022 52.431195242000058)","Unfall 195261 (2019) Kat:3, Licht: 0","195261","3","6","2","05","07","4","0","0","0","1","0","0"
"POINT (13.416394737000076 52.520087694000040)","Unfall 195262 (2019) Kat:3, Licht: 0","195262","3","3","2","05","07","4","0","0","1","1","0","0"
"POINT (13.591758282000058 52.536999789000049)","Unfall 195263 (2019) Kat:3, Licht: 2","195263","3","2","5","05","22","3","1","2","0","1","0","0"
"POINT (13.256413362000046 52.438469797000039)","Unfall 195264 (2019) Kat:3, Licht: 0","195264","3","7","0","05","08","3","0","0","1","0","0","0"
"POINT (13.397969821000061 52.393382121000059)","Unfall 195265 (2019) Kat:3, Licht: 0","195265","3","3","5","05","07","4","0","0","1","1","0","0"
"POINT (13.297779298000023 52.506851138000059)","Unfall 195266 (2019) Kat:3, Licht: 0","195266","3","6","2","05","17","2","1","0","0","1","0","0"
"POINT (13.457793766000066 52.529035595000039)","Unfall 195267 (2019) Kat:3, Licht: 0","195267","3","2","5","05","08","4","0","0","1","1","0","0"
"POINT (13.342971079000051 52.450519218000068)","Unfall 195268 (2019) Kat:3, Licht: 0","195268","3","3","5","05","19","2","1","0","1","1","0","0"
"POINT (13.393234538000058 52.564456645000064)","Unfall 195269 (2019) Kat:3, Licht: 0","195269","3","2","6","05","08","4","0","0","0","1","1","0"
"POINT (13.436456699000075 52.480034051000075)","Unfall 195270 (2019) Kat:3, Licht: 0","195270","3","4","6","05","18","2","1","0","0","1","1","0"
"POINT (13.381545331000041 52.523831891000043)","Unfall 195271 (2019) Kat:3, Licht: 0","195271","3","6","2","05","09","4","0","0","1","1","0","0"
"POINT (13.481591483000045 52.526767022000058)","Unfall 195272 (2019) Kat:3, Licht: 0","195272","3","1","0","05","18","2","1","0","0","1","0","1"
"POINT (13.371978174000049 52.519401076000065)","Unfall 195273 (2019) Kat:2, Licht: 0","195273","2","2","5","05","09","4","0","0","1","1","0","0"
"POINT (13.634611779000068 52.538484578000066)","Unfall 195274 (2019) Kat:3, Licht: 0","195274","3","7","5","05","18","2","1","0","0","1","0","0"
"POINT (13.421896468000057 52.492977778000068)","Unfall 195275 (2019) Kat:3, Licht: 0","195275","3","3","5","05","07","4","0","0","0","1","0","0"
"POINT (13.285290435000036 52.479567590000045)","Unfall 195276 (2019) Kat:3, Licht: 0","195276","3","2","5","05","18","2","1","0","0","1","0","0"
"POINT (13.396085538000023 52.538288944000044)","Unfall 195277 (2019) Kat:3, Licht: 0","195277","3","2","5","05","17","2","1","0","1","1","0","0"
"POINT (13.295179629000074 52.539256715000079)","Unfall 195278 (2019) Kat:3, Licht: 0","195278","3","6","2","05","18","3","0","0","0","1","0","0"
"POINT (13.285423139000045 52.486692841000036)","Unfall 195279 (2019) Kat:3, Licht: 0","195279","3","3","5","05","17","2","1","0","1","1","0","0"
"POINT (13.264014014000054 52.485293210000066)","Unfall 195280 (2019) Kat:3, Licht: 0","195280","3","7","7","05","17","3","0","0","1","0","0","0"
"POINT (13.402802289000022 52.531588321000072)","Unfall 195281 (2019) Kat:3, Licht: 0","195281","3","5","1","05","18","2","1","0","1","1","0","0"
"POINT (13.319622302000028 52.426519939000059)","Unfall 195282 (2019) Kat:3, Licht: 0","195282","3","3","5","05","11","3","0","0","0","1","0","0"
"POINT (13.319364993000022 52.426530222000054)","Unfall 195283 (2019) Kat:3, Licht: 0","195283","3","3","5","05","17","2","1","0","0","1","0","0"
"POINT (13.287064527000041 52.585930503000043)","Unfall 195284 (2019) Kat:3, Licht: 0","195284","3","5","1","05","08","3","0","0","1","1","0","0"
"POINT (13.580014479000056 52.442520412000079)","Unfall 195285 (2019) Kat:3, Licht: 0","195285","3","1","0","05","19","2","1","0","1","0","0","0"
"POINT (13.402221853000071 52.503817021000032)","Unfall 195286 (2019) Kat:3, Licht: 0","195286","3","7","6","05","17","2","1","0","0","1","1","0"
"POINT (13.343041658000061 52.593091021000077)","Unfall 195287 (2019) Kat:3, Licht: 0","195287","3","5","1","05","08","3","0","0","0","1","0","0"
"POINT (13.584228709000058 52.441988992000063)","Unfall 195288 (2019) Kat:3, Licht: 0","195288","3","4","6","05","07","3","0","0","1","0","1","0"
"POINT (13.441278435000072 52.549502721000067)","Unfall 195289 (2019) Kat:2, Licht: 0","195289","2","3","5","05","16","2","1","0","1","1","0","0"
"POINT (13.405910371000061 52.534848417000035)","Unfall 195290 (2019) Kat:3, Licht: 0","195290","3","1","0","05","16","2","1","0","1","0","0","0"
"POINT (13.359731817000068 52.485984594000058)","Unfall 195291 (2019) Kat:3, Licht: 0","195291","3","4","6","05","07","3","0","0","0","1","1","0"
"POINT (13.303704915000026 52.499456222000049)","Unfall 195292 (2019) Kat:3, Licht: 0","195292","3","6","3","05","11","2","0","0","0","1","0","0"
"POINT (13.447174677000021 52.427159580000080)","Unfall 195293 (2019) Kat:3, Licht: 0","195293","3","6","2","05","08","3","0","0","0","1","0","0"
"POINT (13.400508057000025 52.509963892000030)","Unfall 195294 (2019) Kat:3, Licht: 0","195294","3","2","2","05","14","2","0","0","0","1","0","0"
"POINT (13.324453331000029 52.465830952000033)","Unfall 195295 (2019) Kat:3, Licht: 0","195295","3","2","5","05","14","2","0","0","1","1","0","0"
"POINT (13.356144723000057 52.506221510000046)","Unfall 195296 (2019) Kat:3, Licht: 0","195296","3","6","3","05","09","3","0","0","1","1","0","0"
"POINT (13.301550496000061 52.580147338000074)","Unfall 195297 (2019) Kat:3, Licht: 0","195297","3","7","6","05","12","2","0","0","1","0","1","0"
"POINT (13.406453116000023 52.498325896000040)","Unfall 195298 (2019) Kat:3, Licht: 0","195298","3","6","2","05","12","2","0","0","0","1","0","0"
"POINT (13.485259634000045 52.464089382000054)","Unfall 195299 (2019) Kat:2, Licht: 0","195299","2","2","5","05","07","3","0","0","1","0","0","0"
"POINT (13.478145039000026 52.523007955000082)","Unfall 195300 (2019) Kat:2, Licht: 0","195300","2","4","6","05","14","2","0","0","0","1","1","0"
"POINT (13.558322500000031 52.455532453000046)","Unfall 195301 (2019) Kat:2, Licht: 0","195301","2","6","2","05","12","2","0","0","0","1","0","0"
"POINT (13.445687101000033 52.470813620000058)","Unfall 195302 (2019) Kat:3, Licht: 0","195302","3","3","5","05","06","3","0","0","0","1","0","0"
"POINT (13.246436182000025 52.511635263000073)","Unfall 195303 (2019) Kat:3, Licht: 0","195303","3","7","2","05","16","2","0","0","0","1","0","0"
"POINT (13.273446745000058 52.541469005000067)","Unfall 195304 (2019) Kat:3, Licht: 0","195304","3","5","1","05","06","3","0","0","0","1","0","1"
"POINT (13.415152925000029 52.421178274000056)","Unfall 195305 (2019) Kat:3, Licht: 0","195305","3","2","5","05","11","2","0","0","0","1","0","0"
"POINT (13.573615384000050 52.413534373000061)","Unfall 195306 (2019) Kat:3, Licht: 2","195306","3","1","9","05","00","3","0","2","0","0","0","1"
"POINT (13.262000214000068 52.541343510000047)","Unfall 195307 (2019) Kat:3, Licht: 0","195307","3","1","0","05","13","2","0","0","1","0","0","0"
"POINT (13.367262119000031 52.525683710000067)","Unfall 195308 (2019) Kat:3, Licht: 0","195308","3","6","2","05","15","3","0","0","0","1","0","1"
"POINT (13.202362755000024 52.539975262000041)","Unfall 195309 (2019) Kat:3, Licht: 0","195309","3","6","3","05","09","2","0","0","0","1","0","0"
"POINT (13.499122386000067 52.526378974000068)","Unfall 195310 (2019) Kat:2, Licht: 0","195310","2","1","0","05","07","2","0","0","1","0","0","0"
"POINT (13.421279367000068 52.509739833000026)","Unfall 195311 (2019) Kat:3, Licht: 0","195311","3","2","3","05","15","3","0","0","1","1","0","0"
"POINT (13.414400740000076 52.493362591000050)","Unfall 195312 (2019) Kat:3, Licht: 0","195312","3","5","1","05","15","3","0","0","1","0","0","0"
"POINT (13.452411146000031 52.471140495000043)","Unfall 195313 (2019) Kat:3, Licht: 0","195313","3","7","2","05","07","2","0","0","0","1","0","0"
"POINT (13.286953536000055 52.586062926000068)","Unfall 195314 (2019) Kat:3, Licht: 0","195314","3","6","3","05","11","2","0","0","1","0","0","0"
"POINT (13.367925448000051 52.485242207000056)","Unfall 195315 (2019) Kat:3, Licht: 0","195315","3","7","2","05","15","3","0","0","0","1","0","0"
"POINT (13.495100018000073 52.431649496000034)","Unfall 195316 (2019) Kat:3, Licht: 0","195316","3","2","6","05","10","2","0","0","0","1","1","0"
"POINT (13.492456316000073 52.636863403000063)","Unfall 195317 (2019) Kat:3, Licht: 0","195317","3","2","5","05","14","3","0","0","1","1","0","0"
"POINT (13.292491798000071 52.582693584000026)","Unfall 195318 (2019) Kat:3, Licht: 0","195318","3","7","1","05","10","2","0","0","1","1","0","0"
"POINT (13.319414838000057 52.622618015000057)","Unfall 195319 (2019) Kat:3, Licht: 0","195319","3","3","5","05","14","3","0","0","0","1","0","1"
"POINT (13.331093000000067 52.495437556000070)","Unfall 195320 (2019) Kat:3, Licht: 0","195320","3","3","5","05","10","2","0","0","1","1","0","0"
"POINT (13.386938978000046 52.553793546000065)","Unfall 195321 (2019) Kat:3, Licht: 0","195321","3","7","5","05","13","3","0","0","0","1","0","0"
"POINT (13.428714000000070 52.521838795000065)","Unfall 195322 (2019) Kat:3, Licht: 0","195322","3","5","1","05","09","2","0","0","1","1","0","0"
"POINT (13.593610348000027 52.443473349000044)","Unfall 195323 (2019) Kat:3, Licht: 0","195323","3","3","5","05","11","2","0","0","1","1","0","0"
"POINT (13.498720960000071 52.629584547000036)","Unfall 195324 (2019) Kat:2, Licht: 0","195324","2","6","4","05","13","3","0","0","0","1","0","0"
"POINT (13.333428534000063 52.560809748000054)","Unfall 195325 (2019) Kat:3, Licht: 2","195325","3","7","5","05","16","3","0","2","1","0","0","1"
"POINT (13.394948102000058 52.497629963000065)","Unfall 195326 (2019) Kat:3, Licht: 0","195326","3","6","2","05","12","1","0","0","0","1","0","0"
"POINT (13.530160734000049 52.423083330000054)","Unfall 195327 (2019) Kat:2, Licht: 0","195327","2","3","5","05","16","3","0","0","1","1","0","0"
"POINT (13.358916233000059 52.554255847000036)","Unfall 195328 (2019) Kat:3, Licht: 0","195328","3","6","2","06","16","5","1","0","0","1","0","0"
"POINT (13.383944651000036 52.445452678000038)","Unfall 195329 (2019) Kat:2, Licht: 0","195329","2","2","0","06","16","5","1","0","1","1","0","0"
"POINT (13.454399270000067 52.452924203000066)","Unfall 195330 (2019) Kat:3, Licht: 0","195330","3","2","5","06","16","5","0","0","1","0","0","0"
"POINT (13.322580237000068 52.507037519000050)","Unfall 195331 (2019) Kat:3, Licht: 0","195331","3","2","5","06","16","5","1","0","1","1","0","0"
"POINT (13.376636908000023 52.487211546000026)","Unfall 195332 (2019) Kat:3, Licht: 0","195332","3","2","5","06","09","5","0","0","1","1","0","0"
"POINT (13.344479963000026 52.538231399000040)","Unfall 195333 (2019) Kat:3, Licht: 0","195333","3","2","5","06","13","5","0","0","1","1","0","0"
"POINT (13.489880298000060 52.515385185000071)","Unfall 195334 (2019) Kat:3, Licht: 0","195334","3","3","5","06","15","5","1","0","0","1","0","0"
"POINT (13.332644543000072 52.486023139000054)","Unfall 195335 (2019) Kat:3, Licht: 0","195335","3","7","0","06","08","5","0","0","0","1","0","0"
"POINT (13.292758378000030 52.506829262000053)","Unfall 195336 (2019) Kat:3, Licht: 0","195336","3","3","5","06","08","5","0","0","0","1","0","0"
"POINT (13.315111935000061 52.490895000000080)","Unfall 195337 (2019) Kat:3, Licht: 0","195337","3","3","5","06","08","5","0","0","1","1","0","0"
"POINT (13.292735343000061 52.534275108000031)","Unfall 195338 (2019) Kat:3, Licht: 0","195338","3","6","2","06","07","5","0","0","0","1","0","0"
"POINT (13.592322961000036 52.520712287000038)","Unfall 195339 (2019) Kat:3, Licht: 0","195339","3","3","5","06","07","5","0","0","1","1","0","0"
"POINT (13.507765504000076 52.407456880000041)","Unfall 195340 (2019) Kat:3, Licht: 0","195340","3","2","5","06","07","5","0","0","1","0","0","0"
"POINT (13.582617202000051 52.522260479000067)","Unfall 195341 (2019) Kat:3, Licht: 0","195341","3","5","1","06","06","5","0","0","0","1","0","0"
"POINT (13.352431076000073 52.485124894000080)","Unfall 195342 (2019) Kat:3, Licht: 2","195342","3","7","7","06","23","4","0","2","1","0","0","0"
"POINT (13.298891349000030 52.539486947000057)","Unfall 195343 (2019) Kat:3, Licht: 0","195343","3","6","4","06","16","4","0","0","1","1","0","0"
"POINT (13.289209103000076 52.631640713000081)","Unfall 195344 (2019) Kat:3, Licht: 0","195344","3","2","5","06","19","4","0","0","0","1","0","1"
"POINT (13.297336145000031 52.486263612000073)","Unfall 195345 (2019) Kat:3, Licht: 0","195345","3","6","2","06","18","4","0","0","0","1","0","0"
"POINT (13.379731487000072 52.495679422000080)","Unfall 195346 (2019) Kat:3, Licht: 0","195346","3","3","5","06","18","4","0","0","1","1","0","0"
"POINT (13.296075041000051 52.508558322000056)","Unfall 195347 (2019) Kat:3, Licht: 2","195347","3","5","1","06","23","4","0","2","0","1","0","1"
"POINT (13.374803404000033 52.489216180000028)","Unfall 195348 (2019) Kat:3, Licht: 2","195348","3","3","5","06","22","4","0","2","1","1","0","0"
"POINT (13.375848188000077 52.555058007000071)","Unfall 195349 (2019) Kat:2, Licht: 2","195349","2","6","2","06","22","4","0","2","0","1","0","0"
"POINT (13.444766748000063 52.501051793000045)","Unfall 195350 (2019) Kat:3, Licht: 0","195350","3","6","3","06","18","4","0","0","1","1","0","0"