WKT,Name,OBJECTID,UKATEGORIE,UTYP1,UART,UMONAT,USTUNDE,UWOCHENTAG,STRZUSTAND,ULICHTVERH,ISTRAD,ISTPKW,ISTFUSS,ISTKRAD
"POINT (13.554247410000073 52.437962677000030)","Unfall 195351 (2019) Kat:3, Licht: 0","195351","3","3","5","06","18","4","0","0","1","1","0","0"
"POINT (13.293694197000036 52.432662983000057)","Unfall 195352 (2019) Kat:3, Licht: 0","195352","3","7","0","06","18","4","0","0","1","0","0","0"
"POINT (13.444515204000027 52.545669554000028)","Unfall 195353 (2019) Kat:3, Licht: 0","195353","3","3","5","06","18","4","0","0","1","0","0","1"
"POINT (13.360937124000031 52.577003460000071)","Unfall 195354 (2019) Kat:3, Licht: 0","195354","3","2","5","06","16","4","0","0","0","1","0","0"
"POINT (13.329688370000042 52.522814827000047)","Unfall 195355 (2019) Kat:3, Licht: 0","195355","3","2","5","06","16","4","0","0","1","1","0","0"
"POINT (13.395026071000075 52.537979401000030)","Unfall 195356 (2019) Kat:3, Licht: 0","195356","3","1","0","06","15","4","0","0","0","0","0","1"
"POINT (13.326236970000025 52.538038425000082)","Unfall 195357 (2019) Kat:3, Licht: 2","195357","3","2","5","06","22","4","0","2","0","1","0","0"
"POINT (13.388201399000025 52.492943565000076)","Unfall 195358 (2019) Kat:3, Licht: 0","195358","3","2","5","06","20","4","0","0","1","0","1","0"
"POINT (13.295932495000045 52.517679004000058)","Unfall 195359 (2019) Kat:3, Licht: 0","195359","3","3","5","06","15","4","0","0","1","0","0","0"
"POINT (13.511677316000032 52.507136211000045)","Unfall 195360 (2019) Kat:3, Licht: 0","195360","3","3","5","06","14","4","0","0","1","1","0","0"
"POINT (13.412983484000051 52.588217799000063)","Unfall 195361 (2019) Kat:3, Licht: 0","195361","3","3","5","06","14","4","0","0","0","1","0","0"
"POINT (13.563499306000040 52.541541822000056)","Unfall 195362 (2019) Kat:2, Licht: 0","195362","2","4","6","06","14","4","0","0","1","0","1","0"
"POINT (13.460167549000062 52.515220030000080)","Unfall 195363 (2019) Kat:3, Licht: 0","195363","3","2","5","06","13","4","0","0","0","1","0","0"
"POINT (13.495421203000035 52.431686634000073)","Unfall 195364 (2019) Kat:3, Licht: 0","195364","3","3","5","06","13","4","0","0","1","1","0","0"
"POINT (13.417223312000033 52.547688325000081)","Unfall 195365 (2019) Kat:3, Licht: 0","195365","3","7","1","06","13","4","0","0","0","0","0","1"
"POINT (13.578380261000063 52.457487545000049)","Unfall 195366 (2019) Kat:2, Licht: 0","195366","2","4","6","06","13","4","0","0","0","1","1","0"
"POINT (13.466561378000051 52.615052733000027)","Unfall 195367 (2019) Kat:3, Licht: 0","195367","3","1","0","06","08","4","0","0","0","0","0","1"
"POINT (13.488385008000023 52.502125517000081)","Unfall 195368 (2019) Kat:3, Licht: 0","195368","3","2","0","06","10","4","0","0","1","1","0","0"
"POINT (13.408783622000044 52.531306715000028)","Unfall 195369 (2019) Kat:3, Licht: 0","195369","3","7","2","06","10","4","0","0","0","0","0","1"
"POINT (13.334970300000066 52.427443368000070)","Unfall 195370 (2019) Kat:3, Licht: 0","195370","3","3","5","06","13","4","0","0","1","1","0","0"
"POINT (13.326979697000070 52.540112607000026)","Unfall 195371 (2019) Kat:3, Licht: 0","195371","3","6","2","06","10","4","0","0","0","1","0","1"
"POINT (13.518776871000057 52.552765051000051)","Unfall 195372 (2019) Kat:2, Licht: 0","195372","2","1","0","06","08","4","0","0","1","0","0","0"
"POINT (13.206262232000029 52.542598301000055)","Unfall 195373 (2019) Kat:3, Licht: 0","195373","3","2","2","06","12","4","0","0","0","1","0","0"
"POINT (13.428732975000059 52.588234053000065)","Unfall 195374 (2019) Kat:3, Licht: 0","195374","3","2","5","06","09","4","0","0","1","1","0","0"
"POINT (13.359390335000057 52.456781799000055)","Unfall 195375 (2019) Kat:3, Licht: 0","195375","3","2","5","06","11","4","0","0","1","1","0","0"
"POINT (13.407969979000029 52.482286959000078)","Unfall 195376 (2019) Kat:3, Licht: 0","195376","3","2","5","06","08","4","0","0","1","1","0","0"
"POINT (13.452927392000049 52.445442741000079)","Unfall 195377 (2019) Kat:3, Licht: 0","195377","3","2","5","06","08","4","0","0","1","1","0","0"
"POINT (13.553219775000059 52.468141415000048)","Unfall 195378 (2019) Kat:3, Licht: 0","195378","3","7","5","06","07","4","0","0","0","1","0","1"
"POINT (13.427426446000027 52.552406221000069)","Unfall 195379 (2019) Kat:2, Licht: 0","195379","2","3","5","06","07","4","0","0","1","1","0","0"
"POINT (13.384749812000052 52.529209131000073)","Unfall 195380 (2019) Kat:2, Licht: 2","195380","2","7","0","06","02","4","0","2","0","1","0","0"
"POINT (13.383512233000033 52.493631979000043)","Unfall 195381 (2019) Kat:3, Licht: 0","195381","3","6","3","06","08","3","0","0","0","1","0","1"
"POINT (13.308965232000048 52.506067974000075)","Unfall 195382 (2019) Kat:3, Licht: 0","195382","3","7","0","06","14","3","0","0","0","1","0","0"
"POINT (13.404376869000032 52.533107685000061)","Unfall 195383 (2019) Kat:3, Licht: 0","195383","3","3","0","06","13","3","0","0","1","0","0","0"
"POINT (13.339938535000044 52.527623185000039)","Unfall 195384 (2019) Kat:3, Licht: 0","195384","3","4","6","06","08","3","0","0","0","1","1","0"
"POINT (13.380145084000048 52.518902291000074)","Unfall 195385 (2019) Kat:3, Licht: 0","195385","3","2","2","06","16","3","0","0","1","1","0","0"
"POINT (13.338842386000067 52.589374903000078)","Unfall 195386 (2019) Kat:3, Licht: 0","195386","3","2","5","06","16","3","0","0","1","1","0","0"
"POINT (13.437407149000023 52.493458557000054)","Unfall 195387 (2019) Kat:3, Licht: 0","195387","3","2","5","06","16","3","0","0","1","1","0","0"
"POINT (13.380626883000048 52.482254109000053)","Unfall 195388 (2019) Kat:3, Licht: 0","195388","3","2","0","06","15","3","0","0","1","1","0","0"
"POINT (13.502415747000043 52.534524826000052)","Unfall 195389 (2019) Kat:3, Licht: 0","195389","3","6","2","06","15","3","0","0","0","1","0","0"
"POINT (13.419467856000040 52.549084068000070)","Unfall 195390 (2019) Kat:3, Licht: 0","195390","3","7","5","06","14","3","0","0","1","1","0","0"
"POINT (13.157386105000057 52.533139536000078)","Unfall 195391 (2019) Kat:3, Licht: 0","195391","3","6","0","06","14","3","0","0","1","0","0","0"
"POINT (13.509182405000047 52.463533876000042)","Unfall 195392 (2019) Kat:3, Licht: 0","195392","3","2","5","06","13","3","0","0","0","0","0","1"
"POINT (13.346969929000068 52.428427814000031)","Unfall 195393 (2019) Kat:3, Licht: 0","195393","3","4","6","06","18","3","0","0","0","1","1","0"
"POINT (13.313351391000026 52.502782759000070)","Unfall 195394 (2019) Kat:3, Licht: 0","195394","3","6","3","06","12","3","0","0","0","1","0","1"
"POINT (13.391079828000045 52.447670019000043)","Unfall 195395 (2019) Kat:3, Licht: 0","195395","3","7","6","06","12","3","0","0","0","1","1","0"
"POINT (13.198265666000054 52.533020134000026)","Unfall 195396 (2019) Kat:3, Licht: 0","195396","3","2","2","06","11","3","0","0","0","1","0","0"
"POINT (13.371819059000075 52.509272020000026)","Unfall 195397 (2019) Kat:3, Licht: 0","195397","3","2","5","06","11","3","0","0","1","1","0","0"
"POINT (13.586569577000034 52.440827411000043)","Unfall 195398 (2019) Kat:3, Licht: 0","195398","3","6","3","06","11","3","0","0","1","0","0","0"
"POINT (13.518781242000045 52.510037492000038)","Unfall 195399 (2019) Kat:2, Licht: 0","195399","2","3","5","06","13","3","0","0","1","1","0","0"
"POINT (13.304374769000049 52.513427495000030)","Unfall 195400 (2019) Kat:2, Licht: 0","195400","2","7","2","06","11","3","0","0","1","1","0","0"
"POINT (13.373440693000077 52.556913155000075)","Unfall 195401 (2019) Kat:3, Licht: 0","195401","3","2","2","06","11","3","0","0","0","1","0","0"
"POINT (13.399043781000046 52.539051813000071)","Unfall 195402 (2019) Kat:3, Licht: 0","195402","3","6","3","06","10","3","0","0","0","1","0","1"
"POINT (13.326245047000043 52.538021195000056)","Unfall 195403 (2019) Kat:3, Licht: 0","195403","3","2","5","06","10","3","0","0","0","1","0","0"
"POINT (13.488073229000065 52.426143579000041)","Unfall 195404 (2019) Kat:3, Licht: 0","195404","3","3","5","06","10","3","0","0","0","1","0","0"
"POINT (13.304219476000071 52.526580233000061)","Unfall 195405 (2019) Kat:3, Licht: 0","195405","3","3","5","06","09","3","0","0","1","1","0","0"
"POINT (13.389376973000026 52.495963408000080)","Unfall 195406 (2019) Kat:2, Licht: 2","195406","2","2","5","06","23","3","0","2","1","1","0","0"
"POINT (13.335119909000070 52.526731127000062)","Unfall 195407 (2019) Kat:3, Licht: 0","195407","3","6","2","06","20","3","0","0","0","1","0","0"
"POINT (13.394911487000059 52.499996801000066)","Unfall 195408 (2019) Kat:3, Licht: 0","195408","3","3","5","06","08","3","0","0","1","1","0","0"
"POINT (13.438345635000076 52.473414461000061)","Unfall 195409 (2019) Kat:3, Licht: 0","195409","3","5","1","06","09","3","0","0","1","1","0","0"
"POINT (13.453552157000047 52.533129899000073)","Unfall 195410 (2019) Kat:3, Licht: 0","195410","3","6","2","06","09","3","0","0","0","1","0","1"
"POINT (13.179904587000067 52.505762253000057)","Unfall 195411 (2019) Kat:3, Licht: 0","195411","3","1","0","06","07","3","0","0","1","0","0","0"
"POINT (13.490611675000025 52.543207122000069)","Unfall 195412 (2019) Kat:3, Licht: 0","195412","3","3","5","06","08","3","0","0","1","1","0","0"
"POINT (13.330673025000067 52.444879158000049)","Unfall 195413 (2019) Kat:3, Licht: 0","195413","3","7","6","06","20","3","0","0","1","0","1","0"
"POINT (13.584368000000040 52.539646896000079)","Unfall 195414 (2019) Kat:2, Licht: 0","195414","2","4","6","06","19","3","0","0","0","1","1","0"
"POINT (13.311960840000040 52.568013399000051)","Unfall 195415 (2019) Kat:2, Licht: 0","195415","2","2","5","06","08","3","0","0","1","1","0","0"
"POINT (13.459101233000069 52.529075840000075)","Unfall 195416 (2019) Kat:3, Licht: 0","195416","3","2","5","06","19","3","0","0","1","1","0","0"
"POINT (13.415707822000059 52.459319900000082)","Unfall 195417 (2019) Kat:3, Licht: 0","195417","3","6","3","06","08","3","0","0","0","1","0","0"
"POINT (13.467931228000054 52.427671508000060)","Unfall 195418 (2019) Kat:3, Licht: 0","195418","3","2","6","06","19","3","0","0","0","1","1","0"
"POINT (13.325984814000037 52.498125542000082)","Unfall 195419 (2019) Kat:3, Licht: 0","195419","3","5","1","06","19","3","0","0","1","1","0","0"
"POINT (13.392362798000022 52.582146070000078)","Unfall 195420 (2019) Kat:3, Licht: 0","195420","3","3","5","06","08","3","0","0","1","1","0","0"
"POINT (13.311542500000030 52.567909286000031)","Unfall 195421 (2019) Kat:3, Licht: 0","195421","3","6","2","06","07","3","0","0","0","1","0","0"
"POINT (13.321738816000050 52.505816170000060)","Unfall 195422 (2019) Kat:3, Licht: 0","195422","3","3","5","06","07","3","0","0","0","1","0","0"
"POINT (13.419987834000040 52.496155774000044)","Unfall 195423 (2019) Kat:3, Licht: 0","195423","3","6","3","06","18","3","0","0","1","1","0","0"
"POINT (13.301929529000063 52.525824929000066)","Unfall 195424 (2019) Kat:2, Licht: 0","195424","2","2","5","06","18","3","0","0","0","1","0","1"
"POINT (13.306716298000026 52.555300225000053)","Unfall 195425 (2019) Kat:3, Licht: 0","195425","3","6","2","06","18","3","0","0","0","1","0","0"
"POINT (13.381007470000043 52.492758924000043)","Unfall 195426 (2019) Kat:3, Licht: 0","195426","3","1","1","06","07","3","0","0","0","1","0","1"
"POINT (13.483082386000035 52.537570433000042)","Unfall 195427 (2019) Kat:3, Licht: 1","195427","3","3","5","06","04","3","0","1","0","1","0","0"
"POINT (13.527133249000030 52.458048970000050)","Unfall 195428 (2019) Kat:3, Licht: 0","195428","3","5","1","06","17","3","0","0","1","1","0","0"
"POINT (13.592339618000040 52.451375741000049)","Unfall 195429 (2019) Kat:3, Licht: 1","195429","3","1","0","06","04","3","0","1","1","0","0","0"
"POINT (13.347091148000061 52.505479171000047)","Unfall 195430 (2019) Kat:3, Licht: 0","195430","3","3","5","06","17","3","0","0","0","1","0","0"
"POINT (13.521895422000057 52.535723782000048)","Unfall 195431 (2019) Kat:3, Licht: 0","195431","3","2","0","06","17","3","0","0","1","1","0","0"
"POINT (13.521771241000067 52.401956660000053)","Unfall 195432 (2019) Kat:3, Licht: 0","195432","3","6","2","06","12","2","0","0","0","1","0","1"
"POINT (13.398792354000022 52.503407115000073)","Unfall 195433 (2019) Kat:3, Licht: 0","195433","3","5","1","06","18","2","0","0","1","1","0","0"
"POINT (13.505309514000032 52.560167113000034)","Unfall 195434 (2019) Kat:3, Licht: 0","195434","3","3","5","06","12","2","0","0","1","0","0","0"
"POINT (13.304506214000071 52.432271046000039)","Unfall 195435 (2019) Kat:3, Licht: 0","195435","3","7","6","06","12","2","0","0","1","0","1","0"
"POINT (13.521926042000075 52.554087178000032)","Unfall 195436 (2019) Kat:3, Licht: 2","195436","3","1","8","06","22","2","1","2","0","1","0","0"
"POINT (13.475036751000061 52.463573447000044)","Unfall 195437 (2019) Kat:3, Licht: 2","195437","3","3","0","06","22","2","1","2","1","1","0","0"
"POINT (13.367215769000040 52.523336320000055)","Unfall 195438 (2019) Kat:3, Licht: 0","195438","3","3","5","06","21","2","0","0","0","1","0","0"
"POINT (13.372015745000056 52.469848432000049)","Unfall 195439 (2019) Kat:3, Licht: 0","195439","3","2","5","06","20","2","0","0","0","1","0","0"
"POINT (13.511869732000036 52.462925452000036)","Unfall 195440 (2019) Kat:3, Licht: 0","195440","3","2","5","06","20","2","0","0","1","1","0","0"
"POINT (13.434585234000053 52.472500375000038)","Unfall 195441 (2019) Kat:3, Licht: 0","195441","3","3","0","06","19","2","1","0","1","1","0","0"
"POINT (13.603055756000060 52.484977106000031)","Unfall 195442 (2019) Kat:3, Licht: 0","195442","3","3","5","06","20","2","1","0","0","1","0","0"
"POINT (13.422147512000038 52.550034285000038)","Unfall 195443 (2019) Kat:3, Licht: 1","195443","3","3","5","06","20","2","1","1","1","1","0","0"
"POINT (13.555426992000037 52.440540706000036)","Unfall 195444 (2019) Kat:2, Licht: 0","195444","2","1","0","06","19","2","1","0","1","0","0","0"
"POINT (13.566355881000050 52.408568576000050)","Unfall 195445 (2019) Kat:2, Licht: 1","195445","2","7","1","06","20","2","1","1","0","1","0","0"
"POINT (13.410102913000060 52.464106058000027)","Unfall 195446 (2019) Kat:3, Licht: 0","195446","3","1","8","06","19","2","1","0","0","1","0","0"
"POINT (13.334909560000028 52.556114226000034)","Unfall 195447 (2019) Kat:3, Licht: 0","195447","3","2","2","06","18","2","0","0","1","1","0","0"
"POINT (13.327415932000065 52.520462325000040)","Unfall 195448 (2019) Kat:3, Licht: 0","195448","3","6","2","06","18","2","0","0","0","1","0","0"
"POINT (13.452823586000022 52.512413403000039)","Unfall 195449 (2019) Kat:2, Licht: 0","195449","2","2","5","06","18","2","0","0","1","1","0","0"
"POINT (13.291863680000063 52.497218928000052)","Unfall 195450 (2019) Kat:3, Licht: 0","195450","3","5","1","06","18","2","0","0","1","1","0","0"
"POINT (13.323671853000064 52.487438249000036)","Unfall 195451 (2019) Kat:3, Licht: 0","195451","3","6","2","06","17","2","0","0","0","1","0","0"
"POINT (13.259337737000067 52.430727050000030)","Unfall 195452 (2019) Kat:3, Licht: 0","195452","3","6","3","06","15","2","0","0","0","1","0","1"
"POINT (13.395693899000037 52.454340416000036)","Unfall 195453 (2019) Kat:3, Licht: 0","195453","3","3","5","06","17","2","0","0","0","1","0","0"
"POINT (13.633146922000037 52.522978946000080)","Unfall 195454 (2019) Kat:3, Licht: 0","195454","3","3","5","06","17","2","0","0","1","1","0","0"
"POINT (13.483274013000027 52.460503820000042)","Unfall 195455 (2019) Kat:3, Licht: 2","195455","3","2","5","06","22","2","1","2","1","1","0","0"
"POINT (13.429740744000071 52.608680147000030)","Unfall 195456 (2019) Kat:3, Licht: 0","195456","3","3","5","06","15","2","0","0","1","0","0","0"
"POINT (13.319112572000051 52.454516131000048)","Unfall 195457 (2019) Kat:3, Licht: 0","195457","3","3","5","06","14","2","0","0","1","1","0","0"
"POINT (13.365624947000072 52.503105901000026)","Unfall 195458 (2019) Kat:3, Licht: 0","195458","3","2","0","06","14","2","0","0","0","1","0","0"
"POINT (13.423988646000055 52.488423023000053)","Unfall 195459 (2019) Kat:3, Licht: 0","195459","3","6","2","06","14","2","0","0","0","1","0","0"
"POINT (13.438331722000044 52.569204800000080)","Unfall 195460 (2019) Kat:3, Licht: 0","195460","3","6","2","06","13","2","0","0","0","1","0","0"
"POINT (13.177254050000045 52.547079077000035)","Unfall 195461 (2019) Kat:3, Licht: 0","195461","3","5","1","06","12","2","0","0","1","0","0","0"
"POINT (13.437652366000066 52.454940171000032)","Unfall 195462 (2019) Kat:3, Licht: 0","195462","3","7","5","06","11","2","0","0","0","1","0","0"
"POINT (13.364100878000045 52.556524801000080)","Unfall 195463 (2019) Kat:3, Licht: 0","195463","3","6","2","06","12","2","0","0","0","1","0","0"
"POINT (13.401274515000068 52.529696957000056)","Unfall 195464 (2019) Kat:3, Licht: 2","195464","3","2","5","06","00","2","0","2","1","1","0","0"
"POINT (13.308768802000031 52.502067704000069)","Unfall 195465 (2019) Kat:3, Licht: 0","195465","3","7","5","06","12","2","0","0","0","1","0","1"
"POINT (13.401780345000077 52.530389635000063)","Unfall 195466 (2019) Kat:3, Licht: 0","195466","3","4","6","06","11","2","0","0","1","0","1","0"
"POINT (13.386586421000061 52.549570035000045)","Unfall 195467 (2019) Kat:2, Licht: 0","195467","2","2","5","06","11","2","0","0","0","1","0","0"
"POINT (13.587390512000070 52.439066809000053)","Unfall 195468 (2019) Kat:3, Licht: 0","195468","3","3","5","06","16","2","0","0","0","1","0","1"
"POINT (13.387388564000048 52.492857737000065)","Unfall 195469 (2019) Kat:3, Licht: 0","195469","3","2","5","06","11","2","0","0","1","1","0","0"
"POINT (13.379446952000023 52.556419003000030)","Unfall 195470 (2019) Kat:3, Licht: 0","195470","3","6","3","06","11","2","0","0","0","1","0","1"
"POINT (13.568729023000060 52.514061829000070)","Unfall 195471 (2019) Kat:2, Licht: 0","195471","2","5","0","06","16","2","0","0","1","1","0","0"
"POINT (13.208538491000070 52.561554933000082)","Unfall 195472 (2019) Kat:2, Licht: 0","195472","2","2","5","06","10","2","0","0","0","1","0","1"
"POINT (13.562605108000071 52.456368627000074)","Unfall 195473 (2019) Kat:3, Licht: 0","195473","3","3","5","06","16","2","0","0","1","1","0","0"
"POINT (13.299417412000025 52.520770758000026)","Unfall 195474 (2019) Kat:3, Licht: 0","195474","3","6","2","06","10","2","0","0","0","1","0","1"
"POINT (13.453110395000067 52.428611449000073)","Unfall 195475 (2019) Kat:3, Licht: 0","195475","3","7","5","06","10","2","0","0","1","1","0","0"
"POINT (13.457446468000057 52.529149012000062)","Unfall 195476 (2019) Kat:3, Licht: 0","195476","3","7","0","06","15","2","0","0","0","1","0","0"
"POINT (13.496434555000064 52.458074542000077)","Unfall 195477 (2019) Kat:3, Licht: 0","195477","3","6","0","06","15","2","0","0","1","1","0","0"
"POINT (13.433149919000073 52.511642765000033)","Unfall 195478 (2019) Kat:3, Licht: 0","195478","3","3","5","06","09","2","0","0","1","1","0","0"
"POINT (13.189962959000070 52.522147424000082)","Unfall 195479 (2019) Kat:3, Licht: 0","195479","3","2","5","06","09","2","0","0","1","1","0","0"
"POINT (13.395338262000053 52.496816642000056)","Unfall 195480 (2019) Kat:3, Licht: 0","195480","3","2","5","06","08","2","0","0","1","1","0","0"
"POINT (13.277979096000024 52.518352637000078)","Unfall 195481 (2019) Kat:3, Licht: 0","195481","3","2","5","06","08","2","0","0","0","1","0","0"
"POINT (13.420055191000074 52.499165178000055)","Unfall 195482 (2019) Kat:3, Licht: 0","195482","3","6","2","06","07","2","0","0","0","1","0","0"
"POINT (13.194592453000041 52.533628318000069)","Unfall 195483 (2019) Kat:3, Licht: 0","195483","3","4","6","06","15","2","0","0","0","1","1","0"
"POINT (13.577858808000030 52.461232087000042)","Unfall 195484 (2019) Kat:3, Licht: 0","195484","3","3","5","06","07","2","0","0","0","1","0","0"
"POINT (13.352704657000061 52.509627994000027)","Unfall 195485 (2019) Kat:3, Licht: 0","195485","3","7","5","06","06","2","0","0","0","1","0","0"
"POINT (13.294443095000076 52.576147100000071)","Unfall 195486 (2019) Kat:3, Licht: 0","195486","3","2","0","06","15","2","0","0","0","1","0","0"
"POINT (13.409796372000073 52.528801586000043)","Unfall 195487 (2019) Kat:3, Licht: 0","195487","3","6","2","06","06","2","0","0","0","1","0","0"
"POINT (13.556184580000036 52.433744260000026)","Unfall 195488 (2019) Kat:3, Licht: 0","195488","3","3","0","06","06","2","0","0","1","1","0","0"
"POINT (13.418228697000075 52.517353432000050)","Unfall 195489 (2019) Kat:2, Licht: 0","195489","2","2","2","06","15","2","0","0","0","1","0","0"
"POINT (13.432549452000046 52.548318231000053)","Unfall 195490 (2019) Kat:3, Licht: 0","195490","3","5","1","06","05","2","0","0","0","1","0","1"
"POINT (13.449175818000072 52.524359821000075)","Unfall 195491 (2019) Kat:3, Licht: 2","195491","3","2","5","06","01","2","0","2","0","1","0","0"
"POINT (13.395848208000075 52.532611226000029)","Unfall 195492 (2019) Kat:3, Licht: 0","195492","3","1","0","06","08","2","0","0","1","0","0","0"
"POINT (13.499549283000022 52.534357663000037)","Unfall 195493 (2019) Kat:3, Licht: 0","195493","3","2","5","06","20","2","1","0","1","1","0","0"
"POINT (13.296857347000071 52.464393224000048)","Unfall 195494 (2019) Kat:3, Licht: 0","195494","3","2","5","06","09","2","0","0","1","0","0","0"
"POINT (13.534586291000039 52.555179297000052)","Unfall 195495 (2019) Kat:1, Licht: 0","195495","1","7","1","06","17","2","0","0","0","1","0","0"
"POINT (13.287955618000069 52.506551958000045)","Unfall 195496 (2019) Kat:3, Licht: 0","195496","3","6","2","06","14","1","0","0","1","0","0","0"
"POINT (13.294160351000073 52.481306950000032)","Unfall 195497 (2019) Kat:3, Licht: 0","195497","3","3","5","06","14","1","0","0","1","1","0","0"
"POINT (13.387059223000051 52.531007178000038)","Unfall 195498 (2019) Kat:3, Licht: 0","195498","3","7","6","06","14","1","0","0","0","1","1","0"
"POINT (13.577160951000053 52.445187073000056)","Unfall 195499 (2019) Kat:3, Licht: 0","195499","3","6","3","06","19","1","0","0","1","1","0","0"
"POINT (13.364319816000034 52.549691977000066)","Unfall 195500 (2019) Kat:3, Licht: 0","195500","3","3","5","06","21","1","0","0","0","1","0","0"
"POINT (13.469548841000062 52.502188155000056)","Unfall 195501 (2019) Kat:2, Licht: 0","195501","2","6","4","06","20","1","0","0","0","1","0","1"
"POINT (13.433866699000077 52.508747987000049)","Unfall 195502 (2019) Kat:3, Licht: 0","195502","3","5","1","06","20","1","0","0","1","1","0","0"
"POINT (13.304800937000039 52.547849353000061)","Unfall 195503 (2019) Kat:3, Licht: 0","195503","3","2","0","06","17","1","0","0","1","1","0","0"
"POINT (13.395807282000021 52.499017007000077)","Unfall 195504 (2019) Kat:2, Licht: 0","195504","2","3","5","06","17","1","0","0","0","1","0","1"
"POINT (13.603705067000021 52.478970624000056)","Unfall 195505 (2019) Kat:2, Licht: 0","195505","2","3","5","06","15","1","0","0","0","1","0","1"
"POINT (13.360956674000022 52.494259103000047)","Unfall 195506 (2019) Kat:3, Licht: 0","195506","3","2","5","06","16","1","0","0","1","1","0","0"
"POINT (13.425054331000069 52.540993819000050)","Unfall 195507 (2019) Kat:3, Licht: 0","195507","3","1","0","06","16","1","0","0","1","0","0","0"
"POINT (13.537015409000048 52.485669353000048)","Unfall 195508 (2019) Kat:3, Licht: 0","195508","3","3","5","06","14","1","0","0","0","1","0","0"
"POINT (13.345999077000045 52.498830544000043)","Unfall 195509 (2019) Kat:3, Licht: 0","195509","3","3","5","06","14","1","0","0","0","1","0","1"
"POINT (13.347210415000063 52.505488972000080)","Unfall 195510 (2019) Kat:3, Licht: 0","195510","3","3","5","06","14","1","0","0","0","1","0","0"
"POINT (13.388521109000067 52.518773842000030)","Unfall 195511 (2019) Kat:3, Licht: 0","195511","3","2","5","06","14","1","0","0","0","1","0","1"
"POINT (13.537005487000044 52.485673560000066)","Unfall 195512 (2019) Kat:2, Licht: 0","195512","2","3","5","06","14","1","0","0","1","1","0","0"
"POINT (13.401068833000068 52.554650699000035)","Unfall 195513 (2019) Kat:3, Licht: 0","195513","3","6","2","06","13","1","0","0","0","1","0","0"
"POINT (13.522899533000043 52.483241756000041)","Unfall 195514 (2019) Kat:3, Licht: 0","195514","3","2","5","06","12","6","0","0","1","1","0","0"
"POINT (13.436813264000023 52.456918443000063)","Unfall 195515 (2019) Kat:3, Licht: 0","195515","3","6","2","06","13","1","0","0","0","1","0","0"
"POINT (13.382711661000030 52.468525592000049)","Unfall 195516 (2019) Kat:2, Licht: 0","195516","2","3","5","06","12","1","0","0","0","1","0","1"
"POINT (13.383913302000053 52.555753789000050)","Unfall 195517 (2019) Kat:3, Licht: 0","195517","3","2","5","06","12","6","0","0","1","0","0","0"
"POINT (13.335637932000054 52.542012343000067)","Unfall 195518 (2019) Kat:2, Licht: 2","195518","2","2","5","06","01","1","0","2","0","1","0","0"
"POINT (13.303748432000077 52.458704688000068)","Unfall 195519 (2019) Kat:2, Licht: 0","195519","2","2","5","06","17","6","0","0","1","1","0","0"
"POINT (13.500338055000043 52.561422305000065)","Unfall 195520 (2019) Kat:3, Licht: 2","195520","3","3","5","06","02","1","0","2","0","1","0","0"
"POINT (13.435114270000042 52.426997478000033)","Unfall 195521 (2019) Kat:3, Licht: 0","195521","3","6","3","06","12","6","0","0","1","0","0","0"
"POINT (13.336187177000056 52.585781683000050)","Unfall 195522 (2019) Kat:3, Licht: 0","195522","3","5","4","06","10","1","0","0","0","1","0","0"
"POINT (13.323681713000042 52.587513004000073)","Unfall 195523 (2019) Kat:2, Licht: 0","195523","2","2","5","06","07","6","0","0","1","0","0","0"
"POINT (13.345036244000028 52.539116606000050)","Unfall 195524 (2019) Kat:3, Licht: 0","195524","3","2","5","06","10","1","0","0","0","1","0","0"
"POINT (13.384108474000072 52.555839540000079)","Unfall 195525 (2019) Kat:3, Licht: 0","195525","3","3","5","06","11","1","0","0","0","1","0","0"
"POINT (13.218853560000071 52.559641764000048)","Unfall 195526 (2019) Kat:3, Licht: 0","195526","3","3","5","06","12","6","0","0","1","1","0","0"
"POINT (13.294298652000066 52.419779909000056)","Unfall 195527 (2019) Kat:2, Licht: 0","195527","2","1","2","06","12","1","0","0","0","1","0","0"
"POINT (13.324103100000059 52.496484101000078)","Unfall 195528 (2019) Kat:3, Licht: 0","195528","3","6","0","06","12","6","0","0","0","1","0","1"
"POINT (13.477195894000033 52.524154764000059)","Unfall 195529 (2019) Kat:3, Licht: 2","195529","3","1","0","06","01","1","0","2","0","0","0","1"
"POINT (13.301621226000066 52.473004823000053)","Unfall 195530 (2019) Kat:3, Licht: 0","195530","3","2","5","06","11","6","0","0","0","1","0","1"
"POINT (13.438694725000062 52.482310003000066)","Unfall 195531 (2019) Kat:3, Licht: 2","195531","3","1","0","06","00","1","0","2","1","0","0","0"
"POINT (13.426468200000045 52.420608929000082)","Unfall 195532 (2019) Kat:3, Licht: 0","195532","3","2","5","06","11","6","0","0","1","1","0","0"
"POINT (13.424195424000061 52.513595494000072)","Unfall 195533 (2019) Kat:3, Licht: 0","195533","3","3","5","06","12","7","0","0","0","1","0","0"
"POINT (13.408110892000025 52.530375770000035)","Unfall 195534 (2019) Kat:3, Licht: 0","195534","3","3","5","06","18","7","0","0","0","1","0","0"
"POINT (13.586425332000033 52.444899281000062)","Unfall 195535 (2019) Kat:3, Licht: 0","195535","3","3","5","06","12","6","0","0","0","1","0","0"
"POINT (13.476652107000064 52.560485424000035)","Unfall 195536 (2019) Kat:2, Licht: 0","195536","2","3","5","06","13","6","0","0","1","1","0","0"