WKT,Name,OBJECTID,UKATEGORIE,UTYP1,UART,UMONAT,USTUNDE,UWOCHENTAG,STRZUSTAND,ULICHTVERH,ISTRAD,ISTPKW,ISTFUSS,ISTKRAD
"POINT (13.322069761000023 52.444454767000082)","Unfall 195537 (2019) Kat:3, Licht: 0","195537","3","5","1","06","15","7","0","0","1","1","0","0"
"POINT (13.572682920000034 52.549886969000056)","Unfall 195538 (2019) Kat:2, Licht: 0","195538","2","3","5","06","18","7","0","0","1","1","0","0"
"POINT (13.569072774000063 52.444577613000035)","Unfall 195539 (2019) Kat:2, Licht: 0","195539","2","6","3","06","12","6","0","0","1","0","0","0"
"POINT (13.385548731000029 52.478202426000053)","Unfall 195540 (2019) Kat:3, Licht: 0","195540","3","2","5","06","15","7","0","0","1","0","0","0"
"POINT (13.267778936000070 52.512265906000039)","Unfall 195541 (2019) Kat:3, Licht: 0","195541","3","3","5","06","16","6","0","0","1","1","0","0"
"POINT (13.338235189000045 52.526441137000063)","Unfall 195542 (2019) Kat:3, Licht: 0","195542","3","2","5","06","14","7","0","0","0","1","0","1"
"POINT (13.377230482000073 52.556281594000041)","Unfall 195543 (2019) Kat:3, Licht: 0","195543","3","6","2","06","19","7","0","0","0","1","0","0"
"POINT (13.435330537000027 52.416744838000056)","Unfall 195544 (2019) Kat:3, Licht: 0","195544","3","3","5","06","16","6","0","0","0","1","0","1"
"POINT (13.414833872000031 52.502502331000073)","Unfall 195545 (2019) Kat:3, Licht: 0","195545","3","3","5","06","19","7","0","0","1","1","0","0"
"POINT (13.334311979000063 52.505451233000031)","Unfall 195546 (2019) Kat:3, Licht: 0","195546","3","2","5","06","13","7","0","0","1","1","0","0"
"POINT (13.484746374000053 52.621756147000042)","Unfall 195547 (2019) Kat:3, Licht: 0","195547","3","4","6","06","16","6","0","0","0","1","1","0"
"POINT (13.525072124000076 52.480517570000075)","Unfall 195548 (2019) Kat:3, Licht: 0","195548","3","6","2","06","19","7","0","0","0","1","0","0"
"POINT (13.586669316000041 52.440417573000047)","Unfall 195549 (2019) Kat:2, Licht: 0","195549","2","2","5","06","16","6","0","0","1","1","0","0"
"POINT (13.277879720000044 52.526562526000077)","Unfall 195550 (2019) Kat:2, Licht: 0","195550","2","6","4","06","16","6","0","0","1","0","0","0"
"POINT (13.344958344000077 52.486771864000048)","Unfall 195551 (2019) Kat:3, Licht: 0","195551","3","3","5","06","19","7","0","0","0","1","0","0"
"POINT (13.412163981000049 52.498521747000041)","Unfall 195552 (2019) Kat:2, Licht: 0","195552","2","7","5","06","15","6","0","0","0","1","0","0"
"POINT (13.434910642000034 52.504486474000032)","Unfall 195553 (2019) Kat:2, Licht: 0","195553","2","2","5","06","12","7","0","0","1","1","0","0"
"POINT (13.327580956000077 52.520668019000027)","Unfall 195554 (2019) Kat:3, Licht: 0","195554","3","2","5","06","16","6","0","0","1","0","0","1"
"POINT (13.251243618000046 52.450133373000028)","Unfall 195555 (2019) Kat:3, Licht: 2","195555","3","4","6","06","22","7","0","2","0","1","1","0"
"POINT (13.412628989000041 52.402595342000041)","Unfall 195556 (2019) Kat:3, Licht: 0","195556","3","5","1","06","12","7","0","0","0","1","0","0"
"POINT (13.359706186000039 52.498921541000072)","Unfall 195557 (2019) Kat:3, Licht: 0","195557","3","5","1","06","16","6","0","0","1","1","0","0"
"POINT (13.296414530000050 52.484898290000046)","Unfall 195558 (2019) Kat:3, Licht: 0","195558","3","7","2","06","09","6","0","0","0","1","0","0"
"POINT (13.200743157000034 52.538595453000028)","Unfall 195559 (2019) Kat:3, Licht: 0","195559","3","2","0","06","11","7","0","0","0","1","0","0"
"POINT (13.247495480000055 52.524575797000068)","Unfall 195560 (2019) Kat:3, Licht: 0","195560","3","2","5","06","10","7","0","0","1","1","0","0"
"POINT (13.449231559000054 52.552356449000058)","Unfall 195561 (2019) Kat:2, Licht: 0","195561","2","1","1","06","12","6","0","0","0","1","0","0"
"POINT (13.400696420000031 52.523642569000060)","Unfall 195562 (2019) Kat:2, Licht: 2","195562","2","1","0","06","23","7","0","2","1","0","0","0"
"POINT (13.397121893000076 52.500361988000066)","Unfall 195563 (2019) Kat:3, Licht: 0","195563","3","3","5","06","17","6","0","0","0","1","0","0"
"POINT (13.450001213000064 52.445547740000052)","Unfall 195564 (2019) Kat:3, Licht: 0","195564","3","7","5","06","09","7","0","0","0","1","0","0"
"POINT (13.395892274000062 52.538233229000070)","Unfall 195565 (2019) Kat:2, Licht: 0","195565","2","2","5","06","09","7","0","0","1","0","0","0"
"POINT (13.427521188000071 52.474301128000036)","Unfall 195566 (2019) Kat:3, Licht: 0","195566","3","2","6","06","15","6","0","0","0","1","1","0"
"POINT (13.298208405000025 52.491324635000069)","Unfall 195567 (2019) Kat:3, Licht: 0","195567","3","2","5","05","05","6","0","0","1","1","0","0"
"POINT (13.440585753000050 52.553755150000029)","Unfall 195568 (2019) Kat:3, Licht: 0","195568","3","3","5","05","07","6","0","0","0","1","0","1"
"POINT (13.399320324000030 52.504659905000040)","Unfall 195569 (2019) Kat:2, Licht: 2","195569","2","3","5","06","23","6","0","2","0","1","0","0"
"POINT (13.309893287000023 52.525775385000031)","Unfall 195570 (2019) Kat:3, Licht: 0","195570","3","2","5","05","09","6","0","0","1","1","0","0"
"POINT (13.544340968000029 52.566874100000064)","Unfall 195571 (2019) Kat:3, Licht: 0","195571","3","2","5","06","15","6","0","0","0","1","0","1"
"POINT (13.302100676000066 52.507950386000061)","Unfall 195572 (2019) Kat:3, Licht: 0","195572","3","2","5","05","09","6","0","0","0","1","0","0"
"POINT (13.402552803000049 52.447357476000036)","Unfall 195573 (2019) Kat:3, Licht: 0","195573","3","6","2","05","15","6","0","0","0","1","0","0"
"POINT (13.383411939000041 52.445419475000051)","Unfall 195574 (2019) Kat:3, Licht: 0","195574","3","5","1","06","11","6","0","0","1","1","0","0"
"POINT (13.442768074000071 52.551077527000075)","Unfall 195575 (2019) Kat:3, Licht: 0","195575","3","1","2","06","11","6","0","0","0","1","0","0"
"POINT (13.318709453000054 52.574159910000049)","Unfall 195576 (2019) Kat:3, Licht: 0","195576","3","3","5","05","15","6","0","0","0","1","0","0"
"POINT (13.384469175000049 52.471571692000055)","Unfall 195577 (2019) Kat:3, Licht: 0","195577","3","2","5","05","15","6","0","0","1","1","0","0"
"POINT (13.293820010000047 52.516752430000054)","Unfall 195578 (2019) Kat:3, Licht: 0","195578","3","7","0","06","18","6","0","0","1","0","0","0"
"POINT (13.565341000000046 52.397601598000051)","Unfall 195579 (2019) Kat:3, Licht: 0","195579","3","3","5","05","13","6","0","0","1","1","0","0"
"POINT (13.417052117000026 52.498817134000035)","Unfall 195580 (2019) Kat:2, Licht: 0","195580","2","4","6","06","10","6","0","0","1","0","1","0"
"POINT (13.326115526000024 52.561657551000053)","Unfall 195581 (2019) Kat:2, Licht: 0","195581","2","2","5","05","13","6","0","0","0","1","0","0"
"POINT (13.339229431000035 52.595832182000038)","Unfall 195582 (2019) Kat:3, Licht: 0","195582","3","3","5","05","16","6","0","0","0","1","0","0"
"POINT (13.282029555000065 52.533810397000082)","Unfall 195583 (2019) Kat:2, Licht: 0","195583","2","6","2","05","17","6","0","0","0","1","0","0"
"POINT (13.282470681000063 52.630389969000078)","Unfall 195584 (2019) Kat:3, Licht: 0","195584","3","5","1","06","15","6","0","0","0","1","0","0"
"POINT (13.483957777000057 52.474155731000053)","Unfall 195585 (2019) Kat:2, Licht: 0","195585","2","2","5","05","17","6","0","0","1","1","0","0"
"POINT (13.405044719000045 52.548018292000052)","Unfall 195586 (2019) Kat:3, Licht: 0","195586","3","2","5","06","10","6","0","0","0","1","0","1"
"POINT (13.416379675000030 52.491256882000073)","Unfall 195587 (2019) Kat:3, Licht: 0","195587","3","7","5","05","19","6","0","0","1","0","0","0"
"POINT (13.232481226000061 52.538399794000043)","Unfall 195588 (2019) Kat:3, Licht: 0","195588","3","5","1","06","09","6","0","0","1","1","0","0"
"POINT (13.412747158000059 52.491881732000081)","Unfall 195589 (2019) Kat:3, Licht: 0","195589","3","6","0","05","19","6","0","0","0","1","0","0"
"POINT (13.416281184000070 52.501732161000064)","Unfall 195590 (2019) Kat:3, Licht: 0","195590","3","3","5","06","09","6","0","0","1","1","0","0"
"POINT (13.327699801000051 52.564036429000055)","Unfall 195591 (2019) Kat:3, Licht: 0","195591","3","2","5","05","20","6","1","0","0","1","0","0"
"POINT (13.510649118000060 52.450334676000068)","Unfall 195592 (2019) Kat:3, Licht: 0","195592","3","3","5","06","15","6","0","0","1","1","0","0"
"POINT (13.400433341000053 52.459173336000049)","Unfall 195593 (2019) Kat:3, Licht: 2","195593","3","6","2","05","21","6","1","2","0","1","0","0"
"POINT (13.404583712000033 52.386667395000075)","Unfall 195594 (2019) Kat:3, Licht: 0","195594","3","5","1","06","15","6","0","0","1","1","0","0"
"POINT (13.407183481000061 52.486018178000052)","Unfall 195595 (2019) Kat:3, Licht: 0","195595","3","1","0","05","18","6","0","0","1","0","0","0"
"POINT (13.308288536000077 52.459765215000061)","Unfall 195596 (2019) Kat:3, Licht: 0","195596","3","2","2","05","09","6","0","0","0","1","0","0"
"POINT (13.323992781000072 52.542412015000082)","Unfall 195597 (2019) Kat:3, Licht: 0","195597","3","2","5","06","14","6","0","0","1","1","0","0"
"POINT (13.699427456000024 52.435850203000030)","Unfall 195598 (2019) Kat:3, Licht: 0","195598","3","2","5","05","10","6","0","0","1","1","0","0"
"POINT (13.302214600000070 52.518674954000062)","Unfall 195599 (2019) Kat:3, Licht: 0","195599","3","2","5","06","14","6","0","0","1","1","0","0"
"POINT (13.422135834000073 52.535441157000037)","Unfall 195600 (2019) Kat:3, Licht: 0","195600","3","6","2","05","12","6","0","0","0","1","0","0"
"POINT (13.419370060000062 52.505794189000028)","Unfall 195601 (2019) Kat:3, Licht: 0","195601","3","7","0","05","12","6","1","0","1","0","0","0"
"POINT (13.405613632000041 52.551190521000080)","Unfall 195602 (2019) Kat:2, Licht: 0","195602","2","2","5","06","14","6","0","0","1","1","0","0"
"POINT (13.358683399000029 52.553725394000082)","Unfall 195603 (2019) Kat:3, Licht: 0","195603","3","6","2","05","12","6","0","0","0","1","0","0"
"POINT (13.346920144000023 52.437066513000048)","Unfall 195604 (2019) Kat:3, Licht: 0","195604","3","5","1","06","13","6","0","0","1","1","0","0"
"POINT (13.438695807000045 52.502772060000041)","Unfall 195605 (2019) Kat:3, Licht: 0","195605","3","6","2","05","12","6","0","0","0","1","0","0"
"POINT (13.270138849000034 52.450095586000032)","Unfall 195606 (2019) Kat:3, Licht: 0","195606","3","6","2","06","14","6","0","0","0","1","0","0"
"POINT (13.419379967000054 52.505747193000047)","Unfall 195607 (2019) Kat:3, Licht: 0","195607","3","7","0","05","12","6","1","0","0","0","0","1"
"POINT (13.335677738000072 52.542085126000075)","Unfall 195608 (2019) Kat:3, Licht: 0","195608","3","6","2","06","10","6","0","0","0","1","0","0"
"POINT (13.339870078000047 52.588033177000057)","Unfall 195609 (2019) Kat:3, Licht: 2","195609","3","6","2","05","23","6","1","2","0","1","0","0"
"POINT (13.379373790000045 52.529457438000065)","Unfall 195610 (2019) Kat:3, Licht: 2","195610","3","1","0","05","21","6","1","2","0","0","0","1"
"POINT (13.334303005000038 52.524557822000077)","Unfall 195611 (2019) Kat:3, Licht: 0","195611","3","1","1","06","08","6","0","0","0","1","0","0"
"POINT (13.523508711000034 52.478949190000037)","Unfall 195612 (2019) Kat:1, Licht: 0","195612","1","4","6","06","08","6","0","0","0","0","1","0"
"POINT (13.386881173000063 52.502725817000055)","Unfall 195613 (2019) Kat:3, Licht: 0","195613","3","7","6","05","18","5","0","0","0","1","1","0"
"POINT (13.456004347000032 52.484062643000073)","Unfall 195614 (2019) Kat:3, Licht: 0","195614","3","2","0","06","16","5","1","0","1","0","0","0"
"POINT (13.412344577000056 52.394387295000058)","Unfall 195615 (2019) Kat:2, Licht: 0","195615","2","2","5","05","18","5","0","0","0","1","0","1"
"POINT (13.388138953000066 52.506573542000069)","Unfall 195616 (2019) Kat:3, Licht: 0","195616","3","6","3","06","18","5","0","0","1","1","0","0"
"POINT (13.314474850000067 52.474122390000048)","Unfall 195617 (2019) Kat:3, Licht: 0","195617","3","4","6","05","17","5","0","0","0","1","1","0"
"POINT (13.604744629000038 52.532262657000047)","Unfall 195618 (2019) Kat:2, Licht: 0","195618","2","3","5","05","17","5","0","0","1","1","0","0"
"POINT (13.290567450000026 52.581595339000046)","Unfall 195619 (2019) Kat:3, Licht: 0","195619","3","6","2","06","15","5","0","0","0","1","0","0"
"POINT (13.576951248000057 52.444348951000052)","Unfall 195620 (2019) Kat:3, Licht: 0","195620","3","2","5","06","07","5","0","0","1","1","0","0"
"POINT (13.388211044000059 52.584178693000069)","Unfall 195621 (2019) Kat:3, Licht: 0","195621","3","3","5","05","16","5","0","0","0","1","0","0"
"POINT (13.599049553000043 52.528401625000072)","Unfall 195622 (2019) Kat:2, Licht: 0","195622","2","3","5","05","16","5","0","0","1","1","0","0"
"POINT (13.550874087000068 52.429050153000048)","Unfall 195623 (2019) Kat:3, Licht: 0","195623","3","2","5","06","07","5","0","0","1","1","0","0"
"POINT (13.339258262000044 52.525849347000076)","Unfall 195624 (2019) Kat:3, Licht: 0","195624","3","2","5","05","18","5","0","0","1","1","0","0"
"POINT (13.208306727000036 52.562003189000052)","Unfall 195625 (2019) Kat:3, Licht: 0","195625","3","3","5","06","06","5","0","0","0","1","0","1"
"POINT (13.295438211000032 52.643240302000038)","Unfall 195626 (2019) Kat:3, Licht: 0","195626","3","1","0","05","16","5","0","0","1","0","0","0"
"POINT (13.565620794000040 52.570439137000051)","Unfall 195627 (2019) Kat:3, Licht: 0","195627","3","7","5","05","16","5","0","0","0","1","0","0"
"POINT (13.464372359000038 52.470210952000059)","Unfall 195628 (2019) Kat:3, Licht: 0","195628","3","2","5","06","06","5","0","0","1","0","0","1"
"POINT (13.434381843000040 52.508553287000041)","Unfall 195629 (2019) Kat:2, Licht: 2","195629","2","4","6","05","23","5","0","2","0","1","1","0"
"POINT (13.365335418000029 52.557104315000061)","Unfall 195630 (2019) Kat:3, Licht: 2","195630","3","7","5","06","21","5","1","2","1","1","0","0"
"POINT (13.434130879000065 52.466691901000047)","Unfall 195631 (2019) Kat:3, Licht: 2","195631","3","7","5","05","22","5","0","2","1","1","0","0"
"POINT (13.428330090000031 52.473065349000080)","Unfall 195632 (2019) Kat:3, Licht: 1","195632","3","6","2","06","21","5","1","1","1","1","0","0"
"POINT (13.315118235000057 52.490887191000070)","Unfall 195633 (2019) Kat:3, Licht: 1","195633","3","3","5","05","20","5","0","1","1","1","0","0"
"POINT (13.320126073000040 52.506146153000032)","Unfall 195634 (2019) Kat:3, Licht: 1","195634","3","4","6","06","21","5","1","1","0","1","1","0"
"POINT (13.492073058000074 52.558722334000038)","Unfall 195635 (2019) Kat:3, Licht: 1","195635","3","2","5","05","20","5","0","1","1","1","0","0"
"POINT (13.344926135000037 52.525127513000029)","Unfall 195636 (2019) Kat:3, Licht: 0","195636","3","5","1","05","19","5","0","0","1","1","0","0"
"POINT (13.495615889000021 52.415209705000052)","Unfall 195637 (2019) Kat:2, Licht: 0","195637","2","2","6","06","12","5","0","0","0","1","1","0"
"POINT (13.430237528000077 52.550972406000028)","Unfall 195638 (2019) Kat:3, Licht: 2","195638","3","3","5","06","23","5","1","2","0","1","0","0"
"POINT (13.561880376000033 52.493816429000049)","Unfall 195639 (2019) Kat:3, Licht: 0","195639","3","6","2","05","18","5","0","0","1","0","0","0"
"POINT (13.573690290000059 52.484962395000082)","Unfall 195640 (2019) Kat:3, Licht: 0","195640","3","3","5","05","18","5","0","0","0","1","0","0"
"POINT (13.470829608000031 52.583627042000046)","Unfall 195641 (2019) Kat:3, Licht: 0","195641","3","7","0","06","15","5","0","0","0","1","0","0"
"POINT (13.388320793000048 52.519952097000044)","Unfall 195642 (2019) Kat:3, Licht: 0","195642","3","6","3","05","15","5","0","0","1","1","0","0"
"POINT (13.433667299000035 52.482091488000037)","Unfall 195643 (2019) Kat:3, Licht: 0","195643","3","2","5","06","15","5","1","0","0","1","0","0"
"POINT (13.260292317000051 52.516527426000039)","Unfall 195644 (2019) Kat:3, Licht: 0","195644","3","3","5","05","15","5","0","0","0","1","0","0"
"POINT (13.320814527000039 52.525824433000082)","Unfall 195645 (2019) Kat:3, Licht: 0","195645","3","5","1","06","15","5","1","0","1","1","0","0"
"POINT (13.385021530000074 52.597558329000037)","Unfall 195646 (2019) Kat:3, Licht: 0","195646","3","2","2","05","14","5","0","0","0","1","0","0"
"POINT (13.361612570000034 52.415787560000069)","Unfall 195647 (2019) Kat:2, Licht: 0","195647","2","6","2","06","13","5","0","0","1","1","0","0"
"POINT (13.308214874000043 52.487918973000035)","Unfall 195648 (2019) Kat:3, Licht: 0","195648","3","6","2","05","14","5","0","0","0","1","0","0"
"POINT (13.485871324000072 52.518471922000060)","Unfall 195649 (2019) Kat:2, Licht: 0","195649","2","2","6","06","12","5","0","0","0","1","1","0"
"POINT (13.500505599000064 52.510632962000045)","Unfall 195650 (2019) Kat:3, Licht: 0","195650","3","2","6","05","13","5","0","0","0","0","1","0"
"POINT (13.436545451000029 52.523359160000041)","Unfall 195651 (2019) Kat:3, Licht: 0","195651","3","2","5","06","12","5","0","0","1","1","0","0"
"POINT (13.181901521000043 52.487197283000057)","Unfall 195652 (2019) Kat:2, Licht: 0","195652","2","5","1","05","13","5","0","0","1","1","0","0"
"POINT (13.309129246000055 52.430866796000032)","Unfall 195653 (2019) Kat:2, Licht: 0","195653","2","7","5","05","10","5","0","0","0","1","0","1"
"POINT (13.365014986000062 52.525981860000059)","Unfall 195654 (2019) Kat:3, Licht: 0","195654","3","2","5","06","12","5","0","0","0","1","0","1"
"POINT (13.187796992000074 52.527669466000077)","Unfall 195655 (2019) Kat:2, Licht: 0","195655","2","5","1","05","06","5","0","0","0","1","0","0"
"POINT (13.512369515000046 52.470772619000059)","Unfall 195656 (2019) Kat:3, Licht: 0","195656","3","6","2","06","12","5","0","0","0","1","0","0"
"POINT (13.252042415000062 52.599719741000058)","Unfall 195657 (2019) Kat:3, Licht: 0","195657","3","6","2","05","16","4","0","0","0","1","0","0"
"POINT (13.392905816000052 52.489206778000039)","Unfall 195658 (2019) Kat:2, Licht: 0","195658","2","7","5","06","11","5","0","0","1","1","0","0"
"POINT (13.326111753000077 52.538345051000078)","Unfall 195659 (2019) Kat:3, Licht: 0","195659","3","2","2","05","18","4","0","0","1","1","0","0"
"POINT (13.221975856000029 52.430791869000075)","Unfall 195660 (2019) Kat:3, Licht: 0","195660","3","2","5","06","11","5","0","0","0","1","0","1"
"POINT (13.446704548000071 52.502607536000028)","Unfall 195661 (2019) Kat:3, Licht: 0","195661","3","2","5","05","18","4","0","0","1","0","0","0"
"POINT (13.343195384000069 52.527666039000053)","Unfall 195662 (2019) Kat:3, Licht: 0","195662","3","6","3","05","16","4","0","0","0","1","0","1"
"POINT (13.564723093000055 52.544748879000053)","Unfall 195663 (2019) Kat:3, Licht: 0","195663","3","6","2","06","11","5","0","0","0","1","0","0"
"POINT (13.632779992000053 52.456645214000048)","Unfall 195664 (2019) Kat:3, Licht: 0","195664","3","2","6","06","07","5","0","0","0","1","1","0"
"POINT (13.567070807000050 52.455127247000064)","Unfall 195665 (2019) Kat:3, Licht: 2","195665","3","1","0","05","23","4","0","2","1","0","0","0"
"POINT (13.304881628000032 52.514110921000054)","Unfall 195666 (2019) Kat:3, Licht: 0","195666","3","4","6","05","17","4","0","0","0","1","1","0"
"POINT (13.453686265000044 52.512273190000030)","Unfall 195667 (2019) Kat:3, Licht: 0","195667","3","5","5","06","10","5","0","0","0","1","0","1"
"POINT (13.389905998000074 52.510296656000037)","Unfall 195668 (2019) Kat:3, Licht: 1","195668","3","2","0","05","20","4","0","1","1","0","0","0"
"POINT (13.335751335000054 52.513645698000062)","Unfall 195669 (2019) Kat:3, Licht: 0","195669","3","2","2","06","10","5","0","0","0","1","0","0"
"POINT (13.331011558000057 52.492930198000067)","Unfall 195670 (2019) Kat:3, Licht: 0","195670","3","3","5","05","18","4","0","0","1","1","0","0"
"POINT (13.481253945000049 52.460794021000027)","Unfall 195671 (2019) Kat:2, Licht: 0","195671","2","2","5","05","18","4","0","0","0","1","0","0"
"POINT (13.324516857000049 52.497940789000040)","Unfall 195672 (2019) Kat:3, Licht: 0","195672","3","2","6","06","09","5","0","0","1","0","1","0"
"POINT (13.387954807000028 52.492988903000082)","Unfall 195673 (2019) Kat:3, Licht: 2","195673","3","3","5","05","23","4","0","2","0","1","0","0"
"POINT (13.488350139000033 52.502133297000057)","Unfall 195674 (2019) Kat:3, Licht: 2","195674","3","2","5","05","22","4","0","2","0","1","0","0"
"POINT (13.507532087000072 52.564258060000043)","Unfall 195675 (2019) Kat:2, Licht: 0","195675","2","4","6","06","09","5","0","0","0","0","1","0"
"POINT (13.427548397000066 52.567941762000032)","Unfall 195676 (2019) Kat:3, Licht: 1","195676","3","2","5","05","21","4","0","1","1","1","0","0"
"POINT (13.418227604000037 52.546517679000033)","Unfall 195677 (2019) Kat:3, Licht: 0","195677","3","2","0","05","18","4","0","0","0","1","0","1"
"POINT (13.313277450000044 52.502262365000036)","Unfall 195678 (2019) Kat:3, Licht: 0","195678","3","6","2","06","19","5","1","0","1","0","0","1"
"POINT (13.366857586000037 52.552151161000040)","Unfall 195679 (2019) Kat:3, Licht: 0","195679","3","2","5","05","18","4","0","0","1","1","0","0"
"POINT (13.402982193000071 52.524416167000027)","Unfall 195680 (2019) Kat:3, Licht: 0","195680","3","1","0","06","18","5","1","0","1","0","0","0"
"POINT (13.197577575000025 52.531700741000066)","Unfall 195681 (2019) Kat:3, Licht: 0","195681","3","2","6","05","15","4","0","0","0","1","1","0"
"POINT (13.395671126000025 52.528986924000037)","Unfall 195682 (2019) Kat:3, Licht: 0","195682","3","3","0","06","18","5","1","0","1","0","0","1"
"POINT (13.576673385000049 52.493967270000041)","Unfall 195683 (2019) Kat:3, Licht: 0","195683","3","3","5","05","18","4","0","0","1","1","0","0"
"POINT (13.195288702000028 52.535531002000027)","Unfall 195684 (2019) Kat:3, Licht: 0","195684","3","2","0","06","18","5","1","0","1","1","0","0"
"POINT (13.318236861000059 52.454370710000035)","Unfall 195685 (2019) Kat:2, Licht: 0","195685","2","6","3","05","09","4","0","0","0","1","0","1"
"POINT (13.430063995000069 52.503533386000072)","Unfall 195686 (2019) Kat:3, Licht: 0","195686","3","3","5","05","11","4","0","0","1","1","0","0"
"POINT (13.390457211000069 52.507695261000038)","Unfall 195687 (2019) Kat:2, Licht: 1","195687","2","3","5","06","18","5","1","1","1","1","0","0"
"POINT (13.358360823000055 52.601410253000040)","Unfall 195688 (2019) Kat:3, Licht: 0","195688","3","2","5","06","18","5","1","0","1","1","0","0"
"POINT (13.307040239000060 52.499407343000030)","Unfall 195689 (2019) Kat:3, Licht: 0","195689","3","6","2","05","18","4","0","0","0","1","0","0"
"POINT (13.278813884000044 52.477688751000073)","Unfall 195690 (2019) Kat:3, Licht: 0","195690","3","2","5","05","11","4","0","0","0","1","0","0"
"POINT (13.251892883000039 52.448507118000066)","Unfall 195691 (2019) Kat:2, Licht: 0","195691","2","4","6","06","18","5","1","0","0","1","1","0"
"POINT (13.353935889000070 52.500133570000060)","Unfall 195692 (2019) Kat:3, Licht: 0","195692","3","7","5","05","11","4","0","0","0","1","0","0"
"POINT (13.375835299000073 52.528444146000027)","Unfall 195693 (2019) Kat:3, Licht: 0","195693","3","1","0","06","18","5","1","0","0","0","0","1"
"POINT (13.198515125000029 52.539700109000080)","Unfall 195694 (2019) Kat:3, Licht: 0","195694","3","2","5","05","11","4","0","0","0","1","0","1"
"POINT (13.418357596000021 52.499983787000076)","Unfall 195695 (2019) Kat:2, Licht: 0","195695","2","4","6","06","17","5","1","0","0","0","1","1"
"POINT (13.442272996000042 52.504157428000042)","Unfall 195696 (2019) Kat:3, Licht: 0","195696","3","5","1","05","12","4","0","0","1","1","0","0"
"POINT (13.246883884000056 52.622251733000041)","Unfall 195697 (2019) Kat:2, Licht: 0","195697","2","1","0","06","16","5","1","0","1","0","0","0"
"POINT (13.475647780000031 52.456362586000068)","Unfall 195698 (2019) Kat:3, Licht: 0","195698","3","6","2","05","17","4","0","0","1","1","0","0"
"POINT (13.260891969000056 52.516992091000077)","Unfall 195699 (2019) Kat:2, Licht: 0","195699","2","4","6","05","17","4","0","0","0","1","1","0"
"POINT (13.328062876000047 52.525861891000034)","Unfall 195700 (2019) Kat:3, Licht: 0","195700","3","4","6","06","16","5","1","0","0","1","1","0"
"POINT (13.388878723000062 52.439213955000071)","Unfall 195701 (2019) Kat:3, Licht: 0","195701","3","5","1","06","15","5","1","0","0","1","0","0"
"POINT (13.327457292000076 52.422724867000056)","Unfall 195702 (2019) Kat:3, Licht: 0","195702","3","3","5","05","17","4","0","0","0","1","0","0"
"POINT (13.300994186000025 52.515250790000039)","Unfall 195703 (2019) Kat:3, Licht: 0","195703","3","3","5","06","17","5","0","0","1","1","0","0"
"POINT (13.376979727000048 52.557325155000058)","Unfall 195704 (2019) Kat:3, Licht: 0","195704","3","6","4","06","17","5","0","0","0","0","0","1"
"POINT (13.295700622000027 52.530373313000041)","Unfall 195705 (2019) Kat:3, Licht: 0","195705","3","3","5","06","17","5","0","0","0","1","0","0"
"POINT (13.361891863000039 52.568587158000071)","Unfall 195706 (2019) Kat:3, Licht: 0","195706","3","3","5","06","17","5","0","0","1","1","0","0"
"POINT (13.421976782000058 52.505078187000038)","Unfall 195707 (2019) Kat:3, Licht: 0","195707","3","3","5","06","16","5","0","0","0","1","0","0"
"POINT (13.279012974000068 52.430941520000033)","Unfall 195708 (2019) Kat:3, Licht: 0","195708","3","2","5","06","16","5","0","0","1","1","0","0"
"POINT (13.313347530000044 52.515181118000044)","Unfall 195709 (2019) Kat:2, Licht: 0","195709","2","3","5","06","16","5","0","0","1","1","0","0"
"POINT (13.497295010000073 52.634327916000075)","Unfall 195710 (2019) Kat:3, Licht: 0","195710","3","2","5","06","16","5","0","0","1","1","0","0"
"POINT (13.380613351000022 52.532533690000037)","Unfall 195711 (2019) Kat:3, Licht: 0","195711","3","2","5","06","16","5","0","0","0","1","0","1"
"POINT (13.590720086000033 52.529439440000033)","Unfall 195712 (2019) Kat:3, Licht: 0","195712","3","6","2","06","20","5","0","0","0","1","0","1"
"POINT (13.473916649000046 52.510167263000028)","Unfall 195713 (2019) Kat:3, Licht: 0","195713","3","3","5","06","20","5","0","0","1","1","0","0"
"POINT (13.452273326000068 52.527456964000066)","Unfall 195714 (2019) Kat:3, Licht: 0","195714","3","3","5","06","19","5","0","0","1","1","0","0"
"POINT (13.486608210000043 52.502391839000040)","Unfall 195715 (2019) Kat:3, Licht: 0","195715","3","2","2","06","19","5","0","0","0","1","0","0"
"POINT (13.196977426000046 52.521036470000070)","Unfall 195716 (2019) Kat:3, Licht: 0","195716","3","5","1","06","19","5","0","0","0","1","0","0"
"POINT (13.598004771000035 52.547561930000029)","Unfall 195717 (2019) Kat:3, Licht: 0","195717","3","6","2","06","18","5","0","0","0","1","0","0"
"POINT (13.278485309000075 52.468156627000042)","Unfall 195718 (2019) Kat:3, Licht: 0","195718","3","7","0","06","18","5","0","0","1","0","0","0"
"POINT (13.343544701000042 52.532178775000034)","Unfall 195719 (2019) Kat:3, Licht: 0","195719","3","3","5","06","18","5","0","0","1","1","0","0"
"POINT (13.398774886000069 52.532588022000027)","Unfall 195720 (2019) Kat:3, Licht: 0","195720","3","1","0","06","18","5","0","0","1","0","0","0"
"POINT (13.348053387000050 52.414781041000026)","Unfall 195721 (2019) Kat:3, Licht: 0","195721","3","2","0","06","18","5","0","0","1","1","0","0"