WKT,Name,OBJECTID,UKATEGORIE,UTYP1,UART,UMONAT,USTUNDE,UWOCHENTAG,STRZUSTAND,ULICHTVERH,ISTRAD,ISTPKW,ISTFUSS,ISTKRAD
"POINT (13.523356546000059 52.462764399000037)","Unfall 195722 (2019) Kat:3, Licht: 0","195722","3","7","6","06","15","5","0","0","1","0","1","0"
"POINT (13.558490132000031 52.453958671000066)","Unfall 195723 (2019) Kat:3, Licht: 0","195723","3","6","2","06","17","5","0","0","0","1","0","1"
"POINT (13.462068987000066 52.519022567000036)","Unfall 195724 (2019) Kat:3, Licht: 0","195724","3","4","6","06","15","5","0","0","0","1","1","0"
"POINT (13.512580125000056 52.462770821000049)","Unfall 195725 (2019) Kat:3, Licht: 0","195725","3","6","2","06","15","5","0","0","0","1","0","0"
"POINT (13.410497087000067 52.498448791000044)","Unfall 195726 (2019) Kat:3, Licht: 0","195726","3","7","5","06","15","5","0","0","0","1","0","0"
"POINT (13.545215326000061 52.553599837000036)","Unfall 195727 (2019) Kat:2, Licht: 0","195727","2","2","5","06","06","5","0","0","1","1","0","0"
"POINT (13.413948729000026 52.582974976000060)","Unfall 195728 (2019) Kat:2, Licht: 0","195728","2","3","5","06","07","5","0","0","1","1","0","0"
"POINT (13.347427366000034 52.515578562000030)","Unfall 195729 (2019) Kat:3, Licht: 0","195729","3","4","6","06","14","5","0","0","0","1","1","0"
"POINT (13.475195946000042 52.501548629000069)","Unfall 195730 (2019) Kat:3, Licht: 0","195730","3","6","3","06","07","5","1","0","0","1","0","1"
"POINT (13.444048859000077 52.499979569000061)","Unfall 195731 (2019) Kat:3, Licht: 0","195731","3","6","3","06","07","5","0","0","1","0","0","0"
"POINT (13.353705042000058 52.447406980000039)","Unfall 195732 (2019) Kat:3, Licht: 0","195732","3","6","3","06","07","5","0","0","0","1","0","1"
"POINT (13.250735299000041 52.435059172000081)","Unfall 195733 (2019) Kat:2, Licht: 0","195733","2","2","5","06","07","5","1","0","0","1","0","1"
"POINT (13.368173648000038 52.550058322000041)","Unfall 195734 (2019) Kat:3, Licht: 0","195734","3","3","5","06","08","5","0","0","1","1","0","0"
"POINT (13.516140040000039 52.544992222000076)","Unfall 195735 (2019) Kat:3, Licht: 0","195735","3","4","6","06","08","5","0","0","0","1","1","0"
"POINT (13.454058769000028 52.488902638000070)","Unfall 195736 (2019) Kat:3, Licht: 0","195736","3","2","5","06","08","5","0","0","1","1","0","0"
"POINT (13.509177429000033 52.473421414000029)","Unfall 195737 (2019) Kat:3, Licht: 0","195737","3","2","5","06","09","5","0","0","1","1","0","0"
"POINT (13.394630540000037 52.515106603000049)","Unfall 195738 (2019) Kat:3, Licht: 0","195738","3","7","5","06","14","5","0","0","0","1","0","1"
"POINT (13.380438483000034 52.518088831000057)","Unfall 195739 (2019) Kat:3, Licht: 0","195739","3","3","5","06","10","5","0","0","1","1","0","0"
"POINT (13.524611353000068 52.496033624000063)","Unfall 195740 (2019) Kat:2, Licht: 0","195740","2","3","5","06","10","5","0","0","1","0","0","0"
"POINT (13.271798286000035 52.479835395000066)","Unfall 195741 (2019) Kat:3, Licht: 0","195741","3","6","2","06","12","5","0","0","1","1","0","0"
"POINT (13.467869534000044 52.551460408000082)","Unfall 195742 (2019) Kat:3, Licht: 0","195742","3","5","1","06","12","5","0","0","1","1","0","0"
"POINT (13.397805583000036 52.495389348000060)","Unfall 195743 (2019) Kat:3, Licht: 0","195743","3","3","0","06","12","5","0","0","1","0","0","0"
"POINT (13.303787926000041 52.499313669000060)","Unfall 195744 (2019) Kat:2, Licht: 0","195744","2","1","0","06","08","5","0","0","1","0","0","0"
"POINT (13.228675241000076 52.504253034000044)","Unfall 195745 (2019) Kat:3, Licht: 0","195745","3","3","5","06","16","5","0","0","1","0","0","0"
"POINT (13.289200035000022 52.435209112000052)","Unfall 195746 (2019) Kat:3, Licht: 0","195746","3","7","6","06","15","4","0","0","0","0","1","1"
"POINT (13.390229611000052 52.535537913000041)","Unfall 195747 (2019) Kat:3, Licht: 0","195747","3","4","6","06","11","4","0","0","1","0","1","0"
"POINT (13.382580820000044 52.530449237000028)","Unfall 195748 (2019) Kat:3, Licht: 0","195748","3","1","0","06","19","4","1","0","0","0","0","1"
"POINT (13.473138599000038 52.464563352000027)","Unfall 195749 (2019) Kat:3, Licht: 1","195749","3","1","0","06","19","4","1","1","1","0","0","0"
"POINT (13.506320949000042 52.636244383000076)","Unfall 195750 (2019) Kat:2, Licht: 0","195750","2","6","4","06","11","4","0","0","0","1","0","0"
"POINT (13.376704228000051 52.489216141000043)","Unfall 195751 (2019) Kat:3, Licht: 0","195751","3","1","0","06","08","4","1","0","0","0","0","1"
"POINT (13.391484339000044 52.555485257000043)","Unfall 195752 (2019) Kat:3, Licht: 2","195752","3","2","0","06","23","4","1","2","1","1","0","0"
"POINT (13.373304015000031 52.538035428000057)","Unfall 195753 (2019) Kat:3, Licht: 2","195753","3","3","0","06","22","4","1","2","0","1","0","1"
"POINT (13.341139140000053 52.600090201000057)","Unfall 195754 (2019) Kat:3, Licht: 2","195754","3","3","5","06","22","4","1","2","0","1","0","0"
"POINT (13.338655666000022 52.449020865000080)","Unfall 195755 (2019) Kat:3, Licht: 0","195755","3","2","5","06","15","4","0","0","0","1","0","1"
"POINT (13.591893879000054 52.545672007000064)","Unfall 195756 (2019) Kat:2, Licht: 0","195756","2","4","6","06","15","4","0","0","0","1","1","0"
"POINT (13.394163686000070 52.456690600000059)","Unfall 195757 (2019) Kat:3, Licht: 0","195757","3","7","0","06","15","4","0","0","0","1","0","0"
"POINT (13.378974664000054 52.507034425000029)","Unfall 195758 (2019) Kat:3, Licht: 0","195758","3","4","6","06","16","4","0","0","1","0","1","0"
"POINT (13.577182760000028 52.455770948000065)","Unfall 195759 (2019) Kat:3, Licht: 0","195759","3","2","5","06","18","4","1","0","1","1","0","0"
"POINT (13.564124074000063 52.438206150000042)","Unfall 195760 (2019) Kat:3, Licht: 0","195760","3","4","6","06","18","4","1","0","0","1","1","0"
"POINT (13.301930424000034 52.521292276000054)","Unfall 195761 (2019) Kat:3, Licht: 0","195761","3","3","5","06","18","4","1","0","1","1","0","0"
"POINT (13.491617640000072 52.511449184000071)","Unfall 195762 (2019) Kat:3, Licht: 0","195762","3","7","0","06","19","4","1","0","0","1","0","0"
"POINT (13.450684226000021 52.480057758000044)","Unfall 195763 (2019) Kat:3, Licht: 0","195763","3","2","5","06","18","4","0","0","0","0","0","1"
"POINT (13.154675018000034 52.553266814000040)","Unfall 195764 (2019) Kat:3, Licht: 0","195764","3","4","6","06","17","4","0","0","1","0","1","0"
"POINT (13.456457815000022 52.530161621000047)","Unfall 195765 (2019) Kat:3, Licht: 0","195765","3","4","6","06","16","4","0","0","1","0","1","0"
"POINT (13.427562945000034 52.567941726000072)","Unfall 195766 (2019) Kat:3, Licht: 0","195766","3","3","5","06","16","4","0","0","0","1","0","0"
"POINT (13.424221408000051 52.486686255000052)","Unfall 195767 (2019) Kat:3, Licht: 2","195767","3","6","2","06","22","4","1","2","0","1","0","0"
"POINT (13.452706365000040 52.551872135000053)","Unfall 195768 (2019) Kat:3, Licht: 1","195768","3","3","5","06","20","4","1","1","1","1","0","0"
"POINT (13.178088566000042 52.525466617000063)","Unfall 195769 (2019) Kat:3, Licht: 0","195769","3","6","2","06","16","4","0","0","0","1","0","0"
"POINT (13.380762525000023 52.513704748000066)","Unfall 195770 (2019) Kat:3, Licht: 0","195770","3","5","1","06","20","4","1","0","1","1","0","0"
"POINT (13.395413181000038 52.539150905000042)","Unfall 195771 (2019) Kat:2, Licht: 0","195771","2","7","5","06","19","4","1","0","0","1","0","0"
"POINT (13.458338975000061 52.431197515000065)","Unfall 195772 (2019) Kat:3, Licht: 1","195772","3","1","0","06","18","4","1","1","1","0","0","0"
"POINT (13.403232375000073 52.524835005000057)","Unfall 195773 (2019) Kat:3, Licht: 0","195773","3","5","1","06","10","4","0","0","1","1","0","0"
"POINT (13.307271865000075 52.433269229000075)","Unfall 195774 (2019) Kat:3, Licht: 0","195774","3","2","5","06","13","4","0","0","1","1","0","0"
"POINT (13.209732558000042 52.547811963000072)","Unfall 195775 (2019) Kat:3, Licht: 0","195775","3","2","5","06","14","4","0","0","1","1","0","0"
"POINT (13.207464572000049 52.431828173000042)","Unfall 195776 (2019) Kat:3, Licht: 0","195776","3","3","5","06","14","4","0","0","0","1","0","0"
"POINT (13.413694852000049 52.500431681000066)","Unfall 195777 (2019) Kat:3, Licht: 0","195777","3","6","2","06","12","4","0","0","1","1","0","0"
"POINT (13.447395016000030 52.498127870000076)","Unfall 195778 (2019) Kat:3, Licht: 0","195778","3","2","5","06","13","4","0","0","0","1","0","1"
"POINT (13.351048238000033 52.529800208000040)","Unfall 195779 (2019) Kat:3, Licht: 0","195779","3","3","5","06","13","4","0","0","1","1","0","0"
"POINT (13.281474890000027 52.511458400000038)","Unfall 195780 (2019) Kat:3, Licht: 0","195780","3","3","5","06","13","4","0","0","1","1","0","0"
"POINT (13.348058772000059 52.423905242000046)","Unfall 195781 (2019) Kat:3, Licht: 0","195781","3","2","5","06","15","4","0","0","1","1","0","0"
"POINT (13.330984680000029 52.494026064000082)","Unfall 195782 (2019) Kat:3, Licht: 0","195782","3","6","2","06","15","4","0","0","0","1","0","0"
"POINT (13.292928310000036 52.509316317000071)","Unfall 195783 (2019) Kat:2, Licht: 0","195783","2","3","5","06","12","4","0","0","1","1","0","0"
"POINT (13.337496438000073 52.416740354000069)","Unfall 195784 (2019) Kat:3, Licht: 0","195784","3","6","2","06","13","4","0","0","0","1","0","0"
"POINT (13.477613298000051 52.555738911000049)","Unfall 195785 (2019) Kat:3, Licht: 0","195785","3","7","5","06","10","4","0","0","0","1","0","0"
"POINT (13.380659927000067 52.552675718000046)","Unfall 195786 (2019) Kat:3, Licht: 0","195786","3","6","3","06","19","4","1","0","0","1","0","0"
"POINT (13.410608905000061 52.490819487000067)","Unfall 195787 (2019) Kat:3, Licht: 0","195787","3","5","0","06","19","4","1","0","1","1","0","0"
"POINT (13.479487510000070 52.526886348000062)","Unfall 195788 (2019) Kat:3, Licht: 1","195788","3","7","0","06","04","4","1","1","0","0","0","1"
"POINT (13.320030416000066 52.474341733000074)","Unfall 195789 (2019) Kat:3, Licht: 0","195789","3","3","0","06","05","4","1","0","0","1","0","1"
"POINT (13.391644007000025 52.512223910000046)","Unfall 195790 (2019) Kat:3, Licht: 0","195790","3","3","5","06","06","4","1","0","0","1","0","0"
"POINT (13.520538879000071 52.465416687000072)","Unfall 195791 (2019) Kat:3, Licht: 0","195791","3","3","5","06","06","4","0","0","0","1","0","0"
"POINT (13.519465788000048 52.535379216000081)","Unfall 195792 (2019) Kat:3, Licht: 0","195792","3","3","5","06","10","4","0","0","1","1","0","0"
"POINT (13.327575151000076 52.520660783000039)","Unfall 195793 (2019) Kat:3, Licht: 0","195793","3","7","2","06","06","4","1","0","0","0","0","1"
"POINT (13.307972094000036 52.488466539000058)","Unfall 195794 (2019) Kat:3, Licht: 0","195794","3","7","5","06","07","4","0","0","0","1","0","0"
"POINT (13.481814963000033 52.526785009000037)","Unfall 195795 (2019) Kat:3, Licht: 0","195795","3","2","5","06","07","4","0","0","1","1","0","0"
"POINT (13.161603892000073 52.523544463000064)","Unfall 195796 (2019) Kat:3, Licht: 0","195796","3","2","5","06","08","4","1","0","1","1","0","0"
"POINT (13.392468015000077 52.496028348000038)","Unfall 195797 (2019) Kat:3, Licht: 0","195797","3","6","3","06","09","4","0","0","1","0","0","0"
"POINT (13.409753846000058 52.524016791000065)","Unfall 195798 (2019) Kat:3, Licht: 0","195798","3","2","5","06","09","4","0","0","1","1","0","0"
"POINT (13.580467827000064 52.443401236000057)","Unfall 195799 (2019) Kat:3, Licht: 0","195799","3","6","2","06","09","4","0","0","0","1","0","0"
"POINT (13.421499566000023 52.498160720000044)","Unfall 195800 (2019) Kat:3, Licht: 0","195800","3","2","5","06","09","4","0","0","0","1","0","1"
"POINT (13.293829792000054 52.445587903000046)","Unfall 195801 (2019) Kat:3, Licht: 0","195801","3","3","5","06","08","4","0","0","1","1","0","0"
"POINT (13.306098343000031 52.526488456000038)","Unfall 195802 (2019) Kat:3, Licht: 0","195802","3","4","6","06","09","4","0","0","0","1","1","0"
"POINT (13.467341793000060 52.522990089000075)","Unfall 195803 (2019) Kat:3, Licht: 0","195803","3","5","1","06","08","4","0","0","0","1","0","0"
"POINT (13.431218795000063 52.550936685000067)","Unfall 195804 (2019) Kat:3, Licht: 0","195804","3","6","2","06","09","4","0","0","1","0","0","0"
"POINT (13.376001352000060 52.454973717000030)","Unfall 195805 (2019) Kat:3, Licht: 0","195805","3","4","6","06","08","4","0","0","1","0","1","0"
"POINT (13.341337341000042 52.599986612000066)","Unfall 195806 (2019) Kat:3, Licht: 0","195806","3","3","5","06","08","4","0","0","0","1","0","0"
"POINT (13.307910742000047 52.500012183000081)","Unfall 195807 (2019) Kat:3, Licht: 0","195807","3","1","0","06","08","4","0","0","0","0","0","1"
"POINT (13.382159618000060 52.591126989000031)","Unfall 195808 (2019) Kat:3, Licht: 0","195808","3","6","2","06","15","3","0","0","0","1","0","0"
"POINT (13.379375472000049 52.552855185000055)","Unfall 195809 (2019) Kat:3, Licht: 0","195809","3","6","2","06","18","3","0","0","1","1","0","0"
"POINT (13.390084110000032 52.553344110000069)","Unfall 195810 (2019) Kat:3, Licht: 0","195810","3","7","6","06","14","3","0","0","1","0","1","0"
"POINT (13.440244894000045 52.489506822000067)","Unfall 195811 (2019) Kat:3, Licht: 0","195811","3","6","2","06","14","3","0","0","0","1","0","0"
"POINT (13.375924483000063 52.519567608000045)","Unfall 195812 (2019) Kat:3, Licht: 0","195812","3","7","6","06","12","3","0","0","1","0","1","0"
"POINT (13.174681374000045 52.520211341000049)","Unfall 195813 (2019) Kat:3, Licht: 0","195813","3","3","5","06","19","3","0","0","0","1","0","0"
"POINT (13.390329207000036 52.507860447000041)","Unfall 195814 (2019) Kat:3, Licht: 0","195814","3","6","2","06","18","3","0","0","1","1","0","0"
"POINT (13.414048111000056 52.553625188000069)","Unfall 195815 (2019) Kat:3, Licht: 0","195815","3","6","2","06","17","3","0","0","0","0","0","1"
"POINT (13.351004381000052 52.541058962000079)","Unfall 195816 (2019) Kat:3, Licht: 0","195816","3","7","0","06","18","3","0","0","0","1","0","0"
"POINT (13.211915745000056 52.527361301000042)","Unfall 195817 (2019) Kat:3, Licht: 0","195817","3","6","2","06","18","3","0","0","0","1","0","0"
"POINT (13.446602330000076 52.511329545000081)","Unfall 195818 (2019) Kat:3, Licht: 0","195818","3","3","5","06","18","3","0","0","0","1","0","0"
"POINT (13.315054643000053 52.501057005000064)","Unfall 195819 (2019) Kat:3, Licht: 0","195819","3","2","6","06","18","3","0","0","0","1","1","0"
"POINT (13.520051727000066 52.504791553000075)","Unfall 195820 (2019) Kat:2, Licht: 0","195820","2","3","5","06","17","3","0","0","1","0","0","0"
"POINT (13.409515907000070 52.547353901000065)","Unfall 195821 (2019) Kat:3, Licht: 0","195821","3","4","6","06","17","3","0","0","1","0","1","0"
"POINT (13.359096089000047 52.509863092000046)","Unfall 195822 (2019) Kat:3, Licht: 0","195822","3","2","5","06","17","3","0","0","1","1","0","0"
"POINT (13.375633511000046 52.540330337000057)","Unfall 195823 (2019) Kat:3, Licht: 0","195823","3","6","2","06","17","3","0","0","0","1","0","0"
"POINT (13.527024324000024 52.487330614000030)","Unfall 195824 (2019) Kat:3, Licht: 0","195824","3","7","6","06","16","3","0","0","1","0","1","0"
"POINT (13.580153425000049 52.455530591000070)","Unfall 195825 (2019) Kat:3, Licht: 0","195825","3","2","5","06","15","3","0","0","0","1","0","1"
"POINT (13.424263598000039 52.485235781000029)","Unfall 195826 (2019) Kat:3, Licht: 0","195826","3","7","2","06","15","3","0","0","0","1","0","1"
"POINT (13.359650737000038 52.419038002000036)","Unfall 195827 (2019) Kat:2, Licht: 0","195827","2","1","8","06","10","2","0","0","0","1","0","0"
"POINT (13.331031476000021 52.494971098000065)","Unfall 195828 (2019) Kat:3, Licht: 0","195828","3","6","2","06","15","3","0","0","0","1","0","0"
"POINT (13.497878860000071 52.500919712000041)","Unfall 195829 (2019) Kat:3, Licht: 0","195829","3","7","0","06","08","2","1","0","0","0","0","1"
"POINT (13.326241233000076 52.564551679000033)","Unfall 195830 (2019) Kat:3, Licht: 0","195830","3","5","1","06","14","3","0","0","1","1","0","0"
"POINT (13.418484636000073 52.568961311000066)","Unfall 195831 (2019) Kat:3, Licht: 0","195831","3","1","0","06","10","2","0","0","1","0","0","0"
"POINT (13.481257319000065 52.460796816000027)","Unfall 195832 (2019) Kat:3, Licht: 0","195832","3","2","5","06","14","3","0","0","0","1","0","0"
"POINT (13.395005618000027 52.496333394000033)","Unfall 195833 (2019) Kat:3, Licht: 0","195833","3","2","5","06","19","2","0","0","1","1","0","0"
"POINT (13.145046868000065 52.534833678000041)","Unfall 195834 (2019) Kat:3, Licht: 0","195834","3","7","2","06","19","2","0","0","0","0","0","1"
"POINT (13.236988186000076 52.542158668000070)","Unfall 195835 (2019) Kat:3, Licht: 0","195835","3","5","1","06","14","3","0","0","1","1","0","0"
"POINT (13.334629997000036 52.603605014000038)","Unfall 195836 (2019) Kat:3, Licht: 0","195836","3","6","3","06","13","3","0","0","0","1","0","1"
"POINT (13.369801146000043 52.552949502000047)","Unfall 195837 (2019) Kat:3, Licht: 0","195837","3","2","5","06","19","2","0","0","1","1","0","0"
"POINT (13.427772306000065 52.517994241000054)","Unfall 195838 (2019) Kat:2, Licht: 1","195838","2","1","9","06","21","2","0","1","0","0","0","1"
"POINT (13.503678960000059 52.575731465000047)","Unfall 195839 (2019) Kat:3, Licht: 0","195839","3","1","8","06","17","3","0","0","0","1","0","0"
"POINT (13.407973127000048 52.541802602000075)","Unfall 195840 (2019) Kat:2, Licht: 0","195840","2","1","0","06","18","2","0","0","0","0","0","1"
"POINT (13.340870875000064 52.505268784000066)","Unfall 195841 (2019) Kat:3, Licht: 0","195841","3","6","3","06","09","3","0","0","1","0","0","0"
"POINT (13.613152305000028 52.505507125000065)","Unfall 195842 (2019) Kat:3, Licht: 0","195842","3","3","5","06","18","2","0","0","0","1","0","0"
"POINT (13.280852585000048 52.429564132000053)","Unfall 195843 (2019) Kat:3, Licht: 0","195843","3","3","5","06","18","2","0","0","1","1","0","0"
"POINT (13.448980320000032 52.524310200000059)","Unfall 195844 (2019) Kat:3, Licht: 0","195844","3","3","5","06","17","2","0","0","0","1","0","0"
"POINT (13.343191572000023 52.527288363000082)","Unfall 195845 (2019) Kat:3, Licht: 0","195845","3","6","2","06","10","3","0","0","1","1","0","0"
"POINT (13.326602662000028 52.537096951000080)","Unfall 195846 (2019) Kat:3, Licht: 0","195846","3","7","5","06","17","2","0","0","0","1","0","1"
"POINT (13.308842512000069 52.478321037000057)","Unfall 195847 (2019) Kat:3, Licht: 0","195847","3","6","0","06","10","3","0","0","0","1","0","0"
"POINT (13.389747094000029 52.495910341000069)","Unfall 195848 (2019) Kat:3, Licht: 0","195848","3","2","5","06","18","2","0","0","1","1","0","0"
"POINT (13.538835404000054 52.434322281000050)","Unfall 195849 (2019) Kat:3, Licht: 0","195849","3","2","2","06","16","2","0","0","0","1","0","0"
"POINT (13.388765006000028 52.517407399000035)","Unfall 195850 (2019) Kat:3, Licht: 0","195850","3","1","8","06","10","3","0","0","1","1","0","0"
"POINT (13.359225990000027 52.574250241000072)","Unfall 195851 (2019) Kat:3, Licht: 0","195851","3","2","5","06","16","2","0","0","1","0","0","0"
"POINT (13.419469209000056 52.394772936000038)","Unfall 195852 (2019) Kat:3, Licht: 0","195852","3","1","8","06","17","2","0","0","0","1","0","0"
"POINT (13.593150269000034 52.453403636000075)","Unfall 195853 (2019) Kat:3, Licht: 0","195853","3","2","0","06","11","3","0","0","1","0","0","0"
"POINT (13.133331376000058 52.528640127000074)","Unfall 195854 (2019) Kat:2, Licht: 0","195854","2","4","6","06","07","2","0","0","0","1","1","0"
"POINT (13.168757741000036 52.541419655000027)","Unfall 195855 (2019) Kat:3, Licht: 0","195855","3","3","5","06","13","3","0","0","0","1","0","0"
"POINT (13.339714275000063 52.588107794000052)","Unfall 195856 (2019) Kat:3, Licht: 0","195856","3","2","0","06","07","2","0","0","1","0","0","0"
"POINT (13.390052059000027 52.509471707000046)","Unfall 195857 (2019) Kat:2, Licht: 0","195857","2","3","5","06","07","2","0","0","0","1","0","1"
"POINT (13.355938560000027 52.486112261000073)","Unfall 195858 (2019) Kat:3, Licht: 0","195858","3","7","0","06","11","3","1","0","0","0","0","1"
"POINT (13.335442304000026 52.422717320000061)","Unfall 195859 (2019) Kat:2, Licht: 0","195859","2","2","2","06","12","3","0","0","0","1","0","1"
"POINT (13.565518260000033 52.534294582000030)","Unfall 195860 (2019) Kat:3, Licht: 0","195860","3","2","5","06","07","2","0","0","0","1","0","1"
"POINT (13.484581552000066 52.648446697000054)","Unfall 195861 (2019) Kat:3, Licht: 0","195861","3","6","2","06","07","2","0","0","0","1","0","0"
"POINT (13.514968136000050 52.567329597000082)","Unfall 195862 (2019) Kat:2, Licht: 0","195862","2","7","2","06","10","3","0","0","0","1","0","0"
"POINT (13.324423448000061 52.460473650000040)","Unfall 195863 (2019) Kat:3, Licht: 0","195863","3","3","5","06","06","2","0","0","1","1","0","0"
"POINT (13.551983682000071 52.428316799000072)","Unfall 195864 (2019) Kat:2, Licht: 0","195864","2","2","5","06","09","3","0","0","1","1","0","0"
"POINT (13.361524154000051 52.596967785000061)","Unfall 195865 (2019) Kat:3, Licht: 0","195865","3","3","5","06","05","2","0","0","0","1","0","0"
"POINT (13.374596129000054 52.584319942000036)","Unfall 195866 (2019) Kat:3, Licht: 0","195866","3","1","9","06","09","3","0","0","0","1","0","0"
"POINT (13.457575491000057 52.509561362000056)","Unfall 195867 (2019) Kat:3, Licht: 2","195867","3","1","0","06","03","2","0","2","1","0","0","0"
"POINT (13.327021342000023 52.563320577000070)","Unfall 195868 (2019) Kat:3, Licht: 1","195868","3","4","0","06","19","3","0","1","0","0","1","0"
"POINT (13.448935303000042 52.485041326000044)","Unfall 195869 (2019) Kat:3, Licht: 0","195869","3","3","5","06","10","2","0","0","0","1","0","0"
"POINT (13.297217673000034 52.526380039000060)","Unfall 195870 (2019) Kat:3, Licht: 0","195870","3","6","2","06","10","2","0","0","0","1","0","0"
"POINT (13.285056689000044 52.494948755000053)","Unfall 195871 (2019) Kat:3, Licht: 2","195871","3","6","2","06","22","3","1","2","0","1","0","0"
"POINT (13.438280570000074 52.494343199000070)","Unfall 195872 (2019) Kat:3, Licht: 0","195872","3","5","1","06","08","3","0","0","1","1","0","0"
"POINT (13.591930448000028 52.414194516000066)","Unfall 195873 (2019) Kat:3, Licht: 0","195873","3","3","5","06","10","2","0","0","1","1","0","0"
"POINT (13.377265429000033 52.561669711000036)","Unfall 195874 (2019) Kat:3, Licht: 0","195874","3","5","1","06","09","3","0","0","1","1","0","0"
"POINT (13.467984223000030 52.528309188000037)","Unfall 195875 (2019) Kat:3, Licht: 0","195875","3","5","1","06","09","2","0","0","0","1","0","0"
"POINT (13.428020226000058 52.459355062000043)","Unfall 195876 (2019) Kat:3, Licht: 0","195876","3","3","5","06","09","3","0","0","0","1","0","1"
"POINT (13.317507794000051 52.430831761000036)","Unfall 195877 (2019) Kat:3, Licht: 0","195877","3","7","5","06","09","2","0","0","0","1","0","0"
"POINT (13.354761747000055 52.509685439000066)","Unfall 195878 (2019) Kat:2, Licht: 0","195878","2","6","3","06","08","3","0","0","1","0","0","0"
"POINT (13.508790890000057 52.463636354000073)","Unfall 195879 (2019) Kat:2, Licht: 0","195879","2","2","5","06","09","2","0","0","0","1","0","0"
"POINT (13.443228608000027 52.565384170000073)","Unfall 195880 (2019) Kat:3, Licht: 0","195880","3","6","2","06","06","3","0","0","0","1","0","0"
"POINT (13.272272524000073 52.453506942000047)","Unfall 195881 (2019) Kat:3, Licht: 0","195881","3","3","5","06","08","2","0","0","0","1","0","1"
"POINT (13.364310709000051 52.493927953000082)","Unfall 195882 (2019) Kat:3, Licht: 0","195882","3","2","5","06","09","2","0","0","1","0","0","0"
"POINT (13.247914987000058 52.548804497000049)","Unfall 195883 (2019) Kat:3, Licht: 1","195883","3","2","2","06","04","3","1","1","0","1","0","0"
"POINT (13.507699762000072 52.503141469000070)","Unfall 195884 (2019) Kat:3, Licht: 0","195884","3","3","5","06","08","2","1","0","1","1","0","0"
"POINT (13.420751908000057 52.503359597000042)","Unfall 195885 (2019) Kat:3, Licht: 0","195885","3","1","0","06","08","3","0","0","0","0","0","1"
"POINT (13.330010527000070 52.569230362000042)","Unfall 195886 (2019) Kat:3, Licht: 0","195886","3","2","0","06","16","2","0","0","0","1","0","0"
"POINT (13.484530108000058 52.518941649000055)","Unfall 195887 (2019) Kat:3, Licht: 0","195887","3","7","5","06","16","2","0","0","0","0","0","1"
"POINT (13.371057118000067 52.453935929000068)","Unfall 195888 (2019) Kat:3, Licht: 0","195888","3","7","0","06","08","3","0","0","1","0","0","0"
"POINT (13.418220909000070 52.517383449000079)","Unfall 195889 (2019) Kat:3, Licht: 0","195889","3","2","5","06","11","2","0","0","1","0","0","0"
"POINT (13.289569704000030 52.470179986000062)","Unfall 195890 (2019) Kat:3, Licht: 0","195890","3","6","2","06","15","2","0","0","0","1","0","0"
"POINT (13.328299764000064 52.534863797000071)","Unfall 195891 (2019) Kat:2, Licht: 0","195891","2","3","5","06","11","2","0","0","1","1","0","0"
"POINT (13.349947389000022 52.549583625000082)","Unfall 195892 (2019) Kat:3, Licht: 0","195892","3","5","0","06","17","2","0","0","0","1","0","0"
"POINT (13.406656081000051 52.498437417000048)","Unfall 195893 (2019) Kat:3, Licht: 0","195893","3","2","5","06","11","2","0","0","0","1","0","0"
"POINT (13.400910364000026 52.414532455000028)","Unfall 195894 (2019) Kat:2, Licht: 0","195894","2","2","5","06","16","2","0","0","0","1","0","0"
"POINT (13.272173839000061 52.453614632000040)","Unfall 195895 (2019) Kat:3, Licht: 0","195895","3","2","5","06","11","2","0","0","1","1","0","0"
"POINT (13.428954624000028 52.572038036000038)","Unfall 195896 (2019) Kat:3, Licht: 0","195896","3","2","2","06","12","2","0","0","0","1","0","0"
"POINT (13.448053469000058 52.478068433000033)","Unfall 195897 (2019) Kat:3, Licht: 0","195897","3","2","5","06","16","2","0","0","1","1","0","0"
"POINT (13.606227890000071 52.534414747000028)","Unfall 195898 (2019) Kat:3, Licht: 0","195898","3","6","4","06","16","2","0","0","1","0","0","0"
"POINT (13.159531316000027 52.462136700000030)","Unfall 195899 (2019) Kat:3, Licht: 0","195899","3","7","6","06","16","2","0","0","0","1","1","0"
"POINT (13.431504868000047 52.466379711000059)","Unfall 195900 (2019) Kat:3, Licht: 0","195900","3","6","2","06","14","2","0","0","0","1","0","0"
"POINT (13.411069272000077 52.456767359000082)","Unfall 195901 (2019) Kat:2, Licht: 0","195901","2","3","5","06","13","2","0","0","1","0","0","0"
"POINT (13.320267278000074 52.476682993000054)","Unfall 195902 (2019) Kat:3, Licht: 0","195902","3","3","5","06","13","2","0","0","0","1","0","0"
"POINT (13.447377970000048 52.538179547000027)","Unfall 195903 (2019) Kat:3, Licht: 0","195903","3","5","1","06","14","2","0","0","1","1","0","0"
"POINT (13.427125659000069 52.552229568000030)","Unfall 195904 (2019) Kat:2, Licht: 0","195904","2","7","0","06","14","2","1","0","0","0","0","1"
"POINT (13.297349068000074 52.510956533000069)","Unfall 195905 (2019) Kat:3, Licht: 0","195905","3","3","5","06","16","2","0","0","0","1","0","0"
"POINT (13.478208251000069 52.536070339000048)","Unfall 195906 (2019) Kat:3, Licht: 0","195906","3","3","5","06","14","2","0","0","1","1","0","0"
"POINT (13.415771126000038 52.490462586000035)","Unfall 195907 (2019) Kat:3, Licht: 0","195907","3","2","5","06","17","2","0","0","0","1","0","1"