WKT,Name,OBJECTID,UKATEGORIE,UTYP1,UART,UMONAT,USTUNDE,UWOCHENTAG,STRZUSTAND,ULICHTVERH,ISTRAD,ISTPKW,ISTFUSS,ISTKRAD
"POINT (13.248027741000044 52.467414693000080)","Unfall 196094 (2019) Kat:3, Licht: 0","196094","3","6","2","06","18","1","0","0","0","1","0","0"
"POINT (13.198857942000075 52.532740568000065)","Unfall 196095 (2019) Kat:2, Licht: 1","196095","2","1","8","06","21","1","0","1","0","1","0","0"
"POINT (13.405665643000077 52.534587417000068)","Unfall 196096 (2019) Kat:3, Licht: 0","196096","3","1","0","06","18","1","0","0","0","0","0","1"
"POINT (13.527550563000034 52.490187917000071)","Unfall 196097 (2019) Kat:3, Licht: 0","196097","3","7","0","06","20","7","0","0","1","0","0","0"
"POINT (13.643164105000039 52.529333175000033)","Unfall 196098 (2019) Kat:3, Licht: 0","196098","3","1","0","06","15","7","0","0","0","0","0","1"
"POINT (13.215162976000045 52.438841383000067)","Unfall 196099 (2019) Kat:3, Licht: 0","196099","3","7","1","06","12","7","0","0","0","1","0","0"
"POINT (13.273265113000036 52.513142371000072)","Unfall 196100 (2019) Kat:3, Licht: 0","196100","3","2","2","06","19","7","0","0","0","1","0","0"
"POINT (13.471047605000024 52.466056647000073)","Unfall 196101 (2019) Kat:3, Licht: 0","196101","3","2","5","06","15","7","0","0","0","1","0","0"
"POINT (13.387258752000037 52.504282971000066)","Unfall 196102 (2019) Kat:3, Licht: 0","196102","3","3","5","06","15","7","0","0","0","1","0","0"
"POINT (13.427405235000037 52.452250340000035)","Unfall 196103 (2019) Kat:3, Licht: 0","196103","3","3","5","06","15","7","0","0","0","1","0","1"
"POINT (13.400099409000063 52.445025055000031)","Unfall 196104 (2019) Kat:3, Licht: 0","196104","3","2","5","06","16","7","0","0","0","1","0","1"
"POINT (13.473550928000066 52.503107018000037)","Unfall 196105 (2019) Kat:3, Licht: 0","196105","3","6","3","06","16","7","0","0","1","1","0","0"
"POINT (13.427735980000023 52.560585429000071)","Unfall 196106 (2019) Kat:3, Licht: 0","196106","3","3","5","06","17","7","0","0","1","1","0","0"
"POINT (13.435458293000067 52.447850098000060)","Unfall 196107 (2019) Kat:3, Licht: 0","196107","3","6","2","06","17","7","0","0","0","1","0","0"
"POINT (13.343689356000027 52.501475040000059)","Unfall 196108 (2019) Kat:3, Licht: 0","196108","3","3","5","06","19","7","0","0","1","1","0","0"
"POINT (13.327822930000025 52.503132841000081)","Unfall 196109 (2019) Kat:3, Licht: 0","196109","3","6","2","06","20","7","0","0","0","1","0","0"
"POINT (13.479592397000033 52.522965488000068)","Unfall 196110 (2019) Kat:3, Licht: 0","196110","3","3","5","06","20","7","0","0","1","0","0","0"
"POINT (13.471675370000071 52.504780495000034)","Unfall 196111 (2019) Kat:3, Licht: 1","196111","3","1","0","06","21","7","0","1","1","1","0","0"
"POINT (13.417316056000061 52.499011542000062)","Unfall 196112 (2019) Kat:3, Licht: 1","196112","3","6","2","06","21","7","0","1","0","1","0","1"
"POINT (13.395466140000053 52.524334972000077)","Unfall 196113 (2019) Kat:3, Licht: 0","196113","3","3","5","06","14","7","0","0","1","1","0","0"
"POINT (13.257963311000026 52.567784366000069)","Unfall 196114 (2019) Kat:3, Licht: 0","196114","3","1","1","06","12","7","0","0","0","1","0","0"
"POINT (13.551125789000025 52.516100225000059)","Unfall 196115 (2019) Kat:3, Licht: 0","196115","3","3","5","06","11","7","0","0","0","1","0","0"
"POINT (13.301106228000037 52.498808147000034)","Unfall 196116 (2019) Kat:3, Licht: 0","196116","3","5","0","06","11","7","0","0","0","1","0","0"
"POINT (13.240106379000053 52.424500169000055)","Unfall 196117 (2019) Kat:3, Licht: 0","196117","3","3","5","06","10","7","0","0","0","1","0","0"
"POINT (13.527087788000074 52.492143607000060)","Unfall 196118 (2019) Kat:3, Licht: 0","196118","3","2","5","06","16","7","0","0","0","0","0","0"
"POINT (13.550170133000051 52.399510899000063)","Unfall 196119 (2019) Kat:3, Licht: 0","196119","3","3","5","06","10","7","0","0","0","1","0","1"
"POINT (13.511267664000059 52.504223353000043)","Unfall 196120 (2019) Kat:3, Licht: 0","196120","3","3","5","06","09","7","0","0","1","1","0","0"
"POINT (13.387746912000068 52.548704649000058)","Unfall 196121 (2019) Kat:3, Licht: 2","196121","3","4","6","06","02","7","0","2","0","0","1","0"
"POINT (13.565130498000030 52.556178046000070)","Unfall 196122 (2019) Kat:3, Licht: 0","196122","3","6","2","06","15","6","0","0","0","1","0","0"
"POINT (13.407011862000047 52.581698583000048)","Unfall 196123 (2019) Kat:3, Licht: 0","196123","3","7","0","06","18","6","0","0","1","0","0","0"
"POINT (13.440041802000053 52.481657416000076)","Unfall 196124 (2019) Kat:3, Licht: 0","196124","3","2","2","06","14","6","0","0","1","1","0","0"
"POINT (13.475879045000056 52.501313600000060)","Unfall 196125 (2019) Kat:3, Licht: 0","196125","3","6","3","06","14","6","0","0","0","1","0","0"
"POINT (13.219209578000061 52.557103435000045)","Unfall 196126 (2019) Kat:3, Licht: 0","196126","3","3","5","06","17","6","0","0","1","1","0","0"
"POINT (13.209944124000060 52.550120845000038)","Unfall 196127 (2019) Kat:2, Licht: 0","196127","2","5","1","06","16","6","0","0","1","1","0","0"
"POINT (13.153445085000044 52.532872530000077)","Unfall 196128 (2019) Kat:3, Licht: 0","196128","3","6","2","06","16","6","0","0","0","1","0","0"
"POINT (13.331749435000063 52.458242773000052)","Unfall 196129 (2019) Kat:2, Licht: 0","196129","2","6","3","06","16","6","0","0","1","1","0","0"
"POINT (13.466149531000042 52.500126647000059)","Unfall 196130 (2019) Kat:3, Licht: 0","196130","3","6","2","06","15","6","0","0","1","1","0","0"
"POINT (13.462614575000032 52.562639594000075)","Unfall 196131 (2019) Kat:3, Licht: 0","196131","3","5","1","06","13","6","0","0","1","1","0","0"
"POINT (13.417908841000042 52.514752858000065)","Unfall 196132 (2019) Kat:3, Licht: 0","196132","3","6","2","06","13","6","0","0","1","0","0","0"
"POINT (13.347398229000078 52.470596146000048)","Unfall 196133 (2019) Kat:3, Licht: 0","196133","3","2","5","06","13","6","0","0","0","1","0","0"
"POINT (13.468439050000029 52.559649843000045)","Unfall 196134 (2019) Kat:3, Licht: 0","196134","3","7","0","06","13","6","0","0","1","0","0","0"
"POINT (13.428832761000024 52.477920355000037)","Unfall 196135 (2019) Kat:3, Licht: 0","196135","3","2","5","06","18","6","0","0","0","1","0","0"
"POINT (13.335434488000033 52.526702302000047)","Unfall 196136 (2019) Kat:3, Licht: 0","196136","3","2","5","06","13","6","0","0","0","1","0","1"
"POINT (13.322334990000058 52.513165188000073)","Unfall 196137 (2019) Kat:3, Licht: 0","196137","3","6","2","06","13","6","0","0","0","1","0","0"
"POINT (13.427445676000048 52.511388874000033)","Unfall 196138 (2019) Kat:3, Licht: 0","196138","3","1","0","06","14","6","0","0","0","0","0","1"
"POINT (13.513495470000066 52.567947105000030)","Unfall 196139 (2019) Kat:3, Licht: 0","196139","3","6","2","06","15","6","0","0","0","1","0","0"
"POINT (13.418107665000036 52.515515611000069)","Unfall 196140 (2019) Kat:3, Licht: 0","196140","3","2","5","06","13","6","0","0","0","1","0","0"
"POINT (13.478166514000065 52.500287492000041)","Unfall 196141 (2019) Kat:3, Licht: 0","196141","3","7","0","06","13","6","1","0","0","0","0","1"
"POINT (13.423455067000077 52.512768649000066)","Unfall 196142 (2019) Kat:3, Licht: 1","196142","3","5","1","06","20","6","0","1","1","1","0","0"
"POINT (13.590553616000022 52.437361418000080)","Unfall 196143 (2019) Kat:3, Licht: 0","196143","3","6","3","06","19","6","0","0","1","0","0","0"
"POINT (13.608151576000068 52.535199939000051)","Unfall 196144 (2019) Kat:2, Licht: 0","196144","2","3","5","06","19","6","0","0","1","1","0","0"
"POINT (13.308179556000027 52.496800139000072)","Unfall 196145 (2019) Kat:3, Licht: 0","196145","3","5","1","06","19","6","0","0","1","0","0","0"
"POINT (13.430700724000076 52.468546880000076)","Unfall 196146 (2019) Kat:3, Licht: 0","196146","3","2","2","06","19","6","0","0","0","1","0","0"
"POINT (13.402524304000053 52.540183746000082)","Unfall 196147 (2019) Kat:3, Licht: 0","196147","3","2","5","06","19","6","0","0","1","0","0","0"
"POINT (13.439659650000067 52.502260670000055)","Unfall 196148 (2019) Kat:3, Licht: 0","196148","3","7","0","06","19","6","0","0","0","1","0","0"
"POINT (13.422206498000037 52.491588091000040)","Unfall 196149 (2019) Kat:3, Licht: 0","196149","3","5","1","06","07","6","0","0","1","1","0","0"
"POINT (13.452277222000077 52.510642750000045)","Unfall 196150 (2019) Kat:2, Licht: 2","196150","2","1","0","06","23","6","0","2","1","0","0","0"
"POINT (13.499692224000057 52.547858871000074)","Unfall 196151 (2019) Kat:2, Licht: 0","196151","2","2","5","06","07","6","0","0","1","1","0","0"
"POINT (13.524462763000031 52.446883504000027)","Unfall 196152 (2019) Kat:3, Licht: 0","196152","3","4","6","06","06","6","0","0","1","0","1","0"
"POINT (13.314573903000053 52.567374399000073)","Unfall 196153 (2019) Kat:3, Licht: 0","196153","3","3","5","06","05","6","0","0","0","1","0","0"
"POINT (13.472053780000067 52.461742091000076)","Unfall 196154 (2019) Kat:3, Licht: 0","196154","3","3","5","06","13","6","0","0","1","1","0","0"
"POINT (13.348769624000056 52.535858916000052)","Unfall 196155 (2019) Kat:3, Licht: 0","196155","3","2","2","06","13","6","0","0","0","1","0","0"
"POINT (13.410107565000033 52.524627604000045)","Unfall 196156 (2019) Kat:3, Licht: 0","196156","3","5","1","06","09","6","0","0","1","1","0","0"
"POINT (13.268300295000074 52.406390453000029)","Unfall 196157 (2019) Kat:3, Licht: 0","196157","3","3","5","06","12","6","0","0","1","1","0","0"
"POINT (13.129569398000058 52.452865015000043)","Unfall 196158 (2019) Kat:3, Licht: 0","196158","3","6","4","06","10","6","0","0","1","1","0","0"
"POINT (13.376305165000076 52.535987376000037)","Unfall 196159 (2019) Kat:3, Licht: 0","196159","3","4","6","06","11","6","0","0","1","0","1","0"
"POINT (13.358680232000040 52.434150602000045)","Unfall 196160 (2019) Kat:3, Licht: 0","196160","3","3","5","06","10","6","0","0","0","1","0","0"
"POINT (13.605568191000032 52.487797955000076)","Unfall 196161 (2019) Kat:3, Licht: 0","196161","3","3","5","06","09","6","0","0","1","1","0","0"
"POINT (13.581989229000044 52.442609056000038)","Unfall 196162 (2019) Kat:2, Licht: 0","196162","2","2","5","06","10","6","0","0","1","0","0","0"
"POINT (13.601112128000068 52.479239811000070)","Unfall 196163 (2019) Kat:3, Licht: 0","196163","3","3","5","06","09","6","0","0","1","1","0","0"
"POINT (13.353663281000024 52.505135410000037)","Unfall 196164 (2019) Kat:3, Licht: 0","196164","3","6","2","06","10","6","0","0","0","1","0","0"
"POINT (13.426361126000074 52.477077440000073)","Unfall 196165 (2019) Kat:3, Licht: 2","196165","3","6","3","06","03","6","1","2","0","1","0","1"
"POINT (13.455210269000077 52.507802930000082)","Unfall 196166 (2019) Kat:3, Licht: 2","196166","3","4","6","06","00","6","1","2","0","1","1","0"
"POINT (13.349261086000070 52.523780702000067)","Unfall 196167 (2019) Kat:2, Licht: 0","196167","2","5","1","06","11","6","0","0","1","1","0","0"
"POINT (13.375205776000030 52.455309691000082)","Unfall 196168 (2019) Kat:3, Licht: 2","196168","3","6","3","06","21","5","0","2","0","1","0","0"
"POINT (13.329627792000053 52.473825918000045)","Unfall 196169 (2019) Kat:3, Licht: 0","196169","3","6","4","06","13","5","0","0","1","1","0","0"
"POINT (13.341119387000049 52.505000149000068)","Unfall 196170 (2019) Kat:3, Licht: 0","196170","3","2","0","06","09","5","1","0","1","0","0","0"
"POINT (13.350887617000069 52.526417892000040)","Unfall 196171 (2019) Kat:3, Licht: 0","196171","3","1","0","06","09","5","1","0","1","0","0","0"
"POINT (13.286530908000032 52.518798969000045)","Unfall 196172 (2019) Kat:3, Licht: 0","196172","3","2","2","06","08","5","1","0","1","1","0","0"
"POINT (13.369811081000023 52.589384565000046)","Unfall 196173 (2019) Kat:3, Licht: 2","196173","3","3","5","06","21","5","1","2","0","1","0","0"
"POINT (13.435495049000053 52.510953505000032)","Unfall 196174 (2019) Kat:3, Licht: 2","196174","3","1","1","06","22","5","0","2","1","1","0","0"
"POINT (13.407846338000070 52.489032016000067)","Unfall 196175 (2019) Kat:3, Licht: 1","196175","3","3","0","06","23","5","0","1","1","0","0","1"
"POINT (13.470176464000076 52.435034086000030)","Unfall 196176 (2019) Kat:3, Licht: 0","196176","3","3","5","06","07","5","0","0","1","1","0","0"
"POINT (13.426094810000052 52.548697661000062)","Unfall 196177 (2019) Kat:3, Licht: 0","196177","3","6","2","06","07","5","0","0","0","1","0","0"
"POINT (13.377606477000029 52.529083751000030)","Unfall 196178 (2019) Kat:3, Licht: 0","196178","3","2","5","06","07","5","0","0","1","1","0","0"
"POINT (13.543532934000041 52.433799234000048)","Unfall 196179 (2019) Kat:3, Licht: 0","196179","3","3","5","06","06","5","0","0","1","1","0","0"
"POINT (13.591306160000045 52.455250428000056)","Unfall 196180 (2019) Kat:3, Licht: 2","196180","3","1","0","06","00","5","0","2","0","1","0","1"
"POINT (13.267979405000062 52.451162213000032)","Unfall 196181 (2019) Kat:1, Licht: 2","196181","1","1","0","06","23","5","0","2","1","0","0","0"
"POINT (13.322737429000028 52.488832673000047)","Unfall 196182 (2019) Kat:3, Licht: 0","196182","3","4","6","06","08","5","1","0","0","1","1","0"
"POINT (13.352905336000049 52.553234873000065)","Unfall 196183 (2019) Kat:3, Licht: 0","196183","3","3","5","06","08","5","1","0","1","1","0","0"
"POINT (13.525829692000059 52.423037567000051)","Unfall 196184 (2019) Kat:2, Licht: 0","196184","2","2","5","06","08","5","1","0","1","1","0","0"
"POINT (13.313717662000045 52.426461787000051)","Unfall 196185 (2019) Kat:3, Licht: 2","196185","3","1","1","06","02","5","1","2","0","1","0","0"
"POINT (13.437677312000062 52.506250111000043)","Unfall 196186 (2019) Kat:3, Licht: 2","196186","3","1","0","06","02","5","1","2","1","0","0","0"
"POINT (13.415378917000055 52.522712452000064)","Unfall 196187 (2019) Kat:2, Licht: 0","196187","2","4","6","06","20","5","0","0","0","1","1","0"
"POINT (13.507361019000030 52.474885121000057)","Unfall 196188 (2019) Kat:3, Licht: 0","196188","3","3","5","06","07","5","0","0","1","1","0","0"
"POINT (13.286233043000038 52.509613710000053)","Unfall 196189 (2019) Kat:3, Licht: 0","196189","3","7","5","06","13","5","0","0","1","1","0","0"
"POINT (13.391834141000061 52.489386931000070)","Unfall 196190 (2019) Kat:3, Licht: 0","196190","3","2","5","06","07","5","0","0","1","0","0","0"
"POINT (13.376546952000069 52.459986161000074)","Unfall 196191 (2019) Kat:3, Licht: 0","196191","3","3","5","06","13","5","0","0","0","1","0","0"
"POINT (13.345944351000071 52.538112027000068)","Unfall 196192 (2019) Kat:3, Licht: 2","196192","3","7","1","06","00","5","0","2","0","1","0","0"
"POINT (13.442187526000055 52.504187436000052)","Unfall 196193 (2019) Kat:3, Licht: 0","196193","3","5","5","06","17","5","0","0","1","1","0","0"
"POINT (13.438383363000071 52.453173104000030)","Unfall 196194 (2019) Kat:3, Licht: 0","196194","3","5","1","06","14","5","0","0","0","1","0","0"
"POINT (13.328296871000077 52.428709574000038)","Unfall 196195 (2019) Kat:3, Licht: 0","196195","3","6","2","06","16","5","0","0","0","1","0","1"
"POINT (13.496025854000038 52.641740210000080)","Unfall 196196 (2019) Kat:3, Licht: 0","196196","3","3","5","06","15","5","0","0","1","1","0","0"
"POINT (13.339735327000028 52.503422226000055)","Unfall 196197 (2019) Kat:3, Licht: 0","196197","3","5","1","06","16","5","0","0","1","1","0","0"
"POINT (13.298622966000039 52.495341826000072)","Unfall 196198 (2019) Kat:3, Licht: 0","196198","3","6","3","06","13","5","0","0","0","1","0","1"
"POINT (13.247609010000076 52.609844616000032)","Unfall 196199 (2019) Kat:3, Licht: 0","196199","3","3","5","06","12","5","0","0","0","1","0","1"
"POINT (13.322112646000051 52.410373621000076)","Unfall 196200 (2019) Kat:3, Licht: 0","196200","3","2","5","06","16","5","0","0","0","1","0","0"
"POINT (13.531349207000062 52.442243131000055)","Unfall 196201 (2019) Kat:3, Licht: 0","196201","3","3","5","06","16","5","0","0","1","1","0","0"
"POINT (13.416782149000028 52.504308071000082)","Unfall 196202 (2019) Kat:3, Licht: 0","196202","3","3","5","06","11","5","0","0","0","1","0","0"
"POINT (13.194520588000046 52.533643013000074)","Unfall 196203 (2019) Kat:3, Licht: 0","196203","3","2","5","06","15","5","0","0","1","1","0","0"
"POINT (13.622838742000056 52.425380205000067)","Unfall 196204 (2019) Kat:2, Licht: 0","196204","2","3","5","06","12","5","0","0","0","1","0","1"
"POINT (13.314938450000056 52.500311766000038)","Unfall 196205 (2019) Kat:3, Licht: 0","196205","3","4","6","06","19","5","0","0","0","1","1","0"
"POINT (13.259186940000063 52.547550761000082)","Unfall 196206 (2019) Kat:3, Licht: 0","196206","3","7","5","06","11","5","0","0","0","1","0","1"
"POINT (13.447564449000026 52.476151405000053)","Unfall 196207 (2019) Kat:3, Licht: 0","196207","3","3","5","06","15","5","0","0","1","1","0","0"
"POINT (13.424949753000021 52.499712570000042)","Unfall 196208 (2019) Kat:3, Licht: 0","196208","3","5","2","06","19","5","0","0","1","1","0","0"
"POINT (13.526887379000073 52.492101871000045)","Unfall 196209 (2019) Kat:3, Licht: 0","196209","3","2","5","06","11","4","0","0","1","1","0","0"
"POINT (13.447596247000035 52.476249267000071)","Unfall 196210 (2019) Kat:3, Licht: 0","196210","3","5","1","06","08","4","0","0","1","1","0","0"
"POINT (13.437570576000041 52.448503188000075)","Unfall 196211 (2019) Kat:3, Licht: 0","196211","3","3","5","06","11","5","1","0","0","1","0","0"
"POINT (13.301851390000024 52.488617785000031)","Unfall 196212 (2019) Kat:3, Licht: 0","196212","3","4","6","06","11","5","1","0","0","1","1","0"
"POINT (13.390177610000023 52.506694503000062)","Unfall 196213 (2019) Kat:3, Licht: 0","196213","3","4","6","06","13","4","0","0","0","1","1","0"
"POINT (13.436399773000062 52.449159780000059)","Unfall 196214 (2019) Kat:2, Licht: 0","196214","2","4","6","06","18","5","0","0","0","1","1","0"
"POINT (13.285411503000034 52.507933199000036)","Unfall 196215 (2019) Kat:3, Licht: 0","196215","3","4","6","06","16","4","0","0","1","0","1","0"
"POINT (13.381805225000051 52.552055851000034)","Unfall 196216 (2019) Kat:3, Licht: 0","196216","3","6","3","06","10","5","0","0","1","1","0","0"
"POINT (13.328373248000048 52.471191760000067)","Unfall 196217 (2019) Kat:3, Licht: 0","196217","3","2","3","06","15","4","0","0","0","1","0","1"
"POINT (13.449153395000053 52.497079627000062)","Unfall 196218 (2019) Kat:3, Licht: 0","196218","3","6","0","06","07","5","0","0","1","0","0","0"
"POINT (13.409760358000028 52.559398848000058)","Unfall 196219 (2019) Kat:2, Licht: 0","196219","2","5","1","06","15","4","0","0","1","1","0","0"
"POINT (13.332558036000023 52.469027628000049)","Unfall 196220 (2019) Kat:3, Licht: 0","196220","3","2","5","06","15","4","0","0","0","1","0","0"
"POINT (13.300842753000040 52.455847649000077)","Unfall 196221 (2019) Kat:3, Licht: 0","196221","3","2","5","06","10","5","0","0","1","1","0","0"
"POINT (13.400275127000043 52.529581329000052)","Unfall 196222 (2019) Kat:3, Licht: 0","196222","3","6","3","06","15","4","0","0","0","1","0","1"
"POINT (13.352386935000027 52.524115128000062)","Unfall 196223 (2019) Kat:2, Licht: 0","196223","2","4","6","06","09","5","1","0","0","1","1","0"
"POINT (13.397645724000029 52.515361199000040)","Unfall 196224 (2019) Kat:3, Licht: 0","196224","3","6","2","06","14","4","0","0","1","0","0","0"
"POINT (13.385590790000037 52.466098803000079)","Unfall 196225 (2019) Kat:3, Licht: 0","196225","3","2","2","06","18","5","0","0","0","1","0","0"
"POINT (13.308700352000074 52.529163190000077)","Unfall 196226 (2019) Kat:3, Licht: 0","196226","3","2","5","06","14","4","0","0","1","1","0","0"
"POINT (13.344910540000058 52.482449586000030)","Unfall 196227 (2019) Kat:3, Licht: 0","196227","3","6","2","06","17","5","0","0","0","1","0","0"
"POINT (13.322935883000071 52.489953625000055)","Unfall 196228 (2019) Kat:3, Licht: 0","196228","3","5","5","06","13","4","0","0","1","1","0","0"
"POINT (13.398776543000054 52.532588341000064)","Unfall 196229 (2019) Kat:2, Licht: 0","196229","2","2","0","06","13","4","0","0","1","1","0","0"
"POINT (13.377163387000053 52.554764124000030)","Unfall 196230 (2019) Kat:3, Licht: 0","196230","3","3","5","06","18","5","0","0","0","1","0","0"
"POINT (13.416308068000035 52.501708781000048)","Unfall 196231 (2019) Kat:3, Licht: 0","196231","3","2","5","06","17","5","0","0","1","0","0","0"
"POINT (13.465916347000075 52.508886099000051)","Unfall 196232 (2019) Kat:3, Licht: 0","196232","3","4","6","06","13","4","0","0","0","1","1","0"
"POINT (13.361552867000057 52.547999824000044)","Unfall 196233 (2019) Kat:3, Licht: 0","196233","3","2","5","06","13","4","0","0","0","1","0","0"
"POINT (13.336339241000076 52.542353599000080)","Unfall 196234 (2019) Kat:3, Licht: 0","196234","3","2","2","06","17","5","0","0","0","1","0","1"
"POINT (13.388463208000076 52.527425593000032)","Unfall 196235 (2019) Kat:3, Licht: 0","196235","3","5","5","06","12","4","0","0","0","1","0","1"
"POINT (13.346003861000042 52.494297875000029)","Unfall 196236 (2019) Kat:3, Licht: 0","196236","3","2","5","06","12","4","0","0","1","1","0","0"
"POINT (13.286942849000070 52.540166772000077)","Unfall 196237 (2019) Kat:2, Licht: 0","196237","2","4","6","06","18","5","0","0","0","1","1","0"
"POINT (13.327027819000023 52.536114708000071)","Unfall 196238 (2019) Kat:3, Licht: 0","196238","3","6","0","06","09","5","0","0","0","1","0","1"
"POINT (13.333172851000029 52.506549854000070)","Unfall 196239 (2019) Kat:3, Licht: 2","196239","3","4","6","06","22","4","0","2","0","0","1","1"
"POINT (13.325114564000046 52.541563963000044)","Unfall 196240 (2019) Kat:3, Licht: 0","196240","3","7","5","06","16","5","0","0","0","1","0","1"
"POINT (13.326019216000077 52.601094390000071)","Unfall 196241 (2019) Kat:3, Licht: 2","196241","3","5","1","06","22","4","0","2","0","1","0","0"
"POINT (13.457595128000037 52.502011858000060)","Unfall 196242 (2019) Kat:3, Licht: 0","196242","3","6","3","06","09","5","1","0","0","1","0","0"
"POINT (13.616013950000024 52.429364827000029)","Unfall 196243 (2019) Kat:3, Licht: 1","196243","3","3","5","06","21","4","0","1","0","1","0","1"
"POINT (13.383661105000044 52.483829225000079)","Unfall 196244 (2019) Kat:3, Licht: 0","196244","3","4","0","06","09","5","0","0","0","0","1","0"
"POINT (13.403016943000068 52.524470452000060)","Unfall 196245 (2019) Kat:3, Licht: 1","196245","3","6","3","06","20","4","0","1","1","1","0","0"
"POINT (13.296731540000053 52.548124267000048)","Unfall 196246 (2019) Kat:3, Licht: 0","196246","3","3","5","06","19","4","0","0","0","1","0","0"
"POINT (13.574218430000030 52.454157197000029)","Unfall 196247 (2019) Kat:3, Licht: 0","196247","3","1","1","06","09","5","1","0","1","1","0","0"
"POINT (13.402134202000070 52.506029051000041)","Unfall 196248 (2019) Kat:3, Licht: 0","196248","3","2","5","06","19","4","0","0","1","1","0","0"
"POINT (13.386556395000071 52.549416400000041)","Unfall 196249 (2019) Kat:3, Licht: 0","196249","3","2","0","06","08","5","1","0","0","1","0","1"
"POINT (13.288721968000061 52.496653222000077)","Unfall 196250 (2019) Kat:3, Licht: 0","196250","3","4","6","06","18","4","0","0","1","0","1","0"
"POINT (13.502543150000065 52.461316421000049)","Unfall 196251 (2019) Kat:3, Licht: 0","196251","3","2","5","06","17","5","0","0","1","1","0","0"
"POINT (13.218119759000047 52.560334091000072)","Unfall 196252 (2019) Kat:3, Licht: 0","196252","3","6","2","06","17","4","0","0","0","1","0","0"
"POINT (13.376561758000037 52.543201563000082)","Unfall 196253 (2019) Kat:3, Licht: 0","196253","3","1","0","06","10","5","1","0","0","0","0","1"
"POINT (13.270567143000051 52.451017151000030)","Unfall 196254 (2019) Kat:3, Licht: 0","196254","3","2","5","06","17","4","0","0","1","1","0","0"
"POINT (13.381139821000033 52.532109389000027)","Unfall 196255 (2019) Kat:3, Licht: 0","196255","3","5","1","06","17","4","0","0","1","1","0","0"
"POINT (13.408111788000042 52.541315862000033)","Unfall 196256 (2019) Kat:3, Licht: 0","196256","3","1","4","06","16","5","1","0","0","1","0","0"
"POINT (13.294187627000042 52.534438591000026)","Unfall 196257 (2019) Kat:3, Licht: 0","196257","3","6","3","06","15","5","0","0","0","1","0","0"
"POINT (13.517508555000063 52.535410842000033)","Unfall 196258 (2019) Kat:3, Licht: 0","196258","3","2","0","06","10","4","0","0","0","1","0","1"
"POINT (13.446128850000036 52.526022057000034)","Unfall 196259 (2019) Kat:3, Licht: 0","196259","3","6","2","06","10","4","0","0","0","1","0","1"
"POINT (13.415570276000039 52.527248403000044)","Unfall 196260 (2019) Kat:3, Licht: 0","196260","3","4","6","06","15","5","0","0","0","1","1","0"
"POINT (13.452858184000036 52.493007663000071)","Unfall 196261 (2019) Kat:3, Licht: 0","196261","3","6","2","06","09","4","0","0","1","1","0","0"
"POINT (13.249519332000034 52.523812121000049)","Unfall 196262 (2019) Kat:3, Licht: 0","196262","3","2","0","06","15","5","0","0","1","1","0","0"
"POINT (13.336028865000060 52.430743941000060)","Unfall 196263 (2019) Kat:3, Licht: 0","196263","3","2","6","06","09","4","0","0","0","1","1","0"
"POINT (13.408553448000077 52.566069307000078)","Unfall 196264 (2019) Kat:3, Licht: 0","196264","3","1","1","06","08","4","0","0","0","1","0","0"
"POINT (13.436646905000032 52.503758422000033)","Unfall 196265 (2019) Kat:3, Licht: 0","196265","3","6","2","06","08","4","0","0","1","0","0","0"
"POINT (13.453208619000065 52.544432007000069)","Unfall 196266 (2019) Kat:3, Licht: 0","196266","3","1","0","06","08","5","1","0","1","0","0","0"
"POINT (13.411636575000045 52.523961678000035)","Unfall 196267 (2019) Kat:3, Licht: 0","196267","3","2","5","06","08","4","0","0","1","1","0","0"
"POINT (13.396074599000031 52.538183539000045)","Unfall 196268 (2019) Kat:2, Licht: 0","196268","2","3","5","06","18","4","0","0","0","1","0","0"
"POINT (13.489355992000071 52.533903787000042)","Unfall 196269 (2019) Kat:3, Licht: 0","196269","3","6","2","06","08","4","0","0","0","1","0","0"
"POINT (13.493074337000053 52.623859299000060)","Unfall 196270 (2019) Kat:3, Licht: 0","196270","3","3","5","06","08","4","0","0","1","1","0","0"
"POINT (13.414393874000041 52.493152902000077)","Unfall 196271 (2019) Kat:3, Licht: 0","196271","3","3","0","06","14","4","1","0","1","0","0","0"
"POINT (13.592019372000038 52.548570758000039)","Unfall 196272 (2019) Kat:3, Licht: 0","196272","3","6","2","06","07","4","0","0","0","1","0","0"
"POINT (13.379299026000069 52.524579687000028)","Unfall 196273 (2019) Kat:3, Licht: 0","196273","3","5","1","06","07","4","0","0","1","1","0","0"
"POINT (13.307573835000028 52.523269083000059)","Unfall 196274 (2019) Kat:3, Licht: 2","196274","3","1","0","06","23","4","0","2","0","1","0","1"
"POINT (13.397790059000044 52.424085327000057)","Unfall 196275 (2019) Kat:3, Licht: 0","196275","3","6","2","06","07","4","0","0","0","1","0","0"
"POINT (13.392521345000034 52.439908742000057)","Unfall 196276 (2019) Kat:3, Licht: 0","196276","3","4","6","06","21","4","0","0","0","0","1","0"
"POINT (13.452743773000066 52.533954206000033)","Unfall 196277 (2019) Kat:3, Licht: 0","196277","3","4","6","06","06","4","0","0","1","0","1","0"
"POINT (13.386055789000068 52.487368098000047)","Unfall 196278 (2019) Kat:3, Licht: 1","196278","3","6","3","06","04","4","0","1","0","1","0","0"