WKT,Name,OBJECTID,UKATEGORIE,UTYP1,UART,UMONAT,USTUNDE,UWOCHENTAG,STRZUSTAND,ULICHTVERH,ISTRAD,ISTPKW,ISTFUSS,ISTKRAD
"POINT (13.468258037000055 52.472055643000033)","Unfall 196279 (2019) Kat:3, Licht: 0","196279","3","3","5","06","20","4","0","0","0","1","0","0"
"POINT (13.277095273000043 52.585048912000047)","Unfall 196280 (2019) Kat:3, Licht: 0","196280","3","3","5","06","19","4","0","0","0","1","0","1"
"POINT (13.400148607000062 52.464096050000080)","Unfall 196281 (2019) Kat:2, Licht: 0","196281","2","3","5","06","12","4","0","0","1","0","0","0"
"POINT (13.377195596000035 52.577479666000045)","Unfall 196282 (2019) Kat:3, Licht: 0","196282","3","2","0","06","11","4","0","0","0","1","0","1"
"POINT (13.360971825000036 52.544561396000063)","Unfall 196283 (2019) Kat:3, Licht: 0","196283","3","5","1","06","18","4","0","0","1","1","0","0"
"POINT (13.422368735000077 52.505091385000071)","Unfall 196284 (2019) Kat:3, Licht: 0","196284","3","7","6","06","11","4","0","0","0","0","1","0"
"POINT (13.574483609000026 52.554999975000044)","Unfall 196285 (2019) Kat:3, Licht: 0","196285","3","3","5","06","17","4","0","0","1","1","0","0"
"POINT (13.379163256000027 52.506885469000053)","Unfall 196286 (2019) Kat:3, Licht: 0","196286","3","6","3","06","10","4","0","0","1","0","0","0"
"POINT (13.365741327000023 52.525336774000039)","Unfall 196287 (2019) Kat:3, Licht: 2","196287","3","2","0","06","22","4","0","2","0","1","0","0"
"POINT (13.558858827000051 52.536369085000047)","Unfall 196288 (2019) Kat:3, Licht: 0","196288","3","2","0","06","10","4","0","0","0","1","0","0"
"POINT (13.402509810000026 52.511849879000067)","Unfall 196289 (2019) Kat:3, Licht: 0","196289","3","2","5","06","09","4","0","0","0","1","0","0"
"POINT (13.300744050000048 52.489461219000077)","Unfall 196290 (2019) Kat:3, Licht: 0","196290","3","3","5","06","10","4","0","0","1","0","0","0"
"POINT (13.317771553000057 52.457895603000054)","Unfall 196291 (2019) Kat:3, Licht: 0","196291","3","3","5","06","13","4","0","0","0","1","0","0"
"POINT (13.185169473000030 52.527072979000081)","Unfall 196292 (2019) Kat:2, Licht: 0","196292","2","2","5","06","09","4","0","0","0","1","0","0"
"POINT (13.415911890000075 52.520346705000065)","Unfall 196293 (2019) Kat:3, Licht: 0","196293","3","7","0","06","18","4","0","0","1","0","0","0"
"POINT (13.329311383000061 52.523868958000037)","Unfall 196294 (2019) Kat:3, Licht: 0","196294","3","6","3","06","11","3","0","0","0","0","0","1"
"POINT (13.378184881000038 52.556205630000079)","Unfall 196295 (2019) Kat:3, Licht: 0","196295","3","6","2","06","09","4","0","0","0","1","0","0"
"POINT (13.350610215000074 52.532509825000034)","Unfall 196296 (2019) Kat:3, Licht: 0","196296","3","2","5","06","10","3","0","0","1","1","0","0"
"POINT (13.267324121000058 52.531204362000040)","Unfall 196297 (2019) Kat:3, Licht: 0","196297","3","2","5","06","08","4","0","0","1","1","0","0"
"POINT (13.439857459000052 52.480556926000077)","Unfall 196298 (2019) Kat:3, Licht: 0","196298","3","5","1","06","21","3","0","0","1","1","0","0"
"POINT (13.348545869000077 52.406545900000026)","Unfall 196299 (2019) Kat:3, Licht: 0","196299","3","5","1","06","07","4","0","0","1","1","0","0"
"POINT (13.451615574000073 52.510768374000065)","Unfall 196300 (2019) Kat:3, Licht: 0","196300","3","6","2","06","20","3","0","0","0","1","0","0"
"POINT (13.324485379000066 52.464142248000030)","Unfall 196301 (2019) Kat:3, Licht: 0","196301","3","5","1","06","07","4","0","0","0","0","0","1"
"POINT (13.298579641000060 52.548081441000079)","Unfall 196302 (2019) Kat:3, Licht: 0","196302","3","6","2","06","13","3","0","0","0","0","0","1"
"POINT (13.419387648000054 52.394768564000060)","Unfall 196303 (2019) Kat:3, Licht: 0","196303","3","2","5","06","13","3","0","0","1","1","0","0"
"POINT (13.613782340000057 52.490907342000071)","Unfall 196304 (2019) Kat:3, Licht: 0","196304","3","3","5","06","07","4","0","0","1","1","0","0"
"POINT (13.432231915000045 52.515109858000073)","Unfall 196305 (2019) Kat:3, Licht: 0","196305","3","6","3","06","10","3","0","0","0","1","0","0"
"POINT (13.252472656000066 52.450383339000041)","Unfall 196306 (2019) Kat:3, Licht: 0","196306","3","3","5","06","07","4","0","0","1","0","0","0"
"POINT (13.366927842000052 52.565399703000082)","Unfall 196307 (2019) Kat:3, Licht: 0","196307","3","3","5","06","13","3","0","0","1","1","0","0"
"POINT (13.170506867000029 52.533660274000056)","Unfall 196308 (2019) Kat:3, Licht: 0","196308","3","2","5","06","12","3","0","0","1","0","0","0"
"POINT (13.563968940000052 52.438102854000078)","Unfall 196309 (2019) Kat:2, Licht: 0","196309","2","2","5","06","07","4","0","0","1","1","0","0"
"POINT (13.464789228000029 52.497632472000078)","Unfall 196310 (2019) Kat:3, Licht: 0","196310","3","6","3","06","11","3","0","0","0","1","0","0"
"POINT (13.443474428000059 52.511889083000028)","Unfall 196311 (2019) Kat:3, Licht: 0","196311","3","2","5","06","06","4","0","0","0","1","0","0"
"POINT (13.579511415000070 52.513339204000033)","Unfall 196312 (2019) Kat:2, Licht: 0","196312","2","6","3","06","11","3","0","0","1","0","0","0"
"POINT (13.378834446000042 52.480277598000043)","Unfall 196313 (2019) Kat:3, Licht: 2","196313","3","6","2","06","01","4","0","2","1","1","0","0"
"POINT (13.347190933000036 52.543780339000079)","Unfall 196314 (2019) Kat:2, Licht: 0","196314","2","5","5","06","10","3","0","0","0","1","0","1"
"POINT (13.469446649000076 52.556043567000074)","Unfall 196315 (2019) Kat:3, Licht: 0","196315","3","7","0","06","07","4","0","0","1","0","0","0"
"POINT (13.401824255000065 52.539900644000056)","Unfall 196316 (2019) Kat:3, Licht: 0","196316","3","6","2","06","10","3","0","0","0","1","0","0"
"POINT (13.283221851000064 52.518507069000066)","Unfall 196317 (2019) Kat:3, Licht: 0","196317","3","2","4","06","19","3","0","0","0","1","0","0"
"POINT (13.437185139000064 52.439529523000033)","Unfall 196318 (2019) Kat:3, Licht: 0","196318","3","2","5","06","16","4","0","0","1","0","0","0"
"POINT (13.411787790000062 52.500996230000055)","Unfall 196319 (2019) Kat:3, Licht: 0","196319","3","3","5","06","16","4","0","0","1","1","0","0"
"POINT (13.397777978000022 52.495302414000037)","Unfall 196320 (2019) Kat:3, Licht: 0","196320","3","2","5","06","08","3","0","0","1","1","0","0"
"POINT (13.338553080000054 52.481242569000074)","Unfall 196321 (2019) Kat:3, Licht: 0","196321","3","5","1","06","15","4","0","0","1","1","0","0"
"POINT (13.456169361000036 52.555524942000034)","Unfall 196322 (2019) Kat:3, Licht: 0","196322","3","3","5","06","08","3","0","0","1","1","0","0"
"POINT (13.498273109000024 52.547114374000046)","Unfall 196323 (2019) Kat:3, Licht: 0","196323","3","4","6","06","13","4","0","0","0","0","1","0"
"POINT (13.397282836000045 52.488892720000081)","Unfall 196324 (2019) Kat:3, Licht: 0","196324","3","2","5","06","08","3","0","0","1","0","0","0"
"POINT (13.361934350000070 52.568626465000079)","Unfall 196325 (2019) Kat:3, Licht: 0","196325","3","2","5","06","15","4","0","0","0","1","0","0"
"POINT (13.422369752000066 52.520084274000055)","Unfall 196326 (2019) Kat:3, Licht: 0","196326","3","2","5","06","19","3","0","0","1","1","0","0"
"POINT (13.399040178000064 52.532390243000066)","Unfall 196327 (2019) Kat:3, Licht: 0","196327","3","1","0","06","08","3","0","0","1","0","0","0"
"POINT (13.385233628000037 52.552610901000037)","Unfall 196328 (2019) Kat:3, Licht: 0","196328","3","5","1","06","15","4","0","0","1","1","0","0"
"POINT (13.337073495000027 52.432532467000044)","Unfall 196329 (2019) Kat:2, Licht: 0","196329","2","7","5","06","08","3","0","0","0","1","0","0"
"POINT (13.395933728000045 52.538245379000045)","Unfall 196330 (2019) Kat:2, Licht: 0","196330","2","2","5","06","14","4","0","0","0","1","0","1"
"POINT (13.399049134000052 52.532379482000067)","Unfall 196331 (2019) Kat:3, Licht: 0","196331","3","1","0","06","08","3","0","0","1","0","0","0"
"POINT (13.425027085000067 52.457956180000053)","Unfall 196332 (2019) Kat:3, Licht: 0","196332","3","2","3","06","11","4","0","0","1","1","0","0"
"POINT (13.451972261000037 52.452531822000026)","Unfall 196333 (2019) Kat:3, Licht: 0","196333","3","2","5","06","18","3","0","0","1","0","0","0"
"POINT (13.331065828000021 52.501939574000062)","Unfall 196334 (2019) Kat:3, Licht: 0","196334","3","6","2","06","12","4","0","0","1","1","0","0"
"POINT (13.394362108000053 52.506959661000053)","Unfall 196335 (2019) Kat:3, Licht: 0","196335","3","2","5","06","18","3","0","0","1","1","0","0"
"POINT (13.488381985000046 52.451327703000061)","Unfall 196336 (2019) Kat:3, Licht: 0","196336","3","2","5","06","18","3","0","0","0","1","0","1"
"POINT (13.429975757000022 52.469830379000030)","Unfall 196337 (2019) Kat:2, Licht: 0","196337","2","2","5","06","11","4","0","0","0","1","0","1"
"POINT (13.440610311000057 52.517019806000064)","Unfall 196338 (2019) Kat:3, Licht: 0","196338","3","2","5","06","18","3","0","0","1","0","0","0"
"POINT (13.562886409000043 52.445981283000037)","Unfall 196339 (2019) Kat:3, Licht: 0","196339","3","6","2","06","11","4","0","0","0","1","0","0"
"POINT (13.517256068000052 52.454474548000064)","Unfall 196340 (2019) Kat:2, Licht: 0","196340","2","2","5","06","18","3","0","0","1","1","0","0"
"POINT (13.539282175000039 52.450743821000060)","Unfall 196341 (2019) Kat:3, Licht: 0","196341","3","3","5","06","10","4","0","0","1","1","0","0"
"POINT (13.386507538000046 52.512752535000061)","Unfall 196342 (2019) Kat:2, Licht: 0","196342","2","7","5","06","17","3","0","0","1","1","0","0"
"POINT (13.280988926000077 52.548446448000050)","Unfall 196343 (2019) Kat:3, Licht: 0","196343","3","6","2","06","10","4","0","0","0","1","0","0"
"POINT (13.565985610000041 52.529043963000049)","Unfall 196344 (2019) Kat:3, Licht: 0","196344","3","3","5","06","13","3","0","0","1","1","0","0"
"POINT (13.233692006000069 52.539579184000047)","Unfall 196345 (2019) Kat:3, Licht: 0","196345","3","2","6","06","15","3","0","0","0","1","1","0"
"POINT (13.337426824000033 52.411437277000061)","Unfall 196346 (2019) Kat:3, Licht: 0","196346","3","3","5","06","10","4","0","0","0","1","0","1"
"POINT (13.386530018000030 52.468579830000067)","Unfall 196347 (2019) Kat:3, Licht: 0","196347","3","5","0","06","10","4","0","0","0","1","0","0"
"POINT (13.597931555000059 52.438618386000030)","Unfall 196348 (2019) Kat:2, Licht: 0","196348","2","3","5","06","16","3","0","0","1","0","0","0"
"POINT (13.345464265000032 52.436110109000026)","Unfall 196349 (2019) Kat:3, Licht: 0","196349","3","6","2","06","16","3","0","0","0","1","0","0"
"POINT (13.422283204000053 52.505513060000055)","Unfall 196350 (2019) Kat:3, Licht: 0","196350","3","3","5","06","09","4","0","0","1","0","0","1"
"POINT (13.394907592000038 52.496152257000062)","Unfall 196351 (2019) Kat:3, Licht: 0","196351","3","2","2","06","16","3","0","0","0","1","0","0"
"POINT (13.470406612000033 52.429190061000043)","Unfall 196352 (2019) Kat:3, Licht: 0","196352","3","6","2","06","13","3","0","0","0","1","0","0"
"POINT (13.377772782000022 52.468632934000027)","Unfall 196353 (2019) Kat:3, Licht: 0","196353","3","2","0","06","16","3","0","0","1","1","0","0"
"POINT (13.403770114000054 52.551257159000045)","Unfall 196354 (2019) Kat:2, Licht: 0","196354","2","1","0","06","15","3","0","0","1","0","0","0"
"POINT (13.411778934000040 52.581756821000056)","Unfall 196355 (2019) Kat:3, Licht: 0","196355","3","3","5","06","10","3","0","0","1","1","0","0"
"POINT (13.362971914000070 52.455953990000069)","Unfall 196356 (2019) Kat:2, Licht: 0","196356","2","6","3","06","15","3","0","0","0","0","0","1"
"POINT (13.313869216000057 52.506306017000043)","Unfall 196357 (2019) Kat:3, Licht: 0","196357","3","2","5","06","15","3","0","0","0","1","0","0"
"POINT (13.405445200000031 52.496890651000058)","Unfall 196358 (2019) Kat:3, Licht: 0","196358","3","7","6","06","16","3","0","0","1","0","1","0"
"POINT (13.194353087000025 52.533806418000040)","Unfall 196359 (2019) Kat:3, Licht: 0","196359","3","3","5","06","14","3","0","0","1","1","0","0"
"POINT (13.387235701000066 52.460599761000026)","Unfall 196360 (2019) Kat:3, Licht: 0","196360","3","5","1","06","11","3","0","0","1","1","0","0"
"POINT (13.413915733000067 52.511561077000067)","Unfall 196361 (2019) Kat:3, Licht: 0","196361","3","5","0","06","08","3","0","0","0","1","0","1"
"POINT (13.326071502000048 52.507929230000059)","Unfall 196362 (2019) Kat:2, Licht: 0","196362","2","5","1","06","07","3","0","0","1","1","0","0"
"POINT (13.297995201000049 52.524804154000037)","Unfall 196363 (2019) Kat:3, Licht: 2","196363","3","1","1","06","00","3","0","2","0","1","0","0"
"POINT (13.468096977000073 52.546250927000074)","Unfall 196364 (2019) Kat:3, Licht: 0","196364","3","6","2","06","06","3","0","0","0","1","0","0"
"POINT (13.409602084000028 52.503998040000056)","Unfall 196365 (2019) Kat:3, Licht: 0","196365","3","2","5","06","18","3","0","0","1","1","0","0"
"POINT (13.397809662000043 52.535538207000059)","Unfall 196366 (2019) Kat:3, Licht: 2","196366","3","1","0","06","01","3","0","2","0","0","0","0"
"POINT (13.411018305000027 52.503796952000073)","Unfall 196367 (2019) Kat:3, Licht: 0","196367","3","2","5","06","19","2","0","0","1","0","0","1"
"POINT (13.365397908000034 52.583731299000078)","Unfall 196368 (2019) Kat:3, Licht: 2","196368","3","1","0","06","03","3","0","2","0","0","0","1"
"POINT (13.334426260000043 52.501849068000070)","Unfall 196369 (2019) Kat:3, Licht: 0","196369","3","4","0","06","15","3","0","0","1","0","1","0"
"POINT (13.447980870000038 52.464398550000055)","Unfall 196370 (2019) Kat:3, Licht: 0","196370","3","6","2","06","11","2","0","0","0","1","0","0"
"POINT (13.404560384000035 52.520207701000061)","Unfall 196371 (2019) Kat:3, Licht: 0","196371","3","3","5","06","19","2","0","0","0","1","0","0"
"POINT (13.329321344000050 52.481361045000028)","Unfall 196372 (2019) Kat:3, Licht: 0","196372","3","3","5","06","09","3","0","0","1","0","0","0"
"POINT (13.311278503000040 52.508805172000052)","Unfall 196373 (2019) Kat:3, Licht: 0","196373","3","2","3","06","15","2","0","0","1","0","0","0"
"POINT (13.428540433000023 52.551627303000032)","Unfall 196374 (2019) Kat:3, Licht: 0","196374","3","4","6","06","15","3","0","0","1","0","1","0"
"POINT (13.357283252000059 52.545057957000040)","Unfall 196375 (2019) Kat:3, Licht: 0","196375","3","4","6","06","18","2","0","0","1","0","1","0"
"POINT (13.335304771000040 52.451360705000070)","Unfall 196376 (2019) Kat:3, Licht: 0","196376","3","2","5","06","18","2","0","0","1","1","0","0"
"POINT (13.416634562000070 52.511330608000037)","Unfall 196377 (2019) Kat:3, Licht: 0","196377","3","6","2","06","15","3","0","0","0","1","0","0"
"POINT (13.341204156000060 52.615863188000048)","Unfall 196378 (2019) Kat:3, Licht: 0","196378","3","3","5","06","14","2","0","0","1","0","0","0"
"POINT (13.196551628000066 52.562945383000056)","Unfall 196379 (2019) Kat:3, Licht: 0","196379","3","3","5","06","16","2","0","0","1","1","0","0"
"POINT (13.440224922000027 52.477562338000041)","Unfall 196380 (2019) Kat:3, Licht: 1","196380","3","5","1","06","20","3","0","1","1","1","0","0"
"POINT (13.497528152000029 52.610619614000029)","Unfall 196381 (2019) Kat:2, Licht: 0","196381","2","3","5","06","16","2","0","0","1","0","0","0"
"POINT (13.438154520000069 52.467071872000076)","Unfall 196382 (2019) Kat:3, Licht: 0","196382","3","3","5","06","16","3","0","0","0","1","0","0"
"POINT (13.423821856000075 52.488486536000039)","Unfall 196383 (2019) Kat:3, Licht: 0","196383","3","6","3","06","20","2","0","0","0","1","0","0"
"POINT (13.336514763000025 52.542124154000078)","Unfall 196384 (2019) Kat:3, Licht: 0","196384","3","2","5","06","17","2","0","0","1","1","0","0"
"POINT (13.348322537000058 52.428528923000044)","Unfall 196385 (2019) Kat:3, Licht: 0","196385","3","7","5","06","16","3","0","0","1","0","0","0"
"POINT (13.360989020000034 52.555331238000065)","Unfall 196386 (2019) Kat:3, Licht: 0","196386","3","4","6","06","16","3","0","0","0","0","1","0"
"POINT (13.382257837000054 52.397040987000082)","Unfall 196387 (2019) Kat:3, Licht: 0","196387","3","5","5","06","18","2","0","0","1","1","0","0"
"POINT (13.564670393000029 52.545016320000059)","Unfall 196388 (2019) Kat:3, Licht: 0","196388","3","6","4","06","17","2","0","0","1","0","0","0"
"POINT (13.364131123000050 52.527055679000057)","Unfall 196389 (2019) Kat:3, Licht: 0","196389","3","6","0","06","16","3","0","0","1","0","0","0"
"POINT (13.314023116000044 52.506351841000026)","Unfall 196390 (2019) Kat:3, Licht: 0","196390","3","3","5","06","17","2","0","0","0","1","0","0"
"POINT (13.488250570000048 52.540455935000068)","Unfall 196391 (2019) Kat:3, Licht: 0","196391","3","6","3","06","15","3","0","0","1","1","0","0"
"POINT (13.343374037000046 52.531776806000039)","Unfall 196392 (2019) Kat:3, Licht: 0","196392","3","6","2","06","17","2","0","0","0","1","0","1"
"POINT (13.346463113000027 52.501203513000064)","Unfall 196393 (2019) Kat:3, Licht: 0","196393","3","6","3","06","16","2","0","0","0","1","0","1"
"POINT (13.316977530000031 52.502500559000055)","Unfall 196394 (2019) Kat:3, Licht: 0","196394","3","2","5","06","10","2","0","0","0","1","0","1"
"POINT (13.376277689000062 52.409149027000069)","Unfall 196395 (2019) Kat:3, Licht: 0","196395","3","2","5","06","14","3","0","0","0","1","0","1"
"POINT (13.382854760000043 52.480405427000051)","Unfall 196396 (2019) Kat:3, Licht: 0","196396","3","3","5","06","09","2","0","0","0","1","0","0"
"POINT (13.435339371000055 52.460131056000080)","Unfall 196397 (2019) Kat:3, Licht: 0","196397","3","7","5","06","15","3","0","0","0","1","0","0"
"POINT (13.411736875000031 52.488445810000030)","Unfall 196398 (2019) Kat:2, Licht: 0","196398","2","6","2","06","18","2","0","0","0","1","0","1"
"POINT (13.430420096000034 52.528802283000061)","Unfall 196399 (2019) Kat:3, Licht: 0","196399","3","4","6","06","15","3","0","0","0","1","1","0"
"POINT (13.359099766000043 52.546279600000048)","Unfall 196400 (2019) Kat:3, Licht: 0","196400","3","2","5","06","08","2","0","0","1","0","0","0"
"POINT (13.557266887000026 52.507200182000076)","Unfall 196401 (2019) Kat:3, Licht: 0","196401","3","2","5","06","15","3","0","0","1","1","0","0"
"POINT (13.385458736000032 52.550239642000065)","Unfall 196402 (2019) Kat:2, Licht: 0","196402","2","4","6","06","17","2","0","0","0","1","1","0"
"POINT (13.375438551000059 52.455708475000051)","Unfall 196403 (2019) Kat:3, Licht: 0","196403","3","6","2","06","15","3","0","0","0","0","0","1"
"POINT (13.310773485000027 52.506390945000078)","Unfall 196404 (2019) Kat:3, Licht: 0","196404","3","6","2","06","18","2","0","0","0","1","0","0"
"POINT (13.392633758000045 52.555254111000067)","Unfall 196405 (2019) Kat:2, Licht: 0","196405","2","1","0","06","15","3","0","0","1","0","0","0"
"POINT (13.197676046000026 52.520348822000074)","Unfall 196406 (2019) Kat:3, Licht: 0","196406","3","3","5","06","18","2","0","0","0","1","0","0"
"POINT (13.483041563000029 52.446658527000068)","Unfall 196407 (2019) Kat:3, Licht: 0","196407","3","2","5","06","16","2","0","0","0","0","0","1"
"POINT (13.319979163000028 52.501764836000063)","Unfall 196408 (2019) Kat:3, Licht: 0","196408","3","7","6","06","16","3","0","0","0","1","1","0"
"POINT (13.378480650000029 52.477447682000047)","Unfall 196409 (2019) Kat:3, Licht: 0","196409","3","6","2","06","18","2","0","0","0","1","0","0"
"POINT (13.390378164000026 52.507578448000061)","Unfall 196410 (2019) Kat:3, Licht: 0","196410","3","4","6","06","11","3","0","0","0","1","1","0"
"POINT (13.301041949000023 52.599539612000058)","Unfall 196411 (2019) Kat:2, Licht: 0","196411","2","5","1","06","15","2","0","0","0","1","0","0"
"POINT (13.417136676000041 52.512440652000066)","Unfall 196412 (2019) Kat:3, Licht: 0","196412","3","2","5","06","15","2","0","0","1","1","0","0"
"POINT (13.402800407000029 52.403792397000075)","Unfall 196413 (2019) Kat:3, Licht: 0","196413","3","7","1","06","13","3","0","0","0","1","0","0"
"POINT (13.270628065000039 52.450992360000043)","Unfall 196414 (2019) Kat:3, Licht: 0","196414","3","2","5","06","15","2","0","0","0","1","0","0"
"POINT (13.359994281000070 52.475410992000036)","Unfall 196415 (2019) Kat:3, Licht: 0","196415","3","3","5","06","12","3","0","0","0","1","0","0"
"POINT (13.325036512000054 52.575761732000046)","Unfall 196416 (2019) Kat:3, Licht: 0","196416","3","2","5","06","08","2","0","0","1","1","0","0"
"POINT (13.575683634000029 52.423695744000042)","Unfall 196417 (2019) Kat:3, Licht: 0","196417","3","2","5","06","12","3","0","0","0","1","0","1"
"POINT (13.328348763000065 52.473431456000071)","Unfall 196418 (2019) Kat:3, Licht: 0","196418","3","2","5","06","10","2","0","0","0","1","0","1"
"POINT (13.432102091000047 52.505699015000062)","Unfall 196419 (2019) Kat:3, Licht: 0","196419","3","3","5","06","12","3","0","0","0","1","0","1"
"POINT (13.316595661000065 52.500001567000027)","Unfall 196420 (2019) Kat:3, Licht: 0","196420","3","7","5","06","15","2","0","0","0","1","0","0"
"POINT (13.344916586000068 52.500377764000064)","Unfall 196421 (2019) Kat:3, Licht: 0","196421","3","3","5","06","15","2","0","0","0","1","0","0"
"POINT (13.561510587000043 52.501334475000078)","Unfall 196422 (2019) Kat:3, Licht: 0","196422","3","7","0","06","12","3","0","0","0","1","0","0"
"POINT (13.341110976000039 52.600104312000042)","Unfall 196423 (2019) Kat:3, Licht: 0","196423","3","3","5","06","12","3","0","0","0","1","0","0"
"POINT (13.374778308000032 52.455458010000029)","Unfall 196424 (2019) Kat:3, Licht: 0","196424","3","6","2","06","15","2","0","0","0","1","0","0"
"POINT (13.569320514000026 52.570413640000027)","Unfall 196425 (2019) Kat:3, Licht: 0","196425","3","5","5","06","11","3","0","0","0","1","0","0"
"POINT (13.467337118000046 52.515980537000075)","Unfall 196426 (2019) Kat:3, Licht: 0","196426","3","7","2","06","06","2","0","0","0","1","0","1"
"POINT (13.491258977000030 52.469059442000059)","Unfall 196427 (2019) Kat:3, Licht: 2","196427","3","2","6","06","21","3","0","2","0","1","1","0"
"POINT (13.454233146000036 52.562150616000054)","Unfall 196428 (2019) Kat:3, Licht: 0","196428","3","2","5","06","06","2","0","0","1","0","0","0"
"POINT (13.425207781000040 52.543475594000029)","Unfall 196429 (2019) Kat:3, Licht: 0","196429","3","7","2","06","07","2","0","0","1","0","0","0"
"POINT (13.470219338000049 52.531642177000037)","Unfall 196430 (2019) Kat:3, Licht: 0","196430","3","3","5","06","19","3","0","0","1","0","0","0"
"POINT (13.413508081000032 52.502864307000038)","Unfall 196431 (2019) Kat:3, Licht: 0","196431","3","6","2","06","18","3","0","0","1","1","0","0"
"POINT (13.301397998000027 52.519162124000047)","Unfall 196432 (2019) Kat:3, Licht: 0","196432","3","2","5","06","14","2","0","0","0","1","0","0"
"POINT (13.394340030000023 52.453955181000026)","Unfall 196433 (2019) Kat:3, Licht: 0","196433","3","6","2","06","16","2","0","0","0","1","0","0"
"POINT (13.431748349000031 52.466767966000077)","Unfall 196434 (2019) Kat:3, Licht: 0","196434","3","6","0","06","19","3","0","0","0","1","0","0"
"POINT (13.272193651000066 52.453199610000070)","Unfall 196435 (2019) Kat:3, Licht: 0","196435","3","6","3","06","14","2","0","0","0","1","0","1"
"POINT (13.416741310000077 52.480397844000038)","Unfall 196436 (2019) Kat:2, Licht: 0","196436","2","4","6","06","19","3","0","0","0","1","1","0"
"POINT (13.421758491000048 52.487197327000047)","Unfall 196437 (2019) Kat:3, Licht: 0","196437","3","7","6","06","13","2","0","0","0","0","1","0"
"POINT (13.292218779000052 52.590581718000067)","Unfall 196438 (2019) Kat:3, Licht: 0","196438","3","2","0","06","12","2","0","0","0","1","0","1"
"POINT (13.308151320000036 52.477797468000063)","Unfall 196439 (2019) Kat:3, Licht: 0","196439","3","2","5","06","18","3","0","0","0","1","0","0"
"POINT (13.445306081000069 52.615604396000037)","Unfall 196440 (2019) Kat:3, Licht: 0","196440","3","6","3","06","11","2","0","0","0","1","0","0"
"POINT (13.164259345000062 52.533406789000026)","Unfall 196441 (2019) Kat:3, Licht: 0","196441","3","6","3","06","18","3","0","0","0","1","0","0"
"POINT (13.392500691000066 52.524282707000054)","Unfall 196442 (2019) Kat:2, Licht: 2","196442","2","2","6","06","23","2","0","2","0","1","1","0"
"POINT (13.280839552000032 52.593910612000059)","Unfall 196443 (2019) Kat:3, Licht: 0","196443","3","2","2","06","18","3","0","0","1","1","0","0"
"POINT (13.428831793000029 52.493219118000070)","Unfall 196444 (2019) Kat:3, Licht: 2","196444","3","6","3","06","21","2","0","2","1","1","0","0"
"POINT (13.453843717000041 52.469346298000062)","Unfall 196445 (2019) Kat:3, Licht: 0","196445","3","6","2","06","11","3","0","0","0","1","0","0"
"POINT (13.398592476000033 52.569286165000051)","Unfall 196446 (2019) Kat:3, Licht: 0","196446","3","3","5","06","11","2","0","0","1","1","0","0"
"POINT (13.526850587000069 52.486593928000048)","Unfall 196447 (2019) Kat:3, Licht: 0","196447","3","2","5","06","10","2","0","0","0","1","0","0"
"POINT (13.342443789000072 52.523957483000061)","Unfall 196448 (2019) Kat:3, Licht: 0","196448","3","3","5","06","17","3","0","0","1","0","0","0"
"POINT (13.233693980000055 52.447256003000064)","Unfall 196449 (2019) Kat:3, Licht: 0","196449","3","3","5","06","11","3","0","0","1","1","0","0"
"POINT (13.423738751000030 52.523640499000066)","Unfall 196450 (2019) Kat:2, Licht: 1","196450","2","4","6","06","21","2","0","1","0","0","1","0"
"POINT (13.587544654000055 52.439008452000053)","Unfall 196451 (2019) Kat:3, Licht: 0","196451","3","3","5","06","10","2","0","0","1","1","0","0"
"POINT (13.419440323000060 52.515025719000050)","Unfall 196452 (2019) Kat:3, Licht: 0","196452","3","6","2","06","10","3","0","0","0","1","0","0"
"POINT (13.328685561000043 52.514253781000036)","Unfall 196453 (2019) Kat:3, Licht: 0","196453","3","4","6","06","10","2","0","0","0","1","1","0"
"POINT (13.347238121000032 52.578566740000042)","Unfall 196454 (2019) Kat:3, Licht: 0","196454","3","6","2","06","17","3","0","0","0","1","0","0"
"POINT (13.382952738000029 52.465664190000041)","Unfall 196455 (2019) Kat:3, Licht: 0","196455","3","5","1","06","10","2","0","0","1","1","0","0"
"POINT (13.330770300000040 52.492183999000076)","Unfall 196456 (2019) Kat:3, Licht: 0","196456","3","6","2","06","16","3","0","0","0","1","0","1"
"POINT (13.353196202000049 52.502278511000043)","Unfall 196457 (2019) Kat:2, Licht: 0","196457","2","2","5","06","20","2","0","0","0","1","0","0"
"POINT (13.337917565000055 52.501810320000061)","Unfall 196458 (2019) Kat:3, Licht: 0","196458","3","5","1","06","10","3","0","0","1","1","0","0"
"POINT (13.307001441000068 52.517372104000060)","Unfall 196459 (2019) Kat:3, Licht: 0","196459","3","7","0","06","17","2","1","0","0","0","0","1"
"POINT (13.391364413000076 52.550261470000066)","Unfall 196460 (2019) Kat:3, Licht: 0","196460","3","3","5","06","09","3","0","0","0","1","0","0"
"POINT (13.313866887000074 52.423575646000074)","Unfall 196461 (2019) Kat:3, Licht: 0","196461","3","2","5","06","09","2","0","0","0","1","0","0"
"POINT (13.386011241000062 52.506545272000039)","Unfall 196462 (2019) Kat:3, Licht: 0","196462","3","6","3","06","09","3","0","0","1","0","0","1"
"POINT (13.155777563000072 52.521639925000045)","Unfall 196463 (2019) Kat:3, Licht: 0","196463","3","3","5","06","09","2","0","0","0","1","0","0"
"POINT (13.497611643000027 52.499734195000030)","Unfall 196464 (2019) Kat:3, Licht: 0","196464","3","4","6","06","09","2","0","0","0","0","1","1"