WKT,Name,OBJECTID,UKATEGORIE,UTYP1,UART,UMONAT,USTUNDE,UWOCHENTAG,STRZUSTAND,ULICHTVERH,ISTRAD,ISTPKW,ISTFUSS,ISTKRAD
"POINT (13.334306824000066 52.541129013000045)","Unfall 196465 (2019) Kat:3, Licht: 0","196465","3","6","2","06","16","3","0","0","0","1","0","1"
"POINT (13.351256597000031 52.558358583000029)","Unfall 196466 (2019) Kat:2, Licht: 0","196466","2","2","5","06","09","2","0","0","1","1","0","0"
"POINT (13.321945491000065 52.607457441000065)","Unfall 196467 (2019) Kat:3, Licht: 0","196467","3","2","5","06","09","3","0","0","1","1","0","0"
"POINT (13.493910786000072 52.502847759000076)","Unfall 196468 (2019) Kat:3, Licht: 0","196468","3","3","5","06","09","2","0","0","0","1","0","1"
"POINT (13.471425491000048 52.538579905000063)","Unfall 196469 (2019) Kat:3, Licht: 0","196469","3","6","3","06","16","3","0","0","0","1","0","0"
"POINT (13.580399138000075 52.455510636000042)","Unfall 196470 (2019) Kat:2, Licht: 0","196470","2","2","5","06","08","2","0","0","1","1","0","0"
"POINT (13.580843581000067 52.485190944000067)","Unfall 196471 (2019) Kat:3, Licht: 0","196471","3","3","5","06","16","3","0","0","1","1","0","0"
"POINT (13.508885683000074 52.463821999000061)","Unfall 196472 (2019) Kat:3, Licht: 0","196472","3","6","0","06","08","2","0","0","1","0","0","0"
"POINT (13.386134906000052 52.443959222000046)","Unfall 196473 (2019) Kat:3, Licht: 0","196473","3","6","2","06","08","2","0","0","0","1","0","0"
"POINT (13.343210596000063 52.532104879000030)","Unfall 196474 (2019) Kat:3, Licht: 0","196474","3","6","2","06","09","3","0","0","0","1","0","0"
"POINT (13.422305237000046 52.509464296000033)","Unfall 196475 (2019) Kat:3, Licht: 0","196475","3","6","3","06","16","3","0","0","1","1","0","0"
"POINT (13.565727570000035 52.529095545000075)","Unfall 196476 (2019) Kat:3, Licht: 0","196476","3","2","5","06","08","2","0","0","0","1","0","0"
"POINT (13.303299005000042 52.518552803000034)","Unfall 196477 (2019) Kat:3, Licht: 0","196477","3","6","2","06","18","2","0","0","0","1","0","0"
"POINT (13.380214077000062 52.506069316000037)","Unfall 196478 (2019) Kat:3, Licht: 0","196478","3","2","5","06","09","3","0","0","1","1","0","0"
"POINT (13.296459247000030 52.492615010000065)","Unfall 196479 (2019) Kat:3, Licht: 0","196479","3","2","5","06","09","1","0","0","1","1","0","0"
"POINT (13.581202234000045 52.443130763000056)","Unfall 196480 (2019) Kat:3, Licht: 0","196480","3","5","1","06","16","3","0","0","1","1","0","0"
"POINT (13.530392615000039 52.486587439000061)","Unfall 196481 (2019) Kat:3, Licht: 2","196481","3","3","5","06","00","1","0","2","0","1","0","0"
"POINT (13.231697948000033 52.545021113000075)","Unfall 196482 (2019) Kat:2, Licht: 2","196482","2","1","0","06","01","1","0","2","0","1","0","1"
"POINT (13.349005975000068 52.514761558000032)","Unfall 196483 (2019) Kat:3, Licht: 0","196483","3","3","5","06","08","3","0","0","0","1","0","1"
"POINT (13.351917352000044 52.543013214000041)","Unfall 196484 (2019) Kat:3, Licht: 0","196484","3","6","2","06","09","1","0","0","0","1","0","0"
"POINT (13.301516630000037 52.611294474000033)","Unfall 196485 (2019) Kat:3, Licht: 0","196485","3","3","5","06","09","1","0","0","0","1","0","0"
"POINT (13.410975964000045 52.503824387000066)","Unfall 196486 (2019) Kat:3, Licht: 0","196486","3","2","5","06","08","3","0","0","1","0","0","0"
"POINT (13.527234558000032 52.436012547000075)","Unfall 196487 (2019) Kat:3, Licht: 0","196487","3","2","0","06","11","1","0","0","0","1","0","1"
"POINT (13.443188569000029 52.484012756000027)","Unfall 196488 (2019) Kat:3, Licht: 1","196488","3","5","1","06","22","1","0","1","1","1","0","0"
"POINT (13.199644037000041 52.535113777000049)","Unfall 196489 (2019) Kat:3, Licht: 0","196489","3","6","3","06","07","3","0","0","0","1","0","1"
"POINT (13.389813258000061 52.531700664000027)","Unfall 196490 (2019) Kat:2, Licht: 1","196490","2","3","5","06","21","1","0","1","0","1","0","1"
"POINT (13.329686607000042 52.522815479000030)","Unfall 196491 (2019) Kat:3, Licht: 0","196491","3","2","5","06","08","3","0","0","1","1","0","0"
"POINT (13.334118083000021 52.547055620000037)","Unfall 196492 (2019) Kat:3, Licht: 1","196492","3","5","1","06","21","1","0","1","1","1","0","0"
"POINT (13.226835801000050 52.537765201000070)","Unfall 196493 (2019) Kat:3, Licht: 0","196493","3","2","2","06","06","3","0","0","0","1","0","1"
"POINT (13.381728322000072 52.531635061000031)","Unfall 196494 (2019) Kat:2, Licht: 0","196494","2","6","2","06","20","1","0","0","0","1","0","1"
"POINT (13.391036245000066 52.544651040000076)","Unfall 196495 (2019) Kat:3, Licht: 0","196495","3","2","5","06","08","3","0","0","0","1","0","0"
"POINT (13.555514500000072 52.518257565000056)","Unfall 196496 (2019) Kat:3, Licht: 0","196496","3","7","5","06","19","1","0","0","1","1","0","0"
"POINT (13.601133159000028 52.479237180000041)","Unfall 196497 (2019) Kat:3, Licht: 0","196497","3","3","5","06","19","1","0","0","0","1","0","1"
"POINT (13.586223119000067 52.425581431000069)","Unfall 196498 (2019) Kat:3, Licht: 0","196498","3","3","5","06","07","3","0","0","1","1","0","0"
"POINT (13.332906146000028 52.595437907000075)","Unfall 196499 (2019) Kat:3, Licht: 0","196499","3","2","5","06","07","3","0","0","0","1","0","1"
"POINT (13.364809106000052 52.488022429000068)","Unfall 196500 (2019) Kat:3, Licht: 0","196500","3","5","1","06","17","1","0","0","1","1","0","0"
"POINT (13.376591917000042 52.472461571000053)","Unfall 196501 (2019) Kat:3, Licht: 0","196501","3","5","1","06","17","1","0","0","1","1","0","0"
"POINT (13.453405574000044 52.591311735000033)","Unfall 196502 (2019) Kat:3, Licht: 0","196502","3","2","5","06","07","3","0","0","1","1","0","0"
"POINT (13.442698147000044 52.465194667000048)","Unfall 196503 (2019) Kat:3, Licht: 0","196503","3","6","0","06","17","1","0","0","0","1","0","1"
"POINT (13.198183409000023 52.551741062000076)","Unfall 196504 (2019) Kat:3, Licht: 0","196504","3","3","5","06","06","3","0","0","1","1","0","0"
"POINT (13.284621751000032 52.445776334000072)","Unfall 196505 (2019) Kat:3, Licht: 0","196505","3","3","5","06","14","1","0","0","0","1","0","0"
"POINT (13.377177890000041 52.512242520000029)","Unfall 196506 (2019) Kat:3, Licht: 0","196506","3","4","6","06","14","2","0","0","0","1","1","0"
"POINT (13.396641590000058 52.590140436000070)","Unfall 196507 (2019) Kat:3, Licht: 0","196507","3","2","5","06","14","1","0","0","0","1","0","0"
"POINT (13.400356381000051 52.529585377000046)","Unfall 196508 (2019) Kat:3, Licht: 0","196508","3","7","5","06","17","2","0","0","0","1","0","0"
"POINT (13.453845795000063 52.495573509000053)","Unfall 196509 (2019) Kat:3, Licht: 0","196509","3","7","2","06","14","1","0","0","1","1","0","0"
"POINT (13.206248496000057 52.435228792000032)","Unfall 196510 (2019) Kat:3, Licht: 0","196510","3","3","5","06","14","1","0","0","1","1","0","0"
"POINT (13.283857704000070 52.512790345000042)","Unfall 196511 (2019) Kat:3, Licht: 0","196511","3","2","5","06","12","2","0","0","0","1","0","1"
"POINT (13.145316196000067 52.543859035000082)","Unfall 196512 (2019) Kat:3, Licht: 0","196512","3","6","6","07","19","5","0","0","0","1","1","0"
"POINT (13.400321547000033 52.490237004000051)","Unfall 196513 (2019) Kat:2, Licht: 0","196513","2","2","5","07","19","5","0","0","1","1","0","0"
"POINT (13.345202641000071 52.554216390000079)","Unfall 196514 (2019) Kat:3, Licht: 0","196514","3","7","6","07","18","5","0","0","1","0","1","0"
"POINT (13.377432695000039 52.509564920000059)","Unfall 196515 (2019) Kat:2, Licht: 0","196515","2","2","5","07","17","5","0","0","0","1","0","1"
"POINT (13.631292940000037 52.456784323000079)","Unfall 196516 (2019) Kat:2, Licht: 0","196516","2","3","5","07","17","5","0","0","1","1","0","0"
"POINT (13.431934237000064 52.466445583000052)","Unfall 196517 (2019) Kat:3, Licht: 0","196517","3","2","5","07","17","5","0","0","0","1","0","0"
"POINT (13.441724447000070 52.501253129000077)","Unfall 196518 (2019) Kat:3, Licht: 0","196518","3","2","5","07","17","5","0","0","1","1","0","0"
"POINT (13.396891827000047 52.528566916000045)","Unfall 196519 (2019) Kat:2, Licht: 0","196519","2","4","0","07","16","5","0","0","1","0","1","0"
"POINT (13.320377029000042 52.483266202000038)","Unfall 196520 (2019) Kat:3, Licht: 0","196520","3","7","0","07","15","5","1","0","0","0","0","1"
"POINT (13.194295702000034 52.528977985000040)","Unfall 196521 (2019) Kat:2, Licht: 0","196521","2","4","6","07","16","5","0","0","0","1","1","0"
"POINT (13.500866708000046 52.635822056000052)","Unfall 196522 (2019) Kat:2, Licht: 0","196522","2","3","5","07","16","5","0","0","1","1","0","0"
"POINT (13.457218535000038 52.453200285000037)","Unfall 196523 (2019) Kat:2, Licht: 0","196523","2","3","5","07","14","5","0","0","0","1","0","1"
"POINT (13.557777920000035 52.502163012000040)","Unfall 196524 (2019) Kat:3, Licht: 0","196524","3","5","1","07","13","5","0","0","1","1","0","0"
"POINT (13.454714308000064 52.507891910000069)","Unfall 196525 (2019) Kat:3, Licht: 0","196525","3","5","1","07","13","5","0","0","0","1","0","1"
"POINT (13.301737905000039 52.499084219000054)","Unfall 196526 (2019) Kat:2, Licht: 0","196526","2","4","6","07","13","5","0","0","0","1","1","0"
"POINT (13.541232666000042 52.435367456000051)","Unfall 196527 (2019) Kat:3, Licht: 0","196527","3","3","5","07","12","5","0","0","0","0","0","0"
"POINT (13.447889456000041 52.442715493000037)","Unfall 196528 (2019) Kat:3, Licht: 0","196528","3","6","2","07","09","5","0","0","0","1","0","0"
"POINT (13.426434111000049 52.515854671000056)","Unfall 196529 (2019) Kat:2, Licht: 0","196529","2","3","5","07","08","5","0","0","1","1","0","0"
"POINT (13.377106697000045 52.556165457000077)","Unfall 196530 (2019) Kat:3, Licht: 0","196530","3","4","6","07","07","5","0","0","0","0","1","0"
"POINT (13.421361129000047 52.505606607000061)","Unfall 196531 (2019) Kat:3, Licht: 0","196531","3","2","5","07","07","5","0","0","1","1","0","0"
"POINT (13.290207330000044 52.497220552000044)","Unfall 196532 (2019) Kat:3, Licht: 0","196532","3","3","5","07","07","5","0","0","1","1","0","0"
"POINT (13.169579910000039 52.518637807000061)","Unfall 196533 (2019) Kat:3, Licht: 0","196533","3","6","2","07","07","5","0","0","0","1","0","0"
"POINT (13.392028738000022 52.519891037000036)","Unfall 196534 (2019) Kat:3, Licht: 0","196534","3","6","3","07","07","5","0","0","1","1","0","0"
"POINT (13.499763224000048 52.526148935000037)","Unfall 196535 (2019) Kat:3, Licht: 2","196535","3","4","6","07","01","5","0","2","0","1","1","0"
"POINT (13.328423483000051 52.508122104000051)","Unfall 196536 (2019) Kat:3, Licht: 0","196536","3","7","6","07","09","4","0","0","1","0","0","0"
"POINT (13.414097325000057 52.530446886000050)","Unfall 196537 (2019) Kat:3, Licht: 2","196537","3","3","0","07","22","4","0","2","0","1","0","1"
"POINT (13.492722751000031 52.636665359000062)","Unfall 196538 (2019) Kat:3, Licht: 0","196538","3","7","6","07","20","4","0","0","1","0","1","0"
"POINT (13.431627074000062 52.497513151000078)","Unfall 196539 (2019) Kat:2, Licht: 0","196539","2","3","5","07","19","4","0","0","1","1","0","0"
"POINT (13.403913589000069 52.515406412000061)","Unfall 196540 (2019) Kat:3, Licht: 0","196540","3","2","5","07","17","4","0","0","1","1","0","0"
"POINT (13.416393151000022 52.511022219000040)","Unfall 196541 (2019) Kat:3, Licht: 0","196541","3","2","5","07","17","4","0","0","1","1","0","0"
"POINT (13.180413270000031 52.422042872000077)","Unfall 196542 (2019) Kat:3, Licht: 0","196542","3","1","9","07","16","4","0","0","0","1","0","0"
"POINT (13.440422863000038 52.461924690000046)","Unfall 196543 (2019) Kat:3, Licht: 0","196543","3","1","1","07","16","4","0","0","0","1","0","1"
"POINT (13.431263932000036 52.513239148000082)","Unfall 196544 (2019) Kat:3, Licht: 0","196544","3","6","3","07","16","4","0","0","1","1","0","0"
"POINT (13.260689063000029 52.489595866000059)","Unfall 196545 (2019) Kat:2, Licht: 0","196545","2","1","0","07","15","4","0","0","1","0","0","0"
"POINT (13.521906993000073 52.535725113000069)","Unfall 196546 (2019) Kat:3, Licht: 0","196546","3","2","5","07","14","4","0","0","1","0","0","0"
"POINT (13.159744871000044 52.552301810000074)","Unfall 196547 (2019) Kat:2, Licht: 2","196547","2","7","7","07","23","4","0","2","0","0","0","0"
"POINT (13.390892760000042 52.457483670000045)","Unfall 196548 (2019) Kat:3, Licht: 2","196548","3","3","0","07","22","4","0","2","0","1","0","0"
"POINT (13.307478929000069 52.501236324000047)","Unfall 196549 (2019) Kat:3, Licht: 0","196549","3","5","1","07","20","4","0","0","0","1","0","0"
"POINT (13.337935935000075 52.527752267000039)","Unfall 196550 (2019) Kat:3, Licht: 0","196550","3","7","1","07","13","4","0","0","0","1","0","1"
"POINT (13.473945279000077 52.425652134000075)","Unfall 196551 (2019) Kat:3, Licht: 0","196551","3","2","0","07","13","4","0","0","0","0","0","1"
"POINT (13.697460434000050 52.422898879000059)","Unfall 196552 (2019) Kat:3, Licht: 0","196552","3","6","2","07","09","4","0","0","1","0","0","0"
"POINT (13.393825854000056 52.457211349000033)","Unfall 196553 (2019) Kat:3, Licht: 0","196553","3","7","5","07","12","4","0","0","0","1","0","1"
"POINT (13.417958748000046 52.499284135000039)","Unfall 196554 (2019) Kat:3, Licht: 0","196554","3","6","2","07","11","4","0","0","0","1","0","0"
"POINT (13.330808090000062 52.500334136000049)","Unfall 196555 (2019) Kat:3, Licht: 0","196555","3","5","5","07","11","4","0","0","1","1","0","0"
"POINT (13.382146254000077 52.513972818000070)","Unfall 196556 (2019) Kat:3, Licht: 0","196556","3","2","5","07","10","4","0","0","1","1","0","0"
"POINT (13.382710968000026 52.551665922000041)","Unfall 196557 (2019) Kat:3, Licht: 0","196557","3","5","1","07","07","4","0","0","1","1","0","0"
"POINT (13.380041501000051 52.506202976000054)","Unfall 196558 (2019) Kat:3, Licht: 0","196558","3","7","6","07","09","4","0","0","1","0","1","0"
"POINT (13.379345330000035 52.540495711000062)","Unfall 196559 (2019) Kat:3, Licht: 0","196559","3","3","5","07","09","4","0","0","1","0","0","0"
"POINT (13.478734257000042 52.471627208000029)","Unfall 196560 (2019) Kat:3, Licht: 0","196560","3","1","0","07","09","4","0","0","1","0","0","0"
"POINT (13.201370438000026 52.562138452000056)","Unfall 196561 (2019) Kat:3, Licht: 0","196561","3","3","0","07","09","4","0","0","0","1","0","1"
"POINT (13.363123033000022 52.566239182000061)","Unfall 196562 (2019) Kat:3, Licht: 0","196562","3","1","9","07","16","4","0","0","0","1","0","0"
"POINT (13.485631189000060 52.538786049000066)","Unfall 196563 (2019) Kat:3, Licht: 0","196563","3","2","5","07","09","4","0","0","1","1","0","0"
"POINT (13.341150186000050 52.572706650000043)","Unfall 196564 (2019) Kat:2, Licht: 0","196564","2","7","1","07","15","4","0","0","0","1","0","0"
"POINT (13.304183676000036 52.503740438000079)","Unfall 196565 (2019) Kat:3, Licht: 0","196565","3","1","0","07","15","4","0","0","0","0","0","1"
"POINT (13.484804153000027 52.520776058000081)","Unfall 196566 (2019) Kat:3, Licht: 0","196566","3","5","1","07","15","4","0","0","1","1","0","0"
"POINT (13.573570220000022 52.552400994000038)","Unfall 196567 (2019) Kat:2, Licht: 0","196567","2","2","5","07","15","4","0","0","0","0","0","1"
"POINT (13.182982811000045 52.547923710000077)","Unfall 196568 (2019) Kat:3, Licht: 0","196568","3","2","0","07","15","4","0","0","1","1","0","0"
"POINT (13.317575524000063 52.501235887000064)","Unfall 196569 (2019) Kat:3, Licht: 0","196569","3","7","2","07","14","4","0","0","0","1","0","0"
"POINT (13.330999686000041 52.501526649000027)","Unfall 196570 (2019) Kat:3, Licht: 0","196570","3","2","5","07","14","4","0","0","1","1","0","0"
"POINT (13.525863053000023 52.422934231000056)","Unfall 196571 (2019) Kat:3, Licht: 0","196571","3","2","5","07","08","4","0","0","1","1","0","0"
"POINT (13.432297106000021 52.604644783000026)","Unfall 196572 (2019) Kat:3, Licht: 0","196572","3","1","0","07","07","4","0","0","1","0","0","0"
"POINT (13.538797957000043 52.431490719000067)","Unfall 196573 (2019) Kat:3, Licht: 0","196573","3","3","5","07","07","4","0","0","1","0","0","1"
"POINT (13.269444316000033 52.548609305000070)","Unfall 196574 (2019) Kat:3, Licht: 2","196574","3","7","7","07","00","4","0","2","0","1","0","0"
"POINT (13.267170073000045 52.410296523000056)","Unfall 196575 (2019) Kat:3, Licht: 0","196575","3","3","5","07","14","4","0","0","1","1","0","0"
"POINT (13.363353616000040 52.447929384000076)","Unfall 196576 (2019) Kat:2, Licht: 0","196576","2","6","2","07","14","4","0","0","0","1","0","0"
"POINT (13.471904665000068 52.455288211000038)","Unfall 196577 (2019) Kat:3, Licht: 0","196577","3","6","4","07","13","4","0","0","0","1","0","0"
"POINT (13.443897478000054 52.518969866000077)","Unfall 196578 (2019) Kat:3, Licht: 0","196578","3","6","3","07","15","4","0","0","1","1","0","0"
"POINT (13.379316327000026 52.524481135000030)","Unfall 196579 (2019) Kat:3, Licht: 0","196579","3","5","1","07","13","4","0","0","1","1","0","0"
"POINT (13.306779105000032 52.510047855000039)","Unfall 196580 (2019) Kat:3, Licht: 0","196580","3","7","5","07","13","4","0","0","1","1","0","0"
"POINT (13.313952510000036 52.506749348000028)","Unfall 196581 (2019) Kat:3, Licht: 0","196581","3","6","3","07","12","4","0","0","1","1","0","0"
"POINT (13.396041879000052 52.538344917000074)","Unfall 196582 (2019) Kat:3, Licht: 0","196582","3","6","0","07","19","3","0","0","0","1","0","1"
"POINT (13.449075126000025 52.470594199000061)","Unfall 196583 (2019) Kat:3, Licht: 0","196583","3","6","0","07","13","3","0","0","0","1","0","0"
"POINT (13.313633801000037 52.490687546000061)","Unfall 196584 (2019) Kat:3, Licht: 0","196584","3","7","0","07","08","3","1","0","1","0","0","0"
"POINT (13.535779254000033 52.477858448000063)","Unfall 196585 (2019) Kat:3, Licht: 0","196585","3","3","5","07","19","3","0","0","1","0","0","0"
"POINT (13.360254298000029 52.498060229000032)","Unfall 196586 (2019) Kat:3, Licht: 2","196586","3","7","0","07","22","3","0","2","0","0","0","1"
"POINT (13.317218875000037 52.513955871000064)","Unfall 196587 (2019) Kat:3, Licht: 0","196587","3","3","5","07","15","3","0","0","1","1","0","0"
"POINT (13.413973645000056 52.553629742000055)","Unfall 196588 (2019) Kat:3, Licht: 0","196588","3","6","2","07","15","3","0","0","0","1","0","1"
"POINT (13.526978577000023 52.418522590000066)","Unfall 196589 (2019) Kat:3, Licht: 0","196589","3","2","5","07","14","3","0","0","0","1","0","0"
"POINT (13.371225313000025 52.511098580000066)","Unfall 196590 (2019) Kat:3, Licht: 0","196590","3","2","2","07","16","3","0","0","0","1","0","0"
"POINT (13.353945292000049 52.500112359000070)","Unfall 196591 (2019) Kat:2, Licht: 0","196591","2","7","5","07","14","3","0","0","0","1","0","1"
"POINT (13.328909126000042 52.500067057000081)","Unfall 196592 (2019) Kat:3, Licht: 0","196592","3","7","6","07","14","3","0","0","1","0","1","0"
"POINT (13.405737291000037 52.493440114000066)","Unfall 196593 (2019) Kat:3, Licht: 2","196593","3","6","2","07","22","3","0","2","0","1","0","1"
"POINT (13.288854264000065 52.506655768000030)","Unfall 196594 (2019) Kat:3, Licht: 0","196594","3","2","5","07","21","3","0","0","0","1","0","1"
"POINT (13.184502269000063 52.546312579000073)","Unfall 196595 (2019) Kat:3, Licht: 1","196595","3","6","2","07","20","3","0","1","0","1","0","0"
"POINT (13.371234652000055 52.558806671000070)","Unfall 196596 (2019) Kat:2, Licht: 0","196596","2","7","5","07","13","3","0","0","0","1","0","1"
"POINT (13.333997014000033 52.499809184000071)","Unfall 196597 (2019) Kat:3, Licht: 0","196597","3","6","2","07","12","3","0","0","0","1","0","1"
"POINT (13.384721513000045 52.529232075000039)","Unfall 196598 (2019) Kat:3, Licht: 0","196598","3","6","3","07","19","3","0","0","1","0","1","0"
"POINT (13.206592503000024 52.430451524000034)","Unfall 196599 (2019) Kat:3, Licht: 0","196599","3","3","5","07","18","3","0","0","1","1","0","0"
"POINT (13.369015999000055 52.493055833000028)","Unfall 196600 (2019) Kat:2, Licht: 0","196600","2","7","0","07","18","3","0","0","1","0","1","0"
"POINT (13.439729206000038 52.514062338000031)","Unfall 196601 (2019) Kat:3, Licht: 0","196601","3","4","6","07","12","3","0","0","1","0","1","0"
"POINT (13.416438051000057 52.490968556000041)","Unfall 196602 (2019) Kat:3, Licht: 0","196602","3","6","0","07","18","3","0","0","0","0","0","0"
"POINT (13.445597146000068 52.416310909000060)","Unfall 196603 (2019) Kat:3, Licht: 0","196603","3","3","0","07","17","3","0","0","1","1","0","0"
"POINT (13.511730907000072 52.458275418000028)","Unfall 196604 (2019) Kat:3, Licht: 0","196604","3","1","0","07","17","3","0","0","1","1","0","0"
"POINT (13.394608535000032 52.465697376000037)","Unfall 196605 (2019) Kat:3, Licht: 0","196605","3","6","2","07","17","3","0","0","0","1","0","1"
"POINT (13.267066649000071 52.444648755000060)","Unfall 196606 (2019) Kat:2, Licht: 0","196606","2","5","1","07","17","3","0","0","1","0","0","0"
"POINT (13.281670005000024 52.476453727000035)","Unfall 196607 (2019) Kat:3, Licht: 0","196607","3","3","5","07","17","3","0","0","1","1","0","0"
"POINT (13.488916851000056 52.542233544000055)","Unfall 196608 (2019) Kat:3, Licht: 0","196608","3","4","6","07","15","3","0","0","1","0","1","0"
"POINT (13.531873338000025 52.484058901000026)","Unfall 196609 (2019) Kat:3, Licht: 0","196609","3","3","5","07","10","3","0","0","0","1","0","0"
"POINT (13.450707228000056 52.501669735000064)","Unfall 196610 (2019) Kat:3, Licht: 0","196610","3","2","5","07","16","3","0","0","1","1","0","0"
"POINT (13.457283931000063 52.431140960000050)","Unfall 196611 (2019) Kat:3, Licht: 0","196611","3","3","5","07","16","3","0","0","1","1","0","0"
"POINT (13.396290779000026 52.550726798000028)","Unfall 196612 (2019) Kat:3, Licht: 0","196612","3","5","1","07","16","3","0","0","1","1","0","0"
"POINT (13.347410900000057 52.543862115000081)","Unfall 196613 (2019) Kat:3, Licht: 0","196613","3","3","5","07","16","3","0","0","1","1","0","0"
"POINT (13.554537927000069 52.455887938000046)","Unfall 196614 (2019) Kat:3, Licht: 0","196614","3","2","5","07","15","3","0","0","0","1","0","0"
"POINT (13.489652926000076 52.512235218000058)","Unfall 196615 (2019) Kat:2, Licht: 0","196615","2","6","2","07","15","3","0","0","0","1","0","0"
"POINT (13.199627119000070 52.534494034000033)","Unfall 196616 (2019) Kat:3, Licht: 0","196616","3","4","6","07","15","3","0","0","0","1","1","0"
"POINT (13.376290374000064 52.409150963000059)","Unfall 196617 (2019) Kat:2, Licht: 0","196617","2","2","5","07","10","3","0","0","0","1","0","0"
"POINT (13.314155805000041 52.490559122000036)","Unfall 196618 (2019) Kat:3, Licht: 0","196618","3","2","5","07","10","3","0","0","1","1","0","0"
"POINT (13.434906670000032 52.440297110000074)","Unfall 196619 (2019) Kat:3, Licht: 0","196619","3","2","5","07","10","3","0","0","1","1","0","0"
"POINT (13.344735259000061 52.573923372000081)","Unfall 196620 (2019) Kat:2, Licht: 0","196620","2","6","2","07","07","4","0","0","1","1","0","0"
"POINT (13.365698368000039 52.503091760000075)","Unfall 196621 (2019) Kat:3, Licht: 0","196621","3","7","5","07","09","3","0","0","1","1","0","0"
"POINT (13.385603853000077 52.468587739000043)","Unfall 196622 (2019) Kat:3, Licht: 0","196622","3","2","5","07","09","3","0","0","0","1","0","1"
"POINT (13.293606787000044 52.491347376000078)","Unfall 196623 (2019) Kat:3, Licht: 0","196623","3","4","6","07","16","4","0","0","0","1","1","0"
"POINT (13.562435324000035 52.511473787000057)","Unfall 196624 (2019) Kat:2, Licht: 0","196624","2","3","5","07","07","4","0","0","1","1","0","0"
"POINT (13.506611733000057 52.446547651000060)","Unfall 196625 (2019) Kat:3, Licht: 0","196625","3","2","5","07","06","3","0","0","0","1","0","0"
"POINT (13.359919861000037 52.546789659000069)","Unfall 196626 (2019) Kat:3, Licht: 0","196626","3","2","2","07","06","3","0","0","0","1","0","0"
"POINT (13.311045180000065 52.500491788000033)","Unfall 196627 (2019) Kat:3, Licht: 0","196627","3","6","2","07","16","4","0","0","0","1","0","0"
"POINT (13.292486168000039 52.578689325000028)","Unfall 196628 (2019) Kat:3, Licht: 0","196628","3","3","5","07","06","3","0","0","1","1","0","0"
"POINT (13.320981260000053 52.513050284000030)","Unfall 196629 (2019) Kat:3, Licht: 0","196629","3","3","5","07","18","4","0","0","0","1","0","0"
"POINT (13.343902445000026 52.546411147000072)","Unfall 196630 (2019) Kat:2, Licht: 1","196630","2","3","5","07","04","3","0","1","0","1","0","0"
"POINT (13.517341320000071 52.535642667000047)","Unfall 196631 (2019) Kat:3, Licht: 2","196631","3","2","5","07","01","3","0","2","0","1","0","0"
"POINT (13.319296774000065 52.459307880000040)","Unfall 196632 (2019) Kat:3, Licht: 0","196632","3","4","6","07","16","4","0","0","0","1","1","0"
"POINT (13.435013583000057 52.435551809000060)","Unfall 196633 (2019) Kat:2, Licht: 2","196633","2","4","6","07","00","3","0","2","0","1","1","0"
"POINT (13.421102965000046 52.480267714000036)","Unfall 196634 (2019) Kat:2, Licht: 0","196634","2","2","5","07","15","4","0","0","1","1","0","0"
"POINT (13.332503132000056 52.468975298000032)","Unfall 196635 (2019) Kat:3, Licht: 0","196635","3","3","5","07","06","3","0","0","0","0","0","0"
"POINT (13.269863855000040 52.409174715000063)","Unfall 196636 (2019) Kat:3, Licht: 0","196636","3","1","0","07","08","4","0","0","0","0","0","1"
"POINT (13.277225990000034 52.518659152000055)","Unfall 196637 (2019) Kat:3, Licht: 0","196637","3","6","2","07","09","4","0","0","0","1","0","0"
"POINT (13.389737127000046 52.511348757000064)","Unfall 196638 (2019) Kat:3, Licht: 0","196638","3","4","6","07","15","2","0","0","1","0","1","0"
"POINT (13.386419638000064 52.461467329000072)","Unfall 196639 (2019) Kat:3, Licht: 0","196639","3","7","0","07","18","2","0","0","1","1","0","0"
"POINT (13.353319638000073 52.600065327000038)","Unfall 196640 (2019) Kat:2, Licht: 2","196640","2","1","0","07","00","4","0","2","0","1","0","0"
"POINT (13.339271129000053 52.503183617000047)","Unfall 196641 (2019) Kat:3, Licht: 0","196641","3","3","5","07","11","2","0","0","0","0","0","1"
"POINT (13.377531096000041 52.556379565000043)","Unfall 196642 (2019) Kat:3, Licht: 2","196642","3","2","5","07","00","4","0","2","0","0","0","0"
"POINT (13.435577571000067 52.423221743000056)","Unfall 196643 (2019) Kat:3, Licht: 0","196643","3","4","6","07","15","2","0","0","0","1","1","0"
"POINT (13.374552926000035 52.548101373000065)","Unfall 196644 (2019) Kat:3, Licht: 0","196644","3","4","6","07","19","4","0","0","1","0","1","0"
"POINT (13.355676691000042 52.457435155000042)","Unfall 196645 (2019) Kat:3, Licht: 0","196645","3","1","0","07","21","2","0","0","0","0","0","1"
"POINT (13.335803051000028 52.520745374000057)","Unfall 196646 (2019) Kat:3, Licht: 0","196646","3","7","6","07","08","4","0","0","0","1","1","0"
"POINT (13.446637926000051 52.502817787000026)","Unfall 196647 (2019) Kat:2, Licht: 0","196647","2","2","5","07","19","2","0","0","1","1","0","0"
"POINT (13.306086442000037 52.523293718000048)","Unfall 196648 (2019) Kat:2, Licht: 0","196648","2","2","5","07","19","2","0","0","0","1","0","0"
"POINT (13.309550299000023 52.510261653000043)","Unfall 196649 (2019) Kat:1, Licht: 0","196649","1","2","2","07","17","4","0","0","1","1","0","0"
"POINT (13.473906583000030 52.536222012000053)","Unfall 196650 (2019) Kat:3, Licht: 2","196650","3","1","0","07","22","3","0","2","1","0","0","0"