WKT,Name,OBJECTID,UKATEGORIE,UTYP1,UART,UMONAT,USTUNDE,UWOCHENTAG,STRZUSTAND,ULICHTVERH,ISTRAD,ISTPKW,ISTFUSS,ISTKRAD
"POINT (13.395066438000072 52.527968703000056)","Unfall 196836 (2019) Kat:3, Licht: 0","196836","3","3","0","06","10","6","0","0","1","1","0","0"
"POINT (13.307594795000057 52.503680047000046)","Unfall 196837 (2019) Kat:3, Licht: 0","196837","3","3","0","07","19","7","1","0","1","0","0","1"
"POINT (13.398405240000045 52.507048661000056)","Unfall 196838 (2019) Kat:3, Licht: 0","196838","3","3","5","06","09","6","0","0","1","1","0","0"
"POINT (13.447457311000051 52.526427543000068)","Unfall 196839 (2019) Kat:3, Licht: 0","196839","3","3","5","07","19","7","1","0","0","1","0","0"
"POINT (13.283061938000060 52.575653945000056)","Unfall 196840 (2019) Kat:3, Licht: 0","196840","3","6","2","06","18","6","0","0","0","1","0","0"
"POINT (13.327558664000037 52.454647023000064)","Unfall 196841 (2019) Kat:3, Licht: 0","196841","3","2","5","07","18","7","0","0","1","1","0","0"
"POINT (13.433533788000034 52.482027868000046)","Unfall 196842 (2019) Kat:3, Licht: 2","196842","3","1","0","06","22","6","0","2","1","0","0","0"
"POINT (13.310298756000066 52.466579982000042)","Unfall 196843 (2019) Kat:3, Licht: 0","196843","3","1","0","07","18","7","0","0","0","0","0","1"
"POINT (13.553004090000059 52.439692081000032)","Unfall 196844 (2019) Kat:2, Licht: 0","196844","2","1","0","06","17","6","0","0","1","0","0","0"
"POINT (13.332679397000049 52.469143609000071)","Unfall 196845 (2019) Kat:2, Licht: 0","196845","2","4","6","06","17","6","0","0","0","1","1","0"
"POINT (13.554859969000063 52.515721888000030)","Unfall 196846 (2019) Kat:3, Licht: 0","196846","3","1","0","07","17","7","0","0","0","0","0","1"
"POINT (13.354314161000048 52.528044425000076)","Unfall 196847 (2019) Kat:3, Licht: 0","196847","3","5","1","06","13","6","0","0","0","1","0","0"
"POINT (13.320208318000027 52.483691321000038)","Unfall 196848 (2019) Kat:3, Licht: 0","196848","3","2","5","07","17","7","0","0","0","1","0","0"
"POINT (13.476491622000026 52.500891382000077)","Unfall 196849 (2019) Kat:2, Licht: 0","196849","2","3","5","06","12","6","0","0","1","1","0","0"
"POINT (13.551133252000056 52.428880304000074)","Unfall 196850 (2019) Kat:3, Licht: 0","196850","3","6","2","06","11","6","0","0","0","1","0","0"
"POINT (13.375685989000033 52.550631471000031)","Unfall 196851 (2019) Kat:3, Licht: 0","196851","3","3","5","07","16","7","0","0","1","1","0","0"
"POINT (13.292407903000026 52.519076716000029)","Unfall 196852 (2019) Kat:3, Licht: 0","196852","3","2","5","06","09","6","0","0","1","1","0","0"
"POINT (13.359851832000061 52.523457896000082)","Unfall 196853 (2019) Kat:3, Licht: 0","196853","3","3","5","07","15","7","0","0","0","1","0","0"
"POINT (13.338183188000073 52.505198911000036)","Unfall 196854 (2019) Kat:3, Licht: 0","196854","3","5","1","06","09","6","0","0","1","1","0","0"
"POINT (13.324225244000047 52.484229513000059)","Unfall 196855 (2019) Kat:3, Licht: 0","196855","3","6","6","07","15","7","0","0","1","0","1","0"
"POINT (13.420019806000028 52.524969894000037)","Unfall 196856 (2019) Kat:3, Licht: 0","196856","3","2","5","06","09","6","0","0","1","0","0","1"
"POINT (13.146936818000029 52.539646574000074)","Unfall 196857 (2019) Kat:3, Licht: 0","196857","3","6","0","07","13","7","0","0","0","1","0","1"
"POINT (13.544565706000071 52.436621757000069)","Unfall 196858 (2019) Kat:3, Licht: 0","196858","3","7","6","06","09","6","0","0","1","1","1","0"
"POINT (13.433640550000064 52.481886296000027)","Unfall 196859 (2019) Kat:3, Licht: 0","196859","3","2","6","06","08","6","0","0","0","1","1","0"
"POINT (13.337569753000025 52.519785723000041)","Unfall 196860 (2019) Kat:3, Licht: 0","196860","3","2","5","07","12","7","0","0","0","1","0","1"
"POINT (13.480500592000055 52.637197450000031)","Unfall 196861 (2019) Kat:3, Licht: 0","196861","3","7","7","07","12","7","0","0","1","0","0","0"
"POINT (13.273471723000057 52.499959031000060)","Unfall 196862 (2019) Kat:3, Licht: 0","196862","3","2","5","06","08","6","0","0","1","1","0","0"
"POINT (13.528526459000034 52.417898002000072)","Unfall 196863 (2019) Kat:3, Licht: 0","196863","3","5","1","07","12","7","0","0","0","1","0","1"
"POINT (13.458768344000077 52.506434746000082)","Unfall 196864 (2019) Kat:2, Licht: 0","196864","2","2","2","06","07","6","0","0","1","1","0","0"
"POINT (13.372202739000045 52.455511008000030)","Unfall 196865 (2019) Kat:3, Licht: 0","196865","3","3","5","07","12","7","0","0","0","1","0","0"
"POINT (13.348353514000053 52.437884474000043)","Unfall 196866 (2019) Kat:3, Licht: 0","196866","3","2","5","06","07","6","0","0","0","1","0","0"
"POINT (13.278301737000049 52.477866612000071)","Unfall 196867 (2019) Kat:3, Licht: 2","196867","3","5","1","06","01","6","0","2","0","1","0","0"
"POINT (13.364935726000056 52.550081071000079)","Unfall 196868 (2019) Kat:3, Licht: 0","196868","3","6","3","07","11","7","0","0","0","1","0","1"
"POINT (13.319946904000062 52.495990277000033)","Unfall 196869 (2019) Kat:3, Licht: 0","196869","3","6","2","07","11","7","0","0","1","0","0","0"
"POINT (13.433338489000050 52.491783135000048)","Unfall 196870 (2019) Kat:3, Licht: 0","196870","3","6","3","06","10","6","0","0","1","1","0","0"
"POINT (13.432577560000027 52.465285987000073)","Unfall 196871 (2019) Kat:3, Licht: 0","196871","3","6","3","06","09","6","0","0","1","1","0","0"
"POINT (13.341225823000059 52.460439326000028)","Unfall 196872 (2019) Kat:3, Licht: 2","196872","3","7","1","07","00","7","0","2","0","1","0","0"
"POINT (13.482250219000036 52.507729716000028)","Unfall 196873 (2019) Kat:2, Licht: 0","196873","2","3","5","06","07","5","0","0","1","1","0","0"
"POINT (13.430504808000023 52.468882844000063)","Unfall 196874 (2019) Kat:3, Licht: 0","196874","3","6","4","07","06","7","0","0","0","1","0","0"
"POINT (13.454664108000031 52.550607407000030)","Unfall 196875 (2019) Kat:3, Licht: 0","196875","3","7","6","06","13","5","0","0","0","0","0","0"
"POINT (13.315360814000030 52.464752815000054)","Unfall 196876 (2019) Kat:3, Licht: 0","196876","3","6","3","06","13","5","0","0","0","1","0","0"
"POINT (13.377058130000023 52.508593890000043)","Unfall 196877 (2019) Kat:3, Licht: 0","196877","3","2","5","07","12","6","0","0","1","1","0","0"
"POINT (13.377371623000045 52.549636639000028)","Unfall 196878 (2019) Kat:3, Licht: 0","196878","3","1","0","06","13","5","0","0","1","1","0","0"
"POINT (13.539704479000022 52.539816046000055)","Unfall 196879 (2019) Kat:3, Licht: 2","196879","3","3","5","07","22","6","0","2","0","1","0","0"
"POINT (13.391498870000078 52.522083669000040)","Unfall 196880 (2019) Kat:3, Licht: 0","196880","3","3","5","06","13","5","0","0","0","1","0","0"
"POINT (13.431882604000066 52.466535130000068)","Unfall 196881 (2019) Kat:3, Licht: 2","196881","3","6","3","07","22","6","0","2","0","1","0","0"
"POINT (13.331252052000025 52.503114074000052)","Unfall 196882 (2019) Kat:3, Licht: 0","196882","3","3","5","06","13","5","0","0","1","1","0","0"
"POINT (13.346295081000051 52.501237593000042)","Unfall 196883 (2019) Kat:3, Licht: 2","196883","3","2","5","07","21","6","0","2","1","1","0","0"
"POINT (13.501958421000040 52.482084698000051)","Unfall 196884 (2019) Kat:3, Licht: 0","196884","3","6","3","06","12","5","0","0","0","1","0","1"
"POINT (13.323132771000076 52.510582389000035)","Unfall 196885 (2019) Kat:3, Licht: 0","196885","3","5","1","06","12","5","0","0","0","1","0","1"
"POINT (13.322721074000071 52.456475813000054)","Unfall 196886 (2019) Kat:2, Licht: 0","196886","2","2","5","07","21","6","0","0","0","1","0","1"
"POINT (13.370017005000022 52.552911241000061)","Unfall 196887 (2019) Kat:2, Licht: 1","196887","2","3","5","07","20","6","0","1","1","1","0","0"
"POINT (13.386925102000077 52.527132585000061)","Unfall 196888 (2019) Kat:2, Licht: 0","196888","2","3","5","06","11","5","0","0","0","0","0","0"
"POINT (13.413433072000032 52.527767006000033)","Unfall 196889 (2019) Kat:3, Licht: 0","196889","3","5","1","06","11","5","0","0","0","1","0","0"
"POINT (13.387892831000045 52.522406977000060)","Unfall 196890 (2019) Kat:3, Licht: 0","196890","3","3","5","07","20","6","0","0","1","0","0","0"
"POINT (13.517505559000028 52.535414452000055)","Unfall 196891 (2019) Kat:3, Licht: 0","196891","3","2","5","06","20","5","0","0","0","1","0","0"
"POINT (13.378538845000037 52.529095279000046)","Unfall 196892 (2019) Kat:3, Licht: 0","196892","3","2","0","07","19","6","0","0","0","1","0","0"
"POINT (13.311088940000047 52.506587720000027)","Unfall 196893 (2019) Kat:3, Licht: 0","196893","3","2","5","06","19","5","0","0","1","1","0","0"
"POINT (13.625356608000061 52.456069175000039)","Unfall 196894 (2019) Kat:3, Licht: 0","196894","3","6","3","07","18","6","0","0","0","1","0","0"
"POINT (13.417811581000024 52.501692732000038)","Unfall 196895 (2019) Kat:3, Licht: 0","196895","3","5","1","06","18","5","0","0","1","1","0","0"
"POINT (13.384325115000024 52.456983062000063)","Unfall 196896 (2019) Kat:3, Licht: 0","196896","3","7","6","07","17","6","0","0","0","1","1","0"
"POINT (13.374030718000029 52.547517504000041)","Unfall 196897 (2019) Kat:3, Licht: 0","196897","3","6","4","06","11","5","0","0","1","1","0","0"
"POINT (13.421833871000047 52.394900632000031)","Unfall 196898 (2019) Kat:2, Licht: 0","196898","2","3","5","07","17","6","0","0","0","1","0","1"
"POINT (13.506069530000048 52.491979064000077)","Unfall 196899 (2019) Kat:2, Licht: 0","196899","2","3","5","06","11","5","0","0","1","1","0","0"
"POINT (13.232370086000060 52.437636286000043)","Unfall 196900 (2019) Kat:3, Licht: 0","196900","3","2","5","07","17","6","0","0","1","0","0","0"
"POINT (13.430336759000056 52.550932881000051)","Unfall 196901 (2019) Kat:3, Licht: 0","196901","3","2","5","06","11","5","0","0","1","0","0","0"
"POINT (13.331410706000042 52.469652563000068)","Unfall 196902 (2019) Kat:3, Licht: 0","196902","3","2","0","06","10","5","0","0","1","0","0","1"
"POINT (13.408917417000055 52.571103073000074)","Unfall 196903 (2019) Kat:3, Licht: 0","196903","3","3","5","07","16","6","0","0","1","1","0","0"
"POINT (13.391449243000068 52.500973952000038)","Unfall 196904 (2019) Kat:3, Licht: 0","196904","3","2","6","06","18","5","0","0","0","1","1","0"
"POINT (13.331037936000030 52.572688394000068)","Unfall 196905 (2019) Kat:3, Licht: 0","196905","3","6","2","07","16","6","0","0","0","1","0","0"
"POINT (13.512562406000029 52.462774678000073)","Unfall 196906 (2019) Kat:3, Licht: 0","196906","3","2","5","06","11","5","0","0","1","1","0","0"
"POINT (13.469663624000077 52.520397092000053)","Unfall 196907 (2019) Kat:3, Licht: 0","196907","3","2","2","07","15","6","0","0","1","1","0","0"
"POINT (13.467936488000078 52.546717298000033)","Unfall 196908 (2019) Kat:3, Licht: 0","196908","3","2","5","06","10","5","0","0","0","1","0","0"
"POINT (13.406277939000063 52.553993436000042)","Unfall 196909 (2019) Kat:3, Licht: 0","196909","3","3","5","07","13","6","0","0","1","1","0","0"
"POINT (13.461957111000061 52.422372835000033)","Unfall 196910 (2019) Kat:2, Licht: 0","196910","2","2","0","06","18","5","0","0","1","1","0","0"
"POINT (13.420880771000043 52.565899199000057)","Unfall 196911 (2019) Kat:3, Licht: 0","196911","3","5","1","06","09","5","0","0","1","0","0","0"
"POINT (13.446297096000023 52.502798723000069)","Unfall 196912 (2019) Kat:3, Licht: 0","196912","3","6","2","07","13","6","0","0","0","1","0","0"
"POINT (13.438133901000072 52.478135318000056)","Unfall 196913 (2019) Kat:3, Licht: 0","196913","3","6","2","07","13","6","0","0","0","1","0","0"
"POINT (13.387935703000039 52.502848881000034)","Unfall 196914 (2019) Kat:3, Licht: 0","196914","3","2","6","06","18","5","0","0","0","1","1","0"
"POINT (13.395094496000070 52.524427380000077)","Unfall 196915 (2019) Kat:3, Licht: 0","196915","3","5","1","06","18","5","0","0","0","1","0","1"
"POINT (13.536371381000038 52.432865002000028)","Unfall 196916 (2019) Kat:3, Licht: 0","196916","3","2","5","07","13","6","0","0","1","1","0","0"
"POINT (13.480542605000039 52.472543358000053)","Unfall 196917 (2019) Kat:3, Licht: 0","196917","3","2","0","06","18","5","0","0","0","1","0","0"
"POINT (13.357875614000022 52.448411482000040)","Unfall 196918 (2019) Kat:3, Licht: 0","196918","3","5","1","07","13","6","0","0","0","1","0","0"
"POINT (13.526957872000025 52.486581738000041)","Unfall 196919 (2019) Kat:3, Licht: 0","196919","3","2","5","06","18","5","0","0","1","1","0","0"
"POINT (13.343028298000036 52.458831686000053)","Unfall 196920 (2019) Kat:3, Licht: 0","196920","3","5","1","06","18","5","0","0","1","1","0","0"
"POINT (13.379850809000061 52.540180030000045)","Unfall 196921 (2019) Kat:3, Licht: 0","196921","3","3","5","07","12","6","0","0","1","1","0","0"
"POINT (13.345018027000037 52.525116151000077)","Unfall 196922 (2019) Kat:3, Licht: 0","196922","3","6","2","06","18","5","0","0","0","1","0","0"
"POINT (13.433980480000059 52.514885127000070)","Unfall 196923 (2019) Kat:2, Licht: 0","196923","2","1","1","06","18","5","0","0","0","1","0","0"
"POINT (13.339522144000057 52.488442313000064)","Unfall 196924 (2019) Kat:3, Licht: 0","196924","3","2","2","07","10","6","0","0","0","1","0","0"
"POINT (13.614453813000068 52.493543797000029)","Unfall 196925 (2019) Kat:3, Licht: 0","196925","3","1","0","06","18","5","0","0","1","0","0","0"
"POINT (13.575476204000040 52.513216614000044)","Unfall 196926 (2019) Kat:3, Licht: 0","196926","3","5","1","06","17","5","0","0","1","1","0","0"
"POINT (13.218761963000077 52.537147443000038)","Unfall 196927 (2019) Kat:2, Licht: 0","196927","2","6","2","07","08","6","0","0","0","1","0","1"
"POINT (13.486110497000027 52.502357532000076)","Unfall 196928 (2019) Kat:3, Licht: 2","196928","3","6","2","06","22","5","0","2","1","1","0","0"
"POINT (13.436825851000037 52.465161539000064)","Unfall 196929 (2019) Kat:3, Licht: 0","196929","3","3","5","07","08","6","0","0","0","1","0","0"
"POINT (13.445489872000053 52.520421807000048)","Unfall 196930 (2019) Kat:3, Licht: 0","196930","3","2","5","06","17","5","0","0","1","0","0","0"
"POINT (13.344910705000075 52.539061822000065)","Unfall 196931 (2019) Kat:3, Licht: 0","196931","3","2","5","07","08","6","0","0","1","1","0","0"
"POINT (13.434457718000033 52.549580259000038)","Unfall 196932 (2019) Kat:3, Licht: 0","196932","3","3","5","06","14","5","0","0","0","1","0","1"
"POINT (13.487029784000072 52.617456321000077)","Unfall 196933 (2019) Kat:3, Licht: 0","196933","3","1","0","07","05","6","1","0","1","0","0","0"
"POINT (13.464598235000039 52.509850957000026)","Unfall 196934 (2019) Kat:2, Licht: 0","196934","2","6","0","06","14","5","0","0","1","1","0","0"
"POINT (13.382354036000038 52.551828262000072)","Unfall 196935 (2019) Kat:3, Licht: 0","196935","3","1","0","06","20","5","0","0","1","0","0","0"
"POINT (13.505830663000040 52.491486694000059)","Unfall 196936 (2019) Kat:3, Licht: 0","196936","3","1","0","07","04","6","0","0","1","0","0","0"
"POINT (13.460000273000048 52.517292907000069)","Unfall 196937 (2019) Kat:3, Licht: 2","196937","3","7","0","07","01","6","0","2","1","0","0","0"
"POINT (13.339246093000042 52.503270933000067)","Unfall 196938 (2019) Kat:3, Licht: 0","196938","3","1","0","06","14","5","0","0","0","0","0","1"
"POINT (13.349050184000077 52.489437706000047)","Unfall 196939 (2019) Kat:3, Licht: 0","196939","3","2","5","06","13","5","0","0","1","1","0","0"
"POINT (13.183992805000059 52.534162433000063)","Unfall 196940 (2019) Kat:2, Licht: 0","196940","2","6","0","07","15","6","0","0","0","1","0","0"
"POINT (13.398995442000057 52.532443999000066)","Unfall 196941 (2019) Kat:2, Licht: 0","196941","2","1","0","06","09","5","0","0","1","0","0","0"
"POINT (13.412940947000038 52.511859372000060)","Unfall 196942 (2019) Kat:3, Licht: 0","196942","3","5","1","07","11","5","0","0","1","1","0","0"
"POINT (13.308441366000068 52.487767553000026)","Unfall 196943 (2019) Kat:3, Licht: 0","196943","3","3","5","06","09","5","0","0","1","1","0","0"
"POINT (13.364239128000065 52.543625053000028)","Unfall 196944 (2019) Kat:3, Licht: 2","196944","3","6","3","07","21","5","0","2","0","1","0","0"
"POINT (13.270843014000036 52.450941247000060)","Unfall 196945 (2019) Kat:2, Licht: 0","196945","2","2","5","06","08","5","0","0","0","1","0","0"
"POINT (13.389447872000062 52.496017123000058)","Unfall 196946 (2019) Kat:3, Licht: 1","196946","3","2","5","07","20","5","0","1","0","1","0","0"
"POINT (13.380621254000062 52.528403841000056)","Unfall 196947 (2019) Kat:3, Licht: 0","196947","3","2","5","06","08","5","0","0","1","1","0","0"
"POINT (13.426913226000067 52.552225688000078)","Unfall 196948 (2019) Kat:2, Licht: 0","196948","2","2","5","06","08","5","0","0","1","0","0","0"
"POINT (13.618711693000023 52.455415521000077)","Unfall 196949 (2019) Kat:3, Licht: 0","196949","3","3","5","07","17","4","0","0","0","1","0","1"
"POINT (13.392989691000025 52.492009159000077)","Unfall 196950 (2019) Kat:3, Licht: 0","196950","3","6","2","07","16","4","0","0","1","0","0","0"
"POINT (13.410268965000057 52.528077466000070)","Unfall 196951 (2019) Kat:3, Licht: 0","196951","3","2","5","07","09","4","0","0","0","1","0","1"
"POINT (13.175322377000043 52.419926263000036)","Unfall 196952 (2019) Kat:3, Licht: 0","196952","3","7","7","07","17","4","0","0","0","0","0","1"
"POINT (13.344254739000064 52.531546624000043)","Unfall 196953 (2019) Kat:3, Licht: 0","196953","3","5","1","07","14","6","0","0","0","1","0","1"
"POINT (13.296621004000031 52.516784171000040)","Unfall 196954 (2019) Kat:3, Licht: 0","196954","3","3","5","07","17","4","0","0","1","1","0","0"
"POINT (13.321979887000055 52.484503744000051)","Unfall 196955 (2019) Kat:3, Licht: 0","196955","3","6","3","07","16","4","0","0","0","1","0","1"
"POINT (13.438950643000055 52.489624284000058)","Unfall 196956 (2019) Kat:3, Licht: 0","196956","3","5","1","07","08","4","0","0","1","1","0","0"
"POINT (13.417973991000054 52.515567608000026)","Unfall 196957 (2019) Kat:3, Licht: 2","196957","3","2","5","07","01","5","0","2","1","1","0","0"
"POINT (13.466110752000077 52.500033629000029)","Unfall 196958 (2019) Kat:3, Licht: 0","196958","3","2","2","07","20","5","0","0","0","1","0","0"
"POINT (13.468247134000023 52.546540490000041)","Unfall 196959 (2019) Kat:3, Licht: 0","196959","3","2","5","07","20","5","0","0","1","1","0","0"
"POINT (13.392742813000041 52.542550342000027)","Unfall 196960 (2019) Kat:3, Licht: 0","196960","3","2","5","07","19","5","0","0","0","1","0","1"
"POINT (13.332154124000056 52.506197703000055)","Unfall 196961 (2019) Kat:3, Licht: 0","196961","3","2","5","07","19","5","0","0","1","1","0","0"
"POINT (13.290706593000039 52.517772068000056)","Unfall 196962 (2019) Kat:3, Licht: 0","196962","3","5","1","07","19","5","0","0","1","1","0","0"
"POINT (13.401149760000067 52.498427661000051)","Unfall 196963 (2019) Kat:3, Licht: 0","196963","3","5","1","07","19","5","0","0","1","1","0","0"
"POINT (13.398151451000047 52.554741092000029)","Unfall 196964 (2019) Kat:3, Licht: 0","196964","3","6","2","07","18","5","0","0","0","1","0","1"
"POINT (13.559298234000039 52.456128599000067)","Unfall 196965 (2019) Kat:3, Licht: 0","196965","3","6","2","07","18","5","0","0","0","0","0","0"
"POINT (13.361947669000074 52.447245254000052)","Unfall 196966 (2019) Kat:3, Licht: 0","196966","3","2","5","07","15","5","0","0","1","1","0","0"
"POINT (13.139996452000048 52.452040552000028)","Unfall 196967 (2019) Kat:3, Licht: 0","196967","3","5","1","07","15","5","0","0","1","1","0","0"
"POINT (13.215750127000035 52.564547900000036)","Unfall 196968 (2019) Kat:2, Licht: 0","196968","2","3","5","07","17","5","0","0","0","1","0","1"
"POINT (13.522375692000026 52.428269608000051)","Unfall 196969 (2019) Kat:2, Licht: 0","196969","2","3","5","07","15","5","0","0","1","1","0","0"
"POINT (13.286081276000061 52.518774755000038)","Unfall 196970 (2019) Kat:3, Licht: 0","196970","3","7","0","07","09","5","0","0","1","0","0","0"
"POINT (13.398022389000062 52.529469078000034)","Unfall 196971 (2019) Kat:2, Licht: 0","196971","2","6","3","07","15","5","0","0","1","1","0","0"
"POINT (13.562245072000053 52.421179465000080)","Unfall 196972 (2019) Kat:3, Licht: 0","196972","3","7","5","07","14","5","0","0","0","1","0","0"
"POINT (13.526346087000036 52.424605106000058)","Unfall 196973 (2019) Kat:3, Licht: 0","196973","3","2","5","07","10","5","0","0","0","1","0","0"
"POINT (13.457332650000069 52.431088635000037)","Unfall 196974 (2019) Kat:3, Licht: 0","196974","3","3","5","07","18","5","0","0","0","1","0","0"
"POINT (13.390333682000062 52.507834690000038)","Unfall 196975 (2019) Kat:2, Licht: 2","196975","2","1","0","07","22","5","0","2","0","0","0","0"
"POINT (13.365027296000051 52.424067845000081)","Unfall 196976 (2019) Kat:3, Licht: 2","196976","3","3","5","07","23","5","0","2","0","1","0","1"
"POINT (13.344985303000044 52.484613985000067)","Unfall 196977 (2019) Kat:3, Licht: 0","196977","3","2","5","07","13","5","0","0","1","1","0","0"
"POINT (13.157282322000071 52.533011567000074)","Unfall 196978 (2019) Kat:3, Licht: 0","196978","3","4","6","07","08","5","0","0","0","0","1","0"
"POINT (13.339593609000076 52.497582144000035)","Unfall 196979 (2019) Kat:3, Licht: 0","196979","3","2","5","07","08","5","0","0","1","0","0","0"
"POINT (13.210483423000028 52.501345378000053)","Unfall 196980 (2019) Kat:3, Licht: 0","196980","3","5","1","07","12","5","0","0","1","0","0","0"
"POINT (13.351713914000072 52.508768165000049)","Unfall 196981 (2019) Kat:3, Licht: 0","196981","3","6","3","07","12","5","0","0","0","1","0","1"
"POINT (13.376960787000030 52.558053942000072)","Unfall 196982 (2019) Kat:2, Licht: 0","196982","2","3","5","07","12","5","0","0","0","1","0","1"
"POINT (13.507306682000035 52.564173398000037)","Unfall 196983 (2019) Kat:3, Licht: 0","196983","3","2","5","07","12","5","0","0","1","1","0","0"
"POINT (13.552697804000047 52.430647713000042)","Unfall 196984 (2019) Kat:2, Licht: 0","196984","2","2","5","07","08","5","0","0","1","1","0","0"
"POINT (13.395204950000050 52.496169520000080)","Unfall 196985 (2019) Kat:2, Licht: 0","196985","2","2","5","07","10","5","0","0","0","1","0","0"
"POINT (13.407050213000048 52.504679945000078)","Unfall 196986 (2019) Kat:2, Licht: 0","196986","2","6","0","07","10","5","0","0","0","1","0","0"
"POINT (13.377617326000063 52.452886990000081)","Unfall 196987 (2019) Kat:3, Licht: 0","196987","3","6","2","07","07","5","0","0","0","0","0","1"
"POINT (13.427374491000023 52.552492802000074)","Unfall 196988 (2019) Kat:3, Licht: 0","196988","3","3","5","07","07","5","0","0","1","0","0","0"
"POINT (13.446871125000030 52.493983437000054)","Unfall 196989 (2019) Kat:3, Licht: 0","196989","3","2","5","07","07","5","0","0","1","1","0","0"
"POINT (13.377023288000032 52.560712377000073)","Unfall 196990 (2019) Kat:3, Licht: 0","196990","3","7","0","07","06","5","1","0","0","1","0","1"
"POINT (13.347207467000032 52.505485248000070)","Unfall 196991 (2019) Kat:3, Licht: 0","196991","3","3","5","07","10","5","0","0","0","1","0","0"
"POINT (13.422185741000021 52.491593266000052)","Unfall 196992 (2019) Kat:3, Licht: 0","196992","3","5","1","07","09","5","0","0","0","1","0","0"
"POINT (13.176471798000023 52.420940956000038)","Unfall 196993 (2019) Kat:3, Licht: 0","196993","3","3","0","07","09","5","0","0","1","0","0","0"
"POINT (13.293636580000054 52.505438524000056)","Unfall 196994 (2019) Kat:2, Licht: 0","196994","2","3","5","07","09","5","0","0","1","1","0","0"
"POINT (13.390392412000040 52.506707244000040)","Unfall 196995 (2019) Kat:2, Licht: 0","196995","2","1","0","07","08","5","0","0","0","1","0","0"
"POINT (13.349780905000046 52.503257421000058)","Unfall 196996 (2019) Kat:3, Licht: 0","196996","3","6","0","07","17","5","0","0","0","1","0","0"
"POINT (13.214994221000040 52.563714193000067)","Unfall 196997 (2019) Kat:1, Licht: 0","196997","1","6","3","07","09","5","0","0","1","0","0","0"
"POINT (13.338609208000037 52.505256241000041)","Unfall 196998 (2019) Kat:3, Licht: 0","196998","3","2","5","07","17","4","0","0","1","1","0","0"
"POINT (13.371726037000030 52.542036002000032)","Unfall 196999 (2019) Kat:3, Licht: 0","196999","3","6","2","07","17","4","0","0","1","1","0","0"
"POINT (13.600231069000074 52.526081846000068)","Unfall 197000 (2019) Kat:3, Licht: 0","197000","3","3","5","07","16","4","0","0","1","1","0","0"
"POINT (13.362499665000030 52.497874020000040)","Unfall 197001 (2019) Kat:3, Licht: 0","197001","3","6","2","07","15","4","0","0","0","1","0","0"
"POINT (13.436801769000056 52.448633096000037)","Unfall 197002 (2019) Kat:3, Licht: 0","197002","3","7","5","07","15","4","0","0","0","1","0","0"
"POINT (13.309695684000076 52.431469000000050)","Unfall 197003 (2019) Kat:2, Licht: 0","197003","2","2","5","07","15","4","0","0","0","1","0","0"
"POINT (13.366789302000029 52.485085463000075)","Unfall 197004 (2019) Kat:3, Licht: 0","197004","3","5","1","07","17","4","0","0","1","1","0","0"
"POINT (13.439958093000030 52.424198834000038)","Unfall 197005 (2019) Kat:3, Licht: 0","197005","3","6","0","07","15","4","0","0","0","1","0","0"
"POINT (13.443549173000065 52.525079662000053)","Unfall 197006 (2019) Kat:3, Licht: 0","197006","3","6","2","07","14","4","0","0","0","1","0","1"
"POINT (13.495117321000066 52.412711404000049)","Unfall 197007 (2019) Kat:3, Licht: 0","197007","3","7","2","07","13","4","0","0","1","0","0","0"
"POINT (13.565585474000045 52.445280637000053)","Unfall 197008 (2019) Kat:2, Licht: 0","197008","2","4","0","07","12","4","0","0","0","0","1","0"
"POINT (13.397816143000057 52.490744303000042)","Unfall 197009 (2019) Kat:3, Licht: 0","197009","3","2","5","07","11","4","0","0","1","1","0","0"
"POINT (13.342945767000060 52.445399443000042)","Unfall 197010 (2019) Kat:3, Licht: 0","197010","3","1","0","07","11","4","0","0","1","0","0","0"
"POINT (13.372210131000031 52.455568953000068)","Unfall 197011 (2019) Kat:3, Licht: 0","197011","3","2","5","07","10","4","0","0","0","1","0","1"
"POINT (13.355956277000075 52.486093865000043)","Unfall 197012 (2019) Kat:2, Licht: 0","197012","2","2","5","07","09","4","0","0","1","0","0","1"
"POINT (13.718340264000062 52.431494075000046)","Unfall 197013 (2019) Kat:3, Licht: 0","197013","3","3","2","07","09","4","0","0","1","1","0","0"
"POINT (13.410967612000036 52.503903555000079)","Unfall 197014 (2019) Kat:3, Licht: 0","197014","3","3","5","07","08","4","0","0","1","1","0","0"
"POINT (13.306880530000058 52.554914752000059)","Unfall 197015 (2019) Kat:2, Licht: 2","197015","2","6","2","07","23","4","0","2","0","1","0","0"
"POINT (13.311535299000070 52.547703656000067)","Unfall 197016 (2019) Kat:2, Licht: 0","197016","2","1","1","07","20","4","0","0","0","1","0","0"
"POINT (13.487089614000070 52.422897076000027)","Unfall 197017 (2019) Kat:3, Licht: 0","197017","3","3","5","07","19","4","0","0","0","1","0","0"
"POINT (13.375520921000032 52.548515080000072)","Unfall 197018 (2019) Kat:2, Licht: 0","197018","2","6","0","07","19","4","0","0","1","1","0","0"
"POINT (13.433725479000032 52.560323357000073)","Unfall 197019 (2019) Kat:3, Licht: 0","197019","3","3","0","07","06","4","0","0","0","1","0","1"
"POINT (13.436432428000046 52.548530262000043)","Unfall 197020 (2019) Kat:3, Licht: 0","197020","3","3","5","07","06","4","0","0","1","1","0","0"
"POINT (13.504980606000061 52.510813007000081)","Unfall 197021 (2019) Kat:3, Licht: 0","197021","3","3","5","07","05","4","0","0","1","1","0","0"