WKT,Name,OBJECTID,UKATEGORIE,UTYP1,UART,UMONAT,USTUNDE,UWOCHENTAG,STRZUSTAND,ULICHTVERH,ISTRAD,ISTPKW,ISTFUSS,ISTKRAD
"POINT (13.461268695000058 52.508569605000048)","Unfall 197022 (2019) Kat:2, Licht: 2","197022","2","1","0","07","01","4","0","2","0","0","0","0"
"POINT (13.313371192000034 52.435373506000076)","Unfall 197023 (2019) Kat:3, Licht: 0","197023","3","2","5","07","15","4","0","0","0","1","0","0"
"POINT (13.443285563000074 52.500374979000071)","Unfall 197024 (2019) Kat:2, Licht: 0","197024","2","2","0","07","09","3","0","0","1","1","0","0"
"POINT (13.440609067000025 52.517015920000063)","Unfall 197025 (2019) Kat:3, Licht: 0","197025","3","2","5","07","16","3","0","0","1","0","0","0"
"POINT (13.407905875000040 52.504443600000059)","Unfall 197026 (2019) Kat:3, Licht: 0","197026","3","2","5","07","18","3","0","0","1","1","0","0"
"POINT (13.462542772000063 52.549761760000081)","Unfall 197027 (2019) Kat:3, Licht: 0","197027","3","7","5","07","17","3","0","0","1","1","0","0"
"POINT (13.509490576000076 52.463463726000043)","Unfall 197028 (2019) Kat:2, Licht: 0","197028","2","3","5","07","17","3","0","0","0","1","0","1"
"POINT (13.438423647000036 52.484603167000046)","Unfall 197029 (2019) Kat:3, Licht: 0","197029","3","5","1","07","17","3","0","0","1","1","0","0"
"POINT (13.608155295000074 52.453168175000030)","Unfall 197030 (2019) Kat:3, Licht: 0","197030","3","7","2","07","16","3","0","0","0","1","0","0"
"POINT (13.398208060000059 52.495089050000047)","Unfall 197031 (2019) Kat:3, Licht: 2","197031","3","1","1","07","02","3","0","2","0","1","0","0"
"POINT (13.516719842000043 52.535305288000075)","Unfall 197032 (2019) Kat:3, Licht: 0","197032","3","6","2","07","14","3","0","0","0","1","0","0"
"POINT (13.184565083000052 52.515551485000060)","Unfall 197033 (2019) Kat:3, Licht: 0","197033","3","2","5","07","14","3","0","0","0","1","0","0"
"POINT (13.242682813000044 52.616262277000033)","Unfall 197034 (2019) Kat:3, Licht: 0","197034","3","5","1","07","13","3","0","0","0","1","0","1"
"POINT (13.334562304000031 52.496597359000077)","Unfall 197035 (2019) Kat:3, Licht: 0","197035","3","5","1","07","13","3","0","0","1","1","0","0"
"POINT (13.495642177000036 52.417751143000032)","Unfall 197036 (2019) Kat:3, Licht: 0","197036","3","3","5","07","13","3","0","0","1","1","0","0"
"POINT (13.399377248000064 52.452986305000081)","Unfall 197037 (2019) Kat:3, Licht: 0","197037","3","3","5","07","12","3","0","0","0","1","0","0"
"POINT (13.282068639000045 52.533802664000063)","Unfall 197038 (2019) Kat:3, Licht: 0","197038","3","6","2","07","12","3","0","0","0","1","0","0"
"POINT (13.452055773000041 52.510683886000038)","Unfall 197039 (2019) Kat:3, Licht: 0","197039","3","2","5","07","12","3","0","0","1","0","0","0"
"POINT (13.309462490000044 52.495247628000072)","Unfall 197040 (2019) Kat:3, Licht: 0","197040","3","4","6","07","10","3","0","0","0","1","1","0"
"POINT (13.305465699000024 52.479787538000039)","Unfall 197041 (2019) Kat:3, Licht: 0","197041","3","2","5","07","10","3","0","0","1","1","0","0"
"POINT (13.403063832000043 52.516690257000050)","Unfall 197042 (2019) Kat:3, Licht: 0","197042","3","6","4","07","18","3","0","0","1","0","0","0"
"POINT (13.397616400000061 52.495062216000065)","Unfall 197043 (2019) Kat:3, Licht: 0","197043","3","7","6","07","09","3","0","0","0","1","1","0"
"POINT (13.440914038000074 52.486460518000058)","Unfall 197044 (2019) Kat:3, Licht: 0","197044","3","3","0","07","19","3","0","0","1","0","0","0"
"POINT (13.457365988000049 52.529231443000072)","Unfall 197045 (2019) Kat:3, Licht: 0","197045","3","2","5","07","19","3","0","0","1","1","0","0"
"POINT (13.559338845000070 52.444793875000073)","Unfall 197046 (2019) Kat:2, Licht: 0","197046","2","6","3","07","06","3","0","0","0","1","0","0"
"POINT (13.548699556000031 52.427700258000073)","Unfall 197047 (2019) Kat:3, Licht: 0","197047","3","6","2","07","18","3","0","0","0","1","0","0"
"POINT (13.513468535000072 52.427662458000043)","Unfall 197048 (2019) Kat:2, Licht: 0","197048","2","1","0","07","18","3","0","0","0","0","0","1"
"POINT (13.585363535000056 52.411098053000046)","Unfall 197049 (2019) Kat:3, Licht: 0","197049","3","3","5","07","18","3","0","0","1","0","0","0"
"POINT (13.380644240000038 52.634096750000026)","Unfall 197050 (2019) Kat:3, Licht: 0","197050","3","3","5","07","16","3","0","0","1","1","0","0"
"POINT (13.290116424000075 52.519016381000029)","Unfall 197051 (2019) Kat:3, Licht: 0","197051","3","2","2","07","16","3","0","0","0","1","0","1"
"POINT (13.419134893000034 52.487609123000027)","Unfall 197052 (2019) Kat:3, Licht: 0","197052","3","1","0","07","16","3","0","0","1","0","0","0"
"POINT (13.324819552000065 52.497978887000045)","Unfall 197053 (2019) Kat:3, Licht: 0","197053","3","6","2","07","15","3","0","0","1","1","0","0"
"POINT (13.213349809000022 52.560985269000071)","Unfall 197054 (2019) Kat:3, Licht: 0","197054","3","6","3","07","15","3","0","0","1","0","0","0"
"POINT (13.349164548000033 52.551983029000041)","Unfall 197055 (2019) Kat:3, Licht: 0","197055","3","6","0","07","15","3","0","0","0","0","0","0"
"POINT (13.428248283000073 52.518120335000049)","Unfall 197056 (2019) Kat:3, Licht: 0","197056","3","6","2","07","17","3","0","0","0","1","0","1"
"POINT (13.433200343000067 52.489136305000045)","Unfall 197057 (2019) Kat:3, Licht: 0","197057","3","6","3","07","21","3","0","0","1","1","0","0"
"POINT (13.467535433000023 52.546995435000042)","Unfall 197058 (2019) Kat:3, Licht: 0","197058","3","6","2","07","13","3","0","0","0","1","0","0"
"POINT (13.548416406000058 52.456980217000080)","Unfall 197059 (2019) Kat:3, Licht: 0","197059","3","1","1","07","08","3","0","0","0","1","0","1"
"POINT (13.515636005000033 52.551749994000033)","Unfall 197060 (2019) Kat:3, Licht: 0","197060","3","6","2","07","16","2","0","0","0","1","0","0"
"POINT (13.201262178000036 52.512122926000075)","Unfall 197061 (2019) Kat:3, Licht: 0","197061","3","2","5","07","17","2","0","0","0","1","0","1"
"POINT (13.380705285000033 52.516626911000060)","Unfall 197062 (2019) Kat:3, Licht: 0","197062","3","2","2","07","16","2","0","0","0","0","0","1"
"POINT (13.235492292000060 52.435919167000065)","Unfall 197063 (2019) Kat:3, Licht: 0","197063","3","5","1","07","15","2","0","0","0","1","0","0"
"POINT (13.435365858000068 52.514707048000048)","Unfall 197064 (2019) Kat:2, Licht: 2","197064","2","2","5","07","21","2","0","2","1","1","0","0"
"POINT (13.427892320000069 52.420871317000035)","Unfall 197065 (2019) Kat:3, Licht: 0","197065","3","6","2","07","17","2","0","0","0","1","0","1"
"POINT (13.324352169000065 52.455936614000052)","Unfall 197066 (2019) Kat:3, Licht: 0","197066","3","1","0","07","19","2","0","0","0","0","0","1"
"POINT (13.453026147000060 52.470179658000063)","Unfall 197067 (2019) Kat:3, Licht: 0","197067","3","6","2","07","15","2","0","0","0","1","0","0"
"POINT (13.294465931000047 52.576453461000028)","Unfall 197068 (2019) Kat:2, Licht: 0","197068","2","4","6","07","15","2","0","0","0","1","1","0"
"POINT (13.391648839000027 52.522006426000075)","Unfall 197069 (2019) Kat:3, Licht: 0","197069","3","3","5","07","13","2","0","0","0","1","0","0"
"POINT (13.248596521000024 52.427071577000049)","Unfall 197070 (2019) Kat:3, Licht: 0","197070","3","3","5","07","12","2","0","0","0","1","0","0"
"POINT (13.415591525000025 52.487933861000045)","Unfall 197071 (2019) Kat:3, Licht: 2","197071","3","5","1","07","21","2","0","2","0","1","0","0"
"POINT (13.381372667000051 52.531921712000042)","Unfall 197072 (2019) Kat:3, Licht: 0","197072","3","6","3","07","12","2","0","0","1","0","0","0"
"POINT (13.329722370000070 52.522802252000076)","Unfall 197073 (2019) Kat:3, Licht: 0","197073","3","6","3","07","10","2","0","0","1","0","0","0"
"POINT (13.267016212000044 52.514319729000078)","Unfall 197074 (2019) Kat:3, Licht: 0","197074","3","3","5","07","10","2","0","0","0","1","0","0"
"POINT (13.409328473000073 52.528635204000068)","Unfall 197075 (2019) Kat:3, Licht: 0","197075","3","6","2","07","10","2","0","0","0","1","0","0"
"POINT (13.530443099000024 52.442848342000048)","Unfall 197076 (2019) Kat:3, Licht: 0","197076","3","6","3","07","10","2","0","0","0","1","0","0"
"POINT (13.503901974000030 52.460844858000030)","Unfall 197077 (2019) Kat:3, Licht: 0","197077","3","3","5","07","09","2","0","0","1","1","0","0"
"POINT (13.193232996000063 52.433682030000057)","Unfall 197078 (2019) Kat:3, Licht: 0","197078","3","3","5","07","08","2","1","0","1","1","0","0"
"POINT (13.409786639000060 52.455332292000037)","Unfall 197079 (2019) Kat:3, Licht: 0","197079","3","6","2","07","08","2","0","0","0","1","0","0"
"POINT (13.133405135000032 52.553775888000075)","Unfall 197080 (2019) Kat:3, Licht: 0","197080","3","6","0","07","06","2","0","0","0","1","0","1"
"POINT (13.349108561000037 52.523401837000051)","Unfall 197081 (2019) Kat:3, Licht: 0","197081","3","7","5","07","09","2","0","0","1","1","0","0"
"POINT (13.374105404000034 52.556840233000059)","Unfall 197082 (2019) Kat:3, Licht: 0","197082","3","6","2","07","12","1","0","0","0","1","0","0"
"POINT (13.357218572000022 52.523718931000076)","Unfall 197083 (2019) Kat:3, Licht: 0","197083","3","1","0","07","18","1","0","0","1","0","0","0"
"POINT (13.436686604000045 52.545001722000052)","Unfall 197084 (2019) Kat:3, Licht: 0","197084","3","6","3","07","14","1","0","0","0","1","0","0"
"POINT (13.442854051000040 52.501006269000072)","Unfall 197085 (2019) Kat:3, Licht: 2","197085","3","1","9","07","01","1","1","2","0","1","0","0"
"POINT (13.403176110000061 52.531975023000030)","Unfall 197086 (2019) Kat:3, Licht: 2","197086","3","1","0","07","01","1","1","2","1","0","0","0"
"POINT (13.424973746000035 52.502051870000059)","Unfall 197087 (2019) Kat:2, Licht: 1","197087","2","3","0","07","21","1","0","1","0","1","0","1"
"POINT (13.446082513000022 52.512869449000050)","Unfall 197088 (2019) Kat:3, Licht: 0","197088","3","7","0","07","19","1","0","0","0","0","0","0"
"POINT (13.119383652000067 52.528992765000055)","Unfall 197089 (2019) Kat:3, Licht: 0","197089","3","6","2","07","18","1","0","0","0","1","0","0"
"POINT (13.429066576000025 52.471630712000035)","Unfall 197090 (2019) Kat:3, Licht: 0","197090","3","4","6","07","17","1","0","0","0","0","1","1"
"POINT (13.602272180000057 52.479094695000072)","Unfall 197091 (2019) Kat:3, Licht: 0","197091","3","1","8","07","10","1","0","0","0","1","0","0"
"POINT (13.358447453000053 52.554012689000047)","Unfall 197092 (2019) Kat:3, Licht: 1","197092","3","4","6","07","20","1","0","1","1","0","1","0"
"POINT (13.326066857000058 52.561817879000046)","Unfall 197093 (2019) Kat:3, Licht: 0","197093","3","3","0","07","13","7","0","0","0","1","0","1"
"POINT (13.450156565000043 52.507470109000053)","Unfall 197094 (2019) Kat:3, Licht: 0","197094","3","1","0","07","15","7","1","0","0","1","0","0"
"POINT (13.463245551000057 52.454526155000053)","Unfall 197095 (2019) Kat:2, Licht: 1","197095","2","1","9","07","03","7","0","1","0","0","0","1"
"POINT (13.330944496000029 52.505274299000064)","Unfall 197096 (2019) Kat:3, Licht: 2","197096","3","6","3","07","00","7","0","2","0","1","0","0"
"POINT (13.283431227000051 52.451924505000079)","Unfall 197097 (2019) Kat:3, Licht: 0","197097","3","6","3","07","18","7","1","0","1","1","0","0"
"POINT (13.362825678000036 52.494173533000037)","Unfall 197098 (2019) Kat:3, Licht: 2","197098","3","4","6","07","23","7","1","2","0","1","1","0"
"POINT (13.412416358000030 52.394394060000081)","Unfall 197099 (2019) Kat:2, Licht: 2","197099","2","2","0","07","22","7","1","2","0","1","0","1"
"POINT (13.562987069000030 52.514207303000035)","Unfall 197100 (2019) Kat:3, Licht: 2","197100","3","2","5","07","21","7","1","2","1","1","0","0"
"POINT (13.440541554000049 52.473838964000038)","Unfall 197101 (2019) Kat:3, Licht: 1","197101","3","2","6","07","21","7","1","1","0","1","1","0"
"POINT (13.418967765000048 52.503717869000070)","Unfall 197102 (2019) Kat:3, Licht: 0","197102","3","7","5","07","19","7","0","0","0","1","0","1"
"POINT (13.570410268000046 52.440809019000028)","Unfall 197103 (2019) Kat:2, Licht: 0","197103","2","7","5","07","18","7","0","0","0","1","0","0"
"POINT (13.383977093000055 52.529828569000074)","Unfall 197104 (2019) Kat:3, Licht: 0","197104","3","2","6","07","17","7","0","0","0","1","1","0"
"POINT (13.340655790000028 52.445677709000051)","Unfall 197105 (2019) Kat:3, Licht: 0","197105","3","6","2","07","16","7","1","0","1","1","0","0"
"POINT (13.385621479000065 52.555618723000066)","Unfall 197106 (2019) Kat:3, Licht: 0","197106","3","5","1","07","16","7","1","0","0","1","0","0"
"POINT (13.363896792000048 52.488339328000052)","Unfall 197107 (2019) Kat:3, Licht: 0","197107","3","1","0","07","15","7","1","0","0","1","0","1"
"POINT (13.334913309000058 52.560053662000030)","Unfall 197108 (2019) Kat:3, Licht: 0","197108","3","3","5","07","14","7","1","0","1","1","0","0"
"POINT (13.217322692000039 52.611402918000067)","Unfall 197109 (2019) Kat:3, Licht: 0","197109","3","6","2","07","14","7","0","0","0","1","0","0"
"POINT (13.144981394000069 52.414886352000053)","Unfall 197110 (2019) Kat:3, Licht: 0","197110","3","4","6","07","14","7","0","0","0","1","1","0"
"POINT (13.182918203000042 52.547874081000032)","Unfall 197111 (2019) Kat:3, Licht: 0","197111","3","2","5","07","13","7","0","0","0","1","0","1"
"POINT (13.188634409000031 52.556448256000067)","Unfall 197112 (2019) Kat:3, Licht: 0","197112","3","3","5","07","13","7","0","0","0","1","0","0"
"POINT (13.475878776000059 52.520361750000063)","Unfall 197113 (2019) Kat:3, Licht: 0","197113","3","1","0","07","13","7","0","0","1","0","0","0"
"POINT (13.362855441000022 52.488910316000045)","Unfall 197114 (2019) Kat:3, Licht: 0","197114","3","2","5","07","12","7","0","0","1","1","0","0"
"POINT (13.450128888000052 52.476692679000053)","Unfall 197115 (2019) Kat:3, Licht: 0","197115","3","2","5","07","12","7","0","0","0","1","0","0"
"POINT (13.320945358000074 52.483987224000032)","Unfall 197116 (2019) Kat:3, Licht: 0","197116","3","3","2","07","11","7","0","0","0","1","0","0"
"POINT (13.283358794000037 52.458853620000070)","Unfall 197117 (2019) Kat:3, Licht: 0","197117","3","2","0","07","08","7","0","0","1","1","0","0"
"POINT (13.343007886000066 52.525510446000055)","Unfall 197118 (2019) Kat:3, Licht: 0","197118","3","2","6","07","07","7","0","0","0","1","1","0"
"POINT (13.320440191000046 52.501675938000062)","Unfall 197119 (2019) Kat:3, Licht: 0","197119","3","6","3","07","10","7","0","0","1","1","0","0"
"POINT (13.508252596000034 52.450760585000069)","Unfall 197120 (2019) Kat:3, Licht: 0","197120","3","6","2","07","12","7","0","0","0","1","0","0"
"POINT (13.602191200000050 52.483295237000050)","Unfall 197121 (2019) Kat:2, Licht: 0","197121","2","3","5","07","08","6","1","0","1","1","0","0"
"POINT (13.331019785000024 52.501652125000078)","Unfall 197122 (2019) Kat:3, Licht: 0","197122","3","5","1","07","14","6","0","0","0","1","0","0"
"POINT (13.559598896000068 52.499305596000056)","Unfall 197123 (2019) Kat:3, Licht: 0","197123","3","3","5","07","10","6","1","0","0","1","0","0"
"POINT (13.343574748000037 52.479984154000078)","Unfall 197124 (2019) Kat:3, Licht: 0","197124","3","7","6","07","11","6","0","0","0","1","1","0"
"POINT (13.433369634000030 52.480842865000056)","Unfall 197125 (2019) Kat:3, Licht: 2","197125","3","5","0","07","21","6","0","2","0","1","0","0"
"POINT (13.408613581000054 52.553947584000070)","Unfall 197126 (2019) Kat:3, Licht: 0","197126","3","2","5","07","17","6","0","0","1","1","0","0"
"POINT (13.366027476000056 52.525087082000027)","Unfall 197127 (2019) Kat:3, Licht: 0","197127","3","6","3","07","17","6","1","0","1","0","0","0"
"POINT (13.256166915000051 52.428805561000047)","Unfall 197128 (2019) Kat:3, Licht: 0","197128","3","2","5","07","17","6","0","0","1","1","0","0"
"POINT (13.571339803000058 52.545919143000049)","Unfall 197129 (2019) Kat:3, Licht: 0","197129","3","2","2","07","17","4","0","0","0","1","0","0"
"POINT (13.328813925000077 52.478847655000038)","Unfall 197130 (2019) Kat:3, Licht: 0","197130","3","3","5","07","08","4","0","0","1","0","0","0"
"POINT (13.153797165000071 52.553987587000051)","Unfall 197131 (2019) Kat:3, Licht: 0","197131","3","2","5","07","15","6","1","0","1","1","0","0"
"POINT (13.311633503000053 52.433548422000058)","Unfall 197132 (2019) Kat:3, Licht: 0","197132","3","6","2","07","14","6","0","0","0","1","0","0"
"POINT (13.503081110000039 52.636573454000029)","Unfall 197133 (2019) Kat:2, Licht: 0","197133","2","3","5","07","14","6","1","0","0","1","0","1"
"POINT (13.385608031000061 52.550150772000052)","Unfall 197134 (2019) Kat:3, Licht: 0","197134","3","6","2","07","14","6","1","0","0","1","0","0"
"POINT (13.284329257000024 52.575636180000060)","Unfall 197135 (2019) Kat:3, Licht: 0","197135","3","2","2","07","14","6","1","0","0","1","0","0"
"POINT (13.339262729000041 52.596518410000044)","Unfall 197136 (2019) Kat:3, Licht: 0","197136","3","6","2","07","13","6","1","0","0","1","0","0"
"POINT (13.341414722000025 52.525542633000043)","Unfall 197137 (2019) Kat:3, Licht: 0","197137","3","6","2","07","12","6","1","0","0","1","0","0"
"POINT (13.446441767000067 52.502380440000081)","Unfall 197138 (2019) Kat:3, Licht: 0","197138","3","7","6","07","12","6","1","0","1","0","0","0"
"POINT (13.583293549000075 52.549083391000067)","Unfall 197139 (2019) Kat:3, Licht: 0","197139","3","6","2","07","16","6","0","0","0","1","0","0"
"POINT (13.519072416000029 52.532742293000069)","Unfall 197140 (2019) Kat:3, Licht: 0","197140","3","3","5","07","12","6","1","0","0","1","0","0"
"POINT (13.592870613000059 52.548345046000065)","Unfall 197141 (2019) Kat:3, Licht: 0","197141","3","3","5","07","12","6","1","0","1","1","0","0"
"POINT (13.350235681000072 52.414285012000050)","Unfall 197142 (2019) Kat:3, Licht: 0","197142","3","2","5","07","11","6","0","0","0","1","0","0"
"POINT (13.339979841000059 52.588170442000035)","Unfall 197143 (2019) Kat:2, Licht: 0","197143","2","3","5","07","10","6","1","0","0","1","0","0"
"POINT (13.367271567000046 52.493429213000070)","Unfall 197144 (2019) Kat:3, Licht: 0","197144","3","1","0","07","10","6","1","0","1","0","0","0"
"POINT (13.478758527000025 52.501826630000039)","Unfall 197145 (2019) Kat:3, Licht: 0","197145","3","5","1","07","12","6","1","0","1","1","0","0"
"POINT (13.284824609000054 52.595868488000065)","Unfall 197146 (2019) Kat:3, Licht: 0","197146","3","1","8","07","10","6","1","0","0","1","0","0"
"POINT (13.417577939000068 52.572387969000033)","Unfall 197147 (2019) Kat:3, Licht: 0","197147","3","6","2","07","16","6","1","0","0","1","0","0"
"POINT (13.327825310000037 52.505521869000063)","Unfall 197148 (2019) Kat:3, Licht: 0","197148","3","7","5","07","15","6","1","0","0","1","0","0"
"POINT (13.352281620000042 52.505662028000074)","Unfall 197149 (2019) Kat:3, Licht: 0","197149","3","1","0","07","10","6","1","0","0","0","0","1"
"POINT (13.498073413000043 52.628284435000069)","Unfall 197150 (2019) Kat:3, Licht: 0","197150","3","3","0","07","10","6","1","0","0","1","0","1"
"POINT (13.332758097000067 52.476847337000038)","Unfall 197151 (2019) Kat:3, Licht: 0","197151","3","5","1","07","09","6","1","0","1","1","0","0"
"POINT (13.320168294000041 52.484291341000073)","Unfall 197152 (2019) Kat:3, Licht: 0","197152","3","6","2","07","09","6","1","0","0","1","0","0"
"POINT (13.200372201000050 52.555413842000064)","Unfall 197153 (2019) Kat:3, Licht: 0","197153","3","6","2","07","08","6","1","0","0","1","0","0"
"POINT (13.399901859000067 52.512981134000029)","Unfall 197154 (2019) Kat:3, Licht: 0","197154","3","7","0","07","09","6","0","0","1","1","0","0"
"POINT (13.416336422000029 52.451609072000053)","Unfall 197155 (2019) Kat:2, Licht: 0","197155","2","1","9","07","08","6","1","0","0","1","0","0"
"POINT (13.296721348000062 52.497544136000045)","Unfall 197156 (2019) Kat:3, Licht: 0","197156","3","1","0","07","08","6","1","0","0","0","0","1"
"POINT (13.366810861000033 52.449665354000047)","Unfall 197157 (2019) Kat:3, Licht: 0","197157","3","2","5","07","08","6","1","0","0","1","0","0"
"POINT (13.361647833000063 52.505515588000037)","Unfall 197158 (2019) Kat:3, Licht: 0","197158","3","6","2","07","07","6","1","0","0","1","0","0"
"POINT (13.591619789000049 52.541472089000081)","Unfall 197159 (2019) Kat:3, Licht: 0","197159","3","3","5","07","07","6","1","0","0","1","0","0"
"POINT (13.284740013000032 52.595969440000033)","Unfall 197160 (2019) Kat:3, Licht: 0","197160","3","6","2","07","07","6","1","0","0","1","0","0"
"POINT (13.398911797000039 52.532615014000044)","Unfall 197161 (2019) Kat:2, Licht: 0","197161","2","2","5","07","06","6","1","0","0","1","0","1"
"POINT (13.197948865000058 52.519461805000049)","Unfall 197162 (2019) Kat:3, Licht: 0","197162","3","3","5","07","06","6","1","0","0","1","0","0"
"POINT (13.396423620000064 52.491025097000033)","Unfall 197163 (2019) Kat:3, Licht: 2","197163","3","3","0","07","01","6","0","2","1","1","0","0"
"POINT (13.313910563000036 52.506523471000037)","Unfall 197164 (2019) Kat:3, Licht: 0","197164","3","7","2","07","16","6","0","0","1","1","0","0"
"POINT (13.385677013000077 52.496585760000073)","Unfall 197165 (2019) Kat:3, Licht: 0","197165","3","2","5","07","09","5","0","0","1","0","0","0"
"POINT (13.451738155000044 52.512590620000026)","Unfall 197166 (2019) Kat:3, Licht: 0","197166","3","7","6","07","14","5","0","0","0","0","1","0"
"POINT (13.430925485000046 52.509859558000073)","Unfall 197167 (2019) Kat:3, Licht: 0","197167","3","4","6","07","14","5","0","0","1","0","1","0"
"POINT (13.198606740000059 52.533350455000061)","Unfall 197168 (2019) Kat:3, Licht: 0","197168","3","3","5","07","14","5","0","0","0","1","0","1"
"POINT (13.430294522000054 52.588849401000061)","Unfall 197169 (2019) Kat:3, Licht: 0","197169","3","6","2","07","14","5","0","0","0","1","0","0"
"POINT (13.385441327000024 52.466095776000031)","Unfall 197170 (2019) Kat:3, Licht: 2","197170","3","2","5","07","22","5","1","2","1","1","0","0"
"POINT (13.374555222000026 52.542337229000054)","Unfall 197171 (2019) Kat:3, Licht: 0","197171","3","4","6","07","13","5","0","0","1","0","1","0"
"POINT (13.289246659000071 52.518962291000037)","Unfall 197172 (2019) Kat:2, Licht: 0","197172","2","7","0","07","19","5","0","0","1","0","0","0"
"POINT (13.383277056000054 52.511414604000038)","Unfall 197173 (2019) Kat:3, Licht: 0","197173","3","6","6","07","13","5","0","0","1","0","1","0"
"POINT (13.465165779000074 52.498180459000082)","Unfall 197174 (2019) Kat:3, Licht: 0","197174","3","6","2","07","20","5","0","0","0","1","0","1"
"POINT (13.386521220000077 52.549609655000040)","Unfall 197175 (2019) Kat:3, Licht: 0","197175","3","4","6","07","19","5","0","0","0","1","1","0"
"POINT (13.451321658000040 52.526090462000070)","Unfall 197176 (2019) Kat:3, Licht: 0","197176","3","7","2","07","13","5","0","0","0","1","0","1"
"POINT (13.434415568000077 52.504143703000068)","Unfall 197177 (2019) Kat:3, Licht: 0","197177","3","3","5","07","20","5","0","0","1","0","0","0"
"POINT (13.565801319000059 52.544849349000060)","Unfall 197178 (2019) Kat:3, Licht: 0","197178","3","3","0","07","12","5","0","0","0","1","0","1"
"POINT (13.320421059000068 52.476757689000067)","Unfall 197179 (2019) Kat:2, Licht: 0","197179","2","3","5","07","12","5","0","0","0","1","0","0"
"POINT (13.192608382000060 52.530895348000058)","Unfall 197180 (2019) Kat:3, Licht: 0","197180","3","2","5","07","11","5","0","0","0","1","0","1"
"POINT (13.462855440000055 52.515025251000054)","Unfall 197181 (2019) Kat:3, Licht: 0","197181","3","2","5","07","10","5","0","0","1","1","0","0"
"POINT (13.482194290000052 52.481501291000029)","Unfall 197182 (2019) Kat:2, Licht: 0","197182","2","6","2","07","09","5","0","0","0","1","0","0"
"POINT (13.360283938000066 52.537299453000060)","Unfall 197183 (2019) Kat:3, Licht: 0","197183","3","2","5","07","09","5","0","0","0","1","0","0"
"POINT (13.432592194000051 52.488505271000065)","Unfall 197184 (2019) Kat:2, Licht: 0","197184","2","5","1","07","17","5","0","0","1","1","0","0"
"POINT (13.345189559000062 52.490295492000030)","Unfall 197185 (2019) Kat:3, Licht: 0","197185","3","2","5","07","08","5","0","0","1","1","0","0"
"POINT (13.388845940000067 52.499465276000080)","Unfall 197186 (2019) Kat:3, Licht: 0","197186","3","2","6","07","08","5","0","0","0","1","1","0"
"POINT (13.475352246000057 52.475811461000035)","Unfall 197187 (2019) Kat:3, Licht: 0","197187","3","2","5","07","09","5","0","0","1","1","0","0"
"POINT (13.434788291000075 52.478625970000053)","Unfall 197188 (2019) Kat:3, Licht: 2","197188","3","1","9","07","23","5","1","2","0","1","0","0"
"POINT (13.294455880000044 52.600919985000075)","Unfall 197189 (2019) Kat:3, Licht: 2","197189","3","1","0","07","23","5","0","2","1","0","0","0"
"POINT (13.427967565000074 52.473732168000026)","Unfall 197190 (2019) Kat:3, Licht: 2","197190","3","5","1","07","22","5","1","2","1","1","0","0"
"POINT (13.386496098000066 52.445613907000052)","Unfall 197191 (2019) Kat:3, Licht: 0","197191","3","7","6","07","17","5","0","0","0","1","1","0"
"POINT (13.500267377000057 52.510639259000072)","Unfall 197192 (2019) Kat:3, Licht: 0","197192","3","1","0","07","14","5","0","0","0","0","0","1"
"POINT (13.238223397000070 52.526764514000035)","Unfall 197193 (2019) Kat:3, Licht: 1","197193","3","5","1","07","21","4","0","1","0","1","0","0"
"POINT (13.421910471000047 52.462454060000027)","Unfall 197194 (2019) Kat:2, Licht: 1","197194","2","3","5","07","21","4","0","1","1","0","0","0"
"POINT (13.399619089000055 52.494384100000048)","Unfall 197195 (2019) Kat:3, Licht: 1","197195","3","3","5","07","21","4","1","1","1","1","0","0"
"POINT (13.386193772000070 52.531362152000042)","Unfall 197196 (2019) Kat:3, Licht: 2","197196","3","1","0","07","21","4","1","2","0","0","0","1"
"POINT (13.390220842000076 52.507681651000041)","Unfall 197197 (2019) Kat:3, Licht: 2","197197","3","3","5","07","21","4","1","2","1","1","0","0"
"POINT (13.324186364000070 52.502252221000049)","Unfall 197198 (2019) Kat:3, Licht: 0","197198","3","6","3","07","20","4","0","0","1","1","0","0"
"POINT (13.125902910000036 52.535560734000057)","Unfall 197199 (2019) Kat:2, Licht: 0","197199","2","1","9","07","20","4","0","0","0","0","0","1"
"POINT (13.390737508000029 52.517001167000046)","Unfall 197200 (2019) Kat:3, Licht: 0","197200","3","2","5","07","20","4","0","0","1","1","0","0"
"POINT (13.485326903000043 52.526735482000049)","Unfall 197201 (2019) Kat:3, Licht: 0","197201","3","3","5","07","19","4","0","0","0","1","0","0"
"POINT (13.403956788000073 52.495365643000071)","Unfall 197202 (2019) Kat:3, Licht: 0","197202","3","2","0","07","19","4","0","0","0","1","0","1"
"POINT (13.519750579000060 52.525863158000050)","Unfall 197203 (2019) Kat:3, Licht: 0","197203","3","7","5","07","18","4","0","0","0","1","0","0"
"POINT (13.325417894000054 52.461865271000079)","Unfall 197204 (2019) Kat:3, Licht: 0","197204","3","6","0","07","18","4","0","0","1","0","0","0"
"POINT (13.448098407000032 52.477788360000034)","Unfall 197205 (2019) Kat:3, Licht: 0","197205","3","2","5","07","17","4","0","0","1","1","0","0"
"POINT (13.381996672000071 52.513942730000053)","Unfall 197206 (2019) Kat:3, Licht: 0","197206","3","2","5","07","17","4","0","0","1","1","0","0"