WKT,Name,OBJECTID,UKATEGORIE,UTYP1,UART,UMONAT,USTUNDE,UWOCHENTAG,STRZUSTAND,ULICHTVERH,ISTRAD,ISTPKW,ISTFUSS,ISTKRAD
"POINT (13.563963814000033 52.518843130000050)","Unfall 197207 (2019) Kat:3, Licht: 0","197207","3","2","5","07","15","4","0","0","0","1","0","0"
"POINT (13.457937590000029 52.528823505000048)","Unfall 197208 (2019) Kat:3, Licht: 0","197208","3","3","5","07","14","4","0","0","1","0","0","0"
"POINT (13.374174491000076 52.543653616000029)","Unfall 197209 (2019) Kat:3, Licht: 0","197209","3","7","2","07","14","4","0","0","1","1","0","0"
"POINT (13.304947863000052 52.552848446000041)","Unfall 197210 (2019) Kat:3, Licht: 0","197210","3","6","3","07","13","4","0","0","0","1","0","0"
"POINT (13.236372050000057 52.611752714000033)","Unfall 197211 (2019) Kat:3, Licht: 0","197211","3","5","1","07","13","4","0","0","0","1","0","0"
"POINT (13.427357395000058 52.474862332000043)","Unfall 197212 (2019) Kat:3, Licht: 0","197212","3","6","2","07","11","4","0","0","0","1","0","0"
"POINT (13.539538970000024 52.450817836000056)","Unfall 197213 (2019) Kat:2, Licht: 0","197213","2","4","6","07","10","4","0","0","0","1","1","0"
"POINT (13.420861407000075 52.565971219000062)","Unfall 197214 (2019) Kat:3, Licht: 0","197214","3","5","1","07","07","4","0","0","0","1","0","0"
"POINT (13.444699655000022 52.579276228000026)","Unfall 197215 (2019) Kat:3, Licht: 0","197215","3","6","2","07","10","4","0","0","0","1","0","0"
"POINT (13.413605361000066 52.553935970000055)","Unfall 197216 (2019) Kat:3, Licht: 0","197216","3","6","3","07","09","4","0","0","0","1","0","1"
"POINT (13.378629884000077 52.528566156000068)","Unfall 197217 (2019) Kat:3, Licht: 0","197217","3","3","5","07","10","4","0","0","0","1","0","1"
"POINT (13.439509747000045 52.482084898000039)","Unfall 197218 (2019) Kat:3, Licht: 2","197218","3","6","2","07","03","7","0","2","1","1","0","0"
"POINT (13.392372827000031 52.492130467000038)","Unfall 197219 (2019) Kat:2, Licht: 2","197219","2","1","0","07","03","7","0","2","0","0","0","1"
"POINT (13.266456516000062 52.533706567000081)","Unfall 197220 (2019) Kat:2, Licht: 2","197220","2","1","0","07","02","7","0","2","0","1","0","0"
"POINT (13.344590090000054 52.506455860000074)","Unfall 197221 (2019) Kat:2, Licht: 2","197221","2","3","5","07","22","6","0","2","1","0","0","0"
"POINT (13.326567427000043 52.519404680000036)","Unfall 197222 (2019) Kat:3, Licht: 0","197222","3","2","5","07","14","7","0","0","1","1","0","0"
"POINT (13.303282866000075 52.509860431000050)","Unfall 197223 (2019) Kat:2, Licht: 0","197223","2","6","3","07","14","7","0","0","1","1","0","0"
"POINT (13.356379981000032 52.535890605000077)","Unfall 197224 (2019) Kat:3, Licht: 0","197224","3","2","0","07","13","7","0","0","0","1","0","1"
"POINT (13.441790303000062 52.490988502000050)","Unfall 197225 (2019) Kat:3, Licht: 2","197225","3","4","6","07","22","7","0","2","1","0","1","0"
"POINT (13.390476447000026 52.512155992000032)","Unfall 197226 (2019) Kat:2, Licht: 0","197226","2","7","0","07","13","7","0","0","0","1","1","0"
"POINT (13.343201416000056 52.531942648000040)","Unfall 197227 (2019) Kat:2, Licht: 0","197227","2","2","2","07","12","7","0","0","1","1","0","0"
"POINT (13.430170372000077 52.510144917000048)","Unfall 197228 (2019) Kat:3, Licht: 1","197228","3","2","5","07","21","7","0","1","1","1","0","0"
"POINT (13.188830627000073 52.521695422000050)","Unfall 197229 (2019) Kat:2, Licht: 0","197229","2","2","5","07","12","7","0","0","0","1","0","0"
"POINT (13.316206252000029 52.613874125000052)","Unfall 197230 (2019) Kat:3, Licht: 0","197230","3","2","5","07","12","7","0","0","1","1","0","0"
"POINT (13.237245836000056 52.469275543000037)","Unfall 197231 (2019) Kat:3, Licht: 0","197231","3","2","5","07","12","7","0","0","1","1","0","0"
"POINT (13.343582554000022 52.573625793000076)","Unfall 197232 (2019) Kat:3, Licht: 0","197232","3","5","4","07","12","7","0","0","0","1","0","0"
"POINT (13.564020994000032 52.518871486000080)","Unfall 197233 (2019) Kat:3, Licht: 0","197233","3","6","3","07","19","7","0","0","0","1","0","1"
"POINT (13.476675862000036 52.425643723000064)","Unfall 197234 (2019) Kat:3, Licht: 0","197234","3","1","0","07","11","7","0","0","0","0","0","1"
"POINT (13.390632250000067 52.531843927000068)","Unfall 197235 (2019) Kat:3, Licht: 0","197235","3","5","1","07","11","7","0","0","1","0","0","0"
"POINT (13.429195695000033 52.556364597000027)","Unfall 197236 (2019) Kat:3, Licht: 0","197236","3","2","5","07","11","7","0","0","0","1","0","0"
"POINT (13.483973209000055 52.474162861000082)","Unfall 197237 (2019) Kat:3, Licht: 0","197237","3","3","5","07","11","7","0","0","0","1","0","0"
"POINT (13.345790387000022 52.503964712000027)","Unfall 197238 (2019) Kat:2, Licht: 0","197238","2","3","5","07","11","7","0","0","1","1","0","0"
"POINT (13.524698428000022 52.478588638000076)","Unfall 197239 (2019) Kat:3, Licht: 0","197239","3","3","5","07","10","7","0","0","1","0","0","0"
"POINT (13.545403120000060 52.425809871000070)","Unfall 197240 (2019) Kat:3, Licht: 0","197240","3","6","0","07","08","7","0","0","0","0","0","1"
"POINT (13.426423216000046 52.515856139000050)","Unfall 197241 (2019) Kat:3, Licht: 1","197241","3","3","5","07","04","7","0","1","0","1","0","0"
"POINT (13.279115696000076 52.525234967000074)","Unfall 197242 (2019) Kat:3, Licht: 0","197242","3","6","3","07","07","6","0","0","1","0","0","0"
"POINT (13.508897030000071 52.452497516000051)","Unfall 197243 (2019) Kat:3, Licht: 0","197243","3","6","3","07","06","6","0","0","1","0","0","0"
"POINT (13.507643011000027 52.564299723000033)","Unfall 197244 (2019) Kat:3, Licht: 0","197244","3","2","5","07","16","6","0","0","1","1","0","0"
"POINT (13.390218594000032 52.585184675000050)","Unfall 197245 (2019) Kat:3, Licht: 0","197245","3","3","5","07","16","6","0","0","1","1","0","0"
"POINT (13.333155997000063 52.452393575000031)","Unfall 197246 (2019) Kat:3, Licht: 0","197246","3","6","2","07","15","6","0","0","0","1","0","1"
"POINT (13.533510256000056 52.481727453000076)","Unfall 197247 (2019) Kat:2, Licht: 0","197247","2","1","0","07","15","6","0","0","0","0","0","0"
"POINT (13.260089882000045 52.434294353000041)","Unfall 197248 (2019) Kat:2, Licht: 0","197248","2","7","5","07","15","6","0","0","0","0","0","1"
"POINT (13.436893579000071 52.495712628000035)","Unfall 197249 (2019) Kat:2, Licht: 0","197249","2","3","5","07","15","6","0","0","1","0","0","0"
"POINT (13.348790801000064 52.502085088000058)","Unfall 197250 (2019) Kat:3, Licht: 0","197250","3","6","2","07","13","6","0","0","0","1","0","0"
"POINT (13.476993038000046 52.563217172000066)","Unfall 197251 (2019) Kat:3, Licht: 0","197251","3","3","5","07","13","6","0","0","0","1","0","0"
"POINT (13.326097812000057 52.538716081000075)","Unfall 197252 (2019) Kat:3, Licht: 0","197252","3","6","2","07","13","6","0","0","0","1","0","1"
"POINT (13.506225363000055 52.453874166000048)","Unfall 197253 (2019) Kat:3, Licht: 0","197253","3","2","5","07","13","6","0","0","1","1","0","0"
"POINT (13.434917415000029 52.440178555000045)","Unfall 197254 (2019) Kat:2, Licht: 0","197254","2","6","2","07","12","6","0","0","0","1","0","0"
"POINT (13.407755855000062 52.488349094000057)","Unfall 197255 (2019) Kat:3, Licht: 0","197255","3","7","0","07","12","6","0","0","1","0","0","0"
"POINT (13.286271632000023 52.509822907000057)","Unfall 197256 (2019) Kat:3, Licht: 0","197256","3","7","6","07","11","6","0","0","0","1","1","0"
"POINT (13.398920823000026 52.413970169000038)","Unfall 197257 (2019) Kat:3, Licht: 0","197257","3","6","3","07","11","6","0","0","0","1","0","1"
"POINT (13.430181022000056 52.506516215000033)","Unfall 197258 (2019) Kat:3, Licht: 0","197258","3","2","5","07","10","6","0","0","1","0","0","0"
"POINT (13.456004297000050 52.530870287000027)","Unfall 197259 (2019) Kat:3, Licht: 2","197259","3","3","5","07","22","6","0","2","1","1","0","0"
"POINT (13.372104979000028 52.469796344000031)","Unfall 197260 (2019) Kat:3, Licht: 2","197260","3","2","5","07","21","6","0","2","0","1","0","0"
"POINT (13.454227033000052 52.493932254000072)","Unfall 197261 (2019) Kat:2, Licht: 1","197261","2","3","5","07","21","6","0","1","1","1","0","0"
"POINT (13.430137262000073 52.510157429000060)","Unfall 197262 (2019) Kat:3, Licht: 0","197262","3","3","5","07","20","6","0","0","1","1","0","0"
"POINT (13.385588008000070 52.471562112000072)","Unfall 197263 (2019) Kat:3, Licht: 0","197263","3","2","5","07","19","6","0","0","0","1","0","0"
"POINT (13.311163845000067 52.500503915000081)","Unfall 197264 (2019) Kat:3, Licht: 2","197264","3","3","5","07","01","6","0","2","0","1","0","0"
"POINT (13.454176560000064 52.429730956000071)","Unfall 197265 (2019) Kat:3, Licht: 0","197265","3","7","5","07","19","6","0","0","1","1","0","0"
"POINT (13.525560713000061 52.481998486000066)","Unfall 197266 (2019) Kat:3, Licht: 0","197266","3","4","6","07","10","6","0","0","0","1","1","0"
"POINT (13.196531896000067 52.530664782000031)","Unfall 197267 (2019) Kat:3, Licht: 0","197267","3","6","0","07","09","6","0","0","0","0","0","0"
"POINT (13.485004473000060 52.533442491000073)","Unfall 197268 (2019) Kat:3, Licht: 0","197268","3","2","5","07","09","6","0","0","1","1","0","0"
"POINT (13.387799961000042 52.522485278000033)","Unfall 197269 (2019) Kat:3, Licht: 0","197269","3","3","5","07","09","6","0","0","0","1","0","0"
"POINT (13.356853894000039 52.542333608000035)","Unfall 197270 (2019) Kat:2, Licht: 0","197270","2","3","5","07","08","6","0","0","1","1","0","0"
"POINT (13.330248177000044 52.469196655000076)","Unfall 197271 (2019) Kat:3, Licht: 0","197271","3","6","4","07","08","6","0","0","1","1","0","0"
"POINT (13.497091715000067 52.500808109000047)","Unfall 197272 (2019) Kat:3, Licht: 0","197272","3","3","5","07","07","6","0","0","1","1","0","0"
"POINT (13.577130100000034 52.461952941000050)","Unfall 197273 (2019) Kat:3, Licht: 0","197273","3","1","1","07","06","6","0","0","0","1","0","0"
"POINT (13.466295713000022 52.500477289000059)","Unfall 197274 (2019) Kat:3, Licht: 0","197274","3","2","5","07","06","6","0","0","1","1","0","0"
"POINT (13.385802337000030 52.516811421000057)","Unfall 197275 (2019) Kat:3, Licht: 0","197275","3","6","3","07","15","6","0","0","0","1","0","0"
"POINT (13.427145657000040 52.421302465000053)","Unfall 197276 (2019) Kat:3, Licht: 0","197276","3","3","0","07","11","5","0","0","1","1","0","0"
"POINT (13.463704591000067 52.469867201000056)","Unfall 197277 (2019) Kat:2, Licht: 2","197277","2","1","9","07","21","5","0","2","0","0","0","1"
"POINT (13.407937395000033 52.518757031000064)","Unfall 197278 (2019) Kat:3, Licht: 0","197278","3","4","6","07","21","5","0","0","1","0","1","0"
"POINT (13.358798015000048 52.554030061000049)","Unfall 197279 (2019) Kat:3, Licht: 0","197279","3","2","5","07","20","5","0","0","0","1","0","0"
"POINT (13.331436795000059 52.503024166000046)","Unfall 197280 (2019) Kat:3, Licht: 0","197280","3","3","5","07","19","5","0","0","1","1","0","0"
"POINT (13.233840092000037 52.438634692000051)","Unfall 197281 (2019) Kat:3, Licht: 0","197281","3","3","5","07","18","5","0","0","0","1","0","1"
"POINT (13.425851558000033 52.413626672000078)","Unfall 197282 (2019) Kat:3, Licht: 0","197282","3","2","5","07","18","5","0","0","0","1","0","0"
"POINT (13.468943991000060 52.543284929000038)","Unfall 197283 (2019) Kat:3, Licht: 0","197283","3","7","0","07","16","5","0","0","0","1","0","0"
"POINT (13.416271643000073 52.491015068000081)","Unfall 197284 (2019) Kat:3, Licht: 0","197284","3","2","5","07","15","5","0","0","1","0","0","0"
"POINT (13.390350172000069 52.507739768000079)","Unfall 197285 (2019) Kat:3, Licht: 0","197285","3","3","5","07","18","5","0","0","1","1","0","0"
"POINT (13.428088443000036 52.517841828000030)","Unfall 197286 (2019) Kat:3, Licht: 0","197286","3","6","2","07","15","5","0","0","0","1","0","0"
"POINT (13.330015936000052 52.523787654000046)","Unfall 197287 (2019) Kat:3, Licht: 0","197287","3","7","5","07","17","5","0","0","1","0","0","0"
"POINT (13.369143311000073 52.548405261000028)","Unfall 197288 (2019) Kat:3, Licht: 0","197288","3","2","5","07","15","5","0","0","0","1","0","1"
"POINT (13.389496697000027 52.512810527000056)","Unfall 197289 (2019) Kat:3, Licht: 0","197289","3","7","5","07","17","5","0","0","1","1","0","0"
"POINT (13.379849260000071 52.552774576000047)","Unfall 197290 (2019) Kat:3, Licht: 0","197290","3","7","6","07","15","5","0","0","0","1","1","0"
"POINT (13.331804052000052 52.493160769000042)","Unfall 197291 (2019) Kat:3, Licht: 0","197291","3","3","6","07","15","5","0","0","0","1","1","0"
"POINT (13.441955435000068 52.485902542000076)","Unfall 197292 (2019) Kat:3, Licht: 0","197292","3","3","5","07","17","5","0","0","1","0","0","0"
"POINT (13.434946765000063 52.447139607000054)","Unfall 197293 (2019) Kat:3, Licht: 0","197293","3","5","1","07","14","5","0","0","0","1","0","0"
"POINT (13.347254926000062 52.470498622000036)","Unfall 197294 (2019) Kat:2, Licht: 0","197294","2","3","5","07","16","5","0","0","1","1","0","0"
"POINT (13.336235504000058 52.611142849000032)","Unfall 197295 (2019) Kat:3, Licht: 0","197295","3","5","0","07","14","5","0","0","0","1","0","0"
"POINT (13.621756196000035 52.446444554000038)","Unfall 197296 (2019) Kat:3, Licht: 0","197296","3","1","1","07","13","5","0","0","1","1","0","0"
"POINT (13.350541659000044 52.513839882000070)","Unfall 197297 (2019) Kat:3, Licht: 0","197297","3","2","3","07","11","5","0","0","0","1","0","0"
"POINT (13.392733833000023 52.412671555000031)","Unfall 197298 (2019) Kat:3, Licht: 0","197298","3","2","5","07","11","5","0","0","0","1","0","0"
"POINT (13.328453586000023 52.527396522000060)","Unfall 197299 (2019) Kat:3, Licht: 0","197299","3","2","6","07","11","5","0","0","0","0","1","0"
"POINT (13.553898251000021 52.431534329000044)","Unfall 197300 (2019) Kat:3, Licht: 0","197300","3","6","2","07","11","5","0","0","0","1","0","0"
"POINT (13.384685264000041 52.472411684000065)","Unfall 197301 (2019) Kat:3, Licht: 0","197301","3","6","2","07","11","5","0","0","0","1","0","0"
"POINT (13.379359917000045 52.524211103000027)","Unfall 197302 (2019) Kat:3, Licht: 0","197302","3","3","5","07","10","5","0","0","0","1","0","0"
"POINT (13.375912377000077 52.506958661000056)","Unfall 197303 (2019) Kat:3, Licht: 0","197303","3","5","1","07","10","5","0","0","1","1","0","0"
"POINT (13.500148606000039 52.509296009000082)","Unfall 197304 (2019) Kat:3, Licht: 0","197304","3","1","1","07","10","5","0","0","0","1","0","0"
"POINT (13.519679970000027 52.553139064000050)","Unfall 197305 (2019) Kat:2, Licht: 0","197305","2","2","5","07","09","5","0","0","0","0","0","1"
"POINT (13.429173102000050 52.571980709000059)","Unfall 197306 (2019) Kat:3, Licht: 0","197306","3","6","2","07","09","5","0","0","0","1","0","0"
"POINT (13.419661709000025 52.506086863000064)","Unfall 197307 (2019) Kat:3, Licht: 0","197307","3","3","5","07","09","5","0","0","1","1","0","0"
"POINT (13.293572898000036 52.471601420000070)","Unfall 197308 (2019) Kat:3, Licht: 0","197308","3","3","5","07","07","5","0","0","1","1","0","0"
"POINT (13.377736197000047 52.474441336000041)","Unfall 197309 (2019) Kat:3, Licht: 1","197309","3","1","0","07","05","5","0","1","0","0","0","0"
"POINT (13.150439064000068 52.544749771000056)","Unfall 197310 (2019) Kat:2, Licht: 2","197310","2","1","1","07","03","5","0","2","0","1","0","0"
"POINT (13.458943075000036 52.550161989000060)","Unfall 197311 (2019) Kat:3, Licht: 0","197311","3","2","6","07","17","5","0","0","0","1","1","0"
"POINT (13.442896795000024 52.500575857000058)","Unfall 197312 (2019) Kat:3, Licht: 0","197312","3","7","5","07","14","5","0","0","0","0","0","1"
"POINT (13.361264225000070 52.494417526000063)","Unfall 197313 (2019) Kat:3, Licht: 0","197313","3","7","0","07","10","5","1","0","0","0","0","1"
"POINT (13.328675429000043 52.503318194000030)","Unfall 197314 (2019) Kat:3, Licht: 0","197314","3","5","1","07","10","4","0","0","1","0","0","0"
"POINT (13.337699557000064 52.471471152000049)","Unfall 197315 (2019) Kat:3, Licht: 0","197315","3","4","6","07","15","4","0","0","1","0","1","0"
"POINT (13.166387522000036 52.551059267000028)","Unfall 197316 (2019) Kat:2, Licht: 0","197316","2","2","5","07","17","4","0","0","1","1","0","0"
"POINT (13.489282439000021 52.542419103000043)","Unfall 197317 (2019) Kat:3, Licht: 0","197317","3","2","5","07","17","4","0","0","1","1","0","0"
"POINT (13.439689907000059 52.513911081000060)","Unfall 197318 (2019) Kat:3, Licht: 0","197318","3","2","0","07","17","4","0","0","0","1","0","1"
"POINT (13.486974199000031 52.465653029000066)","Unfall 197319 (2019) Kat:3, Licht: 0","197319","3","2","6","07","16","4","0","0","0","0","1","0"
"POINT (13.394043274000069 52.547644668000032)","Unfall 197320 (2019) Kat:3, Licht: 0","197320","3","7","6","07","16","4","0","0","1","0","1","0"
"POINT (13.331353964000073 52.442123946000038)","Unfall 197321 (2019) Kat:3, Licht: 0","197321","3","3","5","07","16","4","0","0","1","1","0","0"
"POINT (13.390105425000058 52.465746842000044)","Unfall 197322 (2019) Kat:3, Licht: 0","197322","3","7","2","07","16","4","0","0","0","0","0","1"
"POINT (13.293283929000040 52.534679553000046)","Unfall 197323 (2019) Kat:3, Licht: 0","197323","3","6","0","07","05","4","0","0","0","0","0","1"
"POINT (13.180283741000039 52.493464060000065)","Unfall 197324 (2019) Kat:3, Licht: 2","197324","3","1","0","07","23","4","0","2","1","0","0","0"
"POINT (13.402519725000047 52.540187369000080)","Unfall 197325 (2019) Kat:3, Licht: 0","197325","3","3","0","07","20","4","0","0","1","0","0","0"
"POINT (13.406054638000057 52.535002276000057)","Unfall 197326 (2019) Kat:3, Licht: 0","197326","3","5","1","07","19","4","0","0","1","1","0","0"
"POINT (13.307214606000059 52.555031219000057)","Unfall 197327 (2019) Kat:3, Licht: 0","197327","3","4","2","07","19","4","0","0","0","1","1","0"
"POINT (13.470287547000055 52.502240045000065)","Unfall 197328 (2019) Kat:3, Licht: 0","197328","3","3","2","07","18","4","0","0","0","1","0","0"
"POINT (13.458724356000062 52.506576888000041)","Unfall 197329 (2019) Kat:3, Licht: 0","197329","3","6","0","07","18","4","0","0","1","0","0","0"
"POINT (13.402730000000076 52.528096679000043)","Unfall 197330 (2019) Kat:3, Licht: 0","197330","3","3","5","07","18","4","0","0","1","1","0","0"
"POINT (13.218343328000060 52.537296874000049)","Unfall 197331 (2019) Kat:2, Licht: 0","197331","2","6","2","07","18","4","0","0","0","1","0","1"
"POINT (13.395238090000078 52.494629702000054)","Unfall 197332 (2019) Kat:3, Licht: 0","197332","3","2","5","07","18","4","0","0","0","1","0","1"
"POINT (13.390901107000047 52.484221235000064)","Unfall 197333 (2019) Kat:3, Licht: 0","197333","3","2","6","07","18","4","0","0","1","0","1","0"
"POINT (13.402136017000032 52.530806640000037)","Unfall 197334 (2019) Kat:3, Licht: 0","197334","3","1","0","07","18","4","0","0","1","0","0","0"
"POINT (13.603276422000022 52.538585521000073)","Unfall 197335 (2019) Kat:3, Licht: 0","197335","3","7","6","07","17","4","0","0","0","1","1","0"
"POINT (13.351283180000053 52.558376208000027)","Unfall 197336 (2019) Kat:3, Licht: 0","197336","3","2","2","07","12","4","0","0","0","1","0","0"
"POINT (13.515791960000058 52.468102826000063)","Unfall 197337 (2019) Kat:3, Licht: 0","197337","3","6","0","07","12","4","0","0","0","1","0","1"
"POINT (13.366024680000066 52.493736752000075)","Unfall 197338 (2019) Kat:3, Licht: 0","197338","3","2","5","07","12","4","0","0","1","1","0","0"
"POINT (13.481494544000043 52.479038051000032)","Unfall 197339 (2019) Kat:2, Licht: 0","197339","2","7","6","07","11","4","0","0","0","1","1","0"
"POINT (13.433915917000036 52.529213301000027)","Unfall 197340 (2019) Kat:2, Licht: 0","197340","2","4","6","07","10","4","0","0","0","1","1","0"
"POINT (13.340660421000052 52.502555172000029)","Unfall 197341 (2019) Kat:3, Licht: 0","197341","3","2","5","07","09","4","0","0","0","1","0","0"
"POINT (13.353004413000065 52.499334270000077)","Unfall 197342 (2019) Kat:3, Licht: 0","197342","3","3","5","07","08","4","0","0","1","1","0","0"
"POINT (13.404750294000053 52.511261243000035)","Unfall 197343 (2019) Kat:3, Licht: 0","197343","3","5","1","07","08","4","0","0","1","1","0","0"
"POINT (13.481750753000028 52.526763052000035)","Unfall 197344 (2019) Kat:3, Licht: 0","197344","3","2","5","07","08","4","0","0","1","1","0","0"
"POINT (13.485903667000059 52.518470996000076)","Unfall 197345 (2019) Kat:3, Licht: 0","197345","3","3","5","07","07","4","0","0","0","1","0","1"
"POINT (13.228702049000049 52.528345540000032)","Unfall 197346 (2019) Kat:3, Licht: 0","197346","3","4","6","07","07","4","0","0","0","1","1","0"
"POINT (13.502961013000061 52.636487811000052)","Unfall 197347 (2019) Kat:3, Licht: 0","197347","3","6","2","07","16","4","0","0","0","1","0","0"
"POINT (13.541765725000062 52.474982936000060)","Unfall 197348 (2019) Kat:3, Licht: 0","197348","3","7","0","07","16","4","0","0","1","1","0","0"
"POINT (13.307019167000021 52.500015465000047)","Unfall 197349 (2019) Kat:2, Licht: 0","197349","2","2","5","07","15","4","0","0","0","1","0","1"
"POINT (13.254846071000031 52.562397018000070)","Unfall 197350 (2019) Kat:3, Licht: 0","197350","3","5","3","07","15","4","0","0","1","1","0","0"
"POINT (13.331788703000029 52.493160771000078)","Unfall 197351 (2019) Kat:2, Licht: 0","197351","2","4","6","07","14","4","0","0","1","0","1","0"
"POINT (13.397192275000066 52.554808832000049)","Unfall 197352 (2019) Kat:3, Licht: 0","197352","3","6","2","07","14","4","0","0","0","1","0","0"
"POINT (13.448145615000044 52.549383977000048)","Unfall 197353 (2019) Kat:3, Licht: 0","197353","3","2","6","07","13","4","0","0","0","1","1","0"
"POINT (13.340770983000027 52.516866081000046)","Unfall 197354 (2019) Kat:3, Licht: 0","197354","3","3","0","07","13","4","0","0","0","1","0","0"
"POINT (13.360341058000074 52.537243468000042)","Unfall 197355 (2019) Kat:3, Licht: 0","197355","3","2","5","07","13","4","0","0","1","1","0","0"
"POINT (13.506896428000061 52.548602410000058)","Unfall 197356 (2019) Kat:3, Licht: 0","197356","3","6","3","07","12","4","0","0","0","1","0","0"
"POINT (13.448701865000032 52.526577151000026)","Unfall 197357 (2019) Kat:2, Licht: 0","197357","2","6","3","07","13","4","0","0","0","1","0","1"
"POINT (13.560112400000037 52.537487720000058)","Unfall 197358 (2019) Kat:3, Licht: 0","197358","3","4","6","07","05","4","0","0","0","0","1","0"
"POINT (13.428676203000066 52.518881517000068)","Unfall 197359 (2019) Kat:3, Licht: 0","197359","3","2","5","07","20","4","0","0","0","1","0","1"
"POINT (13.609492877000037 52.407927495000081)","Unfall 197360 (2019) Kat:3, Licht: 0","197360","3","4","6","07","19","3","0","0","1","0","1","0"
"POINT (13.392008938000060 52.538829048000082)","Unfall 197361 (2019) Kat:3, Licht: 2","197361","3","3","5","07","21","3","0","2","0","1","0","1"
"POINT (13.371441776000040 52.540106202000061)","Unfall 197362 (2019) Kat:3, Licht: 0","197362","3","7","0","07","20","3","0","0","0","1","0","0"
"POINT (13.363349150000033 52.487650621000057)","Unfall 197363 (2019) Kat:3, Licht: 0","197363","3","7","2","07","19","3","0","0","1","0","0","0"
"POINT (13.525470139000049 52.464614267000059)","Unfall 197364 (2019) Kat:3, Licht: 0","197364","3","2","5","07","19","3","0","0","1","1","0","0"
"POINT (13.416154504000076 52.490966384000046)","Unfall 197365 (2019) Kat:2, Licht: 1","197365","2","7","5","07","19","3","0","1","0","1","0","1"
"POINT (13.402896087000045 52.527728145000026)","Unfall 197366 (2019) Kat:2, Licht: 0","197366","2","5","1","07","19","3","0","0","1","1","0","0"
"POINT (13.399464423000040 52.529540938000082)","Unfall 197367 (2019) Kat:3, Licht: 0","197367","3","6","2","07","18","3","0","0","0","1","0","1"
"POINT (13.162587318000021 52.520091555000079)","Unfall 197368 (2019) Kat:3, Licht: 0","197368","3","3","5","07","18","3","0","0","0","1","0","0"
"POINT (13.491339571000026 52.420608241000082)","Unfall 197369 (2019) Kat:3, Licht: 0","197369","3","3","0","07","18","3","0","0","0","1","0","1"
"POINT (13.441984594000076 52.504373021000049)","Unfall 197370 (2019) Kat:3, Licht: 0","197370","3","4","6","07","17","3","0","0","0","1","1","0"
"POINT (13.444602579000048 52.501041094000072)","Unfall 197371 (2019) Kat:3, Licht: 0","197371","3","6","2","07","17","3","0","0","1","0","0","0"
"POINT (13.453313174000073 52.500999077000074)","Unfall 197372 (2019) Kat:3, Licht: 0","197372","3","3","5","07","16","3","0","0","1","1","0","0"
"POINT (13.513077341000042 52.466886697000064)","Unfall 197373 (2019) Kat:3, Licht: 0","197373","3","7","5","07","16","3","0","0","0","1","0","0"
"POINT (13.494631323000021 52.635739819000037)","Unfall 197374 (2019) Kat:3, Licht: 0","197374","3","1","0","07","11","3","0","0","1","0","0","0"
"POINT (13.404339207000021 52.533167416000026)","Unfall 197375 (2019) Kat:2, Licht: 0","197375","2","1","0","07","16","3","0","0","1","0","0","0"
"POINT (13.401012982000054 52.530012534000036)","Unfall 197376 (2019) Kat:3, Licht: 0","197376","3","1","0","07","16","3","0","0","1","0","0","0"
"POINT (13.389190553000049 52.514697714000079)","Unfall 197377 (2019) Kat:3, Licht: 0","197377","3","2","5","07","15","3","0","0","0","1","0","1"
"POINT (13.423999678000030 52.486529496000060)","Unfall 197378 (2019) Kat:2, Licht: 0","197378","2","1","0","07","15","3","0","0","1","0","0","0"
"POINT (13.439721243000065 52.514034295000044)","Unfall 197379 (2019) Kat:3, Licht: 0","197379","3","7","0","07","14","3","0","0","1","1","0","0"
"POINT (13.344852230000072 52.546909604000064)","Unfall 197380 (2019) Kat:3, Licht: 0","197380","3","6","2","07","13","3","0","0","0","0","0","1"
"POINT (13.342971513000066 52.440057785000079)","Unfall 197381 (2019) Kat:3, Licht: 0","197381","3","7","5","07","13","3","0","0","0","1","0","1"
"POINT (13.583739521000041 52.431196403000058)","Unfall 197382 (2019) Kat:2, Licht: 0","197382","2","3","5","07","13","3","0","0","1","1","0","0"
"POINT (13.421211591000031 52.479921077000029)","Unfall 197383 (2019) Kat:3, Licht: 0","197383","3","7","5","07","12","3","0","0","0","1","0","1"
"POINT (13.311867111000026 52.500416275000077)","Unfall 197384 (2019) Kat:3, Licht: 0","197384","3","2","3","07","12","3","0","0","0","1","0","0"
"POINT (13.382104457000025 52.522986866000053)","Unfall 197385 (2019) Kat:3, Licht: 0","197385","3","5","1","07","12","3","0","0","1","1","0","0"
"POINT (13.307918405000066 52.488576876000081)","Unfall 197386 (2019) Kat:3, Licht: 0","197386","3","2","2","07","11","3","0","0","0","1","0","1"
"POINT (13.424865849000071 52.502030113000046)","Unfall 197387 (2019) Kat:3, Licht: 0","197387","3","4","6","07","11","3","0","0","0","1","1","0"
"POINT (13.308149429000025 52.500036567000052)","Unfall 197388 (2019) Kat:3, Licht: 0","197388","3","6","2","07","11","3","0","0","0","1","0","1"
"POINT (13.413753599000074 52.582916769000065)","Unfall 197389 (2019) Kat:3, Licht: 0","197389","3","3","5","07","11","3","0","0","0","1","0","1"
"POINT (13.204848411000057 52.535986014000059)","Unfall 197390 (2019) Kat:3, Licht: 0","197390","3","6","2","07","17","3","0","0","0","1","0","0"
"POINT (13.122706665000067 52.528588391000028)","Unfall 197391 (2019) Kat:3, Licht: 0","197391","3","6","2","07","10","3","0","0","0","1","0","0"
"POINT (13.400323131000050 52.483709452000028)","Unfall 197392 (2019) Kat:3, Licht: 0","197392","3","2","2","07","10","3","0","0","0","1","0","1"