WKT,Name,OBJECTID,UKATEGORIE,UTYP1,UART,UMONAT,USTUNDE,UWOCHENTAG,STRZUSTAND,ULICHTVERH,ISTRAD,ISTPKW,ISTFUSS,ISTKRAD
"POINT (13.441118652000057 52.497328595000056)","Unfall 197393 (2019) Kat:3, Licht: 0","197393","3","1","0","07","10","3","0","0","1","0","0","0"
"POINT (13.357229943000050 52.549570475000053)","Unfall 197394 (2019) Kat:3, Licht: 0","197394","3","6","2","07","09","3","0","0","0","1","0","0"
"POINT (13.480780706000075 52.499113569000031)","Unfall 197395 (2019) Kat:3, Licht: 0","197395","3","2","5","07","09","3","0","0","1","1","0","0"
"POINT (13.297407362000058 52.526507856000080)","Unfall 197396 (2019) Kat:3, Licht: 0","197396","3","2","2","07","09","3","0","0","0","1","0","1"
"POINT (13.448226188000035 52.537865685000043)","Unfall 197397 (2019) Kat:3, Licht: 0","197397","3","5","1","07","09","3","0","0","1","1","0","0"
"POINT (13.625283793000051 52.455495999000050)","Unfall 197398 (2019) Kat:3, Licht: 0","197398","3","7","5","07","07","3","0","0","1","0","0","0"
"POINT (13.374271316000033 52.586825549000082)","Unfall 197399 (2019) Kat:3, Licht: 0","197399","3","3","5","07","06","3","0","0","0","1","0","0"
"POINT (13.522603983000067 52.560745384000029)","Unfall 197400 (2019) Kat:3, Licht: 0","197400","3","3","5","07","06","3","0","0","0","1","0","1"
"POINT (13.387180702000023 52.527167260000056)","Unfall 197401 (2019) Kat:3, Licht: 0","197401","3","2","5","07","06","3","0","0","0","1","0","1"
"POINT (13.314106057000060 52.490358968000066)","Unfall 197402 (2019) Kat:3, Licht: 2","197402","3","3","5","07","03","3","0","2","1","1","0","0"
"POINT (13.400218884000026 52.520469461000062)","Unfall 197403 (2019) Kat:3, Licht: 0","197403","3","1","0","07","18","3","0","0","0","0","0","0"
"POINT (13.154382065000050 52.533501017000049)","Unfall 197404 (2019) Kat:3, Licht: 0","197404","3","5","1","07","13","3","0","0","1","1","0","0"
"POINT (13.386176596000041 52.528057642000078)","Unfall 197405 (2019) Kat:3, Licht: 0","197405","3","5","1","07","19","3","0","0","1","1","0","0"
"POINT (13.419445815000074 52.550171216000081)","Unfall 197406 (2019) Kat:3, Licht: 0","197406","3","3","5","07","07","2","0","0","0","1","0","0"
"POINT (13.302424665000046 52.547889128000065)","Unfall 197407 (2019) Kat:3, Licht: 0","197407","3","2","2","07","06","2","0","0","0","1","0","0"
"POINT (13.399544000000049 52.414214076000064)","Unfall 197408 (2019) Kat:3, Licht: 2","197408","3","1","0","07","01","2","0","2","0","1","0","0"
"POINT (13.409741941000050 52.524017442000059)","Unfall 197409 (2019) Kat:3, Licht: 0","197409","3","3","5","07","15","2","0","0","1","1","0","0"
"POINT (13.428596766000055 52.583232242000065)","Unfall 197410 (2019) Kat:3, Licht: 0","197410","3","7","2","07","15","2","0","0","0","0","0","1"
"POINT (13.326089234000051 52.494704374000037)","Unfall 197411 (2019) Kat:3, Licht: 0","197411","3","2","5","07","17","2","1","0","1","1","0","0"
"POINT (13.299816064000026 52.496179371000039)","Unfall 197412 (2019) Kat:3, Licht: 0","197412","3","7","0","07","17","2","1","0","1","1","0","0"
"POINT (13.391140025000027 52.536213271000065)","Unfall 197413 (2019) Kat:3, Licht: 0","197413","3","2","5","07","13","2","0","0","1","1","0","0"
"POINT (13.390202083000077 52.535417401000075)","Unfall 197414 (2019) Kat:3, Licht: 0","197414","3","6","3","07","13","2","0","0","1","0","0","0"
"POINT (13.372356453000066 52.554120581000063)","Unfall 197415 (2019) Kat:3, Licht: 0","197415","3","7","2","07","16","2","0","0","0","1","0","0"
"POINT (13.384212285000046 52.509966903000077)","Unfall 197416 (2019) Kat:2, Licht: 0","197416","2","2","5","07","15","2","0","0","1","1","0","0"
"POINT (13.393093605000047 52.548617754000077)","Unfall 197417 (2019) Kat:3, Licht: 0","197417","3","1","1","07","15","2","0","0","0","1","0","0"
"POINT (13.197337755000035 52.524737434000031)","Unfall 197418 (2019) Kat:3, Licht: 0","197418","3","6","2","07","16","2","0","0","0","1","0","0"
"POINT (13.279335039000046 52.506488827000055)","Unfall 197419 (2019) Kat:2, Licht: 0","197419","2","6","3","07","14","2","0","0","0","1","0","0"
"POINT (13.285944631000064 52.521299624000051)","Unfall 197420 (2019) Kat:2, Licht: 0","197420","2","1","0","07","17","2","1","0","0","0","0","1"
"POINT (13.203599097000051 52.555575767000050)","Unfall 197421 (2019) Kat:3, Licht: 1","197421","3","1","9","07","21","2","1","1","0","1","0","0"
"POINT (13.429238871000052 52.481760109000049)","Unfall 197422 (2019) Kat:3, Licht: 1","197422","3","7","2","07","20","2","0","1","0","1","0","1"
"POINT (13.330969576000030 52.562443945000041)","Unfall 197423 (2019) Kat:3, Licht: 0","197423","3","6","2","07","19","2","0","0","0","1","0","0"
"POINT (13.353493620000052 52.551037887000064)","Unfall 197424 (2019) Kat:3, Licht: 0","197424","3","5","1","07","19","2","0","0","1","1","0","0"
"POINT (13.406355575000077 52.502599042000043)","Unfall 197425 (2019) Kat:3, Licht: 0","197425","3","3","5","07","13","2","0","0","0","1","0","0"
"POINT (13.307171336000067 52.500050480000027)","Unfall 197426 (2019) Kat:3, Licht: 0","197426","3","2","5","07","13","2","0","0","0","1","0","1"
"POINT (13.331920113000024 52.523972176000029)","Unfall 197427 (2019) Kat:3, Licht: 0","197427","3","3","5","07","12","2","0","0","1","0","0","0"
"POINT (13.578689080000061 52.452430970000080)","Unfall 197428 (2019) Kat:3, Licht: 0","197428","3","3","5","07","12","2","0","0","0","1","0","0"
"POINT (13.519062192000035 52.513468083000078)","Unfall 197429 (2019) Kat:3, Licht: 0","197429","3","7","0","07","11","2","0","0","0","0","0","0"
"POINT (13.367187911000030 52.426900561000082)","Unfall 197430 (2019) Kat:3, Licht: 0","197430","3","3","5","07","11","2","0","0","0","1","0","0"
"POINT (13.511989669000059 52.470703587000060)","Unfall 197431 (2019) Kat:3, Licht: 0","197431","3","3","5","07","11","2","0","0","1","1","0","0"
"POINT (13.395960061000039 52.498420166000074)","Unfall 197432 (2019) Kat:3, Licht: 0","197432","3","6","2","07","09","2","0","0","1","0","0","0"
"POINT (13.524818232000030 52.479688492000037)","Unfall 197433 (2019) Kat:3, Licht: 0","197433","3","6","2","07","09","2","0","0","0","1","0","0"
"POINT (13.408334665000041 52.572098310000058)","Unfall 197434 (2019) Kat:3, Licht: 0","197434","3","3","5","07","08","2","0","0","1","1","0","0"
"POINT (13.380408696000075 52.528583372000071)","Unfall 197435 (2019) Kat:3, Licht: 0","197435","3","4","6","07","06","2","0","0","1","0","1","0"
"POINT (13.207681427000068 52.555654348000076)","Unfall 197436 (2019) Kat:3, Licht: 0","197436","3","2","5","07","10","2","0","0","1","1","0","0"
"POINT (13.270495334000032 52.510408105000067)","Unfall 197437 (2019) Kat:2, Licht: 0","197437","2","4","6","07","10","2","0","0","0","1","1","0"
"POINT (13.401972139000065 52.587354620000042)","Unfall 197438 (2019) Kat:3, Licht: 1","197438","3","5","1","07","20","2","0","1","1","1","0","0"
"POINT (13.188585679000028 52.556542958000080)","Unfall 197439 (2019) Kat:3, Licht: 0","197439","3","2","6","07","11","2","0","0","0","1","1","0"
"POINT (13.548919274000070 52.419089801000041)","Unfall 197440 (2019) Kat:3, Licht: 0","197440","3","4","6","07","14","1","0","0","0","1","1","0"
"POINT (13.347180565000031 52.547728321000079)","Unfall 197441 (2019) Kat:3, Licht: 0","197441","3","6","2","07","19","1","0","0","0","1","0","0"
"POINT (13.428140335000023 52.554018736000046)","Unfall 197442 (2019) Kat:3, Licht: 2","197442","3","7","1","07","22","1","0","2","0","0","0","1"
"POINT (13.301144262000037 52.489157207000062)","Unfall 197443 (2019) Kat:3, Licht: 0","197443","3","5","1","07","19","1","0","0","0","1","0","1"
"POINT (13.412048845000072 52.542711153000027)","Unfall 197444 (2019) Kat:3, Licht: 0","197444","3","3","5","07","19","1","0","0","1","1","0","0"
"POINT (13.276907348000066 52.433771018000073)","Unfall 197445 (2019) Kat:3, Licht: 0","197445","3","5","1","07","19","1","0","0","0","1","0","0"
"POINT (13.430153255000050 52.486061299000028)","Unfall 197446 (2019) Kat:3, Licht: 0","197446","3","2","0","07","18","1","0","0","0","1","0","0"
"POINT (13.475109807000024 52.479939857000033)","Unfall 197447 (2019) Kat:3, Licht: 0","197447","3","2","5","07","18","1","0","0","0","1","0","0"
"POINT (13.684206130000064 52.370470591000071)","Unfall 197448 (2019) Kat:2, Licht: 0","197448","2","3","5","07","17","1","0","0","0","1","0","1"
"POINT (13.505333659000030 52.534554298000046)","Unfall 197449 (2019) Kat:3, Licht: 0","197449","3","6","3","07","16","1","0","0","0","1","0","1"
"POINT (13.501614948000054 52.566009343000076)","Unfall 197450 (2019) Kat:2, Licht: 0","197450","2","4","6","07","16","1","0","0","0","1","1","0"
"POINT (13.514403657000059 52.577335700000049)","Unfall 197451 (2019) Kat:3, Licht: 0","197451","3","6","4","07","16","1","0","0","0","1","0","1"
"POINT (13.430830433000040 52.511978024000030)","Unfall 197452 (2019) Kat:3, Licht: 0","197452","3","3","5","07","15","1","0","0","0","1","0","1"
"POINT (13.184594524000033 52.547513010000046)","Unfall 197453 (2019) Kat:3, Licht: 0","197453","3","2","5","07","15","1","1","0","0","1","0","0"
"POINT (13.211471863000043 52.500546386000053)","Unfall 197454 (2019) Kat:3, Licht: 0","197454","3","6","2","07","14","1","0","0","1","1","0","0"
"POINT (13.570900726000048 52.447702325000080)","Unfall 197455 (2019) Kat:3, Licht: 0","197455","3","5","1","07","14","1","0","0","1","1","0","0"
"POINT (13.316445033000036 52.501226466000048)","Unfall 197456 (2019) Kat:3, Licht: 0","197456","3","5","1","07","14","1","0","0","1","1","0","0"
"POINT (13.341341965000026 52.530887768000071)","Unfall 197457 (2019) Kat:3, Licht: 0","197457","3","1","8","07","15","1","0","0","0","1","0","0"
"POINT (13.341152856000065 52.608565011000053)","Unfall 197458 (2019) Kat:3, Licht: 0","197458","3","3","5","07","10","1","1","0","0","1","0","0"
"POINT (13.437499118000062 52.490455465000082)","Unfall 197459 (2019) Kat:2, Licht: 2","197459","2","5","1","07","02","1","1","2","1","1","0","0"
"POINT (13.387323983000044 52.549931895000043)","Unfall 197460 (2019) Kat:2, Licht: 2","197460","2","7","0","07","22","1","0","2","0","0","0","0"
"POINT (13.434665550000034 52.549225056000068)","Unfall 197461 (2019) Kat:3, Licht: 1","197461","3","2","5","07","20","7","0","1","1","1","0","0"
"POINT (13.386378757000045 52.549360945000046)","Unfall 197462 (2019) Kat:3, Licht: 0","197462","3","4","6","07","18","7","0","0","0","1","1","0"
"POINT (13.243392016000030 52.614212084000030)","Unfall 197463 (2019) Kat:3, Licht: 2","197463","3","7","6","07","22","7","1","2","1","0","1","0"
"POINT (13.361164554000027 52.494237062000082)","Unfall 197464 (2019) Kat:3, Licht: 0","197464","3","2","5","07","20","7","0","0","0","1","0","0"
"POINT (13.327557439000032 52.564105918000052)","Unfall 197465 (2019) Kat:3, Licht: 0","197465","3","2","2","07","20","7","0","0","0","1","0","0"
"POINT (13.428936060000069 52.486579539000047)","Unfall 197466 (2019) Kat:2, Licht: 0","197466","2","2","5","07","18","7","0","0","0","1","0","1"
"POINT (13.522532538000064 52.579962713000043)","Unfall 197467 (2019) Kat:3, Licht: 0","197467","3","1","9","07","17","7","0","0","0","1","0","0"
"POINT (13.351115148000076 52.531880844000057)","Unfall 197468 (2019) Kat:3, Licht: 0","197468","3","7","5","07","17","7","0","0","0","1","0","1"
"POINT (13.345962523000026 52.497730924000052)","Unfall 197469 (2019) Kat:2, Licht: 0","197469","2","5","1","07","16","7","0","0","1","1","0","0"
"POINT (13.286752465000063 52.539103577000049)","Unfall 197470 (2019) Kat:3, Licht: 0","197470","3","3","5","07","16","7","0","0","1","1","0","0"
"POINT (13.439544689000058 52.555690520000041)","Unfall 197471 (2019) Kat:3, Licht: 0","197471","3","1","8","07","16","7","0","0","0","0","0","0"
"POINT (13.302321414000062 52.488267783000026)","Unfall 197472 (2019) Kat:3, Licht: 0","197472","3","2","5","07","15","7","0","0","1","1","0","0"
"POINT (13.278704169000036 52.502787703000081)","Unfall 197473 (2019) Kat:3, Licht: 0","197473","3","6","2","07","14","7","0","0","0","1","0","1"
"POINT (13.322360716000048 52.486430638000058)","Unfall 197474 (2019) Kat:2, Licht: 0","197474","2","2","5","07","13","7","0","0","0","1","0","0"
"POINT (13.499362874000042 52.534191576000069)","Unfall 197475 (2019) Kat:2, Licht: 0","197475","2","6","2","07","12","7","0","0","0","1","0","0"
"POINT (13.313267121000024 52.422993030000043)","Unfall 197476 (2019) Kat:3, Licht: 0","197476","3","6","3","07","12","7","0","0","0","1","0","1"
"POINT (13.378290140000047 52.434815474000061)","Unfall 197477 (2019) Kat:3, Licht: 0","197477","3","2","5","07","11","7","0","0","0","1","0","0"
"POINT (13.350832694000076 52.408223344000078)","Unfall 197478 (2019) Kat:3, Licht: 0","197478","3","3","5","07","11","7","0","0","1","1","0","0"
"POINT (13.592149753000058 52.546354492000034)","Unfall 197479 (2019) Kat:3, Licht: 0","197479","3","3","5","07","10","7","0","0","1","1","0","0"
"POINT (13.432099434000065 52.604267023000034)","Unfall 197480 (2019) Kat:2, Licht: 0","197480","2","3","6","07","10","7","0","0","0","1","1","0"
"POINT (13.218434917000025 52.537264182000058)","Unfall 197481 (2019) Kat:3, Licht: 0","197481","3","6","0","07","09","7","0","0","0","0","0","0"
"POINT (13.458294070000022 52.485862474000044)","Unfall 197482 (2019) Kat:2, Licht: 0","197482","2","2","6","07","09","7","0","0","0","1","1","0"
"POINT (13.329313060000061 52.575657925000030)","Unfall 197483 (2019) Kat:3, Licht: 0","197483","3","3","5","07","08","7","0","0","0","1","0","1"
"POINT (13.444114736000074 52.462302675000046)","Unfall 197484 (2019) Kat:3, Licht: 0","197484","3","3","5","07","18","7","0","0","0","1","0","0"
"POINT (13.434726064000074 52.553611427000078)","Unfall 197485 (2019) Kat:3, Licht: 2","197485","3","2","5","07","22","7","1","2","1","0","0","0"
"POINT (13.200537538000049 52.549508481000032)","Unfall 197486 (2019) Kat:3, Licht: 0","197486","3","6","2","07","14","6","0","0","0","1","0","0"
"POINT (13.332326000000023 52.458376393000037)","Unfall 197487 (2019) Kat:3, Licht: 0","197487","3","3","5","07","16","6","0","0","0","1","0","0"
"POINT (13.128633288000060 52.528771569000071)","Unfall 197488 (2019) Kat:2, Licht: 0","197488","2","3","5","07","19","6","0","0","0","1","0","0"
"POINT (13.376919149000059 52.510771048000038)","Unfall 197489 (2019) Kat:3, Licht: 0","197489","3","3","5","07","18","6","0","0","0","1","0","1"
"POINT (13.427027450000026 52.552206595000030)","Unfall 197490 (2019) Kat:2, Licht: 0","197490","2","3","5","07","16","6","1","0","0","1","0","1"
"POINT (13.301338085000054 52.599673727000038)","Unfall 197491 (2019) Kat:3, Licht: 0","197491","3","6","2","07","15","6","0","0","0","1","0","0"
"POINT (13.509056509000061 52.542173393000041)","Unfall 197492 (2019) Kat:3, Licht: 0","197492","3","6","4","07","14","6","0","0","0","1","0","0"
"POINT (13.448043286000029 52.513210060000063)","Unfall 197493 (2019) Kat:3, Licht: 0","197493","3","7","2","07","13","6","0","0","0","0","0","1"
"POINT (13.141585480000060 52.532427474000031)","Unfall 197494 (2019) Kat:3, Licht: 0","197494","3","2","5","07","12","6","0","0","0","1","0","0"
"POINT (13.330075278000038 52.594390711000074)","Unfall 197495 (2019) Kat:3, Licht: 0","197495","3","5","0","07","11","6","0","0","1","1","0","0"
"POINT (13.411822264000023 52.523967654000046)","Unfall 197496 (2019) Kat:3, Licht: 0","197496","3","6","2","07","10","6","0","0","0","0","0","1"
"POINT (13.345631374000050 52.436205419000032)","Unfall 197497 (2019) Kat:3, Licht: 0","197497","3","2","5","07","10","6","0","0","1","1","0","0"
"POINT (13.389059298000063 52.515582926000036)","Unfall 197498 (2019) Kat:3, Licht: 0","197498","3","3","5","07","08","6","0","0","1","1","0","0"
"POINT (13.165513338000039 52.551225320000071)","Unfall 197499 (2019) Kat:3, Licht: 2","197499","3","2","2","07","22","6","0","2","0","1","0","1"
"POINT (13.429679249000060 52.460310315000072)","Unfall 197500 (2019) Kat:3, Licht: 2","197500","3","3","5","07","20","6","0","2","0","1","0","0"
"POINT (13.467671672000051 52.498213123000028)","Unfall 197501 (2019) Kat:3, Licht: 0","197501","3","1","0","07","16","6","1","0","0","0","0","1"
"POINT (13.370708573000059 52.500015069000028)","Unfall 197502 (2019) Kat:2, Licht: 0","197502","2","2","6","07","12","6","0","0","0","0","1","0"
"POINT (13.281274205000045 52.512828218000038)","Unfall 197503 (2019) Kat:2, Licht: 0","197503","2","3","5","07","10","6","0","0","0","1","0","0"
"POINT (13.484638712000049 52.533475095000028)","Unfall 197504 (2019) Kat:3, Licht: 0","197504","3","1","0","07","16","6","1","0","0","0","0","1"
"POINT (13.402023755000073 52.528797939000071)","Unfall 197505 (2019) Kat:3, Licht: 0","197505","3","1","0","07","17","6","1","0","1","0","0","0"
"POINT (13.559430155000030 52.534070329000031)","Unfall 197506 (2019) Kat:3, Licht: 0","197506","3","2","0","08","15","3","1","0","1","1","0","0"
"POINT (13.422014649000062 52.560553103000075)","Unfall 197507 (2019) Kat:1, Licht: 0","197507","1","5","5","08","17","3","0","0","0","0","0","0"
"POINT (13.429308630000037 52.442694591000077)","Unfall 197508 (2019) Kat:3, Licht: 0","197508","3","6","3","08","13","2","0","0","1","1","0","0"
"POINT (13.372891477000053 52.511363542000026)","Unfall 197509 (2019) Kat:3, Licht: 2","197509","3","5","1","08","22","2","0","2","1","1","0","0"
"POINT (13.272964441000056 52.508738675000075)","Unfall 197510 (2019) Kat:3, Licht: 0","197510","3","1","0","08","17","2","0","0","0","0","0","1"
"POINT (13.326721024000051 52.519596141000079)","Unfall 197511 (2019) Kat:3, Licht: 0","197511","3","2","2","08","16","2","0","0","0","1","0","0"
"POINT (13.398962257000051 52.528884172000062)","Unfall 197512 (2019) Kat:3, Licht: 0","197512","3","6","3","08","16","2","0","0","1","1","0","0"
"POINT (13.286955518000070 52.512978726000028)","Unfall 197513 (2019) Kat:3, Licht: 0","197513","3","3","5","08","16","2","0","0","1","1","0","0"
"POINT (13.501915850000046 52.460790866000082)","Unfall 197514 (2019) Kat:3, Licht: 0","197514","3","2","5","08","09","2","0","0","1","0","0","0"
"POINT (13.333462496000038 52.487743540000054)","Unfall 197515 (2019) Kat:3, Licht: 0","197515","3","6","3","08","17","2","0","0","1","1","0","0"
"POINT (13.553232105000063 52.469689977000030)","Unfall 197516 (2019) Kat:3, Licht: 0","197516","3","2","0","08","16","2","0","0","1","0","0","0"
"POINT (13.457413232000022 52.528960219000055)","Unfall 197517 (2019) Kat:3, Licht: 0","197517","3","2","6","08","16","2","0","0","0","0","1","0"
"POINT (13.549501470000052 52.438323645000082)","Unfall 197518 (2019) Kat:3, Licht: 0","197518","3","3","0","08","16","2","0","0","1","1","0","0"
"POINT (13.431506049000063 52.485575078000068)","Unfall 197519 (2019) Kat:3, Licht: 0","197519","3","6","2","08","15","2","0","0","0","1","0","0"
"POINT (13.362263810000059 52.485733300000049)","Unfall 197520 (2019) Kat:2, Licht: 0","197520","2","5","1","08","15","2","0","0","1","1","0","0"
"POINT (13.321870958000034 52.531741482000029)","Unfall 197521 (2019) Kat:3, Licht: 0","197521","3","2","0","08","15","2","0","0","1","1","0","0"
"POINT (13.355668635000029 52.457248830000026)","Unfall 197522 (2019) Kat:3, Licht: 0","197522","3","1","0","08","13","2","1","0","0","0","0","1"
"POINT (13.391236815000070 52.507742391000079)","Unfall 197523 (2019) Kat:3, Licht: 0","197523","3","3","5","08","11","2","0","0","1","0","0","0"
"POINT (13.375311323000062 52.485038299000053)","Unfall 197524 (2019) Kat:3, Licht: 0","197524","3","5","1","08","11","2","0","0","1","1","0","0"
"POINT (13.321765216000074 52.521014652000076)","Unfall 197525 (2019) Kat:3, Licht: 0","197525","3","7","6","08","11","2","0","0","1","0","1","0"
"POINT (13.477453652000065 52.430097305000061)","Unfall 197526 (2019) Kat:3, Licht: 0","197526","3","7","5","08","11","2","0","0","0","1","0","1"
"POINT (13.338004299000033 52.451140527000064)","Unfall 197527 (2019) Kat:3, Licht: 0","197527","3","3","5","08","11","2","0","0","0","1","0","0"
"POINT (13.400965331000066 52.518376508000074)","Unfall 197528 (2019) Kat:2, Licht: 0","197528","2","3","5","08","08","2","0","0","1","1","0","0"
"POINT (13.406244937000054 52.386665866000044)","Unfall 197529 (2019) Kat:3, Licht: 0","197529","3","2","5","08","08","2","0","0","1","1","0","0"
"POINT (13.425751440000056 52.515302593000058)","Unfall 197530 (2019) Kat:3, Licht: 0","197530","3","6","2","08","08","2","0","0","0","1","0","0"
"POINT (13.425499834000050 52.479784596000059)","Unfall 197531 (2019) Kat:3, Licht: 0","197531","3","2","5","08","08","2","0","0","1","1","0","0"
"POINT (13.265961967000067 52.513050961000033)","Unfall 197532 (2019) Kat:3, Licht: 0","197532","3","6","2","08","07","2","0","0","0","1","0","0"
"POINT (13.411755350000021 52.582331750000037)","Unfall 197533 (2019) Kat:3, Licht: 0","197533","3","7","2","08","07","2","0","0","0","1","0","0"
"POINT (13.428768744000024 52.584313191000035)","Unfall 197534 (2019) Kat:3, Licht: 0","197534","3","3","0","08","10","2","0","0","1","0","0","0"
"POINT (13.454410084000074 52.549131242000044)","Unfall 197535 (2019) Kat:3, Licht: 0","197535","3","2","5","08","07","2","0","0","0","1","0","1"
"POINT (13.511073802000055 52.449544191000030)","Unfall 197536 (2019) Kat:3, Licht: 0","197536","3","3","5","08","06","2","0","0","1","1","0","0"
"POINT (13.427790791000064 52.496339919000036)","Unfall 197537 (2019) Kat:3, Licht: 2","197537","3","3","5","08","02","2","0","2","0","1","0","0"
"POINT (13.382504009000058 52.547799868000027)","Unfall 197538 (2019) Kat:3, Licht: 0","197538","3","5","1","08","06","2","0","0","1","1","0","0"
"POINT (13.469952203000048 52.564243305000048)","Unfall 197539 (2019) Kat:3, Licht: 0","197539","3","6","2","08","10","2","0","0","0","1","0","0"
"POINT (13.329607284000076 52.458938411000076)","Unfall 197540 (2019) Kat:3, Licht: 0","197540","3","2","5","08","09","2","0","0","0","1","0","1"
"POINT (13.563265628000067 52.514292438000041)","Unfall 197541 (2019) Kat:3, Licht: 0","197541","3","6","2","08","09","2","0","0","0","1","0","0"
"POINT (13.197334637000040 52.543500413000061)","Unfall 197542 (2019) Kat:3, Licht: 0","197542","3","2","5","08","09","2","0","0","1","1","0","0"
"POINT (13.385780402000023 52.484315157000026)","Unfall 197543 (2019) Kat:3, Licht: 2","197543","3","6","2","08","04","1","0","2","0","1","0","0"
"POINT (13.487347833000058 52.556722582000077)","Unfall 197544 (2019) Kat:2, Licht: 0","197544","2","1","0","08","17","1","0","0","1","0","0","0"
"POINT (13.376720405000071 52.510810357000082)","Unfall 197545 (2019) Kat:3, Licht: 0","197545","3","1","0","08","13","1","0","0","0","0","0","1"
"POINT (13.409477456000047 52.522214495000071)","Unfall 197546 (2019) Kat:3, Licht: 2","197546","3","1","0","08","00","1","0","2","0","0","0","0"
"POINT (13.207174978000069 52.538893623000035)","Unfall 197547 (2019) Kat:3, Licht: 0","197547","3","6","2","08","12","1","0","0","0","1","0","1"
"POINT (13.493026739000072 52.611240533000057)","Unfall 197548 (2019) Kat:3, Licht: 0","197548","3","3","5","08","17","1","0","0","0","1","0","1"
"POINT (13.345779860000050 52.436361297000076)","Unfall 197549 (2019) Kat:3, Licht: 0","197549","3","3","5","08","16","1","0","0","0","1","0","1"
"POINT (13.154716977000021 52.521764927000049)","Unfall 197550 (2019) Kat:3, Licht: 0","197550","3","6","2","08","13","1","0","0","0","1","0","0"
"POINT (13.212912135000067 52.538588576000052)","Unfall 197551 (2019) Kat:3, Licht: 0","197551","3","6","3","08","12","1","0","0","0","1","0","1"
"POINT (13.320457933000057 52.497975960000076)","Unfall 197552 (2019) Kat:3, Licht: 2","197552","3","5","1","08","04","1","0","2","0","1","0","0"
"POINT (13.406451581000056 52.565381210000055)","Unfall 197553 (2019) Kat:3, Licht: 2","197553","3","3","5","08","04","1","0","2","0","1","0","0"
"POINT (13.489377323000042 52.577146216000074)","Unfall 197554 (2019) Kat:3, Licht: 0","197554","3","7","0","08","18","1","0","0","1","0","0","0"
"POINT (13.449538478000022 52.496765996000079)","Unfall 197555 (2019) Kat:3, Licht: 2","197555","3","5","0","08","00","1","0","2","1","1","0","0"
"POINT (13.340311423000060 52.505243597000060)","Unfall 197556 (2019) Kat:3, Licht: 2","197556","3","5","1","08","21","1","0","2","1","1","0","0"
"POINT (13.433047865000049 52.452375863000043)","Unfall 197557 (2019) Kat:2, Licht: 1","197557","2","3","5","08","20","1","0","1","0","1","0","0"
"POINT (13.395014948000039 52.496396109000045)","Unfall 197558 (2019) Kat:3, Licht: 0","197558","3","1","0","08","19","1","0","0","1","0","0","0"
"POINT (13.525353126000027 52.481077202000051)","Unfall 197559 (2019) Kat:3, Licht: 0","197559","3","1","0","08","19","1","0","0","1","0","0","0"
"POINT (13.322061084000040 52.560596081000028)","Unfall 197560 (2019) Kat:3, Licht: 0","197560","3","6","2","08","21","7","0","0","0","1","0","0"
"POINT (13.431625628000063 52.499276102000067)","Unfall 197561 (2019) Kat:3, Licht: 0","197561","3","6","4","08","14","7","0","0","1","0","0","0"
"POINT (13.288332950000040 52.584397849000027)","Unfall 197562 (2019) Kat:3, Licht: 0","197562","3","6","2","08","14","7","0","0","0","1","0","0"
"POINT (13.305446989000075 52.568255319000059)","Unfall 197563 (2019) Kat:3, Licht: 0","197563","3","3","5","08","19","7","0","0","0","1","0","0"
"POINT (13.266058277000070 52.482953362000046)","Unfall 197564 (2019) Kat:3, Licht: 0","197564","3","4","6","08","13","7","0","0","0","1","1","0"
"POINT (13.478115669000033 52.442119614000035)","Unfall 197565 (2019) Kat:3, Licht: 0","197565","3","3","5","08","13","7","0","0","1","1","0","0"
"POINT (13.420567867000045 52.503096184000071)","Unfall 197566 (2019) Kat:3, Licht: 0","197566","3","6","2","08","15","7","0","0","1","1","0","0"
"POINT (13.435150954000051 52.426755251000031)","Unfall 197567 (2019) Kat:3, Licht: 0","197567","3","5","1","08","15","7","0","0","1","1","0","0"
"POINT (13.473172631000068 52.423122029000069)","Unfall 197568 (2019) Kat:3, Licht: 0","197568","3","2","5","08","17","7","0","0","1","1","0","0"
"POINT (13.328005962000077 52.564112763000026)","Unfall 197569 (2019) Kat:3, Licht: 0","197569","3","2","5","08","15","7","0","0","0","1","0","0"
"POINT (13.381708522000054 52.562092149000080)","Unfall 197570 (2019) Kat:3, Licht: 0","197570","3","4","6","08","15","7","0","0","0","1","1","0"
"POINT (13.399572884000065 52.591576478000036)","Unfall 197571 (2019) Kat:2, Licht: 0","197571","2","3","5","08","17","7","0","0","0","1","0","1"
"POINT (13.188150897000071 52.532497347000060)","Unfall 197572 (2019) Kat:3, Licht: 0","197572","3","2","0","08","16","7","0","0","1","1","0","0"
"POINT (13.550830226000073 52.429078897000068)","Unfall 197573 (2019) Kat:2, Licht: 0","197573","2","6","2","08","17","7","0","0","0","1","0","1"
"POINT (13.606195743000058 52.524220925000066)","Unfall 197574 (2019) Kat:3, Licht: 0","197574","3","3","5","08","18","7","0","0","0","1","0","0"
"POINT (13.454753772000061 52.519105323000076)","Unfall 197575 (2019) Kat:3, Licht: 0","197575","3","1","0","08","19","7","0","0","1","0","0","0"
"POINT (13.388343249000059 52.531618932000072)","Unfall 197576 (2019) Kat:2, Licht: 0","197576","2","5","1","08","19","7","0","0","1","0","0","0"
"POINT (13.321910303000038 52.560529388000077)","Unfall 197577 (2019) Kat:3, Licht: 2","197577","3","2","5","08","23","7","0","2","0","1","0","1"
"POINT (13.487135335000062 52.465538308000077)","Unfall 197578 (2019) Kat:3, Licht: 2","197578","3","3","0","08","22","7","0","2","0","1","0","1"