WKT,Name,OBJECTID,UKATEGORIE,UTYP1,UART,UMONAT,USTUNDE,UWOCHENTAG,STRZUSTAND,ULICHTVERH,ISTRAD,ISTPKW,ISTFUSS,ISTKRAD
"POINT (13.326828841000065 52.426903397000046)","Unfall 197579 (2019) Kat:3, Licht: 2","197579","3","3","5","08","23","7","0","2","1","0","0","0"
"POINT (13.378375666000068 52.565949388000035)","Unfall 197580 (2019) Kat:2, Licht: 0","197580","2","7","2","08","13","7","0","0","1","1","0","0"
"POINT (13.261801893000040 52.519196357000055)","Unfall 197581 (2019) Kat:3, Licht: 0","197581","3","5","5","08","11","7","0","0","0","1","0","1"
"POINT (13.333050469000057 52.505780839000067)","Unfall 197582 (2019) Kat:3, Licht: 0","197582","3","6","2","08","11","7","0","0","1","1","0","0"
"POINT (13.293242378000059 52.506719543000031)","Unfall 197583 (2019) Kat:3, Licht: 0","197583","3","6","2","08","11","7","0","0","1","1","0","0"
"POINT (13.381528212000035 52.556117045000065)","Unfall 197584 (2019) Kat:3, Licht: 0","197584","3","2","0","08","10","7","0","0","0","0","0","0"
"POINT (13.476499469000032 52.500887917000057)","Unfall 197585 (2019) Kat:2, Licht: 2","197585","2","4","6","08","01","7","0","2","0","1","1","0"
"POINT (13.435295606000068 52.423359803000039)","Unfall 197586 (2019) Kat:2, Licht: 0","197586","2","4","6","08","14","6","0","0","0","1","1","0"
"POINT (13.204125193000039 52.543744084000082)","Unfall 197587 (2019) Kat:3, Licht: 2","197587","3","2","6","08","00","6","0","2","0","0","1","0"
"POINT (13.364399113000047 52.549590519000049)","Unfall 197588 (2019) Kat:3, Licht: 0","197588","3","3","5","08","16","6","0","0","1","1","0","0"
"POINT (13.347354209000059 52.578553792000037)","Unfall 197589 (2019) Kat:3, Licht: 0","197589","3","2","0","08","18","6","0","0","1","1","0","0"
"POINT (13.387315365000063 52.525950942000065)","Unfall 197590 (2019) Kat:3, Licht: 0","197590","3","7","6","08","09","6","0","0","0","0","1","0"
"POINT (13.351068694000048 52.529696171000069)","Unfall 197591 (2019) Kat:2, Licht: 0","197591","2","3","5","08","14","6","0","0","0","1","0","1"
"POINT (13.388649255000075 52.499323001000050)","Unfall 197592 (2019) Kat:3, Licht: 0","197592","3","2","0","08","18","6","1","0","1","1","0","0"
"POINT (13.375408243000038 52.550259735000054)","Unfall 197593 (2019) Kat:3, Licht: 0","197593","3","5","5","08","11","6","0","0","0","1","0","0"
"POINT (13.476302057000055 52.611241824000047)","Unfall 197594 (2019) Kat:3, Licht: 0","197594","3","5","0","08","11","6","0","0","1","0","0","0"
"POINT (13.424121339000067 52.513345603000062)","Unfall 197595 (2019) Kat:3, Licht: 0","197595","3","2","5","08","15","6","0","0","1","1","0","0"
"POINT (13.448141447000069 52.477815357000054)","Unfall 197596 (2019) Kat:3, Licht: 0","197596","3","4","6","08","14","6","0","0","0","1","1","0"
"POINT (13.308363381000049 52.490044973000067)","Unfall 197597 (2019) Kat:3, Licht: 0","197597","3","3","5","08","14","6","0","0","0","0","0","1"
"POINT (13.316934988000071 52.463210407000076)","Unfall 197598 (2019) Kat:3, Licht: 0","197598","3","5","1","08","13","6","0","0","1","0","0","0"
"POINT (13.355629218000047 52.490134896000029)","Unfall 197599 (2019) Kat:3, Licht: 0","197599","3","6","2","08","13","6","0","0","0","1","0","1"
"POINT (13.321737036000059 52.538914273000046)","Unfall 197600 (2019) Kat:3, Licht: 0","197600","3","7","5","08","12","6","0","0","0","1","0","1"
"POINT (13.204272333000063 52.530326184000046)","Unfall 197601 (2019) Kat:3, Licht: 0","197601","3","6","2","08","11","6","0","0","0","1","0","0"
"POINT (13.317148980000070 52.576355343000046)","Unfall 197602 (2019) Kat:2, Licht: 0","197602","2","3","5","08","11","6","0","0","0","1","0","1"
"POINT (13.185274177000053 52.544691744000033)","Unfall 197603 (2019) Kat:3, Licht: 0","197603","3","5","1","08","10","6","0","0","0","1","0","0"
"POINT (13.281013582000071 52.421052249000070)","Unfall 197604 (2019) Kat:2, Licht: 0","197604","2","1","0","08","08","6","0","0","0","1","0","1"
"POINT (13.398323596000068 52.495986871000071)","Unfall 197605 (2019) Kat:3, Licht: 0","197605","3","3","5","08","08","6","0","0","1","0","0","0"
"POINT (13.563689499000077 52.518871528000034)","Unfall 197606 (2019) Kat:3, Licht: 0","197606","3","7","2","08","08","6","0","0","0","1","0","0"
"POINT (13.331392193000056 52.573705796000070)","Unfall 197607 (2019) Kat:3, Licht: 0","197607","3","6","2","08","08","6","0","0","0","1","0","0"
"POINT (13.267508855000074 52.408036568000057)","Unfall 197608 (2019) Kat:3, Licht: 0","197608","3","2","5","08","08","6","0","0","1","1","0","0"
"POINT (13.487030576000052 52.502427722000050)","Unfall 197609 (2019) Kat:3, Licht: 1","197609","3","2","0","08","19","6","1","1","0","1","0","1"
"POINT (13.413054294000062 52.557545220000065)","Unfall 197610 (2019) Kat:3, Licht: 0","197610","3","5","1","08","19","6","1","0","1","1","0","0"
"POINT (13.570667327000024 52.451768524000045)","Unfall 197611 (2019) Kat:3, Licht: 0","197611","3","2","2","08","18","6","1","0","0","1","0","0"
"POINT (13.314443138000058 52.520933147000051)","Unfall 197612 (2019) Kat:2, Licht: 0","197612","2","3","5","08","18","6","1","0","0","1","0","1"
"POINT (13.523280724000074 52.483073945000058)","Unfall 197613 (2019) Kat:3, Licht: 1","197613","3","5","1","08","18","6","1","1","1","1","0","0"
"POINT (13.450525883000068 52.536210939000057)","Unfall 197614 (2019) Kat:2, Licht: 0","197614","2","1","0","08","17","6","1","0","1","0","0","0"
"POINT (13.457884692000050 52.528580835000071)","Unfall 197615 (2019) Kat:3, Licht: 0","197615","3","6","2","08","17","6","1","0","0","1","0","0"
"POINT (13.320231676000049 52.506855496000071)","Unfall 197616 (2019) Kat:3, Licht: 0","197616","3","4","6","08","17","6","1","0","0","1","1","0"
"POINT (13.449094755000033 52.528865172000053)","Unfall 197617 (2019) Kat:3, Licht: 0","197617","3","3","5","08","17","6","1","0","0","1","0","0"
"POINT (13.268647355000041 52.509304681000060)","Unfall 197618 (2019) Kat:3, Licht: 0","197618","3","3","5","08","16","6","1","0","0","1","0","0"
"POINT (13.376950872000066 52.543502403000048)","Unfall 197619 (2019) Kat:3, Licht: 0","197619","3","6","2","08","16","6","1","0","0","1","0","0"
"POINT (13.195501948000071 52.533473160000028)","Unfall 197620 (2019) Kat:3, Licht: 2","197620","3","4","6","08","22","6","0","2","0","1","1","0"
"POINT (13.363143657000023 52.548717583000041)","Unfall 197621 (2019) Kat:3, Licht: 0","197621","3","1","0","08","20","6","0","0","1","0","0","0"
"POINT (13.418140293000022 52.549707427000044)","Unfall 197622 (2019) Kat:3, Licht: 1","197622","3","2","0","08","18","6","1","1","1","1","0","0"
"POINT (13.385074178000025 52.556911520000028)","Unfall 197623 (2019) Kat:3, Licht: 0","197623","3","6","2","08","15","5","0","0","0","1","0","1"
"POINT (13.336090748000061 52.500059282000052)","Unfall 197624 (2019) Kat:3, Licht: 2","197624","3","5","1","08","22","5","0","2","1","1","0","0"
"POINT (13.317800166000040 52.457922559000053)","Unfall 197625 (2019) Kat:2, Licht: 2","197625","2","2","5","08","21","5","0","2","0","1","0","0"
"POINT (13.431841100000042 52.554511329000036)","Unfall 197626 (2019) Kat:2, Licht: 1","197626","2","3","5","08","21","5","0","1","1","0","0","0"
"POINT (13.466991977000077 52.508090091000042)","Unfall 197627 (2019) Kat:3, Licht: 1","197627","3","5","1","08","20","5","0","1","1","1","0","0"
"POINT (13.388497102000031 52.501717002000078)","Unfall 197628 (2019) Kat:3, Licht: 1","197628","3","4","6","08","20","5","0","1","1","0","1","0"
"POINT (13.411000386000069 52.539797482000040)","Unfall 197629 (2019) Kat:3, Licht: 0","197629","3","4","6","08","19","5","0","0","0","1","1","0"
"POINT (13.557260457000041 52.507140537000055)","Unfall 197630 (2019) Kat:3, Licht: 0","197630","3","3","5","08","19","5","0","0","1","1","0","0"
"POINT (13.208747907000031 52.561580025000069)","Unfall 197631 (2019) Kat:3, Licht: 0","197631","3","6","2","08","16","5","1","0","0","1","0","1"
"POINT (13.421448205000047 52.479137779000041)","Unfall 197632 (2019) Kat:3, Licht: 0","197632","3","5","1","08","18","5","0","0","1","1","0","0"
"POINT (13.431880179000075 52.505646509000030)","Unfall 197633 (2019) Kat:3, Licht: 0","197633","3","3","0","08","18","5","0","0","0","1","0","1"
"POINT (13.178192780000074 52.548839533000034)","Unfall 197634 (2019) Kat:3, Licht: 0","197634","3","2","5","08","17","5","0","0","0","1","0","0"
"POINT (13.310751069000048 52.516185144000076)","Unfall 197635 (2019) Kat:3, Licht: 0","197635","3","6","2","08","16","5","0","0","0","1","0","0"
"POINT (13.364598666000063 52.450419265000050)","Unfall 197636 (2019) Kat:3, Licht: 0","197636","3","1","0","08","16","5","0","0","1","0","0","0"
"POINT (13.314666827000053 52.489998132000039)","Unfall 197637 (2019) Kat:3, Licht: 0","197637","3","3","5","08","16","5","0","0","1","1","0","0"
"POINT (13.379133922000051 52.480582298000058)","Unfall 197638 (2019) Kat:3, Licht: 0","197638","3","3","5","08","14","5","0","0","0","1","0","0"
"POINT (13.207940463000057 52.553893161000076)","Unfall 197639 (2019) Kat:3, Licht: 0","197639","3","6","2","08","14","5","0","0","0","1","0","0"
"POINT (13.323213085000077 52.607711766000079)","Unfall 197640 (2019) Kat:3, Licht: 0","197640","3","6","0","08","14","5","0","0","1","0","0","0"
"POINT (13.437644010000042 52.569780064000042)","Unfall 197641 (2019) Kat:2, Licht: 0","197641","2","4","6","08","14","5","0","0","0","1","1","0"
"POINT (13.240351601000043 52.511924484000076)","Unfall 197642 (2019) Kat:3, Licht: 0","197642","3","2","5","08","13","5","0","0","0","1","0","1"
"POINT (13.376502447000064 52.543028364000065)","Unfall 197643 (2019) Kat:3, Licht: 0","197643","3","3","5","08","15","5","0","0","0","1","0","0"
"POINT (13.417030696000040 52.549885129000074)","Unfall 197644 (2019) Kat:3, Licht: 0","197644","3","4","6","08","13","5","0","0","0","0","1","1"
"POINT (13.405122534000043 52.508230096000034)","Unfall 197645 (2019) Kat:2, Licht: 0","197645","2","4","6","08","13","5","0","0","0","1","1","0"
"POINT (13.496321774000023 52.500159715000052)","Unfall 197646 (2019) Kat:3, Licht: 0","197646","3","2","5","08","13","5","0","0","1","1","0","0"
"POINT (13.581654469000057 52.507455679000032)","Unfall 197647 (2019) Kat:3, Licht: 0","197647","3","6","0","08","12","5","0","0","1","1","0","0"
"POINT (13.397092262000058 52.491186394000067)","Unfall 197648 (2019) Kat:3, Licht: 0","197648","3","5","1","08","12","5","0","0","1","0","0","0"
"POINT (13.428821839000022 52.579170489000035)","Unfall 197649 (2019) Kat:2, Licht: 0","197649","2","3","5","08","12","5","0","0","0","1","0","0"
"POINT (13.283419647000073 52.518671643000062)","Unfall 197650 (2019) Kat:3, Licht: 0","197650","3","6","2","08","12","5","0","0","0","1","0","0"
"POINT (13.419465185000035 52.452149160000033)","Unfall 197651 (2019) Kat:3, Licht: 0","197651","3","7","5","08","12","5","0","0","0","1","0","0"
"POINT (13.259669024000061 52.514758305000043)","Unfall 197652 (2019) Kat:3, Licht: 0","197652","3","3","5","08","10","5","0","0","0","1","0","0"
"POINT (13.395170139000072 52.496254426000064)","Unfall 197653 (2019) Kat:3, Licht: 0","197653","3","2","2","08","12","5","1","0","0","1","0","1"
"POINT (13.410188706000042 52.529879247000054)","Unfall 197654 (2019) Kat:3, Licht: 0","197654","3","2","5","08","09","5","0","0","1","1","0","0"
"POINT (13.467066032000048 52.528460566000035)","Unfall 197655 (2019) Kat:3, Licht: 0","197655","3","3","5","08","08","5","0","0","0","0","0","0"
"POINT (13.427103276000025 52.552208742000062)","Unfall 197656 (2019) Kat:3, Licht: 0","197656","3","7","5","08","11","5","0","0","0","1","0","0"
"POINT (13.467085077000036 52.528728055000045)","Unfall 197657 (2019) Kat:3, Licht: 0","197657","3","5","5","08","08","5","1","0","0","1","0","1"
"POINT (13.349151817000063 52.490736223000056)","Unfall 197658 (2019) Kat:3, Licht: 0","197658","3","6","0","08","10","5","0","0","1","1","0","0"
"POINT (13.410610340000062 52.590411471000039)","Unfall 197659 (2019) Kat:3, Licht: 0","197659","3","5","1","08","10","5","0","0","0","1","0","0"
"POINT (13.320116348000056 52.476786106000077)","Unfall 197660 (2019) Kat:3, Licht: 0","197660","3","3","0","08","08","5","0","0","0","1","0","1"
"POINT (13.353131886000028 52.568000082000026)","Unfall 197661 (2019) Kat:3, Licht: 0","197661","3","2","5","08","08","5","0","0","1","1","0","0"
"POINT (13.364250281000068 52.506107681000060)","Unfall 197662 (2019) Kat:3, Licht: 0","197662","3","1","8","08","07","5","0","0","0","1","0","0"
"POINT (13.445506290000026 52.499213691000080)","Unfall 197663 (2019) Kat:3, Licht: 0","197663","3","4","0","08","06","5","1","0","1","0","1","0"
"POINT (13.475527025000076 52.502598177000039)","Unfall 197664 (2019) Kat:3, Licht: 0","197664","3","6","2","08","06","5","0","0","0","1","0","1"
"POINT (13.394337936000056 52.547414592000052)","Unfall 197665 (2019) Kat:3, Licht: 1","197665","3","3","5","08","05","5","1","1","0","1","0","0"
"POINT (13.330882191000057 52.487373717000082)","Unfall 197666 (2019) Kat:3, Licht: 2","197666","3","2","5","08","02","5","0","2","0","1","0","0"
"POINT (13.441573588000040 52.501282982000077)","Unfall 197667 (2019) Kat:3, Licht: 2","197667","3","2","0","08","00","5","1","2","1","1","0","0"
"POINT (13.331498149000026 52.575569049000080)","Unfall 197668 (2019) Kat:3, Licht: 2","197668","3","7","0","07","02","4","0","2","1","0","0","0"
"POINT (13.280969690000063 52.476830555000049)","Unfall 197669 (2019) Kat:3, Licht: 1","197669","3","2","5","07","20","4","1","1","0","1","0","0"
"POINT (13.362227026000028 52.578915863000077)","Unfall 197670 (2019) Kat:3, Licht: 2","197670","3","5","1","07","20","4","1","2","0","1","0","0"
"POINT (13.364436076000061 52.562665141000082)","Unfall 197671 (2019) Kat:3, Licht: 1","197671","3","1","0","07","20","4","1","1","0","0","0","1"
"POINT (13.384700483000074 52.490018459000055)","Unfall 197672 (2019) Kat:3, Licht: 1","197672","3","5","5","07","19","4","0","1","0","1","0","1"
"POINT (13.429577266000024 52.509578248000082)","Unfall 197673 (2019) Kat:3, Licht: 2","197673","3","7","5","07","23","4","1","2","0","1","0","1"
"POINT (13.322277026000052 52.493066494000061)","Unfall 197674 (2019) Kat:3, Licht: 2","197674","3","1","0","07","22","4","1","2","0","0","0","1"
"POINT (13.313865649000036 52.506288503000064)","Unfall 197675 (2019) Kat:3, Licht: 0","197675","3","2","5","07","18","4","0","0","0","1","0","0"
"POINT (13.489800905000038 52.420050193000066)","Unfall 197676 (2019) Kat:3, Licht: 0","197676","3","3","5","07","18","4","0","0","0","1","0","0"
"POINT (13.410537528000077 52.528664394000032)","Unfall 197677 (2019) Kat:3, Licht: 0","197677","3","6","2","07","17","4","1","0","0","1","0","0"
"POINT (13.313159069000051 52.501376857000082)","Unfall 197678 (2019) Kat:3, Licht: 0","197678","3","6","0","07","17","4","1","0","0","1","0","1"
"POINT (13.295066146000067 52.504140267000082)","Unfall 197679 (2019) Kat:2, Licht: 0","197679","2","1","0","07","17","4","1","0","1","0","0","0"
"POINT (13.561748483000031 52.505643489000079)","Unfall 197680 (2019) Kat:3, Licht: 0","197680","3","4","6","07","17","4","1","0","0","1","1","0"
"POINT (13.403970688000072 52.522723138000060)","Unfall 197681 (2019) Kat:2, Licht: 0","197681","2","2","5","07","17","4","1","0","1","1","0","0"
"POINT (13.341599768000037 52.525520876000030)","Unfall 197682 (2019) Kat:3, Licht: 0","197682","3","5","0","07","16","4","1","0","0","1","0","1"
"POINT (13.390251587000023 52.439478868000037)","Unfall 197683 (2019) Kat:3, Licht: 0","197683","3","6","2","07","16","4","1","0","0","1","0","0"
"POINT (13.380089498000075 52.532792414000028)","Unfall 197684 (2019) Kat:3, Licht: 0","197684","3","3","5","07","16","4","1","0","0","1","0","0"
"POINT (13.304091966000044 52.622155580000026)","Unfall 197685 (2019) Kat:3, Licht: 0","197685","3","2","5","07","15","4","1","0","1","1","0","0"
"POINT (13.351362922000021 52.509608899000057)","Unfall 197686 (2019) Kat:3, Licht: 0","197686","3","6","2","07","15","4","1","0","0","1","0","0"
"POINT (13.326102854000055 52.538390999000057)","Unfall 197687 (2019) Kat:3, Licht: 0","197687","3","2","5","07","10","4","0","0","0","1","0","0"
"POINT (13.345863682000072 52.525010857000041)","Unfall 197688 (2019) Kat:3, Licht: 0","197688","3","7","5","07","09","4","0","0","1","1","0","0"
"POINT (13.310808343000076 52.568063827000060)","Unfall 197689 (2019) Kat:2, Licht: 0","197689","2","6","4","07","09","4","0","0","1","0","0","0"
"POINT (13.387701195000034 52.493037727000058)","Unfall 197690 (2019) Kat:3, Licht: 0","197690","3","6","2","07","09","4","0","0","0","1","0","1"
"POINT (13.416577300000029 52.502043384000046)","Unfall 197691 (2019) Kat:3, Licht: 0","197691","3","2","5","07","07","4","0","0","1","1","0","0"
"POINT (13.399810060000050 52.529558159000032)","Unfall 197692 (2019) Kat:2, Licht: 0","197692","2","7","5","07","15","4","0","0","0","1","0","0"
"POINT (13.404974406000065 52.534065236000060)","Unfall 197693 (2019) Kat:3, Licht: 0","197693","3","3","5","07","07","4","0","0","1","0","0","0"
"POINT (13.241377366000052 52.538592725000058)","Unfall 197694 (2019) Kat:3, Licht: 0","197694","3","2","5","07","07","4","0","0","0","0","0","1"
"POINT (13.301896320000026 52.569035314000075)","Unfall 197695 (2019) Kat:3, Licht: 1","197695","3","3","5","07","04","4","0","1","1","1","0","0"
"POINT (13.526310512000066 52.569226952000065)","Unfall 197696 (2019) Kat:3, Licht: 2","197696","3","1","0","07","02","4","0","2","1","0","0","0"
"POINT (13.208433787000047 52.548829745000035)","Unfall 197697 (2019) Kat:3, Licht: 0","197697","3","4","6","07","14","4","0","0","0","1","1","0"
"POINT (13.330904069000042 52.558889031000035)","Unfall 197698 (2019) Kat:3, Licht: 0","197698","3","3","5","07","14","4","0","0","0","1","0","0"
"POINT (13.293120984000041 52.467556345000048)","Unfall 197699 (2019) Kat:3, Licht: 0","197699","3","3","5","07","12","4","0","0","0","0","0","1"
"POINT (13.309144464000042 52.500378152000053)","Unfall 197700 (2019) Kat:3, Licht: 0","197700","3","3","5","07","12","4","0","0","0","1","0","0"
"POINT (13.289760252000065 52.582613969000079)","Unfall 197701 (2019) Kat:2, Licht: 0","197701","2","7","5","07","11","4","0","0","0","1","0","1"
"POINT (13.354268779000051 52.487339954000049)","Unfall 197702 (2019) Kat:3, Licht: 0","197702","3","5","1","07","10","4","0","0","1","1","0","0"
"POINT (13.253776188000074 52.505049861000032)","Unfall 197703 (2019) Kat:3, Licht: 0","197703","3","3","5","07","10","4","0","0","1","0","0","0"
"POINT (13.430590159000076 52.468740222000065)","Unfall 197704 (2019) Kat:3, Licht: 0","197704","3","4","6","07","10","4","0","0","0","1","1","0"
"POINT (13.351282179000066 52.567619635000028)","Unfall 197705 (2019) Kat:3, Licht: 0","197705","3","6","0","07","09","3","0","0","1","1","0","0"
"POINT (13.418543512000042 52.562220184000068)","Unfall 197706 (2019) Kat:3, Licht: 0","197706","3","7","6","07","07","3","0","0","0","1","1","0"
"POINT (13.597507591000067 52.502340295000067)","Unfall 197707 (2019) Kat:3, Licht: 0","197707","3","3","5","07","09","3","0","0","0","1","0","0"
"POINT (13.468441877000032 52.559791307000069)","Unfall 197708 (2019) Kat:3, Licht: 0","197708","3","2","2","07","08","3","1","0","0","1","0","0"
"POINT (13.383771248000073 52.530771189000063)","Unfall 197709 (2019) Kat:3, Licht: 0","197709","3","6","3","07","08","3","0","0","1","0","0","0"
"POINT (13.405712169000026 52.514083546000052)","Unfall 197710 (2019) Kat:2, Licht: 2","197710","2","2","5","07","00","3","0","2","0","1","0","1"
"POINT (13.503938862000041 52.444345159000079)","Unfall 197711 (2019) Kat:2, Licht: 0","197711","2","5","1","07","06","3","0","0","1","1","0","0"
"POINT (13.532029787000056 52.484025898000027)","Unfall 197712 (2019) Kat:3, Licht: 0","197712","3","3","5","07","17","3","0","0","0","1","0","0"
"POINT (13.299382181000055 52.474406457000043)","Unfall 197713 (2019) Kat:2, Licht: 0","197713","2","5","1","07","16","3","0","0","1","1","0","0"
"POINT (13.198881963000076 52.533758514000056)","Unfall 197714 (2019) Kat:2, Licht: 0","197714","2","7","5","07","16","3","0","0","0","1","0","1"
"POINT (13.348026874000027 52.556128299000079)","Unfall 197715 (2019) Kat:3, Licht: 0","197715","3","2","5","07","15","3","0","0","1","1","0","0"
"POINT (13.317646190000062 52.506895211000028)","Unfall 197716 (2019) Kat:3, Licht: 0","197716","3","7","5","07","15","3","0","0","0","1","0","1"
"POINT (13.346729360000040 52.504890185000079)","Unfall 197717 (2019) Kat:3, Licht: 0","197717","3","3","0","07","15","3","0","0","0","1","0","1"
"POINT (13.379173599000069 52.492454863000034)","Unfall 197718 (2019) Kat:3, Licht: 2","197718","3","1","0","07","23","3","0","2","1","0","0","0"
"POINT (13.389887945000055 52.550191769000037)","Unfall 197719 (2019) Kat:3, Licht: 0","197719","3","4","6","07","15","3","0","0","0","0","1","1"
"POINT (13.440000897000061 52.543872521000026)","Unfall 197720 (2019) Kat:3, Licht: 1","197720","3","5","1","07","20","3","0","1","1","1","0","0"
"POINT (13.268946823000022 52.518450598000072)","Unfall 197721 (2019) Kat:3, Licht: 0","197721","3","7","0","07","13","3","0","0","0","1","0","1"
"POINT (13.340653910000071 52.505182760000082)","Unfall 197722 (2019) Kat:2, Licht: 0","197722","2","1","0","07","20","3","0","0","1","0","0","0"
"POINT (13.423823767000044 52.477284276000034)","Unfall 197723 (2019) Kat:3, Licht: 0","197723","3","3","5","07","14","3","0","0","0","1","0","1"
"POINT (13.352201810000054 52.506315265000069)","Unfall 197724 (2019) Kat:3, Licht: 0","197724","3","3","5","07","20","3","0","0","0","1","0","0"
"POINT (13.166772929000047 52.533506260000081)","Unfall 197725 (2019) Kat:3, Licht: 0","197725","3","3","5","07","20","3","0","0","1","1","0","0"
"POINT (13.341290330000049 52.500453070000049)","Unfall 197726 (2019) Kat:3, Licht: 0","197726","3","7","5","07","19","3","0","0","0","1","0","1"
"POINT (13.480807864000042 52.472672127000067)","Unfall 197727 (2019) Kat:3, Licht: 0","197727","3","1","3","07","13","3","0","0","1","0","0","0"
"POINT (13.144228899000041 52.454309546000047)","Unfall 197728 (2019) Kat:3, Licht: 0","197728","3","2","2","07","12","3","0","0","1","1","0","0"
"POINT (13.445504020000044 52.479126429000075)","Unfall 197729 (2019) Kat:3, Licht: 0","197729","3","6","2","07","18","3","0","0","0","1","0","0"
"POINT (13.250321836000069 52.453645023000036)","Unfall 197730 (2019) Kat:3, Licht: 0","197730","3","2","5","07","18","3","0","0","1","1","0","0"
"POINT (13.301824298000042 52.510321198000042)","Unfall 197731 (2019) Kat:3, Licht: 0","197731","3","6","3","07","18","3","0","0","0","1","0","0"
"POINT (13.506765294000047 52.436994425000080)","Unfall 197732 (2019) Kat:3, Licht: 0","197732","3","7","2","07","17","3","0","0","0","1","0","1"
"POINT (13.439396255000077 52.424135966000051)","Unfall 197733 (2019) Kat:3, Licht: 0","197733","3","3","5","07","17","3","0","0","1","0","0","0"
"POINT (13.621726390000049 52.446438586000056)","Unfall 197734 (2019) Kat:2, Licht: 0","197734","2","5","1","07","10","3","0","0","0","1","0","1"
"POINT (13.396476063000023 52.559984268000051)","Unfall 197735 (2019) Kat:3, Licht: 0","197735","3","5","1","07","09","3","0","0","1","0","0","0"
"POINT (13.493561243000045 52.430258117000051)","Unfall 197736 (2019) Kat:3, Licht: 0","197736","3","2","5","07","12","3","0","0","0","1","0","0"
"POINT (13.346147961000042 52.500971799000069)","Unfall 197737 (2019) Kat:1, Licht: 0","197737","1","2","6","07","14","3","0","0","0","0","1","0"
"POINT (13.440682095000057 52.517261703000031)","Unfall 197738 (2019) Kat:3, Licht: 0","197738","3","2","5","07","13","2","0","0","1","0","0","0"
"POINT (13.399990351000042 52.413497685000038)","Unfall 197739 (2019) Kat:3, Licht: 0","197739","3","7","0","07","15","2","0","0","1","0","0","0"
"POINT (13.602052496000056 52.483277888000032)","Unfall 197740 (2019) Kat:3, Licht: 0","197740","3","1","0","07","12","2","0","0","1","0","0","0"
"POINT (13.391577965000067 52.555429700000047)","Unfall 197741 (2019) Kat:3, Licht: 2","197741","3","6","2","07","22","2","1","2","0","1","0","1"
"POINT (13.406512654000039 52.565378157000055)","Unfall 197742 (2019) Kat:3, Licht: 2","197742","3","2","0","07","21","2","1","2","0","1","0","1"
"POINT (13.459601382000073 52.509082230000047)","Unfall 197743 (2019) Kat:3, Licht: 0","197743","3","1","1","07","20","2","1","0","0","1","0","1"
"POINT (13.391148571000031 52.536208850000037)","Unfall 197744 (2019) Kat:3, Licht: 0","197744","3","2","5","07","18","2","1","0","1","0","0","0"
"POINT (13.321792800000026 52.501724870000032)","Unfall 197745 (2019) Kat:3, Licht: 0","197745","3","6","0","07","18","2","1","0","0","1","0","1"
"POINT (13.294640444000038 52.442253715000049)","Unfall 197746 (2019) Kat:3, Licht: 0","197746","3","5","0","07","18","2","1","0","1","1","0","0"
"POINT (13.374965124000028 52.548164422000070)","Unfall 197747 (2019) Kat:3, Licht: 0","197747","3","6","2","07","18","2","1","0","0","1","0","0"
"POINT (13.393183136000061 52.524912860000029)","Unfall 197748 (2019) Kat:3, Licht: 0","197748","3","6","2","07","16","2","0","0","0","1","0","0"
"POINT (13.209015372000067 52.546537167000054)","Unfall 197749 (2019) Kat:3, Licht: 0","197749","3","7","5","07","16","2","0","0","1","1","0","0"
"POINT (13.342039234000026 52.463374449000071)","Unfall 197750 (2019) Kat:3, Licht: 0","197750","3","6","2","07","19","2","1","0","0","1","0","0"
"POINT (13.392514041000027 52.512276207000070)","Unfall 197751 (2019) Kat:3, Licht: 0","197751","3","5","1","07","17","2","1","0","1","1","0","0"
"POINT (13.332710008000049 52.478693417000045)","Unfall 197752 (2019) Kat:3, Licht: 0","197752","3","2","5","07","16","2","0","0","0","1","0","1"
"POINT (13.391862616000026 52.549797652000052)","Unfall 197753 (2019) Kat:3, Licht: 0","197753","3","2","5","07","16","2","0","0","1","1","0","0"
"POINT (13.442214900000067 52.569737224000050)","Unfall 197754 (2019) Kat:3, Licht: 0","197754","3","7","0","07","19","2","1","0","0","1","0","0"
"POINT (13.332781920000059 52.479724251000050)","Unfall 197755 (2019) Kat:2, Licht: 0","197755","2","3","5","07","15","2","0","0","1","1","0","0"
"POINT (13.515996551000057 52.536953883000081)","Unfall 197756 (2019) Kat:3, Licht: 0","197756","3","2","5","07","15","2","0","0","1","0","0","0"
"POINT (13.381072150000023 52.532163925000077)","Unfall 197757 (2019) Kat:3, Licht: 0","197757","3","7","2","07","15","2","0","0","1","1","0","0"
"POINT (13.308295487000066 52.476973820000069)","Unfall 197758 (2019) Kat:2, Licht: 0","197758","2","6","2","07","14","2","0","0","0","1","0","1"
"POINT (13.554322331000037 52.455703299000049)","Unfall 197759 (2019) Kat:3, Licht: 0","197759","3","2","2","07","15","2","0","0","0","1","0","0"
"POINT (13.151328641000077 52.553785835000042)","Unfall 197760 (2019) Kat:3, Licht: 0","197760","3","1","0","07","14","2","0","0","0","0","0","1"
"POINT (13.312649158000056 52.499308526000050)","Unfall 197761 (2019) Kat:3, Licht: 0","197761","3","2","5","07","14","2","0","0","0","0","0","0"
"POINT (13.464714488000027 52.506965874000059)","Unfall 197762 (2019) Kat:3, Licht: 0","197762","3","3","5","07","14","2","0","0","0","1","0","0"
"POINT (13.546911726000076 52.431522689000076)","Unfall 197763 (2019) Kat:3, Licht: 0","197763","3","2","3","07","13","2","0","0","0","1","0","1"