WKT,Name,OBJECTID,UKATEGORIE,UTYP1,UART,UMONAT,USTUNDE,UWOCHENTAG,STRZUSTAND,ULICHTVERH,ISTRAD,ISTPKW,ISTFUSS,ISTKRAD
"POINT (13.364129580000053 52.476463624000075)","Unfall 197764 (2019) Kat:2, Licht: 0","197764","2","7","6","07","12","2","0","0","0","0","1","0"
"POINT (13.276197530000047 52.518844431000048)","Unfall 197765 (2019) Kat:3, Licht: 0","197765","3","6","2","07","12","2","0","0","0","1","0","0"
"POINT (13.399500616000068 52.552567624000062)","Unfall 197766 (2019) Kat:3, Licht: 0","197766","3","2","5","07","12","2","0","0","1","1","0","0"
"POINT (13.386162006000063 52.485029589000078)","Unfall 197767 (2019) Kat:3, Licht: 0","197767","3","3","5","07","11","2","0","0","1","1","0","0"
"POINT (13.587924329000032 52.520713966000073)","Unfall 197768 (2019) Kat:2, Licht: 0","197768","2","2","5","07","11","2","0","0","0","1","0","0"
"POINT (13.539015708000022 52.421572756000046)","Unfall 197769 (2019) Kat:3, Licht: 0","197769","3","4","6","07","09","2","0","0","0","1","1","0"
"POINT (13.440610858000070 52.517021518000035)","Unfall 197770 (2019) Kat:3, Licht: 0","197770","3","2","5","07","09","2","0","0","1","1","0","0"
"POINT (13.314805854000042 52.481348712000056)","Unfall 197771 (2019) Kat:3, Licht: 0","197771","3","6","2","07","09","2","0","0","0","1","0","0"
"POINT (13.207890788000043 52.526440235000052)","Unfall 197772 (2019) Kat:2, Licht: 0","197772","2","1","8","07","11","2","0","0","0","1","0","0"
"POINT (13.432058421000022 52.505717752000066)","Unfall 197773 (2019) Kat:3, Licht: 0","197773","3","1","0","07","18","2","1","0","1","0","0","0"
"POINT (13.390791044000025 52.504527534000033)","Unfall 197774 (2019) Kat:3, Licht: 0","197774","3","1","0","07","19","2","1","0","1","0","0","0"
"POINT (13.326157207000051 52.538226018000046)","Unfall 197775 (2019) Kat:3, Licht: 0","197775","3","6","3","07","08","2","0","0","0","1","0","0"
"POINT (13.429036477000068 52.471904953000035)","Unfall 197776 (2019) Kat:3, Licht: 0","197776","3","2","2","07","07","2","0","0","1","1","0","0"
"POINT (13.451587374000042 52.510773984000082)","Unfall 197777 (2019) Kat:3, Licht: 0","197777","3","6","2","07","06","2","0","0","0","1","0","1"
"POINT (13.304648189000034 52.418036179000069)","Unfall 197778 (2019) Kat:3, Licht: 0","197778","3","1","0","07","20","1","0","0","1","0","0","0"
"POINT (13.338722557000040 52.494327425000051)","Unfall 197779 (2019) Kat:3, Licht: 0","197779","3","6","2","07","14","1","0","0","0","1","0","1"
"POINT (13.238601851000055 52.539197945000069)","Unfall 197780 (2019) Kat:3, Licht: 0","197780","3","6","2","07","13","1","0","0","0","1","0","0"
"POINT (13.395260010000072 52.520439501000055)","Unfall 197781 (2019) Kat:3, Licht: 0","197781","3","7","0","07","17","1","0","0","0","0","0","0"
"POINT (13.400541964000070 52.521670629000027)","Unfall 197782 (2019) Kat:3, Licht: 2","197782","3","4","0","07","22","1","0","2","0","0","1","1"
"POINT (13.454548219000060 52.465372886000068)","Unfall 197783 (2019) Kat:3, Licht: 0","197783","3","1","0","07","18","1","0","0","1","0","0","0"
"POINT (13.465881591000027 52.436066229000062)","Unfall 197784 (2019) Kat:3, Licht: 0","197784","3","7","5","07","16","1","0","0","0","1","0","0"
"POINT (13.375499611000066 52.519402364000030)","Unfall 197785 (2019) Kat:3, Licht: 0","197785","3","5","1","07","16","1","0","0","0","1","0","0"
"POINT (13.348211805000062 52.463634101000082)","Unfall 197786 (2019) Kat:2, Licht: 0","197786","2","6","2","07","15","1","0","0","0","1","0","1"
"POINT (13.422288067000068 52.524410628000055)","Unfall 197787 (2019) Kat:3, Licht: 0","197787","3","1","0","07","15","1","0","0","0","0","0","0"
"POINT (13.466174726000077 52.496800964000045)","Unfall 197788 (2019) Kat:3, Licht: 0","197788","3","2","5","07","09","1","0","0","1","0","0","0"
"POINT (13.413164659000074 52.502384403000065)","Unfall 197789 (2019) Kat:3, Licht: 0","197789","3","1","0","07","10","7","0","0","1","0","0","0"
"POINT (13.436711489000061 52.523493528000074)","Unfall 197790 (2019) Kat:3, Licht: 0","197790","3","3","0","07","17","7","0","0","1","1","0","0"
"POINT (13.445074381000040 52.479338714000050)","Unfall 197791 (2019) Kat:3, Licht: 2","197791","3","7","0","07","23","7","0","2","1","0","0","0"
"POINT (13.255956415000071 52.435907608000036)","Unfall 197792 (2019) Kat:3, Licht: 0","197792","3","3","5","07","18","7","0","0","1","1","0","0"
"POINT (13.431564886000046 52.492341834000058)","Unfall 197793 (2019) Kat:3, Licht: 0","197793","3","6","0","07","18","7","0","0","0","1","0","1"
"POINT (13.334303054000031 52.541127415000062)","Unfall 197794 (2019) Kat:3, Licht: 0","197794","3","6","2","07","17","7","0","0","0","1","0","0"
"POINT (13.336416875000054 52.497940736000032)","Unfall 197795 (2019) Kat:3, Licht: 0","197795","3","6","2","07","16","7","0","0","0","1","0","0"
"POINT (13.302024044000063 52.507976661000043)","Unfall 197796 (2019) Kat:3, Licht: 0","197796","3","2","5","07","16","7","0","0","0","1","0","0"
"POINT (13.387940150000077 52.560710308000068)","Unfall 197797 (2019) Kat:3, Licht: 0","197797","3","2","5","07","16","7","0","0","1","1","0","0"
"POINT (13.250734302000069 52.449773038000046)","Unfall 197798 (2019) Kat:2, Licht: 0","197798","2","4","6","07","15","7","0","0","0","1","1","0"
"POINT (13.429364637000049 52.486491068000078)","Unfall 197799 (2019) Kat:3, Licht: 2","197799","3","6","0","07","23","7","0","2","0","0","0","1"
"POINT (13.344357855000055 52.516877277000049)","Unfall 197800 (2019) Kat:3, Licht: 0","197800","3","4","6","08","07","4","0","0","0","1","1","0"
"POINT (13.184648203000052 52.515401545000032)","Unfall 197801 (2019) Kat:3, Licht: 0","197801","3","2","5","08","06","4","0","0","0","1","0","0"
"POINT (13.622644824000076 52.446712838000053)","Unfall 197802 (2019) Kat:2, Licht: 0","197802","2","7","6","08","07","4","0","0","0","0","1","0"
"POINT (13.217485651000061 52.573159670000052)","Unfall 197803 (2019) Kat:3, Licht: 0","197803","3","1","0","08","07","4","0","0","1","0","0","0"
"POINT (13.410712942000032 52.550803733000066)","Unfall 197804 (2019) Kat:3, Licht: 0","197804","3","5","0","08","18","3","0","0","1","1","0","0"
"POINT (13.360581279000030 52.523427212000058)","Unfall 197805 (2019) Kat:2, Licht: 0","197805","2","7","6","08","17","3","0","0","0","0","1","0"
"POINT (13.400338020000049 52.518976873000042)","Unfall 197806 (2019) Kat:3, Licht: 0","197806","3","4","6","08","13","3","0","0","1","0","1","0"
"POINT (13.410860356000057 52.539661671000033)","Unfall 197807 (2019) Kat:3, Licht: 0","197807","3","5","1","08","18","3","0","0","1","1","0","0"
"POINT (13.534086330000036 52.457242782000037)","Unfall 197808 (2019) Kat:2, Licht: 0","197808","2","4","6","08","16","3","0","0","0","0","1","1"
"POINT (13.444635776000041 52.545622366000032)","Unfall 197809 (2019) Kat:3, Licht: 0","197809","3","2","5","08","16","3","0","0","1","1","0","0"
"POINT (13.328809796000030 52.523997061000046)","Unfall 197810 (2019) Kat:3, Licht: 0","197810","3","6","2","08","15","3","0","0","0","1","0","0"
"POINT (13.446901778000040 52.486104030000035)","Unfall 197811 (2019) Kat:3, Licht: 1","197811","3","5","1","08","18","3","0","1","1","1","0","0"
"POINT (13.385515780000048 52.468587895000041)","Unfall 197812 (2019) Kat:3, Licht: 0","197812","3","2","6","08","18","3","0","0","0","1","1","0"
"POINT (13.345925215000022 52.498753976000046)","Unfall 197813 (2019) Kat:3, Licht: 0","197813","3","4","6","08","18","3","0","0","0","1","1","0"
"POINT (13.598067109000056 52.489346001000058)","Unfall 197814 (2019) Kat:3, Licht: 0","197814","3","5","1","08","18","3","0","0","1","1","0","0"
"POINT (13.425068459000045 52.540990739000051)","Unfall 197815 (2019) Kat:3, Licht: 0","197815","3","6","3","08","17","3","0","0","1","0","0","0"
"POINT (13.442793814000026 52.465080634000060)","Unfall 197816 (2019) Kat:3, Licht: 0","197816","3","2","5","08","17","3","0","0","1","1","0","0"
"POINT (13.462269775000038 52.513216309000029)","Unfall 197817 (2019) Kat:3, Licht: 0","197817","3","2","5","08","17","3","0","0","1","1","0","0"
"POINT (13.328433640000071 52.468956785000046)","Unfall 197818 (2019) Kat:3, Licht: 0","197818","3","2","2","08","17","3","0","0","1","1","0","0"
"POINT (13.381631669000058 52.459426949000033)","Unfall 197819 (2019) Kat:2, Licht: 0","197819","2","1","0","08","17","3","0","0","0","0","0","0"
"POINT (13.410968832000037 52.525766346000069)","Unfall 197820 (2019) Kat:3, Licht: 0","197820","3","6","0","08","08","3","0","0","1","0","0","0"
"POINT (13.451113195000062 52.502290960000039)","Unfall 197821 (2019) Kat:3, Licht: 0","197821","3","7","0","08","12","3","0","0","0","0","0","1"
"POINT (13.400537434000057 52.509991506000063)","Unfall 197822 (2019) Kat:3, Licht: 0","197822","3","3","5","08","16","3","0","0","1","1","0","1"
"POINT (13.378068404000032 52.466366745000073)","Unfall 197823 (2019) Kat:3, Licht: 0","197823","3","2","5","08","15","3","0","0","0","1","0","1"
"POINT (13.478594382000040 52.471578879000049)","Unfall 197824 (2019) Kat:3, Licht: 0","197824","3","1","2","08","15","3","0","0","0","1","0","0"
"POINT (13.292758417000073 52.506828521000045)","Unfall 197825 (2019) Kat:3, Licht: 0","197825","3","3","5","08","14","3","0","0","0","1","0","1"
"POINT (13.249153280000030 52.552103034000027)","Unfall 197826 (2019) Kat:3, Licht: 0","197826","3","6","2","08","14","3","0","0","0","1","0","0"
"POINT (13.196827644000052 52.513183841000057)","Unfall 197827 (2019) Kat:3, Licht: 0","197827","3","6","2","08","13","3","0","0","0","1","0","0"
"POINT (13.330702660000043 52.490820143000064)","Unfall 197828 (2019) Kat:3, Licht: 0","197828","3","2","5","08","13","3","0","0","1","0","0","0"
"POINT (13.461427373000049 52.549448729000062)","Unfall 197829 (2019) Kat:3, Licht: 0","197829","3","6","3","08","16","3","0","0","1","1","0","0"
"POINT (13.330788335000022 52.487267873000064)","Unfall 197830 (2019) Kat:2, Licht: 0","197830","2","2","5","08","15","3","0","0","0","1","0","0"
"POINT (13.580791121000061 52.460074957000074)","Unfall 197831 (2019) Kat:3, Licht: 0","197831","3","7","5","08","12","3","0","0","0","1","0","0"
"POINT (13.418043592000060 52.418603097000073)","Unfall 197832 (2019) Kat:3, Licht: 0","197832","3","5","1","08","15","3","0","0","0","1","0","0"
"POINT (13.625067708000074 52.453789737000079)","Unfall 197833 (2019) Kat:3, Licht: 0","197833","3","5","1","08","12","3","0","0","1","0","0","0"
"POINT (13.418029222000030 52.515236488000028)","Unfall 197834 (2019) Kat:3, Licht: 0","197834","3","7","3","08","11","3","0","0","1","1","0","0"
"POINT (13.363202224000077 52.503548194000075)","Unfall 197835 (2019) Kat:3, Licht: 0","197835","3","6","2","08","08","3","0","0","1","1","0","0"
"POINT (13.178506365000032 52.525560157000029)","Unfall 197836 (2019) Kat:3, Licht: 0","197836","3","7","5","08","08","3","0","0","0","1","0","1"
"POINT (13.549704750000046 52.542712810000069)","Unfall 197837 (2019) Kat:3, Licht: 0","197837","3","6","2","08","11","3","0","0","0","1","0","0"
"POINT (13.399130069000023 52.554676214000040)","Unfall 197838 (2019) Kat:2, Licht: 0","197838","2","7","0","08","06","3","0","0","1","0","0","0"
"POINT (13.171655092000037 52.511021634000031)","Unfall 197839 (2019) Kat:3, Licht: 0","197839","3","2","0","08","10","3","0","0","1","1","0","0"
"POINT (13.336506249000024 52.542119697000032)","Unfall 197840 (2019) Kat:3, Licht: 0","197840","3","2","5","08","06","3","0","0","1","1","0","0"
"POINT (13.442872791000070 52.480258075000052)","Unfall 197841 (2019) Kat:3, Licht: 2","197841","3","7","6","08","01","3","0","2","0","0","1","0"
"POINT (13.478997342000071 52.443060831000082)","Unfall 197842 (2019) Kat:3, Licht: 0","197842","3","3","5","08","09","3","0","0","1","1","0","0"
"POINT (13.584494142000040 52.540371150000055)","Unfall 197843 (2019) Kat:3, Licht: 0","197843","3","7","0","08","09","3","1","0","0","1","0","1"
"POINT (13.440959110000051 52.481364861000031)","Unfall 197844 (2019) Kat:3, Licht: 0","197844","3","2","5","08","09","3","0","0","1","1","0","0"
"POINT (13.428643696000051 52.519552995000026)","Unfall 197845 (2019) Kat:3, Licht: 0","197845","3","3","5","08","08","3","0","0","0","1","0","1"
"POINT (13.169207521000033 52.520632113000033)","Unfall 197846 (2019) Kat:3, Licht: 0","197846","3","2","2","08","20","2","0","0","1","0","0","0"
"POINT (13.330911617000027 52.467216722000046)","Unfall 197847 (2019) Kat:3, Licht: 0","197847","3","7","2","08","12","2","0","0","1","1","0","0"
"POINT (13.276921072000050 52.518551636000041)","Unfall 197848 (2019) Kat:3, Licht: 2","197848","3","6","2","08","15","2","0","2","0","1","0","0"
"POINT (13.460052758000074 52.432038247000037)","Unfall 197849 (2019) Kat:3, Licht: 0","197849","3","2","5","08","20","2","0","0","1","0","0","0"
"POINT (13.469265882000059 52.531581947000063)","Unfall 197850 (2019) Kat:3, Licht: 0","197850","3","4","6","08","19","2","0","0","1","0","1","0"
"POINT (13.619881398000075 52.539530181000032)","Unfall 197851 (2019) Kat:3, Licht: 0","197851","3","2","5","08","18","2","0","0","1","1","0","0"
"POINT (13.409390040000062 52.439094272000034)","Unfall 197852 (2019) Kat:2, Licht: 0","197852","2","5","5","08","18","2","0","0","0","1","0","0"
"POINT (13.392570795000040 52.532049793000056)","Unfall 197853 (2019) Kat:2, Licht: 1","197853","2","5","1","08","20","2","0","1","1","0","0","0"
"POINT (13.486552984000070 52.540982668000026)","Unfall 197854 (2019) Kat:3, Licht: 0","197854","3","2","0","08","15","2","0","0","0","1","0","1"
"POINT (13.215815304000046 52.526778546000060)","Unfall 197855 (2019) Kat:3, Licht: 0","197855","3","2","5","08","18","2","0","0","1","1","0","0"
"POINT (13.401183358000026 52.510420434000082)","Unfall 197856 (2019) Kat:3, Licht: 0","197856","3","2","5","08","17","2","0","0","0","1","0","1"
"POINT (13.362966933000052 52.493948620000026)","Unfall 197857 (2019) Kat:3, Licht: 0","197857","3","7","6","08","13","2","0","0","1","0","1","0"
"POINT (13.388868239000033 52.499168452000049)","Unfall 197858 (2019) Kat:3, Licht: 0","197858","3","6","2","08","13","2","0","0","1","0","0","0"
"POINT (13.290005636000046 52.482221187000050)","Unfall 197859 (2019) Kat:3, Licht: 0","197859","3","3","5","08","13","2","0","0","0","1","0","0"
"POINT (13.374358227000073 52.488703776000079)","Unfall 197860 (2019) Kat:3, Licht: 0","197860","3","2","0","08","17","2","0","0","0","1","0","1"
"POINT (13.124820781000039 52.528116122000029)","Unfall 197861 (2019) Kat:3, Licht: 0","197861","3","2","0","08","16","2","0","0","1","1","0","0"
"POINT (13.490759579000041 52.493150716000059)","Unfall 197862 (2019) Kat:2, Licht: 0","197862","2","7","0","08","16","2","0","0","1","0","0","0"
"POINT (13.310816925000040 52.604035882000062)","Unfall 197863 (2019) Kat:3, Licht: 0","197863","3","3","5","08","16","2","0","0","1","1","0","0"
"POINT (13.176015260000042 52.524537665000082)","Unfall 197864 (2019) Kat:3, Licht: 0","197864","3","4","0","08","16","2","0","0","0","0","1","0"
"POINT (13.189625748000026 52.536887078000063)","Unfall 197865 (2019) Kat:3, Licht: 0","197865","3","2","2","08","15","2","0","0","0","1","0","0"
"POINT (13.562062477000040 52.566486729000076)","Unfall 197866 (2019) Kat:2, Licht: 0","197866","2","3","5","08","15","2","0","0","0","1","0","1"
"POINT (13.329769397000064 52.569103778000056)","Unfall 197867 (2019) Kat:3, Licht: 0","197867","3","2","6","08","15","2","0","0","0","1","1","0"
"POINT (13.477183882000077 52.520257987000036)","Unfall 197868 (2019) Kat:3, Licht: 0","197868","3","2","0","08","14","2","0","0","1","0","0","0"
"POINT (13.383778654000025 52.529987386000073)","Unfall 197869 (2019) Kat:3, Licht: 0","197869","3","5","3","08","14","2","0","0","1","1","0","0"
"POINT (13.315866075000031 52.441738898000040)","Unfall 197870 (2019) Kat:3, Licht: 0","197870","3","3","5","08","15","2","0","0","0","1","0","0"
"POINT (13.313328546000037 52.480006825000032)","Unfall 197871 (2019) Kat:3, Licht: 0","197871","3","3","5","08","10","2","0","0","1","1","0","0"
"POINT (13.324497114000053 52.564885541000081)","Unfall 197872 (2019) Kat:3, Licht: 0","197872","3","2","5","08","10","2","0","0","1","1","0","0"
"POINT (13.432343574000072 52.604733583000041)","Unfall 197873 (2019) Kat:3, Licht: 0","197873","3","3","6","08","09","2","0","0","0","1","1","0"
"POINT (13.532550698000023 52.510706886000037)","Unfall 197874 (2019) Kat:2, Licht: 0","197874","2","3","5","08","12","2","0","0","1","1","0","0"
"POINT (13.430366225000057 52.503343281000070)","Unfall 197875 (2019) Kat:3, Licht: 0","197875","3","1","0","08","12","2","0","0","1","0","0","0"
"POINT (13.699877973000071 52.403980597000043)","Unfall 197876 (2019) Kat:3, Licht: 0","197876","3","5","5","08","10","2","0","0","0","1","0","0"
"POINT (13.415886464000039 52.527409061000071)","Unfall 197877 (2019) Kat:3, Licht: 0","197877","3","6","2","08","08","2","0","0","0","1","0","1"
"POINT (13.352967878000072 52.499324022000053)","Unfall 197878 (2019) Kat:3, Licht: 0","197878","3","3","5","08","08","2","0","0","1","1","0","0"
"POINT (13.358331927000052 52.486454298000069)","Unfall 197879 (2019) Kat:3, Licht: 0","197879","3","6","3","08","08","2","0","0","1","1","0","0"
"POINT (13.391146076000041 52.536210141000026)","Unfall 197880 (2019) Kat:3, Licht: 0","197880","3","3","5","08","07","2","0","0","0","1","0","0"
"POINT (13.307887868000023 52.496897138000065)","Unfall 197881 (2019) Kat:3, Licht: 0","197881","3","6","0","08","14","1","0","0","0","1","0","1"
"POINT (13.475574834000042 52.440718537000066)","Unfall 197882 (2019) Kat:3, Licht: 0","197882","3","6","0","08","10","1","0","0","1","1","0","0"
"POINT (13.419489188000057 52.473613122000074)","Unfall 197883 (2019) Kat:3, Licht: 2","197883","3","2","5","08","22","1","0","2","1","1","0","0"
"POINT (13.424147294000022 52.486483270000065)","Unfall 197884 (2019) Kat:3, Licht: 2","197884","3","1","0","08","21","1","0","2","0","0","0","1"
"POINT (13.379573053000058 52.492300387000057)","Unfall 197885 (2019) Kat:3, Licht: 0","197885","3","3","5","08","14","1","0","0","1","1","0","0"
"POINT (13.322672956000076 52.575855559000047)","Unfall 197886 (2019) Kat:3, Licht: 0","197886","3","5","1","08","14","1","0","0","0","1","0","0"
"POINT (13.262265627000033 52.451555658000075)","Unfall 197887 (2019) Kat:3, Licht: 0","197887","3","1","0","08","13","1","0","0","1","0","0","0"
"POINT (13.259843504000060 52.516179507000061)","Unfall 197888 (2019) Kat:3, Licht: 0","197888","3","3","5","08","13","1","0","0","0","1","0","1"
"POINT (13.326213948000031 52.427844359000062)","Unfall 197889 (2019) Kat:3, Licht: 0","197889","3","6","2","08","13","1","0","0","0","1","0","1"
"POINT (13.421110138000074 52.480244826000046)","Unfall 197890 (2019) Kat:3, Licht: 0","197890","3","2","5","08","13","1","0","0","0","1","0","0"
"POINT (13.438956967000024 52.547159365000027)","Unfall 197891 (2019) Kat:3, Licht: 0","197891","3","1","0","08","12","1","0","0","1","0","0","0"
"POINT (13.432495017000065 52.502465962000031)","Unfall 197892 (2019) Kat:3, Licht: 0","197892","3","3","5","08","12","1","0","0","0","1","0","0"
"POINT (13.284357902000067 52.495837436000045)","Unfall 197893 (2019) Kat:3, Licht: 0","197893","3","6","2","08","12","1","0","0","0","1","0","1"
"POINT (13.380961382000066 52.552403939000044)","Unfall 197894 (2019) Kat:3, Licht: 0","197894","3","6","2","08","12","1","0","0","0","1","0","0"
"POINT (13.626120480000054 52.446781229000067)","Unfall 197895 (2019) Kat:3, Licht: 0","197895","3","5","2","08","20","1","0","0","0","1","0","0"
"POINT (13.486719387000051 52.502500305000069)","Unfall 197896 (2019) Kat:2, Licht: 1","197896","2","2","5","08","20","1","0","1","1","1","0","0"
"POINT (13.334016976000044 52.521124163000081)","Unfall 197897 (2019) Kat:3, Licht: 0","197897","3","2","5","08","19","1","0","0","1","1","0","0"
"POINT (13.564748665000025 52.438622466000027)","Unfall 197898 (2019) Kat:3, Licht: 0","197898","3","2","5","08","18","1","0","0","1","1","0","0"
"POINT (13.429034921000039 52.485391848000063)","Unfall 197899 (2019) Kat:3, Licht: 0","197899","3","3","5","08","18","1","0","0","0","1","0","1"
"POINT (13.613065924000068 52.508649935000051)","Unfall 197900 (2019) Kat:3, Licht: 0","197900","3","3","5","08","17","1","0","0","0","1","0","0"
"POINT (13.280577482000069 52.630151242000068)","Unfall 197901 (2019) Kat:3, Licht: 0","197901","3","3","5","08","17","1","0","0","0","1","0","1"
"POINT (13.184599634000051 52.547534576000032)","Unfall 197902 (2019) Kat:2, Licht: 0","197902","2","2","5","08","15","1","0","0","0","1","0","0"
"POINT (13.350363765000054 52.596374772000047)","Unfall 197903 (2019) Kat:3, Licht: 0","197903","3","6","2","08","15","1","0","0","0","1","0","0"
"POINT (13.265831081000044 52.430620980000072)","Unfall 197904 (2019) Kat:3, Licht: 0","197904","3","7","0","08","15","1","0","0","1","0","0","0"
"POINT (13.435265703000027 52.425932126000077)","Unfall 197905 (2019) Kat:3, Licht: 0","197905","3","7","0","08","14","1","0","0","0","1","0","1"
"POINT (13.353193022000028 52.541426439000077)","Unfall 197906 (2019) Kat:3, Licht: 0","197906","3","5","1","08","10","1","0","0","1","1","0","0"
"POINT (13.554311766000069 52.447637601000054)","Unfall 197907 (2019) Kat:3, Licht: 0","197907","3","3","5","08","08","1","0","0","0","1","0","0"
"POINT (13.149279853000053 52.554172884000081)","Unfall 197908 (2019) Kat:3, Licht: 0","197908","3","2","5","08","07","4","0","0","0","1","0","1"
"POINT (13.199767515000076 52.534775559000082)","Unfall 197909 (2019) Kat:3, Licht: 0","197909","3","2","6","08","08","1","0","0","0","1","1","0"
"POINT (13.402539408000052 52.596740216000057)","Unfall 197910 (2019) Kat:3, Licht: 2","197910","3","5","1","08","01","1","0","2","1","1","0","0"
"POINT (13.470189637000033 52.566369378000047)","Unfall 197911 (2019) Kat:1, Licht: 0","197911","1","7","0","08","17","7","0","0","0","0","0","0"
"POINT (13.409825363000039 52.547379948000071)","Unfall 197912 (2019) Kat:3, Licht: 0","197912","3","4","0","08","12","7","0","0","1","0","1","0"
"POINT (13.394221413000025 52.564982297000029)","Unfall 197913 (2019) Kat:3, Licht: 0","197913","3","2","5","08","13","7","0","0","1","1","0","0"
"POINT (13.329888592000032 52.505454504000056)","Unfall 197914 (2019) Kat:3, Licht: 0","197914","3","3","5","08","13","7","0","0","0","1","0","1"
"POINT (13.507923987000027 52.548535046000040)","Unfall 197915 (2019) Kat:3, Licht: 0","197915","3","6","2","08","12","7","0","0","0","1","0","0"
"POINT (13.475429762000033 52.611514050000039)","Unfall 197916 (2019) Kat:3, Licht: 0","197916","3","3","5","08","12","7","0","0","0","1","0","0"
"POINT (13.514051827000060 52.462365448000071)","Unfall 197917 (2019) Kat:3, Licht: 0","197917","3","3","5","08","12","7","0","0","0","1","0","0"
"POINT (13.301748832000044 52.468427670000040)","Unfall 197918 (2019) Kat:3, Licht: 0","197918","3","3","5","08","11","7","0","0","1","1","0","0"
"POINT (13.208537961000047 52.561551734000034)","Unfall 197919 (2019) Kat:2, Licht: 0","197919","2","2","5","08","11","7","0","0","1","1","0","0"
"POINT (13.327795964000074 52.425639328000045)","Unfall 197920 (2019) Kat:3, Licht: 0","197920","3","2","2","08","11","7","0","0","0","1","0","0"
"POINT (13.573473072000070 52.394389023000031)","Unfall 197921 (2019) Kat:2, Licht: 0","197921","2","3","5","08","11","7","0","0","0","1","0","0"
"POINT (13.155753575000062 52.533077493000064)","Unfall 197922 (2019) Kat:3, Licht: 0","197922","3","3","5","08","11","7","0","0","1","1","0","0"
"POINT (13.488502331000063 52.451312806000033)","Unfall 197923 (2019) Kat:3, Licht: 0","197923","3","2","2","08","09","7","0","0","0","1","0","0"
"POINT (13.389027102000057 52.515627286000040)","Unfall 197924 (2019) Kat:3, Licht: 0","197924","3","3","5","08","09","7","0","0","0","1","0","0"
"POINT (13.329256607000048 52.609429538000029)","Unfall 197925 (2019) Kat:3, Licht: 2","197925","3","6","4","08","00","7","1","2","0","1","0","0"
"POINT (13.258983717000035 52.547930378000046)","Unfall 197926 (2019) Kat:3, Licht: 0","197926","3","6","2","08","19","7","0","0","0","1","0","0"
"POINT (13.328236248000053 52.478851603000066)","Unfall 197927 (2019) Kat:3, Licht: 0","197927","3","6","2","08","18","7","0","0","0","1","0","0"
"POINT (13.426472950000061 52.542967144000045)","Unfall 197928 (2019) Kat:3, Licht: 0","197928","3","2","2","08","17","7","0","0","0","1","0","0"
"POINT (13.301993357000072 52.488475884000081)","Unfall 197929 (2019) Kat:3, Licht: 0","197929","3","1","0","08","17","7","0","0","0","0","0","1"
"POINT (13.360453204000066 52.557455188000063)","Unfall 197930 (2019) Kat:3, Licht: 0","197930","3","6","4","08","16","7","0","0","0","1","0","0"
"POINT (13.532669687000066 52.457195006000063)","Unfall 197931 (2019) Kat:3, Licht: 0","197931","3","3","5","08","16","7","0","0","1","1","0","0"
"POINT (13.326106785000036 52.538367565000044)","Unfall 197932 (2019) Kat:3, Licht: 0","197932","3","2","5","08","15","7","0","0","0","1","0","0"
"POINT (13.402584314000023 52.502088534000052)","Unfall 197933 (2019) Kat:3, Licht: 2","197933","3","3","5","08","23","7","0","2","0","1","0","0"
"POINT (13.409254588000067 52.382209154000066)","Unfall 197934 (2019) Kat:3, Licht: 0","197934","3","3","5","08","20","7","0","0","0","1","0","0"
"POINT (13.408183028000053 52.541368242000033)","Unfall 197935 (2019) Kat:3, Licht: 2","197935","3","1","0","08","03","7","0","2","0","0","0","1"
"POINT (13.383125612000072 52.530600176000064)","Unfall 197936 (2019) Kat:3, Licht: 0","197936","3","2","5","08","17","6","0","0","1","1","0","0"
"POINT (13.379146562000074 52.506898494000041)","Unfall 197937 (2019) Kat:3, Licht: 0","197937","3","4","0","08","16","6","0","0","1","0","1","0"
"POINT (13.400433156000076 52.488855484000055)","Unfall 197938 (2019) Kat:3, Licht: 0","197938","3","7","1","08","19","6","0","0","0","1","0","0"
"POINT (13.331639838000058 52.506449289000045)","Unfall 197939 (2019) Kat:3, Licht: 2","197939","3","6","3","08","21","6","0","2","1","1","0","0"
"POINT (13.327283249000061 52.564188740000077)","Unfall 197940 (2019) Kat:3, Licht: 0","197940","3","6","2","08","17","6","0","0","1","1","0","0"
"POINT (13.428333727000052 52.481207120000079)","Unfall 197941 (2019) Kat:3, Licht: 2","197941","3","5","1","08","22","6","0","2","1","1","0","0"
"POINT (13.395805342000074 52.503932502000055)","Unfall 197942 (2019) Kat:3, Licht: 0","197942","3","5","1","08","17","6","0","0","1","1","0","0"
"POINT (13.411102095000047 52.503526212000054)","Unfall 197943 (2019) Kat:3, Licht: 0","197943","3","3","5","08","20","6","0","0","0","1","0","1"
"POINT (13.424343932000056 52.486026846000073)","Unfall 197944 (2019) Kat:3, Licht: 0","197944","3","6","3","08","17","6","0","0","1","1","0","0"
"POINT (13.568019943000024 52.403087143000050)","Unfall 197945 (2019) Kat:3, Licht: 0","197945","3","3","5","08","19","6","0","0","1","0","0","0"
"POINT (13.418498709000062 52.553469382000060)","Unfall 197946 (2019) Kat:3, Licht: 0","197946","3","7","5","08","18","6","0","0","0","1","0","0"
"POINT (13.315655422000077 52.424940684000035)","Unfall 197947 (2019) Kat:3, Licht: 2","197947","3","7","1","08","21","6","0","2","0","1","0","0"
"POINT (13.298306928000045 52.483567936000043)","Unfall 197948 (2019) Kat:2, Licht: 0","197948","2","5","1","08","17","6","0","0","1","1","0","0"
"POINT (13.296949604000076 52.502371319000076)","Unfall 197949 (2019) Kat:2, Licht: 0","197949","2","1","0","08","19","6","0","0","0","0","0","1"