WKT,Name,OBJECTID,UKATEGORIE,UTYP1,UART,UMONAT,USTUNDE,UWOCHENTAG,STRZUSTAND,ULICHTVERH,ISTRAD,ISTPKW,ISTFUSS,ISTKRAD
"POINT (13.424867772000027 52.481876504000070)","Unfall 197950 (2019) Kat:3, Licht: 0","197950","3","7","0","08","18","6","0","0","0","1","0","1"
"POINT (13.403490391000048 52.448074499000029)","Unfall 197951 (2019) Kat:3, Licht: 0","197951","3","7","0","08","08","6","0","0","0","0","1","0"
"POINT (13.524843092000026 52.462863206000065)","Unfall 197952 (2019) Kat:3, Licht: 0","197952","3","2","0","08","08","6","0","0","1","1","0","0"
"POINT (13.300546595000071 52.578581459000077)","Unfall 197953 (2019) Kat:3, Licht: 0","197953","3","2","5","08","08","6","0","0","1","1","0","0"
"POINT (13.354670595000073 52.499631423000039)","Unfall 197954 (2019) Kat:3, Licht: 0","197954","3","2","2","08","08","6","0","0","1","1","0","0"
"POINT (13.286027206000028 52.587385259000030)","Unfall 197955 (2019) Kat:3, Licht: 0","197955","3","6","3","08","08","6","0","0","0","1","0","0"
"POINT (13.313829239000029 52.542022041000052)","Unfall 197956 (2019) Kat:3, Licht: 0","197956","3","7","0","08","07","6","0","0","0","1","0","1"
"POINT (13.284496232000038 52.660146294000072)","Unfall 197957 (2019) Kat:3, Licht: 0","197957","3","6","4","08","07","6","0","0","1","0","0","0"
"POINT (13.198469262000060 52.476945512000043)","Unfall 197958 (2019) Kat:3, Licht: 0","197958","3","2","5","08","13","6","0","0","0","1","0","1"
"POINT (13.391882838000072 52.531976739000072)","Unfall 197959 (2019) Kat:3, Licht: 0","197959","3","1","1","08","16","6","0","0","1","1","0","0"
"POINT (13.484640912000032 52.478777036000054)","Unfall 197960 (2019) Kat:3, Licht: 0","197960","3","4","6","08","13","6","0","0","1","0","1","0"
"POINT (13.511543370000027 52.550704139000061)","Unfall 197961 (2019) Kat:2, Licht: 0","197961","2","3","5","08","16","6","0","0","1","1","0","0"
"POINT (13.377095786000041 52.529624706000050)","Unfall 197962 (2019) Kat:3, Licht: 0","197962","3","5","1","08","13","6","0","0","1","1","0","0"
"POINT (13.363439022000023 52.478993202000026)","Unfall 197963 (2019) Kat:3, Licht: 0","197963","3","6","2","08","13","6","0","0","0","1","0","0"
"POINT (13.397569960000055 52.571264213000063)","Unfall 197964 (2019) Kat:3, Licht: 0","197964","3","3","5","08","13","6","0","0","0","1","0","1"
"POINT (13.580058041000029 52.455538337000064)","Unfall 197965 (2019) Kat:3, Licht: 0","197965","3","1","0","08","11","6","0","0","1","0","0","0"
"POINT (13.389618518000077 52.512095429000055)","Unfall 197966 (2019) Kat:3, Licht: 0","197966","3","7","2","08","11","6","0","0","0","1","0","1"
"POINT (13.229978573000039 52.624974918000078)","Unfall 197967 (2019) Kat:2, Licht: 0","197967","2","4","6","08","10","6","0","0","0","1","1","0"
"POINT (13.199544820000028 52.534691710000061)","Unfall 197968 (2019) Kat:3, Licht: 0","197968","3","2","0","08","10","6","0","0","0","1","0","1"
"POINT (13.451060877000032 52.552313729000048)","Unfall 197969 (2019) Kat:3, Licht: 0","197969","3","2","5","08","09","6","0","0","1","0","0","0"
"POINT (13.345168808000039 52.539123202000042)","Unfall 197970 (2019) Kat:3, Licht: 0","197970","3","2","5","08","09","6","0","0","1","1","0","0"
"POINT (13.457845223000049 52.486189217000060)","Unfall 197971 (2019) Kat:3, Licht: 0","197971","3","2","5","08","09","6","0","0","1","1","0","0"
"POINT (13.195745401000067 52.533393020000062)","Unfall 197972 (2019) Kat:2, Licht: 0","197972","2","4","6","08","15","6","0","0","0","1","1","0"
"POINT (13.351620410000066 52.550589377000051)","Unfall 197973 (2019) Kat:3, Licht: 0","197973","3","2","5","08","15","6","0","0","1","1","0","1"
"POINT (13.384398993000048 52.502782814000057)","Unfall 197974 (2019) Kat:3, Licht: 0","197974","3","6","3","08","14","6","0","0","1","0","0","0"
"POINT (13.157811159000062 52.543094205000045)","Unfall 197975 (2019) Kat:3, Licht: 0","197975","3","2","5","08","14","6","0","0","0","1","0","0"
"POINT (13.477776130000052 52.530761031000054)","Unfall 197976 (2019) Kat:3, Licht: 0","197976","3","6","2","08","13","6","0","0","0","1","0","0"
"POINT (13.308111195000038 52.487689186000068)","Unfall 197977 (2019) Kat:3, Licht: 2","197977","3","1","0","08","02","6","0","2","1","0","0","0"
"POINT (13.412299168000061 52.537967774000037)","Unfall 197978 (2019) Kat:3, Licht: 2","197978","3","1","9","08","23","6","0","2","0","0","0","0"
"POINT (13.330832158000021 52.500501287000077)","Unfall 197979 (2019) Kat:2, Licht: 0","197979","2","2","5","08","14","5","0","0","0","1","0","1"
"POINT (13.194517939000036 52.533704243000045)","Unfall 197980 (2019) Kat:2, Licht: 0","197980","2","2","5","08","16","5","0","0","0","1","0","0"
"POINT (13.479789055000026 52.525278373000049)","Unfall 197981 (2019) Kat:3, Licht: 0","197981","3","6","4","08","19","5","0","0","1","0","0","0"
"POINT (13.331388803000038 52.506743532000030)","Unfall 197982 (2019) Kat:3, Licht: 0","197982","3","4","6","08","17","5","0","0","1","0","1","0"
"POINT (13.514037908000034 52.462327750000043)","Unfall 197983 (2019) Kat:3, Licht: 0","197983","3","2","5","08","18","5","0","0","1","1","0","0"
"POINT (13.359074248000070 52.434203892000028)","Unfall 197984 (2019) Kat:3, Licht: 0","197984","3","6","2","08","17","5","0","0","0","1","0","1"
"POINT (13.270339871000033 52.427466171000049)","Unfall 197985 (2019) Kat:3, Licht: 0","197985","3","3","5","08","16","5","0","0","1","1","0","0"
"POINT (13.349359281000034 52.508633854000038)","Unfall 197986 (2019) Kat:3, Licht: 0","197986","3","2","2","08","16","5","0","0","0","1","0","1"
"POINT (13.413734553000040 52.507482281000080)","Unfall 197987 (2019) Kat:3, Licht: 0","197987","3","2","3","08","18","5","0","0","1","1","0","0"
"POINT (13.525235171000077 52.459041678000062)","Unfall 197988 (2019) Kat:2, Licht: 0","197988","2","2","5","08","16","5","0","0","1","1","0","0"
"POINT (13.454757800000039 52.475253660000078)","Unfall 197989 (2019) Kat:3, Licht: 0","197989","3","3","5","08","15","5","0","0","1","0","0","0"
"POINT (13.391078989000050 52.503144899000063)","Unfall 197990 (2019) Kat:3, Licht: 0","197990","3","5","1","08","15","5","0","0","1","1","0","0"
"POINT (13.391317063000031 52.507747242000050)","Unfall 197991 (2019) Kat:3, Licht: 0","197991","3","6","2","08","15","5","0","0","1","1","0","0"
"POINT (13.435128174000056 52.484075056000052)","Unfall 197992 (2019) Kat:3, Licht: 0","197992","3","3","0","08","14","5","0","0","0","1","0","0"
"POINT (13.379699944000038 52.540196929000047)","Unfall 197993 (2019) Kat:3, Licht: 0","197993","3","2","5","08","14","5","0","0","1","0","0","0"
"POINT (13.203098551000039 52.540839386000073)","Unfall 197994 (2019) Kat:3, Licht: 0","197994","3","6","3","08","14","5","0","0","0","1","0","1"
"POINT (13.426527719000035 52.515535945000067)","Unfall 197995 (2019) Kat:3, Licht: 0","197995","3","6","2","08","14","5","0","0","0","1","0","0"
"POINT (13.454250914000056 52.452900177000060)","Unfall 197996 (2019) Kat:3, Licht: 0","197996","3","2","5","08","14","5","0","0","1","1","0","0"
"POINT (13.526701593000041 52.569100782000078)","Unfall 197997 (2019) Kat:3, Licht: 0","197997","3","3","5","08","13","5","0","0","1","1","0","0"
"POINT (13.331909515000063 52.522147928000038)","Unfall 197998 (2019) Kat:3, Licht: 0","197998","3","2","5","08","10","5","0","0","1","1","0","0"
"POINT (13.354493920000039 52.487714768000046)","Unfall 197999 (2019) Kat:3, Licht: 2","197999","3","7","6","08","21","5","0","2","1","0","1","0"
"POINT (13.286800193000033 52.495817536000061)","Unfall 198000 (2019) Kat:2, Licht: 0","198000","2","2","5","08","19","5","0","0","0","1","0","1"
"POINT (13.304742020000049 52.463524555000049)","Unfall 198001 (2019) Kat:3, Licht: 0","198001","3","5","5","08","08","5","0","0","1","1","0","0"
"POINT (13.313058763000072 52.585492961000057)","Unfall 198002 (2019) Kat:2, Licht: 0","198002","2","3","5","08","10","5","0","0","0","1","0","0"
"POINT (13.469864565000023 52.564265259000081)","Unfall 198003 (2019) Kat:3, Licht: 0","198003","3","3","5","08","08","5","0","0","1","0","0","0"
"POINT (13.461606156000073 52.530663814000036)","Unfall 198004 (2019) Kat:3, Licht: 0","198004","3","7","5","08","08","5","0","0","0","1","0","1"
"POINT (13.377735383000072 52.508023021000042)","Unfall 198005 (2019) Kat:3, Licht: 0","198005","3","1","0","08","09","5","1","0","1","0","0","0"
"POINT (13.433846468000070 52.443819327000028)","Unfall 198006 (2019) Kat:3, Licht: 0","198006","3","6","2","08","08","5","0","0","0","1","0","0"
"POINT (13.131738645000041 52.549595554000064)","Unfall 198007 (2019) Kat:3, Licht: 0","198007","3","3","5","08","08","5","0","0","1","1","0","0"
"POINT (13.567601777000050 52.556007375000036)","Unfall 198008 (2019) Kat:2, Licht: 0","198008","2","4","6","08","06","5","0","0","0","1","1","0"
"POINT (13.231870746000027 52.538684428000067)","Unfall 198009 (2019) Kat:3, Licht: 0","198009","3","7","6","08","08","4","0","0","1","0","1","0"
"POINT (13.390867109000055 52.515743344000043)","Unfall 198010 (2019) Kat:3, Licht: 0","198010","3","2","5","08","14","4","1","0","1","0","0","0"
"POINT (13.515279211000063 52.453062928000065)","Unfall 198011 (2019) Kat:2, Licht: 0","198011","2","7","6","08","12","4","0","0","1","0","1","0"
"POINT (13.399764764000054 52.459091303000037)","Unfall 198012 (2019) Kat:3, Licht: 0","198012","3","6","3","08","11","4","0","0","0","1","0","0"
"POINT (13.307858762000023 52.496969080000042)","Unfall 198013 (2019) Kat:2, Licht: 0","198013","2","4","6","08","11","4","0","0","0","1","1","0"
"POINT (13.379887072000031 52.492679949000035)","Unfall 198014 (2019) Kat:3, Licht: 0","198014","3","6","2","08","11","4","0","0","0","1","0","0"
"POINT (13.399998864000054 52.494514677000041)","Unfall 198015 (2019) Kat:3, Licht: 0","198015","3","4","6","08","09","4","0","0","1","0","1","0"
"POINT (13.448663556000042 52.421298823000029)","Unfall 198016 (2019) Kat:3, Licht: 0","198016","3","4","6","08","09","4","0","0","0","1","1","0"
"POINT (13.289251620000073 52.506641787000035)","Unfall 198017 (2019) Kat:3, Licht: 0","198017","3","7","5","08","09","4","0","0","0","1","0","0"
"POINT (13.315118235000057 52.490887191000070)","Unfall 198018 (2019) Kat:3, Licht: 0","198018","3","3","5","08","09","4","0","0","1","1","0","0"
"POINT (13.294647274000056 52.429324000000065)","Unfall 198019 (2019) Kat:2, Licht: 0","198019","2","3","5","08","09","4","0","0","1","1","0","0"
"POINT (13.396974262000072 52.537002484000027)","Unfall 198020 (2019) Kat:3, Licht: 0","198020","3","6","0","08","08","4","0","0","0","1","0","1"
"POINT (13.384217202000059 52.509957549000035)","Unfall 198021 (2019) Kat:3, Licht: 0","198021","3","2","2","08","07","4","0","0","0","1","0","1"
"POINT (13.460685749000049 52.468251724000027)","Unfall 198022 (2019) Kat:3, Licht: 2","198022","3","3","5","08","03","4","0","2","1","1","0","0"
"POINT (13.360988890000044 52.502218879000054)","Unfall 198023 (2019) Kat:3, Licht: 0","198023","3","3","5","08","20","4","0","0","0","1","0","1"
"POINT (13.330774361000067 52.493159005000052)","Unfall 198024 (2019) Kat:3, Licht: 0","198024","3","2","5","08","07","4","0","0","0","1","0","0"
"POINT (13.300347325000075 52.618512428000031)","Unfall 198025 (2019) Kat:3, Licht: 0","198025","3","3","5","08","12","4","0","0","0","1","0","0"
"POINT (13.326111274000027 52.564583451000033)","Unfall 198026 (2019) Kat:3, Licht: 0","198026","3","1","0","08","12","4","0","0","1","0","0","0"
"POINT (13.375765568000077 52.590931289000082)","Unfall 198027 (2019) Kat:3, Licht: 0","198027","3","6","2","08","07","4","0","0","0","1","0","0"
"POINT (13.352711493000072 52.441104076000045)","Unfall 198028 (2019) Kat:3, Licht: 2","198028","3","1","9","08","02","4","0","2","0","1","0","0"
"POINT (13.396517230000029 52.491304542000080)","Unfall 198029 (2019) Kat:3, Licht: 0","198029","3","3","5","08","16","4","0","0","0","1","0","0"
"POINT (13.423401615000046 52.555547746000059)","Unfall 198030 (2019) Kat:3, Licht: 0","198030","3","6","3","08","08","4","0","0","1","1","0","0"
"POINT (13.405836203000035 52.530774005000069)","Unfall 198031 (2019) Kat:3, Licht: 0","198031","3","7","6","08","15","4","0","0","0","0","1","0"
"POINT (13.363466960000039 52.481800918000033)","Unfall 198032 (2019) Kat:3, Licht: 0","198032","3","7","3","08","15","4","0","0","1","0","0","0"
"POINT (13.393725742000072 52.509684771000082)","Unfall 198033 (2019) Kat:3, Licht: 0","198033","3","2","5","08","15","4","1","0","1","0","0","0"
"POINT (13.447440078000056 52.498101078000047)","Unfall 198034 (2019) Kat:3, Licht: 0","198034","3","6","0","08","14","4","0","0","1","1","0","0"
"POINT (13.415893411000070 52.521779063000054)","Unfall 198035 (2019) Kat:3, Licht: 0","198035","3","1","0","08","14","4","1","0","0","0","0","1"
"POINT (13.375050095000063 52.437002703000076)","Unfall 198036 (2019) Kat:3, Licht: 0","198036","3","3","0","08","14","4","1","0","1","1","0","0"
"POINT (13.395000083000070 52.496272254000075)","Unfall 198037 (2019) Kat:3, Licht: 0","198037","3","2","0","08","14","4","1","0","0","0","0","1"
"POINT (13.459088142000041 52.529073001000029)","Unfall 198038 (2019) Kat:3, Licht: 0","198038","3","2","5","08","14","4","1","0","1","1","0","0"
"POINT (13.318975059000024 52.513795892000076)","Unfall 198039 (2019) Kat:3, Licht: 0","198039","3","2","5","08","19","4","0","0","1","1","0","0"
"POINT (13.141611605000037 52.532474011000033)","Unfall 198040 (2019) Kat:3, Licht: 0","198040","3","3","5","08","18","4","0","0","0","1","0","0"
"POINT (13.518240891000062 52.494327156000054)","Unfall 198041 (2019) Kat:3, Licht: 0","198041","3","3","5","08","17","4","0","0","0","1","0","1"
"POINT (13.495535711000059 52.522963722000043)","Unfall 198042 (2019) Kat:3, Licht: 0","198042","3","7","5","08","13","4","1","0","0","1","0","0"
"POINT (13.592573970000046 52.515113061000079)","Unfall 198043 (2019) Kat:3, Licht: 0","198043","3","7","5","08","13","4","0","0","0","1","0","0"
"POINT (13.339270760000034 52.525814321000041)","Unfall 198044 (2019) Kat:3, Licht: 0","198044","3","2","5","08","13","4","0","0","1","1","0","0"
"POINT (13.334732112000040 52.532919996000032)","Unfall 198045 (2019) Kat:3, Licht: 1","198045","3","3","5","08","05","3","0","1","0","1","0","1"
"POINT (13.330902992000063 52.464016046000040)","Unfall 198046 (2019) Kat:2, Licht: 0","198046","2","5","1","08","12","3","0","0","1","1","0","0"
"POINT (13.331011558000057 52.492930162000050)","Unfall 198047 (2019) Kat:3, Licht: 0","198047","3","6","0","08","15","3","1","0","0","1","0","1"
"POINT (13.349239932000046 52.480778364000059)","Unfall 198048 (2019) Kat:3, Licht: 0","198048","3","7","1","08","16","3","0","0","0","1","0","0"
"POINT (13.279977911000060 52.518469525000057)","Unfall 198049 (2019) Kat:3, Licht: 0","198049","3","2","2","08","10","3","0","0","0","1","0","1"
"POINT (13.390778465000039 52.515737757000068)","Unfall 198050 (2019) Kat:3, Licht: 2","198050","3","3","5","08","20","3","0","2","1","1","0","0"
"POINT (13.365020138000034 52.493803879000041)","Unfall 198051 (2019) Kat:3, Licht: 0","198051","3","6","3","08","20","3","0","0","1","0","0","0"
"POINT (13.251529463000054 52.428086736000068)","Unfall 198052 (2019) Kat:3, Licht: 0","198052","3","1","1","08","19","3","0","0","0","1","0","0"
"POINT (13.332731798000054 52.469193687000029)","Unfall 198053 (2019) Kat:3, Licht: 0","198053","3","6","2","08","19","3","0","0","0","1","0","0"
"POINT (13.203193915000043 52.540831736000030)","Unfall 198054 (2019) Kat:3, Licht: 0","198054","3","2","0","08","18","3","0","0","0","1","0","0"
"POINT (13.194583887000022 52.533630069000026)","Unfall 198055 (2019) Kat:3, Licht: 0","198055","3","4","0","08","18","3","0","0","1","0","1","0"
"POINT (13.386173875000054 52.523642013000028)","Unfall 198056 (2019) Kat:3, Licht: 0","198056","3","2","2","08","18","3","0","0","1","1","0","0"
"POINT (13.374641985000039 52.537318776000063)","Unfall 198057 (2019) Kat:3, Licht: 0","198057","3","3","5","08","18","3","0","0","1","1","0","0"
"POINT (13.414790221000032 52.493054520000044)","Unfall 198058 (2019) Kat:3, Licht: 0","198058","3","7","0","08","16","3","1","0","1","1","0","0"
"POINT (13.409863829000074 52.488815160000058)","Unfall 198059 (2019) Kat:2, Licht: 0","198059","2","6","2","08","17","3","0","0","0","0","0","1"
"POINT (13.592133654000065 52.410881601000028)","Unfall 198060 (2019) Kat:3, Licht: 0","198060","3","6","3","08","17","3","0","0","1","1","0","0"
"POINT (13.364141083000050 52.509951029000035)","Unfall 198061 (2019) Kat:3, Licht: 0","198061","3","2","5","08","17","4","0","0","1","1","0","0"
"POINT (13.394056300000045 52.508731726000065)","Unfall 198062 (2019) Kat:3, Licht: 0","198062","3","3","0","08","17","3","1","0","0","1","0","1"
"POINT (13.318006738000065 52.518274665000035)","Unfall 198063 (2019) Kat:3, Licht: 0","198063","3","7","5","08","17","3","0","0","1","1","0","0"
"POINT (13.360341058000074 52.537243468000042)","Unfall 198064 (2019) Kat:3, Licht: 0","198064","3","2","0","08","17","4","0","0","1","1","0","0"
"POINT (13.402523713000051 52.554300765000050)","Unfall 198065 (2019) Kat:3, Licht: 0","198065","3","2","5","08","17","3","0","0","1","1","0","0"
"POINT (13.420082838000042 52.401743980000049)","Unfall 198066 (2019) Kat:3, Licht: 0","198066","3","3","5","08","17","4","0","0","1","1","0","0"
"POINT (13.388993448000065 52.515625098000044)","Unfall 198067 (2019) Kat:3, Licht: 0","198067","3","3","5","08","17","3","0","0","0","1","0","0"
"POINT (13.537434886000028 52.540363639000077)","Unfall 198068 (2019) Kat:3, Licht: 0","198068","3","3","5","08","17","4","0","0","1","0","0","0"
"POINT (13.348862551000025 52.434787942000071)","Unfall 198069 (2019) Kat:3, Licht: 0","198069","3","2","5","08","17","3","0","0","0","1","0","1"
"POINT (13.388002709000034 52.521747468000058)","Unfall 198070 (2019) Kat:3, Licht: 0","198070","3","2","5","08","08","4","0","0","1","0","0","1"
"POINT (13.474785435000058 52.555513182000027)","Unfall 198071 (2019) Kat:3, Licht: 0","198071","3","5","2","08","11","3","0","0","0","1","0","1"
"POINT (13.406078522000030 52.497696417000043)","Unfall 198072 (2019) Kat:3, Licht: 0","198072","3","7","6","08","16","4","0","0","1","0","1","0"
"POINT (13.426692383000045 52.476326760000063)","Unfall 198073 (2019) Kat:3, Licht: 0","198073","3","6","2","08","12","3","0","0","1","1","0","0"
"POINT (13.376041860000043 52.554891814000030)","Unfall 198074 (2019) Kat:2, Licht: 0","198074","2","5","1","08","16","4","0","0","0","1","0","1"
"POINT (13.392726564000043 52.564183405000051)","Unfall 198075 (2019) Kat:3, Licht: 0","198075","3","3","5","08","11","3","0","0","0","1","0","1"
"POINT (13.271947809000039 52.536494852000033)","Unfall 198076 (2019) Kat:3, Licht: 0","198076","3","7","6","08","11","3","0","0","0","1","1","0"
"POINT (13.371552773000076 52.553985337000029)","Unfall 198077 (2019) Kat:3, Licht: 0","198077","3","2","5","08","15","4","0","0","0","1","0","1"
"POINT (13.260017417000029 52.451573072000031)","Unfall 198078 (2019) Kat:3, Licht: 0","198078","3","5","1","08","10","3","0","0","1","1","0","0"
"POINT (13.324579646000075 52.516884169000036)","Unfall 198079 (2019) Kat:2, Licht: 0","198079","2","2","5","08","15","4","0","0","1","0","0","0"
"POINT (13.427036078000071 52.475539138000045)","Unfall 198080 (2019) Kat:3, Licht: 0","198080","3","3","5","08","09","3","0","0","0","1","0","1"
"POINT (13.286884271000076 52.583810280000080)","Unfall 198081 (2019) Kat:3, Licht: 0","198081","3","7","5","08","12","4","0","0","0","1","0","1"
"POINT (13.472879912000053 52.617002226000068)","Unfall 198082 (2019) Kat:3, Licht: 0","198082","3","3","0","08","09","3","0","0","0","1","0","0"
"POINT (13.206589527000062 52.430455108000046)","Unfall 198083 (2019) Kat:3, Licht: 0","198083","3","3","5","08","11","4","0","0","0","1","0","0"
"POINT (13.454161231000057 52.469126454000047)","Unfall 198084 (2019) Kat:3, Licht: 0","198084","3","2","5","08","08","3","0","0","1","1","0","0"
"POINT (13.302973218000034 52.518657874000041)","Unfall 198085 (2019) Kat:3, Licht: 0","198085","3","2","5","08","07","3","0","0","1","1","0","0"
"POINT (13.496927338000035 52.517152389000046)","Unfall 198086 (2019) Kat:3, Licht: 0","198086","3","5","5","08","10","4","0","0","0","1","0","0"
"POINT (13.330355085000065 52.526411410000037)","Unfall 198087 (2019) Kat:3, Licht: 0","198087","3","2","5","08","10","4","0","0","0","1","0","0"
"POINT (13.428602609000052 52.582974266000065)","Unfall 198088 (2019) Kat:3, Licht: 0","198088","3","3","5","08","07","3","0","0","1","1","0","0"
"POINT (13.562857500000064 52.571898914000030)","Unfall 198089 (2019) Kat:2, Licht: 0","198089","2","6","3","08","07","3","0","0","0","0","0","1"
"POINT (13.367590895000035 52.524032983000041)","Unfall 198090 (2019) Kat:2, Licht: 0","198090","2","7","6","08","10","4","0","0","0","1","1","0"
"POINT (13.564096168000049 52.445732745000043)","Unfall 198091 (2019) Kat:3, Licht: 0","198091","3","6","2","08","07","3","0","0","0","1","0","1"
"POINT (13.464170733000060 52.481804228000044)","Unfall 198092 (2019) Kat:3, Licht: 0","198092","3","2","5","08","09","4","0","0","1","1","0","0"
"POINT (13.290238472000055 52.475591561000044)","Unfall 198093 (2019) Kat:3, Licht: 0","198093","3","5","1","08","15","3","0","0","0","1","0","0"
"POINT (13.499022582000066 52.517263970000045)","Unfall 198094 (2019) Kat:3, Licht: 0","198094","3","6","4","08","16","3","0","0","1","1","0","0"
"POINT (13.389819240000065 52.420321850000050)","Unfall 198095 (2019) Kat:3, Licht: 0","198095","3","2","5","08","09","4","0","0","1","1","0","0"
"POINT (13.294541636000076 52.629467668000075)","Unfall 198096 (2019) Kat:3, Licht: 0","198096","3","3","0","08","15","3","1","0","0","0","0","1"
"POINT (13.149240172000077 52.554180111000051)","Unfall 198097 (2019) Kat:3, Licht: 0","198097","3","3","0","08","15","3","1","0","0","1","0","1"
"POINT (13.410949296000069 52.530606097000032)","Unfall 198098 (2019) Kat:3, Licht: 0","198098","3","2","5","08","07","4","0","0","1","0","0","0"
"POINT (13.246778350000056 52.513740943000073)","Unfall 198099 (2019) Kat:2, Licht: 0","198099","2","7","5","08","16","3","0","0","0","1","0","0"
"POINT (13.187644771000066 52.515055308000058)","Unfall 198100 (2019) Kat:3, Licht: 0","198100","3","3","0","08","15","3","0","0","0","1","0","1"
"POINT (13.377229266000029 52.553655616000071)","Unfall 198101 (2019) Kat:3, Licht: 0","198101","3","2","5","08","15","4","0","0","1","1","0","0"
"POINT (13.374288468000032 52.556518494000045)","Unfall 198102 (2019) Kat:3, Licht: 0","198102","3","4","6","08","14","3","0","0","1","0","1","0"
"POINT (13.419351997000035 52.538232164000078)","Unfall 198103 (2019) Kat:3, Licht: 0","198103","3","5","4","08","15","4","0","0","1","1","0","0"
"POINT (13.471567854000057 52.532172592000052)","Unfall 198104 (2019) Kat:3, Licht: 0","198104","3","6","3","08","16","3","0","0","1","0","0","0"
"POINT (13.346279007000021 52.501025623000032)","Unfall 198105 (2019) Kat:3, Licht: 0","198105","3","6","3","08","15","4","0","0","1","1","0","0"
"POINT (13.426022045000025 52.465733020000073)","Unfall 198106 (2019) Kat:3, Licht: 0","198106","3","2","0","08","14","3","0","0","0","1","0","1"
"POINT (13.399650493000024 52.566487387000052)","Unfall 198107 (2019) Kat:3, Licht: 0","198107","3","3","5","08","14","4","0","0","0","1","0","1"
"POINT (13.536364878000029 52.432860924000067)","Unfall 198108 (2019) Kat:2, Licht: 0","198108","2","2","5","08","14","3","0","0","0","1","0","1"
"POINT (13.627169753000032 52.463538208000045)","Unfall 198109 (2019) Kat:3, Licht: 0","198109","3","7","5","08","16","3","0","0","0","1","0","1"
"POINT (13.283286076000024 52.511112434000040)","Unfall 198110 (2019) Kat:3, Licht: 0","198110","3","2","6","08","14","4","0","0","0","1","1","0"
"POINT (13.302117239000040 52.593367172000058)","Unfall 198111 (2019) Kat:3, Licht: 0","198111","3","5","1","08","14","4","0","0","1","1","0","0"
"POINT (13.213969181000039 52.538383767000028)","Unfall 198112 (2019) Kat:3, Licht: 0","198112","3","2","5","08","13","3","0","0","1","1","0","0"
"POINT (13.403140591000067 52.533624360000033)","Unfall 198113 (2019) Kat:3, Licht: 0","198113","3","3","5","08","08","3","0","0","1","1","0","0"
"POINT (13.438777760000050 52.480663828000047)","Unfall 198114 (2019) Kat:2, Licht: 0","198114","2","3","5","08","13","4","0","0","0","1","0","1"
"POINT (13.319370279000054 52.489476746000037)","Unfall 198115 (2019) Kat:3, Licht: 0","198115","3","7","5","08","12","3","0","0","1","1","0","0"
"POINT (13.426697846000025 52.515723366000032)","Unfall 198116 (2019) Kat:3, Licht: 0","198116","3","3","5","08","13","4","0","0","0","1","0","0"
"POINT (13.326266724000050 52.591680672000052)","Unfall 198117 (2019) Kat:3, Licht: 0","198117","3","6","3","08","16","3","0","0","0","1","0","0"
"POINT (13.458448040000064 52.557745479000062)","Unfall 198118 (2019) Kat:3, Licht: 0","198118","3","3","5","08","13","4","0","0","0","1","0","0"
"POINT (13.461057690000075 52.511134633000040)","Unfall 198119 (2019) Kat:3, Licht: 0","198119","3","3","5","08","15","3","1","0","0","1","0","0"
"POINT (13.310971751000068 52.516114223000045)","Unfall 198120 (2019) Kat:2, Licht: 0","198120","2","5","1","08","13","4","0","0","0","1","0","0"
"POINT (13.459066887000063 52.529068392000056)","Unfall 198121 (2019) Kat:3, Licht: 0","198121","3","2","5","08","15","3","1","0","1","1","0","0"
"POINT (13.276714293000055 52.450464167000064)","Unfall 198122 (2019) Kat:3, Licht: 0","198122","3","2","0","08","07","4","0","0","0","1","0","1"
"POINT (13.315700181000068 52.578084609000030)","Unfall 198123 (2019) Kat:3, Licht: 0","198123","3","1","0","08","15","3","1","0","0","0","0","1"
"POINT (13.359813761000055 52.496147931000053)","Unfall 198124 (2019) Kat:3, Licht: 0","198124","3","5","1","08","12","4","0","0","1","1","0","0"
"POINT (13.573929509000038 52.449558921000062)","Unfall 198125 (2019) Kat:3, Licht: 0","198125","3","7","5","08","13","5","0","0","0","1","0","0"
"POINT (13.590951170000039 52.505327821000037)","Unfall 198126 (2019) Kat:3, Licht: 0","198126","3","5","1","08","13","5","0","0","1","1","0","0"
"POINT (13.338756159000070 52.543303706000074)","Unfall 198127 (2019) Kat:3, Licht: 0","198127","3","2","5","08","13","5","0","0","1","1","0","0"
"POINT (13.388611568000044 52.518292972000040)","Unfall 198128 (2019) Kat:3, Licht: 0","198128","3","7","2","08","12","5","0","0","1","1","0","0"
"POINT (13.334195249000061 52.524536454000042)","Unfall 198129 (2019) Kat:2, Licht: 0","198129","2","7","2","08","09","5","0","0","0","1","0","0"
"POINT (13.280423713000062 52.518333909000035)","Unfall 198130 (2019) Kat:2, Licht: 0","198130","2","2","5","08","09","5","0","0","1","0","0","0"
"POINT (13.424592473000075 52.508797687000026)","Unfall 198131 (2019) Kat:3, Licht: 0","198131","3","2","5","08","09","5","0","0","0","1","0","1"
"POINT (13.346085375000030 52.538980523000077)","Unfall 198132 (2019) Kat:3, Licht: 0","198132","3","5","0","08","09","5","0","0","0","1","0","1"
"POINT (13.493145304000052 52.562624097000082)","Unfall 198133 (2019) Kat:3, Licht: 0","198133","3","3","5","08","09","5","0","0","1","1","0","0"
"POINT (13.376982397000063 52.556301750000046)","Unfall 198134 (2019) Kat:3, Licht: 0","198134","3","3","5","08","08","5","0","0","0","1","0","0"