WKT,Name,OBJECTID,UKATEGORIE,UTYP1,UART,UMONAT,USTUNDE,UWOCHENTAG,STRZUSTAND,ULICHTVERH,ISTRAD,ISTPKW,ISTFUSS,ISTKRAD
"POINT (13.347459840000056 52.470537159000060)","Unfall 198135 (2019) Kat:3, Licht: 0","198135","3","2","5","08","08","5","0","0","0","1","0","1"
"POINT (13.329123249000077 52.563507195000057)","Unfall 198136 (2019) Kat:3, Licht: 0","198136","3","6","3","08","08","5","0","0","0","1","0","0"
"POINT (13.357213065000053 52.523719343000039)","Unfall 198137 (2019) Kat:3, Licht: 0","198137","3","2","5","08","08","5","0","0","1","1","0","0"
"POINT (13.432921160000035 52.523341918000028)","Unfall 198138 (2019) Kat:3, Licht: 0","198138","3","2","5","08","08","5","0","0","1","1","0","0"
"POINT (13.533406399000057 52.452057034000063)","Unfall 198139 (2019) Kat:3, Licht: 0","198139","3","2","5","08","07","5","0","0","1","1","0","0"
"POINT (13.344562069000062 52.496614868000052)","Unfall 198140 (2019) Kat:3, Licht: 2","198140","3","6","6","08","03","5","0","2","0","0","1","0"
"POINT (13.299438259000055 52.623392954000053)","Unfall 198141 (2019) Kat:3, Licht: 0","198141","3","1","0","08","10","5","0","0","0","0","0","1"
"POINT (13.331507270000031 52.561980397000070)","Unfall 198142 (2019) Kat:3, Licht: 0","198142","3","2","5","08","16","4","0","0","1","1","0","0"
"POINT (13.295968481000045 52.596672255000044)","Unfall 198143 (2019) Kat:3, Licht: 0","198143","3","1","0","08","16","4","0","0","0","1","0","1"
"POINT (13.385158138000065 52.498397811000075)","Unfall 198144 (2019) Kat:3, Licht: 2","198144","3","3","5","08","04","4","1","2","0","1","0","0"
"POINT (13.400587672000029 52.554416507000042)","Unfall 198145 (2019) Kat:3, Licht: 2","198145","3","2","2","08","19","4","0","2","0","1","0","1"
"POINT (13.306604730000060 52.518121660000077)","Unfall 198146 (2019) Kat:3, Licht: 1","198146","3","3","5","08","19","4","0","1","0","1","0","1"
"POINT (13.346386728000027 52.448190247000070)","Unfall 198147 (2019) Kat:3, Licht: 0","198147","3","2","5","08","18","4","0","0","0","1","0","1"
"POINT (13.328365139000027 52.466251115000034)","Unfall 198148 (2019) Kat:3, Licht: 0","198148","3","7","5","08","18","4","0","0","1","0","0","0"
"POINT (13.387853534000044 52.502943385000037)","Unfall 198149 (2019) Kat:3, Licht: 0","198149","3","5","1","08","17","4","0","0","0","1","0","1"
"POINT (13.472132944000066 52.516645654000058)","Unfall 198150 (2019) Kat:3, Licht: 0","198150","3","5","1","08","16","4","0","0","1","1","0","0"
"POINT (13.418208258000050 52.495728312000040)","Unfall 198151 (2019) Kat:3, Licht: 0","198151","3","6","3","08","18","4","0","0","1","1","0","0"
"POINT (13.129356489000031 52.527153341000030)","Unfall 198152 (2019) Kat:3, Licht: 0","198152","3","3","0","08","17","4","0","0","1","1","0","0"
"POINT (13.319159805000027 52.433189460000051)","Unfall 198153 (2019) Kat:2, Licht: 0","198153","2","6","2","08","14","4","0","0","0","1","0","0"
"POINT (13.334466254000063 52.470851166000045)","Unfall 198154 (2019) Kat:3, Licht: 0","198154","3","6","3","08","17","4","0","0","1","1","0","0"
"POINT (13.323414152000055 52.492620278000061)","Unfall 198155 (2019) Kat:3, Licht: 0","198155","3","4","0","08","17","4","0","0","1","0","1","0"
"POINT (13.356965564000063 52.494517437000070)","Unfall 198156 (2019) Kat:3, Licht: 0","198156","3","6","3","08","15","4","0","0","1","1","0","0"
"POINT (13.382710619000022 52.468503085000066)","Unfall 198157 (2019) Kat:3, Licht: 2","198157","3","3","5","08","22","4","0","2","0","1","0","0"
"POINT (13.352973214000031 52.484341761000053)","Unfall 198158 (2019) Kat:3, Licht: 0","198158","3","2","5","08","19","4","0","0","1","1","0","0"
"POINT (13.392982567000047 52.548729541000057)","Unfall 198159 (2019) Kat:2, Licht: 0","198159","2","4","6","08","08","4","0","0","1","0","1","0"
"POINT (13.390258469000059 52.508591488000036)","Unfall 198160 (2019) Kat:3, Licht: 0","198160","3","3","5","08","08","4","0","0","1","1","0","0"
"POINT (13.179950006000070 52.498824119000062)","Unfall 198161 (2019) Kat:3, Licht: 0","198161","3","3","5","08","08","4","0","0","0","1","0","1"
"POINT (13.428671893000057 52.518870933000073)","Unfall 198162 (2019) Kat:3, Licht: 0","198162","3","2","5","08","07","4","0","0","0","1","0","0"
"POINT (13.313064346000033 52.574787862000051)","Unfall 198163 (2019) Kat:3, Licht: 0","198163","3","2","6","08","07","4","0","0","0","1","1","0"
"POINT (13.430105431000072 52.609659948000058)","Unfall 198164 (2019) Kat:3, Licht: 0","198164","3","2","6","08","07","4","0","0","0","1","1","0"
"POINT (13.206516675000046 52.539129417000026)","Unfall 198165 (2019) Kat:2, Licht: 1","198165","2","6","0","08","06","4","0","1","0","1","0","1"
"POINT (13.433533157000056 52.445189887000026)","Unfall 198166 (2019) Kat:3, Licht: 0","198166","3","3","5","08","06","4","0","0","1","0","0","0"
"POINT (13.406761105000044 52.444489152000074)","Unfall 198167 (2019) Kat:3, Licht: 0","198167","3","1","9","08","09","4","0","0","0","1","0","0"
"POINT (13.519998123000050 52.532600402000071)","Unfall 198168 (2019) Kat:2, Licht: 0","198168","2","2","5","08","17","4","0","0","0","1","0","1"
"POINT (13.391048614000056 52.514879051000037)","Unfall 198169 (2019) Kat:2, Licht: 0","198169","2","3","5","08","16","4","0","0","1","1","0","0"
"POINT (13.348924465000039 52.485636279000062)","Unfall 198170 (2019) Kat:3, Licht: 0","198170","3","1","0","08","15","4","0","0","0","1","0","1"
"POINT (13.287140684000065 52.586093431000052)","Unfall 198171 (2019) Kat:3, Licht: 0","198171","3","3","5","08","15","4","0","0","1","1","0","0"
"POINT (13.524843306000037 52.536201793000032)","Unfall 198172 (2019) Kat:3, Licht: 0","198172","3","3","5","08","15","4","0","0","1","1","0","0"
"POINT (13.506677433000050 52.447302256000057)","Unfall 198173 (2019) Kat:3, Licht: 0","198173","3","4","6","08","15","4","0","0","0","1","1","0"
"POINT (13.426979135000067 52.487334856000075)","Unfall 198174 (2019) Kat:3, Licht: 0","198174","3","2","5","08","15","4","0","0","1","1","0","0"
"POINT (13.290365241000075 52.457683988000042)","Unfall 198175 (2019) Kat:2, Licht: 0","198175","2","3","5","08","14","4","0","0","1","1","0","0"
"POINT (13.535184175000040 52.432291243000066)","Unfall 198176 (2019) Kat:3, Licht: 0","198176","3","2","5","08","14","4","0","0","0","1","0","0"
"POINT (13.386759358000063 52.501007010000080)","Unfall 198177 (2019) Kat:3, Licht: 0","198177","3","3","5","08","12","4","0","0","1","1","0","0"
"POINT (13.288424835000058 52.513009755000041)","Unfall 198178 (2019) Kat:3, Licht: 0","198178","3","2","5","08","11","4","0","0","1","0","0","1"
"POINT (13.441070994000029 52.417557708000061)","Unfall 198179 (2019) Kat:2, Licht: 0","198179","2","6","2","08","10","4","0","0","0","1","0","1"
"POINT (13.589790628000060 52.410742400000061)","Unfall 198180 (2019) Kat:3, Licht: 0","198180","3","3","5","08","09","4","0","0","0","1","0","0"
"POINT (13.310287527000071 52.547642768000060)","Unfall 198181 (2019) Kat:2, Licht: 0","198181","2","3","5","08","09","4","0","0","0","1","0","1"
"POINT (13.564305677000050 52.572280279000040)","Unfall 198182 (2019) Kat:3, Licht: 0","198182","3","2","5","08","09","4","0","0","1","0","0","0"
"POINT (13.606965961000071 52.533749286000045)","Unfall 198183 (2019) Kat:2, Licht: 0","198183","2","7","0","08","11","3","0","0","1","0","0","0"
"POINT (13.387750207000067 52.460393223000040)","Unfall 198184 (2019) Kat:3, Licht: 0","198184","3","6","2","08","15","3","0","0","0","1","0","0"
"POINT (13.342218931000048 52.501830768000048)","Unfall 198185 (2019) Kat:3, Licht: 0","198185","3","3","5","08","08","3","0","0","1","0","0","0"
"POINT (13.329999053000051 52.569197931000076)","Unfall 198186 (2019) Kat:3, Licht: 2","198186","3","1","0","08","21","3","0","2","0","0","0","1"
"POINT (13.407498886000042 52.565652033000049)","Unfall 198187 (2019) Kat:3, Licht: 2","198187","3","6","2","08","20","3","0","2","1","0","0","0"
"POINT (13.376718444000062 52.510800407000033)","Unfall 198188 (2019) Kat:3, Licht: 0","198188","3","3","5","08","18","3","0","0","1","0","0","0"
"POINT (13.299945987000058 52.443858978000037)","Unfall 198189 (2019) Kat:3, Licht: 0","198189","3","3","5","08","16","3","0","0","0","1","0","0"
"POINT (13.465002291000076 52.429536868000071)","Unfall 198190 (2019) Kat:2, Licht: 0","198190","2","1","1","08","19","3","0","0","0","1","0","0"
"POINT (13.391042607000031 52.503368646000069)","Unfall 198191 (2019) Kat:3, Licht: 0","198191","3","6","2","08","16","3","0","0","0","1","0","0"
"POINT (13.439220750000061 52.481471031000069)","Unfall 198192 (2019) Kat:3, Licht: 0","198192","3","6","2","08","16","3","0","0","0","1","0","0"
"POINT (13.349667614000055 52.592101397000079)","Unfall 198193 (2019) Kat:3, Licht: 0","198193","3","1","0","08","15","3","0","0","0","1","0","1"
"POINT (13.230273027000067 52.607871890000069)","Unfall 198194 (2019) Kat:3, Licht: 0","198194","3","3","5","08","15","3","0","0","1","0","0","0"
"POINT (13.398104005000050 52.507119234000072)","Unfall 198195 (2019) Kat:3, Licht: 0","198195","3","2","6","08","14","3","0","0","0","0","1","0"
"POINT (13.294435722000060 52.534422768000070)","Unfall 198196 (2019) Kat:3, Licht: 0","198196","3","3","5","08","14","3","0","0","1","1","0","0"
"POINT (13.345101753000051 52.539056326000036)","Unfall 198197 (2019) Kat:3, Licht: 0","198197","3","2","5","08","18","3","0","0","1","1","0","0"
"POINT (13.380813317000047 52.511037123000051)","Unfall 198198 (2019) Kat:3, Licht: 0","198198","3","5","1","08","18","3","0","0","1","1","0","0"
"POINT (13.416618404000076 52.499581088000070)","Unfall 198199 (2019) Kat:3, Licht: 0","198199","3","7","0","08","18","3","0","0","0","1","0","0"
"POINT (13.350655874000040 52.523589342000037)","Unfall 198200 (2019) Kat:3, Licht: 0","198200","3","5","1","08","18","3","0","0","1","1","0","0"
"POINT (13.332846948000054 52.506425120000074)","Unfall 198201 (2019) Kat:3, Licht: 0","198201","3","2","0","08","16","3","0","0","0","1","0","0"
"POINT (13.410706365000067 52.527168751000033)","Unfall 198202 (2019) Kat:3, Licht: 0","198202","3","5","0","08","09","3","0","0","1","0","0","0"
"POINT (13.487201599000059 52.422916662000034)","Unfall 198203 (2019) Kat:2, Licht: 0","198203","2","4","6","08","17","3","0","0","0","0","1","1"
"POINT (13.353474602000063 52.516488920000029)","Unfall 198204 (2019) Kat:2, Licht: 0","198204","2","7","6","08","17","3","0","0","1","0","1","0"
"POINT (13.240088023000055 52.526243290000082)","Unfall 198205 (2019) Kat:3, Licht: 0","198205","3","2","5","08","15","3","0","0","0","1","0","0"
"POINT (13.572177849000070 52.392162009000060)","Unfall 198206 (2019) Kat:2, Licht: 0","198206","2","2","5","08","15","3","0","0","1","1","0","0"
"POINT (13.366676100000063 52.557328394000081)","Unfall 198207 (2019) Kat:3, Licht: 0","198207","3","3","2","08","10","3","0","0","1","1","0","0"
"POINT (13.428789519000077 52.585053263000077)","Unfall 198208 (2019) Kat:3, Licht: 0","198208","3","3","2","08","10","3","0","0","0","1","0","1"
"POINT (13.425288990000070 52.533865611000067)","Unfall 198209 (2019) Kat:3, Licht: 0","198209","3","6","2","08","09","3","0","0","1","1","0","0"
"POINT (13.143310549000034 52.524213612000040)","Unfall 198210 (2019) Kat:3, Licht: 0","198210","3","2","2","08","09","3","0","0","0","1","0","0"
"POINT (13.294914964000043 52.550357314000053)","Unfall 198211 (2019) Kat:3, Licht: 0","198211","3","4","0","08","08","3","0","0","0","1","1","0"
"POINT (13.409913175000042 52.455322450000040)","Unfall 198212 (2019) Kat:3, Licht: 0","198212","3","2","5","08","09","3","0","0","1","1","0","0"
"POINT (13.590651429000047 52.446533699000042)","Unfall 198213 (2019) Kat:3, Licht: 0","198213","3","2","5","08","09","3","0","0","0","1","0","0"
"POINT (13.514587136000046 52.468894996000074)","Unfall 198214 (2019) Kat:3, Licht: 0","198214","3","2","5","08","07","3","0","0","1","0","0","0"
"POINT (13.440226926000037 52.502071858000079)","Unfall 198215 (2019) Kat:3, Licht: 0","198215","3","3","5","08","07","3","0","0","0","1","0","1"
"POINT (13.362704249000046 52.412196766000079)","Unfall 198216 (2019) Kat:1, Licht: 0","198216","1","4","6","08","08","3","0","0","0","0","1","0"
"POINT (13.416354753000064 52.491225547000056)","Unfall 198217 (2019) Kat:3, Licht: 0","198217","3","4","6","08","18","2","0","0","1","0","1","0"
"POINT (13.431693541000072 52.571189246000074)","Unfall 198218 (2019) Kat:3, Licht: 0","198218","3","6","3","08","10","2","0","0","1","0","0","0"
"POINT (13.333884980000050 52.532943646000035)","Unfall 198219 (2019) Kat:3, Licht: 0","198219","3","4","6","08","18","2","0","0","0","0","1","0"
"POINT (13.479450053000051 52.553161797000030)","Unfall 198220 (2019) Kat:3, Licht: 0","198220","3","6","4","08","13","2","0","0","0","1","0","1"
"POINT (13.425618083000074 52.586601847000054)","Unfall 198221 (2019) Kat:3, Licht: 0","198221","3","6","2","08","17","2","0","0","0","1","0","0"
"POINT (13.570992934000060 52.528560999000035)","Unfall 198222 (2019) Kat:2, Licht: 0","198222","2","7","2","08","17","2","0","0","0","1","0","0"
"POINT (13.303155735000075 52.494050394000055)","Unfall 198223 (2019) Kat:3, Licht: 0","198223","3","5","1","08","17","2","0","0","0","1","0","0"
"POINT (13.603219352000053 52.484849655000062)","Unfall 198224 (2019) Kat:3, Licht: 0","198224","3","2","5","08","17","2","0","0","0","1","0","0"
"POINT (13.419801774000064 52.461400610000055)","Unfall 198225 (2019) Kat:2, Licht: 0","198225","2","4","6","08","16","2","0","0","0","1","1","0"
"POINT (13.377679631000035 52.465933381000070)","Unfall 198226 (2019) Kat:3, Licht: 0","198226","3","2","5","08","16","2","0","0","0","1","0","1"
"POINT (13.312781482000048 52.608642583000062)","Unfall 198227 (2019) Kat:3, Licht: 0","198227","3","3","5","08","15","2","0","0","0","1","0","1"
"POINT (13.363044035000030 52.548736273000031)","Unfall 198228 (2019) Kat:3, Licht: 0","198228","3","3","5","08","15","2","0","0","0","1","0","0"
"POINT (13.346604327000023 52.501365365000026)","Unfall 198229 (2019) Kat:3, Licht: 0","198229","3","6","2","08","15","2","0","0","0","1","0","1"
"POINT (13.369132065000031 52.526254711000036)","Unfall 198230 (2019) Kat:3, Licht: 2","198230","3","4","6","08","23","2","0","2","0","1","1","0"
"POINT (13.194519350000064 52.545732609000027)","Unfall 198231 (2019) Kat:3, Licht: 0","198231","3","2","6","08","15","2","0","0","0","1","1","0"
"POINT (13.410835225000028 52.530642848000070)","Unfall 198232 (2019) Kat:3, Licht: 0","198232","3","4","6","08","19","2","0","0","1","0","1","0"
"POINT (13.527813221000031 52.489893845000040)","Unfall 198233 (2019) Kat:3, Licht: 0","198233","3","2","5","08","18","5","0","0","1","1","0","0"
"POINT (13.397564835000026 52.529406875000063)","Unfall 198234 (2019) Kat:3, Licht: 0","198234","3","2","5","08","19","2","0","0","1","1","0","0"
"POINT (13.277607199000045 52.464769897000053)","Unfall 198235 (2019) Kat:3, Licht: 0","198235","3","5","1","08","14","2","0","0","0","1","0","0"
"POINT (13.310192332000042 52.479057019000038)","Unfall 198236 (2019) Kat:3, Licht: 0","198236","3","2","5","08","19","2","0","0","1","1","0","0"
"POINT (13.449970239000038 52.507521747000055)","Unfall 198237 (2019) Kat:3, Licht: 0","198237","3","3","5","08","14","2","0","0","1","0","0","0"
"POINT (13.357224113000029 52.445370304000051)","Unfall 198238 (2019) Kat:2, Licht: 0","198238","2","7","5","08","19","2","0","0","0","0","0","1"
"POINT (13.505334018000042 52.492225705000067)","Unfall 198239 (2019) Kat:3, Licht: 0","198239","3","5","1","08","19","2","0","0","1","1","0","0"
"POINT (13.468172511000034 52.553894717000048)","Unfall 198240 (2019) Kat:3, Licht: 0","198240","3","6","2","08","17","2","0","0","1","1","0","0"
"POINT (13.412221006000038 52.524282240000048)","Unfall 198241 (2019) Kat:3, Licht: 0","198241","3","6","2","08","18","2","0","0","1","1","0","0"
"POINT (13.351059599000052 52.510482962000026)","Unfall 198242 (2019) Kat:3, Licht: 0","198242","3","6","2","08","13","2","0","0","0","1","0","0"
"POINT (13.550679207000030 52.509370937000028)","Unfall 198243 (2019) Kat:3, Licht: 0","198243","3","2","5","08","18","2","0","0","0","1","0","0"
"POINT (13.294448376000048 52.629544640000063)","Unfall 198244 (2019) Kat:3, Licht: 0","198244","3","3","5","08","12","2","0","0","0","1","0","1"
"POINT (13.272119586000031 52.453518899000073)","Unfall 198245 (2019) Kat:3, Licht: 0","198245","3","7","5","08","12","2","0","0","0","1","0","0"
"POINT (13.442014796000024 52.500914576000071)","Unfall 198246 (2019) Kat:3, Licht: 0","198246","3","2","2","08","12","2","0","0","0","1","0","0"
"POINT (13.426988531000063 52.527157920000036)","Unfall 198247 (2019) Kat:3, Licht: 0","198247","3","5","1","08","12","2","0","0","1","0","0","0"
"POINT (13.430003327000065 52.503462698000078)","Unfall 198248 (2019) Kat:3, Licht: 0","198248","3","3","5","08","11","2","0","0","0","1","0","0"
"POINT (13.317749039000034 52.457874392000065)","Unfall 198249 (2019) Kat:3, Licht: 0","198249","3","2","5","08","11","2","0","0","1","1","0","0"
"POINT (13.467946390000066 52.427680611000028)","Unfall 198250 (2019) Kat:2, Licht: 0","198250","2","2","6","08","11","2","0","0","0","1","1","0"
"POINT (13.329441606000046 52.481523667000033)","Unfall 198251 (2019) Kat:3, Licht: 0","198251","3","2","2","08","10","2","0","0","1","1","0","0"
"POINT (13.362800810000067 52.428228192000063)","Unfall 198252 (2019) Kat:3, Licht: 0","198252","3","3","5","08","08","2","0","0","0","1","0","0"
"POINT (13.313257065000073 52.502118897000059)","Unfall 198253 (2019) Kat:2, Licht: 0","198253","2","7","5","08","07","2","0","0","0","1","0","1"
"POINT (13.312996885000075 52.452730006000081)","Unfall 198254 (2019) Kat:3, Licht: 0","198254","3","6","2","08","06","2","0","0","0","1","0","1"
"POINT (13.371948721000024 52.519401368000047)","Unfall 198255 (2019) Kat:3, Licht: 1","198255","3","2","5","08","06","2","0","1","1","1","0","0"
"POINT (13.505203638000069 52.445354339000062)","Unfall 198256 (2019) Kat:3, Licht: 1","198256","3","1","0","08","05","2","1","1","0","1","0","1"
"POINT (13.376680121000049 52.484830602000045)","Unfall 198257 (2019) Kat:3, Licht: 1","198257","3","6","2","08","05","2","0","1","0","1","0","0"
"POINT (13.287643409000054 52.580184202000055)","Unfall 198258 (2019) Kat:3, Licht: 0","198258","3","7","0","08","11","2","0","0","0","1","0","0"
"POINT (13.314900573000045 52.417319366000072)","Unfall 198259 (2019) Kat:3, Licht: 0","198259","3","6","2","08","19","1","0","0","0","1","0","0"
"POINT (13.199708061000024 52.535247647000062)","Unfall 198260 (2019) Kat:3, Licht: 0","198260","3","6","0","08","19","1","1","0","0","0","0","1"
"POINT (13.452239274000021 52.443371482000032)","Unfall 198261 (2019) Kat:3, Licht: 2","198261","3","3","5","08","21","1","1","2","0","1","0","0"
"POINT (13.273105493000060 52.519429776000038)","Unfall 198262 (2019) Kat:3, Licht: 0","198262","3","3","2","08","13","1","0","0","0","1","0","0"
"POINT (13.497905126000035 52.433631340000034)","Unfall 198263 (2019) Kat:3, Licht: 2","198263","3","2","2","08","21","1","1","2","0","1","0","0"
"POINT (13.399234332000049 52.532156943000075)","Unfall 198264 (2019) Kat:2, Licht: 2","198264","2","7","0","08","22","1","1","2","0","0","0","0"
"POINT (13.363700485000038 52.488443736000079)","Unfall 198265 (2019) Kat:2, Licht: 2","198265","2","1","4","08","22","1","1","2","0","1","0","0"
"POINT (13.377226500000063 52.512816017000034)","Unfall 198266 (2019) Kat:3, Licht: 0","198266","3","1","0","08","18","1","1","0","0","0","0","1"
"POINT (13.511831447000077 52.550532059000034)","Unfall 198267 (2019) Kat:2, Licht: 1","198267","2","1","0","08","20","1","1","1","0","0","0","1"
"POINT (13.371109713000067 52.511112478000030)","Unfall 198268 (2019) Kat:2, Licht: 0","198268","2","2","5","08","19","1","1","0","0","1","0","0"
"POINT (13.329372305000049 52.522675643000071)","Unfall 198269 (2019) Kat:3, Licht: 0","198269","3","6","2","08","19","1","1","0","0","1","0","0"
"POINT (13.339758479000068 52.595846667000046)","Unfall 198270 (2019) Kat:3, Licht: 0","198270","3","6","2","08","19","1","1","0","0","1","0","0"
"POINT (13.269537789000026 52.519721714000070)","Unfall 198271 (2019) Kat:3, Licht: 0","198271","3","3","5","08","18","1","1","0","1","1","0","0"
"POINT (13.406513210000071 52.393762808000076)","Unfall 198272 (2019) Kat:3, Licht: 0","198272","3","2","5","08","18","1","1","0","1","1","0","0"
"POINT (13.356031934000043 52.490174709000030)","Unfall 198273 (2019) Kat:3, Licht: 0","198273","3","5","1","08","17","1","0","0","1","1","0","0"
"POINT (13.409350780000068 52.516773178000051)","Unfall 198274 (2019) Kat:3, Licht: 0","198274","3","2","5","08","17","1","1","0","0","1","0","0"
"POINT (13.414533717000040 52.500135456000066)","Unfall 198275 (2019) Kat:3, Licht: 0","198275","3","3","5","08","16","1","0","0","0","1","0","0"
"POINT (13.450188542000035 52.436954885000034)","Unfall 198276 (2019) Kat:2, Licht: 0","198276","2","5","1","08","16","1","0","0","0","1","0","0"
"POINT (13.402090470000076 52.602854528000080)","Unfall 198277 (2019) Kat:3, Licht: 0","198277","3","2","5","08","16","1","1","0","0","1","0","0"
"POINT (13.339477482000063 52.563968540000076)","Unfall 198278 (2019) Kat:3, Licht: 0","198278","3","3","5","08","14","1","0","0","0","1","0","0"
"POINT (13.287938716000042 52.514623343000039)","Unfall 198279 (2019) Kat:3, Licht: 0","198279","3","7","5","08","14","1","1","0","0","1","0","0"
"POINT (13.392027688000042 52.489358738000078)","Unfall 198280 (2019) Kat:3, Licht: 0","198280","3","2","6","08","13","1","1","0","1","0","1","0"
"POINT (13.227174027000046 52.537657391000039)","Unfall 198281 (2019) Kat:3, Licht: 0","198281","3","6","2","08","11","1","1","0","0","1","0","0"
"POINT (13.357307753000043 52.422986575000039)","Unfall 198282 (2019) Kat:2, Licht: 0","198282","2","3","5","08","11","1","1","0","0","1","0","0"
"POINT (13.349874293000028 52.500447298000040)","Unfall 198283 (2019) Kat:3, Licht: 2","198283","3","6","3","08","02","1","0","2","0","1","0","1"
"POINT (13.473986101000037 52.475101304000077)","Unfall 198284 (2019) Kat:3, Licht: 2","198284","3","6","2","08","21","1","1","2","0","1","0","0"
"POINT (13.345927330000052 52.489199879000068)","Unfall 198285 (2019) Kat:3, Licht: 0","198285","3","5","1","08","18","7","0","0","0","1","0","0"
"POINT (13.442549968000037 52.516255176000072)","Unfall 198286 (2019) Kat:3, Licht: 2","198286","3","1","1","08","04","7","0","2","0","1","0","0"
"POINT (13.294032986000047 52.506744393000076)","Unfall 198287 (2019) Kat:3, Licht: 2","198287","3","4","0","08","01","7","0","2","1","0","1","0"
"POINT (13.431796128000030 52.466413952000039)","Unfall 198288 (2019) Kat:3, Licht: 0","198288","3","2","5","08","13","7","0","0","1","1","0","0"
"POINT (13.279070585000056 52.578398207000077)","Unfall 198289 (2019) Kat:3, Licht: 0","198289","3","2","5","08","13","7","0","0","0","1","0","1"
"POINT (13.387054651000028 52.493164354000044)","Unfall 198290 (2019) Kat:3, Licht: 0","198290","3","4","6","08","13","7","0","0","1","0","1","0"
"POINT (13.372117222000043 52.519570017000035)","Unfall 198291 (2019) Kat:3, Licht: 0","198291","3","3","5","08","12","7","0","0","0","1","0","0"
"POINT (13.385559098000044 52.468587818000060)","Unfall 198292 (2019) Kat:3, Licht: 0","198292","3","2","5","08","12","7","0","0","0","1","0","0"
"POINT (13.388798935000068 52.517203627000072)","Unfall 198293 (2019) Kat:3, Licht: 0","198293","3","1","0","08","12","7","0","0","0","0","0","1"
"POINT (13.381142031000024 52.555973306000055)","Unfall 198294 (2019) Kat:3, Licht: 0","198294","3","6","2","08","11","7","0","0","0","1","0","0"
"POINT (13.399518763000060 52.494597354000064)","Unfall 198295 (2019) Kat:3, Licht: 2","198295","3","1","0","08","00","7","0","2","0","0","0","0"
"POINT (13.545190439000066 52.425737533000074)","Unfall 198296 (2019) Kat:2, Licht: 2","198296","2","2","5","08","22","7","0","2","0","1","0","0"
"POINT (13.426139744000068 52.523051048000070)","Unfall 198297 (2019) Kat:3, Licht: 2","198297","3","6","2","08","22","7","0","2","0","1","0","0"
"POINT (13.327232624000033 52.410717694000027)","Unfall 198298 (2019) Kat:3, Licht: 2","198298","3","7","6","08","20","7","0","2","1","0","1","0"
"POINT (13.361985342000025 52.497706315000073)","Unfall 198299 (2019) Kat:3, Licht: 0","198299","3","3","5","08","19","7","0","0","1","1","0","0"
"POINT (13.446164410000051 52.590744514000050)","Unfall 198300 (2019) Kat:3, Licht: 0","198300","3","7","0","08","18","7","0","0","1","0","0","0"
"POINT (13.484006184000066 52.474178560000041)","Unfall 198301 (2019) Kat:2, Licht: 0","198301","2","3","5","08","17","7","0","0","0","1","0","1"
"POINT (13.320544049000034 52.434646116000067)","Unfall 198302 (2019) Kat:3, Licht: 0","198302","3","6","2","08","17","7","0","0","0","1","0","0"
"POINT (13.421441899000058 52.496082300000069)","Unfall 198303 (2019) Kat:3, Licht: 0","198303","3","7","2","08","16","7","0","0","0","1","0","0"
"POINT (13.171080895000046 52.518320368000047)","Unfall 198304 (2019) Kat:2, Licht: 0","198304","2","1","0","08","16","7","0","0","1","0","0","0"
"POINT (13.181976810000037 52.537505505000070)","Unfall 198305 (2019) Kat:3, Licht: 0","198305","3","6","2","08","15","7","0","0","0","1","0","0"
"POINT (13.320134113000051 52.472890628000073)","Unfall 198306 (2019) Kat:3, Licht: 0","198306","3","3","5","08","15","7","0","0","1","1","0","0"
"POINT (13.303515619000052 52.459066676000077)","Unfall 198307 (2019) Kat:3, Licht: 0","198307","3","6","2","08","15","7","0","0","0","1","0","0"
"POINT (13.383453689000021 52.556096681000042)","Unfall 198308 (2019) Kat:3, Licht: 0","198308","3","5","1","08","15","7","0","0","0","1","0","1"
"POINT (13.450577345000056 52.508635471000048)","Unfall 198309 (2019) Kat:3, Licht: 0","198309","3","6","2","08","14","7","0","0","0","1","0","0"
"POINT (13.383155665000061 52.448171514000080)","Unfall 198310 (2019) Kat:3, Licht: 0","198310","3","6","2","08","14","7","0","0","1","1","0","0"
"POINT (13.533443822000038 52.492546101000073)","Unfall 198311 (2019) Kat:2, Licht: 0","198311","2","3","5","08","08","6","0","0","1","1","0","0"
"POINT (13.324745757000073 52.465697189000082)","Unfall 198312 (2019) Kat:3, Licht: 0","198312","3","7","6","08","19","6","0","0","0","1","1","0"
"POINT (13.331402412000045 52.573521931000073)","Unfall 198313 (2019) Kat:3, Licht: 0","198313","3","2","5","08","20","6","0","0","0","1","0","1"
"POINT (13.428934723000054 52.486465643000031)","Unfall 198314 (2019) Kat:3, Licht: 0","198314","3","6","3","08","19","6","0","0","1","1","0","0"
"POINT (13.417526829000053 52.518468176000056)","Unfall 198315 (2019) Kat:3, Licht: 0","198315","3","2","5","08","18","6","0","0","0","1","0","1"
"POINT (13.408366745000023 52.528913003000071)","Unfall 198316 (2019) Kat:3, Licht: 0","198316","3","6","3","08","17","6","0","0","0","1","0","1"
"POINT (13.546933602000024 52.431509302000052)","Unfall 198317 (2019) Kat:3, Licht: 0","198317","3","2","5","08","16","6","0","0","1","1","0","0"
"POINT (13.578612919000022 52.499074032000067)","Unfall 198318 (2019) Kat:3, Licht: 0","198318","3","6","2","08","16","6","0","0","0","1","0","0"
"POINT (13.323975256000040 52.532130362000032)","Unfall 198319 (2019) Kat:3, Licht: 0","198319","3","5","0","08","16","6","0","0","1","0","0","0"
"POINT (13.328996231000076 52.479720729000064)","Unfall 198320 (2019) Kat:3, Licht: 0","198320","3","4","6","08","16","6","0","0","0","1","1","0"