WKT,Name,OBJECTID,UKATEGORIE,UTYP1,UART,UMONAT,USTUNDE,UWOCHENTAG,STRZUSTAND,ULICHTVERH,ISTRAD,ISTPKW,ISTFUSS,ISTKRAD
"POINT (13.412212086000068 52.512245406000034)","Unfall 198321 (2019) Kat:3, Licht: 0","198321","3","2","5","08","15","6","0","0","1","0","0","0"
"POINT (13.294366220000029 52.497604305000038)","Unfall 198322 (2019) Kat:3, Licht: 0","198322","3","6","2","08","15","6","0","0","0","1","0","0"
"POINT (13.234282774000064 52.439196805000051)","Unfall 198323 (2019) Kat:3, Licht: 0","198323","3","2","5","08","15","6","0","0","1","1","0","0"
"POINT (13.369099609000045 52.546215017000065)","Unfall 198324 (2019) Kat:3, Licht: 0","198324","3","3","5","08","14","6","0","0","1","1","0","0"
"POINT (13.330923940000048 52.523945487000049)","Unfall 198325 (2019) Kat:3, Licht: 0","198325","3","6","2","08","15","6","0","0","0","1","0","0"
"POINT (13.404918992000034 52.427757950000057)","Unfall 198326 (2019) Kat:3, Licht: 0","198326","3","7","2","08","15","6","0","0","0","1","0","0"
"POINT (13.523270519000050 52.402164100000050)","Unfall 198327 (2019) Kat:3, Licht: 0","198327","3","2","5","08","16","6","0","0","1","1","0","0"
"POINT (13.291604648000032 52.594598152000060)","Unfall 198328 (2019) Kat:3, Licht: 0","198328","3","7","5","08","14","6","0","0","0","1","0","1"
"POINT (13.297824763000051 52.525127108000049)","Unfall 198329 (2019) Kat:3, Licht: 0","198329","3","7","0","08","18","6","0","0","0","0","0","0"
"POINT (13.582442213000036 52.436539875000051)","Unfall 198330 (2019) Kat:3, Licht: 0","198330","3","6","2","08","17","6","0","0","1","1","0","0"
"POINT (13.362355136000076 52.412382161000039)","Unfall 198331 (2019) Kat:2, Licht: 2","198331","2","7","8","08","02","6","0","2","1","1","0","0"
"POINT (13.413826218000054 52.553638757000044)","Unfall 198332 (2019) Kat:3, Licht: 0","198332","3","6","2","08","07","6","0","0","0","1","0","1"
"POINT (13.476977080000040 52.563291020000065)","Unfall 198333 (2019) Kat:3, Licht: 0","198333","3","3","5","08","07","6","0","0","0","1","0","0"
"POINT (13.561198942000033 52.525185246000035)","Unfall 198334 (2019) Kat:3, Licht: 0","198334","3","5","1","08","07","6","0","0","1","1","0","0"
"POINT (13.508699453000077 52.500589256000069)","Unfall 198335 (2019) Kat:3, Licht: 0","198335","3","7","1","08","06","6","0","0","0","1","0","0"
"POINT (13.413894203000041 52.507689742000082)","Unfall 198336 (2019) Kat:2, Licht: 2","198336","2","1","0","08","00","6","0","2","1","0","0","0"
"POINT (13.343187258000057 52.531654729000081)","Unfall 198337 (2019) Kat:3, Licht: 0","198337","3","5","0","08","13","6","0","0","1","1","0","0"
"POINT (13.288028968000049 52.496229850000077)","Unfall 198338 (2019) Kat:3, Licht: 0","198338","3","6","2","08","13","6","0","0","0","1","0","0"
"POINT (13.487341921000052 52.618333946000064)","Unfall 198339 (2019) Kat:3, Licht: 0","198339","3","6","3","08","13","6","0","0","0","1","0","0"
"POINT (13.377241903000026 52.480443682000043)","Unfall 198340 (2019) Kat:3, Licht: 0","198340","3","5","1","08","13","6","0","0","0","1","0","1"
"POINT (13.586512839000022 52.539392665000037)","Unfall 198341 (2019) Kat:3, Licht: 0","198341","3","1","8","08","12","6","0","0","0","0","0","1"
"POINT (13.292668508000077 52.578690426000037)","Unfall 198342 (2019) Kat:3, Licht: 0","198342","3","2","5","08","12","6","0","0","1","1","0","0"
"POINT (13.479068337000058 52.609838599000057)","Unfall 198343 (2019) Kat:3, Licht: 0","198343","3","3","5","08","11","6","0","0","1","1","0","0"
"POINT (13.307052330000033 52.513481348000028)","Unfall 198344 (2019) Kat:3, Licht: 0","198344","3","2","5","08","11","6","0","0","0","1","0","0"
"POINT (13.378414121000048 52.550303188000044)","Unfall 198345 (2019) Kat:2, Licht: 0","198345","2","7","0","08","11","6","0","0","0","1","0","0"
"POINT (13.445300001000021 52.499324242000057)","Unfall 198346 (2019) Kat:3, Licht: 0","198346","3","6","2","08","10","6","0","0","0","1","0","0"
"POINT (13.300788902000022 52.515326774000073)","Unfall 198347 (2019) Kat:2, Licht: 0","198347","2","2","6","08","10","6","0","0","0","1","1","0"
"POINT (13.397542453000028 52.617261216000031)","Unfall 198348 (2019) Kat:3, Licht: 0","198348","3","1","9","08","10","6","0","0","0","1","0","0"
"POINT (13.265445457000055 52.495117700000037)","Unfall 198349 (2019) Kat:3, Licht: 0","198349","3","3","5","08","10","6","0","0","1","0","0","0"
"POINT (13.398090075000027 52.527227276000076)","Unfall 198350 (2019) Kat:3, Licht: 0","198350","3","3","5","08","09","6","0","0","1","1","0","0"
"POINT (13.396046956000077 52.538338408000072)","Unfall 198351 (2019) Kat:3, Licht: 0","198351","3","2","5","08","09","6","0","0","1","0","0","0"
"POINT (13.572476986000026 52.568174925000051)","Unfall 198352 (2019) Kat:3, Licht: 0","198352","3","6","3","08","10","6","0","0","1","0","0","0"
"POINT (13.437517705000062 52.555984929000033)","Unfall 198353 (2019) Kat:3, Licht: 0","198353","3","3","5","08","08","6","0","0","0","1","0","0"
"POINT (13.435290070000065 52.491165889000058)","Unfall 198354 (2019) Kat:3, Licht: 0","198354","3","2","5","08","10","6","0","0","1","1","0","0"
"POINT (13.205717770000035 52.541604143000029)","Unfall 198355 (2019) Kat:3, Licht: 0","198355","3","3","5","08","17","5","0","0","0","1","0","0"
"POINT (13.345037390000073 52.521516787000053)","Unfall 198356 (2019) Kat:3, Licht: 0","198356","3","5","1","08","08","6","0","0","0","1","0","1"
"POINT (13.616307191000033 52.531634495000048)","Unfall 198357 (2019) Kat:3, Licht: 0","198357","3","2","5","08","08","6","0","0","1","1","0","0"
"POINT (13.339529341000059 52.505365910000080)","Unfall 198358 (2019) Kat:3, Licht: 0","198358","3","7","1","08","16","5","0","0","1","1","0","0"
"POINT (13.376984380000067 52.557182155000078)","Unfall 198359 (2019) Kat:3, Licht: 0","198359","3","2","5","08","08","6","0","0","0","1","0","1"
"POINT (13.295254965000026 52.497743691000039)","Unfall 198360 (2019) Kat:3, Licht: 0","198360","3","5","1","08","09","6","0","0","1","1","0","0"
"POINT (13.435437388000025 52.549271379000061)","Unfall 198361 (2019) Kat:3, Licht: 0","198361","3","6","0","08","16","5","0","0","1","0","0","0"
"POINT (13.310226879000027 52.503463587000056)","Unfall 198362 (2019) Kat:3, Licht: 0","198362","3","5","1","08","09","6","0","0","1","0","0","0"
"POINT (13.459023452000054 52.529058974000066)","Unfall 198363 (2019) Kat:2, Licht: 0","198363","2","2","5","08","09","5","0","0","1","1","0","0"
"POINT (13.370931044000031 52.492615346000036)","Unfall 198364 (2019) Kat:2, Licht: 0","198364","2","2","5","08","15","6","0","0","1","0","0","0"
"POINT (13.428814918000057 52.547749078000038)","Unfall 198365 (2019) Kat:3, Licht: 0","198365","3","2","5","08","14","5","0","0","1","1","0","0"
"POINT (13.360376899000073 52.544372705000058)","Unfall 198366 (2019) Kat:3, Licht: 0","198366","3","1","0","08","15","6","0","0","0","0","0","1"
"POINT (13.390873547000069 52.504533245000061)","Unfall 198367 (2019) Kat:3, Licht: 0","198367","3","7","6","08","09","5","0","0","0","1","1","0"
"POINT (13.446663079000075 52.502805531000035)","Unfall 198368 (2019) Kat:3, Licht: 0","198368","3","3","5","08","09","6","0","0","1","1","0","0"
"POINT (13.319663705000039 52.503084053000066)","Unfall 198369 (2019) Kat:3, Licht: 0","198369","3","2","6","08","18","5","0","0","0","1","1","0"
"POINT (13.366569776000063 52.502888587000029)","Unfall 198370 (2019) Kat:2, Licht: 0","198370","2","3","5","08","14","6","0","0","1","1","0","0"
"POINT (13.385865743000068 52.434623444000067)","Unfall 198371 (2019) Kat:3, Licht: 0","198371","3","5","1","08","18","5","0","0","1","1","0","0"
"POINT (13.430748302000040 52.486006265000071)","Unfall 198372 (2019) Kat:3, Licht: 2","198372","3","2","2","08","23","5","0","2","0","1","0","0"
"POINT (13.337639736000028 52.458537207000063)","Unfall 198373 (2019) Kat:3, Licht: 0","198373","3","2","5","08","14","6","0","0","0","1","0","1"
"POINT (13.476444100000037 52.501060137000081)","Unfall 198374 (2019) Kat:3, Licht: 2","198374","3","1","0","08","22","5","0","2","1","0","0","0"
"POINT (13.452572516000032 52.429200296000033)","Unfall 198375 (2019) Kat:3, Licht: 0","198375","3","6","2","08","14","6","0","0","0","1","0","0"
"POINT (13.417772594000041 52.525823833000061)","Unfall 198376 (2019) Kat:3, Licht: 2","198376","3","6","2","08","22","5","0","2","0","1","0","1"
"POINT (13.197429651000050 52.533051688000057)","Unfall 198377 (2019) Kat:3, Licht: 0","198377","3","6","2","08","20","5","0","0","0","1","0","0"
"POINT (13.346324534000075 52.432365810000078)","Unfall 198378 (2019) Kat:3, Licht: 0","198378","3","6","0","08","14","6","0","0","1","0","0","0"
"POINT (13.367109705000075 52.602435022000066)","Unfall 198379 (2019) Kat:3, Licht: 1","198379","3","7","6","08","20","5","0","1","0","1","1","0"
"POINT (13.427374491000023 52.552492802000074)","Unfall 198380 (2019) Kat:3, Licht: 0","198380","3","3","5","08","09","6","0","0","1","1","0","0"
"POINT (13.359515096000052 52.546297066000079)","Unfall 198381 (2019) Kat:3, Licht: 0","198381","3","7","2","08","18","5","0","0","1","1","0","0"
"POINT (13.494955624000056 52.545383829000059)","Unfall 198382 (2019) Kat:2, Licht: 0","198382","2","2","2","08","14","6","0","0","1","1","0","0"
"POINT (13.603828252000028 52.485469746000035)","Unfall 198383 (2019) Kat:3, Licht: 0","198383","3","7","0","08","17","5","0","0","1","0","0","0"
"POINT (13.224105748000056 52.429474301000027)","Unfall 198384 (2019) Kat:2, Licht: 0","198384","2","3","0","08","13","6","0","0","1","0","0","1"
"POINT (13.404938651000066 52.514666881000039)","Unfall 198385 (2019) Kat:3, Licht: 0","198385","3","1","1","08","17","5","0","0","0","1","0","1"
"POINT (13.412394290000066 52.505759916000045)","Unfall 198386 (2019) Kat:3, Licht: 0","198386","3","6","2","08","17","5","0","0","0","1","0","0"
"POINT (13.449846340000022 52.445553611000037)","Unfall 198387 (2019) Kat:3, Licht: 0","198387","3","2","5","08","13","6","0","0","0","1","0","0"
"POINT (13.490393023000024 52.427826281000080)","Unfall 198388 (2019) Kat:3, Licht: 0","198388","3","2","5","08","13","6","0","0","1","1","0","0"
"POINT (13.526151331000051 52.493242844000065)","Unfall 198389 (2019) Kat:3, Licht: 0","198389","3","6","0","08","17","5","0","0","1","0","0","0"
"POINT (13.418422162000070 52.555140994000055)","Unfall 198390 (2019) Kat:3, Licht: 0","198390","3","3","5","08","13","6","0","0","0","1","0","0"
"POINT (13.357650583000066 52.541112949000080)","Unfall 198391 (2019) Kat:3, Licht: 0","198391","3","3","5","08","16","5","0","0","1","1","0","0"
"POINT (13.387309567000045 52.458515019000060)","Unfall 198392 (2019) Kat:3, Licht: 0","198392","3","6","2","08","13","6","0","0","1","1","0","0"
"POINT (13.374868154000069 52.596569752000050)","Unfall 198393 (2019) Kat:2, Licht: 0","198393","2","1","0","08","16","5","1","0","0","0","0","1"
"POINT (13.400311246000058 52.483710835000068)","Unfall 198394 (2019) Kat:3, Licht: 0","198394","3","2","5","08","15","5","0","0","1","1","0","0"
"POINT (13.350233697000021 52.513651094000068)","Unfall 198395 (2019) Kat:3, Licht: 0","198395","3","6","2","08","08","6","0","0","1","1","0","0"
"POINT (13.386691250000069 52.507486842000048)","Unfall 198396 (2019) Kat:2, Licht: 0","198396","2","6","4","08","08","6","0","0","1","1","0","0"
"POINT (13.566398962000051 52.443984550000039)","Unfall 198397 (2019) Kat:3, Licht: 0","198397","3","6","0","08","15","5","0","0","1","1","0","0"
"POINT (13.348476870000070 52.500779727000065)","Unfall 198398 (2019) Kat:3, Licht: 0","198398","3","4","6","08","15","5","0","0","0","1","1","0"
"POINT (13.332447511000055 52.458298673000058)","Unfall 198399 (2019) Kat:3, Licht: 0","198399","3","3","5","08","07","6","0","0","1","1","0","0"
"POINT (13.542196133000061 52.457779065000068)","Unfall 198400 (2019) Kat:3, Licht: 0","198400","3","6","2","08","15","5","0","0","0","1","0","0"
"POINT (13.343195317000038 52.528484129000049)","Unfall 198401 (2019) Kat:3, Licht: 0","198401","3","4","4","08","07","6","0","0","1","0","1","0"
"POINT (13.377265848000036 52.553633269000045)","Unfall 198402 (2019) Kat:3, Licht: 0","198402","3","3","5","08","16","5","1","0","1","1","0","0"
"POINT (13.395162123000034 52.517262191000043)","Unfall 198403 (2019) Kat:3, Licht: 0","198403","3","3","5","08","16","5","0","0","1","1","0","0"
"POINT (13.438329440000075 52.454209870000057)","Unfall 198404 (2019) Kat:3, Licht: 0","198404","3","4","1","08","07","6","0","0","0","1","1","1"
"POINT (13.453975645000071 52.554008860000067)","Unfall 198405 (2019) Kat:3, Licht: 0","198405","3","4","6","08","15","5","0","0","0","1","1","0"
"POINT (13.278375691000065 52.506950429000028)","Unfall 198406 (2019) Kat:3, Licht: 0","198406","3","3","5","08","06","6","0","0","0","1","0","1"
"POINT (13.348628903000076 52.497934783000062)","Unfall 198407 (2019) Kat:3, Licht: 0","198407","3","7","5","08","15","5","0","0","1","1","0","0"
"POINT (13.205636644000037 52.539445000000057)","Unfall 198408 (2019) Kat:3, Licht: 0","198408","3","2","5","08","06","6","0","0","1","1","0","0"
"POINT (13.452294327000061 52.527739623000059)","Unfall 198409 (2019) Kat:2, Licht: 0","198409","2","4","6","08","14","5","0","0","0","1","1","0"
"POINT (13.418641906000062 52.555077956000048)","Unfall 198410 (2019) Kat:3, Licht: 0","198410","3","3","5","08","14","5","0","0","1","1","0","0"
"POINT (13.324549155000057 52.588209789000075)","Unfall 198411 (2019) Kat:3, Licht: 0","198411","3","6","2","08","13","5","0","0","0","1","0","0"
"POINT (13.397760172000062 52.532506481000041)","Unfall 198412 (2019) Kat:3, Licht: 0","198412","3","6","2","08","13","5","0","0","0","1","0","1"
"POINT (13.367344818000049 52.525708966000082)","Unfall 198413 (2019) Kat:3, Licht: 2","198413","3","6","2","08","23","5","0","2","0","1","0","0"
"POINT (13.254489903000035 52.561944525000058)","Unfall 198414 (2019) Kat:3, Licht: 0","198414","3","3","5","08","17","5","0","0","0","1","0","1"
"POINT (13.413341590000073 52.566418184000042)","Unfall 198415 (2019) Kat:3, Licht: 0","198415","3","6","2","08","12","5","0","0","0","1","0","0"
"POINT (13.329587721000053 52.523798381000063)","Unfall 198416 (2019) Kat:3, Licht: 0","198416","3","2","0","08","10","5","0","0","1","1","0","0"
"POINT (13.407874828000047 52.504452176000029)","Unfall 198417 (2019) Kat:3, Licht: 0","198417","3","2","5","08","17","5","0","0","1","1","0","0"
"POINT (13.273416349000058 52.416645729000038)","Unfall 198418 (2019) Kat:3, Licht: 0","198418","3","2","5","08","10","5","0","0","0","1","0","1"
"POINT (13.573562192000054 52.546545477000052)","Unfall 198419 (2019) Kat:3, Licht: 0","198419","3","2","5","08","17","5","0","0","1","1","0","0"
"POINT (13.435396432000061 52.499822987000073)","Unfall 198420 (2019) Kat:3, Licht: 0","198420","3","6","2","08","10","5","0","0","0","1","0","0"
"POINT (13.330770030000053 52.562561295000080)","Unfall 198421 (2019) Kat:2, Licht: 0","198421","2","2","5","08","15","5","0","0","1","1","0","0"
"POINT (13.242398682000044 52.528036435000047)","Unfall 198422 (2019) Kat:3, Licht: 0","198422","3","3","5","08","16","5","0","0","0","1","0","0"
"POINT (13.485777950000056 52.520783030000075)","Unfall 198423 (2019) Kat:3, Licht: 0","198423","3","3","5","08","16","5","0","0","1","1","0","0"
"POINT (13.256646511000042 52.626657554000076)","Unfall 198424 (2019) Kat:3, Licht: 0","198424","3","7","0","08","12","5","0","0","0","1","0","0"
"POINT (13.470806101000051 52.531924185000037)","Unfall 198425 (2019) Kat:2, Licht: 0","198425","2","1","0","08","17","5","0","0","0","0","0","1"
"POINT (13.395263685000032 52.496882611000046)","Unfall 198426 (2019) Kat:3, Licht: 0","198426","3","2","5","08","09","5","0","0","1","1","0","0"
"POINT (13.455500113000028 52.500503554000034)","Unfall 198427 (2019) Kat:3, Licht: 0","198427","3","4","0","08","16","5","0","0","1","0","1","0"
"POINT (13.393583133000050 52.465566726000077)","Unfall 198428 (2019) Kat:2, Licht: 0","198428","2","5","1","08","09","5","0","0","0","1","0","1"
"POINT (13.391938595000056 52.530023841000059)","Unfall 198429 (2019) Kat:3, Licht: 0","198429","3","3","5","08","09","5","0","0","1","0","0","0"
"POINT (13.440639317000034 52.517114505000052)","Unfall 198430 (2019) Kat:3, Licht: 0","198430","3","2","5","08","16","5","0","0","0","1","0","1"
"POINT (13.319296138000027 52.513581283000065)","Unfall 198431 (2019) Kat:3, Licht: 0","198431","3","6","2","08","08","5","0","0","0","1","0","0"
"POINT (13.304086185000074 52.504070464000051)","Unfall 198432 (2019) Kat:3, Licht: 0","198432","3","6","2","08","16","5","0","0","0","1","0","0"
"POINT (13.376821790000065 52.478999082000030)","Unfall 198433 (2019) Kat:3, Licht: 0","198433","3","6","2","08","08","5","0","0","1","1","0","0"
"POINT (13.217475549000028 52.537979915000051)","Unfall 198434 (2019) Kat:3, Licht: 0","198434","3","6","2","08","16","5","0","0","0","1","0","0"
"POINT (13.524620265000067 52.439322014000027)","Unfall 198435 (2019) Kat:3, Licht: 0","198435","3","6","3","08","08","5","0","0","1","0","0","0"
"POINT (13.374738569000044 52.485039711000070)","Unfall 198436 (2019) Kat:2, Licht: 0","198436","2","3","5","08","15","5","0","0","1","0","0","1"
"POINT (13.328942908000045 52.566732453000043)","Unfall 198437 (2019) Kat:3, Licht: 0","198437","3","4","6","08","08","5","0","0","0","1","1","0"
"POINT (13.385999656000024 52.490074453000034)","Unfall 198438 (2019) Kat:3, Licht: 0","198438","3","1","0","08","07","5","0","0","1","0","0","0"
"POINT (13.594163590000051 52.533589343000074)","Unfall 198439 (2019) Kat:3, Licht: 0","198439","3","6","2","08","15","5","0","0","0","1","0","0"
"POINT (13.391598976000068 52.555135970000038)","Unfall 198440 (2019) Kat:3, Licht: 0","198440","3","6","3","08","15","5","0","0","0","1","0","0"
"POINT (13.289024240000060 52.632878420000054)","Unfall 198441 (2019) Kat:3, Licht: 0","198441","3","3","5","08","07","5","0","0","1","1","0","0"
"POINT (13.439819642000032 52.475200475000065)","Unfall 198442 (2019) Kat:3, Licht: 0","198442","3","2","5","08","07","5","0","0","1","1","0","0"
"POINT (13.419924163000076 52.498616943000059)","Unfall 198443 (2019) Kat:2, Licht: 2","198443","2","6","6","08","23","5","0","2","0","1","1","0"
"POINT (13.428273326000067 52.537101193000069)","Unfall 198444 (2019) Kat:3, Licht: 0","198444","3","5","1","08","07","5","0","0","1","1","0","0"
"POINT (13.414660100000049 52.493715488000078)","Unfall 198445 (2019) Kat:3, Licht: 2","198445","3","5","1","08","22","5","0","2","1","1","0","1"
"POINT (13.526633496000045 52.424590146000071)","Unfall 198446 (2019) Kat:3, Licht: 0","198446","3","3","5","08","05","5","0","0","1","1","0","0"
"POINT (13.353994135000050 52.547211628000071)","Unfall 198447 (2019) Kat:3, Licht: 0","198447","3","3","5","08","07","5","0","0","0","1","0","0"
"POINT (13.403342903000066 52.558033593000062)","Unfall 198448 (2019) Kat:3, Licht: 0","198448","3","6","2","08","10","5","0","0","1","1","0","0"
"POINT (13.436662776000048 52.449518452000063)","Unfall 198449 (2019) Kat:3, Licht: 0","198449","3","6","2","08","07","5","0","0","0","1","0","1"
"POINT (13.395265337000069 52.515140281000072)","Unfall 198450 (2019) Kat:2, Licht: 1","198450","2","4","6","08","18","4","0","1","1","0","1","0"
"POINT (13.322613973000045 52.485954289000063)","Unfall 198451 (2019) Kat:3, Licht: 1","198451","3","7","0","08","20","5","0","1","1","0","0","0"
"POINT (13.328540013000065 52.490932161000046)","Unfall 198452 (2019) Kat:3, Licht: 0","198452","3","3","5","08","08","4","0","0","0","1","0","0"
"POINT (13.395159298000067 52.515134655000054)","Unfall 198453 (2019) Kat:3, Licht: 1","198453","3","4","6","08","18","4","0","1","1","0","1","0"
"POINT (13.469368295000038 52.502387597000052)","Unfall 198454 (2019) Kat:3, Licht: 0","198454","3","2","5","08","19","5","0","0","1","0","0","1"
"POINT (13.390534456000069 52.506659734000038)","Unfall 198455 (2019) Kat:3, Licht: 0","198455","3","2","5","08","12","4","0","0","1","0","0","0"
"POINT (13.445607712000026 52.534629665000068)","Unfall 198456 (2019) Kat:2, Licht: 0","198456","2","3","5","08","18","5","0","0","1","0","0","0"
"POINT (13.326221802000077 52.459821181000052)","Unfall 198457 (2019) Kat:3, Licht: 0","198457","3","7","2","08","09","4","0","0","0","1","0","0"
"POINT (13.352414208000027 52.433359928000073)","Unfall 198458 (2019) Kat:3, Licht: 0","198458","3","6","2","08","18","5","0","0","0","1","0","0"
"POINT (13.338559114000077 52.432161818000054)","Unfall 198459 (2019) Kat:3, Licht: 0","198459","3","6","0","08","12","4","0","0","1","1","0","0"
"POINT (13.429375901000071 52.494628727000077)","Unfall 198460 (2019) Kat:3, Licht: 0","198460","3","2","5","08","18","5","0","0","0","1","0","1"
"POINT (13.320844156000021 52.565854983000065)","Unfall 198461 (2019) Kat:2, Licht: 2","198461","2","5","1","08","21","4","0","2","0","1","0","1"
"POINT (13.541321592000031 52.534436843000037)","Unfall 198462 (2019) Kat:2, Licht: 2","198462","2","2","5","08","21","4","0","2","0","1","0","1"
"POINT (13.377942895000047 52.468470159000049)","Unfall 198463 (2019) Kat:3, Licht: 0","198463","3","6","2","08","14","5","0","0","0","1","0","0"
"POINT (13.278349731000048 52.488044217000038)","Unfall 198464 (2019) Kat:2, Licht: 0","198464","2","7","0","08","14","5","0","0","1","0","0","0"
"POINT (13.297911164000027 52.447468954000044)","Unfall 198465 (2019) Kat:3, Licht: 0","198465","3","3","5","08","19","4","0","0","1","1","0","0"
"POINT (13.421594939000045 52.498131921000038)","Unfall 198466 (2019) Kat:3, Licht: 0","198466","3","3","5","08","18","4","0","0","1","0","0","0"
"POINT (13.236257276000060 52.440052025000057)","Unfall 198467 (2019) Kat:3, Licht: 0","198467","3","5","0","08","14","5","0","0","0","0","0","1"
"POINT (13.306495506000033 52.492756829000029)","Unfall 198468 (2019) Kat:3, Licht: 0","198468","3","3","5","08","18","4","0","0","1","1","0","0"
"POINT (13.444693745000052 52.426317973000039)","Unfall 198469 (2019) Kat:3, Licht: 0","198469","3","3","5","08","14","5","0","0","0","1","0","0"
"POINT (13.538543250000032 52.557507768000050)","Unfall 198470 (2019) Kat:2, Licht: 0","198470","2","1","1","08","19","4","0","0","0","1","0","1"
"POINT (13.404391487000055 52.393819517000054)","Unfall 198471 (2019) Kat:2, Licht: 0","198471","2","5","1","08","13","5","0","0","0","1","0","1"
"POINT (13.363422467000078 52.568276188000027)","Unfall 198472 (2019) Kat:2, Licht: 0","198472","2","7","0","08","16","4","0","0","0","1","1","0"
"POINT (13.402933608000069 52.528996352000036)","Unfall 198473 (2019) Kat:3, Licht: 0","198473","3","4","6","08","13","5","0","0","1","0","1","0"
"POINT (13.371063643000070 52.470373326000072)","Unfall 198474 (2019) Kat:3, Licht: 0","198474","3","2","5","08","18","4","0","0","1","1","0","0"
"POINT (13.582488292000050 52.455354057000079)","Unfall 198475 (2019) Kat:3, Licht: 0","198475","3","6","3","08","12","5","0","0","0","1","0","0"
"POINT (13.375177423000025 52.536866843000041)","Unfall 198476 (2019) Kat:3, Licht: 0","198476","3","5","0","08","17","4","0","0","1","1","0","0"
"POINT (13.299775985000053 52.487428401000045)","Unfall 198477 (2019) Kat:3, Licht: 0","198477","3","6","2","08","10","5","0","0","0","1","0","0"
"POINT (13.442474202000028 52.504200055000069)","Unfall 198478 (2019) Kat:3, Licht: 0","198478","3","6","3","08","09","5","0","0","1","1","0","0"
"POINT (13.432696569000029 52.478352958000073)","Unfall 198479 (2019) Kat:3, Licht: 0","198479","3","2","5","08","09","5","0","0","1","1","0","0"
"POINT (13.315190163000068 52.465704037000080)","Unfall 198480 (2019) Kat:3, Licht: 0","198480","3","6","2","08","08","5","0","0","1","1","0","0"
"POINT (13.388454521000028 52.527423844000054)","Unfall 198481 (2019) Kat:3, Licht: 0","198481","3","6","2","08","08","5","0","0","0","1","0","1"
"POINT (13.452977354000041 52.567433932000029)","Unfall 198482 (2019) Kat:3, Licht: 0","198482","3","3","5","08","07","5","0","0","1","1","0","0"
"POINT (13.413511880000044 52.491791050000074)","Unfall 198483 (2019) Kat:3, Licht: 0","198483","3","6","2","08","07","5","0","0","0","1","0","0"
"POINT (13.401578454000060 52.506092395000053)","Unfall 198484 (2019) Kat:3, Licht: 0","198484","3","2","5","08","07","5","0","0","1","1","0","0"
"POINT (13.572803911000051 52.470483929000068)","Unfall 198485 (2019) Kat:3, Licht: 0","198485","3","2","5","08","07","5","0","0","1","1","0","0"
"POINT (13.520033160000025 52.570343115000071)","Unfall 198486 (2019) Kat:2, Licht: 0","198486","2","1","1","08","18","5","0","0","0","1","0","1"
"POINT (13.625646463000066 52.457540237000046)","Unfall 198487 (2019) Kat:2, Licht: 0","198487","2","3","0","08","16","5","0","0","0","1","0","1"
"POINT (13.320907997000063 52.443933355000070)","Unfall 198488 (2019) Kat:2, Licht: 0","198488","2","5","1","08","10","5","0","0","1","1","0","0"
"POINT (13.360929187000067 52.490178037000078)","Unfall 198489 (2019) Kat:2, Licht: 0","198489","2","1","0","08","14","5","0","0","1","0","0","0"
"POINT (13.187469514000043 52.514977674000079)","Unfall 198490 (2019) Kat:2, Licht: 0","198490","2","3","5","08","14","5","0","0","0","1","0","0"
"POINT (13.128246649000062 52.531061438000052)","Unfall 198491 (2019) Kat:2, Licht: 0","198491","2","3","5","08","13","5","0","0","0","1","0","1"
"POINT (13.491088371000046 52.423821502000067)","Unfall 198492 (2019) Kat:2, Licht: 0","198492","2","3","5","08","09","5","0","0","0","1","0","1"
"POINT (13.432284825000067 52.505620611000040)","Unfall 198493 (2019) Kat:2, Licht: 0","198493","2","6","2","08","07","5","0","0","0","1","0","1"
"POINT (13.361418673000060 52.555155052000032)","Unfall 198494 (2019) Kat:3, Licht: 0","198494","3","6","3","08","12","5","0","0","0","1","0","0"
"POINT (13.365600644000040 52.495337562000032)","Unfall 198495 (2019) Kat:3, Licht: 2","198495","3","5","1","08","05","5","0","2","1","1","0","0"
"POINT (13.199370659000067 52.539063789000068)","Unfall 198496 (2019) Kat:3, Licht: 0","198496","3","5","1","08","13","5","0","0","1","1","0","0"
"POINT (13.421255181000049 52.563487752000071)","Unfall 198497 (2019) Kat:3, Licht: 0","198497","3","4","6","08","07","4","0","0","1","0","1","0"
"POINT (13.452790076000042 52.475344861000053)","Unfall 198498 (2019) Kat:3, Licht: 0","198498","3","4","6","08","08","4","0","0","1","0","1","0"
"POINT (13.250214209000035 52.467048316000046)","Unfall 198499 (2019) Kat:3, Licht: 2","198499","3","5","1","08","21","4","0","2","1","1","0","0"
"POINT (13.350438268000062 52.513646791000042)","Unfall 198500 (2019) Kat:3, Licht: 1","198500","3","7","0","08","20","4","1","1","0","0","0","1"
"POINT (13.184597236000059 52.547524455000030)","Unfall 198501 (2019) Kat:3, Licht: 0","198501","3","2","0","08","20","4","0","0","0","1","0","1"
"POINT (13.347653685000068 52.486284359000081)","Unfall 198502 (2019) Kat:3, Licht: 0","198502","3","3","0","08","18","4","0","0","0","1","0","1"
"POINT (13.439880887000072 52.540801084000066)","Unfall 198503 (2019) Kat:3, Licht: 0","198503","3","4","6","08","17","4","0","0","1","0","1","0"
"POINT (13.415882725000074 52.492781560000026)","Unfall 198504 (2019) Kat:3, Licht: 0","198504","3","6","3","08","18","4","0","0","1","1","0","0"
"POINT (13.372726273000069 52.538413094000077)","Unfall 198505 (2019) Kat:3, Licht: 0","198505","3","6","2","08","18","4","0","0","0","1","0","1"
"POINT (13.633150694000051 52.522976893000077)","Unfall 198506 (2019) Kat:3, Licht: 0","198506","3","5","1","08","17","4","0","0","1","1","0","0"