WKT,Name,OBJECTID,UKATEGORIE,UTYP1,UART,UMONAT,USTUNDE,UWOCHENTAG,STRZUSTAND,ULICHTVERH,ISTRAD,ISTPKW,ISTFUSS,ISTKRAD
"POINT (13.475028439000027 52.501552878000041)","Unfall 198507 (2019) Kat:3, Licht: 0","198507","3","2","5","08","17","4","0","0","1","0","0","0"
"POINT (13.458957553000062 52.550156927000046)","Unfall 198508 (2019) Kat:3, Licht: 0","198508","3","2","6","08","15","4","0","0","0","1","1","0"
"POINT (13.454841160000058 52.523456417000034)","Unfall 198509 (2019) Kat:3, Licht: 0","198509","3","3","5","08","17","4","0","0","1","1","0","0"
"POINT (13.314863814000034 52.512805517000061)","Unfall 198510 (2019) Kat:3, Licht: 0","198510","3","6","2","08","16","4","0","0","0","1","0","0"
"POINT (13.331953329000044 52.575549794000040)","Unfall 198511 (2019) Kat:3, Licht: 0","198511","3","2","5","08","17","4","0","0","1","1","0","0"
"POINT (13.465125579000073 52.507751599000073)","Unfall 198512 (2019) Kat:3, Licht: 0","198512","3","6","2","08","16","4","0","0","0","0","0","0"
"POINT (13.435495258000060 52.521688362000077)","Unfall 198513 (2019) Kat:3, Licht: 0","198513","3","3","0","08","16","4","0","0","0","1","0","1"
"POINT (13.434898953000072 52.437429599000041)","Unfall 198514 (2019) Kat:3, Licht: 0","198514","3","3","5","08","16","4","0","0","0","1","0","0"
"POINT (13.326683729000024 52.484046870000043)","Unfall 198515 (2019) Kat:3, Licht: 0","198515","3","4","6","08","15","4","0","0","1","0","1","0"
"POINT (13.301234199000021 52.446090070000082)","Unfall 198516 (2019) Kat:3, Licht: 0","198516","3","1","0","08","15","4","0","0","1","0","0","0"
"POINT (13.444683957000052 52.463099688000057)","Unfall 198517 (2019) Kat:3, Licht: 0","198517","3","2","5","08","15","4","0","0","0","1","0","0"
"POINT (13.329324716000031 52.522656223000070)","Unfall 198518 (2019) Kat:3, Licht: 0","198518","3","6","0","08","15","4","0","0","0","1","0","1"
"POINT (13.460764356000027 52.523805666000044)","Unfall 198519 (2019) Kat:3, Licht: 0","198519","3","3","5","08","15","4","0","0","1","0","0","0"
"POINT (13.548962473000074 52.438229009000054)","Unfall 198520 (2019) Kat:3, Licht: 0","198520","3","1","0","08","14","4","0","0","1","0","0","0"
"POINT (13.509960648000060 52.470309460000067)","Unfall 198521 (2019) Kat:3, Licht: 0","198521","3","7","5","08","14","4","0","0","0","1","0","1"
"POINT (13.354500308000070 52.560940237000068)","Unfall 198522 (2019) Kat:3, Licht: 0","198522","3","5","1","08","14","4","0","0","0","1","0","0"
"POINT (13.611386232000029 52.456021657000065)","Unfall 198523 (2019) Kat:3, Licht: 0","198523","3","3","5","08","14","4","0","0","0","1","0","0"
"POINT (13.360602186000051 52.548583498000028)","Unfall 198524 (2019) Kat:3, Licht: 0","198524","3","3","5","08","13","4","0","0","0","1","0","0"
"POINT (13.286231894000025 52.480237518000081)","Unfall 198525 (2019) Kat:3, Licht: 0","198525","3","6","2","08","13","4","0","0","0","1","0","0"
"POINT (13.416341421000027 52.480483289000063)","Unfall 198526 (2019) Kat:3, Licht: 0","198526","3","2","5","08","13","4","0","0","1","1","0","0"
"POINT (13.247968076000063 52.545405638000034)","Unfall 198527 (2019) Kat:3, Licht: 0","198527","3","4","6","08","12","4","0","0","1","0","1","0"
"POINT (13.373552831000040 52.557019033000074)","Unfall 198528 (2019) Kat:3, Licht: 0","198528","3","5","1","08","12","4","0","0","1","1","0","0"
"POINT (13.397822996000059 52.495280081000033)","Unfall 198529 (2019) Kat:3, Licht: 0","198529","3","3","5","08","11","4","0","0","1","1","0","0"
"POINT (13.386293281000064 52.529959334000068)","Unfall 198530 (2019) Kat:3, Licht: 0","198530","3","4","6","08","11","4","0","0","0","0","1","0"
"POINT (13.426874411000028 52.475909504000072)","Unfall 198531 (2019) Kat:3, Licht: 0","198531","3","6","2","08","10","4","0","0","0","1","0","1"
"POINT (13.328656457000022 52.478599026000040)","Unfall 198532 (2019) Kat:3, Licht: 0","198532","3","2","5","08","10","4","0","0","1","1","0","0"
"POINT (13.305635405000032 52.479762518000030)","Unfall 198533 (2019) Kat:3, Licht: 0","198533","3","2","5","08","10","4","0","0","1","0","0","0"
"POINT (13.390024267000058 52.525684971000032)","Unfall 198534 (2019) Kat:3, Licht: 0","198534","3","2","5","08","09","4","0","0","1","1","0","0"
"POINT (13.291618834000076 52.595783901000061)","Unfall 198535 (2019) Kat:3, Licht: 0","198535","3","6","4","08","09","4","0","0","1","0","0","0"
"POINT (13.454255475000025 52.532411998000043)","Unfall 198536 (2019) Kat:3, Licht: 0","198536","3","4","6","08","08","4","0","0","0","1","1","0"
"POINT (13.342004167000027 52.552311713000051)","Unfall 198537 (2019) Kat:3, Licht: 0","198537","3","7","2","08","08","4","0","0","0","1","0","0"
"POINT (13.373208908000038 52.538098080000054)","Unfall 198538 (2019) Kat:3, Licht: 0","198538","3","4","6","08","07","4","0","0","1","0","1","0"
"POINT (13.385197883000046 52.550215180000066)","Unfall 198539 (2019) Kat:3, Licht: 0","198539","3","5","1","08","07","4","0","0","1","0","0","0"
"POINT (13.232303209000065 52.539578959000039)","Unfall 198540 (2019) Kat:3, Licht: 0","198540","3","6","3","08","07","4","0","0","0","1","0","0"
"POINT (13.362110120000068 52.447309582000059)","Unfall 198541 (2019) Kat:3, Licht: 2","198541","3","1","8","08","01","4","0","2","0","1","0","0"
"POINT (13.424861639000028 52.481958118000080)","Unfall 198542 (2019) Kat:3, Licht: 2","198542","3","2","5","08","01","4","0","2","0","1","0","0"
"POINT (13.366170648000036 52.523944211000071)","Unfall 198543 (2019) Kat:3, Licht: 1","198543","3","2","5","08","20","4","0","1","1","1","0","0"
"POINT (13.459254024000074 52.501194784000063)","Unfall 198544 (2019) Kat:3, Licht: 0","198544","3","2","0","08","12","4","0","0","1","1","0","0"
"POINT (13.199725946000058 52.534568191000062)","Unfall 198545 (2019) Kat:2, Licht: 0","198545","2","3","5","08","17","4","0","0","1","1","0","0"
"POINT (13.501091879000057 52.460435681000035)","Unfall 198546 (2019) Kat:2, Licht: 0","198546","2","6","3","08","14","4","0","0","1","0","0","0"
"POINT (13.349680038000031 52.557263078000062)","Unfall 198547 (2019) Kat:2, Licht: 0","198547","2","4","6","08","12","4","0","0","0","0","1","1"
"POINT (13.588994147000051 52.511254690000044)","Unfall 198548 (2019) Kat:2, Licht: 0","198548","2","3","5","08","07","4","0","0","1","1","0","0"
"POINT (13.511654564000025 52.550727105000078)","Unfall 198549 (2019) Kat:2, Licht: 0","198549","2","3","5","08","06","4","0","0","1","1","0","0"
"POINT (13.309929957000065 52.523250195000060)","Unfall 198550 (2019) Kat:3, Licht: 0","198550","3","2","2","08","08","3","0","0","0","1","0","1"
"POINT (13.279648055000052 52.429767516000027)","Unfall 198551 (2019) Kat:3, Licht: 0","198551","3","2","5","08","07","3","0","0","1","1","0","0"
"POINT (13.304164332000028 52.526697030000037)","Unfall 198552 (2019) Kat:3, Licht: 2","198552","3","3","5","08","20","3","0","2","0","1","0","0"
"POINT (13.417380222000077 52.515698659000066)","Unfall 198553 (2019) Kat:3, Licht: 1","198553","3","1","0","08","19","3","0","1","1","0","0","0"
"POINT (13.254901529000051 52.520826293000027)","Unfall 198554 (2019) Kat:3, Licht: 1","198554","3","5","1","08","19","3","0","1","1","1","0","0"
"POINT (13.427941852000060 52.545506986000078)","Unfall 198555 (2019) Kat:3, Licht: 0","198555","3","6","3","08","19","3","0","0","1","0","0","0"
"POINT (13.380122476000054 52.519907078000074)","Unfall 198556 (2019) Kat:3, Licht: 0","198556","3","1","0","08","18","3","0","0","1","0","0","0"
"POINT (13.410835061000057 52.526892616000055)","Unfall 198557 (2019) Kat:3, Licht: 0","198557","3","5","1","08","18","3","0","0","1","1","0","0"
"POINT (13.379546593000043 52.522580162000054)","Unfall 198558 (2019) Kat:3, Licht: 0","198558","3","2","6","08","17","3","0","0","0","1","1","0"
"POINT (13.406199494000077 52.581782363000059)","Unfall 198559 (2019) Kat:3, Licht: 0","198559","3","3","5","08","17","3","0","0","0","1","0","1"
"POINT (13.358567442000037 52.540116650000073)","Unfall 198560 (2019) Kat:3, Licht: 0","198560","3","6","2","08","17","3","0","0","1","1","0","0"
"POINT (13.302742018000060 52.506079817000057)","Unfall 198561 (2019) Kat:3, Licht: 0","198561","3","4","6","08","17","3","0","0","0","1","1","0"
"POINT (13.457937528000059 52.431215609000049)","Unfall 198562 (2019) Kat:3, Licht: 0","198562","3","6","2","08","17","3","0","0","0","1","0","0"
"POINT (13.323309620000032 52.516003581000064)","Unfall 198563 (2019) Kat:3, Licht: 0","198563","3","3","5","08","16","3","0","0","1","1","0","0"
"POINT (13.530983338000055 52.415594775000045)","Unfall 198564 (2019) Kat:3, Licht: 0","198564","3","2","5","08","16","3","0","0","0","1","0","0"
"POINT (13.291478718000064 52.475101531000064)","Unfall 198565 (2019) Kat:3, Licht: 0","198565","3","2","5","08","16","3","0","0","1","1","0","0"
"POINT (13.385709346000056 52.478200872000059)","Unfall 198566 (2019) Kat:3, Licht: 0","198566","3","2","5","08","16","3","0","0","1","1","0","0"
"POINT (13.556535409000048 52.533020857000054)","Unfall 198567 (2019) Kat:3, Licht: 0","198567","3","5","1","08","15","3","0","0","1","1","0","0"
"POINT (13.297322216000055 52.511124781000035)","Unfall 198568 (2019) Kat:3, Licht: 0","198568","3","2","5","08","09","3","0","0","1","1","0","0"
"POINT (13.372010745000068 52.492443344000037)","Unfall 198569 (2019) Kat:2, Licht: 0","198569","2","7","0","08","12","1","0","0","1","0","0","0"
"POINT (13.365500703000066 52.557117862000041)","Unfall 198570 (2019) Kat:3, Licht: 2","198570","3","3","5","08","04","3","1","2","0","1","0","0"
"POINT (13.450707747000024 52.591260801000033)","Unfall 198571 (2019) Kat:3, Licht: 0","198571","3","3","0","08","15","3","0","0","0","1","0","1"
"POINT (13.343865544000039 52.464824432000057)","Unfall 198572 (2019) Kat:3, Licht: 0","198572","3","5","0","08","14","3","0","0","1","1","0","0"
"POINT (13.399738581000065 52.456012462000047)","Unfall 198573 (2019) Kat:3, Licht: 0","198573","3","3","5","08","14","3","0","0","0","1","0","0"
"POINT (13.365808584000035 52.503066063000063)","Unfall 198574 (2019) Kat:3, Licht: 0","198574","3","2","5","08","14","3","0","0","1","1","0","0"
"POINT (13.496248292000075 52.415610780000065)","Unfall 198575 (2019) Kat:3, Licht: 0","198575","3","4","6","08","14","3","0","0","0","1","1","0"
"POINT (13.620845765000070 52.530939881000052)","Unfall 198576 (2019) Kat:3, Licht: 0","198576","3","2","5","08","13","3","0","0","1","1","0","0"
"POINT (13.380050750000066 52.532777946000067)","Unfall 198577 (2019) Kat:3, Licht: 0","198577","3","3","5","08","12","3","0","0","0","1","0","1"
"POINT (13.325235226000075 52.541497572000026)","Unfall 198578 (2019) Kat:3, Licht: 0","198578","3","6","2","08","12","3","0","0","0","1","0","0"
"POINT (13.440222632000030 52.555999043000043)","Unfall 198579 (2019) Kat:3, Licht: 0","198579","3","6","2","08","12","3","0","0","0","1","0","0"
"POINT (13.365380652000056 52.556809758000043)","Unfall 198580 (2019) Kat:3, Licht: 1","198580","3","3","5","08","05","3","0","1","1","1","0","0"
"POINT (13.363568390000069 52.478317508000032)","Unfall 198581 (2019) Kat:3, Licht: 0","198581","3","6","3","08","11","3","0","0","1","0","0","0"
"POINT (13.273903668000059 52.509680985000045)","Unfall 198582 (2019) Kat:3, Licht: 0","198582","3","3","5","08","11","3","0","0","0","1","0","0"
"POINT (13.335535888000038 52.408755795000047)","Unfall 198583 (2019) Kat:3, Licht: 0","198583","3","3","5","08","10","3","0","0","1","1","0","0"
"POINT (13.326872606000052 52.464939024000046)","Unfall 198584 (2019) Kat:3, Licht: 0","198584","3","6","4","08","10","3","0","0","1","0","0","0"
"POINT (13.522132464000038 52.402456399000073)","Unfall 198585 (2019) Kat:3, Licht: 0","198585","3","3","5","08","09","3","0","0","0","1","0","0"
"POINT (13.310411684000030 52.430960989000027)","Unfall 198586 (2019) Kat:3, Licht: 0","198586","3","4","6","08","09","3","0","0","1","0","1","0"
"POINT (13.398813730000029 52.570594272000051)","Unfall 198587 (2019) Kat:3, Licht: 0","198587","3","2","5","08","08","3","0","0","0","1","0","1"
"POINT (13.329503061000025 52.532988606000060)","Unfall 198588 (2019) Kat:3, Licht: 0","198588","3","7","5","08","08","3","0","0","0","1","0","1"
"POINT (13.355682370000068 52.457309327000075)","Unfall 198589 (2019) Kat:3, Licht: 0","198589","3","4","6","08","07","3","0","0","1","0","1","0"
"POINT (13.304505011000060 52.499448374000053)","Unfall 198590 (2019) Kat:3, Licht: 0","198590","3","6","3","08","08","3","0","0","1","0","0","0"
"POINT (13.491920277000077 52.420435237000049)","Unfall 198591 (2019) Kat:3, Licht: 0","198591","3","2","5","08","07","3","0","0","1","0","0","0"
"POINT (13.485780346000070 52.615841586000045)","Unfall 198592 (2019) Kat:3, Licht: 0","198592","3","2","5","08","07","3","0","0","1","0","0","0"
"POINT (13.419278886000029 52.508000111000058)","Unfall 198593 (2019) Kat:3, Licht: 0","198593","3","5","5","08","07","3","0","0","1","1","0","0"
"POINT (13.415889199000048 52.527412040000058)","Unfall 198594 (2019) Kat:3, Licht: 0","198594","3","6","3","08","06","3","0","0","0","1","0","1"
"POINT (13.492482930000051 52.516288529000064)","Unfall 198595 (2019) Kat:2, Licht: 0","198595","2","3","0","08","16","3","0","0","1","0","0","0"
"POINT (13.565769331000070 52.570388690000073)","Unfall 198596 (2019) Kat:3, Licht: 1","198596","3","2","5","08","06","3","0","1","1","0","0","0"
"POINT (13.301613399000075 52.580027881000035)","Unfall 198597 (2019) Kat:2, Licht: 0","198597","2","6","8","08","13","3","0","0","0","1","0","0"
"POINT (13.500826860000075 52.456494149000036)","Unfall 198598 (2019) Kat:2, Licht: 0","198598","2","5","1","08","09","3","0","0","1","0","0","0"
"POINT (13.421722456000055 52.500622195000062)","Unfall 198599 (2019) Kat:3, Licht: 0","198599","3","5","1","08","09","3","0","0","1","1","0","0"
"POINT (13.337718348000067 52.467052167000077)","Unfall 198600 (2019) Kat:3, Licht: 0","198600","3","6","2","08","10","3","0","0","0","1","0","0"
"POINT (13.366432710000026 52.563917690000039)","Unfall 198601 (2019) Kat:3, Licht: 0","198601","3","4","6","08","15","2","0","0","0","0","1","1"
"POINT (13.237487804000068 52.444089750000046)","Unfall 198602 (2019) Kat:3, Licht: 0","198602","3","7","6","08","18","2","0","0","1","0","1","0"
"POINT (13.261727928000028 52.416437209000037)","Unfall 198603 (2019) Kat:3, Licht: 0","198603","3","6","2","08","18","2","0","0","1","1","0","0"
"POINT (13.362981582000032 52.566647373000080)","Unfall 198604 (2019) Kat:3, Licht: 0","198604","3","2","5","08","17","2","0","0","1","0","0","0"
"POINT (13.421548791000077 52.500668988000029)","Unfall 198605 (2019) Kat:3, Licht: 0","198605","3","3","5","08","17","2","0","0","1","1","0","0"
"POINT (13.457337186000075 52.524461331000055)","Unfall 198606 (2019) Kat:3, Licht: 0","198606","3","7","2","08","17","2","0","0","0","1","0","0"
"POINT (13.250300116000062 52.421282036000036)","Unfall 198607 (2019) Kat:3, Licht: 0","198607","3","6","2","08","16","2","0","0","1","1","0","0"
"POINT (13.328192827000066 52.473395103000030)","Unfall 198608 (2019) Kat:3, Licht: 0","198608","3","7","0","08","16","2","0","0","1","0","0","0"
"POINT (13.324339771000041 52.526510684000073)","Unfall 198609 (2019) Kat:3, Licht: 0","198609","3","3","5","08","16","2","0","0","1","0","0","0"
"POINT (13.280932647000043 52.478733471000055)","Unfall 198610 (2019) Kat:3, Licht: 0","198610","3","5","1","08","16","2","0","0","0","1","0","0"
"POINT (13.501596122000024 52.493045777000077)","Unfall 198611 (2019) Kat:3, Licht: 0","198611","3","7","0","08","10","2","0","0","1","0","0","0"
"POINT (13.373614969000073 52.556772664000050)","Unfall 198612 (2019) Kat:3, Licht: 0","198612","3","4","0","09","12","2","0","0","0","0","1","0"
"POINT (13.383834283000056 52.555013839000026)","Unfall 198613 (2019) Kat:3, Licht: 2","198613","3","3","5","08","20","2","0","2","1","1","0","0"
"POINT (13.518108826000059 52.443753753000067)","Unfall 198614 (2019) Kat:3, Licht: 0","198614","3","3","5","09","15","2","0","0","1","1","0","0"
"POINT (13.485828271000059 52.518529481000030)","Unfall 198615 (2019) Kat:3, Licht: 0","198615","3","2","3","09","07","2","0","0","1","1","0","0"
"POINT (13.508348761000036 52.564342432000046)","Unfall 198616 (2019) Kat:3, Licht: 0","198616","3","6","2","08","16","2","0","0","0","1","0","0"
"POINT (13.472475934000045 52.508524311000031)","Unfall 198617 (2019) Kat:3, Licht: 0","198617","3","2","5","08","15","2","0","0","1","0","0","1"
"POINT (13.308893844000067 52.490765267000029)","Unfall 198618 (2019) Kat:3, Licht: 0","198618","3","2","2","09","11","2","0","0","0","1","0","0"
"POINT (13.268795602000068 52.447557097000072)","Unfall 198619 (2019) Kat:3, Licht: 0","198619","3","6","2","09","11","2","0","0","0","1","0","1"
"POINT (13.618828428000029 52.531105993000040)","Unfall 198620 (2019) Kat:3, Licht: 0","198620","3","6","2","08","15","2","0","0","0","1","0","0"
"POINT (13.366056136000054 52.435296132000076)","Unfall 198621 (2019) Kat:2, Licht: 0","198621","2","6","2","09","10","2","0","0","0","1","0","0"
"POINT (13.569176203000040 52.442683483000053)","Unfall 198622 (2019) Kat:3, Licht: 0","198622","3","3","0","08","15","2","0","0","1","1","0","0"
"POINT (13.391274624000062 52.536202433000028)","Unfall 198623 (2019) Kat:3, Licht: 0","198623","3","2","2","09","11","2","0","0","0","1","0","0"
"POINT (13.383812970000065 52.551231270000073)","Unfall 198624 (2019) Kat:3, Licht: 0","198624","3","6","2","08","15","2","0","0","0","1","0","0"
"POINT (13.490019541000038 52.420077089000074)","Unfall 198625 (2019) Kat:3, Licht: 0","198625","3","3","5","09","11","2","0","0","0","1","0","0"
"POINT (13.212593656000024 52.573214073000031)","Unfall 198626 (2019) Kat:3, Licht: 0","198626","3","3","5","08","15","2","0","0","1","1","0","0"
"POINT (13.329480901000068 52.563304049000067)","Unfall 198627 (2019) Kat:3, Licht: 0","198627","3","6","3","09","11","2","0","0","0","1","0","0"
"POINT (13.366372241000022 52.488276736000046)","Unfall 198628 (2019) Kat:3, Licht: 0","198628","3","7","2","09","07","2","0","0","0","0","0","1"
"POINT (13.287152495000043 52.432502602000056)","Unfall 198629 (2019) Kat:3, Licht: 0","198629","3","1","0","08","14","2","0","0","1","0","0","0"
"POINT (13.328318780000075 52.522249624000040)","Unfall 198630 (2019) Kat:3, Licht: 0","198630","3","3","5","08","12","2","0","0","1","1","0","0"
"POINT (13.574679720000063 52.448362154000051)","Unfall 198631 (2019) Kat:3, Licht: 0","198631","3","1","0","09","10","2","0","0","1","0","0","0"
"POINT (13.389576318000024 52.512343599000076)","Unfall 198632 (2019) Kat:3, Licht: 0","198632","3","6","2","08","11","2","0","0","1","1","0","0"
"POINT (13.386785978000034 52.514601330000062)","Unfall 198633 (2019) Kat:3, Licht: 0","198633","3","5","1","09","07","2","0","0","1","1","0","0"
"POINT (13.458094483000025 52.519448461000081)","Unfall 198634 (2019) Kat:3, Licht: 0","198634","3","3","5","08","13","2","0","0","1","1","0","0"
"POINT (13.506960691000074 52.447144536000053)","Unfall 198635 (2019) Kat:3, Licht: 0","198635","3","3","5","09","14","2","0","0","1","1","0","0"
"POINT (13.271057620000022 52.438780737000059)","Unfall 198636 (2019) Kat:2, Licht: 0","198636","2","2","5","08","11","2","0","0","1","1","0","0"
"POINT (13.393091562000052 52.532105093000041)","Unfall 198637 (2019) Kat:3, Licht: 0","198637","3","1","0","09","10","2","0","0","1","1","0","0"
"POINT (13.477352013000029 52.530942034000077)","Unfall 198638 (2019) Kat:3, Licht: 0","198638","3","6","0","08","10","2","0","0","0","1","0","1"
"POINT (13.600488925000036 52.476598459000058)","Unfall 198639 (2019) Kat:3, Licht: 0","198639","3","6","2","09","10","2","0","0","0","0","0","1"
"POINT (13.348983144000044 52.514792081000053)","Unfall 198640 (2019) Kat:3, Licht: 0","198640","3","3","5","09","14","2","0","0","0","1","0","1"
"POINT (13.474343809000061 52.510658503000059)","Unfall 198641 (2019) Kat:3, Licht: 0","198641","3","5","5","08","10","2","0","0","1","0","0","0"
"POINT (13.410521840000058 52.498590497000066)","Unfall 198642 (2019) Kat:3, Licht: 0","198642","3","3","5","09","10","2","0","0","0","1","0","0"
"POINT (13.483614803000023 52.431214903000068)","Unfall 198643 (2019) Kat:3, Licht: 0","198643","3","3","5","08","09","2","0","0","0","1","0","0"
"POINT (13.560387008000077 52.486781579000080)","Unfall 198644 (2019) Kat:3, Licht: 0","198644","3","6","2","09","09","2","0","0","1","1","0","0"
"POINT (13.350940085000047 52.524349629000028)","Unfall 198645 (2019) Kat:2, Licht: 0","198645","2","2","5","09","09","2","0","0","0","1","0","1"
"POINT (13.330251854000039 52.513213082000050)","Unfall 198646 (2019) Kat:3, Licht: 0","198646","3","1","0","08","09","2","0","0","1","0","0","0"
"POINT (13.268767975000060 52.511681545000044)","Unfall 198647 (2019) Kat:2, Licht: 0","198647","2","7","6","09","09","2","0","0","0","0","1","0"
"POINT (13.313615245000051 52.572496389000037)","Unfall 198648 (2019) Kat:3, Licht: 0","198648","3","1","1","08","08","2","0","0","0","1","0","0"
"POINT (13.331024887000069 52.490635825000027)","Unfall 198649 (2019) Kat:3, Licht: 0","198649","3","6","2","09","08","2","0","0","0","1","0","1"
"POINT (13.407247865000045 52.498476400000072)","Unfall 198650 (2019) Kat:3, Licht: 0","198650","3","6","2","08","08","2","0","0","0","1","0","0"
"POINT (13.577511522000066 52.444077233000030)","Unfall 198651 (2019) Kat:2, Licht: 0","198651","2","6","2","09","08","2","0","0","0","1","0","0"
"POINT (13.315275213000064 52.490647883000065)","Unfall 198652 (2019) Kat:3, Licht: 0","198652","3","2","5","08","07","2","0","0","1","1","0","0"
"POINT (13.287310179000031 52.513000837000050)","Unfall 198653 (2019) Kat:3, Licht: 0","198653","3","2","5","09","08","2","0","0","1","1","0","0"
"POINT (13.354713083000036 52.458697628000039)","Unfall 198654 (2019) Kat:2, Licht: 0","198654","2","7","9","09","10","2","0","0","0","1","0","0"
"POINT (13.326372697000068 52.427727151000056)","Unfall 198655 (2019) Kat:3, Licht: 0","198655","3","2","5","08","07","2","0","0","1","1","0","0"
"POINT (13.431094099000063 52.512763070000062)","Unfall 198656 (2019) Kat:3, Licht: 1","198656","3","2","5","08","05","2","0","1","0","1","0","1"
"POINT (13.404124641000067 52.495575957000028)","Unfall 198657 (2019) Kat:3, Licht: 0","198657","3","7","6","09","13","1","0","0","0","0","1","0"
"POINT (13.456627360000027 52.511795115000041)","Unfall 198658 (2019) Kat:3, Licht: 2","198658","3","1","0","08","00","2","0","2","0","0","0","1"
"POINT (13.413729159000070 52.532306542000072)","Unfall 198659 (2019) Kat:3, Licht: 2","198659","3","3","5","09","00","1","0","2","0","1","0","0"
"POINT (13.422023568000043 52.573581653000076)","Unfall 198660 (2019) Kat:3, Licht: 2","198660","3","1","0","08","23","2","1","2","1","0","0","0"
"POINT (13.299173048000057 52.419715270000040)","Unfall 198661 (2019) Kat:2, Licht: 0","198661","2","4","6","09","17","1","0","0","0","1","1","0"
"POINT (13.365657047000070 52.556828505000055)","Unfall 198662 (2019) Kat:3, Licht: 2","198662","3","3","5","08","21","2","1","2","1","1","0","0"
"POINT (13.356169305000037 52.542032143000029)","Unfall 198663 (2019) Kat:3, Licht: 2","198663","3","4","6","09","20","1","0","2","1","0","1","0"
"POINT (13.285264168000026 52.512874640000064)","Unfall 198664 (2019) Kat:3, Licht: 0","198664","3","2","5","09","18","1","0","0","1","1","0","0"
"POINT (13.521473801000070 52.513309933000073)","Unfall 198665 (2019) Kat:3, Licht: 1","198665","3","7","0","08","20","2","1","1","1","1","0","0"
"POINT (13.439754685000025 52.481550654000046)","Unfall 198666 (2019) Kat:3, Licht: 0","198666","3","6","0","09","18","1","0","0","0","1","0","0"
"POINT (13.339535687000023 52.450854964000030)","Unfall 198667 (2019) Kat:3, Licht: 2","198667","3","5","1","08","19","2","1","2","1","0","0","0"
"POINT (13.565622923000035 52.570438428000045)","Unfall 198668 (2019) Kat:3, Licht: 0","198668","3","2","5","09","17","1","0","0","0","1","0","0"
"POINT (13.227690363000022 52.558785382000053)","Unfall 198669 (2019) Kat:3, Licht: 0","198669","3","2","3","08","18","2","0","0","0","1","0","0"
"POINT (13.576065675000052 52.540190391000067)","Unfall 198670 (2019) Kat:3, Licht: 0","198670","3","6","6","09","16","1","0","0","1","0","1","0"
"POINT (13.372582379000050 52.568230220000032)","Unfall 198671 (2019) Kat:2, Licht: 2","198671","2","3","5","08","22","2","1","2","0","1","0","0"
"POINT (13.523426337000046 52.497416965000070)","Unfall 198672 (2019) Kat:3, Licht: 0","198672","3","3","5","09","11","1","0","0","1","1","0","0"
"POINT (13.394453855000052 52.506965392000041)","Unfall 198673 (2019) Kat:3, Licht: 0","198673","3","3","5","09","11","1","0","0","1","1","0","0"
"POINT (13.458138032000022 52.513122377000059)","Unfall 198674 (2019) Kat:2, Licht: 2","198674","2","1","1","08","20","2","1","2","0","1","0","1"
"POINT (13.214592156000037 52.538298501000043)","Unfall 198675 (2019) Kat:3, Licht: 0","198675","3","2","5","09","10","1","0","0","1","1","0","0"
"POINT (13.198535268000057 52.542880799000045)","Unfall 198676 (2019) Kat:2, Licht: 1","198676","2","2","5","08","20","2","1","1","0","1","0","1"
"POINT (13.378701661000036 52.534053627000048)","Unfall 198677 (2019) Kat:3, Licht: 0","198677","3","5","1","09","10","1","0","0","1","1","0","0"
"POINT (13.604467970000030 52.537634749000063)","Unfall 198678 (2019) Kat:3, Licht: 0","198678","3","6","3","08","17","2","0","0","0","1","0","1"
"POINT (13.497147270000028 52.458341414000074)","Unfall 198679 (2019) Kat:3, Licht: 0","198679","3","6","2","09","08","1","0","0","0","1","0","0"
"POINT (13.431619670000032 52.603350125000077)","Unfall 198680 (2019) Kat:2, Licht: 0","198680","2","6","3","08","14","2","0","0","1","0","0","0"
"POINT (13.475590420000060 52.512057871000081)","Unfall 198681 (2019) Kat:3, Licht: 2","198681","3","6","2","08","22","7","0","2","0","1","0","1"
"POINT (13.406422548000023 52.524983309000049)","Unfall 198682 (2019) Kat:2, Licht: 2","198682","2","3","5","08","21","7","0","2","1","0","0","0"
"POINT (13.437777690000075 52.478631181000026)","Unfall 198683 (2019) Kat:2, Licht: 0","198683","2","6","2","08","13","2","0","0","1","1","0","0"
"POINT (13.313534802000049 52.517831469000043)","Unfall 198684 (2019) Kat:2, Licht: 0","198684","2","6","3","08","08","2","0","0","1","1","0","0"
"POINT (13.469978128000037 52.506340827000031)","Unfall 198685 (2019) Kat:3, Licht: 2","198685","3","1","0","08","21","7","0","2","0","0","0","1"
"POINT (13.374621720000050 52.585226647000070)","Unfall 198686 (2019) Kat:3, Licht: 1","198686","3","5","1","08","20","7","0","1","0","1","0","0"
"POINT (13.410219245000064 52.399251395000078)","Unfall 198687 (2019) Kat:3, Licht: 1","198687","3","3","0","08","05","2","0","1","0","1","0","1"
"POINT (13.524088040000038 52.565298176000056)","Unfall 198688 (2019) Kat:2, Licht: 1","198688","2","7","0","08","19","7","0","1","0","0","1","0"
"POINT (13.376701943000057 52.510719560000041)","Unfall 198689 (2019) Kat:3, Licht: 0","198689","3","2","6","08","07","2","0","0","1","0","1","0"
"POINT (13.295949611000026 52.481173607000073)","Unfall 198690 (2019) Kat:3, Licht: 0","198690","3","3","5","08","18","7","0","0","0","1","0","0"
"POINT (13.436054913000078 52.449291875000029)","Unfall 198691 (2019) Kat:2, Licht: 0","198691","2","3","5","08","18","7","0","0","1","0","0","0"