WKT,Name,OBJECTID,UKATEGORIE,UTYP1,UART,UMONAT,USTUNDE,UWOCHENTAG,STRZUSTAND,ULICHTVERH,ISTRAD,ISTPKW,ISTFUSS,ISTKRAD
"POINT (13.431536890000075 52.467127371000061)","Unfall 198692 (2019) Kat:3, Licht: 0","198692","3","6","2","08","13","1","0","0","0","1","0","1"
"POINT (13.445262762000027 52.468066913000030)","Unfall 198693 (2019) Kat:3, Licht: 0","198693","3","5","1","08","17","7","0","0","1","0","0","0"
"POINT (13.577894718000039 52.497631643000034)","Unfall 198694 (2019) Kat:3, Licht: 0","198694","3","2","5","08","17","7","0","0","1","1","0","0"
"POINT (13.270491603000039 52.451020867000068)","Unfall 198695 (2019) Kat:3, Licht: 0","198695","3","2","5","08","08","1","0","0","1","1","0","0"
"POINT (13.328942484000038 52.503376256000081)","Unfall 198696 (2019) Kat:3, Licht: 0","198696","3","6","2","08","17","7","0","0","1","1","0","0"
"POINT (13.334088456000075 52.504465918000051)","Unfall 198697 (2019) Kat:3, Licht: 2","198697","3","6","2","08","23","1","0","2","0","1","0","0"
"POINT (13.529734928000039 52.569839719000072)","Unfall 198698 (2019) Kat:2, Licht: 0","198698","2","3","5","08","16","7","0","0","0","1","0","1"
"POINT (13.344190466000043 52.546158739000077)","Unfall 198699 (2019) Kat:3, Licht: 0","198699","3","3","5","08","15","7","0","0","1","0","0","1"
"POINT (13.334843217000071 52.524613799000065)","Unfall 198700 (2019) Kat:3, Licht: 2","198700","3","3","5","08","22","1","0","2","1","0","0","1"
"POINT (13.419991366000033 52.508175141000038)","Unfall 198701 (2019) Kat:3, Licht: 0","198701","3","1","0","08","14","7","0","0","0","0","0","1"
"POINT (13.335099885000034 52.462692208000078)","Unfall 198702 (2019) Kat:3, Licht: 0","198702","3","2","0","08","19","1","0","0","1","1","0","0"
"POINT (13.391501810000022 52.550314996000054)","Unfall 198703 (2019) Kat:3, Licht: 0","198703","3","3","5","08","13","7","0","0","1","1","0","0"
"POINT (13.342401429000063 52.504879044000063)","Unfall 198704 (2019) Kat:3, Licht: 0","198704","3","5","1","08","18","1","0","0","1","1","0","0"
"POINT (13.427068162000069 52.420626975000062)","Unfall 198705 (2019) Kat:3, Licht: 0","198705","3","4","6","08","13","7","0","0","1","0","1","0"
"POINT (13.315121639000040 52.490781262000041)","Unfall 198706 (2019) Kat:3, Licht: 0","198706","3","6","2","08","13","7","0","0","0","1","0","0"
"POINT (13.153506659000072 52.553395197000043)","Unfall 198707 (2019) Kat:3, Licht: 0","198707","3","2","5","08","17","1","0","0","0","1","0","1"
"POINT (13.317284661000031 52.594020782000030)","Unfall 198708 (2019) Kat:3, Licht: 0","198708","3","1","0","08","17","1","0","0","0","0","0","1"
"POINT (13.396873216000074 52.505088743000044)","Unfall 198709 (2019) Kat:3, Licht: 0","198709","3","5","1","08","13","7","0","0","1","1","0","0"
"POINT (13.435045107000064 52.450385365000045)","Unfall 198710 (2019) Kat:3, Licht: 0","198710","3","6","2","08","13","7","0","0","0","1","0","0"
"POINT (13.267354178000062 52.409228405000079)","Unfall 198711 (2019) Kat:3, Licht: 0","198711","3","6","2","08","17","1","0","0","0","1","0","1"
"POINT (13.381854841000063 52.555919790000075)","Unfall 198712 (2019) Kat:3, Licht: 0","198712","3","6","1","08","13","7","0","0","0","1","0","0"
"POINT (13.318261963000054 52.466228849000061)","Unfall 198713 (2019) Kat:3, Licht: 0","198713","3","3","5","08","15","1","0","0","0","1","0","1"
"POINT (13.383783429000061 52.551249208000058)","Unfall 198714 (2019) Kat:3, Licht: 0","198714","3","6","2","08","12","7","0","0","0","1","0","0"
"POINT (13.433163468000032 52.505243611000026)","Unfall 198715 (2019) Kat:3, Licht: 0","198715","3","6","2","08","12","7","0","0","0","1","0","0"
"POINT (13.540704393000055 52.458329565000042)","Unfall 198716 (2019) Kat:3, Licht: 0","198716","3","6","1","08","14","1","0","0","0","1","0","1"
"POINT (13.434052223000037 52.484790823000026)","Unfall 198717 (2019) Kat:3, Licht: 0","198717","3","6","3","08","11","7","0","0","1","1","0","0"
"POINT (13.346876013000042 52.596918964000054)","Unfall 198718 (2019) Kat:3, Licht: 0","198718","3","2","2","08","10","7","0","0","0","1","0","1"
"POINT (13.262440143000049 52.515396836000036)","Unfall 198719 (2019) Kat:3, Licht: 0","198719","3","6","3","08","14","1","0","0","0","1","0","1"
"POINT (13.469522007000023 52.520710646000055)","Unfall 198720 (2019) Kat:3, Licht: 0","198720","3","6","1","08","09","7","0","0","1","1","0","0"
"POINT (13.384145782000076 52.510087825000028)","Unfall 198721 (2019) Kat:3, Licht: 0","198721","3","2","6","08","14","1","0","0","1","0","1","0"
"POINT (13.414755680000042 52.566488176000064)","Unfall 198722 (2019) Kat:3, Licht: 0","198722","3","5","1","08","08","7","0","0","1","1","0","0"
"POINT (13.491298922000055 52.469092680000074)","Unfall 198723 (2019) Kat:2, Licht: 0","198723","2","2","5","08","07","7","0","0","0","1","0","0"
"POINT (13.576256206000039 52.552021116000049)","Unfall 198724 (2019) Kat:2, Licht: 2","198724","2","1","0","08","21","1","0","2","1","0","0","0"
"POINT (13.423455708000063 52.523806703000048)","Unfall 198725 (2019) Kat:3, Licht: 0","198725","3","7","5","08","11","1","0","0","0","1","0","0"
"POINT (13.370202718000030 52.516663758000050)","Unfall 198726 (2019) Kat:3, Licht: 2","198726","3","1","8","08","04","7","0","2","0","1","0","0"
"POINT (13.348091037000074 52.414949123000042)","Unfall 198727 (2019) Kat:3, Licht: 0","198727","3","7","6","08","12","7","0","0","0","1","1","0"
"POINT (13.440634331000069 52.517097071000080)","Unfall 198728 (2019) Kat:3, Licht: 0","198728","3","2","5","08","10","1","0","0","0","1","0","0"
"POINT (13.423932275000027 52.501537115000076)","Unfall 198729 (2019) Kat:2, Licht: 2","198729","2","4","6","08","00","7","0","2","1","0","1","0"
"POINT (13.279644106000035 52.585296259000074)","Unfall 198730 (2019) Kat:3, Licht: 2","198730","3","1","0","08","03","1","0","2","1","0","0","0"
"POINT (13.199773145000051 52.534546097000032)","Unfall 198731 (2019) Kat:3, Licht: 2","198731","3","3","5","08","00","1","0","2","1","1","0","0"
"POINT (13.302182869000035 52.506834373000061)","Unfall 198732 (2019) Kat:3, Licht: 0","198732","3","2","5","08","13","7","0","0","1","1","0","0"
"POINT (13.411976108000033 52.464285065000070)","Unfall 198733 (2019) Kat:3, Licht: 0","198733","3","3","5","08","18","6","0","0","1","0","0","0"
"POINT (13.496465695000040 52.514158949000034)","Unfall 198734 (2019) Kat:2, Licht: 2","198734","2","1","0","08","22","7","0","2","1","0","0","0"
"POINT (13.329754405000074 52.503552506000062)","Unfall 198735 (2019) Kat:3, Licht: 2","198735","3","7","6","08","23","6","0","2","0","1","1","0"
"POINT (13.423845818000075 52.490351221000026)","Unfall 198736 (2019) Kat:3, Licht: 2","198736","3","7","2","08","22","7","0","2","1","1","0","0"
"POINT (13.432657021000068 52.478348015000051)","Unfall 198737 (2019) Kat:2, Licht: 2","198737","2","3","5","08","21","6","0","2","1","1","0","0"
"POINT (13.480490008000061 52.499245131000066)","Unfall 198738 (2019) Kat:3, Licht: 0","198738","3","7","0","08","10","7","0","0","1","0","0","0"
"POINT (13.453370804000031 52.542073056000049)","Unfall 198739 (2019) Kat:3, Licht: 0","198739","3","3","5","08","19","6","0","0","1","1","0","0"
"POINT (13.363815165000062 52.497328276000076)","Unfall 198740 (2019) Kat:3, Licht: 0","198740","3","3","5","08","18","7","0","0","0","1","0","0"
"POINT (13.273750235000023 52.514622229000054)","Unfall 198741 (2019) Kat:3, Licht: 0","198741","3","3","5","08","19","6","0","0","1","1","0","0"
"POINT (13.325992010000050 52.561447785000041)","Unfall 198742 (2019) Kat:3, Licht: 0","198742","3","6","2","08","18","7","0","0","0","1","0","0"
"POINT (13.325383415000033 52.413906271000030)","Unfall 198743 (2019) Kat:3, Licht: 0","198743","3","3","5","08","18","6","0","0","1","1","0","0"
"POINT (13.383280149000029 52.511415192000072)","Unfall 198744 (2019) Kat:3, Licht: 0","198744","3","2","5","08","17","7","0","0","1","1","0","0"
"POINT (13.438427817000047 52.544413005000081)","Unfall 198745 (2019) Kat:3, Licht: 0","198745","3","5","5","08","17","6","0","0","0","1","0","1"
"POINT (13.418989940000074 52.500856846000033)","Unfall 198746 (2019) Kat:3, Licht: 2","198746","3","5","1","08","23","7","0","2","1","1","0","0"
"POINT (13.302823664000073 52.505503380000050)","Unfall 198747 (2019) Kat:2, Licht: 0","198747","2","3","5","08","17","6","0","0","1","1","0","0"
"POINT (13.303846583000052 52.505589277000070)","Unfall 198748 (2019) Kat:2, Licht: 0","198748","2","7","0","08","17","6","0","0","1","0","0","0"
"POINT (13.213033802000041 52.538594358000068)","Unfall 198749 (2019) Kat:3, Licht: 0","198749","3","6","0","08","18","7","0","0","0","1","0","1"
"POINT (13.345920217000071 52.498870773000078)","Unfall 198750 (2019) Kat:3, Licht: 0","198750","3","2","5","08","16","6","0","0","0","1","0","1"
"POINT (13.367051094000033 52.455793924000034)","Unfall 198751 (2019) Kat:3, Licht: 0","198751","3","3","5","08","17","7","0","0","1","1","0","0"
"POINT (13.507833280000057 52.626646800000060)","Unfall 198752 (2019) Kat:3, Licht: 0","198752","3","6","4","08","13","6","0","0","0","1","0","0"
"POINT (13.406166458000030 52.517967588000033)","Unfall 198753 (2019) Kat:3, Licht: 0","198753","3","6","3","08","09","6","0","0","0","1","0","0"
"POINT (13.565495370000065 52.493174932000045)","Unfall 198754 (2019) Kat:3, Licht: 0","198754","3","7","0","08","15","7","0","0","1","0","0","0"
"POINT (13.361623219000023 52.544767992000061)","Unfall 198755 (2019) Kat:3, Licht: 0","198755","3","7","0","08","15","6","0","0","0","0","0","1"
"POINT (13.207946079000067 52.553882435000048)","Unfall 198756 (2019) Kat:3, Licht: 2","198756","3","6","2","08","23","7","0","2","0","1","0","0"
"POINT (13.297234455000023 52.506854275000080)","Unfall 198757 (2019) Kat:3, Licht: 0","198757","3","5","1","08","15","6","0","0","1","1","0","0"
"POINT (13.430815140000050 52.468349887000045)","Unfall 198758 (2019) Kat:3, Licht: 2","198758","3","6","3","08","21","7","0","2","0","1","0","1"
"POINT (13.316103848000068 52.578447739000069)","Unfall 198759 (2019) Kat:3, Licht: 0","198759","3","6","2","08","15","6","0","0","0","1","0","1"
"POINT (13.206075807000047 52.540692455000055)","Unfall 198760 (2019) Kat:3, Licht: 1","198760","3","4","6","08","19","7","0","1","0","1","1","0"
"POINT (13.345928638000032 52.574503350000043)","Unfall 198761 (2019) Kat:3, Licht: 0","198761","3","2","5","08","14","6","0","0","1","0","0","0"
"POINT (13.352333294000061 52.515840631000060)","Unfall 198762 (2019) Kat:3, Licht: 0","198762","3","3","5","08","13","6","0","0","1","1","0","0"
"POINT (13.215734987000076 52.526820669000074)","Unfall 198763 (2019) Kat:3, Licht: 0","198763","3","2","2","08","15","7","0","0","0","1","0","0"
"POINT (13.385265945000071 52.535303573000078)","Unfall 198764 (2019) Kat:2, Licht: 0","198764","2","7","0","08","19","7","0","0","1","0","0","0"
"POINT (13.374861848000023 52.468663726000045)","Unfall 198765 (2019) Kat:3, Licht: 0","198765","3","7","5","08","13","6","0","0","0","1","0","0"
"POINT (13.549546857000053 52.438288810000074)","Unfall 198766 (2019) Kat:3, Licht: 0","198766","3","3","5","08","14","7","0","0","1","1","0","0"
"POINT (13.434292143000050 52.446238017000042)","Unfall 198767 (2019) Kat:3, Licht: 0","198767","3","2","5","08","13","6","0","0","1","1","0","0"
"POINT (13.418311682000024 52.568960216000050)","Unfall 198768 (2019) Kat:3, Licht: 0","198768","3","3","2","08","14","7","0","0","0","1","0","0"
"POINT (13.309824374000073 52.506578706000028)","Unfall 198769 (2019) Kat:3, Licht: 0","198769","3","6","2","08","13","6","0","0","0","1","0","0"
"POINT (13.306212269000071 52.521117229000026)","Unfall 198770 (2019) Kat:3, Licht: 0","198770","3","2","5","08","12","6","0","0","1","1","0","0"
"POINT (13.577525303000073 52.444075054000052)","Unfall 198771 (2019) Kat:3, Licht: 0","198771","3","6","2","08","13","7","0","0","0","1","0","0"
"POINT (13.462045113000045 52.422510906000070)","Unfall 198772 (2019) Kat:3, Licht: 0","198772","3","2","5","08","13","7","0","0","0","1","0","0"
"POINT (13.492437993000067 52.449912129000040)","Unfall 198773 (2019) Kat:3, Licht: 0","198773","3","3","5","08","12","6","0","0","1","0","0","0"
"POINT (13.418730006000033 52.572590798000078)","Unfall 198774 (2019) Kat:3, Licht: 0","198774","3","3","0","08","11","6","0","0","1","0","0","0"
"POINT (13.572254615000077 52.450791550000076)","Unfall 198775 (2019) Kat:3, Licht: 0","198775","3","3","5","08","12","7","0","0","1","0","0","0"
"POINT (13.179178760000070 52.533852047000039)","Unfall 198776 (2019) Kat:3, Licht: 0","198776","3","3","0","08","11","6","0","0","0","1","0","1"
"POINT (13.338545468000063 52.466693177000082)","Unfall 198777 (2019) Kat:3, Licht: 0","198777","3","2","5","08","11","7","0","0","1","1","0","0"
"POINT (13.379090046000044 52.447958791000076)","Unfall 198778 (2019) Kat:3, Licht: 0","198778","3","5","1","08","09","6","0","0","1","1","0","0"
"POINT (13.400406929000042 52.509434924000061)","Unfall 198779 (2019) Kat:3, Licht: 0","198779","3","3","5","08","09","6","0","0","1","1","0","0"
"POINT (13.672189437000043 52.418253511000046)","Unfall 198780 (2019) Kat:2, Licht: 0","198780","2","1","8","08","11","7","0","0","0","0","0","1"
"POINT (13.439796755000032 52.475906075000069)","Unfall 198781 (2019) Kat:3, Licht: 0","198781","3","6","2","08","09","6","0","0","0","1","0","0"
"POINT (13.333637905000046 52.506982317000052)","Unfall 198782 (2019) Kat:2, Licht: 0","198782","2","7","8","08","06","7","1","0","0","1","0","0"
"POINT (13.227069568000047 52.584645346000059)","Unfall 198783 (2019) Kat:3, Licht: 0","198783","3","2","5","08","08","6","0","0","1","1","0","0"
"POINT (13.427717396000048 52.496266676000062)","Unfall 198784 (2019) Kat:3, Licht: 0","198784","3","3","5","08","12","7","0","0","0","1","0","0"
"POINT (13.430129211000065 52.421477063000054)","Unfall 198785 (2019) Kat:3, Licht: 0","198785","3","4","6","08","08","6","0","0","0","1","1","0"
"POINT (13.434582140000032 52.472510078000028)","Unfall 198786 (2019) Kat:3, Licht: 0","198786","3","3","5","08","16","7","0","0","1","1","0","0"
"POINT (13.390962718000026 52.563302197000041)","Unfall 198787 (2019) Kat:3, Licht: 0","198787","3","2","5","08","08","6","0","0","1","1","0","0"
"POINT (13.401493516000073 52.396399170000052)","Unfall 198788 (2019) Kat:3, Licht: 0","198788","3","5","1","08","07","6","0","0","0","1","0","0"
"POINT (13.436391802000060 52.538855633000026)","Unfall 198789 (2019) Kat:3, Licht: 2","198789","3","4","6","08","03","6","0","2","0","1","1","0"
"POINT (13.345049527000072 52.489000713000053)","Unfall 198790 (2019) Kat:3, Licht: 0","198790","3","3","5","08","15","6","0","0","0","1","0","0"
"POINT (13.423959714000034 52.513428403000034)","Unfall 198791 (2019) Kat:3, Licht: 0","198791","3","2","5","08","07","6","0","0","1","1","0","0"
"POINT (13.395502760000056 52.465405198000042)","Unfall 198792 (2019) Kat:3, Licht: 0","198792","3","4","6","08","09","6","0","0","0","1","1","0"
"POINT (13.328192149000074 52.454268830000046)","Unfall 198793 (2019) Kat:3, Licht: 0","198793","3","3","5","08","19","6","0","0","0","1","0","1"
"POINT (13.624279536000074 52.447948777000079)","Unfall 198794 (2019) Kat:2, Licht: 0","198794","2","7","5","08","16","6","0","0","0","1","0","1"
"POINT (13.437966191000044 52.500197456000080)","Unfall 198795 (2019) Kat:3, Licht: 0","198795","3","2","0","08","13","6","0","0","1","0","0","0"
"POINT (13.413317013000039 52.513359590000050)","Unfall 198796 (2019) Kat:2, Licht: 0","198796","2","5","1","08","16","6","0","0","0","1","0","0"
"POINT (13.408472968000069 52.529067139000063)","Unfall 198797 (2019) Kat:3, Licht: 2","198797","3","1","0","08","01","6","0","2","0","0","0","0"
"POINT (13.369830036000053 52.559730210000055)","Unfall 198798 (2019) Kat:2, Licht: 0","198798","2","2","5","08","13","6","0","0","0","1","0","0"
"POINT (13.571628399000076 52.444722324000054)","Unfall 198799 (2019) Kat:3, Licht: 1","198799","3","6","0","08","20","6","0","1","1","0","0","0"
"POINT (13.428037562000043 52.533544021000068)","Unfall 198800 (2019) Kat:3, Licht: 0","198800","3","6","0","08","08","6","0","0","0","0","0","1"
"POINT (13.410915659000068 52.561175009000067)","Unfall 198801 (2019) Kat:3, Licht: 1","198801","3","2","5","08","20","6","0","1","1","1","0","0"
"POINT (13.348544303000040 52.522005681000053)","Unfall 198802 (2019) Kat:2, Licht: 0","198802","2","3","5","08","08","6","0","0","1","0","0","0"
"POINT (13.546911575000024 52.431522782000059)","Unfall 198803 (2019) Kat:3, Licht: 0","198803","3","2","5","08","17","6","0","0","1","1","0","0"
"POINT (13.480746707000037 52.499180090000038)","Unfall 198804 (2019) Kat:3, Licht: 0","198804","3","6","0","08","11","6","0","0","0","1","0","0"
"POINT (13.282390311000029 52.422327392000057)","Unfall 198805 (2019) Kat:2, Licht: 0","198805","2","5","1","08","09","6","0","0","1","1","0","0"
"POINT (13.434905448000052 52.440310600000032)","Unfall 198806 (2019) Kat:2, Licht: 0","198806","2","2","0","08","19","6","0","0","0","1","0","0"
"POINT (13.296214691000046 52.516376153000067)","Unfall 198807 (2019) Kat:3, Licht: 2","198807","3","5","1","08","04","6","0","2","1","1","0","0"
"POINT (13.318306306000068 52.461778328000037)","Unfall 198808 (2019) Kat:2, Licht: 0","198808","2","4","6","08","19","6","0","0","1","0","1","0"
"POINT (13.385102718000041 52.532451174000073)","Unfall 198809 (2019) Kat:3, Licht: 0","198809","3","2","5","08","09","5","0","0","1","1","0","0"
"POINT (13.438835404000031 52.481413564000036)","Unfall 198810 (2019) Kat:3, Licht: 0","198810","3","6","2","08","18","6","0","0","1","1","0","0"
"POINT (13.363326837000045 52.548913843000037)","Unfall 198811 (2019) Kat:3, Licht: 2","198811","3","5","1","08","21","5","0","2","1","1","0","0"
"POINT (13.368602326000030 52.568590644000039)","Unfall 198812 (2019) Kat:3, Licht: 0","198812","3","5","1","08","18","6","0","0","1","1","0","0"
"POINT (13.278481961000068 52.636023616000045)","Unfall 198813 (2019) Kat:3, Licht: 1","198813","3","6","3","08","19","5","0","1","1","1","0","0"
"POINT (13.478806598000062 52.528343305000078)","Unfall 198814 (2019) Kat:3, Licht: 0","198814","3","3","5","08","18","5","0","0","1","0","0","0"
"POINT (13.415731759000039 52.491166782000050)","Unfall 198815 (2019) Kat:3, Licht: 0","198815","3","4","6","08","18","6","0","0","1","0","1","0"
"POINT (13.411857038000051 52.505073345000028)","Unfall 198816 (2019) Kat:3, Licht: 0","198816","3","5","1","08","17","6","0","0","1","0","0","0"
"POINT (13.402102057000036 52.463395552000065)","Unfall 198817 (2019) Kat:3, Licht: 0","198817","3","2","5","08","18","5","0","0","1","1","0","0"
"POINT (13.371639225000024 52.511191553000060)","Unfall 198818 (2019) Kat:3, Licht: 0","198818","3","6","2","08","18","5","0","0","0","1","0","0"
"POINT (13.335164523000060 52.471292054000060)","Unfall 198819 (2019) Kat:2, Licht: 0","198819","2","2","5","08","16","6","0","0","1","1","0","0"
"POINT (13.381330094000077 52.512008252000044)","Unfall 198820 (2019) Kat:3, Licht: 0","198820","3","3","5","08","17","5","0","0","1","0","0","0"
"POINT (13.330672605000075 52.487222400000064)","Unfall 198821 (2019) Kat:3, Licht: 0","198821","3","2","5","08","16","6","0","0","1","0","0","0"
"POINT (13.536728531000051 52.412936767000076)","Unfall 198822 (2019) Kat:3, Licht: 0","198822","3","3","5","08","19","5","0","0","0","1","0","1"
"POINT (13.341386487000022 52.525546032000079)","Unfall 198823 (2019) Kat:3, Licht: 0","198823","3","4","6","08","17","5","0","0","0","1","1","0"
"POINT (13.371822291000058 52.509263482000051)","Unfall 198824 (2019) Kat:3, Licht: 2","198824","3","2","2","08","22","6","0","2","1","1","0","0"
"POINT (13.322543567000025 52.486582788000078)","Unfall 198825 (2019) Kat:3, Licht: 0","198825","3","7","0","08","15","5","0","0","1","0","0","0"
"POINT (13.391824855000038 52.509566494000069)","Unfall 198826 (2019) Kat:3, Licht: 0","198826","3","3","5","08","15","5","0","0","1","1","0","0"
"POINT (13.544198357000027 52.399395670000047)","Unfall 198827 (2019) Kat:2, Licht: 0","198827","2","2","5","08","16","6","0","0","1","1","0","0"
"POINT (13.416626524000037 52.570632378000028)","Unfall 198828 (2019) Kat:3, Licht: 0","198828","3","3","5","08","15","5","0","0","1","0","0","0"
"POINT (13.354111271000022 52.438400265000041)","Unfall 198829 (2019) Kat:3, Licht: 0","198829","3","2","3","08","14","5","0","0","0","1","0","1"
"POINT (13.247039682000036 52.544146443000045)","Unfall 198830 (2019) Kat:3, Licht: 2","198830","3","2","5","08","22","6","0","2","1","1","0","0"
"POINT (13.346001989000058 52.496669846000032)","Unfall 198831 (2019) Kat:3, Licht: 0","198831","3","5","3","08","14","5","0","0","1","1","0","0"
"POINT (13.298569105000070 52.472459540000045)","Unfall 198832 (2019) Kat:2, Licht: 2","198832","2","2","5","08","22","6","0","2","1","1","0","0"
"POINT (13.408948297000052 52.571039869000060)","Unfall 198833 (2019) Kat:3, Licht: 0","198833","3","2","5","08","14","5","0","0","1","1","0","0"
"POINT (13.316511986000023 52.499474900000052)","Unfall 198834 (2019) Kat:3, Licht: 1","198834","3","2","5","08","21","6","0","1","1","1","0","0"
"POINT (13.433754033000071 52.499583622000046)","Unfall 198835 (2019) Kat:3, Licht: 0","198835","3","7","4","08","14","5","0","0","1","0","0","0"
"POINT (13.485962986000061 52.520768430000032)","Unfall 198836 (2019) Kat:3, Licht: 1","198836","3","2","0","08","20","6","0","1","1","1","0","0"
"POINT (13.269115112000065 52.537770517000070)","Unfall 198837 (2019) Kat:3, Licht: 0","198837","3","3","5","08","14","5","0","0","1","1","0","0"
"POINT (13.133751301000075 52.461630245000038)","Unfall 198838 (2019) Kat:3, Licht: 0","198838","3","2","5","08","14","5","0","0","1","1","0","0"
"POINT (13.427948087000061 52.473767336000037)","Unfall 198839 (2019) Kat:2, Licht: 0","198839","2","6","3","08","16","6","0","0","0","1","0","1"
"POINT (13.390287662000048 52.508593212000051)","Unfall 198840 (2019) Kat:3, Licht: 0","198840","3","3","5","08","16","6","0","0","0","1","0","0"
"POINT (13.315241378000053 52.514796924000052)","Unfall 198841 (2019) Kat:3, Licht: 0","198841","3","2","0","08","13","5","0","0","0","1","0","0"
"POINT (13.462088011000048 52.432548869000073)","Unfall 198842 (2019) Kat:2, Licht: 0","198842","2","6","2","08","14","5","0","0","0","1","0","0"
"POINT (13.291594209000039 52.595998471000030)","Unfall 198843 (2019) Kat:3, Licht: 0","198843","3","2","5","08","15","6","0","0","0","1","0","1"
"POINT (13.400039785000047 52.512064974000054)","Unfall 198844 (2019) Kat:3, Licht: 0","198844","3","3","5","08","12","5","0","0","1","0","0","0"
"POINT (13.333236964000037 52.560933309000063)","Unfall 198845 (2019) Kat:3, Licht: 0","198845","3","2","5","08","15","6","0","0","1","1","0","0"
"POINT (13.497864075000052 52.433715210000059)","Unfall 198846 (2019) Kat:3, Licht: 0","198846","3","3","5","08","12","5","0","0","0","1","0","0"
"POINT (13.228842855000039 52.528322285000058)","Unfall 198847 (2019) Kat:3, Licht: 0","198847","3","6","2","08","12","6","0","0","0","1","0","0"
"POINT (13.331106923000050 52.562363174000041)","Unfall 198848 (2019) Kat:3, Licht: 0","198848","3","6","0","08","10","5","0","0","0","1","0","1"
"POINT (13.173208708000061 52.549468831000070)","Unfall 198849 (2019) Kat:3, Licht: 0","198849","3","3","5","08","11","6","0","0","1","1","0","0"
"POINT (13.394067457000062 52.456838933000029)","Unfall 198850 (2019) Kat:3, Licht: 0","198850","3","7","0","08","10","5","0","0","0","1","0","0"
"POINT (13.390953379000052 52.544904453000072)","Unfall 198851 (2019) Kat:3, Licht: 0","198851","3","6","2","08","11","6","0","0","0","1","0","0"
"POINT (13.419639059000076 52.556171997000035)","Unfall 198852 (2019) Kat:3, Licht: 0","198852","3","3","5","08","13","1","0","0","0","1","0","0"
"POINT (13.699429429000077 52.435864376000040)","Unfall 198853 (2019) Kat:3, Licht: 0","198853","3","3","5","09","08","2","1","0","0","1","0","0"
"POINT (13.309272021000027 52.578723397000033)","Unfall 198854 (2019) Kat:3, Licht: 0","198854","3","3","5","09","07","2","1","0","0","1","0","0"
"POINT (13.426004591000037 52.491381148000073)","Unfall 198855 (2019) Kat:3, Licht: 0","198855","3","3","5","09","07","2","1","0","0","1","0","0"
"POINT (13.379650115000061 52.444715717000065)","Unfall 198856 (2019) Kat:3, Licht: 2","198856","3","2","2","09","06","2","1","2","0","1","0","0"
"POINT (13.468103800000051 52.427847496000027)","Unfall 198857 (2019) Kat:3, Licht: 0","198857","3","2","6","09","14","2","1","0","0","1","1","0"
"POINT (13.480780706000075 52.499113569000031)","Unfall 198858 (2019) Kat:3, Licht: 1","198858","3","2","5","09","06","2","1","1","1","1","0","0"
"POINT (13.326210996000043 52.538100996000026)","Unfall 198859 (2019) Kat:3, Licht: 0","198859","3","6","2","09","05","2","1","0","0","1","0","0"
"POINT (13.575234427000055 52.453845348000073)","Unfall 198860 (2019) Kat:3, Licht: 0","198860","3","3","5","09","18","2","1","0","1","1","0","0"
"POINT (13.299406439000052 52.519696823000061)","Unfall 198861 (2019) Kat:3, Licht: 2","198861","3","3","5","09","22","1","0","2","1","1","0","0"
"POINT (13.376293592000025 52.546146924000027)","Unfall 198862 (2019) Kat:3, Licht: 2","198862","3","5","1","09","03","1","0","2","0","1","0","0"
"POINT (13.434368035000034 52.476432397000053)","Unfall 198863 (2019) Kat:3, Licht: 2","198863","3","5","1","09","21","1","0","2","0","1","0","0"
"POINT (13.431101364000028 52.478153574000032)","Unfall 198864 (2019) Kat:2, Licht: 2","198864","2","7","6","09","21","1","0","2","1","0","1","0"
"POINT (13.388644669000030 52.420675613000071)","Unfall 198865 (2019) Kat:3, Licht: 2","198865","3","5","1","09","21","1","0","2","0","1","0","0"
"POINT (13.370651209000073 52.455679709000037)","Unfall 198866 (2019) Kat:3, Licht: 0","198866","3","7","2","09","18","1","0","0","0","1","0","1"
"POINT (13.402106290000063 52.431560721000039)","Unfall 198867 (2019) Kat:3, Licht: 0","198867","3","5","1","09","14","1","0","0","0","1","0","0"
"POINT (13.434698271000059 52.478614648000075)","Unfall 198868 (2019) Kat:2, Licht: 2","198868","2","1","0","09","02","1","0","2","1","0","0","0"
"POINT (13.456513452000024 52.507584099000042)","Unfall 198869 (2019) Kat:3, Licht: 2","198869","3","7","0","09","01","1","0","2","0","0","0","0"
"POINT (13.309432454000046 52.621789722000074)","Unfall 198870 (2019) Kat:2, Licht: 2","198870","2","1","0","09","00","1","0","2","1","0","0","0"
"POINT (13.419581544000039 52.501682207000044)","Unfall 198871 (2019) Kat:3, Licht: 2","198871","3","7","2","09","00","1","1","2","1","1","0","0"
"POINT (13.316597342000023 52.516244360000030)","Unfall 198872 (2019) Kat:3, Licht: 2","198872","3","3","5","09","00","1","0","2","0","1","0","0"
"POINT (13.294229718000054 52.551738414000056)","Unfall 198873 (2019) Kat:3, Licht: 0","198873","3","6","2","09","13","1","0","0","0","1","0","0"
"POINT (13.363515127000028 52.509849940000038)","Unfall 198874 (2019) Kat:3, Licht: 0","198874","3","7","0","09","13","1","0","0","0","0","0","0"
"POINT (13.432141785000056 52.466068559000064)","Unfall 198875 (2019) Kat:3, Licht: 2","198875","3","6","3","09","00","1","0","2","1","1","0","0"
"POINT (13.351205354000058 52.558324607000031)","Unfall 198876 (2019) Kat:3, Licht: 0","198876","3","2","5","09","11","1","0","0","0","1","0","0"
"POINT (13.392747264000036 52.412707495000063)","Unfall 198877 (2019) Kat:3, Licht: 0","198877","3","2","2","09","11","1","0","0","0","1","0","0"