WKT,Name,OBJECTID,UKATEGORIE,UTYP1,UART,UMONAT,USTUNDE,UWOCHENTAG,STRZUSTAND,ULICHTVERH,ISTRAD,ISTPKW,ISTFUSS,ISTKRAD
"POINT (13.472903358000053 52.616891749000047)","Unfall 198878 (2019) Kat:3, Licht: 0","198878","3","3","5","09","11","1","0","0","0","1","0","0"
"POINT (13.526003034000041 52.493472716000042)","Unfall 198879 (2019) Kat:3, Licht: 0","198879","3","3","0","09","10","1","0","0","1","0","0","0"
"POINT (13.435725628000057 52.469003990000033)","Unfall 198880 (2019) Kat:3, Licht: 2","198880","3","3","5","09","21","7","0","2","1","1","0","0"
"POINT (13.305951197000070 52.520315452000034)","Unfall 198881 (2019) Kat:2, Licht: 2","198881","2","1","0","09","23","7","0","2","0","0","0","0"
"POINT (13.422230372000058 52.559895232000031)","Unfall 198882 (2019) Kat:2, Licht: 2","198882","2","3","5","09","23","7","0","2","0","1","0","0"
"POINT (13.232156476000057 52.437453480000045)","Unfall 198883 (2019) Kat:3, Licht: 2","198883","3","1","0","09","22","7","1","2","0","0","0","1"
"POINT (13.355303267000068 52.546435954000060)","Unfall 198884 (2019) Kat:3, Licht: 0","198884","3","4","6","09","17","7","0","0","0","1","1","0"
"POINT (13.250321276000022 52.418555087000072)","Unfall 198885 (2019) Kat:3, Licht: 0","198885","3","3","5","09","14","7","0","0","0","1","0","1"
"POINT (13.599879046000069 52.452218029000051)","Unfall 198886 (2019) Kat:3, Licht: 0","198886","3","3","5","09","16","7","0","0","1","1","0","0"
"POINT (13.210991772000057 52.568018614000039)","Unfall 198887 (2019) Kat:2, Licht: 0","198887","2","6","4","09","16","7","0","0","0","1","0","1"
"POINT (13.560949127000072 52.492241044000082)","Unfall 198888 (2019) Kat:3, Licht: 0","198888","3","6","2","09","16","7","0","0","0","1","0","0"
"POINT (13.434798246000071 52.440367383000080)","Unfall 198889 (2019) Kat:2, Licht: 0","198889","2","2","5","09","15","7","0","0","0","1","0","0"
"POINT (13.591654901000027 52.511170126000081)","Unfall 198890 (2019) Kat:3, Licht: 0","198890","3","2","5","09","15","7","0","0","0","1","0","1"
"POINT (13.415870759000029 52.439979862000030)","Unfall 198891 (2019) Kat:3, Licht: 0","198891","3","3","5","09","14","7","0","0","0","1","0","0"
"POINT (13.297145270000044 52.512213671000040)","Unfall 198892 (2019) Kat:3, Licht: 0","198892","3","1","0","09","14","7","0","0","0","0","0","1"
"POINT (13.408527330000027 52.537426595000056)","Unfall 198893 (2019) Kat:3, Licht: 0","198893","3","4","6","09","14","7","0","0","1","0","1","0"
"POINT (13.459608454000033 52.547793812000066)","Unfall 198894 (2019) Kat:3, Licht: 0","198894","3","1","1","09","14","7","0","0","1","1","0","0"
"POINT (13.306014983000068 52.499727878000044)","Unfall 198895 (2019) Kat:3, Licht: 0","198895","3","6","2","09","14","7","0","0","0","1","0","0"
"POINT (13.548768794000068 52.438156451000054)","Unfall 198896 (2019) Kat:3, Licht: 0","198896","3","1","0","09","11","7","0","0","1","0","0","0"
"POINT (13.391489129000036 52.531934929000045)","Unfall 198897 (2019) Kat:3, Licht: 0","198897","3","1","1","09","10","7","0","0","1","1","0","0"
"POINT (13.328868225000065 52.471588158000031)","Unfall 198898 (2019) Kat:3, Licht: 0","198898","3","3","5","09","09","7","0","0","1","1","0","0"
"POINT (13.507742455000027 52.405665871000053)","Unfall 198899 (2019) Kat:3, Licht: 0","198899","3","7","6","09","14","7","0","0","0","1","1","0"
"POINT (13.385465802000056 52.490060312000026)","Unfall 198900 (2019) Kat:3, Licht: 2","198900","3","5","1","09","01","7","0","2","1","1","0","0"
"POINT (13.394418250000058 52.487949933000039)","Unfall 198901 (2019) Kat:3, Licht: 2","198901","3","1","1","09","22","6","0","2","0","1","0","0"
"POINT (13.408730607000052 52.504212663000033)","Unfall 198902 (2019) Kat:3, Licht: 2","198902","3","1","0","09","21","6","0","2","1","0","0","0"
"POINT (13.461183655000070 52.500866203000044)","Unfall 198903 (2019) Kat:3, Licht: 2","198903","3","2","5","09","21","6","0","2","1","1","0","0"
"POINT (13.491303074000029 52.637679179000031)","Unfall 198904 (2019) Kat:2, Licht: 2","198904","2","2","5","09","20","6","0","2","0","1","0","1"
"POINT (13.412824933000024 52.544392763000076)","Unfall 198905 (2019) Kat:3, Licht: 0","198905","3","3","5","09","11","6","0","0","1","1","0","0"
"POINT (13.391221902000041 52.514023813000051)","Unfall 198906 (2019) Kat:2, Licht: 0","198906","2","2","6","09","11","6","0","0","0","1","1","0"
"POINT (13.329664972000046 52.481821731000082)","Unfall 198907 (2019) Kat:3, Licht: 0","198907","3","6","3","09","11","6","0","0","0","1","0","1"
"POINT (13.350724633000027 52.558050649000052)","Unfall 198908 (2019) Kat:3, Licht: 0","198908","3","6","2","09","10","6","0","0","0","1","0","0"
"POINT (13.413265539000065 52.451850760000070)","Unfall 198909 (2019) Kat:3, Licht: 2","198909","3","5","1","09","19","6","0","2","0","1","0","0"
"POINT (13.377448924000078 52.508257970000045)","Unfall 198910 (2019) Kat:2, Licht: 0","198910","2","1","0","09","15","6","0","0","0","0","0","0"
"POINT (13.422226395000052 52.505432788000064)","Unfall 198911 (2019) Kat:3, Licht: 0","198911","3","2","2","09","09","6","0","0","0","0","0","1"
"POINT (13.396594498000070 52.489322401000038)","Unfall 198912 (2019) Kat:3, Licht: 1","198912","3","4","6","09","19","6","0","1","0","1","1","0"
"POINT (13.504030045000036 52.436752527000067)","Unfall 198913 (2019) Kat:3, Licht: 1","198913","3","2","5","09","19","6","0","1","1","1","0","0"
"POINT (13.409966673000042 52.528588353000032)","Unfall 198914 (2019) Kat:3, Licht: 0","198914","3","2","2","09","08","6","0","0","1","1","0","0"
"POINT (13.329614514000070 52.539119276000065)","Unfall 198915 (2019) Kat:3, Licht: 0","198915","3","6","2","09","14","6","0","0","0","1","0","0"
"POINT (13.377471438000043 52.556574169000044)","Unfall 198916 (2019) Kat:3, Licht: 0","198916","3","6","3","09","08","6","0","0","0","1","0","1"
"POINT (13.423037450000038 52.509267481000052)","Unfall 198917 (2019) Kat:3, Licht: 0","198917","3","7","1","09","14","6","0","0","1","1","0","0"
"POINT (13.430809833000069 52.511916687000053)","Unfall 198918 (2019) Kat:3, Licht: 0","198918","3","7","0","09","08","6","0","0","0","0","0","0"
"POINT (13.500056756000049 52.530882992000045)","Unfall 198919 (2019) Kat:2, Licht: 0","198919","2","4","6","09","18","6","0","0","0","1","1","0"
"POINT (13.419690589000027 52.416019148000032)","Unfall 198920 (2019) Kat:2, Licht: 0","198920","2","4","6","09","07","6","0","0","0","1","1","0"
"POINT (13.322580062000043 52.521169728000075)","Unfall 198921 (2019) Kat:3, Licht: 0","198921","3","3","5","09","14","6","0","0","1","1","0","0"
"POINT (13.422557490000031 52.462786979000043)","Unfall 198922 (2019) Kat:3, Licht: 0","198922","3","5","1","09","18","6","0","0","0","1","0","0"
"POINT (13.370777830000065 52.556799736000073)","Unfall 198923 (2019) Kat:3, Licht: 0","198923","3","6","2","09","14","6","0","0","0","1","0","0"
"POINT (13.519126228000061 52.464396818000068)","Unfall 198924 (2019) Kat:3, Licht: 0","198924","3","3","5","09","06","6","0","0","0","1","0","0"
"POINT (13.340587731000028 52.502467298000056)","Unfall 198925 (2019) Kat:3, Licht: 0","198925","3","2","2","09","16","6","0","0","1","1","0","0"
"POINT (13.280804632000070 52.476807987000029)","Unfall 198926 (2019) Kat:3, Licht: 0","198926","3","2","5","09","13","6","0","0","1","1","0","0"
"POINT (13.560485215000028 52.487975824000046)","Unfall 198927 (2019) Kat:3, Licht: 0","198927","3","6","2","09","12","6","0","0","0","1","0","0"
"POINT (13.460559335000028 52.559541561000060)","Unfall 198928 (2019) Kat:3, Licht: 0","198928","3","2","5","09","16","6","0","0","1","1","0","0"
"POINT (13.211376684000072 52.527319877000082)","Unfall 198929 (2019) Kat:2, Licht: 0","198929","2","2","5","09","12","6","0","0","0","1","0","0"
"POINT (13.384166400000026 52.555914765000068)","Unfall 198930 (2019) Kat:3, Licht: 0","198930","3","1","9","09","16","6","0","0","0","1","1","0"
"POINT (13.310224017000053 52.567960347000053)","Unfall 198931 (2019) Kat:3, Licht: 0","198931","3","6","2","09","12","6","0","0","0","1","0","0"
"POINT (13.344108924000068 52.546036334000064)","Unfall 198932 (2019) Kat:3, Licht: 0","198932","3","2","5","09","16","6","0","0","1","1","0","0"
"POINT (13.602479981000045 52.538524463000044)","Unfall 198933 (2019) Kat:3, Licht: 0","198933","3","2","2","09","12","6","0","0","0","1","0","1"
"POINT (13.281428644000073 52.513590349000026)","Unfall 198934 (2019) Kat:2, Licht: 0","198934","2","6","3","09","11","6","0","0","0","1","0","1"
"POINT (13.405007731000069 52.533884521000061)","Unfall 198935 (2019) Kat:3, Licht: 0","198935","3","1","0","09","15","6","0","0","1","0","0","0"
"POINT (13.303840236000042 52.499365587000057)","Unfall 198936 (2019) Kat:2, Licht: 0","198936","2","2","5","09","15","6","0","0","1","1","0","0"
"POINT (13.327717743000051 52.504821502000027)","Unfall 198937 (2019) Kat:3, Licht: 0","198937","3","2","5","09","12","6","0","0","1","0","0","0"
"POINT (13.395939595000073 52.532466518000035)","Unfall 198938 (2019) Kat:1, Licht: 1","198938","1","7","9","09","19","6","0","1","0","1","1","0"
"POINT (13.311507994000067 52.479579939000075)","Unfall 198939 (2019) Kat:2, Licht: 0","198939","2","7","0","09","06","5","0","0","1","1","0","0"
"POINT (13.416629990000047 52.510962030000030)","Unfall 198940 (2019) Kat:2, Licht: 2","198940","2","2","6","09","04","5","1","2","0","1","1","0"
"POINT (13.400100679000047 52.459126439000045)","Unfall 198941 (2019) Kat:3, Licht: 2","198941","3","2","5","09","22","5","0","2","0","1","0","0"
"POINT (13.395025017000023 52.496439919000068)","Unfall 198942 (2019) Kat:3, Licht: 2","198942","3","6","2","09","20","5","0","2","0","1","0","0"
"POINT (13.274282192000044 52.458937423000066)","Unfall 198943 (2019) Kat:3, Licht: 2","198943","3","2","5","09","20","5","0","2","1","1","0","0"
"POINT (13.296265250000033 52.577169579000042)","Unfall 198944 (2019) Kat:2, Licht: 0","198944","2","7","0","09","18","5","0","0","1","0","0","0"
"POINT (13.564832571000068 52.493141107000042)","Unfall 198945 (2019) Kat:2, Licht: 0","198945","2","3","5","09","18","5","0","0","0","1","0","0"
"POINT (13.437667592000025 52.529520049000041)","Unfall 198946 (2019) Kat:3, Licht: 2","198946","3","3","5","09","21","5","0","2","1","1","0","0"
"POINT (13.343580191000058 52.439185940000073)","Unfall 198947 (2019) Kat:3, Licht: 0","198947","3","2","5","09","10","5","0","0","1","1","0","0"
"POINT (13.339138286000036 52.526600894000069)","Unfall 198948 (2019) Kat:3, Licht: 0","198948","3","3","5","09","17","5","1","0","1","0","0","0"
"POINT (13.563378191000027 52.496290873000078)","Unfall 198949 (2019) Kat:3, Licht: 0","198949","3","6","2","09","17","5","0","0","0","1","0","0"
"POINT (13.357181735000040 52.545264382000028)","Unfall 198950 (2019) Kat:3, Licht: 0","198950","3","6","2","09","12","5","0","0","0","1","0","0"
"POINT (13.347717359000058 52.574237223000068)","Unfall 198951 (2019) Kat:3, Licht: 0","198951","3","2","5","09","11","5","0","0","1","1","0","0"
"POINT (13.412082940000062 52.543141146000039)","Unfall 198952 (2019) Kat:3, Licht: 0","198952","3","2","5","09","11","5","0","0","1","1","0","0"
"POINT (13.397327571000062 52.580047108000031)","Unfall 198953 (2019) Kat:3, Licht: 0","198953","3","3","5","09","09","5","0","0","1","1","0","0"
"POINT (13.544078343000024 52.541026105000071)","Unfall 198954 (2019) Kat:3, Licht: 0","198954","3","6","2","09","09","5","0","0","0","1","0","0"
"POINT (13.276024568000025 52.507380060000060)","Unfall 198955 (2019) Kat:3, Licht: 0","198955","3","6","3","09","08","5","0","0","0","1","0","0"
"POINT (13.298234114000024 52.421829498000079)","Unfall 198956 (2019) Kat:3, Licht: 0","198956","3","6","2","09","08","5","0","0","0","1","0","0"
"POINT (13.420394295000051 52.461719186000039)","Unfall 198957 (2019) Kat:3, Licht: 0","198957","3","2","5","09","08","5","0","0","1","1","0","0"
"POINT (13.384128339000029 52.591155427000047)","Unfall 198958 (2019) Kat:3, Licht: 0","198958","3","2","0","09","08","5","0","0","1","1","0","0"
"POINT (13.510514579000073 52.444568568000079)","Unfall 198959 (2019) Kat:3, Licht: 0","198959","3","2","0","09","08","5","1","0","0","1","0","1"
"POINT (13.248026615000072 52.545613522000053)","Unfall 198960 (2019) Kat:2, Licht: 0","198960","2","3","5","09","08","5","0","0","1","0","0","0"
"POINT (13.270094250000056 52.497091835000049)","Unfall 198961 (2019) Kat:3, Licht: 0","198961","3","5","0","09","17","5","0","0","0","0","0","1"
"POINT (13.410507954000025 52.414035381000076)","Unfall 198962 (2019) Kat:3, Licht: 0","198962","3","3","5","09","17","5","0","0","0","1","0","0"
"POINT (13.244225039000071 52.614948687000037)","Unfall 198963 (2019) Kat:3, Licht: 0","198963","3","2","5","09","17","5","0","0","1","1","0","0"
"POINT (13.324816652000038 52.486479221000081)","Unfall 198964 (2019) Kat:2, Licht: 0","198964","2","7","6","09","17","5","0","0","0","1","1","0"
"POINT (13.303828951000071 52.499274845000059)","Unfall 198965 (2019) Kat:3, Licht: 0","198965","3","3","5","09","17","5","0","0","0","1","0","0"
"POINT (13.180971914000054 52.488430654000069)","Unfall 198966 (2019) Kat:2, Licht: 0","198966","2","1","0","09","16","5","0","0","1","0","0","0"
"POINT (13.133538304000069 52.461571603000039)","Unfall 198967 (2019) Kat:3, Licht: 0","198967","3","3","5","09","07","5","0","0","1","1","0","0"
"POINT (13.338819595000075 52.503439205000063)","Unfall 198968 (2019) Kat:3, Licht: 0","198968","3","4","6","09","15","5","0","0","0","1","1","0"
"POINT (13.586507262000055 52.444926899000052)","Unfall 198969 (2019) Kat:2, Licht: 0","198969","2","4","6","09","07","5","0","0","0","1","1","0"
"POINT (13.204888617000051 52.544131309000079)","Unfall 198970 (2019) Kat:2, Licht: 0","198970","2","3","5","09","15","6","0","0","0","1","0","1"
"POINT (13.604749533000074 52.536551787000064)","Unfall 198971 (2019) Kat:3, Licht: 0","198971","3","2","6","09","15","5","0","0","0","1","1","0"
"POINT (13.339998011000034 52.526328488000047)","Unfall 198972 (2019) Kat:3, Licht: 0","198972","3","5","1","09","15","6","0","0","1","1","0","0"
"POINT (13.152061875000072 52.415026559000069)","Unfall 198973 (2019) Kat:3, Licht: 0","198973","3","3","5","09","15","6","0","0","1","1","0","0"
"POINT (13.550181515000077 52.456426890000046)","Unfall 198974 (2019) Kat:3, Licht: 0","198974","3","1","0","09","07","5","1","0","0","0","0","1"
"POINT (13.386280894000038 52.553394408000031)","Unfall 198975 (2019) Kat:3, Licht: 0","198975","3","2","5","09","15","5","0","0","1","1","0","0"
"POINT (13.418688786000075 52.515286004000075)","Unfall 198976 (2019) Kat:3, Licht: 2","198976","3","6","2","09","21","6","0","2","0","1","0","0"
"POINT (13.300807118000023 52.527391794000039)","Unfall 198977 (2019) Kat:3, Licht: 0","198977","3","3","5","09","15","5","0","0","0","1","0","0"
"POINT (13.614383198000041 52.530227555000067)","Unfall 198978 (2019) Kat:3, Licht: 1","198978","3","3","5","09","06","5","1","1","0","1","0","0"
"POINT (13.320329019000042 52.483852599000045)","Unfall 198979 (2019) Kat:3, Licht: 0","198979","3","2","5","09","07","5","1","0","1","1","0","0"
"POINT (13.324256848000061 52.460656671000038)","Unfall 198980 (2019) Kat:3, Licht: 0","198980","3","1","0","09","11","5","0","0","1","0","0","0"
"POINT (13.394400569000027 52.486942866000049)","Unfall 198981 (2019) Kat:3, Licht: 0","198981","3","5","5","09","14","5","0","0","1","1","0","0"
"POINT (13.274944589000029 52.460360858000058)","Unfall 198982 (2019) Kat:3, Licht: 0","198982","3","2","5","09","16","5","0","0","1","1","0","0"
"POINT (13.231746910000027 52.437093252000068)","Unfall 198983 (2019) Kat:3, Licht: 0","198983","3","4","6","09","15","5","0","0","1","0","1","0"
"POINT (13.264809862000050 52.419272248000027)","Unfall 198984 (2019) Kat:2, Licht: 0","198984","2","7","2","09","06","5","1","0","0","1","0","0"
"POINT (13.343630124000072 52.488860154000065)","Unfall 198985 (2019) Kat:3, Licht: 0","198985","3","2","2","09","16","5","0","0","1","1","0","0"
"POINT (13.353387516000055 52.489227770000070)","Unfall 198986 (2019) Kat:3, Licht: 0","198986","3","7","5","09","14","5","0","0","0","0","0","1"
"POINT (13.415361968000070 52.518560796000031)","Unfall 198987 (2019) Kat:3, Licht: 0","198987","3","5","0","09","16","5","0","0","0","1","0","1"
"POINT (13.365593349000051 52.493794966000053)","Unfall 198988 (2019) Kat:3, Licht: 0","198988","3","3","5","09","14","5","0","0","1","1","0","0"
"POINT (13.302340246000028 52.518843763000064)","Unfall 198989 (2019) Kat:2, Licht: 0","198989","2","2","5","09","16","5","0","0","0","1","0","0"
"POINT (13.508777229000032 52.452467926000054)","Unfall 198990 (2019) Kat:3, Licht: 0","198990","3","2","0","09","14","5","0","0","0","1","0","1"
"POINT (13.370614420000038 52.470502234000037)","Unfall 198991 (2019) Kat:3, Licht: 0","198991","3","6","0","09","15","5","0","0","0","1","0","0"
"POINT (13.294541741000046 52.576283541000066)","Unfall 198992 (2019) Kat:3, Licht: 0","198992","3","2","2","09","15","5","0","0","0","1","0","1"
"POINT (13.279073785000037 52.525478532000079)","Unfall 198993 (2019) Kat:3, Licht: 0","198993","3","1","0","09","06","5","1","0","0","0","0","1"
"POINT (13.318117912000048 52.589349535000053)","Unfall 198994 (2019) Kat:3, Licht: 0","198994","3","3","5","09","06","5","1","0","0","1","0","1"
"POINT (13.200859217000072 52.549673453000082)","Unfall 198995 (2019) Kat:3, Licht: 0","198995","3","5","1","09","15","5","0","0","1","1","0","0"
"POINT (13.465295141000070 52.524338347000082)","Unfall 198996 (2019) Kat:3, Licht: 0","198996","3","5","1","09","15","5","0","0","0","1","0","0"
"POINT (13.373690585000077 52.563370361000068)","Unfall 198997 (2019) Kat:2, Licht: 1","198997","2","3","0","09","06","5","1","1","0","1","0","1"
"POINT (13.498080396000034 52.628281426000058)","Unfall 198998 (2019) Kat:3, Licht: 0","198998","3","3","5","09","14","5","0","0","0","1","0","0"
"POINT (13.433462944000041 52.444076810000070)","Unfall 198999 (2019) Kat:2, Licht: 1","198999","2","7","0","09","18","5","1","1","0","0","0","1"
"POINT (13.495477717000028 52.505296453000028)","Unfall 199000 (2019) Kat:2, Licht: 0","199000","2","4","6","09","14","5","0","0","1","0","1","0"
"POINT (13.446836104000056 52.502721226000062)","Unfall 199001 (2019) Kat:3, Licht: 0","199001","3","3","5","09","13","5","0","0","1","0","0","0"
"POINT (13.499949016000073 52.529190504000042)","Unfall 199002 (2019) Kat:2, Licht: 0","199002","2","3","5","09","13","5","0","0","1","1","0","0"
"POINT (13.315216036000038 52.613171459000057)","Unfall 199003 (2019) Kat:3, Licht: 0","199003","3","3","5","09","14","5","0","0","1","1","0","0"
"POINT (13.358403986000042 52.553990149000072)","Unfall 199004 (2019) Kat:3, Licht: 0","199004","3","6","2","09","13","5","0","0","0","1","0","0"
"POINT (13.329149168000072 52.563318116000062)","Unfall 199005 (2019) Kat:3, Licht: 0","199005","3","6","3","09","11","5","0","0","0","1","0","0"
"POINT (13.430429618000062 52.510408463000033)","Unfall 199006 (2019) Kat:3, Licht: 0","199006","3","6","2","09","11","5","0","0","1","0","0","0"
"POINT (13.287719859000049 52.496147997000037)","Unfall 199007 (2019) Kat:2, Licht: 2","199007","2","7","5","09","23","5","0","2","0","1","0","0"
"POINT (13.341078013000072 52.525584220000042)","Unfall 199008 (2019) Kat:3, Licht: 0","199008","3","4","6","09","14","5","0","0","0","0","1","0"
"POINT (13.601652397000066 52.538462518000074)","Unfall 199009 (2019) Kat:3, Licht: 0","199009","3","3","5","09","15","5","0","0","1","1","0","0"
"POINT (13.434036042000059 52.522970184000030)","Unfall 199010 (2019) Kat:3, Licht: 0","199010","3","6","2","09","12","4","0","0","1","1","0","0"
"POINT (13.394387097000049 52.507012379000059)","Unfall 199011 (2019) Kat:3, Licht: 2","199011","3","3","5","09","20","5","0","2","0","1","0","0"
"POINT (13.409889962000022 52.528978999000060)","Unfall 199012 (2019) Kat:3, Licht: 0","199012","3","3","3","09","14","4","0","0","1","1","0","0"
"POINT (13.418178656000066 52.554236960000026)","Unfall 199013 (2019) Kat:3, Licht: 2","199013","3","4","0","09","19","5","0","2","0","0","1","1"
"POINT (13.344944276000035 52.487311661000035)","Unfall 199014 (2019) Kat:2, Licht: 0","199014","2","6","3","09","18","5","0","0","0","1","0","0"
"POINT (13.400473511000030 52.529591212000071)","Unfall 199015 (2019) Kat:3, Licht: 2","199015","3","6","3","09","20","4","0","2","0","1","0","0"
"POINT (13.344907985000077 52.539058869000030)","Unfall 199016 (2019) Kat:3, Licht: 0","199016","3","2","5","09","19","4","0","0","1","1","0","0"
"POINT (13.286728709000045 52.495865138000056)","Unfall 199017 (2019) Kat:3, Licht: 0","199017","3","3","5","09","18","5","0","0","0","1","0","0"
"POINT (13.172677518000057 52.521974387000057)","Unfall 199018 (2019) Kat:2, Licht: 0","199018","2","3","5","09","18","5","0","0","1","1","0","0"
"POINT (13.412727110000048 52.451921052000046)","Unfall 199019 (2019) Kat:2, Licht: 0","199019","2","5","1","09","19","4","0","0","0","1","0","0"
"POINT (13.266911748000041 52.412115198000038)","Unfall 199020 (2019) Kat:2, Licht: 0","199020","2","2","5","09","17","5","0","0","0","1","0","1"
"POINT (13.393179867000072 52.524913690000062)","Unfall 199021 (2019) Kat:3, Licht: 0","199021","3","5","1","09","18","4","0","0","1","0","0","0"
"POINT (13.377270838000072 52.571241461000056)","Unfall 199022 (2019) Kat:2, Licht: 0","199022","2","4","6","09","17","5","0","0","0","1","1","0"
"POINT (13.377115375000074 52.561076519000039)","Unfall 199023 (2019) Kat:3, Licht: 0","199023","3","6","2","09","18","4","0","0","0","1","0","0"
"POINT (13.295526222000035 52.497950546000027)","Unfall 199024 (2019) Kat:3, Licht: 0","199024","3","5","1","09","10","5","0","0","1","1","0","0"
"POINT (13.301193530000035 52.514106505000029)","Unfall 199025 (2019) Kat:3, Licht: 0","199025","3","5","1","09","18","4","0","0","0","1","0","0"
"POINT (13.322367992000068 52.485584199000073)","Unfall 199026 (2019) Kat:3, Licht: 0","199026","3","3","5","09","10","5","0","0","0","1","0","1"
"POINT (13.170465977000049 52.533658367000044)","Unfall 199027 (2019) Kat:3, Licht: 0","199027","3","3","5","09","10","5","1","0","0","1","0","1"
"POINT (13.496070515000042 52.417418103000045)","Unfall 199028 (2019) Kat:3, Licht: 0","199028","3","3","5","09","18","4","0","0","0","1","0","1"
"POINT (13.331011343000057 52.492966104000061)","Unfall 199029 (2019) Kat:3, Licht: 0","199029","3","6","2","09","18","4","0","0","0","1","0","0"
"POINT (13.345180064000033 52.554415862000042)","Unfall 199030 (2019) Kat:3, Licht: 0","199030","3","6","3","09","09","5","0","0","0","1","0","0"
"POINT (13.202300619000027 52.539935976000038)","Unfall 199031 (2019) Kat:3, Licht: 0","199031","3","6","3","09","18","4","0","0","0","0","0","1"
"POINT (13.445878809000021 52.544639123000081)","Unfall 199032 (2019) Kat:3, Licht: 0","199032","3","3","5","09","09","5","0","0","1","1","0","0"
"POINT (13.521416454000075 52.466410107000058)","Unfall 199033 (2019) Kat:3, Licht: 0","199033","3","2","5","09","17","4","0","0","0","1","0","1"
"POINT (13.276997306000055 52.518700350000074)","Unfall 199034 (2019) Kat:3, Licht: 0","199034","3","6","3","09","09","5","0","0","0","0","0","1"
"POINT (13.417829915000027 52.506580825000071)","Unfall 199035 (2019) Kat:3, Licht: 0","199035","3","2","5","09","17","4","0","0","1","0","0","1"
"POINT (13.448613723000051 52.440351501000066)","Unfall 199036 (2019) Kat:3, Licht: 0","199036","3","7","2","09","07","5","0","0","1","1","0","0"
"POINT (13.369603761000064 52.597489580000058)","Unfall 199037 (2019) Kat:2, Licht: 0","199037","2","3","5","09","16","4","0","0","1","1","0","0"
"POINT (13.413453720000064 52.525276569000027)","Unfall 199038 (2019) Kat:3, Licht: 0","199038","3","3","5","09","08","5","1","0","1","0","0","1"
"POINT (13.389766275000056 52.495908326000063)","Unfall 199039 (2019) Kat:3, Licht: 0","199039","3","2","5","09","07","5","1","0","1","1","0","0"
"POINT (13.294249307000030 52.497724269000059)","Unfall 199040 (2019) Kat:3, Licht: 0","199040","3","3","2","09","16","4","0","0","1","1","0","0"
"POINT (13.330401782000024 52.562454145000061)","Unfall 199041 (2019) Kat:2, Licht: 2","199041","2","3","0","09","05","5","1","2","1","1","0","0"
"POINT (13.414187803000061 52.502678733000039)","Unfall 199042 (2019) Kat:3, Licht: 0","199042","3","5","1","09","16","4","0","0","1","1","0","0"
"POINT (13.343264698000041 52.518750212000043)","Unfall 199043 (2019) Kat:2, Licht: 0","199043","2","4","6","09","16","5","0","0","1","0","1","0"
"POINT (13.387696552000023 52.523623941000039)","Unfall 199044 (2019) Kat:3, Licht: 0","199044","3","6","3","09","08","4","0","0","1","1","0","0"
"POINT (13.419552964000047 52.440670048000072)","Unfall 199045 (2019) Kat:3, Licht: 0","199045","3","6","3","09","15","4","0","0","1","0","0","0"
"POINT (13.551328973000068 52.436817232000067)","Unfall 199046 (2019) Kat:3, Licht: 0","199046","3","3","0","09","15","4","0","0","1","0","0","0"
"POINT (13.315488893000065 52.458830927000065)","Unfall 199047 (2019) Kat:3, Licht: 0","199047","3","3","5","09","15","4","0","0","1","1","0","0"
"POINT (13.432807423000042 52.468823235000059)","Unfall 199048 (2019) Kat:3, Licht: 0","199048","3","2","2","09","16","4","0","0","1","0","0","0"
"POINT (13.402592046000052 52.516377955000053)","Unfall 199049 (2019) Kat:3, Licht: 0","199049","3","2","2","09","15","4","0","0","1","0","0","0"
"POINT (13.320993582000028 52.544705806000081)","Unfall 199050 (2019) Kat:3, Licht: 2","199050","3","6","2","09","21","4","0","2","0","1","0","0"
"POINT (13.624798147000035 52.451554397000052)","Unfall 199051 (2019) Kat:3, Licht: 0","199051","3","2","5","09","12","4","0","0","1","1","0","0"
"POINT (13.391836376000072 52.509567251000078)","Unfall 199052 (2019) Kat:3, Licht: 2","199052","3","3","5","09","21","4","0","2","0","1","0","0"
"POINT (13.177276606000078 52.517017243000055)","Unfall 199053 (2019) Kat:3, Licht: 2","199053","3","4","6","09","20","4","0","2","1","0","1","0"
"POINT (13.332687946000021 52.472453595000047)","Unfall 199054 (2019) Kat:3, Licht: 0","199054","3","2","6","09","11","4","0","0","0","1","1","0"
"POINT (13.373160091000045 52.543919883000058)","Unfall 199055 (2019) Kat:2, Licht: 0","199055","2","2","2","09","11","4","0","0","0","0","0","1"
"POINT (13.485100649000060 52.515852130000042)","Unfall 199056 (2019) Kat:3, Licht: 2","199056","3","2","5","09","20","4","0","2","0","1","0","1"
"POINT (13.341086609000058 52.544529142000044)","Unfall 199057 (2019) Kat:3, Licht: 0","199057","3","3","2","09","10","4","0","0","0","1","0","0"
"POINT (13.281472149000024 52.477054898000063)","Unfall 199058 (2019) Kat:2, Licht: 2","199058","2","4","6","09","20","4","0","2","0","1","1","0"
"POINT (13.503587442000025 52.460717569000053)","Unfall 199059 (2019) Kat:3, Licht: 2","199059","3","3","5","09","00","4","0","2","0","1","0","0"
"POINT (13.391224342000044 52.540402012000072)","Unfall 199060 (2019) Kat:3, Licht: 2","199060","3","5","1","09","19","4","0","2","0","1","0","0"
"POINT (13.593868824000026 52.447248429000069)","Unfall 199061 (2019) Kat:3, Licht: 0","199061","3","4","6","09","10","4","0","0","1","0","1","0"
"POINT (13.436989242000038 52.571983781000029)","Unfall 199062 (2019) Kat:3, Licht: 1","199062","3","2","5","09","19","4","0","1","0","1","0","0"