WKT,Name,OBJECTID,UKATEGORIE,UTYP1,UART,UMONAT,USTUNDE,UWOCHENTAG,STRZUSTAND,ULICHTVERH,ISTRAD,ISTPKW,ISTFUSS,ISTKRAD
"POINT (13.405347812000059 52.540794856000048)","Unfall 199063 (2019) Kat:3, Licht: 1","199063","3","6","4","09","19","4","0","1","1","0","0","0"
"POINT (13.313069896000059 52.477699542000039)","Unfall 199064 (2019) Kat:3, Licht: 0","199064","3","5","0","09","10","4","0","0","0","1","0","1"
"POINT (13.405804208000063 52.540882103000058)","Unfall 199065 (2019) Kat:3, Licht: 0","199065","3","6","3","09","19","4","0","0","1","0","0","0"
"POINT (13.334608252000066 52.431957896000029)","Unfall 199066 (2019) Kat:3, Licht: 0","199066","3","3","5","09","15","4","0","0","1","0","0","0"
"POINT (13.461384435000070 52.511025207000046)","Unfall 199067 (2019) Kat:3, Licht: 0","199067","3","1","0","09","18","4","0","0","1","1","0","0"
"POINT (13.294815586000027 52.576269367000066)","Unfall 199068 (2019) Kat:2, Licht: 0","199068","2","2","5","09","10","4","0","0","0","1","0","0"
"POINT (13.249809322000033 52.538108484000077)","Unfall 199069 (2019) Kat:3, Licht: 0","199069","3","3","5","09","17","4","0","0","0","1","0","0"
"POINT (13.231304669000053 52.538232572000027)","Unfall 199070 (2019) Kat:3, Licht: 0","199070","3","2","5","09","14","4","0","0","1","0","0","0"
"POINT (13.518864814000040 52.513721571000076)","Unfall 199071 (2019) Kat:3, Licht: 0","199071","3","6","2","09","17","4","0","0","0","1","0","0"
"POINT (13.576281616000074 52.454557050000062)","Unfall 199072 (2019) Kat:3, Licht: 0","199072","3","3","5","09","09","4","0","0","1","1","0","0"
"POINT (13.279804880000029 52.508683301000076)","Unfall 199073 (2019) Kat:3, Licht: 0","199073","3","3","5","09","10","4","0","0","0","1","0","0"
"POINT (13.457776091000028 52.529031941000028)","Unfall 199074 (2019) Kat:3, Licht: 0","199074","3","2","5","09","17","4","0","0","1","1","0","0"
"POINT (13.378011464000053 52.468630931000064)","Unfall 199075 (2019) Kat:3, Licht: 0","199075","3","2","5","09","14","4","0","0","1","1","0","0"
"POINT (13.370573907000050 52.468900154000039)","Unfall 199076 (2019) Kat:3, Licht: 0","199076","3","3","5","09","16","4","0","0","0","1","0","0"
"POINT (13.299607892000040 52.494333091000044)","Unfall 199077 (2019) Kat:3, Licht: 0","199077","3","3","5","09","14","4","0","0","0","1","0","1"
"POINT (13.513783665000062 52.539490291000050)","Unfall 199078 (2019) Kat:3, Licht: 0","199078","3","6","2","09","16","4","0","0","0","1","0","0"
"POINT (13.315593602000035 52.453382611000052)","Unfall 199079 (2019) Kat:3, Licht: 0","199079","3","2","5","09","14","4","0","0","1","1","0","0"
"POINT (13.400979372000052 52.518363148000049)","Unfall 199080 (2019) Kat:3, Licht: 0","199080","3","2","5","09","07","4","0","0","1","0","0","1"
"POINT (13.506766575000029 52.463636622000081)","Unfall 199081 (2019) Kat:3, Licht: 0","199081","3","3","5","09","12","4","0","0","0","0","0","0"
"POINT (13.200562184000034 52.537794804000043)","Unfall 199082 (2019) Kat:3, Licht: 0","199082","3","2","0","09","09","4","0","0","0","1","0","0"
"POINT (13.473783112000035 52.438223138000069)","Unfall 199083 (2019) Kat:3, Licht: 0","199083","3","2","5","09","14","4","0","0","0","1","0","1"
"POINT (13.291570178000029 52.633859849000032)","Unfall 199084 (2019) Kat:3, Licht: 0","199084","3","5","1","09","12","4","0","0","1","1","0","0"
"POINT (13.342364292000070 52.459560123000074)","Unfall 199085 (2019) Kat:3, Licht: 0","199085","3","3","5","09","12","4","0","0","0","1","0","1"
"POINT (13.320411545000070 52.483649898000067)","Unfall 199086 (2019) Kat:2, Licht: 0","199086","2","2","5","09","10","4","0","0","1","0","0","0"
"POINT (13.430030746000057 52.498163125000076)","Unfall 199087 (2019) Kat:3, Licht: 0","199087","3","7","0","09","11","4","0","0","0","1","0","0"
"POINT (13.293507507000072 52.484171952000054)","Unfall 199088 (2019) Kat:2, Licht: 0","199088","2","4","6","09","13","4","0","0","0","0","1","1"
"POINT (13.513530942000045 52.464761291000059)","Unfall 199089 (2019) Kat:3, Licht: 0","199089","3","2","5","09","11","4","0","0","1","0","0","0"
"POINT (13.366521475000070 52.556886583000050)","Unfall 199090 (2019) Kat:3, Licht: 0","199090","3","5","1","09","10","4","0","0","1","1","0","0"
"POINT (13.563863608000077 52.518849315000068)","Unfall 199091 (2019) Kat:3, Licht: 0","199091","3","7","5","09","09","4","0","0","0","1","0","0"
"POINT (13.428167786000074 52.493434674000071)","Unfall 199092 (2019) Kat:3, Licht: 0","199092","3","2","5","09","10","4","0","0","1","1","0","0"
"POINT (13.307109383000068 52.513958833000061)","Unfall 199093 (2019) Kat:3, Licht: 0","199093","3","5","1","09","09","4","0","0","1","1","0","0"
"POINT (13.345074140000065 52.492256793000081)","Unfall 199094 (2019) Kat:3, Licht: 0","199094","3","2","5","09","12","4","0","0","0","1","0","0"
"POINT (13.350010986000029 52.513794922000045)","Unfall 199095 (2019) Kat:3, Licht: 0","199095","3","2","2","09","08","4","0","0","0","1","0","1"
"POINT (13.519649336000043 52.505870804000040)","Unfall 199096 (2019) Kat:3, Licht: 0","199096","3","2","5","09","08","4","0","0","1","1","0","0"
"POINT (13.464709275000075 52.530563151000081)","Unfall 199097 (2019) Kat:3, Licht: 0","199097","3","6","0","09","09","4","0","0","0","1","0","0"
"POINT (13.446646803000021 52.502813461000073)","Unfall 199098 (2019) Kat:3, Licht: 0","199098","3","2","5","09","08","4","0","0","1","1","0","0"
"POINT (13.347213542000077 52.495179983000071)","Unfall 199099 (2019) Kat:3, Licht: 0","199099","3","7","6","09","07","4","0","0","0","0","0","0"
"POINT (13.291544532000046 52.596022801000061)","Unfall 199100 (2019) Kat:3, Licht: 0","199100","3","2","5","09","07","4","0","0","1","1","0","0"
"POINT (13.718701809000038 52.431521339000028)","Unfall 199101 (2019) Kat:3, Licht: 0","199101","3","3","5","09","12","4","0","0","1","1","0","0"
"POINT (13.392369960000053 52.507114833000060)","Unfall 199102 (2019) Kat:3, Licht: 0","199102","3","6","3","09","07","4","0","0","1","1","0","0"
"POINT (13.297322115000043 52.548002494000059)","Unfall 199103 (2019) Kat:2, Licht: 0","199103","2","3","0","09","06","4","0","0","0","1","0","1"
"POINT (13.329969391000077 52.587205240000060)","Unfall 199104 (2019) Kat:3, Licht: 2","199104","3","3","0","09","05","4","0","2","1","1","0","0"
"POINT (13.207934254000065 52.583324033000054)","Unfall 199105 (2019) Kat:3, Licht: 1","199105","3","7","0","09","05","4","0","1","0","0","0","1"
"POINT (13.567077218000065 52.454905195000038)","Unfall 199106 (2019) Kat:3, Licht: 0","199106","3","2","5","09","06","4","0","0","1","1","0","0"
"POINT (13.596582280000064 52.441496519000054)","Unfall 199107 (2019) Kat:3, Licht: 0","199107","3","2","0","09","14","4","0","0","0","1","0","0"
"POINT (13.211363238000047 52.560255429000051)","Unfall 199108 (2019) Kat:3, Licht: 2","199108","3","4","6","09","00","4","0","2","0","0","1","0"
"POINT (13.284591015000046 52.588803296000037)","Unfall 199109 (2019) Kat:3, Licht: 0","199109","3","1","9","09","16","4","0","0","0","1","0","0"
"POINT (13.322623866000072 52.565339140000049)","Unfall 199110 (2019) Kat:3, Licht: 0","199110","3","3","5","09","12","3","0","0","0","1","0","0"
"POINT (13.421141551000062 52.480144584000072)","Unfall 199111 (2019) Kat:3, Licht: 0","199111","3","2","5","09","15","4","0","0","1","1","0","0"
"POINT (13.498244842000076 52.514281816000050)","Unfall 199112 (2019) Kat:3, Licht: 0","199112","3","5","1","09","17","3","0","0","1","1","0","0"
"POINT (13.329672081000069 52.562368778000064)","Unfall 199113 (2019) Kat:3, Licht: 0","199113","3","6","3","09","15","4","0","0","0","1","0","1"
"POINT (13.291035124000075 52.519104212000059)","Unfall 199114 (2019) Kat:2, Licht: 0","199114","2","7","0","09","15","4","0","0","1","1","0","0"
"POINT (13.519142206000026 52.509965132000048)","Unfall 199115 (2019) Kat:3, Licht: 0","199115","3","3","5","09","08","3","0","0","1","0","0","0"
"POINT (13.526868375000049 52.492131331000053)","Unfall 199116 (2019) Kat:3, Licht: 0","199116","3","2","5","09","15","4","0","0","1","1","0","0"
"POINT (13.557128680000062 52.534301859000038)","Unfall 199117 (2019) Kat:3, Licht: 0","199117","3","7","5","09","15","4","0","0","0","0","0","1"
"POINT (13.432600758000035 52.590677273000040)","Unfall 199118 (2019) Kat:3, Licht: 0","199118","3","3","5","09","14","3","0","0","0","1","0","1"
"POINT (13.395268207000072 52.520433514000047)","Unfall 199119 (2019) Kat:3, Licht: 0","199119","3","1","0","09","11","4","0","0","1","0","0","0"
"POINT (13.439444706000074 52.498385487000064)","Unfall 199120 (2019) Kat:3, Licht: 2","199120","3","5","1","09","23","3","0","2","0","0","0","0"
"POINT (13.395635503000051 52.454262748000076)","Unfall 199121 (2019) Kat:3, Licht: 0","199121","3","3","5","09","13","4","0","0","0","1","0","0"
"POINT (13.381640918000073 52.556274047000045)","Unfall 199122 (2019) Kat:3, Licht: 0","199122","3","2","5","09","12","4","0","0","1","1","0","0"
"POINT (13.360341058000074 52.537243468000042)","Unfall 199123 (2019) Kat:3, Licht: 0","199123","3","2","5","09","15","3","0","0","1","1","0","0"
"POINT (13.184790741000029 52.538060085000041)","Unfall 199124 (2019) Kat:2, Licht: 1","199124","2","4","6","09","20","3","0","1","0","1","1","0"
"POINT (13.360347233000027 52.537237417000028)","Unfall 199125 (2019) Kat:2, Licht: 0","199125","2","7","0","09","08","4","0","0","0","1","0","0"
"POINT (13.168979317000037 52.523755036000068)","Unfall 199126 (2019) Kat:3, Licht: 0","199126","3","7","2","09","13","3","0","0","0","1","0","0"
"POINT (13.384337360000075 52.509728959000029)","Unfall 199127 (2019) Kat:3, Licht: 2","199127","3","6","2","09","20","3","0","2","1","1","0","0"
"POINT (13.373271459000023 52.557247385000039)","Unfall 199128 (2019) Kat:2, Licht: 0","199128","2","3","5","09","16","3","0","0","0","1","0","1"
"POINT (13.279850927000041 52.588122355000053)","Unfall 199129 (2019) Kat:3, Licht: 0","199129","3","3","5","09","15","3","0","0","1","1","0","0"
"POINT (13.449832365000077 52.445554170000037)","Unfall 199130 (2019) Kat:3, Licht: 1","199130","3","2","5","09","19","3","0","1","0","1","0","0"
"POINT (13.320006332000048 52.446355996000079)","Unfall 199131 (2019) Kat:3, Licht: 0","199131","3","5","1","09","12","3","0","0","0","1","0","1"
"POINT (13.184303643000021 52.534173736000071)","Unfall 199132 (2019) Kat:3, Licht: 0","199132","3","2","5","09","16","3","0","0","0","1","0","0"
"POINT (13.399685463000026 52.520249824000075)","Unfall 199133 (2019) Kat:2, Licht: 0","199133","2","1","0","09","14","3","0","0","0","0","0","0"
"POINT (13.432518900000048 52.497196000000031)","Unfall 199134 (2019) Kat:3, Licht: 0","199134","3","6","3","09","16","3","0","0","0","1","0","1"
"POINT (13.563342210000030 52.445737102000066)","Unfall 199135 (2019) Kat:3, Licht: 0","199135","3","6","2","09","18","3","0","0","0","1","0","0"
"POINT (13.484686255000042 52.460248819000071)","Unfall 199136 (2019) Kat:3, Licht: 0","199136","3","3","5","09","16","3","0","0","0","1","0","0"
"POINT (13.439772370000071 52.518493916000068)","Unfall 199137 (2019) Kat:3, Licht: 0","199137","3","7","2","09","14","3","0","0","1","1","0","0"
"POINT (13.209875308000051 52.548075907000054)","Unfall 199138 (2019) Kat:3, Licht: 0","199138","3","7","5","09","16","3","0","0","0","1","0","1"
"POINT (13.286990280000055 52.417846749000034)","Unfall 199139 (2019) Kat:3, Licht: 0","199139","3","3","5","09","13","3","0","0","0","1","0","0"
"POINT (13.317904994000060 52.495171720000030)","Unfall 199140 (2019) Kat:3, Licht: 0","199140","3","5","1","09","15","3","0","0","1","1","0","0"
"POINT (13.334477961000061 52.570615223000061)","Unfall 199141 (2019) Kat:3, Licht: 0","199141","3","3","5","09","16","3","0","0","0","1","0","1"
"POINT (13.315410963000033 52.447786091000069)","Unfall 199142 (2019) Kat:3, Licht: 0","199142","3","6","2","09","15","3","0","0","0","1","0","0"
"POINT (13.526650914000072 52.426384470000073)","Unfall 199143 (2019) Kat:3, Licht: 0","199143","3","2","5","09","17","3","0","0","1","0","0","0"
"POINT (13.342552183000066 52.556224185000076)","Unfall 199144 (2019) Kat:3, Licht: 0","199144","3","6","2","09","15","3","0","0","1","1","0","0"
"POINT (13.292795849000072 52.506648946000041)","Unfall 199145 (2019) Kat:3, Licht: 0","199145","3","3","0","09","13","3","1","0","0","1","0","0"
"POINT (13.328266478000046 52.526366550000034)","Unfall 199146 (2019) Kat:3, Licht: 0","199146","3","4","0","09","15","3","0","0","0","0","1","0"
"POINT (13.439424438000060 52.502385467000067)","Unfall 199147 (2019) Kat:3, Licht: 0","199147","3","7","2","09","15","3","0","0","1","1","0","0"
"POINT (13.603474608000056 52.542239602000052)","Unfall 199148 (2019) Kat:2, Licht: 0","199148","2","5","1","09","13","3","1","0","0","1","0","0"
"POINT (13.319902322000075 52.606867095000041)","Unfall 199149 (2019) Kat:3, Licht: 0","199149","3","6","2","09","14","3","0","0","0","1","0","0"
"POINT (13.246776760000046 52.420686529000079)","Unfall 199150 (2019) Kat:2, Licht: 0","199150","2","3","5","09","16","3","0","0","1","1","0","0"
"POINT (13.600483542000063 52.476571525000054)","Unfall 199151 (2019) Kat:3, Licht: 0","199151","3","6","3","09","14","3","0","0","1","1","0","0"
"POINT (13.474415241000031 52.504490200000077)","Unfall 199152 (2019) Kat:3, Licht: 0","199152","3","3","5","09","14","3","0","0","1","1","0","0"
"POINT (13.395411257000035 52.565683605000061)","Unfall 199153 (2019) Kat:3, Licht: 0","199153","3","2","5","09","12","3","0","0","1","1","0","0"
"POINT (13.563707767000039 52.541793173000030)","Unfall 199154 (2019) Kat:3, Licht: 0","199154","3","2","5","09","14","3","0","0","1","1","0","0"
"POINT (13.424838897000029 52.482524123000076)","Unfall 199155 (2019) Kat:3, Licht: 0","199155","3","7","5","09","11","3","0","0","0","1","0","0"
"POINT (13.306530133000024 52.477055930000063)","Unfall 199156 (2019) Kat:3, Licht: 0","199156","3","5","0","09","13","3","0","0","0","1","0","1"
"POINT (13.434127705000037 52.442796568000063)","Unfall 199157 (2019) Kat:3, Licht: 0","199157","3","2","5","09","11","3","0","0","0","1","0","0"
"POINT (13.338373675000071 52.503388319000067)","Unfall 199158 (2019) Kat:3, Licht: 0","199158","3","7","6","09","12","3","0","0","0","1","1","0"
"POINT (13.389742077000051 52.495910868000067)","Unfall 199159 (2019) Kat:3, Licht: 0","199159","3","2","5","09","10","3","0","0","1","1","0","0"
"POINT (13.469746660000055 52.563999993000039)","Unfall 199160 (2019) Kat:3, Licht: 0","199160","3","2","0","09","10","3","0","0","0","0","0","1"
"POINT (13.476145960000053 52.418463353000050)","Unfall 199161 (2019) Kat:2, Licht: 0","199161","2","7","5","09","10","3","0","0","0","1","0","1"
"POINT (13.411758519000045 52.523965602000033)","Unfall 199162 (2019) Kat:3, Licht: 0","199162","3","2","5","09","10","3","0","0","0","1","0","0"
"POINT (13.423543202000076 52.555045320000033)","Unfall 199163 (2019) Kat:3, Licht: 0","199163","3","2","6","09","10","3","1","0","0","1","1","0"
"POINT (13.349451713000065 52.542319304000046)","Unfall 199164 (2019) Kat:3, Licht: 0","199164","3","2","5","09","10","3","0","0","1","1","0","0"
"POINT (13.303021225000066 52.505543177000050)","Unfall 199165 (2019) Kat:2, Licht: 0","199165","2","2","5","09","10","3","1","0","0","1","0","1"
"POINT (13.538911508000069 52.434425787000066)","Unfall 199166 (2019) Kat:3, Licht: 0","199166","3","2","6","09","09","3","0","0","0","1","1","0"
"POINT (13.296619241000030 52.516795188000060)","Unfall 199167 (2019) Kat:3, Licht: 0","199167","3","1","0","09","10","3","1","0","1","0","0","0"
"POINT (13.407761117000064 52.551019720000056)","Unfall 199168 (2019) Kat:3, Licht: 2","199168","3","1","0","09","22","3","0","2","1","0","0","0"
"POINT (13.476775806000035 52.500765887000057)","Unfall 199169 (2019) Kat:3, Licht: 0","199169","3","5","1","09","09","3","0","0","1","0","0","0"
"POINT (13.346837723000021 52.547952348000081)","Unfall 199170 (2019) Kat:3, Licht: 0","199170","3","7","0","09","10","3","1","0","1","0","0","0"
"POINT (13.488244593000047 52.518404000000032)","Unfall 199171 (2019) Kat:3, Licht: 0","199171","3","6","0","09","08","3","0","0","1","1","0","0"
"POINT (13.400308936000044 52.483711103000076)","Unfall 199172 (2019) Kat:3, Licht: 0","199172","3","2","5","09","08","3","0","0","1","1","0","0"
"POINT (13.218556737000029 52.560274818000039)","Unfall 199173 (2019) Kat:3, Licht: 0","199173","3","6","2","09","08","3","0","0","0","1","0","0"
"POINT (13.435759608000069 52.423462476000054)","Unfall 199174 (2019) Kat:3, Licht: 0","199174","3","7","6","09","09","3","0","0","0","1","1","0"
"POINT (13.335497236000037 52.499303074000068)","Unfall 199175 (2019) Kat:3, Licht: 0","199175","3","3","5","09","08","3","0","0","0","1","0","0"
"POINT (13.382376487000045 52.489851118000047)","Unfall 199176 (2019) Kat:3, Licht: 0","199176","3","2","5","09","09","3","1","0","1","0","0","0"
"POINT (13.479402319000030 52.523779717000082)","Unfall 199177 (2019) Kat:3, Licht: 0","199177","3","4","6","09","07","3","0","0","0","0","1","1"
"POINT (13.389303628000050 52.489749892000077)","Unfall 199178 (2019) Kat:2, Licht: 2","199178","2","7","3","09","21","3","0","2","1","1","0","0"
"POINT (13.483150372000068 52.554871429000059)","Unfall 199179 (2019) Kat:3, Licht: 0","199179","3","2","5","09","07","3","0","0","1","1","0","0"
"POINT (13.350034272000073 52.503385266000066)","Unfall 199180 (2019) Kat:3, Licht: 0","199180","3","6","2","09","07","3","1","0","0","1","0","0"
"POINT (13.360512874000051 52.446617987000081)","Unfall 199181 (2019) Kat:2, Licht: 0","199181","2","4","6","09","07","3","0","0","0","1","1","0"
"POINT (13.466300132000072 52.500487890000045)","Unfall 199182 (2019) Kat:3, Licht: 0","199182","3","2","5","09","07","3","1","0","1","1","0","0"
"POINT (13.385477526000045 52.518591900000047)","Unfall 199183 (2019) Kat:3, Licht: 0","199183","3","3","5","09","06","3","0","0","1","1","0","0"
"POINT (13.405179805000046 52.528664203000062)","Unfall 199184 (2019) Kat:3, Licht: 2","199184","3","3","5","09","23","3","0","2","1","0","0","1"
"POINT (13.478861991000031 52.414046051000071)","Unfall 199185 (2019) Kat:3, Licht: 0","199185","3","3","5","09","16","3","0","0","1","1","0","0"
"POINT (13.579179383000053 52.550728267000068)","Unfall 199186 (2019) Kat:3, Licht: 0","199186","3","3","5","09","18","3","0","0","1","1","0","0"
"POINT (13.301955235000037 52.518805725000050)","Unfall 199187 (2019) Kat:3, Licht: 0","199187","3","4","0","09","17","3","0","0","1","0","1","0"
"POINT (13.563061936000054 52.514312652000058)","Unfall 199188 (2019) Kat:3, Licht: 0","199188","3","3","0","09","08","3","0","0","0","1","0","0"
"POINT (13.427361577000056 52.474853678000045)","Unfall 199189 (2019) Kat:3, Licht: 0","199189","3","6","2","09","14","3","0","0","0","1","0","0"
"POINT (13.322940710000069 52.489980324000044)","Unfall 199190 (2019) Kat:2, Licht: 0","199190","2","2","5","09","17","3","0","0","0","1","0","1"
"POINT (13.321201662000021 52.429633407000040)","Unfall 199191 (2019) Kat:3, Licht: 0","199191","3","3","5","09","16","3","0","0","0","1","0","0"
"POINT (13.333226515000035 52.578845088000037)","Unfall 199192 (2019) Kat:1, Licht: 2","199192","1","3","5","09","19","3","0","2","0","1","0","1"
"POINT (13.184451855000077 52.546080439000036)","Unfall 199193 (2019) Kat:3, Licht: 0","199193","3","6","2","09","11","3","0","0","0","1","0","0"
"POINT (13.446309870000050 52.498752969000066)","Unfall 199194 (2019) Kat:3, Licht: 0","199194","3","5","1","09","14","2","0","0","1","1","0","0"
"POINT (13.430427323000060 52.551247350000040)","Unfall 199195 (2019) Kat:3, Licht: 2","199195","3","3","5","09","01","3","1","2","0","1","0","0"
"POINT (13.437462915000026 52.478971208000075)","Unfall 199196 (2019) Kat:3, Licht: 0","199196","3","2","2","09","14","2","0","0","0","1","0","1"
"POINT (13.433432719000052 52.508912008000038)","Unfall 199197 (2019) Kat:3, Licht: 0","199197","3","5","1","09","14","3","0","0","0","1","0","0"
"POINT (13.586940474000073 52.512312864000080)","Unfall 199198 (2019) Kat:3, Licht: 0","199198","3","3","5","09","10","2","0","0","1","0","0","0"
"POINT (13.469883512000024 52.547716041000058)","Unfall 199199 (2019) Kat:2, Licht: 1","199199","2","7","6","09","06","2","0","1","1","0","1","0"
"POINT (13.524388380000062 52.478586698000072)","Unfall 199200 (2019) Kat:3, Licht: 0","199200","3","2","2","09","08","2","0","0","1","1","0","0"
"POINT (13.520201778000057 52.555320547000065)","Unfall 199201 (2019) Kat:3, Licht: 2","199201","3","1","1","09","22","2","1","2","0","1","0","0"
"POINT (13.335297260000061 52.473764689000063)","Unfall 199202 (2019) Kat:3, Licht: 0","199202","3","3","5","09","16","2","0","0","1","0","0","0"
"POINT (13.361387128000047 52.479414595000037)","Unfall 199203 (2019) Kat:2, Licht: 0","199203","2","3","5","09","12","2","1","0","1","1","0","0"
"POINT (13.525354336000078 52.481512497000040)","Unfall 199204 (2019) Kat:3, Licht: 2","199204","3","7","6","09","05","2","1","2","0","1","0","0"
"POINT (13.305823680000060 52.620416297000077)","Unfall 199205 (2019) Kat:2, Licht: 2","199205","2","3","5","09","21","2","0","2","0","1","0","1"
"POINT (13.362647276000075 52.600624373000073)","Unfall 199206 (2019) Kat:3, Licht: 2","199206","3","3","5","09","20","2","1","2","0","1","0","0"
"POINT (13.415264153000066 52.526836388000049)","Unfall 199207 (2019) Kat:3, Licht: 0","199207","3","7","6","09","18","2","0","0","0","1","1","0"
"POINT (13.377410130000044 52.571319547000030)","Unfall 199208 (2019) Kat:3, Licht: 2","199208","3","3","5","09","19","2","1","2","0","1","0","0"
"POINT (13.391387923000025 52.513117949000048)","Unfall 199209 (2019) Kat:3, Licht: 0","199209","3","6","3","09","18","2","0","0","1","1","0","0"
"POINT (13.181787013000076 52.534082203000082)","Unfall 199210 (2019) Kat:3, Licht: 2","199210","3","2","6","09","05","2","1","2","0","1","1","0"
"POINT (13.318932088000054 52.587570379000056)","Unfall 199211 (2019) Kat:2, Licht: 0","199211","2","4","6","09","18","2","0","0","0","1","1","0"
"POINT (13.328874717000076 52.523980481000081)","Unfall 199212 (2019) Kat:3, Licht: 1","199212","3","6","2","09","19","2","1","1","0","1","0","0"
"POINT (13.368191279000030 52.525701454000057)","Unfall 199213 (2019) Kat:3, Licht: 0","199213","3","6","2","09","18","2","1","0","0","1","0","0"
"POINT (13.419643947000054 52.506091882000078)","Unfall 199214 (2019) Kat:3, Licht: 0","199214","3","3","5","09","17","2","0","0","1","1","0","0"
"POINT (13.319374547000052 52.492220520000046)","Unfall 199215 (2019) Kat:3, Licht: 0","199215","3","2","5","09","17","2","0","0","1","1","0","0"
"POINT (13.294965548000050 52.444546629000058)","Unfall 199216 (2019) Kat:3, Licht: 0","199216","3","6","2","09","13","2","1","0","0","1","0","1"
"POINT (13.294806924000056 52.576489153000068)","Unfall 199217 (2019) Kat:3, Licht: 0","199217","3","4","6","09","16","2","1","0","0","1","1","0"
"POINT (13.372258385000066 52.469709599000055)","Unfall 199218 (2019) Kat:3, Licht: 0","199218","3","3","5","09","17","2","0","0","0","1","0","0"
"POINT (13.429957221000052 52.442863701000078)","Unfall 199219 (2019) Kat:3, Licht: 0","199219","3","6","2","09","12","2","1","0","0","1","0","0"
"POINT (13.276670317000026 52.512581882000063)","Unfall 199220 (2019) Kat:3, Licht: 0","199220","3","2","5","09","17","2","0","0","1","1","0","0"
"POINT (13.322213425000029 52.573909231000073)","Unfall 199221 (2019) Kat:3, Licht: 0","199221","3","3","5","09","16","2","1","0","0","1","0","0"
"POINT (13.279723504000060 52.432456695000042)","Unfall 199222 (2019) Kat:3, Licht: 0","199222","3","2","5","09","16","2","1","0","0","1","0","0"
"POINT (13.209298955000065 52.547341618000075)","Unfall 199223 (2019) Kat:3, Licht: 0","199223","3","3","5","09","17","2","0","0","1","1","0","0"
"POINT (13.294725059000029 52.457995752000045)","Unfall 199224 (2019) Kat:3, Licht: 0","199224","3","7","2","09","10","2","1","0","0","1","0","0"
"POINT (13.257567823000045 52.518473920000076)","Unfall 199225 (2019) Kat:3, Licht: 0","199225","3","5","1","09","10","2","1","0","1","0","0","0"
"POINT (13.329607725000074 52.509944537000081)","Unfall 199226 (2019) Kat:3, Licht: 0","199226","3","6","2","09","15","2","0","0","0","1","0","0"
"POINT (13.372817543000053 52.549782248000042)","Unfall 199227 (2019) Kat:3, Licht: 0","199227","3","3","5","09","16","2","1","0","0","1","0","0"
"POINT (13.171584681000070 52.511043134000033)","Unfall 199228 (2019) Kat:2, Licht: 0","199228","2","2","6","09","16","2","1","0","0","1","1","0"
"POINT (13.396322834000046 52.423322314000075)","Unfall 199229 (2019) Kat:3, Licht: 2","199229","3","2","5","09","23","2","0","2","0","1","0","0"
"POINT (13.321290601000044 52.495797422000066)","Unfall 199230 (2019) Kat:3, Licht: 0","199230","3","4","6","09","16","2","1","0","0","1","1","0"
"POINT (13.395435833000022 52.424393034000047)","Unfall 199231 (2019) Kat:3, Licht: 0","199231","3","2","5","09","16","2","0","0","0","1","0","0"
"POINT (13.197071351000034 52.531336073000034)","Unfall 199232 (2019) Kat:3, Licht: 0","199232","3","2","5","09","15","2","1","0","1","1","0","0"
"POINT (13.410526101000073 52.488603010000077)","Unfall 199233 (2019) Kat:3, Licht: 0","199233","3","6","2","09","15","2","0","0","0","1","0","0"
"POINT (13.591820637000069 52.455186547000039)","Unfall 199234 (2019) Kat:3, Licht: 0","199234","3","1","8","09","09","2","1","0","0","1","0","0"
"POINT (13.160589454000046 52.595204498000044)","Unfall 199235 (2019) Kat:3, Licht: 0","199235","3","1","4","09","15","2","0","0","0","1","0","0"
"POINT (13.437913925000032 52.482886655000073)","Unfall 199236 (2019) Kat:3, Licht: 0","199236","3","3","5","09","15","2","1","0","1","1","0","0"
"POINT (13.303838133000056 52.499349146000043)","Unfall 199237 (2019) Kat:3, Licht: 0","199237","3","2","5","09","09","2","1","0","0","1","0","0"
"POINT (13.460675708000053 52.471686881000039)","Unfall 199238 (2019) Kat:3, Licht: 0","199238","3","6","2","09","08","2","0","0","0","1","0","0"
"POINT (13.184719098000073 52.547591986000043)","Unfall 199239 (2019) Kat:2, Licht: 0","199239","2","2","5","09","12","2","0","0","0","1","0","1"
"POINT (13.239717010000049 52.526318538000055)","Unfall 199240 (2019) Kat:3, Licht: 0","199240","3","6","2","09","14","2","1","0","0","1","0","0"
"POINT (13.436104057000023 52.440086420000057)","Unfall 199241 (2019) Kat:3, Licht: 0","199241","3","6","0","09","09","2","1","0","0","1","0","1"
"POINT (13.453991494000036 52.469195662000061)","Unfall 199242 (2019) Kat:2, Licht: 0","199242","2","3","5","09","12","2","0","0","1","1","0","0"
"POINT (13.302491828000029 52.515490544000045)","Unfall 199243 (2019) Kat:3, Licht: 0","199243","3","4","6","09","14","2","1","0","1","0","1","0"
"POINT (13.384603672000026 52.591193878000070)","Unfall 199244 (2019) Kat:3, Licht: 0","199244","3","6","2","09","15","2","0","0","0","1","0","0"
"POINT (13.436070797000070 52.498045282000078)","Unfall 199245 (2019) Kat:3, Licht: 0","199245","3","3","5","09","14","2","1","0","1","1","0","0"
"POINT (13.251107925000042 52.449984332000042)","Unfall 199246 (2019) Kat:2, Licht: 0","199246","2","2","5","09","12","2","0","0","0","1","0","1"
"POINT (13.396993373000043 52.488825279000082)","Unfall 199247 (2019) Kat:3, Licht: 0","199247","3","2","6","09","09","2","1","0","0","1","1","0"
"POINT (13.496074981000049 52.614507316000072)","Unfall 199248 (2019) Kat:3, Licht: 0","199248","3","7","2","09","07","2","0","0","0","1","0","1"