WKT,Name,OBJECTID,UKATEGORIE,UTYP1,UART,UMONAT,USTUNDE,UWOCHENTAG,STRZUSTAND,ULICHTVERH,ISTRAD,ISTPKW,ISTFUSS,ISTKRAD
"POINT (13.461746787000038 52.518368773000077)","Unfall 199249 (2019) Kat:3, Licht: 1","199249","3","6","2","09","14","2","1","1","0","1","0","0"
"POINT (13.418306826000048 52.516864236000060)","Unfall 199250 (2019) Kat:3, Licht: 0","199250","3","3","0","09","08","2","0","0","1","0","0","1"
"POINT (13.195564098000034 52.529168910000067)","Unfall 199251 (2019) Kat:3, Licht: 0","199251","3","2","5","09","16","6","0","0","0","1","0","0"
"POINT (13.321432258000073 52.607357740000054)","Unfall 199252 (2019) Kat:3, Licht: 0","199252","3","6","2","09","16","6","0","0","0","1","0","0"
"POINT (13.507783921000055 52.426234089000047)","Unfall 199253 (2019) Kat:3, Licht: 0","199253","3","1","1","09","16","6","0","0","0","1","0","1"
"POINT (13.386045501000069 52.549716062000073)","Unfall 199254 (2019) Kat:3, Licht: 0","199254","3","6","3","09","16","6","0","0","0","1","0","1"
"POINT (13.419550261000040 52.525183483000035)","Unfall 199255 (2019) Kat:3, Licht: 0","199255","3","2","5","09","16","6","0","0","1","1","0","0"
"POINT (13.468321689000049 52.427703281000049)","Unfall 199256 (2019) Kat:2, Licht: 0","199256","2","2","5","09","15","6","0","0","1","1","0","0"
"POINT (13.521208200000046 52.441648992000069)","Unfall 199257 (2019) Kat:3, Licht: 0","199257","3","1","0","09","15","6","0","0","1","0","0","0"
"POINT (13.296951210000032 52.486054226000078)","Unfall 199258 (2019) Kat:3, Licht: 0","199258","3","6","2","09","14","6","0","0","0","1","0","0"
"POINT (13.231993127000067 52.538330551000058)","Unfall 199259 (2019) Kat:3, Licht: 0","199259","3","3","5","09","14","6","0","0","0","1","0","0"
"POINT (13.399933114000078 52.506633337000039)","Unfall 199260 (2019) Kat:3, Licht: 0","199260","3","5","0","09","14","6","0","0","0","1","0","1"
"POINT (13.536356869000031 52.432855902000028)","Unfall 199261 (2019) Kat:3, Licht: 0","199261","3","2","5","09","14","6","0","0","1","1","0","0"
"POINT (13.464870580000024 52.524731331000055)","Unfall 199262 (2019) Kat:3, Licht: 0","199262","3","7","6","09","14","6","0","0","0","1","1","0"
"POINT (13.318905318000077 52.513644376000059)","Unfall 199263 (2019) Kat:2, Licht: 0","199263","2","6","3","09","14","6","0","0","0","1","0","0"
"POINT (13.405372284000066 52.519635954000080)","Unfall 199264 (2019) Kat:3, Licht: 0","199264","3","6","2","09","13","6","0","0","1","1","0","0"
"POINT (13.310902619000046 52.495433601000059)","Unfall 199265 (2019) Kat:3, Licht: 0","199265","3","7","5","09","13","6","0","0","0","1","0","0"
"POINT (13.340583326000058 52.526437025000064)","Unfall 199266 (2019) Kat:3, Licht: 2","199266","3","1","0","09","21","6","0","2","0","0","0","1"
"POINT (13.411308601000030 52.530603187000054)","Unfall 199267 (2019) Kat:3, Licht: 2","199267","3","1","0","09","21","6","0","2","0","0","0","0"
"POINT (13.475319320000040 52.480058671000052)","Unfall 199268 (2019) Kat:3, Licht: 2","199268","3","3","5","09","21","6","0","2","0","1","0","0"
"POINT (13.388644267000075 52.561412623000081)","Unfall 199269 (2019) Kat:3, Licht: 0","199269","3","6","2","09","13","6","0","0","0","1","0","0"
"POINT (13.188871117000076 52.559013771000082)","Unfall 199270 (2019) Kat:3, Licht: 0","199270","3","3","5","09","12","6","0","0","0","1","0","0"
"POINT (13.416845755000054 52.418284509000046)","Unfall 199271 (2019) Kat:3, Licht: 0","199271","3","2","5","09","12","6","0","0","0","1","0","1"
"POINT (13.221825571000068 52.618835325000077)","Unfall 199272 (2019) Kat:2, Licht: 0","199272","2","6","2","09","12","6","0","0","0","1","0","1"
"POINT (13.487294360000021 52.640457844000082)","Unfall 199273 (2019) Kat:3, Licht: 0","199273","3","6","3","09","07","6","0","0","1","1","0","0"
"POINT (13.641665449000072 52.421504738000067)","Unfall 199274 (2019) Kat:3, Licht: 0","199274","3","6","2","09","12","6","0","0","0","1","0","0"
"POINT (13.404494098000043 52.521961071000078)","Unfall 199275 (2019) Kat:3, Licht: 0","199275","3","3","0","09","07","6","0","0","0","0","0","1"
"POINT (13.565684591000036 52.529145010000036)","Unfall 199276 (2019) Kat:3, Licht: 0","199276","3","3","5","09","12","6","0","0","0","1","0","0"
"POINT (13.525278494000077 52.555510932000061)","Unfall 199277 (2019) Kat:2, Licht: 0","199277","2","7","4","09","06","6","0","0","0","1","0","0"
"POINT (13.305384731000061 52.507913166000037)","Unfall 199278 (2019) Kat:3, Licht: 0","199278","3","5","1","09","11","6","0","0","1","1","0","0"
"POINT (13.606281495000076 52.524689932000058)","Unfall 199279 (2019) Kat:3, Licht: 0","199279","3","3","5","09","09","6","0","0","1","1","0","0"
"POINT (13.363459445000046 52.481287529000042)","Unfall 199280 (2019) Kat:2, Licht: 0","199280","2","3","5","09","09","6","0","0","1","1","0","0"
"POINT (13.485962182000037 52.520696622000060)","Unfall 199281 (2019) Kat:3, Licht: 0","199281","3","7","0","09","09","6","0","0","0","1","0","0"
"POINT (13.439392109000039 52.417528158000039)","Unfall 199282 (2019) Kat:3, Licht: 0","199282","3","4","6","09","08","6","0","0","0","1","1","0"
"POINT (13.285120376000066 52.493615012000078)","Unfall 199283 (2019) Kat:3, Licht: 0","199283","3","2","5","09","08","6","0","0","0","1","0","0"
"POINT (13.382378354000025 52.431318063000049)","Unfall 199284 (2019) Kat:3, Licht: 0","199284","3","1","1","09","08","6","0","0","0","1","0","0"
"POINT (13.617431578000037 52.531258077000075)","Unfall 199285 (2019) Kat:3, Licht: 0","199285","3","3","5","09","07","6","0","0","0","1","0","0"
"POINT (13.367091487000039 52.525631600000054)","Unfall 199286 (2019) Kat:3, Licht: 0","199286","3","6","0","09","14","6","0","0","0","1","0","0"
"POINT (13.535783688000038 52.525795050000056)","Unfall 199287 (2019) Kat:2, Licht: 0","199287","2","2","5","09","15","5","0","0","1","0","0","0"
"POINT (13.272659406000059 52.519468485000061)","Unfall 199288 (2019) Kat:3, Licht: 0","199288","3","7","5","09","11","5","0","0","0","1","0","0"
"POINT (13.376716388000034 52.510789974000033)","Unfall 199289 (2019) Kat:3, Licht: 2","199289","3","3","0","09","21","5","0","2","0","1","0","1"
"POINT (13.293935647000069 52.484404748000031)","Unfall 199290 (2019) Kat:3, Licht: 0","199290","3","7","2","09","17","5","0","0","0","1","0","1"
"POINT (13.417343833000075 52.487840242000061)","Unfall 199291 (2019) Kat:3, Licht: 0","199291","3","6","3","09","10","5","0","0","0","1","0","0"
"POINT (13.472807740000064 52.464787491000038)","Unfall 199292 (2019) Kat:3, Licht: 2","199292","3","4","6","09","20","5","0","2","0","1","1","0"
"POINT (13.188260558000025 52.532672517000037)","Unfall 199293 (2019) Kat:3, Licht: 0","199293","3","7","2","09","10","5","0","0","0","1","0","1"
"POINT (13.419518271000072 52.487558775000082)","Unfall 199294 (2019) Kat:3, Licht: 1","199294","3","4","6","09","19","5","0","1","1","0","1","0"
"POINT (13.394303834000027 52.501140525000039)","Unfall 199295 (2019) Kat:2, Licht: 0","199295","2","2","5","09","16","5","0","0","0","1","0","1"
"POINT (13.188485956000022 52.534325742000078)","Unfall 199296 (2019) Kat:3, Licht: 1","199296","3","4","6","09","19","5","0","1","1","0","1","0"
"POINT (13.363299577000078 52.507479631000081)","Unfall 199297 (2019) Kat:3, Licht: 0","199297","3","5","1","09","09","5","0","0","1","1","0","0"
"POINT (13.592358307000040 52.519248313000048)","Unfall 199298 (2019) Kat:3, Licht: 0","199298","3","4","6","09","16","5","0","0","0","1","1","0"
"POINT (13.384360585000024 52.556176003000076)","Unfall 199299 (2019) Kat:3, Licht: 0","199299","3","6","0","09","09","5","0","0","0","1","0","0"
"POINT (13.331582205000075 52.522329922000040)","Unfall 199300 (2019) Kat:3, Licht: 0","199300","3","3","5","09","15","5","0","0","0","1","0","0"
"POINT (13.195204386000057 52.527569359000040)","Unfall 199301 (2019) Kat:3, Licht: 0","199301","3","6","2","09","15","5","0","0","0","1","0","0"
"POINT (13.400151227000038 52.531052946000045)","Unfall 199302 (2019) Kat:3, Licht: 0","199302","3","3","2","09","14","5","0","0","0","1","0","1"
"POINT (13.549537615000077 52.568729466000036)","Unfall 199303 (2019) Kat:3, Licht: 1","199303","3","3","5","09","19","5","0","1","0","1","0","0"
"POINT (13.452940755000043 52.445616764000079)","Unfall 199304 (2019) Kat:3, Licht: 0","199304","3","2","0","09","08","5","0","0","1","1","0","0"
"POINT (13.461039649000043 52.511095354000076)","Unfall 199305 (2019) Kat:3, Licht: 0","199305","3","2","5","09","08","5","0","0","1","1","0","0"
"POINT (13.434460488000070 52.446469877000027)","Unfall 199306 (2019) Kat:2, Licht: 0","199306","2","2","5","09","07","5","0","0","1","1","0","0"
"POINT (13.279947393000043 52.518467391000058)","Unfall 199307 (2019) Kat:2, Licht: 0","199307","2","4","6","09","14","5","0","0","0","0","1","0"
"POINT (13.562631404000058 52.456370073000073)","Unfall 199308 (2019) Kat:2, Licht: 0","199308","2","7","5","09","14","5","0","0","1","1","0","0"
"POINT (13.349607040000024 52.406894779000027)","Unfall 199309 (2019) Kat:3, Licht: 0","199309","3","3","5","09","07","5","0","0","1","1","0","0"
"POINT (13.447537015000023 52.476057664000052)","Unfall 199310 (2019) Kat:2, Licht: 0","199310","2","3","5","09","17","5","0","0","0","1","0","0"
"POINT (13.405270671000039 52.522182593000082)","Unfall 199311 (2019) Kat:3, Licht: 0","199311","3","4","6","09","14","5","0","0","1","0","1","0"
"POINT (13.355384322000077 52.519304122000051)","Unfall 199312 (2019) Kat:2, Licht: 0","199312","2","2","5","09","17","5","0","0","1","1","0","0"
"POINT (13.162680665000039 52.541995567000072)","Unfall 199313 (2019) Kat:3, Licht: 0","199313","3","1","1","09","14","5","0","0","1","1","0","0"
"POINT (13.495892386000037 52.500300036000056)","Unfall 199314 (2019) Kat:2, Licht: 0","199314","2","4","6","09","13","5","0","0","0","1","1","0"
"POINT (13.422500356000057 52.502742994000073)","Unfall 199315 (2019) Kat:3, Licht: 2","199315","3","5","1","09","02","5","0","2","0","1","0","0"
"POINT (13.336820321000062 52.542684992000034)","Unfall 199316 (2019) Kat:3, Licht: 0","199316","3","6","3","09","13","5","0","0","0","1","0","0"
"POINT (13.464597620000063 52.470147876000055)","Unfall 199317 (2019) Kat:3, Licht: 0","199317","3","2","5","09","12","5","0","0","0","1","0","0"
"POINT (13.238976762000050 52.544193248000056)","Unfall 199318 (2019) Kat:3, Licht: 0","199318","3","5","1","09","11","5","0","0","0","1","0","0"
"POINT (13.424609165000049 52.484279188000073)","Unfall 199319 (2019) Kat:3, Licht: 1","199319","3","7","5","09","05","5","0","1","0","1","0","0"
"POINT (13.356596322000030 52.535545861000060)","Unfall 199320 (2019) Kat:3, Licht: 0","199320","3","6","0","09","14","5","0","0","0","0","0","0"
"POINT (13.459409541000070 52.562711556000068)","Unfall 199321 (2019) Kat:2, Licht: 0","199321","2","3","5","09","13","5","0","0","0","1","0","0"
"POINT (13.361870752000073 52.497995103000051)","Unfall 199322 (2019) Kat:3, Licht: 2","199322","3","2","6","09","04","5","0","2","0","1","1","0"
"POINT (13.351945225000065 52.507652695000047)","Unfall 199323 (2019) Kat:3, Licht: 0","199323","3","6","2","09","13","5","0","0","0","1","0","0"
"POINT (13.226700781000034 52.583743421000065)","Unfall 199324 (2019) Kat:2, Licht: 0","199324","2","6","0","09","15","4","0","0","0","1","0","0"
"POINT (13.301714757000070 52.498921293000080)","Unfall 199325 (2019) Kat:3, Licht: 0","199325","3","3","5","09","16","4","0","0","1","1","0","0"
"POINT (13.400179911000066 52.509517122000034)","Unfall 199326 (2019) Kat:3, Licht: 0","199326","3","3","5","09","09","4","0","0","1","1","0","0"
"POINT (13.432934808000027 52.494833323000080)","Unfall 199327 (2019) Kat:3, Licht: 0","199327","3","4","6","09","08","4","0","0","0","1","1","0"
"POINT (13.497362307000060 52.416196827000078)","Unfall 199328 (2019) Kat:3, Licht: 0","199328","3","2","6","09","13","4","0","0","0","1","1","0"
"POINT (13.387151968000069 52.521241278000048)","Unfall 199329 (2019) Kat:3, Licht: 0","199329","3","2","5","09","13","4","0","0","1","1","0","0"
"POINT (13.453914454000028 52.494133071000078)","Unfall 199330 (2019) Kat:3, Licht: 2","199330","3","1","0","09","23","4","0","2","1","0","0","0"
"POINT (13.511365876000070 52.504371217000028)","Unfall 199331 (2019) Kat:3, Licht: 0","199331","3","3","5","09","16","4","0","0","1","1","0","0"
"POINT (13.605308494000042 52.527630774000045)","Unfall 199332 (2019) Kat:3, Licht: 0","199332","3","3","5","09","08","4","0","0","0","1","0","0"
"POINT (13.359939220000058 52.533030398000051)","Unfall 199333 (2019) Kat:2, Licht: 2","199333","2","5","1","09","22","4","0","2","1","0","0","0"
"POINT (13.387373567000054 52.525624365000056)","Unfall 199334 (2019) Kat:3, Licht: 2","199334","3","1","1","09","21","4","0","2","1","1","0","0"
"POINT (13.222829694000040 52.430335624000065)","Unfall 199335 (2019) Kat:3, Licht: 2","199335","3","5","1","09","19","4","0","2","1","1","0","0"
"POINT (13.345208304000039 52.485505937000028)","Unfall 199336 (2019) Kat:3, Licht: 1","199336","3","6","2","09","19","4","0","1","0","1","0","0"
"POINT (13.191449651000028 52.536302686000056)","Unfall 199337 (2019) Kat:3, Licht: 1","199337","3","7","5","09","18","4","0","1","0","1","0","1"
"POINT (13.493229029000076 52.514410730000066)","Unfall 199338 (2019) Kat:3, Licht: 0","199338","3","3","0","09","18","4","0","0","1","1","0","0"
"POINT (13.331970232000060 52.509321467000063)","Unfall 199339 (2019) Kat:3, Licht: 0","199339","3","4","6","09","18","4","0","0","0","1","1","0"
"POINT (13.432583140000077 52.595758402000058)","Unfall 199340 (2019) Kat:2, Licht: 0","199340","2","7","6","09","17","4","0","0","0","1","1","0"
"POINT (13.377044577000049 52.508605126000077)","Unfall 199341 (2019) Kat:3, Licht: 0","199341","3","2","6","09","17","4","0","0","0","1","1","0"
"POINT (13.462321206000070 52.500808740000082)","Unfall 199342 (2019) Kat:3, Licht: 0","199342","3","6","3","09","17","4","0","0","0","1","0","0"
"POINT (13.262795798000070 52.424006051000049)","Unfall 199343 (2019) Kat:3, Licht: 0","199343","3","7","1","09","17","4","0","0","0","1","0","0"
"POINT (13.227309144000060 52.545024090000027)","Unfall 199344 (2019) Kat:3, Licht: 0","199344","3","3","2","09","16","4","0","0","1","1","0","0"
"POINT (13.532828992000077 52.441250761000049)","Unfall 199345 (2019) Kat:3, Licht: 0","199345","3","6","0","09","08","4","0","0","0","1","0","0"
"POINT (13.202979662000075 52.523687324000036)","Unfall 199346 (2019) Kat:3, Licht: 0","199346","3","3","5","09","16","4","0","0","0","1","0","0"
"POINT (13.444587858000034 52.542054564000068)","Unfall 199347 (2019) Kat:3, Licht: 0","199347","3","2","2","09","15","4","0","0","1","1","0","0"
"POINT (13.606309371000066 52.452751328000033)","Unfall 199348 (2019) Kat:3, Licht: 1","199348","3","2","5","09","06","4","0","1","1","0","0","0"
"POINT (13.472503521000021 52.454355685000053)","Unfall 199349 (2019) Kat:3, Licht: 0","199349","3","2","5","09","06","4","0","0","1","1","0","0"
"POINT (13.410179214000038 52.521758240000054)","Unfall 199350 (2019) Kat:3, Licht: 0","199350","3","4","6","09","15","4","0","0","0","0","1","0"
"POINT (13.199767689000055 52.534775967000030)","Unfall 199351 (2019) Kat:2, Licht: 2","199351","2","2","6","09","05","4","0","2","0","1","1","0"
"POINT (13.359026007000068 52.574269455000035)","Unfall 199352 (2019) Kat:3, Licht: 0","199352","3","2","5","09","14","4","0","0","1","1","0","0"
"POINT (13.403932447000045 52.459751218000065)","Unfall 199353 (2019) Kat:3, Licht: 0","199353","3","3","5","09","14","4","0","0","1","1","0","0"
"POINT (13.306467997000027 52.517539115000034)","Unfall 199354 (2019) Kat:3, Licht: 0","199354","3","3","5","09","14","4","0","0","0","1","0","1"
"POINT (13.349389376000033 52.592085551000082)","Unfall 199355 (2019) Kat:3, Licht: 0","199355","3","4","6","09","14","4","1","0","0","1","1","0"
"POINT (13.354256148000047 52.498218657000052)","Unfall 199356 (2019) Kat:2, Licht: 0","199356","2","2","6","09","13","4","0","0","0","1","1","0"
"POINT (13.430831491000049 52.506239690000029)","Unfall 199357 (2019) Kat:3, Licht: 0","199357","3","3","0","09","13","4","0","0","1","0","0","1"
"POINT (13.532712576000051 52.479436205000070)","Unfall 199358 (2019) Kat:2, Licht: 0","199358","2","2","4","09","10","4","0","0","1","0","0","0"
"POINT (13.391128984000034 52.536218983000026)","Unfall 199359 (2019) Kat:3, Licht: 0","199359","3","2","6","09","07","4","0","0","0","1","1","0"
"POINT (13.313103538000064 52.574890013000072)","Unfall 199360 (2019) Kat:3, Licht: 0","199360","3","2","5","09","10","4","0","0","0","1","0","0"
"POINT (13.457669994000071 52.485326546000067)","Unfall 199361 (2019) Kat:2, Licht: 0","199361","2","3","5","09","09","4","0","0","0","1","0","1"
"POINT (13.186552670000026 52.547325737000051)","Unfall 199362 (2019) Kat:3, Licht: 0","199362","3","3","5","09","09","4","0","0","1","1","0","0"
"POINT (13.517272636000030 52.535274318000063)","Unfall 199363 (2019) Kat:3, Licht: 0","199363","3","2","5","09","09","4","0","0","1","1","0","0"
"POINT (13.426737474000049 52.515767022000034)","Unfall 199364 (2019) Kat:3, Licht: 0","199364","3","2","5","09","08","4","0","0","1","1","0","0"
"POINT (13.444635886000071 52.445925463000037)","Unfall 199365 (2019) Kat:3, Licht: 0","199365","3","7","5","09","07","4","0","0","1","1","0","0"
"POINT (13.433503766000058 52.505096878000074)","Unfall 199366 (2019) Kat:3, Licht: 0","199366","3","3","5","09","06","4","1","0","1","0","0","1"
"POINT (13.198902870000040 52.533154182000033)","Unfall 199367 (2019) Kat:2, Licht: 0","199367","2","3","5","09","09","4","0","0","0","1","0","0"
"POINT (13.394239610000056 52.490858386000070)","Unfall 199368 (2019) Kat:3, Licht: 0","199368","3","5","1","09","16","3","0","0","1","1","0","0"
"POINT (13.441933512000048 52.550307335000070)","Unfall 199369 (2019) Kat:3, Licht: 2","199369","3","3","5","09","22","3","1","2","0","1","0","0"
"POINT (13.343997302000048 52.517030399000078)","Unfall 199370 (2019) Kat:2, Licht: 2","199370","2","4","6","09","22","3","1","2","1","0","1","0"
"POINT (13.396107762000042 52.532434165000041)","Unfall 199371 (2019) Kat:3, Licht: 2","199371","3","4","6","09","21","3","1","2","1","0","1","0"
"POINT (13.572733846000062 52.550031085000057)","Unfall 199372 (2019) Kat:2, Licht: 2","199372","2","3","5","09","20","3","1","2","0","1","0","0"
"POINT (13.391145712000025 52.550287999000034)","Unfall 199373 (2019) Kat:3, Licht: 1","199373","3","2","5","09","19","3","1","1","0","1","0","0"
"POINT (13.216407454000034 52.526463259000082)","Unfall 199374 (2019) Kat:3, Licht: 2","199374","3","2","5","09","19","3","0","2","0","1","0","0"
"POINT (13.453148969000040 52.542239701000028)","Unfall 199375 (2019) Kat:2, Licht: 0","199375","2","4","6","09","19","3","1","0","0","1","1","0"
"POINT (13.354378521000058 52.562097505000054)","Unfall 199376 (2019) Kat:3, Licht: 1","199376","3","6","2","09","18","3","1","1","0","1","0","0"
"POINT (13.435716808000052 52.523264723000068)","Unfall 199377 (2019) Kat:3, Licht: 1","199377","3","7","2","09","18","3","1","1","0","1","0","1"
"POINT (13.434007237000060 52.489975762000029)","Unfall 199378 (2019) Kat:3, Licht: 2","199378","3","4","6","09","18","3","1","2","0","0","1","1"
"POINT (13.429978171000073 52.523287479000032)","Unfall 199379 (2019) Kat:3, Licht: 1","199379","3","2","0","09","17","3","1","1","1","1","0","0"
"POINT (13.408528883000031 52.561200077000080)","Unfall 199380 (2019) Kat:3, Licht: 0","199380","3","2","5","09","18","3","1","0","0","1","0","1"
"POINT (13.458982320000075 52.440410184000029)","Unfall 199381 (2019) Kat:3, Licht: 0","199381","3","2","0","09","15","3","0","0","1","1","0","0"
"POINT (13.430114392000064 52.544736345000047)","Unfall 199382 (2019) Kat:2, Licht: 0","199382","2","6","2","09","16","3","1","0","0","1","0","0"
"POINT (13.574140185000033 52.452653272000077)","Unfall 199383 (2019) Kat:3, Licht: 0","199383","3","6","2","09","17","3","1","0","0","1","0","0"
"POINT (13.567421613000022 52.573329138000076)","Unfall 199384 (2019) Kat:3, Licht: 1","199384","3","3","5","09","17","3","1","1","0","1","0","1"
"POINT (13.558329132000040 52.455506987000035)","Unfall 199385 (2019) Kat:3, Licht: 0","199385","3","6","2","09","17","3","1","0","0","1","0","0"
"POINT (13.426043381000056 52.499408069000026)","Unfall 199386 (2019) Kat:3, Licht: 0","199386","3","6","2","09","14","3","1","0","0","1","0","1"
"POINT (13.217830683000045 52.537479859000030)","Unfall 199387 (2019) Kat:3, Licht: 0","199387","3","6","2","09","14","3","1","0","0","1","0","0"
"POINT (13.320318022000038 52.520147282000039)","Unfall 199388 (2019) Kat:3, Licht: 0","199388","3","4","6","09","12","3","1","0","0","0","1","1"
"POINT (13.519864085000052 52.505913668000062)","Unfall 199389 (2019) Kat:2, Licht: 0","199389","2","2","5","09","12","3","1","0","1","1","0","0"
"POINT (13.387563829000044 52.492822803000081)","Unfall 199390 (2019) Kat:3, Licht: 0","199390","3","6","3","09","11","3","0","0","0","1","0","0"
"POINT (13.517218961000026 52.535478277000038)","Unfall 199391 (2019) Kat:3, Licht: 0","199391","3","2","5","09","11","3","0","0","0","1","0","0"
"POINT (13.465443891000064 52.551893203000077)","Unfall 199392 (2019) Kat:2, Licht: 0","199392","2","2","5","09","11","3","0","0","0","1","0","0"
"POINT (13.341326731000038 52.497386144000075)","Unfall 199393 (2019) Kat:3, Licht: 0","199393","3","7","5","09","10","3","0","0","0","0","0","1"
"POINT (13.417848428000070 52.499213753000049)","Unfall 199394 (2019) Kat:3, Licht: 0","199394","3","6","2","09","12","4","1","0","0","1","0","0"
"POINT (13.436891031000073 52.544930940000029)","Unfall 199395 (2019) Kat:3, Licht: 0","199395","3","3","5","09","10","3","0","0","0","1","0","1"
"POINT (13.477157084000055 52.533184481000035)","Unfall 199396 (2019) Kat:3, Licht: 1","199396","3","7","7","09","05","3","0","1","1","0","0","0"
"POINT (13.307107767000048 52.498719799000071)","Unfall 199397 (2019) Kat:3, Licht: 0","199397","3","2","5","09","10","3","0","0","1","1","0","0"
"POINT (13.321643657000038 52.511995234000040)","Unfall 199398 (2019) Kat:3, Licht: 2","199398","3","1","2","09","23","3","0","2","0","1","0","1"
"POINT (13.424342452000076 52.486020679000035)","Unfall 199399 (2019) Kat:3, Licht: 0","199399","3","6","2","09","09","3","0","0","0","1","0","0"
"POINT (13.420305756000062 52.606242076000058)","Unfall 199400 (2019) Kat:3, Licht: 0","199400","3","2","5","09","09","3","0","0","1","1","0","0"
"POINT (13.331866223000077 52.595097882000061)","Unfall 199401 (2019) Kat:3, Licht: 2","199401","3","3","5","09","23","3","0","2","1","1","0","0"
"POINT (13.260566380000057 52.426597920000063)","Unfall 199402 (2019) Kat:3, Licht: 0","199402","3","3","5","09","15","3","0","0","1","0","0","0"
"POINT (13.378101198000024 52.491794651000077)","Unfall 199403 (2019) Kat:3, Licht: 0","199403","3","2","2","09","09","3","0","0","1","1","0","0"
"POINT (13.332879211000034 52.439955304000080)","Unfall 199404 (2019) Kat:2, Licht: 0","199404","2","5","1","09","08","3","0","0","1","1","0","0"
"POINT (13.190160345000038 52.522131090000073)","Unfall 199405 (2019) Kat:3, Licht: 2","199405","3","3","5","09","21","3","0","2","1","1","0","0"
"POINT (13.141638708000073 52.532550464000053)","Unfall 199406 (2019) Kat:3, Licht: 0","199406","3","2","0","09","08","3","0","0","1","0","0","0"
"POINT (13.423112286000048 52.557667976000062)","Unfall 199407 (2019) Kat:3, Licht: 0","199407","3","7","6","09","08","3","0","0","1","0","1","0"
"POINT (13.535214291000045 52.561394894000045)","Unfall 199408 (2019) Kat:3, Licht: 0","199408","3","2","5","09","06","3","0","0","1","1","0","0"
"POINT (13.339362503000075 52.540215003000071)","Unfall 199409 (2019) Kat:3, Licht: 0","199409","3","1","1","09","16","3","1","0","0","1","0","0"
"POINT (13.584186568000064 52.464155775000052)","Unfall 199410 (2019) Kat:2, Licht: 0","199410","2","7","5","09","16","3","0","0","0","1","0","0"
"POINT (13.412357671000052 52.503085695000038)","Unfall 199411 (2019) Kat:2, Licht: 0","199411","2","4","6","09","17","3","0","0","0","0","1","1"
"POINT (13.323389161000023 52.449881655000070)","Unfall 199412 (2019) Kat:3, Licht: 0","199412","3","3","5","09","16","3","1","0","1","0","0","0"
"POINT (13.406406901000025 52.502511169000059)","Unfall 199413 (2019) Kat:3, Licht: 0","199413","3","3","5","09","16","3","0","0","0","1","0","0"
"POINT (13.426745033000032 52.565033209000035)","Unfall 199414 (2019) Kat:3, Licht: 0","199414","3","3","5","09","16","3","1","0","1","1","0","0"
"POINT (13.405658447000064 52.499346292000041)","Unfall 199415 (2019) Kat:3, Licht: 0","199415","3","3","5","09","16","3","1","0","1","1","0","0"
"POINT (13.621844951000071 52.524870435000082)","Unfall 199416 (2019) Kat:2, Licht: 0","199416","2","6","2","09","16","3","0","0","0","1","0","0"
"POINT (13.390665725000076 52.495977631000073)","Unfall 199417 (2019) Kat:3, Licht: 0","199417","3","7","5","09","16","3","1","0","1","1","0","0"
"POINT (13.476769104000027 52.536960764000071)","Unfall 199418 (2019) Kat:3, Licht: 0","199418","3","3","0","09","15","3","0","0","0","1","0","0"
"POINT (13.482157327000039 52.526750224000068)","Unfall 199419 (2019) Kat:3, Licht: 0","199419","3","4","6","09","06","3","0","0","0","0","1","1"
"POINT (13.330756485000052 52.505285658000048)","Unfall 199420 (2019) Kat:2, Licht: 0","199420","2","6","3","09","15","3","0","0","0","1","0","1"
"POINT (13.514406318000056 52.556666020000080)","Unfall 199421 (2019) Kat:2, Licht: 0","199421","2","3","5","09","16","3","1","0","0","1","0","1"
"POINT (13.346050109000032 52.544860688000028)","Unfall 199422 (2019) Kat:3, Licht: 0","199422","3","3","5","09","16","3","1","0","0","1","0","0"
"POINT (13.191354177000051 52.528443344000038)","Unfall 199423 (2019) Kat:3, Licht: 0","199423","3","7","5","09","15","3","0","0","1","1","0","0"
"POINT (13.363441206000061 52.571498261000045)","Unfall 199424 (2019) Kat:3, Licht: 0","199424","3","4","6","09","15","3","0","0","0","1","1","0"
"POINT (13.436816421000060 52.520845727000051)","Unfall 199425 (2019) Kat:3, Licht: 0","199425","3","7","2","09","15","3","1","0","0","1","0","0"
"POINT (13.414595944000041 52.500222179000048)","Unfall 199426 (2019) Kat:3, Licht: 0","199426","3","3","5","09","15","3","1","0","1","1","0","0"
"POINT (13.488122629000031 52.418689290000032)","Unfall 199427 (2019) Kat:3, Licht: 0","199427","3","3","5","09","14","3","0","0","1","1","0","0"
"POINT (13.494852102000038 52.545330155000045)","Unfall 199428 (2019) Kat:2, Licht: 0","199428","2","3","0","09","15","3","1","0","1","1","0","0"
"POINT (13.357370630000048 52.535938662000035)","Unfall 199429 (2019) Kat:3, Licht: 0","199429","3","2","5","09","13","3","0","0","0","1","0","0"
"POINT (13.480025732000058 52.517356046000032)","Unfall 199430 (2019) Kat:3, Licht: 0","199430","3","1","0","09","15","3","1","0","0","0","0","1"
"POINT (13.349816078000060 52.503219070000057)","Unfall 199431 (2019) Kat:3, Licht: 0","199431","3","2","5","09","13","3","0","0","0","1","0","0"
"POINT (13.503626756000074 52.534450004000064)","Unfall 199432 (2019) Kat:2, Licht: 0","199432","2","6","2","09","14","3","1","0","0","1","0","0"
"POINT (13.388661899000056 52.561430210000026)","Unfall 199433 (2019) Kat:3, Licht: 0","199433","3","2","5","09","10","3","0","0","0","1","0","1"
"POINT (13.415203912000038 52.498581075000061)","Unfall 199434 (2019) Kat:3, Licht: 0","199434","3","6","2","09","14","3","1","0","0","1","0","1"