WKT,Name,OBJECTID,UKATEGORIE,UTYP1,UART,UMONAT,USTUNDE,UWOCHENTAG,STRZUSTAND,ULICHTVERH,ISTRAD,ISTPKW,ISTFUSS,ISTKRAD
"POINT (13.379270253000072 52.529465114000061)","Unfall 199435 (2019) Kat:3, Licht: 0","199435","3","1","0","09","13","3","1","0","0","0","0","1"
"POINT (13.420669102000033 52.528687193000053)","Unfall 199436 (2019) Kat:3, Licht: 0","199436","3","5","2","09","10","3","0","0","0","1","0","0"
"POINT (13.405684189000056 52.514107307000074)","Unfall 199437 (2019) Kat:3, Licht: 0","199437","3","2","5","09","08","3","0","0","1","1","0","0"
"POINT (13.357064272000059 52.498917164000034)","Unfall 199438 (2019) Kat:3, Licht: 0","199438","3","3","5","09","17","3","0","0","1","1","0","0"
"POINT (13.377265714000032 52.553633351000030)","Unfall 199439 (2019) Kat:3, Licht: 0","199439","3","2","5","09","08","3","0","0","1","1","0","0"
"POINT (13.368067493000069 52.459762766000040)","Unfall 199440 (2019) Kat:3, Licht: 0","199440","3","7","0","09","17","2","1","0","0","0","0","1"
"POINT (13.430308081000021 52.495579728000052)","Unfall 199441 (2019) Kat:3, Licht: 0","199441","3","2","0","09","08","3","0","0","1","0","0","1"
"POINT (13.454946866000057 52.476263467000081)","Unfall 199442 (2019) Kat:3, Licht: 0","199442","3","7","2","09","13","2","0","0","0","1","0","0"
"POINT (13.450304330000051 52.551682093000068)","Unfall 199443 (2019) Kat:3, Licht: 0","199443","3","6","2","09","08","3","0","0","1","1","0","0"
"POINT (13.349474818000033 52.542302061000044)","Unfall 199444 (2019) Kat:3, Licht: 0","199444","3","2","5","09","07","2","0","0","0","1","0","0"
"POINT (13.398176015000047 52.506943273000047)","Unfall 199445 (2019) Kat:3, Licht: 1","199445","3","6","2","09","07","3","0","1","0","1","0","0"
"POINT (13.302087494000034 52.509811792000050)","Unfall 199446 (2019) Kat:3, Licht: 0","199446","3","4","6","09","12","2","0","0","0","1","1","0"
"POINT (13.349723290000043 52.450194278000026)","Unfall 199447 (2019) Kat:3, Licht: 2","199447","3","5","1","09","22","2","0","2","0","1","0","0"
"POINT (13.407427077000023 52.523836897000081)","Unfall 199448 (2019) Kat:3, Licht: 0","199448","3","6","3","09","07","3","0","0","1","1","0","0"
"POINT (13.330832016000045 52.533523883000043)","Unfall 199449 (2019) Kat:3, Licht: 0","199449","3","2","5","09","18","2","0","0","0","1","0","1"
"POINT (13.290900340000064 52.626424923000059)","Unfall 199450 (2019) Kat:3, Licht: 0","199450","3","7","2","09","07","3","0","0","0","1","0","0"
"POINT (13.358274000000051 52.612335787000063)","Unfall 199451 (2019) Kat:3, Licht: 0","199451","3","6","2","09","18","2","0","0","0","1","0","0"
"POINT (13.324692373000062 52.532263341000032)","Unfall 199452 (2019) Kat:3, Licht: 0","199452","3","2","5","09","17","2","0","0","1","1","0","0"
"POINT (13.281956381000043 52.509874062000051)","Unfall 199453 (2019) Kat:3, Licht: 1","199453","3","2","2","09","07","3","0","1","0","1","0","0"
"POINT (13.400429449000058 52.571404682000036)","Unfall 199454 (2019) Kat:3, Licht: 0","199454","3","6","4","09","17","2","0","0","1","1","0","0"
"POINT (13.306346604000055 52.529632659000072)","Unfall 199455 (2019) Kat:3, Licht: 2","199455","3","4","6","09","05","3","0","2","0","0","1","1"
"POINT (13.296489973000064 52.548375802000066)","Unfall 199456 (2019) Kat:3, Licht: 0","199456","3","6","3","09","17","2","0","0","0","1","0","0"
"POINT (13.586525052000070 52.545739323000078)","Unfall 199457 (2019) Kat:3, Licht: 2","199457","3","1","9","09","00","3","0","2","0","1","0","0"
"POINT (13.367851651000024 52.459639866000032)","Unfall 199458 (2019) Kat:3, Licht: 0","199458","3","7","0","09","17","2","1","0","0","0","0","1"
"POINT (13.395967442000028 52.498378560000049)","Unfall 199459 (2019) Kat:2, Licht: 2","199459","2","3","5","09","22","3","0","2","1","1","1","0"
"POINT (13.366620853000029 52.459708078000062)","Unfall 199460 (2019) Kat:3, Licht: 0","199460","3","7","0","09","17","2","1","0","0","0","0","1"
"POINT (13.482160200000067 52.425488755000060)","Unfall 199461 (2019) Kat:2, Licht: 0","199461","2","2","5","09","16","2","0","0","1","0","0","0"
"POINT (13.444681081000056 52.468005199000061)","Unfall 199462 (2019) Kat:3, Licht: 0","199462","3","3","0","09","09","2","0","0","1","0","0","0"
"POINT (13.526789032000067 52.426457775000074)","Unfall 199463 (2019) Kat:3, Licht: 0","199463","3","2","5","09","14","2","0","0","1","1","0","0"
"POINT (13.410599165000065 52.406682761000070)","Unfall 199464 (2019) Kat:2, Licht: 0","199464","2","3","5","09","16","2","0","0","0","1","0","0"
"POINT (13.419059066000045 52.562262685000064)","Unfall 199465 (2019) Kat:3, Licht: 2","199465","3","6","0","09","20","2","0","2","1","1","0","0"
"POINT (13.441225417000055 52.469723490000035)","Unfall 199466 (2019) Kat:3, Licht: 0","199466","3","7","6","09","16","2","0","0","0","0","1","0"
"POINT (13.295865911000021 52.481253234000064)","Unfall 199467 (2019) Kat:3, Licht: 0","199467","3","3","5","09","16","2","0","0","1","1","0","0"
"POINT (13.475958351000031 52.473413725000057)","Unfall 199468 (2019) Kat:3, Licht: 0","199468","3","7","1","09","16","2","0","0","0","1","0","0"
"POINT (13.520762528000034 52.568331345000047)","Unfall 199469 (2019) Kat:3, Licht: 0","199469","3","6","2","09","14","2","0","0","0","1","0","0"
"POINT (13.453686886000071 52.510388177000038)","Unfall 199470 (2019) Kat:3, Licht: 0","199470","3","5","1","09","15","2","0","0","1","1","0","0"
"POINT (13.249377678000030 52.552718199000026)","Unfall 199471 (2019) Kat:3, Licht: 0","199471","3","6","2","09","15","2","0","0","0","1","0","0"
"POINT (13.349020780000046 52.514741765000053)","Unfall 199472 (2019) Kat:3, Licht: 0","199472","3","2","2","09","09","2","0","0","0","1","0","0"
"POINT (13.365492804000041 52.557117322000067)","Unfall 199473 (2019) Kat:2, Licht: 0","199473","2","2","5","09","14","2","0","0","0","1","0","0"
"POINT (13.570168308000063 52.401198776000058)","Unfall 199474 (2019) Kat:3, Licht: 0","199474","3","3","5","09","08","2","0","0","1","1","0","0"
"POINT (13.424271241000042 52.485214623000047)","Unfall 199475 (2019) Kat:3, Licht: 0","199475","3","7","6","09","14","2","0","0","1","0","1","0"
"POINT (13.247282009000060 52.538078188000043)","Unfall 199476 (2019) Kat:3, Licht: 0","199476","3","6","2","09","08","2","0","0","0","1","0","0"
"POINT (13.327997098000026 52.564003421000052)","Unfall 199477 (2019) Kat:2, Licht: 0","199477","2","3","5","09","11","2","0","0","0","0","0","1"
"POINT (13.529285756000036 52.525609714000041)","Unfall 199478 (2019) Kat:3, Licht: 0","199478","3","2","5","09","08","2","0","0","1","1","0","0"
"POINT (13.348391483000057 52.423227686000075)","Unfall 199479 (2019) Kat:3, Licht: 0","199479","3","7","2","09","14","2","0","0","0","1","0","1"
"POINT (13.509444766000058 52.502134242000068)","Unfall 199480 (2019) Kat:3, Licht: 0","199480","3","4","6","09","10","2","0","0","0","1","1","0"
"POINT (13.318814544000077 52.491844482000033)","Unfall 199481 (2019) Kat:3, Licht: 0","199481","3","2","5","09","08","2","0","0","1","1","0","0"
"POINT (13.395505226000068 52.515153007000038)","Unfall 199482 (2019) Kat:3, Licht: 0","199482","3","2","5","09","09","2","0","0","1","1","0","0"
"POINT (13.381310455000062 52.440939158000049)","Unfall 199483 (2019) Kat:3, Licht: 0","199483","3","2","2","09","07","2","0","0","0","1","0","0"
"POINT (13.389815485000042 52.523535690000074)","Unfall 199484 (2019) Kat:3, Licht: 0","199484","3","7","6","09","10","2","0","0","0","1","1","0"
"POINT (13.366880240000057 52.552151697000056)","Unfall 199485 (2019) Kat:2, Licht: 2","199485","2","4","6","09","21","2","0","2","0","1","1","0"
"POINT (13.198345309000047 52.543069059000061)","Unfall 199486 (2019) Kat:3, Licht: 0","199486","3","6","2","09","14","2","0","0","0","1","0","0"
"POINT (13.312956081000038 52.570708427000056)","Unfall 199487 (2019) Kat:3, Licht: 2","199487","3","6","3","09","19","2","0","2","0","1","0","1"
"POINT (13.401928828000052 52.492408545000046)","Unfall 199488 (2019) Kat:3, Licht: 0","199488","3","2","5","09","09","2","1","0","1","1","0","0"
"POINT (13.251354436000042 52.415553806000048)","Unfall 199489 (2019) Kat:3, Licht: 0","199489","3","3","5","09","09","2","1","0","1","1","0","0"
"POINT (13.699348117000056 52.435831815000029)","Unfall 199490 (2019) Kat:2, Licht: 2","199490","2","7","2","09","20","2","0","2","0","1","0","0"
"POINT (13.365169985000023 52.556792421000068)","Unfall 199491 (2019) Kat:3, Licht: 2","199491","3","6","2","09","20","2","0","2","0","1","0","0"
"POINT (13.331698198000026 52.505446237000058)","Unfall 199492 (2019) Kat:3, Licht: 0","199492","3","2","6","09","09","2","0","0","0","1","1","0"
"POINT (13.416633327000056 52.511328105000075)","Unfall 199493 (2019) Kat:3, Licht: 0","199493","3","6","3","09","09","2","0","0","1","1","0","0"
"POINT (13.582018691000030 52.442286330000059)","Unfall 199494 (2019) Kat:3, Licht: 0","199494","3","6","2","09","16","2","0","0","0","1","0","0"
"POINT (13.340773152000054 52.504402507000066)","Unfall 199495 (2019) Kat:3, Licht: 0","199495","3","6","2","09","08","2","1","0","1","1","0","0"
"POINT (13.386876851000068 52.467065104000028)","Unfall 199496 (2019) Kat:2, Licht: 0","199496","2","3","5","09","09","2","0","0","1","0","0","0"
"POINT (13.378633884000067 52.528253930000062)","Unfall 199497 (2019) Kat:3, Licht: 0","199497","3","2","5","09","08","2","0","0","1","1","0","0"
"POINT (13.428109623000068 52.552159732000064)","Unfall 199498 (2019) Kat:3, Licht: 0","199498","3","2","0","09","08","2","0","0","1","1","0","0"
"POINT (13.435166575000039 52.629044074000035)","Unfall 199499 (2019) Kat:3, Licht: 0","199499","3","3","5","09","15","2","0","0","0","1","0","0"
"POINT (13.331383445000029 52.426600897000071)","Unfall 199500 (2019) Kat:2, Licht: 0","199500","2","3","5","09","07","2","0","0","1","1","0","0"
"POINT (13.232226851000064 52.613784546000034)","Unfall 199501 (2019) Kat:3, Licht: 0","199501","3","7","0","09","13","2","0","0","0","1","0","0"
"POINT (13.343768739000041 52.485553191000065)","Unfall 199502 (2019) Kat:3, Licht: 0","199502","3","3","5","09","14","2","0","0","1","1","0","0"
"POINT (13.315041630000053 52.500968735000072)","Unfall 199503 (2019) Kat:3, Licht: 0","199503","3","7","5","09","11","2","0","0","0","1","0","0"
"POINT (13.402686902000028 52.527998023000066)","Unfall 199504 (2019) Kat:3, Licht: 2","199504","3","4","0","09","19","2","0","2","1","0","1","0"
"POINT (13.424992842000051 52.481908632000057)","Unfall 199505 (2019) Kat:3, Licht: 0","199505","3","3","5","09","11","2","0","0","0","1","0","0"
"POINT (13.425125303000073 52.473086919000082)","Unfall 199506 (2019) Kat:3, Licht: 0","199506","3","7","2","09","07","2","0","0","0","1","0","0"
"POINT (13.296369190000064 52.539551552000034)","Unfall 199507 (2019) Kat:3, Licht: 0","199507","3","4","6","09","13","2","0","0","0","1","1","0"
"POINT (13.385933711000064 52.555895250000049)","Unfall 199508 (2019) Kat:3, Licht: 0","199508","3","5","1","09","15","1","0","0","1","1","0","0"
"POINT (13.138452380000047 52.528450784000029)","Unfall 199509 (2019) Kat:3, Licht: 0","199509","3","3","0","09","17","2","0","0","1","1","0","0"
"POINT (13.480898021000030 52.499059261000070)","Unfall 199510 (2019) Kat:3, Licht: 0","199510","3","4","6","09","08","1","0","0","0","1","1","0"
"POINT (13.391701782000041 52.525277577000054)","Unfall 199511 (2019) Kat:3, Licht: 0","199511","3","1","0","09","13","2","0","0","1","0","0","0"
"POINT (13.332445775000053 52.506062314000076)","Unfall 199512 (2019) Kat:3, Licht: 0","199512","3","2","5","09","16","1","0","0","1","1","0","0"
"POINT (13.299207612000032 52.506843107000066)","Unfall 199513 (2019) Kat:3, Licht: 0","199513","3","7","0","09","18","1","1","0","0","0","0","1"
"POINT (13.435355652000055 52.486099231000026)","Unfall 199514 (2019) Kat:3, Licht: 0","199514","3","2","5","09","09","2","0","0","1","1","0","0"
"POINT (13.449174344000028 52.549055867000050)","Unfall 199515 (2019) Kat:3, Licht: 1","199515","3","1","4","09","18","2","0","1","1","0","0","0"
"POINT (13.430745971000022 52.467828316000066)","Unfall 199516 (2019) Kat:3, Licht: 0","199516","3","7","0","09","16","1","0","0","0","0","1","0"
"POINT (13.350672094000060 52.511927525000033)","Unfall 199517 (2019) Kat:3, Licht: 0","199517","3","1","0","09","16","1","0","0","0","0","0","0"
"POINT (13.375609861000044 52.540205571000058)","Unfall 199518 (2019) Kat:3, Licht: 0","199518","3","3","5","09","12","2","0","0","0","1","0","0"
"POINT (13.452658111000062 52.489870772000074)","Unfall 199519 (2019) Kat:3, Licht: 0","199519","3","6","2","09","16","1","0","0","1","1","0","0"
"POINT (13.656874903000073 52.415188747000059)","Unfall 199520 (2019) Kat:3, Licht: 0","199520","3","3","5","09","12","2","0","0","1","1","0","0"
"POINT (13.314540938000050 52.481209928000055)","Unfall 199521 (2019) Kat:3, Licht: 0","199521","3","5","1","09","15","1","0","0","1","1","0","0"
"POINT (13.301394228000049 52.519245383000055)","Unfall 199522 (2019) Kat:3, Licht: 0","199522","3","3","2","09","14","1","0","0","1","1","0","0"
"POINT (13.417061391000061 52.528342147000046)","Unfall 199523 (2019) Kat:3, Licht: 2","199523","3","6","2","09","18","2","0","2","0","1","0","0"
"POINT (13.294764200000031 52.539633375000051)","Unfall 199524 (2019) Kat:3, Licht: 0","199524","3","2","5","09","13","1","0","0","0","0","0","1"
"POINT (13.293067261000033 52.534488957000065)","Unfall 199525 (2019) Kat:3, Licht: 2","199525","3","2","3","09","20","1","0","2","0","1","0","0"
"POINT (13.307941154000048 52.488530126000057)","Unfall 199526 (2019) Kat:3, Licht: 0","199526","3","2","5","09","17","2","0","0","0","1","0","0"
"POINT (13.356361743000036 52.555389272000070)","Unfall 199527 (2019) Kat:2, Licht: 0","199527","2","3","5","09","18","1","0","0","1","1","0","0"
"POINT (13.344715762000021 52.516886055000043)","Unfall 199528 (2019) Kat:3, Licht: 0","199528","3","7","6","09","17","2","0","0","0","1","1","0"
"POINT (13.536379056000044 52.432869814000071)","Unfall 199529 (2019) Kat:3, Licht: 0","199529","3","2","5","09","18","1","0","0","0","1","0","0"
"POINT (13.385430275000033 52.466095205000045)","Unfall 199530 (2019) Kat:3, Licht: 0","199530","3","2","5","09","17","1","0","0","1","1","0","0"
"POINT (13.574962284000037 52.446326700000043)","Unfall 199531 (2019) Kat:3, Licht: 0","199531","3","1","1","09","14","2","0","0","1","1","0","0"
"POINT (13.392930204000038 52.542350016000057)","Unfall 199532 (2019) Kat:3, Licht: 0","199532","3","5","1","09","17","2","0","0","1","1","0","0"
"POINT (13.371874163000030 52.519569467000053)","Unfall 199533 (2019) Kat:3, Licht: 0","199533","3","1","0","09","07","1","0","0","0","0","0","1"
"POINT (13.444877228000053 52.501163932000054)","Unfall 199534 (2019) Kat:3, Licht: 2","199534","3","7","0","09","00","1","0","2","1","0","0","0"
"POINT (13.327346848000047 52.503029504000040)","Unfall 199535 (2019) Kat:3, Licht: 0","199535","3","7","6","09","17","2","0","0","0","0","1","0"
"POINT (13.454282659000057 52.495955021000043)","Unfall 199536 (2019) Kat:3, Licht: 0","199536","3","3","5","09","06","1","0","0","1","1","0","0"
"POINT (13.448348223000039 52.464525977000051)","Unfall 199537 (2019) Kat:3, Licht: 0","199537","3","2","2","09","11","2","0","0","0","1","0","0"
"POINT (13.436668105000024 52.470648104000077)","Unfall 199538 (2019) Kat:3, Licht: 0","199538","3","5","1","09","10","2","0","0","0","1","0","0"
"POINT (13.326079525000068 52.538570522000043)","Unfall 199539 (2019) Kat:3, Licht: 1","199539","3","6","2","09","06","1","0","1","0","1","0","1"
"POINT (13.332383603000039 52.506271301000027)","Unfall 199540 (2019) Kat:3, Licht: 2","199540","3","2","5","09","04","1","0","2","0","1","0","0"
"POINT (13.212833951000050 52.530146035000030)","Unfall 199541 (2019) Kat:2, Licht: 0","199541","2","5","1","09","10","2","0","0","0","1","0","0"
"POINT (13.245745643000078 52.527669982000077)","Unfall 199542 (2019) Kat:3, Licht: 2","199542","3","1","1","09","01","1","0","2","0","1","0","0"
"POINT (13.406150869000044 52.382043662000058)","Unfall 199543 (2019) Kat:3, Licht: 0","199543","3","3","5","09","10","2","0","0","0","1","0","0"
"POINT (13.531202647000043 52.415614789000074)","Unfall 199544 (2019) Kat:3, Licht: 2","199544","3","3","5","09","04","7","0","2","0","1","0","0"
"POINT (13.435853768000072 52.424437474000058)","Unfall 199545 (2019) Kat:3, Licht: 0","199545","3","7","5","09","17","2","0","0","1","1","0","0"
"POINT (13.400673892000043 52.445333793000032)","Unfall 199546 (2019) Kat:3, Licht: 0","199546","3","6","2","09","14","7","0","0","0","1","0","0"
"POINT (13.420753653000077 52.553995806000046)","Unfall 199547 (2019) Kat:3, Licht: 0","199547","3","2","5","09","16","2","0","0","1","1","0","0"
"POINT (13.331053885000074 52.572481640000035)","Unfall 199548 (2019) Kat:3, Licht: 0","199548","3","4","6","09","14","7","0","0","0","1","1","0"
"POINT (13.340919035000070 52.553181734000077)","Unfall 199549 (2019) Kat:3, Licht: 0","199549","3","3","5","09","10","2","0","0","0","1","0","0"
"POINT (13.318096493000041 52.611324420000074)","Unfall 199550 (2019) Kat:2, Licht: 0","199550","2","1","0","09","14","7","0","0","1","0","0","0"
"POINT (13.573743268000044 52.468230675000029)","Unfall 199551 (2019) Kat:3, Licht: 0","199551","3","7","2","09","10","2","0","0","0","1","0","1"
"POINT (13.360942067000053 52.494259883000041)","Unfall 199552 (2019) Kat:2, Licht: 0","199552","2","2","5","09","14","7","0","0","1","1","0","0"
"POINT (13.328135000000032 52.508083197000076)","Unfall 199553 (2019) Kat:3, Licht: 0","199553","3","2","0","09","13","2","0","0","0","0","0","0"
"POINT (13.441163877000065 52.549466080000059)","Unfall 199554 (2019) Kat:3, Licht: 0","199554","3","3","5","09","13","7","0","0","0","1","0","0"
"POINT (13.569166007000035 52.442685987000061)","Unfall 199555 (2019) Kat:3, Licht: 0","199555","3","3","5","09","13","7","0","0","1","1","0","0"
"POINT (13.336690699000030 52.542104598000037)","Unfall 199556 (2019) Kat:3, Licht: 2","199556","3","3","5","09","20","1","0","2","1","1","0","0"
"POINT (13.599421533000054 52.452238170000044)","Unfall 199557 (2019) Kat:3, Licht: 2","199557","3","6","3","09","21","7","0","2","0","1","0","1"
"POINT (13.511576959000024 52.505535564000070)","Unfall 199558 (2019) Kat:3, Licht: 2","199558","3","3","5","09","23","1","0","2","0","1","0","0"
"POINT (13.329294701000038 52.481551434000039)","Unfall 199559 (2019) Kat:3, Licht: 2","199559","3","1","0","09","21","7","0","2","0","0","0","0"
"POINT (13.360848571000076 52.446821050000040)","Unfall 199560 (2019) Kat:3, Licht: 2","199560","3","4","6","09","23","7","0","2","0","1","1","0"
"POINT (13.386119322000070 52.487363087000062)","Unfall 199561 (2019) Kat:3, Licht: 2","199561","3","2","5","09","20","1","0","2","1","1","0","0"
"POINT (13.379311027000028 52.552991452000072)","Unfall 199562 (2019) Kat:2, Licht: 1","199562","2","4","6","09","22","7","0","1","0","1","1","0"
"POINT (13.427615876000061 52.545823122000058)","Unfall 199563 (2019) Kat:2, Licht: 2","199563","2","2","5","09","21","1","0","2","1","1","0","0"
"POINT (13.268558169000073 52.509136465000040)","Unfall 199564 (2019) Kat:3, Licht: 2","199564","3","2","5","09","21","7","0","2","0","1","0","0"
"POINT (13.385145810000040 52.550426418000029)","Unfall 199565 (2019) Kat:3, Licht: 2","199565","3","6","3","09","21","1","0","2","0","1","0","0"
"POINT (13.519208463000041 52.513658376000080)","Unfall 199566 (2019) Kat:3, Licht: 2","199566","3","4","6","09","21","7","0","2","0","1","1","0"
"POINT (13.558334780000052 52.455485296000063)","Unfall 199567 (2019) Kat:3, Licht: 2","199567","3","7","0","09","20","1","1","2","0","0","0","1"
"POINT (13.403505587000041 52.532312606000062)","Unfall 199568 (2019) Kat:3, Licht: 0","199568","3","7","0","09","13","7","0","0","1","0","0","0"
"POINT (13.377841309000075 52.452517188000058)","Unfall 199569 (2019) Kat:3, Licht: 2","199569","3","1","0","09","21","7","0","2","0","0","0","1"
"POINT (13.359883593000063 52.496134829000027)","Unfall 199570 (2019) Kat:3, Licht: 2","199570","3","3","5","09","19","1","0","2","1","1","0","0"
"POINT (13.296405552000067 52.529262063000033)","Unfall 199571 (2019) Kat:3, Licht: 2","199571","3","2","5","09","19","1","0","2","0","1","0","0"
"POINT (13.317785275000062 52.461214809000069)","Unfall 199572 (2019) Kat:3, Licht: 0","199572","3","2","5","09","13","7","0","0","0","1","0","1"
"POINT (13.370265868000047 52.570133056000032)","Unfall 199573 (2019) Kat:3, Licht: 0","199573","3","6","4","09","15","1","0","0","0","1","0","0"
"POINT (13.383088062000070 52.492354152000075)","Unfall 199574 (2019) Kat:3, Licht: 2","199574","3","5","1","09","20","7","0","2","1","1","0","0"
"POINT (13.324921747000076 52.502532650000035)","Unfall 199575 (2019) Kat:2, Licht: 0","199575","2","6","3","09","14","1","0","0","1","0","0","0"
"POINT (13.344872878000047 52.450225928000066)","Unfall 199576 (2019) Kat:3, Licht: 0","199576","3","5","5","09","12","7","0","0","0","1","0","0"
"POINT (13.286836841000024 52.586202315000037)","Unfall 199577 (2019) Kat:3, Licht: 0","199577","3","2","5","09","11","7","0","0","0","1","0","0"
"POINT (13.313731726000071 52.435267205000059)","Unfall 199578 (2019) Kat:3, Licht: 0","199578","3","5","1","09","14","1","0","0","0","1","0","1"
"POINT (13.380875321000076 52.505557177000071)","Unfall 199579 (2019) Kat:3, Licht: 0","199579","3","7","5","09","13","1","0","0","0","1","0","0"
"POINT (13.297082073000070 52.442719962000069)","Unfall 199580 (2019) Kat:2, Licht: 1","199580","2","1","0","09","19","7","0","1","0","0","0","1"
"POINT (13.349721788000068 52.434414076000053)","Unfall 199581 (2019) Kat:2, Licht: 0","199581","2","6","2","09","18","7","0","0","0","1","0","0"
"POINT (13.565597012000069 52.570447045000037)","Unfall 199582 (2019) Kat:3, Licht: 0","199582","3","7","5","09","13","1","0","0","0","1","0","1"
"POINT (13.328919054000039 52.428868154000043)","Unfall 199583 (2019) Kat:3, Licht: 0","199583","3","6","0","09","10","7","0","0","0","1","0","1"
"POINT (13.423141104000024 52.545149773000048)","Unfall 199584 (2019) Kat:2, Licht: 0","199584","2","7","5","09","13","1","0","0","1","1","0","0"
"POINT (13.498569442000075 52.458899832000043)","Unfall 199585 (2019) Kat:3, Licht: 0","199585","3","6","3","09","09","7","0","0","1","0","0","0"
"POINT (13.414769149000051 52.553865195000071)","Unfall 199586 (2019) Kat:3, Licht: 0","199586","3","6","2","09","09","7","0","0","0","1","0","0"
"POINT (13.330059179000045 52.569363736000071)","Unfall 199587 (2019) Kat:3, Licht: 0","199587","3","3","5","09","12","1","0","0","0","1","0","1"
"POINT (13.571705749000046 52.437783203000038)","Unfall 199588 (2019) Kat:2, Licht: 0","199588","2","4","6","09","09","7","0","0","0","1","1","0"
"POINT (13.592538079000064 52.438527135000072)","Unfall 199589 (2019) Kat:2, Licht: 0","199589","2","3","5","09","12","1","0","0","0","1","0","1"
"POINT (13.232485003000022 52.437729468000043)","Unfall 199590 (2019) Kat:3, Licht: 0","199590","3","4","6","09","09","7","0","0","1","0","1","0"
"POINT (13.296701420000034 52.442953334000038)","Unfall 199591 (2019) Kat:2, Licht: 1","199591","2","2","2","09","19","1","0","1","1","1","0","0"
"POINT (13.464602919000072 52.570283834000065)","Unfall 199592 (2019) Kat:3, Licht: 0","199592","3","4","6","09","08","7","0","0","1","0","1","0"
"POINT (13.476155616000028 52.532840134000082)","Unfall 199593 (2019) Kat:3, Licht: 0","199593","3","2","5","09","11","7","0","0","1","1","0","0"
"POINT (13.388245461000054 52.520445645000052)","Unfall 199594 (2019) Kat:3, Licht: 0","199594","3","6","1","09","16","7","0","0","1","1","0","0"
"POINT (13.322352281000065 52.593404937000059)","Unfall 199595 (2019) Kat:3, Licht: 0","199595","3","1","0","09","16","7","0","0","0","0","0","1"
"POINT (13.460122797000054 52.526403890000040)","Unfall 199596 (2019) Kat:3, Licht: 2","199596","3","5","1","09","20","7","0","2","0","1","0","0"
"POINT (13.371230840000067 52.511081251000064)","Unfall 199597 (2019) Kat:3, Licht: 2","199597","3","3","5","09","19","7","0","2","0","1","0","0"
"POINT (13.365074761000074 52.450177912000072)","Unfall 199598 (2019) Kat:3, Licht: 0","199598","3","6","3","09","15","7","0","0","1","1","0","0"
"POINT (13.500666136000063 52.435113279000063)","Unfall 199599 (2019) Kat:3, Licht: 0","199599","3","2","5","09","14","7","0","0","0","1","0","0"
"POINT (13.426776022000070 52.547569434000081)","Unfall 199600 (2019) Kat:3, Licht: 1","199600","3","5","1","09","18","7","0","1","0","1","0","0"
"POINT (13.353524633000063 52.596546139000054)","Unfall 199601 (2019) Kat:3, Licht: 2","199601","3","5","1","09","02","7","0","2","0","1","0","0"
"POINT (13.493441495000070 52.614226221000081)","Unfall 199602 (2019) Kat:3, Licht: 0","199602","3","3","5","09","17","7","0","0","1","1","0","0"
"POINT (13.341302826000060 52.464706758000034)","Unfall 199603 (2019) Kat:3, Licht: 2","199603","3","3","1","09","00","7","0","2","1","1","0","0"
"POINT (13.526621658000067 52.426464754000051)","Unfall 199604 (2019) Kat:2, Licht: 0","199604","2","2","5","09","16","7","0","0","0","1","0","0"
"POINT (13.409535799000025 52.386549966000075)","Unfall 199605 (2019) Kat:3, Licht: 0","199605","3","5","1","09","13","6","0","0","1","1","0","0"
"POINT (13.602260947000048 52.538507346000074)","Unfall 199606 (2019) Kat:3, Licht: 0","199606","3","5","1","09","13","7","0","0","1","1","0","0"
"POINT (13.332028655000045 52.500332797000056)","Unfall 199607 (2019) Kat:3, Licht: 0","199607","3","7","0","09","10","6","0","0","1","0","0","0"
"POINT (13.360326029000078 52.537319557000046)","Unfall 199608 (2019) Kat:3, Licht: 0","199608","3","2","5","09","10","7","0","0","0","1","0","0"
"POINT (13.325214572000050 52.564756474000035)","Unfall 199609 (2019) Kat:3, Licht: 0","199609","3","7","5","09","14","6","0","0","0","1","0","0"
"POINT (13.612271536000037 52.511600917000067)","Unfall 199610 (2019) Kat:2, Licht: 0","199610","2","4","6","09","07","7","0","0","0","0","1","0"
"POINT (13.377971137000031 52.466092875000072)","Unfall 199611 (2019) Kat:3, Licht: 0","199611","3","6","2","09","14","6","0","0","0","1","0","0"
"POINT (13.195222013000034 52.527604756000073)","Unfall 199612 (2019) Kat:3, Licht: 0","199612","3","6","2","09","13","6","0","0","0","1","0","0"
"POINT (13.313735736000069 52.567575763000036)","Unfall 199613 (2019) Kat:3, Licht: 0","199613","3","5","1","09","15","7","0","0","1","1","0","0"
"POINT (13.418213240000057 52.515406075000044)","Unfall 199614 (2019) Kat:3, Licht: 0","199614","3","6","3","09","13","6","0","0","1","0","0","0"
"POINT (13.319860813000048 52.587547999000037)","Unfall 199615 (2019) Kat:3, Licht: 0","199615","3","7","2","09","15","7","0","0","0","1","0","0"
"POINT (13.214052165000055 52.538372410000079)","Unfall 199616 (2019) Kat:3, Licht: 0","199616","3","2","5","09","13","6","1","0","1","0","0","0"
"POINT (13.438865783000040 52.482227137000052)","Unfall 199617 (2019) Kat:3, Licht: 0","199617","3","6","3","09","14","7","0","0","1","1","0","0"
"POINT (13.328566343000034 52.473629957000071)","Unfall 199618 (2019) Kat:3, Licht: 0","199618","3","7","0","09","12","6","0","0","1","1","0","0"
"POINT (13.328564052000047 52.476262029000054)","Unfall 199619 (2019) Kat:2, Licht: 2","199619","2","1","9","09","03","7","0","2","0","0","0","1"