WKT,Name,OBJECTID,UKATEGORIE,UTYP1,UART,UMONAT,USTUNDE,UWOCHENTAG,STRZUSTAND,ULICHTVERH,ISTRAD,ISTPKW,ISTFUSS,ISTKRAD
"POINT (13.385421543000064 52.531205298000032)","Unfall 199991 (2019) Kat:3, Licht: 0","199991","3","7","5","09","17","5","0","0","0","1","0","0"
"POINT (13.330496544000027 52.571152919000042)","Unfall 199992 (2019) Kat:3, Licht: 0","199992","3","3","5","10","15","4","0","0","0","1","0","0"
"POINT (13.338665091000053 52.543255990000034)","Unfall 199993 (2019) Kat:3, Licht: 0","199993","3","6","2","10","15","4","0","0","0","1","0","0"
"POINT (13.308839196000065 52.516791078000040)","Unfall 199994 (2019) Kat:3, Licht: 0","199994","3","5","1","09","17","5","0","0","0","1","0","1"
"POINT (13.345837221000068 52.544794582000065)","Unfall 199995 (2019) Kat:3, Licht: 0","199995","3","2","2","09","13","5","0","0","1","1","0","0"
"POINT (13.361325209000029 52.544673476000071)","Unfall 199996 (2019) Kat:3, Licht: 2","199996","3","5","1","10","22","4","0","2","1","1","0","0"
"POINT (13.321910303000038 52.560529388000077)","Unfall 199997 (2019) Kat:3, Licht: 2","199997","3","2","5","10","21","4","0","2","0","1","0","0"
"POINT (13.289837197000054 52.470703023000056)","Unfall 199998 (2019) Kat:3, Licht: 0","199998","3","6","2","09","17","5","0","0","0","1","0","0"
"POINT (13.465666237000050 52.557435367000039)","Unfall 199999 (2019) Kat:2, Licht: 0","199999","2","4","6","10","13","4","1","0","0","1","1","0"
"POINT (13.437436205000040 52.463627746000043)","Unfall 200000 (2019) Kat:3, Licht: 0","200000","3","3","5","09","17","5","1","0","0","1","0","0"
"POINT (13.404346729000054 52.507781196000053)","Unfall 200001 (2019) Kat:3, Licht: 0","200001","3","6","2","10","13","4","0","0","0","1","0","0"
"POINT (13.382149702000049 52.573444552000069)","Unfall 200002 (2019) Kat:3, Licht: 0","200002","3","6","2","10","13","4","0","0","0","1","0","0"
"POINT (13.541828748000057 52.403555195000081)","Unfall 200003 (2019) Kat:3, Licht: 2","200003","3","1","1","09","00","5","1","2","0","1","0","0"
"POINT (13.409644270000058 52.464062224000031)","Unfall 200004 (2019) Kat:2, Licht: 0","200004","2","6","4","10","12","4","0","0","0","1","0","0"
"POINT (13.428973737000035 52.484179290000043)","Unfall 200005 (2019) Kat:3, Licht: 2","200005","3","2","6","10","20","4","0","2","0","1","1","0"
"POINT (13.409622782000042 52.504031041000076)","Unfall 200006 (2019) Kat:3, Licht: 0","200006","3","1","0","09","07","5","1","0","1","0","0","0"
"POINT (13.329889338000044 52.458141089000037)","Unfall 200007 (2019) Kat:3, Licht: 0","200007","3","2","6","10","12","4","1","0","0","1","1","0"
"POINT (13.683441788000039 52.443612997000059)","Unfall 200008 (2019) Kat:2, Licht: 0","200008","2","1","0","09","08","5","1","0","0","0","0","1"
"POINT (13.427724469000054 52.560584316000075)","Unfall 200009 (2019) Kat:3, Licht: 2","200009","3","3","5","10","20","4","0","2","1","1","0","0"
"POINT (13.458735341000022 52.440309710000065)","Unfall 200010 (2019) Kat:2, Licht: 0","200010","2","3","5","10","11","4","1","0","0","1","0","0"
"POINT (13.421747374000063 52.499038189000032)","Unfall 200011 (2019) Kat:2, Licht: 2","200011","2","1","0","09","01","5","1","2","1","0","0","0"
"POINT (13.378869003000034 52.576095420000058)","Unfall 200012 (2019) Kat:3, Licht: 0","200012","3","4","6","09","08","5","0","0","0","0","1","1"
"POINT (13.397191240000041 52.586808472000030)","Unfall 200013 (2019) Kat:3, Licht: 0","200013","3","3","5","10","11","4","1","0","0","1","0","0"
"POINT (13.377172426000072 52.522185149000052)","Unfall 200014 (2019) Kat:3, Licht: 2","200014","3","6","2","10","18","4","0","2","1","1","0","0"
"POINT (13.392987239000036 52.412733362000040)","Unfall 200015 (2019) Kat:3, Licht: 1","200015","3","6","2","09","19","4","0","1","0","1","0","0"
"POINT (13.328378939000061 52.533546029000036)","Unfall 200016 (2019) Kat:3, Licht: 0","200016","3","6","2","10","10","4","1","0","0","1","0","0"
"POINT (13.451507900000024 52.510788401000070)","Unfall 200017 (2019) Kat:3, Licht: 0","200017","3","3","0","09","10","4","0","0","1","0","0","0"
"POINT (13.405670261000068 52.514119135000044)","Unfall 200018 (2019) Kat:3, Licht: 0","200018","3","1","0","09","12","4","1","0","1","0","0","0"
"POINT (13.379582611000046 52.545538161000081)","Unfall 200019 (2019) Kat:3, Licht: 0","200019","3","2","5","10","08","4","1","0","1","1","0","0"
"POINT (13.346017535000044 52.496264761000077)","Unfall 200020 (2019) Kat:3, Licht: 0","200020","3","6","2","10","10","4","1","0","0","1","0","0"
"POINT (13.394406084000025 52.506895944000064)","Unfall 200021 (2019) Kat:3, Licht: 0","200021","3","3","5","09","09","4","1","0","1","1","0","0"
"POINT (13.386640531000069 52.511903851000056)","Unfall 200022 (2019) Kat:3, Licht: 0","200022","3","2","5","10","08","4","1","0","1","1","0","0"
"POINT (13.445530743000063 52.565066676000072)","Unfall 200023 (2019) Kat:3, Licht: 0","200023","3","3","5","09","16","4","1","0","0","1","0","0"
"POINT (13.390054042000031 52.434354586000040)","Unfall 200024 (2019) Kat:3, Licht: 0","200024","3","2","5","10","10","4","1","0","0","1","0","0"
"POINT (13.315144598000074 52.498917175000031)","Unfall 200025 (2019) Kat:3, Licht: 2","200025","3","7","5","09","23","4","0","2","1","1","0","0"
"POINT (13.485271569000076 52.533513314000061)","Unfall 200026 (2019) Kat:2, Licht: 0","200026","2","1","2","10","10","4","1","0","0","1","0","0"
"POINT (13.391703732000053 52.527168493000033)","Unfall 200027 (2019) Kat:3, Licht: 2","200027","3","6","0","09","21","4","1","2","1","0","1","0"
"POINT (13.401337913000077 52.492991892000077)","Unfall 200028 (2019) Kat:3, Licht: 0","200028","3","2","0","10","08","4","1","0","1","1","0","0"
"POINT (13.414275887000031 52.572150525000040)","Unfall 200029 (2019) Kat:3, Licht: 2","200029","3","7","0","09","21","4","1","2","0","0","0","0"
"POINT (13.426283885000032 52.515896062000081)","Unfall 200030 (2019) Kat:2, Licht: 0","200030","2","2","5","10","08","4","1","0","0","1","0","1"
"POINT (13.528151082000022 52.556965122000065)","Unfall 200031 (2019) Kat:3, Licht: 2","200031","3","2","5","09","20","4","1","2","0","1","0","0"
"POINT (13.487420512000028 52.526631957000063)","Unfall 200032 (2019) Kat:2, Licht: 0","200032","2","1","0","10","10","4","1","0","1","0","0","0"
"POINT (13.358787257000074 52.553777936000074)","Unfall 200033 (2019) Kat:3, Licht: 2","200033","3","4","6","09","20","4","1","2","0","1","1","0"
"POINT (13.452469307000058 52.452584914000056)","Unfall 200034 (2019) Kat:3, Licht: 2","200034","3","1","8","10","06","4","1","2","0","1","0","0"
"POINT (13.314470171000039 52.465065822000042)","Unfall 200035 (2019) Kat:3, Licht: 0","200035","3","1","0","10","09","4","1","0","0","0","0","1"
"POINT (13.357588846000056 52.541061000000070)","Unfall 200036 (2019) Kat:3, Licht: 2","200036","3","7","0","09","20","4","0","2","1","1","0","0"
"POINT (13.487232783000024 52.465711768000062)","Unfall 200037 (2019) Kat:3, Licht: 0","200037","3","4","2","10","09","4","1","0","0","1","1","0"
"POINT (13.539783605000025 52.540081928000063)","Unfall 200038 (2019) Kat:3, Licht: 2","200038","3","3","0","09","19","4","1","2","0","1","0","1"
"POINT (13.280515816000047 52.518500149000033)","Unfall 200039 (2019) Kat:2, Licht: 0","200039","2","4","6","10","09","4","1","0","0","1","1","0"
"POINT (13.604276557000048 52.540204583000047)","Unfall 200040 (2019) Kat:3, Licht: 0","200040","3","6","2","10","16","4","0","0","0","1","0","0"
"POINT (13.373036645000070 52.527581204000057)","Unfall 200041 (2019) Kat:2, Licht: 2","200041","2","4","6","09","19","4","0","2","0","0","1","0"
"POINT (13.578641213000026 52.443839373000060)","Unfall 200042 (2019) Kat:3, Licht: 2","200042","3","1","1","10","20","3","1","2","1","1","0","0"
"POINT (13.422002897000027 52.486989729000072)","Unfall 200043 (2019) Kat:3, Licht: 2","200043","3","2","5","09","19","4","1","2","1","1","0","0"
"POINT (13.447911497000064 52.477760760000081)","Unfall 200044 (2019) Kat:3, Licht: 2","200044","3","4","6","10","19","3","1","2","0","1","1","0"
"POINT (13.606150550000052 52.524625821000029)","Unfall 200045 (2019) Kat:3, Licht: 2","200045","3","3","5","09","19","4","1","2","1","1","0","0"
"POINT (13.480764265000062 52.499121180000031)","Unfall 200046 (2019) Kat:3, Licht: 2","200046","3","2","5","10","20","3","1","2","1","1","0","0"
"POINT (13.322018336000042 52.473540239000044)","Unfall 200047 (2019) Kat:3, Licht: 2","200047","3","2","5","09","19","4","1","2","1","1","0","0"
"POINT (13.347548613000072 52.487092674000053)","Unfall 200048 (2019) Kat:3, Licht: 2","200048","3","3","5","10","19","3","1","2","0","1","0","0"
"POINT (13.199640655000053 52.534617313000069)","Unfall 200049 (2019) Kat:3, Licht: 0","200049","3","2","5","10","18","3","0","0","0","1","0","0"
"POINT (13.383320476000051 52.511422849000041)","Unfall 200050 (2019) Kat:3, Licht: 0","200050","3","6","0","09","14","4","0","0","0","1","0","0"
"POINT (13.363381700000048 52.556560946000047)","Unfall 200051 (2019) Kat:3, Licht: 1","200051","3","1","1","09","18","4","1","1","0","1","0","0"
"POINT (13.411923125000044 52.541044334000048)","Unfall 200052 (2019) Kat:3, Licht: 0","200052","3","2","5","10","15","3","0","0","1","1","0","0"
"POINT (13.332131614000048 52.561780921000036)","Unfall 200053 (2019) Kat:2, Licht: 0","200053","2","3","5","09","17","4","1","0","0","1","0","0"
"POINT (13.524234485000022 52.554229055000064)","Unfall 200054 (2019) Kat:3, Licht: 2","200054","3","7","6","10","21","3","1","2","1","0","1","0"
"POINT (13.463313435000032 52.508284625000044)","Unfall 200055 (2019) Kat:3, Licht: 0","200055","3","3","5","09","17","4","1","0","1","1","0","0"
"POINT (13.435562419000064 52.480904411000040)","Unfall 200056 (2019) Kat:3, Licht: 0","200056","3","7","6","10","11","3","1","0","0","1","1","0"
"POINT (13.365789367000048 52.557137216000058)","Unfall 200057 (2019) Kat:3, Licht: 0","200057","3","3","5","10","17","3","1","0","0","1","0","0"
"POINT (13.396146009000063 52.498380287000032)","Unfall 200058 (2019) Kat:3, Licht: 0","200058","3","3","5","09","17","4","1","0","1","1","0","0"
"POINT (13.404386510000052 52.533103425000036)","Unfall 200059 (2019) Kat:3, Licht: 0","200059","3","3","5","09","17","4","1","0","1","1","0","0"
"POINT (13.337138301000039 52.445608884000080)","Unfall 200060 (2019) Kat:3, Licht: 1","200060","3","3","5","10","17","3","1","1","1","1","0","0"
"POINT (13.348265081000022 52.506821094000031)","Unfall 200061 (2019) Kat:3, Licht: 0","200061","3","3","5","10","16","3","0","0","0","1","0","0"
"POINT (13.328682952000065 52.472926154000049)","Unfall 200062 (2019) Kat:3, Licht: 0","200062","3","3","5","09","17","4","1","0","1","1","0","0"
"POINT (13.392931209000039 52.548781108000071)","Unfall 200063 (2019) Kat:3, Licht: 0","200063","3","7","6","10","15","3","1","0","0","0","1","0"
"POINT (13.229150350000054 52.426425483000060)","Unfall 200064 (2019) Kat:3, Licht: 0","200064","3","3","5","09","16","4","1","0","1","1","0","0"
"POINT (13.345920732000025 52.498861797000075)","Unfall 200065 (2019) Kat:3, Licht: 0","200065","3","2","5","10","16","3","1","0","0","1","0","1"
"POINT (13.217620639000074 52.434399588000076)","Unfall 200066 (2019) Kat:3, Licht: 0","200066","3","3","0","10","15","3","1","0","1","1","0","0"
"POINT (13.417401248000033 52.499022505000028)","Unfall 200067 (2019) Kat:2, Licht: 2","200067","2","1","0","09","20","4","1","2","0","0","0","1"
"POINT (13.299713542000063 52.500466138000036)","Unfall 200068 (2019) Kat:3, Licht: 0","200068","3","1","0","10","15","3","1","0","0","1","0","0"
"POINT (13.153984037000043 52.549263519000078)","Unfall 200069 (2019) Kat:3, Licht: 0","200069","3","4","6","09","16","4","1","0","0","1","1","0"
"POINT (13.206477110000037 52.543264830000055)","Unfall 200070 (2019) Kat:3, Licht: 0","200070","3","7","0","10","15","3","1","0","0","0","0","1"
"POINT (13.323538360000043 52.493321000000037)","Unfall 200071 (2019) Kat:3, Licht: 0","200071","3","6","0","09","16","4","1","0","0","1","0","1"
"POINT (13.297417223000025 52.526474549000056)","Unfall 200072 (2019) Kat:2, Licht: 0","200072","2","2","5","10","15","3","1","0","0","1","0","0"
"POINT (13.380426866000050 52.556028850000075)","Unfall 200073 (2019) Kat:3, Licht: 1","200073","3","7","0","09","18","4","1","1","0","0","0","1"
"POINT (13.329158079000024 52.509362686000031)","Unfall 200074 (2019) Kat:3, Licht: 0","200074","3","6","2","10","15","3","0","0","1","1","0","0"
"POINT (13.449479700000040 52.526791797000044)","Unfall 200075 (2019) Kat:2, Licht: 0","200075","2","6","3","10","14","3","1","0","0","1","0","0"
"POINT (13.236222051000027 52.550112992000038)","Unfall 200076 (2019) Kat:3, Licht: 0","200076","3","1","4","09","16","4","1","0","0","1","0","0"
"POINT (13.339756860000023 52.518894143000068)","Unfall 200077 (2019) Kat:3, Licht: 0","200077","3","2","5","09","08","4","0","0","1","1","0","0"
"POINT (13.451191158000029 52.526619248000031)","Unfall 200078 (2019) Kat:3, Licht: 0","200078","3","6","3","10","14","3","1","0","1","1","0","0"
"POINT (13.358695762000025 52.553731649000042)","Unfall 200079 (2019) Kat:3, Licht: 0","200079","3","6","2","10","14","3","1","0","0","1","0","0"
"POINT (13.391585401000043 52.512106190000054)","Unfall 200080 (2019) Kat:3, Licht: 0","200080","3","6","2","09","08","4","1","0","1","1","0","0"
"POINT (13.204712453000070 52.544306859000073)","Unfall 200081 (2019) Kat:3, Licht: 0","200081","3","3","5","10","14","3","1","0","1","1","0","0"
"POINT (13.431918894000034 52.505690943000047)","Unfall 200082 (2019) Kat:3, Licht: 0","200082","3","1","8","09","16","4","1","0","0","1","1","0"
"POINT (13.423962414000073 52.513293704000034)","Unfall 200083 (2019) Kat:3, Licht: 0","200083","3","3","2","10","14","3","1","0","0","1","0","0"
"POINT (13.486542180000072 52.552055356000039)","Unfall 200084 (2019) Kat:3, Licht: 0","200084","3","3","5","09","16","4","1","0","1","1","0","0"
"POINT (13.331607575000021 52.513336085000049)","Unfall 200085 (2019) Kat:3, Licht: 0","200085","3","2","5","10","14","3","1","0","1","1","0","0"
"POINT (13.349621287000048 52.449463760000071)","Unfall 200086 (2019) Kat:3, Licht: 0","200086","3","6","0","09","16","4","1","0","0","0","0","1"
"POINT (13.316677725000034 52.500512854000078)","Unfall 200087 (2019) Kat:3, Licht: 0","200087","3","4","6","10","14","3","1","0","1","0","1","0"
"POINT (13.372074976000022 52.455604495000046)","Unfall 200088 (2019) Kat:3, Licht: 1","200088","3","3","5","09","15","4","1","1","0","1","0","0"
"POINT (13.388589272000047 52.439164182000070)","Unfall 200089 (2019) Kat:3, Licht: 0","200089","3","6","2","10","13","3","1","0","0","1","0","1"
"POINT (13.197286067000050 52.560885812000038)","Unfall 200090 (2019) Kat:3, Licht: 0","200090","3","6","2","09","15","4","1","0","0","1","0","0"
"POINT (13.320408292000025 52.505995743000028)","Unfall 200091 (2019) Kat:3, Licht: 0","200091","3","6","2","10","13","3","1","0","0","1","0","0"
"POINT (13.301197929000068 52.494700973000079)","Unfall 200092 (2019) Kat:3, Licht: 0","200092","3","6","2","10","12","3","1","0","0","1","0","0"
"POINT (13.350721615000054 52.433973592000029)","Unfall 200093 (2019) Kat:3, Licht: 0","200093","3","6","2","09","12","4","1","0","0","1","0","0"
"POINT (13.369762522000030 52.559736765000082)","Unfall 200094 (2019) Kat:3, Licht: 0","200094","3","3","5","10","12","3","1","0","1","0","0","0"
"POINT (13.379802497000071 52.556390737000072)","Unfall 200095 (2019) Kat:3, Licht: 0","200095","3","6","2","09","15","4","1","0","0","1","0","1"
"POINT (13.335427696000067 52.595670224000060)","Unfall 200096 (2019) Kat:3, Licht: 0","200096","3","3","2","10","11","3","1","0","0","1","0","0"
"POINT (13.434189307000054 52.523323616000027)","Unfall 200097 (2019) Kat:3, Licht: 0","200097","3","3","5","09","12","4","1","0","1","1","0","0"
"POINT (13.618211336000059 52.455432985000073)","Unfall 200098 (2019) Kat:3, Licht: 0","200098","3","6","2","10","11","3","1","0","0","1","0","0"
"POINT (13.590701489000026 52.514254101000063)","Unfall 200099 (2019) Kat:3, Licht: 0","200099","3","1","0","09","12","4","1","0","0","0","0","1"
"POINT (13.421873261000030 52.562712686000054)","Unfall 200100 (2019) Kat:3, Licht: 0","200100","3","4","6","10","11","3","1","0","0","1","1","0"
"POINT (13.299936965000029 52.518390306000072)","Unfall 200101 (2019) Kat:2, Licht: 0","200101","2","7","5","10","08","3","1","0","0","1","0","0"
"POINT (13.353198857000052 52.416692072000046)","Unfall 200102 (2019) Kat:3, Licht: 0","200102","3","5","1","09","11","4","1","0","0","1","0","0"
"POINT (13.432352402000049 52.535301342000082)","Unfall 200103 (2019) Kat:3, Licht: 0","200103","3","4","6","09","11","4","1","0","0","1","1","0"
"POINT (13.480823047000058 52.566493835000074)","Unfall 200104 (2019) Kat:3, Licht: 0","200104","3","6","2","10","07","3","1","0","0","1","0","0"
"POINT (13.441419860000053 52.490710166000042)","Unfall 200105 (2019) Kat:2, Licht: 0","200105","2","4","6","10","07","3","1","0","0","1","1","0"
"POINT (13.284991014000070 52.492410720000066)","Unfall 200106 (2019) Kat:3, Licht: 0","200106","3","5","0","09","11","4","0","0","1","1","0","0"
"POINT (13.486809709000056 52.552218441000036)","Unfall 200107 (2019) Kat:3, Licht: 0","200107","3","2","5","10","11","3","1","0","0","1","0","0"
"POINT (13.347709861000055 52.435286406000046)","Unfall 200108 (2019) Kat:3, Licht: 0","200108","3","2","2","09","10","4","1","0","0","1","0","0"
"POINT (13.390329874000031 52.618572543000028)","Unfall 200109 (2019) Kat:3, Licht: 0","200109","3","2","0","10","10","3","1","0","1","1","0","0"
"POINT (13.618696559000057 52.455278431000067)","Unfall 200110 (2019) Kat:3, Licht: 0","200110","3","3","5","10","07","3","1","0","1","1","0","0"
"POINT (13.385590790000037 52.466098803000079)","Unfall 200111 (2019) Kat:3, Licht: 0","200111","3","2","2","09","10","4","1","0","0","1","0","0"
"POINT (13.395539071000030 52.498339906000069)","Unfall 200112 (2019) Kat:3, Licht: 0","200112","3","2","6","10","10","3","1","0","0","1","1","0"
"POINT (13.329982442000073 52.527205163000076)","Unfall 200113 (2019) Kat:3, Licht: 2","200113","3","6","2","10","05","3","1","2","0","1","0","0"
"POINT (13.289243131000035 52.518962078000072)","Unfall 200114 (2019) Kat:3, Licht: 0","200114","3","4","6","09","10","4","1","0","1","0","1","0"
"POINT (13.321847859000059 52.493068054000048)","Unfall 200115 (2019) Kat:3, Licht: 0","200115","3","3","5","10","09","3","1","0","1","1","0","0"
"POINT (13.402448076000042 52.498301764000075)","Unfall 200116 (2019) Kat:3, Licht: 2","200116","3","6","1","10","00","3","0","2","0","1","0","0"
"POINT (13.313308580000069 52.422975573000031)","Unfall 200117 (2019) Kat:2, Licht: 0","200117","2","3","5","09","15","4","1","0","0","1","0","0"
"POINT (13.430558064000024 52.551795941000080)","Unfall 200118 (2019) Kat:3, Licht: 0","200118","3","3","5","10","09","3","1","0","1","0","0","0"
"POINT (13.389291860000071 52.550146158000075)","Unfall 200119 (2019) Kat:3, Licht: 0","200119","3","6","2","09","10","4","1","0","0","1","0","0"
"POINT (13.512320425000041 52.568040374000077)","Unfall 200120 (2019) Kat:3, Licht: 0","200120","3","6","2","09","09","2","1","0","0","1","0","0"
"POINT (13.444704023000043 52.426307391000080)","Unfall 200121 (2019) Kat:3, Licht: 0","200121","3","3","5","09","10","4","1","0","0","1","0","0"
"POINT (13.380715834000057 52.528333570000029)","Unfall 200122 (2019) Kat:2, Licht: 0","200122","2","5","1","09","16","2","1","0","0","1","0","1"
"POINT (13.369293958000071 52.546190774000081)","Unfall 200123 (2019) Kat:3, Licht: 0","200123","3","3","0","09","15","4","1","0","0","0","0","1"
"POINT (13.539585670000065 52.539804024000034)","Unfall 200124 (2019) Kat:3, Licht: 0","200124","3","2","5","09","15","2","0","0","0","1","0","0"
"POINT (13.347337996000022 52.449928011000054)","Unfall 200125 (2019) Kat:3, Licht: 1","200125","3","6","2","09","19","2","1","1","0","1","0","0"
"POINT (13.526620526000045 52.445427178000045)","Unfall 200126 (2019) Kat:3, Licht: 0","200126","3","3","5","09","14","4","1","0","1","1","0","0"
"POINT (13.365986624000072 52.557150635000028)","Unfall 200127 (2019) Kat:3, Licht: 0","200127","3","6","2","09","09","4","1","0","0","1","0","0"
"POINT (13.303236422000055 52.408850126000061)","Unfall 200128 (2019) Kat:3, Licht: 2","200128","3","3","5","09","19","2","1","2","1","1","0","0"
"POINT (13.626756990000047 52.529978718000052)","Unfall 200129 (2019) Kat:3, Licht: 0","200129","3","2","5","09","17","2","0","0","1","1","0","0"
"POINT (13.273688946000050 52.508370429000081)","Unfall 200130 (2019) Kat:3, Licht: 0","200130","3","6","3","09","14","4","1","0","0","1","0","0"
"POINT (13.299786857000072 52.487434501000052)","Unfall 200131 (2019) Kat:3, Licht: 0","200131","3","6","2","09","18","2","1","0","0","1","0","0"
"POINT (13.266600061000076 52.598084345000075)","Unfall 200132 (2019) Kat:3, Licht: 0","200132","3","7","0","09","14","4","1","0","0","0","0","1"
"POINT (13.394153046000042 52.511492984000029)","Unfall 200133 (2019) Kat:3, Licht: 2","200133","3","3","5","09","17","2","0","2","0","1","0","0"
"POINT (13.604749533000074 52.536551787000064)","Unfall 200134 (2019) Kat:3, Licht: 0","200134","3","2","6","09","13","4","0","0","0","1","1","0"
"POINT (13.308418787000051 52.487650167000027)","Unfall 200135 (2019) Kat:3, Licht: 0","200135","3","7","5","09","14","2","1","0","0","1","0","0"
"POINT (13.319940652000071 52.478839970000081)","Unfall 200136 (2019) Kat:3, Licht: 0","200136","3","6","4","09","12","4","0","0","0","1","0","0"
"POINT (13.313573938000047 52.504267627000047)","Unfall 200137 (2019) Kat:3, Licht: 1","200137","3","4","0","10","18","4","1","1","1","0","1","0"
"POINT (13.349287932000038 52.508496719000050)","Unfall 200138 (2019) Kat:3, Licht: 1","200138","3","3","0","10","18","4","1","1","1","1","0","0"
"POINT (13.516072063000024 52.464519042000063)","Unfall 200139 (2019) Kat:3, Licht: 0","200139","3","4","6","10","12","4","0","0","0","1","1","0"
"POINT (13.225286922000066 52.537395960000026)","Unfall 200140 (2019) Kat:3, Licht: 0","200140","3","6","2","10","17","4","1","0","0","1","0","0"
"POINT (13.400924511000028 52.529626623000070)","Unfall 200141 (2019) Kat:3, Licht: 0","200141","3","6","2","10","17","4","1","0","0","1","0","0"
"POINT (13.403586578000045 52.533439024000074)","Unfall 200142 (2019) Kat:2, Licht: 2","200142","2","1","0","10","00","4","0","2","0","0","0","1"
"POINT (13.363435779000042 52.478619210000033)","Unfall 200143 (2019) Kat:3, Licht: 0","200143","3","3","5","10","11","4","1","0","1","1","0","0"
"POINT (13.300653107000073 52.473945499000081)","Unfall 200144 (2019) Kat:2, Licht: 0","200144","2","2","6","10","11","4","1","0","0","1","1","0"
"POINT (13.414583937000032 52.547558992000063)","Unfall 200145 (2019) Kat:3, Licht: 0","200145","3","6","2","10","11","4","1","0","0","1","0","1"
"POINT (13.566031091000070 52.445059082000057)","Unfall 200146 (2019) Kat:3, Licht: 0","200146","3","3","5","10","09","4","1","0","1","1","0","0"
"POINT (13.376883708000037 52.543450476000032)","Unfall 200147 (2019) Kat:3, Licht: 0","200147","3","7","5","10","09","4","1","0","0","0","0","1"
"POINT (13.424628607000045 52.547142793000035)","Unfall 200148 (2019) Kat:3, Licht: 0","200148","3","5","1","10","09","4","1","0","1","0","0","0"
"POINT (13.207753342000046 52.538703702000078)","Unfall 200149 (2019) Kat:3, Licht: 0","200149","3","6","2","10","09","4","1","0","0","1","0","0"
"POINT (13.422641771000031 52.544590477000042)","Unfall 200150 (2019) Kat:3, Licht: 0","200150","3","2","5","10","09","4","1","0","1","1","0","0"
"POINT (13.334174562000044 52.610469639000030)","Unfall 200151 (2019) Kat:3, Licht: 0","200151","3","3","5","10","08","4","1","0","0","1","0","0"
"POINT (13.379365559000064 52.529501582000080)","Unfall 200152 (2019) Kat:3, Licht: 0","200152","3","7","0","10","08","4","1","0","0","1","0","0"
"POINT (13.526805285000023 52.437684999000055)","Unfall 200153 (2019) Kat:3, Licht: 0","200153","3","3","0","10","08","4","1","0","0","1","0","1"
"POINT (13.321945244000062 52.481812725000054)","Unfall 200154 (2019) Kat:3, Licht: 0","200154","3","5","5","10","07","4","1","0","1","1","0","0"
"POINT (13.433368668000071 52.558233328000028)","Unfall 200155 (2019) Kat:3, Licht: 1","200155","3","4","6","10","07","4","0","1","0","0","1","1"
"POINT (13.436213557000031 52.449075345000040)","Unfall 200156 (2019) Kat:3, Licht: 2","200156","3","2","5","10","06","4","0","2","1","1","0","0"
"POINT (13.287653860000034 52.477566256000046)","Unfall 200157 (2019) Kat:1, Licht: 2","200157","1","4","6","10","19","4","1","2","0","1","1","1"
"POINT (13.575042811000060 52.444299608000051)","Unfall 200158 (2019) Kat:3, Licht: 0","200158","3","6","3","10","15","3","0","0","1","0","0","0"
"POINT (13.418282375000047 52.493772361000026)","Unfall 200159 (2019) Kat:3, Licht: 1","200159","3","1","0","10","18","3","0","1","0","0","0","1"
"POINT (13.443669415000045 52.546000566000032)","Unfall 200160 (2019) Kat:2, Licht: 0","200160","2","3","5","10","15","3","0","0","1","1","0","0"
"POINT (13.430958190000069 52.506185828000071)","Unfall 200161 (2019) Kat:3, Licht: 2","200161","3","5","1","10","22","3","0","2","1","1","0","0"
"POINT (13.379321529000038 52.529485361000070)","Unfall 200162 (2019) Kat:3, Licht: 2","200162","3","6","3","10","22","3","0","2","0","1","0","1"
"POINT (13.371885963000068 52.509062791000076)","Unfall 200163 (2019) Kat:3, Licht: 0","200163","3","2","6","10","13","4","1","0","0","1","1","0"
"POINT (13.454841837000060 52.510176442000045)","Unfall 200164 (2019) Kat:3, Licht: 2","200164","3","5","1","10","21","3","0","2","1","1","0","0"
"POINT (13.294251009000050 52.497720658000048)","Unfall 200165 (2019) Kat:3, Licht: 2","200165","3","7","5","10","20","3","0","2","1","1","0","0"
"POINT (13.391848674000073 52.439797303000034)","Unfall 200166 (2019) Kat:3, Licht: 2","200166","3","6","2","10","20","3","0","2","0","1","0","0"
"POINT (13.384196801000030 52.555730279000045)","Unfall 200167 (2019) Kat:3, Licht: 1","200167","3","1","0","10","18","3","0","1","0","0","0","1"
"POINT (13.218538929000033 52.558506285000078)","Unfall 200168 (2019) Kat:3, Licht: 0","200168","3","4","0","10","16","3","0","0","0","0","1","0"
"POINT (13.539584358000070 52.539804059000062)","Unfall 200169 (2019) Kat:3, Licht: 0","200169","3","2","5","10","15","3","0","0","0","1","0","0"
"POINT (13.566453938000052 52.473257854000053)","Unfall 200170 (2019) Kat:3, Licht: 0","200170","3","6","4","10","15","3","0","0","0","1","0","0"
"POINT (13.377323813000032 52.508360583000069)","Unfall 200171 (2019) Kat:2, Licht: 0","200171","2","5","0","10","11","3","0","0","0","1","0","1"
"POINT (13.353760671000032 52.494745552000040)","Unfall 200172 (2019) Kat:3, Licht: 0","200172","3","5","1","10","14","3","0","0","1","0","0","1"
"POINT (13.479550899000060 52.520546364000040)","Unfall 200173 (2019) Kat:2, Licht: 0","200173","2","3","5","10","11","3","0","0","0","1","1","0"
"POINT (13.300482793000072 52.446811114000070)","Unfall 200174 (2019) Kat:3, Licht: 0","200174","3","1","0","10","11","3","1","0","1","0","0","0"
"POINT (13.514580393000074 52.468888722000031)","Unfall 200175 (2019) Kat:3, Licht: 0","200175","3","2","5","10","11","3","0","0","1","0","0","0"
"POINT (13.398811933000047 52.528880575000073)","Unfall 200176 (2019) Kat:3, Licht: 0","200176","3","2","5","10","11","3","0","0","1","0","0","0"