WKT,Name,OBJECTID,UKATEGORIE,UTYP1,UART,UMONAT,USTUNDE,UWOCHENTAG,STRZUSTAND,ULICHTVERH,ISTRAD,ISTPKW,ISTFUSS,ISTKRAD
"POINT (13.195943485000043 52.527287470000033)","Unfall 200177 (2019) Kat:3, Licht: 0","200177","3","2","5","10","10","3","0","0","1","1","0","0"
"POINT (13.317053810000061 52.470215616000075)","Unfall 200178 (2019) Kat:3, Licht: 0","200178","3","5","1","10","09","3","1","0","1","1","0","0"
"POINT (13.384137754000051 52.510101989000077)","Unfall 200179 (2019) Kat:3, Licht: 0","200179","3","3","5","10","08","3","0","0","1","0","1","0"
"POINT (13.323253068000042 52.511177772000053)","Unfall 200180 (2019) Kat:3, Licht: 0","200180","3","6","2","10","08","3","0","0","0","1","0","0"
"POINT (13.423665178000022 52.509097218000079)","Unfall 200181 (2019) Kat:3, Licht: 0","200181","3","6","4","10","09","3","0","0","1","1","0","0"
"POINT (13.406285576000073 52.531003882000050)","Unfall 200182 (2019) Kat:3, Licht: 0","200182","3","4","6","10","14","3","0","0","1","0","1","0"
"POINT (13.389927291000049 52.509442149000051)","Unfall 200183 (2019) Kat:3, Licht: 0","200183","3","2","2","10","08","3","0","0","1","1","0","0"
"POINT (13.404384564000054 52.439524163000044)","Unfall 200184 (2019) Kat:3, Licht: 0","200184","3","7","6","10","14","3","0","0","0","0","1","0"
"POINT (13.315194191000046 52.528082249000079)","Unfall 200185 (2019) Kat:3, Licht: 1","200185","3","2","0","10","18","3","0","1","0","1","0","1"
"POINT (13.358265270000061 52.501207214000033)","Unfall 200186 (2019) Kat:3, Licht: 0","200186","3","6","2","10","14","3","0","0","0","1","0","0"
"POINT (13.505142370000044 52.445053649000045)","Unfall 200187 (2019) Kat:3, Licht: 0","200187","3","3","0","10","08","3","0","0","0","1","0","1"
"POINT (13.418532046000053 52.498782068000082)","Unfall 200188 (2019) Kat:2, Licht: 0","200188","2","6","2","10","07","3","0","0","0","1","0","1"
"POINT (13.571914199000048 52.568386165000049)","Unfall 200189 (2019) Kat:3, Licht: 1","200189","3","7","2","10","18","3","0","1","0","1","0","0"
"POINT (13.241822554000066 52.538536311000030)","Unfall 200190 (2019) Kat:3, Licht: 0","200190","3","6","0","10","07","3","0","0","0","1","0","1"
"POINT (13.205353963000050 52.541777662000072)","Unfall 200191 (2019) Kat:3, Licht: 1","200191","3","3","5","10","06","3","0","1","1","1","0","0"
"POINT (13.178027790000044 52.548664447000078)","Unfall 200192 (2019) Kat:3, Licht: 0","200192","3","2","5","10","17","3","0","0","1","1","0","0"
"POINT (13.430907228000024 52.512804065000068)","Unfall 200193 (2019) Kat:3, Licht: 0","200193","3","3","5","10","17","3","0","0","1","0","0","0"
"POINT (13.432444202000056 52.485237778000055)","Unfall 200194 (2019) Kat:3, Licht: 0","200194","3","6","2","10","13","3","0","0","0","1","0","0"
"POINT (13.345705478000070 52.538143321000064)","Unfall 200195 (2019) Kat:3, Licht: 0","200195","3","2","5","10","17","3","0","0","0","1","0","1"
"POINT (13.314969095000038 52.610293796000065)","Unfall 200196 (2019) Kat:3, Licht: 0","200196","3","2","6","10","12","3","0","0","0","0","1","0"
"POINT (13.434140681000031 52.443080956000074)","Unfall 200197 (2019) Kat:3, Licht: 0","200197","3","6","2","10","15","3","0","0","0","1","0","0"
"POINT (13.432307582000021 52.543805400000053)","Unfall 200198 (2019) Kat:3, Licht: 0","200198","3","2","5","10","12","3","0","0","0","0","0","1"
"POINT (13.496088544000031 52.466251262000071)","Unfall 200199 (2019) Kat:3, Licht: 0","200199","3","6","2","10","16","3","0","0","0","0","0","0"
"POINT (13.400112661000037 52.459066888000052)","Unfall 200200 (2019) Kat:2, Licht: 2","200200","2","3","5","10","21","2","0","2","0","1","0","1"
"POINT (13.293159794000076 52.536761878000050)","Unfall 200201 (2019) Kat:3, Licht: 2","200201","3","7","6","10","21","2","0","2","0","0","1","0"
"POINT (13.355229212000040 52.534852276000038)","Unfall 200202 (2019) Kat:3, Licht: 2","200202","3","6","2","10","20","2","0","2","1","1","0","0"
"POINT (13.452823586000022 52.512413403000039)","Unfall 200203 (2019) Kat:3, Licht: 2","200203","3","2","5","10","19","2","0","2","1","1","0","0"
"POINT (13.457789436000041 52.529034700000068)","Unfall 200204 (2019) Kat:3, Licht: 1","200204","3","2","2","10","18","2","0","1","1","1","0","0"
"POINT (13.377737554000078 52.508021240000062)","Unfall 200205 (2019) Kat:3, Licht: 1","200205","3","4","6","10","18","2","0","1","1","0","1","0"
"POINT (13.281005285000049 52.476944525000079)","Unfall 200206 (2019) Kat:3, Licht: 1","200206","3","2","5","10","18","2","0","1","1","1","0","0"
"POINT (13.364334562000067 52.509982275000027)","Unfall 200207 (2019) Kat:3, Licht: 0","200207","3","2","5","10","17","2","0","0","1","1","0","0"
"POINT (13.435284509000041 52.434272253000074)","Unfall 200208 (2019) Kat:2, Licht: 0","200208","2","5","1","10","17","2","0","0","0","1","0","0"
"POINT (13.350858480000056 52.568080965000036)","Unfall 200209 (2019) Kat:3, Licht: 1","200209","3","5","1","10","17","2","0","1","0","1","0","0"
"POINT (13.318730706000053 52.454570905000082)","Unfall 200210 (2019) Kat:2, Licht: 0","200210","2","6","0","10","16","2","0","0","0","1","0","0"
"POINT (13.540128109000023 52.525664726000059)","Unfall 200211 (2019) Kat:3, Licht: 0","200211","3","2","5","10","15","2","0","0","1","0","0","0"
"POINT (13.411195046000046 52.539986276000036)","Unfall 200212 (2019) Kat:3, Licht: 0","200212","3","7","5","10","15","2","0","0","0","0","0","0"
"POINT (13.395923287000073 52.507053841000072)","Unfall 200213 (2019) Kat:2, Licht: 0","200213","2","4","6","10","15","2","0","0","0","1","1","0"
"POINT (13.399613938000073 52.494293046000053)","Unfall 200214 (2019) Kat:3, Licht: 0","200214","3","2","2","10","09","2","0","0","1","1","0","0"
"POINT (13.510156085000062 52.490310968000074)","Unfall 200215 (2019) Kat:3, Licht: 0","200215","3","5","5","10","15","2","0","0","0","1","0","0"
"POINT (13.448062177000054 52.487601834000031)","Unfall 200216 (2019) Kat:3, Licht: 0","200216","3","6","0","10","15","2","0","0","1","0","0","0"
"POINT (13.186607316000050 52.532591244000059)","Unfall 200217 (2019) Kat:2, Licht: 0","200217","2","3","5","10","11","2","0","0","1","0","0","1"
"POINT (13.624949547000028 52.452855147000037)","Unfall 200218 (2019) Kat:3, Licht: 0","200218","3","6","0","10","11","2","0","0","1","0","0","0"
"POINT (13.590717449000067 52.446561888000076)","Unfall 200219 (2019) Kat:2, Licht: 0","200219","2","7","0","10","11","2","0","0","1","0","0","0"
"POINT (13.390315340000029 52.535592462000068)","Unfall 200220 (2019) Kat:3, Licht: 0","200220","3","6","2","10","15","2","0","0","0","1","0","1"
"POINT (13.469073554000033 52.502431248000050)","Unfall 200221 (2019) Kat:3, Licht: 0","200221","3","6","2","10","08","2","0","0","0","1","0","1"
"POINT (13.247534445000042 52.538292414000068)","Unfall 200222 (2019) Kat:3, Licht: 0","200222","3","2","2","10","14","2","0","0","0","1","0","0"
"POINT (13.364222659000063 52.543634477000069)","Unfall 200223 (2019) Kat:3, Licht: 0","200223","3","6","2","10","08","2","0","0","0","1","0","0"
"POINT (13.329114487000027 52.567211326000063)","Unfall 200224 (2019) Kat:3, Licht: 0","200224","3","2","5","10","07","2","0","0","0","1","0","0"
"POINT (13.382204290000061 52.399407861000043)","Unfall 200225 (2019) Kat:3, Licht: 0","200225","3","3","2","10","13","2","0","0","0","1","0","1"
"POINT (13.497860372000048 52.546896316000073)","Unfall 200226 (2019) Kat:2, Licht: 0","200226","2","4","6","10","10","2","0","0","0","1","1","0"
"POINT (13.308196258000066 52.442955805000054)","Unfall 200227 (2019) Kat:3, Licht: 1","200227","3","5","1","10","06","2","0","1","1","1","0","0"
"POINT (13.286831179000046 52.495832259000053)","Unfall 200228 (2019) Kat:3, Licht: 0","200228","3","2","5","10","10","2","0","0","0","1","0","0"
"POINT (13.433383719000062 52.463996678000058)","Unfall 200229 (2019) Kat:3, Licht: 0","200229","3","2","6","10","14","2","0","0","0","1","1","0"
"POINT (13.449101606000056 52.528858997000043)","Unfall 200230 (2019) Kat:3, Licht: 2","200230","3","3","5","10","06","2","1","2","1","1","0","0"
"POINT (13.507665294000049 52.453169332000073)","Unfall 200231 (2019) Kat:3, Licht: 0","200231","3","5","5","10","10","2","0","0","0","1","0","0"
"POINT (13.538631938000037 52.524635742000044)","Unfall 200232 (2019) Kat:2, Licht: 0","200232","2","3","0","10","13","2","0","0","0","1","0","1"
"POINT (13.282825592000052 52.518643577000034)","Unfall 200233 (2019) Kat:3, Licht: 0","200233","3","2","5","10","10","2","0","0","0","1","0","1"
"POINT (13.306507495000062 52.528928949000033)","Unfall 200234 (2019) Kat:3, Licht: 0","200234","3","3","5","10","13","2","0","0","1","1","0","0"
"POINT (13.583745373000056 52.514944767000031)","Unfall 200235 (2019) Kat:3, Licht: 0","200235","3","2","5","10","09","2","0","0","0","1","0","0"
"POINT (13.400546791000068 52.498422207000033)","Unfall 200236 (2019) Kat:3, Licht: 0","200236","3","6","2","10","09","2","0","0","0","1","0","1"
"POINT (13.411848469000063 52.541050937000080)","Unfall 200237 (2019) Kat:2, Licht: 0","200237","2","3","5","10","12","2","0","0","1","1","0","0"
"POINT (13.377319495000052 52.476376934000029)","Unfall 200238 (2019) Kat:3, Licht: 0","200238","3","1","0","10","09","2","0","0","1","0","0","0"
"POINT (13.402661462000026 52.503689392000069)","Unfall 200239 (2019) Kat:3, Licht: 0","200239","3","7","0","10","08","2","1","0","0","0","0","1"
"POINT (13.377979391000054 52.472962087000042)","Unfall 200240 (2019) Kat:3, Licht: 0","200240","3","6","2","10","12","2","0","0","0","1","0","0"
"POINT (13.427647340000021 52.481130174000043)","Unfall 200241 (2019) Kat:3, Licht: 0","200241","3","3","5","10","16","1","0","0","1","1","0","0"
"POINT (13.408311697000045 52.565953437000076)","Unfall 200242 (2019) Kat:2, Licht: 2","200242","2","6","3","10","22","1","0","2","1","0","0","0"
"POINT (13.428798247000032 52.580536112000061)","Unfall 200243 (2019) Kat:3, Licht: 0","200243","3","6","4","10","17","1","0","0","1","0","0","0"
"POINT (13.592442762000076 52.438608440000053)","Unfall 200244 (2019) Kat:3, Licht: 0","200244","3","6","2","10","16","1","1","0","0","1","0","0"
"POINT (13.365853033000064 52.604598579000026)","Unfall 200245 (2019) Kat:3, Licht: 0","200245","3","1","0","10","16","1","0","0","0","0","0","1"
"POINT (13.375607822000063 52.581104342000060)","Unfall 200246 (2019) Kat:3, Licht: 0","200246","3","6","2","10","15","1","0","0","0","1","0","1"
"POINT (13.349491099000034 52.503319449000060)","Unfall 200247 (2019) Kat:2, Licht: 0","200247","2","6","2","10","15","1","0","0","0","1","0","1"
"POINT (13.371026257000040 52.511099936000051)","Unfall 200248 (2019) Kat:3, Licht: 0","200248","3","3","5","10","13","1","0","0","1","0","0","1"
"POINT (13.321854826000049 52.560568553000053)","Unfall 200249 (2019) Kat:3, Licht: 0","200249","3","2","5","10","13","1","0","0","0","1","0","0"
"POINT (13.311891397000068 52.491354030000082)","Unfall 200250 (2019) Kat:3, Licht: 0","200250","3","5","5","10","13","1","0","0","0","1","0","1"
"POINT (13.281801189000078 52.511057949000076)","Unfall 200251 (2019) Kat:3, Licht: 0","200251","3","6","2","10","12","1","0","0","0","1","0","0"
"POINT (13.417022704000033 52.418219470000054)","Unfall 200252 (2019) Kat:3, Licht: 0","200252","3","2","6","10","11","1","0","0","0","1","1","0"
"POINT (13.470169782000028 52.553606822000063)","Unfall 200253 (2019) Kat:3, Licht: 0","200253","3","3","5","10","10","1","0","0","0","1","0","0"
"POINT (13.520444397000063 52.568720797000026)","Unfall 200254 (2019) Kat:3, Licht: 0","200254","3","7","5","10","09","1","0","0","1","1","0","0"
"POINT (13.432142132000024 52.510620332000030)","Unfall 200255 (2019) Kat:3, Licht: 0","200255","3","7","6","10","07","1","0","0","0","1","1","0"
"POINT (13.314589699000067 52.547499939000033)","Unfall 200256 (2019) Kat:3, Licht: 2","200256","3","7","5","10","06","1","0","2","0","1","0","0"
"POINT (13.417735020000066 52.506610304000048)","Unfall 200257 (2019) Kat:3, Licht: 2","200257","3","3","5","10","22","1","1","2","0","1","0","0"
"POINT (13.408355366000023 52.565974367000081)","Unfall 200258 (2019) Kat:2, Licht: 2","200258","2","6","3","10","22","1","0","2","1","0","0","0"
"POINT (13.434933400000034 52.501467850000040)","Unfall 200259 (2019) Kat:3, Licht: 2","200259","3","3","5","10","20","1","1","2","0","1","0","1"
"POINT (13.313728401000049 52.518080761000078)","Unfall 200260 (2019) Kat:3, Licht: 2","200260","3","1","0","10","20","1","0","2","1","0","0","0"
"POINT (13.300128870000037 52.494424955000056)","Unfall 200261 (2019) Kat:3, Licht: 0","200261","3","2","5","10","16","4","1","0","0","1","0","1"
"POINT (13.385797597000021 52.528365074000078)","Unfall 200262 (2019) Kat:3, Licht: 1","200262","3","1","0","10","17","3","1","1","0","1","0","0"
"POINT (13.319945039000061 52.468503820000080)","Unfall 200263 (2019) Kat:3, Licht: 2","200263","3","1","0","10","19","1","1","2","0","0","0","1"
"POINT (13.475769134000075 52.512243453000053)","Unfall 200264 (2019) Kat:3, Licht: 2","200264","3","1","0","10","19","1","1","2","0","0","0","1"
"POINT (13.412298206000060 52.498670686000082)","Unfall 200265 (2019) Kat:3, Licht: 2","200265","3","2","0","10","18","1","1","2","1","1","0","0"
"POINT (13.319189736000055 52.501483795000070)","Unfall 200266 (2019) Kat:3, Licht: 1","200266","3","1","0","10","18","1","0","1","0","0","0","1"
"POINT (13.378328667000062 52.451796630000047)","Unfall 200267 (2019) Kat:3, Licht: 0","200267","3","2","2","10","13","7","0","0","0","1","0","0"
"POINT (13.275165569000023 52.460885190000056)","Unfall 200268 (2019) Kat:3, Licht: 0","200268","3","2","2","10","13","7","0","0","0","1","0","0"
"POINT (13.348627152000063 52.538021053000080)","Unfall 200269 (2019) Kat:3, Licht: 1","200269","3","5","0","10","18","7","0","1","0","1","0","1"
"POINT (13.468823922000070 52.502468214000032)","Unfall 200270 (2019) Kat:2, Licht: 0","200270","2","4","6","10","15","4","1","0","0","1","1","0"
"POINT (13.300101110000071 52.439879351000059)","Unfall 200271 (2019) Kat:2, Licht: 2","200271","2","1","0","10","23","7","0","2","1","0","0","0"
"POINT (13.452702232000036 52.533996477000073)","Unfall 200272 (2019) Kat:2, Licht: 2","200272","2","6","2","10","23","7","0","2","0","1","0","1"
"POINT (13.395541777000062 52.528955401000076)","Unfall 200273 (2019) Kat:3, Licht: 0","200273","3","4","6","10","15","4","1","0","0","0","1","1"
"POINT (13.345067673000074 52.554292258000032)","Unfall 200274 (2019) Kat:2, Licht: 1","200274","2","2","5","10","22","7","0","1","1","1","0","0"
"POINT (13.454064882000068 52.482604838000043)","Unfall 200275 (2019) Kat:3, Licht: 2","200275","3","2","5","10","21","7","0","2","0","1","0","0"
"POINT (13.295422014000053 52.539609758000040)","Unfall 200276 (2019) Kat:3, Licht: 2","200276","3","2","5","10","22","7","0","2","0","1","0","0"
"POINT (13.409957666000025 52.510605639000062)","Unfall 200277 (2019) Kat:3, Licht: 2","200277","3","2","6","10","22","7","0","2","0","1","1","0"
"POINT (13.435000440000067 52.461095779000061)","Unfall 200278 (2019) Kat:3, Licht: 2","200278","3","5","0","10","19","7","0","2","0","1","0","0"
"POINT (13.333423310000057 52.559571822000066)","Unfall 200279 (2019) Kat:3, Licht: 2","200279","3","5","1","10","18","7","0","2","0","1","0","0"
"POINT (13.291383445000065 52.581026669000039)","Unfall 200280 (2019) Kat:3, Licht: 2","200280","3","2","6","10","18","7","0","2","0","0","1","0"
"POINT (13.319027693000066 52.611355224000079)","Unfall 200281 (2019) Kat:2, Licht: 0","200281","2","3","5","10","16","7","0","0","1","1","0","0"
"POINT (13.449998405000031 52.428013126000053)","Unfall 200282 (2019) Kat:3, Licht: 0","200282","3","3","5","10","15","7","0","0","0","1","0","0"
"POINT (13.195736257000021 52.529614355000035)","Unfall 200283 (2019) Kat:2, Licht: 0","200283","2","6","0","10","15","7","0","0","0","1","0","0"
"POINT (13.376021486000070 52.409117470000069)","Unfall 200284 (2019) Kat:3, Licht: 0","200284","3","2","5","10","14","7","0","0","1","1","0","0"
"POINT (13.345990933000053 52.498831072000030)","Unfall 200285 (2019) Kat:3, Licht: 0","200285","3","7","5","10","14","7","0","0","0","1","0","1"
"POINT (13.542918837000059 52.542423316000054)","Unfall 200286 (2019) Kat:3, Licht: 0","200286","3","6","0","10","13","7","0","0","0","1","0","0"
"POINT (13.314387786000054 52.510671154000079)","Unfall 200287 (2019) Kat:3, Licht: 0","200287","3","3","5","10","12","7","0","0","1","0","0","1"
"POINT (13.590410030000044 52.529500774000041)","Unfall 200288 (2019) Kat:3, Licht: 0","200288","3","2","5","10","12","7","0","0","0","0","0","0"
"POINT (13.526771341000028 52.437665486000071)","Unfall 200289 (2019) Kat:3, Licht: 0","200289","3","3","5","10","12","7","0","0","1","1","0","0"
"POINT (13.319512419000034 52.459400481000046)","Unfall 200290 (2019) Kat:3, Licht: 0","200290","3","3","5","10","12","7","0","0","0","1","0","0"
"POINT (13.521407459000045 52.499884866000059)","Unfall 200291 (2019) Kat:3, Licht: 0","200291","3","3","5","10","11","7","0","0","1","1","0","0"
"POINT (13.499763674000064 52.526156112000081)","Unfall 200292 (2019) Kat:3, Licht: 0","200292","3","6","3","10","11","7","0","0","1","0","0","0"
"POINT (13.485137232000056 52.523195152000028)","Unfall 200293 (2019) Kat:3, Licht: 0","200293","3","6","3","10","10","7","0","0","1","1","0","0"
"POINT (13.443766838000045 52.572336295000071)","Unfall 200294 (2019) Kat:3, Licht: 0","200294","3","3","5","10","10","7","0","0","0","1","0","0"
"POINT (13.520422073000077 52.570311188000062)","Unfall 200295 (2019) Kat:3, Licht: 0","200295","3","3","0","10","10","7","0","0","0","1","0","1"
"POINT (13.306370943000047 52.527179923000062)","Unfall 200296 (2019) Kat:3, Licht: 0","200296","3","7","5","10","09","7","0","0","0","1","0","1"
"POINT (13.430560836000041 52.492556550000074)","Unfall 200297 (2019) Kat:3, Licht: 2","200297","3","3","5","10","01","7","0","2","0","1","0","1"
"POINT (13.201122504000068 52.534195095000030)","Unfall 200298 (2019) Kat:3, Licht: 2","200298","3","4","6","10","00","7","0","2","0","1","1","0"
"POINT (13.435720716000048 52.523374406000073)","Unfall 200299 (2019) Kat:3, Licht: 2","200299","3","6","0","10","19","6","0","2","0","1","0","1"
"POINT (13.383468145000052 52.518387180000047)","Unfall 200300 (2019) Kat:2, Licht: 0","200300","2","4","6","10","10","6","1","0","1","0","1","0"
"POINT (13.501428901000054 52.482809844000030)","Unfall 200301 (2019) Kat:3, Licht: 2","200301","3","4","6","10","20","6","1","2","0","1","1","0"
"POINT (13.426458711000066 52.508100300000081)","Unfall 200302 (2019) Kat:3, Licht: 0","200302","3","7","5","10","14","6","0","0","1","0","0","0"
"POINT (13.188858537000044 52.521754175000069)","Unfall 200303 (2019) Kat:3, Licht: 0","200303","3","2","5","10","13","6","0","0","0","1","0","0"
"POINT (13.443573265000055 52.464204851000034)","Unfall 200304 (2019) Kat:3, Licht: 0","200304","3","6","2","10","13","6","0","0","0","1","0","0"
"POINT (13.471795057000065 52.531987596000079)","Unfall 200305 (2019) Kat:2, Licht: 2","200305","2","3","5","10","19","6","1","2","0","1","0","0"
"POINT (13.356725298000072 52.535611291000066)","Unfall 200306 (2019) Kat:3, Licht: 0","200306","3","6","0","10","10","6","0","0","1","1","0","0"
"POINT (13.363756360000025 52.439656052000032)","Unfall 200307 (2019) Kat:3, Licht: 2","200307","3","3","5","10","19","6","1","2","0","1","0","0"
"POINT (13.414262817000065 52.538310370000033)","Unfall 200308 (2019) Kat:3, Licht: 2","200308","3","5","1","10","19","6","1","2","1","1","0","0"
"POINT (13.442021339000064 52.500919509000028)","Unfall 200309 (2019) Kat:3, Licht: 1","200309","3","2","5","10","17","6","1","1","1","1","0","0"
"POINT (13.279943040000035 52.520439504000080)","Unfall 200310 (2019) Kat:3, Licht: 2","200310","3","2","5","10","19","6","1","2","1","1","0","0"
"POINT (13.227004547000035 52.626856484000029)","Unfall 200311 (2019) Kat:3, Licht: 1","200311","3","6","2","10","06","6","0","1","0","1","0","0"
"POINT (13.452030569000044 52.510688568000035)","Unfall 200312 (2019) Kat:3, Licht: 0","200312","3","3","0","10","12","4","1","0","1","1","0","0"
"POINT (13.285926844000073 52.449729578000074)","Unfall 200313 (2019) Kat:3, Licht: 2","200313","3","3","5","10","18","6","1","2","0","1","0","0"
"POINT (13.277160750000064 52.535055263000061)","Unfall 200314 (2019) Kat:3, Licht: 2","200314","3","4","6","10","05","6","0","2","0","0","1","1"
"POINT (13.412151450000067 52.498714081000060)","Unfall 200315 (2019) Kat:3, Licht: 1","200315","3","3","5","10","17","6","1","1","1","1","0","0"
"POINT (13.383474482000054 52.551312153000026)","Unfall 200316 (2019) Kat:3, Licht: 1","200316","3","7","5","10","17","6","0","1","0","1","0","1"
"POINT (13.361918332000073 52.414173791000053)","Unfall 200317 (2019) Kat:3, Licht: 0","200317","3","6","2","10","16","6","1","0","0","1","0","0"
"POINT (13.266054960000076 52.415372811000054)","Unfall 200318 (2019) Kat:2, Licht: 0","200318","2","5","5","10","16","6","1","0","0","1","0","0"
"POINT (13.402323161000027 52.386683908000066)","Unfall 200319 (2019) Kat:3, Licht: 0","200319","3","2","5","10","15","6","0","0","0","1","0","1"
"POINT (13.488069989000053 52.541803701000049)","Unfall 200320 (2019) Kat:3, Licht: 0","200320","3","6","2","10","14","6","0","0","0","1","0","0"
"POINT (13.328619138000022 52.529264451000074)","Unfall 200321 (2019) Kat:3, Licht: 0","200321","3","5","0","10","14","6","0","0","0","0","1","0"
"POINT (13.297649021000041 52.501885314000049)","Unfall 200322 (2019) Kat:3, Licht: 2","200322","3","7","5","10","20","6","1","2","0","1","0","0"
"POINT (13.429408556000055 52.455174018000037)","Unfall 200323 (2019) Kat:3, Licht: 0","200323","3","6","3","10","14","4","1","0","0","1","0","0"
"POINT (13.282751900000051 52.533867225000051)","Unfall 200324 (2019) Kat:3, Licht: 0","200324","3","6","2","10","15","6","0","0","0","1","0","0"
"POINT (13.401775345000033 52.506122133000076)","Unfall 200325 (2019) Kat:3, Licht: 0","200325","3","6","6","10","16","5","1","0","0","0","1","0"
"POINT (13.394084104000058 52.507912692000048)","Unfall 200326 (2019) Kat:3, Licht: 2","200326","3","3","5","10","19","5","0","2","1","0","0","0"
"POINT (13.426416168000060 52.476958028000070)","Unfall 200327 (2019) Kat:3, Licht: 2","200327","3","6","2","10","23","5","1","2","0","1","0","0"
"POINT (13.352609813000072 52.559255772000029)","Unfall 200328 (2019) Kat:3, Licht: 2","200328","3","6","2","10","22","5","1","2","0","1","0","0"
"POINT (13.496296644000040 52.634501024000031)","Unfall 200329 (2019) Kat:3, Licht: 2","200329","3","4","6","10","20","5","1","2","1","0","1","0"
"POINT (13.328625995000039 52.465201981000064)","Unfall 200330 (2019) Kat:3, Licht: 2","200330","3","4","6","10","20","5","1","2","0","1","1","0"
"POINT (13.603721236000069 52.542847079000069)","Unfall 200331 (2019) Kat:2, Licht: 2","200331","2","6","3","10","19","5","1","2","1","1","0","0"
"POINT (13.198949603000074 52.534876484000051)","Unfall 200332 (2019) Kat:2, Licht: 2","200332","2","4","6","10","19","5","0","2","0","1","1","0"
"POINT (13.402502564000031 52.511854231000029)","Unfall 200333 (2019) Kat:3, Licht: 0","200333","3","2","5","10","17","5","1","0","0","1","0","0"
"POINT (13.372424242000022 52.457614930000034)","Unfall 200334 (2019) Kat:3, Licht: 0","200334","3","7","6","10","13","4","1","0","0","0","1","0"
"POINT (13.423812343000066 52.477282902000070)","Unfall 200335 (2019) Kat:3, Licht: 0","200335","3","3","0","10","17","5","1","0","0","1","0","1"
"POINT (13.514633762000074 52.487653601000034)","Unfall 200336 (2019) Kat:3, Licht: 0","200336","3","6","3","10","14","4","1","0","1","1","0","0"
"POINT (13.403703467000071 52.532515186000069)","Unfall 200337 (2019) Kat:3, Licht: 0","200337","3","1","0","10","09","5","1","0","1","0","0","0"
"POINT (13.259128667000027 52.430791112000065)","Unfall 200338 (2019) Kat:3, Licht: 0","200338","3","6","3","10","09","5","0","0","1","1","0","0"
"POINT (13.366578464000042 52.449547679000034)","Unfall 200339 (2019) Kat:3, Licht: 0","200339","3","6","2","10","08","5","1","0","0","1","0","0"
"POINT (13.426144126000054 52.515902702000062)","Unfall 200340 (2019) Kat:2, Licht: 1","200340","2","3","5","10","06","5","1","1","0","1","0","0"
"POINT (13.354533272000026 52.588650955000048)","Unfall 200341 (2019) Kat:3, Licht: 2","200341","3","2","6","10","06","5","1","2","0","1","1","0"
"POINT (13.479948579000052 52.553278355000032)","Unfall 200342 (2019) Kat:3, Licht: 0","200342","3","2","5","10","13","4","1","0","1","1","0","0"
"POINT (13.410390790000065 52.506516673000078)","Unfall 200343 (2019) Kat:3, Licht: 2","200343","3","1","0","10","04","5","1","2","0","0","0","0"
"POINT (13.392277278000051 52.413732693000043)","Unfall 200344 (2019) Kat:3, Licht: 0","200344","3","2","5","10","16","5","0","0","1","1","0","0"
"POINT (13.429802923000068 52.523109745000056)","Unfall 200345 (2019) Kat:3, Licht: 0","200345","3","2","5","10","15","5","0","0","0","0","0","0"
"POINT (13.468407521000074 52.520294942000078)","Unfall 200346 (2019) Kat:3, Licht: 0","200346","3","5","1","10","15","5","0","0","1","0","0","0"
"POINT (13.369797633000076 52.559710316000064)","Unfall 200347 (2019) Kat:3, Licht: 0","200347","3","2","5","10","14","5","1","0","0","1","0","0"
"POINT (13.401034832000050 52.518310375000056)","Unfall 200348 (2019) Kat:3, Licht: 0","200348","3","3","5","10","12","5","0","0","0","1","0","1"
"POINT (13.384175126000059 52.484988419000047)","Unfall 200349 (2019) Kat:3, Licht: 0","200349","3","7","5","10","10","5","1","0","0","1","0","1"
"POINT (13.200563464000027 52.538552554000034)","Unfall 200350 (2019) Kat:2, Licht: 2","200350","2","1","9","10","21","4","0","2","0","1","0","0"
"POINT (13.504847132000066 52.563403234000077)","Unfall 200351 (2019) Kat:3, Licht: 0","200351","3","6","6","10","10","5","0","0","1","0","1","0"
"POINT (13.245553295000036 52.524941486000046)","Unfall 200352 (2019) Kat:3, Licht: 1","200352","3","6","2","10","06","5","1","1","0","0","0","1"
"POINT (13.376623589000076 52.509435707000080)","Unfall 200353 (2019) Kat:3, Licht: 2","200353","3","2","5","10","23","4","1","2","0","1","0","0"
"POINT (13.420050451000066 52.514814404000049)","Unfall 200354 (2019) Kat:3, Licht: 2","200354","3","1","0","10","23","4","1","2","1","0","0","0"
"POINT (13.429490736000048 52.586496653000040)","Unfall 200355 (2019) Kat:2, Licht: 0","200355","2","2","5","10","18","4","0","0","0","1","0","0"
"POINT (13.578439781000043 52.551005626000062)","Unfall 200356 (2019) Kat:2, Licht: 2","200356","2","4","6","10","18","4","1","2","0","1","1","0"
"POINT (13.589733250000052 52.446139895000044)","Unfall 200357 (2019) Kat:3, Licht: 0","200357","3","2","5","10","17","4","0","0","0","1","0","0"
"POINT (13.351556544000061 52.547827219000055)","Unfall 200358 (2019) Kat:3, Licht: 0","200358","3","5","1","10","16","4","0","0","1","1","0","0"
"POINT (13.347460593000051 52.500783261000038)","Unfall 200359 (2019) Kat:2, Licht: 0","200359","2","4","6","10","16","4","0","0","0","1","1","0"
"POINT (13.401733439000054 52.528960538000035)","Unfall 200360 (2019) Kat:3, Licht: 2","200360","3","3","0","10","21","4","1","2","0","1","0","0"
"POINT (13.312648151000076 52.500108714000078)","Unfall 200361 (2019) Kat:3, Licht: 0","200361","3","6","2","10","17","4","0","0","0","1","0","1"
"POINT (13.519019757000024 52.574613633000070)","Unfall 200362 (2019) Kat:3, Licht: 0","200362","3","6","0","10","15","4","0","0","0","1","0","0"