WKT,Name,OBJECTID,UKATEGORIE,UTYP1,UART,UMONAT,USTUNDE,UWOCHENTAG,STRZUSTAND,ULICHTVERH,ISTRAD,ISTPKW,ISTFUSS,ISTKRAD
"POINT (13.498760573000027 52.510278994000032)","Unfall 200363 (2019) Kat:3, Licht: 0","200363","3","4","6","10","15","4","0","0","0","0","1","0"
"POINT (13.325203583000075 52.541514983000070)","Unfall 200364 (2019) Kat:3, Licht: 0","200364","3","6","2","10","12","4","1","0","0","1","0","0"
"POINT (13.420320136000043 52.496727763000081)","Unfall 200365 (2019) Kat:3, Licht: 2","200365","3","4","0","10","21","4","1","2","1","0","1","0"
"POINT (13.331400411000061 52.503028161000032)","Unfall 200366 (2019) Kat:3, Licht: 0","200366","3","3","0","10","15","4","0","0","1","0","0","1"
"POINT (13.467507862000048 52.533953067000027)","Unfall 200367 (2019) Kat:3, Licht: 0","200367","3","4","6","10","12","4","1","0","1","0","1","0"
"POINT (13.397700799000063 52.523756287000026)","Unfall 200368 (2019) Kat:3, Licht: 0","200368","3","1","1","10","09","4","0","0","1","1","0","0"
"POINT (13.407878647000075 52.573213536000026)","Unfall 200369 (2019) Kat:3, Licht: 2","200369","3","3","5","10","21","4","1","2","1","0","0","1"
"POINT (13.263525329000061 52.411334821000082)","Unfall 200370 (2019) Kat:3, Licht: 2","200370","3","2","0","10","20","4","1","2","0","1","0","1"
"POINT (13.284142277000058 52.589217743000063)","Unfall 200371 (2019) Kat:3, Licht: 0","200371","3","5","1","10","08","4","1","0","1","1","0","0"
"POINT (13.503931897000029 52.548886085000049)","Unfall 200372 (2019) Kat:3, Licht: 0","200372","3","7","1","10","07","4","1","0","0","1","0","0"
"POINT (13.321350695000035 52.560381071000052)","Unfall 200373 (2019) Kat:3, Licht: 0","200373","3","6","2","10","14","4","1","0","0","1","0","0"
"POINT (13.471684677000042 52.505250473000046)","Unfall 200374 (2019) Kat:3, Licht: 0","200374","3","6","2","10","12","4","1","0","0","1","0","0"
"POINT (13.418379207000044 52.553290680000032)","Unfall 200375 (2019) Kat:2, Licht: 0","200375","2","2","5","10","07","4","0","0","0","1","0","0"
"POINT (13.567980971000054 52.573591085000032)","Unfall 200376 (2019) Kat:3, Licht: 2","200376","3","7","0","10","20","4","1","2","0","1","0","1"
"POINT (13.431112032000044 52.452473203000068)","Unfall 200377 (2019) Kat:3, Licht: 0","200377","3","6","2","10","14","4","1","0","0","1","0","0"
"POINT (13.402530923000029 52.554300334000061)","Unfall 200378 (2019) Kat:3, Licht: 0","200378","3","2","5","10","14","4","0","0","0","1","0","0"
"POINT (13.668814285000053 52.408003589000032)","Unfall 200379 (2019) Kat:3, Licht: 0","200379","3","6","0","10","13","4","0","0","0","1","0","0"
"POINT (13.340960442000039 52.476394881000033)","Unfall 200380 (2019) Kat:3, Licht: 0","200380","3","5","1","10","12","4","1","0","1","1","0","0"
"POINT (13.338823931000036 52.505289328000060)","Unfall 200381 (2019) Kat:3, Licht: 2","200381","3","7","0","10","19","4","1","2","0","0","0","0"
"POINT (13.354536680000024 52.497181524000041)","Unfall 200382 (2019) Kat:3, Licht: 2","200382","3","2","5","10","19","4","0","2","1","1","0","0"
"POINT (13.427779712000074 52.488333718000035)","Unfall 200383 (2019) Kat:3, Licht: 2","200383","3","3","0","10","05","4","1","2","1","1","0","0"
"POINT (13.422219926000025 52.500488156000074)","Unfall 200384 (2019) Kat:3, Licht: 2","200384","3","6","3","10","19","4","1","2","0","1","0","0"
"POINT (13.296842745000049 52.464375253000071)","Unfall 200385 (2019) Kat:2, Licht: 0","200385","2","2","5","10","11","4","0","0","1","1","0","0"
"POINT (13.413646015000040 52.566467496000030)","Unfall 200386 (2019) Kat:3, Licht: 0","200386","3","6","2","10","10","4","0","0","1","1","0","0"
"POINT (13.402978793000045 52.494018030000063)","Unfall 200387 (2019) Kat:3, Licht: 2","200387","3","3","5","10","22","4","1","2","0","1","0","0"
"POINT (13.326261186000067 52.564459574000068)","Unfall 200388 (2019) Kat:3, Licht: 0","200388","3","6","2","10","07","4","0","0","0","1","0","0"
"POINT (13.208043938000060 52.547726649000026)","Unfall 200389 (2019) Kat:3, Licht: 0","200389","3","7","6","10","10","4","0","0","0","1","1","0"
"POINT (13.384748207000030 52.531031806000044)","Unfall 200390 (2019) Kat:3, Licht: 0","200390","3","1","0","10","14","4","1","0","0","0","0","1"
"POINT (13.405140805000030 52.585946379000063)","Unfall 200391 (2019) Kat:3, Licht: 0","200391","3","3","5","10","06","4","1","0","1","0","0","0"
"POINT (13.428035515000033 52.507425479000062)","Unfall 200392 (2019) Kat:3, Licht: 2","200392","3","6","2","10","18","4","0","2","0","1","0","0"
"POINT (13.617241745000058 52.455215158000044)","Unfall 200393 (2019) Kat:2, Licht: 2","200393","2","3","5","10","06","4","1","2","1","1","0","0"
"POINT (13.265453853000054 52.520795663000058)","Unfall 200394 (2019) Kat:3, Licht: 2","200394","3","6","2","10","18","4","0","2","0","1","0","0"
"POINT (13.390161597000031 52.562762038000074)","Unfall 200395 (2019) Kat:3, Licht: 2","200395","3","4","6","10","06","4","1","2","1","0","1","0"
"POINT (13.324333667000076 52.587973638000051)","Unfall 200396 (2019) Kat:3, Licht: 1","200396","3","2","5","10","06","4","1","1","0","1","0","0"
"POINT (13.335107469000036 52.524782466000033)","Unfall 200397 (2019) Kat:3, Licht: 0","200397","3","2","5","10","10","3","1","0","1","1","0","0"
"POINT (13.491297078000059 52.469091145000050)","Unfall 200398 (2019) Kat:3, Licht: 2","200398","3","2","5","10","21","3","1","2","0","1","0","0"
"POINT (13.381934655000066 52.489815448000058)","Unfall 200399 (2019) Kat:3, Licht: 2","200399","3","6","2","10","19","4","1","2","0","1","0","1"
"POINT (13.402419713000029 52.528981024000075)","Unfall 200400 (2019) Kat:3, Licht: 2","200400","3","5","1","10","20","3","1","2","1","0","0","0"
"POINT (13.412672071000031 52.532409814000061)","Unfall 200401 (2019) Kat:3, Licht: 0","200401","3","6","2","10","18","3","1","0","0","1","0","1"
"POINT (13.446949616000040 52.518434685000045)","Unfall 200402 (2019) Kat:3, Licht: 0","200402","3","7","6","10","17","3","1","0","0","1","1","0"
"POINT (13.315054863000057 52.469508948000055)","Unfall 200403 (2019) Kat:2, Licht: 2","200403","2","1","0","10","18","3","1","2","1","0","0","0"
"POINT (13.372867306000046 52.561915792000036)","Unfall 200404 (2019) Kat:2, Licht: 2","200404","2","4","6","10","19","4","1","2","0","0","1","1"
"POINT (13.392931257000043 52.564292477000038)","Unfall 200405 (2019) Kat:3, Licht: 2","200405","3","4","6","10","20","3","1","2","0","1","1","0"
"POINT (13.557386565000058 52.527425879000077)","Unfall 200406 (2019) Kat:3, Licht: 0","200406","3","3","0","10","07","5","1","0","0","0","0","1"
"POINT (13.410270822000030 52.528533273000050)","Unfall 200407 (2019) Kat:3, Licht: 0","200407","3","2","2","10","13","5","0","0","1","1","0","0"
"POINT (13.346684376000042 52.566892731000053)","Unfall 200408 (2019) Kat:3, Licht: 2","200408","3","7","5","10","05","5","1","2","0","1","0","0"
"POINT (13.231916840000054 52.539268679000031)","Unfall 200409 (2019) Kat:3, Licht: 1","200409","3","2","2","10","06","5","1","1","0","1","0","0"
"POINT (13.417229498000040 52.460177045000080)","Unfall 200410 (2019) Kat:3, Licht: 0","200410","3","5","1","10","13","5","0","0","0","0","0","0"
"POINT (13.429660453000054 52.470471067000062)","Unfall 200411 (2019) Kat:3, Licht: 2","200411","3","2","2","10","06","5","1","2","0","1","0","1"
"POINT (13.260799203000033 52.537175155000057)","Unfall 200412 (2019) Kat:3, Licht: 0","200412","3","7","2","10","12","5","1","0","0","1","0","0"
"POINT (13.383293410000022 52.411190450000049)","Unfall 200413 (2019) Kat:3, Licht: 0","200413","3","1","0","10","12","5","1","0","1","0","0","0"
"POINT (13.386909923000076 52.559503520000078)","Unfall 200414 (2019) Kat:3, Licht: 2","200414","3","1","0","10","06","5","1","2","0","0","0","1"
"POINT (13.383631815000058 52.551412448000065)","Unfall 200415 (2019) Kat:3, Licht: 0","200415","3","2","2","10","09","5","1","0","0","1","0","0"
"POINT (13.391339618000075 52.536243811000077)","Unfall 200416 (2019) Kat:3, Licht: 2","200416","3","6","2","10","06","5","1","2","0","1","0","0"
"POINT (13.373494840000035 52.520168724000030)","Unfall 200417 (2019) Kat:2, Licht: 0","200417","2","5","1","10","08","5","1","0","1","0","0","0"
"POINT (13.392281606000040 52.414624917000026)","Unfall 200418 (2019) Kat:3, Licht: 0","200418","3","6","2","10","10","5","1","0","0","1","0","0"
"POINT (13.365869335000070 52.449188603000039)","Unfall 200419 (2019) Kat:3, Licht: 0","200419","3","2","5","10","08","5","1","0","1","1","0","0"
"POINT (13.376969146000022 52.557650324000065)","Unfall 200420 (2019) Kat:3, Licht: 0","200420","3","5","1","10","09","5","0","0","1","1","0","0"
"POINT (13.477511478000054 52.566919989000041)","Unfall 200421 (2019) Kat:3, Licht: 0","200421","3","6","2","10","08","5","1","0","0","1","0","0"
"POINT (13.335686959000043 52.565080503000047)","Unfall 200422 (2019) Kat:3, Licht: 0","200422","3","6","2","10","08","5","1","0","0","1","0","0"
"POINT (13.380545767000058 52.532588165000050)","Unfall 200423 (2019) Kat:3, Licht: 0","200423","3","2","5","10","08","5","1","0","1","1","0","0"
"POINT (13.281533845000070 52.518402563000052)","Unfall 200424 (2019) Kat:2, Licht: 0","200424","2","7","0","10","08","5","1","0","1","0","0","0"
"POINT (13.305505714000049 52.442005861000041)","Unfall 200425 (2019) Kat:3, Licht: 0","200425","3","3","5","10","12","4","0","0","1","1","0","0"
"POINT (13.195967567000025 52.527232596000033)","Unfall 200426 (2019) Kat:3, Licht: 2","200426","3","3","5","10","18","4","0","2","0","1","0","1"
"POINT (13.411095925000041 52.530674179000073)","Unfall 200427 (2019) Kat:3, Licht: 0","200427","3","2","5","10","09","4","0","0","1","0","0","0"
"POINT (13.325251806000040 52.502527884000074)","Unfall 200428 (2019) Kat:3, Licht: 2","200428","3","3","5","10","18","4","0","2","1","1","0","0"
"POINT (13.406764945000077 52.393768039000065)","Unfall 200429 (2019) Kat:3, Licht: 2","200429","3","2","5","10","20","4","0","2","0","1","0","0"
"POINT (13.313661625000066 52.515412893000075)","Unfall 200430 (2019) Kat:3, Licht: 0","200430","3","3","5","10","10","5","0","0","1","1","0","0"
"POINT (13.468441764000033 52.557033884000077)","Unfall 200431 (2019) Kat:3, Licht: 2","200431","3","3","5","10","20","4","0","2","1","1","0","0"
"POINT (13.418291658000044 52.536624396000036)","Unfall 200432 (2019) Kat:3, Licht: 2","200432","3","3","5","10","19","4","0","2","1","1","0","0"
"POINT (13.293869704000031 52.533655635000059)","Unfall 200433 (2019) Kat:3, Licht: 1","200433","3","6","0","10","06","5","0","1","0","1","0","1"
"POINT (13.450070191000066 52.428179597000053)","Unfall 200434 (2019) Kat:3, Licht: 0","200434","3","7","5","10","14","5","0","0","0","1","0","0"
"POINT (13.329823945000044 52.410838405000050)","Unfall 200435 (2019) Kat:3, Licht: 0","200435","3","3","5","10","16","4","0","0","0","1","0","0"
"POINT (13.263463544000047 52.500427341000034)","Unfall 200436 (2019) Kat:2, Licht: 0","200436","2","3","5","10","14","4","0","0","1","0","0","0"
"POINT (13.476392440000041 52.434723359000031)","Unfall 200437 (2019) Kat:3, Licht: 0","200437","3","3","5","10","14","4","0","0","1","1","0","0"
"POINT (13.392204156000048 52.554558328000041)","Unfall 200438 (2019) Kat:3, Licht: 2","200438","3","4","6","10","17","4","0","2","1","0","1","0"
"POINT (13.322108160000028 52.595120644000076)","Unfall 200439 (2019) Kat:3, Licht: 0","200439","3","5","1","10","13","4","0","0","0","1","0","0"
"POINT (13.213136442000064 52.538592814000026)","Unfall 200440 (2019) Kat:2, Licht: 0","200440","2","1","0","10","17","4","0","0","0","0","0","1"
"POINT (13.256758691000073 52.516298128000074)","Unfall 200441 (2019) Kat:3, Licht: 0","200441","3","4","6","10","13","4","0","0","0","1","1","0"
"POINT (13.264452679000044 52.492638501000044)","Unfall 200442 (2019) Kat:3, Licht: 0","200442","3","2","5","10","17","4","0","0","1","1","0","0"
"POINT (13.447262028000068 52.526368586000046)","Unfall 200443 (2019) Kat:2, Licht: 0","200443","2","4","6","10","09","5","0","0","1","0","1","0"
"POINT (13.414052216000073 52.563102978000074)","Unfall 200444 (2019) Kat:3, Licht: 1","200444","3","5","1","10","17","4","1","1","1","1","0","0"
"POINT (13.334923205000052 52.450932549000072)","Unfall 200445 (2019) Kat:2, Licht: 0","200445","2","4","0","10","07","5","0","0","1","0","1","0"
"POINT (13.392742232000046 52.502226277000034)","Unfall 200446 (2019) Kat:3, Licht: 0","200446","3","7","6","10","14","4","0","0","0","1","1","0"
"POINT (13.376641781000046 52.487410025000031)","Unfall 200447 (2019) Kat:3, Licht: 0","200447","3","2","5","10","16","4","0","0","1","1","0","0"
"POINT (13.454058769000028 52.488902638000070)","Unfall 200448 (2019) Kat:3, Licht: 0","200448","3","2","5","10","07","4","0","0","1","0","0","0"
"POINT (13.337626849000060 52.541439472000036)","Unfall 200449 (2019) Kat:2, Licht: 0","200449","2","5","1","10","16","4","0","0","0","1","0","0"
"POINT (13.493095332000053 52.429898286000082)","Unfall 200450 (2019) Kat:3, Licht: 0","200450","3","7","5","10","16","4","0","0","0","1","0","1"
"POINT (13.337344681000047 52.515874288000077)","Unfall 200451 (2019) Kat:3, Licht: 0","200451","3","6","3","10","16","4","0","0","1","0","0","0"
"POINT (13.459442177000028 52.432620280000037)","Unfall 200452 (2019) Kat:3, Licht: 0","200452","3","6","2","10","15","4","0","0","0","1","0","0"
"POINT (13.325850397000067 52.625448729000027)","Unfall 200453 (2019) Kat:3, Licht: 0","200453","3","6","3","10","15","4","0","0","0","1","0","1"
"POINT (13.312289426000063 52.430344687000058)","Unfall 200454 (2019) Kat:3, Licht: 0","200454","3","2","5","10","15","4","0","0","1","1","0","0"
"POINT (13.496385963000023 52.503454233000070)","Unfall 200455 (2019) Kat:3, Licht: 0","200455","3","3","5","10","15","4","0","0","1","1","0","0"
"POINT (13.384229489000063 52.495663248000028)","Unfall 200456 (2019) Kat:3, Licht: 0","200456","3","6","0","10","08","5","0","0","0","0","0","1"
"POINT (13.195570064000037 52.533561547000033)","Unfall 200457 (2019) Kat:3, Licht: 0","200457","3","7","6","10","12","4","0","0","0","1","1","0"
"POINT (13.406160455000077 52.581688626000073)","Unfall 200458 (2019) Kat:3, Licht: 0","200458","3","2","5","10","10","4","0","0","1","0","0","0"
"POINT (13.389552864000052 52.457042902000069)","Unfall 200459 (2019) Kat:3, Licht: 0","200459","3","6","2","10","07","5","1","0","0","1","0","0"
"POINT (13.352064853000059 52.550303580000048)","Unfall 200460 (2019) Kat:3, Licht: 0","200460","3","2","5","10","10","4","0","0","1","1","0","0"
"POINT (13.552559648000056 52.505627626000035)","Unfall 200461 (2019) Kat:3, Licht: 0","200461","3","3","5","10","10","4","0","0","1","0","0","0"
"POINT (13.376442981000025 52.507850169000051)","Unfall 200462 (2019) Kat:3, Licht: 0","200462","3","4","6","10","09","4","0","0","0","1","1","0"
"POINT (13.400729346000048 52.565560078000033)","Unfall 200463 (2019) Kat:3, Licht: 0","200463","3","3","5","10","08","4","0","0","1","0","0","0"
"POINT (13.367855728000052 52.483104479000076)","Unfall 200464 (2019) Kat:3, Licht: 0","200464","3","2","5","10","08","4","0","0","1","0","0","0"
"POINT (13.339405643000077 52.499598490000039)","Unfall 200465 (2019) Kat:3, Licht: 0","200465","3","6","2","10","08","4","0","0","0","1","0","0"
"POINT (13.433785493000073 52.495693720000077)","Unfall 200466 (2019) Kat:3, Licht: 0","200466","3","7","1","10","13","4","0","0","1","1","0","0"
"POINT (13.569508466000059 52.545650129000080)","Unfall 200467 (2019) Kat:3, Licht: 0","200467","3","7","0","10","07","4","0","0","0","1","0","0"
"POINT (13.402727843000037 52.498302446000082)","Unfall 200468 (2019) Kat:3, Licht: 0","200468","3","6","0","10","07","4","0","0","0","1","0","1"
"POINT (13.386174107000045 52.538972194000053)","Unfall 200469 (2019) Kat:3, Licht: 0","200469","3","7","5","10","07","4","0","0","1","1","0","0"
"POINT (13.344631598000035 52.485578687000043)","Unfall 200470 (2019) Kat:3, Licht: 0","200470","3","7","2","10","07","4","0","0","0","1","0","0"
"POINT (13.553258928000048 52.469512481000038)","Unfall 200471 (2019) Kat:3, Licht: 0","200471","3","6","2","10","07","4","0","0","0","1","0","0"
"POINT (13.164362370000049 52.551433332000045)","Unfall 200472 (2019) Kat:3, Licht: 2","200472","3","1","0","10","06","5","1","2","0","0","0","1"
"POINT (13.458308784000053 52.472606585000051)","Unfall 200473 (2019) Kat:3, Licht: 0","200473","3","2","0","10","13","4","0","0","0","1","1","0"
"POINT (13.182648712000059 52.486100108000073)","Unfall 200474 (2019) Kat:2, Licht: 2","200474","2","4","6","10","07","4","0","2","0","1","1","0"
"POINT (13.281437698000047 52.592625413000064)","Unfall 200475 (2019) Kat:3, Licht: 0","200475","3","2","5","10","13","4","0","0","1","1","0","0"
"POINT (13.441091592000078 52.463936658000080)","Unfall 200476 (2019) Kat:3, Licht: 0","200476","3","7","5","10","12","4","0","0","1","1","0","0"
"POINT (13.535860247000073 52.422317268000029)","Unfall 200477 (2019) Kat:3, Licht: 2","200477","3","5","1","10","06","4","0","2","1","1","0","0"
"POINT (13.320504721000077 52.575953961000039)","Unfall 200478 (2019) Kat:3, Licht: 2","200478","3","5","1","10","05","4","1","2","0","1","0","0"
"POINT (13.528457114000048 52.429098406000037)","Unfall 200479 (2019) Kat:3, Licht: 0","200479","3","7","0","10","12","4","0","0","0","1","0","1"
"POINT (13.475980745000072 52.532901462000041)","Unfall 200480 (2019) Kat:3, Licht: 0","200480","3","2","5","10","12","4","0","0","0","1","0","0"
"POINT (13.197760881000022 52.522407861000033)","Unfall 200481 (2019) Kat:3, Licht: 0","200481","3","5","1","10","11","4","0","0","1","0","0","0"
"POINT (13.356165362000070 52.552829237000026)","Unfall 200482 (2019) Kat:3, Licht: 0","200482","3","6","2","10","11","4","0","0","0","1","0","0"
"POINT (13.200201278000065 52.441121981000038)","Unfall 200483 (2019) Kat:2, Licht: 2","200483","2","1","9","10","01","4","0","2","0","1","0","0"
"POINT (13.323350111000025 52.510890002000053)","Unfall 200484 (2019) Kat:3, Licht: 0","200484","3","6","2","10","16","3","0","0","1","1","0","0"
"POINT (13.380463107000026 52.522727081000028)","Unfall 200485 (2019) Kat:3, Licht: 0","200485","3","2","5","10","08","5","0","0","1","1","0","0"
"POINT (13.440415205000022 52.540754785000047)","Unfall 200486 (2019) Kat:3, Licht: 1","200486","3","7","6","10","18","3","0","1","0","1","1","0"
"POINT (13.308539370000062 52.495731746000047)","Unfall 200487 (2019) Kat:3, Licht: 2","200487","3","6","2","10","19","3","0","2","0","1","0","1"
"POINT (13.538580692000039 52.524624232000065)","Unfall 200488 (2019) Kat:3, Licht: 2","200488","3","3","5","10","19","3","0","2","0","1","0","0"
"POINT (13.449162516000058 52.452509577000058)","Unfall 200489 (2019) Kat:3, Licht: 2","200489","3","7","5","10","19","3","0","2","0","1","0","1"
"POINT (13.446996470000045 52.498359299000072)","Unfall 200490 (2019) Kat:3, Licht: 2","200490","3","5","1","10","19","3","0","2","1","0","0","0"
"POINT (13.477525009000033 52.514667858000053)","Unfall 200491 (2019) Kat:3, Licht: 2","200491","3","6","2","10","19","3","0","2","0","1","0","0"
"POINT (13.166092508000077 52.541894089000039)","Unfall 200492 (2019) Kat:2, Licht: 2","200492","2","4","6","10","19","3","0","2","0","1","1","0"
"POINT (13.509593476000077 52.546370475000060)","Unfall 200493 (2019) Kat:3, Licht: 2","200493","3","2","5","10","22","3","0","2","0","1","0","0"
"POINT (13.400550341000041 52.580413425000074)","Unfall 200494 (2019) Kat:3, Licht: 2","200494","3","2","5","10","22","3","0","2","0","1","0","1"
"POINT (13.324668160000044 52.510178278000069)","Unfall 200495 (2019) Kat:3, Licht: 0","200495","3","6","0","10","15","3","0","0","1","0","0","0"
"POINT (13.370485427000062 52.545356262000041)","Unfall 200496 (2019) Kat:3, Licht: 0","200496","3","2","2","10","13","3","0","0","1","1","0","0"
"POINT (13.479526126000053 52.484442644000069)","Unfall 200497 (2019) Kat:3, Licht: 0","200497","3","3","5","10","12","3","0","0","0","1","0","0"
"POINT (13.424127981000026 52.547362375000034)","Unfall 200498 (2019) Kat:3, Licht: 2","200498","3","6","3","10","19","5","0","2","0","1","0","1"
"POINT (13.328187010000022 52.564623301000040)","Unfall 200499 (2019) Kat:3, Licht: 0","200499","3","4","6","10","12","3","0","0","0","0","1","0"
"POINT (13.200394236000022 52.536540282000033)","Unfall 200500 (2019) Kat:3, Licht: 0","200500","3","2","0","10","10","3","0","0","0","1","0","0"
"POINT (13.489782568000066 52.467849321000074)","Unfall 200501 (2019) Kat:3, Licht: 0","200501","3","2","5","10","10","3","0","0","1","1","0","0"
"POINT (13.427075750000029 52.555634450000071)","Unfall 200502 (2019) Kat:3, Licht: 2","200502","3","5","1","10","22","5","0","2","0","1","0","0"
"POINT (13.315491502000043 52.445836282000073)","Unfall 200503 (2019) Kat:3, Licht: 0","200503","3","6","2","10","09","3","0","0","1","1","0","0"
"POINT (13.382497438000030 52.411066633000075)","Unfall 200504 (2019) Kat:3, Licht: 0","200504","3","2","2","10","17","3","0","0","0","1","0","1"
"POINT (13.412159964000068 52.562714134000032)","Unfall 200505 (2019) Kat:3, Licht: 0","200505","3","4","6","10","17","3","0","0","0","1","1","0"
"POINT (13.439557067000067 52.479982115000041)","Unfall 200506 (2019) Kat:3, Licht: 0","200506","3","7","0","10","17","3","0","0","1","0","0","0"
"POINT (13.478719374000036 52.471619668000073)","Unfall 200507 (2019) Kat:3, Licht: 0","200507","3","6","2","10","16","3","0","0","0","1","0","0"
"POINT (13.380475316000059 52.423840753000036)","Unfall 200508 (2019) Kat:3, Licht: 0","200508","3","6","2","10","08","3","0","0","0","1","0","0"
"POINT (13.535098740000024 52.439720914000077)","Unfall 200509 (2019) Kat:3, Licht: 0","200509","3","3","5","10","06","3","0","0","1","1","0","0"
"POINT (13.340104496000038 52.588089648000050)","Unfall 200510 (2019) Kat:2, Licht: 2","200510","2","1","9","10","01","3","0","2","0","1","0","0"
"POINT (13.374740976000055 52.434505865000062)","Unfall 200511 (2019) Kat:3, Licht: 0","200511","3","1","0","10","07","5","1","0","1","0","0","0"
"POINT (13.243324279000035 52.543826755000055)","Unfall 200512 (2019) Kat:3, Licht: 0","200512","3","3","5","10","07","3","0","0","0","1","0","1"
"POINT (13.343828622000046 52.607704814000044)","Unfall 200513 (2019) Kat:3, Licht: 0","200513","3","5","1","10","16","3","0","0","0","1","0","1"
"POINT (13.299580701000025 52.494071511000072)","Unfall 200514 (2019) Kat:3, Licht: 0","200514","3","6","2","10","16","3","0","0","0","1","0","1"
"POINT (13.354384382000035 52.536785159000033)","Unfall 200515 (2019) Kat:3, Licht: 0","200515","3","2","5","10","15","3","0","0","1","0","0","0"
"POINT (13.376603703000058 52.485859018000042)","Unfall 200516 (2019) Kat:3, Licht: 0","200516","3","5","1","10","16","3","0","0","1","1","0","0"
"POINT (13.346510219000038 52.524929586000042)","Unfall 200517 (2019) Kat:3, Licht: 1","200517","3","2","6","10","07","3","0","1","0","1","1","0"
"POINT (13.209733395000057 52.527822544000060)","Unfall 200518 (2019) Kat:3, Licht: 0","200518","3","6","2","10","15","3","0","0","0","1","0","0"
"POINT (13.352999966000027 52.433229187000052)","Unfall 200519 (2019) Kat:3, Licht: 0","200519","3","2","6","10","15","3","0","0","0","1","1","0"
"POINT (13.300077969000029 52.579197392000026)","Unfall 200520 (2019) Kat:3, Licht: 0","200520","3","6","2","10","07","3","0","0","0","1","0","0"
"POINT (13.319315649000032 52.452237727000067)","Unfall 200521 (2019) Kat:3, Licht: 0","200521","3","6","3","10","15","3","0","0","1","1","0","0"
"POINT (13.297115696000049 52.510443213000030)","Unfall 200522 (2019) Kat:3, Licht: 0","200522","3","4","6","10","15","3","0","0","0","0","1","1"
"POINT (13.249833670000044 52.538106539000069)","Unfall 200523 (2019) Kat:3, Licht: 0","200523","3","2","5","10","15","3","0","0","1","1","0","0"
"POINT (13.347974247000025 52.424117541000044)","Unfall 200524 (2019) Kat:3, Licht: 0","200524","3","4","6","10","14","3","0","0","0","1","1","0"
"POINT (13.443398242000058 52.517936943000052)","Unfall 200525 (2019) Kat:3, Licht: 0","200525","3","3","5","10","06","3","0","0","0","1","0","1"
"POINT (13.479350620000048 52.419085525000071)","Unfall 200526 (2019) Kat:3, Licht: 2","200526","3","3","0","10","07","3","1","2","1","1","0","0"
"POINT (13.358619851000071 52.506887278000079)","Unfall 200527 (2019) Kat:3, Licht: 1","200527","3","3","5","10","17","2","0","1","1","1","0","0"
"POINT (13.208654076000073 52.528395910000029)","Unfall 200528 (2019) Kat:3, Licht: 0","200528","3","6","2","10","17","2","0","0","0","1","0","0"
"POINT (13.382889896000052 52.542229173000067)","Unfall 200529 (2019) Kat:3, Licht: 0","200529","3","2","6","10","15","2","0","0","0","1","1","0"
"POINT (13.380682932000070 52.574406528000054)","Unfall 200530 (2019) Kat:3, Licht: 0","200530","3","2","2","10","16","2","0","0","0","1","0","0"
"POINT (13.498576047000029 52.410394835000034)","Unfall 200531 (2019) Kat:3, Licht: 0","200531","3","3","5","10","16","2","0","0","1","0","0","0"
"POINT (13.446552995000047 52.595349371000054)","Unfall 200532 (2019) Kat:3, Licht: 0","200532","3","3","5","10","16","2","0","0","0","1","0","0"
"POINT (13.301079291000065 52.515408588000071)","Unfall 200533 (2019) Kat:3, Licht: 0","200533","3","3","5","10","15","2","0","0","1","1","0","0"
"POINT (13.500652816000070 52.400887617000080)","Unfall 200534 (2019) Kat:3, Licht: 0","200534","3","2","5","10","15","2","0","0","1","1","0","0"
"POINT (13.402662909000071 52.546729128000038)","Unfall 200535 (2019) Kat:3, Licht: 0","200535","3","7","6","10","13","2","0","0","0","0","1","0"
"POINT (13.224095433000059 52.429492026000048)","Unfall 200536 (2019) Kat:2, Licht: 0","200536","2","2","5","10","19","2","0","0","0","1","0","0"
"POINT (13.409298278000051 52.538156580000077)","Unfall 200537 (2019) Kat:3, Licht: 0","200537","3","5","1","10","15","2","0","0","1","0","0","0"
"POINT (13.476457564000043 52.509623077000072)","Unfall 200538 (2019) Kat:2, Licht: 0","200538","2","3","5","10","14","2","0","0","1","0","0","0"
"POINT (13.201358226000025 52.547696738000070)","Unfall 200539 (2019) Kat:2, Licht: 0","200539","2","3","5","10","14","2","0","0","1","1","0","0"
"POINT (13.335829703000059 52.499363952000067)","Unfall 200540 (2019) Kat:3, Licht: 0","200540","3","6","2","10","14","2","0","0","0","1","0","0"
"POINT (13.394392439000057 52.483968337000078)","Unfall 200541 (2019) Kat:2, Licht: 0","200541","2","4","6","10","08","5","0","0","0","0","1","1"
"POINT (13.164193311000076 52.519757717000061)","Unfall 200542 (2019) Kat:2, Licht: 0","200542","2","6","2","10","14","2","0","0","0","1","0","0"
"POINT (13.249250241000027 52.436254582000061)","Unfall 200543 (2019) Kat:3, Licht: 0","200543","3","3","5","10","14","2","0","0","1","0","0","0"
"POINT (13.506290715000034 52.508811923000053)","Unfall 200544 (2019) Kat:3, Licht: 0","200544","3","3","5","10","13","2","0","0","1","1","0","0"
"POINT (13.439689447000035 52.513908828000069)","Unfall 200545 (2019) Kat:3, Licht: 2","200545","3","2","5","10","19","2","0","2","1","0","0","0"
"POINT (13.348042078000049 52.451292880000040)","Unfall 200546 (2019) Kat:3, Licht: 2","200546","3","2","0","10","19","2","0","2","0","1","0","1"
"POINT (13.447946671000068 52.484387257000037)","Unfall 200547 (2019) Kat:3, Licht: 2","200547","3","5","1","10","19","2","0","2","1","1","0","0"