WKT,Name,OBJECTID,UKATEGORIE,UTYP1,UART,UMONAT,USTUNDE,UWOCHENTAG,STRZUSTAND,ULICHTVERH,ISTRAD,ISTPKW,ISTFUSS,ISTKRAD
"POINT (13.321294370000032 52.593573353000068)","Unfall 200734 (2019) Kat:2, Licht: 0","200734","2","2","5","10","08","4","0","0","0","1","0","0"
"POINT (13.376684369000031 52.510758269000064)","Unfall 200735 (2019) Kat:2, Licht: 2","200735","2","3","5","11","17","6","1","2","1","1","0","0"
"POINT (13.391577408000046 52.506779465000079)","Unfall 200736 (2019) Kat:3, Licht: 2","200736","3","5","1","10","18","6","0","2","1","1","0","0"
"POINT (13.578361932000064 52.457466572000044)","Unfall 200737 (2019) Kat:2, Licht: 0","200737","2","4","6","10","11","3","0","0","0","0","1","0"
"POINT (13.360156494000023 52.546939177000070)","Unfall 200738 (2019) Kat:3, Licht: 0","200738","3","7","6","10","15","5","0","0","0","1","1","0"
"POINT (13.400888372000054 52.590591961000030)","Unfall 200739 (2019) Kat:3, Licht: 0","200739","3","6","2","10","12","6","0","0","0","1","0","0"
"POINT (13.516046855000070 52.505819542000040)","Unfall 200740 (2019) Kat:3, Licht: 0","200740","3","4","6","10","08","2","0","0","0","1","1","0"
"POINT (13.433905111000058 52.478521587000046)","Unfall 200741 (2019) Kat:2, Licht: 0","200741","2","5","5","10","10","5","0","0","0","1","0","1"
"POINT (13.390180642000075 52.618540696000082)","Unfall 200742 (2019) Kat:2, Licht: 2","200742","2","3","5","11","16","7","1","2","0","1","0","0"
"POINT (13.556844327000022 52.455812868000066)","Unfall 200743 (2019) Kat:3, Licht: 0","200743","3","6","0","10","15","7","0","0","0","0","0","1"
"POINT (13.388517385000057 52.465729633000080)","Unfall 200744 (2019) Kat:3, Licht: 2","200744","3","6","3","10","16","3","0","2","0","1","0","1"
"POINT (13.389907158000028 52.510290102000056)","Unfall 200745 (2019) Kat:3, Licht: 0","200745","3","2","2","11","12","6","0","0","0","1","0","0"
"POINT (13.386670693000042 52.500999048000040)","Unfall 200746 (2019) Kat:2, Licht: 0","200746","2","2","5","10","15","6","0","0","0","1","0","1"
"POINT (13.399482039000077 52.490406974000052)","Unfall 200747 (2019) Kat:3, Licht: 2","200747","3","6","2","10","18","2","1","2","0","1","0","0"
"POINT (13.282756040000038 52.493630778000067)","Unfall 200748 (2019) Kat:3, Licht: 0","200748","3","6","1","10","07","4","0","0","0","1","0","0"
"POINT (13.510432925000032 52.463249210000072)","Unfall 200749 (2019) Kat:3, Licht: 2","200749","3","3","5","10","19","3","0","2","1","1","0","0"
"POINT (13.401472600000034 52.506030087000056)","Unfall 200750 (2019) Kat:3, Licht: 0","200750","3","3","5","11","14","6","0","0","1","1","0","0"
"POINT (13.464515502000040 52.470430693000026)","Unfall 200751 (2019) Kat:3, Licht: 0","200751","3","2","5","10","16","6","0","0","1","1","0","0"
"POINT (13.329801754000073 52.428967753000052)","Unfall 200752 (2019) Kat:3, Licht: 0","200752","3","2","0","10","13","2","1","0","1","1","0","0"
"POINT (13.436926817000028 52.481120736000037)","Unfall 200753 (2019) Kat:3, Licht: 0","200753","3","5","1","10","13","5","0","0","1","1","0","0"
"POINT (13.367809868000052 52.525850976000072)","Unfall 200754 (2019) Kat:3, Licht: 0","200754","3","2","2","10","12","6","0","0","0","1","0","0"
"POINT (13.255541692000065 52.473759752000035)","Unfall 200755 (2019) Kat:1, Licht: 2","200755","1","7","0","10","20","2","1","2","0","1","0","0"
"POINT (13.440924583000026 52.469697074000067)","Unfall 200756 (2019) Kat:1, Licht: 0","200756","1","7","6","10","14","5","0","0","0","0","1","0"
"POINT (13.197811111000021 52.520075602000077)","Unfall 200757 (2019) Kat:3, Licht: 0","200757","3","5","1","11","14","7","1","0","0","1","0","0"
"POINT (13.388338698000041 52.551792292000073)","Unfall 200758 (2019) Kat:3, Licht: 2","200758","3","5","1","10","21","7","0","2","0","1","0","0"
"POINT (13.405861496000057 52.489514199000041)","Unfall 200759 (2019) Kat:3, Licht: 0","200759","3","2","5","10","12","3","0","0","1","1","0","0"
"POINT (13.506931347000034 52.496930193000026)","Unfall 200760 (2019) Kat:3, Licht: 0","200760","3","2","6","11","10","6","0","0","0","1","1","0"
"POINT (13.431285768000066 52.506046565000076)","Unfall 200761 (2019) Kat:3, Licht: 0","200761","3","5","1","10","14","6","0","0","0","1","0","0"
"POINT (13.459064501000057 52.476475357000027)","Unfall 200762 (2019) Kat:3, Licht: 2","200762","3","6","2","10","17","2","1","2","0","1","0","0"
"POINT (13.360240165000050 52.575918834000049)","Unfall 200763 (2019) Kat:3, Licht: 0","200763","3","6","2","10","07","5","0","0","0","1","0","0"
"POINT (13.445944461000067 52.498962475000042)","Unfall 200764 (2019) Kat:3, Licht: 2","200764","3","5","1","10","04","1","0","2","0","1","0","0"
"POINT (13.388806779000049 52.517156516000057)","Unfall 200765 (2019) Kat:3, Licht: 0","200765","3","6","3","10","14","4","0","0","0","1","0","0"
"POINT (13.384229489000063 52.495663248000028)","Unfall 200766 (2019) Kat:3, Licht: 0","200766","3","5","0","10","12","5","0","0","1","1","0","0"
"POINT (13.407522880000045 52.511603837000052)","Unfall 200767 (2019) Kat:3, Licht: 0","200767","3","5","0","10","11","6","0","0","1","1","0","0"
"POINT (13.500841809000065 52.447465575000081)","Unfall 200768 (2019) Kat:3, Licht: 0","200768","3","3","5","10","13","1","0","0","1","1","0","0"
"POINT (13.351138636000030 52.509633983000072)","Unfall 200769 (2019) Kat:3, Licht: 2","200769","3","2","5","10","17","4","0","2","1","1","0","0"
"POINT (13.330381150000051 52.495388900000080)","Unfall 200770 (2019) Kat:3, Licht: 2","200770","3","2","5","11","19","6","1","2","1","1","0","0"
"POINT (13.322621104000063 52.487835611000037)","Unfall 200771 (2019) Kat:3, Licht: 2","200771","3","4","6","10","19","7","0","2","0","0","1","0"
"POINT (13.189882674000046 52.534392560000072)","Unfall 200772 (2019) Kat:3, Licht: 0","200772","3","3","5","10","10","3","0","0","0","1","0","1"
"POINT (13.353859987000021 52.562090781000052)","Unfall 200773 (2019) Kat:3, Licht: 0","200773","3","6","0","11","08","6","0","0","0","1","0","0"
"POINT (13.452565790000051 52.539153774000056)","Unfall 200774 (2019) Kat:3, Licht: 0","200774","3","3","5","10","13","6","0","0","0","1","0","0"
"POINT (13.571894074000056 52.571823328000050)","Unfall 200775 (2019) Kat:2, Licht: 0","200775","2","4","6","10","16","2","0","0","0","1","1","0"
"POINT (13.405606091000038 52.415524099000038)","Unfall 200776 (2019) Kat:3, Licht: 0","200776","3","1","0","10","10","5","0","0","1","0","0","0"
"POINT (13.326595228000031 52.575700699000038)","Unfall 200777 (2019) Kat:3, Licht: 0","200777","3","3","5","10","14","7","0","0","0","1","0","0"
"POINT (13.499849237000035 52.527409015000046)","Unfall 200778 (2019) Kat:3, Licht: 0","200778","3","5","1","10","11","4","0","0","0","1","0","0"
"POINT (13.294746227000076 52.532665046000034)","Unfall 200779 (2019) Kat:2, Licht: 2","200779","2","7","4","10","17","4","0","2","1","0","0","0"
"POINT (13.586141120000036 52.425569420000045)","Unfall 200780 (2019) Kat:2, Licht: 2","200780","2","2","5","11","18","6","0","2","0","1","0","1"
"POINT (13.438683520000041 52.448112083000069)","Unfall 200781 (2019) Kat:3, Licht: 0","200781","3","3","5","10","12","7","0","0","0","1","0","0"
"POINT (13.419520995000028 52.567063158000053)","Unfall 200782 (2019) Kat:2, Licht: 2","200782","2","7","0","10","17","3","0","2","1","0","0","0"
"POINT (13.315114783000070 52.490891470000065)","Unfall 200783 (2019) Kat:3, Licht: 2","200783","3","3","5","11","18","6","1","2","1","1","0","0"
"POINT (13.467224997000073 52.509737840000071)","Unfall 200784 (2019) Kat:3, Licht: 2","200784","3","3","5","10","01","7","0","2","1","1","0","0"
"POINT (13.227243244000022 52.537666979000051)","Unfall 200785 (2019) Kat:3, Licht: 1","200785","3","2","5","10","06","3","0","1","1","1","0","0"
"POINT (13.437952912000071 52.558939003000035)","Unfall 200786 (2019) Kat:3, Licht: 0","200786","3","3","0","10","09","5","0","0","0","1","0","1"
"POINT (13.322984615000053 52.490223184000058)","Unfall 200787 (2019) Kat:3, Licht: 0","200787","3","2","5","10","13","6","0","0","0","1","0","1"
"POINT (13.377694955000038 52.433795318000080)","Unfall 200788 (2019) Kat:2, Licht: 0","200788","2","3","5","10","11","2","0","0","0","1","0","1"
"POINT (13.360257519000072 52.481352656000070)","Unfall 200789 (2019) Kat:3, Licht: 2","200789","3","4","6","10","19","5","0","2","1","0","1","0"
"POINT (13.498645633000024 52.410472605000052)","Unfall 200790 (2019) Kat:3, Licht: 0","200790","3","3","5","11","08","7","1","0","0","1","0","1"
"POINT (13.461094911000032 52.517088802000046)","Unfall 200791 (2019) Kat:3, Licht: 2","200791","3","2","5","10","17","7","0","2","1","1","0","0"
"POINT (13.380547261000061 52.516347598000038)","Unfall 200792 (2019) Kat:3, Licht: 0","200792","3","6","2","10","08","4","0","0","1","1","0","0"
"POINT (13.326383562000046 52.478726150000057)","Unfall 200793 (2019) Kat:1, Licht: 2","200793","1","5","5","10","18","4","0","2","0","1","0","1"
"POINT (13.325447740000072 52.469659318000026)","Unfall 200794 (2019) Kat:3, Licht: 2","200794","3","3","5","11","16","6","0","2","1","1","0","0"
"POINT (13.517170773000032 52.535334108000029)","Unfall 200795 (2019) Kat:3, Licht: 1","200795","3","3","0","10","17","6","0","1","0","1","0","0"
"POINT (13.343687018000026 52.613456087000031)","Unfall 200796 (2019) Kat:3, Licht: 0","200796","3","2","6","10","14","3","0","0","0","1","1","0"
"POINT (13.402391948000059 52.528357444000051)","Unfall 200797 (2019) Kat:3, Licht: 0","200797","3","6","3","10","15","5","0","0","1","1","0","0"
"POINT (13.279179216000045 52.524880103000044)","Unfall 200798 (2019) Kat:3, Licht: 0","200798","3","7","5","10","11","6","0","0","0","1","0","0"
"POINT (13.243895470000041 52.425793895000027)","Unfall 200799 (2019) Kat:3, Licht: 0","200799","3","3","5","10","08","2","0","0","1","1","0","0"
"POINT (13.299607961000049 52.473294757000076)","Unfall 200800 (2019) Kat:3, Licht: 0","200800","3","2","6","10","09","5","0","0","0","0","1","1"
"POINT (13.300261511000031 52.499316864000036)","Unfall 200801 (2019) Kat:3, Licht: 1","200801","3","5","1","10","17","5","0","1","1","1","0","0"
"POINT (13.317371309000066 52.566548499000078)","Unfall 200802 (2019) Kat:3, Licht: 0","200802","3","2","6","10","09","6","0","0","0","1","1","0"
"POINT (13.475820728000031 52.506212188000063)","Unfall 200803 (2019) Kat:3, Licht: 0","200803","3","2","5","10","09","2","0","0","1","1","0","0"
"POINT (13.266725194000060 52.413138602000060)","Unfall 200804 (2019) Kat:2, Licht: 2","200804","2","4","6","10","16","5","1","2","0","1","1","0"
"POINT (13.342441871000062 52.434543961000031)","Unfall 200805 (2019) Kat:3, Licht: 2","200805","3","3","5","11","22","7","1","2","1","1","0","0"
"POINT (13.165755119000039 52.551032075000080)","Unfall 200806 (2019) Kat:3, Licht: 0","200806","3","6","2","10","16","7","0","0","1","1","0","0"
"POINT (13.481343248000030 52.637303571000075)","Unfall 200807 (2019) Kat:3, Licht: 2","200807","3","6","6","10","05","4","0","2","0","1","1","0"
"POINT (13.466371647000074 52.468043861000069)","Unfall 200808 (2019) Kat:3, Licht: 2","200808","3","4","6","10","17","3","0","2","0","0","1","1"
"POINT (13.355393479000043 52.562289887000077)","Unfall 200809 (2019) Kat:3, Licht: 0","200809","3","4","6","11","14","6","0","0","0","1","1","0"
"POINT (13.281472589000032 52.511474107000026)","Unfall 200810 (2019) Kat:3, Licht: 0","200810","3","2","5","10","16","6","0","0","1","0","0","0"
"POINT (13.361244431000046 52.570520231000046)","Unfall 200811 (2019) Kat:2, Licht: 2","200811","2","6","2","10","17","2","0","2","0","1","0","0"
"POINT (13.334003454000026 52.521129499000040)","Unfall 200812 (2019) Kat:3, Licht: 0","200812","3","1","0","10","13","5","0","0","0","0","0","1"
"POINT (13.348789531000023 52.422610143000043)","Unfall 200813 (2019) Kat:3, Licht: 0","200813","3","6","2","10","08","6","0","0","0","1","0","0"
"POINT (13.280407284000034 52.594229605000066)","Unfall 200814 (2019) Kat:3, Licht: 2","200814","3","6","2","10","17","1","0","2","0","1","0","0"
"POINT (13.310383068000021 52.479021980000027)","Unfall 200815 (2019) Kat:3, Licht: 2","200815","3","2","6","10","19","4","0","2","0","1","1","0"
"POINT (13.326212959000031 52.591698048000069)","Unfall 200816 (2019) Kat:3, Licht: 1","200816","3","3","5","11","17","6","1","1","0","1","0","0"
"POINT (13.322996271000022 52.497795351000036)","Unfall 200817 (2019) Kat:3, Licht: 0","200817","3","7","0","10","14","7","0","0","0","0","0","0"
"POINT (13.598683633000064 52.543796020000059)","Unfall 200818 (2019) Kat:3, Licht: 0","200818","3","7","9","10","11","3","0","0","0","0","0","0"
"POINT (13.456816919000062 52.502467912000043)","Unfall 200819 (2019) Kat:3, Licht: 0","200819","3","2","2","11","10","6","0","0","0","1","0","0"
"POINT (13.430187101000058 52.510320366000030)","Unfall 200820 (2019) Kat:2, Licht: 2","200820","2","3","5","10","22","6","0","2","0","1","0","0"
"POINT (13.419537675000072 52.394724877000044)","Unfall 200821 (2019) Kat:3, Licht: 0","200821","3","2","6","11","15","7","1","0","0","0","1","0"
"POINT (13.553295282000022 52.469600490000062)","Unfall 200822 (2019) Kat:3, Licht: 0","200822","3","3","5","10","14","7","0","0","0","1","0","0"
"POINT (13.362371640000049 52.447439935000034)","Unfall 200823 (2019) Kat:3, Licht: 0","200823","3","6","2","10","14","3","0","0","0","1","0","0"
"POINT (13.438802026000076 52.452606211000045)","Unfall 200824 (2019) Kat:2, Licht: 0","200824","2","6","2","11","10","6","0","0","0","1","0","1"
"POINT (13.476016073000039 52.532908633000034)","Unfall 200825 (2019) Kat:3, Licht: 0","200825","3","2","0","10","15","6","0","0","0","1","0","0"
"POINT (13.281811543000060 52.510986562000028)","Unfall 200826 (2019) Kat:3, Licht: 2","200826","3","3","5","10","18","2","1","2","0","1","0","0"
"POINT (13.466147252000042 52.508448964000081)","Unfall 200827 (2019) Kat:3, Licht: 0","200827","3","6","2","10","12","5","0","0","0","1","0","0"
"POINT (13.452018759000055 52.503531814000041)","Unfall 200828 (2019) Kat:3, Licht: 2","200828","3","3","5","10","02","1","0","2","0","1","0","0"
"POINT (13.348873154000046 52.458980822000058)","Unfall 200829 (2019) Kat:3, Licht: 0","200829","3","2","5","10","16","4","0","0","0","1","0","1"
"POINT (13.360372832000053 52.596906758000046)","Unfall 200830 (2019) Kat:3, Licht: 2","200830","3","2","6","11","18","6","1","2","0","1","1","0"
"POINT (13.268932013000040 52.511584622000044)","Unfall 200831 (2019) Kat:3, Licht: 0","200831","3","3","5","10","11","7","0","0","0","1","0","0"
"POINT (13.540486862000023 52.430493183000067)","Unfall 200832 (2019) Kat:3, Licht: 0","200832","3","5","1","10","10","3","0","0","1","1","0","0"
"POINT (13.445304977000035 52.499321636000047)","Unfall 200833 (2019) Kat:2, Licht: 2","200833","2","5","5","11","01","6","0","2","0","1","0","0"
"POINT (13.445202796000046 52.499375159000067)","Unfall 200834 (2019) Kat:3, Licht: 2","200834","3","7","5","10","19","6","0","2","1","1","0","0"
"POINT (13.392080690000057 52.525185554000075)","Unfall 200835 (2019) Kat:2, Licht: 2","200835","2","6","4","10","23","2","1","2","1","1","0","0"
"POINT (13.449526335000030 52.427824117000057)","Unfall 200836 (2019) Kat:3, Licht: 2","200836","3","5","1","10","22","5","0","2","0","1","0","0"
"POINT (13.302003786000057 52.432355422000057)","Unfall 200837 (2019) Kat:3, Licht: 2","200837","3","3","5","10","17","2","1","2","0","1","0","0"
"POINT (13.418419613000026 52.553420405000054)","Unfall 200838 (2019) Kat:3, Licht: 2","200838","3","2","5","10","04","5","0","2","0","1","0","1"
"POINT (13.304873158000078 52.494341739000049)","Unfall 200839 (2019) Kat:3, Licht: 2","200839","3","2","6","10","19","1","0","2","0","1","1","0"
"POINT (13.360442452000029 52.576242649000051)","Unfall 200840 (2019) Kat:3, Licht: 0","200840","3","6","2","10","13","4","0","0","0","1","0","0"
"POINT (13.593140449000032 52.453425859000049)","Unfall 200841 (2019) Kat:2, Licht: 2","200841","2","1","0","11","21","6","1","2","1","0","0","0"
"POINT (13.313203321000060 52.428802783000037)","Unfall 200842 (2019) Kat:3, Licht: 0","200842","3","1","0","10","13","7","0","0","1","0","0","0"
"POINT (13.420725822000065 52.533692927000061)","Unfall 200843 (2019) Kat:3, Licht: 0","200843","3","2","5","10","08","3","0","0","1","1","0","0"
"POINT (13.400939107000056 52.518401461000053)","Unfall 200844 (2019) Kat:3, Licht: 2","200844","3","3","5","10","17","5","0","2","1","1","0","0"
"POINT (13.195545172000038 52.529198290000068)","Unfall 200845 (2019) Kat:3, Licht: 0","200845","3","2","5","10","10","2","0","0","1","1","0","0"
"POINT (13.152462564000075 52.532963577000032)","Unfall 200846 (2019) Kat:3, Licht: 2","200846","3","4","6","10","18","5","0","2","0","1","1","0"
"POINT (13.354456167000023 52.549145935000070)","Unfall 200847 (2019) Kat:3, Licht: 2","200847","3","6","2","11","00","7","1","2","0","1","0","0"
"POINT (13.334614305000059 52.495212276000075)","Unfall 200848 (2019) Kat:3, Licht: 1","200848","3","3","5","10","17","7","0","1","1","1","0","0"
"POINT (13.294516163000026 52.532632646000081)","Unfall 200849 (2019) Kat:3, Licht: 0","200849","3","6","2","10","08","4","0","0","0","1","0","0"
"POINT (13.280078098000047 52.575698024000076)","Unfall 200850 (2019) Kat:3, Licht: 2","200850","3","2","5","10","19","3","0","2","1","1","0","0"
"POINT (13.351129795000077 52.570281787000056)","Unfall 200851 (2019) Kat:3, Licht: 0","200851","3","5","1","11","16","6","0","0","0","1","0","0"
"POINT (13.587933129000021 52.469027964000077)","Unfall 200852 (2019) Kat:3, Licht: 0","200852","3","6","0","10","14","6","0","0","1","0","0","0"
"POINT (13.305108020000034 52.417898229000059)","Unfall 200853 (2019) Kat:3, Licht: 0","200853","3","2","2","11","09","7","1","0","0","1","0","0"
"POINT (13.154439747000026 52.533246535000046)","Unfall 200854 (2019) Kat:3, Licht: 1","200854","3","7","0","10","17","7","0","1","1","1","0","0"
"POINT (13.345724616000041 52.460927644000037)","Unfall 200855 (2019) Kat:3, Licht: 0","200855","3","3","5","10","10","4","0","0","0","1","0","0"
"POINT (13.367922893000070 52.525885488000029)","Unfall 200856 (2019) Kat:2, Licht: 0","200856","2","6","2","10","13","4","0","0","0","0","0","1"
"POINT (13.430660930000045 52.511094464000053)","Unfall 200857 (2019) Kat:3, Licht: 2","200857","3","3","5","11","21","6","1","2","1","1","0","0"
"POINT (13.388010514000030 52.521801213000060)","Unfall 200858 (2019) Kat:3, Licht: 2","200858","3","2","5","10","19","6","0","2","1","1","0","0"
"POINT (13.383544600000050 52.468597297000031)","Unfall 200859 (2019) Kat:2, Licht: 0","200859","2","3","5","10","12","3","0","0","1","0","0","1"
"POINT (13.480065135000075 52.526684381000052)","Unfall 200860 (2019) Kat:3, Licht: 1","200860","3","2","0","10","15","5","0","1","0","1","0","0"
"POINT (13.311818532000075 52.525648737000040)","Unfall 200861 (2019) Kat:3, Licht: 0","200861","3","4","6","10","08","6","0","0","0","1","1","0"
"POINT (13.361428639000053 52.537844110000037)","Unfall 200862 (2019) Kat:3, Licht: 0","200862","3","3","5","10","08","2","0","0","1","1","0","0"
"POINT (13.404303816000038 52.527201216000037)","Unfall 200863 (2019) Kat:2, Licht: 0","200863","2","3","5","10","14","5","0","0","1","1","0","0"
"POINT (13.350329637000073 52.541545590000055)","Unfall 200864 (2019) Kat:3, Licht: 2","200864","3","2","2","11","17","7","1","2","0","1","0","0"
"POINT (13.338112740000042 52.541096465000066)","Unfall 200865 (2019) Kat:3, Licht: 0","200865","3","6","2","10","15","7","0","0","0","1","0","0"
"POINT (13.515462573000036 52.537656201000061)","Unfall 200866 (2019) Kat:3, Licht: 1","200866","3","2","5","10","16","3","0","1","1","0","0","0"
"POINT (13.315111935000061 52.490895000000080)","Unfall 200867 (2019) Kat:3, Licht: 0","200867","3","3","5","11","13","6","0","0","1","1","0","0"
"POINT (13.460145198000077 52.431850707000081)","Unfall 200868 (2019) Kat:2, Licht: 0","200868","2","3","5","10","15","6","0","0","0","1","0","1"
"POINT (13.392543846000024 52.514976513000079)","Unfall 200869 (2019) Kat:3, Licht: 2","200869","3","5","1","10","18","2","1","2","1","1","0","0"
"POINT (13.511875377000024 52.462924224000062)","Unfall 200870 (2019) Kat:3, Licht: 0","200870","3","2","5","10","08","5","0","0","1","1","0","0"
"POINT (13.282293974000027 52.483787578000033)","Unfall 200871 (2019) Kat:3, Licht: 0","200871","3","2","5","10","08","6","0","0","1","1","0","0"
"POINT (13.478215723000062 52.506656735000035)","Unfall 200872 (2019) Kat:3, Licht: 0","200872","3","6","2","10","13","1","0","0","1","1","0","0"
"POINT (13.481253238000022 52.609358570000040)","Unfall 200873 (2019) Kat:3, Licht: 0","200873","3","2","5","10","06","2","0","0","1","1","0","0"
"POINT (13.498863248000077 52.635220537000066)","Unfall 200874 (2019) Kat:3, Licht: 0","200874","3","1","0","10","10","5","0","0","0","1","0","0"
"POINT (13.377819676000058 52.472390672000074)","Unfall 200875 (2019) Kat:3, Licht: 0","200875","3","2","6","10","07","6","0","0","0","1","1","0"
"POINT (13.198255025000037 52.532590593000066)","Unfall 200876 (2019) Kat:3, Licht: 1","200876","3","6","2","10","05","2","0","1","0","1","0","0"
"POINT (13.394839542000057 52.502476842000078)","Unfall 200877 (2019) Kat:3, Licht: 2","200877","3","5","1","10","19","5","0","2","1","0","0","0"
"POINT (13.367920351000066 52.485099873000081)","Unfall 200878 (2019) Kat:3, Licht: 0","200878","3","4","6","11","15","7","1","0","0","1","1","0"
"POINT (13.341723306000063 52.502041511000073)","Unfall 200879 (2019) Kat:3, Licht: 0","200879","3","5","0","10","14","7","0","0","1","0","0","1"
"POINT (13.433038670000030 52.595998492000035)","Unfall 200880 (2019) Kat:3, Licht: 0","200880","3","6","2","10","13","3","0","0","0","1","0","0"
"POINT (13.320557387000065 52.456640561000029)","Unfall 200881 (2019) Kat:3, Licht: 0","200881","3","6","2","11","10","6","0","0","0","1","0","0"
"POINT (13.199496219000025 52.534804696000037)","Unfall 200882 (2019) Kat:2, Licht: 0","200882","2","2","0","10","15","6","0","0","0","1","0","0"
"POINT (13.412109350000037 52.531142799000065)","Unfall 200883 (2019) Kat:3, Licht: 2","200883","3","3","5","10","17","2","1","2","0","1","0","0"
"POINT (13.328896086000043 52.459912545000066)","Unfall 200884 (2019) Kat:3, Licht: 0","200884","3","6","2","10","07","5","1","0","0","1","0","0"
"POINT (13.394302233000076 52.501151698000058)","Unfall 200885 (2019) Kat:3, Licht: 2","200885","3","2","5","10","01","1","0","2","0","1","0","0"
"POINT (13.526656655000068 52.426495767000063)","Unfall 200886 (2019) Kat:3, Licht: 0","200886","3","2","5","10","15","4","0","0","0","1","0","0"
"POINT (13.349118770000075 52.490480253000044)","Unfall 200887 (2019) Kat:3, Licht: 2","200887","3","2","2","11","18","6","1","2","1","1","0","0"
"POINT (13.285048175000043 52.492942864000042)","Unfall 200888 (2019) Kat:2, Licht: 2","200888","2","5","1","10","00","7","0","2","1","1","0","0"
"POINT (13.303852894000045 52.499508784000056)","Unfall 200889 (2019) Kat:3, Licht: 1","200889","3","3","5","10","20","4","0","1","0","1","0","0"
"POINT (13.378445240000076 52.550412139000059)","Unfall 200890 (2019) Kat:3, Licht: 2","200890","3","3","5","11","20","6","1","2","0","1","0","0"
"POINT (13.372881684000049 52.453573644000073)","Unfall 200891 (2019) Kat:3, Licht: 2","200891","3","7","1","10","20","7","0","2","0","1","0","0"
"POINT (13.435321170000066 52.425534235000043)","Unfall 200892 (2019) Kat:3, Licht: 0","200892","3","3","0","10","16","3","1","0","0","0","0","1"
"POINT (13.352188322000075 52.489811095000050)","Unfall 200893 (2019) Kat:3, Licht: 0","200893","3","2","2","11","09","6","0","0","0","1","0","0"
"POINT (13.325214572000050 52.564756474000035)","Unfall 200894 (2019) Kat:3, Licht: 0","200894","3","7","5","10","14","6","0","0","0","1","0","1"
"POINT (13.425993656000060 52.477953707000040)","Unfall 200895 (2019) Kat:3, Licht: 0","200895","3","6","3","10","16","2","0","0","0","1","0","1"
"POINT (13.482242107000047 52.461608159000036)","Unfall 200896 (2019) Kat:3, Licht: 0","200896","3","6","3","10","10","5","0","0","0","1","0","0"
"POINT (13.436682681000036 52.439857226000072)","Unfall 200897 (2019) Kat:3, Licht: 0","200897","3","3","5","10","12","7","0","0","1","1","0","0"
"POINT (13.403491678000023 52.523090912000043)","Unfall 200898 (2019) Kat:3, Licht: 0","200898","3","4","6","10","12","4","0","0","0","1","1","0"
"POINT (13.563681734000056 52.420418991000076)","Unfall 200899 (2019) Kat:2, Licht: 2","200899","2","6","0","10","17","4","0","2","0","0","0","1"
"POINT (13.417310745000066 52.499010858000076)","Unfall 200900 (2019) Kat:3, Licht: 2","200900","3","6","2","11","23","6","1","2","0","1","0","0"
"POINT (13.606672805000073 52.534454127000060)","Unfall 200901 (2019) Kat:3, Licht: 0","200901","3","5","0","10","12","7","0","0","0","1","0","1"
"POINT (13.229548245000046 52.433798169000056)","Unfall 200902 (2019) Kat:3, Licht: 0","200902","3","3","5","10","08","3","1","0","1","1","0","0"
"POINT (13.293872329000067 52.497692641000071)","Unfall 200903 (2019) Kat:3, Licht: 2","200903","3","4","6","10","17","5","0","2","0","1","1","0"
"POINT (13.487226823000071 52.613780315000042)","Unfall 200904 (2019) Kat:3, Licht: 1","200904","3","7","7","10","07","6","0","1","0","0","0","1"
"POINT (13.563580646000048 52.497829612000032)","Unfall 200905 (2019) Kat:3, Licht: 0","200905","3","2","5","10","09","2","0","0","0","1","0","1"
"POINT (13.401187586000049 52.510418501000061)","Unfall 200906 (2019) Kat:3, Licht: 0","200906","3","2","5","10","09","3","0","0","1","0","0","0"
"POINT (13.322184304000075 52.506418935000056)","Unfall 200907 (2019) Kat:3, Licht: 0","200907","3","5","1","10","09","5","0","0","1","1","0","0"
"POINT (13.613181087000044 52.499812891000033)","Unfall 200908 (2019) Kat:3, Licht: 0","200908","3","1","0","10","16","6","0","0","1","0","0","0"
"POINT (13.456676642000048 52.473449934000030)","Unfall 200909 (2019) Kat:3, Licht: 0","200909","3","6","3","10","11","2","0","0","0","1","0","0"
"POINT (13.601838880000059 52.537599774000057)","Unfall 200910 (2019) Kat:3, Licht: 2","200910","3","4","6","10","19","5","0","2","0","1","1","0"
"POINT (13.430397884000058 52.551258905000054)","Unfall 200911 (2019) Kat:3, Licht: 1","200911","3","2","5","11","08","7","1","1","1","1","0","0"
"POINT (13.459981156000026 52.553020142000037)","Unfall 200912 (2019) Kat:3, Licht: 0","200912","3","5","1","10","17","7","0","0","1","1","0","0"
"POINT (13.495597447000023 52.449005494000062)","Unfall 200913 (2019) Kat:3, Licht: 0","200913","3","7","4","10","10","4","0","0","0","1","0","0"
"POINT (13.347407317000034 52.470594981000033)","Unfall 200914 (2019) Kat:3, Licht: 0","200914","3","2","6","10","08","4","0","0","0","1","1","0"
"POINT (13.514237363000063 52.556656767000050)","Unfall 200915 (2019) Kat:2, Licht: 2","200915","2","3","5","11","22","6","1","2","0","1","0","1"
"POINT (13.621173617000068 52.530842109000048)","Unfall 200916 (2019) Kat:3, Licht: 1","200916","3","6","2","10","18","6","0","1","0","1","0","0"
"POINT (13.277459218000047 52.413460285000042)","Unfall 200917 (2019) Kat:2, Licht: 0","200917","2","3","5","10","08","3","0","0","0","1","0","0"
"POINT (13.357436511000060 52.422947907000037)","Unfall 200918 (2019) Kat:3, Licht: 0","200918","3","3","5","10","15","5","0","0","0","1","0","0"