WKT,Name,OBJECTID,UKATEGORIE,UTYP1,UART,UMONAT,USTUNDE,UWOCHENTAG,STRZUSTAND,ULICHTVERH,ISTRAD,ISTPKW,ISTFUSS,ISTKRAD
"POINT (13.344959019000044 52.479413248000071)","Unfall 200919 (2019) Kat:3, Licht: 0","200919","3","6","2","10","07","6","0","0","0","1","0","0"
"POINT (13.352411353000036 52.596484511000028)","Unfall 200920 (2019) Kat:3, Licht: 0","200920","3","6","2","10","08","2","0","0","0","1","0","0"
"POINT (13.550176069000031 52.542816684000059)","Unfall 200921 (2019) Kat:2, Licht: 2","200921","2","3","2","10","01","5","0","2","0","1","0","0"
"POINT (13.359823606000077 52.523461472000065)","Unfall 200922 (2019) Kat:3, Licht: 0","200922","3","3","5","11","16","7","1","0","0","1","0","0"
"POINT (13.337649141000043 52.525431899000068)","Unfall 200923 (2019) Kat:2, Licht: 0","200923","2","2","6","10","15","7","0","0","0","1","1","0"
"POINT (13.597238519000030 52.544225918000052)","Unfall 200924 (2019) Kat:3, Licht: 0","200924","3","6","6","10","14","3","0","0","1","0","1","0"
"POINT (13.426319262000050 52.477168262000077)","Unfall 200925 (2019) Kat:2, Licht: 2","200925","2","5","5","10","19","5","0","2","0","1","0","1"
"POINT (13.323476634000031 52.505822143000046)","Unfall 200926 (2019) Kat:3, Licht: 2","200926","3","6","2","11","20","7","1","2","0","1","0","0"
"POINT (13.355222668000067 52.494730133000076)","Unfall 200927 (2019) Kat:3, Licht: 0","200927","3","7","6","10","16","7","0","0","1","0","1","0"
"POINT (13.480013788000065 52.566597985000044)","Unfall 200928 (2019) Kat:3, Licht: 0","200928","3","6","2","10","07","4","1","0","0","1","0","0"
"POINT (13.492929093000043 52.500999280000030)","Unfall 200929 (2019) Kat:3, Licht: 2","200929","3","1","0","10","18","3","0","2","0","0","0","1"
"POINT (13.373192991000053 52.517769948000080)","Unfall 200930 (2019) Kat:3, Licht: 0","200930","3","7","5","10","09","6","0","0","0","1","0","1"
"POINT (13.376398343000062 52.460099807000063)","Unfall 200931 (2019) Kat:3, Licht: 0","200931","3","3","5","11","15","6","0","0","1","1","0","0"
"POINT (13.539080654000031 52.402986166000062)","Unfall 200932 (2019) Kat:3, Licht: 0","200932","3","4","6","10","16","6","0","0","0","0","1","0"
"POINT (13.280087580000043 52.518378361000032)","Unfall 200933 (2019) Kat:3, Licht: 2","200933","3","3","5","10","20","2","1","2","0","1","0","0"
"POINT (13.315685643000052 52.447161474000040)","Unfall 200934 (2019) Kat:3, Licht: 0","200934","3","3","5","10","13","5","0","0","1","1","0","0"
"POINT (13.132519025000022 52.473107039000070)","Unfall 200935 (2019) Kat:3, Licht: 2","200935","3","1","9","10","03","6","1","2","0","1","0","0"
"POINT (13.352819443000044 52.494806410000081)","Unfall 200936 (2019) Kat:3, Licht: 2","200936","3","2","2","10","18","1","0","2","0","1","0","0"
"POINT (13.594876867000039 52.433190374000048)","Unfall 200937 (2019) Kat:3, Licht: 2","200937","3","3","5","10","06","4","0","2","1","1","0","0"
"POINT (13.433575637000047 52.519804272000044)","Unfall 200938 (2019) Kat:3, Licht: 0","200938","3","6","2","10","09","6","0","0","1","1","0","0"
"POINT (13.459480978000045 52.507934574000046)","Unfall 200939 (2019) Kat:3, Licht: 0","200939","3","3","5","11","12","7","1","0","0","1","0","0"
"POINT (13.302425208000045 52.506803064000053)","Unfall 200940 (2019) Kat:3, Licht: 2","200940","3","1","0","10","21","7","0","2","0","0","0","0"
"POINT (13.393953954000040 52.519246189000057)","Unfall 200941 (2019) Kat:3, Licht: 0","200941","3","3","5","10","11","3","0","0","1","0","0","1"
"POINT (13.429174780000039 52.510899193000057)","Unfall 200942 (2019) Kat:3, Licht: 0","200942","3","2","2","11","10","6","0","0","1","1","0","0"
"POINT (13.442126212000062 52.501236065000057)","Unfall 200943 (2019) Kat:3, Licht: 0","200943","3","7","2","10","14","6","0","0","1","1","0","0"
"POINT (13.380630989000053 52.445264413000075)","Unfall 200944 (2019) Kat:3, Licht: 2","200944","3","5","0","10","17","2","1","2","1","1","0","0"
"POINT (13.448045360000037 52.537775577000048)","Unfall 200945 (2019) Kat:3, Licht: 0","200945","3","6","2","10","07","5","0","0","0","1","0","0"
"POINT (13.183794385000056 52.543048084000077)","Unfall 200946 (2019) Kat:3, Licht: 0","200946","3","6","2","10","15","6","0","0","0","1","0","0"
"POINT (13.296500043000037 52.580342464000069)","Unfall 200947 (2019) Kat:3, Licht: 0","200947","3","6","2","11","11","6","0","0","0","0","0","0"
"POINT (13.319383666000022 52.501513577000026)","Unfall 200948 (2019) Kat:3, Licht: 0","200948","3","3","5","10","15","6","0","0","1","1","0","0"
"POINT (13.388853623000045 52.499360017000072)","Unfall 200949 (2019) Kat:3, Licht: 2","200949","3","6","2","10","18","2","1","2","0","1","0","0"
"POINT (13.455087043000049 52.559324837000077)","Unfall 200950 (2019) Kat:3, Licht: 0","200950","3","3","5","10","07","5","0","0","1","1","0","0"
"POINT (13.294889858000033 52.539628254000036)","Unfall 200951 (2019) Kat:3, Licht: 2","200951","3","2","5","10","00","6","0","2","0","1","0","0"
"POINT (13.384675535000042 52.531012420000081)","Unfall 200952 (2019) Kat:3, Licht: 0","200952","3","1","0","10","11","1","1","0","0","0","0","1"
"POINT (13.325410438000063 52.503573810000034)","Unfall 200953 (2019) Kat:3, Licht: 1","200953","3","7","5","10","16","4","0","1","0","1","0","0"
"POINT (13.601980485000070 52.536907287000076)","Unfall 200954 (2019) Kat:2, Licht: 1","200954","2","4","1","10","17","5","0","1","1","1","1","0"
"POINT (13.354808364000064 52.552125470000078)","Unfall 200955 (2019) Kat:3, Licht: 2","200955","3","6","2","11","19","6","1","2","0","1","0","0"
"POINT (13.320375745000035 52.483062252000082)","Unfall 200956 (2019) Kat:3, Licht: 0","200956","3","7","5","10","12","7","0","0","0","1","0","0"
"POINT (13.261592499000074 52.515662707000047)","Unfall 200957 (2019) Kat:3, Licht: 0","200957","3","2","5","10","10","3","1","0","1","1","0","0"
"POINT (13.598904088000040 52.528339163000055)","Unfall 200958 (2019) Kat:3, Licht: 2","200958","3","3","5","10","21","5","0","2","0","1","0","0"
"POINT (13.458167141000047 52.525545774000079)","Unfall 200959 (2019) Kat:3, Licht: 1","200959","3","2","5","11","07","6","0","1","1","1","0","0"
"POINT (13.394928771000025 52.512418774000082)","Unfall 200960 (2019) Kat:3, Licht: 2","200960","3","1","8","10","21","6","0","2","0","0","0","0"
"POINT (13.313533845000052 52.504006776000040)","Unfall 200961 (2019) Kat:3, Licht: 0","200961","3","5","5","10","15","2","0","0","0","1","0","0"
"POINT (13.401135703000023 52.506298463000064)","Unfall 200962 (2019) Kat:3, Licht: 0","200962","3","2","5","10","07","5","0","0","1","1","0","0"
"POINT (13.550854099000048 52.429063252000049)","Unfall 200963 (2019) Kat:3, Licht: 0","200963","3","2","5","10","18","5","0","0","1","1","0","0"
"POINT (13.432750348000070 52.464948728000081)","Unfall 200964 (2019) Kat:3, Licht: 1","200964","3","6","0","10","17","7","0","1","0","1","0","1"
"POINT (13.392791846000023 52.564087321000045)","Unfall 200965 (2019) Kat:3, Licht: 0","200965","3","3","5","10","11","4","0","0","1","1","0","0"
"POINT (13.563764064000054 52.518861735000030)","Unfall 200966 (2019) Kat:2, Licht: 2","200966","2","2","5","10","18","5","1","2","1","1","0","0"
"POINT (13.185416073000056 52.551546487000053)","Unfall 200967 (2019) Kat:2, Licht: 0","200967","2","2","5","10","13","4","0","0","1","1","0","0"
"POINT (13.388942435000047 52.516333183000029)","Unfall 200968 (2019) Kat:3, Licht: 0","200968","3","5","1","10","16","5","0","0","1","1","0","0"
"POINT (13.408026720000066 52.565820384000062)","Unfall 200969 (2019) Kat:2, Licht: 0","200969","2","5","3","10","16","5","0","0","1","1","0","0"
"POINT (13.440644431000067 52.517132392000065)","Unfall 200970 (2019) Kat:3, Licht: 2","200970","3","3","5","10","20","1","0","2","0","1","0","0"
"POINT (13.298305115000062 52.613571587000081)","Unfall 200971 (2019) Kat:3, Licht: 0","200971","3","6","2","10","14","4","0","0","0","1","0","0"
"POINT (13.246362313000077 52.601114444000075)","Unfall 200972 (2019) Kat:3, Licht: 0","200972","3","6","2","10","16","5","0","0","0","1","0","0"
"POINT (13.578641269000059 52.457776262000039)","Unfall 200973 (2019) Kat:3, Licht: 0","200973","3","6","3","10","15","5","0","0","0","0","0","0"
"POINT (13.282578984000054 52.518467189000035)","Unfall 200974 (2019) Kat:3, Licht: 2","200974","3","6","3","11","17","6","1","2","0","1","0","0"
"POINT (13.434907799000030 52.440284663000057)","Unfall 200975 (2019) Kat:3, Licht: 0","200975","3","2","2","10","13","7","0","0","0","1","0","1"
"POINT (13.470057948000033 52.434953697000026)","Unfall 200976 (2019) Kat:3, Licht: 0","200976","3","3","5","10","07","3","1","0","1","1","0","0"
"POINT (13.546576732000062 52.400876776000075)","Unfall 200977 (2019) Kat:3, Licht: 0","200977","3","3","5","10","15","5","0","0","0","1","0","0"
"POINT (13.335072166000032 52.468007262000071)","Unfall 200978 (2019) Kat:3, Licht: 0","200978","3","2","5","10","07","5","0","0","1","1","1","0"
"POINT (13.436806827000055 52.465159600000050)","Unfall 200979 (2019) Kat:3, Licht: 0","200979","3","3","5","10","13","6","0","0","0","1","0","1"
"POINT (13.428309576000061 52.561836942000070)","Unfall 200980 (2019) Kat:3, Licht: 0","200980","3","4","6","10","10","2","0","0","1","0","1","0"
"POINT (13.334238934000041 52.451813257000026)","Unfall 200981 (2019) Kat:3, Licht: 2","200981","3","5","1","10","18","5","0","2","1","1","0","0"
"POINT (13.313670239000032 52.480974036000077)","Unfall 200982 (2019) Kat:3, Licht: 2","200982","3","1","0","11","05","7","1","2","0","1","0","0"
"POINT (13.392519126000025 52.582139110000071)","Unfall 200983 (2019) Kat:3, Licht: 0","200983","3","7","5","10","17","7","0","0","0","1","0","0"
"POINT (13.490808428000037 52.503425797000034)","Unfall 200984 (2019) Kat:3, Licht: 0","200984","3","6","2","10","08","4","0","0","1","1","0","0"
"POINT (13.424475799000049 52.486368777000052)","Unfall 200985 (2019) Kat:3, Licht: 2","200985","3","7","5","10","22","3","0","2","0","1","0","0"
"POINT (13.315846383000064 52.506263819000026)","Unfall 200986 (2019) Kat:3, Licht: 1","200986","3","3","5","11","16","6","0","1","0","1","0","0"
"POINT (13.503792100000055 52.562657951000062)","Unfall 200987 (2019) Kat:3, Licht: 0","200987","3","6","2","10","17","6","0","0","0","1","0","0"
"POINT (13.363853585000072 52.476696799000081)","Unfall 200988 (2019) Kat:3, Licht: 1","200988","3","7","0","10","17","3","0","1","0","0","1","0"
"POINT (13.400542894000068 52.521731282000076)","Unfall 200989 (2019) Kat:3, Licht: 0","200989","3","5","5","10","14","5","0","0","1","1","0","0"
"POINT (13.446328388000040 52.436935239000036)","Unfall 200990 (2019) Kat:3, Licht: 0","200990","3","4","6","10","11","6","0","0","0","1","1","0"
"POINT (13.321485945000063 52.486415541000042)","Unfall 200991 (2019) Kat:3, Licht: 0","200991","3","4","6","11","16","7","0","0","0","1","1","0"
"POINT (13.443595170000037 52.464265174000047)","Unfall 200992 (2019) Kat:3, Licht: 2","200992","3","1","8","11","20","6","1","2","0","1","0","0"
"POINT (13.261680795000075 52.441726483000082)","Unfall 200993 (2019) Kat:3, Licht: 0","200993","3","2","0","10","12","7","0","0","1","1","0","0"
"POINT (13.442707650000045 52.465035185000033)","Unfall 200994 (2019) Kat:3, Licht: 2","200994","3","3","5","11","22","7","1","2","0","1","0","0"
"POINT (13.589429227000039 52.523209463000057)","Unfall 200995 (2019) Kat:2, Licht: 0","200995","2","2","6","10","13","3","0","0","0","1","1","0"
"POINT (13.320344005000038 52.481399913000075)","Unfall 200996 (2019) Kat:3, Licht: 2","200996","3","2","5","11","22","7","1","2","0","1","0","0"
"POINT (13.525809238000022 52.493776597000078)","Unfall 200997 (2019) Kat:3, Licht: 2","200997","3","6","2","10","16","5","0","2","0","1","0","0"
"POINT (13.466877365000073 52.615034715000036)","Unfall 200998 (2019) Kat:3, Licht: 0","200998","3","3","5","10","10","6","0","0","0","1","0","0"
"POINT (13.434861535000039 52.440796833000036)","Unfall 200999 (2019) Kat:3, Licht: 0","200999","3","6","3","11","12","7","1","0","0","1","0","0"
"POINT (13.522059940000076 52.497234780000042)","Unfall 201000 (2019) Kat:3, Licht: 0","201000","3","3","5","11","12","7","0","0","1","1","0","0"
"POINT (13.452430544000038 52.512476743000036)","Unfall 201001 (2019) Kat:3, Licht: 0","201001","3","3","5","10","08","2","0","0","0","1","0","1"
"POINT (13.382839174000026 52.411122712000065)","Unfall 201002 (2019) Kat:2, Licht: 0","201002","2","3","5","10","16","5","0","0","1","1","0","0"
"POINT (13.352131301000043 52.573709358000031)","Unfall 201003 (2019) Kat:2, Licht: 0","201003","2","7","5","11","11","7","1","0","0","1","0","1"
"POINT (13.571783661000040 52.451122218000080)","Unfall 201004 (2019) Kat:2, Licht: 0","201004","2","2","3","11","11","7","0","0","0","1","0","0"
"POINT (13.309640291000051 52.583841452000058)","Unfall 201005 (2019) Kat:3, Licht: 2","201005","3","4","6","11","17","7","1","2","0","1","1","0"
"POINT (13.314007588000038 52.500840983000046)","Unfall 201006 (2019) Kat:3, Licht: 0","201006","3","5","1","10","16","7","0","0","1","1","0","0"
"POINT (13.495902909000051 52.432048988000076)","Unfall 201007 (2019) Kat:3, Licht: 2","201007","3","3","5","10","06","4","1","2","1","1","0","0"
"POINT (13.360912073000065 52.490122296000038)","Unfall 201008 (2019) Kat:3, Licht: 0","201008","3","2","0","11","11","7","1","0","0","1","0","1"
"POINT (13.374713244000077 52.561391146000062)","Unfall 201009 (2019) Kat:3, Licht: 2","201009","3","3","0","10","17","3","0","2","0","1","0","1"
"POINT (13.413155905000053 52.547682827000074)","Unfall 201010 (2019) Kat:3, Licht: 0","201010","3","2","0","11","11","7","1","0","1","1","0","0"
"POINT (13.496004993000042 52.534121493000043)","Unfall 201011 (2019) Kat:3, Licht: 0","201011","3","4","6","10","17","5","0","0","0","1","1","0"
"POINT (13.313912772000037 52.435859293000078)","Unfall 201012 (2019) Kat:3, Licht: 0","201012","3","5","1","11","14","6","0","0","1","1","0","0"
"POINT (13.196651803000066 52.562777153000070)","Unfall 201013 (2019) Kat:3, Licht: 0","201013","3","4","0","10","16","6","0","0","0","0","1","0"
"POINT (13.602268154000058 52.536056739000060)","Unfall 201014 (2019) Kat:3, Licht: 0","201014","3","3","5","11","10","7","1","0","0","1","0","0"
"POINT (13.369464920000041 52.597377599000026)","Unfall 201015 (2019) Kat:3, Licht: 2","201015","3","3","5","10","19","2","0","2","1","1","0","0"
"POINT (13.473343530000022 52.520584489000044)","Unfall 201016 (2019) Kat:3, Licht: 0","201016","3","5","1","10","08","5","0","0","1","1","0","0"
"POINT (13.433421435000071 52.503178620000028)","Unfall 201017 (2019) Kat:3, Licht: 0","201017","3","5","1","10","10","6","0","0","0","1","0","0"
"POINT (13.365906095000071 52.604551863000040)","Unfall 201018 (2019) Kat:3, Licht: 0","201018","3","3","5","11","10","7","1","0","0","1","0","0"
"POINT (13.519648602000075 52.428216194000072)","Unfall 201019 (2019) Kat:3, Licht: 0","201019","3","2","5","11","10","7","1","0","0","1","0","0"
"POINT (13.224434207000058 52.425563318000059)","Unfall 201020 (2019) Kat:3, Licht: 0","201020","3","3","0","10","16","1","1","0","1","1","0","0"
"POINT (13.240196886000035 52.442705246000060)","Unfall 201021 (2019) Kat:3, Licht: 2","201021","3","2","5","10","18","4","1","2","0","1","0","0"
"POINT (13.304642481000030 52.462033634000079)","Unfall 201022 (2019) Kat:3, Licht: 0","201022","3","3","0","11","10","7","1","0","0","0","0","1"
"POINT (13.387338750000026 52.525822210000058)","Unfall 201023 (2019) Kat:3, Licht: 0","201023","3","5","1","10","15","5","0","0","1","1","0","0"
"POINT (13.376845402000072 52.510732651000069)","Unfall 201024 (2019) Kat:3, Licht: 1","201024","3","2","5","11","15","6","0","1","1","0","0","0"
"POINT (13.314400136000074 52.472015250000027)","Unfall 201025 (2019) Kat:3, Licht: 1","201025","3","7","0","10","20","7","0","1","0","1","0","0"
"POINT (13.395743588000073 52.499082071000032)","Unfall 201026 (2019) Kat:3, Licht: 0","201026","3","4","6","11","07","3","0","0","1","0","1","0"
"POINT (13.387462478000032 52.458826185000078)","Unfall 201027 (2019) Kat:2, Licht: 1","201027","2","7","1","11","06","3","0","1","0","1","0","0"
"POINT (13.250770833000047 52.422526947000051)","Unfall 201028 (2019) Kat:2, Licht: 0","201028","2","5","1","11","14","3","0","0","0","1","0","0"
"POINT (13.249905319000050 52.594820119000076)","Unfall 201029 (2019) Kat:3, Licht: 0","201029","3","6","3","11","13","3","0","0","1","1","0","0"
"POINT (13.371138552000048 52.501306094000029)","Unfall 201030 (2019) Kat:3, Licht: 0","201030","3","2","0","11","13","3","0","0","1","1","0","0"
"POINT (13.351211360000036 52.552103554000041)","Unfall 201031 (2019) Kat:3, Licht: 0","201031","3","7","5","11","11","3","0","0","0","1","0","0"
"POINT (13.389746499000069 52.511289752000039)","Unfall 201032 (2019) Kat:3, Licht: 0","201032","3","2","5","11","09","3","0","0","1","1","0","0"
"POINT (13.350936477000062 52.569479838000063)","Unfall 201033 (2019) Kat:3, Licht: 2","201033","3","2","5","11","18","3","0","2","0","1","0","1"
"POINT (13.295948493000026 52.576787583000055)","Unfall 201034 (2019) Kat:3, Licht: 2","201034","3","6","2","11","18","3","0","2","0","1","0","0"
"POINT (13.575645834000056 52.490055746000053)","Unfall 201035 (2019) Kat:3, Licht: 2","201035","3","2","5","11","18","3","0","2","1","1","0","0"
"POINT (13.655789374000051 52.415511461000051)","Unfall 201036 (2019) Kat:3, Licht: 2","201036","3","2","6","11","17","3","0","2","0","1","1","0"
"POINT (13.326159162000067 52.538221111000041)","Unfall 201037 (2019) Kat:3, Licht: 2","201037","3","6","0","11","17","3","0","2","0","1","0","0"
"POINT (13.406720014000030 52.393767106000041)","Unfall 201038 (2019) Kat:3, Licht: 2","201038","3","2","5","11","16","3","0","2","0","1","0","0"
"POINT (13.390132567000023 52.509455192000075)","Unfall 201039 (2019) Kat:3, Licht: 2","201039","3","3","5","11","16","3","0","2","1","1","0","0"
"POINT (13.508719797000026 52.548867517000076)","Unfall 201040 (2019) Kat:3, Licht: 0","201040","3","6","2","11","15","3","0","0","0","1","0","0"
"POINT (13.376792305000038 52.522539404000042)","Unfall 201041 (2019) Kat:3, Licht: 0","201041","3","6","2","11","15","2","0","0","1","1","0","0"
"POINT (13.565346228000067 52.439024358000040)","Unfall 201042 (2019) Kat:3, Licht: 0","201042","3","6","0","11","15","2","0","0","1","0","1","0"
"POINT (13.428596706000064 52.583079662000046)","Unfall 201043 (2019) Kat:2, Licht: 2","201043","2","2","5","11","07","2","0","2","1","1","0","0"
"POINT (13.370841864000056 52.517868394000061)","Unfall 201044 (2019) Kat:2, Licht: 1","201044","2","2","6","11","06","2","0","1","0","1","1","0"
"POINT (13.433162288000062 52.444902341000045)","Unfall 201045 (2019) Kat:3, Licht: 1","201045","3","3","5","11","06","2","1","1","1","0","0","0"
"POINT (13.340099218000034 52.526325298000074)","Unfall 201046 (2019) Kat:2, Licht: 0","201046","2","6","3","11","12","2","0","0","1","1","0","0"
"POINT (13.350564063000036 52.409101066000062)","Unfall 201047 (2019) Kat:3, Licht: 0","201047","3","3","0","11","12","2","0","0","1","0","0","0"
"POINT (13.406425739000042 52.518079215000057)","Unfall 201048 (2019) Kat:3, Licht: 0","201048","3","6","2","11","11","2","0","0","0","1","0","0"
"POINT (13.290360664000048 52.633458359000031)","Unfall 201049 (2019) Kat:3, Licht: 0","201049","3","2","5","11","11","2","0","0","0","1","0","0"
"POINT (13.235062210000024 52.608499552000069)","Unfall 201050 (2019) Kat:3, Licht: 0","201050","3","7","5","11","10","2","0","0","1","1","0","0"
"POINT (13.421997157000021 52.535655915000063)","Unfall 201051 (2019) Kat:3, Licht: 0","201051","3","2","5","11","10","2","0","0","1","0","0","0"
"POINT (13.303929540000070 52.458660904000055)","Unfall 201052 (2019) Kat:2, Licht: 0","201052","2","2","5","11","09","2","0","0","1","0","0","0"
"POINT (13.350731005000057 52.511707916000034)","Unfall 201053 (2019) Kat:3, Licht: 2","201053","3","6","2","11","19","2","0","2","0","1","0","1"
"POINT (13.477604250000070 52.530845062000026)","Unfall 201054 (2019) Kat:3, Licht: 0","201054","3","2","5","11","09","2","0","0","0","1","0","0"
"POINT (13.345155151000029 52.489118918000031)","Unfall 201055 (2019) Kat:3, Licht: 2","201055","3","3","2","11","18","2","0","2","0","1","0","0"
"POINT (13.440628438000033 52.517076463000080)","Unfall 201056 (2019) Kat:3, Licht: 2","201056","3","3","3","11","18","2","0","2","0","1","0","0"
"POINT (13.467382044000033 52.597087338000051)","Unfall 201057 (2019) Kat:3, Licht: 2","201057","3","3","5","11","17","2","0","2","1","1","0","0"
"POINT (13.453563449000058 52.551593438000054)","Unfall 201058 (2019) Kat:3, Licht: 2","201058","3","6","3","11","17","2","0","2","0","1","0","0"
"POINT (13.426527738000061 52.555380873000047)","Unfall 201059 (2019) Kat:3, Licht: 0","201059","3","3","5","11","15","2","0","0","0","1","0","0"
"POINT (13.330982926000047 52.453223336000065)","Unfall 201060 (2019) Kat:3, Licht: 1","201060","3","6","0","11","15","2","0","1","0","1","0","0"
"POINT (13.488344052000059 52.451295517000062)","Unfall 201061 (2019) Kat:3, Licht: 0","201061","3","3","5","11","15","2","0","0","0","1","0","0"
"POINT (13.344341703000055 52.538325118000046)","Unfall 201062 (2019) Kat:3, Licht: 0","201062","3","2","5","11","15","2","0","0","1","1","0","0"
"POINT (13.564985121000063 52.522271487000069)","Unfall 201063 (2019) Kat:3, Licht: 0","201063","3","3","5","11","15","2","0","0","1","1","0","0"
"POINT (13.427941209000039 52.545507272000066)","Unfall 201064 (2019) Kat:3, Licht: 0","201064","3","2","5","11","15","2","0","0","1","1","0","0"
"POINT (13.613597601000038 52.509181037000076)","Unfall 201065 (2019) Kat:3, Licht: 0","201065","3","2","2","11","13","2","0","0","0","1","0","1"
"POINT (13.569040275000077 52.444584166000027)","Unfall 201066 (2019) Kat:3, Licht: 0","201066","3","6","2","11","13","2","0","0","0","1","0","0"
"POINT (13.272603173000050 52.532528846000048)","Unfall 201067 (2019) Kat:3, Licht: 0","201067","3","3","5","11","12","2","0","0","0","1","0","0"
"POINT (13.346889961000045 52.449988986000051)","Unfall 201068 (2019) Kat:3, Licht: 2","201068","3","3","5","11","21","1","1","2","0","1","0","0"
"POINT (13.383243277000076 52.551567314000067)","Unfall 201069 (2019) Kat:3, Licht: 2","201069","3","6","2","11","20","1","0","2","0","1","0","0"
"POINT (13.344971746000056 52.486080965000042)","Unfall 201070 (2019) Kat:2, Licht: 2","201070","2","7","0","11","19","1","0","2","0","0","1","0"
"POINT (13.317798137000068 52.414401574000067)","Unfall 201071 (2019) Kat:3, Licht: 2","201071","3","2","5","11","17","1","0","2","0","1","0","1"
"POINT (13.434706486000039 52.440178027000059)","Unfall 201072 (2019) Kat:3, Licht: 2","201072","3","2","6","11","17","1","1","2","0","1","1","0"
"POINT (13.162901601000044 52.551562035000075)","Unfall 201073 (2019) Kat:3, Licht: 0","201073","3","2","5","11","14","1","0","0","1","1","0","0"
"POINT (13.328087682000046 52.593431366000061)","Unfall 201074 (2019) Kat:3, Licht: 0","201074","3","6","3","11","13","1","0","0","1","0","0","0"
"POINT (13.360042259000068 52.509849050000071)","Unfall 201075 (2019) Kat:3, Licht: 0","201075","3","6","2","11","14","1","0","0","0","1","0","1"
"POINT (13.381085808000023 52.574266516000080)","Unfall 201076 (2019) Kat:3, Licht: 0","201076","3","6","2","11","13","1","0","0","0","1","0","0"
"POINT (13.198630699000034 52.555260497000063)","Unfall 201077 (2019) Kat:2, Licht: 0","201077","2","2","0","11","13","1","0","0","0","1","0","0"
"POINT (13.439226220000023 52.512338527000054)","Unfall 201078 (2019) Kat:2, Licht: 0","201078","2","4","6","11","11","1","0","0","0","1","1","0"
"POINT (13.459497653000028 52.547974828000065)","Unfall 201079 (2019) Kat:3, Licht: 0","201079","3","3","5","11","11","1","0","0","0","1","0","0"
"POINT (13.495549909000033 52.565340790000050)","Unfall 201080 (2019) Kat:2, Licht: 0","201080","2","1","0","11","10","1","1","0","0","0","0","1"
"POINT (13.337928515000044 52.526469749000057)","Unfall 201081 (2019) Kat:3, Licht: 0","201081","3","6","2","11","07","1","0","0","0","1","0","0"
"POINT (13.352801537000062 52.417491178000034)","Unfall 201082 (2019) Kat:3, Licht: 2","201082","3","7","6","11","05","1","1","2","0","1","1","1"
"POINT (13.409072509000055 52.541296457000044)","Unfall 201083 (2019) Kat:3, Licht: 2","201083","3","5","0","11","00","1","1","2","0","0","0","1"
"POINT (13.496293781000077 52.520426052000062)","Unfall 201084 (2019) Kat:2, Licht: 2","201084","2","3","5","11","18","7","1","2","0","1","0","1"
"POINT (13.320185190000075 52.483883835000029)","Unfall 201085 (2019) Kat:3, Licht: 0","201085","3","3","5","11","15","7","0","0","0","1","1","0"
"POINT (13.362538285000028 52.501134241000045)","Unfall 201086 (2019) Kat:3, Licht: 2","201086","3","5","1","11","17","7","1","2","1","1","0","0"
"POINT (13.227617882000061 52.537874605000070)","Unfall 201087 (2019) Kat:3, Licht: 2","201087","3","7","2","11","17","7","1","2","0","1","0","0"
"POINT (13.390912984000067 52.563222649000068)","Unfall 201088 (2019) Kat:3, Licht: 2","201088","3","2","2","11","17","7","1","2","0","1","0","0"
"POINT (13.445229237000035 52.479091624000034)","Unfall 201089 (2019) Kat:3, Licht: 2","201089","3","2","5","11","16","7","1","2","1","1","0","0"
"POINT (13.296715892000066 52.548065856000051)","Unfall 201090 (2019) Kat:2, Licht: 0","201090","2","2","5","11","15","7","1","0","0","1","0","0"
"POINT (13.508378944000071 52.548433906000071)","Unfall 201091 (2019) Kat:3, Licht: 2","201091","3","1","9","11","20","7","1","2","0","1","0","0"
"POINT (13.514354060000073 52.468760224000050)","Unfall 201092 (2019) Kat:3, Licht: 0","201092","3","2","5","11","14","7","1","0","0","1","0","0"
"POINT (13.447342248000041 52.464274796000041)","Unfall 201093 (2019) Kat:3, Licht: 0","201093","3","2","5","11","14","7","1","0","0","1","0","0"
"POINT (13.398057458000039 52.534880498000064)","Unfall 201094 (2019) Kat:3, Licht: 0","201094","3","2","6","11","14","7","1","0","0","1","1","0"
"POINT (13.306422423000072 52.434168524000029)","Unfall 201095 (2019) Kat:3, Licht: 0","201095","3","3","5","11","14","7","1","0","0","1","0","0"
"POINT (13.193955376000076 52.550872675000051)","Unfall 201096 (2019) Kat:2, Licht: 2","201096","2","1","0","11","19","7","1","2","0","0","0","1"
"POINT (13.341509883000072 52.505640687000039)","Unfall 201097 (2019) Kat:3, Licht: 0","201097","3","1","0","11","14","7","1","0","0","0","0","1"
"POINT (13.425151677000031 52.480059846000074)","Unfall 201098 (2019) Kat:3, Licht: 0","201098","3","2","6","11","14","7","1","0","0","1","1","0"
"POINT (13.379936982000061 52.556067473000041)","Unfall 201099 (2019) Kat:3, Licht: 0","201099","3","6","2","11","14","7","1","0","0","1","0","0"
"POINT (13.400542901000051 52.521731731000045)","Unfall 201100 (2019) Kat:2, Licht: 2","201100","2","5","1","11","18","7","0","2","0","1","0","0"
"POINT (13.320375723000041 52.565886347000060)","Unfall 201101 (2019) Kat:3, Licht: 2","201101","3","7","5","11","18","7","1","2","0","1","0","0"
"POINT (13.398574487000076 52.523435377000055)","Unfall 201102 (2019) Kat:3, Licht: 0","201102","3","3","5","11","13","7","1","0","1","1","0","0"
"POINT (13.343398141000023 52.472664328000064)","Unfall 201103 (2019) Kat:3, Licht: 2","201103","3","6","0","11","18","7","1","2","0","0","0","1"
"POINT (13.361710539000057 52.447159875000068)","Unfall 201104 (2019) Kat:3, Licht: 0","201104","3","7","4","11","13","7","1","0","0","1","0","0"