WKT,Name,OBJECTID,UKATEGORIE,UTYP1,UART,UMONAT,USTUNDE,UWOCHENTAG,STRZUSTAND,ULICHTVERH,ISTRAD,ISTPKW,ISTFUSS,ISTKRAD
"POINT (13.434802156000046 52.484421780000048)","Unfall 201105 (2019) Kat:3, Licht: 0","201105","3","6","3","11","12","7","1","0","0","1","0","1"
"POINT (13.538832525000032 52.457610271000078)","Unfall 201106 (2019) Kat:3, Licht: 0","201106","3","2","5","11","12","7","1","0","0","1","0","0"
"POINT (13.452308435000077 52.452386089000072)","Unfall 201107 (2019) Kat:3, Licht: 0","201107","3","6","2","11","11","7","1","0","0","1","0","0"
"POINT (13.432042565000074 52.466249139000070)","Unfall 201108 (2019) Kat:3, Licht: 0","201108","3","6","2","11","11","7","1","0","0","1","0","0"
"POINT (13.231577146000063 52.545278357000029)","Unfall 201109 (2019) Kat:3, Licht: 2","201109","3","1","1","11","00","7","1","2","0","1","0","0"
"POINT (13.450058745000035 52.507497219000072)","Unfall 201110 (2019) Kat:3, Licht: 2","201110","3","1","0","11","00","7","1","2","1","0","0","0"
"POINT (13.309608709000031 52.431275270000071)","Unfall 201111 (2019) Kat:3, Licht: 2","201111","3","2","5","11","23","7","1","2","0","1","0","0"
"POINT (13.418508811000038 52.510469312000055)","Unfall 201112 (2019) Kat:3, Licht: 2","201112","3","5","1","11","23","7","0","2","1","1","0","0"
"POINT (13.466609887000061 52.501303185000040)","Unfall 201113 (2019) Kat:3, Licht: 2","201113","3","2","5","11","22","7","1","2","1","1","0","0"
"POINT (13.285326829000041 52.575621641000055)","Unfall 201114 (2019) Kat:3, Licht: 2","201114","3","6","2","11","22","7","0","2","0","1","0","0"
"POINT (13.393640040000037 52.541182969000033)","Unfall 201115 (2019) Kat:2, Licht: 2","201115","2","2","6","11","21","7","0","2","0","1","1","0"
"POINT (13.197623002000057 52.523394177000057)","Unfall 201116 (2019) Kat:2, Licht: 2","201116","2","6","2","11","21","7","1","2","0","1","0","0"
"POINT (13.412039642000025 52.488406498000074)","Unfall 201117 (2019) Kat:3, Licht: 2","201117","3","6","2","11","21","7","1","2","0","1","0","0"
"POINT (13.365478453000037 52.525250643000049)","Unfall 201118 (2019) Kat:3, Licht: 2","201118","3","1","0","11","18","7","1","2","1","0","0","0"
"POINT (13.370395226000028 52.544645121000030)","Unfall 201119 (2019) Kat:3, Licht: 0","201119","3","2","5","11","11","6","0","0","1","1","0","0"
"POINT (13.606165442000076 52.534503772000051)","Unfall 201120 (2019) Kat:3, Licht: 2","201120","3","5","1","11","23","6","1","2","0","1","0","0"
"POINT (13.319650589000048 52.502998260000027)","Unfall 201121 (2019) Kat:3, Licht: 2","201121","3","3","5","11","23","6","1","2","0","1","0","0"
"POINT (13.415989197000044 52.498696325000026)","Unfall 201122 (2019) Kat:3, Licht: 2","201122","3","6","2","11","22","6","1","2","0","1","0","0"
"POINT (13.610187145000054 52.494397894000031)","Unfall 201123 (2019) Kat:2, Licht: 2","201123","2","6","4","11","22","6","1","2","0","1","0","0"
"POINT (13.122364767000022 52.528670852000062)","Unfall 201124 (2019) Kat:3, Licht: 2","201124","3","2","5","11","21","6","1","2","0","1","0","0"
"POINT (13.478664009000056 52.477546372000063)","Unfall 201125 (2019) Kat:3, Licht: 2","201125","3","2","5","11","20","6","1","2","0","1","0","0"
"POINT (13.423175531000027 52.486582573000078)","Unfall 201126 (2019) Kat:3, Licht: 2","201126","3","2","6","11","20","6","1","2","0","1","1","0"
"POINT (13.372689206000075 52.540177485000072)","Unfall 201127 (2019) Kat:2, Licht: 2","201127","2","4","6","11","19","6","1","2","0","1","1","0"
"POINT (13.184746688000075 52.534189845000071)","Unfall 201128 (2019) Kat:3, Licht: 2","201128","3","2","5","11","19","6","1","2","0","1","0","1"
"POINT (13.360586501000057 52.446771440000077)","Unfall 201129 (2019) Kat:3, Licht: 2","201129","3","3","5","11","18","6","1","2","0","1","0","0"
"POINT (13.326681040000040 52.592072407000046)","Unfall 201130 (2019) Kat:3, Licht: 2","201130","3","3","5","11","18","6","0","2","0","1","0","1"
"POINT (13.326744997000048 52.564342955000029)","Unfall 201131 (2019) Kat:2, Licht: 1","201131","2","7","6","11","18","6","0","1","0","1","1","0"
"POINT (13.410264775000030 52.562060781000071)","Unfall 201132 (2019) Kat:3, Licht: 0","201132","3","2","5","11","10","6","0","0","0","1","0","1"
"POINT (13.403342926000050 52.493842411000060)","Unfall 201133 (2019) Kat:3, Licht: 0","201133","3","6","3","11","09","6","0","0","0","1","0","0"
"POINT (13.473625762000040 52.535787028000072)","Unfall 201134 (2019) Kat:2, Licht: 0","201134","2","4","6","11","14","6","0","0","0","0","1","0"
"POINT (13.167693847000066 52.520951636000063)","Unfall 201135 (2019) Kat:3, Licht: 0","201135","3","5","5","11","09","6","0","0","0","1","0","0"
"POINT (13.374439500000051 52.585379579000062)","Unfall 201136 (2019) Kat:3, Licht: 0","201136","3","3","5","11","14","6","0","0","0","1","0","0"
"POINT (13.427145004000067 52.475186987000029)","Unfall 201137 (2019) Kat:3, Licht: 0","201137","3","2","5","11","13","6","0","0","1","1","0","0"
"POINT (13.302712954000071 52.568840967000028)","Unfall 201138 (2019) Kat:3, Licht: 0","201138","3","5","1","11","08","6","0","0","0","1","0","0"
"POINT (13.434670627000060 52.474526522000076)","Unfall 201139 (2019) Kat:3, Licht: 0","201139","3","7","1","11","11","6","0","0","0","1","0","0"
"POINT (13.306506032000073 52.527500552000049)","Unfall 201140 (2019) Kat:3, Licht: 0","201140","3","3","5","11","11","6","0","0","0","1","0","1"
"POINT (13.421580799000026 52.487108915000078)","Unfall 201141 (2019) Kat:3, Licht: 0","201141","3","6","2","11","11","6","0","0","0","1","0","0"
"POINT (13.429335150000043 52.521253250000029)","Unfall 201142 (2019) Kat:3, Licht: 0","201142","3","3","5","11","08","6","0","0","1","0","0","1"
"POINT (13.410322186000030 52.399188359000050)","Unfall 201143 (2019) Kat:3, Licht: 0","201143","3","3","5","11","07","6","0","0","1","1","0","0"
"POINT (13.351312271000040 52.414154243000041)","Unfall 201144 (2019) Kat:3, Licht: 1","201144","3","2","0","11","06","6","0","1","1","1","0","0"
"POINT (13.199767689000055 52.534775967000030)","Unfall 201145 (2019) Kat:3, Licht: 2","201145","3","1","9","11","06","6","0","2","0","1","0","0"
"POINT (13.479715369000075 52.523772373000043)","Unfall 201146 (2019) Kat:2, Licht: 2","201146","2","4","6","11","17","6","0","2","0","1","1","0"
"POINT (13.300347785000042 52.508205282000063)","Unfall 201147 (2019) Kat:3, Licht: 2","201147","3","5","1","11","17","6","1","2","1","1","0","0"
"POINT (13.279987226000060 52.505999268000039)","Unfall 201148 (2019) Kat:3, Licht: 2","201148","3","2","3","11","17","6","1","2","0","1","0","0"
"POINT (13.434030585000073 52.481840720000037)","Unfall 201149 (2019) Kat:3, Licht: 2","201149","3","4","6","11","17","6","0","2","0","0","1","0"
"POINT (13.285896701000070 52.595121266000035)","Unfall 201150 (2019) Kat:3, Licht: 1","201150","3","2","5","11","16","6","1","1","1","1","0","0"
"POINT (13.432637029000034 52.465169912000079)","Unfall 201151 (2019) Kat:3, Licht: 2","201151","3","5","1","11","16","6","0","2","1","1","0","0"
"POINT (13.488676829000042 52.419460678000064)","Unfall 201152 (2019) Kat:3, Licht: 0","201152","3","4","6","11","13","6","0","0","0","1","1","0"
"POINT (13.376983158000030 52.557219707000058)","Unfall 201153 (2019) Kat:3, Licht: 1","201153","3","4","6","11","16","6","1","1","0","1","1","0"
"POINT (13.182416485000033 52.538504883000030)","Unfall 201154 (2019) Kat:3, Licht: 1","201154","3","7","2","11","15","6","1","1","1","1","0","0"
"POINT (13.170026285000063 52.518544967000082)","Unfall 201155 (2019) Kat:3, Licht: 1","201155","3","2","6","11","16","6","1","1","0","1","1","0"
"POINT (13.433751916000062 52.500276026000051)","Unfall 201156 (2019) Kat:3, Licht: 0","201156","3","5","3","11","09","6","0","0","1","1","0","0"
"POINT (13.397721124000043 52.585635186000047)","Unfall 201157 (2019) Kat:3, Licht: 0","201157","3","5","1","11","15","6","0","0","1","1","0","0"
"POINT (13.294251317000032 52.497720005000076)","Unfall 201158 (2019) Kat:3, Licht: 1","201158","3","2","5","11","15","6","0","1","0","1","0","0"
"POINT (13.408319481000035 52.541343686000062)","Unfall 201159 (2019) Kat:3, Licht: 0","201159","3","3","5","11","15","6","0","0","1","1","0","0"
"POINT (13.688164437000069 52.441151720000050)","Unfall 201160 (2019) Kat:3, Licht: 0","201160","3","3","5","11","15","6","0","0","1","1","0","0"
"POINT (13.338274750000039 52.523733601000060)","Unfall 201161 (2019) Kat:3, Licht: 0","201161","3","6","2","11","15","6","2","0","1","1","0","0"
"POINT (13.321383537000031 52.499802255000077)","Unfall 201162 (2019) Kat:3, Licht: 0","201162","3","2","5","11","15","6","0","0","1","0","0","1"
"POINT (13.437328642000068 52.511008198000070)","Unfall 201163 (2019) Kat:3, Licht: 1","201163","3","4","6","11","16","5","1","1","0","1","1","0"
"POINT (13.374636910000049 52.508565890000057)","Unfall 201164 (2019) Kat:3, Licht: 1","201164","3","5","0","11","08","5","0","1","1","1","0","0"
"POINT (13.418299489000049 52.498731419000080)","Unfall 201165 (2019) Kat:3, Licht: 2","201165","3","2","2","11","20","5","0","2","0","1","0","0"
"POINT (13.583132022000029 52.549333568000065)","Unfall 201166 (2019) Kat:3, Licht: 2","201166","3","1","9","11","20","5","0","2","0","1","0","0"
"POINT (13.347440227000050 52.596224584000026)","Unfall 201167 (2019) Kat:3, Licht: 2","201167","3","2","6","11","19","5","0","2","0","1","1","0"
"POINT (13.429429053000035 52.478037695000069)","Unfall 201168 (2019) Kat:3, Licht: 2","201168","3","6","0","11","17","5","0","2","0","1","0","0"
"POINT (13.528422938000062 52.556794603000071)","Unfall 201169 (2019) Kat:3, Licht: 2","201169","3","6","2","11","17","5","0","2","0","1","0","0"
"POINT (13.378610326000057 52.550427506000062)","Unfall 201170 (2019) Kat:3, Licht: 2","201170","3","2","6","11","17","5","0","2","0","1","1","0"
"POINT (13.318930349000027 52.462512561000040)","Unfall 201171 (2019) Kat:3, Licht: 1","201171","3","2","3","11","17","5","0","1","1","1","0","0"
"POINT (13.525117343000034 52.480235153000081)","Unfall 201172 (2019) Kat:3, Licht: 2","201172","3","2","0","11","16","5","0","2","0","1","0","0"
"POINT (13.418707571000027 52.500466142000050)","Unfall 201173 (2019) Kat:3, Licht: 2","201173","3","5","3","11","18","5","0","2","1","1","0","0"
"POINT (13.395664135000061 52.515162089000057)","Unfall 201174 (2019) Kat:3, Licht: 0","201174","3","2","2","11","15","5","0","0","1","1","0","0"
"POINT (13.365739607000023 52.542417861000047)","Unfall 201175 (2019) Kat:3, Licht: 0","201175","3","2","2","11","15","5","0","0","0","1","0","0"
"POINT (13.508988843000054 52.463583347000053)","Unfall 201176 (2019) Kat:3, Licht: 0","201176","3","6","2","11","14","5","0","0","0","1","0","0"
"POINT (13.346279918000050 52.501080346000037)","Unfall 201177 (2019) Kat:3, Licht: 2","201177","3","2","5","11","17","5","0","2","0","1","0","1"
"POINT (13.589895680000041 52.410828331000062)","Unfall 201178 (2019) Kat:3, Licht: 2","201178","3","2","5","11","17","5","0","2","0","1","0","0"
"POINT (13.398365238000054 52.592459809000047)","Unfall 201179 (2019) Kat:2, Licht: 0","201179","2","3","5","11","13","5","2","0","0","1","0","0"
"POINT (13.230036625000025 52.435007148000068)","Unfall 201180 (2019) Kat:2, Licht: 2","201180","2","5","1","11","17","5","1","2","1","1","0","0"
"POINT (13.290989098000068 52.595859378000057)","Unfall 201181 (2019) Kat:3, Licht: 0","201181","3","6","2","11","12","5","0","0","0","1","0","0"
"POINT (13.430235179000022 52.523121078000031)","Unfall 201182 (2019) Kat:3, Licht: 0","201182","3","6","4","11","12","5","0","0","1","0","0","0"
"POINT (13.311413980000054 52.525757335000037)","Unfall 201183 (2019) Kat:3, Licht: 0","201183","3","7","6","11","08","5","0","0","0","0","1","0"
"POINT (13.498577966000028 52.526390938000077)","Unfall 201184 (2019) Kat:3, Licht: 0","201184","3","2","0","11","08","5","0","0","1","1","0","0"
"POINT (13.373495311000056 52.520203826000056)","Unfall 201185 (2019) Kat:3, Licht: 0","201185","3","5","1","11","08","5","1","0","1","1","0","0"
"POINT (13.315428800000063 52.470804508000072)","Unfall 201186 (2019) Kat:3, Licht: 0","201186","3","3","5","11","07","5","0","0","1","1","0","0"
"POINT (13.380014001000063 52.575138431000028)","Unfall 201187 (2019) Kat:3, Licht: 0","201187","3","1","2","11","07","5","1","0","0","1","0","0"
"POINT (13.375721605000024 52.455749207000054)","Unfall 201188 (2019) Kat:3, Licht: 0","201188","3","2","5","11","07","5","0","0","1","1","0","0"
"POINT (13.149124195000070 52.554203332000043)","Unfall 201189 (2019) Kat:3, Licht: 2","201189","3","4","6","11","05","5","1","2","0","0","1","0"
"POINT (13.231416010000032 52.422423645000038)","Unfall 201190 (2019) Kat:3, Licht: 0","201190","3","4","6","11","14","4","0","0","0","1","1","0"
"POINT (13.392246546000024 52.507882664000078)","Unfall 201191 (2019) Kat:3, Licht: 0","201191","3","3","5","11","08","4","1","0","1","1","0","0"
"POINT (13.368334315000027 52.445535182000071)","Unfall 201192 (2019) Kat:2, Licht: 0","201192","2","5","0","11","08","4","1","0","0","1","0","0"
"POINT (13.337527793000049 52.516047992000040)","Unfall 201193 (2019) Kat:3, Licht: 0","201193","3","2","5","11","09","4","1","0","1","1","0","0"
"POINT (13.467482546000042 52.547892340000033)","Unfall 201194 (2019) Kat:3, Licht: 0","201194","3","4","6","11","08","4","1","0","0","1","1","0"
"POINT (13.425953642000025 52.478059628000040)","Unfall 201195 (2019) Kat:3, Licht: 0","201195","3","6","3","11","08","4","1","0","0","1","0","0"
"POINT (13.603547275000039 52.546758212000043)","Unfall 201196 (2019) Kat:3, Licht: 0","201196","3","2","5","11","08","4","1","0","0","1","0","0"
"POINT (13.565652881000062 52.528966835000062)","Unfall 201197 (2019) Kat:3, Licht: 1","201197","3","2","6","11","07","4","1","1","0","1","1","0"
"POINT (13.455124211000054 52.559242851000079)","Unfall 201198 (2019) Kat:3, Licht: 0","201198","3","3","0","11","06","4","1","0","0","1","0","1"
"POINT (13.510669819000043 52.550523714000065)","Unfall 201199 (2019) Kat:3, Licht: 2","201199","3","2","5","11","06","4","1","2","1","1","0","0"
"POINT (13.312796396000067 52.480473277000044)","Unfall 201200 (2019) Kat:3, Licht: 2","201200","3","2","5","11","01","4","1","2","0","1","0","0"
"POINT (13.314321518000042 52.424042712000073)","Unfall 201201 (2019) Kat:3, Licht: 2","201201","3","1","8","11","23","4","0","2","0","1","0","0"
"POINT (13.403726191000032 52.439578856000026)","Unfall 201202 (2019) Kat:3, Licht: 2","201202","3","2","0","11","18","4","1","2","0","1","0","1"
"POINT (13.301037878000045 52.506749540000044)","Unfall 201203 (2019) Kat:3, Licht: 2","201203","3","5","0","11","20","4","1","2","0","1","0","1"
"POINT (13.389913629000034 52.535298256000033)","Unfall 201204 (2019) Kat:3, Licht: 2","201204","3","5","0","11","06","4","1","2","0","1","0","0"
"POINT (13.559383414000024 52.446508602000051)","Unfall 201205 (2019) Kat:3, Licht: 2","201205","3","2","5","11","17","4","1","2","1","1","0","0"
"POINT (13.420641441000043 52.497118145000059)","Unfall 201206 (2019) Kat:3, Licht: 1","201206","3","5","0","11","16","4","1","1","1","1","0","0"
"POINT (13.363137039000037 52.529231178000032)","Unfall 201207 (2019) Kat:3, Licht: 2","201207","3","7","6","11","18","4","1","2","0","0","1","0"
"POINT (13.469904669000073 52.563983771000039)","Unfall 201208 (2019) Kat:2, Licht: 2","201208","2","2","6","11","16","4","1","2","0","1","1","0"
"POINT (13.426422420000051 52.555407399000046)","Unfall 201209 (2019) Kat:2, Licht: 2","201209","2","3","5","11","16","4","1","2","0","1","0","0"
"POINT (13.391083947000027 52.536242280000067)","Unfall 201210 (2019) Kat:2, Licht: 1","201210","2","3","5","11","15","4","1","1","1","1","0","0"
"POINT (13.515802710000060 52.493741444000079)","Unfall 201211 (2019) Kat:3, Licht: 0","201211","3","3","5","11","15","4","1","0","1","1","0","0"
"POINT (13.416449551000028 52.510973577000073)","Unfall 201212 (2019) Kat:3, Licht: 2","201212","3","2","5","11","19","4","1","2","0","1","0","0"
"POINT (13.354831432000026 52.552137434000031)","Unfall 201213 (2019) Kat:3, Licht: 0","201213","3","6","2","11","15","4","1","0","0","1","0","0"
"POINT (13.329288607000024 52.563414177000027)","Unfall 201214 (2019) Kat:3, Licht: 0","201214","3","3","5","11","15","4","1","0","0","1","0","0"
"POINT (13.471912950000046 52.504516492000050)","Unfall 201215 (2019) Kat:3, Licht: 0","201215","3","3","5","11","14","4","1","0","1","1","0","0"
"POINT (13.451523803000043 52.508462777000034)","Unfall 201216 (2019) Kat:2, Licht: 0","201216","2","4","6","11","14","4","1","0","0","1","1","0"
"POINT (13.546094175000064 52.437182041000028)","Unfall 201217 (2019) Kat:3, Licht: 0","201217","3","6","3","11","13","4","1","0","1","0","0","0"
"POINT (13.373378826000021 52.480859732000056)","Unfall 201218 (2019) Kat:3, Licht: 0","201218","3","5","1","11","13","4","1","0","1","1","0","0"
"POINT (13.384926871000062 52.591164511000045)","Unfall 201219 (2019) Kat:3, Licht: 0","201219","3","3","5","11","13","4","1","0","0","1","0","0"
"POINT (13.527446520000069 52.491667007000046)","Unfall 201220 (2019) Kat:3, Licht: 0","201220","3","3","5","11","11","4","1","0","0","1","0","1"
"POINT (13.449565191000033 52.479092668000078)","Unfall 201221 (2019) Kat:3, Licht: 0","201221","3","3","5","11","11","4","1","0","1","1","0","0"
"POINT (13.299500915000067 52.447698357000036)","Unfall 201222 (2019) Kat:3, Licht: 0","201222","3","6","2","11","10","4","1","0","0","1","0","1"
"POINT (13.574887880000063 52.487203067000053)","Unfall 201223 (2019) Kat:2, Licht: 0","201223","2","3","5","11","09","4","1","0","0","1","0","0"
"POINT (13.418223538000063 52.517373315000043)","Unfall 201224 (2019) Kat:3, Licht: 0","201224","3","2","5","11","08","4","1","0","1","1","0","0"
"POINT (13.387834723000026 52.522763292000036)","Unfall 201225 (2019) Kat:3, Licht: 2","201225","3","1","0","11","16","4","1","2","0","0","0","1"
"POINT (13.346194754000066 52.460522015000038)","Unfall 201226 (2019) Kat:3, Licht: 0","201226","3","7","6","11","09","3","0","0","0","1","1","0"
"POINT (13.456954394000036 52.513057750000030)","Unfall 201227 (2019) Kat:3, Licht: 2","201227","3","7","0","11","17","3","1","2","0","0","0","1"
"POINT (13.336668595000049 52.526689708000049)","Unfall 201228 (2019) Kat:3, Licht: 2","201228","3","5","1","11","21","3","0","2","1","1","0","0"
"POINT (13.344786767000073 52.462202645000048)","Unfall 201229 (2019) Kat:3, Licht: 2","201229","3","6","1","11","20","3","0","2","0","1","0","0"
"POINT (13.356361871000047 52.509825774000035)","Unfall 201230 (2019) Kat:3, Licht: 2","201230","3","2","5","11","18","3","1","2","0","1","0","1"
"POINT (13.421995991000074 52.500548494000043)","Unfall 201231 (2019) Kat:2, Licht: 2","201231","2","4","6","11","19","3","1","2","0","1","1","0"
"POINT (13.477041567000072 52.533177109000064)","Unfall 201232 (2019) Kat:3, Licht: 2","201232","3","6","2","11","19","3","1","2","0","1","0","0"
"POINT (13.385692047000077 52.468587518000049)","Unfall 201233 (2019) Kat:3, Licht: 2","201233","3","2","5","11","22","3","0","2","0","1","0","1"
"POINT (13.372637119000046 52.561715619000040)","Unfall 201234 (2019) Kat:3, Licht: 2","201234","3","2","6","11","21","3","1","2","0","1","1","0"
"POINT (13.450044522000042 52.476699617000065)","Unfall 201235 (2019) Kat:3, Licht: 2","201235","3","2","6","11","00","3","0","2","0","1","1","0"
"POINT (13.393178394000074 52.509650879000048)","Unfall 201236 (2019) Kat:3, Licht: 0","201236","3","7","6","11","11","3","1","0","0","1","1","0"
"POINT (13.341810924000072 52.441773795000074)","Unfall 201237 (2019) Kat:3, Licht: 0","201237","3","2","2","11","10","3","0","0","0","1","0","0"
"POINT (13.497433247000060 52.640816676000043)","Unfall 201238 (2019) Kat:3, Licht: 0","201238","3","3","0","11","10","3","1","0","0","1","0","1"
"POINT (13.440505294000047 52.481976508000059)","Unfall 201239 (2019) Kat:3, Licht: 0","201239","3","5","1","11","10","3","0","0","1","1","0","0"
"POINT (13.371401941000045 52.519569762000060)","Unfall 201240 (2019) Kat:3, Licht: 0","201240","3","4","6","11","09","3","1","0","1","0","1","0"
"POINT (13.479011695000054 52.607594518000042)","Unfall 201241 (2019) Kat:2, Licht: 0","201241","2","2","0","11","09","3","0","0","0","1","0","0"
"POINT (13.438667939000027 52.551266684000041)","Unfall 201242 (2019) Kat:3, Licht: 0","201242","3","1","0","11","09","3","0","0","0","0","0","1"
"POINT (13.462134619000039 52.422422355000037)","Unfall 201243 (2019) Kat:3, Licht: 0","201243","3","3","5","11","08","3","1","0","0","1","0","0"
"POINT (13.435675054000058 52.550948591000065)","Unfall 201244 (2019) Kat:2, Licht: 0","201244","2","3","0","11","08","3","1","0","1","1","0","0"
"POINT (13.341736497000056 52.447287779000078)","Unfall 201245 (2019) Kat:2, Licht: 0","201245","2","4","6","11","08","3","1","0","0","1","1","0"
"POINT (13.355615601000068 52.490133550000053)","Unfall 201246 (2019) Kat:3, Licht: 0","201246","3","4","6","11","07","3","0","0","0","1","1","0"
"POINT (13.369398284000056 52.546180566000032)","Unfall 201247 (2019) Kat:3, Licht: 0","201247","3","4","0","11","08","3","1","0","0","0","1","1"
"POINT (13.374949259000061 52.487424486000066)","Unfall 201248 (2019) Kat:3, Licht: 0","201248","3","5","1","11","07","3","0","0","0","1","0","0"
"POINT (13.508795712000051 52.564746846000048)","Unfall 201249 (2019) Kat:3, Licht: 0","201249","3","2","5","11","07","3","0","0","1","0","0","0"
"POINT (13.466157367000051 52.528614334000054)","Unfall 201250 (2019) Kat:3, Licht: 0","201250","3","1","0","11","07","3","1","0","1","0","0","0"
"POINT (13.479732015000025 52.524175999000079)","Unfall 201251 (2019) Kat:3, Licht: 1","201251","3","2","5","11","06","3","0","1","1","0","0","0"
"POINT (13.420782634000034 52.572991800000068)","Unfall 201252 (2019) Kat:3, Licht: 2","201252","3","1","8","11","02","3","1","2","0","1","0","0"
"POINT (13.310616635000031 52.547741216000077)","Unfall 201253 (2019) Kat:3, Licht: 2","201253","3","1","0","11","18","3","0","2","1","0","0","0"
"POINT (13.414997924000033 52.572407983000062)","Unfall 201254 (2019) Kat:3, Licht: 1","201254","3","1","0","11","17","3","1","1","0","0","0","1"
"POINT (13.368192710000073 52.483679192000068)","Unfall 201255 (2019) Kat:3, Licht: 2","201255","3","1","0","11","17","3","1","2","0","0","0","1"
"POINT (13.291317530000072 52.575522950000050)","Unfall 201256 (2019) Kat:3, Licht: 2","201256","3","3","5","11","16","3","1","2","1","1","0","0"
"POINT (13.368374071000062 52.483988491000048)","Unfall 201257 (2019) Kat:3, Licht: 0","201257","3","6","3","11","16","3","1","0","0","1","0","1"
"POINT (13.485055970000076 52.515589995000028)","Unfall 201258 (2019) Kat:3, Licht: 2","201258","3","7","5","11","17","3","1","2","0","1","0","1"
"POINT (13.405036476000078 52.528778108000040)","Unfall 201259 (2019) Kat:3, Licht: 1","201259","3","4","0","11","15","3","1","1","1","0","1","0"
"POINT (13.439520254000058 52.523887325000032)","Unfall 201260 (2019) Kat:3, Licht: 1","201260","3","2","5","11","15","3","1","1","1","1","0","0"
"POINT (13.295740469000066 52.480237735000060)","Unfall 201261 (2019) Kat:3, Licht: 0","201261","3","2","5","11","15","3","1","0","1","1","0","0"
"POINT (13.378772172000026 52.450178164000079)","Unfall 201262 (2019) Kat:3, Licht: 0","201262","3","5","1","11","15","3","0","0","0","1","0","0"
"POINT (13.419336303000023 52.501337100000057)","Unfall 201263 (2019) Kat:3, Licht: 0","201263","3","3","5","11","14","3","1","0","1","1","0","0"
"POINT (13.385827181000025 52.485034734000067)","Unfall 201264 (2019) Kat:2, Licht: 0","201264","2","2","5","11","14","3","1","0","1","1","0","0"
"POINT (13.506521108000072 52.446825203000060)","Unfall 201265 (2019) Kat:3, Licht: 2","201265","3","6","2","11","16","3","0","2","0","1","0","0"
"POINT (13.389181242000063 52.514750182000057)","Unfall 201266 (2019) Kat:3, Licht: 0","201266","3","2","5","11","13","3","1","0","1","1","0","0"
"POINT (13.394182458000046 52.547405665000042)","Unfall 201267 (2019) Kat:3, Licht: 0","201267","3","3","5","11","12","3","0","0","0","1","0","1"
"POINT (13.276741898000068 52.450612282000066)","Unfall 201268 (2019) Kat:3, Licht: 0","201268","3","3","5","11","12","3","0","0","1","1","0","0"
"POINT (13.354859322000038 52.496285816000068)","Unfall 201269 (2019) Kat:3, Licht: 0","201269","3","1","0","11","12","3","1","0","0","0","0","1"
"POINT (13.408179214000029 52.568916826000077)","Unfall 201270 (2019) Kat:3, Licht: 0","201270","3","3","5","11","12","3","0","0","1","0","0","0"
"POINT (13.342206182000041 52.526264663000063)","Unfall 201271 (2019) Kat:3, Licht: 0","201271","3","6","3","11","11","3","1","0","1","1","0","0"
"POINT (13.298955001000024 52.484562153000070)","Unfall 201272 (2019) Kat:3, Licht: 2","201272","3","5","1","11","05","3","0","2","1","1","0","0"
"POINT (13.356961229000035 52.535730977000071)","Unfall 201273 (2019) Kat:3, Licht: 2","201273","3","1","0","11","22","2","1","2","0","0","0","1"
"POINT (13.413631460000033 52.511287109000079)","Unfall 201274 (2019) Kat:3, Licht: 2","201274","3","2","2","11","21","2","1","2","0","1","0","1"
"POINT (13.336484270000028 52.514898278000032)","Unfall 201275 (2019) Kat:3, Licht: 2","201275","3","6","2","11","20","2","1","2","0","1","0","0"
"POINT (13.347447656000043 52.548273416000029)","Unfall 201276 (2019) Kat:3, Licht: 1","201276","3","7","7","11","18","2","1","1","1","0","0","0"
"POINT (13.317424455000037 52.505469636000043)","Unfall 201277 (2019) Kat:3, Licht: 2","201277","3","4","6","11","19","2","1","2","0","1","1","0"
"POINT (13.347665636000045 52.539733957000067)","Unfall 201278 (2019) Kat:3, Licht: 2","201278","3","5","1","11","17","2","1","2","0","1","0","0"
"POINT (13.403470242000026 52.448242064000056)","Unfall 201279 (2019) Kat:3, Licht: 0","201279","3","6","2","11","13","2","1","0","0","1","0","0"
"POINT (13.345929467000076 52.498637365000036)","Unfall 201280 (2019) Kat:3, Licht: 0","201280","3","4","6","11","14","2","0","0","0","1","1","0"
"POINT (13.304363949000049 52.601094942000032)","Unfall 201281 (2019) Kat:3, Licht: 0","201281","3","7","5","11","14","2","1","0","0","1","0","0"
"POINT (13.351185296000040 52.567424759000062)","Unfall 201282 (2019) Kat:3, Licht: 1","201282","3","2","5","11","18","2","1","1","1","1","0","0"
"POINT (13.580659127000047 52.452037807000067)","Unfall 201283 (2019) Kat:3, Licht: 0","201283","3","7","5","11","14","2","0","0","0","1","0","0"
"POINT (13.457196403000069 52.558189457000026)","Unfall 201284 (2019) Kat:3, Licht: 0","201284","3","4","6","11","14","2","1","0","0","1","1","0"
"POINT (13.347076452000067 52.596205123000061)","Unfall 201285 (2019) Kat:3, Licht: 1","201285","3","3","5","11","18","2","1","1","0","1","0","0"
"POINT (13.334564208000074 52.495118936000040)","Unfall 201286 (2019) Kat:3, Licht: 2","201286","3","2","5","11","18","2","1","2","0","1","0","1"
"POINT (13.387481117000050 52.447951068000066)","Unfall 201287 (2019) Kat:3, Licht: 0","201287","3","4","6","11","14","2","0","0","0","1","1","0"
"POINT (13.315803400000050 52.443084848000069)","Unfall 201288 (2019) Kat:3, Licht: 2","201288","3","2","5","11","18","2","1","2","1","1","0","0"
"POINT (13.219874691000030 52.537043198000049)","Unfall 201289 (2019) Kat:3, Licht: 2","201289","3","6","2","11","18","2","1","2","0","1","0","0"
"POINT (13.376604457000042 52.485889729000064)","Unfall 201290 (2019) Kat:3, Licht: 1","201290","3","6","2","11","13","2","1","1","0","1","0","0"