WKT,Name,OBJECTID,UKATEGORIE,UTYP1,UART,UMONAT,USTUNDE,UWOCHENTAG,STRZUSTAND,ULICHTVERH,ISTRAD,ISTPKW,ISTFUSS,ISTKRAD
"POINT (13.458230512000057 52.485751970000081)","Unfall 201291 (2019) Kat:3, Licht: 2","201291","3","2","6","11","17","2","1","2","0","1","1","0"
"POINT (13.366018925000049 52.553483087000075)","Unfall 201292 (2019) Kat:3, Licht: 0","201292","3","3","0","11","13","2","1","0","0","1","0","1"
"POINT (13.382159386000069 52.423266709000075)","Unfall 201293 (2019) Kat:3, Licht: 0","201293","3","5","1","11","13","2","0","0","0","1","0","0"
"POINT (13.473973876000059 52.609823264000056)","Unfall 201294 (2019) Kat:3, Licht: 0","201294","3","3","5","11","13","2","1","0","0","1","0","0"
"POINT (13.304273064000029 52.488263968000069)","Unfall 201295 (2019) Kat:3, Licht: 0","201295","3","3","5","11","13","2","1","0","0","1","0","0"
"POINT (13.358570611000061 52.430931164000071)","Unfall 201296 (2019) Kat:2, Licht: 0","201296","2","3","5","11","12","2","1","0","1","1","0","0"
"POINT (13.618684404000021 52.521484796000038)","Unfall 201297 (2019) Kat:3, Licht: 0","201297","3","3","0","11","12","2","1","0","0","1","0","0"
"POINT (13.365673042000026 52.557129304000057)","Unfall 201298 (2019) Kat:3, Licht: 2","201298","3","4","6","11","16","2","1","2","0","1","1","0"
"POINT (13.266204627000036 52.513184283000044)","Unfall 201299 (2019) Kat:2, Licht: 0","201299","2","7","6","11","15","4","0","0","0","1","1","0"
"POINT (13.329574359000048 52.522799933000044)","Unfall 201300 (2019) Kat:2, Licht: 0","201300","2","2","5","11","15","4","0","0","1","1","0","0"
"POINT (13.342264231000058 52.570245053000065)","Unfall 201301 (2019) Kat:3, Licht: 1","201301","3","5","1","11","16","2","0","1","1","0","0","0"
"POINT (13.458334572000069 52.472746760000064)","Unfall 201302 (2019) Kat:2, Licht: 0","201302","2","2","5","11","10","2","1","0","1","0","0","0"
"POINT (13.293606711000052 52.445793238000078)","Unfall 201303 (2019) Kat:3, Licht: 0","201303","3","2","5","11","15","2","0","0","0","0","0","1"
"POINT (13.432208770000045 52.470779999000058)","Unfall 201304 (2019) Kat:3, Licht: 0","201304","3","4","6","11","15","4","0","0","0","1","1","0"
"POINT (13.248116080000045 52.535109925000029)","Unfall 201305 (2019) Kat:3, Licht: 0","201305","3","6","4","11","10","2","1","0","0","1","0","0"
"POINT (13.282552196000040 52.506377204000046)","Unfall 201306 (2019) Kat:3, Licht: 0","201306","3","6","2","11","10","4","0","0","1","1","0","0"
"POINT (13.558874187000072 52.449057543000038)","Unfall 201307 (2019) Kat:3, Licht: 0","201307","3","6","3","11","09","2","1","0","0","1","0","0"
"POINT (13.343373525000061 52.531925447000049)","Unfall 201308 (2019) Kat:3, Licht: 1","201308","3","2","6","11","06","2","0","1","0","1","1","0"
"POINT (13.454567860000054 52.465279891000080)","Unfall 201309 (2019) Kat:3, Licht: 0","201309","3","3","0","11","08","4","0","0","0","1","0","0"
"POINT (13.490167605000067 52.420090871000070)","Unfall 201310 (2019) Kat:3, Licht: 0","201310","3","3","5","11","08","2","1","0","1","1","0","0"
"POINT (13.304002210000021 52.459055319000072)","Unfall 201311 (2019) Kat:3, Licht: 0","201311","3","2","5","11","07","2","1","0","1","1","0","0"
"POINT (13.467095617000041 52.451880115000051)","Unfall 201312 (2019) Kat:3, Licht: 0","201312","3","6","2","11","07","2","1","0","0","1","0","0"
"POINT (13.364612401000045 52.562707188000047)","Unfall 201313 (2019) Kat:3, Licht: 0","201313","3","2","5","11","08","4","0","0","0","1","0","0"
"POINT (13.509574622000059 52.496312353000064)","Unfall 201314 (2019) Kat:3, Licht: 1","201314","3","2","5","11","06","2","1","1","0","1","0","1"
"POINT (13.385568949000060 52.549086805000059)","Unfall 201315 (2019) Kat:3, Licht: 1","201315","3","6","0","11","07","2","1","1","1","1","0","0"
"POINT (13.525230377000071 52.482204865000028)","Unfall 201316 (2019) Kat:3, Licht: 0","201316","3","3","5","11","07","4","0","0","1","1","0","0"
"POINT (13.211316366000062 52.527335951000055)","Unfall 201317 (2019) Kat:3, Licht: 0","201317","3","2","5","11","07","2","1","0","0","1","0","0"
"POINT (13.586826493000046 52.516381767000041)","Unfall 201318 (2019) Kat:2, Licht: 2","201318","2","2","5","11","06","4","0","2","0","1","0","1"
"POINT (13.370190369000056 52.467112685000075)","Unfall 201319 (2019) Kat:3, Licht: 1","201319","3","2","6","11","06","2","1","1","0","1","1","0"
"POINT (13.476867626000057 52.501729267000030)","Unfall 201320 (2019) Kat:3, Licht: 2","201320","3","4","6","11","06","2","1","2","0","0","1","1"
"POINT (13.350436067000032 52.513705496000057)","Unfall 201321 (2019) Kat:3, Licht: 0","201321","3","3","2","11","08","4","0","0","1","0","0","0"
"POINT (13.451818672000059 52.534895534000043)","Unfall 201322 (2019) Kat:3, Licht: 2","201322","3","2","5","11","16","4","0","2","1","0","0","0"
"POINT (13.292204556000058 52.590580021000051)","Unfall 201323 (2019) Kat:3, Licht: 0","201323","3","7","0","11","13","1","1","0","0","0","0","1"
"POINT (13.369634055000063 52.601332961000026)","Unfall 201324 (2019) Kat:2, Licht: 2","201324","2","5","1","11","05","1","1","2","0","1","0","0"
"POINT (13.503186134000032 52.442013885000051)","Unfall 201325 (2019) Kat:3, Licht: 0","201325","3","7","5","11","11","3","0","0","0","0","0","0"
"POINT (13.329569908000053 52.523802931000034)","Unfall 201326 (2019) Kat:3, Licht: 0","201326","3","2","2","11","10","3","0","0","0","1","0","0"
"POINT (13.460596737000060 52.508845837000081)","Unfall 201327 (2019) Kat:3, Licht: 2","201327","3","1","0","11","03","1","1","2","1","0","1","0"
"POINT (13.430607203000022 52.589692103000061)","Unfall 201328 (2019) Kat:3, Licht: 2","201328","3","6","2","11","01","1","1","2","0","1","0","1"
"POINT (13.446698187000038 52.440097375000050)","Unfall 201329 (2019) Kat:3, Licht: 2","201329","3","7","2","11","17","1","1","2","0","1","0","0"
"POINT (13.472475934000045 52.508524311000031)","Unfall 201330 (2019) Kat:3, Licht: 0","201330","3","2","5","11","10","3","0","0","1","0","0","0"
"POINT (13.574110305000033 52.444987464000064)","Unfall 201331 (2019) Kat:3, Licht: 2","201331","3","1","0","11","17","1","1","2","1","0","0","0"
"POINT (13.387433121000072 52.533516885000040)","Unfall 201332 (2019) Kat:3, Licht: 0","201332","3","2","5","11","08","3","0","0","1","1","0","0"
"POINT (13.391981691000069 52.554118068000037)","Unfall 201333 (2019) Kat:3, Licht: 0","201333","3","3","5","11","15","1","1","0","1","1","0","0"
"POINT (13.373682283000051 52.556913974000054)","Unfall 201334 (2019) Kat:3, Licht: 0","201334","3","6","2","11","15","1","0","0","0","1","0","0"
"POINT (13.537702767000042 52.492962723000062)","Unfall 201335 (2019) Kat:3, Licht: 0","201335","3","3","5","11","08","3","0","0","0","1","0","0"
"POINT (13.389768683000057 52.574293448000049)","Unfall 201336 (2019) Kat:3, Licht: 0","201336","3","3","5","11","15","1","1","0","1","1","0","0"
"POINT (13.264757168000074 52.536898414000063)","Unfall 201337 (2019) Kat:3, Licht: 0","201337","3","7","0","11","14","1","1","0","0","0","0","1"
"POINT (13.373267846000033 52.557250318000058)","Unfall 201338 (2019) Kat:3, Licht: 0","201338","3","3","5","11","15","1","0","0","0","1","0","0"
"POINT (13.228771483000060 52.528193095000063)","Unfall 201339 (2019) Kat:3, Licht: 0","201339","3","7","5","11","08","3","0","0","0","1","0","0"
"POINT (13.428445805000024 52.519179814000040)","Unfall 201340 (2019) Kat:3, Licht: 0","201340","3","6","2","11","08","3","0","0","0","1","0","0"
"POINT (13.460135831000059 52.563395652000054)","Unfall 201341 (2019) Kat:3, Licht: 0","201341","3","1","0","11","14","1","1","0","1","0","0","0"
"POINT (13.457207062000066 52.507127638000043)","Unfall 201342 (2019) Kat:3, Licht: 2","201342","3","5","1","11","06","1","1","2","0","1","0","0"
"POINT (13.377668478000032 52.529018074000078)","Unfall 201343 (2019) Kat:2, Licht: 0","201343","2","2","5","11","08","3","0","0","1","1","0","0"
"POINT (13.264895957000022 52.441454856000064)","Unfall 201344 (2019) Kat:3, Licht: 2","201344","3","7","2","11","21","1","1","2","0","1","0","0"
"POINT (13.307294364000029 52.499949214000026)","Unfall 201345 (2019) Kat:3, Licht: 2","201345","3","2","6","11","19","5","1","2","0","1","1","0"
"POINT (13.168649288000040 52.523823429000061)","Unfall 201346 (2019) Kat:3, Licht: 2","201346","3","3","5","11","18","5","1","2","0","0","0","1"
"POINT (13.326464347000069 52.562404620000052)","Unfall 201347 (2019) Kat:3, Licht: 2","201347","3","4","6","11","18","5","1","2","0","1","1","0"
"POINT (13.475234757000067 52.456102165000061)","Unfall 201348 (2019) Kat:3, Licht: 0","201348","3","6","2","11","07","5","0","0","0","1","0","0"
"POINT (13.421895890000030 52.413160534000042)","Unfall 201349 (2019) Kat:3, Licht: 1","201349","3","4","6","11","06","5","0","1","0","1","1","0"
"POINT (13.402818224000043 52.553738532000068)","Unfall 201350 (2019) Kat:3, Licht: 2","201350","3","4","6","11","05","5","1","2","0","1","1","0"
"POINT (13.200311427000031 52.537777570000060)","Unfall 201351 (2019) Kat:3, Licht: 0","201351","3","2","5","11","07","5","0","0","0","1","0","0"
"POINT (13.432372539000028 52.595135715000026)","Unfall 201352 (2019) Kat:3, Licht: 0","201352","3","2","0","11","08","4","1","0","1","1","0","0"
"POINT (13.428808472000071 52.515437731000077)","Unfall 201353 (2019) Kat:3, Licht: 2","201353","3","3","5","11","21","4","1","2","0","1","0","0"
"POINT (13.505745035000075 52.563596630000063)","Unfall 201354 (2019) Kat:3, Licht: 2","201354","3","4","6","11","19","4","0","2","0","1","1","0"
"POINT (13.483038263000026 52.611871209000071)","Unfall 201355 (2019) Kat:3, Licht: 2","201355","3","3","5","11","19","4","1","2","0","1","0","0"
"POINT (13.415394898000045 52.494612825000047)","Unfall 201356 (2019) Kat:3, Licht: 2","201356","3","7","4","11","17","4","1","2","1","0","0","0"
"POINT (13.379850809000061 52.540180030000045)","Unfall 201357 (2019) Kat:3, Licht: 2","201357","3","3","5","11","17","4","1","2","1","1","0","0"
"POINT (13.600928676000024 52.515334609000035)","Unfall 201358 (2019) Kat:3, Licht: 2","201358","3","3","5","11","17","4","1","2","0","1","0","0"
"POINT (13.549624696000024 52.532371433000037)","Unfall 201359 (2019) Kat:3, Licht: 2","201359","3","2","5","11","17","4","1","2","1","1","0","0"
"POINT (13.246976553000025 52.544158720000041)","Unfall 201360 (2019) Kat:3, Licht: 2","201360","3","3","5","11","16","4","0","2","0","1","0","0"
"POINT (13.480750656000055 52.470047486000055)","Unfall 201361 (2019) Kat:3, Licht: 2","201361","3","1","0","11","22","4","0","2","0","0","0","0"
"POINT (13.432432603000052 52.465544086000079)","Unfall 201362 (2019) Kat:3, Licht: 2","201362","3","7","0","11","22","4","0","2","0","1","0","1"
"POINT (13.382217468000022 52.489838793000047)","Unfall 201363 (2019) Kat:3, Licht: 2","201363","3","2","0","11","19","4","1","2","0","1","0","1"
"POINT (13.307847701000071 52.488437547000046)","Unfall 201364 (2019) Kat:3, Licht: 2","201364","3","3","5","11","21","4","0","2","0","1","0","0"
"POINT (13.528467106000051 52.429100396000081)","Unfall 201365 (2019) Kat:3, Licht: 0","201365","3","3","5","11","12","4","1","0","0","1","0","0"
"POINT (13.375812856000039 52.409209781000072)","Unfall 201366 (2019) Kat:3, Licht: 0","201366","3","1","9","11","11","4","1","0","0","1","0","0"
"POINT (13.453921817000037 52.474952213000051)","Unfall 201367 (2019) Kat:3, Licht: 0","201367","3","6","2","11","10","4","1","0","1","1","0","0"
"POINT (13.385768586000040 52.516997827000068)","Unfall 201368 (2019) Kat:2, Licht: 0","201368","2","6","2","11","10","4","1","0","1","1","0","0"
"POINT (13.463673086000028 52.505911203000039)","Unfall 201369 (2019) Kat:3, Licht: 0","201369","3","7","5","11","10","4","1","0","1","1","0","0"
"POINT (13.442860716000041 52.483764840000049)","Unfall 201370 (2019) Kat:3, Licht: 0","201370","3","6","0","11","10","4","1","0","0","1","0","1"
"POINT (13.400594082000055 52.437560041000040)","Unfall 201371 (2019) Kat:3, Licht: 0","201371","3","7","4","11","09","4","0","0","1","0","0","0"
"POINT (13.486431842000059 52.540943142000060)","Unfall 201372 (2019) Kat:3, Licht: 0","201372","3","4","6","11","09","4","1","0","0","1","1","0"
"POINT (13.207597192000037 52.557350136000082)","Unfall 201373 (2019) Kat:3, Licht: 0","201373","3","1","0","11","08","4","1","0","0","0","0","1"
"POINT (13.279266995000057 52.512727607000045)","Unfall 201374 (2019) Kat:2, Licht: 0","201374","2","4","6","11","08","4","1","0","0","0","1","1"
"POINT (13.313864230000036 52.490383489000067)","Unfall 201375 (2019) Kat:2, Licht: 0","201375","2","2","6","11","08","4","1","0","0","0","1","0"
"POINT (13.303331174000050 52.505563386000063)","Unfall 201376 (2019) Kat:3, Licht: 0","201376","3","6","2","11","08","4","1","0","0","1","0","0"
"POINT (13.335787073000063 52.513710708000076)","Unfall 201377 (2019) Kat:3, Licht: 1","201377","3","4","6","11","06","4","1","1","0","1","1","0"
"POINT (13.307253210000056 52.433261983000079)","Unfall 201378 (2019) Kat:2, Licht: 0","201378","2","2","5","11","07","4","1","0","1","1","0","0"
"POINT (13.372505404000037 52.409065535000082)","Unfall 201379 (2019) Kat:3, Licht: 2","201379","3","6","3","11","07","4","1","2","0","1","0","0"
"POINT (13.297415552000075 52.526480195000033)","Unfall 201380 (2019) Kat:3, Licht: 0","201380","3","2","5","11","07","4","1","0","0","1","0","0"
"POINT (13.489695028000028 52.450814741000045)","Unfall 201381 (2019) Kat:2, Licht: 2","201381","2","3","5","11","16","4","0","2","1","1","0","0"
"POINT (13.331568279000066 52.503792599000064)","Unfall 201382 (2019) Kat:3, Licht: 1","201382","3","4","6","11","15","4","0","1","1","0","1","0"
"POINT (13.289364167000031 52.583111664000057)","Unfall 201383 (2019) Kat:3, Licht: 0","201383","3","1","0","11","14","4","1","0","0","1","0","1"
"POINT (13.492712651000033 52.544220751000069)","Unfall 201384 (2019) Kat:3, Licht: 0","201384","3","4","6","11","14","4","1","0","0","0","1","0"
"POINT (13.432004754000047 52.424372536000078)","Unfall 201385 (2019) Kat:3, Licht: 0","201385","3","6","4","11","13","4","1","0","0","1","0","0"
"POINT (13.160988929000041 52.525369019000038)","Unfall 201386 (2019) Kat:3, Licht: 0","201386","3","2","5","11","07","4","1","0","0","1","0","1"
"POINT (13.340630797000074 52.504441557000064)","Unfall 201387 (2019) Kat:3, Licht: 1","201387","3","3","0","11","07","4","1","1","1","1","0","0"
"POINT (13.286512655000024 52.518797986000038)","Unfall 201388 (2019) Kat:3, Licht: 2","201388","3","2","6","11","06","4","1","2","0","1","1","0"
"POINT (13.397784941000054 52.527814328000034)","Unfall 201389 (2019) Kat:3, Licht: 0","201389","3","6","3","11","09","4","1","0","1","1","0","0"
"POINT (13.245104789000038 52.538157547000026)","Unfall 201390 (2019) Kat:3, Licht: 2","201390","3","7","7","11","06","4","1","2","1","0","0","0"
"POINT (13.374441995000041 52.537318384000059)","Unfall 201391 (2019) Kat:2, Licht: 2","201391","2","2","5","11","05","4","1","2","1","1","0","0"
"POINT (13.404164408000042 52.532987076000040)","Unfall 201392 (2019) Kat:3, Licht: 2","201392","3","1","0","11","04","4","1","2","0","0","0","0"
"POINT (13.415776190000031 52.529555839000068)","Unfall 201393 (2019) Kat:3, Licht: 0","201393","3","4","6","11","13","3","1","0","0","1","1","0"
"POINT (13.381322042000022 52.552296569000077)","Unfall 201394 (2019) Kat:3, Licht: 2","201394","3","2","5","11","22","3","1","2","0","1","0","0"
"POINT (13.394286502000057 52.528649473000030)","Unfall 201395 (2019) Kat:2, Licht: 2","201395","2","4","6","11","22","3","1","2","0","0","1","1"
"POINT (13.297956169000031 52.524477624000042)","Unfall 201396 (2019) Kat:3, Licht: 2","201396","3","6","2","11","23","3","1","2","0","1","0","0"
"POINT (13.545413307000047 52.567716030000042)","Unfall 201397 (2019) Kat:3, Licht: 2","201397","3","3","5","11","21","3","1","2","1","1","0","0"
"POINT (13.419329610000034 52.458541731000082)","Unfall 201398 (2019) Kat:3, Licht: 2","201398","3","5","1","11","19","3","0","2","0","1","0","0"
"POINT (13.388235148000035 52.519831745000033)","Unfall 201399 (2019) Kat:3, Licht: 2","201399","3","7","6","11","19","3","1","2","0","1","1","0"
"POINT (13.157274693000033 52.548920293000037)","Unfall 201400 (2019) Kat:3, Licht: 2","201400","3","2","6","11","19","3","1","2","0","1","1","0"
"POINT (13.351073779000046 52.486172998000029)","Unfall 201401 (2019) Kat:2, Licht: 2","201401","2","2","6","11","20","3","1","2","0","1","1","0"
"POINT (13.402814190000072 52.554283925000050)","Unfall 201402 (2019) Kat:3, Licht: 2","201402","3","4","6","11","18","3","1","2","0","1","1","0"
"POINT (13.563961782000035 52.556505778000030)","Unfall 201403 (2019) Kat:3, Licht: 2","201403","3","6","2","11","17","3","0","2","0","1","0","0"
"POINT (13.376721273000044 52.461487734000059)","Unfall 201404 (2019) Kat:3, Licht: 2","201404","3","2","6","11","17","3","0","2","0","1","1","0"
"POINT (13.449435913000059 52.438946295000051)","Unfall 201405 (2019) Kat:2, Licht: 1","201405","2","4","6","11","17","3","0","1","0","1","1","0"
"POINT (13.424054020000028 52.452352714000028)","Unfall 201406 (2019) Kat:3, Licht: 2","201406","3","6","2","11","16","3","0","2","0","1","0","0"
"POINT (13.518861782000045 52.513532572000031)","Unfall 201407 (2019) Kat:3, Licht: 2","201407","3","2","5","11","16","3","0","2","1","1","0","0"
"POINT (13.275906562000046 52.518741677000037)","Unfall 201408 (2019) Kat:3, Licht: 0","201408","3","2","5","11","15","3","0","0","0","1","0","0"
"POINT (13.328220279000050 52.507987044000060)","Unfall 201409 (2019) Kat:3, Licht: 0","201409","3","3","5","11","14","3","0","0","1","1","0","0"
"POINT (13.203931279000074 52.539895065000053)","Unfall 201410 (2019) Kat:2, Licht: 1","201410","2","4","0","11","15","3","0","1","0","0","1","1"
"POINT (13.418733730000042 52.394853184000056)","Unfall 201411 (2019) Kat:2, Licht: 2","201411","2","7","1","11","19","3","0","2","0","1","0","0"
"POINT (13.358796685000073 52.490455931000042)","Unfall 201412 (2019) Kat:3, Licht: 0","201412","3","7","5","11","14","3","0","0","0","1","0","0"
"POINT (13.591804443000058 52.441201511000031)","Unfall 201413 (2019) Kat:3, Licht: 0","201413","3","6","2","11","14","3","0","0","0","1","0","0"
"POINT (13.326109241000040 52.538356432000057)","Unfall 201414 (2019) Kat:3, Licht: 0","201414","3","2","5","11","14","3","0","0","0","1","0","0"
"POINT (13.295397460000061 52.539611267000055)","Unfall 201415 (2019) Kat:3, Licht: 0","201415","3","6","2","11","15","3","0","0","0","1","0","0"
"POINT (13.371950671000036 52.540135278000037)","Unfall 201416 (2019) Kat:3, Licht: 0","201416","3","5","1","11","11","3","0","0","0","1","0","0"
"POINT (13.496741748000034 52.534127301000069)","Unfall 201417 (2019) Kat:3, Licht: 0","201417","3","6","2","11","11","3","0","0","0","1","0","0"
"POINT (13.371761909000043 52.458096039000054)","Unfall 201418 (2019) Kat:3, Licht: 0","201418","3","5","1","11","09","3","0","0","1","1","0","0"
"POINT (13.567775636000022 52.444839169000034)","Unfall 201419 (2019) Kat:2, Licht: 0","201419","2","7","6","11","10","3","0","0","0","1","1","0"
"POINT (13.452063518000045 52.527733170000033)","Unfall 201420 (2019) Kat:3, Licht: 2","201420","3","2","5","11","06","3","0","2","1","1","0","0"
"POINT (13.450267042000064 52.468628435000028)","Unfall 201421 (2019) Kat:3, Licht: 0","201421","3","3","5","11","09","3","0","0","0","1","0","0"
"POINT (13.443248786000026 52.469941187000074)","Unfall 201422 (2019) Kat:3, Licht: 0","201422","3","7","0","11","09","3","0","0","0","1","0","0"
"POINT (13.316434180000044 52.498910809000051)","Unfall 201423 (2019) Kat:3, Licht: 0","201423","3","2","5","11","08","3","0","0","1","1","0","0"
"POINT (13.406281163000074 52.532341689000077)","Unfall 201424 (2019) Kat:3, Licht: 0","201424","3","3","5","11","08","3","0","0","1","1","0","0"
"POINT (13.390958895000040 52.457380552000075)","Unfall 201425 (2019) Kat:3, Licht: 0","201425","3","3","5","11","08","3","0","0","0","1","0","0"
"POINT (13.505641799000045 52.445741629000054)","Unfall 201426 (2019) Kat:3, Licht: 0","201426","3","2","2","11","07","3","1","0","1","1","0","0"
"POINT (13.441429161000030 52.497633631000042)","Unfall 201427 (2019) Kat:3, Licht: 1","201427","3","1","8","11","07","3","1","1","1","0","0","0"
"POINT (13.439751751000074 52.567981848000045)","Unfall 201428 (2019) Kat:2, Licht: 0","201428","2","2","6","11","07","3","0","0","0","0","1","0"
"POINT (13.203829260000077 52.539905562000058)","Unfall 201429 (2019) Kat:3, Licht: 0","201429","3","2","5","11","08","2","0","0","1","1","0","0"
"POINT (13.435016749000056 52.440374268000028)","Unfall 201430 (2019) Kat:3, Licht: 2","201430","3","2","6","11","17","2","1","2","0","1","1","0"
"POINT (13.539880874000062 52.396679705000054)","Unfall 201431 (2019) Kat:3, Licht: 2","201431","3","2","5","11","18","2","1","2","1","0","0","0"
"POINT (13.328450485000076 52.478805694000073)","Unfall 201432 (2019) Kat:3, Licht: 2","201432","3","7","2","11","18","2","1","2","0","1","0","0"
"POINT (13.356038845000057 52.521168800000055)","Unfall 201433 (2019) Kat:3, Licht: 2","201433","3","1","0","11","17","2","1","2","1","0","0","0"
"POINT (13.277216314000043 52.459978410000076)","Unfall 201434 (2019) Kat:3, Licht: 2","201434","3","3","5","11","16","2","1","2","0","1","0","0"
"POINT (13.405777052000076 52.551344279000034)","Unfall 201435 (2019) Kat:3, Licht: 2","201435","3","2","5","11","17","2","1","2","1","1","0","0"
"POINT (13.455912564000073 52.509963589000051)","Unfall 201436 (2019) Kat:3, Licht: 2","201436","3","7","0","11","18","2","0","2","1","0","0","0"
"POINT (13.373762570000054 52.523466760000076)","Unfall 201437 (2019) Kat:3, Licht: 1","201437","3","2","6","11","16","2","1","1","0","1","1","0"
"POINT (13.377977536000060 52.564477959000044)","Unfall 201438 (2019) Kat:3, Licht: 2","201438","3","6","6","11","16","2","1","2","0","1","1","0"
"POINT (13.466871566000066 52.528388604000043)","Unfall 201439 (2019) Kat:3, Licht: 2","201439","3","3","0","11","16","2","1","2","0","1","0","0"
"POINT (13.334233230000052 52.498627087000045)","Unfall 201440 (2019) Kat:3, Licht: 2","201440","3","3","5","11","17","2","1","2","0","1","0","0"
"POINT (13.521877758000073 52.402117414000031)","Unfall 201441 (2019) Kat:2, Licht: 2","201441","2","4","6","11","17","2","1","2","0","1","1","0"
"POINT (13.540702774000067 52.534456060000082)","Unfall 201442 (2019) Kat:3, Licht: 0","201442","3","2","5","11","15","2","1","0","1","1","0","0"
"POINT (13.380124960000046 52.518901797000069)","Unfall 201443 (2019) Kat:3, Licht: 2","201443","3","4","6","11","17","2","1","2","1","0","1","0"
"POINT (13.430075044000034 52.510140501000080)","Unfall 201444 (2019) Kat:3, Licht: 0","201444","3","3","5","11","15","2","1","0","1","0","0","0"
"POINT (13.404221336000035 52.581480505000059)","Unfall 201445 (2019) Kat:2, Licht: 1","201445","2","3","5","11","13","2","1","1","1","1","0","0"
"POINT (13.394452554000054 52.483932316000050)","Unfall 201446 (2019) Kat:2, Licht: 2","201446","2","2","6","11","17","2","1","2","0","1","1","0"
"POINT (13.301314626000021 52.601771387000042)","Unfall 201447 (2019) Kat:3, Licht: 0","201447","3","3","5","11","13","2","1","0","0","1","0","0"
"POINT (13.316541324000070 52.478260044000081)","Unfall 201448 (2019) Kat:3, Licht: 0","201448","3","3","2","11","13","2","1","0","1","1","0","0"
"POINT (13.204317483000068 52.530303660000072)","Unfall 201449 (2019) Kat:3, Licht: 2","201449","3","6","2","11","17","2","1","2","0","1","0","0"
"POINT (13.326415375000067 52.604499127000054)","Unfall 201450 (2019) Kat:3, Licht: 2","201450","3","2","6","11","17","2","1","2","0","0","1","0"
"POINT (13.311965339000039 52.568025818000081)","Unfall 201451 (2019) Kat:2, Licht: 0","201451","2","2","5","11","12","2","0","0","1","0","0","0"
"POINT (13.617278886000065 52.520058827000071)","Unfall 201452 (2019) Kat:3, Licht: 2","201452","3","5","1","11","19","2","1","2","0","1","0","1"
"POINT (13.342760019000025 52.525439864000077)","Unfall 201453 (2019) Kat:2, Licht: 0","201453","2","2","5","11","12","2","1","0","0","1","0","1"
"POINT (13.402879193000047 52.529698694000047)","Unfall 201454 (2019) Kat:3, Licht: 2","201454","3","6","2","11","19","2","1","2","0","1","0","1"
"POINT (13.296753865000028 52.548012762000042)","Unfall 201455 (2019) Kat:3, Licht: 0","201455","3","2","5","11","10","2","1","0","0","1","0","0"
"POINT (13.129258077000031 52.527174248000051)","Unfall 201456 (2019) Kat:2, Licht: 0","201456","2","2","5","11","09","2","0","0","0","1","0","0"
"POINT (13.331378591000032 52.453105593000032)","Unfall 201457 (2019) Kat:3, Licht: 0","201457","3","2","2","11","09","2","1","0","0","1","0","0"
"POINT (13.395743471000060 52.565901045000032)","Unfall 201458 (2019) Kat:3, Licht: 0","201458","3","4","6","11","09","2","0","0","0","1","1","0"
"POINT (13.512025705000042 52.457187346000069)","Unfall 201459 (2019) Kat:2, Licht: 0","201459","2","4","6","11","08","2","1","0","0","1","1","0"
"POINT (13.570012333000022 52.452496502000031)","Unfall 201460 (2019) Kat:3, Licht: 0","201460","3","2","5","11","08","2","1","0","1","1","0","0"
"POINT (13.343201416000056 52.531942648000040)","Unfall 201461 (2019) Kat:3, Licht: 0","201461","3","2","5","11","08","2","0","0","1","0","0","0"
"POINT (13.383744662000026 52.530014592000043)","Unfall 201462 (2019) Kat:3, Licht: 0","201462","3","1","0","11","08","2","1","0","1","0","0","0"
"POINT (13.372531702000060 52.444364770000050)","Unfall 201463 (2019) Kat:3, Licht: 0","201463","3","6","2","11","07","2","1","0","0","1","0","1"
"POINT (13.434216904000039 52.490195434000043)","Unfall 201464 (2019) Kat:3, Licht: 0","201464","3","5","1","11","07","2","1","0","1","1","0","0"
"POINT (13.322630099000037 52.433166346000064)","Unfall 201465 (2019) Kat:3, Licht: 0","201465","3","4","6","11","07","2","1","0","0","1","1","0"
"POINT (13.317493559000070 52.559838647000049)","Unfall 201466 (2019) Kat:2, Licht: 2","201466","2","2","5","11","06","2","1","2","0","1","0","0"
"POINT (13.441781100000071 52.504330124000035)","Unfall 201467 (2019) Kat:2, Licht: 2","201467","2","4","6","11","16","1","1","2","0","1","1","0"
"POINT (13.356252632000064 52.562045340000054)","Unfall 201468 (2019) Kat:3, Licht: 0","201468","3","3","0","11","15","1","1","0","0","1","0","1"
"POINT (13.465603492000071 52.551697322000052)","Unfall 201469 (2019) Kat:3, Licht: 0","201469","3","3","5","11","15","1","1","0","1","1","0","0"
"POINT (13.571706292000044 52.438042728000028)","Unfall 201470 (2019) Kat:3, Licht: 0","201470","3","7","1","11","14","1","1","0","1","0","0","0"
"POINT (13.728526934000058 52.427831260000062)","Unfall 201471 (2019) Kat:3, Licht: 0","201471","3","7","0","11","13","1","1","0","0","0","0","1"
"POINT (13.385229483000046 52.502293523000048)","Unfall 201472 (2019) Kat:3, Licht: 0","201472","3","3","5","11","10","1","1","0","0","1","0","0"
"POINT (13.260140659000058 52.427211937000038)","Unfall 201473 (2019) Kat:3, Licht: 0","201473","3","3","5","11","09","1","1","0","0","1","0","0"
"POINT (13.315895601000022 52.617637249000040)","Unfall 201474 (2019) Kat:3, Licht: 0","201474","3","3","5","11","08","1","1","0","0","1","0","1"
"POINT (13.424662589000036 52.465568994000080)","Unfall 201475 (2019) Kat:2, Licht: 2","201475","2","4","6","11","17","1","1","2","0","1","1","0"