WKT,Name,OBJECTID,UKATEGORIE,UTYP1,UART,UMONAT,USTUNDE,UWOCHENTAG,STRZUSTAND,ULICHTVERH,ISTRAD,ISTPKW,ISTFUSS,ISTKRAD
"POINT (13.376674197000057 52.488405253000053)","Unfall 201476 (2019) Kat:3, Licht: 2","201476","3","5","1","11","02","1","0","2","1","1","0","0"
"POINT (13.384348182000053 52.556025113000032)","Unfall 201477 (2019) Kat:3, Licht: 2","201477","3","3","5","11","23","1","1","2","0","1","0","0"
"POINT (13.328826214000060 52.593787812000073)","Unfall 201478 (2019) Kat:3, Licht: 2","201478","3","1","8","11","06","1","1","2","0","1","0","0"
"POINT (13.471863235000058 52.505254655000044)","Unfall 201479 (2019) Kat:3, Licht: 2","201479","3","1","4","11","21","1","1","2","0","1","0","0"
"POINT (13.429983801000049 52.551423868000029)","Unfall 201480 (2019) Kat:3, Licht: 2","201480","3","2","5","11","20","1","1","2","1","1","0","0"
"POINT (13.406065431000059 52.415760636000073)","Unfall 201481 (2019) Kat:2, Licht: 2","201481","2","3","6","11","20","1","1","2","0","1","1","0"
"POINT (13.425397473000032 52.479748626000060)","Unfall 201482 (2019) Kat:3, Licht: 2","201482","3","4","6","11","17","1","1","2","0","1","1","0"
"POINT (13.491305932000046 52.469098512000073)","Unfall 201483 (2019) Kat:2, Licht: 2","201483","2","2","5","11","17","1","1","2","0","1","0","0"
"POINT (13.352735873000029 52.484535596000057)","Unfall 201484 (2019) Kat:3, Licht: 1","201484","3","7","1","11","15","1","1","1","0","1","0","0"
"POINT (13.354361885000060 52.617054914000050)","Unfall 201485 (2019) Kat:3, Licht: 2","201485","3","1","9","11","07","1","1","2","0","1","0","0"
"POINT (13.394614237000042 52.504559882000081)","Unfall 201486 (2019) Kat:3, Licht: 2","201486","3","3","5","11","05","7","1","2","0","1","0","0"
"POINT (13.592909853000037 52.548440599000060)","Unfall 201487 (2019) Kat:3, Licht: 0","201487","3","2","5","11","14","7","0","0","0","1","0","0"
"POINT (13.426872479000053 52.475913930000047)","Unfall 201488 (2019) Kat:3, Licht: 2","201488","3","6","2","11","22","7","0","2","0","1","0","0"
"POINT (13.306824439000025 52.428927041000065)","Unfall 201489 (2019) Kat:3, Licht: 2","201489","3","2","6","11","19","7","0","2","0","1","1","0"
"POINT (13.416112470000030 52.499727463000056)","Unfall 201490 (2019) Kat:3, Licht: 2","201490","3","6","2","11","18","7","0","2","0","1","0","0"
"POINT (13.379929875000073 52.551429606000056)","Unfall 201491 (2019) Kat:3, Licht: 2","201491","3","6","2","11","18","7","0","2","0","1","0","0"
"POINT (13.344071925000037 52.546098109000070)","Unfall 201492 (2019) Kat:3, Licht: 0","201492","3","2","5","11","14","7","1","0","0","1","0","0"
"POINT (13.386626364000051 52.524816589000068)","Unfall 201493 (2019) Kat:2, Licht: 2","201493","2","5","1","11","00","7","0","2","0","1","0","0"
"POINT (13.147980717000053 52.532765637000068)","Unfall 201494 (2019) Kat:3, Licht: 0","201494","3","2","5","11","09","7","1","0","0","1","0","0"
"POINT (13.519655702000023 52.535644120000029)","Unfall 201495 (2019) Kat:3, Licht: 2","201495","3","1","0","11","07","7","1","2","0","0","0","1"
"POINT (13.319806347000053 52.426566458000082)","Unfall 201496 (2019) Kat:3, Licht: 2","201496","3","3","5","11","06","7","1","2","1","1","0","0"
"POINT (13.338521069000024 52.466553888000078)","Unfall 201497 (2019) Kat:3, Licht: 2","201497","3","6","2","11","20","7","0","2","0","1","0","0"
"POINT (13.287115593000067 52.451081720000047)","Unfall 201498 (2019) Kat:2, Licht: 2","201498","2","1","9","11","05","7","0","2","0","1","1","0"
"POINT (13.387727981000069 52.493032360000029)","Unfall 201499 (2019) Kat:3, Licht: 2","201499","3","2","5","11","20","7","0","2","0","1","0","0"
"POINT (13.394283378000068 52.565014961000031)","Unfall 201500 (2019) Kat:3, Licht: 2","201500","3","3","0","11","19","7","0","2","0","1","0","1"
"POINT (13.445876434000070 52.501931197000033)","Unfall 201501 (2019) Kat:3, Licht: 2","201501","3","6","2","11","18","7","0","2","0","1","0","0"
"POINT (13.476606626000034 52.472956458000056)","Unfall 201502 (2019) Kat:3, Licht: 0","201502","3","2","5","11","13","7","0","0","0","1","0","0"
"POINT (13.333117975000050 52.487093827000081)","Unfall 201503 (2019) Kat:3, Licht: 0","201503","3","7","5","11","13","7","0","0","0","1","0","0"
"POINT (13.286674401000028 52.479473711000026)","Unfall 201504 (2019) Kat:3, Licht: 0","201504","3","7","6","11","12","7","0","0","0","1","1","0"
"POINT (13.415548994000062 52.527077286000065)","Unfall 201505 (2019) Kat:3, Licht: 2","201505","3","2","0","11","02","7","0","2","0","1","0","0"
"POINT (13.484348664000038 52.533457427000030)","Unfall 201506 (2019) Kat:3, Licht: 0","201506","3","6","2","11","12","7","1","0","0","1","0","0"
"POINT (13.351953450000053 52.548077794000051)","Unfall 201507 (2019) Kat:2, Licht: 0","201507","2","5","0","11","10","7","1","0","0","1","0","1"
"POINT (13.339437979000024 52.533822426000029)","Unfall 201508 (2019) Kat:3, Licht: 0","201508","3","4","6","11","11","6","0","0","0","1","1","0"
"POINT (13.413604190000058 52.488399581000067)","Unfall 201509 (2019) Kat:3, Licht: 2","201509","3","3","0","11","22","6","0","2","1","1","0","0"
"POINT (13.494267172000036 52.540114721000066)","Unfall 201510 (2019) Kat:3, Licht: 2","201510","3","4","6","11","07","6","1","2","0","1","1","0"
"POINT (13.328456675000041 52.464927351000028)","Unfall 201511 (2019) Kat:3, Licht: 2","201511","3","2","5","11","19","6","0","2","1","1","0","0"
"POINT (13.331783692000045 52.496866393000062)","Unfall 201512 (2019) Kat:3, Licht: 2","201512","3","5","0","11","17","6","0","2","1","1","0","0"
"POINT (13.330979689000060 52.562437999000053)","Unfall 201513 (2019) Kat:3, Licht: 2","201513","3","6","2","11","17","6","0","2","0","1","0","0"
"POINT (13.376904596000031 52.510770056000069)","Unfall 201514 (2019) Kat:3, Licht: 0","201514","3","3","5","11","13","1","0","0","0","1","0","1"
"POINT (13.530698483000037 52.510168126000053)","Unfall 201515 (2019) Kat:3, Licht: 0","201515","3","3","5","11","12","1","0","0","1","1","0","0"
"POINT (13.377807382000071 52.473464948000071)","Unfall 201516 (2019) Kat:3, Licht: 2","201516","3","6","3","11","17","6","0","2","0","1","0","0"
"POINT (13.281233166000050 52.513104871000053)","Unfall 201517 (2019) Kat:3, Licht: 0","201517","3","6","3","11","12","1","0","0","0","1","0","0"
"POINT (13.270995995000021 52.519809759000054)","Unfall 201518 (2019) Kat:3, Licht: 0","201518","3","6","2","11","16","6","0","0","0","1","0","0"
"POINT (13.360172656000032 52.486469058000068)","Unfall 201519 (2019) Kat:3, Licht: 0","201519","3","5","0","11","11","1","0","0","1","1","0","0"
"POINT (13.474094529000070 52.609902349000038)","Unfall 201520 (2019) Kat:3, Licht: 0","201520","3","3","5","11","10","1","0","0","0","1","0","0"
"POINT (13.379876266000053 52.540154717000064)","Unfall 201521 (2019) Kat:3, Licht: 0","201521","3","1","0","11","16","6","1","0","1","0","0","0"
"POINT (13.290958127000067 52.537538805000054)","Unfall 201522 (2019) Kat:3, Licht: 2","201522","3","1","1","11","01","1","0","2","0","1","0","0"
"POINT (13.298762103000058 52.473367773000064)","Unfall 201523 (2019) Kat:3, Licht: 2","201523","3","2","6","11","16","1","0","2","0","1","1","0"
"POINT (13.559680822000075 52.444305289000056)","Unfall 201524 (2019) Kat:3, Licht: 2","201524","3","1","0","11","02","1","1","2","1","0","0","0"
"POINT (13.440420488000029 52.515855718000068)","Unfall 201525 (2019) Kat:3, Licht: 0","201525","3","3","5","11","14","6","0","0","1","1","0","0"
"POINT (13.441042459000073 52.556371069000079)","Unfall 201526 (2019) Kat:3, Licht: 0","201526","3","3","5","11","14","6","0","0","1","1","0","0"
"POINT (13.373425817000054 52.436886257000026)","Unfall 201527 (2019) Kat:2, Licht: 2","201527","2","4","6","11","19","1","0","2","0","1","1","0"
"POINT (13.353881725000065 52.523837994000075)","Unfall 201528 (2019) Kat:3, Licht: 2","201528","3","1","0","11","17","1","0","2","0","0","0","0"
"POINT (13.553560038000057 52.515828827000064)","Unfall 201529 (2019) Kat:2, Licht: 0","201529","2","3","5","11","15","6","0","0","1","1","0","0"
"POINT (13.512415200000078 52.535024989000078)","Unfall 201530 (2019) Kat:3, Licht: 2","201530","3","6","2","11","17","7","0","2","0","1","0","0"
"POINT (13.379031745000077 52.529256438000061)","Unfall 201531 (2019) Kat:2, Licht: 2","201531","2","1","0","11","17","7","0","2","1","0","0","0"
"POINT (13.376783908000050 52.408429282000043)","Unfall 201532 (2019) Kat:3, Licht: 1","201532","3","3","5","11","15","6","0","1","0","1","0","0"
"POINT (13.285408944000039 52.506510933000072)","Unfall 201533 (2019) Kat:3, Licht: 0","201533","3","3","5","11","14","6","0","0","0","1","0","0"
"POINT (13.348911975000021 52.545481671000061)","Unfall 201534 (2019) Kat:3, Licht: 0","201534","3","4","6","11","15","7","0","0","0","1","1","0"
"POINT (13.485490073000051 52.523346236000066)","Unfall 201535 (2019) Kat:3, Licht: 0","201535","3","6","2","11","13","7","0","0","0","1","0","0"
"POINT (13.416684980000070 52.553662073000055)","Unfall 201536 (2019) Kat:3, Licht: 0","201536","3","6","2","11","14","6","0","0","0","1","0","0"
"POINT (13.435024095000074 52.508684984000070)","Unfall 201537 (2019) Kat:3, Licht: 0","201537","3","2","2","11","14","6","0","0","0","0","0","1"
"POINT (13.464807957000062 52.550180779000073)","Unfall 201538 (2019) Kat:3, Licht: 0","201538","3","5","0","11","12","7","0","0","0","1","0","0"
"POINT (13.353026360000058 52.408274547000076)","Unfall 201539 (2019) Kat:3, Licht: 0","201539","3","6","3","11","12","7","0","0","1","1","0","0"
"POINT (13.498151423000024 52.513921887000038)","Unfall 201540 (2019) Kat:3, Licht: 2","201540","3","2","0","11","22","7","0","2","1","1","0","0"
"POINT (13.400327751000077 52.483708915000079)","Unfall 201541 (2019) Kat:3, Licht: 0","201541","3","7","6","11","12","6","0","0","0","1","1","0"
"POINT (13.577786917000026 52.547862735000081)","Unfall 201542 (2019) Kat:2, Licht: 2","201542","2","4","6","11","20","7","0","2","0","1","1","0"
"POINT (13.314391639000064 52.518079258000057)","Unfall 201543 (2019) Kat:3, Licht: 0","201543","3","7","0","11","14","6","0","0","1","1","0","0"
"POINT (13.370485371000029 52.560134040000037)","Unfall 201544 (2019) Kat:3, Licht: 2","201544","3","5","0","11","19","7","0","2","0","1","0","0"
"POINT (13.317728799000065 52.427836476000039)","Unfall 201545 (2019) Kat:2, Licht: 2","201545","2","6","4","11","20","7","0","2","0","1","0","0"
"POINT (13.327558398000065 52.524590078000074)","Unfall 201546 (2019) Kat:2, Licht: 0","201546","2","6","0","11","13","6","0","0","0","1","0","1"
"POINT (13.591529297000022 52.542081276000033)","Unfall 201547 (2019) Kat:3, Licht: 2","201547","3","1","0","11","19","7","0","2","0","0","0","1"
"POINT (13.333436810000023 52.595538976000057)","Unfall 201548 (2019) Kat:3, Licht: 0","201548","3","6","2","11","10","7","0","0","0","1","0","0"
"POINT (13.299466068000072 52.519696640000063)","Unfall 201549 (2019) Kat:3, Licht: 0","201549","3","2","5","11","10","7","0","0","0","1","0","0"
"POINT (13.509243916000059 52.551579374000028)","Unfall 201550 (2019) Kat:3, Licht: 0","201550","3","7","6","11","13","6","0","0","0","1","1","0"
"POINT (13.409768459000077 52.524015992000045)","Unfall 201551 (2019) Kat:2, Licht: 0","201551","2","2","0","11","13","6","0","0","1","1","0","0"
"POINT (13.425537438000049 52.480796073000079)","Unfall 201552 (2019) Kat:3, Licht: 2","201552","3","1","0","11","07","7","0","2","1","0","0","0"
"POINT (13.508824911000033 52.549990408000042)","Unfall 201553 (2019) Kat:3, Licht: 2","201553","3","1","9","11","02","7","1","2","0","1","0","0"
"POINT (13.393177216000026 52.564468923000049)","Unfall 201554 (2019) Kat:3, Licht: 0","201554","3","2","0","11","12","6","0","0","1","1","0","0"
"POINT (13.301131553000062 52.470362951000027)","Unfall 201555 (2019) Kat:3, Licht: 0","201555","3","5","1","11","12","6","0","0","1","1","0","0"
"POINT (13.354047652000077 52.592350755000041)","Unfall 201556 (2019) Kat:3, Licht: 0","201556","3","3","5","11","09","6","1","0","1","1","0","0"
"POINT (13.433508346000053 52.443969884000069)","Unfall 201557 (2019) Kat:3, Licht: 2","201557","3","2","6","11","17","6","0","2","0","1","1","0"
"POINT (13.373033046000046 52.538212865000048)","Unfall 201558 (2019) Kat:3, Licht: 0","201558","3","6","3","11","12","6","0","0","0","1","0","1"
"POINT (13.286030954000069 52.586925061000045)","Unfall 201559 (2019) Kat:3, Licht: 2","201559","3","3","5","11","21","6","0","2","0","1","0","0"
"POINT (13.392427852000026 52.555037354000035)","Unfall 201560 (2019) Kat:3, Licht: 2","201560","3","7","6","11","20","6","0","2","0","1","1","0"
"POINT (13.414235120000058 52.511487310000064)","Unfall 201561 (2019) Kat:3, Licht: 0","201561","3","5","5","11","10","6","0","0","1","0","0","0"
"POINT (13.245609963000049 52.527690938000035)","Unfall 201562 (2019) Kat:3, Licht: 0","201562","3","7","5","11","10","6","0","0","0","1","0","1"
"POINT (13.438597295000022 52.452619988000038)","Unfall 201563 (2019) Kat:3, Licht: 2","201563","3","2","5","11","19","6","0","2","0","1","0","0"
"POINT (13.402098184000067 52.488831948000040)","Unfall 201564 (2019) Kat:3, Licht: 2","201564","3","7","0","11","23","6","0","2","1","0","0","0"
"POINT (13.297892355000045 52.453031490000058)","Unfall 201565 (2019) Kat:2, Licht: 2","201565","2","7","1","11","19","6","1","2","0","1","0","0"
"POINT (13.408870874000058 52.530249204000029)","Unfall 201566 (2019) Kat:3, Licht: 0","201566","3","5","1","11","09","6","0","0","1","1","0","0"
"POINT (13.291617914000028 52.483148615000061)","Unfall 201567 (2019) Kat:3, Licht: 2","201567","3","5","3","11","19","6","1","2","0","1","0","1"
"POINT (13.169174948000034 52.532375134000063)","Unfall 201568 (2019) Kat:2, Licht: 0","201568","2","7","0","11","10","6","0","0","0","1","0","0"
"POINT (13.380908606000048 52.516369604000033)","Unfall 201569 (2019) Kat:3, Licht: 2","201569","3","2","5","11","18","6","0","2","1","1","0","0"
"POINT (13.434089696000058 52.508663705000060)","Unfall 201570 (2019) Kat:3, Licht: 2","201570","3","5","1","11","18","6","1","2","1","1","0","0"
"POINT (13.480835600000034 52.461031490000039)","Unfall 201571 (2019) Kat:3, Licht: 0","201571","3","6","2","11","08","6","0","0","0","1","0","0"
"POINT (13.363278055000023 52.524575994000031)","Unfall 201572 (2019) Kat:3, Licht: 0","201572","3","2","5","11","08","6","0","0","0","1","0","0"
"POINT (13.452656871000045 52.547550351000041)","Unfall 201573 (2019) Kat:3, Licht: 2","201573","3","5","0","11","18","6","0","2","0","1","0","0"
"POINT (13.463796030000026 52.530189550000046)","Unfall 201574 (2019) Kat:3, Licht: 1","201574","3","6","0","11","06","6","0","1","0","1","0","1"
"POINT (13.412926520000042 52.545292636000056)","Unfall 201575 (2019) Kat:3, Licht: 2","201575","3","6","2","11","17","6","0","2","0","1","0","0"
"POINT (13.411309793000044 52.550757819000069)","Unfall 201576 (2019) Kat:3, Licht: 2","201576","3","5","1","11","17","6","0","2","1","1","0","0"
"POINT (13.447611990000041 52.553254402000050)","Unfall 201577 (2019) Kat:3, Licht: 0","201577","3","7","6","11","08","6","0","0","1","0","1","0"
"POINT (13.222425347000069 52.528670118000036)","Unfall 201578 (2019) Kat:2, Licht: 2","201578","2","4","6","11","06","6","0","2","0","1","1","0"
"POINT (13.483737346000055 52.425542841000038)","Unfall 201579 (2019) Kat:3, Licht: 2","201579","3","6","2","11","17","6","1","2","0","1","0","0"
"POINT (13.199183444000028 52.532878019000066)","Unfall 201580 (2019) Kat:2, Licht: 2","201580","2","1","0","11","17","6","0","2","1","0","0","0"
"POINT (13.330572985000060 52.539463981000040)","Unfall 201581 (2019) Kat:3, Licht: 0","201581","3","6","3","11","08","6","0","0","0","1","0","0"
"POINT (13.155759103000037 52.521608180000044)","Unfall 201582 (2019) Kat:2, Licht: 2","201582","2","4","6","11","05","6","0","2","0","0","1","0"
"POINT (13.506325279000066 52.437467537000032)","Unfall 201583 (2019) Kat:3, Licht: 2","201583","3","7","0","11","17","6","0","2","1","0","0","0"
"POINT (13.536193088000061 52.440265790000069)","Unfall 201584 (2019) Kat:3, Licht: 2","201584","3","7","6","11","17","6","0","2","0","1","1","0"
"POINT (13.591616496000029 52.541489836000039)","Unfall 201585 (2019) Kat:2, Licht: 1","201585","2","3","5","11","07","6","0","1","1","1","0","0"
"POINT (13.563466058000074 52.517114612000057)","Unfall 201586 (2019) Kat:3, Licht: 2","201586","3","5","0","11","17","6","0","2","0","1","0","0"
"POINT (13.350155433000054 52.414386451000041)","Unfall 201587 (2019) Kat:3, Licht: 1","201587","3","2","6","11","16","5","0","1","0","0","1","0"
"POINT (13.332259433000047 52.417618614000048)","Unfall 201588 (2019) Kat:3, Licht: 0","201588","3","3","5","11","11","6","1","0","0","1","0","0"
"POINT (13.556502199000022 52.411045516000058)","Unfall 201589 (2019) Kat:3, Licht: 0","201589","3","7","8","11","10","6","1","0","0","1","0","0"
"POINT (13.340178255000069 52.503840601000036)","Unfall 201590 (2019) Kat:3, Licht: 2","201590","3","7","6","11","19","5","0","2","0","0","1","0"
"POINT (13.377792741000064 52.563685070000076)","Unfall 201591 (2019) Kat:3, Licht: 2","201591","3","6","3","11","07","5","0","2","0","1","0","0"
"POINT (13.435783612000023 52.491810285000042)","Unfall 201592 (2019) Kat:3, Licht: 1","201592","3","5","1","11","16","6","0","1","1","1","0","0"
"POINT (13.613343901000064 52.508820361000062)","Unfall 201593 (2019) Kat:3, Licht: 1","201593","3","5","1","11","15","6","0","1","0","1","0","0"
"POINT (13.280662753000058 52.634177276000059)","Unfall 201594 (2019) Kat:3, Licht: 0","201594","3","3","5","11","07","5","0","0","1","1","0","0"
"POINT (13.338259438000023 52.416600352000046)","Unfall 201595 (2019) Kat:3, Licht: 0","201595","3","2","6","11","09","5","0","0","0","1","1","0"
"POINT (13.302335282000058 52.518839496000055)","Unfall 201596 (2019) Kat:3, Licht: 0","201596","3","2","5","11","15","6","0","0","0","1","0","0"
"POINT (13.380759861000058 52.474648557000080)","Unfall 201597 (2019) Kat:3, Licht: 0","201597","3","6","0","11","13","6","0","0","1","1","0","0"
"POINT (13.301641622000034 52.529250316000059)","Unfall 201598 (2019) Kat:3, Licht: 2","201598","3","2","5","11","01","5","0","2","0","1","0","0"
"POINT (13.571686625000041 52.437589185000036)","Unfall 201599 (2019) Kat:3, Licht: 2","201599","3","6","4","11","19","5","0","2","0","1","0","0"
"POINT (13.504806764000023 52.563016214000072)","Unfall 201600 (2019) Kat:3, Licht: 0","201600","3","4","6","11","13","6","0","0","0","1","1","0"
"POINT (13.462853762000066 52.515022385000066)","Unfall 201601 (2019) Kat:3, Licht: 0","201601","3","2","5","11","09","6","1","0","1","1","0","0"
"POINT (13.511752106000074 52.550747251000075)","Unfall 201602 (2019) Kat:3, Licht: 0","201602","3","2","5","11","09","6","0","0","0","1","0","0"
"POINT (13.616550006000068 52.531584236000072)","Unfall 201603 (2019) Kat:2, Licht: 2","201603","2","5","1","11","19","5","0","2","0","1","0","0"
"POINT (13.503191741000023 52.562445966000041)","Unfall 201604 (2019) Kat:2, Licht: 2","201604","2","4","6","11","18","5","0","2","0","0","1","0"
"POINT (13.427426207000053 52.552406307000069)","Unfall 201605 (2019) Kat:3, Licht: 0","201605","3","3","5","11","09","6","0","0","0","1","0","0"
"POINT (13.612656343000026 52.515156779000051)","Unfall 201606 (2019) Kat:3, Licht: 0","201606","3","3","5","11","13","6","0","0","0","1","0","0"
"POINT (13.376779759000044 52.556318055000077)","Unfall 201607 (2019) Kat:3, Licht: 2","201607","3","6","2","11","17","5","0","2","0","1","0","0"
"POINT (13.591591529000027 52.541638049000028)","Unfall 201608 (2019) Kat:3, Licht: 0","201608","3","3","5","11","15","5","0","0","1","1","0","0"
"POINT (13.370970297000042 52.540067704000080)","Unfall 201609 (2019) Kat:3, Licht: 0","201609","3","6","2","11","08","6","1","0","0","1","0","1"
"POINT (13.466956386000049 52.497533883000074)","Unfall 201610 (2019) Kat:3, Licht: 1","201610","3","6","0","11","07","6","1","1","0","1","0","1"
"POINT (13.370082207000053 52.460573233000048)","Unfall 201611 (2019) Kat:3, Licht: 0","201611","3","2","5","11","15","5","0","0","1","1","0","0"
"POINT (13.427444528000024 52.552399697000055)","Unfall 201612 (2019) Kat:3, Licht: 0","201612","3","3","5","11","12","6","0","0","0","1","0","0"
"POINT (13.495405783000024 52.431611902000043)","Unfall 201613 (2019) Kat:2, Licht: 0","201613","2","2","5","11","12","5","0","0","1","1","0","0"
"POINT (13.373943077000035 52.556547369000043)","Unfall 201614 (2019) Kat:3, Licht: 2","201614","3","6","2","11","06","6","1","2","0","1","0","0"
"POINT (13.604043604000026 52.539202084000067)","Unfall 201615 (2019) Kat:2, Licht: 2","201615","2","2","6","11","07","6","1","2","0","1","1","0"
"POINT (13.399548780000032 52.403426210000077)","Unfall 201616 (2019) Kat:2, Licht: 0","201616","2","7","1","11","12","5","0","0","0","1","0","0"
"POINT (13.313291388000039 52.502360458000055)","Unfall 201617 (2019) Kat:3, Licht: 0","201617","3","6","2","11","12","5","0","0","0","1","0","0"
"POINT (13.328236300000071 52.535408713000038)","Unfall 201618 (2019) Kat:3, Licht: 2","201618","3","2","5","11","05","6","1","2","1","0","0","0"
"POINT (13.455880410000077 52.473886082000035)","Unfall 201619 (2019) Kat:3, Licht: 2","201619","3","2","6","11","05","6","1","2","0","1","1","0"
"POINT (13.549237749000042 52.543520340000043)","Unfall 201620 (2019) Kat:3, Licht: 0","201620","3","6","3","11","11","5","0","0","0","1","0","0"
"POINT (13.418206195000039 52.517440161000081)","Unfall 201621 (2019) Kat:3, Licht: 0","201621","3","7","5","11","10","5","0","0","1","1","0","0"
"POINT (13.603305864000049 52.434413070000062)","Unfall 201622 (2019) Kat:2, Licht: 0","201622","2","6","4","11","12","6","1","0","0","1","0","0"
"POINT (13.574137021000070 52.444357307000075)","Unfall 201623 (2019) Kat:3, Licht: 0","201623","3","6","2","11","11","6","1","0","0","1","0","0"
"POINT (13.309848919000046 52.431623396000077)","Unfall 201624 (2019) Kat:3, Licht: 0","201624","3","6","2","11","15","5","0","0","0","1","0","1"
"POINT (13.171480345000077 52.528420902000050)","Unfall 201625 (2019) Kat:3, Licht: 0","201625","3","5","1","11","11","6","1","0","1","0","0","0"
"POINT (13.356603215000064 52.535690262000060)","Unfall 201626 (2019) Kat:3, Licht: 0","201626","3","2","5","11","14","5","0","0","1","1","0","0"
"POINT (13.498497401000066 52.515708660000030)","Unfall 201627 (2019) Kat:3, Licht: 0","201627","3","2","5","11","13","5","0","0","1","1","0","0"
"POINT (13.411968436000052 52.505215705000069)","Unfall 201628 (2019) Kat:3, Licht: 0","201628","3","5","3","11","11","6","0","0","1","1","0","0"
"POINT (13.504054648000022 52.567293814000038)","Unfall 201629 (2019) Kat:3, Licht: 0","201629","3","4","6","11","13","5","0","0","0","1","1","0"
"POINT (13.344612605000066 52.463739810000050)","Unfall 201630 (2019) Kat:3, Licht: 2","201630","3","7","0","11","19","6","1","2","0","0","0","0"
"POINT (13.370557957000074 52.539826018000042)","Unfall 201631 (2019) Kat:3, Licht: 2","201631","3","2","5","11","22","5","0","2","0","1","0","1"
"POINT (13.485937087000025 52.526665952000030)","Unfall 201632 (2019) Kat:3, Licht: 2","201632","3","6","3","11","19","5","0","2","1","0","0","0"
"POINT (13.450071408000042 52.476686229000052)","Unfall 201633 (2019) Kat:3, Licht: 0","201633","3","2","5","11","14","5","0","0","1","1","0","0"
"POINT (13.265480091000029 52.535702121000043)","Unfall 201634 (2019) Kat:3, Licht: 2","201634","3","6","2","11","17","5","1","2","0","1","0","0"
"POINT (13.241385628000046 52.617956614000036)","Unfall 201635 (2019) Kat:3, Licht: 0","201635","3","3","5","11","10","5","0","0","0","1","0","0"
"POINT (13.291474713000071 52.596016064000082)","Unfall 201636 (2019) Kat:2, Licht: 2","201636","2","2","6","11","17","5","1","2","0","1","1","0"
"POINT (13.302270320000048 52.547891194000044)","Unfall 201637 (2019) Kat:2, Licht: 2","201637","2","2","5","11","17","5","1","2","0","1","0","1"
"POINT (13.519150530000047 52.535478428000033)","Unfall 201638 (2019) Kat:3, Licht: 2","201638","3","6","2","11","17","5","1","2","0","1","0","0"
"POINT (13.549807696000073 52.542881784000031)","Unfall 201639 (2019) Kat:3, Licht: 2","201639","3","2","6","11","17","5","1","2","0","1","1","0"
"POINT (13.345160253000074 52.488812844000051)","Unfall 201640 (2019) Kat:3, Licht: 2","201640","3","6","2","11","16","5","1","2","0","1","0","0"
"POINT (13.530432471000040 52.509722549000060)","Unfall 201641 (2019) Kat:3, Licht: 2","201641","3","3","6","11","19","5","0","2","0","1","1","0"
"POINT (13.438182605000065 52.482756360000053)","Unfall 201642 (2019) Kat:3, Licht: 0","201642","3","3","5","11","09","5","0","0","0","1","0","1"
"POINT (13.482231295000076 52.610661263000054)","Unfall 201643 (2019) Kat:3, Licht: 2","201643","3","5","1","11","16","5","1","2","1","1","0","0"
"POINT (13.415277473000060 52.526848343000040)","Unfall 201644 (2019) Kat:3, Licht: 2","201644","3","4","6","11","17","5","1","2","0","1","1","0"
"POINT (13.314052129000061 52.506213700000046)","Unfall 201645 (2019) Kat:3, Licht: 2","201645","3","2","6","11","16","5","1","2","0","1","1","0"
"POINT (13.575724156000035 52.423844723000059)","Unfall 201646 (2019) Kat:3, Licht: 0","201646","3","3","5","11","08","5","0","0","0","1","0","1"
"POINT (13.342169425000066 52.501854278000053)","Unfall 201647 (2019) Kat:2, Licht: 2","201647","2","4","6","11","16","5","1","2","0","1","1","0"
"POINT (13.403281777000075 52.435833189000050)","Unfall 201648 (2019) Kat:2, Licht: 0","201648","2","7","1","11","09","5","0","0","0","1","0","0"
"POINT (13.393207965000045 52.537508372000048)","Unfall 201649 (2019) Kat:3, Licht: 2","201649","3","2","5","11","16","5","1","2","1","1","0","0"
"POINT (13.386638131000041 52.511919172000034)","Unfall 201650 (2019) Kat:3, Licht: 1","201650","3","2","5","11","16","5","1","1","0","1","0","0"
"POINT (13.414090476000069 52.503902419000042)","Unfall 201651 (2019) Kat:3, Licht: 2","201651","3","5","5","11","06","5","0","2","1","0","0","0"
"POINT (13.371475319000069 52.569379389000062)","Unfall 201652 (2019) Kat:3, Licht: 1","201652","3","4","6","11","15","5","1","1","0","1","1","0"
"POINT (13.319532525000056 52.606934638000041)","Unfall 201653 (2019) Kat:3, Licht: 0","201653","3","4","6","11","15","5","1","0","0","1","1","0"
"POINT (13.441252648000045 52.532049000000029)","Unfall 201654 (2019) Kat:3, Licht: 1","201654","3","2","5","11","15","5","0","1","1","0","0","0"
"POINT (13.505020325000032 52.437081814000067)","Unfall 201655 (2019) Kat:3, Licht: 0","201655","3","2","6","11","09","5","0","0","0","1","1","0"
"POINT (13.283297003000030 52.458775427000035)","Unfall 201656 (2019) Kat:3, Licht: 1","201656","3","4","6","11","15","5","1","1","0","0","1","0"
"POINT (13.638661945000024 52.447673177000070)","Unfall 201657 (2019) Kat:3, Licht: 0","201657","3","1","0","11","14","5","1","0","1","0","0","0"
"POINT (13.322611231000053 52.624646311000049)","Unfall 201658 (2019) Kat:3, Licht: 0","201658","3","3","5","11","09","5","0","0","1","1","0","0"
"POINT (13.342165572000056 52.447074317000045)","Unfall 201659 (2019) Kat:2, Licht: 0","201659","2","7","0","11","14","5","1","0","0","1","0","0"
"POINT (13.406556773000034 52.525154190000080)","Unfall 201660 (2019) Kat:3, Licht: 2","201660","3","1","0","11","01","5","0","2","0","0","0","0"
"POINT (13.363834423000071 52.528405664000047)","Unfall 201661 (2019) Kat:3, Licht: 0","201661","3","4","6","11","12","5","1","0","0","1","1","0"