WKT,Name,OBJECTID,UKATEGORIE,UTYP1,UART,UMONAT,USTUNDE,UWOCHENTAG,STRZUSTAND,ULICHTVERH,ISTRAD,ISTPKW,ISTFUSS,ISTKRAD
"POINT (13.315595236000036 52.443191068000033)","Unfall 201662 (2019) Kat:2, Licht: 0","201662","2","2","6","11","12","5","0","0","0","1","1","0"
"POINT (13.428461508000055 52.507242351000059)","Unfall 201663 (2019) Kat:3, Licht: 2","201663","3","1","0","11","00","5","1","2","1","0","0","0"
"POINT (13.392438220000031 52.506704931000058)","Unfall 201664 (2019) Kat:3, Licht: 2","201664","3","4","6","11","20","4","0","2","0","1","1","0"
"POINT (13.409986576000051 52.518032218000030)","Unfall 201665 (2019) Kat:2, Licht: 0","201665","2","6","3","11","12","5","0","0","1","0","0","0"
"POINT (13.406911167000032 52.586387183000056)","Unfall 201666 (2019) Kat:3, Licht: 0","201666","3","3","5","11","12","5","0","0","0","1","0","0"
"POINT (13.579572095000060 52.455000548000044)","Unfall 201667 (2019) Kat:3, Licht: 2","201667","3","5","0","11","17","4","1","2","0","1","1","0"
"POINT (13.415799653000022 52.480599046000066)","Unfall 201668 (2019) Kat:3, Licht: 1","201668","3","3","5","11","07","4","0","1","1","0","0","0"
"POINT (13.308921316000067 52.506006716000059)","Unfall 201669 (2019) Kat:3, Licht: 0","201669","3","4","6","11","10","5","0","0","0","1","1","0"
"POINT (13.329460394000023 52.607259024000030)","Unfall 201670 (2019) Kat:3, Licht: 0","201670","3","5","1","11","11","5","1","0","0","1","0","0"
"POINT (13.328086050000024 52.507148665000045)","Unfall 201671 (2019) Kat:3, Licht: 0","201671","3","2","5","11","09","5","0","0","1","1","0","0"
"POINT (13.432251901000029 52.499250993000032)","Unfall 201672 (2019) Kat:3, Licht: 2","201672","3","4","6","11","20","4","0","2","0","1","1","0"
"POINT (13.424820607000072 52.502096908000055)","Unfall 201673 (2019) Kat:3, Licht: 0","201673","3","3","5","11","09","5","0","0","1","1","0","0"
"POINT (13.522334258000058 52.428536355000062)","Unfall 201674 (2019) Kat:3, Licht: 2","201674","3","3","5","11","19","4","0","2","1","1","0","0"
"POINT (13.328367443000047 52.454323081000041)","Unfall 201675 (2019) Kat:3, Licht: 0","201675","3","2","2","11","08","5","0","0","1","1","0","0"
"POINT (13.394988678000061 52.503169016000072)","Unfall 201676 (2019) Kat:3, Licht: 2","201676","3","3","5","11","22","5","1","2","1","1","0","0"
"POINT (13.325477136000075 52.481771761000061)","Unfall 201677 (2019) Kat:3, Licht: 2","201677","3","2","5","11","18","4","0","2","1","1","0","0"
"POINT (13.626068574000044 52.529330567000045)","Unfall 201678 (2019) Kat:3, Licht: 2","201678","3","2","5","11","20","5","1","2","0","1","0","0"
"POINT (13.468174329000021 52.499129559000039)","Unfall 201679 (2019) Kat:3, Licht: 2","201679","3","6","2","11","18","5","1","2","0","1","0","0"
"POINT (13.391177176000042 52.544723033000082)","Unfall 201680 (2019) Kat:3, Licht: 2","201680","3","2","6","11","20","5","1","2","0","1","1","0"
"POINT (13.407941174000030 52.504384014000038)","Unfall 201681 (2019) Kat:3, Licht: 2","201681","3","2","5","11","18","4","0","2","1","1","0","0"
"POINT (13.370069900000033 52.574661568000067)","Unfall 201682 (2019) Kat:2, Licht: 2","201682","2","4","6","11","18","4","0","2","0","1","1","0"
"POINT (13.363603794000028 52.556675367000082)","Unfall 201683 (2019) Kat:2, Licht: 2","201683","2","1","1","11","19","5","1","2","0","1","0","0"
"POINT (13.286934076000023 52.638983932000031)","Unfall 201684 (2019) Kat:2, Licht: 2","201684","2","5","1","11","19","5","1","2","1","1","0","0"
"POINT (13.424544478000030 52.497200193000026)","Unfall 201685 (2019) Kat:3, Licht: 0","201685","3","3","5","11","14","4","0","0","0","1","0","0"
"POINT (13.283053798000026 52.518653521000033)","Unfall 201686 (2019) Kat:3, Licht: 2","201686","3","1","4","12","22","4","0","2","0","1","0","0"
"POINT (13.422978241000067 52.500265860000070)","Unfall 201687 (2019) Kat:3, Licht: 2","201687","3","2","5","12","22","4","0","2","0","1","0","1"
"POINT (13.469767390000072 52.434756610000079)","Unfall 201688 (2019) Kat:3, Licht: 2","201688","3","1","1","12","21","4","0","2","0","1","0","0"
"POINT (13.469619921000060 52.512441878000061)","Unfall 201689 (2019) Kat:2, Licht: 0","201689","2","1","1","12","12","4","1","0","1","1","0","0"
"POINT (13.343143036000072 52.526640471000064)","Unfall 201690 (2019) Kat:3, Licht: 0","201690","3","6","2","12","11","4","0","0","0","1","0","0"
"POINT (13.451486887000044 52.480663005000054)","Unfall 201691 (2019) Kat:3, Licht: 0","201691","3","5","1","12","09","4","0","0","1","1","0","0"
"POINT (13.335613594000051 52.499388056000043)","Unfall 201692 (2019) Kat:3, Licht: 0","201692","3","2","2","12","09","4","1","0","1","1","0","0"
"POINT (13.528260477000060 52.556893287000037)","Unfall 201693 (2019) Kat:3, Licht: 0","201693","3","2","5","12","09","4","0","0","1","1","0","0"
"POINT (13.284675934000063 52.474016815000027)","Unfall 201694 (2019) Kat:3, Licht: 0","201694","3","3","5","12","09","4","1","0","1","1","0","0"
"POINT (13.435094936000041 52.508406302000026)","Unfall 201695 (2019) Kat:2, Licht: 0","201695","2","4","6","12","09","4","0","0","0","1","1","0"
"POINT (13.397049684000024 52.513869064000062)","Unfall 201696 (2019) Kat:3, Licht: 0","201696","3","5","1","12","09","4","0","0","1","1","0","0"
"POINT (13.517881014000068 52.466087312000070)","Unfall 201697 (2019) Kat:3, Licht: 0","201697","3","3","5","12","08","4","1","0","0","1","0","0"
"POINT (13.210139313000070 52.548998048000044)","Unfall 201698 (2019) Kat:3, Licht: 0","201698","3","6","3","12","08","4","1","0","0","1","0","1"
"POINT (13.397325022000075 52.567095685000027)","Unfall 201699 (2019) Kat:3, Licht: 2","201699","3","3","0","12","05","4","1","2","0","0","0","1"
"POINT (13.255081229000041 52.440611541000067)","Unfall 201700 (2019) Kat:3, Licht: 2","201700","3","2","0","12","16","4","0","2","0","1","1","0"
"POINT (13.347247422000066 52.556579959000032)","Unfall 201701 (2019) Kat:3, Licht: 2","201701","3","5","1","12","16","4","1","2","1","1","0","0"
"POINT (13.315329278000036 52.449553616000060)","Unfall 201702 (2019) Kat:3, Licht: 0","201702","3","2","5","12","14","4","0","0","0","1","0","0"
"POINT (13.488329368000052 52.451283058000058)","Unfall 201703 (2019) Kat:3, Licht: 0","201703","3","3","5","12","14","4","0","0","1","1","0","0"
"POINT (13.544824822000066 52.522221096000067)","Unfall 201704 (2019) Kat:3, Licht: 1","201704","3","6","4","12","15","3","1","1","1","1","0","0"
"POINT (13.198863561000053 52.534890702000041)","Unfall 201705 (2019) Kat:2, Licht: 0","201705","2","4","6","12","11","3","1","0","0","1","1","0"
"POINT (13.259865747000049 52.429183108000075)","Unfall 201706 (2019) Kat:3, Licht: 0","201706","3","2","0","12","09","3","1","0","1","1","0","0"
"POINT (13.509527683000044 52.551114577000078)","Unfall 201707 (2019) Kat:2, Licht: 0","201707","2","4","6","12","09","3","1","0","0","1","1","0"
"POINT (13.443826638000075 52.525316695000072)","Unfall 201708 (2019) Kat:3, Licht: 0","201708","3","6","2","12","10","3","1","0","0","1","0","0"
"POINT (13.264519118000067 52.508966687000054)","Unfall 201709 (2019) Kat:3, Licht: 0","201709","3","3","5","12","09","3","1","0","0","1","0","0"
"POINT (13.382549961000052 52.458343993000028)","Unfall 201710 (2019) Kat:2, Licht: 0","201710","2","3","5","12","09","3","2","0","0","1","0","0"
"POINT (13.436924031000046 52.481120295000039)","Unfall 201711 (2019) Kat:3, Licht: 0","201711","3","6","3","12","08","3","0","0","1","1","0","0"
"POINT (13.418454278000070 52.451969846000054)","Unfall 201712 (2019) Kat:3, Licht: 0","201712","3","6","2","12","08","3","0","0","0","1","0","0"
"POINT (13.476219193000077 52.512565012000039)","Unfall 201713 (2019) Kat:3, Licht: 0","201713","3","1","0","12","07","3","2","0","1","0","0","0"
"POINT (13.276189485000032 52.433434673000079)","Unfall 201714 (2019) Kat:3, Licht: 0","201714","3","2","6","12","08","3","0","0","0","1","1","0"
"POINT (13.383454344000029 52.493460864000042)","Unfall 201715 (2019) Kat:3, Licht: 0","201715","3","2","0","12","07","3","2","0","1","0","0","0"
"POINT (13.551734290000070 52.428486395000050)","Unfall 201716 (2019) Kat:3, Licht: 1","201716","3","2","5","12","07","3","1","1","0","1","0","1"
"POINT (13.225460720000058 52.552128315000061)","Unfall 201717 (2019) Kat:3, Licht: 2","201717","3","5","1","12","05","3","2","2","0","1","0","0"
"POINT (13.292083677000051 52.590566186000046)","Unfall 201718 (2019) Kat:3, Licht: 2","201718","3","2","5","12","05","3","2","2","0","1","0","0"
"POINT (13.398738022000032 52.532580913000061)","Unfall 201719 (2019) Kat:3, Licht: 2","201719","3","2","6","12","21","3","1","2","0","1","1","0"
"POINT (13.302926259000060 52.580731750000041)","Unfall 201720 (2019) Kat:3, Licht: 2","201720","3","2","5","12","20","3","0","2","0","1","0","0"
"POINT (13.465741192000053 52.552002482000034)","Unfall 201721 (2019) Kat:3, Licht: 2","201721","3","1","0","12","20","3","2","2","0","0","0","1"
"POINT (13.514278653000076 52.446376755000074)","Unfall 201722 (2019) Kat:3, Licht: 2","201722","3","2","5","12","20","3","1","2","1","1","0","0"
"POINT (13.582013523000057 52.442266610000047)","Unfall 201723 (2019) Kat:3, Licht: 2","201723","3","1","1","12","17","3","1","2","0","1","0","1"
"POINT (13.441605629000037 52.543293388000052)","Unfall 201724 (2019) Kat:3, Licht: 2","201724","3","2","5","12","17","3","1","2","1","1","0","0"
"POINT (13.459570192000058 52.562937014000056)","Unfall 201725 (2019) Kat:3, Licht: 2","201725","3","6","2","12","17","3","1","2","0","1","0","0"
"POINT (13.619530350000048 52.522431041000061)","Unfall 201726 (2019) Kat:3, Licht: 2","201726","3","2","2","12","18","3","1","2","0","1","0","0"
"POINT (13.399157926000044 52.524785197000028)","Unfall 201727 (2019) Kat:3, Licht: 2","201727","3","5","1","12","18","3","1","2","1","1","0","0"
"POINT (13.416487910000058 52.519653642000037)","Unfall 201728 (2019) Kat:3, Licht: 2","201728","3","2","2","12","16","3","1","2","0","1","0","0"
"POINT (13.530743089000055 52.492628743000068)","Unfall 201729 (2019) Kat:3, Licht: 1","201729","3","6","0","12","07","3","2","1","1","1","0","0"
"POINT (13.359329733000038 52.456583958000067)","Unfall 201730 (2019) Kat:3, Licht: 2","201730","3","2","6","12","17","3","1","2","0","1","1","0"
"POINT (13.368301373000065 52.563980883000056)","Unfall 201731 (2019) Kat:3, Licht: 2","201731","3","5","1","12","17","3","1","2","0","1","0","1"
"POINT (13.458342529000049 52.549992475000067)","Unfall 201732 (2019) Kat:2, Licht: 2","201732","2","4","6","12","16","3","1","2","0","1","1","0"
"POINT (13.436066907000054 52.542209663000051)","Unfall 201733 (2019) Kat:3, Licht: 2","201733","3","6","2","12","17","3","1","2","0","1","0","0"
"POINT (13.427032738000037 52.552205711000056)","Unfall 201734 (2019) Kat:3, Licht: 2","201734","3","3","5","12","16","3","1","2","0","1","0","0"
"POINT (13.315952030000062 52.525796415000059)","Unfall 201735 (2019) Kat:3, Licht: 2","201735","3","2","5","12","16","3","1","2","0","1","0","0"
"POINT (13.414748019000058 52.553867435000029)","Unfall 201736 (2019) Kat:3, Licht: 0","201736","3","3","5","12","15","3","1","0","1","1","0","0"
"POINT (13.378145181000036 52.424754988000075)","Unfall 201737 (2019) Kat:2, Licht: 0","201737","2","5","1","12","15","3","1","0","0","1","0","0"
"POINT (13.396820125000033 52.514333790000080)","Unfall 201738 (2019) Kat:3, Licht: 0","201738","3","3","5","12","15","3","1","0","1","1","0","0"
"POINT (13.309140361000061 52.491631821000055)","Unfall 201739 (2019) Kat:3, Licht: 0","201739","3","6","2","12","15","3","0","0","0","1","0","0"
"POINT (13.295990930000073 52.495910734000063)","Unfall 201740 (2019) Kat:3, Licht: 0","201740","3","2","5","12","14","3","0","0","1","1","0","0"
"POINT (13.492847497000071 52.539246300000059)","Unfall 201741 (2019) Kat:3, Licht: 2","201741","3","2","6","12","07","3","1","2","0","1","1","0"
"POINT (13.388961947000041 52.494140541000036)","Unfall 201742 (2019) Kat:3, Licht: 0","201742","3","5","1","12","13","3","1","0","1","1","0","0"
"POINT (13.574547834000043 52.453025971000045)","Unfall 201743 (2019) Kat:3, Licht: 0","201743","3","6","6","12","12","3","1","0","0","1","1","0"
"POINT (13.562615509000068 52.456369199000051)","Unfall 201744 (2019) Kat:2, Licht: 0","201744","2","2","5","12","11","3","0","0","1","1","0","0"
"POINT (13.376651101000050 52.485034111000061)","Unfall 201745 (2019) Kat:2, Licht: 2","201745","2","2","5","12","20","2","1","2","0","1","0","0"
"POINT (13.367939432000071 52.526135913000076)","Unfall 201746 (2019) Kat:2, Licht: 2","201746","2","6","3","12","21","2","1","2","1","0","0","0"
"POINT (13.291393973000027 52.605210194000051)","Unfall 201747 (2019) Kat:3, Licht: 2","201747","3","5","1","12","16","2","0","2","1","0","0","0"
"POINT (13.296072814000070 52.498035919000074)","Unfall 201748 (2019) Kat:3, Licht: 2","201748","3","2","6","12","17","2","1","2","0","1","1","0"
"POINT (13.296517039000037 52.548333559000071)","Unfall 201749 (2019) Kat:3, Licht: 2","201749","3","6","2","12","17","2","1","2","0","1","0","0"
"POINT (13.370304896000050 52.467174823000050)","Unfall 201750 (2019) Kat:3, Licht: 2","201750","3","2","6","12","17","2","1","2","0","1","1","0"
"POINT (13.440683995000029 52.517267866000054)","Unfall 201751 (2019) Kat:3, Licht: 2","201751","3","3","5","12","17","2","1","2","0","1","0","0"
"POINT (13.350108049000028 52.414295279000044)","Unfall 201752 (2019) Kat:2, Licht: 2","201752","2","4","6","12","17","2","1","2","0","1","1","0"
"POINT (13.380316064000056 52.532773301000077)","Unfall 201753 (2019) Kat:3, Licht: 2","201753","3","6","2","12","16","2","1","2","1","1","0","0"
"POINT (13.467444075000060 52.468373486000075)","Unfall 201754 (2019) Kat:3, Licht: 2","201754","3","5","1","12","16","2","1","2","1","1","0","0"
"POINT (13.317913462000035 52.570812837000062)","Unfall 201755 (2019) Kat:3, Licht: 2","201755","3","3","5","12","16","2","1","2","0","1","0","0"
"POINT (13.429933266000035 52.523161512000058)","Unfall 201756 (2019) Kat:3, Licht: 2","201756","3","2","5","12","16","2","1","2","0","1","0","0"
"POINT (13.312292924000076 52.430332014000044)","Unfall 201757 (2019) Kat:3, Licht: 2","201757","3","2","5","12","16","2","1","2","1","1","0","0"
"POINT (13.310501155000054 52.525752881000074)","Unfall 201758 (2019) Kat:3, Licht: 2","201758","3","6","2","12","16","2","1","2","0","1","0","0"
"POINT (13.457050133000052 52.509695254000064)","Unfall 201759 (2019) Kat:3, Licht: 1","201759","3","7","0","12","15","2","1","1","1","0","0","0"
"POINT (13.395959895000033 52.498421098000051)","Unfall 201760 (2019) Kat:2, Licht: 2","201760","2","4","6","12","16","2","1","2","0","1","1","0"
"POINT (13.462612545000070 52.519841633000055)","Unfall 201761 (2019) Kat:3, Licht: 2","201761","3","1","8","12","22","2","0","2","0","1","0","0"
"POINT (13.435261788000048 52.491175016000057)","Unfall 201762 (2019) Kat:3, Licht: 0","201762","3","3","5","12","14","2","1","0","1","1","0","0"
"POINT (13.348097293000023 52.437668477000045)","Unfall 201763 (2019) Kat:3, Licht: 0","201763","3","6","2","12","14","2","0","0","0","1","0","0"
"POINT (13.419451504000051 52.496746370000039)","Unfall 201764 (2019) Kat:2, Licht: 2","201764","2","6","3","12","21","2","1","2","1","1","0","0"
"POINT (13.460857120000071 52.529629033000049)","Unfall 201765 (2019) Kat:3, Licht: 2","201765","3","7","5","12","19","2","1","2","0","1","0","0"
"POINT (13.408262797000077 52.463930181000080)","Unfall 201766 (2019) Kat:3, Licht: 0","201766","3","6","2","12","13","2","0","0","0","1","0","0"
"POINT (13.308712199000070 52.467369508000047)","Unfall 201767 (2019) Kat:3, Licht: 2","201767","3","2","6","12","19","2","1","2","0","1","1","0"
"POINT (13.386754496000037 52.555527680000068)","Unfall 201768 (2019) Kat:3, Licht: 0","201768","3","6","2","12","13","2","1","0","0","1","0","0"
"POINT (13.315705516000037 52.577936433000048)","Unfall 201769 (2019) Kat:3, Licht: 0","201769","3","5","0","12","12","2","1","0","0","1","0","0"
"POINT (13.439434793000032 52.547755696000081)","Unfall 201770 (2019) Kat:2, Licht: 2","201770","2","2","6","12","18","2","1","2","0","1","1","0"
"POINT (13.371441509000022 52.591342048000058)","Unfall 201771 (2019) Kat:3, Licht: 2","201771","3","4","6","12","16","2","1","2","0","1","1","0"
"POINT (13.478748144000065 52.477591520000033)","Unfall 201772 (2019) Kat:3, Licht: 0","201772","3","2","5","12","11","2","0","0","0","1","0","0"
"POINT (13.353334415000063 52.413711538000030)","Unfall 201773 (2019) Kat:3, Licht: 2","201773","3","5","1","12","17","2","1","2","0","1","0","0"
"POINT (13.325734306000072 52.414860576000081)","Unfall 201774 (2019) Kat:3, Licht: 0","201774","3","3","0","12","11","2","0","0","0","0","0","0"
"POINT (13.327667252000026 52.520777522000060)","Unfall 201775 (2019) Kat:3, Licht: 0","201775","3","2","5","12","09","2","1","0","0","1","0","1"
"POINT (13.294258251000031 52.497705299000074)","Unfall 201776 (2019) Kat:3, Licht: 2","201776","3","7","5","12","05","2","0","2","0","1","0","0"
"POINT (13.491348637000044 52.637739181000029)","Unfall 201777 (2019) Kat:3, Licht: 2","201777","3","3","5","12","05","2","0","2","1","1","0","0"
"POINT (13.469854541000075 52.472931307000067)","Unfall 201778 (2019) Kat:3, Licht: 2","201778","3","6","4","12","04","2","1","2","0","1","0","0"
"POINT (13.456818166000062 52.511764097000082)","Unfall 201779 (2019) Kat:3, Licht: 2","201779","3","4","6","12","02","2","0","2","0","1","1","0"
"POINT (13.393960124000046 52.564844556000082)","Unfall 201780 (2019) Kat:3, Licht: 2","201780","3","7","5","12","17","2","1","2","1","1","0","0"
"POINT (13.524490397000022 52.478638185000079)","Unfall 201781 (2019) Kat:3, Licht: 0","201781","3","2","5","12","07","2","0","0","1","1","0","0"
"POINT (13.385723051000070 52.466096820000075)","Unfall 201782 (2019) Kat:3, Licht: 2","201782","3","3","5","12","22","1","0","2","0","1","0","0"
"POINT (13.341717187000029 52.544860779000032)","Unfall 201783 (2019) Kat:3, Licht: 2","201783","3","6","1","12","21","1","0","2","0","1","0","0"
"POINT (13.412825946000055 52.553699921000032)","Unfall 201784 (2019) Kat:2, Licht: 2","201784","2","4","6","12","19","1","0","2","0","0","1","0"
"POINT (13.195936113000073 52.527304268000080)","Unfall 201785 (2019) Kat:3, Licht: 2","201785","3","2","5","12","18","1","0","2","0","1","0","1"
"POINT (13.479603491000034 52.516247795000027)","Unfall 201786 (2019) Kat:3, Licht: 0","201786","3","4","0","12","14","1","0","0","1","0","1","0"
"POINT (13.436276838000026 52.472718946000043)","Unfall 201787 (2019) Kat:3, Licht: 0","201787","3","3","5","12","13","1","0","0","0","1","0","0"
"POINT (13.457360665000067 52.561167779000073)","Unfall 201788 (2019) Kat:3, Licht: 0","201788","3","6","2","12","10","1","0","0","0","1","0","0"
"POINT (13.462314882000044 52.432534222000072)","Unfall 201789 (2019) Kat:2, Licht: 2","201789","2","3","5","12","04","1","0","2","0","1","0","0"
"POINT (13.433320088000073 52.523174985000026)","Unfall 201790 (2019) Kat:2, Licht: 2","201790","2","7","6","12","01","1","0","2","0","1","1","0"
"POINT (13.415408423000031 52.522735715000067)","Unfall 201791 (2019) Kat:3, Licht: 2","201791","3","3","5","12","01","1","0","2","0","1","0","0"
"POINT (13.400348160000021 52.494338128000038)","Unfall 201792 (2019) Kat:3, Licht: 0","201792","3","6","0","11","15","7","0","0","0","1","0","1"
"POINT (13.362668209000049 52.522702871000035)","Unfall 201793 (2019) Kat:3, Licht: 0","201793","3","3","5","11","12","7","0","0","1","1","0","0"
"POINT (13.283763372000067 52.597039091000056)","Unfall 201794 (2019) Kat:3, Licht: 2","201794","3","6","2","11","00","7","0","2","0","1","0","0"
"POINT (13.200576259000059 52.538573138000061)","Unfall 201795 (2019) Kat:3, Licht: 0","201795","3","2","6","11","09","7","0","0","0","1","1","0"
"POINT (13.410335855000028 52.528700768000078)","Unfall 201796 (2019) Kat:3, Licht: 2","201796","3","6","2","11","03","7","0","2","0","1","0","0"
"POINT (13.383501872000068 52.530208907000031)","Unfall 201797 (2019) Kat:3, Licht: 2","201797","3","5","1","11","23","7","0","2","1","0","0","0"
"POINT (13.465636323000069 52.520069096000043)","Unfall 201798 (2019) Kat:3, Licht: 2","201798","3","3","5","11","19","7","0","2","0","1","0","1"
"POINT (13.436701965000054 52.592521158000068)","Unfall 201799 (2019) Kat:3, Licht: 2","201799","3","2","5","11","18","7","0","2","1","1","0","0"
"POINT (13.431340779000038 52.481565560000035)","Unfall 201800 (2019) Kat:3, Licht: 2","201800","3","2","5","11","18","7","0","2","0","1","0","0"
"POINT (13.247749310000074 52.538110494000080)","Unfall 201801 (2019) Kat:3, Licht: 1","201801","3","2","5","11","16","7","0","1","0","1","0","0"
"POINT (13.284591537000040 52.594669120000049)","Unfall 201802 (2019) Kat:3, Licht: 1","201802","3","6","2","11","16","7","0","1","0","1","0","0"
"POINT (13.430149830000062 52.551357604000032)","Unfall 201803 (2019) Kat:3, Licht: 2","201803","3","6","2","11","18","7","0","2","0","1","0","0"
"POINT (13.199756719000050 52.534750212000063)","Unfall 201804 (2019) Kat:2, Licht: 0","201804","2","4","6","11","14","7","0","0","0","1","1","0"
"POINT (13.471209246000058 52.535431887000072)","Unfall 201805 (2019) Kat:2, Licht: 0","201805","2","2","5","11","12","7","0","0","0","1","0","0"
"POINT (13.375853457000062 52.443270413000050)","Unfall 201806 (2019) Kat:3, Licht: 0","201806","3","6","2","11","14","7","0","0","0","1","0","0"
"POINT (13.425721410000051 52.499102668000035)","Unfall 201807 (2019) Kat:3, Licht: 0","201807","3","7","0","11","07","7","0","0","1","0","0","0"
"POINT (13.468316876000074 52.502544303000036)","Unfall 201808 (2019) Kat:3, Licht: 2","201808","3","1","0","11","04","7","0","2","0","0","0","0"
"POINT (13.459065815000031 52.501199755000073)","Unfall 201809 (2019) Kat:3, Licht: 2","201809","3","2","6","11","19","7","1","2","0","1","1","0"
"POINT (13.399445185000047 52.498288227000046)","Unfall 201810 (2019) Kat:3, Licht: 2","201810","3","2","5","11","17","6","0","2","0","1","0","0"
"POINT (13.460184465000054 52.431903371000033)","Unfall 201811 (2019) Kat:3, Licht: 2","201811","3","7","5","11","19","6","1","2","0","1","0","0"
"POINT (13.200674045000028 52.538713735000044)","Unfall 201812 (2019) Kat:3, Licht: 2","201812","3","2","5","11","18","6","0","2","1","1","0","0"
"POINT (13.197979034000070 52.539192732000060)","Unfall 201813 (2019) Kat:3, Licht: 2","201813","3","4","6","11","18","6","0","2","0","1","1","0"
"POINT (13.430960022000022 52.468103555000027)","Unfall 201814 (2019) Kat:3, Licht: 2","201814","3","6","0","11","18","6","0","2","0","0","0","1"
"POINT (13.412148605000027 52.498521928000059)","Unfall 201815 (2019) Kat:3, Licht: 1","201815","3","2","3","11","17","6","0","1","1","1","0","0"
"POINT (13.405717724000056 52.489085056000079)","Unfall 201816 (2019) Kat:3, Licht: 2","201816","3","2","5","11","16","6","0","2","1","1","0","0"
"POINT (13.384012278000057 52.551110244000029)","Unfall 201817 (2019) Kat:3, Licht: 0","201817","3","5","1","11","15","6","0","0","0","1","0","0"
"POINT (13.442189673000030 52.488575681000043)","Unfall 201818 (2019) Kat:3, Licht: 0","201818","3","3","5","11","14","6","1","0","0","1","0","0"
"POINT (13.683834580000052 52.370503053000050)","Unfall 201819 (2019) Kat:3, Licht: 0","201819","3","6","0","11","12","6","1","0","0","1","0","1"
"POINT (13.259341529000039 52.432804817000033)","Unfall 201820 (2019) Kat:3, Licht: 0","201820","3","7","5","11","12","6","0","0","0","1","0","0"
"POINT (13.391187315000025 52.536146890000055)","Unfall 201821 (2019) Kat:3, Licht: 0","201821","3","2","5","11","12","6","0","0","0","1","0","0"
"POINT (13.344927548000044 52.461372755000070)","Unfall 201822 (2019) Kat:3, Licht: 0","201822","3","4","6","11","11","6","0","0","0","1","1","0"
"POINT (13.292001917000050 52.590589078000050)","Unfall 201823 (2019) Kat:3, Licht: 0","201823","3","2","5","11","11","6","0","0","0","1","0","0"
"POINT (13.359599006000053 52.419129345000044)","Unfall 201824 (2019) Kat:2, Licht: 0","201824","2","5","1","11","11","6","0","0","0","1","0","0"
"POINT (13.392540438000026 52.506838986000048)","Unfall 201825 (2019) Kat:3, Licht: 0","201825","3","4","6","11","09","6","0","0","0","0","1","0"
"POINT (13.247718769000073 52.547530415000040)","Unfall 201826 (2019) Kat:3, Licht: 0","201826","3","6","2","11","09","6","0","0","0","1","0","0"
"POINT (13.336416947000032 52.467653768000048)","Unfall 201827 (2019) Kat:3, Licht: 0","201827","3","3","5","11","09","6","0","0","1","1","0","0"
"POINT (13.395075184000063 52.499721135000073)","Unfall 201828 (2019) Kat:2, Licht: 2","201828","2","7","0","11","16","6","0","2","1","0","0","0"
"POINT (13.369455633000030 52.559525713000028)","Unfall 201829 (2019) Kat:3, Licht: 0","201829","3","6","2","11","09","6","0","0","0","1","0","0"
"POINT (13.359462098000051 52.498178343000063)","Unfall 201830 (2019) Kat:3, Licht: 0","201830","3","4","6","11","09","6","1","0","1","0","1","0"
"POINT (13.440977915000076 52.524487394000062)","Unfall 201831 (2019) Kat:3, Licht: 0","201831","3","2","5","11","08","6","0","0","1","0","0","0"
"POINT (13.397177955000075 52.488890389000062)","Unfall 201832 (2019) Kat:3, Licht: 0","201832","3","4","6","11","08","6","1","0","1","0","1","0"
"POINT (13.574744141000053 52.568042081000044)","Unfall 201833 (2019) Kat:3, Licht: 2","201833","3","4","6","11","07","6","1","2","0","1","1","0"
"POINT (13.226969299000075 52.537629030000062)","Unfall 201834 (2019) Kat:3, Licht: 2","201834","3","6","2","11","19","5","1","2","0","1","0","0"
"POINT (13.588225279000028 52.469472851000035)","Unfall 201835 (2019) Kat:2, Licht: 2","201835","2","5","1","11","19","5","1","2","0","1","0","0"
"POINT (13.313278601000036 52.502270468000063)","Unfall 201836 (2019) Kat:3, Licht: 2","201836","3","6","2","11","19","5","1","2","0","1","0","0"
"POINT (13.300866331000066 52.519333502000052)","Unfall 201837 (2019) Kat:3, Licht: 2","201837","3","6","3","11","18","5","1","2","0","1","0","1"
"POINT (13.436038968000048 52.483812965000027)","Unfall 201838 (2019) Kat:3, Licht: 2","201838","3","3","2","11","18","5","1","2","0","1","0","0"
"POINT (13.360133575000077 52.544295478000038)","Unfall 201839 (2019) Kat:2, Licht: 2","201839","2","2","6","11","18","5","1","2","0","1","1","0"
"POINT (13.402575408000075 52.554638815000033)","Unfall 201840 (2019) Kat:2, Licht: 2","201840","2","2","6","11","19","5","0","2","0","0","1","0"
"POINT (13.390015718000029 52.434348924000062)","Unfall 201841 (2019) Kat:3, Licht: 2","201841","3","2","5","11","18","5","1","2","0","1","0","0"
"POINT (13.475463100000070 52.502174916000058)","Unfall 201842 (2019) Kat:3, Licht: 2","201842","3","6","0","11","17","5","1","2","0","1","0","1"
"POINT (13.351723476000075 52.542953166000075)","Unfall 201843 (2019) Kat:3, Licht: 2","201843","3","6","2","11","17","5","1","2","0","1","0","0"
"POINT (13.467737972000066 52.546440033000067)","Unfall 201844 (2019) Kat:3, Licht: 2","201844","3","2","5","11","17","5","1","2","0","1","0","0"
"POINT (13.303067333000058 52.426761619000047)","Unfall 201845 (2019) Kat:3, Licht: 2","201845","3","2","6","11","17","5","1","2","0","1","1","0"
"POINT (13.510109685000032 52.535003123000081)","Unfall 201846 (2019) Kat:2, Licht: 2","201846","2","4","6","11","17","5","1","2","1","0","1","0"
"POINT (13.308047864000059 52.612236783000071)","Unfall 201847 (2019) Kat:3, Licht: 2","201847","3","5","1","11","17","5","0","2","0","1","0","0"