WKT,Name,OBJECTID,UKATEGORIE,UTYP1,UART,UMONAT,USTUNDE,UWOCHENTAG,STRZUSTAND,ULICHTVERH,ISTRAD,ISTPKW,ISTFUSS,ISTKRAD
"POINT (13.375456235000058 52.489318030000049)","Unfall 202033 (2019) Kat:3, Licht: 0","202033","3","3","5","11","11","2","0","0","1","1","0","0"
"POINT (13.321471001000077 52.468996012000048)","Unfall 202034 (2019) Kat:3, Licht: 0","202034","3","4","0","11","14","2","0","0","1","0","1","0"
"POINT (13.296080081000071 52.508039359000065)","Unfall 202035 (2019) Kat:3, Licht: 2","202035","3","7","0","12","17","4","0","2","0","0","0","1"
"POINT (13.439625434000050 52.524102575000029)","Unfall 202036 (2019) Kat:3, Licht: 2","202036","3","3","5","12","16","4","0","2","1","1","0","0"
"POINT (13.523741172000030 52.404942216000052)","Unfall 202037 (2019) Kat:3, Licht: 0","202037","3","7","7","11","15","2","0","0","0","1","0","0"
"POINT (13.251728077000053 52.556974402000037)","Unfall 202038 (2019) Kat:3, Licht: 0","202038","3","6","4","11","15","2","0","0","0","1","0","0"
"POINT (13.558485585000028 52.453369928000029)","Unfall 202039 (2019) Kat:3, Licht: 0","202039","3","6","2","11","15","2","0","0","0","1","0","0"
"POINT (13.368279408000035 52.506308095000065)","Unfall 202040 (2019) Kat:3, Licht: 2","202040","3","2","5","12","18","4","0","2","1","1","0","0"
"POINT (13.545728311000062 52.544536188000052)","Unfall 202041 (2019) Kat:3, Licht: 0","202041","3","6","2","11","15","2","0","0","0","1","0","0"
"POINT (13.419639206000056 52.525145317000067)","Unfall 202042 (2019) Kat:3, Licht: 1","202042","3","3","5","12","15","4","0","1","0","1","0","0"
"POINT (13.482851621000066 52.611588900000072)","Unfall 202043 (2019) Kat:3, Licht: 0","202043","3","2","6","11","13","2","0","0","0","1","1","0"
"POINT (13.401194869000051 52.485159303000046)","Unfall 202044 (2019) Kat:3, Licht: 0","202044","3","3","5","11","11","2","0","0","1","1","0","0"
"POINT (13.569700824000051 52.442021741000076)","Unfall 202045 (2019) Kat:3, Licht: 2","202045","3","2","6","12","23","4","0","2","0","1","1","0"
"POINT (13.506471007000073 52.563862776000065)","Unfall 202046 (2019) Kat:3, Licht: 0","202046","3","6","0","11","09","2","0","0","0","1","0","1"
"POINT (13.348514818000069 52.539089770000032)","Unfall 202047 (2019) Kat:3, Licht: 0","202047","3","4","6","11","08","2","0","0","1","0","1","0"
"POINT (13.295132812000077 52.534740269000054)","Unfall 202048 (2019) Kat:3, Licht: 0","202048","3","1","9","11","08","2","0","0","0","0","0","0"
"POINT (13.439736999000047 52.502219631000060)","Unfall 202049 (2019) Kat:3, Licht: 2","202049","3","6","2","12","23","4","1","2","0","1","0","0"
"POINT (13.461517192000031 52.517907122000054)","Unfall 202050 (2019) Kat:3, Licht: 2","202050","3","6","2","12","22","4","0","2","0","1","0","0"
"POINT (13.277088131000028 52.577645421000057)","Unfall 202051 (2019) Kat:2, Licht: 2","202051","2","3","5","11","06","2","0","2","1","1","0","0"
"POINT (13.440524740000058 52.481991594000078)","Unfall 202052 (2019) Kat:3, Licht: 2","202052","3","5","1","11","00","2","0","2","1","1","0","0"
"POINT (13.427032286000042 52.552144350000049)","Unfall 202053 (2019) Kat:3, Licht: 0","202053","3","1","2","12","14","7","1","0","1","1","0","0"
"POINT (13.331182554000065 52.495419807000076)","Unfall 202054 (2019) Kat:3, Licht: 0","202054","3","1","0","12","14","7","1","0","1","0","0","0"
"POINT (13.435326972000041 52.486077409000075)","Unfall 202055 (2019) Kat:3, Licht: 0","202055","3","2","4","12","13","7","1","0","1","1","0","0"
"POINT (13.591494473000068 52.544780886000069)","Unfall 202056 (2019) Kat:3, Licht: 0","202056","3","2","5","12","13","7","1","0","0","1","0","0"
"POINT (13.181884218000050 52.536273237000046)","Unfall 202057 (2019) Kat:3, Licht: 0","202057","3","1","0","12","13","7","1","0","1","0","0","0"
"POINT (13.306964684000036 52.419562320000068)","Unfall 202058 (2019) Kat:3, Licht: 0","202058","3","3","5","12","12","7","1","0","0","1","0","0"
"POINT (13.310127734000048 52.420946325000045)","Unfall 202059 (2019) Kat:3, Licht: 0","202059","3","7","5","12","12","7","1","0","0","1","0","0"
"POINT (13.337607429000059 52.459398076000070)","Unfall 202060 (2019) Kat:3, Licht: 0","202060","3","2","5","12","11","7","1","0","1","1","0","0"
"POINT (13.393430066000064 52.537512856000035)","Unfall 202061 (2019) Kat:3, Licht: 0","202061","3","6","2","12","11","7","1","0","0","1","0","1"
"POINT (13.408149006000031 52.541439663000062)","Unfall 202062 (2019) Kat:3, Licht: 0","202062","3","3","5","12","10","7","1","0","1","1","0","0"
"POINT (13.450410563000048 52.503853170000070)","Unfall 202063 (2019) Kat:3, Licht: 2","202063","3","2","6","12","05","7","1","2","0","1","1","0"
"POINT (13.455906602000027 52.513419430000056)","Unfall 202064 (2019) Kat:3, Licht: 2","202064","3","1","0","12","03","7","1","2","0","0","0","0"
"POINT (13.440169636000064 52.481714737000061)","Unfall 202065 (2019) Kat:3, Licht: 2","202065","3","2","5","12","23","7","1","2","0","1","0","0"
"POINT (13.419920366000042 52.502158991000044)","Unfall 202066 (2019) Kat:3, Licht: 2","202066","3","6","2","12","23","7","1","2","0","1","0","0"
"POINT (13.509158161000073 52.534807786000044)","Unfall 202067 (2019) Kat:2, Licht: 2","202067","2","4","6","12","21","7","1","2","0","1","1","0"
"POINT (13.406508615000064 52.398490570000035)","Unfall 202068 (2019) Kat:2, Licht: 2","202068","2","2","5","12","20","7","1","2","0","1","0","0"
"POINT (13.319066084000042 52.491785518000029)","Unfall 202069 (2019) Kat:3, Licht: 2","202069","3","6","6","12","19","7","1","2","1","0","1","0"
"POINT (13.462000238000030 52.432521377000057)","Unfall 202070 (2019) Kat:3, Licht: 2","202070","3","6","2","12","16","7","1","2","0","1","0","0"
"POINT (13.473061572000063 52.536403660000076)","Unfall 202071 (2019) Kat:3, Licht: 2","202071","3","7","0","12","17","7","0","2","0","1","0","0"
"POINT (13.602157232000025 52.536080522000077)","Unfall 202072 (2019) Kat:3, Licht: 2","202072","3","2","6","12","17","7","1","2","0","1","1","0"
"POINT (13.392464227000062 52.556972093000070)","Unfall 202073 (2019) Kat:3, Licht: 1","202073","3","1","0","12","15","7","1","1","0","0","0","1"
"POINT (13.383531856000047 52.503452705000029)","Unfall 202074 (2019) Kat:3, Licht: 0","202074","3","3","5","12","15","7","1","0","0","1","0","0"
"POINT (13.208005827000022 52.545212088000028)","Unfall 202075 (2019) Kat:3, Licht: 2","202075","3","2","6","12","22","6","0","2","0","1","1","0"
"POINT (13.584029083000075 52.441844912000079)","Unfall 202076 (2019) Kat:3, Licht: 2","202076","3","5","1","12","21","6","1","2","1","0","0","0"
"POINT (13.582873275000054 52.434371109000040)","Unfall 202077 (2019) Kat:3, Licht: 0","202077","3","4","6","12","13","6","0","0","0","1","1","0"
"POINT (13.406274927000027 52.532327089000034)","Unfall 202078 (2019) Kat:3, Licht: 0","202078","3","3","5","12","13","6","0","0","0","1","0","0"
"POINT (13.592320358000052 52.451369059000058)","Unfall 202079 (2019) Kat:3, Licht: 0","202079","3","6","0","12","13","6","0","0","0","1","0","0"
"POINT (13.328375231000052 52.565153826000028)","Unfall 202080 (2019) Kat:3, Licht: 0","202080","3","4","6","12","12","6","0","0","0","1","1","0"
"POINT (13.347174451000058 52.470631076000075)","Unfall 202081 (2019) Kat:3, Licht: 0","202081","3","3","5","12","11","6","0","0","0","1","0","0"
"POINT (13.315484277000053 52.449651256000038)","Unfall 202082 (2019) Kat:3, Licht: 1","202082","3","2","6","12","07","6","1","1","0","1","1","0"
"POINT (13.346288364000031 52.495996494000053)","Unfall 202083 (2019) Kat:3, Licht: 0","202083","3","3","5","12","10","6","0","0","1","1","0","0"
"POINT (13.315025825000077 52.500858471000072)","Unfall 202084 (2019) Kat:3, Licht: 0","202084","3","2","5","12","10","6","0","0","0","1","0","1"
"POINT (13.397932943000058 52.386422044000028)","Unfall 202085 (2019) Kat:3, Licht: 0","202085","3","1","0","12","10","6","2","0","1","0","0","0"
"POINT (13.559731319000036 52.541749236000044)","Unfall 202086 (2019) Kat:3, Licht: 0","202086","3","1","0","12","10","6","2","0","0","0","0","1"
"POINT (13.312665874000061 52.499340442000062)","Unfall 202087 (2019) Kat:2, Licht: 0","202087","2","2","6","12","09","6","0","0","0","1","1","0"
"POINT (13.529095213000062 52.426842912000041)","Unfall 202088 (2019) Kat:3, Licht: 0","202088","3","1","4","12","09","6","2","0","0","1","0","0"
"POINT (13.329243538000071 52.423118038000041)","Unfall 202089 (2019) Kat:3, Licht: 0","202089","3","3","5","12","08","6","1","0","0","0","0","1"
"POINT (13.331013496000025 52.492606652000063)","Unfall 202090 (2019) Kat:3, Licht: 0","202090","3","2","5","12","08","6","0","0","1","1","0","0"
"POINT (13.341850554000075 52.517945083000029)","Unfall 202091 (2019) Kat:2, Licht: 1","202091","2","1","0","12","08","6","2","1","0","0","0","1"
"POINT (13.335134958000026 52.602389874000039)","Unfall 202092 (2019) Kat:3, Licht: 0","202092","3","6","3","12","08","6","0","0","1","1","0","0"
"POINT (13.304018205000034 52.480001395000045)","Unfall 202093 (2019) Kat:3, Licht: 1","202093","3","2","5","12","07","6","0","1","1","0","0","0"
"POINT (13.418932579000057 52.460965609000027)","Unfall 202094 (2019) Kat:3, Licht: 0","202094","3","2","5","12","07","6","1","0","1","1","0","0"
"POINT (13.526079704000040 52.493552415000067)","Unfall 202095 (2019) Kat:3, Licht: 2","202095","3","7","5","12","07","6","1","2","1","1","0","0"
"POINT (13.332645942000056 52.504018402000042)","Unfall 202096 (2019) Kat:2, Licht: 0","202096","2","4","6","12","14","6","0","0","0","1","1","0"
"POINT (13.391647506000027 52.522014049000063)","Unfall 202097 (2019) Kat:3, Licht: 2","202097","3","3","5","12","19","6","0","2","0","1","0","0"
"POINT (13.406875581000065 52.541083497000045)","Unfall 202098 (2019) Kat:2, Licht: 2","202098","2","1","0","12","19","6","0","2","1","0","0","0"
"POINT (13.183832419000055 52.552005335000047)","Unfall 202099 (2019) Kat:3, Licht: 2","202099","3","6","2","12","19","6","0","2","0","1","0","0"
"POINT (13.454129108000075 52.495922904000054)","Unfall 202100 (2019) Kat:3, Licht: 2","202100","3","5","1","12","18","6","0","2","1","1","0","0"
"POINT (13.346890338000037 52.553270971000074)","Unfall 202101 (2019) Kat:2, Licht: 2","202101","2","3","5","12","18","6","0","2","1","1","0","0"
"POINT (13.396170256000062 52.440115335000030)","Unfall 202102 (2019) Kat:3, Licht: 2","202102","3","6","2","12","17","6","0","2","0","1","0","0"
"POINT (13.512144958000022 52.565770443000076)","Unfall 202103 (2019) Kat:3, Licht: 2","202103","3","6","2","12","17","6","1","2","0","1","0","0"
"POINT (13.200216879000038 52.536816213000066)","Unfall 202104 (2019) Kat:3, Licht: 2","202104","3","6","0","12","16","6","0","2","0","1","0","0"
"POINT (13.346723583000028 52.450011486000051)","Unfall 202105 (2019) Kat:3, Licht: 1","202105","3","2","2","12","16","6","0","1","0","1","0","0"
"POINT (13.353472722000049 52.519669617000034)","Unfall 202106 (2019) Kat:3, Licht: 0","202106","3","1","0","12","16","6","0","0","1","0","0","0"
"POINT (13.373911398000075 52.586824265000075)","Unfall 202107 (2019) Kat:3, Licht: 2","202107","3","1","8","12","16","6","0","2","0","1","0","0"
"POINT (13.194526913000061 52.541265428000031)","Unfall 202108 (2019) Kat:3, Licht: 0","202108","3","3","5","12","15","6","0","0","0","1","0","0"
"POINT (13.380438483000034 52.518088831000057)","Unfall 202109 (2019) Kat:3, Licht: 2","202109","3","2","2","12","15","6","1","2","0","0","0","0"
"POINT (13.449027594000029 52.517969555000036)","Unfall 202110 (2019) Kat:3, Licht: 0","202110","3","7","2","12","15","6","0","0","1","1","0","0"
"POINT (13.401679298000033 52.587325512000064)","Unfall 202111 (2019) Kat:3, Licht: 0","202111","3","4","6","12","14","6","0","0","0","1","1","0"
"POINT (13.427122164000025 52.577145672000029)","Unfall 202112 (2019) Kat:3, Licht: 2","202112","3","7","6","12","06","5","0","2","1","0","1","0"
"POINT (13.300146230000053 52.494976114000053)","Unfall 202113 (2019) Kat:2, Licht: 0","202113","2","4","6","12","13","5","0","0","0","1","1","0"
"POINT (13.447395332000042 52.498127682000074)","Unfall 202114 (2019) Kat:3, Licht: 0","202114","3","2","5","12","11","5","0","0","1","1","0","0"
"POINT (13.376002123000035 52.528495549000070)","Unfall 202115 (2019) Kat:3, Licht: 2","202115","3","6","3","12","16","5","0","2","1","0","0","0"
"POINT (13.436629135000032 52.481849044000057)","Unfall 202116 (2019) Kat:3, Licht: 2","202116","3","3","5","12","16","5","0","2","1","1","0","0"
"POINT (13.341671234000046 52.599806299000079)","Unfall 202117 (2019) Kat:3, Licht: 1","202117","3","4","6","12","16","5","1","1","0","1","1","0"
"POINT (13.292823940000062 52.446415246000072)","Unfall 202118 (2019) Kat:3, Licht: 2","202118","3","6","3","12","15","5","1","2","0","1","0","0"
"POINT (13.394982702000050 52.422486872000036)","Unfall 202119 (2019) Kat:3, Licht: 1","202119","3","3","5","12","15","5","1","1","0","1","0","0"
"POINT (13.508097352000050 52.450297400000068)","Unfall 202120 (2019) Kat:3, Licht: 2","202120","3","3","5","12","15","5","1","2","0","1","0","0"
"POINT (13.376617037000074 52.509514181000043)","Unfall 202121 (2019) Kat:3, Licht: 0","202121","3","5","1","12","14","5","0","0","0","1","0","0"
"POINT (13.449484095000059 52.471429436000051)","Unfall 202122 (2019) Kat:3, Licht: 2","202122","3","7","6","12","20","5","1","2","0","0","1","0"
"POINT (13.397648545000038 52.546655234000070)","Unfall 202123 (2019) Kat:3, Licht: 0","202123","3","5","0","12","13","5","1","0","0","1","0","1"
"POINT (13.275279759000057 52.411266097000066)","Unfall 202124 (2019) Kat:3, Licht: 0","202124","3","2","2","12","13","5","1","0","0","1","0","0"
"POINT (13.381221181000058 52.552455555000051)","Unfall 202125 (2019) Kat:3, Licht: 0","202125","3","3","5","12","12","5","1","0","1","1","0","0"
"POINT (13.611915334000059 52.514058604000070)","Unfall 202126 (2019) Kat:3, Licht: 0","202126","3","3","5","12","12","5","1","0","1","1","0","0"
"POINT (13.470171725000057 52.503163256000050)","Unfall 202127 (2019) Kat:3, Licht: 0","202127","3","1","0","12","12","5","1","0","0","0","0","1"
"POINT (13.497456238000041 52.458113751000042)","Unfall 202128 (2019) Kat:2, Licht: 1","202128","2","2","5","12","12","5","0","1","1","0","0","0"
"POINT (13.492296136000050 52.458036454000080)","Unfall 202129 (2019) Kat:3, Licht: 0","202129","3","1","8","12","11","5","1","0","0","1","0","0"
"POINT (13.399615098000027 52.523708848000069)","Unfall 202130 (2019) Kat:3, Licht: 0","202130","3","3","5","12","11","5","1","0","0","1","0","1"
"POINT (13.391422634000037 52.501128219000066)","Unfall 202131 (2019) Kat:3, Licht: 0","202131","3","5","0","12","10","5","0","0","0","1","0","0"
"POINT (13.417079115000035 52.418374969000070)","Unfall 202132 (2019) Kat:2, Licht: 0","202132","2","6","2","12","10","5","0","0","0","1","0","0"
"POINT (13.558335619000047 52.455482074000031)","Unfall 202133 (2019) Kat:3, Licht: 0","202133","3","6","3","12","09","5","1","0","0","1","0","0"
"POINT (13.379428184000062 52.491660216000071)","Unfall 202134 (2019) Kat:2, Licht: 2","202134","2","3","5","12","21","5","1","2","1","0","0","0"
"POINT (13.400181016000033 52.531016975000057)","Unfall 202135 (2019) Kat:3, Licht: 0","202135","3","5","1","12","20","5","0","0","1","1","0","0"
"POINT (13.436633110000059 52.457329398000070)","Unfall 202136 (2019) Kat:2, Licht: 2","202136","2","1","6","12","19","5","0","2","0","1","1","0"
"POINT (13.231546407000053 52.538266446000080)","Unfall 202137 (2019) Kat:3, Licht: 2","202137","3","6","2","12","19","5","0","2","0","1","0","0"
"POINT (13.275952543000074 52.433423803000039)","Unfall 202138 (2019) Kat:3, Licht: 2","202138","3","3","5","12","18","5","1","2","1","1","0","0"
"POINT (13.414862166000034 52.504744797000058)","Unfall 202139 (2019) Kat:3, Licht: 2","202139","3","2","2","12","18","5","0","2","1","1","0","0"
"POINT (13.441319099000054 52.568558157000041)","Unfall 202140 (2019) Kat:2, Licht: 2","202140","2","3","5","12","17","5","1","2","0","1","0","0"
"POINT (13.467410178000023 52.559945667000079)","Unfall 202141 (2019) Kat:2, Licht: 2","202141","2","4","6","12","17","5","1","2","0","1","1","0"
"POINT (13.302270320000048 52.547891194000044)","Unfall 202142 (2019) Kat:3, Licht: 2","202142","3","2","5","12","16","5","0","2","0","1","0","0"
"POINT (13.393042836000063 52.515064593000034)","Unfall 202143 (2019) Kat:3, Licht: 0","202143","3","3","5","12","08","5","1","0","0","1","0","0"
"POINT (13.475963458000024 52.476132714000073)","Unfall 202144 (2019) Kat:3, Licht: 0","202144","3","5","3","12","07","5","1","0","0","0","0","1"
"POINT (13.423531366000077 52.555095195000035)","Unfall 202145 (2019) Kat:3, Licht: 0","202145","3","2","5","12","07","5","1","0","0","1","0","0"
"POINT (13.449923233000050 52.536820377000026)","Unfall 202146 (2019) Kat:3, Licht: 1","202146","3","6","2","12","07","5","1","1","0","1","0","0"
"POINT (13.260589177000043 52.426556784000070)","Unfall 202147 (2019) Kat:2, Licht: 0","202147","2","4","6","12","07","5","1","0","0","1","1","0"
"POINT (13.396013101000051 52.538267968000071)","Unfall 202148 (2019) Kat:3, Licht: 2","202148","3","2","5","12","07","5","1","2","0","1","0","0"
"POINT (13.575564809000070 52.453951554000071)","Unfall 202149 (2019) Kat:3, Licht: 2","202149","3","6","4","12","06","5","1","2","1","0","0","0"
"POINT (13.495408465000025 52.431610705000026)","Unfall 202150 (2019) Kat:3, Licht: 1","202150","3","2","6","12","06","5","1","1","0","0","1","0"
"POINT (13.295637598000042 52.610715405000064)","Unfall 202151 (2019) Kat:3, Licht: 2","202151","3","6","2","12","06","5","1","2","0","1","0","0"
"POINT (13.157773263000024 52.533155351000062)","Unfall 202152 (2019) Kat:3, Licht: 2","202152","3","2","6","12","05","5","1","2","0","0","1","0"
"POINT (13.490583914000069 52.463111837000042)","Unfall 202153 (2019) Kat:3, Licht: 0","202153","3","5","4","12","07","4","0","0","1","1","0","0"
"POINT (13.422183721000067 52.540387039000052)","Unfall 202154 (2019) Kat:3, Licht: 1","202154","3","6","0","12","16","4","0","1","1","1","0","0"
"POINT (13.433678818000033 52.482121630000051)","Unfall 202155 (2019) Kat:3, Licht: 2","202155","3","2","0","12","20","4","0","2","1","0","0","0"
"POINT (13.324261765000074 52.600762250000059)","Unfall 202156 (2019) Kat:3, Licht: 2","202156","3","1","1","12","20","4","2","2","0","1","0","0"
"POINT (13.470844983000063 52.559757423000065)","Unfall 202157 (2019) Kat:3, Licht: 1","202157","3","6","4","12","17","4","0","1","0","1","0","1"
"POINT (13.343315538000070 52.530955402000075)","Unfall 202158 (2019) Kat:3, Licht: 2","202158","3","2","5","12","17","4","0","2","1","1","0","0"
"POINT (13.332997524000064 52.423973972000056)","Unfall 202159 (2019) Kat:3, Licht: 0","202159","3","3","5","12","16","4","0","0","0","1","0","0"
"POINT (13.548727249000024 52.435801467000033)","Unfall 202160 (2019) Kat:3, Licht: 2","202160","3","4","6","12","16","4","0","2","0","1","1","0"
"POINT (13.520595190000051 52.568510484000058)","Unfall 202161 (2019) Kat:3, Licht: 2","202161","3","2","5","12","16","4","0","2","0","1","0","0"
"POINT (13.375695355000062 52.537951894000059)","Unfall 202162 (2019) Kat:3, Licht: 0","202162","3","3","5","12","15","4","1","0","0","1","0","0"
"POINT (13.571632132000047 52.546006979000026)","Unfall 202163 (2019) Kat:3, Licht: 1","202163","3","2","2","12","15","4","0","1","0","1","0","0"
"POINT (13.319127429000048 52.501474227000074)","Unfall 202164 (2019) Kat:3, Licht: 0","202164","3","6","0","12","15","4","0","0","0","1","0","0"
"POINT (13.222911093000050 52.537216093000040)","Unfall 202165 (2019) Kat:2, Licht: 0","202165","2","1","9","12","15","4","0","0","0","1","0","0"
"POINT (13.162647212000024 52.520079105000036)","Unfall 202166 (2019) Kat:2, Licht: 0","202166","2","2","5","12","14","4","0","0","0","1","0","0"
"POINT (13.360589740000023 52.453814707000049)","Unfall 202167 (2019) Kat:3, Licht: 0","202167","3","4","6","12","13","4","0","0","0","1","1","0"
"POINT (13.288552001000028 52.513078308000047)","Unfall 202168 (2019) Kat:3, Licht: 0","202168","3","4","0","12","13","4","0","0","1","0","1","0"
"POINT (13.416482542000040 52.511022426000068)","Unfall 202169 (2019) Kat:3, Licht: 0","202169","3","2","5","12","12","4","0","0","1","1","0","0"
"POINT (13.433993600000065 52.443451200000027)","Unfall 202170 (2019) Kat:3, Licht: 0","202170","3","2","0","12","12","4","0","0","0","1","0","0"
"POINT (13.445611810000059 52.565055316000041)","Unfall 202171 (2019) Kat:3, Licht: 1","202171","3","6","0","12","07","4","0","1","0","1","0","0"
"POINT (13.535225378000064 52.432146402000058)","Unfall 202172 (2019) Kat:3, Licht: 1","202172","3","2","2","12","07","4","0","1","0","1","0","0"
"POINT (13.331228960000033 52.486027802000081)","Unfall 202173 (2019) Kat:3, Licht: 2","202173","3","2","6","12","06","4","0","2","0","1","1","0"
"POINT (13.339683100000059 52.595844702000079)","Unfall 202174 (2019) Kat:2, Licht: 2","202174","2","4","6","12","22","4","0","2","0","0","1","1"
"POINT (13.382250065000051 52.555887919000043)","Unfall 202175 (2019) Kat:3, Licht: 2","202175","3","6","2","12","19","4","0","2","0","1","0","0"
"POINT (13.405905074000032 52.511226400000055)","Unfall 202176 (2019) Kat:3, Licht: 2","202176","3","2","6","12","17","4","0","2","1","0","1","0"
"POINT (13.299761093000029 52.521321631000035)","Unfall 202177 (2019) Kat:1, Licht: 0","202177","1","3","5","12","15","4","0","0","1","1","0","0"
"POINT (13.573152235000066 52.394415957000035)","Unfall 202178 (2019) Kat:3, Licht: 2","202178","3","6","6","12","17","3","0","2","0","1","1","0"
"POINT (13.295087031000037 52.550618743000030)","Unfall 202179 (2019) Kat:3, Licht: 0","202179","3","6","2","12","07","3","0","0","0","1","0","0"
"POINT (13.386652712000057 52.511826115000076)","Unfall 202180 (2019) Kat:3, Licht: 0","202180","3","2","3","12","14","3","0","0","1","0","0","0"
"POINT (13.292318855000076 52.553818298000067)","Unfall 202181 (2019) Kat:2, Licht: 0","202181","2","7","6","12","11","3","0","0","0","1","1","0"
"POINT (13.368300020000049 52.424185932000057)","Unfall 202182 (2019) Kat:3, Licht: 2","202182","3","7","6","12","16","3","0","2","0","0","1","0"
"POINT (13.284911351000062 52.491736292000041)","Unfall 202183 (2019) Kat:3, Licht: 1","202183","3","6","2","12","15","3","0","1","0","1","0","0"
"POINT (13.305761226000072 52.620469599000046)","Unfall 202184 (2019) Kat:3, Licht: 1","202184","3","2","2","12","15","3","0","1","0","1","0","0"
"POINT (13.352092011000025 52.533268000000078)","Unfall 202185 (2019) Kat:3, Licht: 2","202185","3","2","5","12","23","3","0","2","0","1","0","1"
"POINT (13.388331519000076 52.398485451000056)","Unfall 202186 (2019) Kat:3, Licht: 0","202186","3","3","5","12","14","3","0","0","1","1","0","0"
"POINT (13.293669511000076 52.484376162000046)","Unfall 202187 (2019) Kat:3, Licht: 0","202187","3","3","5","12","13","3","0","0","0","1","0","0"
"POINT (13.371931817000075 52.469680851000078)","Unfall 202188 (2019) Kat:3, Licht: 0","202188","3","2","6","12","13","3","0","0","0","1","1","0"
"POINT (13.504636188000063 52.534654832000058)","Unfall 202189 (2019) Kat:3, Licht: 0","202189","3","6","2","12","13","3","0","0","0","1","0","0"
"POINT (13.499866427000029 52.545797314000026)","Unfall 202190 (2019) Kat:3, Licht: 0","202190","3","5","1","12","12","3","1","0","1","1","0","0"
"POINT (13.535105402000056 52.439716446000034)","Unfall 202191 (2019) Kat:3, Licht: 0","202191","3","2","5","12","12","3","1","0","1","1","0","0"
"POINT (13.343092259000059 52.528132265000067)","Unfall 202192 (2019) Kat:3, Licht: 0","202192","3","2","5","12","12","3","2","0","1","1","0","0"
"POINT (13.197638339000036 52.523305604000029)","Unfall 202193 (2019) Kat:3, Licht: 0","202193","3","5","1","12","11","3","0","0","0","1","0","1"
"POINT (13.395624691000023 52.486477307000030)","Unfall 202194 (2019) Kat:3, Licht: 0","202194","3","5","1","12","10","3","1","0","0","1","0","0"
"POINT (13.441689337000071 52.498688330000050)","Unfall 202195 (2019) Kat:3, Licht: 0","202195","3","7","6","12","10","3","0","0","0","1","1","0"
"POINT (13.314240985000026 52.490280648000066)","Unfall 202196 (2019) Kat:2, Licht: 0","202196","2","2","5","12","09","3","0","0","1","1","0","0"
"POINT (13.207205400000078 52.538882726000054)","Unfall 202197 (2019) Kat:3, Licht: 0","202197","3","6","2","12","10","3","1","0","0","1","0","0"
"POINT (13.377120206000029 52.577547933000062)","Unfall 202198 (2019) Kat:3, Licht: 0","202198","3","5","1","12","09","3","0","0","0","1","0","0"
"POINT (13.620705099000077 52.509170692000055)","Unfall 202199 (2019) Kat:3, Licht: 0","202199","3","7","7","12","08","3","0","0","1","0","0","0"
"POINT (13.379286652000076 52.489698000000033)","Unfall 202200 (2019) Kat:3, Licht: 2","202200","3","3","5","12","22","3","1","2","1","1","0","0"
"POINT (13.328375802000039 52.532936469000049)","Unfall 202201 (2019) Kat:3, Licht: 2","202201","3","2","5","12","20","3","0","2","0","1","0","0"
"POINT (13.554934966000076 52.432663179000031)","Unfall 202202 (2019) Kat:3, Licht: 2","202202","3","2","5","12","20","3","1","2","0","1","0","0"
"POINT (13.399182251000070 52.496223646000033)","Unfall 202203 (2019) Kat:3, Licht: 2","202203","3","4","6","12","19","3","0","2","0","1","1","0"
"POINT (13.209234122000055 52.538427813000055)","Unfall 202204 (2019) Kat:3, Licht: 2","202204","3","5","1","12","19","3","0","2","0","1","0","0"
"POINT (13.377841961000058 52.477425658000072)","Unfall 202205 (2019) Kat:3, Licht: 2","202205","3","5","1","12","19","3","0","2","0","1","0","0"
"POINT (13.372065801000076 52.511252570000067)","Unfall 202206 (2019) Kat:3, Licht: 2","202206","3","3","5","12","19","3","0","2","0","1","0","1"
"POINT (13.413601899000071 52.566572439000026)","Unfall 202207 (2019) Kat:3, Licht: 2","202207","3","6","2","12","18","3","0","2","0","1","0","0"
"POINT (13.327209339000035 52.502999820000070)","Unfall 202208 (2019) Kat:3, Licht: 2","202208","3","5","1","12","17","3","1","2","1","1","0","0"
"POINT (13.267581294000024 52.408982449000064)","Unfall 202209 (2019) Kat:3, Licht: 2","202209","3","2","6","12","17","3","0","2","0","1","1","0"
"POINT (13.343323440000063 52.531279634000043)","Unfall 202210 (2019) Kat:3, Licht: 2","202210","3","5","1","12","17","3","0","2","1","1","0","0"
"POINT (13.465214730000071 52.429648971000063)","Unfall 202211 (2019) Kat:2, Licht: 2","202211","2","3","5","12","16","3","0","2","0","1","0","0"
"POINT (13.366661490000070 52.435439430000031)","Unfall 202212 (2019) Kat:3, Licht: 1","202212","3","3","5","12","16","3","0","1","1","1","0","0"
"POINT (13.227986639000051 52.506364757000028)","Unfall 202213 (2019) Kat:2, Licht: 2","202213","2","1","0","12","07","3","2","2","1","0","0","0"
"POINT (13.332599670000036 52.468969551000043)","Unfall 202214 (2019) Kat:3, Licht: 2","202214","3","2","5","12","06","3","1","2","0","1","0","0"
"POINT (13.519488067000054 52.544723523000073)","Unfall 202215 (2019) Kat:3, Licht: 2","202215","3","2","0","12","04","3","1","2","1","0","0","0"
"POINT (13.449103743000023 52.521978752000052)","Unfall 202216 (2019) Kat:3, Licht: 2","202216","3","4","6","12","16","3","0","2","0","1","1","0"
"POINT (13.458833251000044 52.525940821000063)","Unfall 202217 (2019) Kat:2, Licht: 2","202217","2","1","9","12","00","3","1","2","0","1","0","0"
"POINT (13.343310146000022 52.526399541000046)","Unfall 202218 (2019) Kat:3, Licht: 0","202218","3","2","0","12","08","3","0","0","0","0","1","0"