WKT,Name,OBJECTID,UKATEGORIE,UTYP1,UART,UMONAT,USTUNDE,UWOCHENTAG,STRZUSTAND,ULICHTVERH,ISTRAD,ISTPKW,ISTFUSS,ISTKRAD
"POINT (13.296661996000068 52.464393298000061)","Unfall 202219 (2019) Kat:3, Licht: 0","202219","3","1","0","12","08","3","2","0","1","0","0","0"
"POINT (13.289976358000047 52.482234276000042)","Unfall 202220 (2019) Kat:3, Licht: 0","202220","3","2","5","12","07","3","1","0","0","1","0","0"
"POINT (13.471741944000030 52.602096533000065)","Unfall 202221 (2019) Kat:3, Licht: 0","202221","3","7","6","12","07","3","0","0","1","0","1","0"
"POINT (13.299504883000054 52.519672617000026)","Unfall 202222 (2019) Kat:3, Licht: 1","202222","3","2","5","12","07","3","0","1","0","1","0","0"
"POINT (13.306976925000072 52.555017699000075)","Unfall 202223 (2019) Kat:2, Licht: 2","202223","2","3","5","12","07","3","1","2","0","1","0","0"
"POINT (13.324161015000072 52.587799624000070)","Unfall 202224 (2019) Kat:3, Licht: 2","202224","3","6","2","12","20","2","1","2","0","1","0","0"
"POINT (13.594120916000065 52.444480691000081)","Unfall 202225 (2019) Kat:3, Licht: 0","202225","3","6","6","12","17","2","0","0","1","0","1","0"
"POINT (13.379282682000053 52.507032669000068)","Unfall 202226 (2019) Kat:3, Licht: 0","202226","3","3","5","12","09","2","1","0","1","1","0","0"
"POINT (13.437397537000038 52.448449060000030)","Unfall 202227 (2019) Kat:3, Licht: 0","202227","3","3","5","12","12","2","0","0","1","1","0","0"
"POINT (13.130213907000041 52.464047686000072)","Unfall 202228 (2019) Kat:3, Licht: 1","202228","3","6","2","12","15","2","1","1","0","1","0","0"
"POINT (13.280619221000052 52.586950328000057)","Unfall 202229 (2019) Kat:3, Licht: 2","202229","3","4","6","12","21","2","1","2","0","1","1","0"
"POINT (13.353412375000062 52.452031518000069)","Unfall 202230 (2019) Kat:3, Licht: 2","202230","3","7","0","12","20","2","1","2","1","1","0","0"
"POINT (13.504971934000025 52.534532198000079)","Unfall 202231 (2019) Kat:3, Licht: 2","202231","3","6","3","12","19","2","1","2","0","1","0","0"
"POINT (13.382511554000075 52.484996530000046)","Unfall 202232 (2019) Kat:3, Licht: 2","202232","3","2","6","12","19","2","1","2","0","1","1","0"
"POINT (13.385477484000035 52.465735659000075)","Unfall 202233 (2019) Kat:3, Licht: 2","202233","3","2","6","12","19","2","1","2","0","1","1","0"
"POINT (13.214168128000040 52.538521220000064)","Unfall 202234 (2019) Kat:3, Licht: 0","202234","3","6","2","12","20","2","1","0","0","1","0","0"
"POINT (13.521054331000073 52.460847196000032)","Unfall 202235 (2019) Kat:3, Licht: 2","202235","3","2","5","12","19","2","1","2","0","1","0","1"
"POINT (13.454765826000028 52.515813878000074)","Unfall 202236 (2019) Kat:3, Licht: 2","202236","3","6","0","12","05","2","1","2","0","1","0","1"
"POINT (13.420254022000051 52.538139559000058)","Unfall 202237 (2019) Kat:3, Licht: 2","202237","3","3","5","12","18","4","0","2","1","1","0","0"
"POINT (13.373122738000063 52.424857872000075)","Unfall 202238 (2019) Kat:3, Licht: 2","202238","3","2","6","12","18","2","1","2","0","1","1","0"
"POINT (13.329773699000043 52.569115846000045)","Unfall 202239 (2019) Kat:2, Licht: 2","202239","2","2","6","12","18","2","1","2","0","0","1","0"
"POINT (13.346712275000073 52.450012846000050)","Unfall 202240 (2019) Kat:3, Licht: 2","202240","3","2","5","12","17","4","0","2","0","1","0","0"
"POINT (13.432653418000029 52.487068851000060)","Unfall 202241 (2019) Kat:3, Licht: 2","202241","3","2","5","12","17","4","0","2","1","1","0","0"
"POINT (13.341147912000054 52.600085807000028)","Unfall 202242 (2019) Kat:2, Licht: 2","202242","2","2","6","12","18","2","1","2","0","1","1","0"
"POINT (13.430716016000076 52.486017839000056)","Unfall 202243 (2019) Kat:3, Licht: 2","202243","3","4","6","12","18","2","1","2","0","1","1","0"
"POINT (13.412147293000032 52.531211131000077)","Unfall 202244 (2019) Kat:2, Licht: 2","202244","2","1","9","12","17","4","0","2","0","1","0","0"
"POINT (13.338560395000059 52.466698639000072)","Unfall 202245 (2019) Kat:3, Licht: 2","202245","3","2","5","12","17","4","0","2","1","1","0","0"
"POINT (13.322642385000051 52.429077526000071)","Unfall 202246 (2019) Kat:3, Licht: 2","202246","3","2","5","12","17","2","1","2","0","1","0","0"
"POINT (13.338041338000039 52.501924739000060)","Unfall 202247 (2019) Kat:3, Licht: 0","202247","3","6","2","12","13","4","0","0","1","1","0","0"
"POINT (13.447942820000037 52.426257930000077)","Unfall 202248 (2019) Kat:3, Licht: 2","202248","3","2","5","12","17","2","1","2","0","1","0","0"
"POINT (13.260414490000073 52.516333438000061)","Unfall 202249 (2019) Kat:3, Licht: 0","202249","3","6","2","12","11","4","0","0","0","1","0","0"
"POINT (13.531203830000038 52.405135201000064)","Unfall 202250 (2019) Kat:3, Licht: 0","202250","3","3","5","12","10","4","0","0","0","1","0","0"
"POINT (13.392229710000038 52.414074864000042)","Unfall 202251 (2019) Kat:2, Licht: 2","202251","2","2","2","12","17","2","1","2","0","1","0","0"
"POINT (13.346026820000077 52.496022819000075)","Unfall 202252 (2019) Kat:3, Licht: 2","202252","3","3","5","12","17","2","1","2","0","1","0","0"
"POINT (13.578357818000029 52.457461864000038)","Unfall 202253 (2019) Kat:3, Licht: 0","202253","3","7","6","12","10","4","1","0","0","1","1","0"
"POINT (13.155637680000041 52.532948039000075)","Unfall 202254 (2019) Kat:3, Licht: 0","202254","3","1","0","12","09","4","0","0","0","0","0","1"
"POINT (13.326996353000027 52.439844611000069)","Unfall 202255 (2019) Kat:3, Licht: 2","202255","3","6","2","12","17","2","1","2","0","1","0","0"
"POINT (13.351510113000074 52.509598300000050)","Unfall 202256 (2019) Kat:3, Licht: 2","202256","3","6","2","12","23","3","0","2","0","1","0","0"
"POINT (13.433806348000076 52.489766129000031)","Unfall 202257 (2019) Kat:2, Licht: 2","202257","2","4","6","12","23","3","0","2","0","1","1","0"
"POINT (13.470186243000057 52.553605468000057)","Unfall 202258 (2019) Kat:2, Licht: 2","202258","2","2","5","12","16","2","1","2","0","1","0","1"
"POINT (13.423268492000034 52.604582647000029)","Unfall 202259 (2019) Kat:3, Licht: 2","202259","3","3","5","12","16","2","1","2","0","1","0","0"
"POINT (13.508131219000063 52.452941250000038)","Unfall 202260 (2019) Kat:3, Licht: 2","202260","3","2","5","12","20","3","0","2","1","1","0","0"
"POINT (13.270373995000057 52.449895660000038)","Unfall 202261 (2019) Kat:3, Licht: 2","202261","3","2","2","12","19","3","0","2","0","1","0","0"
"POINT (13.162693001000036 52.520069588000069)","Unfall 202262 (2019) Kat:3, Licht: 2","202262","3","2","5","12","19","3","0","2","1","1","0","0"
"POINT (13.587787108000043 52.523417405000032)","Unfall 202263 (2019) Kat:3, Licht: 2","202263","3","6","2","12","17","3","0","2","1","1","0","0"
"POINT (13.296128516000067 52.485440536000056)","Unfall 202264 (2019) Kat:3, Licht: 2","202264","3","6","2","12","16","3","0","2","0","1","0","0"
"POINT (13.303103581000073 52.516512958000078)","Unfall 202265 (2019) Kat:3, Licht: 1","202265","3","5","1","12","15","2","1","1","1","1","0","0"
"POINT (13.484450313000025 52.423161906000075)","Unfall 202266 (2019) Kat:3, Licht: 2","202266","3","2","6","12","16","2","1","2","0","1","1","0"
"POINT (13.408894759000077 52.512019161000069)","Unfall 202267 (2019) Kat:3, Licht: 2","202267","3","3","5","12","16","3","0","2","1","1","0","0"
"POINT (13.587889216000065 52.521223463000069)","Unfall 202268 (2019) Kat:3, Licht: 2","202268","3","6","2","12","16","2","1","2","0","1","0","0"
"POINT (13.367256361000045 52.426856991000079)","Unfall 202269 (2019) Kat:3, Licht: 2","202269","3","3","5","12","16","3","1","2","0","1","0","0"
"POINT (13.300011594000068 52.509829835000062)","Unfall 202270 (2019) Kat:3, Licht: 1","202270","3","3","5","12","15","2","1","1","1","1","0","0"
"POINT (13.320834296000044 52.492541986000049)","Unfall 202271 (2019) Kat:3, Licht: 0","202271","3","3","5","12","15","2","0","0","0","1","0","0"
"POINT (13.189564535000045 52.550378780000074)","Unfall 202272 (2019) Kat:2, Licht: 2","202272","2","4","6","12","16","3","0","2","0","1","1","0"
"POINT (13.471815242000048 52.507801458000074)","Unfall 202273 (2019) Kat:3, Licht: 0","202273","3","2","5","12","13","2","0","0","0","1","0","1"
"POINT (13.407885721000071 52.528433435000068)","Unfall 202274 (2019) Kat:3, Licht: 0","202274","3","5","1","12","13","2","0","0","1","0","0","0"
"POINT (13.328210422000041 52.535090280000077)","Unfall 202275 (2019) Kat:3, Licht: 0","202275","3","6","2","12","12","2","0","0","0","1","0","0"
"POINT (13.520795167000074 52.535609924000028)","Unfall 202276 (2019) Kat:2, Licht: 1","202276","2","7","0","12","10","3","0","1","1","0","0","0"
"POINT (13.352717786000028 52.567773517000035)","Unfall 202277 (2019) Kat:3, Licht: 2","202277","3","2","6","12","05","3","0","2","0","1","1","0"
"POINT (13.462037218000034 52.422498227000062)","Unfall 202278 (2019) Kat:3, Licht: 0","202278","3","3","0","12","11","2","1","0","0","1","0","1"
"POINT (13.320311693000065 52.478174651000074)","Unfall 202279 (2019) Kat:3, Licht: 0","202279","3","6","2","12","11","2","0","0","0","1","0","1"
"POINT (13.344747437000024 52.489126508000027)","Unfall 202280 (2019) Kat:3, Licht: 0","202280","3","2","5","12","15","3","0","0","1","1","0","0"
"POINT (13.602466050000032 52.510208601000045)","Unfall 202281 (2019) Kat:2, Licht: 0","202281","2","3","5","12","11","2","0","0","0","1","0","0"
"POINT (13.370123565000029 52.597422491000032)","Unfall 202282 (2019) Kat:2, Licht: 0","202282","2","6","4","12","09","2","0","0","0","1","0","0"
"POINT (13.408865369000068 52.393966082000077)","Unfall 202283 (2019) Kat:3, Licht: 0","202283","3","2","5","12","15","3","0","0","1","1","0","0"
"POINT (13.397689396000033 52.382095598000035)","Unfall 202284 (2019) Kat:3, Licht: 0","202284","3","3","5","12","13","3","1","0","1","1","0","0"
"POINT (13.397539513000027 52.506052104000048)","Unfall 202285 (2019) Kat:3, Licht: 0","202285","3","2","5","12","09","2","0","0","1","1","0","0"
"POINT (13.591473415000053 52.421325198000034)","Unfall 202286 (2019) Kat:3, Licht: 0","202286","3","5","1","12","09","2","0","0","0","1","0","0"
"POINT (13.218567493000023 52.428365326000062)","Unfall 202287 (2019) Kat:3, Licht: 0","202287","3","1","0","12","13","3","1","0","1","0","0","0"
"POINT (13.588766131000057 52.542390668000053)","Unfall 202288 (2019) Kat:3, Licht: 0","202288","3","3","5","12","13","3","0","0","1","1","0","0"
"POINT (13.439369038000052 52.568225548000044)","Unfall 202289 (2019) Kat:2, Licht: 1","202289","2","3","5","12","07","2","1","1","1","0","0","0"
"POINT (13.319816052000022 52.468807438000056)","Unfall 202290 (2019) Kat:3, Licht: 2","202290","3","3","5","12","07","2","0","2","1","1","0","0"
"POINT (13.440040843000077 52.489599921000035)","Unfall 202291 (2019) Kat:3, Licht: 1","202291","3","3","5","12","06","2","0","1","1","0","0","0"
"POINT (13.316525490000060 52.489299057000039)","Unfall 202292 (2019) Kat:3, Licht: 0","202292","3","3","5","12","13","3","0","0","1","0","0","0"
"POINT (13.449589973000059 52.479080371000066)","Unfall 202293 (2019) Kat:3, Licht: 2","202293","3","3","5","12","06","2","0","2","1","1","0","0"
"POINT (13.286828763000074 52.495831111000030)","Unfall 202294 (2019) Kat:3, Licht: 0","202294","3","2","5","12","12","3","0","0","0","1","0","0"
"POINT (13.558345875000043 52.455768392000039)","Unfall 202295 (2019) Kat:3, Licht: 2","202295","3","2","5","12","06","2","1","2","1","0","0","0"
"POINT (13.508485705000055 52.550069307000058)","Unfall 202296 (2019) Kat:3, Licht: 2","202296","3","3","5","12","06","2","0","2","0","1","0","0"
"POINT (13.387863163000077 52.502992001000052)","Unfall 202297 (2019) Kat:3, Licht: 0","202297","3","2","0","12","12","3","0","0","1","1","0","0"
"POINT (13.453526611000029 52.591334396000036)","Unfall 202298 (2019) Kat:3, Licht: 1","202298","3","3","5","12","15","2","1","1","0","1","0","0"
"POINT (13.357291039000074 52.553007564000040)","Unfall 202299 (2019) Kat:3, Licht: 2","202299","3","6","2","12","20","1","1","2","0","1","0","0"
"POINT (13.361637300000041 52.547877671000037)","Unfall 202300 (2019) Kat:3, Licht: 2","202300","3","6","3","12","18","1","1","2","0","1","0","0"
"POINT (13.270089420000033 52.536419856000066)","Unfall 202301 (2019) Kat:2, Licht: 0","202301","2","7","6","12","11","3","0","0","0","1","1","0"
"POINT (13.511371944000075 52.504363143000035)","Unfall 202302 (2019) Kat:3, Licht: 0","202302","3","3","5","12","11","3","0","0","1","1","0","0"
"POINT (13.346644910000066 52.501165644000082)","Unfall 202303 (2019) Kat:3, Licht: 2","202303","3","6","2","12","18","1","1","2","0","1","0","0"
"POINT (13.424935153000035 52.481380280000053)","Unfall 202304 (2019) Kat:3, Licht: 2","202304","3","7","5","12","18","1","0","2","0","1","0","0"
"POINT (13.271647406000056 52.517077235000045)","Unfall 202305 (2019) Kat:3, Licht: 0","202305","3","3","5","12","09","3","1","0","0","1","0","0"
"POINT (13.427653012000064 52.420816289000072)","Unfall 202306 (2019) Kat:3, Licht: 0","202306","3","2","5","12","09","3","1","0","0","1","0","0"
"POINT (13.399200146000055 52.570761079000079)","Unfall 202307 (2019) Kat:3, Licht: 2","202307","3","4","6","12","17","1","1","2","0","1","1","0"
"POINT (13.367307623000045 52.504561983000031)","Unfall 202308 (2019) Kat:3, Licht: 2","202308","3","3","5","12","16","1","1","2","0","1","0","0"
"POINT (13.522841718000052 52.423446227000056)","Unfall 202309 (2019) Kat:3, Licht: 0","202309","3","3","5","12","09","3","1","0","1","1","0","0"
"POINT (13.202690031000031 52.540152011000032)","Unfall 202310 (2019) Kat:3, Licht: 2","202310","3","6","3","12","16","1","1","2","0","1","0","0"
"POINT (13.230730856000037 52.435942456000078)","Unfall 202311 (2019) Kat:3, Licht: 2","202311","3","5","1","12","16","1","1","2","0","1","0","0"
"POINT (13.311880017000021 52.500518022000051)","Unfall 202312 (2019) Kat:3, Licht: 0","202312","3","2","0","12","08","3","1","0","0","1","0","1"
"POINT (13.455810333000045 52.473784764000072)","Unfall 202313 (2019) Kat:3, Licht: 2","202313","3","2","6","12","07","3","1","2","0","1","1","0"
"POINT (13.472890000000064 52.616998056000057)","Unfall 202314 (2019) Kat:3, Licht: 1","202314","3","3","5","12","15","1","1","1","0","1","0","0"
"POINT (13.224095433000059 52.429492026000048)","Unfall 202315 (2019) Kat:3, Licht: 0","202315","3","6","3","12","15","1","1","0","0","1","0","0"
"POINT (13.288104165000050 52.518893265000031)","Unfall 202316 (2019) Kat:3, Licht: 0","202316","3","5","5","12","13","1","1","0","0","1","0","0"
"POINT (13.432597477000058 52.415250159000038)","Unfall 202317 (2019) Kat:3, Licht: 0","202317","3","4","6","12","08","3","1","0","0","1","1","0"
"POINT (13.415538976000050 52.459223027000064)","Unfall 202318 (2019) Kat:3, Licht: 0","202318","3","6","3","12","14","1","1","0","0","1","0","0"
"POINT (13.368026074000056 52.602701268000033)","Unfall 202319 (2019) Kat:3, Licht: 0","202319","3","2","2","12","07","3","1","0","0","1","0","1"
"POINT (13.177360622000037 52.525359460000061)","Unfall 202320 (2019) Kat:2, Licht: 2","202320","2","1","9","12","03","1","1","2","0","1","0","0"
"POINT (13.431652210000038 52.466397033000078)","Unfall 202321 (2019) Kat:3, Licht: 2","202321","3","1","9","12","03","1","0","2","0","1","0","0"
"POINT (13.600273152000057 52.475571047000074)","Unfall 202322 (2019) Kat:3, Licht: 0","202322","3","2","5","12","07","3","1","0","0","1","0","0"
"POINT (13.507222547000026 52.438405193000051)","Unfall 202323 (2019) Kat:3, Licht: 2","202323","3","4","6","12","07","3","1","2","0","1","1","0"
"POINT (13.422977537000065 52.535282626000026)","Unfall 202324 (2019) Kat:3, Licht: 0","202324","3","7","0","12","07","1","1","0","0","0","0","1"
"POINT (13.581153325000059 52.513298236000026)","Unfall 202325 (2019) Kat:3, Licht: 2","202325","3","6","4","12","06","3","1","2","1","1","0","0"
"POINT (13.304299670000034 52.619534458000032)","Unfall 202326 (2019) Kat:2, Licht: 2","202326","2","4","6","12","00","1","1","2","0","1","1","0"
"POINT (13.361405608000041 52.412445904000037)","Unfall 202327 (2019) Kat:2, Licht: 2","202327","2","2","5","12","17","7","0","2","0","1","0","0"
"POINT (13.384358737000071 52.482141130000059)","Unfall 202328 (2019) Kat:2, Licht: 0","202328","2","3","6","12","09","3","0","0","0","0","1","0"
"POINT (13.477976488000024 52.533095708000076)","Unfall 202329 (2019) Kat:1, Licht: 2","202329","1","4","6","12","16","3","0","2","0","1","1","0"
"POINT (13.226184679000028 52.537674112000047)","Unfall 202330 (2019) Kat:2, Licht: 2","202330","2","5","1","12","17","7","1","2","0","1","0","0"
"POINT (13.405995469000061 52.386664937000035)","Unfall 202331 (2019) Kat:3, Licht: 2","202331","3","4","6","12","17","7","1","2","0","1","1","0"
"POINT (13.214225465000027 52.609846074000075)","Unfall 202332 (2019) Kat:1, Licht: 0","202332","1","1","9","12","11","3","0","0","0","1","0","0"
"POINT (13.399934497000061 52.565714664000041)","Unfall 202333 (2019) Kat:3, Licht: 0","202333","3","5","4","12","17","2","0","0","0","1","0","0"
"POINT (13.536258705000023 52.539751348000038)","Unfall 202334 (2019) Kat:3, Licht: 2","202334","3","4","6","12","17","7","1","2","0","0","1","0"
"POINT (13.311332313000037 52.627582292000056)","Unfall 202335 (2019) Kat:2, Licht: 2","202335","2","2","5","12","17","7","1","2","0","1","0","1"
"POINT (13.454298491000031 52.589260888000069)","Unfall 202336 (2019) Kat:3, Licht: 2","202336","3","6","2","12","06","2","0","2","0","1","0","0"
"POINT (13.213067928000044 52.538440194000032)","Unfall 202337 (2019) Kat:3, Licht: 2","202337","3","6","2","12","16","7","0","2","0","1","0","0"
"POINT (13.328551212000036 52.530954512000051)","Unfall 202338 (2019) Kat:3, Licht: 2","202338","3","6","2","12","23","2","1","2","0","1","0","0"
"POINT (13.399618441000030 52.396802192000052)","Unfall 202339 (2019) Kat:3, Licht: 0","202339","3","3","5","12","15","7","0","0","0","1","0","0"
"POINT (13.561697155000047 52.504360398000074)","Unfall 202340 (2019) Kat:3, Licht: 2","202340","3","6","2","12","21","7","1","2","0","1","0","0"
"POINT (13.249369969000043 52.523609670000042)","Unfall 202341 (2019) Kat:2, Licht: 2","202341","2","1","0","12","21","2","1","2","1","0","0","0"
"POINT (13.360181654000030 52.544310744000029)","Unfall 202342 (2019) Kat:3, Licht: 2","202342","3","3","5","12","21","2","1","2","0","1","0","0"
"POINT (13.330428567000070 52.478702477000070)","Unfall 202343 (2019) Kat:2, Licht: 2","202343","2","4","6","12","20","7","1","2","0","1","1","0"
"POINT (13.409082757000022 52.590257050000048)","Unfall 202344 (2019) Kat:3, Licht: 0","202344","3","5","0","12","12","7","1","0","0","1","0","0"
"POINT (13.305555165000044 52.581910412000070)","Unfall 202345 (2019) Kat:3, Licht: 2","202345","3","2","6","12","21","2","1","2","0","1","1","0"
"POINT (13.400689975000034 52.484249969000075)","Unfall 202346 (2019) Kat:3, Licht: 2","202346","3","1","0","12","20","2","1","2","1","0","0","0"
"POINT (13.337113906000070 52.503886572000056)","Unfall 202347 (2019) Kat:3, Licht: 0","202347","3","4","6","12","11","7","1","0","0","1","1","0"
"POINT (13.284237011000073 52.594434691000060)","Unfall 202348 (2019) Kat:3, Licht: 0","202348","3","2","5","12","11","7","0","0","0","1","0","0"
"POINT (13.337609373000078 52.501525414000071)","Unfall 202349 (2019) Kat:3, Licht: 2","202349","3","7","5","12","19","2","1","2","1","1","0","0"
"POINT (13.393758831000071 52.541267057000027)","Unfall 202350 (2019) Kat:3, Licht: 2","202350","3","2","6","12","19","2","1","2","0","1","1","0"
"POINT (13.331169897000052 52.502589282000031)","Unfall 202351 (2019) Kat:3, Licht: 0","202351","3","6","2","12","11","7","1","0","0","1","0","0"
"POINT (13.448080492000031 52.477735885000072)","Unfall 202352 (2019) Kat:3, Licht: 2","202352","3","2","6","12","06","7","1","2","0","1","1","0"
"POINT (13.171611611000060 52.511033290000057)","Unfall 202353 (2019) Kat:3, Licht: 2","202353","3","3","5","12","04","7","1","2","0","1","0","0"
"POINT (13.327425642000037 52.505481369000051)","Unfall 202354 (2019) Kat:3, Licht: 2","202354","3","6","3","12","16","2","0","2","1","1","0","0"
"POINT (13.297070397000027 52.442621416000065)","Unfall 202355 (2019) Kat:3, Licht: 1","202355","3","2","5","12","07","2","0","1","0","1","0","0"
"POINT (13.310345113000039 52.479001620000076)","Unfall 202356 (2019) Kat:3, Licht: 0","202356","3","2","5","12","09","7","1","0","1","1","0","0"
"POINT (13.376833612000041 52.509400565000078)","Unfall 202357 (2019) Kat:3, Licht: 2","202357","3","1","8","12","01","7","1","2","0","1","0","0"
"POINT (13.371869852000032 52.554070887000080)","Unfall 202358 (2019) Kat:3, Licht: 0","202358","3","3","0","12","09","2","0","0","0","1","0","1"
"POINT (13.395958390000033 52.498287858000026)","Unfall 202359 (2019) Kat:3, Licht: 2","202359","3","3","5","12","06","2","0","2","0","1","0","0"
"POINT (13.522704782000062 52.513217052000073)","Unfall 202360 (2019) Kat:2, Licht: 2","202360","2","4","6","12","19","7","1","2","0","1","1","0"
"POINT (13.433019421000040 52.464726344000042)","Unfall 202361 (2019) Kat:3, Licht: 2","202361","3","3","5","12","19","7","1","2","0","1","0","0"
"POINT (13.526740094000047 52.437647524000056)","Unfall 202362 (2019) Kat:3, Licht: 2","202362","3","3","5","12","05","2","1","2","1","1","0","0"
"POINT (13.377101222000022 52.553737267000031)","Unfall 202363 (2019) Kat:3, Licht: 2","202363","3","2","5","12","19","7","1","2","0","1","0","0"
"POINT (13.350252743000055 52.551540771000077)","Unfall 202364 (2019) Kat:3, Licht: 2","202364","3","6","3","12","18","2","1","2","1","1","0","0"
"POINT (13.394562540000038 52.505838685000072)","Unfall 202365 (2019) Kat:3, Licht: 2","202365","3","6","2","12","18","7","1","2","0","1","0","1"
"POINT (13.448731548000069 52.477353409000045)","Unfall 202366 (2019) Kat:3, Licht: 2","202366","3","5","1","12","18","7","1","2","1","1","0","0"
"POINT (13.345825898000044 52.428755403000082)","Unfall 202367 (2019) Kat:3, Licht: 2","202367","3","6","2","12","18","2","0","2","0","1","0","1"
"POINT (13.317355554000073 52.566619858000081)","Unfall 202368 (2019) Kat:3, Licht: 2","202368","3","3","5","12","17","2","1","2","1","1","0","0"
"POINT (13.514550358000065 52.505548730000044)","Unfall 202369 (2019) Kat:3, Licht: 2","202369","3","6","2","12","18","7","1","2","0","1","0","0"
"POINT (13.431875677000050 52.481629903000055)","Unfall 202370 (2019) Kat:3, Licht: 2","202370","3","6","2","12","18","7","0","2","0","1","0","0"
"POINT (13.357302024000035 52.559949534000054)","Unfall 202371 (2019) Kat:3, Licht: 2","202371","3","7","5","12","17","2","1","2","0","1","0","1"
"POINT (13.511969856000064 52.565952621000065)","Unfall 202372 (2019) Kat:3, Licht: 2","202372","3","6","2","12","17","2","1","2","0","1","0","0"
"POINT (13.245086116000039 52.524844382000026)","Unfall 202373 (2019) Kat:3, Licht: 2","202373","3","2","5","12","18","7","1","2","1","1","0","0"
"POINT (13.382214364000049 52.484887691000040)","Unfall 202374 (2019) Kat:3, Licht: 2","202374","3","4","6","12","20","6","0","2","0","0","1","0"
"POINT (13.578162560000067 52.547751180000034)","Unfall 202375 (2019) Kat:3, Licht: 2","202375","3","6","2","12","16","2","2","2","0","1","0","0"
"POINT (13.526119729000072 52.422998214000074)","Unfall 202376 (2019) Kat:3, Licht: 2","202376","3","4","6","12","20","6","1","2","0","0","1","0"
"POINT (13.489964392000047 52.421299637000061)","Unfall 202377 (2019) Kat:2, Licht: 0","202377","2","3","0","12","14","2","1","0","0","0","0","1"
"POINT (13.395212171000026 52.494401588000073)","Unfall 202378 (2019) Kat:3, Licht: 0","202378","3","6","2","12","13","2","0","0","0","1","0","0"
"POINT (13.241740559000050 52.598709191000069)","Unfall 202379 (2019) Kat:2, Licht: 2","202379","2","6","4","12","20","6","0","2","1","0","0","0"
"POINT (13.436966908000045 52.529567978000046)","Unfall 202380 (2019) Kat:3, Licht: 0","202380","3","1","9","12","12","2","1","0","0","1","0","0"
"POINT (13.348189012000034 52.502373632000058)","Unfall 202381 (2019) Kat:3, Licht: 2","202381","3","4","6","12","16","6","1","2","1","0","1","0"
"POINT (13.320543307000037 52.486221299000078)","Unfall 202382 (2019) Kat:3, Licht: 0","202382","3","6","2","12","09","2","0","0","0","1","0","0"
"POINT (13.517467059000069 52.535354644000051)","Unfall 202383 (2019) Kat:3, Licht: 2","202383","3","3","5","12","18","1","1","2","0","1","0","0"
"POINT (13.315607320000026 52.443085106000069)","Unfall 202384 (2019) Kat:3, Licht: 2","202384","3","2","6","12","17","6","1","2","0","1","1","0"
"POINT (13.333889476000024 52.610514887000079)","Unfall 202385 (2019) Kat:3, Licht: 2","202385","3","4","6","12","17","6","1","2","0","1","1","0"
"POINT (13.318051989000026 52.496258887000067)","Unfall 202386 (2019) Kat:3, Licht: 2","202386","3","3","5","12","02","1","1","2","0","1","0","0"
"POINT (13.578997066000056 52.459116080000058)","Unfall 202387 (2019) Kat:3, Licht: 2","202387","3","4","6","12","17","6","1","2","0","1","1","0"
"POINT (13.398858341000050 52.532715462000056)","Unfall 202388 (2019) Kat:3, Licht: 2","202388","3","2","0","12","17","6","1","2","0","1","1","0"
"POINT (13.362487249000026 52.567254984000044)","Unfall 202389 (2019) Kat:3, Licht: 2","202389","3","2","6","12","17","6","1","2","0","1","1","0"
"POINT (13.446089164000057 52.550038218000054)","Unfall 202390 (2019) Kat:3, Licht: 2","202390","3","4","6","12","17","6","1","2","0","1","1","0"
"POINT (13.320145499000034 52.478757962000032)","Unfall 202391 (2019) Kat:3, Licht: 1","202391","3","2","5","12","15","6","1","1","1","1","0","0"
"POINT (13.498871056000041 52.416819568000051)","Unfall 202392 (2019) Kat:2, Licht: 2","202392","2","5","1","12","17","1","1","2","0","1","0","0"
"POINT (13.311537195000028 52.468379701000060)","Unfall 202393 (2019) Kat:3, Licht: 2","202393","3","3","5","12","19","1","1","2","1","1","0","0"
"POINT (13.570722966000062 52.544625705000044)","Unfall 202394 (2019) Kat:3, Licht: 2","202394","3","3","5","12","16","6","1","2","1","1","0","0"
"POINT (13.430482383000026 52.421560843000066)","Unfall 202395 (2019) Kat:3, Licht: 2","202395","3","6","2","12","16","6","1","2","0","1","0","0"
"POINT (13.311376191000022 52.434841420000055)","Unfall 202396 (2019) Kat:3, Licht: 2","202396","3","1","8","12","16","6","1","2","0","1","0","0"
"POINT (13.295301423000069 52.549993238000070)","Unfall 202397 (2019) Kat:3, Licht: 2","202397","3","6","2","12","19","1","0","2","0","1","0","0"
"POINT (13.373697371000048 52.553998533000026)","Unfall 202398 (2019) Kat:3, Licht: 2","202398","3","6","2","12","16","6","1","2","0","1","0","0"
"POINT (13.263052459000050 52.439238365000051)","Unfall 202399 (2019) Kat:3, Licht: 2","202399","3","3","5","12","17","1","1","2","0","1","0","0"
"POINT (13.282206702000053 52.440197652000052)","Unfall 202400 (2019) Kat:2, Licht: 0","202400","2","7","2","12","12","6","1","0","0","1","0","0"
"POINT (13.593360902000029 52.451702884000042)","Unfall 202401 (2019) Kat:3, Licht: 2","202401","3","2","6","12","22","6","1","2","0","1","1","0"
"POINT (13.232121774000063 52.437520280000058)","Unfall 202402 (2019) Kat:3, Licht: 2","202402","3","7","6","12","17","1","1","2","1","0","1","0"
"POINT (13.406502197000066 52.502626076000070)","Unfall 202403 (2019) Kat:3, Licht: 2","202403","3","2","6","12","21","6","1","2","0","1","1","0"