WKT,Name,OBJECTID,UKATEGORIE,UTYP1,UART,UMONAT,USTUNDE,UWOCHENTAG,STRZUSTAND,ULICHTVERH,ISTRAD,ISTPKW,ISTFUSS,ISTKRAD
"POINT (13.310717463000060 52.529456758000038)","Unfall 202404 (2019) Kat:3, Licht: 2","202404","3","7","5","12","20","6","1","2","0","1","0","0"
"POINT (13.565154422000035 52.544786841000075)","Unfall 202405 (2019) Kat:3, Licht: 2","202405","3","6","2","12","19","6","1","2","0","1","0","0"
"POINT (13.294776775000059 52.539632864000055)","Unfall 202406 (2019) Kat:3, Licht: 2","202406","3","3","5","12","16","1","0","2","0","1","0","0"
"POINT (13.526595938000071 52.426465507000046)","Unfall 202407 (2019) Kat:3, Licht: 2","202407","3","3","5","12","19","6","1","2","0","1","0","0"
"POINT (13.319594798000026 52.452684688000033)","Unfall 202408 (2019) Kat:3, Licht: 2","202408","3","3","5","12","19","6","1","2","0","1","0","0"
"POINT (13.427601414000037 52.490168497000070)","Unfall 202409 (2019) Kat:3, Licht: 0","202409","3","3","5","12","14","1","1","0","1","1","0","0"
"POINT (13.442880451000065 52.464987898000061)","Unfall 202410 (2019) Kat:3, Licht: 2","202410","3","6","2","12","19","6","1","2","0","1","0","0"
"POINT (13.503449127000067 52.411624265000057)","Unfall 202411 (2019) Kat:2, Licht: 0","202411","2","2","5","12","14","1","1","0","0","1","0","0"
"POINT (13.345637457000066 52.484747198000036)","Unfall 202412 (2019) Kat:3, Licht: 2","202412","3","4","0","12","19","6","1","2","1","0","1","0"
"POINT (13.283305936000033 52.518666014000075)","Unfall 202413 (2019) Kat:3, Licht: 2","202413","3","6","2","12","18","6","1","2","0","1","0","0"
"POINT (13.282049863000054 52.533806379000055)","Unfall 202414 (2019) Kat:3, Licht: 0","202414","3","6","2","12","13","1","1","0","0","1","0","0"
"POINT (13.297926435000022 52.578178093000076)","Unfall 202415 (2019) Kat:3, Licht: 0","202415","3","2","5","12","11","1","1","0","0","1","0","0"
"POINT (13.301450253000041 52.599727597000026)","Unfall 202416 (2019) Kat:3, Licht: 2","202416","3","4","6","12","18","6","1","2","0","1","1","0"
"POINT (13.296463133000032 52.499711859000058)","Unfall 202417 (2019) Kat:3, Licht: 2","202417","3","7","0","12","18","6","1","2","0","1","0","0"
"POINT (13.497441960000060 52.458120510000072)","Unfall 202418 (2019) Kat:3, Licht: 2","202418","3","1","8","12","06","1","2","2","0","1","0","0"
"POINT (13.325835541000060 52.509307163000074)","Unfall 202419 (2019) Kat:3, Licht: 2","202419","3","1","9","12","05","1","1","2","0","1","0","0"
"POINT (13.293124704000036 52.474545228000068)","Unfall 202420 (2019) Kat:2, Licht: 2","202420","2","4","6","12","18","6","1","2","1","0","1","0"
"POINT (13.264976836000073 52.536546357000077)","Unfall 202421 (2019) Kat:2, Licht: 2","202421","2","2","6","12","16","6","1","2","0","1","1","0"
"POINT (13.312619280000035 52.503319862000069)","Unfall 202422 (2019) Kat:2, Licht: 2","202422","2","7","0","12","16","6","1","2","1","0","0","0"
"POINT (13.616338153000072 52.429249054000081)","Unfall 202423 (2019) Kat:3, Licht: 2","202423","3","1","9","12","05","1","1","2","0","1","0","0"
"POINT (13.459448378000047 52.512476940000056)","Unfall 202424 (2019) Kat:3, Licht: 0","202424","3","3","5","12","14","6","1","0","0","1","0","0"
"POINT (13.418065090000027 52.515372155000080)","Unfall 202425 (2019) Kat:2, Licht: 2","202425","2","3","5","12","01","1","1","2","1","1","0","0"
"POINT (13.528284188000043 52.402594763000081)","Unfall 202426 (2019) Kat:3, Licht: 0","202426","3","2","5","12","14","6","1","0","1","1","0","0"
"POINT (13.276327191000064 52.490592279000055)","Unfall 202427 (2019) Kat:3, Licht: 0","202427","3","3","5","12","10","6","1","0","1","1","0","0"
"POINT (13.444657273000075 52.578469144000053)","Unfall 202428 (2019) Kat:3, Licht: 0","202428","3","6","2","12","12","1","0","0","0","1","0","0"
"POINT (13.490138348000073 52.504819360000056)","Unfall 202429 (2019) Kat:3, Licht: 0","202429","3","3","5","12","09","6","1","0","0","1","0","0"
"POINT (13.281098671000052 52.477007099000048)","Unfall 202430 (2019) Kat:3, Licht: 0","202430","3","4","6","12","09","6","1","0","0","1","1","0"
"POINT (13.434912780000047 52.471478321000063)","Unfall 202431 (2019) Kat:3, Licht: 0","202431","3","7","5","12","08","6","0","0","1","1","0","0"
"POINT (13.514477179000039 52.535161930000072)","Unfall 202432 (2019) Kat:1, Licht: 2","202432","1","4","6","12","00","1","1","2","0","1","1","0"
"POINT (13.442122510000047 52.488530260000061)","Unfall 202433 (2019) Kat:2, Licht: 0","202433","2","7","5","12","14","7","1","0","0","1","0","1"
"POINT (13.421696009000073 52.489296012000068)","Unfall 202434 (2019) Kat:3, Licht: 0","202434","3","1","0","12","08","6","0","0","1","0","0","0"
"POINT (13.489870120000035 52.419966099000078)","Unfall 202435 (2019) Kat:3, Licht: 0","202435","3","3","5","12","14","2","0","0","0","1","0","0"
"POINT (13.429125951000060 52.481296696000072)","Unfall 202436 (2019) Kat:3, Licht: 0","202436","3","5","1","12","13","2","0","0","1","1","0","0"
"POINT (13.378415314000051 52.566093900000055)","Unfall 202437 (2019) Kat:3, Licht: 0","202437","3","3","5","12","11","2","0","0","0","1","0","0"
"POINT (13.433736449000037 52.482044148000057)","Unfall 202438 (2019) Kat:3, Licht: 0","202438","3","2","5","12","10","2","0","0","0","1","0","1"
"POINT (13.318438717000049 52.546494937000034)","Unfall 202439 (2019) Kat:3, Licht: 0","202439","3","4","6","12","08","2","0","0","0","0","1","1"
"POINT (13.331295856000054 52.420036733000074)","Unfall 202440 (2019) Kat:2, Licht: 2","202440","2","3","5","12","21","2","0","2","0","1","0","0"
"POINT (13.513315000000034 52.467377196000029)","Unfall 202441 (2019) Kat:2, Licht: 2","202441","2","1","0","12","06","2","0","2","1","0","0","0"
"POINT (13.462766382000041 52.423665360000030)","Unfall 202442 (2019) Kat:3, Licht: 2","202442","3","7","6","12","16","1","0","2","0","1","1","0"
"POINT (13.471295862000034 52.505102167000075)","Unfall 202443 (2019) Kat:3, Licht: 0","202443","3","3","5","12","15","1","0","0","0","1","0","0"
"POINT (13.296489184000052 52.485331544000076)","Unfall 202444 (2019) Kat:3, Licht: 0","202444","3","6","2","12","14","1","0","0","0","1","0","0"
"POINT (13.350061354000047 52.434266322000042)","Unfall 202445 (2019) Kat:3, Licht: 2","202445","3","3","5","12","04","1","0","2","0","1","0","0"
"POINT (13.305277917000069 52.506713960000070)","Unfall 202446 (2019) Kat:3, Licht: 2","202446","3","5","1","12","02","1","0","2","0","1","0","0"
"POINT (13.527803652000046 52.556737115000033)","Unfall 202447 (2019) Kat:2, Licht: 2","202447","2","4","6","12","21","7","0","2","0","1","1","0"
"POINT (13.403277480000042 52.528029591000063)","Unfall 202448 (2019) Kat:3, Licht: 2","202448","3","5","1","12","21","7","0","2","0","1","0","0"
"POINT (13.463561160000040 52.463475559000074)","Unfall 202449 (2019) Kat:3, Licht: 2","202449","3","2","2","12","20","7","1","2","0","1","0","0"
"POINT (13.379147890000070 52.553017350000061)","Unfall 202450 (2019) Kat:3, Licht: 2","202450","3","7","6","12","17","7","0","2","0","1","1","0"
"POINT (13.364250773000037 52.527700139000046)","Unfall 202451 (2019) Kat:3, Licht: 2","202451","3","1","0","12","16","7","0","2","1","0","0","0"
"POINT (13.387252767000064 52.459314604000042)","Unfall 202452 (2019) Kat:3, Licht: 2","202452","3","4","6","12","17","7","0","2","0","1","1","0"
"POINT (13.433673745000021 52.523321571000054)","Unfall 202453 (2019) Kat:3, Licht: 0","202453","3","3","6","12","15","7","0","0","1","0","1","0"
"POINT (13.354671108000048 52.448623957000052)","Unfall 202454 (2019) Kat:3, Licht: 0","202454","3","4","6","12","14","7","0","0","0","1","1","0"
"POINT (13.459210466000059 52.445016234000036)","Unfall 202455 (2019) Kat:3, Licht: 0","202455","3","3","5","12","13","7","0","0","0","1","0","0"
"POINT (13.403011745000072 52.521427696000046)","Unfall 202456 (2019) Kat:3, Licht: 0","202456","3","3","5","12","12","7","0","0","0","0","0","0"
"POINT (13.300484032000043 52.517068585000061)","Unfall 202457 (2019) Kat:3, Licht: 0","202457","3","7","5","12","12","7","0","0","0","1","0","1"
"POINT (13.432119806000060 52.485518935000073)","Unfall 202458 (2019) Kat:3, Licht: 0","202458","3","4","6","12","12","7","0","0","0","1","1","0"
"POINT (13.437579147000065 52.500384407000070)","Unfall 202459 (2019) Kat:3, Licht: 2","202459","3","3","5","12","07","7","0","2","1","1","0","0"
"POINT (13.431759064000062 52.487642096000059)","Unfall 202460 (2019) Kat:2, Licht: 2","202460","2","1","0","12","23","7","0","2","1","0","0","0"
"POINT (13.416418059000023 52.510934030000044)","Unfall 202461 (2019) Kat:2, Licht: 2","202461","2","3","5","12","00","7","0","2","0","1","0","0"
"POINT (13.315015802000062 52.514654621000034)","Unfall 202462 (2019) Kat:2, Licht: 2","202462","2","1","8","12","00","6","1","2","0","1","0","0"
"POINT (13.352317078000056 52.536483304000058)","Unfall 202463 (2019) Kat:3, Licht: 2","202463","3","3","5","12","16","6","0","2","1","1","0","0"
"POINT (13.412067793000062 52.488402843000074)","Unfall 202464 (2019) Kat:3, Licht: 0","202464","3","7","0","12","13","6","0","0","0","1","0","0"
"POINT (13.575930633000041 52.463767253000071)","Unfall 202465 (2019) Kat:3, Licht: 0","202465","3","6","3","12","10","6","1","0","1","1","0","0"
"POINT (13.344343567000067 52.464847936000069)","Unfall 202466 (2019) Kat:3, Licht: 0","202466","3","3","0","12","10","6","1","0","0","0","0","1"
"POINT (13.400454182000033 52.490210301000047)","Unfall 202467 (2019) Kat:3, Licht: 0","202467","3","1","8","12","09","6","1","0","0","1","0","0"
"POINT (13.284220276000042 52.485292771000047)","Unfall 202468 (2019) Kat:3, Licht: 1","202468","3","3","5","12","07","6","0","1","1","0","0","0"
"POINT (13.359583666000049 52.503897171000062)","Unfall 202469 (2019) Kat:3, Licht: 2","202469","3","6","2","12","21","6","1","2","0","1","0","0"
"POINT (13.207503484000028 52.554090664000057)","Unfall 202470 (2019) Kat:3, Licht: 2","202470","3","2","6","12","20","6","1","2","0","1","1","0"
"POINT (13.314347068000075 52.472385386000042)","Unfall 202471 (2019) Kat:3, Licht: 2","202471","3","5","1","12","19","6","0","2","1","1","0","0"
"POINT (13.434669488000054 52.440570740000055)","Unfall 202472 (2019) Kat:3, Licht: 2","202472","3","6","2","12","17","6","1","2","0","1","0","0"
"POINT (13.363435779000042 52.478619210000033)","Unfall 202473 (2019) Kat:3, Licht: 2","202473","3","3","5","12","17","6","1","2","1","1","0","0"
"POINT (13.499815057000035 52.534372503000043)","Unfall 202474 (2019) Kat:3, Licht: 2","202474","3","3","5","12","16","6","1","2","0","1","0","0"
"POINT (13.624749341000040 52.451156127000047)","Unfall 202475 (2019) Kat:2, Licht: 2","202475","2","4","6","12","19","6","1","2","0","1","1","0"
"POINT (13.398710563000066 52.570537803000036)","Unfall 202476 (2019) Kat:2, Licht: 0","202476","2","1","0","12","14","6","1","0","1","0","0","0"
"POINT (13.267680154000061 52.445429387000047)","Unfall 202477 (2019) Kat:2, Licht: 0","202477","2","3","5","12","09","6","1","0","1","1","0","0"
"POINT (13.366698927000073 52.568073813000069)","Unfall 202478 (2019) Kat:3, Licht: 2","202478","3","2","2","12","17","5","1","2","1","1","0","0"
"POINT (13.454528706000076 52.474416849000079)","Unfall 202479 (2019) Kat:3, Licht: 2","202479","3","3","5","12","20","5","1","2","0","1","0","0"
"POINT (13.587234061000061 52.523556640000038)","Unfall 202480 (2019) Kat:3, Licht: 2","202480","3","2","5","12","17","5","1","2","0","1","0","0"
"POINT (13.493767526000056 52.541212661000031)","Unfall 202481 (2019) Kat:3, Licht: 2","202481","3","3","5","12","17","5","1","2","0","1","0","0"
"POINT (13.475660838000067 52.501411478000080)","Unfall 202482 (2019) Kat:3, Licht: 2","202482","3","6","2","12","17","5","1","2","0","1","0","1"
"POINT (13.428901524000025 52.485326601000054)","Unfall 202483 (2019) Kat:3, Licht: 2","202483","3","3","5","12","16","5","1","2","0","1","0","0"
"POINT (13.399424357000044 52.539223191000076)","Unfall 202484 (2019) Kat:3, Licht: 0","202484","3","1","0","12","11","5","1","0","0","1","0","1"
"POINT (13.624806486000068 52.451621683000042)","Unfall 202485 (2019) Kat:3, Licht: 0","202485","3","1","0","12","09","5","1","0","1","0","0","0"
"POINT (13.195833420000042 52.529279527000028)","Unfall 202486 (2019) Kat:3, Licht: 2","202486","3","1","8","12","02","5","1","2","0","1","0","0"
"POINT (13.300951341000030 52.525993008000057)","Unfall 202487 (2019) Kat:3, Licht: 2","202487","3","1","0","12","00","5","1","2","0","0","0","0"
"POINT (13.514152310000043 52.535140794000029)","Unfall 202488 (2019) Kat:2, Licht: 0","202488","2","1","5","12","15","5","1","0","0","1","0","0"
"POINT (13.491302611000037 52.469095749000076)","Unfall 202489 (2019) Kat:2, Licht: 0","202489","2","2","5","12","14","5","1","0","0","1","0","0"
"POINT (13.381022215000030 52.551931882000076)","Unfall 202490 (2019) Kat:2, Licht: 2","202490","2","6","3","12","06","5","1","2","1","1","0","0"
"POINT (13.328343231000076 52.478673391000029)","Unfall 202491 (2019) Kat:3, Licht: 0","202491","3","2","5","12","12","4","1","0","0","1","0","0"
"POINT (13.395278367000060 52.539091215000042)","Unfall 202492 (2019) Kat:3, Licht: 2","202492","3","7","5","12","23","4","1","2","0","1","0","1"
"POINT (13.307588309000039 52.500136837000070)","Unfall 202493 (2019) Kat:3, Licht: 2","202493","3","7","2","12","19","4","1","2","0","1","0","0"
"POINT (13.349223035000023 52.458965889000069)","Unfall 202494 (2019) Kat:3, Licht: 2","202494","3","1","1","12","16","4","1","2","0","1","0","0"
"POINT (13.440301921000071 52.419346284000028)","Unfall 202495 (2019) Kat:3, Licht: 0","202495","3","3","5","12","13","4","1","0","0","1","0","0"
"POINT (13.256101217000037 52.506830692000051)","Unfall 202496 (2019) Kat:3, Licht: 2","202496","3","2","6","12","23","3","1","2","0","1","1","0"
"POINT (13.491290363000076 52.469085558000074)","Unfall 202497 (2019) Kat:3, Licht: 2","202497","3","2","5","12","21","3","1","2","0","1","0","0"
"POINT (13.208674192000046 52.561589548000029)","Unfall 202498 (2019) Kat:3, Licht: 2","202498","3","2","6","12","20","3","1","2","0","1","1","0"
"POINT (13.621889111000030 52.524736149000034)","Unfall 202499 (2019) Kat:3, Licht: 2","202499","3","3","5","12","19","3","1","2","0","1","0","0"
"POINT (13.504594469000040 52.569383304000041)","Unfall 202500 (2019) Kat:3, Licht: 2","202500","3","5","1","12","18","3","1","2","0","1","0","0"
"POINT (13.333109922000062 52.429905869000038)","Unfall 202501 (2019) Kat:3, Licht: 2","202501","3","1","8","12","18","3","1","2","0","1","0","0"
"POINT (13.352416570000059 52.534500525000055)","Unfall 202502 (2019) Kat:3, Licht: 0","202502","3","1","0","12","14","3","0","0","0","1","0","1"
"POINT (13.239734735000070 52.526314943000045)","Unfall 202503 (2019) Kat:3, Licht: 0","202503","3","6","0","12","13","3","1","0","0","1","0","0"
"POINT (13.439098067000032 52.480469398000082)","Unfall 202504 (2019) Kat:3, Licht: 0","202504","3","4","6","12","13","3","0","0","0","1","1","0"
"POINT (13.412558354000055 52.566131280000036)","Unfall 202505 (2019) Kat:3, Licht: 0","202505","3","2","5","12","11","3","0","0","1","1","0","0"
"POINT (13.437204885000028 52.519187273000057)","Unfall 202506 (2019) Kat:3, Licht: 0","202506","3","3","5","12","10","3","0","0","1","0","0","0"
"POINT (13.574411906000023 52.555124843000044)","Unfall 202507 (2019) Kat:3, Licht: 0","202507","3","2","2","12","09","3","0","0","0","1","0","0"
"POINT (13.444038990000024 52.554223056000069)","Unfall 202508 (2019) Kat:3, Licht: 2","202508","3","4","6","12","20","2","0","2","0","1","1","0"
"POINT (13.418586564000066 52.498855328000047)","Unfall 202509 (2019) Kat:3, Licht: 1","202509","3","2","2","12","17","2","0","1","0","1","0","1"
"POINT (13.570454927000071 52.549399681000068)","Unfall 202510 (2019) Kat:3, Licht: 2","202510","3","7","6","12","07","2","0","2","1","0","1","0"
"POINT (13.563934247000077 52.518479690000049)","Unfall 202511 (2019) Kat:3, Licht: 0","202511","3","6","2","12","13","2","1","0","0","1","0","0"
"POINT (13.253181460000064 52.521124729000064)","Unfall 202512 (2019) Kat:3, Licht: 0","202512","3","7","6","12","12","2","1","0","0","1","1","0"
"POINT (13.584105312000077 52.465394786000047)","Unfall 202513 (2019) Kat:3, Licht: 0","202513","3","5","1","12","12","2","0","0","0","1","0","0"
"POINT (13.440402834000054 52.501873346000082)","Unfall 202514 (2019) Kat:3, Licht: 2","202514","3","5","1","12","19","2","0","2","1","1","0","0"
"POINT (13.331639838000058 52.506449289000045)","Unfall 202515 (2019) Kat:3, Licht: 2","202515","3","4","6","12","20","2","0","2","0","1","1","0"
"POINT (13.465235622000023 52.498282099000050)","Unfall 202516 (2019) Kat:3, Licht: 2","202516","3","7","5","12","18","2","0","2","0","1","0","0"
"POINT (13.492489753000029 52.544102442000053)","Unfall 202517 (2019) Kat:2, Licht: 0","202517","2","4","6","12","12","2","1","0","0","1","1","0"
"POINT (13.478973049000047 52.443042305000063)","Unfall 202518 (2019) Kat:3, Licht: 2","202518","3","6","2","12","17","2","0","2","0","1","0","0"
"POINT (13.349322514000050 52.421918744000038)","Unfall 202519 (2019) Kat:2, Licht: 2","202519","2","1","9","12","16","2","0","2","0","1","0","0"
"POINT (13.285811912000042 52.587615912000047)","Unfall 202520 (2019) Kat:3, Licht: 1","202520","3","6","2","12","16","2","0","1","0","1","0","0"
"POINT (13.358733316000041 52.437214923000056)","Unfall 202521 (2019) Kat:3, Licht: 2","202521","3","3","5","12","16","2","1","2","0","1","0","0"
"POINT (13.482289578000064 52.424446118000049)","Unfall 202522 (2019) Kat:3, Licht: 1","202522","3","5","0","12","16","2","1","1","1","1","0","0"
"POINT (13.297308867000027 52.573003755000059)","Unfall 202523 (2019) Kat:2, Licht: 0","202523","2","2","5","12","15","2","0","0","1","1","0","0"
"POINT (13.280714849000049 52.477054784000075)","Unfall 202524 (2019) Kat:2, Licht: 0","202524","2","7","9","12","11","2","1","0","0","1","0","0"
"POINT (13.436008540000046 52.449355168000068)","Unfall 202525 (2019) Kat:3, Licht: 0","202525","3","3","5","12","11","2","1","0","1","1","0","0"
"POINT (13.345132526000043 52.461426455000037)","Unfall 202526 (2019) Kat:3, Licht: 0","202526","3","4","6","12","09","2","1","0","1","0","1","0"
"POINT (13.332513598000048 52.506030744000043)","Unfall 202527 (2019) Kat:2, Licht: 0","202527","2","2","6","12","09","2","1","0","0","1","1","0"
"POINT (13.438808286000040 52.499875194000026)","Unfall 202528 (2019) Kat:3, Licht: 0","202528","3","5","1","12","08","2","1","0","1","0","0","0"
"POINT (13.334180322000066 52.557280000000048)","Unfall 202529 (2019) Kat:3, Licht: 1","202529","3","3","5","12","07","2","1","1","0","1","0","0"
"POINT (13.448181507000072 52.477627290000044)","Unfall 202530 (2019) Kat:3, Licht: 2","202530","3","2","6","12","07","2","1","2","0","1","1","0"
"POINT (13.198267437000027 52.532931770000062)","Unfall 202531 (2019) Kat:3, Licht: 2","202531","3","3","5","12","18","2","0","2","0","1","0","0"
"POINT (13.394304452000029 52.489028663000056)","Unfall 202532 (2019) Kat:3, Licht: 0","202532","3","1","0","12","14","1","1","0","1","0","0","0"
"POINT (13.433196103000057 52.531371897000042)","Unfall 202533 (2019) Kat:3, Licht: 0","202533","3","5","0","12","14","1","0","0","0","1","0","0"
"POINT (13.351317004000066 52.567675187000077)","Unfall 202534 (2019) Kat:2, Licht: 0","202534","2","2","5","12","12","1","0","0","1","1","0","0"
"POINT (13.438513323000052 52.452591863000066)","Unfall 202535 (2019) Kat:3, Licht: 0","202535","3","2","5","12","12","1","1","0","0","1","0","0"
"POINT (13.307803352000064 52.572108448000051)","Unfall 202536 (2019) Kat:3, Licht: 0","202536","3","2","2","12","09","1","1","0","0","1","0","1"
"POINT (13.325181243000031 52.502405433000035)","Unfall 202537 (2019) Kat:3, Licht: 0","202537","3","3","5","12","08","1","1","0","0","1","0","0"
"POINT (13.407693435000056 52.488925030000075)","Unfall 202538 (2019) Kat:3, Licht: 2","202538","3","3","5","12","07","1","1","2","0","1","0","0"
"POINT (13.522701015000052 52.495451947000049)","Unfall 202539 (2019) Kat:3, Licht: 2","202539","3","5","1","12","18","1","1","2","0","1","0","0"
"POINT (13.321456452000064 52.560395307000078)","Unfall 202540 (2019) Kat:3, Licht: 2","202540","3","6","2","12","21","1","0","2","0","1","0","0"
"POINT (13.319428018000053 52.501559326000063)","Unfall 202541 (2019) Kat:3, Licht: 2","202541","3","3","5","12","18","1","0","2","0","1","0","1"
"POINT (13.405894182000054 52.531002736000062)","Unfall 202542 (2019) Kat:3, Licht: 2","202542","3","6","3","12","16","1","1","2","1","0","0","0"
"POINT (13.481380657000045 52.425510259000077)","Unfall 202543 (2019) Kat:3, Licht: 0","202543","3","5","1","12","14","1","0","0","0","1","0","0"
"POINT (13.205338029000075 52.424281367000049)","Unfall 202544 (2019) Kat:3, Licht: 0","202544","3","3","5","12","13","1","0","0","0","1","0","0"
"POINT (13.371715710000046 52.470023965000053)","Unfall 202545 (2019) Kat:3, Licht: 2","202545","3","2","2","12","21","7","0","2","0","1","0","0"
"POINT (13.429726338000023 52.498276183000030)","Unfall 202546 (2019) Kat:2, Licht: 2","202546","2","3","0","12","20","7","1","2","0","1","0","0"
"POINT (13.144358814000043 52.532643333000067)","Unfall 202547 (2019) Kat:3, Licht: 2","202547","3","6","2","12","19","7","1","2","0","1","0","0"
"POINT (13.378188399000067 52.565273131000026)","Unfall 202548 (2019) Kat:2, Licht: 2","202548","2","4","0","12","17","7","0","2","0","0","1","0"
"POINT (13.438899526000057 52.480589914000063)","Unfall 202549 (2019) Kat:3, Licht: 2","202549","3","1","0","12","16","7","1","2","0","0","0","1"
"POINT (13.267913773000032 52.445478417000061)","Unfall 202550 (2019) Kat:3, Licht: 0","202550","3","2","2","12","14","7","1","0","0","1","0","0"
"POINT (13.197493329000054 52.529834298000026)","Unfall 202551 (2019) Kat:3, Licht: 0","202551","3","7","2","12","13","7","0","0","0","1","0","0"
"POINT (13.624771840000051 52.451342115000045)","Unfall 202552 (2019) Kat:3, Licht: 0","202552","3","4","6","12","13","7","0","0","0","1","1","0"
"POINT (13.489982509000072 52.420012063000058)","Unfall 202553 (2019) Kat:2, Licht: 0","202553","2","2","5","12","13","7","0","0","0","1","0","0"
"POINT (13.290190966000068 52.418687881000039)","Unfall 202554 (2019) Kat:3, Licht: 0","202554","3","1","1","12","12","7","1","0","0","1","0","0"
"POINT (13.360890734000066 52.417079562000026)","Unfall 202555 (2019) Kat:3, Licht: 0","202555","3","3","0","12","12","7","1","0","1","1","0","0"
"POINT (13.376047392000032 52.409120366000082)","Unfall 202556 (2019) Kat:2, Licht: 0","202556","2","1","8","12","11","7","1","0","0","1","0","0"
"POINT (13.305468913000027 52.568189726000071)","Unfall 202557 (2019) Kat:3, Licht: 0","202557","3","7","5","12","11","7","1","0","0","1","0","0"
"POINT (13.284401134000063 52.596373831000051)","Unfall 202558 (2019) Kat:3, Licht: 0","202558","3","6","2","12","10","7","1","0","0","1","0","0"
"POINT (13.386009149000074 52.528195370000049)","Unfall 202559 (2019) Kat:3, Licht: 0","202559","3","6","2","12","10","7","0","0","0","1","0","0"
"POINT (13.475583908000033 52.512051058000054)","Unfall 202560 (2019) Kat:3, Licht: 0","202560","3","6","2","12","09","7","1","0","0","1","0","0"
"POINT (13.440155650000065 52.481601068000032)","Unfall 202561 (2019) Kat:3, Licht: 0","202561","3","3","0","12","08","7","1","0","0","1","0","0"
"POINT (13.399489825000046 52.498289291000049)","Unfall 202562 (2019) Kat:3, Licht: 2","202562","3","2","5","12","03","7","1","2","0","1","0","0"
"POINT (13.562282540000069 52.561528765000048)","Unfall 202563 (2019) Kat:3, Licht: 1","202563","3","6","2","12","16","6","1","1","0","1","0","0"
"POINT (13.387959402000035 52.555811838000068)","Unfall 202564 (2019) Kat:3, Licht: 0","202564","3","3","0","12","15","6","1","0","1","1","0","0"
"POINT (13.319916849000037 52.463128160000053)","Unfall 202565 (2019) Kat:3, Licht: 2","202565","3","7","0","12","17","6","1","2","0","1","1","0"
"POINT (13.292379621000066 52.519208130000038)","Unfall 202566 (2019) Kat:3, Licht: 2","202566","3","3","5","12","16","6","0","2","0","1","0","0"
"POINT (13.440762670000026 52.482176186000061)","Unfall 202567 (2019) Kat:3, Licht: 2","202567","3","5","1","12","16","6","1","2","1","1","0","0"
"POINT (13.375282005000031 52.455351865000068)","Unfall 202568 (2019) Kat:3, Licht: 2","202568","3","2","5","12","20","6","1","2","0","1","0","0"
"POINT (13.473295887000063 52.612600026000052)","Unfall 202569 (2019) Kat:2, Licht: 2","202569","2","2","5","12","19","6","1","2","0","1","0","1"
"POINT (13.313679397000044 52.504950319000045)","Unfall 202570 (2019) Kat:3, Licht: 2","202570","3","6","2","12","19","6","0","2","0","1","0","0"
"POINT (13.487003874000038 52.502433681000070)","Unfall 202571 (2019) Kat:3, Licht: 2","202571","3","2","6","12","19","6","0","2","0","1","1","0"
"POINT (13.280317029000059 52.630136111000070)","Unfall 202572 (2019) Kat:3, Licht: 2","202572","3","3","5","12","18","6","1","2","0","1","0","0"
"POINT (13.350700075000077 52.515161390000060)","Unfall 202573 (2019) Kat:3, Licht: 2","202573","3","3","5","12","18","6","0","2","0","1","0","0"
"POINT (13.366976028000067 52.474209734000056)","Unfall 202574 (2019) Kat:2, Licht: 2","202574","2","4","6","12","17","6","1","2","0","1","1","0"
"POINT (13.566655705000073 52.529021350000050)","Unfall 202575 (2019) Kat:2, Licht: 0","202575","2","4","6","12","10","6","1","0","0","1","1","0"
"POINT (13.356832708000070 52.523477990000060)","Unfall 202576 (2019) Kat:3, Licht: 2","202576","3","2","6","12","16","6","1","2","0","1","1","0"
"POINT (13.150169943000037 52.554005320000044)","Unfall 202577 (2019) Kat:3, Licht: 2","202577","3","4","6","12","17","6","0","2","0","1","1","0"
"POINT (13.284361198000056 52.575635732000080)","Unfall 202578 (2019) Kat:3, Licht: 0","202578","3","5","0","12","10","6","1","0","1","1","0","0"
"POINT (13.313423330000035 52.504432205000057)","Unfall 202579 (2019) Kat:3, Licht: 0","202579","3","3","5","12","09","6","1","0","1","1","0","0"
"POINT (13.306533906000027 52.528776972000060)","Unfall 202580 (2019) Kat:3, Licht: 0","202580","3","3","5","12","09","6","0","0","0","1","0","0"
"POINT (13.592169775000059 52.546407671000054)","Unfall 202581 (2019) Kat:2, Licht: 0","202581","2","4","6","12","08","6","1","0","0","1","1","0"
"POINT (13.400249265000070 52.509492010000031)","Unfall 202582 (2019) Kat:3, Licht: 1","202582","3","2","2","12","07","6","0","1","1","1","0","0"
"POINT (13.532619693000072 52.511335641000073)","Unfall 202583 (2019) Kat:3, Licht: 2","202583","3","4","6","12","07","6","1","2","0","1","1","0"
"POINT (13.387650980000046 52.506544574000031)","Unfall 202586 (2019) Kat:3, Licht: 2","202586","3","5","1","12","06","6","1","2","1","1","0","0"
"POINT (13.493660809000062 52.516113789000030)","Unfall 202587 (2019) Kat:3, Licht: 2","202587","3","2","6","12","06","6","0","2","0","1","1","0"
"POINT (13.351470658000039 52.567475632000026)","Unfall 202590 (2019) Kat:3, Licht: 1","202590","3","2","5","12","16","6","0","1","1","1","0","0"
"POINT (13.440214104000063 52.501968514000055)","Unfall 202591 (2019) Kat:3, Licht: 1","202591","3","3","0","12","15","6","1","1","1","1","0","0"
"POINT (13.250161064000054 52.455411463000075)","Unfall 202593 (2019) Kat:3, Licht: 1","202593","3","4","6","12","15","6","1","1","0","1","1","0"
"POINT (13.489957042000071 52.420135396000035)","Unfall 202595 (2019) Kat:2, Licht: 0","202595","2","4","6","12","14","6","1","0","0","1","1","0"