WKT,Name,OBJECTID,UKATEGORIE,UTYP1,UART,UMONAT,USTUNDE,UWOCHENTAG,STRZUSTAND,ULICHTVERH,ISTRAD,ISTPKW,ISTFUSS,ISTKRAD
"POINT (13.381273207000049 52.441038114000037)","Unfall 202596 (2019) Kat:3, Licht: 0","202596","3","3","5","12","14","6","0","0","1","0","0","0"
"POINT (13.325143232000073 52.502570045000027)","Unfall 202599 (2019) Kat:3, Licht: 0","202599","3","6","0","12","14","6","0","0","0","1","0","0"
"POINT (13.458655133000036 52.506602015000055)","Unfall 202600 (2019) Kat:3, Licht: 2","202600","3","3","5","12","23","6","1","2","0","1","0","0"
"POINT (13.581418289000055 52.548596534000069)","Unfall 202602 (2019) Kat:2, Licht: 2","202602","2","1","0","12","22","6","1","2","1","0","0","0"
"POINT (13.418740676000027 52.551666208000029)","Unfall 202603 (2019) Kat:3, Licht: 2","202603","3","5","0","12","22","6","0","2","0","1","1","0"
"POINT (13.295998729000075 52.516846796000038)","Unfall 202606 (2019) Kat:3, Licht: 2","202606","3","3","5","12","21","6","0","2","0","1","0","0"
"POINT (13.567561462000072 52.505271655000058)","Unfall 202607 (2019) Kat:3, Licht: 0","202607","3","2","5","12","14","6","0","0","1","0","0","0"
"POINT (13.341823158000068 52.497261229000060)","Unfall 202608 (2019) Kat:3, Licht: 0","202608","3","6","3","12","14","6","0","0","1","0","0","0"
"POINT (13.608367737000037 52.538933408000048)","Unfall 202609 (2019) Kat:2, Licht: 2","202609","2","2","5","12","17","6","1","2","1","1","0","0"
"POINT (13.568624003000025 52.538177842000039)","Unfall 202610 (2019) Kat:3, Licht: 2","202610","3","2","5","12","16","6","0","2","1","1","0","0"
"POINT (13.232983306000051 52.438261926000052)","Unfall 202613 (2019) Kat:3, Licht: 0","202613","3","6","3","12","14","6","0","0","0","1","0","0"
"POINT (13.362057986000025 52.434608021000031)","Unfall 202615 (2019) Kat:2, Licht: 2","202615","2","2","6","12","16","6","0","2","0","1","1","0"
"POINT (13.424304771000038 52.485121808000031)","Unfall 202618 (2019) Kat:3, Licht: 0","202618","3","7","5","12","13","6","0","0","0","1","0","0"
"POINT (13.313477183000032 52.435423746000026)","Unfall 202622 (2019) Kat:3, Licht: 0","202622","3","2","5","12","07","6","0","0","1","1","0","0"
"POINT (13.396041231000027 52.538345747000051)","Unfall 202623 (2019) Kat:3, Licht: 2","202623","3","2","5","12","21","6","1","2","1","1","0","0"
"POINT (13.264971096000068 52.536555986000053)","Unfall 202626 (2019) Kat:3, Licht: 2","202626","3","2","6","12","20","6","1","2","0","1","1","0"
"POINT (13.359247727000024 52.533853924000027)","Unfall 202629 (2019) Kat:3, Licht: 0","202629","3","3","5","12","13","6","1","0","1","1","0","0"
"POINT (13.426470979000044 52.603193389000069)","Unfall 202630 (2019) Kat:3, Licht: 2","202630","3","2","6","12","20","6","0","2","0","1","1","0"
"POINT (13.210119078000048 52.549851599000078)","Unfall 202633 (2019) Kat:3, Licht: 0","202633","3","7","5","12","13","6","1","0","0","1","0","1"
"POINT (13.324138041000026 52.460532916000034)","Unfall 202634 (2019) Kat:3, Licht: 0","202634","3","6","3","12","13","6","0","0","1","1","0","0"
"POINT (13.209360071000049 52.565151914000069)","Unfall 202638 (2019) Kat:3, Licht: 0","202638","3","4","6","12","12","6","0","0","0","1","1","0"
"POINT (13.405863350000061 52.482735835000028)","Unfall 202640 (2019) Kat:3, Licht: 0","202640","3","7","6","12","12","6","0","0","0","1","1","0"
"POINT (13.345975310000028 52.505712002000053)","Unfall 202643 (2019) Kat:3, Licht: 0","202643","3","7","0","12","12","6","1","0","1","1","0","0"
"POINT (13.514500437000038 52.494779142000027)","Unfall 202647 (2019) Kat:3, Licht: 0","202647","3","4","6","12","10","6","0","0","0","1","1","0"
"POINT (13.358738752000022 52.554163767000034)","Unfall 202648 (2019) Kat:3, Licht: 0","202648","3","2","0","12","12","5","0","0","1","1","0","0"
"POINT (13.406692193000026 52.398510470000076)","Unfall 202651 (2019) Kat:3, Licht: 2","202651","3","2","6","12","18","5","0","2","0","1","1","0"
"POINT (13.429159815000048 52.486562074000062)","Unfall 202652 (2019) Kat:3, Licht: 2","202652","3","7","0","12","17","5","0","2","0","0","1","0"
"POINT (13.386451258000022 52.452900443000033)","Unfall 202655 (2019) Kat:2, Licht: 2","202655","2","4","6","12","17","5","0","2","0","1","1","0"
"POINT (13.406284216000074 52.386666011000045)","Unfall 202658 (2019) Kat:2, Licht: 2","202658","2","4","6","12","17","5","1","2","0","1","1","0"
"POINT (13.330865833000075 52.485120342000073)","Unfall 202659 (2019) Kat:3, Licht: 2","202659","3","2","5","12","17","5","0","2","1","1","0","0"
"POINT (13.419800585000075 52.606215177000081)","Unfall 202663 (2019) Kat:2, Licht: 2","202663","2","2","6","12","17","5","1","2","0","1","1","0"
"POINT (13.206046999000023 52.539473610000073)","Unfall 202665 (2019) Kat:3, Licht: 2","202665","3","6","3","12","16","5","0","2","0","1","0","0"
"POINT (13.626747517000069 52.529969799000071)","Unfall 202668 (2019) Kat:3, Licht: 2","202668","3","3","0","12","16","5","1","2","0","1","0","1"
"POINT (13.300988122000035 52.515285601000073)","Unfall 202669 (2019) Kat:3, Licht: 2","202669","3","2","5","12","22","5","0","2","0","1","0","0"
"POINT (13.255106824000052 52.411821716000077)","Unfall 202671 (2019) Kat:3, Licht: 2","202671","3","3","5","12","21","5","1","2","0","1","0","1"
"POINT (13.356952623000041 52.498706131000063)","Unfall 202674 (2019) Kat:3, Licht: 2","202674","3","3","5","12","22","5","0","2","1","1","0","0"
"POINT (13.372986094000055 52.485046236000073)","Unfall 202675 (2019) Kat:3, Licht: 2","202675","3","3","5","12","20","5","0","2","0","1","0","0"
"POINT (13.426653511000040 52.504659917000026)","Unfall 202678 (2019) Kat:3, Licht: 2","202678","3","3","5","12","18","5","1","2","1","0","0","0"
"POINT (13.348314078000044 52.481678964000082)","Unfall 202679 (2019) Kat:3, Licht: 2","202679","3","6","2","12","18","5","1","2","0","1","0","0"
"POINT (13.252419786000075 52.425200378000056)","Unfall 202682 (2019) Kat:3, Licht: 2","202682","3","2","0","12","17","5","1","2","1","1","0","0"
"POINT (13.339454980000028 52.503350426000054)","Unfall 202684 (2019) Kat:3, Licht: 0","202684","3","4","6","12","15","5","0","0","0","1","1","0"
"POINT (13.511851344000036 52.423386222000033)","Unfall 202687 (2019) Kat:3, Licht: 0","202687","3","3","5","12","13","5","0","0","0","1","0","0"
"POINT (13.512669620000054 52.507269872000052)","Unfall 202688 (2019) Kat:3, Licht: 0","202688","3","3","5","12","12","5","0","0","1","0","0","0"
"POINT (13.296656642000073 52.513663386000076)","Unfall 202691 (2019) Kat:3, Licht: 0","202691","3","2","5","12","12","5","0","0","1","1","0","0"
"POINT (13.511795264000057 52.554551118000063)","Unfall 202692 (2019) Kat:3, Licht: 0","202692","3","7","2","12","09","5","0","0","0","1","0","0"
"POINT (13.391159330000050 52.431916027000057)","Unfall 202695 (2019) Kat:3, Licht: 0","202695","3","6","2","12","08","5","1","0","0","1","0","0"
"POINT (13.412263630000041 52.505592944000057)","Unfall 202696 (2019) Kat:3, Licht: 0","202696","3","7","5","12","08","5","0","0","1","1","0","0"
"POINT (13.289381214000059 52.590277303000050)","Unfall 202700 (2019) Kat:3, Licht: 0","202700","3","2","0","12","08","5","0","0","0","1","0","0"
"POINT (13.259471174000055 52.430435706000026)","Unfall 202701 (2019) Kat:3, Licht: 0","202701","3","6","2","12","08","5","0","0","0","1","0","0"
"POINT (13.249238352000077 52.552911277000078)","Unfall 202704 (2019) Kat:3, Licht: 2","202704","3","3","5","12","16","5","0","2","1","1","0","0"
"POINT (13.501645854000060 52.546805772000027)","Unfall 202705 (2019) Kat:3, Licht: 2","202705","3","3","5","12","06","5","0","2","0","1","0","0"
"POINT (13.411096675000067 52.503670175000082)","Unfall 202708 (2019) Kat:3, Licht: 0","202708","3","6","2","12","14","5","0","0","0","1","0","0"
"POINT (13.457562119000045 52.469062686000029)","Unfall 202710 (2019) Kat:3, Licht: 0","202710","3","5","1","12","14","5","0","0","1","1","0","0"
"POINT (13.498062045000040 52.433839508000062)","Unfall 202713 (2019) Kat:3, Licht: 0","202713","3","6","2","12","15","5","0","0","0","1","0","0"
"POINT (13.415734914000041 52.526702769000053)","Unfall 202714 (2019) Kat:3, Licht: 0","202714","3","2","6","12","15","5","0","0","0","1","1","0"
"POINT (13.491670362000036 52.534682031000045)","Unfall 202717 (2019) Kat:3, Licht: 0","202717","3","3","5","12","15","5","1","0","1","1","0","0"
"POINT (13.399533704000021 52.416914730000030)","Unfall 202718 (2019) Kat:3, Licht: 0","202718","3","2","2","12","13","5","0","0","0","1","0","0"
"POINT (13.199594650000051 52.535010511000053)","Unfall 202721 (2019) Kat:3, Licht: 0","202721","3","6","2","12","12","4","0","0","0","1","0","0"
"POINT (13.603960507000068 52.539996568000049)","Unfall 202723 (2019) Kat:3, Licht: 2","202723","3","6","1","12","18","4","0","2","1","1","0","0"
"POINT (13.566497447000074 52.542749833000073)","Unfall 202724 (2019) Kat:3, Licht: 2","202724","3","6","0","12","04","4","1","2","0","1","0","1"
"POINT (13.355057206000026 52.499130028000081)","Unfall 202726 (2019) Kat:3, Licht: 2","202726","3","7","1","12","18","4","0","2","0","1","0","0"
"POINT (13.310947457000054 52.547609714000032)","Unfall 202728 (2019) Kat:3, Licht: 2","202728","3","7","5","12","06","4","0","2","0","1","0","0"
"POINT (13.313027138000052 52.574863002000029)","Unfall 202729 (2019) Kat:3, Licht: 0","202729","3","3","5","12","09","4","0","0","0","1","0","0"
"POINT (13.298430922000023 52.421970278000060)","Unfall 202732 (2019) Kat:2, Licht: 0","202732","2","2","5","12","08","4","0","0","1","1","0","0"
"POINT (13.439458600000023 52.555454356000041)","Unfall 202738 (2019) Kat:3, Licht: 0","202738","3","3","5","12","08","4","0","0","1","1","0","0"
"POINT (13.495134766000035 52.431728534000058)","Unfall 202739 (2019) Kat:3, Licht: 2","202739","3","4","6","12","07","4","0","2","0","1","1","0"
"POINT (13.468643001000032 52.634283007000079)","Unfall 202743 (2019) Kat:3, Licht: 2","202743","3","1","8","12","23","4","0","2","0","1","0","0"
"POINT (13.459920950000026 52.508853052000063)","Unfall 202744 (2019) Kat:3, Licht: 2","202744","3","4","6","12","21","3","0","2","0","1","1","0"
"POINT (13.329576531000043 52.609526299000038)","Unfall 202745 (2019) Kat:3, Licht: 2","202745","3","5","1","12","21","4","0","2","1","1","0","0"
"POINT (13.293343155000059 52.506722711000066)","Unfall 202746 (2019) Kat:3, Licht: 0","202746","3","5","5","12","15","3","0","0","0","1","0","0"
"POINT (13.321993470000052 52.594893538000065)","Unfall 202747 (2019) Kat:3, Licht: 1","202747","3","7","1","12","15","3","0","1","0","1","0","0"
"POINT (13.444443337000052 52.490320420000046)","Unfall 202748 (2019) Kat:3, Licht: 2","202748","3","3","5","12","17","4","0","2","1","1","0","0"
"POINT (13.333921838000037 52.541399247000072)","Unfall 202749 (2019) Kat:3, Licht: 0","202749","3","3","5","12","13","3","0","0","1","1","0","0"
"POINT (13.326015060000032 52.455267525000068)","Unfall 202750 (2019) Kat:3, Licht: 0","202750","3","6","0","12","12","3","0","0","0","1","0","0"
"POINT (13.337877065000043 52.501772880000033)","Unfall 202751 (2019) Kat:3, Licht: 0","202751","3","5","1","12","12","3","0","0","1","1","0","0"
"POINT (13.429795064000075 52.444861225000068)","Unfall 202752 (2019) Kat:3, Licht: 2","202752","3","6","3","12","21","4","0","2","1","1","0","0"
"POINT (13.416781046000040 52.510922690000029)","Unfall 202753 (2019) Kat:3, Licht: 2","202753","3","7","2","12","02","3","1","2","1","1","0","0"
"POINT (13.448858761000054 52.485080696000068)","Unfall 202754 (2019) Kat:2, Licht: 2","202754","2","2","5","12","18","3","0","2","0","1","0","0"
"POINT (13.369888421000041 52.559764492000056)","Unfall 202755 (2019) Kat:3, Licht: 2","202755","3","2","5","12","21","4","0","2","0","1","0","0"
"POINT (13.429149082000038 52.556348916000047)","Unfall 202756 (2019) Kat:2, Licht: 0","202756","2","2","5","12","15","3","0","0","0","1","0","0"
"POINT (13.346177101000023 52.501046492000057)","Unfall 202757 (2019) Kat:3, Licht: 0","202757","3","6","3","12","14","4","0","0","0","1","0","0"
"POINT (13.560792787000025 52.571411757000078)","Unfall 202758 (2019) Kat:2, Licht: 0","202758","2","4","6","12","11","3","0","0","0","1","1","0"
"POINT (13.379369414000053 52.490845453000077)","Unfall 202759 (2019) Kat:3, Licht: 2","202759","3","7","6","12","19","2","0","2","1","0","1","0"
"POINT (13.301875605000077 52.506742915000075)","Unfall 202760 (2019) Kat:3, Licht: 0","202760","3","6","2","12","08","4","0","0","1","1","0","0"
"POINT (13.599470977000067 52.524259061000066)","Unfall 202761 (2019) Kat:3, Licht: 2","202761","3","3","5","12","16","4","0","2","0","1","0","0"
"POINT (13.323162404000072 52.410444822000045)","Unfall 202762 (2019) Kat:3, Licht: 2","202762","3","3","0","12","22","2","0","2","0","0","0","0"
"POINT (13.334323026000050 52.508567201000062)","Unfall 202763 (2019) Kat:3, Licht: 2","202763","3","2","2","12","19","2","0","2","0","1","0","0"
"POINT (13.336973052000076 52.432589144000076)","Unfall 202764 (2019) Kat:3, Licht: 2","202764","3","7","0","12","18","4","0","2","0","1","0","0"
"POINT (13.493575365000027 52.515775658000052)","Unfall 202765 (2019) Kat:3, Licht: 1","202765","3","6","2","12","15","4","0","1","0","1","0","0"
"POINT (13.365670002000059 52.556829384000082)","Unfall 202766 (2019) Kat:3, Licht: 2","202766","3","2","5","12","18","2","0","2","0","1","0","0"
"POINT (13.418259087000024 52.517236304000050)","Unfall 202767 (2019) Kat:3, Licht: 2","202767","3","7","6","12","18","2","0","2","1","1","1","0"
"POINT (13.359703477000039 52.523453533000065)","Unfall 202768 (2019) Kat:3, Licht: 2","202768","3","3","5","12","17","2","0","2","0","1","0","1"
"POINT (13.349592065000024 52.542131397000048)","Unfall 202769 (2019) Kat:3, Licht: 0","202769","3","2","5","12","15","4","0","0","0","1","0","0"
"POINT (13.457077054000024 52.529527379000058)","Unfall 202770 (2019) Kat:3, Licht: 2","202770","3","6","2","12","17","2","0","2","0","1","0","0"
"POINT (13.393229502000054 52.458131917000060)","Unfall 202771 (2019) Kat:3, Licht: 2","202771","3","7","0","12","18","4","1","2","1","0","0","0"
"POINT (13.510276107000038 52.534882349000043)","Unfall 202772 (2019) Kat:3, Licht: 2","202772","3","3","5","12","16","2","0","2","1","1","0","0"
"POINT (13.562046416000044 52.494081390000076)","Unfall 202773 (2019) Kat:3, Licht: 1","202773","3","6","2","12","16","2","0","1","0","1","0","1"
"POINT (13.395802182000068 52.495992372000046)","Unfall 202774 (2019) Kat:3, Licht: 2","202774","3","5","1","12","18","4","1","2","1","1","0","0"
"POINT (13.415378917000055 52.522712452000064)","Unfall 202775 (2019) Kat:3, Licht: 0","202775","3","6","3","12","15","2","0","0","0","1","1","0"
"POINT (13.384210215000053 52.512319612000056)","Unfall 202776 (2019) Kat:3, Licht: 0","202776","3","5","1","12","14","2","0","0","1","1","0","0"
"POINT (13.418082463000076 52.515437865000081)","Unfall 202777 (2019) Kat:3, Licht: 0","202777","3","2","2","12","14","2","0","0","0","1","0","0"
"POINT (13.498618477000036 52.515686584000036)","Unfall 202778 (2019) Kat:2, Licht: 2","202778","2","2","5","12","18","4","0","2","0","1","0","1"
"POINT (13.380819554000027 52.516400691000058)","Unfall 202779 (2019) Kat:3, Licht: 0","202779","3","2","2","12","14","4","0","0","1","1","0","0"
"POINT (13.455005984000024 52.462300899000070)","Unfall 3187 (2020) Kat:2, Licht: 0","3187","2","6","3","01","11","4","1","0","0","1","0","0"
"POINT (13.291116180000074 52.493873092000058)","Unfall 3198 (2020) Kat:2, Licht: 2","3198","2","1","9","01","02","3","1","2","0","0","0","0"
"POINT (13.305348217000073 52.484071911000058)","Unfall 3215 (2020) Kat:3, Licht: 1","3215","3","1","0","01","07","1","1","1","0","0","0","0"
"POINT (13.437370992000069 52.517556001000059)","Unfall 3224 (2020) Kat:2, Licht: 2","3224","2","5","1","01","22","6","0","2","0","1","0","0"
"POINT (13.299747956000033 52.487918656000033)","Unfall 3241 (2020) Kat:3, Licht: 2","3241","3","1","0","01","17","1","1","2","0","0","0","1"
"POINT (13.336291635000066 52.478373958000077)","Unfall 3252 (2020) Kat:3, Licht: 0","3252","3","6","2","01","14","6","0","0","0","1","0","0"
"POINT (13.362567951000074 52.499098239000034)","Unfall 3274 (2020) Kat:3, Licht: 0","3274","3","4","0","01","13","2","0","0","0","0","1","0"
"POINT (13.385884225000041 52.475530617000061)","Unfall 3290 (2020) Kat:2, Licht: 0","3290","2","1","1","01","15","7","0","0","0","1","0","0"
"POINT (13.398267080000039 52.577381630000048)","Unfall 3299 (2020) Kat:3, Licht: 0","3299","3","6","2","01","13","5","0","0","0","1","0","0"
"POINT (13.365256892000048 52.558088887000054)","Unfall 3303 (2020) Kat:3, Licht: 0","3303","3","3","5","01","09","1","0","0","0","1","0","0"
"POINT (13.457751898000026 52.491816704000030)","Unfall 3317 (2020) Kat:3, Licht: 0","3317","3","2","2","02","12","7","1","0","0","0","0","1"
"POINT (13.327020264000055 52.477817087000062)","Unfall 3319 (2020) Kat:3, Licht: 2","3319","3","1","2","01","17","5","0","2","0","1","0","0"
"POINT (13.286961746000031 52.510249678000037)","Unfall 3331 (2020) Kat:3, Licht: 0","3331","3","1","0","01","11","5","0","0","1","0","0","0"
"POINT (13.290636546000030 52.493787560000044)","Unfall 3355 (2020) Kat:3, Licht: 0","3355","3","3","5","01","15","2","0","0","0","1","0","0"
"POINT (13.369821003000027 52.515829593000035)","Unfall 3359 (2020) Kat:3, Licht: 0","3359","3","2","5","01","15","5","1","0","0","1","0","0"
"POINT (13.442527834000032 52.516890633000060)","Unfall 3375 (2020) Kat:3, Licht: 1","3375","3","6","3","01","18","4","0","1","1","0","0","0"
"POINT (13.308811018000029 52.557131777000052)","Unfall 3379 (2020) Kat:2, Licht: 0","3379","2","7","3","01","14","5","1","0","0","1","0","0"
"POINT (13.419619965000038 52.525201776000074)","Unfall 3391 (2020) Kat:3, Licht: 0","3391","3","2","5","01","10","6","0","0","0","1","0","0"
"POINT (13.452858235000065 52.501075354000079)","Unfall 3407 (2020) Kat:3, Licht: 2","3407","3","7","6","01","21","4","0","2","1","0","1","0"
"POINT (13.203125252000063 52.511792900000046)","Unfall 3435 (2020) Kat:3, Licht: 0","3435","3","6","2","01","15","4","1","0","0","1","0","0"
"POINT (13.444189450000067 52.529432235000058)","Unfall 3446 (2020) Kat:3, Licht: 0","3446","3","7","0","01","07","3","1","0","0","1","0","0"
"POINT (13.175420605000056 52.419962313000042)","Unfall 3468 (2020) Kat:3, Licht: 0","3468","3","2","5","01","11","4","0","0","0","1","0","0"
"POINT (13.361935718000041 52.413629259000061)","Unfall 3483 (2020) Kat:2, Licht: 0","3483","2","2","6","01","09","3","0","0","0","0","1","0"
"POINT (13.448154870000053 52.547171011000046)","Unfall 3511 (2020) Kat:3, Licht: 0","3511","3","6","3","01","07","3","0","0","1","1","0","0"
"POINT (13.469062981000036 52.562977814000078)","Unfall 3522 (2020) Kat:3, Licht: 2","3522","3","3","5","01","17","3","1","2","0","1","0","0"
"POINT (13.409176397000067 52.516745253000067)","Unfall 3539 (2020) Kat:3, Licht: 0","3539","3","3","5","01","13","1","0","0","0","1","0","0"
"POINT (13.377643186000057 52.509579056000064)","Unfall 3548 (2020) Kat:3, Licht: 2","3548","3","6","4","01","18","5","0","2","1","0","0","0"
"POINT (13.282606543000043 52.528430335000053)","Unfall 3561 (2020) Kat:3, Licht: 2","3561","3","6","3","01","06","3","1","2","0","1","0","0"
"POINT (13.476752743000077 52.513434557000039)","Unfall 3586 (2020) Kat:3, Licht: 2","3586","3","2","6","01","04","2","1","2","0","1","1","0"
"POINT (13.263993531000040 52.435349157000076)","Unfall 3597 (2020) Kat:3, Licht: 2","3597","3","6","3","01","03","1","1","2","0","1","0","0"
"POINT (13.388697902000047 52.469512400000042)","Unfall 3621 (2020) Kat:3, Licht: 0","3621","3","6","3","01","09","4","0","0","0","1","0","0"
"POINT (13.297694717000070 52.510909692000041)","Unfall 3625 (2020) Kat:3, Licht: 0","3625","3","5","1","01","15","7","0","0","0","1","0","1"
"POINT (13.344014310000034 52.582746962000044)","Unfall 3637 (2020) Kat:3, Licht: 0","3637","3","6","3","01","15","6","0","0","0","1","0","0"
"POINT (13.412628086000041 52.519212331000062)","Unfall 3639 (2020) Kat:2, Licht: 2","3639","2","4","6","01","03","4","0","2","0","1","1","0"
"POINT (13.416756061000058 52.522075193000035)","Unfall 3659 (2020) Kat:3, Licht: 2","3659","3","6","2","01","16","6","1","2","0","1","0","0"
"POINT (13.309556694000037 52.481926721000036)","Unfall 3670 (2020) Kat:3, Licht: 2","3670","3","6","2","01","22","5","0","2","0","1","0","0"
"POINT (13.424244098000031 52.539050610000061)","Unfall 3694 (2020) Kat:3, Licht: 2","3694","3","2","5","01","06","4","0","2","0","1","0","0"
"POINT (13.315377237000064 52.613140127000065)","Unfall 3698 (2020) Kat:3, Licht: 0","3698","3","3","5","01","11","5","1","0","1","1","0","0"
"POINT (13.403853028000071 52.580944195000029)","Unfall 3710 (2020) Kat:2, Licht: 0","3710","2","7","0","01","16","5","0","0","1","0","0","0"
"POINT (13.294921091000049 52.539054088000057)","Unfall 3725 (2020) Kat:3, Licht: 2","3725","3","6","2","01","17","3","0","2","0","1","0","0"
"POINT (13.379774508000025 52.509723286000053)","Unfall 3750 (2020) Kat:3, Licht: 0","3750","3","6","2","01","08","5","0","0","0","1","0","0"
"POINT (13.325758023000049 52.538006237000047)","Unfall 3775 (2020) Kat:2, Licht: 0","3775","2","6","2","01","14","1","0","0","0","1","0","0"
"POINT (13.331286778000049 52.600631214000032)","Unfall 3779 (2020) Kat:3, Licht: 0","3779","3","3","5","01","13","5","1","0","0","1","0","0"
"POINT (13.423014777000049 52.519884744000080)","Unfall 3790 (2020) Kat:3, Licht: 2","3790","3","5","0","01","17","4","1","2","1","1","0","0"
"POINT (13.366407870000046 52.553088556000034)","Unfall 3807 (2020) Kat:3, Licht: 1","3807","3","5","1","01","07","3","0","1","1","1","0","0"
"POINT (13.402429925000035 52.586221743000067)","Unfall 3833 (2020) Kat:3, Licht: 0","3833","3","5","1","01","12","3","1","0","1","1","0","0"
"POINT (13.380586444000073 52.438051532000031)","Unfall 3845 (2020) Kat:3, Licht: 1","3845","3","2","6","01","16","3","1","1","0","0","1","0"
"POINT (13.540514528000074 52.521974881000062)","Unfall 3853 (2020) Kat:3, Licht: 0","3853","3","5","1","01","12","4","1","0","0","1","0","0"
"POINT (13.378997409000021 52.509670002000064)","Unfall 3865 (2020) Kat:3, Licht: 2","3865","3","1","0","01","18","3","1","2","0","1","0","1"
"POINT (13.285283501000038 52.509646336000060)","Unfall 3882 (2020) Kat:3, Licht: 2","3882","3","6","3","01","17","2","0","2","0","1","0","0"
"POINT (13.540777231000050 52.509977498000069)","Unfall 3891 (2020) Kat:2, Licht: 2","3891","2","1","0","01","06","6","2","2","0","0","0","1"
"POINT (13.280971937000061 52.502479627000071)","Unfall 3908 (2020) Kat:3, Licht: 2","3908","3","3","5","01","19","1","0","2","0","1","0","0"
"POINT (13.304169796000053 52.484812289000047)","Unfall 3920 (2020) Kat:3, Licht: 0","3920","3","6","2","01","15","6","0","0","0","1","0","0"
"POINT (13.453769211000065 52.515821733000053)","Unfall 3943 (2020) Kat:3, Licht: 2","3943","3","3","5","01","22","4","0","2","0","1","0","0"
"POINT (13.305572402000053 52.511616767000078)","Unfall 3956 (2020) Kat:3, Licht: 0","3956","3","7","5","01","15","7","0","0","0","1","0","0"
"POINT (13.282767817000035 52.510155420000046)","Unfall 3965 (2020) Kat:3, Licht: 0","3965","3","6","3","01","18","5","0","0","0","1","0","0"
"POINT (13.390583260000028 52.618541740000069)","Unfall 3983 (2020) Kat:3, Licht: 0","3983","3","2","5","01","13","6","1","0","1","1","0","0"
"POINT (13.511965544000077 52.428160325000079)","Unfall 3996 (2020) Kat:3, Licht: 0","3996","3","6","2","01","12","5","0","0","0","1","0","0"
"POINT (13.293768235000073 52.537550660000079)","Unfall 4020 (2020) Kat:3, Licht: 2","4020","3","6","2","01","05","3","0","2","0","1","0","0"
"POINT (13.151775487000066 52.497586436000063)","Unfall 4024 (2020) Kat:3, Licht: 0","4024","3","6","2","01","15","5","1","0","0","1","0","0"
"POINT (13.366567087000021 52.472241933000078)","Unfall 4036 (2020) Kat:2, Licht: 0","4036","2","6","2","01","14","4","0","0","0","1","0","0"
"POINT (13.356649893000053 52.405637330000047)","Unfall 4046 (2020) Kat:3, Licht: 2","4046","3","3","5","01","07","6","1","2","1","1","0","0"
"POINT (13.285233495000057 52.514225611000029)","Unfall 4058 (2020) Kat:3, Licht: 0","4058","3","6","2","01","11","6","0","0","0","1","0","0"
"POINT (13.402675031000058 52.580735537000066)","Unfall 4074 (2020) Kat:3, Licht: 1","4074","3","6","2","01","17","5","0","1","0","1","0","0"
"POINT (13.314016529000071 52.479376108000054)","Unfall 4102 (2020) Kat:3, Licht: 2","4102","3","6","3","01","16","4","0","2","0","1","0","0"
"POINT (13.384574592000035 52.452694909000058)","Unfall 4114 (2020) Kat:3, Licht: 2","4114","3","2","5","01","05","3","1","2","0","1","0","0"
"POINT (13.294934471000033 52.539425497000082)","Unfall 4131 (2020) Kat:3, Licht: 2","4131","3","6","2","01","06","3","0","2","0","1","0","0"
"POINT (13.385028773000045 52.449281686000063)","Unfall 4150 (2020) Kat:2, Licht: 0","4150","2","3","5","01","10","3","0","0","0","1","0","0"
"POINT (13.504928131000042 52.510742733000029)","Unfall 4178 (2020) Kat:3, Licht: 0","4178","3","3","5","01","09","4","0","0","1","1","0","0"
"POINT (13.465024328000027 52.486722356000030)","Unfall 4189 (2020) Kat:3, Licht: 1","4189","3","3","5","01","07","3","1","1","1","1","0","0"
"POINT (13.282511447000047 52.520215646000054)","Unfall 4206 (2020) Kat:3, Licht: 2","4206","3","6","2","01","18","1","0","2","0","1","0","0"
"POINT (13.186897440000052 52.515069396000058)","Unfall 4215 (2020) Kat:3, Licht: 2","4215","3","6","3","01","16","5","0","2","0","0","0","1"
"POINT (13.262307728000053 52.434824957000046)","Unfall 4232 (2020) Kat:2, Licht: 2","4232","2","2","6","01","16","6","1","2","0","1","1","0"
"POINT (13.479430257000047 52.484495251000055)","Unfall 4253 (2020) Kat:3, Licht: 2","4253","3","3","5","01","18","2","0","2","0","1","0","0"
"POINT (13.479418058000022 52.484489439000072)","Unfall 4264 (2020) Kat:3, Licht: 0","4264","3","3","5","01","12","2","0","0","1","1","0","0"
"POINT (13.561364959000059 52.508604752000053)","Unfall 4280 (2020) Kat:2, Licht: 0","4280","2","2","5","01","12","6","0","0","0","1","0","0"
"POINT (13.369631685000058 52.541774776000068)","Unfall 4289 (2020) Kat:3, Licht: 0","4289","3","6","3","01","10","5","0","0","0","1","0","0"
"POINT (13.178966273000071 52.516567571000053)","Unfall 4293 (2020) Kat:3, Licht: 2","4293","3","2","5","01","00","1","0","2","1","1","0","0"
"POINT (13.416500178000035 52.522191447000068)","Unfall 4306 (2020) Kat:3, Licht: 2","4306","3","2","5","02","00","7","0","2","0","1","0","0"
"POINT (13.365506182000047 52.557948216000057)","Unfall 4308 (2020) Kat:3, Licht: 2","4308","3","1","0","01","22","5","1","2","0","0","0","1"
"POINT (13.360931617000062 52.492841382000051)","Unfall 4320 (2020) Kat:3, Licht: 0","4320","3","6","2","01","11","5","0","0","0","1","0","0"
"POINT (13.289380450000067 52.444000080000080)","Unfall 4340 (2020) Kat:3, Licht: 2","4340","3","7","1","01","22","6","0","2","1","1","0","0"
"POINT (13.378364752000039 52.499279836000028)","Unfall 4364 (2020) Kat:3, Licht: 2","4364","3","6","2","01","18","4","0","2","0","1","0","0"
"POINT (13.387319198000057 52.440174295000077)","Unfall 4368 (2020) Kat:3, Licht: 2","4368","3","3","5","01","20","5","1","2","0","1","0","0"
"POINT (13.381866015000071 52.439270373000056)","Unfall 4380 (2020) Kat:3, Licht: 2","4380","3","2","6","01","06","6","1","2","0","1","1","0"