WKT,Name,OBJECTID,UKATEGORIE,UTYP1,UART,UMONAT,USTUNDE,UWOCHENTAG,STRZUSTAND,ULICHTVERH,ISTRAD,ISTPKW,ISTFUSS,ISTKRAD
"POINT (13.558231667000030 52.562823355000035)","Unfall 4396 (2020) Kat:3, Licht: 2","4396","3","2","5","01","18","4","1","2","0","1","0","0"
"POINT (13.437015374000055 52.539787947000036)","Unfall 4424 (2020) Kat:2, Licht: 2","4424","2","3","5","01","07","4","1","2","1","0","0","0"
"POINT (13.365484114000026 52.558077140000080)","Unfall 4443 (2020) Kat:3, Licht: 2","4443","3","3","5","01","17","1","0","2","1","1","0","0"
"POINT (13.346848944000044 52.579068944000028)","Unfall 4447 (2020) Kat:3, Licht: 0","4447","3","6","2","01","14","5","1","0","0","1","0","0"
"POINT (13.293436498000062 52.536766808000039)","Unfall 4458 (2020) Kat:3, Licht: 0","4458","3","3","5","01","10","4","0","0","0","1","0","0"
"POINT (13.479434340000068 52.484497196000063)","Unfall 4474 (2020) Kat:3, Licht: 0","4474","3","3","5","01","08","3","1","0","1","1","0","0"
"POINT (13.359760371000050 52.474454004000052)","Unfall 4501 (2020) Kat:3, Licht: 2","4501","3","2","2","01","16","3","1","2","0","1","0","0"
"POINT (13.465993648000051 52.514522247000059)","Unfall 4512 (2020) Kat:2, Licht: 0","4512","2","2","0","01","13","3","1","0","1","1","0","0"
"POINT (13.282199289000062 52.510118152000075)","Unfall 4528 (2020) Kat:3, Licht: 0","4528","3","6","2","01","12","1","1","0","0","1","0","0"
"POINT (13.563431885000057 52.507948500000055)","Unfall 4534 (2020) Kat:3, Licht: 0","4534","3","6","3","01","11","3","1","0","0","1","0","0"
"POINT (13.447672233000048 52.503722945000050)","Unfall 4551 (2020) Kat:3, Licht: 1","4551","3","4","6","01","06","2","0","1","0","1","1","0"
"POINT (13.097036401000025 52.413271096000074)","Unfall 4560 (2020) Kat:3, Licht: 0","4560","3","7","5","01","11","6","0","0","0","1","0","0"
"POINT (13.408478707000029 52.461400177000030)","Unfall 4577 (2020) Kat:3, Licht: 2","4577","3","1","9","01","00","2","0","2","0","1","0","0"
"POINT (13.367306838000047 52.551492330000031)","Unfall 4588 (2020) Kat:3, Licht: 1","4588","3","2","5","01","19","1","0","1","0","1","0","0"
"POINT (13.280324537000070 52.500348872000075)","Unfall 4612 (2020) Kat:3, Licht: 0","4612","3","6","2","01","08","4","0","0","0","1","0","0"
"POINT (13.403571851000038 52.569234598000037)","Unfall 4616 (2020) Kat:3, Licht: 2","4616","3","2","6","01","16","7","0","2","0","1","1","0"
"POINT (13.322981983000034 52.537666619000049)","Unfall 4632 (2020) Kat:3, Licht: 0","4632","3","3","5","01","15","5","0","0","0","1","0","0"
"POINT (13.364778567000030 52.560577385000045)","Unfall 4649 (2020) Kat:3, Licht: 2","4649","3","7","5","01","22","6","1","2","0","1","0","0"
"POINT (13.332522443000073 52.597737600000073)","Unfall 4661 (2020) Kat:3, Licht: 0","4661","3","6","3","01","12","5","0","0","0","1","0","1"
"POINT (13.583201993000046 52.505170353000040)","Unfall 4685 (2020) Kat:3, Licht: 2","4685","3","6","2","01","05","4","0","2","0","1","0","0"
"POINT (13.367027805000077 52.472088188000043)","Unfall 4689 (2020) Kat:3, Licht: 2","4689","3","6","2","01","17","5","1","2","0","1","0","0"
"POINT (13.330246635000037 52.462484040000049)","Unfall 4701 (2020) Kat:2, Licht: 0","4701","2","1","9","01","08","5","1","0","0","1","0","0"
"POINT (13.258484085000077 52.508534696000027)","Unfall 4716 (2020) Kat:3, Licht: 2","4716","3","4","6","01","20","3","0","2","0","1","1","0"
"POINT (13.299250213000050 52.546245773000066)","Unfall 4725 (2020) Kat:3, Licht: 0","4725","3","6","3","01","14","6","0","0","0","1","0","1"
"POINT (13.540127944000062 52.522323629000027)","Unfall 4741 (2020) Kat:2, Licht: 2","4741","2","1","1","01","07","5","0","2","0","1","0","0"
"POINT (13.416026345000034 52.522158165000064)","Unfall 4769 (2020) Kat:3, Licht: 0","4769","3","1","2","01","12","5","1","0","0","1","0","0"
"POINT (13.374796016000062 52.503089008000075)","Unfall 4781 (2020) Kat:3, Licht: 2","4781","3","2","6","01","20","4","1","2","0","1","1","0"
"POINT (13.178754786000070 52.516437673000041)","Unfall 4798 (2020) Kat:3, Licht: 2","4798","3","6","2","01","07","3","0","2","0","1","0","0"
"POINT (13.367587437000054 52.551291604000028)","Unfall 4823 (2020) Kat:3, Licht: 2","4823","3","3","6","01","17","3","1","2","0","1","1","0"
"POINT (13.447722599000031 52.526586625000050)","Unfall 4824 (2020) Kat:2, Licht: 2","4824","2","2","5","10","01","7","1","2","1","1","0","0"
"POINT (13.444568052000022 52.516684640000051)","Unfall 4826 (2020) Kat:3, Licht: 2","4826","3","5","1","04","22","4","1","2","0","1","0","0"
"POINT (13.375589032000050 52.429093853000040)","Unfall 4827 (2020) Kat:3, Licht: 0","4827","3","7","2","09","13","5","0","0","0","1","0","0"
"POINT (13.479484823000064 52.627221719000033)","Unfall 4828 (2020) Kat:3, Licht: 2","4828","3","6","2","11","06","2","1","2","0","1","0","0"
"POINT (13.324201906000042 52.607514827000045)","Unfall 4829 (2020) Kat:3, Licht: 0","4829","3","6","2","05","15","1","0","0","0","1","0","0"
"POINT (13.434574728000030 52.535618662000047)","Unfall 4830 (2020) Kat:3, Licht: 0","4830","3","3","5","08","07","3","0","0","1","1","0","0"
"POINT (13.369888505000063 52.540383417000044)","Unfall 4831 (2020) Kat:3, Licht: 0","4831","3","6","3","06","16","4","0","0","1","1","0","0"
"POINT (13.185534291000067 52.515328322000073)","Unfall 4832 (2020) Kat:2, Licht: 0","4832","2","7","6","05","19","5","0","0","0","1","1","0"
"POINT (13.298860246000061 52.511176420000027)","Unfall 4833 (2020) Kat:3, Licht: 1","4833","3","5","3","04","19","4","1","1","1","1","0","0"
"POINT (13.396456844000056 52.423166799000057)","Unfall 4834 (2020) Kat:3, Licht: 0","4834","3","6","3","09","14","4","0","0","0","0","0","1"
"POINT (13.428721898000049 52.518182292000063)","Unfall 4835 (2020) Kat:3, Licht: 0","4835","3","6","3","12","14","6","0","0","0","1","0","1"
"POINT (13.361747662000028 52.497145204000049)","Unfall 4836 (2020) Kat:3, Licht: 0","4836","3","7","0","08","14","4","0","0","0","0","0","1"
"POINT (13.384838205000051 52.450236074000031)","Unfall 4837 (2020) Kat:3, Licht: 2","4837","3","7","2","06","22","6","0","2","0","1","0","0"
"POINT (13.315778780000073 52.512092739000082)","Unfall 4838 (2020) Kat:3, Licht: 0","4838","3","6","0","10","14","1","1","0","0","1","0","0"
"POINT (13.454107178000072 52.516186822000066)","Unfall 4840 (2020) Kat:3, Licht: 0","4840","3","4","6","04","16","4","0","0","1","0","1","0"
"POINT (13.283098904000042 52.518930294000029)","Unfall 4841 (2020) Kat:3, Licht: 2","4841","3","6","2","11","17","4","0","2","0","1","0","0"
"POINT (13.368345021000039 52.506305418000068)","Unfall 4842 (2020) Kat:3, Licht: 0","4842","3","2","5","09","17","3","0","0","1","1","0","0"
"POINT (13.361063369000021 52.569841542000063)","Unfall 4843 (2020) Kat:3, Licht: 0","4843","3","6","2","08","17","2","0","0","0","1","0","1"
"POINT (13.297236396000073 52.510879622000061)","Unfall 4844 (2020) Kat:3, Licht: 0","4844","3","3","5","04","09","4","1","0","0","1","0","0"
"POINT (13.427748024000039 52.567517030000033)","Unfall 4845 (2020) Kat:2, Licht: 0","4845","2","7","5","10","11","6","1","0","1","1","0","0"
"POINT (13.333253896000031 52.513432823000073)","Unfall 4846 (2020) Kat:3, Licht: 0","4846","3","2","5","08","16","4","0","0","1","1","0","0"
"POINT (13.420235355000045 52.525202830000069)","Unfall 4847 (2020) Kat:3, Licht: 2","4847","3","6","2","07","23","4","1","2","0","1","0","0"
"POINT (13.309686061000036 52.482014610000078)","Unfall 4848 (2020) Kat:2, Licht: 0","4848","2","1","8","06","10","6","0","0","0","0","0","1"
"POINT (13.537285044000043 52.527205759000026)","Unfall 4849 (2020) Kat:2, Licht: 2","4849","2","6","3","11","05","5","0","2","1","0","0","1"
"POINT (13.388360715000033 52.517117680000069)","Unfall 4850 (2020) Kat:3, Licht: 0","4850","3","6","3","04","07","4","0","0","1","1","0","0"
"POINT (13.361885660000041 52.413740142000051)","Unfall 4851 (2020) Kat:3, Licht: 0","4851","3","4","6","09","15","5","0","0","0","1","1","0"
"POINT (13.389264376000028 52.497488256000054)","Unfall 4852 (2020) Kat:3, Licht: 2","4852","3","2","5","12","20","3","0","2","1","1","0","0"
"POINT (13.347844958000053 52.574487664000060)","Unfall 4853 (2020) Kat:3, Licht: 0","4853","3","2","6","06","19","2","0","0","0","1","1","0"
"POINT (13.284738529000037 52.495249709000063)","Unfall 4855 (2020) Kat:3, Licht: 0","4855","3","7","2","04","13","3","0","0","0","1","0","0"
"POINT (13.445234734000053 52.528871668000079)","Unfall 4856 (2020) Kat:3, Licht: 2","4856","3","2","5","09","20","5","0","2","1","1","0","0"
"POINT (13.287071266000055 52.592500608000080)","Unfall 4857 (2020) Kat:2, Licht: 0","4857","2","7","0","07","11","7","0","0","0","1","0","0"
"POINT (13.374566163000054 52.503207257000042)","Unfall 4858 (2020) Kat:3, Licht: 2","4858","3","6","3","04","23","3","1","2","0","1","0","0"
"POINT (13.388130925000041 52.437556350000079)","Unfall 4859 (2020) Kat:3, Licht: 1","4859","3","3","0","10","18","5","1","1","1","1","0","0"
"POINT (13.395259331000034 52.467038452000054)","Unfall 4860 (2020) Kat:3, Licht: 0","4860","3","6","2","12","12","4","0","0","0","1","0","0"
"POINT (13.403090444000043 52.594632107000052)","Unfall 4861 (2020) Kat:3, Licht: 0","4861","3","5","1","05","15","7","0","0","0","1","0","0"
"POINT (13.189572830000031 52.514532455000051)","Unfall 4862 (2020) Kat:3, Licht: 0","4862","3","4","6","08","11","7","0","0","0","0","1","1"
"POINT (13.264454569000065 52.435466144000031)","Unfall 4863 (2020) Kat:3, Licht: 0","4863","3","6","2","07","16","4","0","0","0","1","0","0"
"POINT (13.427246632000049 52.633895822000056)","Unfall 4864 (2020) Kat:2, Licht: 0","4864","2","6","3","05","15","1","0","0","0","1","0","1"
"POINT (13.347653282000067 52.574471104000054)","Unfall 4865 (2020) Kat:3, Licht: 0","4865","3","3","5","10","14","4","0","0","0","1","0","0"
"POINT (13.399063729000034 52.573183773000039)","Unfall 4866 (2020) Kat:3, Licht: 0","4866","3","6","2","04","10","3","0","0","0","1","0","0"
"POINT (13.450619740000036 52.548068944000079)","Unfall 4867 (2020) Kat:3, Licht: 1","4867","3","6","2","09","06","2","0","1","0","1","0","0"
"POINT (13.357252225000025 52.473801510000044)","Unfall 4868 (2020) Kat:3, Licht: 0","4868","3","6","2","11","10","2","0","0","0","1","0","0"
"POINT (13.389140340000040 52.498026796000033)","Unfall 4869 (2020) Kat:3, Licht: 0","4869","3","3","5","05","18","7","0","0","1","1","0","0"
"POINT (13.359997436000072 52.571931198000073)","Unfall 4870 (2020) Kat:3, Licht: 0","4870","3","2","5","08","18","6","0","0","1","1","0","0"
"POINT (13.386053619000052 52.483205515000066)","Unfall 4871 (2020) Kat:3, Licht: 2","4871","3","6","3","06","03","1","1","2","0","1","0","0"
"POINT (13.368335439000077 52.541111073000081)","Unfall 4872 (2020) Kat:3, Licht: 0","4872","3","2","5","04","08","3","0","0","1","1","0","0"
"POINT (13.174199671000054 52.420240512000078)","Unfall 4873 (2020) Kat:3, Licht: 0","4873","3","2","2","10","11","7","0","0","0","1","0","1"
"POINT (13.262207290000049 52.434950584000035)","Unfall 4874 (2020) Kat:3, Licht: 2","4874","3","3","5","12","06","5","0","2","1","1","0","0"
"POINT (13.402705475000062 52.463951065000060)","Unfall 4875 (2020) Kat:3, Licht: 0","4875","3","6","2","08","15","2","0","0","0","1","0","0"
"POINT (13.386742031000040 52.442027542000062)","Unfall 4876 (2020) Kat:3, Licht: 0","4876","3","6","2","07","08","5","0","0","0","1","0","0"
"POINT (13.453624667000042 52.518491304000065)","Unfall 4877 (2020) Kat:3, Licht: 0","4877","3","3","5","04","07","3","0","0","1","1","0","0"
"POINT (13.403988976000051 52.512710939000044)","Unfall 4878 (2020) Kat:3, Licht: 0","4878","3","6","3","10","10","5","0","0","0","1","0","1"
"POINT (13.315367579000053 52.613095797000028)","Unfall 4880 (2020) Kat:3, Licht: 0","4880","3","2","2","04","12","2","0","0","0","1","0","0"
"POINT (13.613553106000040 52.504765215000077)","Unfall 4881 (2020) Kat:3, Licht: 0","4881","3","2","5","09","09","3","0","0","1","1","0","0"
"POINT (13.281732845000022 52.509921804000044)","Unfall 4882 (2020) Kat:2, Licht: 0","4882","2","1","8","11","11","2","0","0","1","0","0","0"
"POINT (13.359709610000039 52.489663722000046)","Unfall 4883 (2020) Kat:3, Licht: 2","4883","3","5","1","09","00","7","0","2","1","1","0","0"
"POINT (13.430845973000032 52.461921070000074)","Unfall 4884 (2020) Kat:3, Licht: 0","4884","3","6","2","05","19","7","0","0","0","1","0","0"
"POINT (13.386054743000045 52.483313112000076)","Unfall 4885 (2020) Kat:3, Licht: 0","4885","3","6","2","08","16","1","0","0","0","1","0","0"
"POINT (13.361146984000072 52.515265565000050)","Unfall 4886 (2020) Kat:3, Licht: 0","4886","3","6","2","06","18","3","0","0","0","1","0","1"
"POINT (13.160930798000038 52.419659427000056)","Unfall 4887 (2020) Kat:2, Licht: 0","4887","2","1","0","04","18","1","0","0","1","0","0","0"
"POINT (13.420285213000057 52.525244715000042)","Unfall 4888 (2020) Kat:3, Licht: 0","4888","3","6","2","09","12","2","0","0","0","1","0","0"
"POINT (13.385600591000070 52.447022024000034)","Unfall 4889 (2020) Kat:3, Licht: 2","4889","3","6","2","12","06","4","1","2","0","1","0","1"
"POINT (13.366440654000030 52.553023535000079)","Unfall 4890 (2020) Kat:3, Licht: 0","4890","3","6","3","08","13","3","0","0","1","1","0","0"
"POINT (13.428176991000043 52.532197006000047)","Unfall 4891 (2020) Kat:3, Licht: 0","4891","3","5","1","06","12","4","0","0","1","1","0","0"
"POINT (13.225177129000031 52.429744414000027)","Unfall 4893 (2020) Kat:3, Licht: 0","4893","3","6","2","04","10","6","0","0","0","1","0","1"
"POINT (13.289241447000052 52.510391981000055)","Unfall 4894 (2020) Kat:3, Licht: 0","4894","3","2","5","11","06","2","0","0","0","1","0","0"
"POINT (13.288050121000026 52.532564974000081)","Unfall 4895 (2020) Kat:3, Licht: 0","4895","3","6","2","09","14","1","0","0","0","1","0","0"
"POINT (13.414795922000053 52.555014413000038)","Unfall 4896 (2020) Kat:2, Licht: 0","4896","2","2","5","08","15","7","0","0","1","1","0","0"
"POINT (13.353927594000027 52.478963962000080)","Unfall 4897 (2020) Kat:2, Licht: 0","4897","2","7","5","04","15","5","0","0","0","1","0","0"
"POINT (13.198107936000042 52.420206941000060)","Unfall 4898 (2020) Kat:3, Licht: 1","4898","3","1","9","10","16","4","1","1","0","1","0","0"
"POINT (13.402796298000055 52.593190855000046)","Unfall 4899 (2020) Kat:3, Licht: 0","4899","3","7","0","08","09","3","1","0","1","0","0","0"
"POINT (13.398674150000033 52.572450932000038)","Unfall 4900 (2020) Kat:3, Licht: 0","4900","3","2","5","07","07","2","0","0","0","1","0","0"
"POINT (13.384074974000043 52.457992233000027)","Unfall 4901 (2020) Kat:3, Licht: 0","4901","3","6","2","06","08","4","0","0","0","1","0","0"
"POINT (13.285099803000037 52.516150652000078)","Unfall 4902 (2020) Kat:3, Licht: 0","4902","3","6","2","11","08","3","0","0","0","1","0","1"
"POINT (13.400108932000023 52.416114951000054)","Unfall 4903 (2020) Kat:3, Licht: 0","4903","3","7","5","04","15","5","0","0","1","1","0","0"
"POINT (13.450304299000038 52.516105284000048)","Unfall 4904 (2020) Kat:3, Licht: 0","4904","3","3","5","09","16","4","0","0","1","0","0","1"
"POINT (13.366006059000028 52.503444324000043)","Unfall 4905 (2020) Kat:3, Licht: 2","4905","3","6","4","11","17","1","0","2","0","1","0","0"
"POINT (13.420208849000062 52.461354391000043)","Unfall 4906 (2020) Kat:3, Licht: 2","4906","3","6","2","06","19","6","0","2","0","1","0","0"
"POINT (13.408930584000075 52.516988233000063)","Unfall 4907 (2020) Kat:3, Licht: 0","4907","3","2","5","04","17","5","0","0","1","1","0","0"
"POINT (13.389169940000045 52.494749147000050)","Unfall 4908 (2020) Kat:3, Licht: 0","4908","3","6","4","09","18","3","0","0","1","0","0","0"
"POINT (13.268957494000063 52.495676485000047)","Unfall 4909 (2020) Kat:3, Licht: 0","4909","3","6","2","07","15","5","0","0","0","1","0","0"
"POINT (13.399362221000047 52.574043902000028)","Unfall 4910 (2020) Kat:3, Licht: 0","4910","3","7","5","04","17","5","0","0","0","1","0","0"
"POINT (13.497120708000068 52.511561198000038)","Unfall 4911 (2020) Kat:3, Licht: 2","4911","3","1","0","10","05","4","1","2","0","0","0","1"
"POINT (13.553084667000064 52.509051527000054)","Unfall 4912 (2020) Kat:3, Licht: 2","4912","3","3","5","12","00","5","1","2","0","1","0","0"
"POINT (13.281884401000070 52.510097512000073)","Unfall 4913 (2020) Kat:3, Licht: 0","4913","3","2","0","08","15","5","0","0","0","1","0","1"
"POINT (13.309279442000047 52.511665944000072)","Unfall 4914 (2020) Kat:3, Licht: 0","4914","3","2","5","07","17","2","0","0","1","1","0","0"
"POINT (13.159784546000026 52.419623257000069)","Unfall 4915 (2020) Kat:2, Licht: 0","4915","2","3","2","05","15","6","0","0","0","1","0","1"
"POINT (13.200342943000066 52.512351339000077)","Unfall 4916 (2020) Kat:3, Licht: 2","4916","3","7","0","10","20","3","0","2","1","0","0","0"
"POINT (13.447398462000024 52.503394961000026)","Unfall 4917 (2020) Kat:3, Licht: 0","4917","3","7","5","04","18","4","0","0","0","1","0","1"
"POINT (13.385594775000072 52.473290340000062)","Unfall 4918 (2020) Kat:3, Licht: 0","4918","3","6","2","09","12","7","0","0","0","1","0","0"
"POINT (13.281531477000044 52.509908642000028)","Unfall 4919 (2020) Kat:2, Licht: 2","4919","2","4","6","11","18","5","1","2","0","1","1","0"
"POINT (13.380945834000045 52.438431167000033)","Unfall 4920 (2020) Kat:3, Licht: 0","4920","3","6","2","08","10","4","1","0","0","0","0","1"
"POINT (13.314659630000051 52.453193909000049)","Unfall 4921 (2020) Kat:3, Licht: 0","4921","3","2","5","07","15","3","0","0","1","1","0","0"
"POINT (13.587853043000052 52.505008381000039)","Unfall 4922 (2020) Kat:3, Licht: 0","4922","3","1","0","06","19","5","1","0","0","0","0","0"
"POINT (13.484243047000064 52.512819893000028)","Unfall 4923 (2020) Kat:3, Licht: 0","4923","3","3","5","11","07","4","0","0","1","1","0","0"
"POINT (13.438820480000061 52.540939916000070)","Unfall 4924 (2020) Kat:3, Licht: 0","4924","3","6","2","04","14","4","0","0","0","1","0","1"
"POINT (13.451490827000043 52.509540468000068)","Unfall 4925 (2020) Kat:2, Licht: 0","4925","2","6","2","09","13","5","0","0","1","0","0","0"
"POINT (13.411971294000068 52.541105738000056)","Unfall 4926 (2020) Kat:2, Licht: 0","4926","2","3","5","11","12","2","0","0","0","1","0","1"
"POINT (13.368733948000056 52.541073162000032)","Unfall 4927 (2020) Kat:3, Licht: 0","4927","3","7","0","06","13","1","0","0","1","0","0","0"
"POINT (13.403887872000041 52.580950309000059)","Unfall 4929 (2020) Kat:3, Licht: 0","4929","3","6","0","04","14","4","0","0","0","0","0","1"
"POINT (13.474388808000072 52.513665496000044)","Unfall 4930 (2020) Kat:3, Licht: 0","4930","3","7","6","09","17","4","1","0","0","1","1","0"
"POINT (13.263478764000070 52.435072641000033)","Unfall 4931 (2020) Kat:3, Licht: 0","4931","3","2","5","07","16","5","0","0","1","1","0","0"
"POINT (13.483104441000023 52.474535368000033)","Unfall 4932 (2020) Kat:2, Licht: 0","4932","2","4","6","04","12","4","0","0","0","1","1","0"
"POINT (13.365016500000024 52.560512019000043)","Unfall 4933 (2020) Kat:3, Licht: 0","4933","3","2","5","10","17","5","1","0","1","1","0","0"
"POINT (13.429932277000034 52.553883922000068)","Unfall 4934 (2020) Kat:3, Licht: 2","4934","3","5","1","12","18","2","1","2","0","1","0","0"
"POINT (13.483370843000046 52.576747154000032)","Unfall 4935 (2020) Kat:3, Licht: 0","4935","3","3","5","08","14","5","0","0","1","1","0","0"
"POINT (13.453713939000068 52.518787620000069)","Unfall 4936 (2020) Kat:3, Licht: 0","4936","3","6","4","07","18","3","0","0","1","0","0","0"
"POINT (13.581554345000029 52.505190900000059)","Unfall 4937 (2020) Kat:2, Licht: 2","4937","2","1","0","05","01","7","0","2","1","0","0","0"
"POINT (13.371639149000032 52.519480580000049)","Unfall 4938 (2020) Kat:3, Licht: 0","4938","3","2","5","10","11","3","0","0","1","1","0","0"
"POINT (13.412324358000035 52.541120497000065)","Unfall 4939 (2020) Kat:3, Licht: 0","4939","3","2","2","04","07","4","0","0","1","1","0","0"
"POINT (13.295876656000075 52.510788036000065)","Unfall 4940 (2020) Kat:2, Licht: 0","4940","2","7","5","09","10","1","0","0","1","1","0","0"
"POINT (13.256582771000069 52.508414754000057)","Unfall 4941 (2020) Kat:2, Licht: 0","4941","2","5","1","11","15","2","0","0","1","1","0","0"
"POINT (13.479440755000041 52.484500252000032)","Unfall 4942 (2020) Kat:3, Licht: 0","4942","3","3","5","05","09","6","0","0","1","1","0","0"
"POINT (13.381580816000053 52.516681166000069)","Unfall 4943 (2020) Kat:3, Licht: 0","4943","3","6","3","08","16","5","0","0","1","1","0","0"
"POINT (13.262907307000035 52.508788649000053)","Unfall 4944 (2020) Kat:3, Licht: 0","4944","3","6","2","06","11","7","0","0","0","1","0","0"
"POINT (13.488100648000056 52.512430497000082)","Unfall 4945 (2020) Kat:3, Licht: 1","4945","3","3","5","04","21","3","0","1","1","1","0","0"
"POINT (13.301145505000022 52.487079930000050)","Unfall 4946 (2020) Kat:3, Licht: 2","4946","3","6","2","10","23","6","0","2","0","1","0","0"
"POINT (13.365912270000024 52.416683277000061)","Unfall 4947 (2020) Kat:3, Licht: 0","4947","3","3","5","12","08","4","0","0","1","1","0","0"
"POINT (13.406320196000024 52.404730375000042)","Unfall 4948 (2020) Kat:3, Licht: 0","4948","3","3","5","08","16","2","0","0","1","1","0","0"
"POINT (13.460548682000024 52.515069301000040)","Unfall 4949 (2020) Kat:3, Licht: 0","4949","3","7","1","06","10","3","0","0","1","1","0","0"
"POINT (13.409118032000038 52.517153593000046)","Unfall 4950 (2020) Kat:3, Licht: 0","4950","3","6","2","04","16","3","0","0","0","1","0","0"
"POINT (13.280662205000056 52.501816167000072)","Unfall 4951 (2020) Kat:3, Licht: 0","4951","3","6","3","10","14","5","0","0","0","1","0","0"
"POINT (13.372016585000040 52.505132103000051)","Unfall 4953 (2020) Kat:3, Licht: 0","4953","3","3","5","04","09","3","0","0","0","1","0","0"
"POINT (13.364767478000033 52.561861496000063)","Unfall 4954 (2020) Kat:3, Licht: 0","4954","3","3","5","09","17","2","0","0","1","1","0","0"
"POINT (13.431113073000063 52.582906934000050)","Unfall 4955 (2020) Kat:3, Licht: 0","4955","3","6","2","11","12","1","0","0","0","1","0","0"
"POINT (13.355154438000056 52.477267265000080)","Unfall 4956 (2020) Kat:3, Licht: 0","4956","3","6","3","09","16","6","0","0","0","1","0","1"
"POINT (13.317170856000075 52.478428595000082)","Unfall 4957 (2020) Kat:3, Licht: 0","4957","3","6","3","04","19","3","0","0","0","1","0","0"
"POINT (13.387061533000065 52.491962877000049)","Unfall 4958 (2020) Kat:3, Licht: 0","4958","3","6","3","05","10","5","0","0","0","1","0","0"
"POINT (13.354003912000053 52.484887738000054)","Unfall 4959 (2020) Kat:3, Licht: 2","4959","3","5","1","08","01","7","0","2","1","1","0","0"
"POINT (13.493185580000045 52.467761509000070)","Unfall 4960 (2020) Kat:3, Licht: 2","4960","3","3","5","07","23","3","0","2","1","1","0","0"
"POINT (13.281037772000047 52.503246460000071)","Unfall 4961 (2020) Kat:3, Licht: 0","4961","3","6","3","06","14","3","0","0","0","1","0","0"
"POINT (13.379656288000035 52.436831612000049)","Unfall 4962 (2020) Kat:2, Licht: 0","4962","2","6","3","04","13","2","0","0","0","1","0","1"
"POINT (13.364620978000062 52.501846264000051)","Unfall 4963 (2020) Kat:3, Licht: 0","4963","3","6","2","09","12","7","1","0","0","0","0","1"
"POINT (13.448059198000067 52.504240290000041)","Unfall 4964 (2020) Kat:3, Licht: 1","4964","3","2","5","12","07","2","1","1","1","1","0","0"
"POINT (13.385776482000040 52.480669911000064)","Unfall 4965 (2020) Kat:2, Licht: 0","4965","2","2","5","06","15","4","0","0","1","1","0","0"
"POINT (13.591227794000076 52.505085678000057)","Unfall 4967 (2020) Kat:3, Licht: 0","4967","3","6","2","04","18","2","0","0","1","1","0","0"
"POINT (13.446240565000039 52.516515746000039)","Unfall 4968 (2020) Kat:3, Licht: 2","4968","3","3","5","11","18","1","0","2","1","0","0","0"
"POINT (13.453440769000053 52.516782007000074)","Unfall 4969 (2020) Kat:3, Licht: 2","4969","3","6","2","09","21","7","0","2","0","1","0","0"
"POINT (13.365872517000071 52.472780817000057)","Unfall 4970 (2020) Kat:3, Licht: 0","4970","3","6","2","07","13","6","0","0","0","1","0","0"
"POINT (13.444900008000047 52.545485617000054)","Unfall 4971 (2020) Kat:3, Licht: 2","4971","3","2","5","04","23","1","0","2","0","1","0","0"
"POINT (13.314335305000043 52.453091665000045)","Unfall 4972 (2020) Kat:3, Licht: 0","4972","3","2","5","10","13","3","0","0","0","1","0","0"
"POINT (13.393913190000035 52.517386215000045)","Unfall 4973 (2020) Kat:3, Licht: 0","4973","3","4","6","08","18","2","0","0","1","0","1","0"
"POINT (13.406287973000076 52.520655836000060)","Unfall 4974 (2020) Kat:3, Licht: 1","4974","3","1","0","07","05","1","0","1","0","0","0","0"
"POINT (13.467349930000069 52.514377490000072)","Unfall 4975 (2020) Kat:3, Licht: 0","4975","3","2","5","06","16","4","0","0","1","1","0","0"
"POINT (13.291077909000023 52.493616358000054)","Unfall 4976 (2020) Kat:3, Licht: 2","4976","3","1","0","11","05","2","1","2","0","0","0","1"
"POINT (13.460221098000034 52.515245739000079)","Unfall 4977 (2020) Kat:3, Licht: 0","4977","3","2","5","04","15","1","0","0","0","1","0","1"
"POINT (13.380534225000076 52.509773229000075)","Unfall 4978 (2020) Kat:3, Licht: 2","4978","3","1","0","09","03","4","0","2","1","0","0","0"
"POINT (13.282725541000048 52.497586504000026)","Unfall 4979 (2020) Kat:3, Licht: 0","4979","3","6","2","11","14","7","0","0","0","1","0","0"
"POINT (13.369501522000064 52.540614609000045)","Unfall 4980 (2020) Kat:2, Licht: 0","4980","2","6","3","06","20","5","0","0","1","0","0","0"
"POINT (13.477673499000048 52.486451953000028)","Unfall 4981 (2020) Kat:3, Licht: 0","4981","3","6","4","04","14","1","0","0","1","1","0","0"
"POINT (13.448622539000041 52.505066200000044)","Unfall 4982 (2020) Kat:2, Licht: 0","4982","2","1","8","08","18","2","0","0","1","0","0","1"
"POINT (13.359157899000024 52.474133761000076)","Unfall 4983 (2020) Kat:2, Licht: 0","4983","2","6","2","07","16","4","0","0","0","1","0","0"
"POINT (13.402518824000026 52.592214622000029)","Unfall 4984 (2020) Kat:2, Licht: 0","4984","2","2","5","04","18","1","0","0","1","1","0","0"
"POINT (13.325601342000027 52.458548213000029)","Unfall 4985 (2020) Kat:3, Licht: 0","4985","3","6","2","10","15","4","0","0","0","1","0","0"
"POINT (13.296531956000024 52.578540092000026)","Unfall 4986 (2020) Kat:3, Licht: 1","4986","3","6","2","12","19","3","1","1","0","1","0","0"
"POINT (13.324486848000049 52.512707256000056)","Unfall 4987 (2020) Kat:3, Licht: 0","4987","3","5","0","08","17","4","0","0","0","1","0","1"
"POINT (13.452507993000040 52.518506471000080)","Unfall 4988 (2020) Kat:3, Licht: 2","4988","3","1","0","07","01","2","0","2","1","0","0","0"
"POINT (13.322930182000050 52.512442499000031)","Unfall 4989 (2020) Kat:3, Licht: 2","4989","3","2","5","05","21","5","0","2","0","1","0","0"
"POINT (13.467788286000030 52.514486056000067)","Unfall 4990 (2020) Kat:3, Licht: 0","4990","3","6","2","10","09","2","1","0","0","1","0","0"
"POINT (13.158816145000060 52.502292964000048)","Unfall 4992 (2020) Kat:3, Licht: 0","4992","3","7","7","04","13","1","0","0","0","1","0","0"
"POINT (13.281343832000061 52.441538569000045)","Unfall 4993 (2020) Kat:3, Licht: 0","4993","3","2","5","09","16","6","0","0","1","0","0","0"
"POINT (13.457705763000035 52.491711800000076)","Unfall 4994 (2020) Kat:3, Licht: 1","4994","3","2","5","11","06","4","1","1","1","1","0","0"