WKT,Name,OBJECTID,UKATEGORIE,UTYP1,UART,UMONAT,USTUNDE,UWOCHENTAG,STRZUSTAND,ULICHTVERH,ISTRAD,ISTPKW,ISTFUSS,ISTKRAD
"POINT (13.260206835000076 52.435183833000053)","Unfall 4995 (2020) Kat:3, Licht: 0","4995","3","4","6","05","14","5","0","0","0","1","1","0"
"POINT (13.358805513000050 52.408484916000077)","Unfall 4996 (2020) Kat:3, Licht: 0","4996","3","6","0","08","14","3","0","0","0","1","0","1"
"POINT (13.414041840000039 52.550405196000042)","Unfall 4997 (2020) Kat:3, Licht: 0","4997","3","6","2","06","08","5","1","0","0","1","0","0"
"POINT (13.316726305000032 52.563567977000048)","Unfall 4998 (2020) Kat:3, Licht: 0","4998","3","6","2","05","18","5","0","0","0","1","0","0"
"POINT (13.484257377000063 52.512818443000072)","Unfall 4999 (2020) Kat:2, Licht: 0","4999","2","2","5","04","18","7","0","0","1","1","0","0"
"POINT (13.277345604000061 52.501997497000048)","Unfall 5000 (2020) Kat:2, Licht: 0","5000","2","1","0","10","17","5","0","0","0","0","0","1"
"POINT (13.263494383000022 52.508825237000053)","Unfall 5001 (2020) Kat:3, Licht: 0","5001","3","6","3","12","14","2","0","0","0","1","0","0"
"POINT (13.364412973000071 52.563745214000051)","Unfall 5002 (2020) Kat:3, Licht: 0","5002","3","2","5","08","17","5","0","0","1","1","0","0"
"POINT (13.385768406000068 52.480310533000079)","Unfall 5003 (2020) Kat:3, Licht: 0","5003","3","1","3","06","17","2","1","0","1","1","0","0"
"POINT (13.452395117000037 52.519134479000058)","Unfall 5004 (2020) Kat:3, Licht: 0","5004","3","1","0","04","19","7","0","0","1","0","0","0"
"POINT (13.412967649000052 52.545447096000032)","Unfall 5005 (2020) Kat:3, Licht: 2","5005","3","5","1","10","23","2","1","2","1","0","0","1"
"POINT (13.452863072000071 52.519117606000066)","Unfall 5007 (2020) Kat:3, Licht: 0","5007","3","7","5","04","19","7","0","0","0","1","0","0"
"POINT (13.402919954000026 52.569325740000068)","Unfall 5008 (2020) Kat:3, Licht: 2","5008","3","6","3","11","18","6","0","2","0","1","0","0"
"POINT (13.284206734000065 52.508048710000082)","Unfall 5009 (2020) Kat:3, Licht: 0","5009","3","6","2","09","15","5","0","0","0","1","0","0"
"POINT (13.495453896000072 52.434879333000026)","Unfall 5010 (2020) Kat:2, Licht: 0","5010","2","6","2","04","17","7","0","0","0","1","0","0"
"POINT (13.346614166000052 52.579371902000048)","Unfall 5011 (2020) Kat:3, Licht: 0","5011","3","2","5","05","14","5","0","0","1","1","0","0"
"POINT (13.310267860000067 52.565341570000044)","Unfall 5012 (2020) Kat:3, Licht: 2","5012","3","1","0","08","22","5","0","2","0","0","0","1"
"POINT (13.484717543000045 52.512772873000074)","Unfall 5013 (2020) Kat:3, Licht: 0","5013","3","6","2","07","17","7","0","0","0","1","0","0"
"POINT (13.498588778000055 52.464034879000053)","Unfall 5014 (2020) Kat:3, Licht: 0","5014","3","6","4","06","13","7","0","0","1","0","0","0"
"POINT (13.454219733000059 52.515829657000040)","Unfall 5015 (2020) Kat:3, Licht: 0","5015","3","2","5","05","07","5","0","0","1","0","0","0"
"POINT (13.448923392000040 52.516244775000075)","Unfall 5016 (2020) Kat:3, Licht: 1","5016","3","3","5","08","19","4","1","1","1","1","0","0"
"POINT (13.281285622000041 52.441520390000051)","Unfall 5017 (2020) Kat:3, Licht: 0","5017","3","3","5","06","12","6","0","0","0","1","0","0"
"POINT (13.402887355000075 52.580773217000058)","Unfall 5018 (2020) Kat:2, Licht: 0","5018","2","5","1","04","14","6","0","0","1","1","0","0"
"POINT (13.387037728000053 52.491909010000029)","Unfall 5019 (2020) Kat:3, Licht: 0","5019","3","7","0","10","13","6","0","0","1","1","0","0"
"POINT (13.288277827000059 52.532623306000062)","Unfall 5020 (2020) Kat:3, Licht: 0","5020","3","6","2","12","15","3","0","0","0","1","0","0"
"POINT (13.305098930000042 52.449799681000059)","Unfall 5021 (2020) Kat:2, Licht: 2","5021","2","1","0","08","00","1","0","2","1","0","0","0"
"POINT (13.311317230000043 52.627631123000072)","Unfall 5022 (2020) Kat:3, Licht: 0","5022","3","2","5","06","10","2","0","0","1","1","0","0"
"POINT (13.365107203000036 52.533717962000026)","Unfall 5023 (2020) Kat:3, Licht: 2","5023","3","6","3","04","21","6","0","2","0","1","0","0"
"POINT (13.414132363000022 52.550884139000061)","Unfall 5024 (2020) Kat:3, Licht: 0","5024","3","7","0","10","09","4","1","0","1","0","0","0"
"POINT (13.368531291000068 52.506618240000080)","Unfall 5026 (2020) Kat:3, Licht: 0","5026","3","6","2","04","18","6","0","0","0","1","0","0"
"POINT (13.413992980000046 52.550116976000027)","Unfall 5027 (2020) Kat:3, Licht: 2","5027","3","6","0","09","20","1","0","2","0","1","0","1"
"POINT (13.399501084000065 52.417795672000068)","Unfall 5028 (2020) Kat:3, Licht: 0","5028","3","7","0","11","10","6","0","0","0","1","0","0"
"POINT (13.235728812000048 52.432388005000064)","Unfall 5029 (2020) Kat:3, Licht: 0","5029","3","3","2","09","15","6","0","0","1","1","0","0"
"POINT (13.369777324000040 52.541990025000075)","Unfall 5030 (2020) Kat:3, Licht: 0","5030","3","3","2","04","19","5","0","0","0","1","0","0"
"POINT (13.460010979000060 52.515122841000050)","Unfall 5031 (2020) Kat:3, Licht: 0","5031","3","2","5","05","15","4","0","0","1","1","0","0"
"POINT (13.385741313000040 52.469482066000069)","Unfall 5032 (2020) Kat:3, Licht: 0","5032","3","2","5","08","08","6","0","0","1","1","0","0"
"POINT (13.429505342000027 52.532935741000074)","Unfall 5033 (2020) Kat:3, Licht: 0","5033","3","1","0","07","16","3","0","0","0","0","0","1"
"POINT (13.313121104000061 52.621621252000068)","Unfall 5034 (2020) Kat:3, Licht: 2","5034","3","7","6","06","03","1","0","2","1","0","1","0"
"POINT (13.402376299000025 52.464401132000035)","Unfall 5035 (2020) Kat:3, Licht: 0","5035","3","6","0","04","14","5","0","0","0","0","0","1"
"POINT (13.319055070000047 52.610711349000042)","Unfall 5036 (2020) Kat:3, Licht: 0","5036","3","1","0","09","11","6","1","0","0","0","0","1"
"POINT (13.380505646000074 52.499251979000064)","Unfall 5037 (2020) Kat:3, Licht: 2","5037","3","1","0","12","18","1","1","2","0","0","0","1"
"POINT (13.284243823000054 52.509472816000027)","Unfall 5038 (2020) Kat:3, Licht: 0","5038","3","6","2","06","14","4","0","0","0","1","0","0"
"POINT (13.363335294000024 52.565500271000076)","Unfall 5040 (2020) Kat:2, Licht: 0","5040","2","2","5","04","10","5","0","0","1","1","0","0"
"POINT (13.348560393000071 52.481860257000051)","Unfall 5041 (2020) Kat:3, Licht: 0","5041","3","2","5","11","08","5","0","0","1","1","0","0"
"POINT (13.292454160000034 52.534951816000046)","Unfall 5042 (2020) Kat:3, Licht: 0","5042","3","6","2","09","14","7","0","0","0","1","0","0"
"POINT (13.281534154000042 52.522049707000065)","Unfall 5043 (2020) Kat:3, Licht: 0","5043","3","6","2","07","14","5","0","0","0","1","0","0"
"POINT (13.466012878000072 52.514520406000031)","Unfall 5044 (2020) Kat:3, Licht: 0","5044","3","2","5","04","08","5","0","0","1","1","0","0"
"POINT (13.300427592000062 52.547543635000068)","Unfall 5045 (2020) Kat:2, Licht: 2","5045","2","1","0","10","21","7","0","2","0","0","0","1"
"POINT (13.390976025000043 52.432176813000069)","Unfall 5046 (2020) Kat:2, Licht: 0","5046","2","6","0","08","11","2","0","0","1","0","0","0"
"POINT (13.348577846000069 52.481872857000042)","Unfall 5047 (2020) Kat:3, Licht: 0","5047","3","4","0","07","14","6","0","0","0","0","1","0"
"POINT (13.384585598000058 52.452636795000046)","Unfall 5048 (2020) Kat:3, Licht: 0","5048","3","3","5","06","11","3","0","0","0","1","0","0"
"POINT (13.360667580000040 52.490829482000038)","Unfall 5049 (2020) Kat:3, Licht: 0","5049","3","7","6","10","15","7","1","0","0","0","1","0"
"POINT (13.350784827000041 52.480840334000050)","Unfall 5050 (2020) Kat:3, Licht: 2","5050","3","6","3","04","22","4","0","2","0","1","0","0"
"POINT (13.412822711000047 52.546166191000054)","Unfall 5051 (2020) Kat:3, Licht: 0","5051","3","6","4","09","13","3","0","0","1","0","0","0"
"POINT (13.467194568000025 52.485252712000033)","Unfall 5052 (2020) Kat:3, Licht: 2","5052","3","3","5","11","16","6","0","2","1","1","0","0"
"POINT (13.482997053000076 52.574419291000027)","Unfall 5053 (2020) Kat:3, Licht: 0","5053","3","7","5","06","07","5","0","0","0","1","0","1"
"POINT (13.476397276000057 52.568103467000071)","Unfall 5054 (2020) Kat:2, Licht: 0","5054","2","6","3","04","18","4","0","0","0","1","0","1"
"POINT (13.545006830000034 52.515011050000055)","Unfall 5055 (2020) Kat:3, Licht: 0","5055","3","6","3","08","13","2","0","0","0","1","0","0"
"POINT (13.285383314000057 52.494802703000062)","Unfall 5056 (2020) Kat:3, Licht: 0","5056","3","6","3","07","07","4","0","0","0","1","0","0"
"POINT (13.406879546000027 52.393079185000033)","Unfall 5057 (2020) Kat:3, Licht: 0","5057","3","7","6","06","18","3","0","0","1","0","1","0"
"POINT (13.424222337000060 52.539291345000038)","Unfall 5058 (2020) Kat:3, Licht: 0","5058","3","2","5","04","10","4","0","0","0","1","0","0"
"POINT (13.506153728000072 52.458948995000071)","Unfall 5059 (2020) Kat:3, Licht: 0","5059","3","6","2","10","16","2","1","0","0","1","0","0"
"POINT (13.134902456000077 52.416582999000070)","Unfall 5060 (2020) Kat:3, Licht: 0","5060","3","5","1","12","08","2","1","0","1","0","0","0"
"POINT (13.403274322000073 52.519137502000035)","Unfall 5061 (2020) Kat:2, Licht: 0","5061","2","3","5","08","09","4","0","0","1","0","0","0"
"POINT (13.416732875000037 52.540455334000058)","Unfall 5062 (2020) Kat:2, Licht: 0","5062","2","7","0","07","08","1","0","0","1","0","0","0"
"POINT (13.412320822000027 52.541076140000030)","Unfall 5063 (2020) Kat:3, Licht: 0","5063","3","3","5","05","10","4","0","0","1","0","0","0"
"POINT (13.385081438000043 52.439812578000044)","Unfall 5064 (2020) Kat:3, Licht: 2","5064","3","2","5","10","05","2","0","2","0","1","0","1"
"POINT (13.322964549000062 52.512424244000044)","Unfall 5066 (2020) Kat:3, Licht: 0","5066","3","2","5","04","16","4","0","0","0","1","0","1"
"POINT (13.401560606000032 52.511442576000036)","Unfall 5067 (2020) Kat:3, Licht: 0","5067","3","2","5","09","08","5","0","0","1","1","0","0"
"POINT (13.384376741000040 52.452647074000026)","Unfall 5068 (2020) Kat:3, Licht: 0","5068","3","2","5","11","14","3","0","0","0","1","0","0"
"POINT (13.421784137000031 52.539664404000064)","Unfall 5069 (2020) Kat:3, Licht: 0","5069","3","2","5","05","14","4","0","0","0","1","0","0"
"POINT (13.560992825000028 52.508641895000039)","Unfall 5070 (2020) Kat:2, Licht: 0","5070","2","6","2","08","19","3","0","0","0","1","0","1"
"POINT (13.548491323000064 52.551148591000072)","Unfall 5071 (2020) Kat:3, Licht: 0","5071","3","6","2","06","13","5","0","0","0","1","0","0"
"POINT (13.187842198000055 52.419210138000039)","Unfall 5072 (2020) Kat:3, Licht: 0","5072","3","5","1","05","16","5","0","0","0","1","0","0"
"POINT (13.352117326000041 52.480262886000048)","Unfall 5073 (2020) Kat:2, Licht: 0","5073","2","2","6","04","11","3","0","0","0","0","1","0"
"POINT (13.369337202000054 52.515679490000082)","Unfall 5074 (2020) Kat:3, Licht: 0","5074","3","6","2","09","15","4","0","0","0","1","0","0"
"POINT (13.209837608000043 52.426070220000042)","Unfall 5075 (2020) Kat:3, Licht: 0","5075","3","3","5","12","10","7","0","0","0","1","0","0"
"POINT (13.284311805000073 52.516367379000030)","Unfall 5076 (2020) Kat:3, Licht: 0","5076","3","6","2","08","14","5","0","0","0","1","0","0"
"POINT (13.369793139000024 52.515827610000031)","Unfall 5077 (2020) Kat:3, Licht: 0","5077","3","2","0","06","13","1","1","0","0","1","0","1"
"POINT (13.369918087000030 52.541827706000049)","Unfall 5078 (2020) Kat:3, Licht: 2","5078","3","2","6","10","21","1","1","2","0","1","1","0"
"POINT (13.282675628000050 52.528548803000035)","Unfall 5080 (2020) Kat:2, Licht: 0","5080","2","6","3","04","11","3","0","0","0","1","0","0"
"POINT (13.383923013000071 52.455244373000028)","Unfall 5081 (2020) Kat:3, Licht: 0","5081","3","6","2","11","11","4","0","0","0","1","0","0"
"POINT (13.454213083000070 52.515857327000049)","Unfall 5082 (2020) Kat:3, Licht: 2","5082","3","1","0","09","20","3","0","2","1","0","0","0"
"POINT (13.409397804000037 52.516929725000068)","Unfall 5083 (2020) Kat:3, Licht: 0","5083","3","6","2","04","07","3","0","0","0","1","0","1"
"POINT (13.477412421000054 52.513516698000046)","Unfall 5084 (2020) Kat:3, Licht: 0","5084","3","2","5","10","09","6","0","0","1","1","0","0"
"POINT (13.369009921000043 52.540908295000065)","Unfall 5085 (2020) Kat:3, Licht: 0","5085","3","7","0","08","17","4","0","0","0","1","0","0"
"POINT (13.467375558000072 52.514527025000064)","Unfall 5086 (2020) Kat:3, Licht: 0","5086","3","4","6","07","08","5","0","0","1","0","1","0"
"POINT (13.364337518000070 52.501518574000045)","Unfall 5087 (2020) Kat:3, Licht: 0","5087","3","2","5","06","15","6","0","0","0","1","0","1"
"POINT (13.549120405000053 52.509367552000072)","Unfall 5088 (2020) Kat:3, Licht: 0","5088","3","6","3","04","07","3","0","0","0","1","0","0"
"POINT (13.458494798000061 52.492187498000078)","Unfall 5089 (2020) Kat:3, Licht: 2","5089","3","6","2","09","19","5","0","2","0","1","0","0"
"POINT (13.385766473000047 52.470137707000049)","Unfall 5090 (2020) Kat:3, Licht: 2","5090","3","6","2","12","06","4","1","2","0","1","0","0"
"POINT (13.369881763000024 52.539625080000064)","Unfall 5091 (2020) Kat:3, Licht: 0","5091","3","6","2","06","14","3","0","0","0","1","0","0"
"POINT (13.447234175000062 52.612394217000030)","Unfall 5093 (2020) Kat:3, Licht: 2","5093","3","7","7","04","22","3","0","2","0","0","0","1"
"POINT (13.404528411000058 52.519988194000064)","Unfall 5094 (2020) Kat:3, Licht: 1","5094","3","3","5","09","20","6","0","1","0","1","0","0"
"POINT (13.359379197000067 52.573023936000027)","Unfall 5095 (2020) Kat:3, Licht: 0","5095","3","1","0","07","19","1","1","0","0","1","0","0"
"POINT (13.251306822000060 52.508089818000030)","Unfall 5096 (2020) Kat:3, Licht: 0","5096","3","6","2","04","14","3","0","0","0","1","0","0"
"POINT (13.286342497000021 52.593494860000078)","Unfall 5097 (2020) Kat:3, Licht: 0","5097","3","6","2","10","09","6","0","0","0","1","0","0"
"POINT (13.283945039000059 52.496296004000044)","Unfall 5098 (2020) Kat:3, Licht: 0","5098","3","6","2","12","14","4","0","0","0","1","0","0"
"POINT (13.417192795000062 52.540185382000061)","Unfall 5099 (2020) Kat:2, Licht: 0","5099","2","6","3","05","12","3","1","0","1","1","0","0"
"POINT (13.423577291000072 52.528208579000079)","Unfall 5100 (2020) Kat:3, Licht: 0","5100","3","2","5","08","19","1","0","0","1","1","0","0"
"POINT (13.341482416000076 52.586061311000037)","Unfall 5101 (2020) Kat:3, Licht: 0","5101","3","4","6","07","15","5","1","0","0","1","1","0"
"POINT (13.387742670000023 52.438771737000081)","Unfall 5102 (2020) Kat:3, Licht: 0","5102","3","6","2","06","13","2","0","0","0","1","0","0"
"POINT (13.277514603000043 52.440153836000036)","Unfall 5103 (2020) Kat:3, Licht: 0","5103","3","6","2","10","14","4","0","0","0","1","0","0"
"POINT (13.289277516000027 52.510560496000039)","Unfall 5104 (2020) Kat:3, Licht: 0","5104","3","2","5","04","13","1","0","0","1","1","0","0"
"POINT (13.284892454000044 52.442629345000057)","Unfall 5105 (2020) Kat:3, Licht: 0","5105","3","6","3","09","17","2","0","0","0","1","0","1"
"POINT (13.200294732000032 52.512361127000077)","Unfall 5106 (2020) Kat:3, Licht: 2","5106","3","6","2","11","18","3","0","2","0","1","0","0"
"POINT (13.421107038000059 52.539572020000037)","Unfall 5107 (2020) Kat:3, Licht: 0","5107","3","6","0","04","16","1","0","0","0","1","0","1"
"POINT (13.540584626000054 52.509985539000070)","Unfall 5108 (2020) Kat:3, Licht: 0","5108","3","6","2","09","06","5","0","0","0","1","0","0"
"POINT (13.378397702000029 52.470072311000081)","Unfall 5109 (2020) Kat:3, Licht: 2","5109","3","6","3","12","20","6","0","2","0","1","0","0"
"POINT (13.361943702000076 52.413611576000051)","Unfall 5110 (2020) Kat:3, Licht: 0","5110","3","2","5","06","17","3","0","0","1","0","0","0"
"POINT (13.242739972000038 52.507557244000054)","Unfall 5112 (2020) Kat:3, Licht: 0","5112","3","6","2","04","14","1","0","0","0","1","0","0"
"POINT (13.355384080000022 52.485598505000041)","Unfall 5113 (2020) Kat:2, Licht: 0","5113","2","5","1","09","15","6","0","0","0","1","0","1"
"POINT (13.212557867000044 52.426827155000069)","Unfall 5114 (2020) Kat:3, Licht: 0","5114","3","5","1","07","11","3","0","0","0","1","0","0"
"POINT (13.385514554000054 52.470100888000047)","Unfall 5115 (2020) Kat:3, Licht: 2","5115","3","2","6","04","22","7","0","2","0","1","1","0"
"POINT (13.285122307000051 52.514160718000028)","Unfall 5116 (2020) Kat:3, Licht: 0","5116","3","6","2","10","16","6","0","0","0","1","0","0"
"POINT (13.389136182000072 52.498064671000066)","Unfall 5117 (2020) Kat:3, Licht: 0","5117","3","6","3","08","18","1","0","0","1","1","0","0"
"POINT (13.361611870000047 52.569150158000070)","Unfall 5118 (2020) Kat:3, Licht: 0","5118","3","1","2","07","11","6","1","0","1","1","0","0"
"POINT (13.177205061000052 52.419374460000029)","Unfall 5119 (2020) Kat:3, Licht: 0","5119","3","7","5","06","12","3","0","0","1","1","0","0"
"POINT (13.309196040000074 52.511660553000070)","Unfall 5120 (2020) Kat:3, Licht: 0","5120","3","2","0","10","10","5","1","0","1","0","0","0"
"POINT (13.303143110000065 52.641613112000073)","Unfall 5121 (2020) Kat:3, Licht: 0","5121","3","6","3","04","14","7","0","0","0","1","0","1"
"POINT (13.377151543000025 52.432424756000046)","Unfall 5122 (2020) Kat:3, Licht: 0","5122","3","7","8","09","11","2","0","0","0","0","0","0"
"POINT (13.363375533000067 52.535917926000081)","Unfall 5123 (2020) Kat:3, Licht: 2","5123","3","6","2","11","16","5","1","2","0","1","0","1"
"POINT (13.332333256000027 52.598525904000041)","Unfall 5124 (2020) Kat:3, Licht: 0","5124","3","2","2","06","14","4","0","0","0","1","0","1"
"POINT (13.275802440000064 52.509713413000043)","Unfall 5125 (2020) Kat:2, Licht: 0","5125","2","2","5","08","11","1","0","0","1","1","0","0"
"POINT (13.470566695000059 52.514058991000070)","Unfall 5126 (2020) Kat:3, Licht: 0","5126","3","4","6","06","15","3","0","0","0","0","1","0"
"POINT (13.193549651000069 52.421172428000034)","Unfall 5127 (2020) Kat:3, Licht: 1","5127","3","1","0","04","19","6","0","1","0","0","0","1"
"POINT (13.431566736000036 52.534720108000045)","Unfall 5128 (2020) Kat:3, Licht: 0","5128","3","6","3","10","16","2","1","0","0","1","0","1"
"POINT (13.511704987000030 52.455107629000054)","Unfall 5129 (2020) Kat:3, Licht: 0","5129","3","6","2","12","12","7","0","0","0","1","0","0"
"POINT (13.299767601000042 52.488262065000072)","Unfall 5130 (2020) Kat:3, Licht: 0","5130","3","6","2","08","13","3","0","0","0","1","0","0"
"POINT (13.294176566000033 52.510869975000048)","Unfall 5131 (2020) Kat:3, Licht: 0","5131","3","7","0","07","09","5","0","0","1","0","1","0"
"POINT (13.479451081000036 52.513307065000049)","Unfall 5132 (2020) Kat:3, Licht: 0","5132","3","7","6","05","14","3","0","0","0","0","1","0"
"POINT (13.343575232000035 52.478403501000059)","Unfall 5133 (2020) Kat:2, Licht: 2","5133","2","1","9","10","00","6","0","2","0","1","0","0"
"POINT (13.405818012000054 52.520644224000080)","Unfall 5135 (2020) Kat:3, Licht: 0","5135","3","6","2","04","17","6","0","0","0","1","0","0"
"POINT (13.281568462000052 52.498720737000042)","Unfall 5136 (2020) Kat:3, Licht: 1","5136","3","6","2","09","19","4","0","1","0","1","0","0"
"POINT (13.387161799000069 52.438922151000043)","Unfall 5137 (2020) Kat:3, Licht: 2","5137","3","6","2","11","18","2","1","2","0","1","0","0"
"POINT (13.479015318000052 52.513353804000076)","Unfall 5138 (2020) Kat:3, Licht: 0","5138","3","6","2","05","11","2","1","0","0","1","0","0"
"POINT (13.361119779000035 52.494937793000076)","Unfall 5139 (2020) Kat:3, Licht: 0","5139","3","5","1","08","14","2","0","0","1","1","0","0"
"POINT (13.442534938000051 52.516889916000082)","Unfall 5140 (2020) Kat:2, Licht: 0","5140","2","4","6","06","15","4","0","0","0","1","1","0"
"POINT (13.285982331000071 52.531985774000077)","Unfall 5141 (2020) Kat:3, Licht: 0","5141","3","6","2","05","15","5","0","0","0","1","0","0"
"POINT (13.282636250000053 52.441742926000074)","Unfall 5142 (2020) Kat:2, Licht: 0","5142","2","2","5","04","15","6","0","0","0","1","0","0"
"POINT (13.432125073000066 52.536368571000082)","Unfall 5143 (2020) Kat:3, Licht: 0","5143","3","6","2","09","09","4","0","0","1","1","0","0"
"POINT (13.453751732000057 52.515901207000070)","Unfall 5144 (2020) Kat:3, Licht: 2","5144","3","2","5","12","19","5","1","2","1","1","0","0"
"POINT (13.318887858000039 52.610813166000071)","Unfall 5145 (2020) Kat:3, Licht: 0","5145","3","2","5","08","08","4","0","0","1","1","0","0"
"POINT (13.154620974000068 52.418951739000079)","Unfall 5146 (2020) Kat:3, Licht: 0","5146","3","5","0","06","16","6","1","0","1","1","0","0"
"POINT (13.378566887000034 52.509641091000049)","Unfall 5147 (2020) Kat:3, Licht: 0","5147","3","6","2","10","17","7","0","0","0","1","0","0"
"POINT (13.456832376000023 52.515443457000060)","Unfall 5149 (2020) Kat:2, Licht: 0","5149","2","6","3","04","13","5","0","0","1","0","0","0"
"POINT (13.387031988000047 52.440716784000074)","Unfall 5150 (2020) Kat:2, Licht: 0","5150","2","6","3","11","12","4","0","0","1","1","0","0"
"POINT (13.305004604000032 52.449771377000047)","Unfall 5151 (2020) Kat:3, Licht: 0","5151","3","3","5","09","15","3","0","0","0","1","0","1"
"POINT (13.364377945000058 52.501565310000046)","Unfall 5152 (2020) Kat:2, Licht: 0","5152","2","6","2","08","14","2","0","0","0","0","0","1"
"POINT (13.368447610000032 52.538804361000075)","Unfall 5153 (2020) Kat:3, Licht: 0","5153","3","6","2","04","17","5","0","0","0","1","0","0"
"POINT (13.460013356000047 52.515122605000045)","Unfall 5154 (2020) Kat:3, Licht: 2","5154","3","2","5","10","21","6","1","2","1","1","0","0"
"POINT (13.386133822000033 52.510129166000070)","Unfall 5155 (2020) Kat:3, Licht: 0","5155","3","6","3","08","12","4","0","0","1","0","0","0"
"POINT (13.377611733000037 52.469987257000071)","Unfall 5156 (2020) Kat:3, Licht: 0","5156","3","6","3","07","12","4","1","0","0","1","0","1"
"POINT (13.457167644000037 52.515564490000031)","Unfall 5157 (2020) Kat:3, Licht: 0","5157","3","2","5","06","06","6","1","0","1","0","0","0"
"POINT (13.480472259000067 52.442365600000073)","Unfall 5158 (2020) Kat:3, Licht: 0","5158","3","6","3","11","13","5","0","0","0","1","0","1"
"POINT (13.439005185000042 52.541097321000052)","Unfall 5159 (2020) Kat:3, Licht: 0","5159","3","2","5","04","16","5","0","0","1","1","0","0"
"POINT (13.412495474000025 52.519147330000067)","Unfall 5160 (2020) Kat:3, Licht: 0","5160","3","3","5","09","14","5","0","0","1","1","0","0"
"POINT (13.372016585000040 52.505132103000051)","Unfall 5161 (2020) Kat:3, Licht: 0","5161","3","3","5","11","11","2","0","0","0","1","0","0"
"POINT (13.385584285000050 52.472851396000067)","Unfall 5162 (2020) Kat:3, Licht: 0","5162","3","6","2","06","16","2","0","0","0","1","0","0"
"POINT (13.563605583000026 52.508051301000080)","Unfall 5164 (2020) Kat:3, Licht: 0","5164","3","2","2","04","15","5","0","0","0","1","0","0"
"POINT (13.427632854000024 52.531343594000077)","Unfall 5165 (2020) Kat:2, Licht: 0","5165","2","2","5","09","08","5","0","0","1","0","0","0"
"POINT (13.458580915000027 52.492509121000069)","Unfall 5166 (2020) Kat:3, Licht: 0","5166","3","6","0","07","12","6","0","0","0","0","0","0"
"POINT (13.317312048000076 52.616084501000046)","Unfall 5167 (2020) Kat:3, Licht: 0","5167","3","1","0","04","12","5","0","0","1","0","0","0"
"POINT (13.428575360000025 52.537586627000053)","Unfall 5168 (2020) Kat:3, Licht: 0","5168","3","2","5","10","13","5","0","0","1","1","0","0"
"POINT (13.402249262000055 52.412326042000075)","Unfall 5169 (2020) Kat:3, Licht: 0","5169","3","5","1","12","14","3","1","0","0","1","0","0"
"POINT (13.403093027000068 52.583744614000068)","Unfall 5170 (2020) Kat:3, Licht: 0","5170","3","2","5","05","09","2","0","0","1","1","0","0"
"POINT (13.451833103000070 52.510265134000065)","Unfall 5171 (2020) Kat:2, Licht: 1","5171","2","6","3","08","20","6","0","1","1","0","0","0"
"POINT (13.358890741000039 52.573268796000036)","Unfall 5172 (2020) Kat:3, Licht: 0","5172","3","2","2","07","18","3","0","0","0","1","0","0"
"POINT (13.367652126000053 52.550900124000066)","Unfall 5173 (2020) Kat:3, Licht: 0","5173","3","7","0","05","15","1","0","0","1","1","0","0"
"POINT (13.302453494000076 52.486111594000079)","Unfall 5174 (2020) Kat:3, Licht: 1","5174","3","6","2","10","17","4","0","1","0","1","0","0"
"POINT (13.268861633000029 52.495601143000044)","Unfall 5175 (2020) Kat:3, Licht: 0","5175","3","6","2","04","14","4","0","0","0","1","0","0"
"POINT (13.541205187000060 52.509958528000027)","Unfall 5176 (2020) Kat:3, Licht: 0","5176","3","6","3","09","16","1","0","0","0","1","0","1"
"POINT (13.281369769000037 52.504154271000061)","Unfall 5177 (2020) Kat:3, Licht: 2","5177","3","6","3","11","20","2","0","2","0","1","0","0"
"POINT (13.386338999000031 52.443205645000035)","Unfall 5178 (2020) Kat:3, Licht: 0","5178","3","6","3","05","08","2","1","0","1","0","0","0"
"POINT (13.279351767000037 52.509933217000082)","Unfall 5179 (2020) Kat:2, Licht: 0","5179","2","4","6","08","10","6","0","0","1","0","1","0"
"POINT (13.381225720000032 52.438726814000063)","Unfall 5180 (2020) Kat:3, Licht: 0","5180","3","3","5","06","13","7","0","0","1","1","0","0"
"POINT (13.451454711000054 52.463650657000073)","Unfall 5181 (2020) Kat:3, Licht: 0","5181","3","3","5","04","08","4","0","0","0","1","0","0"
"POINT (13.434494348000044 52.537629177000042)","Unfall 5182 (2020) Kat:3, Licht: 2","5182","3","1","0","10","20","7","0","2","1","0","0","0"
"POINT (13.361760478000065 52.568866139000079)","Unfall 5183 (2020) Kat:3, Licht: 2","5183","3","6","3","12","18","5","0","2","0","1","0","1"
"POINT (13.452491103000057 52.518450521000034)","Unfall 5184 (2020) Kat:3, Licht: 0","5184","3","2","5","08","09","2","0","0","0","1","0","0"
"POINT (13.467984973000057 52.514313826000034)","Unfall 5185 (2020) Kat:3, Licht: 0","5185","3","4","6","07","14","4","1","0","0","0","1","0"
"POINT (13.363379665000025 52.535468474000027)","Unfall 5186 (2020) Kat:3, Licht: 0","5186","3","6","2","04","16","3","0","0","0","1","0","0"
"POINT (13.260066805000065 52.508623535000027)","Unfall 5187 (2020) Kat:3, Licht: 0","5187","3","6","2","10","11","5","0","0","0","1","0","0"
"POINT (13.402788270000030 52.593161403000067)","Unfall 5189 (2020) Kat:3, Licht: 0","5189","3","3","5","04","13","3","0","0","0","1","0","1"
"POINT (13.326312603000076 52.477937604000033)","Unfall 5190 (2020) Kat:3, Licht: 0","5190","3","6","2","09","16","3","0","0","0","1","0","0"
"POINT (13.312403300000028 52.624006881000071)","Unfall 5191 (2020) Kat:3, Licht: 0","5191","3","1","0","11","14","1","0","0","1","0","0","0"
"POINT (13.479267980000031 52.484728358000041)","Unfall 5192 (2020) Kat:2, Licht: 0","5192","2","1","8","09","19","6","0","0","0","1","0","0"
"POINT (13.385573737000072 52.510095009000054)","Unfall 5193 (2020) Kat:3, Licht: 0","5193","3","1","0","05","17","2","1","0","0","0","0","1"
"POINT (13.364001953000070 52.564603679000072)","Unfall 5194 (2020) Kat:3, Licht: 0","5194","3","2","5","08","19","7","1","0","1","1","0","0"
"POINT (13.401798699000040 52.413687220000043)","Unfall 5195 (2020) Kat:3, Licht: 0","5195","3","6","2","06","16","3","0","0","0","1","0","0"
"POINT (13.428632799000070 52.537567374000048)","Unfall 5196 (2020) Kat:3, Licht: 0","5196","3","2","5","04","19","3","0","0","1","1","0","0"