WKT,Name,OBJECTID,UKATEGORIE,UTYP1,UART,UMONAT,USTUNDE,UWOCHENTAG,STRZUSTAND,ULICHTVERH,ISTRAD,ISTPKW,ISTFUSS,ISTKRAD
"POINT (13.347654718000058 52.574493843000027)","Unfall 5197 (2020) Kat:3, Licht: 1","5197","3","2","5","09","18","2","0","1","1","1","0","0"
"POINT (13.385740864000070 52.469500792000076)","Unfall 5198 (2020) Kat:3, Licht: 2","5198","3","2","5","12","20","2","0","2","0","1","0","0"
"POINT (13.362966979000078 52.473959440000044)","Unfall 5199 (2020) Kat:3, Licht: 0","5199","3","6","2","05","15","2","1","0","0","1","0","0"
"POINT (13.347651078000069 52.574436175000073)","Unfall 5200 (2020) Kat:3, Licht: 1","5200","3","3","5","08","20","7","0","1","0","1","0","0"
"POINT (13.505655723000075 52.459481046000064)","Unfall 5201 (2020) Kat:2, Licht: 0","5201","2","6","3","06","13","2","0","0","0","0","0","1"
"POINT (13.544154780000042 52.511136241000031)","Unfall 5202 (2020) Kat:2, Licht: 2","5202","2","1","0","04","20","3","0","2","1","0","0","0"
"POINT (13.413568072000032 52.540893490000030)","Unfall 5203 (2020) Kat:2, Licht: 0","5203","2","1","0","10","14","7","0","0","1","0","0","0"
"POINT (13.387900356000046 52.493440578000047)","Unfall 5204 (2020) Kat:3, Licht: 0","5204","3","6","2","12","14","6","0","0","0","1","0","0"
"POINT (13.231177185000035 52.506840101000080)","Unfall 5205 (2020) Kat:2, Licht: 0","5205","2","3","5","08","17","3","0","0","0","0","0","1"
"POINT (13.299425219000057 52.511213764000047)","Unfall 5206 (2020) Kat:3, Licht: 0","5206","3","6","3","07","16","5","0","0","1","0","0","0"
"POINT (13.343606273000034 52.583280838000064)","Unfall 5207 (2020) Kat:2, Licht: 0","5207","2","6","2","10","11","6","0","0","0","1","0","1"
"POINT (13.429099469000050 52.572811078000029)","Unfall 5209 (2020) Kat:3, Licht: 0","5209","3","7","5","04","10","3","0","0","1","1","0","0"
"POINT (13.493133007000040 52.467797059000077)","Unfall 5210 (2020) Kat:3, Licht: 0","5210","3","2","5","09","15","4","0","0","0","1","0","1"
"POINT (13.494217092000042 52.511816565000061)","Unfall 5211 (2020) Kat:3, Licht: 0","5211","3","6","0","11","08","2","1","0","0","1","0","1"
"POINT (13.311553622000076 52.535984487000064)","Unfall 5212 (2020) Kat:3, Licht: 0","5212","3","6","2","05","14","2","1","0","0","1","0","0"
"POINT (13.309883861000060 52.558503188000032)","Unfall 5213 (2020) Kat:3, Licht: 2","5213","3","6","3","08","22","1","0","2","0","1","0","0"
"POINT (13.385307252000075 52.463232945000073)","Unfall 5214 (2020) Kat:3, Licht: 0","5214","3","3","5","06","11","3","0","0","1","0","0","0"
"POINT (13.315369659000055 52.613105345000065)","Unfall 5215 (2020) Kat:3, Licht: 0","5215","3","3","5","04","11","2","0","0","1","1","0","0"
"POINT (13.348424151000074 52.481715364000081)","Unfall 5216 (2020) Kat:2, Licht: 0","5216","2","2","0","09","09","2","0","0","1","0","0","0"
"POINT (13.499877980000065 52.620948624000050)","Unfall 5217 (2020) Kat:3, Licht: 0","5217","3","6","2","12","14","4","1","0","0","0","0","0"
"POINT (13.378274273000045 52.499326624000048)","Unfall 5218 (2020) Kat:3, Licht: 0","5218","3","3","0","08","14","3","0","0","1","0","0","1"
"POINT (13.313259086000073 52.479768186000058)","Unfall 5219 (2020) Kat:3, Licht: 0","5219","3","6","2","06","16","5","0","0","0","1","0","1"
"POINT (13.279845936000072 52.500409903000048)","Unfall 5221 (2020) Kat:3, Licht: 0","5221","3","6","2","04","07","2","0","0","0","1","0","0"
"POINT (13.453725280000072 52.518726690000051)","Unfall 5222 (2020) Kat:3, Licht: 0","5222","3","2","5","11","15","2","0","0","1","1","0","0"
"POINT (13.387088640000059 52.517035453000062)","Unfall 5223 (2020) Kat:2, Licht: 2","5223","2","1","9","09","23","2","0","2","0","1","0","0"
"POINT (13.385492021000061 52.467396808000046)","Unfall 5224 (2020) Kat:3, Licht: 0","5224","3","5","1","08","18","7","0","0","0","1","0","0"
"POINT (13.302179104000061 52.511394121000080)","Unfall 5225 (2020) Kat:3, Licht: 0","5225","3","6","3","04","15","2","0","0","1","0","0","0"
"POINT (13.387409212000023 52.492151412000055)","Unfall 5226 (2020) Kat:3, Licht: 2","5226","3","6","0","10","06","5","1","2","0","0","0","1"
"POINT (13.398696075000032 52.572078264000027)","Unfall 5227 (2020) Kat:3, Licht: 0","5227","3","2","5","08","19","3","0","0","0","1","0","0"
"POINT (13.332604772000025 52.463975784000070)","Unfall 5228 (2020) Kat:3, Licht: 2","5228","3","1","8","07","00","3","0","2","0","1","0","0"
"POINT (13.302782373000070 52.550577789000045)","Unfall 5229 (2020) Kat:3, Licht: 0","5229","3","6","2","06","17","5","1","0","0","1","0","0"
"POINT (13.385740847000022 52.469463486000052)","Unfall 5230 (2020) Kat:3, Licht: 2","5230","3","2","5","11","00","4","0","2","0","1","0","0"
"POINT (13.403571779000060 52.512424507000048)","Unfall 5231 (2020) Kat:3, Licht: 0","5231","3","6","2","04","15","2","0","0","0","1","0","0"
"POINT (13.408962990000077 52.516567967000071)","Unfall 5232 (2020) Kat:3, Licht: 0","5232","3","6","2","09","08","5","0","0","0","1","0","1"
"POINT (13.417625510000050 52.376827719000062)","Unfall 5233 (2020) Kat:3, Licht: 0","5233","3","3","6","11","07","2","0","0","0","1","1","0"
"POINT (13.454242573000045 52.515717353000070)","Unfall 5234 (2020) Kat:3, Licht: 2","5234","3","1","0","06","01","7","1","2","1","0","0","0"
"POINT (13.452468425000063 52.463843014000076)","Unfall 5235 (2020) Kat:2, Licht: 0","5235","2","1","0","04","15","7","0","0","0","0","0","1"
"POINT (13.354000780000035 52.478910958000029)","Unfall 5236 (2020) Kat:2, Licht: 0","5236","2","3","5","09","14","4","0","0","0","1","0","0"
"POINT (13.422832667000023 52.539516300000059)","Unfall 5237 (2020) Kat:3, Licht: 1","5237","3","2","5","07","20","5","0","1","1","1","0","0"
"POINT (13.453378545000021 52.514773797000032)","Unfall 5238 (2020) Kat:3, Licht: 0","5238","3","7","0","04","11","7","0","0","1","0","1","0"
"POINT (13.558292033000043 52.562896274000082)","Unfall 5239 (2020) Kat:3, Licht: 0","5239","3","3","5","10","12","4","1","0","0","1","0","0"
"POINT (13.288674068000034 52.494198625000081)","Unfall 5240 (2020) Kat:3, Licht: 2","5240","3","1","9","12","00","6","0","2","0","1","0","0"
"POINT (13.376896502000022 52.501958729000080)","Unfall 5241 (2020) Kat:3, Licht: 0","5241","3","2","5","08","08","5","0","0","1","1","0","0"
"POINT (13.402367262000041 52.580680142000062)","Unfall 5242 (2020) Kat:3, Licht: 0","5242","3","2","5","07","17","3","0","0","1","1","0","0"
"POINT (13.536968350000052 52.532978919000072)","Unfall 5243 (2020) Kat:3, Licht: 0","5243","3","3","5","05","09","7","0","0","1","1","0","0"
"POINT (13.387798919000033 52.497867944000063)","Unfall 5244 (2020) Kat:3, Licht: 0","5244","3","1","0","10","14","3","1","0","1","0","0","0"
"POINT (13.468967610000050 52.562841559000049)","Unfall 5245 (2020) Kat:3, Licht: 0","5245","3","6","2","04","12","6","0","0","0","1","0","0"
"POINT (13.280707109000048 52.499761683000031)","Unfall 5246 (2020) Kat:3, Licht: 0","5246","3","6","2","09","18","1","0","0","0","1","0","0"
"POINT (13.411972503000072 52.541122351000070)","Unfall 5247 (2020) Kat:2, Licht: 0","5247","2","3","5","11","13","2","0","0","0","1","0","1"
"POINT (13.405684607000069 52.566497051000056)","Unfall 5248 (2020) Kat:2, Licht: 0","5248","2","1","0","05","18","1","1","0","0","0","0","1"
"POINT (13.460303277000037 52.493784020000078)","Unfall 5249 (2020) Kat:3, Licht: 0","5249","3","1","0","08","15","5","0","0","1","0","0","0"
"POINT (13.313171409000063 52.621454232000076)","Unfall 5250 (2020) Kat:3, Licht: 0","5250","3","7","5","06","15","6","0","0","0","0","0","1"
"POINT (13.386054316000070 52.485317407000082)","Unfall 5251 (2020) Kat:3, Licht: 0","5251","3","6","3","04","11","5","0","0","1","0","0","0"
"POINT (13.456843745000072 52.499891498000068)","Unfall 5252 (2020) Kat:3, Licht: 0","5252","3","7","2","10","16","6","0","0","0","1","0","0"
"POINT (13.451051194000058 52.509568983000065)","Unfall 5253 (2020) Kat:3, Licht: 2","5253","3","5","1","12","17","3","0","2","1","1","0","0"
"POINT (13.280905264000069 52.499200683000026)","Unfall 5254 (2020) Kat:3, Licht: 0","5254","3","6","0","08","14","1","0","0","0","1","0","1"
"POINT (13.459330139000031 52.492834149000032)","Unfall 5255 (2020) Kat:3, Licht: 0","5255","3","2","5","06","10","3","0","0","0","1","0","1"
"POINT (13.424385012000073 52.539003584000056)","Unfall 5256 (2020) Kat:2, Licht: 2","5256","2","2","6","03","05","3","1","2","0","1","1","0"
"POINT (13.298918090000029 52.510989217000031)","Unfall 5257 (2020) Kat:3, Licht: 0","5257","3","6","3","10","07","4","1","0","0","1","0","1"
"POINT (13.363349145000029 52.535498889000053)","Unfall 5259 (2020) Kat:3, Licht: 0","5259","3","6","2","03","12","3","0","0","0","1","0","0"
"POINT (13.488264066000056 52.512413827000046)","Unfall 5260 (2020) Kat:3, Licht: 0","5260","3","3","5","09","15","2","0","0","1","1","0","0"
"POINT (13.414125928000033 52.552616820000026)","Unfall 5261 (2020) Kat:3, Licht: 0","5261","3","6","3","11","11","7","0","0","1","1","0","0"
"POINT (13.364193045000036 52.563718127000072)","Unfall 5262 (2020) Kat:2, Licht: 0","5262","2","3","5","09","16","6","0","0","1","1","0","0"
"POINT (13.286145537000039 52.531890091000037)","Unfall 5263 (2020) Kat:3, Licht: 0","5263","3","6","2","03","12","3","0","0","0","1","0","0"
"POINT (13.225118426000051 52.459995256000070)","Unfall 5264 (2020) Kat:2, Licht: 0","5264","2","7","0","05","12","7","0","0","0","1","0","0"
"POINT (13.424519272000055 52.539224882000042)","Unfall 5265 (2020) Kat:3, Licht: 2","5265","3","2","2","08","01","7","0","2","0","1","0","0"
"POINT (13.493291450000072 52.436040714000058)","Unfall 5266 (2020) Kat:2, Licht: 2","5266","2","6","2","07","22","3","0","2","0","1","0","0"
"POINT (13.178937990000065 52.516549192000070)","Unfall 5267 (2020) Kat:3, Licht: 0","5267","3","6","2","06","11","2","0","0","0","1","0","0"
"POINT (13.513110876000042 52.454156685000044)","Unfall 5268 (2020) Kat:3, Licht: 2","5268","3","3","5","03","19","2","0","2","1","1","0","0"
"POINT (13.368777274000024 52.548988176000080)","Unfall 5269 (2020) Kat:3, Licht: 1","5269","3","6","2","09","19","7","1","1","0","1","0","0"
"POINT (13.367303242000048 52.551497823000034)","Unfall 5270 (2020) Kat:3, Licht: 1","5270","3","2","0","12","15","2","1","1","0","1","0","1"
"POINT (13.406057967000038 52.406014413000037)","Unfall 5271 (2020) Kat:3, Licht: 0","5271","3","6","3","06","15","4","0","0","0","1","0","1"
"POINT (13.402164027000026 52.580643560000055)","Unfall 5273 (2020) Kat:3, Licht: 0","5273","3","6","2","03","09","2","0","0","0","1","0","0"
"POINT (13.283999076000043 52.495974288000070)","Unfall 5274 (2020) Kat:3, Licht: 0","5274","3","6","2","11","14","6","0","0","0","1","0","0"
"POINT (13.525838868000051 52.510039594000034)","Unfall 5275 (2020) Kat:3, Licht: 0","5275","3","1","9","09","17","7","0","0","0","1","0","0"
"POINT (13.271377940000036 52.438238384000044)","Unfall 5276 (2020) Kat:2, Licht: 2","5276","2","3","5","07","23","5","0","2","0","1","0","0"
"POINT (13.177357804000053 52.419345496000062)","Unfall 5277 (2020) Kat:3, Licht: 0","5277","3","4","0","03","16","7","0","0","0","0","1","1"
"POINT (13.385757087000059 52.479961862000039)","Unfall 5278 (2020) Kat:2, Licht: 0","5278","2","3","5","10","14","2","0","0","0","1","0","1"
"POINT (13.412487031000069 52.540971023000054)","Unfall 5279 (2020) Kat:3, Licht: 0","5279","3","6","2","08","13","2","0","0","1","1","0","0"
"POINT (13.365511348000041 52.557922861000065)","Unfall 5280 (2020) Kat:2, Licht: 2","5280","2","3","2","07","01","1","0","2","0","1","0","0"
"POINT (13.445480319000069 52.516737285000033)","Unfall 5281 (2020) Kat:3, Licht: 0","5281","3","6","3","06","19","3","0","0","1","1","0","0"
"POINT (13.391118879000032 52.431921052000064)","Unfall 5282 (2020) Kat:3, Licht: 2","5282","3","2","5","11","17","1","1","2","0","1","0","0"
"POINT (13.476994324000032 52.487191198000062)","Unfall 5283 (2020) Kat:3, Licht: 0","5283","3","6","2","03","13","7","0","0","1","1","0","0"
"POINT (13.435913646000074 52.534973208000054)","Unfall 5284 (2020) Kat:3, Licht: 0","5284","3","1","9","09","14","3","0","0","0","0","0","0"
"POINT (13.153281232000040 52.418910814000071)","Unfall 5285 (2020) Kat:3, Licht: 2","5285","3","6","2","11","16","7","0","2","0","1","0","0"
"POINT (13.465230626000050 52.514595322000048)","Unfall 5286 (2020) Kat:2, Licht: 0","5286","2","6","2","06","14","5","0","0","0","1","0","0"
"POINT (13.598640412000066 52.504879572000050)","Unfall 5287 (2020) Kat:3, Licht: 1","5287","3","2","5","03","18","7","0","1","0","1","0","0"
"POINT (13.371880503000057 52.423837246000062)","Unfall 5288 (2020) Kat:3, Licht: 0","5288","3","4","6","08","16","2","1","0","0","1","1","0"
"POINT (13.412462092000055 52.542805086000044)","Unfall 5289 (2020) Kat:3, Licht: 0","5289","3","4","6","07","11","4","0","0","1","1","1","0"
"POINT (13.453776999000070 52.515730501000064)","Unfall 5290 (2020) Kat:3, Licht: 0","5290","3","3","0","06","11","4","0","0","1","0","0","0"
"POINT (13.412442727000041 52.540981358000067)","Unfall 5291 (2020) Kat:3, Licht: 0","5291","3","6","2","06","12","4","0","0","0","1","0","0"
"POINT (13.420517563000033 52.520920051000076)","Unfall 5293 (2020) Kat:3, Licht: 0","5293","3","6","3","03","14","6","0","0","0","1","0","1"
"POINT (13.566450403000033 52.507114970000032)","Unfall 5294 (2020) Kat:3, Licht: 0","5294","3","6","2","11","10","2","0","0","0","1","0","0"
"POINT (13.241524266000056 52.433499133000055)","Unfall 5295 (2020) Kat:3, Licht: 0","5295","3","1","9","09","13","1","0","0","0","0","0","1"
"POINT (13.421134505000055 52.526435251000066)","Unfall 5296 (2020) Kat:3, Licht: 0","5296","3","3","5","07","08","6","0","0","1","1","0","0"
"POINT (13.285420336000072 52.494781270000033)","Unfall 5297 (2020) Kat:3, Licht: 0","5297","3","6","3","03","17","6","0","0","0","1","0","1"
"POINT (13.285975739000037 52.494633113000077)","Unfall 5298 (2020) Kat:3, Licht: 2","5298","3","6","2","10","20","4","1","2","0","1","0","0"
"POINT (13.454218574000038 52.515661532000081)","Unfall 5299 (2020) Kat:3, Licht: 0","5299","3","2","5","08","13","3","1","0","1","1","0","0"
"POINT (13.606765466000070 52.504949653000040)","Unfall 5300 (2020) Kat:3, Licht: 0","5300","3","6","2","07","13","2","0","0","0","1","0","0"
"POINT (13.450872640000057 52.463683324000044)","Unfall 5301 (2020) Kat:3, Licht: 0","5301","3","6","2","06","18","4","0","0","0","1","0","0"
"POINT (13.379633449000039 52.436802393000050)","Unfall 5302 (2020) Kat:3, Licht: 0","5302","3","7","5","11","14","2","0","0","0","1","0","0"
"POINT (13.315901191000023 52.617584789000034)","Unfall 5303 (2020) Kat:3, Licht: 0","5303","3","3","5","03","15","6","0","0","0","1","0","1"
"POINT (13.246845134000068 52.434483314000033)","Unfall 5304 (2020) Kat:3, Licht: 0","5304","3","6","3","09","12","4","0","0","0","1","0","1"
"POINT (13.480824541000061 52.513029989000074)","Unfall 5305 (2020) Kat:3, Licht: 2","5305","3","6","2","11","00","7","0","2","1","0","0","0"
"POINT (13.347112184000025 52.578729251000027)","Unfall 5306 (2020) Kat:3, Licht: 0","5306","3","4","6","06","14","6","0","0","1","0","1","0"
"POINT (13.307704786000045 52.511755053000059)","Unfall 5307 (2020) Kat:3, Licht: 0","5307","3","3","5","03","15","5","0","0","0","1","0","0"
"POINT (13.387319198000057 52.440174295000077)","Unfall 5308 (2020) Kat:2, Licht: 0","5308","2","3","5","09","07","3","0","0","0","1","0","0"
"POINT (13.300373466000053 52.511276274000068)","Unfall 5309 (2020) Kat:3, Licht: 0","5309","3","4","6","07","12","5","0","0","1","0","1","0"
"POINT (13.560230926000031 52.562057767000056)","Unfall 5310 (2020) Kat:2, Licht: 2","5310","2","2","5","03","19","5","0","2","0","1","0","0"
"POINT (13.368817408000041 52.541335315000026)","Unfall 5311 (2020) Kat:3, Licht: 0","5311","3","6","2","10","16","4","1","0","0","1","0","0"
"POINT (13.387957246000042 52.493527466000046)","Unfall 5312 (2020) Kat:3, Licht: 2","5312","3","1","9","12","21","4","1","2","0","1","0","0"
"POINT (13.540409740000030 52.509992839000063)","Unfall 5313 (2020) Kat:2, Licht: 0","5313","2","1","0","08","11","5","0","0","0","1","0","1"
"POINT (13.361864947000072 52.568350012000053)","Unfall 5314 (2020) Kat:3, Licht: 0","5314","3","2","5","07","14","2","0","0","1","1","0","0"
"POINT (13.447617136000076 52.503656938000063)","Unfall 5315 (2020) Kat:3, Licht: 0","5315","3","7","4","05","12","6","0","0","1","0","1","0"
"POINT (13.402785101000063 52.411383845000046)","Unfall 5316 (2020) Kat:2, Licht: 1","5316","2","6","2","10","15","2","0","1","0","1","0","0"
"POINT (13.424358302000030 52.539261802000055)","Unfall 5318 (2020) Kat:3, Licht: 2","5318","3","2","5","03","19","4","0","2","1","1","0","0"
"POINT (13.497413124000047 52.464836299000069)","Unfall 5319 (2020) Kat:3, Licht: 0","5319","3","3","5","09","13","6","0","0","1","0","0","0"
"POINT (13.438672225000062 52.540813573000037)","Unfall 5320 (2020) Kat:3, Licht: 2","5320","3","4","6","11","21","4","0","2","0","0","1","1"
"POINT (13.370393666000041 52.422071155000026)","Unfall 5321 (2020) Kat:3, Licht: 0","5321","3","5","1","05","12","7","0","0","0","1","0","0"
"POINT (13.376396710000051 52.516127515000051)","Unfall 5322 (2020) Kat:3, Licht: 0","5322","3","6","2","08","08","4","0","0","0","1","0","0"
"POINT (13.423947355000053 52.528199241000038)","Unfall 5323 (2020) Kat:3, Licht: 0","5323","3","3","5","06","08","6","0","0","1","1","0","0"
"POINT (13.214695916000039 52.427318699000068)","Unfall 5324 (2020) Kat:3, Licht: 0","5324","3","2","5","03","12","4","0","0","0","1","0","0"
"POINT (13.385710711000058 52.467774797000061)","Unfall 5325 (2020) Kat:3, Licht: 0","5325","3","6","2","10","14","5","0","0","0","1","0","0"
"POINT (13.294331155000066 52.491775713000038)","Unfall 5326 (2020) Kat:3, Licht: 0","5326","3","6","2","12","14","3","0","0","0","1","0","0"
"POINT (13.419535953000036 52.525124986000037)","Unfall 5327 (2020) Kat:3, Licht: 0","5327","3","3","5","08","20","7","0","0","1","1","0","0"
"POINT (13.457263728000044 52.515397832000076)","Unfall 5328 (2020) Kat:3, Licht: 0","5328","3","2","5","06","11","2","0","0","1","1","0","0"
"POINT (13.297550863000026 52.510900340000035)","Unfall 5329 (2020) Kat:2, Licht: 1","5329","2","1","0","03","18","3","0","1","1","0","0","0"
"POINT (13.283235106000063 52.529029090000051)","Unfall 5330 (2020) Kat:3, Licht: 2","5330","3","6","2","10","19","3","0","2","0","1","0","0"
"POINT (13.439038729000060 52.541125439000041)","Unfall 5332 (2020) Kat:3, Licht: 0","5332","3","6","2","03","16","3","0","0","0","1","0","0"
"POINT (13.295663432000026 52.540783974000078)","Unfall 5333 (2020) Kat:3, Licht: 0","5333","3","6","2","09","18","1","0","0","0","1","0","0"
"POINT (13.483303670000055 52.583051469000054)","Unfall 5334 (2020) Kat:3, Licht: 0","5334","3","2","5","11","08","6","0","0","1","0","0","0"
"POINT (13.363960687000031 52.501082926000038)","Unfall 5335 (2020) Kat:3, Licht: 0","5335","3","6","2","09","09","5","0","0","0","1","0","1"
"POINT (13.560351410000067 52.562233589000073)","Unfall 5336 (2020) Kat:3, Licht: 0","5336","3","6","2","03","07","3","0","0","0","1","0","0"
"POINT (13.424128603000042 52.528353855000034)","Unfall 5337 (2020) Kat:3, Licht: 0","5337","3","4","6","05","10","7","0","0","0","1","1","0"
"POINT (13.445210338000038 52.463006922000034)","Unfall 5338 (2020) Kat:3, Licht: 0","5338","3","6","3","08","18","5","0","0","0","1","0","0"
"POINT (13.413019500000075 52.519503905000079)","Unfall 5339 (2020) Kat:2, Licht: 0","5339","2","1","9","07","07","1","0","0","0","0","0","1"
"POINT (13.333263683000041 52.513433500000076)","Unfall 5340 (2020) Kat:2, Licht: 0","5340","2","3","5","06","18","1","0","0","0","0","0","1"
"POINT (13.275845616000026 52.439820326000074)","Unfall 5341 (2020) Kat:2, Licht: 0","5341","2","6","2","03","15","2","0","0","0","1","0","0"
"POINT (13.430361093000045 52.534063439000079)","Unfall 5342 (2020) Kat:3, Licht: 0","5342","3","5","1","09","08","6","1","0","1","1","0","0"
"POINT (13.462039579000077 52.494954132000032)","Unfall 5343 (2020) Kat:3, Licht: 0","5343","3","6","2","12","14","1","0","0","0","1","0","0"
"POINT (13.363396752000028 52.500429068000074)","Unfall 5344 (2020) Kat:3, Licht: 0","5344","3","6","0","06","12","4","0","0","0","0","0","1"
"POINT (13.292283667000049 52.510749688000033)","Unfall 5346 (2020) Kat:3, Licht: 0","5346","3","2","0","03","13","2","0","0","1","1","0","0"
"POINT (13.419520338000041 52.525110435000045)","Unfall 5347 (2020) Kat:3, Licht: 0","5347","3","2","5","09","13","7","0","0","1","1","0","0"
"POINT (13.387742670000023 52.438771737000081)","Unfall 5348 (2020) Kat:3, Licht: 0","5348","3","6","2","07","11","4","0","0","0","1","0","0"
"POINT (13.347651488000054 52.574442670000053)","Unfall 5349 (2020) Kat:3, Licht: 0","5349","3","3","5","03","17","1","0","0","0","1","0","0"
"POINT (13.436450544000024 52.517502125000078)","Unfall 5350 (2020) Kat:3, Licht: 2","5350","3","3","5","10","20","7","0","2","1","1","0","0"
"POINT (13.615898220000076 52.504679208000027)","Unfall 5351 (2020) Kat:3, Licht: 0","5351","3","7","5","08","08","2","0","0","0","1","0","0"
"POINT (13.364411289000032 52.563754086000074)","Unfall 5352 (2020) Kat:2, Licht: 0","5352","2","2","5","07","14","6","1","0","1","1","0","0"
"POINT (13.384550357000023 52.452828022000062)","Unfall 5353 (2020) Kat:3, Licht: 0","5353","3","2","5","06","10","3","0","0","1","0","0","0"
"POINT (13.289268691000075 52.510559939000075)","Unfall 5354 (2020) Kat:3, Licht: 2","5354","3","2","6","10","19","6","1","2","0","1","1","0"
"POINT (13.531067900000039 52.510371965000047)","Unfall 5355 (2020) Kat:2, Licht: 0","5355","2","6","2","03","17","7","0","0","0","1","0","0"
"POINT (13.463051046000032 52.514820141000030)","Unfall 5356 (2020) Kat:3, Licht: 0","5356","3","6","2","09","16","3","0","0","0","1","0","0"
"POINT (13.365261118000035 52.558066974000042)","Unfall 5357 (2020) Kat:3, Licht: 0","5357","3","2","5","11","09","5","1","0","1","1","0","0"
"POINT (13.385741313000040 52.469482066000069)","Unfall 5358 (2020) Kat:2, Licht: 0","5358","2","2","5","06","07","4","0","0","0","1","0","0"
"POINT (13.326372737000042 52.477819977000081)","Unfall 5359 (2020) Kat:3, Licht: 0","5359","3","6","3","08","11","2","0","0","0","1","0","0"
"POINT (13.590315094000061 52.505093173000034)","Unfall 5360 (2020) Kat:3, Licht: 0","5360","3","2","0","06","17","3","0","0","1","1","0","0"
"POINT (13.475499586000069 52.513552330000039)","Unfall 5361 (2020) Kat:3, Licht: 0","5361","3","6","2","03","10","6","0","0","0","1","0","0"
"POINT (13.237035108000043 52.469970252000053)","Unfall 5362 (2020) Kat:2, Licht: 1","5362","2","6","2","10","18","2","1","1","0","1","0","0"
"POINT (13.388720682000042 52.498144319000062)","Unfall 5363 (2020) Kat:3, Licht: 2","5363","3","3","5","12","17","7","1","2","1","1","0","0"
"POINT (13.453702178000071 52.516047719000028)","Unfall 5364 (2020) Kat:3, Licht: 2","5364","3","3","5","08","00","3","0","2","0","0","0","1"
"POINT (13.208210480000048 52.425421668000070)","Unfall 5365 (2020) Kat:3, Licht: 0","5365","3","7","2","07","15","6","0","0","1","1","0","0"
"POINT (13.359024591000036 52.573392363000039)","Unfall 5366 (2020) Kat:2, Licht: 0","5366","2","2","5","05","13","3","0","0","0","1","0","0"
"POINT (13.443383119000032 52.530581324000082)","Unfall 5367 (2020) Kat:3, Licht: 2","5367","3","6","2","10","19","1","0","2","0","1","0","0"
"POINT (13.283833654000034 52.507498024000029)","Unfall 5369 (2020) Kat:3, Licht: 0","5369","3","6","2","03","16","4","0","0","0","1","0","0"
"POINT (13.413914486000067 52.549653815000056)","Unfall 5370 (2020) Kat:3, Licht: 0","5370","3","4","6","09","13","5","0","0","1","0","1","0"
"POINT (13.305477063000069 52.571059906000073)","Unfall 5371 (2020) Kat:3, Licht: 2","5371","3","6","2","11","07","3","1","2","0","1","0","0"
"POINT (13.286220841000045 52.532171295000069)","Unfall 5372 (2020) Kat:3, Licht: 0","5372","3","6","2","05","16","7","0","0","0","1","0","0"
"POINT (13.204050144000064 52.511604605000059)","Unfall 5373 (2020) Kat:3, Licht: 0","5373","3","6","2","08","17","3","0","0","0","1","0","1"
"POINT (13.386315791000072 52.498735099000044)","Unfall 5374 (2020) Kat:3, Licht: 0","5374","3","1","0","06","08","4","0","0","1","0","0","0"
"POINT (13.454231952000043 52.515692650000062)","Unfall 5375 (2020) Kat:3, Licht: 0","5375","3","2","0","05","09","5","0","0","0","1","0","1"
"POINT (13.448602252000057 52.505033172000026)","Unfall 5376 (2020) Kat:3, Licht: 2","5376","3","6","3","03","20","4","0","2","1","0","0","0"
"POINT (13.423614610000072 52.528235669000026)","Unfall 5377 (2020) Kat:3, Licht: 1","5377","3","2","5","09","06","4","0","1","1","1","0","0"
"POINT (13.363982535000048 52.414285550000045)","Unfall 5378 (2020) Kat:3, Licht: 2","5378","3","5","2","12","18","6","0","2","0","1","0","0"
"POINT (13.455903625000076 52.461510770000075)","Unfall 5379 (2020) Kat:3, Licht: 0","5379","3","6","2","08","15","4","0","0","0","0","0","0"
"POINT (13.291942079000023 52.444899239000051)","Unfall 5380 (2020) Kat:3, Licht: 0","5380","3","1","1","06","18","7","0","0","1","1","0","0"
"POINT (13.282819747000076 52.528769827000076)","Unfall 5381 (2020) Kat:3, Licht: 0","5381","3","6","2","03","16","4","0","0","0","1","0","0"
"POINT (13.363135793000026 52.565873279000073)","Unfall 5382 (2020) Kat:3, Licht: 0","5382","3","6","2","10","13","3","0","0","0","1","0","0"
"POINT (13.353920014000039 52.478969668000047)","Unfall 5383 (2020) Kat:3, Licht: 0","5383","3","3","5","12","12","3","1","0","1","1","0","0"
"POINT (13.388487012000041 52.437030185000026)","Unfall 5384 (2020) Kat:3, Licht: 0","5384","3","3","5","08","16","4","0","0","1","1","0","0"
"POINT (13.169954928000038 52.420743925000068)","Unfall 5385 (2020) Kat:3, Licht: 0","5385","3","1","8","07","19","1","1","0","1","0","0","0"
"POINT (13.428623907000031 52.537570354000081)","Unfall 5386 (2020) Kat:3, Licht: 1","5386","3","2","5","05","05","5","0","1","1","1","0","0"
"POINT (13.324382009000033 52.512700607000056)","Unfall 5387 (2020) Kat:3, Licht: 0","5387","3","6","2","10","08","2","1","0","0","1","0","0"
"POINT (13.408622713000057 52.388106267000069)","Unfall 5389 (2020) Kat:3, Licht: 0","5389","3","2","6","03","08","4","0","0","0","1","1","0"
"POINT (13.305686444000060 52.511434079000026)","Unfall 5390 (2020) Kat:3, Licht: 0","5390","3","6","3","09","13","5","0","0","1","0","0","0"
"POINT (13.372120946000052 52.505149878000054)","Unfall 5391 (2020) Kat:3, Licht: 2","5391","3","2","2","11","17","3","1","2","0","1","0","0"
"POINT (13.202270827000063 52.511967326000047)","Unfall 5392 (2020) Kat:3, Licht: 0","5392","3","7","0","05","16","7","0","0","1","0","0","0"
"POINT (13.309860878000052 52.451543321000031)","Unfall 5393 (2020) Kat:3, Licht: 0","5393","3","3","5","08","14","3","0","0","1","1","0","0"
"POINT (13.399257257000045 52.574704926000038)","Unfall 5394 (2020) Kat:3, Licht: 0","5394","3","5","5","06","18","5","1","0","0","1","0","1"
"POINT (13.462922586000047 52.497975271000030)","Unfall 5395 (2020) Kat:3, Licht: 0","5395","3","3","0","05","18","5","0","0","1","0","0","0"
"POINT (13.424237967000067 52.539288503000080)","Unfall 5396 (2020) Kat:3, Licht: 0","5396","3","2","5","03","15","3","0","0","0","1","0","0"