WKT,Name,OBJECTID,UKATEGORIE,UTYP1,UART,UMONAT,USTUNDE,UWOCHENTAG,STRZUSTAND,ULICHTVERH,ISTRAD,ISTPKW,ISTFUSS,ISTKRAD
"POINT (13.385498213000062 52.469487641000057)","Unfall 5397 (2020) Kat:2, Licht: 2","5397","2","2","5","10","05","5","0","2","0","1","0","1"
"POINT (13.208897908000040 52.447424783000031)","Unfall 5398 (2020) Kat:3, Licht: 2","5398","3","6","3","12","05","7","0","2","0","1","0","0"
"POINT (13.281007735000060 52.503201199000046)","Unfall 5399 (2020) Kat:3, Licht: 0","5399","3","6","2","08","17","5","0","0","0","1","0","0"
"POINT (13.347663451000074 52.574632215000065)","Unfall 5400 (2020) Kat:3, Licht: 0","5400","3","1","0","06","13","1","1","0","0","0","0","1"
"POINT (13.400193492000028 52.416556548000074)","Unfall 5401 (2020) Kat:2, Licht: 1","5401","2","7","5","03","18","3","0","1","0","1","0","1"
"POINT (13.364641964000043 52.561315352000065)","Unfall 5402 (2020) Kat:3, Licht: 0","5402","3","3","0","10","16","2","0","0","0","1","0","1"
"POINT (13.218368881000060 52.428169972000035)","Unfall 5404 (2020) Kat:2, Licht: 0","5404","2","1","0","03","16","3","0","0","1","0","0","0"
"POINT (13.348308258000031 52.481764233000035)","Unfall 5405 (2020) Kat:3, Licht: 0","5405","3","4","6","11","14","5","0","0","1","0","1","0"
"POINT (13.413093804000027 52.519763162000061)","Unfall 5406 (2020) Kat:3, Licht: 0","5406","3","6","3","09","10","4","0","0","1","1","0","0"
"POINT (13.282524414000022 52.497760589000052)","Unfall 5407 (2020) Kat:3, Licht: 0","5407","3","3","5","03","09","3","0","0","0","1","0","0"
"POINT (13.259640160000060 52.508601903000056)","Unfall 5408 (2020) Kat:3, Licht: 0","5408","3","6","2","10","16","7","0","0","0","1","0","0"
"POINT (13.446262002000026 52.516513580000037)","Unfall 5409 (2020) Kat:3, Licht: 0","5409","3","6","2","08","14","5","0","0","0","1","0","0"
"POINT (13.269650582000054 52.437737110000057)","Unfall 5410 (2020) Kat:3, Licht: 0","5410","3","6","2","07","16","6","1","0","0","1","0","0"
"POINT (13.400606375000052 52.415247514000043)","Unfall 5411 (2020) Kat:3, Licht: 0","5411","3","6","2","06","08","6","0","0","0","1","0","0"
"POINT (13.286527601000046 52.514355210000076)","Unfall 5412 (2020) Kat:3, Licht: 1","5412","3","6","2","03","05","3","0","1","0","1","0","0"
"POINT (13.359368937000056 52.489288900000076)","Unfall 5413 (2020) Kat:2, Licht: 0","5413","2","6","2","09","17","5","0","0","0","1","0","0"
"POINT (13.414373791000060 52.460814459000062)","Unfall 5414 (2020) Kat:3, Licht: 2","5414","3","6","2","12","16","6","0","2","0","1","0","0"
"POINT (13.368515511000055 52.541188096000042)","Unfall 5415 (2020) Kat:3, Licht: 0","5415","3","6","2","06","17","3","0","0","0","1","0","0"
"POINT (13.314945218000048 52.512229347000073)","Unfall 5417 (2020) Kat:3, Licht: 0","5417","3","2","5","03","14","3","0","0","1","1","0","0"
"POINT (13.295420689000025 52.510949019000066)","Unfall 5418 (2020) Kat:3, Licht: 0","5418","3","6","0","09","09","6","1","0","0","1","0","1"
"POINT (13.412380540000072 52.541813495000042)","Unfall 5419 (2020) Kat:2, Licht: 2","5419","2","5","1","07","23","2","1","2","1","1","0","0"
"POINT (13.451914070000043 52.516095299000028)","Unfall 5420 (2020) Kat:3, Licht: 0","5420","3","6","2","03","12","2","0","0","0","1","0","0"
"POINT (13.448654659000056 52.505118499000048)","Unfall 5421 (2020) Kat:3, Licht: 2","5421","3","7","6","10","19","6","1","2","1","0","1","0"
"POINT (13.412439571000050 52.559354482000060)","Unfall 5422 (2020) Kat:2, Licht: 0","5422","2","3","5","12","11","5","0","0","0","1","0","0"
"POINT (13.368373215000076 52.541126966000036)","Unfall 5423 (2020) Kat:2, Licht: 0","5423","2","2","5","08","12","1","0","0","0","1","0","0"
"POINT (13.364235457000063 52.563507041000037)","Unfall 5424 (2020) Kat:2, Licht: 0","5424","2","6","0","07","17","5","1","0","0","0","0","1"
"POINT (13.385190662000070 52.449227828000062)","Unfall 5425 (2020) Kat:3, Licht: 0","5425","3","2","5","05","16","2","1","0","0","1","0","0"
"POINT (13.385513619000051 52.470030423000026)","Unfall 5426 (2020) Kat:3, Licht: 0","5426","3","2","3","06","16","2","0","0","0","1","0","1"
"POINT (13.493330969000056 52.467876426000032)","Unfall 5427 (2020) Kat:3, Licht: 0","5427","3","1","0","10","09","5","1","0","1","1","0","0"
"POINT (13.394935747000034 52.425837189000049)","Unfall 5428 (2020) Kat:2, Licht: 0","5428","2","6","2","03","11","2","0","0","0","1","0","1"
"POINT (13.321205996000060 52.477881556000057)","Unfall 5429 (2020) Kat:3, Licht: 0","5429","3","6","2","09","09","2","0","0","0","1","0","0"
"POINT (13.368637384000067 52.538913948000072)","Unfall 5430 (2020) Kat:3, Licht: 2","5430","3","6","2","11","19","4","0","2","0","1","0","0"
"POINT (13.390655512000023 52.432749673000046)","Unfall 5431 (2020) Kat:3, Licht: 0","5431","3","2","0","06","12","4","0","0","1","1","0","0"
"POINT (13.509570178000047 52.456549008000081)","Unfall 5432 (2020) Kat:3, Licht: 0","5432","3","5","1","08","15","7","0","0","1","0","0","0"
"POINT (13.311919837000062 52.625645363000046)","Unfall 5433 (2020) Kat:3, Licht: 0","5433","3","2","5","06","07","3","0","0","0","1","0","1"
"POINT (13.345151948000023 52.514098428000068)","Unfall 5434 (2020) Kat:3, Licht: 2","5434","3","6","2","03","18","2","0","2","0","1","0","0"
"POINT (13.364375999000060 52.563881359000050)","Unfall 5435 (2020) Kat:2, Licht: 2","5435","2","1","0","10","18","2","1","2","0","0","0","1"
"POINT (13.388352670000074 52.436883672000079)","Unfall 5436 (2020) Kat:3, Licht: 1","5436","3","5","1","12","07","6","1","1","0","1","0","0"
"POINT (13.209771799000066 52.426295145000040)","Unfall 5437 (2020) Kat:3, Licht: 0","5437","3","3","5","08","08","3","0","0","0","1","0","0"
"POINT (13.318911378000053 52.610798845000033)","Unfall 5438 (2020) Kat:3, Licht: 0","5438","3","2","5","07","17","5","0","0","1","1","0","0"
"POINT (13.414061045000039 52.550518475000047)","Unfall 5439 (2020) Kat:3, Licht: 2","5439","3","2","5","10","19","6","1","2","1","1","0","0"
"POINT (13.308298853000053 52.450965129000053)","Unfall 5441 (2020) Kat:3, Licht: 0","5441","3","6","3","03","13","2","0","0","1","0","0","0"
"POINT (13.190826586000071 52.514280679000080)","Unfall 5442 (2020) Kat:3, Licht: 0","5442","3","6","2","09","09","4","0","0","0","1","0","0"
"POINT (13.284164537000038 52.510078839000073)","Unfall 5443 (2020) Kat:2, Licht: 1","5443","2","4","6","11","06","2","1","1","0","1","1","0"
"POINT (13.447889497000062 52.503998445000036)","Unfall 5444 (2020) Kat:3, Licht: 0","5444","3","7","6","05","14","7","0","0","1","0","1","0"
"POINT (13.472884366000073 52.513825729000075)","Unfall 5445 (2020) Kat:2, Licht: 0","5445","2","7","6","08","08","2","0","0","1","0","1","0"
"POINT (13.158124553000050 52.419441792000043)","Unfall 5446 (2020) Kat:3, Licht: 0","5446","3","2","5","06","18","4","0","0","1","1","0","0"
"POINT (13.454205608000052 52.515631373000076)","Unfall 5447 (2020) Kat:3, Licht: 2","5447","3","2","5","05","23","4","0","2","1","1","0","0"
"POINT (13.419004772000051 52.540104244000077)","Unfall 5448 (2020) Kat:3, Licht: 1","5448","3","4","0","03","17","1","0","1","0","0","1","0"
"POINT (13.300869118000037 52.548232527000039)","Unfall 5449 (2020) Kat:3, Licht: 2","5449","3","6","2","09","05","3","0","2","0","1","0","0"
"POINT (13.459364101000062 52.493082457000071)","Unfall 5450 (2020) Kat:3, Licht: 2","5450","3","6","2","12","20","5","1","2","0","1","0","1"
"POINT (13.424035981000031 52.528274825000040)","Unfall 5451 (2020) Kat:3, Licht: 0","5451","3","2","5","08","18","3","0","0","1","1","0","0"
"POINT (13.366620598000054 52.472271887000034)","Unfall 5452 (2020) Kat:3, Licht: 0","5452","3","6","2","06","12","6","0","0","0","1","0","0"
"POINT (13.283442792000073 52.496933893000062)","Unfall 5453 (2020) Kat:3, Licht: 0","5453","3","6","2","10","13","7","0","0","0","1","0","0"
"POINT (13.511939561000077 52.428480376000039)","Unfall 5455 (2020) Kat:3, Licht: 0","5455","3","6","2","03","16","1","0","0","0","1","0","1"
"POINT (13.458493898000029 52.458094943000049)","Unfall 5456 (2020) Kat:2, Licht: 2","5456","2","6","0","11","05","4","0","2","0","1","0","1"
"POINT (13.412822903000063 52.544877162000034)","Unfall 5457 (2020) Kat:3, Licht: 0","5457","3","6","3","09","15","2","0","0","1","1","0","0"
"POINT (13.359024591000036 52.573392363000039)","Unfall 5458 (2020) Kat:3, Licht: 0","5458","3","2","5","08","12","1","1","0","0","1","0","1"
"POINT (13.457697495000048 52.491693002000034)","Unfall 5459 (2020) Kat:3, Licht: 0","5459","3","6","3","03","15","1","0","0","0","1","0","0"
"POINT (13.281413010000051 52.509900946000073)","Unfall 5460 (2020) Kat:3, Licht: 2","5460","3","6","2","10","19","5","1","2","0","1","0","0"
"POINT (13.384030249000034 52.457809803000032)","Unfall 5461 (2020) Kat:3, Licht: 0","5461","3","5","1","08","11","4","0","0","1","1","0","0"
"POINT (13.447954590000052 52.546874030000026)","Unfall 5462 (2020) Kat:3, Licht: 0","5462","3","2","5","07","15","3","0","0","1","1","0","0"
"POINT (13.324530084000060 52.607150632000071)","Unfall 5463 (2020) Kat:3, Licht: 0","5463","3","6","2","05","15","2","1","0","0","1","0","1"
"POINT (13.427009199000054 52.530811546000052)","Unfall 5464 (2020) Kat:3, Licht: 0","5464","3","6","2","06","14","5","0","0","1","1","0","0"
"POINT (13.462472684000033 52.488427047000073)","Unfall 5465 (2020) Kat:3, Licht: 0","5465","3","6","3","11","12","4","0","0","1","0","0","0"
"POINT (13.347653705000027 52.574477797000043)","Unfall 5466 (2020) Kat:3, Licht: 2","5466","3","2","5","03","18","1","0","2","0","1","0","0"
"POINT (13.540567591000070 52.541542160000063)","Unfall 5467 (2020) Kat:2, Licht: 2","5467","2","6","2","09","06","5","0","2","0","1","0","0"
"POINT (13.434566605000043 52.517849792000050)","Unfall 5468 (2020) Kat:3, Licht: 0","5468","3","4","6","11","09","2","0","0","1","1","1","0"
"POINT (13.368611906000069 52.506236111000078)","Unfall 5469 (2020) Kat:3, Licht: 0","5469","3","3","5","06","12","1","0","0","0","1","0","0"
"POINT (13.386039755000070 52.482146010000065)","Unfall 5471 (2020) Kat:3, Licht: 0","5471","3","6","2","03","16","7","0","0","0","1","0","0"
"POINT (13.385514281000042 52.470083031000058)","Unfall 5472 (2020) Kat:3, Licht: 2","5472","3","2","6","09","21","4","0","2","0","1","1","0"
"POINT (13.261632329000065 52.508709176000082)","Unfall 5473 (2020) Kat:3, Licht: 0","5473","3","6","3","07","07","6","0","0","1","0","0","0"
"POINT (13.389146326000059 52.495001428000080)","Unfall 5474 (2020) Kat:3, Licht: 0","5474","3","6","2","03","17","6","0","0","0","1","0","0"
"POINT (13.431620236000072 52.461860669000032)","Unfall 5475 (2020) Kat:3, Licht: 1","5475","3","6","2","10","17","5","1","1","0","1","0","0"
"POINT (13.416223699000057 52.460603154000069)","Unfall 5476 (2020) Kat:3, Licht: 2","5476","3","1","9","12","20","2","2","2","0","1","0","0"
"POINT (13.293700107000063 52.510662375000038)","Unfall 5477 (2020) Kat:3, Licht: 0","5477","3","6","3","10","14","1","1","0","0","1","0","0"
"POINT (13.400232269000071 52.415899889000059)","Unfall 5479 (2020) Kat:3, Licht: 0","5479","3","6","2","03","13","6","0","0","0","1","0","1"
"POINT (13.424631818000023 52.539661175000049)","Unfall 5480 (2020) Kat:3, Licht: 2","5480","3","6","3","11","17","4","0","2","0","1","0","1"
"POINT (13.368346539000072 52.505797779000034)","Unfall 5481 (2020) Kat:3, Licht: 0","5481","3","2","5","09","18","3","0","0","0","1","0","0"
"POINT (13.369816467000021 52.543216201000064)","Unfall 5482 (2020) Kat:3, Licht: 0","5482","3","5","1","08","08","2","0","0","1","1","0","0"
"POINT (13.556493650000050 52.560418466000044)","Unfall 5483 (2020) Kat:3, Licht: 0","5483","3","4","6","03","14","6","1","0","0","1","1","0"
"POINT (13.282961714000066 52.441840142000046)","Unfall 5484 (2020) Kat:3, Licht: 0","5484","3","2","2","10","13","6","0","0","0","1","1","0"
"POINT (13.283727397000064 52.496583674000078)","Unfall 5485 (2020) Kat:3, Licht: 0","5485","3","6","2","08","17","4","0","0","0","1","0","0"
"POINT (13.378503454000054 52.509636830000034)","Unfall 5486 (2020) Kat:3, Licht: 0","5486","3","1","0","07","18","4","1","0","0","0","0","1"
"POINT (13.320543334000035 52.512651195000046)","Unfall 5487 (2020) Kat:2, Licht: 0","5487","2","7","0","05","14","2","1","0","1","0","0","0"
"POINT (13.154612547000056 52.419056666000074)","Unfall 5488 (2020) Kat:3, Licht: 0","5488","3","3","5","06","14","6","0","0","0","1","0","0"
"POINT (13.258967865000045 52.508565209000039)","Unfall 5489 (2020) Kat:3, Licht: 0","5489","3","6","2","03","12","5","0","0","0","1","0","0"
"POINT (13.305803162000075 52.637556526000026)","Unfall 5490 (2020) Kat:3, Licht: 0","5490","3","6","2","09","15","5","0","0","0","1","0","0"
"POINT (13.289199352000026 52.510389353000051)","Unfall 5491 (2020) Kat:2, Licht: 2","5491","2","2","5","12","18","3","0","2","0","1","0","0"
"POINT (13.544799481000041 52.514737053000033)","Unfall 5492 (2020) Kat:3, Licht: 0","5492","3","6","2","06","14","2","0","0","0","1","0","1"
"POINT (13.383972941000025 52.454958280000028)","Unfall 5494 (2020) Kat:3, Licht: 0","5494","3","6","0","03","12","5","1","0","0","1","0","1"
"POINT (13.357465637000075 52.487476536000031)","Unfall 5495 (2020) Kat:3, Licht: 1","5495","3","5","1","09","21","5","0","1","1","1","0","0"
"POINT (13.240107257000034 52.472096400000055)","Unfall 5496 (2020) Kat:3, Licht: 0","5496","3","6","2","07","12","7","0","0","0","1","0","0"
"POINT (13.365499465000028 52.557981181000059)","Unfall 5497 (2020) Kat:3, Licht: 0","5497","3","3","5","03","10","5","1","0","0","1","0","0"
"POINT (13.406901730000072 52.392658492000066)","Unfall 5498 (2020) Kat:3, Licht: 0","5498","3","7","1","10","16","5","1","0","0","1","0","0"
"POINT (13.479420221000055 52.484560236000050)","Unfall 5499 (2020) Kat:3, Licht: 0","5499","3","3","5","12","13","4","0","0","0","1","0","0"
"POINT (13.454192600000056 52.515923250000071)","Unfall 5500 (2020) Kat:3, Licht: 0","5500","3","1","0","05","19","7","0","0","1","0","0","0"
"POINT (13.384216825000067 52.454750493000063)","Unfall 5501 (2020) Kat:3, Licht: 2","5501","3","6","2","08","21","7","0","2","0","1","0","0"
"POINT (13.354011910000054 52.478903192000075)","Unfall 5502 (2020) Kat:3, Licht: 0","5502","3","3","5","07","09","5","0","0","0","1","0","0"
"POINT (13.233306884000058 52.506974785000068)","Unfall 5503 (2020) Kat:3, Licht: 0","5503","3","6","2","06","17","2","0","0","0","1","0","0"
"POINT (13.299224073000062 52.511009105000028)","Unfall 5504 (2020) Kat:3, Licht: 0","5504","3","6","2","10","08","4","0","0","0","1","0","0"
"POINT (13.385705151000025 52.477929593000056)","Unfall 5505 (2020) Kat:3, Licht: 0","5505","3","6","2","03","10","5","1","0","0","1","0","0"
"POINT (13.561658000000023 52.508691343000066)","Unfall 5506 (2020) Kat:3, Licht: 0","5506","3","2","5","09","16","2","0","0","1","1","0","0"
"POINT (13.360963023000068 52.493183335000026)","Unfall 5507 (2020) Kat:3, Licht: 0","5507","3","6","2","11","09","3","0","0","0","1","0","0"
"POINT (13.398273415000062 52.576995243000056)","Unfall 5508 (2020) Kat:3, Licht: 0","5508","3","6","2","05","19","6","0","0","0","1","0","0"
"POINT (13.443691427000033 52.529890351000063)","Unfall 5509 (2020) Kat:3, Licht: 0","5509","3","5","1","08","18","7","0","0","1","1","0","0"
"POINT (13.416625614000054 52.540471809000053)","Unfall 5510 (2020) Kat:3, Licht: 0","5510","3","6","2","06","09","1","0","0","0","1","0","0"
"POINT (13.424426526000047 52.539245977000064)","Unfall 5511 (2020) Kat:3, Licht: 0","5511","3","6","2","03","15","4","0","0","1","1","0","0"
"POINT (13.282799531000023 52.505138865000049)","Unfall 5512 (2020) Kat:3, Licht: 0","5512","3","6","3","10","16","7","0","0","0","1","0","0"
"POINT (13.271401534000063 52.438246155000058)","Unfall 5513 (2020) Kat:3, Licht: 2","5513","3","2","5","12","16","5","0","2","0","1","0","0"
"POINT (13.548696344000064 52.551387455000054)","Unfall 5514 (2020) Kat:3, Licht: 0","5514","3","6","2","08","14","3","0","0","0","1","0","0"
"POINT (13.588813076000065 52.504991787000051)","Unfall 5515 (2020) Kat:3, Licht: 0","5515","3","6","2","07","13","5","0","0","0","1","0","0"
"POINT (13.402154547000066 52.586542804000032)","Unfall 5516 (2020) Kat:3, Licht: 2","5516","3","3","5","03","18","3","1","2","1","1","0","0"
"POINT (13.281257879000066 52.499086235000050)","Unfall 5517 (2020) Kat:3, Licht: 1","5517","3","6","2","10","18","6","1","1","0","1","0","0"
"POINT (13.620691240000042 52.504197733000069)","Unfall 5519 (2020) Kat:3, Licht: 1","5519","3","2","5","03","17","3","1","1","0","1","0","0"
"POINT (13.386040343000047 52.482190939000077)","Unfall 5520 (2020) Kat:3, Licht: 0","5520","3","6","2","09","17","4","0","0","0","1","0","1"
"POINT (13.178980029000058 52.516576510000050)","Unfall 5521 (2020) Kat:3, Licht: 0","5521","3","2","5","11","08","2","1","0","1","1","0","0"
"POINT (13.290856160000033 52.493705392000038)","Unfall 5522 (2020) Kat:3, Licht: 0","5522","3","6","2","09","12","7","0","0","0","1","0","0"
"POINT (13.385527605000050 52.470724651000069)","Unfall 5523 (2020) Kat:3, Licht: 0","5523","3","6","2","05","12","6","0","0","0","1","0","0"
"POINT (13.447367185000076 52.526894986000059)","Unfall 5524 (2020) Kat:3, Licht: 0","5524","3","5","3","08","16","1","0","0","1","0","0","0"
"POINT (13.359506283000030 52.489440014000081)","Unfall 5525 (2020) Kat:3, Licht: 1","5525","3","6","0","06","20","3","0","1","0","0","0","0"
"POINT (13.445339260000026 52.545945360000076)","Unfall 5526 (2020) Kat:2, Licht: 0","5526","2","4","6","03","16","3","1","0","0","1","1","0"
"POINT (13.406770610000024 52.394969146000051)","Unfall 5527 (2020) Kat:3, Licht: 2","5527","3","6","3","09","00","2","0","2","0","1","0","0"
"POINT (13.320911354000032 52.512861110000074)","Unfall 5528 (2020) Kat:3, Licht: 0","5528","3","6","3","12","15","4","1","0","0","1","0","0"
"POINT (13.271407620000048 52.438248159000068)","Unfall 5529 (2020) Kat:3, Licht: 0","5529","3","2","5","08","09","3","0","0","0","1","0","0"
"POINT (13.324931632000073 52.606661329000076)","Unfall 5530 (2020) Kat:3, Licht: 0","5530","3","3","5","06","11","5","0","0","0","1","0","0"
"POINT (13.417944390000059 52.540068420000068)","Unfall 5532 (2020) Kat:3, Licht: 0","5532","3","3","5","03","16","3","1","0","1","1","0","0"
"POINT (13.296654298000021 52.511029226000062)","Unfall 5533 (2020) Kat:3, Licht: 0","5533","3","6","3","11","08","2","0","0","1","0","0","0"
"POINT (13.368345021000039 52.506305418000068)","Unfall 5534 (2020) Kat:3, Licht: 0","5534","3","2","5","09","12","2","0","0","1","1","0","0"
"POINT (13.384153212000058 52.455126742000061)","Unfall 5535 (2020) Kat:3, Licht: 0","5535","3","6","0","08","12","7","0","0","0","1","0","1"
"POINT (13.258473205000030 52.508533952000050)","Unfall 5536 (2020) Kat:2, Licht: 0","5536","2","4","6","03","16","3","1","0","0","0","1","1"
"POINT (13.398452445000032 52.571865363000029)","Unfall 5537 (2020) Kat:3, Licht: 0","5537","3","6","3","10","16","4","1","0","1","1","0","0"
"POINT (13.417771203000029 52.376397524000026)","Unfall 5538 (2020) Kat:3, Licht: 0","5538","3","6","2","08","10","3","0","0","0","1","0","0"
"POINT (13.493127293000043 52.467800922000038)","Unfall 5539 (2020) Kat:3, Licht: 0","5539","3","3","5","07","13","2","0","0","1","1","0","0"
"POINT (13.179091535000055 52.516648970000062)","Unfall 5540 (2020) Kat:3, Licht: 0","5540","3","2","5","05","14","2","0","0","1","1","0","0"
"POINT (13.368927362000022 52.507415981000065)","Unfall 5541 (2020) Kat:3, Licht: 0","5541","3","2","5","06","18","5","1","0","1","1","0","0"
"POINT (13.430189994000045 52.533917146000078)","Unfall 5542 (2020) Kat:3, Licht: 0","5542","3","5","1","11","14","3","0","0","1","0","0","0"
"POINT (13.385709447000067 52.467649161000054)","Unfall 5543 (2020) Kat:3, Licht: 0","5543","3","6","2","03","13","3","1","0","0","1","0","0"
"POINT (13.463691854000047 52.487609422000048)","Unfall 5544 (2020) Kat:3, Licht: 0","5544","3","6","0","09","16","4","0","0","0","1","0","0"
"POINT (13.353723603000049 52.484993760000066)","Unfall 5545 (2020) Kat:3, Licht: 2","5545","3","5","1","11","17","2","0","2","1","1","0","0"
"POINT (13.300922966000030 52.511312388000078)","Unfall 5546 (2020) Kat:3, Licht: 0","5546","3","5","1","06","10","7","0","0","0","1","0","0"
"POINT (13.452273160000061 52.515906363000056)","Unfall 5547 (2020) Kat:3, Licht: 0","5547","3","6","0","03","12","3","1","0","0","1","0","1"
"POINT (13.370158474000050 52.539977362000059)","Unfall 5548 (2020) Kat:3, Licht: 0","5548","3","2","5","09","09","4","0","0","1","1","0","0"
"POINT (13.365268218000040 52.558030166000037)","Unfall 5549 (2020) Kat:3, Licht: 0","5549","3","2","0","07","16","5","0","0","0","1","0","1"
"POINT (13.542265521000047 52.543807856000058)","Unfall 5550 (2020) Kat:3, Licht: 0","5550","3","6","2","03","12","3","1","0","0","1","0","0"
"POINT (13.375757428000043 52.509345037000060)","Unfall 5551 (2020) Kat:3, Licht: 0","5551","3","2","5","10","08","4","0","0","1","1","0","0"
"POINT (13.347641315000033 52.574347815000067)","Unfall 5552 (2020) Kat:3, Licht: 0","5552","3","2","0","12","13","5","1","0","0","1","0","1"
"POINT (13.581390020000072 52.505085721000057)","Unfall 5553 (2020) Kat:2, Licht: 0","5553","2","3","5","08","16","5","0","0","1","1","0","0"
"POINT (13.260701583000071 52.434955656000056)","Unfall 5554 (2020) Kat:2, Licht: 0","5554","2","2","6","07","20","2","1","0","1","0","1","0"
"POINT (13.377168431000030 52.432461963000037)","Unfall 5555 (2020) Kat:3, Licht: 0","5555","3","2","2","05","16","6","0","0","0","1","0","1"
"POINT (13.420019292000063 52.521074153000029)","Unfall 5556 (2020) Kat:3, Licht: 0","5556","3","6","3","10","08","3","0","0","1","1","0","1"
"POINT (13.284465115000046 52.509778253000036)","Unfall 5557 (2020) Kat:2, Licht: 0","5557","2","6","3","03","16","2","0","0","0","1","0","1"
"POINT (13.385583641000039 52.472824443000036)","Unfall 5558 (2020) Kat:3, Licht: 0","5558","3","6","2","09","17","7","0","0","0","1","0","0"
"POINT (13.428420937000055 52.537905826000042)","Unfall 5559 (2020) Kat:3, Licht: 0","5559","3","3","5","11","11","6","0","0","1","1","0","0"
"POINT (13.515221248000046 52.452723781000032)","Unfall 5560 (2020) Kat:2, Licht: 0","5560","2","6","3","05","13","5","0","0","0","0","0","1"
"POINT (13.377706103000037 52.433594065000079)","Unfall 5561 (2020) Kat:3, Licht: 0","5561","3","3","5","08","14","5","0","0","0","1","0","1"
"POINT (13.444934201000024 52.545759383000075)","Unfall 5562 (2020) Kat:3, Licht: 0","5562","3","6","2","06","13","6","0","0","0","0","0","0"
"POINT (13.428821879000054 52.572719805000077)","Unfall 5563 (2020) Kat:3, Licht: 0","5563","3","3","5","03","16","2","1","0","1","1","0","0"
"POINT (13.453581105000069 52.518418182000062)","Unfall 5564 (2020) Kat:3, Licht: 0","5564","3","2","5","10","12","6","0","0","1","1","0","0"
"POINT (13.339795539000022 52.478570236000053)","Unfall 5565 (2020) Kat:3, Licht: 1","5565","3","6","2","12","15","3","0","1","0","1","0","0"
"POINT (13.362450028000069 52.498812026000053)","Unfall 5566 (2020) Kat:3, Licht: 0","5566","3","6","2","08","17","1","0","0","0","1","0","0"
"POINT (13.344883693000043 52.478039524000053)","Unfall 5567 (2020) Kat:2, Licht: 2","5567","2","1","9","06","23","2","0","2","0","1","0","0"
"POINT (13.348562776000051 52.481861979000030)","Unfall 5568 (2020) Kat:3, Licht: 0","5568","3","2","5","03","10","2","1","0","1","0","0","0"
"POINT (13.460087047000059 52.493622500000072)","Unfall 5569 (2020) Kat:3, Licht: 0","5569","3","6","2","10","10","4","1","0","0","1","0","0"
"POINT (13.367908523000040 52.505563960000075)","Unfall 5571 (2020) Kat:3, Licht: 0","5571","3","4","6","03","07","2","1","0","0","0","1","0"
"POINT (13.365256988000056 52.558088393000048)","Unfall 5572 (2020) Kat:3, Licht: 0","5572","3","3","5","09","13","2","0","0","1","1","0","0"
"POINT (13.453773421000051 52.515714036000077)","Unfall 5573 (2020) Kat:3, Licht: 0","5573","3","2","5","11","12","6","0","0","1","0","0","0"
"POINT (13.381512461000057 52.516676784000026)","Unfall 5574 (2020) Kat:3, Licht: 0","5574","3","6","2","09","10","6","0","0","1","0","0","0"
"POINT (13.364165602000071 52.515462518000049)","Unfall 5575 (2020) Kat:3, Licht: 0","5575","3","6","3","08","18","6","0","0","1","0","0","0"
"POINT (13.367827988000045 52.550596251000059)","Unfall 5576 (2020) Kat:3, Licht: 2","5576","3","3","2","07","22","3","1","2","0","1","0","0"
"POINT (13.427529830000026 52.518681231000073)","Unfall 5577 (2020) Kat:3, Licht: 0","5577","3","6","2","05","17","7","0","0","0","1","0","0"
"POINT (13.461992986000041 52.453238301000056)","Unfall 5578 (2020) Kat:3, Licht: 0","5578","3","6","2","10","07","3","0","0","0","1","0","0"
"POINT (13.270578046000026 52.509255876000054)","Unfall 5579 (2020) Kat:2, Licht: 2","5579","2","1","0","03","03","1","1","2","0","0","0","1"
"POINT (13.298322065000036 52.489316649000045)","Unfall 5580 (2020) Kat:3, Licht: 0","5580","3","6","2","09","15","1","0","0","0","1","0","0"
"POINT (13.401715230000036 52.590046797000070)","Unfall 5581 (2020) Kat:3, Licht: 0","5581","3","2","5","11","10","2","0","0","1","1","0","0"
"POINT (13.424051780000070 52.539093674000071)","Unfall 5582 (2020) Kat:3, Licht: 0","5582","3","2","5","05","18","5","0","0","1","1","0","0"
"POINT (13.386518130000070 52.442161434000070)","Unfall 5583 (2020) Kat:3, Licht: 0","5583","3","3","5","08","18","5","0","0","0","1","0","1"
"POINT (13.474124278000033 52.513835375000042)","Unfall 5584 (2020) Kat:3, Licht: 0","5584","3","1","3","06","12","7","0","0","0","1","0","1"
"POINT (13.420133563000036 52.525116104000062)","Unfall 5585 (2020) Kat:3, Licht: 0","5585","3","2","3","03","14","7","0","0","0","1","0","0"
"POINT (13.282665422000036 52.528137749000052)","Unfall 5586 (2020) Kat:3, Licht: 2","5586","3","6","2","10","19","6","0","2","0","1","0","0"
"POINT (13.286782440000025 52.513523309000050)","Unfall 5587 (2020) Kat:3, Licht: 0","5587","3","6","2","12","11","5","0","0","0","1","0","0"
"POINT (13.414793908000036 52.555029084000068)","Unfall 5588 (2020) Kat:2, Licht: 0","5588","2","2","5","08","09","2","0","0","1","1","0","0"
"POINT (13.424551008000037 52.538946900000042)","Unfall 5589 (2020) Kat:1, Licht: 2","5589","1","1","9","07","00","4","0","2","0","0","0","1"
"POINT (13.428283497000052 52.531898646000059)","Unfall 5590 (2020) Kat:3, Licht: 2","5590","3","2","2","03","01","7","1","2","1","1","0","0"
"POINT (13.281836252000062 52.498116153000069)","Unfall 5591 (2020) Kat:3, Licht: 0","5591","3","6","2","10","16","5","0","0","0","1","0","0"
"POINT (13.326011665000067 52.605313790000082)","Unfall 5593 (2020) Kat:3, Licht: 2","5593","3","6","2","03","18","6","1","2","0","1","0","0"
"POINT (13.624346447000050 52.503769778000049)","Unfall 5594 (2020) Kat:3, Licht: 0","5594","3","6","2","09","15","3","0","0","0","1","0","1"
"POINT (13.312366728000029 52.624136716000066)","Unfall 5595 (2020) Kat:3, Licht: 0","5595","3","7","2","11","14","1","0","0","0","1","0","0"
"POINT (13.369342659000040 52.547111375000043)","Unfall 5596 (2020) Kat:3, Licht: 0","5596","3","6","2","09","17","6","0","0","0","1","0","1"
"POINT (13.419548104000057 52.525136309000061)","Unfall 5597 (2020) Kat:3, Licht: 0","5597","3","6","2","05","18","5","0","0","0","1","0","1"
"POINT (13.364897571000029 52.502166030000069)","Unfall 5598 (2020) Kat:3, Licht: 0","5598","3","2","0","08","11","7","1","0","0","1","0","1"