WKT,Name,OBJECTID,UKATEGORIE,UTYP1,UART,UMONAT,USTUNDE,UWOCHENTAG,STRZUSTAND,ULICHTVERH,ISTRAD,ISTPKW,ISTFUSS,ISTKRAD
"POINT (13.282145803000049 52.509949010000071)","Unfall 5599 (2020) Kat:3, Licht: 0","5599","3","7","6","07","18","3","0","0","0","0","1","0"
"POINT (13.262733350000076 52.490983302000075)","Unfall 5600 (2020) Kat:3, Licht: 0","5600","3","6","3","06","10","3","0","0","0","1","0","0"
"POINT (13.499193364000064 52.463765080000030)","Unfall 5601 (2020) Kat:3, Licht: 1","5601","3","3","5","03","17","6","1","1","1","1","0","0"
"POINT (13.290162343000077 52.494039084000065)","Unfall 5602 (2020) Kat:3, Licht: 2","5602","3","1","9","09","21","7","1","2","0","1","0","0"
"POINT (13.238950742000043 52.471176840000055)","Unfall 5603 (2020) Kat:3, Licht: 0","5603","3","6","0","12","08","2","0","0","0","1","0","0"
"POINT (13.448652764000030 52.505115410000030)","Unfall 5604 (2020) Kat:2, Licht: 0","5604","2","4","6","06","08","4","0","0","1","0","1","0"
"POINT (13.271236685000076 52.438381728000081)","Unfall 5606 (2020) Kat:3, Licht: 0","5606","3","1","8","03","15","6","1","0","1","1","0","0"
"POINT (13.479448692000062 52.484504034000054)","Unfall 5607 (2020) Kat:3, Licht: 0","5607","3","3","5","11","08","2","0","0","1","0","0","0"
"POINT (13.357413508000036 52.514923789000079)","Unfall 5608 (2020) Kat:2, Licht: 2","5608","2","1","0","09","23","7","0","2","0","0","0","0"
"POINT (13.191671439000061 52.419725233000065)","Unfall 5609 (2020) Kat:2, Licht: 0","5609","2","1","0","07","17","6","0","0","1","0","0","0"
"POINT (13.284061003000033 52.496142727000063)","Unfall 5610 (2020) Kat:3, Licht: 0","5610","3","6","2","03","15","6","1","0","0","1","0","0"
"POINT (13.385741313000040 52.469482066000069)","Unfall 5611 (2020) Kat:3, Licht: 1","5611","3","2","0","10","07","4","1","1","0","0","0","0"
"POINT (13.126163144000031 52.478540387000066)","Unfall 5612 (2020) Kat:3, Licht: 0","5612","3","3","5","08","16","3","0","0","0","1","0","0"
"POINT (13.445269193000058 52.545653764000065)","Unfall 5613 (2020) Kat:3, Licht: 2","5613","3","1","0","07","02","1","0","2","0","0","0","0"
"POINT (13.456821828000045 52.515600593000045)","Unfall 5614 (2020) Kat:3, Licht: 0","5614","3","6","0","05","12","2","1","0","0","1","0","1"
"POINT (13.514590951000059 52.509923820000040)","Unfall 5615 (2020) Kat:2, Licht: 0","5615","2","6","3","06","16","4","0","0","0","1","0","1"
"POINT (13.448484990000054 52.504847078000068)","Unfall 5616 (2020) Kat:3, Licht: 0","5616","3","1","0","11","10","2","0","0","1","0","0","0"
"POINT (13.414121843000032 52.557730419000052)","Unfall 5617 (2020) Kat:3, Licht: 0","5617","3","2","5","03","08","6","1","0","1","1","0","0"
"POINT (13.308585615000027 52.565764617000070)","Unfall 5618 (2020) Kat:2, Licht: 1","5618","2","6","2","09","19","4","0","1","0","0","0","1"
"POINT (13.447620192000045 52.526140389000034)","Unfall 5619 (2020) Kat:3, Licht: 0","5619","3","6","3","11","14","7","0","0","1","1","0","0"
"POINT (13.291234508000059 52.533942448000062)","Unfall 5620 (2020) Kat:3, Licht: 0","5620","3","6","2","06","12","6","0","0","0","1","0","0"
"POINT (13.453727466000032 52.515975292000064)","Unfall 5621 (2020) Kat:3, Licht: 0","5621","3","2","5","03","14","6","1","0","1","0","0","0"
"POINT (13.508923938000066 52.457208159000061)","Unfall 5622 (2020) Kat:3, Licht: 0","5622","3","6","2","09","07","3","0","0","0","1","0","0"
"POINT (13.321477971000036 52.512038654000037)","Unfall 5623 (2020) Kat:3, Licht: 0","5623","3","6","4","07","18","4","0","0","1","0","0","0"
"POINT (13.389062579000040 52.497216502000072)","Unfall 5624 (2020) Kat:3, Licht: 2","5624","3","6","3","03","18","5","0","2","1","0","0","0"
"POINT (13.286020101000076 52.510954017000074)","Unfall 5625 (2020) Kat:3, Licht: 0","5625","3","6","2","10","15","4","1","0","0","1","0","0"
"POINT (13.412322060000065 52.519411500000047)","Unfall 5626 (2020) Kat:3, Licht: 0","5626","3","6","3","12","10","4","1","0","1","1","0","0"
"POINT (13.363953724000055 52.534888362000061)","Unfall 5627 (2020) Kat:3, Licht: 0","5627","3","6","3","08","18","4","0","0","0","1","0","1"
"POINT (13.260199275000048 52.435050474000036)","Unfall 5628 (2020) Kat:2, Licht: 0","5628","2","4","6","07","11","2","0","0","1","0","1","0"
"POINT (13.308907376000036 52.557231398000056)","Unfall 5629 (2020) Kat:3, Licht: 0","5629","3","6","2","05","16","5","0","0","0","1","0","0"
"POINT (13.451988174000064 52.516087990000074)","Unfall 5630 (2020) Kat:3, Licht: 2","5630","3","6","0","10","00","2","0","2","0","1","0","0"
"POINT (13.423667264000073 52.527984468000056)","Unfall 5632 (2020) Kat:3, Licht: 0","5632","3","3","5","03","15","5","0","0","1","0","0","0"
"POINT (13.444955382000046 52.545769109000048)","Unfall 5633 (2020) Kat:3, Licht: 0","5633","3","6","2","09","16","6","0","0","0","1","0","0"
"POINT (13.386053623000066 52.483205820000080)","Unfall 5634 (2020) Kat:3, Licht: 2","5634","3","2","5","11","18","4","0","2","1","1","0","0"
"POINT (13.216366393000044 52.509121342000071)","Unfall 5635 (2020) Kat:3, Licht: 0","5635","3","6","2","05","08","5","0","0","0","1","0","0"
"POINT (13.359071621000055 52.573380026000052)","Unfall 5636 (2020) Kat:3, Licht: 0","5636","3","2","5","08","06","4","1","0","1","1","0","0"
"POINT (13.453836077000062 52.549005339000075)","Unfall 5637 (2020) Kat:3, Licht: 0","5637","3","7","0","06","10","5","1","0","0","1","0","1"
"POINT (13.459062265000057 52.492859342000031)","Unfall 5638 (2020) Kat:2, Licht: 0","5638","2","2","5","05","14","3","0","0","1","0","0","0"
"POINT (13.389046079000025 52.494887256000027)","Unfall 5639 (2020) Kat:3, Licht: 0","5639","3","6","2","03","12","5","0","0","0","1","0","0"
"POINT (13.398743791000072 52.575597474000062)","Unfall 5640 (2020) Kat:3, Licht: 0","5640","3","3","5","10","08","5","0","0","1","1","0","0"
"POINT (13.448143820000041 52.546959471000037)","Unfall 5641 (2020) Kat:3, Licht: 0","5641","3","6","3","12","13","2","1","0","1","0","0","0"
"POINT (13.197250830000030 52.438202414000045)","Unfall 5642 (2020) Kat:3, Licht: 0","5642","3","6","2","08","17","6","0","0","0","1","0","0"
"POINT (13.364141310000036 52.563975606000042)","Unfall 5643 (2020) Kat:3, Licht: 0","5643","3","4","6","06","14","2","0","0","1","0","1","0"
"POINT (13.365260577000072 52.558069782000075)","Unfall 5644 (2020) Kat:2, Licht: 0","5644","2","3","5","03","11","5","0","0","0","1","0","1"
"POINT (13.286673286000052 52.510231669000063)","Unfall 5645 (2020) Kat:3, Licht: 0","5645","3","7","0","10","15","2","0","0","1","1","0","0"
"POINT (13.429234158000042 52.573383658000068)","Unfall 5647 (2020) Kat:3, Licht: 0","5647","3","3","5","03","09","5","0","0","1","1","0","0"
"POINT (13.453604973000040 52.518451363000054)","Unfall 5648 (2020) Kat:3, Licht: 2","5648","3","3","5","11","18","6","0","2","1","1","0","0"
"POINT (13.302665882000042 52.575210900000059)","Unfall 5649 (2020) Kat:3, Licht: 1","5649","3","6","3","09","20","5","0","1","0","1","0","0"
"POINT (13.413725281000040 52.550571972000057)","Unfall 5650 (2020) Kat:3, Licht: 0","5650","3","3","5","03","09","5","0","0","1","0","0","0"
"POINT (13.444635775000052 52.545622364000053)","Unfall 5651 (2020) Kat:3, Licht: 2","5651","3","2","5","05","00","5","0","2","1","1","0","0"
"POINT (13.419940638000071 52.524951441000042)","Unfall 5652 (2020) Kat:3, Licht: 0","5652","3","2","5","08","18","5","0","0","1","1","0","0"
"POINT (13.214527695000072 52.509495354000080)","Unfall 5653 (2020) Kat:3, Licht: 2","5653","3","1","0","07","21","7","0","2","1","0","0","0"
"POINT (13.299360023000077 52.488559418000079)","Unfall 5654 (2020) Kat:3, Licht: 1","5654","3","6","3","06","21","7","0","1","0","1","0","0"
"POINT (13.362263932000076 52.498360344000048)","Unfall 5655 (2020) Kat:3, Licht: 0","5655","3","6","3","03","08","5","0","0","1","1","0","0"
"POINT (13.343694413000037 52.583157042000039)","Unfall 5656 (2020) Kat:2, Licht: 2","5656","2","3","5","09","05","5","0","2","0","1","0","1"
"POINT (13.536903117000065 52.530137759000070)","Unfall 5657 (2020) Kat:3, Licht: 0","5657","3","7","5","12","12","7","0","0","0","1","0","0"
"POINT (13.284760961000075 52.495500357000026)","Unfall 5658 (2020) Kat:3, Licht: 0","5658","3","6","3","06","10","3","0","0","0","1","0","0"
"POINT (13.280282351000039 52.500023546000079)","Unfall 5660 (2020) Kat:3, Licht: 0","5660","3","6","2","03","12","4","1","0","0","0","0","0"
"POINT (13.340571561000047 52.513782830000082)","Unfall 5661 (2020) Kat:3, Licht: 0","5661","3","7","1","09","15","6","0","0","0","1","0","0"
"POINT (13.479463987000031 52.484511321000070)","Unfall 5662 (2020) Kat:3, Licht: 0","5662","3","3","5","07","13","3","0","0","1","1","0","0"
"POINT (13.444969264000065 52.545517464000056)","Unfall 5663 (2020) Kat:3, Licht: 0","5663","3","2","5","03","09","4","0","0","0","1","0","0"
"POINT (13.365536162000069 52.472769819000064)","Unfall 5664 (2020) Kat:3, Licht: 0","5664","3","6","2","10","17","6","0","0","0","1","0","0"
"POINT (13.399755242000026 52.417329736000056)","Unfall 5665 (2020) Kat:3, Licht: 0","5665","3","7","5","08","18","1","0","0","0","1","0","0"
"POINT (13.458827610000071 52.490941997000050)","Unfall 5666 (2020) Kat:3, Licht: 0","5666","3","6","2","07","14","6","1","0","0","1","0","0"
"POINT (13.540214526000057 52.509895233000066)","Unfall 5667 (2020) Kat:2, Licht: 2","5667","2","5","1","06","03","3","0","2","0","1","0","0"
"POINT (13.358836373000031 52.488703302000033)","Unfall 5668 (2020) Kat:3, Licht: 0","5668","3","6","2","03","09","4","0","0","0","1","0","0"
"POINT (13.368552416000057 52.541206093000028)","Unfall 5669 (2020) Kat:3, Licht: 0","5669","3","2","5","05","15","4","0","0","1","1","0","0"
"POINT (13.360879005000072 52.492182972000080)","Unfall 5670 (2020) Kat:2, Licht: 0","5670","2","3","5","08","14","6","0","0","1","0","0","0"
"POINT (13.370933149000052 52.508931183000072)","Unfall 5671 (2020) Kat:3, Licht: 0","5671","3","1","0","07","12","3","0","0","0","0","0","1"
"POINT (13.388689868000029 52.498151889000042)","Unfall 5672 (2020) Kat:3, Licht: 0","5672","3","3","5","06","13","1","0","0","0","1","0","0"
"POINT (13.316411124000069 52.614031783000030)","Unfall 5673 (2020) Kat:3, Licht: 0","5673","3","3","5","03","09","4","0","0","0","1","0","0"
"POINT (13.362370554000051 52.473963420000075)","Unfall 5674 (2020) Kat:3, Licht: 0","5674","3","6","2","09","15","6","0","0","0","1","0","0"
"POINT (13.386660431000053 52.441760643000066)","Unfall 5675 (2020) Kat:3, Licht: 0","5675","3","5","1","12","14","2","1","0","1","1","0","0"
"POINT (13.348308258000031 52.481764233000035)","Unfall 5676 (2020) Kat:3, Licht: 0","5676","3","4","6","06","15","4","0","0","0","1","1","0"
"POINT (13.493417514000043 52.511893221000037)","Unfall 5678 (2020) Kat:2, Licht: 0","5678","2","7","1","03","08","4","0","0","1","0","0","1"
"POINT (13.445275658000071 52.545916158000068)","Unfall 5679 (2020) Kat:2, Licht: 0","5679","2","4","6","11","13","5","0","0","0","1","1","0"
"POINT (13.286254079000059 52.532197147000034)","Unfall 5680 (2020) Kat:2, Licht: 0","5680","2","6","2","09","16","7","0","0","0","1","0","0"
"POINT (13.389252807000048 52.497534807000079)","Unfall 5681 (2020) Kat:3, Licht: 0","5681","3","2","5","07","15","5","0","0","1","1","0","0"
"POINT (13.281408568000074 52.509900657000060)","Unfall 5682 (2020) Kat:3, Licht: 0","5682","3","6","2","03","07","4","0","0","0","1","0","1"
"POINT (13.561492706000024 52.508583378000026)","Unfall 5683 (2020) Kat:3, Licht: 2","5683","3","2","5","10","20","1","0","2","0","1","0","0"
"POINT (13.429626138000060 52.555047872000046)","Unfall 5684 (2020) Kat:2, Licht: 0","5684","2","6","3","08","10","2","0","0","0","0","0","1"
"POINT (13.408266288000050 52.388406674000066)","Unfall 5685 (2020) Kat:3, Licht: 0","5685","3","7","5","07","14","7","0","0","1","1","0","0"
"POINT (13.459835786000042 52.515285897000069)","Unfall 5686 (2020) Kat:3, Licht: 0","5686","3","7","0","06","17","3","0","0","1","0","0","0"
"POINT (13.550765351000052 52.553481009000052)","Unfall 5687 (2020) Kat:3, Licht: 2","5687","3","1","0","10","18","7","1","2","1","0","0","0"
"POINT (13.364189132000035 52.563737597000056)","Unfall 5688 (2020) Kat:2, Licht: 1","5688","2","2","5","03","17","3","0","1","1","0","0","0"
"POINT (13.357732609000038 52.487777634000054)","Unfall 5689 (2020) Kat:3, Licht: 0","5689","3","6","2","09","14","3","0","0","0","1","0","1"
"POINT (13.283109308000064 52.518907531000082)","Unfall 5690 (2020) Kat:3, Licht: 2","5690","3","6","2","11","17","6","1","2","0","1","0","0"
"POINT (13.483035784000037 52.574657892000062)","Unfall 5691 (2020) Kat:3, Licht: 0","5691","3","2","5","06","13","5","0","0","1","1","0","0"
"POINT (13.465001133000044 52.486737624000057)","Unfall 5692 (2020) Kat:2, Licht: 0","5692","2","2","0","03","15","3","1","0","0","1","0","0"
"POINT (13.386055809000027 52.483440169000062)","Unfall 5693 (2020) Kat:3, Licht: 0","5693","3","6","2","08","14","2","0","0","0","1","0","0"
"POINT (13.450094682000042 52.523178895000058)","Unfall 5694 (2020) Kat:3, Licht: 0","5694","3","7","6","07","09","4","0","0","1","0","1","0"
"POINT (13.353784835000056 52.485021858000039)","Unfall 5695 (2020) Kat:3, Licht: 0","5695","3","5","1","06","19","3","0","0","1","1","0","0"
"POINT (13.387128108000070 52.440141442000026)","Unfall 5696 (2020) Kat:3, Licht: 2","5696","3","2","6","03","05","2","1","2","0","1","1","0"
"POINT (13.126127998000072 52.478533104000064)","Unfall 5697 (2020) Kat:3, Licht: 0","5697","3","2","5","10","14","3","0","0","1","1","0","0"
"POINT (13.288615007000033 52.494079009000075)","Unfall 5698 (2020) Kat:3, Licht: 0","5698","3","6","2","12","15","3","1","0","0","1","0","0"
"POINT (13.510615246000043 52.456018915000072)","Unfall 5699 (2020) Kat:3, Licht: 0","5699","3","6","2","08","18","4","0","0","1","0","0","0"
"POINT (13.548023491000038 52.550595922000070)","Unfall 5700 (2020) Kat:3, Licht: 0","5700","3","3","5","07","08","1","0","0","1","0","0","0"
"POINT (13.380565023000031 52.499244350000026)","Unfall 5701 (2020) Kat:3, Licht: 0","5701","3","2","5","05","09","4","0","0","1","1","0","0"
"POINT (13.380655994000051 52.438125002000049)","Unfall 5702 (2020) Kat:3, Licht: 0","5702","3","6","2","10","07","2","1","0","0","1","0","0"
"POINT (13.477451604000066 52.513512871000046)","Unfall 5704 (2020) Kat:2, Licht: 0","5704","2","1","8","03","07","2","0","0","0","0","0","1"
"POINT (13.322925792000035 52.512434412000061)","Unfall 5705 (2020) Kat:3, Licht: 0","5705","3","6","2","09","17","5","0","0","0","1","0","0"
"POINT (13.365006619000042 52.560565339000050)","Unfall 5706 (2020) Kat:2, Licht: 0","5706","2","7","6","11","14","3","1","0","0","1","1","0"
"POINT (13.196923096000035 52.416773332000048)","Unfall 5707 (2020) Kat:3, Licht: 0","5707","3","6","2","05","11","4","0","0","0","1","0","0"
"POINT (13.152137002000075 52.418796429000054)","Unfall 5708 (2020) Kat:3, Licht: 0","5708","3","1","0","08","13","3","0","0","0","0","0","1"
"POINT (13.413872206000065 52.551358955000069)","Unfall 5709 (2020) Kat:3, Licht: 0","5709","3","1","1","06","17","5","1","0","1","0","0","1"
"POINT (13.480108338000036 52.513239556000030)","Unfall 5710 (2020) Kat:3, Licht: 0","5710","3","6","3","05","12","3","0","0","0","1","0","1"
"POINT (13.487086855000030 52.624557403000040)","Unfall 5711 (2020) Kat:2, Licht: 0","5711","2","6","2","03","07","2","1","0","0","1","0","0"
"POINT (13.428595053000038 52.537580026000057)","Unfall 5712 (2020) Kat:3, Licht: 0","5712","3","2","5","09","16","4","0","0","1","0","0","1"
"POINT (13.359305836000033 52.515043033000040)","Unfall 5713 (2020) Kat:2, Licht: 2","5713","2","1","0","12","01","7","0","2","1","0","0","0"
"POINT (13.126292426000077 52.478574794000053)","Unfall 5714 (2020) Kat:3, Licht: 0","5714","3","3","5","08","15","5","0","0","1","1","0","0"
"POINT (13.408433197000022 52.521960544000081)","Unfall 5715 (2020) Kat:3, Licht: 2","5715","3","1","0","06","02","1","0","2","0","0","0","0"
"POINT (13.281143305000057 52.502634620000038)","Unfall 5716 (2020) Kat:3, Licht: 1","5716","3","3","5","10","17","2","0","1","0","1","0","0"
"POINT (13.420285213000057 52.525244715000042)","Unfall 5718 (2020) Kat:3, Licht: 0","5718","3","6","2","03","13","2","0","0","0","1","0","0"
"POINT (13.347648481000022 52.574409665000076)","Unfall 5719 (2020) Kat:3, Licht: 0","5719","3","2","5","11","08","5","0","0","0","1","0","0"
"POINT (13.431038290000060 52.518073826000034)","Unfall 5720 (2020) Kat:3, Licht: 0","5720","3","7","0","09","15","3","0","0","1","0","0","0"
"POINT (13.525234587000057 52.509894370000040)","Unfall 5721 (2020) Kat:2, Licht: 2","5721","2","6","1","03","00","1","1","2","0","1","0","0"
"POINT (13.488271154000074 52.512413124000034)","Unfall 5722 (2020) Kat:3, Licht: 0","5722","3","6","4","10","11","7","0","0","1","0","0","0"
"POINT (13.340567358000044 52.587229419000039)","Unfall 5723 (2020) Kat:3, Licht: 0","5723","3","3","5","08","13","5","0","0","1","1","0","0"
"POINT (13.363338745000021 52.500361649000070)","Unfall 5724 (2020) Kat:3, Licht: 0","5724","3","5","5","07","13","5","1","0","1","1","0","0"
"POINT (13.453765532000034 52.515835697000057)","Unfall 5725 (2020) Kat:3, Licht: 0","5725","3","3","5","05","11","1","0","0","1","1","0","0"
"POINT (13.374115106000033 52.470575324000038)","Unfall 5726 (2020) Kat:3, Licht: 0","5726","3","6","2","06","18","6","0","0","0","1","0","0"
"POINT (13.380554940000025 52.499245646000077)","Unfall 5727 (2020) Kat:3, Licht: 2","5727","3","3","5","02","05","7","1","2","0","1","0","0"
"POINT (13.444917718000056 52.545751815000074)","Unfall 5728 (2020) Kat:3, Licht: 0","5728","3","6","2","09","16","5","0","0","0","1","0","1"
"POINT (13.438640690000057 52.541195443000049)","Unfall 5729 (2020) Kat:3, Licht: 2","5729","3","1","0","12","05","4","1","2","1","0","0","0"
"POINT (13.424030751000032 52.539097275000074)","Unfall 5730 (2020) Kat:3, Licht: 0","5730","3","2","5","06","15","3","0","0","1","1","0","0"
"POINT (13.410692291000032 52.523197375000052)","Unfall 5732 (2020) Kat:2, Licht: 2","5732","2","6","3","02","19","7","1","2","1","1","0","0"
"POINT (13.439180349000026 52.541241680000041)","Unfall 5733 (2020) Kat:3, Licht: 0","5733","3","2","5","09","07","6","0","0","1","1","0","0"
"POINT (13.410996320000038 52.386010356000043)","Unfall 5734 (2020) Kat:3, Licht: 2","5734","3","1","0","07","00","1","0","2","1","0","0","0"
"POINT (13.365501487000074 52.557971259000055)","Unfall 5735 (2020) Kat:2, Licht: 1","5735","2","3","5","02","16","7","0","1","0","1","0","0"
"POINT (13.386113430000023 52.444278997000026)","Unfall 5736 (2020) Kat:3, Licht: 0","5736","3","7","6","10","15","6","0","0","1","0","1","0"
"POINT (13.347741537000047 52.574413175000075)","Unfall 5737 (2020) Kat:3, Licht: 0","5737","3","3","5","12","12","4","0","0","0","1","0","0"
"POINT (13.417235886000071 52.460760807000042)","Unfall 5738 (2020) Kat:3, Licht: 0","5738","3","6","3","08","10","1","0","0","0","1","0","0"
"POINT (13.315235366000024 52.618250445000058)","Unfall 5739 (2020) Kat:3, Licht: 0","5739","3","3","5","07","16","5","1","0","1","1","0","0"
"POINT (13.279736332000027 52.509792011000059)","Unfall 5740 (2020) Kat:3, Licht: 0","5740","3","3","0","05","13","1","1","0","1","1","0","0"
"POINT (13.283668672000033 52.496661292000056)","Unfall 5741 (2020) Kat:3, Licht: 0","5741","3","6","2","06","14","2","0","0","0","1","0","0"
"POINT (13.445000087000039 52.545531471000061)","Unfall 5742 (2020) Kat:3, Licht: 2","5742","3","6","2","10","16","4","1","2","0","1","0","0"
"POINT (13.422574095000073 52.520021063000058)","Unfall 5743 (2020) Kat:3, Licht: 0","5743","3","6","4","02","16","7","0","0","1","0","0","0"
"POINT (13.356492936000052 52.473619849000045)","Unfall 5744 (2020) Kat:3, Licht: 0","5744","3","3","5","09","13","2","0","0","0","1","0","0"
"POINT (13.378427592000037 52.500023477000070)","Unfall 5745 (2020) Kat:3, Licht: 0","5745","3","7","0","11","11","3","0","0","1","0","0","0"
"POINT (13.413753752000048 52.550739936000070)","Unfall 5746 (2020) Kat:3, Licht: 0","5746","3","2","5","06","08","4","0","0","1","1","0","0"
"POINT (13.446469946000036 52.463158166000028)","Unfall 5747 (2020) Kat:3, Licht: 2","5747","3","6","3","08","22","7","0","2","0","1","0","0"
"POINT (13.315273523000030 52.618212260000064)","Unfall 5748 (2020) Kat:3, Licht: 0","5748","3","3","0","06","08","2","0","0","1","1","0","0"
"POINT (13.418866401000059 52.540126313000030)","Unfall 5749 (2020) Kat:3, Licht: 0","5749","3","4","6","02","13","7","0","0","0","0","1","0"
"POINT (13.283481493000068 52.529376057000036)","Unfall 5750 (2020) Kat:3, Licht: 0","5750","3","6","2","10","13","1","0","0","0","1","0","0"
"POINT (13.606412874000057 52.504952521000064)","Unfall 5751 (2020) Kat:3, Licht: 0","5751","3","2","5","12","14","6","0","0","0","1","0","0"
"POINT (13.359484971000029 52.489716734000069)","Unfall 5752 (2020) Kat:2, Licht: 0","5752","2","5","1","08","18","3","0","0","1","1","0","0"
"POINT (13.363716864000025 52.565142875000049)","Unfall 5753 (2020) Kat:3, Licht: 0","5753","3","2","5","07","16","5","0","0","1","1","0","0"
"POINT (13.389009578000071 52.498085827000068)","Unfall 5754 (2020) Kat:3, Licht: 0","5754","3","3","5","10","11","6","0","0","1","1","0","0"
"POINT (13.364409415000068 52.563763951000055)","Unfall 5756 (2020) Kat:3, Licht: 0","5756","3","2","5","02","15","6","0","0","1","1","0","0"
"POINT (13.260942577000037 52.608058932000063)","Unfall 5757 (2020) Kat:3, Licht: 0","5757","3","6","2","09","14","4","0","0","0","1","0","0"
"POINT (13.378295229000059 52.434825134000050)","Unfall 5758 (2020) Kat:3, Licht: 2","5758","3","6","0","11","06","2","1","2","0","1","0","1"
"POINT (13.405781555000033 52.566369482000027)","Unfall 5759 (2020) Kat:3, Licht: 0","5759","3","6","2","10","11","6","1","0","0","1","0","0"
"POINT (13.281889651000029 52.509932349000053)","Unfall 5760 (2020) Kat:3, Licht: 0","5760","3","2","5","02","13","6","0","0","0","1","0","0"
"POINT (13.284840720000034 52.510120608000079)","Unfall 5761 (2020) Kat:3, Licht: 0","5761","3","2","5","09","18","3","0","0","0","1","0","0"
"POINT (13.365258672000039 52.558079660000033)","Unfall 5762 (2020) Kat:3, Licht: 2","5762","3","3","5","11","17","5","1","2","0","1","0","0"
"POINT (13.416199037000069 52.522082918000081)","Unfall 5763 (2020) Kat:3, Licht: 0","5763","3","2","5","06","15","4","0","0","1","0","0","0"
"POINT (13.298615002000076 52.534148528000060)","Unfall 5764 (2020) Kat:3, Licht: 2","5764","3","1","8","08","21","1","1","2","0","1","0","0"
"POINT (13.346603186000038 52.579386069000066)","Unfall 5765 (2020) Kat:3, Licht: 0","5765","3","3","5","06","16","3","0","0","0","1","0","1"
"POINT (13.282785273000059 52.528719895000052)","Unfall 5766 (2020) Kat:3, Licht: 0","5766","3","6","3","02","12","6","0","0","0","1","0","0"
"POINT (13.213994551000042 52.509605850000071)","Unfall 5767 (2020) Kat:3, Licht: 0","5767","3","6","2","10","16","2","1","0","0","1","0","0"
"POINT (13.554391594000037 52.557673881000028)","Unfall 5768 (2020) Kat:2, Licht: 0","5768","2","1","0","12","13","7","1","0","0","0","0","1"
"POINT (13.282228685000064 52.497771834000048)","Unfall 5769 (2020) Kat:3, Licht: 0","5769","3","4","0","08","19","3","0","0","0","1","1","0"
"POINT (13.382620469000074 52.439397121000070)","Unfall 5770 (2020) Kat:3, Licht: 0","5770","3","2","5","07","06","6","0","0","0","0","0","1"
"POINT (13.299993221000022 52.511251282000046)","Unfall 5771 (2020) Kat:3, Licht: 0","5771","3","2","5","05","14","3","0","0","1","0","0","0"
"POINT (13.453043785000034 52.512979940000037)","Unfall 5772 (2020) Kat:2, Licht: 0","5772","2","6","2","10","15","7","0","0","1","1","0","0"
"POINT (13.286235206000072 52.510204393000038)","Unfall 5774 (2020) Kat:2, Licht: 0","5774","2","7","6","02","09","6","0","0","0","1","1","0"
"POINT (13.357881201000055 52.487654644000031)","Unfall 5775 (2020) Kat:3, Licht: 0","5775","3","5","1","09","10","4","0","0","1","1","0","0"
"POINT (13.232444437000026 52.506920600000058)","Unfall 5776 (2020) Kat:3, Licht: 0","5776","3","5","1","11","14","2","0","0","1","1","0","0"
"POINT (13.283833654000034 52.507498024000029)","Unfall 5777 (2020) Kat:3, Licht: 0","5777","3","6","2","05","16","4","0","0","0","1","0","0"
"POINT (13.307777493000060 52.511759317000042)","Unfall 5778 (2020) Kat:3, Licht: 0","5778","3","2","5","08","07","3","0","0","1","0","0","0"
"POINT (13.365411459000029 52.472826858000076)","Unfall 5779 (2020) Kat:3, Licht: 0","5779","3","6","2","06","15","4","0","0","0","1","0","0"
"POINT (13.301317779000044 52.511338334000072)","Unfall 5780 (2020) Kat:3, Licht: 0","5780","3","2","5","05","08","3","0","0","0","1","1","0"
"POINT (13.402518824000026 52.592214622000029)","Unfall 5781 (2020) Kat:3, Licht: 0","5781","3","3","5","02","08","6","0","0","1","1","0","0"
"POINT (13.604202105000070 52.504967288000046)","Unfall 5782 (2020) Kat:3, Licht: 0","5782","3","1","0","09","13","4","0","0","1","0","0","0"
"POINT (13.398718782000060 52.418525856000031)","Unfall 5783 (2020) Kat:3, Licht: 2","5783","3","7","6","12","18","6","0","2","0","1","1","0"
"POINT (13.484229873000061 52.512689681000040)","Unfall 5784 (2020) Kat:2, Licht: 0","5784","2","2","5","08","09","4","0","0","1","1","0","0"
"POINT (13.281428607000066 52.504938565000032)","Unfall 5785 (2020) Kat:3, Licht: 0","5785","3","6","3","06","08","6","0","0","0","1","0","0"
"POINT (13.368529639000030 52.538851729000044)","Unfall 5786 (2020) Kat:3, Licht: 0","5786","3","7","5","10","14","7","0","0","0","1","0","0"
"POINT (13.385574190000057 52.472428975000071)","Unfall 5788 (2020) Kat:3, Licht: 0","5788","3","6","2","02","11","5","1","0","0","1","0","0"
"POINT (13.417472377000024 52.523243504000050)","Unfall 5789 (2020) Kat:2, Licht: 2","5789","2","5","1","11","16","4","0","2","1","1","0","0"
"POINT (13.368089637000026 52.505834558000060)","Unfall 5790 (2020) Kat:3, Licht: 0","5790","3","3","5","09","16","3","0","0","0","1","0","1"
"POINT (13.483303670000055 52.583051469000054)","Unfall 5791 (2020) Kat:3, Licht: 0","5791","3","2","5","08","15","2","0","0","1","0","0","0"
"POINT (13.367357283000047 52.504882237000061)","Unfall 5792 (2020) Kat:3, Licht: 0","5792","3","6","4","02","17","4","0","0","1","0","0","0"
"POINT (13.294130826000071 52.537294242000030)","Unfall 5793 (2020) Kat:3, Licht: 0","5793","3","6","0","10","10","6","0","0","0","0","0","0"
"POINT (13.466168194000034 52.514648263000026)","Unfall 5794 (2020) Kat:2, Licht: 0","5794","2","2","2","08","15","4","0","0","1","0","0","0"
"POINT (13.357435639000073 52.473835568000027)","Unfall 5795 (2020) Kat:3, Licht: 0","5795","3","6","2","07","12","4","1","0","0","1","0","0"
"POINT (13.419823970000039 52.525389095000037)","Unfall 5796 (2020) Kat:3, Licht: 0","5796","3","3","5","06","09","6","0","0","1","1","0","0"
"POINT (13.411998474000029 52.541479358000061)","Unfall 5797 (2020) Kat:3, Licht: 0","5797","3","7","2","11","13","5","0","0","0","1","0","0"
"POINT (13.368763367000042 52.541152933000035)","Unfall 5798 (2020) Kat:3, Licht: 2","5798","3","2","6","02","18","4","1","2","0","1","1","0"
"POINT (13.288407953000046 52.510339958000031)","Unfall 5799 (2020) Kat:3, Licht: 2","5799","3","4","6","09","22","5","0","2","1","0","1","0"
"POINT (13.347662716000059 52.574620585000048)","Unfall 5800 (2020) Kat:3, Licht: 0","5800","3","6","2","12","10","3","0","0","0","1","0","0"