WKT,Name,OBJECTID,UKATEGORIE,UTYP1,UART,UMONAT,USTUNDE,UWOCHENTAG,STRZUSTAND,ULICHTVERH,ISTRAD,ISTPKW,ISTFUSS,ISTKRAD
"POINT (13.155458840000051 52.419147314000043)","Unfall 5801 (2020) Kat:3, Licht: 0","5801","3","1","8","06","17","2","0","0","1","0","0","0"
"POINT (13.370170552000047 52.539969838000047)","Unfall 5803 (2020) Kat:3, Licht: 0","5803","3","2","0","02","15","4","0","0","1","0","0","0"
"POINT (13.204901711000048 52.511434557000030)","Unfall 5804 (2020) Kat:3, Licht: 0","5804","3","3","5","09","17","5","0","0","0","1","0","0"
"POINT (13.317325225000047 52.615984059000027)","Unfall 5805 (2020) Kat:3, Licht: 0","5805","3","3","5","07","16","6","0","0","1","1","0","0"
"POINT (13.493174071000055 52.467769290000035)","Unfall 5806 (2020) Kat:2, Licht: 0","5806","2","3","5","02","14","4","0","0","1","1","0","0"
"POINT (13.435553063000043 52.535147037000058)","Unfall 5807 (2020) Kat:3, Licht: 0","5807","3","6","3","10","13","5","0","0","1","0","0","0"
"POINT (13.164183714000046 52.420059396000056)","Unfall 5808 (2020) Kat:3, Licht: 0","5808","3","5","0","12","14","3","0","0","1","1","0","0"
"POINT (13.372105887000032 52.505117766000069)","Unfall 5809 (2020) Kat:3, Licht: 0","5809","3","3","5","05","18","4","0","0","1","1","0","0"
"POINT (13.423543224000070 52.528183849000072)","Unfall 5810 (2020) Kat:3, Licht: 0","5810","3","3","5","08","15","7","0","0","0","1","0","0"
"POINT (13.502898040000048 52.510922886000060)","Unfall 5811 (2020) Kat:3, Licht: 0","5811","3","1","3","07","14","4","0","0","0","1","0","0"
"POINT (13.300340946000063 52.488000403000058)","Unfall 5812 (2020) Kat:2, Licht: 2","5812","2","1","0","05","23","1","0","2","1","0","0","0"
"POINT (13.528187943000034 52.510231263000037)","Unfall 5813 (2020) Kat:3, Licht: 0","5813","3","1","8","10","08","4","1","0","0","0","0","1"
"POINT (13.386303478000059 52.488943901000027)","Unfall 5814 (2020) Kat:3, Licht: 2","5814","3","1","9","02","21","4","1","2","0","1","0","0"
"POINT (13.302370304000021 52.550335058000030)","Unfall 5815 (2020) Kat:3, Licht: 0","5815","3","1","8","09","13","1","0","0","0","1","0","0"
"POINT (13.414855925000040 52.554577313000038)","Unfall 5816 (2020) Kat:3, Licht: 0","5816","3","4","6","11","07","2","0","0","0","1","1","0"
"POINT (13.401673507000055 52.511323270000048)","Unfall 5817 (2020) Kat:2, Licht: 0","5817","2","3","5","05","17","4","0","0","1","1","0","0"
"POINT (13.385503656000026 52.466453873000034)","Unfall 5818 (2020) Kat:3, Licht: 1","5818","3","7","6","08","20","6","0","1","0","1","1","0"
"POINT (13.468724537000071 52.484220391000065)","Unfall 5819 (2020) Kat:3, Licht: 1","5819","3","3","5","06","18","7","1","1","1","1","0","0"
"POINT (13.385761396000078 52.480098966000071)","Unfall 5820 (2020) Kat:3, Licht: 2","5820","3","3","5","02","20","4","0","2","0","1","0","0"
"POINT (13.446333909000032 52.516506318000040)","Unfall 5821 (2020) Kat:3, Licht: 2","5821","3","6","4","10","22","7","0","2","1","0","0","0"
"POINT (13.305425008000043 52.570760924000069)","Unfall 5822 (2020) Kat:3, Licht: 2","5822","3","6","2","12","06","5","0","2","0","1","0","0"
"POINT (13.389272313000049 52.497456322000062)","Unfall 5823 (2020) Kat:3, Licht: 0","5823","3","2","5","08","10","2","0","0","1","0","0","0"
"POINT (13.366772303000062 52.532028308000065)","Unfall 5824 (2020) Kat:3, Licht: 0","5824","3","6","0","07","08","5","1","0","0","0","0","1"
"POINT (13.372215028000028 52.505041499000072)","Unfall 5825 (2020) Kat:3, Licht: 2","5825","3","6","2","02","19","4","1","2","0","1","0","0"
"POINT (13.314753511000049 52.453223503000061)","Unfall 5826 (2020) Kat:3, Licht: 2","5826","3","6","2","10","00","5","0","2","0","1","0","0"
"POINT (13.553347564000035 52.509346376000053)","Unfall 5828 (2020) Kat:3, Licht: 2","5828","3","2","5","02","18","4","1","2","1","1","0","0"
"POINT (13.558281120000061 52.562884999000062)","Unfall 5829 (2020) Kat:2, Licht: 0","5829","2","3","5","09","12","3","0","0","0","1","0","0"
"POINT (13.422545308000053 52.539562422000074)","Unfall 5830 (2020) Kat:3, Licht: 0","5830","3","6","2","11","13","1","0","0","1","1","0","0"
"POINT (13.381613978000075 52.439173717000074)","Unfall 5831 (2020) Kat:3, Licht: 2","5831","3","2","3","09","00","6","0","2","0","1","0","0"
"POINT (13.366961108000055 52.472283153000035)","Unfall 5832 (2020) Kat:3, Licht: 0","5832","3","6","2","05","17","4","0","0","0","1","0","0"
"POINT (13.443074850000073 52.530457456000079)","Unfall 5833 (2020) Kat:3, Licht: 2","5833","3","6","2","08","01","7","0","2","1","1","0","0"
"POINT (13.370228662000045 52.539933644000030)","Unfall 5834 (2020) Kat:3, Licht: 0","5834","3","2","5","06","16","3","0","0","1","1","0","0"
"POINT (13.391367589000026 52.517027931000030)","Unfall 5835 (2020) Kat:3, Licht: 2","5835","3","6","2","02","22","3","0","2","0","1","0","0"
"POINT (13.359067265000022 52.573381169000072)","Unfall 5836 (2020) Kat:3, Licht: 2","5836","3","2","5","09","20","2","0","2","0","1","0","0"
"POINT (13.304465947000040 52.484791299000051)","Unfall 5837 (2020) Kat:3, Licht: 0","5837","3","6","2","12","09","3","0","0","0","1","0","0"
"POINT (13.447539588000041 52.526259032000041)","Unfall 5838 (2020) Kat:3, Licht: 0","5838","3","3","5","06","12","4","0","0","1","1","1","0"
"POINT (13.458813539000062 52.490951348000067)","Unfall 5840 (2020) Kat:3, Licht: 2","5840","3","6","2","02","21","3","0","2","0","1","0","0"
"POINT (13.453749300000027 52.515912758000070)","Unfall 5841 (2020) Kat:2, Licht: 2","5841","2","2","5","11","18","2","0","2","1","1","0","0"
"POINT (13.168417240000053 52.420662010000058)","Unfall 5842 (2020) Kat:3, Licht: 0","5842","3","5","1","09","17","1","0","0","1","1","0","0"
"POINT (13.384447889000057 52.453393246000076)","Unfall 5843 (2020) Kat:3, Licht: 0","5843","3","6","2","07","11","6","0","0","0","1","0","0"
"POINT (13.389058549000026 52.494620654000073)","Unfall 5844 (2020) Kat:2, Licht: 0","5844","2","7","6","02","11","3","1","0","0","1","1","0"
"POINT (13.331532061000075 52.600426046000052)","Unfall 5845 (2020) Kat:3, Licht: 0","5845","3","3","5","10","14","4","1","0","0","1","0","0"
"POINT (13.385513329000048 52.464979500000027)","Unfall 5846 (2020) Kat:2, Licht: 0","5846","2","5","1","08","14","3","0","0","1","1","0","0"
"POINT (13.282962673000043 52.528635459000043)","Unfall 5847 (2020) Kat:3, Licht: 0","5847","3","6","2","07","15","2","0","0","0","1","0","0"
"POINT (13.450647226000058 52.516220243000078)","Unfall 5848 (2020) Kat:3, Licht: 2","5848","3","3","5","05","23","7","0","2","1","1","0","0"
"POINT (13.260556594000036 52.434986186000060)","Unfall 5849 (2020) Kat:3, Licht: 0","5849","3","3","5","06","19","4","0","0","1","0","0","0"
"POINT (13.282742973000040 52.528658628000073)","Unfall 5850 (2020) Kat:2, Licht: 2","5850","2","6","3","11","20","2","0","2","0","1","0","1"
"POINT (13.432587238000053 52.536216558000035)","Unfall 5851 (2020) Kat:3, Licht: 2","5851","3","4","6","02","18","3","0","2","1","0","1","0"
"POINT (13.296097942000074 52.446431393000069)","Unfall 5852 (2020) Kat:3, Licht: 0","5852","3","5","1","09","13","4","0","0","1","1","0","0"
"POINT (13.385506062000047 52.469742067000027)","Unfall 5853 (2020) Kat:3, Licht: 0","5853","3","6","3","11","12","7","0","0","0","1","0","0"
"POINT (13.425757163000071 52.529743368000027)","Unfall 5854 (2020) Kat:3, Licht: 0","5854","3","6","3","05","16","4","0","0","1","0","0","0"
"POINT (13.553005645000042 52.509059377000028)","Unfall 5855 (2020) Kat:3, Licht: 0","5855","3","2","0","08","16","2","0","0","1","1","0","0"
"POINT (13.400281351000046 52.416400449000037)","Unfall 5856 (2020) Kat:3, Licht: 0","5856","3","6","3","06","11","4","0","0","0","1","0","1"
"POINT (13.506272570000021 52.458864742000060)","Unfall 5857 (2020) Kat:3, Licht: 1","5857","3","2","5","02","17","3","1","1","1","1","0","0"
"POINT (13.427803158000074 52.561924063000049)","Unfall 5858 (2020) Kat:3, Licht: 0","5858","3","6","2","09","08","3","0","0","0","1","0","0"
"POINT (13.322919891000026 52.512423546000036)","Unfall 5859 (2020) Kat:3, Licht: 1","5859","3","2","5","12","17","4","1","1","0","1","0","0"
"POINT (13.370396259000074 52.470919177000042)","Unfall 5860 (2020) Kat:3, Licht: 0","5860","3","1","0","08","16","3","0","0","0","1","0","1"
"POINT (13.442433577000031 52.544414540000048)","Unfall 5861 (2020) Kat:3, Licht: 0","5861","3","7","6","06","16","5","0","0","1","0","1","0"
"POINT (13.387611444000072 52.438998104000063)","Unfall 5862 (2020) Kat:3, Licht: 0","5862","3","6","2","10","17","7","0","0","0","1","0","0"
"POINT (13.536934543000029 52.532616377000068)","Unfall 5864 (2020) Kat:2, Licht: 1","5864","2","6","6","02","05","2","1","1","0","1","1","0"
"POINT (13.444968187000029 52.545516974000066)","Unfall 5865 (2020) Kat:2, Licht: 0","5865","2","2","0","11","10","3","0","0","0","0","0","0"
"POINT (13.448098282000046 52.546939160000079)","Unfall 5866 (2020) Kat:3, Licht: 0","5866","3","6","3","09","14","2","0","0","1","1","0","0"
"POINT (13.386053766000032 52.485712749000072)","Unfall 5867 (2020) Kat:3, Licht: 2","5867","3","6","2","08","01","1","0","2","0","1","0","1"
"POINT (13.382594791000031 52.439392780000048)","Unfall 5868 (2020) Kat:3, Licht: 0","5868","3","2","5","02","07","2","0","0","0","0","0","1"
"POINT (13.433888817000025 52.536715208000032)","Unfall 5869 (2020) Kat:3, Licht: 0","5869","3","6","2","10","15","5","1","0","0","1","0","0"
"POINT (13.417028783000035 52.540210904000048)","Unfall 5870 (2020) Kat:3, Licht: 0","5870","3","6","2","08","14","3","0","0","1","0","0","0"
"POINT (13.447217732000070 52.527029354000035)","Unfall 5871 (2020) Kat:3, Licht: 0","5871","3","5","1","07","13","3","0","0","1","1","0","0"
"POINT (13.385090564000052 52.449814954000033)","Unfall 5872 (2020) Kat:3, Licht: 0","5872","3","1","1","06","18","5","1","0","0","1","0","0"
"POINT (13.366101618000073 52.416924045000030)","Unfall 5873 (2020) Kat:3, Licht: 2","5873","3","4","6","11","06","4","0","2","0","1","1","0"
"POINT (13.460153575000049 52.515252710000027)","Unfall 5874 (2020) Kat:3, Licht: 1","5874","3","3","5","02","20","2","1","1","1","1","0","0"
"POINT (13.388628925000035 52.498166860000026)","Unfall 5875 (2020) Kat:3, Licht: 0","5875","3","2","5","09","11","5","0","0","1","1","0","0"
"POINT (13.304535231000045 52.573856085000045)","Unfall 5876 (2020) Kat:3, Licht: 0","5876","3","6","3","11","08","2","0","0","0","1","0","0"
"POINT (13.200357445000066 52.422203700000068)","Unfall 5877 (2020) Kat:2, Licht: 0","5877","2","6","4","06","09","1","0","0","1","0","0","0"
"POINT (13.192000657000051 52.431074250000052)","Unfall 5878 (2020) Kat:3, Licht: 2","5878","3","6","2","02","19","2","1","2","0","1","0","0"
"POINT (13.412595225000075 52.543963184000063)","Unfall 5879 (2020) Kat:3, Licht: 0","5879","3","5","1","09","15","4","1","0","1","1","0","0"
"POINT (13.470318627000040 52.514231895000080)","Unfall 5880 (2020) Kat:3, Licht: 1","5880","3","5","1","07","21","5","0","1","0","1","0","1"
"POINT (13.285638523000046 52.494654961000037)","Unfall 5881 (2020) Kat:3, Licht: 0","5881","3","6","3","02","15","2","0","0","0","1","0","0"
"POINT (13.151133699000070 52.497169953000082)","Unfall 5882 (2020) Kat:3, Licht: 0","5882","3","7","0","10","10","4","0","0","0","1","0","0"
"POINT (13.477000111000052 52.513559772000065)","Unfall 5883 (2020) Kat:3, Licht: 2","5883","3","4","6","12","17","6","1","2","1","0","1","0"
"POINT (13.323816944000043 52.607855120000067)","Unfall 5884 (2020) Kat:3, Licht: 0","5884","3","6","2","08","11","5","0","0","0","1","0","0"
"POINT (13.593408013000044 52.505060579000030)","Unfall 5885 (2020) Kat:2, Licht: 0","5885","2","6","2","07","18","3","0","0","0","1","0","0"
"POINT (13.354262556000037 52.473578965000058)","Unfall 5886 (2020) Kat:3, Licht: 0","5886","3","1","8","05","13","7","0","0","0","1","0","0"
"POINT (13.280888938000032 52.503022194000039)","Unfall 5887 (2020) Kat:3, Licht: 2","5887","3","6","3","10","17","3","0","2","0","1","0","0"
"POINT (13.388632000000030 52.497674690000053)","Unfall 5888 (2020) Kat:3, Licht: 2","5888","3","6","2","02","16","1","1","2","0","1","0","0"
"POINT (13.404036439000038 52.512744049000048)","Unfall 5889 (2020) Kat:3, Licht: 1","5889","3","6","2","09","20","1","0","1","0","1","0","0"
"POINT (13.505495076000045 52.459590487000071)","Unfall 5890 (2020) Kat:3, Licht: 0","5890","3","6","2","11","15","2","0","0","0","1","0","0"
"POINT (13.226110688000063 52.507161649000068)","Unfall 5891 (2020) Kat:2, Licht: 0","5891","2","1","1","05","15","4","0","0","1","0","0","0"
"POINT (13.346806519000040 52.514210551000076)","Unfall 5892 (2020) Kat:3, Licht: 0","5892","3","6","2","08","16","5","0","0","0","1","0","0"
"POINT (13.567121654000061 52.506797759000051)","Unfall 5893 (2020) Kat:3, Licht: 0","5893","3","6","2","06","10","6","0","0","0","1","0","0"
"POINT (13.409192826000037 52.516758902000049)","Unfall 5894 (2020) Kat:3, Licht: 2","5894","3","3","5","02","17","1","1","2","0","1","0","0"
"POINT (13.397331302000055 52.421620604000054)","Unfall 5895 (2020) Kat:3, Licht: 0","5895","3","3","5","10","16","6","0","0","1","1","0","0"
"POINT (13.370107341000050 52.539744912000060)","Unfall 5896 (2020) Kat:3, Licht: 2","5896","3","6","2","12","00","3","0","2","0","1","0","0"
"POINT (13.361689418000026 52.569001949000040)","Unfall 5897 (2020) Kat:3, Licht: 2","5897","3","7","6","08","00","1","0","2","1","0","1","0"
"POINT (13.409193772000037 52.516759687000047)","Unfall 5898 (2020) Kat:3, Licht: 2","5898","3","3","5","06","22","3","0","2","0","1","0","0"
"POINT (13.439446113000031 52.541471364000074)","Unfall 5899 (2020) Kat:3, Licht: 2","5899","3","6","3","02","20","7","0","2","0","1","0","0"
"POINT (13.361577186000034 52.496742744000073)","Unfall 5900 (2020) Kat:3, Licht: 0","5900","3","5","1","10","14","5","0","0","1","1","0","0"
"POINT (13.452349951000031 52.548685200000079)","Unfall 5902 (2020) Kat:3, Licht: 2","5902","3","4","6","02","19","7","1","2","0","0","1","0"
"POINT (13.322971267000071 52.512429833000056)","Unfall 5903 (2020) Kat:3, Licht: 0","5903","3","2","5","09","17","2","0","0","0","1","0","1"
"POINT (13.364543318000074 52.534290127000077)","Unfall 5904 (2020) Kat:2, Licht: 2","5904","2","7","6","11","23","7","0","2","0","1","1","0"
"POINT (13.282769351000070 52.518820163000044)","Unfall 5905 (2020) Kat:2, Licht: 0","5905","2","6","2","09","12","6","0","0","0","0","0","0"
"POINT (13.364200075000042 52.563683140000080)","Unfall 5906 (2020) Kat:3, Licht: 2","5906","3","2","6","02","19","7","1","2","0","1","1","0"
"POINT (13.369017382000038 52.548578448000058)","Unfall 5907 (2020) Kat:3, Licht: 0","5907","3","6","3","05","13","3","0","0","0","1","0","0"
"POINT (13.281392416000074 52.509899607000079)","Unfall 5908 (2020) Kat:3, Licht: 0","5908","3","6","2","08","10","7","1","0","0","1","0","0"
"POINT (13.286330681000038 52.532256730000029)","Unfall 5909 (2020) Kat:3, Licht: 0","5909","3","6","2","07","19","3","0","0","0","1","0","0"
"POINT (13.467888160000030 52.561295490000077)","Unfall 5910 (2020) Kat:3, Licht: 0","5910","3","6","2","06","15","2","0","0","1","0","0","0"
"POINT (13.350285174000021 52.574027031000071)","Unfall 5911 (2020) Kat:2, Licht: 2","5911","2","5","1","02","20","6","0","2","0","1","0","0"
"POINT (13.251347549000059 52.618048139000052)","Unfall 5912 (2020) Kat:3, Licht: 0","5912","3","1","8","09","10","7","1","0","0","1","0","0"
"POINT (13.387310425000067 52.498490767000078)","Unfall 5913 (2020) Kat:3, Licht: 2","5913","3","6","3","12","02","2","0","2","1","0","0","0"
"POINT (13.458174586000041 52.515459358000044)","Unfall 5914 (2020) Kat:3, Licht: 0","5914","3","6","2","06","11","4","0","0","1","0","0","0"
"POINT (13.403269560000069 52.519267779000074)","Unfall 5916 (2020) Kat:3, Licht: 0","5916","3","5","5","02","18","6","0","0","0","1","0","0"
"POINT (13.370148579000045 52.539983525000082)","Unfall 5917 (2020) Kat:3, Licht: 0","5917","3","7","0","11","13","6","1","0","0","0","0","1"
"POINT (13.322944866000057 52.512469540000041)","Unfall 5918 (2020) Kat:3, Licht: 0","5918","3","2","5","09","18","7","0","0","0","1","0","1"
"POINT (13.452425379000033 52.519089746000077)","Unfall 5919 (2020) Kat:2, Licht: 0","5919","2","6","3","07","12","6","0","0","1","0","0","0"
"POINT (13.289574783000035 52.589374206000059)","Unfall 5920 (2020) Kat:3, Licht: 0","5920","3","6","2","02","13","6","0","0","0","1","0","0"
"POINT (13.458003547000033 52.491489623000064)","Unfall 5921 (2020) Kat:3, Licht: 2","5921","3","6","3","10","22","2","0","2","0","1","0","1"
"POINT (13.175604103000069 52.514320919000056)","Unfall 5922 (2020) Kat:3, Licht: 0","5922","3","6","2","08","15","2","0","0","0","1","0","0"
"POINT (13.447949673000039 52.526316965000035)","Unfall 5923 (2020) Kat:3, Licht: 0","5923","3","2","5","07","21","1","0","0","1","1","0","0"
"POINT (13.467443744000036 52.514367340000035)","Unfall 5924 (2020) Kat:3, Licht: 0","5924","3","6","3","06","13","4","0","0","1","1","0","0"
"POINT (13.365259061000074 52.558077640000079)","Unfall 5925 (2020) Kat:3, Licht: 0","5925","3","3","5","11","13","1","1","0","0","1","0","0"
"POINT (13.363506691000055 52.565179799000077)","Unfall 5926 (2020) Kat:3, Licht: 0","5926","3","3","5","02","10","6","1","0","0","1","0","0"
"POINT (13.390575057000035 52.618557453000051)","Unfall 5927 (2020) Kat:3, Licht: 0","5927","3","7","2","09","17","3","0","0","1","0","0","1"
"POINT (13.413005245000022 52.558936911000046)","Unfall 5928 (2020) Kat:3, Licht: 2","5928","3","6","2","11","20","7","0","2","0","1","0","0"
"POINT (13.259412662000045 52.508590369000046)","Unfall 5929 (2020) Kat:3, Licht: 0","5929","3","6","4","06","15","5","0","0","0","1","0","0"
"POINT (13.395748247000029 52.423806656000068)","Unfall 5930 (2020) Kat:3, Licht: 0","5930","3","6","0","02","12","6","0","0","1","1","0","0"
"POINT (13.394756998000048 52.510703989000035)","Unfall 5931 (2020) Kat:3, Licht: 0","5931","3","6","2","08","18","2","0","0","0","1","0","0"
"POINT (13.296976579000045 52.510862124000028)","Unfall 5932 (2020) Kat:3, Licht: 0","5932","3","6","3","07","14","4","0","0","1","0","0","1"
"POINT (13.447723626000027 52.502473477000080)","Unfall 5933 (2020) Kat:3, Licht: 2","5933","3","3","5","02","06","6","1","2","1","1","0","0"
"POINT (13.293236859000046 52.510635622000052)","Unfall 5934 (2020) Kat:3, Licht: 0","5934","3","6","3","10","09","3","0","0","0","1","0","0"
"POINT (13.307529153000075 52.511746278000032)","Unfall 5935 (2020) Kat:3, Licht: 0","5935","3","7","5","12","12","3","0","0","0","1","0","0"
"POINT (13.126176141000030 52.478542842000081)","Unfall 5936 (2020) Kat:3, Licht: 0","5936","3","2","5","08","16","4","0","0","1","1","0","0"
"POINT (13.473264227000072 52.513787422000064)","Unfall 5937 (2020) Kat:3, Licht: 0","5937","3","2","5","07","09","2","0","0","1","1","0","0"
"POINT (13.385491361000049 52.468968926000059)","Unfall 5938 (2020) Kat:3, Licht: 0","5938","3","5","0","05","07","5","0","0","0","0","0","1"
"POINT (13.385526845000072 52.470676154000046)","Unfall 5939 (2020) Kat:3, Licht: 0","5939","3","6","2","10","08","2","1","0","0","1","0","0"
"POINT (13.409183408000047 52.516751078000027)","Unfall 5941 (2020) Kat:3, Licht: 2","5941","3","2","5","02","23","5","1","2","0","1","0","0"
"POINT (13.444004861000053 52.529602059000069)","Unfall 5942 (2020) Kat:3, Licht: 2","5942","3","6","2","09","02","5","0","2","1","1","0","0"
"POINT (13.368824295000024 52.549144508000040)","Unfall 5943 (2020) Kat:2, Licht: 0","5943","2","7","6","11","16","4","0","0","0","0","1","0"
"POINT (13.387755488000039 52.498381434000066)","Unfall 5944 (2020) Kat:3, Licht: 1","5944","3","1","0","05","21","3","0","1","1","0","0","0"
"POINT (13.590918640000041 52.505089232000046)","Unfall 5945 (2020) Kat:3, Licht: 0","5945","3","2","5","08","14","3","0","0","1","1","0","0"
"POINT (13.363159181000071 52.535688202000074)","Unfall 5946 (2020) Kat:3, Licht: 0","5946","3","2","0","06","17","5","0","0","1","1","0","0"
"POINT (13.385596531000033 52.447043712000038)","Unfall 5947 (2020) Kat:3, Licht: 0","5947","3","6","2","06","15","6","0","0","0","1","0","0"
"POINT (13.315965719000076 52.612369247000061)","Unfall 5948 (2020) Kat:3, Licht: 2","5948","3","6","3","02","00","5","1","2","0","1","0","0"
"POINT (13.275590733000058 52.500869428000044)","Unfall 5949 (2020) Kat:2, Licht: 0","5949","2","6","2","09","15","3","0","0","0","1","0","0"
"POINT (13.105381852000050 52.413793236000060)","Unfall 5950 (2020) Kat:3, Licht: 0","5950","3","7","1","07","13","5","0","0","0","1","0","0"
"POINT (13.447211103000029 52.526619954000068)","Unfall 5951 (2020) Kat:3, Licht: 2","5951","3","6","2","02","21","5","0","2","0","1","0","0"
"POINT (13.227799098000048 52.506839151000065)","Unfall 5952 (2020) Kat:2, Licht: 0","5952","2","6","3","10","16","4","1","0","0","1","0","1"
"POINT (13.409059509000031 52.517102834000070)","Unfall 5953 (2020) Kat:3, Licht: 2","5953","3","3","5","12","16","4","1","2","0","1","0","0"
"POINT (13.202288487000033 52.423064046000036)","Unfall 5954 (2020) Kat:3, Licht: 0","5954","3","3","5","08","13","5","0","0","1","1","0","0"
"POINT (13.616136151000035 52.504772497000033)","Unfall 5955 (2020) Kat:3, Licht: 0","5955","3","6","2","07","17","2","0","0","0","1","0","0"
"POINT (13.385498071000029 52.469553763000079)","Unfall 5956 (2020) Kat:3, Licht: 0","5956","3","2","3","05","16","6","0","0","0","1","0","0"
"POINT (13.479335840000033 52.627416820000064)","Unfall 5957 (2020) Kat:2, Licht: 2","5957","2","1","8","10","20","2","1","2","0","1","0","0"
"POINT (13.364255012000058 52.501423193000051)","Unfall 5958 (2020) Kat:2, Licht: 1","5958","2","4","6","02","18","5","1","1","1","0","1","0"
"POINT (13.361382295000055 52.496282629000063)","Unfall 5959 (2020) Kat:3, Licht: 2","5959","3","5","1","09","00","7","0","2","0","1","0","0"
"POINT (13.447289003000037 52.463036326000065)","Unfall 5960 (2020) Kat:3, Licht: 2","5960","3","6","2","11","18","5","1","2","0","1","0","0"
"POINT (13.384888592000038 52.451036679000026)","Unfall 5961 (2020) Kat:3, Licht: 1","5961","3","5","1","05","19","3","0","1","1","1","0","0"
"POINT (13.368905507000022 52.540970672000071)","Unfall 5962 (2020) Kat:3, Licht: 0","5962","3","6","2","08","18","4","1","0","0","1","0","0"
"POINT (13.413544198000068 52.540896885000052)","Unfall 5963 (2020) Kat:3, Licht: 0","5963","3","6","3","06","10","6","0","0","1","0","0","0"
"POINT (13.312293712000042 52.624397793000071)","Unfall 5964 (2020) Kat:3, Licht: 2","5964","3","3","5","02","18","5","1","2","1","1","0","0"
"POINT (13.455896917000075 52.500197645000071)","Unfall 5965 (2020) Kat:2, Licht: 0","5965","2","6","0","10","14","5","0","0","0","0","0","1"
"POINT (13.422320458000058 52.520362438000063)","Unfall 5966 (2020) Kat:3, Licht: 0","5966","3","4","6","12","14","3","0","0","1","0","1","0"
"POINT (13.301403678000042 52.511343979000060)","Unfall 5967 (2020) Kat:3, Licht: 0","5967","3","2","5","08","14","7","0","0","0","1","0","1"
"POINT (13.402365186000054 52.591683987000067)","Unfall 5968 (2020) Kat:3, Licht: 0","5968","3","2","5","06","19","2","0","0","1","1","0","0"
"POINT (13.369285953000031 52.539288468000052)","Unfall 5969 (2020) Kat:3, Licht: 2","5969","3","5","5","02","19","4","1","2","0","1","0","0"
"POINT (13.460174607000056 52.515250515000048)","Unfall 5970 (2020) Kat:2, Licht: 2","5970","2","2","5","10","04","4","1","2","0","1","0","0"
"POINT (13.609829321000063 52.504795501000046)","Unfall 5972 (2020) Kat:3, Licht: 2","5972","3","6","2","02","18","4","1","2","0","1","0","0"
"POINT (13.553870917000040 52.509325898000043)","Unfall 5973 (2020) Kat:2, Licht: 1","5973","2","6","2","09","19","1","0","1","0","1","0","1"
"POINT (13.513097515000027 52.454165757000055)","Unfall 5974 (2020) Kat:2, Licht: 0","5974","2","2","5","11","08","6","0","0","1","1","0","0"
"POINT (13.297249515000033 52.510880505000046)","Unfall 5975 (2020) Kat:3, Licht: 0","5975","3","4","6","09","11","5","0","0","0","1","1","0"
"POINT (13.412352643000077 52.519425435000073)","Unfall 5976 (2020) Kat:3, Licht: 0","5976","3","2","5","02","16","4","0","0","1","0","0","0"
"POINT (13.365501755000025 52.557969947000061)","Unfall 5977 (2020) Kat:3, Licht: 0","5977","3","3","5","05","18","3","0","0","0","1","0","0"
"POINT (13.347654718000058 52.574493843000027)","Unfall 5978 (2020) Kat:1, Licht: 0","5978","1","2","5","08","15","6","0","0","1","0","0","0"
"POINT (13.448326867000048 52.633113658000070)","Unfall 5979 (2020) Kat:3, Licht: 0","5979","3","1","8","07","06","2","0","0","0","0","0","0"
"POINT (13.405469429000050 52.407276769000077)","Unfall 5980 (2020) Kat:3, Licht: 2","5980","3","1","0","06","00","1","0","2","1","0","0","0"
"POINT (13.285019712000064 52.509253643000079)","Unfall 5981 (2020) Kat:3, Licht: 0","5981","3","6","2","02","16","4","0","0","0","1","0","0"
"POINT (13.371989725000049 52.505111312000054)","Unfall 5982 (2020) Kat:3, Licht: 0","5982","3","2","5","09","09","6","1","0","0","1","0","0"
"POINT (13.368329717000051 52.506278020000082)","Unfall 5983 (2020) Kat:3, Licht: 0","5983","3","2","5","12","10","1","0","0","1","1","0","0"
"POINT (13.358278392000045 52.473992265000049)","Unfall 5984 (2020) Kat:3, Licht: 0","5984","3","6","2","06","13","4","0","0","0","1","0","1"
"POINT (13.307871535000061 52.511574655000061)","Unfall 5986 (2020) Kat:3, Licht: 0","5986","3","6","2","02","07","4","1","0","0","1","0","0"
"POINT (13.390550227000062 52.618605009000078)","Unfall 5987 (2020) Kat:3, Licht: 0","5987","3","2","0","11","07","5","0","0","1","1","0","0"
"POINT (13.172095570000067 52.420802915000081)","Unfall 5988 (2020) Kat:3, Licht: 0","5988","3","7","5","09","14","7","0","0","0","1","0","0"
"POINT (13.354386404000024 52.478839989000051)","Unfall 5989 (2020) Kat:3, Licht: 0","5989","3","6","2","07","17","4","0","0","0","1","0","1"
"POINT (13.271180730000026 52.438173436000056)","Unfall 5990 (2020) Kat:3, Licht: 0","5990","3","6","2","02","12","4","1","0","0","1","0","0"
"POINT (13.424309561000030 52.539273387000037)","Unfall 5991 (2020) Kat:3, Licht: 2","5991","3","3","5","10","00","7","1","2","1","1","0","0"
"POINT (13.259664862000022 52.508603157000039)","Unfall 5992 (2020) Kat:3, Licht: 0","5992","3","6","2","08","10","2","0","0","0","1","0","0"
"POINT (13.448169625000048 52.463328050000030)","Unfall 5993 (2020) Kat:3, Licht: 1","5993","3","6","2","07","20","6","0","1","0","1","0","0"
"POINT (13.323369215000071 52.477954287000045)","Unfall 5994 (2020) Kat:3, Licht: 2","5994","3","6","2","05","22","7","0","2","0","1","0","0"
"POINT (13.332433766000065 52.598104793000061)","Unfall 5995 (2020) Kat:3, Licht: 0","5995","3","6","3","06","11","3","0","0","0","1","0","0"
"POINT (13.323530728000037 52.512792704000049)","Unfall 5996 (2020) Kat:3, Licht: 0","5996","3","6","0","10","13","7","1","0","0","1","0","1"
"POINT (13.403098402000069 52.594733577000056)","Unfall 5997 (2020) Kat:3, Licht: 0","5997","3","7","6","02","09","4","1","0","0","1","1","0"
"POINT (13.413459139000054 52.549052153000048)","Unfall 5998 (2020) Kat:3, Licht: 0","5998","3","7","6","09","11","3","0","0","0","1","1","0"
"POINT (13.324369110000077 52.477948627000046)","Unfall 5999 (2020) Kat:3, Licht: 2","5999","3","6","2","11","17","6","1","2","0","1","0","0"
"POINT (13.401408138000022 52.511405682000031)","Unfall 6000 (2020) Kat:3, Licht: 0","6000","3","6","2","06","04","5","0","0","0","1","0","1"