WKT,Name,OBJECTID,UKATEGORIE,UTYP1,UART,UMONAT,USTUNDE,UWOCHENTAG,STRZUSTAND,ULICHTVERH,ISTRAD,ISTPKW,ISTFUSS,ISTKRAD
"POINT (13.447267238000052 52.526566726000055)","Unfall 6001 (2020) Kat:3, Licht: 0","6001","3","6","2","08","12","2","0","0","0","1","0","0"
"POINT (13.362335069000039 52.498533004000080)","Unfall 6002 (2020) Kat:3, Licht: 0","6002","3","6","2","06","17","3","0","0","1","0","0","0"
"POINT (13.427541150000025 52.562095330000034)","Unfall 6003 (2020) Kat:2, Licht: 2","6003","2","7","6","02","19","3","0","2","1","0","1","0"
"POINT (13.304170836000026 52.449602846000062)","Unfall 6004 (2020) Kat:3, Licht: 0","6004","3","2","5","10","17","2","0","0","1","1","0","0"
"POINT (13.360378813000068 52.571507426000039)","Unfall 6005 (2020) Kat:3, Licht: 0","6005","3","3","5","12","07","2","1","0","1","1","0","0"
"POINT (13.413754405000077 52.557670516000030)","Unfall 6006 (2020) Kat:2, Licht: 0","6006","2","2","5","08","08","4","0","0","1","1","0","0"
"POINT (13.449771493000071 52.501925282000059)","Unfall 6007 (2020) Kat:3, Licht: 2","6007","3","1","0","07","22","1","1","2","0","0","0","1"
"POINT (13.413296137000032 52.540932159000079)","Unfall 6008 (2020) Kat:3, Licht: 0","6008","3","6","2","05","19","3","0","0","0","1","0","0"
"POINT (13.168893643000047 52.509100060000037)","Unfall 6009 (2020) Kat:2, Licht: 2","6009","2","1","9","10","20","1","0","2","0","0","0","1"
"POINT (13.352223184000025 52.480217010000047)","Unfall 6011 (2020) Kat:3, Licht: 0","6011","3","6","2","02","14","3","1","0","0","1","0","0"
"POINT (13.314747812000064 52.453221706000079)","Unfall 6012 (2020) Kat:3, Licht: 0","6012","3","6","3","09","15","5","0","0","0","0","0","1"
"POINT (13.261465393000037 52.508698770000080)","Unfall 6013 (2020) Kat:3, Licht: 0","6013","3","6","2","11","13","3","0","0","0","1","0","0"
"POINT (13.436470611000061 52.517500082000026)","Unfall 6014 (2020) Kat:3, Licht: 0","6014","3","3","5","05","17","3","0","0","1","1","0","0"
"POINT (13.305588489000058 52.511617838000063)","Unfall 6015 (2020) Kat:3, Licht: 0","6015","3","6","3","08","18","3","0","0","0","1","0","1"
"POINT (13.356719960000078 52.473685804000070)","Unfall 6016 (2020) Kat:2, Licht: 0","6016","2","3","2","06","11","5","1","0","0","1","0","0"
"POINT (13.364191688000062 52.563724881000041)","Unfall 6017 (2020) Kat:3, Licht: 0","6017","3","3","5","05","11","2","0","0","1","1","0","0"
"POINT (13.354161958000077 52.478997099000026)","Unfall 6018 (2020) Kat:3, Licht: 0","6018","3","2","5","02","08","3","1","0","0","1","0","0"
"POINT (13.196918238000023 52.417382452000027)","Unfall 6019 (2020) Kat:3, Licht: 0","6019","3","7","0","09","15","4","0","0","0","1","0","0"
"POINT (13.439661767000075 52.541657739000073)","Unfall 6020 (2020) Kat:3, Licht: 0","6020","3","7","1","12","12","6","0","0","0","1","0","0"
"POINT (13.305343050000033 52.572431206000033)","Unfall 6021 (2020) Kat:2, Licht: 0","6021","2","6","3","08","12","4","0","0","0","1","0","0"
"POINT (13.361703821000049 52.568974423000043)","Unfall 6022 (2020) Kat:3, Licht: 0","6022","3","1","0","06","10","7","0","0","0","0","0","1"
"POINT (13.357782642000075 52.407191769000065)","Unfall 6023 (2020) Kat:3, Licht: 0","6023","3","4","6","10","12","1","1","0","0","1","1","0"
"POINT (13.339018279000072 52.478496987000028)","Unfall 6025 (2020) Kat:2, Licht: 0","6025","2","2","2","02","08","3","1","0","0","1","0","0"
"POINT (13.299025255000060 52.545968370000082)","Unfall 6026 (2020) Kat:3, Licht: 2","6026","3","6","2","11","18","4","0","2","0","1","0","0"
"POINT (13.461706548000052 52.494674784000040)","Unfall 6027 (2020) Kat:3, Licht: 0","6027","3","6","2","09","18","3","0","0","1","1","0","0"
"POINT (13.282877371000041 52.518998357000044)","Unfall 6028 (2020) Kat:3, Licht: 0","6028","3","6","2","08","16","2","0","0","0","1","0","0"
"POINT (13.178881697000065 52.516512611000053)","Unfall 6029 (2020) Kat:2, Licht: 2","6029","2","2","6","02","22","3","0","2","0","1","1","0"
"POINT (13.390732784000022 52.433254414000032)","Unfall 6030 (2020) Kat:2, Licht: 0","6030","2","6","2","10","17","6","0","0","0","1","0","0"
"POINT (13.438593061000063 52.541155264000054)","Unfall 6031 (2020) Kat:3, Licht: 0","6031","3","2","5","08","19","4","0","0","1","1","0","0"
"POINT (13.312898053000026 52.622361823000062)","Unfall 6032 (2020) Kat:2, Licht: 0","6032","2","2","5","07","17","5","0","0","0","1","0","1"
"POINT (13.391312389000063 52.431586670000058)","Unfall 6033 (2020) Kat:3, Licht: 0","6033","3","5","1","06","15","6","0","0","0","0","0","0"
"POINT (13.424358302000030 52.539261802000055)","Unfall 6034 (2020) Kat:3, Licht: 1","6034","3","2","0","02","19","3","0","1","1","0","0","0"
"POINT (13.416441531000032 52.522218152000050)","Unfall 6035 (2020) Kat:3, Licht: 0","6035","3","2","3","09","16","5","0","0","0","1","0","0"
"POINT (13.581331219000049 52.505085448000045)","Unfall 6036 (2020) Kat:3, Licht: 0","6036","3","2","5","12","15","4","0","0","1","0","0","0"
"POINT (13.314624704000039 52.453182898000080)","Unfall 6037 (2020) Kat:3, Licht: 0","6037","3","2","5","06","10","2","0","0","1","1","0","0"
"POINT (13.442207371000052 52.543856507000044)","Unfall 6038 (2020) Kat:3, Licht: 0","6038","3","6","2","05","18","1","0","0","0","1","0","0"
"POINT (13.362562397000033 52.499084760000073)","Unfall 6039 (2020) Kat:3, Licht: 1","6039","3","6","2","02","17","3","0","1","0","1","0","0"
"POINT (13.306317285000034 52.483501191000073)","Unfall 6040 (2020) Kat:3, Licht: 0","6040","3","6","3","10","06","5","0","0","0","1","0","0"
"POINT (13.365491815000041 52.558018730000072)","Unfall 6041 (2020) Kat:3, Licht: 2","6041","3","3","5","12","21","1","0","2","1","1","0","0"
"POINT (13.097489791000044 52.413355406000051)","Unfall 6042 (2020) Kat:2, Licht: 0","6042","2","1","0","08","16","5","0","0","1","0","0","0"
"POINT (13.368335439000077 52.541111073000081)","Unfall 6043 (2020) Kat:3, Licht: 0","6043","3","2","2","06","16","2","0","0","0","1","0","0"
"POINT (13.381814148000046 52.509855957000070)","Unfall 6044 (2020) Kat:3, Licht: 0","6044","3","7","5","02","12","3","1","0","0","1","0","0"
"POINT (13.222801982000021 52.507825259000072)","Unfall 6045 (2020) Kat:3, Licht: 0","6045","3","7","6","10","11","2","1","0","0","1","1","0"
"POINT (13.583390316000077 52.505167930000027)","Unfall 6047 (2020) Kat:3, Licht: 0","6047","3","6","2","02","13","2","0","0","0","1","0","0"
"POINT (13.318776893000063 52.512483013000065)","Unfall 6048 (2020) Kat:2, Licht: 2","6048","2","4","6","11","17","6","0","2","1","0","1","0"
"POINT (13.280384926000067 52.510000081000044)","Unfall 6049 (2020) Kat:3, Licht: 0","6049","3","2","5","09","16","5","0","0","0","1","0","1"
"POINT (13.398445480000078 52.576372132000074)","Unfall 6050 (2020) Kat:3, Licht: 2","6050","3","6","2","02","06","2","0","2","0","1","0","0"
"POINT (13.484458485000062 52.512798344000032)","Unfall 6051 (2020) Kat:3, Licht: 0","6051","3","2","5","08","15","5","0","0","1","1","0","0"
"POINT (13.386228191000043 52.489671204000047)","Unfall 6052 (2020) Kat:3, Licht: 1","6052","3","6","0","07","05","6","0","1","0","1","0","1"
"POINT (13.394768108000051 52.467250512000078)","Unfall 6053 (2020) Kat:3, Licht: 0","6053","3","6","2","06","16","6","0","0","0","1","0","0"
"POINT (13.393977131000042 52.517390061000071)","Unfall 6054 (2020) Kat:2, Licht: 2","6054","2","7","6","02","19","2","0","2","0","0","1","0"
"POINT (13.385740872000042 52.469464490000064)","Unfall 6055 (2020) Kat:2, Licht: 0","6055","2","3","5","09","18","5","0","0","1","0","0","0"
"POINT (13.286733719000040 52.513784426000029)","Unfall 6056 (2020) Kat:3, Licht: 0","6056","3","6","2","12","11","6","0","0","0","1","0","0"
"POINT (13.447969550000039 52.526287608000075)","Unfall 6057 (2020) Kat:3, Licht: 0","6057","3","2","5","06","19","3","0","0","0","1","0","0"
"POINT (13.345205503000045 52.472210184000062)","Unfall 6059 (2020) Kat:2, Licht: 0","6059","2","6","3","02","15","2","0","0","0","1","0","0"
"POINT (13.308518708000065 52.565796799000054)","Unfall 6060 (2020) Kat:3, Licht: 0","6060","3","1","0","09","10","6","1","0","0","0","0","1"
"POINT (13.298274026000058 52.511137668000060)","Unfall 6061 (2020) Kat:3, Licht: 2","6061","3","5","1","07","21","3","0","2","0","0","0","1"
"POINT (13.313331649000077 52.512123255000063)","Unfall 6062 (2020) Kat:3, Licht: 0","6062","3","5","1","02","15","2","0","0","0","1","0","0"
"POINT (13.387008168000023 52.469606337000073)","Unfall 6063 (2020) Kat:3, Licht: 0","6063","3","6","2","10","16","6","0","0","0","1","0","0"
"POINT (13.340486724000073 52.587331610000035)","Unfall 6064 (2020) Kat:2, Licht: 2","6064","2","6","4","12","20","5","1","2","0","1","0","0"
"POINT (13.362943150000035 52.515382251000062)","Unfall 6065 (2020) Kat:2, Licht: 0","6065","2","1","0","08","13","1","0","0","1","0","0","0"
"POINT (13.375882895000075 52.429717705000030)","Unfall 6066 (2020) Kat:3, Licht: 0","6066","3","6","2","07","09","6","1","0","0","1","0","0"
"POINT (13.433318828000040 52.536220669000045)","Unfall 6067 (2020) Kat:3, Licht: 0","6067","3","3","5","06","19","3","0","0","1","1","0","0"
"POINT (13.263590638000039 52.435099784000045)","Unfall 6068 (2020) Kat:2, Licht: 0","6068","2","2","5","10","13","5","0","0","1","1","0","0"
"POINT (13.385808011000051 52.482251141000063)","Unfall 6069 (2020) Kat:3, Licht: 0","6069","3","5","1","02","16","1","0","0","1","0","0","1"
"POINT (13.620636205000039 52.504203813000061)","Unfall 6070 (2020) Kat:3, Licht: 0","6070","3","2","5","09","10","2","0","0","0","1","0","0"
"POINT (13.509797725000055 52.456389594000029)","Unfall 6071 (2020) Kat:3, Licht: 0","6071","3","7","2","11","13","5","0","0","0","1","0","0"
"POINT (13.274984698000026 52.439553373000081)","Unfall 6072 (2020) Kat:3, Licht: 0","6072","3","6","0","06","13","4","0","0","0","1","0","0"
"POINT (13.384742419000077 52.451808581000080)","Unfall 6073 (2020) Kat:3, Licht: 0","6073","3","5","1","08","11","1","0","0","1","1","0","0"
"POINT (13.385782932000041 52.480956955000067)","Unfall 6074 (2020) Kat:3, Licht: 0","6074","3","2","6","06","14","3","0","0","1","1","1","0"
"POINT (13.368589510000049 52.506202869000049)","Unfall 6075 (2020) Kat:3, Licht: 0","6075","3","3","5","02","14","1","0","0","0","1","0","0"
"POINT (13.285437393000052 52.494771397000079)","Unfall 6076 (2020) Kat:3, Licht: 1","6076","3","6","2","10","18","2","1","1","0","1","0","0"
"POINT (13.288233038000044 52.494214137000029)","Unfall 6077 (2020) Kat:2, Licht: 2","6077","2","1","9","12","01","7","1","2","0","1","0","0"
"POINT (13.419524939000041 52.525114722000069)","Unfall 6078 (2020) Kat:3, Licht: 0","6078","3","2","2","08","13","3","0","0","0","1","0","0"
"POINT (13.402832381000053 52.593323457000054)","Unfall 6079 (2020) Kat:3, Licht: 0","6079","3","3","5","07","17","5","0","0","1","0","0","1"
"POINT (13.292528283000024 52.535058518000028)","Unfall 6080 (2020) Kat:3, Licht: 0","6080","3","6","2","05","07","2","1","0","0","1","0","0"
"POINT (13.365258672000039 52.558079660000033)","Unfall 6081 (2020) Kat:2, Licht: 2","6081","2","3","5","10","19","6","1","2","0","1","0","0"
"POINT (13.283151244000067 52.496993423000049)","Unfall 6083 (2020) Kat:3, Licht: 0","6083","3","1","9","02","07","1","0","0","0","1","0","0"
"POINT (13.591376149000041 52.505083972000079)","Unfall 6084 (2020) Kat:3, Licht: 0","6084","3","6","2","09","10","4","0","0","0","1","0","0"
"POINT (13.297483953000039 52.510895990000051)","Unfall 6085 (2020) Kat:3, Licht: 0","6085","3","4","6","11","15","2","0","0","0","1","1","0"
"POINT (13.437077674000022 52.539842868000051)","Unfall 6086 (2020) Kat:3, Licht: 0","6086","3","4","6","05","10","3","0","0","0","0","1","0"
"POINT (13.281971365000061 52.520974704000082)","Unfall 6087 (2020) Kat:3, Licht: 0","6087","3","6","2","08","12","2","0","0","0","1","0","1"
"POINT (13.364981731000057 52.502263319000065)","Unfall 6088 (2020) Kat:3, Licht: 0","6088","3","2","0","06","19","4","0","0","1","1","0","0"
"POINT (13.369659359000025 52.541588086000047)","Unfall 6089 (2020) Kat:3, Licht: 0","6089","3","3","5","05","18","1","0","0","1","1","0","0"
"POINT (13.377171580000038 52.509546056000033)","Unfall 6090 (2020) Kat:3, Licht: 0","6090","3","5","0","02","20","7","0","0","1","1","0","0"
"POINT (13.297353830000077 52.510887531000037)","Unfall 6091 (2020) Kat:3, Licht: 0","6091","3","7","5","09","09","4","0","0","0","1","0","0"
"POINT (13.398634483000023 52.579967953000050)","Unfall 6092 (2020) Kat:3, Licht: 0","6092","3","6","2","12","12","5","0","0","0","1","0","0"
"POINT (13.518723263000027 52.510363163000079)","Unfall 6093 (2020) Kat:2, Licht: 0","6093","2","3","5","08","18","4","0","0","1","1","0","0"
"POINT (13.449972509000077 52.516138801000068)","Unfall 6094 (2020) Kat:3, Licht: 0","6094","3","3","5","06","12","6","0","0","1","1","0","0"
"POINT (13.416399420000062 52.522289923000073)","Unfall 6095 (2020) Kat:3, Licht: 0","6095","3","2","5","10","13","7","0","0","1","1","0","0"
"POINT (13.460116215000028 52.515112358000067)","Unfall 6097 (2020) Kat:3, Licht: 2","6097","3","2","5","02","20","6","0","2","0","1","0","0"
"POINT (13.319902009000032 52.512557042000026)","Unfall 6098 (2020) Kat:2, Licht: 0","6098","2","2","5","11","11","4","0","0","1","1","0","0"
"POINT (13.612712264000038 52.504770616000030)","Unfall 6099 (2020) Kat:2, Licht: 0","6099","2","1","0","09","18","2","0","0","1","0","0","0"
"POINT (13.386285464000025 52.443417423000028)","Unfall 6100 (2020) Kat:3, Licht: 0","6100","3","6","2","08","13","1","1","0","0","1","0","0"
"POINT (13.381700574000035 52.509848616000056)","Unfall 6101 (2020) Kat:2, Licht: 2","6101","2","7","5","02","19","6","0","2","0","1","0","0"
"POINT (13.370516169000041 52.470896472000049)","Unfall 6102 (2020) Kat:3, Licht: 2","6102","3","1","9","10","22","5","1","2","0","1","0","0"
"POINT (13.281904508000025 52.509933348000061)","Unfall 6103 (2020) Kat:2, Licht: 0","6103","2","3","5","08","11","4","0","0","0","1","0","0"
"POINT (13.290558113000031 52.510475416000077)","Unfall 6104 (2020) Kat:3, Licht: 0","6104","3","6","3","07","12","4","1","0","0","1","0","0"
"POINT (13.444861370000069 52.545467168000073)","Unfall 6105 (2020) Kat:3, Licht: 0","6105","3","2","5","06","20","5","1","0","0","1","0","0"
"POINT (13.453507756000022 52.463823107000053)","Unfall 6106 (2020) Kat:3, Licht: 0","6106","3","6","3","11","14","4","0","0","0","1","0","0"
"POINT (13.296766220000052 52.542453485000067)","Unfall 6107 (2020) Kat:3, Licht: 0","6107","3","6","2","02","16","6","0","0","0","1","0","0"
"POINT (13.366446006000047 52.472337147000076)","Unfall 6108 (2020) Kat:3, Licht: 0","6108","3","6","2","09","18","5","0","0","0","1","0","0"
"POINT (13.554042496000022 52.557570884000029)","Unfall 6109 (2020) Kat:3, Licht: 0","6109","3","6","3","11","10","2","0","0","0","1","0","0"
"POINT (13.368407872000034 52.506410972000026)","Unfall 6110 (2020) Kat:3, Licht: 0","6110","3","3","2","06","12","2","0","0","1","1","0","0"
"POINT (13.439959285000043 52.541914860000077)","Unfall 6112 (2020) Kat:2, Licht: 1","6112","2","7","6","02","16","6","1","1","0","1","1","0"
"POINT (13.403147353000065 52.583601434000059)","Unfall 6113 (2020) Kat:3, Licht: 0","6113","3","1","0","09","06","5","1","0","1","0","0","0"
"POINT (13.457969569000056 52.491813768000043)","Unfall 6114 (2020) Kat:3, Licht: 0","6114","3","2","6","07","10","6","0","0","0","1","1","0"
"POINT (13.281936669000061 52.520814111000050)","Unfall 6115 (2020) Kat:3, Licht: 0","6115","3","6","2","02","14","6","0","0","0","1","0","0"
"POINT (13.316181285000027 52.512119481000070)","Unfall 6116 (2020) Kat:3, Licht: 0","6116","3","2","5","10","08","5","0","0","1","1","0","0"
"POINT (13.424322690000054 52.539024866000034)","Unfall 6117 (2020) Kat:3, Licht: 0","6117","3","2","5","12","13","3","1","0","1","1","0","0"
"POINT (13.348151562000055 52.574352758000032)","Unfall 6118 (2020) Kat:3, Licht: 0","6118","3","6","0","08","19","6","0","0","0","0","0","1"
"POINT (13.339477842000065 52.478605310000034)","Unfall 6119 (2020) Kat:3, Licht: 0","6119","3","6","2","07","15","3","0","0","0","1","0","0"
"POINT (13.343037386000049 52.513953563000030)","Unfall 6120 (2020) Kat:3, Licht: 0","6120","3","4","6","05","15","1","0","0","1","0","1","0"
"POINT (13.454462034000073 52.463241140000036)","Unfall 6121 (2020) Kat:3, Licht: 2","6121","3","6","3","10","06","4","1","2","0","1","0","0"
"POINT (13.282252233000065 52.520782782000026)","Unfall 6122 (2020) Kat:3, Licht: 0","6122","3","6","2","02","14","6","0","0","0","1","0","0"
"POINT (13.460273171000040 52.515240392000067)","Unfall 6123 (2020) Kat:3, Licht: 0","6123","3","2","5","09","16","1","0","0","1","1","0","0"
"POINT (13.419527066000057 52.525116704000027)","Unfall 6124 (2020) Kat:3, Licht: 2","6124","3","6","2","11","18","2","0","2","0","1","0","1"
"POINT (13.347402690000024 52.476286875000028)","Unfall 6125 (2020) Kat:2, Licht: 0","6125","2","6","3","05","07","3","0","0","0","1","0","1"
"POINT (13.359929572000055 52.572058159000051)","Unfall 6126 (2020) Kat:3, Licht: 0","6126","3","7","1","08","11","5","0","0","1","1","0","0"
"POINT (13.417223086000035 52.540180668000062)","Unfall 6127 (2020) Kat:3, Licht: 0","6127","3","6","3","06","16","7","1","0","1","0","0","0"
"POINT (13.295122974000037 52.539423447000047)","Unfall 6128 (2020) Kat:2, Licht: 0","6128","2","6","2","02","09","6","0","0","0","1","0","0"
"POINT (13.457695696000030 52.459091750000027)","Unfall 6129 (2020) Kat:3, Licht: 0","6129","3","6","2","10","15","6","0","0","0","1","0","0"
"POINT (13.126175895000074 52.478542796000056)","Unfall 6130 (2020) Kat:3, Licht: 0","6130","3","3","5","12","12","5","0","0","1","1","0","0"
"POINT (13.472893898000052 52.513824767000074)","Unfall 6132 (2020) Kat:3, Licht: 1","6132","3","4","6","02","07","6","0","1","0","0","1","0"
"POINT (13.385489219000021 52.468806365000034)","Unfall 6133 (2020) Kat:3, Licht: 2","6133","3","1","0","09","21","5","0","2","1","0","0","0"
"POINT (13.353993880000075 52.484882571000071)","Unfall 6134 (2020) Kat:3, Licht: 0","6134","3","6","2","07","20","7","0","0","0","1","0","0"
"POINT (13.434895892000043 52.535463841000080)","Unfall 6135 (2020) Kat:3, Licht: 0","6135","3","1","0","02","08","5","0","0","1","0","0","0"
"POINT (13.381606876000035 52.439162493000026)","Unfall 6136 (2020) Kat:3, Licht: 0","6136","3","2","3","10","16","5","1","0","0","1","0","0"
"POINT (13.412322362000054 52.541095454000072)","Unfall 6137 (2020) Kat:3, Licht: 0","6137","3","2","0","12","13","4","1","0","1","1","0","0"
"POINT (13.418421102000025 52.539993661000040)","Unfall 6138 (2020) Kat:3, Licht: 0","6138","3","6","2","05","10","2","1","0","0","1","0","0"
"POINT (13.292212124000059 52.493168090000040)","Unfall 6139 (2020) Kat:3, Licht: 2","6139","3","6","3","08","22","7","0","2","0","1","0","1"
"POINT (13.321481192000022 52.455065076000039)","Unfall 6140 (2020) Kat:3, Licht: 0","6140","3","6","2","07","09","5","0","0","0","1","0","0"
"POINT (13.557533806000038 52.561834303000069)","Unfall 6141 (2020) Kat:3, Licht: 0","6141","3","7","8","06","17","2","0","0","0","1","0","0"
"POINT (13.269377637000048 52.437610156000062)","Unfall 6142 (2020) Kat:3, Licht: 0","6142","3","3","5","10","12","4","0","0","0","1","0","1"
"POINT (13.380394135000074 52.437846209000043)","Unfall 6143 (2020) Kat:3, Licht: 2","6143","3","6","3","02","22","5","1","2","0","1","0","0"
"POINT (13.484014868000031 52.512711171000035)","Unfall 6144 (2020) Kat:3, Licht: 0","6144","3","6","2","09","17","2","0","0","0","1","0","1"
"POINT (13.424390723000045 52.539001634000044)","Unfall 6145 (2020) Kat:3, Licht: 2","6145","3","6","3","11","17","3","1","2","1","0","0","0"
"POINT (13.310493807000057 52.563554729000032)","Unfall 6146 (2020) Kat:3, Licht: 0","6146","3","6","2","05","17","2","0","0","0","1","0","0"
"POINT (13.379553712000074 52.436700391000045)","Unfall 6147 (2020) Kat:3, Licht: 2","6147","3","2","5","08","20","7","0","2","0","1","0","0"
"POINT (13.359024591000036 52.573392363000039)","Unfall 6148 (2020) Kat:3, Licht: 0","6148","3","2","5","06","12","1","0","0","0","1","0","0"
"POINT (13.504935201000023 52.510742288000074)","Unfall 6149 (2020) Kat:3, Licht: 2","6149","3","6","2","02","19","5","1","2","0","1","0","0"
"POINT (13.366324735000035 52.503807294000069)","Unfall 6150 (2020) Kat:3, Licht: 1","6150","3","7","0","10","07","7","0","1","0","0","0","0"
"POINT (13.447418439000046 52.601432693000049)","Unfall 6151 (2020) Kat:3, Licht: 0","6151","3","6","2","12","12","6","0","0","0","1","0","0"
"POINT (13.344589361000033 52.514060189000077)","Unfall 6152 (2020) Kat:3, Licht: 0","6152","3","3","5","08","16","3","0","0","1","0","0","0"
"POINT (13.411971555000036 52.541109315000028)","Unfall 6153 (2020) Kat:3, Licht: 0","6153","3","4","6","07","15","5","0","0","0","1","1","0"
"POINT (13.516388878000043 52.428000473000054)","Unfall 6154 (2020) Kat:3, Licht: 0","6154","3","7","2","02","14","5","0","0","0","1","0","0"
"POINT (13.402784664000023 52.593148215000042)","Unfall 6155 (2020) Kat:3, Licht: 0","6155","3","3","5","10","14","6","0","0","1","1","0","0"
"POINT (13.209126407000042 52.426038196000036)","Unfall 6157 (2020) Kat:3, Licht: 0","6157","3","5","1","02","07","5","0","0","0","1","0","0"
"POINT (13.385510103000058 52.465383892000034)","Unfall 6158 (2020) Kat:3, Licht: 0","6158","3","1","0","09","15","4","0","0","1","1","0","0"
"POINT (13.403093905000048 52.594853198000067)","Unfall 6159 (2020) Kat:3, Licht: 0","6159","3","2","5","11","08","2","1","0","1","1","0","0"
"POINT (13.508796754000059 52.510382630000038)","Unfall 6160 (2020) Kat:3, Licht: 0","6160","3","5","1","09","16","1","0","0","1","1","0","0"
"POINT (13.377070222000043 52.501767144000041)","Unfall 6161 (2020) Kat:3, Licht: 0","6161","3","6","2","05","14","2","1","0","0","1","0","0"
"POINT (13.398902745000044 52.573174432000030)","Unfall 6162 (2020) Kat:2, Licht: 0","6162","2","6","2","08","19","1","0","0","0","1","0","0"
"POINT (13.261578998000061 52.489848187000064)","Unfall 6163 (2020) Kat:3, Licht: 0","6163","3","6","2","06","08","3","0","0","0","1","0","0"
"POINT (13.487563564000027 52.512485729000048)","Unfall 6164 (2020) Kat:3, Licht: 0","6164","3","7","0","02","15","5","1","0","1","0","0","0"
"POINT (13.390440856000055 52.618594110000060)","Unfall 6165 (2020) Kat:2, Licht: 0","6165","2","2","5","09","14","2","0","0","0","1","0","0"
"POINT (13.346343885000067 52.477201056000069)","Unfall 6166 (2020) Kat:3, Licht: 0","6166","3","6","2","12","14","4","1","0","0","1","0","0"
"POINT (13.435749842000064 52.535052175000033)","Unfall 6167 (2020) Kat:3, Licht: 0","6167","3","6","3","08","09","3","0","0","1","1","0","0"
"POINT (13.422808456000041 52.520211497000048)","Unfall 6168 (2020) Kat:3, Licht: 0","6168","3","3","5","06","12","5","0","0","1","1","0","0"
"POINT (13.352462057000025 52.484401310000067)","Unfall 6170 (2020) Kat:3, Licht: 1","6170","3","6","3","02","18","4","0","1","1","1","0","0"
"POINT (13.494524468000066 52.511788593000063)","Unfall 6171 (2020) Kat:3, Licht: 2","6171","3","5","1","11","18","2","0","2","1","1","0","0"
"POINT (13.398699351000062 52.575712871000064)","Unfall 6172 (2020) Kat:3, Licht: 1","6172","3","3","5","09","05","2","0","1","0","1","0","1"
"POINT (13.561225138000054 52.508759780000048)","Unfall 6173 (2020) Kat:3, Licht: 0","6173","3","3","5","08","14","7","0","0","1","1","0","0"
"POINT (13.272232429000042 52.438504806000026)","Unfall 6174 (2020) Kat:3, Licht: 0","6174","3","6","2","02","10","4","0","0","0","1","0","0"
"POINT (13.342656095000052 52.478551261000064)","Unfall 6175 (2020) Kat:3, Licht: 2","6175","3","1","0","10","05","5","1","2","0","0","0","0"
"POINT (13.365229996000039 52.472909861000062)","Unfall 6176 (2020) Kat:2, Licht: 0","6176","2","6","2","08","19","3","0","0","0","1","0","1"
"POINT (13.448760192000066 52.505290315000082)","Unfall 6177 (2020) Kat:3, Licht: 2","6177","3","3","5","07","22","3","0","2","0","1","0","0"
"POINT (13.413075595000066 52.545852489000026)","Unfall 6178 (2020) Kat:3, Licht: 0","6178","3","6","3","06","16","5","1","0","1","1","0","0"
"POINT (13.387557115000050 52.438988927000082)","Unfall 6179 (2020) Kat:3, Licht: 0","6179","3","3","5","11","12","3","0","0","0","1","0","0"
"POINT (13.386700611000037 52.438844244000052)","Unfall 6180 (2020) Kat:3, Licht: 0","6180","3","6","3","02","13","4","0","0","1","1","0","0"
"POINT (13.301166097000078 52.511328365000054)","Unfall 6181 (2020) Kat:3, Licht: 1","6181","3","6","2","09","18","4","0","1","0","1","0","0"
"POINT (13.314414538000051 52.512002386000063)","Unfall 6182 (2020) Kat:3, Licht: 2","6182","3","6","2","11","19","2","0","2","0","1","0","0"
"POINT (13.386053388000050 52.483187848000057)","Unfall 6183 (2020) Kat:3, Licht: 0","6183","3","2","5","06","11","7","0","0","1","1","0","0"
"POINT (13.370044643000028 52.539711605000036)","Unfall 6184 (2020) Kat:3, Licht: 2","6184","3","6","2","02","20","4","0","2","0","1","0","0"
"POINT (13.278016960000059 52.602025080000033)","Unfall 6185 (2020) Kat:3, Licht: 0","6185","3","6","2","09","09","4","0","0","0","1","0","0"
"POINT (13.488290224000025 52.512411231000044)","Unfall 6186 (2020) Kat:3, Licht: 0","6186","3","2","0","07","07","5","0","0","1","1","0","0"
"POINT (13.613435826000057 52.504764359000035)","Unfall 6187 (2020) Kat:3, Licht: 0","6187","3","2","5","02","12","3","0","0","0","1","0","1"
"POINT (13.419839036000042 52.524864412000056)","Unfall 6188 (2020) Kat:3, Licht: 2","6188","3","3","5","10","19","4","1","2","1","1","0","0"
"POINT (13.342786562000072 52.478643273000046)","Unfall 6189 (2020) Kat:3, Licht: 2","6189","3","1","8","12","03","6","1","2","0","1","0","0"
"POINT (13.457982466000033 52.491822357000046)","Unfall 6190 (2020) Kat:2, Licht: 0","6190","2","2","5","08","17","5","0","0","1","1","0","0"
"POINT (13.242831697000042 52.507562944000028)","Unfall 6191 (2020) Kat:3, Licht: 0","6191","3","6","2","07","17","3","0","0","0","1","0","0"
"POINT (13.359032675000037 52.573390242000073)","Unfall 6192 (2020) Kat:3, Licht: 0","6192","3","2","5","05","11","6","0","0","1","0","0","0"
"POINT (13.353232747000050 52.479704518000062)","Unfall 6193 (2020) Kat:3, Licht: 0","6193","3","2","5","10","08","3","0","0","1","1","0","0"
"POINT (13.570786303000034 52.505921237000052)","Unfall 6194 (2020) Kat:3, Licht: 1","6194","3","6","2","02","07","2","1","1","0","1","0","0"
"POINT (13.448579562000077 52.504996230000074)","Unfall 6195 (2020) Kat:2, Licht: 0","6195","2","4","6","09","18","1","0","0","1","0","1","0"
"POINT (13.126295456000037 52.478576008000061)","Unfall 6196 (2020) Kat:3, Licht: 0","6196","3","3","5","11","13","1","0","0","1","1","0","0"
"POINT (13.509265681000045 52.456967386000031)","Unfall 6197 (2020) Kat:3, Licht: 0","6197","3","6","2","05","15","2","0","0","0","1","0","0"
"POINT (13.311946645000035 52.625554294000040)","Unfall 6198 (2020) Kat:3, Licht: 0","6198","3","6","2","08","15","5","0","0","0","1","0","0"
"POINT (13.368833998000071 52.528701043000069)","Unfall 6199 (2020) Kat:3, Licht: 0","6199","3","6","2","06","14","6","0","0","0","1","0","0"
"POINT (13.443995192000045 52.615054303000079)","Unfall 6200 (2020) Kat:3, Licht: 2","6200","3","6","3","02","05","2","1","2","0","1","0","0"
"POINT (13.482277429000021 52.512884809000070)","Unfall 6201 (2020) Kat:3, Licht: 0","6201","3","3","5","10","13","6","0","0","1","1","0","0"