WKT,Name,OBJECTID,UKATEGORIE,UTYP1,UART,UMONAT,USTUNDE,UWOCHENTAG,STRZUSTAND,ULICHTVERH,ISTRAD,ISTPKW,ISTFUSS,ISTKRAD
"POINT (13.359159144000046 52.474273496000080)","Unfall 6202 (2020) Kat:3, Licht: 2","6202","3","6","2","12","16","3","0","2","0","0","0","1"
"POINT (13.248145904000069 52.613426427000036)","Unfall 6203 (2020) Kat:3, Licht: 0","6203","3","6","2","08","18","1","0","0","0","0","0","1"
"POINT (13.304301776000045 52.449467951000031)","Unfall 6204 (2020) Kat:3, Licht: 0","6204","3","6","0","06","06","2","0","0","1","1","0","0"
"POINT (13.454205708000075 52.515631605000067)","Unfall 6205 (2020) Kat:3, Licht: 2","6205","3","3","5","02","23","1","1","2","0","1","0","0"
"POINT (13.346946676000073 52.578942828000038)","Unfall 6206 (2020) Kat:3, Licht: 0","6206","3","3","5","10","09","4","1","0","0","1","0","0"
"POINT (13.424554141000044 52.539531533000059)","Unfall 6208 (2020) Kat:2, Licht: 2","6208","2","1","0","02","01","1","0","2","1","0","0","0"
"POINT (13.191431847000047 52.426282019000041)","Unfall 6209 (2020) Kat:3, Licht: 0","6209","3","6","0","09","11","2","0","0","0","1","0","0"
"POINT (13.289349543000071 52.510398831000032)","Unfall 6210 (2020) Kat:3, Licht: 1","6210","3","2","6","11","16","7","0","1","0","1","1","0"
"POINT (13.371067616000062 52.470792052000036)","Unfall 6211 (2020) Kat:3, Licht: 0","6211","3","6","2","09","11","6","0","0","0","1","0","0"
"POINT (13.359324566000055 52.489240081000048)","Unfall 6212 (2020) Kat:3, Licht: 2","6212","3","5","0","02","18","1","1","2","1","1","0","0"
"POINT (13.361437587000069 52.496413166000082)","Unfall 6213 (2020) Kat:3, Licht: 0","6213","3","5","1","05","11","2","1","0","1","1","0","0"
"POINT (13.360662068000067 52.570608456000059)","Unfall 6214 (2020) Kat:3, Licht: 1","6214","3","1","0","08","18","6","0","1","1","0","0","0"
"POINT (13.419834266000066 52.524860326000066)","Unfall 6215 (2020) Kat:3, Licht: 0","6215","3","3","5","07","13","3","0","0","1","0","0","0"
"POINT (13.412172765000037 52.543660360000047)","Unfall 6216 (2020) Kat:2, Licht: 0","6216","2","1","1","06","18","2","0","0","1","1","0","0"
"POINT (13.508782822000057 52.457307138000033)","Unfall 6217 (2020) Kat:3, Licht: 0","6217","3","7","0","02","13","7","0","0","1","0","0","0"
"POINT (13.417298906000042 52.523089335000066)","Unfall 6218 (2020) Kat:3, Licht: 2","6218","3","5","1","09","20","6","0","2","1","1","0","0"
"POINT (13.359250510000038 52.573132233000081)","Unfall 6219 (2020) Kat:3, Licht: 0","6219","3","6","3","12","15","2","1","0","0","1","0","0"
"POINT (13.357893459000024 52.487961575000043)","Unfall 6220 (2020) Kat:3, Licht: 0","6220","3","7","6","06","15","4","0","0","0","1","1","0"
"POINT (13.452677347000076 52.518212407000078)","Unfall 6222 (2020) Kat:3, Licht: 2","6222","3","6","2","02","20","7","0","2","0","1","0","0"
"POINT (13.428794646000028 52.571571482000081)","Unfall 6223 (2020) Kat:3, Licht: 0","6223","3","2","5","11","11","6","0","0","1","0","0","0"
"POINT (13.447579646000065 52.526200125000059)","Unfall 6224 (2020) Kat:3, Licht: 0","6224","3","6","2","09","10","7","1","0","0","1","0","0"
"POINT (13.453024350000021 52.512936789000037)","Unfall 6225 (2020) Kat:3, Licht: 0","6225","3","6","3","07","18","5","0","0","1","1","0","0"
"POINT (13.412398628000062 52.461028780000049)","Unfall 6226 (2020) Kat:3, Licht: 0","6226","3","6","2","08","09","2","0","0","0","1","0","0"
"POINT (13.365256377000037 52.558091558000058)","Unfall 6227 (2020) Kat:2, Licht: 0","6227","2","3","5","07","07","4","0","0","1","1","0","0"
"POINT (13.285870581000040 52.510592339000027)","Unfall 6228 (2020) Kat:3, Licht: 2","6228","3","6","2","02","19","7","0","2","0","1","0","0"
"POINT (13.353892889000065 52.478990085000078)","Unfall 6229 (2020) Kat:3, Licht: 0","6229","3","2","5","10","16","5","0","0","0","1","0","1"
"POINT (13.398671288000060 52.418609135000054)","Unfall 6231 (2020) Kat:3, Licht: 2","6231","3","5","0","02","18","7","0","2","0","1","0","0"
"POINT (13.391188221000050 52.431800947000056)","Unfall 6232 (2020) Kat:3, Licht: 0","6232","3","2","6","09","16","3","0","0","0","1","1","0"
"POINT (13.550593091000053 52.509439297000029)","Unfall 6233 (2020) Kat:2, Licht: 0","6233","2","1","9","11","15","1","0","0","0","1","0","0"
"POINT (13.349245310000072 52.481498092000038)","Unfall 6234 (2020) Kat:3, Licht: 0","6234","3","4","6","09","17","6","0","0","0","1","1","0"
"POINT (13.389143181000065 52.498000920000038)","Unfall 6235 (2020) Kat:3, Licht: 0","6235","3","6","2","05","14","1","0","0","0","1","0","0"
"POINT (13.588744844000075 52.504993134000074)","Unfall 6236 (2020) Kat:2, Licht: 0","6236","2","3","6","08","18","7","0","0","0","1","1","0"
"POINT (13.408914716000027 52.516973690000043)","Unfall 6237 (2020) Kat:3, Licht: 0","6237","3","2","2","06","16","3","0","0","0","1","0","1"
"POINT (13.272993154000062 52.499050657000055)","Unfall 6238 (2020) Kat:3, Licht: 0","6238","3","6","2","02","15","7","0","0","0","1","0","0"
"POINT (13.258309012000041 52.508522736000032)","Unfall 6239 (2020) Kat:3, Licht: 0","6239","3","2","5","09","16","1","0","0","1","1","0","0"
"POINT (13.263446038000041 52.508822224000028)","Unfall 6240 (2020) Kat:3, Licht: 0","6240","3","6","3","12","07","2","0","0","1","1","0","0"
"POINT (13.345797823000055 52.580430922000062)","Unfall 6241 (2020) Kat:3, Licht: 0","6241","3","7","2","06","10","4","0","0","0","1","0","1"
"POINT (13.334469137000042 52.593231602000060)","Unfall 6243 (2020) Kat:3, Licht: 0","6243","3","4","6","02","14","7","0","0","0","1","1","0"
"POINT (13.449214732000030 52.606709390000049)","Unfall 6244 (2020) Kat:2, Licht: 0","6244","2","6","2","11","09","2","0","0","0","1","0","0"
"POINT (13.544277076000071 52.510877424000057)","Unfall 6245 (2020) Kat:3, Licht: 1","6245","3","1","0","09","21","1","0","1","1","0","0","0"
"POINT (13.401421327000037 52.511408874000040)","Unfall 6246 (2020) Kat:3, Licht: 0","6246","3","6","2","07","18","6","0","0","0","1","0","1"
"POINT (13.407964193000055 52.515736427000036)","Unfall 6247 (2020) Kat:3, Licht: 2","6247","3","3","5","02","19","6","0","2","1","0","0","0"
"POINT (13.369919464000077 52.541829726000060)","Unfall 6248 (2020) Kat:3, Licht: 0","6248","3","2","6","10","07","4","1","0","0","1","1","0"
"POINT (13.448584095000058 52.505003609000028)","Unfall 6249 (2020) Kat:2, Licht: 0","6249","2","1","0","08","10","3","1","0","1","0","0","0"
"POINT (13.170192374000067 52.420846930000039)","Unfall 6250 (2020) Kat:3, Licht: 0","6250","3","1","8","07","11","1","0","0","1","0","0","0"
"POINT (13.281644183000026 52.510081796000065)","Unfall 6251 (2020) Kat:3, Licht: 0","6251","3","6","2","06","17","4","0","0","0","1","0","0"
"POINT (13.433040131000041 52.536054111000055)","Unfall 6252 (2020) Kat:3, Licht: 0","6252","3","2","2","11","11","2","0","0","0","1","0","0"
"POINT (13.295334422000053 52.540167848000067)","Unfall 6253 (2020) Kat:3, Licht: 2","6253","3","6","2","02","21","6","0","2","0","1","0","0"
"POINT (13.374165955000024 52.509221270000069)","Unfall 6254 (2020) Kat:3, Licht: 0","6254","3","6","2","09","11","4","0","0","0","1","0","0"
"POINT (13.451516962000028 52.515982769000061)","Unfall 6255 (2020) Kat:2, Licht: 2","6255","2","1","0","11","01","7","0","2","1","0","0","0"
"POINT (13.429356302000031 52.549647482000069)","Unfall 6256 (2020) Kat:3, Licht: 0","6256","3","5","0","06","06","6","0","0","1","1","0","0"
"POINT (13.448132256000065 52.504344404000051)","Unfall 6257 (2020) Kat:3, Licht: 0","6257","3","2","0","02","15","6","0","0","1","1","0","0"
"POINT (13.467463531000021 52.514365383000040)","Unfall 6258 (2020) Kat:3, Licht: 0","6258","3","3","5","09","07","3","0","0","1","1","0","0"
"POINT (13.460243134000052 52.550397406000059)","Unfall 6259 (2020) Kat:3, Licht: 0","6259","3","6","2","07","09","5","0","0","0","1","0","0"
"POINT (13.281807926000056 52.509926853000081)","Unfall 6260 (2020) Kat:2, Licht: 2","6260","2","4","6","02","20","5","0","2","0","0","1","0"
"POINT (13.419528269000068 52.525117826000042)","Unfall 6261 (2020) Kat:2, Licht: 0","6261","2","2","2","10","15","4","1","0","0","1","0","0"
"POINT (13.275050424000028 52.500440897000033)","Unfall 6262 (2020) Kat:3, Licht: 2","6262","3","6","3","12","19","4","1","2","0","1","0","0"
"POINT (13.355055738000033 52.485621127000059)","Unfall 6263 (2020) Kat:3, Licht: 0","6263","3","5","0","08","18","4","0","0","1","1","0","0"
"POINT (13.497550817000047 52.464739500000064)","Unfall 6264 (2020) Kat:3, Licht: 0","6264","3","3","5","07","11","2","0","0","1","0","0","0"
"POINT (13.467734637000035 52.554633268000032)","Unfall 6265 (2020) Kat:3, Licht: 0","6265","3","6","0","05","16","5","0","0","0","1","0","1"
"POINT (13.558281120000061 52.562884999000062)","Unfall 6266 (2020) Kat:3, Licht: 0","6266","3","3","5","10","09","2","1","0","0","1","0","0"
"POINT (13.384429913000076 52.453492397000048)","Unfall 6268 (2020) Kat:3, Licht: 2","6268","3","4","6","02","19","5","0","2","0","0","1","1"
"POINT (13.493188000000032 52.467759872000045)","Unfall 6269 (2020) Kat:3, Licht: 0","6269","3","3","5","09","13","6","0","0","1","1","0","0"
"POINT (13.352721963000022 52.514729483000053)","Unfall 6270 (2020) Kat:3, Licht: 2","6270","3","4","6","11","18","4","0","2","1","0","1","0"
"POINT (13.553316641000038 52.509346998000069)","Unfall 6271 (2020) Kat:3, Licht: 0","6271","3","1","0","05","15","7","1","0","0","0","0","1"
"POINT (13.457851988000073 52.491956940000080)","Unfall 6272 (2020) Kat:3, Licht: 0","6272","3","6","2","08","16","4","1","0","0","1","0","0"
"POINT (13.487580655000045 52.512483972000041)","Unfall 6273 (2020) Kat:3, Licht: 0","6273","3","6","3","06","07","6","0","0","0","1","0","0"
"POINT (13.261646150000047 52.489901382000028)","Unfall 6274 (2020) Kat:3, Licht: 2","6274","3","6","2","02","18","5","0","2","0","1","0","0"
"POINT (13.482277429000021 52.512884809000070)","Unfall 6275 (2020) Kat:3, Licht: 0","6275","3","3","5","10","08","5","0","0","1","1","0","0"
"POINT (13.367887820000021 52.538481546000071)","Unfall 6276 (2020) Kat:3, Licht: 0","6276","3","6","3","12","14","3","0","0","0","1","0","0"
"POINT (13.354681488000040 52.476905747000046)","Unfall 6277 (2020) Kat:3, Licht: 0","6277","3","1","9","08","09","6","0","0","0","0","0","1"
"POINT (13.182418512000027 52.418809142000043)","Unfall 6278 (2020) Kat:2, Licht: 0","6278","2","1","1","06","16","2","0","0","0","1","0","0"
"POINT (13.452039373000048 52.519660335000026)","Unfall 6279 (2020) Kat:3, Licht: 0","6279","3","5","1","02","11","5","0","0","1","1","0","0"
"POINT (13.450953212000059 52.509348774000046)","Unfall 6280 (2020) Kat:3, Licht: 1","6280","3","7","6","10","18","2","0","1","1","0","1","0"
"POINT (13.376936299000022 52.501916827000059)","Unfall 6282 (2020) Kat:3, Licht: 0","6282","3","3","5","02","14","4","0","0","0","1","0","0"
"POINT (13.390401674000032 52.433833781000033)","Unfall 6283 (2020) Kat:3, Licht: 2","6283","3","6","0","11","04","6","0","2","0","1","0","1"
"POINT (13.398520525000038 52.579915987000049)","Unfall 6284 (2020) Kat:3, Licht: 2","6284","3","2","6","09","02","5","1","2","0","1","1","0"
"POINT (13.326942908000035 52.513016988000061)","Unfall 6285 (2020) Kat:3, Licht: 0","6285","3","6","2","02","15","4","0","0","1","0","0","0"
"POINT (13.402946672000041 52.598173379000059)","Unfall 6286 (2020) Kat:3, Licht: 0","6286","3","3","5","05","15","6","0","0","1","1","0","0"
"POINT (13.387866546000055 52.498354151000058)","Unfall 6287 (2020) Kat:3, Licht: 0","6287","3","5","1","08","18","5","0","0","1","1","0","0"
"POINT (13.368335439000077 52.541111073000081)","Unfall 6288 (2020) Kat:3, Licht: 0","6288","3","6","2","07","18","1","0","0","0","1","0","1"
"POINT (13.366153434000069 52.537492598000028)","Unfall 6289 (2020) Kat:3, Licht: 0","6289","3","3","5","06","17","1","0","0","0","1","0","0"
"POINT (13.468912563000060 52.562762916000054)","Unfall 6290 (2020) Kat:3, Licht: 2","6290","3","7","4","02","04","4","1","2","0","1","0","0"
"POINT (13.421526738000068 52.539506129000074)","Unfall 6291 (2020) Kat:3, Licht: 0","6291","3","2","6","09","11","5","0","0","0","1","1","0"
"POINT (13.310036161000028 52.564581577000070)","Unfall 6292 (2020) Kat:3, Licht: 2","6292","3","1","0","12","06","7","0","2","0","0","0","0"
"POINT (13.360842446000049 52.491833866000036)","Unfall 6293 (2020) Kat:3, Licht: 0","6293","3","5","1","06","20","3","0","0","1","1","0","0"
"POINT (13.426684434000038 52.461372193000045)","Unfall 6295 (2020) Kat:3, Licht: 2","6295","3","6","3","02","19","4","0","2","0","1","0","0"
"POINT (13.456670110000061 52.515460620000056)","Unfall 6296 (2020) Kat:3, Licht: 0","6296","3","6","0","09","15","6","0","0","1","0","0","0"
"POINT (13.460147309000035 52.515253365000035)","Unfall 6297 (2020) Kat:3, Licht: 0","6297","3","2","5","07","14","3","0","0","0","1","0","0"
"POINT (13.488247190000038 52.512415503000057)","Unfall 6298 (2020) Kat:2, Licht: 2","6298","2","2","5","02","20","4","0","2","1","1","0","0"
"POINT (13.369674838000037 52.541595602000029)","Unfall 6299 (2020) Kat:3, Licht: 0","6299","3","3","5","10","13","6","0","0","1","0","0","0"
"POINT (13.387675985000044 52.439443811000046)","Unfall 6300 (2020) Kat:3, Licht: 0","6300","3","6","2","08","08","2","0","0","0","1","0","0"
"POINT (13.292458694000061 52.534958342000039)","Unfall 6301 (2020) Kat:3, Licht: 0","6301","3","6","2","07","14","6","1","0","0","1","0","0"
"POINT (13.271427347000042 52.509170410000081)","Unfall 6302 (2020) Kat:3, Licht: 0","6302","3","6","4","06","10","3","0","0","1","0","0","0"
"POINT (13.318833931000029 52.610846004000052)","Unfall 6303 (2020) Kat:3, Licht: 0","6303","3","3","5","10","09","6","1","0","0","1","0","0"
"POINT (13.444783032000032 52.516662932000031)","Unfall 6304 (2020) Kat:3, Licht: 1","6304","3","6","2","02","17","4","0","1","0","1","0","0"
"POINT (13.398431149000032 52.579855355000063)","Unfall 6305 (2020) Kat:3, Licht: 0","6305","3","1","0","09","18","3","0","0","1","1","0","0"
"POINT (13.367725679000046 52.550773033000041)","Unfall 6306 (2020) Kat:3, Licht: 2","6306","3","6","2","11","19","5","1","2","1","0","0","0"
"POINT (13.294295243000022 52.446063248000030)","Unfall 6307 (2020) Kat:3, Licht: 0","6307","3","1","1","06","16","4","0","0","1","1","0","0"
"POINT (13.179091535000055 52.516648970000062)","Unfall 6308 (2020) Kat:3, Licht: 1","6308","3","2","5","08","17","1","1","1","1","1","0","0"
"POINT (13.484238234000031 52.512820380000051)","Unfall 6309 (2020) Kat:3, Licht: 0","6309","3","3","5","06","16","3","0","0","1","1","0","0"
"POINT (13.389268745000038 52.497470679000060)","Unfall 6310 (2020) Kat:3, Licht: 0","6310","3","2","2","02","10","4","0","0","1","0","0","0"
"POINT (13.468532962000040 52.484349783000027)","Unfall 6311 (2020) Kat:3, Licht: 0","6311","3","3","5","10","14","2","0","0","1","0","0","1"
"POINT (13.284276432000070 52.509517826000035)","Unfall 6312 (2020) Kat:3, Licht: 0","6312","3","6","2","12","14","7","0","0","0","1","0","0"
"POINT (13.363812562000021 52.564607853000041)","Unfall 6313 (2020) Kat:3, Licht: 0","6313","3","4","0","08","19","3","0","0","1","0","1","0"
"POINT (13.284290036000073 52.495904845000041)","Unfall 6314 (2020) Kat:3, Licht: 0","6314","3","6","2","07","13","6","0","0","0","1","0","0"
"POINT (13.386059182000054 52.484805113000050)","Unfall 6315 (2020) Kat:3, Licht: 0","6315","3","2","5","05","11","3","0","0","1","1","0","0"
"POINT (13.369464646000040 52.529073137000069)","Unfall 6316 (2020) Kat:3, Licht: 2","6316","3","7","0","02","06","4","1","2","1","0","0","0"
"POINT (13.387593162000030 52.438995016000035)","Unfall 6317 (2020) Kat:3, Licht: 0","6317","3","3","5","10","11","1","1","0","0","1","0","0"
"POINT (13.403684177000059 52.582552182000029)","Unfall 6318 (2020) Kat:3, Licht: 0","6318","3","1","0","08","07","2","0","0","1","0","0","0"
"POINT (13.437905184000044 52.462506316000031)","Unfall 6319 (2020) Kat:3, Licht: 0","6319","3","6","2","07","16","7","0","0","0","1","0","0"
"POINT (13.196046237000076 52.422158907000039)","Unfall 6320 (2020) Kat:3, Licht: 0","6320","3","6","2","06","18","3","0","0","0","1","0","1"
"POINT (13.429435894000051 52.518471033000026)","Unfall 6321 (2020) Kat:3, Licht: 0","6321","3","6","2","11","12","1","0","0","0","1","0","0"
"POINT (13.384353775000022 52.452769275000037)","Unfall 6322 (2020) Kat:3, Licht: 1","6322","3","1","0","02","06","4","1","1","0","0","0","1"
"POINT (13.306216885000026 52.511659661000067)","Unfall 6323 (2020) Kat:3, Licht: 0","6323","3","6","0","09","14","3","0","0","0","1","0","1"
"POINT (13.388748997000050 52.498137362000080)","Unfall 6324 (2020) Kat:3, Licht: 2","6324","3","3","5","11","21","6","0","2","0","1","0","0"
"POINT (13.364508599000033 52.501716350000038)","Unfall 6325 (2020) Kat:3, Licht: 0","6325","3","6","2","06","15","5","0","0","0","1","0","0"
"POINT (13.382241410000063 52.470076732000052)","Unfall 6326 (2020) Kat:3, Licht: 2","6326","3","6","2","02","05","4","1","2","0","1","0","0"
"POINT (13.360978658000022 52.493353563000028)","Unfall 6327 (2020) Kat:3, Licht: 0","6327","3","6","2","08","15","2","0","0","0","1","0","0"
"POINT (13.304002314000059 52.449555172000032)","Unfall 6328 (2020) Kat:2, Licht: 0","6328","2","5","5","07","11","4","0","0","1","0","0","0"
"POINT (13.192262763000031 52.432931804000077)","Unfall 6329 (2020) Kat:3, Licht: 1","6329","3","6","3","06","22","3","0","1","0","1","0","0"
"POINT (13.385809900000027 52.472465880000073)","Unfall 6330 (2020) Kat:3, Licht: 0","6330","3","6","2","02","15","3","1","0","0","1","0","0"
"POINT (13.300008278000064 52.488086474000056)","Unfall 6331 (2020) Kat:3, Licht: 0","6331","3","6","2","10","14","3","0","0","0","1","0","0"
"POINT (13.276855663000049 52.439946829000064)","Unfall 6332 (2020) Kat:3, Licht: 2","6332","3","5","1","12","18","3","1","2","0","1","0","0"
"POINT (13.401397939000049 52.511403214000040)","Unfall 6333 (2020) Kat:3, Licht: 0","6333","3","6","2","08","06","4","0","0","0","1","0","0"
"POINT (13.412510013000031 52.545022046000042)","Unfall 6334 (2020) Kat:3, Licht: 0","6334","3","6","4","07","14","1","0","0","1","0","0","0"
"POINT (13.412667732000045 52.519338017000052)","Unfall 6335 (2020) Kat:3, Licht: 0","6335","3","6","2","05","13","5","0","0","0","1","0","1"
"POINT (13.460812955000051 52.494183523000061)","Unfall 6336 (2020) Kat:3, Licht: 0","6336","3","5","0","10","07","2","1","0","1","0","0","0"
"POINT (13.276168926000025 52.509556554000028)","Unfall 6338 (2020) Kat:2, Licht: 2","6338","2","4","6","02","18","3","1","2","0","1","1","0"
"POINT (13.553390201000070 52.509345519000078)","Unfall 6339 (2020) Kat:3, Licht: 0","6339","3","2","5","09","18","5","0","0","1","1","0","0"
"POINT (13.367501139000069 52.472036997000032)","Unfall 6340 (2020) Kat:3, Licht: 1","6340","3","1","0","11","16","3","1","1","0","0","0","1"
"POINT (13.400024720000033 52.569971276000047)","Unfall 6341 (2020) Kat:2, Licht: 0","6341","2","7","6","04","13","5","0","0","1","0","1","0"
"POINT (13.549469881000050 52.551975597000080)","Unfall 6342 (2020) Kat:2, Licht: 2","6342","2","4","6","08","22","3","0","2","0","1","1","0"
"POINT (13.297203457000023 52.510877404000041)","Unfall 6343 (2020) Kat:3, Licht: 0","6343","3","3","2","06","17","5","1","0","0","1","0","0"
"POINT (13.445072289000052 52.545564283000033)","Unfall 6344 (2020) Kat:3, Licht: 0","6344","3","2","5","05","17","1","0","0","1","1","0","0"
"POINT (13.482894948000023 52.573790256000052)","Unfall 6345 (2020) Kat:3, Licht: 1","6345","3","6","2","02","07","2","1","1","0","1","0","0"
"POINT (13.432645536000052 52.462119925000081)","Unfall 6346 (2020) Kat:3, Licht: 2","6346","3","6","3","09","23","4","0","2","0","1","0","0"
"POINT (13.359861488000035 52.489830820000066)","Unfall 6347 (2020) Kat:3, Licht: 0","6347","3","5","1","12","13","7","0","0","1","1","0","0"
"POINT (13.304245817000037 52.511527485000045)","Unfall 6348 (2020) Kat:3, Licht: 0","6348","3","6","2","08","16","5","0","0","0","1","0","1"
"POINT (13.285513372000025 52.494868570000051)","Unfall 6349 (2020) Kat:3, Licht: 0","6349","3","6","2","06","15","1","1","0","0","1","0","0"
"POINT (13.406637593000028 52.391304052000066)","Unfall 6350 (2020) Kat:3, Licht: 0","6350","3","7","0","10","16","2","0","0","1","0","0","0"
"POINT (13.347638196000048 52.574320898000053)","Unfall 6352 (2020) Kat:3, Licht: 0","6352","3","7","2","02","11","2","1","0","0","1","0","0"
"POINT (13.347077583000043 52.514228918000072)","Unfall 6353 (2020) Kat:3, Licht: 0","6353","3","6","2","11","11","5","0","0","0","1","0","0"
"POINT (13.386546390000035 52.510154325000030)","Unfall 6354 (2020) Kat:3, Licht: 0","6354","3","6","3","09","09","4","0","0","0","1","0","1"
"POINT (13.365501270000038 52.557972327000073)","Unfall 6355 (2020) Kat:3, Licht: 2","6355","3","3","5","02","23","2","1","2","0","1","0","0"
"POINT (13.284234369000046 52.530581105000067)","Unfall 6356 (2020) Kat:3, Licht: 0","6356","3","6","3","10","10","7","1","0","0","1","0","0"
"POINT (13.359942354000054 52.572034246000044)","Unfall 6357 (2020) Kat:3, Licht: 0","6357","3","6","2","08","14","5","0","0","0","1","0","0"
"POINT (13.420013192000056 52.525547769000070)","Unfall 6358 (2020) Kat:3, Licht: 0","6358","3","6","2","07","14","5","0","0","0","1","0","0"
"POINT (13.381745401000046 52.439250114000060)","Unfall 6359 (2020) Kat:3, Licht: 0","6359","3","7","0","05","12","7","0","0","1","0","0","0"
"POINT (13.549636386000032 52.552168666000057)","Unfall 6360 (2020) Kat:3, Licht: 0","6360","3","3","5","06","13","6","1","0","1","1","0","0"
"POINT (13.407214539000051 52.461766651000062)","Unfall 6361 (2020) Kat:3, Licht: 2","6361","3","6","0","02","21","2","1","2","0","1","0","0"
"POINT (13.387611444000072 52.438998104000063)","Unfall 6362 (2020) Kat:2, Licht: 0","6362","2","6","2","09","16","5","0","0","0","1","0","0"
"POINT (13.368407872000034 52.506410972000026)","Unfall 6363 (2020) Kat:3, Licht: 0","6363","3","6","2","12","08","5","0","0","0","1","0","0"
"POINT (13.357761323000034 52.407165058000032)","Unfall 6364 (2020) Kat:2, Licht: 0","6364","2","3","5","06","15","3","0","0","1","1","0","0"
"POINT (13.348134482000034 52.472301721000065)","Unfall 6366 (2020) Kat:2, Licht: 2","6366","2","6","0","02","18","2","1","2","0","1","0","1"
"POINT (13.414101636000055 52.550726006000048)","Unfall 6367 (2020) Kat:3, Licht: 0","6367","3","2","5","09","08","6","1","0","1","1","0","0"
"POINT (13.562686556000074 52.508223930000042)","Unfall 6368 (2020) Kat:3, Licht: 0","6368","3","1","0","07","19","2","1","0","0","0","0","1"
"POINT (13.453779071000042 52.515740035000078)","Unfall 6369 (2020) Kat:3, Licht: 2","6369","3","2","5","02","17","2","1","2","0","1","0","0"
"POINT (13.359052671000029 52.573384997000062)","Unfall 6370 (2020) Kat:3, Licht: 2","6370","3","3","5","10","19","6","1","2","0","1","0","1"
"POINT (13.359042419000048 52.573387687000036)","Unfall 6371 (2020) Kat:3, Licht: 0","6371","3","3","5","12","13","4","0","0","0","1","0","0"
"POINT (13.369214515000067 52.541528960000051)","Unfall 6372 (2020) Kat:2, Licht: 2","6372","2","1","0","08","21","1","0","2","1","0","0","0"
"POINT (13.348565136000047 52.481863681000050)","Unfall 6373 (2020) Kat:3, Licht: 0","6373","3","2","5","07","18","5","1","0","1","1","0","0"
"POINT (13.228209625000034 52.506779644000062)","Unfall 6374 (2020) Kat:2, Licht: 0","6374","2","2","6","05","17","6","0","0","0","1","1","0"
"POINT (13.267434999000045 52.509067689000062)","Unfall 6375 (2020) Kat:2, Licht: 0","6375","2","7","0","06","14","2","0","0","1","0","0","0"
"POINT (13.209603093000055 52.425976555000034)","Unfall 6376 (2020) Kat:3, Licht: 2","6376","3","6","3","10","21","4","0","2","0","0","0","1"
"POINT (13.311270178000029 52.627783462000082)","Unfall 6377 (2020) Kat:3, Licht: 2","6377","3","6","2","02","17","2","1","2","0","1","0","0"
"POINT (13.341232260000027 52.586380941000073)","Unfall 6378 (2020) Kat:3, Licht: 0","6378","3","7","5","09","16","2","0","0","0","1","0","1"
"POINT (13.314630509000040 52.512016562000042)","Unfall 6379 (2020) Kat:3, Licht: 0","6379","3","3","5","11","13","4","0","0","0","1","0","0"
"POINT (13.222386204000031 52.429312543000037)","Unfall 6380 (2020) Kat:3, Licht: 0","6380","3","6","2","06","10","4","0","0","0","1","0","0"
"POINT (13.498104489000070 52.464507159000050)","Unfall 6381 (2020) Kat:3, Licht: 0","6381","3","5","3","08","13","7","0","0","0","1","0","0"
"POINT (13.507235807000029 52.458389782000040)","Unfall 6382 (2020) Kat:3, Licht: 0","6382","3","2","5","06","10","3","0","0","1","1","0","0"
"POINT (13.282665836000035 52.528531805000057)","Unfall 6383 (2020) Kat:3, Licht: 0","6383","3","6","2","02","13","2","1","0","0","1","0","0"
"POINT (13.267729551000059 52.509085727000070)","Unfall 6384 (2020) Kat:3, Licht: 0","6384","3","5","1","10","15","1","0","0","1","1","0","0"
"POINT (13.412447407000059 52.519468618000076)","Unfall 6385 (2020) Kat:3, Licht: 0","6385","3","6","0","12","09","6","0","0","1","1","0","0"
"POINT (13.362831353000047 52.566857069000037)","Unfall 6386 (2020) Kat:3, Licht: 0","6386","3","7","6","08","10","3","0","0","1","0","1","0"
"POINT (13.378497811000045 52.469950205000032)","Unfall 6387 (2020) Kat:3, Licht: 0","6387","3","6","2","07","16","5","0","0","0","1","0","0"
"POINT (13.349981102000072 52.481188619000079)","Unfall 6388 (2020) Kat:3, Licht: 2","6388","3","2","2","10","19","6","1","2","1","1","0","0"
"POINT (13.323465073000023 52.512788387000057)","Unfall 6390 (2020) Kat:3, Licht: 0","6390","3","6","2","02","12","2","1","0","0","1","0","0"
"POINT (13.281352481000056 52.504076126000029)","Unfall 6391 (2020) Kat:3, Licht: 0","6391","3","6","2","09","07","4","0","0","0","1","0","0"
"POINT (13.282540446000041 52.519341477000069)","Unfall 6392 (2020) Kat:3, Licht: 2","6392","3","6","3","11","05","2","1","2","0","1","0","1"
"POINT (13.368947068000068 52.528741391000040)","Unfall 6393 (2020) Kat:3, Licht: 0","6393","3","6","2","04","17","5","0","0","0","1","0","0"
"POINT (13.282203772000059 52.510118445000046)","Unfall 6394 (2020) Kat:3, Licht: 0","6394","3","6","2","08","17","2","1","0","0","1","0","1"
"POINT (13.479463987000031 52.484511321000070)","Unfall 6395 (2020) Kat:3, Licht: 0","6395","3","3","5","06","07","4","0","0","1","1","0","0"
"POINT (13.281407445000070 52.498907295000038)","Unfall 6396 (2020) Kat:3, Licht: 2","6396","3","6","2","02","22","7","0","2","0","1","0","0"
"POINT (13.453777517000049 52.515732883000055)","Unfall 6397 (2020) Kat:3, Licht: 0","6397","3","3","5","09","16","3","0","0","1","1","0","0"
"POINT (13.258345892000023 52.508525255000052)","Unfall 6398 (2020) Kat:3, Licht: 2","6398","3","2","6","12","18","5","0","2","0","1","1","0"
"POINT (13.413463862000071 52.549089312000035)","Unfall 6399 (2020) Kat:3, Licht: 0","6399","3","6","3","08","17","3","0","0","1","0","0","0"
"POINT (13.448173570000051 52.516320514000029)","Unfall 6400 (2020) Kat:3, Licht: 0","6400","3","6","0","06","19","5","0","0","1","0","0","0"
"POINT (13.358045129000061 52.488135018000037)","Unfall 6401 (2020) Kat:3, Licht: 0","6401","3","2","2","10","12","7","0","0","0","1","0","0"
"POINT (13.606261516000075 52.504828802000077)","Unfall 6403 (2020) Kat:3, Licht: 2","6403","3","3","5","02","17","7","1","2","0","1","0","0"
"POINT (13.386612824000053 52.490855035000038)","Unfall 6404 (2020) Kat:3, Licht: 2","6404","3","7","7","11","06","3","0","2","1","0","0","0"