WKT,Name,OBJECTID,UKATEGORIE,UTYP1,UART,UMONAT,USTUNDE,UWOCHENTAG,STRZUSTAND,ULICHTVERH,ISTRAD,ISTPKW,ISTFUSS,ISTKRAD
"POINT (13.197164468000040 52.418506609000076)","Unfall 6405 (2020) Kat:3, Licht: 0","6405","3","6","2","02","12","7","1","0","0","1","0","0"
"POINT (13.419942724000066 52.524953228000072)","Unfall 6406 (2020) Kat:3, Licht: 0","6406","3","2","5","09","15","2","0","0","1","1","0","0"
"POINT (13.413934229000063 52.549770314000057)","Unfall 6407 (2020) Kat:3, Licht: 2","6407","3","4","6","08","01","1","0","2","1","0","1","0"
"POINT (13.288415185000076 52.533024225000077)","Unfall 6408 (2020) Kat:3, Licht: 0","6408","3","6","3","10","16","5","1","0","0","1","0","0"
"POINT (13.321613211000056 52.465173296000046)","Unfall 135646 (2020) Kat:3, Licht: 2","135646","3","3","0","01","17","2","1","2","0","1","0","1"
"POINT (13.324490857000058 52.608050631000026)","Unfall 135648 (2020) Kat:3, Licht: 0","135648","3","6","2","01","15","3","1","0","0","1","0","0"
"POINT (13.499345458000050 52.561070419000032)","Unfall 135649 (2020) Kat:3, Licht: 2","135649","3","4","6","01","16","2","0","2","0","1","1","0"
"POINT (13.302347846000032 52.459908863000067)","Unfall 135650 (2020) Kat:3, Licht: 0","135650","3","4","6","01","13","4","1","0","0","1","1","0"
"POINT (13.428043825000032 52.493476104000081)","Unfall 135651 (2020) Kat:2, Licht: 0","135651","2","3","5","01","11","2","0","0","1","1","0","0"
"POINT (13.428997376000041 52.466084896000041)","Unfall 135653 (2020) Kat:3, Licht: 0","135653","3","5","0","01","09","2","0","0","1","1","0","0"
"POINT (13.294470811000053 52.610454843000070)","Unfall 135655 (2020) Kat:3, Licht: 0","135655","3","6","2","01","16","2","1","0","0","1","0","0"
"POINT (13.435593936000032 52.483572201000072)","Unfall 135656 (2020) Kat:3, Licht: 2","135656","3","7","6","01","17","2","0","2","1","0","1","0"
"POINT (13.454627859000027 52.474450445000059)","Unfall 135658 (2020) Kat:3, Licht: 0","135658","3","7","5","01","15","2","0","0","0","1","0","0"
"POINT (13.281417332000046 52.498147475000053)","Unfall 135659 (2020) Kat:2, Licht: 0","135659","2","7","0","01","09","4","1","0","0","1","0","0"
"POINT (13.389008931000035 52.550124507000078)","Unfall 135660 (2020) Kat:3, Licht: 1","135660","3","5","1","01","15","2","1","1","1","1","0","0"
"POINT (13.508096855000076 52.450295919000041)","Unfall 135661 (2020) Kat:3, Licht: 0","135661","3","2","0","01","12","4","1","0","0","0","0","0"
"POINT (13.485969749000049 52.615897830000051)","Unfall 135662 (2020) Kat:3, Licht: 0","135662","3","2","5","01","15","2","0","0","0","1","0","0"
"POINT (13.564912184000036 52.522282290000078)","Unfall 135663 (2020) Kat:3, Licht: 0","135663","3","3","5","01","14","2","1","0","1","1","0","0"
"POINT (13.301835361000030 52.506743230000041)","Unfall 135665 (2020) Kat:3, Licht: 0","135665","3","6","0","01","14","2","0","0","0","1","0","0"
"POINT (13.519138180000027 52.528923618000078)","Unfall 135666 (2020) Kat:3, Licht: 0","135666","3","4","6","01","14","2","0","0","0","1","1","0"
"POINT (13.565366986000072 52.544581742000048)","Unfall 135668 (2020) Kat:3, Licht: 0","135668","3","3","5","01","14","2","0","0","0","1","0","0"
"POINT (13.416375063000032 52.519948772000077)","Unfall 135669 (2020) Kat:3, Licht: 2","135669","3","2","5","01","20","3","1","2","1","1","0","0"
"POINT (13.331985641000074 52.527123388000064)","Unfall 135670 (2020) Kat:3, Licht: 0","135670","3","6","2","01","12","2","1","0","0","1","0","0"
"POINT (13.429829085000051 52.539362007000079)","Unfall 135671 (2020) Kat:3, Licht: 0","135671","3","7","0","01","12","2","1","0","1","0","0","0"
"POINT (13.337928332000047 52.449547286000040)","Unfall 135673 (2020) Kat:3, Licht: 0","135673","3","2","5","01","14","3","1","0","1","1","0","0"
"POINT (13.431246762000058 52.443314419000046)","Unfall 135674 (2020) Kat:3, Licht: 0","135674","3","3","5","01","10","2","0","0","0","1","0","0"
"POINT (13.345702078000045 52.436245743000029)","Unfall 135676 (2020) Kat:3, Licht: 0","135676","3","2","2","01","09","2","0","0","0","1","0","0"
"POINT (13.240784286000064 52.613853906000031)","Unfall 135678 (2020) Kat:2, Licht: 0","135678","2","2","5","01","09","2","1","0","1","1","0","0"
"POINT (13.291548124000030 52.510471875000064)","Unfall 135680 (2020) Kat:3, Licht: 0","135680","3","2","5","01","08","2","0","0","1","1","0","0"
"POINT (13.292245467000043 52.448907619000067)","Unfall 135681 (2020) Kat:3, Licht: 1","135681","3","2","6","01","08","2","0","1","0","1","1","0"
"POINT (13.395358366000039 52.497744738000051)","Unfall 135682 (2020) Kat:3, Licht: 0","135682","3","6","2","01","08","3","1","0","0","1","0","0"
"POINT (13.264056182000047 52.421328489000075)","Unfall 135683 (2020) Kat:3, Licht: 0","135683","3","5","1","01","07","2","1","0","0","1","0","0"
"POINT (13.383379950000062 52.484991844000035)","Unfall 135684 (2020) Kat:3, Licht: 2","135684","3","7","4","01","19","1","1","2","0","1","0","0"
"POINT (13.510973389000071 52.457476830000076)","Unfall 135686 (2020) Kat:3, Licht: 0","135686","3","4","6","01","14","3","0","0","0","1","1","0"
"POINT (13.401739967000026 52.523602956000047)","Unfall 135687 (2020) Kat:3, Licht: 2","135687","3","1","0","01","23","1","1","2","1","0","0","0"
"POINT (13.377750781000032 52.507872527000075)","Unfall 135688 (2020) Kat:2, Licht: 2","135688","2","3","0","01","16","4","1","2","1","1","0","0"
"POINT (13.392065923000075 52.439835788000039)","Unfall 135689 (2020) Kat:2, Licht: 0","135689","2","1","0","01","12","1","1","0","1","0","0","0"
"POINT (13.387902076000046 52.492752834000044)","Unfall 135691 (2020) Kat:2, Licht: 1","135691","2","2","6","01","05","1","0","1","0","1","1","0"
"POINT (13.388944196000068 52.515621893000059)","Unfall 135692 (2020) Kat:3, Licht: 2","135692","3","3","5","01","02","1","1","2","0","1","0","0"
"POINT (13.301674925000043 52.509797993000063)","Unfall 135693 (2020) Kat:2, Licht: 2","135693","2","7","5","01","20","4","1","2","0","1","0","1"
"POINT (13.343158828000071 52.556537652000031)","Unfall 135694 (2020) Kat:3, Licht: 2","135694","3","3","5","01","00","1","0","2","0","1","0","0"
"POINT (13.387032235000049 52.527217878000044)","Unfall 135695 (2020) Kat:3, Licht: 2","135695","3","3","5","01","23","1","1","2","0","1","0","0"
"POINT (13.346621119000076 52.547838324000054)","Unfall 135696 (2020) Kat:3, Licht: 2","135696","3","6","2","01","20","1","1","2","0","1","0","0"
"POINT (13.441657098000064 52.470416936000049)","Unfall 135697 (2020) Kat:3, Licht: 1","135697","3","3","5","01","18","1","0","1","1","1","0","0"
"POINT (13.322931957000037 52.543208503000074)","Unfall 135698 (2020) Kat:3, Licht: 2","135698","3","6","2","01","15","1","1","2","0","1","0","0"
"POINT (13.199336506000066 52.551879902000053)","Unfall 135700 (2020) Kat:3, Licht: 0","135700","3","7","6","01","13","3","0","0","0","1","1","0"
"POINT (13.337226464000025 52.505064962000063)","Unfall 135701 (2020) Kat:3, Licht: 2","135701","3","7","6","01","22","7","0","2","0","1","1","0"
"POINT (13.538493588000051 52.434544838000079)","Unfall 135702 (2020) Kat:3, Licht: 2","135702","3","2","5","01","06","4","1","2","0","1","0","0"
"POINT (13.216071242000055 52.526998875000061)","Unfall 135703 (2020) Kat:3, Licht: 2","135703","3","2","2","01","18","7","0","2","0","1","0","0"
"POINT (13.476009653000062 52.533064457000080)","Unfall 135705 (2020) Kat:3, Licht: 2","135705","3","6","2","01","18","7","1","2","0","1","0","0"
"POINT (13.353087559000073 52.433299507000072)","Unfall 135707 (2020) Kat:3, Licht: 2","135707","3","3","5","01","17","7","1","2","0","1","0","0"
"POINT (13.378378707000024 52.551991826000062)","Unfall 135708 (2020) Kat:3, Licht: 2","135708","3","3","5","01","17","7","1","2","1","1","0","0"
"POINT (13.330401180000024 52.511026319000052)","Unfall 135711 (2020) Kat:3, Licht: 2","135711","3","2","5","01","17","7","1","2","0","1","0","0"
"POINT (13.330091598000024 52.569451120000053)","Unfall 135712 (2020) Kat:3, Licht: 2","135712","3","2","6","01","16","7","1","2","0","1","1","0"
"POINT (13.386010276000036 52.531609047000074)","Unfall 135714 (2020) Kat:3, Licht: 2","135714","3","6","2","01","16","7","1","2","0","1","0","0"
"POINT (13.347507537000070 52.596228184000040)","Unfall 135715 (2020) Kat:3, Licht: 0","135715","3","2","5","01","11","4","1","0","0","1","0","0"
"POINT (13.416909928000052 52.568349722000050)","Unfall 135716 (2020) Kat:3, Licht: 0","135716","3","6","2","01","14","7","1","0","0","1","0","0"
"POINT (13.376432585000032 52.522068672000046)","Unfall 135717 (2020) Kat:3, Licht: 0","135717","3","2","5","01","13","7","1","0","1","1","0","0"
"POINT (13.436686881000071 52.569709310000064)","Unfall 135719 (2020) Kat:3, Licht: 0","135719","3","2","5","01","13","7","1","0","0","1","0","0"
"POINT (13.316029147000052 52.525784963000035)","Unfall 135721 (2020) Kat:2, Licht: 0","135721","2","2","5","01","13","7","1","0","1","1","0","0"
"POINT (13.381380412000055 52.405229178000070)","Unfall 135722 (2020) Kat:3, Licht: 0","135722","3","2","5","01","10","3","0","0","0","1","0","0"
"POINT (13.322617913000045 52.486089823000043)","Unfall 135723 (2020) Kat:3, Licht: 0","135723","3","4","0","01","11","7","1","0","1","0","1","0"
"POINT (13.371681762000037 52.409271923000063)","Unfall 135724 (2020) Kat:3, Licht: 0","135724","3","6","2","01","14","3","1","0","0","1","0","0"
"POINT (13.267328523000060 52.531193691000055)","Unfall 135725 (2020) Kat:3, Licht: 1","135725","3","2","0","01","07","7","1","1","0","1","0","1"
"POINT (13.415904553000075 52.527075284000034)","Unfall 135726 (2020) Kat:3, Licht: 2","135726","3","3","5","01","03","7","1","2","0","1","0","0"
"POINT (13.306901434000054 52.499905779000073)","Unfall 135728 (2020) Kat:2, Licht: 2","135728","2","2","5","01","00","7","1","2","0","1","0","0"
"POINT (13.561363278000044 52.493079630000068)","Unfall 135730 (2020) Kat:3, Licht: 0","135730","3","3","5","01","12","5","1","0","1","0","0","0"
"POINT (13.330946947000029 52.458990748000076)","Unfall 135731 (2020) Kat:3, Licht: 0","135731","3","6","2","01","13","6","1","0","0","1","0","0"
"POINT (13.474819932000059 52.463442350000037)","Unfall 135732 (2020) Kat:3, Licht: 2","135732","3","6","2","01","19","6","1","2","0","1","0","0"
"POINT (13.322936530000050 52.437147272000061)","Unfall 135733 (2020) Kat:3, Licht: 0","135733","3","1","0","01","12","6","1","0","1","0","0","0"
"POINT (13.349405862000026 52.552013465000073)","Unfall 135734 (2020) Kat:3, Licht: 2","135734","3","3","0","01","16","6","1","2","0","1","0","1"
"POINT (13.411475612000061 52.561168052000028)","Unfall 135736 (2020) Kat:3, Licht: 0","135736","3","5","1","01","14","3","1","0","1","1","0","0"
"POINT (13.436042264000037 52.482211966000079)","Unfall 135737 (2020) Kat:3, Licht: 1","135737","3","3","5","01","15","6","1","1","0","1","0","0"
"POINT (13.379265355000030 52.601363733000028)","Unfall 135738 (2020) Kat:3, Licht: 1","135738","3","5","1","01","15","6","1","1","0","1","0","1"
"POINT (13.433927388000029 52.560435248000033)","Unfall 135740 (2020) Kat:3, Licht: 0","135740","3","6","2","01","14","3","1","0","0","1","0","0"
"POINT (13.574280845000033 52.454088507000051)","Unfall 135741 (2020) Kat:3, Licht: 0","135741","3","2","5","01","15","6","1","0","0","1","0","0"
"POINT (13.321064150000041 52.518129943000076)","Unfall 135742 (2020) Kat:3, Licht: 2","135742","3","3","0","01","17","4","1","2","1","0","0","1"
"POINT (13.366302838000024 52.495259633000046)","Unfall 135743 (2020) Kat:3, Licht: 0","135743","3","3","5","01","14","6","1","0","0","1","0","0"
"POINT (13.201467061000073 52.547786415000076)","Unfall 135744 (2020) Kat:3, Licht: 1","135744","3","3","5","01","07","3","0","1","0","1","0","0"
"POINT (13.177991716000065 52.548738426000057)","Unfall 135745 (2020) Kat:2, Licht: 0","135745","2","6","2","01","13","6","1","0","0","1","0","0"
"POINT (13.311089027000037 52.516076531000067)","Unfall 135746 (2020) Kat:3, Licht: 0","135746","3","6","2","01","14","6","0","0","0","1","0","0"
"POINT (13.508788288000062 52.452723558000059)","Unfall 135747 (2020) Kat:2, Licht: 2","135747","2","2","6","01","20","6","1","2","0","0","1","0"
"POINT (13.307717642000057 52.510120936000078)","Unfall 135748 (2020) Kat:2, Licht: 2","135748","2","2","6","01","19","6","1","2","0","1","1","0"
"POINT (13.342322928000044 52.446996031000026)","Unfall 135750 (2020) Kat:2, Licht: 0","135750","2","4","6","01","12","3","1","0","0","1","1","0"
"POINT (13.315024152000035 52.576580335000074)","Unfall 135751 (2020) Kat:2, Licht: 2","135751","2","3","5","01","20","6","1","2","0","1","0","0"
"POINT (13.322100396000053 52.473537693000026)","Unfall 135752 (2020) Kat:2, Licht: 2","135752","2","3","5","01","19","3","1","2","0","1","0","1"
"POINT (13.269985536000036 52.513772445000029)","Unfall 135753 (2020) Kat:3, Licht: 2","135753","3","3","5","01","05","4","1","2","0","1","0","0"
"POINT (13.414069920000031 52.498374893000062)","Unfall 135754 (2020) Kat:3, Licht: 2","135754","3","3","5","01","18","6","1","2","1","1","0","0"
"POINT (13.284214979000069 52.485295304000033)","Unfall 135755 (2020) Kat:3, Licht: 2","135755","3","3","5","01","18","6","1","2","1","1","0","0"
"POINT (13.165670140000032 52.526087800000028)","Unfall 135756 (2020) Kat:2, Licht: 2","135756","2","3","5","01","19","3","0","2","0","1","0","1"
"POINT (13.313953285000025 52.490410493000070)","Unfall 135757 (2020) Kat:3, Licht: 0","135757","3","6","2","01","14","4","1","0","0","1","0","0"
"POINT (13.443556722000039 52.464304542000036)","Unfall 135758 (2020) Kat:3, Licht: 1","135758","3","2","6","01","16","6","1","1","0","1","1","0"
"POINT (13.345645984000043 52.436213750000036)","Unfall 135760 (2020) Kat:3, Licht: 2","135760","3","2","2","01","17","6","1","2","0","1","0","0"
"POINT (13.263249209000037 52.521015117000047)","Unfall 135761 (2020) Kat:3, Licht: 2","135761","3","2","6","01","17","6","1","2","0","1","1","0"
"POINT (13.437563812000064 52.500295779000055)","Unfall 135763 (2020) Kat:2, Licht: 2","135763","2","2","6","01","17","6","1","2","0","1","1","0"
"POINT (13.169415701000048 52.555583599000045)","Unfall 135764 (2020) Kat:3, Licht: 2","135764","3","4","6","01","17","6","1","2","0","1","1","0"
"POINT (13.471305333000032 52.505176361000053)","Unfall 135766 (2020) Kat:3, Licht: 2","135766","3","2","2","01","16","6","1","2","1","1","0","0"
"POINT (13.387233285000036 52.526377506000074)","Unfall 135767 (2020) Kat:3, Licht: 2","135767","3","1","0","01","18","3","1","2","1","0","0","0"
"POINT (13.408882591000065 52.512016435000078)","Unfall 135768 (2020) Kat:3, Licht: 1","135768","3","3","5","01","07","4","1","1","1","1","0","0"
"POINT (13.508492475000025 52.550075562000075)","Unfall 135769 (2020) Kat:3, Licht: 2","135769","3","2","5","01","23","6","1","2","0","1","0","0"
"POINT (13.435527102000037 52.469623038000066)","Unfall 135770 (2020) Kat:3, Licht: 2","135770","3","4","6","01","22","6","1","2","1","0","1","0"
"POINT (13.309619724000072 52.567973092000045)","Unfall 135772 (2020) Kat:2, Licht: 2","135772","2","4","6","01","22","6","1","2","0","1","1","0"
"POINT (13.438559443000031 52.452757569000028)","Unfall 135774 (2020) Kat:3, Licht: 2","135774","3","2","0","01","21","6","1","2","0","1","1","0"
"POINT (13.286880451000059 52.417817627000034)","Unfall 135775 (2020) Kat:2, Licht: 2","135775","2","3","5","01","20","6","1","2","1","1","0","0"
"POINT (13.387989406000031 52.555852949000041)","Unfall 135777 (2020) Kat:2, Licht: 2","135777","2","3","5","01","20","6","1","2","1","1","0","0"
"POINT (13.340345360000072 52.471338471000081)","Unfall 135778 (2020) Kat:3, Licht: 2","135778","3","3","5","01","17","3","1","2","1","1","0","0"
"POINT (13.458623902000056 52.511067779000030)","Unfall 135779 (2020) Kat:3, Licht: 2","135779","3","4","6","01","21","3","1","2","0","1","1","0"
"POINT (13.320245153000030 52.478798038000036)","Unfall 135780 (2020) Kat:3, Licht: 0","135780","3","2","5","01","13","6","0","0","0","1","0","0"
"POINT (13.462930636000067 52.532294746000048)","Unfall 135781 (2020) Kat:3, Licht: 0","135781","3","3","5","01","13","6","0","0","0","1","0","0"
"POINT (13.369827097000041 52.559728404000055)","Unfall 135783 (2020) Kat:3, Licht: 0","135783","3","2","5","01","15","2","1","0","0","1","0","0"
"POINT (13.169487968000055 52.533615089000079)","Unfall 135784 (2020) Kat:3, Licht: 0","135784","3","6","2","01","12","6","1","0","0","1","0","0"
"POINT (13.328679605000048 52.566006296000069)","Unfall 135786 (2020) Kat:3, Licht: 2","135786","3","7","5","01","18","4","1","2","0","1","0","1"
"POINT (13.415394098000036 52.547480116000031)","Unfall 135787 (2020) Kat:3, Licht: 0","135787","3","1","2","01","12","6","0","0","0","1","0","1"
"POINT (13.624805127000059 52.451610717000051)","Unfall 135788 (2020) Kat:3, Licht: 0","135788","3","2","5","01","11","6","1","0","1","1","0","0"
"POINT (13.397301927000058 52.567107778000036)","Unfall 135790 (2020) Kat:3, Licht: 0","135790","3","3","5","01","10","6","1","0","1","1","0","0"
"POINT (13.377237045000072 52.463005516000067)","Unfall 135791 (2020) Kat:3, Licht: 0","135791","3","2","6","01","08","3","1","0","0","1","1","0"
"POINT (13.331454822000069 52.469625460000032)","Unfall 135792 (2020) Kat:3, Licht: 2","135792","3","1","0","01","01","6","0","2","1","0","0","0"
"POINT (13.291961257000025 52.457987032000062)","Unfall 135793 (2020) Kat:3, Licht: 1","135793","3","4","6","01","15","5","0","1","0","1","1","0"
"POINT (13.406234805000054 52.554087219000053)","Unfall 135795 (2020) Kat:3, Licht: 2","135795","3","1","0","01","18","2","1","2","0","0","0","1"
"POINT (13.425054952000039 52.480827771000065)","Unfall 135796 (2020) Kat:2, Licht: 2","135796","2","3","5","01","03","5","2","2","0","1","0","0"
"POINT (13.395234738000056 52.496312276000026)","Unfall 135797 (2020) Kat:3, Licht: 2","135797","3","3","5","01","17","3","1","2","1","1","0","0"
"POINT (13.322450337000078 52.429176864000056)","Unfall 135798 (2020) Kat:3, Licht: 2","135798","3","6","2","01","16","4","1","2","0","1","0","0"
"POINT (13.317428876000065 52.517531121000047)","Unfall 135799 (2020) Kat:2, Licht: 0","135799","2","6","3","01","14","5","0","0","0","1","0","1"
"POINT (13.605591850000053 52.487791815000037)","Unfall 135800 (2020) Kat:3, Licht: 1","135800","3","3","5","01","16","3","1","1","1","1","0","0"
"POINT (13.369827097000041 52.559728404000055)","Unfall 135801 (2020) Kat:3, Licht: 0","135801","3","2","5","01","13","5","0","0","0","1","0","0"
"POINT (13.655019647000074 52.366051968000079)","Unfall 135802 (2020) Kat:3, Licht: 0","135802","3","6","2","01","13","5","0","0","1","1","0","0"
"POINT (13.300659453000037 52.473948597000060)","Unfall 135803 (2020) Kat:3, Licht: 0","135803","3","2","6","01","12","5","0","0","0","1","1","0"
"POINT (13.431251026000041 52.612421632000064)","Unfall 135804 (2020) Kat:3, Licht: 0","135804","3","7","0","01","12","5","0","0","1","1","0","0"
"POINT (13.451476453000055 52.526128736000032)","Unfall 135805 (2020) Kat:3, Licht: 0","135805","3","2","3","01","11","5","0","0","1","1","0","0"
"POINT (13.306842001000064 52.500765029000036)","Unfall 135806 (2020) Kat:3, Licht: 0","135806","3","2","5","01","11","5","0","0","0","1","0","0"
"POINT (13.330554820000032 52.570754107000027)","Unfall 135807 (2020) Kat:3, Licht: 0","135807","3","7","0","01","08","5","0","0","0","1","0","0"
"POINT (13.393015551000076 52.388665142000036)","Unfall 135808 (2020) Kat:3, Licht: 0","135808","3","3","5","01","08","5","0","0","0","1","0","0"
"POINT (13.406579635000071 52.539743002000080)","Unfall 135810 (2020) Kat:3, Licht: 2","135810","3","1","8","01","21","2","0","2","0","0","0","1"
"POINT (13.371354449000023 52.474493310000071)","Unfall 135811 (2020) Kat:3, Licht: 2","135811","3","3","5","01","06","5","2","2","0","1","0","0"
"POINT (13.205407101000048 52.548143893000031)","Unfall 135812 (2020) Kat:3, Licht: 0","135812","3","6","2","01","07","4","1","0","0","1","0","0"
"POINT (13.438539550000030 52.452699143000075)","Unfall 135813 (2020) Kat:3, Licht: 2","135813","3","3","5","01","03","5","1","2","0","1","0","0"
"POINT (13.385545008000065 52.468587841000044)","Unfall 135815 (2020) Kat:2, Licht: 2","135815","2","1","0","01","22","5","1","2","0","1","0","0"
"POINT (13.418188676000057 52.410703405000049)","Unfall 135817 (2020) Kat:2, Licht: 2","135817","2","5","1","01","19","5","0","2","0","1","0","0"
"POINT (13.426406189000033 52.522936190000053)","Unfall 135818 (2020) Kat:2, Licht: 2","135818","2","4","6","01","18","5","0","2","0","1","1","0"
"POINT (13.494852015000049 52.500649782000039)","Unfall 135820 (2020) Kat:3, Licht: 2","135820","3","3","5","01","18","5","0","2","0","1","0","0"
"POINT (13.349162132000060 52.422126458000037)","Unfall 135821 (2020) Kat:3, Licht: 1","135821","3","3","5","01","15","3","1","1","1","1","0","0"
"POINT (13.320880703000057 52.457183634000046)","Unfall 135823 (2020) Kat:2, Licht: 2","135823","2","6","0","01","17","5","0","2","0","1","0","0"
"POINT (13.428920243000050 52.579098744000078)","Unfall 135824 (2020) Kat:3, Licht: 0","135824","3","3","5","01","11","4","1","0","0","1","0","0"
"POINT (13.371819793000043 52.509270080000078)","Unfall 135825 (2020) Kat:3, Licht: 2","135825","3","2","5","01","17","5","0","2","1","1","0","0"
"POINT (13.384463666000045 52.556057638000027)","Unfall 135826 (2020) Kat:3, Licht: 1","135826","3","3","5","01","15","5","0","1","1","1","0","0"
"POINT (13.327556174000051 52.524317218000078)","Unfall 135828 (2020) Kat:3, Licht: 0","135828","3","2","2","01","15","5","0","0","0","1","0","0"
"POINT (13.419707330000051 52.501859212000056)","Unfall 135829 (2020) Kat:1, Licht: 1","135829","1","4","6","01","07","5","0","1","0","0","1","0"
"POINT (13.429098830000044 52.528643964000082)","Unfall 135831 (2020) Kat:3, Licht: 0","135831","3","4","6","01","13","4","0","0","0","1","1","0"
"POINT (13.365771305000067 52.584231875000057)","Unfall 135832 (2020) Kat:2, Licht: 0","135832","2","3","5","01","11","3","1","0","1","1","0","0"
"POINT (13.477224573000058 52.522987032000060)","Unfall 135833 (2020) Kat:2, Licht: 2","135833","2","2","5","01","18","4","0","2","0","1","0","1"
"POINT (13.254157259000067 52.450939573000028)","Unfall 135834 (2020) Kat:3, Licht: 2","135834","3","2","5","01","21","4","0","2","1","1","0","0"
"POINT (13.418625326000040 52.498878395000077)","Unfall 135836 (2020) Kat:1, Licht: 0","135836","1","2","5","01","13","4","1","0","1","0","0","0"
"POINT (13.425114057000030 52.480623752000042)","Unfall 135837 (2020) Kat:2, Licht: 0","135837","2","3","5","01","11","4","0","0","0","1","0","0"
"POINT (13.336522953000042 52.542128440000056)","Unfall 135838 (2020) Kat:3, Licht: 2","135838","3","2","5","01","03","4","1","2","0","1","0","0"
"POINT (13.425060074000044 52.480808846000059)","Unfall 135840 (2020) Kat:3, Licht: 2","135840","3","3","5","01","03","4","0","2","0","1","0","0"
"POINT (13.438570984000023 52.452730332000044)","Unfall 135842 (2020) Kat:3, Licht: 2","135842","3","3","5","01","02","4","0","2","0","1","0","0"
"POINT (13.312492755000051 52.499254351000047)","Unfall 135843 (2020) Kat:3, Licht: 1","135843","3","4","6","01","15","3","1","1","1","0","1","0"
"POINT (13.414227056000072 52.542783585000052)","Unfall 135844 (2020) Kat:2, Licht: 2","135844","2","1","0","01","01","4","0","2","1","0","0","0"
"POINT (13.338752224000075 52.502582367000059)","Unfall 135845 (2020) Kat:3, Licht: 0","135845","3","5","1","01","07","3","1","0","1","1","0","0"
"POINT (13.403136162000067 52.524656679000032)","Unfall 135849 (2020) Kat:3, Licht: 2","135849","3","2","6","01","20","2","0","2","0","1","1","0"
"POINT (13.431282672000066 52.485655386000076)","Unfall 135851 (2020) Kat:3, Licht: 2","135851","3","5","1","01","19","2","0","2","1","1","0","0"
"POINT (13.259533864000048 52.433118041000057)","Unfall 135853 (2020) Kat:3, Licht: 2","135853","3","2","5","01","19","4","1","2","1","1","0","0"
"POINT (13.346823358000051 52.429216449000080)","Unfall 135860 (2020) Kat:2, Licht: 2","135860","2","4","6","01","18","2","1","2","0","1","1","0"
"POINT (13.387985236000077 52.492983306000042)","Unfall 135862 (2020) Kat:3, Licht: 2","135862","3","2","5","01","06","4","1","2","1","1","0","0"
"POINT (13.364356535000070 52.459795513000074)","Unfall 135867 (2020) Kat:3, Licht: 0","135867","3","4","6","01","15","4","0","0","0","1","1","0"
"POINT (13.199905755000032 52.535665112000061)","Unfall 135877 (2020) Kat:3, Licht: 0","135877","3","5","0","01","08","4","1","0","0","0","0","0"
"POINT (13.405779746000064 52.534709104000058)","Unfall 135886 (2020) Kat:3, Licht: 1","135886","3","5","1","01","08","3","1","1","1","0","0","0"
"POINT (13.554984794000063 52.534139757000048)","Unfall 135892 (2020) Kat:2, Licht: 2","135892","2","1","9","01","21","5","1","2","0","0","0","0"
"POINT (13.313365603000022 52.435375258000079)","Unfall 135897 (2020) Kat:2, Licht: 0","135897","2","2","5","01","09","3","1","0","0","1","0","0"
"POINT (13.477876135000031 52.409952049000026)","Unfall 135901 (2020) Kat:2, Licht: 2","135901","2","2","5","01","18","2","1","2","0","1","0","1"
"POINT (13.495097262000058 52.431439101000080)","Unfall 135903 (2020) Kat:3, Licht: 1","135903","3","6","3","01","15","3","1","1","0","1","0","0"
"POINT (13.346915305000039 52.503860795000037)","Unfall 135904 (2020) Kat:3, Licht: 2","135904","3","5","1","01","17","4","1","2","1","1","0","0"
"POINT (13.364542286000074 52.562691148000056)","Unfall 135906 (2020) Kat:3, Licht: 0","135906","3","2","5","01","15","3","0","0","0","1","0","0"
"POINT (13.282842237000068 52.535036137000077)","Unfall 135912 (2020) Kat:3, Licht: 2","135912","3","2","6","01","07","3","1","2","0","1","1","0"
"POINT (13.360316191000038 52.544317459000069)","Unfall 135913 (2020) Kat:3, Licht: 2","135913","3","2","6","01","18","7","0","2","0","1","1","0"
"POINT (13.373281442000064 52.562279814000078)","Unfall 135914 (2020) Kat:3, Licht: 2","135914","3","3","2","01","16","2","0","2","0","1","0","0"
"POINT (13.526573519000067 52.445270161000053)","Unfall 135915 (2020) Kat:3, Licht: 0","135915","3","5","1","01","12","6","1","0","0","1","0","0"
"POINT (13.292456938000043 52.428352859000029)","Unfall 135916 (2020) Kat:3, Licht: 0","135916","3","3","5","01","15","7","0","0","0","1","0","0"
"POINT (13.467987972000060 52.528308568000057)","Unfall 135917 (2020) Kat:3, Licht: 0","135917","3","2","5","01","10","6","0","0","1","1","0","0"
"POINT (13.423640322000040 52.477262208000070)","Unfall 135918 (2020) Kat:3, Licht: 2","135918","3","2","5","01","07","5","0","2","1","1","0","0"
"POINT (13.539279338000028 52.450738096000066)","Unfall 135919 (2020) Kat:3, Licht: 2","135919","3","3","5","01","07","2","0","2","1","1","0","0"
"POINT (13.462741059000052 52.510879450000061)","Unfall 135920 (2020) Kat:3, Licht: 0","135920","3","3","5","01","10","6","1","0","0","1","0","0"
"POINT (13.425645317000033 52.496919714000057)","Unfall 135921 (2020) Kat:3, Licht: 2","135921","3","5","1","01","18","3","0","2","1","1","0","0"
"POINT (13.329319981000026 52.422998185000040)","Unfall 135922 (2020) Kat:3, Licht: 0","135922","3","3","5","01","10","6","1","0","0","1","0","0"
"POINT (13.316819487000032 52.478218428000048)","Unfall 135923 (2020) Kat:3, Licht: 2","135923","3","1","8","01","18","7","0","2","0","1","0","0"