WKT,Name,OBJECTID,UKATEGORIE,UTYP1,UART,UMONAT,USTUNDE,UWOCHENTAG,STRZUSTAND,ULICHTVERH,ISTRAD,ISTPKW,ISTFUSS,ISTKRAD
"POINT (13.426779972000077 52.504847705000032)","Unfall 135924 (2020) Kat:3, Licht: 0","135924","3","3","5","01","13","2","1","0","1","1","0","0"
"POINT (13.306483691000039 52.485203244000047)","Unfall 135925 (2020) Kat:2, Licht: 0","135925","2","1","0","01","10","6","1","0","1","0","0","0"
"POINT (13.199560662000067 52.534939442000052)","Unfall 135926 (2020) Kat:3, Licht: 0","135926","3","4","6","01","10","5","0","0","0","1","1","0"
"POINT (13.331618638000066 52.490780944000051)","Unfall 135927 (2020) Kat:3, Licht: 2","135927","3","4","6","01","18","4","0","2","1","0","1","0"
"POINT (13.304850899000030 52.435603853000032)","Unfall 135928 (2020) Kat:3, Licht: 0","135928","3","2","5","01","14","1","0","0","0","1","0","1"
"POINT (13.412735509000072 52.544401169000082)","Unfall 135929 (2020) Kat:3, Licht: 0","135929","3","2","5","01","09","4","0","0","1","1","0","0"
"POINT (13.395148218000031 52.517355110000040)","Unfall 135930 (2020) Kat:2, Licht: 0","135930","2","2","5","01","15","2","0","0","0","1","0","1"
"POINT (13.141588634000072 52.532433089000051)","Unfall 135931 (2020) Kat:3, Licht: 2","135931","3","2","5","01","07","3","0","2","0","1","0","0"
"POINT (13.556570185000055 52.447198343000082)","Unfall 135932 (2020) Kat:2, Licht: 0","135932","2","3","5","01","09","6","1","0","1","1","0","0"
"POINT (13.592330390000029 52.447251213000072)","Unfall 135933 (2020) Kat:3, Licht: 1","135933","3","6","3","01","08","6","0","1","1","0","0","0"
"POINT (13.424497709000036 52.486419676000082)","Unfall 135934 (2020) Kat:3, Licht: 0","135934","3","2","2","01","09","2","0","0","0","1","0","0"
"POINT (13.316437794000024 52.453629267000053)","Unfall 135935 (2020) Kat:2, Licht: 0","135935","2","2","5","01","08","6","1","0","1","1","0","0"
"POINT (13.400255361000063 52.546512704000065)","Unfall 135936 (2020) Kat:3, Licht: 2","135936","3","5","1","01","18","5","0","2","1","1","0","0"
"POINT (13.314421600000060 52.472101955000028)","Unfall 135937 (2020) Kat:3, Licht: 2","135937","3","2","5","01","16","4","0","2","0","1","0","1"
"POINT (13.512811429000067 52.447649619000060)","Unfall 135938 (2020) Kat:1, Licht: 0","135938","1","2","5","01","12","1","0","0","1","0","0","0"
"POINT (13.426693000000057 52.488282769000079)","Unfall 135939 (2020) Kat:3, Licht: 0","135939","3","3","5","01","12","2","1","0","1","1","0","0"
"POINT (13.381504436000057 52.504195207000066)","Unfall 135940 (2020) Kat:3, Licht: 1","135940","3","1","0","01","08","6","1","1","0","0","0","0"
"POINT (13.333417030000021 52.502185785000052)","Unfall 135941 (2020) Kat:3, Licht: 2","135941","3","1","0","01","05","7","1","2","0","0","0","0"
"POINT (13.557130234000056 52.534300416000065)","Unfall 135942 (2020) Kat:3, Licht: 0","135942","3","7","0","01","14","6","0","0","0","1","0","0"
"POINT (13.313872135000054 52.490204982000080)","Unfall 135943 (2020) Kat:3, Licht: 0","135943","3","6","2","01","15","1","0","0","0","1","0","0"
"POINT (13.391513602000032 52.522083746000078)","Unfall 135944 (2020) Kat:3, Licht: 0","135944","3","3","5","01","08","6","0","0","0","1","0","0"
"POINT (13.463380991000065 52.615708265000080)","Unfall 135945 (2020) Kat:3, Licht: 0","135945","3","7","4","01","10","3","0","0","0","1","0","0"
"POINT (13.331141533000050 52.512197677000074)","Unfall 135946 (2020) Kat:2, Licht: 0","135946","2","2","5","01","08","6","1","0","1","1","0","0"
"POINT (13.447390846000076 52.436944899000082)","Unfall 135947 (2020) Kat:2, Licht: 1","135947","2","2","6","01","07","6","2","1","0","1","1","0"
"POINT (13.475358291000077 52.456180057000040)","Unfall 135948 (2020) Kat:3, Licht: 2","135948","3","2","6","01","07","2","0","2","0","1","1","0"
"POINT (13.231424941000057 52.436882450000041)","Unfall 135949 (2020) Kat:2, Licht: 0","135949","2","2","6","01","07","6","1","0","0","1","1","0"
"POINT (13.342817976000049 52.524978190000070)","Unfall 135950 (2020) Kat:3, Licht: 1","135950","3","4","6","01","18","5","0","1","1","0","1","0"
"POINT (13.343959459000075 52.482624605000069)","Unfall 135951 (2020) Kat:3, Licht: 0","135951","3","5","5","01","13","4","0","0","1","1","0","0"
"POINT (13.331034904000035 52.495031119000032)","Unfall 135952 (2020) Kat:3, Licht: 2","135952","3","3","5","01","18","7","0","2","1","1","0","0"
"POINT (13.426881052000056 52.564326002000030)","Unfall 135953 (2020) Kat:3, Licht: 2","135953","3","3","5","01","17","2","0","2","1","1","0","0"
"POINT (13.505029205000028 52.444984957000031)","Unfall 135954 (2020) Kat:3, Licht: 2","135954","3","3","5","01","07","6","1","2","1","1","0","0"
"POINT (13.386611115000051 52.549492826000062)","Unfall 135955 (2020) Kat:3, Licht: 2","135955","3","2","5","01","03","7","1","2","0","1","0","0"
"POINT (13.373772026000040 52.547427377000076)","Unfall 135956 (2020) Kat:3, Licht: 0","135956","3","6","2","01","13","6","0","0","0","1","0","0"
"POINT (13.508568528000069 52.474120272000050)","Unfall 135957 (2020) Kat:3, Licht: 0","135957","3","6","2","01","10","5","0","0","0","1","0","0"
"POINT (13.524711442000068 52.439128975000074)","Unfall 135958 (2020) Kat:3, Licht: 0","135958","3","3","5","01","09","2","0","0","1","1","0","0"
"POINT (13.437434288000077 52.484967096000048)","Unfall 135959 (2020) Kat:3, Licht: 2","135959","3","3","5","01","20","6","1","2","1","1","0","0"
"POINT (13.203400014000067 52.545590983000068)","Unfall 135960 (2020) Kat:3, Licht: 2","135960","3","4","6","01","17","5","0","2","0","1","1","0"
"POINT (13.307938852000063 52.572104474000071)","Unfall 135961 (2020) Kat:2, Licht: 0","135961","2","2","0","01","11","2","0","0","0","1","0","0"
"POINT (13.511828197000057 52.550644482000052)","Unfall 135962 (2020) Kat:2, Licht: 2","135962","2","3","5","01","07","4","0","2","1","1","0","0"
"POINT (13.330419869000025 52.445172988000081)","Unfall 135963 (2020) Kat:3, Licht: 0","135963","3","3","5","01","13","7","0","0","1","1","0","0"
"POINT (13.366737855000054 52.496520945000043)","Unfall 135964 (2020) Kat:2, Licht: 0","135964","2","6","3","01","16","2","0","0","0","1","0","0"
"POINT (13.430424666000022 52.499196014000063)","Unfall 135965 (2020) Kat:3, Licht: 1","135965","3","3","5","01","19","6","1","1","1","1","0","0"
"POINT (13.328065657000025 52.418316744000037)","Unfall 135966 (2020) Kat:2, Licht: 2","135966","2","1","1","01","01","7","1","2","0","1","0","0"
"POINT (13.299982133000071 52.539488901000027)","Unfall 135967 (2020) Kat:3, Licht: 0","135967","3","2","0","01","11","6","0","0","1","1","0","0"
"POINT (13.604395404000059 52.452449340000044)","Unfall 135968 (2020) Kat:3, Licht: 1","135968","3","3","5","01","07","5","0","1","1","1","0","0"
"POINT (13.592274315000054 52.425119090000067)","Unfall 135969 (2020) Kat:3, Licht: 2","135969","3","5","1","01","17","2","0","2","0","1","0","0"
"POINT (13.430215374000056 52.510369979000075)","Unfall 135970 (2020) Kat:3, Licht: 2","135970","3","6","3","01","19","6","1","2","1","1","0","0"
"POINT (13.509645262000049 52.472858427000062)","Unfall 135971 (2020) Kat:3, Licht: 2","135971","3","2","2","01","17","3","0","2","0","1","0","0"
"POINT (13.345950043000073 52.436311761000070)","Unfall 135972 (2020) Kat:2, Licht: 2","135972","2","2","6","01","19","6","0","2","0","1","1","0"
"POINT (13.403093154000032 52.521309140000028)","Unfall 135973 (2020) Kat:3, Licht: 2","135973","3","2","2","01","18","7","0","2","0","1","0","0"
"POINT (13.325237096000023 52.575751632000049)","Unfall 135974 (2020) Kat:3, Licht: 0","135974","3","3","5","01","11","2","0","0","0","1","0","0"
"POINT (13.294001676000050 52.491357067000081)","Unfall 135975 (2020) Kat:3, Licht: 2","135975","3","4","6","01","18","6","1","2","0","1","1","0"
"POINT (13.461587114000054 52.529614247000040)","Unfall 135976 (2020) Kat:3, Licht: 2","135976","3","6","2","01","20","3","0","2","0","1","0","0"
"POINT (13.358625714000027 52.434109026000044)","Unfall 135977 (2020) Kat:3, Licht: 2","135977","3","3","5","01","17","6","1","2","0","1","0","0"
"POINT (13.314350826000066 52.423978162000026)","Unfall 135978 (2020) Kat:3, Licht: 0","135978","3","2","5","01","10","7","1","0","1","1","0","0"
"POINT (13.416094652000027 52.571147889000031)","Unfall 135979 (2020) Kat:3, Licht: 0","135979","3","7","5","01","15","2","1","0","0","1","0","1"
"POINT (13.373944650000055 52.556495483000049)","Unfall 135980 (2020) Kat:3, Licht: 2","135980","3","2","2","01","17","6","1","2","0","1","0","0"
"POINT (13.403150050000022 52.552881099000047)","Unfall 135981 (2020) Kat:3, Licht: 0","135981","3","7","2","01","08","5","0","0","0","1","0","0"
"POINT (13.451577175000068 52.520412184000065)","Unfall 135982 (2020) Kat:3, Licht: 0","135982","3","3","5","01","08","4","0","0","0","1","0","0"
"POINT (13.465492224000059 52.498655523000082)","Unfall 135983 (2020) Kat:3, Licht: 2","135983","3","2","6","01","19","1","0","2","0","1","1","0"
"POINT (13.402837766000061 52.493883863000065)","Unfall 135984 (2020) Kat:3, Licht: 0","135984","3","2","5","01","16","3","0","0","1","1","0","0"
"POINT (13.427679912000031 52.507545175000075)","Unfall 135985 (2020) Kat:3, Licht: 2","135985","3","2","5","01","17","6","1","2","0","0","0","1"
"POINT (13.429576172000054 52.522410783000055)","Unfall 135986 (2020) Kat:3, Licht: 0","135986","3","5","1","01","07","6","0","0","1","1","0","0"
"POINT (13.436697094000067 52.592523809000056)","Unfall 135987 (2020) Kat:3, Licht: 0","135987","3","2","5","01","08","2","0","0","1","1","0","0"
"POINT (13.420770486000038 52.542509521000056)","Unfall 135988 (2020) Kat:3, Licht: 2","135988","3","1","0","01","16","6","1","2","0","0","0","1"
"POINT (13.406959998000048 52.504704862000040)","Unfall 135989 (2020) Kat:2, Licht: 2","135989","2","4","6","01","16","5","0","2","0","1","1","0"
"POINT (13.567435003000071 52.440438085000039)","Unfall 135990 (2020) Kat:3, Licht: 0","135990","3","2","5","01","16","4","0","0","1","1","0","0"
"POINT (13.481149454000047 52.482671978000042)","Unfall 135991 (2020) Kat:3, Licht: 0","135991","3","4","6","01","10","7","0","0","0","1","1","0"
"POINT (13.270822670000030 52.510464769000066)","Unfall 135992 (2020) Kat:2, Licht: 2","135992","2","1","8","01","21","5","0","2","0","1","0","0"
"POINT (13.331272337000030 52.443501241000035)","Unfall 135993 (2020) Kat:2, Licht: 2","135993","2","3","5","01","17","4","0","2","0","1","0","1"
"POINT (13.424164874000041 52.486477524000065)","Unfall 135994 (2020) Kat:3, Licht: 2","135994","3","7","0","01","05","1","0","2","0","1","0","0"
"POINT (13.374460914000053 52.488821971000050)","Unfall 135995 (2020) Kat:3, Licht: 0","135995","3","2","0","01","08","3","1","0","1","0","0","0"
"POINT (13.342003430000034 52.501926107000031)","Unfall 135996 (2020) Kat:2, Licht: 1","135996","2","3","0","01","15","6","1","1","1","0","0","0"
"POINT (13.329814996000039 52.464406752000059)","Unfall 135997 (2020) Kat:3, Licht: 1","135997","3","2","6","01","18","6","0","1","0","1","1","0"
"POINT (13.376385292000066 52.540660579000075)","Unfall 135998 (2020) Kat:3, Licht: 2","135998","3","1","1","01","00","2","1","2","0","1","0","0"
"POINT (13.290157782000051 52.477322068000035)","Unfall 135999 (2020) Kat:3, Licht: 1","135999","3","2","6","01","15","6","1","1","0","1","1","0"
"POINT (13.334056368000063 52.430176550000056)","Unfall 136000 (2020) Kat:3, Licht: 2","136000","3","2","5","01","17","5","0","2","0","1","0","1"
"POINT (13.232902835000061 52.527656381000043)","Unfall 136001 (2020) Kat:2, Licht: 0","136001","2","6","2","01","13","4","0","0","0","1","0","0"
"POINT (13.457926039000029 52.528820999000061)","Unfall 136002 (2020) Kat:3, Licht: 2","136002","3","2","5","01","16","2","1","2","0","1","0","0"
"POINT (13.374044043000026 52.454473454000038)","Unfall 136003 (2020) Kat:3, Licht: 0","136003","3","7","6","01","15","6","0","0","1","0","1","0"
"POINT (13.406409023000037 52.498469768000064)","Unfall 136004 (2020) Kat:3, Licht: 2","136004","3","7","6","01","17","6","0","2","1","0","1","0"
"POINT (13.230199494000033 52.542781637000076)","Unfall 136005 (2020) Kat:3, Licht: 2","136005","3","3","0","01","23","2","0","2","1","1","0","0"
"POINT (13.353584942000055 52.493176421000044)","Unfall 136006 (2020) Kat:3, Licht: 0","136006","3","7","5","01","14","6","1","0","0","1","0","1"
"POINT (13.313849076000054 52.490770306000059)","Unfall 136007 (2020) Kat:3, Licht: 0","136007","3","5","1","01","12","6","1","0","0","1","0","1"
"POINT (13.388143159000037 52.411914952000075)","Unfall 136008 (2020) Kat:3, Licht: 0","136008","3","2","2","01","14","6","0","0","0","1","0","0"
"POINT (13.578432673000066 52.452478889000076)","Unfall 136009 (2020) Kat:2, Licht: 0","136009","2","1","4","01","13","1","0","0","0","1","0","0"
"POINT (13.279995200000030 52.587932335000062)","Unfall 136010 (2020) Kat:3, Licht: 2","136010","3","4","6","01","17","5","0","2","0","1","1","0"
"POINT (13.217139608000025 52.560467460000041)","Unfall 136011 (2020) Kat:3, Licht: 0","136011","3","3","5","01","08","2","0","0","0","1","0","0"
"POINT (13.346165395000071 52.431929737000075)","Unfall 136012 (2020) Kat:2, Licht: 0","136012","2","2","6","01","09","1","0","0","0","1","1","0"
"POINT (13.562553940000043 52.536317790000055)","Unfall 136013 (2020) Kat:3, Licht: 2","136013","3","2","6","01","05","4","0","2","0","1","1","0"
"POINT (13.389424376000022 52.495955506000030)","Unfall 136014 (2020) Kat:3, Licht: 2","136014","3","2","5","01","23","7","1","2","1","1","0","0"
"POINT (13.389899288000038 52.392445061000046)","Unfall 136015 (2020) Kat:3, Licht: 0","136015","3","5","6","01","15","2","0","0","0","1","1","0"
"POINT (13.400251999000034 52.483778803000064)","Unfall 136016 (2020) Kat:3, Licht: 2","136016","3","2","6","01","05","6","0","2","0","1","1","0"
"POINT (13.383466072000033 52.445422838000070)","Unfall 136017 (2020) Kat:3, Licht: 0","136017","3","3","0","01","14","6","0","0","0","1","0","0"
"POINT (13.279385637000075 52.523689450000063)","Unfall 136018 (2020) Kat:2, Licht: 0","136018","2","2","5","01","10","6","0","0","1","1","0","0"
"POINT (13.297904065000068 52.578164995000066)","Unfall 136019 (2020) Kat:3, Licht: 0","136019","3","2","5","01","09","1","1","0","0","1","0","0"
"POINT (13.445019634000062 52.474121712000056)","Unfall 136020 (2020) Kat:3, Licht: 0","136020","3","4","6","01","11","4","0","0","0","1","1","0"
"POINT (13.249703328000066 52.553438760000063)","Unfall 136021 (2020) Kat:3, Licht: 1","136021","3","6","2","01","15","2","1","1","0","1","0","0"
"POINT (13.477914070000054 52.502836473000059)","Unfall 136022 (2020) Kat:3, Licht: 0","136022","3","1","0","01","12","6","1","0","0","0","0","1"
"POINT (13.442888200000027 52.576896286000078)","Unfall 136023 (2020) Kat:3, Licht: 0","136023","3","3","5","01","14","7","0","0","0","1","0","0"
"POINT (13.363051565000035 52.580168519000040)","Unfall 136024 (2020) Kat:2, Licht: 0","136024","2","7","1","01","08","5","0","0","0","1","0","0"
"POINT (13.383435126000052 52.452572003000057)","Unfall 136025 (2020) Kat:3, Licht: 1","136025","3","5","5","01","07","2","0","1","1","1","0","0"
"POINT (13.459829765000052 52.431883118000030)","Unfall 136026 (2020) Kat:3, Licht: 2","136026","3","2","6","01","04","6","1","2","0","0","1","0"
"POINT (13.499266330000069 52.518318545000056)","Unfall 136027 (2020) Kat:3, Licht: 2","136027","3","6","2","01","19","3","1","2","0","1","0","0"
"POINT (13.350947315000042 52.596408425000050)","Unfall 136028 (2020) Kat:3, Licht: 2","136028","3","2","6","01","07","6","1","2","0","1","1","0"
"POINT (13.362367753000058 52.544687640000063)","Unfall 136029 (2020) Kat:3, Licht: 0","136029","3","6","2","01","10","7","0","0","0","1","0","0"
"POINT (13.334983573000045 52.560168973000032)","Unfall 136030 (2020) Kat:3, Licht: 0","136030","3","6","2","01","14","2","1","0","0","1","0","0"
"POINT (13.526828924000029 52.532132728000079)","Unfall 136031 (2020) Kat:3, Licht: 2","136031","3","6","4","01","07","6","1","2","0","1","0","0"
"POINT (13.390720940000051 52.489549373000045)","Unfall 136032 (2020) Kat:3, Licht: 0","136032","3","3","5","01","12","5","0","0","1","1","0","0"
"POINT (13.528714831000059 52.426371626000048)","Unfall 136033 (2020) Kat:3, Licht: 0","136033","3","6","2","01","14","7","0","0","0","1","0","0"
"POINT (13.215115332000039 52.538349486000072)","Unfall 136034 (2020) Kat:2, Licht: 2","136034","2","6","2","01","18","4","0","2","0","1","0","0"
"POINT (13.253104885000027 52.515878362000080)","Unfall 136035 (2020) Kat:2, Licht: 0","136035","2","5","5","01","17","1","0","0","0","1","0","1"
"POINT (13.387890893000076 52.484372156000063)","Unfall 136036 (2020) Kat:3, Licht: 0","136036","3","6","0","01","11","3","0","0","0","0","1","0"
"POINT (13.153616434000071 52.553465414000073)","Unfall 136037 (2020) Kat:2, Licht: 2","136037","2","2","6","01","07","6","1","2","0","1","1","0"
"POINT (13.412503227000059 52.394260799000051)","Unfall 136038 (2020) Kat:3, Licht: 0","136038","3","1","0","01","07","6","1","0","1","0","0","0"
"POINT (13.155411699000069 52.543648320000045)","Unfall 136039 (2020) Kat:3, Licht: 1","136039","3","6","2","01","07","3","0","1","0","1","0","0"
"POINT (13.595316855000021 52.456022410000060)","Unfall 136040 (2020) Kat:3, Licht: 2","136040","3","2","6","01","06","6","1","2","0","1","1","0"
"POINT (13.401263605000054 52.569217816000048)","Unfall 136041 (2020) Kat:3, Licht: 2","136041","3","2","0","01","18","7","0","2","0","1","0","0"
"POINT (13.266905228000041 52.412158204000036)","Unfall 136042 (2020) Kat:3, Licht: 0","136042","3","2","6","01","09","2","0","0","0","0","1","0"
"POINT (13.232513585000049 52.540582712000059)","Unfall 136043 (2020) Kat:3, Licht: 2","136043","3","2","6","01","06","6","1","2","0","1","1","0"
"POINT (13.625063137000041 52.540604062000057)","Unfall 136044 (2020) Kat:2, Licht: 1","136044","2","4","6","01","16","5","0","1","0","1","1","0"
"POINT (13.400120356000059 52.459128496000062)","Unfall 136045 (2020) Kat:3, Licht: 0","136045","3","2","5","01","15","7","0","0","0","1","0","0"
"POINT (13.397154926000042 52.532479996000063)","Unfall 136046 (2020) Kat:3, Licht: 2","136046","3","5","1","01","18","4","0","2","0","1","0","0"
"POINT (13.404622905000053 52.533471732000066)","Unfall 136047 (2020) Kat:3, Licht: 2","136047","3","1","0","01","01","1","1","2","1","0","0","0"
"POINT (13.349423101000070 52.515084419000061)","Unfall 136048 (2020) Kat:3, Licht: 0","136048","3","6","3","01","09","2","0","0","0","1","0","0"
"POINT (13.376038265000034 52.409119344000032)","Unfall 136049 (2020) Kat:3, Licht: 1","136049","3","2","5","01","07","5","1","1","1","1","0","0"
"POINT (13.524626553000076 52.496009173000061)","Unfall 136050 (2020) Kat:3, Licht: 0","136050","3","2","5","01","13","6","0","0","1","1","0","0"
"POINT (13.370575067000061 52.488179820000028)","Unfall 136051 (2020) Kat:3, Licht: 0","136051","3","7","0","01","15","6","0","0","1","0","0","0"
"POINT (13.402060296000059 52.446664808000037)","Unfall 136052 (2020) Kat:3, Licht: 2","136052","3","3","5","01","16","1","0","2","0","1","0","0"
"POINT (13.419966463000037 52.463435552000078)","Unfall 136053 (2020) Kat:3, Licht: 0","136053","3","6","4","01","14","5","0","0","1","1","0","0"
"POINT (13.208676381000032 52.545953915000041)","Unfall 136054 (2020) Kat:3, Licht: 0","136054","3","6","2","01","13","5","0","0","0","0","0","1"
"POINT (13.153509235000058 52.553401161000068)","Unfall 136055 (2020) Kat:3, Licht: 0","136055","3","2","5","01","12","2","0","0","0","1","0","0"
"POINT (13.480912301000046 52.531251317000056)","Unfall 136056 (2020) Kat:3, Licht: 0","136056","3","6","2","01","07","2","0","0","0","1","0","0"
"POINT (13.443995364000045 52.565279942000075)","Unfall 136057 (2020) Kat:3, Licht: 2","136057","3","1","0","01","17","5","1","2","0","1","0","1"
"POINT (13.295704523000040 52.530278697000028)","Unfall 136058 (2020) Kat:3, Licht: 0","136058","3","6","2","01","16","5","0","0","0","1","0","0"
"POINT (13.369085495000036 52.546216811000079)","Unfall 136059 (2020) Kat:3, Licht: 0","136059","3","3","5","01","15","4","0","0","1","1","0","0"
"POINT (13.421106046000034 52.533557964000067)","Unfall 136060 (2020) Kat:3, Licht: 2","136060","3","2","3","01","18","7","0","2","1","1","0","0"
"POINT (13.275642694000055 52.583939090000058)","Unfall 136061 (2020) Kat:3, Licht: 2","136061","3","1","1","01","18","2","0","2","1","1","0","0"
"POINT (13.340537827000048 52.551027705000081)","Unfall 136062 (2020) Kat:3, Licht: 2","136062","3","4","6","01","21","5","1","2","0","1","1","0"
"POINT (13.348993387000064 52.514778386000046)","Unfall 136063 (2020) Kat:3, Licht: 0","136063","3","3","5","01","13","6","1","0","0","1","0","0"
"POINT (13.407319689000076 52.541166974000078)","Unfall 136064 (2020) Kat:3, Licht: 0","136064","3","7","2","01","14","6","0","0","1","1","0","0"
"POINT (13.379540190000057 52.444957402000057)","Unfall 136065 (2020) Kat:3, Licht: 0","136065","3","3","5","01","15","7","0","0","1","1","0","0"
"POINT (13.191007857000045 52.534339363000072)","Unfall 136066 (2020) Kat:2, Licht: 0","136066","2","6","2","01","11","5","0","0","0","1","0","0"
"POINT (13.283924672000069 52.590217003000078)","Unfall 136067 (2020) Kat:3, Licht: 0","136067","3","6","0","01","09","2","0","0","1","0","0","0"
"POINT (13.223149340000077 52.430164592000040)","Unfall 136068 (2020) Kat:3, Licht: 0","136068","3","2","5","01","15","7","0","0","1","1","0","0"
"POINT (13.427002518000052 52.552117509000027)","Unfall 136069 (2020) Kat:3, Licht: 0","136069","3","3","5","01","11","3","0","0","1","1","0","0"
"POINT (13.418378687000029 52.553289007000046)","Unfall 136070 (2020) Kat:3, Licht: 2","136070","3","2","5","01","23","7","0","2","0","1","0","0"
"POINT (13.376608590000046 52.509617221000042)","Unfall 136071 (2020) Kat:3, Licht: 0","136071","3","3","5","01","08","4","0","0","1","1","0","0"
"POINT (13.329775838000046 52.569121847000076)","Unfall 136072 (2020) Kat:2, Licht: 2","136072","2","2","6","01","17","7","0","2","0","1","1","0"
"POINT (13.485327385000062 52.526745318000053)","Unfall 136073 (2020) Kat:3, Licht: 2","136073","3","3","5","01","16","2","1","2","0","1","0","0"
"POINT (13.345041019000064 52.554229470000053)","Unfall 136074 (2020) Kat:2, Licht: 2","136074","2","2","6","01","20","5","1","2","0","1","1","0"
"POINT (13.291445551000038 52.580794646000072)","Unfall 136075 (2020) Kat:3, Licht: 0","136075","3","6","2","01","13","6","0","0","0","1","0","0"
"POINT (13.496106551000025 52.643426931000079)","Unfall 136076 (2020) Kat:2, Licht: 0","136076","2","3","5","01","10","6","0","0","1","1","0","0"
"POINT (13.501664782000034 52.482750455000030)","Unfall 136077 (2020) Kat:3, Licht: 2","136077","3","2","5","01","07","5","0","2","1","1","0","0"
"POINT (13.481402575000061 52.502068610000038)","Unfall 136078 (2020) Kat:3, Licht: 2","136078","3","3","5","01","05","2","0","2","0","1","0","0"
"POINT (13.386411625000051 52.456300085000066)","Unfall 136079 (2020) Kat:3, Licht: 2","136079","3","4","6","01","20","5","1","2","0","1","1","0"
"POINT (13.395006429000034 52.496342351000067)","Unfall 136080 (2020) Kat:3, Licht: 2","136080","3","2","5","01","18","3","0","2","1","1","0","0"
"POINT (13.435042013000043 52.471102604000066)","Unfall 136081 (2020) Kat:2, Licht: 2","136081","2","4","6","01","19","5","1","2","0","1","1","0"
"POINT (13.299281828000062 52.506756672000051)","Unfall 136082 (2020) Kat:3, Licht: 2","136082","3","3","5","01","05","7","0","2","0","1","0","0"
"POINT (13.318648700000040 52.454311453000059)","Unfall 136083 (2020) Kat:3, Licht: 0","136083","3","6","2","01","12","2","0","0","0","1","0","0"
"POINT (13.404412023000077 52.507898242000067)","Unfall 136084 (2020) Kat:3, Licht: 2","136084","3","3","5","01","19","5","1","2","0","1","0","0"
"POINT (13.562493751000034 52.456546775000049)","Unfall 136085 (2020) Kat:3, Licht: 2","136085","3","2","5","01","22","5","0","2","0","1","0","0"
"POINT (13.428937596000026 52.471877855000059)","Unfall 136086 (2020) Kat:3, Licht: 0","136086","3","2","2","01","12","7","0","0","0","1","0","0"
"POINT (13.386940205000030 52.559537493000050)","Unfall 136087 (2020) Kat:3, Licht: 1","136087","3","4","6","01","15","2","1","1","0","1","1","0"
"POINT (13.332355945000074 52.603090207000037)","Unfall 136088 (2020) Kat:3, Licht: 0","136088","3","3","5","01","09","5","1","0","0","1","0","0"
"POINT (13.197704539000028 52.522810368000080)","Unfall 136089 (2020) Kat:3, Licht: 2","136089","3","2","6","01","18","6","0","2","0","1","1","0"
"POINT (13.421403860000055 52.562465952000082)","Unfall 136090 (2020) Kat:3, Licht: 0","136090","3","3","5","01","08","4","0","0","1","1","0","0"
"POINT (13.432681487000025 52.483791200000041)","Unfall 136091 (2020) Kat:3, Licht: 0","136091","3","7","6","01","12","1","0","0","1","0","1","0"
"POINT (13.335369028000059 52.565137864000064)","Unfall 136092 (2020) Kat:3, Licht: 2","136092","3","2","5","01","16","3","0","2","1","1","0","0"
"POINT (13.421480241000040 52.465028636000056)","Unfall 136093 (2020) Kat:3, Licht: 0","136093","3","7","2","01","10","5","0","0","1","1","0","0"
"POINT (13.381178255000066 52.548987758000067)","Unfall 136094 (2020) Kat:3, Licht: 0","136094","3","7","6","01","10","6","0","0","0","1","1","0"
"POINT (13.401943312000071 52.528894173000026)","Unfall 136095 (2020) Kat:3, Licht: 0","136095","3","3","5","01","08","2","0","0","0","1","0","0"
"POINT (13.189974520000021 52.538203816000077)","Unfall 136096 (2020) Kat:3, Licht: 0","136096","3","2","6","01","09","5","1","0","0","0","1","0"
"POINT (13.280146982000076 52.518089284000041)","Unfall 136097 (2020) Kat:3, Licht: 0","136097","3","2","5","01","16","5","0","0","1","1","0","0"
"POINT (13.474325208000039 52.504354478000039)","Unfall 136098 (2020) Kat:3, Licht: 1","136098","3","5","1","01","16","4","0","1","0","1","0","0"
"POINT (13.390376607000064 52.486927284000046)","Unfall 136099 (2020) Kat:3, Licht: 0","136099","3","5","1","01","13","7","0","0","1","0","0","0"
"POINT (13.490247710000062 52.621102773000075)","Unfall 136100 (2020) Kat:3, Licht: 1","136100","3","6","3","01","16","2","0","1","1","0","0","1"
"POINT (13.321687411000028 52.560545670000067)","Unfall 136101 (2020) Kat:3, Licht: 1","136101","3","2","5","01","07","5","1","1","0","1","0","0"
"POINT (13.429500885000039 52.523100777000082)","Unfall 136102 (2020) Kat:3, Licht: 2","136102","3","2","5","01","18","4","0","2","1","1","0","0"
"POINT (13.279217709000022 52.503257613000073)","Unfall 136103 (2020) Kat:3, Licht: 0","136103","3","6","2","01","10","1","1","0","0","1","0","0"
"POINT (13.509168109000029 52.452305891000037)","Unfall 136104 (2020) Kat:3, Licht: 0","136104","3","6","2","01","10","3","0","0","0","1","0","0"
"POINT (13.244548950000024 52.614373180000030)","Unfall 136105 (2020) Kat:3, Licht: 1","136105","3","4","6","01","07","5","1","1","0","1","1","0"
"POINT (13.449052095000070 52.528732605000073)","Unfall 136106 (2020) Kat:3, Licht: 1","136106","3","3","5","01","06","6","0","1","0","1","0","0"
"POINT (13.349740324000038 52.487330623000048)","Unfall 136107 (2020) Kat:3, Licht: 2","136107","3","3","5","01","03","2","0","2","0","1","0","0"
"POINT (13.495530544000076 52.625808188000065)","Unfall 136108 (2020) Kat:2, Licht: 2","136108","2","4","6","01","07","5","1","2","0","1","1","0"
"POINT (13.561583140000039 52.502429760000041)","Unfall 136109 (2020) Kat:3, Licht: 0","136109","3","6","2","01","15","5","0","0","0","1","0","0"