WKT,Name,OBJECTID,UKATEGORIE,UTYP1,UART,UMONAT,USTUNDE,UWOCHENTAG,STRZUSTAND,ULICHTVERH,ISTRAD,ISTPKW,ISTFUSS,ISTKRAD
"POINT (13.346745092000049 52.568130586000052)","Unfall 136110 (2020) Kat:2, Licht: 0","136110","2","6","0","01","11","7","1","0","0","1","0","0"
"POINT (13.487525735000077 52.450601169000038)","Unfall 136111 (2020) Kat:3, Licht: 0","136111","3","6","2","01","13","4","0","0","0","1","0","0"
"POINT (13.180213866000031 52.509100367000030)","Unfall 136112 (2020) Kat:3, Licht: 2","136112","3","2","5","01","16","2","0","2","0","1","0","0"
"POINT (13.413422001000072 52.506745808000062)","Unfall 136113 (2020) Kat:3, Licht: 2","136113","3","3","5","01","06","5","1","2","1","1","0","0"
"POINT (13.306357105000075 52.582437909000078)","Unfall 136114 (2020) Kat:2, Licht: 0","136114","2","4","6","01","12","6","0","0","0","1","1","0"
"POINT (13.427739620000068 52.420686706000026)","Unfall 136115 (2020) Kat:3, Licht: 0","136115","3","2","6","01","12","6","0","0","0","1","1","0"
"POINT (13.294705481000051 52.532732736000071)","Unfall 136116 (2020) Kat:3, Licht: 0","136116","3","6","2","01","12","6","0","0","0","1","0","0"
"POINT (13.431376950000072 52.467402507000031)","Unfall 136117 (2020) Kat:3, Licht: 0","136117","3","6","2","01","14","6","0","0","0","1","0","1"
"POINT (13.353001984000059 52.433241362000047)","Unfall 136118 (2020) Kat:3, Licht: 0","136118","3","2","5","01","14","1","0","0","1","1","0","0"
"POINT (13.446852259000025 52.478285903000028)","Unfall 136119 (2020) Kat:3, Licht: 2","136119","3","6","2","01","17","5","0","2","0","1","0","0"
"POINT (13.521602892000033 52.525744814000063)","Unfall 136120 (2020) Kat:3, Licht: 0","136120","3","3","5","01","10","2","0","0","0","1","0","0"
"POINT (13.499380216000077 52.519921636000049)","Unfall 136121 (2020) Kat:2, Licht: 2","136121","2","3","5","01","05","4","0","2","0","1","0","1"
"POINT (13.601130119000061 52.536843416000067)","Unfall 136122 (2020) Kat:3, Licht: 0","136122","3","3","5","01","13","7","0","0","0","1","0","0"
"POINT (13.455537061000030 52.479917627000077)","Unfall 136123 (2020) Kat:3, Licht: 0","136123","3","7","6","01","16","2","0","0","0","1","1","0"
"POINT (13.279992023000034 52.518309917000067)","Unfall 136124 (2020) Kat:3, Licht: 2","136124","3","2","5","01","19","5","1","2","1","1","0","0"
"POINT (13.300805096000033 52.473978344000045)","Unfall 136125 (2020) Kat:3, Licht: 0","136125","3","3","5","01","12","6","0","0","0","1","0","0"
"POINT (13.569540164000045 52.528735873000073)","Unfall 136126 (2020) Kat:3, Licht: 0","136126","3","3","5","01","10","6","0","0","1","1","0","0"
"POINT (13.380664200000069 52.442880102000061)","Unfall 136127 (2020) Kat:1, Licht: 2","136127","1","3","5","01","06","4","0","2","0","1","0","1"
"POINT (13.406437442000026 52.498155285000053)","Unfall 136128 (2020) Kat:3, Licht: 0","136128","3","6","2","01","16","2","0","0","0","1","0","0"
"POINT (13.382270557000027 52.504471147000061)","Unfall 136129 (2020) Kat:3, Licht: 2","136129","3","2","5","01","17","3","0","2","0","1","0","0"
"POINT (13.214235057000053 52.562891678000028)","Unfall 136130 (2020) Kat:2, Licht: 2","136130","2","4","6","01","19","5","1","2","0","1","1","0"
"POINT (13.391072923000024 52.512190679000071)","Unfall 136131 (2020) Kat:3, Licht: 0","136131","3","5","1","01","09","5","0","0","1","1","0","0"
"POINT (13.317506837000053 52.430816964000030)","Unfall 136132 (2020) Kat:3, Licht: 0","136132","3","2","5","01","07","2","0","0","1","1","0","0"
"POINT (13.340854601000046 52.445821996000063)","Unfall 136133 (2020) Kat:3, Licht: 2","136133","3","5","1","01","18","5","1","2","1","1","0","0"
"POINT (13.352982258000054 52.516116560000057)","Unfall 136134 (2020) Kat:2, Licht: 2","136134","2","6","0","01","19","3","1","2","0","1","0","1"
"POINT (13.427651597000022 52.507594002000076)","Unfall 136135 (2020) Kat:3, Licht: 2","136135","3","3","5","01","18","5","1","2","1","0","0","0"
"POINT (13.143645682000056 52.397639047000041)","Unfall 136136 (2020) Kat:2, Licht: 0","136136","2","1","0","01","10","7","2","0","1","0","0","0"
"POINT (13.280788571000073 52.593787535000047)","Unfall 136137 (2020) Kat:3, Licht: 1","136137","3","2","5","01","15","2","0","1","0","1","0","0"
"POINT (13.285040774000038 52.492873956000039)","Unfall 136138 (2020) Kat:3, Licht: 2","136138","3","6","2","01","17","5","1","2","0","1","0","0"
"POINT (13.383641696000041 52.572778794000044)","Unfall 136139 (2020) Kat:3, Licht: 0","136139","3","2","6","01","14","5","0","0","0","1","1","0"
"POINT (13.417027529000052 52.545392327000059)","Unfall 136140 (2020) Kat:3, Licht: 2","136140","3","5","1","01","20","4","0","2","1","1","0","0"
"POINT (13.549704268000028 52.542712666000057)","Unfall 136141 (2020) Kat:3, Licht: 2","136141","3","6","2","01","22","1","0","2","0","1","0","0"
"POINT (13.133436442000061 52.553854231000059)","Unfall 136142 (2020) Kat:2, Licht: 0","136142","2","2","5","01","13","3","0","0","0","1","0","0"
"POINT (13.307464833000040 52.433236021000027)","Unfall 136143 (2020) Kat:3, Licht: 2","136143","3","4","6","01","17","5","1","2","0","1","1","0"
"POINT (13.534324661000028 52.431425857000079)","Unfall 136144 (2020) Kat:3, Licht: 0","136144","3","3","5","01","08","6","0","0","1","1","0","0"
"POINT (13.345913442000040 52.436288634000050)","Unfall 136145 (2020) Kat:3, Licht: 0","136145","3","2","5","01","08","2","0","0","1","1","0","0"
"POINT (13.491670690000035 52.511542059000078)","Unfall 136146 (2020) Kat:3, Licht: 2","136146","3","6","2","01","17","5","1","2","0","1","0","0"
"POINT (13.388527509000028 52.518029025000033)","Unfall 136147 (2020) Kat:3, Licht: 1","136147","3","4","6","01","16","5","0","1","0","1","1","0"
"POINT (13.197617459000071 52.555395056000066)","Unfall 136148 (2020) Kat:3, Licht: 2","136148","3","1","1","01","03","7","1","2","0","1","0","0"
"POINT (13.380896165000024 52.516369005000058)","Unfall 136149 (2020) Kat:3, Licht: 0","136149","3","2","5","01","10","2","0","0","1","1","0","0"
"POINT (13.418455876000053 52.500118049000037)","Unfall 136150 (2020) Kat:3, Licht: 2","136150","3","7","2","01","16","5","1","2","1","0","0","0"
"POINT (13.425518249000049 52.493207204000043)","Unfall 136151 (2020) Kat:3, Licht: 2","136151","3","3","5","01","19","5","0","2","1","1","0","0"
"POINT (13.392046605000075 52.439832366000076)","Unfall 136152 (2020) Kat:3, Licht: 2","136152","3","2","5","01","17","4","0","2","0","1","0","0"
"POINT (13.387667358000044 52.560434835000081)","Unfall 136153 (2020) Kat:3, Licht: 2","136153","3","3","5","01","02","1","0","2","0","1","0","0"
"POINT (13.514070633000074 52.446533106000061)","Unfall 136154 (2020) Kat:3, Licht: 0","136154","3","3","5","01","10","3","0","0","1","1","0","0"
"POINT (13.427754171000061 52.606234822000033)","Unfall 136155 (2020) Kat:3, Licht: 2","136155","3","5","1","01","16","5","1","2","0","1","0","0"
"POINT (13.376460781000048 52.485034316000053)","Unfall 136156 (2020) Kat:2, Licht: 1","136156","2","3","5","01","17","6","0","1","0","1","1","0"
"POINT (13.433073812000032 52.464418572000056)","Unfall 136157 (2020) Kat:3, Licht: 2","136157","3","5","1","01","18","1","0","2","1","1","0","0"
"POINT (13.567835581000054 52.573537590000058)","Unfall 136158 (2020) Kat:3, Licht: 0","136158","3","6","2","01","14","5","1","0","0","1","0","0"
"POINT (13.435035629000026 52.514749496000036)","Unfall 136159 (2020) Kat:3, Licht: 0","136159","3","5","1","01","14","5","0","0","1","1","0","0"
"POINT (13.324810876000072 52.527808786000037)","Unfall 136160 (2020) Kat:2, Licht: 0","136160","2","2","5","01","12","4","0","0","0","1","0","0"
"POINT (13.435143388000029 52.426809531000060)","Unfall 136161 (2020) Kat:3, Licht: 0","136161","3","6","2","01","15","4","0","0","0","1","0","0"
"POINT (13.129807291000077 52.389872325000056)","Unfall 136162 (2020) Kat:3, Licht: 0","136162","3","1","0","01","10","7","2","0","1","0","0","0"
"POINT (13.465842730000077 52.469590512000082)","Unfall 136163 (2020) Kat:3, Licht: 2","136163","3","1","9","01","23","2","0","2","0","1","0","0"
"POINT (13.228549208000061 52.538004877000049)","Unfall 136164 (2020) Kat:3, Licht: 0","136164","3","6","2","01","13","5","1","0","0","1","0","0"
"POINT (13.395714737000048 52.498339926000028)","Unfall 136165 (2020) Kat:3, Licht: 0","136165","3","6","3","01","12","6","1","0","0","1","0","0"
"POINT (13.502505721000034 52.469997770000077)","Unfall 136166 (2020) Kat:2, Licht: 0","136166","2","6","2","01","14","6","0","0","0","1","0","1"
"POINT (13.444696292000060 52.615297501000043)","Unfall 136167 (2020) Kat:3, Licht: 0","136167","3","3","5","01","10","1","0","0","0","1","0","0"
"POINT (13.272367558000042 52.536444973000073)","Unfall 136168 (2020) Kat:3, Licht: 2","136168","3","6","2","01","21","7","0","2","0","1","0","0"
"POINT (13.368114071000036 52.587156706000030)","Unfall 136169 (2020) Kat:3, Licht: 0","136169","3","2","6","01","12","5","0","0","0","1","1","0"
"POINT (13.364149734000023 52.544894617000068)","Unfall 136170 (2020) Kat:3, Licht: 0","136170","3","2","2","01","09","2","0","0","1","0","0","0"
"POINT (13.451919443000065 52.527656460000060)","Unfall 136171 (2020) Kat:3, Licht: 2","136171","3","3","5","01","17","7","0","2","1","0","0","0"
"POINT (13.361326463000069 52.567638072000079)","Unfall 136172 (2020) Kat:3, Licht: 0","136172","3","7","6","01","11","3","0","0","1","0","1","0"
"POINT (13.309608232000073 52.431274861000077)","Unfall 136173 (2020) Kat:3, Licht: 0","136173","3","2","5","01","13","7","0","0","1","1","0","0"
"POINT (13.344811098000037 52.486830324000039)","Unfall 136174 (2020) Kat:2, Licht: 0","136174","2","3","5","01","15","2","1","0","0","1","0","0"
"POINT (13.604351483000073 52.538216235000050)","Unfall 136175 (2020) Kat:3, Licht: 0","136175","3","5","1","01","14","5","1","0","0","1","0","0"
"POINT (13.198552592000055 52.542891291000046)","Unfall 136176 (2020) Kat:2, Licht: 1","136176","2","2","5","01","08","6","0","1","0","1","0","0"
"POINT (13.409223775000044 52.501710521000064)","Unfall 136177 (2020) Kat:3, Licht: 1","136177","3","2","5","01","15","3","1","1","1","1","0","0"
"POINT (13.551239958000053 52.549924176000047)","Unfall 136178 (2020) Kat:3, Licht: 0","136178","3","6","2","01","15","3","1","0","0","1","0","0"
"POINT (13.305578535000052 52.437377732000073)","Unfall 136179 (2020) Kat:3, Licht: 0","136179","3","7","6","01","16","5","0","0","1","0","1","0"
"POINT (13.438266949000024 52.423984017000066)","Unfall 136180 (2020) Kat:2, Licht: 0","136180","2","6","3","01","14","3","1","0","0","1","0","0"
"POINT (13.376886756000033 52.543452831000081)","Unfall 136181 (2020) Kat:3, Licht: 2","136181","3","5","1","01","19","3","1","2","0","1","0","0"
"POINT (13.183303948000059 52.540008029000035)","Unfall 136182 (2020) Kat:3, Licht: 2","136182","3","6","2","01","22","5","0","2","0","1","0","0"
"POINT (13.473631184000055 52.503049797000074)","Unfall 136183 (2020) Kat:3, Licht: 2","136183","3","2","5","01","19","3","1","2","1","1","0","0"
"POINT (13.331382655000027 52.503904936000026)","Unfall 136184 (2020) Kat:2, Licht: 2","136184","2","3","0","01","18","4","1","2","0","1","0","1"
"POINT (13.306777432000047 52.499864675000026)","Unfall 136185 (2020) Kat:3, Licht: 0","136185","3","2","5","01","15","5","0","0","1","1","0","0"
"POINT (13.387657959000023 52.503375426000048)","Unfall 136186 (2020) Kat:3, Licht: 2","136186","3","2","5","01","19","3","1","2","1","1","0","0"
"POINT (13.428865330000065 52.490266904000066)","Unfall 136187 (2020) Kat:1, Licht: 2","136187","1","4","6","01","17","5","0","2","0","1","1","0"
"POINT (13.178200567000033 52.548699069000065)","Unfall 136188 (2020) Kat:3, Licht: 0","136188","3","2","6","01","07","3","1","0","0","1","1","0"
"POINT (13.549850636000031 52.456539599000052)","Unfall 136189 (2020) Kat:2, Licht: 0","136189","2","4","6","01","15","3","1","0","0","0","1","0"
"POINT (13.444763503000047 52.501046142000064)","Unfall 136190 (2020) Kat:3, Licht: 2","136190","3","1","0","01","21","4","1","2","1","0","0","0"
"POINT (13.624759593000022 52.450499021000041)","Unfall 136191 (2020) Kat:3, Licht: 1","136191","3","2","6","01","07","3","1","1","0","1","1","0"
"POINT (13.396545238000044 52.554951472000027)","Unfall 136192 (2020) Kat:2, Licht: 0","136192","2","4","6","01","08","5","1","0","0","1","1","0"
"POINT (13.344909797000071 52.488677841000026)","Unfall 136193 (2020) Kat:3, Licht: 0","136193","3","5","1","01","07","3","1","0","1","1","0","0"
"POINT (13.526827252000032 52.428071935000048)","Unfall 136194 (2020) Kat:3, Licht: 1","136194","3","2","5","01","07","3","1","1","1","0","0","0"
"POINT (13.289884666000034 52.482213256000080)","Unfall 136195 (2020) Kat:3, Licht: 2","136195","3","2","5","01","17","4","1","2","0","1","0","0"
"POINT (13.502710175000061 52.502104292000070)","Unfall 136196 (2020) Kat:2, Licht: 2","136196","2","4","6","01","07","3","1","2","0","1","1","0"
"POINT (13.380306350000069 52.518825599000081)","Unfall 136197 (2020) Kat:3, Licht: 2","136197","3","2","5","01","19","4","0","2","1","1","0","0"
"POINT (13.302404628000033 52.506905950000032)","Unfall 136198 (2020) Kat:3, Licht: 2","136198","3","2","6","01","19","3","1","2","0","1","1","0"
"POINT (13.313353114000051 52.502794907000066)","Unfall 136199 (2020) Kat:3, Licht: 0","136199","3","4","6","01","07","6","1","0","1","0","1","0"
"POINT (13.344683407000048 52.450247825000076)","Unfall 136200 (2020) Kat:2, Licht: 0","136200","2","7","6","01","14","3","1","0","1","0","1","0"
"POINT (13.432932653000023 52.596036842000046)","Unfall 136201 (2020) Kat:3, Licht: 2","136201","3","4","6","01","17","4","0","2","0","0","1","0"
"POINT (13.312606646000063 52.419439768000075)","Unfall 136202 (2020) Kat:2, Licht: 2","136202","2","2","5","01","18","3","1","2","0","1","0","0"
"POINT (13.598403299000040 52.530865458000051)","Unfall 136203 (2020) Kat:3, Licht: 2","136203","3","3","5","01","06","5","1","2","0","1","0","0"
"POINT (13.344914771000049 52.496732453000050)","Unfall 136204 (2020) Kat:3, Licht: 2","136204","3","3","5","01","18","3","1","2","1","1","0","0"
"POINT (13.375744297000040 52.568624739000029)","Unfall 136205 (2020) Kat:2, Licht: 2","136205","2","2","6","01","07","3","1","2","0","1","1","0"
"POINT (13.334381530000030 52.498397605000036)","Unfall 136206 (2020) Kat:3, Licht: 2","136206","3","3","5","01","18","4","1","2","1","1","0","0"
"POINT (13.546837901000060 52.431568712000058)","Unfall 136207 (2020) Kat:3, Licht: 0","136207","3","2","5","01","11","3","1","0","1","1","0","0"
"POINT (13.360341057000028 52.537243468000042)","Unfall 136208 (2020) Kat:3, Licht: 1","136208","3","2","5","01","07","3","1","1","1","1","0","0"
"POINT (13.512554029000057 52.462776499000029)","Unfall 136209 (2020) Kat:3, Licht: 2","136209","3","2","5","01","17","5","0","2","1","1","0","0"
"POINT (13.561778168000046 52.493879507000031)","Unfall 136210 (2020) Kat:2, Licht: 2","136210","2","2","6","01","06","3","1","2","0","1","1","0"
"POINT (13.407685797000056 52.526584448000051)","Unfall 136211 (2020) Kat:3, Licht: 2","136211","3","5","1","01","17","4","0","2","1","1","0","0"
"POINT (13.443884775000072 52.500033476000056)","Unfall 136212 (2020) Kat:3, Licht: 2","136212","3","6","2","01","18","3","1","2","0","1","0","1"
"POINT (13.322702936000042 52.488537029000042)","Unfall 136213 (2020) Kat:3, Licht: 2","136213","3","6","2","01","16","4","1","2","0","1","0","0"
"POINT (13.591183228000034 52.529345672000034)","Unfall 136214 (2020) Kat:3, Licht: 2","136214","3","1","9","01","05","3","1","2","0","1","0","0"
"POINT (13.297977045000039 52.578207721000069)","Unfall 136215 (2020) Kat:1, Licht: 0","136215","1","2","5","01","12","6","0","0","1","0","0","0"
"POINT (13.526426085000026 52.424650811000049)","Unfall 136216 (2020) Kat:3, Licht: 2","136216","3","2","5","01","17","3","1","2","1","1","0","0"
"POINT (13.320820657000070 52.507443980000062)","Unfall 136217 (2020) Kat:3, Licht: 1","136217","3","7","6","01","16","4","1","1","0","1","1","0"
"POINT (13.305199689000062 52.496898809000072)","Unfall 136218 (2020) Kat:3, Licht: 2","136218","3","2","6","01","17","3","1","2","0","1","1","0"
"POINT (13.403767728000048 52.590404954000064)","Unfall 136219 (2020) Kat:3, Licht: 0","136219","3","7","2","01","14","4","0","0","0","1","0","0"
"POINT (13.485927124000057 52.520971275000079)","Unfall 136220 (2020) Kat:2, Licht: 2","136220","2","4","6","01","16","3","1","2","0","1","1","0"
"POINT (13.209862359000056 52.548051558000054)","Unfall 136221 (2020) Kat:3, Licht: 0","136221","3","6","2","01","14","3","0","0","0","1","0","0"
"POINT (13.204183407000073 52.540540657000065)","Unfall 136222 (2020) Kat:3, Licht: 0","136222","3","6","0","01","15","4","1","0","0","1","0","1"
"POINT (13.310131665000029 52.478957309000066)","Unfall 136223 (2020) Kat:3, Licht: 0","136223","3","2","2","01","10","3","0","0","0","1","0","0"
"POINT (13.422543186000041 52.552713768000046)","Unfall 136224 (2020) Kat:3, Licht: 2","136224","3","6","3","01","16","3","1","2","0","1","0","0"
"POINT (13.558933758000023 52.532321154000044)","Unfall 136225 (2020) Kat:3, Licht: 2","136225","3","5","1","01","22","5","0","2","0","1","0","0"
"POINT (13.392409504000057 52.524100940000039)","Unfall 136226 (2020) Kat:2, Licht: 2","136226","2","4","6","01","17","3","1","2","0","1","1","0"
"POINT (13.486156986000026 52.502634932000035)","Unfall 136227 (2020) Kat:3, Licht: 1","136227","3","5","1","01","06","4","0","1","0","1","0","0"
"POINT (13.293859034000036 52.534766007000030)","Unfall 136228 (2020) Kat:3, Licht: 0","136228","3","2","0","01","15","4","0","0","0","0","0","1"
"POINT (13.371031599000048 52.544476703000043)","Unfall 136229 (2020) Kat:3, Licht: 0","136229","3","2","5","01","14","3","0","0","1","1","0","0"
"POINT (13.474090864000061 52.532658973000082)","Unfall 136230 (2020) Kat:2, Licht: 0","136230","2","7","6","01","11","4","0","0","0","0","1","0"
"POINT (13.419937818000051 52.392164808000075)","Unfall 136231 (2020) Kat:3, Licht: 2","136231","3","5","1","01","16","3","1","2","0","1","0","0"
"POINT (13.307212867000032 52.507893895000052)","Unfall 136232 (2020) Kat:3, Licht: 2","136232","3","7","5","01","16","3","1","2","1","1","0","0"
"POINT (13.522335492000025 52.428527430000031)","Unfall 136233 (2020) Kat:1, Licht: 0","136233","1","3","5","01","10","3","1","0","0","1","0","1"
"POINT (13.382473769000057 52.402939623000066)","Unfall 136234 (2020) Kat:3, Licht: 0","136234","3","3","5","01","14","4","0","0","1","1","0","0"
"POINT (13.404268281000043 52.534136728000078)","Unfall 136235 (2020) Kat:3, Licht: 0","136235","3","6","4","01","10","3","1","0","1","0","0","1"
"POINT (13.392067991000033 52.497958491000077)","Unfall 136236 (2020) Kat:3, Licht: 2","136236","3","4","0","01","18","2","0","2","0","0","1","0"
"POINT (13.488025586000049 52.618549773000041)","Unfall 136237 (2020) Kat:2, Licht: 2","136237","2","3","5","01","06","5","1","2","1","0","0","0"
"POINT (13.428864697000051 52.551393027000074)","Unfall 136238 (2020) Kat:3, Licht: 0","136238","3","3","5","01","14","2","0","0","1","1","0","0"
"POINT (13.292859246000035 52.458117431000062)","Unfall 136239 (2020) Kat:2, Licht: 2","136239","2","3","0","01","18","4","1","2","0","1","0","1"
"POINT (13.265253375000043 52.520831030000068)","Unfall 136240 (2020) Kat:3, Licht: 0","136240","3","6","2","01","13","4","0","0","0","1","0","0"
"POINT (13.416782148000038 52.504308070000036)","Unfall 136241 (2020) Kat:3, Licht: 0","136241","3","3","5","01","13","2","0","0","0","1","0","0"
"POINT (13.361760694000054 52.447177932000045)","Unfall 136242 (2020) Kat:3, Licht: 0","136242","3","6","2","01","12","4","1","0","0","1","0","0"
"POINT (13.697759967000025 52.404763279000065)","Unfall 136243 (2020) Kat:2, Licht: 0","136243","2","1","9","01","13","2","1","0","0","1","0","0"
"POINT (13.290552592000040 52.494377605000068)","Unfall 136244 (2020) Kat:3, Licht: 0","136244","3","3","6","01","12","2","0","0","0","1","1","0"
"POINT (13.431690255000035 52.481500647000075)","Unfall 136245 (2020) Kat:3, Licht: 2","136245","3","3","0","01","22","4","0","2","1","0","0","0"
"POINT (13.375982827000030 52.409113145000049)","Unfall 136246 (2020) Kat:3, Licht: 0","136246","3","1","0","01","12","2","0","0","1","0","0","0"
"POINT (13.359225989000038 52.574250239000037)","Unfall 136247 (2020) Kat:3, Licht: 0","136247","3","2","0","01","07","4","0","0","1","1","0","0"
"POINT (13.325450076000038 52.503820193000081)","Unfall 136248 (2020) Kat:3, Licht: 0","136248","3","6","2","01","12","2","0","0","1","1","0","0"
"POINT (13.346709605000058 52.435782745000040)","Unfall 136249 (2020) Kat:3, Licht: 0","136249","3","6","2","01","11","2","0","0","0","1","0","0"
"POINT (13.388200615000073 52.520701875000043)","Unfall 136250 (2020) Kat:3, Licht: 2","136250","3","5","1","01","18","4","1","2","1","1","0","0"
"POINT (13.471388347000072 52.505157905000033)","Unfall 136251 (2020) Kat:3, Licht: 0","136251","3","2","0","01","11","2","0","0","1","1","0","0"
"POINT (13.499320245000035 52.518158595000045)","Unfall 136252 (2020) Kat:3, Licht: 0","136252","3","3","5","01","09","5","1","0","0","1","0","0"
"POINT (13.624551750000023 52.450507196000046)","Unfall 136253 (2020) Kat:3, Licht: 0","136253","3","2","5","01","11","2","0","0","1","1","0","0"
"POINT (13.437712399000077 52.465252652000061)","Unfall 136254 (2020) Kat:3, Licht: 1","136254","3","4","6","01","16","4","0","1","0","0","1","0"
"POINT (13.331285308000076 52.506795303000047)","Unfall 136255 (2020) Kat:3, Licht: 0","136255","3","2","5","01","11","2","0","0","0","1","0","0"
"POINT (13.259754763000046 52.429606041000056)","Unfall 136256 (2020) Kat:3, Licht: 2","136256","3","5","1","01","20","4","0","2","1","1","0","0"
"POINT (13.379535839000027 52.556411935000028)","Unfall 136257 (2020) Kat:3, Licht: 0","136257","3","6","0","01","11","2","0","0","0","1","0","1"
"POINT (13.421466621000036 52.465238557000077)","Unfall 136258 (2020) Kat:3, Licht: 2","136258","3","2","5","01","23","6","0","2","1","1","0","0"
"POINT (13.332780954000043 52.478555965000055)","Unfall 136259 (2020) Kat:3, Licht: 0","136259","3","2","2","01","10","2","1","0","0","1","0","0"
"POINT (13.539011325000047 52.434207027000070)","Unfall 136260 (2020) Kat:3, Licht: 0","136260","3","3","5","01","08","4","0","0","1","0","0","0"
"POINT (13.511092133000034 52.444894239000064)","Unfall 136261 (2020) Kat:3, Licht: 0","136261","3","2","5","01","08","2","0","0","1","1","0","0"
"POINT (13.500441886000033 52.510724992000064)","Unfall 136262 (2020) Kat:2, Licht: 0","136262","2","4","6","01","10","5","1","0","0","0","1","0"
"POINT (13.349115199000039 52.542341751000038)","Unfall 136263 (2020) Kat:3, Licht: 0","136263","3","6","2","01","08","2","0","0","0","1","0","0"
"POINT (13.409598793000043 52.523951550000049)","Unfall 136264 (2020) Kat:3, Licht: 0","136264","3","2","5","01","08","2","1","0","1","0","0","0"
"POINT (13.585100682000075 52.427762210000026)","Unfall 136265 (2020) Kat:2, Licht: 2","136265","2","4","6","01","07","5","1","2","0","1","1","0"
"POINT (13.321766792000062 52.456636709000065)","Unfall 136266 (2020) Kat:3, Licht: 0","136266","3","4","6","01","08","2","0","0","0","1","1","0"
"POINT (13.477537632000065 52.566916622000065)","Unfall 136267 (2020) Kat:3, Licht: 1","136267","3","6","0","01","07","2","1","1","0","1","0","0"
"POINT (13.470449180000060 52.506353205000039)","Unfall 136268 (2020) Kat:3, Licht: 1","136268","3","6","3","01","16","4","0","1","1","1","0","0"
"POINT (13.432800843000052 52.557220308000069)","Unfall 136269 (2020) Kat:3, Licht: 2","136269","3","3","5","01","19","2","1","2","1","1","0","0"
"POINT (13.399575392000031 52.496100407000029)","Unfall 136270 (2020) Kat:3, Licht: 2","136270","3","4","6","01","18","5","0","2","1","0","1","0"
"POINT (13.284427607000055 52.594494918000066)","Unfall 136271 (2020) Kat:3, Licht: 2","136271","3","3","5","01","18","2","0","2","1","1","0","0"
"POINT (13.542977207000035 52.536641144000043)","Unfall 136272 (2020) Kat:3, Licht: 0","136272","3","3","5","01","09","4","1","0","0","1","0","0"
"POINT (13.386292747000027 52.532902079000053)","Unfall 136273 (2020) Kat:3, Licht: 2","136273","3","6","0","01","18","2","0","2","0","1","0","1"
"POINT (13.343767609000054 52.525269100000060)","Unfall 136274 (2020) Kat:3, Licht: 0","136274","3","5","1","01","13","4","0","0","1","0","0","0"
"POINT (13.388371577000044 52.519631437000044)","Unfall 136275 (2020) Kat:3, Licht: 2","136275","3","7","6","01","18","2","0","2","0","0","1","1"
"POINT (13.435732304000055 52.480931345000045)","Unfall 136276 (2020) Kat:3, Licht: 1","136276","3","6","2","01","16","2","0","1","0","1","0","0"
"POINT (13.343523449000031 52.549327469000048)","Unfall 136277 (2020) Kat:3, Licht: 0","136277","3","4","6","01","09","4","1","0","0","1","1","0"
"POINT (13.461837679000041 52.529904452000039)","Unfall 136278 (2020) Kat:3, Licht: 0","136278","3","6","2","01","09","3","0","0","0","1","0","0"
"POINT (13.389523755000027 52.434273907000033)","Unfall 136279 (2020) Kat:3, Licht: 1","136279","3","6","2","01","16","2","0","1","0","1","0","0"
"POINT (13.406988907000027 52.535225605000051)","Unfall 136280 (2020) Kat:3, Licht: 0","136280","3","5","1","01","09","4","1","0","1","1","0","0"
"POINT (13.428606472000070 52.599464009000030)","Unfall 136281 (2020) Kat:3, Licht: 0","136281","3","2","5","01","08","3","1","0","1","1","0","0"
"POINT (13.527013189000058 52.437639710000042)","Unfall 136282 (2020) Kat:3, Licht: 0","136282","3","3","5","01","15","2","0","0","0","1","0","0"
"POINT (13.630267382000056 52.450577888000055)","Unfall 136283 (2020) Kat:2, Licht: 0","136283","2","3","0","01","15","5","1","0","1","0","0","1"
"POINT (13.245122583000068 52.522665911000047)","Unfall 136284 (2020) Kat:3, Licht: 0","136284","3","5","1","01","15","2","0","0","0","1","0","0"
"POINT (13.492367155000068 52.616065125000034)","Unfall 136285 (2020) Kat:3, Licht: 0","136285","3","4","6","01","14","2","0","0","0","1","1","0"
"POINT (13.320482639000033 52.456790210000065)","Unfall 136286 (2020) Kat:3, Licht: 2","136286","3","2","6","01","22","4","0","2","0","1","1","0"
"POINT (13.492180859000030 52.523032622000073)","Unfall 136287 (2020) Kat:3, Licht: 0","136287","3","6","2","01","14","4","0","0","0","1","0","0"
"POINT (13.539160925000033 52.436959108000053)","Unfall 136288 (2020) Kat:3, Licht: 1","136288","3","6","2","01","07","2","1","1","0","1","0","0"
"POINT (13.445886188000031 52.472274756000047)","Unfall 136289 (2020) Kat:3, Licht: 1","136289","3","3","5","01","07","2","0","1","1","0","0","0"
"POINT (13.402636376000032 52.565573810000046)","Unfall 136290 (2020) Kat:3, Licht: 1","136290","3","2","5","01","07","2","1","1","1","1","0","0"
"POINT (13.330516336000073 52.562511243000074)","Unfall 136291 (2020) Kat:3, Licht: 1","136291","3","2","5","01","07","4","1","1","0","1","0","0"
"POINT (13.294759327000065 52.539418655000077)","Unfall 136292 (2020) Kat:3, Licht: 0","136292","3","6","2","01","08","3","1","0","0","1","0","0"
"POINT (13.432603866000022 52.557529690000081)","Unfall 136293 (2020) Kat:3, Licht: 1","136293","3","3","5","01","07","2","1","1","1","1","0","0"
"POINT (13.423830456000076 52.500024189000044)","Unfall 136294 (2020) Kat:3, Licht: 0","136294","3","5","1","01","13","5","0","0","1","1","0","0"
"POINT (13.381782516000044 52.497117637000031)","Unfall 136295 (2020) Kat:3, Licht: 0","136295","3","7","5","01","15","4","0","0","0","1","0","0"