WKT,Name,OBJECTID,UKATEGORIE,UTYP1,UART,UMONAT,USTUNDE,UWOCHENTAG,STRZUSTAND,ULICHTVERH,ISTRAD,ISTPKW,ISTFUSS,ISTKRAD
"POINT (13.459035392000033 52.440363582000032)","Unfall 136296 (2020) Kat:3, Licht: 2","136296","3","2","5","01","06","2","1","2","0","1","0","0"
"POINT (13.433010316000036 52.452405878000036)","Unfall 136297 (2020) Kat:2, Licht: 2","136297","2","3","5","01","17","4","1","2","0","1","0","0"
"POINT (13.247025463000057 52.543975776000082)","Unfall 136298 (2020) Kat:3, Licht: 2","136298","3","2","5","01","06","2","0","2","1","1","0","0"
"POINT (13.383749465000051 52.555025063000073)","Unfall 136299 (2020) Kat:3, Licht: 2","136299","3","7","5","01","21","5","0","2","0","1","0","0"
"POINT (13.523521836000043 52.565741758000058)","Unfall 136300 (2020) Kat:3, Licht: 2","136300","3","4","6","01","18","4","0","2","0","1","1","0"
"POINT (13.377070328000059 52.508583776000080)","Unfall 136301 (2020) Kat:3, Licht: 2","136301","3","3","5","01","06","2","0","2","0","1","0","1"
"POINT (13.408181291000062 52.493041899000048)","Unfall 136302 (2020) Kat:3, Licht: 2","136302","3","7","2","01","18","4","1","2","1","1","0","0"
"POINT (13.340538754000022 52.443597961000080)","Unfall 136303 (2020) Kat:1, Licht: 2","136303","1","7","8","01","01","4","0","2","0","0","0","1"
"POINT (13.446247422000056 52.486337734000074)","Unfall 136304 (2020) Kat:2, Licht: 2","136304","2","3","5","01","04","2","0","2","0","1","0","1"
"POINT (13.315392620000068 52.451449789000037)","Unfall 136305 (2020) Kat:3, Licht: 0","136305","3","2","5","01","08","3","0","0","1","1","0","0"
"POINT (13.527319102000035 52.556478791000075)","Unfall 136306 (2020) Kat:3, Licht: 2","136306","3","2","5","01","04","2","0","2","1","1","0","0"
"POINT (13.364234476000036 52.527642121000042)","Unfall 136307 (2020) Kat:3, Licht: 2","136307","3","1","8","01","04","2","1","2","0","1","0","0"
"POINT (13.380436282000062 52.518101283000078)","Unfall 136308 (2020) Kat:3, Licht: 0","136308","3","2","5","01","08","3","0","0","1","1","0","0"
"POINT (13.272007847000054 52.498786690000031)","Unfall 136309 (2020) Kat:3, Licht: 2","136309","3","1","8","01","02","1","1","2","0","1","0","0"
"POINT (13.447935602000030 52.477988478000043)","Unfall 136310 (2020) Kat:3, Licht: 0","136310","3","3","5","01","08","5","1","0","1","1","0","0"
"POINT (13.528369965000024 52.557046605000039)","Unfall 136311 (2020) Kat:3, Licht: 2","136311","3","6","2","01","06","4","1","2","0","1","0","0"
"POINT (13.317697918000022 52.506144680000034)","Unfall 136312 (2020) Kat:3, Licht: 2","136312","3","7","6","01","19","1","0","2","0","1","1","0"
"POINT (13.466481148000071 52.502078989000040)","Unfall 136313 (2020) Kat:3, Licht: 2","136313","3","1","9","01","03","1","1","2","0","1","1","0"
"POINT (13.436752091000074 52.449640250000073)","Unfall 136314 (2020) Kat:3, Licht: 0","136314","3","4","6","01","11","3","0","0","0","1","1","0"
"POINT (13.444075728000030 52.499965494000037)","Unfall 136315 (2020) Kat:3, Licht: 2","136315","3","4","6","01","00","1","0","2","0","1","1","0"
"POINT (13.218483373000026 52.560284767000041)","Unfall 136316 (2020) Kat:3, Licht: 2","136316","3","6","2","01","22","1","1","2","0","1","0","0"
"POINT (13.601414998000052 52.482567867000057)","Unfall 136317 (2020) Kat:3, Licht: 0","136317","3","4","6","01","15","3","0","0","0","1","1","0"
"POINT (13.436729191000040 52.457110222000040)","Unfall 136318 (2020) Kat:3, Licht: 2","136318","3","5","5","01","20","1","0","2","0","1","0","0"
"POINT (13.492385546000037 52.539122006000071)","Unfall 136319 (2020) Kat:3, Licht: 2","136319","3","7","6","01","20","1","0","2","0","1","1","0"
"POINT (13.436898360000043 52.492942035000056)","Unfall 136320 (2020) Kat:3, Licht: 0","136320","3","5","1","01","14","3","0","0","1","1","0","0"
"POINT (13.296439146000068 52.548455128000057)","Unfall 136321 (2020) Kat:3, Licht: 2","136321","3","6","2","01","19","1","0","2","0","1","0","0"
"POINT (13.430477593000035 52.610566600000027)","Unfall 136322 (2020) Kat:2, Licht: 2","136322","2","4","6","01","06","5","1","2","0","1","1","0"
"POINT (13.392574095000043 52.528279754000039)","Unfall 136323 (2020) Kat:3, Licht: 0","136323","3","2","6","01","15","3","0","0","0","0","1","0"
"POINT (13.418382856000051 52.553302387000031)","Unfall 136324 (2020) Kat:3, Licht: 2","136324","3","3","5","01","19","1","0","2","0","1","0","0"
"POINT (13.376015112000061 52.554686362000041)","Unfall 136325 (2020) Kat:3, Licht: 2","136325","3","5","1","01","18","1","0","2","0","1","0","0"
"POINT (13.569254336000029 52.443239004000077)","Unfall 136326 (2020) Kat:3, Licht: 0","136326","3","7","6","01","14","3","0","0","1","0","1","0"
"POINT (13.285633747000077 52.482908877000057)","Unfall 136327 (2020) Kat:3, Licht: 0","136327","3","3","5","01","08","3","1","0","0","1","0","0"
"POINT (13.443180231000042 52.480750324000041)","Unfall 136328 (2020) Kat:3, Licht: 1","136328","3","5","1","01","17","1","0","1","1","1","0","0"
"POINT (13.324477436000052 52.497935825000070)","Unfall 136329 (2020) Kat:3, Licht: 2","136329","3","4","6","01","17","5","0","2","0","1","1","0"
"POINT (13.276908415000037 52.507065029000046)","Unfall 136330 (2020) Kat:3, Licht: 0","136330","3","2","5","01","12","1","0","0","0","1","0","0"
"POINT (13.162473876000035 52.464728675000060)","Unfall 136331 (2020) Kat:3, Licht: 0","136331","3","3","5","01","14","3","0","0","1","1","0","0"
"POINT (13.351359686000023 52.603901907000079)","Unfall 136332 (2020) Kat:3, Licht: 2","136332","3","3","5","01","21","7","1","2","0","1","0","0"
"POINT (13.302293555000062 52.507537948000049)","Unfall 136333 (2020) Kat:3, Licht: 0","136333","3","6","3","01","08","4","0","0","0","1","0","0"
"POINT (13.327973546000067 52.564123077000033)","Unfall 136334 (2020) Kat:3, Licht: 2","136334","3","3","5","01","23","6","0","2","0","1","0","1"
"POINT (13.595584763000033 52.528725665000081)","Unfall 136335 (2020) Kat:3, Licht: 2","136335","3","6","2","01","19","7","1","2","0","1","0","0"
"POINT (13.528102599000022 52.402502260000063)","Unfall 136336 (2020) Kat:3, Licht: 0","136336","3","3","5","01","12","3","0","0","1","1","0","0"
"POINT (13.424913445000072 52.481540146000043)","Unfall 136337 (2020) Kat:3, Licht: 2","136337","3","7","6","01","19","7","1","2","0","1","1","0"
"POINT (13.291133576000050 52.491523071000074)","Unfall 136338 (2020) Kat:3, Licht: 0","136338","3","5","1","01","14","4","0","0","1","1","0","0"
"POINT (13.318710134000071 52.573972661000028)","Unfall 136339 (2020) Kat:3, Licht: 2","136339","3","3","5","01","17","7","1","2","0","1","0","0"
"POINT (13.330421967000063 52.512772908000045)","Unfall 136340 (2020) Kat:3, Licht: 2","136340","3","4","6","01","18","7","1","2","0","1","1","0"
"POINT (13.372364254000047 52.556676531000051)","Unfall 136341 (2020) Kat:2, Licht: 0","136341","2","4","0","01","11","3","0","0","0","0","1","0"
"POINT (13.209927045000029 52.550665901000059)","Unfall 136342 (2020) Kat:3, Licht: 0","136342","3","6","2","01","08","3","1","0","0","1","0","0"
"POINT (13.484621820000029 52.417239626000082)","Unfall 136343 (2020) Kat:3, Licht: 2","136343","3","3","5","01","18","7","1","2","0","1","0","0"
"POINT (13.426454413000044 52.499401128000045)","Unfall 136344 (2020) Kat:3, Licht: 2","136344","3","3","5","01","23","5","1","2","0","1","0","0"
"POINT (13.303855582000040 52.525610833000030)","Unfall 136345 (2020) Kat:3, Licht: 0","136345","3","3","5","01","14","3","1","0","0","1","0","0"
"POINT (13.331024878000051 52.490638583000077)","Unfall 136346 (2020) Kat:3, Licht: 2","136346","3","6","2","01","16","7","1","2","0","1","0","0"
"POINT (13.571487995000041 52.540658571000051)","Unfall 136347 (2020) Kat:3, Licht: 1","136347","3","4","6","01","07","4","1","1","0","0","1","1"
"POINT (13.289090885000064 52.510863297000071)","Unfall 136348 (2020) Kat:3, Licht: 0","136348","3","2","5","01","11","3","1","0","0","1","0","1"
"POINT (13.353276837000067 52.489628704000040)","Unfall 136349 (2020) Kat:3, Licht: 0","136349","3","6","2","01","15","7","0","0","1","1","0","0"
"POINT (13.574080722000076 52.454124786000079)","Unfall 136350 (2020) Kat:3, Licht: 1","136350","3","1","0","01","16","7","1","1","1","0","0","0"
"POINT (13.405105054000046 52.528769963000059)","Unfall 136351 (2020) Kat:2, Licht: 0","136351","2","3","5","01","14","7","1","0","1","0","0","0"
"POINT (13.461913558000049 52.422070644000030)","Unfall 136352 (2020) Kat:3, Licht: 0","136352","3","1","8","01","13","7","1","0","0","1","0","0"
"POINT (13.462568685000065 52.612207300000080)","Unfall 136353 (2020) Kat:3, Licht: 0","136353","3","7","0","01","13","7","1","0","1","0","0","0"
"POINT (13.451888810000071 52.437855146000061)","Unfall 136354 (2020) Kat:3, Licht: 0","136354","3","3","5","01","11","3","0","0","1","1","0","0"
"POINT (13.378839876000029 52.437661889000026)","Unfall 136355 (2020) Kat:2, Licht: 2","136355","2","2","5","01","16","3","1","2","0","1","0","1"
"POINT (13.177453718000038 52.421297508000066)","Unfall 136356 (2020) Kat:2, Licht: 0","136356","2","7","2","01","12","7","1","0","0","0","0","1"
"POINT (13.601828718000036 52.528069488000028)","Unfall 136357 (2020) Kat:3, Licht: 2","136357","3","5","1","01","19","5","0","2","0","1","0","0"
"POINT (13.403548993000072 52.520954367000058)","Unfall 136358 (2020) Kat:2, Licht: 2","136358","2","4","6","01","07","7","1","2","0","1","1","0"
"POINT (13.389116083000033 52.515632945000050)","Unfall 136359 (2020) Kat:3, Licht: 2","136359","3","3","5","01","18","4","1","2","0","1","0","0"
"POINT (13.474959474000059 52.534293604000027)","Unfall 136360 (2020) Kat:3, Licht: 2","136360","3","6","3","01","21","3","0","2","0","1","0","1"
"POINT (13.426273798000068 52.477266892000046)","Unfall 136361 (2020) Kat:3, Licht: 2","136361","3","4","6","01","22","7","1","2","0","0","1","0"
"POINT (13.157771442000069 52.561189989000070)","Unfall 136362 (2020) Kat:2, Licht: 2","136362","2","2","0","01","20","3","0","2","0","1","0","1"
"POINT (13.311354114000039 52.430592464000028)","Unfall 136363 (2020) Kat:3, Licht: 1","136363","3","7","6","01","16","6","0","1","0","1","0","0"
"POINT (13.443546068000046 52.525078774000065)","Unfall 136364 (2020) Kat:3, Licht: 1","136364","3","6","3","01","17","6","0","1","1","0","0","0"
"POINT (13.397002813000029 52.500143636000075)","Unfall 136365 (2020) Kat:3, Licht: 2","136365","3","2","0","01","19","3","0","2","1","1","0","0"
"POINT (13.482933299000024 52.523224564000031)","Unfall 136366 (2020) Kat:3, Licht: 1","136366","3","4","6","01","07","6","0","1","0","1","1","0"
"POINT (13.428963035000038 52.471895930000073)","Unfall 136367 (2020) Kat:3, Licht: 0","136367","3","2","5","01","08","5","1","0","1","1","0","0"
"POINT (13.494924798000056 52.545367848000069)","Unfall 136368 (2020) Kat:3, Licht: 1","136368","3","6","0","01","16","3","0","1","1","1","0","0"
"POINT (13.409423825000033 52.522249362000082)","Unfall 136369 (2020) Kat:3, Licht: 1","136369","3","2","0","01","16","6","0","1","0","1","0","0"
"POINT (13.432078855000043 52.466447405000054)","Unfall 136370 (2020) Kat:3, Licht: 2","136370","3","7","6","01","17","3","0","2","0","0","1","0"
"POINT (13.388794087000065 52.517232739000065)","Unfall 136371 (2020) Kat:3, Licht: 0","136371","3","2","6","01","11","6","0","0","0","1","1","0"
"POINT (13.303061237000065 52.427733889000081)","Unfall 136372 (2020) Kat:2, Licht: 0","136372","2","3","5","01","13","5","1","0","0","1","0","0"
"POINT (13.441200358000060 52.472187669000050)","Unfall 136373 (2020) Kat:3, Licht: 0","136373","3","6","2","01","11","6","0","0","0","1","0","0"
"POINT (13.351493162000054 52.505059917000040)","Unfall 136374 (2020) Kat:3, Licht: 1","136374","3","6","3","01","18","4","0","1","0","1","0","0"
"POINT (13.342536242000051 52.502154297000061)","Unfall 136375 (2020) Kat:3, Licht: 0","136375","3","4","6","01","11","6","0","0","0","1","1","0"
"POINT (13.375498259000040 52.542325895000033)","Unfall 136376 (2020) Kat:3, Licht: 2","136376","3","3","5","01","19","3","0","2","1","1","0","0"
"POINT (13.418351104000067 52.559805872000027)","Unfall 136377 (2020) Kat:3, Licht: 0","136377","3","3","5","01","10","6","0","0","0","1","0","0"
"POINT (13.493980804000046 52.564971678000063)","Unfall 136378 (2020) Kat:2, Licht: 1","136378","2","4","6","01","07","6","1","1","0","1","1","0"
"POINT (13.547837777000041 52.541599845000064)","Unfall 136379 (2020) Kat:3, Licht: 0","136379","3","2","2","01","10","6","0","0","0","1","0","0"
"POINT (13.427574695000033 52.545841323000047)","Unfall 136380 (2020) Kat:2, Licht: 2","136380","2","4","6","01","18","3","0","2","0","1","1","0"
"POINT (13.196563140000023 52.562929725000060)","Unfall 136381 (2020) Kat:3, Licht: 0","136381","3","3","5","01","11","6","0","0","1","1","0","0"
"POINT (13.540106187000049 52.565300930000035)","Unfall 136382 (2020) Kat:3, Licht: 2","136382","3","2","5","01","05","5","1","2","1","1","0","0"
"POINT (13.567652110000040 52.444864073000076)","Unfall 136383 (2020) Kat:2, Licht: 2","136383","2","4","6","01","17","6","0","2","0","0","1","0"
"POINT (13.508929911000052 52.494986497000070)","Unfall 136384 (2020) Kat:2, Licht: 2","136384","2","4","6","01","17","6","0","2","0","1","1","0"
"POINT (13.473545997000031 52.532536827000058)","Unfall 136385 (2020) Kat:3, Licht: 2","136385","3","6","2","01","17","3","0","2","0","1","0","0"
"POINT (13.453150631000028 52.589883614000030)","Unfall 136386 (2020) Kat:2, Licht: 2","136386","2","2","5","01","17","6","0","2","0","1","0","1"
"POINT (13.315837718000068 52.571034806000057)","Unfall 136387 (2020) Kat:3, Licht: 0","136387","3","7","2","01","15","6","0","0","0","0","0","1"
"POINT (13.281194815000049 52.482330925000042)","Unfall 136388 (2020) Kat:2, Licht: 0","136388","2","4","6","01","10","3","0","0","0","1","1","0"
"POINT (13.210788905000072 52.567463031000045)","Unfall 136389 (2020) Kat:3, Licht: 0","136389","3","3","5","01","15","6","0","0","0","1","0","0"
"POINT (13.446472264000022 52.478474549000055)","Unfall 136390 (2020) Kat:3, Licht: 0","136390","3","6","2","01","14","5","0","0","0","1","0","0"
"POINT (13.312995597000054 52.480367427000033)","Unfall 136391 (2020) Kat:2, Licht: 0","136391","2","2","5","01","13","6","0","0","0","1","0","1"
"POINT (13.587231708000047 52.523280747000058)","Unfall 136392 (2020) Kat:3, Licht: 0","136392","3","2","6","01","09","3","1","0","0","1","1","0"
"POINT (13.413268380000034 52.547673996000071)","Unfall 136393 (2020) Kat:2, Licht: 0","136393","2","4","6","01","12","6","0","0","0","1","1","0"
"POINT (13.326420449000068 52.604505944000039)","Unfall 136394 (2020) Kat:3, Licht: 0","136394","3","2","6","01","13","4","0","0","0","0","1","0"
"POINT (13.343022814000051 52.526166072000080)","Unfall 136395 (2020) Kat:3, Licht: 1","136395","3","2","6","01","17","3","1","1","0","1","1","0"
"POINT (13.327260585000033 52.532747328000028)","Unfall 136396 (2020) Kat:3, Licht: 0","136396","3","7","5","01","12","6","0","0","0","1","0","1"
"POINT (13.553769543000044 52.549117990000070)","Unfall 136397 (2020) Kat:2, Licht: 0","136397","2","3","5","01","11","6","0","0","1","1","0","0"
"POINT (13.466372207000063 52.508677430000034)","Unfall 136398 (2020) Kat:3, Licht: 0","136398","3","3","5","01","08","3","0","0","1","1","0","0"
"POINT (13.357122564000065 52.577442959000052)","Unfall 136399 (2020) Kat:3, Licht: 1","136399","3","5","1","01","16","3","1","1","0","1","0","0"
"POINT (13.413322786000037 52.527797885000041)","Unfall 136400 (2020) Kat:3, Licht: 2","136400","3","7","6","01","23","6","1","2","1","1","1","0"
"POINT (13.294074778000038 52.577175937000050)","Unfall 136401 (2020) Kat:2, Licht: 2","136401","2","4","6","01","21","5","0","2","0","1","1","0"
"POINT (13.144232144000057 52.454309033000072)","Unfall 136402 (2020) Kat:2, Licht: 2","136402","2","2","6","01","20","3","1","2","0","1","1","0"
"POINT (13.401761697000040 52.530367769000065)","Unfall 136403 (2020) Kat:3, Licht: 2","136403","3","4","6","01","22","6","0","2","0","1","1","0"
"POINT (13.275192379000032 52.426633884000069)","Unfall 136404 (2020) Kat:2, Licht: 0","136404","2","1","1","01","13","5","1","0","0","1","0","0"
"POINT (13.306604469000035 52.577437612000040)","Unfall 136405 (2020) Kat:3, Licht: 2","136405","3","3","5","01","20","6","0","2","0","1","0","0"
"POINT (13.359234362000052 52.523318413000027)","Unfall 136406 (2020) Kat:3, Licht: 2","136406","3","6","3","01","19","6","0","2","1","1","0","0"
"POINT (13.394456037000054 52.497586189000060)","Unfall 136407 (2020) Kat:3, Licht: 0","136407","3","6","3","01","09","4","0","0","1","0","0","0"
"POINT (13.357118653000043 52.501304635000054)","Unfall 136408 (2020) Kat:3, Licht: 2","136408","3","5","5","01","18","6","0","2","0","1","0","0"
"POINT (13.380157801000053 52.519715606000034)","Unfall 136409 (2020) Kat:3, Licht: 2","136409","3","2","5","01","17","6","0","2","0","1","0","1"
"POINT (13.230668747000038 52.624551877000044)","Unfall 136410 (2020) Kat:3, Licht: 1","136410","3","4","6","01","07","6","1","1","0","1","1","0"
"POINT (13.386668235000059 52.533068643000036)","Unfall 136411 (2020) Kat:3, Licht: 0","136411","3","4","6","01","08","3","0","0","0","0","1","1"
"POINT (13.420769971000027 52.548879798000030)","Unfall 136412 (2020) Kat:3, Licht: 1","136412","3","2","6","01","16","3","1","1","0","1","1","0"
"POINT (13.524637717000076 52.555230859000062)","Unfall 136413 (2020) Kat:3, Licht: 0","136413","3","6","2","01","07","6","1","0","0","1","0","0"
"POINT (13.345101754000041 52.539056326000036)","Unfall 136414 (2020) Kat:3, Licht: 0","136414","3","2","5","01","13","5","1","0","1","1","0","0"
"POINT (13.461651233000055 52.529861649000054)","Unfall 136415 (2020) Kat:3, Licht: 2","136415","3","6","2","01","06","6","0","2","0","1","0","0"
"POINT (13.326187334000053 52.500175335000051)","Unfall 136416 (2020) Kat:3, Licht: 2","136416","3","6","2","01","18","4","1","2","0","1","0","0"
"POINT (13.499402352000061 52.520253649000040)","Unfall 136417 (2020) Kat:3, Licht: 2","136417","3","2","2","01","06","6","0","2","0","1","0","0"
"POINT (13.388903224000046 52.498756986000046)","Unfall 136418 (2020) Kat:3, Licht: 1","136418","3","6","2","01","07","3","0","1","0","1","0","0"
"POINT (13.352991564000035 52.499330664000070)","Unfall 136419 (2020) Kat:3, Licht: 2","136419","3","3","5","01","04","6","0","2","1","1","0","0"
"POINT (13.165399477000051 52.551202055000033)","Unfall 136420 (2020) Kat:3, Licht: 1","136420","3","2","5","01","06","4","1","1","0","1","0","0"
"POINT (13.319273806000069 52.453672809000068)","Unfall 136421 (2020) Kat:3, Licht: 1","136421","3","6","2","01","06","3","1","1","0","1","0","0"
"POINT (13.245633490000046 52.524786450000079)","Unfall 136422 (2020) Kat:3, Licht: 0","136422","3","7","6","01","13","6","0","0","1","0","1","0"
"POINT (13.575237727000058 52.530772978000073)","Unfall 136423 (2020) Kat:3, Licht: 2","136423","3","1","0","01","05","3","0","2","0","1","0","0"
"POINT (13.550570857000025 52.542967896000050)","Unfall 136424 (2020) Kat:3, Licht: 2","136424","3","1","0","01","02","5","1","2","1","0","0","0"
"POINT (13.394902466000076 52.500486638000041)","Unfall 136425 (2020) Kat:3, Licht: 2","136425","3","4","6","01","21","5","0","2","0","0","1","0"
"POINT (13.277969016000043 52.575729871000078)","Unfall 136426 (2020) Kat:1, Licht: 0","136426","1","5","4","01","13","3","0","0","0","1","0","0"
"POINT (13.354632447000029 52.517087265000043)","Unfall 136427 (2020) Kat:3, Licht: 2","136427","3","2","0","01","07","5","0","2","0","1","0","1"
"POINT (13.459053368000070 52.440409834000036)","Unfall 136428 (2020) Kat:3, Licht: 0","136428","3","3","5","01","08","5","1","0","0","1","0","0"
"POINT (13.553232103000028 52.469689973000072)","Unfall 136429 (2020) Kat:3, Licht: 0","136429","3","2","5","01","07","5","1","0","0","1","0","0"
"POINT (13.330075446000023 52.523792941000067)","Unfall 136430 (2020) Kat:3, Licht: 0","136430","3","3","5","01","14","5","0","0","1","0","0","0"
"POINT (13.328569338000023 52.473458989000051)","Unfall 136431 (2020) Kat:3, Licht: 0","136431","3","2","6","01","13","2","0","0","0","1","1","0"
"POINT (13.413884586000052 52.553635186000065)","Unfall 136432 (2020) Kat:3, Licht: 0","136432","3","6","2","01","14","5","0","0","0","1","0","0"
"POINT (13.365487334000022 52.497381385000040)","Unfall 136433 (2020) Kat:3, Licht: 0","136433","3","3","5","01","13","6","0","0","1","1","0","0"
"POINT (13.577038615000049 52.455780134000065)","Unfall 136434 (2020) Kat:3, Licht: 0","136434","3","2","5","01","14","5","0","0","1","1","0","0"
"POINT (13.302684691000024 52.618072087000030)","Unfall 136435 (2020) Kat:3, Licht: 0","136435","3","3","5","01","13","2","0","0","0","1","0","0"
"POINT (13.320291354000062 52.531449753000061)","Unfall 136436 (2020) Kat:3, Licht: 0","136436","3","3","5","01","15","5","0","0","1","1","0","0"
"POINT (13.326083409000034 52.538540635000061)","Unfall 136437 (2020) Kat:3, Licht: 0","136437","3","6","3","01","14","5","1","0","0","1","0","0"
"POINT (13.421416440000030 52.465667194000048)","Unfall 136438 (2020) Kat:3, Licht: 0","136438","3","6","3","01","12","5","0","0","1","1","0","0"
"POINT (13.346090259000050 52.504030284000066)","Unfall 136439 (2020) Kat:3, Licht: 0","136439","3","2","5","01","09","2","1","0","0","1","0","1"
"POINT (13.335358041000063 52.526709305000054)","Unfall 136440 (2020) Kat:3, Licht: 0","136440","3","2","2","01","12","5","0","0","0","1","0","0"
"POINT (13.208658995000064 52.561591510000028)","Unfall 136441 (2020) Kat:2, Licht: 1","136441","2","2","6","01","07","5","1","1","0","1","1","0"
"POINT (13.415378917000055 52.522712450000029)","Unfall 136442 (2020) Kat:2, Licht: 0","136442","2","4","6","01","12","5","0","0","0","0","1","0"
"POINT (13.467800862000047 52.460539185000073)","Unfall 136443 (2020) Kat:3, Licht: 0","136443","3","2","5","01","10","5","0","0","0","1","0","0"
"POINT (13.389991142000042 52.525693014000069)","Unfall 136444 (2020) Kat:3, Licht: 0","136444","3","2","0","01","12","2","0","0","0","0","0","0"
"POINT (13.391857868000045 52.510265212000036)","Unfall 136445 (2020) Kat:3, Licht: 0","136445","3","6","2","01","09","5","0","0","1","1","0","0"
"POINT (13.422728512000049 52.513891430000058)","Unfall 136446 (2020) Kat:3, Licht: 2","136446","3","4","6","01","18","5","0","2","0","1","1","0"
"POINT (13.499776656000051 52.526363002000039)","Unfall 136447 (2020) Kat:3, Licht: 0","136447","3","2","2","01","08","5","0","0","0","1","0","0"
"POINT (13.343586961000028 52.553289820000032)","Unfall 136448 (2020) Kat:3, Licht: 0","136448","3","2","5","01","14","2","0","0","1","1","0","0"
"POINT (13.577198653000039 52.444126702000062)","Unfall 136449 (2020) Kat:3, Licht: 0","136449","3","6","1","01","08","5","0","0","1","1","0","0"
"POINT (13.324382536000030 52.497813587000053)","Unfall 136450 (2020) Kat:3, Licht: 0","136450","3","3","5","01","13","4","0","0","1","1","0","0"
"POINT (13.406422073000044 52.398489021000046)","Unfall 136451 (2020) Kat:3, Licht: 1","136451","3","2","2","01","07","5","1","1","0","1","0","1"
"POINT (13.388809860000038 52.569269847000044)","Unfall 136452 (2020) Kat:3, Licht: 2","136452","3","5","1","01","17","4","1","2","0","1","0","0"
"POINT (13.193488190000039 52.548860056000080)","Unfall 136453 (2020) Kat:2, Licht: 2","136453","2","2","6","01","06","5","0","2","0","1","1","0"
"POINT (13.359124767000026 52.546458669000060)","Unfall 136454 (2020) Kat:3, Licht: 2","136454","3","2","5","01","06","5","0","2","0","1","0","0"
"POINT (13.333497195000064 52.452108258000067)","Unfall 136455 (2020) Kat:3, Licht: 0","136455","3","6","0","01","13","2","0","0","0","1","0","0"
"POINT (13.425351216000024 52.463711067000077)","Unfall 136456 (2020) Kat:3, Licht: 2","136456","3","1","9","01","20","3","1","2","0","1","0","0"
"POINT (13.471662581000032 52.537918918000059)","Unfall 136457 (2020) Kat:2, Licht: 2","136457","2","3","6","01","18","5","0","2","0","1","1","0"
"POINT (13.377523481000026 52.529171664000046)","Unfall 136458 (2020) Kat:3, Licht: 0","136458","3","5","1","01","14","5","0","0","1","1","0","0"
"POINT (13.406223280000063 52.532168979000062)","Unfall 136459 (2020) Kat:3, Licht: 2","136459","3","3","5","01","18","5","0","2","1","1","0","0"
"POINT (13.370409212000027 52.544641517000059)","Unfall 136460 (2020) Kat:3, Licht: 2","136460","3","2","6","01","22","3","1","2","0","0","1","0"
"POINT (13.432005386000071 52.497334345000070)","Unfall 136461 (2020) Kat:3, Licht: 1","136461","3","2","5","01","07","5","1","1","1","1","0","0"
"POINT (13.346290681000028 52.547664478000058)","Unfall 136462 (2020) Kat:3, Licht: 0","136462","3","6","2","01","09","4","0","0","0","1","0","0"
"POINT (13.423420109000062 52.585834431000080)","Unfall 136463 (2020) Kat:3, Licht: 0","136463","3","2","6","01","07","3","1","0","0","1","1","0"
"POINT (13.290666365000050 52.429449870000042)","Unfall 136464 (2020) Kat:3, Licht: 2","136464","3","5","1","01","20","5","0","2","1","1","0","0"
"POINT (13.212971718000063 52.608634348000066)","Unfall 136465 (2020) Kat:3, Licht: 2","136465","3","4","6","01","17","5","0","2","0","1","1","0"
"POINT (13.499413249000042 52.522888425000076)","Unfall 136466 (2020) Kat:3, Licht: 1","136466","3","3","5","01","07","5","0","1","1","0","0","0"
"POINT (13.206750294000074 52.534115218000068)","Unfall 136467 (2020) Kat:3, Licht: 0","136467","3","3","5","01","13","2","0","0","1","1","0","0"
"POINT (13.424404996000021 52.424169383000049)","Unfall 136468 (2020) Kat:2, Licht: 0","136468","2","4","6","01","15","4","0","0","0","1","1","0"
"POINT (13.350168706000034 52.414283668000053)","Unfall 136469 (2020) Kat:3, Licht: 0","136469","3","2","5","01","13","5","1","0","0","1","0","0"
"POINT (13.402405971000064 52.538474853000082)","Unfall 136470 (2020) Kat:3, Licht: 2","136470","3","3","5","02","04","2","1","2","0","1","0","0"
"POINT (13.551190035000047 52.439048501000059)","Unfall 136471 (2020) Kat:3, Licht: 2","136471","3","7","0","02","17","1","0","2","0","1","0","1"
"POINT (13.358948497000029 52.553859505000048)","Unfall 136472 (2020) Kat:3, Licht: 0","136472","3","2","2","02","13","2","1","0","0","1","0","0"
"POINT (13.343206513000041 52.532032738000055)","Unfall 136473 (2020) Kat:3, Licht: 1","136473","3","4","6","02","06","2","0","1","0","0","1","1"
"POINT (13.330986726000049 52.505271745000073)","Unfall 136474 (2020) Kat:3, Licht: 0","136474","3","6","2","02","15","1","1","0","0","1","0","0"
"POINT (13.436900223000066 52.423404718000029)","Unfall 136475 (2020) Kat:3, Licht: 0","136475","3","3","0","02","15","4","0","0","1","0","0","0"
"POINT (13.426315788000068 52.499332219000053)","Unfall 136476 (2020) Kat:3, Licht: 2","136476","3","3","5","02","20","1","1","2","0","1","0","1"
"POINT (13.440897717000041 52.524464575000081)","Unfall 136477 (2020) Kat:3, Licht: 2","136477","3","3","5","02","17","1","0","2","1","1","0","0"
"POINT (13.431554176000077 52.470041171000048)","Unfall 136478 (2020) Kat:3, Licht: 2","136478","3","5","1","02","18","2","1","2","1","1","0","0"
"POINT (13.436157944000058 52.507605309000041)","Unfall 136479 (2020) Kat:3, Licht: 0","136479","3","7","0","02","16","1","0","0","0","1","0","0"
"POINT (13.341182658000037 52.476223794000077)","Unfall 136480 (2020) Kat:3, Licht: 0","136480","3","6","4","02","08","3","0","0","1","0","0","0"