WKT,Name,OBJECTID,UKATEGORIE,UTYP1,UART,UMONAT,USTUNDE,UWOCHENTAG,STRZUSTAND,ULICHTVERH,ISTRAD,ISTPKW,ISTFUSS,ISTKRAD
"POINT (13.314230586000065 52.574197147000064)","Unfall 136481 (2020) Kat:2, Licht: 2","136481","2","1","1","02","04","1","0","2","0","1","0","0"
"POINT (13.364002120000066 52.509928585000068)","Unfall 136482 (2020) Kat:3, Licht: 0","136482","3","6","2","02","13","1","0","0","0","1","0","0"
"POINT (13.519693653000047 52.505705892000037)","Unfall 136483 (2020) Kat:3, Licht: 2","136483","3","2","6","02","20","1","1","2","0","1","1","0"
"POINT (13.302022763000025 52.539443989000063)","Unfall 136484 (2020) Kat:3, Licht: 0","136484","3","2","5","02","15","3","1","0","1","1","0","0"
"POINT (13.442521265000039 52.542869510000060)","Unfall 136485 (2020) Kat:3, Licht: 0","136485","3","3","5","02","08","4","1","0","1","1","0","0"
"POINT (13.422119892000069 52.492777042000057)","Unfall 136486 (2020) Kat:3, Licht: 2","136486","3","7","0","02","19","1","1","2","0","1","1","0"
"POINT (13.302305253000043 52.488316343000065)","Unfall 136487 (2020) Kat:3, Licht: 2","136487","3","2","5","02","17","2","1","2","0","1","0","0"
"POINT (13.378571221000072 52.445344285000033)","Unfall 136488 (2020) Kat:3, Licht: 0","136488","3","6","2","02","14","1","0","0","1","1","0","0"
"POINT (13.381834457000025 52.555921431000058)","Unfall 136489 (2020) Kat:3, Licht: 2","136489","3","6","2","02","19","3","1","2","0","1","0","0"
"POINT (13.300198149000039 52.498826587000053)","Unfall 136490 (2020) Kat:2, Licht: 2","136490","2","3","5","02","19","1","1","2","1","1","0","0"
"POINT (13.411783501000059 52.523966405000067)","Unfall 136491 (2020) Kat:3, Licht: 0","136491","3","2","5","02","13","1","0","0","0","1","0","0"
"POINT (13.282244224000067 52.533776652000029)","Unfall 136492 (2020) Kat:3, Licht: 0","136492","3","2","5","02","08","5","0","0","1","0","0","0"
"POINT (13.419047519000060 52.515290342000071)","Unfall 136493 (2020) Kat:3, Licht: 2","136493","3","6","2","02","19","1","1","2","1","0","0","0"
"POINT (13.554469707000067 52.455893629000059)","Unfall 136494 (2020) Kat:3, Licht: 0","136494","3","7","5","02","10","3","0","0","0","1","0","0"
"POINT (13.348988131000056 52.504824671000051)","Unfall 136495 (2020) Kat:3, Licht: 0","136495","3","3","5","02","10","2","1","0","0","1","0","0"
"POINT (13.177634712000042 52.516944580000029)","Unfall 136496 (2020) Kat:3, Licht: 0","136496","3","6","2","02","12","7","0","0","0","1","0","0"
"POINT (13.388749325000049 52.550167474000034)","Unfall 136497 (2020) Kat:2, Licht: 0","136497","2","3","5","02","11","2","1","0","0","1","0","0"
"POINT (13.350418916000024 52.557864126000027)","Unfall 136498 (2020) Kat:3, Licht: 0","136498","3","5","1","02","13","3","0","0","0","1","0","0"
"POINT (13.337915582000051 52.450947200000030)","Unfall 136499 (2020) Kat:3, Licht: 2","136499","3","2","6","02","19","1","1","2","0","1","1","0"
"POINT (13.301768470000070 52.488288822000072)","Unfall 136500 (2020) Kat:3, Licht: 0","136500","3","5","0","02","12","7","0","0","0","0","0","0"
"POINT (13.315532462000021 52.480983138000056)","Unfall 136501 (2020) Kat:3, Licht: 0","136501","3","5","1","02","15","2","1","0","0","1","0","0"
"POINT (13.430348956000046 52.510663804000046)","Unfall 136502 (2020) Kat:3, Licht: 0","136502","3","6","2","02","12","7","0","0","0","1","0","0"
"POINT (13.383640756000034 52.551335841000082)","Unfall 136503 (2020) Kat:3, Licht: 2","136503","3","2","6","02","18","3","0","2","0","0","1","0"
"POINT (13.460296601000039 52.431908532000080)","Unfall 136504 (2020) Kat:3, Licht: 2","136504","3","2","6","02","18","1","1","2","0","1","1","0"
"POINT (13.333100108000053 52.487561608000078)","Unfall 136505 (2020) Kat:3, Licht: 0","136505","3","2","5","02","11","7","0","0","1","1","0","0"
"POINT (13.575114392000046 52.560259288000054)","Unfall 136506 (2020) Kat:3, Licht: 0","136506","3","1","8","02","14","4","0","0","0","0","0","0"
"POINT (13.360500583000032 52.597028506000072)","Unfall 136507 (2020) Kat:2, Licht: 2","136507","2","2","6","02","17","1","1","2","0","1","1","0"
"POINT (13.293082102000028 52.497406483000077)","Unfall 136508 (2020) Kat:3, Licht: 2","136508","3","7","6","02","21","3","1","2","0","1","1","0"
"POINT (13.295934604000024 52.495876894000048)","Unfall 136509 (2020) Kat:3, Licht: 0","136509","3","2","5","02","08","2","1","0","1","1","0","0"
"POINT (13.372503686000073 52.568466414000056)","Unfall 136510 (2020) Kat:3, Licht: 0","136510","3","1","1","02","11","7","0","0","0","1","0","0"
"POINT (13.407179563000057 52.533315386000027)","Unfall 136511 (2020) Kat:3, Licht: 0","136511","3","3","5","02","11","2","1","0","1","1","0","0"
"POINT (13.401217331000055 52.511146630000042)","Unfall 136512 (2020) Kat:3, Licht: 2","136512","3","2","5","02","06","2","0","2","1","1","0","0"
"POINT (13.396046954000042 52.538338407000026)","Unfall 136513 (2020) Kat:3, Licht: 2","136513","3","2","5","02","17","1","1","2","1","0","0","0"
"POINT (13.573603577000029 52.407859540000061)","Unfall 136514 (2020) Kat:2, Licht: 0","136514","2","3","5","02","16","4","0","0","1","1","0","0"
"POINT (13.209504961000050 52.547173150000049)","Unfall 136515 (2020) Kat:3, Licht: 1","136515","3","4","6","02","16","1","1","1","0","1","1","0"
"POINT (13.401036710000028 52.529983895000044)","Unfall 136516 (2020) Kat:2, Licht: 2","136516","2","6","3","02","02","7","0","2","0","1","0","0"
"POINT (13.545250707000037 52.516519285000072)","Unfall 136517 (2020) Kat:2, Licht: 2","136517","2","2","5","02","20","2","1","2","0","1","0","0"
"POINT (13.333401975000072 52.469834140000046)","Unfall 136518 (2020) Kat:3, Licht: 2","136518","3","7","5","02","22","4","0","2","0","1","0","0"
"POINT (13.209961492000048 52.548237968000080)","Unfall 136519 (2020) Kat:3, Licht: 1","136519","3","7","5","02","16","1","1","1","0","1","0","1"
"POINT (13.299590173000070 52.454466267000043)","Unfall 136520 (2020) Kat:3, Licht: 2","136520","3","3","5","02","18","2","1","2","1","1","0","0"
"POINT (13.153522221000060 52.553431239000076)","Unfall 136521 (2020) Kat:2, Licht: 0","136521","2","2","5","02","13","3","0","0","0","1","0","0"
"POINT (13.286815153000077 52.495824642000059)","Unfall 136522 (2020) Kat:3, Licht: 0","136522","3","3","5","02","15","2","1","0","0","1","0","0"
"POINT (13.312878430000069 52.500020182000071)","Unfall 136523 (2020) Kat:3, Licht: 2","136523","3","2","0","02","01","7","0","2","1","1","0","0"
"POINT (13.362320936000060 52.550799114000029)","Unfall 136524 (2020) Kat:3, Licht: 0","136524","3","5","0","02","08","2","1","0","1","0","0","0"
"POINT (13.427374493000059 52.552492802000074)","Unfall 136525 (2020) Kat:3, Licht: 2","136525","3","3","5","02","05","2","1","2","1","1","0","0"
"POINT (13.439144965000025 52.547340937000058)","Unfall 136526 (2020) Kat:3, Licht: 1","136526","3","2","5","02","16","1","1","1","0","1","0","1"
"POINT (13.539963835000037 52.525940138000067)","Unfall 136527 (2020) Kat:3, Licht: 0","136527","3","2","6","02","15","4","0","0","0","1","1","0"
"POINT (13.357998118000069 52.421833295000056)","Unfall 136528 (2020) Kat:2, Licht: 1","136528","2","7","5","02","16","1","1","1","0","1","0","0"
"POINT (13.357198557000061 52.523720428000047)","Unfall 136529 (2020) Kat:3, Licht: 2","136529","3","2","0","02","21","7","0","2","1","0","0","0"
"POINT (13.359146021000072 52.574211143000070)","Unfall 136530 (2020) Kat:2, Licht: 2","136530","2","2","6","02","18","2","1","2","0","1","1","0"
"POINT (13.309639590000074 52.431301576000067)","Unfall 136531 (2020) Kat:2, Licht: 2","136531","2","2","5","02","21","7","0","2","0","1","0","0"
"POINT (13.385785321000071 52.543170088000068)","Unfall 136532 (2020) Kat:3, Licht: 2","136532","3","5","1","02","23","3","1","2","0","1","0","0"
"POINT (13.346248821000074 52.501054119000059)","Unfall 136533 (2020) Kat:2, Licht: 2","136533","2","2","5","02","22","1","1","2","0","1","0","0"
"POINT (13.384415861000036 52.555990435000069)","Unfall 136534 (2020) Kat:3, Licht: 2","136534","3","2","5","02","19","7","0","2","0","1","0","0"
"POINT (13.370565967000061 52.488067201000035)","Unfall 136535 (2020) Kat:3, Licht: 2","136535","3","3","5","02","17","7","0","2","0","1","0","1"
"POINT (13.300664566000023 52.502494637000041)","Unfall 136536 (2020) Kat:3, Licht: 0","136536","3","7","0","02","10","3","0","0","1","0","0","0"
"POINT (13.341002081000056 52.442985579000037)","Unfall 136537 (2020) Kat:3, Licht: 0","136537","3","6","2","02","12","2","0","0","0","1","0","0"
"POINT (13.402179084000068 52.554321369000036)","Unfall 136538 (2020) Kat:3, Licht: 1","136538","3","3","5","02","17","7","0","1","1","1","0","0"
"POINT (13.400208890000044 52.580435370000032)","Unfall 136539 (2020) Kat:3, Licht: 0","136539","3","3","5","02","14","1","1","0","1","1","0","0"
"POINT (13.539925914000037 52.396788907000030)","Unfall 136540 (2020) Kat:3, Licht: 1","136540","3","2","6","02","06","4","1","1","0","1","1","0"
"POINT (13.395122971000035 52.496259369000029)","Unfall 136541 (2020) Kat:3, Licht: 0","136541","3","2","5","02","14","1","1","0","0","1","0","0"
"POINT (13.426682898000024 52.515706897000030)","Unfall 136542 (2020) Kat:3, Licht: 2","136542","3","3","5","02","17","2","1","2","1","1","0","0"
"POINT (13.424288604000026 52.477340967000032)","Unfall 136543 (2020) Kat:3, Licht: 0","136543","3","5","1","02","15","7","0","0","1","0","0","0"
"POINT (13.353915418000042 52.562200868000048)","Unfall 136544 (2020) Kat:3, Licht: 2","136544","3","2","6","02","18","3","1","2","0","0","1","0"
"POINT (13.382201365000071 52.435956000000033)","Unfall 136545 (2020) Kat:3, Licht: 0","136545","3","3","5","02","13","1","1","0","0","1","0","0"
"POINT (13.380481637000059 52.442861657000037)","Unfall 136546 (2020) Kat:2, Licht: 0","136546","2","3","5","02","14","7","0","0","0","1","0","1"
"POINT (13.354713093000044 52.458697614000073)","Unfall 136547 (2020) Kat:3, Licht: 2","136547","3","2","6","02","23","5","0","2","0","1","1","0"
"POINT (13.280388219000031 52.506695874000059)","Unfall 136548 (2020) Kat:3, Licht: 0","136548","3","6","2","02","13","1","1","0","0","1","0","0"
"POINT (13.329277727000033 52.428959553000027)","Unfall 136549 (2020) Kat:3, Licht: 0","136549","3","7","2","02","08","3","1","0","1","0","0","0"
"POINT (13.392560755000034 52.491796853000039)","Unfall 136550 (2020) Kat:3, Licht: 2","136550","3","3","5","02","05","5","0","2","0","1","0","1"
"POINT (13.347147151000058 52.503679534000071)","Unfall 136551 (2020) Kat:3, Licht: 2","136551","3","6","2","02","00","1","0","2","0","1","0","0"
"POINT (13.541041222000047 52.525759269000048)","Unfall 136552 (2020) Kat:2, Licht: 0","136552","2","3","5","02","15","3","0","0","0","1","0","0"
"POINT (13.533182697000029 52.433580335000045)","Unfall 136553 (2020) Kat:3, Licht: 0","136553","3","4","0","02","11","2","1","0","0","0","1","0"
"POINT (13.561799680000036 52.458437186000026)","Unfall 136554 (2020) Kat:3, Licht: 0","136554","3","6","2","02","13","7","0","0","0","1","0","0"
"POINT (13.330046055000025 52.594376604000047)","Unfall 136555 (2020) Kat:3, Licht: 0","136555","3","7","6","02","14","3","0","0","1","0","1","0"
"POINT (13.358874589000038 52.523356673000080)","Unfall 136556 (2020) Kat:3, Licht: 2","136556","3","1","0","02","03","7","0","2","0","0","0","0"
"POINT (13.430445342000041 52.523300998000082)","Unfall 136557 (2020) Kat:3, Licht: 0","136557","3","6","2","02","13","7","0","0","0","1","0","0"
"POINT (13.466512008000052 52.550620921000075)","Unfall 136558 (2020) Kat:2, Licht: 0","136558","2","3","5","02","14","4","0","0","1","1","0","0"
"POINT (13.351045396000075 52.514911992000066)","Unfall 136559 (2020) Kat:3, Licht: 1","136559","3","2","5","02","16","7","1","1","0","1","0","1"
"POINT (13.335583249000024 52.526688531000048)","Unfall 136560 (2020) Kat:3, Licht: 2","136560","3","7","6","02","18","3","1","2","0","1","1","0"
"POINT (13.344858269000042 52.539138754000078)","Unfall 136561 (2020) Kat:3, Licht: 2","136561","3","2","6","02","06","2","1","2","0","0","1","0"
"POINT (13.223466228000063 52.537143695000054)","Unfall 136562 (2020) Kat:3, Licht: 2","136562","3","5","1","02","20","6","0","2","0","1","0","1"
"POINT (13.407303811000077 52.451804790000040)","Unfall 136563 (2020) Kat:3, Licht: 0","136563","3","6","2","02","08","2","1","0","0","1","0","0"
"POINT (13.570072635000031 52.444576795000046)","Unfall 136564 (2020) Kat:3, Licht: 2","136564","3","1","0","02","07","2","1","2","0","0","0","1"
"POINT (13.421254189000024 52.413083600000050)","Unfall 136565 (2020) Kat:3, Licht: 0","136565","3","2","6","02","09","2","1","0","0","0","1","0"
"POINT (13.392521118000047 52.528268857000057)","Unfall 136566 (2020) Kat:3, Licht: 2","136566","3","7","0","02","21","6","0","2","0","1","0","1"
"POINT (13.714323864000050 52.432985378000069)","Unfall 136567 (2020) Kat:3, Licht: 0","136567","3","3","5","02","08","2","1","0","0","1","0","0"
"POINT (13.287492734000068 52.475609556000052)","Unfall 136568 (2020) Kat:2, Licht: 0","136568","2","3","5","02","13","3","0","0","0","1","0","0"
"POINT (13.385827181000025 52.485034732000031)","Unfall 136569 (2020) Kat:3, Licht: 2","136569","3","2","5","02","20","7","1","2","1","0","0","1"
"POINT (13.386794439000028 52.523743716000070)","Unfall 136570 (2020) Kat:3, Licht: 2","136570","3","6","3","02","18","4","0","2","1","0","0","0"
"POINT (13.299663985000052 52.578972702000044)","Unfall 136571 (2020) Kat:3, Licht: 2","136571","3","6","2","02","19","7","1","2","0","1","0","0"
"POINT (13.444311871000025 52.492880383000056)","Unfall 136572 (2020) Kat:3, Licht: 2","136572","3","1","0","02","22","2","1","2","0","0","0","1"
"POINT (13.457941952000056 52.512743872000044)","Unfall 136573 (2020) Kat:3, Licht: 0","136573","3","5","1","02","12","2","0","0","1","0","0","0"
"POINT (13.397170914000071 52.571219512000027)","Unfall 136574 (2020) Kat:3, Licht: 1","136574","3","4","6","02","18","3","0","1","0","1","1","0"
"POINT (13.383979547000024 52.510381128000063)","Unfall 136575 (2020) Kat:2, Licht: 0","136575","2","6","2","02","15","2","1","0","0","1","0","0"
"POINT (13.431961315000024 52.523332546000063)","Unfall 136576 (2020) Kat:2, Licht: 2","136576","2","4","6","02","19","6","0","2","0","1","1","0"
"POINT (13.355380978000028 52.519292309000036)","Unfall 136577 (2020) Kat:3, Licht: 0","136577","3","2","5","02","08","2","1","0","1","1","0","0"
"POINT (13.286678690000031 52.518722628000035)","Unfall 136578 (2020) Kat:3, Licht: 2","136578","3","2","6","02","19","7","1","2","0","1","1","0"
"POINT (13.433564248000039 52.607734110000081)","Unfall 136579 (2020) Kat:2, Licht: 0","136579","2","7","0","02","14","2","1","0","0","0","1","0"
"POINT (13.354599639000071 52.499661846000038)","Unfall 136580 (2020) Kat:3, Licht: 0","136580","3","1","0","02","08","4","1","0","0","0","0","1"
"POINT (13.414558044000046 52.527608695000026)","Unfall 136581 (2020) Kat:3, Licht: 2","136581","3","6","0","02","19","7","1","2","0","1","0","1"
"POINT (13.525182271000062 52.480095704000064)","Unfall 136582 (2020) Kat:3, Licht: 2","136582","3","4","6","02","18","7","1","2","0","1","1","0"
"POINT (13.459925033000047 52.559842124000056)","Unfall 136583 (2020) Kat:3, Licht: 2","136583","3","4","6","02","17","2","1","2","0","1","1","0"
"POINT (13.348620304000065 52.453845652000041)","Unfall 136584 (2020) Kat:3, Licht: 0","136584","3","6","2","02","15","4","0","0","1","1","0","0"
"POINT (13.573746280000023 52.468211191000080)","Unfall 136585 (2020) Kat:2, Licht: 1","136585","2","4","6","02","17","7","1","1","0","1","1","0"
"POINT (13.448319329000071 52.427532079000059)","Unfall 136586 (2020) Kat:3, Licht: 2","136586","3","5","5","02","19","6","0","2","0","1","0","0"
"POINT (13.327626820000035 52.608933419000039)","Unfall 136587 (2020) Kat:3, Licht: 2","136587","3","3","5","02","19","2","1","2","0","1","0","0"
"POINT (13.307440162000034 52.500121536000051)","Unfall 136588 (2020) Kat:3, Licht: 2","136588","3","6","2","02","19","6","0","2","0","1","0","0"
"POINT (13.408685701000024 52.393948631000058)","Unfall 136589 (2020) Kat:3, Licht: 0","136589","3","6","3","02","08","3","0","0","1","1","0","0"
"POINT (13.625758100000041 52.452686892000031)","Unfall 136590 (2020) Kat:1, Licht: 2","136590","1","7","0","02","22","1","1","2","1","0","0","0"
"POINT (13.528910353000072 52.426362878000077)","Unfall 136591 (2020) Kat:3, Licht: 2","136591","3","5","1","02","06","6","0","2","0","1","0","0"
"POINT (13.262365577000025 52.598501313000043)","Unfall 136592 (2020) Kat:3, Licht: 1","136592","3","1","8","02","16","7","1","1","0","1","0","0"
"POINT (13.378767287000073 52.527709113000071)","Unfall 136593 (2020) Kat:2, Licht: 2","136593","2","4","6","02","18","2","1","2","0","1","1","0"
"POINT (13.352415319000045 52.440899789000071)","Unfall 136594 (2020) Kat:3, Licht: 0","136594","3","3","5","02","12","3","0","0","0","1","0","0"
"POINT (13.247932559000049 52.524428278000073)","Unfall 136595 (2020) Kat:3, Licht: 0","136595","3","6","2","02","16","2","1","0","0","1","0","0"
"POINT (13.380544732000033 52.442868968000028)","Unfall 136596 (2020) Kat:3, Licht: 2","136596","3","6","2","02","18","6","0","2","0","1","0","0"
"POINT (13.438436888000069 52.514521983000066)","Unfall 136597 (2020) Kat:3, Licht: 0","136597","3","6","2","02","16","3","1","0","1","1","0","0"
"POINT (13.423429370000065 52.585837314000059)","Unfall 136598 (2020) Kat:3, Licht: 2","136598","3","2","6","02","17","2","1","2","0","1","1","0"
"POINT (13.379607520000036 52.552944387000082)","Unfall 136599 (2020) Kat:2, Licht: 2","136599","2","3","0","02","17","6","0","2","1","1","0","0"
"POINT (13.404576863000045 52.529562517000045)","Unfall 136600 (2020) Kat:2, Licht: 2","136600","2","6","0","02","19","3","1","2","1","0","0","0"
"POINT (13.327402724000024 52.502721337000082)","Unfall 136601 (2020) Kat:3, Licht: 0","136601","3","7","6","02","15","1","1","0","0","1","1","0"
"POINT (13.348353514000053 52.437884472000064)","Unfall 136602 (2020) Kat:3, Licht: 2","136602","3","2","5","02","17","6","0","2","0","1","0","1"
"POINT (13.315437904000078 52.577836245000071)","Unfall 136603 (2020) Kat:3, Licht: 0","136603","3","2","5","02","08","5","0","0","0","1","0","0"
"POINT (13.448135962000038 52.529731093000066)","Unfall 136604 (2020) Kat:3, Licht: 0","136604","3","3","5","02","12","7","1","0","0","1","0","0"
"POINT (13.412736814000027 52.532558367000036)","Unfall 136605 (2020) Kat:2, Licht: 2","136605","2","1","0","02","17","2","1","2","0","1","0","1"
"POINT (13.357673116000058 52.535750709000069)","Unfall 136606 (2020) Kat:3, Licht: 0","136606","3","5","1","02","10","3","0","0","1","1","0","0"
"POINT (13.354669296000054 52.448621564000064)","Unfall 136607 (2020) Kat:3, Licht: 0","136607","3","6","4","02","10","2","1","0","0","1","0","0"
"POINT (13.149637573000064 52.554106157000035)","Unfall 136608 (2020) Kat:3, Licht: 1","136608","3","6","2","02","16","6","0","1","0","1","0","0"
"POINT (13.435162424000055 52.423058380000043)","Unfall 136609 (2020) Kat:3, Licht: 0","136609","3","3","5","02","07","2","1","0","1","1","0","0"
"POINT (13.309065249000071 52.621693972000060)","Unfall 136610 (2020) Kat:2, Licht: 0","136610","2","3","5","02","14","3","1","0","0","1","0","0"
"POINT (13.428938068000036 52.584848216000069)","Unfall 136611 (2020) Kat:3, Licht: 0","136611","3","4","6","02","15","7","1","0","0","1","1","0"
"POINT (13.351512875000026 52.433624768000072)","Unfall 136612 (2020) Kat:3, Licht: 0","136612","3","2","2","02","15","6","1","0","0","1","0","0"
"POINT (13.365096947000040 52.423955891000048)","Unfall 136613 (2020) Kat:3, Licht: 0","136613","3","3","5","02","16","4","0","0","0","1","0","0"
"POINT (13.458108653000068 52.525505108000061)","Unfall 136614 (2020) Kat:3, Licht: 0","136614","3","2","5","02","15","7","1","0","0","1","0","0"
"POINT (13.416739725000070 52.523790437000059)","Unfall 136615 (2020) Kat:3, Licht: 0","136615","3","1","0","02","14","7","1","0","1","0","0","0"
"POINT (13.457474005000051 52.528722931000061)","Unfall 136616 (2020) Kat:3, Licht: 0","136616","3","6","2","02","14","6","0","0","0","1","0","0"
"POINT (13.510298249000073 52.444306670000060)","Unfall 136617 (2020) Kat:3, Licht: 0","136617","3","6","2","02","14","4","0","0","0","1","0","0"
"POINT (13.398447101000045 52.419551821000027)","Unfall 136618 (2020) Kat:3, Licht: 0","136618","3","2","5","02","12","7","1","0","0","1","0","0"
"POINT (13.378995278000048 52.437684466000064)","Unfall 136619 (2020) Kat:3, Licht: 2","136619","3","3","5","02","06","3","0","2","0","0","0","1"
"POINT (13.320124198000030 52.497972176000076)","Unfall 136620 (2020) Kat:3, Licht: 0","136620","3","2","5","02","09","2","1","0","1","1","0","0"
"POINT (13.207872378000047 52.557100897000055)","Unfall 136621 (2020) Kat:3, Licht: 0","136621","3","6","2","02","14","6","0","0","0","1","0","0"
"POINT (13.390625246000070 52.563066089000074)","Unfall 136622 (2020) Kat:3, Licht: 1","136622","3","5","0","02","16","1","0","1","0","1","0","0"
"POINT (13.414600971000027 52.500229106000063)","Unfall 136623 (2020) Kat:3, Licht: 0","136623","3","7","5","02","10","3","1","0","1","1","0","0"
"POINT (13.484185067000055 52.463154430000031)","Unfall 136624 (2020) Kat:3, Licht: 0","136624","3","3","5","02","12","7","1","0","1","1","0","0"
"POINT (13.458949463000067 52.550159754000049)","Unfall 136625 (2020) Kat:3, Licht: 1","136625","3","2","0","02","17","2","1","1","0","0","1","0"
"POINT (13.431122950000031 52.512844879000056)","Unfall 136626 (2020) Kat:3, Licht: 1","136626","3","3","5","02","16","4","0","1","1","1","0","0"
"POINT (13.316096377000065 52.426236488000029)","Unfall 136627 (2020) Kat:2, Licht: 2","136627","2","1","1","02","04","7","1","2","0","1","0","0"
"POINT (13.493100576000074 52.636408849000077)","Unfall 136628 (2020) Kat:3, Licht: 0","136628","3","4","6","02","16","2","1","0","0","1","1","0"
"POINT (13.315084155000022 52.514543403000062)","Unfall 136629 (2020) Kat:3, Licht: 2","136629","3","1","9","02","19","2","1","2","0","1","1","0"
"POINT (13.337514922000025 52.476329851000060)","Unfall 136630 (2020) Kat:3, Licht: 0","136630","3","2","2","02","11","3","0","0","0","1","0","1"
"POINT (13.402072113000031 52.602850976000070)","Unfall 136631 (2020) Kat:2, Licht: 0","136631","2","2","5","02","12","2","1","0","0","1","0","0"
"POINT (13.315525645000037 52.453439973000059)","Unfall 136632 (2020) Kat:3, Licht: 0","136632","3","4","6","02","08","2","1","0","0","1","1","0"
"POINT (13.399597668000069 52.498394315000041)","Unfall 136633 (2020) Kat:3, Licht: 2","136633","3","2","5","02","01","2","1","2","0","1","0","0"
"POINT (13.377632278000021 52.563608855000041)","Unfall 136634 (2020) Kat:3, Licht: 0","136634","3","3","5","02","14","6","0","0","0","1","0","1"
"POINT (13.386338080000030 52.534678853000059)","Unfall 136635 (2020) Kat:2, Licht: 0","136635","2","7","6","02","10","1","0","0","0","1","1","0"
"POINT (13.411571510000044 52.582278938000059)","Unfall 136636 (2020) Kat:2, Licht: 1","136636","2","4","6","02","07","2","1","1","0","1","1","0"
"POINT (13.380675212000028 52.574582694000071)","Unfall 136637 (2020) Kat:2, Licht: 0","136637","2","2","5","02","12","7","1","0","0","1","0","0"
"POINT (13.322493223000038 52.485305113000038)","Unfall 136638 (2020) Kat:3, Licht: 0","136638","3","3","5","02","15","4","0","0","1","1","0","0"
"POINT (13.581960634000040 52.550506780000035)","Unfall 136639 (2020) Kat:3, Licht: 2","136639","3","2","6","01","05","6","1","2","0","1","1","0"
"POINT (13.481203691000076 52.538660186000072)","Unfall 136640 (2020) Kat:3, Licht: 0","136640","3","2","5","02","14","6","0","0","1","1","0","0"
"POINT (13.312211694000041 52.430432634000056)","Unfall 136641 (2020) Kat:3, Licht: 2","136641","3","2","6","02","18","2","1","2","0","1","1","0"
"POINT (13.196712995000041 52.525901064000038)","Unfall 136642 (2020) Kat:3, Licht: 0","136642","3","5","0","02","12","6","0","0","0","1","0","0"
"POINT (13.491980944000034 52.469659301000036)","Unfall 136643 (2020) Kat:2, Licht: 0","136643","2","4","6","02","08","3","0","0","0","0","1","0"
"POINT (13.468863360000057 52.506804778000060)","Unfall 136644 (2020) Kat:3, Licht: 2","136644","3","2","5","02","23","1","1","2","0","1","0","1"
"POINT (13.302247304000048 52.547891662000040)","Unfall 136645 (2020) Kat:3, Licht: 0","136645","3","2","5","02","13","6","0","0","0","1","0","0"
"POINT (13.299205144000041 52.591330016000029)","Unfall 136646 (2020) Kat:3, Licht: 2","136646","3","5","1","01","23","6","0","2","1","1","0","0"
"POINT (13.538666201000069 52.524757826000041)","Unfall 136647 (2020) Kat:2, Licht: 0","136647","2","3","5","02","15","2","1","0","1","1","0","0"
"POINT (13.293923112000073 52.505270649000067)","Unfall 136648 (2020) Kat:3, Licht: 0","136648","3","3","0","02","12","6","0","0","0","1","0","1"
"POINT (13.379072666000070 52.448073059000080)","Unfall 136649 (2020) Kat:3, Licht: 2","136649","3","3","5","01","21","6","0","2","1","1","0","0"
"POINT (13.475409931000058 52.520399260000033)","Unfall 136650 (2020) Kat:3, Licht: 0","136650","3","2","5","02","07","4","1","0","1","0","0","0"
"POINT (13.296431219000056 52.529277106000052)","Unfall 136651 (2020) Kat:3, Licht: 0","136651","3","2","5","01","19","6","0","0","0","1","0","0"
"POINT (13.493926038000041 52.559393226000054)","Unfall 136652 (2020) Kat:3, Licht: 2","136652","3","3","5","02","17","2","1","2","1","1","0","0"
"POINT (13.514906131000032 52.462243926000042)","Unfall 136653 (2020) Kat:3, Licht: 0","136653","3","7","5","02","12","6","0","0","0","1","0","0"
"POINT (13.393745153000054 52.550495559000069)","Unfall 136654 (2020) Kat:3, Licht: 0","136654","3","3","5","02","15","3","1","0","0","1","0","0"
"POINT (13.332046875000060 52.487525508000033)","Unfall 136655 (2020) Kat:3, Licht: 2","136655","3","7","5","01","18","6","0","2","0","1","0","0"
"POINT (13.368895502000044 52.436091095000052)","Unfall 136656 (2020) Kat:3, Licht: 0","136656","3","3","5","02","12","6","0","0","0","1","0","0"
"POINT (13.379728503000024 52.495639416000074)","Unfall 136657 (2020) Kat:3, Licht: 2","136657","3","2","5","02","19","5","0","2","1","1","0","0"
"POINT (13.324567826000077 52.497947202000034)","Unfall 136658 (2020) Kat:3, Licht: 2","136658","3","3","5","01","17","6","0","2","1","1","0","0"
"POINT (13.343271572000049 52.539347609000060)","Unfall 136659 (2020) Kat:3, Licht: 0","136659","3","2","5","02","10","3","0","0","0","1","0","0"
"POINT (13.401166668000030 52.498427812000045)","Unfall 136660 (2020) Kat:3, Licht: 0","136660","3","7","0","02","10","2","1","0","0","0","0","0"
"POINT (13.500596803000064 52.441439833000061)","Unfall 136661 (2020) Kat:3, Licht: 1","136661","3","5","1","02","06","6","0","1","0","1","0","0"
"POINT (13.205270205000033 52.535795123000071)","Unfall 136662 (2020) Kat:2, Licht: 0","136662","2","6","0","02","15","3","0","0","0","1","0","0"
"POINT (13.475851336000062 52.533216551000066)","Unfall 136663 (2020) Kat:3, Licht: 0","136663","3","6","2","02","12","2","1","0","0","1","0","0"
"POINT (13.322678959000029 52.505867607000027)","Unfall 136664 (2020) Kat:1, Licht: 0","136664","1","1","3","02","15","6","0","0","1","1","0","0"
"POINT (13.399547271000074 52.386675154000045)","Unfall 136665 (2020) Kat:3, Licht: 0","136665","3","5","5","02","14","3","0","0","1","1","0","0"
"POINT (13.320270679000032 52.476871457000072)","Unfall 136666 (2020) Kat:3, Licht: 0","136666","3","4","6","01","15","6","0","0","0","1","1","0"