WKT,Name,OBJECTID,UKATEGORIE,UTYP1,UART,UMONAT,USTUNDE,UWOCHENTAG,STRZUSTAND,ULICHTVERH,ISTRAD,ISTPKW,ISTFUSS,ISTKRAD
"POINT (13.314879214000030 52.481566372000032)","Unfall 136667 (2020) Kat:3, Licht: 0","136667","3","2","6","02","15","5","0","0","0","1","1","0"
"POINT (13.348523224000076 52.542831162000027)","Unfall 136668 (2020) Kat:3, Licht: 0","136668","3","2","2","02","14","4","0","0","0","1","0","0"
"POINT (13.245269420000056 52.610656489000064)","Unfall 136669 (2020) Kat:3, Licht: 0","136669","3","5","1","01","12","6","0","0","1","1","0","0"
"POINT (13.409227246000057 52.510447756000076)","Unfall 136670 (2020) Kat:3, Licht: 0","136670","3","6","2","02","14","2","1","0","0","1","0","0"
"POINT (13.369704315000035 52.559659944000032)","Unfall 136671 (2020) Kat:3, Licht: 2","136671","3","2","6","02","18","3","1","2","0","1","1","0"
"POINT (13.415512318000026 52.480660909000051)","Unfall 136672 (2020) Kat:3, Licht: 0","136672","3","3","5","02","07","2","1","0","1","1","0","0"
"POINT (13.566285498000070 52.445270936000043)","Unfall 136673 (2020) Kat:3, Licht: 2","136673","3","2","5","02","20","5","0","2","0","1","0","0"
"POINT (13.388065739000069 52.521472395000046)","Unfall 136674 (2020) Kat:3, Licht: 0","136674","3","6","2","02","09","1","0","0","1","1","0","0"
"POINT (13.285380021000037 52.595114542000033)","Unfall 136675 (2020) Kat:3, Licht: 1","136675","3","6","2","02","07","2","1","1","0","1","0","0"
"POINT (13.635224280000045 52.391047098000058)","Unfall 136676 (2020) Kat:3, Licht: 0","136676","3","3","5","01","12","6","1","0","1","1","0","0"
"POINT (13.314793660000078 52.500961945000029)","Unfall 136677 (2020) Kat:3, Licht: 0","136677","3","6","2","02","16","4","0","0","0","1","0","0"
"POINT (13.430123839000032 52.551368104000062)","Unfall 136678 (2020) Kat:2, Licht: 2","136678","2","1","9","02","04","1","0","2","0","0","0","1"
"POINT (13.158304233000024 52.562077654000063)","Unfall 136679 (2020) Kat:3, Licht: 0","136679","3","4","6","02","13","3","0","0","0","1","1","0"
"POINT (13.502476962000060 52.461275985000043)","Unfall 136680 (2020) Kat:3, Licht: 0","136680","3","1","0","01","14","6","0","0","1","0","0","0"
"POINT (13.275093228000060 52.501109198000051)","Unfall 136681 (2020) Kat:3, Licht: 2","136681","3","6","3","02","18","4","0","2","0","1","0","0"
"POINT (13.197721547000071 52.514044217000048)","Unfall 136682 (2020) Kat:3, Licht: 0","136682","3","1","0","01","12","6","0","0","1","0","0","0"
"POINT (13.416939477000028 52.418134286000054)","Unfall 136683 (2020) Kat:2, Licht: 2","136683","2","2","6","02","18","2","1","2","0","1","1","0"
"POINT (13.344870182000022 52.526318735000075)","Unfall 136684 (2020) Kat:3, Licht: 2","136684","3","4","6","02","17","3","1","2","0","1","1","0"
"POINT (13.431937509000022 52.515122872000063)","Unfall 136685 (2020) Kat:3, Licht: 0","136685","3","2","5","02","15","2","1","0","0","1","0","0"
"POINT (13.415330221000033 52.520649358000071)","Unfall 136686 (2020) Kat:3, Licht: 2","136686","3","2","5","02","19","5","0","2","1","1","0","0"
"POINT (13.312829605000047 52.500667965000048)","Unfall 136687 (2020) Kat:3, Licht: 2","136687","3","2","6","02","22","1","1","2","0","1","1","0"
"POINT (13.518393643000024 52.453458443000045)","Unfall 136688 (2020) Kat:3, Licht: 0","136688","3","1","0","01","14","6","0","0","1","0","0","0"
"POINT (13.349450340000033 52.542320327000027)","Unfall 136689 (2020) Kat:3, Licht: 0","136689","3","2","5","02","08","4","1","0","1","0","0","0"
"POINT (13.338377551000065 52.526520242000061)","Unfall 136690 (2020) Kat:3, Licht: 0","136690","3","6","3","01","11","6","0","0","1","1","0","0"
"POINT (13.332778306000023 52.478484116000061)","Unfall 136691 (2020) Kat:3, Licht: 2","136691","3","6","2","02","17","2","1","2","1","1","0","0"
"POINT (13.222727933000044 52.537190462000069)","Unfall 136692 (2020) Kat:3, Licht: 2","136692","3","6","2","02","18","5","0","2","0","1","0","1"
"POINT (13.196983399000032 52.525426433000064)","Unfall 136693 (2020) Kat:3, Licht: 0","136693","3","7","5","01","11","6","0","0","0","1","0","0"
"POINT (13.211680658000034 52.527600158000041)","Unfall 136694 (2020) Kat:3, Licht: 2","136694","3","2","4","02","18","5","0","2","0","1","0","0"
"POINT (13.386998472000073 52.527139811000040)","Unfall 136695 (2020) Kat:3, Licht: 2","136695","3","2","5","02","20","2","1","2","1","1","0","0"
"POINT (13.417553560000044 52.524451822000060)","Unfall 136696 (2020) Kat:3, Licht: 2","136696","3","2","4","02","17","5","0","2","1","0","0","0"
"POINT (13.363641748000077 52.576711798000076)","Unfall 136697 (2020) Kat:3, Licht: 0","136697","3","1","1","02","09","3","1","0","0","1","0","0"
"POINT (13.545370096000056 52.425797370000055)","Unfall 136698 (2020) Kat:2, Licht: 0","136698","2","3","5","02","08","2","1","0","1","0","0","0"
"POINT (13.448248206000073 52.497620601000051)","Unfall 136699 (2020) Kat:3, Licht: 2","136699","3","4","6","02","17","5","0","2","0","1","1","0"
"POINT (13.591542974000049 52.445128946000068)","Unfall 136700 (2020) Kat:2, Licht: 0","136700","2","5","1","01","11","6","0","0","1","1","0","0"
"POINT (13.477543811000032 52.560618149000049)","Unfall 136701 (2020) Kat:3, Licht: 2","136701","3","2","6","02","05","4","1","2","0","1","1","0"
"POINT (13.371619016000068 52.446934441000053)","Unfall 136702 (2020) Kat:3, Licht: 1","136702","3","6","2","02","16","2","1","1","0","1","0","0"
"POINT (13.351099179000073 52.558263279000073)","Unfall 136703 (2020) Kat:3, Licht: 2","136703","3","2","6","02","17","5","0","2","0","1","1","0"
"POINT (13.406807153000045 52.393768914000077)","Unfall 136704 (2020) Kat:3, Licht: 0","136704","3","2","5","02","16","3","1","0","0","1","0","0"
"POINT (13.496917857000028 52.418327487000056)","Unfall 136705 (2020) Kat:3, Licht: 0","136705","3","7","0","01","10","6","1","0","0","1","0","1"
"POINT (13.341846578000059 52.492991488000030)","Unfall 136706 (2020) Kat:3, Licht: 2","136706","3","1","0","02","17","5","0","2","1","0","0","0"
"POINT (13.594605376000061 52.426725901000054)","Unfall 136707 (2020) Kat:3, Licht: 0","136707","3","7","0","02","14","4","0","0","1","1","0","0"
"POINT (13.329772782000077 52.569113273000028)","Unfall 136708 (2020) Kat:3, Licht: 2","136708","3","2","6","02","06","3","1","2","0","1","1","0"
"POINT (13.357383937000066 52.535945411000057)","Unfall 136709 (2020) Kat:3, Licht: 2","136709","3","3","5","02","22","1","1","2","0","1","0","0"
"POINT (13.389752773000055 52.531750510000052)","Unfall 136710 (2020) Kat:3, Licht: 1","136710","3","2","5","02","16","5","0","1","1","0","0","1"
"POINT (13.333913877000043 52.502054450000060)","Unfall 136711 (2020) Kat:3, Licht: 0","136711","3","7","2","02","09","5","0","0","1","1","0","0"
"POINT (13.424966335000022 52.474097651000079)","Unfall 136712 (2020) Kat:3, Licht: 0","136712","3","3","5","01","09","6","0","0","1","1","0","0"
"POINT (13.228826935000029 52.537886348000029)","Unfall 136713 (2020) Kat:3, Licht: 0","136713","3","2","0","02","13","3","0","0","0","1","0","0"
"POINT (13.386673457000029 52.555834400000037)","Unfall 136714 (2020) Kat:3, Licht: 0","136714","3","6","2","02","11","2","1","0","0","1","0","0"
"POINT (13.372089803000051 52.469805201000042)","Unfall 136715 (2020) Kat:3, Licht: 0","136715","3","2","2","02","16","5","0","0","0","1","0","0"
"POINT (13.430498919000058 52.551770528000077)","Unfall 136716 (2020) Kat:3, Licht: 2","136716","3","2","2","02","18","3","1","2","0","1","0","0"
"POINT (13.604922515000055 52.536793201000080)","Unfall 136717 (2020) Kat:3, Licht: 0","136717","3","1","0","01","09","6","0","0","0","0","0","1"
"POINT (13.210081322000065 52.548994300000061)","Unfall 136718 (2020) Kat:3, Licht: 0","136718","3","3","5","02","12","5","0","0","1","1","0","0"
"POINT (13.461458645000050 52.512140171000055)","Unfall 136719 (2020) Kat:2, Licht: 0","136719","2","3","5","02","14","4","0","0","0","1","0","0"
"POINT (13.441110262000052 52.518197240000063)","Unfall 136720 (2020) Kat:3, Licht: 0","136720","3","3","5","01","09","6","1","0","1","1","0","0"
"POINT (13.344972453000025 52.486044451000055)","Unfall 136721 (2020) Kat:3, Licht: 2","136721","3","6","3","02","17","3","0","2","0","1","0","0"
"POINT (13.565773382000032 52.504375395000068)","Unfall 136722 (2020) Kat:3, Licht: 0","136722","3","4","6","01","09","6","0","0","0","1","1","0"
"POINT (13.391051810000022 52.514879270000051)","Unfall 136723 (2020) Kat:3, Licht: 0","136723","3","2","5","02","08","3","0","0","1","0","0","0"
"POINT (13.431949775000021 52.603981009000051)","Unfall 136724 (2020) Kat:3, Licht: 0","136724","3","5","0","02","09","2","1","0","1","1","0","0"
"POINT (13.592801292000047 52.454172038000081)","Unfall 136725 (2020) Kat:2, Licht: 0","136725","2","1","0","02","09","5","0","0","1","0","0","0"
"POINT (13.422343952000062 52.547999421000043)","Unfall 136726 (2020) Kat:3, Licht: 2","136726","3","1","0","02","18","1","0","2","0","1","0","0"
"POINT (13.436902077000070 52.456715838000036)","Unfall 136727 (2020) Kat:3, Licht: 0","136727","3","6","2","02","12","3","0","0","0","1","0","0"
"POINT (13.295542795000074 52.550161732000049)","Unfall 136728 (2020) Kat:3, Licht: 0","136728","3","6","2","01","08","6","0","0","0","1","0","0"
"POINT (13.402511681000021 52.460019812000041)","Unfall 136729 (2020) Kat:3, Licht: 0","136729","3","3","5","02","14","2","1","0","0","1","0","0"
"POINT (13.483928034000030 52.523223711000071)","Unfall 136730 (2020) Kat:3, Licht: 1","136730","3","2","5","02","16","4","0","1","1","1","0","0"
"POINT (13.500159232000044 52.561358910000081)","Unfall 136731 (2020) Kat:3, Licht: 0","136731","3","4","6","01","08","6","0","0","0","1","1","0"
"POINT (13.293240192000042 52.458056654000075)","Unfall 136732 (2020) Kat:3, Licht: 0","136732","3","4","6","02","13","2","1","0","0","1","1","0"
"POINT (13.182639586000050 52.486114778000058)","Unfall 136733 (2020) Kat:3, Licht: 2","136733","3","6","4","02","20","2","1","2","0","1","0","0"
"POINT (13.343375751000053 52.531939109000064)","Unfall 136734 (2020) Kat:3, Licht: 2","136734","3","2","6","02","18","3","0","2","0","1","1","0"
"POINT (13.296862430000033 52.580234445000031)","Unfall 136735 (2020) Kat:3, Licht: 0","136735","3","3","5","02","14","2","1","0","0","1","0","0"
"POINT (13.460926910000069 52.454229887000054)","Unfall 136736 (2020) Kat:3, Licht: 0","136736","3","3","5","02","09","5","0","0","0","1","0","0"
"POINT (13.498601529000041 52.410319828000070)","Unfall 136737 (2020) Kat:3, Licht: 0","136737","3","6","3","01","08","6","0","0","0","0","0","0"
"POINT (13.390742877000037 52.495979511000030)","Unfall 136738 (2020) Kat:3, Licht: 0","136738","3","2","5","02","08","4","1","0","1","1","0","0"
"POINT (13.390543222000076 52.557505745000071)","Unfall 136739 (2020) Kat:2, Licht: 1","136739","2","5","1","02","16","6","1","1","0","1","0","1"
"POINT (13.313040738000041 52.422835170000042)","Unfall 136740 (2020) Kat:3, Licht: 0","136740","3","3","0","02","13","4","1","0","0","1","0","1"
"POINT (13.341641320000065 52.442028041000071)","Unfall 136741 (2020) Kat:3, Licht: 0","136741","3","6","2","02","09","7","0","0","0","1","0","0"
"POINT (13.522517193000056 52.566527602000065)","Unfall 136742 (2020) Kat:3, Licht: 2","136742","3","4","6","02","18","7","0","2","0","1","1","0"
"POINT (13.305057817000034 52.528676002000054)","Unfall 136743 (2020) Kat:3, Licht: 0","136743","3","2","2","02","09","3","1","0","0","1","0","0"
"POINT (13.394612265000035 52.507946296000057)","Unfall 136744 (2020) Kat:3, Licht: 2","136744","3","5","5","02","20","2","0","2","1","0","0","0"
"POINT (13.388228351000066 52.520543417000056)","Unfall 136745 (2020) Kat:3, Licht: 0","136745","3","7","2","02","13","5","1","0","0","1","0","1"
"POINT (13.295738291000077 52.550115789000074)","Unfall 136746 (2020) Kat:3, Licht: 0","136746","3","6","2","02","16","6","0","0","0","1","0","0"
"POINT (13.569139893000056 52.443907727000067)","Unfall 136747 (2020) Kat:3, Licht: 0","136747","3","7","0","02","14","6","0","0","0","0","1","0"
"POINT (13.500170240000045 52.534393308000062)","Unfall 136748 (2020) Kat:3, Licht: 2","136748","3","6","2","02","18","4","1","2","0","0","0","1"
"POINT (13.430314937000048 52.469207205000032)","Unfall 136749 (2020) Kat:3, Licht: 1","136749","3","2","5","02","18","3","1","1","1","1","0","0"
"POINT (13.329447117000029 52.481531118000078)","Unfall 136750 (2020) Kat:3, Licht: 0","136750","3","2","5","02","14","6","1","0","1","1","0","0"
"POINT (13.316882701000054 52.606149907000031)","Unfall 136751 (2020) Kat:2, Licht: 0","136751","2","6","2","02","09","3","1","0","0","1","0","1"
"POINT (13.380403626000032 52.532702727000071)","Unfall 136752 (2020) Kat:1, Licht: 2","136752","1","7","0","02","06","6","0","2","0","0","0","0"
"POINT (13.454963889000055 52.494148441000050)","Unfall 136753 (2020) Kat:3, Licht: 0","136753","3","7","2","02","07","2","1","0","0","1","0","0"
"POINT (13.538633501000049 52.434286386000053)","Unfall 136754 (2020) Kat:3, Licht: 0","136754","3","6","3","02","14","2","0","0","0","1","0","0"
"POINT (13.213467415000025 52.560970053000062)","Unfall 136755 (2020) Kat:3, Licht: 0","136755","3","4","6","02","07","5","0","0","0","1","1","0"
"POINT (13.458820619000051 52.506541943000059)","Unfall 136756 (2020) Kat:3, Licht: 0","136756","3","2","5","02","10","2","0","0","0","1","0","0"
"POINT (13.411034408000035 52.503491179000036)","Unfall 136757 (2020) Kat:3, Licht: 0","136757","3","2","5","02","16","2","0","0","1","1","0","0"
"POINT (13.202664968000022 52.537924309000061)","Unfall 136758 (2020) Kat:3, Licht: 0","136758","3","7","6","02","11","5","0","0","0","1","1","0"
"POINT (13.320895471000028 52.486537315000078)","Unfall 136759 (2020) Kat:3, Licht: 0","136759","3","7","5","02","13","6","1","0","0","1","0","0"
"POINT (13.338788784000030 52.444380827000032)","Unfall 136760 (2020) Kat:3, Licht: 1","136760","3","2","5","02","17","4","1","1","0","1","0","0"
"POINT (13.564256582000041 52.557526675000076)","Unfall 136761 (2020) Kat:3, Licht: 0","136761","3","4","6","02","15","3","1","0","0","1","1","0"
"POINT (13.382195294000041 52.399345458000028)","Unfall 136762 (2020) Kat:3, Licht: 0","136762","3","2","5","02","13","6","1","0","1","0","0","0"
"POINT (13.473513106000041 52.522986829000047)","Unfall 136763 (2020) Kat:3, Licht: 2","136763","3","2","2","02","17","3","1","2","1","1","0","0"
"POINT (13.338109881000037 52.528496225000026)","Unfall 136764 (2020) Kat:3, Licht: 2","136764","3","1","0","02","23","6","1","2","0","0","0","0"
"POINT (13.329161711000040 52.500280574000044)","Unfall 136765 (2020) Kat:3, Licht: 2","136765","3","4","6","02","20","2","1","2","0","1","1","0"
"POINT (13.395086797000033 52.452942320000034)","Unfall 136766 (2020) Kat:2, Licht: 2","136766","2","5","5","02","19","5","1","2","0","1","0","1"
"POINT (13.258867929000075 52.548112066000044)","Unfall 136767 (2020) Kat:3, Licht: 2","136767","3","2","6","02","18","4","1","2","0","1","1","0"
"POINT (13.359367987000041 52.420265298000061)","Unfall 136768 (2020) Kat:2, Licht: 2","136768","2","2","5","02","18","6","1","2","1","1","0","0"
"POINT (13.421658116000060 52.562486982000053)","Unfall 136769 (2020) Kat:3, Licht: 0","136769","3","3","5","02","14","4","0","0","1","1","0","0"
"POINT (13.215624879000075 52.560682766000070)","Unfall 136770 (2020) Kat:3, Licht: 0","136770","3","6","2","02","09","7","0","0","0","1","0","0"
"POINT (13.431228706000070 52.499385974000063)","Unfall 136771 (2020) Kat:3, Licht: 0","136771","3","3","5","02","14","1","1","0","1","1","0","0"
"POINT (13.342749887000025 52.463043556000059)","Unfall 136772 (2020) Kat:3, Licht: 0","136772","3","2","5","02","13","3","1","0","0","1","0","1"
"POINT (13.432198701000061 52.604456725000034)","Unfall 136773 (2020) Kat:3, Licht: 2","136773","3","3","5","02","17","6","1","2","0","1","0","0"
"POINT (13.423845502000063 52.538318890000028)","Unfall 136774 (2020) Kat:3, Licht: 0","136774","3","2","5","02","14","4","0","0","1","0","0","0"
"POINT (13.330246877000036 52.513234063000027)","Unfall 136775 (2020) Kat:3, Licht: 2","136775","3","3","5","02","06","6","1","2","0","1","0","0"
"POINT (13.630492892000063 52.450583840000036)","Unfall 136776 (2020) Kat:3, Licht: 0","136776","3","3","5","02","08","4","0","0","1","0","0","0"
"POINT (13.295769402000076 52.519210653000073)","Unfall 136777 (2020) Kat:3, Licht: 2","136777","3","4","6","02","20","1","1","2","0","1","1","0"
"POINT (13.335622240000077 52.595680843000082)","Unfall 136778 (2020) Kat:3, Licht: 0","136778","3","6","3","02","15","3","0","0","0","0","0","0"
"POINT (13.216127367000070 52.538124626000069)","Unfall 136779 (2020) Kat:3, Licht: 2","136779","3","6","2","02","05","6","1","2","0","1","0","1"
"POINT (13.411503548000042 52.491226567000069)","Unfall 136780 (2020) Kat:3, Licht: 0","136780","3","5","1","02","12","3","1","0","1","0","0","0"
"POINT (13.513929668000060 52.551272025000060)","Unfall 136781 (2020) Kat:3, Licht: 0","136781","3","2","5","02","14","6","0","0","1","1","0","0"
"POINT (13.385833322000053 52.528336412000044)","Unfall 136782 (2020) Kat:3, Licht: 2","136782","3","1","0","02","18","2","1","2","0","1","0","1"
"POINT (13.335374690000037 52.471647874000041)","Unfall 136783 (2020) Kat:1, Licht: 2","136783","1","4","6","02","20","4","1","2","0","0","1","0"
"POINT (13.431253667000021 52.550922995000064)","Unfall 136784 (2020) Kat:3, Licht: 0","136784","3","1","0","02","09","4","1","0","1","0","0","0"
"POINT (13.362729268000066 52.546694418000072)","Unfall 136785 (2020) Kat:3, Licht: 2","136785","3","3","5","02","05","6","1","2","0","1","0","0"
"POINT (13.321737365000047 52.528137476000040)","Unfall 136786 (2020) Kat:3, Licht: 0","136786","3","1","0","02","14","4","0","0","0","0","0","1"
"POINT (13.415186915000049 52.502501371000051)","Unfall 136787 (2020) Kat:3, Licht: 2","136787","3","6","2","02","01","7","0","2","0","1","0","0"
"POINT (13.325614631000064 52.505576085000030)","Unfall 136788 (2020) Kat:3, Licht: 2","136788","3","2","6","02","20","7","1","2","0","1","1","0"
"POINT (13.387522891000060 52.524718142000040)","Unfall 136789 (2020) Kat:2, Licht: 0","136789","2","4","6","02","09","3","0","0","0","0","1","0"
"POINT (13.515209830000060 52.566950254000062)","Unfall 136790 (2020) Kat:3, Licht: 0","136790","3","2","2","02","07","2","0","0","1","1","0","0"
"POINT (13.155818027000066 52.521709509000061)","Unfall 136791 (2020) Kat:3, Licht: 0","136791","3","4","6","02","07","6","0","0","1","0","1","0"
"POINT (13.548856047000072 52.533996655000067)","Unfall 136792 (2020) Kat:2, Licht: 2","136792","2","7","0","02","05","5","0","2","0","1","0","0"
"POINT (13.379845746000058 52.552901660000032)","Unfall 136793 (2020) Kat:2, Licht: 0","136793","2","7","6","02","12","2","0","0","0","1","1","0"
"POINT (13.155761659000063 52.521612574000073)","Unfall 136794 (2020) Kat:2, Licht: 0","136794","2","4","6","02","08","6","1","0","0","1","1","0"
"POINT (13.401219324000067 52.414613627000051)","Unfall 136795 (2020) Kat:2, Licht: 0","136795","2","2","5","02","11","2","0","0","0","1","0","0"
"POINT (13.448715175000075 52.518404767000050)","Unfall 136796 (2020) Kat:3, Licht: 2","136796","3","6","3","02","21","4","1","2","1","1","0","0"
"POINT (13.328381751000052 52.467015856000046)","Unfall 136797 (2020) Kat:2, Licht: 0","136797","2","3","5","02","08","4","1","0","1","1","0","0"
"POINT (13.366762447000042 52.552148905000081)","Unfall 136798 (2020) Kat:3, Licht: 2","136798","3","3","5","02","22","5","1","2","1","1","0","0"
"POINT (13.338211646000047 52.438417927000046)","Unfall 136799 (2020) Kat:3, Licht: 0","136799","3","7","5","02","13","4","1","0","1","1","0","0"
"POINT (13.583886792000044 52.483577854000032)","Unfall 136800 (2020) Kat:3, Licht: 0","136800","3","3","5","02","13","7","0","0","0","1","0","0"
"POINT (13.484575627000027 52.513644865000060)","Unfall 136801 (2020) Kat:3, Licht: 2","136801","3","2","5","02","18","7","0","2","1","1","0","0"
"POINT (13.517677471000070 52.454396113000030)","Unfall 136802 (2020) Kat:3, Licht: 2","136802","3","7","2","02","06","2","1","2","0","1","0","0"
"POINT (13.321517141000072 52.501841431000059)","Unfall 136803 (2020) Kat:3, Licht: 2","136803","3","6","2","02","19","2","0","2","0","1","0","0"
"POINT (13.427540281000063 52.420752348000065)","Unfall 136804 (2020) Kat:3, Licht: 0","136804","3","2","5","02","14","5","1","0","0","1","0","0"
"POINT (13.409663164000051 52.387393223000061)","Unfall 136805 (2020) Kat:3, Licht: 2","136805","3","3","5","02","22","5","1","2","0","1","0","0"
"POINT (13.336175959000059 52.467423198000063)","Unfall 136806 (2020) Kat:3, Licht: 2","136806","3","3","5","02","21","5","1","2","1","1","0","0"
"POINT (13.310374731000024 52.479017506000048)","Unfall 136807 (2020) Kat:3, Licht: 2","136807","3","2","5","02","18","4","1","2","1","1","0","0"
"POINT (13.415330221000033 52.520649358000071)","Unfall 136808 (2020) Kat:3, Licht: 0","136808","3","2","5","02","17","3","0","0","1","1","0","0"
"POINT (13.339781200000061 52.432858436000060)","Unfall 136809 (2020) Kat:2, Licht: 2","136809","2","4","6","02","19","5","1","2","0","0","1","0"
"POINT (13.413543973000060 52.508430617000045)","Unfall 136810 (2020) Kat:3, Licht: 1","136810","3","3","5","02","06","3","1","1","1","1","0","0"
"POINT (13.261281053000062 52.425618735000057)","Unfall 136811 (2020) Kat:3, Licht: 2","136811","3","6","2","02","19","5","1","2","0","1","0","0"
"POINT (13.339899795000065 52.588040250000063)","Unfall 136812 (2020) Kat:3, Licht: 2","136812","3","2","5","02","19","4","1","2","0","1","0","0"
"POINT (13.339837644000056 52.505376801000068)","Unfall 136813 (2020) Kat:3, Licht: 0","136813","3","6","0","02","11","3","1","0","0","1","0","1"
"POINT (13.539538968000045 52.450817832000041)","Unfall 136814 (2020) Kat:2, Licht: 2","136814","2","4","6","02","19","5","1","2","0","1","1","0"
"POINT (13.371932297000058 52.469681170000058)","Unfall 136815 (2020) Kat:3, Licht: 2","136815","3","3","5","02","19","3","0","2","1","1","0","0"
"POINT (13.391415959000028 52.571496708000041)","Unfall 136816 (2020) Kat:3, Licht: 0","136816","3","5","1","02","11","7","0","0","0","1","0","0"
"POINT (13.270434683000076 52.450905330000069)","Unfall 136817 (2020) Kat:3, Licht: 0","136817","3","2","5","02","09","2","1","0","1","1","0","0"
"POINT (13.320315454000024 52.498058654000033)","Unfall 136818 (2020) Kat:3, Licht: 0","136818","3","3","5","02","15","2","0","0","0","1","0","0"
"POINT (13.403345560000048 52.498446996000041)","Unfall 136819 (2020) Kat:3, Licht: 0","136819","3","6","2","02","11","5","0","0","0","1","0","0"
"POINT (13.394436026000051 52.565098615000068)","Unfall 136820 (2020) Kat:3, Licht: 1","136820","3","6","2","02","18","5","1","1","0","1","0","0"
"POINT (13.379999167000051 52.444030220000059)","Unfall 136821 (2020) Kat:3, Licht: 0","136821","3","6","2","02","16","4","1","0","0","1","0","0"
"POINT (13.586416508000070 52.539401697000073)","Unfall 136822 (2020) Kat:3, Licht: 0","136822","3","3","0","02","16","3","0","0","0","1","0","0"
"POINT (13.179016051000076 52.531767238000043)","Unfall 136823 (2020) Kat:3, Licht: 2","136823","3","3","0","02","18","5","1","2","0","1","0","1"
"POINT (13.486128013000041 52.520771639000031)","Unfall 136824 (2020) Kat:2, Licht: 0","136824","2","3","5","02","14","3","0","0","1","1","0","0"
"POINT (13.572806970000045 52.550238225000044)","Unfall 136825 (2020) Kat:2, Licht: 2","136825","2","4","6","02","17","6","0","2","0","1","1","0"
"POINT (13.371381316000054 52.436608646000082)","Unfall 136826 (2020) Kat:3, Licht: 2","136826","3","2","2","02","19","2","1","2","0","1","0","0"
"POINT (13.329371416000072 52.481428752000056)","Unfall 136827 (2020) Kat:2, Licht: 0","136827","2","6","2","02","08","6","1","0","0","1","0","0"
"POINT (13.346233715000039 52.500196839000068)","Unfall 136828 (2020) Kat:3, Licht: 2","136828","3","6","2","02","21","2","1","2","0","1","0","0"
"POINT (13.569626740000047 52.441874601000052)","Unfall 136829 (2020) Kat:3, Licht: 0","136829","3","2","5","02","15","1","1","0","1","1","0","0"
"POINT (13.591367911000077 52.543980497000064)","Unfall 136830 (2020) Kat:3, Licht: 0","136830","3","4","6","02","07","5","0","0","0","1","1","0"
"POINT (13.439981892000048 52.567469359000029)","Unfall 136831 (2020) Kat:3, Licht: 0","136831","3","1","0","02","13","4","1","0","1","0","0","0"
"POINT (13.434999934000075 52.461322356000039)","Unfall 136832 (2020) Kat:3, Licht: 2","136832","3","6","2","02","18","5","1","2","0","1","0","0"
"POINT (13.407371766000040 52.581805047000046)","Unfall 136833 (2020) Kat:3, Licht: 0","136833","3","5","1","02","15","4","1","0","1","0","0","0"
"POINT (13.331342015000075 52.503791124000031)","Unfall 136834 (2020) Kat:3, Licht: 2","136834","3","2","5","02","17","1","1","2","0","1","0","0"
"POINT (13.400542117000043 52.529594629000030)","Unfall 136835 (2020) Kat:3, Licht: 0","136835","3","7","2","02","14","3","1","0","1","1","0","0"
"POINT (13.423806557000034 52.490413173000036)","Unfall 136836 (2020) Kat:3, Licht: 1","136836","3","4","6","02","16","5","0","1","0","1","1","0"
"POINT (13.400210388000062 52.490175425000075)","Unfall 136837 (2020) Kat:3, Licht: 0","136837","3","2","5","02","11","3","0","0","0","1","0","0"
"POINT (13.291285717000051 52.625729597000031)","Unfall 136838 (2020) Kat:3, Licht: 0","136838","3","3","5","02","13","6","0","0","0","1","0","0"
"POINT (13.412242147000029 52.550686089000067)","Unfall 136839 (2020) Kat:3, Licht: 0","136839","3","6","0","02","14","2","0","0","1","1","0","0"
"POINT (13.377397334000023 52.464873848000082)","Unfall 136840 (2020) Kat:3, Licht: 2","136840","3","2","6","02","22","4","1","2","0","1","1","0"
"POINT (13.449514593000060 52.537220077000029)","Unfall 136841 (2020) Kat:3, Licht: 0","136841","3","2","5","02","08","4","1","0","0","1","0","0"
"POINT (13.449568601000067 52.417670615000077)","Unfall 136842 (2020) Kat:3, Licht: 1","136842","3","3","5","02","16","5","0","1","1","1","0","0"
"POINT (13.503978294000035 52.552761046000057)","Unfall 136843 (2020) Kat:3, Licht: 0","136843","3","2","5","02","14","4","1","0","1","1","0","0"
"POINT (13.536027993000062 52.525803572000029)","Unfall 136844 (2020) Kat:1, Licht: 2","136844","1","4","6","02","22","6","1","2","0","0","1","0"
"POINT (13.342578673000048 52.463046344000077)","Unfall 136845 (2020) Kat:3, Licht: 0","136845","3","3","5","02","16","5","1","0","0","1","0","1"
"POINT (13.387605220000069 52.550002512000049)","Unfall 136846 (2020) Kat:3, Licht: 0","136846","3","3","5","02","11","4","1","0","1","0","0","0"
"POINT (13.306329586000061 52.510012845000062)","Unfall 136847 (2020) Kat:3, Licht: 0","136847","3","6","3","02","09","5","0","0","1","0","0","0"
"POINT (13.440977261000057 52.447511450000036)","Unfall 136848 (2020) Kat:3, Licht: 0","136848","3","4","6","02","07","4","1","0","0","1","1","0"
"POINT (13.271953990000043 52.479761107000058)","Unfall 136849 (2020) Kat:3, Licht: 0","136849","3","6","2","02","14","6","1","0","0","1","0","0"
"POINT (13.572307030000047 52.451167400000031)","Unfall 136850 (2020) Kat:2, Licht: 0","136850","2","4","6","02","09","1","1","0","0","1","1","0"
"POINT (13.184396128000060 52.545823835000078)","Unfall 136851 (2020) Kat:3, Licht: 0","136851","3","6","2","02","12","3","0","0","0","1","0","0"