WKT,Name,OBJECTID,UKATEGORIE,UTYP1,UART,UMONAT,USTUNDE,UWOCHENTAG,STRZUSTAND,ULICHTVERH,ISTRAD,ISTPKW,ISTFUSS,ISTKRAD
"POINT (13.330233843000030 52.587431718000062)","Unfall 136852 (2020) Kat:3, Licht: 0","136852","3","6","2","02","11","2","0","0","0","1","0","0"
"POINT (13.157934746000024 52.561458099000049)","Unfall 136853 (2020) Kat:3, Licht: 0","136853","3","5","5","02","09","6","1","0","0","1","0","1"
"POINT (13.478973050000036 52.443042305000063)","Unfall 136854 (2020) Kat:3, Licht: 2","136854","3","6","2","02","22","1","0","2","0","1","0","0"
"POINT (13.411785962000067 52.528146003000074)","Unfall 136855 (2020) Kat:3, Licht: 1","136855","3","3","5","02","16","7","0","1","1","1","0","0"
"POINT (13.565635345000032 52.570434294000052)","Unfall 136856 (2020) Kat:3, Licht: 2","136856","3","2","5","02","19","4","1","2","0","1","0","0"
"POINT (13.350186500000063 52.513702696000053)","Unfall 136857 (2020) Kat:3, Licht: 0","136857","3","1","8","02","07","4","1","0","0","1","0","0"
"POINT (13.379317271000048 52.507034704000034)","Unfall 136858 (2020) Kat:3, Licht: 0","136858","3","3","5","02","15","5","0","0","1","1","0","0"
"POINT (13.401758554000025 52.506126357000028)","Unfall 136859 (2020) Kat:3, Licht: 0","136859","3","2","2","02","08","4","1","0","0","1","0","1"
"POINT (13.406670020000035 52.494676679000065)","Unfall 136860 (2020) Kat:3, Licht: 2","136860","3","4","6","02","23","6","1","2","0","1","1","0"
"POINT (13.372051490000047 52.527280947000065)","Unfall 136861 (2020) Kat:3, Licht: 0","136861","3","5","1","02","15","7","0","0","1","1","0","0"
"POINT (13.315152765000050 52.514678413000070)","Unfall 136862 (2020) Kat:3, Licht: 2","136862","3","3","5","02","21","2","1","2","0","1","0","0"
"POINT (13.563908617000038 52.438062685000034)","Unfall 136863 (2020) Kat:3, Licht: 0","136863","3","6","2","02","15","7","0","0","0","1","0","0"
"POINT (13.499759979000032 52.534127206000051)","Unfall 136864 (2020) Kat:3, Licht: 0","136864","3","2","0","02","16","2","0","0","0","1","0","0"
"POINT (13.305668018000063 52.547936951000054)","Unfall 136865 (2020) Kat:2, Licht: 0","136865","2","7","2","02","13","5","1","0","0","1","0","0"
"POINT (13.402406840000026 52.528339625000058)","Unfall 136866 (2020) Kat:3, Licht: 2","136866","3","5","0","02","19","7","1","2","1","1","0","0"
"POINT (13.413604564000025 52.488401008000039)","Unfall 136867 (2020) Kat:3, Licht: 0","136867","3","3","5","02","09","3","1","0","1","1","0","0"
"POINT (13.458528117000071 52.513504076000061)","Unfall 136868 (2020) Kat:3, Licht: 2","136868","3","5","1","02","20","7","0","2","1","1","0","0"
"POINT (13.315421455000035 52.576527200000044)","Unfall 136869 (2020) Kat:3, Licht: 2","136869","3","6","2","02","05","2","0","2","0","1","0","0"
"POINT (13.520393002000048 52.460999054000069)","Unfall 136870 (2020) Kat:3, Licht: 0","136870","3","5","0","02","16","5","0","0","1","1","0","0"
"POINT (13.511003064000022 52.504080436000038)","Unfall 136871 (2020) Kat:3, Licht: 0","136871","3","6","6","02","15","5","0","0","1","0","1","0"
"POINT (13.204175147000058 52.540519521000078)","Unfall 136872 (2020) Kat:3, Licht: 0","136872","3","2","5","02","14","5","0","0","0","1","0","0"
"POINT (13.350652974000070 52.515157706000082)","Unfall 136873 (2020) Kat:3, Licht: 2","136873","3","3","5","02","18","4","1","2","0","1","0","1"
"POINT (13.567753697000057 52.440648855000063)","Unfall 136874 (2020) Kat:3, Licht: 0","136874","3","6","2","02","07","3","1","0","0","1","0","0"
"POINT (13.289334324000038 52.636294890000045)","Unfall 136875 (2020) Kat:3, Licht: 0","136875","3","3","5","02","12","5","0","0","1","1","0","0"
"POINT (13.398602535000066 52.554629332000047)","Unfall 136876 (2020) Kat:2, Licht: 0","136876","2","6","6","02","11","3","0","0","1","0","1","0"
"POINT (13.331071491000046 52.495148725000035)","Unfall 136877 (2020) Kat:3, Licht: 2","136877","3","1","9","02","03","7","0","2","0","1","0","0"
"POINT (13.311031863000039 52.495746804000078)","Unfall 136878 (2020) Kat:2, Licht: 0","136878","2","4","6","02","09","2","0","0","0","1","1","0"
"POINT (13.574730627000065 52.445985629000063)","Unfall 136879 (2020) Kat:3, Licht: 2","136879","3","7","2","02","18","7","0","2","1","1","0","0"
"POINT (13.233849133000035 52.438630343000057)","Unfall 136880 (2020) Kat:3, Licht: 0","136880","3","3","5","02","15","2","0","0","0","1","0","1"
"POINT (13.357252902000027 52.422976575000064)","Unfall 136881 (2020) Kat:3, Licht: 0","136881","3","2","5","02","08","5","0","0","1","1","0","0"
"POINT (13.427332593000074 52.519622984000080)","Unfall 136882 (2020) Kat:3, Licht: 0","136882","3","5","1","02","14","4","1","0","1","0","0","0"
"POINT (13.440611954000076 52.517024942000035)","Unfall 136883 (2020) Kat:3, Licht: 0","136883","3","2","5","02","12","5","0","0","1","1","0","0"
"POINT (13.249710637000021 52.553454318000036)","Unfall 136884 (2020) Kat:3, Licht: 1","136884","3","6","2","02","15","4","1","1","0","1","0","0"
"POINT (13.458771160000026 52.506440520000069)","Unfall 136885 (2020) Kat:3, Licht: 0","136885","3","2","5","02","09","5","0","0","1","0","0","0"
"POINT (13.399044043000060 52.532645717000037)","Unfall 136886 (2020) Kat:3, Licht: 2","136886","3","2","5","02","18","4","1","2","1","1","0","0"
"POINT (13.322537251000028 52.511799703000065)","Unfall 136887 (2020) Kat:3, Licht: 0","136887","3","6","2","02","17","3","0","0","0","1","0","0"
"POINT (13.356984746000023 52.559961760000078)","Unfall 136888 (2020) Kat:2, Licht: 0","136888","2","3","5","02","09","5","0","0","1","1","0","0"
"POINT (13.321669628000052 52.501864862000048)","Unfall 136889 (2020) Kat:3, Licht: 2","136889","3","2","5","02","17","3","1","2","0","0","0","0"
"POINT (13.312926745000027 52.480334310000046)","Unfall 136890 (2020) Kat:3, Licht: 2","136890","3","2","5","02","23","6","0","2","0","1","0","0"
"POINT (13.422959463000041 52.509288479000077)","Unfall 136891 (2020) Kat:3, Licht: 2","136891","3","5","1","02","20","2","1","2","1","1","0","0"
"POINT (13.299641025000028 52.494693217000076)","Unfall 136892 (2020) Kat:3, Licht: 0","136892","3","3","5","02","16","7","0","0","0","1","0","1"
"POINT (13.433402142000034 52.558318900000074)","Unfall 136893 (2020) Kat:3, Licht: 2","136893","3","1","1","02","02","1","0","2","0","1","0","0"
"POINT (13.317720340000051 52.507328673000075)","Unfall 136894 (2020) Kat:3, Licht: 0","136894","3","4","6","02","07","5","0","0","1","0","1","0"
"POINT (13.386827943000071 52.527123013000050)","Unfall 136895 (2020) Kat:3, Licht: 2","136895","3","2","5","02","22","4","1","2","0","1","0","1"
"POINT (13.557947961000025 52.529647277000038)","Unfall 136896 (2020) Kat:3, Licht: 0","136896","3","3","5","02","09","5","0","0","0","1","0","0"
"POINT (13.356370221000077 52.552486154000064)","Unfall 136897 (2020) Kat:2, Licht: 0","136897","2","2","5","02","14","4","0","0","1","0","0","0"
"POINT (13.385931659000050 52.558327669000050)","Unfall 136898 (2020) Kat:2, Licht: 2","136898","2","4","6","02","23","6","0","2","0","1","1","0"
"POINT (13.451902843000028 52.552085114000079)","Unfall 136899 (2020) Kat:3, Licht: 0","136899","3","5","1","02","15","1","1","0","0","1","0","0"
"POINT (13.611721778000060 52.514173742000082)","Unfall 136900 (2020) Kat:3, Licht: 0","136900","3","3","5","02","13","3","1","0","0","1","0","0"
"POINT (13.365731746000051 52.584180344000060)","Unfall 136901 (2020) Kat:3, Licht: 0","136901","3","3","5","02","08","5","0","0","1","1","0","0"
"POINT (13.231572064000034 52.527731921000054)","Unfall 136902 (2020) Kat:3, Licht: 0","136902","3","6","2","02","14","2","0","0","0","1","0","0"
"POINT (13.478857062000031 52.477649639000049)","Unfall 136903 (2020) Kat:3, Licht: 0","136903","3","7","0","02","07","6","1","0","1","1","0","1"
"POINT (13.487799138000071 52.466177589000040)","Unfall 136904 (2020) Kat:3, Licht: 0","136904","3","7","6","02","14","2","0","0","1","0","1","0"
"POINT (13.381993469000065 52.507198992000042)","Unfall 136905 (2020) Kat:3, Licht: 2","136905","3","5","1","02","20","1","1","2","0","1","0","0"
"POINT (13.429365872000062 52.521111320000045)","Unfall 136906 (2020) Kat:2, Licht: 0","136906","2","4","6","02","16","3","0","0","0","1","1","0"
"POINT (13.277278126000056 52.433903976000067)","Unfall 136907 (2020) Kat:3, Licht: 0","136907","3","2","5","02","08","5","0","0","1","1","0","0"
"POINT (13.414393771000050 52.583107729000062)","Unfall 136908 (2020) Kat:3, Licht: 0","136908","3","3","5","02","12","3","1","0","1","1","0","0"
"POINT (13.416508717000056 52.487817672000062)","Unfall 136909 (2020) Kat:3, Licht: 0","136909","3","6","2","02","15","6","0","0","0","1","0","0"
"POINT (13.447543941000049 52.476082324000060)","Unfall 136910 (2020) Kat:3, Licht: 2","136910","3","3","5","02","18","2","1","2","0","1","0","0"
"POINT (13.422088712000061 52.505110403000060)","Unfall 136911 (2020) Kat:3, Licht: 0","136911","3","2","0","02","14","5","1","0","1","1","0","0"
"POINT (13.206496900000047 52.534816119000027)","Unfall 136912 (2020) Kat:2, Licht: 0","136912","2","1","8","02","11","4","1","0","0","0","0","1"
"POINT (13.352060648000077 52.566062791000036)","Unfall 136913 (2020) Kat:3, Licht: 0","136913","3","1","1","02","07","5","0","0","0","1","0","0"
"POINT (13.315114781000034 52.490891469000076)","Unfall 136914 (2020) Kat:3, Licht: 2","136914","3","3","5","02","05","4","0","2","1","1","0","0"
"POINT (13.444764658000054 52.553320070000041)","Unfall 136915 (2020) Kat:3, Licht: 2","136915","3","3","0","02","21","6","1","2","0","1","0","1"
"POINT (13.317190601000050 52.430777255000066)","Unfall 136916 (2020) Kat:3, Licht: 0","136916","3","6","2","02","09","1","1","0","0","1","0","0"
"POINT (13.459954987000060 52.508923339000035)","Unfall 136917 (2020) Kat:3, Licht: 0","136917","3","2","6","02","11","3","1","0","0","0","1","0"
"POINT (13.569288779000033 52.443040674000031)","Unfall 136918 (2020) Kat:3, Licht: 0","136918","3","7","2","02","15","7","0","0","1","1","0","0"
"POINT (13.257602755000050 52.431232390000048)","Unfall 136919 (2020) Kat:3, Licht: 0","136919","3","3","5","02","09","2","0","0","1","1","0","0"
"POINT (13.406844854000042 52.518259652000040)","Unfall 136920 (2020) Kat:3, Licht: 0","136920","3","7","1","02","07","6","1","0","1","1","0","0"
"POINT (13.386337827000034 52.512804207000045)","Unfall 136921 (2020) Kat:3, Licht: 0","136921","3","3","5","02","13","7","0","0","0","1","0","0"
"POINT (13.360504844000047 52.596998786000029)","Unfall 136922 (2020) Kat:2, Licht: 2","136922","2","2","6","02","19","4","1","2","0","1","1","0"
"POINT (13.300977943000078 52.602398112000060)","Unfall 136923 (2020) Kat:2, Licht: 2","136923","2","4","6","02","21","4","1","2","1","0","1","0"
"POINT (13.499648952000030 52.536735034000060)","Unfall 136924 (2020) Kat:3, Licht: 0","136924","3","2","5","02","08","4","1","0","1","1","0","0"
"POINT (13.506648996000024 52.563691989000063)","Unfall 136925 (2020) Kat:3, Licht: 0","136925","3","7","6","02","15","5","0","0","1","0","1","0"
"POINT (13.305416526000045 52.547943673000077)","Unfall 136926 (2020) Kat:3, Licht: 0","136926","3","6","2","02","13","4","1","0","0","1","0","0"
"POINT (13.354855052000062 52.551743061000082)","Unfall 136927 (2020) Kat:3, Licht: 2","136927","3","2","5","02","20","6","0","2","0","1","0","0"
"POINT (13.333527411000034 52.526980741000045)","Unfall 136928 (2020) Kat:3, Licht: 2","136928","3","6","0","02","18","7","1","2","1","1","0","0"
"POINT (13.209727800000053 52.538374964000070)","Unfall 136929 (2020) Kat:3, Licht: 0","136929","3","6","2","02","08","3","1","0","0","1","0","0"
"POINT (13.389478608000047 52.496085245000074)","Unfall 136930 (2020) Kat:3, Licht: 2","136930","3","6","2","02","19","2","0","2","0","1","0","0"
"POINT (13.391053634000059 52.544773654000039)","Unfall 136931 (2020) Kat:3, Licht: 0","136931","3","6","3","02","14","5","1","0","0","1","0","0"
"POINT (13.335669458000041 52.433316820000073)","Unfall 136932 (2020) Kat:3, Licht: 0","136932","3","3","5","02","12","4","0","0","0","1","0","0"
"POINT (13.448742501000027 52.485141491000036)","Unfall 136933 (2020) Kat:2, Licht: 2","136933","2","4","6","02","18","4","0","2","0","1","1","0"
"POINT (13.380162758000040 52.443695394000031)","Unfall 136934 (2020) Kat:3, Licht: 2","136934","3","5","1","02","18","4","0","2","1","1","0","0"
"POINT (13.430585895000036 52.506344096000078)","Unfall 136935 (2020) Kat:2, Licht: 1","136935","2","7","5","02","20","3","0","1","0","1","0","1"
"POINT (13.380402095000022 52.518293012000072)","Unfall 136936 (2020) Kat:3, Licht: 0","136936","3","2","5","02","16","4","0","0","1","0","0","0"
"POINT (13.593358475000059 52.451353568000059)","Unfall 136937 (2020) Kat:3, Licht: 0","136937","3","6","4","02","07","3","0","0","1","0","0","0"
"POINT (13.301300668000067 52.507961311000031)","Unfall 136938 (2020) Kat:3, Licht: 0","136938","3","3","5","02","09","6","0","0","1","1","0","0"
"POINT (13.487574523000035 52.413153674000057)","Unfall 136939 (2020) Kat:3, Licht: 2","136939","3","5","1","02","00","2","0","2","0","1","0","0"
"POINT (13.150558978000049 52.418422984000074)","Unfall 136940 (2020) Kat:3, Licht: 0","136940","3","3","5","02","13","7","0","0","1","1","0","0"
"POINT (13.287687805000076 52.496076454000047)","Unfall 136941 (2020) Kat:3, Licht: 0","136941","3","2","5","02","14","2","0","0","0","1","0","0"
"POINT (13.403656587000057 52.526042707000045)","Unfall 136942 (2020) Kat:3, Licht: 2","136942","3","2","5","02","00","4","1","2","1","0","0","0"
"POINT (13.499526929000069 52.545242507000069)","Unfall 136943 (2020) Kat:3, Licht: 0","136943","3","4","6","02","16","4","0","0","0","1","1","0"
"POINT (13.366348166000023 52.495267129000069)","Unfall 136944 (2020) Kat:3, Licht: 2","136944","3","3","5","02","22","4","1","2","0","1","0","0"
"POINT (13.354116371000032 52.541615868000065)","Unfall 136945 (2020) Kat:3, Licht: 0","136945","3","2","5","02","11","7","0","0","1","1","0","0"
"POINT (13.436928659000046 52.423375171000032)","Unfall 136946 (2020) Kat:3, Licht: 0","136946","3","3","5","02","10","2","1","0","0","1","0","0"
"POINT (13.428824954000049 52.578982057000076)","Unfall 136947 (2020) Kat:3, Licht: 0","136947","3","2","5","02","15","2","0","0","1","1","0","0"
"POINT (13.393354354000053 52.537376069000061)","Unfall 136948 (2020) Kat:3, Licht: 0","136948","3","1","0","02","11","5","0","0","0","0","0","1"
"POINT (13.376538865000043 52.454229788000077)","Unfall 136949 (2020) Kat:3, Licht: 0","136949","3","6","2","02","16","4","0","0","0","1","0","0"
"POINT (13.429402220000043 52.556437147000054)","Unfall 136950 (2020) Kat:3, Licht: 2","136950","3","2","6","02","17","4","1","2","0","1","1","0"
"POINT (13.220202745000051 52.560178256000029)","Unfall 136951 (2020) Kat:2, Licht: 0","136951","2","6","2","02","16","3","0","0","0","1","0","1"
"POINT (13.446936551000022 52.427080622000062)","Unfall 136952 (2020) Kat:3, Licht: 0","136952","3","2","5","02","14","4","0","0","0","1","0","0"
"POINT (13.356393027000024 52.550928910000039)","Unfall 136953 (2020) Kat:3, Licht: 0","136953","3","2","5","02","15","3","1","0","1","1","0","0"
"POINT (13.422326805000068 52.535514520000049)","Unfall 136954 (2020) Kat:3, Licht: 2","136954","3","2","6","02","20","6","0","2","0","1","1","0"
"POINT (13.306796596000027 52.428927828000042)","Unfall 136955 (2020) Kat:3, Licht: 2","136955","3","2","6","02","19","2","1","2","0","1","1","0"
"POINT (13.424649979000037 52.484166203000029)","Unfall 136956 (2020) Kat:2, Licht: 2","136956","2","4","6","02","18","5","1","2","0","1","1","0"
"POINT (13.321741626000062 52.560493105000035)","Unfall 136957 (2020) Kat:3, Licht: 2","136957","3","3","5","02","18","4","1","2","0","1","0","0"
"POINT (13.582929147000073 52.462281974000064)","Unfall 136958 (2020) Kat:3, Licht: 0","136958","3","3","5","02","11","4","0","0","1","1","0","0"
"POINT (13.396765958000060 52.515167532000078)","Unfall 136959 (2020) Kat:3, Licht: 0","136959","3","3","5","02","08","5","0","0","1","1","0","0"
"POINT (13.285088981000058 52.512863596000045)","Unfall 136960 (2020) Kat:2, Licht: 0","136960","2","5","1","02","13","4","0","0","0","1","0","0"
"POINT (13.424377171000060 52.486165325000059)","Unfall 136961 (2020) Kat:3, Licht: 0","136961","3","2","0","02","09","4","0","0","1","1","1","0"
"POINT (13.373520599000074 52.537889647000043)","Unfall 136962 (2020) Kat:3, Licht: 0","136962","3","6","3","02","16","4","0","0","0","1","0","0"
"POINT (13.371785997000075 52.469982837000032)","Unfall 136963 (2020) Kat:3, Licht: 2","136963","3","6","2","02","19","1","1","2","0","1","0","0"
"POINT (13.314095743000053 52.518120289000080)","Unfall 136964 (2020) Kat:3, Licht: 0","136964","3","3","5","02","15","3","0","0","1","1","0","0"
"POINT (13.154184803000021 52.595764006000081)","Unfall 136965 (2020) Kat:2, Licht: 0","136965","2","6","4","02","09","4","0","0","0","1","0","0"
"POINT (13.437221706000059 52.552701619000061)","Unfall 136966 (2020) Kat:3, Licht: 0","136966","3","3","5","02","11","3","1","0","0","1","0","0"
"POINT (13.316544560000068 52.578950973000076)","Unfall 136967 (2020) Kat:3, Licht: 0","136967","3","1","0","02","13","6","0","0","0","0","0","1"
"POINT (13.198173001000043 52.533038745000056)","Unfall 136968 (2020) Kat:3, Licht: 2","136968","3","2","6","02","18","2","1","2","0","1","1","0"
"POINT (13.496475819000068 52.503488742000059)","Unfall 136969 (2020) Kat:3, Licht: 0","136969","3","3","5","02","13","7","0","0","0","1","0","0"
"POINT (13.591336107000075 52.506513307000034)","Unfall 136970 (2020) Kat:3, Licht: 2","136970","3","2","6","02","21","4","1","2","0","0","1","0"
"POINT (13.487838506000060 52.533814872000050)","Unfall 136971 (2020) Kat:3, Licht: 0","136971","3","4","6","02","09","4","1","0","0","1","1","0"
"POINT (13.377413078000075 52.571310929000049)","Unfall 136972 (2020) Kat:3, Licht: 0","136972","3","3","5","02","09","4","0","0","0","1","0","0"
"POINT (13.432994192000024 52.470217611000066)","Unfall 136973 (2020) Kat:2, Licht: 0","136973","2","4","6","02","14","4","1","0","0","1","1","0"
"POINT (13.301775443000054 52.569310385000051)","Unfall 136974 (2020) Kat:3, Licht: 2","136974","3","1","9","02","19","6","0","2","0","1","0","0"
"POINT (13.410143106000021 52.522581701000036)","Unfall 136975 (2020) Kat:3, Licht: 2","136975","3","2","2","02","19","7","1","2","0","1","0","0"
"POINT (13.380549530000053 52.489710980000041)","Unfall 136976 (2020) Kat:3, Licht: 0","136976","3","5","1","02","09","3","1","0","1","1","0","0"
"POINT (13.427756706000025 52.560587433000080)","Unfall 136977 (2020) Kat:3, Licht: 0","136977","3","2","2","02","07","2","0","0","0","1","0","0"
"POINT (13.416509612000027 52.582176791000052)","Unfall 136978 (2020) Kat:3, Licht: 0","136978","3","5","1","02","07","4","1","0","1","1","0","0"
"POINT (13.542254421000052 52.542630444000054)","Unfall 136979 (2020) Kat:3, Licht: 1","136979","3","7","6","02","17","6","1","1","0","1","1","0"
"POINT (13.536386231000051 52.432874311000035)","Unfall 136980 (2020) Kat:3, Licht: 0","136980","3","2","5","02","10","1","1","0","0","1","0","0"
"POINT (13.296443519000036 52.529252454000073)","Unfall 136981 (2020) Kat:3, Licht: 0","136981","3","3","5","02","12","3","1","0","1","1","0","0"
"POINT (13.331232864000071 52.485930651000047)","Unfall 136982 (2020) Kat:2, Licht: 0","136982","2","4","6","02","11","2","0","0","1","0","1","0"
"POINT (13.409957337000037 52.524005667000040)","Unfall 136983 (2020) Kat:3, Licht: 0","136983","3","7","5","02","09","6","0","0","1","0","0","0"
"POINT (13.329384599000036 52.527263631000039)","Unfall 136984 (2020) Kat:3, Licht: 2","136984","3","6","2","02","23","1","1","2","0","1","0","0"
"POINT (13.424418078000031 52.513556493000067)","Unfall 136985 (2020) Kat:3, Licht: 2","136985","3","2","6","02","18","4","1","2","0","1","1","0"
"POINT (13.322518659000025 52.468797405000032)","Unfall 136986 (2020) Kat:3, Licht: 0","136986","3","7","1","02","07","4","1","0","0","1","1","0"
"POINT (13.588359246000039 52.519166939000058)","Unfall 136987 (2020) Kat:3, Licht: 0","136987","3","3","5","02","08","4","0","0","1","1","0","0"
"POINT (13.509020910000061 52.564598444000069)","Unfall 136988 (2020) Kat:3, Licht: 0","136988","3","2","5","02","11","4","1","0","1","1","0","0"
"POINT (13.223011014000065 52.584712856000067)","Unfall 136989 (2020) Kat:3, Licht: 0","136989","3","7","0","02","16","6","0","0","0","1","0","0"
"POINT (13.276878927000041 52.639603564000026)","Unfall 136990 (2020) Kat:3, Licht: 0","136990","3","6","3","02","16","7","0","0","1","0","0","0"
"POINT (13.338935818000039 52.444388403000062)","Unfall 136991 (2020) Kat:3, Licht: 0","136991","3","7","0","02","06","2","1","0","0","0","0","1"
"POINT (13.377452302000052 52.571195413000055)","Unfall 136992 (2020) Kat:2, Licht: 2","136992","2","4","6","02","18","2","0","2","0","1","1","0"
"POINT (13.272038252000073 52.508893875000069)","Unfall 136993 (2020) Kat:3, Licht: 0","136993","3","6","2","02","14","5","1","0","0","1","0","0"
"POINT (13.389584222000053 52.496067414000038)","Unfall 136994 (2020) Kat:3, Licht: 0","136994","3","2","5","02","08","4","1","0","1","1","0","0"
"POINT (13.276273438000032 52.433347834000074)","Unfall 136995 (2020) Kat:3, Licht: 2","136995","3","4","6","02","18","4","1","2","0","1","1","0"
"POINT (13.217257451000023 52.537757779000060)","Unfall 136996 (2020) Kat:3, Licht: 2","136996","3","2","5","02","05","6","1","2","0","1","0","0"
"POINT (13.481233879000058 52.538642667000033)","Unfall 136997 (2020) Kat:3, Licht: 0","136997","3","3","0","02","07","4","0","0","0","0","0","0"
"POINT (13.525280131000045 52.482187693000071)","Unfall 136998 (2020) Kat:3, Licht: 2","136998","3","3","5","02","20","4","0","2","1","1","0","0"
"POINT (13.344872434000024 52.539137033000031)","Unfall 136999 (2020) Kat:3, Licht: 2","136999","3","4","6","02","18","4","1","2","0","1","1","0"
"POINT (13.578293924000036 52.459204993000071)","Unfall 137000 (2020) Kat:2, Licht: 2","137000","2","3","5","02","05","3","1","2","1","1","0","0"
"POINT (13.336273518000041 52.525006919000077)","Unfall 137001 (2020) Kat:3, Licht: 2","137001","3","2","5","02","20","4","0","2","1","1","0","0"
"POINT (13.569655799000031 52.442105159000050)","Unfall 137002 (2020) Kat:3, Licht: 2","137002","3","6","4","02","18","3","0","2","1","0","0","0"
"POINT (13.398512145000041 52.496431542000039)","Unfall 137003 (2020) Kat:3, Licht: 0","137003","3","3","5","02","10","7","0","0","1","1","0","0"
"POINT (13.380567632000066 52.456029178000051)","Unfall 137004 (2020) Kat:2, Licht: 0","137004","2","5","0","02","09","2","0","0","0","0","0","0"
"POINT (13.287209992000044 52.495841159000065)","Unfall 137005 (2020) Kat:3, Licht: 0","137005","3","2","5","02","15","2","0","0","1","1","0","0"
"POINT (13.412260514000025 52.510809221000045)","Unfall 137006 (2020) Kat:3, Licht: 0","137006","3","3","5","02","08","5","0","0","1","0","0","0"
"POINT (13.244958963000045 52.614428411000063)","Unfall 137007 (2020) Kat:3, Licht: 2","137007","3","2","5","02","19","4","0","2","0","1","0","0"
"POINT (13.205574462000072 52.541823237000074)","Unfall 137008 (2020) Kat:2, Licht: 0","137008","2","3","5","02","15","4","1","0","1","1","0","0"
"POINT (13.432439170000066 52.509287505000032)","Unfall 137009 (2020) Kat:3, Licht: 0","137009","3","6","2","02","16","3","0","0","0","1","0","1"
"POINT (13.391754343000059 52.552494204000027)","Unfall 137010 (2020) Kat:3, Licht: 2","137010","3","3","5","02","19","4","0","2","1","1","0","0"
"POINT (13.457803983000076 52.512795824000079)","Unfall 137011 (2020) Kat:3, Licht: 0","137011","3","1","0","02","12","3","1","0","0","0","0","1"
"POINT (13.315114767000068 52.490891488000045)","Unfall 137012 (2020) Kat:3, Licht: 1","137012","3","3","5","02","17","3","0","1","1","1","0","0"
"POINT (13.619933361000051 52.539535771000033)","Unfall 137013 (2020) Kat:3, Licht: 2","137013","3","3","5","02","05","4","0","2","1","1","0","0"
"POINT (13.448197224000069 52.511286255000073)","Unfall 137014 (2020) Kat:3, Licht: 2","137014","3","1","0","02","01","3","1","2","0","0","0","0"
"POINT (13.597689889000037 52.524373242000081)","Unfall 137015 (2020) Kat:3, Licht: 2","137015","3","3","5","02","22","6","0","2","0","1","0","0"
"POINT (13.280445343000054 52.518335245000060)","Unfall 137016 (2020) Kat:2, Licht: 2","137016","2","2","6","02","21","2","1","2","0","1","1","0"
"POINT (13.218334869000046 52.557650683000077)","Unfall 137017 (2020) Kat:3, Licht: 0","137017","3","4","6","02","12","1","1","0","0","1","1","0"
"POINT (13.485791690000042 52.621147127000029)","Unfall 137018 (2020) Kat:3, Licht: 1","137018","3","3","5","02","07","5","1","1","1","1","0","0"
"POINT (13.570547040000065 52.542864718000033)","Unfall 137019 (2020) Kat:3, Licht: 0","137019","3","4","6","02","13","4","1","0","0","1","1","0"
"POINT (13.374958383000035 52.436179771000070)","Unfall 137020 (2020) Kat:3, Licht: 2","137020","3","6","2","02","18","3","1","2","0","1","0","0"
"POINT (13.354206602000033 52.502017332000037)","Unfall 137021 (2020) Kat:3, Licht: 0","137021","3","5","1","02","15","4","1","0","1","1","0","0"
"POINT (13.576740006000023 52.445699076000039)","Unfall 137022 (2020) Kat:3, Licht: 0","137022","3","2","6","02","15","1","1","0","0","1","1","0"
"POINT (13.287100024000040 52.590574689000050)","Unfall 137023 (2020) Kat:3, Licht: 0","137023","3","4","6","02","14","3","0","0","0","0","1","0"
"POINT (13.415638640000054 52.544118047000040)","Unfall 137024 (2020) Kat:3, Licht: 1","137024","3","1","0","02","20","3","1","1","1","0","0","0"
"POINT (13.484016368000027 52.463239550000026)","Unfall 137025 (2020) Kat:3, Licht: 0","137025","3","3","5","02","10","3","0","0","1","1","0","0"
"POINT (13.388655521000032 52.484359133000055)","Unfall 137026 (2020) Kat:3, Licht: 0","137026","3","7","1","02","11","6","0","0","0","1","0","0"
"POINT (13.583255232000056 52.549298728000053)","Unfall 137027 (2020) Kat:2, Licht: 0","137027","2","2","5","02","14","2","0","0","1","1","0","0"
"POINT (13.425529783000059 52.479336336000074)","Unfall 137028 (2020) Kat:2, Licht: 2","137028","2","4","6","02","23","4","1","2","1","0","1","0"
"POINT (13.231087211000045 52.610523788000080)","Unfall 137029 (2020) Kat:3, Licht: 0","137029","3","2","2","02","16","6","0","0","0","1","0","1"
"POINT (13.591462434000050 52.542619156000058)","Unfall 137030 (2020) Kat:3, Licht: 2","137030","3","4","6","02","18","2","1","2","0","0","1","1"
"POINT (13.266110100000049 52.431204387000037)","Unfall 137031 (2020) Kat:3, Licht: 0","137031","3","6","2","02","16","5","1","0","0","1","0","0"
"POINT (13.185076919000039 52.549405144000048)","Unfall 137032 (2020) Kat:3, Licht: 0","137032","3","3","5","02","11","4","1","0","0","1","0","0"
"POINT (13.405024492000052 52.498316545000080)","Unfall 137033 (2020) Kat:3, Licht: 2","137033","3","6","3","02","19","3","0","2","1","1","0","0"
"POINT (13.347237961000076 52.426949527000033)","Unfall 137034 (2020) Kat:3, Licht: 0","137034","3","2","5","02","07","4","1","0","1","1","0","0"
"POINT (13.281968472000074 52.509656001000053)","Unfall 137035 (2020) Kat:3, Licht: 0","137035","3","6","2","02","16","6","1","0","0","1","0","0"
"POINT (13.393153100000063 52.550442760000067)","Unfall 137036 (2020) Kat:3, Licht: 2","137036","3","3","5","02","02","1","0","2","0","1","0","0"
"POINT (13.200477036000052 52.536945423000077)","Unfall 137037 (2020) Kat:2, Licht: 0","137037","2","4","6","02","11","3","1","0","0","1","1","0"