WKT,Name,OBJECTID,UKATEGORIE,UTYP1,UART,UMONAT,USTUNDE,UWOCHENTAG,STRZUSTAND,ULICHTVERH,ISTRAD,ISTPKW,ISTFUSS,ISTKRAD
"POINT (13.320327620000057 52.486412373000064)","Unfall 137038 (2020) Kat:3, Licht: 0","137038","3","7","5","02","12","7","0","0","0","1","0","1"
"POINT (13.479111151000041 52.502886457000045)","Unfall 137039 (2020) Kat:3, Licht: 0","137039","3","4","0","02","10","2","0","0","0","0","1","1"
"POINT (13.616139688000032 52.518841757000075)","Unfall 137040 (2020) Kat:2, Licht: 0","137040","2","2","2","02","08","6","1","0","0","1","0","1"
"POINT (13.485388872000044 52.464197077000051)","Unfall 137041 (2020) Kat:3, Licht: 0","137041","3","7","5","02","10","7","0","0","0","1","0","0"
"POINT (13.436431911000057 52.466890886000044)","Unfall 137042 (2020) Kat:3, Licht: 2","137042","3","3","5","02","19","4","1","2","0","1","0","0"
"POINT (13.369539922000058 52.456612870000072)","Unfall 137043 (2020) Kat:3, Licht: 0","137043","3","3","5","02","07","4","0","0","0","1","0","0"
"POINT (13.293965357000047 52.534684992000052)","Unfall 137044 (2020) Kat:3, Licht: 0","137044","3","2","5","02","15","3","0","0","0","1","0","0"
"POINT (13.530432695000059 52.486677636000081)","Unfall 137045 (2020) Kat:3, Licht: 2","137045","3","3","5","02","00","4","0","2","0","1","0","0"
"POINT (13.189331140000036 52.536981835000063)","Unfall 137046 (2020) Kat:3, Licht: 0","137046","3","6","2","02","13","7","0","0","0","1","0","0"
"POINT (13.492972794000025 52.631940692000057)","Unfall 137047 (2020) Kat:3, Licht: 0","137047","3","2","2","03","09","5","0","0","1","1","0","0"
"POINT (13.317529543000035 52.430475443000034)","Unfall 137048 (2020) Kat:3, Licht: 0","137048","3","6","2","03","14","3","1","0","0","1","0","0"
"POINT (13.562240645000031 52.437241198000038)","Unfall 137049 (2020) Kat:3, Licht: 0","137049","3","2","5","03","16","5","0","0","0","1","0","0"
"POINT (13.440909548000036 52.556311637000078)","Unfall 137050 (2020) Kat:3, Licht: 0","137050","3","1","0","03","14","3","0","0","1","0","0","0"
"POINT (13.493591094000067 52.541295139000056)","Unfall 137051 (2020) Kat:3, Licht: 0","137051","3","3","5","03","08","2","1","0","0","1","0","0"
"POINT (13.412230102000024 52.498821829000065)","Unfall 137052 (2020) Kat:3, Licht: 0","137052","3","2","5","03","13","3","0","0","1","1","0","0"
"POINT (13.591621434000047 52.544936612000072)","Unfall 137053 (2020) Kat:3, Licht: 0","137053","3","2","5","03","13","3","0","0","0","1","0","0"
"POINT (13.400190528000053 52.509513275000074)","Unfall 137054 (2020) Kat:3, Licht: 0","137054","3","3","0","03","08","5","0","0","0","1","0","1"
"POINT (13.274246464000043 52.458821634000060)","Unfall 137055 (2020) Kat:3, Licht: 2","137055","3","2","6","03","18","6","1","2","0","1","1","0"
"POINT (13.331001415000060 52.503670635000049)","Unfall 137056 (2020) Kat:2, Licht: 2","137056","2","1","0","03","01","5","0","2","0","0","0","0"
"POINT (13.417752677000067 52.572412951000047)","Unfall 137057 (2020) Kat:3, Licht: 0","137057","3","6","3","03","13","3","0","0","0","1","0","0"
"POINT (13.403129979000028 52.528893134000043)","Unfall 137058 (2020) Kat:3, Licht: 0","137058","3","3","5","03","13","4","0","0","1","1","0","0"
"POINT (13.264096495000047 52.508751330000052)","Unfall 137059 (2020) Kat:3, Licht: 0","137059","3","7","5","03","13","3","1","0","0","1","0","0"
"POINT (13.446668324000029 52.478377216000069)","Unfall 137060 (2020) Kat:2, Licht: 0","137060","2","6","3","03","13","2","0","0","1","1","0","1"
"POINT (13.629008980000037 52.423959792000062)","Unfall 137061 (2020) Kat:3, Licht: 0","137061","3","7","2","03","15","1","0","0","0","1","0","0"
"POINT (13.498094593000076 52.628275306000035)","Unfall 137062 (2020) Kat:3, Licht: 0","137062","3","3","5","03","16","2","0","0","1","1","0","0"
"POINT (13.410561434000044 52.521511404000080)","Unfall 137063 (2020) Kat:3, Licht: 0","137063","3","1","0","03","13","2","1","0","1","0","0","0"
"POINT (13.399145460000057 52.529525043000035)","Unfall 137064 (2020) Kat:3, Licht: 1","137064","3","7","5","03","06","6","1","1","0","1","0","1"
"POINT (13.250627210000061 52.555070128000068)","Unfall 137065 (2020) Kat:3, Licht: 2","137065","3","7","0","03","00","1","1","2","0","1","0","0"
"POINT (13.431903766000062 52.466498428000079)","Unfall 137066 (2020) Kat:3, Licht: 2","137066","3","4","6","03","20","2","0","2","0","0","1","1"
"POINT (13.288901161000069 52.470974586000068)","Unfall 137067 (2020) Kat:3, Licht: 1","137067","3","5","1","03","17","2","0","1","1","1","0","0"
"POINT (13.209768164000025 52.547875890000057)","Unfall 137068 (2020) Kat:3, Licht: 0","137068","3","2","0","03","11","6","1","0","1","1","0","0"
"POINT (13.388819004000027 52.517086517000052)","Unfall 137069 (2020) Kat:3, Licht: 2","137069","3","6","0","03","19","4","0","2","1","1","0","0"
"POINT (13.403651089000050 52.520874906000074)","Unfall 137070 (2020) Kat:3, Licht: 0","137070","3","4","6","03","15","2","0","0","0","0","1","0"
"POINT (13.409292459000028 52.538151069000037)","Unfall 137071 (2020) Kat:3, Licht: 0","137071","3","1","0","03","17","4","0","0","1","0","0","0"
"POINT (13.360462124000037 52.446598944000073)","Unfall 137072 (2020) Kat:3, Licht: 0","137072","3","6","2","03","07","2","1","0","0","1","0","0"
"POINT (13.389868314000068 52.457118656000034)","Unfall 137073 (2020) Kat:3, Licht: 2","137073","3","7","5","03","05","2","1","2","0","1","0","0"
"POINT (13.411709316000042 52.523964017000026)","Unfall 137074 (2020) Kat:3, Licht: 0","137074","3","2","5","03","09","1","0","0","1","1","0","0"
"POINT (13.349419010000076 52.542052677000072)","Unfall 137075 (2020) Kat:3, Licht: 0","137075","3","2","5","03","15","2","0","0","1","0","0","0"
"POINT (13.421170756000038 52.533535686000050)","Unfall 137076 (2020) Kat:3, Licht: 0","137076","3","3","5","03","13","6","1","0","1","1","0","0"
"POINT (13.337247073000071 52.501190481000037)","Unfall 137077 (2020) Kat:3, Licht: 2","137077","3","5","1","03","19","4","0","2","1","1","0","0"
"POINT (13.259395829000027 52.430887373000076)","Unfall 137078 (2020) Kat:3, Licht: 0","137078","3","3","5","03","15","2","0","0","1","0","0","0"
"POINT (13.420957893000036 52.573025340000072)","Unfall 137079 (2020) Kat:3, Licht: 0","137079","3","6","2","03","16","5","0","0","0","1","0","0"
"POINT (13.370563373000039 52.545493379000050)","Unfall 137080 (2020) Kat:2, Licht: 0","137080","2","1","8","03","14","2","0","0","0","1","0","0"
"POINT (13.417331390000072 52.492464073000065)","Unfall 137081 (2020) Kat:3, Licht: 1","137081","3","7","0","03","18","4","1","1","1","1","0","0"
"POINT (13.307983503000059 52.517061681000030)","Unfall 137082 (2020) Kat:3, Licht: 0","137082","3","7","6","03","15","4","0","0","0","0","1","0"
"POINT (13.448674540000070 52.420044162000067)","Unfall 137083 (2020) Kat:3, Licht: 0","137083","3","5","1","03","13","2","0","0","0","1","0","0"
"POINT (13.387077723000061 52.493156855000052)","Unfall 137084 (2020) Kat:3, Licht: 0","137084","3","4","6","03","12","2","0","0","1","0","1","0"
"POINT (13.466331318000073 52.500562692000074)","Unfall 137085 (2020) Kat:3, Licht: 0","137085","3","2","5","03","08","4","0","0","1","1","0","0"
"POINT (13.262821675000055 52.514927600000078)","Unfall 137086 (2020) Kat:3, Licht: 0","137086","3","6","2","03","11","2","1","0","0","1","0","0"
"POINT (13.391277232000050 52.433960170000034)","Unfall 137087 (2020) Kat:2, Licht: 0","137087","2","2","6","03","10","2","0","0","0","1","1","0"
"POINT (13.528988236000032 52.452117936000036)","Unfall 137088 (2020) Kat:3, Licht: 0","137088","3","3","5","03","14","7","0","0","1","1","0","0"
"POINT (13.270475921000070 52.519902656000056)","Unfall 137089 (2020) Kat:3, Licht: 0","137089","3","6","2","03","10","2","1","0","0","1","0","0"
"POINT (13.262044571000047 52.515558900000030)","Unfall 137090 (2020) Kat:3, Licht: 0","137090","3","7","5","03","11","6","0","0","1","1","0","0"
"POINT (13.419015340000044 52.572647322000080)","Unfall 137091 (2020) Kat:3, Licht: 0","137091","3","6","2","03","16","4","0","0","0","1","0","0"
"POINT (13.379641909000043 52.494474518000061)","Unfall 137092 (2020) Kat:3, Licht: 0","137092","3","1","0","03","09","2","1","0","1","0","0","0"
"POINT (13.368216559000075 52.485072967000065)","Unfall 137093 (2020) Kat:3, Licht: 0","137093","3","6","2","03","16","5","0","0","1","1","0","0"
"POINT (13.333098738000047 52.540511316000050)","Unfall 137094 (2020) Kat:3, Licht: 0","137094","3","6","2","03","08","2","1","0","0","1","0","0"
"POINT (13.195068947000038 52.529119547000050)","Unfall 137095 (2020) Kat:3, Licht: 0","137095","3","4","6","03","10","2","1","0","0","1","1","0"
"POINT (13.552227596000023 52.417189970000038)","Unfall 137096 (2020) Kat:3, Licht: 0","137096","3","6","3","03","07","2","1","0","1","1","0","0"
"POINT (13.258554130000050 52.408282610000072)","Unfall 137097 (2020) Kat:3, Licht: 0","137097","3","7","7","03","13","1","0","0","1","0","0","0"
"POINT (13.316787694000027 52.488595093000072)","Unfall 137098 (2020) Kat:3, Licht: 0","137098","3","6","2","03","16","4","0","0","1","0","0","0"
"POINT (13.394128807000072 52.483967142000040)","Unfall 137099 (2020) Kat:3, Licht: 0","137099","3","2","2","03","12","6","1","0","0","1","0","0"
"POINT (13.181271200000026 52.488024461000066)","Unfall 137100 (2020) Kat:3, Licht: 0","137100","3","6","0","03","14","1","1","0","1","0","0","0"
"POINT (13.347449760000075 52.466990405000047)","Unfall 137101 (2020) Kat:2, Licht: 2","137101","2","7","5","03","21","1","0","2","0","1","0","0"
"POINT (13.528400780000027 52.556808060000037)","Unfall 137102 (2020) Kat:3, Licht: 0","137102","3","6","2","03","09","7","1","0","0","1","0","0"
"POINT (13.394399189000069 52.484652185000073)","Unfall 137103 (2020) Kat:3, Licht: 2","137103","3","5","1","03","20","1","0","2","1","1","0","0"
"POINT (13.204696965000039 52.544158567000068)","Unfall 137104 (2020) Kat:2, Licht: 2","137104","2","3","1","03","19","6","1","2","0","1","0","0"
"POINT (13.431971909000026 52.581173040000067)","Unfall 137105 (2020) Kat:3, Licht: 0","137105","3","6","2","03","15","4","0","0","0","1","0","0"
"POINT (13.413673615000050 52.547638182000071)","Unfall 137106 (2020) Kat:3, Licht: 2","137106","3","6","3","03","19","1","0","2","1","0","0","0"
"POINT (13.410289861000024 52.503785585000060)","Unfall 137107 (2020) Kat:3, Licht: 0","137107","3","3","5","03","15","5","0","0","1","1","0","0"
"POINT (13.404463975000056 52.521934016000046)","Unfall 137108 (2020) Kat:3, Licht: 2","137108","3","7","0","03","18","1","1","2","0","0","0","1"
"POINT (13.527184342000055 52.491991279000047)","Unfall 137109 (2020) Kat:3, Licht: 0","137109","3","6","2","03","08","2","1","0","0","1","0","0"
"POINT (13.436449936000031 52.449228189000053)","Unfall 137110 (2020) Kat:3, Licht: 0","137110","3","6","2","03","17","1","0","0","0","1","0","0"
"POINT (13.404505378000067 52.404019074000075)","Unfall 137111 (2020) Kat:3, Licht: 0","137111","3","4","6","03","16","1","0","0","0","1","1","0"
"POINT (13.289944565000042 52.582682684000076)","Unfall 137112 (2020) Kat:2, Licht: 0","137112","2","6","3","03","12","4","0","0","0","1","0","1"
"POINT (13.364329196000028 52.562639367000031)","Unfall 137113 (2020) Kat:3, Licht: 2","137113","3","2","5","03","18","6","1","2","1","1","0","0"
"POINT (13.569411889000037 52.560814063000066)","Unfall 137114 (2020) Kat:3, Licht: 0","137114","3","2","5","03","12","4","0","0","0","0","0","0"
"POINT (13.380971907000060 52.529989835000038)","Unfall 137115 (2020) Kat:2, Licht: 0","137115","2","1","0","03","15","1","1","0","0","0","0","1"
"POINT (13.366619754000055 52.495106602000078)","Unfall 137116 (2020) Kat:3, Licht: 0","137116","3","5","1","03","12","4","0","0","1","1","0","0"
"POINT (13.385106166000071 52.591208742000049)","Unfall 137117 (2020) Kat:3, Licht: 2","137117","3","3","5","03","19","1","0","2","1","1","0","0"
"POINT (13.427714796000032 52.420723788000032)","Unfall 137118 (2020) Kat:3, Licht: 0","137118","3","3","5","03","16","4","0","0","0","1","0","1"
"POINT (13.413088429000027 52.639618836000068)","Unfall 137119 (2020) Kat:3, Licht: 0","137119","3","4","6","03","14","1","1","0","0","1","1","0"
"POINT (13.452174217000049 52.481169661000081)","Unfall 137120 (2020) Kat:3, Licht: 2","137120","3","3","5","03","22","4","0","2","0","1","0","0"
"POINT (13.194534018000070 52.545709776000081)","Unfall 137121 (2020) Kat:2, Licht: 0","137121","2","4","6","03","14","1","1","0","0","1","1","0"
"POINT (13.367321305000075 52.525701783000045)","Unfall 137122 (2020) Kat:3, Licht: 0","137122","3","1","0","03","13","1","1","0","0","0","0","1"
"POINT (13.492385227000057 52.543985877000068)","Unfall 137123 (2020) Kat:2, Licht: 2","137123","2","1","0","03","19","1","0","2","1","0","0","0"
"POINT (13.584828019000042 52.428343727000026)","Unfall 137124 (2020) Kat:3, Licht: 0","137124","3","6","4","03","11","1","0","0","1","1","0","0"
"POINT (13.469132328000057 52.428241386000082)","Unfall 137125 (2020) Kat:3, Licht: 0","137125","3","2","5","03","11","1","1","0","1","1","0","0"
"POINT (13.187024365000070 52.534272637000072)","Unfall 137126 (2020) Kat:2, Licht: 0","137126","2","4","6","03","16","6","1","0","0","1","1","0"
"POINT (13.323215015000073 52.491497568000057)","Unfall 137127 (2020) Kat:3, Licht: 2","137127","3","7","5","03","22","4","0","2","0","1","0","1"
"POINT (13.433247989000051 52.444053564000058)","Unfall 137128 (2020) Kat:3, Licht: 0","137128","3","6","3","03","09","1","1","0","0","1","0","1"
"POINT (13.440971948000026 52.504755759000034)","Unfall 137129 (2020) Kat:3, Licht: 2","137129","3","6","2","03","22","4","0","2","0","1","0","0"
"POINT (13.392920135000054 52.515000993000058)","Unfall 137130 (2020) Kat:2, Licht: 2","137130","2","3","5","03","06","1","0","2","0","1","0","0"
"POINT (13.415742153000053 52.491163854000035)","Unfall 137131 (2020) Kat:2, Licht: 2","137131","2","1","0","03","00","1","1","2","1","0","0","0"
"POINT (13.503485840000053 52.460664477000080)","Unfall 137132 (2020) Kat:3, Licht: 2","137132","3","2","5","03","00","1","1","2","1","1","0","0"
"POINT (13.505608185000028 52.534640353000043)","Unfall 137133 (2020) Kat:3, Licht: 2","137133","3","2","2","02","18","7","1","2","0","1","0","1"
"POINT (13.330449605000069 52.460224048000043)","Unfall 137134 (2020) Kat:3, Licht: 0","137134","3","5","0","03","14","1","0","0","0","1","0","0"
"POINT (13.356881482000063 52.535690521000049)","Unfall 137135 (2020) Kat:3, Licht: 2","137135","3","2","0","02","02","7","0","2","1","1","0","0"
"POINT (13.298964165000029 52.440897533000054)","Unfall 137136 (2020) Kat:2, Licht: 1","137136","2","4","6","02","17","7","1","1","0","1","1","0"
"POINT (13.220018192000055 52.560185613000044)","Unfall 137137 (2020) Kat:2, Licht: 2","137137","2","3","5","03","06","6","1","2","0","1","0","1"
"POINT (13.424334009000063 52.485985503000052)","Unfall 137138 (2020) Kat:3, Licht: 2","137138","3","5","1","03","21","4","0","2","1","1","0","0"
"POINT (13.331169071000033 52.503708229000040)","Unfall 137139 (2020) Kat:3, Licht: 2","137139","3","3","5","02","05","7","1","2","0","1","0","0"
"POINT (13.375486649000038 52.540319704000069)","Unfall 137140 (2020) Kat:3, Licht: 0","137140","3","3","5","02","15","7","1","0","0","1","0","1"
"POINT (13.428887332000045 52.547724534000054)","Unfall 137141 (2020) Kat:3, Licht: 2","137141","3","2","6","03","19","4","0","2","0","0","1","0"
"POINT (13.331703344000061 52.524089008000033)","Unfall 137142 (2020) Kat:3, Licht: 0","137142","3","4","6","02","16","7","0","0","0","1","1","0"
"POINT (13.302551247000054 52.419852339000045)","Unfall 137143 (2020) Kat:2, Licht: 2","137143","2","6","4","02","06","7","1","2","0","0","0","0"
"POINT (13.203130104000024 52.539899270000035)","Unfall 137144 (2020) Kat:3, Licht: 0","137144","3","6","0","03","13","7","0","0","0","1","0","0"
"POINT (13.450072332000047 52.507493451000073)","Unfall 137145 (2020) Kat:2, Licht: 2","137145","2","7","6","02","02","7","1","2","0","1","1","0"
"POINT (13.385500778000051 52.528744077000056)","Unfall 137146 (2020) Kat:3, Licht: 0","137146","3","3","5","03","08","6","1","0","0","1","0","0"
"POINT (13.408813759000054 52.570953367000072)","Unfall 137147 (2020) Kat:3, Licht: 0","137147","3","6","4","03","15","4","0","0","1","0","0","0"
"POINT (13.406650829000057 52.498430508000069)","Unfall 137148 (2020) Kat:3, Licht: 2","137148","3","2","5","02","23","7","1","2","0","1","0","0"
"POINT (13.349673053000060 52.500065369000026)","Unfall 137149 (2020) Kat:3, Licht: 0","137149","3","5","1","03","14","5","0","0","0","1","0","1"
"POINT (13.462865265000062 52.514106950000041)","Unfall 137150 (2020) Kat:3, Licht: 2","137150","3","5","1","02","19","7","1","2","1","1","0","0"
"POINT (13.232740176000050 52.542249808000065)","Unfall 137151 (2020) Kat:3, Licht: 0","137151","3","6","4","03","13","6","1","0","0","1","0","0"
"POINT (13.430696370000021 52.486552503000041)","Unfall 137152 (2020) Kat:3, Licht: 0","137152","3","5","5","03","13","4","0","0","1","1","0","0"
"POINT (13.378336894000029 52.550512358000049)","Unfall 137153 (2020) Kat:3, Licht: 2","137153","3","3","5","02","19","7","1","2","0","1","0","0"
"POINT (13.442788725000071 52.465086697000061)","Unfall 137154 (2020) Kat:3, Licht: 0","137154","3","2","5","03","14","5","0","0","1","1","0","0"
"POINT (13.313541149000059 52.482129476000068)","Unfall 137155 (2020) Kat:3, Licht: 2","137155","3","5","1","02","19","7","1","2","1","1","0","0"
"POINT (13.432852669000056 52.485090913000079)","Unfall 137156 (2020) Kat:3, Licht: 0","137156","3","6","2","03","11","2","0","0","0","1","0","0"
"POINT (13.435399000000075 52.514597088000073)","Unfall 137157 (2020) Kat:3, Licht: 2","137157","3","3","5","02","19","7","1","2","1","1","0","0"
"POINT (13.322199532000070 52.608813843000064)","Unfall 137158 (2020) Kat:3, Licht: 2","137158","3","3","5","02","18","7","1","2","0","1","0","0"
"POINT (13.430799161000039 52.547066306000033)","Unfall 137159 (2020) Kat:3, Licht: 2","137159","3","5","1","03","00","7","1","2","1","1","0","0"
"POINT (13.580396139000072 52.443214533000059)","Unfall 137160 (2020) Kat:1, Licht: 0","137160","1","4","6","03","11","6","1","0","0","0","1","0"
"POINT (13.357198557000061 52.523720428000047)","Unfall 137161 (2020) Kat:3, Licht: 0","137161","3","2","5","02","17","7","0","0","0","1","0","0"
"POINT (13.380702929000051 52.442558082000062)","Unfall 137162 (2020) Kat:3, Licht: 0","137162","3","4","6","03","13","4","0","0","0","1","1","0"
"POINT (13.334379677000072 52.470544406000045)","Unfall 137163 (2020) Kat:3, Licht: 2","137163","3","5","1","02","18","7","1","2","1","1","0","0"
"POINT (13.378115614000023 52.456247862000055)","Unfall 137164 (2020) Kat:3, Licht: 0","137164","3","3","5","03","13","5","0","0","0","1","0","1"
"POINT (13.409088696000026 52.488789616000076)","Unfall 137165 (2020) Kat:3, Licht: 0","137165","3","7","6","02","16","7","0","0","0","1","1","0"
"POINT (13.424464189000048 52.473963961000038)","Unfall 137166 (2020) Kat:3, Licht: 0","137166","3","7","2","03","07","2","1","0","1","1","0","0"
"POINT (13.343194295000046 52.527558119000048)","Unfall 137167 (2020) Kat:3, Licht: 0","137167","3","5","1","03","16","5","0","0","1","1","0","0"
"POINT (13.491015764000053 52.423919152000053)","Unfall 137168 (2020) Kat:3, Licht: 0","137168","3","2","6","02","15","7","0","0","0","1","1","0"
"POINT (13.175512015000038 52.520090277000065)","Unfall 137169 (2020) Kat:3, Licht: 0","137169","3","4","6","02","15","7","0","0","0","1","1","0"
"POINT (13.284239582000055 52.575637437000069)","Unfall 137170 (2020) Kat:3, Licht: 0","137170","3","5","5","02","15","7","0","0","0","1","0","1"
"POINT (13.411787909000054 52.523966546000054)","Unfall 137171 (2020) Kat:3, Licht: 1","137171","3","2","5","03","05","2","1","1","0","1","0","0"
"POINT (13.422981021000055 52.394973354000058)","Unfall 137172 (2020) Kat:2, Licht: 2","137172","2","1","8","03","20","5","0","2","0","1","0","0"
"POINT (13.336756009000055 52.542651317000036)","Unfall 137173 (2020) Kat:3, Licht: 0","137173","3","6","2","02","14","7","0","0","0","1","0","0"
"POINT (13.604867713000033 52.531869371000028)","Unfall 137174 (2020) Kat:3, Licht: 0","137174","3","6","6","02","14","7","0","0","0","1","1","0"
"POINT (13.240761237000072 52.618377288000033)","Unfall 137175 (2020) Kat:3, Licht: 0","137175","3","3","5","03","11","4","0","0","0","1","0","0"
"POINT (13.330216319000044 52.451902901000039)","Unfall 137176 (2020) Kat:3, Licht: 2","137176","3","6","2","03","18","6","1","2","0","1","0","0"
"POINT (13.357658549000064 52.488673306000067)","Unfall 137177 (2020) Kat:3, Licht: 0","137177","3","2","5","03","11","4","0","0","1","1","0","0"
"POINT (13.181942405000029 52.537402175000068)","Unfall 137178 (2020) Kat:3, Licht: 0","137178","3","7","6","02","13","7","0","0","0","1","1","0"
"POINT (13.341539524000041 52.458751416000041)","Unfall 137179 (2020) Kat:3, Licht: 0","137179","3","3","5","03","10","4","1","0","0","1","0","0"
"POINT (13.506062370000052 52.508882968000080)","Unfall 137180 (2020) Kat:3, Licht: 0","137180","3","4","6","02","13","7","0","0","0","1","1","0"
"POINT (13.506203406000054 52.402925099000072)","Unfall 137181 (2020) Kat:3, Licht: 0","137181","3","2","5","02","12","7","0","0","1","1","0","0"
"POINT (13.184552442000040 52.547490724000056)","Unfall 137182 (2020) Kat:3, Licht: 0","137182","3","2","5","03","16","1","0","0","0","1","0","0"
"POINT (13.556162943000061 52.433647807000057)","Unfall 137183 (2020) Kat:3, Licht: 2","137183","3","2","5","03","19","5","0","2","1","1","0","0"
"POINT (13.442034860000035 52.500929703000054)","Unfall 137184 (2020) Kat:3, Licht: 0","137184","3","6","2","02","11","7","0","0","0","1","0","0"
"POINT (13.309607854000035 52.506590152000058)","Unfall 137185 (2020) Kat:3, Licht: 1","137185","3","5","1","02","19","6","0","1","1","1","0","0"
"POINT (13.480712494000045 52.498970369000062)","Unfall 137186 (2020) Kat:3, Licht: 0","137186","3","2","6","03","07","6","1","0","0","1","1","0"
"POINT (13.465647386000057 52.552114970000048)","Unfall 137187 (2020) Kat:3, Licht: 0","137187","3","4","6","03","10","4","0","0","0","1","1","0"
"POINT (13.333540912000046 52.430014822000032)","Unfall 137188 (2020) Kat:2, Licht: 0","137188","2","6","6","02","11","6","0","0","0","1","1","0"
"POINT (13.202062445000024 52.518032448000042)","Unfall 137189 (2020) Kat:3, Licht: 0","137189","3","7","2","03","16","6","1","0","0","1","0","0"
"POINT (13.341347805000055 52.520831781000027)","Unfall 137190 (2020) Kat:3, Licht: 0","137190","3","2","5","03","10","4","0","0","1","0","0","0"
"POINT (13.330307127000026 52.562406961000079)","Unfall 137191 (2020) Kat:2, Licht: 0","137191","2","6","2","02","13","6","0","0","0","1","0","0"
"POINT (13.474443320000034 52.425698406000038)","Unfall 137192 (2020) Kat:3, Licht: 0","137192","3","3","5","03","08","4","0","0","1","1","0","0"
"POINT (13.349456126000064 52.502429283000026)","Unfall 137193 (2020) Kat:3, Licht: 0","137193","3","6","2","02","08","6","0","0","0","1","0","0"
"POINT (13.294374119000054 52.534637700000076)","Unfall 137194 (2020) Kat:3, Licht: 0","137194","3","3","5","02","07","6","1","0","1","0","0","0"
"POINT (13.349642862000053 52.532030002000056)","Unfall 137195 (2020) Kat:2, Licht: 0","137195","2","1","1","03","13","1","0","0","0","1","0","0"
"POINT (13.431556498000077 52.515196981000031)","Unfall 137196 (2020) Kat:3, Licht: 2","137196","3","7","2","03","18","5","0","2","1","1","0","0"
"POINT (13.197343404000037 52.532067001000030)","Unfall 137197 (2020) Kat:3, Licht: 2","137197","3","3","5","02","18","6","0","2","1","1","0","0"
"POINT (13.230496567000046 52.546602745000030)","Unfall 137198 (2020) Kat:3, Licht: 2","137198","3","6","2","02","19","6","0","2","0","1","0","0"
"POINT (13.178068999000061 52.548748124000042)","Unfall 137199 (2020) Kat:3, Licht: 0","137199","3","2","5","03","14","6","1","0","0","1","0","0"
"POINT (13.333427336000057 52.560808944000030)","Unfall 137200 (2020) Kat:3, Licht: 0","137200","3","2","6","03","07","4","0","0","0","1","1","0"
"POINT (13.409645484000066 52.538485327000046)","Unfall 137201 (2020) Kat:3, Licht: 2","137201","3","3","5","02","21","6","0","2","1","1","0","0"
"POINT (13.382253402000060 52.552901911000049)","Unfall 137202 (2020) Kat:3, Licht: 0","137202","3","7","6","03","12","5","0","0","0","1","1","0"
"POINT (13.434101995000049 52.451533143000063)","Unfall 137203 (2020) Kat:2, Licht: 2","137203","2","4","6","02","19","6","0","2","0","1","1","0"
"POINT (13.309124194000049 52.488805447000061)","Unfall 137204 (2020) Kat:3, Licht: 0","137204","3","2","5","03","07","4","0","0","1","1","0","0"
"POINT (13.366076336000049 52.485085292000065)","Unfall 137205 (2020) Kat:3, Licht: 2","137205","3","7","5","02","18","6","0","2","0","1","0","1"
"POINT (13.360305872000026 52.596903286000042)","Unfall 137206 (2020) Kat:3, Licht: 2","137206","3","2","5","02","18","6","0","2","1","1","0","0"
"POINT (13.401790370000072 52.533280734000073)","Unfall 137207 (2020) Kat:3, Licht: 0","137207","3","1","0","03","09","7","1","0","1","0","0","0"
"POINT (13.326030310000021 52.500161968000043)","Unfall 137208 (2020) Kat:3, Licht: 2","137208","3","6","2","02","18","6","0","2","0","1","0","0"
"POINT (13.317660208000063 52.458001711000065)","Unfall 137209 (2020) Kat:2, Licht: 2","137209","2","7","0","03","04","4","1","2","1","0","0","0"
"POINT (13.536926287000028 52.548002274000055)","Unfall 137210 (2020) Kat:2, Licht: 1","137210","2","3","0","02","17","6","0","1","1","1","0","0"
"POINT (13.466703650000056 52.496224064000046)","Unfall 137211 (2020) Kat:3, Licht: 0","137211","3","3","5","02","16","6","0","0","1","1","0","0"
"POINT (13.438961393000056 52.502631146000056)","Unfall 137212 (2020) Kat:2, Licht: 2","137212","2","4","6","03","19","7","0","2","0","1","1","0"
"POINT (13.315666668000063 52.443133107000051)","Unfall 137213 (2020) Kat:3, Licht: 0","137213","3","2","5","02","16","6","0","0","0","1","0","0"
"POINT (13.397763718000022 52.495343623000053)","Unfall 137214 (2020) Kat:3, Licht: 0","137214","3","3","5","03","12","6","1","0","1","1","0","0"
"POINT (13.429144793000034 52.452274757000055)","Unfall 137215 (2020) Kat:3, Licht: 0","137215","3","2","5","03","05","4","0","0","0","1","0","0"
"POINT (13.285464608000041 52.594843584000046)","Unfall 137216 (2020) Kat:3, Licht: 0","137216","3","3","5","02","16","6","0","0","0","1","0","1"
"POINT (13.447137750000024 52.436939716000040)","Unfall 137217 (2020) Kat:3, Licht: 0","137217","3","2","0","03","11","5","0","0","1","0","0","0"
"POINT (13.314234506000048 52.576692789000049)","Unfall 137218 (2020) Kat:3, Licht: 0","137218","3","2","6","02","16","6","0","0","0","1","1","0"
"POINT (13.439691946000039 52.513921053000047)","Unfall 137219 (2020) Kat:2, Licht: 0","137219","2","2","5","03","11","2","1","0","0","1","0","0"
"POINT (13.380650360000061 52.539384959000074)","Unfall 137220 (2020) Kat:3, Licht: 2","137220","3","7","5","03","18","5","0","2","0","1","0","0"
"POINT (13.351409123000053 52.526353568000047)","Unfall 137221 (2020) Kat:3, Licht: 0","137221","3","6","2","02","15","6","0","0","0","1","0","0"
"POINT (13.319256051000025 52.501651695000078)","Unfall 137222 (2020) Kat:3, Licht: 0","137222","3","6","3","02","15","6","0","0","1","1","0","0"
"POINT (13.485487243000023 52.523247244000061)","Unfall 137223 (2020) Kat:3, Licht: 0","137223","3","2","5","03","09","6","1","0","1","1","0","0"