WKT,Name,OBJECTID,UKATEGORIE,UTYP1,UART,UMONAT,USTUNDE,UWOCHENTAG,STRZUSTAND,ULICHTVERH,ISTRAD,ISTPKW,ISTFUSS,ISTKRAD
"POINT (13.600917931000026 52.477880622000043)","Unfall 137224 (2020) Kat:3, Licht: 2","137224","3","3","5","03","18","5","0","2","1","1","0","0"
"POINT (13.410943392000036 52.553814759000034)","Unfall 137225 (2020) Kat:3, Licht: 0","137225","3","3","5","02","15","6","0","0","1","1","0","0"
"POINT (13.314849536000054 52.610335225000028)","Unfall 137226 (2020) Kat:3, Licht: 0","137226","3","3","5","02","15","6","0","0","1","1","0","0"
"POINT (13.407375941000055 52.529700215000048)","Unfall 137227 (2020) Kat:3, Licht: 2","137227","3","3","5","03","20","6","1","2","1","1","0","0"
"POINT (13.306708809000042 52.506569351000053)","Unfall 137228 (2020) Kat:3, Licht: 2","137228","3","1","0","03","01","4","1","2","0","0","0","0"
"POINT (13.377936568000052 52.541943660000072)","Unfall 137229 (2020) Kat:3, Licht: 0","137229","3","6","2","02","14","6","0","0","0","1","0","1"
"POINT (13.306564315000060 52.528846486000077)","Unfall 137230 (2020) Kat:3, Licht: 0","137230","3","2","5","03","11","5","0","0","1","1","0","0"
"POINT (13.327920741000071 52.500183697000068)","Unfall 137231 (2020) Kat:3, Licht: 0","137231","3","6","2","02","14","6","0","0","0","1","0","0"
"POINT (13.432693312000026 52.502471739000043)","Unfall 137232 (2020) Kat:3, Licht: 0","137232","3","3","5","03","08","2","1","0","1","1","0","0"
"POINT (13.430783731000076 52.561150914000052)","Unfall 137233 (2020) Kat:3, Licht: 0","137233","3","3","5","02","13","6","0","0","0","1","0","0"
"POINT (13.376701899000068 52.489153273000056)","Unfall 137234 (2020) Kat:3, Licht: 0","137234","3","6","3","02","13","6","0","0","0","1","0","0"
"POINT (13.306244355000047 52.554235322000068)","Unfall 137235 (2020) Kat:3, Licht: 0","137235","3","6","2","03","07","4","1","0","0","0","0","0"
"POINT (13.280726236000021 52.507257601000049)","Unfall 137236 (2020) Kat:3, Licht: 2","137236","3","4","6","03","18","6","1","2","0","1","1","0"
"POINT (13.425578147000067 52.515109604000031)","Unfall 137237 (2020) Kat:3, Licht: 0","137237","3","2","5","03","09","3","0","0","1","1","0","0"
"POINT (13.574563571000056 52.567717729000037)","Unfall 137238 (2020) Kat:2, Licht: 0","137238","2","4","6","02","11","6","0","0","0","1","1","0"
"POINT (13.363453812000046 52.524630553000065)","Unfall 137239 (2020) Kat:3, Licht: 0","137239","3","1","0","03","12","3","1","0","1","0","0","0"
"POINT (13.406492398000069 52.398490278000054)","Unfall 137240 (2020) Kat:1, Licht: 2","137240","1","3","5","02","04","6","2","2","0","1","0","0"
"POINT (13.388944196000068 52.515621893000059)","Unfall 137241 (2020) Kat:3, Licht: 0","137241","3","3","5","02","10","6","0","0","0","1","0","0"
"POINT (13.395610030000057 52.550661849000051)","Unfall 137242 (2020) Kat:3, Licht: 0","137242","3","5","1","03","15","1","0","0","0","1","0","1"
"POINT (13.386188701000037 52.487355775000026)","Unfall 137243 (2020) Kat:3, Licht: 1","137243","3","2","5","03","17","5","0","1","1","1","0","0"
"POINT (13.340134867000074 52.450785198000062)","Unfall 137244 (2020) Kat:3, Licht: 0","137244","3","3","0","02","09","6","1","0","0","1","0","1"
"POINT (13.518951505000075 52.531490715000075)","Unfall 137245 (2020) Kat:3, Licht: 0","137245","3","2","5","03","08","3","0","0","1","1","0","0"
"POINT (13.201597498000069 52.536893266000050)","Unfall 137246 (2020) Kat:3, Licht: 0","137246","3","5","1","02","09","6","1","0","1","1","0","0"
"POINT (13.314082817000042 52.490452480000044)","Unfall 137247 (2020) Kat:3, Licht: 0","137247","3","3","5","02","09","6","1","0","0","1","0","0"
"POINT (13.495845959000064 52.520438800000079)","Unfall 137248 (2020) Kat:2, Licht: 2","137248","2","5","1","03","21","1","0","2","0","1","0","0"
"POINT (13.240182746000073 52.442628269000068)","Unfall 137249 (2020) Kat:3, Licht: 0","137249","3","2","2","02","08","6","1","0","0","1","0","0"
"POINT (13.324195784000040 52.575794638000048)","Unfall 137250 (2020) Kat:3, Licht: 0","137250","3","4","6","02","07","6","0","0","0","0","1","0"
"POINT (13.376710249000041 52.489378739000074)","Unfall 137251 (2020) Kat:3, Licht: 0","137251","3","6","3","03","15","6","1","0","1","0","0","0"
"POINT (13.296376214000077 52.497920419000081)","Unfall 137252 (2020) Kat:3, Licht: 0","137252","3","7","8","03","10","3","0","0","0","1","1","0"
"POINT (13.376619996000045 52.509478747000060)","Unfall 137253 (2020) Kat:3, Licht: 2","137253","3","2","2","02","00","6","1","2","0","1","0","0"
"POINT (13.594920027000057 52.452959828000076)","Unfall 137254 (2020) Kat:3, Licht: 0","137254","3","6","4","03","17","3","1","0","1","0","0","0"
"POINT (13.358935084000052 52.474674139000058)","Unfall 137255 (2020) Kat:3, Licht: 2","137255","3","3","0","02","18","5","0","2","0","1","0","1"
"POINT (13.526436031000060 52.558278612000038)","Unfall 137256 (2020) Kat:2, Licht: 1","137256","2","7","6","02","06","5","1","1","1","0","1","0"
"POINT (13.388994953000065 52.515625194000052)","Unfall 137257 (2020) Kat:3, Licht: 0","137257","3","3","5","03","09","1","0","0","0","1","0","0"
"POINT (13.309215659000074 52.506417339000052)","Unfall 137258 (2020) Kat:3, Licht: 2","137258","3","2","6","02","22","5","1","2","0","1","1","0"
"POINT (13.331677944000035 52.515144634000080)","Unfall 137259 (2020) Kat:2, Licht: 0","137259","2","2","5","03","13","6","1","0","0","1","0","1"
"POINT (13.427830907000043 52.518130358000064)","Unfall 137260 (2020) Kat:3, Licht: 2","137260","3","3","5","03","21","3","0","2","1","1","0","0"
"POINT (13.343192635000037 52.528681572000039)","Unfall 137261 (2020) Kat:3, Licht: 2","137261","3","5","1","02","21","5","1","2","0","1","0","0"
"POINT (13.330392473000074 52.590566290000027)","Unfall 137262 (2020) Kat:3, Licht: 1","137262","3","3","0","03","06","6","1","1","0","1","0","1"
"POINT (13.458337035000056 52.485832826000035)","Unfall 137263 (2020) Kat:3, Licht: 1","137263","3","2","5","03","08","3","0","1","1","1","0","0"
"POINT (13.361420564000070 52.482210692000081)","Unfall 137264 (2020) Kat:3, Licht: 2","137264","3","6","4","02","20","5","1","2","0","1","0","0"
"POINT (13.430735727000069 52.468485668000028)","Unfall 137265 (2020) Kat:3, Licht: 2","137265","3","2","5","02","20","5","0","2","1","1","0","0"
"POINT (13.405303223000033 52.406964310000035)","Unfall 137266 (2020) Kat:3, Licht: 2","137266","3","2","5","03","19","3","0","2","1","1","0","0"
"POINT (13.467869284000074 52.468091130000062)","Unfall 137267 (2020) Kat:2, Licht: 2","137267","2","4","6","02","19","5","0","2","0","1","1","0"
"POINT (13.391559014000052 52.512258681000048)","Unfall 137268 (2020) Kat:3, Licht: 2","137268","3","2","5","02","19","5","0","2","1","1","0","0"
"POINT (13.550026526000067 52.525831366000034)","Unfall 137269 (2020) Kat:3, Licht: 0","137269","3","3","5","03","13","7","0","0","0","1","0","0"
"POINT (13.404839710000033 52.540694685000062)","Unfall 137270 (2020) Kat:3, Licht: 1","137270","3","4","6","03","17","5","0","1","0","1","1","0"
"POINT (13.126679619000072 52.535598632000074)","Unfall 137271 (2020) Kat:2, Licht: 1","137271","2","1","8","02","16","5","0","1","0","1","0","0"
"POINT (13.360592203000067 52.557488548000038)","Unfall 137272 (2020) Kat:3, Licht: 0","137272","3","6","2","03","09","6","1","0","0","1","0","0"
"POINT (13.402957352000044 52.533700151000062)","Unfall 137273 (2020) Kat:3, Licht: 2","137273","3","3","5","03","19","3","0","2","0","1","0","0"
"POINT (13.160136455000043 52.544898013000079)","Unfall 137274 (2020) Kat:3, Licht: 2","137274","3","6","2","02","19","5","1","2","0","1","0","0"
"POINT (13.331726407000076 52.562003126000036)","Unfall 137275 (2020) Kat:3, Licht: 0","137275","3","6","2","03","11","5","0","0","0","1","0","0"
"POINT (13.431518919000041 52.466381361000060)","Unfall 137276 (2020) Kat:3, Licht: 2","137276","3","7","2","02","18","5","0","2","1","1","0","0"
"POINT (13.326584087000072 52.587419079000028)","Unfall 137277 (2020) Kat:3, Licht: 1","137277","3","2","5","03","05","2","0","1","1","1","0","0"
"POINT (13.202218366000068 52.546703181000055)","Unfall 137278 (2020) Kat:3, Licht: 2","137278","3","5","1","02","17","5","0","2","0","1","0","0"
"POINT (13.207696194000050 52.555697882000061)","Unfall 137279 (2020) Kat:2, Licht: 2","137279","2","2","5","02","18","5","0","2","1","1","0","0"
"POINT (13.347438175000036 52.553123989000028)","Unfall 137280 (2020) Kat:3, Licht: 0","137280","3","6","2","03","10","5","0","0","0","1","0","0"
"POINT (13.285385400000052 52.587765797000031)","Unfall 137281 (2020) Kat:3, Licht: 0","137281","3","4","6","02","16","5","0","0","0","1","1","0"
"POINT (13.400718604000076 52.510134660000062)","Unfall 137282 (2020) Kat:3, Licht: 0","137282","3","4","6","02","15","5","0","0","1","0","1","0"
"POINT (13.441686598000047 52.469508367000060)","Unfall 137283 (2020) Kat:3, Licht: 0","137283","3","6","2","02","14","5","0","0","0","1","0","0"
"POINT (13.225207632000036 52.530436284000075)","Unfall 137284 (2020) Kat:3, Licht: 0","137284","3","7","1","03","07","7","1","0","0","1","0","0"
"POINT (13.318566523000072 52.457672311000067)","Unfall 137285 (2020) Kat:3, Licht: 0","137285","3","3","5","02","14","5","1","0","0","1","0","0"
"POINT (13.309349713000074 52.603525982000065)","Unfall 137286 (2020) Kat:3, Licht: 2","137286","3","3","5","03","19","6","1","2","1","1","0","0"
"POINT (13.411161658000026 52.503509085000076)","Unfall 137287 (2020) Kat:3, Licht: 2","137287","3","3","5","03","19","3","0","2","1","1","0","0"
"POINT (13.331804984000030 52.500630955000076)","Unfall 137288 (2020) Kat:3, Licht: 0","137288","3","3","5","02","13","5","0","0","1","1","0","0"
"POINT (13.505746273000057 52.562578322000036)","Unfall 137289 (2020) Kat:3, Licht: 0","137289","3","4","6","03","09","5","0","0","0","1","1","0"
"POINT (13.351236765000067 52.509698603000061)","Unfall 137290 (2020) Kat:3, Licht: 0","137290","3","2","0","02","13","5","0","0","0","1","0","0"
"POINT (13.470895923000057 52.610327818000030)","Unfall 137291 (2020) Kat:3, Licht: 0","137291","3","3","5","03","08","2","1","0","0","1","0","0"
"POINT (13.313754912000036 52.500800640000080)","Unfall 137292 (2020) Kat:3, Licht: 0","137292","3","6","0","02","13","5","0","0","0","1","0","0"
"POINT (13.587822418000030 52.422034880000069)","Unfall 137293 (2020) Kat:3, Licht: 0","137293","3","3","5","02","13","5","0","0","1","1","0","0"
"POINT (13.293021641000053 52.474580395000032)","Unfall 137294 (2020) Kat:2, Licht: 2","137294","2","4","6","03","18","6","1","2","0","1","1","0"
"POINT (13.384141694000050 52.465566620000061)","Unfall 137295 (2020) Kat:3, Licht: 2","137295","3","3","5","03","19","3","0","2","1","1","0","0"
"POINT (13.398352455000065 52.592394219000028)","Unfall 137296 (2020) Kat:3, Licht: 0","137296","3","3","5","02","11","5","0","0","0","1","0","0"
"POINT (13.360170909000033 52.490454559000057)","Unfall 137297 (2020) Kat:3, Licht: 0","137297","3","2","0","02","12","5","1","0","0","1","0","0"
"POINT (13.404494098000043 52.521961070000032)","Unfall 137298 (2020) Kat:3, Licht: 2","137298","3","3","5","03","18","3","1","2","1","1","0","0"
"POINT (13.184683758000062 52.515452285000038)","Unfall 137299 (2020) Kat:3, Licht: 2","137299","3","2","5","03","19","6","1","2","0","1","0","0"
"POINT (13.453961635000041 52.469226098000036)","Unfall 137300 (2020) Kat:3, Licht: 0","137300","3","3","5","03","10","3","1","0","1","1","0","0"
"POINT (13.368807892000063 52.557252819000041)","Unfall 137301 (2020) Kat:3, Licht: 0","137301","3","6","2","02","11","5","0","0","0","1","0","0"
"POINT (13.469227118000049 52.543153096000026)","Unfall 137302 (2020) Kat:2, Licht: 0","137302","2","7","5","03","11","3","0","0","0","1","0","0"
"POINT (13.525665719000074 52.482996269000068)","Unfall 137303 (2020) Kat:2, Licht: 0","137303","2","4","6","02","11","5","1","0","0","0","1","0"
"POINT (13.372252039000045 52.556685247000075)","Unfall 137304 (2020) Kat:3, Licht: 0","137304","3","3","5","02","11","5","1","0","1","1","0","0"
"POINT (13.429616612000075 52.522979287000055)","Unfall 137305 (2020) Kat:3, Licht: 1","137305","3","2","2","03","17","1","0","1","0","1","0","0"
"POINT (13.490417147000073 52.493482955000047)","Unfall 137306 (2020) Kat:3, Licht: 0","137306","3","6","2","02","10","5","1","0","0","1","0","0"
"POINT (13.213782271000071 52.531740035000041)","Unfall 137307 (2020) Kat:2, Licht: 0","137307","2","2","5","02","10","5","1","0","0","1","0","0"
"POINT (13.458223794000048 52.593236517000037)","Unfall 137308 (2020) Kat:3, Licht: 0","137308","3","3","5","03","15","6","1","0","0","1","0","1"
"POINT (13.284861691000060 52.588322838000067)","Unfall 137309 (2020) Kat:3, Licht: 0","137309","3","5","1","03","11","3","0","0","1","1","0","0"
"POINT (13.336123274000045 52.453178710000032)","Unfall 137310 (2020) Kat:3, Licht: 0","137310","3","3","5","02","09","5","1","0","1","1","0","0"
"POINT (13.326447880000046 52.604542813000080)","Unfall 137311 (2020) Kat:3, Licht: 0","137311","3","3","5","03","10","3","0","0","0","1","0","0"
"POINT (13.400945683000032 52.414424054000051)","Unfall 137312 (2020) Kat:3, Licht: 0","137312","3","2","6","02","07","5","1","0","0","0","1","0"
"POINT (13.279679125000030 52.504976050000039)","Unfall 137313 (2020) Kat:3, Licht: 0","137313","3","6","3","03","09","3","0","0","0","1","0","0"
"POINT (13.424828278000064 52.482866234000028)","Unfall 137314 (2020) Kat:3, Licht: 0","137314","3","6","2","02","07","5","0","0","0","1","0","0"
"POINT (13.558328007000057 52.455991634000043)","Unfall 137315 (2020) Kat:3, Licht: 2","137315","3","6","2","02","06","5","1","2","0","1","0","0"
"POINT (13.575523382000029 52.447482383000079)","Unfall 137316 (2020) Kat:2, Licht: 0","137316","2","3","5","03","14","1","0","0","1","1","0","0"
"POINT (13.407989619000034 52.452612091000049)","Unfall 137317 (2020) Kat:3, Licht: 2","137317","3","2","5","02","06","5","1","2","1","1","0","0"
"POINT (13.514560515000028 52.535292959000060)","Unfall 137318 (2020) Kat:3, Licht: 2","137318","3","6","2","02","05","5","1","2","0","1","0","0"
"POINT (13.415691532000039 52.563158413000053)","Unfall 137319 (2020) Kat:2, Licht: 1","137319","2","3","5","03","06","6","1","1","0","1","0","0"
"POINT (13.273178122000047 52.513157718000059)","Unfall 137320 (2020) Kat:3, Licht: 0","137320","3","3","5","03","16","3","1","0","0","1","0","1"
"POINT (13.307422661000032 52.506705849000070)","Unfall 137321 (2020) Kat:3, Licht: 0","137321","3","5","1","02","12","4","1","0","1","1","0","0"
"POINT (13.199969742000064 52.535850029000073)","Unfall 137322 (2020) Kat:3, Licht: 0","137322","3","7","6","02","14","4","1","0","0","0","1","0"
"POINT (13.310216457000024 52.500407091000056)","Unfall 137323 (2020) Kat:3, Licht: 0","137323","3","5","1","03","15","3","1","0","0","0","0","0"
"POINT (13.573874877000037 52.527229049000027)","Unfall 137324 (2020) Kat:3, Licht: 0","137324","3","7","2","02","15","4","1","0","0","1","0","0"
"POINT (13.443926297000075 52.572369713000057)","Unfall 137325 (2020) Kat:1, Licht: 0","137325","1","6","4","02","08","4","0","0","0","1","0","1"
"POINT (13.361369625000066 52.585222084000065)","Unfall 137326 (2020) Kat:3, Licht: 0","137326","3","3","5","03","12","7","0","0","0","1","0","0"
"POINT (13.295142149000071 52.539618485000062)","Unfall 137327 (2020) Kat:3, Licht: 2","137327","3","6","2","02","18","4","1","2","0","1","0","0"
"POINT (13.427396344000044 52.545747525000081)","Unfall 137328 (2020) Kat:3, Licht: 2","137328","3","6","6","03","22","6","1","2","0","1","1","0"
"POINT (13.326067255000055 52.604031227000064)","Unfall 137329 (2020) Kat:3, Licht: 1","137329","3","6","2","02","17","4","1","1","0","1","0","0"
"POINT (13.335118994000027 52.464045081000052)","Unfall 137330 (2020) Kat:3, Licht: 2","137330","3","6","6","03","20","7","0","2","0","1","1","0"
"POINT (13.531948406000026 52.484151948000033)","Unfall 137331 (2020) Kat:3, Licht: 0","137331","3","3","5","02","16","4","1","0","0","1","0","0"
"POINT (13.334914355000024 52.427423680000061)","Unfall 137332 (2020) Kat:3, Licht: 0","137332","3","3","5","03","13","6","1","0","0","1","0","0"
"POINT (13.294320720000030 52.424002694000080)","Unfall 137333 (2020) Kat:3, Licht: 0","137333","3","3","5","03","15","3","1","0","1","1","0","0"
"POINT (13.441471187000047 52.501334615000076)","Unfall 137334 (2020) Kat:3, Licht: 0","137334","3","3","5","02","15","4","1","0","1","1","0","0"
"POINT (13.340970060000075 52.476246616000026)","Unfall 137335 (2020) Kat:3, Licht: 0","137335","3","3","5","03","09","5","0","0","1","1","0","0"
"POINT (13.460519110000064 52.559505678000050)","Unfall 137336 (2020) Kat:3, Licht: 0","137336","3","1","0","02","15","4","1","0","0","0","0","1"
"POINT (13.543553751000047 52.433784475000039)","Unfall 137337 (2020) Kat:3, Licht: 0","137337","3","3","5","03","11","2","1","0","1","1","0","0"
"POINT (13.409954837000043 52.528152994000038)","Unfall 137338 (2020) Kat:3, Licht: 0","137338","3","4","6","03","17","5","0","0","0","1","1","0"
"POINT (13.349908741000036 52.513827488000061)","Unfall 137339 (2020) Kat:3, Licht: 0","137339","3","6","0","02","15","4","0","0","0","1","0","1"
"POINT (13.322215994000032 52.495521552000071)","Unfall 137340 (2020) Kat:3, Licht: 0","137340","3","7","5","02","17","4","1","0","0","1","0","0"
"POINT (13.449060175000056 52.537534832000063)","Unfall 137341 (2020) Kat:3, Licht: 2","137341","3","1","0","03","00","7","1","2","0","0","0","0"
"POINT (13.266935746000058 52.498018914000056)","Unfall 137342 (2020) Kat:3, Licht: 0","137342","3","4","0","03","16","5","0","0","0","1","1","0"
"POINT (13.413583546000041 52.511270367000066)","Unfall 137343 (2020) Kat:3, Licht: 0","137343","3","3","5","02","08","4","1","0","1","1","0","0"
"POINT (13.428988811000067 52.471899095000026)","Unfall 137344 (2020) Kat:3, Licht: 0","137344","3","6","2","03","14","3","0","0","0","1","0","0"
"POINT (13.304069093000066 52.418920450000030)","Unfall 137345 (2020) Kat:3, Licht: 2","137345","3","1","4","02","20","4","1","2","0","1","0","0"
"POINT (13.686382914000035 52.442203458000051)","Unfall 137346 (2020) Kat:3, Licht: 2","137346","3","6","2","03","19","6","1","2","0","1","0","0"
"POINT (13.357228466000038 52.499202949000050)","Unfall 137347 (2020) Kat:3, Licht: 0","137347","3","5","1","03","10","5","1","0","1","1","0","0"
"POINT (13.301977378000061 52.509404995000068)","Unfall 137348 (2020) Kat:2, Licht: 0","137348","2","5","1","03","12","4","0","0","1","1","0","0"
"POINT (13.378937885000028 52.552931840000042)","Unfall 137349 (2020) Kat:3, Licht: 0","137349","3","5","1","03","17","4","0","0","1","1","0","0"
"POINT (13.380021377000048 52.410496762000037)","Unfall 137350 (2020) Kat:2, Licht: 0","137350","2","3","5","03","11","7","0","0","1","1","0","0"
"POINT (13.404639671000041 52.527502511000080)","Unfall 137351 (2020) Kat:3, Licht: 0","137351","3","3","5","03","12","2","0","0","1","1","0","0"
"POINT (13.454892469000072 52.593302477000066)","Unfall 137352 (2020) Kat:3, Licht: 0","137352","3","3","5","03","11","5","0","0","1","1","0","0"
"POINT (13.426037242000064 52.477555783000071)","Unfall 137353 (2020) Kat:3, Licht: 2","137353","3","3","5","03","00","7","0","2","1","1","0","0"
"POINT (13.434094977000029 52.443196003000082)","Unfall 137354 (2020) Kat:3, Licht: 0","137354","3","6","2","03","11","4","0","0","0","1","0","0"
"POINT (13.416192763000026 52.519923199000061)","Unfall 137355 (2020) Kat:3, Licht: 0","137355","3","2","5","03","09","4","0","0","1","0","0","0"
"POINT (13.499955178000050 52.532772759000068)","Unfall 137356 (2020) Kat:3, Licht: 0","137356","3","2","5","03","12","6","1","0","1","1","0","0"
"POINT (13.207785624000053 52.558127670000033)","Unfall 137357 (2020) Kat:2, Licht: 0","137357","2","5","1","03","11","4","0","0","0","1","0","0"
"POINT (13.353462749000073 52.432477963000053)","Unfall 137358 (2020) Kat:3, Licht: 0","137358","3","6","2","03","17","2","0","0","0","1","0","0"
"POINT (13.461063628000034 52.511147560000040)","Unfall 137359 (2020) Kat:3, Licht: 2","137359","3","3","0","03","18","3","0","2","0","1","0","0"
"POINT (13.485403094000048 52.523188869000080)","Unfall 137360 (2020) Kat:2, Licht: 0","137360","2","3","5","03","10","4","0","0","0","1","0","0"
"POINT (13.387853535000033 52.502943383000058)","Unfall 137361 (2020) Kat:3, Licht: 0","137361","3","2","5","03","14","7","0","0","0","1","0","0"
"POINT (13.404221336000035 52.581480504000069)","Unfall 137362 (2020) Kat:3, Licht: 0","137362","3","3","5","03","08","2","0","0","1","1","0","0"
"POINT (13.353857561000041 52.553863902000046)","Unfall 137363 (2020) Kat:3, Licht: 0","137363","3","2","5","03","15","7","0","0","0","1","0","1"
"POINT (13.378481482000041 52.477627166000048)","Unfall 137364 (2020) Kat:3, Licht: 0","137364","3","6","2","03","15","4","0","0","0","1","0","0"
"POINT (13.411125555000069 52.503519465000068)","Unfall 137365 (2020) Kat:3, Licht: 2","137365","3","3","5","03","20","4","0","2","1","1","0","0"
"POINT (13.384010232000037 52.555396997000059)","Unfall 137366 (2020) Kat:3, Licht: 2","137366","3","5","1","03","18","7","0","2","1","1","0","0"
"POINT (13.480984680000063 52.529019695000045)","Unfall 137367 (2020) Kat:3, Licht: 0","137367","3","7","6","03","15","4","0","0","0","1","1","0"
"POINT (13.330377416000033 52.570251399000028)","Unfall 137368 (2020) Kat:3, Licht: 2","137368","3","3","0","03","21","4","0","2","1","1","0","0"
"POINT (13.531249154000022 52.405123966000076)","Unfall 137369 (2020) Kat:3, Licht: 0","137369","3","2","5","03","10","6","1","0","1","1","0","0"
"POINT (13.414466061000041 52.552071406000039)","Unfall 137370 (2020) Kat:3, Licht: 0","137370","3","3","5","03","08","4","0","0","1","1","0","0"
"POINT (13.318958471000030 52.471681406000073)","Unfall 137371 (2020) Kat:3, Licht: 0","137371","3","6","2","03","13","2","0","0","0","1","0","0"
"POINT (13.430119253000043 52.510528386000033)","Unfall 137372 (2020) Kat:3, Licht: 2","137372","3","2","5","03","22","3","0","2","1","1","0","0"
"POINT (13.426302751000037 52.480987175000053)","Unfall 137373 (2020) Kat:2, Licht: 0","137373","2","4","6","03","08","4","0","0","0","1","1","0"
"POINT (13.340706143000034 52.608912937000071)","Unfall 137374 (2020) Kat:2, Licht: 0","137374","2","4","6","03","13","6","0","0","0","1","1","0"
"POINT (13.458918233000077 52.550598956000044)","Unfall 137375 (2020) Kat:3, Licht: 0","137375","3","3","5","03","17","2","0","0","1","1","0","0"
"POINT (13.328469944000062 52.609191608000060)","Unfall 137376 (2020) Kat:3, Licht: 0","137376","3","3","0","03","13","7","0","0","0","1","0","1"
"POINT (13.321984618000045 52.560585943000035)","Unfall 137377 (2020) Kat:3, Licht: 0","137377","3","6","3","03","12","4","0","0","0","1","0","0"
"POINT (13.395765785000037 52.532405208000057)","Unfall 137378 (2020) Kat:2, Licht: 0","137378","2","1","0","03","17","4","0","0","1","0","0","0"
"POINT (13.313189012000066 52.499904771000047)","Unfall 137379 (2020) Kat:3, Licht: 0","137379","3","2","5","03","15","5","0","0","1","1","0","0"
"POINT (13.240043527000068 52.618743666000057)","Unfall 137380 (2020) Kat:3, Licht: 1","137380","3","2","5","03","17","3","1","1","0","1","0","1"
"POINT (13.524622842000042 52.479063361000044)","Unfall 137381 (2020) Kat:3, Licht: 1","137381","3","6","2","03","17","4","0","1","0","1","0","0"
"POINT (13.362839202000032 52.417556923000063)","Unfall 137382 (2020) Kat:3, Licht: 0","137382","3","3","5","03","16","1","0","0","1","1","0","0"
"POINT (13.507710444000054 52.492444297000077)","Unfall 137383 (2020) Kat:3, Licht: 0","137383","3","3","5","03","07","3","0","0","1","1","0","0"
"POINT (13.338744851000058 52.463656659000037)","Unfall 137384 (2020) Kat:2, Licht: 2","137384","2","7","0","03","23","3","1","2","0","1","0","0"
"POINT (13.349811657000032 52.503215706000049)","Unfall 137385 (2020) Kat:3, Licht: 2","137385","3","2","5","03","19","5","0","2","0","1","0","0"
"POINT (13.558942879000028 52.448542186000054)","Unfall 137386 (2020) Kat:3, Licht: 0","137386","3","3","3","03","12","3","1","0","0","1","0","0"
"POINT (13.174803227000041 52.517527536000046)","Unfall 137387 (2020) Kat:3, Licht: 0","137387","3","6","2","03","07","2","0","0","0","1","0","0"
"POINT (13.327217040000050 52.563246872000036)","Unfall 137388 (2020) Kat:3, Licht: 0","137388","3","5","1","03","08","3","0","0","0","1","0","0"
"POINT (13.452818845000024 52.512414171000046)","Unfall 137389 (2020) Kat:3, Licht: 2","137389","3","3","5","03","23","3","1","2","0","1","0","0"
"POINT (13.405385856000066 52.393772690000048)","Unfall 137390 (2020) Kat:2, Licht: 2","137390","2","5","1","03","19","6","0","2","0","1","0","0"
"POINT (13.315838393000035 52.442765485000052)","Unfall 137391 (2020) Kat:3, Licht: 0","137391","3","6","2","03","07","2","0","0","0","1","0","0"
"POINT (13.355085337000048 52.544035421000046)","Unfall 137392 (2020) Kat:3, Licht: 0","137392","3","2","5","03","12","7","0","0","1","1","0","0"
"POINT (13.479715388000045 52.523772862000044)","Unfall 137393 (2020) Kat:2, Licht: 0","137393","2","4","6","03","16","3","0","0","0","1","1","0"
"POINT (13.232183802000065 52.540637763000063)","Unfall 137394 (2020) Kat:3, Licht: 0","137394","3","2","5","03","15","4","0","0","0","1","0","1"
"POINT (13.346147041000052 52.501052895000043)","Unfall 137395 (2020) Kat:3, Licht: 0","137395","3","2","5","03","13","5","0","0","0","1","0","0"
"POINT (13.390409790000035 52.562944225000081)","Unfall 137396 (2020) Kat:3, Licht: 2","137396","3","4","6","03","20","3","1","2","1","0","1","0"
"POINT (13.337867657000061 52.488377343000082)","Unfall 137397 (2020) Kat:3, Licht: 0","137397","3","5","1","03","17","4","0","0","1","1","0","0"
"POINT (13.530592273000025 52.509521152000048)","Unfall 137398 (2020) Kat:3, Licht: 0","137398","3","1","0","03","11","1","0","0","0","0","0","1"
"POINT (13.348685905000025 52.406584014000032)","Unfall 137399 (2020) Kat:3, Licht: 0","137399","3","3","5","03","13","2","0","0","0","1","0","1"
"POINT (13.521726137000030 52.554002922000052)","Unfall 137400 (2020) Kat:2, Licht: 0","137400","2","2","5","03","14","5","0","0","0","1","0","1"
"POINT (13.438595454000051 52.452630699000053)","Unfall 137401 (2020) Kat:3, Licht: 2","137401","3","2","5","03","02","1","0","2","0","1","0","0"
"POINT (13.359701571000073 52.554253808000055)","Unfall 137402 (2020) Kat:3, Licht: 2","137402","3","5","2","03","20","3","1","2","0","1","0","0"
"POINT (13.439209537000067 52.425324294000063)","Unfall 137403 (2020) Kat:2, Licht: 0","137403","2","3","5","03","16","5","0","0","0","0","0","1"
"POINT (13.455402308000032 52.474082698000075)","Unfall 137404 (2020) Kat:3, Licht: 0","137404","3","6","2","03","15","6","0","0","0","1","0","1"
"POINT (13.574592568000071 52.531768557000078)","Unfall 137405 (2020) Kat:3, Licht: 0","137405","3","3","5","03","15","5","0","0","1","1","0","0"
"POINT (13.300247400000046 52.439749338000070)","Unfall 137406 (2020) Kat:2, Licht: 0","137406","2","6","3","03","12","2","0","0","1","0","0","0"
"POINT (13.376491759000032 52.543147442000077)","Unfall 137407 (2020) Kat:3, Licht: 0","137407","3","2","2","03","11","5","0","0","0","1","0","1"
"POINT (13.474586082000030 52.504718513000057)","Unfall 137408 (2020) Kat:2, Licht: 1","137408","2","4","6","03","17","6","1","1","0","1","1","0"