WKT,Name,OBJECTID,UKATEGORIE,UTYP1,UART,UMONAT,USTUNDE,UWOCHENTAG,STRZUSTAND,ULICHTVERH,ISTRAD,ISTPKW,ISTFUSS,ISTKRAD
"POINT (13.433860237000033 52.508750428000042)","Unfall 137409 (2020) Kat:2, Licht: 0","137409","2","4","6","03","12","3","0","0","1","0","1","0"
"POINT (13.370432336000022 52.468396640000037)","Unfall 137410 (2020) Kat:2, Licht: 0","137410","2","3","5","03","11","4","0","0","1","1","0","0"
"POINT (13.502426132000039 52.481178619000048)","Unfall 137411 (2020) Kat:3, Licht: 0","137411","3","6","2","03","10","5","0","0","0","1","0","0"
"POINT (13.383726055000068 52.554991376000032)","Unfall 137412 (2020) Kat:3, Licht: 0","137412","3","2","5","03","16","3","1","0","1","1","0","0"
"POINT (13.323630571000024 52.493846867000059)","Unfall 137413 (2020) Kat:3, Licht: 0","137413","3","4","6","03","16","4","0","0","0","1","1","0"
"POINT (13.449984815000050 52.536758346000056)","Unfall 137414 (2020) Kat:3, Licht: 2","137414","3","1","0","03","05","7","0","2","1","0","0","0"
"POINT (13.392547266000065 52.492096313000047)","Unfall 137415 (2020) Kat:3, Licht: 0","137415","3","4","6","03","11","2","0","0","1","0","1","0"
"POINT (13.344108921000043 52.435331857000051)","Unfall 137416 (2020) Kat:3, Licht: 0","137416","3","6","3","03","17","7","0","0","1","1","0","0"
"POINT (13.326785800000039 52.536974113000042)","Unfall 137417 (2020) Kat:3, Licht: 2","137417","3","6","0","03","22","3","1","2","0","0","0","0"
"POINT (13.400113193000038 52.459071146000042)","Unfall 137418 (2020) Kat:3, Licht: 0","137418","3","2","5","03","06","4","0","0","1","0","0","0"
"POINT (13.421480595000048 52.465021036000053)","Unfall 137419 (2020) Kat:2, Licht: 2","137419","2","5","1","03","05","6","0","2","0","1","0","0"
"POINT (13.381807174000073 52.443797519000043)","Unfall 137420 (2020) Kat:3, Licht: 0","137420","3","1","0","03","09","3","1","0","1","0","0","0"
"POINT (13.441110262000052 52.518197240000063)","Unfall 137421 (2020) Kat:3, Licht: 0","137421","3","3","5","03","17","2","0","0","1","1","0","0"
"POINT (13.511268638000047 52.504223877000072)","Unfall 137422 (2020) Kat:3, Licht: 0","137422","3","6","2","03","15","3","0","0","0","1","0","0"
"POINT (13.188718373000029 52.521637418000068)","Unfall 137423 (2020) Kat:2, Licht: 2","137423","2","2","5","03","19","3","1","2","1","1","0","0"
"POINT (13.326413981000030 52.604497251000055)","Unfall 137424 (2020) Kat:2, Licht: 2","137424","2","2","6","03","19","3","1","2","0","1","1","0"
"POINT (13.417715493000060 52.464770406000071)","Unfall 137425 (2020) Kat:2, Licht: 2","137425","2","3","5","03","05","2","0","2","0","1","0","1"
"POINT (13.435684670000057 52.452570253000033)","Unfall 137426 (2020) Kat:3, Licht: 2","137426","3","2","5","03","04","4","0","2","0","0","0","1"
"POINT (13.280969689000074 52.476830553000070)","Unfall 137427 (2020) Kat:3, Licht: 0","137427","3","2","2","03","14","4","1","0","0","1","0","0"
"POINT (13.353767490000052 52.562516130000063)","Unfall 137428 (2020) Kat:3, Licht: 2","137428","3","4","6","03","19","3","1","2","0","1","1","0"
"POINT (13.607081812000047 52.538815846000034)","Unfall 137429 (2020) Kat:3, Licht: 0","137429","3","4","6","03","17","7","0","0","0","1","1","0"
"POINT (13.335384687000044 52.565146209000034)","Unfall 137430 (2020) Kat:3, Licht: 0","137430","3","6","3","03","09","2","0","0","0","1","0","0"
"POINT (13.317160104000038 52.501172081000050)","Unfall 137431 (2020) Kat:3, Licht: 0","137431","3","6","2","03","16","7","0","0","0","1","0","1"
"POINT (13.389376973000026 52.495963406000044)","Unfall 137432 (2020) Kat:3, Licht: 2","137432","3","2","5","03","19","4","0","2","1","1","0","0"
"POINT (13.272019036000074 52.508845194000060)","Unfall 137433 (2020) Kat:3, Licht: 0","137433","3","2","5","03","11","4","0","0","1","1","0","0"
"POINT (13.291740144000073 52.497337381000079)","Unfall 137434 (2020) Kat:3, Licht: 2","137434","3","6","2","03","01","6","0","2","0","1","0","0"
"POINT (13.395316340000022 52.497543867000047)","Unfall 137435 (2020) Kat:3, Licht: 2","137435","3","3","5","03","19","3","1","2","1","1","0","0"
"POINT (13.380206804000068 52.589824283000041)","Unfall 137436 (2020) Kat:3, Licht: 0","137436","3","2","5","03","10","2","0","0","1","1","0","0"
"POINT (13.621653294000055 52.524669042000028)","Unfall 137437 (2020) Kat:3, Licht: 2","137437","3","2","2","03","19","3","0","2","0","1","0","1"
"POINT (13.390065529000026 52.509393495000040)","Unfall 137438 (2020) Kat:2, Licht: 2","137438","2","3","5","03","19","3","1","2","1","1","0","0"
"POINT (13.329911171000049 52.569498896000027)","Unfall 137439 (2020) Kat:3, Licht: 0","137439","3","6","3","03","13","6","0","0","0","1","0","1"
"POINT (13.341846364000048 52.447233120000078)","Unfall 137440 (2020) Kat:3, Licht: 0","137440","3","4","6","03","16","2","0","0","0","1","1","0"
"POINT (13.495929732000036 52.626019653000071)","Unfall 137441 (2020) Kat:3, Licht: 0","137441","3","2","5","03","12","7","0","0","1","1","0","0"
"POINT (13.430416919000038 52.551251432000072)","Unfall 137442 (2020) Kat:3, Licht: 2","137442","3","2","5","03","23","6","0","2","0","1","0","0"
"POINT (13.575377401000026 52.447088350000058)","Unfall 137443 (2020) Kat:3, Licht: 0","137443","3","5","1","03","08","2","0","0","1","1","0","0"
"POINT (13.280310848000056 52.630135913000061)","Unfall 137444 (2020) Kat:3, Licht: 0","137444","3","3","5","03","15","7","0","0","0","1","0","1"
"POINT (13.366586535000067 52.427055263000057)","Unfall 137445 (2020) Kat:3, Licht: 0","137445","3","5","1","03","14","4","0","0","1","1","0","0"
"POINT (13.519221224000034 52.464469016000066)","Unfall 137446 (2020) Kat:3, Licht: 2","137446","3","2","6","03","19","4","0","2","0","1","1","0"
"POINT (13.315058247000024 52.514475249000043)","Unfall 137447 (2020) Kat:2, Licht: 2","137447","2","4","6","03","18","5","0","2","0","1","1","0"
"POINT (13.373161070000037 52.424836126000059)","Unfall 137448 (2020) Kat:2, Licht: 2","137448","2","2","6","03","19","3","1","2","0","1","1","0"
"POINT (13.181084383000041 52.481200183000055)","Unfall 137449 (2020) Kat:3, Licht: 0","137449","3","1","0","03","16","2","0","0","0","0","0","1"
"POINT (13.199200095000037 52.548537626000041)","Unfall 137450 (2020) Kat:3, Licht: 0","137450","3","5","1","03","15","3","0","0","0","1","0","0"
"POINT (13.319808418000036 52.606940594000037)","Unfall 137451 (2020) Kat:2, Licht: 2","137451","2","2","6","03","18","3","1","2","0","1","1","0"
"POINT (13.321162849000075 52.472900873000071)","Unfall 137452 (2020) Kat:3, Licht: 0","137452","3","6","3","03","08","5","0","0","1","1","0","0"
"POINT (13.571874353000055 52.568340950000049)","Unfall 137453 (2020) Kat:3, Licht: 0","137453","3","2","5","03","14","2","0","0","0","1","0","0"
"POINT (13.376803737000046 52.509532423000053)","Unfall 137454 (2020) Kat:3, Licht: 0","137454","3","1","0","03","14","5","0","0","1","0","0","0"
"POINT (13.422671162000029 52.541513072000043)","Unfall 137455 (2020) Kat:2, Licht: 2","137455","2","3","5","03","20","6","1","2","0","1","0","0"
"POINT (13.507669120000060 52.441127457000050)","Unfall 137456 (2020) Kat:2, Licht: 0","137456","2","7","0","03","14","3","0","0","0","1","0","0"
"POINT (13.396567238000046 52.440121865000037)","Unfall 137457 (2020) Kat:2, Licht: 0","137457","2","4","6","03","13","4","0","0","0","1","1","0"
"POINT (13.368088368000031 52.409983260000047)","Unfall 137458 (2020) Kat:3, Licht: 0","137458","3","6","3","03","12","5","1","0","0","1","0","0"
"POINT (13.379861394000045 52.540169503000072)","Unfall 137459 (2020) Kat:3, Licht: 2","137459","3","3","5","03","18","3","1","2","1","1","0","0"
"POINT (13.318206124000028 52.413938241000039)","Unfall 137460 (2020) Kat:3, Licht: 0","137460","3","7","0","03","16","4","0","0","0","1","0","0"
"POINT (13.499303034000036 52.635323954000057)","Unfall 137461 (2020) Kat:3, Licht: 0","137461","3","2","5","03","11","7","0","0","1","1","0","0"
"POINT (13.444216210000036 52.552743738000061)","Unfall 137462 (2020) Kat:3, Licht: 0","137462","3","3","5","03","12","2","0","0","1","1","0","0"
"POINT (13.333239138000067 52.560935495000081)","Unfall 137463 (2020) Kat:3, Licht: 0","137463","3","2","5","03","12","3","0","0","1","1","0","0"
"POINT (13.247891804000062 52.548751994000042)","Unfall 137464 (2020) Kat:2, Licht: 0","137464","2","2","5","03","15","4","0","0","0","1","0","1"
"POINT (13.326832262000039 52.454937986000061)","Unfall 137465 (2020) Kat:2, Licht: 0","137465","2","2","5","03","13","5","0","0","0","0","0","1"
"POINT (13.405825386000060 52.513991967000038)","Unfall 137466 (2020) Kat:3, Licht: 2","137466","3","2","5","03","18","3","1","2","1","1","0","0"
"POINT (13.400356430000045 52.463991526000029)","Unfall 137467 (2020) Kat:2, Licht: 0","137467","2","5","1","03","15","4","0","0","0","0","0","1"
"POINT (13.550600966000047 52.448471794000056)","Unfall 137468 (2020) Kat:3, Licht: 0","137468","3","6","2","03","14","1","0","0","1","0","0","0"
"POINT (13.316636815000038 52.579058111000052)","Unfall 137469 (2020) Kat:3, Licht: 0","137469","3","7","6","03","13","3","0","0","1","0","1","0"
"POINT (13.447813040000028 52.489758315000074)","Unfall 137470 (2020) Kat:3, Licht: 0","137470","3","3","5","03","15","5","0","0","1","0","0","0"
"POINT (13.274523952000038 52.577485020000040)","Unfall 137471 (2020) Kat:3, Licht: 0","137471","3","3","5","03","16","1","0","0","1","0","0","0"
"POINT (13.250331031000030 52.453722708000043)","Unfall 137472 (2020) Kat:3, Licht: 0","137472","3","3","5","03","08","5","0","0","0","1","0","0"
"POINT (13.274096327000052 52.508172890000026)","Unfall 137473 (2020) Kat:3, Licht: 0","137473","3","6","2","03","08","4","0","0","0","1","0","0"
"POINT (13.405974800000024 52.450699359000055)","Unfall 137474 (2020) Kat:3, Licht: 0","137474","3","6","2","03","15","6","0","0","0","1","0","0"
"POINT (13.314266070000031 52.508669699000052)","Unfall 137475 (2020) Kat:3, Licht: 0","137475","3","6","2","03","11","3","0","0","0","1","0","0"
"POINT (13.523259901000074 52.485824826000055)","Unfall 137476 (2020) Kat:3, Licht: 0","137476","3","5","1","03","12","4","0","0","1","1","0","0"
"POINT (13.485218449000058 52.616207868000060)","Unfall 137477 (2020) Kat:3, Licht: 0","137477","3","5","1","03","09","5","0","0","1","1","0","0"
"POINT (13.317878816000075 52.528651448000062)","Unfall 137478 (2020) Kat:3, Licht: 2","137478","3","5","5","03","20","3","1","2","0","1","0","0"
"POINT (13.426508947000059 52.522892316000082)","Unfall 137479 (2020) Kat:3, Licht: 0","137479","3","4","6","03","14","4","0","0","0","1","0","0"
"POINT (13.373827215000063 52.571317457000077)","Unfall 137480 (2020) Kat:3, Licht: 2","137480","3","3","5","03","20","7","0","2","0","1","0","0"
"POINT (13.300689946000034 52.488058401000046)","Unfall 137481 (2020) Kat:3, Licht: 0","137481","3","6","2","03","11","2","0","0","0","0","0","1"
"POINT (13.412171088000036 52.498740983000062)","Unfall 137482 (2020) Kat:3, Licht: 0","137482","3","3","5","03","08","4","0","0","1","1","0","0"
"POINT (13.314687692000064 52.529591043000039)","Unfall 137483 (2020) Kat:3, Licht: 2","137483","3","2","2","03","20","7","0","2","0","1","0","0"
"POINT (13.454856197000026 52.592916572000036)","Unfall 137484 (2020) Kat:3, Licht: 0","137484","3","3","5","03","07","4","1","0","1","1","0","0"
"POINT (13.322236020000048 52.410381988000040)","Unfall 137485 (2020) Kat:3, Licht: 0","137485","3","3","5","03","14","5","0","0","0","1","0","1"
"POINT (13.345148637000023 52.554305226000054)","Unfall 137486 (2020) Kat:3, Licht: 0","137486","3","2","5","03","11","7","0","0","0","1","0","0"
"POINT (13.345201491000068 52.504086613000027)","Unfall 137487 (2020) Kat:3, Licht: 1","137487","3","6","2","03","16","3","1","1","0","1","0","0"
"POINT (13.466413083000077 52.550179516000071)","Unfall 137488 (2020) Kat:3, Licht: 0","137488","3","5","3","03","09","4","0","0","0","1","0","0"
"POINT (13.453369886000075 52.439888457000052)","Unfall 137489 (2020) Kat:3, Licht: 0","137489","3","7","2","03","11","6","1","0","0","1","0","0"
"POINT (13.202743359000067 52.537895344000049)","Unfall 137490 (2020) Kat:3, Licht: 1","137490","3","7","6","03","16","3","1","1","0","1","1","0"
"POINT (13.507831861000057 52.546238554000070)","Unfall 137491 (2020) Kat:3, Licht: 0","137491","3","3","5","03","17","2","0","0","1","1","0","0"
"POINT (13.266066725000030 52.512988906000032)","Unfall 137492 (2020) Kat:3, Licht: 0","137492","3","2","5","03","15","3","0","0","1","1","0","0"
"POINT (13.416972474000033 52.523977416000037)","Unfall 137493 (2020) Kat:3, Licht: 0","137493","3","5","0","03","08","4","0","0","1","1","0","0"
"POINT (13.421276406000061 52.549355331000072)","Unfall 137494 (2020) Kat:3, Licht: 0","137494","3","1","8","03","15","3","1","0","0","1","0","0"
"POINT (13.366965715000049 52.433946493000064)","Unfall 137495 (2020) Kat:2, Licht: 0","137495","2","1","0","03","15","7","0","0","1","0","0","0"
"POINT (13.421734865000076 52.544969861000027)","Unfall 137496 (2020) Kat:3, Licht: 1","137496","3","6","2","03","18","2","0","1","0","1","0","0"
"POINT (13.569355819000066 52.553483250000056)","Unfall 137497 (2020) Kat:2, Licht: 0","137497","2","3","5","03","07","4","0","0","1","1","0","0"
"POINT (13.248151569000072 52.536374020000039)","Unfall 137498 (2020) Kat:3, Licht: 0","137498","3","1","4","03","15","7","0","0","0","1","0","1"
"POINT (13.360859384000037 52.490153698000029)","Unfall 137499 (2020) Kat:3, Licht: 0","137499","3","1","0","03","16","4","0","0","0","0","0","1"
"POINT (13.368654355000047 52.574494795000078)","Unfall 137500 (2020) Kat:2, Licht: 2","137500","2","1","0","03","19","4","0","2","1","0","0","0"
"POINT (13.441412074000027 52.501364423000041)","Unfall 137501 (2020) Kat:3, Licht: 0","137501","3","7","0","03","15","5","0","0","1","0","0","0"
"POINT (13.282950776000064 52.533844076000037)","Unfall 137502 (2020) Kat:3, Licht: 0","137502","3","7","0","03","15","3","1","0","0","1","0","1"
"POINT (13.192609902000072 52.536047617000065)","Unfall 137503 (2020) Kat:3, Licht: 0","137503","3","7","5","03","08","2","0","0","0","1","0","1"
"POINT (13.403330689000029 52.534056736000082)","Unfall 137504 (2020) Kat:3, Licht: 0","137504","3","3","5","03","09","3","0","0","1","1","0","0"
"POINT (13.491332865000061 52.469120920000080)","Unfall 137505 (2020) Kat:2, Licht: 0","137505","2","3","5","03","06","4","0","0","1","1","0","0"
"POINT (13.565457782000067 52.534292360000052)","Unfall 137506 (2020) Kat:3, Licht: 0","137506","3","2","5","03","10","5","0","0","0","1","0","0"
"POINT (13.455592841000055 52.473992222000049)","Unfall 137507 (2020) Kat:3, Licht: 0","137507","3","5","2","03","09","6","0","0","0","1","0","0"
"POINT (13.290136586000074 52.475717666000037)","Unfall 137508 (2020) Kat:3, Licht: 0","137508","3","3","5","03","07","3","1","0","1","1","0","0"
"POINT (13.560588453000037 52.446317431000068)","Unfall 137509 (2020) Kat:3, Licht: 0","137509","3","6","3","03","14","2","0","0","0","1","0","0"
"POINT (13.454252879000023 52.429884092000066)","Unfall 137510 (2020) Kat:3, Licht: 0","137510","3","7","0","03","15","3","0","0","0","0","0","0"
"POINT (13.607924369000045 52.453115929000035)","Unfall 137511 (2020) Kat:3, Licht: 0","137511","3","7","2","03","15","3","1","0","0","1","0","0"
"POINT (13.375732695000067 52.504432306000069)","Unfall 137512 (2020) Kat:3, Licht: 0","137512","3","4","6","03","16","6","0","0","0","0","1","1"
"POINT (13.325318140000036 52.461581946000081)","Unfall 137513 (2020) Kat:3, Licht: 1","137513","3","7","6","03","18","2","0","1","1","0","1","0"
"POINT (13.347095877000072 52.427774898000052)","Unfall 137514 (2020) Kat:3, Licht: 0","137514","3","6","2","03","07","4","1","0","0","1","0","0"
"POINT (13.300007424000057 52.583116132000043)","Unfall 137515 (2020) Kat:3, Licht: 0","137515","3","2","5","03","14","7","0","0","1","1","0","0"
"POINT (13.420512450000047 52.567188357000077)","Unfall 137516 (2020) Kat:3, Licht: 0","137516","3","7","0","03","13","4","0","0","1","0","0","0"
"POINT (13.553280582000070 52.469564901000069)","Unfall 137517 (2020) Kat:3, Licht: 1","137517","3","3","5","03","18","4","0","1","1","1","0","0"
"POINT (13.487943130000076 52.518413452000061)","Unfall 137518 (2020) Kat:3, Licht: 0","137518","3","3","5","03","16","5","0","0","1","1","0","0"
"POINT (13.494350448000034 52.430866069000047)","Unfall 137519 (2020) Kat:2, Licht: 0","137519","2","7","0","03","14","3","1","0","1","0","0","0"
"POINT (13.312980101000051 52.567756252000038)","Unfall 137520 (2020) Kat:3, Licht: 0","137520","3","4","6","03","14","4","0","0","0","1","1","0"
"POINT (13.411247225000068 52.528363756000033)","Unfall 137521 (2020) Kat:2, Licht: 2","137521","2","7","0","03","19","1","0","2","0","1","0","0"
"POINT (13.329270994000069 52.587327351000056)","Unfall 137522 (2020) Kat:3, Licht: 0","137522","3","6","2","03","07","3","0","0","0","1","0","0"
"POINT (13.374167970000030 52.556499764000080)","Unfall 137523 (2020) Kat:3, Licht: 0","137523","3","6","3","03","14","3","1","0","0","1","0","0"
"POINT (13.580013731000065 52.418025418000070)","Unfall 137524 (2020) Kat:3, Licht: 0","137524","3","5","1","03","17","5","0","0","0","1","0","0"
"POINT (13.458977246000075 52.529048953000029)","Unfall 137525 (2020) Kat:3, Licht: 2","137525","3","7","7","03","01","2","0","2","1","0","0","0"
"POINT (13.324778638000055 52.532069270000079)","Unfall 137526 (2020) Kat:3, Licht: 0","137526","3","4","6","03","12","5","0","0","0","1","1","0"
"POINT (13.264849520000041 52.536749242000042)","Unfall 137527 (2020) Kat:3, Licht: 0","137527","3","2","5","03","12","3","1","0","0","1","0","0"
"POINT (13.411053566000021 52.554158419000032)","Unfall 137528 (2020) Kat:3, Licht: 0","137528","3","3","5","03","13","6","0","0","1","1","0","0"
"POINT (13.395480777000046 52.424402024000074)","Unfall 137529 (2020) Kat:3, Licht: 0","137529","3","4","6","03","16","2","0","0","0","0","1","0"
"POINT (13.519201334000059 52.531400708000035)","Unfall 137530 (2020) Kat:3, Licht: 0","137530","3","2","5","03","12","7","0","0","0","1","0","0"
"POINT (13.351548193000042 52.505552186000045)","Unfall 137531 (2020) Kat:3, Licht: 2","137531","3","3","5","03","20","3","0","2","1","1","0","0"
"POINT (13.384053933000075 52.555770923000068)","Unfall 137532 (2020) Kat:3, Licht: 0","137532","3","2","5","03","16","4","0","0","0","1","0","0"
"POINT (13.157337178000034 52.548912602000030)","Unfall 137533 (2020) Kat:3, Licht: 0","137533","3","5","1","03","13","5","0","0","0","1","0","0"
"POINT (13.321735956000055 52.456641947000037)","Unfall 137534 (2020) Kat:3, Licht: 0","137534","3","4","0","03","12","3","1","0","0","0","1","0"
"POINT (13.508322321000037 52.564332314000069)","Unfall 137535 (2020) Kat:2, Licht: 0","137535","2","6","2","03","14","4","0","0","0","1","0","0"
"POINT (13.471333725000022 52.476680525000063)","Unfall 137536 (2020) Kat:3, Licht: 0","137536","3","1","9","03","13","1","0","0","0","0","0","1"
"POINT (13.491469577000032 52.558499670000060)","Unfall 137537 (2020) Kat:3, Licht: 0","137537","3","5","1","03","11","3","0","0","1","1","0","0"
"POINT (13.200731935000022 52.538398820000054)","Unfall 137538 (2020) Kat:3, Licht: 0","137538","3","6","2","03","06","4","0","0","0","1","0","0"
"POINT (13.182387564000067 52.538429292000046)","Unfall 137539 (2020) Kat:2, Licht: 2","137539","2","2","2","03","00","5","0","2","0","1","0","0"
"POINT (13.181268748000036 52.422428878000062)","Unfall 137540 (2020) Kat:2, Licht: 0","137540","2","6","4","03","12","1","0","0","0","1","0","1"
"POINT (13.206145736000053 52.542669005000050)","Unfall 137541 (2020) Kat:2, Licht: 0","137541","2","1","0","03","15","5","0","0","1","0","0","0"
"POINT (13.284968685000024 52.587713750000034)","Unfall 137542 (2020) Kat:3, Licht: 0","137542","3","7","0","03","14","4","0","0","1","0","0","0"
"POINT (13.407021934000056 52.444607494000081)","Unfall 137543 (2020) Kat:3, Licht: 0","137543","3","4","6","03","14","6","0","0","0","1","1","0"
"POINT (13.317831184000056 52.414302791000068)","Unfall 137544 (2020) Kat:3, Licht: 1","137544","3","7","1","03","18","3","0","1","0","1","0","1"
"POINT (13.327079649000041 52.457987134000064)","Unfall 137545 (2020) Kat:3, Licht: 0","137545","3","4","0","03","10","4","0","0","0","1","1","0"
"POINT (13.383468232000041 52.503371089000041)","Unfall 137546 (2020) Kat:3, Licht: 2","137546","3","3","5","03","05","5","1","2","1","1","0","0"
"POINT (13.429190776000041 52.571975158000043)","Unfall 137547 (2020) Kat:3, Licht: 2","137547","3","1","0","03","18","6","1","2","0","0","0","1"
"POINT (13.418608050000046 52.546867791000068)","Unfall 137548 (2020) Kat:3, Licht: 0","137548","3","7","5","03","12","3","0","0","0","1","0","0"
"POINT (13.395756826000024 52.497874385000046)","Unfall 137549 (2020) Kat:3, Licht: 0","137549","3","2","5","03","12","4","0","0","0","1","0","0"
"POINT (13.282955999000023 52.512826722000057)","Unfall 137550 (2020) Kat:2, Licht: 0","137550","2","5","4","03","10","5","1","0","0","1","0","0"
"POINT (13.429552595000075 52.498211832000038)","Unfall 137551 (2020) Kat:3, Licht: 0","137551","3","3","5","03","12","3","1","0","0","1","0","0"
"POINT (13.463367508000033 52.424348719000079)","Unfall 137552 (2020) Kat:3, Licht: 0","137552","3","4","6","03","14","4","0","0","0","1","1","0"
"POINT (13.229080437000050 52.425799192000056)","Unfall 137553 (2020) Kat:3, Licht: 0","137553","3","4","6","03","11","7","0","0","0","1","1","0"
"POINT (13.432985757000040 52.452425511000058)","Unfall 137554 (2020) Kat:3, Licht: 0","137554","3","2","5","03","12","2","0","0","0","1","0","0"
"POINT (13.339140931000031 52.463085105000062)","Unfall 137555 (2020) Kat:3, Licht: 0","137555","3","7","1","03","11","5","0","0","0","1","0","0"
"POINT (13.469489275000058 52.497177449000048)","Unfall 137556 (2020) Kat:3, Licht: 2","137556","3","1","0","03","00","7","0","2","0","0","0","0"
"POINT (13.425487743000076 52.586534701000062)","Unfall 137557 (2020) Kat:3, Licht: 0","137557","3","3","5","03","11","3","1","0","0","1","0","0"
"POINT (13.464963969000053 52.465713506000043)","Unfall 137558 (2020) Kat:3, Licht: 0","137558","3","7","5","03","09","4","0","0","0","1","0","1"
"POINT (13.624749777000034 52.451159910000058)","Unfall 137559 (2020) Kat:3, Licht: 0","137559","3","2","6","03","11","6","0","0","0","1","1","0"
"POINT (13.296809794000069 52.548122618000036)","Unfall 137560 (2020) Kat:3, Licht: 0","137560","3","2","5","03","11","3","1","0","0","1","0","0"
"POINT (13.442189892000044 52.500941098000055)","Unfall 137561 (2020) Kat:3, Licht: 0","137561","3","6","0","03","17","2","0","0","0","1","0","1"
"POINT (13.425782108000021 52.546433946000036)","Unfall 137562 (2020) Kat:3, Licht: 0","137562","3","4","6","03","16","3","0","0","1","0","1","0"
"POINT (13.451253384000040 52.520330696000030)","Unfall 137563 (2020) Kat:3, Licht: 1","137563","3","6","3","03","07","3","0","1","1","1","0","0"
"POINT (13.352980057000025 52.499327436000044)","Unfall 137564 (2020) Kat:2, Licht: 0","137564","2","3","5","03","12","7","0","0","1","1","0","0"
"POINT (13.315290194000056 52.430639587000030)","Unfall 137565 (2020) Kat:3, Licht: 0","137565","3","6","2","03","08","2","0","0","0","1","0","0"
"POINT (13.301882747000036 52.517278092000026)","Unfall 137566 (2020) Kat:3, Licht: 2","137566","3","5","1","03","20","4","0","2","1","1","0","0"
"POINT (13.268925078000052 52.511569069000075)","Unfall 137567 (2020) Kat:3, Licht: 0","137567","3","6","2","03","10","3","1","0","0","1","0","1"
"POINT (13.358482297000023 52.612117623000074)","Unfall 137568 (2020) Kat:2, Licht: 1","137568","2","3","5","03","18","7","0","1","0","1","0","1"
"POINT (13.311664650000068 52.506342319000055)","Unfall 137569 (2020) Kat:3, Licht: 0","137569","3","7","0","03","10","2","0","0","1","0","0","0"
"POINT (13.195667983000021 52.529461241000035)","Unfall 137570 (2020) Kat:3, Licht: 0","137570","3","3","5","03","17","7","0","0","0","1","0","0"
"POINT (13.376582501000030 52.528667310000060)","Unfall 137571 (2020) Kat:3, Licht: 2","137571","3","1","9","03","21","4","0","2","0","0","0","1"
"POINT (13.382480560000033 52.548744076000048)","Unfall 137572 (2020) Kat:3, Licht: 2","137572","3","7","0","03","18","4","1","2","0","0","0","1"
"POINT (13.351423872000055 52.509828644000038)","Unfall 137573 (2020) Kat:3, Licht: 2","137573","3","1","8","03","02","6","0","2","0","1","0","0"
"POINT (13.258769266000058 52.534614085000044)","Unfall 137574 (2020) Kat:3, Licht: 0","137574","3","7","5","03","09","3","1","0","0","1","0","1"
"POINT (13.326961629000039 52.519896051000046)","Unfall 137575 (2020) Kat:2, Licht: 0","137575","2","7","5","03","11","2","0","0","0","1","0","0"
"POINT (13.406398205000073 52.427368037000065)","Unfall 137576 (2020) Kat:3, Licht: 2","137576","3","5","1","03","21","3","0","2","0","1","0","1"
"POINT (13.294474433000062 52.576435555000046)","Unfall 137577 (2020) Kat:3, Licht: 0","137577","3","4","6","03","08","3","0","0","0","1","1","0"
"POINT (13.305577766000056 52.507911052000054)","Unfall 137578 (2020) Kat:3, Licht: 0","137578","3","7","2","03","13","6","0","0","0","0","0","1"
"POINT (13.570193013000051 52.540727987000082)","Unfall 137579 (2020) Kat:3, Licht: 0","137579","3","6","2","03","16","2","0","0","0","1","0","0"
"POINT (13.441121491000047 52.549548025000036)","Unfall 137580 (2020) Kat:3, Licht: 0","137580","3","3","5","03","13","7","0","0","1","1","0","0"
"POINT (13.352166234000038 52.506362066000065)","Unfall 137581 (2020) Kat:3, Licht: 0","137581","3","3","5","03","10","4","0","0","0","1","0","0"
"POINT (13.345827005000046 52.500074181000059)","Unfall 137582 (2020) Kat:3, Licht: 0","137582","3","3","5","03","15","4","0","0","0","1","0","0"
"POINT (13.471205401000077 52.514553988000046)","Unfall 137583 (2020) Kat:3, Licht: 0","137583","3","5","5","03","14","5","0","0","0","1","0","0"
"POINT (13.292505037000069 52.509626958000069)","Unfall 137584 (2020) Kat:3, Licht: 0","137584","3","5","0","03","08","3","0","0","1","1","0","0"
"POINT (13.291335424000067 52.581024427000045)","Unfall 137585 (2020) Kat:3, Licht: 0","137585","3","2","5","03","15","7","0","0","1","1","0","0"
"POINT (13.254471637000051 52.443530347000035)","Unfall 137586 (2020) Kat:3, Licht: 0","137586","3","1","8","03","15","4","0","0","0","1","0","0"
"POINT (13.157880300000045 52.543127586000026)","Unfall 137587 (2020) Kat:3, Licht: 2","137587","3","6","2","03","19","4","0","2","0","1","0","1"
"POINT (13.320254069000043 52.520097655000029)","Unfall 137588 (2020) Kat:3, Licht: 2","137588","3","5","1","03","18","5","0","2","1","0","0","0"
"POINT (13.493068939000068 52.623861911000063)","Unfall 137589 (2020) Kat:3, Licht: 0","137589","3","3","5","03","07","3","0","0","1","1","0","0"
"POINT (13.385029048000035 52.435537559000068)","Unfall 137590 (2020) Kat:2, Licht: 1","137590","2","1","0","03","05","2","0","1","0","0","0","1"
"POINT (13.285835553000027 52.479122079000035)","Unfall 137591 (2020) Kat:2, Licht: 0","137591","2","5","1","03","14","3","0","0","1","1","0","0"
"POINT (13.247914044000026 52.536516654000081)","Unfall 137592 (2020) Kat:3, Licht: 0","137592","3","6","2","03","09","2","1","0","0","1","0","0"
"POINT (13.354764871000043 52.458632168000065)","Unfall 137593 (2020) Kat:3, Licht: 0","137593","3","6","3","03","16","5","0","0","0","1","0","1"
"POINT (13.372943107000026 52.540188539000042)","Unfall 137594 (2020) Kat:3, Licht: 0","137594","3","3","5","03","15","2","0","0","0","1","0","0"