WKT,Name,OBJECTID,UKATEGORIE,UTYP1,UART,UMONAT,USTUNDE,UWOCHENTAG,STRZUSTAND,ULICHTVERH,ISTRAD,ISTPKW,ISTFUSS,ISTKRAD
"POINT (13.428518276000034 52.547855839000079)","Unfall 137595 (2020) Kat:3, Licht: 2","137595","3","2","5","03","19","4","0","2","0","1","0","0"
"POINT (13.573709140000062 52.566528389000041)","Unfall 137596 (2020) Kat:2, Licht: 2","137596","2","4","6","03","22","6","0","2","0","1","1","0"
"POINT (13.364183908000030 52.556567068000049)","Unfall 137597 (2020) Kat:3, Licht: 0","137597","3","6","2","03","15","3","0","0","0","1","0","0"
"POINT (13.561660669000048 52.444667162000030)","Unfall 137598 (2020) Kat:3, Licht: 0","137598","3","7","5","03","14","4","0","0","1","0","0","0"
"POINT (13.373857064000049 52.520956943000044)","Unfall 137599 (2020) Kat:3, Licht: 0","137599","3","7","0","03","11","5","1","0","1","0","0","0"
"POINT (13.346276717000023 52.501077645000066)","Unfall 137600 (2020) Kat:3, Licht: 2","137600","3","2","5","03","20","2","0","2","0","1","0","0"
"POINT (13.328807915000027 52.478838076000045)","Unfall 137601 (2020) Kat:3, Licht: 0","137601","3","2","2","03","14","4","0","0","0","1","0","0"
"POINT (13.226894140000070 52.626936641000043)","Unfall 137602 (2020) Kat:3, Licht: 2","137602","3","1","8","03","00","1","0","2","0","1","0","0"
"POINT (13.196435871000062 52.530448209000042)","Unfall 137603 (2020) Kat:3, Licht: 0","137603","3","3","0","03","11","2","0","0","0","1","0","1"
"POINT (13.562232133000066 52.511177225000040)","Unfall 137604 (2020) Kat:3, Licht: 0","137604","3","6","2","03","14","5","0","0","0","1","0","0"
"POINT (13.360719115000052 52.417354822000050)","Unfall 137605 (2020) Kat:3, Licht: 0","137605","3","5","1","03","11","7","0","0","0","1","0","0"
"POINT (13.481255768000040 52.460795530000041)","Unfall 137606 (2020) Kat:3, Licht: 0","137606","3","2","5","03","13","4","0","0","0","1","0","0"
"POINT (13.477006218000042 52.511883718000036)","Unfall 137607 (2020) Kat:2, Licht: 0","137607","2","7","6","03","16","1","0","0","0","1","1","0"
"POINT (13.525900550000074 52.458750080000073)","Unfall 137608 (2020) Kat:3, Licht: 0","137608","3","2","5","03","05","3","0","0","1","1","0","0"
"POINT (13.476949579000063 52.563248936000036)","Unfall 137609 (2020) Kat:2, Licht: 0","137609","2","3","5","03","16","5","0","0","0","1","0","1"
"POINT (13.426706297000067 52.504738630000077)","Unfall 137610 (2020) Kat:3, Licht: 0","137610","3","1","2","03","17","1","0","0","1","1","0","0"
"POINT (13.601094328000045 52.480669509000052)","Unfall 137611 (2020) Kat:3, Licht: 0","137611","3","2","5","03","10","5","0","0","1","1","0","0"
"POINT (13.480770117000077 52.553767398000048)","Unfall 137612 (2020) Kat:3, Licht: 0","137612","3","6","2","03","15","6","0","0","0","1","0","0"
"POINT (13.319116128000076 52.454531834000079)","Unfall 137613 (2020) Kat:3, Licht: 0","137613","3","3","5","03","12","3","0","0","1","1","0","0"
"POINT (13.342781258000059 52.504572462000056)","Unfall 137614 (2020) Kat:3, Licht: 0","137614","3","2","3","03","10","4","0","0","0","1","0","1"
"POINT (13.278050950000022 52.518394691000026)","Unfall 137615 (2020) Kat:3, Licht: 0","137615","3","2","5","03","09","5","1","0","0","1","0","0"
"POINT (13.425089859000025 52.540986072000067)","Unfall 137616 (2020) Kat:2, Licht: 2","137616","2","1","0","03","18","2","0","2","0","0","0","0"
"POINT (13.345571920000054 52.496942293000075)","Unfall 137617 (2020) Kat:3, Licht: 0","137617","3","6","2","03","13","4","0","0","1","1","0","0"
"POINT (13.376984712000024 52.560581017000061)","Unfall 137618 (2020) Kat:3, Licht: 2","137618","3","6","2","03","20","7","0","2","0","1","0","0"
"POINT (13.337266589000023 52.468880505000072)","Unfall 137619 (2020) Kat:3, Licht: 0","137619","3","5","1","03","11","2","0","0","1","1","0","0"
"POINT (13.374074925000059 52.530567077000057)","Unfall 137620 (2020) Kat:3, Licht: 2","137620","3","3","5","03","22","7","0","2","0","1","0","0"
"POINT (13.527569923000044 52.535786882000082)","Unfall 137621 (2020) Kat:3, Licht: 0","137621","3","6","2","03","08","4","0","0","0","0","0","0"
"POINT (13.654897013000038 52.374632948000055)","Unfall 137622 (2020) Kat:3, Licht: 0","137622","3","6","4","03","07","6","0","0","0","1","0","0"
"POINT (13.568572156000073 52.513094112000033)","Unfall 137623 (2020) Kat:3, Licht: 1","137623","3","6","3","03","16","2","1","1","0","1","0","0"
"POINT (13.362995835000049 52.476042544000052)","Unfall 137624 (2020) Kat:2, Licht: 0","137624","2","3","5","03","15","2","0","0","1","0","0","0"
"POINT (13.379641632000073 52.521325517000037)","Unfall 137625 (2020) Kat:3, Licht: 0","137625","3","3","0","03","16","4","0","0","1","1","0","0"
"POINT (13.444635764000054 52.468000465000046)","Unfall 137626 (2020) Kat:3, Licht: 0","137626","3","2","6","03","13","6","0","0","0","0","1","0"
"POINT (13.486534240000026 52.465139604000058)","Unfall 137627 (2020) Kat:3, Licht: 0","137627","3","4","6","03","15","2","0","0","0","1","1","0"
"POINT (13.392355947000055 52.439883439000027)","Unfall 137628 (2020) Kat:3, Licht: 1","137628","3","6","2","03","17","2","0","1","0","1","0","0"
"POINT (13.412319034000063 52.425165815000071)","Unfall 137629 (2020) Kat:3, Licht: 0","137629","3","5","1","03","12","3","0","0","0","1","0","0"
"POINT (13.315922353000076 52.515631730000052)","Unfall 137630 (2020) Kat:3, Licht: 0","137630","3","6","0","03","12","4","0","0","0","1","0","1"
"POINT (13.331122868000023 52.598041531000035)","Unfall 137631 (2020) Kat:3, Licht: 0","137631","3","5","1","03","15","2","1","0","0","1","0","1"
"POINT (13.327953688000036 52.486768570000038)","Unfall 137632 (2020) Kat:3, Licht: 2","137632","3","7","6","03","21","7","0","2","1","0","1","0"
"POINT (13.406653456000072 52.498433963000082)","Unfall 137633 (2020) Kat:3, Licht: 2","137633","3","2","5","03","20","2","0","2","0","1","0","0"
"POINT (13.402066554000044 52.602849900000081)","Unfall 137634 (2020) Kat:3, Licht: 0","137634","3","2","5","03","15","7","0","0","0","1","0","0"
"POINT (13.268537413000047 52.509211035000078)","Unfall 137635 (2020) Kat:2, Licht: 0","137635","2","4","6","03","17","4","0","0","0","1","1","0"
"POINT (13.397409386000049 52.488959692000037)","Unfall 137636 (2020) Kat:3, Licht: 0","137636","3","3","5","03","16","4","0","0","1","1","0","0"
"POINT (13.347887645000071 52.459116543000050)","Unfall 137637 (2020) Kat:3, Licht: 0","137637","3","6","2","03","14","5","0","0","0","1","0","0"
"POINT (13.302599917000066 52.591596342000059)","Unfall 137638 (2020) Kat:3, Licht: 0","137638","3","3","5","03","15","2","1","0","1","1","0","0"
"POINT (13.399455381000053 52.498288468000055)","Unfall 137639 (2020) Kat:3, Licht: 0","137639","3","3","5","03","08","2","0","0","0","1","0","0"
"POINT (13.440610312000047 52.517019806000064)","Unfall 137640 (2020) Kat:3, Licht: 1","137640","3","2","5","03","17","3","0","1","1","1","0","0"
"POINT (13.332471260000034 52.429747708000036)","Unfall 137641 (2020) Kat:3, Licht: 0","137641","3","7","5","03","13","2","1","0","0","1","0","0"
"POINT (13.471370286000024 52.505152264000060)","Unfall 137642 (2020) Kat:3, Licht: 0","137642","3","2","5","03","10","6","0","0","0","1","0","1"
"POINT (13.302051152000047 52.508964669000079)","Unfall 137643 (2020) Kat:3, Licht: 0","137643","3","1","0","03","07","2","0","0","0","0","0","1"
"POINT (13.349001494000049 52.548690306000026)","Unfall 137644 (2020) Kat:3, Licht: 0","137644","3","6","2","03","15","2","0","0","0","1","0","0"
"POINT (13.292224867000073 52.590582443000073)","Unfall 137645 (2020) Kat:3, Licht: 0","137645","3","2","0","03","15","3","0","0","0","1","0","1"
"POINT (13.432562305000033 52.557578269000032)","Unfall 137646 (2020) Kat:3, Licht: 0","137646","3","3","0","03","12","2","1","0","0","0","0","0"
"POINT (13.179248168000072 52.533775400000081)","Unfall 137647 (2020) Kat:3, Licht: 2","137647","3","3","5","03","21","6","0","2","1","1","0","0"
"POINT (13.485856411000043 52.518472347000056)","Unfall 137648 (2020) Kat:3, Licht: 0","137648","3","2","5","03","07","2","0","0","1","1","0","0"
"POINT (13.526685602000043 52.428795168000079)","Unfall 137649 (2020) Kat:3, Licht: 0","137649","3","2","5","03","14","7","0","0","1","1","0","0"
"POINT (13.370604309000043 52.488541621000081)","Unfall 137650 (2020) Kat:3, Licht: 0","137650","3","4","6","03","13","4","0","0","0","1","1","0"
"POINT (13.420903482000028 52.509422727000072)","Unfall 137651 (2020) Kat:2, Licht: 1","137651","2","2","5","03","18","4","0","1","1","1","0","0"
"POINT (13.544947692000051 52.434319725000080)","Unfall 137652 (2020) Kat:3, Licht: 2","137652","3","3","5","03","18","5","0","2","0","1","0","0"
"POINT (13.284375119000060 52.575635535000060)","Unfall 137653 (2020) Kat:3, Licht: 0","137653","3","6","2","03","12","2","1","0","0","1","0","0"
"POINT (13.381271555000069 52.503986100000077)","Unfall 137654 (2020) Kat:3, Licht: 2","137654","3","1","0","03","19","2","0","2","1","0","0","0"
"POINT (13.347989144000053 52.437600146000079)","Unfall 137655 (2020) Kat:3, Licht: 0","137655","3","6","2","03","08","3","0","0","0","1","0","0"
"POINT (13.327643637000051 52.564079879000076)","Unfall 137656 (2020) Kat:3, Licht: 2","137656","3","3","5","03","22","2","0","2","0","1","0","0"
"POINT (13.314900879000049 52.529520277000074)","Unfall 137657 (2020) Kat:3, Licht: 0","137657","3","3","5","03","12","5","0","0","1","1","0","0"
"POINT (13.471902007000040 52.436518567000064)","Unfall 137658 (2020) Kat:3, Licht: 0","137658","3","5","3","03","14","2","0","0","1","1","0","0"
"POINT (13.495304709000038 52.431598272000031)","Unfall 137659 (2020) Kat:3, Licht: 0","137659","3","2","5","03","14","5","0","0","1","1","0","0"
"POINT (13.184132061000071 52.545586079000032)","Unfall 137660 (2020) Kat:3, Licht: 2","137660","3","7","5","03","18","6","1","2","0","1","0","0"
"POINT (13.485357279000027 52.523189951000063)","Unfall 137661 (2020) Kat:3, Licht: 0","137661","3","3","5","03","15","3","0","0","0","1","0","0"
"POINT (13.394321968000042 52.617471895000051)","Unfall 137662 (2020) Kat:2, Licht: 0","137662","2","1","8","03","13","4","0","0","0","0","0","1"
"POINT (13.352196022000044 52.506344785000067)","Unfall 137663 (2020) Kat:3, Licht: 0","137663","3","3","5","03","12","7","0","0","0","1","0","0"
"POINT (13.394784072000050 52.532291204000046)","Unfall 137664 (2020) Kat:3, Licht: 1","137664","3","4","6","03","18","3","0","1","0","1","1","0"
"POINT (13.396882017000053 52.571491418000051)","Unfall 137665 (2020) Kat:3, Licht: 0","137665","3","2","5","03","15","4","0","0","1","1","0","0"
"POINT (13.328365117000033 52.466233142000078)","Unfall 137666 (2020) Kat:2, Licht: 0","137666","2","7","6","03","13","5","0","0","0","0","1","0"
"POINT (13.355922350000071 52.426016769000057)","Unfall 137667 (2020) Kat:3, Licht: 0","137667","3","7","2","03","12","2","0","0","0","1","0","0"
"POINT (13.280816195000057 52.498848588000044)","Unfall 137668 (2020) Kat:3, Licht: 0","137668","3","2","5","03","13","4","0","0","1","1","0","0"
"POINT (13.480816176000076 52.533258675000070)","Unfall 137669 (2020) Kat:3, Licht: 0","137669","3","7","6","03","14","1","0","0","0","1","1","0"
"POINT (13.436438525000028 52.548527863000061)","Unfall 137670 (2020) Kat:2, Licht: 0","137670","2","2","5","03","13","3","0","0","1","1","0","0"
"POINT (13.388999929000022 52.412041772000066)","Unfall 137671 (2020) Kat:3, Licht: 2","137671","3","6","2","03","19","4","0","2","0","1","0","1"
"POINT (13.587169035000045 52.511466909000035)","Unfall 137672 (2020) Kat:3, Licht: 2","137672","3","7","4","03","02","5","0","2","1","0","0","0"
"POINT (13.214601968000068 52.563288937000038)","Unfall 137673 (2020) Kat:3, Licht: 0","137673","3","3","5","03","13","1","0","0","1","1","0","0"
"POINT (13.229788138000060 52.442496724000080)","Unfall 137674 (2020) Kat:3, Licht: 0","137674","3","3","5","03","17","5","0","0","0","1","0","0"
"POINT (13.440017437000051 52.591666910000072)","Unfall 137675 (2020) Kat:3, Licht: 2","137675","3","4","6","03","19","4","0","2","0","1","1","0"
"POINT (13.179399494000052 52.533865295000055)","Unfall 137676 (2020) Kat:3, Licht: 0","137676","3","3","5","03","15","6","0","0","0","1","0","0"
"POINT (13.347412311000028 52.470594339000058)","Unfall 137677 (2020) Kat:3, Licht: 0","137677","3","2","5","03","08","3","0","0","0","1","0","0"
"POINT (13.360523248000050 52.442249021000066)","Unfall 137678 (2020) Kat:3, Licht: 0","137678","3","1","1","03","11","4","0","0","0","1","0","1"
"POINT (13.307919607000031 52.556564123000044)","Unfall 137679 (2020) Kat:3, Licht: 1","137679","3","6","2","03","05","5","0","1","0","1","0","0"
"POINT (13.565721175000022 52.556223674000080)","Unfall 137680 (2020) Kat:2, Licht: 0","137680","2","5","1","03","11","2","1","0","0","1","0","0"
"POINT (13.391285188000040 52.501924545000065)","Unfall 137681 (2020) Kat:3, Licht: 2","137681","3","7","1","03","19","7","0","2","0","1","0","0"
"POINT (13.310910649000050 52.430739045000053)","Unfall 137682 (2020) Kat:3, Licht: 0","137682","3","1","2","03","10","2","0","0","1","0","0","0"
"POINT (13.447404192000022 52.464242533000061)","Unfall 137683 (2020) Kat:3, Licht: 0","137683","3","3","5","04","17","5","0","0","0","0","0","1"
"POINT (13.427615113000058 52.560464658000058)","Unfall 137684 (2020) Kat:3, Licht: 1","137684","3","3","5","04","18","4","0","1","1","1","0","0"
"POINT (13.377989952000064 52.466296195000041)","Unfall 137685 (2020) Kat:3, Licht: 0","137685","3","2","5","04","17","6","0","0","1","1","0","0"
"POINT (13.378259248000063 52.550389006000046)","Unfall 137686 (2020) Kat:3, Licht: 2","137686","3","4","6","04","19","5","0","2","0","1","1","0"
"POINT (13.247573469000031 52.524521749000030)","Unfall 137687 (2020) Kat:2, Licht: 0","137687","2","2","5","04","16","4","0","0","1","0","0","0"
"POINT (13.324616169000024 52.536854452000057)","Unfall 137688 (2020) Kat:3, Licht: 0","137688","3","7","0","04","15","6","0","0","1","0","0","0"
"POINT (13.372600941000030 52.459579434000034)","Unfall 137689 (2020) Kat:3, Licht: 0","137689","3","7","2","04","19","5","0","0","0","0","0","1"
"POINT (13.465286623000054 52.433408091000047)","Unfall 137690 (2020) Kat:3, Licht: 0","137690","3","6","3","04","17","1","0","0","1","1","0","0"
"POINT (13.582244991000039 52.437704314000030)","Unfall 137691 (2020) Kat:3, Licht: 0","137691","3","6","3","04","16","4","0","0","1","0","0","0"
"POINT (13.389163874000076 52.465734618000056)","Unfall 137692 (2020) Kat:2, Licht: 0","137692","2","7","6","04","18","5","0","0","0","0","1","0"
"POINT (13.479242848000069 52.516301164000026)","Unfall 137693 (2020) Kat:3, Licht: 0","137693","3","7","5","04","16","4","0","0","0","1","0","0"
"POINT (13.348067933000038 52.541234440000039)","Unfall 137694 (2020) Kat:2, Licht: 0","137694","2","6","3","04","09","5","0","0","0","1","0","0"
"POINT (13.315484317000028 52.424812212000063)","Unfall 137695 (2020) Kat:3, Licht: 0","137695","3","6","2","04","17","5","0","0","0","1","0","0"
"POINT (13.478591259000041 52.477507785000057)","Unfall 137696 (2020) Kat:3, Licht: 0","137696","3","2","5","04","15","4","0","0","1","1","0","0"
"POINT (13.408982266000066 52.528300290000061)","Unfall 137697 (2020) Kat:3, Licht: 0","137697","3","7","5","04","09","5","0","0","1","0","0","0"
"POINT (13.427377589000059 52.545755501000031)","Unfall 137698 (2020) Kat:3, Licht: 2","137698","3","7","2","04","22","3","0","2","0","1","0","1"
"POINT (13.405702102000078 52.551260737000064)","Unfall 137699 (2020) Kat:3, Licht: 0","137699","3","2","5","04","13","5","0","0","0","1","0","0"
"POINT (13.561669498000072 52.391491482000049)","Unfall 137700 (2020) Kat:3, Licht: 0","137700","3","3","5","04","15","1","0","0","1","1","0","0"
"POINT (13.569641230000059 52.452814766000074)","Unfall 137701 (2020) Kat:3, Licht: 0","137701","3","2","6","04","09","5","0","0","0","1","1","0"
"POINT (13.376650857000072 52.485034112000051)","Unfall 137702 (2020) Kat:3, Licht: 0","137702","3","2","5","04","18","5","0","0","0","1","0","1"
"POINT (13.425477904000047 52.416471163000040)","Unfall 137703 (2020) Kat:2, Licht: 0","137703","2","1","0","04","16","1","0","0","0","0","0","1"
"POINT (13.453327694000052 52.445426740000073)","Unfall 137704 (2020) Kat:3, Licht: 0","137704","3","6","2","04","18","5","0","0","0","1","0","0"
"POINT (13.450232918000040 52.546051267000053)","Unfall 137705 (2020) Kat:3, Licht: 0","137705","3","2","0","04","14","5","0","0","1","0","0","0"
"POINT (13.361526827000034 52.401578331000053)","Unfall 137706 (2020) Kat:3, Licht: 0","137706","3","5","1","04","15","4","0","0","1","1","0","0"
"POINT (13.400365276000059 52.483704547000059)","Unfall 137707 (2020) Kat:2, Licht: 0","137707","2","1","0","04","17","5","0","0","1","0","0","0"
"POINT (13.382353824000063 52.489849360000051)","Unfall 137708 (2020) Kat:3, Licht: 0","137708","3","2","5","04","16","5","0","0","1","1","0","0"
"POINT (13.262188573000060 52.437919996000062)","Unfall 137709 (2020) Kat:3, Licht: 0","137709","3","6","2","04","15","4","0","0","0","1","0","0"
"POINT (13.418305654000051 52.498726997000063)","Unfall 137710 (2020) Kat:3, Licht: 0","137710","3","2","5","04","17","5","0","0","1","1","0","0"
"POINT (13.410674236000034 52.559383720000028)","Unfall 137711 (2020) Kat:3, Licht: 0","137711","3","2","5","04","16","3","0","0","1","1","0","0"
"POINT (13.366406655000048 52.449460683000041)","Unfall 137712 (2020) Kat:3, Licht: 0","137712","3","7","2","04","16","5","0","0","1","1","0","0"
"POINT (13.281460276000075 52.511558149000052)","Unfall 137713 (2020) Kat:2, Licht: 0","137713","2","3","5","04","18","7","0","0","0","1","0","0"
"POINT (13.342568400000062 52.525414555000054)","Unfall 137714 (2020) Kat:2, Licht: 0","137714","2","2","5","04","15","5","0","0","1","1","0","0"
"POINT (13.547072154000034 52.426690038000061)","Unfall 137715 (2020) Kat:3, Licht: 0","137715","3","2","5","04","15","5","0","0","0","1","0","0"
"POINT (13.401314483000021 52.414509888000055)","Unfall 137716 (2020) Kat:3, Licht: 0","137716","3","2","5","04","13","4","0","0","0","1","0","1"
"POINT (13.223186518000034 52.510180571000035)","Unfall 137717 (2020) Kat:3, Licht: 0","137717","3","2","5","04","16","6","0","0","1","1","0","0"
"POINT (13.356370005000031 52.555384827000069)","Unfall 137718 (2020) Kat:3, Licht: 0","137718","3","3","5","04","15","5","0","0","0","1","0","0"
"POINT (13.509245316000033 52.463519554000072)","Unfall 137719 (2020) Kat:3, Licht: 0","137719","3","2","0","04","10","4","0","0","1","0","0","0"
"POINT (13.415332508000063 52.487968943000055)","Unfall 137720 (2020) Kat:3, Licht: 0","137720","3","6","2","04","17","6","0","0","0","1","0","1"
"POINT (13.580143154000041 52.458240750000073)","Unfall 137721 (2020) Kat:3, Licht: 0","137721","3","2","5","04","13","4","0","0","0","1","0","1"
"POINT (13.426697658000023 52.456904549000058)","Unfall 137722 (2020) Kat:3, Licht: 0","137722","3","4","6","04","15","5","0","0","0","1","1","0"
"POINT (13.591808789000027 52.540408737000064)","Unfall 137723 (2020) Kat:3, Licht: 0","137723","3","1","0","04","12","4","0","0","0","0","0","1"
"POINT (13.326243949000059 52.538023535000036)","Unfall 137724 (2020) Kat:3, Licht: 0","137724","3","2","5","04","15","5","0","0","0","1","0","0"
"POINT (13.495325122000054 52.431646640000054)","Unfall 137725 (2020) Kat:3, Licht: 0","137725","3","2","0","04","13","5","0","0","0","0","0","1"
"POINT (13.548092384000029 52.437947638000026)","Unfall 137726 (2020) Kat:3, Licht: 0","137726","3","2","6","04","10","4","0","0","0","1","1","0"
"POINT (13.424279757000022 52.499078062000081)","Unfall 137727 (2020) Kat:3, Licht: 0","137727","3","6","2","04","13","5","0","0","0","1","0","1"
"POINT (13.403971536000029 52.508118628000034)","Unfall 137728 (2020) Kat:3, Licht: 0","137728","3","6","2","04","13","3","0","0","0","1","0","0"
"POINT (13.141130865000036 52.527478945000041)","Unfall 137729 (2020) Kat:3, Licht: 0","137729","3","2","5","04","12","5","0","0","0","1","0","0"
"POINT (13.454718097000068 52.515818516000081)","Unfall 137730 (2020) Kat:3, Licht: 0","137730","3","6","2","04","12","5","0","0","0","1","0","0"
"POINT (13.343279203000066 52.439634551000040)","Unfall 137731 (2020) Kat:3, Licht: 0","137731","3","6","3","04","17","4","0","0","1","0","0","0"
"POINT (13.425663968000038 52.518422414000042)","Unfall 137732 (2020) Kat:3, Licht: 0","137732","3","3","5","04","10","4","0","0","1","1","0","0"
"POINT (13.371921150000048 52.590099577000046)","Unfall 137733 (2020) Kat:3, Licht: 0","137733","3","5","1","04","14","6","0","0","1","1","0","0"
"POINT (13.304871424000055 52.514199283000039)","Unfall 137734 (2020) Kat:3, Licht: 0","137734","3","4","6","04","17","4","0","0","1","0","1","0"
"POINT (13.343777864000060 52.438904153000067)","Unfall 137735 (2020) Kat:3, Licht: 0","137735","3","5","1","04","18","4","0","0","1","1","0","0"
"POINT (13.445680535000065 52.534676210000043)","Unfall 137736 (2020) Kat:3, Licht: 0","137736","3","2","5","04","15","6","0","0","1","1","0","0"
"POINT (13.313079924000021 52.491306689000055)","Unfall 137737 (2020) Kat:3, Licht: 2","137737","3","1","0","04","22","4","0","2","1","0","0","0"
"POINT (13.361774734000051 52.425451022000061)","Unfall 137738 (2020) Kat:2, Licht: 0","137738","2","3","5","04","09","1","0","0","0","1","0","1"
"POINT (13.204668082000069 52.544137553000041)","Unfall 137739 (2020) Kat:3, Licht: 0","137739","3","2","6","04","09","4","0","0","0","1","1","0"
"POINT (13.417790880000041 52.518003352000051)","Unfall 137740 (2020) Kat:3, Licht: 2","137740","3","3","3","04","20","4","0","2","0","1","0","1"
"POINT (13.368815305000055 52.602026991000059)","Unfall 137741 (2020) Kat:2, Licht: 0","137741","2","1","0","04","18","4","0","0","0","0","0","0"
"POINT (13.435166234000064 52.436454300000037)","Unfall 137742 (2020) Kat:2, Licht: 0","137742","2","2","5","04","14","2","0","0","1","0","0","0"
"POINT (13.414998400000059 52.515790500000037)","Unfall 137743 (2020) Kat:3, Licht: 0","137743","3","2","5","04","17","4","0","0","1","1","0","0"
"POINT (13.404548627000054 52.449107888000071)","Unfall 137744 (2020) Kat:3, Licht: 0","137744","3","6","2","04","16","4","0","0","0","1","0","0"
"POINT (13.641813259000060 52.447763646000055)","Unfall 137745 (2020) Kat:3, Licht: 0","137745","3","5","1","04","10","4","0","0","0","1","0","0"
"POINT (13.575421868000035 52.474351986000045)","Unfall 137746 (2020) Kat:3, Licht: 0","137746","3","7","0","04","16","4","0","0","1","0","0","0"
"POINT (13.224871200000052 52.423437002000071)","Unfall 137747 (2020) Kat:3, Licht: 0","137747","3","2","4","04","09","6","0","0","0","1","0","0"
"POINT (13.461309350000022 52.467778506000059)","Unfall 137748 (2020) Kat:3, Licht: 0","137748","3","6","0","04","15","4","0","0","1","1","0","0"
"POINT (13.328481807000060 52.564928265000049)","Unfall 137749 (2020) Kat:3, Licht: 0","137749","3","7","6","04","13","4","0","0","0","1","1","0"
"POINT (13.434668419000047 52.440581286000054)","Unfall 137750 (2020) Kat:3, Licht: 0","137750","3","6","2","04","09","6","0","0","0","1","0","0"
"POINT (13.550301689000037 52.520220717000029)","Unfall 137751 (2020) Kat:3, Licht: 0","137751","3","3","5","04","14","4","0","0","1","1","0","0"
"POINT (13.338814340000056 52.562844058000053)","Unfall 137752 (2020) Kat:3, Licht: 0","137752","3","6","4","04","19","1","0","0","0","1","0","1"
"POINT (13.562225562000037 52.511151957000038)","Unfall 137753 (2020) Kat:2, Licht: 0","137753","2","1","0","03","09","3","0","0","1","0","0","0"
"POINT (13.548934544000076 52.438218543000062)","Unfall 137754 (2020) Kat:3, Licht: 0","137754","3","5","1","04","14","4","0","0","1","1","0","0"
"POINT (13.350743556000054 52.567369301000042)","Unfall 137755 (2020) Kat:3, Licht: 0","137755","3","6","2","03","12","3","0","0","0","1","0","0"
"POINT (13.333225692000042 52.578842741000074)","Unfall 137756 (2020) Kat:3, Licht: 0","137756","3","3","5","04","14","4","0","0","0","1","0","0"
"POINT (13.268996157000061 52.511714184000027)","Unfall 137757 (2020) Kat:3, Licht: 0","137757","3","7","0","04","16","5","1","0","1","1","0","0"
"POINT (13.355862808000040 52.592451414000038)","Unfall 137758 (2020) Kat:2, Licht: 0","137758","2","4","6","03","09","3","0","0","0","1","1","0"
"POINT (13.260329185000046 52.489331343000060)","Unfall 137759 (2020) Kat:3, Licht: 0","137759","3","7","2","03","08","3","0","0","0","1","0","1"
"POINT (13.485415078000074 52.548046926000040)","Unfall 137760 (2020) Kat:3, Licht: 0","137760","3","2","5","04","14","4","0","0","1","1","0","0"
"POINT (13.175938666000036 52.419549599000050)","Unfall 137761 (2020) Kat:3, Licht: 0","137761","3","3","5","04","14","4","0","0","1","1","0","0"
"POINT (13.569193221000035 52.560823560000074)","Unfall 137762 (2020) Kat:3, Licht: 0","137762","3","3","5","03","07","3","0","0","0","1","0","0"
"POINT (13.284680489000039 52.518729430000064)","Unfall 137763 (2020) Kat:3, Licht: 0","137763","3","6","2","04","13","4","0","0","0","1","0","0"
"POINT (13.584179697000025 52.464040096000076)","Unfall 137764 (2020) Kat:3, Licht: 0","137764","3","6","2","04","12","3","0","0","0","1","0","0"
"POINT (13.329951849000054 52.594331133000026)","Unfall 137765 (2020) Kat:3, Licht: 1","137765","3","3","5","04","20","5","0","1","1","1","0","0"
"POINT (13.440643419000025 52.517128852000042)","Unfall 137766 (2020) Kat:3, Licht: 0","137766","3","7","5","04","13","4","0","0","0","1","0","1"
"POINT (13.456093887000065 52.483148125000071)","Unfall 137767 (2020) Kat:2, Licht: 0","137767","2","6","3","04","15","1","0","0","1","0","0","1"
"POINT (13.153402965000055 52.553445230000079)","Unfall 137768 (2020) Kat:3, Licht: 0","137768","3","6","2","04","12","4","0","0","0","1","0","0"
"POINT (13.470286536000060 52.566073011000071)","Unfall 137769 (2020) Kat:3, Licht: 0","137769","3","7","5","04","12","4","0","0","1","1","0","0"
"POINT (13.499089064000032 52.526379704000078)","Unfall 137770 (2020) Kat:3, Licht: 0","137770","3","3","5","03","17","3","0","0","1","0","0","0"
"POINT (13.368737821000025 52.557258949000072)","Unfall 137771 (2020) Kat:3, Licht: 0","137771","3","6","2","04","12","4","0","0","0","1","0","0"
"POINT (13.355626427000061 52.519719123000073)","Unfall 137772 (2020) Kat:3, Licht: 0","137772","3","2","5","04","15","5","0","0","1","1","0","0"
"POINT (13.474108798000032 52.609900743000026)","Unfall 137773 (2020) Kat:3, Licht: 0","137773","3","3","5","03","15","3","0","0","0","1","0","0"
"POINT (13.322327113000028 52.485159282000041)","Unfall 137774 (2020) Kat:3, Licht: 0","137774","3","7","6","04","11","4","0","0","0","1","1","0"
"POINT (13.486991119000038 52.617472698000029)","Unfall 137775 (2020) Kat:3, Licht: 0","137775","3","3","5","04","15","3","0","0","0","1","0","1"
"POINT (13.509236179000027 52.546482951000030)","Unfall 137776 (2020) Kat:3, Licht: 0","137776","3","3","5","04","09","4","0","0","0","1","0","0"
"POINT (13.302197742000033 52.488358070000061)","Unfall 137777 (2020) Kat:3, Licht: 0","137777","3","2","5","04","07","4","0","0","0","1","0","0"
"POINT (13.370849281000062 52.518186821000029)","Unfall 137778 (2020) Kat:3, Licht: 0","137778","3","1","0","04","17","3","0","0","1","0","0","0"
"POINT (13.402560473000051 52.516488417000062)","Unfall 137779 (2020) Kat:3, Licht: 0","137779","3","3","5","04","07","4","0","0","1","0","0","0"