WKT,Name,OBJECTID,UKATEGORIE,UTYP1,UART,UMONAT,USTUNDE,UWOCHENTAG,STRZUSTAND,ULICHTVERH,ISTRAD,ISTPKW,ISTFUSS,ISTKRAD
"POINT (13.194548693000058 52.545686933000070)","Unfall 138152 (2020) Kat:3, Licht: 0","138152","3","3","5","04","11","1","0","0","1","1","0","0"
"POINT (13.402991898000039 52.411902246000068)","Unfall 138153 (2020) Kat:3, Licht: 0","138153","3","3","5","04","17","1","0","0","1","1","0","0"
"POINT (13.311277288000042 52.569861426000045)","Unfall 138154 (2020) Kat:3, Licht: 0","138154","3","3","5","04","16","4","0","0","0","1","0","0"
"POINT (13.603510453000069 52.546673839000050)","Unfall 138155 (2020) Kat:2, Licht: 0","138155","2","2","5","04","07","7","0","0","0","1","0","0"
"POINT (13.331192327000053 52.426886903000081)","Unfall 138156 (2020) Kat:2, Licht: 0","138156","2","5","1","04","10","5","0","0","0","1","0","1"
"POINT (13.447821466000050 52.566338606000045)","Unfall 138157 (2020) Kat:3, Licht: 0","138157","3","4","6","04","16","3","0","0","1","0","1","0"
"POINT (13.124444543000038 52.528884704000063)","Unfall 138158 (2020) Kat:2, Licht: 0","138158","2","2","5","04","13","6","0","0","0","1","0","1"
"POINT (13.352755970000032 52.528221486000064)","Unfall 138159 (2020) Kat:2, Licht: 0","138159","2","3","5","04","13","5","1","0","1","1","0","0"
"POINT (13.311067190000074 52.420906768000066)","Unfall 138160 (2020) Kat:3, Licht: 0","138160","3","6","3","04","16","5","0","0","0","1","0","0"
"POINT (13.330707822000022 52.458182528000066)","Unfall 138161 (2020) Kat:3, Licht: 0","138161","3","1","1","04","14","5","0","0","0","1","0","0"
"POINT (13.312971382000057 52.452754822000031)","Unfall 138162 (2020) Kat:3, Licht: 0","138162","3","3","5","04","10","2","0","0","0","1","0","1"
"POINT (13.518972407000035 52.461324024000078)","Unfall 138163 (2020) Kat:3, Licht: 2","138163","3","1","0","04","20","3","1","2","1","0","0","0"
"POINT (13.535452564000025 52.561311767000063)","Unfall 138164 (2020) Kat:3, Licht: 0","138164","3","3","5","04","13","6","0","0","0","1","0","0"
"POINT (13.468854846000056 52.531594445000053)","Unfall 138165 (2020) Kat:3, Licht: 0","138165","3","4","0","04","16","5","0","0","1","0","1","0"
"POINT (13.425167543000043 52.480452915000058)","Unfall 138166 (2020) Kat:3, Licht: 0","138166","3","6","2","04","18","6","0","0","0","1","0","0"
"POINT (13.422682313000053 52.500427765000040)","Unfall 138167 (2020) Kat:2, Licht: 0","138167","2","3","5","04","15","2","0","0","0","1","0","0"
"POINT (13.434139632000040 52.490735634000032)","Unfall 138168 (2020) Kat:2, Licht: 0","138168","2","5","1","04","15","4","0","0","0","1","0","0"
"POINT (13.315667162000068 52.443133121000074)","Unfall 138169 (2020) Kat:3, Licht: 0","138169","3","2","2","04","17","4","1","0","0","1","0","1"
"POINT (13.612782913000046 52.507932678000032)","Unfall 138170 (2020) Kat:3, Licht: 0","138170","3","7","0","04","13","2","0","0","1","0","0","0"
"POINT (13.387922645000060 52.492994814000042)","Unfall 138171 (2020) Kat:3, Licht: 0","138171","3","3","5","04","15","4","0","0","1","1","0","0"
"POINT (13.401148513000066 52.509166399000037)","Unfall 138172 (2020) Kat:2, Licht: 0","138172","2","2","5","04","18","1","0","0","0","1","0","1"
"POINT (13.473221312000021 52.501809018000074)","Unfall 138173 (2020) Kat:3, Licht: 0","138173","3","6","2","04","18","7","0","0","0","1","0","1"
"POINT (13.521396283000058 52.501262246000067)","Unfall 138174 (2020) Kat:3, Licht: 0","138174","3","6","2","04","14","4","0","0","0","1","0","0"
"POINT (13.286579303000053 52.497628497000051)","Unfall 138175 (2020) Kat:2, Licht: 0","138175","2","5","1","04","14","6","0","0","1","1","0","0"
"POINT (13.352113247000034 52.558926551000070)","Unfall 138176 (2020) Kat:3, Licht: 0","138176","3","6","2","04","14","3","0","0","1","0","0","0"
"POINT (13.386618602000055 52.490078278000055)","Unfall 138177 (2020) Kat:2, Licht: 0","138177","2","2","5","04","08","5","0","0","1","0","0","0"
"POINT (13.390506121000044 52.544503446000078)","Unfall 138178 (2020) Kat:3, Licht: 0","138178","3","4","6","04","19","5","0","0","0","1","1","0"
"POINT (13.375810841000032 52.457708558000036)","Unfall 138179 (2020) Kat:3, Licht: 0","138179","3","2","5","04","13","5","0","0","0","1","0","1"
"POINT (13.349418347000039 52.542115517000070)","Unfall 138180 (2020) Kat:3, Licht: 0","138180","3","3","5","04","10","2","0","0","0","1","0","0"
"POINT (13.492097554000054 52.458043567000061)","Unfall 138181 (2020) Kat:2, Licht: 2","138181","2","1","9","04","22","4","1","2","0","1","0","0"
"POINT (13.259839591000059 52.429316550000067)","Unfall 138182 (2020) Kat:3, Licht: 0","138182","3","6","3","04","08","2","0","0","1","0","0","0"
"POINT (13.424975562000043 52.481121065000082)","Unfall 138183 (2020) Kat:3, Licht: 0","138183","3","5","1","04","14","4","0","0","1","1","0","0"
"POINT (13.427300589000026 52.493443501000058)","Unfall 138184 (2020) Kat:3, Licht: 0","138184","3","5","1","04","15","7","0","0","1","1","0","0"
"POINT (13.420863327000063 52.575389874000052)","Unfall 138185 (2020) Kat:3, Licht: 0","138185","3","5","0","04","18","4","0","0","1","1","0","0"
"POINT (13.356722567000077 52.543377310000039)","Unfall 138186 (2020) Kat:3, Licht: 0","138186","3","5","1","04","16","2","0","0","1","1","0","0"
"POINT (13.469511878000048 52.531636609000032)","Unfall 138187 (2020) Kat:2, Licht: 0","138187","2","1","8","04","13","4","0","0","0","0","0","1"
"POINT (13.379830427000059 52.481559495000056)","Unfall 138188 (2020) Kat:3, Licht: 2","138188","3","1","0","04","01","1","0","2","0","0","0","1"
"POINT (13.375518050000039 52.581307236000043)","Unfall 138189 (2020) Kat:3, Licht: 0","138189","3","2","5","04","17","7","0","0","1","1","0","0"
"POINT (13.447025073000077 52.465852276000078)","Unfall 138190 (2020) Kat:3, Licht: 0","138190","3","3","0","04","13","4","0","0","0","1","0","1"
"POINT (13.477894137000021 52.514627713000039)","Unfall 138191 (2020) Kat:3, Licht: 0","138191","3","2","5","04","12","6","0","0","1","1","0","0"
"POINT (13.365060626000059 52.510104627000032)","Unfall 138192 (2020) Kat:3, Licht: 0","138192","3","2","5","04","12","2","0","0","1","1","0","0"
"POINT (13.446768576000068 52.505521756000064)","Unfall 138193 (2020) Kat:3, Licht: 1","138193","3","5","1","04","20","5","0","1","0","0","0","0"
"POINT (13.464644783000040 52.497422257000039)","Unfall 138194 (2020) Kat:3, Licht: 0","138194","3","2","5","04","18","5","0","0","1","1","0","0"
"POINT (13.418223537000074 52.517373315000043)","Unfall 138195 (2020) Kat:3, Licht: 0","138195","3","2","5","04","17","5","0","0","1","1","0","0"
"POINT (13.416886995000027 52.498956322000026)","Unfall 138196 (2020) Kat:2, Licht: 0","138196","2","6","3","04","08","2","0","0","1","1","0","0"
"POINT (13.375567114000035 52.536578450000036)","Unfall 138197 (2020) Kat:3, Licht: 0","138197","3","5","1","04","16","4","0","0","1","1","0","0"
"POINT (13.363236766000057 52.524563175000026)","Unfall 138198 (2020) Kat:2, Licht: 0","138198","2","2","2","04","14","2","0","0","0","1","0","0"
"POINT (13.414420805000077 52.552080307000040)","Unfall 138199 (2020) Kat:3, Licht: 0","138199","3","2","5","04","13","4","0","0","1","0","0","0"
"POINT (13.504228913000077 52.567220837000036)","Unfall 138200 (2020) Kat:3, Licht: 0","138200","3","3","5","04","15","7","0","0","0","1","0","0"
"POINT (13.481386766000071 52.460903900000062)","Unfall 138201 (2020) Kat:3, Licht: 0","138201","3","3","5","04","10","5","0","0","1","1","0","0"
"POINT (13.595075249000047 52.441405452000026)","Unfall 138202 (2020) Kat:3, Licht: 2","138202","3","3","5","04","21","3","0","2","0","1","0","0"
"POINT (13.540221471000052 52.565260798000054)","Unfall 138203 (2020) Kat:3, Licht: 0","138203","3","3","5","04","13","6","0","0","1","1","0","0"
"POINT (13.280127560000039 52.519768216000045)","Unfall 138204 (2020) Kat:3, Licht: 0","138204","3","6","2","04","11","4","0","0","0","1","0","1"
"POINT (13.525520670000049 52.481811813000036)","Unfall 138205 (2020) Kat:3, Licht: 0","138205","3","1","0","04","18","6","0","0","1","1","0","0"
"POINT (13.428834033000044 52.424116879000053)","Unfall 138206 (2020) Kat:3, Licht: 0","138206","3","3","5","04","18","2","0","0","1","1","0","0"
"POINT (13.521941950000041 52.526010108000037)","Unfall 138207 (2020) Kat:2, Licht: 0","138207","2","3","5","04","17","5","0","0","1","0","0","0"
"POINT (13.349748923000050 52.542341569000030)","Unfall 138208 (2020) Kat:3, Licht: 0","138208","3","6","2","04","09","4","0","0","0","1","0","0"
"POINT (13.330605163000030 52.562658838000061)","Unfall 138209 (2020) Kat:3, Licht: 0","138209","3","6","3","04","14","7","0","0","1","1","0","0"
"POINT (13.278662941000050 52.502601113000026)","Unfall 138210 (2020) Kat:3, Licht: 0","138210","3","6","3","04","11","4","0","0","0","1","0","1"
"POINT (13.433546119000027 52.481836858000065)","Unfall 138211 (2020) Kat:3, Licht: 0","138211","3","7","5","04","10","6","0","0","0","1","0","1"
"POINT (13.361886138000045 52.428503044000081)","Unfall 138212 (2020) Kat:3, Licht: 0","138212","3","3","5","04","19","2","0","0","1","1","0","0"
"POINT (13.261697743000070 52.542940195000028)","Unfall 138213 (2020) Kat:3, Licht: 0","138213","3","3","5","04","17","5","0","0","0","1","0","1"
"POINT (13.324880256000029 52.502526147000026)","Unfall 138214 (2020) Kat:3, Licht: 2","138214","3","1","0","04","22","2","0","2","1","0","0","0"
"POINT (13.605443353000055 52.487908518000040)","Unfall 138215 (2020) Kat:2, Licht: 0","138215","2","3","5","04","15","4","0","0","1","1","0","0"
"POINT (13.307346555000038 52.433298242000035)","Unfall 138216 (2020) Kat:2, Licht: 0","138216","2","2","5","04","18","2","0","0","0","1","0","0"
"POINT (13.154341241000054 52.553329434000034)","Unfall 138217 (2020) Kat:3, Licht: 0","138217","3","6","2","04","11","4","0","0","0","1","0","0"
"POINT (13.487723568000035 52.618184135000035)","Unfall 138218 (2020) Kat:3, Licht: 0","138218","3","2","5","04","13","7","0","0","1","1","0","0"
"POINT (13.308425639000063 52.516749493000077)","Unfall 138219 (2020) Kat:3, Licht: 0","138219","3","2","5","04","10","5","0","0","1","1","0","0"
"POINT (13.286603048000075 52.511303695000038)","Unfall 138220 (2020) Kat:3, Licht: 0","138220","3","3","5","04","10","3","0","0","1","0","0","1"
"POINT (13.401528622000058 52.569199996000066)","Unfall 138221 (2020) Kat:3, Licht: 0","138221","3","6","2","04","12","6","0","0","0","1","0","0"
"POINT (13.420270554000069 52.572893795000027)","Unfall 138222 (2020) Kat:3, Licht: 0","138222","3","5","1","04","16","5","0","0","1","1","0","0"
"POINT (13.296240306000072 52.519179490000056)","Unfall 138223 (2020) Kat:3, Licht: 0","138223","3","1","2","04","15","6","0","0","1","1","0","0"
"POINT (13.462924114000032 52.532369705000065)","Unfall 138224 (2020) Kat:2, Licht: 0","138224","2","3","5","04","15","2","0","0","0","1","0","1"
"POINT (13.531434785000044 52.555857264000053)","Unfall 138225 (2020) Kat:2, Licht: 0","138225","2","1","0","04","17","4","1","0","0","0","0","1"
"POINT (13.331001896000032 52.575478544000077)","Unfall 138226 (2020) Kat:3, Licht: 0","138226","3","7","2","04","18","5","0","0","0","1","0","1"
"POINT (13.528702390000035 52.426372182000080)","Unfall 138227 (2020) Kat:3, Licht: 0","138227","3","2","2","04","06","3","0","0","0","1","0","0"
"POINT (13.370679824000035 52.547954071000049)","Unfall 138228 (2020) Kat:3, Licht: 0","138228","3","7","0","04","13","1","0","0","1","1","0","0"
"POINT (13.398470971000052 52.592384562000063)","Unfall 138229 (2020) Kat:3, Licht: 0","138229","3","3","5","04","13","1","0","0","0","1","0","0"
"POINT (13.439626118000035 52.513997224000036)","Unfall 138230 (2020) Kat:3, Licht: 0","138230","3","1","0","04","10","3","0","0","1","0","0","0"
"POINT (13.295560495000075 52.503277885000045)","Unfall 138231 (2020) Kat:3, Licht: 0","138231","3","6","2","04","12","2","0","0","0","1","0","0"
"POINT (13.379590459000042 52.523521545000051)","Unfall 138232 (2020) Kat:3, Licht: 0","138232","3","3","0","04","12","4","0","0","0","1","0","0"
"POINT (13.376198583000075 52.554757324000036)","Unfall 138233 (2020) Kat:3, Licht: 0","138233","3","6","2","04","16","1","0","0","0","1","0","0"
"POINT (13.575502844000027 52.423965676000080)","Unfall 138234 (2020) Kat:2, Licht: 0","138234","2","1","0","04","10","4","0","0","1","0","0","0"
"POINT (13.353719311000077 52.505543391000060)","Unfall 138235 (2020) Kat:3, Licht: 0","138235","3","3","5","04","18","7","0","0","1","1","0","0"
"POINT (13.418079805000048 52.515427810000062)","Unfall 138236 (2020) Kat:3, Licht: 0","138236","3","2","5","04","09","5","0","0","1","1","0","0"
"POINT (13.443355115000031 52.512050384000077)","Unfall 138237 (2020) Kat:3, Licht: 0","138237","3","4","6","04","19","3","0","0","1","0","1","0"
"POINT (13.379401070000029 52.529514265000046)","Unfall 138238 (2020) Kat:3, Licht: 0","138238","3","6","3","04","12","6","0","0","1","1","0","0"
"POINT (13.327653623000060 52.563987705000045)","Unfall 138239 (2020) Kat:3, Licht: 0","138239","3","2","5","04","16","5","0","0","1","0","0","0"
"POINT (13.271044965000044 52.519801010000037)","Unfall 138240 (2020) Kat:3, Licht: 0","138240","3","2","5","04","14","2","0","0","1","0","0","0"
"POINT (13.540280974000041 52.565241661000073)","Unfall 138241 (2020) Kat:3, Licht: 0","138241","3","3","5","04","09","4","0","0","1","1","0","0"
"POINT (13.302019088000065 52.488486523000063)","Unfall 138242 (2020) Kat:3, Licht: 0","138242","3","2","2","04","05","4","1","0","0","1","0","1"
"POINT (13.352064968000036 52.435902235000071)","Unfall 138243 (2020) Kat:3, Licht: 0","138243","3","3","1","04","18","2","0","0","1","1","0","0"
"POINT (13.376792084000044 52.509626346000061)","Unfall 138244 (2020) Kat:3, Licht: 0","138244","3","2","5","04","07","4","0","0","1","1","0","0"
"POINT (13.418082462000029 52.515437864000035)","Unfall 138245 (2020) Kat:3, Licht: 0","138245","3","2","5","04","13","1","0","0","0","1","0","0"
"POINT (13.385093946000040 52.455996009000046)","Unfall 138246 (2020) Kat:3, Licht: 2","138246","3","1","0","04","03","7","0","2","1","0","0","0"
"POINT (13.426693126000032 52.515718165000067)","Unfall 138247 (2020) Kat:3, Licht: 0","138247","3","2","5","04","07","4","0","0","0","1","0","1"
"POINT (13.374116160000028 52.445017370000073)","Unfall 138248 (2020) Kat:3, Licht: 0","138248","3","2","6","04","13","6","0","0","0","1","1","0"
"POINT (13.281236019000062 52.482560670000055)","Unfall 138249 (2020) Kat:3, Licht: 0","138249","3","7","2","04","14","3","0","0","0","1","1","0"
"POINT (13.392368083000065 52.487330653000072)","Unfall 138250 (2020) Kat:3, Licht: 0","138250","3","7","0","04","07","5","1","0","0","0","0","1"
"POINT (13.334117508000077 52.589687593000065)","Unfall 138251 (2020) Kat:3, Licht: 0","138251","3","2","5","04","18","5","0","0","1","1","0","0"
"POINT (13.418388414000049 52.451958161000050)","Unfall 138252 (2020) Kat:3, Licht: 0","138252","3","1","0","04","12","5","0","0","1","0","0","0"
"POINT (13.501064927000073 52.638508988000069)","Unfall 138253 (2020) Kat:3, Licht: 0","138253","3","6","0","04","14","3","0","0","1","0","0","0"
"POINT (13.340710496000042 52.445441439000035)","Unfall 138254 (2020) Kat:3, Licht: 0","138254","3","3","2","04","12","6","0","0","1","0","0","0"
"POINT (13.389485940000043 52.555225627000027)","Unfall 138255 (2020) Kat:3, Licht: 0","138255","3","3","5","04","16","3","0","0","1","1","0","0"
"POINT (13.287587600000052 52.515763739000079)","Unfall 138256 (2020) Kat:3, Licht: 0","138256","3","2","5","04","12","6","0","0","1","1","0","0"
"POINT (13.154640167000025 52.460355333000052)","Unfall 138257 (2020) Kat:3, Licht: 0","138257","3","2","5","04","12","5","1","0","1","1","0","0"
"POINT (13.372024108000062 52.520055286000058)","Unfall 138258 (2020) Kat:2, Licht: 0","138258","2","1","9","04","13","5","0","0","0","0","0","1"
"POINT (13.307652999000027 52.577287845000058)","Unfall 138259 (2020) Kat:3, Licht: 0","138259","3","3","5","04","14","2","0","0","0","1","0","1"
"POINT (13.385796846000062 52.471930656000040)","Unfall 138260 (2020) Kat:3, Licht: 0","138260","3","2","5","04","18","4","1","0","1","0","0","0"
"POINT (13.293077494000045 52.446569345000057)","Unfall 138261 (2020) Kat:3, Licht: 0","138261","3","2","5","04","15","2","0","0","1","1","0","0"
"POINT (13.424109600000065 52.582139952000034)","Unfall 138262 (2020) Kat:3, Licht: 0","138262","3","5","1","04","19","3","0","0","1","1","0","0"
"POINT (13.280722886000035 52.477047676000041)","Unfall 138263 (2020) Kat:3, Licht: 0","138263","3","6","2","04","17","1","0","0","0","1","0","0"
"POINT (13.197374723000053 52.524635954000075)","Unfall 138264 (2020) Kat:3, Licht: 0","138264","3","5","1","04","17","7","0","0","1","1","0","0"
"POINT (13.334886796000035 52.421067393000044)","Unfall 138265 (2020) Kat:2, Licht: 0","138265","2","3","5","04","18","3","0","0","1","1","0","0"
"POINT (13.541325801000028 52.564905628000076)","Unfall 138266 (2020) Kat:3, Licht: 0","138266","3","7","5","04","11","6","0","0","0","1","0","0"
"POINT (13.573523295000030 52.444469296000079)","Unfall 138267 (2020) Kat:2, Licht: 2","138267","2","1","0","04","21","2","0","2","0","0","0","1"
"POINT (13.379295921000050 52.507033447000026)","Unfall 138268 (2020) Kat:3, Licht: 0","138268","3","3","5","04","17","5","0","0","1","1","0","0"
"POINT (13.247542841000040 52.524528918000044)","Unfall 138269 (2020) Kat:3, Licht: 0","138269","3","2","5","04","08","2","0","0","1","0","0","0"
"POINT (13.296436139000036 52.529267245000028)","Unfall 138270 (2020) Kat:3, Licht: 0","138270","3","2","5","04","16","4","0","0","0","1","0","0"
"POINT (13.502313515000026 52.534518838000054)","Unfall 138271 (2020) Kat:2, Licht: 1","138271","2","6","3","04","20","2","0","1","0","1","0","1"
"POINT (13.540128424000045 52.565318095000066)","Unfall 138272 (2020) Kat:3, Licht: 0","138272","3","2","2","04","18","3","0","0","0","1","0","1"
"POINT (13.435104259000070 52.433969088000026)","Unfall 138273 (2020) Kat:3, Licht: 0","138273","3","2","5","04","09","2","0","0","1","1","0","0"
"POINT (13.349661877000074 52.449745307000057)","Unfall 138274 (2020) Kat:3, Licht: 2","138274","3","3","5","04","21","4","0","2","0","1","0","0"
"POINT (13.326426661000028 52.604514294000069)","Unfall 138275 (2020) Kat:3, Licht: 0","138275","3","2","2","04","15","2","0","0","0","1","0","0"
"POINT (13.306824833000064 52.419616817000076)","Unfall 138276 (2020) Kat:3, Licht: 0","138276","3","7","5","04","18","3","0","0","0","1","0","0"
"POINT (13.406768574000068 52.393768113000078)","Unfall 138277 (2020) Kat:2, Licht: 2","138277","2","2","5","04","21","7","0","2","0","1","0","0"
"POINT (13.340204789000040 52.481846694000069)","Unfall 138278 (2020) Kat:3, Licht: 0","138278","3","5","1","04","07","4","1","0","1","1","0","0"
"POINT (13.531102638000050 52.434352880000063)","Unfall 138279 (2020) Kat:3, Licht: 0","138279","3","7","5","04","10","6","0","0","0","1","0","1"
"POINT (13.347512236000057 52.459085752000078)","Unfall 138280 (2020) Kat:2, Licht: 0","138280","2","3","5","04","17","3","0","0","1","1","0","0"
"POINT (13.353015923000044 52.553308723000043)","Unfall 138281 (2020) Kat:3, Licht: 0","138281","3","2","5","04","19","6","0","0","1","1","0","0"
"POINT (13.402523713000051 52.554300763000072)","Unfall 138282 (2020) Kat:3, Licht: 0","138282","3","2","5","04","18","2","0","0","1","1","0","0"
"POINT (13.567451887000061 52.573321254000064)","Unfall 138283 (2020) Kat:3, Licht: 0","138283","3","3","5","04","16","5","1","0","1","1","0","0"
"POINT (13.199671856000066 52.546360498000070)","Unfall 138284 (2020) Kat:2, Licht: 0","138284","2","5","1","04","17","5","0","0","0","1","0","0"
"POINT (13.317853246000027 52.570657778000054)","Unfall 138285 (2020) Kat:3, Licht: 0","138285","3","5","1","04","12","2","0","0","0","1","0","1"
"POINT (13.260219808000045 52.434591309000041)","Unfall 138286 (2020) Kat:3, Licht: 0","138286","3","5","1","04","14","4","0","0","1","1","0","0"
"POINT (13.309630733000063 52.431294031000050)","Unfall 138287 (2020) Kat:2, Licht: 2","138287","2","2","5","04","21","1","0","2","0","1","0","0"
"POINT (13.285707518000038 52.494982732000040)","Unfall 138288 (2020) Kat:3, Licht: 0","138288","3","6","2","04","17","3","0","0","0","1","0","0"
"POINT (13.327013284000031 52.499775589000080)","Unfall 138289 (2020) Kat:3, Licht: 0","138289","3","5","1","04","12","7","0","0","1","1","0","0"
"POINT (13.578574204000063 52.495210963000034)","Unfall 138290 (2020) Kat:3, Licht: 0","138290","3","6","4","04","07","5","0","0","1","1","0","0"
"POINT (13.450573433000045 52.508635985000069)","Unfall 138291 (2020) Kat:3, Licht: 2","138291","3","2","6","04","22","3","0","2","0","0","1","0"
"POINT (13.408667336000065 52.488973250000072)","Unfall 138292 (2020) Kat:3, Licht: 0","138292","3","6","3","04","09","6","0","0","1","0","0","0"
"POINT (13.328491842000062 52.531941588000052)","Unfall 138293 (2020) Kat:3, Licht: 0","138293","3","6","2","04","17","6","0","0","0","1","0","0"
"POINT (13.593359388000067 52.451676931000065)","Unfall 138294 (2020) Kat:3, Licht: 0","138294","3","2","5","04","14","7","0","0","1","1","0","0"
"POINT (13.358731232000025 52.412969145000034)","Unfall 138295 (2020) Kat:3, Licht: 0","138295","3","2","5","04","07","5","0","0","1","1","0","0"
"POINT (13.351418941000077 52.474700360000043)","Unfall 138296 (2020) Kat:2, Licht: 0","138296","2","6","2","04","12","3","0","0","0","1","0","1"
"POINT (13.441043388000026 52.547276047000082)","Unfall 138297 (2020) Kat:2, Licht: 0","138297","2","4","6","04","08","6","0","0","0","1","1","0"
"POINT (13.351636476000067 52.509618558000057)","Unfall 138298 (2020) Kat:3, Licht: 0","138298","3","3","5","04","17","6","0","0","1","1","0","0"
"POINT (13.372307286000023 52.561346059000073)","Unfall 138299 (2020) Kat:3, Licht: 0","138299","3","3","5","04","17","2","0","0","1","1","0","0"
"POINT (13.485012989000040 52.533383790000073)","Unfall 138300 (2020) Kat:3, Licht: 0","138300","3","2","0","04","10","4","0","0","1","0","0","0"
"POINT (13.391177630000072 52.530612444000042)","Unfall 138301 (2020) Kat:3, Licht: 0","138301","3","7","0","04","08","3","0","0","0","1","0","0"
"POINT (13.481095534000076 52.473369444000070)","Unfall 138302 (2020) Kat:3, Licht: 2","138302","3","5","1","04","22","1","0","2","0","1","0","0"
"POINT (13.309846151000045 52.431363907000048)","Unfall 138303 (2020) Kat:3, Licht: 0","138303","3","2","5","04","11","4","0","0","0","1","0","0"
"POINT (13.519142211000030 52.509703725000065)","Unfall 138304 (2020) Kat:3, Licht: 0","138304","3","3","5","04","18","1","0","0","0","1","0","1"
"POINT (13.339918211000054 52.588044636000063)","Unfall 138305 (2020) Kat:3, Licht: 0","138305","3","2","5","04","16","3","0","0","0","1","0","1"
"POINT (13.428817228000071 52.572056703000044)","Unfall 138306 (2020) Kat:3, Licht: 0","138306","3","2","5","04","09","7","0","0","0","1","0","0"
"POINT (13.419489635000048 52.496689151000055)","Unfall 138307 (2020) Kat:3, Licht: 0","138307","3","7","0","04","14","4","0","0","1","0","0","0"
"POINT (13.478524681000067 52.506980486000032)","Unfall 138308 (2020) Kat:3, Licht: 0","138308","3","2","5","04","17","3","0","0","1","1","0","0"
"POINT (13.496503036000036 52.533995983000068)","Unfall 138309 (2020) Kat:3, Licht: 0","138309","3","3","5","04","08","6","0","0","1","1","0","0"
"POINT (13.377274157000045 52.522275089000061)","Unfall 138310 (2020) Kat:3, Licht: 0","138310","3","3","5","04","14","5","0","0","0","1","0","0"
"POINT (13.306403739000075 52.517559134000066)","Unfall 138311 (2020) Kat:3, Licht: 0","138311","3","2","5","04","17","5","0","0","0","1","0","1"
"POINT (13.427874354000039 52.493532963000064)","Unfall 138312 (2020) Kat:3, Licht: 0","138312","3","2","5","04","11","2","0","0","1","1","0","0"
"POINT (13.218148875000054 52.548552938000057)","Unfall 138313 (2020) Kat:3, Licht: 1","138313","3","6","2","04","18","4","1","1","0","1","0","0"
"POINT (13.466345981000075 52.476881251000066)","Unfall 138314 (2020) Kat:3, Licht: 0","138314","3","4","6","04","17","2","0","0","0","1","1","0"
"POINT (13.341574285000036 52.575277328000027)","Unfall 138315 (2020) Kat:3, Licht: 0","138315","3","6","3","04","16","3","0","0","0","1","0","1"
"POINT (13.353007102000049 52.484317980000071)","Unfall 138316 (2020) Kat:3, Licht: 2","138316","3","1","9","04","01","1","0","2","0","1","0","0"
"POINT (13.267130426000051 52.514214595000055)","Unfall 138317 (2020) Kat:3, Licht: 0","138317","3","4","6","04","15","2","0","0","0","1","1","0"
"POINT (13.525787872000024 52.513709482000081)","Unfall 138318 (2020) Kat:3, Licht: 0","138318","3","5","1","04","16","3","0","0","0","1","0","0"
"POINT (13.389955879000070 52.595908386000076)","Unfall 138319 (2020) Kat:3, Licht: 0","138319","3","2","5","04","17","4","1","0","0","1","0","1"
"POINT (13.421633863000068 52.606789944000070)","Unfall 138320 (2020) Kat:3, Licht: 0","138320","3","1","9","04","06","3","0","0","0","1","0","0"
"POINT (13.563064752000059 52.514312369000038)","Unfall 138321 (2020) Kat:2, Licht: 0","138321","2","3","0","04","16","3","0","0","0","0","0","1"
"POINT (13.462957989000074 52.466849595000042)","Unfall 138322 (2020) Kat:2, Licht: 0","138322","2","7","6","04","19","1","0","0","0","0","1","1"
"POINT (13.407884155000033 52.518732282000030)","Unfall 138323 (2020) Kat:3, Licht: 2","138323","3","1","0","04","02","1","0","2","1","0","0","0"
"POINT (13.434693815000060 52.440319541000065)","Unfall 138324 (2020) Kat:3, Licht: 0","138324","3","2","5","04","16","3","0","0","1","1","0","0"
"POINT (13.449849158000063 52.460829002000082)","Unfall 138325 (2020) Kat:3, Licht: 0","138325","3","3","5","04","07","6","0","0","1","1","0","0"
"POINT (13.390721144000054 52.544969293000065)","Unfall 138326 (2020) Kat:3, Licht: 0","138326","3","6","2","04","15","3","0","0","0","1","0","0"
"POINT (13.449487715000032 52.546322625000073)","Unfall 138327 (2020) Kat:3, Licht: 0","138327","3","1","0","04","08","6","0","0","1","0","0","0"
"POINT (13.492356028000074 52.543993827000065)","Unfall 138328 (2020) Kat:3, Licht: 0","138328","3","1","0","04","09","5","0","0","1","0","0","0"
"POINT (13.401232838000055 52.529747189000034)","Unfall 138329 (2020) Kat:3, Licht: 0","138329","3","6","3","04","13","5","0","0","1","1","0","0"
"POINT (13.393141220000075 52.493277220000039)","Unfall 138330 (2020) Kat:3, Licht: 0","138330","3","5","3","04","14","2","0","0","0","1","0","1"
"POINT (13.351655122000068 52.505506772000047)","Unfall 138331 (2020) Kat:3, Licht: 0","138331","3","3","2","04","14","4","0","0","0","1","0","1"
"POINT (13.418090843000073 52.515463717000046)","Unfall 138332 (2020) Kat:3, Licht: 0","138332","3","2","5","04","10","2","0","0","0","1","0","0"
"POINT (13.392821117000040 52.492042581000078)","Unfall 138333 (2020) Kat:2, Licht: 0","138333","2","3","5","04","15","3","0","0","1","0","0","1"
"POINT (13.330389408000030 52.478578197000047)","Unfall 138334 (2020) Kat:2, Licht: 0","138334","2","3","5","04","15","1","0","0","0","1","0","1"
"POINT (13.240599682000038 52.543101912000054)","Unfall 138335 (2020) Kat:3, Licht: 0","138335","3","6","2","04","14","7","0","0","0","1","0","1"
"POINT (13.370904399000040 52.492656323000062)","Unfall 138336 (2020) Kat:3, Licht: 0","138336","3","2","5","04","15","3","0","0","1","1","0","0"