WKT,Name,OBJECTID,UKATEGORIE,UTYP1,UART,UMONAT,USTUNDE,UWOCHENTAG,STRZUSTAND,ULICHTVERH,ISTRAD,ISTPKW,ISTFUSS,ISTKRAD
"POINT (13.442263096000033 52.500903276000031)","Unfall 138337 (2020) Kat:3, Licht: 0","138337","3","2","5","04","10","6","0","0","1","0","0","0"
"POINT (13.334408560000043 52.542720856000074)","Unfall 138338 (2020) Kat:3, Licht: 0","138338","3","5","1","04","16","7","0","0","1","1","0","0"
"POINT (13.495294337000075 52.431658994000031)","Unfall 138339 (2020) Kat:3, Licht: 0","138339","3","2","5","04","15","3","0","0","0","1","0","0"
"POINT (13.310421358000042 52.567956182000046)","Unfall 138340 (2020) Kat:3, Licht: 0","138340","3","2","5","04","13","6","0","0","1","0","0","0"
"POINT (13.451471555000069 52.490712161000033)","Unfall 138341 (2020) Kat:3, Licht: 0","138341","3","5","1","04","19","3","0","0","1","0","0","0"
"POINT (13.437908969000034 52.488067886000067)","Unfall 138342 (2020) Kat:3, Licht: 1","138342","3","6","3","04","20","5","1","1","1","0","0","0"
"POINT (13.280770521000022 52.435547320000069)","Unfall 138343 (2020) Kat:3, Licht: 0","138343","3","3","5","04","11","5","0","0","1","0","0","0"
"POINT (13.378067487000067 52.407645171000070)","Unfall 138344 (2020) Kat:3, Licht: 0","138344","3","3","5","04","14","2","0","0","0","1","0","0"
"POINT (13.313403532000052 52.468640467000057)","Unfall 138345 (2020) Kat:3, Licht: 0","138345","3","2","6","04","07","4","0","0","0","1","1","0"
"POINT (13.491300768000031 52.469094214000052)","Unfall 138346 (2020) Kat:3, Licht: 1","138346","3","2","5","04","20","2","0","1","0","1","0","0"
"POINT (13.439917100000059 52.479405041000064)","Unfall 138347 (2020) Kat:3, Licht: 0","138347","3","5","1","04","15","3","0","0","0","1","0","0"
"POINT (13.147740725000062 52.418197223000050)","Unfall 138348 (2020) Kat:3, Licht: 0","138348","3","1","0","04","16","7","0","0","0","0","0","1"
"POINT (13.294491547000064 52.532670362000033)","Unfall 138349 (2020) Kat:3, Licht: 0","138349","3","6","3","04","08","3","0","0","0","1","0","0"
"POINT (13.331782855000029 52.500609114000042)","Unfall 138350 (2020) Kat:3, Licht: 0","138350","3","3","5","04","08","6","0","0","1","1","0","0"
"POINT (13.314017051000064 52.576723473000072)","Unfall 138351 (2020) Kat:3, Licht: 0","138351","3","2","5","04","14","3","0","0","1","0","0","0"
"POINT (13.290777960000071 52.519079622000049)","Unfall 138352 (2020) Kat:3, Licht: 0","138352","3","5","1","04","18","6","0","0","0","1","0","1"
"POINT (13.424037761000022 52.479943457000047)","Unfall 138353 (2020) Kat:3, Licht: 0","138353","3","7","2","04","17","2","0","0","0","1","0","1"
"POINT (13.469706098000074 52.520135104000076)","Unfall 138354 (2020) Kat:3, Licht: 0","138354","3","3","5","04","16","5","0","0","1","1","0","0"
"POINT (13.492951541000025 52.500994920000039)","Unfall 138355 (2020) Kat:3, Licht: 0","138355","3","2","2","04","11","3","0","0","0","1","0","0"
"POINT (13.471040235000032 52.466052223000077)","Unfall 138356 (2020) Kat:3, Licht: 0","138356","3","2","5","04","12","2","0","0","0","1","0","0"
"POINT (13.328708523000046 52.465286763000051)","Unfall 138357 (2020) Kat:3, Licht: 0","138357","3","6","2","04","13","4","0","0","1","1","0","0"
"POINT (13.380879319000030 52.516368198000066)","Unfall 138358 (2020) Kat:3, Licht: 0","138358","3","2","2","04","19","2","0","0","1","1","0","0"
"POINT (13.357926583000051 52.457069020000063)","Unfall 138359 (2020) Kat:2, Licht: 0","138359","2","1","8","04","17","5","0","0","1","0","0","0"
"POINT (13.288285532000032 52.513061636000032)","Unfall 138360 (2020) Kat:3, Licht: 0","138360","3","2","0","04","08","2","0","0","1","1","0","0"
"POINT (13.442218909000076 52.546760383000048)","Unfall 138361 (2020) Kat:3, Licht: 0","138361","3","3","5","04","15","4","0","0","0","1","0","1"
"POINT (13.447303362000071 52.438224161000051)","Unfall 138362 (2020) Kat:3, Licht: 0","138362","3","5","1","04","18","2","0","0","0","1","0","0"
"POINT (13.420476099000041 52.496917255000028)","Unfall 138363 (2020) Kat:3, Licht: 0","138363","3","5","1","04","12","3","0","0","1","1","0","0"
"POINT (13.336263100000053 52.595662083000036)","Unfall 138364 (2020) Kat:3, Licht: 0","138364","3","2","0","04","13","7","0","0","0","1","0","0"
"POINT (13.423759550000057 52.452350190000061)","Unfall 138365 (2020) Kat:3, Licht: 0","138365","3","2","0","04","12","4","0","0","1","1","0","0"
"POINT (13.578589815000043 52.443855503000066)","Unfall 138366 (2020) Kat:3, Licht: 0","138366","3","6","2","04","10","3","0","0","0","1","0","0"
"POINT (13.307921251000039 52.488571024000066)","Unfall 138367 (2020) Kat:3, Licht: 0","138367","3","2","5","04","08","6","0","0","0","1","0","0"
"POINT (13.349926691000064 52.524527014000057)","Unfall 138368 (2020) Kat:3, Licht: 0","138368","3","6","4","04","15","5","0","0","1","0","0","0"
"POINT (13.322223006000058 52.410381105000056)","Unfall 138369 (2020) Kat:3, Licht: 0","138369","3","6","2","04","08","6","0","0","0","1","0","0"
"POINT (13.380435955000053 52.518103138000072)","Unfall 138370 (2020) Kat:3, Licht: 0","138370","3","2","5","04","16","2","0","0","1","1","0","0"
"POINT (13.192482667000036 52.435433756000066)","Unfall 138371 (2020) Kat:3, Licht: 0","138371","3","1","0","04","17","4","1","0","1","0","0","0"
"POINT (13.561386287000062 52.436349434000078)","Unfall 138372 (2020) Kat:3, Licht: 0","138372","3","2","5","04","15","5","0","0","1","1","0","0"
"POINT (13.454086919000076 52.488882714000056)","Unfall 138373 (2020) Kat:3, Licht: 0","138373","3","2","2","04","19","3","0","0","1","1","0","0"
"POINT (13.408732842000063 52.443932154000038)","Unfall 138374 (2020) Kat:3, Licht: 0","138374","3","1","0","04","10","1","0","0","1","0","0","0"
"POINT (13.394426192000026 52.488551373000064)","Unfall 138375 (2020) Kat:3, Licht: 0","138375","3","1","0","04","18","1","0","0","1","0","0","0"
"POINT (13.334988166000073 52.610800693000044)","Unfall 138376 (2020) Kat:3, Licht: 0","138376","3","5","1","04","12","3","0","0","0","1","0","0"
"POINT (13.447450180000033 52.476143749000073)","Unfall 138377 (2020) Kat:3, Licht: 2","138377","3","2","5","04","21","6","0","2","1","1","0","0"
"POINT (13.341255436000040 52.463962688000038)","Unfall 138378 (2020) Kat:3, Licht: 0","138378","3","7","5","04","07","6","0","0","0","1","0","0"
"POINT (13.515659557000049 52.557907038000053)","Unfall 138379 (2020) Kat:3, Licht: 0","138379","3","7","5","04","16","3","0","0","1","0","0","0"
"POINT (13.425952262000067 52.506166097000062)","Unfall 138380 (2020) Kat:3, Licht: 0","138380","3","4","6","05","16","1","0","0","1","0","1","0"
"POINT (13.378177230000063 52.456213851000030)","Unfall 138381 (2020) Kat:2, Licht: 0","138381","2","3","5","05","19","7","0","0","0","1","0","0"
"POINT (13.182997502000035 52.513074116000041)","Unfall 138382 (2020) Kat:3, Licht: 0","138382","3","6","2","05","12","6","0","0","0","1","0","0"
"POINT (13.460914697000021 52.511099324000043)","Unfall 138383 (2020) Kat:3, Licht: 0","138383","3","3","5","05","17","2","1","0","0","1","0","0"
"POINT (13.577076928000054 52.455748480000068)","Unfall 138384 (2020) Kat:3, Licht: 0","138384","3","3","5","05","09","2","1","0","1","1","0","0"
"POINT (13.345437231000062 52.589499266000075)","Unfall 138385 (2020) Kat:3, Licht: 0","138385","3","1","0","05","08","6","0","0","0","1","0","0"
"POINT (13.355976182000063 52.543223773000079)","Unfall 138386 (2020) Kat:3, Licht: 0","138386","3","3","5","05","13","6","0","0","0","0","0","1"
"POINT (13.390780506000056 52.515737884000032)","Unfall 138387 (2020) Kat:3, Licht: 2","138387","3","3","5","05","02","6","0","2","0","1","0","0"
"POINT (13.406525539000029 52.525114426000073)","Unfall 138388 (2020) Kat:3, Licht: 1","138388","3","1","0","05","20","5","0","1","1","0","0","0"
"POINT (13.420346239000025 52.461669855000082)","Unfall 138389 (2020) Kat:3, Licht: 0","138389","3","2","0","05","13","1","0","0","1","1","0","0"
"POINT (13.492730563000066 52.544230257000038)","Unfall 138390 (2020) Kat:3, Licht: 0","138390","3","1","0","05","16","4","0","0","1","0","0","0"
"POINT (13.607815449000043 52.541858868000077)","Unfall 138391 (2020) Kat:3, Licht: 0","138391","3","7","0","05","15","1","0","0","0","0","1","1"
"POINT (13.448105328000054 52.470538839000028)","Unfall 138392 (2020) Kat:2, Licht: 0","138392","2","3","5","05","08","5","0","0","0","1","0","1"
"POINT (13.726138058000060 52.430660880000062)","Unfall 138393 (2020) Kat:3, Licht: 0","138393","3","7","7","05","15","3","0","0","0","1","0","0"
"POINT (13.353183724000075 52.492008575000057)","Unfall 138394 (2020) Kat:3, Licht: 0","138394","3","3","5","05","20","1","1","0","0","1","0","0"
"POINT (13.381231409000065 52.441149156000051)","Unfall 138395 (2020) Kat:2, Licht: 0","138395","2","7","0","05","17","6","0","0","1","0","0","0"
"POINT (13.499460997000028 52.562234807000038)","Unfall 138396 (2020) Kat:3, Licht: 0","138396","3","4","6","05","11","5","0","0","0","1","1","0"
"POINT (13.485378823000076 52.506642817000056)","Unfall 138397 (2020) Kat:3, Licht: 0","138397","3","3","5","05","20","5","0","0","1","1","0","0"
"POINT (13.430073412000070 52.499450124000077)","Unfall 138398 (2020) Kat:3, Licht: 0","138398","3","1","0","05","17","5","0","0","1","0","0","0"
"POINT (13.326708087000043 52.564351849000047)","Unfall 138399 (2020) Kat:3, Licht: 0","138399","3","6","2","05","17","5","0","0","0","1","0","0"
"POINT (13.498967040000025 52.633471882000038)","Unfall 138400 (2020) Kat:3, Licht: 0","138400","3","3","5","05","17","5","0","0","1","1","0","0"
"POINT (13.333921836000059 52.541399245000036)","Unfall 138401 (2020) Kat:3, Licht: 0","138401","3","3","5","05","13","4","0","0","1","1","0","0"
"POINT (13.302887787000031 52.425496512000052)","Unfall 138402 (2020) Kat:3, Licht: 0","138402","3","2","2","05","10","6","0","0","0","1","0","0"
"POINT (13.333455022000066 52.429938365000055)","Unfall 138403 (2020) Kat:3, Licht: 0","138403","3","2","5","05","16","5","0","0","1","1","0","0"
"POINT (13.380434761000060 52.518109891000051)","Unfall 138404 (2020) Kat:3, Licht: 0","138404","3","2","5","05","16","5","0","0","1","1","0","0"
"POINT (13.323015376000058 52.490393331000064)","Unfall 138405 (2020) Kat:3, Licht: 0","138405","3","7","5","05","16","4","0","0","0","1","0","1"
"POINT (13.420225557000037 52.538149602000033)","Unfall 138406 (2020) Kat:3, Licht: 0","138406","3","3","5","05","19","1","1","0","0","1","0","0"
"POINT (13.428058424000028 52.486950747000037)","Unfall 138407 (2020) Kat:3, Licht: 0","138407","3","2","5","05","15","5","0","0","0","1","0","0"
"POINT (13.342875814000024 52.481025701000078)","Unfall 138408 (2020) Kat:3, Licht: 0","138408","3","6","2","05","09","3","0","0","1","1","0","0"
"POINT (13.351121819000070 52.515169196000045)","Unfall 138409 (2020) Kat:3, Licht: 0","138409","3","2","2","05","19","1","1","0","0","1","0","0"
"POINT (13.255165607000038 52.449794420000046)","Unfall 138410 (2020) Kat:3, Licht: 0","138410","3","3","0","05","08","6","0","0","0","0","0","0"
"POINT (13.524430948000031 52.405971077000061)","Unfall 138411 (2020) Kat:3, Licht: 0","138411","3","6","2","05","15","5","0","0","0","1","0","1"
"POINT (13.351816629000041 52.524292792000040)","Unfall 138412 (2020) Kat:3, Licht: 0","138412","3","6","2","05","15","5","0","0","0","1","0","1"
"POINT (13.283902296000065 52.533777369000063)","Unfall 138413 (2020) Kat:2, Licht: 0","138413","2","6","3","05","15","5","0","0","0","1","0","1"
"POINT (13.225792080000076 52.555137483000067)","Unfall 138414 (2020) Kat:3, Licht: 0","138414","3","2","5","05","15","5","0","0","0","1","0","0"
"POINT (13.227698999000040 52.558795959000065)","Unfall 138415 (2020) Kat:3, Licht: 0","138415","3","3","5","05","12","4","0","0","0","1","0","0"
"POINT (13.403215323000040 52.463430181000035)","Unfall 138416 (2020) Kat:3, Licht: 0","138416","3","3","5","05","18","1","1","0","0","1","0","0"
"POINT (13.465604042000052 52.512838178000038)","Unfall 138417 (2020) Kat:3, Licht: 0","138417","3","6","4","05","13","1","0","0","1","1","0","0"
"POINT (13.544329523000044 52.424683363000042)","Unfall 138418 (2020) Kat:3, Licht: 0","138418","3","3","5","05","14","5","0","0","1","1","0","0"
"POINT (13.390155474000039 52.507678020000071)","Unfall 138419 (2020) Kat:2, Licht: 0","138419","2","4","6","05","17","2","1","0","0","1","1","0"
"POINT (13.362662107000062 52.499764622000043)","Unfall 138420 (2020) Kat:3, Licht: 0","138420","3","2","5","05","13","2","1","0","0","1","1","0"
"POINT (13.376547158000051 52.459987140000067)","Unfall 138421 (2020) Kat:3, Licht: 0","138421","3","3","5","05","13","5","0","0","1","1","0","0"
"POINT (13.299571173000061 52.579165067000076)","Unfall 138422 (2020) Kat:3, Licht: 0","138422","3","7","5","05","17","1","0","0","0","1","0","0"
"POINT (13.569527938000022 52.392474482000068)","Unfall 138423 (2020) Kat:3, Licht: 0","138423","3","3","5","05","14","6","0","0","0","1","0","0"
"POINT (13.469642902000032 52.515574162000064)","Unfall 138424 (2020) Kat:3, Licht: 0","138424","3","5","1","05","17","1","0","0","1","1","0","0"
"POINT (13.250255859000049 52.547505216000047)","Unfall 138425 (2020) Kat:3, Licht: 0","138425","3","6","3","05","15","1","0","0","1","0","0","0"
"POINT (13.402074223000056 52.602851384000076)","Unfall 138426 (2020) Kat:3, Licht: 2","138426","3","2","5","05","20","5","0","2","0","1","0","0"
"POINT (13.427722958000061 52.474184777000062)","Unfall 138427 (2020) Kat:3, Licht: 2","138427","3","5","1","05","00","3","0","2","0","1","0","0"
"POINT (13.565855667000051 52.528853144000038)","Unfall 138428 (2020) Kat:3, Licht: 0","138428","3","6","2","05","19","5","0","0","0","1","0","0"
"POINT (13.159442468000066 52.552259817000049)","Unfall 138429 (2020) Kat:3, Licht: 0","138429","3","3","5","05","16","1","0","0","0","1","0","0"
"POINT (13.373350097000070 52.492170084000065)","Unfall 138430 (2020) Kat:3, Licht: 0","138430","3","2","5","05","07","6","0","0","1","0","0","0"
"POINT (13.336314564000077 52.597574508000037)","Unfall 138431 (2020) Kat:3, Licht: 0","138431","3","5","1","05","18","5","0","0","1","1","0","0"
"POINT (13.350499739000043 52.547188926000047)","Unfall 138432 (2020) Kat:3, Licht: 0","138432","3","2","6","05","18","5","0","0","0","1","1","0"
"POINT (13.327130339000064 52.592708531000028)","Unfall 138433 (2020) Kat:3, Licht: 0","138433","3","6","2","05","13","5","0","0","0","1","0","0"
"POINT (13.459828699000070 52.508662545000050)","Unfall 138434 (2020) Kat:3, Licht: 0","138434","3","5","1","05","13","5","0","0","1","0","0","0"
"POINT (13.587024478000046 52.451429181000037)","Unfall 138435 (2020) Kat:3, Licht: 0","138435","3","3","5","05","07","4","1","0","0","1","0","1"
"POINT (13.380236242000024 52.483110544000056)","Unfall 138436 (2020) Kat:3, Licht: 0","138436","3","3","5","05","16","1","0","0","1","1","0","0"
"POINT (13.382941132000042 52.551558991000036)","Unfall 138437 (2020) Kat:3, Licht: 1","138437","3","5","1","05","20","7","0","1","1","1","0","0"
"POINT (13.387058279000030 52.496395033000056)","Unfall 138438 (2020) Kat:3, Licht: 0","138438","3","2","5","05","13","5","0","0","1","1","0","0"
"POINT (13.176833217000024 52.533761664000053)","Unfall 138439 (2020) Kat:3, Licht: 0","138439","3","7","0","05","12","2","1","0","0","0","0","1"
"POINT (13.504047713000034 52.509513958000070)","Unfall 138440 (2020) Kat:3, Licht: 0","138440","3","2","5","05","11","2","1","0","1","1","0","0"
"POINT (13.309585809000055 52.590308385000071)","Unfall 138441 (2020) Kat:2, Licht: 0","138441","2","6","4","05","13","5","0","0","0","1","0","1"
"POINT (13.378306589000033 52.477599989000055)","Unfall 138442 (2020) Kat:3, Licht: 0","138442","3","3","5","05","13","6","0","0","1","1","0","0"
"POINT (13.291602441000066 52.595964771000070)","Unfall 138443 (2020) Kat:3, Licht: 0","138443","3","2","2","05","12","5","0","0","0","1","0","0"
"POINT (13.380694399000049 52.497264560000076)","Unfall 138444 (2020) Kat:3, Licht: 0","138444","3","2","5","05","08","5","0","0","1","1","0","0"
"POINT (13.423908629000039 52.552870292000080)","Unfall 138445 (2020) Kat:2, Licht: 0","138445","2","3","5","05","14","1","0","0","1","0","0","0"
"POINT (13.604427291000036 52.539471315000071)","Unfall 138446 (2020) Kat:2, Licht: 0","138446","2","4","6","05","06","5","0","0","0","1","1","0"
"POINT (13.518777201000034 52.509510440000042)","Unfall 138447 (2020) Kat:3, Licht: 0","138447","3","2","5","05","12","5","0","0","0","1","0","0"
"POINT (13.549908386000027 52.436263266000026)","Unfall 138448 (2020) Kat:3, Licht: 0","138448","3","3","5","05","11","5","0","0","1","1","0","0"
"POINT (13.397800740000037 52.506413975000044)","Unfall 138449 (2020) Kat:3, Licht: 0","138449","3","5","1","05","14","5","0","0","1","1","0","0"
"POINT (13.271174493000046 52.423541270000044)","Unfall 138450 (2020) Kat:2, Licht: 0","138450","2","6","0","05","10","5","0","0","1","1","0","0"
"POINT (13.332592016000035 52.468840213000078)","Unfall 138451 (2020) Kat:3, Licht: 0","138451","3","2","5","05","10","3","0","0","1","1","0","0"
"POINT (13.203456370000026 52.539926632000061)","Unfall 138452 (2020) Kat:3, Licht: 0","138452","3","6","3","05","12","1","0","0","0","1","0","0"
"POINT (13.359906003000049 52.412765548000039)","Unfall 138453 (2020) Kat:3, Licht: 0","138453","3","2","5","05","18","7","0","0","1","1","0","0"
"POINT (13.446407222000062 52.494313608000027)","Unfall 138454 (2020) Kat:3, Licht: 0","138454","3","3","5","05","10","5","0","0","1","1","0","0"
"POINT (13.210580282000024 52.567351642000062)","Unfall 138455 (2020) Kat:3, Licht: 0","138455","3","6","2","05","16","2","1","0","0","1","0","0"
"POINT (13.395522734000053 52.386671028000080)","Unfall 138456 (2020) Kat:3, Licht: 0","138456","3","2","2","05","09","2","1","0","0","1","0","0"
"POINT (13.203085960000067 52.535300558000074)","Unfall 138457 (2020) Kat:2, Licht: 0","138457","2","3","5","05","07","5","0","0","0","1","0","1"
"POINT (13.226138944000070 52.627484931000026)","Unfall 138458 (2020) Kat:3, Licht: 0","138458","3","2","5","05","11","6","0","0","1","1","0","0"
"POINT (13.331361546000039 52.453112421000071)","Unfall 138459 (2020) Kat:2, Licht: 0","138459","2","2","5","05","07","5","0","0","1","0","0","0"
"POINT (13.556545888000073 52.522952127000053)","Unfall 138460 (2020) Kat:3, Licht: 0","138460","3","7","6","05","14","4","0","0","1","0","1","0"
"POINT (13.525576876000059 52.482073830000047)","Unfall 138461 (2020) Kat:2, Licht: 0","138461","2","1","0","05","12","1","0","0","1","0","0","0"
"POINT (13.485832395000045 52.520783417000075)","Unfall 138462 (2020) Kat:3, Licht: 2","138462","3","3","5","05","22","4","0","2","0","1","0","0"
"POINT (13.254628149000041 52.420839588000035)","Unfall 138463 (2020) Kat:3, Licht: 0","138463","3","5","1","05","09","1","0","0","1","1","0","0"
"POINT (13.386057143000073 52.466087552000033)","Unfall 138464 (2020) Kat:3, Licht: 0","138464","3","2","5","05","14","4","0","0","0","0","0","1"
"POINT (13.395435225000028 52.528929432000041)","Unfall 138465 (2020) Kat:3, Licht: 0","138465","3","5","1","05","10","3","0","0","1","0","0","0"
"POINT (13.426684747000024 52.515708934000031)","Unfall 138466 (2020) Kat:3, Licht: 0","138466","3","3","5","05","09","1","0","0","1","1","0","0"
"POINT (13.426711255000043 52.543770747000053)","Unfall 138467 (2020) Kat:2, Licht: 0","138467","2","6","0","05","07","6","0","0","1","1","0","0"
"POINT (13.437497846000042 52.455325491000053)","Unfall 138468 (2020) Kat:3, Licht: 0","138468","3","7","5","05","14","4","0","0","0","1","0","1"
"POINT (13.464921445000073 52.425860863000082)","Unfall 138469 (2020) Kat:3, Licht: 0","138469","3","3","5","05","08","1","0","0","1","1","0","0"
"POINT (13.427946992000045 52.487046782000050)","Unfall 138470 (2020) Kat:3, Licht: 0","138470","3","3","5","05","14","4","0","0","1","1","0","0"
"POINT (13.376763682000046 52.545212149000065)","Unfall 138471 (2020) Kat:3, Licht: 0","138471","3","7","1","05","18","3","0","0","0","1","0","0"
"POINT (13.195109019000029 52.544886385000041)","Unfall 138472 (2020) Kat:2, Licht: 2","138472","2","4","6","05","21","7","0","2","0","1","1","0"
"POINT (13.402047962000040 52.530703399000060)","Unfall 138473 (2020) Kat:3, Licht: 0","138473","3","1","0","05","19","6","0","0","1","0","0","0"
"POINT (13.507292733000043 52.439221631000066)","Unfall 138474 (2020) Kat:3, Licht: 0","138474","3","2","5","05","13","4","0","0","0","1","0","0"
"POINT (13.563295660000051 52.515587680000067)","Unfall 138475 (2020) Kat:3, Licht: 0","138475","3","6","2","05","12","4","0","0","0","1","0","0"
"POINT (13.340235441000061 52.466955077000080)","Unfall 138476 (2020) Kat:3, Licht: 2","138476","3","1","0","05","21","5","0","2","0","0","0","1"
"POINT (13.272251805000053 52.518606154000054)","Unfall 138477 (2020) Kat:3, Licht: 0","138477","3","3","5","05","12","4","0","0","0","1","0","0"
"POINT (13.339859856000032 52.450821030000043)","Unfall 138478 (2020) Kat:2, Licht: 0","138478","2","6","2","05","11","4","0","0","0","1","0","1"
"POINT (13.509722470000042 52.546156399000040)","Unfall 138479 (2020) Kat:3, Licht: 0","138479","3","6","2","05","15","4","0","0","0","1","0","0"
"POINT (13.524708531000044 52.495877097000061)","Unfall 138480 (2020) Kat:2, Licht: 0","138480","2","1","8","05","17","7","0","0","1","0","0","1"
"POINT (13.346176309000043 52.501046660000043)","Unfall 138481 (2020) Kat:3, Licht: 0","138481","3","2","5","05","09","4","0","0","0","0","0","1"
"POINT (13.425057554000034 52.499682558000075)","Unfall 138482 (2020) Kat:3, Licht: 0","138482","3","5","1","05","07","3","0","0","1","0","0","0"
"POINT (13.495307563000040 52.431600462000063)","Unfall 138483 (2020) Kat:3, Licht: 0","138483","3","2","5","05","12","7","0","0","1","1","0","0"
"POINT (13.425818566000032 52.546418445000029)","Unfall 138484 (2020) Kat:3, Licht: 0","138484","3","2","5","05","07","6","0","0","1","0","0","0"
"POINT (13.448142034000057 52.549328901000081)","Unfall 138485 (2020) Kat:3, Licht: 0","138485","3","2","5","05","09","4","0","0","0","1","0","0"
"POINT (13.391279334000046 52.501958280000053)","Unfall 138486 (2020) Kat:3, Licht: 0","138486","3","5","1","05","08","4","0","0","1","1","0","0"
"POINT (13.168652245000033 52.533580684000071)","Unfall 138487 (2020) Kat:3, Licht: 0","138487","3","7","4","05","14","5","0","0","1","0","0","0"
"POINT (13.528535680000061 52.424214321000079)","Unfall 138488 (2020) Kat:3, Licht: 0","138488","3","5","1","05","06","4","0","0","0","1","0","1"
"POINT (13.361472417000073 52.412558122000064)","Unfall 138489 (2020) Kat:3, Licht: 0","138489","3","3","2","05","17","5","0","0","0","1","0","0"
"POINT (13.265580880000073 52.442211431000032)","Unfall 138490 (2020) Kat:3, Licht: 0","138490","3","3","5","05","12","4","0","0","0","1","0","0"
"POINT (13.355412830000034 52.486658141000078)","Unfall 138491 (2020) Kat:3, Licht: 2","138491","3","5","0","05","21","4","0","2","1","1","0","0"
"POINT (13.326955343000066 52.563246671000059)","Unfall 138492 (2020) Kat:3, Licht: 0","138492","3","2","0","05","14","4","0","0","0","0","0","0"
"POINT (13.432059909000031 52.614241933000073)","Unfall 138493 (2020) Kat:3, Licht: 0","138493","3","3","5","05","11","7","0","0","0","1","0","0"
"POINT (13.381069165000042 52.633026151000081)","Unfall 138494 (2020) Kat:3, Licht: 0","138494","3","2","5","05","13","1","0","0","1","0","0","0"
"POINT (13.315317686000071 52.514727676000064)","Unfall 138495 (2020) Kat:3, Licht: 0","138495","3","3","5","05","20","4","0","0","0","1","0","0"
"POINT (13.611897811000063 52.514233019000073)","Unfall 138496 (2020) Kat:3, Licht: 1","138496","3","3","5","05","20","2","0","1","0","1","0","0"
"POINT (13.456683956000063 52.509790654000028)","Unfall 138497 (2020) Kat:3, Licht: 0","138497","3","1","1","05","18","4","0","0","1","1","0","0"
"POINT (13.189172038000038 52.537033009000027)","Unfall 138498 (2020) Kat:3, Licht: 0","138498","3","6","2","05","11","7","0","0","0","1","0","0"
"POINT (13.328431009000042 52.564792916000044)","Unfall 138499 (2020) Kat:3, Licht: 0","138499","3","3","5","05","15","6","0","0","0","1","0","1"
"POINT (13.460503847000041 52.515909448000059)","Unfall 138500 (2020) Kat:3, Licht: 0","138500","3","2","5","05","17","4","0","0","1","1","0","0"
"POINT (13.417073113000072 52.568420794000076)","Unfall 138501 (2020) Kat:3, Licht: 0","138501","3","2","5","05","17","4","0","0","1","1","0","0"
"POINT (13.444262123000044 52.554163398000071)","Unfall 138502 (2020) Kat:3, Licht: 0","138502","3","6","2","05","12","5","0","0","0","1","0","0"
"POINT (13.339276013000074 52.528154737000079)","Unfall 138503 (2020) Kat:3, Licht: 0","138503","3","3","5","05","16","4","0","0","0","1","0","0"
"POINT (13.438900030000070 52.519522385000073)","Unfall 138504 (2020) Kat:3, Licht: 0","138504","3","2","0","05","13","4","0","0","1","1","0","0"
"POINT (13.317628690000049 52.566635906000045)","Unfall 138505 (2020) Kat:3, Licht: 0","138505","3","6","3","05","10","7","0","0","0","0","0","1"
"POINT (13.416797697000050 52.511661325000034)","Unfall 138506 (2020) Kat:3, Licht: 2","138506","3","1","0","05","00","7","0","2","1","0","0","0"
"POINT (13.286178527000061 52.497736057000054)","Unfall 138507 (2020) Kat:3, Licht: 0","138507","3","5","1","05","16","4","0","0","1","1","0","0"
"POINT (13.203735663000032 52.427646967000044)","Unfall 138508 (2020) Kat:3, Licht: 0","138508","3","3","5","05","16","2","1","0","0","1","0","0"
"POINT (13.417281697000021 52.490732746000049)","Unfall 138509 (2020) Kat:3, Licht: 0","138509","3","2","0","05","09","2","1","0","1","1","0","0"
"POINT (13.380285010000023 52.498891107000077)","Unfall 138510 (2020) Kat:3, Licht: 0","138510","3","7","0","05","09","3","0","0","1","0","0","0"
"POINT (13.282417264000060 52.533880104000048)","Unfall 138511 (2020) Kat:3, Licht: 0","138511","3","2","2","05","11","4","0","0","0","1","0","0"
"POINT (13.315769770000031 52.441778895000027)","Unfall 138512 (2020) Kat:3, Licht: 0","138512","3","5","1","05","19","7","0","0","0","1","0","0"
"POINT (13.299972298000057 52.455016087000047)","Unfall 138513 (2020) Kat:3, Licht: 0","138513","3","5","1","05","12","7","0","0","0","1","0","0"
"POINT (13.562136767000027 52.510119772000053)","Unfall 138514 (2020) Kat:3, Licht: 1","138514","3","3","2","05","21","3","1","1","1","1","0","0"
"POINT (13.379433269000060 52.456109522000077)","Unfall 138515 (2020) Kat:3, Licht: 0","138515","3","6","2","05","16","2","1","0","0","1","0","0"
"POINT (13.449674907000031 52.547871463000035)","Unfall 138516 (2020) Kat:3, Licht: 0","138516","3","6","2","05","11","2","1","0","0","1","0","0"
"POINT (13.367645196000069 52.485077314000080)","Unfall 138517 (2020) Kat:3, Licht: 0","138517","3","6","2","05","19","3","1","0","1","1","0","0"
"POINT (13.260470879000025 52.516296712000042)","Unfall 138518 (2020) Kat:2, Licht: 0","138518","2","6","2","05","14","6","0","0","0","1","0","1"
"POINT (13.349670433000028 52.503129420000050)","Unfall 138519 (2020) Kat:3, Licht: 0","138519","3","3","5","05","17","3","0","0","0","1","0","0"
"POINT (13.570205973000043 52.441161135000073)","Unfall 138520 (2020) Kat:2, Licht: 0","138520","2","4","6","05","10","3","0","0","0","1","1","0"
"POINT (13.317953851000027 52.487945904000071)","Unfall 138521 (2020) Kat:3, Licht: 0","138521","3","6","3","05","10","5","0","0","1","0","0","0"
"POINT (13.485782450000045 52.518926213000043)","Unfall 138522 (2020) Kat:3, Licht: 0","138522","3","3","5","05","08","2","0","0","0","1","0","0"