WKT,Name,OBJECTID,UKATEGORIE,UTYP1,UART,UMONAT,USTUNDE,UWOCHENTAG,STRZUSTAND,ULICHTVERH,ISTRAD,ISTPKW,ISTFUSS,ISTKRAD
"POINT (13.278138894000051 52.636447067000063)","Unfall 138523 (2020) Kat:2, Licht: 0","138523","2","3","5","05","10","3","0","0","1","1","0","0"
"POINT (13.418930550000027 52.498884921000069)","Unfall 138524 (2020) Kat:3, Licht: 0","138524","3","2","5","05","16","3","0","0","1","1","0","0"
"POINT (13.395536742000047 52.528954172000056)","Unfall 138525 (2020) Kat:3, Licht: 0","138525","3","6","3","05","19","7","0","0","1","0","0","1"
"POINT (13.470743016000029 52.506664646000047)","Unfall 138526 (2020) Kat:3, Licht: 0","138526","3","6","2","05","17","7","0","0","1","1","0","0"
"POINT (13.358857310000076 52.553813374000072)","Unfall 138527 (2020) Kat:3, Licht: 0","138527","3","3","2","05","09","3","0","0","0","1","0","0"
"POINT (13.300816878000035 52.494758828000045)","Unfall 138528 (2020) Kat:3, Licht: 0","138528","3","2","5","05","16","2","1","0","1","1","0","0"
"POINT (13.385871914000063 52.445572760000061)","Unfall 138529 (2020) Kat:3, Licht: 0","138529","3","2","5","05","08","3","0","0","0","1","0","0"
"POINT (13.305815967000058 52.418788508000034)","Unfall 138530 (2020) Kat:2, Licht: 0","138530","2","3","5","05","10","6","0","0","0","1","0","0"
"POINT (13.410284568000066 52.550836219000075)","Unfall 138531 (2020) Kat:3, Licht: 0","138531","3","2","5","05","07","2","1","0","1","1","0","0"
"POINT (13.417136134000032 52.521959649000053)","Unfall 138532 (2020) Kat:3, Licht: 1","138532","3","6","2","05","05","3","0","1","0","1","0","0"
"POINT (13.427903027000070 52.491714983000065)","Unfall 138533 (2020) Kat:3, Licht: 0","138533","3","6","2","05","17","3","1","0","1","1","0","0"
"POINT (13.305326693000040 52.458917286000030)","Unfall 138534 (2020) Kat:3, Licht: 0","138534","3","4","6","05","16","3","1","0","0","1","1","0"
"POINT (13.451705178000054 52.510750513000062)","Unfall 138535 (2020) Kat:3, Licht: 0","138535","3","3","5","05","13","6","0","0","0","1","0","0"
"POINT (13.326246751000042 52.538017557000046)","Unfall 138536 (2020) Kat:3, Licht: 1","138536","3","2","5","05","06","2","1","1","0","1","0","0"
"POINT (13.356013114000064 52.444910070000049)","Unfall 138537 (2020) Kat:3, Licht: 0","138537","3","6","2","05","16","3","1","0","0","1","0","1"
"POINT (13.590466410000033 52.455354798000030)","Unfall 138538 (2020) Kat:3, Licht: 0","138538","3","2","5","05","15","3","1","0","1","1","0","0"
"POINT (13.581966473000023 52.415699483000026)","Unfall 138539 (2020) Kat:3, Licht: 0","138539","3","6","3","05","18","7","0","0","1","1","0","0"
"POINT (13.568599387000063 52.569452715000068)","Unfall 138540 (2020) Kat:3, Licht: 0","138540","3","3","5","05","10","5","0","0","1","1","0","0"
"POINT (13.312469648000047 52.419573401000036)","Unfall 138541 (2020) Kat:3, Licht: 0","138541","3","6","2","05","17","7","0","0","0","1","0","0"
"POINT (13.324782283000047 52.510097975000065)","Unfall 138542 (2020) Kat:2, Licht: 0","138542","2","6","2","05","15","3","0","0","0","1","0","0"
"POINT (13.455305464000048 52.513626923000061)","Unfall 138543 (2020) Kat:3, Licht: 0","138543","3","5","1","05","17","3","0","0","1","1","0","0"
"POINT (13.189352514000063 52.433851103000052)","Unfall 138544 (2020) Kat:2, Licht: 0","138544","2","2","5","05","17","7","0","0","1","1","0","0"
"POINT (13.359567704000028 52.496194095000078)","Unfall 138545 (2020) Kat:3, Licht: 2","138545","3","5","1","05","22","6","0","2","1","1","0","0"
"POINT (13.216496875000075 52.547181856000066)","Unfall 138546 (2020) Kat:3, Licht: 0","138546","3","6","2","05","14","3","0","0","0","1","0","0"
"POINT (13.309110348000047 52.488801344000080)","Unfall 138547 (2020) Kat:3, Licht: 0","138547","3","6","2","05","14","3","1","0","1","1","0","0"
"POINT (13.353734922000058 52.499913536000065)","Unfall 138548 (2020) Kat:3, Licht: 0","138548","3","2","0","05","15","5","0","0","1","1","0","0"
"POINT (13.458398161000048 52.533320191000030)","Unfall 138549 (2020) Kat:3, Licht: 0","138549","3","3","5","05","11","2","1","0","0","1","0","0"
"POINT (13.424001561000068 52.604369957000074)","Unfall 138550 (2020) Kat:3, Licht: 0","138550","3","3","5","05","14","3","1","0","0","1","0","0"
"POINT (13.280368771000042 52.518249944000047)","Unfall 138551 (2020) Kat:3, Licht: 0","138551","3","6","6","05","14","3","0","0","1","0","1","0"
"POINT (13.509722470000042 52.546156399000040)","Unfall 138552 (2020) Kat:3, Licht: 0","138552","3","6","2","05","14","4","0","0","0","1","0","0"
"POINT (13.428596709000033 52.583088686000053)","Unfall 138553 (2020) Kat:3, Licht: 0","138553","3","2","5","05","17","7","0","0","1","1","0","0"
"POINT (13.210470828000041 52.606220286000053)","Unfall 138554 (2020) Kat:3, Licht: 0","138554","3","7","5","05","16","1","0","0","1","0","0","0"
"POINT (13.331340557000033 52.463691091000044)","Unfall 138555 (2020) Kat:3, Licht: 0","138555","3","3","0","05","12","3","0","0","0","1","0","1"
"POINT (13.345747124000070 52.436341048000031)","Unfall 138556 (2020) Kat:3, Licht: 2","138556","3","2","5","05","06","3","0","2","1","0","0","0"
"POINT (13.416291117000071 52.510774615000059)","Unfall 138557 (2020) Kat:2, Licht: 0","138557","2","6","0","05","19","4","0","0","0","1","0","1"
"POINT (13.391457251000077 52.497904147000042)","Unfall 138558 (2020) Kat:3, Licht: 0","138558","3","7","0","05","17","7","0","0","1","0","0","0"
"POINT (13.295139955000025 52.484899605000066)","Unfall 138559 (2020) Kat:3, Licht: 0","138559","3","7","6","05","12","3","0","0","0","1","1","0"
"POINT (13.539521273000048 52.450821585000028)","Unfall 138560 (2020) Kat:1, Licht: 0","138560","1","4","6","05","10","3","0","0","0","1","1","0"
"POINT (13.375802959000055 52.455628692000062)","Unfall 138561 (2020) Kat:3, Licht: 0","138561","3","3","5","05","17","7","0","0","0","1","0","0"
"POINT (13.337049160000049 52.558840239000062)","Unfall 138562 (2020) Kat:2, Licht: 0","138562","2","7","2","05","09","6","0","0","0","1","0","0"
"POINT (13.340255377000062 52.443832684000029)","Unfall 138563 (2020) Kat:3, Licht: 0","138563","3","6","2","05","11","3","0","0","0","1","0","0"
"POINT (13.450296549000029 52.476870225000027)","Unfall 138564 (2020) Kat:3, Licht: 0","138564","3","3","5","05","10","2","0","0","1","1","0","0"
"POINT (13.440682606000053 52.517263359000026)","Unfall 138565 (2020) Kat:3, Licht: 0","138565","3","2","5","05","15","5","0","0","1","1","0","0"
"POINT (13.432670372000075 52.443842052000036)","Unfall 138566 (2020) Kat:2, Licht: 1","138566","2","1","0","05","20","2","1","1","0","0","0","1"
"POINT (13.426402309000025 52.476988092000056)","Unfall 138567 (2020) Kat:2, Licht: 0","138567","2","4","6","05","16","2","1","0","1","0","1","0"
"POINT (13.296319719000053 52.529321739000068)","Unfall 138568 (2020) Kat:2, Licht: 0","138568","2","2","5","05","16","2","1","0","0","1","0","1"
"POINT (13.329634622000071 52.477301507000050)","Unfall 138569 (2020) Kat:2, Licht: 0","138569","2","4","0","05","12","4","0","0","1","0","1","0"
"POINT (13.430344319000028 52.469153360000064)","Unfall 138570 (2020) Kat:3, Licht: 0","138570","3","2","2","05","16","7","0","0","0","1","0","0"
"POINT (13.458776124000053 52.440272321000066)","Unfall 138571 (2020) Kat:2, Licht: 0","138571","2","2","5","05","13","1","0","0","0","1","0","1"
"POINT (13.322199532000070 52.608813843000064)","Unfall 138572 (2020) Kat:3, Licht: 0","138572","3","2","5","05","15","2","0","0","0","1","0","0"
"POINT (13.422331637000070 52.492783647000067)","Unfall 138573 (2020) Kat:3, Licht: 0","138573","3","6","2","05","15","2","1","0","0","1","0","1"
"POINT (13.349438442000064 52.551995280000028)","Unfall 138574 (2020) Kat:3, Licht: 0","138574","3","2","5","05","13","2","1","0","1","1","0","0"
"POINT (13.289431764000028 52.481793996000079)","Unfall 138575 (2020) Kat:3, Licht: 0","138575","3","6","0","05","15","2","1","0","0","1","0","1"
"POINT (13.461379904000069 52.530386183000076)","Unfall 138576 (2020) Kat:3, Licht: 0","138576","3","4","6","05","15","7","0","0","0","0","1","0"
"POINT (13.309942781000075 52.578314122000052)","Unfall 138577 (2020) Kat:3, Licht: 0","138577","3","5","1","05","14","6","0","0","0","1","0","1"
"POINT (13.370259446000034 52.544680318000076)","Unfall 138578 (2020) Kat:3, Licht: 0","138578","3","2","0","05","15","2","1","0","0","0","0","1"
"POINT (13.424804478000055 52.480683717000034)","Unfall 138579 (2020) Kat:3, Licht: 0","138579","3","4","6","05","14","2","1","0","0","0","1","1"
"POINT (13.437451511000063 52.637615452000034)","Unfall 138580 (2020) Kat:3, Licht: 0","138580","3","6","4","05","11","5","0","0","0","1","0","0"
"POINT (13.586912158000075 52.548950504000061)","Unfall 138581 (2020) Kat:2, Licht: 0","138581","2","4","6","05","13","2","0","0","0","0","1","0"
"POINT (13.319988723000051 52.469531971000038)","Unfall 138582 (2020) Kat:3, Licht: 0","138582","3","1","1","05","13","7","0","0","1","1","0","0"
"POINT (13.337477186000058 52.551969088000078)","Unfall 138583 (2020) Kat:3, Licht: 0","138583","3","2","0","05","18","6","0","0","1","1","0","0"
"POINT (13.377861264000046 52.556545054000026)","Unfall 138584 (2020) Kat:3, Licht: 0","138584","3","4","6","05","13","2","1","0","0","0","1","1"
"POINT (13.355736353000054 52.555102864000048)","Unfall 138585 (2020) Kat:3, Licht: 0","138585","3","6","2","05","12","2","1","0","0","1","0","0"
"POINT (13.388706037000077 52.517761556000039)","Unfall 138586 (2020) Kat:3, Licht: 0","138586","3","5","1","05","13","5","0","0","1","1","0","0"
"POINT (13.389928807000047 52.489663359000076)","Unfall 138587 (2020) Kat:3, Licht: 0","138587","3","2","5","05","11","2","1","0","1","1","0","0"
"POINT (13.568330016000061 52.466582838000079)","Unfall 138588 (2020) Kat:3, Licht: 0","138588","3","5","1","05","10","4","0","0","1","1","0","0"
"POINT (13.530992522000076 52.492627873000060)","Unfall 138589 (2020) Kat:3, Licht: 0","138589","3","7","0","05","15","7","0","0","1","1","0","0"
"POINT (13.165865437000036 52.533470687000033)","Unfall 138590 (2020) Kat:2, Licht: 2","138590","2","1","1","05","23","7","0","2","0","1","0","0"
"POINT (13.329222003000041 52.563451641000029)","Unfall 138591 (2020) Kat:3, Licht: 0","138591","3","1","0","05","11","2","1","0","0","0","0","1"
"POINT (13.256206715000076 52.519517215000064)","Unfall 138592 (2020) Kat:3, Licht: 0","138592","3","6","2","05","15","2","1","0","0","1","0","0"
"POINT (13.280419391000066 52.506503763000069)","Unfall 138593 (2020) Kat:3, Licht: 0","138593","3","2","5","05","11","2","1","0","0","1","0","0"
"POINT (13.384361178000063 52.567543305000072)","Unfall 138594 (2020) Kat:3, Licht: 2","138594","3","2","5","05","22","2","0","2","0","1","0","1"
"POINT (13.432886100000076 52.517836799000065)","Unfall 138595 (2020) Kat:3, Licht: 0","138595","3","2","5","05","18","6","0","0","1","1","0","0"
"POINT (13.509654350000062 52.546269448000032)","Unfall 138596 (2020) Kat:3, Licht: 0","138596","3","2","6","05","12","2","1","0","0","1","1","0"
"POINT (13.316256977000023 52.510812749000081)","Unfall 138597 (2020) Kat:3, Licht: 0","138597","3","6","2","05","19","2","1","0","0","1","0","0"
"POINT (13.598572421000028 52.535028457000067)","Unfall 138598 (2020) Kat:3, Licht: 0","138598","3","2","5","05","17","2","0","0","1","1","0","0"
"POINT (13.478773735000061 52.471647208000036)","Unfall 138599 (2020) Kat:3, Licht: 0","138599","3","6","2","05","09","5","0","0","0","1","0","0"
"POINT (13.340280053000072 52.494258642000034)","Unfall 138600 (2020) Kat:3, Licht: 1","138600","3","1","0","05","20","2","1","1","0","0","0","1"
"POINT (13.375293516000056 52.521686699000043)","Unfall 138601 (2020) Kat:1, Licht: 0","138601","1","1","8","05","16","2","0","0","1","0","0","0"
"POINT (13.313348012000063 52.506388719000029)","Unfall 138602 (2020) Kat:3, Licht: 0","138602","3","6","2","05","18","3","0","0","0","1","0","0"
"POINT (13.391348820000076 52.555086508000045)","Unfall 138603 (2020) Kat:3, Licht: 0","138603","3","2","5","05","16","2","0","0","1","1","0","0"
"POINT (13.582298481000066 52.417389495000066)","Unfall 138604 (2020) Kat:3, Licht: 0","138604","3","4","6","05","07","3","0","0","1","0","1","0"
"POINT (13.373203708000062 52.503497359000050)","Unfall 138605 (2020) Kat:3, Licht: 1","138605","3","2","5","05","20","7","0","1","1","1","0","0"
"POINT (13.433630541000070 52.595413083000039)","Unfall 138606 (2020) Kat:2, Licht: 0","138606","2","1","8","05","18","7","0","0","0","0","0","1"
"POINT (13.421576998000035 52.567242532000080)","Unfall 138607 (2020) Kat:2, Licht: 0","138607","2","4","6","05","16","2","1","0","0","1","1","0"
"POINT (13.577972945000056 52.456994049000059)","Unfall 138608 (2020) Kat:3, Licht: 0","138608","3","3","5","05","15","2","1","0","0","1","0","0"
"POINT (13.365899740000032 52.493888521000031)","Unfall 138609 (2020) Kat:3, Licht: 0","138609","3","1","0","05","08","2","1","0","0","0","0","1"
"POINT (13.459027980000030 52.526134440000078)","Unfall 138610 (2020) Kat:3, Licht: 0","138610","3","2","5","05","10","2","1","0","1","1","0","0"
"POINT (13.300243706000060 52.642940997000039)","Unfall 138611 (2020) Kat:3, Licht: 0","138611","3","4","6","05","12","6","0","0","0","1","1","0"
"POINT (13.397127048000073 52.508539577000079)","Unfall 138612 (2020) Kat:3, Licht: 0","138612","3","5","1","05","09","2","0","0","1","1","0","0"
"POINT (13.436990775000027 52.541866194000079)","Unfall 138613 (2020) Kat:3, Licht: 0","138613","3","7","0","05","08","2","0","0","1","0","0","0"
"POINT (13.335985323000045 52.542247008000061)","Unfall 138614 (2020) Kat:2, Licht: 0","138614","2","4","6","05","20","7","0","0","0","0","1","1"
"POINT (13.325790972000050 52.500010565000082)","Unfall 138615 (2020) Kat:3, Licht: 2","138615","3","5","1","05","22","4","0","2","0","1","0","0"
"POINT (13.422645818000035 52.499183758000072)","Unfall 138616 (2020) Kat:2, Licht: 0","138616","2","1","0","05","13","7","0","0","1","0","0","0"
"POINT (13.463393379000024 52.499399782000069)","Unfall 138617 (2020) Kat:3, Licht: 0","138617","3","6","2","05","08","2","1","0","0","1","0","0"
"POINT (13.409012018000055 52.383100442000057)","Unfall 138618 (2020) Kat:3, Licht: 0","138618","3","5","1","05","14","3","0","0","1","1","0","0"
"POINT (13.343339080000021 52.528502178000053)","Unfall 138619 (2020) Kat:3, Licht: 0","138619","3","6","3","05","18","7","0","0","1","1","0","0"
"POINT (13.433960810000031 52.443533740000078)","Unfall 138620 (2020) Kat:3, Licht: 0","138620","3","2","5","05","10","6","0","0","1","1","0","0"
"POINT (13.495573882000031 52.417798846000039)","Unfall 138621 (2020) Kat:3, Licht: 0","138621","3","4","0","05","08","2","0","0","0","1","1","0"
"POINT (13.270845931000053 52.575868429000082)","Unfall 138622 (2020) Kat:3, Licht: 0","138622","3","6","2","05","13","1","0","0","0","1","0","0"
"POINT (13.307487223000066 52.466526336000072)","Unfall 138623 (2020) Kat:3, Licht: 0","138623","3","6","2","05","18","5","0","0","0","1","0","0"
"POINT (13.473814983000068 52.464812186000074)","Unfall 138624 (2020) Kat:3, Licht: 0","138624","3","4","6","05","19","2","1","0","0","1","1","0"
"POINT (13.330424202000074 52.445168909000074)","Unfall 138625 (2020) Kat:3, Licht: 0","138625","3","4","6","05","17","1","0","0","0","1","1","0"
"POINT (13.440504218000058 52.467440152000052)","Unfall 138626 (2020) Kat:3, Licht: 0","138626","3","3","0","05","15","7","0","0","0","1","0","1"
"POINT (13.507278912000061 52.508504447000064)","Unfall 138627 (2020) Kat:3, Licht: 0","138627","3","6","4","05","17","6","0","0","1","0","0","0"
"POINT (13.157819934000031 52.543033623000042)","Unfall 138628 (2020) Kat:3, Licht: 0","138628","3","3","5","05","16","1","0","0","0","1","0","0"
"POINT (13.353479209000056 52.546539365000058)","Unfall 138629 (2020) Kat:3, Licht: 0","138629","3","4","6","05","15","1","0","0","0","1","1","0"
"POINT (13.573427636000076 52.565284534000057)","Unfall 138630 (2020) Kat:3, Licht: 0","138630","3","5","1","05","19","5","0","0","0","1","0","1"
"POINT (13.349106182000071 52.446626064000043)","Unfall 138631 (2020) Kat:3, Licht: 0","138631","3","2","2","05","11","1","0","0","1","1","0","0"
"POINT (13.441816279000022 52.501259638000079)","Unfall 138632 (2020) Kat:3, Licht: 2","138632","3","3","5","05","00","1","1","2","0","1","0","0"
"POINT (13.558025118000046 52.529595747000030)","Unfall 138633 (2020) Kat:3, Licht: 0","138633","3","3","5","05","16","4","0","0","0","1","0","0"
"POINT (13.162732510000069 52.520061373000033)","Unfall 138634 (2020) Kat:3, Licht: 0","138634","3","2","5","05","13","7","0","0","1","1","0","0"
"POINT (13.442263096000033 52.500903276000031)","Unfall 138635 (2020) Kat:3, Licht: 0","138635","3","2","5","05","13","1","0","0","1","1","0","0"
"POINT (13.363056098000072 52.434754221000048)","Unfall 138636 (2020) Kat:2, Licht: 0","138636","2","6","0","05","08","3","0","0","0","0","0","0"
"POINT (13.293311543000073 52.505745463000039)","Unfall 138637 (2020) Kat:3, Licht: 0","138637","3","6","6","05","16","6","0","0","1","0","1","0"
"POINT (13.446854474000077 52.486128762000078)","Unfall 138638 (2020) Kat:3, Licht: 0","138638","3","7","5","05","19","6","0","0","0","1","0","0"
"POINT (13.156679757000063 52.534328962000075)","Unfall 138639 (2020) Kat:3, Licht: 0","138639","3","5","1","05","13","1","0","0","0","1","0","0"
"POINT (13.301684528000067 52.458263510000052)","Unfall 138640 (2020) Kat:3, Licht: 0","138640","3","1","0","05","12","1","0","0","1","0","0","0"
"POINT (13.250084641000058 52.547489595000059)","Unfall 138641 (2020) Kat:3, Licht: 0","138641","3","6","2","05","14","5","0","0","0","1","0","0"
"POINT (13.181550128000026 52.534072588000072)","Unfall 138642 (2020) Kat:3, Licht: 0","138642","3","3","5","05","11","1","0","0","1","1","0","0"
"POINT (13.488089315000025 52.426255466000043)","Unfall 138643 (2020) Kat:2, Licht: 0","138643","2","4","6","05","12","4","0","0","0","1","1","0"
"POINT (13.357139503000042 52.592517188000045)","Unfall 138644 (2020) Kat:3, Licht: 2","138644","3","7","0","05","22","6","0","2","1","0","0","0"
"POINT (13.328549504000023 52.473395698000047)","Unfall 138645 (2020) Kat:2, Licht: 0","138645","2","2","5","05","09","7","0","0","1","1","0","0"
"POINT (13.624920868000061 52.456928835000042)","Unfall 138646 (2020) Kat:3, Licht: 0","138646","3","1","9","05","07","1","0","0","0","1","0","0"
"POINT (13.326299112000072 52.456112356000062)","Unfall 138647 (2020) Kat:3, Licht: 0","138647","3","4","6","05","15","4","0","0","1","0","1","0"
"POINT (13.313163973000030 52.571255884000038)","Unfall 138648 (2020) Kat:3, Licht: 0","138648","3","2","2","05","19","6","0","0","0","1","0","0"
"POINT (13.411167372000023 52.503507442000057)","Unfall 138649 (2020) Kat:3, Licht: 0","138649","3","3","5","05","14","1","0","0","1","1","0","0"
"POINT (13.434556328000042 52.482920386000046)","Unfall 138650 (2020) Kat:2, Licht: 2","138650","2","3","5","05","22","7","1","2","0","1","0","0"
"POINT (13.316579626000077 52.516249700000060)","Unfall 138651 (2020) Kat:3, Licht: 0","138651","3","3","5","05","16","2","1","0","0","1","0","1"
"POINT (13.428535549000060 52.547849672000041)","Unfall 138652 (2020) Kat:3, Licht: 2","138652","3","3","5","05","21","7","1","2","1","1","0","0"
"POINT (13.388902461000043 52.498765950000063)","Unfall 138653 (2020) Kat:3, Licht: 0","138653","3","6","3","05","15","6","0","0","0","1","0","1"
"POINT (13.384894222000071 52.526917893000075)","Unfall 138654 (2020) Kat:3, Licht: 0","138654","3","5","1","05","17","6","0","0","1","1","0","0"
"POINT (13.328955664000034 52.471342452000044)","Unfall 138655 (2020) Kat:3, Licht: 0","138655","3","3","5","05","12","7","1","0","0","1","0","0"
"POINT (13.388452632000053 52.539630208000062)","Unfall 138656 (2020) Kat:3, Licht: 0","138656","3","6","2","05","16","7","0","0","0","1","0","0"
"POINT (13.229824914000062 52.431041616000073)","Unfall 138657 (2020) Kat:3, Licht: 0","138657","3","2","2","05","12","5","0","0","0","1","0","1"
"POINT (13.337443716000053 52.558786231000056)","Unfall 138658 (2020) Kat:3, Licht: 0","138658","3","2","5","05","19","2","1","0","0","1","0","0"
"POINT (13.428435788000058 52.472860713000046)","Unfall 138659 (2020) Kat:3, Licht: 0","138659","3","5","1","05","13","7","0","0","1","1","0","0"
"POINT (13.341118617000063 52.504997246000073)","Unfall 138660 (2020) Kat:3, Licht: 0","138660","3","2","0","05","07","4","0","0","1","1","0","0"
"POINT (13.387373242000024 52.492860421000046)","Unfall 138661 (2020) Kat:3, Licht: 2","138661","3","1","0","05","22","6","0","2","1","0","0","0"
"POINT (13.565625167000064 52.529157444000077)","Unfall 138662 (2020) Kat:2, Licht: 1","138662","2","3","5","05","18","7","0","1","0","1","0","0"
"POINT (13.569472603000065 52.452963153000042)","Unfall 138663 (2020) Kat:3, Licht: 0","138663","3","6","2","05","13","7","0","0","0","1","0","0"
"POINT (13.421940201000041 52.505125312000075)","Unfall 138664 (2020) Kat:3, Licht: 0","138664","3","3","5","05","14","2","1","0","1","1","0","0"
"POINT (13.453591981000045 52.591843814000072)","Unfall 138665 (2020) Kat:3, Licht: 0","138665","3","7","0","05","10","2","1","0","0","1","0","0"
"POINT (13.410967613000025 52.503903555000079)","Unfall 138666 (2020) Kat:3, Licht: 0","138666","3","3","5","05","12","7","1","0","1","1","0","0"
"POINT (13.475032925000050 52.536560856000051)","Unfall 138667 (2020) Kat:2, Licht: 0","138667","2","3","5","05","13","6","0","0","0","1","0","1"
"POINT (13.328287295000052 52.428707131000067)","Unfall 138668 (2020) Kat:3, Licht: 0","138668","3","7","6","05","12","7","0","0","1","0","1","0"
"POINT (13.501792055000067 52.498248403000048)","Unfall 138669 (2020) Kat:3, Licht: 0","138669","3","3","0","05","09","7","0","0","1","0","0","0"
"POINT (13.370574087000023 52.422466176000057)","Unfall 138670 (2020) Kat:3, Licht: 0","138670","3","1","0","05","14","2","1","0","0","0","0","1"
"POINT (13.286978514000054 52.586290984000073)","Unfall 138671 (2020) Kat:2, Licht: 0","138671","2","2","6","05","10","2","1","0","0","1","1","0"
"POINT (13.518959148000022 52.515589985000076)","Unfall 138672 (2020) Kat:3, Licht: 0","138672","3","6","2","05","13","7","1","0","0","1","0","0"
"POINT (13.290094144000022 52.582489784000074)","Unfall 138673 (2020) Kat:3, Licht: 0","138673","3","2","5","05","07","6","0","0","1","0","0","0"
"POINT (13.422670864000054 52.544557534000035)","Unfall 138674 (2020) Kat:3, Licht: 0","138674","3","6","0","05","14","7","1","0","0","1","0","1"
"POINT (13.342182865000041 52.478944932000047)","Unfall 138675 (2020) Kat:2, Licht: 0","138675","2","3","5","05","11","7","1","0","0","1","0","0"
"POINT (13.417173830000024 52.524139713000068)","Unfall 138676 (2020) Kat:3, Licht: 0","138676","3","1","0","05","14","5","0","0","1","0","0","0"
"POINT (13.540884996000045 52.435607304000030)","Unfall 138677 (2020) Kat:3, Licht: 0","138677","3","6","2","05","15","7","1","0","0","1","0","0"
"POINT (13.250283014000047 52.418550800000048)","Unfall 138678 (2020) Kat:3, Licht: 0","138678","3","3","5","05","13","3","0","0","1","1","0","0"
"POINT (13.218197092000025 52.548567838000054)","Unfall 138679 (2020) Kat:3, Licht: 2","138679","3","7","2","05","21","6","0","2","0","1","0","0"
"POINT (13.394732772000054 52.496157216000029)","Unfall 138680 (2020) Kat:3, Licht: 0","138680","3","6","2","05","17","7","0","0","1","0","0","0"
"POINT (13.386609685000053 52.456345789000068)","Unfall 138681 (2020) Kat:3, Licht: 0","138681","3","2","2","05","16","7","1","0","0","1","0","0"
"POINT (13.574487083000065 52.452970709000056)","Unfall 138682 (2020) Kat:3, Licht: 0","138682","3","2","0","05","18","1","0","0","1","1","0","0"
"POINT (13.150499322000030 52.532898552000063)","Unfall 138683 (2020) Kat:3, Licht: 0","138683","3","6","2","05","16","7","0","0","0","1","0","0"
"POINT (13.410960776000024 52.561174533000042)","Unfall 138684 (2020) Kat:2, Licht: 0","138684","2","3","5","05","11","6","0","0","0","1","0","0"
"POINT (13.577588739000078 52.547602171000051)","Unfall 138685 (2020) Kat:3, Licht: 0","138685","3","7","0","05","17","7","0","0","0","1","0","0"
"POINT (13.358836642000028 52.474599966000028)","Unfall 138686 (2020) Kat:3, Licht: 0","138686","3","3","5","05","18","7","1","0","0","1","0","0"
"POINT (13.442769108000050 52.480427706000057)","Unfall 138687 (2020) Kat:3, Licht: 1","138687","3","2","5","05","20","4","0","1","1","1","0","0"
"POINT (13.141819575000056 52.461826751000046)","Unfall 138688 (2020) Kat:2, Licht: 1","138688","2","1","0","05","20","6","0","1","1","0","0","0"
"POINT (13.367521236000073 52.595836487000042)","Unfall 138689 (2020) Kat:3, Licht: 2","138689","3","6","6","05","03","7","0","2","0","1","1","0"
"POINT (13.580671831000075 52.455488490000050)","Unfall 138690 (2020) Kat:3, Licht: 0","138690","3","6","2","05","14","6","0","0","0","1","0","0"
"POINT (13.499607132000051 52.545373576000031)","Unfall 138691 (2020) Kat:2, Licht: 0","138691","2","1","0","05","18","6","0","0","0","1","0","1"
"POINT (13.327931224000054 52.599666540000044)","Unfall 138692 (2020) Kat:2, Licht: 2","138692","2","1","0","05","02","5","0","2","0","1","0","0"
"POINT (13.296064561000037 52.530435809000039)","Unfall 138693 (2020) Kat:3, Licht: 0","138693","3","6","3","05","15","6","0","0","1","0","0","0"
"POINT (13.355551033000040 52.494619721000049)","Unfall 138694 (2020) Kat:3, Licht: 2","138694","3","6","0","05","20","6","1","2","0","1","0","1"
"POINT (13.349743288000070 52.494763128000045)","Unfall 138695 (2020) Kat:3, Licht: 0","138695","3","5","5","05","17","3","0","0","0","1","0","1"
"POINT (13.141594715000053 52.532443923000073)","Unfall 138696 (2020) Kat:2, Licht: 0","138696","2","2","5","05","15","6","0","0","0","1","0","0"
"POINT (13.325395403000073 52.564668256000061)","Unfall 138697 (2020) Kat:3, Licht: 0","138697","3","2","5","05","13","6","0","0","1","1","0","0"
"POINT (13.653435571000045 52.463328898000043)","Unfall 138698 (2020) Kat:3, Licht: 0","138698","3","2","5","05","15","6","0","0","0","1","0","0"
"POINT (13.558575240000039 52.456026536000081)","Unfall 138699 (2020) Kat:3, Licht: 0","138699","3","6","3","05","10","6","0","0","0","1","0","1"
"POINT (13.356120806000035 52.555356267000036)","Unfall 138700 (2020) Kat:3, Licht: 2","138700","3","1","0","05","21","5","0","2","1","0","0","0"
"POINT (13.380832257000066 52.574459392000051)","Unfall 138701 (2020) Kat:3, Licht: 2","138701","3","7","8","05","02","6","0","2","0","1","0","0"
"POINT (13.475455249000049 52.502155878000053)","Unfall 138702 (2020) Kat:3, Licht: 2","138702","3","7","6","05","23","6","0","2","1","0","1","0"
"POINT (13.198053910000056 52.532925166000041)","Unfall 138703 (2020) Kat:3, Licht: 0","138703","3","3","5","05","14","4","0","0","1","0","0","0"
"POINT (13.201237207000077 52.512065862000043)","Unfall 138704 (2020) Kat:3, Licht: 0","138704","3","6","2","05","15","6","0","0","0","1","0","0"
"POINT (13.581999584000073 52.442213425000034)","Unfall 138705 (2020) Kat:3, Licht: 0","138705","3","6","2","05","17","1","0","0","0","1","0","0"
"POINT (13.323149987000022 52.456893776000072)","Unfall 138706 (2020) Kat:3, Licht: 2","138706","3","1","0","05","22","6","1","2","0","0","0","1"
"POINT (13.479871733000039 52.412642947000052)","Unfall 138707 (2020) Kat:3, Licht: 0","138707","3","3","5","05","07","3","0","0","0","1","0","0"