WKT,Name,OBJECTID,UKATEGORIE,UTYP1,UART,UMONAT,USTUNDE,UWOCHENTAG,STRZUSTAND,ULICHTVERH,ISTRAD,ISTPKW,ISTFUSS,ISTKRAD
"POINT (13.499716584000055 52.417384027000026)","Unfall 139080 (2020) Kat:2, Licht: 0","139080","2","1","9","05","12","2","0","0","0","1","0","0"
"POINT (13.203275094000048 52.565445559000068)","Unfall 139081 (2020) Kat:3, Licht: 0","139081","3","5","1","05","14","6","0","0","1","1","0","0"
"POINT (13.384145543000045 52.510088244000030)","Unfall 139082 (2020) Kat:3, Licht: 0","139082","3","2","2","05","19","7","0","0","0","1","0","0"
"POINT (13.392656072000023 52.564146329000039)","Unfall 139083 (2020) Kat:3, Licht: 0","139083","3","7","6","05","10","2","0","0","0","0","1","0"
"POINT (13.177760363000061 52.548781220000080)","Unfall 139084 (2020) Kat:3, Licht: 0","139084","3","6","2","05","13","7","0","0","0","1","0","0"
"POINT (13.336522015000071 52.542127949000076)","Unfall 139085 (2020) Kat:3, Licht: 1","139085","3","2","5","05","20","3","0","1","1","1","0","0"
"POINT (13.593397789000051 52.452363195000032)","Unfall 139086 (2020) Kat:3, Licht: 0","139086","3","6","0","05","16","1","0","0","1","0","0","0"
"POINT (13.306679332000044 52.501019240000062)","Unfall 139087 (2020) Kat:2, Licht: 0","139087","2","1","0","05","18","6","0","0","0","0","0","1"
"POINT (13.325999535000051 52.455273824000074)","Unfall 139088 (2020) Kat:3, Licht: 2","139088","3","5","1","05","23","5","0","2","1","1","0","0"
"POINT (13.339004120000027 52.458623092000039)","Unfall 139089 (2020) Kat:3, Licht: 0","139089","3","6","2","05","16","1","0","0","1","1","0","0"
"POINT (13.462860475000070 52.515033846000051)","Unfall 139090 (2020) Kat:3, Licht: 0","139090","3","2","5","05","07","3","0","0","1","1","0","0"
"POINT (13.314005956000074 52.480908734000081)","Unfall 139091 (2020) Kat:3, Licht: 0","139091","3","2","5","05","13","5","0","0","1","1","0","0"
"POINT (13.548785126000041 52.457125371000075)","Unfall 139092 (2020) Kat:3, Licht: 0","139092","3","5","1","05","08","4","0","0","1","1","0","0"
"POINT (13.332707327000037 52.577062041000033)","Unfall 139093 (2020) Kat:3, Licht: 0","139093","3","7","1","05","08","2","1","0","1","1","0","0"
"POINT (13.514109236000024 52.641227202000039)","Unfall 139094 (2020) Kat:2, Licht: 0","139094","2","4","6","05","08","4","0","0","0","0","1","1"
"POINT (13.426315133000060 52.575946951000049)","Unfall 139095 (2020) Kat:2, Licht: 0","139095","2","2","5","05","14","7","0","0","1","1","0","0"
"POINT (13.455813988000045 52.473887207000075)","Unfall 139096 (2020) Kat:3, Licht: 0","139096","3","2","2","05","09","6","0","0","0","1","0","0"
"POINT (13.398223787000063 52.507094562000077)","Unfall 139097 (2020) Kat:3, Licht: 0","139097","3","2","5","05","15","3","0","0","0","1","0","1"
"POINT (13.592570005000027 52.522807226000054)","Unfall 139098 (2020) Kat:3, Licht: 0","139098","3","7","0","05","14","1","0","0","1","1","0","0"
"POINT (13.442873717000055 52.551044469000033)","Unfall 139099 (2020) Kat:2, Licht: 0","139099","2","5","0","05","12","6","0","0","0","0","0","0"
"POINT (13.529336298000032 52.443597770000054)","Unfall 139100 (2020) Kat:2, Licht: 0","139100","2","7","5","05","12","5","0","0","0","1","0","1"
"POINT (13.259188168000037 52.432557664000058)","Unfall 139101 (2020) Kat:2, Licht: 0","139101","2","1","8","05","06","7","0","0","0","1","0","0"
"POINT (13.403124368000022 52.524638261000064)","Unfall 139102 (2020) Kat:3, Licht: 2","139102","3","1","0","05","21","1","0","2","1","0","0","0"
"POINT (13.320007029000067 52.501609370000040)","Unfall 139103 (2020) Kat:3, Licht: 0","139103","3","2","2","05","16","2","1","0","0","1","0","0"
"POINT (13.422858353000038 52.537228535000054)","Unfall 139104 (2020) Kat:3, Licht: 0","139104","3","3","0","05","09","5","0","0","0","1","0","1"
"POINT (13.308234346000063 52.618277053000043)","Unfall 139105 (2020) Kat:3, Licht: 0","139105","3","4","6","05","15","4","0","0","0","1","1","0"
"POINT (13.398878914000022 52.532659841000054)","Unfall 139106 (2020) Kat:3, Licht: 0","139106","3","3","5","05","16","5","0","0","0","1","0","0"
"POINT (13.507059452000021 52.535838917000035)","Unfall 139107 (2020) Kat:3, Licht: 0","139107","3","5","1","05","19","7","0","0","1","0","0","0"
"POINT (13.446636814000044 52.511286944000062)","Unfall 139108 (2020) Kat:3, Licht: 1","139108","3","3","5","05","20","1","0","1","1","1","0","0"
"POINT (13.428930264000030 52.471891904000074)","Unfall 139109 (2020) Kat:3, Licht: 0","139109","3","6","2","05","17","2","1","0","0","1","0","1"
"POINT (13.323789352000063 52.445358122000073)","Unfall 139110 (2020) Kat:3, Licht: 0","139110","3","4","6","05","12","5","0","0","0","1","1","0"
"POINT (13.346655225000063 52.524911357000065)","Unfall 139111 (2020) Kat:3, Licht: 0","139111","3","3","5","05","19","4","0","0","1","0","0","1"
"POINT (13.490708732000030 52.422940187000052)","Unfall 139112 (2020) Kat:3, Licht: 0","139112","3","3","5","05","14","1","1","0","0","1","0","0"
"POINT (13.470019903000036 52.502315998000029)","Unfall 139113 (2020) Kat:3, Licht: 1","139113","3","3","5","05","04","4","0","1","0","1","0","0"
"POINT (13.443408758000032 52.571595270000046)","Unfall 139114 (2020) Kat:3, Licht: 0","139114","3","6","2","05","12","6","0","0","0","1","0","0"
"POINT (13.295092781000051 52.610131509000041)","Unfall 139115 (2020) Kat:3, Licht: 0","139115","3","6","2","05","11","6","0","0","0","1","0","0"
"POINT (13.280590167000071 52.518504744000040)","Unfall 139116 (2020) Kat:3, Licht: 0","139116","3","6","2","05","13","3","0","0","0","1","0","0"
"POINT (13.332463095000037 52.468937223000069)","Unfall 139117 (2020) Kat:3, Licht: 1","139117","3","2","5","05","20","1","0","1","1","1","0","0"
"POINT (13.508970015000045 52.564579427000069)","Unfall 139118 (2020) Kat:3, Licht: 0","139118","3","2","3","05","16","5","0","0","0","1","0","0"
"POINT (13.263862857000049 52.485801313000081)","Unfall 139119 (2020) Kat:3, Licht: 0","139119","3","5","1","05","08","5","0","0","1","1","0","0"
"POINT (13.417661355000064 52.460384346000069)","Unfall 139120 (2020) Kat:2, Licht: 0","139120","2","6","2","05","20","1","0","0","0","1","0","0"
"POINT (13.248134116000074 52.538014042000043)","Unfall 139121 (2020) Kat:3, Licht: 0","139121","3","6","0","05","06","2","1","0","0","1","0","1"
"POINT (13.424584170000060 52.486523874000056)","Unfall 139122 (2020) Kat:3, Licht: 0","139122","3","7","6","05","16","4","0","0","0","0","1","0"
"POINT (13.228091729000027 52.537940886000058)","Unfall 139123 (2020) Kat:3, Licht: 0","139123","3","6","2","05","16","4","0","0","0","1","0","0"
"POINT (13.157173098000044 52.535243038000033)","Unfall 139124 (2020) Kat:3, Licht: 1","139124","3","2","9","05","20","7","0","1","0","1","0","0"
"POINT (13.371276854000030 52.436482738000052)","Unfall 139125 (2020) Kat:3, Licht: 0","139125","3","3","5","05","12","4","0","0","0","1","0","1"
"POINT (13.250185483000052 52.455179181000062)","Unfall 139126 (2020) Kat:2, Licht: 0","139126","2","7","2","05","10","6","0","0","0","1","0","1"
"POINT (13.345365661000073 52.546773174000066)","Unfall 139127 (2020) Kat:3, Licht: 0","139127","3","3","5","05","17","6","0","0","1","1","0","0"
"POINT (13.461586499000077 52.430981230000043)","Unfall 139128 (2020) Kat:3, Licht: 0","139128","3","3","5","05","13","3","0","0","1","1","0","0"
"POINT (13.516754816000059 52.464329100000043)","Unfall 139129 (2020) Kat:2, Licht: 0","139129","2","4","6","05","16","1","0","0","0","1","1","0"
"POINT (13.203802319000033 52.540894735000052)","Unfall 139130 (2020) Kat:3, Licht: 0","139130","3","3","5","05","15","4","0","0","1","1","0","0"
"POINT (13.406744946000060 52.535702340000057)","Unfall 139131 (2020) Kat:3, Licht: 0","139131","3","6","3","05","11","6","0","0","1","0","0","0"
"POINT (13.296649896000076 52.464402695000047)","Unfall 139132 (2020) Kat:3, Licht: 0","139132","3","3","5","05","17","6","0","0","1","1","0","1"
"POINT (13.483365431000038 52.480026137000038)","Unfall 139133 (2020) Kat:3, Licht: 0","139133","3","3","5","05","10","3","0","0","1","1","0","0"
"POINT (13.440611954000076 52.517024942000035)","Unfall 139134 (2020) Kat:3, Licht: 0","139134","3","2","5","05","17","1","0","0","1","1","0","0"
"POINT (13.305644046000054 52.583381542000041)","Unfall 139135 (2020) Kat:3, Licht: 0","139135","3","3","5","05","07","5","0","0","0","1","0","0"
"POINT (13.525127524000027 52.486692726000058)","Unfall 139136 (2020) Kat:3, Licht: 0","139136","3","3","5","05","15","3","0","0","0","1","0","1"
"POINT (13.381606145000035 52.440068804000077)","Unfall 139137 (2020) Kat:3, Licht: 2","139137","3","7","5","05","22","4","0","2","0","1","0","1"
"POINT (13.564402108000024 52.572310355000070)","Unfall 139138 (2020) Kat:3, Licht: 0","139138","3","2","5","05","13","2","1","0","1","1","0","0"
"POINT (13.366101300000025 52.525552110000035)","Unfall 139139 (2020) Kat:3, Licht: 0","139139","3","6","2","05","18","4","0","0","0","1","0","0"
"POINT (13.141574531000060 52.532497568000053)","Unfall 139140 (2020) Kat:2, Licht: 0","139140","2","2","5","05","16","3","0","0","0","1","0","1"
"POINT (13.433245359000068 52.496947903000034)","Unfall 139141 (2020) Kat:3, Licht: 0","139141","3","1","0","05","14","4","0","0","1","0","0","0"
"POINT (13.425348552000059 52.479893935000064)","Unfall 139142 (2020) Kat:3, Licht: 0","139142","3","7","2","05","14","7","0","0","1","1","0","0"
"POINT (13.249719183000025 52.523896328000035)","Unfall 139143 (2020) Kat:3, Licht: 0","139143","3","6","2","05","11","4","0","0","0","1","0","0"
"POINT (13.449315027000068 52.524394911000059)","Unfall 139144 (2020) Kat:3, Licht: 0","139144","3","3","2","05","13","3","0","0","0","1","0","0"
"POINT (13.316099816000076 52.434575795000057)","Unfall 139145 (2020) Kat:3, Licht: 2","139145","3","1","8","05","22","6","0","2","0","0","0","1"
"POINT (13.364299238000058 52.485098442000037)","Unfall 139146 (2020) Kat:3, Licht: 0","139146","3","5","1","05","12","6","0","0","1","1","0","0"
"POINT (13.300896745000045 52.505084149000027)","Unfall 139147 (2020) Kat:3, Licht: 0","139147","3","5","1","05","17","1","0","0","1","1","0","0"
"POINT (13.397441137000044 52.571283527000048)","Unfall 139148 (2020) Kat:2, Licht: 0","139148","2","2","5","05","15","5","0","0","1","1","0","0"
"POINT (13.559800802000041 52.534083992000035)","Unfall 139149 (2020) Kat:3, Licht: 0","139149","3","6","3","05","09","4","0","0","0","0","0","0"
"POINT (13.339229938000074 52.550430289000076)","Unfall 139150 (2020) Kat:3, Licht: 0","139150","3","3","5","06","19","2","0","0","1","1","0","0"
"POINT (13.378186995000021 52.466295382000055)","Unfall 139151 (2020) Kat:3, Licht: 1","139151","3","2","0","06","22","2","0","1","0","1","0","1"
"POINT (13.240381892000073 52.546766628000057)","Unfall 139152 (2020) Kat:3, Licht: 0","139152","3","7","6","06","10","7","0","0","1","0","1","0"
"POINT (13.376108454000075 52.409127192000028)","Unfall 139153 (2020) Kat:2, Licht: 0","139153","2","2","5","06","14","6","0","0","1","1","0","0"
"POINT (13.243154482000023 52.620414450000055)","Unfall 139154 (2020) Kat:3, Licht: 0","139154","3","6","2","06","13","4","0","0","1","1","0","0"
"POINT (13.414728738000065 52.451663195000037)","Unfall 139155 (2020) Kat:3, Licht: 0","139155","3","1","8","06","20","7","0","0","0","1","0","0"
"POINT (13.433575373000053 52.444173275000026)","Unfall 139156 (2020) Kat:3, Licht: 0","139156","3","2","2","06","14","6","0","0","0","1","0","1"
"POINT (13.429352253000047 52.521246303000055)","Unfall 139157 (2020) Kat:3, Licht: 0","139157","3","2","5","06","11","6","0","0","1","1","0","0"
"POINT (13.474730986000054 52.501594074000081)","Unfall 139158 (2020) Kat:3, Licht: 0","139158","3","6","3","06","16","3","0","0","1","1","0","0"
"POINT (13.274955422000062 52.460395755000036)","Unfall 139159 (2020) Kat:2, Licht: 0","139159","2","2","5","06","15","2","0","0","0","1","0","0"
"POINT (13.514677799000026 52.535174754000082)","Unfall 139160 (2020) Kat:3, Licht: 0","139160","3","2","5","06","11","6","0","0","1","0","0","0"
"POINT (13.537923910000075 52.525651128000050)","Unfall 139161 (2020) Kat:2, Licht: 0","139161","2","6","3","06","11","2","0","0","0","1","0","0"
"POINT (13.402226634000044 52.530912880000074)","Unfall 139162 (2020) Kat:3, Licht: 0","139162","3","5","1","06","15","2","0","0","1","1","0","0"
"POINT (13.333623118000048 52.493324208000047)","Unfall 139163 (2020) Kat:3, Licht: 2","139163","3","1","0","06","23","6","1","2","0","0","0","0"
"POINT (13.339351483000030 52.595739522000031)","Unfall 139164 (2020) Kat:3, Licht: 0","139164","3","7","0","06","17","5","1","0","0","1","0","0"
"POINT (13.608399905000056 52.539542519000065)","Unfall 139165 (2020) Kat:3, Licht: 0","139165","3","7","0","06","16","1","0","0","0","0","0","0"
"POINT (13.243950136000024 52.620814255000028)","Unfall 139166 (2020) Kat:3, Licht: 0","139166","3","7","0","06","14","2","0","0","1","0","0","0"
"POINT (13.583309379000070 52.413753219000057)","Unfall 139167 (2020) Kat:3, Licht: 0","139167","3","7","2","06","14","6","1","0","1","1","0","0"
"POINT (13.372053490000042 52.469826397000077)","Unfall 139168 (2020) Kat:3, Licht: 2","139168","3","2","5","06","22","6","1","2","0","1","0","0"
"POINT (13.410345524000036 52.550725180000029)","Unfall 139169 (2020) Kat:3, Licht: 0","139169","3","3","5","06","06","4","0","0","1","0","0","0"
"POINT (13.368346340000073 52.525812023000071)","Unfall 139170 (2020) Kat:3, Licht: 2","139170","3","3","5","06","21","6","0","2","1","1","0","0"
"POINT (13.471082495000076 52.601417622000042)","Unfall 139171 (2020) Kat:3, Licht: 0","139171","3","3","5","06","10","3","0","0","0","1","0","0"
"POINT (13.522371281000062 52.428295363000075)","Unfall 139172 (2020) Kat:3, Licht: 1","139172","3","3","5","06","21","6","0","1","0","1","0","0"
"POINT (13.184596009000074 52.547519275000070)","Unfall 139173 (2020) Kat:2, Licht: 0","139173","2","2","5","06","13","6","0","0","0","1","0","0"
"POINT (13.415405487000044 52.489984543000048)","Unfall 139174 (2020) Kat:3, Licht: 0","139174","3","3","5","06","08","3","0","0","1","0","0","0"
"POINT (13.382941622000033 52.465966561000073)","Unfall 139175 (2020) Kat:3, Licht: 0","139175","3","6","2","06","11","6","0","0","0","1","0","0"
"POINT (13.465423170000065 52.429462284000067)","Unfall 139176 (2020) Kat:3, Licht: 0","139176","3","7","0","06","15","2","0","0","1","1","0","0"
"POINT (13.274906030000068 52.581632186000036)","Unfall 139177 (2020) Kat:3, Licht: 0","139177","3","6","3","06","12","2","0","0","1","0","0","0"
"POINT (13.181872825000028 52.548385286000041)","Unfall 139178 (2020) Kat:3, Licht: 0","139178","3","7","1","06","10","6","0","0","0","1","0","0"
"POINT (13.295535422000057 52.440955434000045)","Unfall 139179 (2020) Kat:3, Licht: 0","139179","3","3","5","06","17","4","0","0","1","1","0","0"
"POINT (13.460583771000074 52.546117926000079)","Unfall 139180 (2020) Kat:3, Licht: 0","139180","3","5","1","06","16","5","0","0","1","1","0","0"
"POINT (13.525286247000054 52.480208853000079)","Unfall 139181 (2020) Kat:3, Licht: 0","139181","3","3","5","06","17","1","0","0","0","1","0","0"
"POINT (13.460964520000061 52.564321185000040)","Unfall 139182 (2020) Kat:3, Licht: 0","139182","3","3","5","06","13","2","0","0","1","1","0","0"
"POINT (13.434767976000046 52.534166123000034)","Unfall 139183 (2020) Kat:3, Licht: 1","139183","3","5","1","06","20","6","0","1","0","1","0","1"
"POINT (13.432646394000074 52.485165078000080)","Unfall 139184 (2020) Kat:3, Licht: 0","139184","3","5","1","06","13","6","0","0","1","1","0","0"
"POINT (13.235892048000039 52.538878263000072)","Unfall 139185 (2020) Kat:3, Licht: 0","139185","3","6","2","06","10","4","0","0","0","1","0","0"
"POINT (13.441899417000059 52.481428484000048)","Unfall 139186 (2020) Kat:3, Licht: 0","139186","3","5","1","06","09","6","1","0","1","1","0","0"
"POINT (13.618844483000032 52.518444364000061)","Unfall 139187 (2020) Kat:3, Licht: 0","139187","3","3","5","06","08","3","0","0","1","0","0","0"
"POINT (13.314259134000054 52.508864159000041)","Unfall 139188 (2020) Kat:3, Licht: 0","139188","3","2","0","06","20","6","0","0","1","1","0","0"
"POINT (13.487089614000070 52.422897074000048)","Unfall 139189 (2020) Kat:3, Licht: 0","139189","3","3","5","06","09","2","0","0","0","1","0","0"
"POINT (13.500063324000052 52.548050762000059)","Unfall 139190 (2020) Kat:3, Licht: 0","139190","3","3","5","06","13","2","0","0","0","0","0","1"
"POINT (13.403448446000027 52.448079420000056)","Unfall 139191 (2020) Kat:3, Licht: 0","139191","3","2","6","06","10","7","0","0","0","1","1","0"
"POINT (13.247736775000021 52.524480756000060)","Unfall 139192 (2020) Kat:3, Licht: 0","139192","3","6","2","06","12","6","0","0","0","1","0","0"
"POINT (13.425898467000025 52.458367725000073)","Unfall 139193 (2020) Kat:3, Licht: 0","139193","3","3","0","06","15","4","0","0","1","1","0","0"
"POINT (13.417059943000027 52.498818022000080)","Unfall 139194 (2020) Kat:3, Licht: 2","139194","3","4","6","06","22","7","0","2","0","0","1","0"
"POINT (13.208448541000053 52.582239386000026)","Unfall 139195 (2020) Kat:3, Licht: 0","139195","3","6","2","06","12","2","0","0","1","1","0","0"
"POINT (13.349358275000043 52.549277690000054)","Unfall 139196 (2020) Kat:3, Licht: 0","139196","3","6","2","06","18","6","0","0","0","1","0","0"
"POINT (13.447375572000055 52.464302018000069)","Unfall 139197 (2020) Kat:3, Licht: 0","139197","3","2","5","06","10","2","0","0","0","1","0","0"
"POINT (13.597747832000039 52.524546550000082)","Unfall 139198 (2020) Kat:3, Licht: 0","139198","3","3","5","06","12","2","0","0","1","1","0","0"
"POINT (13.196253829000057 52.531511823000073)","Unfall 139199 (2020) Kat:3, Licht: 0","139199","3","3","5","06","19","6","0","0","1","1","0","0"
"POINT (13.484605945000055 52.432124601000055)","Unfall 139200 (2020) Kat:3, Licht: 0","139200","3","4","6","06","16","4","0","0","0","1","1","0"
"POINT (13.518835528000068 52.562957945000051)","Unfall 139201 (2020) Kat:3, Licht: 0","139201","3","4","6","06","12","5","0","0","0","1","1","0"
"POINT (13.449054840000031 52.536816876000046)","Unfall 139202 (2020) Kat:3, Licht: 0","139202","3","6","3","06","17","1","0","0","0","1","0","1"
"POINT (13.384722379000038 52.555994874000078)","Unfall 139203 (2020) Kat:3, Licht: 0","139203","3","6","2","06","11","2","0","0","0","1","0","0"
"POINT (13.391012302000036 52.504187100000081)","Unfall 139204 (2020) Kat:3, Licht: 0","139204","3","3","5","06","12","6","0","0","1","1","0","0"
"POINT (13.419228917000055 52.538238807000027)","Unfall 139205 (2020) Kat:3, Licht: 0","139205","3","1","0","06","08","6","1","0","0","0","0","1"
"POINT (13.312813418000076 52.480401051000058)","Unfall 139206 (2020) Kat:3, Licht: 0","139206","3","2","5","06","08","4","0","0","0","1","0","0"
"POINT (13.581992702000036 52.438881598000080)","Unfall 139207 (2020) Kat:2, Licht: 0","139207","2","3","5","06","08","6","0","0","0","1","0","0"
"POINT (13.367842366000048 52.493320430000040)","Unfall 139208 (2020) Kat:2, Licht: 0","139208","2","6","4","06","15","3","0","0","0","0","0","0"
"POINT (13.344013185000051 52.448058527000057)","Unfall 139209 (2020) Kat:2, Licht: 0","139209","2","5","1","06","07","6","1","0","1","1","0","0"
"POINT (13.514168262000055 52.455190979000065)","Unfall 139210 (2020) Kat:3, Licht: 0","139210","3","2","5","06","20","2","0","0","1","0","0","0"
"POINT (13.588669456000048 52.419461947000059)","Unfall 139211 (2020) Kat:3, Licht: 0","139211","3","1","0","06","10","2","0","0","1","0","0","0"
"POINT (13.337754883000059 52.611463848000028)","Unfall 139212 (2020) Kat:2, Licht: 0","139212","2","3","5","06","09","7","0","0","1","1","0","0"
"POINT (13.618367608000028 52.455468088000032)","Unfall 139213 (2020) Kat:3, Licht: 0","139213","3","1","0","06","07","6","1","0","1","0","0","0"
"POINT (13.212089507000030 52.434054842000080)","Unfall 139214 (2020) Kat:3, Licht: 0","139214","3","3","5","06","14","4","0","0","0","1","0","0"
"POINT (13.315041630000053 52.500968735000072)","Unfall 139215 (2020) Kat:3, Licht: 2","139215","3","7","5","06","23","7","0","2","0","1","0","0"
"POINT (13.376716699000042 52.510791552000057)","Unfall 139216 (2020) Kat:3, Licht: 0","139216","3","3","5","06","07","6","1","0","1","1","0","0"
"POINT (13.442840708000062 52.500604834000058)","Unfall 139217 (2020) Kat:3, Licht: 0","139217","3","6","2","06","18","6","1","0","1","1","0","0"
"POINT (13.325241266000035 52.502450717000045)","Unfall 139218 (2020) Kat:3, Licht: 0","139218","3","2","5","06","18","3","0","0","1","1","0","0"
"POINT (13.596888110000066 52.436963933000072)","Unfall 139219 (2020) Kat:3, Licht: 0","139219","3","2","0","06","10","2","0","0","1","1","0","0"
"POINT (13.439636911000036 52.567973705000043)","Unfall 139220 (2020) Kat:3, Licht: 0","139220","3","2","2","06","16","6","0","0","0","1","0","0"
"POINT (13.373497724000060 52.486511151000059)","Unfall 139221 (2020) Kat:3, Licht: 2","139221","3","1","0","06","23","2","0","2","1","0","0","0"
"POINT (13.449453130000052 52.551155587000039)","Unfall 139222 (2020) Kat:3, Licht: 0","139222","3","1","0","06","07","6","1","0","0","0","0","1"
"POINT (13.635076332000040 52.455704294000043)","Unfall 139223 (2020) Kat:2, Licht: 0","139223","2","6","3","06","19","3","0","0","1","0","0","0"
"POINT (13.273793649000027 52.435804214000029)","Unfall 139224 (2020) Kat:3, Licht: 0","139224","3","3","0","06","07","5","0","0","1","0","0","0"
"POINT (13.420807682000031 52.548787707000031)","Unfall 139225 (2020) Kat:3, Licht: 0","139225","3","3","5","06","13","3","0","0","0","1","0","0"
"POINT (13.606054101000041 52.529556756000034)","Unfall 139226 (2020) Kat:3, Licht: 0","139226","3","1","0","06","17","5","0","0","0","1","0","0"
"POINT (13.347986284000058 52.578483288000029)","Unfall 139227 (2020) Kat:3, Licht: 0","139227","3","3","5","06","17","2","0","0","0","1","0","0"
"POINT (13.330729727000062 52.509722102000069)","Unfall 139228 (2020) Kat:3, Licht: 0","139228","3","7","5","06","10","2","0","0","0","1","0","1"
"POINT (13.442721432000042 52.551115248000031)","Unfall 139229 (2020) Kat:3, Licht: 0","139229","3","2","5","06","15","7","0","0","0","0","0","1"
"POINT (13.333344296000064 52.505822699000078)","Unfall 139230 (2020) Kat:3, Licht: 0","139230","3","5","1","06","14","5","0","0","0","1","0","0"
"POINT (13.371388288000048 52.560740322000072)","Unfall 139231 (2020) Kat:3, Licht: 0","139231","3","6","2","06","13","4","0","0","0","1","0","0"
"POINT (13.361210342000049 52.494229762000032)","Unfall 139232 (2020) Kat:3, Licht: 0","139232","3","2","5","06","18","7","1","0","1","1","0","0"
"POINT (13.290028072000041 52.494385239000053)","Unfall 139233 (2020) Kat:3, Licht: 0","139233","3","5","0","06","16","5","0","0","0","1","0","0"
"POINT (13.372681383000042 52.446118322000075)","Unfall 139234 (2020) Kat:3, Licht: 0","139234","3","6","2","06","15","3","0","0","0","1","0","1"
"POINT (13.361656749000076 52.547889995000048)","Unfall 139235 (2020) Kat:3, Licht: 1","139235","3","3","5","06","21","2","0","1","1","1","0","0"
"POINT (13.307413573000076 52.513494006000030)","Unfall 139236 (2020) Kat:3, Licht: 0","139236","3","6","2","06","08","5","0","0","0","1","0","0"
"POINT (13.448663394000050 52.584813097000051)","Unfall 139237 (2020) Kat:3, Licht: 0","139237","3","2","5","06","15","2","0","0","0","1","0","1"
"POINT (13.378439429000025 52.553152288000035)","Unfall 139238 (2020) Kat:2, Licht: 0","139238","2","1","0","06","05","2","0","0","0","0","0","1"
"POINT (13.449903278000022 52.512999851000075)","Unfall 139239 (2020) Kat:3, Licht: 0","139239","3","3","5","06","16","5","1","0","1","1","0","0"
"POINT (13.404249835000030 52.533162314000037)","Unfall 139240 (2020) Kat:3, Licht: 0","139240","3","3","5","06","17","5","1","0","1","1","0","0"
"POINT (13.360596867000027 52.500355938000041)","Unfall 139241 (2020) Kat:3, Licht: 0","139241","3","3","5","06","13","1","0","0","1","1","0","0"
"POINT (13.318968703000053 52.546254089000058)","Unfall 139242 (2020) Kat:3, Licht: 0","139242","3","6","3","06","20","2","0","0","1","1","0","0"
"POINT (13.418756420000022 52.503775703000031)","Unfall 139243 (2020) Kat:3, Licht: 2","139243","3","5","1","06","23","5","1","2","0","0","0","1"
"POINT (13.371798056000046 52.509327515000052)","Unfall 139244 (2020) Kat:2, Licht: 0","139244","2","3","5","06","19","2","0","0","0","1","0","0"
"POINT (13.562605109000060 52.456368623000060)","Unfall 139245 (2020) Kat:2, Licht: 0","139245","2","2","5","06","16","5","1","0","1","1","0","0"
"POINT (13.451591044000054 52.488645039000062)","Unfall 139246 (2020) Kat:3, Licht: 2","139246","3","7","0","06","03","5","0","2","1","0","0","0"
"POINT (13.442690730000038 52.559433168000055)","Unfall 139247 (2020) Kat:3, Licht: 0","139247","3","7","2","06","16","2","0","0","0","1","0","1"
"POINT (13.459892708000041 52.509014196000066)","Unfall 139248 (2020) Kat:3, Licht: 0","139248","3","4","6","06","20","2","0","0","0","1","1","0"
"POINT (13.416347841000061 52.519974557000069)","Unfall 139249 (2020) Kat:3, Licht: 0","139249","3","2","5","06","07","5","0","0","1","1","0","0"
"POINT (13.436949211000069 52.510275716000081)","Unfall 139250 (2020) Kat:3, Licht: 0","139250","3","6","2","06","14","5","0","0","0","1","0","0"
"POINT (13.177118263000068 52.517049370000052)","Unfall 139251 (2020) Kat:3, Licht: 0","139251","3","6","2","06","18","4","0","0","0","1","0","0"
"POINT (13.196085709000045 52.533324054000047)","Unfall 139252 (2020) Kat:3, Licht: 0","139252","3","6","3","06","16","7","0","0","0","1","0","0"
"POINT (13.447412779000047 52.476149905000057)","Unfall 139253 (2020) Kat:3, Licht: 0","139253","3","7","0","06","13","5","0","0","1","0","0","0"
"POINT (13.405460463000054 52.393771954000044)","Unfall 139254 (2020) Kat:3, Licht: 0","139254","3","7","2","06","13","3","0","0","0","1","0","1"
"POINT (13.178723390000073 52.552071081000065)","Unfall 139255 (2020) Kat:3, Licht: 2","139255","3","5","1","06","22","5","1","2","0","1","0","0"
"POINT (13.442486828000028 52.465497888000073)","Unfall 139256 (2020) Kat:3, Licht: 0","139256","3","2","5","06","14","2","0","0","1","1","0","0"
"POINT (13.388907814000049 52.499399579000055)","Unfall 139257 (2020) Kat:3, Licht: 0","139257","3","2","5","06","19","2","0","0","1","1","0","0"
"POINT (13.273896689000026 52.599673229000075)","Unfall 139258 (2020) Kat:3, Licht: 0","139258","3","1","0","06","11","5","0","0","1","0","0","0"
"POINT (13.350602559000038 52.494704855000066)","Unfall 139259 (2020) Kat:3, Licht: 0","139259","3","6","2","06","17","4","0","0","0","1","0","0"
"POINT (13.320042264000051 52.486504792000062)","Unfall 139260 (2020) Kat:3, Licht: 0","139260","3","3","5","06","14","5","0","0","1","1","0","0"
"POINT (13.509563990000061 52.465643689000046)","Unfall 139261 (2020) Kat:3, Licht: 1","139261","3","7","0","06","20","1","0","1","1","0","0","0"
"POINT (13.349487731000067 52.604860372000076)","Unfall 139262 (2020) Kat:3, Licht: 0","139262","3","6","2","06","19","2","0","0","0","1","0","0"
"POINT (13.526176782000050 52.423877178000055)","Unfall 139263 (2020) Kat:3, Licht: 0","139263","3","3","5","06","11","5","0","0","0","1","0","1"
"POINT (13.418220999000027 52.517383100000075)","Unfall 139264 (2020) Kat:2, Licht: 0","139264","2","2","5","06","11","5","0","0","1","1","0","0"