WKT,Name,OBJECTID,UKATEGORIE,UTYP1,UART,UMONAT,USTUNDE,UWOCHENTAG,STRZUSTAND,ULICHTVERH,ISTRAD,ISTPKW,ISTFUSS,ISTKRAD
"POINT (13.578269761000058 52.459208637000074)","Unfall 139265 (2020) Kat:3, Licht: 0","139265","3","3","5","06","10","4","0","0","1","1","0","0"
"POINT (13.472126628000069 52.465134438000064)","Unfall 139266 (2020) Kat:2, Licht: 0","139266","2","3","5","06","19","5","1","0","0","1","0","0"
"POINT (13.571761312000035 52.444441674000075)","Unfall 139267 (2020) Kat:3, Licht: 0","139267","3","6","3","06","08","3","0","0","1","0","0","0"
"POINT (13.392821117000040 52.492042581000078)","Unfall 139268 (2020) Kat:3, Licht: 0","139268","3","3","5","06","18","5","1","0","1","1","0","0"
"POINT (13.455705275000071 52.423227594000082)","Unfall 139269 (2020) Kat:2, Licht: 0","139269","2","3","5","06","12","4","0","0","0","1","0","0"
"POINT (13.340534109000032 52.499769983000078)","Unfall 139270 (2020) Kat:3, Licht: 0","139270","3","4","6","06","19","5","1","0","1","0","1","0"
"POINT (13.472288871000046 52.537487758000054)","Unfall 139271 (2020) Kat:3, Licht: 0","139271","3","6","2","06","09","3","0","0","0","1","0","0"
"POINT (13.366566774000034 52.460397400000033)","Unfall 139272 (2020) Kat:2, Licht: 0","139272","2","1","1","06","17","5","1","0","0","1","0","0"
"POINT (13.244034268000064 52.425720949000038)","Unfall 139273 (2020) Kat:3, Licht: 0","139273","3","2","5","06","12","2","0","0","1","0","0","0"
"POINT (13.404752093000070 52.540677412000036)","Unfall 139274 (2020) Kat:3, Licht: 0","139274","3","3","5","06","17","2","0","0","1","0","0","0"
"POINT (13.335767473000033 52.504321802000050)","Unfall 139275 (2020) Kat:3, Licht: 0","139275","3","2","5","06","10","5","0","0","0","1","0","0"
"POINT (13.467042177000053 52.516033782000079)","Unfall 139276 (2020) Kat:3, Licht: 0","139276","3","5","1","06","16","4","0","0","1","1","0","0"
"POINT (13.504137998000033 52.474407057000064)","Unfall 139277 (2020) Kat:3, Licht: 0","139277","3","2","5","06","06","4","0","0","1","0","0","0"
"POINT (13.435089710000057 52.509187099000030)","Unfall 139278 (2020) Kat:3, Licht: 0","139278","3","6","4","06","15","1","0","0","1","1","0","0"
"POINT (13.183166993000043 52.513484498000082)","Unfall 139279 (2020) Kat:2, Licht: 0","139279","2","3","5","06","18","2","0","0","0","1","0","1"
"POINT (13.585654735000048 52.523643011000047)","Unfall 139280 (2020) Kat:3, Licht: 0","139280","3","3","5","06","17","5","0","0","1","1","0","0"
"POINT (13.379959727000028 52.520669503000079)","Unfall 139281 (2020) Kat:2, Licht: 0","139281","2","1","8","06","10","5","0","0","1","0","0","0"
"POINT (13.426990137000075 52.564338377000070)","Unfall 139282 (2020) Kat:3, Licht: 0","139282","3","2","5","06","17","4","0","0","1","1","0","0"
"POINT (13.512264111000036 52.470739159000061)","Unfall 139283 (2020) Kat:3, Licht: 0","139283","3","2","5","06","07","5","0","0","0","1","0","0"
"POINT (13.420320388000050 52.476890450000042)","Unfall 139284 (2020) Kat:3, Licht: 0","139284","3","3","5","06","15","3","0","0","1","1","0","0"
"POINT (13.401134351000053 52.510467219000077)","Unfall 139285 (2020) Kat:3, Licht: 0","139285","3","2","5","06","05","5","0","0","0","1","0","1"
"POINT (13.227243244000022 52.537666978000061)","Unfall 139286 (2020) Kat:3, Licht: 0","139286","3","5","0","06","19","2","0","0","0","1","0","1"
"POINT (13.441654544000073 52.470416652000040)","Unfall 139287 (2020) Kat:3, Licht: 0","139287","3","3","5","06","18","2","0","0","1","1","0","0"
"POINT (13.211909985000034 52.527186585000038)","Unfall 139288 (2020) Kat:3, Licht: 0","139288","3","6","2","06","13","7","0","0","0","1","0","0"
"POINT (13.292593742000065 52.499256689000049)","Unfall 139289 (2020) Kat:3, Licht: 2","139289","3","7","1","06","00","5","0","2","0","0","0","1"
"POINT (13.516267332000041 52.546347177000030)","Unfall 139290 (2020) Kat:3, Licht: 0","139290","3","3","5","06","14","4","0","0","0","1","0","0"
"POINT (13.328432264000071 52.468904869000028)","Unfall 139291 (2020) Kat:3, Licht: 0","139291","3","2","5","06","09","5","0","0","0","1","0","0"
"POINT (13.286318614000038 52.575605322000058)","Unfall 139292 (2020) Kat:3, Licht: 0","139292","3","6","2","06","11","2","0","0","0","1","0","0"
"POINT (13.351590107000050 52.526365898000051)","Unfall 139293 (2020) Kat:3, Licht: 0","139293","3","2","2","06","17","2","0","0","0","1","0","0"
"POINT (13.418199545000050 52.499767866000070)","Unfall 139294 (2020) Kat:3, Licht: 0","139294","3","5","0","06","17","6","0","0","1","1","0","0"
"POINT (13.465525328000069 52.551794617000041)","Unfall 139295 (2020) Kat:3, Licht: 0","139295","3","2","2","06","17","5","1","0","0","1","0","0"
"POINT (13.428739568000026 52.588237560000039)","Unfall 139296 (2020) Kat:3, Licht: 0","139296","3","3","5","06","14","4","0","0","1","1","0","0"
"POINT (13.496666147000042 52.621064131000026)","Unfall 139297 (2020) Kat:3, Licht: 0","139297","3","5","1","06","21","7","0","0","0","1","0","0"
"POINT (13.447989799000027 52.479885193000030)","Unfall 139298 (2020) Kat:3, Licht: 0","139298","3","3","0","06","09","5","0","0","1","1","0","0"
"POINT (13.530046907000042 52.423978285000032)","Unfall 139299 (2020) Kat:3, Licht: 0","139299","3","5","1","06","09","5","0","0","1","1","0","0"
"POINT (13.525261572000034 52.495018823000066)","Unfall 139300 (2020) Kat:3, Licht: 0","139300","3","6","4","06","17","3","0","0","1","0","0","0"
"POINT (13.363722257000063 52.500784194000062)","Unfall 139301 (2020) Kat:3, Licht: 0","139301","3","2","5","06","08","5","0","0","1","1","0","0"
"POINT (13.345750453000051 52.539024161000043)","Unfall 139302 (2020) Kat:3, Licht: 0","139302","3","6","3","06","14","7","0","0","1","1","0","0"
"POINT (13.197696554000061 52.522969394000029)","Unfall 139303 (2020) Kat:3, Licht: 0","139303","3","6","2","06","11","3","0","0","0","1","0","0"
"POINT (13.393770709000023 52.528581016000032)","Unfall 139304 (2020) Kat:3, Licht: 0","139304","3","3","5","06","07","5","0","0","0","1","0","0"
"POINT (13.324878594000040 52.458279244000039)","Unfall 139305 (2020) Kat:2, Licht: 0","139305","2","2","5","06","17","2","0","0","0","1","0","1"
"POINT (13.334667775000071 52.542659563000029)","Unfall 139306 (2020) Kat:3, Licht: 0","139306","3","5","1","06","17","2","0","0","1","1","0","0"
"POINT (13.394989856000052 52.496191429000078)","Unfall 139307 (2020) Kat:3, Licht: 2","139307","3","3","5","06","23","6","0","2","0","0","0","1"
"POINT (13.344997013000068 52.491881671000044)","Unfall 139308 (2020) Kat:3, Licht: 0","139308","3","6","2","06","16","5","0","0","0","1","0","0"
"POINT (13.441322730000024 52.473820925000041)","Unfall 139309 (2020) Kat:3, Licht: 0","139309","3","7","6","06","19","4","0","0","0","1","1","0"
"POINT (13.458164013000044 52.529112121000026)","Unfall 139310 (2020) Kat:3, Licht: 0","139310","3","6","2","06","16","7","0","0","0","1","0","0"
"POINT (13.374221369000054 52.543641330000071)","Unfall 139311 (2020) Kat:2, Licht: 0","139311","2","3","5","06","16","5","1","0","1","1","0","0"
"POINT (13.328588297000067 52.472430655000039)","Unfall 139312 (2020) Kat:2, Licht: 0","139312","2","3","5","06","14","7","0","0","1","1","0","0"
"POINT (13.399630704000060 52.489427284000044)","Unfall 139313 (2020) Kat:3, Licht: 0","139313","3","5","1","06","10","3","0","0","1","0","0","0"
"POINT (13.331063965000055 52.501927940000030)","Unfall 139314 (2020) Kat:3, Licht: 1","139314","3","7","5","06","20","7","0","1","0","1","0","0"
"POINT (13.390696024000022 52.496005183000079)","Unfall 139315 (2020) Kat:3, Licht: 0","139315","3","2","5","06","07","5","0","0","1","1","0","0"
"POINT (13.450669724000022 52.527313807000041)","Unfall 139316 (2020) Kat:3, Licht: 0","139316","3","3","2","06","14","7","0","0","1","0","0","1"
"POINT (13.503616534000059 52.411627458000055)","Unfall 139317 (2020) Kat:2, Licht: 0","139317","2","2","2","06","16","5","1","0","0","1","0","0"
"POINT (13.432880393000062 52.472380391000058)","Unfall 139318 (2020) Kat:3, Licht: 0","139318","3","5","1","06","18","3","0","0","1","1","0","0"
"POINT (13.427321477000021 52.544850018000034)","Unfall 139319 (2020) Kat:3, Licht: 0","139319","3","4","6","06","05","2","0","0","0","1","1","0"
"POINT (13.404002902000059 52.463467800000046)","Unfall 139320 (2020) Kat:3, Licht: 0","139320","3","2","5","06","15","5","0","0","0","1","0","0"
"POINT (13.315123952000022 52.577980189000073)","Unfall 139321 (2020) Kat:3, Licht: 0","139321","3","1","0","06","17","2","0","0","0","0","0","0"
"POINT (13.233338586000059 52.527444159000027)","Unfall 139322 (2020) Kat:3, Licht: 0","139322","3","2","0","06","17","2","0","0","1","1","0","0"
"POINT (13.406497512000044 52.498326184000064)","Unfall 139323 (2020) Kat:2, Licht: 0","139323","2","2","5","06","15","5","0","0","1","1","0","0"
"POINT (13.384440817000041 52.484987319000027)","Unfall 139324 (2020) Kat:3, Licht: 0","139324","3","4","6","06","17","5","1","0","0","1","1","0"
"POINT (13.467319964000069 52.509697065000069)","Unfall 139325 (2020) Kat:3, Licht: 0","139325","3","2","5","06","16","2","0","0","0","1","0","1"
"POINT (13.437092951000068 52.456280424000056)","Unfall 139326 (2020) Kat:3, Licht: 0","139326","3","7","1","06","17","2","0","0","0","1","0","0"
"POINT (13.417270322000036 52.549991179000074)","Unfall 139327 (2020) Kat:2, Licht: 0","139327","2","1","0","06","15","5","1","0","0","0","0","1"
"POINT (13.267490076000058 52.408167101000060)","Unfall 139328 (2020) Kat:3, Licht: 0","139328","3","7","3","06","15","5","1","0","1","0","0","0"
"POINT (13.507567472000062 52.492150501000026)","Unfall 139329 (2020) Kat:2, Licht: 0","139329","2","7","0","06","07","4","0","0","0","1","0","1"
"POINT (13.360176344000024 52.537249250000059)","Unfall 139330 (2020) Kat:3, Licht: 0","139330","3","2","5","06","09","5","0","0","1","0","0","0"
"POINT (13.413804348000042 52.552125906000072)","Unfall 139331 (2020) Kat:3, Licht: 0","139331","3","3","5","06","13","7","0","0","1","1","0","0"
"POINT (13.458334965000063 52.525490355000045)","Unfall 139332 (2020) Kat:3, Licht: 0","139332","3","2","5","06","10","3","0","0","1","1","0","0"
"POINT (13.424297271000057 52.539579036000077)","Unfall 139333 (2020) Kat:3, Licht: 0","139333","3","6","3","06","17","4","0","0","1","0","0","0"
"POINT (13.603898223000044 52.485786953000058)","Unfall 139334 (2020) Kat:3, Licht: 0","139334","3","3","5","06","10","2","0","0","0","1","0","1"
"POINT (13.631307044000039 52.395095964000063)","Unfall 139335 (2020) Kat:3, Licht: 0","139335","3","1","1","06","16","2","0","0","1","1","0","0"
"POINT (13.511819900000035 52.458368760000042)","Unfall 139336 (2020) Kat:3, Licht: 2","139336","3","1","1","06","22","4","0","2","1","1","0","0"
"POINT (13.359041197000067 52.420112430000074)","Unfall 139337 (2020) Kat:3, Licht: 0","139337","3","2","5","06","16","4","0","0","1","1","0","0"
"POINT (13.475303736000058 52.502789914000061)","Unfall 139338 (2020) Kat:3, Licht: 0","139338","3","3","5","06","13","5","1","0","1","1","0","0"
"POINT (13.389742077000051 52.495910866000031)","Unfall 139339 (2020) Kat:3, Licht: 0","139339","3","2","0","06","19","4","0","0","1","1","0","0"
"POINT (13.338983334000034 52.444332566000071)","Unfall 139340 (2020) Kat:2, Licht: 0","139340","2","2","0","06","15","2","0","0","0","1","0","0"
"POINT (13.392166448000069 52.543102622000049)","Unfall 139341 (2020) Kat:3, Licht: 0","139341","3","5","1","06","16","2","0","0","0","1","0","0"
"POINT (13.355970928000033 52.472377469000037)","Unfall 139342 (2020) Kat:3, Licht: 0","139342","3","2","5","06","19","4","0","0","1","0","0","1"
"POINT (13.300766866000060 52.494810478000034)","Unfall 139343 (2020) Kat:3, Licht: 0","139343","3","2","5","06","17","4","0","0","1","1","0","0"
"POINT (13.347516241000051 52.470579407000059)","Unfall 139344 (2020) Kat:3, Licht: 0","139344","3","2","5","06","16","5","1","0","1","1","0","0"
"POINT (13.281327635000025 52.499401288000058)","Unfall 139345 (2020) Kat:3, Licht: 0","139345","3","7","5","06","18","1","0","0","1","1","0","0"
"POINT (13.202970789000062 52.540849632000061)","Unfall 139346 (2020) Kat:3, Licht: 0","139346","3","2","3","05","16","1","0","0","0","1","0","0"
"POINT (13.393677280000077 52.489127212000028)","Unfall 139347 (2020) Kat:3, Licht: 0","139347","3","2","5","06","19","4","0","0","1","1","0","0"
"POINT (13.385782075000066 52.532676612000046)","Unfall 139348 (2020) Kat:3, Licht: 0","139348","3","2","5","06","08","4","0","0","1","1","0","0"
"POINT (13.324054685000021 52.424167670000031)","Unfall 139349 (2020) Kat:3, Licht: 0","139349","3","5","1","06","10","4","0","0","1","1","0","0"
"POINT (13.474215687000026 52.425809265000055)","Unfall 139350 (2020) Kat:2, Licht: 0","139350","2","6","2","06","06","4","0","0","0","1","0","0"
"POINT (13.327525481000066 52.439065423000045)","Unfall 139351 (2020) Kat:3, Licht: 0","139351","3","1","0","06","18","7","1","0","0","0","0","1"
"POINT (13.327903953000032 52.506011218000026)","Unfall 139352 (2020) Kat:3, Licht: 0","139352","3","5","1","06","09","3","0","0","1","1","0","0"
"POINT (13.296603204000064 52.500973886000054)","Unfall 139353 (2020) Kat:3, Licht: 0","139353","3","7","5","06","06","4","0","0","0","1","0","1"
"POINT (13.321636422000040 52.443523199000026)","Unfall 139354 (2020) Kat:3, Licht: 0","139354","3","2","5","06","12","2","0","0","0","1","0","1"
"POINT (13.467910076000067 52.464110748000053)","Unfall 139355 (2020) Kat:3, Licht: 2","139355","3","3","5","05","23","1","0","2","0","1","0","0"
"POINT (13.475717656000029 52.501237312000057)","Unfall 139356 (2020) Kat:3, Licht: 0","139356","3","3","5","06","17","6","0","0","1","0","0","0"
"POINT (13.411773215000039 52.523966074000043)","Unfall 139357 (2020) Kat:3, Licht: 2","139357","3","2","5","06","22","4","0","2","0","1","0","0"
"POINT (13.568493864000061 52.441133243000081)","Unfall 139358 (2020) Kat:2, Licht: 0","139358","2","4","6","06","15","4","0","0","0","1","1","0"
"POINT (13.450388797000073 52.476530023000066)","Unfall 139359 (2020) Kat:3, Licht: 0","139359","3","7","0","06","14","7","0","0","1","0","0","0"
"POINT (13.441517197000053 52.478955303000077)","Unfall 139360 (2020) Kat:3, Licht: 0","139360","3","7","5","05","19","1","0","0","0","1","0","0"
"POINT (13.295262705000027 52.444285854000043)","Unfall 139361 (2020) Kat:2, Licht: 2","139361","2","1","0","06","22","4","0","2","1","0","0","0"
"POINT (13.335752098000057 52.565026590000059)","Unfall 139362 (2020) Kat:3, Licht: 0","139362","3","6","2","06","19","4","0","0","0","1","0","0"
"POINT (13.430889891000049 52.512155058000076)","Unfall 139363 (2020) Kat:2, Licht: 0","139363","2","6","0","06","14","3","0","0","1","0","0","0"
"POINT (13.480404800000031 52.501937668000039)","Unfall 139364 (2020) Kat:3, Licht: 0","139364","3","7","5","06","19","4","0","0","1","1","0","0"
"POINT (13.385816964000071 52.570910359000038)","Unfall 139365 (2020) Kat:3, Licht: 0","139365","3","6","4","06","19","1","0","0","1","1","0","0"
"POINT (13.366309499000067 52.495286137000051)","Unfall 139366 (2020) Kat:3, Licht: 0","139366","3","3","5","05","19","1","0","0","1","1","0","0"
"POINT (13.594927949000066 52.441396551000082)","Unfall 139367 (2020) Kat:2, Licht: 0","139367","2","6","3","06","19","4","0","0","1","1","0","0"
"POINT (13.382229156000051 52.504503430000057)","Unfall 139368 (2020) Kat:2, Licht: 0","139368","2","3","5","06","18","4","0","0","0","1","0","0"
"POINT (13.395205922000059 52.546027890000062)","Unfall 139369 (2020) Kat:3, Licht: 0","139369","3","3","0","06","09","4","0","0","1","0","0","1"
"POINT (13.495259300000043 52.516022944000042)","Unfall 139370 (2020) Kat:2, Licht: 0","139370","2","3","5","06","18","4","0","0","0","1","0","1"
"POINT (13.439055411000027 52.502581262000035)","Unfall 139371 (2020) Kat:3, Licht: 0","139371","3","2","5","06","16","3","0","0","1","0","0","0"
"POINT (13.409383208000065 52.439094861000058)","Unfall 139372 (2020) Kat:2, Licht: 0","139372","2","6","4","06","12","4","0","0","0","1","0","0"
"POINT (13.421847561000050 52.562266800000032)","Unfall 139373 (2020) Kat:3, Licht: 0","139373","3","7","2","06","12","2","0","0","0","1","0","0"
"POINT (13.399655040000027 52.439920287000064)","Unfall 139374 (2020) Kat:3, Licht: 0","139374","3","1","0","05","17","1","0","0","0","0","0","1"
"POINT (13.461853026000028 52.471176342000035)","Unfall 139375 (2020) Kat:3, Licht: 0","139375","3","2","0","06","13","6","0","0","1","1","0","0"
"POINT (13.552285635000032 52.439338804000045)","Unfall 139376 (2020) Kat:3, Licht: 0","139376","3","3","5","06","11","4","0","0","1","1","0","0"
"POINT (13.411299025000062 52.523950813000056)","Unfall 139377 (2020) Kat:3, Licht: 0","139377","3","6","2","06","15","4","0","0","0","0","0","1"
"POINT (13.374402438000061 52.585381278000057)","Unfall 139378 (2020) Kat:3, Licht: 2","139378","3","3","5","06","23","7","0","2","1","1","0","0"
"POINT (13.493050234000066 52.419649034000031)","Unfall 139379 (2020) Kat:3, Licht: 0","139379","3","7","5","06","10","4","0","0","1","1","0","0"
"POINT (13.574901545000046 52.513126301000057)","Unfall 139380 (2020) Kat:3, Licht: 0","139380","3","2","5","06","12","7","0","0","0","1","0","0"
"POINT (13.610656882000058 52.482200642000066)","Unfall 139381 (2020) Kat:3, Licht: 0","139381","3","3","5","06","10","4","0","0","1","1","0","0"
"POINT (13.367337748000068 52.586179693000076)","Unfall 139382 (2020) Kat:2, Licht: 0","139382","2","7","5","06","19","3","0","0","0","1","0","0"
"POINT (13.240268873000048 52.442666852000059)","Unfall 139383 (2020) Kat:3, Licht: 0","139383","3","3","5","06","08","4","0","0","0","1","0","0"
"POINT (13.287822266000035 52.590115065000077)","Unfall 139384 (2020) Kat:3, Licht: 0","139384","3","5","1","06","19","7","0","0","1","1","0","0"
"POINT (13.344935260000057 52.487644774000046)","Unfall 139385 (2020) Kat:3, Licht: 0","139385","3","5","0","06","18","2","0","0","1","1","0","0"
"POINT (13.344497861000036 52.563064009000072)","Unfall 139386 (2020) Kat:3, Licht: 0","139386","3","6","2","06","17","4","0","0","0","1","0","0"
"POINT (13.397993836000069 52.491095771000062)","Unfall 139387 (2020) Kat:3, Licht: 0","139387","3","3","5","06","16","2","0","0","1","1","0","0"
"POINT (13.530061447000037 52.416260301000079)","Unfall 139388 (2020) Kat:3, Licht: 0","139388","3","1","8","06","13","3","0","0","0","1","0","0"
"POINT (13.129977581000048 52.464179761000082)","Unfall 139389 (2020) Kat:3, Licht: 0","139389","3","2","5","06","18","4","0","0","1","1","0","0"
"POINT (13.476483951000034 52.476397918000032)","Unfall 139390 (2020) Kat:3, Licht: 0","139390","3","3","5","06","18","2","0","0","0","1","0","1"
"POINT (13.247412208000071 52.464688669000054)","Unfall 139391 (2020) Kat:2, Licht: 1","139391","2","7","7","05","19","1","0","1","0","0","0","1"
"POINT (13.414945061000026 52.527210611000044)","Unfall 139392 (2020) Kat:2, Licht: 0","139392","2","1","9","06","10","6","0","0","0","1","0","0"
"POINT (13.436172140000053 52.554233954000040)","Unfall 139393 (2020) Kat:3, Licht: 0","139393","3","5","1","06","16","4","0","0","1","1","0","0"
"POINT (13.185534810000036 52.551511294000079)","Unfall 139394 (2020) Kat:2, Licht: 0","139394","2","2","0","06","13","4","0","0","0","1","0","1"
"POINT (13.347693471000071 52.493062117000079)","Unfall 139395 (2020) Kat:3, Licht: 0","139395","3","5","1","06","18","7","1","0","1","1","0","0"
"POINT (13.505300365000039 52.563192307000065)","Unfall 139396 (2020) Kat:3, Licht: 0","139396","3","6","2","06","16","4","0","0","0","1","0","0"
"POINT (13.364985101000059 52.572061721000068)","Unfall 139397 (2020) Kat:3, Licht: 0","139397","3","6","2","06","15","4","0","0","0","1","0","0"
"POINT (13.348888070000044 52.500478568000062)","Unfall 139398 (2020) Kat:3, Licht: 0","139398","3","5","1","06","15","3","0","0","1","1","0","0"
"POINT (13.341312036000033 52.505684575000032)","Unfall 139399 (2020) Kat:3, Licht: 1","139399","3","6","4","05","18","1","0","1","1","0","0","1"
"POINT (13.457907556000066 52.528816991000042)","Unfall 139400 (2020) Kat:3, Licht: 0","139400","3","6","2","06","15","4","0","0","0","1","0","0"
"POINT (13.398094380000032 52.488892602000078)","Unfall 139401 (2020) Kat:3, Licht: 0","139401","3","2","5","06","16","2","0","0","1","1","0","0"
"POINT (13.314352555000028 52.417764708000050)","Unfall 139402 (2020) Kat:3, Licht: 0","139402","3","7","2","05","17","1","0","0","0","1","0","0"
"POINT (13.266044017000070 52.415407610000045)","Unfall 139403 (2020) Kat:3, Licht: 0","139403","3","7","5","06","15","4","0","0","0","1","0","1"
"POINT (13.578231412000036 52.457121174000065)","Unfall 139404 (2020) Kat:2, Licht: 0","139404","2","3","5","06","17","5","1","0","1","1","0","0"
"POINT (13.482079527000053 52.445946714000058)","Unfall 139405 (2020) Kat:3, Licht: 0","139405","3","1","0","06","17","1","0","0","1","0","0","0"
"POINT (13.474255127000049 52.549330663000035)","Unfall 139406 (2020) Kat:3, Licht: 0","139406","3","5","1","05","17","1","0","0","1","1","0","0"
"POINT (13.475195568000061 52.473951745000079)","Unfall 139407 (2020) Kat:3, Licht: 0","139407","3","7","5","06","14","4","0","0","0","1","0","0"
"POINT (13.323583869000061 52.587132235000070)","Unfall 139408 (2020) Kat:3, Licht: 0","139408","3","2","5","06","15","4","0","0","1","1","0","0"
"POINT (13.393564664000053 52.504443993000052)","Unfall 139409 (2020) Kat:3, Licht: 0","139409","3","5","1","06","17","4","0","0","1","1","0","0"
"POINT (13.346629478000068 52.503796814000054)","Unfall 139410 (2020) Kat:3, Licht: 0","139410","3","6","3","06","14","4","0","0","1","1","0","0"
"POINT (13.324215371000037 52.460437104000050)","Unfall 139411 (2020) Kat:3, Licht: 0","139411","3","2","5","06","12","7","0","0","1","1","0","0"
"POINT (13.184621519000075 52.515363460000060)","Unfall 139412 (2020) Kat:3, Licht: 0","139412","3","6","2","05","13","1","0","0","0","1","0","0"
"POINT (13.447378364000031 52.437969706000047)","Unfall 139413 (2020) Kat:3, Licht: 0","139413","3","4","6","06","14","4","0","0","0","1","1","0"
"POINT (13.471240349000027 52.538848204000033)","Unfall 139414 (2020) Kat:3, Licht: 0","139414","3","7","5","06","14","4","0","0","0","1","0","0"
"POINT (13.430304409000030 52.510551433000046)","Unfall 139415 (2020) Kat:2, Licht: 0","139415","2","3","5","06","18","4","0","0","1","1","0","0"
"POINT (13.317025756000021 52.608187114000032)","Unfall 139416 (2020) Kat:3, Licht: 0","139416","3","5","1","06","16","7","0","0","1","1","0","0"
"POINT (13.561180182000044 52.544706722000058)","Unfall 139417 (2020) Kat:3, Licht: 0","139417","3","3","5","06","14","4","0","0","0","1","0","0"
"POINT (13.432513796000023 52.557646963000082)","Unfall 139418 (2020) Kat:3, Licht: 0","139418","3","3","5","06","06","3","0","0","0","1","0","0"
"POINT (13.458748229000037 52.506393497000033)","Unfall 139419 (2020) Kat:3, Licht: 0","139419","3","3","5","06","14","4","0","0","1","1","0","0"
"POINT (13.373433713000054 52.564296965000040)","Unfall 139420 (2020) Kat:2, Licht: 0","139420","2","2","5","06","15","2","0","0","0","1","0","1"
"POINT (13.198535268000057 52.542880797000066)","Unfall 139421 (2020) Kat:2, Licht: 0","139421","2","2","5","05","13","1","0","0","0","1","0","1"
"POINT (13.451951275000056 52.520507782000038)","Unfall 139422 (2020) Kat:1, Licht: 0","139422","1","2","5","06","11","4","0","0","1","0","0","0"
"POINT (13.390919387000054 52.503276773000039)","Unfall 139423 (2020) Kat:3, Licht: 0","139423","3","3","5","06","17","4","0","0","1","1","0","0"
"POINT (13.392618988000038 52.505668221000064)","Unfall 139424 (2020) Kat:3, Licht: 0","139424","3","3","5","06","16","5","1","0","0","1","0","1"
"POINT (13.324055728000076 52.527891413000077)","Unfall 139425 (2020) Kat:3, Licht: 0","139425","3","5","1","06","17","1","0","0","0","1","0","0"
"POINT (13.700385139000048 52.435550706000072)","Unfall 139426 (2020) Kat:3, Licht: 0","139426","3","7","5","05","12","1","0","0","1","1","0","0"
"POINT (13.361291677000054 52.412595122000027)","Unfall 139427 (2020) Kat:3, Licht: 0","139427","3","2","2","06","14","4","0","0","0","1","0","0"
"POINT (13.488049741000054 52.426152741000067)","Unfall 139428 (2020) Kat:3, Licht: 0","139428","3","2","5","06","13","4","0","0","0","1","0","0"
"POINT (13.495243623000022 52.431679943000063)","Unfall 139429 (2020) Kat:3, Licht: 0","139429","3","2","5","06","10","4","0","0","0","1","0","0"
"POINT (13.346144138000057 52.415047073000039)","Unfall 139430 (2020) Kat:3, Licht: 0","139430","3","2","5","06","13","4","0","0","1","1","0","0"
"POINT (13.393043632000058 52.515059986000040)","Unfall 139431 (2020) Kat:3, Licht: 0","139431","3","3","5","06","08","3","0","0","0","1","0","1"
"POINT (13.209889613000030 52.548102805000042)","Unfall 139432 (2020) Kat:3, Licht: 0","139432","3","6","0","06","11","4","0","0","0","1","0","0"
"POINT (13.268542193000030 52.451122698000063)","Unfall 139433 (2020) Kat:3, Licht: 0","139433","3","2","5","06","08","2","0","0","1","1","0","0"
"POINT (13.157072998000046 52.535204721000071)","Unfall 139434 (2020) Kat:3, Licht: 0","139434","3","2","5","05","12","1","0","0","1","1","0","0"
"POINT (13.427821273000063 52.545560145000081)","Unfall 139435 (2020) Kat:3, Licht: 0","139435","3","3","5","06","10","3","0","0","0","1","0","0"
"POINT (13.396714774000031 52.491263952000054)","Unfall 139436 (2020) Kat:3, Licht: 0","139436","3","6","2","06","12","3","0","0","0","1","0","1"
"POINT (13.394512548000023 52.491806648000079)","Unfall 139437 (2020) Kat:3, Licht: 0","139437","3","4","0","06","09","2","0","0","1","0","1","0"
"POINT (13.428950830000076 52.471852495000064)","Unfall 139438 (2020) Kat:3, Licht: 0","139438","3","6","2","05","10","1","0","0","0","1","0","1"
"POINT (13.380571182000040 52.492898530000048)","Unfall 139439 (2020) Kat:2, Licht: 0","139439","2","6","3","06","09","3","0","0","1","0","0","0"
"POINT (13.562661700000035 52.549519787000065)","Unfall 139440 (2020) Kat:3, Licht: 0","139440","3","3","5","06","16","4","0","0","1","1","0","0"
"POINT (13.390347898000073 52.507752857000071)","Unfall 139441 (2020) Kat:3, Licht: 0","139441","3","2","5","06","18","4","0","0","1","1","0","0"
"POINT (13.290649885000050 52.448311674000081)","Unfall 139442 (2020) Kat:3, Licht: 0","139442","3","3","5","06","18","1","0","0","0","1","0","0"
"POINT (13.379310517000022 52.507034307000026)","Unfall 139443 (2020) Kat:3, Licht: 0","139443","3","3","5","05","17","1","0","0","1","1","0","0"
"POINT (13.337279180000053 52.504054589000077)","Unfall 139444 (2020) Kat:3, Licht: 1","139444","3","4","6","06","21","3","0","1","1","0","1","0"
"POINT (13.496749472000033 52.634686616000067)","Unfall 139445 (2020) Kat:3, Licht: 0","139445","3","2","5","06","19","3","0","0","1","1","0","0"
"POINT (13.428595262000044 52.519534365000027)","Unfall 139446 (2020) Kat:3, Licht: 0","139446","3","2","5","06","08","4","0","0","1","1","0","0"
"POINT (13.184757620000028 52.429021874000057)","Unfall 139447 (2020) Kat:2, Licht: 0","139447","2","2","5","06","19","3","0","0","1","0","0","0"
"POINT (13.393665728000030 52.541388738000080)","Unfall 139448 (2020) Kat:2, Licht: 0","139448","2","7","6","06","12","7","0","0","1","0","1","0"
"POINT (13.278154137000058 52.468487411000069)","Unfall 139449 (2020) Kat:3, Licht: 0","139449","3","3","5","06","15","3","0","0","1","1","0","0"
"POINT (13.389745747000063 52.511294489000079)","Unfall 139450 (2020) Kat:3, Licht: 0","139450","3","7","6","06","19","3","0","0","0","1","1","0"