WKT,Name,OBJECTID,UKATEGORIE,UTYP1,UART,UMONAT,USTUNDE,UWOCHENTAG,STRZUSTAND,ULICHTVERH,ISTRAD,ISTPKW,ISTFUSS,ISTKRAD
"POINT (13.387170047000041 52.490038334000076)","Unfall 139451 (2020) Kat:3, Licht: 0","139451","3","7","5","06","20","2","0","0","1","1","0","0"
"POINT (13.410999895000032 52.492355891000045)","Unfall 139452 (2020) Kat:2, Licht: 0","139452","2","7","4","05","05","1","0","0","0","1","0","0"
"POINT (13.559561150000036 52.442049035000082)","Unfall 139453 (2020) Kat:3, Licht: 0","139453","3","3","5","06","18","6","0","0","1","1","0","0"
"POINT (13.398889857000029 52.494616184000051)","Unfall 139454 (2020) Kat:3, Licht: 0","139454","3","2","5","06","16","3","0","0","1","1","0","0"
"POINT (13.141593139000065 52.532441115000040)","Unfall 139455 (2020) Kat:3, Licht: 0","139455","3","2","5","06","14","4","0","0","0","1","0","0"
"POINT (13.394399961000033 52.485307066000075)","Unfall 139456 (2020) Kat:3, Licht: 0","139456","3","7","6","06","11","7","0","0","1","0","1","0"
"POINT (13.633468606000065 52.450698818000035)","Unfall 139457 (2020) Kat:2, Licht: 0","139457","2","6","3","06","12","3","0","0","1","1","0","0"
"POINT (13.533216248000031 52.461521776000041)","Unfall 139458 (2020) Kat:3, Licht: 0","139458","3","5","1","06","18","3","0","0","1","1","0","0"
"POINT (13.357948862000057 52.545579368000062)","Unfall 139459 (2020) Kat:3, Licht: 0","139459","3","5","1","06","18","3","0","0","1","1","0","0"
"POINT (13.366203124000037 52.550713159000054)","Unfall 139460 (2020) Kat:3, Licht: 0","139460","3","6","2","06","17","6","1","0","0","1","0","0"
"POINT (13.361223021000058 52.494421064000051)","Unfall 139461 (2020) Kat:3, Licht: 0","139461","3","2","5","06","18","3","0","0","1","1","0","0"
"POINT (13.219102329000066 52.537049124000077)","Unfall 139462 (2020) Kat:2, Licht: 0","139462","2","2","5","06","15","4","0","0","0","1","0","1"
"POINT (13.438994710000031 52.480532134000043)","Unfall 139463 (2020) Kat:3, Licht: 2","139463","3","7","5","06","22","7","0","2","1","1","0","0"
"POINT (13.412248002000069 52.524304052000048)","Unfall 139464 (2020) Kat:3, Licht: 0","139464","3","6","2","06","16","3","0","0","0","1","0","0"
"POINT (13.305178692000027 52.427469871000028)","Unfall 139465 (2020) Kat:3, Licht: 0","139465","3","4","0","06","16","3","0","0","0","0","1","0"
"POINT (13.200674495000044 52.523802639000053)","Unfall 139466 (2020) Kat:3, Licht: 0","139466","3","7","6","06","19","3","0","0","0","1","1","0"
"POINT (13.385525589000054 52.507417301000032)","Unfall 139467 (2020) Kat:2, Licht: 0","139467","2","2","5","06","16","3","0","0","0","1","0","1"
"POINT (13.470820379000031 52.505688651000071)","Unfall 139468 (2020) Kat:2, Licht: 0","139468","2","1","0","06","12","3","0","0","1","0","0","0"
"POINT (13.342438505000075 52.481519864000063)","Unfall 139469 (2020) Kat:3, Licht: 0","139469","3","6","3","06","15","3","0","0","1","1","0","0"
"POINT (13.434825081000042 52.542875502000072)","Unfall 139470 (2020) Kat:2, Licht: 0","139470","2","3","5","06","17","2","0","0","0","1","0","1"
"POINT (13.538667409000027 52.524758085000030)","Unfall 139471 (2020) Kat:3, Licht: 0","139471","3","3","5","05","17","1","0","0","1","1","0","0"
"POINT (13.445584665000069 52.489783415000034)","Unfall 139472 (2020) Kat:3, Licht: 0","139472","3","5","1","06","16","6","0","0","1","1","0","0"
"POINT (13.441436138000029 52.598657077000041)","Unfall 139473 (2020) Kat:3, Licht: 0","139473","3","7","0","06","16","3","0","0","1","0","0","0"
"POINT (13.199535000000026 52.534885782000060)","Unfall 139474 (2020) Kat:3, Licht: 1","139474","3","2","5","06","20","4","0","1","1","1","0","0"
"POINT (13.410649217000071 52.494373693000057)","Unfall 139475 (2020) Kat:3, Licht: 0","139475","3","3","5","06","17","7","0","0","1","1","0","0"
"POINT (13.437967379000042 52.494025994000026)","Unfall 139476 (2020) Kat:3, Licht: 0","139476","3","7","6","06","15","3","0","0","1","0","1","0"
"POINT (13.382413814000074 52.485088992000044)","Unfall 139477 (2020) Kat:3, Licht: 0","139477","3","7","0","06","14","3","0","0","0","1","0","0"
"POINT (13.374473659000046 52.556237468000063)","Unfall 139478 (2020) Kat:3, Licht: 0","139478","3","6","3","06","15","3","0","0","0","0","0","1"
"POINT (13.431144766000045 52.467794561000062)","Unfall 139479 (2020) Kat:3, Licht: 0","139479","3","4","6","06","15","2","0","0","0","1","1","0"
"POINT (13.200260214000025 52.550466632000052)","Unfall 139480 (2020) Kat:2, Licht: 0","139480","2","5","1","05","16","1","0","0","0","1","0","0"
"POINT (13.361331806000067 52.412464660000069)","Unfall 139481 (2020) Kat:2, Licht: 2","139481","2","1","9","05","01","1","0","2","0","1","0","0"
"POINT (13.433467903000064 52.482071021000081)","Unfall 139482 (2020) Kat:3, Licht: 0","139482","3","7","2","06","15","3","0","0","1","1","0","0"
"POINT (13.293300518000024 52.534144590000039)","Unfall 139483 (2020) Kat:3, Licht: 1","139483","3","6","3","06","21","2","0","1","0","1","0","0"
"POINT (13.266042431000074 52.520691818000046)","Unfall 139484 (2020) Kat:3, Licht: 0","139484","3","6","2","05","17","1","0","0","0","1","0","0"
"POINT (13.386795572000040 52.527494291000039)","Unfall 139485 (2020) Kat:3, Licht: 0","139485","3","5","1","06","15","3","0","0","0","1","0","0"
"POINT (13.511968612000032 52.509779953000077)","Unfall 139486 (2020) Kat:3, Licht: 0","139486","3","3","5","06","17","5","0","0","1","1","0","0"
"POINT (13.371819793000043 52.509270080000078)","Unfall 139487 (2020) Kat:3, Licht: 0","139487","3","2","5","06","16","2","0","0","1","1","0","0"
"POINT (13.485272700000053 52.526681155000063)","Unfall 139488 (2020) Kat:3, Licht: 0","139488","3","2","0","05","17","1","0","0","0","1","0","1"
"POINT (13.204515075000074 52.524266820000037)","Unfall 139489 (2020) Kat:2, Licht: 0","139489","2","5","1","06","14","3","0","0","0","1","0","0"
"POINT (13.613312465000035 52.508778722000045)","Unfall 139490 (2020) Kat:3, Licht: 0","139490","3","2","0","06","14","3","0","0","1","1","0","0"
"POINT (13.365589641000042 52.503112700000031)","Unfall 139491 (2020) Kat:3, Licht: 0","139491","3","2","5","06","08","4","0","0","1","1","0","0"
"POINT (13.328423413000053 52.464782067000044)","Unfall 139492 (2020) Kat:3, Licht: 0","139492","3","2","5","06","16","7","0","0","1","1","0","0"
"POINT (13.284909774000027 52.491723169000068)","Unfall 139493 (2020) Kat:3, Licht: 0","139493","3","6","2","06","15","3","0","0","0","1","0","0"
"POINT (13.496506072000045 52.533978201000082)","Unfall 139494 (2020) Kat:3, Licht: 0","139494","3","3","5","06","10","3","0","0","0","1","0","0"
"POINT (13.463853012000072 52.519925288000081)","Unfall 139495 (2020) Kat:3, Licht: 0","139495","3","6","5","06","14","3","0","0","0","1","0","0"
"POINT (13.359476301000029 52.498480935000032)","Unfall 139496 (2020) Kat:3, Licht: 0","139496","3","2","5","06","12","2","0","0","1","1","0","0"
"POINT (13.455427644000054 52.513584751000053)","Unfall 139497 (2020) Kat:3, Licht: 0","139497","3","5","1","05","16","1","0","0","1","1","0","0"
"POINT (13.406589845000042 52.498350806000076)","Unfall 139498 (2020) Kat:2, Licht: 0","139498","2","2","5","06","13","3","0","0","0","1","0","1"
"POINT (13.404168383000069 52.575757732000056)","Unfall 139499 (2020) Kat:3, Licht: 0","139499","3","3","5","06","16","4","0","0","1","0","0","0"
"POINT (13.388854943000069 52.499324821000073)","Unfall 139500 (2020) Kat:3, Licht: 0","139500","3","2","5","06","12","5","0","0","1","1","0","0"
"POINT (13.485549096000057 52.523185452000064)","Unfall 139501 (2020) Kat:3, Licht: 0","139501","3","3","5","06","20","1","0","0","0","1","0","0"
"POINT (13.430979534000073 52.452374128000031)","Unfall 139502 (2020) Kat:3, Licht: 0","139502","3","7","5","05","16","1","0","0","0","1","0","0"
"POINT (13.575642364000032 52.490040035000050)","Unfall 139503 (2020) Kat:3, Licht: 0","139503","3","3","5","06","13","3","0","0","1","1","0","0"
"POINT (13.322144271000070 52.608782781000059)","Unfall 139504 (2020) Kat:3, Licht: 0","139504","3","3","5","06","13","3","0","0","0","1","0","1"
"POINT (13.300866477000056 52.615710356000079)","Unfall 139505 (2020) Kat:3, Licht: 0","139505","3","2","5","06","09","4","0","0","0","1","0","1"
"POINT (13.326337654000042 52.476514639000072)","Unfall 139506 (2020) Kat:3, Licht: 0","139506","3","7","5","06","10","3","0","0","0","1","0","0"
"POINT (13.331240658000070 52.562130203000038)","Unfall 139507 (2020) Kat:3, Licht: 0","139507","3","6","3","06","17","4","0","0","0","1","0","1"
"POINT (13.372338441000068 52.444541663000052)","Unfall 139508 (2020) Kat:3, Licht: 0","139508","3","3","5","06","17","5","1","0","1","1","0","0"
"POINT (13.575422082000046 52.447252844000047)","Unfall 139509 (2020) Kat:2, Licht: 0","139509","2","1","0","06","11","1","1","0","1","0","0","0"
"POINT (13.421946386000059 52.510875981000027)","Unfall 139510 (2020) Kat:2, Licht: 0","139510","2","5","1","05","15","1","0","0","1","1","0","0"
"POINT (13.455519231000039 52.545261562000064)","Unfall 139511 (2020) Kat:2, Licht: 0","139511","2","3","0","06","09","3","0","0","0","1","0","1"
"POINT (13.242605956000034 52.433817825000062)","Unfall 139512 (2020) Kat:3, Licht: 0","139512","3","2","5","06","12","3","0","0","1","1","0","0"
"POINT (13.431469605000075 52.602982339000050)","Unfall 139513 (2020) Kat:2, Licht: 0","139513","2","1","0","06","11","4","0","0","1","0","0","0"
"POINT (13.343717671000036 52.553375854000080)","Unfall 139514 (2020) Kat:3, Licht: 0","139514","3","2","5","06","08","3","0","0","1","1","0","0"
"POINT (13.408045822000076 52.541984081000066)","Unfall 139515 (2020) Kat:2, Licht: 0","139515","2","2","5","06","09","3","0","0","1","0","0","0"
"POINT (13.454677825000033 52.483059596000032)","Unfall 139516 (2020) Kat:3, Licht: 0","139516","3","5","1","06","08","3","0","0","1","1","0","0"
"POINT (13.479265997000027 52.527390084000046)","Unfall 139517 (2020) Kat:3, Licht: 0","139517","3","2","5","06","09","2","0","0","1","0","0","0"
"POINT (13.387872673000061 52.560643000000027)","Unfall 139518 (2020) Kat:2, Licht: 0","139518","2","4","6","05","14","1","0","0","0","1","1","0"
"POINT (13.450764383000035 52.591266924000081)","Unfall 139519 (2020) Kat:3, Licht: 0","139519","3","2","5","06","08","3","0","0","1","1","0","0"
"POINT (13.330401605000077 52.452114205000044)","Unfall 139520 (2020) Kat:3, Licht: 0","139520","3","5","1","06","15","4","0","0","1","1","0","0"
"POINT (13.418293321000021 52.498735838000073)","Unfall 139521 (2020) Kat:2, Licht: 0","139521","2","2","5","06","13","1","0","0","1","1","0","0"
"POINT (13.407167143000038 52.547140846000048)","Unfall 139522 (2020) Kat:3, Licht: 0","139522","3","7","0","05","13","1","0","0","1","0","0","0"
"POINT (13.276027824000039 52.424307779000060)","Unfall 139523 (2020) Kat:3, Licht: 0","139523","3","7","2","06","08","3","0","0","1","0","0","0"
"POINT (13.361578890000033 52.412532966000072)","Unfall 139524 (2020) Kat:2, Licht: 0","139524","2","2","5","06","07","3","0","0","1","1","0","0"
"POINT (13.456516641000064 52.530101377000051)","Unfall 139525 (2020) Kat:3, Licht: 0","139525","3","2","5","06","10","3","0","0","1","1","0","0"
"POINT (13.401473520000025 52.529994617000057)","Unfall 139526 (2020) Kat:3, Licht: 0","139526","3","7","2","06","07","3","0","0","1","1","0","0"
"POINT (13.433759322000071 52.483290585000077)","Unfall 139527 (2020) Kat:3, Licht: 0","139527","3","7","5","06","14","3","0","0","1","1","0","0"
"POINT (13.244184306000022 52.614981642000032)","Unfall 139528 (2020) Kat:3, Licht: 0","139528","3","2","5","06","07","3","0","0","1","1","0","0"
"POINT (13.585997862000056 52.516111837000039)","Unfall 139529 (2020) Kat:3, Licht: 0","139529","3","5","1","06","07","3","0","0","1","0","0","0"
"POINT (13.286246125000048 52.520196690000034)","Unfall 139530 (2020) Kat:2, Licht: 0","139530","2","4","6","06","08","3","0","0","0","1","1","0"
"POINT (13.373112908000053 52.436843100000033)","Unfall 139531 (2020) Kat:3, Licht: 0","139531","3","2","5","06","12","3","0","0","1","0","0","0"
"POINT (13.372132544000067 52.469780893000063)","Unfall 139532 (2020) Kat:3, Licht: 0","139532","3","2","2","06","11","2","0","0","0","1","0","0"
"POINT (13.378894351000042 52.550783856000066)","Unfall 139533 (2020) Kat:3, Licht: 0","139533","3","6","0","05","17","1","0","0","0","1","0","0"
"POINT (13.467904591000035 52.464107126000044)","Unfall 139534 (2020) Kat:3, Licht: 0","139534","3","3","5","06","16","6","0","0","0","1","0","0"
"POINT (13.623819860000026 52.513971964000064)","Unfall 139535 (2020) Kat:3, Licht: 0","139535","3","6","2","06","05","3","0","0","0","1","0","0"
"POINT (13.397992230000057 52.491090157000031)","Unfall 139536 (2020) Kat:3, Licht: 0","139536","3","7","5","06","15","4","0","0","1","1","0","0"
"POINT (13.326957745000072 52.537011244000041)","Unfall 139537 (2020) Kat:3, Licht: 0","139537","3","3","5","06","20","7","0","0","1","1","0","0"
"POINT (13.431431240000052 52.502898187000028)","Unfall 139538 (2020) Kat:3, Licht: 0","139538","3","3","5","06","19","3","0","0","1","1","0","0"
"POINT (13.427690188000042 52.567937615000062)","Unfall 139539 (2020) Kat:3, Licht: 0","139539","3","2","5","06","12","7","0","0","0","1","0","0"
"POINT (13.363574141000072 52.476719690000039)","Unfall 139540 (2020) Kat:3, Licht: 0","139540","3","2","5","06","12","3","0","0","0","1","0","1"
"POINT (13.396008800000061 52.566081067000027)","Unfall 139541 (2020) Kat:3, Licht: 0","139541","3","6","6","06","19","3","0","0","1","0","1","0"
"POINT (13.366463236000072 52.585093869000048)","Unfall 139542 (2020) Kat:2, Licht: 0","139542","2","7","1","06","16","3","0","0","0","1","0","1"
"POINT (13.583516201000066 52.549134403000039)","Unfall 139543 (2020) Kat:3, Licht: 0","139543","3","6","2","06","11","7","0","0","0","1","0","0"
"POINT (13.558816075000038 52.446617758000059)","Unfall 139544 (2020) Kat:3, Licht: 0","139544","3","6","0","06","11","2","0","0","0","1","0","0"
"POINT (13.322803882000073 52.543304662000082)","Unfall 139545 (2020) Kat:3, Licht: 0","139545","3","6","0","06","18","2","0","0","0","1","0","0"
"POINT (13.452333103000058 52.527372454000044)","Unfall 139546 (2020) Kat:3, Licht: 0","139546","3","3","5","06","17","2","0","0","1","1","0","1"
"POINT (13.434117693000076 52.490091488000076)","Unfall 139547 (2020) Kat:3, Licht: 2","139547","3","5","1","05","22","7","0","2","1","1","0","0"
"POINT (13.427973619000056 52.492290963000073)","Unfall 139548 (2020) Kat:3, Licht: 0","139548","3","6","3","06","19","4","0","0","1","1","0","0"
"POINT (13.353318911000031 52.441523035000046)","Unfall 139549 (2020) Kat:2, Licht: 0","139549","2","7","2","06","15","7","0","0","0","1","0","0"
"POINT (13.247589307000055 52.540821216000040)","Unfall 139550 (2020) Kat:2, Licht: 0","139550","2","2","5","06","16","7","0","0","0","1","0","0"
"POINT (13.195370260000061 52.535467889000074)","Unfall 139551 (2020) Kat:2, Licht: 2","139551","2","3","5","06","22","2","0","2","0","1","0","0"
"POINT (13.661954713000057 52.412361733000068)","Unfall 139552 (2020) Kat:3, Licht: 0","139552","3","5","1","06","12","4","0","0","0","1","0","1"
"POINT (13.445843264000075 52.544607046000067)","Unfall 139553 (2020) Kat:3, Licht: 0","139553","3","3","5","06","15","4","0","0","1","1","0","0"
"POINT (13.414905757000042 52.502459422000072)","Unfall 139554 (2020) Kat:3, Licht: 0","139554","3","2","5","06","19","2","0","0","1","1","0","0"
"POINT (13.247912965000069 52.515805686000078)","Unfall 139555 (2020) Kat:3, Licht: 0","139555","3","5","1","06","19","2","0","0","1","1","0","0"
"POINT (13.353098349000049 52.432899010000028)","Unfall 139556 (2020) Kat:3, Licht: 0","139556","3","6","4","06","18","2","0","0","1","0","0","0"
"POINT (13.190699433000077 52.534376995000059)","Unfall 139557 (2020) Kat:3, Licht: 0","139557","3","7","5","06","11","4","0","0","0","1","0","0"
"POINT (13.408573360000048 52.489821129000063)","Unfall 139558 (2020) Kat:3, Licht: 0","139558","3","7","0","06","18","2","0","0","1","1","0","0"
"POINT (13.399573512000075 52.489353470000026)","Unfall 139559 (2020) Kat:3, Licht: 0","139559","3","4","6","06","10","4","0","0","1","0","1","0"
"POINT (13.330442827000070 52.505304606000038)","Unfall 139560 (2020) Kat:3, Licht: 0","139560","3","7","5","06","17","2","0","0","0","1","0","0"
"POINT (13.322642023000071 52.521180602000072)","Unfall 139561 (2020) Kat:2, Licht: 0","139561","2","6","3","06","13","5","0","0","1","1","0","0"
"POINT (13.446462538000048 52.498665434000031)","Unfall 139562 (2020) Kat:2, Licht: 0","139562","2","2","5","06","10","4","0","0","1","1","0","0"
"POINT (13.397068923000063 52.534744070000045)","Unfall 139563 (2020) Kat:3, Licht: 0","139563","3","5","5","06","17","2","0","0","1","1","0","0"
"POINT (13.349053333000029 52.489401757000053)","Unfall 139564 (2020) Kat:3, Licht: 0","139564","3","2","5","06","16","2","0","0","1","1","0","0"
"POINT (13.433419658000048 52.523328439000068)","Unfall 139565 (2020) Kat:2, Licht: 0","139565","2","1","0","06","16","2","0","0","1","0","0","0"
"POINT (13.387529410000070 52.527237499000080)","Unfall 139566 (2020) Kat:3, Licht: 0","139566","3","6","2","06","16","2","0","0","1","1","0","0"
"POINT (13.316411113000072 52.497477325000034)","Unfall 139567 (2020) Kat:3, Licht: 0","139567","3","3","5","06","10","4","0","0","1","1","0","0"
"POINT (13.308227295000052 52.488349508000056)","Unfall 139568 (2020) Kat:3, Licht: 0","139568","3","6","2","06","15","2","0","0","0","1","0","1"
"POINT (13.476720310000076 52.476523764000035)","Unfall 139569 (2020) Kat:3, Licht: 0","139569","3","6","2","06","12","2","0","0","0","1","0","0"
"POINT (13.375810303000037 52.409209494000038)","Unfall 139570 (2020) Kat:3, Licht: 0","139570","3","6","2","06","11","5","0","0","0","1","0","1"
"POINT (13.412768817000028 52.544398037000065)","Unfall 139571 (2020) Kat:3, Licht: 0","139571","3","3","5","06","09","4","0","0","0","1","0","0"
"POINT (13.384131415000070 52.484988598000029)","Unfall 139572 (2020) Kat:3, Licht: 2","139572","3","5","1","06","23","2","0","2","1","1","0","0"
"POINT (13.165515112000037 52.551224982000065)","Unfall 139573 (2020) Kat:3, Licht: 0","139573","3","2","5","06","13","2","0","0","1","1","0","0"
"POINT (13.519142516000045 52.509938477000048)","Unfall 139574 (2020) Kat:2, Licht: 2","139574","2","3","5","06","22","2","0","2","1","0","0","1"
"POINT (13.322833109000044 52.470186090000027)","Unfall 139575 (2020) Kat:3, Licht: 0","139575","3","3","5","06","09","4","0","0","1","1","0","0"
"POINT (13.317722921000041 52.414407671000049)","Unfall 139576 (2020) Kat:3, Licht: 0","139576","3","2","5","06","15","4","0","0","0","1","0","0"
"POINT (13.441014988000063 52.504613708000079)","Unfall 139577 (2020) Kat:3, Licht: 1","139577","3","5","1","06","21","2","0","1","1","1","0","0"
"POINT (13.508168188000070 52.574442943000065)","Unfall 139578 (2020) Kat:2, Licht: 1","139578","2","3","5","06","20","2","0","1","1","1","0","0"
"POINT (13.460955552000030 52.563897387000054)","Unfall 139579 (2020) Kat:3, Licht: 0","139579","3","3","5","06","08","4","0","0","1","1","0","0"
"POINT (13.428591594000068 52.519535163000057)","Unfall 139580 (2020) Kat:3, Licht: 0","139580","3","2","5","06","09","4","0","0","0","1","0","1"
"POINT (13.315444209000077 52.448803905000034)","Unfall 139581 (2020) Kat:2, Licht: 0","139581","2","4","2","06","20","2","0","0","0","1","1","0"
"POINT (13.668310972000029 52.448075063000033)","Unfall 139582 (2020) Kat:3, Licht: 0","139582","3","6","2","06","09","4","0","0","0","1","0","0"
"POINT (13.500307246000034 52.561411382000074)","Unfall 139583 (2020) Kat:3, Licht: 1","139583","3","2","5","06","20","2","0","1","1","1","0","0"
"POINT (13.461835341000040 52.471181688000058)","Unfall 139584 (2020) Kat:3, Licht: 1","139584","3","2","0","06","20","2","0","1","1","1","0","0"
"POINT (13.406647906000046 52.525270208000052)","Unfall 139585 (2020) Kat:3, Licht: 0","139585","3","6","0","06","09","5","0","0","1","1","0","0"
"POINT (13.569115906000036 52.444152574000043)","Unfall 139586 (2020) Kat:3, Licht: 0","139586","3","2","5","06","08","4","0","0","1","1","0","0"
"POINT (13.401263045000064 52.414625668000042)","Unfall 139587 (2020) Kat:3, Licht: 0","139587","3","2","5","06","20","2","0","0","1","1","0","0"
"POINT (13.359180341000069 52.546299795000039)","Unfall 139588 (2020) Kat:3, Licht: 0","139588","3","7","5","06","20","2","0","0","1","1","0","0"
"POINT (13.319459933000076 52.412889483000072)","Unfall 139589 (2020) Kat:3, Licht: 0","139589","3","7","0","06","11","2","0","0","1","0","0","0"
"POINT (13.450504903000024 52.438602271000036)","Unfall 139590 (2020) Kat:3, Licht: 0","139590","3","7","6","06","08","4","0","0","0","1","1","0"
"POINT (13.221089110000037 52.528426008000054)","Unfall 139591 (2020) Kat:2, Licht: 0","139591","2","6","2","06","15","4","0","0","0","1","0","1"
"POINT (13.351771787000075 52.557988551000051)","Unfall 139592 (2020) Kat:3, Licht: 0","139592","3","6","4","06","08","2","0","0","0","1","0","0"
"POINT (13.305051190000029 52.417910549000055)","Unfall 139593 (2020) Kat:3, Licht: 0","139593","3","2","6","06","08","2","0","0","0","0","1","0"
"POINT (13.574682722000034 52.526910772000065)","Unfall 139594 (2020) Kat:3, Licht: 0","139594","3","4","6","06","07","2","0","0","0","1","1","0"
"POINT (13.449549469000033 52.552703716000053)","Unfall 139595 (2020) Kat:2, Licht: 0","139595","2","3","5","06","08","4","0","0","1","1","0","0"
"POINT (13.601310600000033 52.535849263000046)","Unfall 139596 (2020) Kat:3, Licht: 0","139596","3","1","0","06","07","2","0","0","1","0","0","0"
"POINT (13.487402065000026 52.515637067000057)","Unfall 139597 (2020) Kat:3, Licht: 0","139597","3","3","5","06","06","2","0","0","1","1","0","0"
"POINT (13.574779699000032 52.487333942000078)","Unfall 139598 (2020) Kat:3, Licht: 0","139598","3","3","5","06","06","2","0","0","1","1","0","0"
"POINT (13.441204470000059 52.568526712000050)","Unfall 139599 (2020) Kat:3, Licht: 0","139599","3","1","0","06","05","2","1","0","0","0","0","1"
"POINT (13.322707197000057 52.456477872000050)","Unfall 139600 (2020) Kat:3, Licht: 2","139600","3","1","0","06","01","4","0","2","0","0","0","0"
"POINT (13.319128191000061 52.433156691000079)","Unfall 139601 (2020) Kat:3, Licht: 0","139601","3","6","2","06","15","4","0","0","0","1","0","0"
"POINT (13.182404867000059 52.512239120000061)","Unfall 139602 (2020) Kat:3, Licht: 0","139602","3","6","2","06","16","2","0","0","0","1","0","1"
"POINT (13.364522229000045 52.522700214000054)","Unfall 139603 (2020) Kat:2, Licht: 0","139603","2","2","5","06","16","2","0","0","0","1","0","0"
"POINT (13.311664543000063 52.546485243000063)","Unfall 139604 (2020) Kat:3, Licht: 0","139604","3","5","1","06","16","2","0","0","0","1","0","0"
"POINT (13.343650015000037 52.433583819000035)","Unfall 139605 (2020) Kat:3, Licht: 0","139605","3","5","0","06","08","3","0","0","0","1","0","0"
"POINT (13.613394826000047 52.498831942000038)","Unfall 139606 (2020) Kat:3, Licht: 0","139606","3","6","4","06","15","2","0","0","1","0","0","0"
"POINT (13.304691124000044 52.499483318000046)","Unfall 139607 (2020) Kat:3, Licht: 0","139607","3","6","2","06","15","3","0","0","0","1","0","0"
"POINT (13.181725114000074 52.534079949000045)","Unfall 139608 (2020) Kat:2, Licht: 0","139608","2","3","5","06","15","2","0","0","1","0","0","0"
"POINT (13.506633264000072 52.496952341000053)","Unfall 139609 (2020) Kat:3, Licht: 0","139609","3","7","8","06","11","5","0","0","0","0","0","0"
"POINT (13.478659228000026 52.517053333000035)","Unfall 139610 (2020) Kat:3, Licht: 1","139610","3","5","1","06","21","3","0","1","1","1","0","0"
"POINT (13.142041881000068 52.534862184000076)","Unfall 139611 (2020) Kat:3, Licht: 0","139611","3","7","6","06","09","3","0","0","1","0","1","0"
"POINT (13.316901584000050 52.587069436000036)","Unfall 139612 (2020) Kat:3, Licht: 0","139612","3","6","2","06","15","2","0","0","0","1","0","0"
"POINT (13.405839192000030 52.416311224000026)","Unfall 139613 (2020) Kat:3, Licht: 0","139613","3","3","5","06","15","5","0","0","0","1","0","0"
"POINT (13.426803736000068 52.494515703000047)","Unfall 139614 (2020) Kat:3, Licht: 0","139614","3","2","0","06","19","3","0","0","1","0","0","1"
"POINT (13.435275994000051 52.460302737000063)","Unfall 139615 (2020) Kat:3, Licht: 0","139615","3","2","5","06","14","2","0","0","0","1","0","0"
"POINT (13.390065250000077 52.398677146000068)","Unfall 139616 (2020) Kat:3, Licht: 0","139616","3","6","3","06","14","2","0","0","0","1","0","1"
"POINT (13.386726916000043 52.527380892000053)","Unfall 139617 (2020) Kat:3, Licht: 0","139617","3","6","3","06","14","2","0","0","1","1","0","0"
"POINT (13.361401336000029 52.481094524000071)","Unfall 139618 (2020) Kat:3, Licht: 0","139618","3","5","1","06","13","2","0","0","1","1","0","0"
"POINT (13.360666040000069 52.523354755000071)","Unfall 139619 (2020) Kat:3, Licht: 0","139619","3","2","5","06","19","3","0","0","0","1","0","1"
"POINT (13.311996755000052 52.567972046000079)","Unfall 139620 (2020) Kat:2, Licht: 0","139620","2","3","5","06","13","2","0","0","0","1","0","1"
"POINT (13.440889832000039 52.517933845000073)","Unfall 139621 (2020) Kat:2, Licht: 0","139621","2","5","0","06","13","2","0","0","1","1","0","0"
"POINT (13.441333167000039 52.568557799000075)","Unfall 139622 (2020) Kat:3, Licht: 0","139622","3","3","5","06","10","5","0","0","0","1","0","0"
"POINT (13.364233443000046 52.543628303000048)","Unfall 139623 (2020) Kat:3, Licht: 0","139623","3","4","6","06","18","3","0","0","1","0","1","0"
"POINT (13.333854488000043 52.417422470000076)","Unfall 139624 (2020) Kat:3, Licht: 0","139624","3","7","0","06","13","2","0","0","1","0","0","0"
"POINT (13.394994374000078 52.503137257000049)","Unfall 139625 (2020) Kat:2, Licht: 0","139625","2","3","5","06","12","2","0","0","1","1","0","0"
"POINT (13.362329216000035 52.499859938000043)","Unfall 139626 (2020) Kat:3, Licht: 0","139626","3","7","2","06","12","2","0","0","0","0","0","1"
"POINT (13.418940726000073 52.498882614000081)","Unfall 139627 (2020) Kat:3, Licht: 0","139627","3","2","5","06","20","2","0","0","1","1","0","0"
"POINT (13.256806152000024 52.429760247000047)","Unfall 139628 (2020) Kat:2, Licht: 0","139628","2","2","5","06","11","2","0","0","1","1","0","0"
"POINT (13.325043498000070 52.532328366000058)","Unfall 139629 (2020) Kat:3, Licht: 0","139629","3","2","5","06","18","3","0","0","0","1","0","1"
"POINT (13.388698632000057 52.500697421000041)","Unfall 139630 (2020) Kat:3, Licht: 0","139630","3","2","5","06","17","2","0","0","1","0","0","0"
"POINT (13.403228664000039 52.527439674000050)","Unfall 139631 (2020) Kat:3, Licht: 0","139631","3","4","6","06","10","2","0","0","1","0","1","0"
"POINT (13.619773521000070 52.539518565000037)","Unfall 139632 (2020) Kat:3, Licht: 0","139632","3","2","5","06","08","5","0","0","0","1","0","1"
"POINT (13.343673364000040 52.500328122000042)","Unfall 139633 (2020) Kat:3, Licht: 0","139633","3","6","3","06","18","3","0","0","1","0","0","0"
"POINT (13.133224698000049 52.526331438000057)","Unfall 139634 (2020) Kat:3, Licht: 0","139634","3","2","5","06","11","2","0","0","0","1","0","0"
"POINT (13.426574375000030 52.607785117000049)","Unfall 139635 (2020) Kat:3, Licht: 0","139635","3","2","0","06","10","2","0","0","0","1","0","0"