WKT,Name,OBJECTID,UKATEGORIE,UTYP1,UART,UMONAT,USTUNDE,UWOCHENTAG,STRZUSTAND,ULICHTVERH,ISTRAD,ISTPKW,ISTFUSS,ISTKRAD
"POINT (13.179934013000036 52.505653575000053)","Unfall 139636 (2020) Kat:2, Licht: 0","139636","2","6","4","06","10","2","0","0","0","1","0","0"
"POINT (13.351382984000054 52.509609428000033)","Unfall 139637 (2020) Kat:3, Licht: 0","139637","3","2","5","06","18","3","0","0","0","1","0","0"
"POINT (13.379493360000026 52.549818099000049)","Unfall 139638 (2020) Kat:3, Licht: 2","139638","3","3","5","06","21","4","0","2","0","1","0","0"
"POINT (13.403683858000022 52.494137946000080)","Unfall 139639 (2020) Kat:3, Licht: 0","139639","3","7","0","06","08","2","0","0","1","0","0","0"
"POINT (13.470885104000047 52.601453271000082)","Unfall 139640 (2020) Kat:1, Licht: 0","139640","1","2","5","06","16","2","0","0","0","1","0","1"
"POINT (13.392954252000038 52.491718150000054)","Unfall 139641 (2020) Kat:3, Licht: 0","139641","3","5","1","06","18","3","0","0","1","1","0","0"
"POINT (13.391355448000070 52.531920732000060)","Unfall 139642 (2020) Kat:3, Licht: 0","139642","3","1","0","06","19","4","0","0","1","0","0","0"
"POINT (13.463861226000063 52.571807524000064)","Unfall 139643 (2020) Kat:3, Licht: 0","139643","3","3","0","06","17","1","0","0","1","0","0","0"
"POINT (13.289431628000045 52.456750453000041)","Unfall 139644 (2020) Kat:3, Licht: 0","139644","3","2","5","06","18","1","0","0","1","0","0","1"
"POINT (13.358514925000065 52.434127456000056)","Unfall 139645 (2020) Kat:3, Licht: 0","139645","3","3","5","06","08","4","0","0","1","1","0","0"
"POINT (13.328673520000052 52.491459344000077)","Unfall 139646 (2020) Kat:3, Licht: 2","139646","3","7","2","06","22","1","0","2","1","1","0","0"
"POINT (13.504163453000047 52.630390849000037)","Unfall 139647 (2020) Kat:3, Licht: 0","139647","3","4","6","06","08","4","0","0","0","1","1","0"
"POINT (13.396055716000035 52.538327176000053)","Unfall 139648 (2020) Kat:3, Licht: 2","139648","3","2","5","06","22","1","0","2","1","1","0","0"
"POINT (13.386768051000047 52.521016732000078)","Unfall 139649 (2020) Kat:3, Licht: 0","139649","3","7","1","06","20","1","0","0","1","1","0","0"
"POINT (13.450261864000026 52.428119022000033)","Unfall 139650 (2020) Kat:2, Licht: 0","139650","2","6","4","06","18","3","0","0","0","1","0","1"
"POINT (13.447940539000058 52.471072690000028)","Unfall 139651 (2020) Kat:3, Licht: 0","139651","3","3","5","06","14","4","0","0","1","1","0","0"
"POINT (13.269564991000038 52.480890077000026)","Unfall 139652 (2020) Kat:3, Licht: 0","139652","3","5","1","06","20","1","0","0","1","1","0","0"
"POINT (13.288486953000074 52.465521884000054)","Unfall 139653 (2020) Kat:3, Licht: 0","139653","3","2","5","06","19","1","0","0","1","1","0","0"
"POINT (13.447333425000068 52.464273137000077)","Unfall 139654 (2020) Kat:3, Licht: 0","139654","3","2","5","06","08","4","0","0","0","1","0","0"
"POINT (13.457317129000046 52.422849384000074)","Unfall 139655 (2020) Kat:3, Licht: 0","139655","3","1","0","06","18","1","0","0","1","0","0","0"
"POINT (13.415168413000060 52.550471667000068)","Unfall 139656 (2020) Kat:3, Licht: 0","139656","3","5","1","06","17","1","0","0","1","1","0","0"
"POINT (13.350388667000061 52.536053509000055)","Unfall 139657 (2020) Kat:3, Licht: 0","139657","3","6","4","06","07","4","0","0","0","1","0","0"
"POINT (13.444584827000028 52.577317604000029)","Unfall 139658 (2020) Kat:2, Licht: 0","139658","2","1","9","06","18","1","0","0","0","1","0","0"
"POINT (13.519731872000023 52.526111845000059)","Unfall 139659 (2020) Kat:3, Licht: 0","139659","3","2","5","06","17","3","0","0","1","1","0","0"
"POINT (13.471563582000044 52.453429163000067)","Unfall 139660 (2020) Kat:2, Licht: 0","139660","2","7","5","06","16","1","0","0","0","1","0","1"
"POINT (13.581000459000052 52.442986745000042)","Unfall 139661 (2020) Kat:3, Licht: 2","139661","3","4","6","06","17","3","0","2","1","0","1","0"
"POINT (13.398456842000030 52.519736691000048)","Unfall 139662 (2020) Kat:3, Licht: 0","139662","3","1","0","06","15","1","0","0","0","0","0","0"
"POINT (13.327066431000048 52.508741746000055)","Unfall 139663 (2020) Kat:3, Licht: 0","139663","3","6","2","06","14","5","0","0","0","1","0","1"
"POINT (13.355006356000047 52.487108377000027)","Unfall 139664 (2020) Kat:3, Licht: 0","139664","3","5","0","06","17","3","0","0","0","1","0","0"
"POINT (13.364255470000046 52.485099016000049)","Unfall 139665 (2020) Kat:3, Licht: 0","139665","3","6","2","06","12","1","0","0","1","1","0","0"
"POINT (13.438233215000025 52.419721919000040)","Unfall 139666 (2020) Kat:3, Licht: 0","139666","3","1","2","06","07","4","0","0","0","1","0","1"
"POINT (13.395138582000072 52.514169596000045)","Unfall 139667 (2020) Kat:3, Licht: 0","139667","3","5","5","06","11","1","0","0","1","1","0","0"
"POINT (13.354025180000065 52.549249015000044)","Unfall 139668 (2020) Kat:3, Licht: 0","139668","3","6","2","06","11","1","0","0","0","1","0","0"
"POINT (13.232592923000027 52.527635296000028)","Unfall 139669 (2020) Kat:3, Licht: 0","139669","3","6","2","06","17","3","0","0","0","1","0","0"
"POINT (13.335759133000067 52.513659882000070)","Unfall 139670 (2020) Kat:3, Licht: 0","139670","3","2","5","06","16","1","0","0","1","0","0","0"
"POINT (13.394463937000069 52.491626661000055)","Unfall 139671 (2020) Kat:3, Licht: 2","139671","3","3","5","06","22","7","1","2","0","1","0","0"
"POINT (13.330957078000040 52.506792342000040)","Unfall 139672 (2020) Kat:3, Licht: 0","139672","3","6","2","06","17","3","0","0","0","1","0","1"
"POINT (13.428284385000040 52.493396507000057)","Unfall 139673 (2020) Kat:3, Licht: 2","139673","3","3","5","06","21","7","1","2","1","1","0","0"
"POINT (13.444067266000047 52.499969926000063)","Unfall 139674 (2020) Kat:2, Licht: 2","139674","2","4","6","06","21","7","1","2","0","1","1","0"
"POINT (13.171190629000023 52.520213462000072)","Unfall 139675 (2020) Kat:3, Licht: 0","139675","3","3","5","06","11","5","0","0","0","1","0","0"
"POINT (13.569993933000035 52.541167089000055)","Unfall 139676 (2020) Kat:3, Licht: 0","139676","3","6","2","06","16","3","0","0","0","1","0","0"
"POINT (13.426875688000052 52.488189705000082)","Unfall 139677 (2020) Kat:3, Licht: 2","139677","3","3","5","06","20","7","1","2","1","1","0","0"
"POINT (13.404147490000071 52.521802432000072)","Unfall 139678 (2020) Kat:3, Licht: 0","139678","3","2","5","06","05","4","0","0","1","1","0","0"
"POINT (13.283022376000076 52.587190101000033)","Unfall 139679 (2020) Kat:3, Licht: 1","139679","3","7","6","06","20","7","1","1","1","0","1","0"
"POINT (13.420805182000038 52.514553491000072)","Unfall 139680 (2020) Kat:3, Licht: 1","139680","3","1","0","06","19","7","1","1","1","0","0","0"
"POINT (13.370650505000071 52.564071140000067)","Unfall 139681 (2020) Kat:3, Licht: 0","139681","3","4","6","06","16","3","0","0","0","1","1","0"
"POINT (13.351736803000051 52.558676966000064)","Unfall 139682 (2020) Kat:2, Licht: 0","139682","2","6","2","06","14","4","0","0","0","1","0","1"
"POINT (13.635088698000061 52.529926639000053)","Unfall 139683 (2020) Kat:3, Licht: 1","139683","3","1","0","06","19","7","1","1","1","0","0","0"
"POINT (13.400245930000040 52.580381670000065)","Unfall 139684 (2020) Kat:3, Licht: 0","139684","3","6","0","06","18","7","1","0","0","1","0","1"
"POINT (13.443257850000066 52.545830631000058)","Unfall 139685 (2020) Kat:3, Licht: 0","139685","3","7","0","06","07","5","0","0","1","0","1","0"
"POINT (13.447882404000040 52.427253973000063)","Unfall 139686 (2020) Kat:3, Licht: 0","139686","3","5","1","06","09","3","0","0","0","1","0","0"
"POINT (13.542690566000033 52.434410830000047)","Unfall 139687 (2020) Kat:2, Licht: 0","139687","2","7","0","06","16","7","0","0","1","0","0","0"
"POINT (13.395238011000060 52.539143296000077)","Unfall 139688 (2020) Kat:2, Licht: 0","139688","2","1","0","06","16","7","1","0","0","0","0","1"
"POINT (13.401805704000026 52.529059145000076)","Unfall 139689 (2020) Kat:3, Licht: 0","139689","3","3","5","06","09","5","0","0","1","0","0","0"
"POINT (13.207208724000054 52.538881534000041)","Unfall 139690 (2020) Kat:3, Licht: 0","139690","3","6","2","06","09","3","0","0","0","1","0","0"
"POINT (13.304526102000068 52.527334884000027)","Unfall 139691 (2020) Kat:1, Licht: 0","139691","1","3","5","06","16","7","0","0","1","1","0","0"
"POINT (13.563382699000044 52.561321494000026)","Unfall 139692 (2020) Kat:2, Licht: 0","139692","2","6","2","06","14","7","1","0","0","1","0","0"
"POINT (13.350917391000053 52.530501266000044)","Unfall 139693 (2020) Kat:3, Licht: 0","139693","3","5","1","06","14","7","0","0","1","1","0","0"
"POINT (13.381306275000043 52.515464674000043)","Unfall 139694 (2020) Kat:3, Licht: 0","139694","3","1","0","06","16","3","0","0","1","0","0","0"
"POINT (13.376998952000065 52.556734307000056)","Unfall 139695 (2020) Kat:3, Licht: 0","139695","3","3","5","06","18","4","0","0","1","0","0","0"
"POINT (13.445508038000071 52.470860041000037)","Unfall 139696 (2020) Kat:3, Licht: 0","139696","3","7","5","06","14","7","0","0","1","1","0","0"
"POINT (13.375994901000070 52.548795525000060)","Unfall 139697 (2020) Kat:3, Licht: 0","139697","3","2","0","06","14","7","0","0","1","1","0","0"
"POINT (13.309659126000042 52.569213396000066)","Unfall 139698 (2020) Kat:3, Licht: 0","139698","3","2","5","06","18","4","0","0","1","1","0","0"
"POINT (13.386620073000074 52.559172951000050)","Unfall 139699 (2020) Kat:3, Licht: 0","139699","3","4","6","06","14","7","0","0","1","0","1","0"
"POINT (13.321461388000046 52.560395969000069)","Unfall 139700 (2020) Kat:3, Licht: 0","139700","3","6","2","06","17","4","0","0","0","1","0","1"
"POINT (13.567651078000040 52.440581697000027)","Unfall 139701 (2020) Kat:3, Licht: 0","139701","3","4","6","06","14","7","0","0","0","1","1","0"
"POINT (13.343169683000042 52.504682742000057)","Unfall 139702 (2020) Kat:3, Licht: 0","139702","3","3","5","06","13","7","0","0","1","1","0","0"
"POINT (13.375488085000029 52.537828263000051)","Unfall 139703 (2020) Kat:3, Licht: 0","139703","3","7","0","06","12","7","0","0","1","0","0","0"
"POINT (13.426422584000022 52.476944104000040)","Unfall 139704 (2020) Kat:3, Licht: 0","139704","3","7","5","06","11","7","0","0","0","1","0","1"
"POINT (13.432606611000040 52.557526771000028)","Unfall 139705 (2020) Kat:3, Licht: 0","139705","3","3","5","06","08","3","0","0","0","1","0","0"
"POINT (13.340483810000023 52.429999321000082)","Unfall 139706 (2020) Kat:2, Licht: 0","139706","2","6","2","06","13","4","0","0","1","1","0","0"
"POINT (13.299818386000027 52.599014411000041)","Unfall 139707 (2020) Kat:3, Licht: 0","139707","3","6","2","06","10","7","0","0","0","1","0","0"
"POINT (13.143316608000077 52.524245832000076)","Unfall 139708 (2020) Kat:2, Licht: 0","139708","2","3","5","06","11","7","0","0","0","1","0","1"
"POINT (13.332283340000060 52.417720997000060)","Unfall 139709 (2020) Kat:3, Licht: 0","139709","3","3","5","06","06","7","0","0","0","1","0","0"
"POINT (13.315655648000075 52.586575831000061)","Unfall 139710 (2020) Kat:2, Licht: 0","139710","2","2","5","06","15","3","0","0","0","1","0","1"
"POINT (13.388615506000065 52.518272236000030)","Unfall 139711 (2020) Kat:3, Licht: 2","139711","3","5","1","06","01","7","0","2","1","1","0","0"
"POINT (13.455732111000032 52.546256549000077)","Unfall 139712 (2020) Kat:2, Licht: 0","139712","2","5","1","06","14","3","0","0","1","0","0","0"
"POINT (13.359218254000041 52.546278330000064)","Unfall 139713 (2020) Kat:3, Licht: 2","139713","3","2","6","06","00","7","0","2","0","0","1","0"
"POINT (13.335410264000075 52.542059990000041)","Unfall 139714 (2020) Kat:3, Licht: 0","139714","3","2","0","06","12","5","0","0","1","1","0","0"
"POINT (13.376147285000059 52.458887796000056)","Unfall 139715 (2020) Kat:3, Licht: 0","139715","3","2","5","06","08","3","0","0","1","1","0","0"
"POINT (13.509923058000027 52.550466952000079)","Unfall 139716 (2020) Kat:3, Licht: 1","139716","3","2","3","06","17","7","1","1","1","1","0","0"
"POINT (13.417181281000069 52.512438944000053)","Unfall 139717 (2020) Kat:3, Licht: 0","139717","3","2","5","06","16","4","0","0","1","1","0","0"
"POINT (13.310884145000045 52.421337417000075)","Unfall 139718 (2020) Kat:3, Licht: 0","139718","3","6","6","06","15","5","0","0","1","0","1","0"
"POINT (13.391478266000036 52.489438861000053)","Unfall 139719 (2020) Kat:3, Licht: 0","139719","3","6","3","06","14","3","0","0","1","1","0","0"
"POINT (13.282258125000055 52.533774593000032)","Unfall 139720 (2020) Kat:2, Licht: 0","139720","2","2","5","06","13","6","0","0","1","0","0","0"
"POINT (13.395353856000042 52.528909602000056)","Unfall 139721 (2020) Kat:2, Licht: 0","139721","2","6","3","06","20","6","0","0","1","1","0","0"
"POINT (13.321823492000021 52.501960936000046)","Unfall 139722 (2020) Kat:3, Licht: 0","139722","3","7","0","06","19","6","1","0","1","0","0","0"
"POINT (13.436740626000073 52.481091215000049)","Unfall 139723 (2020) Kat:3, Licht: 0","139723","3","1","0","06","18","6","0","0","1","0","0","0"
"POINT (13.409078271000055 52.528322608000053)","Unfall 139724 (2020) Kat:3, Licht: 0","139724","3","1","0","06","08","3","0","0","1","0","0","0"
"POINT (13.321448357000065 52.570279314000061)","Unfall 139725 (2020) Kat:3, Licht: 0","139725","3","1","0","06","18","6","0","0","0","1","0","1"
"POINT (13.318024577000074 52.570742460000076)","Unfall 139726 (2020) Kat:3, Licht: 0","139726","3","3","5","06","18","6","0","0","0","1","0","0"
"POINT (13.485983928000053 52.433261031000029)","Unfall 139727 (2020) Kat:3, Licht: 0","139727","3","3","5","06","11","5","0","0","0","1","0","0"
"POINT (13.372206654000024 52.556688772000030)","Unfall 139728 (2020) Kat:3, Licht: 0","139728","3","3","5","06","15","3","0","0","1","1","0","0"
"POINT (13.283167240000068 52.416792209000050)","Unfall 139729 (2020) Kat:3, Licht: 0","139729","3","3","5","06","17","6","0","0","0","1","0","0"
"POINT (13.570448388000045 52.473527544000035)","Unfall 139730 (2020) Kat:3, Licht: 0","139730","3","3","5","06","17","6","0","0","0","1","0","0"
"POINT (13.178661797000075 52.549270959000069)","Unfall 139731 (2020) Kat:3, Licht: 0","139731","3","7","6","06","17","6","0","0","1","0","1","0"
"POINT (13.310921851000046 52.418127205000076)","Unfall 139732 (2020) Kat:3, Licht: 0","139732","3","6","2","06","14","3","0","0","1","1","0","0"
"POINT (13.360195716000021 52.602204764000078)","Unfall 139733 (2020) Kat:3, Licht: 0","139733","3","7","6","06","16","6","0","0","1","0","1","0"
"POINT (13.390710884000043 52.395338356000082)","Unfall 139734 (2020) Kat:3, Licht: 0","139734","3","5","1","06","15","6","0","0","1","1","0","0"
"POINT (13.372195273000045 52.546636901000056)","Unfall 139735 (2020) Kat:3, Licht: 0","139735","3","3","5","06","13","3","0","0","1","1","0","0"
"POINT (13.144319987000074 52.454191004000052)","Unfall 139736 (2020) Kat:3, Licht: 0","139736","3","6","2","06","08","6","0","0","1","1","0","0"
"POINT (13.431850297000040 52.487736541000061)","Unfall 139737 (2020) Kat:3, Licht: 0","139737","3","7","5","06","15","6","0","0","1","1","0","0"
"POINT (13.602152419000049 52.483413018000078)","Unfall 139738 (2020) Kat:1, Licht: 0","139738","1","4","6","06","09","5","0","0","1","0","1","0"
"POINT (13.574282572000072 52.452784056000041)","Unfall 139739 (2020) Kat:3, Licht: 0","139739","3","2","5","06","06","3","0","0","1","1","0","0"
"POINT (13.314649079000048 52.574641040000074)","Unfall 139740 (2020) Kat:3, Licht: 0","139740","3","6","2","06","14","6","0","0","0","1","0","0"
"POINT (13.376419660000067 52.553652731000057)","Unfall 139741 (2020) Kat:3, Licht: 0","139741","3","6","4","06","16","4","0","0","1","0","0","0"
"POINT (13.454579349000028 52.513862544000062)","Unfall 139742 (2020) Kat:3, Licht: 0","139742","3","6","3","06","14","6","0","0","1","1","0","0"
"POINT (13.387147255000059 52.522351985000057)","Unfall 139743 (2020) Kat:3, Licht: 0","139743","3","1","0","06","13","6","0","0","0","0","0","1"
"POINT (13.429995660000031 52.571722421000061)","Unfall 139744 (2020) Kat:3, Licht: 0","139744","3","3","5","06","06","3","0","0","0","1","0","0"
"POINT (13.404101099000059 52.439547120000043)","Unfall 139745 (2020) Kat:3, Licht: 0","139745","3","3","5","06","13","4","0","0","1","1","0","0"
"POINT (13.376688357000035 52.485033792000081)","Unfall 139746 (2020) Kat:2, Licht: 0","139746","2","2","5","06","13","6","0","0","1","0","0","0"
"POINT (13.401187628000059 52.510418480000055)","Unfall 139747 (2020) Kat:3, Licht: 0","139747","3","2","5","06","13","6","0","0","1","1","0","0"
"POINT (13.441033663000042 52.501555240000073)","Unfall 139748 (2020) Kat:3, Licht: 0","139748","3","7","5","06","12","6","0","0","0","1","0","1"
"POINT (13.372156202000042 52.538785167000071)","Unfall 139749 (2020) Kat:3, Licht: 0","139749","3","7","0","06","13","4","1","0","0","0","0","1"
"POINT (13.337949404000028 52.513673886000049)","Unfall 139750 (2020) Kat:3, Licht: 2","139750","3","2","5","06","23","6","0","2","0","1","0","1"
"POINT (13.411236871000028 52.567219685000055)","Unfall 139751 (2020) Kat:3, Licht: 2","139751","3","5","1","06","22","6","0","2","1","1","0","0"
"POINT (13.426474637000069 52.490167767000059)","Unfall 139752 (2020) Kat:3, Licht: 2","139752","3","1","1","06","23","4","0","2","0","1","0","1"
"POINT (13.313164014000051 52.543141406000075)","Unfall 139753 (2020) Kat:2, Licht: 2","139753","2","5","1","06","22","6","0","2","1","0","0","0"
"POINT (13.248434804000055 52.524342024000077)","Unfall 139754 (2020) Kat:3, Licht: 0","139754","3","2","5","06","12","6","0","0","1","0","0","0"
"POINT (13.359468830000026 52.523292217000062)","Unfall 139755 (2020) Kat:2, Licht: 0","139755","2","2","5","06","12","6","0","0","0","1","0","0"
"POINT (13.420663878000028 52.461340502000041)","Unfall 139756 (2020) Kat:3, Licht: 0","139756","3","3","5","06","05","3","0","0","1","1","0","0"
"POINT (13.458754262000070 52.506405868000058)","Unfall 139757 (2020) Kat:3, Licht: 0","139757","3","2","5","06","17","4","0","0","1","1","0","0"
"POINT (13.121972127000049 52.473128820000056)","Unfall 139758 (2020) Kat:3, Licht: 0","139758","3","2","5","06","20","6","0","0","0","1","0","1"
"POINT (13.600735837000059 52.477891792000037)","Unfall 139759 (2020) Kat:3, Licht: 0","139759","3","2","5","06","12","6","0","0","1","1","0","0"
"POINT (13.596688538000024 52.456620438000073)","Unfall 139760 (2020) Kat:3, Licht: 0","139760","3","5","1","06","12","6","0","0","1","1","0","0"
"POINT (13.443531151000059 52.525227458000074)","Unfall 139761 (2020) Kat:3, Licht: 0","139761","3","6","2","06","11","6","0","0","0","1","0","1"
"POINT (13.193863062000048 52.545677737000062)","Unfall 139762 (2020) Kat:2, Licht: 2","139762","2","3","5","06","00","3","0","2","1","1","0","0"
"POINT (13.388454205000073 52.518714764000038)","Unfall 139763 (2020) Kat:3, Licht: 0","139763","3","2","5","06","13","3","0","0","0","1","0","1"
"POINT (13.383433998000044 52.422766737000074)","Unfall 139764 (2020) Kat:3, Licht: 0","139764","3","5","1","06","11","6","0","0","0","1","0","0"
"POINT (13.519657021000057 52.505832474000044)","Unfall 139765 (2020) Kat:3, Licht: 0","139765","3","2","5","06","12","3","0","0","1","1","0","0"
"POINT (13.539538968000045 52.450817832000041)","Unfall 139766 (2020) Kat:2, Licht: 0","139766","2","4","6","06","10","6","0","0","0","1","1","0"
"POINT (13.342539075000047 52.518254440000078)","Unfall 139767 (2020) Kat:3, Licht: 0","139767","3","7","0","06","14","5","0","0","1","0","1","0"
"POINT (13.510132259000045 52.444105715000035)","Unfall 139768 (2020) Kat:3, Licht: 0","139768","3","6","2","06","12","3","0","0","0","1","0","0"
"POINT (13.624821987000075 52.527994016000036)","Unfall 139769 (2020) Kat:3, Licht: 0","139769","3","6","2","06","09","6","0","0","0","1","0","0"
"POINT (13.158984905000068 52.544237043000066)","Unfall 139770 (2020) Kat:3, Licht: 0","139770","3","5","1","06","08","6","0","0","0","1","0","0"
"POINT (13.562987071000066 52.514207303000035)","Unfall 139771 (2020) Kat:3, Licht: 0","139771","3","2","5","06","08","6","0","0","1","1","0","0"
"POINT (13.410400694000032 52.550965286000064)","Unfall 139772 (2020) Kat:2, Licht: 0","139772","2","2","5","06","07","6","0","0","1","1","0","0"
"POINT (13.438026848000050 52.500363581000045)","Unfall 139773 (2020) Kat:3, Licht: 0","139773","3","3","5","06","11","3","0","0","1","1","0","0"
"POINT (13.243955854000035 52.446160301000077)","Unfall 139774 (2020) Kat:3, Licht: 0","139774","3","2","5","06","06","6","0","0","1","1","0","0"
"POINT (13.430949325000029 52.554585354000039)","Unfall 139775 (2020) Kat:3, Licht: 0","139775","3","7","6","06","09","5","0","0","1","0","1","0"
"POINT (13.427598235000062 52.420899997000049)","Unfall 139776 (2020) Kat:3, Licht: 0","139776","3","2","6","06","10","5","0","0","0","1","1","0"
"POINT (13.507090216000051 52.410336575000031)","Unfall 139777 (2020) Kat:3, Licht: 0","139777","3","3","5","06","11","3","0","0","0","1","0","0"
"POINT (13.244254861000059 52.427344700000049)","Unfall 139778 (2020) Kat:2, Licht: 0","139778","2","1","0","06","07","5","1","0","1","0","0","0"
"POINT (13.401258425000037 52.414496567000072)","Unfall 139779 (2020) Kat:3, Licht: 0","139779","3","2","5","06","12","5","1","0","0","1","0","0"
"POINT (13.320903189000035 52.488650150000069)","Unfall 139780 (2020) Kat:3, Licht: 0","139780","3","2","5","06","11","5","1","0","1","1","0","0"
"POINT (13.468001779000076 52.509411192000073)","Unfall 139781 (2020) Kat:3, Licht: 0","139781","3","7","5","06","12","5","0","0","1","1","0","0"
"POINT (13.394011135000028 52.507908353000062)","Unfall 139782 (2020) Kat:3, Licht: 0","139782","3","7","0","06","11","3","0","0","1","1","0","0"
"POINT (13.327678942000034 52.495089681000081)","Unfall 139783 (2020) Kat:3, Licht: 0","139783","3","4","6","06","11","5","1","0","1","0","1","0"
"POINT (13.305845520000048 52.620397656000080)","Unfall 139784 (2020) Kat:3, Licht: 0","139784","3","3","5","06","09","5","1","0","1","1","0","0"
"POINT (13.323383615000068 52.491518128000052)","Unfall 139785 (2020) Kat:3, Licht: 0","139785","3","2","6","06","09","5","1","0","0","1","1","0"
"POINT (13.336522015000071 52.542127949000076)","Unfall 139786 (2020) Kat:3, Licht: 0","139786","3","2","5","06","10","3","0","0","1","1","0","0"
"POINT (13.284910889000059 52.495280824000076)","Unfall 139787 (2020) Kat:3, Licht: 0","139787","3","6","3","06","09","5","0","0","0","1","0","0"
"POINT (13.209829328000069 52.547989444000052)","Unfall 139788 (2020) Kat:3, Licht: 0","139788","3","4","6","06","09","5","1","0","0","1","1","0"
"POINT (13.306925073000059 52.472562776000075)","Unfall 139789 (2020) Kat:3, Licht: 0","139789","3","3","5","06","07","5","0","0","0","1","0","0"
"POINT (13.388887713000031 52.516676863000043)","Unfall 139790 (2020) Kat:2, Licht: 0","139790","2","7","0","06","10","3","0","0","1","0","0","0"
"POINT (13.306550027000071 52.477066749000073)","Unfall 139791 (2020) Kat:3, Licht: 0","139791","3","6","2","06","09","5","1","0","0","1","0","0"
"POINT (13.358593165000059 52.554153773000053)","Unfall 139792 (2020) Kat:3, Licht: 0","139792","3","2","5","06","09","5","1","0","1","0","0","0"
"POINT (13.379507135000040 52.445055720000028)","Unfall 139793 (2020) Kat:3, Licht: 1","139793","3","6","2","06","20","5","0","1","0","1","0","0"
"POINT (13.410490191000065 52.554107329000033)","Unfall 139794 (2020) Kat:3, Licht: 0","139794","3","6","0","06","08","5","1","0","0","0","0","1"
"POINT (13.447347496000077 52.464275781000026)","Unfall 139795 (2020) Kat:3, Licht: 0","139795","3","3","2","06","13","2","0","0","0","1","0","0"
"POINT (13.589573763000033 52.528116231000070)","Unfall 139796 (2020) Kat:3, Licht: 0","139796","3","6","2","06","12","4","0","0","0","1","0","0"
"POINT (13.387601152000059 52.493057329000067)","Unfall 139797 (2020) Kat:2, Licht: 0","139797","2","2","0","06","08","5","1","0","1","1","0","0"
"POINT (13.398540547000039 52.545277163000037)","Unfall 139798 (2020) Kat:3, Licht: 0","139798","3","5","1","06","07","5","1","0","1","1","0","0"
"POINT (13.455069892000040 52.551107818000048)","Unfall 139799 (2020) Kat:3, Licht: 0","139799","3","3","5","06","08","4","0","0","0","1","1","0"
"POINT (13.380125753000073 52.551372742000069)","Unfall 139800 (2020) Kat:3, Licht: 0","139800","3","5","1","06","16","4","0","0","1","1","0","0"
"POINT (13.404162815000063 52.393842635000055)","Unfall 139801 (2020) Kat:3, Licht: 0","139801","3","1","2","06","19","5","0","0","0","1","0","0"
"POINT (13.326168243000041 52.564569520000077)","Unfall 139802 (2020) Kat:3, Licht: 0","139802","3","5","1","06","15","4","0","0","1","1","0","0"
"POINT (13.351447579000023 52.571383507000064)","Unfall 139803 (2020) Kat:3, Licht: 0","139803","3","3","5","06","06","5","1","0","1","1","0","0"
"POINT (13.264570254000034 52.505637771000067)","Unfall 139804 (2020) Kat:3, Licht: 0","139804","3","7","5","06","19","5","0","0","0","1","0","0"
"POINT (13.188598791000061 52.534218417000034)","Unfall 139805 (2020) Kat:3, Licht: 0","139805","3","3","5","06","15","5","0","0","0","1","0","0"
"POINT (13.301249409000036 52.535661803000039)","Unfall 139806 (2020) Kat:2, Licht: 0","139806","2","7","6","06","15","2","0","0","1","0","1","0"
"POINT (13.390068774000042 52.547178077000069)","Unfall 139807 (2020) Kat:3, Licht: 0","139807","3","4","6","06","19","5","1","0","0","1","1","0"
"POINT (13.503974579000044 52.509424733000060)","Unfall 139808 (2020) Kat:3, Licht: 0","139808","3","3","5","06","19","5","1","0","1","1","0","0"
"POINT (13.299540380000053 52.519480051000073)","Unfall 139809 (2020) Kat:3, Licht: 0","139809","3","2","5","06","13","5","0","0","1","0","0","0"
"POINT (13.326111752000031 52.538345050000032)","Unfall 139810 (2020) Kat:3, Licht: 0","139810","3","2","5","06","18","2","0","0","1","1","0","0"
"POINT (13.446836104000056 52.502721224000027)","Unfall 139811 (2020) Kat:3, Licht: 0","139811","3","2","5","06","17","7","1","0","0","1","0","0"
"POINT (13.389664638000056 52.570191011000077)","Unfall 139812 (2020) Kat:3, Licht: 2","139812","3","7","0","06","23","7","0","2","1","0","0","0"
"POINT (13.431067356000028 52.467922123000051)","Unfall 139813 (2020) Kat:3, Licht: 0","139813","3","7","5","06","06","4","0","0","0","1","0","0"
"POINT (13.432556632000058 52.465323248000061)","Unfall 139814 (2020) Kat:3, Licht: 0","139814","3","7","5","06","20","5","0","0","0","1","0","0"
"POINT (13.365690103000077 52.420237364000059)","Unfall 139815 (2020) Kat:3, Licht: 0","139815","3","5","1","06","11","3","0","0","0","1","0","0"
"POINT (13.367279269000051 52.522480534000067)","Unfall 139816 (2020) Kat:3, Licht: 0","139816","3","3","5","06","16","7","1","0","0","1","0","0"
"POINT (13.285339797000063 52.589898829000049)","Unfall 139817 (2020) Kat:3, Licht: 0","139817","3","7","6","06","13","3","0","0","0","0","1","0"
"POINT (13.370475471000077 52.545339123000076)","Unfall 139818 (2020) Kat:3, Licht: 0","139818","3","2","6","06","16","7","1","0","0","1","1","0"
"POINT (13.561532212000031 52.501664230000074)","Unfall 139819 (2020) Kat:3, Licht: 0","139819","3","2","5","06","07","5","0","0","0","1","0","1"
"POINT (13.320267398000055 52.476689846000056)","Unfall 139820 (2020) Kat:3, Licht: 0","139820","3","3","5","06","14","6","1","0","0","1","0","0"
"POINT (13.207804597000063 52.538304547000052)","Unfall 139821 (2020) Kat:3, Licht: 0","139821","3","5","1","06","06","2","0","0","1","1","0","0"