WKT,Name,OBJECTID,UKATEGORIE,UTYP1,UART,UMONAT,USTUNDE,UWOCHENTAG,STRZUSTAND,ULICHTVERH,ISTRAD,ISTPKW,ISTFUSS,ISTKRAD
"POINT (13.376553077000040 52.543194850000077)","Unfall 139822 (2020) Kat:3, Licht: 0","139822","3","1","0","06","16","7","1","0","1","0","0","0"
"POINT (13.360558297000068 52.494280376000063)","Unfall 139823 (2020) Kat:2, Licht: 0","139823","2","1","0","06","19","4","0","0","0","0","0","0"
"POINT (13.345173816000056 52.539126838000072)","Unfall 139824 (2020) Kat:3, Licht: 0","139824","3","2","5","06","07","3","0","0","1","1","0","0"
"POINT (13.343388137000034 52.434911636000038)","Unfall 139825 (2020) Kat:3, Licht: 0","139825","3","2","5","06","18","3","0","0","1","1","0","0"
"POINT (13.325338108000039 52.503124193000076)","Unfall 139826 (2020) Kat:3, Licht: 0","139826","3","5","5","06","12","2","0","0","1","1","0","0"
"POINT (13.489855624000029 52.620701210000050)","Unfall 139827 (2020) Kat:3, Licht: 0","139827","3","2","2","06","16","7","1","0","0","1","0","0"
"POINT (13.231800784000029 52.437143058000061)","Unfall 139828 (2020) Kat:2, Licht: 0","139828","2","7","0","06","10","4","0","0","0","0","0","0"
"POINT (13.329314700000054 52.567270476000033)","Unfall 139829 (2020) Kat:3, Licht: 0","139829","3","7","6","06","13","6","0","0","1","0","1","0"
"POINT (13.334967855000059 52.495083529000055)","Unfall 139830 (2020) Kat:3, Licht: 0","139830","3","5","1","06","14","2","0","0","0","0","0","1"
"POINT (13.345472973000028 52.554531176000069)","Unfall 139831 (2020) Kat:3, Licht: 0","139831","3","6","2","06","15","7","1","0","0","1","0","0"
"POINT (13.305028600000071 52.488243386000079)","Unfall 139832 (2020) Kat:2, Licht: 0","139832","2","1","9","06","16","4","0","0","0","0","0","1"
"POINT (13.494167574000073 52.430725362000032)","Unfall 139833 (2020) Kat:2, Licht: 0","139833","2","1","0","06","17","3","0","0","1","0","0","0"
"POINT (13.303450679000036 52.458427570000026)","Unfall 139834 (2020) Kat:3, Licht: 0","139834","3","6","2","06","08","2","0","0","0","1","0","0"
"POINT (13.313727614000072 52.540225625000062)","Unfall 139835 (2020) Kat:3, Licht: 0","139835","3","7","1","06","15","7","1","0","0","1","0","0"
"POINT (13.529510024000047 52.400815459000057)","Unfall 139836 (2020) Kat:3, Licht: 2","139836","3","5","1","06","22","7","1","2","0","1","0","0"
"POINT (13.499596582000038 52.419574557000033)","Unfall 139837 (2020) Kat:3, Licht: 0","139837","3","3","5","06","09","4","0","0","1","1","0","0"
"POINT (13.436454121000054 52.455475134000039)","Unfall 139838 (2020) Kat:3, Licht: 0","139838","3","4","6","06","17","5","0","0","0","1","1","0"
"POINT (13.353619615000071 52.596551395000063)","Unfall 139839 (2020) Kat:2, Licht: 0","139839","2","5","1","06","15","1","0","0","0","1","0","0"
"POINT (13.345914999000058 52.498961659000031)","Unfall 139840 (2020) Kat:3, Licht: 0","139840","3","4","6","06","18","6","1","0","0","0","1","1"
"POINT (13.326246141000070 52.538018855000075)","Unfall 139841 (2020) Kat:3, Licht: 0","139841","3","2","5","06","10","2","0","0","0","1","0","0"
"POINT (13.412260219000075 52.493678966000061)","Unfall 139842 (2020) Kat:3, Licht: 2","139842","3","5","1","06","22","6","0","2","1","1","0","0"
"POINT (13.444721431000062 52.501161434000039)","Unfall 139843 (2020) Kat:3, Licht: 0","139843","3","7","5","06","10","4","0","0","1","0","0","0"
"POINT (13.306623948000038 52.555203246000076)","Unfall 139844 (2020) Kat:2, Licht: 0","139844","2","2","5","06","19","5","0","0","1","1","0","0"
"POINT (13.303956896000045 52.470622984000045)","Unfall 139845 (2020) Kat:3, Licht: 0","139845","3","3","5","06","11","2","0","0","1","0","0","0"
"POINT (13.502196699000024 52.481610772000067)","Unfall 139846 (2020) Kat:3, Licht: 0","139846","3","2","0","06","17","6","1","0","1","1","0","0"
"POINT (13.451945548000026 52.510703219000050)","Unfall 139847 (2020) Kat:3, Licht: 0","139847","3","2","5","06","13","4","0","0","0","1","0","0"
"POINT (13.365809334000062 52.552126321000060)","Unfall 139848 (2020) Kat:3, Licht: 0","139848","3","3","5","06","16","3","0","0","1","1","0","0"
"POINT (13.499219407000055 52.423360430000059)","Unfall 139849 (2020) Kat:3, Licht: 0","139849","3","3","5","06","17","2","0","0","1","1","0","0"
"POINT (13.442842794000057 52.483751293000068)","Unfall 139850 (2020) Kat:2, Licht: 0","139850","2","5","1","06","13","6","0","0","1","1","0","0"
"POINT (13.391244889000063 52.544526144000031)","Unfall 139851 (2020) Kat:3, Licht: 0","139851","3","6","2","06","18","7","1","0","0","1","0","0"
"POINT (13.387988192000023 52.492982762000054)","Unfall 139852 (2020) Kat:3, Licht: 0","139852","3","2","0","06","17","4","0","0","1","1","0","0"
"POINT (13.276575278000053 52.501662413000076)","Unfall 139853 (2020) Kat:3, Licht: 1","139853","3","7","0","06","21","5","0","1","0","0","0","1"
"POINT (13.562687179000022 52.456373136000082)","Unfall 139854 (2020) Kat:2, Licht: 0","139854","2","2","5","06","12","3","0","0","1","1","0","0"
"POINT (13.444461406000073 52.477095436000070)","Unfall 139855 (2020) Kat:3, Licht: 0","139855","3","2","5","06","12","6","0","0","1","1","0","0"
"POINT (13.388741448000076 52.517548887000032)","Unfall 139856 (2020) Kat:3, Licht: 0","139856","3","6","0","06","12","4","0","0","1","1","0","0"
"POINT (13.395898200000033 52.496110679000026)","Unfall 139857 (2020) Kat:3, Licht: 0","139857","3","1","8","06","15","3","0","0","1","1","0","0"
"POINT (13.436409691000051 52.423888869000052)","Unfall 139858 (2020) Kat:3, Licht: 0","139858","3","5","1","06","12","5","0","0","0","1","0","0"
"POINT (13.313720224000065 52.500795102000041)","Unfall 139859 (2020) Kat:3, Licht: 0","139859","3","6","2","06","16","6","0","0","1","1","0","0"
"POINT (13.444167457000049 52.565256549000026)","Unfall 139860 (2020) Kat:2, Licht: 0","139860","2","3","5","06","17","2","0","0","1","0","0","1"
"POINT (13.436535020000065 52.523470977000045)","Unfall 139861 (2020) Kat:3, Licht: 0","139861","3","7","0","06","12","6","0","0","0","1","1","0"
"POINT (13.330234970000049 52.490842371000042)","Unfall 139862 (2020) Kat:3, Licht: 0","139862","3","7","2","06","18","7","1","0","0","1","0","1"
"POINT (13.358635440000057 52.562010381000050)","Unfall 139863 (2020) Kat:3, Licht: 0","139863","3","5","0","06","14","4","0","0","0","1","0","0"
"POINT (13.330615645000023 52.487322134000067)","Unfall 139864 (2020) Kat:3, Licht: 0","139864","3","7","6","06","14","5","0","0","1","0","1","0"
"POINT (13.257044550000046 52.519197989000077)","Unfall 139865 (2020) Kat:3, Licht: 0","139865","3","6","3","06","09","3","0","0","0","1","0","1"
"POINT (13.343336970000053 52.528780769000036)","Unfall 139866 (2020) Kat:3, Licht: 2","139866","3","2","2","06","23","6","0","2","1","1","0","0"
"POINT (13.423622279000028 52.490380599000048)","Unfall 139867 (2020) Kat:3, Licht: 0","139867","3","6","2","06","10","3","0","0","0","1","0","0"
"POINT (13.325442040000041 52.505715600000030)","Unfall 139868 (2020) Kat:3, Licht: 0","139868","3","6","0","06","18","6","0","0","0","1","0","0"
"POINT (13.332742735000068 52.595389104000049)","Unfall 139869 (2020) Kat:3, Licht: 0","139869","3","2","2","06","14","5","0","0","1","1","0","0"
"POINT (13.370738226000071 52.444748412000081)","Unfall 139870 (2020) Kat:3, Licht: 0","139870","3","3","0","06","14","6","1","0","1","1","0","0"
"POINT (13.721803723000050 52.420315420000065)","Unfall 139871 (2020) Kat:3, Licht: 0","139871","3","6","3","06","15","2","0","0","1","0","0","0"
"POINT (13.428081331000044 52.552169938000077)","Unfall 139872 (2020) Kat:3, Licht: 1","139872","3","2","0","06","21","6","0","1","1","1","0","0"
"POINT (13.310360300000070 52.479009764000068)","Unfall 139873 (2020) Kat:3, Licht: 0","139873","3","2","5","06","14","3","0","0","1","1","0","0"
"POINT (13.457530700000063 52.486418610000044)","Unfall 139874 (2020) Kat:3, Licht: 0","139874","3","1","0","06","19","6","1","0","1","0","0","0"
"POINT (13.310610459000031 52.467833211000027)","Unfall 139875 (2020) Kat:3, Licht: 0","139875","3","6","2","06","10","5","0","0","0","1","0","0"
"POINT (13.575047608000034 52.560112385000082)","Unfall 139876 (2020) Kat:2, Licht: 0","139876","2","3","5","06","15","6","0","0","1","1","0","0"
"POINT (13.569360042000028 52.441700076000075)","Unfall 139877 (2020) Kat:3, Licht: 0","139877","3","6","4","06","17","2","0","0","1","0","0","0"
"POINT (13.326721245000044 52.491382901000065)","Unfall 139878 (2020) Kat:3, Licht: 1","139878","3","5","1","06","19","6","1","1","0","1","0","1"
"POINT (13.394317246000071 52.528656965000039)","Unfall 139879 (2020) Kat:3, Licht: 1","139879","3","6","2","06","21","4","0","1","0","1","0","1"
"POINT (13.642328586000076 52.478310554000075)","Unfall 139880 (2020) Kat:3, Licht: 0","139880","3","6","2","06","14","5","0","0","0","1","0","0"
"POINT (13.470162631000051 52.477508409000052)","Unfall 139881 (2020) Kat:2, Licht: 0","139881","2","6","2","06","07","3","0","0","0","1","0","0"
"POINT (13.376127130000043 52.458030544000053)","Unfall 139882 (2020) Kat:3, Licht: 0","139882","3","6","2","06","19","2","0","0","0","1","0","0"
"POINT (13.377276702000074 52.553840373000071)","Unfall 139883 (2020) Kat:3, Licht: 0","139883","3","3","4","06","19","6","1","0","1","0","0","0"
"POINT (13.449761036000041 52.479355076000047)","Unfall 139884 (2020) Kat:3, Licht: 0","139884","3","4","6","06","11","4","0","0","0","1","1","0"
"POINT (13.359062844000050 52.546257135000076)","Unfall 139885 (2020) Kat:3, Licht: 0","139885","3","2","5","06","19","5","0","0","1","1","0","0"
"POINT (13.430880248000051 52.512126346000059)","Unfall 139886 (2020) Kat:3, Licht: 0","139886","3","1","0","06","13","2","0","0","1","0","0","0"
"POINT (13.380953118000036 52.441889056000036)","Unfall 139887 (2020) Kat:3, Licht: 0","139887","3","2","5","06","18","6","0","0","1","1","0","0"
"POINT (13.490636162000044 52.450442611000028)","Unfall 139888 (2020) Kat:2, Licht: 0","139888","2","6","2","06","15","4","0","0","0","1","0","1"
"POINT (13.526728771000023 52.409445206000044)","Unfall 139889 (2020) Kat:3, Licht: 0","139889","3","3","5","06","17","3","0","0","1","0","0","0"
"POINT (13.457780283000034 52.512772655000049)","Unfall 139890 (2020) Kat:3, Licht: 0","139890","3","2","5","06","18","4","0","0","1","1","0","0"
"POINT (13.583255232000056 52.549298728000053)","Unfall 139891 (2020) Kat:3, Licht: 0","139891","3","2","0","06","06","3","0","0","1","1","0","0"
"POINT (13.470340996000061 52.539983651000057)","Unfall 139892 (2020) Kat:2, Licht: 0","139892","2","2","5","06","10","2","0","0","0","1","0","1"
"POINT (13.426706231000026 52.487274568000032)","Unfall 139893 (2020) Kat:3, Licht: 0","139893","3","6","2","06","18","6","0","0","0","1","0","0"
"POINT (13.259746768000070 52.429633325000054)","Unfall 139894 (2020) Kat:3, Licht: 0","139894","3","2","5","06","09","4","0","0","0","1","0","0"
"POINT (13.426003128000048 52.499252848000026)","Unfall 139895 (2020) Kat:3, Licht: 0","139895","3","6","3","06","18","5","0","0","1","0","0","0"
"POINT (13.408617204000052 52.537511694000045)","Unfall 139896 (2020) Kat:3, Licht: 1","139896","3","7","0","06","21","1","0","1","1","1","0","0"
"POINT (13.293973342000072 52.533487836000063)","Unfall 139897 (2020) Kat:3, Licht: 0","139897","3","6","3","06","17","6","1","0","0","1","0","0"
"POINT (13.307908502000032 52.488597226000081)","Unfall 139898 (2020) Kat:3, Licht: 0","139898","3","2","5","06","13","4","0","0","0","1","0","1"
"POINT (13.472092768000039 52.547575344000052)","Unfall 139899 (2020) Kat:2, Licht: 0","139899","2","6","3","06","19","3","0","0","1","0","0","0"
"POINT (13.416522185000076 52.394608836000032)","Unfall 139900 (2020) Kat:3, Licht: 0","139900","3","4","6","06","18","2","0","0","0","1","1","0"
"POINT (13.447861979000038 52.548438695000073)","Unfall 139901 (2020) Kat:3, Licht: 0","139901","3","5","1","06","17","6","0","0","1","1","0","0"
"POINT (13.430419456000038 52.499211528000046)","Unfall 139902 (2020) Kat:3, Licht: 0","139902","3","3","5","06","15","7","1","0","1","1","0","0"
"POINT (13.383319938000056 52.559499058000029)","Unfall 139903 (2020) Kat:2, Licht: 0","139903","2","7","6","06","15","2","0","0","0","0","1","0"
"POINT (13.410439467000060 52.503792191000059)","Unfall 139904 (2020) Kat:3, Licht: 0","139904","3","2","5","06","16","6","1","0","1","1","0","0"
"POINT (13.401698236000072 52.587327371000072)","Unfall 139905 (2020) Kat:3, Licht: 0","139905","3","2","5","06","15","7","1","0","1","1","0","0"
"POINT (13.557096483000066 52.534205367000027)","Unfall 139906 (2020) Kat:3, Licht: 0","139906","3","2","5","06","08","4","0","0","0","1","0","0"
"POINT (13.429631022000024 52.554592175000039)","Unfall 139907 (2020) Kat:3, Licht: 0","139907","3","4","6","06","16","5","0","0","0","1","1","0"
"POINT (13.527002457000037 52.437797325000076)","Unfall 139908 (2020) Kat:2, Licht: 0","139908","2","2","5","06","14","1","0","0","0","1","0","0"
"POINT (13.376606019000064 52.489408756000046)","Unfall 139909 (2020) Kat:3, Licht: 0","139909","3","2","5","06","19","3","0","0","1","1","0","0"
"POINT (13.426216346000047 52.548552387000029)","Unfall 139910 (2020) Kat:2, Licht: 0","139910","2","3","5","06","11","1","0","0","1","1","0","0"
"POINT (13.331410514000027 52.453514335000079)","Unfall 139911 (2020) Kat:3, Licht: 0","139911","3","6","2","06","14","3","0","0","0","1","0","0"
"POINT (13.404498231000048 52.400295719000042)","Unfall 139912 (2020) Kat:3, Licht: 0","139912","3","7","2","06","12","5","0","0","1","1","0","0"
"POINT (13.283649955000044 52.451994009000032)","Unfall 139913 (2020) Kat:3, Licht: 0","139913","3","5","1","06","15","6","1","0","1","1","0","0"
"POINT (13.338870961000055 52.464967777000027)","Unfall 139914 (2020) Kat:3, Licht: 0","139914","3","2","5","06","17","2","0","0","1","1","0","0"
"POINT (13.312468921000061 52.517750344000035)","Unfall 139915 (2020) Kat:2, Licht: 0","139915","2","4","6","06","16","6","0","0","0","1","1","0"
"POINT (13.428611301000046 52.581595481000079)","Unfall 139916 (2020) Kat:3, Licht: 0","139916","3","2","0","06","14","7","1","0","0","1","0","1"
"POINT (13.390316120000023 52.535592957000063)","Unfall 139917 (2020) Kat:2, Licht: 2","139917","2","1","0","06","22","4","0","2","1","0","0","0"
"POINT (13.548128853000037 52.432045259000063)","Unfall 139918 (2020) Kat:3, Licht: 0","139918","3","3","0","06","15","5","0","0","0","1","0","1"
"POINT (13.446690000000046 52.468218487000058)","Unfall 139919 (2020) Kat:3, Licht: 0","139919","3","7","5","06","10","1","0","0","1","1","0","0"
"POINT (13.392058024000050 52.523428707000051)","Unfall 139920 (2020) Kat:3, Licht: 0","139920","3","2","2","06","09","3","0","0","0","1","0","1"
"POINT (13.434569395000040 52.479253150000034)","Unfall 139921 (2020) Kat:3, Licht: 0","139921","3","7","0","06","07","4","0","0","0","1","0","0"
"POINT (13.406064637000043 52.463720041000045)","Unfall 139922 (2020) Kat:2, Licht: 0","139922","2","5","1","06","20","5","0","0","0","1","0","1"
"POINT (13.409367937000070 52.498534247000066)","Unfall 139923 (2020) Kat:3, Licht: 0","139923","3","6","2","06","20","1","0","0","0","1","0","0"
"POINT (13.430405214000075 52.452313538000055)","Unfall 139924 (2020) Kat:3, Licht: 0","139924","3","6","3","06","11","3","0","0","0","1","0","0"
"POINT (13.169141051000054 52.520646143000079)","Unfall 139925 (2020) Kat:3, Licht: 0","139925","3","7","6","06","13","6","0","0","1","0","1","0"
"POINT (13.598737578000055 52.537503239000046)","Unfall 139926 (2020) Kat:3, Licht: 0","139926","3","4","6","06","13","3","0","0","1","0","1","0"
"POINT (13.432052186000021 52.499334507000071)","Unfall 139927 (2020) Kat:3, Licht: 0","139927","3","2","5","06","15","6","1","0","1","1","0","0"
"POINT (13.309110965000059 52.467578468000056)","Unfall 139928 (2020) Kat:3, Licht: 0","139928","3","2","5","06","08","5","0","0","1","0","0","0"
"POINT (13.355612551000036 52.519717004000029)","Unfall 139929 (2020) Kat:3, Licht: 0","139929","3","2","5","06","14","6","0","0","1","1","0","0"
"POINT (13.420796908000057 52.554219953000029)","Unfall 139930 (2020) Kat:3, Licht: 0","139930","3","5","0","06","06","2","0","0","0","0","0","1"
"POINT (13.359337488000051 52.409024900000077)","Unfall 139931 (2020) Kat:3, Licht: 0","139931","3","3","5","06","14","6","0","0","1","1","0","0"
"POINT (13.426205448000076 52.548660591000043)","Unfall 139932 (2020) Kat:3, Licht: 0","139932","3","3","5","06","19","4","0","0","0","1","0","1"
"POINT (13.428089029000034 52.493156828000053)","Unfall 139933 (2020) Kat:3, Licht: 0","139933","3","5","0","06","18","1","0","0","1","0","0","0"
"POINT (13.266783557000053 52.512565098000039)","Unfall 139934 (2020) Kat:3, Licht: 0","139934","3","6","2","06","07","3","0","0","0","1","0","0"
"POINT (13.514242008000053 52.535146772000076)","Unfall 139935 (2020) Kat:3, Licht: 0","139935","3","6","2","06","11","2","0","0","0","1","0","1"
"POINT (13.268271087000073 52.406471349000071)","Unfall 139936 (2020) Kat:3, Licht: 0","139936","3","3","5","06","14","6","0","0","1","1","0","0"
"POINT (13.302416360000052 52.419921054000042)","Unfall 139937 (2020) Kat:3, Licht: 0","139937","3","1","9","06","11","4","0","0","0","0","0","1"
"POINT (13.333243606000053 52.506576932000030)","Unfall 139938 (2020) Kat:3, Licht: 0","139938","3","6","3","06","11","2","0","0","1","0","0","0"
"POINT (13.295768281000051 52.530392395000035)","Unfall 139939 (2020) Kat:3, Licht: 0","139939","3","3","5","06","14","6","0","0","0","1","0","0"
"POINT (13.386534792000077 52.527743445000056)","Unfall 139940 (2020) Kat:3, Licht: 0","139940","3","1","0","06","11","4","0","0","1","0","0","0"
"POINT (13.335692525000070 52.485874171000034)","Unfall 139941 (2020) Kat:3, Licht: 0","139941","3","1","0","06","13","6","0","0","0","0","0","1"
"POINT (13.207604690000039 52.532699760000071)","Unfall 139942 (2020) Kat:3, Licht: 0","139942","3","1","0","06","14","2","0","0","0","0","0","1"
"POINT (13.563422506000052 52.445719226000051)","Unfall 139943 (2020) Kat:2, Licht: 0","139943","2","2","0","06","13","6","0","0","0","1","0","0"
"POINT (13.314370502000031 52.574582573000043)","Unfall 139944 (2020) Kat:2, Licht: 0","139944","2","3","5","06","17","4","0","0","0","1","0","1"
"POINT (13.334954932000073 52.556504500000074)","Unfall 139945 (2020) Kat:3, Licht: 0","139945","3","3","5","06","19","1","0","0","1","1","0","0"
"POINT (13.476522326000065 52.437961050000069)","Unfall 139946 (2020) Kat:3, Licht: 0","139946","3","5","1","06","17","3","0","0","1","1","0","0"
"POINT (13.417094398000074 52.525948916000061)","Unfall 139947 (2020) Kat:3, Licht: 0","139947","3","1","0","06","09","2","0","0","1","0","0","0"
"POINT (13.293120864000059 52.534361881000052)","Unfall 139948 (2020) Kat:3, Licht: 0","139948","3","1","0","06","10","6","0","0","0","0","0","1"
"POINT (13.508107607000056 52.564479859000073)","Unfall 139949 (2020) Kat:3, Licht: 0","139949","3","6","3","06","13","7","1","0","0","0","0","1"
"POINT (13.434844619000046 52.532219891000068)","Unfall 139950 (2020) Kat:3, Licht: 0","139950","3","7","6","06","09","4","0","0","1","0","1","0"
"POINT (13.338075188000062 52.451367486000038)","Unfall 139951 (2020) Kat:3, Licht: 0","139951","3","6","0","06","18","5","0","0","0","1","0","1"
"POINT (13.685800350000022 52.442831289000026)","Unfall 139952 (2020) Kat:3, Licht: 0","139952","3","2","5","06","15","1","0","0","1","1","0","0"
"POINT (13.555856930000061 52.399296741000057)","Unfall 139953 (2020) Kat:3, Licht: 0","139953","3","3","5","06","10","6","0","0","0","1","0","0"
"POINT (13.357657868000047 52.500605801000063)","Unfall 139954 (2020) Kat:3, Licht: 0","139954","3","6","3","06","12","4","0","0","1","0","0","0"
"POINT (13.324837382000055 52.521805993000044)","Unfall 139955 (2020) Kat:3, Licht: 0","139955","3","7","1","06","19","5","0","0","0","1","0","1"
"POINT (13.503376292000041 52.636608692000038)","Unfall 139956 (2020) Kat:3, Licht: 0","139956","3","3","0","06","14","2","0","0","0","1","0","1"
"POINT (13.479365215000030 52.520406861000026)","Unfall 139957 (2020) Kat:3, Licht: 0","139957","3","6","3","06","09","6","0","0","1","1","0","0"
"POINT (13.443834075000041 52.503609328000039)","Unfall 139958 (2020) Kat:3, Licht: 0","139958","3","6","2","06","14","4","0","0","0","1","0","0"
"POINT (13.662454647000061 52.411626245000036)","Unfall 139959 (2020) Kat:3, Licht: 0","139959","3","3","2","06","16","3","0","0","1","1","0","0"
"POINT (13.288965691000044 52.423024464000036)","Unfall 139960 (2020) Kat:2, Licht: 1","139960","2","1","0","06","21","2","0","1","0","0","0","1"
"POINT (13.341014031000043 52.551594690000059)","Unfall 139961 (2020) Kat:3, Licht: 0","139961","3","4","6","06","07","6","0","0","0","1","1","0"
"POINT (13.341659551000077 52.502067773000078)","Unfall 139962 (2020) Kat:3, Licht: 0","139962","3","7","0","06","11","7","0","0","0","0","1","0"
"POINT (13.271504757000059 52.573586210000030)","Unfall 139963 (2020) Kat:2, Licht: 0","139963","2","7","0","06","07","4","0","0","0","1","0","0"
"POINT (13.448068895000063 52.549244131000080)","Unfall 139964 (2020) Kat:3, Licht: 0","139964","3","7","7","06","20","5","0","0","1","0","0","0"
"POINT (13.571545751000031 52.436211019000041)","Unfall 139965 (2020) Kat:2, Licht: 0","139965","2","1","0","06","17","1","0","0","1","0","0","0"
"POINT (13.516001930000073 52.546345983000037)","Unfall 139966 (2020) Kat:2, Licht: 0","139966","2","7","5","06","12","3","0","0","0","1","0","0"
"POINT (13.408377277000056 52.500658119000036)","Unfall 139967 (2020) Kat:3, Licht: 0","139967","3","5","1","06","10","7","1","0","1","1","0","0"
"POINT (13.401267519000044 52.446131541000057)","Unfall 139968 (2020) Kat:3, Licht: 0","139968","3","6","2","06","14","3","0","0","0","1","0","0"
"POINT (13.326113780000071 52.575713938000035)","Unfall 139969 (2020) Kat:3, Licht: 0","139969","3","1","0","06","11","5","0","0","0","0","0","1"
"POINT (13.305943238000054 52.506708236000065)","Unfall 139970 (2020) Kat:3, Licht: 0","139970","3","6","0","06","16","6","0","0","0","1","0","0"
"POINT (13.384813376000068 52.446769367000059)","Unfall 139971 (2020) Kat:2, Licht: 0","139971","2","7","1","06","19","3","0","0","0","1","0","0"
"POINT (13.494710495000049 52.418413078000071)","Unfall 139972 (2020) Kat:3, Licht: 0","139972","3","3","5","06","13","5","0","0","1","1","0","0"
"POINT (13.615696793000041 52.484796839000069)","Unfall 139973 (2020) Kat:3, Licht: 0","139973","3","3","5","06","17","6","0","0","0","1","0","1"
"POINT (13.520397867000042 52.460997936000069)","Unfall 139974 (2020) Kat:3, Licht: 0","139974","3","5","1","06","18","2","0","0","1","1","0","0"
"POINT (13.371095831000048 52.511110368000061)","Unfall 139975 (2020) Kat:3, Licht: 0","139975","3","2","5","06","06","6","0","0","0","1","0","1"
"POINT (13.365861721000044 52.459738529000049)","Unfall 139976 (2020) Kat:3, Licht: 0","139976","3","5","1","06","13","7","1","0","0","1","0","1"
"POINT (13.360702686000025 52.545437898000046)","Unfall 139977 (2020) Kat:3, Licht: 2","139977","3","3","5","06","00","4","0","2","0","1","0","0"
"POINT (13.378517274000046 52.544713382000054)","Unfall 139978 (2020) Kat:3, Licht: 0","139978","3","2","6","06","16","5","0","0","0","1","1","0"
"POINT (13.422294855000075 52.505449079000073)","Unfall 139979 (2020) Kat:3, Licht: 0","139979","3","3","5","06","11","3","0","0","1","1","0","0"
"POINT (13.575320552000051 52.447509739000054)","Unfall 139980 (2020) Kat:3, Licht: 0","139980","3","1","0","06","11","6","0","0","1","0","0","0"
"POINT (13.352164373000051 52.505519222000032)","Unfall 139981 (2020) Kat:3, Licht: 0","139981","3","3","5","06","12","3","0","0","0","1","0","0"
"POINT (13.503838247000033 52.411410081000042)","Unfall 139982 (2020) Kat:3, Licht: 0","139982","3","6","2","06","12","6","0","0","0","1","0","0"
"POINT (13.325049209000042 52.588780626000073)","Unfall 139983 (2020) Kat:3, Licht: 0","139983","3","5","1","06","12","5","0","0","0","1","0","0"
"POINT (13.295987412000045 52.438104274000068)","Unfall 139984 (2020) Kat:3, Licht: 0","139984","3","3","5","06","14","6","1","0","0","1","0","0"
"POINT (13.326141886000073 52.427869689000033)","Unfall 139985 (2020) Kat:3, Licht: 0","139985","3","6","2","06","15","2","0","0","0","1","0","0"
"POINT (13.209823467000035 52.547899065000081)","Unfall 139986 (2020) Kat:3, Licht: 0","139986","3","2","5","06","12","6","0","0","1","1","0","0"
"POINT (13.345785528000022 52.450120370000036)","Unfall 139987 (2020) Kat:3, Licht: 0","139987","3","7","5","06","19","4","0","0","0","1","0","1"
"POINT (13.502594399000031 52.555737424000029)","Unfall 139988 (2020) Kat:3, Licht: 0","139988","3","3","5","06","12","7","0","0","1","1","0","0"
"POINT (13.446829321000052 52.564883241000075)","Unfall 139989 (2020) Kat:3, Licht: 0","139989","3","6","1","06","16","2","0","0","1","1","0","0"
"POINT (13.298129234000044 52.441666064000060)","Unfall 139990 (2020) Kat:3, Licht: 0","139990","3","2","5","06","11","6","0","0","0","1","0","0"
"POINT (13.241010891000030 52.432153617000040)","Unfall 139991 (2020) Kat:3, Licht: 2","139991","3","2","5","06","22","4","0","2","1","0","0","1"
"POINT (13.302511335000077 52.414738638000074)","Unfall 139992 (2020) Kat:3, Licht: 0","139992","3","6","2","06","14","5","0","0","0","1","0","0"
"POINT (13.395907040000054 52.538237556000070)","Unfall 139993 (2020) Kat:3, Licht: 0","139993","3","2","5","06","08","3","0","0","1","1","0","0"
"POINT (13.433618694000074 52.482077806000063)","Unfall 139994 (2020) Kat:3, Licht: 2","139994","3","2","5","06","22","2","0","2","1","1","0","0"
"POINT (13.562984479000022 52.514198605000047)","Unfall 139995 (2020) Kat:3, Licht: 0","139995","3","2","0","06","17","5","0","0","1","1","0","0"
"POINT (13.416361626000025 52.519961500000079)","Unfall 139996 (2020) Kat:3, Licht: 0","139996","3","2","5","06","19","4","0","0","1","1","0","0"
"POINT (13.569740174000060 52.441948830000058)","Unfall 139997 (2020) Kat:3, Licht: 0","139997","3","6","3","06","16","5","0","0","0","1","0","0"
"POINT (13.363784218000035 52.543535215000077)","Unfall 139998 (2020) Kat:3, Licht: 0","139998","3","3","5","06","13","2","0","0","0","1","0","0"
"POINT (13.410474485000066 52.503815514000053)","Unfall 139999 (2020) Kat:3, Licht: 2","139999","3","1","0","06","01","5","1","2","1","0","0","0"
"POINT (13.479886467000028 52.470660947000056)","Unfall 140000 (2020) Kat:3, Licht: 0","140000","3","1","0","06","16","4","0","0","0","0","0","1"
"POINT (13.402595190000056 52.565531763000081)","Unfall 140001 (2020) Kat:3, Licht: 0","140001","3","1","2","06","17","3","0","0","1","1","0","0"
"POINT (13.322871606000035 52.517468384000040)","Unfall 140002 (2020) Kat:3, Licht: 0","140002","3","7","5","06","08","2","0","0","0","1","0","1"
"POINT (13.255879761000074 52.439191352000080)","Unfall 140003 (2020) Kat:3, Licht: 0","140003","3","7","0","06","15","5","0","0","1","0","0","0"
"POINT (13.403996358000029 52.581456209000066)","Unfall 140004 (2020) Kat:3, Licht: 0","140004","3","3","5","06","07","3","0","0","1","0","0","0"
"POINT (13.309287761000064 52.492055895000078)","Unfall 140005 (2020) Kat:3, Licht: 0","140005","3","3","5","06","10","2","0","0","1","1","0","0"
"POINT (13.593504445000065 52.439750330000038)","Unfall 140006 (2020) Kat:2, Licht: 1","140006","2","7","0","06","21","5","0","1","1","0","0","0"
"POINT (13.405045911000059 52.427896116000056)","Unfall 140007 (2020) Kat:3, Licht: 0","140007","3","1","8","06","10","4","0","0","0","1","1","0"