WKT,Name,OBJECTID,UKATEGORIE,UTYP1,UART,UMONAT,USTUNDE,UWOCHENTAG,STRZUSTAND,ULICHTVERH,ISTRAD,ISTPKW,ISTFUSS,ISTKRAD
"POINT (13.318388559000027 52.506106664000072)","Unfall 140193 (2020) Kat:3, Licht: 2","140193","3","5","1","07","22","7","0","2","1","1","0","0"
"POINT (13.553277094000066 52.469556454000042)","Unfall 140194 (2020) Kat:3, Licht: 0","140194","3","3","5","06","14","2","0","0","1","1","0","0"
"POINT (13.359469633000060 52.523292113000082)","Unfall 140195 (2020) Kat:3, Licht: 0","140195","3","2","5","06","12","7","0","0","0","1","0","0"
"POINT (13.479296906000059 52.523047305000034)","Unfall 140196 (2020) Kat:3, Licht: 0","140196","3","2","5","07","18","5","0","0","1","1","0","0"
"POINT (13.520958121000035 52.495196621000048)","Unfall 140197 (2020) Kat:3, Licht: 0","140197","3","4","6","07","13","4","0","0","0","1","1","0"
"POINT (13.369127839000043 52.546211425000081)","Unfall 140198 (2020) Kat:3, Licht: 1","140198","3","3","0","07","21","6","0","1","1","1","0","0"
"POINT (13.346759909000070 52.524898197000027)","Unfall 140199 (2020) Kat:3, Licht: 0","140199","3","2","5","06","09","2","0","0","1","1","0","0"
"POINT (13.418271259000051 52.584271142000034)","Unfall 140200 (2020) Kat:3, Licht: 0","140200","3","6","0","07","09","4","0","0","0","1","0","1"
"POINT (13.493756615000052 52.541116241000054)","Unfall 140201 (2020) Kat:3, Licht: 0","140201","3","2","5","07","08","6","0","0","1","1","0","0"
"POINT (13.431150438000031 52.443278531000033)","Unfall 140202 (2020) Kat:3, Licht: 0","140202","3","6","3","06","12","3","0","0","0","1","0","1"
"POINT (13.445721280000043 52.485933216000035)","Unfall 140203 (2020) Kat:3, Licht: 0","140203","3","5","1","07","14","7","0","0","1","1","0","0"
"POINT (13.318082433000029 52.589368414000035)","Unfall 140204 (2020) Kat:3, Licht: 0","140204","3","6","2","06","07","2","0","0","0","1","0","0"
"POINT (13.327040972000077 52.608749025000066)","Unfall 140205 (2020) Kat:3, Licht: 0","140205","3","6","2","06","12","7","0","0","0","1","0","0"
"POINT (13.310124623000036 52.516384546000040)","Unfall 140206 (2020) Kat:3, Licht: 0","140206","3","6","2","07","18","5","0","0","0","1","0","0"
"POINT (13.424677450000047 52.479091492000066)","Unfall 140207 (2020) Kat:3, Licht: 0","140207","3","4","6","07","17","4","0","0","0","1","1","0"
"POINT (13.351446038000063 52.509611095000082)","Unfall 140208 (2020) Kat:3, Licht: 0","140208","3","2","2","07","17","6","0","0","0","1","0","0"
"POINT (13.228681198000061 52.528207697000028)","Unfall 140209 (2020) Kat:3, Licht: 0","140209","3","2","5","06","07","2","0","0","0","0","0","1"
"POINT (13.216001577000043 52.538005769000051)","Unfall 140210 (2020) Kat:3, Licht: 0","140210","3","2","5","07","07","6","0","0","1","1","0","0"
"POINT (13.489981226000054 52.543370795000044)","Unfall 140211 (2020) Kat:2, Licht: 0","140211","2","7","5","06","19","3","0","0","1","1","0","0"
"POINT (13.475564789000032 52.512031056000069)","Unfall 140212 (2020) Kat:3, Licht: 0","140212","3","1","0","07","20","6","0","0","1","0","0","0"
"POINT (13.333322848000023 52.504160373000047)","Unfall 140213 (2020) Kat:3, Licht: 0","140213","3","6","3","06","06","2","0","0","0","1","0","0"
"POINT (13.267142288000059 52.410486936000041)","Unfall 140214 (2020) Kat:2, Licht: 0","140214","2","6","3","07","07","6","0","0","0","1","0","1"
"POINT (13.461548787000027 52.529838129000041)","Unfall 140215 (2020) Kat:3, Licht: 0","140215","3","6","2","06","06","3","0","0","0","1","0","0"
"POINT (13.581279414000051 52.504232937000040)","Unfall 140216 (2020) Kat:3, Licht: 0","140216","3","6","3","06","12","7","0","0","1","1","0","0"
"POINT (13.116114509000056 52.462664450000034)","Unfall 140217 (2020) Kat:3, Licht: 2","140217","3","4","6","07","00","1","0","2","0","1","1","0"
"POINT (13.363370788000054 52.411944230000074)","Unfall 140218 (2020) Kat:3, Licht: 0","140218","3","2","0","06","10","3","0","0","0","1","0","0"
"POINT (13.408788657000059 52.439146573000073)","Unfall 140219 (2020) Kat:3, Licht: 0","140219","3","6","2","06","11","7","0","0","0","1","0","0"
"POINT (13.527119242000026 52.424560039000028)","Unfall 140220 (2020) Kat:2, Licht: 0","140220","2","2","5","07","10","7","0","0","0","1","0","1"
"POINT (13.408441444000061 52.498489079000080)","Unfall 140221 (2020) Kat:3, Licht: 0","140221","3","6","2","06","06","2","0","0","0","1","0","0"
"POINT (13.394902933000026 52.520700210000030)","Unfall 140222 (2020) Kat:3, Licht: 0","140222","3","7","6","06","11","7","0","0","0","0","1","0"
"POINT (13.447136291000049 52.483880008000028)","Unfall 140223 (2020) Kat:3, Licht: 0","140223","3","3","5","07","16","4","1","0","1","1","0","0"
"POINT (13.561575538000056 52.502320951000058)","Unfall 140224 (2020) Kat:3, Licht: 0","140224","3","2","5","07","14","6","0","0","0","1","0","0"
"POINT (13.343163850000053 52.556633372000078)","Unfall 140225 (2020) Kat:3, Licht: 0","140225","3","7","0","07","05","6","1","0","0","0","0","1"
"POINT (13.478953988000058 52.528071341000043)","Unfall 140226 (2020) Kat:3, Licht: 0","140226","3","3","5","06","17","3","0","0","1","0","0","0"
"POINT (13.245114145000059 52.538153437000062)","Unfall 140227 (2020) Kat:3, Licht: 0","140227","3","2","5","07","11","1","0","0","1","1","0","0"
"POINT (13.593412896000075 52.452794979000032)","Unfall 140228 (2020) Kat:3, Licht: 0","140228","3","6","2","06","07","3","0","0","0","1","0","0"
"POINT (13.517848129000072 52.563733262000028)","Unfall 140229 (2020) Kat:3, Licht: 0","140229","3","2","2","06","10","7","0","0","0","1","0","1"
"POINT (13.331234977000065 52.562287865000030)","Unfall 140230 (2020) Kat:3, Licht: 0","140230","3","7","2","07","10","5","0","0","0","1","0","0"
"POINT (13.414702847000058 52.553572063000047)","Unfall 140231 (2020) Kat:3, Licht: 0","140231","3","2","5","07","16","7","0","0","1","1","0","0"
"POINT (13.407227935000037 52.523485010000059)","Unfall 140232 (2020) Kat:3, Licht: 0","140232","3","2","5","07","16","1","0","0","1","1","0","0"
"POINT (13.459496138000077 52.547977301000060)","Unfall 140233 (2020) Kat:3, Licht: 0","140233","3","3","5","06","08","3","0","0","1","1","0","0"
"POINT (13.443494419000046 52.464368180000065)","Unfall 140234 (2020) Kat:3, Licht: 0","140234","3","6","2","06","10","7","0","0","0","1","0","0"
"POINT (13.526782916000059 52.437672138000039)","Unfall 140235 (2020) Kat:2, Licht: 0","140235","2","3","5","07","14","5","0","0","0","1","0","1"
"POINT (13.513831197000059 52.535816746000080)","Unfall 140236 (2020) Kat:3, Licht: 0","140236","3","6","3","07","15","7","0","0","0","1","0","0"
"POINT (13.518865681000023 52.513775586000065)","Unfall 140237 (2020) Kat:3, Licht: 0","140237","3","6","2","06","16","2","0","0","0","1","0","0"
"POINT (13.420562419000078 52.461433955000075)","Unfall 140238 (2020) Kat:3, Licht: 0","140238","3","3","5","06","09","7","0","0","1","1","0","0"
"POINT (13.309619051000027 52.431284079000079)","Unfall 140239 (2020) Kat:3, Licht: 0","140239","3","2","5","07","16","4","1","0","0","1","0","0"
"POINT (13.427804791000028 52.481147310000040)","Unfall 140240 (2020) Kat:3, Licht: 0","140240","3","6","3","07","13","6","0","0","1","1","0","0"
"POINT (13.382769129000053 52.542158673000074)","Unfall 140241 (2020) Kat:2, Licht: 2","140241","2","1","8","07","02","6","0","2","0","1","0","0"
"POINT (13.524550801000032 52.513729733000048)","Unfall 140242 (2020) Kat:3, Licht: 0","140242","3","2","5","06","15","3","0","0","1","1","0","0"
"POINT (13.436788655000043 52.423520652000036)","Unfall 140243 (2020) Kat:3, Licht: 0","140243","3","1","0","07","19","7","0","0","1","0","0","0"
"POINT (13.480023331000041 52.517275379000068)","Unfall 140244 (2020) Kat:2, Licht: 0","140244","2","1","1","06","20","2","0","0","0","1","0","1"
"POINT (13.564084498000057 52.456637112000067)","Unfall 140245 (2020) Kat:3, Licht: 0","140245","3","7","0","06","18","7","0","0","1","0","0","0"
"POINT (13.421466265000049 52.514326836000066)","Unfall 140246 (2020) Kat:3, Licht: 0","140246","3","2","5","07","17","5","0","0","1","1","0","0"
"POINT (13.563960157000054 52.518596808000041)","Unfall 140247 (2020) Kat:3, Licht: 0","140247","3","3","2","07","10","5","0","0","0","1","0","0"
"POINT (13.352989498000056 52.433448932000033)","Unfall 140248 (2020) Kat:1, Licht: 0","140248","1","2","5","07","10","6","0","0","1","0","0","0"
"POINT (13.406433296000046 52.393762364000054)","Unfall 140249 (2020) Kat:3, Licht: 0","140249","3","2","0","06","15","2","1","0","1","1","0","0"
"POINT (13.250916079000035 52.437862010000060)","Unfall 140250 (2020) Kat:3, Licht: 0","140250","3","5","1","06","18","7","0","0","1","1","0","0"
"POINT (13.292728214000022 52.506703504000029)","Unfall 140251 (2020) Kat:3, Licht: 0","140251","3","2","5","07","09","4","0","0","1","0","0","0"
"POINT (13.230313007000063 52.586515133000034)","Unfall 140252 (2020) Kat:2, Licht: 0","140252","2","3","5","06","17","2","0","0","1","1","0","0"
"POINT (13.600121621000028 52.544680440000036)","Unfall 140253 (2020) Kat:3, Licht: 0","140253","3","3","5","06","18","7","0","0","1","1","0","0"
"POINT (13.446068625000066 52.486200269000051)","Unfall 140254 (2020) Kat:3, Licht: 0","140254","3","7","0","07","18","4","1","0","1","0","1","0"
"POINT (13.457273416000021 52.524368909000032)","Unfall 140255 (2020) Kat:3, Licht: 0","140255","3","5","1","07","11","6","0","0","0","1","0","0"
"POINT (13.389700217000041 52.499433567000040)","Unfall 140256 (2020) Kat:3, Licht: 0","140256","3","2","5","06","06","3","0","0","1","1","0","0"
"POINT (13.240339309000035 52.442629007000050)","Unfall 140257 (2020) Kat:2, Licht: 0","140257","2","1","0","07","20","7","1","0","0","0","0","1"
"POINT (13.450911236000024 52.512726640000039)","Unfall 140258 (2020) Kat:3, Licht: 0","140258","3","5","0","06","13","2","0","0","0","1","0","0"
"POINT (13.365371960000061 52.556809041000065)","Unfall 140259 (2020) Kat:3, Licht: 0","140259","3","3","5","06","19","7","0","0","1","1","0","0"
"POINT (13.431403205000038 52.571280419000061)","Unfall 140260 (2020) Kat:3, Licht: 0","140260","3","6","3","07","17","5","0","0","1","0","0","0"
"POINT (13.306620299000031 52.499836482000035)","Unfall 140261 (2020) Kat:3, Licht: 0","140261","3","6","2","07","15","4","0","0","1","1","0","0"
"POINT (13.396959740000057 52.505257452000080)","Unfall 140262 (2020) Kat:3, Licht: 1","140262","3","3","5","07","21","6","0","1","1","1","0","0"
"POINT (13.606241454000042 52.524822870000037)","Unfall 140263 (2020) Kat:3, Licht: 0","140263","3","5","1","06","17","2","0","0","0","1","0","0"
"POINT (13.519544612000061 52.487364889000048)","Unfall 140264 (2020) Kat:3, Licht: 2","140264","3","7","2","07","01","6","0","2","1","1","0","0"
"POINT (13.417136677000030 52.512440650000030)","Unfall 140265 (2020) Kat:3, Licht: 0","140265","3","2","5","07","08","4","0","0","1","1","0","0"
"POINT (13.436902974000077 52.495709345000080)","Unfall 140266 (2020) Kat:3, Licht: 0","140266","3","3","5","07","10","6","0","0","1","0","0","0"
"POINT (13.496668835000037 52.534250131000078)","Unfall 140267 (2020) Kat:3, Licht: 0","140267","3","6","2","06","11","3","0","0","0","1","0","0"
"POINT (13.379760345000022 52.451621488000058)","Unfall 140268 (2020) Kat:3, Licht: 0","140268","3","3","1","07","13","7","0","0","1","1","0","0"
"POINT (13.385822395000048 52.484870174000037)","Unfall 140269 (2020) Kat:3, Licht: 0","140269","3","6","3","06","14","2","0","0","0","1","0","0"
"POINT (13.351166340000077 52.529740732000050)","Unfall 140270 (2020) Kat:3, Licht: 0","140270","3","3","5","06","18","3","0","0","0","1","0","0"
"POINT (13.400326508000035 52.530841277000036)","Unfall 140271 (2020) Kat:3, Licht: 0","140271","3","5","1","07","06","7","0","0","0","1","0","0"
"POINT (13.365691688000027 52.557130571000073)","Unfall 140272 (2020) Kat:3, Licht: 0","140272","3","2","0","06","17","2","0","0","1","0","0","0"
"POINT (13.389756370000043 52.495909364000056)","Unfall 140273 (2020) Kat:3, Licht: 0","140273","3","2","5","06","18","7","0","0","1","1","0","0"
"POINT (13.507921418000024 52.451061140000036)","Unfall 140274 (2020) Kat:3, Licht: 0","140274","3","6","0","07","16","5","0","0","0","0","0","1"
"POINT (13.519639718000064 52.526997944000072)","Unfall 140275 (2020) Kat:3, Licht: 2","140275","3","1","9","07","01","4","0","2","0","1","0","0"
"POINT (13.592993914000033 52.451588615000048)","Unfall 140276 (2020) Kat:3, Licht: 0","140276","3","3","5","07","17","6","0","0","1","1","0","0"
"POINT (13.428783804000034 52.493234668000071)","Unfall 140277 (2020) Kat:3, Licht: 0","140277","3","1","0","06","17","2","0","0","1","0","0","0"
"POINT (13.476480328000036 52.476395996000065)","Unfall 140278 (2020) Kat:3, Licht: 0","140278","3","2","5","06","13","3","0","0","1","0","0","0"
"POINT (13.472686019000037 52.475712453000028)","Unfall 140279 (2020) Kat:3, Licht: 0","140279","3","1","0","06","17","7","0","0","1","0","0","0"
"POINT (13.360326083000075 52.532847108000055)","Unfall 140280 (2020) Kat:3, Licht: 0","140280","3","3","2","07","18","1","1","0","1","1","0","0"
"POINT (13.407688668000048 52.526588020000077)","Unfall 140281 (2020) Kat:3, Licht: 0","140281","3","5","1","06","09","3","0","0","1","1","0","0"
"POINT (13.354737811000064 52.487425518000066)","Unfall 140282 (2020) Kat:3, Licht: 0","140282","3","2","5","06","17","7","0","0","1","0","0","1"
"POINT (13.327282602000025 52.422465305000060)","Unfall 140283 (2020) Kat:2, Licht: 0","140283","2","3","5","07","19","7","0","0","0","1","0","0"
"POINT (13.471786200000054 52.436412915000062)","Unfall 140284 (2020) Kat:3, Licht: 0","140284","3","5","1","06","16","2","0","0","0","1","0","0"
"POINT (13.421589202000064 52.633252852000055)","Unfall 140285 (2020) Kat:3, Licht: 0","140285","3","3","0","06","17","7","0","0","1","0","0","1"
"POINT (13.438254244000063 52.569276174000038)","Unfall 140286 (2020) Kat:3, Licht: 0","140286","3","2","2","07","16","4","0","0","0","1","0","0"
"POINT (13.460867993000022 52.435951370000055)","Unfall 140287 (2020) Kat:3, Licht: 0","140287","3","7","0","07","13","6","0","0","0","1","0","0"
"POINT (13.575446879000026 52.424401118000048)","Unfall 140288 (2020) Kat:3, Licht: 0","140288","3","7","6","07","09","5","0","0","1","0","1","0"
"POINT (13.493066748000047 52.409572169000057)","Unfall 140289 (2020) Kat:3, Licht: 0","140289","3","5","0","06","15","7","0","0","0","1","0","0"
"POINT (13.394615872000031 52.465840382000067)","Unfall 140290 (2020) Kat:3, Licht: 0","140290","3","6","4","07","16","4","0","0","1","1","0","0"
"POINT (13.429641400000037 52.503047285000036)","Unfall 140291 (2020) Kat:3, Licht: 0","140291","3","7","5","07","15","6","0","0","1","1","0","0"
"POINT (13.410868400000027 52.500106153000047)","Unfall 140292 (2020) Kat:3, Licht: 0","140292","3","3","5","06","19","1","1","0","1","1","0","0"
"POINT (13.390950088000068 52.503278784000031)","Unfall 140293 (2020) Kat:3, Licht: 0","140293","3","3","5","06","19","3","0","0","1","1","0","0"
"POINT (13.412215927000034 52.509050816000070)","Unfall 140294 (2020) Kat:3, Licht: 0","140294","3","4","6","07","15","1","0","0","0","1","1","0"
"POINT (13.327456824000024 52.422614127000031)","Unfall 140295 (2020) Kat:3, Licht: 0","140295","3","3","5","06","08","3","0","0","0","1","0","0"
"POINT (13.378416612000024 52.553157670000076)","Unfall 140296 (2020) Kat:3, Licht: 0","140296","3","5","1","06","15","7","0","0","1","1","0","0"
"POINT (13.436944245000063 52.452663277000056)","Unfall 140297 (2020) Kat:3, Licht: 0","140297","3","2","5","07","12","5","0","0","1","1","0","0"
"POINT (13.371336956000050 52.511147507000032)","Unfall 140298 (2020) Kat:3, Licht: 0","140298","3","2","5","07","16","7","0","0","1","1","0","0"
"POINT (13.186233342000037 52.517863196000064)","Unfall 140299 (2020) Kat:3, Licht: 0","140299","3","5","0","06","18","1","0","0","0","1","0","0"
"POINT (13.458720749000065 52.512605213000029)","Unfall 140300 (2020) Kat:3, Licht: 0","140300","3","1","1","06","19","7","0","0","1","1","0","0"
"POINT (13.408060861000024 52.541306288000044)","Unfall 140301 (2020) Kat:3, Licht: 0","140301","3","1","8","07","20","4","1","0","0","1","0","0"
"POINT (13.353137781000044 52.604991293000069)","Unfall 140302 (2020) Kat:3, Licht: 0","140302","3","2","5","07","11","6","0","0","1","1","0","0"
"POINT (13.294391910000058 52.533256999000059)","Unfall 140303 (2020) Kat:3, Licht: 0","140303","3","6","2","06","15","3","0","0","0","1","0","0"
"POINT (13.283240471000056 52.628294280000034)","Unfall 140304 (2020) Kat:3, Licht: 0","140304","3","7","0","07","13","7","0","0","0","1","0","0"
"POINT (13.468857782000043 52.531343769000046)","Unfall 140305 (2020) Kat:3, Licht: 0","140305","3","2","0","06","18","2","0","0","1","1","0","0"
"POINT (13.588175119000027 52.420981888000028)","Unfall 140306 (2020) Kat:2, Licht: 0","140306","2","1","0","06","13","6","0","0","1","0","0","0"
"POINT (13.445043883000039 52.452603362000048)","Unfall 140307 (2020) Kat:3, Licht: 0","140307","3","7","0","06","16","3","0","0","0","0","0","1"
"POINT (13.162070069000038 52.551826093000045)","Unfall 140308 (2020) Kat:2, Licht: 2","140308","2","5","1","07","23","1","1","2","0","1","0","0"
"POINT (13.424886344000072 52.481739735000076)","Unfall 140309 (2020) Kat:2, Licht: 2","140309","2","7","5","06","22","2","0","2","0","1","0","0"
"POINT (13.444920199000023 52.462457453000070)","Unfall 140310 (2020) Kat:3, Licht: 0","140310","3","2","2","06","17","6","0","0","0","1","0","1"
"POINT (13.262454013000024 52.521162293000032)","Unfall 140311 (2020) Kat:2, Licht: 0","140311","2","6","2","07","07","5","0","0","0","1","0","0"
"POINT (13.400728897000022 52.463510741000050)","Unfall 140312 (2020) Kat:3, Licht: 0","140312","3","6","2","07","15","7","0","0","0","0","0","1"
"POINT (13.385044035000021 52.557080975000076)","Unfall 140313 (2020) Kat:3, Licht: 2","140313","3","2","5","06","23","1","0","2","1","1","0","0"
"POINT (13.316855992000058 52.461449633000029)","Unfall 140314 (2020) Kat:3, Licht: 0","140314","3","5","0","06","15","6","1","0","1","1","0","0"
"POINT (13.393143500000065 52.484085929000059)","Unfall 140315 (2020) Kat:2, Licht: 0","140315","2","4","6","07","11","4","1","0","0","1","1","0"
"POINT (13.442180968000059 52.500945710000053)","Unfall 140316 (2020) Kat:3, Licht: 0","140316","3","2","5","07","09","6","0","0","1","1","0","0"
"POINT (13.361537175000024 52.494177669000067)","Unfall 140317 (2020) Kat:3, Licht: 0","140317","3","6","0","07","13","5","0","0","0","0","0","1"
"POINT (13.342048928000054 52.485574375000056)","Unfall 140318 (2020) Kat:3, Licht: 0","140318","3","7","5","06","14","3","0","0","1","1","0","0"
"POINT (13.293224598000052 52.509098866000045)","Unfall 140319 (2020) Kat:3, Licht: 0","140319","3","5","1","07","17","7","0","0","1","1","0","0"
"POINT (13.261241998000060 52.512824892000026)","Unfall 140320 (2020) Kat:3, Licht: 0","140320","3","5","1","06","14","2","0","0","1","1","0","0"
"POINT (13.350915481000072 52.509458805000065)","Unfall 140321 (2020) Kat:3, Licht: 2","140321","3","6","2","06","22","6","0","2","0","1","0","1"
"POINT (13.413736365000034 52.444590999000070)","Unfall 140322 (2020) Kat:3, Licht: 0","140322","3","6","3","07","15","5","0","0","1","0","0","0"
"POINT (13.371924371000034 52.532762220000052)","Unfall 140323 (2020) Kat:2, Licht: 0","140323","2","6","2","07","13","4","1","0","1","1","0","0"
"POINT (13.376749567000047 52.491439399000058)","Unfall 140324 (2020) Kat:3, Licht: 0","140324","3","2","2","07","20","6","0","0","1","1","0","0"
"POINT (13.385827414000062 52.484947308000073)","Unfall 140325 (2020) Kat:3, Licht: 2","140325","3","2","5","06","22","1","0","2","0","1","0","0"
"POINT (13.194827344000032 52.529075316000046)","Unfall 140326 (2020) Kat:3, Licht: 0","140326","3","1","0","07","07","4","0","0","1","0","0","0"
"POINT (13.565377312000066 52.544582886000057)","Unfall 140327 (2020) Kat:3, Licht: 0","140327","3","2","5","07","15","5","0","0","1","1","0","0"
"POINT (13.265584161000049 52.451332377000028)","Unfall 140328 (2020) Kat:3, Licht: 0","140328","3","1","0","07","09","4","0","0","1","0","0","0"
"POINT (13.412400181000066 52.537955357000044)","Unfall 140329 (2020) Kat:3, Licht: 0","140329","3","2","5","07","20","6","0","0","1","0","0","0"
"POINT (13.593360081000071 52.451688821000062)","Unfall 140330 (2020) Kat:2, Licht: 0","140330","2","1","0","06","20","1","1","0","1","0","0","0"
"POINT (13.279145913000036 52.525066148000064)","Unfall 140331 (2020) Kat:3, Licht: 0","140331","3","6","2","07","10","4","0","0","0","1","0","0"
"POINT (13.527066720000050 52.492176554000082)","Unfall 140332 (2020) Kat:3, Licht: 0","140332","3","2","5","06","13","3","0","0","1","1","0","0"
"POINT (13.404223387000059 52.540570270000046)","Unfall 140333 (2020) Kat:2, Licht: 0","140333","2","4","0","07","17","7","0","0","1","0","1","0"
"POINT (13.293181950000076 52.506801240000073)","Unfall 140334 (2020) Kat:3, Licht: 0","140334","3","6","2","06","20","1","0","0","0","1","0","1"
"POINT (13.399469589000034 52.494485253000050)","Unfall 140335 (2020) Kat:3, Licht: 0","140335","3","3","5","06","17","6","0","0","1","1","0","0"
"POINT (13.329595220000044 52.487118078000037)","Unfall 140336 (2020) Kat:3, Licht: 0","140336","3","5","1","07","12","5","0","0","1","1","0","0"
"POINT (13.496221881000054 52.506560425000032)","Unfall 140337 (2020) Kat:3, Licht: 0","140337","3","7","5","07","18","4","0","0","1","1","0","0"
"POINT (13.392876330000036 52.524969556000030)","Unfall 140338 (2020) Kat:3, Licht: 0","140338","3","2","5","07","17","6","0","0","1","1","0","0"
"POINT (13.418733260000067 52.566726597000070)","Unfall 140339 (2020) Kat:3, Licht: 0","140339","3","3","5","06","20","1","1","0","0","1","0","0"
"POINT (13.466631590000077 52.502417689000026)","Unfall 140340 (2020) Kat:3, Licht: 0","140340","3","1","8","06","20","3","0","0","0","1","0","0"
"POINT (13.578955029000042 52.458119882000062)","Unfall 140341 (2020) Kat:3, Licht: 0","140341","3","6","4","07","17","1","0","0","1","0","0","0"
"POINT (13.306644260000041 52.517314522000049)","Unfall 140342 (2020) Kat:3, Licht: 0","140342","3","2","5","06","08","3","0","0","0","1","0","0"
"POINT (13.564830092000022 52.445432886000049)","Unfall 140343 (2020) Kat:2, Licht: 0","140343","2","3","5","06","13","6","1","0","1","1","0","0"
"POINT (13.312804158000063 52.619020073000058)","Unfall 140344 (2020) Kat:2, Licht: 0","140344","2","5","1","06","11","6","0","0","1","1","0","0"
"POINT (13.474605435000058 52.438885622000043)","Unfall 140345 (2020) Kat:3, Licht: 0","140345","3","3","5","06","10","3","0","0","0","1","0","0"
"POINT (13.410541618000025 52.539352532000066)","Unfall 140346 (2020) Kat:2, Licht: 0","140346","2","5","1","06","09","6","0","0","1","0","0","0"
"POINT (13.385827181000025 52.485034732000031)","Unfall 140347 (2020) Kat:3, Licht: 0","140347","3","2","5","07","11","7","0","0","1","1","0","0"
"POINT (13.354139160000045 52.592355961000067)","Unfall 140348 (2020) Kat:3, Licht: 1","140348","3","2","5","06","19","1","0","1","0","1","0","0"
"POINT (13.561066464000021 52.536712938000051)","Unfall 140349 (2020) Kat:3, Licht: 0","140349","3","5","1","06","09","6","0","0","1","0","0","0"
"POINT (13.499324627000021 52.547666864000064)","Unfall 140350 (2020) Kat:3, Licht: 0","140350","3","6","2","07","16","4","0","0","0","1","0","0"
"POINT (13.401576309000063 52.414088773000060)","Unfall 140351 (2020) Kat:2, Licht: 0","140351","2","3","5","07","14","6","0","0","1","1","0","0"
"POINT (13.413970265000046 52.552112122000040)","Unfall 140352 (2020) Kat:3, Licht: 0","140352","3","3","0","06","18","1","1","0","1","0","0","0"
"POINT (13.381165723000038 52.410716388000026)","Unfall 140353 (2020) Kat:3, Licht: 0","140353","3","5","1","06","18","3","0","0","1","1","0","0"
"POINT (13.363354311000023 52.426360406000072)","Unfall 140354 (2020) Kat:3, Licht: 0","140354","3","3","5","07","14","1","0","0","1","1","0","0"
"POINT (13.388814538000076 52.517111895000028)","Unfall 140355 (2020) Kat:2, Licht: 0","140355","2","2","5","06","08","3","0","0","0","0","0","1"
"POINT (13.475376672000039 52.463283210000043)","Unfall 140356 (2020) Kat:3, Licht: 0","140356","3","5","0","06","08","6","0","0","0","0","0","0"
"POINT (13.431436117000032 52.487500182000076)","Unfall 140357 (2020) Kat:3, Licht: 0","140357","3","2","5","07","10","5","0","0","1","1","0","0"
"POINT (13.455421761000025 52.473230550000039)","Unfall 140358 (2020) Kat:3, Licht: 0","140358","3","5","1","07","16","7","0","0","1","1","0","0"
"POINT (13.377243723000049 52.553646782000044)","Unfall 140359 (2020) Kat:2, Licht: 0","140359","2","3","5","06","18","1","1","0","1","1","0","0"
"POINT (13.427921685000058 52.488383772000077)","Unfall 140360 (2020) Kat:3, Licht: 0","140360","3","3","5","06","08","6","0","0","1","1","0","0"
"POINT (13.361126181000031 52.494429382000078)","Unfall 140361 (2020) Kat:3, Licht: 0","140361","3","2","5","07","19","4","0","0","0","1","0","0"
"POINT (13.315379196000038 52.577222120000044)","Unfall 140362 (2020) Kat:3, Licht: 0","140362","3","6","2","07","11","6","0","0","0","1","0","0"
"POINT (13.197437726000032 52.531964378000055)","Unfall 140363 (2020) Kat:3, Licht: 0","140363","3","6","0","07","14","5","0","0","0","1","0","0"
"POINT (13.351380522000056 52.496675268000047)","Unfall 140364 (2020) Kat:3, Licht: 0","140364","3","5","1","07","17","7","0","0","0","1","0","0"
"POINT (13.499975245000030 52.509325242000045)","Unfall 140365 (2020) Kat:3, Licht: 0","140365","3","3","5","06","18","1","0","0","1","1","0","0"
"POINT (13.309682971000029 52.492439813000033)","Unfall 140366 (2020) Kat:3, Licht: 0","140366","3","5","1","06","08","6","0","0","1","1","0","0"
"POINT (13.345019944000057 52.492410874000029)","Unfall 140367 (2020) Kat:3, Licht: 0","140367","3","6","2","07","16","4","0","0","1","1","0","0"
"POINT (13.161705088000076 52.523734551000075)","Unfall 140368 (2020) Kat:3, Licht: 0","140368","3","6","2","07","13","6","0","0","0","1","0","0"
"POINT (13.393174414000043 52.564470609000068)","Unfall 140369 (2020) Kat:3, Licht: 0","140369","3","2","5","06","16","3","0","0","1","1","0","0"
"POINT (13.356498968000039 52.552598018000026)","Unfall 140370 (2020) Kat:3, Licht: 0","140370","3","6","2","07","14","7","0","0","0","1","0","0"
"POINT (13.467080761000034 52.508023157000082)","Unfall 140371 (2020) Kat:3, Licht: 0","140371","3","6","3","06","20","2","0","0","1","0","0","1"
"POINT (13.332228621000070 52.506346248000057)","Unfall 140372 (2020) Kat:3, Licht: 0","140372","3","2","6","06","07","6","0","0","0","1","1","0"
"POINT (13.411744556000031 52.523965151000027)","Unfall 140373 (2020) Kat:3, Licht: 0","140373","3","2","5","07","06","5","0","0","0","1","0","0"
"POINT (13.258811723000065 52.412115993000043)","Unfall 140374 (2020) Kat:3, Licht: 0","140374","3","5","0","07","18","6","0","0","1","1","0","0"
"POINT (13.332882636000022 52.595430884000052)","Unfall 140375 (2020) Kat:2, Licht: 0","140375","2","2","5","06","17","1","1","0","1","1","0","0"
"POINT (13.443293860000040 52.480838435000067)","Unfall 140376 (2020) Kat:3, Licht: 0","140376","3","5","5","06","11","6","0","0","1","1","0","0"
"POINT (13.393966475000070 52.533565896000027)","Unfall 140377 (2020) Kat:3, Licht: 0","140377","3","7","6","07","10","4","1","0","1","0","1","0"
"POINT (13.408128946000033 52.584738729000037)","Unfall 140378 (2020) Kat:3, Licht: 0","140378","3","3","5","06","06","3","0","0","1","1","0","0"