WKT,Name,OBJECTID,UKATEGORIE,UTYP1,UART,UMONAT,USTUNDE,UWOCHENTAG,STRZUSTAND,ULICHTVERH,ISTRAD,ISTPKW,ISTFUSS,ISTKRAD
"POINT (13.315864260000069 52.443140706000065)","Unfall 140379 (2020) Kat:3, Licht: 0","140379","3","6","3","06","06","3","0","0","1","1","0","0"
"POINT (13.406249571000046 52.532262326000080)","Unfall 140380 (2020) Kat:3, Licht: 2","140380","3","2","5","07","01","7","0","2","1","1","0","0"
"POINT (13.398329308000029 52.514679275000049)","Unfall 140381 (2020) Kat:3, Licht: 0","140381","3","7","0","06","19","2","0","0","0","1","0","0"
"POINT (13.567446548000078 52.573322643000040)","Unfall 140382 (2020) Kat:3, Licht: 0","140382","3","3","5","06","18","6","0","0","1","1","0","0"
"POINT (13.359203319000073 52.539667046000034)","Unfall 140383 (2020) Kat:3, Licht: 0","140383","3","4","6","07","15","5","0","0","0","1","1","0"
"POINT (13.439187483000069 52.530745099000058)","Unfall 140384 (2020) Kat:3, Licht: 0","140384","3","3","5","07","15","4","0","0","0","1","0","0"
"POINT (13.523228259000064 52.480019268000035)","Unfall 140385 (2020) Kat:3, Licht: 2","140385","3","1","0","07","23","6","0","2","1","0","0","0"
"POINT (13.543535013000053 52.433797756000047)","Unfall 140386 (2020) Kat:3, Licht: 0","140386","3","3","5","06","16","1","0","0","1","1","0","0"
"POINT (13.344476899000028 52.435675327000070)","Unfall 140387 (2020) Kat:3, Licht: 0","140387","3","7","5","07","19","5","0","0","1","1","0","0"
"POINT (13.267634755000074 52.506794160000027)","Unfall 140388 (2020) Kat:3, Licht: 0","140388","3","3","5","07","09","4","0","0","0","1","0","1"
"POINT (13.267488220000075 52.406965236000076)","Unfall 140389 (2020) Kat:3, Licht: 2","140389","3","1","9","07","23","5","1","2","0","1","0","0"
"POINT (13.413646439000047 52.511292340000068)","Unfall 140390 (2020) Kat:3, Licht: 0","140390","3","3","5","06","12","3","0","0","1","1","0","0"
"POINT (13.359004557000048 52.574272458000053)","Unfall 140391 (2020) Kat:3, Licht: 0","140391","3","2","3","07","11","7","0","0","1","1","0","0"
"POINT (13.188642270000059 52.527735528000051)","Unfall 140392 (2020) Kat:2, Licht: 0","140392","2","3","5","06","07","1","0","0","1","1","0","0"
"POINT (13.316960835000032 52.516932055000041)","Unfall 140393 (2020) Kat:3, Licht: 0","140393","3","2","5","06","18","6","0","0","1","1","0","0"
"POINT (13.341227944000025 52.447540774000061)","Unfall 140394 (2020) Kat:3, Licht: 0","140394","3","4","6","07","17","4","0","0","0","1","1","0"
"POINT (13.311167710000063 52.496076008000045)","Unfall 140395 (2020) Kat:3, Licht: 0","140395","3","2","6","07","09","6","0","0","0","1","1","0"
"POINT (13.598786958000062 52.546618152000065)","Unfall 140396 (2020) Kat:3, Licht: 2","140396","3","4","0","07","16","6","0","2","0","1","1","0"
"POINT (13.350893844000041 52.509456595000074)","Unfall 140397 (2020) Kat:3, Licht: 0","140397","3","6","2","07","17","3","0","0","0","1","0","0"
"POINT (13.470842410000046 52.506770001000064)","Unfall 140398 (2020) Kat:3, Licht: 0","140398","3","1","0","07","18","3","0","0","0","1","0","1"
"POINT (13.345912239000029 52.414102041000035)","Unfall 140399 (2020) Kat:3, Licht: 0","140399","3","5","1","07","10","1","0","0","1","1","0","0"
"POINT (13.457445600000028 52.528966329000070)","Unfall 140400 (2020) Kat:3, Licht: 0","140400","3","2","5","07","15","2","0","0","1","1","0","0"
"POINT (13.439656688000071 52.473830999000029)","Unfall 140401 (2020) Kat:3, Licht: 0","140401","3","6","2","07","16","5","1","0","0","1","0","0"
"POINT (13.363011692000043 52.476058721000072)","Unfall 140402 (2020) Kat:3, Licht: 0","140402","3","2","5","07","16","3","0","0","0","1","0","0"
"POINT (13.517593085000044 52.454412990000037)","Unfall 140403 (2020) Kat:3, Licht: 2","140403","3","1","0","07","22","4","0","2","1","0","0","0"
"POINT (13.245967609000047 52.537708220000070)","Unfall 140404 (2020) Kat:3, Licht: 0","140404","3","6","2","07","18","4","1","0","0","1","0","0"
"POINT (13.433177570000055 52.444902486000046)","Unfall 140405 (2020) Kat:3, Licht: 0","140405","3","3","5","07","08","1","0","0","1","1","0","0"
"POINT (13.348831219000033 52.459162764000041)","Unfall 140406 (2020) Kat:3, Licht: 0","140406","3","2","5","07","16","3","0","0","1","1","0","0"
"POINT (13.408220996000068 52.603769773000067)","Unfall 140407 (2020) Kat:2, Licht: 0","140407","2","7","7","07","12","3","0","0","0","0","0","1"
"POINT (13.305808198000022 52.448158741000043)","Unfall 140408 (2020) Kat:3, Licht: 0","140408","3","4","6","07","17","1","0","0","0","1","1","0"
"POINT (13.339309033000063 52.543594221000035)","Unfall 140409 (2020) Kat:3, Licht: 0","140409","3","6","2","07","16","3","0","0","0","1","0","0"
"POINT (13.612317018000056 52.511416098000041)","Unfall 140410 (2020) Kat:3, Licht: 0","140410","3","3","0","07","10","2","0","0","0","0","0","0"
"POINT (13.559566266000047 52.435339414000055)","Unfall 140411 (2020) Kat:3, Licht: 0","140411","3","1","3","07","15","1","0","0","0","1","0","1"
"POINT (13.505849529000045 52.563634937000074)","Unfall 140412 (2020) Kat:3, Licht: 0","140412","3","6","2","07","13","5","1","0","0","1","0","0"
"POINT (13.521875861000069 52.535721531000036)","Unfall 140413 (2020) Kat:3, Licht: 0","140413","3","2","0","07","16","3","0","0","1","0","0","0"
"POINT (13.245945750000033 52.538408266000033)","Unfall 140414 (2020) Kat:3, Licht: 0","140414","3","2","5","07","16","4","0","0","0","1","0","1"
"POINT (13.589308776000053 52.516577752000046)","Unfall 140415 (2020) Kat:3, Licht: 0","140415","3","3","5","07","14","4","1","0","0","1","0","1"
"POINT (13.352851377000036 52.503980956000078)","Unfall 140416 (2020) Kat:3, Licht: 0","140416","3","3","5","07","16","3","0","0","1","1","0","0"
"POINT (13.403101535000076 52.527463086000068)","Unfall 140417 (2020) Kat:3, Licht: 0","140417","3","2","5","07","18","4","0","0","1","1","0","0"
"POINT (13.331557689000022 52.562098087000038)","Unfall 140418 (2020) Kat:3, Licht: 0","140418","3","2","5","07","16","4","1","0","1","1","0","0"
"POINT (13.509587806000070 52.506948591000082)","Unfall 140419 (2020) Kat:3, Licht: 0","140419","3","3","0","07","14","3","0","0","0","0","0","1"
"POINT (13.477112346000069 52.620806993000031)","Unfall 140420 (2020) Kat:3, Licht: 0","140420","3","3","5","07","10","3","0","0","1","1","0","0"
"POINT (13.393652668000072 52.389901843000075)","Unfall 140421 (2020) Kat:3, Licht: 0","140421","3","1","1","07","14","1","0","0","0","1","0","1"
"POINT (13.306255250000049 52.488220746000081)","Unfall 140422 (2020) Kat:3, Licht: 0","140422","3","3","0","07","14","3","0","0","0","1","0","1"
"POINT (13.347182501000077 52.459669770000062)","Unfall 140423 (2020) Kat:3, Licht: 0","140423","3","6","2","07","09","2","0","0","0","1","0","0"
"POINT (13.523038825000071 52.535924703000035)","Unfall 140424 (2020) Kat:3, Licht: 0","140424","3","6","3","07","13","1","0","0","0","1","0","0"
"POINT (13.507374924000032 52.474887178000074)","Unfall 140425 (2020) Kat:3, Licht: 0","140425","3","3","5","07","05","5","0","0","1","1","0","0"
"POINT (13.505607612000063 52.484346145000075)","Unfall 140426 (2020) Kat:3, Licht: 0","140426","3","3","5","07","14","3","0","0","1","1","0","0"
"POINT (13.386277435000068 52.501311336000072)","Unfall 140427 (2020) Kat:3, Licht: 0","140427","3","7","2","07","15","4","0","0","0","1","0","1"
"POINT (13.239618998000026 52.605345254000042)","Unfall 140428 (2020) Kat:3, Licht: 0","140428","3","3","5","07","12","4","1","0","0","1","0","0"
"POINT (13.562508001000026 52.445662187000039)","Unfall 140429 (2020) Kat:3, Licht: 0","140429","3","6","2","07","14","3","0","0","0","1","0","0"
"POINT (13.545271757000023 52.553595786000074)","Unfall 140430 (2020) Kat:3, Licht: 0","140430","3","2","5","07","06","3","0","0","1","1","0","0"
"POINT (13.156998700000031 52.539227431000029)","Unfall 140431 (2020) Kat:3, Licht: 0","140431","3","1","1","07","13","1","0","0","0","1","0","0"
"POINT (13.395107953000036 52.447372209000036)","Unfall 140432 (2020) Kat:3, Licht: 0","140432","3","3","0","07","15","2","0","0","0","1","0","0"
"POINT (13.370622797000067 52.468876363000049)","Unfall 140433 (2020) Kat:2, Licht: 0","140433","2","3","5","07","13","3","0","0","0","1","0","0"
"POINT (13.553797613000029 52.520270111000059)","Unfall 140434 (2020) Kat:3, Licht: 0","140434","3","3","5","07","17","2","0","0","1","1","0","0"
"POINT (13.572696535000034 52.549925494000036)","Unfall 140435 (2020) Kat:3, Licht: 0","140435","3","6","2","07","13","1","0","0","1","0","0","0"
"POINT (13.347253473000023 52.571286947000033)","Unfall 140436 (2020) Kat:3, Licht: 0","140436","3","6","3","07","09","3","0","0","1","1","0","0"
"POINT (13.402013538000062 52.414678236000043)","Unfall 140437 (2020) Kat:3, Licht: 0","140437","3","5","1","07","11","1","0","0","0","0","0","1"
"POINT (13.280887222000047 52.498750734000055)","Unfall 140438 (2020) Kat:2, Licht: 0","140438","2","3","5","07","13","3","0","0","1","1","0","0"
"POINT (13.347851448000029 52.414804919000062)","Unfall 140439 (2020) Kat:3, Licht: 0","140439","3","7","6","07","08","2","0","0","0","0","1","0"
"POINT (13.266784237000024 52.494475357000056)","Unfall 140440 (2020) Kat:2, Licht: 0","140440","2","5","1","07","14","1","0","0","1","1","0","0"
"POINT (13.524457129000041 52.536301217000073)","Unfall 140441 (2020) Kat:2, Licht: 0","140441","2","4","6","07","09","5","0","0","0","1","1","0"
"POINT (13.326441091000049 52.457939545000045)","Unfall 140442 (2020) Kat:3, Licht: 0","140442","3","1","8","07","13","3","0","0","1","0","0","0"
"POINT (13.206070348000026 52.539465026000073)","Unfall 140443 (2020) Kat:3, Licht: 0","140443","3","6","2","07","13","4","0","0","0","1","0","0"
"POINT (13.292664194000054 52.548208909000039)","Unfall 140444 (2020) Kat:3, Licht: 0","140444","3","7","5","07","05","4","0","0","0","1","0","1"
"POINT (13.307383330000050 52.504377159000057)","Unfall 140445 (2020) Kat:3, Licht: 0","140445","3","6","2","07","12","3","0","0","0","1","0","0"
"POINT (13.483580978000077 52.517515320000030)","Unfall 140446 (2020) Kat:3, Licht: 1","140446","3","7","1","07","19","3","0","1","1","1","0","0"
"POINT (13.442695799000035 52.465033929000072)","Unfall 140447 (2020) Kat:2, Licht: 0","140447","2","3","5","07","17","1","0","0","1","1","0","0"
"POINT (13.522399909000058 52.560832657000049)","Unfall 140448 (2020) Kat:3, Licht: 0","140448","3","2","2","07","15","2","0","0","0","1","0","0"
"POINT (13.431558836000022 52.467089615000077)","Unfall 140449 (2020) Kat:3, Licht: 0","140449","3","5","1","07","17","5","1","0","1","1","0","0"
"POINT (13.403414462000057 52.494674235000048)","Unfall 140450 (2020) Kat:3, Licht: 0","140450","3","5","1","07","08","3","0","0","1","1","0","0"
"POINT (13.550551915000028 52.435919360000071)","Unfall 140451 (2020) Kat:3, Licht: 0","140451","3","5","0","07","20","4","0","0","1","1","0","0"
"POINT (13.427893276000077 52.523062310000057)","Unfall 140452 (2020) Kat:3, Licht: 0","140452","3","1","0","07","18","4","1","0","1","0","0","0"
"POINT (13.229956417000039 52.431524044000071)","Unfall 140453 (2020) Kat:2, Licht: 0","140453","2","6","3","07","17","1","0","0","0","1","0","1"
"POINT (13.388270322000039 52.502174235000041)","Unfall 140454 (2020) Kat:3, Licht: 0","140454","3","6","0","07","08","4","0","0","1","1","0","0"
"POINT (13.461124445000053 52.529740709000066)","Unfall 140455 (2020) Kat:3, Licht: 1","140455","3","6","4","07","20","5","0","1","1","0","0","0"
"POINT (13.344437662000075 52.448365617000036)","Unfall 140456 (2020) Kat:3, Licht: 0","140456","3","4","0","07","09","4","0","0","0","0","1","0"
"POINT (13.588323463000052 52.441078030000028)","Unfall 140457 (2020) Kat:3, Licht: 0","140457","3","2","5","07","16","3","0","0","1","1","0","0"
"POINT (13.386646043000042 52.559207477000029)","Unfall 140458 (2020) Kat:3, Licht: 0","140458","3","4","6","07","08","3","0","0","0","1","1","0"
"POINT (13.415748330000042 52.498668945000077)","Unfall 140459 (2020) Kat:3, Licht: 0","140459","3","6","2","07","17","3","0","0","0","1","0","0"
"POINT (13.193391685000051 52.433824522000066)","Unfall 140460 (2020) Kat:3, Licht: 0","140460","3","7","5","07","11","7","0","0","0","1","0","1"
"POINT (13.493702523000024 52.541084282000043)","Unfall 140461 (2020) Kat:3, Licht: 0","140461","3","3","5","07","14","2","0","0","0","1","0","0"
"POINT (13.585495220000041 52.444585738000058)","Unfall 140462 (2020) Kat:3, Licht: 0","140462","3","2","0","07","16","5","1","0","0","1","0","1"
"POINT (13.408455459000038 52.552559286000076)","Unfall 140463 (2020) Kat:3, Licht: 0","140463","3","2","0","07","08","3","0","0","1","0","0","0"
"POINT (13.417267354000046 52.498841594000055)","Unfall 140464 (2020) Kat:3, Licht: 0","140464","3","2","5","07","20","4","1","0","1","0","0","0"
"POINT (13.363423311000076 52.477244186000064)","Unfall 140465 (2020) Kat:3, Licht: 0","140465","3","7","2","07","17","4","1","0","1","1","0","0"
"POINT (13.435479507000025 52.480739598000071)","Unfall 140466 (2020) Kat:3, Licht: 0","140466","3","7","6","07","11","7","0","0","1","0","1","0"
"POINT (13.387432608000040 52.560142103000032)","Unfall 140467 (2020) Kat:3, Licht: 0","140467","3","2","5","07","08","3","0","0","1","0","0","1"
"POINT (13.300283584000056 52.569982124000035)","Unfall 140468 (2020) Kat:3, Licht: 0","140468","3","2","5","07","12","3","0","0","1","0","0","0"
"POINT (13.377002140000059 52.538727404000042)","Unfall 140469 (2020) Kat:3, Licht: 0","140469","3","7","1","07","16","7","0","0","0","1","1","0"
"POINT (13.369430255000054 52.502289222000059)","Unfall 140470 (2020) Kat:3, Licht: 0","140470","3","3","0","07","07","3","0","0","1","1","0","0"
"POINT (13.597361577000072 52.502094017000047)","Unfall 140471 (2020) Kat:3, Licht: 0","140471","3","3","5","07","06","2","0","0","1","0","0","0"
"POINT (13.485621267000056 52.496704047000037)","Unfall 140472 (2020) Kat:3, Licht: 0","140472","3","6","2","07","14","7","0","0","0","1","0","0"
"POINT (13.207445986000039 52.555743141000050)","Unfall 140473 (2020) Kat:2, Licht: 0","140473","2","3","5","07","12","5","1","0","0","1","0","0"
"POINT (13.228399587000069 52.506814373000054)","Unfall 140474 (2020) Kat:2, Licht: 0","140474","2","2","6","07","15","3","0","0","0","1","1","0"
"POINT (13.377434296000047 52.553721701000029)","Unfall 140475 (2020) Kat:3, Licht: 0","140475","3","3","5","07","19","7","0","0","1","1","0","0"
"POINT (13.382235360000038 52.489889418000075)","Unfall 140476 (2020) Kat:3, Licht: 0","140476","3","2","5","07","07","3","0","0","1","1","0","0"
"POINT (13.527809238000032 52.490398221000078)","Unfall 140477 (2020) Kat:3, Licht: 0","140477","3","2","5","07","17","2","0","0","1","1","0","0"
"POINT (13.485892142000068 52.520783845000039)","Unfall 140478 (2020) Kat:3, Licht: 0","140478","3","3","5","07","18","7","0","0","1","1","0","0"
"POINT (13.212975175000054 52.530309095000064)","Unfall 140479 (2020) Kat:3, Licht: 0","140479","3","3","5","07","14","5","1","0","0","1","0","0"
"POINT (13.334522775000039 52.587496629000043)","Unfall 140480 (2020) Kat:3, Licht: 1","140480","3","2","0","07","04","3","0","1","1","1","0","0"
"POINT (13.251727626000047 52.423829073000036)","Unfall 140481 (2020) Kat:3, Licht: 0","140481","3","3","5","07","17","4","0","0","1","1","0","0"
"POINT (13.419203666000044 52.487475559000075)","Unfall 140482 (2020) Kat:3, Licht: 0","140482","3","6","2","07","15","4","1","0","0","1","0","0"
"POINT (13.573561020000056 52.552374813000029)","Unfall 140483 (2020) Kat:3, Licht: 0","140483","3","3","5","07","07","3","0","0","1","1","0","0"
"POINT (13.327246593000041 52.494704987000034)","Unfall 140484 (2020) Kat:3, Licht: 0","140484","3","2","5","07","09","3","0","0","1","1","0","0"
"POINT (13.421713800000077 52.514241961000039)","Unfall 140485 (2020) Kat:3, Licht: 0","140485","3","2","5","07","17","7","0","0","1","1","0","0"
"POINT (13.223942322000028 52.559620093000035)","Unfall 140486 (2020) Kat:3, Licht: 2","140486","3","7","1","07","23","3","1","2","0","1","0","0"
"POINT (13.494825650000053 52.545436340000037)","Unfall 140487 (2020) Kat:3, Licht: 0","140487","3","3","0","07","08","2","0","0","1","1","0","0"
"POINT (13.179415834000054 52.552959878000081)","Unfall 140488 (2020) Kat:3, Licht: 0","140488","3","3","5","07","18","7","0","0","1","1","0","0"
"POINT (13.444489326000053 52.565212595000048)","Unfall 140489 (2020) Kat:3, Licht: 0","140489","3","2","5","07","10","5","0","0","0","1","0","1"
"POINT (13.447594327000047 52.463893230000053)","Unfall 140490 (2020) Kat:3, Licht: 2","140490","3","6","2","07","22","3","1","2","0","1","0","0"
"POINT (13.457070543000043 52.560934434000046)","Unfall 140491 (2020) Kat:3, Licht: 0","140491","3","2","5","07","14","4","0","0","1","1","0","0"
"POINT (13.207453949000069 52.538793696000027)","Unfall 140492 (2020) Kat:3, Licht: 0","140492","3","6","0","07","10","4","1","0","0","1","0","0"
"POINT (13.323724024000057 52.587510353000027)","Unfall 140493 (2020) Kat:3, Licht: 2","140493","3","2","0","07","22","3","1","2","0","1","1","0"
"POINT (13.346848756000043 52.553294263000055)","Unfall 140494 (2020) Kat:3, Licht: 0","140494","3","2","5","07","11","4","0","0","1","0","0","0"
"POINT (13.460948321000046 52.529700264000041)","Unfall 140495 (2020) Kat:3, Licht: 0","140495","3","1","0","07","13","4","1","0","1","0","0","0"
"POINT (13.307980576000034 52.471112788000028)","Unfall 140496 (2020) Kat:3, Licht: 2","140496","3","7","0","07","21","3","1","2","0","0","0","1"
"POINT (13.464801259000069 52.470433806000074)","Unfall 140497 (2020) Kat:3, Licht: 0","140497","3","6","2","07","07","3","0","0","0","1","0","0"
"POINT (13.323027836000051 52.490462255000068)","Unfall 140498 (2020) Kat:3, Licht: 0","140498","3","2","5","07","16","7","0","0","1","1","0","0"
"POINT (13.508775623000076 52.549973022000074)","Unfall 140499 (2020) Kat:2, Licht: 0","140499","2","1","0","07","20","3","0","0","0","0","0","1"
"POINT (13.488341613000046 52.435804225000027)","Unfall 140500 (2020) Kat:3, Licht: 0","140500","3","5","1","07","07","2","0","0","1","1","0","0"
"POINT (13.524786496000047 52.478856638000082)","Unfall 140501 (2020) Kat:3, Licht: 0","140501","3","2","5","07","16","7","0","0","1","1","0","0"
"POINT (13.398217529000021 52.507001823000053)","Unfall 140502 (2020) Kat:3, Licht: 0","140502","3","2","5","07","08","5","1","0","1","1","0","0"
"POINT (13.565628069000070 52.570436714000039)","Unfall 140503 (2020) Kat:2, Licht: 0","140503","2","2","5","07","11","4","0","0","0","1","0","0"
"POINT (13.424360915000022 52.486097600000051)","Unfall 140504 (2020) Kat:3, Licht: 0","140504","3","4","0","07","18","3","0","0","1","0","1","0"
"POINT (13.266665528000033 52.536790242000052)","Unfall 140505 (2020) Kat:3, Licht: 0","140505","3","2","5","07","17","3","0","0","1","1","0","0"
"POINT (13.479496612000048 52.526865647000079)","Unfall 140506 (2020) Kat:2, Licht: 0","140506","2","3","5","07","18","3","0","0","1","1","0","0"
"POINT (13.449226826000029 52.497036051000066)","Unfall 140507 (2020) Kat:3, Licht: 0","140507","3","5","0","07","20","7","0","0","1","1","0","0"
"POINT (13.359717725000053 52.508795042000031)","Unfall 140508 (2020) Kat:3, Licht: 0","140508","3","7","5","07","14","2","0","0","0","1","0","1"
"POINT (13.396907517000045 52.488371883000070)","Unfall 140509 (2020) Kat:3, Licht: 0","140509","3","1","0","07","16","5","1","0","1","0","0","0"
"POINT (13.519571072000076 52.494762629000036)","Unfall 140510 (2020) Kat:2, Licht: 0","140510","2","4","6","07","18","3","0","0","0","1","1","0"
"POINT (13.314036694000038 52.507202666000069)","Unfall 140511 (2020) Kat:3, Licht: 2","140511","3","7","6","07","22","3","0","2","1","0","1","0"
"POINT (13.411851905000049 52.528209719000074)","Unfall 140512 (2020) Kat:3, Licht: 0","140512","3","4","6","07","16","7","0","0","0","0","1","0"
"POINT (13.454703462000055 52.494193027000051)","Unfall 140513 (2020) Kat:3, Licht: 0","140513","3","2","5","07","14","2","0","0","1","1","0","0"
"POINT (13.278529296000045 52.490199305000033)","Unfall 140514 (2020) Kat:2, Licht: 0","140514","2","7","0","07","18","5","1","0","1","0","0","0"
"POINT (13.325503543000025 52.509367717000032)","Unfall 140515 (2020) Kat:3, Licht: 0","140515","3","3","5","07","19","3","0","0","1","0","0","0"
"POINT (13.423645487000044 52.395018129000050)","Unfall 140516 (2020) Kat:3, Licht: 0","140516","3","3","5","07","17","2","0","0","1","0","0","1"
"POINT (13.451933169000029 52.480996079000079)","Unfall 140517 (2020) Kat:3, Licht: 0","140517","3","6","3","07","17","4","0","0","1","0","0","0"
"POINT (13.312557978000029 52.419487241000070)","Unfall 140518 (2020) Kat:3, Licht: 0","140518","3","2","5","07","18","2","0","0","1","1","0","0"
"POINT (13.181771407000042 52.552477256000032)","Unfall 140519 (2020) Kat:2, Licht: 0","140519","2","3","5","07","06","4","0","0","0","1","0","0"
"POINT (13.197589831000073 52.523585742000080)","Unfall 140520 (2020) Kat:3, Licht: 0","140520","3","7","5","07","15","3","0","0","1","1","0","0"
"POINT (13.483498318000045 52.480036894000079)","Unfall 140521 (2020) Kat:2, Licht: 0","140521","2","1","0","07","17","3","0","0","1","0","0","0"
"POINT (13.385929525000051 52.485031885000069)","Unfall 140522 (2020) Kat:2, Licht: 2","140522","2","2","5","07","23","2","0","2","0","1","0","1"
"POINT (13.377006974000039 52.508516066000027)","Unfall 140523 (2020) Kat:3, Licht: 0","140523","3","3","5","07","15","7","0","0","1","1","0","0"
"POINT (13.503966980000030 52.552713808000078)","Unfall 140524 (2020) Kat:3, Licht: 0","140524","3","2","5","07","14","2","0","0","1","1","0","0"
"POINT (13.416687677000027 52.519652662000055)","Unfall 140525 (2020) Kat:3, Licht: 0","140525","3","5","1","07","15","5","1","0","0","1","0","0"
"POINT (13.488795848000052 52.495163175000073)","Unfall 140526 (2020) Kat:2, Licht: 0","140526","2","3","5","07","17","3","0","0","1","1","0","0"
"POINT (13.435584116000030 52.507856535000030)","Unfall 140527 (2020) Kat:3, Licht: 0","140527","3","5","1","07","17","2","0","0","1","1","0","0"
"POINT (13.329626133000033 52.507565780000050)","Unfall 140528 (2020) Kat:2, Licht: 0","140528","2","7","0","07","18","4","0","0","1","0","0","0"
"POINT (13.326413472000070 52.486455354000043)","Unfall 140529 (2020) Kat:3, Licht: 0","140529","3","2","5","07","16","4","1","0","1","1","0","0"
"POINT (13.152774156000021 52.459282088000066)","Unfall 140530 (2020) Kat:3, Licht: 0","140530","3","2","2","07","17","3","0","0","0","0","0","1"
"POINT (13.312651326000037 52.500500127000066)","Unfall 140531 (2020) Kat:3, Licht: 0","140531","3","6","2","07","18","2","0","0","0","1","0","0"
"POINT (13.335126663000040 52.504414848000067)","Unfall 140532 (2020) Kat:3, Licht: 2","140532","3","1","0","07","22","4","1","2","0","1","0","1"
"POINT (13.403212384000028 52.524794558000053)","Unfall 140533 (2020) Kat:3, Licht: 2","140533","3","1","0","07","00","4","0","2","1","0","0","0"
"POINT (13.184100189000048 52.423959023000066)","Unfall 140534 (2020) Kat:3, Licht: 0","140534","3","6","2","07","14","7","0","0","1","1","0","0"
"POINT (13.378581303000033 52.550409400000035)","Unfall 140535 (2020) Kat:1, Licht: 2","140535","1","4","6","07","22","3","0","2","0","1","1","0"
"POINT (13.625065105000033 52.453769149000038)","Unfall 140536 (2020) Kat:3, Licht: 0","140536","3","6","2","07","14","3","0","0","0","1","0","0"
"POINT (13.413315147000048 52.546752103000074)","Unfall 140537 (2020) Kat:3, Licht: 0","140537","3","6","3","07","14","7","0","0","1","0","0","0"
"POINT (13.491463206000049 52.614939976000073)","Unfall 140538 (2020) Kat:3, Licht: 0","140538","3","3","5","07","19","2","0","0","0","1","0","0"
"POINT (13.386927373000049 52.527132807000044)","Unfall 140539 (2020) Kat:3, Licht: 2","140539","3","2","2","07","21","2","0","2","1","1","0","0"
"POINT (13.421896576000051 52.499039675000063)","Unfall 140540 (2020) Kat:3, Licht: 0","140540","3","6","2","07","10","7","0","0","0","1","0","0"
"POINT (13.521696942000062 52.525911629000063)","Unfall 140541 (2020) Kat:3, Licht: 0","140541","3","3","0","07","13","5","1","0","0","0","0","0"
"POINT (13.547355990000028 52.500816234000069)","Unfall 140542 (2020) Kat:3, Licht: 0","140542","3","7","7","07","16","2","0","0","1","0","0","0"
"POINT (13.416555529000050 52.544949620000068)","Unfall 140543 (2020) Kat:3, Licht: 0","140543","3","3","5","07","18","2","0","0","1","0","0","0"
"POINT (13.300843836000070 52.474040318000050)","Unfall 140544 (2020) Kat:3, Licht: 0","140544","3","2","2","07","16","4","0","0","0","1","0","0"
"POINT (13.410282933000076 52.503787427000077)","Unfall 140545 (2020) Kat:3, Licht: 0","140545","3","3","5","07","15","4","1","0","1","1","0","0"
"POINT (13.516140734000032 52.551892161000069)","Unfall 140546 (2020) Kat:3, Licht: 0","140546","3","3","5","07","11","2","0","0","0","1","0","0"
"POINT (13.403207792000046 52.533824580000044)","Unfall 140547 (2020) Kat:3, Licht: 0","140547","3","5","1","07","09","3","0","0","1","1","0","0"
"POINT (13.331713788000059 52.446864661000063)","Unfall 140548 (2020) Kat:3, Licht: 0","140548","3","5","1","07","09","7","0","0","1","1","0","0"
"POINT (13.432973850000053 52.464556344000073)","Unfall 140549 (2020) Kat:2, Licht: 0","140549","2","2","6","07","07","2","0","0","0","1","1","0"
"POINT (13.364612401000045 52.562707186000068)","Unfall 140550 (2020) Kat:3, Licht: 0","140550","3","2","5","07","21","2","0","0","1","1","0","0"
"POINT (13.329686827000046 52.569243492000055)","Unfall 140551 (2020) Kat:3, Licht: 0","140551","3","2","0","07","10","3","0","0","1","1","0","0"
"POINT (13.316966080000043 52.491399251000075)","Unfall 140552 (2020) Kat:2, Licht: 0","140552","2","3","5","07","19","7","0","0","1","1","0","0"
"POINT (13.500171538000075 52.561363272000051)","Unfall 140553 (2020) Kat:3, Licht: 2","140553","3","4","6","07","22","2","0","2","0","1","1","0"
"POINT (13.293869065000024 52.488336267000079)","Unfall 140554 (2020) Kat:2, Licht: 0","140554","2","7","6","07","11","2","0","0","0","0","1","0"
"POINT (13.411725525000065 52.582323180000060)","Unfall 140555 (2020) Kat:2, Licht: 0","140555","2","7","2","07","18","7","1","0","0","1","0","0"
"POINT (13.326651672000025 52.427755729000069)","Unfall 140556 (2020) Kat:3, Licht: 0","140556","3","2","5","07","11","5","0","0","1","1","0","0"
"POINT (13.394659774000047 52.483928327000058)","Unfall 140557 (2020) Kat:3, Licht: 0","140557","3","6","2","07","19","2","1","0","0","1","0","0"
"POINT (13.345733023000037 52.436284354000065)","Unfall 140558 (2020) Kat:3, Licht: 0","140558","3","2","5","07","19","2","0","0","0","1","0","0"
"POINT (13.326242852000064 52.538025875000073)","Unfall 140559 (2020) Kat:3, Licht: 0","140559","3","2","5","07","15","4","0","0","0","1","0","0"
"POINT (13.322223499000074 52.608822093000072)","Unfall 140560 (2020) Kat:2, Licht: 0","140560","2","2","5","07","12","4","1","0","0","1","0","1"
"POINT (13.198480982000035 52.533186191000027)","Unfall 140561 (2020) Kat:2, Licht: 0","140561","2","6","2","07","19","2","0","0","0","1","0","1"
"POINT (13.314785871000026 52.490112912000029)","Unfall 140562 (2020) Kat:3, Licht: 0","140562","3","1","0","07","07","3","0","0","1","0","0","0"
"POINT (13.398314628000037 52.532539424000049)","Unfall 140563 (2020) Kat:2, Licht: 0","140563","2","1","0","07","15","7","0","0","1","0","0","0"