WKT,Name,OBJECTID,UKATEGORIE,UTYP1,UART,UMONAT,USTUNDE,UWOCHENTAG,STRZUSTAND,ULICHTVERH,ISTRAD,ISTPKW,ISTFUSS,ISTKRAD
"POINT (13.572114964000036 52.444438899000033)","Unfall 140564 (2020) Kat:3, Licht: 0","140564","3","6","2","07","13","2","0","0","0","1","0","0"
"POINT (13.142972485000030 52.529422031000081)","Unfall 140565 (2020) Kat:3, Licht: 0","140565","3","7","2","07","19","2","0","0","0","1","0","0"
"POINT (13.557209398000055 52.556849141000043)","Unfall 140566 (2020) Kat:3, Licht: 0","140566","3","5","2","07","17","2","0","0","0","1","0","0"
"POINT (13.207943602000057 52.559265120000077)","Unfall 140567 (2020) Kat:3, Licht: 0","140567","3","6","2","07","20","6","0","0","0","1","0","0"
"POINT (13.328491458000030 52.468926579000026)","Unfall 140568 (2020) Kat:3, Licht: 2","140568","3","3","0","07","22","5","1","2","0","1","0","1"
"POINT (13.464977806000036 52.516406422000045)","Unfall 140569 (2020) Kat:3, Licht: 0","140569","3","2","2","07","08","2","0","0","1","1","0","0"
"POINT (13.394492057000036 52.506967690000067)","Unfall 140570 (2020) Kat:2, Licht: 0","140570","2","2","6","07","17","6","0","0","0","1","1","0"
"POINT (13.352185055000064 52.535387733000050)","Unfall 140571 (2020) Kat:3, Licht: 0","140571","3","5","1","07","10","5","0","0","1","1","0","0"
"POINT (13.317963314000053 52.495390624000038)","Unfall 140572 (2020) Kat:3, Licht: 0","140572","3","2","5","07","18","2","0","0","0","1","0","1"
"POINT (13.383927785000026 52.555752618000042)","Unfall 140573 (2020) Kat:3, Licht: 0","140573","3","2","5","07","14","4","0","0","1","1","0","0"
"POINT (13.304856041000050 52.448625882000044)","Unfall 140574 (2020) Kat:3, Licht: 0","140574","3","3","5","07","08","4","1","0","0","1","0","0"
"POINT (13.294891654000025 52.432597841000074)","Unfall 140575 (2020) Kat:3, Licht: 0","140575","3","2","5","07","18","2","0","0","0","1","0","1"
"POINT (13.219916476000037 52.431890437000050)","Unfall 140576 (2020) Kat:2, Licht: 0","140576","2","1","0","07","20","3","0","0","0","0","0","1"
"POINT (13.329645694000021 52.563034876000074)","Unfall 140577 (2020) Kat:3, Licht: 0","140577","3","6","2","07","16","6","1","0","0","1","0","0"
"POINT (13.452163156000040 52.452532737000070)","Unfall 140578 (2020) Kat:2, Licht: 0","140578","2","2","2","07","12","2","0","0","0","1","0","0"
"POINT (13.358744758000057 52.437211572000081)","Unfall 140579 (2020) Kat:3, Licht: 0","140579","3","2","2","07","17","5","1","0","0","1","0","0"
"POINT (13.427971943000045 52.545493609000061)","Unfall 140580 (2020) Kat:3, Licht: 0","140580","3","2","5","07","16","2","1","0","1","0","0","0"
"POINT (13.320677696000075 52.464305749000061)","Unfall 140581 (2020) Kat:3, Licht: 0","140581","3","3","5","07","19","2","0","0","0","1","0","1"
"POINT (13.451432085000022 52.471829575000072)","Unfall 140582 (2020) Kat:3, Licht: 0","140582","3","5","1","07","10","4","0","0","1","1","0","0"
"POINT (13.578342047000035 52.443918484000051)","Unfall 140583 (2020) Kat:3, Licht: 0","140583","3","3","5","07","19","4","1","0","1","1","0","0"
"POINT (13.447870054000077 52.482759665000060)","Unfall 140584 (2020) Kat:3, Licht: 1","140584","3","3","0","07","20","2","0","1","1","1","0","0"
"POINT (13.319999276000033 52.474347059000081)","Unfall 140585 (2020) Kat:3, Licht: 0","140585","3","3","5","07","08","4","0","0","1","1","0","0"
"POINT (13.297800081000048 52.499854940000034)","Unfall 140586 (2020) Kat:3, Licht: 0","140586","3","1","0","07","15","3","0","0","1","1","0","0"
"POINT (13.185664515000042 52.534223211000040)","Unfall 140587 (2020) Kat:3, Licht: 0","140587","3","6","0","07","17","2","0","0","0","1","0","0"
"POINT (13.408936197000060 52.498368495000079)","Unfall 140588 (2020) Kat:3, Licht: 0","140588","3","1","0","07","09","4","0","0","1","0","0","0"
"POINT (13.410013854000056 52.524503698000046)","Unfall 140589 (2020) Kat:3, Licht: 0","140589","3","3","5","07","13","3","0","0","1","1","0","0"
"POINT (13.573971194000023 52.444462998000063)","Unfall 140590 (2020) Kat:2, Licht: 0","140590","2","1","0","07","17","2","1","0","1","0","0","0"
"POINT (13.209823376000031 52.579336636000050)","Unfall 140591 (2020) Kat:2, Licht: 0","140591","2","3","5","07","17","3","0","0","1","1","0","0"
"POINT (13.520227887000033 52.473863533000042)","Unfall 140592 (2020) Kat:3, Licht: 0","140592","3","6","2","07","15","6","1","0","0","1","0","0"
"POINT (13.271599464000076 52.479930250000052)","Unfall 140593 (2020) Kat:2, Licht: 0","140593","2","2","2","07","10","2","0","0","1","1","0","0"
"POINT (13.473403069000028 52.437882176000073)","Unfall 140594 (2020) Kat:2, Licht: 0","140594","2","4","6","07","16","5","1","0","0","1","1","0"
"POINT (13.571983926000030 52.425559026000030)","Unfall 140595 (2020) Kat:3, Licht: 0","140595","3","3","5","07","17","2","1","0","1","1","0","0"
"POINT (13.260770588000071 52.572712126000056)","Unfall 140596 (2020) Kat:3, Licht: 0","140596","3","7","0","07","20","4","0","0","0","0","0","1"
"POINT (13.503222722000032 52.553829582000049)","Unfall 140597 (2020) Kat:3, Licht: 0","140597","3","6","2","07","17","4","1","0","0","1","0","0"
"POINT (13.551893879000033 52.456038244000069)","Unfall 140598 (2020) Kat:2, Licht: 0","140598","2","2","5","07","15","6","0","0","1","1","0","0"
"POINT (13.484434569000030 52.556280625000056)","Unfall 140599 (2020) Kat:3, Licht: 0","140599","3","3","0","07","17","2","0","0","0","1","0","0"
"POINT (13.425619595000057 52.463743199000078)","Unfall 140600 (2020) Kat:3, Licht: 0","140600","3","6","2","07","12","3","0","0","1","0","0","0"
"POINT (13.377259173000027 52.522198254000045)","Unfall 140601 (2020) Kat:3, Licht: 0","140601","3","2","5","07","15","6","1","0","1","1","0","0"
"POINT (13.401748852000026 52.509914011000035)","Unfall 140602 (2020) Kat:3, Licht: 0","140602","3","5","1","07","16","2","0","0","1","1","0","0"
"POINT (13.575405414000045 52.488970941000048)","Unfall 140603 (2020) Kat:3, Licht: 0","140603","3","3","5","07","06","2","0","0","0","1","0","0"
"POINT (13.483037023000065 52.611869352000042)","Unfall 140604 (2020) Kat:3, Licht: 0","140604","3","3","5","07","15","6","1","0","0","1","0","0"
"POINT (13.464098710000030 52.510315666000054)","Unfall 140605 (2020) Kat:2, Licht: 0","140605","2","1","0","07","12","5","1","0","0","0","0","1"
"POINT (13.574421124000025 52.444339207000041)","Unfall 140606 (2020) Kat:2, Licht: 0","140606","2","4","6","07","16","2","0","0","1","0","1","0"
"POINT (13.509215764000032 52.546516900000029)","Unfall 140607 (2020) Kat:3, Licht: 0","140607","3","2","5","07","17","2","0","0","1","1","0","0"
"POINT (13.505567626000072 52.534827048000068)","Unfall 140608 (2020) Kat:3, Licht: 0","140608","3","2","5","07","16","4","0","0","0","1","0","0"
"POINT (13.434230637000041 52.442852081000069)","Unfall 140609 (2020) Kat:3, Licht: 0","140609","3","7","0","07","18","2","0","0","0","1","0","0"
"POINT (13.200904863000062 52.538665249000076)","Unfall 140610 (2020) Kat:3, Licht: 0","140610","3","2","6","07","15","6","0","0","0","1","1","0"
"POINT (13.435587236000060 52.491616118000081)","Unfall 140611 (2020) Kat:3, Licht: 0","140611","3","1","2","07","14","5","1","0","0","1","0","0"
"POINT (13.657909548000077 52.414427105000073)","Unfall 140612 (2020) Kat:3, Licht: 0","140612","3","1","0","07","13","2","0","0","1","0","0","0"
"POINT (13.448986625000032 52.508403678000036)","Unfall 140613 (2020) Kat:3, Licht: 0","140613","3","1","0","07","18","4","0","0","1","0","0","0"
"POINT (13.292758391000064 52.506829015000051)","Unfall 140614 (2020) Kat:3, Licht: 0","140614","3","3","0","07","15","4","1","0","1","1","0","0"
"POINT (13.379026064000072 52.507143122000059)","Unfall 140615 (2020) Kat:3, Licht: 0","140615","3","4","6","07","16","2","0","0","1","0","1","0"
"POINT (13.379973651000057 52.528950810000026)","Unfall 140616 (2020) Kat:2, Licht: 0","140616","2","3","5","07","10","3","0","0","1","0","0","0"
"POINT (13.267622528000061 52.512070071000039)","Unfall 140617 (2020) Kat:3, Licht: 0","140617","3","6","2","07","15","6","1","0","0","1","0","1"
"POINT (13.323222719000057 52.518028961000027)","Unfall 140618 (2020) Kat:3, Licht: 0","140618","3","3","5","07","16","2","0","0","1","0","0","0"
"POINT (13.290485870000055 52.474385159000065)","Unfall 140619 (2020) Kat:3, Licht: 0","140619","3","5","1","07","09","2","0","0","1","1","0","0"
"POINT (13.447795890000066 52.452362135000044)","Unfall 140620 (2020) Kat:3, Licht: 0","140620","3","5","1","07","13","6","0","0","1","0","0","1"
"POINT (13.366802384000039 52.449661059000050)","Unfall 140621 (2020) Kat:2, Licht: 0","140621","2","2","5","07","10","5","0","0","0","1","0","0"
"POINT (13.491654156000038 52.503247659000067)","Unfall 140622 (2020) Kat:3, Licht: 0","140622","3","2","5","07","16","2","0","0","1","1","0","0"
"POINT (13.269795776000024 52.528495922000047)","Unfall 140623 (2020) Kat:3, Licht: 0","140623","3","7","0","07","14","4","1","0","0","0","0","1"
"POINT (13.429147987000022 52.556348546000038)","Unfall 140624 (2020) Kat:3, Licht: 0","140624","3","2","5","07","11","4","1","0","0","1","0","0"
"POINT (13.367006926000045 52.563937239000040)","Unfall 140625 (2020) Kat:2, Licht: 0","140625","2","4","6","07","15","2","0","0","0","1","1","0"
"POINT (13.416951252000047 52.523960311000053)","Unfall 140626 (2020) Kat:2, Licht: 2","140626","2","1","0","07","23","3","0","2","0","0","0","0"
"POINT (13.380252016000043 52.522693666000066)","Unfall 140627 (2020) Kat:3, Licht: 0","140627","3","6","1","07","14","6","1","0","1","1","0","0"
"POINT (13.397376350000059 52.423931936000031)","Unfall 140628 (2020) Kat:3, Licht: 0","140628","3","2","5","07","14","4","1","0","0","1","0","0"
"POINT (13.392707051000059 52.452972835000082)","Unfall 140629 (2020) Kat:3, Licht: 0","140629","3","7","5","07","15","2","0","0","0","1","0","0"
"POINT (13.449051624000049 52.517936077000059)","Unfall 140630 (2020) Kat:3, Licht: 0","140630","3","7","0","07","08","3","0","0","1","0","0","0"
"POINT (13.593062239000062 52.515597148000040)","Unfall 140631 (2020) Kat:3, Licht: 0","140631","3","4","6","07","14","6","1","0","0","1","1","0"
"POINT (13.422039245000065 52.462638415000072)","Unfall 140632 (2020) Kat:3, Licht: 0","140632","3","3","0","07","14","2","0","0","0","1","0","1"
"POINT (13.388005150000026 52.553020523000043)","Unfall 140633 (2020) Kat:2, Licht: 0","140633","2","5","5","07","08","2","0","0","0","1","0","1"
"POINT (13.340817261000041 52.505149723000045)","Unfall 140634 (2020) Kat:3, Licht: 0","140634","3","6","2","07","13","6","1","0","0","1","0","0"
"POINT (13.392084251000028 52.508699254000078)","Unfall 140635 (2020) Kat:2, Licht: 0","140635","2","1","0","07","09","5","0","0","0","0","0","0"
"POINT (13.520592102000023 52.568510066000044)","Unfall 140636 (2020) Kat:3, Licht: 0","140636","3","2","5","07","11","2","0","0","0","1","0","0"
"POINT (13.473642652000024 52.474922292000031)","Unfall 140637 (2020) Kat:3, Licht: 0","140637","3","6","3","07","16","2","0","0","1","0","0","0"
"POINT (13.333467045000077 52.544237747000068)","Unfall 140638 (2020) Kat:3, Licht: 0","140638","3","6","0","07","11","4","0","0","0","1","0","1"
"POINT (13.186835996000070 52.551145843000029)","Unfall 140639 (2020) Kat:2, Licht: 1","140639","2","3","5","07","05","4","0","1","0","1","0","1"
"POINT (13.308765975000028 52.505871073000037)","Unfall 140640 (2020) Kat:3, Licht: 0","140640","3","7","0","07","11","2","0","0","0","1","0","1"
"POINT (13.552805518000071 52.439623334000032)","Unfall 140641 (2020) Kat:3, Licht: 0","140641","3","4","6","07","18","3","0","0","0","1","1","0"
"POINT (13.519000630000050 52.516209361000051)","Unfall 140642 (2020) Kat:3, Licht: 0","140642","3","6","2","07","14","6","1","0","0","1","0","0"
"POINT (13.473118744000033 52.501824589000080)","Unfall 140643 (2020) Kat:3, Licht: 2","140643","3","5","1","07","23","1","0","2","1","1","0","0"
"POINT (13.348399614000073 52.541628381000066)","Unfall 140644 (2020) Kat:3, Licht: 0","140644","3","5","0","07","17","5","1","0","0","1","0","1"
"POINT (13.294416195000053 52.448995772000046)","Unfall 140645 (2020) Kat:3, Licht: 0","140645","3","3","5","07","14","2","0","0","1","0","0","0"
"POINT (13.393066938000061 52.506873865000045)","Unfall 140646 (2020) Kat:3, Licht: 2","140646","3","7","5","07","23","4","1","2","0","1","0","0"
"POINT (13.159376012000052 52.552272284000026)","Unfall 140647 (2020) Kat:3, Licht: 2","140647","3","6","2","07","23","1","0","2","0","1","0","1"
"POINT (13.348070977000077 52.414777737000065)","Unfall 140648 (2020) Kat:3, Licht: 0","140648","3","2","5","07","11","5","0","0","1","1","0","0"
"POINT (13.392755542000032 52.491986590000067)","Unfall 140649 (2020) Kat:3, Licht: 0","140649","3","3","5","07","13","2","0","0","0","1","0","0"
"POINT (13.320461080000030 52.485574292000081)","Unfall 140650 (2020) Kat:3, Licht: 0","140650","3","6","3","07","17","2","0","0","1","0","0","0"
"POINT (13.421065419000058 52.496160569000040)","Unfall 140651 (2020) Kat:3, Licht: 0","140651","3","7","0","07","19","5","1","0","0","0","0","1"
"POINT (13.297542408000027 52.519440099000064)","Unfall 140652 (2020) Kat:2, Licht: 0","140652","2","6","2","07","09","4","0","0","0","1","0","0"
"POINT (13.356791324000028 52.523751280000056)","Unfall 140653 (2020) Kat:2, Licht: 0","140653","2","3","5","07","15","3","0","0","1","0","0","0"
"POINT (13.457036347000042 52.560906690000081)","Unfall 140654 (2020) Kat:3, Licht: 0","140654","3","4","0","07","10","2","0","0","0","0","1","0"
"POINT (13.232182522000073 52.540647968000030)","Unfall 140655 (2020) Kat:3, Licht: 0","140655","3","2","5","07","17","3","0","0","0","1","0","0"
"POINT (13.609469406000073 52.533286226000030)","Unfall 140656 (2020) Kat:3, Licht: 0","140656","3","7","6","07","11","6","0","0","0","1","1","0"
"POINT (13.314293893000070 52.490250340000046)","Unfall 140657 (2020) Kat:3, Licht: 2","140657","3","2","5","07","22","1","0","2","1","1","0","0"
"POINT (13.391691798000068 52.555410452000046)","Unfall 140658 (2020) Kat:3, Licht: 0","140658","3","6","0","07","15","5","1","0","0","0","0","1"
"POINT (13.342295414000034 52.434625997000069)","Unfall 140659 (2020) Kat:3, Licht: 0","140659","3","5","1","07","10","2","0","0","0","1","0","0"
"POINT (13.376709234000032 52.489351328000055)","Unfall 140660 (2020) Kat:3, Licht: 0","140660","3","2","5","07","18","4","0","0","1","1","0","0"
"POINT (13.318851530000074 52.506081179000034)","Unfall 140661 (2020) Kat:3, Licht: 0","140661","3","4","6","07","16","4","1","0","1","0","1","0"
"POINT (13.436631262000049 52.479907489000027)","Unfall 140662 (2020) Kat:3, Licht: 0","140662","3","2","5","07","09","2","0","0","1","1","0","0"
"POINT (13.326803004000055 52.575684299000045)","Unfall 140663 (2020) Kat:3, Licht: 0","140663","3","3","5","07","11","3","0","0","0","1","0","0"
"POINT (13.299756542000068 52.519261744000062)","Unfall 140664 (2020) Kat:3, Licht: 0","140664","3","6","2","07","11","6","1","0","0","1","0","1"
"POINT (13.518776652000042 52.509812832000080)","Unfall 140665 (2020) Kat:3, Licht: 0","140665","3","6","2","07","11","4","1","0","0","1","0","0"
"POINT (13.345609760000059 52.436193090000074)","Unfall 140666 (2020) Kat:3, Licht: 0","140666","3","2","6","07","09","6","1","0","0","0","1","0"
"POINT (13.337559265000039 52.449809862000052)","Unfall 140667 (2020) Kat:3, Licht: 0","140667","3","1","0","07","21","4","0","0","0","1","0","0"
"POINT (13.386861988000021 52.531362378000040)","Unfall 140668 (2020) Kat:3, Licht: 0","140668","3","2","3","07","14","3","0","0","1","1","0","0"
"POINT (13.384045467000021 52.555760273000033)","Unfall 140669 (2020) Kat:3, Licht: 0","140669","3","3","5","07","09","6","1","0","0","1","0","0"
"POINT (13.438712329000055 52.465277426000057)","Unfall 140670 (2020) Kat:3, Licht: 0","140670","3","3","5","07","09","2","0","0","0","1","0","0"
"POINT (13.325020172000052 52.500075975000073)","Unfall 140671 (2020) Kat:3, Licht: 2","140671","3","3","5","07","22","2","0","2","1","1","0","0"
"POINT (13.286603968000065 52.591301410000028)","Unfall 140672 (2020) Kat:3, Licht: 0","140672","3","3","5","07","08","6","1","0","1","1","0","0"
"POINT (13.518220318000033 52.453428702000053)","Unfall 140673 (2020) Kat:2, Licht: 0","140673","2","6","2","07","13","5","1","0","0","1","0","1"
"POINT (13.452254989000039 52.470998964000046)","Unfall 140674 (2020) Kat:3, Licht: 0","140674","3","3","5","07","08","2","0","0","0","1","0","1"
"POINT (13.323883951000028 52.495318303000033)","Unfall 140675 (2020) Kat:3, Licht: 0","140675","3","2","5","07","17","4","0","0","1","1","0","0"
"POINT (13.478076711000028 52.454785034000054)","Unfall 140676 (2020) Kat:3, Licht: 0","140676","3","2","5","07","15","4","1","0","0","1","0","0"
"POINT (13.420857813000055 52.545355310000048)","Unfall 140677 (2020) Kat:3, Licht: 0","140677","3","7","5","07","13","2","0","0","1","1","0","0"
"POINT (13.331893973000035 52.442377977000035)","Unfall 140678 (2020) Kat:3, Licht: 0","140678","3","6","2","07","09","3","0","0","1","1","0","0"
"POINT (13.345195097000044 52.482621118000054)","Unfall 140679 (2020) Kat:3, Licht: 0","140679","3","3","5","07","08","6","1","0","1","1","0","0"
"POINT (13.452041987000030 52.527754156000071)","Unfall 140680 (2020) Kat:3, Licht: 0","140680","3","1","0","07","13","2","0","0","1","0","0","0"
"POINT (13.290462802000036 52.492290264000076)","Unfall 140681 (2020) Kat:3, Licht: 0","140681","3","7","5","07","08","2","0","0","1","1","0","0"
"POINT (13.388860726000075 52.388580395000076)","Unfall 140682 (2020) Kat:3, Licht: 0","140682","3","3","5","07","08","6","1","0","1","1","0","0"
"POINT (13.451933751000070 52.563215503000038)","Unfall 140683 (2020) Kat:3, Licht: 1","140683","3","7","1","07","04","5","0","1","0","1","0","0"
"POINT (13.635202466000067 52.453486689000044)","Unfall 140684 (2020) Kat:3, Licht: 0","140684","3","5","1","07","12","2","0","0","1","1","0","0"
"POINT (13.539746111000056 52.539822383000057)","Unfall 140685 (2020) Kat:3, Licht: 0","140685","3","3","5","07","12","2","0","0","0","1","0","0"
"POINT (13.343340204000071 52.527109455000073)","Unfall 140686 (2020) Kat:3, Licht: 0","140686","3","6","0","07","10","2","0","0","1","1","0","0"
"POINT (13.441634495000073 52.554832213000054)","Unfall 140687 (2020) Kat:2, Licht: 0","140687","2","7","0","07","06","6","1","0","0","1","0","1"
"POINT (13.506248046000053 52.471560969000052)","Unfall 140688 (2020) Kat:3, Licht: 0","140688","3","6","3","07","11","5","0","0","0","1","0","0"
"POINT (13.339006031000054 52.492285883000079)","Unfall 140689 (2020) Kat:3, Licht: 0","140689","3","2","5","07","08","2","0","0","1","1","0","0"
"POINT (13.428818525000054 52.515455054000029)","Unfall 140690 (2020) Kat:3, Licht: 0","140690","3","3","5","07","15","4","0","0","1","1","0","0"
"POINT (13.687537211000063 52.406894022000074)","Unfall 140691 (2020) Kat:2, Licht: 0","140691","2","6","4","07","12","4","0","0","0","1","0","0"
"POINT (13.403032557000074 52.521356302000072)","Unfall 140692 (2020) Kat:3, Licht: 0","140692","3","7","0","07","07","2","1","0","0","0","0","1"
"POINT (13.488456869000061 52.451332173000026)","Unfall 140693 (2020) Kat:3, Licht: 0","140693","3","3","5","07","07","3","0","0","1","1","0","0"
"POINT (13.408164532000058 52.541325774000029)","Unfall 140694 (2020) Kat:3, Licht: 0","140694","3","1","2","07","05","6","1","0","0","1","0","0"
"POINT (13.236705465000057 52.538963994000028)","Unfall 140695 (2020) Kat:3, Licht: 0","140695","3","2","5","07","07","2","0","0","1","0","0","0"
"POINT (13.401084673000071 52.529654357000027)","Unfall 140696 (2020) Kat:3, Licht: 2","140696","3","2","6","07","00","2","0","2","0","1","1","0"
"POINT (13.323053152000057 52.490602285000080)","Unfall 140697 (2020) Kat:3, Licht: 0","140697","3","5","5","07","17","5","0","0","1","1","0","0"
"POINT (13.213607702000047 52.575434139000038)","Unfall 140698 (2020) Kat:3, Licht: 0","140698","3","3","5","07","07","5","0","0","0","1","0","1"
"POINT (13.561606146000031 52.506937817000050)","Unfall 140699 (2020) Kat:3, Licht: 0","140699","3","6","2","07","10","4","0","0","0","1","0","0"
"POINT (13.510683841000059 52.464130439000030)","Unfall 140700 (2020) Kat:3, Licht: 0","140700","3","6","2","07","15","3","0","0","0","1","0","0"
"POINT (13.199608110000042 52.535038653000072)","Unfall 140701 (2020) Kat:3, Licht: 0","140701","3","6","2","07","14","4","0","0","0","1","0","0"
"POINT (13.511963121000065 52.470698228000060)","Unfall 140702 (2020) Kat:3, Licht: 0","140702","3","3","5","07","09","4","1","0","1","1","0","0"
"POINT (13.395496124000033 52.498954730000037)","Unfall 140703 (2020) Kat:3, Licht: 0","140703","3","3","5","07","07","2","0","0","1","1","0","0"
"POINT (13.471786559000066 52.507770732000040)","Unfall 140704 (2020) Kat:3, Licht: 1","140704","3","6","2","07","21","3","0","1","1","1","0","0"
"POINT (13.438662636000061 52.480733705000034)","Unfall 140705 (2020) Kat:2, Licht: 0","140705","2","3","5","07","16","5","1","0","1","1","0","0"
"POINT (13.424636165000038 52.484204442000078)","Unfall 140706 (2020) Kat:3, Licht: 0","140706","3","5","0","07","16","1","0","0","0","1","0","1"
"POINT (13.285376929000051 52.595119014000034)","Unfall 140707 (2020) Kat:3, Licht: 0","140707","3","6","2","07","18","5","1","0","0","1","0","0"
"POINT (13.260344768000039 52.412274988000036)","Unfall 140708 (2020) Kat:3, Licht: 0","140708","3","3","5","07","05","2","0","0","0","1","0","0"
"POINT (13.297010592000049 52.498055827000030)","Unfall 140709 (2020) Kat:3, Licht: 0","140709","3","7","5","07","17","2","0","0","0","1","0","1"
"POINT (13.349050184000077 52.489437704000068)","Unfall 140710 (2020) Kat:2, Licht: 0","140710","2","2","5","07","16","2","0","0","0","1","0","0"
"POINT (13.323191411000039 52.510814288000063)","Unfall 140711 (2020) Kat:3, Licht: 0","140711","3","2","6","07","15","4","0","0","0","1","1","0"
"POINT (13.472172286000045 52.425795890000074)","Unfall 140712 (2020) Kat:3, Licht: 0","140712","3","6","3","07","16","2","0","0","1","1","0","0"
"POINT (13.394281637000063 52.506954330000042)","Unfall 140713 (2020) Kat:3, Licht: 0","140713","3","1","0","07","05","4","0","0","0","0","0","1"
"POINT (13.299233362000052 52.454309524000053)","Unfall 140714 (2020) Kat:3, Licht: 0","140714","3","6","2","07","15","3","0","0","0","1","0","0"
"POINT (13.297372551000024 52.498104194000064)","Unfall 140715 (2020) Kat:3, Licht: 2","140715","3","7","0","07","22","1","1","2","0","1","0","1"
"POINT (13.427330654000059 52.506316745000049)","Unfall 140716 (2020) Kat:3, Licht: 0","140716","3","6","4","07","15","2","0","0","1","0","0","0"
"POINT (13.304153104000022 52.518277338000075)","Unfall 140717 (2020) Kat:3, Licht: 0","140717","3","1","0","07","14","5","1","0","1","0","0","0"
"POINT (13.247737080000036 52.538524699000050)","Unfall 140718 (2020) Kat:3, Licht: 0","140718","3","1","0","07","15","5","1","0","0","0","0","1"
"POINT (13.359036697000022 52.446185882000066)","Unfall 140719 (2020) Kat:2, Licht: 0","140719","2","1","0","07","20","1","0","0","0","0","0","1"
"POINT (13.423708902000044 52.543619394000075)","Unfall 140720 (2020) Kat:3, Licht: 0","140720","3","6","3","07","16","3","0","0","1","0","0","0"
"POINT (13.330151864000072 52.500501195000027)","Unfall 140721 (2020) Kat:3, Licht: 0","140721","3","5","3","07","18","6","0","0","1","1","0","0"
"POINT (13.464713751000033 52.524439953000069)","Unfall 140722 (2020) Kat:3, Licht: 0","140722","3","2","5","07","10","6","0","0","1","1","0","0"
"POINT (13.220593938000036 52.549323782000045)","Unfall 140723 (2020) Kat:3, Licht: 1","140723","3","6","0","07","20","6","0","1","0","1","0","1"
"POINT (13.390296321000051 52.515707364000036)","Unfall 140724 (2020) Kat:3, Licht: 0","140724","3","5","5","07","12","2","0","0","1","1","0","0"
"POINT (13.344407473000047 52.438022111000066)","Unfall 140725 (2020) Kat:3, Licht: 0","140725","3","4","0","07","09","6","0","0","0","0","1","0"
"POINT (13.443858449000061 52.456746610000039)","Unfall 140726 (2020) Kat:3, Licht: 0","140726","3","3","5","07","18","1","1","0","1","1","0","0"
"POINT (13.312596290000045 52.459709686000053)","Unfall 140727 (2020) Kat:3, Licht: 0","140727","3","6","1","07","18","1","0","0","1","1","0","0"
"POINT (13.373499808000076 52.564291618000027)","Unfall 140728 (2020) Kat:3, Licht: 0","140728","3","2","5","07","09","6","0","0","1","1","0","0"
"POINT (13.556220982000070 52.521463306000044)","Unfall 140729 (2020) Kat:3, Licht: 0","140729","3","5","0","07","08","4","0","0","0","1","0","0"
"POINT (13.297065242000031 52.513453155000036)","Unfall 140730 (2020) Kat:3, Licht: 0","140730","3","3","5","07","17","7","0","0","1","1","0","0"
"POINT (13.384483340000031 52.471571559000040)","Unfall 140731 (2020) Kat:3, Licht: 0","140731","3","2","5","07","08","6","0","0","1","1","0","0"
"POINT (13.179647498000065 52.553142502000071)","Unfall 140732 (2020) Kat:3, Licht: 0","140732","3","2","5","07","11","3","0","0","0","1","0","1"
"POINT (13.429084892000049 52.485392595000064)","Unfall 140733 (2020) Kat:3, Licht: 0","140733","3","7","2","07","14","6","0","0","0","0","0","1"
"POINT (13.436733706000041 52.523496434000037)","Unfall 140734 (2020) Kat:3, Licht: 2","140734","3","2","0","07","00","6","0","2","1","0","0","0"
"POINT (13.440248329000042 52.481712097000070)","Unfall 140735 (2020) Kat:3, Licht: 0","140735","3","2","0","07","11","2","0","0","1","0","0","0"
"POINT (13.353492980000055 52.447073688000046)","Unfall 140736 (2020) Kat:3, Licht: 0","140736","3","6","2","07","17","5","0","0","0","1","0","0"
"POINT (13.574983265000071 52.444491937000066)","Unfall 140737 (2020) Kat:2, Licht: 0","140737","2","3","0","07","06","5","1","0","1","0","0","0"
"POINT (13.576316612000028 52.454675612000074)","Unfall 140738 (2020) Kat:3, Licht: 1","140738","3","1","0","07","20","1","1","1","0","0","0","1"
"POINT (13.326255766000031 52.537998326000036)","Unfall 140739 (2020) Kat:3, Licht: 0","140739","3","6","3","07","20","7","0","0","0","1","0","0"
"POINT (13.430286887000022 52.499297089000038)","Unfall 140740 (2020) Kat:3, Licht: 0","140740","3","2","5","07","13","3","0","0","0","0","0","1"
"POINT (13.407742368000072 52.536680204000049)","Unfall 140741 (2020) Kat:2, Licht: 0","140741","2","4","6","07","18","5","0","0","0","1","1","0"
"POINT (13.339258361000077 52.525849065000045)","Unfall 140742 (2020) Kat:3, Licht: 0","140742","3","2","0","07","13","1","1","0","1","1","0","0"
"POINT (13.493593035000060 52.541294222000033)","Unfall 140743 (2020) Kat:3, Licht: 0","140743","3","3","5","07","17","1","0","0","1","1","0","0"
"POINT (13.289938859000074 52.582690051000043)","Unfall 140744 (2020) Kat:3, Licht: 0","140744","3","6","2","07","12","3","0","0","0","1","0","0"
"POINT (13.185510306000026 52.431319444000053)","Unfall 140745 (2020) Kat:2, Licht: 0","140745","2","6","3","07","13","7","0","0","1","0","0","0"
"POINT (13.170867639000051 52.542627072000073)","Unfall 140746 (2020) Kat:3, Licht: 0","140746","3","5","1","07","16","5","0","0","1","1","0","0"
"POINT (13.198681037000028 52.542861458000061)","Unfall 140747 (2020) Kat:2, Licht: 0","140747","2","3","5","07","10","3","0","0","0","1","0","1"
"POINT (13.388094106000040 52.555420007000066)","Unfall 140748 (2020) Kat:3, Licht: 2","140748","3","5","1","07","02","6","0","2","0","1","0","0"
"POINT (13.441333664000069 52.467539862000081)","Unfall 140749 (2020) Kat:3, Licht: 0","140749","3","7","2","07","12","5","0","0","0","1","0","0"