WKT,Name,OBJECTID,UKATEGORIE,UTYP1,UART,UMONAT,USTUNDE,UWOCHENTAG,STRZUSTAND,ULICHTVERH,ISTRAD,ISTPKW,ISTFUSS,ISTKRAD
"POINT (13.384209984000051 52.509971276000044)","Unfall 140750 (2020) Kat:3, Licht: 0","140750","3","2","5","07","16","2","1","0","1","1","0","0"
"POINT (13.401987495000071 52.446814325000048)","Unfall 140751 (2020) Kat:3, Licht: 0","140751","3","2","2","07","16","5","0","0","1","1","0","0"
"POINT (13.360298552000074 52.537306431000047)","Unfall 140752 (2020) Kat:3, Licht: 0","140752","3","2","5","07","20","4","0","0","0","1","0","0"
"POINT (13.335323439000035 52.471666878000065)","Unfall 140753 (2020) Kat:3, Licht: 0","140753","3","6","3","07","18","1","1","0","0","0","0","1"
"POINT (13.456020659000046 52.473786199000074)","Unfall 140754 (2020) Kat:3, Licht: 0","140754","3","3","5","07","17","7","0","0","1","1","0","0"
"POINT (13.381482093000045 52.552405201000056)","Unfall 140755 (2020) Kat:3, Licht: 0","140755","3","2","5","07","19","3","0","0","1","1","0","0"
"POINT (13.444633060000058 52.548441150000031)","Unfall 140756 (2020) Kat:2, Licht: 0","140756","2","6","4","07","18","6","0","0","1","0","0","0"
"POINT (13.404658021000046 52.504468054000029)","Unfall 140757 (2020) Kat:3, Licht: 0","140757","3","6","2","07","12","5","1","0","0","1","0","0"
"POINT (13.439519642000050 52.483947496000042)","Unfall 140758 (2020) Kat:3, Licht: 0","140758","3","3","5","07","20","6","0","0","0","1","0","1"
"POINT (13.575525255000059 52.447482310000055)","Unfall 140759 (2020) Kat:3, Licht: 0","140759","3","3","5","07","07","3","0","0","1","1","0","0"
"POINT (13.429888879000032 52.498215813000058)","Unfall 140760 (2020) Kat:3, Licht: 0","140760","3","3","5","07","13","6","0","0","1","1","0","0"
"POINT (13.326955019000025 52.430026175000080)","Unfall 140761 (2020) Kat:3, Licht: 0","140761","3","5","1","07","15","5","1","0","1","1","0","0"
"POINT (13.519847199000026 52.525843431000055)","Unfall 140762 (2020) Kat:3, Licht: 0","140762","3","2","5","07","10","7","0","0","1","1","0","0"
"POINT (13.446208072000047 52.549874773000056)","Unfall 140763 (2020) Kat:3, Licht: 0","140763","3","4","6","07","15","5","0","0","0","1","1","0"
"POINT (13.533074611000075 52.525701485000070)","Unfall 140764 (2020) Kat:3, Licht: 0","140764","3","2","5","07","15","3","0","0","1","1","0","0"
"POINT (13.132302433000064 52.450730359000033)","Unfall 140765 (2020) Kat:2, Licht: 2","140765","2","7","0","07","21","6","0","2","1","0","0","0"
"POINT (13.457719018000034 52.512714224000035)","Unfall 140766 (2020) Kat:3, Licht: 0","140766","3","3","5","07","14","5","0","0","1","0","0","0"
"POINT (13.548791426000037 52.557869845000027)","Unfall 140767 (2020) Kat:3, Licht: 0","140767","3","2","0","07","14","2","0","0","0","1","0","1"
"POINT (13.339609025000073 52.503302923000035)","Unfall 140768 (2020) Kat:2, Licht: 0","140768","2","5","1","07","18","4","0","0","1","1","0","0"
"POINT (13.453564314000062 52.514135563000082)","Unfall 140769 (2020) Kat:3, Licht: 2","140769","3","1","0","07","22","7","0","2","0","0","0","1"
"POINT (13.577570952000031 52.547597552000070)","Unfall 140770 (2020) Kat:3, Licht: 0","140770","3","2","5","07","11","7","0","0","0","1","0","0"
"POINT (13.503458818000070 52.534439740000039)","Unfall 140771 (2020) Kat:2, Licht: 0","140771","2","1","0","07","18","3","0","0","1","0","0","0"
"POINT (13.329543401000024 52.478708390000065)","Unfall 140772 (2020) Kat:3, Licht: 0","140772","3","5","1","07","15","6","0","0","1","1","0","0"
"POINT (13.423290630000054 52.452203901000075)","Unfall 140773 (2020) Kat:3, Licht: 0","140773","3","2","5","07","14","5","0","0","0","1","0","1"
"POINT (13.382713105000050 52.502433968000048)","Unfall 140774 (2020) Kat:3, Licht: 0","140774","3","6","4","07","07","6","0","0","1","0","0","0"
"POINT (13.435686093000072 52.483986778000030)","Unfall 140775 (2020) Kat:3, Licht: 0","140775","3","5","1","07","17","2","0","0","1","1","0","0"
"POINT (13.441204060000075 52.543459105000068)","Unfall 140776 (2020) Kat:3, Licht: 2","140776","3","1","0","07","03","6","1","2","1","0","0","0"
"POINT (13.599946627000065 52.474741883000036)","Unfall 140777 (2020) Kat:3, Licht: 2","140777","3","2","5","07","21","1","1","2","1","1","0","0"
"POINT (13.481176502000039 52.432751342000074)","Unfall 140778 (2020) Kat:3, Licht: 2","140778","3","5","1","07","03","1","0","2","1","1","0","0"
"POINT (13.450579229000027 52.518003986000053)","Unfall 140779 (2020) Kat:3, Licht: 0","140779","3","3","5","07","14","5","0","0","1","1","0","0"
"POINT (13.394425877000060 52.488226984000050)","Unfall 140780 (2020) Kat:3, Licht: 0","140780","3","2","5","07","10","4","0","0","1","1","0","0"
"POINT (13.224821631000054 52.428679951000049)","Unfall 140781 (2020) Kat:3, Licht: 0","140781","3","3","5","07","18","7","0","0","1","1","0","0"
"POINT (13.246876542000052 52.538105390000055)","Unfall 140782 (2020) Kat:3, Licht: 0","140782","3","6","2","07","13","2","0","0","0","1","0","0"
"POINT (13.427596464000032 52.500710085000037)","Unfall 140783 (2020) Kat:3, Licht: 2","140783","3","5","1","07","01","1","1","2","0","1","0","0"
"POINT (13.450291917000072 52.477703915000063)","Unfall 140784 (2020) Kat:3, Licht: 0","140784","3","7","1","07","16","4","0","0","0","1","0","0"
"POINT (13.480767129000071 52.499193172000048)","Unfall 140785 (2020) Kat:3, Licht: 0","140785","3","2","5","07","19","7","0","0","1","1","0","0"
"POINT (13.521937294000054 52.554091904000074)","Unfall 140786 (2020) Kat:3, Licht: 0","140786","3","3","5","07","17","3","0","0","1","1","0","0"
"POINT (13.366536048000057 52.556887559000074)","Unfall 140787 (2020) Kat:3, Licht: 0","140787","3","5","1","07","16","6","0","0","1","1","0","0"
"POINT (13.441906160000030 52.525446407000061)","Unfall 140788 (2020) Kat:2, Licht: 0","140788","2","1","0","07","13","5","1","0","1","0","0","0"
"POINT (13.401699717000042 52.587327516000073)","Unfall 140789 (2020) Kat:2, Licht: 0","140789","2","2","6","07","14","6","1","0","0","1","1","0"
"POINT (13.581479660000070 52.504725811000071)","Unfall 140790 (2020) Kat:2, Licht: 0","140790","2","7","0","07","12","2","0","0","1","0","0","0"
"POINT (13.330244429000061 52.539520181000057)","Unfall 140791 (2020) Kat:3, Licht: 0","140791","3","1","0","07","16","5","0","0","1","0","0","0"
"POINT (13.346254784000052 52.496517940000047)","Unfall 140792 (2020) Kat:3, Licht: 0","140792","3","6","3","07","16","1","0","0","0","1","0","0"
"POINT (13.198515930000042 52.435426464000045)","Unfall 140793 (2020) Kat:2, Licht: 0","140793","2","7","5","07","18","1","0","0","1","1","0","0"
"POINT (13.405416849000062 52.547031123000068)","Unfall 140794 (2020) Kat:3, Licht: 0","140794","3","3","0","07","13","5","0","0","1","1","0","0"
"POINT (13.386288416000070 52.531379504000029)","Unfall 140795 (2020) Kat:3, Licht: 0","140795","3","6","2","07","06","4","0","0","0","0","0","0"
"POINT (13.362639530000024 52.566585550000070)","Unfall 140796 (2020) Kat:3, Licht: 0","140796","3","3","0","07","16","7","0","0","1","1","0","0"
"POINT (13.378976115000057 52.526274827000066)","Unfall 140797 (2020) Kat:3, Licht: 0","140797","3","4","6","07","13","5","0","0","1","0","1","0"
"POINT (13.456058481000071 52.434350552000069)","Unfall 140798 (2020) Kat:3, Licht: 0","140798","3","6","2","07","10","3","0","0","0","1","0","1"
"POINT (13.336473461000026 52.542102529000033)","Unfall 140799 (2020) Kat:3, Licht: 0","140799","3","2","2","07","13","6","0","0","0","1","0","1"
"POINT (13.580512881000061 52.443024328000035)","Unfall 140800 (2020) Kat:3, Licht: 0","140800","3","6","2","07","13","5","0","0","0","0","0","1"
"POINT (13.390113626000073 52.509111215000075)","Unfall 140801 (2020) Kat:3, Licht: 0","140801","3","5","1","07","12","5","0","0","1","0","0","0"
"POINT (13.352127897000059 52.505540920000044)","Unfall 140802 (2020) Kat:3, Licht: 0","140802","3","3","5","07","12","3","0","0","0","1","0","1"
"POINT (13.342955923000034 52.573421708000069)","Unfall 140803 (2020) Kat:2, Licht: 0","140803","2","5","5","07","15","6","0","0","0","1","0","1"
"POINT (13.390594208000039 52.531839885000068)","Unfall 140804 (2020) Kat:3, Licht: 0","140804","3","6","0","07","11","5","1","0","1","0","0","1"
"POINT (13.384695513000054 52.446762742000033)","Unfall 140805 (2020) Kat:3, Licht: 0","140805","3","7","6","07","16","2","0","0","0","1","1","0"
"POINT (13.223948695000047 52.429698133000045)","Unfall 140806 (2020) Kat:2, Licht: 0","140806","2","2","5","07","19","5","0","0","1","1","0","0"
"POINT (13.435330273000034 52.425468902000034)","Unfall 140807 (2020) Kat:3, Licht: 0","140807","3","3","5","07","18","5","0","0","1","1","0","0"
"POINT (13.401718062000043 52.528960076000033)","Unfall 140808 (2020) Kat:3, Licht: 0","140808","3","7","2","07","14","5","0","0","1","1","0","0"
"POINT (13.452253101000053 52.547461276000035)","Unfall 140809 (2020) Kat:3, Licht: 0","140809","3","7","1","07","10","1","0","0","0","1","0","0"
"POINT (13.305235150000044 52.553741684000045)","Unfall 140810 (2020) Kat:3, Licht: 0","140810","3","6","2","07","13","1","0","0","1","0","0","0"
"POINT (13.257994438000026 52.436354098000038)","Unfall 140811 (2020) Kat:3, Licht: 0","140811","3","6","2","07","14","3","0","0","0","1","0","0"
"POINT (13.370474520000073 52.468500209000069)","Unfall 140812 (2020) Kat:2, Licht: 0","140812","2","6","3","07","12","7","0","0","1","1","0","0"
"POINT (13.448099934000027 52.477792899000065)","Unfall 140813 (2020) Kat:2, Licht: 0","140813","2","2","5","07","11","5","0","0","0","0","0","0"
"POINT (13.595981772000073 52.432219877000080)","Unfall 140814 (2020) Kat:3, Licht: 0","140814","3","3","5","07","09","3","0","0","0","1","0","0"
"POINT (13.449354939000045 52.506084868000073)","Unfall 140815 (2020) Kat:3, Licht: 2","140815","3","1","0","07","01","6","0","2","1","0","0","0"
"POINT (13.349867841000048 52.500432209000053)","Unfall 140816 (2020) Kat:3, Licht: 0","140816","3","7","5","07","11","5","0","0","0","1","0","0"
"POINT (13.535250361000067 52.422485754000036)","Unfall 140817 (2020) Kat:3, Licht: 0","140817","3","5","1","07","15","2","0","0","1","1","0","0"
"POINT (13.343706085000065 52.526342840000041)","Unfall 140818 (2020) Kat:2, Licht: 0","140818","2","6","3","07","15","5","0","0","1","0","0","0"
"POINT (13.433777400000054 52.443991416000074)","Unfall 140819 (2020) Kat:3, Licht: 0","140819","3","6","2","07","19","4","0","0","0","1","0","0"
"POINT (13.422993768000026 52.500107946000071)","Unfall 140820 (2020) Kat:3, Licht: 0","140820","3","6","2","07","19","7","0","0","0","1","0","0"
"POINT (13.147743051000077 52.418201889000045)","Unfall 140821 (2020) Kat:3, Licht: 0","140821","3","2","0","07","14","7","0","0","1","1","0","0"
"POINT (13.549523722000060 52.568776691000039)","Unfall 140822 (2020) Kat:3, Licht: 0","140822","3","2","2","07","08","2","0","0","0","1","0","0"
"POINT (13.437713740000049 52.570243812000058)","Unfall 140823 (2020) Kat:3, Licht: 0","140823","3","6","2","07","16","5","0","0","0","1","0","0"
"POINT (13.346276717000023 52.501077645000066)","Unfall 140824 (2020) Kat:3, Licht: 1","140824","3","2","5","07","20","4","0","1","0","1","0","0"
"POINT (13.267153509000025 52.410408892000078)","Unfall 140825 (2020) Kat:3, Licht: 0","140825","3","7","0","07","19","1","1","0","0","0","0","1"
"POINT (13.443982715000061 52.500139700000034)","Unfall 140826 (2020) Kat:2, Licht: 0","140826","2","3","5","07","20","7","0","0","1","0","0","0"
"POINT (13.387539807000053 52.493068994000055)","Unfall 140827 (2020) Kat:3, Licht: 2","140827","3","4","6","07","23","3","0","2","1","0","1","0"
"POINT (13.330870836000031 52.452715880000028)","Unfall 140828 (2020) Kat:3, Licht: 2","140828","3","5","1","07","04","7","0","2","0","1","0","1"
"POINT (13.324230917000023 52.564949999000078)","Unfall 140829 (2020) Kat:2, Licht: 0","140829","2","2","5","07","11","5","0","0","1","1","0","0"
"POINT (13.196975510000073 52.531216809000057)","Unfall 140830 (2020) Kat:3, Licht: 0","140830","3","4","6","07","08","3","0","0","1","0","1","0"
"POINT (13.317662248000033 52.506012691000080)","Unfall 140831 (2020) Kat:2, Licht: 1","140831","2","1","0","07","20","6","0","1","0","0","0","0"
"POINT (13.327613901000063 52.463103823000040)","Unfall 140832 (2020) Kat:3, Licht: 0","140832","3","6","4","07","11","5","1","0","1","1","0","0"
"POINT (13.346069563000071 52.498825511000064)","Unfall 140833 (2020) Kat:3, Licht: 0","140833","3","3","5","07","13","2","0","0","0","1","0","1"
"POINT (13.460984894000035 52.454244057000039)","Unfall 140834 (2020) Kat:3, Licht: 0","140834","3","2","3","07","12","2","0","0","0","1","0","0"
"POINT (13.438498246000051 52.473463348000053)","Unfall 140835 (2020) Kat:3, Licht: 0","140835","3","1","0","07","17","4","0","0","1","0","0","0"
"POINT (13.454722395000033 52.592900500000042)","Unfall 140836 (2020) Kat:3, Licht: 0","140836","3","7","2","07","19","7","0","0","0","1","0","0"
"POINT (13.357193259000042 52.535848682000051)","Unfall 140837 (2020) Kat:3, Licht: 0","140837","3","6","0","07","18","3","0","0","1","1","0","0"
"POINT (13.379798463000043 52.536461912000050)","Unfall 140838 (2020) Kat:3, Licht: 0","140838","3","7","0","07","18","6","0","0","1","1","0","0"
"POINT (13.290129460000060 52.496929717000057)","Unfall 140839 (2020) Kat:3, Licht: 0","140839","3","3","5","07","11","5","2","0","1","0","0","0"
"POINT (13.359331612000062 52.546588061000080)","Unfall 140840 (2020) Kat:2, Licht: 0","140840","2","4","6","07","05","6","0","0","1","0","1","0"
"POINT (13.447179511000058 52.498254348000046)","Unfall 140841 (2020) Kat:3, Licht: 0","140841","3","7","0","07","19","3","0","0","0","1","0","1"
"POINT (13.454015857000059 52.423622985000065)","Unfall 140842 (2020) Kat:3, Licht: 0","140842","3","6","2","07","13","6","0","0","0","1","0","0"
"POINT (13.344516945000066 52.437875900000051)","Unfall 140843 (2020) Kat:2, Licht: 0","140843","2","6","0","07","10","5","0","0","0","1","0","0"
"POINT (13.424943997000071 52.481315146000043)","Unfall 140844 (2020) Kat:3, Licht: 0","140844","3","4","6","07","15","6","0","0","1","0","1","0"
"POINT (13.415722713000036 52.526708178000035)","Unfall 140845 (2020) Kat:2, Licht: 0","140845","2","2","6","07","06","3","0","0","0","1","1","0"
"POINT (13.313895360000060 52.419888870000079)","Unfall 140846 (2020) Kat:2, Licht: 0","140846","2","7","5","07","12","6","0","0","0","1","0","1"
"POINT (13.317627644000027 52.514018652000061)","Unfall 140847 (2020) Kat:2, Licht: 2","140847","2","3","5","07","21","1","0","2","0","1","0","0"
"POINT (13.556991934000052 52.524978418000046)","Unfall 140848 (2020) Kat:3, Licht: 0","140848","3","4","6","07","11","1","0","0","0","1","1","0"
"POINT (13.329906271000027 52.569258446000049)","Unfall 140849 (2020) Kat:3, Licht: 0","140849","3","2","5","07","11","7","0","0","0","1","0","1"
"POINT (13.325495265000029 52.561338719000048)","Unfall 140850 (2020) Kat:3, Licht: 0","140850","3","6","3","07","14","4","0","0","0","1","0","0"
"POINT (13.423353391000035 52.551089066000031)","Unfall 140851 (2020) Kat:3, Licht: 0","140851","3","4","6","07","19","7","0","0","1","0","1","0"
"POINT (13.440792339000041 52.591351166000038)","Unfall 140852 (2020) Kat:2, Licht: 0","140852","2","3","5","07","16","3","0","0","0","1","0","1"
"POINT (13.442172212000060 52.425195264000081)","Unfall 140853 (2020) Kat:3, Licht: 0","140853","3","6","2","07","16","6","0","0","0","1","0","0"
"POINT (13.332513756000026 52.468985399000076)","Unfall 140854 (2020) Kat:3, Licht: 0","140854","3","2","5","07","08","5","0","0","0","1","0","0"
"POINT (13.472638754000059 52.461144510000054)","Unfall 140855 (2020) Kat:3, Licht: 0","140855","3","3","5","07","17","6","0","0","0","1","0","0"
"POINT (13.387440416000061 52.555472545000043)","Unfall 140856 (2020) Kat:3, Licht: 0","140856","3","7","1","07","16","2","1","0","1","1","1","0"
"POINT (13.430340034000039 52.499291289000041)","Unfall 140857 (2020) Kat:3, Licht: 2","140857","3","2","5","07","23","5","0","2","1","1","0","0"
"POINT (13.367330580000043 52.573077760000047)","Unfall 140858 (2020) Kat:3, Licht: 2","140858","3","7","1","07","03","7","0","2","0","1","0","0"
"POINT (13.526684928000066 52.428795064000042)","Unfall 140859 (2020) Kat:3, Licht: 0","140859","3","2","5","07","14","1","0","0","0","1","0","0"
"POINT (13.438878702000068 52.494948976000046)","Unfall 140860 (2020) Kat:3, Licht: 0","140860","3","2","5","07","17","1","0","0","1","1","0","0"
"POINT (13.323288860000048 52.575747625000076)","Unfall 140861 (2020) Kat:3, Licht: 0","140861","3","1","0","07","12","2","0","0","1","0","0","0"
"POINT (13.312834844000065 52.480388048000066)","Unfall 140862 (2020) Kat:3, Licht: 0","140862","3","2","2","07","10","6","0","0","0","1","0","0"
"POINT (13.291660422000064 52.575521391000052)","Unfall 140863 (2020) Kat:3, Licht: 0","140863","3","7","5","07","09","7","0","0","0","1","0","1"
"POINT (13.315854801000057 52.467147970000042)","Unfall 140864 (2020) Kat:3, Licht: 0","140864","3","7","6","07","18","1","0","0","0","1","1","0"
"POINT (13.616445156000054 52.446779753000044)","Unfall 140865 (2020) Kat:3, Licht: 0","140865","3","1","0","07","18","1","1","0","1","0","0","0"
"POINT (13.339856346000033 52.518940260000079)","Unfall 140866 (2020) Kat:3, Licht: 0","140866","3","2","5","07","08","5","0","0","1","1","0","0"
"POINT (13.581720523000058 52.440354258000070)","Unfall 140867 (2020) Kat:3, Licht: 0","140867","3","3","5","07","09","4","0","0","1","1","0","0"
"POINT (13.324058014000059 52.587683531000039)","Unfall 140868 (2020) Kat:3, Licht: 0","140868","3","3","5","07","17","7","0","0","1","1","0","0"
"POINT (13.344920454000032 52.539131201000032)","Unfall 140869 (2020) Kat:3, Licht: 0","140869","3","2","5","07","08","5","0","0","1","0","0","0"
"POINT (13.340521049000074 52.504339715000071)","Unfall 140870 (2020) Kat:3, Licht: 0","140870","3","3","5","07","11","3","0","0","1","1","0","0"
"POINT (13.441647478000050 52.481027380000057)","Unfall 140871 (2020) Kat:3, Licht: 0","140871","3","6","2","07","14","6","0","0","0","1","0","0"
"POINT (13.559052343000076 52.446731565000050)","Unfall 140872 (2020) Kat:3, Licht: 0","140872","3","1","0","07","07","5","1","0","0","0","0","1"
"POINT (13.396452868000040 52.440055003000055)","Unfall 140873 (2020) Kat:2, Licht: 0","140873","2","3","5","07","09","2","0","0","0","1","0","0"
"POINT (13.286185306000050 52.520419194000056)","Unfall 140874 (2020) Kat:3, Licht: 0","140874","3","2","5","07","17","5","0","0","0","1","0","1"
"POINT (13.294840170000043 52.539566917000059)","Unfall 140875 (2020) Kat:2, Licht: 0","140875","2","2","6","07","08","7","0","0","0","1","1","0"
"POINT (13.476314441000056 52.476310301000069)","Unfall 140876 (2020) Kat:3, Licht: 0","140876","3","4","6","07","10","5","0","0","0","1","1","0"
"POINT (13.398873814000069 52.532673627000065)","Unfall 140877 (2020) Kat:2, Licht: 0","140877","2","3","5","07","06","1","0","0","0","1","0","0"
"POINT (13.361563193000052 52.412537369000063)","Unfall 140878 (2020) Kat:2, Licht: 1","140878","2","3","5","07","21","7","0","1","0","1","0","0"
"POINT (13.470119537000073 52.574250863000032)","Unfall 140879 (2020) Kat:3, Licht: 0","140879","3","6","4","07","12","3","0","0","1","1","0","0"
"POINT (13.544446350000044 52.410531123000055)","Unfall 140880 (2020) Kat:3, Licht: 0","140880","3","3","5","07","10","7","0","0","1","1","0","0"
"POINT (13.256625780000036 52.429046846000062)","Unfall 140881 (2020) Kat:2, Licht: 0","140881","2","3","5","07","07","5","1","0","0","1","0","1"
"POINT (13.284330915000055 52.594578831000035)","Unfall 140882 (2020) Kat:2, Licht: 0","140882","2","3","5","07","16","3","0","0","1","0","0","1"
"POINT (13.365859407000073 52.525456219000034)","Unfall 140883 (2020) Kat:2, Licht: 2","140883","2","1","0","07","22","4","0","2","1","0","0","0"
"POINT (13.438359845000036 52.569177936000074)","Unfall 140884 (2020) Kat:2, Licht: 0","140884","2","6","3","07","15","7","0","0","1","1","0","0"
"POINT (13.354941840000038 52.495970734000082)","Unfall 140885 (2020) Kat:3, Licht: 0","140885","3","5","1","07","07","5","1","0","1","0","0","0"
"POINT (13.416595643000051 52.523675580000031)","Unfall 140886 (2020) Kat:3, Licht: 0","140886","3","3","5","07","10","3","0","0","1","1","0","0"
"POINT (13.442787219000024 52.493740452000054)","Unfall 140887 (2020) Kat:2, Licht: 2","140887","2","7","0","07","03","6","0","2","0","1","0","0"
"POINT (13.389409231000059 52.495958030000054)","Unfall 140888 (2020) Kat:3, Licht: 0","140888","3","2","5","07","07","5","1","0","1","1","0","0"
"POINT (13.409336666000058 52.531125639000038)","Unfall 140889 (2020) Kat:3, Licht: 2","140889","3","7","0","07","01","2","0","2","1","1","0","0"
"POINT (13.414706470000056 52.553571674000068)","Unfall 140890 (2020) Kat:3, Licht: 0","140890","3","2","5","07","16","5","0","0","1","1","0","0"
"POINT (13.411167372000023 52.503507442000057)","Unfall 140891 (2020) Kat:3, Licht: 0","140891","3","3","5","07","05","7","0","0","1","1","0","0"
"POINT (13.303635742000040 52.631319562000044)","Unfall 140892 (2020) Kat:2, Licht: 0","140892","2","1","0","07","20","4","0","0","1","0","0","0"
"POINT (13.258511026000065 52.430601653000053)","Unfall 140893 (2020) Kat:3, Licht: 0","140893","3","6","2","07","19","1","1","0","0","1","0","0"
"POINT (13.460561652000024 52.512290606000079)","Unfall 140894 (2020) Kat:3, Licht: 0","140894","3","1","1","07","18","7","0","0","1","1","0","0"
"POINT (13.517138582000030 52.461742880000031)","Unfall 140895 (2020) Kat:3, Licht: 0","140895","3","3","5","07","20","3","0","0","0","1","0","0"
"POINT (13.427835918000028 52.571992360000081)","Unfall 140896 (2020) Kat:2, Licht: 2","140896","2","1","0","07","01","7","0","2","1","0","0","0"
"POINT (13.436206961000039 52.592966003000072)","Unfall 140897 (2020) Kat:3, Licht: 0","140897","3","3","5","07","05","5","1","0","1","0","0","0"
"POINT (13.286903955000071 52.422485909000045)","Unfall 140898 (2020) Kat:3, Licht: 0","140898","3","3","5","07","14","6","0","0","0","1","0","0"
"POINT (13.561689008000030 52.504210241000067)","Unfall 140899 (2020) Kat:3, Licht: 0","140899","3","2","5","07","08","3","0","0","1","1","0","0"
"POINT (13.430857699000057 52.468277523000040)","Unfall 140900 (2020) Kat:3, Licht: 0","140900","3","5","1","07","13","6","0","0","1","1","0","0"
"POINT (13.336504009000066 52.504124345000037)","Unfall 140901 (2020) Kat:3, Licht: 1","140901","3","1","9","07","04","5","0","1","0","1","0","0"
"POINT (13.387669198000026 52.503354425000055)","Unfall 140902 (2020) Kat:3, Licht: 0","140902","3","7","5","07","13","2","0","0","0","1","0","1"
"POINT (13.435229595000067 52.470541250000053)","Unfall 140903 (2020) Kat:3, Licht: 2","140903","3","3","5","07","22","1","0","2","0","1","0","0"
"POINT (13.457308836000038 52.512935398000081)","Unfall 140904 (2020) Kat:3, Licht: 1","140904","3","6","2","07","21","6","0","1","0","1","0","1"
"POINT (13.313719980000030 52.506368444000032)","Unfall 140905 (2020) Kat:3, Licht: 2","140905","3","4","6","07","22","5","0","2","1","0","1","0"
"POINT (13.508351171000072 52.452358489000062)","Unfall 140906 (2020) Kat:3, Licht: 0","140906","3","6","3","07","14","2","0","0","0","1","0","1"
"POINT (13.581140199000060 52.503890280000064)","Unfall 140907 (2020) Kat:3, Licht: 0","140907","3","7","0","07","18","4","0","0","1","0","0","0"
"POINT (13.324322621000022 52.497547523000037)","Unfall 140908 (2020) Kat:3, Licht: 1","140908","3","7","5","07","21","7","0","1","0","1","0","0"
"POINT (13.612355507000075 52.511276075000069)","Unfall 140909 (2020) Kat:3, Licht: 0","140909","3","2","0","07","12","7","0","0","1","1","0","0"
"POINT (13.620966613000064 52.456047863000038)","Unfall 140910 (2020) Kat:3, Licht: 0","140910","3","3","5","07","18","3","0","0","0","1","0","1"
"POINT (13.423278973000038 52.524032974000079)","Unfall 140911 (2020) Kat:3, Licht: 2","140911","3","5","1","07","23","6","0","2","0","1","0","0"
"POINT (13.380432718000066 52.518121451000070)","Unfall 140912 (2020) Kat:3, Licht: 1","140912","3","2","5","07","21","5","0","1","1","1","0","0"
"POINT (13.369860374000041 52.589356531000078)","Unfall 140913 (2020) Kat:3, Licht: 0","140913","3","1","0","07","16","6","1","0","0","0","0","1"
"POINT (13.554072568000038 52.492658838000068)","Unfall 140914 (2020) Kat:3, Licht: 0","140914","3","3","5","07","05","3","0","0","0","1","0","1"
"POINT (13.252060658000062 52.599841887000082)","Unfall 140915 (2020) Kat:3, Licht: 0","140915","3","3","5","07","11","6","0","0","1","1","0","0"
"POINT (13.258230697000045 52.518184634000079)","Unfall 140916 (2020) Kat:3, Licht: 0","140916","3","2","5","07","10","6","0","0","0","1","0","0"
"POINT (13.590771871000072 52.423432155000057)","Unfall 140917 (2020) Kat:3, Licht: 0","140917","3","3","0","07","19","1","0","0","0","1","0","1"
"POINT (13.409752125000068 52.528810488000033)","Unfall 140918 (2020) Kat:3, Licht: 0","140918","3","6","3","07","06","1","0","0","1","0","0","0"
"POINT (13.404088869000077 52.508466758000054)","Unfall 140919 (2020) Kat:2, Licht: 0","140919","2","5","1","07","12","6","0","0","1","1","0","0"
"POINT (13.306943539000031 52.510060661000068)","Unfall 140920 (2020) Kat:3, Licht: 0","140920","3","6","2","07","13","4","0","0","1","1","0","0"
"POINT (13.353925669000034 52.562179023000056)","Unfall 140921 (2020) Kat:3, Licht: 0","140921","3","2","5","07","18","7","0","0","1","1","0","0"
"POINT (13.293827585000031 52.484345855000072)","Unfall 140922 (2020) Kat:3, Licht: 0","140922","3","3","5","07","12","3","0","0","0","1","0","0"
"POINT (13.395414928000037 52.524348525000050)","Unfall 140923 (2020) Kat:3, Licht: 0","140923","3","2","5","07","15","6","0","0","1","1","0","0"
"POINT (13.346482628000047 52.506835868000053)","Unfall 140924 (2020) Kat:3, Licht: 0","140924","3","1","0","07","16","4","0","0","1","0","0","0"
"POINT (13.421472212000026 52.537628246000054)","Unfall 140925 (2020) Kat:3, Licht: 0","140925","3","3","5","07","19","7","0","0","0","1","0","0"
"POINT (13.405529040000033 52.489028084000040)","Unfall 140926 (2020) Kat:3, Licht: 0","140926","3","2","5","07","17","3","0","0","1","0","0","0"
"POINT (13.489800663000040 52.419935680000037)","Unfall 140927 (2020) Kat:3, Licht: 0","140927","3","3","2","07","17","6","0","0","1","1","0","0"
"POINT (13.398842555000044 52.546378570000059)","Unfall 140928 (2020) Kat:3, Licht: 0","140928","3","3","5","07","20","5","0","0","1","1","0","0"
"POINT (13.487078025000073 52.422891316000062)","Unfall 140929 (2020) Kat:2, Licht: 0","140929","2","2","5","07","14","6","0","0","0","1","0","1"
"POINT (13.414288338000063 52.508203372000082)","Unfall 140930 (2020) Kat:2, Licht: 0","140930","2","6","2","07","19","2","0","0","1","0","0","0"
"POINT (13.318887484000072 52.575957712000047)","Unfall 140931 (2020) Kat:3, Licht: 0","140931","3","3","5","07","06","6","0","0","1","1","0","0"
"POINT (13.434693786000025 52.440319867000028)","Unfall 140932 (2020) Kat:3, Licht: 0","140932","3","2","5","07","17","1","1","0","1","1","0","0"
"POINT (13.256032045000040 52.435826586000076)","Unfall 140933 (2020) Kat:3, Licht: 0","140933","3","3","5","07","18","1","0","0","0","1","0","1"
"POINT (13.197398387000021 52.516088347000050)","Unfall 140934 (2020) Kat:3, Licht: 0","140934","3","7","2","07","20","5","0","0","1","0","0","0"
"POINT (13.329075222000029 52.502063209000028)","Unfall 140935 (2020) Kat:3, Licht: 0","140935","3","5","0","07","16","4","0","0","1","1","0","0"