WKT,Name,OBJECTID,UKATEGORIE,UTYP1,UART,UMONAT,USTUNDE,UWOCHENTAG,STRZUSTAND,ULICHTVERH,ISTRAD,ISTPKW,ISTFUSS,ISTKRAD
"POINT (13.371280609000053 52.510925193000048)","Unfall 140936 (2020) Kat:3, Licht: 0","140936","3","6","2","07","16","7","0","0","0","1","0","0"
"POINT (13.227609097000027 52.606966878000037)","Unfall 140937 (2020) Kat:3, Licht: 0","140937","3","7","0","07","20","5","0","0","0","1","0","0"
"POINT (13.401635343000066 52.587321191000058)","Unfall 140938 (2020) Kat:3, Licht: 0","140938","3","3","5","07","11","3","0","0","1","1","0","0"
"POINT (13.465948551000054 52.428940675000035)","Unfall 140939 (2020) Kat:3, Licht: 0","140939","3","3","5","07","14","6","0","0","1","1","0","0"
"POINT (13.309650360000035 52.506587904000071)","Unfall 140940 (2020) Kat:3, Licht: 0","140940","3","7","2","07","19","5","0","0","1","1","0","0"
"POINT (13.549170818000050 52.435976672000038)","Unfall 140941 (2020) Kat:2, Licht: 0","140941","2","6","3","07","09","2","0","0","1","0","0","0"
"POINT (13.379468699000029 52.593891354000050)","Unfall 140942 (2020) Kat:3, Licht: 0","140942","3","3","5","07","17","5","0","0","1","0","0","0"
"POINT (13.197021664000033 52.561960695000039)","Unfall 140943 (2020) Kat:3, Licht: 0","140943","3","6","0","07","16","6","1","0","0","0","0","1"
"POINT (13.395559399000035 52.498877874000073)","Unfall 140944 (2020) Kat:3, Licht: 0","140944","3","6","0","07","06","5","1","0","0","1","0","1"
"POINT (13.267484592000073 52.408208882000054)","Unfall 140945 (2020) Kat:3, Licht: 0","140945","3","2","5","07","18","5","0","0","1","1","0","0"
"POINT (13.341258248000031 52.504969448000054)","Unfall 140946 (2020) Kat:3, Licht: 0","140946","3","2","5","07","11","2","0","0","1","1","0","0"
"POINT (13.287657320000051 52.515541898000038)","Unfall 140947 (2020) Kat:3, Licht: 0","140947","3","2","5","07","15","5","0","0","1","0","0","0"
"POINT (13.400339467000038 52.490524409000045)","Unfall 140948 (2020) Kat:2, Licht: 0","140948","2","3","5","07","18","5","0","0","1","1","0","0"
"POINT (13.158089089000043 52.533169168000029)","Unfall 140949 (2020) Kat:3, Licht: 0","140949","3","2","2","07","15","5","0","0","0","1","0","0"
"POINT (13.387011841000060 52.411750153000071)","Unfall 140950 (2020) Kat:3, Licht: 0","140950","3","3","0","07","11","1","1","0","1","0","0","1"
"POINT (13.342433914000026 52.545237712000073)","Unfall 140951 (2020) Kat:3, Licht: 0","140951","3","6","2","07","14","1","0","0","0","1","0","0"
"POINT (13.400653028000022 52.483671073000039)","Unfall 140952 (2020) Kat:3, Licht: 0","140952","3","6","0","07","15","3","0","0","1","1","0","0"
"POINT (13.337002493000057 52.482493794000050)","Unfall 140953 (2020) Kat:3, Licht: 0","140953","3","6","0","07","13","7","0","0","1","1","0","0"
"POINT (13.431874518000029 52.614326698000070)","Unfall 140954 (2020) Kat:3, Licht: 0","140954","3","3","5","07","18","5","1","0","0","1","0","0"
"POINT (13.220710478000058 52.536826739000048)","Unfall 140955 (2020) Kat:3, Licht: 0","140955","3","2","5","07","10","3","0","0","1","0","0","0"
"POINT (13.485035634000042 52.533227683000064)","Unfall 140956 (2020) Kat:2, Licht: 2","140956","2","3","5","07","01","6","0","2","1","1","0","0"
"POINT (13.423347584000055 52.488667133000035)","Unfall 140957 (2020) Kat:3, Licht: 0","140957","3","4","6","07","18","5","0","0","1","0","1","0"
"POINT (13.513826632000075 52.551243178000050)","Unfall 140958 (2020) Kat:3, Licht: 0","140958","3","6","2","07","15","2","1","0","0","1","0","0"
"POINT (13.296371550000060 52.429242159000069)","Unfall 140959 (2020) Kat:2, Licht: 0","140959","2","7","1","07","16","5","0","0","0","1","0","0"
"POINT (13.371824925000055 52.544269979000035)","Unfall 140960 (2020) Kat:3, Licht: 0","140960","3","5","5","07","20","4","0","0","0","1","0","0"
"POINT (13.339382762000071 52.499726637000037)","Unfall 140961 (2020) Kat:3, Licht: 0","140961","3","2","5","07","18","1","1","0","1","1","0","0"
"POINT (13.449122634000048 52.537384328000030)","Unfall 140962 (2020) Kat:3, Licht: 0","140962","3","6","2","07","15","7","0","0","0","1","0","1"
"POINT (13.409633721000034 52.504048481000041)","Unfall 140963 (2020) Kat:2, Licht: 0","140963","2","3","5","07","19","3","0","0","1","0","0","0"
"POINT (13.427556600000059 52.481699327000058)","Unfall 140964 (2020) Kat:3, Licht: 0","140964","3","7","0","07","17","6","0","0","0","1","0","1"
"POINT (13.320870471000035 52.481823770000062)","Unfall 140965 (2020) Kat:3, Licht: 0","140965","3","5","1","07","17","5","0","0","0","1","0","0"
"POINT (13.579877700000054 52.443620226000064)","Unfall 140966 (2020) Kat:3, Licht: 0","140966","3","6","0","07","19","1","1","0","0","1","0","1"
"POINT (13.337593398000024 52.488348556000062)","Unfall 140967 (2020) Kat:3, Licht: 1","140967","3","5","1","07","21","7","0","1","1","1","0","0"
"POINT (13.513440545000037 52.465184866000072)","Unfall 140968 (2020) Kat:3, Licht: 0","140968","3","6","3","07","13","3","0","0","1","1","0","0"
"POINT (13.619659722000051 52.528874054000028)","Unfall 140969 (2020) Kat:3, Licht: 0","140969","3","2","4","07","10","7","0","0","1","0","0","0"
"POINT (13.304440537000062 52.486703794000050)","Unfall 140970 (2020) Kat:3, Licht: 0","140970","3","2","5","07","16","5","0","0","0","1","0","1"
"POINT (13.559501190000049 52.533967423000036)","Unfall 140971 (2020) Kat:3, Licht: 0","140971","3","3","5","07","08","3","0","0","0","1","0","0"
"POINT (13.415550465000024 52.520651604000079)","Unfall 140972 (2020) Kat:3, Licht: 0","140972","3","7","2","07","20","6","0","0","0","1","0","1"
"POINT (13.346881512000039 52.500907025000060)","Unfall 140973 (2020) Kat:2, Licht: 0","140973","2","6","3","07","16","5","0","0","0","1","0","1"
"POINT (13.496498326000051 52.534023569000055)","Unfall 140974 (2020) Kat:3, Licht: 0","140974","3","3","5","07","13","2","0","0","1","1","0","0"
"POINT (13.273489119000033 52.481267222000042)","Unfall 140975 (2020) Kat:3, Licht: 0","140975","3","3","5","07","14","2","0","0","0","1","0","0"
"POINT (13.354206585000043 52.449102996000079)","Unfall 140976 (2020) Kat:3, Licht: 0","140976","3","3","5","07","15","6","0","0","1","1","0","0"
"POINT (13.289673941000046 52.497658402000070)","Unfall 140977 (2020) Kat:3, Licht: 0","140977","3","5","1","07","17","4","0","0","1","1","0","0"
"POINT (13.447504827000046 52.505527665000045)","Unfall 140978 (2020) Kat:3, Licht: 0","140978","3","4","6","07","20","7","0","0","0","1","1","0"
"POINT (13.443040753000048 52.571018479000031)","Unfall 140979 (2020) Kat:3, Licht: 0","140979","3","6","2","07","18","3","0","0","0","1","0","0"
"POINT (13.580865652000057 52.418515440000078)","Unfall 140980 (2020) Kat:3, Licht: 0","140980","3","3","5","07","19","6","0","0","1","0","0","0"
"POINT (13.600330970000073 52.482820074000074)","Unfall 140981 (2020) Kat:3, Licht: 0","140981","3","5","5","07","15","5","0","0","0","1","0","0"
"POINT (13.489139119000072 52.542346357000042)","Unfall 140982 (2020) Kat:3, Licht: 0","140982","3","6","2","07","14","6","0","0","0","1","0","0"
"POINT (13.525180876000036 52.536515868000038)","Unfall 140983 (2020) Kat:3, Licht: 0","140983","3","1","0","07","16","2","1","0","1","0","0","0"
"POINT (13.330434796000077 52.445158936000041)","Unfall 140984 (2020) Kat:3, Licht: 0","140984","3","3","5","07","10","6","0","0","1","1","0","0"
"POINT (13.438758888000052 52.505565815000068)","Unfall 140985 (2020) Kat:3, Licht: 2","140985","3","1","0","07","23","1","1","2","1","0","0","0"
"POINT (13.608729693000043 52.517911483000034)","Unfall 140986 (2020) Kat:3, Licht: 0","140986","3","5","1","07","14","6","0","0","0","1","0","0"
"POINT (13.487074388000053 52.465581485000030)","Unfall 140987 (2020) Kat:3, Licht: 0","140987","3","2","0","07","07","3","0","0","0","1","0","1"
"POINT (13.575433851000071 52.489095883000061)","Unfall 140988 (2020) Kat:3, Licht: 0","140988","3","3","5","07","12","6","0","0","0","1","0","1"
"POINT (13.260939168000050 52.517651489000059)","Unfall 140989 (2020) Kat:3, Licht: 0","140989","3","7","2","07","12","2","0","0","0","0","0","1"
"POINT (13.340073263000022 52.475542266000048)","Unfall 140990 (2020) Kat:3, Licht: 2","140990","3","1","0","07","02","1","0","2","1","0","0","0"
"POINT (13.537176084000066 52.433370597000078)","Unfall 140991 (2020) Kat:3, Licht: 0","140991","3","6","2","07","15","4","0","0","0","1","0","0"
"POINT (13.450328204000073 52.491379943000027)","Unfall 140992 (2020) Kat:3, Licht: 0","140992","3","3","5","07","14","7","0","0","0","1","0","0"
"POINT (13.434918269000036 52.440169122000043)","Unfall 140993 (2020) Kat:2, Licht: 0","140993","2","6","2","07","17","3","0","0","0","1","0","0"
"POINT (13.608277823000037 52.453195890000075)","Unfall 140994 (2020) Kat:3, Licht: 0","140994","3","6","2","07","16","6","0","0","0","1","0","0"
"POINT (13.428202247000058 52.577432005000048)","Unfall 140995 (2020) Kat:3, Licht: 0","140995","3","1","0","07","15","5","1","0","0","0","0","1"
"POINT (13.293934304000061 52.608959133000042)","Unfall 140996 (2020) Kat:3, Licht: 0","140996","3","6","2","07","12","6","1","0","0","1","0","0"
"POINT (13.530488378000030 52.519329249000066)","Unfall 140997 (2020) Kat:3, Licht: 0","140997","3","1","0","07","17","2","1","0","0","0","0","1"
"POINT (13.316532369000072 52.499513717000070)","Unfall 140998 (2020) Kat:3, Licht: 0","140998","3","2","0","07","16","5","0","0","0","1","0","1"
"POINT (13.436061456000061 52.424215742000058)","Unfall 140999 (2020) Kat:3, Licht: 0","140999","3","7","5","07","16","1","0","0","0","1","0","1"
"POINT (13.431277071000068 52.464424410000049)","Unfall 141000 (2020) Kat:3, Licht: 0","141000","3","1","0","07","17","1","0","0","0","1","0","0"
"POINT (13.510056510000027 52.503401705000044)","Unfall 141001 (2020) Kat:3, Licht: 0","141001","3","3","5","07","20","4","0","0","1","1","0","0"
"POINT (13.266922497000053 52.514119751000067)","Unfall 141002 (2020) Kat:3, Licht: 0","141002","3","3","2","07","15","7","0","0","1","1","0","0"
"POINT (13.364555229000075 52.562694109000063)","Unfall 141003 (2020) Kat:3, Licht: 0","141003","3","2","5","07","11","4","0","0","0","1","0","1"
"POINT (13.419136751000053 52.490093271000035)","Unfall 141004 (2020) Kat:3, Licht: 0","141004","3","6","3","07","19","1","0","0","0","1","0","0"
"POINT (13.377949491000038 52.466436840000028)","Unfall 141005 (2020) Kat:3, Licht: 0","141005","3","2","5","07","19","4","0","0","1","1","0","0"
"POINT (13.269136341000035 52.575885138000046)","Unfall 141006 (2020) Kat:3, Licht: 0","141006","3","6","2","07","09","4","0","0","0","1","0","0"
"POINT (13.592858538000030 52.544824089000031)","Unfall 141007 (2020) Kat:3, Licht: 0","141007","3","3","5","07","18","7","0","0","1","1","0","0"
"POINT (13.347761593000030 52.485321444000078)","Unfall 141008 (2020) Kat:3, Licht: 0","141008","3","1","0","07","14","4","1","0","0","0","0","1"
"POINT (13.346018190000052 52.496247674000074)","Unfall 141009 (2020) Kat:3, Licht: 0","141009","3","5","1","07","12","3","0","0","1","1","0","0"
"POINT (13.305629110000041 52.499890543000049)","Unfall 141010 (2020) Kat:3, Licht: 0","141010","3","3","5","07","13","6","0","0","1","1","0","0"
"POINT (13.395332867000036 52.496790359000045)","Unfall 141011 (2020) Kat:3, Licht: 0","141011","3","3","5","07","08","4","0","0","0","1","0","0"
"POINT (13.475311976000057 52.501542195000070)","Unfall 141012 (2020) Kat:3, Licht: 0","141012","3","2","6","07","15","2","0","0","0","1","1","0"
"POINT (13.391142520000074 52.536211978000040)","Unfall 141013 (2020) Kat:3, Licht: 0","141013","3","2","5","07","18","5","0","0","1","1","0","0"
"POINT (13.430773958000032 52.486631898000041)","Unfall 141014 (2020) Kat:3, Licht: 0","141014","3","6","2","07","18","5","0","0","1","1","0","0"
"POINT (13.492276428000025 52.620606641000052)","Unfall 141015 (2020) Kat:3, Licht: 0","141015","3","3","5","07","11","5","0","0","1","0","0","0"
"POINT (13.454804439000043 52.513799859000073)","Unfall 141016 (2020) Kat:3, Licht: 0","141016","3","1","0","07","10","1","1","0","1","0","0","0"
"POINT (13.178429712000025 52.548794343000054)","Unfall 141017 (2020) Kat:3, Licht: 0","141017","3","6","2","07","09","7","0","0","0","1","0","0"
"POINT (13.420577180000066 52.536513715000069)","Unfall 141018 (2020) Kat:3, Licht: 0","141018","3","7","0","07","12","3","0","0","0","0","0","0"
"POINT (13.485305480000022 52.533663125000032)","Unfall 141019 (2020) Kat:3, Licht: 0","141019","3","6","2","07","12","7","0","0","0","1","0","0"
"POINT (13.298008552000056 52.473381485000061)","Unfall 141020 (2020) Kat:3, Licht: 0","141020","3","2","5","07","15","4","1","0","0","1","0","0"
"POINT (13.157824673000050 52.543042051000043)","Unfall 141021 (2020) Kat:3, Licht: 0","141021","3","2","5","07","09","3","0","0","0","1","0","1"
"POINT (13.319610274000070 52.519626420000066)","Unfall 141022 (2020) Kat:3, Licht: 1","141022","3","3","5","07","20","6","0","1","1","0","0","0"
"POINT (13.332686230000036 52.478693421000060)","Unfall 141023 (2020) Kat:2, Licht: 2","141023","2","3","5","07","22","4","1","2","0","1","0","0"
"POINT (13.197770178000042 52.532982672000060)","Unfall 141024 (2020) Kat:2, Licht: 0","141024","2","6","2","07","15","2","1","0","0","1","0","1"
"POINT (13.561587090000046 52.502486313000077)","Unfall 141025 (2020) Kat:3, Licht: 0","141025","3","3","0","07","10","3","0","0","0","0","0","0"
"POINT (13.555161587000043 52.440447278000079)","Unfall 141026 (2020) Kat:3, Licht: 2","141026","3","6","0","07","02","6","0","2","1","1","0","0"
"POINT (13.401998744000025 52.528968464000059)","Unfall 141027 (2020) Kat:3, Licht: 0","141027","3","3","5","07","12","4","1","0","1","1","0","0"
"POINT (13.481896325000037 52.431935543000066)","Unfall 141028 (2020) Kat:3, Licht: 0","141028","3","3","5","07","06","2","0","0","1","1","0","0"
"POINT (13.417302789000075 52.512702493000063)","Unfall 141029 (2020) Kat:3, Licht: 0","141029","3","6","2","07","16","5","0","0","0","1","0","0"
"POINT (13.268759469000031 52.511405929000034)","Unfall 141030 (2020) Kat:3, Licht: 0","141030","3","1","8","07","08","4","0","0","0","0","0","1"
"POINT (13.476263774000074 52.533176471000047)","Unfall 141031 (2020) Kat:3, Licht: 0","141031","3","2","5","07","19","1","0","0","1","1","0","0"
"POINT (13.360964840000065 52.548290751000081)","Unfall 141032 (2020) Kat:3, Licht: 0","141032","3","4","6","07","17","7","0","0","0","1","1","0"
"POINT (13.435141674000022 52.470805875000053)","Unfall 141033 (2020) Kat:3, Licht: 1","141033","3","5","1","07","20","3","0","1","1","1","0","0"
"POINT (13.482304594000027 52.425378826000042)","Unfall 141034 (2020) Kat:3, Licht: 2","141034","3","3","5","07","04","7","0","2","0","1","0","0"
"POINT (13.299059869000075 52.412161825000055)","Unfall 141035 (2020) Kat:3, Licht: 2","141035","3","7","0","07","22","4","1","2","0","0","0","1"
"POINT (13.288300116000073 52.513062545000082)","Unfall 141036 (2020) Kat:3, Licht: 0","141036","3","2","5","07","08","3","0","0","1","1","0","0"
"POINT (13.275559128000054 52.450513045000037)","Unfall 141037 (2020) Kat:3, Licht: 0","141037","3","7","1","07","13","6","0","0","1","1","0","0"
"POINT (13.430064552000033 52.503469799000072)","Unfall 141038 (2020) Kat:3, Licht: 2","141038","3","3","5","07","21","4","1","2","0","1","0","0"
"POINT (13.337828593000040 52.450820857000053)","Unfall 141039 (2020) Kat:3, Licht: 0","141039","3","6","2","07","13","2","0","0","1","0","0","0"
"POINT (13.437947479000059 52.478990724000028)","Unfall 141040 (2020) Kat:3, Licht: 0","141040","3","3","5","07","17","1","0","0","1","1","0","1"
"POINT (13.377452614000049 52.464870300000030)","Unfall 141041 (2020) Kat:3, Licht: 0","141041","3","3","5","07","16","4","0","0","1","1","0","0"
"POINT (13.320262825000043 52.478794546000074)","Unfall 141042 (2020) Kat:3, Licht: 0","141042","3","2","5","07","19","7","0","0","0","1","0","0"
"POINT (13.227352636000035 52.557951157000048)","Unfall 141043 (2020) Kat:3, Licht: 0","141043","3","3","5","07","15","5","0","0","0","1","0","0"
"POINT (13.459557930000074 52.509092375000080)","Unfall 141044 (2020) Kat:3, Licht: 0","141044","3","5","1","07","19","4","0","0","1","1","0","0"
"POINT (13.528968541000040 52.429324814000040)","Unfall 141045 (2020) Kat:3, Licht: 2","141045","3","1","0","07","22","7","0","2","1","0","0","0"
"POINT (13.457224400000030 52.561058911000032)","Unfall 141046 (2020) Kat:3, Licht: 0","141046","3","2","5","07","14","7","0","0","1","1","0","0"
"POINT (13.316545804000043 52.499514557000055)","Unfall 141047 (2020) Kat:3, Licht: 0","141047","3","2","5","07","19","3","0","0","1","1","0","0"
"POINT (13.443456730000037 52.464191884000059)","Unfall 141048 (2020) Kat:3, Licht: 0","141048","3","3","5","07","19","6","0","0","1","0","0","0"
"POINT (13.391512514000055 52.500595019000059)","Unfall 141049 (2020) Kat:3, Licht: 1","141049","3","7","5","07","19","4","0","1","1","0","0","0"
"POINT (13.378467934000071 52.478058425000029)","Unfall 141050 (2020) Kat:3, Licht: 0","141050","3","7","2","07","12","6","0","0","0","1","0","1"
"POINT (13.338034724000067 52.431863272000044)","Unfall 141051 (2020) Kat:3, Licht: 0","141051","3","3","0","07","06","3","0","0","0","0","0","1"
"POINT (13.381450580000035 52.485001778000026)","Unfall 141052 (2020) Kat:3, Licht: 0","141052","3","2","5","07","12","6","0","0","0","1","0","1"
"POINT (13.535768733000054 52.477796694000062)","Unfall 141053 (2020) Kat:3, Licht: 0","141053","3","3","5","07","11","6","0","0","0","1","0","1"
"POINT (13.331058526000049 52.575583249000033)","Unfall 141054 (2020) Kat:3, Licht: 0","141054","3","5","1","07","20","1","0","0","1","1","0","0"
"POINT (13.341580362000059 52.539573400000052)","Unfall 141055 (2020) Kat:3, Licht: 0","141055","3","5","1","07","10","1","0","0","0","1","0","0"
"POINT (13.514299496000035 52.468730378000032)","Unfall 141056 (2020) Kat:3, Licht: 0","141056","3","2","5","07","20","6","0","0","1","1","0","0"
"POINT (13.283441115000073 52.506492503000061)","Unfall 141057 (2020) Kat:3, Licht: 0","141057","3","7","6","07","13","4","0","0","0","0","1","0"
"POINT (13.574161459000038 52.513113077000071)","Unfall 141058 (2020) Kat:2, Licht: 0","141058","2","3","5","07","19","7","0","0","0","1","0","0"
"POINT (13.399383398000055 52.512331755000048)","Unfall 141059 (2020) Kat:3, Licht: 0","141059","3","6","4","07","13","3","0","0","1","0","0","0"
"POINT (13.482582271000069 52.461888228000078)","Unfall 141060 (2020) Kat:3, Licht: 0","141060","3","2","5","07","15","6","0","0","0","1","0","0"
"POINT (13.122416350000037 52.535020354000039)","Unfall 141061 (2020) Kat:3, Licht: 0","141061","3","5","1","07","19","4","0","0","0","0","0","1"
"POINT (13.321759299000064 52.505977552000047)","Unfall 141062 (2020) Kat:3, Licht: 0","141062","3","3","0","07","12","2","0","0","1","0","0","0"
"POINT (13.518867265000040 52.513874324000028)","Unfall 141063 (2020) Kat:3, Licht: 0","141063","3","2","5","07","17","5","0","0","1","1","0","0"
"POINT (13.412207621000050 52.488508802000069)","Unfall 141064 (2020) Kat:3, Licht: 0","141064","3","7","0","07","10","6","0","0","1","0","0","0"
"POINT (13.287243755000077 52.517549278000047)","Unfall 141065 (2020) Kat:3, Licht: 0","141065","3","3","2","08","16","3","0","0","1","1","0","0"
"POINT (13.374411812000062 52.556816325000057)","Unfall 141066 (2020) Kat:3, Licht: 0","141066","3","6","0","07","12","3","0","0","0","1","0","0"
"POINT (13.519770576000042 52.426799545000051)","Unfall 141067 (2020) Kat:1, Licht: 0","141067","1","1","9","08","13","2","0","0","0","0","1","0"
"POINT (13.403551727000035 52.532359837000058)","Unfall 141068 (2020) Kat:3, Licht: 0","141068","3","4","6","08","16","7","0","0","0","1","1","0"
"POINT (13.567004928000074 52.454971565000051)","Unfall 141069 (2020) Kat:3, Licht: 0","141069","3","6","3","08","07","5","0","0","0","1","0","1"
"POINT (13.198322919000077 52.532650880000062)","Unfall 141070 (2020) Kat:3, Licht: 0","141070","3","6","2","07","10","6","0","0","0","1","0","0"
"POINT (13.593161983000073 52.451675796000075)","Unfall 141071 (2020) Kat:3, Licht: 0","141071","3","2","2","08","10","2","0","0","0","1","0","0"
"POINT (13.359067986000071 52.523336106000045)","Unfall 141072 (2020) Kat:2, Licht: 0","141072","2","1","0","07","13","6","0","0","1","0","0","0"
"POINT (13.491857601000049 52.523039304000065)","Unfall 141073 (2020) Kat:2, Licht: 0","141073","2","5","1","08","15","4","0","0","0","0","0","1"
"POINT (13.301433266000060 52.569340423000028)","Unfall 141074 (2020) Kat:3, Licht: 0","141074","3","6","2","07","11","3","0","0","0","1","0","0"
"POINT (13.432607823000069 52.516972164000038)","Unfall 141075 (2020) Kat:3, Licht: 0","141075","3","7","5","07","10","6","0","0","1","1","0","0"
"POINT (13.487912283000071 52.434864803000039)","Unfall 141076 (2020) Kat:2, Licht: 0","141076","2","3","5","08","07","4","0","0","0","1","0","1"
"POINT (13.325931839000077 52.603847469000073)","Unfall 141077 (2020) Kat:3, Licht: 0","141077","3","1","0","07","11","3","0","0","1","0","0","0"
"POINT (13.354847954000036 52.458802027000047)","Unfall 141078 (2020) Kat:3, Licht: 0","141078","3","2","5","07","09","6","0","0","1","1","0","0"
"POINT (13.446242180000070 52.502938605000054)","Unfall 141079 (2020) Kat:3, Licht: 0","141079","3","6","2","08","10","3","0","0","0","1","0","0"
"POINT (13.388018120000027 52.492977261000078)","Unfall 141080 (2020) Kat:2, Licht: 0","141080","2","2","0","07","10","3","0","0","0","0","0","0"
"POINT (13.586867845000029 52.445044053000061)","Unfall 141081 (2020) Kat:3, Licht: 0","141081","3","3","5","08","08","7","0","0","1","0","0","1"
"POINT (13.328260084000021 52.475776103000044)","Unfall 141082 (2020) Kat:2, Licht: 0","141082","2","2","5","08","13","5","0","0","1","0","0","0"
"POINT (13.322671057000036 52.568103010000073)","Unfall 141083 (2020) Kat:3, Licht: 0","141083","3","3","5","07","08","6","0","0","0","1","0","0"
"POINT (13.590426080000043 52.529394831000047)","Unfall 141084 (2020) Kat:3, Licht: 0","141084","3","2","2","08","14","4","0","0","1","1","0","0"
"POINT (13.475859104000051 52.533037447000027)","Unfall 141085 (2020) Kat:3, Licht: 1","141085","3","2","5","07","05","6","0","1","1","1","0","0"
"POINT (13.199070550000044 52.534040390000030)","Unfall 141086 (2020) Kat:3, Licht: 0","141086","3","6","0","08","15","4","0","0","0","0","0","0"
"POINT (13.326687952000043 52.562442337000050)","Unfall 141087 (2020) Kat:3, Licht: 1","141087","3","2","3","07","05","6","0","1","0","1","0","0"
"POINT (13.368764574000068 52.557256608000046)","Unfall 141088 (2020) Kat:3, Licht: 0","141088","3","6","3","08","19","4","0","0","0","1","0","1"
"POINT (13.505505059000029 52.636848652000026)","Unfall 141089 (2020) Kat:3, Licht: 0","141089","3","3","5","07","10","3","0","0","0","1","0","0"
"POINT (13.540235537000058 52.565256274000035)","Unfall 141090 (2020) Kat:3, Licht: 0","141090","3","3","5","08","08","1","0","0","1","1","0","0"
"POINT (13.611669996000046 52.514212835000080)","Unfall 141091 (2020) Kat:3, Licht: 0","141091","3","3","5","08","17","5","0","0","1","1","0","0"
"POINT (13.391765501000066 52.522077052000043)","Unfall 141092 (2020) Kat:3, Licht: 2","141092","3","2","5","07","01","6","0","2","1","1","0","0"
"POINT (13.331113624000068 52.532810391000055)","Unfall 141093 (2020) Kat:3, Licht: 0","141093","3","6","3","08","13","3","0","0","1","1","0","0"
"POINT (13.341733361000024 52.483841841000071)","Unfall 141094 (2020) Kat:3, Licht: 0","141094","3","2","5","07","09","3","0","0","1","0","0","0"
"POINT (13.487289456000042 52.526634959000035)","Unfall 141095 (2020) Kat:2, Licht: 0","141095","2","1","0","08","11","7","0","0","1","0","0","0"
"POINT (13.446645128000057 52.502814276000038)","Unfall 141096 (2020) Kat:3, Licht: 0","141096","3","2","2","08","11","5","0","0","1","1","0","0"
"POINT (13.344258010000033 52.503084893000050)","Unfall 141097 (2020) Kat:3, Licht: 2","141097","3","7","0","07","00","6","0","2","0","1","1","0"
"POINT (13.314277673000049 52.506337820000056)","Unfall 141098 (2020) Kat:3, Licht: 2","141098","3","1","0","08","22","4","0","2","0","0","0","1"
"POINT (13.446702541000036 52.502605799000037)","Unfall 141099 (2020) Kat:3, Licht: 1","141099","3","2","5","07","21","6","0","1","1","0","0","1"
"POINT (13.366624003000027 52.461035071000026)","Unfall 141100 (2020) Kat:3, Licht: 0","141100","3","3","5","08","19","3","0","0","0","1","0","0"
"POINT (13.562697871000069 52.456373723000070)","Unfall 141101 (2020) Kat:2, Licht: 0","141101","2","3","5","07","08","3","0","0","1","1","0","0"
"POINT (13.487215710000044 52.422905325000045)","Unfall 141102 (2020) Kat:3, Licht: 0","141102","3","2","2","08","19","1","1","0","0","1","0","0"
"POINT (13.439466064000044 52.470053399000051)","Unfall 141103 (2020) Kat:3, Licht: 0","141103","3","7","1","08","06","7","0","0","0","1","0","0"
"POINT (13.330761808000034 52.562566128000071)","Unfall 141104 (2020) Kat:3, Licht: 0","141104","3","2","5","08","16","5","0","0","1","1","0","0"
"POINT (13.336856563000026 52.418477789000065)","Unfall 141105 (2020) Kat:2, Licht: 2","141105","2","1","0","07","23","6","0","2","1","0","0","0"
"POINT (13.378755461000026 52.450285064000070)","Unfall 141106 (2020) Kat:3, Licht: 0","141106","3","6","3","08","14","2","0","0","0","1","0","1"
"POINT (13.349448928000072 52.542321380000033)","Unfall 141107 (2020) Kat:3, Licht: 0","141107","3","2","5","07","08","3","0","0","1","1","0","0"
"POINT (13.185154988000022 52.550189546000070)","Unfall 141108 (2020) Kat:3, Licht: 2","141108","3","2","5","07","22","6","0","2","1","1","0","0"
"POINT (13.381558524000070 52.566475130000072)","Unfall 141109 (2020) Kat:3, Licht: 2","141109","3","5","1","08","22","3","0","2","0","1","0","1"
"POINT (13.499818983000068 52.515580674000034)","Unfall 141110 (2020) Kat:3, Licht: 0","141110","3","5","1","07","07","3","0","0","0","1","0","0"
"POINT (13.451540780000073 52.503644836000035)","Unfall 141111 (2020) Kat:3, Licht: 1","141111","3","5","1","08","06","7","0","1","0","1","0","0"
"POINT (13.202509500000076 52.540474922000044)","Unfall 141112 (2020) Kat:3, Licht: 0","141112","3","3","5","08","17","5","0","0","0","1","0","0"
"POINT (13.295372410000027 52.539612805000047)","Unfall 141113 (2020) Kat:2, Licht: 2","141113","2","4","0","07","21","6","0","2","0","0","1","1"
"POINT (13.482758606000061 52.460581676000061)","Unfall 141114 (2020) Kat:3, Licht: 0","141114","3","6","2","08","11","3","0","0","0","1","0","0"
"POINT (13.572099474000026 52.451004500000067)","Unfall 141115 (2020) Kat:3, Licht: 0","141115","3","7","5","07","06","3","0","0","0","1","0","1"
"POINT (13.501734147000036 52.561929248000069)","Unfall 141116 (2020) Kat:2, Licht: 0","141116","2","6","2","07","12","6","0","0","0","1","0","0"
"POINT (13.344960940000021 52.486638077000066)","Unfall 141117 (2020) Kat:3, Licht: 0","141117","3","5","1","08","09","4","0","0","1","0","0","0"
"POINT (13.312624706000065 52.499261835000027)","Unfall 141118 (2020) Kat:3, Licht: 0","141118","3","2","5","07","19","6","0","0","1","1","0","0"
"POINT (13.418279292000022 52.528508122000062)","Unfall 141119 (2020) Kat:3, Licht: 0","141119","3","2","5","08","06","4","0","0","1","0","0","0"
"POINT (13.387139021000053 52.526879356000052)","Unfall 141120 (2020) Kat:3, Licht: 0","141120","3","6","3","07","18","6","0","0","1","1","0","0"