WKT,Name,OBJECTID,UKATEGORIE,UTYP1,UART,UMONAT,USTUNDE,UWOCHENTAG,STRZUSTAND,ULICHTVERH,ISTRAD,ISTPKW,ISTFUSS,ISTKRAD
"POINT (13.495403782000039 52.423952961000055)","Unfall 141121 (2020) Kat:3, Licht: 0","141121","3","7","2","08","17","3","0","0","0","1","0","0"
"POINT (13.336896039000067 52.602206059000082)","Unfall 141122 (2020) Kat:2, Licht: 2","141122","2","1","0","07","00","3","0","2","1","0","0","0"
"POINT (13.587278447000074 52.523609260000057)","Unfall 141123 (2020) Kat:3, Licht: 0","141123","3","6","2","08","19","1","0","0","0","1","0","0"
"POINT (13.326163352000037 52.538210590000062)","Unfall 141124 (2020) Kat:3, Licht: 0","141124","3","6","0","08","19","7","0","0","0","1","0","1"
"POINT (13.580197431000045 52.564338350000071)","Unfall 141125 (2020) Kat:2, Licht: 0","141125","2","6","4","08","09","5","0","0","0","1","0","0"
"POINT (13.337799648000043 52.558590635000030)","Unfall 141126 (2020) Kat:3, Licht: 0","141126","3","6","2","07","18","6","0","0","0","1","0","0"
"POINT (13.209121970000069 52.561531693000063)","Unfall 141127 (2020) Kat:3, Licht: 0","141127","3","5","1","08","12","2","0","0","1","1","0","0"
"POINT (13.347250898000027 52.520212979000064)","Unfall 141128 (2020) Kat:2, Licht: 0","141128","2","3","5","07","18","6","0","0","1","1","0","0"
"POINT (13.509707205000041 52.451440105000074)","Unfall 141129 (2020) Kat:3, Licht: 2","141129","3","6","2","08","23","4","0","2","0","1","0","0"
"POINT (13.526694256000042 52.428796500000033)","Unfall 141130 (2020) Kat:2, Licht: 2","141130","2","2","5","07","22","3","0","2","0","1","0","1"
"POINT (13.457951453000021 52.528826510000044)","Unfall 141131 (2020) Kat:3, Licht: 0","141131","3","2","5","07","17","6","0","0","1","1","0","0"
"POINT (13.251539903000037 52.506542133000039)","Unfall 141132 (2020) Kat:2, Licht: 0","141132","2","5","0","08","13","4","0","0","1","1","0","0"
"POINT (13.272721878000027 52.536926801000050)","Unfall 141133 (2020) Kat:2, Licht: 0","141133","2","7","6","07","17","6","0","0","0","0","1","0"
"POINT (13.386196363000067 52.460031893000064)","Unfall 141134 (2020) Kat:3, Licht: 0","141134","3","5","1","08","12","4","0","0","1","1","0","0"
"POINT (13.409002671000053 52.499696590000042)","Unfall 141135 (2020) Kat:3, Licht: 0","141135","3","3","5","07","16","6","0","0","1","1","0","0"
"POINT (13.208866868000030 52.552648470000065)","Unfall 141136 (2020) Kat:3, Licht: 0","141136","3","7","2","08","13","4","0","0","0","1","0","0"
"POINT (13.405343491000053 52.406969064000066)","Unfall 141137 (2020) Kat:3, Licht: 0","141137","3","7","5","07","16","6","0","0","0","1","0","1"
"POINT (13.466329784000038 52.433496731000048)","Unfall 141138 (2020) Kat:3, Licht: 0","141138","3","3","5","08","14","3","0","0","0","1","0","0"
"POINT (13.200755650000076 52.548719510000069)","Unfall 141139 (2020) Kat:3, Licht: 0","141139","3","2","2","07","20","3","0","0","1","1","0","0"
"POINT (13.589044248000050 52.517489699000066)","Unfall 141140 (2020) Kat:2, Licht: 0","141140","2","2","5","08","19","1","0","0","0","1","0","0"
"POINT (13.495138987000075 52.564864509000074)","Unfall 141141 (2020) Kat:3, Licht: 0","141141","3","2","0","08","13","7","0","0","1","0","0","0"
"POINT (13.657141391000039 52.414858903000038)","Unfall 141142 (2020) Kat:3, Licht: 0","141142","3","1","9","08","15","5","0","0","0","0","0","1"
"POINT (13.416281138000045 52.501732200000049)","Unfall 141143 (2020) Kat:3, Licht: 0","141143","3","3","5","07","15","6","0","0","1","1","0","0"
"POINT (13.335198795000053 52.595657716000062)","Unfall 141144 (2020) Kat:3, Licht: 0","141144","3","4","6","08","09","2","0","0","0","1","1","0"
"POINT (13.436407906000056 52.548539904000052)","Unfall 141145 (2020) Kat:3, Licht: 0","141145","3","3","5","07","15","6","0","0","1","1","0","0"
"POINT (13.445494673000042 52.581949900000041)","Unfall 141146 (2020) Kat:3, Licht: 0","141146","3","2","2","08","15","4","0","0","0","1","0","0"
"POINT (13.435151439000037 52.491210457000079)","Unfall 141147 (2020) Kat:3, Licht: 1","141147","3","2","5","07","20","3","0","1","0","1","0","1"
"POINT (13.544257036000033 52.424666267000077)","Unfall 141148 (2020) Kat:3, Licht: 0","141148","3","2","5","07","15","6","0","0","1","1","0","0"
"POINT (13.280864415000053 52.476849219000030)","Unfall 141149 (2020) Kat:3, Licht: 0","141149","3","3","5","08","07","4","0","0","0","1","0","0"
"POINT (13.435140412000067 52.501463593000040)","Unfall 141150 (2020) Kat:3, Licht: 0","141150","3","3","5","07","20","3","0","0","1","1","0","0"
"POINT (13.402523713000051 52.554300763000072)","Unfall 141151 (2020) Kat:3, Licht: 0","141151","3","2","5","07","14","6","0","0","1","1","0","0"
"POINT (13.514137663000042 52.446478347000038)","Unfall 141152 (2020) Kat:3, Licht: 0","141152","3","2","5","08","09","3","0","0","1","1","0","0"
"POINT (13.419882966000046 52.476839274000042)","Unfall 141153 (2020) Kat:3, Licht: 0","141153","3","4","6","07","20","3","0","0","1","0","1","0"
"POINT (13.322629581000058 52.511257045000036)","Unfall 141154 (2020) Kat:2, Licht: 0","141154","2","2","5","07","19","3","0","0","1","1","0","0"
"POINT (13.279441868000049 52.504350093000028)","Unfall 141155 (2020) Kat:3, Licht: 0","141155","3","6","2","07","14","6","0","0","0","1","0","0"
"POINT (13.341841431000034 52.496417018000045)","Unfall 141156 (2020) Kat:3, Licht: 0","141156","3","5","1","08","18","3","0","0","1","1","0","0"
"POINT (13.379833870000027 52.492662948000032)","Unfall 141157 (2020) Kat:3, Licht: 0","141157","3","6","2","07","18","3","0","0","0","1","0","0"
"POINT (13.208454498000037 52.561047220000034)","Unfall 141158 (2020) Kat:3, Licht: 0","141158","3","6","3","08","11","7","0","0","0","1","0","1"
"POINT (13.372117282000033 52.538810569000077)","Unfall 141159 (2020) Kat:3, Licht: 0","141159","3","2","5","08","14","5","0","0","1","1","0","0"
"POINT (13.381807910000077 52.552212680000082)","Unfall 141160 (2020) Kat:3, Licht: 2","141160","3","2","6","07","22","5","0","2","0","1","1","0"
"POINT (13.392441867000059 52.542458970000041)","Unfall 141161 (2020) Kat:3, Licht: 0","141161","3","7","6","08","17","2","0","0","0","0","1","0"
"POINT (13.503491837000070 52.460667612000066)","Unfall 141162 (2020) Kat:3, Licht: 1","141162","3","2","0","07","21","5","0","1","0","1","0","1"
"POINT (13.280983708000065 52.518368540000040)","Unfall 141163 (2020) Kat:3, Licht: 0","141163","3","6","2","08","14","4","0","0","0","1","0","0"
"POINT (13.321201515000041 52.571475563000035)","Unfall 141164 (2020) Kat:3, Licht: 0","141164","3","3","5","07","17","5","0","0","1","1","0","0"
"POINT (13.454814858000077 52.510181532000047)","Unfall 141165 (2020) Kat:3, Licht: 0","141165","3","1","0","08","18","4","0","0","1","1","0","0"
"POINT (13.463371669000026 52.505363565000039)","Unfall 141166 (2020) Kat:3, Licht: 0","141166","3","5","1","07","17","3","0","0","1","1","0","0"
"POINT (13.296535621000032 52.492559529000062)","Unfall 141167 (2020) Kat:2, Licht: 2","141167","2","3","5","08","01","1","0","2","0","1","0","0"
"POINT (13.394695928000033 52.496158261000062)","Unfall 141168 (2020) Kat:3, Licht: 0","141168","3","6","2","08","19","5","0","0","0","1","0","0"
"POINT (13.379046734000042 52.525922141000081)","Unfall 141169 (2020) Kat:3, Licht: 0","141169","3","4","6","07","17","5","0","0","1","0","1","0"
"POINT (13.207651149000071 52.566444263000051)","Unfall 141170 (2020) Kat:3, Licht: 0","141170","3","5","0","08","12","3","0","0","1","1","0","0"
"POINT (13.449232589000076 52.452429558000063)","Unfall 141171 (2020) Kat:2, Licht: 0","141171","2","2","5","07","16","3","0","0","0","1","0","0"
"POINT (13.433079343000031 52.558337970000082)","Unfall 141172 (2020) Kat:3, Licht: 2","141172","3","7","0","07","22","6","0","2","1","0","0","0"
"POINT (13.437206301000060 52.426339803000076)","Unfall 141173 (2020) Kat:3, Licht: 0","141173","3","5","1","08","14","4","0","0","1","1","0","0"
"POINT (13.399093912000069 52.532325674000049)","Unfall 141174 (2020) Kat:3, Licht: 0","141174","3","2","2","07","17","5","0","0","1","1","0","0"
"POINT (13.621792309000057 52.524757960000045)","Unfall 141175 (2020) Kat:3, Licht: 0","141175","3","2","6","08","09","4","0","0","0","1","1","0"
"POINT (13.504489991000071 52.423215874000050)","Unfall 141176 (2020) Kat:3, Licht: 0","141176","3","3","5","08","07","7","0","0","1","1","0","0"
"POINT (13.371317707000060 52.511144669000032)","Unfall 141177 (2020) Kat:2, Licht: 0","141177","2","2","5","08","12","5","0","0","1","1","0","0"
"POINT (13.401050380000072 52.414567099000067)","Unfall 141178 (2020) Kat:3, Licht: 0","141178","3","2","5","07","17","5","0","0","0","1","0","0"
"POINT (13.401622594000060 52.529807023000046)","Unfall 141179 (2020) Kat:2, Licht: 0","141179","2","6","3","08","15","4","0","0","0","1","0","0"
"POINT (13.397195237000062 52.500234761000058)","Unfall 141180 (2020) Kat:3, Licht: 0","141180","3","3","5","07","16","5","0","0","0","1","0","0"
"POINT (13.632565518000035 52.456744601000082)","Unfall 141181 (2020) Kat:2, Licht: 0","141181","2","6","4","08","20","3","0","0","0","1","1","0"
"POINT (13.432190557000069 52.471224674000041)","Unfall 141182 (2020) Kat:3, Licht: 0","141182","3","3","5","07","16","3","0","0","0","1","0","0"
"POINT (13.500526056000069 52.402092050000078)","Unfall 141183 (2020) Kat:2, Licht: 2","141183","2","5","1","08","23","7","0","2","1","1","0","0"
"POINT (13.396644255000069 52.584648119000065)","Unfall 141184 (2020) Kat:3, Licht: 0","141184","3","7","2","08","17","5","0","0","0","0","0","1"
"POINT (13.583758607000050 52.514950973000055)","Unfall 141185 (2020) Kat:3, Licht: 0","141185","3","2","2","07","16","5","0","0","0","1","0","0"
"POINT (13.574729874000070 52.448274511000079)","Unfall 141186 (2020) Kat:3, Licht: 0","141186","3","1","0","08","12","3","0","0","1","0","0","0"
"POINT (13.372499323000056 52.548427094000033)","Unfall 141187 (2020) Kat:3, Licht: 0","141187","3","4","6","07","17","2","0","0","0","1","1","0"
"POINT (13.533100826000066 52.440873647000046)","Unfall 141188 (2020) Kat:2, Licht: 0","141188","2","6","2","07","16","5","0","0","0","1","0","0"
"POINT (13.412752456000021 52.527351170000031)","Unfall 141189 (2020) Kat:3, Licht: 0","141189","3","3","5","08","11","4","0","0","1","0","0","0"
"POINT (13.475745762000031 52.532853757000055)","Unfall 141190 (2020) Kat:3, Licht: 0","141190","3","6","2","07","15","5","0","0","0","1","0","0"
"POINT (13.596643907000043 52.544306483000071)","Unfall 141191 (2020) Kat:3, Licht: 0","141191","3","2","5","08","13","4","0","0","1","1","0","0"
"POINT (13.471521650000057 52.504942415000073)","Unfall 141192 (2020) Kat:3, Licht: 0","141192","3","1","4","07","15","5","0","0","0","1","0","1"
"POINT (13.417136677000030 52.512440650000030)","Unfall 141193 (2020) Kat:3, Licht: 0","141193","3","2","5","08","16","3","0","0","1","1","0","0"
"POINT (13.390047174000074 52.509499296000058)","Unfall 141194 (2020) Kat:3, Licht: 1","141194","3","3","5","07","20","2","0","1","0","1","0","0"
"POINT (13.200770647000070 52.524497053000061)","Unfall 141195 (2020) Kat:3, Licht: 0","141195","3","3","5","08","18","1","0","0","1","1","0","0"
"POINT (13.561575456000071 52.502319780000050)","Unfall 141196 (2020) Kat:3, Licht: 0","141196","3","6","2","08","17","7","0","0","0","1","0","1"
"POINT (13.568151901000022 52.573653884000066)","Unfall 141197 (2020) Kat:2, Licht: 0","141197","2","3","5","08","08","5","0","0","1","1","0","0"
"POINT (13.384565499000075 52.496689646000050)","Unfall 141198 (2020) Kat:3, Licht: 0","141198","3","2","5","07","14","5","0","0","1","1","0","0"
"POINT (13.545203511000068 52.425740358000041)","Unfall 141199 (2020) Kat:3, Licht: 0","141199","3","2","5","08","07","3","0","0","0","1","0","0"
"POINT (13.341921857000045 52.497318195000048)","Unfall 141200 (2020) Kat:3, Licht: 0","141200","3","7","0","07","18","2","1","0","0","1","0","1"
"POINT (13.493839544000025 52.615442282000060)","Unfall 141201 (2020) Kat:3, Licht: 0","141201","3","6","0","08","18","1","0","0","0","1","0","1"
"POINT (13.406796564000047 52.393768694000073)","Unfall 141202 (2020) Kat:3, Licht: 0","141202","3","6","2","08","17","5","0","0","0","1","0","0"
"POINT (13.519177451000076 52.503678845000081)","Unfall 141203 (2020) Kat:2, Licht: 2","141203","2","4","6","08","02","7","0","2","0","0","1","0"
"POINT (13.344431416000077 52.538106226000082)","Unfall 141204 (2020) Kat:3, Licht: 0","141204","3","6","3","08","17","5","0","0","1","1","0","0"
"POINT (13.422026478000078 52.462512210000057)","Unfall 141205 (2020) Kat:3, Licht: 0","141205","3","3","5","07","14","5","0","0","1","1","0","0"
"POINT (13.499820567000029 52.534372825000048)","Unfall 141206 (2020) Kat:3, Licht: 0","141206","3","3","5","08","15","2","0","0","0","1","0","0"
"POINT (13.327475259000039 52.563500519000058)","Unfall 141207 (2020) Kat:3, Licht: 0","141207","3","7","0","07","14","5","0","0","1","0","0","0"
"POINT (13.443639549000068 52.473784437000063)","Unfall 141208 (2020) Kat:3, Licht: 0","141208","3","7","0","08","14","4","0","0","1","0","0","0"
"POINT (13.415490088000070 52.526624939000044)","Unfall 141209 (2020) Kat:2, Licht: 0","141209","2","6","2","08","18","2","0","0","0","1","0","1"
"POINT (13.419743872000026 52.573242992000075)","Unfall 141210 (2020) Kat:3, Licht: 0","141210","3","3","5","07","13","5","0","0","1","0","0","0"
"POINT (13.247864711000034 52.545167800000058)","Unfall 141211 (2020) Kat:3, Licht: 0","141211","3","6","2","08","08","4","0","0","0","1","0","0"
"POINT (13.487403744000062 52.434439437000037)","Unfall 141212 (2020) Kat:3, Licht: 0","141212","3","6","4","07","13","5","0","0","1","1","0","0"
"POINT (13.419245290000049 52.546059425000067)","Unfall 141213 (2020) Kat:3, Licht: 0","141213","3","6","3","08","15","3","0","0","1","0","0","1"
"POINT (13.412247866000030 52.439148221000039)","Unfall 141214 (2020) Kat:3, Licht: 0","141214","3","4","6","07","14","2","0","0","0","1","1","0"
"POINT (13.270488629000056 52.536538209000071)","Unfall 141215 (2020) Kat:3, Licht: 0","141215","3","1","0","08","17","1","1","0","1","0","0","0"
"POINT (13.609354342000074 52.492979744000081)","Unfall 141216 (2020) Kat:3, Licht: 0","141216","3","3","5","08","13","7","0","0","1","1","0","0"
"POINT (13.344414447000077 52.538314567000043)","Unfall 141217 (2020) Kat:3, Licht: 0","141217","3","6","3","08","14","5","0","0","1","1","0","0"
"POINT (13.517184887000042 52.487816469000052)","Unfall 141218 (2020) Kat:3, Licht: 0","141218","3","4","6","07","12","5","0","0","0","1","1","0"
"POINT (13.319439343000056 52.501635465000049)","Unfall 141219 (2020) Kat:3, Licht: 0","141219","3","2","5","08","08","2","0","0","1","1","0","0"
"POINT (13.342781690000038 52.504578395000067)","Unfall 141220 (2020) Kat:2, Licht: 0","141220","2","3","5","08","18","2","0","0","0","1","0","1"
"POINT (13.230033320000075 52.430886591000046)","Unfall 141221 (2020) Kat:3, Licht: 0","141221","3","2","5","07","11","5","0","0","1","1","0","0"
"POINT (13.552207700000054 52.520401567000079)","Unfall 141222 (2020) Kat:3, Licht: 0","141222","3","3","5","08","12","4","0","0","0","1","0","0"
"POINT (13.593169183000043 52.451835762000030)","Unfall 141223 (2020) Kat:3, Licht: 0","141223","3","6","2","07","11","5","0","0","0","1","0","0"
"POINT (13.466283452000027 52.500447879000035)","Unfall 141224 (2020) Kat:3, Licht: 0","141224","3","2","2","08","12","2","0","0","0","1","0","0"
"POINT (13.395627621000074 52.497428338000077)","Unfall 141225 (2020) Kat:3, Licht: 0","141225","3","6","2","08","18","2","0","0","0","1","0","0"
"POINT (13.520597603000056 52.474215870000080)","Unfall 141226 (2020) Kat:3, Licht: 0","141226","3","3","5","07","10","5","0","0","1","0","0","1"
"POINT (13.304890912000076 52.547847564000051)","Unfall 141227 (2020) Kat:3, Licht: 0","141227","3","2","5","08","16","4","0","0","1","1","0","0"
"POINT (13.388244227000030 52.520452695000074)","Unfall 141228 (2020) Kat:2, Licht: 0","141228","2","1","3","07","10","2","1","0","1","1","0","0"
"POINT (13.388138295000033 52.565671171000076)","Unfall 141229 (2020) Kat:3, Licht: 0","141229","3","3","5","07","09","5","0","0","1","1","0","0"
"POINT (13.365835369000024 52.525430752000034)","Unfall 141230 (2020) Kat:3, Licht: 0","141230","3","2","5","08","19","4","0","0","1","1","0","0"
"POINT (13.443353494000064 52.511955874000080)","Unfall 141231 (2020) Kat:3, Licht: 0","141231","3","3","5","07","16","2","0","0","1","1","0","0"
"POINT (13.385664125000062 52.445559699000057)","Unfall 141232 (2020) Kat:3, Licht: 0","141232","3","2","3","07","09","5","0","0","0","1","0","0"
"POINT (13.312465597000028 52.464769036000064)","Unfall 141233 (2020) Kat:3, Licht: 0","141233","3","3","5","08","10","3","0","0","1","1","0","0"
"POINT (13.443353494000064 52.511955874000080)","Unfall 141234 (2020) Kat:3, Licht: 0","141234","3","3","5","07","16","2","0","0","1","1","0","0"
"POINT (13.388231731000076 52.520524105000050)","Unfall 141235 (2020) Kat:3, Licht: 0","141235","3","5","1","08","10","7","0","0","1","0","0","0"
"POINT (13.484847683000055 52.463744882000071)","Unfall 141236 (2020) Kat:3, Licht: 0","141236","3","6","2","08","13","5","0","0","0","1","0","0"
"POINT (13.699866085000053 52.436120791000064)","Unfall 141237 (2020) Kat:3, Licht: 1","141237","3","6","3","08","19","2","0","1","1","0","0","0"
"POINT (13.610662603000037 52.482223566000073)","Unfall 141238 (2020) Kat:3, Licht: 0","141238","3","2","5","07","09","5","0","0","1","1","0","0"
"POINT (13.281076487000064 52.585472782000068)","Unfall 141239 (2020) Kat:3, Licht: 0","141239","3","3","5","08","10","4","0","0","0","1","0","1"
"POINT (13.179837655000028 52.499804186000063)","Unfall 141240 (2020) Kat:2, Licht: 0","141240","2","6","4","07","09","5","0","0","0","1","0","0"
"POINT (13.424450364000052 52.484718780000037)","Unfall 141241 (2020) Kat:3, Licht: 0","141241","3","5","1","08","12","3","0","0","1","1","0","0"
"POINT (13.361688098000059 52.547909321000077)","Unfall 141242 (2020) Kat:3, Licht: 0","141242","3","4","6","07","06","2","0","0","0","1","1","0"
"POINT (13.300573899000028 52.516555534000076)","Unfall 141243 (2020) Kat:3, Licht: 0","141243","3","2","5","08","15","7","0","0","1","1","0","0"
"POINT (13.363493045000041 52.556618308000054)","Unfall 141244 (2020) Kat:2, Licht: 0","141244","2","6","4","08","17","5","0","0","1","0","0","0"
"POINT (13.602990455000054 52.450944531000061)","Unfall 141245 (2020) Kat:3, Licht: 0","141245","3","6","4","07","09","5","0","0","1","0","0","0"
"POINT (13.256020353000054 52.435839111000064)","Unfall 141246 (2020) Kat:3, Licht: 0","141246","3","2","5","08","19","4","0","0","1","1","0","0"
"POINT (13.526976032000050 52.437782358000049)","Unfall 141247 (2020) Kat:2, Licht: 0","141247","2","3","5","07","18","2","1","0","0","1","0","0"
"POINT (13.425363206000043 52.480764933000046)","Unfall 141248 (2020) Kat:3, Licht: 0","141248","3","3","5","08","12","1","1","0","1","1","0","0"
"POINT (13.338845795000054 52.589374680000049)","Unfall 141249 (2020) Kat:3, Licht: 0","141249","3","2","0","08","17","5","0","0","1","1","0","0"
"POINT (13.281281255000067 52.512780099000054)","Unfall 141250 (2020) Kat:3, Licht: 0","141250","3","2","0","07","08","5","0","0","1","1","0","0"
"POINT (13.300615864000065 52.569681729000081)","Unfall 141251 (2020) Kat:3, Licht: 0","141251","3","5","1","08","07","3","0","0","1","1","0","0"
"POINT (13.296657291000031 52.501462790000062)","Unfall 141252 (2020) Kat:3, Licht: 0","141252","3","2","5","07","14","2","0","0","1","1","0","0"
"POINT (13.614605738000023 52.502383550000047)","Unfall 141253 (2020) Kat:3, Licht: 0","141253","3","1","8","08","14","7","0","0","0","1","0","0"
"POINT (13.486010568000040 52.549582977000057)","Unfall 141254 (2020) Kat:2, Licht: 0","141254","2","3","5","08","11","5","0","0","0","1","0","0"
"POINT (13.380702220000046 52.532462057000032)","Unfall 141255 (2020) Kat:3, Licht: 0","141255","3","5","1","08","18","2","0","0","1","1","0","0"
"POINT (13.326508004000061 52.508813806000035)","Unfall 141256 (2020) Kat:3, Licht: 0","141256","3","6","2","07","07","5","0","0","0","1","0","0"
"POINT (13.402219647000038 52.551347233000058)","Unfall 141257 (2020) Kat:3, Licht: 0","141257","3","6","0","08","09","4","0","0","1","1","0","0"
"POINT (13.328240516000051 52.532924949000062)","Unfall 141258 (2020) Kat:3, Licht: 0","141258","3","2","0","07","08","5","0","0","1","0","0","0"
"POINT (13.382967499000074 52.512256356000080)","Unfall 141259 (2020) Kat:3, Licht: 0","141259","3","2","5","08","19","3","0","0","1","0","0","0"
"POINT (13.565402272000028 52.471452054000054)","Unfall 141260 (2020) Kat:3, Licht: 0","141260","3","7","5","07","12","2","0","0","1","1","0","0"
"POINT (13.478266021000024 52.440060971000037)","Unfall 141261 (2020) Kat:2, Licht: 0","141261","2","3","5","08","17","1","1","0","1","0","0","0"
"POINT (13.264012981000064 52.428725669000073)","Unfall 141262 (2020) Kat:3, Licht: 0","141262","3","3","5","08","11","7","0","0","1","1","0","0"
"POINT (13.363433545000078 52.524624262000032)","Unfall 141263 (2020) Kat:3, Licht: 0","141263","3","2","5","08","16","5","0","0","0","1","0","0"
"POINT (13.380160693000050 52.519669180000051)","Unfall 141264 (2020) Kat:3, Licht: 0","141264","3","7","5","07","09","4","0","0","1","0","0","0"
"POINT (13.257109988000025 52.428953974000081)","Unfall 141265 (2020) Kat:3, Licht: 0","141265","3","7","6","08","08","2","0","0","0","1","1","0"
"POINT (13.440937352000049 52.524475851000034)","Unfall 141266 (2020) Kat:3, Licht: 0","141266","3","3","0","07","09","2","0","0","0","1","0","0"
"POINT (13.575289619000046 52.447542205000047)","Unfall 141267 (2020) Kat:3, Licht: 2","141267","3","1","0","07","23","4","0","2","1","0","0","0"
"POINT (13.237218601000052 52.542218737000042)","Unfall 141268 (2020) Kat:3, Licht: 0","141268","3","5","1","08","16","4","0","0","1","1","0","0"
"POINT (13.487035407000064 52.465609321000045)","Unfall 141269 (2020) Kat:3, Licht: 2","141269","3","2","5","07","22","4","0","2","0","0","0","1"
"POINT (13.512251753000044 52.470863522000059)","Unfall 141270 (2020) Kat:3, Licht: 0","141270","3","6","3","08","11","3","0","0","0","1","0","0"
"POINT (13.385795842000050 52.471560104000048)","Unfall 141271 (2020) Kat:3, Licht: 0","141271","3","3","5","07","11","2","0","0","1","0","0","0"
"POINT (13.319529826000064 52.492089541000041)","Unfall 141272 (2020) Kat:3, Licht: 0","141272","3","2","5","07","12","6","0","0","1","1","0","0"
"POINT (13.362190104000035 52.504976421000038)","Unfall 141273 (2020) Kat:2, Licht: 0","141273","2","2","5","08","13","4","0","0","0","1","0","1"
"POINT (13.418930550000027 52.498884921000069)","Unfall 141274 (2020) Kat:3, Licht: 2","141274","3","2","5","07","22","4","0","2","1","1","0","0"
"POINT (13.363398648000043 52.580695792000029)","Unfall 141275 (2020) Kat:3, Licht: 0","141275","3","7","0","08","13","4","0","0","1","0","0","0"
"POINT (13.454313864000028 52.540180035000049)","Unfall 141276 (2020) Kat:3, Licht: 2","141276","3","7","0","07","22","4","0","2","0","0","0","0"
"POINT (13.434120711000048 52.443131223000080)","Unfall 141277 (2020) Kat:3, Licht: 0","141277","3","6","2","08","06","3","0","0","0","1","0","1"
"POINT (13.369177202000060 52.526268492000042)","Unfall 141278 (2020) Kat:3, Licht: 0","141278","3","4","6","07","11","2","0","0","1","0","1","0"
"POINT (13.384378926000068 52.567547330000082)","Unfall 141279 (2020) Kat:3, Licht: 0","141279","3","2","5","08","16","1","0","0","0","1","0","0"
"POINT (13.577497403000052 52.562149118000036)","Unfall 141280 (2020) Kat:3, Licht: 2","141280","3","7","6","08","02","7","0","2","1","0","1","0"
"POINT (13.528408960000036 52.429088815000057)","Unfall 141281 (2020) Kat:3, Licht: 0","141281","3","2","5","08","09","5","0","0","1","0","0","0"
"POINT (13.481210922000059 52.460924446000035)","Unfall 141282 (2020) Kat:3, Licht: 2","141282","3","2","5","07","22","4","0","2","1","1","0","0"
"POINT (13.192363601000068 52.528624707000063)","Unfall 141283 (2020) Kat:3, Licht: 0","141283","3","7","6","08","14","2","0","0","0","0","1","0"
"POINT (13.495592712000075 52.534241390000034)","Unfall 141284 (2020) Kat:3, Licht: 0","141284","3","6","2","08","18","2","0","0","0","1","0","0"
"POINT (13.338768964000053 52.553724187000057)","Unfall 141285 (2020) Kat:3, Licht: 2","141285","3","5","1","07","21","4","0","2","1","1","0","0"
"POINT (13.510387809000065 52.463259478000055)","Unfall 141286 (2020) Kat:3, Licht: 0","141286","3","2","5","08","16","4","0","0","1","1","0","0"
"POINT (13.392816551000067 52.492043487000046)","Unfall 141287 (2020) Kat:3, Licht: 0","141287","3","3","5","08","20","2","0","0","0","1","0","0"
"POINT (13.379367141000046 52.540499620000048)","Unfall 141288 (2020) Kat:2, Licht: 1","141288","2","3","0","07","20","4","0","1","0","1","0","1"
"POINT (13.322275284000057 52.456550332000063)","Unfall 141289 (2020) Kat:3, Licht: 2","141289","3","7","1","08","00","4","0","2","0","1","0","0"
"POINT (13.433449867000036 52.491747952000026)","Unfall 141290 (2020) Kat:3, Licht: 0","141290","3","6","3","07","20","4","0","0","1","1","0","0"
"POINT (13.334552664000057 52.587680460000058)","Unfall 141291 (2020) Kat:3, Licht: 0","141291","3","1","0","08","14","3","0","0","0","0","0","1"
"POINT (13.602265029000023 52.536055876000034)","Unfall 141292 (2020) Kat:3, Licht: 0","141292","3","2","5","07","18","4","0","0","0","1","0","1"
"POINT (13.340959948000034 52.551559031000068)","Unfall 141293 (2020) Kat:2, Licht: 2","141293","2","7","5","08","00","4","0","2","0","1","0","0"
"POINT (13.185760439000035 52.424912836000033)","Unfall 141294 (2020) Kat:2, Licht: 0","141294","2","5","1","07","18","4","0","0","1","1","0","0"
"POINT (13.413984563000042 52.553629072000035)","Unfall 141295 (2020) Kat:3, Licht: 0","141295","3","6","2","08","16","3","1","0","0","1","0","1"
"POINT (13.468271543000071 52.534312948000036)","Unfall 141296 (2020) Kat:2, Licht: 0","141296","2","3","5","07","10","2","0","0","1","1","0","0"
"POINT (13.317411720000052 52.587229330000071)","Unfall 141297 (2020) Kat:3, Licht: 0","141297","3","1","0","08","14","1","1","0","0","0","0","1"
"POINT (13.430721006000056 52.589996160000055)","Unfall 141298 (2020) Kat:3, Licht: 0","141298","3","2","5","08","15","7","0","0","1","1","0","0"
"POINT (13.323914668000043 52.456141714000069)","Unfall 141299 (2020) Kat:3, Licht: 0","141299","3","2","5","08","06","5","0","0","1","0","0","0"
"POINT (13.313877820000073 52.490206753000052)","Unfall 141300 (2020) Kat:3, Licht: 0","141300","3","6","2","07","17","4","0","0","0","1","0","0"
"POINT (13.374951101000022 52.455452301000037)","Unfall 141301 (2020) Kat:3, Licht: 0","141301","3","2","5","08","10","2","0","0","1","1","0","0"
"POINT (13.384125935000043 52.510122841000054)","Unfall 141302 (2020) Kat:3, Licht: 0","141302","3","2","5","07","16","4","0","0","1","1","0","0"
"POINT (13.355118059000063 52.596639973000038)","Unfall 141303 (2020) Kat:3, Licht: 0","141303","3","4","6","08","15","4","0","0","1","0","1","0"
"POINT (13.356864270000074 52.424442876000057)","Unfall 141304 (2020) Kat:3, Licht: 0","141304","3","6","2","07","10","2","0","0","0","1","0","0"
"POINT (13.275330606000068 52.460918186000072)","Unfall 141305 (2020) Kat:3, Licht: 0","141305","3","3","5","07","16","4","0","0","1","1","0","0"
"POINT (13.237911176000068 52.542399294000063)","Unfall 141306 (2020) Kat:3, Licht: 0","141306","3","3","5","08","07","4","0","0","1","1","0","0"