WKT,Name,OBJECTID,UKATEGORIE,UTYP1,UART,UMONAT,USTUNDE,UWOCHENTAG,STRZUSTAND,ULICHTVERH,ISTRAD,ISTPKW,ISTFUSS,ISTKRAD
"POINT (13.373098489000029 52.542723134000028)","Unfall 141307 (2020) Kat:3, Licht: 0","141307","3","1","9","07","10","2","0","0","0","1","0","0"
"POINT (13.392150005000076 52.554301998000028)","Unfall 141308 (2020) Kat:3, Licht: 0","141308","3","4","6","07","16","4","0","0","0","1","1","0"
"POINT (13.561093702000051 52.436131402000058)","Unfall 141309 (2020) Kat:3, Licht: 0","141309","3","6","2","08","09","3","0","0","0","1","0","0"
"POINT (13.419661305000034 52.506086975000073)","Unfall 141310 (2020) Kat:3, Licht: 0","141310","3","3","5","07","10","2","0","0","1","1","0","0"
"POINT (13.237209275000055 52.469282075000081)","Unfall 141311 (2020) Kat:3, Licht: 0","141311","3","2","5","08","07","7","0","0","1","1","0","0"
"POINT (13.368941861000053 52.445463260000054)","Unfall 141312 (2020) Kat:2, Licht: 0","141312","2","3","5","08","12","5","0","0","0","1","0","1"
"POINT (13.392012339000075 52.531990489000066)","Unfall 141313 (2020) Kat:3, Licht: 0","141313","3","1","0","08","20","2","0","0","1","0","0","0"
"POINT (13.471988137000039 52.516854150000029)","Unfall 141314 (2020) Kat:3, Licht: 0","141314","3","7","2","07","10","2","0","0","1","1","0","0"
"POINT (13.387542043000053 52.543669840000064)","Unfall 141315 (2020) Kat:3, Licht: 2","141315","3","7","1","08","00","7","0","2","0","1","0","0"
"POINT (13.300993243000050 52.616227961000050)","Unfall 141316 (2020) Kat:3, Licht: 0","141316","3","2","6","08","14","5","0","0","0","1","1","0"
"POINT (13.511925429000030 52.554660921000050)","Unfall 141317 (2020) Kat:3, Licht: 0","141317","3","7","5","07","16","4","0","0","1","1","0","0"
"POINT (13.368435314000067 52.522520346000078)","Unfall 141318 (2020) Kat:3, Licht: 0","141318","3","3","0","08","08","2","0","0","0","1","0","0"
"POINT (13.340370569000072 52.504200077000064)","Unfall 141319 (2020) Kat:3, Licht: 0","141319","3","6","3","07","16","4","0","0","1","0","0","1"
"POINT (13.563029816000039 52.514244792000056)","Unfall 141320 (2020) Kat:3, Licht: 0","141320","3","2","5","08","12","4","0","0","1","1","0","0"
"POINT (13.427305979000039 52.560542181000073)","Unfall 141321 (2020) Kat:3, Licht: 0","141321","3","6","2","07","15","4","0","0","1","1","0","0"
"POINT (13.130005260000075 52.548512098000060)","Unfall 141322 (2020) Kat:2, Licht: 0","141322","2","3","5","08","19","4","0","0","1","1","0","0"
"POINT (13.420188138000071 52.532820180000044)","Unfall 141323 (2020) Kat:3, Licht: 0","141323","3","3","0","07","09","2","0","0","1","0","0","0"
"POINT (13.370859297000038 52.518625578000069)","Unfall 141324 (2020) Kat:3, Licht: 1","141324","3","1","9","08","06","1","0","1","0","1","0","0"
"POINT (13.390461168000058 52.507695498000032)","Unfall 141325 (2020) Kat:3, Licht: 0","141325","3","3","5","08","17","5","0","0","1","1","0","0"
"POINT (13.180388420000043 52.548665437000068)","Unfall 141326 (2020) Kat:3, Licht: 0","141326","3","6","2","07","15","4","0","0","0","0","1","0"
"POINT (13.414496321000058 52.488208715000042)","Unfall 141327 (2020) Kat:3, Licht: 0","141327","3","6","2","08","13","3","0","0","0","1","0","1"
"POINT (13.439353546000063 52.417527295000070)","Unfall 141328 (2020) Kat:3, Licht: 0","141328","3","5","1","07","08","2","0","0","0","1","0","0"
"POINT (13.481182790000048 52.502861990000042)","Unfall 141329 (2020) Kat:3, Licht: 0","141329","3","1","0","08","09","7","0","0","0","0","0","1"
"POINT (13.434769772000038 52.556723317000035)","Unfall 141330 (2020) Kat:3, Licht: 0","141330","3","6","3","08","11","5","0","0","1","0","0","0"
"POINT (13.499521206000054 52.547769771000048)","Unfall 141331 (2020) Kat:3, Licht: 0","141331","3","2","6","07","15","4","0","0","0","1","1","0"
"POINT (13.325952637000057 52.518638368000040)","Unfall 141332 (2020) Kat:3, Licht: 0","141332","3","2","5","08","09","4","0","0","1","1","0","0"
"POINT (13.307377682000038 52.419841878000057)","Unfall 141333 (2020) Kat:3, Licht: 0","141333","3","3","5","07","15","4","0","0","1","1","0","0"
"POINT (13.289359830000024 52.590275116000043)","Unfall 141334 (2020) Kat:3, Licht: 0","141334","3","2","5","08","17","3","0","0","1","1","0","0"
"POINT (13.352335338000046 52.429540610000060)","Unfall 141335 (2020) Kat:3, Licht: 0","141335","3","1","9","07","08","2","0","0","0","1","0","0"
"POINT (13.442793813000037 52.465080633000071)","Unfall 141336 (2020) Kat:3, Licht: 0","141336","3","2","5","07","15","4","0","0","1","1","0","0"
"POINT (13.433157840000035 52.464302762000045)","Unfall 141337 (2020) Kat:3, Licht: 0","141337","3","6","2","08","10","4","0","0","0","1","0","0"
"POINT (13.282539412000062 52.533891955000058)","Unfall 141338 (2020) Kat:3, Licht: 0","141338","3","2","5","07","15","4","0","0","1","1","0","0"
"POINT (13.405825386000060 52.513991967000038)","Unfall 141339 (2020) Kat:3, Licht: 0","141339","3","2","5","08","14","3","0","0","0","1","0","1"
"POINT (13.421216376000075 52.500758550000057)","Unfall 141340 (2020) Kat:3, Licht: 0","141340","3","2","5","07","08","2","0","0","1","1","0","0"
"POINT (13.343337992000045 52.528645942000026)","Unfall 141341 (2020) Kat:3, Licht: 2","141341","3","1","0","08","03","7","0","2","1","0","0","0"
"POINT (13.394661932000076 52.502155496000057)","Unfall 141342 (2020) Kat:3, Licht: 0","141342","3","2","5","08","16","5","0","0","1","1","0","0"
"POINT (13.479862966000042 52.526982025000052)","Unfall 141343 (2020) Kat:3, Licht: 0","141343","3","6","2","07","14","4","0","0","0","1","0","0"
"POINT (13.518015297000034 52.642461541000046)","Unfall 141344 (2020) Kat:3, Licht: 0","141344","3","7","0","08","12","3","0","0","1","0","0","0"
"POINT (13.346751007000023 52.524899316000074)","Unfall 141345 (2020) Kat:3, Licht: 0","141345","3","2","5","07","08","2","0","0","1","1","0","0"
"POINT (13.426331587000050 52.499327820000076)","Unfall 141346 (2020) Kat:3, Licht: 0","141346","3","2","5","07","13","4","0","0","1","0","0","0"
"POINT (13.375616953000076 52.487749743000052)","Unfall 141347 (2020) Kat:3, Licht: 0","141347","3","7","6","08","18","4","0","0","1","0","1","0"
"POINT (13.326104632000067 52.538377321000041)","Unfall 141348 (2020) Kat:2, Licht: 0","141348","2","2","5","08","19","2","0","0","0","1","0","0"
"POINT (13.510442386000022 52.634177344000079)","Unfall 141349 (2020) Kat:3, Licht: 0","141349","3","7","5","07","11","4","0","0","0","1","0","0"
"POINT (13.319227621000039 52.606844439000042)","Unfall 141350 (2020) Kat:2, Licht: 1","141350","2","1","0","08","21","4","0","1","0","0","0","1"
"POINT (13.404625037000073 52.508960967000064)","Unfall 141351 (2020) Kat:3, Licht: 0","141351","3","3","5","07","11","4","0","0","1","1","0","0"
"POINT (13.496099246000028 52.466259051000065)","Unfall 141352 (2020) Kat:2, Licht: 1","141352","2","6","2","08","04","3","0","1","0","1","0","0"
"POINT (13.489994861000071 52.421237111000039)","Unfall 141353 (2020) Kat:3, Licht: 0","141353","3","3","5","07","07","2","0","0","1","1","0","0"
"POINT (13.414219753000054 52.502670009000042)","Unfall 141354 (2020) Kat:3, Licht: 0","141354","3","7","2","08","17","1","1","0","1","1","0","0"
"POINT (13.377556534000064 52.570470799000077)","Unfall 141355 (2020) Kat:2, Licht: 0","141355","2","3","5","08","18","7","0","0","0","1","0","1"
"POINT (13.348830889000055 52.459164315000066)","Unfall 141356 (2020) Kat:2, Licht: 0","141356","2","2","5","08","09","5","0","0","1","1","0","0"
"POINT (13.361428637000074 52.482605297000077)","Unfall 141357 (2020) Kat:2, Licht: 0","141357","2","5","1","07","11","4","0","0","1","0","0","0"
"POINT (13.370693485000061 52.422431218000042)","Unfall 141358 (2020) Kat:3, Licht: 0","141358","3","2","5","08","12","2","0","0","0","1","0","0"
"POINT (13.306940420000046 52.554978711000047)","Unfall 141359 (2020) Kat:3, Licht: 0","141359","3","6","2","07","10","4","0","0","0","1","0","0"
"POINT (13.335892704000059 52.554289312000037)","Unfall 141360 (2020) Kat:3, Licht: 0","141360","3","6","2","08","16","4","0","0","0","1","0","0"
"POINT (13.418138052000074 52.499387338000076)","Unfall 141361 (2020) Kat:3, Licht: 0","141361","3","2","5","08","13","1","1","0","1","1","0","0"
"POINT (13.373825846000045 52.505095712000070)","Unfall 141362 (2020) Kat:3, Licht: 0","141362","3","3","5","08","18","5","0","0","0","1","0","0"
"POINT (13.455932085000029 52.495608601000072)","Unfall 141363 (2020) Kat:3, Licht: 0","141363","3","5","1","08","19","7","0","0","1","1","0","0"
"POINT (13.443791329000021 52.525305861000049)","Unfall 141364 (2020) Kat:3, Licht: 0","141364","3","2","5","08","06","5","0","0","0","1","0","0"
"POINT (13.328417288000026 52.533064798000055)","Unfall 141365 (2020) Kat:2, Licht: 0","141365","2","2","5","07","10","4","0","0","1","1","0","0"
"POINT (13.314499778000027 52.522590004000051)","Unfall 141366 (2020) Kat:3, Licht: 2","141366","3","5","1","08","21","2","0","2","0","1","0","0"
"POINT (13.343613723000033 52.439138257000081)","Unfall 141367 (2020) Kat:3, Licht: 0","141367","3","2","5","07","10","4","0","0","0","1","0","0"
"POINT (13.576743036000039 52.444364077000046)","Unfall 141368 (2020) Kat:3, Licht: 0","141368","3","1","0","08","17","4","0","0","1","0","0","0"
"POINT (13.499317195000060 52.561305037000068)","Unfall 141369 (2020) Kat:2, Licht: 0","141369","2","3","5","07","09","4","0","0","1","1","0","0"
"POINT (13.273279534000039 52.536929306000047)","Unfall 141370 (2020) Kat:3, Licht: 0","141370","3","2","5","08","08","4","0","0","1","0","0","0"
"POINT (13.337999930000024 52.534724582000081)","Unfall 141371 (2020) Kat:2, Licht: 0","141371","2","3","0","07","10","4","0","0","0","0","0","1"
"POINT (13.585802899000043 52.500676709000061)","Unfall 141372 (2020) Kat:2, Licht: 0","141372","2","3","5","08","15","3","0","0","1","1","0","0"
"POINT (13.316815538000071 52.501396098000043)","Unfall 141373 (2020) Kat:2, Licht: 0","141373","2","5","0","07","20","2","1","0","0","1","0","1"
"POINT (13.417231591000075 52.550000032000071)","Unfall 141374 (2020) Kat:3, Licht: 0","141374","3","1","0","08","13","1","1","0","0","1","0","0"
"POINT (13.333456509000030 52.429935610000030)","Unfall 141375 (2020) Kat:3, Licht: 0","141375","3","2","0","08","13","7","0","0","1","1","0","0"
"POINT (13.177566039000055 52.516958514000066)","Unfall 141376 (2020) Kat:3, Licht: 0","141376","3","1","0","08","16","5","0","0","0","0","0","1"
"POINT (13.309576156000048 52.431247535000068)","Unfall 141377 (2020) Kat:1, Licht: 0","141377","1","3","5","07","09","4","0","0","1","1","0","0"
"POINT (13.264567560000046 52.536687733000065)","Unfall 141378 (2020) Kat:3, Licht: 0","141378","3","6","2","08","08","2","0","0","0","1","0","0"
"POINT (13.556368404000068 52.399788322000063)","Unfall 141379 (2020) Kat:3, Licht: 0","141379","3","3","5","07","08","4","0","0","1","0","0","0"
"POINT (13.396157398000071 52.538069864000079)","Unfall 141380 (2020) Kat:3, Licht: 0","141380","3","6","2","08","12","4","0","0","0","1","0","1"
"POINT (13.303014129000076 52.444435017000046)","Unfall 141381 (2020) Kat:3, Licht: 0","141381","3","7","6","07","07","4","0","0","1","0","1","0"
"POINT (13.452848938000045 52.470360282000058)","Unfall 141382 (2020) Kat:3, Licht: 0","141382","3","4","6","08","19","4","0","0","0","0","1","1"
"POINT (13.426277593000066 52.607728374000033)","Unfall 141383 (2020) Kat:2, Licht: 0","141383","2","7","0","07","18","2","0","0","0","0","0","0"
"POINT (13.314230719000022 52.507802645000027)","Unfall 141384 (2020) Kat:3, Licht: 0","141384","3","1","0","07","19","2","1","0","0","0","0","1"
"POINT (13.520564797000077 52.580285839000055)","Unfall 141385 (2020) Kat:2, Licht: 0","141385","2","7","0","07","06","4","0","0","0","1","0","0"
"POINT (13.176826188000064 52.584806814000046)","Unfall 141386 (2020) Kat:3, Licht: 1","141386","3","7","0","08","20","4","1","1","0","0","0","1"
"POINT (13.424963684000033 52.481170165000037)","Unfall 141387 (2020) Kat:3, Licht: 0","141387","3","5","1","07","18","2","1","0","1","1","0","0"
"POINT (13.435481656000036 52.480737973000032)","Unfall 141388 (2020) Kat:3, Licht: 0","141388","3","3","5","07","06","4","0","0","1","0","0","0"
"POINT (13.466755633000048 52.433655078000072)","Unfall 141389 (2020) Kat:3, Licht: 0","141389","3","5","1","08","10","3","0","0","0","1","0","0"
"POINT (13.420744844000069 52.468670676000045)","Unfall 141390 (2020) Kat:3, Licht: 0","141390","3","2","4","07","18","2","1","0","1","1","0","0"
"POINT (13.425411265000037 52.441993034000063)","Unfall 141391 (2020) Kat:3, Licht: 0","141391","3","3","5","08","11","7","0","0","1","1","0","0"
"POINT (13.354237533000060 52.499190813000041)","Unfall 141392 (2020) Kat:3, Licht: 0","141392","3","3","5","08","14","5","0","0","1","1","0","0"
"POINT (13.398500523000052 52.538964031000035)","Unfall 141393 (2020) Kat:3, Licht: 2","141393","3","3","5","07","01","4","0","2","1","0","0","0"
"POINT (13.315213214000039 52.576780341000074)","Unfall 141394 (2020) Kat:2, Licht: 0","141394","2","4","6","08","18","2","0","0","0","1","1","0"
"POINT (13.363485511000022 52.556614427000056)","Unfall 141395 (2020) Kat:3, Licht: 0","141395","3","6","2","07","15","4","0","0","0","1","0","0"
"POINT (13.269110632000036 52.511478216000057)","Unfall 141396 (2020) Kat:3, Licht: 0","141396","3","6","2","08","14","4","0","0","0","1","0","1"
"POINT (13.280410532000076 52.518333092000034)","Unfall 141397 (2020) Kat:3, Licht: 0","141397","3","2","0","07","07","3","0","0","1","0","0","0"
"POINT (13.297436311000070 52.442291272000034)","Unfall 141398 (2020) Kat:3, Licht: 0","141398","3","6","3","08","13","4","0","0","0","1","0","1"
"POINT (13.314257827000063 52.490270999000074)","Unfall 141399 (2020) Kat:3, Licht: 0","141399","3","2","5","07","18","2","1","0","1","1","0","0"
"POINT (13.432003628000075 52.499326328000052)","Unfall 141400 (2020) Kat:3, Licht: 0","141400","3","3","5","08","15","7","0","0","1","0","0","1"
"POINT (13.210759150000058 52.547709248000047)","Unfall 141401 (2020) Kat:3, Licht: 0","141401","3","2","5","08","19","5","0","0","1","1","0","0"
"POINT (13.589251424000054 52.451340199000072)","Unfall 141402 (2020) Kat:3, Licht: 0","141402","3","6","3","07","16","3","0","0","1","0","0","0"
"POINT (13.393613993000031 52.457537909000052)","Unfall 141403 (2020) Kat:3, Licht: 0","141403","3","5","0","08","12","3","0","0","0","1","0","1"
"POINT (13.423042857000041 52.500245666000069)","Unfall 141404 (2020) Kat:2, Licht: 0","141404","2","2","5","07","17","2","0","0","1","1","0","0"
"POINT (13.446373266000023 52.544951985000068)","Unfall 141405 (2020) Kat:3, Licht: 0","141405","3","3","5","07","09","6","0","0","1","1","0","0"
"POINT (13.517649011000060 52.567884839000044)","Unfall 141406 (2020) Kat:2, Licht: 0","141406","2","6","0","08","16","4","0","0","0","1","0","1"
"POINT (13.396939673000077 52.554722658000060)","Unfall 141407 (2020) Kat:3, Licht: 0","141407","3","6","2","08","12","1","1","0","0","1","0","0"
"POINT (13.206752236000057 52.543724306000058)","Unfall 141408 (2020) Kat:3, Licht: 0","141408","3","2","5","08","17","5","0","0","0","1","0","0"
"POINT (13.377414563000059 52.509659387000056)","Unfall 141409 (2020) Kat:3, Licht: 0","141409","3","2","5","07","11","3","0","0","1","0","0","0"
"POINT (13.399624056000050 52.509141092000050)","Unfall 141410 (2020) Kat:3, Licht: 0","141410","3","6","3","08","08","3","0","0","1","1","0","0"
"POINT (13.590172554000048 52.547231361000058)","Unfall 141411 (2020) Kat:3, Licht: 0","141411","3","4","6","07","17","2","0","0","0","1","1","0"
"POINT (13.447992515000067 52.519411437000031)","Unfall 141412 (2020) Kat:3, Licht: 0","141412","3","3","5","08","09","7","0","0","0","1","0","0"
"POINT (13.315768865000052 52.500955835000070)","Unfall 141413 (2020) Kat:3, Licht: 0","141413","3","6","2","08","11","5","0","0","0","1","0","0"
"POINT (13.321341203000031 52.444102351000026)","Unfall 141414 (2020) Kat:3, Licht: 0","141414","3","2","0","07","16","3","0","0","0","1","0","1"
"POINT (13.417810906000057 52.498855283000069)","Unfall 141415 (2020) Kat:3, Licht: 0","141415","3","3","5","08","09","4","0","0","1","1","0","0"
"POINT (13.425274291000051 52.480114629000070)","Unfall 141416 (2020) Kat:2, Licht: 0","141416","2","6","0","07","15","3","0","0","0","1","0","1"
"POINT (13.411305199000026 52.541098991000069)","Unfall 141417 (2020) Kat:3, Licht: 0","141417","3","6","3","08","19","3","0","0","1","0","0","0"
"POINT (13.179089211000075 52.524890832000040)","Unfall 141418 (2020) Kat:3, Licht: 0","141418","3","4","6","07","16","2","0","0","0","1","1","0"
"POINT (13.386833575000026 52.531413547000056)","Unfall 141419 (2020) Kat:2, Licht: 2","141419","2","1","0","08","02","7","0","2","0","0","0","0"
"POINT (13.226417052000045 52.583457120000048)","Unfall 141420 (2020) Kat:3, Licht: 0","141420","3","3","5","08","16","5","0","0","0","1","0","1"
"POINT (13.380781155000022 52.456014074000052)","Unfall 141421 (2020) Kat:2, Licht: 0","141421","2","6","2","07","15","3","0","0","0","1","0","1"
"POINT (13.431430664000061 52.492384084000037)","Unfall 141422 (2020) Kat:3, Licht: 0","141422","3","1","0","08","18","2","0","0","0","0","0","1"
"POINT (13.296753865000028 52.548012760000063)","Unfall 141423 (2020) Kat:3, Licht: 0","141423","3","2","5","07","15","2","0","0","0","1","0","0"
"POINT (13.453227277000053 52.472442430000058)","Unfall 141424 (2020) Kat:3, Licht: 0","141424","3","4","6","07","15","3","0","0","0","1","1","0"
"POINT (13.602156645000036 52.536083262000034)","Unfall 141425 (2020) Kat:3, Licht: 2","141425","3","3","5","08","23","4","0","2","1","1","0","0"
"POINT (13.395495069000049 52.499014032000048)","Unfall 141426 (2020) Kat:3, Licht: 0","141426","3","3","5","07","14","3","0","0","1","1","0","0"
"POINT (13.491794186000050 52.469504188000030)","Unfall 141427 (2020) Kat:2, Licht: 0","141427","2","7","2","08","08","4","0","0","0","1","0","1"
"POINT (13.381940385000064 52.552158795000082)","Unfall 141428 (2020) Kat:2, Licht: 0","141428","2","1","0","07","13","3","0","0","0","0","0","1"
"POINT (13.462338056000021 52.531554388000075)","Unfall 141429 (2020) Kat:3, Licht: 2","141429","3","7","0","08","22","4","0","2","1","0","1","0"
"POINT (13.492711776000021 52.503072323000026)","Unfall 141430 (2020) Kat:2, Licht: 0","141430","2","3","5","07","13","3","0","0","0","1","0","0"
"POINT (13.404260074000035 52.554475112000034)","Unfall 141431 (2020) Kat:3, Licht: 0","141431","3","6","2","08","06","3","0","0","0","1","0","0"
"POINT (13.364333584000065 52.582121068000049)","Unfall 141432 (2020) Kat:2, Licht: 0","141432","2","6","2","07","15","2","0","0","1","1","0","0"
"POINT (13.626203889000067 52.529457966000052)","Unfall 141433 (2020) Kat:2, Licht: 0","141433","2","2","2","08","13","1","1","0","0","1","0","0"
"POINT (13.359235620000049 52.546527494000031)","Unfall 141434 (2020) Kat:3, Licht: 0","141434","3","3","5","08","19","7","0","0","1","1","0","0"
"POINT (13.307157332000031 52.500086648000035)","Unfall 141435 (2020) Kat:3, Licht: 0","141435","3","2","5","08","09","5","0","0","0","1","0","0"
"POINT (13.431513919000054 52.443413954000050)","Unfall 141436 (2020) Kat:3, Licht: 0","141436","3","2","5","07","13","3","0","0","1","1","0","0"
"POINT (13.425425090000033 52.499580218000062)","Unfall 141437 (2020) Kat:3, Licht: 0","141437","3","4","6","08","14","2","0","0","0","0","1","1"
"POINT (13.398417237000046 52.590535027000044)","Unfall 141438 (2020) Kat:2, Licht: 0","141438","2","1","9","08","19","2","0","0","0","0","0","1"
"POINT (13.457824553000023 52.529041956000071)","Unfall 141439 (2020) Kat:3, Licht: 0","141439","3","1","0","07","11","3","0","0","1","0","0","0"
"POINT (13.435994204000053 52.492024099000048)","Unfall 141440 (2020) Kat:2, Licht: 0","141440","2","6","3","08","17","4","0","0","1","1","0","0"
"POINT (13.340523046000044 52.504341569000076)","Unfall 141441 (2020) Kat:3, Licht: 0","141441","3","3","5","08","18","2","0","0","0","1","0","1"
"POINT (13.279014622000034 52.490786286000059)","Unfall 141442 (2020) Kat:3, Licht: 0","141442","3","6","3","07","12","3","0","0","1","1","0","0"
"POINT (13.342200861000038 52.482494623000036)","Unfall 141443 (2020) Kat:2, Licht: 0","141443","2","3","5","08","08","4","0","0","1","0","0","0"
"POINT (13.581078486000024 52.442956940000045)","Unfall 141444 (2020) Kat:3, Licht: 0","141444","3","7","0","07","12","3","0","0","1","0","0","0"
"POINT (13.312197086000026 52.419839280000076)","Unfall 141445 (2020) Kat:3, Licht: 0","141445","3","3","5","08","14","3","0","0","1","1","0","0"
"POINT (13.481463787000052 52.617882848000079)","Unfall 141446 (2020) Kat:3, Licht: 0","141446","3","3","5","07","14","2","0","0","0","1","0","0"
"POINT (13.410462069000062 52.503453952000029)","Unfall 141447 (2020) Kat:3, Licht: 0","141447","3","2","5","08","12","7","0","0","1","1","0","0"
"POINT (13.494613158000050 52.559655004000035)","Unfall 141448 (2020) Kat:3, Licht: 0","141448","3","7","5","08","14","5","0","0","0","1","0","0"
"POINT (13.594434624000030 52.429208966000033)","Unfall 141449 (2020) Kat:3, Licht: 0","141449","3","3","1","08","18","2","0","0","1","1","0","0"
"POINT (13.400194028000044 52.459139050000033)","Unfall 141450 (2020) Kat:3, Licht: 0","141450","3","3","5","08","07","2","1","0","0","1","0","0"
"POINT (13.440389860000039 52.518359195000073)","Unfall 141451 (2020) Kat:3, Licht: 0","141451","3","6","2","08","13","3","0","0","1","1","0","0"
"POINT (13.390132567000023 52.509455191000029)","Unfall 141452 (2020) Kat:3, Licht: 1","141452","3","3","5","08","06","6","1","1","0","0","0","0"
"POINT (13.523565668000060 52.497112339000068)","Unfall 141453 (2020) Kat:3, Licht: 0","141453","3","4","6","08","09","4","0","0","0","1","1","0"
"POINT (13.588729911000030 52.469853183000055)","Unfall 141454 (2020) Kat:2, Licht: 0","141454","2","4","6","08","07","4","0","0","0","0","1","0"
"POINT (13.330924690000074 52.527115433000063)","Unfall 141455 (2020) Kat:3, Licht: 0","141455","3","3","0","08","19","2","0","0","0","1","0","0"
"POINT (13.402703093000071 52.531483694000030)","Unfall 141456 (2020) Kat:2, Licht: 0","141456","2","1","0","08","17","1","0","0","1","0","0","0"
"POINT (13.570903566000027 52.545828761000053)","Unfall 141457 (2020) Kat:2, Licht: 0","141457","2","1","0","08","17","2","1","0","0","0","0","1"
"POINT (13.359136526000043 52.456856509000033)","Unfall 141458 (2020) Kat:3, Licht: 0","141458","3","2","5","08","15","5","0","0","1","1","0","0"
"POINT (13.375722116000077 52.538126437000074)","Unfall 141459 (2020) Kat:3, Licht: 2","141459","3","3","5","08","22","2","0","2","0","1","0","1"
"POINT (13.339448529000038 52.430898679000052)","Unfall 141460 (2020) Kat:3, Licht: 0","141460","3","5","1","08","10","7","0","0","1","1","0","0"
"POINT (13.450885732000074 52.527166826000041)","Unfall 141461 (2020) Kat:3, Licht: 0","141461","3","2","5","08","08","4","0","0","1","1","0","0"
"POINT (13.562556083000061 52.547274758000071)","Unfall 141462 (2020) Kat:3, Licht: 0","141462","3","3","5","08","10","2","0","0","0","1","0","1"
"POINT (13.210976041000038 52.547665248000044)","Unfall 141463 (2020) Kat:3, Licht: 0","141463","3","2","5","08","16","6","0","0","1","1","0","0"
"POINT (13.436720791000027 52.466012454000065)","Unfall 141464 (2020) Kat:3, Licht: 0","141464","3","3","5","08","07","4","0","0","0","1","0","0"
"POINT (13.439488070000039 52.500577779000082)","Unfall 141465 (2020) Kat:3, Licht: 0","141465","3","5","0","08","10","2","0","0","0","1","0","0"
"POINT (13.353578556000059 52.534017942000048)","Unfall 141466 (2020) Kat:3, Licht: 0","141466","3","6","3","08","08","5","0","0","1","0","0","0"
"POINT (13.200673735000066 52.538713328000028)","Unfall 141467 (2020) Kat:3, Licht: 0","141467","3","2","5","08","08","4","0","0","0","1","0","0"
"POINT (13.624164994000068 52.494098747000066)","Unfall 141468 (2020) Kat:3, Licht: 0","141468","3","5","1","08","10","2","0","0","1","1","0","0"
"POINT (13.435865386000046 52.483898544000056)","Unfall 141469 (2020) Kat:3, Licht: 2","141469","3","4","6","08","20","1","0","2","0","1","1","0"
"POINT (13.320036921000053 52.505879330000027)","Unfall 141470 (2020) Kat:3, Licht: 0","141470","3","6","2","08","12","5","0","0","0","1","0","0"
"POINT (13.442877633000023 52.542715161000046)","Unfall 141471 (2020) Kat:3, Licht: 0","141471","3","5","1","08","09","2","0","0","1","1","0","0"
"POINT (13.297868089000076 52.510477661000039)","Unfall 141472 (2020) Kat:3, Licht: 0","141472","3","1","0","08","15","7","0","0","1","0","0","0"
"POINT (13.319794386000069 52.505892953000057)","Unfall 141473 (2020) Kat:3, Licht: 0","141473","3","6","2","08","15","5","0","0","1","1","0","0"
"POINT (13.366894772000023 52.474605186000076)","Unfall 141474 (2020) Kat:3, Licht: 0","141474","3","6","2","08","09","2","0","0","1","1","0","0"
"POINT (13.430073144000062 52.510183373000075)","Unfall 141475 (2020) Kat:3, Licht: 0","141475","3","6","2","08","13","7","0","0","0","1","0","0"
"POINT (13.496510982000075 52.533949453000048)","Unfall 141476 (2020) Kat:3, Licht: 0","141476","3","3","5","08","08","2","0","0","1","1","0","0"
"POINT (13.430527321000056 52.478081817000032)","Unfall 141477 (2020) Kat:3, Licht: 0","141477","3","4","6","08","14","6","0","0","0","1","1","0"
"POINT (13.382272257000068 52.579456395000079)","Unfall 141478 (2020) Kat:3, Licht: 0","141478","3","3","5","08","07","4","0","0","1","0","0","0"
"POINT (13.281934205000027 52.484012638000081)","Unfall 141479 (2020) Kat:3, Licht: 0","141479","3","7","1","08","08","2","0","0","0","1","0","0"
"POINT (13.506962355000041 52.453513425000040)","Unfall 141480 (2020) Kat:3, Licht: 0","141480","3","6","4","08","07","2","0","0","0","1","0","0"
"POINT (13.324034893000032 52.510405937000030)","Unfall 141481 (2020) Kat:3, Licht: 0","141481","3","5","1","08","06","5","0","0","0","1","0","0"
"POINT (13.567793159000075 52.560883550000028)","Unfall 141482 (2020) Kat:3, Licht: 0","141482","3","6","2","08","08","4","0","0","1","0","0","0"
"POINT (13.315512269000067 52.419258047000028)","Unfall 141483 (2020) Kat:2, Licht: 0","141483","2","1","0","08","07","2","0","0","1","0","0","0"
"POINT (13.539330542000073 52.534477433000063)","Unfall 141484 (2020) Kat:2, Licht: 0","141484","2","4","6","08","19","1","0","0","0","1","1","0"
"POINT (13.307839745000024 52.502820578000069)","Unfall 141485 (2020) Kat:3, Licht: 0","141485","3","5","1","08","16","4","0","0","1","1","0","0"
"POINT (13.531511682000030 52.570123628000033)","Unfall 141486 (2020) Kat:3, Licht: 0","141486","3","1","0","08","07","2","0","0","1","0","0","0"
"POINT (13.409837433000064 52.528988341000058)","Unfall 141487 (2020) Kat:2, Licht: 2","141487","2","6","4","08","00","6","0","2","1","0","0","0"
"POINT (13.345321513000044 52.554149800000062)","Unfall 141488 (2020) Kat:3, Licht: 0","141488","3","6","2","08","16","2","1","0","0","1","0","0"
"POINT (13.194548606000069 52.533768800000075)","Unfall 141489 (2020) Kat:2, Licht: 0","141489","2","2","6","08","12","6","0","0","0","1","1","0"
"POINT (13.346703419000050 52.566894951000052)","Unfall 141490 (2020) Kat:3, Licht: 0","141490","3","2","5","08","10","4","0","0","1","1","0","0"
"POINT (13.479236525000033 52.523045173000071)","Unfall 141491 (2020) Kat:3, Licht: 0","141491","3","2","0","08","07","4","0","0","0","1","1","0"
"POINT (13.559258359000069 52.474871599000039)","Unfall 141492 (2020) Kat:2, Licht: 0","141492","2","4","6","08","08","2","0","0","0","1","1","0"