WKT,Name,OBJECTID,UKATEGORIE,UTYP1,UART,UMONAT,USTUNDE,UWOCHENTAG,STRZUSTAND,ULICHTVERH,ISTRAD,ISTPKW,ISTFUSS,ISTKRAD
"POINT (13.365788666000071 52.563160521000043)","Unfall 141493 (2020) Kat:3, Licht: 0","141493","3","6","2","08","16","2","0","0","1","1","0","0"
"POINT (13.435576552000043 52.491606112000056)","Unfall 141494 (2020) Kat:3, Licht: 0","141494","3","3","5","08","15","2","0","0","1","0","0","0"
"POINT (13.538679975000036 52.420383398000070)","Unfall 141495 (2020) Kat:3, Licht: 0","141495","3","2","5","08","18","5","0","0","1","1","0","0"
"POINT (13.412404929000047 52.515805262000072)","Unfall 141496 (2020) Kat:3, Licht: 0","141496","3","2","5","08","09","4","0","0","1","0","0","0"
"POINT (13.254759143000058 52.505798736000031)","Unfall 141497 (2020) Kat:3, Licht: 0","141497","3","1","0","08","15","2","0","0","1","0","0","0"
"POINT (13.431887962000076 52.480636793000031)","Unfall 141498 (2020) Kat:3, Licht: 0","141498","3","2","5","08","14","6","0","0","1","1","0","0"
"POINT (13.436690349000060 52.536517525000079)","Unfall 141499 (2020) Kat:3, Licht: 0","141499","3","2","0","08","19","3","0","0","1","1","0","0"
"POINT (13.417059481000024 52.512443603000065)","Unfall 141500 (2020) Kat:3, Licht: 0","141500","3","3","5","08","15","2","0","0","1","1","0","0"
"POINT (13.365702278000072 52.556831569000053)","Unfall 141501 (2020) Kat:3, Licht: 0","141501","3","2","0","08","15","2","0","0","0","1","0","1"
"POINT (13.517251747000046 52.471397415000069)","Unfall 141502 (2020) Kat:2, Licht: 0","141502","2","1","9","08","19","5","0","0","0","1","0","0"
"POINT (13.260742309000022 52.487026672000070)","Unfall 141503 (2020) Kat:3, Licht: 0","141503","3","3","5","08","14","3","0","0","1","1","0","0"
"POINT (13.525639355000067 52.564087405000066)","Unfall 141504 (2020) Kat:3, Licht: 0","141504","3","2","5","08","20","2","0","0","1","1","0","0"
"POINT (13.460283173000050 52.515471661000049)","Unfall 141505 (2020) Kat:3, Licht: 2","141505","3","5","5","08","02","1","0","2","1","1","0","0"
"POINT (13.423659136000026 52.490321953000034)","Unfall 141506 (2020) Kat:3, Licht: 0","141506","3","4","6","08","19","4","0","0","1","0","1","0"
"POINT (13.492338499000027 52.544022158000075)","Unfall 141507 (2020) Kat:2, Licht: 0","141507","2","2","5","08","20","2","0","0","0","1","0","1"
"POINT (13.331675629000074 52.467059926000047)","Unfall 141508 (2020) Kat:3, Licht: 1","141508","3","7","0","08","20","6","0","1","0","1","0","0"
"POINT (13.343716502000063 52.558586798000078)","Unfall 141509 (2020) Kat:3, Licht: 0","141509","3","2","5","08","15","2","0","0","1","1","0","0"
"POINT (13.396506257000055 52.562909431000037)","Unfall 141510 (2020) Kat:3, Licht: 0","141510","3","5","1","08","08","6","0","0","1","1","0","0"
"POINT (13.335326961000021 52.458503933000031)","Unfall 141511 (2020) Kat:3, Licht: 0","141511","3","3","5","08","09","3","0","0","1","1","0","0"
"POINT (13.291560791000052 52.519099201000074)","Unfall 141512 (2020) Kat:3, Licht: 0","141512","3","6","2","08","06","4","0","0","0","1","0","0"
"POINT (13.262450205000050 52.519616218000067)","Unfall 141513 (2020) Kat:3, Licht: 0","141513","3","3","5","08","18","2","0","0","0","1","0","0"
"POINT (13.199544136000043 52.534360963000040)","Unfall 141514 (2020) Kat:3, Licht: 0","141514","3","6","2","08","13","2","1","0","0","1","0","0"
"POINT (13.214660832000050 52.439742594000052)","Unfall 141515 (2020) Kat:3, Licht: 0","141515","3","6","2","08","17","5","0","0","0","1","0","0"
"POINT (13.417471556000066 52.513867785000059)","Unfall 141516 (2020) Kat:2, Licht: 0","141516","2","3","5","08","17","2","0","0","1","1","0","0"
"POINT (13.132282559000032 52.551350932000048)","Unfall 141517 (2020) Kat:3, Licht: 0","141517","3","3","5","08","07","7","0","0","1","1","0","0"
"POINT (13.413600877000022 52.520199446000049)","Unfall 141518 (2020) Kat:3, Licht: 0","141518","3","7","6","08","18","3","0","0","1","0","1","0"
"POINT (13.622543218000033 52.498256445000038)","Unfall 141519 (2020) Kat:3, Licht: 0","141519","3","7","1","08","13","2","0","0","0","1","0","0"
"POINT (13.688463336000041 52.441070844000080)","Unfall 141520 (2020) Kat:3, Licht: 0","141520","3","1","0","08","17","2","1","0","0","0","0","1"
"POINT (13.332395814000051 52.506265394000081)","Unfall 141521 (2020) Kat:3, Licht: 1","141521","3","2","5","08","20","7","0","1","0","1","0","1"
"POINT (13.433046310000066 52.464456477000056)","Unfall 141522 (2020) Kat:3, Licht: 0","141522","3","6","3","08","18","4","0","0","0","1","0","0"
"POINT (13.313948259000028 52.488312950000079)","Unfall 141523 (2020) Kat:3, Licht: 0","141523","3","5","1","08","17","2","1","0","0","1","0","0"
"POINT (13.270191806000071 52.450199242000053)","Unfall 141524 (2020) Kat:3, Licht: 0","141524","3","6","3","08","18","6","0","0","1","0","0","0"
"POINT (13.480766809000045 52.499192968000045)","Unfall 141525 (2020) Kat:3, Licht: 0","141525","3","6","4","08","13","2","0","0","1","0","0","0"
"POINT (13.296152413000073 52.498048349000044)","Unfall 141526 (2020) Kat:3, Licht: 0","141526","3","6","3","08","18","5","0","0","1","0","0","0"
"POINT (13.335287300000061 52.473350360000040)","Unfall 141527 (2020) Kat:2, Licht: 2","141527","2","1","0","08","22","3","0","2","1","0","0","0"
"POINT (13.495527473000038 52.417831261000060)","Unfall 141528 (2020) Kat:3, Licht: 0","141528","3","5","1","08","06","4","0","0","1","1","0","0"
"POINT (13.188913177000074 52.521570513000029)","Unfall 141529 (2020) Kat:3, Licht: 0","141529","3","3","5","08","17","2","1","0","0","1","0","0"
"POINT (13.527842406000048 52.490046013000040)","Unfall 141530 (2020) Kat:3, Licht: 0","141530","3","6","2","08","16","1","0","0","0","1","0","0"
"POINT (13.513166611000031 52.460435918000030)","Unfall 141531 (2020) Kat:3, Licht: 0","141531","3","7","6","08","11","2","0","0","1","0","1","0"
"POINT (13.391541234000044 52.555435909000039)","Unfall 141532 (2020) Kat:3, Licht: 0","141532","3","2","5","08","15","5","0","0","1","1","0","0"
"POINT (13.479719443000022 52.523871156000041)","Unfall 141533 (2020) Kat:3, Licht: 0","141533","3","2","0","08","17","2","1","0","1","1","0","0"
"POINT (13.497822275000033 52.512686819000066)","Unfall 141534 (2020) Kat:3, Licht: 0","141534","3","4","6","08","11","7","0","0","0","1","1","0"
"POINT (13.378551573000038 52.550390855000046)","Unfall 141535 (2020) Kat:3, Licht: 2","141535","3","3","5","08","23","3","0","2","0","1","0","0"
"POINT (13.285357546000057 52.479512486000033)","Unfall 141536 (2020) Kat:2, Licht: 0","141536","2","3","5","08","16","2","0","0","1","1","0","0"
"POINT (13.429664294000077 52.521059888000082)","Unfall 141537 (2020) Kat:3, Licht: 0","141537","3","2","5","08","16","6","0","0","1","1","0","0"
"POINT (13.359475269000029 52.498219490000054)","Unfall 141538 (2020) Kat:3, Licht: 2","141538","3","2","5","08","23","3","0","2","1","1","0","0"
"POINT (13.256661082000051 52.522339103000036)","Unfall 141539 (2020) Kat:2, Licht: 0","141539","2","6","2","08","16","2","1","0","0","0","0","0"
"POINT (13.394182751000073 52.565081309000050)","Unfall 141540 (2020) Kat:3, Licht: 0","141540","3","3","5","08","08","5","0","0","1","1","0","0"
"POINT (13.199535353000044 52.534886521000033)","Unfall 141541 (2020) Kat:3, Licht: 1","141541","3","2","5","08","21","3","0","1","1","1","0","0"
"POINT (13.178077425000026 52.548861422000073)","Unfall 141542 (2020) Kat:3, Licht: 0","141542","3","7","5","08","17","6","0","0","1","1","0","0"
"POINT (13.406629289000023 52.565403699000058)","Unfall 141543 (2020) Kat:3, Licht: 1","141543","3","2","6","08","21","3","0","1","0","1","1","0"
"POINT (13.403556411000068 52.386680073000036)","Unfall 141544 (2020) Kat:3, Licht: 0","141544","3","6","0","08","11","2","0","0","0","1","0","0"
"POINT (13.284530648000043 52.583714839000038)","Unfall 141545 (2020) Kat:3, Licht: 0","141545","3","3","5","08","10","5","0","0","0","1","0","0"
"POINT (13.370566577000034 52.468905194000058)","Unfall 141546 (2020) Kat:3, Licht: 0","141546","3","3","5","08","19","3","0","0","0","1","0","0"
"POINT (13.326207627000031 52.591699769000058)","Unfall 141547 (2020) Kat:3, Licht: 0","141547","3","3","0","08","10","2","0","0","0","1","0","0"
"POINT (13.428919057000030 52.471909519000064)","Unfall 141548 (2020) Kat:3, Licht: 2","141548","3","6","2","08","21","1","0","2","0","1","0","0"
"POINT (13.322644909000076 52.502177293000045)","Unfall 141549 (2020) Kat:2, Licht: 0","141549","2","6","2","08","14","1","0","0","0","1","0","0"
"POINT (13.328333900000075 52.477306606000070)","Unfall 141550 (2020) Kat:3, Licht: 0","141550","3","2","5","08","14","5","0","0","1","1","0","0"
"POINT (13.337956485000063 52.551512642000034)","Unfall 141551 (2020) Kat:3, Licht: 0","141551","3","2","5","08","10","1","0","0","0","1","0","1"
"POINT (13.471378239000046 52.507337949000032)","Unfall 141552 (2020) Kat:2, Licht: 0","141552","2","6","2","08","15","7","0","0","0","1","0","0"
"POINT (13.509711873000072 52.453376972000058)","Unfall 141553 (2020) Kat:3, Licht: 0","141553","3","7","0","08","07","1","0","0","0","1","1","0"
"POINT (13.355186053000068 52.543967453000050)","Unfall 141554 (2020) Kat:3, Licht: 0","141554","3","3","5","08","14","6","0","0","1","1","0","0"
"POINT (13.519311006000066 52.464401382000062)","Unfall 141555 (2020) Kat:3, Licht: 0","141555","3","3","5","08","19","3","0","0","1","1","0","0"
"POINT (13.453631411000060 52.523032511000054)","Unfall 141556 (2020) Kat:3, Licht: 2","141556","3","3","5","08","22","1","0","2","0","1","0","0"
"POINT (13.589513440000076 52.416876981000030)","Unfall 141557 (2020) Kat:2, Licht: 2","141557","2","1","0","08","22","1","1","2","1","0","0","0"
"POINT (13.356706564000035 52.424602674000027)","Unfall 141558 (2020) Kat:3, Licht: 1","141558","3","3","5","08","20","5","0","1","0","1","0","0"
"POINT (13.358130553000024 52.536295464000034)","Unfall 141559 (2020) Kat:3, Licht: 0","141559","3","6","2","08","11","3","0","0","0","1","0","0"
"POINT (13.469149884000046 52.518547826000031)","Unfall 141560 (2020) Kat:3, Licht: 2","141560","3","5","1","08","21","1","0","2","0","1","0","0"
"POINT (13.434438953000040 52.553485140000078)","Unfall 141561 (2020) Kat:3, Licht: 0","141561","3","6","3","08","10","1","0","0","1","1","0","0"
"POINT (13.232182443000056 52.540648603000079)","Unfall 141562 (2020) Kat:3, Licht: 2","141562","3","2","5","08","22","4","0","2","0","1","0","0"
"POINT (13.414790927000070 52.553862884000068)","Unfall 141563 (2020) Kat:2, Licht: 0","141563","2","3","5","08","18","1","0","0","1","1","0","0"
"POINT (13.372980402000053 52.557280052000067)","Unfall 141564 (2020) Kat:2, Licht: 2","141564","2","4","6","08","22","6","0","2","0","1","1","0"
"POINT (13.366776770000058 52.496882731000028)","Unfall 141565 (2020) Kat:2, Licht: 2","141565","2","1","8","08","03","1","0","2","0","0","0","0"
"POINT (13.384743256000036 52.555993158000035)","Unfall 141566 (2020) Kat:3, Licht: 0","141566","3","6","2","08","10","1","0","0","0","1","0","0"
"POINT (13.328631324000071 52.508025961000044)","Unfall 141567 (2020) Kat:3, Licht: 0","141567","3","6","2","08","12","5","0","0","0","1","0","1"
"POINT (13.581443108000030 52.416330066000057)","Unfall 141568 (2020) Kat:3, Licht: 0","141568","3","6","2","08","13","1","0","0","1","1","0","0"
"POINT (13.373808356000040 52.547450078000054)","Unfall 141569 (2020) Kat:3, Licht: 1","141569","3","7","0","08","20","7","0","1","1","0","0","0"
"POINT (13.423013449000052 52.523868178000043)","Unfall 141570 (2020) Kat:3, Licht: 0","141570","3","7","0","08","12","1","0","0","1","0","0","0"
"POINT (13.457711415000063 52.431141090000040)","Unfall 141571 (2020) Kat:3, Licht: 0","141571","3","6","0","08","13","6","0","0","0","1","0","0"
"POINT (13.299621381000065 52.447636034000027)","Unfall 141572 (2020) Kat:3, Licht: 0","141572","3","3","5","08","09","3","0","0","1","1","0","0"
"POINT (13.349749817000031 52.494634949000044)","Unfall 141573 (2020) Kat:3, Licht: 0","141573","3","2","5","08","11","2","0","0","1","1","0","0"
"POINT (13.462155797000037 52.518707887000062)","Unfall 141574 (2020) Kat:3, Licht: 0","141574","3","7","0","08","13","1","0","0","0","0","0","0"
"POINT (13.445082258000070 52.482324807000055)","Unfall 141575 (2020) Kat:2, Licht: 0","141575","2","3","0","08","09","1","0","0","1","1","0","0"
"POINT (13.593583434000038 52.447493198000075)","Unfall 141576 (2020) Kat:3, Licht: 0","141576","3","3","5","08","18","5","0","0","1","1","0","0"
"POINT (13.385349956000027 52.519399712000052)","Unfall 141577 (2020) Kat:3, Licht: 0","141577","3","5","1","08","08","3","0","0","1","1","0","0"
"POINT (13.382563244000039 52.547845723000080)","Unfall 141578 (2020) Kat:3, Licht: 0","141578","3","5","1","08","07","1","0","0","1","1","0","0"
"POINT (13.316692794000062 52.499523744000044)","Unfall 141579 (2020) Kat:3, Licht: 2","141579","3","2","5","08","00","1","0","2","0","1","0","1"
"POINT (13.470059972000058 52.512399004000031)","Unfall 141580 (2020) Kat:3, Licht: 0","141580","3","6","2","08","19","4","0","0","1","1","0","0"
"POINT (13.323975968000070 52.505795076000027)","Unfall 141581 (2020) Kat:3, Licht: 2","141581","3","5","1","08","02","1","0","2","1","1","0","0"
"POINT (13.384261379000066 52.529601045000049)","Unfall 141582 (2020) Kat:3, Licht: 0","141582","3","6","3","08","18","6","0","0","1","0","0","1"
"POINT (13.355616298000029 52.519962642000053)","Unfall 141583 (2020) Kat:3, Licht: 2","141583","3","2","5","08","01","1","0","2","0","1","0","1"
"POINT (13.523388842000031 52.495439600000054)","Unfall 141584 (2020) Kat:3, Licht: 0","141584","3","3","5","08","07","6","0","0","1","1","0","0"
"POINT (13.342987075000053 52.525448021000045)","Unfall 141585 (2020) Kat:3, Licht: 0","141585","3","2","5","08","07","3","0","0","1","1","0","0"
"POINT (13.461061807000021 52.511143596000068)","Unfall 141586 (2020) Kat:3, Licht: 1","141586","3","3","5","08","05","4","0","1","0","1","0","1"
"POINT (13.184553780000044 52.515536803000032)","Unfall 141587 (2020) Kat:3, Licht: 0","141587","3","2","5","08","16","1","0","0","0","1","0","0"
"POINT (13.541334595000023 52.435288111000034)","Unfall 141588 (2020) Kat:3, Licht: 0","141588","3","1","0","08","15","1","0","0","1","0","0","0"
"POINT (13.633903075000035 52.450135597000042)","Unfall 141589 (2020) Kat:2, Licht: 0","141589","2","7","0","08","09","6","0","0","1","0","0","0"
"POINT (13.593700506000062 52.441322365000076)","Unfall 141590 (2020) Kat:3, Licht: 0","141590","3","6","2","08","07","3","0","0","1","1","0","0"
"POINT (13.249572188000059 52.419124907000082)","Unfall 141591 (2020) Kat:3, Licht: 0","141591","3","6","3","08","15","4","0","0","0","1","0","1"
"POINT (13.360614662000046 52.446868056000028)","Unfall 141592 (2020) Kat:2, Licht: 0","141592","2","2","5","08","17","1","0","0","1","1","0","0"
"POINT (13.269233416000077 52.537768239000059)","Unfall 141593 (2020) Kat:2, Licht: 0","141593","2","3","5","08","15","1","0","0","0","1","0","1"
"POINT (13.427996041000029 52.501184523000063)","Unfall 141594 (2020) Kat:3, Licht: 0","141594","3","3","5","08","16","1","0","0","1","1","0","0"
"POINT (13.467116771000065 52.479714078000029)","Unfall 141595 (2020) Kat:2, Licht: 0","141595","2","6","2","08","18","5","0","0","1","1","0","0"
"POINT (13.457963003000032 52.528829015000042)","Unfall 141596 (2020) Kat:3, Licht: 0","141596","3","7","0","08","14","1","1","0","0","0","0","1"
"POINT (13.572640714000045 52.549767525000050)","Unfall 141597 (2020) Kat:2, Licht: 0","141597","2","4","6","08","13","7","0","0","0","1","1","0"
"POINT (13.317315310000026 52.566629544000079)","Unfall 141598 (2020) Kat:3, Licht: 0","141598","3","2","5","08","17","4","0","0","1","0","0","0"
"POINT (13.302081714000053 52.438173005000067)","Unfall 141599 (2020) Kat:3, Licht: 0","141599","3","3","5","08","16","4","0","0","1","1","0","0"
"POINT (13.494487484000047 52.545616418000066)","Unfall 141600 (2020) Kat:2, Licht: 0","141600","2","2","5","08","14","1","0","0","1","1","0","0"
"POINT (13.425882408000064 52.582577413000081)","Unfall 141601 (2020) Kat:3, Licht: 0","141601","3","3","2","08","18","6","0","0","1","1","0","0"
"POINT (13.305202524000038 52.547838763000073)","Unfall 141602 (2020) Kat:3, Licht: 1","141602","3","5","0","08","21","1","1","1","0","1","0","1"
"POINT (13.298786211000049 52.617971348000026)","Unfall 141603 (2020) Kat:3, Licht: 0","141603","3","3","5","08","11","5","0","0","0","1","0","0"
"POINT (13.384565522000059 52.496689717000038)","Unfall 141604 (2020) Kat:3, Licht: 0","141604","3","2","5","08","07","3","0","0","0","1","0","1"
"POINT (13.387010858000053 52.483449308000047)","Unfall 141605 (2020) Kat:3, Licht: 0","141605","3","7","1","08","14","4","0","0","0","1","0","1"
"POINT (13.386200077000069 52.513675394000074)","Unfall 141606 (2020) Kat:3, Licht: 0","141606","3","3","5","08","13","1","0","0","1","1","0","0"
"POINT (13.298737831000039 52.507977205000032)","Unfall 141607 (2020) Kat:3, Licht: 0","141607","3","2","5","08","13","1","0","0","0","1","0","1"
"POINT (13.459242001000064 52.509166153000081)","Unfall 141608 (2020) Kat:3, Licht: 1","141608","3","5","1","08","20","1","1","1","1","1","0","0"
"POINT (13.334115852000025 52.450024718000066)","Unfall 141609 (2020) Kat:3, Licht: 0","141609","3","6","2","08","15","5","0","0","0","1","0","1"
"POINT (13.675341959000036 52.407353459000035)","Unfall 141610 (2020) Kat:3, Licht: 0","141610","3","7","5","08","16","4","0","0","0","1","0","0"
"POINT (13.491393082000059 52.462543823000033)","Unfall 141611 (2020) Kat:3, Licht: 1","141611","3","6","4","08","19","1","0","1","0","1","0","1"
"POINT (13.388750095000034 52.591181649000077)","Unfall 141612 (2020) Kat:3, Licht: 0","141612","3","3","5","08","13","7","0","0","0","1","0","0"
"POINT (13.386149548000049 52.558421493000026)","Unfall 141613 (2020) Kat:3, Licht: 0","141613","3","6","3","08","17","1","0","0","0","1","0","1"
"POINT (13.358616781000023 52.534613984000032)","Unfall 141614 (2020) Kat:3, Licht: 1","141614","3","7","5","08","19","1","0","1","0","1","0","1"
"POINT (13.561661685000047 52.503698247000045)","Unfall 141615 (2020) Kat:3, Licht: 0","141615","3","6","0","08","06","5","0","0","0","1","0","0"
"POINT (13.418344889000025 52.559714140000040)","Unfall 141616 (2020) Kat:3, Licht: 0","141616","3","3","5","08","16","4","0","0","0","1","0","0"
"POINT (13.432581491000064 52.485188414000049)","Unfall 141617 (2020) Kat:2, Licht: 0","141617","2","4","6","08","18","1","0","0","0","1","1","1"
"POINT (13.307508122000058 52.503623315000027)","Unfall 141618 (2020) Kat:3, Licht: 0","141618","3","2","5","08","09","7","0","0","0","1","0","1"
"POINT (13.398083838000048 52.534809188000054)","Unfall 141619 (2020) Kat:3, Licht: 2","141619","3","1","8","08","04","3","0","2","0","1","0","0"
"POINT (13.396856103000061 52.523967102000029)","Unfall 141620 (2020) Kat:3, Licht: 0","141620","3","4","6","08","18","1","0","0","0","1","1","0"
"POINT (13.178102642000056 52.548815235000063)","Unfall 141621 (2020) Kat:3, Licht: 0","141621","3","2","5","08","16","6","0","0","0","1","0","0"
"POINT (13.465382676000047 52.429482897000071)","Unfall 141622 (2020) Kat:3, Licht: 0","141622","3","6","2","08","13","3","0","0","0","1","0","0"
"POINT (13.414942080000060 52.489378663000082)","Unfall 141623 (2020) Kat:3, Licht: 0","141623","3","7","2","08","16","1","0","0","1","1","0","0"
"POINT (13.290522251000027 52.590393890000030)","Unfall 141624 (2020) Kat:2, Licht: 0","141624","2","6","0","08","09","5","0","0","0","1","0","1"
"POINT (13.593189864000067 52.452295149000065)","Unfall 141625 (2020) Kat:3, Licht: 0","141625","3","2","5","08","13","3","0","0","1","1","0","0"
"POINT (13.333916993000059 52.449795803000029)","Unfall 141626 (2020) Kat:3, Licht: 2","141626","3","5","1","08","23","7","0","2","1","1","0","0"
"POINT (13.532102710000061 52.520974866000074)","Unfall 141627 (2020) Kat:2, Licht: 0","141627","2","1","0","08","10","1","0","0","1","0","0","0"
"POINT (13.454674619000059 52.510208001000080)","Unfall 141628 (2020) Kat:3, Licht: 2","141628","3","5","0","08","23","5","0","2","1","1","0","0"
"POINT (13.201114503000042 52.538925596000070)","Unfall 141629 (2020) Kat:3, Licht: 0","141629","3","6","2","08","15","4","0","0","0","1","0","0"
"POINT (13.269233952000036 52.537768229000051)","Unfall 141630 (2020) Kat:3, Licht: 0","141630","3","3","5","08","07","7","0","0","1","1","0","0"
"POINT (13.323659531000033 52.493603256000029)","Unfall 141631 (2020) Kat:3, Licht: 0","141631","3","2","5","08","15","7","0","0","0","1","0","0"
"POINT (13.549132520000057 52.429979082000045)","Unfall 141632 (2020) Kat:3, Licht: 2","141632","3","1","9","08","00","7","0","2","0","0","0","1"
"POINT (13.351623221000068 52.572387443000082)","Unfall 141633 (2020) Kat:2, Licht: 0","141633","2","2","5","08","14","6","0","0","0","1","0","1"
"POINT (13.344159429000058 52.546546016000036)","Unfall 141634 (2020) Kat:3, Licht: 0","141634","3","6","3","08","12","3","0","0","1","0","0","0"
"POINT (13.437210550000032 52.520838690000062)","Unfall 141635 (2020) Kat:3, Licht: 0","141635","3","6","3","08","19","7","0","0","0","1","0","1"
"POINT (13.551714808000042 52.428499160000058)","Unfall 141636 (2020) Kat:3, Licht: 2","141636","3","2","5","08","22","7","0","2","1","1","0","0"
"POINT (13.376272957000026 52.458930370000076)","Unfall 141637 (2020) Kat:2, Licht: 0","141637","2","2","0","08","15","6","0","0","0","1","0","1"
"POINT (13.571529854000062 52.540604659000053)","Unfall 141638 (2020) Kat:3, Licht: 0","141638","3","3","0","08","12","3","0","0","0","1","0","0"
"POINT (13.310878607000063 52.472192509000081)","Unfall 141639 (2020) Kat:3, Licht: 2","141639","3","3","5","08","21","7","0","2","0","1","0","0"
"POINT (13.350150557000063 52.461769207000032)","Unfall 141640 (2020) Kat:2, Licht: 2","141640","2","5","1","08","21","7","0","2","1","1","0","0"
"POINT (13.437156532000074 52.594396899000060)","Unfall 141641 (2020) Kat:3, Licht: 0","141641","3","2","5","08","07","5","0","0","1","0","0","0"
"POINT (13.402664448000053 52.528026989000068)","Unfall 141642 (2020) Kat:3, Licht: 0","141642","3","2","5","08","11","3","0","0","1","1","0","0"
"POINT (13.310831683000060 52.479402053000058)","Unfall 141643 (2020) Kat:3, Licht: 2","141643","3","4","6","08","21","7","0","2","1","1","1","0"
"POINT (13.349715133000075 52.524454541000068)","Unfall 141644 (2020) Kat:3, Licht: 0","141644","3","1","9","08","19","1","0","0","0","1","0","0"
"POINT (13.408800347000067 52.571342677000075)","Unfall 141645 (2020) Kat:3, Licht: 0","141645","3","5","1","08","08","4","0","0","1","1","0","0"
"POINT (13.457074347000059 52.528636206000044)","Unfall 141646 (2020) Kat:2, Licht: 0","141646","2","6","3","08","16","4","0","0","0","1","0","1"
"POINT (13.412924170000053 52.389941586000077)","Unfall 141647 (2020) Kat:3, Licht: 1","141647","3","7","0","08","21","7","0","1","1","0","0","0"
"POINT (13.412756689000048 52.544399177000059)","Unfall 141648 (2020) Kat:3, Licht: 0","141648","3","2","5","08","21","6","0","0","1","1","0","0"
"POINT (13.396267452000075 52.517527797000071)","Unfall 141649 (2020) Kat:3, Licht: 0","141649","3","7","5","08","18","7","0","0","0","1","0","1"
"POINT (13.516985631000068 52.481824103000065)","Unfall 141650 (2020) Kat:3, Licht: 0","141650","3","3","5","08","13","6","0","0","0","1","0","0"
"POINT (13.329945801000065 52.523781419000045)","Unfall 141651 (2020) Kat:3, Licht: 0","141651","3","2","5","08","12","3","0","0","1","1","0","0"
"POINT (13.400754486000039 52.445645581000065)","Unfall 141652 (2020) Kat:3, Licht: 0","141652","3","6","2","08","14","4","0","0","0","1","0","0"
"POINT (13.470372695000037 52.553718604000039)","Unfall 141653 (2020) Kat:3, Licht: 0","141653","3","3","5","08","09","2","0","0","0","1","0","0"
"POINT (13.587895996000043 52.512283044000071)","Unfall 141654 (2020) Kat:3, Licht: 2","141654","3","1","9","08","03","7","0","2","0","1","0","0"
"POINT (13.404153986000040 52.503889137000044)","Unfall 141655 (2020) Kat:3, Licht: 0","141655","3","3","5","08","13","7","0","0","0","1","0","1"
"POINT (13.452820931000076 52.512413833000039)","Unfall 141656 (2020) Kat:3, Licht: 0","141656","3","6","2","08","18","5","0","0","1","1","0","0"
"POINT (13.370875401000035 52.517779301000076)","Unfall 141657 (2020) Kat:3, Licht: 0","141657","3","2","0","08","12","3","0","0","0","1","0","1"
"POINT (13.193096316000037 52.433792947000029)","Unfall 141658 (2020) Kat:2, Licht: 0","141658","2","2","5","08","13","7","0","0","1","1","0","0"
"POINT (13.247733632000063 52.538235623000048)","Unfall 141659 (2020) Kat:2, Licht: 2","141659","2","2","5","08","00","7","0","2","0","1","0","1"
"POINT (13.441894080000054 52.501265154000066)","Unfall 141660 (2020) Kat:3, Licht: 0","141660","3","3","0","08","18","4","0","0","1","0","1","0"
"POINT (13.276612076000049 52.461080793000065)","Unfall 141661 (2020) Kat:3, Licht: 0","141661","3","5","1","08","12","7","0","0","1","1","0","0"
"POINT (13.433712013000047 52.549465060000045)","Unfall 141662 (2020) Kat:3, Licht: 0","141662","3","3","5","08","18","5","0","0","1","1","0","0"
"POINT (13.472125857000037 52.430563287000041)","Unfall 141663 (2020) Kat:3, Licht: 0","141663","3","6","2","08","11","3","0","0","0","1","0","0"
"POINT (13.302638605000027 52.618024409000043)","Unfall 141664 (2020) Kat:3, Licht: 0","141664","3","6","2","08","12","7","0","0","0","1","0","0"
"POINT (13.298558644000025 52.421977111000047)","Unfall 141665 (2020) Kat:3, Licht: 0","141665","3","2","5","08","09","1","0","0","1","1","0","0"
"POINT (13.294496467000045 52.419843937000053)","Unfall 141666 (2020) Kat:3, Licht: 0","141666","3","5","1","08","14","4","0","0","0","1","0","0"
"POINT (13.384183144000076 52.458184743000061)","Unfall 141667 (2020) Kat:3, Licht: 0","141667","3","2","5","08","11","7","0","0","1","1","0","0"
"POINT (13.428894671000023 52.486509469000055)","Unfall 141668 (2020) Kat:3, Licht: 0","141668","3","2","5","08","20","6","1","0","0","1","0","1"
"POINT (13.446485215000052 52.521520711000051)","Unfall 141669 (2020) Kat:3, Licht: 0","141669","3","6","2","08","11","7","0","0","1","1","0","0"
"POINT (13.453155006000031 52.470048309000049)","Unfall 141670 (2020) Kat:3, Licht: 0","141670","3","7","0","08","08","6","0","0","0","1","0","1"
"POINT (13.353889990000027 52.562090169000044)","Unfall 141671 (2020) Kat:3, Licht: 0","141671","3","2","5","08","11","3","0","0","0","1","0","0"
"POINT (13.391396356000030 52.595469559000037)","Unfall 141672 (2020) Kat:3, Licht: 0","141672","3","3","5","08","13","4","0","0","0","1","0","1"
"POINT (13.198368723000044 52.555689494000035)","Unfall 141673 (2020) Kat:3, Licht: 1","141673","3","3","5","08","21","7","0","1","0","1","0","1"
"POINT (13.344929826000055 52.432271870000079)","Unfall 141674 (2020) Kat:3, Licht: 0","141674","3","5","1","08","10","7","0","0","1","1","0","0"
"POINT (13.433122153000056 52.489055037000071)","Unfall 141675 (2020) Kat:3, Licht: 0","141675","3","3","5","08","17","5","0","0","1","0","0","0"
"POINT (13.321357199000033 52.458752158000038)","Unfall 141676 (2020) Kat:3, Licht: 0","141676","3","5","1","08","16","4","0","0","1","1","0","0"
"POINT (13.316074795000077 52.609164503000045)","Unfall 141677 (2020) Kat:3, Licht: 1","141677","3","5","1","08","21","7","0","1","1","1","0","0"