WKT,Name,OBJECTID,UKATEGORIE,UTYP1,UART,UMONAT,USTUNDE,UWOCHENTAG,STRZUSTAND,ULICHTVERH,ISTRAD,ISTPKW,ISTFUSS,ISTKRAD
"POINT (13.179997186000037 52.533908565000047)","Unfall 141678 (2020) Kat:3, Licht: 0","141678","3","6","3","08","07","7","0","0","0","1","0","0"
"POINT (13.241057814000044 52.435806448000051)","Unfall 141679 (2020) Kat:3, Licht: 0","141679","3","5","1","08","15","4","0","0","0","1","0","0"
"POINT (13.391818478000062 52.510563832000059)","Unfall 141680 (2020) Kat:3, Licht: 2","141680","3","2","5","08","01","7","0","2","0","1","0","1"
"POINT (13.428917917000035 52.471911310000053)","Unfall 141681 (2020) Kat:3, Licht: 0","141681","3","2","5","08","17","6","0","0","1","1","0","0"
"POINT (13.377818575000049 52.472458357000050)","Unfall 141682 (2020) Kat:3, Licht: 1","141682","3","2","5","08","20","7","0","1","0","1","0","1"
"POINT (13.460025745000053 52.431863909000072)","Unfall 141683 (2020) Kat:3, Licht: 0","141683","3","2","5","08","09","7","0","0","0","1","0","0"
"POINT (13.418125584000052 52.516201137000053)","Unfall 141684 (2020) Kat:3, Licht: 2","141684","3","1","7","08","01","6","1","2","1","0","0","0"
"POINT (13.278677821000031 52.495432683000047)","Unfall 141685 (2020) Kat:3, Licht: 0","141685","3","4","6","08","08","7","0","0","1","0","1","0"
"POINT (13.351603706000049 52.552365587000054)","Unfall 141686 (2020) Kat:3, Licht: 0","141686","3","6","3","08","09","5","0","0","1","1","0","0"
"POINT (13.360978186000068 52.498176060000048)","Unfall 141687 (2020) Kat:3, Licht: 0","141687","3","6","2","08","10","3","0","0","1","0","0","0"
"POINT (13.578600115000029 52.457731411000054)","Unfall 141688 (2020) Kat:3, Licht: 0","141688","3","7","6","08","13","4","0","0","0","0","1","0"
"POINT (13.442268447000060 52.546630003000075)","Unfall 141689 (2020) Kat:3, Licht: 0","141689","3","3","5","08","08","7","0","0","1","1","0","0"
"POINT (13.328377011000043 52.473399251000046)","Unfall 141690 (2020) Kat:3, Licht: 0","141690","3","2","5","08","17","1","0","0","1","1","0","0"
"POINT (13.416004453000028 52.527130878000037)","Unfall 141691 (2020) Kat:2, Licht: 0","141691","2","6","3","08","13","7","0","0","1","0","0","0"
"POINT (13.282783143000074 52.432894717000067)","Unfall 141692 (2020) Kat:3, Licht: 0","141692","3","3","5","08","16","5","0","0","0","1","0","1"
"POINT (13.348747126000035 52.515014178000058)","Unfall 141693 (2020) Kat:3, Licht: 0","141693","3","3","5","08","18","7","0","0","1","1","0","0"
"POINT (13.376588074000040 52.545967579000035)","Unfall 141694 (2020) Kat:3, Licht: 0","141694","3","3","5","08","11","7","0","0","1","1","0","0"
"POINT (13.302503520000073 52.506542717000059)","Unfall 141695 (2020) Kat:3, Licht: 0","141695","3","7","0","08","10","3","0","0","0","1","0","0"
"POINT (13.324776017000033 52.532230810000044)","Unfall 141696 (2020) Kat:3, Licht: 0","141696","3","2","5","08","17","7","0","0","1","1","0","0"
"POINT (13.356879314000025 52.498765381000055)","Unfall 141697 (2020) Kat:3, Licht: 0","141697","3","2","5","08","16","6","0","0","1","1","0","0"
"POINT (13.373080675000040 52.593830459000060)","Unfall 141698 (2020) Kat:3, Licht: 0","141698","3","3","5","08","10","3","0","0","1","1","0","0"
"POINT (13.268319781000059 52.454639936000035)","Unfall 141699 (2020) Kat:2, Licht: 0","141699","2","3","5","08","16","7","0","0","1","1","0","0"
"POINT (13.367114021000077 52.426800174000050)","Unfall 141700 (2020) Kat:3, Licht: 0","141700","3","3","5","08","08","5","0","0","0","1","0","1"
"POINT (13.414133767000067 52.498579135000057)","Unfall 141701 (2020) Kat:3, Licht: 0","141701","3","3","5","08","10","3","0","0","0","1","0","0"
"POINT (13.510159265000027 52.566097826000032)","Unfall 141702 (2020) Kat:2, Licht: 0","141702","2","7","0","08","16","7","0","0","0","1","0","0"
"POINT (13.307278050000036 52.498598568000034)","Unfall 141703 (2020) Kat:3, Licht: 1","141703","3","7","2","08","20","1","0","1","0","1","0","0"
"POINT (13.299707508000040 52.505488862000050)","Unfall 141704 (2020) Kat:3, Licht: 0","141704","3","5","1","08","12","5","0","0","1","0","0","0"
"POINT (13.387378491000050 52.525595742000064)","Unfall 141705 (2020) Kat:2, Licht: 0","141705","2","6","2","08","16","4","0","0","0","1","0","1"
"POINT (13.321715471000061 52.505671073000030)","Unfall 141706 (2020) Kat:3, Licht: 0","141706","3","5","5","08","10","5","0","0","0","1","0","1"
"POINT (13.393297898000071 52.514111431000060)","Unfall 141707 (2020) Kat:3, Licht: 0","141707","3","3","5","08","10","3","0","0","1","1","0","0"
"POINT (13.278757509000059 52.490587865000066)","Unfall 141708 (2020) Kat:3, Licht: 0","141708","3","6","3","08","16","7","0","0","1","1","0","0"
"POINT (13.373712911000041 52.564321435000068)","Unfall 141709 (2020) Kat:3, Licht: 0","141709","3","6","0","08","13","1","0","0","0","1","0","1"
"POINT (13.343576235000057 52.501518054000030)","Unfall 141710 (2020) Kat:3, Licht: 0","141710","3","2","5","08","15","7","0","0","1","1","0","0"
"POINT (13.498499951000042 52.515258159000041)","Unfall 141711 (2020) Kat:3, Licht: 0","141711","3","1","0","08","15","5","0","0","1","0","0","0"
"POINT (13.398317434000035 52.592388123000035)","Unfall 141712 (2020) Kat:3, Licht: 0","141712","3","3","5","08","15","7","0","0","0","1","0","0"
"POINT (13.338945338000030 52.595822713000075)","Unfall 141713 (2020) Kat:3, Licht: 0","141713","3","6","0","08","13","7","0","0","0","0","0","1"
"POINT (13.366841142000055 52.493323283000052)","Unfall 141714 (2020) Kat:3, Licht: 0","141714","3","6","2","08","15","7","0","0","0","1","0","0"
"POINT (13.197350038000025 52.560616648000064)","Unfall 141715 (2020) Kat:3, Licht: 0","141715","3","6","2","08","15","6","0","0","0","1","0","0"
"POINT (13.336728582000035 52.431123086000071)","Unfall 141716 (2020) Kat:3, Licht: 0","141716","3","4","6","08","09","3","0","0","0","1","1","0"
"POINT (13.582718750000026 52.442937763000032)","Unfall 141717 (2020) Kat:3, Licht: 0","141717","3","6","2","08","10","6","0","0","0","1","0","0"
"POINT (13.632593414000041 52.450648668000042)","Unfall 141718 (2020) Kat:3, Licht: 2","141718","3","6","1","08","03","6","0","2","1","1","0","0"
"POINT (13.322345260000077 52.506411229000037)","Unfall 141719 (2020) Kat:3, Licht: 2","141719","3","7","0","08","22","5","0","2","0","0","0","1"
"POINT (13.468845679000026 52.553840405000074)","Unfall 141720 (2020) Kat:3, Licht: 0","141720","3","6","0","08","09","3","0","0","0","0","0","1"
"POINT (13.455901246000053 52.473845105000066)","Unfall 141721 (2020) Kat:3, Licht: 0","141721","3","2","0","08","17","6","0","0","0","1","0","0"
"POINT (13.361798720000024 52.555745371000057)","Unfall 141722 (2020) Kat:3, Licht: 0","141722","3","6","2","08","18","1","0","0","0","1","0","0"
"POINT (13.386235641000042 52.490076466000062)","Unfall 141723 (2020) Kat:3, Licht: 0","141723","3","2","5","08","10","4","0","0","1","1","0","0"
"POINT (13.409966080000061 52.528588476000039)","Unfall 141724 (2020) Kat:3, Licht: 2","141724","3","2","5","08","23","6","0","2","1","1","0","0"
"POINT (13.428703857000073 52.486576065000065)","Unfall 141725 (2020) Kat:3, Licht: 2","141725","3","3","5","08","22","6","0","2","0","0","0","1"
"POINT (13.394369906000065 52.491297318000079)","Unfall 141726 (2020) Kat:3, Licht: 2","141726","3","4","6","08","23","6","0","2","0","1","1","0"
"POINT (13.428878725000061 52.483634125000037)","Unfall 141727 (2020) Kat:3, Licht: 0","141727","3","6","0","08","11","6","0","0","0","1","0","1"
"POINT (13.531953050000027 52.484144665000031)","Unfall 141728 (2020) Kat:3, Licht: 0","141728","3","3","5","08","09","3","0","0","0","1","0","0"
"POINT (13.509322980000036 52.546340210000039)","Unfall 141729 (2020) Kat:3, Licht: 2","141729","3","2","5","08","22","6","0","2","1","1","0","0"
"POINT (13.629135427000051 52.446680025000035)","Unfall 141730 (2020) Kat:3, Licht: 0","141730","3","7","2","08","16","7","0","0","0","1","0","1"
"POINT (13.369982671000059 52.559764724000047)","Unfall 141731 (2020) Kat:2, Licht: 1","141731","2","2","3","08","21","6","0","1","0","0","0","1"
"POINT (13.281543267000075 52.531321111000068)","Unfall 141732 (2020) Kat:2, Licht: 0","141732","2","2","5","08","13","6","0","0","1","1","0","0"
"POINT (13.351536217000046 52.509514043000081)","Unfall 141733 (2020) Kat:3, Licht: 0","141733","3","2","2","08","18","3","0","0","1","1","0","0"
"POINT (13.500955820000058 52.435280584000054)","Unfall 141734 (2020) Kat:3, Licht: 0","141734","3","3","0","08","11","2","0","0","0","1","0","0"
"POINT (13.469711933000042 52.506446516000040)","Unfall 141735 (2020) Kat:3, Licht: 1","141735","3","5","0","08","21","6","0","1","0","1","0","1"
"POINT (13.200322526000036 52.469769646000032)","Unfall 141736 (2020) Kat:3, Licht: 0","141736","3","1","8","08","20","6","0","0","0","1","0","0"
"POINT (13.523423767000054 52.483010971000056)","Unfall 141737 (2020) Kat:3, Licht: 0","141737","3","5","1","08","18","5","0","0","1","1","0","0"
"POINT (13.383066943000074 52.554042834000029)","Unfall 141738 (2020) Kat:3, Licht: 0","141738","3","5","1","08","18","3","0","0","1","1","0","0"
"POINT (13.519733119000023 52.553161502000080)","Unfall 141739 (2020) Kat:3, Licht: 0","141739","3","2","2","08","14","6","0","0","0","1","0","0"
"POINT (13.386078044000044 52.528138703000081)","Unfall 141740 (2020) Kat:3, Licht: 2","141740","3","6","3","08","01","1","0","2","0","1","0","0"
"POINT (13.411077401000057 52.523955282000031)","Unfall 141741 (2020) Kat:3, Licht: 0","141741","3","6","3","08","08","4","0","0","1","0","0","0"
"POINT (13.278514550000068 52.429891151000049)","Unfall 141742 (2020) Kat:3, Licht: 0","141742","3","3","5","08","14","4","0","0","1","1","0","0"
"POINT (13.426186692000044 52.536916202000043)","Unfall 141743 (2020) Kat:3, Licht: 0","141743","3","7","0","08","16","6","0","0","0","0","0","1"
"POINT (13.476225455000076 52.532945310000059)","Unfall 141744 (2020) Kat:3, Licht: 0","141744","3","2","2","08","19","6","0","0","0","1","0","0"
"POINT (13.569186739000031 52.444360272000040)","Unfall 141745 (2020) Kat:3, Licht: 0","141745","3","1","0","08","07","6","0","0","1","0","0","0"
"POINT (13.433821812000076 52.443880760000070)","Unfall 141746 (2020) Kat:3, Licht: 0","141746","3","4","6","08","07","6","0","0","0","1","1","0"
"POINT (13.327523865000046 52.458011596000063)","Unfall 141747 (2020) Kat:3, Licht: 0","141747","3","5","0","08","19","3","0","0","1","1","0","0"
"POINT (13.421386555000026 52.490986655000029)","Unfall 141748 (2020) Kat:3, Licht: 0","141748","3","7","6","08","12","4","0","0","1","0","1","0"
"POINT (13.628692168000043 52.450536287000034)","Unfall 141749 (2020) Kat:3, Licht: 2","141749","3","1","0","08","03","6","0","2","1","0","0","0"
"POINT (13.382926676000068 52.491866506000065)","Unfall 141750 (2020) Kat:3, Licht: 0","141750","3","5","1","08","13","6","0","0","1","1","0","0"
"POINT (13.688189868000052 52.441144836000035)","Unfall 141751 (2020) Kat:3, Licht: 0","141751","3","7","3","08","09","5","0","0","1","0","0","0"
"POINT (13.366886108000074 52.502814820000026)","Unfall 141752 (2020) Kat:3, Licht: 0","141752","3","3","5","08","13","6","0","0","1","1","0","0"
"POINT (13.440628438000033 52.517076461000045)","Unfall 141753 (2020) Kat:2, Licht: 0","141753","2","3","5","08","12","4","0","0","0","1","0","1"
"POINT (13.451306165000062 52.521430632000033)","Unfall 141754 (2020) Kat:3, Licht: 0","141754","3","6","2","08","13","1","0","0","0","1","0","0"
"POINT (13.299734469000043 52.519390710000039)","Unfall 141755 (2020) Kat:3, Licht: 0","141755","3","2","5","08","07","6","0","0","1","1","0","0"
"POINT (13.351140360000045 52.509634216000052)","Unfall 141756 (2020) Kat:2, Licht: 0","141756","2","2","5","08","12","6","0","0","1","1","0","0"
"POINT (13.178219342000034 52.525127007000037)","Unfall 141757 (2020) Kat:2, Licht: 0","141757","2","7","0","08","18","5","0","0","0","1","0","0"
"POINT (13.225641538000048 52.437446308000062)","Unfall 141758 (2020) Kat:2, Licht: 0","141758","2","6","3","08","12","6","0","0","1","0","0","0"
"POINT (13.412387160000037 52.491577959000040)","Unfall 141759 (2020) Kat:3, Licht: 0","141759","3","7","9","08","19","7","0","0","0","1","1","0"
"POINT (13.459998716000030 52.509013227000082)","Unfall 141760 (2020) Kat:3, Licht: 0","141760","3","2","5","08","18","4","0","0","1","0","0","1"
"POINT (13.293869862000065 52.533655357000043)","Unfall 141761 (2020) Kat:3, Licht: 0","141761","3","6","3","08","11","6","0","0","0","1","0","0"
"POINT (13.208686343000068 52.547477708000031)","Unfall 141762 (2020) Kat:3, Licht: 0","141762","3","4","6","08","18","6","0","0","0","1","1","0"
"POINT (13.446410631000049 52.494311181000057)","Unfall 141763 (2020) Kat:3, Licht: 0","141763","3","1","0","08","11","6","0","0","1","0","0","0"
"POINT (13.388224920000027 52.548206737000044)","Unfall 141764 (2020) Kat:3, Licht: 0","141764","3","3","5","08","16","5","0","0","1","1","0","0"
"POINT (13.569949726000061 52.441594469000052)","Unfall 141765 (2020) Kat:3, Licht: 0","141765","3","5","0","08","15","3","0","0","0","1","0","1"
"POINT (13.382612967000057 52.493992149000064)","Unfall 141766 (2020) Kat:3, Licht: 0","141766","3","1","0","08","11","4","0","0","1","0","0","0"
"POINT (13.320158959000025 52.473679351000044)","Unfall 141767 (2020) Kat:3, Licht: 0","141767","3","6","3","08","10","6","0","0","0","1","0","1"
"POINT (13.188915295000072 52.558025810000061)","Unfall 141768 (2020) Kat:2, Licht: 0","141768","2","3","5","08","14","1","0","0","0","1","0","0"
"POINT (13.466316807000055 52.426572818000068)","Unfall 141769 (2020) Kat:2, Licht: 0","141769","2","6","2","08","10","6","0","0","0","1","0","0"
"POINT (13.354781415000048 52.517065131000038)","Unfall 141770 (2020) Kat:3, Licht: 0","141770","3","2","2","08","15","5","0","0","1","1","0","0"
"POINT (13.571400667000034 52.432047184000055)","Unfall 141771 (2020) Kat:3, Licht: 0","141771","3","6","2","08","09","6","0","0","1","0","0","0"
"POINT (13.447407298000030 52.468294657000058)","Unfall 141772 (2020) Kat:3, Licht: 0","141772","3","6","2","08","12","7","0","0","0","1","0","0"
"POINT (13.368063420000055 52.485073029000034)","Unfall 141773 (2020) Kat:2, Licht: 1","141773","2","7","5","08","19","6","0","1","0","1","0","0"
"POINT (13.499704204000068 52.631457435000073)","Unfall 141774 (2020) Kat:3, Licht: 0","141774","3","6","2","08","16","6","0","0","0","1","0","0"
"POINT (13.545216581000034 52.425743186000034)","Unfall 141775 (2020) Kat:3, Licht: 0","141775","3","2","5","08","18","3","0","0","0","1","0","1"
"POINT (13.177348260000031 52.515547569000034)","Unfall 141776 (2020) Kat:3, Licht: 0","141776","3","2","2","08","08","7","0","0","0","1","0","1"
"POINT (13.267694312000060 52.445453148000070)","Unfall 141777 (2020) Kat:3, Licht: 0","141777","3","3","5","08","18","3","0","0","1","1","0","0"
"POINT (13.377844331000063 52.468632174000049)","Unfall 141778 (2020) Kat:3, Licht: 0","141778","3","3","5","08","19","6","0","0","1","1","0","0"
"POINT (13.481894120000049 52.431933868000044)","Unfall 141779 (2020) Kat:3, Licht: 0","141779","3","3","5","08","17","6","0","0","0","1","0","0"
"POINT (13.369502840000052 52.458357384000067)","Unfall 141780 (2020) Kat:2, Licht: 0","141780","2","1","8","08","17","3","0","0","0","0","0","1"
"POINT (13.305841824000026 52.499696807000078)","Unfall 141781 (2020) Kat:3, Licht: 0","141781","3","7","6","08","19","6","0","0","1","0","1","0"
"POINT (13.408101254000030 52.504389107000065)","Unfall 141782 (2020) Kat:3, Licht: 0","141782","3","3","5","08","09","5","0","0","0","1","0","1"
"POINT (13.478616965000072 52.442770766000081)","Unfall 141783 (2020) Kat:3, Licht: 0","141783","3","6","2","08","16","3","0","0","0","1","0","0"
"POINT (13.367474443000049 52.493392291000077)","Unfall 141784 (2020) Kat:3, Licht: 0","141784","3","6","3","08","18","6","0","0","0","1","0","1"
"POINT (13.327259203000040 52.494707439000081)","Unfall 141785 (2020) Kat:3, Licht: 0","141785","3","2","5","08","11","1","0","0","1","1","0","0"
"POINT (13.306113907000054 52.499745625000060)","Unfall 141786 (2020) Kat:3, Licht: 0","141786","3","6","3","08","18","6","0","0","1","1","0","0"
"POINT (13.465531005000059 52.551787550000029)","Unfall 141787 (2020) Kat:3, Licht: 0","141787","3","6","0","08","14","5","0","0","0","1","0","1"
"POINT (13.475348850000046 52.511880508000047)","Unfall 141788 (2020) Kat:3, Licht: 0","141788","3","2","5","08","18","6","0","0","1","1","0","0"
"POINT (13.440628438000033 52.517076461000045)","Unfall 141789 (2020) Kat:3, Licht: 0","141789","3","2","5","08","15","7","0","0","0","1","0","1"
"POINT (13.214706645000035 52.538437827000052)","Unfall 141790 (2020) Kat:3, Licht: 0","141790","3","6","2","08","17","6","0","0","0","1","0","0"
"POINT (13.592904890000057 52.548432082000033)","Unfall 141791 (2020) Kat:3, Licht: 0","141791","3","2","5","08","14","6","0","0","0","1","0","0"
"POINT (13.372637548000057 52.448610236000036)","Unfall 141792 (2020) Kat:3, Licht: 0","141792","3","6","2","08","16","3","0","0","1","1","0","0"
"POINT (13.217324902000030 52.537660388000063)","Unfall 141793 (2020) Kat:3, Licht: 0","141793","3","3","5","08","16","6","0","0","1","1","0","0"
"POINT (13.213762592000023 52.531783419000078)","Unfall 141794 (2020) Kat:3, Licht: 0","141794","3","2","5","08","16","6","0","0","0","1","0","0"
"POINT (13.284227709000049 52.594432048000044)","Unfall 141795 (2020) Kat:3, Licht: 0","141795","3","2","5","08","19","5","0","0","0","1","0","1"
"POINT (13.356347065000023 52.535886758000061)","Unfall 141796 (2020) Kat:3, Licht: 0","141796","3","2","5","08","16","3","0","0","1","0","0","1"
"POINT (13.401205087000051 52.463660420000053)","Unfall 141797 (2020) Kat:3, Licht: 0","141797","3","6","3","08","15","6","0","0","1","0","0","0"
"POINT (13.316794028000061 52.425773334000041)","Unfall 141798 (2020) Kat:3, Licht: 0","141798","3","2","5","08","09","1","0","0","1","1","0","0"
"POINT (13.380316850000042 52.518767191000052)","Unfall 141799 (2020) Kat:2, Licht: 0","141799","2","4","6","08","15","6","0","0","1","0","1","0"
"POINT (13.394390505000047 52.464106419000075)","Unfall 141800 (2020) Kat:3, Licht: 0","141800","3","1","5","08","14","6","0","0","0","1","0","0"
"POINT (13.411095527000043 52.400155551000068)","Unfall 141801 (2020) Kat:3, Licht: 0","141801","3","3","0","08","07","5","0","0","0","1","0","1"
"POINT (13.379640174000031 52.522502748000079)","Unfall 141802 (2020) Kat:3, Licht: 0","141802","3","6","3","08","15","3","0","0","1","0","0","0"
"POINT (13.318492253000045 52.513861913000028)","Unfall 141803 (2020) Kat:3, Licht: 0","141803","3","6","3","08","14","6","0","0","0","1","0","0"
"POINT (13.448096167000074 52.549275739000052)","Unfall 141804 (2020) Kat:3, Licht: 1","141804","3","3","5","08","20","1","0","1","1","1","0","0"
"POINT (13.433224482000071 52.464861733000077)","Unfall 141805 (2020) Kat:3, Licht: 0","141805","3","2","5","08","14","4","0","0","1","1","0","0"
"POINT (13.350927723000041 52.524312278000082)","Unfall 141806 (2020) Kat:3, Licht: 0","141806","3","2","5","08","14","6","0","0","0","1","0","0"
"POINT (13.350706203000072 52.512524197000062)","Unfall 141807 (2020) Kat:3, Licht: 0","141807","3","6","2","08","16","6","0","0","0","1","0","0"
"POINT (13.385514598000043 52.464820721000081)","Unfall 141808 (2020) Kat:3, Licht: 0","141808","3","6","2","08","13","6","0","0","0","1","0","0"
"POINT (13.199005484000054 52.533527883000033)","Unfall 141809 (2020) Kat:3, Licht: 0","141809","3","6","3","08","12","6","0","0","0","1","0","1"
"POINT (13.485396094000066 52.530790455000044)","Unfall 141810 (2020) Kat:3, Licht: 0","141810","3","3","5","08","15","3","0","0","1","1","0","0"
"POINT (13.315425233000042 52.577840567000067)","Unfall 141811 (2020) Kat:2, Licht: 0","141811","2","2","5","08","11","2","0","0","0","1","0","0"
"POINT (13.421082341000044 52.452327493000041)","Unfall 141812 (2020) Kat:3, Licht: 0","141812","3","6","2","08","14","5","0","0","0","1","0","0"
"POINT (13.368507537000028 52.568570035000050)","Unfall 141813 (2020) Kat:3, Licht: 1","141813","3","5","1","08","21","5","0","1","1","1","0","0"
"POINT (13.346080867000069 52.544837754000071)","Unfall 141814 (2020) Kat:3, Licht: 0","141814","3","2","5","08","08","5","0","0","1","1","0","0"
"POINT (13.445983911000042 52.476390646000027)","Unfall 141815 (2020) Kat:3, Licht: 0","141815","3","3","5","08","15","3","0","0","0","1","0","0"
"POINT (13.312820096000053 52.480487361000030)","Unfall 141816 (2020) Kat:3, Licht: 0","141816","3","2","5","08","18","5","0","0","0","0","0","1"
"POINT (13.429838496000059 52.470103608000045)","Unfall 141817 (2020) Kat:3, Licht: 0","141817","3","5","1","08","17","7","0","0","1","1","0","0"
"POINT (13.496605903000045 52.546290338000063)","Unfall 141818 (2020) Kat:3, Licht: 0","141818","3","7","0","08","18","4","0","0","0","1","0","1"
"POINT (13.228407929000070 52.548514443000045)","Unfall 141819 (2020) Kat:3, Licht: 0","141819","3","7","2","08","18","5","0","0","0","0","0","1"
"POINT (13.350217864000058 52.513678137000056)","Unfall 141820 (2020) Kat:3, Licht: 0","141820","3","6","4","08","14","6","0","0","1","0","0","0"
"POINT (13.517203479000045 52.461728059000052)","Unfall 141821 (2020) Kat:3, Licht: 2","141821","3","1","0","08","21","4","0","2","1","0","0","0"
"POINT (13.292809779000038 52.578713789000062)","Unfall 141822 (2020) Kat:2, Licht: 0","141822","2","2","5","08","18","5","0","0","1","1","0","0"
"POINT (13.419495389000076 52.499161428000036)","Unfall 141823 (2020) Kat:3, Licht: 2","141823","3","6","2","08","22","6","0","2","0","1","0","0"
"POINT (13.362428441000077 52.486908471000049)","Unfall 141824 (2020) Kat:2, Licht: 2","141824","2","5","1","08","23","5","0","2","1","1","0","0"
"POINT (13.382924978000062 52.530670611000062)","Unfall 141825 (2020) Kat:3, Licht: 0","141825","3","2","5","08","09","6","0","0","1","1","0","0"
"POINT (13.382110492000038 52.551560683000048)","Unfall 141826 (2020) Kat:3, Licht: 0","141826","3","6","0","08","15","3","0","0","0","1","0","1"
"POINT (13.572630189000051 52.550094252000065)","Unfall 141827 (2020) Kat:2, Licht: 0","141827","2","3","5","08","11","4","0","0","0","1","0","1"
"POINT (13.279932524000060 52.506570913000076)","Unfall 141828 (2020) Kat:2, Licht: 2","141828","2","6","3","08","23","5","0","2","0","1","0","0"
"POINT (13.621324352000045 52.456127567000067)","Unfall 141829 (2020) Kat:3, Licht: 2","141829","3","6","4","08","22","5","0","2","1","0","0","0"
"POINT (13.345736134000049 52.436334252000051)","Unfall 141830 (2020) Kat:3, Licht: 0","141830","3","2","5","08","17","5","0","0","0","1","0","0"
"POINT (13.438620507000053 52.488596769000026)","Unfall 141831 (2020) Kat:3, Licht: 2","141831","3","1","1","08","23","4","0","2","1","1","0","0"
"POINT (13.464533172000074 52.470293223000056)","Unfall 141832 (2020) Kat:3, Licht: 0","141832","3","3","5","08","18","5","0","0","0","1","0","1"
"POINT (13.343931466000072 52.546426377000046)","Unfall 141833 (2020) Kat:3, Licht: 0","141833","3","2","5","08","08","7","0","0","0","1","0","0"
"POINT (13.523701622000033 52.462996367000073)","Unfall 141834 (2020) Kat:3, Licht: 0","141834","3","3","5","08","07","4","0","0","0","1","0","0"
"POINT (13.519814225000061 52.526050375000068)","Unfall 141835 (2020) Kat:3, Licht: 0","141835","3","2","5","08","18","5","0","0","1","1","0","0"
"POINT (13.388292399000022 52.583448188000034)","Unfall 141836 (2020) Kat:3, Licht: 0","141836","3","3","5","08","18","6","0","0","0","1","0","1"
"POINT (13.380475965000073 52.551770129000033)","Unfall 141837 (2020) Kat:3, Licht: 0","141837","3","5","1","08","18","5","0","0","1","1","0","0"
"POINT (13.213648654000053 52.538585108000063)","Unfall 141838 (2020) Kat:3, Licht: 0","141838","3","2","5","08","11","5","0","0","1","1","0","0"
"POINT (13.359454738000068 52.523294034000060)","Unfall 141839 (2020) Kat:3, Licht: 0","141839","3","2","5","08","14","3","0","0","1","0","0","0"
"POINT (13.523075630000051 52.459982656000079)","Unfall 141840 (2020) Kat:3, Licht: 2","141840","3","1","0","08","22","5","0","2","1","0","0","0"
"POINT (13.319885557000077 52.468806174000065)","Unfall 141841 (2020) Kat:3, Licht: 0","141841","3","2","5","08","13","1","0","0","1","1","0","0"
"POINT (13.433515159000024 52.466618544000028)","Unfall 141842 (2020) Kat:3, Licht: 2","141842","3","2","5","08","21","5","0","2","1","1","0","0"
"POINT (13.376941487000067 52.529788144000065)","Unfall 141843 (2020) Kat:3, Licht: 0","141843","3","7","5","08","17","4","0","0","1","1","0","0"
"POINT (13.299222781000026 52.506843055000047)","Unfall 141844 (2020) Kat:3, Licht: 0","141844","3","2","0","08","12","3","1","0","0","1","0","1"
"POINT (13.326568868000038 52.491249198000048)","Unfall 141845 (2020) Kat:3, Licht: 0","141845","3","7","4","08","07","3","1","0","1","1","0","0"
"POINT (13.300790275000054 52.515318771000068)","Unfall 141846 (2020) Kat:2, Licht: 0","141846","2","2","6","08","17","1","0","0","0","1","1","0"
"POINT (13.469407135000040 52.501420126000028)","Unfall 141847 (2020) Kat:3, Licht: 0","141847","3","5","4","08","15","6","0","0","0","1","0","1"
"POINT (13.304893538000044 52.574526474000038)","Unfall 141848 (2020) Kat:3, Licht: 0","141848","3","5","1","08","14","4","1","0","1","1","0","0"
"POINT (13.314319182000077 52.490525928000068)","Unfall 141849 (2020) Kat:3, Licht: 0","141849","3","2","2","08","07","4","0","0","0","1","0","1"
"POINT (13.326593038000055 52.562545058000069)","Unfall 141850 (2020) Kat:3, Licht: 0","141850","3","1","0","08","08","7","1","0","0","0","0","1"
"POINT (13.434925664000048 52.436963862000027)","Unfall 141851 (2020) Kat:3, Licht: 0","141851","3","3","5","08","19","5","0","0","1","1","0","0"
"POINT (13.385901323000041 52.476251143000070)","Unfall 141852 (2020) Kat:3, Licht: 0","141852","3","4","0","08","17","4","0","0","1","0","1","0"
"POINT (13.378618331000041 52.544734753000057)","Unfall 141853 (2020) Kat:3, Licht: 0","141853","3","1","0","08","16","3","0","0","0","0","0","1"
"POINT (13.544916291000050 52.436749622000036)","Unfall 141854 (2020) Kat:3, Licht: 0","141854","3","1","0","08","19","3","0","0","1","0","0","0"
"POINT (13.220687111000075 52.560926296000048)","Unfall 141855 (2020) Kat:3, Licht: 0","141855","3","2","4","08","09","5","0","0","1","1","0","0"
"POINT (13.297755441000049 52.491661664000048)","Unfall 141856 (2020) Kat:3, Licht: 0","141856","3","5","0","08","12","3","1","0","0","1","0","1"
"POINT (13.438020461000065 52.481123504000038)","Unfall 141857 (2020) Kat:3, Licht: 0","141857","3","6","3","08","12","2","0","0","1","1","0","0"
"POINT (13.404237634000026 52.409411957000032)","Unfall 141858 (2020) Kat:3, Licht: 0","141858","3","2","5","08","15","4","0","0","1","1","0","0"
"POINT (13.430339911000033 52.499383650000027)","Unfall 141859 (2020) Kat:3, Licht: 0","141859","3","2","5","08","18","3","0","0","0","1","0","0"
"POINT (13.200179327000058 52.441088443000069)","Unfall 141860 (2020) Kat:3, Licht: 2","141860","3","1","9","08","00","1","0","2","0","1","0","0"
"POINT (13.564941983000040 52.445549615000061)","Unfall 141861 (2020) Kat:3, Licht: 0","141861","3","3","5","08","07","6","0","0","1","1","0","0"
"POINT (13.380185178000033 52.456056231000048)","Unfall 141862 (2020) Kat:2, Licht: 0","141862","2","2","5","08","16","4","1","0","0","1","0","1"
"POINT (13.369965040000068 52.559806186000060)","Unfall 141863 (2020) Kat:3, Licht: 1","141863","3","3","5","08","21","3","0","1","0","1","0","0"