WKT,Name,OBJECTID,UKATEGORIE,UTYP1,UART,UMONAT,USTUNDE,UWOCHENTAG,STRZUSTAND,ULICHTVERH,ISTRAD,ISTPKW,ISTFUSS,ISTKRAD
"POINT (13.446367008000038 52.478526802000033)","Unfall 141864 (2020) Kat:3, Licht: 0","141864","3","6","2","08","14","3","0","0","1","1","0","0"
"POINT (13.307966687000032 52.488477651000039)","Unfall 141865 (2020) Kat:3, Licht: 2","141865","3","2","5","08","01","6","0","2","0","1","0","0"
"POINT (13.383627355000044 52.530108481000070)","Unfall 141866 (2020) Kat:3, Licht: 0","141866","3","6","3","08","16","5","0","0","1","0","0","1"
"POINT (13.509622172000036 52.502499864000072)","Unfall 141867 (2020) Kat:2, Licht: 0","141867","2","4","6","08","11","4","1","0","0","1","1","0"
"POINT (13.429952522000065 52.587556652000046)","Unfall 141868 (2020) Kat:2, Licht: 0","141868","2","1","0","08","07","3","0","0","1","0","0","0"
"POINT (13.468851057000052 52.555984983000030)","Unfall 141869 (2020) Kat:3, Licht: 0","141869","3","7","4","08","12","5","0","0","1","0","0","0"
"POINT (13.392259012000068 52.554817993000029)","Unfall 141870 (2020) Kat:3, Licht: 0","141870","3","6","3","08","15","7","0","0","1","1","0","0"
"POINT (13.291348827000036 52.581025052000030)","Unfall 141871 (2020) Kat:2, Licht: 0","141871","2","2","5","08","17","5","0","0","1","1","0","0"
"POINT (13.288422044000072 52.491733795000073)","Unfall 141872 (2020) Kat:3, Licht: 0","141872","3","3","5","08","13","4","1","0","0","1","0","0"
"POINT (13.301922023000031 52.508587530000057)","Unfall 141873 (2020) Kat:3, Licht: 0","141873","3","6","2","08","09","3","0","0","0","1","0","0"
"POINT (13.205617412000038 52.535563054000079)","Unfall 141874 (2020) Kat:3, Licht: 0","141874","3","4","6","08","13","5","0","0","0","0","0","1"
"POINT (13.499167907000071 52.447949828000048)","Unfall 141875 (2020) Kat:3, Licht: 0","141875","3","2","0","08","12","3","0","0","1","0","0","1"
"POINT (13.154536778000022 52.539386956000044)","Unfall 141876 (2020) Kat:3, Licht: 2","141876","3","7","1","08","22","2","0","2","0","1","0","0"
"POINT (13.191297913000028 52.550674271000048)","Unfall 141877 (2020) Kat:3, Licht: 0","141877","3","5","1","08","14","4","0","0","1","1","0","0"
"POINT (13.208005837000030 52.538769180000031)","Unfall 141878 (2020) Kat:3, Licht: 0","141878","3","1","0","08","12","3","1","0","0","1","0","1"
"POINT (13.193200318000038 52.433803596000075)","Unfall 141879 (2020) Kat:2, Licht: 0","141879","2","2","5","08","13","1","0","0","0","1","0","1"
"POINT (13.434843614000044 52.429708263000066)","Unfall 141880 (2020) Kat:3, Licht: 1","141880","3","7","1","08","05","6","0","1","0","1","0","0"
"POINT (13.397477083000069 52.529581913000072)","Unfall 141881 (2020) Kat:3, Licht: 0","141881","3","6","2","08","09","3","0","0","1","0","0","0"
"POINT (13.418589506000046 52.498856827000054)","Unfall 141882 (2020) Kat:3, Licht: 1","141882","3","2","2","08","20","3","1","1","1","0","0","1"
"POINT (13.339698373000033 52.595845098000041)","Unfall 141883 (2020) Kat:3, Licht: 1","141883","3","6","2","08","20","3","1","1","0","1","0","1"
"POINT (13.504059286000029 52.567147802000079)","Unfall 141884 (2020) Kat:3, Licht: 0","141884","3","3","5","08","15","5","0","0","1","1","0","0"
"POINT (13.261926659000039 52.510429462000047)","Unfall 141885 (2020) Kat:3, Licht: 0","141885","3","3","5","08","10","4","1","0","0","1","0","0"
"POINT (13.364939198000059 52.562780460000056)","Unfall 141886 (2020) Kat:3, Licht: 0","141886","3","6","2","08","15","2","1","0","0","1","0","1"
"POINT (13.262699791000045 52.451537225000038)","Unfall 141887 (2020) Kat:3, Licht: 0","141887","3","2","5","08","19","4","0","0","1","0","0","0"
"POINT (13.310270070000058 52.479098971000042)","Unfall 141888 (2020) Kat:3, Licht: 0","141888","3","3","5","08","18","3","0","0","1","1","0","0"
"POINT (13.298987758000067 52.507240954000054)","Unfall 141889 (2020) Kat:3, Licht: 0","141889","3","7","5","08","07","3","1","0","1","1","0","0"
"POINT (13.495836635000046 52.431419606000077)","Unfall 141890 (2020) Kat:3, Licht: 0","141890","3","3","5","08","16","2","0","0","1","1","0","0"
"POINT (13.278680464000047 52.430982575000030)","Unfall 141891 (2020) Kat:3, Licht: 0","141891","3","6","2","08","10","4","0","0","0","1","0","0"
"POINT (13.284656431000030 52.473918812000079)","Unfall 141892 (2020) Kat:3, Licht: 0","141892","3","3","5","08","12","3","1","0","0","1","0","0"
"POINT (13.336566734000030 52.526699337000082)","Unfall 141893 (2020) Kat:3, Licht: 0","141893","3","6","2","08","11","3","1","0","0","1","0","0"
"POINT (13.432337572000051 52.595032324000044)","Unfall 141894 (2020) Kat:3, Licht: 0","141894","3","6","2","08","08","2","0","0","0","1","0","1"
"POINT (13.394953798000074 52.533064984000077)","Unfall 141895 (2020) Kat:3, Licht: 0","141895","3","3","5","08","13","4","1","0","1","1","0","0"
"POINT (13.382680253000046 52.478232113000047)","Unfall 141896 (2020) Kat:3, Licht: 0","141896","3","3","5","08","18","3","0","0","1","1","0","0"
"POINT (13.477894137000021 52.514627713000039)","Unfall 141897 (2020) Kat:3, Licht: 1","141897","3","2","5","08","19","7","1","1","1","1","0","0"
"POINT (13.300660198000060 52.506838261000041)","Unfall 141898 (2020) Kat:3, Licht: 0","141898","3","6","2","08","12","6","0","0","0","1","0","0"
"POINT (13.389702391000071 52.495915035000053)","Unfall 141899 (2020) Kat:3, Licht: 0","141899","3","2","5","08","08","3","1","0","1","1","0","0"
"POINT (13.388073282000050 52.521429302000058)","Unfall 141900 (2020) Kat:3, Licht: 0","141900","3","1","0","08","19","3","0","0","1","0","0","0"
"POINT (13.461130072000060 52.477655152000068)","Unfall 141901 (2020) Kat:3, Licht: 0","141901","3","1","0","08","10","5","0","0","1","0","0","0"
"POINT (13.596937803000060 52.437013834000027)","Unfall 141902 (2020) Kat:3, Licht: 0","141902","3","3","5","08","08","4","1","0","1","1","0","0"
"POINT (13.392279456000040 52.507668671000033)","Unfall 141903 (2020) Kat:3, Licht: 0","141903","3","2","5","08","14","2","0","0","1","0","0","0"
"POINT (13.474407158000076 52.510731353000040)","Unfall 141904 (2020) Kat:3, Licht: 0","141904","3","6","2","08","18","4","0","0","1","1","0","0"
"POINT (13.407816186000048 52.499958685000081)","Unfall 141905 (2020) Kat:3, Licht: 0","141905","3","3","0","08","17","3","0","0","1","1","0","0"
"POINT (13.337993796000035 52.505059940000081)","Unfall 141906 (2020) Kat:3, Licht: 2","141906","3","6","2","08","04","3","0","2","0","1","0","0"
"POINT (13.629560148000053 52.446675169000059)","Unfall 141907 (2020) Kat:3, Licht: 0","141907","3","6","0","08","12","1","0","0","1","0","0","0"
"POINT (13.577793924000048 52.420649595000043)","Unfall 141908 (2020) Kat:3, Licht: 0","141908","3","1","0","08","18","6","0","0","1","0","0","0"
"POINT (13.326547375000075 52.537100705000057)","Unfall 141909 (2020) Kat:3, Licht: 0","141909","3","2","5","08","08","4","0","0","0","1","0","0"
"POINT (13.294983659000025 52.432017489000032)","Unfall 141910 (2020) Kat:2, Licht: 0","141910","2","5","1","08","12","7","0","0","1","1","0","0"
"POINT (13.353861083000027 52.562090758000068)","Unfall 141911 (2020) Kat:3, Licht: 0","141911","3","3","5","08","19","5","0","0","0","1","0","0"
"POINT (13.446476227000062 52.502747004000071)","Unfall 141912 (2020) Kat:3, Licht: 0","141912","3","3","5","08","17","4","1","0","1","0","0","0"
"POINT (13.427548443000035 52.487132153000061)","Unfall 141913 (2020) Kat:3, Licht: 0","141913","3","5","1","08","17","3","0","0","1","1","0","0"
"POINT (13.529397272000040 52.483466679000060)","Unfall 141914 (2020) Kat:2, Licht: 0","141914","2","2","5","08","17","3","0","0","1","1","0","0"
"POINT (13.518738536000058 52.460523040000055)","Unfall 141915 (2020) Kat:3, Licht: 0","141915","3","7","0","08","10","5","0","0","0","1","1","0"
"POINT (13.348359017000064 52.437873531000037)","Unfall 141916 (2020) Kat:3, Licht: 0","141916","3","2","5","08","18","7","1","0","1","1","0","0"
"POINT (13.396702360000063 52.532460186000037)","Unfall 141917 (2020) Kat:3, Licht: 0","141917","3","1","0","08","13","5","0","0","1","0","0","0"
"POINT (13.542194343000062 52.457619431000069)","Unfall 141918 (2020) Kat:3, Licht: 2","141918","3","3","5","08","20","4","1","2","1","1","0","0"
"POINT (13.201315129000022 52.547753480000040)","Unfall 141919 (2020) Kat:3, Licht: 0","141919","3","2","5","08","10","3","0","0","1","1","0","0"
"POINT (13.403407639000022 52.526869321000049)","Unfall 141920 (2020) Kat:3, Licht: 2","141920","3","1","8","08","03","5","0","2","0","0","0","0"
"POINT (13.227475401000049 52.558902082000031)","Unfall 141921 (2020) Kat:3, Licht: 0","141921","3","2","2","08","16","4","1","0","0","1","0","0"
"POINT (13.335046396000052 52.451070784000080)","Unfall 141922 (2020) Kat:3, Licht: 0","141922","3","3","5","08","13","2","0","0","1","0","0","0"
"POINT (13.422680370000023 52.490656840000042)","Unfall 141923 (2020) Kat:3, Licht: 0","141923","3","7","6","08","17","4","0","0","0","1","1","0"
"POINT (13.157282672000065 52.543218988000035)","Unfall 141924 (2020) Kat:2, Licht: 0","141924","2","7","2","08","17","3","0","0","0","1","0","0"
"POINT (13.436138424000035 52.545193362000077)","Unfall 141925 (2020) Kat:2, Licht: 2","141925","2","1","0","08","02","3","0","2","1","0","0","0"
"POINT (13.502797865000048 52.470262232000039)","Unfall 141926 (2020) Kat:3, Licht: 0","141926","3","2","5","08","17","1","0","0","1","1","0","0"
"POINT (13.257939224000040 52.518036372000040)","Unfall 141927 (2020) Kat:3, Licht: 2","141927","3","7","2","08","00","6","0","2","0","1","0","1"
"POINT (13.371197395000024 52.540092237000067)","Unfall 141928 (2020) Kat:3, Licht: 0","141928","3","6","2","08","13","4","1","0","0","1","0","1"
"POINT (13.371747635000077 52.509460736000051)","Unfall 141929 (2020) Kat:3, Licht: 2","141929","3","6","2","08","00","4","1","2","0","1","0","0"
"POINT (13.171740008000029 52.549746427000059)","Unfall 141930 (2020) Kat:3, Licht: 0","141930","3","3","5","08","07","7","1","0","1","1","0","0"
"POINT (13.390433475000066 52.562960693000036)","Unfall 141931 (2020) Kat:3, Licht: 0","141931","3","2","5","08","18","5","0","0","1","1","0","0"
"POINT (13.457946831000072 52.528825508000068)","Unfall 141932 (2020) Kat:3, Licht: 0","141932","3","2","5","08","17","4","1","0","1","1","0","0"
"POINT (13.198677316000044 52.532789344000037)","Unfall 141933 (2020) Kat:3, Licht: 0","141933","3","2","5","08","07","3","0","0","1","1","0","0"
"POINT (13.261595401000022 52.436881832000040)","Unfall 141934 (2020) Kat:3, Licht: 0","141934","3","2","5","08","16","3","0","0","1","1","0","0"
"POINT (13.453983751000067 52.469203554000046)","Unfall 141935 (2020) Kat:3, Licht: 0","141935","3","3","5","08","09","5","0","0","1","1","0","0"
"POINT (13.397540517000039 52.382187630000033)","Unfall 141936 (2020) Kat:3, Licht: 0","141936","3","3","5","08","15","3","0","0","1","1","0","0"
"POINT (13.417128647000027 52.394643397000038)","Unfall 141937 (2020) Kat:3, Licht: 2","141937","3","5","1","08","22","2","0","2","0","1","0","0"
"POINT (13.427008537000063 52.552209755000035)","Unfall 141938 (2020) Kat:3, Licht: 0","141938","3","3","5","08","15","4","0","0","1","1","0","0"
"POINT (13.512569208000059 52.459154676000026)","Unfall 141939 (2020) Kat:2, Licht: 0","141939","2","3","5","08","15","3","0","0","1","0","0","0"
"POINT (13.331010401000071 52.493123382000078)","Unfall 141940 (2020) Kat:3, Licht: 0","141940","3","3","5","08","16","1","0","0","1","1","0","0"
"POINT (13.203631776000066 52.543389615000081)","Unfall 141941 (2020) Kat:3, Licht: 0","141941","3","3","5","08","06","6","0","0","1","1","0","0"
"POINT (13.453760584000065 52.495468416000051)","Unfall 141942 (2020) Kat:3, Licht: 0","141942","3","3","5","08","15","3","0","0","1","0","0","0"
"POINT (13.298140801000045 52.524337041000081)","Unfall 141943 (2020) Kat:3, Licht: 0","141943","3","7","5","08","15","4","1","0","0","1","0","1"
"POINT (13.444449648000045 52.565283987000043)","Unfall 141944 (2020) Kat:3, Licht: 0","141944","3","2","5","08","13","2","0","0","1","1","0","0"
"POINT (13.460069470000064 52.431970280000030)","Unfall 141945 (2020) Kat:2, Licht: 0","141945","2","2","5","08","16","4","0","0","0","1","0","1"
"POINT (13.433162678000031 52.557832921000056)","Unfall 141946 (2020) Kat:3, Licht: 0","141946","3","3","5","08","15","2","0","0","0","1","0","0"
"POINT (13.293073646000039 52.462661094000055)","Unfall 141947 (2020) Kat:3, Licht: 0","141947","3","6","3","08","10","1","0","0","1","1","0","0"
"POINT (13.429631854000036 52.521124148000069)","Unfall 141948 (2020) Kat:3, Licht: 0","141948","3","2","5","08","08","6","0","0","1","1","0","0"
"POINT (13.325992012000029 52.561447784000052)","Unfall 141949 (2020) Kat:3, Licht: 0","141949","3","6","2","08","13","4","1","0","0","1","0","0"
"POINT (13.366709809000042 52.496944502000076)","Unfall 141950 (2020) Kat:3, Licht: 2","141950","3","3","5","08","22","3","1","2","1","1","0","0"
"POINT (13.528661652000039 52.452268080000067)","Unfall 141951 (2020) Kat:2, Licht: 0","141951","2","4","6","08","15","3","0","0","0","1","1","0"
"POINT (13.519042055000057 52.516810639000028)","Unfall 141952 (2020) Kat:3, Licht: 0","141952","3","7","0","08","20","7","0","0","1","0","0","0"
"POINT (13.257661934000055 52.487227836000045)","Unfall 141953 (2020) Kat:3, Licht: 0","141953","3","6","2","08","17","5","0","0","1","1","0","0"
"POINT (13.345800440000062 52.525018805000059)","Unfall 141954 (2020) Kat:3, Licht: 0","141954","3","3","5","08","12","4","1","0","0","1","0","1"
"POINT (13.410982998000065 52.554077749000044)","Unfall 141955 (2020) Kat:3, Licht: 0","141955","3","3","5","08","08","3","0","0","1","0","0","0"
"POINT (13.203914124000050 52.540126434000058)","Unfall 141956 (2020) Kat:3, Licht: 0","141956","3","6","3","08","13","5","0","0","0","1","0","1"
"POINT (13.199275327000066 52.534812046000070)","Unfall 141957 (2020) Kat:1, Licht: 0","141957","1","3","5","08","13","2","0","0","1","1","0","0"
"POINT (13.392791774000045 52.542530927000030)","Unfall 141958 (2020) Kat:3, Licht: 2","141958","3","3","5","08","20","2","0","2","1","1","0","0"
"POINT (13.375887719000048 52.528460489000054)","Unfall 141959 (2020) Kat:3, Licht: 0","141959","3","2","5","08","14","4","0","0","0","1","0","1"
"POINT (13.440493173000050 52.518517830000064)","Unfall 141960 (2020) Kat:2, Licht: 0","141960","2","2","0","08","09","2","0","0","1","0","0","0"
"POINT (13.353939792000062 52.596570086000042)","Unfall 141961 (2020) Kat:3, Licht: 0","141961","3","5","5","08","13","1","0","0","0","1","0","0"
"POINT (13.458828050000022 52.526596936000033)","Unfall 141962 (2020) Kat:3, Licht: 0","141962","3","2","5","08","12","6","0","0","1","1","0","0"
"POINT (13.421168929000032 52.509786130000066)","Unfall 141963 (2020) Kat:3, Licht: 0","141963","3","2","5","08","12","3","0","0","1","1","0","0"
"POINT (13.200985648000028 52.512169434000043)","Unfall 141964 (2020) Kat:3, Licht: 0","141964","3","2","3","08","19","3","1","0","0","1","0","1"
"POINT (13.378486833000068 52.477402165000058)","Unfall 141965 (2020) Kat:3, Licht: 0","141965","3","6","2","08","12","3","0","0","0","1","0","0"
"POINT (13.404109335000044 52.522535378000043)","Unfall 141966 (2020) Kat:3, Licht: 0","141966","3","4","6","08","15","5","0","0","1","0","1","0"
"POINT (13.421183321000058 52.509806306000030)","Unfall 141967 (2020) Kat:3, Licht: 0","141967","3","2","5","08","15","3","0","0","1","1","0","0"
"POINT (13.347461397000075 52.470547742000065)","Unfall 141968 (2020) Kat:3, Licht: 0","141968","3","2","5","08","20","3","1","0","0","1","0","0"
"POINT (13.364539375000049 52.562690483000040)","Unfall 141969 (2020) Kat:3, Licht: 2","141969","3","2","5","08","22","3","0","2","0","1","0","0"
"POINT (13.389914731000033 52.546259474000067)","Unfall 141970 (2020) Kat:3, Licht: 2","141970","3","5","1","08","21","6","0","2","0","1","0","0"
"POINT (13.371394239000040 52.564129252000043)","Unfall 141971 (2020) Kat:3, Licht: 0","141971","3","3","5","08","15","5","0","0","0","1","0","0"
"POINT (13.521201697000038 52.466504582000027)","Unfall 141972 (2020) Kat:3, Licht: 0","141972","3","6","2","08","11","4","1","0","0","1","0","0"
"POINT (13.351301924000040 52.546693712000035)","Unfall 141973 (2020) Kat:3, Licht: 0","141973","3","7","5","08","19","2","0","0","1","0","0","0"
"POINT (13.285773773000074 52.587656770000081)","Unfall 141974 (2020) Kat:3, Licht: 0","141974","3","7","6","08","07","4","0","0","0","1","1","0"
"POINT (13.197593838000046 52.523562608000077)","Unfall 141975 (2020) Kat:1, Licht: 0","141975","1","4","6","08","11","2","0","0","0","0","1","0"
"POINT (13.387840980000021 52.492766452000069)","Unfall 141976 (2020) Kat:3, Licht: 0","141976","3","2","5","08","07","2","0","0","1","0","0","0"
"POINT (13.377081236000038 52.556359611000062)","Unfall 141977 (2020) Kat:3, Licht: 0","141977","3","2","2","08","11","4","0","0","0","1","0","1"
"POINT (13.441678840000066 52.546248924000054)","Unfall 141978 (2020) Kat:3, Licht: 0","141978","3","2","5","08","09","2","0","0","0","1","0","0"
"POINT (13.440592836000064 52.482044416000065)","Unfall 141979 (2020) Kat:3, Licht: 0","141979","3","3","5","08","18","7","1","0","1","0","0","0"
"POINT (13.508097363000047 52.450297430000035)","Unfall 141980 (2020) Kat:3, Licht: 0","141980","3","3","5","08","10","6","0","0","0","1","0","1"
"POINT (13.381864878000044 52.556222138000066)","Unfall 141981 (2020) Kat:3, Licht: 0","141981","3","6","2","08","12","3","0","0","0","0","0","1"
"POINT (13.400486156000056 52.494433538000067)","Unfall 141982 (2020) Kat:3, Licht: 0","141982","3","1","0","08","08","5","0","0","1","0","0","0"
"POINT (13.371839034000061 52.469618966000041)","Unfall 141983 (2020) Kat:3, Licht: 0","141983","3","6","2","08","08","4","0","0","0","1","0","0"
"POINT (13.483360297000047 52.462508983000077)","Unfall 141984 (2020) Kat:3, Licht: 0","141984","3","2","5","08","13","2","0","0","0","1","0","0"
"POINT (13.442993580000064 52.482348590000072)","Unfall 141985 (2020) Kat:3, Licht: 0","141985","3","3","5","08","17","4","0","0","1","1","0","0"
"POINT (13.446704520000026 52.502785337000034)","Unfall 141986 (2020) Kat:3, Licht: 0","141986","3","2","3","08","10","2","0","0","1","0","0","0"
"POINT (13.393425989000036 52.504429608000066)","Unfall 141987 (2020) Kat:3, Licht: 0","141987","3","7","2","08","14","3","0","0","1","0","0","0"
"POINT (13.563287482000021 52.564197428000057)","Unfall 141988 (2020) Kat:3, Licht: 0","141988","3","7","6","08","16","1","0","0","0","1","1","0"
"POINT (13.477353493000066 52.413675720000072)","Unfall 141989 (2020) Kat:3, Licht: 0","141989","3","3","5","08","15","6","0","0","0","1","0","0"
"POINT (13.303786485000046 52.499313394000069)","Unfall 141990 (2020) Kat:3, Licht: 0","141990","3","3","5","08","10","4","1","0","0","1","0","0"
"POINT (13.481498080000051 52.452481478000038)","Unfall 141991 (2020) Kat:3, Licht: 0","141991","3","7","6","08","14","2","0","0","1","0","1","0"
"POINT (13.224985169000036 52.422302001000048)","Unfall 141992 (2020) Kat:2, Licht: 0","141992","2","1","0","08","19","4","0","0","1","0","0","0"
"POINT (13.454633846000036 52.502904725000064)","Unfall 141993 (2020) Kat:3, Licht: 0","141993","3","2","5","08","09","2","0","0","0","1","0","1"
"POINT (13.533666582000023 52.525550461000080)","Unfall 141994 (2020) Kat:3, Licht: 0","141994","3","3","0","08","13","3","0","0","0","0","0","0"
"POINT (13.358765149000021 52.546535166000069)","Unfall 141995 (2020) Kat:3, Licht: 0","141995","3","6","3","08","07","2","0","0","1","1","0","0"
"POINT (13.326104632000067 52.538377321000041)","Unfall 141996 (2020) Kat:3, Licht: 0","141996","3","2","5","08","19","6","0","0","1","1","0","0"
"POINT (13.410202556000058 52.524753203000046)","Unfall 141997 (2020) Kat:3, Licht: 0","141997","3","5","1","08","08","4","0","0","0","1","0","1"
"POINT (13.294425389000025 52.427014114000031)","Unfall 141998 (2020) Kat:3, Licht: 0","141998","3","3","0","08","17","7","0","0","0","1","0","1"
"POINT (13.501818668000055 52.498304345000065)","Unfall 141999 (2020) Kat:3, Licht: 0","141999","3","1","0","08","08","5","0","0","0","0","0","1"
"POINT (13.309922091000033 52.478770899000040)","Unfall 142000 (2020) Kat:3, Licht: 0","142000","3","5","1","08","18","4","1","0","1","1","0","0"
"POINT (13.332038548000071 52.493160743000033)","Unfall 142001 (2020) Kat:3, Licht: 0","142001","3","3","5","08","18","3","0","0","1","1","0","0"
"POINT (13.392757973000073 52.537146763000067)","Unfall 142002 (2020) Kat:3, Licht: 0","142002","3","1","0","08","10","3","1","0","0","0","0","1"
"POINT (13.495160469000041 52.612118595000027)","Unfall 142003 (2020) Kat:3, Licht: 0","142003","3","5","1","08","12","5","0","0","1","1","0","0"
"POINT (13.339186028000029 52.595830734000060)","Unfall 142004 (2020) Kat:3, Licht: 0","142004","3","3","5","08","15","4","1","0","0","1","0","0"
"POINT (13.480094022000060 52.538279917000068)","Unfall 142005 (2020) Kat:3, Licht: 0","142005","3","4","6","08","13","2","0","0","1","0","1","0"
"POINT (13.366717836000078 52.510387070000036)","Unfall 142006 (2020) Kat:2, Licht: 0","142006","2","6","2","08","16","4","0","0","0","1","0","1"
"POINT (13.435417633000043 52.523361589000046)","Unfall 142007 (2020) Kat:2, Licht: 2","142007","2","1","0","08","22","2","0","2","1","0","0","0"
"POINT (13.378164866000077 52.466308811000033)","Unfall 142008 (2020) Kat:3, Licht: 2","142008","3","2","5","08","19","3","1","2","0","0","0","1"
"POINT (13.349753083000053 52.503062999000065)","Unfall 142009 (2020) Kat:3, Licht: 0","142009","3","3","5","08","11","1","0","0","0","1","0","0"
"POINT (13.280729208000025 52.634016648000056)","Unfall 142010 (2020) Kat:3, Licht: 0","142010","3","3","5","08","13","6","0","0","1","1","0","0"
"POINT (13.579880771000035 52.418273382000052)","Unfall 142011 (2020) Kat:3, Licht: 0","142011","3","3","5","08","13","4","1","0","0","1","0","0"
"POINT (13.338985330000071 52.550471544000061)","Unfall 142012 (2020) Kat:3, Licht: 0","142012","3","6","0","08","08","3","0","0","1","0","0","0"
"POINT (13.313136542000052 52.544278355000074)","Unfall 142013 (2020) Kat:3, Licht: 0","142013","3","2","5","08","09","3","1","0","0","1","0","0"
"POINT (13.371994448000066 52.532636121000053)","Unfall 142014 (2020) Kat:3, Licht: 2","142014","3","5","1","08","21","7","0","2","1","1","0","0"
"POINT (13.301865322000026 52.494514921000075)","Unfall 142015 (2020) Kat:3, Licht: 0","142015","3","3","0","08","17","5","0","0","0","1","0","1"
"POINT (13.389750788000072 52.562443119000079)","Unfall 142016 (2020) Kat:3, Licht: 0","142016","3","6","2","08","13","4","1","0","0","1","0","0"
"POINT (13.451104262000058 52.527226433000067)","Unfall 142017 (2020) Kat:3, Licht: 2","142017","3","7","0","08","04","3","0","2","1","0","0","0"
"POINT (13.512444004000031 52.462800447000063)","Unfall 142018 (2020) Kat:3, Licht: 0","142018","3","2","5","08","14","4","1","0","1","1","0","0"
"POINT (13.615926015000070 52.484703372000070)","Unfall 142019 (2020) Kat:3, Licht: 0","142019","3","3","5","08","07","4","0","0","1","1","0","0"
"POINT (13.345287015000054 52.526201052000033)","Unfall 142020 (2020) Kat:3, Licht: 0","142020","3","7","5","08","10","3","1","0","0","1","0","0"
"POINT (13.489269872000023 52.542412722000051)","Unfall 142021 (2020) Kat:2, Licht: 0","142021","2","2","6","08","09","7","1","0","0","1","1","0"
"POINT (13.286852416000045 52.495663898000032)","Unfall 142022 (2020) Kat:3, Licht: 0","142022","3","2","5","08","19","5","0","0","1","1","0","0"
"POINT (13.429133851000074 52.471501800000055)","Unfall 142023 (2020) Kat:3, Licht: 0","142023","3","6","3","08","17","4","1","0","0","1","0","0"
"POINT (13.404262915000061 52.540580936000026)","Unfall 142024 (2020) Kat:3, Licht: 0","142024","3","3","5","08","16","3","0","0","1","0","0","0"
"POINT (13.379920876000028 52.591058800000042)","Unfall 142025 (2020) Kat:3, Licht: 0","142025","3","1","0","08","09","2","0","0","0","0","0","1"
"POINT (13.283524432000036 52.590052516000071)","Unfall 142026 (2020) Kat:3, Licht: 0","142026","3","2","6","08","09","5","0","0","0","0","1","0"
"POINT (13.489748265000060 52.467867985000055)","Unfall 142027 (2020) Kat:2, Licht: 0","142027","2","2","5","08","20","2","0","0","1","1","0","0"
"POINT (13.411439497000060 52.504894865000040)","Unfall 142028 (2020) Kat:3, Licht: 0","142028","3","7","5","08","07","2","0","0","1","0","0","1"
"POINT (13.190785083000037 52.536499122000066)","Unfall 142029 (2020) Kat:2, Licht: 0","142029","2","7","4","08","15","4","0","0","0","1","0","0"
"POINT (13.383846872000049 52.555164178000041)","Unfall 142030 (2020) Kat:3, Licht: 0","142030","3","3","5","08","20","2","0","0","1","1","0","0"
"POINT (13.441910899000050 52.501102482000078)","Unfall 142031 (2020) Kat:3, Licht: 2","142031","3","1","0","08","03","1","0","2","1","0","0","0"
"POINT (13.467697133000058 52.433672550000040)","Unfall 142032 (2020) Kat:3, Licht: 2","142032","3","6","3","08","07","6","0","2","1","1","0","0"
"POINT (13.559105124000041 52.448468364000064)","Unfall 142033 (2020) Kat:3, Licht: 0","142033","3","6","2","08","06","4","1","0","0","1","0","0"
"POINT (13.434718595000049 52.508643571000050)","Unfall 142034 (2020) Kat:3, Licht: 1","142034","3","6","3","08","21","3","1","1","0","1","0","1"
"POINT (13.508105751000073 52.450322387000028)","Unfall 142035 (2020) Kat:3, Licht: 0","142035","3","3","5","08","15","3","0","0","1","0","0","0"
"POINT (13.543911914000034 52.568075462000081)","Unfall 142036 (2020) Kat:2, Licht: 0","142036","2","3","5","08","10","3","1","0","0","1","0","1"
"POINT (13.428774575000034 52.499388988000078)","Unfall 142037 (2020) Kat:2, Licht: 0","142037","2","7","6","08","15","6","0","0","1","0","1","0"
"POINT (13.388214676000075 52.588725262000082)","Unfall 142038 (2020) Kat:2, Licht: 0","142038","2","1","0","08","16","5","0","0","1","0","0","0"
"POINT (13.392622484000071 52.537060511000050)","Unfall 142039 (2020) Kat:3, Licht: 0","142039","3","1","0","08","12","4","1","0","0","1","0","1"
"POINT (13.458364201000052 52.549959283000078)","Unfall 142040 (2020) Kat:3, Licht: 0","142040","3","4","6","08","07","3","0","0","0","0","1","0"
"POINT (13.286748770000031 52.495851778000031)","Unfall 142041 (2020) Kat:3, Licht: 0","142041","3","2","5","08","12","5","0","0","1","1","0","0"
"POINT (13.392395056000055 52.575424931000043)","Unfall 142042 (2020) Kat:3, Licht: 0","142042","3","3","5","08","19","2","0","0","1","1","0","0"
"POINT (13.384551662000035 52.556008914000074)","Unfall 142043 (2020) Kat:3, Licht: 0","142043","3","3","5","08","09","2","0","0","1","0","0","0"
"POINT (13.429792541000040 52.468343407000077)","Unfall 142044 (2020) Kat:3, Licht: 0","142044","3","7","2","08","13","4","0","0","0","1","0","0"
"POINT (13.238608202000023 52.522238356000059)","Unfall 142045 (2020) Kat:3, Licht: 0","142045","3","3","2","08","14","5","0","0","1","1","0","0"
"POINT (13.388542672000028 52.501555209000060)","Unfall 142046 (2020) Kat:3, Licht: 0","142046","3","6","2","08","18","2","0","0","1","0","0","0"
"POINT (13.414136985000027 52.498579359000075)","Unfall 142047 (2020) Kat:3, Licht: 0","142047","3","3","5","08","11","2","0","0","0","1","0","1"
"POINT (13.364046804000054 52.564013342000067)","Unfall 142048 (2020) Kat:3, Licht: 0","142048","3","6","2","08","15","4","0","0","0","1","0","0"