WKT,Name,OBJECTID,UKATEGORIE,UTYP1,UART,UMONAT,USTUNDE,UWOCHENTAG,STRZUSTAND,ULICHTVERH,ISTRAD,ISTPKW,ISTFUSS,ISTKRAD
"POINT (13.613319329000035 52.508787812000037)","Unfall 142049 (2020) Kat:2, Licht: 0","142049","2","3","5","08","18","2","0","0","0","1","0","0"
"POINT (13.572261283000046 52.543017846000055)","Unfall 142050 (2020) Kat:3, Licht: 0","142050","3","3","5","08","15","1","0","0","0","1","0","0"
"POINT (13.197212942000021 52.562039310000046)","Unfall 142051 (2020) Kat:3, Licht: 0","142051","3","3","5","08","05","6","0","0","0","1","0","0"
"POINT (13.380017155000075 52.556061151000051)","Unfall 142052 (2020) Kat:3, Licht: 0","142052","3","2","5","08","15","3","0","0","1","1","0","0"
"POINT (13.290273058000025 52.427847561000078)","Unfall 142053 (2020) Kat:2, Licht: 0","142053","2","2","5","08","20","3","1","0","1","1","0","0"
"POINT (13.345228700000064 52.539092144000051)","Unfall 142054 (2020) Kat:3, Licht: 0","142054","3","3","0","08","13","3","0","0","1","0","0","1"
"POINT (13.194517939000036 52.533704241000066)","Unfall 142055 (2020) Kat:3, Licht: 0","142055","3","2","5","08","09","3","1","0","0","0","0","0"
"POINT (13.418372811000040 52.500004571000034)","Unfall 142056 (2020) Kat:3, Licht: 0","142056","3","5","1","08","20","6","0","0","1","1","0","0"
"POINT (13.323349492000034 52.493484362000061)","Unfall 142057 (2020) Kat:3, Licht: 0","142057","3","2","5","08","15","5","0","0","1","1","0","0"
"POINT (13.565908320000062 52.439402381000036)","Unfall 142058 (2020) Kat:3, Licht: 0","142058","3","6","4","08","10","4","1","0","0","1","0","0"
"POINT (13.286218106000035 52.487284307000039)","Unfall 142059 (2020) Kat:3, Licht: 0","142059","3","3","5","08","16","2","0","0","1","1","0","0"
"POINT (13.396876024000051 52.537120663000053)","Unfall 142060 (2020) Kat:3, Licht: 1","142060","3","6","4","08","20","4","0","1","1","0","0","0"
"POINT (13.459072663000029 52.529069643000071)","Unfall 142061 (2020) Kat:2, Licht: 0","142061","2","2","5","08","15","2","0","0","1","1","0","0"
"POINT (13.354277182000033 52.541460920000077)","Unfall 142062 (2020) Kat:3, Licht: 0","142062","3","4","6","08","14","3","0","0","0","1","1","0"
"POINT (13.295748813000046 52.473961929000041)","Unfall 142063 (2020) Kat:3, Licht: 0","142063","3","7","6","08","18","2","0","0","1","0","1","0"
"POINT (13.391016724000053 52.503539507000028)","Unfall 142064 (2020) Kat:3, Licht: 0","142064","3","5","1","08","09","4","0","0","1","1","0","0"
"POINT (13.520999309000047 52.566637512000057)","Unfall 142065 (2020) Kat:2, Licht: 0","142065","2","4","6","08","17","2","0","0","0","1","1","0"
"POINT (13.330832540000074 52.486133278000068)","Unfall 142066 (2020) Kat:3, Licht: 0","142066","3","2","5","08","18","7","1","0","0","1","0","0"
"POINT (13.194849150000039 52.545063943000059)","Unfall 142067 (2020) Kat:2, Licht: 0","142067","2","1","9","08","19","5","0","0","0","0","0","1"
"POINT (13.491337142000077 52.469124481000051)","Unfall 142068 (2020) Kat:3, Licht: 2","142068","3","2","5","08","21","4","1","2","0","1","0","0"
"POINT (13.511319078000042 52.504251120000049)","Unfall 142069 (2020) Kat:3, Licht: 0","142069","3","6","2","08","11","3","0","0","0","1","0","1"
"POINT (13.294450854000047 52.491567651000082)","Unfall 142070 (2020) Kat:3, Licht: 0","142070","3","2","5","08","17","2","0","0","0","1","0","1"
"POINT (13.488339018000033 52.451291244000060)","Unfall 142071 (2020) Kat:2, Licht: 0","142071","2","3","0","08","16","7","0","0","0","1","0","0"
"POINT (13.467038404000050 52.502700670000081)","Unfall 142072 (2020) Kat:3, Licht: 0","142072","3","1","0","08","12","6","0","0","0","0","0","1"
"POINT (13.420972260000042 52.503668731000062)","Unfall 142073 (2020) Kat:3, Licht: 0","142073","3","5","0","08","09","3","1","0","1","1","0","0"
"POINT (13.475429543000075 52.501972522000074)","Unfall 142074 (2020) Kat:3, Licht: 1","142074","3","2","5","08","20","3","1","1","1","1","0","0"
"POINT (13.348276289000069 52.567242548000081)","Unfall 142075 (2020) Kat:2, Licht: 0","142075","2","4","6","08","14","5","0","0","0","1","1","0"
"POINT (13.435517481000034 52.480897285000026)","Unfall 142076 (2020) Kat:3, Licht: 0","142076","3","7","6","08","09","4","1","0","0","0","1","0"
"POINT (13.305244140000070 52.493279281000071)","Unfall 142077 (2020) Kat:3, Licht: 0","142077","3","3","5","08","15","2","0","0","0","1","0","1"
"POINT (13.389147667000032 52.514992984000060)","Unfall 142078 (2020) Kat:3, Licht: 0","142078","3","6","3","08","17","4","0","0","1","0","0","0"
"POINT (13.485001599000043 52.533462304000068)","Unfall 142079 (2020) Kat:3, Licht: 0","142079","3","2","5","08","17","2","0","0","1","0","0","0"
"POINT (13.345893022000041 52.494581489000041)","Unfall 142080 (2020) Kat:3, Licht: 0","142080","3","6","2","08","13","3","0","0","1","0","0","0"
"POINT (13.479186090000042 52.436660104000055)","Unfall 142081 (2020) Kat:3, Licht: 0","142081","3","3","5","08","07","2","0","0","0","1","0","0"
"POINT (13.522587664000071 52.487089479000076)","Unfall 142082 (2020) Kat:3, Licht: 0","142082","3","3","5","08","18","6","0","0","1","1","0","0"
"POINT (13.264444588000060 52.433705236000037)","Unfall 142083 (2020) Kat:2, Licht: 0","142083","2","2","5","08","08","4","0","0","1","1","0","0"
"POINT (13.403173648000063 52.463429730000030)","Unfall 142084 (2020) Kat:3, Licht: 0","142084","3","3","5","08","09","3","1","0","0","1","0","0"
"POINT (13.454512222000062 52.423506820000057)","Unfall 142085 (2020) Kat:3, Licht: 0","142085","3","6","2","08","14","7","0","0","0","1","0","0"
"POINT (13.569386028000054 52.444753732000038)","Unfall 142086 (2020) Kat:3, Licht: 0","142086","3","3","5","08","19","5","0","0","1","1","0","0"
"POINT (13.360549911000021 52.537426492000066)","Unfall 142087 (2020) Kat:3, Licht: 0","142087","3","6","0","08","18","4","1","0","0","1","0","0"
"POINT (13.581508569000050 52.501491774000044)","Unfall 142088 (2020) Kat:3, Licht: 0","142088","3","3","5","08","17","3","0","0","0","1","0","1"
"POINT (13.322660495000036 52.488173249000056)","Unfall 142089 (2020) Kat:3, Licht: 0","142089","3","5","0","08","09","3","1","0","1","1","0","0"
"POINT (13.519647225000028 52.505881327000054)","Unfall 142090 (2020) Kat:3, Licht: 0","142090","3","7","5","08","10","5","0","0","0","1","0","0"
"POINT (13.308355720000066 52.516771782000035)","Unfall 142091 (2020) Kat:3, Licht: 0","142091","3","2","5","08","15","4","1","0","1","1","0","0"
"POINT (13.386124386000063 52.506331290000048)","Unfall 142092 (2020) Kat:3, Licht: 0","142092","3","1","8","08","13","2","0","0","0","1","0","0"
"POINT (13.466350242000033 52.433500023000079)","Unfall 142093 (2020) Kat:3, Licht: 0","142093","3","3","5","08","15","4","0","0","0","1","0","0"
"POINT (13.388031942000055 52.521665483000049)","Unfall 142094 (2020) Kat:2, Licht: 0","142094","2","2","5","08","05","5","0","0","0","0","0","1"
"POINT (13.420291885000040 52.394814505000056)","Unfall 142095 (2020) Kat:3, Licht: 0","142095","3","7","0","08","16","4","1","0","1","0","0","0"
"POINT (13.553524719000052 52.546056964000059)","Unfall 142096 (2020) Kat:3, Licht: 0","142096","3","5","0","08","07","2","0","0","1","1","0","0"
"POINT (13.312588305000077 52.468643046000068)","Unfall 142097 (2020) Kat:2, Licht: 0","142097","2","2","5","08","17","4","0","0","0","1","0","1"
"POINT (13.544269038000039 52.567988009000032)","Unfall 142098 (2020) Kat:3, Licht: 0","142098","3","6","4","08","17","2","0","0","0","1","0","0"
"POINT (13.483581886000024 52.431279373000052)","Unfall 142099 (2020) Kat:3, Licht: 0","142099","3","3","5","08","13","3","0","0","0","1","0","0"
"POINT (13.383305329000052 52.530647394000027)","Unfall 142100 (2020) Kat:2, Licht: 0","142100","2","1","0","08","16","1","0","0","0","0","0","1"
"POINT (13.434331315000065 52.504061912000054)","Unfall 142101 (2020) Kat:3, Licht: 0","142101","3","7","0","08","15","6","0","0","0","0","0","1"
"POINT (13.399029683000037 52.532642383000052)","Unfall 142102 (2020) Kat:3, Licht: 0","142102","3","3","5","08","14","4","1","0","1","0","0","0"
"POINT (13.474663859000032 52.438857633000055)","Unfall 142103 (2020) Kat:3, Licht: 0","142103","3","3","5","08","07","4","0","0","1","1","0","0"
"POINT (13.197693152000056 52.522989044000042)","Unfall 142104 (2020) Kat:3, Licht: 0","142104","3","2","5","08","08","7","1","0","0","1","0","1"
"POINT (13.345450947000074 52.525062468000044)","Unfall 142105 (2020) Kat:2, Licht: 0","142105","2","4","6","08","18","5","0","0","1","0","1","0"
"POINT (13.434075827000072 52.480235485000037)","Unfall 142106 (2020) Kat:3, Licht: 0","142106","3","7","0","08","17","4","1","0","0","0","1","0"
"POINT (13.401252404000047 52.510959293000042)","Unfall 142107 (2020) Kat:2, Licht: 0","142107","2","1","8","08","06","3","0","0","0","1","0","0"
"POINT (13.398030138000024 52.512890580000033)","Unfall 142108 (2020) Kat:3, Licht: 0","142108","3","2","5","08","16","2","0","0","0","1","0","1"
"POINT (13.371936206000044 52.492457639000065)","Unfall 142109 (2020) Kat:3, Licht: 0","142109","3","5","0","08","09","5","0","0","0","0","0","1"
"POINT (13.384730846000025 52.555994178000049)","Unfall 142110 (2020) Kat:3, Licht: 0","142110","3","6","2","08","16","2","0","0","0","1","0","1"
"POINT (13.297938830000021 52.578185349000080)","Unfall 142111 (2020) Kat:3, Licht: 0","142111","3","2","0","08","11","2","0","0","0","0","0","0"
"POINT (13.401187354000058 52.510418606000030)","Unfall 142112 (2020) Kat:3, Licht: 0","142112","3","2","0","08","15","4","0","0","1","1","0","0"
"POINT (13.447942272000034 52.517509945000029)","Unfall 142113 (2020) Kat:3, Licht: 0","142113","3","1","0","08","16","2","0","0","0","1","0","1"
"POINT (13.522972888000027 52.476669475000051)","Unfall 142114 (2020) Kat:3, Licht: 0","142114","3","3","5","08","12","1","0","0","1","0","0","0"
"POINT (13.519290279000074 52.527129826000078)","Unfall 142115 (2020) Kat:3, Licht: 0","142115","3","6","4","08","07","6","0","0","1","0","0","0"
"POINT (13.264282785000034 52.420713377000027)","Unfall 142116 (2020) Kat:2, Licht: 0","142116","2","6","3","08","16","4","1","0","1","0","0","0"
"POINT (13.441318635000073 52.466503898000042)","Unfall 142117 (2020) Kat:3, Licht: 1","142117","3","5","1","08","20","3","1","1","0","1","0","1"
"POINT (13.181160298000066 52.481293955000069)","Unfall 142118 (2020) Kat:3, Licht: 0","142118","3","6","2","08","14","3","0","0","0","1","0","1"
"POINT (13.432881868000038 52.517822476000049)","Unfall 142119 (2020) Kat:3, Licht: 0","142119","3","2","5","08","08","3","0","0","1","1","0","0"
"POINT (13.442360603000054 52.590900029000068)","Unfall 142120 (2020) Kat:3, Licht: 0","142120","3","2","0","08","08","6","0","0","1","1","0","0"
"POINT (13.409666817000073 52.538505526000051)","Unfall 142121 (2020) Kat:3, Licht: 0","142121","3","2","5","08","16","5","0","0","1","1","0","0"
"POINT (13.256922591000034 52.507445036000036)","Unfall 142122 (2020) Kat:3, Licht: 0","142122","3","5","1","08","15","2","0","0","0","1","0","1"
"POINT (13.395808201000023 52.565943317000063)","Unfall 142123 (2020) Kat:3, Licht: 0","142123","3","2","2","08","11","1","0","0","0","1","0","0"
"POINT (13.432935617000055 52.460649295000053)","Unfall 142124 (2020) Kat:3, Licht: 0","142124","3","4","6","08","09","6","0","0","0","1","1","0"
"POINT (13.449970237000059 52.507521745000076)","Unfall 142125 (2020) Kat:3, Licht: 0","142125","3","4","6","08","13","4","1","0","1","0","1","0"
"POINT (13.341395155000043 52.505138664000071)","Unfall 142126 (2020) Kat:3, Licht: 0","142126","3","7","6","08","16","3","1","0","1","0","1","0"
"POINT (13.711052384000027 52.432816583000033)","Unfall 142127 (2020) Kat:3, Licht: 0","142127","3","3","5","08","15","3","0","0","1","1","0","0"
"POINT (13.319657083000038 52.412537897000050)","Unfall 142128 (2020) Kat:3, Licht: 0","142128","3","5","1","08","20","7","1","0","1","1","0","0"
"POINT (13.433468357000038 52.444064059000027)","Unfall 142129 (2020) Kat:3, Licht: 0","142129","3","7","0","08","14","5","1","0","0","0","0","1"
"POINT (13.309934470000030 52.506438640000056)","Unfall 142130 (2020) Kat:3, Licht: 0","142130","3","6","2","08","13","4","1","0","0","1","0","0"
"POINT (13.421465589000036 52.465247378000072)","Unfall 142131 (2020) Kat:3, Licht: 0","142131","3","2","5","08","09","3","0","0","1","1","0","0"
"POINT (13.472969540000065 52.437490928000045)","Unfall 142132 (2020) Kat:3, Licht: 0","142132","3","6","2","08","13","5","0","0","0","1","0","0"
"POINT (13.684026393000067 52.443443719000072)","Unfall 142133 (2020) Kat:3, Licht: 0","142133","3","3","0","08","15","2","0","0","0","1","0","1"
"POINT (13.302968363000048 52.505534842000031)","Unfall 142134 (2020) Kat:3, Licht: 2","142134","3","2","5","08","20","2","0","2","1","1","0","0"
"POINT (13.350408890000040 52.497518635000063)","Unfall 142135 (2020) Kat:3, Licht: 0","142135","3","4","0","08","14","4","0","0","0","0","1","0"
"POINT (13.526678085000071 52.424587748000079)","Unfall 142136 (2020) Kat:3, Licht: 0","142136","3","3","5","08","15","2","0","0","1","1","0","0"
"POINT (13.503965081000047 52.574112778000028)","Unfall 142137 (2020) Kat:2, Licht: 0","142137","2","4","6","08","13","1","0","0","0","1","1","0"
"POINT (13.455813362000072 52.473789082000053)","Unfall 142138 (2020) Kat:3, Licht: 0","142138","3","2","5","08","12","6","0","0","1","1","0","0"
"POINT (13.401837076000049 52.530456148000042)","Unfall 142139 (2020) Kat:3, Licht: 0","142139","3","1","1","08","17","3","0","0","1","1","0","0"
"POINT (13.154725706000022 52.521763196000052)","Unfall 142140 (2020) Kat:3, Licht: 0","142140","3","6","0","08","19","3","1","0","0","0","0","0"
"POINT (13.457908027000030 52.486143408000032)","Unfall 142141 (2020) Kat:3, Licht: 2","142141","3","3","0","08","20","3","1","2","1","1","0","0"
"POINT (13.344807804000027 52.451685320000081)","Unfall 142142 (2020) Kat:3, Licht: 0","142142","3","6","6","08","15","5","0","0","0","1","1","0"
"POINT (13.442361985000048 52.465869807000047)","Unfall 142143 (2020) Kat:3, Licht: 0","142143","3","3","5","08","10","4","1","0","1","1","0","0"
"POINT (13.389955924000049 52.509443928000053)","Unfall 142144 (2020) Kat:3, Licht: 0","142144","3","3","5","08","15","2","0","0","0","0","0","1"
"POINT (13.449046326000030 52.513038612000059)","Unfall 142145 (2020) Kat:3, Licht: 0","142145","3","6","2","08","19","4","0","0","1","1","0","0"
"POINT (13.407952530000045 52.482290662000082)","Unfall 142146 (2020) Kat:3, Licht: 0","142146","3","7","5","08","15","2","0","0","0","1","0","0"
"POINT (13.369449134000035 52.458385283000041)","Unfall 142147 (2020) Kat:3, Licht: 0","142147","3","1","8","08","11","4","1","0","0","1","0","0"
"POINT (13.619876309000063 52.516999098000042)","Unfall 142148 (2020) Kat:3, Licht: 0","142148","3","3","5","08","07","3","0","0","0","1","0","0"
"POINT (13.205320442000072 52.539551287000052)","Unfall 142149 (2020) Kat:1, Licht: 0","142149","1","4","6","08","08","5","0","0","0","1","1","0"
"POINT (13.391461945000060 52.512213193000036)","Unfall 142150 (2020) Kat:3, Licht: 0","142150","3","3","5","08","14","2","0","0","0","1","0","1"
"POINT (13.465444402000060 52.528735584000060)","Unfall 142151 (2020) Kat:3, Licht: 0","142151","3","5","1","08","08","2","0","0","1","1","0","0"
"POINT (13.267671091000068 52.512283409000077)","Unfall 142152 (2020) Kat:3, Licht: 0","142152","3","7","5","08","13","4","0","0","0","1","0","0"
"POINT (13.419722010000044 52.440706640000030)","Unfall 142153 (2020) Kat:3, Licht: 0","142153","3","3","5","08","14","2","0","0","0","1","0","0"
"POINT (13.421216232000063 52.509852442000067)","Unfall 142154 (2020) Kat:3, Licht: 0","142154","3","2","5","08","19","7","0","0","1","1","0","0"
"POINT (13.402104615000042 52.528701198000078)","Unfall 142155 (2020) Kat:3, Licht: 0","142155","3","4","6","08","10","6","0","0","1","0","1","0"
"POINT (13.466619438000066 52.501253792000057)","Unfall 142156 (2020) Kat:3, Licht: 0","142156","3","2","5","08","10","3","1","0","0","1","0","1"
"POINT (13.321672746000047 52.613937526000029)","Unfall 142157 (2020) Kat:2, Licht: 0","142157","2","7","6","08","12","3","0","0","1","0","1","0"
"POINT (13.408640593000030 52.537533841000027)","Unfall 142158 (2020) Kat:3, Licht: 0","142158","3","5","1","08","08","3","0","0","1","1","0","0"
"POINT (13.558897375000072 52.547848931000033)","Unfall 142159 (2020) Kat:2, Licht: 2","142159","2","6","0","08","00","5","0","2","0","1","0","0"
"POINT (13.139626467000028 52.524973006000039)","Unfall 142160 (2020) Kat:3, Licht: 0","142160","3","3","5","08","08","4","0","0","0","1","0","0"
"POINT (13.427653987000042 52.567939808000062)","Unfall 142161 (2020) Kat:3, Licht: 0","142161","3","2","5","08","14","2","0","0","0","1","0","0"
"POINT (13.519932310000058 52.494790504000036)","Unfall 142162 (2020) Kat:3, Licht: 0","142162","3","5","1","08","18","4","0","0","1","1","0","0"
"POINT (13.161773767000057 52.420512009000049)","Unfall 142163 (2020) Kat:3, Licht: 0","142163","3","7","6","08","08","2","0","0","1","0","1","0"
"POINT (13.273612753000066 52.508737464000035)","Unfall 142164 (2020) Kat:3, Licht: 0","142164","3","6","2","08","13","3","0","0","0","1","0","0"
"POINT (13.332980486000054 52.480372528000032)","Unfall 142165 (2020) Kat:3, Licht: 0","142165","3","4","6","08","13","1","0","0","0","1","1","0"
"POINT (13.378324262000035 52.451804645000038)","Unfall 142166 (2020) Kat:2, Licht: 0","142166","2","3","5","08","13","6","0","0","1","1","0","0"
"POINT (13.330996593000066 52.493621773000029)","Unfall 142167 (2020) Kat:3, Licht: 0","142167","3","6","2","08","08","4","0","0","0","1","0","0"
"POINT (13.466992565000055 52.509313125000062)","Unfall 142168 (2020) Kat:3, Licht: 0","142168","3","5","1","08","13","7","1","0","1","1","0","0"
"POINT (13.391141271000038 52.536212624000029)","Unfall 142169 (2020) Kat:2, Licht: 0","142169","2","2","5","08","19","5","0","0","1","0","0","0"
"POINT (13.296033698000031 52.496603546000074)","Unfall 142170 (2020) Kat:3, Licht: 0","142170","3","5","1","08","13","3","0","0","1","1","0","0"
"POINT (13.209780219000038 52.547897537000040)","Unfall 142171 (2020) Kat:3, Licht: 0","142171","3","2","5","08","16","2","1","0","0","0","0","1"
"POINT (13.197767678000048 52.535039609000080)","Unfall 142172 (2020) Kat:3, Licht: 0","142172","3","3","0","08","19","6","0","0","1","1","0","0"
"POINT (13.365748739000026 52.557134451000081)","Unfall 142173 (2020) Kat:3, Licht: 0","142173","3","2","5","08","09","4","0","0","1","1","0","0"
"POINT (13.424177661000044 52.486632835000080)","Unfall 142174 (2020) Kat:3, Licht: 0","142174","3","1","0","08","16","7","0","0","1","0","0","0"
"POINT (13.442115950000073 52.480627495000078)","Unfall 142175 (2020) Kat:3, Licht: 0","142175","3","5","1","08","13","5","0","0","0","1","0","0"
"POINT (13.432880934000025 52.517819314000064)","Unfall 142176 (2020) Kat:3, Licht: 0","142176","3","2","5","08","18","4","1","0","1","1","0","0"
"POINT (13.330848823000053 52.503636418000042)","Unfall 142177 (2020) Kat:3, Licht: 0","142177","3","6","2","08","17","3","0","0","0","1","0","1"
"POINT (13.230109411000058 52.528114246000030)","Unfall 142178 (2020) Kat:2, Licht: 0","142178","2","6","3","08","12","5","0","0","0","1","0","0"
"POINT (13.500887587000022 52.435410923000063)","Unfall 142179 (2020) Kat:3, Licht: 0","142179","3","6","2","08","16","4","1","0","0","1","0","0"
"POINT (13.442100725000046 52.512584364000077)","Unfall 142180 (2020) Kat:2, Licht: 0","142180","2","7","5","08","13","2","0","0","1","1","0","0"
"POINT (13.468117463000056 52.427838762000079)","Unfall 142181 (2020) Kat:3, Licht: 0","142181","3","3","5","08","16","4","0","0","1","0","0","1"
"POINT (13.358584854000071 52.554158504000043)","Unfall 142182 (2020) Kat:3, Licht: 0","142182","3","2","5","08","11","2","0","0","1","0","0","0"
"POINT (13.436424558000056 52.424984077000033)","Unfall 142183 (2020) Kat:2, Licht: 0","142183","2","5","1","08","12","3","1","0","1","1","0","0"
"POINT (13.328856823000024 52.565063676000079)","Unfall 142184 (2020) Kat:3, Licht: 0","142184","3","4","6","08","16","1","0","0","0","1","1","0"
"POINT (13.457059954000044 52.560925791000045)","Unfall 142185 (2020) Kat:3, Licht: 0","142185","3","2","5","08","14","6","0","0","1","1","0","0"
"POINT (13.485962987000050 52.520768509000050)","Unfall 142186 (2020) Kat:3, Licht: 0","142186","3","2","5","08","13","4","1","0","1","1","0","0"
"POINT (13.310436662000029 52.567955859000051)","Unfall 142187 (2020) Kat:3, Licht: 0","142187","3","2","5","08","13","3","0","0","1","1","0","0"
"POINT (13.291572973000029 52.510810857000081)","Unfall 142188 (2020) Kat:3, Licht: 2","142188","3","1","0","08","01","7","0","2","0","0","0","0"
"POINT (13.358781018000059 52.490454422000028)","Unfall 142189 (2020) Kat:3, Licht: 0","142189","3","6","2","08","17","5","0","0","1","1","0","0"
"POINT (13.527163000000030 52.437783233000062)","Unfall 142190 (2020) Kat:3, Licht: 0","142190","3","3","5","08","11","4","1","0","0","1","0","0"
"POINT (13.407646652000039 52.573907016000078)","Unfall 142191 (2020) Kat:3, Licht: 0","142191","3","3","5","08","07","3","0","0","1","1","0","0"
"POINT (13.374178350000022 52.500606228000038)","Unfall 142192 (2020) Kat:3, Licht: 0","142192","3","3","5","08","08","5","0","0","1","0","0","0"
"POINT (13.423342833000049 52.488520430000051)","Unfall 142193 (2020) Kat:3, Licht: 0","142193","3","6","3","08","08","2","0","0","0","0","0","0"
"POINT (13.437721549000059 52.421772564000037)","Unfall 142194 (2020) Kat:3, Licht: 2","142194","3","3","5","08","22","2","0","2","0","1","0","1"
"POINT (13.446716394000077 52.502617771000075)","Unfall 142195 (2020) Kat:3, Licht: 0","142195","3","2","5","08","17","4","1","0","1","1","0","0"
"POINT (13.597602765000033 52.483371425000030)","Unfall 142196 (2020) Kat:3, Licht: 0","142196","3","3","5","08","17","3","0","0","0","1","0","0"
"POINT (13.416047403000050 52.407555570000056)","Unfall 142197 (2020) Kat:3, Licht: 0","142197","3","2","2","08","07","2","0","0","0","1","0","0"
"POINT (13.314001433000044 52.507012788000054)","Unfall 142198 (2020) Kat:3, Licht: 0","142198","3","2","5","08","10","5","0","0","0","1","0","0"
"POINT (13.473553952000032 52.536191972000040)","Unfall 142199 (2020) Kat:3, Licht: 0","142199","3","2","2","08","07","2","0","0","0","1","0","0"
"POINT (13.372221492000051 52.542084881000051)","Unfall 142200 (2020) Kat:3, Licht: 0","142200","3","5","1","08","14","4","1","0","0","1","0","1"
"POINT (13.432124425000040 52.466100153000070)","Unfall 142201 (2020) Kat:3, Licht: 0","142201","3","4","6","08","12","2","0","0","0","1","1","0"
"POINT (13.204825136000068 52.530048595000039)","Unfall 142202 (2020) Kat:3, Licht: 0","142202","3","7","0","08","15","4","0","0","0","0","0","0"
"POINT (13.468060668000021 52.553903738000031)","Unfall 142203 (2020) Kat:3, Licht: 1","142203","3","6","2","08","05","2","0","1","0","1","0","0"
"POINT (13.321569772000032 52.605495847000043)","Unfall 142204 (2020) Kat:3, Licht: 0","142204","3","1","1","08","06","1","0","0","0","1","0","0"
"POINT (13.426888793000046 52.507918541000038)","Unfall 142205 (2020) Kat:3, Licht: 0","142205","3","5","5","08","08","6","0","0","0","1","0","1"
"POINT (13.184179582000070 52.423996372000033)","Unfall 142206 (2020) Kat:3, Licht: 0","142206","3","5","1","08","07","4","0","0","1","1","0","0"
"POINT (13.362153257000045 52.497672947000069)","Unfall 142207 (2020) Kat:2, Licht: 1","142207","2","4","6","08","21","3","1","1","0","1","1","0"
"POINT (13.360450469000057 52.548485806000031)","Unfall 142208 (2020) Kat:3, Licht: 0","142208","3","3","5","08","15","3","0","0","0","1","0","0"
"POINT (13.458265173000029 52.485778279000044)","Unfall 142209 (2020) Kat:3, Licht: 0","142209","3","1","0","08","19","7","1","0","1","1","0","0"
"POINT (13.309682269000064 52.431455482000047)","Unfall 142210 (2020) Kat:2, Licht: 0","142210","2","2","5","08","20","5","0","0","1","1","0","0"
"POINT (13.367153204000033 52.597261643000081)","Unfall 142211 (2020) Kat:3, Licht: 0","142211","3","3","5","08","12","4","1","0","0","1","0","0"
"POINT (13.296212458000070 52.483725529000026)","Unfall 142212 (2020) Kat:3, Licht: 0","142212","3","4","6","08","07","3","0","0","0","1","1","0"
"POINT (13.281747253000049 52.432035877000033)","Unfall 142213 (2020) Kat:3, Licht: 0","142213","3","5","1","08","13","5","0","0","0","1","0","0"
"POINT (13.354271244000074 52.483430335000037)","Unfall 142214 (2020) Kat:3, Licht: 2","142214","3","3","5","08","00","2","0","2","0","1","0","0"
"POINT (13.355943079000042 52.498955431000070)","Unfall 142215 (2020) Kat:3, Licht: 0","142215","3","1","0","08","19","2","0","0","1","1","0","0"
"POINT (13.451086944000053 52.508541731000037)","Unfall 142216 (2020) Kat:3, Licht: 0","142216","3","1","0","08","12","4","0","0","1","0","0","0"
"POINT (13.469079375000035 52.531178684000054)","Unfall 142217 (2020) Kat:3, Licht: 0","142217","3","6","3","08","13","2","0","0","0","1","0","1"
"POINT (13.392917325000042 52.439957126000081)","Unfall 142218 (2020) Kat:2, Licht: 0","142218","2","6","3","08","10","7","1","0","0","0","0","0"
"POINT (13.372125259000029 52.548644497000055)","Unfall 142219 (2020) Kat:3, Licht: 0","142219","3","3","5","08","11","6","0","0","1","1","0","0"
"POINT (13.389617880000060 52.489706391000027)","Unfall 142220 (2020) Kat:3, Licht: 0","142220","3","4","6","08","13","3","0","0","1","0","1","0"
"POINT (13.248955739000053 52.551602857000034)","Unfall 142221 (2020) Kat:3, Licht: 0","142221","3","6","2","08","15","4","0","0","0","1","0","1"
"POINT (13.532339757000045 52.523354617000052)","Unfall 142222 (2020) Kat:3, Licht: 0","142222","3","3","5","08","12","2","0","0","0","1","0","1"
"POINT (13.428084725000076 52.499354077000078)","Unfall 142223 (2020) Kat:3, Licht: 0","142223","3","7","6","08","15","1","0","0","1","0","1","0"
"POINT (13.350877498000045 52.539336324000033)","Unfall 142224 (2020) Kat:3, Licht: 0","142224","3","3","2","08","06","6","0","0","1","0","0","0"
"POINT (13.402969349000045 52.524396103000072)","Unfall 142225 (2020) Kat:3, Licht: 0","142225","3","1","0","08","12","3","0","0","1","0","0","0"
"POINT (13.275305111000023 52.571065640000029)","Unfall 142226 (2020) Kat:3, Licht: 1","142226","3","5","1","08","20","3","1","1","0","1","0","0"
"POINT (13.391002168000057 52.412338118000037)","Unfall 142227 (2020) Kat:3, Licht: 0","142227","3","6","2","08","13","3","0","0","0","1","0","0"
"POINT (13.351159256000074 52.603894491000062)","Unfall 142228 (2020) Kat:3, Licht: 2","142228","3","5","1","08","20","6","0","2","0","1","0","0"
"POINT (13.317232950000061 52.577099149000048)","Unfall 142229 (2020) Kat:3, Licht: 0","142229","3","7","6","08","16","5","0","0","0","1","1","0"
"POINT (13.423657739000078 52.513548623000077)","Unfall 142230 (2020) Kat:3, Licht: 0","142230","3","6","2","08","10","4","1","0","0","1","0","0"
"POINT (13.375092424000059 52.507205491000036)","Unfall 142231 (2020) Kat:3, Licht: 0","142231","3","5","1","08","09","2","0","0","1","1","0","0"
"POINT (13.322354450000034 52.456536885000048)","Unfall 142232 (2020) Kat:2, Licht: 0","142232","2","3","5","08","20","4","0","0","1","1","0","0"
"POINT (13.321737189000032 52.486417603000064)","Unfall 142233 (2020) Kat:3, Licht: 0","142233","3","4","0","08","12","2","0","0","0","1","1","0"
"POINT (13.502618968000036 52.481011459000058)","Unfall 142234 (2020) Kat:3, Licht: 0","142234","3","6","2","08","18","2","0","0","0","1","0","0"