WKT,Name,OBJECTID,UKATEGORIE,UTYP1,UART,UMONAT,USTUNDE,UWOCHENTAG,STRZUSTAND,ULICHTVERH,ISTRAD,ISTPKW,ISTFUSS,ISTKRAD
"POINT (13.200760477000074 52.538589018000039)","Unfall 142235 (2020) Kat:3, Licht: 0","142235","3","2","5","08","09","4","0","0","0","1","0","0"
"POINT (13.509575557000062 52.496263293000027)","Unfall 142236 (2020) Kat:3, Licht: 0","142236","3","2","5","08","11","2","0","0","1","1","0","0"
"POINT (13.485003004000077 52.533452615000044)","Unfall 142237 (2020) Kat:3, Licht: 0","142237","3","2","5","08","18","7","1","0","1","1","0","0"
"POINT (13.558372451000025 52.434710493000068)","Unfall 142238 (2020) Kat:3, Licht: 0","142238","3","6","2","08","10","6","0","0","0","1","0","0"
"POINT (13.398654270000065 52.523400483000046)","Unfall 142239 (2020) Kat:3, Licht: 0","142239","3","6","3","08","18","3","0","0","1","0","0","1"
"POINT (13.295075465000025 52.637210919000040)","Unfall 142240 (2020) Kat:3, Licht: 0","142240","3","3","5","08","08","5","0","0","1","1","0","0"
"POINT (13.333913027000051 52.582492837000075)","Unfall 142241 (2020) Kat:3, Licht: 0","142241","3","3","5","08","07","4","1","0","1","1","0","0"
"POINT (13.438710271000048 52.512520770000037)","Unfall 142242 (2020) Kat:3, Licht: 0","142242","3","2","5","08","17","2","1","0","1","1","0","0"
"POINT (13.301208885000051 52.599534309000035)","Unfall 142243 (2020) Kat:3, Licht: 1","142243","3","1","0","08","20","3","1","1","1","0","0","0"
"POINT (13.410498093000058 52.550983751000047)","Unfall 142244 (2020) Kat:3, Licht: 0","142244","3","2","5","08","15","5","0","0","1","1","0","0"
"POINT (13.331328484000039 52.486106281000048)","Unfall 142245 (2020) Kat:3, Licht: 0","142245","3","2","5","08","09","4","1","0","1","1","0","0"
"POINT (13.332094779000045 52.506225731000029)","Unfall 142246 (2020) Kat:3, Licht: 0","142246","3","7","6","08","15","2","0","0","0","1","1","0"
"POINT (13.395691881000062 52.498358955000072)","Unfall 142247 (2020) Kat:3, Licht: 0","142247","3","6","3","08","18","4","0","0","0","1","0","1"
"POINT (13.391578424000045 52.555429620000041)","Unfall 142248 (2020) Kat:2, Licht: 0","142248","2","2","5","08","11","2","0","0","1","1","0","0"
"POINT (13.415971045000049 52.527092775000028)","Unfall 142249 (2020) Kat:2, Licht: 0","142249","2","2","5","08","12","3","0","0","1","0","0","0"
"POINT (13.484470327000054 52.502244459000053)","Unfall 142250 (2020) Kat:3, Licht: 0","142250","3","7","0","08","09","2","0","0","0","0","0","1"
"POINT (13.324301979000040 52.497455856000045)","Unfall 142251 (2020) Kat:2, Licht: 0","142251","2","5","5","08","19","6","0","0","1","1","0","0"
"POINT (13.259878128000025 52.516720333000080)","Unfall 142252 (2020) Kat:3, Licht: 0","142252","3","6","2","08","10","4","0","0","0","1","0","0"
"POINT (13.288304147000076 52.506563573000051)","Unfall 142253 (2020) Kat:3, Licht: 0","142253","3","6","2","08","08","3","1","0","0","1","0","0"
"POINT (13.496911844000067 52.531907168000032)","Unfall 142254 (2020) Kat:3, Licht: 0","142254","3","5","1","08","14","7","0","0","0","1","0","0"
"POINT (13.481185423000056 52.538670787000058)","Unfall 142255 (2020) Kat:2, Licht: 0","142255","2","3","5","08","15","5","0","0","1","1","0","0"
"POINT (13.366983862000041 52.481687519000047)","Unfall 142256 (2020) Kat:3, Licht: 0","142256","3","6","0","08","18","4","1","0","0","1","0","1"
"POINT (13.475390776000040 52.501397010000062)","Unfall 142257 (2020) Kat:3, Licht: 0","142257","3","3","5","08","17","3","0","0","1","1","0","0"
"POINT (13.328466808000030 52.470221470000070)","Unfall 142258 (2020) Kat:3, Licht: 0","142258","3","2","5","08","07","3","1","0","1","1","0","0"
"POINT (13.435425780000060 52.416809448000038)","Unfall 142259 (2020) Kat:3, Licht: 0","142259","3","5","1","08","11","5","0","0","1","1","0","0"
"POINT (13.431220640000049 52.499179210000079)","Unfall 142260 (2020) Kat:3, Licht: 0","142260","3","3","5","08","15","4","1","0","1","0","0","0"
"POINT (13.437379302000068 52.448452251000049)","Unfall 142261 (2020) Kat:3, Licht: 0","142261","3","3","5","08","13","2","0","0","0","1","0","1"
"POINT (13.431748543000026 52.603596424000045)","Unfall 142262 (2020) Kat:3, Licht: 0","142262","3","2","5","08","16","4","0","0","0","1","0","1"
"POINT (13.479633360000037 52.643667576000041)","Unfall 142263 (2020) Kat:3, Licht: 0","142263","3","2","2","08","11","2","0","0","0","1","0","0"
"POINT (13.318237575000069 52.518572829000050)","Unfall 142264 (2020) Kat:3, Licht: 0","142264","3","6","2","08","11","1","0","0","0","1","0","0"
"POINT (13.418491028000062 52.493928508000067)","Unfall 142265 (2020) Kat:3, Licht: 0","142265","3","7","9","08","12","6","0","0","0","0","0","1"
"POINT (13.334839164000073 52.498988382000050)","Unfall 142266 (2020) Kat:3, Licht: 0","142266","3","4","6","08","13","4","1","0","1","0","1","0"
"POINT (13.349020780000046 52.514741763000075)","Unfall 142267 (2020) Kat:3, Licht: 2","142267","3","1","0","08","22","3","1","2","0","0","0","1"
"POINT (13.410291788000052 52.503785071000038)","Unfall 142268 (2020) Kat:3, Licht: 0","142268","3","3","5","08","16","3","0","0","1","1","0","0"
"POINT (13.380892141000061 52.516261328000041)","Unfall 142269 (2020) Kat:3, Licht: 2","142269","3","6","2","09","01","1","0","2","1","0","0","0"
"POINT (13.352138976000049 52.573749784000029)","Unfall 142270 (2020) Kat:3, Licht: 0","142270","3","1","0","09","18","4","1","0","0","0","0","1"
"POINT (13.416969888000040 52.418349131000070)","Unfall 142271 (2020) Kat:3, Licht: 0","142271","3","6","3","09","07","3","0","0","0","1","0","0"
"POINT (13.258368332000032 52.435706089000064)","Unfall 142272 (2020) Kat:3, Licht: 0","142272","3","3","5","09","17","3","0","0","0","1","0","1"
"POINT (13.236188243000072 52.550179086000071)","Unfall 142273 (2020) Kat:3, Licht: 0","142273","3","1","0","08","16","2","1","0","0","0","0","1"
"POINT (13.425850463000074 52.594875735000073)","Unfall 142274 (2020) Kat:3, Licht: 0","142274","3","2","2","08","16","2","1","0","0","1","0","1"
"POINT (13.562157616000036 52.445250735000059)","Unfall 142275 (2020) Kat:3, Licht: 0","142275","3","3","5","09","13","7","0","0","0","1","0","0"
"POINT (13.424805998000068 52.547064983000041)","Unfall 142276 (2020) Kat:3, Licht: 0","142276","3","4","6","08","15","2","0","0","0","1","1","0"
"POINT (13.456277741000065 52.473753075000047)","Unfall 142277 (2020) Kat:3, Licht: 0","142277","3","6","2","09","15","6","0","0","0","1","0","0"
"POINT (13.437185139000064 52.439529521000054)","Unfall 142278 (2020) Kat:3, Licht: 0","142278","3","4","6","08","08","2","0","0","0","1","1","0"
"POINT (13.519756755000060 52.525726442000064)","Unfall 142279 (2020) Kat:3, Licht: 2","142279","3","1","0","09","05","3","1","2","1","0","0","0"
"POINT (13.362222378000070 52.497925837000082)","Unfall 142280 (2020) Kat:3, Licht: 0","142280","3","3","0","09","17","1","0","0","0","1","0","1"
"POINT (13.133159115000069 52.526345417000073)","Unfall 142281 (2020) Kat:3, Licht: 0","142281","3","2","5","09","15","5","0","0","0","1","0","0"
"POINT (13.445634149000057 52.501742877000027)","Unfall 142282 (2020) Kat:3, Licht: 2","142282","3","6","4","09","05","3","0","2","0","1","0","0"
"POINT (13.523922069000037 52.429238379000026)","Unfall 142283 (2020) Kat:3, Licht: 0","142283","3","3","5","08","08","2","1","0","0","1","0","0"
"POINT (13.406772555000032 52.393768196000053)","Unfall 142284 (2020) Kat:3, Licht: 2","142284","3","2","5","09","20","7","0","2","0","1","0","0"
"POINT (13.466797486000075 52.528505465000080)","Unfall 142285 (2020) Kat:3, Licht: 2","142285","3","3","5","09","22","4","1","2","1","1","0","0"
"POINT (13.328360247000035 52.534151410000050)","Unfall 142286 (2020) Kat:3, Licht: 0","142286","3","6","3","09","13","3","0","0","0","1","0","0"
"POINT (13.395340078000061 52.496825486000034)","Unfall 142287 (2020) Kat:3, Licht: 0","142287","3","2","5","08","07","2","0","0","0","1","0","1"
"POINT (13.297962852000069 52.579906440000059)","Unfall 142288 (2020) Kat:3, Licht: 0","142288","3","2","0","08","07","2","1","0","0","1","0","1"
"POINT (13.475757821000059 52.532856205000030)","Unfall 142289 (2020) Kat:3, Licht: 0","142289","3","6","2","09","13","6","0","0","0","1","0","0"
"POINT (13.405568495000068 52.493468492000034)","Unfall 142290 (2020) Kat:3, Licht: 0","142290","3","3","5","08","07","2","0","0","1","1","0","0"
"POINT (13.345681654000032 52.516478390000032)","Unfall 142291 (2020) Kat:3, Licht: 0","142291","3","1","0","08","07","2","1","0","1","0","0","0"
"POINT (13.287013663000039 52.518827368000075)","Unfall 142292 (2020) Kat:3, Licht: 0","142292","3","1","0","09","15","2","0","0","0","0","0","1"
"POINT (13.428093687000057 52.517660317000036)","Unfall 142293 (2020) Kat:3, Licht: 0","142293","3","3","5","09","19","5","0","0","1","1","0","0"
"POINT (13.402395318000060 52.414896851000037)","Unfall 142294 (2020) Kat:3, Licht: 0","142294","3","6","0","08","07","2","1","0","0","1","0","1"
"POINT (13.463083991000076 52.469543807000036)","Unfall 142295 (2020) Kat:3, Licht: 0","142295","3","3","5","08","06","2","1","0","0","1","0","1"
"POINT (13.358591347000072 52.434178300000042)","Unfall 142296 (2020) Kat:2, Licht: 0","142296","2","3","5","09","16","2","0","0","0","1","0","0"
"POINT (13.466431614000044 52.558009860000027)","Unfall 142297 (2020) Kat:3, Licht: 2","142297","3","7","5","09","22","5","1","2","1","1","0","0"
"POINT (13.431666763000067 52.554462700000045)","Unfall 142298 (2020) Kat:2, Licht: 2","142298","2","3","5","08","04","2","1","2","0","1","0","1"
"POINT (13.315415468000026 52.577927981000073)","Unfall 142299 (2020) Kat:3, Licht: 0","142299","3","2","5","09","16","1","0","0","0","1","0","0"
"POINT (13.562632314000041 52.456370119000042)","Unfall 142300 (2020) Kat:3, Licht: 0","142300","3","2","5","09","13","5","0","0","1","1","0","0"
"POINT (13.292713517000038 52.506703081000069)","Unfall 142301 (2020) Kat:3, Licht: 0","142301","3","2","5","09","13","3","0","0","1","1","0","0"
"POINT (13.143306363000022 52.524191348000045)","Unfall 142302 (2020) Kat:2, Licht: 0","142302","2","6","2","08","10","2","0","0","0","1","0","0"
"POINT (13.465423378000025 52.551916622000078)","Unfall 142303 (2020) Kat:3, Licht: 2","142303","3","2","5","09","21","7","0","2","0","1","0","0"
"POINT (13.270550710000066 52.575871316000075)","Unfall 142304 (2020) Kat:3, Licht: 0","142304","3","6","2","09","14","4","1","0","0","1","0","0"
"POINT (13.322539223000035 52.511795059000065)","Unfall 142305 (2020) Kat:3, Licht: 2","142305","3","6","2","09","00","3","0","2","0","1","0","0"
"POINT (13.487543378000055 52.618193307000070)","Unfall 142306 (2020) Kat:3, Licht: 0","142306","3","2","6","08","10","2","0","0","0","0","1","0"
"POINT (13.513731923000023 52.535112770000069)","Unfall 142307 (2020) Kat:3, Licht: 0","142307","3","6","3","08","09","2","0","0","0","1","0","0"
"POINT (13.455028562000052 52.521191179000027)","Unfall 142308 (2020) Kat:3, Licht: 0","142308","3","2","5","09","11","6","1","0","1","1","0","0"
"POINT (13.301982707000036 52.420145284000057)","Unfall 142309 (2020) Kat:3, Licht: 0","142309","3","3","5","08","09","2","0","0","0","1","0","1"
"POINT (13.367930356000045 52.526132974000063)","Unfall 142310 (2020) Kat:3, Licht: 0","142310","3","3","0","09","13","2","0","0","0","1","0","0"
"POINT (13.402978307000069 52.596819602000039)","Unfall 142311 (2020) Kat:3, Licht: 0","142311","3","6","2","09","18","5","0","0","0","1","0","1"
"POINT (13.426390885000046 52.499268198000038)","Unfall 142312 (2020) Kat:2, Licht: 0","142312","2","2","5","08","09","2","0","0","1","1","0","0"
"POINT (13.298781474000066 52.473245502000054)","Unfall 142313 (2020) Kat:3, Licht: 0","142313","3","2","5","09","12","1","0","0","1","1","0","0"
"POINT (13.411024859000065 52.530622928000071)","Unfall 142314 (2020) Kat:3, Licht: 0","142314","3","2","5","09","08","5","0","0","1","1","0","0"
"POINT (13.514052910000032 52.446826698000052)","Unfall 142315 (2020) Kat:3, Licht: 2","142315","3","7","1","09","00","3","0","2","0","1","0","0"
"POINT (13.460565547000044 52.512289954000039)","Unfall 142316 (2020) Kat:3, Licht: 0","142316","3","1","0","09","17","3","0","0","1","0","0","0"
"POINT (13.408771434000073 52.511991548000026)","Unfall 142317 (2020) Kat:3, Licht: 0","142317","3","2","5","08","09","2","0","0","1","1","0","0"
"POINT (13.342955363000044 52.526244760000054)","Unfall 142318 (2020) Kat:3, Licht: 1","142318","3","3","5","09","05","7","1","1","0","1","0","0"
"POINT (13.324630021000075 52.434614403000069)","Unfall 142319 (2020) Kat:3, Licht: 0","142319","3","1","0","09","07","4","1","0","1","0","0","0"
"POINT (13.183666859000027 52.518153734000066)","Unfall 142320 (2020) Kat:3, Licht: 0","142320","3","2","5","09","12","3","0","0","0","1","0","1"
"POINT (13.457933146000073 52.512745440000060)","Unfall 142321 (2020) Kat:3, Licht: 0","142321","3","1","0","09","14","1","0","0","0","0","0","1"
"POINT (13.399756985000067 52.529555513000048)","Unfall 142322 (2020) Kat:2, Licht: 0","142322","2","7","5","09","11","5","0","0","0","1","0","1"
"POINT (13.339952270000026 52.443984914000055)","Unfall 142323 (2020) Kat:2, Licht: 0","142323","2","7","5","09","11","3","0","0","0","1","0","1"
"POINT (13.579603581000072 52.458862752000073)","Unfall 142324 (2020) Kat:2, Licht: 0","142324","2","3","0","08","09","2","0","0","1","0","0","0"
"POINT (13.499697436000076 52.534497064000050)","Unfall 142325 (2020) Kat:3, Licht: 0","142325","3","2","0","09","15","7","0","0","0","0","0","0"
"POINT (13.299650991000021 52.495107213000040)","Unfall 142326 (2020) Kat:3, Licht: 0","142326","3","2","5","09","09","4","0","0","1","1","0","0"
"POINT (13.424328923000076 52.546477905000074)","Unfall 142327 (2020) Kat:3, Licht: 0","142327","3","1","8","09","14","3","0","0","1","0","0","0"
"POINT (13.417298819000052 52.512434132000067)","Unfall 142328 (2020) Kat:3, Licht: 0","142328","3","4","6","08","08","2","0","0","0","1","1","0"
"POINT (13.292894750000073 52.496573621000039)","Unfall 142329 (2020) Kat:3, Licht: 0","142329","3","6","3","09","09","6","1","0","1","1","0","0"
"POINT (13.317265464000059 52.504337539000062)","Unfall 142330 (2020) Kat:3, Licht: 0","142330","3","2","0","08","08","2","1","0","1","1","0","0"
"POINT (13.129255903000058 52.527174708000075)","Unfall 142331 (2020) Kat:3, Licht: 0","142331","3","2","2","09","12","2","0","0","0","1","0","0"
"POINT (13.388191608000056 52.530580315000066)","Unfall 142332 (2020) Kat:3, Licht: 0","142332","3","5","5","09","16","5","0","0","1","1","0","0"
"POINT (13.437285837000047 52.474523945000044)","Unfall 142333 (2020) Kat:3, Licht: 1","142333","3","6","4","08","18","1","1","1","0","1","0","0"
"POINT (13.383184810000046 52.530615729000033)","Unfall 142334 (2020) Kat:2, Licht: 0","142334","2","2","0","09","18","4","0","0","1","0","0","0"
"POINT (13.434979824000038 52.461156334000066)","Unfall 142335 (2020) Kat:3, Licht: 0","142335","3","6","2","09","11","3","0","0","0","1","0","0"
"POINT (13.214773436000030 52.560801105000053)","Unfall 142336 (2020) Kat:3, Licht: 0","142336","3","6","2","09","16","3","0","0","0","1","0","0"
"POINT (13.325533138000026 52.508412823000072)","Unfall 142337 (2020) Kat:3, Licht: 1","142337","3","3","0","08","17","1","1","1","0","1","0","0"
"POINT (13.519240056000058 52.454001598000048)","Unfall 142338 (2020) Kat:3, Licht: 0","142338","3","3","5","09","15","7","0","0","1","1","0","0"
"POINT (13.472619318000056 52.505074534000073)","Unfall 142339 (2020) Kat:2, Licht: 0","142339","2","6","2","08","17","1","1","0","0","1","0","0"
"POINT (13.205216774000064 52.498351763000073)","Unfall 142340 (2020) Kat:2, Licht: 2","142340","2","1","8","09","21","6","0","2","0","0","0","1"
"POINT (13.566181668000070 52.534253819000071)","Unfall 142341 (2020) Kat:2, Licht: 1","142341","2","2","5","08","17","1","1","1","1","1","0","0"
"POINT (13.412068492000060 52.543139879000080)","Unfall 142342 (2020) Kat:2, Licht: 0","142342","2","2","5","09","10","3","0","0","1","0","0","0"
"POINT (13.427709265000033 52.567936459000066)","Unfall 142343 (2020) Kat:3, Licht: 0","142343","3","6","0","08","16","1","1","0","1","1","0","0"
"POINT (13.326505344000054 52.562092513000039)","Unfall 142344 (2020) Kat:3, Licht: 0","142344","3","6","2","09","07","6","1","0","0","1","0","0"
"POINT (13.430075031000058 52.469646901000033)","Unfall 142345 (2020) Kat:3, Licht: 0","142345","3","7","2","08","14","1","0","0","1","1","0","0"
"POINT (13.336933077000026 52.552535333000037)","Unfall 142346 (2020) Kat:3, Licht: 0","142346","3","2","2","09","08","2","0","0","0","1","0","0"
"POINT (13.382774803000075 52.530503495000062)","Unfall 142347 (2020) Kat:3, Licht: 0","142347","3","7","6","09","15","5","0","0","1","0","1","0"
"POINT (13.697331693000024 52.436387665000041)","Unfall 142348 (2020) Kat:3, Licht: 0","142348","3","3","5","08","14","1","0","0","0","1","0","0"
"POINT (13.435307245000047 52.491333820000079)","Unfall 142349 (2020) Kat:3, Licht: 0","142349","3","2","0","09","10","1","0","0","1","0","0","1"
"POINT (13.440704219000054 52.524409520000063)","Unfall 142350 (2020) Kat:3, Licht: 0","142350","3","7","0","09","17","4","1","0","0","1","0","0"
"POINT (13.547102637000023 52.431405851000079)","Unfall 142351 (2020) Kat:3, Licht: 0","142351","3","6","2","09","09","3","0","0","0","1","0","0"
"POINT (13.317651350000062 52.506147243000044)","Unfall 142352 (2020) Kat:3, Licht: 0","142352","3","2","0","09","16","3","0","0","1","1","0","0"
"POINT (13.403810603000068 52.439571605000026)","Unfall 142353 (2020) Kat:3, Licht: 0","142353","3","4","6","08","13","1","0","0","0","1","1","0"
"POINT (13.229209341000058 52.568649718000074)","Unfall 142354 (2020) Kat:2, Licht: 0","142354","2","1","8","08","12","1","0","0","0","1","0","0"
"POINT (13.405924787000060 52.540904769000065)","Unfall 142355 (2020) Kat:3, Licht: 2","142355","3","4","6","09","21","6","0","2","1","0","1","0"
"POINT (13.320151570000064 52.473464746000047)","Unfall 142356 (2020) Kat:3, Licht: 2","142356","3","3","5","08","20","1","1","2","0","1","0","0"
"POINT (13.412175175000073 52.505479903000037)","Unfall 142357 (2020) Kat:3, Licht: 0","142357","3","7","5","09","18","2","0","0","1","1","0","0"
"POINT (13.309229373000051 52.506436471000029)","Unfall 142358 (2020) Kat:3, Licht: 0","142358","3","2","5","09","15","5","0","0","1","1","0","0"
"POINT (13.364360191000060 52.450578141000051)","Unfall 142359 (2020) Kat:3, Licht: 0","142359","3","6","2","08","11","1","0","0","1","1","0","0"
"POINT (13.330288967000058 52.513075084000036)","Unfall 142360 (2020) Kat:3, Licht: 0","142360","3","2","5","09","08","3","0","0","1","1","0","0"
"POINT (13.158904604000043 52.530659294000031)","Unfall 142361 (2020) Kat:3, Licht: 0","142361","3","7","2","09","18","1","1","0","0","1","0","0"
"POINT (13.612387523000052 52.454244575000075)","Unfall 142362 (2020) Kat:3, Licht: 0","142362","3","3","2","09","15","5","0","0","1","1","0","0"
"POINT (13.298766845000046 52.506759515000056)","Unfall 142363 (2020) Kat:3, Licht: 0","142363","3","6","2","09","08","3","0","0","1","1","0","0"
"POINT (13.360888003000071 52.509828404000075)","Unfall 142364 (2020) Kat:3, Licht: 2","142364","3","1","9","08","20","1","1","2","0","1","0","0"
"POINT (13.165092850000065 52.466968396000027)","Unfall 142365 (2020) Kat:2, Licht: 2","142365","2","5","1","09","23","7","0","2","0","1","0","0"
"POINT (13.509056650000048 52.546403731000055)","Unfall 142366 (2020) Kat:3, Licht: 2","142366","3","6","2","09","20","4","0","2","0","1","0","0"
"POINT (13.402025701000071 52.446725990000061)","Unfall 142367 (2020) Kat:2, Licht: 0","142367","2","2","5","09","08","3","0","0","0","1","0","0"
"POINT (13.344982461000029 52.448759747000054)","Unfall 142368 (2020) Kat:3, Licht: 2","142368","3","4","6","08","19","1","1","2","0","1","1","0"
"POINT (13.246209818000068 52.538133715000072)","Unfall 142369 (2020) Kat:3, Licht: 0","142369","3","7","0","09","12","2","0","0","1","0","0","0"
"POINT (13.419935389000045 52.548095844000045)","Unfall 142370 (2020) Kat:3, Licht: 1","142370","3","1","0","09","07","5","1","1","1","0","0","0"
"POINT (13.424832579000054 52.529983117000029)","Unfall 142371 (2020) Kat:3, Licht: 0","142371","3","5","1","09","07","3","0","0","1","1","0","0"
"POINT (13.336455767000075 52.587629192000065)","Unfall 142372 (2020) Kat:3, Licht: 1","142372","3","6","4","08","19","1","1","1","0","1","0","0"
"POINT (13.440193147000059 52.518954667000060)","Unfall 142373 (2020) Kat:3, Licht: 0","142373","3","2","5","09","18","1","0","0","0","1","0","0"
"POINT (13.324243861000070 52.478788893000058)","Unfall 142374 (2020) Kat:3, Licht: 0","142374","3","3","5","09","15","4","1","0","0","1","0","0"
"POINT (13.382330118000027 52.555881462000059)","Unfall 142375 (2020) Kat:3, Licht: 0","142375","3","5","1","09","07","3","0","0","0","1","0","0"
"POINT (13.345128552000062 52.506563982000046)","Unfall 142376 (2020) Kat:3, Licht: 0","142376","3","7","0","08","10","1","0","0","0","0","0","0"
"POINT (13.599719514000071 52.474277541000049)","Unfall 142377 (2020) Kat:2, Licht: 2","142377","2","1","8","08","02","1","0","2","0","1","0","0"
"POINT (13.378187319000062 52.574914696000064)","Unfall 142378 (2020) Kat:3, Licht: 0","142378","3","3","5","09","14","6","0","0","1","0","0","1"
"POINT (13.441983007000033 52.479827350000051)","Unfall 142379 (2020) Kat:2, Licht: 0","142379","2","5","1","08","10","7","0","0","1","0","0","0"
"POINT (13.377226208000025 52.512771286000032)","Unfall 142380 (2020) Kat:3, Licht: 0","142380","3","6","2","08","15","7","0","0","0","1","0","0"
"POINT (13.341976396000064 52.517851516000064)","Unfall 142381 (2020) Kat:3, Licht: 1","142381","3","2","5","09","19","2","0","1","1","1","0","0"
"POINT (13.376672294000059 52.484992691000059)","Unfall 142382 (2020) Kat:3, Licht: 2","142382","3","2","5","09","21","5","1","2","1","1","0","0"
"POINT (13.450030868000056 52.507504943000072)","Unfall 142383 (2020) Kat:3, Licht: 0","142383","3","2","5","08","15","7","0","0","0","1","0","0"
"POINT (13.434750599000040 52.461812526000074)","Unfall 142384 (2020) Kat:3, Licht: 0","142384","3","6","2","09","15","1","0","0","0","1","0","0"
"POINT (13.432321722000040 52.509331893000081)","Unfall 142385 (2020) Kat:3, Licht: 0","142385","3","3","5","09","13","5","0","0","1","0","0","0"
"POINT (13.433548487000053 52.492401360000031)","Unfall 142386 (2020) Kat:3, Licht: 2","142386","3","5","1","09","20","3","0","2","0","1","0","1"
"POINT (13.184594688000061 52.547513697000056)","Unfall 142387 (2020) Kat:3, Licht: 0","142387","3","2","5","08","14","7","0","0","0","1","0","0"
"POINT (13.370677056000034 52.468800191000071)","Unfall 142388 (2020) Kat:3, Licht: 1","142388","3","3","5","09","19","7","0","1","0","1","0","0"
"POINT (13.341583414000070 52.479496050000080)","Unfall 142389 (2020) Kat:3, Licht: 0","142389","3","4","6","09","13","4","1","0","0","1","1","0"
"POINT (13.423076812000033 52.551166916000057)","Unfall 142390 (2020) Kat:3, Licht: 1","142390","3","3","5","09","20","3","0","1","1","1","0","0"
"POINT (13.429394157000047 52.481303873000059)","Unfall 142391 (2020) Kat:3, Licht: 0","142391","3","7","5","08","14","7","0","0","0","1","0","1"
"POINT (13.183260322000024 52.539871030000029)","Unfall 142392 (2020) Kat:3, Licht: 0","142392","3","3","0","08","14","7","0","0","0","1","0","1"
"POINT (13.352611102000026 52.524089141000047)","Unfall 142393 (2020) Kat:3, Licht: 0","142393","3","7","6","09","11","6","1","0","0","1","1","0"
"POINT (13.310558092000065 52.467815324000071)","Unfall 142394 (2020) Kat:3, Licht: 0","142394","3","5","1","08","14","7","0","0","1","1","0","0"
"POINT (13.147479252000039 52.532138550000070)","Unfall 142395 (2020) Kat:2, Licht: 0","142395","2","4","6","09","14","2","0","0","0","1","1","0"
"POINT (13.406609664000030 52.500325083000064)","Unfall 142396 (2020) Kat:3, Licht: 0","142396","3","3","5","09","17","5","0","0","0","1","0","0"
"POINT (13.558169715000076 52.434672606000049)","Unfall 142397 (2020) Kat:3, Licht: 0","142397","3","6","2","08","11","7","0","0","0","1","0","0"
"POINT (13.451571451000063 52.542996381000080)","Unfall 142398 (2020) Kat:2, Licht: 0","142398","2","7","0","09","12","6","0","0","1","0","0","0"
"POINT (13.492939832000047 52.420506854000052)","Unfall 142399 (2020) Kat:3, Licht: 0","142399","3","5","1","08","10","7","0","0","1","1","0","0"
"POINT (13.408577400000070 52.386880178000069)","Unfall 142400 (2020) Kat:3, Licht: 0","142400","3","5","0","08","09","7","0","0","0","1","0","0"
"POINT (13.520576286000050 52.482215084000075)","Unfall 142401 (2020) Kat:3, Licht: 0","142401","3","6","2","09","15","2","0","0","0","1","0","0"
"POINT (13.409462156000075 52.554167456000073)","Unfall 142402 (2020) Kat:3, Licht: 0","142402","3","7","2","09","18","5","0","0","0","1","0","0"
"POINT (13.424050773000033 52.552890050000030)","Unfall 142403 (2020) Kat:2, Licht: 0","142403","2","3","5","08","07","7","0","0","0","1","0","0"
"POINT (13.351542214000062 52.509488873000066)","Unfall 142404 (2020) Kat:3, Licht: 0","142404","3","2","5","09","13","1","0","0","1","1","0","0"
"POINT (13.383212311000023 52.492729575000055)","Unfall 142405 (2020) Kat:3, Licht: 0","142405","3","5","1","09","10","5","0","0","1","1","0","0"
"POINT (13.262613471000066 52.451479638000080)","Unfall 142406 (2020) Kat:3, Licht: 0","142406","3","7","2","09","19","3","0","0","1","1","0","0"
"POINT (13.402859987000056 52.493950522000034)","Unfall 142407 (2020) Kat:3, Licht: 1","142407","3","3","5","08","07","7","0","1","0","1","0","0"
"POINT (13.336304784000049 52.542014222000034)","Unfall 142408 (2020) Kat:3, Licht: 0","142408","3","6","2","09","12","7","0","0","0","1","0","0"
"POINT (13.409695692000071 52.584658981000075)","Unfall 142409 (2020) Kat:3, Licht: 0","142409","3","3","5","09","12","4","0","0","1","1","0","0"
"POINT (13.391187703000071 52.544727107000028)","Unfall 142410 (2020) Kat:3, Licht: 0","142410","3","3","5","09","18","3","0","0","1","1","0","0"
"POINT (13.427544254000054 52.474514905000035)","Unfall 142411 (2020) Kat:3, Licht: 2","142411","3","5","1","08","22","7","0","2","1","1","0","0"
"POINT (13.181791724000050 52.534082372000057)","Unfall 142412 (2020) Kat:3, Licht: 0","142412","3","2","5","09","09","6","1","0","1","1","0","0"
"POINT (13.414140870000040 52.498579628000073)","Unfall 142413 (2020) Kat:2, Licht: 2","142413","2","3","5","08","22","7","0","2","0","1","0","1"
"POINT (13.307963854000036 52.503046537000046)","Unfall 142414 (2020) Kat:3, Licht: 0","142414","3","2","2","09","11","2","0","0","0","1","0","0"
"POINT (13.485337248000064 52.531172846000061)","Unfall 142415 (2020) Kat:3, Licht: 0","142415","3","6","3","09","16","5","0","0","0","1","0","1"
"POINT (13.574504103000038 52.444479577000038)","Unfall 142416 (2020) Kat:2, Licht: 0","142416","2","4","5","08","06","7","0","0","0","0","1","0"
"POINT (13.397979073000045 52.491044172000045)","Unfall 142417 (2020) Kat:3, Licht: 1","142417","3","2","5","09","19","4","1","1","1","1","0","0"
"POINT (13.377968421000048 52.466276769000046)","Unfall 142418 (2020) Kat:3, Licht: 0","142418","3","2","3","08","18","2","0","0","0","1","0","0"
"POINT (13.404747285000042 52.540676464000057)","Unfall 142419 (2020) Kat:3, Licht: 0","142419","3","3","5","09","16","3","0","0","1","1","0","0"
"POINT (13.495803253000076 52.417633934000037)","Unfall 142420 (2020) Kat:3, Licht: 2","142420","3","7","0","08","21","7","0","2","0","0","0","1"