WKT,Name,OBJECTID,UKATEGORIE,UTYP1,UART,UMONAT,USTUNDE,UWOCHENTAG,STRZUSTAND,ULICHTVERH,ISTRAD,ISTPKW,ISTFUSS,ISTKRAD
"POINT (13.359115168000073 52.596841578000067)","Unfall 142421 (2020) Kat:3, Licht: 2","142421","3","7","5","08","20","7","0","2","0","1","0","0"
"POINT (13.387936924000030 52.531580277000046)","Unfall 142422 (2020) Kat:2, Licht: 0","142422","2","2","5","09","12","1","0","0","1","0","0","0"
"POINT (13.576840046000029 52.455406629000038)","Unfall 142423 (2020) Kat:3, Licht: 0","142423","3","7","0","09","09","4","0","0","1","0","0","0"
"POINT (13.362057186000072 52.504678975000047)","Unfall 142424 (2020) Kat:2, Licht: 2","142424","2","5","1","08","18","2","0","2","1","1","0","0"
"POINT (13.311494184000026 52.489674425000032)","Unfall 142425 (2020) Kat:3, Licht: 0","142425","3","7","0","09","15","3","0","0","0","1","0","0"
"POINT (13.415588813000056 52.490224227000056)","Unfall 142426 (2020) Kat:3, Licht: 2","142426","3","5","1","08","20","7","0","2","1","1","0","0"
"POINT (13.607670026000051 52.453058389000034)","Unfall 142427 (2020) Kat:3, Licht: 2","142427","3","4","6","09","00","7","0","2","0","1","1","0"
"POINT (13.496301385000038 52.431212179000056)","Unfall 142428 (2020) Kat:3, Licht: 0","142428","3","6","2","09","07","4","0","0","0","1","0","1"
"POINT (13.537990541000056 52.555548310000063)","Unfall 142429 (2020) Kat:3, Licht: 2","142429","3","1","0","08","20","7","0","2","0","0","0","1"
"POINT (13.583720365000033 52.549185402000035)","Unfall 142430 (2020) Kat:3, Licht: 2","142430","3","1","9","09","05","6","1","2","0","0","0","0"
"POINT (13.201379587000076 52.538353677000032)","Unfall 142431 (2020) Kat:3, Licht: 0","142431","3","3","5","08","19","7","0","0","1","1","0","0"
"POINT (13.302348693000056 52.426782980000041)","Unfall 142432 (2020) Kat:3, Licht: 0","142432","3","5","1","09","10","4","0","0","1","1","0","0"
"POINT (13.408424390000050 52.452449186000081)","Unfall 142433 (2020) Kat:3, Licht: 0","142433","3","6","2","09","13","2","0","0","0","1","0","0"
"POINT (13.400321061000056 52.414285734000032)","Unfall 142434 (2020) Kat:3, Licht: 0","142434","3","6","2","09","08","5","0","0","0","1","0","0"
"POINT (13.346346671000049 52.602015308000034)","Unfall 142435 (2020) Kat:3, Licht: 0","142435","3","6","2","08","19","7","0","0","0","1","0","1"
"POINT (13.377976483000054 52.472449678000032)","Unfall 142436 (2020) Kat:2, Licht: 0","142436","2","2","5","09","19","1","0","0","1","1","0","0"
"POINT (13.288421509000045 52.481396236000080)","Unfall 142437 (2020) Kat:3, Licht: 0","142437","3","6","0","09","17","4","1","0","0","1","0","1"
"POINT (13.371819059000075 52.509272020000026)","Unfall 142438 (2020) Kat:3, Licht: 0","142438","3","2","5","08","12","2","0","0","1","1","0","0"
"POINT (13.479265076000047 52.523046181000041)","Unfall 142439 (2020) Kat:3, Licht: 0","142439","3","2","6","09","15","3","0","0","0","1","1","0"
"POINT (13.400665908000065 52.494403608000027)","Unfall 142440 (2020) Kat:3, Licht: 0","142440","3","6","4","08","19","7","0","0","1","0","0","0"
"POINT (13.424179282000068 52.486634815000059)","Unfall 142441 (2020) Kat:3, Licht: 0","142441","3","6","3","08","19","7","0","0","0","1","0","1"
"POINT (13.485296100000028 52.531440229000054)","Unfall 142442 (2020) Kat:3, Licht: 0","142442","3","6","2","09","15","6","0","0","0","1","0","0"
"POINT (13.465360526000040 52.567143652000027)","Unfall 142443 (2020) Kat:3, Licht: 0","142443","3","3","5","09","09","4","0","0","0","1","0","0"
"POINT (13.270838228000059 52.536704705000034)","Unfall 142444 (2020) Kat:3, Licht: 0","142444","3","6","3","08","18","7","0","0","0","1","0","0"
"POINT (13.593205945000022 52.453277625000055)","Unfall 142445 (2020) Kat:3, Licht: 0","142445","3","2","5","09","18","2","0","0","1","1","0","0"
"POINT (13.332782896000026 52.478608659000031)","Unfall 142446 (2020) Kat:2, Licht: 2","142446","2","3","5","09","22","5","1","2","1","1","0","0"
"POINT (13.397040542000070 52.519451300000071)","Unfall 142447 (2020) Kat:3, Licht: 0","142447","3","6","4","08","18","7","0","0","1","0","0","0"
"POINT (13.480301687000065 52.427997482000080)","Unfall 142448 (2020) Kat:3, Licht: 0","142448","3","7","1","08","18","7","0","0","0","1","0","0"
"POINT (13.319901379000044 52.463133663000065)","Unfall 142449 (2020) Kat:3, Licht: 0","142449","3","2","5","09","14","7","0","0","1","1","0","0"
"POINT (13.378949591000037 52.526387931000045)","Unfall 142450 (2020) Kat:3, Licht: 0","142450","3","5","0","09","09","4","0","0","1","1","0","0"
"POINT (13.329516923000028 52.503339494000045)","Unfall 142451 (2020) Kat:3, Licht: 0","142451","3","6","2","08","17","7","0","0","0","1","0","1"
"POINT (13.299056839000059 52.490619087000027)","Unfall 142452 (2020) Kat:3, Licht: 0","142452","3","2","5","09","16","6","0","0","1","1","0","0"
"POINT (13.372145838000051 52.557918601000040)","Unfall 142453 (2020) Kat:2, Licht: 0","142453","2","5","1","08","17","7","0","0","1","1","0","0"
"POINT (13.424330371000053 52.485050942000044)","Unfall 142454 (2020) Kat:3, Licht: 0","142454","3","7","0","08","16","2","0","0","1","0","0","0"
"POINT (13.448017494000055 52.426183098000081)","Unfall 142455 (2020) Kat:3, Licht: 0","142455","3","2","5","09","12","2","0","0","0","1","0","0"
"POINT (13.525569996000058 52.481587785000045)","Unfall 142456 (2020) Kat:3, Licht: 0","142456","3","3","5","09","15","5","0","0","1","1","0","0"
"POINT (13.316506907000075 52.567084337000040)","Unfall 142457 (2020) Kat:3, Licht: 2","142457","3","5","1","08","22","2","0","2","0","1","0","0"
"POINT (13.245407181000076 52.421717655000066)","Unfall 142458 (2020) Kat:2, Licht: 0","142458","2","1","0","08","16","7","0","0","1","0","0","0"
"POINT (13.388852763000045 52.516894696000065)","Unfall 142459 (2020) Kat:3, Licht: 0","142459","3","2","0","09","16","7","0","0","0","1","0","1"
"POINT (13.410299733000045 52.539117930000032)","Unfall 142460 (2020) Kat:3, Licht: 0","142460","3","1","0","09","15","4","1","0","1","0","0","0"
"POINT (13.469600118000074 52.514095778000069)","Unfall 142461 (2020) Kat:3, Licht: 0","142461","3","2","5","08","08","2","0","0","1","0","0","0"
"POINT (13.195318176000058 52.533612615000038)","Unfall 142462 (2020) Kat:3, Licht: 0","142462","3","6","2","08","17","7","0","0","0","1","0","0"
"POINT (13.471278650000045 52.433327910000060)","Unfall 142463 (2020) Kat:3, Licht: 0","142463","3","2","5","08","16","7","0","0","1","1","0","0"
"POINT (13.379601497000067 52.444810182000026)","Unfall 142464 (2020) Kat:3, Licht: 0","142464","3","6","2","09","13","6","0","0","0","1","0","0"
"POINT (13.558309077000047 52.455583998000066)","Unfall 142465 (2020) Kat:3, Licht: 0","142465","3","6","2","08","07","6","1","0","0","1","0","0"
"POINT (13.432780467000043 52.535764205000078)","Unfall 142466 (2020) Kat:3, Licht: 0","142466","3","6","2","09","14","3","0","0","0","1","0","0"
"POINT (13.363359917000025 52.524601405000055)","Unfall 142467 (2020) Kat:3, Licht: 1","142467","3","5","1","08","20","6","0","1","1","1","0","0"
"POINT (13.464616946000035 52.470200171000045)","Unfall 142468 (2020) Kat:3, Licht: 2","142468","3","2","5","09","20","2","0","2","0","1","0","1"
"POINT (13.366135552000060 52.430212053000048)","Unfall 142469 (2020) Kat:3, Licht: 1","142469","3","2","5","09","19","5","0","1","1","1","0","0"
"POINT (13.486446169000033 52.502044510000076)","Unfall 142470 (2020) Kat:3, Licht: 2","142470","3","7","0","08","21","6","0","2","1","0","0","0"
"POINT (13.412591445000032 52.451938761000065)","Unfall 142471 (2020) Kat:3, Licht: 0","142471","3","5","1","09","15","1","0","0","1","1","0","0"
"POINT (13.334834087000047 52.487880078000046)","Unfall 142472 (2020) Kat:3, Licht: 0","142472","3","6","2","09","12","5","0","0","0","1","0","0"
"POINT (13.301848750000033 52.499047022000070)","Unfall 142473 (2020) Kat:2, Licht: 1","142473","2","2","5","08","21","2","0","1","0","1","0","0"
"POINT (13.514710981000064 52.494479034000051)","Unfall 142474 (2020) Kat:3, Licht: 0","142474","3","3","5","08","14","6","0","0","1","0","0","0"
"POINT (13.376667036000072 52.461254629000052)","Unfall 142475 (2020) Kat:3, Licht: 1","142475","3","7","6","09","17","7","0","1","0","1","1","0"
"POINT (13.358283496000070 52.411146874000053)","Unfall 142476 (2020) Kat:2, Licht: 0","142476","2","5","1","09","16","1","0","0","1","1","0","0"
"POINT (13.341928099000029 52.552197370000044)","Unfall 142477 (2020) Kat:3, Licht: 0","142477","3","3","5","09","13","5","0","0","1","1","0","0"
"POINT (13.570116316000053 52.555721468000058)","Unfall 142478 (2020) Kat:3, Licht: 2","142478","3","1","9","08","21","2","1","2","0","1","0","0"
"POINT (13.178099990000021 52.548810037000067)","Unfall 142479 (2020) Kat:3, Licht: 1","142479","3","2","5","08","20","6","0","1","0","1","0","0"
"POINT (13.419916095000076 52.496404691000066)","Unfall 142480 (2020) Kat:2, Licht: 2","142480","2","3","5","09","22","7","0","2","0","1","0","1"
"POINT (13.433033791000071 52.596003580000058)","Unfall 142481 (2020) Kat:3, Licht: 0","142481","3","6","2","09","14","4","0","0","0","1","0","0"
"POINT (13.490481552000062 52.539167587000065)","Unfall 142482 (2020) Kat:3, Licht: 2","142482","3","7","2","08","20","2","1","2","1","1","0","0"
"POINT (13.557529586000044 52.527355579000073)","Unfall 142483 (2020) Kat:3, Licht: 0","142483","3","4","6","08","10","6","1","0","0","0","1","1"
"POINT (13.461209120000035 52.529760149000026)","Unfall 142484 (2020) Kat:2, Licht: 0","142484","2","4","6","08","10","6","0","0","0","0","1","1"
"POINT (13.435697202000028 52.532864701000051)","Unfall 142485 (2020) Kat:3, Licht: 0","142485","3","5","1","09","12","6","1","0","1","0","0","0"
"POINT (13.346742631000041 52.430732179000074)","Unfall 142486 (2020) Kat:2, Licht: 0","142486","2","3","5","08","08","6","0","0","1","1","0","0"
"POINT (13.292579000000046 52.534263384000042)","Unfall 142487 (2020) Kat:3, Licht: 0","142487","3","6","2","09","14","3","0","0","0","1","0","0"
"POINT (13.363375833000077 52.580661132000046)","Unfall 142488 (2020) Kat:3, Licht: 0","142488","3","2","5","08","08","6","0","0","1","1","0","0"
"POINT (13.296589054000037 52.501483324000048)","Unfall 142489 (2020) Kat:3, Licht: 0","142489","3","2","2","09","15","2","0","0","0","1","0","0"
"POINT (13.476847468000074 52.537132355000040)","Unfall 142490 (2020) Kat:3, Licht: 0","142490","3","6","2","09","18","5","0","0","0","1","0","0"
"POINT (13.275513127000067 52.450516597000046)","Unfall 142491 (2020) Kat:3, Licht: 0","142491","3","7","2","08","07","6","1","0","0","1","0","0"
"POINT (13.301994694000030 52.523415057000079)","Unfall 142492 (2020) Kat:3, Licht: 0","142492","3","4","6","09","13","1","0","0","0","1","1","0"
"POINT (13.432536595000045 52.517329050000058)","Unfall 142493 (2020) Kat:3, Licht: 0","142493","3","3","5","09","09","5","0","0","1","1","0","0"
"POINT (13.396030798000027 52.538243669000053)","Unfall 142494 (2020) Kat:3, Licht: 0","142494","3","2","5","08","19","2","0","0","0","1","0","0"
"POINT (13.426790493000055 52.552544612000077)","Unfall 142495 (2020) Kat:3, Licht: 0","142495","3","5","1","09","14","3","0","0","1","1","0","0"
"POINT (13.573571247000075 52.444467737000082)","Unfall 142496 (2020) Kat:3, Licht: 0","142496","3","1","0","08","07","6","1","0","0","0","0","1"
"POINT (13.416845754000065 52.418284509000046)","Unfall 142497 (2020) Kat:3, Licht: 0","142497","3","2","5","09","11","7","1","0","0","1","0","1"
"POINT (13.514816436000046 52.567450823000058)","Unfall 142498 (2020) Kat:3, Licht: 0","142498","3","7","0","09","12","4","0","0","1","0","0","0"
"POINT (13.424501800000030 52.486356980000039)","Unfall 142499 (2020) Kat:3, Licht: 0","142499","3","2","5","08","19","2","0","0","1","1","0","0"
"POINT (13.583197193000046 52.549230893000072)","Unfall 142500 (2020) Kat:3, Licht: 0","142500","3","2","5","08","07","6","1","0","0","1","0","0"
"POINT (13.247439104000023 52.541474362000031)","Unfall 142501 (2020) Kat:3, Licht: 0","142501","3","2","5","09","07","6","1","0","1","0","0","0"
"POINT (13.297382038000023 52.577850942000055)","Unfall 142502 (2020) Kat:3, Licht: 0","142502","3","3","5","08","06","6","1","0","0","1","0","0"
"POINT (13.316780749000031 52.501153886000054)","Unfall 142503 (2020) Kat:3, Licht: 0","142503","3","2","0","09","13","4","1","0","1","0","0","0"
"POINT (13.187701581000056 52.537480184000060)","Unfall 142504 (2020) Kat:3, Licht: 0","142504","3","6","2","08","19","2","0","0","0","1","0","0"
"POINT (13.575983519000033 52.491127463000055)","Unfall 142505 (2020) Kat:3, Licht: 1","142505","3","3","5","08","05","6","0","1","0","1","0","1"
"POINT (13.259362130000056 52.430673788000036)","Unfall 142506 (2020) Kat:3, Licht: 0","142506","3","6","2","09","10","6","1","0","0","1","0","1"
"POINT (13.347778501000050 52.465592416000050)","Unfall 142507 (2020) Kat:3, Licht: 2","142507","3","5","1","08","04","6","1","2","0","1","0","0"
"POINT (13.314248364000036 52.490276419000054)","Unfall 142508 (2020) Kat:3, Licht: 0","142508","3","2","2","09","13","2","0","0","0","1","0","0"
"POINT (13.340657591000024 52.433357972000067)","Unfall 142509 (2020) Kat:3, Licht: 0","142509","3","7","6","09","17","5","0","0","1","0","1","0"
"POINT (13.490246082000056 52.539023635000035)","Unfall 142510 (2020) Kat:2, Licht: 0","142510","2","4","6","08","17","6","0","0","1","0","1","0"
"POINT (13.403110692000041 52.498539198000060)","Unfall 142511 (2020) Kat:2, Licht: 0","142511","2","3","5","09","10","1","0","0","1","1","0","0"
"POINT (13.498985950000076 52.436457062000045)","Unfall 142512 (2020) Kat:3, Licht: 0","142512","3","3","5","09","15","4","1","0","1","1","0","0"
"POINT (13.295522633000076 52.503347693000080)","Unfall 142513 (2020) Kat:3, Licht: 0","142513","3","6","2","08","18","2","0","0","1","1","0","0"
"POINT (13.209933442000022 52.533094130000052)","Unfall 142514 (2020) Kat:3, Licht: 0","142514","3","3","5","09","14","3","0","0","0","1","0","0"
"POINT (13.373956388000067 52.556485227000053)","Unfall 142515 (2020) Kat:3, Licht: 0","142515","3","2","5","08","17","6","0","0","1","1","0","0"
"POINT (13.310999255000070 52.547566856000060)","Unfall 142516 (2020) Kat:3, Licht: 0","142516","3","3","5","09","15","7","0","0","0","1","0","0"
"POINT (13.320681765000074 52.499764035000055)","Unfall 142517 (2020) Kat:3, Licht: 0","142517","3","6","3","09","12","3","0","0","1","1","0","0"
"POINT (13.326248943000053 52.538012878000075)","Unfall 142518 (2020) Kat:2, Licht: 0","142518","2","2","5","08","17","6","0","0","0","1","0","0"
"POINT (13.561225157000024 52.579561690000048)","Unfall 142519 (2020) Kat:2, Licht: 2","142519","2","5","1","09","21","6","0","2","0","1","0","0"
"POINT (13.390257498000040 52.585112855000034)","Unfall 142520 (2020) Kat:3, Licht: 0","142520","3","4","6","08","16","6","0","0","0","1","1","0"
"POINT (13.306215906000034 52.523290418000045)","Unfall 142521 (2020) Kat:3, Licht: 0","142521","3","3","5","09","07","3","0","0","1","1","0","0"
"POINT (13.391274358000032 52.536202269000057)","Unfall 142522 (2020) Kat:3, Licht: 0","142522","3","1","0","09","13","2","1","0","0","0","0","1"
"POINT (13.475497676000032 52.511958261000075)","Unfall 142523 (2020) Kat:3, Licht: 0","142523","3","6","3","09","08","5","1","0","1","1","0","0"
"POINT (13.489804578000076 52.501745579000044)","Unfall 142524 (2020) Kat:3, Licht: 0","142524","3","5","1","08","16","6","0","0","1","1","0","0"
"POINT (13.520635611000046 52.428372028000069)","Unfall 142525 (2020) Kat:3, Licht: 0","142525","3","6","2","09","18","1","0","0","1","1","0","0"
"POINT (13.354764521000050 52.487393976000078)","Unfall 142526 (2020) Kat:3, Licht: 0","142526","3","3","5","09","09","2","0","0","1","0","0","0"
"POINT (13.463352914000041 52.470749079000029)","Unfall 142527 (2020) Kat:2, Licht: 0","142527","2","7","6","09","15","5","0","0","0","0","1","1"
"POINT (13.545089447000066 52.417064079000056)","Unfall 142528 (2020) Kat:3, Licht: 0","142528","3","5","1","08","15","6","0","0","1","1","0","0"
"POINT (13.388438501000053 52.499400443000070)","Unfall 142529 (2020) Kat:2, Licht: 2","142529","2","1","0","09","02","1","0","2","0","0","0","0"
"POINT (13.356898922000028 52.499018907000050)","Unfall 142530 (2020) Kat:2, Licht: 0","142530","2","6","2","09","18","4","1","0","1","1","0","0"
"POINT (13.363830280000059 52.434866437000039)","Unfall 142531 (2020) Kat:3, Licht: 0","142531","3","2","2","08","17","2","0","0","0","1","0","0"
"POINT (13.427114864000032 52.421295979000035)","Unfall 142532 (2020) Kat:3, Licht: 0","142532","3","2","5","09","13","3","0","0","1","1","0","0"
"POINT (13.336935828000037 52.497888538000041)","Unfall 142533 (2020) Kat:3, Licht: 0","142533","3","2","5","08","14","6","0","0","1","1","0","0"
"POINT (13.365777901000058 52.556545315000051)","Unfall 142534 (2020) Kat:3, Licht: 0","142534","3","6","2","08","14","6","0","0","0","1","0","0"
"POINT (13.445773843000040 52.548047354000062)","Unfall 142535 (2020) Kat:3, Licht: 0","142535","3","6","4","09","14","6","0","0","1","1","0","0"
"POINT (13.277616136000063 52.575735197000029)","Unfall 142536 (2020) Kat:3, Licht: 0","142536","3","2","2","08","14","6","0","0","0","1","0","0"
"POINT (13.388929626000049 52.515620945000080)","Unfall 142537 (2020) Kat:3, Licht: 0","142537","3","3","5","09","18","2","0","0","1","1","0","0"
"POINT (13.294569472000035 52.506761250000068)","Unfall 142538 (2020) Kat:3, Licht: 2","142538","3","1","0","09","21","5","1","2","0","0","0","1"
"POINT (13.390591562000054 52.492478767000080)","Unfall 142539 (2020) Kat:3, Licht: 0","142539","3","2","5","08","14","6","0","0","1","1","0","0"
"POINT (13.384841356000038 52.550780152000073)","Unfall 142540 (2020) Kat:3, Licht: 0","142540","3","6","0","08","17","2","1","0","0","1","0","1"
"POINT (13.337815670000055 52.450533531000076)","Unfall 142541 (2020) Kat:3, Licht: 0","142541","3","7","0","09","11","1","0","0","0","1","0","0"
"POINT (13.280832039000074 52.593738117000044)","Unfall 142542 (2020) Kat:3, Licht: 0","142542","3","2","5","09","15","5","0","0","1","1","0","0"
"POINT (13.290488739000068 52.581981595000059)","Unfall 142543 (2020) Kat:2, Licht: 0","142543","2","1","0","08","17","2","1","0","1","0","0","0"
"POINT (13.368433859000049 52.589710332000038)","Unfall 142544 (2020) Kat:3, Licht: 0","142544","3","3","5","08","14","6","0","0","0","1","0","1"
"POINT (13.613142859000050 52.508534019000081)","Unfall 142545 (2020) Kat:3, Licht: 2","142545","3","2","5","09","22","7","0","2","0","1","0","0"
"POINT (13.554334910000023 52.455701560000080)","Unfall 142546 (2020) Kat:2, Licht: 2","142546","2","7","5","09","20","4","0","2","1","1","0","0"
"POINT (13.343287840000073 52.433750976000056)","Unfall 142547 (2020) Kat:3, Licht: 0","142547","3","3","5","08","17","2","0","0","1","1","0","0"
"POINT (13.447420816000033 52.464206916000080)","Unfall 142548 (2020) Kat:3, Licht: 0","142548","3","3","5","08","13","6","0","0","1","1","0","0"
"POINT (13.333657226000071 52.469856171000060)","Unfall 142549 (2020) Kat:3, Licht: 0","142549","3","5","1","08","13","6","0","0","1","1","0","0"
"POINT (13.435062278000032 52.460914121000030)","Unfall 142550 (2020) Kat:3, Licht: 0","142550","3","2","6","09","12","6","0","0","0","1","1","0"
"POINT (13.322534731000076 52.511805635000030)","Unfall 142551 (2020) Kat:3, Licht: 0","142551","3","6","2","08","13","6","1","0","0","1","0","0"
"POINT (13.402650061000031 52.564982051000072)","Unfall 142552 (2020) Kat:3, Licht: 0","142552","3","5","1","09","18","3","0","0","1","1","0","0"
"POINT (13.382492617000025 52.513177321000057)","Unfall 142553 (2020) Kat:3, Licht: 0","142553","3","6","2","08","13","6","0","0","0","1","0","1"
"POINT (13.294135399000027 52.497733410000080)","Unfall 142554 (2020) Kat:2, Licht: 0","142554","2","4","6","09","16","4","1","0","0","1","1","0"
"POINT (13.505725039000026 52.517857218000074)","Unfall 142555 (2020) Kat:3, Licht: 0","142555","3","4","0","08","17","2","1","0","1","0","1","0"
"POINT (13.496245307000038 52.518228302000068)","Unfall 142556 (2020) Kat:3, Licht: 0","142556","3","7","1","08","12","6","0","0","0","1","0","0"
"POINT (13.401557582000066 52.592958571000054)","Unfall 142557 (2020) Kat:2, Licht: 0","142557","2","2","5","08","12","6","0","0","0","1","0","1"
"POINT (13.435602158000052 52.556498852000061)","Unfall 142558 (2020) Kat:3, Licht: 0","142558","3","7","2","09","14","6","0","0","0","1","0","1"
"POINT (13.438865398000075 52.484384392000038)","Unfall 142559 (2020) Kat:3, Licht: 0","142559","3","5","1","08","11","6","0","0","1","1","0","0"
"POINT (13.393774860000065 52.520310208000069)","Unfall 142560 (2020) Kat:3, Licht: 0","142560","3","2","5","08","11","6","0","0","1","1","0","0"
"POINT (13.569654874000037 52.452803065000069)","Unfall 142561 (2020) Kat:3, Licht: 0","142561","3","7","5","09","18","2","0","0","0","1","0","0"
"POINT (13.382993116000023 52.530616193000071)","Unfall 142562 (2020) Kat:3, Licht: 2","142562","3","7","5","09","21","5","1","2","0","0","0","1"
"POINT (13.630812625000033 52.540116071000057)","Unfall 142563 (2020) Kat:3, Licht: 0","142563","3","1","0","08","10","6","1","0","0","0","0","1"
"POINT (13.590679453000064 52.547063079000054)","Unfall 142564 (2020) Kat:3, Licht: 0","142564","3","3","5","09","16","1","0","0","1","1","0","0"
"POINT (13.352183313000069 52.505507955000041)","Unfall 142565 (2020) Kat:3, Licht: 0","142565","3","3","5","09","13","5","0","0","0","1","0","1"
"POINT (13.557033335000028 52.525166359000082)","Unfall 142566 (2020) Kat:3, Licht: 0","142566","3","2","5","08","17","2","1","0","1","1","0","0"
"POINT (13.391095216000053 52.563320905000069)","Unfall 142567 (2020) Kat:3, Licht: 0","142567","3","4","6","08","10","6","0","0","0","1","1","0"
"POINT (13.401027859000067 52.529994578000071)","Unfall 142568 (2020) Kat:3, Licht: 2","142568","3","5","1","09","20","7","0","2","1","1","0","0"
"POINT (13.369805999000050 52.552952306000066)","Unfall 142569 (2020) Kat:3, Licht: 0","142569","3","3","5","09","14","4","1","0","0","1","0","0"
"POINT (13.310429822000060 52.624801034000029)","Unfall 142570 (2020) Kat:3, Licht: 0","142570","3","3","5","08","17","2","1","0","0","1","0","0"
"POINT (13.452333158000044 52.527748463000080)","Unfall 142571 (2020) Kat:3, Licht: 0","142571","3","6","3","08","08","5","0","0","0","1","0","0"
"POINT (13.380940480000049 52.529980465000051)","Unfall 142572 (2020) Kat:3, Licht: 0","142572","3","5","0","08","07","5","0","0","1","0","0","0"
"POINT (13.405052852000040 52.522103839000067)","Unfall 142573 (2020) Kat:3, Licht: 0","142573","3","5","1","09","11","6","1","0","1","0","0","0"
"POINT (13.455597358000034 52.453117860000077)","Unfall 142574 (2020) Kat:3, Licht: 0","142574","3","2","5","08","12","5","1","0","1","1","0","0"
"POINT (13.343948456000021 52.546435294000048)","Unfall 142575 (2020) Kat:3, Licht: 2","142575","3","3","5","09","22","2","0","2","0","1","0","0"
"POINT (13.498225282000021 52.635081829000057)","Unfall 142576 (2020) Kat:2, Licht: 0","142576","2","4","6","09","17","5","0","0","0","1","1","0"
"POINT (13.350870163000025 52.504389339000056)","Unfall 142577 (2020) Kat:3, Licht: 0","142577","3","2","5","08","18","5","0","0","1","1","0","0"
"POINT (13.228474839000057 52.506338324000069)","Unfall 142578 (2020) Kat:2, Licht: 0","142578","2","3","5","09","12","1","0","0","1","1","0","0"
"POINT (13.404494032000059 52.495163301000048)","Unfall 142579 (2020) Kat:3, Licht: 0","142579","3","3","5","09","08","5","0","0","1","1","0","0"
"POINT (13.203266529000075 52.562189968000041)","Unfall 142580 (2020) Kat:3, Licht: 0","142580","3","6","2","08","16","2","0","0","0","1","0","0"
"POINT (13.351397687000031 52.509609817000069)","Unfall 142581 (2020) Kat:3, Licht: 0","142581","3","2","5","09","15","2","0","0","0","1","0","0"
"POINT (13.575573696000049 52.546454351000079)","Unfall 142582 (2020) Kat:3, Licht: 0","142582","3","2","5","09","18","5","0","0","1","1","0","0"
"POINT (13.481784837000077 52.513711337000075)","Unfall 142583 (2020) Kat:2, Licht: 0","142583","2","3","5","08","14","5","0","0","0","1","0","0"
"POINT (13.461770620000038 52.454429403000063)","Unfall 142584 (2020) Kat:3, Licht: 0","142584","3","2","2","09","14","1","0","0","0","1","0","0"
"POINT (13.264519152000048 52.508970282000064)","Unfall 142585 (2020) Kat:3, Licht: 0","142585","3","3","5","09","11","5","0","0","0","1","0","0"
"POINT (13.540329373000077 52.435981388000073)","Unfall 142586 (2020) Kat:3, Licht: 0","142586","3","6","2","08","16","2","0","0","0","1","0","0"
"POINT (13.310624551000046 52.421195358000034)","Unfall 142587 (2020) Kat:3, Licht: 1","142587","3","2","2","08","20","5","0","1","0","1","0","0"
"POINT (13.497161232000053 52.549982489000058)","Unfall 142588 (2020) Kat:3, Licht: 0","142588","3","2","0","09","12","7","1","0","1","1","0","0"
"POINT (13.464785496000047 52.470299880000027)","Unfall 142589 (2020) Kat:3, Licht: 0","142589","3","2","0","09","08","4","0","0","1","1","0","0"
"POINT (13.409381488000065 52.538235366000038)","Unfall 142590 (2020) Kat:3, Licht: 0","142590","3","5","1","08","16","2","0","0","1","1","0","0"
"POINT (13.302820809000025 52.618123054000080)","Unfall 142591 (2020) Kat:3, Licht: 1","142591","3","3","0","08","20","5","0","1","0","1","0","1"
"POINT (13.391813598000056 52.521064254000066)","Unfall 142592 (2020) Kat:3, Licht: 0","142592","3","1","0","09","09","6","1","0","0","0","0","1"
"POINT (13.280624899000031 52.429599231000054)","Unfall 142593 (2020) Kat:3, Licht: 0","142593","3","3","5","08","19","5","0","0","1","1","0","0"
"POINT (13.334898042000077 52.524774569000044)","Unfall 142594 (2020) Kat:3, Licht: 0","142594","3","7","3","09","18","3","0","0","1","0","0","0"
"POINT (13.236712786000055 52.440387134000048)","Unfall 142595 (2020) Kat:2, Licht: 0","142595","2","6","3","09","11","2","0","0","1","0","0","0"
"POINT (13.421447655000065 52.562755747000040)","Unfall 142596 (2020) Kat:3, Licht: 0","142596","3","3","0","09","16","5","0","0","0","1","0","1"
"POINT (13.338604093000072 52.494337843000039)","Unfall 142597 (2020) Kat:2, Licht: 0","142597","2","2","5","08","19","5","0","0","1","1","0","0"
"POINT (13.474030017000075 52.502971219000074)","Unfall 142598 (2020) Kat:3, Licht: 2","142598","3","6","2","09","19","4","1","2","0","1","0","0"
"POINT (13.400578213000074 52.459194089000050)","Unfall 142599 (2020) Kat:3, Licht: 0","142599","3","2","5","08","15","2","0","0","1","0","0","0"
"POINT (13.217273303000070 52.537779034000039)","Unfall 142600 (2020) Kat:2, Licht: 2","142600","2","2","5","09","21","3","0","2","0","1","0","0"
"POINT (13.465021774000036 52.509528144000058)","Unfall 142601 (2020) Kat:3, Licht: 0","142601","3","1","0","08","15","5","0","0","1","0","0","0"
"POINT (13.414728053000033 52.519369949000065)","Unfall 142602 (2020) Kat:3, Licht: 0","142602","3","7","6","09","14","7","0","0","0","1","1","0"
"POINT (13.387786219000077 52.511998873000039)","Unfall 142603 (2020) Kat:3, Licht: 0","142603","3","2","0","08","11","5","0","0","1","0","0","0"
"POINT (13.377713014000051 52.507807895000042)","Unfall 142604 (2020) Kat:3, Licht: 1","142604","3","3","5","09","20","3","0","1","1","1","0","0"
"POINT (13.268607464000070 52.454486218000056)","Unfall 142605 (2020) Kat:3, Licht: 0","142605","3","7","2","08","17","5","0","0","0","1","0","1"