WKT,Name,OBJECTID,UKATEGORIE,UTYP1,UART,UMONAT,USTUNDE,UWOCHENTAG,STRZUSTAND,ULICHTVERH,ISTRAD,ISTPKW,ISTFUSS,ISTKRAD
"POINT (13.449718078000046 52.488684019000061)","Unfall 142606 (2020) Kat:2, Licht: 2","142606","2","5","1","09","03","7","0","2","0","1","0","1"
"POINT (13.567312225000023 52.440354727000056)","Unfall 142607 (2020) Kat:3, Licht: 0","142607","3","4","6","09","07","4","1","0","0","1","1","0"
"POINT (13.521994321000022 52.494727481000041)","Unfall 142608 (2020) Kat:3, Licht: 0","142608","3","5","1","08","17","5","0","0","0","1","0","1"
"POINT (13.301704759000074 52.509890205000033)","Unfall 142609 (2020) Kat:3, Licht: 1","142609","3","3","5","09","06","6","1","1","1","0","0","1"
"POINT (13.527448719000063 52.557508176000056)","Unfall 142610 (2020) Kat:3, Licht: 0","142610","3","2","0","08","16","5","0","0","1","1","0","0"
"POINT (13.418483870000045 52.546753510000030)","Unfall 142611 (2020) Kat:2, Licht: 2","142611","2","5","1","09","00","2","0","2","1","1","0","0"
"POINT (13.438667380000027 52.448228233000066)","Unfall 142612 (2020) Kat:3, Licht: 0","142612","3","2","5","09","15","5","0","0","1","1","0","0"
"POINT (13.421660729000052 52.588381235000043)","Unfall 142613 (2020) Kat:2, Licht: 0","142613","2","3","5","08","16","5","0","0","0","1","0","0"
"POINT (13.394594955000059 52.465437305000080)","Unfall 142614 (2020) Kat:3, Licht: 1","142614","3","7","5","09","19","1","0","1","0","1","0","1"
"POINT (13.449499946000060 52.452391585000044)","Unfall 142615 (2020) Kat:3, Licht: 0","142615","3","6","2","09","17","4","1","0","0","1","0","0"
"POINT (13.415759765000075 52.526691747000029)","Unfall 142616 (2020) Kat:3, Licht: 0","142616","3","2","5","08","14","2","0","0","1","0","0","0"
"POINT (13.414273399000024 52.507906210000044)","Unfall 142617 (2020) Kat:3, Licht: 1","142617","3","2","5","09","19","3","0","1","1","0","0","0"
"POINT (13.595025659000044 52.544526960000042)","Unfall 142618 (2020) Kat:2, Licht: 0","142618","2","6","6","08","16","5","0","0","1","0","1","0"
"POINT (13.317294936000053 52.513931738000053)","Unfall 142619 (2020) Kat:3, Licht: 0","142619","3","7","5","08","16","5","0","0","1","0","0","1"
"POINT (13.405602840000029 52.514171920000081)","Unfall 142620 (2020) Kat:3, Licht: 0","142620","3","2","5","09","16","6","0","0","1","1","0","0"
"POINT (13.385719660000063 52.481638309000061)","Unfall 142621 (2020) Kat:3, Licht: 0","142621","3","2","5","08","16","5","0","0","1","0","0","1"
"POINT (13.480320547000076 52.521003194000059)","Unfall 142622 (2020) Kat:3, Licht: 0","142622","3","1","8","09","16","2","0","0","0","1","0","0"
"POINT (13.307488994000039 52.616335704000051)","Unfall 142623 (2020) Kat:3, Licht: 0","142623","3","3","5","09","07","5","0","0","1","1","0","0"
"POINT (13.401591819000032 52.539760003000026)","Unfall 142624 (2020) Kat:3, Licht: 0","142624","3","2","0","08","16","5","0","0","1","1","0","0"
"POINT (13.141585482000039 52.532427474000031)","Unfall 142625 (2020) Kat:3, Licht: 0","142625","3","2","5","09","16","1","0","0","0","1","0","0"
"POINT (13.485173885000052 52.532274635000078)","Unfall 142626 (2020) Kat:3, Licht: 0","142626","3","6","2","09","15","5","0","0","0","1","0","0"
"POINT (13.329696468000066 52.573586179000074)","Unfall 142627 (2020) Kat:3, Licht: 0","142627","3","4","6","08","14","2","0","0","0","0","1","0"
"POINT (13.495738065000069 52.431924988000048)","Unfall 142628 (2020) Kat:3, Licht: 0","142628","3","3","0","08","07","5","1","0","0","1","0","1"
"POINT (13.485726680000027 52.464475933000074)","Unfall 142629 (2020) Kat:3, Licht: 0","142629","3","2","5","09","10","6","0","0","1","1","0","0"
"POINT (13.382314926000049 52.489846345000046)","Unfall 142630 (2020) Kat:3, Licht: 0","142630","3","2","5","08","07","5","0","0","1","1","0","0"
"POINT (13.323464627000021 52.575822415000061)","Unfall 142631 (2020) Kat:3, Licht: 0","142631","3","2","5","08","12","2","0","0","0","1","0","1"
"POINT (13.356445910000048 52.525561543000038)","Unfall 142632 (2020) Kat:3, Licht: 0","142632","3","2","5","09","12","2","0","0","1","1","0","0"
"POINT (13.382938753000076 52.484994225000037)","Unfall 142633 (2020) Kat:3, Licht: 0","142633","3","5","0","09","06","5","1","0","0","1","0","1"
"POINT (13.382715238000060 52.496990833000041)","Unfall 142634 (2020) Kat:3, Licht: 0","142634","3","7","5","08","12","2","0","0","1","1","0","0"
"POINT (13.421462146000067 52.465276784000082)","Unfall 142635 (2020) Kat:3, Licht: 2","142635","3","2","2","08","00","5","1","2","1","1","0","0"
"POINT (13.323291440000048 52.603368249000027)","Unfall 142636 (2020) Kat:3, Licht: 2","142636","3","6","3","09","01","7","0","2","1","1","0","0"
"POINT (13.516271373000052 52.551928967000038)","Unfall 142637 (2020) Kat:3, Licht: 0","142637","3","6","4","09","15","4","0","0","1","0","0","0"
"POINT (13.326104632000067 52.538377321000041)","Unfall 142638 (2020) Kat:2, Licht: 0","142638","2","2","5","08","11","2","0","0","0","1","0","1"
"POINT (13.239969366000025 52.526267354000026)","Unfall 142639 (2020) Kat:3, Licht: 0","142639","3","6","2","08","15","5","0","0","0","1","0","0"
"POINT (13.342189587000064 52.504933699000048)","Unfall 142640 (2020) Kat:3, Licht: 0","142640","3","7","6","08","07","5","0","0","0","0","1","0"
"POINT (13.588886301000059 52.526757878000069)","Unfall 142641 (2020) Kat:2, Licht: 0","142641","2","4","6","09","14","6","0","0","0","1","1","0"
"POINT (13.363734602000022 52.585106978000056)","Unfall 142642 (2020) Kat:3, Licht: 0","142642","3","5","1","08","14","5","0","0","1","1","0","0"
"POINT (13.392696565000051 52.412576410000042)","Unfall 142643 (2020) Kat:3, Licht: 2","142643","3","3","5","08","00","5","1","2","0","1","0","0"
"POINT (13.330901114000028 52.500414036000052)","Unfall 142644 (2020) Kat:3, Licht: 0","142644","3","3","5","09","16","2","0","0","1","1","0","0"
"POINT (13.339710417000049 52.518914119000044)","Unfall 142645 (2020) Kat:3, Licht: 2","142645","3","2","5","09","20","5","0","2","1","1","0","0"
"POINT (13.206485929000053 52.555689725000036)","Unfall 142646 (2020) Kat:3, Licht: 0","142646","3","6","2","08","14","5","1","0","0","1","0","0"
"POINT (13.280960445000062 52.512812492000080)","Unfall 142647 (2020) Kat:3, Licht: 0","142647","3","1","0","09","15","1","0","0","0","1","0","1"
"POINT (13.398413545000039 52.592425855000045)","Unfall 142648 (2020) Kat:3, Licht: 0","142648","3","2","5","09","13","5","0","0","1","1","0","0"
"POINT (13.393124322000062 52.515014019000034)","Unfall 142649 (2020) Kat:3, Licht: 0","142649","3","3","5","08","11","2","0","0","0","1","0","0"
"POINT (13.262349442000072 52.541322091000040)","Unfall 142650 (2020) Kat:3, Licht: 0","142650","3","3","5","08","14","5","0","0","1","1","0","0"
"POINT (13.391077556000027 52.522081383000057)","Unfall 142651 (2020) Kat:3, Licht: 0","142651","3","7","2","09","18","7","1","0","0","0","0","1"
"POINT (13.587256530000047 52.511143635000053)","Unfall 142652 (2020) Kat:2, Licht: 0","142652","2","2","5","09","09","4","0","0","1","1","0","0"
"POINT (13.406064814000047 52.415760489000036)","Unfall 142653 (2020) Kat:3, Licht: 0","142653","3","3","5","08","10","2","0","0","1","1","0","0"
"POINT (13.353895695000062 52.523940226000036)","Unfall 142654 (2020) Kat:3, Licht: 0","142654","3","2","5","08","13","5","0","0","0","1","0","0"
"POINT (13.513897864000057 52.505488837000030)","Unfall 142655 (2020) Kat:3, Licht: 0","142655","3","7","6","09","10","6","1","0","0","1","1","0"
"POINT (13.397436634000030 52.529657744000076)","Unfall 142656 (2020) Kat:3, Licht: 2","142656","3","2","5","09","22","7","0","2","1","0","0","1"
"POINT (13.281719122000027 52.463078994000057)","Unfall 142657 (2020) Kat:3, Licht: 0","142657","3","3","5","09","14","4","1","0","0","1","0","0"
"POINT (13.509712253000032 52.422992479000072)","Unfall 142658 (2020) Kat:3, Licht: 0","142658","3","5","5","08","10","2","0","0","1","1","0","0"
"POINT (13.191895370000054 52.567521683000052)","Unfall 142659 (2020) Kat:3, Licht: 0","142659","3","1","0","08","13","5","0","0","1","0","0","0"
"POINT (13.259601482000051 52.413595641000029)","Unfall 142660 (2020) Kat:3, Licht: 0","142660","3","1","8","08","13","5","0","0","0","1","0","0"
"POINT (13.305825735000042 52.620414542000049)","Unfall 142661 (2020) Kat:3, Licht: 0","142661","3","3","0","09","12","6","1","0","1","0","0","1"
"POINT (13.376696256000059 52.454186796000045)","Unfall 142662 (2020) Kat:3, Licht: 0","142662","3","2","5","08","12","5","0","0","0","1","0","0"
"POINT (13.455894875000070 52.473906996000039)","Unfall 142663 (2020) Kat:3, Licht: 0","142663","3","4","6","08","12","5","0","0","0","1","1","0"
"POINT (13.274199218000035 52.435373503000051)","Unfall 142664 (2020) Kat:3, Licht: 0","142664","3","3","5","09","15","2","0","0","0","1","0","0"
"POINT (13.415938338000046 52.480569412000079)","Unfall 142665 (2020) Kat:2, Licht: 0","142665","2","6","2","09","18","5","0","0","0","1","0","0"
"POINT (13.325084697000023 52.461693629000081)","Unfall 142666 (2020) Kat:3, Licht: 0","142666","3","2","6","08","11","5","0","0","0","0","1","0"
"POINT (13.331038735000050 52.495098138000060)","Unfall 142667 (2020) Kat:2, Licht: 0","142667","2","6","3","09","13","1","0","0","0","1","0","0"
"POINT (13.332730032000029 52.475469448000069)","Unfall 142668 (2020) Kat:3, Licht: 0","142668","3","3","5","09","09","5","0","0","1","1","0","0"
"POINT (13.423943362000045 52.509021348000033)","Unfall 142669 (2020) Kat:3, Licht: 0","142669","3","5","1","08","10","2","0","0","1","1","0","0"
"POINT (13.346225688000061 52.597280763000072)","Unfall 142670 (2020) Kat:3, Licht: 0","142670","3","6","4","08","10","5","0","0","0","1","0","0"
"POINT (13.300032073000068 52.504746695000051)","Unfall 142671 (2020) Kat:3, Licht: 0","142671","3","6","2","09","12","7","1","0","1","1","0","0"
"POINT (13.541086422000035 52.419544527000028)","Unfall 142672 (2020) Kat:3, Licht: 0","142672","3","1","0","09","08","4","1","0","1","0","0","0"
"POINT (13.375608175000025 52.540236803000028)","Unfall 142673 (2020) Kat:2, Licht: 0","142673","2","3","5","08","10","2","0","0","0","1","0","1"
"POINT (13.286123996000072 52.480180301000075)","Unfall 142674 (2020) Kat:3, Licht: 0","142674","3","6","2","08","09","5","0","0","0","1","0","0"
"POINT (13.429083511000044 52.498489674000041)","Unfall 142675 (2020) Kat:3, Licht: 0","142675","3","6","3","09","08","6","1","0","0","1","0","1"
"POINT (13.271886439000070 52.519448878000048)","Unfall 142676 (2020) Kat:3, Licht: 0","142676","3","2","5","08","08","5","0","0","1","1","0","0"
"POINT (13.436472788000060 52.466962757000033)","Unfall 142677 (2020) Kat:3, Licht: 0","142677","3","3","5","09","11","2","0","0","0","1","0","0"
"POINT (13.375100043000032 52.437119515000063)","Unfall 142678 (2020) Kat:3, Licht: 0","142678","3","2","2","09","16","5","0","0","0","1","0","0"
"POINT (13.416809190000038 52.418168888000082)","Unfall 142679 (2020) Kat:3, Licht: 0","142679","3","2","5","08","07","5","0","0","1","0","0","0"
"POINT (13.394912722000072 52.493314738000038)","Unfall 142680 (2020) Kat:2, Licht: 0","142680","2","3","5","08","07","5","0","0","0","1","0","0"
"POINT (13.304045620000068 52.619447621000063)","Unfall 142681 (2020) Kat:3, Licht: 0","142681","3","3","5","09","13","2","0","0","1","1","0","0"
"POINT (13.302816359000076 52.472858036000048)","Unfall 142682 (2020) Kat:3, Licht: 0","142682","3","4","6","09","17","5","0","0","1","0","1","0"
"POINT (13.407077711000056 52.523440708000066)","Unfall 142683 (2020) Kat:3, Licht: 2","142683","3","2","5","08","05","5","0","2","1","1","0","0"
"POINT (13.390733226000066 52.517231307000031)","Unfall 142684 (2020) Kat:2, Licht: 0","142684","2","2","5","09","11","1","0","0","1","1","0","0"
"POINT (13.247219414000028 52.542369152000049)","Unfall 142685 (2020) Kat:3, Licht: 0","142685","3","4","6","09","16","4","1","0","0","1","1","0"
"POINT (13.479497594000065 52.526863415000037)","Unfall 142686 (2020) Kat:3, Licht: 0","142686","3","4","6","08","10","2","0","0","0","1","1","0"
"POINT (13.383688864000021 52.518286945000057)","Unfall 142687 (2020) Kat:3, Licht: 0","142687","3","3","5","09","12","3","0","0","1","1","0","0"
"POINT (13.291790167000045 52.497207610000032)","Unfall 142688 (2020) Kat:3, Licht: 0","142688","3","6","3","08","18","4","0","0","1","1","0","0"
"POINT (13.365876536000030 52.525270112000044)","Unfall 142689 (2020) Kat:3, Licht: 2","142689","3","2","0","09","00","7","0","2","0","1","0","1"
"POINT (13.419327965000036 52.591417387000035)","Unfall 142690 (2020) Kat:2, Licht: 0","142690","2","3","5","09","11","4","1","0","0","1","0","0"
"POINT (13.496272936000025 52.432535331000054)","Unfall 142691 (2020) Kat:3, Licht: 0","142691","3","6","3","09","18","3","0","0","1","0","0","0"
"POINT (13.396029834000046 52.532430752000039)","Unfall 142692 (2020) Kat:3, Licht: 0","142692","3","2","5","08","09","4","0","0","1","1","0","0"
"POINT (13.221799898000029 52.536912800000039)","Unfall 142693 (2020) Kat:3, Licht: 0","142693","3","6","2","09","13","6","0","0","0","1","0","0"
"POINT (13.460435559000075 52.515920140000048)","Unfall 142694 (2020) Kat:3, Licht: 0","142694","3","2","5","08","11","4","0","0","1","1","0","0"
"POINT (13.354617222000059 52.473382237000067)","Unfall 142695 (2020) Kat:3, Licht: 0","142695","3","6","2","09","18","3","0","0","0","1","0","0"
"POINT (13.424639694000064 52.607415564000064)","Unfall 142696 (2020) Kat:3, Licht: 0","142696","3","2","5","09","13","2","0","0","1","1","0","0"
"POINT (13.347891605000029 52.435208099000079)","Unfall 142697 (2020) Kat:3, Licht: 0","142697","3","2","5","09","08","5","1","0","1","0","0","0"
"POINT (13.381681169000046 52.552264233000074)","Unfall 142698 (2020) Kat:3, Licht: 0","142698","3","2","5","08","16","4","1","0","1","1","0","0"
"POINT (13.466371626000068 52.550305661000039)","Unfall 142699 (2020) Kat:3, Licht: 0","142699","3","5","1","09","18","1","0","0","1","1","0","0"
"POINT (13.317757853000046 52.507547975000080)","Unfall 142700 (2020) Kat:3, Licht: 0","142700","3","3","5","09","17","4","1","0","0","1","0","0"
"POINT (13.212122797000063 52.569843761000072)","Unfall 142701 (2020) Kat:3, Licht: 0","142701","3","5","1","08","16","2","1","0","0","1","0","1"
"POINT (13.499771593000048 52.457005034000076)","Unfall 142702 (2020) Kat:2, Licht: 2","142702","2","1","8","08","23","4","1","2","0","0","0","1"
"POINT (13.452665640000077 52.429002529000059)","Unfall 142703 (2020) Kat:3, Licht: 2","142703","3","6","2","08","21","4","1","2","1","1","0","0"
"POINT (13.353041859000029 52.502349291000030)","Unfall 142704 (2020) Kat:3, Licht: 0","142704","3","2","5","09","13","6","0","0","0","1","0","0"
"POINT (13.458308214000056 52.485810948000051)","Unfall 142705 (2020) Kat:3, Licht: 0","142705","3","2","5","09","11","4","1","0","1","1","0","0"
"POINT (13.418527345000030 52.501491749000081)","Unfall 142706 (2020) Kat:2, Licht: 0","142706","2","5","1","09","14","5","0","0","1","0","0","0"
"POINT (13.323873748000040 52.460257799000033)","Unfall 142707 (2020) Kat:3, Licht: 0","142707","3","6","2","09","17","4","0","0","0","1","0","0"
"POINT (13.526902155000073 52.437716599000055)","Unfall 142708 (2020) Kat:3, Licht: 2","142708","3","2","5","09","22","5","0","2","0","1","0","0"
"POINT (13.345644318000041 52.436212800000078)","Unfall 142709 (2020) Kat:3, Licht: 0","142709","3","2","5","09","17","1","0","0","1","1","0","0"
"POINT (13.462061378000044 52.519007783000063)","Unfall 142710 (2020) Kat:3, Licht: 0","142710","3","7","2","09","09","3","0","0","0","1","0","0"
"POINT (13.408319654000024 52.534482410000066)","Unfall 142711 (2020) Kat:3, Licht: 0","142711","3","6","3","09","14","7","0","0","1","1","0","0"
"POINT (13.473979932000077 52.603774060000035)","Unfall 142712 (2020) Kat:3, Licht: 0","142712","3","6","3","09","15","4","0","0","1","1","0","0"
"POINT (13.344985621000035 52.484606213000063)","Unfall 142713 (2020) Kat:3, Licht: 0","142713","3","2","5","09","14","6","0","0","1","1","0","0"
"POINT (13.558486153000047 52.454645810000045)","Unfall 142714 (2020) Kat:3, Licht: 0","142714","3","6","4","09","16","4","0","0","1","0","0","0"
"POINT (13.416420646000063 52.510937277000039)","Unfall 142715 (2020) Kat:2, Licht: 0","142715","2","2","5","09","08","2","0","0","1","0","0","0"
"POINT (13.514518572000043 52.571162283000035)","Unfall 142716 (2020) Kat:3, Licht: 0","142716","3","3","5","09","16","4","0","0","1","0","0","1"
"POINT (13.355388665000021 52.486683231000029)","Unfall 142717 (2020) Kat:3, Licht: 0","142717","3","7","0","09","12","1","0","0","0","1","0","0"
"POINT (13.287038186000075 52.495756554000081)","Unfall 142718 (2020) Kat:3, Licht: 0","142718","3","6","2","09","18","3","0","0","1","1","0","0"
"POINT (13.321472124000024 52.501834513000063)","Unfall 142719 (2020) Kat:3, Licht: 2","142719","3","1","0","09","21","6","0","2","0","0","0","1"
"POINT (13.268786376000037 52.404906828000037)","Unfall 142720 (2020) Kat:3, Licht: 0","142720","3","6","2","09","17","2","0","0","0","1","0","0"
"POINT (13.435264871000072 52.425938019000057)","Unfall 142721 (2020) Kat:3, Licht: 0","142721","3","5","1","09","12","3","0","0","1","1","0","0"
"POINT (13.330724807000024 52.562587887000063)","Unfall 142722 (2020) Kat:3, Licht: 0","142722","3","2","5","09","09","6","0","0","1","1","0","0"
"POINT (13.371110200000032 52.484042658000078)","Unfall 142723 (2020) Kat:2, Licht: 1","142723","2","6","4","09","20","2","0","1","0","1","0","0"
"POINT (13.417302433000032 52.531266452000068)","Unfall 142724 (2020) Kat:3, Licht: 0","142724","3","7","6","09","07","6","0","0","1","0","1","0"
"POINT (13.251632912000048 52.597045343000048)","Unfall 142725 (2020) Kat:3, Licht: 0","142725","3","6","4","09","15","4","0","0","0","1","0","0"
"POINT (13.285805312000036 52.592425240000068)","Unfall 142726 (2020) Kat:3, Licht: 0","142726","3","3","6","09","10","2","0","0","0","1","1","0"
"POINT (13.571086031000050 52.444444716000078)","Unfall 142727 (2020) Kat:3, Licht: 0","142727","3","6","3","09","14","4","0","0","1","0","0","0"
"POINT (13.571395137000025 52.433903702000066)","Unfall 142728 (2020) Kat:3, Licht: 0","142728","3","5","1","09","07","1","0","0","0","1","0","0"
"POINT (13.441647534000026 52.469694755000035)","Unfall 142729 (2020) Kat:3, Licht: 0","142729","3","7","0","09","16","3","0","0","0","1","0","1"
"POINT (13.237774106000074 52.545855746000029)","Unfall 142730 (2020) Kat:2, Licht: 0","142730","2","4","6","09","18","6","0","0","0","1","1","0"
"POINT (13.427299872000049 52.511464957000044)","Unfall 142731 (2020) Kat:3, Licht: 0","142731","3","5","1","09","18","2","0","0","1","1","0","0"
"POINT (13.509701725000070 52.501665456000069)","Unfall 142732 (2020) Kat:3, Licht: 0","142732","3","5","1","09","12","5","0","0","1","1","0","0"
"POINT (13.359842549000064 52.475483190000034)","Unfall 142733 (2020) Kat:2, Licht: 2","142733","2","3","5","09","21","4","0","2","1","1","0","0"
"POINT (13.432048473000066 52.499441178000041)","Unfall 142734 (2020) Kat:3, Licht: 1","142734","3","3","5","09","20","5","0","1","0","1","0","1"
"POINT (13.241887486000053 52.444386894000047)","Unfall 142735 (2020) Kat:3, Licht: 0","142735","3","3","5","09","12","1","0","0","0","1","0","0"
"POINT (13.456592019000027 52.431579373000034)","Unfall 142736 (2020) Kat:3, Licht: 0","142736","3","2","4","09","13","4","0","0","0","1","0","1"
"POINT (13.394284922000054 52.491011029000049)","Unfall 142737 (2020) Kat:3, Licht: 2","142737","3","5","1","09","02","6","0","2","0","1","0","0"
"POINT (13.332472191000022 52.506050017000064)","Unfall 142738 (2020) Kat:3, Licht: 0","142738","3","2","0","09","13","4","0","0","1","1","0","0"
"POINT (13.489266490000034 52.542411006000066)","Unfall 142739 (2020) Kat:3, Licht: 0","142739","3","2","0","09","13","2","0","0","1","1","0","0"
"POINT (13.395145697000032 52.495181285000058)","Unfall 142740 (2020) Kat:3, Licht: 0","142740","3","3","5","09","13","4","0","0","0","1","0","1"
"POINT (13.175945911000042 52.419554654000081)","Unfall 142741 (2020) Kat:2, Licht: 0","142741","2","3","5","09","14","7","0","0","1","1","0","0"
"POINT (13.361674616000073 52.456061684000076)","Unfall 142742 (2020) Kat:2, Licht: 0","142742","2","4","6","09","15","3","0","0","0","1","1","0"
"POINT (13.362116667000066 52.497945591000075)","Unfall 142743 (2020) Kat:2, Licht: 0","142743","2","2","2","09","13","6","0","0","0","1","0","1"
"POINT (13.405922889000067 52.513925296000082)","Unfall 142744 (2020) Kat:3, Licht: 0","142744","3","3","0","09","15","2","0","0","1","0","0","1"
"POINT (13.392679404000035 52.524613852000073)","Unfall 142745 (2020) Kat:3, Licht: 0","142745","3","5","1","09","15","5","0","0","0","1","0","0"
"POINT (13.481165154000053 52.460794481000050)","Unfall 142746 (2020) Kat:3, Licht: 2","142746","3","2","5","09","20","4","0","2","0","1","0","0"
"POINT (13.391989099000057 52.563797064000028)","Unfall 142747 (2020) Kat:3, Licht: 1","142747","3","4","6","09","20","5","0","1","0","1","1","0"
"POINT (13.404447080000068 52.495208707000074)","Unfall 142748 (2020) Kat:3, Licht: 2","142748","3","3","5","09","20","1","0","2","0","1","0","0"
"POINT (13.327338390000023 52.422547176000080)","Unfall 142749 (2020) Kat:3, Licht: 0","142749","3","3","5","09","09","3","0","0","0","1","0","0"
"POINT (13.551052835000064 52.456439951000050)","Unfall 142750 (2020) Kat:3, Licht: 0","142750","3","6","3","09","15","7","0","0","0","1","0","1"
"POINT (13.425224853000032 52.528173207000066)","Unfall 142751 (2020) Kat:3, Licht: 0","142751","3","7","0","09","11","4","0","0","1","0","0","0"
"POINT (13.411017613000070 52.530617702000029)","Unfall 142752 (2020) Kat:3, Licht: 0","142752","3","2","5","09","07","6","0","0","1","1","0","0"
"POINT (13.256000843000038 52.435860011000045)","Unfall 142753 (2020) Kat:2, Licht: 0","142753","2","3","5","09","18","7","0","0","1","1","0","0"
"POINT (13.414334827000062 52.551378773000067)","Unfall 142754 (2020) Kat:3, Licht: 0","142754","3","3","5","09","11","2","0","0","0","1","0","0"
"POINT (13.508100259000059 52.450306050000052)","Unfall 142755 (2020) Kat:3, Licht: 0","142755","3","3","0","09","14","6","0","0","0","1","0","0"
"POINT (13.487767860000076 52.510909257000037)","Unfall 142756 (2020) Kat:3, Licht: 0","142756","3","2","5","09","12","2","0","0","0","1","0","1"
"POINT (13.352939208000066 52.516254739000033)","Unfall 142757 (2020) Kat:3, Licht: 0","142757","3","4","6","09","13","5","0","0","0","1","1","0"
"POINT (13.357731409000053 52.506443281000031)","Unfall 142758 (2020) Kat:3, Licht: 0","142758","3","2","2","09","11","4","0","0","1","0","0","0"
"POINT (13.396448466000038 52.465325838000069)","Unfall 142759 (2020) Kat:3, Licht: 1","142759","3","7","5","09","19","5","0","1","0","1","0","0"
"POINT (13.331540210000071 52.610052803000031)","Unfall 142760 (2020) Kat:3, Licht: 0","142760","3","6","2","09","16","1","0","0","0","1","0","0"
"POINT (13.466834842000026 52.428499810000062)","Unfall 142761 (2020) Kat:3, Licht: 0","142761","3","6","2","09","11","3","0","0","0","1","0","0"
"POINT (13.233917880000035 52.551417738000055)","Unfall 142762 (2020) Kat:3, Licht: 0","142762","3","3","5","09","13","7","0","0","1","1","0","0"
"POINT (13.549784186000068 52.542874766000068)","Unfall 142763 (2020) Kat:3, Licht: 0","142763","3","2","5","09","10","4","0","0","0","1","0","0"
"POINT (13.401827867000065 52.587340217000076)","Unfall 142764 (2020) Kat:3, Licht: 2","142764","3","3","5","09","05","6","0","2","1","1","0","0"
"POINT (13.478753444000063 52.477594363000037)","Unfall 142765 (2020) Kat:3, Licht: 0","142765","3","2","5","09","09","4","0","0","0","1","0","0"
"POINT (13.496797377000064 52.415668452000034)","Unfall 142766 (2020) Kat:3, Licht: 0","142766","3","3","5","09","07","2","0","0","1","0","0","0"
"POINT (13.188395220000075 52.534322442000075)","Unfall 142767 (2020) Kat:3, Licht: 0","142767","3","4","6","09","09","4","0","0","0","0","1","0"
"POINT (13.384340509000026 52.484109570000044)","Unfall 142768 (2020) Kat:3, Licht: 0","142768","3","7","5","09","09","4","0","0","0","1","0","0"
"POINT (13.348171667000031 52.458932302000051)","Unfall 142769 (2020) Kat:3, Licht: 0","142769","3","1","0","09","09","2","0","0","1","0","0","0"
"POINT (13.411816788000067 52.492133137000053)","Unfall 142770 (2020) Kat:2, Licht: 0","142770","2","5","1","09","11","5","0","0","1","1","0","0"
"POINT (13.158568205000051 52.531536180000046)","Unfall 142771 (2020) Kat:3, Licht: 0","142771","3","2","2","09","08","4","0","0","0","1","0","0"
"POINT (13.443686499000023 52.494117825000046)","Unfall 142772 (2020) Kat:3, Licht: 0","142772","3","3","5","09","13","1","0","0","1","1","0","0"
"POINT (13.470204353000042 52.535128944000064)","Unfall 142773 (2020) Kat:2, Licht: 0","142773","2","1","0","09","17","3","0","0","1","0","0","0"
"POINT (13.569702204000066 52.442019180000045)","Unfall 142774 (2020) Kat:3, Licht: 0","142774","3","2","5","09","16","6","0","0","1","1","0","0"
"POINT (13.466956335000077 52.596714901000041)","Unfall 142775 (2020) Kat:2, Licht: 0","142775","2","2","5","09","18","2","0","0","0","1","0","1"
"POINT (13.365722399000049 52.557132660000036)","Unfall 142776 (2020) Kat:3, Licht: 0","142776","3","2","0","09","14","6","0","0","1","1","0","0"
"POINT (13.511433001000057 52.446027922000042)","Unfall 142777 (2020) Kat:3, Licht: 0","142777","3","3","5","09","08","4","0","0","0","1","0","0"
"POINT (13.338815146000059 52.444375383000079)","Unfall 142778 (2020) Kat:3, Licht: 0","142778","3","2","5","09","12","2","0","0","0","1","0","0"
"POINT (13.316797887000064 52.514089431000059)","Unfall 142779 (2020) Kat:2, Licht: 0","142779","2","6","2","09","08","4","0","0","0","1","0","0"
"POINT (13.445588437000026 52.485831080000082)","Unfall 142780 (2020) Kat:3, Licht: 0","142780","3","5","1","09","15","1","0","0","1","1","0","0"
"POINT (13.328599354000062 52.531133400000044)","Unfall 142781 (2020) Kat:2, Licht: 0","142781","2","2","5","09","15","3","0","0","0","1","0","1"
"POINT (13.209207276000029 52.580635921000066)","Unfall 142782 (2020) Kat:3, Licht: 1","142782","3","1","0","09","17","6","0","1","1","0","0","0"
"POINT (13.352012370000068 52.508161369000049)","Unfall 142783 (2020) Kat:3, Licht: 0","142783","3","1","0","09","11","1","0","0","1","0","0","0"
"POINT (13.380067410000038 52.540535321000050)","Unfall 142784 (2020) Kat:3, Licht: 0","142784","3","3","5","09","18","3","0","0","1","1","0","0"
"POINT (13.320220806000066 52.483756975000063)","Unfall 142785 (2020) Kat:3, Licht: 0","142785","3","2","0","09","18","6","0","0","0","1","0","1"
"POINT (13.508557866000046 52.466894054000079)","Unfall 142786 (2020) Kat:3, Licht: 0","142786","3","5","1","09","16","2","0","0","1","1","0","0"
"POINT (13.424899137000068 52.457918027000062)","Unfall 142787 (2020) Kat:2, Licht: 0","142787","2","7","0","09","16","5","1","0","1","0","0","0"
"POINT (13.386300963000053 52.501452030000053)","Unfall 142788 (2020) Kat:3, Licht: 0","142788","3","1","0","09","08","4","0","0","1","0","0","0"
"POINT (13.191226891000042 52.520886671000028)","Unfall 142789 (2020) Kat:3, Licht: 0","142789","3","5","1","09","13","2","0","0","0","1","0","0"
"POINT (13.525469870000052 52.481555367000055)","Unfall 142790 (2020) Kat:3, Licht: 0","142790","3","2","5","09","06","4","0","0","1","1","0","0"
"POINT (13.393826229000069 52.528537292000067)","Unfall 142791 (2020) Kat:3, Licht: 1","142791","3","2","2","09","20","7","0","1","1","1","0","0"