WKT,Name,OBJECTID,UKATEGORIE,UTYP1,UART,UMONAT,USTUNDE,UWOCHENTAG,STRZUSTAND,ULICHTVERH,ISTRAD,ISTPKW,ISTFUSS,ISTKRAD
"POINT (13.540128107000044 52.525664830000039)","Unfall 142792 (2020) Kat:3, Licht: 0","142792","3","2","0","09","15","2","0","0","1","0","0","0"
"POINT (13.380568080000046 52.528448751000042)","Unfall 142793 (2020) Kat:3, Licht: 0","142793","3","7","5","09","12","6","0","0","1","1","0","0"
"POINT (13.439408744000048 52.555667648000053)","Unfall 142794 (2020) Kat:3, Licht: 0","142794","3","3","5","09","14","2","0","0","1","1","0","0"
"POINT (13.429206597000075 52.608152070000074)","Unfall 142795 (2020) Kat:3, Licht: 0","142795","3","2","5","09","14","5","0","0","1","1","0","0"
"POINT (13.462112743000034 52.529730290000032)","Unfall 142796 (2020) Kat:2, Licht: 1","142796","2","4","6","09","05","4","0","1","0","0","1","1"
"POINT (13.331241790000036 52.467775798000048)","Unfall 142797 (2020) Kat:3, Licht: 0","142797","3","5","1","09","18","5","0","0","1","1","0","0"
"POINT (13.398095216000058 52.527216027000065)","Unfall 142798 (2020) Kat:3, Licht: 2","142798","3","7","5","09","20","1","0","2","0","1","0","0"
"POINT (13.400702807000073 52.510122176000039)","Unfall 142799 (2020) Kat:3, Licht: 0","142799","3","6","2","09","16","2","0","0","0","1","0","0"
"POINT (13.522649244000036 52.426660824000066)","Unfall 142800 (2020) Kat:2, Licht: 0","142800","2","2","5","09","06","5","0","0","0","1","0","1"
"POINT (13.219616101000042 52.538984223000057)","Unfall 142801 (2020) Kat:2, Licht: 0","142801","2","7","1","09","14","3","0","0","0","1","0","0"
"POINT (13.328551233000042 52.530953962000069)","Unfall 142802 (2020) Kat:3, Licht: 0","142802","3","6","2","09","18","5","0","0","0","1","0","0"
"POINT (13.382691063000038 52.491178764000040)","Unfall 142803 (2020) Kat:3, Licht: 0","142803","3","3","5","09","19","1","0","0","1","0","0","0"
"POINT (13.321669628000052 52.501864862000048)","Unfall 142804 (2020) Kat:3, Licht: 0","142804","3","2","5","09","18","7","0","0","1","1","0","0"
"POINT (13.337852241000064 52.505055369000047)","Unfall 142805 (2020) Kat:3, Licht: 0","142805","3","5","1","09","10","5","0","0","1","1","0","0"
"POINT (13.429076409000061 52.506984805000059)","Unfall 142806 (2020) Kat:3, Licht: 2","142806","3","5","1","09","21","2","0","2","1","1","0","0"
"POINT (13.429930466000030 52.523051434000081)","Unfall 142807 (2020) Kat:3, Licht: 0","142807","3","2","5","09","11","6","0","0","1","1","0","0"
"POINT (13.128548135000074 52.465816533000066)","Unfall 142808 (2020) Kat:3, Licht: 0","142808","3","3","5","09","08","2","0","0","1","1","0","0"
"POINT (13.202675836000026 52.537969162000081)","Unfall 142809 (2020) Kat:3, Licht: 0","142809","3","1","0","09","12","5","0","0","0","0","0","1"
"POINT (13.507721053000068 52.534711917000038)","Unfall 142810 (2020) Kat:3, Licht: 0","142810","3","2","5","09","12","3","0","0","1","1","0","0"
"POINT (13.204186799000070 52.540549337000073)","Unfall 142811 (2020) Kat:3, Licht: 1","142811","3","6","3","09","18","5","0","1","0","1","0","1"
"POINT (13.401236800000049 52.526755764000029)","Unfall 142812 (2020) Kat:2, Licht: 0","142812","2","6","0","09","15","1","0","0","1","1","0","0"
"POINT (13.414664578000043 52.533285516000035)","Unfall 142813 (2020) Kat:3, Licht: 0","142813","3","3","5","09","09","5","0","0","0","1","0","1"
"POINT (13.410583056000064 52.516016223000065)","Unfall 142814 (2020) Kat:2, Licht: 0","142814","2","3","5","09","12","3","0","0","0","1","0","0"
"POINT (13.585484182000073 52.549701341000059)","Unfall 142815 (2020) Kat:2, Licht: 0","142815","2","4","6","09","08","7","0","0","0","0","1","0"
"POINT (13.244482697000024 52.425864367000031)","Unfall 142816 (2020) Kat:3, Licht: 0","142816","3","3","6","09","10","5","0","0","0","1","1","0"
"POINT (13.455840781000063 52.473828190000063)","Unfall 142817 (2020) Kat:3, Licht: 0","142817","3","2","2","09","09","3","0","0","0","1","0","1"
"POINT (13.483237808000069 52.425689942000076)","Unfall 142818 (2020) Kat:3, Licht: 0","142818","3","2","2","09","14","7","0","0","0","1","0","0"
"POINT (13.282271256000058 52.638700881000034)","Unfall 142819 (2020) Kat:3, Licht: 0","142819","3","5","1","09","12","3","0","0","1","0","0","0"
"POINT (13.238360230000069 52.542515819000073)","Unfall 142820 (2020) Kat:3, Licht: 0","142820","3","6","0","09","10","6","0","0","0","1","0","0"
"POINT (13.380930444000057 52.516187645000059)","Unfall 142821 (2020) Kat:3, Licht: 0","142821","3","6","2","09","12","3","0","0","1","0","0","0"
"POINT (13.464438402000042 52.570432409000034)","Unfall 142822 (2020) Kat:3, Licht: 0","142822","3","3","5","09","09","2","0","0","1","1","0","0"
"POINT (13.329686355000035 52.523773188000064)","Unfall 142823 (2020) Kat:3, Licht: 0","142823","3","2","5","09","10","5","0","0","0","1","0","0"
"POINT (13.369463856000039 52.456719957000075)","Unfall 142824 (2020) Kat:2, Licht: 0","142824","2","6","2","09","11","3","0","0","0","0","0","1"
"POINT (13.261154196000064 52.516176141000074)","Unfall 142825 (2020) Kat:3, Licht: 0","142825","3","4","6","09","13","1","0","0","0","1","1","0"
"POINT (13.406778712000062 52.393768323000074)","Unfall 142826 (2020) Kat:3, Licht: 0","142826","3","2","5","09","09","5","0","0","0","1","0","0"
"POINT (13.410093494000023 52.502813471000081)","Unfall 142827 (2020) Kat:3, Licht: 0","142827","3","5","1","09","19","3","0","0","1","1","0","0"
"POINT (13.643075845000055 52.456023238000057)","Unfall 142828 (2020) Kat:2, Licht: 2","142828","2","7","7","09","21","6","0","2","0","0","0","1"
"POINT (13.420132882000075 52.538182307000056)","Unfall 142829 (2020) Kat:2, Licht: 0","142829","2","2","5","09","17","2","0","0","1","1","0","0"
"POINT (13.302906082000050 52.530317258000082)","Unfall 142830 (2020) Kat:3, Licht: 2","142830","3","3","5","09","23","6","0","2","1","1","0","0"
"POINT (13.383608932000072 52.572694880000029)","Unfall 142831 (2020) Kat:3, Licht: 0","142831","3","2","3","09","11","3","0","0","1","1","0","0"
"POINT (13.162747272000047 52.533463336000068)","Unfall 142832 (2020) Kat:3, Licht: 0","142832","3","3","5","09","14","2","0","0","1","1","0","0"
"POINT (13.387976805000051 52.502766014000031)","Unfall 142833 (2020) Kat:2, Licht: 2","142833","2","5","1","09","20","2","0","2","1","1","0","0"
"POINT (13.409126324000056 52.528382738000062)","Unfall 142834 (2020) Kat:3, Licht: 0","142834","3","1","0","09","09","6","0","0","1","0","0","0"
"POINT (13.353584769000065 52.488810789000070)","Unfall 142835 (2020) Kat:3, Licht: 0","142835","3","7","2","09","10","3","0","0","1","1","0","0"
"POINT (13.303739929000074 52.525525116000040)","Unfall 142836 (2020) Kat:3, Licht: 0","142836","3","2","2","09","07","2","0","0","0","1","0","0"
"POINT (13.334108059000073 52.589738908000072)","Unfall 142837 (2020) Kat:3, Licht: 0","142837","3","2","5","09","10","3","0","0","0","1","0","0"
"POINT (13.193814288000056 52.533684137000080)","Unfall 142838 (2020) Kat:3, Licht: 0","142838","3","3","5","09","09","1","0","0","1","0","0","0"
"POINT (13.428690847000041 52.518917476000070)","Unfall 142839 (2020) Kat:3, Licht: 0","142839","3","2","5","09","09","5","0","0","1","1","0","0"
"POINT (13.406550729000060 52.393763586000034)","Unfall 142840 (2020) Kat:2, Licht: 0","142840","2","2","5","09","17","3","0","0","0","1","0","0"
"POINT (13.182868562000067 52.485746643000027)","Unfall 142841 (2020) Kat:3, Licht: 0","142841","3","2","0","09","18","6","0","0","1","1","0","0"
"POINT (13.188646394000045 52.521435080000060)","Unfall 142842 (2020) Kat:3, Licht: 0","142842","3","6","2","09","16","2","0","0","0","1","0","1"
"POINT (13.490699339000059 52.515231761000052)","Unfall 142843 (2020) Kat:3, Licht: 0","142843","3","3","5","09","08","5","0","0","1","1","0","0"
"POINT (13.156982263000032 52.539228496000078)","Unfall 142844 (2020) Kat:3, Licht: 0","142844","3","3","5","09","09","3","0","0","0","1","0","0"
"POINT (13.428697754000041 52.518934438000031)","Unfall 142845 (2020) Kat:3, Licht: 0","142845","3","2","5","09","17","5","0","0","1","1","0","0"
"POINT (13.271499011000060 52.510117865000041)","Unfall 142846 (2020) Kat:3, Licht: 0","142846","3","6","0","09","12","2","0","0","0","0","0","1"
"POINT (13.347960532000059 52.541308018000052)","Unfall 142847 (2020) Kat:3, Licht: 0","142847","3","6","0","09","09","3","0","0","0","1","0","1"
"POINT (13.337724528000024 52.503872759000046)","Unfall 142848 (2020) Kat:2, Licht: 1","142848","2","3","5","09","19","7","0","1","0","1","0","0"
"POINT (13.407112917000063 52.586341268000069)","Unfall 142849 (2020) Kat:3, Licht: 0","142849","3","3","5","09","10","2","0","0","0","1","0","0"
"POINT (13.411051384000075 52.530642056000033)","Unfall 142850 (2020) Kat:3, Licht: 0","142850","3","2","5","09","09","3","0","0","1","1","0","0"
"POINT (13.551974719000043 52.428117154000063)","Unfall 142851 (2020) Kat:2, Licht: 0","142851","2","6","4","09","15","7","0","0","1","0","0","0"
"POINT (13.593498292000049 52.443384410000078)","Unfall 142852 (2020) Kat:3, Licht: 0","142852","3","2","2","09","15","3","0","0","0","1","0","0"
"POINT (13.346247142000038 52.501052703000028)","Unfall 142853 (2020) Kat:3, Licht: 0","142853","3","2","5","09","17","6","0","0","0","1","0","0"
"POINT (13.281795625000029 52.592222258000049)","Unfall 142854 (2020) Kat:3, Licht: 0","142854","3","6","2","09","15","2","0","0","0","1","0","0"
"POINT (13.575511945000073 52.447482825000066)","Unfall 142855 (2020) Kat:3, Licht: 0","142855","3","3","5","09","15","5","0","0","1","1","0","0"
"POINT (13.254074137000032 52.450827358000026)","Unfall 142856 (2020) Kat:3, Licht: 0","142856","3","2","5","09","08","3","0","0","0","1","0","0"
"POINT (13.296434909000027 52.529269711000040)","Unfall 142857 (2020) Kat:3, Licht: 0","142857","3","2","5","09","17","5","0","0","0","1","0","0"
"POINT (13.314517039000066 52.464999733000070)","Unfall 142858 (2020) Kat:2, Licht: 2","142858","2","6","2","09","22","1","0","2","0","1","0","0"
"POINT (13.370608915000048 52.523390000000063)","Unfall 142859 (2020) Kat:3, Licht: 0","142859","3","4","6","09","09","5","0","0","1","0","1","0"
"POINT (13.386456128000077 52.511917171000050)","Unfall 142860 (2020) Kat:3, Licht: 0","142860","3","6","2","09","09","3","0","0","1","1","0","0"
"POINT (13.421078786000066 52.517480647000070)","Unfall 142861 (2020) Kat:3, Licht: 0","142861","3","1","2","09","15","7","0","0","1","0","0","0"
"POINT (13.340349698000068 52.504002536000030)","Unfall 142862 (2020) Kat:3, Licht: 0","142862","3","7","5","09","08","5","0","0","1","1","0","0"
"POINT (13.414192413000023 52.511315538000076)","Unfall 142863 (2020) Kat:2, Licht: 0","142863","2","6","3","09","10","6","0","0","1","1","0","0"
"POINT (13.335029561000056 52.560142642000073)","Unfall 142864 (2020) Kat:3, Licht: 0","142864","3","2","2","09","10","2","0","0","0","1","0","0"
"POINT (13.565579708000030 52.529417971000044)","Unfall 142865 (2020) Kat:3, Licht: 0","142865","3","6","3","09","12","5","0","0","0","1","0","0"
"POINT (13.619800826000073 52.539426823000042)","Unfall 142866 (2020) Kat:3, Licht: 0","142866","3","2","2","09","15","6","0","0","0","1","0","0"
"POINT (13.561058341000034 52.559338869000044)","Unfall 142867 (2020) Kat:3, Licht: 0","142867","3","4","6","09","14","2","0","0","0","1","1","0"
"POINT (13.450637752000034 52.527404769000043)","Unfall 142868 (2020) Kat:3, Licht: 0","142868","3","2","6","09","13","5","0","0","0","1","1","0"
"POINT (13.162435767000034 52.520124270000053)","Unfall 142869 (2020) Kat:3, Licht: 0","142869","3","3","5","09","08","3","0","0","0","1","0","0"
"POINT (13.176447392000057 52.539680749000070)","Unfall 142870 (2020) Kat:3, Licht: 0","142870","3","6","2","09","17","5","0","0","1","1","0","0"
"POINT (13.256288340000026 52.428866059000029)","Unfall 142871 (2020) Kat:3, Licht: 0","142871","3","3","5","09","17","1","0","0","0","1","0","1"
"POINT (13.342043167000043 52.517905707000068)","Unfall 142872 (2020) Kat:3, Licht: 0","142872","3","2","5","09","10","3","0","0","0","1","0","0"
"POINT (13.305978544000027 52.525636837000036)","Unfall 142873 (2020) Kat:3, Licht: 0","142873","3","2","5","09","14","7","0","0","1","1","0","0"
"POINT (13.343400518000067 52.553166031000046)","Unfall 142874 (2020) Kat:3, Licht: 0","142874","3","6","6","09","08","3","0","0","1","0","1","0"
"POINT (13.426386069000046 52.477023323000026)","Unfall 142875 (2020) Kat:3, Licht: 0","142875","3","6","3","09","10","6","0","0","1","1","0","0"
"POINT (13.200694018000036 52.538739914000075)","Unfall 142876 (2020) Kat:3, Licht: 0","142876","3","2","0","09","06","3","0","0","0","1","0","0"
"POINT (13.546546194000030 52.426363899000080)","Unfall 142877 (2020) Kat:3, Licht: 0","142877","3","2","5","09","08","2","0","0","1","1","0","0"
"POINT (13.472524129000021 52.515049971000053)","Unfall 142878 (2020) Kat:2, Licht: 2","142878","2","1","0","09","02","3","0","2","0","0","0","0"
"POINT (13.308185230000049 52.474257665000039)","Unfall 142879 (2020) Kat:3, Licht: 0","142879","3","7","6","09","12","1","0","0","0","1","1","0"
"POINT (13.456986571000073 52.502330403000030)","Unfall 142880 (2020) Kat:3, Licht: 0","142880","3","1","8","09","08","5","0","0","0","0","0","1"
"POINT (13.624309370000049 52.446849859000054)","Unfall 142881 (2020) Kat:3, Licht: 0","142881","3","2","5","09","18","3","0","0","1","1","0","0"
"POINT (13.367596002000028 52.493370168000069)","Unfall 142882 (2020) Kat:2, Licht: 1","142882","2","6","3","09","20","3","0","1","0","1","0","1"
"POINT (13.320040076000055 52.565967870000065)","Unfall 142883 (2020) Kat:3, Licht: 0","142883","3","6","3","09","13","1","0","0","0","1","0","0"
"POINT (13.345897093000076 52.589611223000077)","Unfall 142884 (2020) Kat:3, Licht: 0","142884","3","1","0","09","12","3","0","0","0","0","0","1"
"POINT (13.569703644000072 52.442016513000056)","Unfall 142885 (2020) Kat:3, Licht: 0","142885","3","2","5","09","16","6","0","0","1","1","0","0"
"POINT (13.434649203000049 52.508682634000081)","Unfall 142886 (2020) Kat:3, Licht: 0","142886","3","3","5","09","18","2","0","0","0","1","0","0"
"POINT (13.479751217000057 52.523065781000071)","Unfall 142887 (2020) Kat:3, Licht: 2","142887","3","1","0","09","03","6","0","2","1","0","0","0"
"POINT (13.307256891000065 52.517122086000029)","Unfall 142888 (2020) Kat:3, Licht: 1","142888","3","4","6","09","20","3","0","1","1","0","1","0"
"POINT (13.330092002000072 52.522579857000039)","Unfall 142889 (2020) Kat:3, Licht: 0","142889","3","3","5","09","10","2","0","0","1","1","0","0"
"POINT (13.428461768000034 52.514840940000056)","Unfall 142890 (2020) Kat:3, Licht: 0","142890","3","1","0","09","18","3","0","0","0","0","0","1"
"POINT (13.330444005000061 52.526778999000044)","Unfall 142891 (2020) Kat:3, Licht: 2","142891","3","5","0","09","00","1","0","2","0","1","0","0"
"POINT (13.377086854000027 52.553995057000066)","Unfall 142892 (2020) Kat:3, Licht: 0","142892","3","3","5","09","16","3","0","0","0","1","0","0"
"POINT (13.297546866000062 52.498137175000068)","Unfall 142893 (2020) Kat:3, Licht: 0","142893","3","7","2","09","17","6","0","0","0","1","0","0"
"POINT (13.395683301000076 52.498521755000070)","Unfall 142894 (2020) Kat:3, Licht: 0","142894","3","6","2","09","16","2","0","0","0","1","0","0"
"POINT (13.522056439000039 52.535858176000033)","Unfall 142895 (2020) Kat:2, Licht: 0","142895","2","2","5","09","16","5","0","0","1","1","0","0"
"POINT (13.335260869000024 52.451311444000055)","Unfall 142896 (2020) Kat:3, Licht: 0","142896","3","3","5","09","18","3","0","0","1","0","0","0"
"POINT (13.380429248000041 52.518141078000042)","Unfall 142897 (2020) Kat:3, Licht: 2","142897","3","2","0","09","21","6","0","2","1","0","0","1"
"POINT (13.423196462000021 52.506801070000051)","Unfall 142898 (2020) Kat:3, Licht: 0","142898","3","3","5","09","16","2","0","0","1","1","0","0"
"POINT (13.407872605000023 52.500030663000075)","Unfall 142899 (2020) Kat:3, Licht: 2","142899","3","2","5","09","01","6","0","2","0","1","0","1"
"POINT (13.316454086000022 52.566940479000039)","Unfall 142900 (2020) Kat:3, Licht: 2","142900","3","2","5","09","00","3","0","2","0","0","0","0"
"POINT (13.165380350000078 52.551165154000046)","Unfall 142901 (2020) Kat:3, Licht: 0","142901","3","3","5","09","13","2","0","0","0","1","0","0"
"POINT (13.427987228000063 52.507446765000054)","Unfall 142902 (2020) Kat:3, Licht: 0","142902","3","6","3","09","17","3","0","0","1","0","0","0"
"POINT (13.575207523000074 52.424409609000065)","Unfall 142903 (2020) Kat:2, Licht: 2","142903","2","2","5","09","23","7","0","2","1","1","0","0"
"POINT (13.280488565000041 52.506360301000029)","Unfall 142904 (2020) Kat:2, Licht: 0","142904","2","6","2","09","08","5","0","0","0","1","0","1"
"POINT (13.356763660000070 52.506369837000079)","Unfall 142905 (2020) Kat:3, Licht: 2","142905","3","6","2","09","23","2","0","2","0","1","0","0"
"POINT (13.575203296000041 52.446742465000057)","Unfall 142906 (2020) Kat:3, Licht: 0","142906","3","7","2","09","13","6","0","0","1","0","0","0"
"POINT (13.386649920000025 52.511843932000033)","Unfall 142907 (2020) Kat:3, Licht: 0","142907","3","2","2","09","15","2","0","0","1","1","0","0"
"POINT (13.200920951000057 52.512101631000064)","Unfall 142908 (2020) Kat:3, Licht: 0","142908","3","2","0","09","15","5","0","0","1","1","0","0"
"POINT (13.480744788000038 52.608952770000030)","Unfall 142909 (2020) Kat:3, Licht: 0","142909","3","6","2","09","17","3","0","0","0","1","0","0"
"POINT (13.321811250000053 52.560562582000045)","Unfall 142910 (2020) Kat:2, Licht: 0","142910","2","2","5","09","16","5","0","0","0","1","0","0"
"POINT (13.478829808000057 52.458793065000066)","Unfall 142911 (2020) Kat:3, Licht: 2","142911","3","6","2","09","20","1","0","2","0","1","0","0"
"POINT (13.473740919000022 52.536172168000064)","Unfall 142912 (2020) Kat:3, Licht: 0","142912","3","2","6","09","09","3","0","0","0","1","1","0"
"POINT (13.297847722000029 52.495518119000053)","Unfall 142913 (2020) Kat:2, Licht: 0","142913","2","7","5","09","15","7","0","0","0","1","0","1"
"POINT (13.540157206000060 52.565283170000043)","Unfall 142914 (2020) Kat:3, Licht: 0","142914","3","2","5","09","16","5","0","0","1","1","0","0"
"POINT (13.362389726000060 52.557780056000070)","Unfall 142915 (2020) Kat:3, Licht: 0","142915","3","2","5","09","13","1","0","0","0","1","0","1"
"POINT (13.432008632000077 52.499327172000051)","Unfall 142916 (2020) Kat:3, Licht: 0","142916","3","3","5","09","18","7","0","0","0","1","0","0"
"POINT (13.371601514000076 52.511186071000054)","Unfall 142917 (2020) Kat:3, Licht: 2","142917","3","6","3","09","22","2","0","2","0","1","0","1"
"POINT (13.372413206000033 52.538617426000030)","Unfall 142918 (2020) Kat:3, Licht: 0","142918","3","7","5","09","11","6","0","0","1","1","0","0"
"POINT (13.286707455000055 52.480310646000078)","Unfall 142919 (2020) Kat:3, Licht: 0","142919","3","7","1","09","07","2","0","0","1","1","0","0"
"POINT (13.281998842000064 52.508739279000054)","Unfall 142920 (2020) Kat:3, Licht: 0","142920","3","2","5","09","10","5","0","0","1","1","0","0"
"POINT (13.501688468000054 52.572126818000072)","Unfall 142921 (2020) Kat:3, Licht: 0","142921","3","6","2","09","16","3","0","0","0","1","0","0"
"POINT (13.335476727000071 52.527129593000041)","Unfall 142922 (2020) Kat:3, Licht: 0","142922","3","7","2","09","18","4","0","0","1","1","0","0"
"POINT (13.324881767000022 52.500064192000082)","Unfall 142923 (2020) Kat:3, Licht: 0","142923","3","2","5","09","15","1","0","0","1","1","0","0"
"POINT (13.279733410000063 52.518291721000082)","Unfall 142924 (2020) Kat:3, Licht: 0","142924","3","6","2","09","12","3","0","0","0","1","0","1"
"POINT (13.511777170000073 52.448788693000040)","Unfall 142925 (2020) Kat:3, Licht: 0","142925","3","2","5","09","10","7","0","0","1","1","0","0"
"POINT (13.391576293000071 52.512161744000082)","Unfall 142926 (2020) Kat:3, Licht: 0","142926","3","3","5","09","14","6","0","0","1","1","0","0"
"POINT (13.541292598000041 52.435321485000031)","Unfall 142927 (2020) Kat:3, Licht: 0","142927","3","2","5","09","16","3","0","0","1","1","0","0"
"POINT (13.368075085000044 52.602659105000043)","Unfall 142928 (2020) Kat:3, Licht: 0","142928","3","7","7","09","15","3","0","0","0","0","0","1"
"POINT (13.351942281000049 52.418559648000041)","Unfall 142929 (2020) Kat:3, Licht: 0","142929","3","3","5","09","11","6","0","0","0","1","0","0"
"POINT (13.555025125000043 52.566052983000077)","Unfall 142930 (2020) Kat:3, Licht: 0","142930","3","6","2","09","15","3","0","0","0","1","0","0"
"POINT (13.377055083000073 52.590969474000076)","Unfall 142931 (2020) Kat:3, Licht: 0","142931","3","5","1","09","09","2","0","0","0","1","0","1"
"POINT (13.324023071000056 52.460413155000026)","Unfall 142932 (2020) Kat:3, Licht: 0","142932","3","2","5","09","11","5","0","0","1","1","0","0"
"POINT (13.355361179000056 52.539560317000053)","Unfall 142933 (2020) Kat:3, Licht: 2","142933","3","5","1","09","02","3","0","2","0","1","0","0"
"POINT (13.236083668000049 52.440097253000033)","Unfall 142934 (2020) Kat:3, Licht: 0","142934","3","4","6","09","13","1","0","0","1","0","1","0"
"POINT (13.312797195000030 52.480473750000044)","Unfall 142935 (2020) Kat:2, Licht: 0","142935","2","2","5","09","13","3","0","0","0","1","0","1"
"POINT (13.558936452000069 52.423612077000030)","Unfall 142936 (2020) Kat:3, Licht: 0","142936","3","3","5","09","10","6","0","0","1","1","0","0"
"POINT (13.333043515000043 52.483934420000082)","Unfall 142937 (2020) Kat:3, Licht: 0","142937","3","3","5","09","17","2","0","0","1","1","0","0"
"POINT (13.614330848000066 52.503078671000026)","Unfall 142938 (2020) Kat:3, Licht: 0","142938","3","3","5","09","14","6","0","0","0","1","0","1"
"POINT (13.377630514000032 52.508281481000040)","Unfall 142939 (2020) Kat:3, Licht: 0","142939","3","6","4","09","18","2","0","0","1","0","0","0"
"POINT (13.406676141000048 52.498327523000057)","Unfall 142940 (2020) Kat:3, Licht: 0","142940","3","7","5","09","14","2","0","0","0","1","0","0"
"POINT (13.216072645000054 52.526999023000030)","Unfall 142941 (2020) Kat:3, Licht: 0","142941","3","2","5","09","17","2","0","0","0","1","0","0"
"POINT (13.188427884000077 52.514897673000064)","Unfall 142942 (2020) Kat:3, Licht: 0","142942","3","6","2","09","12","7","0","0","0","1","0","0"
"POINT (13.281843591000040 52.600746943000047)","Unfall 142943 (2020) Kat:3, Licht: 0","142943","3","7","0","09","07","2","0","0","0","1","0","0"
"POINT (13.438599064000073 52.502823386000046)","Unfall 142944 (2020) Kat:3, Licht: 0","142944","3","5","1","09","16","2","0","0","1","1","0","0"
"POINT (13.267198285000063 52.514718185000049)","Unfall 142945 (2020) Kat:2, Licht: 0","142945","2","7","0","09","11","1","0","0","1","0","0","0"
"POINT (13.452938480000057 52.452676256000075)","Unfall 142946 (2020) Kat:3, Licht: 0","142946","3","6","2","09","17","3","0","0","0","0","0","1"
"POINT (13.435143871000037 52.484067315000061)","Unfall 142947 (2020) Kat:3, Licht: 0","142947","3","6","2","09","18","6","0","0","0","1","0","1"
"POINT (13.429500885000039 52.523100777000082)","Unfall 142948 (2020) Kat:3, Licht: 0","142948","3","2","5","09","17","2","0","0","1","1","0","0"
"POINT (13.216853167000068 52.526960362000068)","Unfall 142949 (2020) Kat:3, Licht: 0","142949","3","1","0","09","15","5","0","0","1","0","0","0"
"POINT (13.467464425000060 52.547943220000036)","Unfall 142950 (2020) Kat:3, Licht: 0","142950","3","3","5","09","17","2","0","0","1","1","0","0"
"POINT (13.374583018000067 52.582955828000081)","Unfall 142951 (2020) Kat:2, Licht: 0","142951","2","4","6","09","13","2","0","0","0","1","1","0"
"POINT (13.333252917000038 52.483049965000077)","Unfall 142952 (2020) Kat:3, Licht: 0","142952","3","2","5","09","17","2","0","0","1","1","0","0"
"POINT (13.293795564000050 52.517579047000027)","Unfall 142953 (2020) Kat:3, Licht: 1","142953","3","6","6","09","20","7","0","1","0","1","1","0"
"POINT (13.357653486000061 52.486677046000068)","Unfall 142954 (2020) Kat:3, Licht: 1","142954","3","6","2","09","18","2","0","1","0","1","0","0"
"POINT (13.405435675000035 52.488856951000059)","Unfall 142955 (2020) Kat:3, Licht: 0","142955","3","2","5","09","12","6","0","0","1","1","0","0"
"POINT (13.300881715000060 52.599472480000031)","Unfall 142956 (2020) Kat:3, Licht: 0","142956","3","1","0","09","14","2","0","0","1","1","0","0"
"POINT (13.464623831000040 52.476339823000046)","Unfall 142957 (2020) Kat:3, Licht: 0","142957","3","7","6","09","15","3","0","0","0","0","1","0"
"POINT (13.362290519000055 52.476406894000036)","Unfall 142958 (2020) Kat:3, Licht: 0","142958","3","2","5","09","13","6","0","0","0","1","0","1"
"POINT (13.332855799000072 52.595422870000050)","Unfall 142959 (2020) Kat:2, Licht: 0","142959","2","4","0","09","15","2","0","0","0","0","1","0"
"POINT (13.464051287000075 52.522790248000035)","Unfall 142960 (2020) Kat:2, Licht: 0","142960","2","4","6","09","15","5","0","0","1","0","1","0"
"POINT (13.360241514000052 52.475295477000031)","Unfall 142961 (2020) Kat:2, Licht: 0","142961","2","6","0","09","17","2","0","0","0","1","0","1"
"POINT (13.384212913000056 52.509965705000070)","Unfall 142962 (2020) Kat:3, Licht: 0","142962","3","2","5","09","18","4","0","0","1","0","0","0"
"POINT (13.421378538000056 52.499034511000048)","Unfall 142963 (2020) Kat:3, Licht: 0","142963","3","6","3","09","13","1","0","0","1","0","0","0"
"POINT (13.454742853000027 52.513817706000054)","Unfall 142964 (2020) Kat:3, Licht: 1","142964","3","1","0","09","06","5","1","1","0","0","0","1"
"POINT (13.407698087000028 52.452390281000078)","Unfall 142965 (2020) Kat:3, Licht: 0","142965","3","6","2","09","15","7","0","0","0","1","0","0"
"POINT (13.425905622000073 52.543178552000029)","Unfall 142966 (2020) Kat:3, Licht: 2","142966","3","5","1","09","00","5","1","2","1","1","0","0"
"POINT (13.363424435000070 52.477153968000039)","Unfall 142967 (2020) Kat:3, Licht: 0","142967","3","7","6","09","14","6","0","0","1","0","1","0"
"POINT (13.335708270000055 52.541961154000035)","Unfall 142968 (2020) Kat:3, Licht: 0","142968","3","7","2","09","10","2","0","0","0","1","0","0"
"POINT (13.399667712000053 52.546459472000038)","Unfall 142969 (2020) Kat:3, Licht: 0","142969","3","5","1","09","12","5","0","0","1","1","0","0"
"POINT (13.379179494000027 52.480513530000053)","Unfall 142970 (2020) Kat:3, Licht: 0","142970","3","3","5","09","17","2","0","0","0","1","0","0"
"POINT (13.558339367000031 52.575001623000048)","Unfall 142971 (2020) Kat:3, Licht: 0","142971","3","1","8","09","14","1","0","0","1","0","0","0"
"POINT (13.370794401000069 52.517779163000057)","Unfall 142972 (2020) Kat:3, Licht: 0","142972","3","2","5","09","18","1","0","0","0","1","0","1"
"POINT (13.452277222000077 52.510642749000056)","Unfall 142973 (2020) Kat:3, Licht: 1","142973","3","1","0","09","19","4","0","1","1","1","0","0"
"POINT (13.478669316000037 52.477549218000036)","Unfall 142974 (2020) Kat:3, Licht: 0","142974","3","2","5","09","09","1","0","0","0","1","0","0"
"POINT (13.399451811000063 52.542597945000068)","Unfall 142975 (2020) Kat:3, Licht: 0","142975","3","7","7","09","17","1","0","0","0","0","0","1"
"POINT (13.123010368000052 52.471935377000079)","Unfall 142976 (2020) Kat:3, Licht: 0","142976","3","3","5","09","11","2","0","0","0","1","0","0"