WKT,Name,OBJECTID,UKATEGORIE,UTYP1,UART,UMONAT,USTUNDE,UWOCHENTAG,STRZUSTAND,ULICHTVERH,ISTRAD,ISTPKW,ISTFUSS,ISTKRAD
"POINT (13.559623935000047 52.446610873000054)","Unfall 142977 (2020) Kat:3, Licht: 0","142977","3","7","2","09","17","1","0","0","0","1","0","1"
"POINT (13.404698261000021 52.535388322000074)","Unfall 142978 (2020) Kat:3, Licht: 0","142978","3","5","0","09","18","4","0","0","1","1","0","0"
"POINT (13.323738718000072 52.587509808000050)","Unfall 142979 (2020) Kat:3, Licht: 0","142979","3","2","5","09","17","1","0","0","1","1","0","0"
"POINT (13.433916115000045 52.543007730000056)","Unfall 142980 (2020) Kat:3, Licht: 0","142980","3","6","3","09","15","4","0","0","0","0","0","1"
"POINT (13.271737923000046 52.427301961000069)","Unfall 142981 (2020) Kat:3, Licht: 0","142981","3","3","5","09","17","1","0","0","0","1","0","0"
"POINT (13.355418185000076 52.562120105000076)","Unfall 142982 (2020) Kat:3, Licht: 2","142982","3","5","1","09","03","4","0","2","0","1","0","0"
"POINT (13.325566359000049 52.438975873000061)","Unfall 142983 (2020) Kat:3, Licht: 0","142983","3","6","3","09","17","7","0","0","1","1","0","0"
"POINT (13.293832427000041 52.596310518000053)","Unfall 142984 (2020) Kat:3, Licht: 0","142984","3","6","2","09","15","2","0","0","0","1","0","1"
"POINT (13.418205116000024 52.525670019000074)","Unfall 142985 (2020) Kat:3, Licht: 2","142985","3","1","8","09","23","7","0","2","1","0","0","0"
"POINT (13.326118129000065 52.561656402000040)","Unfall 142986 (2020) Kat:3, Licht: 2","142986","3","6","3","09","22","7","0","2","0","1","0","0"
"POINT (13.556866578000040 52.534120782000059)","Unfall 142987 (2020) Kat:3, Licht: 0","142987","3","1","0","09","15","2","0","0","0","0","0","1"
"POINT (13.349673208000070 52.603868445000046)","Unfall 142988 (2020) Kat:3, Licht: 2","142988","3","1","0","09","19","7","0","2","1","1","0","0"
"POINT (13.300409253000055 52.507905048000055)","Unfall 142989 (2020) Kat:3, Licht: 0","142989","3","3","5","09","18","7","0","0","1","0","0","0"
"POINT (13.418262954000056 52.501565988000038)","Unfall 142990 (2020) Kat:3, Licht: 0","142990","3","6","2","09","17","7","0","0","1","1","0","0"
"POINT (13.343162969000048 52.526238043000035)","Unfall 142991 (2020) Kat:3, Licht: 0","142991","3","2","5","09","09","4","0","0","0","1","0","1"
"POINT (13.422106282000072 52.573445346000028)","Unfall 142992 (2020) Kat:3, Licht: 0","142992","3","3","5","09","17","7","0","0","0","1","0","0"
"POINT (13.281070075000059 52.539976486000057)","Unfall 142993 (2020) Kat:3, Licht: 0","142993","3","5","1","09","08","4","0","0","0","1","0","0"
"POINT (13.407632257000046 52.488924180000026)","Unfall 142994 (2020) Kat:3, Licht: 0","142994","3","2","5","09","15","7","0","0","1","1","0","0"
"POINT (13.504892299000062 52.468072674000041)","Unfall 142995 (2020) Kat:3, Licht: 0","142995","3","3","5","09","14","2","0","0","0","1","0","0"
"POINT (13.311599994000062 52.567903706000038)","Unfall 142996 (2020) Kat:3, Licht: 0","142996","3","6","2","09","15","7","0","0","0","1","0","0"
"POINT (13.324505249000026 52.564976501000046)","Unfall 142997 (2020) Kat:3, Licht: 0","142997","3","5","1","09","14","7","0","0","1","1","0","0"
"POINT (13.383124313000053 52.530511204000049)","Unfall 142998 (2020) Kat:3, Licht: 0","142998","3","4","6","09","13","7","0","0","1","0","1","0"
"POINT (13.392618724000044 52.582186265000075)","Unfall 142999 (2020) Kat:3, Licht: 0","142999","3","3","5","09","08","4","0","0","0","1","0","0"
"POINT (13.283159752000074 52.591410333000056)","Unfall 143000 (2020) Kat:3, Licht: 0","143000","3","7","2","09","13","1","0","0","1","0","0","0"
"POINT (13.341964615000052 52.517896271000041)","Unfall 143001 (2020) Kat:3, Licht: 0","143001","3","3","5","09","13","7","0","0","0","1","0","0"
"POINT (13.405077429000073 52.581572983000058)","Unfall 143002 (2020) Kat:3, Licht: 0","143002","3","6","0","09","07","2","0","0","1","0","0","0"
"POINT (13.354894084000023 52.596626689000061)","Unfall 143003 (2020) Kat:3, Licht: 0","143003","3","3","0","09","08","4","0","0","0","1","0","0"
"POINT (13.461790130000054 52.593951423000078)","Unfall 143004 (2020) Kat:3, Licht: 0","143004","3","6","2","09","11","7","0","0","0","1","0","1"
"POINT (13.417233556000042 52.512552329000073)","Unfall 143005 (2020) Kat:2, Licht: 0","143005","2","4","6","09","08","4","0","0","1","0","1","0"
"POINT (13.326531515000056 52.604655222000076)","Unfall 143006 (2020) Kat:3, Licht: 0","143006","3","1","8","09","11","7","0","0","0","0","0","1"
"POINT (13.568513388000042 52.569500810000079)","Unfall 143007 (2020) Kat:3, Licht: 0","143007","3","2","5","09","06","3","0","0","0","1","0","0"
"POINT (13.212335934000066 52.532108783000069)","Unfall 143008 (2020) Kat:3, Licht: 0","143008","3","5","5","09","08","4","0","0","0","1","0","1"
"POINT (13.415892868000071 52.536523078000073)","Unfall 143009 (2020) Kat:2, Licht: 0","143009","2","2","5","09","11","7","0","0","1","1","0","0"
"POINT (13.391119744000036 52.514695436000068)","Unfall 143010 (2020) Kat:3, Licht: 0","143010","3","6","2","09","13","2","0","0","1","1","0","0"
"POINT (13.427704683000059 52.496254032000081)","Unfall 143011 (2020) Kat:3, Licht: 0","143011","3","3","5","09","10","7","0","0","1","1","0","0"
"POINT (13.399956818000021 52.537860629000079)","Unfall 143012 (2020) Kat:3, Licht: 0","143012","3","3","5","09","10","7","0","0","0","1","0","0"
"POINT (13.498666337000031 52.544491519000076)","Unfall 143013 (2020) Kat:3, Licht: 0","143013","3","3","5","09","09","7","0","0","0","1","0","0"
"POINT (13.419286488000068 52.487589678000063)","Unfall 143014 (2020) Kat:3, Licht: 0","143014","3","3","5","09","08","4","0","0","1","1","0","0"
"POINT (13.403184605000035 52.524738354000078)","Unfall 143015 (2020) Kat:3, Licht: 0","143015","3","7","1","09","13","1","0","0","0","1","0","1"
"POINT (13.338281357000028 52.485721916000045)","Unfall 143016 (2020) Kat:3, Licht: 2","143016","3","1","0","09","03","7","0","2","0","0","0","0"
"POINT (13.191157783000051 52.549817040000050)","Unfall 143017 (2020) Kat:3, Licht: 0","143017","3","3","5","09","12","2","0","0","0","1","0","0"
"POINT (13.202054932000067 52.539553317000070)","Unfall 143018 (2020) Kat:3, Licht: 2","143018","3","6","0","09","23","7","0","2","0","1","0","0"
"POINT (13.344502470000066 52.437765547000026)","Unfall 143019 (2020) Kat:2, Licht: 0","143019","2","2","5","09","07","4","0","0","1","1","0","0"
"POINT (13.333401778000052 52.439197937000074)","Unfall 143020 (2020) Kat:3, Licht: 0","143020","3","5","1","09","08","6","0","0","1","1","0","0"
"POINT (13.321914493000065 52.560515429000077)","Unfall 143021 (2020) Kat:3, Licht: 0","143021","3","2","5","09","16","6","0","0","0","1","0","0"
"POINT (13.297228261000043 52.511720960000048)","Unfall 143022 (2020) Kat:3, Licht: 0","143022","3","2","5","09","18","2","0","0","1","1","0","0"
"POINT (13.337128319000044 52.445570556000064)","Unfall 143023 (2020) Kat:3, Licht: 0","143023","3","3","5","09","16","6","0","0","1","1","0","0"
"POINT (13.424266722000027 52.552119711000046)","Unfall 143024 (2020) Kat:2, Licht: 2","143024","2","1","0","09","20","6","0","2","1","0","0","0"
"POINT (13.418770195000036 52.507881052000073)","Unfall 143025 (2020) Kat:3, Licht: 1","143025","3","4","6","09","18","6","0","1","1","0","1","0"
"POINT (13.370928471000070 52.492600625000080)","Unfall 143026 (2020) Kat:3, Licht: 0","143026","3","3","5","09","06","4","0","0","1","1","0","0"
"POINT (13.352935187000071 52.553254806000041)","Unfall 143027 (2020) Kat:3, Licht: 0","143027","3","3","5","09","12","1","0","0","0","1","0","0"
"POINT (13.438863357000059 52.555456001000039)","Unfall 143028 (2020) Kat:2, Licht: 0","143028","2","2","5","09","10","6","0","0","1","1","0","0"
"POINT (13.184331319000023 52.424067754000077)","Unfall 143029 (2020) Kat:2, Licht: 0","143029","2","1","0","09","12","2","0","0","1","0","0","0"
"POINT (13.540294165000034 52.434962164000069)","Unfall 143030 (2020) Kat:3, Licht: 0","143030","3","4","6","09","09","6","0","0","0","0","1","0"
"POINT (13.401638950000063 52.459346044000029)","Unfall 143031 (2020) Kat:3, Licht: 2","143031","3","7","8","09","04","4","0","2","0","1","0","0"
"POINT (13.573951223000051 52.401865795000049)","Unfall 143032 (2020) Kat:3, Licht: 0","143032","3","3","5","09","08","6","0","0","1","1","0","0"
"POINT (13.300068286000055 52.569787386000030)","Unfall 143033 (2020) Kat:3, Licht: 0","143033","3","3","5","09","14","4","0","0","1","0","0","0"
"POINT (13.426429762000055 52.499373399000035)","Unfall 143034 (2020) Kat:3, Licht: 0","143034","3","3","5","09","08","6","0","0","1","1","0","0"
"POINT (13.450795650000032 52.527198129000055)","Unfall 143035 (2020) Kat:3, Licht: 0","143035","3","2","5","09","13","4","0","0","0","1","0","0"
"POINT (13.553507135000075 52.446240984000042)","Unfall 143036 (2020) Kat:3, Licht: 0","143036","3","3","2","09","13","4","0","0","0","1","0","0"
"POINT (13.494191633000071 52.460565645000031)","Unfall 143037 (2020) Kat:3, Licht: 0","143037","3","1","0","09","07","6","0","0","1","0","0","0"
"POINT (13.192748748000042 52.536018320000039)","Unfall 143038 (2020) Kat:3, Licht: 0","143038","3","5","5","09","07","6","0","0","0","1","0","1"
"POINT (13.394258647000072 52.506952806000072)","Unfall 143039 (2020) Kat:2, Licht: 0","143039","2","3","5","09","15","4","0","0","1","1","0","0"
"POINT (13.590412800000024 52.529758093000055)","Unfall 143040 (2020) Kat:3, Licht: 0","143040","3","6","0","09","07","6","0","0","0","1","0","0"
"POINT (13.383080783000025 52.433963722000044)","Unfall 143041 (2020) Kat:3, Licht: 0","143041","3","2","5","09","16","2","0","0","1","1","0","0"
"POINT (13.378313397000056 52.485019029000057)","Unfall 143042 (2020) Kat:3, Licht: 0","143042","3","6","2","09","08","6","0","0","0","1","0","0"
"POINT (13.195476765000024 52.529166101000044)","Unfall 143043 (2020) Kat:3, Licht: 0","143043","3","2","5","09","17","6","0","0","1","1","0","0"
"POINT (13.310349335000069 52.624694638000051)","Unfall 143044 (2020) Kat:3, Licht: 2","143044","3","3","5","09","22","6","0","2","0","1","0","0"
"POINT (13.304517480000072 52.503545394000071)","Unfall 143045 (2020) Kat:3, Licht: 0","143045","3","6","3","09","13","4","0","0","0","1","0","1"
"POINT (13.422392858000023 52.495342520000065)","Unfall 143046 (2020) Kat:3, Licht: 2","143046","3","4","6","09","21","6","0","2","0","1","1","0"
"POINT (13.329900427000041 52.482133804000057)","Unfall 143047 (2020) Kat:3, Licht: 0","143047","3","2","5","09","13","4","0","0","1","0","0","0"
"POINT (13.561752552000030 52.549947875000043)","Unfall 143048 (2020) Kat:3, Licht: 2","143048","3","3","5","09","22","6","0","2","1","1","0","0"
"POINT (13.365831671000024 52.449169534000077)","Unfall 143049 (2020) Kat:3, Licht: 0","143049","3","2","5","09","14","2","0","0","0","1","0","1"
"POINT (13.527089845000035 52.569325544000037)","Unfall 143050 (2020) Kat:3, Licht: 2","143050","3","1","8","09","01","6","0","2","0","1","0","0"
"POINT (13.308450453000034 52.500067316000070)","Unfall 143051 (2020) Kat:3, Licht: 0","143051","3","5","0","09","18","6","0","0","1","0","0","0"
"POINT (13.188969195000027 52.521766568000032)","Unfall 143052 (2020) Kat:3, Licht: 0","143052","3","6","2","09","15","2","0","0","0","1","0","0"
"POINT (13.207825878000051 52.528344411000035)","Unfall 143053 (2020) Kat:2, Licht: 0","143053","2","3","5","09","07","6","0","0","1","1","0","0"
"POINT (13.455434220000029 52.541288296000062)","Unfall 143054 (2020) Kat:3, Licht: 2","143054","3","1","8","09","01","6","0","2","0","1","0","0"
"POINT (13.415450664000048 52.533990098000061)","Unfall 143055 (2020) Kat:2, Licht: 2","143055","2","1","0","09","00","6","0","2","1","0","0","0"
"POINT (13.324218574000042 52.502257174000079)","Unfall 143056 (2020) Kat:3, Licht: 0","143056","3","6","3","09","14","4","0","0","1","1","0","0"
"POINT (13.527303002000053 52.491431874000057)","Unfall 143057 (2020) Kat:2, Licht: 0","143057","2","6","2","09","14","6","0","0","0","1","0","0"
"POINT (13.462844337000035 52.532186928000044)","Unfall 143058 (2020) Kat:3, Licht: 2","143058","3","1","8","09","02","3","0","2","0","1","0","0"
"POINT (13.426793363000058 52.571812876000081)","Unfall 143059 (2020) Kat:2, Licht: 0","143059","2","2","5","09","12","4","0","0","1","1","0","0"
"POINT (13.349551755000050 52.489432318000070)","Unfall 143060 (2020) Kat:3, Licht: 0","143060","3","5","1","09","13","6","0","0","1","1","0","0"
"POINT (13.418556202000048 52.498739330000035)","Unfall 143061 (2020) Kat:3, Licht: 1","143061","3","3","5","09","20","2","0","1","1","1","0","0"
"POINT (13.200595665000037 52.534278545000063)","Unfall 143062 (2020) Kat:3, Licht: 0","143062","3","3","5","09","14","6","0","0","0","1","0","1"
"POINT (13.406705684000030 52.495033033000027)","Unfall 143063 (2020) Kat:3, Licht: 0","143063","3","3","5","09","13","6","0","0","1","0","0","0"
"POINT (13.331499075000067 52.563067119000038)","Unfall 143064 (2020) Kat:2, Licht: 0","143064","2","4","6","09","13","6","0","0","0","1","1","0"
"POINT (13.526010025000062 52.493461878000062)","Unfall 143065 (2020) Kat:2, Licht: 0","143065","2","3","5","09","12","4","0","0","1","1","0","0"
"POINT (13.531383809000033 52.405093635000071)","Unfall 143066 (2020) Kat:2, Licht: 0","143066","2","3","5","09","16","1","0","0","0","1","0","1"
"POINT (13.217239589000030 52.611196028000052)","Unfall 143067 (2020) Kat:2, Licht: 0","143067","2","2","5","09","13","6","0","0","1","1","0","0"
"POINT (13.349659746000043 52.502575114000081)","Unfall 143068 (2020) Kat:3, Licht: 0","143068","3","6","2","09","13","6","0","0","0","1","0","0"
"POINT (13.365720261000035 52.542410813000060)","Unfall 143069 (2020) Kat:3, Licht: 0","143069","3","3","5","09","12","6","0","0","1","1","0","0"
"POINT (13.556111124000040 52.520078026000078)","Unfall 143070 (2020) Kat:3, Licht: 0","143070","3","3","5","09","11","4","0","0","1","1","0","0"
"POINT (13.351115358000072 52.509630808000054)","Unfall 143071 (2020) Kat:2, Licht: 0","143071","2","2","5","09","15","1","0","0","1","1","0","0"
"POINT (13.304969212000060 52.410149035000074)","Unfall 143072 (2020) Kat:3, Licht: 0","143072","3","3","5","09","12","6","0","0","0","1","0","0"
"POINT (13.486635747000037 52.540943755000058)","Unfall 143073 (2020) Kat:3, Licht: 0","143073","3","3","0","09","13","2","0","0","0","1","0","0"
"POINT (13.202368875000047 52.546537354000066)","Unfall 143074 (2020) Kat:2, Licht: 0","143074","2","4","6","09","12","6","0","0","0","1","1","0"
"POINT (13.463256933000025 52.470776253000054)","Unfall 143075 (2020) Kat:3, Licht: 0","143075","3","2","5","09","17","2","0","0","1","1","0","0"
"POINT (13.514402486000051 52.462356772000078)","Unfall 143076 (2020) Kat:3, Licht: 0","143076","3","4","2","09","17","2","0","0","0","1","1","0"
"POINT (13.380918936000057 52.516370097000049)","Unfall 143077 (2020) Kat:3, Licht: 0","143077","3","2","5","09","11","6","0","0","1","1","0","0"
"POINT (13.369794718000037 52.552945784000030)","Unfall 143078 (2020) Kat:3, Licht: 0","143078","3","3","5","09","11","6","0","0","0","1","0","1"
"POINT (13.400904889000060 52.520839285000079)","Unfall 143079 (2020) Kat:3, Licht: 0","143079","3","2","5","09","11","6","0","0","1","0","0","0"
"POINT (13.418085188000077 52.515668613000059)","Unfall 143080 (2020) Kat:3, Licht: 0","143080","3","2","5","09","06","4","0","0","1","1","0","0"
"POINT (13.170490418000043 52.518446127000061)","Unfall 143081 (2020) Kat:3, Licht: 0","143081","3","6","2","09","13","1","0","0","0","1","0","1"
"POINT (13.304445917000066 52.621847826000078)","Unfall 143082 (2020) Kat:2, Licht: 0","143082","2","3","5","09","10","6","0","0","0","1","0","0"
"POINT (13.385827181000025 52.485034732000031)","Unfall 143083 (2020) Kat:3, Licht: 2","143083","3","2","5","09","06","2","0","2","1","1","0","0"
"POINT (13.531513578000045 52.509386198000072)","Unfall 143084 (2020) Kat:2, Licht: 0","143084","2","5","1","09","16","2","0","0","0","1","0","0"
"POINT (13.491736797000044 52.534170603000064)","Unfall 143085 (2020) Kat:3, Licht: 0","143085","3","2","5","09","10","6","0","0","0","1","0","0"
"POINT (13.412466173000041 52.545254034000038)","Unfall 143086 (2020) Kat:3, Licht: 0","143086","3","1","0","09","12","2","0","0","1","0","0","0"
"POINT (13.313866259000065 52.459369478000042)","Unfall 143087 (2020) Kat:2, Licht: 0","143087","2","5","1","09","16","2","0","0","1","1","0","0"
"POINT (13.313554494000073 52.515284131000044)","Unfall 143088 (2020) Kat:3, Licht: 0","143088","3","3","5","09","15","6","0","0","1","1","0","0"
"POINT (13.511361859000033 52.457886632000054)","Unfall 143089 (2020) Kat:2, Licht: 0","143089","2","4","6","09","15","4","0","0","0","1","1","0"
"POINT (13.159308458000055 52.529658489000042)","Unfall 143090 (2020) Kat:3, Licht: 0","143090","3","3","5","09","15","6","0","0","1","1","0","0"
"POINT (13.323720470000069 52.456191969000031)","Unfall 143091 (2020) Kat:3, Licht: 0","143091","3","4","0","09","17","4","0","0","0","0","1","0"
"POINT (13.357135014000050 52.545155204000082)","Unfall 143092 (2020) Kat:3, Licht: 0","143092","3","2","5","09","15","6","0","0","0","1","0","0"
"POINT (13.381840123000075 52.573672499000054)","Unfall 143093 (2020) Kat:2, Licht: 0","143093","2","6","0","09","15","6","0","0","1","0","0","0"
"POINT (13.296632679000027 52.548176758000068)","Unfall 143094 (2020) Kat:3, Licht: 0","143094","3","7","5","09","17","4","0","0","0","1","0","1"
"POINT (13.500500750000072 52.447356973000069)","Unfall 143095 (2020) Kat:3, Licht: 0","143095","3","6","2","09","16","6","0","0","1","1","0","0"
"POINT (13.426235430000077 52.543048961000068)","Unfall 143096 (2020) Kat:3, Licht: 0","143096","3","3","5","09","15","2","0","0","1","1","0","0"
"POINT (13.350956734000022 52.524384872000041)","Unfall 143097 (2020) Kat:3, Licht: 2","143097","3","2","5","09","23","2","0","2","1","0","0","1"
"POINT (13.385354355000061 52.550301942000033)","Unfall 143098 (2020) Kat:3, Licht: 0","143098","3","6","3","09","16","6","0","0","1","0","0","0"
"POINT (13.353875262000031 52.562090468000065)","Unfall 143099 (2020) Kat:3, Licht: 0","143099","3","2","5","09","15","6","0","0","0","1","0","1"
"POINT (13.391151651000030 52.514485663000073)","Unfall 143100 (2020) Kat:3, Licht: 0","143100","3","5","1","09","16","6","0","0","1","1","0","0"
"POINT (13.545030137000026 52.436832081000034)","Unfall 143101 (2020) Kat:3, Licht: 0","143101","3","2","5","09","16","4","0","0","1","1","0","0"
"POINT (13.258288412000070 52.518248524000057)","Unfall 143102 (2020) Kat:3, Licht: 0","143102","3","6","2","09","17","6","0","0","0","1","0","0"
"POINT (13.371108236000055 52.501206903000082)","Unfall 143103 (2020) Kat:3, Licht: 0","143103","3","2","5","09","15","6","0","0","0","1","0","0"
"POINT (13.419699421000075 52.495523912000067)","Unfall 143104 (2020) Kat:3, Licht: 0","143104","3","2","5","09","17","6","0","0","1","0","0","1"
"POINT (13.394185693000054 52.507918729000039)","Unfall 143105 (2020) Kat:3, Licht: 0","143105","3","2","0","09","16","4","0","0","1","1","0","0"
"POINT (13.479460364000033 52.523215223000079)","Unfall 143106 (2020) Kat:3, Licht: 0","143106","3","2","5","09","17","6","0","0","1","1","0","0"
"POINT (13.319927229000029 52.501756735000072)","Unfall 143107 (2020) Kat:3, Licht: 0","143107","3","2","5","09","15","4","0","0","0","1","0","0"
"POINT (13.158682780000049 52.533136109000054)","Unfall 143108 (2020) Kat:2, Licht: 0","143108","2","3","5","09","17","6","0","0","0","1","0","1"
"POINT (13.400503401000037 52.523646929000051)","Unfall 143109 (2020) Kat:2, Licht: 0","143109","2","4","6","09","14","2","0","0","1","0","1","0"
"POINT (13.583559952000030 52.451582863000056)","Unfall 143110 (2020) Kat:2, Licht: 0","143110","2","3","5","09","09","2","0","0","1","1","0","0"
"POINT (13.336702645000059 52.526584112000080)","Unfall 143111 (2020) Kat:3, Licht: 0","143111","3","6","3","09","14","6","0","0","1","1","0","0"
"POINT (13.322143369000059 52.521088663000057)","Unfall 143112 (2020) Kat:2, Licht: 0","143112","2","4","6","09","14","6","0","0","0","1","1","0"
"POINT (13.407316283000057 52.512975988000051)","Unfall 143113 (2020) Kat:3, Licht: 2","143113","3","7","6","09","19","6","0","2","0","1","1","0"
"POINT (13.459044855000059 52.526105470000061)","Unfall 143114 (2020) Kat:3, Licht: 0","143114","3","2","5","09","15","4","0","0","1","1","0","0"
"POINT (13.316510456000060 52.566823296000052)","Unfall 143115 (2020) Kat:3, Licht: 0","143115","3","2","5","09","12","1","0","0","1","1","0","0"
"POINT (13.286678320000021 52.495892823000077)","Unfall 143116 (2020) Kat:3, Licht: 0","143116","3","3","5","09","19","6","0","0","1","1","0","0"
"POINT (13.405952432000049 52.519229804000076)","Unfall 143117 (2020) Kat:2, Licht: 2","143117","2","4","6","09","21","2","0","2","0","1","1","0"
"POINT (13.396569017000047 52.580269666000049)","Unfall 143118 (2020) Kat:3, Licht: 0","143118","3","7","6","09","14","3","0","0","1","0","1","0"
"POINT (13.519496532000062 52.487341491000052)","Unfall 143119 (2020) Kat:3, Licht: 0","143119","3","3","5","09","18","6","0","0","1","1","0","0"
"POINT (13.363741796000056 52.500781928000038)","Unfall 143120 (2020) Kat:3, Licht: 1","143120","3","3","5","09","19","2","0","1","1","0","0","1"
"POINT (13.347011369000029 52.543910805000053)","Unfall 143121 (2020) Kat:2, Licht: 0","143121","2","1","0","09","07","3","0","0","0","0","0","1"
"POINT (13.422343192000028 52.492764951000026)","Unfall 143122 (2020) Kat:3, Licht: 1","143122","3","6","2","09","18","3","0","1","0","1","0","0"
"POINT (13.319830255000056 52.468807178000077)","Unfall 143123 (2020) Kat:3, Licht: 0","143123","3","3","0","09","08","6","0","0","1","0","0","0"
"POINT (13.587917239000035 52.520777537000072)","Unfall 143124 (2020) Kat:3, Licht: 0","143124","3","2","5","09","13","2","0","0","0","1","0","0"
"POINT (13.379669002000071 52.521319410000046)","Unfall 143125 (2020) Kat:3, Licht: 0","143125","3","3","5","09","18","6","0","0","1","1","0","0"
"POINT (13.405837854000026 52.510479490000080)","Unfall 143126 (2020) Kat:3, Licht: 0","143126","3","3","0","09","18","6","0","0","1","1","0","0"
"POINT (13.321709528000042 52.435667103000071)","Unfall 143127 (2020) Kat:2, Licht: 0","143127","2","3","5","09","17","6","0","0","0","1","0","1"
"POINT (13.310461173000022 52.603876092000064)","Unfall 143128 (2020) Kat:3, Licht: 0","143128","3","6","2","09","13","3","0","0","1","1","0","0"
"POINT (13.331030676000069 52.489308672000050)","Unfall 143129 (2020) Kat:2, Licht: 2","143129","2","1","9","09","01","1","0","2","1","0","0","0"
"POINT (13.144770102000052 52.452478240000062)","Unfall 143130 (2020) Kat:2, Licht: 0","143130","2","5","1","09","17","6","0","0","1","1","0","0"
"POINT (13.569184455000027 52.444355168000072)","Unfall 143131 (2020) Kat:3, Licht: 0","143131","3","6","2","09","12","2","0","0","1","1","0","0"
"POINT (13.335780648000025 52.513699019000057)","Unfall 143132 (2020) Kat:3, Licht: 0","143132","3","2","5","09","09","2","0","0","1","1","0","0"
"POINT (13.482821314000034 52.506342323000069)","Unfall 143133 (2020) Kat:3, Licht: 0","143133","3","6","0","09","09","5","0","0","1","0","0","0"
"POINT (13.554377008000074 52.455695754000033)","Unfall 143134 (2020) Kat:3, Licht: 0","143134","3","2","5","09","09","2","0","0","0","0","0","0"
"POINT (13.311379817000045 52.546861188000037)","Unfall 143135 (2020) Kat:3, Licht: 0","143135","3","3","5","09","12","5","0","0","1","1","0","0"
"POINT (13.550901717000045 52.515109957000050)","Unfall 143136 (2020) Kat:3, Licht: 0","143136","3","6","3","09","15","5","0","0","1","1","0","0"
"POINT (13.414524312000026 52.500122173000079)","Unfall 143137 (2020) Kat:3, Licht: 0","143137","3","3","5","09","15","5","0","0","1","1","0","0"
"POINT (13.428829991000043 52.584506715000032)","Unfall 143138 (2020) Kat:3, Licht: 0","143138","3","3","5","09","17","5","0","0","1","1","0","0"
"POINT (13.462417940000023 52.549976455000035)","Unfall 143139 (2020) Kat:3, Licht: 0","143139","3","5","4","09","13","5","0","0","0","0","0","0"
"POINT (13.424017520000064 52.486524008000060)","Unfall 143140 (2020) Kat:3, Licht: 1","143140","3","2","5","09","19","5","0","1","1","0","0","0"
"POINT (13.544509304000030 52.433140825000066)","Unfall 143141 (2020) Kat:3, Licht: 0","143141","3","2","0","09","10","3","0","0","1","1","0","0"
"POINT (13.655658032000076 52.420545536000077)","Unfall 143142 (2020) Kat:2, Licht: 2","143142","2","1","8","09","23","1","0","2","1","0","0","0"
"POINT (13.332095364000054 52.590191355000059)","Unfall 143143 (2020) Kat:3, Licht: 2","143143","3","5","1","09","23","5","0","2","0","1","0","0"
"POINT (13.442969001000051 52.467822102000071)","Unfall 143144 (2020) Kat:3, Licht: 0","143144","3","7","2","09","17","2","0","0","0","1","0","0"
"POINT (13.357084066000027 52.545060556000067)","Unfall 143145 (2020) Kat:3, Licht: 2","143145","3","3","5","09","22","5","0","2","0","1","0","0"
"POINT (13.457192975000055 52.560993308000036)","Unfall 143146 (2020) Kat:3, Licht: 0","143146","3","2","5","09","07","3","0","0","0","1","0","0"
"POINT (13.341608890000032 52.553768676000061)","Unfall 143147 (2020) Kat:3, Licht: 2","143147","3","1","0","09","21","5","0","2","0","0","0","1"
"POINT (13.490216605000057 52.539005614000075)","Unfall 143148 (2020) Kat:3, Licht: 0","143148","3","6","1","09","07","3","0","0","1","1","0","0"
"POINT (13.559081464000030 52.448518096000043)","Unfall 143149 (2020) Kat:3, Licht: 2","143149","3","6","2","09","20","5","0","2","0","1","0","0"
"POINT (13.182068019000042 52.486978776000058)","Unfall 143150 (2020) Kat:3, Licht: 0","143150","3","1","0","09","07","3","0","0","0","0","0","1"
"POINT (13.446093205000068 52.478833512000051)","Unfall 143151 (2020) Kat:3, Licht: 2","143151","3","6","2","09","20","5","0","2","0","1","0","0"
"POINT (13.344593514000053 52.589176310000028)","Unfall 143152 (2020) Kat:3, Licht: 0","143152","3","6","2","09","15","2","0","0","0","1","0","0"
"POINT (13.553287606000026 52.469581906000030)","Unfall 143153 (2020) Kat:2, Licht: 0","143153","2","3","5","09","07","2","0","0","1","1","0","0"
"POINT (13.440542369000070 52.513491443000078)","Unfall 143154 (2020) Kat:3, Licht: 0","143154","3","3","5","09","07","3","0","0","1","1","0","0"
"POINT (13.290557854000042 52.475228068000035)","Unfall 143155 (2020) Kat:3, Licht: 1","143155","3","2","6","09","19","5","0","1","0","1","1","0"
"POINT (13.280072127000039 52.518476112000030)","Unfall 143156 (2020) Kat:3, Licht: 0","143156","3","6","3","09","16","2","0","0","0","1","0","1"
"POINT (13.471786022000060 52.507770164000078)","Unfall 143157 (2020) Kat:3, Licht: 1","143157","3","2","5","09","19","5","0","1","1","1","0","0"
"POINT (13.540070382000067 52.565272575000051)","Unfall 143158 (2020) Kat:3, Licht: 0","143158","3","2","5","09","18","5","0","0","1","1","0","0"
"POINT (13.414357327000062 52.552092792000053)","Unfall 143159 (2020) Kat:3, Licht: 0","143159","3","6","1","09","18","5","0","0","1","1","0","0"
"POINT (13.565623986000048 52.570438071000069)","Unfall 143160 (2020) Kat:2, Licht: 0","143160","2","2","5","09","07","3","0","0","0","1","0","1"
"POINT (13.369258248000051 52.546194836000041)","Unfall 143161 (2020) Kat:3, Licht: 0","143161","3","2","5","09","16","5","0","0","1","1","0","0"
"POINT (13.479249344000038 52.525315682000041)","Unfall 143162 (2020) Kat:3, Licht: 0","143162","3","6","3","09","07","3","0","0","1","0","0","0"