WKT,Name,OBJECTID,UKATEGORIE,UTYP1,UART,UMONAT,USTUNDE,UWOCHENTAG,STRZUSTAND,ULICHTVERH,ISTRAD,ISTPKW,ISTFUSS,ISTKRAD
"POINT (13.363603976000036 52.476719233000040)","Unfall 143163 (2020) Kat:3, Licht: 0","143163","3","3","5","09","18","5","0","0","0","1","0","1"
"POINT (13.372229483000069 52.455717006000043)","Unfall 143164 (2020) Kat:3, Licht: 0","143164","3","3","5","09","14","2","0","0","1","1","0","0"
"POINT (13.400370105000036 52.569206338000072)","Unfall 143165 (2020) Kat:3, Licht: 0","143165","3","3","5","09","17","5","0","0","0","1","0","1"
"POINT (13.428066200000046 52.473554073000059)","Unfall 143166 (2020) Kat:3, Licht: 0","143166","3","3","5","09","17","5","0","0","1","1","0","0"
"POINT (13.340412023000056 52.487851564000039)","Unfall 143167 (2020) Kat:3, Licht: 0","143167","3","4","6","09","17","5","0","0","1","0","1","0"
"POINT (13.306080773000076 52.465876945000048)","Unfall 143168 (2020) Kat:3, Licht: 0","143168","3","2","5","09","07","3","0","0","1","1","0","0"
"POINT (13.415513473000033 52.495937404000074)","Unfall 143169 (2020) Kat:3, Licht: 0","143169","3","6","2","09","16","5","0","0","1","1","0","0"
"POINT (13.378691913000068 52.528199477000044)","Unfall 143170 (2020) Kat:3, Licht: 0","143170","3","3","5","09","12","5","0","0","0","1","0","0"
"POINT (13.314429984000071 52.473333694000075)","Unfall 143171 (2020) Kat:3, Licht: 0","143171","3","6","0","09","11","5","0","0","1","1","0","0"
"POINT (13.426277782000057 52.515889072000050)","Unfall 143172 (2020) Kat:3, Licht: 2","143172","3","2","5","09","23","3","0","2","1","1","0","0"
"POINT (13.402854540000021 52.494039162000036)","Unfall 143173 (2020) Kat:3, Licht: 0","143173","3","2","5","09","11","5","0","0","1","0","0","0"
"POINT (13.279916585000024 52.520597766000037)","Unfall 143174 (2020) Kat:2, Licht: 0","143174","2","2","5","09","06","3","0","0","0","1","0","1"
"POINT (13.350661308000042 52.532446179000033)","Unfall 143175 (2020) Kat:3, Licht: 2","143175","3","2","5","09","23","3","0","2","1","1","0","0"
"POINT (13.387438964000069 52.492848899000080)","Unfall 143176 (2020) Kat:3, Licht: 0","143176","3","3","5","09","11","5","0","0","1","1","0","0"
"POINT (13.461338888000057 52.511746846000051)","Unfall 143177 (2020) Kat:3, Licht: 2","143177","3","7","2","09","21","2","0","2","1","1","0","0"
"POINT (13.400398845000041 52.539499486000068)","Unfall 143178 (2020) Kat:3, Licht: 0","143178","3","2","0","09","07","2","0","0","1","1","0","0"
"POINT (13.435775762000048 52.499878271000057)","Unfall 143179 (2020) Kat:3, Licht: 0","143179","3","3","5","09","10","5","0","0","0","1","0","0"
"POINT (13.347879688000035 52.548500830000080)","Unfall 143180 (2020) Kat:3, Licht: 0","143180","3","3","2","09","10","5","0","0","1","1","0","0"
"POINT (13.272082998000030 52.453456067000047)","Unfall 143181 (2020) Kat:2, Licht: 0","143181","2","2","5","09","10","5","0","0","1","1","0","0"
"POINT (13.452160896000066 52.452601498000035)","Unfall 143182 (2020) Kat:3, Licht: 2","143182","3","2","0","09","21","3","0","2","0","1","0","1"
"POINT (13.199288206000062 52.534808975000033)","Unfall 143183 (2020) Kat:3, Licht: 1","143183","3","2","6","09","20","1","0","1","0","1","1","0"
"POINT (13.286944373000040 52.422496375000037)","Unfall 143184 (2020) Kat:3, Licht: 0","143184","3","2","5","09","09","5","0","0","0","1","0","0"
"POINT (13.356988403000059 52.504701606000026)","Unfall 143185 (2020) Kat:3, Licht: 0","143185","3","4","6","09","12","2","0","0","1","0","1","0"
"POINT (13.410424741000043 52.539239175000034)","Unfall 143186 (2020) Kat:3, Licht: 0","143186","3","2","5","09","08","5","0","0","0","1","0","1"
"POINT (13.379422369000054 52.533482603000039)","Unfall 143187 (2020) Kat:3, Licht: 1","143187","3","5","1","09","20","1","0","1","0","1","0","0"
"POINT (13.361075690000064 52.497892296000032)","Unfall 143188 (2020) Kat:3, Licht: 0","143188","3","5","1","09","08","5","0","0","1","1","0","0"
"POINT (13.322747407000065 52.486438055000065)","Unfall 143189 (2020) Kat:3, Licht: 1","143189","3","2","6","09","19","2","0","1","0","1","1","0"
"POINT (13.198620486000038 52.532804690000034)","Unfall 143190 (2020) Kat:3, Licht: 0","143190","3","2","3","09","08","5","0","0","0","1","0","1"
"POINT (13.394318215000055 52.547413435000067)","Unfall 143191 (2020) Kat:3, Licht: 0","143191","3","3","5","09","18","2","0","0","0","1","0","0"
"POINT (13.470098534000044 52.506293018000065)","Unfall 143192 (2020) Kat:3, Licht: 0","143192","3","3","0","09","15","5","0","0","0","1","0","1"
"POINT (13.350590636000049 52.512257836000060)","Unfall 143193 (2020) Kat:3, Licht: 0","143193","3","6","2","09","15","5","0","0","0","1","0","0"
"POINT (13.205551028000059 52.541679936000037)","Unfall 143194 (2020) Kat:2, Licht: 0","143194","2","3","5","09","14","5","0","0","0","1","0","1"
"POINT (13.438662069000031 52.547991157000070)","Unfall 143195 (2020) Kat:3, Licht: 0","143195","3","4","6","09","18","3","0","0","1","0","1","0"
"POINT (13.184593069000073 52.547506865000059)","Unfall 143196 (2020) Kat:2, Licht: 1","143196","2","2","5","09","18","1","0","1","0","1","0","0"
"POINT (13.229095996000069 52.573205796000082)","Unfall 143197 (2020) Kat:2, Licht: 0","143197","2","3","5","09","14","5","0","0","0","1","0","0"
"POINT (13.280368174000046 52.518259517000047)","Unfall 143198 (2020) Kat:3, Licht: 0","143198","3","2","2","09","11","2","0","0","0","1","0","0"
"POINT (13.237141336000036 52.611617713000044)","Unfall 143199 (2020) Kat:2, Licht: 0","143199","2","3","5","09","14","5","0","0","0","1","0","0"
"POINT (13.304765313000075 52.493431042000054)","Unfall 143200 (2020) Kat:3, Licht: 0","143200","3","2","5","09","14","5","0","0","1","1","0","0"
"POINT (13.332256431000076 52.417861301000073)","Unfall 143201 (2020) Kat:3, Licht: 2","143201","3","6","2","09","20","3","0","2","1","1","0","0"
"POINT (13.358873354000025 52.554233599000042)","Unfall 143202 (2020) Kat:3, Licht: 0","143202","3","6","2","09","14","3","0","0","1","0","0","0"
"POINT (13.320885007000072 52.456819262000067)","Unfall 143203 (2020) Kat:3, Licht: 0","143203","3","2","6","09","13","5","0","0","0","0","1","0"
"POINT (13.402103106000027 52.413137524000035)","Unfall 143204 (2020) Kat:3, Licht: 0","143204","3","3","5","09","07","3","0","0","1","1","0","0"
"POINT (13.389308793000055 52.456984287000068)","Unfall 143205 (2020) Kat:3, Licht: 0","143205","3","5","1","09","13","5","0","0","0","1","0","0"
"POINT (13.294933857000046 52.539626439000074)","Unfall 143206 (2020) Kat:2, Licht: 0","143206","2","3","5","09","12","5","0","0","0","1","0","0"
"POINT (13.371181232000026 52.503929466000045)","Unfall 143207 (2020) Kat:3, Licht: 1","143207","3","7","5","09","06","3","0","1","1","1","0","0"
"POINT (13.360989232000065 52.577035224000042)","Unfall 143208 (2020) Kat:2, Licht: 0","143208","2","2","5","09","13","5","0","0","1","0","0","0"
"POINT (13.504863102000058 52.563389338000036)","Unfall 143209 (2020) Kat:3, Licht: 0","143209","3","4","6","09","13","2","0","0","0","1","1","0"
"POINT (13.392038669000044 52.509580293000056)","Unfall 143210 (2020) Kat:3, Licht: 0","143210","3","2","3","09","08","5","0","0","1","0","0","1"
"POINT (13.409776157000067 52.528628436000076)","Unfall 143211 (2020) Kat:3, Licht: 0","143211","3","6","0","09","07","5","0","0","0","1","0","1"
"POINT (13.333269664000056 52.481110778000073)","Unfall 143212 (2020) Kat:3, Licht: 0","143212","3","6","2","09","07","5","0","0","1","1","0","0"
"POINT (13.390791440000044 52.515738573000078)","Unfall 143213 (2020) Kat:2, Licht: 0","143213","2","3","5","09","06","3","0","0","0","1","0","1"
"POINT (13.516447684000070 52.505622118000076)","Unfall 143214 (2020) Kat:3, Licht: 0","143214","3","3","5","09","07","5","0","0","0","1","0","0"
"POINT (13.263720652000075 52.514634009000076)","Unfall 143215 (2020) Kat:3, Licht: 0","143215","3","2","5","09","07","3","0","0","1","1","0","0"
"POINT (13.385035863000041 52.591207495000049)","Unfall 143216 (2020) Kat:3, Licht: 0","143216","3","6","2","09","05","3","0","0","0","1","0","0"
"POINT (13.316803001000039 52.425757200000078)","Unfall 143217 (2020) Kat:3, Licht: 0","143217","3","2","2","09","06","5","0","0","0","1","0","1"
"POINT (13.415061036000054 52.553834248000044)","Unfall 143218 (2020) Kat:3, Licht: 0","143218","3","6","2","09","06","5","0","0","0","1","0","0"
"POINT (13.454998020000062 52.496996488000036)","Unfall 143219 (2020) Kat:2, Licht: 2","143219","2","1","8","09","00","3","0","2","1","0","0","0"
"POINT (13.286566570000048 52.591385113000058)","Unfall 143220 (2020) Kat:3, Licht: 0","143220","3","7","2","09","15","4","0","0","0","1","0","0"
"POINT (13.382192958000076 52.399329262000037)","Unfall 143221 (2020) Kat:3, Licht: 0","143221","3","6","2","09","14","2","0","0","0","1","0","0"
"POINT (13.386247098000069 52.538739995000071)","Unfall 143222 (2020) Kat:3, Licht: 0","143222","3","3","0","09","15","4","0","0","1","0","0","0"
"POINT (13.509510036000052 52.496134299000062)","Unfall 143223 (2020) Kat:2, Licht: 0","143223","2","7","6","09","10","4","0","0","1","0","1","0"
"POINT (13.387147542000037 52.526833995000061)","Unfall 143224 (2020) Kat:3, Licht: 2","143224","3","6","2","09","21","4","0","2","0","1","0","0"
"POINT (13.388997717000052 52.515980712000044)","Unfall 143225 (2020) Kat:3, Licht: 0","143225","3","5","1","09","08","3","0","0","1","0","0","0"
"POINT (13.421317565000038 52.467389212000057)","Unfall 143226 (2020) Kat:3, Licht: 0","143226","3","6","4","09","14","4","0","0","0","0","0","1"
"POINT (13.503344305000041 52.460590520000039)","Unfall 143227 (2020) Kat:3, Licht: 2","143227","3","6","2","09","00","3","0","2","0","1","0","1"
"POINT (13.430272024000033 52.515359029000081)","Unfall 143228 (2020) Kat:3, Licht: 0","143228","3","2","5","09","07","3","0","0","1","1","0","0"
"POINT (13.266871558000048 52.532366044000071)","Unfall 143229 (2020) Kat:3, Licht: 0","143229","3","7","6","09","08","4","0","0","1","0","1","0"
"POINT (13.307967912000038 52.506566754000062)","Unfall 143230 (2020) Kat:3, Licht: 1","143230","3","2","5","09","20","2","0","1","0","1","0","0"
"POINT (13.295514463000075 52.642461981000054)","Unfall 143231 (2020) Kat:2, Licht: 0","143231","2","7","7","09","20","4","0","0","1","0","0","0"
"POINT (13.596302442000024 52.437108023000064)","Unfall 143232 (2020) Kat:3, Licht: 0","143232","3","6","2","09","11","4","0","0","0","1","0","0"
"POINT (13.365758243000073 52.562893834000079)","Unfall 143233 (2020) Kat:3, Licht: 0","143233","3","6","3","09","14","2","0","0","0","1","0","1"
"POINT (13.235659200000043 52.620739109000056)","Unfall 143234 (2020) Kat:3, Licht: 0","143234","3","2","5","09","11","4","0","0","0","1","0","1"
"POINT (13.324760333000029 52.510113420000039)","Unfall 143235 (2020) Kat:3, Licht: 2","143235","3","5","1","09","23","4","0","2","0","1","0","0"
"POINT (13.437877038000067 52.478280085000051)","Unfall 143236 (2020) Kat:3, Licht: 2","143236","3","1","0","09","22","4","0","2","1","0","0","0"
"POINT (13.300101365000046 52.509765830000049)","Unfall 143237 (2020) Kat:3, Licht: 0","143237","3","3","5","09","08","3","0","0","1","1","0","0"
"POINT (13.454056205000029 52.494042001000082)","Unfall 143238 (2020) Kat:3, Licht: 0","143238","3","6","2","09","18","1","0","0","0","1","0","0"
"POINT (13.329725596000060 52.563163909000082)","Unfall 143239 (2020) Kat:2, Licht: 2","143239","2","2","5","09","22","4","0","2","1","1","0","0"
"POINT (13.284454605000064 52.594504032000032)","Unfall 143240 (2020) Kat:3, Licht: 0","143240","3","6","3","09","13","2","0","0","0","1","0","1"
"POINT (13.525465754000038 52.481528647000061)","Unfall 143241 (2020) Kat:3, Licht: 0","143241","3","2","5","09","07","2","0","0","1","1","0","0"
"POINT (13.408181598000056 52.528944722000062)","Unfall 143242 (2020) Kat:3, Licht: 2","143242","3","5","1","09","21","4","0","2","1","1","0","0"
"POINT (13.415897406000056 52.527420977000077)","Unfall 143243 (2020) Kat:3, Licht: 0","143243","3","5","1","09","16","1","0","0","1","1","0","0"
"POINT (13.339030364000052 52.503356046000079)","Unfall 143244 (2020) Kat:3, Licht: 2","143244","3","5","1","09","20","4","0","2","1","1","0","0"
"POINT (13.321658157000059 52.491713559000061)","Unfall 143245 (2020) Kat:3, Licht: 2","143245","3","2","5","09","20","4","0","2","0","1","0","1"
"POINT (13.323076786000058 52.491553038000063)","Unfall 143246 (2020) Kat:3, Licht: 2","143246","3","3","5","09","20","4","0","2","1","1","0","0"
"POINT (13.519144155000049 52.509797919000050)","Unfall 143247 (2020) Kat:3, Licht: 0","143247","3","2","5","09","08","3","0","0","1","1","0","0"
"POINT (13.338384135000069 52.505221558000073)","Unfall 143248 (2020) Kat:3, Licht: 0","143248","3","2","5","09","17","2","0","0","1","1","0","0"
"POINT (13.313283083000044 52.435401880000029)","Unfall 143249 (2020) Kat:2, Licht: 0","143249","2","2","5","09","18","4","0","0","0","1","0","0"
"POINT (13.329702605000023 52.563177076000045)","Unfall 143250 (2020) Kat:3, Licht: 2","143250","3","2","5","09","05","6","1","2","1","1","0","0"
"POINT (13.406563212000037 52.575791210000034)","Unfall 143251 (2020) Kat:2, Licht: 0","143251","2","4","6","09","14","4","0","0","1","0","1","0"
"POINT (13.344806047000077 52.485581281000066)","Unfall 143252 (2020) Kat:3, Licht: 2","143252","3","1","0","09","05","2","1","2","0","0","0","1"
"POINT (13.329719823000062 52.568964697000069)","Unfall 143253 (2020) Kat:3, Licht: 0","143253","3","6","2","09","09","4","0","0","0","1","0","1"
"POINT (13.387324697000054 52.525899566000078)","Unfall 143254 (2020) Kat:3, Licht: 2","143254","3","6","2","09","19","5","0","2","1","1","0","0"
"POINT (13.480338588000052 52.460356251000064)","Unfall 143255 (2020) Kat:2, Licht: 0","143255","2","6","2","09","17","7","1","0","0","1","0","0"
"POINT (13.377228967000065 52.475588893000065)","Unfall 143256 (2020) Kat:3, Licht: 0","143256","3","3","5","09","07","3","0","0","1","1","0","0"
"POINT (13.192161895000027 52.534126706000052)","Unfall 143257 (2020) Kat:3, Licht: 0","143257","3","6","3","09","10","4","0","0","0","1","0","0"
"POINT (13.369140472000026 52.597370371000068)","Unfall 143258 (2020) Kat:3, Licht: 0","143258","3","2","0","09","10","4","0","0","1","1","0","0"
"POINT (13.373917134000067 52.468763659000047)","Unfall 143259 (2020) Kat:3, Licht: 0","143259","3","6","2","09","14","6","1","0","0","1","0","0"
"POINT (13.393805640000039 52.541118099000073)","Unfall 143260 (2020) Kat:3, Licht: 0","143260","3","3","5","09","15","2","0","0","0","1","0","1"
"POINT (13.205670056000031 52.541623413000082)","Unfall 143261 (2020) Kat:3, Licht: 0","143261","3","3","5","09","18","4","0","0","0","1","0","0"
"POINT (13.347014115000036 52.450092287000075)","Unfall 143262 (2020) Kat:3, Licht: 1","143262","3","2","6","09","06","5","0","1","0","1","1","0"
"POINT (13.594585184000039 52.429043748000026)","Unfall 143263 (2020) Kat:3, Licht: 0","143263","3","5","1","09","17","2","0","0","1","1","0","0"
"POINT (13.383583124000040 52.551180743000032)","Unfall 143264 (2020) Kat:3, Licht: 0","143264","3","5","1","09","17","3","0","0","1","1","0","0"
"POINT (13.457913611000038 52.546742432000030)","Unfall 143265 (2020) Kat:3, Licht: 0","143265","3","7","2","09","08","5","0","0","1","1","0","0"
"POINT (13.359405174000074 52.475028334000058)","Unfall 143266 (2020) Kat:3, Licht: 0","143266","3","3","5","09","13","7","1","0","0","1","0","0"
"POINT (13.239879673000075 52.542959191000079)","Unfall 143267 (2020) Kat:3, Licht: 0","143267","3","2","2","09","19","3","0","0","0","1","0","0"
"POINT (13.527010159000042 52.492075385000078)","Unfall 143268 (2020) Kat:2, Licht: 0","143268","2","7","0","09","14","5","0","0","1","0","0","0"
"POINT (13.475939914000037 52.501135010000041)","Unfall 143269 (2020) Kat:3, Licht: 0","143269","3","1","9","09","10","7","1","0","0","1","0","0"
"POINT (13.473260696000068 52.522991487000070)","Unfall 143270 (2020) Kat:3, Licht: 0","143270","3","3","5","09","12","3","0","0","1","1","0","0"
"POINT (13.356047408000052 52.559555245000070)","Unfall 143271 (2020) Kat:3, Licht: 0","143271","3","3","5","09","17","4","0","0","1","1","0","0"
"POINT (13.158455082000046 52.462574095000036)","Unfall 143272 (2020) Kat:3, Licht: 0","143272","3","6","2","09","10","6","1","0","0","1","0","0"
"POINT (13.505786129000057 52.418496330000039)","Unfall 143273 (2020) Kat:3, Licht: 0","143273","3","2","5","09","10","2","0","0","0","1","0","0"
"POINT (13.645060894000039 52.524944586000061)","Unfall 143274 (2020) Kat:2, Licht: 0","143274","2","1","0","09","12","4","0","0","0","0","0","1"
"POINT (13.338763338000035 52.448957959000040)","Unfall 143275 (2020) Kat:3, Licht: 0","143275","3","2","5","09","09","4","0","0","1","1","0","0"
"POINT (13.402711689000057 52.585504422000042)","Unfall 143276 (2020) Kat:3, Licht: 0","143276","3","3","5","09","17","5","0","0","1","1","0","0"
"POINT (13.312202535000040 52.430433955000069)","Unfall 143277 (2020) Kat:3, Licht: 2","143277","3","1","8","09","21","1","1","2","0","1","0","0"
"POINT (13.434622884000078 52.462183248000031)","Unfall 143278 (2020) Kat:2, Licht: 0","143278","2","6","0","09","16","3","0","0","0","1","0","1"
"POINT (13.554114728000059 52.467142160000037)","Unfall 143279 (2020) Kat:3, Licht: 2","143279","3","6","3","09","20","6","0","2","1","1","0","0"
"POINT (13.443732448000048 52.525287798000079)","Unfall 143280 (2020) Kat:3, Licht: 0","143280","3","5","1","09","09","3","0","0","1","1","0","0"
"POINT (13.420058572000073 52.496453992000056)","Unfall 143281 (2020) Kat:3, Licht: 0","143281","3","2","5","09","18","4","0","0","1","1","0","0"
"POINT (13.482196150000050 52.610608745000036)","Unfall 143282 (2020) Kat:3, Licht: 0","143282","3","6","2","09","08","6","1","0","0","1","0","0"
"POINT (13.294454533000021 52.474040903000059)","Unfall 143283 (2020) Kat:3, Licht: 0","143283","3","4","6","09","14","4","0","0","0","1","1","0"
"POINT (13.319667833000040 52.501716284000054)","Unfall 143284 (2020) Kat:3, Licht: 0","143284","3","4","0","09","11","2","0","0","0","1","1","0"
"POINT (13.324369194000042 52.565009842000052)","Unfall 143285 (2020) Kat:2, Licht: 0","143285","2","5","1","09","13","4","0","0","1","1","0","0"
"POINT (13.441692715000045 52.550030832000061)","Unfall 143286 (2020) Kat:3, Licht: 0","143286","3","3","5","09","08","4","0","0","1","1","0","0"
"POINT (13.374601733000077 52.481233438000061)","Unfall 143287 (2020) Kat:2, Licht: 0","143287","2","3","5","09","17","4","0","0","0","1","0","0"
"POINT (13.257152477000034 52.522250783000061)","Unfall 143288 (2020) Kat:3, Licht: 0","143288","3","6","2","09","08","6","1","0","0","1","0","0"
"POINT (13.406314390000034 52.536563600000079)","Unfall 143289 (2020) Kat:3, Licht: 0","143289","3","5","1","09","14","2","0","0","1","1","0","0"
"POINT (13.479868724000028 52.428387063000059)","Unfall 143290 (2020) Kat:3, Licht: 0","143290","3","3","0","09","07","4","0","0","0","1","0","1"
"POINT (13.319659839000053 52.484109130000036)","Unfall 143291 (2020) Kat:3, Licht: 0","143291","3","5","1","09","08","4","0","0","1","1","0","0"
"POINT (13.508595476000039 52.463711057000069)","Unfall 143292 (2020) Kat:3, Licht: 0","143292","3","2","5","09","14","5","0","0","1","1","0","0"
"POINT (13.404440624000074 52.540615991000038)","Unfall 143293 (2020) Kat:3, Licht: 0","143293","3","7","0","09","13","1","0","0","0","1","0","1"
"POINT (13.349881468000035 52.451727760000040)","Unfall 143294 (2020) Kat:3, Licht: 0","143294","3","5","1","09","10","3","0","0","1","1","0","0"
"POINT (13.542278304000035 52.457753371000081)","Unfall 143295 (2020) Kat:2, Licht: 2","143295","2","1","0","09","23","6","0","2","0","0","0","1"
"POINT (13.410446210000032 52.503796683000076)","Unfall 143296 (2020) Kat:3, Licht: 0","143296","3","2","0","09","08","3","0","0","1","1","0","0"
"POINT (13.429449687000044 52.586373304000062)","Unfall 143297 (2020) Kat:3, Licht: 0","143297","3","6","4","09","08","4","0","0","1","0","0","0"
"POINT (13.571340713000041 52.545921963000069)","Unfall 143298 (2020) Kat:3, Licht: 2","143298","3","1","9","09","05","6","1","2","0","1","0","0"
"POINT (13.388751367000054 52.492566940000074)","Unfall 143299 (2020) Kat:3, Licht: 0","143299","3","7","6","09","14","4","0","0","0","1","1","0"
"POINT (13.543934862000071 52.417319958000064)","Unfall 143300 (2020) Kat:3, Licht: 1","143300","3","7","1","09","06","2","0","1","0","1","0","0"
"POINT (13.460797224000032 52.516494835000060)","Unfall 143301 (2020) Kat:3, Licht: 0","143301","3","7","5","09","12","4","0","0","1","1","0","0"
"POINT (13.204171829000074 52.540511031000051)","Unfall 143302 (2020) Kat:3, Licht: 0","143302","3","6","3","09","15","5","0","0","0","1","0","0"
"POINT (13.426220180000030 52.548556557000040)","Unfall 143303 (2020) Kat:3, Licht: 2","143303","3","3","5","09","20","7","1","2","0","1","0","0"
"POINT (13.158336648000045 52.533056298000076)","Unfall 143304 (2020) Kat:3, Licht: 0","143304","3","6","2","09","08","3","0","0","0","1","0","1"
"POINT (13.471914608000077 52.570793336000065)","Unfall 143305 (2020) Kat:3, Licht: 0","143305","3","3","1","09","08","4","0","0","1","1","0","0"
"POINT (13.630293370000061 52.524446126000043)","Unfall 143306 (2020) Kat:3, Licht: 0","143306","3","3","5","09","12","5","0","0","1","1","0","0"
"POINT (13.408259642000075 52.426673818000040)","Unfall 143307 (2020) Kat:3, Licht: 1","143307","3","7","1","09","06","1","0","1","0","1","0","0"
"POINT (13.473849651000023 52.510090211000033)","Unfall 143308 (2020) Kat:2, Licht: 0","143308","2","4","6","09","14","3","0","0","0","1","1","0"
"POINT (13.371344816000033 52.511148665000064)","Unfall 143309 (2020) Kat:3, Licht: 0","143309","3","2","5","09","18","6","1","0","1","1","0","0"
"POINT (13.412298267000040 52.531147570000030)","Unfall 143310 (2020) Kat:3, Licht: 0","143310","3","2","5","09","07","3","0","0","1","1","0","0"
"POINT (13.388678841000058 52.494182637000051)","Unfall 143311 (2020) Kat:3, Licht: 0","143311","3","2","5","09","08","4","0","0","1","1","0","0"
"POINT (13.626402543000040 52.539556468000058)","Unfall 143312 (2020) Kat:3, Licht: 0","143312","3","7","0","09","13","6","1","0","0","0","0","1"
"POINT (13.467383371000039 52.462784493000072)","Unfall 143313 (2020) Kat:2, Licht: 0","143313","2","2","5","09","14","4","0","0","0","1","0","1"
"POINT (13.476119584000060 52.532889272000034)","Unfall 143314 (2020) Kat:3, Licht: 1","143314","3","2","2","09","05","2","1","1","0","1","0","0"
"POINT (13.299086742000043 52.487215800000058)","Unfall 143315 (2020) Kat:3, Licht: 0","143315","3","7","1","09","09","4","0","0","0","1","0","0"
"POINT (13.416076625000073 52.398349721000045)","Unfall 143316 (2020) Kat:3, Licht: 1","143316","3","3","5","09","18","5","0","1","0","1","0","0"
"POINT (13.379371988000059 52.540166535000026)","Unfall 143317 (2020) Kat:3, Licht: 0","143317","3","3","5","09","12","7","1","0","1","1","0","0"
"POINT (13.352685466000025 52.499244803000067)","Unfall 143318 (2020) Kat:2, Licht: 2","143318","2","4","6","09","23","3","0","2","1","0","1","0"
"POINT (13.364715614000033 52.485092979000058)","Unfall 143319 (2020) Kat:3, Licht: 0","143319","3","6","3","09","07","4","0","0","1","1","0","0"
"POINT (13.291339795000056 52.497138123000070)","Unfall 143320 (2020) Kat:2, Licht: 0","143320","2","3","5","09","07","4","0","0","0","1","0","0"
"POINT (13.394654977000073 52.506977497000037)","Unfall 143321 (2020) Kat:3, Licht: 0","143321","3","5","1","09","14","6","1","0","1","1","0","0"
"POINT (13.381603044000030 52.523841050000044)","Unfall 143322 (2020) Kat:3, Licht: 0","143322","3","6","2","09","09","2","0","0","1","1","0","0"
"POINT (13.674349928000026 52.371321571000067)","Unfall 143323 (2020) Kat:2, Licht: 1","143323","2","7","7","09","06","4","0","1","0","0","0","1"
"POINT (13.371962748000044 52.519569514000068)","Unfall 143324 (2020) Kat:3, Licht: 0","143324","3","7","5","09","17","5","0","0","1","1","0","0"
"POINT (13.479487930000062 52.643698542000038)","Unfall 143325 (2020) Kat:1, Licht: 0","143325","1","2","5","09","16","4","0","0","0","1","0","1"
"POINT (13.322635703000060 52.487960750000070)","Unfall 143326 (2020) Kat:3, Licht: 0","143326","3","7","1","09","16","6","0","0","0","1","0","0"
"POINT (13.516536961000043 52.505549152000071)","Unfall 143327 (2020) Kat:2, Licht: 0","143327","2","3","5","09","10","2","0","0","1","1","0","0"
"POINT (13.359745680000060 52.475284888000033)","Unfall 143328 (2020) Kat:3, Licht: 0","143328","3","2","0","09","07","3","0","0","1","0","0","0"
"POINT (13.307710398000040 52.449681250000026)","Unfall 143329 (2020) Kat:3, Licht: 0","143329","3","3","5","09","12","6","1","0","0","1","0","0"
"POINT (13.431490289000067 52.554035210000052)","Unfall 143330 (2020) Kat:3, Licht: 0","143330","3","5","1","09","18","2","0","0","1","0","0","0"
"POINT (13.359888639000076 52.523520428000040)","Unfall 143331 (2020) Kat:3, Licht: 1","143331","3","6","2","09","07","3","0","1","1","0","0","0"
"POINT (13.352196774000049 52.505499947000033)","Unfall 143332 (2020) Kat:3, Licht: 0","143332","3","3","5","09","13","5","0","0","0","1","0","0"
"POINT (13.221597871000029 52.537044730000048)","Unfall 143333 (2020) Kat:3, Licht: 0","143333","3","1","9","09","08","7","1","0","0","1","0","0"
"POINT (13.314966656000024 52.472056692000081)","Unfall 143334 (2020) Kat:2, Licht: 0","143334","2","7","0","09","11","3","0","0","1","0","0","0"
"POINT (13.401994823000052 52.492585065000071)","Unfall 143335 (2020) Kat:3, Licht: 0","143335","3","2","5","09","09","3","0","0","1","1","0","0"
"POINT (13.351495102000058 52.562077558000055)","Unfall 143336 (2020) Kat:3, Licht: 0","143336","3","2","5","09","09","6","1","0","1","0","0","0"
"POINT (13.521036779000042 52.460814563000042)","Unfall 143337 (2020) Kat:3, Licht: 0","143337","3","2","5","09","07","4","0","0","1","1","0","0"
"POINT (13.451957713000070 52.452531751000038)","Unfall 143338 (2020) Kat:3, Licht: 0","143338","3","2","5","09","14","3","0","0","1","1","0","0"
"POINT (13.367282539000030 52.493427214000064)","Unfall 143339 (2020) Kat:3, Licht: 0","143339","3","6","6","09","17","5","0","0","1","0","1","0"
"POINT (13.575789147000023 52.454156354000077)","Unfall 143340 (2020) Kat:3, Licht: 2","143340","3","5","1","09","20","1","1","2","0","1","0","0"
"POINT (13.406031862000077 52.381968532000030)","Unfall 143341 (2020) Kat:3, Licht: 0","143341","3","3","5","09","16","3","0","0","0","1","0","0"
"POINT (13.448125796000056 52.478117492000081)","Unfall 143342 (2020) Kat:3, Licht: 0","143342","3","6","3","09","16","1","0","0","1","1","0","0"
"POINT (13.310344306000047 52.624711334000040)","Unfall 143343 (2020) Kat:3, Licht: 0","143343","3","3","5","09","17","3","0","0","0","1","0","0"
"POINT (13.457819052000048 52.512765753000053)","Unfall 143344 (2020) Kat:3, Licht: 0","143344","3","3","5","09","13","5","0","0","0","1","0","1"
"POINT (13.286420028000066 52.518792996000059)","Unfall 143345 (2020) Kat:3, Licht: 0","143345","3","4","6","09","13","7","1","0","0","1","1","0"
"POINT (13.521643531000052 52.475209887000062)","Unfall 143346 (2020) Kat:3, Licht: 0","143346","3","3","2","09","16","3","0","0","1","0","0","1"
"POINT (13.318119062000051 52.433916264000061)","Unfall 143347 (2020) Kat:3, Licht: 1","143347","3","5","0","09","17","3","0","1","0","1","0","0"
"POINT (13.386603411000067 52.500947092000047)","Unfall 143348 (2020) Kat:3, Licht: 0","143348","3","3","5","09","07","6","1","0","0","1","0","1"