WKT,Name,OBJECTID,UKATEGORIE,UTYP1,UART,UMONAT,USTUNDE,UWOCHENTAG,STRZUSTAND,ULICHTVERH,ISTRAD,ISTPKW,ISTFUSS,ISTKRAD
"POINT (13.431645006000053 52.485910955000065)","Unfall 143349 (2020) Kat:3, Licht: 0","143349","3","7","6","09","14","2","0","0","0","1","1","0"
"POINT (13.311788107000041 52.500408205000042)","Unfall 143350 (2020) Kat:3, Licht: 0","143350","3","3","5","09","08","4","0","0","1","0","0","1"
"POINT (13.288514534000058 52.458041629000036)","Unfall 143351 (2020) Kat:2, Licht: 0","143351","2","2","5","09","16","3","0","0","1","1","0","0"
"POINT (13.197239142000058 52.540994057000034)","Unfall 143352 (2020) Kat:2, Licht: 0","143352","2","7","6","09","16","5","0","0","0","1","1","0"
"POINT (13.310675372000048 52.489204317000031)","Unfall 143353 (2020) Kat:2, Licht: 0","143353","2","3","5","09","12","1","0","0","0","1","0","0"
"POINT (13.320783277000032 52.411556925000070)","Unfall 143354 (2020) Kat:3, Licht: 0","143354","3","6","3","09","15","3","0","0","0","1","0","0"
"POINT (13.614671995000037 52.493640601000038)","Unfall 143355 (2020) Kat:2, Licht: 0","143355","2","3","0","09","15","6","1","0","1","1","0","0"
"POINT (13.431125152000050 52.467825977000075)","Unfall 143356 (2020) Kat:3, Licht: 0","143356","3","3","5","09","08","3","0","0","1","1","0","0"
"POINT (13.332354306000070 52.454940460000046)","Unfall 143357 (2020) Kat:3, Licht: 0","143357","3","6","3","09","15","3","0","0","0","1","0","0"
"POINT (13.303101439000045 52.505523753000034)","Unfall 143358 (2020) Kat:3, Licht: 2","143358","3","3","5","09","05","6","1","2","1","1","0","0"
"POINT (13.389730596000049 52.574307918000045)","Unfall 143359 (2020) Kat:3, Licht: 0","143359","3","3","5","09","14","4","0","0","0","1","0","0"
"POINT (13.399001439000074 52.532436791000066)","Unfall 143360 (2020) Kat:3, Licht: 0","143360","3","1","0","09","07","6","1","0","1","0","0","0"
"POINT (13.601330949000044 52.535759388000031)","Unfall 143361 (2020) Kat:3, Licht: 0","143361","3","2","5","09","09","3","0","0","0","1","0","1"
"POINT (13.286498150000057 52.480196052000053)","Unfall 143362 (2020) Kat:3, Licht: 0","143362","3","5","1","09","15","3","0","0","0","1","0","0"
"POINT (13.553295283000068 52.469600490000062)","Unfall 143363 (2020) Kat:2, Licht: 1","143363","2","3","5","09","07","6","1","1","0","1","0","1"
"POINT (13.196822262000069 52.562964342000043)","Unfall 143364 (2020) Kat:3, Licht: 0","143364","3","3","5","09","13","4","0","0","1","1","0","0"
"POINT (13.336025720000066 52.522788385000069)","Unfall 143365 (2020) Kat:3, Licht: 0","143365","3","7","6","09","15","2","0","0","1","0","1","0"
"POINT (13.408945637000045 52.524171804000048)","Unfall 143366 (2020) Kat:3, Licht: 0","143366","3","4","0","09","13","4","0","0","0","0","1","1"
"POINT (13.552941835000070 52.439590724000027)","Unfall 143367 (2020) Kat:3, Licht: 0","143367","3","3","5","09","16","5","0","0","0","0","0","1"
"POINT (13.339375808000057 52.525724681000042)","Unfall 143368 (2020) Kat:3, Licht: 2","143368","3","2","5","09","23","7","1","2","1","1","0","0"
"POINT (13.230153362000067 52.438211325000054)","Unfall 143369 (2020) Kat:3, Licht: 0","143369","3","6","2","09","13","3","0","0","0","1","0","0"
"POINT (13.475517808000063 52.502639892000047)","Unfall 143370 (2020) Kat:3, Licht: 0","143370","3","6","3","09","10","5","0","0","0","1","0","1"
"POINT (13.495421009000040 52.536022256000081)","Unfall 143371 (2020) Kat:3, Licht: 2","143371","3","4","6","09","17","6","1","2","0","1","1","0"
"POINT (13.314054488000068 52.506350112000064)","Unfall 143372 (2020) Kat:3, Licht: 0","143372","3","2","5","09","15","2","0","0","1","1","0","0"
"POINT (13.272353070000065 52.528355227000077)","Unfall 143373 (2020) Kat:2, Licht: 0","143373","2","7","0","09","14","3","0","0","1","0","0","0"
"POINT (13.300246590000029 52.498805011000059)","Unfall 143374 (2020) Kat:3, Licht: 0","143374","3","2","5","09","13","6","1","0","0","1","0","0"
"POINT (13.339912234000053 52.450953678000076)","Unfall 143375 (2020) Kat:3, Licht: 0","143375","3","3","5","09","13","4","0","0","1","1","0","0"
"POINT (13.496498481000060 52.534022659000073)","Unfall 143376 (2020) Kat:2, Licht: 1","143376","2","3","5","09","19","2","0","1","1","1","0","0"
"POINT (13.392890251000040 52.545329014000060)","Unfall 143377 (2020) Kat:3, Licht: 0","143377","3","3","5","09","12","3","0","0","0","1","0","0"
"POINT (13.500347336000061 52.561425593000081)","Unfall 143378 (2020) Kat:3, Licht: 0","143378","3","3","5","09","10","5","0","0","0","1","0","0"
"POINT (13.406777803000068 52.393768305000037)","Unfall 143379 (2020) Kat:2, Licht: 0","143379","2","2","5","09","18","5","0","0","0","1","0","0"
"POINT (13.368134358000077 52.508968714000048)","Unfall 143380 (2020) Kat:3, Licht: 0","143380","3","1","0","09","12","7","1","0","0","0","0","0"
"POINT (13.373655815000063 52.460298582000064)","Unfall 143381 (2020) Kat:3, Licht: 0","143381","3","7","2","09","12","3","0","0","0","0","0","1"
"POINT (13.417324325000038 52.490720831000033)","Unfall 143382 (2020) Kat:3, Licht: 2","143382","3","2","2","09","20","2","0","2","0","1","0","0"
"POINT (13.361206427000070 52.494230386000027)","Unfall 143383 (2020) Kat:3, Licht: 0","143383","3","2","0","09","11","4","0","0","0","1","0","0"
"POINT (13.418228088000035 52.517355775000055)","Unfall 143384 (2020) Kat:3, Licht: 0","143384","3","2","5","09","09","5","0","0","1","1","0","0"
"POINT (13.431631834000029 52.552152024000065)","Unfall 143385 (2020) Kat:3, Licht: 2","143385","3","3","5","09","22","5","0","2","0","1","0","1"
"POINT (13.320240584000032 52.478798941000036)","Unfall 143386 (2020) Kat:2, Licht: 2","143386","2","2","5","09","19","7","1","2","0","1","0","0"
"POINT (13.401367042000061 52.529585856000040)","Unfall 143387 (2020) Kat:3, Licht: 2","143387","3","6","3","09","21","3","0","2","1","1","0","0"
"POINT (13.412329357000033 52.390055241000027)","Unfall 143388 (2020) Kat:3, Licht: 0","143388","3","2","6","09","14","3","0","0","0","1","1","0"
"POINT (13.445213784000032 52.542458339000063)","Unfall 143389 (2020) Kat:2, Licht: 0","143389","2","3","5","09","13","3","0","0","1","0","0","0"
"POINT (13.349637869000048 52.508545172000026)","Unfall 143390 (2020) Kat:3, Licht: 0","143390","3","3","5","09","12","6","1","0","0","1","0","1"
"POINT (13.286527826000054 52.641297390000034)","Unfall 143391 (2020) Kat:3, Licht: 0","143391","3","3","5","09","16","2","0","0","1","1","0","0"
"POINT (13.462179191000075 52.422422772000061)","Unfall 143392 (2020) Kat:3, Licht: 0","143392","3","3","5","09","14","3","0","0","0","1","0","0"
"POINT (13.331915219000052 52.539978307000069)","Unfall 143393 (2020) Kat:3, Licht: 0","143393","3","6","2","09","12","6","0","0","0","1","0","0"
"POINT (13.376473650000037 52.535849823000035)","Unfall 143394 (2020) Kat:3, Licht: 0","143394","3","6","2","09","17","2","0","0","0","1","0","0"
"POINT (13.400930589000041 52.498296363000065)","Unfall 143395 (2020) Kat:2, Licht: 2","143395","2","4","6","09","20","3","0","2","0","1","1","0"
"POINT (13.474949019000064 52.474125641000057)","Unfall 143396 (2020) Kat:3, Licht: 0","143396","3","2","5","09","08","5","0","0","0","1","0","0"
"POINT (13.412472307000030 52.392141808000076)","Unfall 143397 (2020) Kat:3, Licht: 0","143397","3","2","5","09","07","5","0","0","1","1","0","0"
"POINT (13.472800822000067 52.504926481000041)","Unfall 143398 (2020) Kat:2, Licht: 0","143398","2","1","5","09","14","7","1","0","0","1","0","1"
"POINT (13.525402418000056 52.482112374000053)","Unfall 143399 (2020) Kat:3, Licht: 0","143399","3","6","3","09","09","3","0","0","1","1","0","0"
"POINT (13.386650821000046 52.511838179000051)","Unfall 143400 (2020) Kat:2, Licht: 0","143400","2","3","5","09","14","3","0","0","1","1","0","0"
"POINT (13.351118828000040 52.515165476000050)","Unfall 143401 (2020) Kat:3, Licht: 0","143401","3","6","2","09","08","6","1","0","0","1","0","0"
"POINT (13.233781308000061 52.438709403000075)","Unfall 143402 (2020) Kat:3, Licht: 0","143402","3","3","5","09","13","3","0","0","0","1","0","0"
"POINT (13.558491868000033 52.452796531000047)","Unfall 143403 (2020) Kat:3, Licht: 0","143403","3","6","2","09","14","6","1","0","0","1","0","0"
"POINT (13.224095433000059 52.429492025000059)","Unfall 143404 (2020) Kat:3, Licht: 0","143404","3","2","5","09","10","2","0","0","1","1","0","0"
"POINT (13.408626268000035 52.571698960000049)","Unfall 143405 (2020) Kat:3, Licht: 0","143405","3","5","1","09","13","4","0","0","1","1","0","0"
"POINT (13.593519197000035 52.452944578000029)","Unfall 143406 (2020) Kat:3, Licht: 0","143406","3","2","5","09","13","3","0","0","1","1","0","0"
"POINT (13.472102850000056 52.460255038000071)","Unfall 143407 (2020) Kat:3, Licht: 0","143407","3","4","0","09","17","5","0","0","1","0","1","0"
"POINT (13.455559223000023 52.483725006000043)","Unfall 143408 (2020) Kat:2, Licht: 0","143408","2","5","1","09","17","1","0","0","1","1","0","0"
"POINT (13.346914962000028 52.519720497000037)","Unfall 143409 (2020) Kat:3, Licht: 0","143409","3","5","1","09","11","3","0","0","1","1","0","0"
"POINT (13.438154612000062 52.417621904000043)","Unfall 143410 (2020) Kat:3, Licht: 0","143410","3","4","6","09","08","5","0","0","0","1","1","0"
"POINT (13.386620374000074 52.490078150000045)","Unfall 143411 (2020) Kat:2, Licht: 0","143411","2","2","5","09","12","5","0","0","1","1","0","0"
"POINT (13.580621868000037 52.456746339000063)","Unfall 143412 (2020) Kat:3, Licht: 0","143412","3","2","5","09","12","7","1","0","0","1","0","0"
"POINT (13.331430354000076 52.504357084000048)","Unfall 143413 (2020) Kat:3, Licht: 0","143413","3","6","2","09","09","3","1","0","0","1","0","1"
"POINT (13.405290446000038 52.386662309000030)","Unfall 143414 (2020) Kat:3, Licht: 0","143414","3","7","1","09","12","3","0","0","0","1","0","0"
"POINT (13.329828205000069 52.569268520000037)","Unfall 143415 (2020) Kat:3, Licht: 0","143415","3","6","3","09","14","6","1","0","0","1","0","0"
"POINT (13.314351791000036 52.423976038000035)","Unfall 143416 (2020) Kat:3, Licht: 0","143416","3","2","5","09","13","4","0","0","0","1","0","1"
"POINT (13.268336489000035 52.406310578000046)","Unfall 143417 (2020) Kat:3, Licht: 0","143417","3","4","6","09","07","2","0","0","1","0","1","0"
"POINT (13.406946616000027 52.444553323000036)","Unfall 143418 (2020) Kat:3, Licht: 0","143418","3","3","5","09","13","4","0","0","1","1","0","0"
"POINT (13.454150820000052 52.482668597000043)","Unfall 143419 (2020) Kat:3, Licht: 0","143419","3","3","5","09","12","3","0","0","1","1","0","0"
"POINT (13.208194055000035 52.538717960000042)","Unfall 143420 (2020) Kat:3, Licht: 2","143420","3","5","1","09","22","5","0","2","0","1","0","0"
"POINT (13.442481606000058 52.423193139000034)","Unfall 143421 (2020) Kat:3, Licht: 0","143421","3","2","5","09","06","1","0","0","0","1","0","0"
"POINT (13.343348274000050 52.531744734000029)","Unfall 143422 (2020) Kat:3, Licht: 0","143422","3","2","5","09","14","3","0","0","0","1","0","0"
"POINT (13.581350800000052 52.504408644000080)","Unfall 143423 (2020) Kat:3, Licht: 0","143423","3","3","5","09","15","2","0","0","0","1","0","0"
"POINT (13.587204896000060 52.520590188000028)","Unfall 143424 (2020) Kat:3, Licht: 0","143424","3","2","2","09","07","4","0","0","1","1","0","0"
"POINT (13.280377967000049 52.594254456000044)","Unfall 143425 (2020) Kat:2, Licht: 0","143425","2","2","5","09","11","3","0","0","1","1","0","0"
"POINT (13.342248652000023 52.550059251000050)","Unfall 143426 (2020) Kat:3, Licht: 0","143426","3","3","5","09","17","5","0","0","0","1","0","0"
"POINT (13.387484293000057 52.560206556000026)","Unfall 143427 (2020) Kat:3, Licht: 0","143427","3","4","6","09","16","1","0","0","0","1","1","0"
"POINT (13.563473791000035 52.445635015000050)","Unfall 143428 (2020) Kat:3, Licht: 0","143428","3","3","5","09","16","3","0","0","1","1","0","0"
"POINT (13.384726589000024 52.496718311000052)","Unfall 143429 (2020) Kat:3, Licht: 2","143429","3","3","5","09","23","6","0","2","0","1","0","0"
"POINT (13.361069728000075 52.494434230000081)","Unfall 143430 (2020) Kat:3, Licht: 0","143430","3","6","4","09","08","3","0","0","1","0","0","0"
"POINT (13.357096242000068 52.523545776000049)","Unfall 143431 (2020) Kat:3, Licht: 0","143431","3","2","5","09","11","3","0","0","1","1","0","0"
"POINT (13.317299516000048 52.512161577000029)","Unfall 143432 (2020) Kat:3, Licht: 2","143432","3","2","5","09","06","6","1","2","1","0","0","0"
"POINT (13.411617998000054 52.503377872000044)","Unfall 143433 (2020) Kat:3, Licht: 0","143433","3","7","6","09","17","4","0","0","0","0","1","0"
"POINT (13.361167223000052 52.494425857000067)","Unfall 143434 (2020) Kat:3, Licht: 0","143434","3","2","6","09","06","2","0","0","0","1","1","0"
"POINT (13.322339011000054 52.513174421000031)","Unfall 143435 (2020) Kat:3, Licht: 0","143435","3","6","2","09","12","4","0","0","0","1","0","0"
"POINT (13.625499985000033 52.457197710000059)","Unfall 143436 (2020) Kat:3, Licht: 0","143436","3","6","2","09","17","4","0","0","0","1","0","0"
"POINT (13.259181555000055 52.430806499000028)","Unfall 143437 (2020) Kat:3, Licht: 0","143437","3","2","2","09","16","5","0","0","1","1","0","0"
"POINT (13.408149006000031 52.541439662000073)","Unfall 143438 (2020) Kat:3, Licht: 2","143438","3","3","0","09","20","7","1","2","0","1","0","1"
"POINT (13.490658091000057 52.536415408000039)","Unfall 143439 (2020) Kat:2, Licht: 0","143439","2","5","1","09","15","3","0","0","0","1","0","0"
"POINT (13.457764804000021 52.512757892000081)","Unfall 143440 (2020) Kat:2, Licht: 0","143440","2","2","5","09","16","4","0","0","1","1","0","0"
"POINT (13.416160571000034 52.496869496000045)","Unfall 143441 (2020) Kat:3, Licht: 0","143441","3","7","6","09","16","6","0","0","0","1","1","0"
"POINT (13.571474608000074 52.555455525000070)","Unfall 143442 (2020) Kat:2, Licht: 0","143442","2","6","2","09","17","2","0","0","0","1","0","1"
"POINT (13.407340940000040 52.554291518000070)","Unfall 143443 (2020) Kat:2, Licht: 1","143443","2","1","9","09","18","6","0","1","1","0","0","0"
"POINT (13.262637269000038 52.439269047000039)","Unfall 143444 (2020) Kat:3, Licht: 0","143444","3","3","5","09","07","3","0","0","1","1","0","0"
"POINT (13.447634384000025 52.436951186000044)","Unfall 143445 (2020) Kat:2, Licht: 0","143445","2","2","6","09","10","3","0","0","0","1","1","0"
"POINT (13.332363794000059 52.506280879000030)","Unfall 143446 (2020) Kat:3, Licht: 0","143446","3","2","5","09","13","6","1","0","0","1","0","1"
"POINT (13.379383165000036 52.540195682000046)","Unfall 143447 (2020) Kat:3, Licht: 0","143447","3","3","5","09","13","4","0","0","0","1","0","0"
"POINT (13.182812734000038 52.538375410000071)","Unfall 143448 (2020) Kat:3, Licht: 2","143448","3","7","6","09","05","2","1","2","1","0","1","0"
"POINT (13.440852911000036 52.513315563000049)","Unfall 143449 (2020) Kat:3, Licht: 0","143449","3","2","5","09","09","4","0","0","1","0","0","1"
"POINT (13.321301386000073 52.464196454000046)","Unfall 143450 (2020) Kat:3, Licht: 0","143450","3","5","1","09","14","5","0","0","1","1","0","0"
"POINT (13.367981673000031 52.546296263000045)","Unfall 143451 (2020) Kat:3, Licht: 0","143451","3","2","6","09","15","7","1","0","0","1","1","0"
"POINT (13.466559044000064 52.471359298000039)","Unfall 143452 (2020) Kat:3, Licht: 0","143452","3","6","3","09","07","3","1","0","0","0","0","1"
"POINT (13.337752722000062 52.411459243000081)","Unfall 143453 (2020) Kat:3, Licht: 0","143453","3","1","0","09","10","3","0","0","1","0","0","0"
"POINT (13.343085788000053 52.526240917000052)","Unfall 143454 (2020) Kat:3, Licht: 0","143454","3","2","0","09","10","3","0","0","0","1","0","0"
"POINT (13.458820619000051 52.506541943000059)","Unfall 143455 (2020) Kat:3, Licht: 0","143455","3","2","5","09","10","6","1","0","1","1","0","0"
"POINT (13.505084141000054 52.412205948000064)","Unfall 143456 (2020) Kat:3, Licht: 0","143456","3","3","5","09","15","2","0","0","1","1","0","0"
"POINT (13.407790141000021 52.452514078000036)","Unfall 143457 (2020) Kat:3, Licht: 0","143457","3","2","5","09","09","3","0","0","1","0","0","0"
"POINT (13.376442738000037 52.510092818000032)","Unfall 143458 (2020) Kat:3, Licht: 1","143458","3","3","5","09","06","5","0","1","1","1","0","0"
"POINT (13.346980088000066 52.450074466000046)","Unfall 143459 (2020) Kat:3, Licht: 2","143459","3","2","6","09","19","1","1","2","0","1","1","0"
"POINT (13.330500899000072 52.527014197000028)","Unfall 143460 (2020) Kat:3, Licht: 0","143460","3","4","6","09","17","3","0","0","1","0","1","0"
"POINT (13.306719467000050 52.555170328000031)","Unfall 143461 (2020) Kat:3, Licht: 0","143461","3","2","5","09","16","4","0","0","1","1","0","0"
"POINT (13.336500618000059 52.520144418000029)","Unfall 143462 (2020) Kat:2, Licht: 0","143462","2","7","6","09","13","5","0","0","1","0","1","0"
"POINT (13.316189311000073 52.515958987000033)","Unfall 143463 (2020) Kat:3, Licht: 0","143463","3","7","0","09","17","3","0","0","1","1","0","0"
"POINT (13.401939313000071 52.492619442000034)","Unfall 143464 (2020) Kat:3, Licht: 0","143464","3","2","5","09","12","6","1","0","1","0","0","0"
"POINT (13.385398937000048 52.550275333000059)","Unfall 143465 (2020) Kat:3, Licht: 1","143465","3","6","2","09","18","2","0","1","0","1","0","0"
"POINT (13.375698255000032 52.443782305000070)","Unfall 143466 (2020) Kat:3, Licht: 0","143466","3","6","3","09","18","3","0","0","1","1","0","0"
"POINT (13.427415543000052 52.552410153000039)","Unfall 143467 (2020) Kat:3, Licht: 0","143467","3","3","5","09","14","5","0","0","0","1","0","0"
"POINT (13.570481694000023 52.440683133000050)","Unfall 143468 (2020) Kat:3, Licht: 0","143468","3","1","0","09","08","7","1","0","0","0","0","1"
"POINT (13.203139312000076 52.539900463000038)","Unfall 143469 (2020) Kat:3, Licht: 2","143469","3","6","0","09","19","3","0","2","0","1","0","1"
"POINT (13.374461236000059 52.506378327000050)","Unfall 143470 (2020) Kat:3, Licht: 0","143470","3","3","5","09","17","3","0","0","0","1","0","0"
"POINT (13.553008548000037 52.508598153000037)","Unfall 143471 (2020) Kat:3, Licht: 0","143471","3","7","2","09","10","6","1","0","0","1","0","1"
"POINT (13.278115376000073 52.468482978000054)","Unfall 143472 (2020) Kat:3, Licht: 0","143472","3","3","5","09","08","2","0","0","1","1","0","0"
"POINT (13.538827548000029 52.434327423000070)","Unfall 143473 (2020) Kat:3, Licht: 2","143473","3","7","9","09","00","4","0","2","0","1","0","0"
"POINT (13.387711163000063 52.503276013000061)","Unfall 143474 (2020) Kat:3, Licht: 0","143474","3","2","5","09","17","3","0","0","1","1","0","0"
"POINT (13.348052981000023 52.485400073000051)","Unfall 143475 (2020) Kat:3, Licht: 0","143475","3","3","5","09","17","5","0","0","1","0","0","0"
"POINT (13.434894126000074 52.461404954000045)","Unfall 143476 (2020) Kat:2, Licht: 2","143476","2","6","2","09","21","1","0","2","0","1","0","0"
"POINT (13.359693583000023 52.523448278000046)","Unfall 143477 (2020) Kat:2, Licht: 0","143477","2","3","5","09","16","3","0","0","0","1","0","0"
"POINT (13.300022783000031 52.455064316000062)","Unfall 143478 (2020) Kat:3, Licht: 0","143478","3","6","2","09","09","6","1","0","0","1","0","0"
"POINT (13.402993858000059 52.489990420000026)","Unfall 143479 (2020) Kat:3, Licht: 0","143479","3","5","0","09","10","3","0","0","1","1","0","0"
"POINT (13.301885400000060 52.509954709000056)","Unfall 143480 (2020) Kat:3, Licht: 0","143480","3","6","3","09","17","3","0","0","0","0","0","0"
"POINT (13.437541799000030 52.481218234000039)","Unfall 143481 (2020) Kat:3, Licht: 0","143481","3","6","2","09","13","7","1","0","1","1","0","0"
"POINT (13.459970753000050 52.556951273000038)","Unfall 143482 (2020) Kat:2, Licht: 2","143482","2","3","5","09","19","3","0","2","1","0","0","1"
"POINT (13.561935845000050 52.436757958000044)","Unfall 143483 (2020) Kat:3, Licht: 0","143483","3","2","5","09","17","3","0","0","1","0","0","1"
"POINT (13.376438708000023 52.510092583000073)","Unfall 143484 (2020) Kat:3, Licht: 0","143484","3","3","5","09","08","6","1","0","1","1","0","0"
"POINT (13.329199728000049 52.486246978000054)","Unfall 143485 (2020) Kat:3, Licht: 0","143485","3","4","6","09","07","2","1","0","1","0","1","0"
"POINT (13.406286874000045 52.588349814000026)","Unfall 143486 (2020) Kat:3, Licht: 0","143486","3","3","5","09","07","4","0","0","1","1","0","0"
"POINT (13.347750771000051 52.459215082000071)","Unfall 143487 (2020) Kat:2, Licht: 2","143487","2","1","9","09","01","3","0","2","0","1","0","0"
"POINT (13.439855881000028 52.475914369000066)","Unfall 143488 (2020) Kat:3, Licht: 0","143488","3","6","2","09","16","5","0","0","0","1","0","1"
"POINT (13.511828302000026 52.550640874000067)","Unfall 143489 (2020) Kat:2, Licht: 0","143489","2","3","5","09","14","1","0","0","1","1","0","0"
"POINT (13.342321801000026 52.524187408000046)","Unfall 143490 (2020) Kat:3, Licht: 0","143490","3","2","5","09","15","3","0","0","1","1","0","0"
"POINT (13.303975539000021 52.539490166000064)","Unfall 143491 (2020) Kat:3, Licht: 0","143491","3","3","5","09","15","4","0","0","1","1","0","0"
"POINT (13.420075270000041 52.517301616000054)","Unfall 143492 (2020) Kat:3, Licht: 0","143492","3","5","1","09","13","6","1","0","1","1","0","0"
"POINT (13.226096956000049 52.587216630000057)","Unfall 143493 (2020) Kat:3, Licht: 0","143493","3","3","5","09","08","3","0","0","0","1","0","0"
"POINT (13.417641700000047 52.498853664000080)","Unfall 143494 (2020) Kat:3, Licht: 0","143494","3","4","6","09","17","3","0","0","0","1","1","0"
"POINT (13.500214810000045 52.632849334000070)","Unfall 143495 (2020) Kat:3, Licht: 0","143495","3","7","0","09","14","6","1","0","0","0","0","0"
"POINT (13.428742621000026 52.493872854000074)","Unfall 143496 (2020) Kat:3, Licht: 0","143496","3","2","6","09","13","4","0","0","0","1","1","0"
"POINT (13.334644522000076 52.460924593000072)","Unfall 143497 (2020) Kat:3, Licht: 0","143497","3","5","1","09","11","2","0","0","0","1","0","0"
"POINT (13.365713458000073 52.557132051000053)","Unfall 143498 (2020) Kat:3, Licht: 0","143498","3","2","5","09","11","4","0","0","1","0","0","0"
"POINT (13.350573456000063 52.479580922000082)","Unfall 143499 (2020) Kat:3, Licht: 0","143499","3","5","4","09","15","5","0","0","1","1","0","0"
"POINT (13.377038637000055 52.512455502000080)","Unfall 143500 (2020) Kat:2, Licht: 0","143500","2","2","5","09","07","6","1","0","1","1","0","0"
"POINT (13.431684488000030 52.515180426000029)","Unfall 143501 (2020) Kat:3, Licht: 0","143501","3","4","6","09","12","4","0","0","0","1","1","0"
"POINT (13.331839942000045 52.504001716000062)","Unfall 143502 (2020) Kat:3, Licht: 0","143502","3","6","2","09","12","2","0","0","0","1","0","0"
"POINT (13.328184026000031 52.505553054000075)","Unfall 143503 (2020) Kat:3, Licht: 0","143503","3","6","3","09","13","4","0","0","1","1","0","0"
"POINT (13.574323046000075 52.413865407000060)","Unfall 143504 (2020) Kat:3, Licht: 0","143504","3","2","5","09","16","5","0","0","0","1","0","0"
"POINT (13.329763932000048 52.523928173000058)","Unfall 143505 (2020) Kat:3, Licht: 2","143505","3","2","6","09","23","7","1","2","0","1","1","0"
"POINT (13.227500886000030 52.528544360000069)","Unfall 143506 (2020) Kat:3, Licht: 0","143506","3","6","2","09","14","3","0","0","0","1","0","0"
"POINT (13.471510013000056 52.532080581000059)","Unfall 143507 (2020) Kat:3, Licht: 0","143507","3","3","5","09","17","6","0","0","0","1","0","0"
"POINT (13.584900800000071 52.539534728000035)","Unfall 143508 (2020) Kat:3, Licht: 0","143508","3","7","5","09","15","2","0","0","0","1","0","0"
"POINT (13.288446014000044 52.458220030000064)","Unfall 143509 (2020) Kat:3, Licht: 0","143509","3","6","2","09","16","3","0","0","1","0","0","0"
"POINT (13.311013605000028 52.421409221000033)","Unfall 143510 (2020) Kat:3, Licht: 0","143510","3","6","2","09","13","6","0","0","0","1","0","0"
"POINT (13.362740225000039 52.597032435000074)","Unfall 143511 (2020) Kat:3, Licht: 0","143511","3","6","2","09","12","4","0","0","0","1","0","0"
"POINT (13.503858238000078 52.436696112000050)","Unfall 143512 (2020) Kat:3, Licht: 2","143512","3","1","9","09","20","2","0","2","0","0","0","1"
"POINT (13.356869325000048 52.494524752000075)","Unfall 143513 (2020) Kat:3, Licht: 0","143513","3","5","3","09","08","4","0","0","1","1","0","0"
"POINT (13.524165489000040 52.564604871000029)","Unfall 143514 (2020) Kat:3, Licht: 0","143514","3","3","5","09","18","5","0","0","1","1","0","0"
"POINT (13.415613555000050 52.520598382000060)","Unfall 143515 (2020) Kat:3, Licht: 1","143515","3","6","3","09","18","7","1","1","0","1","0","1"
"POINT (13.198187342000040 52.533035865000045)","Unfall 143516 (2020) Kat:3, Licht: 0","143516","3","2","6","09","12","3","0","0","0","1","1","0"
"POINT (13.406962830000055 52.415847245000066)","Unfall 143517 (2020) Kat:3, Licht: 0","143517","3","2","5","09","16","3","0","0","1","1","0","0"
"POINT (13.396691925000027 52.537367540000048)","Unfall 143518 (2020) Kat:3, Licht: 0","143518","3","6","2","09","10","6","1","0","0","1","0","0"
"POINT (13.569392698000058 52.550586737000060)","Unfall 143519 (2020) Kat:3, Licht: 0","143519","3","5","5","09","11","2","0","0","0","1","0","0"
"POINT (13.303714708000030 52.525606133000053)","Unfall 143520 (2020) Kat:3, Licht: 2","143520","3","3","5","09","19","7","1","2","0","1","0","0"
"POINT (13.343224668000062 52.531817859000057)","Unfall 143521 (2020) Kat:3, Licht: 0","143521","3","6","0","09","08","3","0","0","1","0","0","0"
"POINT (13.400218770000038 52.509503049000045)","Unfall 143522 (2020) Kat:3, Licht: 0","143522","3","3","0","09","16","3","0","0","1","1","0","0"
"POINT (13.387838588000022 52.492766985000060)","Unfall 143523 (2020) Kat:3, Licht: 0","143523","3","2","5","09","14","3","0","0","1","1","0","0"
"POINT (13.412150337000071 52.498712555000054)","Unfall 143524 (2020) Kat:3, Licht: 0","143524","3","6","3","09","14","6","1","0","1","0","0","0"
"POINT (13.486992419000046 52.537978180000039)","Unfall 143525 (2020) Kat:3, Licht: 0","143525","3","4","6","09","07","2","0","0","0","1","1","0"
"POINT (13.447183269000050 52.498252194000031)","Unfall 143526 (2020) Kat:3, Licht: 0","143526","3","7","5","09","16","3","0","0","0","1","0","0"
"POINT (13.377414857000076 52.571305737000046)","Unfall 143527 (2020) Kat:2, Licht: 0","143527","2","3","5","09","12","6","1","0","0","1","0","1"
"POINT (13.339219640000067 52.503139025000053)","Unfall 143528 (2020) Kat:3, Licht: 0","143528","3","2","5","09","17","2","0","0","0","1","0","1"
"POINT (13.379643948000023 52.552938605000065)","Unfall 143529 (2020) Kat:3, Licht: 2","143529","3","7","5","09","20","3","0","2","0","1","0","0"
"POINT (13.456028978000063 52.513377187000060)","Unfall 143530 (2020) Kat:3, Licht: 0","143530","3","1","0","09","12","5","0","0","1","1","0","0"
"POINT (13.437542559000065 52.481218354000077)","Unfall 143531 (2020) Kat:3, Licht: 0","143531","3","6","2","09","15","7","1","0","0","1","0","0"
"POINT (13.420540111000037 52.517640643000050)","Unfall 143532 (2020) Kat:2, Licht: 0","143532","2","2","2","09","09","3","0","0","0","1","0","0"
"POINT (13.545232453000040 52.457151724000028)","Unfall 143533 (2020) Kat:3, Licht: 0","143533","3","6","2","09","16","3","0","0","0","1","0","0"