WKT,Name,OBJECTID,UKATEGORIE,UTYP1,UART,UMONAT,USTUNDE,UWOCHENTAG,STRZUSTAND,ULICHTVERH,ISTRAD,ISTPKW,ISTFUSS,ISTKRAD
"POINT (13.422235132000026 52.559882779000077)","Unfall 143534 (2020) Kat:3, Licht: 0","143534","3","3","5","09","09","6","1","0","0","1","0","1"
"POINT (13.411097535000067 52.400155413000050)","Unfall 143535 (2020) Kat:3, Licht: 0","143535","3","3","5","09","06","4","0","0","0","1","0","0"
"POINT (13.351805847000037 52.509626173000072)","Unfall 143536 (2020) Kat:3, Licht: 0","143536","3","6","2","09","18","3","0","0","0","1","0","0"
"POINT (13.431735577000040 52.515173818000051)","Unfall 143537 (2020) Kat:3, Licht: 0","143537","3","4","6","09","17","5","0","0","0","1","1","0"
"POINT (13.260012261000043 52.434116938000045)","Unfall 143538 (2020) Kat:3, Licht: 0","143538","3","4","0","09","14","4","0","0","0","0","1","0"
"POINT (13.392129612000076 52.554205467000031)","Unfall 143539 (2020) Kat:3, Licht: 0","143539","3","3","5","09","18","3","0","0","0","1","0","1"
"POINT (13.326076532000059 52.509204970000042)","Unfall 143540 (2020) Kat:3, Licht: 0","143540","3","6","3","09","18","5","0","0","1","1","0","0"
"POINT (13.428725015000055 52.421100452000076)","Unfall 143541 (2020) Kat:3, Licht: 0","143541","3","5","0","09","13","1","0","0","1","0","0","0"
"POINT (13.443504937000057 52.480109916000060)","Unfall 143542 (2020) Kat:3, Licht: 0","143542","3","6","2","09","17","3","0","0","0","1","0","1"
"POINT (13.395261621000031 52.539112824000028)","Unfall 143543 (2020) Kat:3, Licht: 0","143543","3","7","5","09","13","5","0","0","0","0","0","1"
"POINT (13.363870962000021 52.556407754000077)","Unfall 143544 (2020) Kat:3, Licht: 0","143544","3","6","2","09","13","7","1","0","0","1","0","0"
"POINT (13.492584986000054 52.420010460000071)","Unfall 143545 (2020) Kat:3, Licht: 0","143545","3","5","1","09","17","3","0","0","1","1","0","0"
"POINT (13.251106493000066 52.449986828000078)","Unfall 143546 (2020) Kat:3, Licht: 0","143546","3","2","5","09","15","3","0","0","0","1","0","0"
"POINT (13.379313959000058 52.540533692000054)","Unfall 143547 (2020) Kat:3, Licht: 0","143547","3","6","2","09","07","6","1","0","0","1","0","0"
"POINT (13.385451555000031 52.550243926000064)","Unfall 143548 (2020) Kat:2, Licht: 0","143548","2","4","6","09","13","2","0","0","0","0","1","0"
"POINT (13.313854560000038 52.506158362000065)","Unfall 143549 (2020) Kat:3, Licht: 2","143549","3","3","5","09","02","4","0","2","1","1","0","0"
"POINT (13.437056268000049 52.452674643000080)","Unfall 143550 (2020) Kat:3, Licht: 0","143550","3","2","2","09","18","3","0","0","0","1","0","1"
"POINT (13.376600457000052 52.485726952000050)","Unfall 143551 (2020) Kat:3, Licht: 0","143551","3","6","2","09","16","5","0","0","0","1","0","0"
"POINT (13.315627814000038 52.441636552000034)","Unfall 143552 (2020) Kat:3, Licht: 0","143552","3","3","5","09","10","1","0","0","1","1","0","0"
"POINT (13.444347733000029 52.500752981000062)","Unfall 143553 (2020) Kat:3, Licht: 0","143553","3","3","5","09","15","3","0","0","1","0","0","0"
"POINT (13.366002898000033 52.505821423000043)","Unfall 143554 (2020) Kat:3, Licht: 2","143554","3","6","2","09","19","6","1","2","0","1","0","0"
"POINT (13.306532040000036 52.528792385000031)","Unfall 143555 (2020) Kat:3, Licht: 0","143555","3","2","5","09","08","3","0","0","1","0","0","0"
"POINT (13.371906393000074 52.508999522000067)","Unfall 143556 (2020) Kat:3, Licht: 1","143556","3","2","5","09","18","1","1","1","1","1","0","0"
"POINT (13.456573597000045 52.487115536000033)","Unfall 143557 (2020) Kat:3, Licht: 0","143557","3","2","5","09","16","3","0","0","1","1","0","0"
"POINT (13.273441244000026 52.499972707000040)","Unfall 143558 (2020) Kat:3, Licht: 0","143558","3","2","5","09","09","6","1","0","1","0","0","0"
"POINT (13.328871117000062 52.471579525000038)","Unfall 143559 (2020) Kat:3, Licht: 0","143559","3","6","2","09","08","3","0","0","0","1","0","0"
"POINT (13.502730922000069 52.460327159000030)","Unfall 143560 (2020) Kat:2, Licht: 0","143560","2","1","0","09","18","3","0","0","0","0","0","1"
"POINT (13.339717613000062 52.518911024000033)","Unfall 143561 (2020) Kat:3, Licht: 1","143561","3","3","5","09","06","6","1","1","0","1","0","0"
"POINT (13.380438483000034 52.518088830000067)","Unfall 143562 (2020) Kat:2, Licht: 2","143562","2","2","2","09","21","4","0","2","1","0","0","0"
"POINT (13.328620751000074 52.562420659000054)","Unfall 143563 (2020) Kat:2, Licht: 0","143563","2","7","5","09","12","2","0","0","0","1","0","1"
"POINT (13.397392740000043 52.538654970000039)","Unfall 143564 (2020) Kat:3, Licht: 0","143564","3","6","3","09","12","4","0","0","0","0","0","1"
"POINT (13.347484447000056 52.501311793000070)","Unfall 143565 (2020) Kat:3, Licht: 0","143565","3","6","2","09","15","4","0","0","0","1","0","1"
"POINT (13.314896397000041 52.494195846000082)","Unfall 143566 (2020) Kat:3, Licht: 0","143566","3","3","5","09","12","5","0","0","1","1","0","0"
"POINT (13.339640590000045 52.505256106000047)","Unfall 143567 (2020) Kat:3, Licht: 2","143567","3","5","2","09","21","7","1","2","0","1","0","0"
"POINT (13.433309326000028 52.444903757000077)","Unfall 143568 (2020) Kat:3, Licht: 0","143568","3","3","5","09","15","3","0","0","1","1","0","0"
"POINT (13.383774021000022 52.536530463000076)","Unfall 143569 (2020) Kat:3, Licht: 0","143569","3","7","2","09","15","4","0","0","1","1","0","0"
"POINT (13.467480229000046 52.509629600000039)","Unfall 143570 (2020) Kat:2, Licht: 0","143570","2","4","6","09","16","6","0","0","0","1","1","0"
"POINT (13.271673295000028 52.535997610000038)","Unfall 143571 (2020) Kat:3, Licht: 2","143571","3","7","0","09","20","2","0","2","1","0","0","0"
"POINT (13.284515818000045 52.518587506000074)","Unfall 143572 (2020) Kat:3, Licht: 0","143572","3","5","1","09","17","3","0","0","1","1","0","0"
"POINT (13.342452096000045 52.545247274000076)","Unfall 143573 (2020) Kat:3, Licht: 0","143573","3","2","5","09","13","6","1","0","1","1","0","0"
"POINT (13.334073365000052 52.504317767000032)","Unfall 143574 (2020) Kat:3, Licht: 1","143574","3","5","1","09","18","2","0","1","1","1","0","0"
"POINT (13.443472293000070 52.554374562000078)","Unfall 143575 (2020) Kat:3, Licht: 0","143575","3","7","0","09","07","3","0","0","1","0","1","0"
"POINT (13.338424388000021 52.452824452000073)","Unfall 143576 (2020) Kat:3, Licht: 2","143576","3","7","5","10","21","6","0","2","0","1","0","0"
"POINT (13.491215182000076 52.501332036000065)","Unfall 143577 (2020) Kat:3, Licht: 0","143577","3","1","0","10","16","4","1","0","1","0","0","0"
"POINT (13.343850279000037 52.546334487000081)","Unfall 143578 (2020) Kat:2, Licht: 0","143578","2","2","5","10","18","3","0","0","0","1","0","0"
"POINT (13.429054651000058 52.485392142000080)","Unfall 143579 (2020) Kat:3, Licht: 2","143579","3","3","5","10","18","3","1","2","0","1","0","0"
"POINT (13.386025319000055 52.506518835000065)","Unfall 143580 (2020) Kat:3, Licht: 0","143580","3","6","2","10","16","6","0","0","0","1","0","0"
"POINT (13.588733988000058 52.545148101000052)","Unfall 143581 (2020) Kat:3, Licht: 0","143581","3","5","1","10","17","4","0","0","0","1","0","0"
"POINT (13.318753072000050 52.457604466000078)","Unfall 143582 (2020) Kat:3, Licht: 0","143582","3","6","4","10","16","6","0","0","0","1","0","1"
"POINT (13.387644867000063 52.523972793000041)","Unfall 143583 (2020) Kat:2, Licht: 0","143583","2","3","5","10","13","3","0","0","0","0","0","1"
"POINT (13.351555691000044 52.509432303000040)","Unfall 143584 (2020) Kat:3, Licht: 2","143584","3","1","0","10","19","7","0","2","0","0","0","0"
"POINT (13.450445283000022 52.646835873000043)","Unfall 143585 (2020) Kat:3, Licht: 1","143585","3","2","5","10","17","3","0","1","1","1","0","0"
"POINT (13.514956550000022 52.445913307000069)","Unfall 143586 (2020) Kat:2, Licht: 2","143586","2","1","0","10","20","6","0","2","1","0","0","0"
"POINT (13.404576272000043 52.439508634000049)","Unfall 143587 (2020) Kat:3, Licht: 0","143587","3","4","6","10","13","6","0","0","0","1","1","0"
"POINT (13.411667419000025 52.582306489000075)","Unfall 143588 (2020) Kat:3, Licht: 0","143588","3","4","6","10","12","4","0","0","0","1","1","0"
"POINT (13.411108215000070 52.538054043000045)","Unfall 143589 (2020) Kat:3, Licht: 0","143589","3","7","5","10","13","3","0","0","1","1","0","0"
"POINT (13.471522329000038 52.559677627000042)","Unfall 143590 (2020) Kat:3, Licht: 0","143590","3","3","5","10","15","6","0","0","1","1","0","0"
"POINT (13.553292677000059 52.469594183000027)","Unfall 143591 (2020) Kat:3, Licht: 0","143591","3","3","5","10","07","4","0","0","0","1","0","1"
"POINT (13.351422896000031 52.569365498000082)","Unfall 143592 (2020) Kat:3, Licht: 0","143592","3","3","5","10","14","6","0","0","1","1","0","0"
"POINT (13.431881210000029 52.466537544000062)","Unfall 143593 (2020) Kat:3, Licht: 0","143593","3","6","2","10","07","4","1","0","0","1","0","0"
"POINT (13.424043066000024 52.486401717000035)","Unfall 143594 (2020) Kat:3, Licht: 0","143594","3","3","5","10","09","6","0","0","0","1","0","0"
"POINT (13.259627395000052 52.516912731000048)","Unfall 143595 (2020) Kat:2, Licht: 0","143595","2","6","2","10","14","7","0","0","1","0","0","1"
"POINT (13.432947463000062 52.452458653000065)","Unfall 143596 (2020) Kat:3, Licht: 0","143596","3","3","5","10","13","3","0","0","1","1","0","0"
"POINT (13.359340886000041 52.547758312000042)","Unfall 143597 (2020) Kat:3, Licht: 2","143597","3","7","0","10","02","6","0","2","0","1","0","0"
"POINT (13.416861750000066 52.418258781000077)","Unfall 143598 (2020) Kat:3, Licht: 0","143598","3","2","5","10","06","6","0","0","0","1","0","0"
"POINT (13.392797726000026 52.447546538000040)","Unfall 143599 (2020) Kat:3, Licht: 0","143599","3","7","1","10","11","4","0","0","0","1","0","0"
"POINT (13.552599974000032 52.430456132000074)","Unfall 143600 (2020) Kat:2, Licht: 0","143600","2","6","3","10","17","3","0","0","0","1","0","1"
"POINT (13.396709037000051 52.511005435000072)","Unfall 143601 (2020) Kat:3, Licht: 0","143601","3","2","5","10","08","6","0","0","1","1","0","0"
"POINT (13.337648462000061 52.558708703000036)","Unfall 143602 (2020) Kat:3, Licht: 2","143602","3","1","9","10","00","4","1","2","0","0","0","0"
"POINT (13.347612145000028 52.501404165000054)","Unfall 143603 (2020) Kat:3, Licht: 0","143603","3","1","0","10","07","6","0","0","0","0","0","1"
"POINT (13.479376223000031 52.643601746000058)","Unfall 143604 (2020) Kat:2, Licht: 0","143604","2","3","5","10","09","7","0","0","0","1","0","0"
"POINT (13.462165941000023 52.430647521000026)","Unfall 143605 (2020) Kat:3, Licht: 1","143605","3","1","8","10","19","5","1","1","0","1","0","0"
"POINT (13.386810329000070 52.567358535000039)","Unfall 143606 (2020) Kat:2, Licht: 0","143606","2","4","6","10","14","3","0","0","0","1","1","0"
"POINT (13.305007645000046 52.502741968000066)","Unfall 143607 (2020) Kat:3, Licht: 1","143607","3","5","1","10","18","3","0","1","1","1","0","0"
"POINT (13.556422106000070 52.570389503000058)","Unfall 143608 (2020) Kat:3, Licht: 0","143608","3","2","5","10","10","6","0","0","1","1","0","0"
"POINT (13.339332396000032 52.461655620000045)","Unfall 143609 (2020) Kat:3, Licht: 2","143609","3","2","2","10","19","4","1","2","0","1","0","0"
"POINT (13.403780631000075 52.495142100000066)","Unfall 143610 (2020) Kat:3, Licht: 0","143610","3","4","6","10","17","3","0","0","0","1","1","0"
"POINT (13.365587751000021 52.567934086000037)","Unfall 143611 (2020) Kat:3, Licht: 0","143611","3","3","5","10","13","7","0","0","0","1","0","1"
"POINT (13.518856413000037 52.513288546000069)","Unfall 143612 (2020) Kat:2, Licht: 2","143612","2","4","0","10","21","5","1","2","0","0","1","1"
"POINT (13.519278266000072 52.530606424000041)","Unfall 143613 (2020) Kat:3, Licht: 0","143613","3","2","0","10","06","3","0","0","1","1","0","0"
"POINT (13.205177920000040 52.530049497000050)","Unfall 143614 (2020) Kat:3, Licht: 0","143614","3","6","2","10","14","6","0","0","0","1","0","0"
"POINT (13.376972591000026 52.571203241000035)","Unfall 143615 (2020) Kat:3, Licht: 0","143615","3","5","1","10","08","4","0","0","1","1","0","0"
"POINT (13.217714876000059 52.508729955000035)","Unfall 143616 (2020) Kat:3, Licht: 0","143616","3","6","2","10","14","3","0","0","0","1","0","1"
"POINT (13.264856754000050 52.536738418000027)","Unfall 143617 (2020) Kat:3, Licht: 0","143617","3","2","5","10","14","6","0","0","0","1","0","0"
"POINT (13.448062179000033 52.487601833000042)","Unfall 143618 (2020) Kat:3, Licht: 0","143618","3","6","3","10","16","4","1","0","1","1","0","0"
"POINT (13.431109546000073 52.523139543000070)","Unfall 143619 (2020) Kat:3, Licht: 2","143619","3","4","6","10","19","1","0","2","0","1","1","0"
"POINT (13.328262625000036 52.477153413000053)","Unfall 143620 (2020) Kat:3, Licht: 0","143620","3","3","5","10","14","6","0","0","1","1","0","0"
"POINT (13.385183423000058 52.550403966000033)","Unfall 143621 (2020) Kat:3, Licht: 2","143621","3","5","1","10","20","6","0","2","1","1","0","0"
"POINT (13.359518278000053 52.434263944000065)","Unfall 143622 (2020) Kat:2, Licht: 2","143622","2","3","5","10","18","5","1","2","1","1","0","0"
"POINT (13.589001504000066 52.459701886000062)","Unfall 143623 (2020) Kat:3, Licht: 0","143623","3","1","0","10","17","3","1","0","1","0","0","0"
"POINT (13.492969143000039 52.544356889000028)","Unfall 143624 (2020) Kat:2, Licht: 2","143624","2","4","6","10","20","3","0","2","0","1","1","0"
"POINT (13.458993643000042 52.550144305000060)","Unfall 143625 (2020) Kat:3, Licht: 0","143625","3","2","5","10","14","6","0","0","1","1","0","0"
"POINT (13.341812203000075 52.502270620000047)","Unfall 143626 (2020) Kat:3, Licht: 0","143626","3","6","2","10","17","4","1","0","1","1","0","0"
"POINT (13.427961281000023 52.517620333000082)","Unfall 143627 (2020) Kat:3, Licht: 0","143627","3","6","2","10","14","6","0","0","0","1","0","0"
"POINT (13.455090384000073 52.479246809000074)","Unfall 143628 (2020) Kat:3, Licht: 0","143628","3","2","4","10","06","3","0","0","1","0","0","0"
"POINT (13.335764815000061 52.513670216000037)","Unfall 143629 (2020) Kat:3, Licht: 2","143629","3","3","5","10","04","1","0","2","0","1","0","0"
"POINT (13.460299360000022 52.508917211000039)","Unfall 143630 (2020) Kat:3, Licht: 2","143630","3","1","0","10","01","1","0","2","0","0","0","0"
"POINT (13.408495722000055 52.572144267000056)","Unfall 143631 (2020) Kat:3, Licht: 0","143631","3","3","0","10","13","6","0","0","1","1","0","0"
"POINT (13.385643202000040 52.583124250000026)","Unfall 143632 (2020) Kat:3, Licht: 0","143632","3","6","2","10","15","4","0","0","1","1","0","0"
"POINT (13.431825326000023 52.497148219000053)","Unfall 143633 (2020) Kat:3, Licht: 0","143633","3","1","0","10","13","1","0","0","0","0","0","1"
"POINT (13.445334745000025 52.499306041000068)","Unfall 143634 (2020) Kat:3, Licht: 1","143634","3","4","6","10","17","1","0","1","0","0","1","1"
"POINT (13.416248159000077 52.480503214000066)","Unfall 143635 (2020) Kat:3, Licht: 0","143635","3","7","5","10","13","6","0","0","0","1","0","0"
"POINT (13.358589925000047 52.534646336000037)","Unfall 143636 (2020) Kat:3, Licht: 2","143636","3","7","2","10","20","6","0","2","1","1","0","0"
"POINT (13.339311774000066 52.525681025000040)","Unfall 143637 (2020) Kat:3, Licht: 0","143637","3","6","3","10","16","4","1","0","0","1","0","1"
"POINT (13.559257557000024 52.446529842000075)","Unfall 143638 (2020) Kat:3, Licht: 2","143638","3","6","2","10","06","3","1","2","0","1","0","0"
"POINT (13.349020780000046 52.514741763000075)","Unfall 143639 (2020) Kat:3, Licht: 0","143639","3","6","3","10","09","3","0","0","0","1","0","1"
"POINT (13.491222861000040 52.526548283000068)","Unfall 143640 (2020) Kat:3, Licht: 0","143640","3","3","5","10","13","6","0","0","1","1","0","0"
"POINT (13.198046525000052 52.557710400000076)","Unfall 143641 (2020) Kat:2, Licht: 1","143641","2","6","2","10","17","4","1","1","0","1","0","0"
"POINT (13.385540419000051 52.468587849000073)","Unfall 143642 (2020) Kat:2, Licht: 0","143642","2","7","0","10","13","6","0","0","0","1","0","1"
"POINT (13.426975482000046 52.545926492000035)","Unfall 143643 (2020) Kat:3, Licht: 0","143643","3","6","3","10","17","3","0","0","1","1","0","0"
"POINT (13.312713564000035 52.480425066000066)","Unfall 143644 (2020) Kat:3, Licht: 1","143644","3","2","5","10","17","7","0","1","1","1","0","0"
"POINT (13.295496347000039 52.505891304000045)","Unfall 143645 (2020) Kat:3, Licht: 1","143645","3","2","4","10","16","3","0","1","1","1","0","0"
"POINT (13.497095302000048 52.534131569000067)","Unfall 143646 (2020) Kat:3, Licht: 0","143646","3","6","2","10","13","6","0","0","0","1","0","0"
"POINT (13.505418092000070 52.484133623000048)","Unfall 143647 (2020) Kat:3, Licht: 0","143647","3","7","0","10","16","6","0","0","1","0","0","0"
"POINT (13.293429507000042 52.467301462000080)","Unfall 143648 (2020) Kat:3, Licht: 0","143648","3","6","3","10","08","4","0","0","1","1","0","0"
"POINT (13.346113863000028 52.544929058000037)","Unfall 143649 (2020) Kat:3, Licht: 0","143649","3","3","5","10","15","3","0","0","1","1","0","0"
"POINT (13.389246103000062 52.496055988000080)","Unfall 143650 (2020) Kat:3, Licht: 2","143650","3","3","5","10","23","2","0","2","1","0","0","0"
"POINT (13.589773964000074 52.507749535000073)","Unfall 143651 (2020) Kat:3, Licht: 0","143651","3","7","1","10","12","6","0","0","0","1","0","0"
"POINT (13.350680909000062 52.512622947000068)","Unfall 143652 (2020) Kat:3, Licht: 0","143652","3","6","2","10","16","6","0","0","0","1","0","0"
"POINT (13.373971928000060 52.503620047000027)","Unfall 143653 (2020) Kat:3, Licht: 0","143653","3","6","0","10","14","4","1","0","0","0","0","1"
"POINT (13.228820722000023 52.537885487000040)","Unfall 143654 (2020) Kat:2, Licht: 0","143654","2","2","5","10","11","2","0","0","0","0","0","1"
"POINT (13.377262349000034 52.508412368000052)","Unfall 143655 (2020) Kat:3, Licht: 0","143655","3","1","0","10","12","6","0","0","0","0","1","1"
"POINT (13.325735038000062 52.558532847000038)","Unfall 143656 (2020) Kat:3, Licht: 0","143656","3","7","5","10","08","4","1","0","1","1","0","0"
"POINT (13.325501640000027 52.590489521000052)","Unfall 143657 (2020) Kat:3, Licht: 0","143657","3","5","1","10","11","6","0","0","0","1","0","0"
"POINT (13.404406110000025 52.498312494000061)","Unfall 143658 (2020) Kat:3, Licht: 0","143658","3","6","3","10","14","7","0","0","1","0","0","0"
"POINT (13.345642759000043 52.484748591000027)","Unfall 143659 (2020) Kat:3, Licht: 0","143659","3","7","0","10","07","5","0","0","1","1","0","0"
"POINT (13.342992067000068 52.525462996000044)","Unfall 143660 (2020) Kat:3, Licht: 2","143660","3","2","5","10","00","2","0","2","1","1","0","0"
"POINT (13.279935676000036 52.520483539000054)","Unfall 143661 (2020) Kat:3, Licht: 0","143661","3","2","5","10","11","6","0","0","1","1","0","0"
"POINT (13.416654618000052 52.502017583000054)","Unfall 143662 (2020) Kat:3, Licht: 0","143662","3","2","5","10","09","4","0","0","1","1","0","0"
"POINT (13.390248968000037 52.555551114000082)","Unfall 143663 (2020) Kat:3, Licht: 1","143663","3","2","5","10","18","2","1","1","1","1","0","0"
"POINT (13.353392670000062 52.492420065000033)","Unfall 143664 (2020) Kat:3, Licht: 2","143664","3","3","5","10","21","5","0","2","1","0","0","0"
"POINT (13.452700378000031 52.539241128000072)","Unfall 143665 (2020) Kat:2, Licht: 0","143665","2","4","6","10","16","4","1","0","0","1","1","0"
"POINT (13.308773984000027 52.463444870000046)","Unfall 143666 (2020) Kat:3, Licht: 0","143666","3","1","0","10","08","5","0","0","0","0","0","1"
"POINT (13.510007236000035 52.550386851000042)","Unfall 143667 (2020) Kat:3, Licht: 1","143667","3","2","5","10","06","4","1","1","0","1","0","0"
"POINT (13.348009438000076 52.551267190000033)","Unfall 143668 (2020) Kat:3, Licht: 0","143668","3","7","6","10","13","5","0","0","0","1","1","0"
"POINT (13.395479567000052 52.496862362000059)","Unfall 143669 (2020) Kat:3, Licht: 0","143669","3","3","5","10","15","7","0","0","1","1","0","0"
"POINT (13.431241438000029 52.467638128000033)","Unfall 143670 (2020) Kat:3, Licht: 2","143670","3","6","2","10","20","5","1","2","0","1","0","0"
"POINT (13.554566591000025 52.434493582000073)","Unfall 143671 (2020) Kat:3, Licht: 2","143671","3","4","0","10","19","2","1","2","0","0","1","1"
"POINT (13.466340196000033 52.551273202000061)","Unfall 143672 (2020) Kat:3, Licht: 0","143672","3","3","5","10","17","5","0","0","1","1","0","0"
"POINT (13.365470619000064 52.556817160000037)","Unfall 143673 (2020) Kat:3, Licht: 2","143673","3","3","5","10","20","4","1","2","0","1","0","0"
"POINT (13.432883035000032 52.517826421000052)","Unfall 143674 (2020) Kat:3, Licht: 0","143674","3","2","5","10","16","2","1","0","1","0","0","0"
"POINT (13.498400467000067 52.433821656000077)","Unfall 143675 (2020) Kat:2, Licht: 0","143675","2","3","5","10","17","5","0","0","0","1","0","1"
"POINT (13.297046849000026 52.514145888000030)","Unfall 143676 (2020) Kat:3, Licht: 0","143676","3","5","1","10","15","4","0","0","1","1","0","0"
"POINT (13.260091292000027 52.445003895000070)","Unfall 143677 (2020) Kat:3, Licht: 0","143677","3","1","1","10","17","1","0","0","1","1","0","0"
"POINT (13.443730883000057 52.497493202000044)","Unfall 143678 (2020) Kat:3, Licht: 0","143678","3","5","1","10","17","5","0","0","1","1","0","0"
"POINT (13.332010526000033 52.506451718000051)","Unfall 143679 (2020) Kat:3, Licht: 0","143679","3","6","0","10","10","6","0","0","0","1","0","0"
"POINT (13.593245921000062 52.441293261000055)","Unfall 143680 (2020) Kat:1, Licht: 0","143680","1","2","5","10","09","5","0","0","1","0","0","0"
"POINT (13.468110738000064 52.427634258000069)","Unfall 143681 (2020) Kat:3, Licht: 0","143681","3","2","5","10","08","2","0","0","1","0","0","0"
"POINT (13.443549017000066 52.515026760000069)","Unfall 143682 (2020) Kat:3, Licht: 0","143682","3","5","1","10","09","3","0","0","1","1","0","0"
"POINT (13.240600118000032 52.543102027000032)","Unfall 143683 (2020) Kat:3, Licht: 0","143683","3","7","6","10","17","5","0","0","0","1","1","0"
"POINT (13.439123163000033 52.480454162000058)","Unfall 143684 (2020) Kat:3, Licht: 2","143684","3","3","5","10","22","7","0","2","1","1","0","0"
"POINT (13.468507063000061 52.506975860000068)","Unfall 143685 (2020) Kat:3, Licht: 2","143685","3","1","0","10","18","5","1","2","0","0","0","1"
"POINT (13.360196559000030 52.478935430000035)","Unfall 143686 (2020) Kat:3, Licht: 0","143686","3","7","0","10","15","2","1","0","1","0","0","0"
"POINT (13.572159526000064 52.450858348000054)","Unfall 143687 (2020) Kat:3, Licht: 0","143687","3","2","2","10","11","3","0","0","0","1","0","0"
"POINT (13.334071064000057 52.582395955000038)","Unfall 143688 (2020) Kat:2, Licht: 0","143688","2","2","5","10","16","5","0","0","0","1","0","1"
"POINT (13.247171498000057 52.542582158000073)","Unfall 143689 (2020) Kat:3, Licht: 1","143689","3","6","0","10","18","4","1","1","0","0","0","1"
"POINT (13.465914864000069 52.499581610000064)","Unfall 143690 (2020) Kat:3, Licht: 0","143690","3","7","6","10","15","5","0","0","0","0","1","0"
"POINT (13.371892031000073 52.509043599000051)","Unfall 143691 (2020) Kat:3, Licht: 2","143691","3","2","5","10","19","3","1","2","1","1","0","0"
"POINT (13.397528599000054 52.529485332000036)","Unfall 143692 (2020) Kat:3, Licht: 0","143692","3","6","2","10","07","3","0","0","1","1","0","0"
"POINT (13.395842685000048 52.499024783000038)","Unfall 143693 (2020) Kat:3, Licht: 0","143693","3","3","5","10","11","1","0","0","1","1","0","0"
"POINT (13.371903492000058 52.509008426000037)","Unfall 143694 (2020) Kat:3, Licht: 0","143694","3","2","5","10","16","1","0","0","1","1","0","0"
"POINT (13.211697026000024 52.527412274000028)","Unfall 143695 (2020) Kat:3, Licht: 0","143695","3","3","5","10","15","5","0","0","0","1","0","1"
"POINT (13.200569715000029 52.549402864000058)","Unfall 143696 (2020) Kat:3, Licht: 1","143696","3","2","0","10","19","6","0","1","0","1","0","0"
"POINT (13.464684782000063 52.497480468000049)","Unfall 143697 (2020) Kat:3, Licht: 0","143697","3","2","0","10","15","4","0","0","0","1","0","0"
"POINT (13.597347328000069 52.441540940000039)","Unfall 143698 (2020) Kat:3, Licht: 0","143698","3","5","0","10","14","2","0","0","1","1","0","0"
"POINT (13.376574486000038 52.510054779000029)","Unfall 143699 (2020) Kat:3, Licht: 0","143699","3","2","5","10","09","3","0","0","1","1","0","0"
"POINT (13.349194585000077 52.488837317000048)","Unfall 143700 (2020) Kat:3, Licht: 0","143700","3","2","5","10","15","5","0","0","1","1","0","0"
"POINT (13.323947154000052 52.456169814000077)","Unfall 143701 (2020) Kat:2, Licht: 0","143701","2","1","0","10","13","4","1","0","1","0","0","0"
"POINT (13.432616862000032 52.452725186000066)","Unfall 143702 (2020) Kat:3, Licht: 0","143702","3","6","2","10","08","3","0","0","0","1","0","0"
"POINT (13.359764748000032 52.561947366000027)","Unfall 143703 (2020) Kat:3, Licht: 0","143703","3","3","5","10","14","5","0","0","0","1","0","1"
"POINT (13.422088622000047 52.573387420000074)","Unfall 143704 (2020) Kat:3, Licht: 0","143704","3","6","2","10","14","5","0","0","0","1","0","0"
"POINT (13.354496389000076 52.481923193000057)","Unfall 143705 (2020) Kat:3, Licht: 0","143705","3","4","6","10","17","4","0","0","0","1","1","0"
"POINT (13.428409976000069 52.466015825000056)","Unfall 143706 (2020) Kat:3, Licht: 2","143706","3","5","1","10","22","3","1","2","0","1","0","1"
"POINT (13.402165694000075 52.602868164000029)","Unfall 143707 (2020) Kat:3, Licht: 0","143707","3","2","5","10","14","5","0","0","1","1","0","0"
"POINT (13.345159524000053 52.488875720000067)","Unfall 143708 (2020) Kat:3, Licht: 0","143708","3","2","5","10","16","2","1","0","1","1","0","0"
"POINT (13.492005767000023 52.541655707000075)","Unfall 143709 (2020) Kat:3, Licht: 2","143709","3","1","0","10","20","1","0","2","1","0","0","0"
"POINT (13.365742753000063 52.557134044000065)","Unfall 143710 (2020) Kat:3, Licht: 2","143710","3","2","5","10","02","7","0","2","1","1","0","0"
"POINT (13.573423648000073 52.459139903000050)","Unfall 143711 (2020) Kat:3, Licht: 2","143711","3","3","0","10","19","2","1","2","0","1","0","1"
"POINT (13.593758881000042 52.448146909000059)","Unfall 143712 (2020) Kat:3, Licht: 0","143712","3","3","5","10","14","5","0","0","0","1","0","0"
"POINT (13.158010761000071 52.533165584000074)","Unfall 143713 (2020) Kat:2, Licht: 2","143713","2","2","5","10","19","6","0","2","0","1","0","1"
"POINT (13.376024814000061 52.548813224000071)","Unfall 143714 (2020) Kat:3, Licht: 0","143714","3","2","5","10","12","4","1","0","1","1","0","0"
"POINT (13.382616732000031 52.443773342000043)","Unfall 143715 (2020) Kat:3, Licht: 0","143715","3","2","4","10","16","2","1","0","0","1","0","0"
"POINT (13.514491687000032 52.494792162000067)","Unfall 143716 (2020) Kat:3, Licht: 0","143716","3","3","5","10","14","5","0","0","1","1","0","0"
"POINT (13.430333223000048 52.550934287000075)","Unfall 143717 (2020) Kat:2, Licht: 0","143717","2","2","5","10","08","4","0","0","1","1","0","0"
"POINT (13.411507160000042 52.504616240000075)","Unfall 143718 (2020) Kat:3, Licht: 2","143718","3","5","5","10","23","3","1","2","0","1","0","1"
"POINT (13.416720264000048 52.418289744000049)","Unfall 143719 (2020) Kat:3, Licht: 0","143719","3","2","6","10","13","5","0","0","0","1","1","0"