WKT,Name,OBJECTID,UKATEGORIE,UTYP1,UART,UMONAT,USTUNDE,UWOCHENTAG,STRZUSTAND,ULICHTVERH,ISTRAD,ISTPKW,ISTFUSS,ISTKRAD
"POINT (13.408202919000075 52.563628158000029)","Unfall 143720 (2020) Kat:2, Licht: 0","143720","2","7","0","10","17","7","0","0","1","0","0","0"
"POINT (13.329288606000034 52.563414175000048)","Unfall 143721 (2020) Kat:3, Licht: 2","143721","3","3","0","10","22","5","1","2","0","1","0","1"
"POINT (13.465360305000047 52.567144734000067)","Unfall 143722 (2020) Kat:3, Licht: 0","143722","3","3","5","10","14","2","0","0","0","1","0","0"
"POINT (13.128616346000058 52.528782452000030)","Unfall 143723 (2020) Kat:2, Licht: 0","143723","2","3","5","10","15","7","0","0","0","1","0","0"
"POINT (13.491563250000070 52.541826670000034)","Unfall 143724 (2020) Kat:3, Licht: 2","143724","3","5","1","10","19","2","1","2","1","1","0","0"
"POINT (13.305589400000031 52.458965195000076)","Unfall 143725 (2020) Kat:2, Licht: 0","143725","2","1","0","10","11","5","0","0","1","0","0","0"
"POINT (13.289499083000067 52.494802771000082)","Unfall 143726 (2020) Kat:3, Licht: 0","143726","3","3","5","10","12","5","0","0","0","1","0","1"
"POINT (13.392765225000062 52.412709429000074)","Unfall 143727 (2020) Kat:3, Licht: 0","143727","3","2","5","10","11","4","0","0","1","0","0","0"
"POINT (13.409845572000052 52.528974674000040)","Unfall 143728 (2020) Kat:3, Licht: 1","143728","3","3","5","10","16","2","1","1","1","1","0","0"
"POINT (13.575002932000075 52.564070292000054)","Unfall 143729 (2020) Kat:3, Licht: 0","143729","3","3","5","10","12","5","0","0","1","1","0","0"
"POINT (13.278720402000033 52.430955298000072)","Unfall 143730 (2020) Kat:3, Licht: 2","143730","3","6","2","10","06","4","1","2","0","1","0","0"
"POINT (13.390173235000077 52.562771072000032)","Unfall 143731 (2020) Kat:3, Licht: 2","143731","3","5","1","10","21","3","1","2","0","1","0","0"
"POINT (13.333160613000075 52.485971054000061)","Unfall 143732 (2020) Kat:3, Licht: 0","143732","3","2","5","10","15","5","0","0","1","1","0","0"
"POINT (13.368481954000060 52.526056202000063)","Unfall 143733 (2020) Kat:3, Licht: 0","143733","3","6","2","10","09","7","0","0","0","1","0","0"
"POINT (13.355242657000076 52.526904273000071)","Unfall 143734 (2020) Kat:2, Licht: 1","143734","2","4","6","10","19","5","0","1","0","0","1","0"
"POINT (13.319654262000029 52.471588585000063)","Unfall 143735 (2020) Kat:3, Licht: 0","143735","3","2","5","10","15","2","0","0","1","1","0","0"
"POINT (13.396467823000023 52.537659921000056)","Unfall 143736 (2020) Kat:3, Licht: 0","143736","3","6","2","10","11","3","0","0","0","1","0","0"
"POINT (13.443954745000042 52.484592578000047)","Unfall 143737 (2020) Kat:3, Licht: 0","143737","3","2","5","10","10","5","0","0","1","0","0","0"
"POINT (13.301747074000048 52.591594560000033)","Unfall 143738 (2020) Kat:3, Licht: 2","143738","3","5","1","10","20","4","1","2","1","1","0","0"
"POINT (13.309350005000056 52.506982668000035)","Unfall 143739 (2020) Kat:2, Licht: 0","143739","2","6","0","10","16","2","1","0","1","1","0","0"
"POINT (13.607450021000034 52.453119440000080)","Unfall 143740 (2020) Kat:3, Licht: 1","143740","3","3","5","10","07","5","1","1","1","1","0","0"
"POINT (13.398782482000058 52.569280780000042)","Unfall 143741 (2020) Kat:3, Licht: 0","143741","3","3","0","10","15","4","1","0","1","1","0","0"
"POINT (13.375727749000077 52.443733207000037)","Unfall 143742 (2020) Kat:3, Licht: 0","143742","3","1","9","10","11","5","0","0","0","1","0","0"
"POINT (13.475217911000072 52.501611882000077)","Unfall 143743 (2020) Kat:2, Licht: 0","143743","2","2","5","10","09","4","0","0","1","0","0","0"
"POINT (13.335326933000033 52.458458881000070)","Unfall 143744 (2020) Kat:3, Licht: 2","143744","3","3","5","10","18","2","1","2","0","1","0","0"
"POINT (13.420736747000035 52.385508610000045)","Unfall 143745 (2020) Kat:2, Licht: 0","143745","2","5","1","10","10","5","0","0","0","1","0","0"
"POINT (13.586224219000030 52.516748658000040)","Unfall 143746 (2020) Kat:3, Licht: 0","143746","3","3","5","10","16","4","1","0","0","1","0","0"
"POINT (13.412633981000056 52.582584123000061)","Unfall 143747 (2020) Kat:3, Licht: 0","143747","3","2","5","10","10","5","0","0","0","1","0","1"
"POINT (13.393458618000068 52.541027316000054)","Unfall 143748 (2020) Kat:3, Licht: 2","143748","3","6","2","10","20","7","0","2","0","1","0","0"
"POINT (13.345156133000046 52.589312949000032)","Unfall 143749 (2020) Kat:2, Licht: 0","143749","2","6","2","10","18","5","1","0","0","1","0","0"
"POINT (13.257212044000028 52.433659926000075)","Unfall 143750 (2020) Kat:3, Licht: 0","143750","3","3","5","10","12","2","0","0","1","1","0","0"
"POINT (13.401719106000030 52.506178680000062)","Unfall 143751 (2020) Kat:2, Licht: 0","143751","2","2","5","10","09","3","0","0","1","0","0","0"
"POINT (13.322459455000057 52.525636367000061)","Unfall 143752 (2020) Kat:3, Licht: 0","143752","3","5","1","10","09","5","0","0","1","1","0","0"
"POINT (13.692923685000039 52.456669530000056)","Unfall 143753 (2020) Kat:2, Licht: 1","143753","2","5","1","10","17","4","1","1","0","1","0","0"
"POINT (13.426385390000064 52.499267917000054)","Unfall 143754 (2020) Kat:3, Licht: 2","143754","3","2","5","10","19","3","1","2","1","1","0","0"
"POINT (13.507528827000044 52.508426671000052)","Unfall 143755 (2020) Kat:3, Licht: 0","143755","3","7","0","10","09","5","0","0","1","0","0","0"
"POINT (13.330826306000063 52.500468726000065)","Unfall 143756 (2020) Kat:3, Licht: 2","143756","3","3","5","10","19","3","1","2","0","1","0","1"
"POINT (13.247789267000030 52.539878193000050)","Unfall 143757 (2020) Kat:3, Licht: 0","143757","3","2","5","10","07","1","0","0","0","1","0","0"
"POINT (13.314259584000069 52.576689217000080)","Unfall 143758 (2020) Kat:3, Licht: 2","143758","3","3","5","10","02","1","1","2","0","1","0","0"
"POINT (13.425302243000033 52.540948852000042)","Unfall 143759 (2020) Kat:3, Licht: 2","143759","3","4","0","10","23","5","0","2","0","0","1","0"
"POINT (13.394325656000035 52.501070557000048)","Unfall 143760 (2020) Kat:3, Licht: 0","143760","3","6","3","10","17","6","0","0","1","1","0","0"
"POINT (13.239533533000042 52.511230907000026)","Unfall 143761 (2020) Kat:3, Licht: 0","143761","3","6","2","10","13","1","0","0","0","1","0","1"
"POINT (13.387984199000073 52.489932495000062)","Unfall 143762 (2020) Kat:3, Licht: 1","143762","3","1","0","10","18","1","0","1","1","0","0","0"
"POINT (13.363236836000056 52.529113042000063)","Unfall 143763 (2020) Kat:3, Licht: 2","143763","3","7","1","10","22","5","0","2","0","1","0","0"
"POINT (13.311910669000042 52.571609329000069)","Unfall 143764 (2020) Kat:3, Licht: 2","143764","3","2","5","10","20","6","0","2","0","1","0","1"
"POINT (13.370777619000023 52.485066808000056)","Unfall 143765 (2020) Kat:3, Licht: 2","143765","3","6","0","10","06","4","1","2","0","1","0","1"
"POINT (13.620022775000052 52.495749721000038)","Unfall 143766 (2020) Kat:3, Licht: 1","143766","3","5","4","10","18","2","1","1","1","1","0","0"
"POINT (13.438046587000031 52.546366746000047)","Unfall 143767 (2020) Kat:3, Licht: 0","143767","3","3","5","10","09","3","0","0","0","1","0","0"
"POINT (13.330650440000056 52.571590590000028)","Unfall 143768 (2020) Kat:3, Licht: 2","143768","3","6","3","10","20","5","0","2","0","1","0","0"
"POINT (13.398137524000049 52.506888982000078)","Unfall 143769 (2020) Kat:3, Licht: 0","143769","3","6","2","10","16","4","1","0","0","1","0","1"
"POINT (13.385460634000026 52.507413297000028)","Unfall 143770 (2020) Kat:2, Licht: 2","143770","2","2","5","10","19","5","0","2","1","1","0","0"
"POINT (13.446854424000037 52.439601404000030)","Unfall 143771 (2020) Kat:3, Licht: 0","143771","3","7","0","10","17","2","1","0","0","1","0","1"
"POINT (13.395759019000025 52.499005997000040)","Unfall 143772 (2020) Kat:3, Licht: 1","143772","3","2","5","10","18","7","0","1","1","1","0","0"
"POINT (13.450795751000044 52.527197975000036)","Unfall 143773 (2020) Kat:3, Licht: 1","143773","3","2","5","10","17","2","1","1","0","1","0","0"
"POINT (13.269534940000028 52.519715460000043)","Unfall 143774 (2020) Kat:2, Licht: 1","143774","2","3","5","10","18","5","0","1","1","1","0","0"
"POINT (13.479859164000061 52.504169195000031)","Unfall 143775 (2020) Kat:3, Licht: 0","143775","3","6","0","10","16","6","0","0","0","0","0","1"
"POINT (13.390239605000033 52.507682691000070)","Unfall 143776 (2020) Kat:3, Licht: 0","143776","3","3","5","10","12","4","1","0","1","1","0","0"
"POINT (13.355486089000067 52.457520158000079)","Unfall 143777 (2020) Kat:3, Licht: 0","143777","3","6","2","10","17","2","1","0","0","1","0","1"
"POINT (13.363980245000050 52.522765898000046)","Unfall 143778 (2020) Kat:3, Licht: 0","143778","3","5","1","10","08","5","0","0","1","1","0","0"
"POINT (13.535098738000045 52.439720913000031)","Unfall 143779 (2020) Kat:3, Licht: 1","143779","3","3","5","10","06","4","0","1","1","1","0","0"
"POINT (13.419454797000071 52.605950147000044)","Unfall 143780 (2020) Kat:3, Licht: 2","143780","3","6","2","10","20","3","1","2","0","1","0","0"
"POINT (13.360763914000074 52.570331239000041)","Unfall 143781 (2020) Kat:2, Licht: 0","143781","2","2","0","10","14","4","1","0","1","0","0","0"
"POINT (13.375150681000036 52.452868723000051)","Unfall 143782 (2020) Kat:3, Licht: 0","143782","3","7","1","10","17","2","0","0","1","1","0","0"
"POINT (13.451045111000042 52.508549291000065)","Unfall 143783 (2020) Kat:3, Licht: 0","143783","3","3","5","10","18","5","0","0","1","1","0","0"
"POINT (13.460958340000047 52.563882398000032)","Unfall 143784 (2020) Kat:3, Licht: 0","143784","3","3","5","10","08","4","0","0","0","1","0","1"
"POINT (13.401532107000037 52.569075342000076)","Unfall 143785 (2020) Kat:3, Licht: 0","143785","3","3","5","10","07","5","0","0","1","0","0","0"
"POINT (13.402178631000027 52.439708452000048)","Unfall 143786 (2020) Kat:3, Licht: 0","143786","3","6","2","10","14","7","0","0","0","1","0","0"
"POINT (13.325383413000054 52.564671145000034)","Unfall 143787 (2020) Kat:3, Licht: 0","143787","3","2","5","10","07","5","0","0","1","1","0","0"
"POINT (13.272472134000054 52.437253970000029)","Unfall 143788 (2020) Kat:3, Licht: 0","143788","3","2","0","10","17","2","1","0","0","1","0","1"
"POINT (13.525109640000039 52.569076636000034)","Unfall 143789 (2020) Kat:2, Licht: 0","143789","2","4","6","10","07","5","1","0","0","0","1","0"
"POINT (13.266511559000037 52.533528788000069)","Unfall 143790 (2020) Kat:3, Licht: 0","143790","3","6","2","10","17","5","0","0","0","1","0","0"
"POINT (13.569079386000055 52.545359563000034)","Unfall 143791 (2020) Kat:2, Licht: 0","143791","2","2","5","10","09","4","0","0","1","1","0","0"
"POINT (13.331273995000060 52.443501657000070)","Unfall 143792 (2020) Kat:3, Licht: 0","143792","3","3","5","10","11","2","0","0","1","1","0","0"
"POINT (13.359658741000032 52.575001496000027)","Unfall 143793 (2020) Kat:3, Licht: 1","143793","3","5","1","09","19","4","0","1","1","1","0","0"
"POINT (13.525821997000037 52.459405131000040)","Unfall 143794 (2020) Kat:2, Licht: 0","143794","2","4","6","10","16","4","1","0","0","1","1","0"
"POINT (13.349468389000037 52.542078698000068)","Unfall 143795 (2020) Kat:3, Licht: 0","143795","3","2","5","09","13","4","0","0","1","1","0","0"
"POINT (13.420233740000072 52.496622790000060)","Unfall 143796 (2020) Kat:3, Licht: 2","143796","3","7","0","10","19","7","0","2","1","0","0","0"
"POINT (13.508852294000064 52.452529138000045)","Unfall 143797 (2020) Kat:3, Licht: 2","143797","3","2","5","10","18","5","1","2","1","1","0","0"
"POINT (13.439018442000076 52.494988489000036)","Unfall 143798 (2020) Kat:3, Licht: 0","143798","3","3","5","10","09","2","0","0","1","0","0","0"
"POINT (13.274326193000036 52.478654739000035)","Unfall 143799 (2020) Kat:3, Licht: 0","143799","3","6","3","09","14","4","0","0","1","1","0","0"
"POINT (13.274507534000065 52.419891041000028)","Unfall 143800 (2020) Kat:3, Licht: 0","143800","3","2","5","10","11","7","0","0","1","1","0","0"
"POINT (13.242157399000064 52.444547253000053)","Unfall 143801 (2020) Kat:3, Licht: 2","143801","3","5","1","10","20","5","1","2","0","1","0","0"
"POINT (13.409321209000041 52.522755717000052)","Unfall 143802 (2020) Kat:3, Licht: 0","143802","3","7","6","10","09","2","0","0","0","1","1","0"
"POINT (13.335784408000052 52.513705858000037)","Unfall 143803 (2020) Kat:3, Licht: 0","143803","3","2","0","09","07","4","0","0","1","1","0","0"
"POINT (13.220088695000072 52.537020589000065)","Unfall 143804 (2020) Kat:2, Licht: 2","143804","2","5","1","10","21","4","0","2","0","1","0","0"
"POINT (13.386625400000071 52.490077786000029)","Unfall 143805 (2020) Kat:3, Licht: 0","143805","3","2","5","10","08","2","0","0","1","1","0","0"
"POINT (13.444496912000034 52.501000232000081)","Unfall 143806 (2020) Kat:3, Licht: 1","143806","3","7","5","09","06","4","0","1","1","1","0","0"
"POINT (13.398236086000054 52.583256307000056)","Unfall 143807 (2020) Kat:3, Licht: 0","143807","3","6","2","10","15","4","1","0","1","0","0","0"
"POINT (13.320271988000059 52.476941649000082)","Unfall 143808 (2020) Kat:3, Licht: 2","143808","3","5","0","10","19","3","1","2","1","1","0","0"
"POINT (13.479773773000034 52.523066907000043)","Unfall 143809 (2020) Kat:3, Licht: 2","143809","3","3","2","10","19","1","0","2","0","1","0","0"
"POINT (13.298490612000023 52.584367420000035)","Unfall 143810 (2020) Kat:3, Licht: 0","143810","3","7","7","09","07","4","0","0","1","0","0","0"
"POINT (13.410128775000032 52.522590656000034)","Unfall 143811 (2020) Kat:3, Licht: 0","143811","3","2","0","10","14","6","0","0","1","0","0","0"
"POINT (13.382751296000038 52.465660133000029)","Unfall 143812 (2020) Kat:3, Licht: 0","143812","3","2","6","10","18","5","1","0","0","1","1","0"
"POINT (13.345341705000067 52.484566897000036)","Unfall 143813 (2020) Kat:3, Licht: 0","143813","3","2","5","10","08","2","0","0","1","0","0","0"
"POINT (13.384207996000043 52.509975059000055)","Unfall 143814 (2020) Kat:3, Licht: 0","143814","3","1","0","10","09","3","0","0","0","0","0","1"
"POINT (13.417495294000048 52.518795463000060)","Unfall 143815 (2020) Kat:3, Licht: 0","143815","3","6","3","09","17","4","0","0","1","1","0","0"
"POINT (13.303513930000065 52.618910860000028)","Unfall 143816 (2020) Kat:3, Licht: 1","143816","3","7","5","10","17","4","0","1","0","1","0","1"
"POINT (13.200300517000073 52.537651836000066)","Unfall 143817 (2020) Kat:3, Licht: 0","143817","3","6","3","10","12","3","0","0","0","1","0","0"
"POINT (13.319821321000063 52.496041578000074)","Unfall 143818 (2020) Kat:3, Licht: 0","143818","3","2","5","09","14","4","0","0","1","1","0","0"
"POINT (13.517818330000068 52.563840864000042)","Unfall 143819 (2020) Kat:3, Licht: 2","143819","3","3","0","10","18","4","1","2","0","1","0","0"
"POINT (13.344041600000025 52.506228851000060)","Unfall 143820 (2020) Kat:3, Licht: 2","143820","3","6","0","09","21","4","0","2","0","1","0","1"
"POINT (13.280071143000043 52.459414894000076)","Unfall 143821 (2020) Kat:2, Licht: 0","143821","2","3","5","10","07","3","0","0","1","1","0","0"
"POINT (13.322153810000032 52.421726210000031)","Unfall 143822 (2020) Kat:3, Licht: 0","143822","3","6","4","10","13","1","0","0","1","1","0","0"
"POINT (13.280288734000067 52.518734718000076)","Unfall 143823 (2020) Kat:3, Licht: 0","143823","3","5","1","10","17","1","0","0","1","1","0","0"
"POINT (13.314535691000060 52.510405864000063)","Unfall 143824 (2020) Kat:3, Licht: 2","143824","3","7","5","09","20","4","0","2","0","1","0","1"
"POINT (13.377860450000071 52.529045476000078)","Unfall 143825 (2020) Kat:3, Licht: 2","143825","3","6","3","10","20","6","0","2","1","0","0","0"
"POINT (13.470222767000052 52.553562741000064)","Unfall 143826 (2020) Kat:3, Licht: 0","143826","3","3","0","10","16","4","1","0","0","1","0","1"
"POINT (13.289261463000059 52.509344767000073)","Unfall 143827 (2020) Kat:3, Licht: 0","143827","3","7","0","10","08","2","0","0","1","0","0","0"
"POINT (13.296333055000048 52.498812438000073)","Unfall 143828 (2020) Kat:3, Licht: 0","143828","3","4","6","10","12","3","0","0","0","0","1","1"
"POINT (13.460509069000068 52.527531587000055)","Unfall 143829 (2020) Kat:2, Licht: 1","143829","2","4","6","09","20","4","0","1","1","1","1","0"
"POINT (13.211688576000029 52.528074121000031)","Unfall 143830 (2020) Kat:3, Licht: 0","143830","3","3","5","10","15","4","1","0","0","1","0","0"
"POINT (13.423399079000035 52.488498799000070)","Unfall 143831 (2020) Kat:3, Licht: 2","143831","3","4","6","09","19","4","0","2","1","0","1","0"
"POINT (13.470441011000048 52.553714309000043)","Unfall 143832 (2020) Kat:3, Licht: 0","143832","3","2","2","10","17","7","0","0","1","1","0","0"
"POINT (13.319646966000050 52.471584490000055)","Unfall 143833 (2020) Kat:3, Licht: 0","143833","3","2","5","10","07","2","0","0","1","1","0","0"
"POINT (13.549518991000070 52.456490092000081)","Unfall 143834 (2020) Kat:3, Licht: 1","143834","3","7","6","09","19","4","0","1","0","1","1","0"
"POINT (13.417842500000063 52.528475213000036)","Unfall 143835 (2020) Kat:3, Licht: 1","143835","3","5","1","09","19","4","0","1","0","1","0","1"
"POINT (13.458833326000047 52.511428516000080)","Unfall 143836 (2020) Kat:3, Licht: 0","143836","3","1","0","10","07","2","0","0","1","0","0","0"
"POINT (13.288741429000027 52.481424193000066)","Unfall 143837 (2020) Kat:3, Licht: 0","143837","3","2","5","10","13","1","0","0","1","1","0","0"
"POINT (13.372651852000047 52.546727456000042)","Unfall 143838 (2020) Kat:3, Licht: 2","143838","3","4","6","10","21","7","0","2","1","0","1","0"
"POINT (13.527547216000073 52.484271546000059)","Unfall 143839 (2020) Kat:3, Licht: 0","143839","3","3","5","10","06","2","0","0","0","1","0","0"
"POINT (13.379965436000077 52.444099260000030)","Unfall 143840 (2020) Kat:3, Licht: 1","143840","3","3","0","09","18","4","0","1","1","1","0","0"
"POINT (13.330299976000049 52.458161878000055)","Unfall 143841 (2020) Kat:3, Licht: 0","143841","3","3","0","10","17","6","0","0","1","1","0","0"
"POINT (13.439604137000060 52.513702708000039)","Unfall 143842 (2020) Kat:3, Licht: 0","143842","3","6","2","10","13","4","1","0","0","1","0","0"
"POINT (13.301033806000078 52.413181454000039)","Unfall 143843 (2020) Kat:3, Licht: 2","143843","3","5","1","10","02","2","0","2","0","1","0","0"
"POINT (13.218497207000041 52.508872994000058)","Unfall 143844 (2020) Kat:3, Licht: 0","143844","3","2","2","09","18","4","0","0","1","1","0","0"
"POINT (13.418003020000072 52.518022385000052)","Unfall 143845 (2020) Kat:3, Licht: 0","143845","3","2","5","10","08","4","0","0","1","1","0","0"
"POINT (13.304548682000075 52.461521784000070)","Unfall 143846 (2020) Kat:2, Licht: 0","143846","2","4","6","09","18","4","0","0","0","1","1","0"
"POINT (13.278440668000030 52.473529097000039)","Unfall 143847 (2020) Kat:3, Licht: 0","143847","3","6","2","10","14","7","0","0","0","1","0","0"
"POINT (13.406564949000028 52.393763882000030)","Unfall 143848 (2020) Kat:3, Licht: 0","143848","3","2","5","10","06","5","0","0","0","1","0","0"
"POINT (13.412605637000070 52.553713391000031)","Unfall 143849 (2020) Kat:3, Licht: 2","143849","3","7","0","10","00","2","0","2","1","1","0","0"
"POINT (13.377086697000038 52.560960307000073)","Unfall 143850 (2020) Kat:3, Licht: 0","143850","3","6","2","09","18","4","0","0","0","1","0","1"
"POINT (13.376998537000077 52.556747075000033)","Unfall 143851 (2020) Kat:2, Licht: 0","143851","2","4","6","10","09","4","0","0","0","1","1","0"
"POINT (13.380108641000049 52.443806158000029)","Unfall 143852 (2020) Kat:2, Licht: 0","143852","2","6","2","10","15","1","0","0","0","1","0","0"
"POINT (13.430964204000077 52.466316147000043)","Unfall 143853 (2020) Kat:3, Licht: 0","143853","3","5","1","09","17","4","0","0","0","1","0","0"
"POINT (13.318739307000044 52.481459015000041)","Unfall 143854 (2020) Kat:3, Licht: 0","143854","3","3","5","10","12","4","1","0","0","1","0","0"
"POINT (13.324635169000032 52.470301277000033)","Unfall 143855 (2020) Kat:3, Licht: 0","143855","3","5","1","10","15","1","0","0","1","1","0","0"
"POINT (13.499179572000060 52.517881173000035)","Unfall 143856 (2020) Kat:2, Licht: 0","143856","2","1","0","09","16","4","0","0","1","0","0","0"
"POINT (13.174038384000028 52.523299562000034)","Unfall 143857 (2020) Kat:2, Licht: 1","143857","2","2","5","10","06","4","0","1","1","1","0","0"
"POINT (13.184118553000076 52.523538656000028)","Unfall 143858 (2020) Kat:2, Licht: 0","143858","2","3","5","09","16","4","0","0","0","1","0","0"
"POINT (13.313706350000075 52.427164078000033)","Unfall 143859 (2020) Kat:3, Licht: 0","143859","3","1","0","10","10","7","0","0","1","0","0","0"
"POINT (13.458995732000062 52.520489293000026)","Unfall 143860 (2020) Kat:3, Licht: 2","143860","3","1","0","10","19","5","1","2","0","0","0","1"
"POINT (13.420771067000032 52.468551235000064)","Unfall 143861 (2020) Kat:3, Licht: 0","143861","3","2","5","10","15","1","0","0","1","1","0","0"
"POINT (13.394211767000058 52.564977210000052)","Unfall 143862 (2020) Kat:2, Licht: 0","143862","2","3","5","09","16","4","0","0","1","1","0","0"
"POINT (13.549813221000022 52.542883429000028)","Unfall 143863 (2020) Kat:3, Licht: 2","143863","3","4","6","10","05","4","1","2","0","0","1","0"
"POINT (13.278520162000063 52.474098843000036)","Unfall 143864 (2020) Kat:3, Licht: 0","143864","3","7","5","10","14","1","0","0","1","1","0","0"
"POINT (13.564838858000030 52.445431111000062)","Unfall 143865 (2020) Kat:2, Licht: 0","143865","2","2","5","09","16","4","0","0","0","1","0","0"
"POINT (13.295603630000073 52.506104098000037)","Unfall 143866 (2020) Kat:3, Licht: 0","143866","3","1","0","10","15","4","1","0","1","0","0","0"
"POINT (13.295346304000077 52.539564584000061)","Unfall 143867 (2020) Kat:3, Licht: 2","143867","3","6","0","10","19","1","0","2","0","1","0","0"
"POINT (13.498150329000055 52.538578311000038)","Unfall 143868 (2020) Kat:3, Licht: 0","143868","3","4","6","09","16","4","0","0","0","1","1","0"
"POINT (13.371915448000038 52.469907094000064)","Unfall 143869 (2020) Kat:2, Licht: 0","143869","2","2","5","09","14","4","0","0","0","1","0","1"
"POINT (13.580533774000060 52.443045453000082)","Unfall 143870 (2020) Kat:3, Licht: 0","143870","3","3","5","10","16","4","1","0","1","1","0","0"
"POINT (13.318865283000036 52.462357559000054)","Unfall 143871 (2020) Kat:3, Licht: 0","143871","3","7","2","09","14","4","0","0","0","1","0","0"
"POINT (13.562240645000031 52.437241198000038)","Unfall 143872 (2020) Kat:3, Licht: 1","143872","3","2","5","10","20","7","0","1","0","1","0","0"
"POINT (13.385371463000070 52.523510541000064)","Unfall 143873 (2020) Kat:3, Licht: 1","143873","3","2","5","10","18","5","1","1","1","1","0","0"
"POINT (13.576964957000030 52.564585417000046)","Unfall 143874 (2020) Kat:3, Licht: 0","143874","3","5","1","10","13","1","0","0","0","1","0","1"
"POINT (13.314483516000053 52.490331009000045)","Unfall 143875 (2020) Kat:3, Licht: 0","143875","3","2","2","10","13","3","0","0","1","1","0","0"
"POINT (13.389776549000032 52.515674590000060)","Unfall 143876 (2020) Kat:3, Licht: 0","143876","3","4","6","09","14","4","0","0","1","0","1","0"
"POINT (13.362812957000074 52.524554049000074)","Unfall 143877 (2020) Kat:3, Licht: 0","143877","3","3","5","10","18","4","1","0","1","0","0","1"
"POINT (13.314729149000073 52.499629359000039)","Unfall 143878 (2020) Kat:3, Licht: 2","143878","3","2","6","10","19","3","1","2","0","1","1","0"
"POINT (13.353608565000059 52.562094248000051)","Unfall 143879 (2020) Kat:2, Licht: 0","143879","2","2","5","09","14","4","0","0","1","1","0","0"
"POINT (13.298370493000050 52.422008382000058)","Unfall 143880 (2020) Kat:2, Licht: 2","143880","2","2","6","10","20","3","1","2","0","1","1","0"
"POINT (13.419633454000063 52.506094846000053)","Unfall 143881 (2020) Kat:3, Licht: 0","143881","3","3","5","10","11","1","0","0","0","0","0","1"
"POINT (13.432082701000070 52.485531983000044)","Unfall 143882 (2020) Kat:2, Licht: 2","143882","2","5","1","10","02","1","0","2","1","1","0","0"
"POINT (13.468926437000050 52.552207382000063)","Unfall 143883 (2020) Kat:3, Licht: 0","143883","3","5","0","09","14","4","0","0","1","1","0","0"
"POINT (13.469991120000032 52.512405507000040)","Unfall 143884 (2020) Kat:3, Licht: 1","143884","3","3","5","10","18","6","0","1","1","1","0","0"
"POINT (13.224965382000050 52.542539174000069)","Unfall 143885 (2020) Kat:3, Licht: 0","143885","3","7","2","10","14","4","1","0","1","0","0","0"
"POINT (13.437942406000047 52.488092739000081)","Unfall 143886 (2020) Kat:3, Licht: 0","143886","3","3","5","10","14","1","0","0","0","1","0","0"
"POINT (13.316305996000040 52.587067321000063)","Unfall 143887 (2020) Kat:3, Licht: 0","143887","3","6","2","10","17","3","0","0","0","1","0","0"
"POINT (13.458659364000027 52.510505595000041)","Unfall 143888 (2020) Kat:3, Licht: 2","143888","3","4","6","10","20","4","1","2","0","1","1","0"
"POINT (13.493108848000077 52.567853788000036)","Unfall 143889 (2020) Kat:3, Licht: 0","143889","3","5","1","10","10","6","0","0","1","1","0","0"
"POINT (13.432107771000062 52.488003187000061)","Unfall 143890 (2020) Kat:3, Licht: 0","143890","3","4","6","10","12","6","0","0","0","0","1","1"
"POINT (13.697499392000054 52.436414275000061)","Unfall 143891 (2020) Kat:2, Licht: 1","143891","2","3","5","10","18","6","1","1","1","1","0","0"
"POINT (13.562304786000027 52.529351297000062)","Unfall 143892 (2020) Kat:3, Licht: 0","143892","3","6","2","10","14","3","0","0","0","1","0","0"
"POINT (13.473851286000070 52.464083640000069)","Unfall 143893 (2020) Kat:3, Licht: 0","143893","3","2","2","10","13","5","1","0","1","1","0","0"
"POINT (13.272172796000063 52.508920659000069)","Unfall 143894 (2020) Kat:2, Licht: 2","143894","2","4","6","10","19","2","0","2","0","1","1","0"
"POINT (13.247783148000053 52.547291265000069)","Unfall 143895 (2020) Kat:3, Licht: 0","143895","3","1","0","10","07","2","0","0","1","0","0","0"
"POINT (13.457091339000044 52.561036971000078)","Unfall 143896 (2020) Kat:3, Licht: 0","143896","3","2","5","10","09","6","1","0","1","1","0","0"
"POINT (13.636847429000056 52.450718028000040)","Unfall 143897 (2020) Kat:3, Licht: 2","143897","3","3","5","10","06","4","1","2","0","1","0","0"
"POINT (13.303038185000048 52.636464626000077)","Unfall 143898 (2020) Kat:3, Licht: 0","143898","3","5","1","10","09","6","1","0","1","1","0","0"
"POINT (13.399645781000061 52.531662527000037)","Unfall 143899 (2020) Kat:2, Licht: 0","143899","2","1","0","10","11","7","0","0","1","0","0","0"
"POINT (13.366865504000032 52.552151347000063)","Unfall 143900 (2020) Kat:3, Licht: 0","143900","3","2","5","10","15","7","0","0","1","1","0","0"
"POINT (13.608282161000034 52.539598365000074)","Unfall 143901 (2020) Kat:3, Licht: 0","143901","3","3","0","10","14","3","0","0","0","1","0","0"
"POINT (13.600635956000076 52.476411476000067)","Unfall 143902 (2020) Kat:3, Licht: 0","143902","3","3","0","10","07","6","1","0","0","1","0","1"
"POINT (13.394124724000051 52.550529408000045)","Unfall 143903 (2020) Kat:3, Licht: 0","143903","3","4","6","10","18","6","1","0","1","0","1","0"
"POINT (13.286809164000033 52.512969871000053)","Unfall 143904 (2020) Kat:3, Licht: 0","143904","3","3","5","10","08","3","0","0","1","1","0","0"