WKT,Name,OBJECTID,UKATEGORIE,UTYP1,UART,UMONAT,USTUNDE,UWOCHENTAG,STRZUSTAND,ULICHTVERH,ISTRAD,ISTPKW,ISTFUSS,ISTKRAD
"POINT (13.386204890000045 52.558499414000039)","Unfall 143905 (2020) Kat:3, Licht: 2","143905","3","6","2","10","21","5","1","2","0","1","0","0"
"POINT (13.509965918000034 52.550396746000047)","Unfall 143906 (2020) Kat:2, Licht: 0","143906","2","2","5","10","11","1","0","0","0","1","0","0"
"POINT (13.450953734000052 52.526965734000044)","Unfall 143907 (2020) Kat:2, Licht: 1","143907","2","4","6","10","18","1","1","1","0","1","1","0"
"POINT (13.435991258000058 52.556462909000061)","Unfall 143908 (2020) Kat:3, Licht: 0","143908","3","4","6","10","12","5","1","0","0","0","1","0"
"POINT (13.476215102000026 52.533095496000044)","Unfall 143909 (2020) Kat:3, Licht: 2","143909","3","2","5","10","20","1","1","2","0","1","0","0"
"POINT (13.364693495000040 52.571941621000065)","Unfall 143910 (2020) Kat:3, Licht: 0","143910","3","5","1","10","15","1","0","0","1","1","0","0"
"POINT (13.345023723000054 52.437135845000057)","Unfall 143911 (2020) Kat:3, Licht: 0","143911","3","1","0","10","15","4","1","0","1","0","0","0"
"POINT (13.324088260000053 52.587717621000081)","Unfall 143912 (2020) Kat:3, Licht: 2","143912","3","2","5","10","23","6","1","2","1","1","0","0"
"POINT (13.306192269000064 52.517453775000035)","Unfall 143913 (2020) Kat:3, Licht: 0","143913","3","4","0","10","13","6","0","0","0","0","1","0"
"POINT (13.443669210000053 52.475643880000064)","Unfall 143914 (2020) Kat:3, Licht: 0","143914","3","6","2","10","16","6","0","0","1","1","0","0"
"POINT (13.267962214000022 52.445440116000043)","Unfall 143915 (2020) Kat:3, Licht: 0","143915","3","3","0","10","13","3","0","0","1","1","0","0"
"POINT (13.360859351000045 52.531927866000046)","Unfall 143916 (2020) Kat:3, Licht: 2","143916","3","5","1","10","21","6","1","2","1","1","0","0"
"POINT (13.339614438000069 52.450901536000060)","Unfall 143917 (2020) Kat:3, Licht: 0","143917","3","7","1","10","12","5","1","0","0","1","0","0"
"POINT (13.315983353000036 52.547428972000034)","Unfall 143918 (2020) Kat:3, Licht: 2","143918","3","4","6","10","19","2","0","2","0","1","1","0"
"POINT (13.178161745000068 52.548933763000036)","Unfall 143919 (2020) Kat:3, Licht: 0","143919","3","3","5","10","15","1","1","0","1","1","0","0"
"POINT (13.384203709000076 52.509983216000080)","Unfall 143920 (2020) Kat:3, Licht: 2","143920","3","2","5","10","19","1","0","2","1","1","0","0"
"POINT (13.403137429000026 52.533625671000038)","Unfall 143921 (2020) Kat:3, Licht: 1","143921","3","3","5","10","17","4","1","1","1","1","0","0"
"POINT (13.421269046000077 52.509742603000063)","Unfall 143922 (2020) Kat:3, Licht: 2","143922","3","2","6","10","21","6","1","2","0","1","1","0"
"POINT (13.201488993000055 52.436067064000042)","Unfall 143923 (2020) Kat:3, Licht: 0","143923","3","4","6","10","11","6","1","0","0","1","1","0"
"POINT (13.400383636000072 52.490515429000027)","Unfall 143924 (2020) Kat:3, Licht: 1","143924","3","2","5","10","17","6","0","1","1","1","0","0"
"POINT (13.259929314000033 52.433927354000048)","Unfall 143925 (2020) Kat:3, Licht: 0","143925","3","6","0","10","16","3","0","0","0","1","0","1"
"POINT (13.252718523000055 52.471558443000049)","Unfall 143926 (2020) Kat:3, Licht: 0","143926","3","1","0","10","08","6","1","0","0","0","0","1"
"POINT (13.391061684000022 52.563303044000065)","Unfall 143927 (2020) Kat:2, Licht: 0","143927","2","6","2","10","14","4","1","0","0","1","0","1"
"POINT (13.411787909000054 52.523966546000054)","Unfall 143928 (2020) Kat:3, Licht: 1","143928","3","2","5","10","06","6","1","1","0","1","0","0"
"POINT (13.429946519000055 52.469888041000047)","Unfall 143929 (2020) Kat:3, Licht: 0","143929","3","3","5","10","15","6","0","0","0","1","0","0"
"POINT (13.370395225000038 52.544645120000041)","Unfall 143930 (2020) Kat:3, Licht: 0","143930","3","2","5","10","18","3","0","0","1","0","0","0"
"POINT (13.210698009000055 52.538284337000050)","Unfall 143931 (2020) Kat:3, Licht: 2","143931","3","1","1","10","21","6","1","2","0","1","0","1"
"POINT (13.468902409000066 52.520334981000076)","Unfall 143932 (2020) Kat:3, Licht: 2","143932","3","5","0","10","19","5","1","2","1","1","0","0"
"POINT (13.449160771000038 52.497075248000044)","Unfall 143933 (2020) Kat:3, Licht: 0","143933","3","6","2","10","11","2","0","0","1","1","0","0"
"POINT (13.589460277000057 52.513147916000037)","Unfall 143934 (2020) Kat:3, Licht: 0","143934","3","6","0","10","12","4","1","0","0","1","0","0"
"POINT (13.604803295000067 52.537582486000076)","Unfall 143935 (2020) Kat:3, Licht: 0","143935","3","6","2","10","13","7","0","0","0","1","0","0"
"POINT (13.309615388000054 52.510334750000027)","Unfall 143936 (2020) Kat:3, Licht: 0","143936","3","3","5","10","14","7","0","0","1","1","0","0"
"POINT (13.303739039000050 52.525522917000046)","Unfall 143937 (2020) Kat:3, Licht: 1","143937","3","3","5","10","18","4","1","1","0","1","0","0"
"POINT (13.339249285000051 52.525728700000059)","Unfall 143938 (2020) Kat:3, Licht: 2","143938","3","6","3","10","21","6","1","2","1","0","0","0"
"POINT (13.418197178000071 52.411882673000036)","Unfall 143939 (2020) Kat:2, Licht: 0","143939","2","6","2","10","10","6","0","0","0","1","0","0"
"POINT (13.571788309000056 52.546064656000055)","Unfall 143940 (2020) Kat:3, Licht: 0","143940","3","2","6","10","15","6","0","0","0","1","1","0"
"POINT (13.433090530000072 52.452341753000042)","Unfall 143941 (2020) Kat:3, Licht: 0","143941","3","2","5","10","12","3","0","0","1","1","0","0"
"POINT (13.484980036000024 52.533585554000069)","Unfall 143942 (2020) Kat:3, Licht: 0","143942","3","2","2","10","09","5","1","0","0","1","0","0"
"POINT (13.501684111000031 52.565960787000051)","Unfall 143943 (2020) Kat:2, Licht: 0","143943","2","7","6","10","14","2","0","0","0","0","1","0"
"POINT (13.356130004000022 52.596728652000081)","Unfall 143944 (2020) Kat:3, Licht: 1","143944","3","2","5","10","06","2","0","1","1","1","0","0"
"POINT (13.618301281000072 52.455453187000046)","Unfall 143945 (2020) Kat:2, Licht: 2","143945","2","4","6","10","05","6","1","2","0","0","1","0"
"POINT (13.394339786000046 52.524619077000068)","Unfall 143946 (2020) Kat:3, Licht: 2","143946","3","1","0","10","00","5","1","2","0","0","0","0"
"POINT (13.330095200000073 52.522582912000075)","Unfall 143947 (2020) Kat:3, Licht: 0","143947","3","3","5","10","09","4","1","0","1","1","0","0"
"POINT (13.390626061000034 52.565860134000047)","Unfall 143948 (2020) Kat:3, Licht: 0","143948","3","1","8","10","13","5","1","0","0","1","0","0"
"POINT (13.418125084000053 52.462475660000052)","Unfall 143949 (2020) Kat:3, Licht: 0","143949","3","3","5","10","13","2","1","0","0","1","0","0"
"POINT (13.513453794000043 52.427680055000053)","Unfall 143950 (2020) Kat:3, Licht: 0","143950","3","6","2","10","11","2","0","0","0","1","0","0"
"POINT (13.419082288000027 52.562264597000080)","Unfall 143951 (2020) Kat:3, Licht: 0","143951","3","5","1","10","09","5","1","0","1","1","0","0"
"POINT (13.394209588000024 52.564976061000038)","Unfall 143952 (2020) Kat:3, Licht: 0","143952","3","3","5","10","10","4","1","0","1","1","0","0"
"POINT (13.303491853000025 52.618888571000070)","Unfall 143953 (2020) Kat:3, Licht: 2","143953","3","5","1","10","19","7","0","2","1","1","0","0"
"POINT (13.395238702000029 52.550628741000082)","Unfall 143954 (2020) Kat:3, Licht: 2","143954","3","5","1","10","01","7","1","2","1","1","0","0"
"POINT (13.456610386000023 52.431489828000053)","Unfall 143955 (2020) Kat:3, Licht: 2","143955","3","7","6","10","19","4","1","2","0","1","1","0"
"POINT (13.411573655000041 52.554045548000033)","Unfall 143956 (2020) Kat:2, Licht: 0","143956","2","7","0","10","09","6","1","0","1","0","0","0"
"POINT (13.588802586000043 52.539328720000071)","Unfall 143957 (2020) Kat:2, Licht: 0","143957","2","3","0","10","09","6","0","0","0","0","0","0"
"POINT (13.196380092000027 52.535276411000041)","Unfall 143958 (2020) Kat:3, Licht: 0","143958","3","4","2","10","16","6","1","0","0","1","1","0"
"POINT (13.375973124000041 52.556382958000029)","Unfall 143959 (2020) Kat:3, Licht: 0","143959","3","5","1","10","14","3","0","0","1","1","0","0"
"POINT (13.404936947000067 52.540713856000082)","Unfall 143960 (2020) Kat:3, Licht: 0","143960","3","1","0","10","13","5","1","0","0","0","0","1"
"POINT (13.367370979000043 52.493411119000029)","Unfall 143961 (2020) Kat:3, Licht: 2","143961","3","3","5","10","18","1","1","2","1","1","0","0"
"POINT (13.398463695000032 52.592389879000052)","Unfall 143962 (2020) Kat:3, Licht: 0","143962","3","3","5","10","16","1","0","0","0","1","0","1"
"POINT (13.194604430000027 52.533625867000069)","Unfall 143963 (2020) Kat:3, Licht: 0","143963","3","2","6","10","08","6","1","0","0","1","1","0"
"POINT (13.363516642000036 52.485081164000064)","Unfall 143964 (2020) Kat:3, Licht: 0","143964","3","2","6","10","15","4","1","0","0","1","1","0"
"POINT (13.398832570000025 52.490538514000036)","Unfall 143965 (2020) Kat:2, Licht: 0","143965","2","6","2","10","10","6","1","0","0","1","0","1"
"POINT (13.384237800000051 52.509918359000039)","Unfall 143966 (2020) Kat:3, Licht: 0","143966","3","2","5","10","11","7","0","0","1","1","0","0"
"POINT (13.377321527000049 52.535161736000077)","Unfall 143967 (2020) Kat:3, Licht: 2","143967","3","7","0","10","23","6","1","2","0","1","0","0"
"POINT (13.426398493000022 52.499309171000050)","Unfall 143968 (2020) Kat:3, Licht: 0","143968","3","2","5","10","13","3","0","0","0","1","0","1"
"POINT (13.464349510000034 52.524495901000080)","Unfall 143969 (2020) Kat:3, Licht: 0","143969","3","5","1","10","08","6","1","0","0","1","0","1"
"POINT (13.360156050000057 52.490456707000078)","Unfall 143970 (2020) Kat:3, Licht: 1","143970","3","2","0","10","19","6","1","1","0","1","0","0"
"POINT (13.289491938000026 52.509414488000061)","Unfall 143971 (2020) Kat:3, Licht: 0","143971","3","7","0","10","11","6","1","0","1","0","0","0"
"POINT (13.273903668000059 52.509680983000067)","Unfall 143972 (2020) Kat:3, Licht: 2","143972","3","3","5","10","20","7","0","2","0","1","0","0"
"POINT (13.404424123000069 52.533258503000070)","Unfall 143973 (2020) Kat:2, Licht: 0","143973","2","1","0","10","17","7","0","0","1","0","0","0"
"POINT (13.465603767000061 52.469752755000059)","Unfall 143974 (2020) Kat:3, Licht: 2","143974","3","4","0","10","20","3","0","2","0","0","1","1"
"POINT (13.499737898000035 52.547761910000077)","Unfall 143975 (2020) Kat:3, Licht: 0","143975","3","2","5","10","11","6","0","0","1","0","0","0"
"POINT (13.481548216000022 52.538801243000080)","Unfall 143976 (2020) Kat:3, Licht: 0","143976","3","3","0","10","18","6","1","0","0","1","0","1"
"POINT (13.351040358000034 52.524277826000059)","Unfall 143977 (2020) Kat:3, Licht: 0","143977","3","2","6","10","10","3","0","0","0","1","1","0"
"POINT (13.329777334000028 52.563134278000064)","Unfall 143978 (2020) Kat:3, Licht: 0","143978","3","6","0","10","11","5","1","0","0","0","0","1"
"POINT (13.266842612000062 52.482185068000035)","Unfall 143979 (2020) Kat:2, Licht: 1","143979","2","1","1","10","17","1","1","1","0","1","0","1"
"POINT (13.351598321000040 52.526969677000068)","Unfall 143980 (2020) Kat:3, Licht: 0","143980","3","6","3","10","10","1","0","0","1","1","0","0"
"POINT (13.309506179000039 52.492027304000032)","Unfall 143981 (2020) Kat:3, Licht: 0","143981","3","6","2","10","16","4","1","0","0","1","0","0"
"POINT (13.260152752000067 52.427215878000027)","Unfall 143982 (2020) Kat:3, Licht: 0","143982","3","3","0","10","12","6","0","0","0","1","0","1"
"POINT (13.394624406000048 52.527956159000041)","Unfall 143983 (2020) Kat:3, Licht: 0","143983","3","4","6","10","09","6","0","0","1","0","1","0"
"POINT (13.416306229000043 52.491005399000073)","Unfall 143984 (2020) Kat:3, Licht: 0","143984","3","1","0","10","09","3","1","0","0","0","0","1"
"POINT (13.479139400000065 52.607694777000063)","Unfall 143985 (2020) Kat:3, Licht: 0","143985","3","3","5","10","06","6","1","0","1","1","0","0"
"POINT (13.425541048000071 52.479301231000079)","Unfall 143986 (2020) Kat:3, Licht: 1","143986","3","6","3","10","18","5","1","1","1","1","0","0"
"POINT (13.385611871000037 52.520236615000044)","Unfall 143987 (2020) Kat:3, Licht: 0","143987","3","3","5","10","17","2","0","0","1","1","0","0"
"POINT (13.517693878000046 52.556442523000044)","Unfall 143988 (2020) Kat:3, Licht: 2","143988","3","3","5","10","19","2","0","2","0","1","0","0"
"POINT (13.314895601000046 52.417324168000050)","Unfall 143989 (2020) Kat:3, Licht: 0","143989","3","6","2","10","10","5","1","0","0","1","0","0"
"POINT (13.515297965000059 52.567054702000064)","Unfall 143990 (2020) Kat:3, Licht: 0","143990","3","2","5","10","13","1","1","0","0","1","0","0"
"POINT (13.347075988000029 52.501075847000038)","Unfall 143991 (2020) Kat:3, Licht: 2","143991","3","2","5","10","22","1","0","2","0","1","0","0"
"POINT (13.292541192000044 52.539698832000056)","Unfall 143992 (2020) Kat:3, Licht: 0","143992","3","6","2","10","17","4","1","0","0","1","0","0"
"POINT (13.425332912000044 52.479939996000041)","Unfall 143993 (2020) Kat:3, Licht: 1","143993","3","1","0","10","06","6","1","1","0","0","0","1"
"POINT (13.458744565000075 52.440301252000040)","Unfall 143994 (2020) Kat:3, Licht: 0","143994","3","3","5","10","14","6","0","0","1","1","0","0"
"POINT (13.412134861000027 52.505428385000073)","Unfall 143995 (2020) Kat:3, Licht: 2","143995","3","5","1","10","19","3","0","2","1","1","0","0"
"POINT (13.518855999000039 52.513271287000066)","Unfall 143996 (2020) Kat:3, Licht: 0","143996","3","5","1","10","13","6","0","0","1","0","0","1"
"POINT (13.389859411000032 52.510582090000071)","Unfall 143997 (2020) Kat:3, Licht: 0","143997","3","6","3","10","15","5","1","0","1","0","0","0"
"POINT (13.315838397000050 52.416211524000062)","Unfall 143998 (2020) Kat:2, Licht: 0","143998","2","5","1","10","14","2","0","0","0","1","0","0"
"POINT (13.421132486000033 52.509735945000045)","Unfall 143999 (2020) Kat:2, Licht: 0","143999","2","2","5","10","15","2","0","0","1","1","0","0"
"POINT (13.442652675000033 52.551114126000073)","Unfall 144000 (2020) Kat:3, Licht: 0","144000","3","2","5","10","12","4","1","0","1","1","0","0"
"POINT (13.331912275000036 52.460594856000057)","Unfall 144001 (2020) Kat:2, Licht: 0","144001","2","1","0","10","15","7","1","0","0","0","0","1"
"POINT (13.501720832000046 52.561924463000082)","Unfall 144002 (2020) Kat:3, Licht: 0","144002","3","6","2","10","13","7","0","0","0","1","0","0"
"POINT (13.403390269000056 52.493834604000028)","Unfall 144003 (2020) Kat:3, Licht: 2","144003","3","7","5","10","20","4","1","2","0","1","0","0"
"POINT (13.286687500000028 52.417766468000082)","Unfall 144004 (2020) Kat:3, Licht: 0","144004","3","6","2","10","13","6","0","0","0","1","0","0"
"POINT (13.342300699000077 52.524127015000033)","Unfall 144005 (2020) Kat:3, Licht: 0","144005","3","2","5","10","09","6","1","0","1","1","0","0"
"POINT (13.584360923000077 52.539606263000053)","Unfall 144006 (2020) Kat:3, Licht: 1","144006","3","6","2","10","19","6","1","1","0","1","0","0"
"POINT (13.418082462000029 52.515437864000035)","Unfall 144007 (2020) Kat:3, Licht: 2","144007","3","2","5","10","00","7","0","2","1","0","0","0"
"POINT (13.333459721000054 52.469889323000075)","Unfall 144008 (2020) Kat:3, Licht: 0","144008","3","6","2","10","10","7","0","0","1","1","0","0"
"POINT (13.502654834000055 52.566540316000044)","Unfall 144009 (2020) Kat:3, Licht: 1","144009","3","5","1","10","18","4","1","1","1","1","0","0"
"POINT (13.559780046000071 52.534083233000047)","Unfall 144010 (2020) Kat:3, Licht: 0","144010","3","4","6","10","14","6","1","0","0","1","1","0"
"POINT (13.432742126000051 52.596218076000071)","Unfall 144011 (2020) Kat:3, Licht: 0","144011","3","2","5","10","13","6","1","0","0","1","0","0"
"POINT (13.617151128000046 52.519920716000058)","Unfall 144012 (2020) Kat:2, Licht: 2","144012","2","4","6","10","19","6","1","2","0","1","1","0"
"POINT (13.322536033000063 52.499870106000060)","Unfall 144013 (2020) Kat:3, Licht: 0","144013","3","7","1","10","15","3","0","0","0","1","0","0"
"POINT (13.441881141000067 52.500813800000060)","Unfall 144014 (2020) Kat:3, Licht: 2","144014","3","6","2","10","19","5","1","2","0","1","0","0"
"POINT (13.380880055000034 52.532318734000057)","Unfall 144015 (2020) Kat:3, Licht: 0","144015","3","5","1","10","17","2","0","0","1","1","0","0"
"POINT (13.415197679000073 52.464589030000070)","Unfall 144016 (2020) Kat:3, Licht: 0","144016","3","5","1","10","08","2","0","0","0","1","0","0"
"POINT (13.358928576000039 52.551084011000057)","Unfall 144017 (2020) Kat:3, Licht: 0","144017","3","6","3","10","06","6","1","0","1","1","0","0"
"POINT (13.364334440000050 52.503344220000031)","Unfall 144018 (2020) Kat:2, Licht: 0","144018","2","2","5","10","08","5","1","0","0","1","0","1"
"POINT (13.550190864000058 52.542798707000031)","Unfall 144019 (2020) Kat:3, Licht: 0","144019","3","3","5","10","09","4","1","0","0","1","0","0"
"POINT (13.248295219000056 52.419843429000082)","Unfall 144020 (2020) Kat:2, Licht: 0","144020","2","2","5","10","12","7","0","0","1","1","0","0"
"POINT (13.422101686000076 52.499041718000058)","Unfall 144021 (2020) Kat:3, Licht: 2","144021","3","2","5","10","18","7","0","2","1","1","0","0"
"POINT (13.491733999000076 52.534198830000037)","Unfall 144022 (2020) Kat:2, Licht: 0","144022","2","2","5","10","07","4","1","0","0","1","0","0"
"POINT (13.422180714000035 52.555079888000080)","Unfall 144023 (2020) Kat:3, Licht: 0","144023","3","4","6","10","14","6","0","0","0","1","1","0"
"POINT (13.353239766000058 52.531626528000061)","Unfall 144024 (2020) Kat:3, Licht: 0","144024","3","1","0","10","08","6","0","0","1","0","0","0"
"POINT (13.393806689000030 52.541204507000032)","Unfall 144025 (2020) Kat:3, Licht: 0","144025","3","1","0","10","14","6","0","0","0","0","0","1"
"POINT (13.359218806000058 52.509873587000072)","Unfall 144026 (2020) Kat:3, Licht: 2","144026","3","1","8","10","23","3","0","2","1","0","0","0"
"POINT (13.379328798000074 52.540492744000062)","Unfall 144027 (2020) Kat:2, Licht: 0","144027","2","3","5","10","09","6","0","0","1","1","0","0"
"POINT (13.299002449000056 52.490733322000040)","Unfall 144028 (2020) Kat:3, Licht: 0","144028","3","7","5","10","12","5","1","0","1","1","0","0"
"POINT (13.433443387000068 52.509897171000034)","Unfall 144029 (2020) Kat:3, Licht: 2","144029","3","6","3","10","19","1","1","2","0","1","0","1"
"POINT (13.458826744000021 52.511497155000029)","Unfall 144030 (2020) Kat:3, Licht: 0","144030","3","3","5","10","16","1","1","0","0","1","0","0"
"POINT (13.387509966000039 52.555765588000042)","Unfall 144031 (2020) Kat:3, Licht: 0","144031","3","7","5","10","11","3","0","0","1","1","0","0"
"POINT (13.386494870000035 52.558623164000039)","Unfall 144032 (2020) Kat:3, Licht: 1","144032","3","7","6","10","16","6","0","1","1","0","1","0"
"POINT (13.402437953000060 52.439687139000057)","Unfall 144033 (2020) Kat:3, Licht: 0","144033","3","3","5","10","13","5","1","0","0","1","0","0"
"POINT (13.355306930000040 52.562117687000068)","Unfall 144034 (2020) Kat:2, Licht: 1","144034","2","7","6","10","18","2","0","1","0","1","1","0"
"POINT (13.437587255000039 52.482854322000037)","Unfall 144035 (2020) Kat:3, Licht: 2","144035","3","5","1","10","00","2","0","2","1","1","0","0"
"POINT (13.427707946000055 52.553892141000063)","Unfall 144036 (2020) Kat:3, Licht: 0","144036","3","3","5","10","14","6","0","0","1","1","0","0"
"POINT (13.436031945000025 52.480978855000046)","Unfall 144037 (2020) Kat:3, Licht: 0","144037","3","5","1","10","08","4","1","0","1","1","0","0"
"POINT (13.541242769000064 52.435359773000073)","Unfall 144038 (2020) Kat:3, Licht: 0","144038","3","3","5","10","08","4","1","0","0","1","0","0"
"POINT (13.438393260000055 52.452692402000082)","Unfall 144039 (2020) Kat:3, Licht: 1","144039","3","3","5","10","06","6","1","1","0","1","0","0"
"POINT (13.136989570000026 52.528540817000078)","Unfall 144040 (2020) Kat:2, Licht: 2","144040","2","1","1","10","02","7","1","2","0","1","0","1"
"POINT (13.496561824000025 52.515782541000078)","Unfall 144041 (2020) Kat:2, Licht: 0","144041","2","3","5","10","15","7","0","0","0","1","0","0"
"POINT (13.519492135000064 52.519436323000036)","Unfall 144042 (2020) Kat:3, Licht: 0","144042","3","3","5","10","14","3","0","0","0","1","0","0"
"POINT (13.362438364000070 52.494034027000055)","Unfall 144043 (2020) Kat:3, Licht: 0","144043","3","3","5","10","14","6","0","0","0","1","0","1"
"POINT (13.458698369000047 52.506586319000064)","Unfall 144044 (2020) Kat:3, Licht: 2","144044","3","2","6","10","07","6","1","2","0","1","1","0"
"POINT (13.479014075000066 52.471284039000068)","Unfall 144045 (2020) Kat:3, Licht: 0","144045","3","3","6","10","09","3","0","0","0","1","1","0"
"POINT (13.367849131000071 52.526106678000076)","Unfall 144046 (2020) Kat:3, Licht: 0","144046","3","2","5","10","15","6","1","0","0","1","0","0"
"POINT (13.458696400000065 52.513671078000073)","Unfall 144047 (2020) Kat:3, Licht: 0","144047","3","6","2","10","10","5","1","0","0","1","0","1"
"POINT (13.505879885000070 52.572617698000045)","Unfall 144048 (2020) Kat:3, Licht: 0","144048","3","3","5","10","10","1","0","0","0","1","0","1"
"POINT (13.322314143000028 52.458448338000039)","Unfall 144049 (2020) Kat:3, Licht: 0","144049","3","6","2","10","17","1","0","0","0","1","0","1"
"POINT (13.169088547000058 52.533452580000073)","Unfall 144050 (2020) Kat:2, Licht: 0","144050","2","7","2","10","14","4","1","0","0","1","0","0"
"POINT (13.434620919000054 52.450912649000031)","Unfall 144051 (2020) Kat:3, Licht: 1","144051","3","2","5","10","06","6","1","1","1","1","0","0"
"POINT (13.308328255000049 52.467709846000048)","Unfall 144052 (2020) Kat:3, Licht: 0","144052","3","1","0","10","09","6","0","0","1","0","0","0"
"POINT (13.285113273000036 52.595500406000042)","Unfall 144053 (2020) Kat:3, Licht: 0","144053","3","6","2","10","15","4","1","0","0","1","0","0"
"POINT (13.359468830000026 52.523292217000062)","Unfall 144054 (2020) Kat:2, Licht: 2","144054","2","2","5","10","05","6","1","2","1","1","0","0"
"POINT (13.143354546000069 52.539611704000038)","Unfall 144055 (2020) Kat:3, Licht: 0","144055","3","1","8","10","12","7","0","0","0","1","0","0"
"POINT (13.300048547000074 52.480594468000049)","Unfall 144056 (2020) Kat:3, Licht: 1","144056","3","7","5","10","18","6","1","1","0","1","0","0"
"POINT (13.429245202000061 52.510545694000029)","Unfall 144057 (2020) Kat:3, Licht: 0","144057","3","6","2","10","13","3","0","0","0","1","0","0"
"POINT (13.346256717000074 52.501030009000033)","Unfall 144058 (2020) Kat:3, Licht: 2","144058","3","2","5","10","05","6","1","2","0","1","0","0"
"POINT (13.422474652000062 52.559809540000060)","Unfall 144059 (2020) Kat:2, Licht: 1","144059","2","3","5","10","19","6","1","1","0","1","0","0"
"POINT (13.414051226000026 52.500402845000053)","Unfall 144060 (2020) Kat:2, Licht: 2","144060","2","3","5","10","23","2","0","2","0","1","0","1"
"POINT (13.386285035000071 52.558612256000060)","Unfall 144061 (2020) Kat:3, Licht: 0","144061","3","2","5","10","15","6","0","0","1","0","0","0"
"POINT (13.461383126000044 52.471318389000032)","Unfall 144062 (2020) Kat:3, Licht: 2","144062","3","1","9","10","05","5","1","2","0","1","0","0"
"POINT (13.426881422000065 52.511737858000060)","Unfall 144063 (2020) Kat:3, Licht: 0","144063","3","2","2","10","14","1","1","0","0","1","0","1"
"POINT (13.369396079000069 52.535153983000043)","Unfall 144064 (2020) Kat:3, Licht: 2","144064","3","5","0","10","20","1","0","2","1","1","0","0"
"POINT (13.440833406000024 52.517751532000034)","Unfall 144065 (2020) Kat:3, Licht: 1","144065","3","1","0","10","17","4","1","1","0","0","0","1"
"POINT (13.575451145000045 52.487141136000048)","Unfall 144066 (2020) Kat:3, Licht: 0","144066","3","7","6","10","14","5","0","0","0","1","1","0"
"POINT (13.334124311000039 52.595599034000031)","Unfall 144067 (2020) Kat:3, Licht: 0","144067","3","4","6","10","13","6","1","0","0","1","1","0"
"POINT (13.389592412000070 52.496066032000044)","Unfall 144068 (2020) Kat:3, Licht: 0","144068","3","3","5","10","15","6","0","0","1","1","0","0"
"POINT (13.373789422000073 52.445067672000050)","Unfall 144069 (2020) Kat:3, Licht: 2","144069","3","2","5","10","19","3","0","2","1","1","0","0"
"POINT (13.582946182000057 52.549216186000081)","Unfall 144070 (2020) Kat:3, Licht: 1","144070","3","4","6","10","17","5","1","1","0","0","1","0"
"POINT (13.466095032000055 52.499995922000039)","Unfall 144071 (2020) Kat:3, Licht: 0","144071","3","2","5","10","14","5","1","0","1","1","0","0"
"POINT (13.377206838000063 52.538847946000033)","Unfall 144072 (2020) Kat:3, Licht: 0","144072","3","5","1","10","12","2","1","0","1","1","0","0"
"POINT (13.346215505000032 52.501007497000046)","Unfall 144073 (2020) Kat:2, Licht: 0","144073","2","2","5","10","13","2","0","0","0","1","0","1"
"POINT (13.343165096000064 52.439780744000075)","Unfall 144074 (2020) Kat:3, Licht: 0","144074","3","6","2","10","17","3","0","0","0","1","0","0"
"POINT (13.430089742000064 52.469619941000076)","Unfall 144075 (2020) Kat:3, Licht: 2","144075","3","6","2","10","18","5","1","2","0","1","0","0"
"POINT (13.600444821000053 52.476383891000069)","Unfall 144076 (2020) Kat:3, Licht: 2","144076","3","2","5","10","19","5","1","2","0","1","0","0"
"POINT (13.304296329000067 52.503601542000069)","Unfall 144077 (2020) Kat:3, Licht: 0","144077","3","2","5","10","15","2","0","0","0","1","0","1"
"POINT (13.402352439000026 52.386683902000073)","Unfall 144078 (2020) Kat:3, Licht: 0","144078","3","4","6","10","13","7","0","0","0","1","1","0"
"POINT (13.368144172000029 52.550049907000073)","Unfall 144079 (2020) Kat:3, Licht: 0","144079","3","7","5","10","16","7","0","0","1","1","0","0"
"POINT (13.169887916000050 52.518574318000049)","Unfall 144080 (2020) Kat:2, Licht: 1","144080","2","2","5","10","18","4","1","1","0","1","0","1"
"POINT (13.593064892000029 52.451605604000065)","Unfall 144081 (2020) Kat:3, Licht: 0","144081","3","2","5","10","09","5","0","0","1","1","0","0"
"POINT (13.325354197000024 52.461618910000027)","Unfall 144082 (2020) Kat:3, Licht: 0","144082","3","6","2","10","10","6","0","0","1","0","0","0"
"POINT (13.452030569000044 52.510688566000056)","Unfall 144083 (2020) Kat:3, Licht: 0","144083","3","2","5","10","15","6","0","0","1","1","0","0"
"POINT (13.592546235000043 52.547439831000077)","Unfall 144084 (2020) Kat:3, Licht: 0","144084","3","2","5","10","15","3","0","0","1","1","0","0"
"POINT (13.365390962000049 52.557109198000035)","Unfall 144085 (2020) Kat:3, Licht: 0","144085","3","2","5","10","17","6","0","0","1","1","0","0"
"POINT (13.582413293000059 52.442456142000026)","Unfall 144086 (2020) Kat:2, Licht: 0","144086","2","3","5","10","12","5","0","0","0","1","0","0"
"POINT (13.442279853000059 52.546621047000031)","Unfall 144087 (2020) Kat:3, Licht: 0","144087","3","3","5","10","17","2","0","0","1","1","0","0"
"POINT (13.427222148000055 52.491438676000030)","Unfall 144088 (2020) Kat:3, Licht: 0","144088","3","5","1","10","12","2","0","0","1","1","0","0"
"POINT (13.592174523000040 52.447183993000067)","Unfall 144089 (2020) Kat:2, Licht: 0","144089","2","2","5","10","17","6","0","0","1","0","0","0"
"POINT (13.406618925000032 52.488916899000060)","Unfall 144090 (2020) Kat:3, Licht: 2","144090","3","5","1","10","01","5","1","2","0","1","0","0"