WKT,Name,OBJECTID,UKATEGORIE,UTYP1,UART,UMONAT,USTUNDE,UWOCHENTAG,STRZUSTAND,ULICHTVERH,ISTRAD,ISTPKW,ISTFUSS,ISTKRAD
"POINT (13.270652265000024 52.451031322000063)","Unfall 144091 (2020) Kat:3, Licht: 0","144091","3","6","3","10","09","4","1","0","0","1","0","0"
"POINT (13.402187635000075 52.439707711000040)","Unfall 144092 (2020) Kat:3, Licht: 0","144092","3","3","0","10","16","7","0","0","0","1","0","1"
"POINT (13.353777996000076 52.549522274000026)","Unfall 144093 (2020) Kat:3, Licht: 0","144093","3","6","2","10","17","7","0","0","1","1","0","0"
"POINT (13.278262530000063 52.548498169000027)","Unfall 144094 (2020) Kat:3, Licht: 0","144094","3","6","2","10","07","4","1","0","0","1","0","0"
"POINT (13.419877034000024 52.532061752000061)","Unfall 144095 (2020) Kat:3, Licht: 0","144095","3","6","0","10","09","5","1","0","0","1","0","1"
"POINT (13.421413987000051 52.465688148000027)","Unfall 144096 (2020) Kat:3, Licht: 0","144096","3","6","2","10","11","4","1","0","0","1","0","0"
"POINT (13.430141105000075 52.544724958000074)","Unfall 144097 (2020) Kat:3, Licht: 2","144097","3","6","2","10","19","7","0","2","0","1","0","1"
"POINT (13.360177500000077 52.537249789000043)","Unfall 144098 (2020) Kat:3, Licht: 0","144098","3","2","5","10","11","7","0","0","1","1","0","0"
"POINT (13.361099787000057 52.554987832000052)","Unfall 144099 (2020) Kat:3, Licht: 2","144099","3","1","2","10","19","4","1","2","0","1","0","0"
"POINT (13.298676977000071 52.498350992000042)","Unfall 144100 (2020) Kat:3, Licht: 0","144100","3","7","6","10","10","5","0","0","0","1","1","0"
"POINT (13.473260093000022 52.522991502000082)","Unfall 144101 (2020) Kat:2, Licht: 0","144101","2","3","5","10","09","6","0","0","1","1","0","0"
"POINT (13.453873353000063 52.482533851000028)","Unfall 144102 (2020) Kat:3, Licht: 0","144102","3","3","5","10","15","6","0","0","0","1","0","1"
"POINT (13.361574735000033 52.548013545000060)","Unfall 144103 (2020) Kat:3, Licht: 0","144103","3","1","0","10","14","3","0","0","0","0","0","1"
"POINT (13.514259319000075 52.535271689000069)","Unfall 144104 (2020) Kat:3, Licht: 0","144104","3","2","5","10","13","5","1","0","0","1","0","0"
"POINT (13.475765065000076 52.431200723000075)","Unfall 144105 (2020) Kat:3, Licht: 2","144105","3","6","3","10","20","2","0","2","0","1","0","0"
"POINT (13.472480023000060 52.454336574000081)","Unfall 144106 (2020) Kat:2, Licht: 2","144106","2","2","5","10","22","1","0","2","0","1","0","1"
"POINT (13.474794882000026 52.492955057000074)","Unfall 144107 (2020) Kat:3, Licht: 0","144107","3","3","5","10","15","5","1","0","1","0","0","1"
"POINT (13.467109042000061 52.468468579000046)","Unfall 144108 (2020) Kat:3, Licht: 0","144108","3","3","5","10","15","4","1","0","0","1","0","0"
"POINT (13.553387309000072 52.427379691000056)","Unfall 144109 (2020) Kat:3, Licht: 1","144109","3","3","5","10","18","5","1","1","1","1","0","0"
"POINT (13.434880736000025 52.461442979000026)","Unfall 144110 (2020) Kat:3, Licht: 0","144110","3","6","2","10","11","7","0","0","0","1","0","0"
"POINT (13.395507646000056 52.413053639000054)","Unfall 144111 (2020) Kat:3, Licht: 0","144111","3","3","5","10","15","7","0","0","0","1","0","0"
"POINT (13.488350139000033 52.502133295000078)","Unfall 144112 (2020) Kat:3, Licht: 0","144112","3","2","5","10","14","3","0","0","1","1","0","0"
"POINT (13.200406405000024 52.536583907000079)","Unfall 144113 (2020) Kat:3, Licht: 0","144113","3","2","5","10","17","5","1","0","0","1","0","0"
"POINT (13.461490912000045 52.520039412000074)","Unfall 144114 (2020) Kat:3, Licht: 1","144114","3","1","0","10","19","6","1","1","0","0","0","1"
"POINT (13.571796922000033 52.451112917000046)","Unfall 144115 (2020) Kat:3, Licht: 0","144115","3","6","3","10","16","2","1","0","0","1","0","0"
"POINT (13.268902841000056 52.490733958000078)","Unfall 144116 (2020) Kat:2, Licht: 0","144116","2","6","4","10","17","6","1","0","1","0","0","0"
"POINT (13.500711339000077 52.505437390000054)","Unfall 144117 (2020) Kat:3, Licht: 0","144117","3","1","1","10","10","5","1","0","0","1","0","0"
"POINT (13.288236814000072 52.588859542000080)","Unfall 144118 (2020) Kat:3, Licht: 0","144118","3","3","5","10","17","5","1","0","1","1","0","0"
"POINT (13.366391545000056 52.553506304000052)","Unfall 144119 (2020) Kat:3, Licht: 0","144119","3","2","5","10","08","6","0","0","1","1","0","0"
"POINT (13.447488231000023 52.595436936000056)","Unfall 144120 (2020) Kat:3, Licht: 0","144120","3","3","0","10","10","3","0","0","1","0","0","0"
"POINT (13.271388703000071 52.509875576000070)","Unfall 144121 (2020) Kat:3, Licht: 0","144121","3","3","5","10","11","5","1","0","1","1","0","0"
"POINT (13.197470985000052 52.535074942000051)","Unfall 144122 (2020) Kat:3, Licht: 2","144122","3","6","0","10","19","1","1","2","0","1","0","1"
"POINT (13.328210862000049 52.562444819000063)","Unfall 144123 (2020) Kat:3, Licht: 0","144123","3","4","6","10","10","1","0","0","0","0","1","0"
"POINT (13.281588921000036 52.510668983000073)","Unfall 144124 (2020) Kat:3, Licht: 0","144124","3","6","2","10","17","4","1","0","0","1","0","0"
"POINT (13.452022005000060 52.527476753000030)","Unfall 144125 (2020) Kat:3, Licht: 0","144125","3","6","3","10","16","5","1","0","1","1","0","0"
"POINT (13.412686064000070 52.492094302000055)","Unfall 144126 (2020) Kat:3, Licht: 0","144126","3","2","0","10","08","6","0","0","1","0","0","0"
"POINT (13.389587103000054 52.531735005000030)","Unfall 144127 (2020) Kat:2, Licht: 1","144127","2","1","0","10","06","6","0","1","1","0","0","0"
"POINT (13.591324711000027 52.534137488000056)","Unfall 144128 (2020) Kat:3, Licht: 2","144128","3","1","0","10","23","3","0","2","1","0","0","0"
"POINT (13.316150223000022 52.441054768000072)","Unfall 144129 (2020) Kat:3, Licht: 0","144129","3","6","0","10","16","5","1","0","0","1","0","1"
"POINT (13.460920782000073 52.611009929000033)","Unfall 144130 (2020) Kat:3, Licht: 0","144130","3","3","0","10","17","5","0","0","1","0","0","0"
"POINT (13.347254165000038 52.553227162000042)","Unfall 144131 (2020) Kat:3, Licht: 1","144131","3","2","5","10","18","2","0","1","1","1","0","0"
"POINT (13.246113617000049 52.434202564000032)","Unfall 144132 (2020) Kat:2, Licht: 0","144132","2","7","0","10","15","1","1","0","0","1","0","0"
"POINT (13.328313978000040 52.442738643000041)","Unfall 144133 (2020) Kat:3, Licht: 0","144133","3","5","1","10","07","1","0","0","0","1","0","0"
"POINT (13.302072154000030 52.507950872000038)","Unfall 144134 (2020) Kat:3, Licht: 1","144134","3","2","2","10","18","4","1","1","0","1","0","1"
"POINT (13.591518804000032 52.541576422000048)","Unfall 144135 (2020) Kat:3, Licht: 0","144135","3","3","5","10","16","5","1","0","1","1","0","0"
"POINT (13.434266686000058 52.442759482000042)","Unfall 144136 (2020) Kat:3, Licht: 0","144136","3","3","5","10","12","1","1","0","0","1","0","0"
"POINT (13.335160113000029 52.525539735000052)","Unfall 144137 (2020) Kat:3, Licht: 0","144137","3","7","2","10","16","1","0","0","1","1","0","0"
"POINT (13.247188537000056 52.542506411000033)","Unfall 144138 (2020) Kat:3, Licht: 0","144138","3","5","1","10","13","4","1","0","0","1","0","0"
"POINT (13.489767918000041 52.467857291000030)","Unfall 144139 (2020) Kat:3, Licht: 0","144139","3","2","5","10","16","5","1","0","0","1","0","1"
"POINT (13.482844581000052 52.416056754000067)","Unfall 144140 (2020) Kat:3, Licht: 0","144140","3","3","5","10","15","6","0","0","0","1","0","0"
"POINT (13.459616442000026 52.512448806000066)","Unfall 144141 (2020) Kat:3, Licht: 2","144141","3","6","3","10","18","3","0","2","1","1","0","0"
"POINT (13.388615430000073 52.518725610000047)","Unfall 144142 (2020) Kat:3, Licht: 0","144142","3","1","0","10","15","5","1","0","1","0","0","0"
"POINT (13.367077680000023 52.552175564000038)","Unfall 144143 (2020) Kat:3, Licht: 0","144143","3","6","2","10","17","5","1","0","0","1","0","0"
"POINT (13.279238844000076 52.536856568000076)","Unfall 144144 (2020) Kat:2, Licht: 0","144144","2","5","3","10","14","2","0","0","1","1","0","0"
"POINT (13.385339537000050 52.550130471000045)","Unfall 144145 (2020) Kat:3, Licht: 0","144145","3","6","2","10","16","2","0","0","0","1","0","0"
"POINT (13.400924111000052 52.520809383000028)","Unfall 144146 (2020) Kat:2, Licht: 1","144146","2","2","4","10","18","6","1","1","1","1","0","0"
"POINT (13.379780578000066 52.521714336000059)","Unfall 144147 (2020) Kat:3, Licht: 0","144147","3","2","5","10","10","4","1","0","1","1","0","0"
"POINT (13.399914945000035 52.498416493000036)","Unfall 144148 (2020) Kat:3, Licht: 2","144148","3","6","2","10","23","7","0","2","0","1","0","0"
"POINT (13.457917721000058 52.528819195000040)","Unfall 144149 (2020) Kat:3, Licht: 0","144149","3","7","0","10","13","7","0","0","0","1","0","1"
"POINT (13.555372453000075 52.541202334000047)","Unfall 144150 (2020) Kat:3, Licht: 2","144150","3","2","6","10","21","4","1","2","0","1","1","0"
"POINT (13.331149484000036 52.591529696000066)","Unfall 144151 (2020) Kat:2, Licht: 0","144151","2","3","5","10","15","5","0","0","1","1","0","0"
"POINT (13.336985675000051 52.602161391000038)","Unfall 144152 (2020) Kat:3, Licht: 0","144152","3","1","0","10","12","6","1","0","0","0","0","1"
"POINT (13.180307608000021 52.492133894000062)","Unfall 144153 (2020) Kat:3, Licht: 0","144153","3","1","0","10","14","6","1","0","1","0","0","0"
"POINT (13.346824977000040 52.596947375000070)","Unfall 144154 (2020) Kat:3, Licht: 0","144154","3","3","5","10","15","3","0","0","1","1","0","0"
"POINT (13.311092647000066 52.569365839000056)","Unfall 144155 (2020) Kat:3, Licht: 0","144155","3","4","6","10","15","5","1","0","0","1","1","0"
"POINT (13.401841504000060 52.529016159000037)","Unfall 144156 (2020) Kat:2, Licht: 0","144156","2","4","6","10","13","6","1","0","0","1","1","0"
"POINT (13.199436840000033 52.534684840000068)","Unfall 144157 (2020) Kat:3, Licht: 2","144157","3","6","2","10","20","6","1","2","0","1","0","0"
"POINT (13.460399902000063 52.529356888000052)","Unfall 144158 (2020) Kat:3, Licht: 0","144158","3","6","2","10","15","3","0","0","0","1","0","0"
"POINT (13.407404137000071 52.504582184000071)","Unfall 144159 (2020) Kat:3, Licht: 1","144159","3","4","0","10","17","5","1","1","1","0","1","0"
"POINT (13.500931911000066 52.435437568000054)","Unfall 144160 (2020) Kat:3, Licht: 0","144160","3","6","2","10","11","2","0","0","0","1","0","1"
"POINT (13.475967574000038 52.440304076000075)","Unfall 144161 (2020) Kat:1, Licht: 0","144161","1","4","6","10","11","2","0","0","0","0","1","0"
"POINT (13.443348829000058 52.511958751000066)","Unfall 144162 (2020) Kat:3, Licht: 0","144162","3","2","5","10","09","5","1","0","1","1","0","0"
"POINT (13.247978793000073 52.536477773000058)","Unfall 144163 (2020) Kat:2, Licht: 0","144163","2","3","0","10","09","4","1","0","1","1","0","0"
"POINT (13.345272603000069 52.554364089000046)","Unfall 144164 (2020) Kat:3, Licht: 2","144164","3","3","5","10","19","7","0","2","0","1","0","0"
"POINT (13.427105162000032 52.482181223000055)","Unfall 144165 (2020) Kat:3, Licht: 0","144165","3","7","2","10","16","7","0","0","0","1","0","0"
"POINT (13.570497807000038 52.403841491000037)","Unfall 144166 (2020) Kat:3, Licht: 1","144166","3","2","6","10","07","4","1","1","0","1","1","0"
"POINT (13.562719795000021 52.446122900000034)","Unfall 144167 (2020) Kat:3, Licht: 0","144167","3","2","6","10","09","5","0","0","0","1","1","0"
"POINT (13.357958838000059 52.596781639000028)","Unfall 144168 (2020) Kat:3, Licht: 0","144168","3","5","1","10","09","6","0","0","0","1","0","0"
"POINT (13.303214009000044 52.494027970000047)","Unfall 144169 (2020) Kat:3, Licht: 2","144169","3","1","1","10","20","6","1","2","0","1","0","0"
"POINT (13.319056758000045 52.471412097000041)","Unfall 144170 (2020) Kat:3, Licht: 0","144170","3","1","0","10","11","3","0","0","0","0","0","1"
"POINT (13.575263567000036 52.453837913000029)","Unfall 144171 (2020) Kat:3, Licht: 0","144171","3","1","0","10","13","5","1","0","1","0","0","0"
"POINT (13.366308016000062 52.495278596000048)","Unfall 144172 (2020) Kat:3, Licht: 2","144172","3","3","5","10","18","1","1","2","0","1","0","0"
"POINT (13.249743487000046 52.523888964000037)","Unfall 144173 (2020) Kat:3, Licht: 2","144173","3","6","2","10","18","1","0","2","0","1","0","0"
"POINT (13.393765978000033 52.528584742000078)","Unfall 144174 (2020) Kat:3, Licht: 0","144174","3","3","5","10","15","4","1","0","1","0","0","1"
"POINT (13.404678851000028 52.525633218000053)","Unfall 144175 (2020) Kat:2, Licht: 0","144175","2","5","1","10","15","5","1","0","1","1","0","0"
"POINT (13.289972359000046 52.488869103000070)","Unfall 144176 (2020) Kat:3, Licht: 0","144176","3","2","5","10","11","7","0","0","1","1","0","0"
"POINT (13.485003004000077 52.533452615000044)","Unfall 144177 (2020) Kat:2, Licht: 2","144177","2","2","5","10","23","6","1","2","1","1","0","0"
"POINT (13.196595538000054 52.523612653000043)","Unfall 144178 (2020) Kat:3, Licht: 1","144178","3","4","6","10","17","2","0","1","0","1","1","0"
"POINT (13.438669950000076 52.523824185000080)","Unfall 144179 (2020) Kat:3, Licht: 2","144179","3","6","2","10","05","2","0","2","0","1","0","0"
"POINT (13.328585378000071 52.473332548000030)","Unfall 144180 (2020) Kat:3, Licht: 0","144180","3","2","5","10","14","5","0","0","1","1","0","0"
"POINT (13.353570369000067 52.499274658000047)","Unfall 144181 (2020) Kat:3, Licht: 0","144181","3","6","2","10","16","4","0","0","0","1","0","0"
"POINT (13.296274059000041 52.508918810000068)","Unfall 144182 (2020) Kat:3, Licht: 0","144182","3","1","8","10","08","4","1","0","0","1","0","0"
"POINT (13.428845182000032 52.547738819000074)","Unfall 144183 (2020) Kat:3, Licht: 0","144183","3","2","5","10","09","5","0","0","1","1","0","0"
"POINT (13.231504923000045 52.539023031000056)","Unfall 144184 (2020) Kat:3, Licht: 2","144184","3","4","6","10","23","7","0","2","0","1","1","0"
"POINT (13.208506372000045 52.546373438000046)","Unfall 144185 (2020) Kat:3, Licht: 0","144185","3","7","6","10","16","7","0","0","0","0","1","0"
"POINT (13.394376111000042 52.547252473000071)","Unfall 144186 (2020) Kat:3, Licht: 0","144186","3","6","4","10","14","3","0","0","1","0","0","0"
"POINT (13.280811813000071 52.518518444000051)","Unfall 144187 (2020) Kat:3, Licht: 0","144187","3","6","2","10","11","5","0","0","0","1","0","0"
"POINT (13.591736582000067 52.544979411000043)","Unfall 144188 (2020) Kat:2, Licht: 0","144188","2","2","5","10","08","6","0","0","1","0","0","0"
"POINT (13.185161465000022 52.424483123000073)","Unfall 144189 (2020) Kat:3, Licht: 0","144189","3","5","1","10","08","3","0","0","0","1","0","0"
"POINT (13.183025932000021 52.545613196000033)","Unfall 144190 (2020) Kat:3, Licht: 0","144190","3","7","6","10","10","5","1","0","0","1","1","0"
"POINT (13.462991791000036 52.584063492000041)","Unfall 144191 (2020) Kat:3, Licht: 2","144191","3","7","9","10","00","1","0","2","0","0","0","0"
"POINT (13.403364564000071 52.508384976000059)","Unfall 144192 (2020) Kat:3, Licht: 0","144192","3","5","1","10","08","1","0","0","1","1","0","0"
"POINT (13.253841487000045 52.537761693000050)","Unfall 144193 (2020) Kat:3, Licht: 1","144193","3","6","2","10","14","4","1","1","0","1","0","0"
"POINT (13.278875179000067 52.430849589000047)","Unfall 144194 (2020) Kat:3, Licht: 0","144194","3","6","2","10","11","5","0","0","0","1","0","0"
"POINT (13.148802703000058 52.554280446000064)","Unfall 144195 (2020) Kat:2, Licht: 0","144195","2","1","8","10","17","6","1","0","0","1","0","0"
"POINT (13.475224080000032 52.501476265000065)","Unfall 144196 (2020) Kat:3, Licht: 2","144196","3","3","5","10","20","3","0","2","1","1","0","0"
"POINT (13.508344620000059 52.472327350000057)","Unfall 144197 (2020) Kat:3, Licht: 0","144197","3","3","5","10","10","5","0","0","1","1","0","0"
"POINT (13.539076144000035 52.436825116000080)","Unfall 144198 (2020) Kat:3, Licht: 0","144198","3","6","2","10","07","5","0","0","0","1","0","0"
"POINT (13.601135103000047 52.481084645000067)","Unfall 144199 (2020) Kat:3, Licht: 0","144199","3","4","6","10","13","3","0","0","0","1","1","0"
"POINT (13.280159952000076 52.518480405000048)","Unfall 144200 (2020) Kat:3, Licht: 0","144200","3","3","5","10","10","5","0","0","0","1","0","0"
"POINT (13.380549893000023 52.546287051000036)","Unfall 144201 (2020) Kat:2, Licht: 2","144201","2","1","8","10","03","6","1","2","0","1","0","1"
"POINT (13.313006305000044 52.500101874000052)","Unfall 144202 (2020) Kat:3, Licht: 2","144202","3","1","9","10","00","2","1","2","0","1","0","0"
"POINT (13.326825329000030 52.563197734000028)","Unfall 144203 (2020) Kat:3, Licht: 0","144203","3","2","5","10","08","5","1","0","1","0","0","0"
"POINT (13.394611638000072 52.504559586000028)","Unfall 144204 (2020) Kat:3, Licht: 0","144204","3","3","5","10","14","1","1","0","0","1","0","0"
"POINT (13.280476808000060 52.506493619000082)","Unfall 144205 (2020) Kat:2, Licht: 2","144205","2","3","5","10","00","1","0","2","0","1","0","0"
"POINT (13.572107104000054 52.546365682000044)","Unfall 144206 (2020) Kat:3, Licht: 2","144206","3","6","2","10","17","4","1","2","0","1","0","0"
"POINT (13.434328614000037 52.424676786000077)","Unfall 144207 (2020) Kat:3, Licht: 0","144207","3","7","5","10","10","5","0","0","1","1","0","0"
"POINT (13.329822907000050 52.524211769000033)","Unfall 144208 (2020) Kat:3, Licht: 0","144208","3","5","5","10","14","6","0","0","0","1","0","1"
"POINT (13.412147291000053 52.531211129000042)","Unfall 144209 (2020) Kat:3, Licht: 2","144209","3","2","6","10","19","3","0","2","0","1","1","0"
"POINT (13.339258105000056 52.525849780000044)","Unfall 144210 (2020) Kat:3, Licht: 0","144210","3","2","5","10","09","5","0","0","1","1","0","0"
"POINT (13.400134756000057 52.509533469000075)","Unfall 144211 (2020) Kat:3, Licht: 0","144211","3","2","5","10","15","5","1","0","1","0","0","0"
"POINT (13.444655621000038 52.426196503000028)","Unfall 144212 (2020) Kat:3, Licht: 0","144212","3","6","3","10","14","2","0","0","0","1","0","0"
"POINT (13.356379762000074 52.552481141000044)","Unfall 144213 (2020) Kat:3, Licht: 0","144213","3","2","5","10","15","2","0","0","1","0","0","0"
"POINT (13.452676201000031 52.534022963000041)","Unfall 144214 (2020) Kat:3, Licht: 0","144214","3","4","6","10","11","4","1","0","0","1","1","0"
"POINT (13.475416729000074 52.475844978000055)","Unfall 144215 (2020) Kat:3, Licht: 2","144215","3","6","2","10","19","7","0","2","0","1","0","1"
"POINT (13.397327725000025 52.495535111000038)","Unfall 144216 (2020) Kat:3, Licht: 0","144216","3","6","2","10","12","7","0","0","0","1","0","1"
"POINT (13.302166778000071 52.426788083000076)","Unfall 144217 (2020) Kat:3, Licht: 0","144217","3","5","1","10","16","2","0","0","1","1","0","0"
"POINT (13.434455148000040 52.465988286000027)","Unfall 144218 (2020) Kat:3, Licht: 0","144218","3","3","5","10","13","7","0","0","0","1","0","0"
"POINT (13.176452179000023 52.543697050000048)","Unfall 144219 (2020) Kat:3, Licht: 0","144219","3","1","0","10","16","7","0","0","0","0","0","0"
"POINT (13.379003393000062 52.550672687000031)","Unfall 144220 (2020) Kat:3, Licht: 1","144220","3","6","2","10","18","4","1","1","0","1","0","0"
"POINT (13.574251475000040 52.413944509000032)","Unfall 144221 (2020) Kat:3, Licht: 0","144221","3","2","5","10","09","5","0","0","1","1","0","0"
"POINT (13.409164667000027 52.501775534000046)","Unfall 144222 (2020) Kat:3, Licht: 0","144222","3","6","3","10","11","6","0","0","0","1","0","1"
"POINT (13.377774043000045 52.452620319000061)","Unfall 144223 (2020) Kat:3, Licht: 2","144223","3","5","1","10","23","6","1","2","1","1","0","0"
"POINT (13.473547711000037 52.536198365000075)","Unfall 144224 (2020) Kat:3, Licht: 0","144224","3","2","5","10","15","3","0","0","1","1","0","0"
"POINT (13.394992780000052 52.503146140000069)","Unfall 144225 (2020) Kat:3, Licht: 1","144225","3","3","5","10","18","6","1","1","1","1","0","0"
"POINT (13.427689560000033 52.474247847000072)","Unfall 144226 (2020) Kat:3, Licht: 2","144226","3","6","2","10","23","5","1","2","0","1","0","0"
"POINT (13.520495061000076 52.569102430000044)","Unfall 144227 (2020) Kat:3, Licht: 0","144227","3","6","2","10","17","2","0","0","0","1","0","0"
"POINT (13.373107503000028 52.424866511000062)","Unfall 144228 (2020) Kat:3, Licht: 0","144228","3","4","6","10","08","2","0","0","0","1","1","0"
"POINT (13.286689582000065 52.518692898000040)","Unfall 144229 (2020) Kat:3, Licht: 1","144229","3","3","5","10","18","6","1","1","1","1","0","0"
"POINT (13.498654070000043 52.538367622000067)","Unfall 144230 (2020) Kat:3, Licht: 2","144230","3","3","5","10","06","5","1","2","1","1","0","0"
"POINT (13.407677020000051 52.539333028000044)","Unfall 144231 (2020) Kat:3, Licht: 0","144231","3","2","0","10","09","4","1","0","1","0","0","1"
"POINT (13.488898372000051 52.467086923000068)","Unfall 144232 (2020) Kat:3, Licht: 1","144232","3","6","2","10","18","7","0","1","0","0","0","1"
"POINT (13.382048874000077 52.514037010000038)","Unfall 144233 (2020) Kat:3, Licht: 0","144233","3","6","3","10","17","7","0","0","0","1","0","1"
"POINT (13.392332243000055 52.528229639000074)","Unfall 144234 (2020) Kat:2, Licht: 0","144234","2","4","6","10","07","4","0","0","1","0","1","0"
"POINT (13.416971469000032 52.516329627000061)","Unfall 144235 (2020) Kat:3, Licht: 0","144235","3","3","5","10","09","5","0","0","1","0","0","0"
"POINT (13.342318799000054 52.524178820000031)","Unfall 144236 (2020) Kat:3, Licht: 0","144236","3","2","5","10","08","6","0","0","1","1","0","0"
"POINT (13.375731345000077 52.467724336000060)","Unfall 144237 (2020) Kat:3, Licht: 0","144237","3","6","3","10","11","3","0","0","0","1","0","0"
"POINT (13.550748066000040 52.428932910000071)","Unfall 144238 (2020) Kat:3, Licht: 0","144238","3","2","5","10","08","2","1","0","1","1","0","0"
"POINT (13.457817567000063 52.430361499000071)","Unfall 144239 (2020) Kat:3, Licht: 0","144239","3","5","0","10","10","4","1","0","1","1","0","0"
"POINT (13.432485786000029 52.557529632000069)","Unfall 144240 (2020) Kat:3, Licht: 0","144240","3","2","5","10","07","4","0","0","1","1","0","0"
"POINT (13.362010404000046 52.434552079000071)","Unfall 144241 (2020) Kat:3, Licht: 2","144241","3","2","6","10","17","2","0","2","0","1","1","0"
"POINT (13.251801985000043 52.428173608000066)","Unfall 144242 (2020) Kat:3, Licht: 2","144242","3","4","6","10","17","6","1","2","0","1","1","0"
"POINT (13.466786383000056 52.528507353000066)","Unfall 144243 (2020) Kat:3, Licht: 0","144243","3","3","5","10","08","2","1","0","0","1","0","1"
"POINT (13.379941293000059 52.533071436000057)","Unfall 144244 (2020) Kat:3, Licht: 0","144244","3","6","3","10","14","5","1","0","1","1","0","0"
"POINT (13.416360085000065 52.511030211000048)","Unfall 144245 (2020) Kat:3, Licht: 1","144245","3","2","5","10","17","2","1","1","1","1","0","0"
"POINT (13.426452178000034 52.523954399000047)","Unfall 144246 (2020) Kat:3, Licht: 0","144246","3","6","2","10","10","4","1","0","1","1","0","0"
"POINT (13.300946067000041 52.506837532000077)","Unfall 144247 (2020) Kat:3, Licht: 1","144247","3","6","2","10","17","2","0","1","0","1","0","0"
"POINT (13.403488162000031 52.525364274000026)","Unfall 144248 (2020) Kat:3, Licht: 0","144248","3","5","0","10","09","4","1","0","0","1","0","1"
"POINT (13.254843192000067 52.442308679000064)","Unfall 144249 (2020) Kat:3, Licht: 2","144249","3","5","1","10","19","4","1","2","1","1","0","0"
"POINT (13.348924167000064 52.515108608000048)","Unfall 144250 (2020) Kat:3, Licht: 1","144250","3","6","2","10","17","2","1","1","0","1","0","1"
"POINT (13.463839298000039 52.500536334000060)","Unfall 144251 (2020) Kat:3, Licht: 1","144251","3","2","6","10","17","2","1","1","0","1","1","0"
"POINT (13.280887252000070 52.478246584000033)","Unfall 144252 (2020) Kat:3, Licht: 0","144252","3","7","5","10","07","4","1","0","0","1","0","0"
"POINT (13.385601861000055 52.557650370000033)","Unfall 144253 (2020) Kat:3, Licht: 0","144253","3","4","6","10","12","3","0","0","0","1","1","0"
"POINT (13.372926009000025 52.436894143000075)","Unfall 144254 (2020) Kat:3, Licht: 2","144254","3","3","0","10","20","6","1","2","0","1","0","1"
"POINT (13.345119739000040 52.554449231000035)","Unfall 144255 (2020) Kat:3, Licht: 1","144255","3","2","5","10","17","2","1","1","1","1","0","0"
"POINT (13.426945016000047 52.475747754000054)","Unfall 144256 (2020) Kat:3, Licht: 0","144256","3","4","6","10","13","5","1","0","1","0","1","0"
"POINT (13.312791321000077 52.480414461000066)","Unfall 144257 (2020) Kat:3, Licht: 0","144257","3","2","5","10","15","5","0","0","0","1","0","0"
"POINT (13.165398196000069 52.551199602000054)","Unfall 144258 (2020) Kat:3, Licht: 1","144258","3","2","5","10","17","2","1","1","0","1","0","0"
"POINT (13.463785785000027 52.454016115000059)","Unfall 144259 (2020) Kat:3, Licht: 0","144259","3","1","0","10","13","5","0","0","0","0","0","1"
"POINT (13.436637229000041 52.423642862000065)","Unfall 144260 (2020) Kat:3, Licht: 0","144260","3","2","5","10","14","2","0","0","0","1","0","0"
"POINT (13.604755944000033 52.536542161000057)","Unfall 144261 (2020) Kat:2, Licht: 0","144261","2","4","6","10","14","2","0","0","0","1","1","0"
"POINT (13.314132948000065 52.490574688000038)","Unfall 144262 (2020) Kat:3, Licht: 0","144262","3","2","6","10","07","4","1","0","0","1","1","0"
"POINT (13.388122472000077 52.499667027000044)","Unfall 144263 (2020) Kat:3, Licht: 0","144263","3","5","1","10","12","4","0","0","1","1","0","0"
"POINT (13.344921626000030 52.437290643000040)","Unfall 144264 (2020) Kat:3, Licht: 0","144264","3","2","5","10","14","2","0","0","0","1","0","0"
"POINT (13.583390085000076 52.451702762000082)","Unfall 144265 (2020) Kat:3, Licht: 0","144265","3","2","5","10","14","2","0","0","1","1","0","0"
"POINT (13.378900835000024 52.556149176000076)","Unfall 144266 (2020) Kat:3, Licht: 1","144266","3","6","2","10","07","4","1","1","0","1","0","0"
"POINT (13.376865142000042 52.517760252000073)","Unfall 144267 (2020) Kat:3, Licht: 2","144267","3","2","6","10","17","3","0","2","0","1","1","0"
"POINT (13.446670344000040 52.502577975000065)","Unfall 144268 (2020) Kat:3, Licht: 1","144268","3","2","6","10","06","6","1","1","0","0","1","0"
"POINT (13.434942258000035 52.553544496000029)","Unfall 144269 (2020) Kat:3, Licht: 0","144269","3","6","3","10","13","2","0","0","0","1","0","0"
"POINT (13.386674597000024 52.524828476000039)","Unfall 144270 (2020) Kat:3, Licht: 0","144270","3","5","1","10","10","5","1","0","1","1","0","0"
"POINT (13.366872177000062 52.502818069000057)","Unfall 144271 (2020) Kat:3, Licht: 0","144271","3","2","5","10","08","5","1","0","1","1","0","0"
"POINT (13.405717376000041 52.497236939000061)","Unfall 144272 (2020) Kat:3, Licht: 0","144272","3","7","5","10","15","2","0","0","0","1","0","0"
"POINT (13.324687359000052 52.478739399000062)","Unfall 144273 (2020) Kat:3, Licht: 0","144273","3","6","2","10","12","2","1","0","0","0","0","1"
"POINT (13.460108395000077 52.471781302000068)","Unfall 144274 (2020) Kat:3, Licht: 2","144274","3","1","9","10","06","4","1","2","0","1","0","0"
"POINT (13.420251595000025 52.476758048000079)","Unfall 144275 (2020) Kat:3, Licht: 0","144275","3","3","5","10","14","4","0","0","1","1","0","0"
"POINT (13.507719693000070 52.565594188000034)","Unfall 144276 (2020) Kat:2, Licht: 0","144276","2","4","6","10","13","2","0","0","0","1","1","0"