WKT,Name,OBJECTID,UKATEGORIE,UTYP1,UART,UMONAT,USTUNDE,UWOCHENTAG,STRZUSTAND,ULICHTVERH,ISTRAD,ISTPKW,ISTFUSS,ISTKRAD
"POINT (13.183613965000063 52.513939451000056)","Unfall 144277 (2020) Kat:3, Licht: 2","144277","3","1","0","10","05","6","1","2","0","0","0","1"
"POINT (13.202557047000028 52.540184386000078)","Unfall 144278 (2020) Kat:3, Licht: 0","144278","3","2","3","10","11","2","0","0","0","1","0","1"
"POINT (13.438160370000048 52.467054630000064)","Unfall 144279 (2020) Kat:3, Licht: 2","144279","3","3","0","10","22","3","1","2","1","1","0","0"
"POINT (13.345212143000026 52.554351735000068)","Unfall 144280 (2020) Kat:3, Licht: 2","144280","3","2","2","10","20","3","0","2","0","1","0","0"
"POINT (13.389768681000021 52.574293447000059)","Unfall 144281 (2020) Kat:3, Licht: 0","144281","3","3","5","10","07","2","0","0","1","1","0","0"
"POINT (13.328221793000068 52.609116553000035)","Unfall 144282 (2020) Kat:3, Licht: 0","144282","3","4","6","10","08","3","0","0","0","1","1","0"
"POINT (13.506383073000052 52.453796966000027)","Unfall 144283 (2020) Kat:3, Licht: 0","144283","3","6","2","10","08","4","1","0","1","1","0","0"
"POINT (13.427374493000059 52.552492802000074)","Unfall 144284 (2020) Kat:3, Licht: 0","144284","3","3","5","10","07","2","1","0","1","1","0","0"
"POINT (13.355202487000042 52.518698576000077)","Unfall 144285 (2020) Kat:3, Licht: 2","144285","3","4","6","10","20","3","1","2","1","0","1","0"
"POINT (13.473435698000060 52.535999841000034)","Unfall 144286 (2020) Kat:3, Licht: 1","144286","3","2","5","10","16","3","0","1","1","1","0","0"
"POINT (13.273903668000059 52.509680983000067)","Unfall 144287 (2020) Kat:3, Licht: 0","144287","3","3","5","10","13","6","1","0","0","1","0","0"
"POINT (13.302701254000056 52.450505140000075)","Unfall 144288 (2020) Kat:3, Licht: 0","144288","3","5","1","10","13","1","1","0","1","1","0","0"
"POINT (13.426349492000043 52.575973303000069)","Unfall 144289 (2020) Kat:3, Licht: 0","144289","3","4","6","10","15","5","1","0","0","1","1","0"
"POINT (13.347443230000067 52.507812637000029)","Unfall 144290 (2020) Kat:3, Licht: 1","144290","3","7","6","10","17","1","0","1","1","0","1","0"
"POINT (13.286831448000044 52.495832385000028)","Unfall 144291 (2020) Kat:3, Licht: 0","144291","3","2","5","10","07","5","1","0","0","1","0","0"
"POINT (13.267511312000067 52.481869790000076)","Unfall 144292 (2020) Kat:3, Licht: 0","144292","3","5","1","10","14","1","0","0","1","1","0","0"
"POINT (13.389391753000041 52.495960943000057)","Unfall 144293 (2020) Kat:3, Licht: 2","144293","3","2","5","10","18","1","0","2","1","1","0","0"
"POINT (13.377108650000025 52.556598926000049)","Unfall 144294 (2020) Kat:3, Licht: 2","144294","3","2","2","10","19","3","0","2","1","1","0","0"
"POINT (13.301087246000066 52.522709967000026)","Unfall 144295 (2020) Kat:3, Licht: 1","144295","3","4","6","10","18","4","0","1","0","1","1","0"
"POINT (13.471008661000042 52.613634413000057)","Unfall 144296 (2020) Kat:3, Licht: 0","144296","3","3","5","10","12","2","1","0","0","1","0","0"
"POINT (13.286672471000031 52.518806749000078)","Unfall 144297 (2020) Kat:3, Licht: 1","144297","3","2","5","10","17","6","1","1","0","1","0","0"
"POINT (13.528240478000043 52.556972551000058)","Unfall 144298 (2020) Kat:2, Licht: 0","144298","2","3","5","10","15","1","0","0","0","1","0","0"
"POINT (13.292772371000069 52.506722670000045)","Unfall 144299 (2020) Kat:3, Licht: 1","144299","3","2","0","10","15","5","1","1","1","1","0","0"
"POINT (13.354773630000068 52.429074452000066)","Unfall 144300 (2020) Kat:3, Licht: 0","144300","3","2","5","10","16","1","0","0","1","0","0","0"
"POINT (13.383488222000040 52.503490016000057)","Unfall 144301 (2020) Kat:3, Licht: 2","144301","3","2","2","10","19","3","1","2","1","0","0","0"
"POINT (13.157341285000030 52.534534343000075)","Unfall 144302 (2020) Kat:3, Licht: 0","144302","3","5","1","10","15","1","0","0","0","1","0","0"
"POINT (13.360523749000038 52.596865693000041)","Unfall 144303 (2020) Kat:3, Licht: 0","144303","3","2","5","10","15","1","0","0","0","1","0","1"
"POINT (13.437240598000074 52.500248918000068)","Unfall 144304 (2020) Kat:3, Licht: 1","144304","3","1","0","10","16","6","1","1","0","0","0","1"
"POINT (13.431593481000050 52.485704039000041)","Unfall 144305 (2020) Kat:3, Licht: 0","144305","3","2","5","10","14","1","0","0","1","1","0","0"
"POINT (13.389031031000059 52.412046376000035)","Unfall 144306 (2020) Kat:3, Licht: 0","144306","3","6","3","10","12","1","0","0","1","1","0","0"
"POINT (13.326973669000040 52.540076692000071)","Unfall 144307 (2020) Kat:3, Licht: 0","144307","3","1","0","10","10","1","0","0","0","0","0","1"
"POINT (13.508832451000046 52.452543164000076)","Unfall 144308 (2020) Kat:3, Licht: 1","144308","3","2","5","10","17","4","0","1","1","1","0","0"
"POINT (13.225795946000062 52.554440050000039)","Unfall 144309 (2020) Kat:3, Licht: 0","144309","3","2","5","10","10","1","0","0","0","1","0","1"
"POINT (13.399445714000024 52.498288238000043)","Unfall 144310 (2020) Kat:3, Licht: 0","144310","3","3","5","10","09","1","0","0","0","1","0","0"
"POINT (13.339028652000025 52.499533662000033)","Unfall 144311 (2020) Kat:3, Licht: 2","144311","3","6","2","10","19","3","1","2","0","1","0","0"
"POINT (13.444103346000077 52.500794423000059)","Unfall 144312 (2020) Kat:3, Licht: 1","144312","3","1","0","10","06","4","1","1","0","0","0","1"
"POINT (13.575890615000048 52.491193815000031)","Unfall 144313 (2020) Kat:3, Licht: 0","144313","3","3","5","10","09","2","1","0","0","1","0","0"
"POINT (13.419296702000054 52.547501537000073)","Unfall 144314 (2020) Kat:3, Licht: 0","144314","3","1","0","10","10","6","1","0","1","0","0","0"
"POINT (13.158086473000026 52.533046722000051)","Unfall 144315 (2020) Kat:3, Licht: 0","144315","3","2","5","10","09","1","0","0","1","1","0","0"
"POINT (13.302808537000033 52.426770077000072)","Unfall 144316 (2020) Kat:3, Licht: 0","144316","3","3","5","10","14","5","0","0","1","1","0","0"
"POINT (13.340132529000073 52.501693267000064)","Unfall 144317 (2020) Kat:3, Licht: 0","144317","3","3","0","10","11","7","1","0","0","0","0","1"
"POINT (13.361689269000067 52.503855624000039)","Unfall 144318 (2020) Kat:3, Licht: 2","144318","3","2","6","10","19","3","1","2","0","1","1","0"
"POINT (13.560901343000069 52.534124249000058)","Unfall 144319 (2020) Kat:2, Licht: 0","144319","2","3","0","10","13","7","1","0","1","1","0","0"
"POINT (13.361406937000027 52.481543502000079)","Unfall 144320 (2020) Kat:3, Licht: 2","144320","3","1","0","10","19","3","1","2","1","0","0","0"
"POINT (13.331803743000023 52.595074357000044)","Unfall 144321 (2020) Kat:3, Licht: 0","144321","3","3","5","10","10","4","0","0","0","1","0","0"
"POINT (13.358217952000075 52.501117977000035)","Unfall 144322 (2020) Kat:3, Licht: 2","144322","3","2","2","10","00","7","1","2","0","1","0","0"
"POINT (13.382963023000059 52.455838614000072)","Unfall 144323 (2020) Kat:3, Licht: 2","144323","3","5","1","10","23","7","0","2","0","1","0","0"
"POINT (13.353796408000051 52.499224020000042)","Unfall 144324 (2020) Kat:3, Licht: 2","144324","3","2","5","10","18","3","0","2","0","1","0","0"
"POINT (13.469722284000056 52.541797211000073)","Unfall 144325 (2020) Kat:3, Licht: 2","144325","3","6","0","10","19","3","0","2","1","0","0","0"
"POINT (13.293626715000073 52.501368982000031)","Unfall 144326 (2020) Kat:3, Licht: 0","144326","3","5","1","10","11","3","0","0","1","1","0","0"
"POINT (13.437532305000047 52.481216729000039)","Unfall 144327 (2020) Kat:3, Licht: 0","144327","3","2","6","10","11","4","1","0","0","1","1","0"
"POINT (13.309469727000021 52.508322016000079)","Unfall 144328 (2020) Kat:3, Licht: 2","144328","3","1","8","10","23","7","0","2","0","0","0","1"
"POINT (13.473736192000047 52.535990402000039)","Unfall 144329 (2020) Kat:3, Licht: 0","144329","3","6","2","10","14","7","0","0","0","1","0","0"
"POINT (13.349020780000046 52.514741763000075)","Unfall 144330 (2020) Kat:3, Licht: 2","144330","3","6","2","10","18","3","0","2","0","1","0","0"
"POINT (13.318754137000042 52.471246088000044)","Unfall 144331 (2020) Kat:3, Licht: 0","144331","3","6","3","10","13","3","0","0","1","0","0","0"
"POINT (13.614552270000047 52.502243828000076)","Unfall 144332 (2020) Kat:3, Licht: 2","144332","3","1","0","10","19","6","1","2","0","0","0","1"
"POINT (13.384878021000077 52.508700386000044)","Unfall 144333 (2020) Kat:3, Licht: 0","144333","3","7","2","10","13","7","0","0","0","1","0","0"
"POINT (13.436751819000051 52.488640063000048)","Unfall 144334 (2020) Kat:3, Licht: 2","144334","3","7","0","10","23","5","0","2","1","0","0","0"
"POINT (13.562855911000042 52.514264061000063)","Unfall 144335 (2020) Kat:3, Licht: 0","144335","3","2","3","10","10","7","0","0","0","1","0","0"
"POINT (13.398748599000044 52.496359579000057)","Unfall 144336 (2020) Kat:3, Licht: 2","144336","3","3","5","10","06","7","1","2","0","1","0","0"
"POINT (13.561803266000027 52.505284023000058)","Unfall 144337 (2020) Kat:3, Licht: 0","144337","3","2","0","10","10","3","0","0","0","0","0","0"
"POINT (13.377272725000068 52.543751234000069)","Unfall 144338 (2020) Kat:3, Licht: 0","144338","3","2","5","10","13","4","0","0","1","1","0","0"
"POINT (13.358932056000071 52.554264054000043)","Unfall 144339 (2020) Kat:3, Licht: 2","144339","3","1","0","10","01","7","1","2","0","0","0","1"
"POINT (13.281597005000037 52.592229455000052)","Unfall 144340 (2020) Kat:3, Licht: 0","144340","3","2","5","10","08","3","0","0","1","1","0","0"
"POINT (13.339423651000061 52.503128072000038)","Unfall 144341 (2020) Kat:2, Licht: 0","144341","2","2","5","10","10","3","0","0","0","1","0","1"
"POINT (13.508490644000062 52.564629122000042)","Unfall 144342 (2020) Kat:3, Licht: 0","144342","3","2","6","10","10","6","1","0","0","1","1","0"
"POINT (13.394205766000027 52.540462949000073)","Unfall 144343 (2020) Kat:3, Licht: 2","144343","3","6","3","10","21","7","0","2","0","1","0","0"
"POINT (13.428829574000076 52.547744109000064)","Unfall 144344 (2020) Kat:3, Licht: 0","144344","3","2","0","10","10","5","1","0","1","1","0","0"
"POINT (13.409637727000074 52.524005215000045)","Unfall 144345 (2020) Kat:3, Licht: 0","144345","3","2","0","10","08","5","1","0","1","1","0","0"
"POINT (13.317742688000067 52.457971821000058)","Unfall 144346 (2020) Kat:3, Licht: 0","144346","3","2","5","10","09","6","1","0","1","0","0","0"
"POINT (13.316739613000038 52.516648896000049)","Unfall 144347 (2020) Kat:2, Licht: 2","144347","2","5","1","10","19","7","0","2","0","1","0","0"
"POINT (13.201549030000024 52.538287364000041)","Unfall 144348 (2020) Kat:3, Licht: 0","144348","3","5","1","10","12","5","1","0","1","1","0","0"
"POINT (13.247833566000054 52.538266294000039)","Unfall 144349 (2020) Kat:3, Licht: 0","144349","3","2","5","10","14","5","1","0","1","1","0","0"
"POINT (13.317256224000062 52.504273495000064)","Unfall 144350 (2020) Kat:3, Licht: 1","144350","3","3","5","10","18","7","0","1","0","1","0","0"
"POINT (13.411209395000071 52.527814794000051)","Unfall 144351 (2020) Kat:3, Licht: 2","144351","3","5","1","10","18","7","0","2","1","1","0","0"
"POINT (13.458777094000027 52.526735525000049)","Unfall 144352 (2020) Kat:2, Licht: 2","144352","2","4","6","10","18","3","1","2","0","1","1","0"
"POINT (13.326104632000067 52.538377321000041)","Unfall 144353 (2020) Kat:3, Licht: 0","144353","3","2","5","10","08","4","1","0","1","1","0","0"
"POINT (13.520359522000035 52.570316321000064)","Unfall 144354 (2020) Kat:3, Licht: 2","144354","3","3","5","10","05","6","1","2","0","1","0","0"
"POINT (13.383568892000028 52.551189253000075)","Unfall 144355 (2020) Kat:3, Licht: 0","144355","3","4","6","10","15","7","0","0","1","0","1","0"
"POINT (13.401190452000037 52.510417190000055)","Unfall 144356 (2020) Kat:3, Licht: 0","144356","3","2","5","10","09","3","0","0","1","1","0","0"
"POINT (13.381084103000035 52.462181241000053)","Unfall 144357 (2020) Kat:3, Licht: 0","144357","3","7","1","10","10","3","0","0","0","1","0","0"
"POINT (13.544040238000036 52.427932994000059)","Unfall 144358 (2020) Kat:3, Licht: 0","144358","3","3","5","10","14","6","1","0","0","0","0","1"
"POINT (13.382767430000058 52.629781232000028)","Unfall 144359 (2020) Kat:3, Licht: 0","144359","3","2","2","10","15","7","0","0","0","1","0","1"
"POINT (13.302296038000065 52.513451940000039)","Unfall 144360 (2020) Kat:3, Licht: 0","144360","3","5","1","10","15","7","0","0","1","1","0","0"
"POINT (13.558320000000037 52.455542052000055)","Unfall 144361 (2020) Kat:3, Licht: 0","144361","3","6","2","10","07","5","1","0","0","1","0","0"
"POINT (13.328757661000054 52.476214520000042)","Unfall 144362 (2020) Kat:3, Licht: 0","144362","3","3","3","10","15","7","0","0","1","1","0","0"
"POINT (13.386956451000060 52.527311204000057)","Unfall 144363 (2020) Kat:3, Licht: 0","144363","3","4","6","10","16","7","0","0","0","1","1","0"
"POINT (13.314028374000031 52.469141383000078)","Unfall 144364 (2020) Kat:3, Licht: 2","144364","3","6","2","10","18","3","0","2","0","1","0","0"
"POINT (13.265114139000048 52.418395959000065)","Unfall 144365 (2020) Kat:3, Licht: 0","144365","3","6","2","10","07","4","1","0","0","1","0","1"
"POINT (13.296663932000058 52.539533436000056)","Unfall 144366 (2020) Kat:3, Licht: 0","144366","3","1","0","10","11","2","1","0","0","0","0","1"
"POINT (13.384161353000025 52.458187650000070)","Unfall 144367 (2020) Kat:3, Licht: 1","144367","3","7","5","10","17","6","1","1","0","1","0","0"
"POINT (13.196853500000032 52.483334458000058)","Unfall 144368 (2020) Kat:2, Licht: 1","144368","2","6","0","10","17","7","0","1","1","1","0","0"
"POINT (13.579044407000026 52.458220055000027)","Unfall 144369 (2020) Kat:2, Licht: 0","144369","2","4","6","10","16","7","0","0","0","1","1","0"
"POINT (13.436812014000054 52.536580963000063)","Unfall 144370 (2020) Kat:3, Licht: 0","144370","3","3","5","10","08","3","0","0","0","1","0","0"
"POINT (13.335220968000044 52.485805655000036)","Unfall 144371 (2020) Kat:2, Licht: 0","144371","2","3","5","10","16","4","0","0","0","1","0","1"
"POINT (13.383964497000022 52.493753044000073)","Unfall 144372 (2020) Kat:3, Licht: 0","144372","3","6","2","10","11","2","1","0","0","1","0","0"
"POINT (13.527789074000054 52.490381828000068)","Unfall 144373 (2020) Kat:3, Licht: 1","144373","3","2","5","10","16","6","1","1","1","1","0","0"
"POINT (13.389026545000036 52.550125854000044)","Unfall 144374 (2020) Kat:2, Licht: 0","144374","2","1","0","10","15","7","0","0","0","0","0","1"
"POINT (13.402787820000071 52.554285439000068)","Unfall 144375 (2020) Kat:3, Licht: 0","144375","3","7","6","10","14","3","0","0","0","1","1","0"
"POINT (13.290090909000071 52.518902732000072)","Unfall 144376 (2020) Kat:3, Licht: 1","144376","3","3","0","10","08","5","1","1","1","1","0","0"
"POINT (13.280384675000050 52.578459834000057)","Unfall 144377 (2020) Kat:3, Licht: 0","144377","3","5","5","10","14","7","0","0","0","1","0","0"
"POINT (13.309034835000034 52.502071385000079)","Unfall 144378 (2020) Kat:3, Licht: 0","144378","3","7","0","10","09","3","1","0","1","1","0","0"
"POINT (13.483821428000056 52.452034313000070)","Unfall 144379 (2020) Kat:1, Licht: 2","144379","1","6","3","10","18","7","0","2","0","1","0","1"
"POINT (13.279338018000033 52.414562904000036)","Unfall 144380 (2020) Kat:3, Licht: 0","144380","3","2","5","10","09","6","0","0","1","1","0","0"
"POINT (13.286671536000028 52.518742150000037)","Unfall 144381 (2020) Kat:3, Licht: 0","144381","3","2","5","10","08","4","1","0","1","1","0","0"
"POINT (13.370903198000065 52.470448152000074)","Unfall 144382 (2020) Kat:2, Licht: 2","144382","2","4","6","10","18","6","1","2","0","1","1","0"
"POINT (13.370082049000075 52.464450125000042)","Unfall 144383 (2020) Kat:3, Licht: 0","144383","3","6","2","10","16","6","1","0","0","1","0","0"
"POINT (13.419679467000037 52.506081842000071)","Unfall 144384 (2020) Kat:2, Licht: 0","144384","2","3","5","10","08","3","0","0","1","1","0","0"
"POINT (13.331814581000060 52.505225801000051)","Unfall 144385 (2020) Kat:2, Licht: 0","144385","2","2","6","10","12","3","0","0","0","0","1","0"
"POINT (13.383504267000035 52.493608734000077)","Unfall 144386 (2020) Kat:3, Licht: 0","144386","3","7","2","10","11","2","1","0","0","0","0","1"
"POINT (13.369356708000055 52.552838837000081)","Unfall 144387 (2020) Kat:3, Licht: 1","144387","3","2","5","10","06","6","1","1","1","1","0","0"
"POINT (13.353202764000059 52.502268279000077)","Unfall 144388 (2020) Kat:3, Licht: 2","144388","3","1","0","10","23","6","1","2","0","0","0","1"
"POINT (13.472544924000033 52.602699126000061)","Unfall 144389 (2020) Kat:3, Licht: 2","144389","3","2","5","10","22","3","0","2","0","1","0","0"
"POINT (13.401917010000034 52.528925641000058)","Unfall 144390 (2020) Kat:3, Licht: 0","144390","3","3","0","10","13","5","1","0","1","0","0","1"
"POINT (13.422851371000036 52.488856083000030)","Unfall 144391 (2020) Kat:3, Licht: 2","144391","3","5","2","10","22","6","1","2","0","1","0","1"
"POINT (13.447537442000055 52.476059183000075)","Unfall 144392 (2020) Kat:3, Licht: 2","144392","3","3","0","10","22","6","1","2","0","1","0","1"
"POINT (13.428801267000040 52.521470034000060)","Unfall 144393 (2020) Kat:2, Licht: 2","144393","2","6","4","10","06","3","1","2","1","1","0","0"
"POINT (13.562063067000054 52.500345868000068)","Unfall 144394 (2020) Kat:2, Licht: 0","144394","2","6","3","10","15","5","0","0","1","0","0","0"
"POINT (13.308223030000022 52.488358155000071)","Unfall 144395 (2020) Kat:3, Licht: 2","144395","3","6","2","10","21","6","1","2","0","1","0","0"
"POINT (13.571478407000029 52.435249288000080)","Unfall 144396 (2020) Kat:3, Licht: 0","144396","3","5","1","10","07","3","0","0","1","0","0","0"
"POINT (13.325327096000024 52.503055750000044)","Unfall 144397 (2020) Kat:3, Licht: 2","144397","3","1","9","10","20","6","1","2","0","1","1","0"
"POINT (13.401725047000070 52.529155993000074)","Unfall 144398 (2020) Kat:3, Licht: 2","144398","3","1","0","10","20","6","1","2","1","0","0","0"
"POINT (13.284353432000046 52.594401800000071)","Unfall 144399 (2020) Kat:3, Licht: 0","144399","3","3","5","10","17","3","0","0","0","1","0","0"
"POINT (13.528110660000038 52.556901068000059)","Unfall 144400 (2020) Kat:3, Licht: 2","144400","3","3","5","10","21","4","0","2","0","1","0","0"
"POINT (13.335834358000056 52.433226710000042)","Unfall 144401 (2020) Kat:3, Licht: 2","144401","3","2","6","10","19","6","1","2","0","1","1","0"
"POINT (13.360375586000032 52.479718256000069)","Unfall 144402 (2020) Kat:3, Licht: 2","144402","3","2","6","10","19","6","1","2","0","1","1","0"
"POINT (13.604256549000070 52.540301911000029)","Unfall 144403 (2020) Kat:3, Licht: 0","144403","3","2","0","10","17","3","0","0","0","1","0","0"
"POINT (13.209120598000027 52.546720753000045)","Unfall 144404 (2020) Kat:3, Licht: 0","144404","3","4","0","10","13","3","0","0","0","0","1","0"
"POINT (13.456333358000052 52.517946880000068)","Unfall 144405 (2020) Kat:3, Licht: 0","144405","3","7","5","10","09","6","1","0","0","1","0","1"
"POINT (13.390767240000059 52.515737048000062)","Unfall 144406 (2020) Kat:3, Licht: 2","144406","3","3","5","10","19","6","1","2","1","1","0","0"
"POINT (13.496930701000053 52.546417352000049)","Unfall 144407 (2020) Kat:3, Licht: 2","144407","3","2","5","10","19","3","0","2","1","0","0","1"
"POINT (13.434224862000065 52.442282296000030)","Unfall 144408 (2020) Kat:3, Licht: 2","144408","3","3","5","10","19","5","0","2","1","1","0","0"
"POINT (13.355635292000045 52.490135495000061)","Unfall 144409 (2020) Kat:3, Licht: 0","144409","3","5","1","10","15","5","0","0","1","1","0","0"
"POINT (13.519451868000033 52.480733580000049)","Unfall 144410 (2020) Kat:3, Licht: 0","144410","3","2","6","10","14","6","1","0","0","1","1","0"
"POINT (13.421755307000069 52.514227729000027)","Unfall 144411 (2020) Kat:3, Licht: 0","144411","3","6","2","10","14","6","1","0","0","1","0","0"
"POINT (13.377424346000055 52.464566478000052)","Unfall 144412 (2020) Kat:3, Licht: 0","144412","3","5","1","10","16","3","0","0","1","1","0","0"
"POINT (13.285720768000033 52.522081974000059)","Unfall 144413 (2020) Kat:3, Licht: 0","144413","3","1","0","10","14","4","1","0","0","0","0","1"
"POINT (13.322546961000057 52.543503380000061)","Unfall 144414 (2020) Kat:3, Licht: 0","144414","3","6","4","10","13","6","0","0","0","1","0","0"
"POINT (13.527012454000044 52.486616726000079)","Unfall 144415 (2020) Kat:3, Licht: 0","144415","3","6","3","10","16","3","0","0","0","1","0","0"
"POINT (13.578630929000042 52.513257842000030)","Unfall 144416 (2020) Kat:3, Licht: 0","144416","3","7","0","10","11","4","1","0","1","0","0","0"
"POINT (13.564084609000076 52.519155877000060)","Unfall 144417 (2020) Kat:3, Licht: 0","144417","3","6","0","10","11","6","0","0","0","1","0","0"
"POINT (13.302773291000051 52.426771066000072)","Unfall 144418 (2020) Kat:3, Licht: 0","144418","3","6","3","10","10","6","0","0","1","1","0","0"
"POINT (13.369911479000052 52.542879949000053)","Unfall 144419 (2020) Kat:3, Licht: 0","144419","3","3","5","10","16","3","0","0","0","1","0","0"
"POINT (13.488551662000077 52.618895859000077)","Unfall 144420 (2020) Kat:3, Licht: 2","144420","3","3","5","10","18","3","0","2","0","1","0","1"
"POINT (13.378111207000075 52.456230313000049)","Unfall 144421 (2020) Kat:3, Licht: 0","144421","3","7","5","10","07","6","1","0","0","1","0","0"
"POINT (13.450828993000073 52.436851336000075)","Unfall 144422 (2020) Kat:3, Licht: 0","144422","3","6","0","10","09","6","1","0","0","1","0","0"
"POINT (13.380067495000048 52.540535373000068)","Unfall 144423 (2020) Kat:3, Licht: 0","144423","3","3","5","10","07","3","0","0","1","1","0","0"
"POINT (13.435446706000050 52.521735191000062)","Unfall 144424 (2020) Kat:3, Licht: 0","144424","3","2","0","10","10","5","1","0","1","1","0","0"
"POINT (13.528114527000071 52.556903134000038)","Unfall 144425 (2020) Kat:2, Licht: 0","144425","2","3","5","10","09","5","1","0","0","1","0","0"
"POINT (13.466769704000058 52.510853534000034)","Unfall 144426 (2020) Kat:3, Licht: 0","144426","3","7","2","10","09","6","1","0","1","1","0","0"
"POINT (13.331883310000023 52.499430124000071)","Unfall 144427 (2020) Kat:3, Licht: 0","144427","3","5","1","10","09","6","0","0","1","1","0","0"
"POINT (13.289407280000034 52.590279965000036)","Unfall 144428 (2020) Kat:3, Licht: 0","144428","3","1","0","10","16","3","0","0","1","0","0","0"
"POINT (13.384748424000065 52.455931683000074)","Unfall 144429 (2020) Kat:3, Licht: 0","144429","3","5","1","10","07","4","0","0","1","0","0","0"
"POINT (13.198386525000046 52.542850697000063)","Unfall 144430 (2020) Kat:3, Licht: 0","144430","3","2","5","10","10","2","0","0","0","1","0","0"
"POINT (13.429514097000038 52.571873636000078)","Unfall 144431 (2020) Kat:3, Licht: 2","144431","3","2","5","10","19","6","1","2","0","1","0","0"
"POINT (13.336244026000031 52.524675976000026)","Unfall 144432 (2020) Kat:2, Licht: 0","144432","2","7","0","10","07","6","1","0","1","0","0","0"
"POINT (13.318024698000045 52.506126693000056)","Unfall 144433 (2020) Kat:3, Licht: 0","144433","3","6","2","10","15","3","0","0","0","1","0","0"
"POINT (13.183263243000056 52.484899687000052)","Unfall 144434 (2020) Kat:2, Licht: 0","144434","2","6","4","10","15","3","0","0","0","1","0","0"
"POINT (13.202112586000055 52.540804495000032)","Unfall 144435 (2020) Kat:3, Licht: 0","144435","3","6","2","10","14","6","1","0","0","1","0","0"
"POINT (13.284050001000026 52.505177797000044)","Unfall 144436 (2020) Kat:3, Licht: 1","144436","3","2","0","10","07","6","1","1","1","0","0","0"
"POINT (13.418296656000052 52.499334594000061)","Unfall 144437 (2020) Kat:3, Licht: 1","144437","3","6","2","10","06","6","0","1","0","1","0","0"
"POINT (13.463816123000072 52.466464917000053)","Unfall 144438 (2020) Kat:3, Licht: 0","144438","3","2","2","10","14","3","0","0","0","1","0","0"
"POINT (13.509997947000045 52.453568836000045)","Unfall 144439 (2020) Kat:3, Licht: 2","144439","3","3","0","10","17","3","0","2","1","0","0","0"
"POINT (13.227176698000051 52.549450005000040)","Unfall 144440 (2020) Kat:3, Licht: 0","144440","3","2","5","10","12","6","1","0","0","1","0","0"
"POINT (13.332177316000070 52.458471492000058)","Unfall 144441 (2020) Kat:3, Licht: 2","144441","3","7","0","10","05","6","1","2","0","0","0","1"
"POINT (13.436799745000030 52.456949281000050)","Unfall 144442 (2020) Kat:3, Licht: 2","144442","3","3","5","10","17","5","0","2","1","1","0","0"
"POINT (13.388003438000055 52.588790833000076)","Unfall 144443 (2020) Kat:3, Licht: 0","144443","3","3","5","10","07","5","1","0","1","1","0","0"
"POINT (13.407705906000047 52.452524422000067)","Unfall 144444 (2020) Kat:3, Licht: 2","144444","3","7","2","10","00","6","1","2","0","1","0","0"
"POINT (13.431848313000046 52.557303791000038)","Unfall 144445 (2020) Kat:3, Licht: 0","144445","3","5","1","10","11","6","0","0","0","1","0","0"
"POINT (13.341997020000065 52.479145034000055)","Unfall 144446 (2020) Kat:3, Licht: 0","144446","3","4","6","10","14","3","0","0","0","1","1","0"
"POINT (13.391893902000049 52.520071239000060)","Unfall 144447 (2020) Kat:3, Licht: 1","144447","3","2","6","10","17","4","0","1","0","1","1","0"
"POINT (13.361002566000025 52.577055485000074)","Unfall 144448 (2020) Kat:3, Licht: 0","144448","3","2","5","10","09","2","1","0","1","0","0","0"
"POINT (13.421550711000066 52.504480227000045)","Unfall 144449 (2020) Kat:2, Licht: 2","144449","2","3","5","10","18","6","1","2","1","1","0","0"
"POINT (13.588918773000046 52.537711397000066)","Unfall 144450 (2020) Kat:3, Licht: 0","144450","3","6","2","10","11","6","0","0","0","0","0","1"
"POINT (13.442734903000030 52.524990166000066)","Unfall 144451 (2020) Kat:3, Licht: 0","144451","3","3","2","10","06","3","0","0","0","1","0","0"
"POINT (13.416556914000068 52.510981059000073)","Unfall 144452 (2020) Kat:3, Licht: 0","144452","3","2","5","10","08","5","1","0","1","1","0","0"
"POINT (13.452743135000048 52.548765607000064)","Unfall 144453 (2020) Kat:3, Licht: 0","144453","3","3","0","10","12","6","0","0","1","0","0","0"
"POINT (13.292363387000023 52.596010209000042)","Unfall 144454 (2020) Kat:3, Licht: 2","144454","3","6","2","10","18","2","1","2","0","1","0","0"
"POINT (13.356306574000030 52.523642025000072)","Unfall 144455 (2020) Kat:3, Licht: 0","144455","3","6","2","10","13","6","0","0","0","1","0","0"
"POINT (13.345945646000075 52.591559821000033)","Unfall 144456 (2020) Kat:2, Licht: 0","144456","2","3","5","10","14","6","1","0","0","1","0","0"
"POINT (13.313461446000076 52.572070857000028)","Unfall 144457 (2020) Kat:3, Licht: 1","144457","3","6","2","10","16","4","0","1","0","1","0","1"
"POINT (13.357062802000030 52.523549331000027)","Unfall 144458 (2020) Kat:3, Licht: 0","144458","3","2","5","10","14","6","1","0","0","1","0","1"
"POINT (13.430485328000032 52.421561540000027)","Unfall 144459 (2020) Kat:3, Licht: 0","144459","3","2","2","10","14","6","1","0","0","1","0","0"
"POINT (13.200544374000060 52.538521840000044)","Unfall 144460 (2020) Kat:3, Licht: 0","144460","3","6","2","10","15","6","0","0","0","1","0","0"
"POINT (13.417099596000071 52.501892644000066)","Unfall 144461 (2020) Kat:3, Licht: 1","144461","3","5","0","10","15","6","1","1","0","1","0","1"