WKT,Name,OBJECTID,UKATEGORIE,UTYP1,UART,UMONAT,USTUNDE,UWOCHENTAG,STRZUSTAND,ULICHTVERH,ISTRAD,ISTPKW,ISTFUSS,ISTKRAD
"POINT (13.434695294000051 52.440303018000066)","Unfall 144648 (2020) Kat:3, Licht: 0","144648","3","2","5","11","15","4","0","0","1","1","0","0"
"POINT (13.280395944000077 52.518332190000081)","Unfall 144649 (2020) Kat:3, Licht: 0","144649","3","3","5","11","07","5","0","0","1","1","0","0"
"POINT (13.528757603000031 52.426369712000053)","Unfall 144650 (2020) Kat:3, Licht: 0","144650","3","6","2","11","13","3","0","0","0","1","0","0"
"POINT (13.394261547000042 52.562778478000041)","Unfall 144651 (2020) Kat:3, Licht: 2","144651","3","4","0","11","20","6","1","2","0","0","1","1"
"POINT (13.580442357000038 52.417547363000040)","Unfall 144652 (2020) Kat:3, Licht: 0","144652","3","1","0","11","12","1","1","0","1","0","0","0"
"POINT (13.312355812000021 52.468562780000070)","Unfall 144653 (2020) Kat:3, Licht: 0","144653","3","5","1","11","08","4","0","0","1","1","0","0"
"POINT (13.459297787000025 52.512435906000064)","Unfall 144654 (2020) Kat:3, Licht: 2","144654","3","3","5","11","17","2","0","2","1","1","0","0"
"POINT (13.260010946000023 52.431738919000054)","Unfall 144655 (2020) Kat:3, Licht: 0","144655","3","1","0","11","08","1","0","0","0","1","0","0"
"POINT (13.519732282000064 52.526107908000029)","Unfall 144656 (2020) Kat:3, Licht: 2","144656","3","2","5","11","05","5","0","2","1","1","0","0"
"POINT (13.339944614000046 52.539818530000048)","Unfall 144657 (2020) Kat:3, Licht: 0","144657","3","1","0","11","12","1","1","0","0","0","0","1"
"POINT (13.376964478000048 52.545738345000075)","Unfall 144658 (2020) Kat:3, Licht: 2","144658","3","2","5","11","21","7","0","2","1","1","0","0"
"POINT (13.343624318000025 52.569861762000073)","Unfall 144659 (2020) Kat:3, Licht: 0","144659","3","5","1","11","12","1","1","0","0","1","0","0"
"POINT (13.406531425000026 52.489480791000062)","Unfall 144660 (2020) Kat:3, Licht: 0","144660","3","3","2","11","10","4","0","0","1","0","0","0"
"POINT (13.589394706000064 52.527764615000081)","Unfall 144661 (2020) Kat:3, Licht: 0","144661","3","1","0","11","14","1","0","0","0","0","0","0"
"POINT (13.490467194000075 52.413449788000037)","Unfall 144662 (2020) Kat:2, Licht: 0","144662","2","1","0","11","10","5","0","0","0","0","0","1"
"POINT (13.315475468000045 52.444320289000075)","Unfall 144663 (2020) Kat:3, Licht: 0","144663","3","1","1","11","10","1","1","0","1","0","0","1"
"POINT (13.353496723000035 52.562440067000068)","Unfall 144664 (2020) Kat:3, Licht: 0","144664","3","6","0","11","14","3","0","0","0","1","0","0"
"POINT (13.308860977000052 52.459439662000079)","Unfall 144665 (2020) Kat:3, Licht: 0","144665","3","5","1","11","07","6","1","0","0","1","0","0"
"POINT (13.415361043000075 52.491165695000063)","Unfall 144666 (2020) Kat:3, Licht: 0","144666","3","6","2","11","14","4","0","0","0","1","0","0"
"POINT (13.334355503000040 52.504376940000043)","Unfall 144667 (2020) Kat:3, Licht: 2","144667","3","6","3","11","05","1","0","2","0","1","0","1"
"POINT (13.591730879000067 52.544980200000055)","Unfall 144668 (2020) Kat:2, Licht: 0","144668","2","3","5","11","13","5","0","0","0","1","0","0"
"POINT (13.363793545000021 52.500775928000053)","Unfall 144669 (2020) Kat:3, Licht: 1","144669","3","2","5","11","15","3","0","1","1","1","0","0"
"POINT (13.319719707000047 52.457244669000033)","Unfall 144670 (2020) Kat:3, Licht: 2","144670","3","7","6","11","18","6","0","2","1","0","1","0"
"POINT (13.353469580000024 52.502203416000043)","Unfall 144671 (2020) Kat:3, Licht: 2","144671","3","1","0","11","04","1","0","2","0","0","0","0"
"POINT (13.283880893000060 52.578773173000059)","Unfall 144672 (2020) Kat:3, Licht: 0","144672","3","1","0","11","12","3","0","0","1","0","0","0"
"POINT (13.570481420000021 52.543293188000064)","Unfall 144673 (2020) Kat:3, Licht: 1","144673","3","7","5","11","16","2","0","1","0","1","0","0"
"POINT (13.359449501000029 52.498486503000038)","Unfall 144674 (2020) Kat:3, Licht: 2","144674","3","4","6","11","22","7","0","2","0","1","1","0"
"POINT (13.420541146000062 52.548658080000052)","Unfall 144675 (2020) Kat:3, Licht: 2","144675","3","2","5","11","18","5","0","2","1","1","0","0"
"POINT (13.226420749000056 52.438820158000055)","Unfall 144676 (2020) Kat:3, Licht: 2","144676","3","3","5","11","17","2","0","2","0","1","0","0"
"POINT (13.446552133000068 52.546658189000027)","Unfall 144677 (2020) Kat:3, Licht: 1","144677","3","3","5","11","16","6","0","1","1","1","0","0"
"POINT (13.563029178000022 52.514244849000079)","Unfall 144678 (2020) Kat:3, Licht: 0","144678","3","2","0","11","12","3","1","0","1","1","0","0"
"POINT (13.313993774000039 52.506217088000028)","Unfall 144679 (2020) Kat:3, Licht: 2","144679","3","7","5","11","17","1","0","2","0","1","0","0"
"POINT (13.495898403000069 52.542576332000067)","Unfall 144680 (2020) Kat:2, Licht: 0","144680","2","5","1","11","12","1","0","0","1","0","0","0"
"POINT (13.593478559000062 52.452945216000046)","Unfall 144681 (2020) Kat:3, Licht: 0","144681","3","2","5","11","13","7","0","0","1","1","0","0"
"POINT (13.601361806000057 52.535805991000075)","Unfall 144682 (2020) Kat:3, Licht: 0","144682","3","2","5","11","08","2","0","0","0","1","0","0"
"POINT (13.372023694000063 52.469843790000027)","Unfall 144683 (2020) Kat:3, Licht: 2","144683","3","2","5","11","19","6","0","2","0","1","0","0"
"POINT (13.288383007000050 52.584108021000077)","Unfall 144684 (2020) Kat:3, Licht: 0","144684","3","2","5","11","10","4","0","0","1","1","0","0"
"POINT (13.328714135000041 52.562415154000064)","Unfall 144685 (2020) Kat:3, Licht: 0","144685","3","2","0","11","15","1","0","0","0","1","0","1"
"POINT (13.320071369000061 52.457112497000026)","Unfall 144686 (2020) Kat:3, Licht: 2","144686","3","6","2","11","17","7","0","2","0","1","0","0"
"POINT (13.410452456000030 52.571294096000031)","Unfall 144687 (2020) Kat:3, Licht: 0","144687","3","3","5","11","11","5","0","0","1","1","0","0"
"POINT (13.237205984000070 52.526948879000031)","Unfall 144688 (2020) Kat:3, Licht: 2","144688","3","6","2","11","18","3","0","2","0","1","0","0"
"POINT (13.382842424000046 52.530522407000035)","Unfall 144689 (2020) Kat:2, Licht: 2","144689","2","2","6","11","22","6","0","2","0","0","1","1"
"POINT (13.311370990000057 52.569788596000080)","Unfall 144690 (2020) Kat:3, Licht: 2","144690","3","3","5","11","17","1","0","2","0","1","0","0"
"POINT (13.255502658000069 52.609781872000042)","Unfall 144691 (2020) Kat:3, Licht: 0","144691","3","2","5","11","07","3","0","0","1","0","0","1"
"POINT (13.469830986000034 52.434799751000071)","Unfall 144692 (2020) Kat:3, Licht: 1","144692","3","6","2","11","16","2","0","1","0","1","0","0"
"POINT (13.538631940000073 52.524635738000029)","Unfall 144693 (2020) Kat:3, Licht: 0","144693","3","3","5","11","08","7","1","0","0","1","0","0"
"POINT (13.526650174000054 52.426368034000063)","Unfall 144694 (2020) Kat:3, Licht: 0","144694","3","2","5","11","15","5","0","0","1","0","0","0"
"POINT (13.379917952000028 52.540529503000073)","Unfall 144695 (2020) Kat:3, Licht: 1","144695","3","2","3","11","16","2","1","1","1","1","0","0"
"POINT (13.566248609000070 52.534430144000055)","Unfall 144696 (2020) Kat:3, Licht: 0","144696","3","6","2","11","13","6","0","0","0","1","0","0"
"POINT (13.504254307000053 52.563048332000051)","Unfall 144697 (2020) Kat:3, Licht: 0","144697","3","4","6","11","12","3","0","0","0","0","1","0"
"POINT (13.320746487000065 52.451856515000031)","Unfall 144698 (2020) Kat:3, Licht: 2","144698","3","2","6","11","17","1","0","2","0","1","1","0"
"POINT (13.206959373000075 52.555697075000069)","Unfall 144699 (2020) Kat:3, Licht: 0","144699","3","6","2","11","10","7","0","0","0","1","0","1"
"POINT (13.528126482000062 52.556984141000044)","Unfall 144700 (2020) Kat:3, Licht: 1","144700","3","3","5","11","16","1","0","1","0","1","0","0"
"POINT (13.349461940000026 52.531763942000055)","Unfall 144701 (2020) Kat:3, Licht: 2","144701","3","3","5","11","18","4","0","2","1","1","0","0"
"POINT (13.477665680000030 52.504693398000029)","Unfall 144702 (2020) Kat:3, Licht: 0","144702","3","1","0","11","10","2","1","0","0","0","0","1"
"POINT (13.467544708000048 52.468489614000077)","Unfall 144703 (2020) Kat:3, Licht: 0","144703","3","7","0","11","08","6","1","0","1","0","0","0"
"POINT (13.272271810000063 52.519582099000047)","Unfall 144704 (2020) Kat:1, Licht: 2","144704","1","4","6","10","23","7","0","2","0","1","1","1"
"POINT (13.360621306000041 52.412722887000029)","Unfall 144705 (2020) Kat:3, Licht: 0","144705","3","6","2","11","12","3","0","0","0","1","0","1"
"POINT (13.314642195000033 52.576634730000080)","Unfall 144706 (2020) Kat:3, Licht: 2","144706","3","6","2","10","18","7","1","2","0","1","0","0"
"POINT (13.411767949000023 52.547556618000044)","Unfall 144707 (2020) Kat:3, Licht: 0","144707","3","6","0","11","08","5","0","0","1","1","0","0"
"POINT (13.308942467000065 52.506499027000075)","Unfall 144708 (2020) Kat:3, Licht: 0","144708","3","6","2","11","08","3","0","0","0","1","0","0"
"POINT (13.389425133000032 52.495955380000055)","Unfall 144709 (2020) Kat:3, Licht: 0","144709","3","2","5","11","13","6","0","0","1","1","0","0"
"POINT (13.337558201000036 52.571301980000044)","Unfall 144710 (2020) Kat:3, Licht: 2","144710","3","5","4","10","17","7","1","2","0","1","0","1"
"POINT (13.453370838000069 52.523416603000044)","Unfall 144711 (2020) Kat:3, Licht: 0","144711","3","1","0","11","09","3","0","0","1","0","0","0"
"POINT (13.464745177000054 52.497366281000041)","Unfall 144712 (2020) Kat:3, Licht: 0","144712","3","2","5","11","12","7","0","0","1","1","0","0"
"POINT (13.430375426000069 52.510429064000050)","Unfall 144713 (2020) Kat:3, Licht: 0","144713","3","3","5","11","13","5","0","0","0","1","0","0"
"POINT (13.441734932000031 52.478608854000072)","Unfall 144714 (2020) Kat:3, Licht: 0","144714","3","3","5","11","14","2","0","0","1","1","0","0"
"POINT (13.395781005000060 52.497881876000065)","Unfall 144715 (2020) Kat:2, Licht: 2","144715","2","2","5","11","22","5","0","2","1","0","0","1"
"POINT (13.341241167000021 52.582609614000035)","Unfall 144716 (2020) Kat:3, Licht: 0","144716","3","7","5","11","09","3","1","0","0","1","0","1"
"POINT (13.343371077000029 52.531910414000038)","Unfall 144717 (2020) Kat:3, Licht: 0","144717","3","4","6","11","09","7","0","0","1","0","1","0"
"POINT (13.431848090000074 52.466420059000029)","Unfall 144718 (2020) Kat:3, Licht: 2","144718","3","3","5","10","17","7","0","2","0","1","0","0"
"POINT (13.429657590000033 52.470476835000056)","Unfall 144719 (2020) Kat:3, Licht: 0","144719","3","5","1","11","14","4","0","0","0","1","0","0"
"POINT (13.601128068000037 52.536843237000028)","Unfall 144720 (2020) Kat:3, Licht: 0","144720","3","7","0","11","12","6","0","0","0","1","0","0"
"POINT (13.326279011000054 52.564455273000078)","Unfall 144721 (2020) Kat:3, Licht: 1","144721","3","2","0","10","16","7","1","1","1","0","0","0"
"POINT (13.179871690000027 52.529556107000076)","Unfall 144722 (2020) Kat:3, Licht: 0","144722","3","7","2","11","13","3","0","0","0","1","1","0"
"POINT (13.403410361000056 52.525201562000063)","Unfall 144723 (2020) Kat:3, Licht: 0","144723","3","7","6","11","11","6","0","0","0","0","1","0"
"POINT (13.390225456000053 52.535405929000035)","Unfall 144724 (2020) Kat:3, Licht: 0","144724","3","3","5","11","14","4","1","0","0","1","0","1"
"POINT (13.407718126000077 52.488505827000040)","Unfall 144725 (2020) Kat:3, Licht: 0","144725","3","2","5","11","08","6","0","0","1","0","0","0"
"POINT (13.355975555000043 52.457361259000038)","Unfall 144726 (2020) Kat:3, Licht: 2","144726","3","6","2","11","18","4","0","2","0","1","0","0"
"POINT (13.422478067000043 52.559799508000026)","Unfall 144727 (2020) Kat:3, Licht: 2","144727","3","3","5","11","19","1","0","2","0","1","0","0"
"POINT (13.397328569000024 52.528684063000071)","Unfall 144728 (2020) Kat:3, Licht: 1","144728","3","3","0","11","16","5","0","1","1","0","0","0"
"POINT (13.555247673000054 52.438347578000048)","Unfall 144729 (2020) Kat:3, Licht: 2","144729","3","5","1","11","20","3","0","2","1","0","0","0"
"POINT (13.387745215000052 52.460371308000049)","Unfall 144730 (2020) Kat:3, Licht: 1","144730","3","3","5","11","07","6","1","1","1","1","0","0"
"POINT (13.611416587000065 52.477912199000059)","Unfall 144731 (2020) Kat:3, Licht: 2","144731","3","3","5","10","16","7","1","2","0","1","0","0"
"POINT (13.625071089000073 52.453816480000057)","Unfall 144732 (2020) Kat:3, Licht: 0","144732","3","2","5","11","09","4","0","0","1","1","0","0"
"POINT (13.383312463000038 52.530649268000047)","Unfall 144733 (2020) Kat:3, Licht: 0","144733","3","6","3","11","12","1","0","0","1","1","0","0"
"POINT (13.309634228000050 52.476268052000080)","Unfall 144734 (2020) Kat:3, Licht: 2","144734","3","2","6","11","05","5","1","2","0","1","1","0"
"POINT (13.478051597000047 52.547541613000078)","Unfall 144735 (2020) Kat:3, Licht: 1","144735","3","5","1","10","16","7","1","1","1","1","0","0"
"POINT (13.385187966000046 52.528854455000044)","Unfall 144736 (2020) Kat:3, Licht: 1","144736","3","5","0","11","16","3","0","1","0","1","0","1"
"POINT (13.535154906000059 52.432309503000056)","Unfall 144737 (2020) Kat:2, Licht: 0","144737","2","2","5","11","07","6","0","0","0","1","0","0"
"POINT (13.706609124000067 52.434083389000079)","Unfall 144738 (2020) Kat:3, Licht: 0","144738","3","3","5","11","13","4","0","0","1","1","0","0"
"POINT (13.395397015000071 52.497756856000080)","Unfall 144739 (2020) Kat:3, Licht: 2","144739","3","3","5","11","00","1","0","2","1","1","0","0"
"POINT (13.200481265000064 52.538686593000079)","Unfall 144740 (2020) Kat:3, Licht: 0","144740","3","4","6","11","13","5","0","0","0","0","1","0"
"POINT (13.332706418000043 52.577600474000064)","Unfall 144741 (2020) Kat:3, Licht: 0","144741","3","7","5","11","15","3","0","0","0","1","0","0"
"POINT (13.530756028000042 52.519695788000035)","Unfall 144742 (2020) Kat:3, Licht: 1","144742","3","3","5","11","16","6","0","1","0","1","0","0"
"POINT (13.386098007000044 52.487364767000031)","Unfall 144743 (2020) Kat:3, Licht: 1","144743","3","2","0","10","16","7","1","1","1","0","0","0"
"POINT (13.488947159000077 52.464369983000040)","Unfall 144744 (2020) Kat:3, Licht: 0","144744","3","3","0","11","10","3","1","0","1","1","0","0"
"POINT (13.357547574000023 52.413113755000040)","Unfall 144745 (2020) Kat:3, Licht: 0","144745","3","7","5","11","15","2","0","0","0","1","0","1"
"POINT (13.324484990000030 52.465862980000054)","Unfall 144746 (2020) Kat:3, Licht: 2","144746","3","3","5","11","16","5","0","2","1","1","0","0"
"POINT (13.560198889000048 52.470347154000081)","Unfall 144747 (2020) Kat:3, Licht: 0","144747","3","7","4","11","13","3","0","0","0","1","0","1"
"POINT (13.572882036000067 52.470390689000055)","Unfall 144748 (2020) Kat:3, Licht: 2","144748","3","3","0","11","19","6","0","2","0","1","0","1"
"POINT (13.426483072000053 52.481006353000055)","Unfall 144749 (2020) Kat:3, Licht: 0","144749","3","5","1","10","14","7","1","0","1","1","0","0"
"POINT (13.561822345000053 52.530446246000054)","Unfall 144750 (2020) Kat:3, Licht: 0","144750","3","3","5","11","07","4","0","0","0","1","0","0"
"POINT (13.429734235000069 52.509755550000079)","Unfall 144751 (2020) Kat:3, Licht: 0","144751","3","6","3","11","15","2","0","0","1","1","0","0"
"POINT (13.225538636000067 52.554558725000049)","Unfall 144752 (2020) Kat:3, Licht: 0","144752","3","7","0","11","13","7","0","0","0","1","0","0"
"POINT (13.441582363000066 52.500588521000054)","Unfall 144753 (2020) Kat:3, Licht: 2","144753","3","7","6","11","20","5","0","2","1","0","1","0"
"POINT (13.575027473000034 52.560190439000053)","Unfall 144754 (2020) Kat:3, Licht: 0","144754","3","1","0","11","09","2","1","0","0","0","0","1"
"POINT (13.362984780000033 52.548808524000037)","Unfall 144755 (2020) Kat:3, Licht: 2","144755","3","3","5","11","18","6","0","2","1","1","0","0"
"POINT (13.347556817000054 52.543506277000063)","Unfall 144756 (2020) Kat:3, Licht: 2","144756","3","6","2","11","06","4","0","2","0","1","0","0"
"POINT (13.519089088000044 52.494562367000071)","Unfall 144757 (2020) Kat:2, Licht: 2","144757","2","5","5","11","21","2","1","2","0","1","0","1"
"POINT (13.219206763000045 52.537169817000063)","Unfall 144758 (2020) Kat:3, Licht: 0","144758","3","2","5","11","13","1","0","0","0","1","0","0"
"POINT (13.270035379000035 52.510927326000058)","Unfall 144759 (2020) Kat:3, Licht: 0","144759","3","7","6","11","13","7","0","0","0","1","1","0"
"POINT (13.333322887000065 52.546527021000031)","Unfall 144760 (2020) Kat:3, Licht: 0","144760","3","5","0","11","10","5","1","0","1","1","0","0"
"POINT (13.507538545000045 52.565756876000080)","Unfall 144761 (2020) Kat:3, Licht: 1","144761","3","5","3","11","16","3","0","1","0","1","0","0"
"POINT (13.644548624000038 52.526242928000045)","Unfall 144762 (2020) Kat:3, Licht: 0","144762","3","3","5","11","15","6","0","0","0","1","0","0"
"POINT (13.360984182000038 52.570413243000075)","Unfall 144763 (2020) Kat:3, Licht: 0","144763","3","2","0","10","15","7","1","0","1","1","0","0"
"POINT (13.313265938000029 52.502181327000073)","Unfall 144764 (2020) Kat:2, Licht: 0","144764","2","2","5","11","08","3","0","0","1","1","0","0"
"POINT (13.251856214000043 52.420994826000026)","Unfall 144765 (2020) Kat:3, Licht: 0","144765","3","6","0","11","15","2","0","0","1","0","0","0"
"POINT (13.319956318000038 52.467055539000057)","Unfall 144766 (2020) Kat:3, Licht: 0","144766","3","2","0","11","11","7","1","0","0","1","0","1"
"POINT (13.461316968000062 52.529554606000033)","Unfall 144767 (2020) Kat:2, Licht: 0","144767","2","6","6","11","14","5","0","0","0","1","1","0"
"POINT (13.306839106000041 52.428926623000052)","Unfall 144768 (2020) Kat:3, Licht: 2","144768","3","6","2","11","18","2","0","2","0","1","0","0"
"POINT (13.346542396000075 52.418284464000067)","Unfall 144769 (2020) Kat:3, Licht: 0","144769","3","3","5","11","15","2","0","0","0","1","0","0"
"POINT (13.195959358000039 52.527251301000035)","Unfall 144770 (2020) Kat:3, Licht: 0","144770","3","6","0","11","13","6","0","0","0","1","0","0"
"POINT (13.575253069000041 52.453840590000027)","Unfall 144771 (2020) Kat:3, Licht: 0","144771","3","3","5","11","10","3","0","0","1","1","0","0"
"POINT (13.424158717000068 52.486479536000047)","Unfall 144772 (2020) Kat:3, Licht: 2","144772","3","7","0","11","00","7","0","2","0","0","0","0"
"POINT (13.315425233000042 52.577840567000067)","Unfall 144773 (2020) Kat:3, Licht: 1","144773","3","2","5","11","16","5","0","1","0","1","0","1"
"POINT (13.389776836000067 52.555285448000063)","Unfall 144774 (2020) Kat:3, Licht: 0","144774","3","7","6","11","14","2","0","0","1","0","1","0"
"POINT (13.383834282000066 52.555013838000036)","Unfall 144775 (2020) Kat:3, Licht: 2","144775","3","3","5","11","17","2","0","2","1","1","0","0"
"POINT (13.388650023000025 52.532590287000062)","Unfall 144776 (2020) Kat:3, Licht: 0","144776","3","6","2","11","15","6","0","0","0","1","0","0"
"POINT (13.208369814000037 52.561632018000068)","Unfall 144777 (2020) Kat:3, Licht: 0","144777","3","2","2","11","10","3","0","0","0","1","0","0"
"POINT (13.535961235000059 52.543605494000076)","Unfall 144778 (2020) Kat:3, Licht: 0","144778","3","6","9","10","15","7","1","0","0","1","0","0"
"POINT (13.386422463000031 52.490074619000040)","Unfall 144779 (2020) Kat:3, Licht: 0","144779","3","3","5","11","09","1","0","0","1","1","0","0"
"POINT (13.441153646000032 52.549455468000076)","Unfall 144780 (2020) Kat:2, Licht: 0","144780","2","3","5","11","12","7","0","0","1","1","0","0"
"POINT (13.242038416000071 52.425083487000052)","Unfall 144781 (2020) Kat:2, Licht: 0","144781","2","1","9","10","15","7","1","0","0","1","0","0"
"POINT (13.521556425000028 52.463800767000066)","Unfall 144782 (2020) Kat:3, Licht: 2","144782","3","2","5","11","22","4","0","2","1","0","0","0"
"POINT (13.290388630000052 52.482070610000051)","Unfall 144783 (2020) Kat:3, Licht: 0","144783","3","1","0","11","09","3","1","0","1","0","0","0"
"POINT (13.366764977000059 52.449702824000042)","Unfall 144784 (2020) Kat:3, Licht: 0","144784","3","3","5","11","12","6","0","0","0","1","0","0"
"POINT (13.470252846000051 52.553646898000068)","Unfall 144785 (2020) Kat:3, Licht: 0","144785","3","3","5","10","15","7","1","0","0","1","0","0"
"POINT (13.336314418000029 52.514742426000055)","Unfall 144786 (2020) Kat:3, Licht: 2","144786","3","2","2","11","18","3","0","2","1","1","0","0"
"POINT (13.425105171000041 52.457993059000046)","Unfall 144787 (2020) Kat:3, Licht: 0","144787","3","3","5","11","07","6","0","0","1","1","0","0"
"POINT (13.328455116000043 52.464816679000080)","Unfall 144788 (2020) Kat:3, Licht: 1","144788","3","2","5","11","18","4","0","1","1","1","0","0"
"POINT (13.142512452000062 52.453058605000081)","Unfall 144789 (2020) Kat:3, Licht: 0","144789","3","5","1","11","14","2","0","0","1","1","0","0"
"POINT (13.258313138000062 52.435583564000069)","Unfall 144790 (2020) Kat:3, Licht: 0","144790","3","4","6","11","12","2","0","0","1","0","1","0"
"POINT (13.339391096000043 52.448473553000042)","Unfall 144791 (2020) Kat:3, Licht: 2","144791","3","6","2","11","18","5","0","2","0","1","0","0"
"POINT (13.281336773000021 52.508198955000069)","Unfall 144792 (2020) Kat:3, Licht: 0","144792","3","3","5","11","14","3","0","0","0","1","0","0"
"POINT (13.411680658000023 52.523963095000056)","Unfall 144793 (2020) Kat:3, Licht: 2","144793","3","2","5","11","00","7","0","2","1","1","0","0"
"POINT (13.188618009000038 52.556419233000042)","Unfall 144794 (2020) Kat:3, Licht: 0","144794","3","2","4","10","13","7","1","0","0","1","0","0"
"POINT (13.259149593000075 52.543426691000036)","Unfall 144795 (2020) Kat:2, Licht: 0","144795","2","7","6","11","12","4","0","0","0","0","1","0"
"POINT (13.491938945000072 52.565171025000041)","Unfall 144796 (2020) Kat:3, Licht: 0","144796","3","4","6","11","10","7","0","0","0","1","1","0"
"POINT (13.434928039000056 52.542811996000069)","Unfall 144797 (2020) Kat:3, Licht: 2","144797","3","6","2","10","20","7","1","2","0","1","0","0"
"POINT (13.430549085000052 52.551199556000029)","Unfall 144798 (2020) Kat:3, Licht: 1","144798","3","3","5","11","16","4","0","1","1","1","0","0"
"POINT (13.411092093000036 52.456601880000051)","Unfall 144799 (2020) Kat:3, Licht: 0","144799","3","7","6","11","08","2","1","0","1","0","1","0"
"POINT (13.429997344000071 52.551418485000056)","Unfall 144800 (2020) Kat:3, Licht: 0","144800","3","2","5","11","08","6","0","0","1","0","0","0"
"POINT (13.454619898000033 52.515828062000082)","Unfall 144801 (2020) Kat:3, Licht: 2","144801","3","6","2","10","17","7","1","2","0","1","0","0"
"POINT (13.353993340000045 52.487244225000040)","Unfall 144802 (2020) Kat:3, Licht: 0","144802","3","5","1","11","12","3","0","0","1","1","0","0"
"POINT (13.474980517000063 52.408255099000030)","Unfall 144803 (2020) Kat:3, Licht: 0","144803","3","7","6","11","13","6","0","0","0","1","1","0"
"POINT (13.351141889000075 52.509634424000069)","Unfall 144804 (2020) Kat:3, Licht: 0","144804","3","2","5","11","15","4","0","0","1","1","0","0"
"POINT (13.294201076000036 52.445247505000054)","Unfall 144805 (2020) Kat:3, Licht: 0","144805","3","6","2","11","14","2","0","0","0","1","0","0"
"POINT (13.312229789000071 52.618657302000031)","Unfall 144806 (2020) Kat:3, Licht: 2","144806","3","7","0","11","18","1","0","2","1","0","0","0"
"POINT (13.401448834000064 52.414668865000067)","Unfall 144807 (2020) Kat:3, Licht: 0","144807","3","3","2","11","07","5","0","0","0","1","0","0"
"POINT (13.343409763000068 52.526230325000029)","Unfall 144808 (2020) Kat:3, Licht: 2","144808","3","3","5","11","22","3","0","2","1","1","0","0"
"POINT (13.322604733000048 52.464818287000071)","Unfall 144809 (2020) Kat:3, Licht: 2","144809","3","5","1","11","20","6","0","2","0","1","0","1"
"POINT (13.455184079000048 52.430256862000078)","Unfall 144810 (2020) Kat:3, Licht: 2","144810","3","6","2","10","18","7","1","2","0","1","0","0"
"POINT (13.311736926000037 52.481021417000079)","Unfall 144811 (2020) Kat:3, Licht: 0","144811","3","4","6","11","08","4","0","0","1","0","1","0"
"POINT (13.478851726000073 52.526467605000050)","Unfall 144812 (2020) Kat:3, Licht: 0","144812","3","4","6","11","15","2","1","0","1","0","1","0"
"POINT (13.284047429000054 52.445672154000079)","Unfall 144813 (2020) Kat:3, Licht: 0","144813","3","2","5","11","10","1","0","0","0","1","0","0"
"POINT (13.451939057000061 52.438297591000037)","Unfall 144814 (2020) Kat:2, Licht: 0","144814","2","3","5","11","13","5","0","0","0","1","0","1"
"POINT (13.515969587000029 52.551843941000072)","Unfall 144815 (2020) Kat:3, Licht: 2","144815","3","1","0","10","05","7","1","2","0","1","0","0"
"POINT (13.460785483000052 52.508800531000077)","Unfall 144816 (2020) Kat:3, Licht: 2","144816","3","5","1","11","17","3","0","2","1","1","0","0"
"POINT (13.419378305000066 52.499160654000036)","Unfall 144817 (2020) Kat:3, Licht: 2","144817","3","4","6","11","00","6","0","2","0","1","1","0"
"POINT (13.305246700000055 52.509943845000066)","Unfall 144818 (2020) Kat:3, Licht: 0","144818","3","5","1","11","09","4","0","0","1","1","0","0"
"POINT (13.335070666000036 52.464281500000027)","Unfall 144819 (2020) Kat:3, Licht: 0","144819","3","2","2","11","14","1","0","0","1","1","0","0"
"POINT (13.475727633000076 52.550319081000055)","Unfall 144820 (2020) Kat:3, Licht: 0","144820","3","3","5","11","12","5","0","0","1","1","0","0"
"POINT (13.526800365000042 52.569288663000066)","Unfall 144821 (2020) Kat:3, Licht: 2","144821","3","1","0","10","00","7","1","2","0","1","0","0"
"POINT (13.401293709000072 52.546601116000033)","Unfall 144822 (2020) Kat:3, Licht: 0","144822","3","7","2","11","14","3","0","0","0","1","0","0"
"POINT (13.176283420000061 52.539722938000068)","Unfall 144823 (2020) Kat:3, Licht: 0","144823","3","1","0","11","08","6","0","0","1","0","0","0"
"POINT (13.380538035000029 52.489710159000026)","Unfall 144824 (2020) Kat:3, Licht: 0","144824","3","5","1","11","14","4","0","0","1","1","0","0"
"POINT (13.379656505000071 52.481131355000059)","Unfall 144825 (2020) Kat:3, Licht: 0","144825","3","7","2","11","15","5","0","0","0","1","0","0"
"POINT (13.593530625000028 52.443463784000073)","Unfall 144826 (2020) Kat:3, Licht: 0","144826","3","7","0","11","15","3","1","0","1","0","1","0"
"POINT (13.218379047000042 52.440854335000040)","Unfall 144827 (2020) Kat:3, Licht: 2","144827","3","6","0","11","18","6","0","2","1","0","0","0"
"POINT (13.298445330000050 52.535078687000066)","Unfall 144828 (2020) Kat:3, Licht: 2","144828","3","2","5","10","00","7","1","2","0","1","0","1"
"POINT (13.426685444000043 52.456800498000064)","Unfall 144829 (2020) Kat:2, Licht: 2","144829","2","1","9","11","19","3","0","2","0","1","0","1"
"POINT (13.424700768000037 52.497375016000035)","Unfall 144830 (2020) Kat:3, Licht: 0","144830","3","3","5","11","10","2","1","0","1","1","0","0"
"POINT (13.437198755000054 52.500242851000053)","Unfall 144831 (2020) Kat:3, Licht: 2","144831","3","6","3","11","21","7","0","2","1","0","0","0"
"POINT (13.384042207000050 52.484988967000049)","Unfall 144832 (2020) Kat:3, Licht: 2","144832","3","2","5","11","19","5","0","2","0","1","0","1"