WKT,Name,OBJECTID,UKATEGORIE,UTYP1,UART,UMONAT,USTUNDE,UWOCHENTAG,STRZUSTAND,ULICHTVERH,ISTRAD,ISTPKW,ISTFUSS,ISTKRAD
"POINT (13.165392356000041 52.551188417000049)","Unfall 144833 (2020) Kat:3, Licht: 0","144833","3","3","5","11","14","2","0","0","0","1","0","0"
"POINT (13.489605528000027 52.512098402000049)","Unfall 144834 (2020) Kat:3, Licht: 2","144834","3","2","2","11","17","2","0","2","0","1","0","0"
"POINT (13.391124487000070 52.583762134000040)","Unfall 144835 (2020) Kat:3, Licht: 2","144835","3","2","5","11","16","6","0","2","1","1","0","0"
"POINT (13.228175234000048 52.439068943000052)","Unfall 144836 (2020) Kat:3, Licht: 0","144836","3","1","8","11","12","4","0","0","0","1","0","0"
"POINT (13.586218619000022 52.440871195000057)","Unfall 144837 (2020) Kat:3, Licht: 0","144837","3","2","2","11","14","2","0","0","0","1","0","0"
"POINT (13.448826897000060 52.485033756000064)","Unfall 144838 (2020) Kat:2, Licht: 0","144838","2","3","5","11","12","1","0","0","0","1","0","1"
"POINT (13.616455822000034 52.519284693000031)","Unfall 144839 (2020) Kat:3, Licht: 0","144839","3","3","5","11","13","7","0","0","0","1","0","0"
"POINT (13.468434797000043 52.557986374000052)","Unfall 144840 (2020) Kat:2, Licht: 0","144840","2","6","4","11","08","5","0","0","1","0","0","0"
"POINT (13.383132747000047 52.530602049000038)","Unfall 144841 (2020) Kat:3, Licht: 0","144841","3","2","5","11","08","3","0","0","1","1","0","0"
"POINT (13.540128111000058 52.525664623000068)","Unfall 144842 (2020) Kat:3, Licht: 0","144842","3","2","5","11","14","6","0","0","1","1","0","0"
"POINT (13.204117422000024 52.540382912000041)","Unfall 144843 (2020) Kat:3, Licht: 0","144843","3","6","3","11","15","1","0","0","0","1","0","1"
"POINT (13.583796808000045 52.524266615000045)","Unfall 144844 (2020) Kat:3, Licht: 2","144844","3","2","5","11","19","7","0","2","0","1","0","0"
"POINT (13.427553836000072 52.481120226000030)","Unfall 144845 (2020) Kat:3, Licht: 0","144845","3","4","6","11","11","5","0","0","1","0","1","0"
"POINT (13.291805118000070 52.580355976000078)","Unfall 144846 (2020) Kat:3, Licht: 2","144846","3","2","5","11","17","3","0","2","1","0","0","0"
"POINT (13.550447850000069 52.533534384000063)","Unfall 144847 (2020) Kat:2, Licht: 0","144847","2","7","5","11","15","6","0","0","0","1","0","0"
"POINT (13.343499827000073 52.472092987000053)","Unfall 144848 (2020) Kat:3, Licht: 2","144848","3","1","0","10","00","7","1","2","1","0","0","0"
"POINT (13.546105108000063 52.437185968000051)","Unfall 144849 (2020) Kat:3, Licht: 1","144849","3","6","3","11","07","3","1","1","1","0","0","0"
"POINT (13.438514648000023 52.452163981000069)","Unfall 144850 (2020) Kat:3, Licht: 0","144850","3","4","0","11","10","2","1","0","0","0","1","1"
"POINT (13.159898537000061 52.533240708000051)","Unfall 144851 (2020) Kat:2, Licht: 2","144851","2","1","1","11","04","7","1","2","0","1","0","0"
"POINT (13.339993177000053 52.483385918000067)","Unfall 144852 (2020) Kat:3, Licht: 0","144852","3","4","6","11","15","5","0","0","1","0","1","0"
"POINT (13.607047478000027 52.490110293000043)","Unfall 144853 (2020) Kat:3, Licht: 2","144853","3","2","5","11","16","2","0","2","0","1","0","0"
"POINT (13.574614522000047 52.453086627000062)","Unfall 144854 (2020) Kat:3, Licht: 0","144854","3","6","4","11","14","6","0","0","1","0","0","0"
"POINT (13.511477920000061 52.504336777000049)","Unfall 144855 (2020) Kat:3, Licht: 0","144855","3","2","2","11","09","3","0","0","1","1","0","0"
"POINT (13.625009669000065 52.453330685000026)","Unfall 144856 (2020) Kat:3, Licht: 0","144856","3","7","2","10","10","7","1","0","0","1","0","0"
"POINT (13.280969689000074 52.476830553000070)","Unfall 144857 (2020) Kat:2, Licht: 0","144857","2","2","2","11","11","7","0","0","0","1","0","0"
"POINT (13.151385504000075 52.532807698000056)","Unfall 144858 (2020) Kat:3, Licht: 0","144858","3","7","0","10","12","7","1","0","0","1","0","0"
"POINT (13.328371886000070 52.532936134000067)","Unfall 144859 (2020) Kat:3, Licht: 2","144859","3","2","5","11","19","4","0","2","1","1","0","0"
"POINT (13.509207472000071 52.491390407000040)","Unfall 144860 (2020) Kat:3, Licht: 0","144860","3","3","5","11","11","2","1","0","1","1","0","0"
"POINT (13.312091481000039 52.515579175000028)","Unfall 144861 (2020) Kat:3, Licht: 0","144861","3","2","5","11","10","6","1","0","1","1","0","0"
"POINT (13.196155544000021 52.537312233000080)","Unfall 144862 (2020) Kat:3, Licht: 0","144862","3","6","4","10","12","7","1","0","1","0","0","0"
"POINT (13.488202688000058 52.419263667000052)","Unfall 144863 (2020) Kat:3, Licht: 0","144863","3","3","5","11","12","3","0","0","1","1","0","0"
"POINT (13.603519285000061 52.544109636000030)","Unfall 144864 (2020) Kat:2, Licht: 2","144864","2","2","5","11","22","6","0","2","1","1","0","0"
"POINT (13.493035850000069 52.500977745000057)","Unfall 144865 (2020) Kat:3, Licht: 2","144865","3","2","2","11","19","4","0","2","0","1","0","1"
"POINT (13.550863049000043 52.523420671000054)","Unfall 144866 (2020) Kat:3, Licht: 0","144866","3","3","5","11","13","2","1","0","0","1","0","0"
"POINT (13.272851236000065 52.508798421000051)","Unfall 144867 (2020) Kat:3, Licht: 0","144867","3","2","3","11","09","2","0","0","0","1","0","1"
"POINT (13.282126432000041 52.477696214000048)","Unfall 144868 (2020) Kat:3, Licht: 0","144868","3","7","1","10","11","7","1","0","0","1","0","0"
"POINT (13.364560428000061 52.562695298000051)","Unfall 144869 (2020) Kat:3, Licht: 0","144869","3","3","5","11","09","3","0","0","0","1","0","0"
"POINT (13.348041711000064 52.500658508000072)","Unfall 144870 (2020) Kat:3, Licht: 0","144870","3","4","6","11","12","7","0","0","0","1","1","0"
"POINT (13.334310407000032 52.589703825000072)","Unfall 144871 (2020) Kat:2, Licht: 0","144871","2","2","5","11","14","5","0","0","0","1","0","1"
"POINT (13.280325033000054 52.518535249000081)","Unfall 144872 (2020) Kat:3, Licht: 0","144872","3","2","2","11","14","2","0","0","0","0","0","1"
"POINT (13.574709922000068 52.397958433000042)","Unfall 144873 (2020) Kat:3, Licht: 0","144873","3","7","0","11","08","5","0","0","1","0","0","0"
"POINT (13.157802348000075 52.533156537000082)","Unfall 144874 (2020) Kat:3, Licht: 0","144874","3","2","6","11","09","3","0","0","0","1","1","0"
"POINT (13.369353965000073 52.526322463000042)","Unfall 144875 (2020) Kat:3, Licht: 0","144875","3","6","0","11","10","7","0","0","0","1","0","0"
"POINT (13.279936567000050 52.506159407000041)","Unfall 144876 (2020) Kat:3, Licht: 0","144876","3","2","3","10","12","7","1","0","0","1","0","1"
"POINT (13.359866667000063 52.454448675000037)","Unfall 144877 (2020) Kat:3, Licht: 0","144877","3","6","4","11","15","4","0","0","0","1","0","0"
"POINT (13.567665282000064 52.445007793000059)","Unfall 144878 (2020) Kat:3, Licht: 2","144878","3","7","0","11","06","2","1","2","1","1","0","0"
"POINT (13.330454348000046 52.562573111000063)","Unfall 144879 (2020) Kat:3, Licht: 0","144879","3","2","0","11","08","6","0","0","0","1","0","0"
"POINT (13.417121548000068 52.549863796000068)","Unfall 144880 (2020) Kat:3, Licht: 0","144880","3","7","5","10","12","7","1","0","0","1","0","0"
"POINT (13.192428726000060 52.556683198000030)","Unfall 144881 (2020) Kat:3, Licht: 0","144881","3","7","6","11","12","3","0","0","0","1","1","0"
"POINT (13.587354652000045 52.439052657000047)","Unfall 144882 (2020) Kat:3, Licht: 0","144882","3","2","0","11","12","6","0","0","0","1","0","1"
"POINT (13.442711655000039 52.524983237000072)","Unfall 144883 (2020) Kat:3, Licht: 0","144883","3","6","2","11","14","4","0","0","1","0","0","0"
"POINT (13.406339673000048 52.404397700000061)","Unfall 144884 (2020) Kat:3, Licht: 1","144884","3","4","6","11","07","5","0","1","0","1","1","0"
"POINT (13.357020337000051 52.519651271000043)","Unfall 144885 (2020) Kat:3, Licht: 0","144885","3","7","5","11","13","3","0","0","1","1","0","0"
"POINT (13.479214093000053 52.619445763000044)","Unfall 144886 (2020) Kat:3, Licht: 0","144886","3","3","5","11","14","6","0","0","1","1","0","0"
"POINT (13.438042935000055 52.520296571000074)","Unfall 144887 (2020) Kat:2, Licht: 0","144887","2","3","5","10","13","7","1","0","1","0","0","0"
"POINT (13.433315799000070 52.523097262000078)","Unfall 144888 (2020) Kat:2, Licht: 2","144888","2","2","5","11","16","5","0","2","1","0","0","0"
"POINT (13.707697517000042 52.435317743000041)","Unfall 144889 (2020) Kat:3, Licht: 0","144889","3","5","1","11","14","3","0","0","1","1","0","0"
"POINT (13.323155424000049 52.464621108000074)","Unfall 144890 (2020) Kat:3, Licht: 1","144890","3","3","5","11","18","6","0","1","0","1","0","0"
"POINT (13.399010352000062 52.532426081000040)","Unfall 144891 (2020) Kat:3, Licht: 0","144891","3","1","0","10","13","7","1","0","1","0","0","0"
"POINT (13.385399704000065 52.532507787000043)","Unfall 144892 (2020) Kat:2, Licht: 0","144892","2","6","2","11","09","4","0","0","0","1","0","0"
"POINT (13.182571048000057 52.512475047000066)","Unfall 144893 (2020) Kat:3, Licht: 2","144893","3","6","2","11","22","1","0","2","0","1","0","1"
"POINT (13.406700389000036 52.456435069000065)","Unfall 144894 (2020) Kat:3, Licht: 0","144894","3","3","5","11","10","5","0","0","0","0","0","0"
"POINT (13.308072647000074 52.573215172000062)","Unfall 144895 (2020) Kat:3, Licht: 0","144895","3","7","0","10","14","7","1","0","0","1","0","1"
"POINT (13.524759744000050 52.495286555000064)","Unfall 144896 (2020) Kat:3, Licht: 1","144896","3","2","5","11","15","3","0","1","1","1","0","0"
"POINT (13.165145177000056 52.533442541000056)","Unfall 144897 (2020) Kat:3, Licht: 0","144897","3","3","5","11","07","6","1","0","0","1","0","0"
"POINT (13.248618073000046 52.538203636000048)","Unfall 144898 (2020) Kat:3, Licht: 0","144898","3","6","3","11","13","4","0","0","0","1","0","1"
"POINT (13.379639736000058 52.451568075000068)","Unfall 144899 (2020) Kat:3, Licht: 0","144899","3","3","5","11","13","2","1","0","1","1","0","0"
"POINT (13.420215622000057 52.412870253000051)","Unfall 144900 (2020) Kat:3, Licht: 2","144900","3","5","1","11","00","1","0","2","0","1","0","0"
"POINT (13.349088554000048 52.523352334000037)","Unfall 144901 (2020) Kat:3, Licht: 0","144901","3","2","0","11","13","5","0","0","1","0","0","1"
"POINT (13.465355138000064 52.567170015000045)","Unfall 144902 (2020) Kat:3, Licht: 0","144902","3","2","2","11","15","3","0","0","0","1","0","0"
"POINT (13.579620279000039 52.418470767000031)","Unfall 144903 (2020) Kat:2, Licht: 0","144903","2","3","5","11","15","6","0","0","0","1","0","1"
"POINT (13.334807347000037 52.420962538000026)","Unfall 144904 (2020) Kat:3, Licht: 0","144904","3","3","5","10","10","7","1","0","0","1","0","0"
"POINT (13.301482641000064 52.580520897000042)","Unfall 144905 (2020) Kat:3, Licht: 0","144905","3","1","0","11","10","3","0","0","0","0","0","1"
"POINT (13.459107700000061 52.593432709000069)","Unfall 144906 (2020) Kat:3, Licht: 0","144906","3","6","2","11","10","2","1","0","0","1","0","0"
"POINT (13.298147193000034 52.534952591000035)","Unfall 144907 (2020) Kat:3, Licht: 0","144907","3","5","1","11","07","7","1","0","0","0","0","0"
"POINT (13.388091919000033 52.521322828000052)","Unfall 144908 (2020) Kat:3, Licht: 2","144908","3","6","6","11","18","5","0","2","1","0","1","0"
"POINT (13.223949657000048 52.429697055000076)","Unfall 144909 (2020) Kat:3, Licht: 1","144909","3","2","5","11","17","2","0","1","1","1","0","0"
"POINT (13.418437834000031 52.553550511000026)","Unfall 144910 (2020) Kat:3, Licht: 0","144910","3","3","5","11","07","4","0","0","1","1","0","0"
"POINT (13.376659650000022 52.488012420000075)","Unfall 144911 (2020) Kat:3, Licht: 0","144911","3","6","2","11","10","2","1","0","0","1","0","0"
"POINT (13.367077680000023 52.552175564000038)","Unfall 144912 (2020) Kat:3, Licht: 2","144912","3","5","1","11","23","7","0","2","1","1","0","0"
"POINT (13.288875430000076 52.499279164000029)","Unfall 144913 (2020) Kat:3, Licht: 0","144913","3","5","1","11","15","5","0","0","0","1","0","0"
"POINT (13.522875487000022 52.476358805000075)","Unfall 144914 (2020) Kat:3, Licht: 2","144914","3","6","4","11","02","2","0","2","0","1","0","0"
"POINT (13.401141422000023 52.511326438000026)","Unfall 144915 (2020) Kat:3, Licht: 2","144915","3","3","2","11","18","6","0","2","1","1","0","0"
"POINT (13.581977999000060 52.514222616000040)","Unfall 144916 (2020) Kat:3, Licht: 0","144916","3","4","6","11","11","4","0","0","0","1","1","0"
"POINT (13.384237800000051 52.509918359000039)","Unfall 144917 (2020) Kat:3, Licht: 0","144917","3","2","5","11","14","1","0","0","1","1","0","0"
"POINT (13.530234802000052 52.486630429000058)","Unfall 144918 (2020) Kat:3, Licht: 0","144918","3","3","5","11","15","7","1","0","0","1","0","0"
"POINT (13.167106795000052 52.519152019000046)","Unfall 144919 (2020) Kat:2, Licht: 1","144919","2","7","0","11","15","5","1","1","1","0","0","0"
"POINT (13.432065750000049 52.505714605000037)","Unfall 144920 (2020) Kat:3, Licht: 2","144920","3","2","5","11","16","3","0","2","1","0","0","0"
"POINT (13.470807068000056 52.422936771000082)","Unfall 144921 (2020) Kat:3, Licht: 0","144921","3","4","6","11","08","6","0","0","1","0","1","0"
"POINT (13.309304823000048 52.491978678000066)","Unfall 144922 (2020) Kat:3, Licht: 0","144922","3","3","5","10","10","7","1","0","0","1","0","0"
"POINT (13.511989670000048 52.470703585000081)","Unfall 144923 (2020) Kat:3, Licht: 0","144923","3","3","5","11","08","3","1","0","1","1","0","0"
"POINT (13.377861017000043 52.563612486000068)","Unfall 144924 (2020) Kat:3, Licht: 2","144924","3","3","5","11","04","2","1","2","0","1","0","0"
"POINT (13.339189266000062 52.532758007000041)","Unfall 144925 (2020) Kat:3, Licht: 0","144925","3","3","5","11","11","7","1","0","1","1","0","0"
"POINT (13.528688155000054 52.523733087000039)","Unfall 144926 (2020) Kat:3, Licht: 0","144926","3","2","5","11","14","5","0","0","0","1","0","1"
"POINT (13.387870259000067 52.459069634000059)","Unfall 144927 (2020) Kat:3, Licht: 1","144927","3","4","6","11","15","2","0","1","1","0","1","0"
"POINT (13.223180295000077 52.500526038000032)","Unfall 144928 (2020) Kat:2, Licht: 2","144928","2","1","0","11","00","6","1","2","1","0","0","0"
"POINT (13.327655471000071 52.564076305000071)","Unfall 144929 (2020) Kat:3, Licht: 0","144929","3","3","5","11","11","3","0","0","0","1","0","0"
"POINT (13.609798266000041 52.532991062000065)","Unfall 144930 (2020) Kat:3, Licht: 0","144930","3","2","5","11","10","7","0","0","0","1","0","0"
"POINT (13.359440882000058 52.456711238000082)","Unfall 144931 (2020) Kat:2, Licht: 0","144931","2","2","6","10","10","7","1","0","0","1","1","0"
"POINT (13.383676654000055 52.503338216000031)","Unfall 144932 (2020) Kat:3, Licht: 1","144932","3","1","8","11","16","4","0","1","0","1","0","0"
"POINT (13.283033823000039 52.594211464000068)","Unfall 144933 (2020) Kat:3, Licht: 0","144933","3","2","5","11","09","2","1","0","1","1","0","0"
"POINT (13.182176011000024 52.534096351000073)","Unfall 144934 (2020) Kat:3, Licht: 0","144934","3","1","0","11","15","6","0","0","0","0","0","0"
"POINT (13.432746718000033 52.485298446000058)","Unfall 144935 (2020) Kat:3, Licht: 0","144935","3","6","2","11","08","3","0","0","1","1","0","0"
"POINT (13.304118221000067 52.622132750000048)","Unfall 144936 (2020) Kat:3, Licht: 0","144936","3","2","5","10","10","7","1","0","1","1","0","0"
"POINT (13.355086937000067 52.596638127000062)","Unfall 144937 (2020) Kat:3, Licht: 0","144937","3","3","5","11","12","1","0","0","0","1","0","0"
"POINT (13.579578242000025 52.459043176000080)","Unfall 144938 (2020) Kat:2, Licht: 0","144938","2","4","6","11","13","7","0","0","1","0","1","0"
"POINT (13.425643656000034 52.523457232000055)","Unfall 144939 (2020) Kat:3, Licht: 0","144939","3","4","6","10","09","7","1","0","0","1","1","0"
"POINT (13.178868771000054 52.540949859000079)","Unfall 144940 (2020) Kat:3, Licht: 0","144940","3","3","5","11","12","5","0","0","0","1","0","0"
"POINT (13.320843620000062 52.457147305000035)","Unfall 144941 (2020) Kat:3, Licht: 0","144941","3","7","2","11","07","3","0","0","1","1","0","0"
"POINT (13.328634275000070 52.476614261000066)","Unfall 144942 (2020) Kat:3, Licht: 0","144942","3","4","6","11","13","6","0","0","1","0","1","0"
"POINT (13.377394995000031 52.514569554000047)","Unfall 144943 (2020) Kat:3, Licht: 0","144943","3","1","0","10","11","7","1","0","0","0","0","1"
"POINT (13.418899958000054 52.487639258000058)","Unfall 144944 (2020) Kat:3, Licht: 0","144944","3","5","1","11","09","3","0","0","1","1","0","0"
"POINT (13.446189965000030 52.521085364000044)","Unfall 144945 (2020) Kat:3, Licht: 0","144945","3","4","6","11","13","7","0","0","0","1","1","0"
"POINT (13.419141992000050 52.501067230000046)","Unfall 144946 (2020) Kat:3, Licht: 1","144946","3","6","3","11","16","5","0","1","1","0","0","0"
"POINT (13.386974637000037 52.533204675000036)","Unfall 144947 (2020) Kat:3, Licht: 0","144947","3","7","2","11","13","2","0","0","0","0","0","1"
"POINT (13.296223887000053 52.492511433000061)","Unfall 144948 (2020) Kat:3, Licht: 2","144948","3","6","2","11","18","5","0","2","0","1","0","1"
"POINT (13.438324280000074 52.500249106000069)","Unfall 144949 (2020) Kat:3, Licht: 0","144949","3","6","2","11","09","3","0","0","1","0","1","0"
"POINT (13.374035489000050 52.567608650000068)","Unfall 144950 (2020) Kat:3, Licht: 0","144950","3","3","5","11","08","7","0","0","0","1","0","0"
"POINT (13.455938990000050 52.509958147000077)","Unfall 144951 (2020) Kat:3, Licht: 0","144951","3","5","1","10","11","7","1","0","1","1","0","0"
"POINT (13.175909079000064 52.547954631000039)","Unfall 144952 (2020) Kat:2, Licht: 0","144952","2","5","1","11","13","4","0","0","0","1","0","0"
"POINT (13.394470117000026 52.524585972000068)","Unfall 144953 (2020) Kat:3, Licht: 2","144953","3","1","9","11","02","6","0","2","0","0","0","0"
"POINT (13.376200951000044 52.409256351000067)","Unfall 144954 (2020) Kat:3, Licht: 0","144954","3","2","5","10","12","7","1","0","0","1","0","0"
"POINT (13.215968509000049 52.526914737000027)","Unfall 144955 (2020) Kat:3, Licht: 0","144955","3","2","2","11","14","3","0","0","0","1","0","0"
"POINT (13.360341057000028 52.537243468000042)","Unfall 144956 (2020) Kat:3, Licht: 0","144956","3","2","5","11","09","6","0","0","1","1","0","0"
"POINT (13.545765346000053 52.567915131000063)","Unfall 144957 (2020) Kat:2, Licht: 2","144957","2","1","9","10","00","7","1","2","0","1","0","0"
"POINT (13.285523967000074 52.587702620000073)","Unfall 144958 (2020) Kat:3, Licht: 0","144958","3","2","6","11","12","3","0","0","0","0","1","0"
"POINT (13.613832014000025 52.516396985000029)","Unfall 144959 (2020) Kat:3, Licht: 0","144959","3","3","5","11","13","6","0","0","0","1","0","0"
"POINT (13.332670588000042 52.440257654000050)","Unfall 144960 (2020) Kat:3, Licht: 2","144960","3","3","5","11","16","4","0","2","0","1","0","0"
"POINT (13.469440067000050 52.553666854000028)","Unfall 144961 (2020) Kat:3, Licht: 2","144961","3","1","9","11","00","1","0","2","0","1","0","0"
"POINT (13.357507455000075 52.476447817000064)","Unfall 144962 (2020) Kat:2, Licht: 1","144962","2","6","0","11","16","5","0","1","0","1","0","1"
"POINT (13.189834488000031 52.536916505000079)","Unfall 144963 (2020) Kat:3, Licht: 2","144963","3","3","5","11","22","3","0","2","1","1","0","0"
"POINT (13.393029190000050 52.489216497000029)","Unfall 144964 (2020) Kat:3, Licht: 2","144964","3","2","5","11","21","6","0","2","1","1","0","0"
"POINT (13.353215365000040 52.416699553000058)","Unfall 144965 (2020) Kat:3, Licht: 2","144965","3","5","1","10","00","7","1","2","0","1","0","0"
"POINT (13.387036004000038 52.559647528000028)","Unfall 144966 (2020) Kat:3, Licht: 0","144966","3","6","2","11","09","4","0","0","0","1","0","0"
"POINT (13.562753597000039 52.446183836000046)","Unfall 144967 (2020) Kat:3, Licht: 0","144967","3","2","2","11","11","1","0","0","1","1","0","0"
"POINT (13.422777768000060 52.499052410000047)","Unfall 144968 (2020) Kat:3, Licht: 0","144968","3","2","5","11","14","5","0","0","1","1","0","0"
"POINT (13.315030755000066 52.500892469000064)","Unfall 144969 (2020) Kat:3, Licht: 0","144969","3","3","5","10","14","6","1","0","1","1","0","0"
"POINT (13.323761962000049 52.598495937000052)","Unfall 144970 (2020) Kat:3, Licht: 0","144970","3","3","5","11","15","3","0","0","0","1","0","0"
"POINT (13.368991462000054 52.529629203000070)","Unfall 144971 (2020) Kat:3, Licht: 1","144971","3","2","5","11","07","6","1","1","1","1","0","0"
"POINT (13.449469780000072 52.507814369000073)","Unfall 144972 (2020) Kat:3, Licht: 0","144972","3","3","5","11","07","4","0","0","1","1","0","0"
"POINT (13.328245361000029 52.466124486000069)","Unfall 144973 (2020) Kat:3, Licht: 0","144973","3","2","0","11","19","7","0","0","1","1","0","0"
"POINT (13.280476938000049 52.477429587000074)","Unfall 144974 (2020) Kat:3, Licht: 0","144974","3","2","0","11","12","5","0","0","1","1","0","0"
"POINT (13.574086975000057 52.531721710000056)","Unfall 144975 (2020) Kat:3, Licht: 0","144975","3","3","5","11","15","3","1","0","1","1","0","0"
"POINT (13.174465290000057 52.526287583000055)","Unfall 144976 (2020) Kat:3, Licht: 0","144976","3","5","1","11","08","6","0","0","0","1","0","0"
"POINT (13.558796310000048 52.446752664000030)","Unfall 144977 (2020) Kat:2, Licht: 0","144977","2","2","5","11","14","4","0","0","1","1","0","0"
"POINT (13.428883373000076 52.585040856000035)","Unfall 144978 (2020) Kat:3, Licht: 0","144978","3","4","6","11","15","5","0","0","0","1","1","0"
"POINT (13.385338657000034 52.484302129000071)","Unfall 144979 (2020) Kat:3, Licht: 0","144979","3","1","3","11","16","3","1","0","0","1","0","1"
"POINT (13.352418141000044 52.580831051000075)","Unfall 144980 (2020) Kat:2, Licht: 2","144980","2","7","1","11","19","6","0","2","0","1","0","0"
"POINT (13.457949253000038 52.520678318000080)","Unfall 144981 (2020) Kat:3, Licht: 0","144981","3","6","2","10","16","6","1","0","1","1","0","0"
"POINT (13.502039017000072 52.442692760000057)","Unfall 144982 (2020) Kat:3, Licht: 0","144982","3","1","8","11","07","4","0","0","0","1","0","0"
"POINT (13.318626278000067 52.454169330000070)","Unfall 144983 (2020) Kat:2, Licht: 2","144983","2","2","5","11","06","2","1","2","0","1","0","0"
"POINT (13.318706929000030 52.574014270000077)","Unfall 144984 (2020) Kat:3, Licht: 0","144984","3","3","5","11","12","7","1","0","0","1","0","0"
"POINT (13.396581857000058 52.559556896000061)","Unfall 144985 (2020) Kat:2, Licht: 2","144985","2","5","1","11","20","5","0","2","0","1","0","0"
"POINT (13.423888453000075 52.530322012000056)","Unfall 144986 (2020) Kat:3, Licht: 0","144986","3","5","1","11","12","2","1","0","1","1","0","0"
"POINT (13.409866283000042 52.503898268000057)","Unfall 144987 (2020) Kat:3, Licht: 2","144987","3","4","6","11","17","2","0","2","0","1","1","0"
"POINT (13.329538272000036 52.464045994000060)","Unfall 144988 (2020) Kat:3, Licht: 2","144988","3","7","6","11","17","6","0","2","0","1","1","0"
"POINT (13.387280244000067 52.526142463000042)","Unfall 144989 (2020) Kat:2, Licht: 0","144989","2","1","0","11","10","4","0","0","1","0","0","0"
"POINT (13.429673733000072 52.510358162000045)","Unfall 144990 (2020) Kat:3, Licht: 0","144990","3","6","2","11","12","2","1","0","0","1","0","0"
"POINT (13.447442500000022 52.475721129000078)","Unfall 144991 (2020) Kat:3, Licht: 0","144991","3","5","1","11","13","1","0","0","1","1","0","0"
"POINT (13.540155589000051 52.565283732000069)","Unfall 144992 (2020) Kat:3, Licht: 0","144992","3","2","5","11","13","7","0","0","1","1","0","0"
"POINT (13.348795975000030 52.470373471000073)","Unfall 144993 (2020) Kat:3, Licht: 0","144993","3","6","2","11","09","5","0","0","0","1","0","0"
"POINT (13.357051499000022 52.498892724000029)","Unfall 144994 (2020) Kat:2, Licht: 0","144994","2","2","5","11","08","3","0","0","1","1","0","0"
"POINT (13.304080183000053 52.622165823000046)","Unfall 144995 (2020) Kat:3, Licht: 0","144995","3","2","5","11","14","6","0","0","1","0","0","0"
"POINT (13.625382802000047 52.456275987000026)","Unfall 144996 (2020) Kat:2, Licht: 0","144996","2","7","5","10","09","6","1","0","0","1","0","0"
"POINT (13.322618888000022 52.486123389000056)","Unfall 144997 (2020) Kat:3, Licht: 0","144997","3","6","0","11","08","3","0","0","0","1","0","1"
"POINT (13.575622945000077 52.423785134000070)","Unfall 144998 (2020) Kat:3, Licht: 0","144998","3","2","5","11","11","7","0","0","1","1","0","0"
"POINT (13.319470421000062 52.492253483000070)","Unfall 144999 (2020) Kat:2, Licht: 0","144999","2","2","5","11","14","5","0","0","0","1","0","1"
"POINT (13.437875209000026 52.493932643000051)","Unfall 145000 (2020) Kat:3, Licht: 2","145000","3","4","6","12","17","3","0","2","1","0","1","0"
"POINT (13.527827531000071 52.411115250000080)","Unfall 145001 (2020) Kat:3, Licht: 2","145001","3","7","0","11","20","6","1","2","0","1","0","0"
"POINT (13.415136146000066 52.527071020000051)","Unfall 145002 (2020) Kat:3, Licht: 2","145002","3","6","2","11","03","3","0","2","0","1","0","0"
"POINT (13.403253111000026 52.516766151000070)","Unfall 145003 (2020) Kat:3, Licht: 0","145003","3","3","0","11","09","3","0","0","1","0","0","0"
"POINT (13.431928239000058 52.497400608000078)","Unfall 145004 (2020) Kat:3, Licht: 2","145004","3","2","5","11","22","5","1","2","1","0","0","0"
"POINT (13.398638977000076 52.443377435000059)","Unfall 145005 (2020) Kat:3, Licht: 0","145005","3","6","2","11","08","2","0","0","0","1","0","0"
"POINT (13.499316599000053 52.518967371000031)","Unfall 145006 (2020) Kat:1, Licht: 0","145006","1","2","5","11","10","6","0","0","1","0","0","0"
"POINT (13.576585884000053 52.493439917000046)","Unfall 145007 (2020) Kat:3, Licht: 2","145007","3","3","5","11","17","4","0","2","1","1","0","0"
"POINT (13.360282788000063 52.456346729000074)","Unfall 145008 (2020) Kat:3, Licht: 0","145008","3","6","2","11","13","7","0","0","0","1","0","0"
"POINT (13.522727665000048 52.565147505000027)","Unfall 145009 (2020) Kat:3, Licht: 0","145009","3","3","5","11","16","6","0","0","1","1","0","0"
"POINT (13.388840095000035 52.499514163000072)","Unfall 145010 (2020) Kat:3, Licht: 0","145010","3","1","0","11","12","3","0","0","1","0","0","0"
"POINT (13.358846380000045 52.437138040000036)","Unfall 145011 (2020) Kat:3, Licht: 2","145011","3","2","5","11","17","6","0","2","1","1","0","0"
"POINT (13.442377302000068 52.636958067000080)","Unfall 145012 (2020) Kat:3, Licht: 2","145012","3","2","5","11","17","2","0","2","0","1","0","0"
"POINT (13.445030759000076 52.520002855000030)","Unfall 145013 (2020) Kat:3, Licht: 0","145013","3","5","0","11","09","6","1","0","1","1","0","0"
"POINT (13.286619373000065 52.535166731000061)","Unfall 145014 (2020) Kat:3, Licht: 2","145014","3","2","5","11","17","6","0","2","0","1","0","1"
"POINT (13.436775154000031 52.466999343000055)","Unfall 145015 (2020) Kat:3, Licht: 0","145015","3","5","1","12","13","3","0","0","1","0","0","0"
"POINT (13.491409567000062 52.543538190000049)","Unfall 145016 (2020) Kat:2, Licht: 0","145016","2","4","6","11","15","6","1","0","0","1","1","0"
"POINT (13.500071144000060 52.561566674000062)","Unfall 145017 (2020) Kat:2, Licht: 2","145017","2","7","6","11","05","2","1","2","0","1","1","0"
"POINT (13.559887990000050 52.537597459000040)","Unfall 145018 (2020) Kat:2, Licht: 0","145018","2","4","6","11","11","5","1","0","0","1","1","0"