WKT,Name,OBJECTID,UKATEGORIE,UTYP1,UART,UMONAT,USTUNDE,UWOCHENTAG,STRZUSTAND,ULICHTVERH,ISTRAD,ISTPKW,ISTFUSS,ISTKRAD
"POINT (13.310469548000071 52.515983909000056)","Unfall 145019 (2020) Kat:3, Licht: 0","145019","3","3","5","11","11","1","0","0","0","1","0","0"
"POINT (13.444944834000069 52.499510276000080)","Unfall 145020 (2020) Kat:3, Licht: 2","145020","3","6","2","11","20","6","0","2","1","1","0","0"
"POINT (13.408198442000071 52.563625633000072)","Unfall 145021 (2020) Kat:2, Licht: 0","145021","2","3","5","11","13","4","0","0","0","1","0","0"
"POINT (13.394321568000066 52.486532264000061)","Unfall 145022 (2020) Kat:3, Licht: 0","145022","3","7","2","11","14","6","0","0","1","1","0","0"
"POINT (13.417715558000054 52.513851436000039)","Unfall 145023 (2020) Kat:3, Licht: 2","145023","3","3","5","12","17","4","0","2","1","1","0","0"
"POINT (13.290744032000077 52.475277094000035)","Unfall 145024 (2020) Kat:3, Licht: 0","145024","3","7","6","11","14","4","0","0","0","1","1","0"
"POINT (13.496506072000045 52.533978201000082)","Unfall 145025 (2020) Kat:3, Licht: 1","145025","3","3","5","11","16","7","0","1","1","1","0","0"
"POINT (13.305176426000060 52.499574438000081)","Unfall 145026 (2020) Kat:2, Licht: 0","145026","2","6","2","11","14","6","0","0","0","1","0","0"
"POINT (13.177065549000076 52.525152952000042)","Unfall 145027 (2020) Kat:3, Licht: 0","145027","3","6","3","11","13","6","0","0","0","1","0","0"
"POINT (13.406644053000036 52.498327261000043)","Unfall 145028 (2020) Kat:3, Licht: 2","145028","3","2","5","11","18","2","0","2","1","1","0","0"
"POINT (13.351101982000046 52.567594305000057)","Unfall 145029 (2020) Kat:3, Licht: 2","145029","3","2","5","11","06","6","1","2","0","1","0","0"
"POINT (13.285883474000059 52.452928219000057)","Unfall 145030 (2020) Kat:3, Licht: 0","145030","3","6","2","11","13","6","0","0","0","1","0","0"
"POINT (13.384280724000064 52.556070430000034)","Unfall 145031 (2020) Kat:3, Licht: 0","145031","3","6","2","12","10","3","0","0","0","1","0","1"
"POINT (13.260967685000026 52.509728771000027)","Unfall 145032 (2020) Kat:3, Licht: 0","145032","3","5","1","11","12","6","0","0","0","1","0","0"
"POINT (13.351994554000044 52.508246467000049)","Unfall 145033 (2020) Kat:3, Licht: 1","145033","3","1","0","11","08","2","0","1","1","0","0","0"
"POINT (13.439342767000028 52.552166037000063)","Unfall 145034 (2020) Kat:3, Licht: 0","145034","3","4","6","11","10","5","0","0","0","1","1","0"
"POINT (13.267015817000072 52.519933338000044)","Unfall 145035 (2020) Kat:3, Licht: 2","145035","3","1","0","11","04","1","1","2","0","1","0","0"
"POINT (13.232440888000042 52.538394133000054)","Unfall 145036 (2020) Kat:3, Licht: 0","145036","3","6","2","11","11","6","0","0","0","1","0","0"
"POINT (13.456806078000056 52.502445090000037)","Unfall 145037 (2020) Kat:3, Licht: 0","145037","3","1","0","11","11","4","0","0","0","0","0","1"
"POINT (13.431225523000023 52.499167732000046)","Unfall 145038 (2020) Kat:3, Licht: 0","145038","3","2","5","11","10","5","0","0","1","1","0","0"
"POINT (13.424410750000050 52.552296255000044)","Unfall 145039 (2020) Kat:3, Licht: 0","145039","3","1","0","11","15","5","1","0","1","0","0","0"
"POINT (13.377325878000022 52.556584102000045)","Unfall 145040 (2020) Kat:3, Licht: 0","145040","3","3","5","11","08","2","0","0","1","0","0","0"
"POINT (13.375618398000029 52.456552920000036)","Unfall 145041 (2020) Kat:3, Licht: 1","145041","3","6","3","11","16","3","0","1","1","1","0","0"
"POINT (13.133250147000069 52.461958927000069)","Unfall 145042 (2020) Kat:2, Licht: 0","145042","2","4","6","11","14","6","0","0","0","1","1","0"
"POINT (13.487067922000051 52.502419387000032)","Unfall 145043 (2020) Kat:3, Licht: 0","145043","3","4","6","11","11","2","0","0","1","0","1","0"
"POINT (13.360983067000063 52.494257692000076)","Unfall 145044 (2020) Kat:3, Licht: 2","145044","3","2","5","11","22","5","1","2","0","1","0","0"
"POINT (13.376767662000077 52.485033073000068)","Unfall 145045 (2020) Kat:3, Licht: 0","145045","3","2","5","11","13","2","0","0","1","1","0","0"
"POINT (13.411756325000056 52.523965530000055)","Unfall 145046 (2020) Kat:3, Licht: 0","145046","3","2","5","11","12","5","1","0","0","1","0","0"
"POINT (13.210043502000076 52.548392179000075)","Unfall 145047 (2020) Kat:3, Licht: 0","145047","3","5","0","11","12","2","0","0","0","1","0","1"
"POINT (13.449966405000055 52.507522807000043)","Unfall 145048 (2020) Kat:2, Licht: 0","145048","2","1","0","11","14","6","0","0","1","0","0","0"
"POINT (13.368955852000056 52.526200904000063)","Unfall 145049 (2020) Kat:3, Licht: 2","145049","3","4","6","11","00","2","0","2","0","1","1","0"
"POINT (13.394837063000068 52.496154256000068)","Unfall 145050 (2020) Kat:3, Licht: 0","145050","3","1","0","11","08","5","1","0","1","0","0","0"
"POINT (13.442470421000053 52.557182763000071)","Unfall 145051 (2020) Kat:3, Licht: 0","145051","3","3","5","11","12","2","0","0","1","1","0","0"
"POINT (13.519137631000035 52.510675611000067)","Unfall 145052 (2020) Kat:3, Licht: 0","145052","3","6","2","11","09","4","1","0","0","1","0","0"
"POINT (13.352301101000023 52.416259229000048)","Unfall 145053 (2020) Kat:3, Licht: 2","145053","3","5","1","11","04","7","1","2","0","1","0","0"
"POINT (13.438863357000059 52.555456001000039)","Unfall 145054 (2020) Kat:3, Licht: 0","145054","3","2","5","11","07","5","0","0","1","1","0","0"
"POINT (13.569671267000047 52.444475495000063)","Unfall 145055 (2020) Kat:3, Licht: 1","145055","3","6","2","11","16","5","0","1","0","1","0","0"
"POINT (13.427504378000037 52.545872405000068)","Unfall 145056 (2020) Kat:3, Licht: 2","145056","3","7","6","11","18","5","1","2","1","0","1","0"
"POINT (13.558210825000060 52.434836459000053)","Unfall 145057 (2020) Kat:3, Licht: 2","145057","3","3","5","11","21","5","0","2","0","1","0","1"
"POINT (13.404810903000055 52.535503480000045)","Unfall 145058 (2020) Kat:3, Licht: 0","145058","3","5","1","11","10","2","1","0","0","1","0","1"
"POINT (13.377730492000069 52.507837805000065)","Unfall 145059 (2020) Kat:3, Licht: 0","145059","3","3","5","11","09","3","0","0","1","1","0","0"
"POINT (13.322767799000076 52.565393901000050)","Unfall 145060 (2020) Kat:3, Licht: 0","145060","3","4","6","11","16","6","0","0","1","0","1","0"
"POINT (13.376577104000035 52.453417499000068)","Unfall 145061 (2020) Kat:2, Licht: 0","145061","2","4","6","11","14","2","0","0","0","1","1","0"
"POINT (13.391170745000068 52.544720542000050)","Unfall 145062 (2020) Kat:3, Licht: 2","145062","3","2","6","11","21","5","1","2","0","0","1","0"
"POINT (13.443338842000060 52.511964907000049)","Unfall 145063 (2020) Kat:3, Licht: 2","145063","3","3","5","11","20","4","0","2","0","1","0","0"
"POINT (13.161148320000052 52.548467472000027)","Unfall 145064 (2020) Kat:2, Licht: 0","145064","2","3","5","11","11","7","0","0","0","1","0","0"
"POINT (13.300589861000049 52.517115500000045)","Unfall 145065 (2020) Kat:3, Licht: 2","145065","3","2","5","11","20","5","1","2","0","1","0","0"
"POINT (13.391378562000057 52.555186420000041)","Unfall 145066 (2020) Kat:3, Licht: 0","145066","3","2","5","11","11","2","0","0","0","1","0","0"
"POINT (13.503789908000044 52.534459972000036)","Unfall 145067 (2020) Kat:2, Licht: 2","145067","2","7","4","11","18","5","0","2","0","1","0","0"
"POINT (13.463999122000075 52.481924632000073)","Unfall 145068 (2020) Kat:3, Licht: 2","145068","3","6","2","11","18","5","1","2","0","1","0","0"
"POINT (13.508708915000057 52.452122804000055)","Unfall 145069 (2020) Kat:3, Licht: 0","145069","3","6","2","11","08","4","1","0","0","1","0","0"
"POINT (13.273561366000024 52.508851858000071)","Unfall 145070 (2020) Kat:3, Licht: 2","145070","3","6","2","11","21","7","0","2","0","1","0","0"
"POINT (13.159588646000032 52.552331241000047)","Unfall 145071 (2020) Kat:3, Licht: 2","145071","3","6","3","11","17","5","1","2","0","1","0","0"
"POINT (13.301274155000044 52.498997311000039)","Unfall 145072 (2020) Kat:3, Licht: 0","145072","3","6","2","11","08","5","0","0","1","1","0","0"
"POINT (13.428725175000068 52.486568624000029)","Unfall 145073 (2020) Kat:3, Licht: 2","145073","3","6","3","11","17","5","1","2","1","0","0","0"
"POINT (13.427161323000064 52.552168118000054)","Unfall 145074 (2020) Kat:3, Licht: 0","145074","3","1","0","11","08","5","0","0","1","0","0","0"
"POINT (13.341006443000026 52.485430270000052)","Unfall 145075 (2020) Kat:3, Licht: 2","145075","3","5","1","12","16","3","0","2","1","1","0","0"
"POINT (13.521894345000021 52.525949383000068)","Unfall 145076 (2020) Kat:3, Licht: 2","145076","3","3","5","11","17","5","1","2","0","1","0","0"
"POINT (13.413155905000053 52.547682825000038)","Unfall 145077 (2020) Kat:3, Licht: 2","145077","3","2","5","11","19","2","0","2","1","1","0","0"
"POINT (13.468463049000036 52.553871275000063)","Unfall 145078 (2020) Kat:3, Licht: 0","145078","3","1","9","11","09","3","0","0","0","1","0","0"
"POINT (13.263096902000029 52.439162537000072)","Unfall 145079 (2020) Kat:3, Licht: 2","145079","3","3","5","11","18","5","1","2","0","0","0","0"
"POINT (13.492211275000045 52.534070855000039)","Unfall 145080 (2020) Kat:2, Licht: 0","145080","2","7","2","11","07","2","0","0","0","1","0","0"
"POINT (13.319271962000073 52.528401465000059)","Unfall 145081 (2020) Kat:3, Licht: 0","145081","3","3","5","11","07","5","0","0","0","1","0","0"
"POINT (13.452469858000029 52.527593413000034)","Unfall 145082 (2020) Kat:3, Licht: 0","145082","3","6","2","11","15","4","0","0","0","1","0","0"
"POINT (13.196864016000063 52.513093248000075)","Unfall 145083 (2020) Kat:2, Licht: 0","145083","2","2","5","11","12","7","0","0","0","1","0","0"
"POINT (13.352693345000034 52.564372663000029)","Unfall 145084 (2020) Kat:3, Licht: 2","145084","3","2","2","11","06","5","0","2","0","1","0","1"
"POINT (13.403148966000060 52.463429345000065)","Unfall 145085 (2020) Kat:3, Licht: 2","145085","3","3","5","11","17","2","0","2","0","1","0","0"
"POINT (13.435142477000056 52.436934163000046)","Unfall 145086 (2020) Kat:2, Licht: 2","145086","2","1","9","11","00","5","0","2","0","1","0","0"
"POINT (13.247578465000061 52.524520579000068)","Unfall 145087 (2020) Kat:3, Licht: 1","145087","3","2","2","11","16","2","0","1","0","1","0","0"
"POINT (13.201772193000068 52.541147760000058)","Unfall 145088 (2020) Kat:3, Licht: 0","145088","3","5","1","11","15","6","1","0","0","1","0","0"
"POINT (13.422908602000064 52.558500032000040)","Unfall 145089 (2020) Kat:3, Licht: 1","145089","3","4","6","11","17","5","1","1","0","1","1","0"
"POINT (13.245096466000064 52.621407126000065)","Unfall 145090 (2020) Kat:3, Licht: 2","145090","3","5","1","12","19","3","0","2","0","1","0","0"
"POINT (13.436537599000076 52.592658928000048)","Unfall 145091 (2020) Kat:3, Licht: 2","145091","3","6","3","11","16","5","1","2","1","0","0","0"
"POINT (13.247854626000048 52.538264612000035)","Unfall 145092 (2020) Kat:3, Licht: 0","145092","3","2","5","11","16","2","0","0","1","1","0","0"
"POINT (13.504814342000032 52.643544934000033)","Unfall 145093 (2020) Kat:2, Licht: 0","145093","2","1","1","11","07","5","1","0","0","1","0","0"
"POINT (13.198302360000071 52.521049831000028)","Unfall 145094 (2020) Kat:3, Licht: 0","145094","3","3","5","11","10","2","0","0","1","1","0","0"
"POINT (13.383558435000054 52.541465845000062)","Unfall 145095 (2020) Kat:3, Licht: 0","145095","3","7","6","11","09","6","0","0","0","1","1","0"
"POINT (13.184495272000049 52.547634978000076)","Unfall 145096 (2020) Kat:3, Licht: 2","145096","3","2","0","11","16","5","1","2","0","1","1","0"
"POINT (13.307217786000024 52.501010611000027)","Unfall 145097 (2020) Kat:3, Licht: 0","145097","3","5","1","12","14","3","0","0","1","1","0","0"
"POINT (13.153468349000036 52.553437560000077)","Unfall 145098 (2020) Kat:3, Licht: 2","145098","3","1","0","11","16","5","1","2","1","0","0","0"
"POINT (13.294425614000033 52.576141492000033)","Unfall 145099 (2020) Kat:3, Licht: 0","145099","3","6","2","11","09","2","1","0","0","1","0","0"
"POINT (13.384395523000023 52.550877523000054)","Unfall 145100 (2020) Kat:3, Licht: 1","145100","3","4","6","11","15","5","1","1","1","0","1","0"
"POINT (13.472534461000066 52.508504129000073)","Unfall 145101 (2020) Kat:3, Licht: 2","145101","3","7","4","11","19","2","0","2","1","1","0","0"
"POINT (13.198424515000056 52.542812172000026)","Unfall 145102 (2020) Kat:3, Licht: 1","145102","3","3","5","11","15","5","0","1","0","1","0","1"
"POINT (13.201103966000062 52.539171658000043)","Unfall 145103 (2020) Kat:3, Licht: 0","145103","3","6","3","11","15","4","0","0","0","1","0","0"
"POINT (13.254420263000043 52.506622130000039)","Unfall 145104 (2020) Kat:3, Licht: 0","145104","3","1","0","11","14","7","0","0","1","0","0","0"
"POINT (13.395377116000077 52.413156473000072)","Unfall 145105 (2020) Kat:3, Licht: 0","145105","3","2","5","11","14","5","0","0","0","1","0","0"
"POINT (13.459458599000072 52.467209178000076)","Unfall 145106 (2020) Kat:3, Licht: 0","145106","3","3","5","12","13","4","0","0","0","1","0","0"
"POINT (13.324679676000073 52.448804235000068)","Unfall 145107 (2020) Kat:3, Licht: 0","145107","3","6","3","11","14","5","1","0","0","1","0","0"
"POINT (13.479488447000051 52.410384605000047)","Unfall 145108 (2020) Kat:3, Licht: 0","145108","3","3","5","11","09","2","0","0","0","1","0","0"
"POINT (13.519417913000041 52.454102100000057)","Unfall 145109 (2020) Kat:2, Licht: 1","145109","2","4","6","11","07","6","1","1","0","1","1","0"
"POINT (13.129568394000046 52.472529002000044)","Unfall 145110 (2020) Kat:3, Licht: 0","145110","3","4","6","12","08","3","0","0","0","1","1","0"
"POINT (13.411957599000061 52.512435718000063)","Unfall 145111 (2020) Kat:3, Licht: 0","145111","3","5","1","11","08","5","1","0","1","1","0","0"
"POINT (13.402628763000052 52.492179118000081)","Unfall 145112 (2020) Kat:3, Licht: 1","145112","3","5","1","11","16","2","1","1","1","1","0","0"
"POINT (13.477538534000075 52.438563216000034)","Unfall 145113 (2020) Kat:3, Licht: 0","145113","3","6","6","11","15","4","0","0","0","0","1","0"
"POINT (13.385434472000043 52.553990960000078)","Unfall 145114 (2020) Kat:3, Licht: 2","145114","3","5","0","11","16","1","0","2","0","1","0","1"
"POINT (13.396944732000065 52.514328444000057)","Unfall 145115 (2020) Kat:3, Licht: 0","145115","3","2","6","11","09","5","0","0","0","0","1","0"
"POINT (13.407514247000051 52.554323508000039)","Unfall 145116 (2020) Kat:3, Licht: 0","145116","3","3","5","11","09","1","1","0","0","1","0","0"
"POINT (13.435890971000049 52.467024331000061)","Unfall 145117 (2020) Kat:3, Licht: 0","145117","3","7","0","11","10","5","0","0","0","1","1","0"
"POINT (13.267360805000067 52.531115451000062)","Unfall 145118 (2020) Kat:3, Licht: 0","145118","3","7","5","11","12","4","1","0","0","1","0","0"
"POINT (13.418059602000028 52.524354550000055)","Unfall 145119 (2020) Kat:2, Licht: 0","145119","2","4","0","11","12","5","0","0","1","0","1","0"
"POINT (13.472634714000037 52.461141722000036)","Unfall 145120 (2020) Kat:3, Licht: 0","145120","3","3","5","12","08","4","0","0","0","1","0","0"
"POINT (13.348373919000039 52.542764950000048)","Unfall 145121 (2020) Kat:3, Licht: 0","145121","3","3","0","11","12","5","1","0","0","1","0","1"
"POINT (13.296615290000034 52.443036124000059)","Unfall 145122 (2020) Kat:3, Licht: 0","145122","3","4","6","11","09","2","0","0","1","0","1","0"
"POINT (13.594052977000047 52.544425354000055)","Unfall 145123 (2020) Kat:3, Licht: 2","145123","3","3","5","11","16","6","0","2","1","1","0","0"
"POINT (13.128692563000072 52.527294294000058)","Unfall 145124 (2020) Kat:3, Licht: 0","145124","3","6","2","11","11","2","0","0","0","1","0","0"
"POINT (13.390920786000038 52.535977505000062)","Unfall 145125 (2020) Kat:3, Licht: 0","145125","3","1","0","11","10","5","1","0","0","0","0","1"
"POINT (13.435993873000029 52.498016961000076)","Unfall 145126 (2020) Kat:3, Licht: 0","145126","3","3","5","11","09","2","0","0","1","0","0","0"
"POINT (13.400414338000076 52.532963875000064)","Unfall 145127 (2020) Kat:2, Licht: 0","145127","2","1","0","11","08","4","0","0","1","0","0","0"
"POINT (13.436492404000035 52.483588953000037)","Unfall 145128 (2020) Kat:3, Licht: 0","145128","3","5","0","11","12","7","0","0","1","1","0","0"
"POINT (13.345292880000045 52.506596978000061)","Unfall 145129 (2020) Kat:3, Licht: 0","145129","3","7","0","11","13","5","0","0","1","0","0","0"
"POINT (13.305396836000057 52.498514969000041)","Unfall 145130 (2020) Kat:3, Licht: 2","145130","3","2","5","11","19","4","0","2","1","1","0","0"
"POINT (13.352202210000030 52.505456503000062)","Unfall 145131 (2020) Kat:3, Licht: 1","145131","3","2","2","11","07","4","0","1","1","1","0","0"
"POINT (13.435517085000072 52.499999013000036)","Unfall 145132 (2020) Kat:2, Licht: 2","145132","2","7","7","12","17","3","0","2","0","0","0","1"
"POINT (13.396628949000046 52.593632454000044)","Unfall 145133 (2020) Kat:2, Licht: 2","145133","2","2","5","11","06","4","1","2","0","1","0","0"
"POINT (13.591415347000066 52.534691837000082)","Unfall 145134 (2020) Kat:3, Licht: 0","145134","3","4","6","11","13","2","0","0","0","1","1","0"
"POINT (13.271643603000030 52.517077913000037)","Unfall 145135 (2020) Kat:3, Licht: 0","145135","3","3","5","11","15","3","0","0","0","1","0","0"
"POINT (13.324914193000041 52.461165315000073)","Unfall 145136 (2020) Kat:3, Licht: 2","145136","3","4","6","11","18","6","0","2","0","1","1","0"
"POINT (13.593406022000067 52.452524512000082)","Unfall 145137 (2020) Kat:3, Licht: 0","145137","3","2","5","11","15","4","0","0","1","1","0","0"
"POINT (13.428633707000074 52.508774893000066)","Unfall 145138 (2020) Kat:3, Licht: 0","145138","3","3","5","11","11","4","0","0","1","1","0","0"
"POINT (13.402278844000023 52.565589917000068)","Unfall 145139 (2020) Kat:3, Licht: 0","145139","3","6","4","11","08","2","0","0","0","1","0","0"
"POINT (13.412001080000039 52.531352162000076)","Unfall 145140 (2020) Kat:3, Licht: 0","145140","3","6","3","11","08","3","0","0","1","0","0","0"
"POINT (13.387916659000041 52.492995914000062)","Unfall 145141 (2020) Kat:3, Licht: 2","145141","3","2","5","11","20","6","0","2","1","1","0","0"
"POINT (13.278687956000056 52.474050056000067)","Unfall 145142 (2020) Kat:2, Licht: 1","145142","2","7","0","11","15","2","0","1","1","0","0","0"
"POINT (13.354777955000031 52.517455262000055)","Unfall 145143 (2020) Kat:3, Licht: 0","145143","3","6","3","11","13","4","0","0","0","1","0","1"
"POINT (13.304423994000047 52.518302211000048)","Unfall 145144 (2020) Kat:3, Licht: 0","145144","3","3","2","11","12","4","0","0","1","1","0","0"
"POINT (13.390270337000061 52.508592187000033)","Unfall 145145 (2020) Kat:3, Licht: 2","145145","3","3","5","11","17","7","1","2","0","1","0","0"
"POINT (13.483598671000038 52.431222804000072)","Unfall 145146 (2020) Kat:3, Licht: 0","145146","3","3","5","11","12","4","0","0","0","1","0","0"
"POINT (13.359562577000077 52.544114167000032)","Unfall 145147 (2020) Kat:3, Licht: 0","145147","3","7","6","11","10","4","0","0","0","1","1","0"
"POINT (13.477263853000068 52.562004773000069)","Unfall 145148 (2020) Kat:2, Licht: 0","145148","2","5","1","11","12","4","1","0","0","1","0","0"
"POINT (13.207339021000053 52.532935572000042)","Unfall 145149 (2020) Kat:3, Licht: 0","145149","3","6","3","11","12","4","0","0","1","1","0","0"
"POINT (13.289055601000030 52.518950748000066)","Unfall 145150 (2020) Kat:3, Licht: 0","145150","3","7","6","11","11","4","0","0","1","0","1","0"
"POINT (13.521836324000049 52.402054881000026)","Unfall 145151 (2020) Kat:2, Licht: 0","145151","2","7","6","12","15","3","0","0","0","0","1","0"
"POINT (13.329612064000059 52.569242494000036)","Unfall 145152 (2020) Kat:2, Licht: 0","145152","2","6","4","11","11","4","1","0","0","1","0","0"
"POINT (13.477882741000030 52.514613646000043)","Unfall 145153 (2020) Kat:3, Licht: 0","145153","3","2","5","11","08","2","0","0","1","1","0","0"
"POINT (13.330864383000062 52.489441854000063)","Unfall 145154 (2020) Kat:3, Licht: 0","145154","3","4","6","11","15","3","0","0","0","1","1","0"
"POINT (13.457026271000075 52.453357909000033)","Unfall 145155 (2020) Kat:3, Licht: 2","145155","3","7","5","11","16","5","1","2","0","1","0","0"
"POINT (13.525567995000074 52.494155803000069)","Unfall 145156 (2020) Kat:3, Licht: 0","145156","3","6","2","11","07","2","0","0","0","1","0","0"
"POINT (13.352848842000071 52.516216275000033)","Unfall 145157 (2020) Kat:3, Licht: 0","145157","3","4","6","11","10","4","0","0","0","1","1","0"
"POINT (13.412476864000041 52.491953139000032)","Unfall 145158 (2020) Kat:3, Licht: 0","145158","3","3","5","11","10","4","0","0","1","1","0","0"
"POINT (13.455827027000055 52.473808572000053)","Unfall 145159 (2020) Kat:3, Licht: 0","145159","3","2","5","11","14","4","0","0","1","1","0","0"
"POINT (13.334310423000034 52.598975012000039)","Unfall 145160 (2020) Kat:3, Licht: 2","145160","3","2","6","11","17","7","0","2","0","1","1","0"
"POINT (13.262897242000065 52.521081462000041)","Unfall 145161 (2020) Kat:3, Licht: 2","145161","3","2","5","11","19","4","0","2","0","1","0","1"
"POINT (13.541658768000048 52.525776604000043)","Unfall 145162 (2020) Kat:3, Licht: 2","145162","3","2","2","11","06","2","0","2","0","0","0","1"
"POINT (13.198925797000072 52.532865011000069)","Unfall 145163 (2020) Kat:3, Licht: 2","145163","3","6","2","11","21","4","0","2","0","1","0","0"
"POINT (13.204233703000057 52.540640920000044)","Unfall 145164 (2020) Kat:3, Licht: 0","145164","3","2","5","11","14","3","0","0","0","1","0","0"
"POINT (13.430295828000055 52.499296113000071)","Unfall 145165 (2020) Kat:3, Licht: 2","145165","3","2","5","11","17","4","1","2","1","1","0","0"
"POINT (13.288285532000032 52.513061636000032)","Unfall 145166 (2020) Kat:3, Licht: 0","145166","3","2","5","11","14","7","0","0","1","1","0","0"
"POINT (13.380909708000047 52.516369655000062)","Unfall 145167 (2020) Kat:3, Licht: 2","145167","3","2","5","11","22","4","0","2","1","1","0","0"
"POINT (13.433764690000032 52.549578130000043)","Unfall 145168 (2020) Kat:3, Licht: 1","145168","3","2","5","11","06","2","1","1","1","1","0","0"
"POINT (13.388806051000074 52.517160887000045)","Unfall 145169 (2020) Kat:3, Licht: 0","145169","3","4","6","11","09","4","0","0","0","0","1","0"
"POINT (13.320487544000059 52.505853615000035)","Unfall 145170 (2020) Kat:3, Licht: 2","145170","3","1","0","11","18","4","0","2","1","0","0","0"
"POINT (13.420278999000061 52.567004433000079)","Unfall 145171 (2020) Kat:3, Licht: 0","145171","3","3","5","11","07","2","0","0","0","1","0","0"
"POINT (13.310167074000049 52.613881735000064)","Unfall 145172 (2020) Kat:3, Licht: 0","145172","3","6","0","11","12","6","1","0","0","1","0","1"
"POINT (13.546490152000047 52.418776317000038)","Unfall 145173 (2020) Kat:3, Licht: 0","145173","3","1","0","11","08","4","1","0","0","0","0","1"
"POINT (13.294999591000021 52.637151574000029)","Unfall 145174 (2020) Kat:3, Licht: 0","145174","3","3","5","12","13","3","0","0","1","1","0","0"
"POINT (13.447769185000027 52.536198444000036)","Unfall 145175 (2020) Kat:3, Licht: 2","145175","3","7","6","11","18","4","0","2","1","0","1","0"
"POINT (13.515107894000039 52.535331610000071)","Unfall 145176 (2020) Kat:3, Licht: 2","145176","3","1","9","11","00","2","1","2","0","1","0","0"
"POINT (13.227356817000043 52.537682710000070)","Unfall 145177 (2020) Kat:3, Licht: 0","145177","3","6","2","11","12","5","1","0","0","1","0","0"
"POINT (13.371617606000029 52.533223853000038)","Unfall 145178 (2020) Kat:3, Licht: 0","145178","3","6","2","11","10","2","0","0","1","1","0","0"
"POINT (13.330075422000050 52.569963221000080)","Unfall 145179 (2020) Kat:3, Licht: 2","145179","3","2","6","11","17","4","0","2","0","1","1","0"
"POINT (13.303434646000028 52.475215827000056)","Unfall 145180 (2020) Kat:3, Licht: 2","145180","3","2","6","11","19","3","0","2","0","0","1","0"
"POINT (13.283397378000075 52.589961315000039)","Unfall 145181 (2020) Kat:2, Licht: 0","145181","2","2","6","11","13","4","0","0","0","0","1","0"
"POINT (13.344166774000030 52.467399334000049)","Unfall 145182 (2020) Kat:2, Licht: 0","145182","2","3","5","11","08","4","0","0","0","1","0","1"
"POINT (13.225795946000062 52.554440050000039)","Unfall 145183 (2020) Kat:2, Licht: 0","145183","2","2","5","12","12","4","0","0","0","1","0","0"
"POINT (13.122146684000029 52.453161255000055)","Unfall 145184 (2020) Kat:3, Licht: 0","145184","3","3","5","11","07","4","0","0","0","1","0","0"
"POINT (13.441411416000051 52.480824475000077)","Unfall 145185 (2020) Kat:3, Licht: 2","145185","3","3","5","11","20","1","1","2","0","1","0","0"
"POINT (13.441103810000072 52.549552790000064)","Unfall 145186 (2020) Kat:2, Licht: 2","145186","2","3","5","11","00","6","1","2","0","1","0","0"
"POINT (13.391763743000070 52.568109153000080)","Unfall 145187 (2020) Kat:3, Licht: 0","145187","3","3","5","11","07","4","1","0","1","1","0","0"
"POINT (13.490125743000021 52.419990107000046)","Unfall 145188 (2020) Kat:3, Licht: 2","145188","3","3","5","11","17","1","0","2","0","1","0","0"
"POINT (13.432243724000045 52.543866598000079)","Unfall 145189 (2020) Kat:2, Licht: 1","145189","2","3","5","11","08","6","1","1","0","1","0","1"
"POINT (13.274082072000056 52.430832127000031)","Unfall 145190 (2020) Kat:3, Licht: 2","145190","3","3","5","11","17","4","0","2","1","1","0","0"
"POINT (13.260668713000030 52.543878240000026)","Unfall 145191 (2020) Kat:3, Licht: 0","145191","3","7","5","12","13","3","0","0","1","1","0","0"
"POINT (13.467089364000060 52.559978536000074)","Unfall 145192 (2020) Kat:3, Licht: 2","145192","3","2","5","11","16","4","0","2","0","1","0","0"
"POINT (13.428871045000051 52.484650723000073)","Unfall 145193 (2020) Kat:3, Licht: 2","145193","3","2","5","11","17","1","1","2","1","1","0","0"
"POINT (13.347567111000046 52.596349397000040)","Unfall 145194 (2020) Kat:2, Licht: 2","145194","2","2","6","11","07","5","0","2","0","1","1","0"
"POINT (13.325988383000038 52.509259163000081)","Unfall 145195 (2020) Kat:3, Licht: 2","145195","3","6","2","11","22","1","0","2","0","1","0","0"
"POINT (13.496346689000063 52.544025692000048)","Unfall 145196 (2020) Kat:3, Licht: 0","145196","3","5","1","11","15","4","0","0","1","1","0","0"
"POINT (13.523925836000046 52.428553449000049)","Unfall 145197 (2020) Kat:3, Licht: 2","145197","3","3","5","11","18","3","0","2","0","1","0","0"
"POINT (13.408430641000052 52.524348833000033)","Unfall 145198 (2020) Kat:3, Licht: 0","145198","3","5","1","11","12","4","0","0","0","1","0","0"
"POINT (13.319744136000054 52.502914505000035)","Unfall 145199 (2020) Kat:3, Licht: 0","145199","3","3","5","11","15","4","0","0","0","1","0","0"
"POINT (13.457358271000032 52.469085537000069)","Unfall 145200 (2020) Kat:3, Licht: 0","145200","3","5","1","11","14","4","0","0","1","1","0","0"
"POINT (13.345054908000066 52.493069975000026)","Unfall 145201 (2020) Kat:3, Licht: 2","145201","3","5","1","11","20","1","1","2","0","1","0","0"
"POINT (13.296685184000069 52.609587595000050)","Unfall 145202 (2020) Kat:2, Licht: 0","145202","2","3","5","11","08","3","1","0","0","1","0","1"
"POINT (13.363546227000029 52.561115020000045)","Unfall 145203 (2020) Kat:3, Licht: 0","145203","3","6","4","11","15","6","0","0","1","1","0","0"
"POINT (13.432837896000024 52.464777843000036)","Unfall 145204 (2020) Kat:3, Licht: 0","145204","3","6","3","11","10","2","0","0","1","1","0","0"