WKT,Name,OBJECTID,UKATEGORIE,UTYP1,UART,UMONAT,USTUNDE,UWOCHENTAG,STRZUSTAND,ULICHTVERH,ISTRAD,ISTPKW,ISTFUSS,ISTKRAD
"POINT (13.479960275000053 52.526614024000082)","Unfall 145390 (2020) Kat:3, Licht: 1","145390","3","2","0","11","06","2","0","1","1","1","0","0"
"POINT (13.416414615000065 52.570838944000059)","Unfall 145391 (2020) Kat:2, Licht: 0","145391","2","7","0","12","10","4","1","0","0","0","0","1"
"POINT (13.479347449000045 52.523049089000040)","Unfall 145392 (2020) Kat:3, Licht: 0","145392","3","3","5","12","11","7","0","0","0","1","0","0"
"POINT (13.392312656000058 52.555076321000058)","Unfall 145393 (2020) Kat:3, Licht: 2","145393","3","7","0","12","05","5","0","2","0","0","0","0"
"POINT (13.327502216000028 52.535682037000072)","Unfall 145394 (2020) Kat:3, Licht: 2","145394","3","6","2","12","18","3","0","2","0","0","0","1"
"POINT (13.446840069000075 52.491544769000029)","Unfall 145395 (2020) Kat:3, Licht: 0","145395","3","1","0","12","13","1","1","0","0","0","0","1"
"POINT (13.208454834000065 52.562354692000042)","Unfall 145396 (2020) Kat:3, Licht: 0","145396","3","6","2","12","13","3","0","0","0","1","0","0"
"POINT (13.319521568000027 52.492086708000045)","Unfall 145397 (2020) Kat:3, Licht: 2","145397","3","2","6","12","06","2","0","2","0","1","1","0"
"POINT (13.247821755000075 52.467715255000030)","Unfall 145398 (2020) Kat:3, Licht: 0","145398","3","6","2","12","16","7","0","0","0","1","0","0"
"POINT (13.415773739000031 52.559898475000068)","Unfall 145399 (2020) Kat:2, Licht: 0","145399","2","5","1","12","08","7","0","0","0","1","0","0"
"POINT (13.478010376000043 52.461776027000042)","Unfall 145400 (2020) Kat:3, Licht: 1","145400","3","1","9","12","06","7","2","1","0","1","0","0"
"POINT (13.330815153000060 52.467417719000082)","Unfall 145401 (2020) Kat:3, Licht: 0","145401","3","2","5","12","11","7","0","0","1","1","0","0"
"POINT (13.515147946000070 52.552597345000038)","Unfall 145402 (2020) Kat:3, Licht: 2","145402","3","5","1","12","19","3","0","2","0","1","0","0"
"POINT (13.379341089000036 52.540255200000047)","Unfall 145403 (2020) Kat:3, Licht: 2","145403","3","2","5","12","17","5","1","2","1","1","0","0"
"POINT (13.692901894000045 52.438946406000071)","Unfall 145404 (2020) Kat:3, Licht: 0","145404","3","4","6","12","09","6","0","0","0","1","1","0"
"POINT (13.445876621000025 52.544637147000060)","Unfall 145405 (2020) Kat:2, Licht: 2","145405","2","3","5","12","19","3","0","2","1","0","0","0"
"POINT (13.349297759000024 52.503171352000038)","Unfall 145406 (2020) Kat:3, Licht: 2","145406","3","6","2","12","17","2","0","2","0","1","0","0"
"POINT (13.392796955000051 52.492127603000029)","Unfall 145407 (2020) Kat:3, Licht: 2","145407","3","3","5","12","16","3","0","2","1","1","0","0"
"POINT (13.317125079000050 52.414133110000080)","Unfall 145408 (2020) Kat:2, Licht: 0","145408","2","3","5","12","10","7","0","0","1","1","0","0"
"POINT (13.518992845000071 52.516093119000061)","Unfall 145409 (2020) Kat:3, Licht: 0","145409","3","6","2","12","12","4","1","0","0","1","0","0"
"POINT (13.377414847000068 52.522169593000058)","Unfall 145410 (2020) Kat:3, Licht: 2","145410","3","3","0","12","19","3","0","2","1","0","0","0"
"POINT (13.295741859000032 52.481196700000055)","Unfall 145411 (2020) Kat:3, Licht: 1","145411","3","3","5","12","15","7","1","1","0","1","0","1"
"POINT (13.465242068000066 52.464561502000038)","Unfall 145412 (2020) Kat:3, Licht: 1","145412","3","2","5","12","16","2","0","1","0","1","0","1"
"POINT (13.456758992000061 52.567813617000070)","Unfall 145413 (2020) Kat:3, Licht: 0","145413","3","1","0","12","10","7","0","0","0","0","0","1"
"POINT (13.397772833000033 52.495304965000059)","Unfall 145414 (2020) Kat:3, Licht: 0","145414","3","2","5","12","09","6","1","0","1","1","0","0"
"POINT (13.262332849000074 52.480062008000061)","Unfall 145415 (2020) Kat:3, Licht: 0","145415","3","6","2","12","12","7","0","0","0","1","0","0"
"POINT (13.428689999000028 52.518915396000068)","Unfall 145416 (2020) Kat:3, Licht: 1","145416","3","3","5","12","07","5","0","1","1","1","0","0"
"POINT (13.276805806000027 52.426301133000038)","Unfall 145417 (2020) Kat:3, Licht: 0","145417","3","2","5","12","09","6","1","0","1","1","0","0"
"POINT (13.328624195000032 52.508029259000068)","Unfall 145418 (2020) Kat:3, Licht: 1","145418","3","6","2","12","16","7","0","1","0","1","0","0"
"POINT (13.540821394000034 52.540246521000029)","Unfall 145419 (2020) Kat:2, Licht: 0","145419","2","6","3","12","10","7","1","0","0","1","0","0"
"POINT (13.315086803000042 52.514550367000027)","Unfall 145420 (2020) Kat:3, Licht: 0","145420","3","2","6","12","14","5","0","0","0","0","1","0"
"POINT (13.535188152000046 52.570622485000058)","Unfall 145421 (2020) Kat:3, Licht: 2","145421","3","6","3","12","19","5","0","2","1","0","0","0"
"POINT (13.386112673000071 52.484869726000056)","Unfall 145422 (2020) Kat:3, Licht: 2","145422","3","2","5","12","20","3","0","2","1","0","0","0"
"POINT (13.586551229000065 52.440968325000028)","Unfall 145423 (2020) Kat:3, Licht: 1","145423","3","2","5","12","06","2","1","1","1","1","0","0"
"POINT (13.460953533000065 52.563908236000032)","Unfall 145424 (2020) Kat:3, Licht: 0","145424","3","3","5","12","15","3","0","0","1","1","0","0"
"POINT (13.378427233000025 52.550427677000073)","Unfall 145425 (2020) Kat:3, Licht: 0","145425","3","3","5","12","14","7","0","0","0","1","0","0"
"POINT (13.426057172000071 52.480941297000072)","Unfall 145426 (2020) Kat:3, Licht: 0","145426","3","4","6","12","10","4","1","0","0","1","1","0"
"POINT (13.472065529000076 52.461625831000049)","Unfall 145427 (2020) Kat:3, Licht: 2","145427","3","3","5","12","21","3","0","2","0","1","0","0"
"POINT (13.299745205000022 52.495083135000073)","Unfall 145428 (2020) Kat:3, Licht: 0","145428","3","1","0","12","09","7","1","0","1","0","0","0"
"POINT (13.609574392000070 52.533328208000057)","Unfall 145429 (2020) Kat:3, Licht: 0","145429","3","4","6","12","11","2","1","0","1","0","1","0"
"POINT (13.569589065000059 52.444488300000046)","Unfall 145430 (2020) Kat:3, Licht: 0","145430","3","3","5","12","13","7","0","0","1","0","0","0"
"POINT (13.449605301000076 52.479072762000044)","Unfall 145431 (2020) Kat:3, Licht: 2","145431","3","2","5","12","19","6","0","2","1","1","0","0"
"POINT (13.329107901000043 52.471447227000056)","Unfall 145432 (2020) Kat:3, Licht: 0","145432","3","1","0","12","09","7","2","0","0","0","0","1"
"POINT (13.398550314000033 52.532553586000063)","Unfall 145433 (2020) Kat:3, Licht: 1","145433","3","1","0","12","08","4","1","1","1","0","0","0"
"POINT (13.314836529000047 52.417510547000063)","Unfall 145434 (2020) Kat:2, Licht: 0","145434","2","2","5","12","11","5","0","0","1","0","0","0"
"POINT (13.334012728000062 52.449906008000028)","Unfall 145435 (2020) Kat:2, Licht: 2","145435","2","5","0","12","07","2","0","2","1","1","0","0"
"POINT (13.204364955000074 52.530279977000077)","Unfall 145436 (2020) Kat:3, Licht: 0","145436","3","6","2","12","11","2","0","0","0","1","0","0"
"POINT (13.326531515000056 52.604655222000076)","Unfall 145437 (2020) Kat:2, Licht: 0","145437","2","2","6","12","12","3","0","0","0","1","1","0"
"POINT (13.513365252000028 52.568005712000058)","Unfall 145438 (2020) Kat:3, Licht: 2","145438","3","3","0","12","06","3","1","2","0","0","0","1"
"POINT (13.587058101000025 52.511715176000052)","Unfall 145439 (2020) Kat:3, Licht: 0","145439","3","1","0","12","12","7","2","0","1","0","0","0"
"POINT (13.285752625000043 52.595248686000048)","Unfall 145440 (2020) Kat:3, Licht: 2","145440","3","6","3","12","18","4","1","2","0","1","0","0"
"POINT (13.517907289000050 52.535525984000060)","Unfall 145441 (2020) Kat:3, Licht: 0","145441","3","7","2","12","12","2","0","0","0","1","0","0"
"POINT (13.183924166000054 52.543669569000031)","Unfall 145442 (2020) Kat:3, Licht: 0","145442","3","5","1","12","13","7","0","0","1","1","0","0"
"POINT (13.424497429000041 52.486226220000049)","Unfall 145443 (2020) Kat:3, Licht: 2","145443","3","4","6","12","18","5","0","2","0","1","1","0"
"POINT (13.480808265000064 52.499100809000026)","Unfall 145444 (2020) Kat:3, Licht: 2","145444","3","2","5","12","17","2","0","2","1","1","0","0"
"POINT (13.538431751000076 52.524594929000045)","Unfall 145445 (2020) Kat:3, Licht: 0","145445","3","2","2","12","12","2","1","0","0","1","0","0"
"POINT (13.575765890000071 52.491203132000066)","Unfall 145446 (2020) Kat:2, Licht: 0","145446","2","3","5","12","12","3","0","0","0","1","0","0"
"POINT (13.313004465000063 52.525772194000069)","Unfall 145447 (2020) Kat:3, Licht: 0","145447","3","7","5","12","12","7","0","0","0","1","0","1"
"POINT (13.536900568000021 52.545820879000075)","Unfall 145448 (2020) Kat:3, Licht: 2","145448","3","6","2","12","07","4","1","2","0","1","0","0"
"POINT (13.423316801000055 52.520186313000067)","Unfall 145449 (2020) Kat:3, Licht: 2","145449","3","3","5","12","22","2","1","2","1","1","0","0"
"POINT (13.432986155000037 52.596053271000073)","Unfall 145450 (2020) Kat:3, Licht: 2","145450","3","1","0","12","18","7","0","2","1","0","0","0"
"POINT (13.282042724000064 52.533807790000026)","Unfall 145451 (2020) Kat:3, Licht: 0","145451","3","6","2","12","07","2","0","0","0","1","0","0"
"POINT (13.322869963000073 52.502211981000073)","Unfall 145452 (2020) Kat:3, Licht: 0","145452","3","5","1","12","12","7","0","0","1","1","0","0"
"POINT (13.263383055000077 52.439666101000057)","Unfall 145453 (2020) Kat:3, Licht: 0","145453","3","7","1","12","14","6","0","0","0","1","0","0"
"POINT (13.430220415000065 52.510378825000032)","Unfall 145454 (2020) Kat:3, Licht: 2","145454","3","6","2","12","20","6","0","2","1","0","0","0"
"POINT (13.429394654000077 52.571911141000044)","Unfall 145455 (2020) Kat:3, Licht: 0","145455","3","3","5","12","14","4","0","0","0","1","0","0"
"POINT (13.470340996000061 52.539983651000057)","Unfall 145456 (2020) Kat:3, Licht: 0","145456","3","2","5","12","10","5","0","0","0","1","0","0"
"POINT (13.475671883000075 52.501406522000082)","Unfall 145457 (2020) Kat:3, Licht: 1","145457","3","6","2","12","15","2","1","1","0","1","0","0"
"POINT (13.286073209000051 52.453008705000059)","Unfall 145458 (2020) Kat:3, Licht: 0","145458","3","3","5","12","10","2","1","0","1","1","0","0"
"POINT (13.425505482000062 52.479785292000031)","Unfall 145459 (2020) Kat:3, Licht: 0","145459","3","2","5","12","12","3","0","0","1","1","0","0"
"POINT (13.459752824000077 52.424411681000038)","Unfall 145460 (2020) Kat:3, Licht: 2","145460","3","1","0","12","18","2","1","2","1","0","0","0"
"POINT (13.332109851000041 52.436834521000037)","Unfall 145461 (2020) Kat:3, Licht: 0","145461","3","3","5","12","15","6","0","0","0","1","0","0"
"POINT (13.411789537000061 52.438474921000079)","Unfall 145462 (2020) Kat:3, Licht: 0","145462","3","1","0","12","10","7","2","0","1","0","0","0"
"POINT (13.339940939000030 52.600688574000060)","Unfall 145463 (2020) Kat:3, Licht: 1","145463","3","6","2","12","16","1","0","1","0","1","0","0"
"POINT (13.402084305000074 52.463340213000038)","Unfall 145464 (2020) Kat:3, Licht: 1","145464","3","2","6","12","05","6","0","1","0","1","1","0"
"POINT (13.423349239000061 52.556179414000042)","Unfall 145465 (2020) Kat:3, Licht: 0","145465","3","3","5","12","14","2","1","0","1","1","0","0"
"POINT (13.408745597000063 52.522975463000080)","Unfall 145466 (2020) Kat:3, Licht: 2","145466","3","2","4","12","18","5","1","2","1","1","0","0"
"POINT (13.521913239000071 52.535725829000057)","Unfall 145467 (2020) Kat:3, Licht: 0","145467","3","3","5","12","12","1","1","0","0","1","0","0"
"POINT (13.434116315000040 52.499636422000037)","Unfall 145468 (2020) Kat:3, Licht: 2","145468","3","4","6","12","22","6","0","2","0","0","1","0"
"POINT (13.465231024000047 52.517362894000030)","Unfall 145469 (2020) Kat:3, Licht: 0","145469","3","5","1","12","10","5","0","0","1","1","0","0"
"POINT (13.225858574000029 52.554485751000072)","Unfall 145470 (2020) Kat:2, Licht: 2","145470","2","2","6","12","05","6","0","2","0","1","1","0"
"POINT (13.570390607000036 52.543020072000047)","Unfall 145471 (2020) Kat:3, Licht: 0","145471","3","6","2","12","12","4","0","0","0","1","0","0"
"POINT (13.319764782000050 52.517165239000065)","Unfall 145472 (2020) Kat:3, Licht: 0","145472","3","3","0","12","09","4","0","0","0","1","0","1"
"POINT (13.530924306000031 52.415637390000029)","Unfall 145473 (2020) Kat:3, Licht: 2","145473","3","3","5","12","22","6","0","2","1","1","0","0"
"POINT (13.392100122000045 52.509584099000051)","Unfall 145474 (2020) Kat:3, Licht: 2","145474","3","3","5","12","01","5","1","2","0","1","0","0"
"POINT (13.622150633000047 52.490906530000075)","Unfall 145475 (2020) Kat:3, Licht: 0","145475","3","1","9","12","14","2","1","0","0","1","0","0"
"POINT (13.417383016000031 52.546808029000033)","Unfall 145476 (2020) Kat:3, Licht: 2","145476","3","1","0","12","23","1","1","2","0","0","0","1"
"POINT (13.419337655000049 52.501339001000076)","Unfall 145477 (2020) Kat:3, Licht: 0","145477","3","2","5","12","11","3","0","0","1","1","0","0"
"POINT (13.298614149000059 52.500833878000037)","Unfall 145478 (2020) Kat:3, Licht: 2","145478","3","5","1","12","20","2","0","2","1","1","0","0"
"POINT (13.430109501000061 52.588319543000068)","Unfall 145479 (2020) Kat:3, Licht: 0","145479","3","2","2","12","07","6","0","0","0","1","0","0"
"POINT (13.332862450000050 52.468734677000043)","Unfall 145480 (2020) Kat:2, Licht: 2","145480","2","3","5","12","17","6","0","2","0","1","0","1"
"POINT (13.419636969000067 52.495671879000042)","Unfall 145481 (2020) Kat:3, Licht: 2","145481","3","5","1","12","20","7","0","2","1","1","0","0"
"POINT (13.377001943000039 52.556642412000031)","Unfall 145482 (2020) Kat:3, Licht: 2","145482","3","3","0","12","16","6","0","2","0","0","0","0"
"POINT (13.289158780000037 52.590254497000046)","Unfall 145483 (2020) Kat:3, Licht: 1","145483","3","2","2","12","07","2","0","1","0","1","0","0"
"POINT (13.614268899000024 52.532057248000058)","Unfall 145484 (2020) Kat:3, Licht: 0","145484","3","6","2","12","16","5","0","0","0","1","0","0"
"POINT (13.387620647000062 52.560376588000054)","Unfall 145485 (2020) Kat:3, Licht: 0","145485","3","6","0","12","11","6","0","0","0","1","0","0"
"POINT (13.436785476000068 52.529547305000051)","Unfall 145486 (2020) Kat:3, Licht: 0","145486","3","2","5","12","07","2","1","0","1","1","0","0"
"POINT (13.338866722000034 52.589373325000054)","Unfall 145487 (2020) Kat:3, Licht: 2","145487","3","2","5","12","16","2","1","2","1","1","0","0"
"POINT (13.549170882000055 52.438307191000035)","Unfall 145488 (2020) Kat:3, Licht: 2","145488","3","5","1","12","16","3","0","2","1","1","0","0"
"POINT (13.333277918000022 52.576813992000041)","Unfall 145489 (2020) Kat:3, Licht: 0","145489","3","1","0","12","12","6","1","0","0","0","0","1"
"POINT (13.360341057000028 52.537243468000042)","Unfall 145490 (2020) Kat:3, Licht: 0","145490","3","2","5","12","11","4","1","0","1","1","0","0"
"POINT (13.535592448000045 52.430433489000052)","Unfall 145491 (2020) Kat:3, Licht: 0","145491","3","3","5","12","07","2","1","0","0","1","0","0"
"POINT (13.579489261000049 52.455584523000027)","Unfall 145492 (2020) Kat:3, Licht: 0","145492","3","5","1","12","12","7","0","0","0","1","0","0"
"POINT (13.411654550000037 52.553771549000032)","Unfall 145493 (2020) Kat:3, Licht: 0","145493","3","2","5","12","08","6","0","0","1","1","0","0"
"POINT (13.307453298000041 52.433339313000033)","Unfall 145494 (2020) Kat:3, Licht: 0","145494","3","2","5","12","12","2","1","0","1","1","0","0"
"POINT (13.387943253000060 52.411885801000039)","Unfall 145495 (2020) Kat:3, Licht: 1","145495","3","6","2","12","15","3","1","1","0","1","0","0"
"POINT (13.499247545000060 52.635275303000071)","Unfall 145496 (2020) Kat:3, Licht: 2","145496","3","2","2","12","19","3","0","2","0","1","0","0"
"POINT (13.332447176000073 52.506241381000052)","Unfall 145497 (2020) Kat:3, Licht: 0","145497","3","2","2","12","09","6","0","0","0","1","0","0"
"POINT (13.325739391000070 52.486539382000046)","Unfall 145498 (2020) Kat:3, Licht: 0","145498","3","2","5","12","12","4","0","0","1","1","0","0"
"POINT (13.337241968000058 52.595765930000027)","Unfall 145499 (2020) Kat:3, Licht: 0","145499","3","7","5","12","11","2","0","0","1","1","0","0"
"POINT (13.416032673000075 52.510450057000071)","Unfall 145500 (2020) Kat:3, Licht: 0","145500","3","6","0","12","13","1","0","0","1","0","0","0"
"POINT (13.441826512000034 52.550338879000037)","Unfall 145501 (2020) Kat:3, Licht: 2","145501","3","3","5","12","17","2","0","2","0","1","0","0"
"POINT (13.361036023000054 52.497900406000042)","Unfall 145502 (2020) Kat:3, Licht: 0","145502","3","5","1","12","09","6","0","0","1","1","0","0"
"POINT (13.452895933000036 52.533799370000054)","Unfall 145503 (2020) Kat:3, Licht: 0","145503","3","2","5","12","11","6","0","0","0","1","0","0"
"POINT (13.383345663000057 52.548582198000076)","Unfall 145504 (2020) Kat:3, Licht: 0","145504","3","3","5","12","14","7","0","0","1","1","0","0"
"POINT (13.568829659000073 52.453315549000081)","Unfall 145505 (2020) Kat:2, Licht: 0","145505","2","6","2","12","08","6","0","0","0","1","0","0"
"POINT (13.290098607000061 52.475749676000078)","Unfall 145506 (2020) Kat:3, Licht: 0","145506","3","5","1","12","13","5","0","0","1","1","0","0"
"POINT (13.405589731000077 52.489272264000078)","Unfall 145507 (2020) Kat:3, Licht: 2","145507","3","1","9","12","04","5","0","2","0","1","0","0"
"POINT (13.461976361000040 52.558976727000072)","Unfall 145508 (2020) Kat:3, Licht: 0","145508","3","3","5","12","11","2","0","0","0","1","0","0"
"POINT (13.349580939000077 52.480860655000072)","Unfall 145509 (2020) Kat:2, Licht: 0","145509","2","2","6","12","15","2","1","0","0","1","1","0"
"POINT (13.319114733000049 52.499573905000034)","Unfall 145510 (2020) Kat:3, Licht: 0","145510","3","3","5","12","14","3","0","0","1","1","0","0"
"POINT (13.328425735000053 52.532958788000030)","Unfall 145511 (2020) Kat:3, Licht: 0","145511","3","2","2","12","07","6","0","0","0","1","0","0"
"POINT (13.534109624000052 52.408417928000063)","Unfall 145512 (2020) Kat:3, Licht: 0","145512","3","3","5","12","07","4","1","0","1","1","0","0"
"POINT (13.227398737000044 52.528413283000077)","Unfall 145513 (2020) Kat:3, Licht: 2","145513","3","2","6","12","07","2","1","2","0","1","1","0"
"POINT (13.431326279000075 52.487197064000043)","Unfall 145514 (2020) Kat:3, Licht: 2","145514","3","5","1","12","20","7","0","2","1","1","0","0"
"POINT (13.499454273000026 52.562232429000062)","Unfall 145515 (2020) Kat:3, Licht: 0","145515","3","7","6","12","10","2","1","0","0","1","1","0"
"POINT (13.316069359000039 52.440671867000049)","Unfall 145516 (2020) Kat:3, Licht: 0","145516","3","4","6","12","07","6","0","0","0","1","1","0"
"POINT (13.340472131000070 52.497482836000074)","Unfall 145517 (2020) Kat:2, Licht: 2","145517","2","4","6","12","17","6","1","2","1","0","1","0"
"POINT (13.406445350000070 52.565381519000027)","Unfall 145518 (2020) Kat:3, Licht: 2","145518","3","2","6","12","07","7","1","2","0","1","1","0"
"POINT (13.372193625000023 52.455439570000067)","Unfall 145519 (2020) Kat:2, Licht: 1","145519","2","3","5","12","15","2","0","1","1","1","0","0"
"POINT (13.314213361000043 52.576780878000079)","Unfall 145520 (2020) Kat:3, Licht: 2","145520","3","3","5","12","02","6","0","2","0","1","0","0"
"POINT (13.433241373000044 52.424582423000061)","Unfall 145521 (2020) Kat:3, Licht: 1","145521","3","3","5","12","07","6","1","1","0","1","0","1"
"POINT (13.339285238000059 52.525709968000058)","Unfall 145522 (2020) Kat:3, Licht: 0","145522","3","2","2","12","11","7","0","0","0","1","0","0"
"POINT (13.439423433000059 52.484108028000037)","Unfall 145523 (2020) Kat:3, Licht: 2","145523","3","1","2","12","06","4","0","2","1","1","0","0"
"POINT (13.326467493000052 52.604569174000062)","Unfall 145524 (2020) Kat:3, Licht: 2","145524","3","2","3","12","16","5","0","2","1","1","0","0"
"POINT (13.441757673000041 52.479658889000063)","Unfall 145525 (2020) Kat:3, Licht: 0","145525","3","5","1","12","10","2","1","0","1","1","0","0"
"POINT (13.527044374000070 52.426446353000074)","Unfall 145526 (2020) Kat:3, Licht: 0","145526","3","6","2","12","11","2","1","0","0","1","0","0"
"POINT (13.349086340000042 52.523346854000067)","Unfall 145527 (2020) Kat:3, Licht: 0","145527","3","5","5","12","12","3","0","0","0","1","0","0"
"POINT (13.399980872000071 52.532863233000057)","Unfall 145528 (2020) Kat:3, Licht: 1","145528","3","1","0","12","15","6","1","1","1","0","0","0"
"POINT (13.413860689000046 52.500382583000032)","Unfall 145529 (2020) Kat:3, Licht: 2","145529","3","4","6","12","21","4","0","2","0","0","1","0"
"POINT (13.497256200000038 52.539111003000073)","Unfall 145530 (2020) Kat:3, Licht: 0","145530","3","6","3","12","10","2","0","0","1","1","0","0"
"POINT (13.346120395000071 52.591577963000077)","Unfall 145531 (2020) Kat:2, Licht: 0","145531","2","3","5","12","15","7","1","0","0","1","0","0"
"POINT (13.455526570000075 52.479560861000039)","Unfall 145532 (2020) Kat:2, Licht: 2","145532","2","1","0","12","22","1","1","2","1","0","0","0"
"POINT (13.615079561000073 52.510683293000056)","Unfall 145533 (2020) Kat:3, Licht: 0","145533","3","7","6","12","15","6","0","0","0","1","1","0"
"POINT (13.451150553000048 52.508530234000034)","Unfall 145534 (2020) Kat:3, Licht: 2","145534","3","2","6","12","16","5","0","2","0","1","1","0"
"POINT (13.371633224000050 52.423592679000080)","Unfall 145535 (2020) Kat:2, Licht: 1","145535","2","2","5","12","15","6","0","1","0","1","0","0"
"POINT (13.300381866000066 52.480545549000055)","Unfall 145536 (2020) Kat:3, Licht: 0","145536","3","7","2","12","13","4","1","0","1","1","0","0"
"POINT (13.442040179000060 52.425000884000042)","Unfall 145537 (2020) Kat:3, Licht: 0","145537","3","2","5","12","14","6","0","0","1","1","0","0"
"POINT (13.356836542000053 52.448726235000038)","Unfall 145538 (2020) Kat:2, Licht: 1","145538","2","6","2","12","07","5","1","1","0","1","0","1"
"POINT (13.347459471000036 52.470534653000072)","Unfall 145539 (2020) Kat:2, Licht: 0","145539","2","3","5","12","10","2","1","0","0","1","0","0"
"POINT (13.297027191000041 52.511805154000058)","Unfall 145540 (2020) Kat:3, Licht: 2","145540","3","3","5","12","19","1","1","2","1","1","0","0"
"POINT (13.296633709000048 52.577195957000072)","Unfall 145541 (2020) Kat:3, Licht: 0","145541","3","6","2","12","10","3","0","0","0","1","0","0"
"POINT (13.653392300000064 52.416874455000027)","Unfall 145542 (2020) Kat:2, Licht: 2","145542","2","1","8","12","21","4","1","2","0","1","0","0"
"POINT (13.283623545000069 52.478300254000033)","Unfall 145543 (2020) Kat:3, Licht: 0","145543","3","3","5","12","08","5","0","0","1","1","0","0"
"POINT (13.441721313000073 52.478827187000036)","Unfall 145544 (2020) Kat:3, Licht: 0","145544","3","7","2","12","09","2","0","0","0","1","0","1"
"POINT (13.391956791000041 52.563928408000038)","Unfall 145545 (2020) Kat:3, Licht: 2","145545","3","3","5","12","19","2","0","2","1","1","0","0"
"POINT (13.310691973000075 52.441776834000052)","Unfall 145546 (2020) Kat:3, Licht: 1","145546","3","3","5","12","15","3","0","1","1","0","0","0"
"POINT (13.434134675000053 52.500599134000026)","Unfall 145547 (2020) Kat:2, Licht: 2","145547","2","1","0","12","01","3","1","2","0","0","0","0"
"POINT (13.434497709000027 52.549618578000036)","Unfall 145548 (2020) Kat:3, Licht: 0","145548","3","2","5","12","14","6","0","0","1","1","0","0"
"POINT (13.363759524000045 52.524724877000040)","Unfall 145549 (2020) Kat:3, Licht: 1","145549","3","4","6","12","17","4","1","1","1","0","1","0"
"POINT (13.351604421000047 52.616863584000043)","Unfall 145550 (2020) Kat:2, Licht: 0","145550","2","1","1","12","12","7","0","0","0","0","0","1"
"POINT (13.356266110000035 52.552477405000047)","Unfall 145551 (2020) Kat:3, Licht: 2","145551","3","6","2","12","19","1","0","2","0","1","0","0"
"POINT (13.157745149000050 52.533545043000061)","Unfall 145552 (2020) Kat:3, Licht: 0","145552","3","2","5","12","12","6","0","0","0","1","0","0"
"POINT (13.345167695000043 52.539122392000081)","Unfall 145553 (2020) Kat:3, Licht: 0","145553","3","2","5","12","09","5","0","0","1","1","0","0"
"POINT (13.437235493000060 52.493284292000055)","Unfall 145554 (2020) Kat:3, Licht: 0","145554","3","7","2","12","15","4","1","0","1","1","0","0"
"POINT (13.331222422000053 52.469769974000030)","Unfall 145555 (2020) Kat:3, Licht: 0","145555","3","4","6","12","14","6","0","0","0","0","1","0"
"POINT (13.552687881000054 52.523183107000079)","Unfall 145556 (2020) Kat:2, Licht: 2","145556","2","3","5","12","17","3","1","2","0","1","0","1"
"POINT (13.377416271000072 52.556266364000066)","Unfall 145557 (2020) Kat:3, Licht: 0","145557","3","6","2","12","12","6","0","0","0","1","0","0"
"POINT (13.247989321000034 52.448614605000046)","Unfall 145558 (2020) Kat:3, Licht: 1","145558","3","1","0","12","15","5","0","1","1","0","0","0"
"POINT (13.469305119000069 52.463183644000026)","Unfall 145559 (2020) Kat:3, Licht: 0","145559","3","7","6","12","09","2","0","0","0","0","1","0"
"POINT (13.386429265000061 52.549387864000039)","Unfall 145560 (2020) Kat:3, Licht: 2","145560","3","2","6","12","17","1","0","2","0","1","1","0"
"POINT (13.317210300000056 52.491482003000044)","Unfall 145561 (2020) Kat:3, Licht: 2","145561","3","6","2","12","06","3","1","2","0","1","0","0"
"POINT (13.309416151000050 52.494120461000080)","Unfall 145562 (2020) Kat:3, Licht: 2","145562","3","6","2","12","18","2","0","2","0","1","0","0"
"POINT (13.312042753000071 52.430456997000078)","Unfall 145563 (2020) Kat:2, Licht: 2","145563","2","1","0","12","21","6","0","2","0","0","0","1"
"POINT (13.569366888000047 52.568917097000053)","Unfall 145564 (2020) Kat:3, Licht: 2","145564","3","3","5","12","16","6","0","2","0","1","0","0"
"POINT (13.284848773000022 52.588562407000040)","Unfall 145565 (2020) Kat:3, Licht: 0","145565","3","2","6","12","14","4","1","0","0","1","1","0"
"POINT (13.413232882000045 52.508483164000040)","Unfall 145566 (2020) Kat:3, Licht: 2","145566","3","6","1","12","16","7","0","2","0","1","0","0"
"POINT (13.398212343000068 52.506994509000037)","Unfall 145567 (2020) Kat:3, Licht: 2","145567","3","2","6","12","20","6","0","2","0","1","1","0"
"POINT (13.569749826000077 52.545714910000072)","Unfall 145568 (2020) Kat:3, Licht: 0","145568","3","6","2","12","10","2","1","0","0","1","0","0"
"POINT (13.526653803000045 52.426448666000056)","Unfall 145569 (2020) Kat:3, Licht: 2","145569","3","2","5","12","19","6","0","2","0","1","0","0"
"POINT (13.259921068000040 52.429259979000051)","Unfall 145570 (2020) Kat:3, Licht: 0","145570","3","2","5","12","08","7","2","0","1","1","0","0"
"POINT (13.500457813000025 52.509243864000041)","Unfall 145571 (2020) Kat:3, Licht: 0","145571","3","7","1","12","14","4","1","0","0","1","1","0"
"POINT (13.286840439000059 52.495836657000041)","Unfall 145572 (2020) Kat:3, Licht: 0","145572","3","3","5","12","13","7","0","0","0","1","0","0"
"POINT (13.229086759000040 52.538077287000078)","Unfall 145573 (2020) Kat:3, Licht: 2","145573","3","6","2","12","19","6","0","2","0","1","0","0"
"POINT (13.436319546000050 52.548256375000051)","Unfall 145574 (2020) Kat:3, Licht: 1","145574","3","6","3","12","08","2","1","1","1","1","0","0"
"POINT (13.208614802000056 52.552962166000043)","Unfall 145575 (2020) Kat:3, Licht: 2","145575","3","6","2","12","17","5","1","2","0","1","0","1"