WKT,Name,OBJECTID,UKATEGORIE,UTYP1,UART,UMONAT,USTUNDE,UWOCHENTAG,STRZUSTAND,ULICHTVERH,ISTRAD,ISTPKW,ISTFUSS,ISTKRAD
"POINT (13.415259128000059 52.526831876000074)","Unfall 145761 (2020) Kat:3, Licht: 0","145761","3","2","5","12","13","5","0","0","1","1","0","0"
"POINT (13.344356661000063 52.485575516000040)","Unfall 145762 (2020) Kat:3, Licht: 2","145762","3","3","5","12","22","5","0","2","1","1","0","0"
"POINT (13.352196948000028 52.505449583000029)","Unfall 145763 (2020) Kat:3, Licht: 2","145763","3","3","5","12","18","7","0","2","0","1","0","0"
"POINT (13.544124806000070 52.525832581000031)","Unfall 145764 (2020) Kat:3, Licht: 0","145764","3","2","5","12","13","2","1","0","0","1","0","0"
"POINT (13.442997881000053 52.425390183000047)","Unfall 145765 (2020) Kat:3, Licht: 0","145765","3","6","0","12","14","3","0","0","0","0","0","0"
"POINT (13.312516361000064 52.569546683000056)","Unfall 145766 (2020) Kat:3, Licht: 2","145766","3","2","5","12","20","4","0","2","0","1","0","0"
"POINT (13.209842135000031 52.548013525000044)","Unfall 145767 (2020) Kat:2, Licht: 1","145767","2","4","6","12","07","4","1","1","0","0","1","0"
"POINT (13.514967363000039 52.632751782000071)","Unfall 145768 (2020) Kat:2, Licht: 0","145768","2","2","5","12","12","7","1","0","1","1","0","0"
"POINT (13.527217638000025 52.432041380000044)","Unfall 145769 (2020) Kat:3, Licht: 2","145769","3","3","5","12","19","7","0","2","0","1","0","0"
"POINT (13.376554032000058 52.460019692000060)","Unfall 145770 (2020) Kat:3, Licht: 0","145770","3","3","5","12","08","2","1","0","0","1","0","0"
"POINT (13.511810964000063 52.568109843000059)","Unfall 145771 (2020) Kat:3, Licht: 0","145771","3","1","8","12","15","3","0","0","0","1","0","0"
"POINT (13.240617154000063 52.608893013000056)","Unfall 145772 (2020) Kat:3, Licht: 2","145772","3","2","2","12","18","4","0","2","1","1","0","0"
"POINT (13.424454044000072 52.486246280000046)","Unfall 145773 (2020) Kat:3, Licht: 0","145773","3","2","5","12","11","4","0","0","1","1","0","0"
"POINT (13.508165966000035 52.403602783000053)","Unfall 145774 (2020) Kat:3, Licht: 0","145774","3","7","5","12","12","7","0","0","0","1","0","0"
"POINT (13.310336343000074 52.516317586000071)","Unfall 145775 (2020) Kat:3, Licht: 0","145775","3","6","2","12","11","7","0","0","0","1","0","0"
"POINT (13.284502584000052 52.588884968000059)","Unfall 145776 (2020) Kat:3, Licht: 0","145776","3","7","6","12","12","2","0","0","0","1","1","0"
"POINT (13.247422360000030 52.541535160000080)","Unfall 145777 (2020) Kat:3, Licht: 2","145777","3","6","2","12","17","4","0","2","0","1","0","0"
"POINT (13.411624073000041 52.523961274000044)","Unfall 145778 (2020) Kat:3, Licht: 2","145778","3","2","5","12","06","6","1","2","0","1","0","0"
"POINT (13.497087427000054 52.432939985000075)","Unfall 145779 (2020) Kat:3, Licht: 0","145779","3","6","2","12","11","7","1","0","0","1","0","0"
"POINT (13.426726078000058 52.499285307000036)","Unfall 145780 (2020) Kat:3, Licht: 0","145780","3","3","5","12","09","4","1","0","1","0","0","1"
"POINT (13.601614557000062 52.510539180000080)","Unfall 145781 (2020) Kat:3, Licht: 2","145781","3","5","1","12","16","5","0","2","0","1","0","0"
"POINT (13.211740446000022 52.527402155000061)","Unfall 145782 (2020) Kat:3, Licht: 2","145782","3","2","5","12","17","7","0","2","1","0","0","0"
"POINT (13.492153775000077 52.534067509000067)","Unfall 145783 (2020) Kat:3, Licht: 0","145783","3","6","2","12","11","2","1","0","0","1","0","0"
"POINT (13.437689663000072 52.450918818000048)","Unfall 145784 (2020) Kat:3, Licht: 1","145784","3","3","6","12","09","3","0","1","0","1","1","0"
"POINT (13.211856608000062 52.574879567000039)","Unfall 145785 (2020) Kat:3, Licht: 0","145785","3","1","8","12","13","4","0","0","0","1","1","0"
"POINT (13.569427358000041 52.560813363000079)","Unfall 145786 (2020) Kat:2, Licht: 2","145786","2","3","5","12","21","4","0","2","0","1","0","0"
"POINT (13.457446310000023 52.561236203000078)","Unfall 145787 (2020) Kat:3, Licht: 1","145787","3","6","2","12","17","7","0","1","0","1","0","0"
"POINT (13.456028518000039 52.522572036000042)","Unfall 145788 (2020) Kat:2, Licht: 0","145788","2","7","6","12","14","7","0","0","0","1","1","0"
"POINT (13.326394638000068 52.502828267000041)","Unfall 145789 (2020) Kat:3, Licht: 0","145789","3","6","2","12","14","1","0","0","0","1","0","0"
"POINT (13.656761679000056 52.415076162000048)","Unfall 145790 (2020) Kat:2, Licht: 0","145790","2","2","5","12","16","4","0","0","0","1","0","1"
"POINT (13.331009283000071 52.493191151000076)","Unfall 145791 (2020) Kat:3, Licht: 1","145791","3","2","5","12","15","5","0","1","1","1","0","0"
"POINT (13.344935550000059 52.490426368000044)","Unfall 145792 (2020) Kat:3, Licht: 1","145792","3","3","5","12","15","6","0","1","1","1","0","0"
"POINT (13.335412398000074 52.526858766000032)","Unfall 145793 (2020) Kat:2, Licht: 2","145793","2","1","9","12","01","4","0","2","0","1","0","0"
"POINT (13.371948720000034 52.519401366000068)","Unfall 145794 (2020) Kat:3, Licht: 2","145794","3","2","5","12","17","4","0","2","1","1","0","0"
"POINT (13.203632425000023 52.544387581000080)","Unfall 145795 (2020) Kat:3, Licht: 2","145795","3","3","5","12","16","6","1","2","0","1","0","0"
"POINT (13.273490767000055 52.499950482000031)","Unfall 145796 (2020) Kat:3, Licht: 0","145796","3","3","5","12","15","6","0","0","0","1","0","1"
"POINT (13.387639365000041 52.496319868000057)","Unfall 145797 (2020) Kat:3, Licht: 2","145797","3","2","0","12","19","4","0","2","1","1","0","0"
"POINT (13.401220653000053 52.511128890000066)","Unfall 145798 (2020) Kat:3, Licht: 2","145798","3","2","5","12","19","5","0","2","1","1","0","0"
"POINT (13.244382132000055 52.614351936000048)","Unfall 145799 (2020) Kat:3, Licht: 0","145799","3","3","5","12","11","7","0","0","0","1","0","0"
"POINT (13.442344158000026 52.532742148000068)","Unfall 145800 (2020) Kat:3, Licht: 0","145800","3","1","0","12","10","2","1","0","0","0","0","1"
"POINT (13.535699029000057 52.400140196000052)","Unfall 145801 (2020) Kat:3, Licht: 2","145801","3","3","0","12","18","3","0","2","1","1","0","0"
"POINT (13.444627178000076 52.525562312000034)","Unfall 145802 (2020) Kat:2, Licht: 2","145802","2","1","0","12","00","3","0","2","1","0","0","0"
"POINT (13.350196477000054 52.414203640000039)","Unfall 145803 (2020) Kat:3, Licht: 1","145803","3","2","6","12","07","4","0","1","0","1","1","0"
"POINT (13.434570605000033 52.549620149000077)","Unfall 145804 (2020) Kat:2, Licht: 1","145804","2","2","5","12","15","4","1","1","1","1","0","0"
"POINT (13.338782440000045 52.589378787000044)","Unfall 145805 (2020) Kat:3, Licht: 0","145805","3","2","6","12","12","7","1","0","0","1","1","0"
"POINT (13.569489320000059 52.560810552000078)","Unfall 145806 (2020) Kat:2, Licht: 0","145806","2","3","2","12","13","3","0","0","0","1","0","1"
"POINT (13.181310140000051 52.481479040000067)","Unfall 145807 (2020) Kat:3, Licht: 2","145807","3","1","8","12","16","1","0","2","0","0","0","1"
"POINT (13.163465674000065 52.551458117000038)","Unfall 145808 (2020) Kat:2, Licht: 0","145808","2","6","3","12","14","4","0","0","0","1","0","0"
"POINT (13.435165369000060 52.550358154000037)","Unfall 145809 (2020) Kat:3, Licht: 0","145809","3","7","6","12","13","5","0","0","0","1","1","0"
"POINT (13.282304620000048 52.518450223000059)","Unfall 145810 (2020) Kat:2, Licht: 0","145810","2","6","2","12","15","3","0","0","0","0","0","1"
"POINT (13.426433071000076 52.548583773000075)","Unfall 145811 (2020) Kat:3, Licht: 0","145811","3","3","5","12","14","6","0","0","0","1","0","0"
"POINT (13.222650763000047 52.540121996000039)","Unfall 145812 (2020) Kat:3, Licht: 2","145812","3","3","5","12","20","3","1","2","0","1","0","0"
"POINT (13.609254434000036 52.533102019000069)","Unfall 145813 (2020) Kat:3, Licht: 0","145813","3","4","6","12","11","4","0","0","0","1","1","0"
"POINT (13.521738782000057 52.475298721000058)","Unfall 145814 (2020) Kat:3, Licht: 2","145814","3","3","0","12","16","5","0","2","0","1","0","0"
"POINT (13.352438997000036 52.565294832000063)","Unfall 145815 (2020) Kat:3, Licht: 0","145815","3","4","6","12","11","7","0","0","0","1","1","0"
"POINT (13.194986679000067 52.533679893000055)","Unfall 145816 (2020) Kat:3, Licht: 1","145816","3","6","2","12","13","1","0","1","0","1","0","0"
"POINT (13.339136492000023 52.448648646000038)","Unfall 145817 (2020) Kat:3, Licht: 2","145817","3","6","0","12","17","2","1","2","0","0","0","0"
"POINT (13.215342567000050 52.438518518000080)","Unfall 145818 (2020) Kat:2, Licht: 0","145818","2","7","6","12","13","4","0","0","0","1","1","0"
"POINT (13.401870792000068 52.446702965000043)","Unfall 145820 (2020) Kat:3, Licht: 2","145820","3","1","9","12","19","1","0","2","0","1","0","0"
"POINT (13.314402163000068 52.417714458000034)","Unfall 145821 (2020) Kat:3, Licht: 0","145821","3","6","3","12","14","3","0","0","0","1","0","0"
"POINT (13.347096491000059 52.428437273000043)","Unfall 145823 (2020) Kat:3, Licht: 2","145823","3","2","5","12","06","4","0","2","1","0","0","0"
"POINT (13.477572532000067 52.430086453000058)","Unfall 145826 (2020) Kat:3, Licht: 2","145826","3","3","5","12","19","1","0","2","0","1","0","0"
"POINT (13.448194889000035 52.521758465000062)","Unfall 145828 (2020) Kat:3, Licht: 2","145828","3","1","0","12","18","1","0","2","0","0","0","1"
"POINT (13.340398196000024 52.450706771000057)","Unfall 145829 (2020) Kat:3, Licht: 0","145829","3","3","5","12","13","5","0","0","0","1","0","0"
"POINT (13.394615106000060 52.615130180000051)","Unfall 145830 (2020) Kat:3, Licht: 0","145830","3","1","0","12","15","1","1","0","0","0","0","1"
"POINT (13.257904430000053 52.508166934000030)","Unfall 145836 (2020) Kat:2, Licht: 0","145836","2","1","0","12","12","1","0","0","1","0","0","0"
"POINT (13.456140452000056 52.436933571000054)","Unfall 145838 (2020) Kat:3, Licht: 0","145838","3","3","5","12","13","5","0","0","0","1","0","0"
"POINT (13.409625328000061 52.566583039000079)","Unfall 145839 (2020) Kat:3, Licht: 0","145839","3","5","1","12","11","1","0","0","1","1","0","0"
"POINT (13.457414471000050 52.422765896000044)","Unfall 145843 (2020) Kat:2, Licht: 0","145843","2","2","5","12","11","7","1","0","0","1","0","0"
"POINT (13.643488043000048 52.378162896000049)","Unfall 145844 (2020) Kat:2, Licht: 0","145844","2","2","5","12","14","3","1","0","1","1","0","0"
"POINT (13.429313251000053 52.471158062000029)","Unfall 145846 (2020) Kat:3, Licht: 0","145846","3","6","2","12","11","4","1","0","0","1","0","0"
"POINT (13.355558389000066 52.499033518000033)","Unfall 145847 (2020) Kat:3, Licht: 2","145847","3","7","1","12","19","7","1","2","0","1","0","0"
"POINT (13.495854525000027 52.626096180000047)","Unfall 145849 (2020) Kat:2, Licht: 2","145849","2","6","4","12","16","7","1","2","0","1","0","0"
"POINT (13.439285212000073 52.500387355000043)","Unfall 145851 (2020) Kat:3, Licht: 0","145851","3","6","2","12","14","4","1","0","0","1","0","0"
"POINT (13.385827414000062 52.484947308000073)","Unfall 145852 (2020) Kat:3, Licht: 2","145852","3","2","0","12","17","7","1","2","0","1","0","1"
"POINT (13.517289266000034 52.471432879000076)","Unfall 145856 (2020) Kat:2, Licht: 0","145856","2","3","5","12","11","7","0","0","1","1","0","0"
"POINT (13.311533419000057 52.479562689000034)","Unfall 145857 (2020) Kat:3, Licht: 0","145857","3","1","0","12","08","3","1","0","1","0","0","0"
"POINT (13.426602459000037 52.485403996000059)","Unfall 145859 (2020) Kat:3, Licht: 1","145859","3","7","5","12","16","4","1","1","0","1","0","1"
"POINT (13.365150100000051 52.590253060000066)","Unfall 145862 (2020) Kat:3, Licht: 2","145862","3","6","2","12","21","6","0","2","0","1","0","0"
"POINT (13.360277317000055 52.598997700000041)","Unfall 145868 (2020) Kat:3, Licht: 0","145868","3","3","5","12","13","6","1","0","0","1","0","0"
"POINT (13.397001757000055 52.423676659000080)","Unfall 145869 (2020) Kat:3, Licht: 0","145869","3","6","2","12","11","3","1","0","0","1","0","0"
"POINT (13.481255768000040 52.460795530000041)","Unfall 145871 (2020) Kat:3, Licht: 2","145871","3","3","5","12","17","4","1","2","0","1","0","0"
"POINT (13.372680590000073 52.445963203000076)","Unfall 145874 (2020) Kat:3, Licht: 0","145874","3","3","5","12","13","6","1","0","0","1","0","0"
"POINT (13.272992912000063 52.543745669000032)","Unfall 145876 (2020) Kat:3, Licht: 2","145876","3","7","6","12","20","5","1","2","0","1","0","0"
"POINT (13.367215768000051 52.523336222000069)","Unfall 145877 (2020) Kat:2, Licht: 0","145877","2","3","5","12","14","5","0","0","0","1","0","1"
"POINT (13.395107237000047 52.496261019000031)","Unfall 145878 (2020) Kat:3, Licht: 2","145878","3","2","6","12","23","5","1","2","0","1","1","0"
"POINT (13.365696820000039 52.557130919000031)","Unfall 145879 (2020) Kat:3, Licht: 1","145879","3","2","5","12","15","5","1","1","0","1","0","0"
"POINT (13.325213716000064 52.427937981000071)","Unfall 145880 (2020) Kat:2, Licht: 2","145880","2","4","6","12","19","5","1","2","0","1","1","0"
"POINT (13.323850312000047 52.456087750000052)","Unfall 145881 (2020) Kat:3, Licht: 1","145881","3","6","2","12","14","5","1","1","0","1","0","0"
"POINT (13.323427909000031 52.418661851000081)","Unfall 145883 (2020) Kat:2, Licht: 0","145883","2","7","0","12","12","4","0","0","0","1","0","0"
"POINT (13.511957898000048 52.464055987000052)","Unfall 145887 (2020) Kat:3, Licht: 0","145887","3","6","2","12","11","5","1","0","1","1","0","0"
"POINT (13.398581717000070 52.496297821000041)","Unfall 145889 (2020) Kat:3, Licht: 0","145889","3","3","5","12","11","5","1","0","0","1","0","0"
"POINT (13.434697067000059 52.440283229000045)","Unfall 145890 (2020) Kat:3, Licht: 0","145890","3","7","6","12","10","5","0","0","0","1","1","0"
"POINT (13.217263370000069 52.537766658000066)","Unfall 145896 (2020) Kat:3, Licht: 1","145896","3","2","5","12","09","5","1","1","0","1","0","0"
"POINT (13.477993094000055 52.417814749000058)","Unfall 145898 (2020) Kat:3, Licht: 0","145898","3","3","5","12","11","4","1","0","0","1","0","0"
"POINT (13.344132995000052 52.546128028000055)","Unfall 145899 (2020) Kat:3, Licht: 2","145899","3","6","2","12","06","5","1","2","0","1","0","0"
"POINT (13.285833543000024 52.590997389000051)","Unfall 145903 (2020) Kat:3, Licht: 0","145903","3","5","1","12","14","4","1","0","0","1","0","0"
"POINT (13.340377060000037 52.488259147000065)","Unfall 145904 (2020) Kat:2, Licht: 0","145904","2","1","0","12","08","3","1","0","1","0","0","0"
"POINT (13.496386295000036 52.415826109000079)","Unfall 145907 (2020) Kat:3, Licht: 2","145907","3","2","6","12","17","4","1","2","0","1","1","0"
"POINT (13.411896010000078 52.493770575000042)","Unfall 145908 (2020) Kat:3, Licht: 2","145908","3","3","2","12","18","2","1","2","1","1","0","0"
"POINT (13.295166403000053 52.503967611000064)","Unfall 145910 (2020) Kat:3, Licht: 0","145910","3","5","1","12","09","4","0","0","1","1","0","0"
"POINT (13.491386762000047 52.469165768000039)","Unfall 145913 (2020) Kat:3, Licht: 0","145913","3","2","6","12","09","3","1","0","0","1","1","0"
"POINT (13.325764043000049 52.509407155000076)","Unfall 145916 (2020) Kat:2, Licht: 2","145916","2","4","6","12","17","4","1","2","0","0","1","0"
"POINT (13.431021020000060 52.485908500000050)","Unfall 145917 (2020) Kat:3, Licht: 2","145917","3","7","2","12","17","2","1","2","1","1","0","0"
"POINT (13.511980759000039 52.470701788000042)","Unfall 145919 (2020) Kat:3, Licht: 0","145919","3","3","5","12","14","4","0","0","1","1","0","0"
"POINT (13.346187460000067 52.418996310000068)","Unfall 145920 (2020) Kat:3, Licht: 0","145920","3","1","0","12","08","3","2","0","1","0","0","0"
"POINT (13.314751599000033 52.525718404000031)","Unfall 145923 (2020) Kat:3, Licht: 2","145923","3","3","5","12","16","4","1","2","1","1","0","0"
"POINT (13.501790650000032 52.498245449000080)","Unfall 145924 (2020) Kat:2, Licht: 0","145924","2","1","0","12","09","3","2","0","1","0","0","0"
"POINT (13.331760675000055 52.561838406000049)","Unfall 145927 (2020) Kat:3, Licht: 2","145927","3","7","0","12","17","4","1","2","1","0","0","0"
"POINT (13.379197359000045 52.492462239000076)","Unfall 145929 (2020) Kat:3, Licht: 2","145929","3","5","1","12","17","4","1","2","1","1","0","0"
"POINT (13.572113984000055 52.548243420000063)","Unfall 145930 (2020) Kat:3, Licht: 2","145930","3","6","4","12","19","5","1","2","0","1","0","0"
"POINT (13.301299783000047 52.522874141000045)","Unfall 145931 (2020) Kat:3, Licht: 0","145931","3","5","1","12","12","4","0","0","0","1","0","1"
"POINT (13.588108039000076 52.461818996000034)","Unfall 145933 (2020) Kat:3, Licht: 0","145933","3","1","1","12","09","3","2","0","1","1","0","0"
"POINT (13.475316113000076 52.422593164000034)","Unfall 145936 (2020) Kat:3, Licht: 0","145936","3","7","6","12","12","4","0","0","0","0","1","0"
"POINT (13.585267922000071 52.451589094000042)","Unfall 145939 (2020) Kat:3, Licht: 0","145939","3","3","5","12","13","4","0","0","0","1","0","0"
"POINT (13.284235991000060 52.538182786000050)","Unfall 145941 (2020) Kat:3, Licht: 0","145941","3","5","0","12","13","5","1","0","0","1","0","1"
"POINT (13.376998656000069 52.554070746000036)","Unfall 145942 (2020) Kat:3, Licht: 2","145942","3","4","6","12","20","4","1","2","0","1","1","0"
"POINT (13.318372622000027 52.454458871000043)","Unfall 145944 (2020) Kat:3, Licht: 0","145944","3","1","0","12","08","3","2","0","1","0","0","0"
"POINT (13.424226110000063 52.574629122000033)","Unfall 145947 (2020) Kat:3, Licht: 0","145947","3","6","2","12","11","4","0","0","0","1","0","0"
"POINT (13.479153601000064 52.520380543000044)","Unfall 145948 (2020) Kat:3, Licht: 0","145948","3","6","2","12","14","2","0","0","0","1","0","0"
"POINT (13.193490925000049 52.548847788000046)","Unfall 145950 (2020) Kat:2, Licht: 0","145950","2","2","5","12","11","4","0","0","1","1","0","0"
"POINT (13.332430102000046 52.468905850000056)","Unfall 145951 (2020) Kat:3, Licht: 2","145951","3","2","6","12","19","4","1","2","0","1","1","0"
"POINT (13.442575220000037 52.478286678000075)","Unfall 145954 (2020) Kat:2, Licht: 2","145954","2","5","1","12","00","5","1","2","0","1","0","0"
"POINT (13.422668211000030 52.575814914000034)","Unfall 145955 (2020) Kat:3, Licht: 0","145955","3","3","0","12","11","4","0","0","1","0","0","1"
"POINT (13.319112572000051 52.454516129000069)","Unfall 145959 (2020) Kat:3, Licht: 2","145959","3","3","5","12","19","4","1","2","1","1","0","0"
"POINT (13.661806269000067 52.412071660000038)","Unfall 145960 (2020) Kat:3, Licht: 0","145960","3","6","3","12","10","2","1","0","1","1","0","0"
"POINT (13.482078200000046 52.481631781000033)","Unfall 145962 (2020) Kat:2, Licht: 0","145962","2","7","6","12","15","4","0","0","0","1","1","0"
"POINT (13.450558343000068 52.598280603000035)","Unfall 145963 (2020) Kat:3, Licht: 0","145963","3","2","5","12","08","3","1","0","1","1","0","0"
"POINT (13.387377637000043 52.411803317000079)","Unfall 145966 (2020) Kat:3, Licht: 2","145966","3","7","0","12","01","3","1","2","0","1","0","0"
"POINT (13.376243671000054 52.556361189000029)","Unfall 145971 (2020) Kat:3, Licht: 0","145971","3","6","3","12","09","4","0","0","1","0","0","0"
"POINT (13.345682458000056 52.533145830000080)","Unfall 145972 (2020) Kat:3, Licht: 2","145972","3","2","6","12","19","2","1","2","0","1","1","0"
"POINT (13.432743725000023 52.452413950000050)","Unfall 145974 (2020) Kat:3, Licht: 2","145974","3","4","6","12","17","4","1","2","0","1","1","0"
"POINT (13.476583278000021 52.532991565000032)","Unfall 145977 (2020) Kat:3, Licht: 2","145977","3","2","6","12","18","4","1","2","0","1","1","0"
"POINT (13.396337129000074 52.486449779000054)","Unfall 145979 (2020) Kat:3, Licht: 2","145979","3","4","6","12","17","4","1","2","0","1","1","0"
"POINT (13.381182050000064 52.482582674000071)","Unfall 145980 (2020) Kat:3, Licht: 2","145980","3","2","5","12","18","5","0","2","0","1","0","0"
"POINT (13.469342879000067 52.531599055000072)","Unfall 145981 (2020) Kat:3, Licht: 2","145981","3","6","2","12","17","4","1","2","0","1","0","0"
"POINT (13.354188479000072 52.498631737000039)","Unfall 145983 (2020) Kat:3, Licht: 2","145983","3","2","0","12","22","3","0","2","0","1","0","1"
"POINT (13.345778316000064 52.494354314000077)","Unfall 145984 (2020) Kat:3, Licht: 2","145984","3","2","5","12","17","4","1","2","0","1","0","0"
"POINT (13.553258279000033 52.433994110000071)","Unfall 145986 (2020) Kat:3, Licht: 0","145986","3","3","5","12","13","4","0","0","0","1","0","1"
"POINT (13.445119487000056 52.501342842000042)","Unfall 145990 (2020) Kat:2, Licht: 2","145990","2","7","7","12","16","3","1","2","0","0","0","1"
"POINT (13.334792697000069 52.556397675000028)","Unfall 145992 (2020) Kat:3, Licht: 0","145992","3","3","5","12","12","5","0","0","0","1","0","0"
"POINT (13.571853533000024 52.568316336000066)","Unfall 145993 (2020) Kat:3, Licht: 0","145993","3","2","3","12","13","3","1","0","0","1","0","0"
"POINT (13.266318276000050 52.513117841000053)","Unfall 145997 (2020) Kat:3, Licht: 0","145997","3","2","5","12","14","3","0","0","1","1","0","0"
"POINT (13.206120103000046 52.535151640000038)","Unfall 146000 (2020) Kat:3, Licht: 0","146000","3","6","2","12","11","3","1","0","0","1","0","0"
"POINT (13.343469714000037 52.598813977000077)","Unfall 146002 (2020) Kat:3, Licht: 2","146002","3","4","6","12","16","4","0","2","0","1","1","0"
"POINT (13.495828498000037 52.448939185000029)","Unfall 146003 (2020) Kat:3, Licht: 0","146003","3","2","2","12","11","3","1","0","0","1","0","0"
"POINT (13.464364483000054 52.470206900000051)","Unfall 146005 (2020) Kat:3, Licht: 2","146005","3","2","6","12","18","3","1","2","0","1","1","0"
"POINT (13.382404770000051 52.504524272000026)","Unfall 146008 (2020) Kat:3, Licht: 0","146008","3","3","5","12","10","3","1","0","0","1","0","1"
"POINT (13.729500779000034 52.430291034000049)","Unfall 146009 (2020) Kat:3, Licht: 2","146009","3","7","0","12","17","2","1","2","0","1","0","0"
"POINT (13.404407338000055 52.507900585000073)","Unfall 146011 (2020) Kat:3, Licht: 2","146011","3","3","5","12","16","4","1","2","1","1","0","0"
"POINT (13.575622516000067 52.489950172000079)","Unfall 146013 (2020) Kat:3, Licht: 0","146013","3","1","0","12","13","2","0","0","1","0","0","0"
"POINT (13.379320443000040 52.540515798000058)","Unfall 146015 (2020) Kat:2, Licht: 0","146015","2","3","5","12","11","4","1","0","1","1","0","0"
"POINT (13.376762378000024 52.554033369000081)","Unfall 146020 (2020) Kat:3, Licht: 0","146020","3","6","2","12","09","3","1","0","0","1","0","0"
"POINT (13.513483516000065 52.427644571000030)","Unfall 146021 (2020) Kat:3, Licht: 2","146021","3","1","9","12","01","2","1","2","0","1","0","0"
"POINT (13.272410858000057 52.437271812000063)","Unfall 146023 (2020) Kat:3, Licht: 2","146023","3","2","5","12","17","4","0","2","1","0","0","0"
"POINT (13.270499507000068 52.451020477000043)","Unfall 146027 (2020) Kat:2, Licht: 2","146027","2","2","6","12","08","3","1","2","0","1","1","0"
"POINT (13.483118079000064 52.430915433000052)","Unfall 146029 (2020) Kat:3, Licht: 2","146029","3","1","0","12","02","3","1","2","0","0","0","1"
"POINT (13.444319172000064 52.565235925000081)","Unfall 146031 (2020) Kat:3, Licht: 2","146031","3","4","6","12","19","3","1","2","0","1","1","0"
"POINT (13.390382329000033 52.518152645000043)","Unfall 146032 (2020) Kat:3, Licht: 2","146032","3","5","1","12","22","5","1","2","1","0","0","0"
"POINT (13.484644426000045 52.533475442000054)","Unfall 146033 (2020) Kat:2, Licht: 2","146033","2","6","2","12","19","3","1","2","0","1","0","0"
"POINT (13.322006964000025 52.502080348000050)","Unfall 146035 (2020) Kat:3, Licht: 0","146035","3","6","2","12","11","3","1","0","1","1","0","0"
"POINT (13.358938932000058 52.420333161000030)","Unfall 146038 (2020) Kat:3, Licht: 2","146038","3","6","0","12","17","3","0","2","0","1","0","1"
"POINT (13.479069611000057 52.607639985000048)","Unfall 146040 (2020) Kat:3, Licht: 0","146040","3","2","5","12","09","5","1","0","1","1","0","0"
"POINT (13.366347085000029 52.495267175000038)","Unfall 146041 (2020) Kat:3, Licht: 2","146041","3","3","5","12","17","3","1","2","0","1","0","0"
"POINT (13.478622054000027 52.555956029000072)","Unfall 146044 (2020) Kat:3, Licht: 0","146044","3","3","5","12","13","5","0","0","1","1","0","0"
"POINT (13.419809737000037 52.606219551000038)","Unfall 146045 (2020) Kat:3, Licht: 2","146045","3","2","6","12","17","3","1","2","0","1","1","0"
"POINT (13.603107143000045 52.545723016000068)","Unfall 146049 (2020) Kat:2, Licht: 2","146049","2","7","0","12","16","3","1","2","0","1","0","0"
"POINT (13.378273673000024 52.467003056000067)","Unfall 146051 (2020) Kat:3, Licht: 0","146051","3","2","5","12","11","4","1","0","0","1","0","0"
"POINT (13.409838184000023 52.528987078000057)","Unfall 146052 (2020) Kat:3, Licht: 2","146052","3","6","2","12","16","3","1","2","0","1","0","0"
"POINT (13.417796035000038 52.499043956000037)","Unfall 146058 (2020) Kat:3, Licht: 2","146058","3","4","6","12","16","3","1","2","0","1","1","0"
"POINT (13.382260783000049 52.484997843000031)","Unfall 146059 (2020) Kat:3, Licht: 2","146059","3","2","5","12","03","1","0","2","0","1","0","0"
"POINT (13.377941258000021 52.466441694000082)","Unfall 146061 (2020) Kat:3, Licht: 1","146061","3","2","6","12","07","4","1","1","0","1","1","0"
"POINT (13.310914756000045 52.613017919000072)","Unfall 146062 (2020) Kat:3, Licht: 2","146062","3","3","5","12","17","3","1","2","0","1","0","0"
"POINT (13.419648787000028 52.506090512000071)","Unfall 146065 (2020) Kat:3, Licht: 0","146065","3","3","5","12","14","3","0","0","0","1","0","0"
"POINT (13.391817413000069 52.510570004000044)","Unfall 146068 (2020) Kat:3, Licht: 2","146068","3","2","6","12","16","3","1","2","0","1","1","0"
"POINT (13.386713987000064 52.559283698000058)","Unfall 146070 (2020) Kat:3, Licht: 0","146070","3","2","2","12","14","4","0","0","0","1","0","0"
"POINT (13.312868176000052 52.622461103000035)","Unfall 109753 (2021) Kat:3, Licht: 0","109753","3","3","5","01","14","2","","0","0","1","0","0"
"POINT (13.359258790000069 52.474366514000053)","Unfall 109998 (2021) Kat:3, Licht: 0","109998","3","6","2","01","14","7","","0","0","1","0","0"
"POINT (13.423094628000058 52.527534016000061)","Unfall 110370 (2021) Kat:3, Licht: 2","110370","3","6","3","01","20","1","","2","0","1","0","0"
"POINT (13.289495922000071 52.493813210000042)","Unfall 111541 (2021) Kat:3, Licht: 2","111541","3","1","9","01","01","6","","2","0","1","0","0"
"POINT (13.296344781000073 52.511008139000069)","Unfall 112174 (2021) Kat:3, Licht: 0","112174","3","2","6","03","16","4","","0","0","1","1","0"
"POINT (13.297247807000076 52.510880391000057)","Unfall 112177 (2021) Kat:3, Licht: 0","112177","3","2","6","04","17","1","","0","0","1","1","0"
"POINT (13.389005562000023 52.494841110000038)","Unfall 112180 (2021) Kat:2, Licht: 0","112180","2","6","3","08","10","3","","0","1","0","0","0"
"POINT (13.164028245000054 52.505766697000070)","Unfall 112181 (2021) Kat:2, Licht: 1","112181","2","6","4","11","17","6","","1","0","1","0","0"
"POINT (13.459049540000024 52.492850347000058)","Unfall 112182 (2021) Kat:3, Licht: 2","112182","3","2","5","09","19","4","","2","1","1","0","0"
"POINT (13.606291121000027 52.504953336000028)","Unfall 112184 (2021) Kat:3, Licht: 0","112184","3","3","5","07","20","6","","0","1","1","0","0"