WKT,Name,OBJECTID,UKATEGORIE,UTYP1,UART,UMONAT,USTUNDE,UWOCHENTAG,STRZUSTAND,ULICHTVERH,ISTRAD,ISTPKW,ISTFUSS,ISTKRAD
"POINT (13.419587442000022 52.461058003000062)","Unfall 112187 (2021) Kat:3, Licht: 0","112187","3","6","2","03","15","1","","0","0","1","0","0"
"POINT (13.306530186000032 52.480177378000064)","Unfall 112189 (2021) Kat:3, Licht: 0","112189","3","6","2","09","14","3","","0","0","1","0","0"
"POINT (13.453752617000077 52.515897006000046)","Unfall 112191 (2021) Kat:3, Licht: 0","112191","3","2","5","08","08","5","","0","0","1","0","0"
"POINT (13.536902646000044 52.530156041000055)","Unfall 112192 (2021) Kat:2, Licht: 0","112192","2","2","5","06","06","5","","0","0","0","0","1"
"POINT (13.214651330000038 52.427520392000076)","Unfall 112193 (2021) Kat:3, Licht: 0","112193","3","6","2","05","10","7","","0","0","1","0","0"
"POINT (13.377111811000077 52.432337221000068)","Unfall 112197 (2021) Kat:3, Licht: 0","112197","3","2","5","06","11","5","","0","1","0","0","0"
"POINT (13.377308321000044 52.501501025000039)","Unfall 112201 (2021) Kat:3, Licht: 0","112201","3","6","2","01","13","3","","0","0","1","0","0"
"POINT (13.561708996000050 52.508677571000078)","Unfall 112204 (2021) Kat:3, Licht: 0","112204","3","6","2","05","13","2","","0","0","1","0","1"
"POINT (13.398433483000076 52.576923196000052)","Unfall 112205 (2021) Kat:2, Licht: 2","112205","2","1","9","12","21","1","","2","0","1","0","0"
"POINT (13.385513103000051 52.446620812000049)","Unfall 112206 (2021) Kat:3, Licht: 0","112206","3","4","6","10","15","5","","0","0","1","1","0"
"POINT (13.370053409000036 52.539716262000070)","Unfall 112207 (2021) Kat:3, Licht: 0","112207","3","1","0","07","17","1","","0","0","0","0","1"
"POINT (13.453701726000077 52.516049015000078)","Unfall 112212 (2021) Kat:3, Licht: 0","112212","3","3","5","08","15","4","","0","1","0","0","0"
"POINT (13.454229288000022 52.515686452000068)","Unfall 112213 (2021) Kat:3, Licht: 0","112213","3","2","5","10","10","1","","0","0","1","0","0"
"POINT (13.359086856000033 52.488978538000026)","Unfall 112214 (2021) Kat:2, Licht: 0","112214","2","6","2","09","13","4","","0","0","0","0","1"
"POINT (13.336492491000058 52.478394381000044)","Unfall 112216 (2021) Kat:3, Licht: 0","112216","3","6","2","06","08","5","","0","0","1","0","0"
"POINT (13.196995599000047 52.416481021000038)","Unfall 112219 (2021) Kat:2, Licht: 0","112219","2","6","2","02","11","3","","0","0","1","0","0"
"POINT (13.479449873000021 52.484504596000079)","Unfall 112223 (2021) Kat:3, Licht: 0","112223","3","3","5","09","06","4","","0","1","1","0","0"
"POINT (13.448090959000069 52.526108293000050)","Unfall 112224 (2021) Kat:3, Licht: 0","112224","3","6","2","08","10","3","","0","0","1","0","1"
"POINT (13.398988209000038 52.573430450000046)","Unfall 112225 (2021) Kat:3, Licht: 0","112225","3","2","5","06","15","3","","0","1","1","0","0"
"POINT (13.228641221000032 52.506740668000077)","Unfall 112227 (2021) Kat:3, Licht: 2","112227","3","1","0","10","18","1","","2","0","0","0","1"
"POINT (13.293889224000054 52.510851718000026)","Unfall 112229 (2021) Kat:3, Licht: 0","112229","3","4","6","06","12","2","","0","1","0","1","0"
"POINT (13.558174395000037 52.562751962000050)","Unfall 112230 (2021) Kat:3, Licht: 0","112230","3","2","5","04","13","4","","0","0","1","0","0"
"POINT (13.368464850000066 52.506506660000070)","Unfall 112233 (2021) Kat:3, Licht: 0","112233","3","6","2","04","12","3","","0","0","1","0","0"
"POINT (13.283809684000062 52.507462644000043)","Unfall 112236 (2021) Kat:3, Licht: 0","112236","3","6","3","09","10","3","","0","0","1","0","1"
"POINT (13.365122744000075 52.472958918000074)","Unfall 112238 (2021) Kat:3, Licht: 1","112238","3","1","2","11","17","4","","1","0","1","0","0"
"POINT (13.377504249000026 52.433169692000035)","Unfall 112239 (2021) Kat:2, Licht: 0","112239","2","6","2","10","13","1","","0","0","1","0","0"
"POINT (13.377915639000037 52.470092724000040)","Unfall 112241 (2021) Kat:3, Licht: 0","112241","3","6","2","07","12","2","","0","0","1","0","0"
"POINT (13.307486387000040 52.511744142000055)","Unfall 112246 (2021) Kat:3, Licht: 0","112246","3","2","5","08","12","2","","0","1","1","0","0"
"POINT (13.616624010000066 52.504740326000046)","Unfall 112247 (2021) Kat:3, Licht: 0","112247","3","3","5","05","17","4","","0","1","1","0","0"
"POINT (13.452138030000071 52.510933072000057)","Unfall 112251 (2021) Kat:3, Licht: 2","112251","3","1","0","06","03","7","","2","0","0","0","0"
"POINT (13.562696447000064 52.508220275000042)","Unfall 112255 (2021) Kat:3, Licht: 2","112255","3","5","1","02","17","5","","2","0","1","0","0"
"POINT (13.404839078000066 52.520151454000029)","Unfall 112257 (2021) Kat:3, Licht: 0","112257","3","2","5","09","11","7","","0","1","0","0","0"
"POINT (13.537790053000037 52.525975838000079)","Unfall 112258 (2021) Kat:3, Licht: 2","112258","3","1","9","12","18","5","","2","0","1","0","0"
"POINT (13.369719040000064 52.515823684000054)","Unfall 112259 (2021) Kat:3, Licht: 0","112259","3","2","5","10","14","5","","0","0","1","0","0"
"POINT (13.411966548000066 52.541040491000047)","Unfall 112260 (2021) Kat:3, Licht: 1","112260","3","6","2","03","17","3","","1","0","1","0","0"
"POINT (13.419705978000025 52.524750438000069)","Unfall 112263 (2021) Kat:3, Licht: 0","112263","3","6","3","04","09","2","","0","1","0","0","0"
"POINT (13.364413027000069 52.563744932000077)","Unfall 112266 (2021) Kat:3, Licht: 0","112266","3","2","5","09","17","4","","0","1","1","0","0"
"POINT (13.413463915000023 52.549089732000027)","Unfall 112267 (2021) Kat:2, Licht: 0","112267","2","1","0","11","07","2","","0","1","0","0","0"
"POINT (13.297353830000077 52.510887531000037)","Unfall 112268 (2021) Kat:3, Licht: 0","112268","3","2","5","10","15","2","","0","0","1","0","0"
"POINT (13.323915443000033 52.607768050000061)","Unfall 112270 (2021) Kat:3, Licht: 0","112270","3","2","5","07","08","4","","0","1","0","0","0"
"POINT (13.457021764000046 52.515423425000051)","Unfall 112277 (2021) Kat:3, Licht: 0","112277","3","6","3","08","17","4","","0","1","0","0","1"
"POINT (13.356639874000052 52.473662538000042)","Unfall 112278 (2021) Kat:3, Licht: 0","112278","3","3","5","05","12","3","","0","0","1","0","0"
"POINT (13.463485554000044 52.487747949000038)","Unfall 112282 (2021) Kat:3, Licht: 0","112282","3","3","5","06","14","2","","0","1","1","0","0"
"POINT (13.403096694000055 52.594788233000031)","Unfall 112286 (2021) Kat:2, Licht: 1","112286","2","7","0","01","16","5","","1","1","0","0","0"
"POINT (13.355961932000071 52.473517858000037)","Unfall 112289 (2021) Kat:3, Licht: 0","112289","3","1","2","12","11","6","","0","0","1","0","0"
"POINT (13.323183521000033 52.512550822000037)","Unfall 112290 (2021) Kat:3, Licht: 0","112290","3","7","6","10","09","3","","0","1","0","1","0"
"POINT (13.368033229000048 52.505749236000042)","Unfall 112291 (2021) Kat:3, Licht: 0","112291","3","2","5","07","10","5","","0","1","1","0","0"
"POINT (13.366718127000070 52.532083315000079)","Unfall 112296 (2021) Kat:2, Licht: 2","112296","2","3","5","08","21","1","","2","0","1","0","0"
"POINT (13.393945850000023 52.426982593000048)","Unfall 112297 (2021) Kat:3, Licht: 0","112297","3","3","5","11","08","2","","0","0","1","0","1"
"POINT (13.613420456000028 52.504894493000052)","Unfall 112298 (2021) Kat:3, Licht: 0","112298","3","2","0","09","16","5","","0","1","0","0","0"
"POINT (13.367439854000054 52.551549309000052)","Unfall 112300 (2021) Kat:3, Licht: 0","112300","3","2","5","06","19","1","","0","1","1","0","0"
"POINT (13.406648411000049 52.462010403000079)","Unfall 112303 (2021) Kat:3, Licht: 0","112303","3","7","0","03","07","5","","0","0","1","0","0"
"POINT (13.461866585000053 52.514938085000040)","Unfall 112305 (2021) Kat:3, Licht: 0","112305","3","6","3","09","18","3","","0","1","0","0","0"
"POINT (13.377032965000069 52.501808785000037)","Unfall 112307 (2021) Kat:3, Licht: 0","112307","3","6","2","08","10","6","","0","0","1","0","0"
"POINT (13.460174607000056 52.515250514000059)","Unfall 112308 (2021) Kat:3, Licht: 2","112308","3","2","5","12","20","1","","2","0","1","0","0"
"POINT (13.225562467000032 52.460610290000034)","Unfall 112311 (2021) Kat:3, Licht: 0","112311","3","6","2","06","10","1","","0","0","1","0","0"
"POINT (13.339430465000078 52.588723955000034)","Unfall 112315 (2021) Kat:3, Licht: 2","112315","3","3","5","01","19","6","","2","0","1","0","1"
"POINT (13.365254255000025 52.558102561000055)","Unfall 112318 (2021) Kat:3, Licht: 0","112318","3","3","5","05","06","2","","0","0","1","0","1"
"POINT (13.448700764000023 52.505193561000056)","Unfall 112319 (2021) Kat:3, Licht: 2","112319","3","4","6","11","23","3","","2","1","0","1","0"
"POINT (13.405181357000060 52.520323751000035)","Unfall 112320 (2021) Kat:3, Licht: 0","112320","3","6","2","10","10","7","","0","0","1","0","0"
"POINT (13.346787627000026 52.579148066000073)","Unfall 112322 (2021) Kat:3, Licht: 0","112322","3","2","5","07","17","4","","0","1","0","0","0"
"POINT (13.492084109000075 52.468718752000029)","Unfall 112326 (2021) Kat:3, Licht: 0","112326","3","7","2","08","14","6","","0","0","1","0","0"
"POINT (13.539673847000074 52.510023619000037)","Unfall 112327 (2021) Kat:3, Licht: 0","112327","3","3","5","09","16","5","","0","1","1","0","0"
"POINT (13.412899343000049 52.519674555000051)","Unfall 112329 (2021) Kat:3, Licht: 0","112329","3","7","3","06","16","3","","0","1","1","0","0"
"POINT (13.425760776000061 52.529746450000061)","Unfall 112332 (2021) Kat:3, Licht: 2","112332","3","5","1","02","23","6","","2","1","1","0","0"
"POINT (13.297336705000077 52.510886378000066)","Unfall 112335 (2021) Kat:3, Licht: 2","112335","3","3","5","09","20","5","","2","0","1","0","0"
"POINT (13.378444830000035 52.509632893000060)","Unfall 112336 (2021) Kat:3, Licht: 0","112336","3","6","4","08","14","4","","0","1","0","0","0"
"POINT (13.517246091000061 52.427928316000077)","Unfall 112337 (2021) Kat:2, Licht: 0","112337","2","1","8","12","09","4","","0","0","0","0","0"
"POINT (13.367489942000077 52.531300058000056)","Unfall 112338 (2021) Kat:3, Licht: 0","112338","3","2","0","10","19","5","","0","1","1","0","0"
"POINT (13.314614731000063 52.512015527000074)","Unfall 112340 (2021) Kat:3, Licht: 0","112340","3","2","5","07","09","6","","0","1","1","0","0"
"POINT (13.363753882000026 52.565072863000069)","Unfall 112341 (2021) Kat:3, Licht: 2","112341","3","2","5","03","05","2","","2","1","1","0","0"
"POINT (13.357909567000036 52.407352235000076)","Unfall 112344 (2021) Kat:2, Licht: 0","112344","2","6","3","04","18","4","","0","0","1","0","0"
"POINT (13.461511604000066 52.454028885000071)","Unfall 112347 (2021) Kat:3, Licht: 0","112347","3","6","3","09","12","6","","0","0","1","0","0"
"POINT (13.403442566000024 52.569394647000081)","Unfall 112349 (2021) Kat:3, Licht: 0","112349","3","4","6","11","07","5","","0","0","0","1","0"
"POINT (13.385789594000073 52.470911053000066)","Unfall 112350 (2021) Kat:3, Licht: 0","112350","3","7","6","10","15","6","","0","0","0","1","0"
"POINT (13.449962596000034 52.463582155000040)","Unfall 112352 (2021) Kat:2, Licht: 0","112352","2","6","3","07","17","7","","0","0","1","0","1"
"POINT (13.424595111000031 52.540071391000026)","Unfall 112355 (2021) Kat:3, Licht: 1","112355","3","6","3","07","19","1","","1","0","1","0","1"
"POINT (13.389264635000075 52.497487216000081)","Unfall 112359 (2021) Kat:2, Licht: 0","112359","2","2","5","08","13","3","","0","1","0","0","0"
"POINT (13.493599088000053 52.511702677000073)","Unfall 112360 (2021) Kat:3, Licht: 0","112360","3","6","2","05","16","6","","0","0","1","0","1"
"POINT (13.398257637000029 52.577957581000078)","Unfall 112361 (2021) Kat:3, Licht: 0","112361","3","6","2","05","17","3","","0","0","1","0","0"
"POINT (13.365497740000023 52.557989646000067)","Unfall 112366 (2021) Kat:2, Licht: 2","112366","2","3","5","06","23","3","","2","0","1","0","0"
"POINT (13.479463987000031 52.484511321000070)","Unfall 112370 (2021) Kat:3, Licht: 0","112370","3","6","2","02","10","2","","0","0","1","0","0"
"POINT (13.364412837000032 52.563745928000060)","Unfall 112372 (2021) Kat:3, Licht: 0","112372","3","2","2","09","11","5","","0","1","1","0","0"
"POINT (13.399866495000026 52.416537682000069)","Unfall 112373 (2021) Kat:3, Licht: 2","112373","3","7","5","12","18","4","","2","1","1","0","0"
"POINT (13.433336972000063 52.536211976000061)","Unfall 112374 (2021) Kat:3, Licht: 1","112374","3","2","5","10","07","4","","1","1","1","0","0"
"POINT (13.416384430000051 52.522004397000046)","Unfall 112375 (2021) Kat:2, Licht: 0","112375","2","2","2","03","16","4","","0","1","1","0","0"
"POINT (13.326826887000038 52.477817951000077)","Unfall 112378 (2021) Kat:3, Licht: 0","112378","3","6","2","04","17","3","","0","0","1","0","0"
"POINT (13.368071163000025 52.505805595000027)","Unfall 112381 (2021) Kat:3, Licht: 2","112381","3","3","5","08","01","2","","2","0","1","0","0"
"POINT (13.304821312000058 52.511566367000057)","Unfall 112382 (2021) Kat:2, Licht: 1","112382","2","7","5","09","19","4","","1","0","1","0","1"
"POINT (13.517274516000043 52.427819361000047)","Unfall 112383 (2021) Kat:2, Licht: 0","112383","2","6","0","08","19","5","","0","0","1","0","0"
"POINT (13.388806055000032 52.436025153000060)","Unfall 112384 (2021) Kat:3, Licht: 2","112384","3","7","5","12","17","3","","2","0","1","0","0"
"POINT (13.386434881000071 52.510147524000047)","Unfall 112385 (2021) Kat:3, Licht: 2","112385","3","2","5","10","19","3","","2","1","1","0","0"
"POINT (13.460625976000074 52.493778171000031)","Unfall 112387 (2021) Kat:3, Licht: 0","112387","3","6","2","07","15","2","","0","0","1","0","1"
"POINT (13.444635868000034 52.545359493000035)","Unfall 112388 (2021) Kat:2, Licht: 2","112388","2","2","5","04","20","7","","2","0","1","0","0"
"POINT (13.470904624000070 52.514172295000037)","Unfall 112391 (2021) Kat:3, Licht: 0","112391","3","2","5","04","09","3","","0","0","1","0","0"
"POINT (13.267094185000076 52.494211471000028)","Unfall 112394 (2021) Kat:3, Licht: 0","112394","3","6","2","09","16","2","","0","0","1","0","0"
"POINT (13.368008268000040 52.505712151000068)","Unfall 112396 (2021) Kat:2, Licht: 0","112396","2","2","6","11","15","4","","0","0","0","1","0"
"POINT (13.430151876000025 52.582498715000042)","Unfall 112397 (2021) Kat:3, Licht: 0","112397","3","6","2","10","14","3","","0","0","1","0","0"
"POINT (13.540942694000023 52.542069597000079)","Unfall 112399 (2021) Kat:3, Licht: 0","112399","3","6","0","07","08","2","","0","1","1","0","0"
"POINT (13.454193023000073 52.515921945000059)","Unfall 112402 (2021) Kat:2, Licht: 0","112402","2","1","8","07","17","3","","0","1","0","0","0"
"POINT (13.097432135000076 52.413337444000035)","Unfall 112406 (2021) Kat:2, Licht: 0","112406","2","6","4","08","15","7","","0","0","1","0","0"
"POINT (13.285585015000038 52.494685937000042)","Unfall 112407 (2021) Kat:2, Licht: 0","112407","2","6","2","05","18","2","","0","0","1","0","0"
"POINT (13.435129082000060 52.586583141000062)","Unfall 112412 (2021) Kat:3, Licht: 0","112412","3","6","2","06","17","6","","0","0","1","0","0"
"POINT (13.484965956000053 52.512748447000035)","Unfall 112416 (2021) Kat:3, Licht: 0","112416","3","6","2","02","14","7","","0","0","1","0","0"
"POINT (13.551356588000033 52.509392482000067)","Unfall 112418 (2021) Kat:3, Licht: 0","112418","3","6","2","09","07","3","","0","0","1","0","0"
"POINT (13.155099630000052 52.419002783000053)","Unfall 112419 (2021) Kat:3, Licht: 2","112419","3","2","5","12","17","1","","2","1","1","0","0"
"POINT (13.428919961000076 52.548692794000033)","Unfall 112420 (2021) Kat:3, Licht: 0","112420","3","6","0","10","10","6","","0","0","1","0","0"
"POINT (13.371079445000078 52.470789812000078)","Unfall 112421 (2021) Kat:3, Licht: 0","112421","3","7","2","03","14","4","","0","0","1","0","0"
"POINT (13.404651393000051 52.513173035000079)","Unfall 112424 (2021) Kat:3, Licht: 0","112424","3","7","5","04","13","5","","0","0","0","0","1"
"POINT (13.181749168000067 52.516102329000034)","Unfall 112427 (2021) Kat:3, Licht: 0","112427","3","6","2","09","15","7","","0","0","1","0","0"
"POINT (13.385018189000050 52.450248966000061)","Unfall 112428 (2021) Kat:3, Licht: 0","112428","3","4","6","11","16","5","","0","0","1","1","0"
"POINT (13.332331880000027 52.598532347000059)","Unfall 112429 (2021) Kat:3, Licht: 0","112429","3","1","9","10","07","7","","0","0","1","0","0"
"POINT (13.297513001000027 52.510897879000026)","Unfall 112431 (2021) Kat:3, Licht: 0","112431","3","4","6","07","15","7","","0","1","0","1","0"
"POINT (13.244355471000063 52.475507566000033)","Unfall 112437 (2021) Kat:3, Licht: 0","112437","3","7","0","08","16","7","","0","0","1","0","0"
"POINT (13.349341880000054 52.475201541000047)","Unfall 112438 (2021) Kat:3, Licht: 0","112438","3","6","2","05","10","4","","0","0","1","0","0"
"POINT (13.438621399000056 52.540770258000066)","Unfall 112442 (2021) Kat:3, Licht: 2","112442","3","1","0","06","01","1","","2","0","0","0","0"
"POINT (13.558306874000039 52.562911607000046)","Unfall 112446 (2021) Kat:3, Licht: 2","112446","3","3","5","01","04","3","","2","0","1","0","0"
"POINT (13.467359137000074 52.514528674000076)","Unfall 112449 (2021) Kat:2, Licht: 2","112449","2","2","6","12","21","4","","2","0","1","1","0"
"POINT (13.301786566000033 52.642951909000033)","Unfall 112450 (2021) Kat:3, Licht: 0","112450","3","3","5","10","08","3","","0","1","1","0","0"
"POINT (13.454234814000074 52.515699307000034)","Unfall 112451 (2021) Kat:2, Licht: 0","112451","2","2","5","07","13","7","","0","0","1","0","0"
"POINT (13.419845155000075 52.525406860000032)","Unfall 112455 (2021) Kat:3, Licht: 0","112455","3","2","0","08","07","3","","0","1","0","0","0"
"POINT (13.460786910000024 52.493903352000075)","Unfall 112456 (2021) Kat:3, Licht: 0","112456","3","4","6","11","14","4","","0","0","0","1","1"
"POINT (13.609815025000046 52.504795624000053)","Unfall 112457 (2021) Kat:3, Licht: 0","112457","3","1","0","09","13","2","","0","1","0","0","0"
"POINT (13.213330646000031 52.427004825000040)","Unfall 112459 (2021) Kat:3, Licht: 2","112459","3","5","1","06","02","1","","2","0","1","0","0"
"POINT (13.305318755000030 52.511599885000066)","Unfall 112462 (2021) Kat:3, Licht: 2","112462","3","4","6","03","18","3","","2","1","0","1","0"
"POINT (13.416788057000076 52.522103695000055)","Unfall 112464 (2021) Kat:3, Licht: 1","112464","3","6","2","09","19","3","","1","0","1","0","0"
"POINT (13.460095584000044 52.515114413000049)","Unfall 112466 (2021) Kat:2, Licht: 0","112466","2","2","5","08","17","6","","0","1","0","0","0"
"POINT (13.454232842000067 52.515770964000069)","Unfall 112467 (2021) Kat:3, Licht: 0","112467","3","3","5","05","15","5","","0","0","1","0","0"
"POINT (13.358739433000039 52.408401377000075)","Unfall 112471 (2021) Kat:3, Licht: 0","112471","3","6","2","06","11","4","","0","0","1","0","0"
"POINT (13.305370956000047 52.572292845000050)","Unfall 112472 (2021) Kat:3, Licht: 0","112472","3","6","3","04","17","1","","0","0","1","0","0"
"POINT (13.284223647000033 52.509444969000072)","Unfall 112476 (2021) Kat:3, Licht: 0","112476","3","6","2","01","14","3","","0","0","1","0","0"
"POINT (13.449271012000054 52.523714014000063)","Unfall 112479 (2021) Kat:3, Licht: 0","112479","3","1","0","05","14","7","","0","0","1","0","1"
"POINT (13.385784559000058 52.481029363000061)","Unfall 112481 (2021) Kat:3, Licht: 0","112481","3","2","5","11","08","2","","0","1","1","0","0"
"POINT (13.384589501000050 52.452616177000039)","Unfall 112482 (2021) Kat:3, Licht: 0","112482","3","2","5","10","14","4","","0","1","1","0","0"
"POINT (13.427640914000051 52.518913986000030)","Unfall 112484 (2021) Kat:3, Licht: 0","112484","3","3","2","07","09","3","","0","1","0","0","0"
"POINT (13.417160391000039 52.522966234000080)","Unfall 112488 (2021) Kat:3, Licht: 0","112488","3","5","1","08","16","3","","0","0","1","0","1"
"POINT (13.606276060000027 52.504953437000040)","Unfall 112489 (2021) Kat:3, Licht: 0","112489","3","3","5","05","16","3","","0","1","1","0","0"
"POINT (13.406299858000068 52.397567159000062)","Unfall 112490 (2021) Kat:3, Licht: 0","112490","3","3","5","09","14","5","","0","0","1","0","0"
"POINT (13.462008456000035 52.495165253000039)","Unfall 112492 (2021) Kat:3, Licht: 0","112492","3","6","4","06","16","2","","0","1","0","0","0"
"POINT (13.365283145000035 52.557955100000072)","Unfall 112495 (2021) Kat:3, Licht: 0","112495","3","3","5","03","15","3","","0","1","0","0","1"
"POINT (13.412367015000029 52.519063163000055)","Unfall 112498 (2021) Kat:3, Licht: 0","112498","3","6","2","08","19","4","","0","1","1","0","0"
"POINT (13.302988622000044 52.449224422000043)","Unfall 112499 (2021) Kat:3, Licht: 2","112499","3","6","0","12","19","7","","2","0","1","0","1"
"POINT (13.143669824000028 52.417838536000033)","Unfall 112500 (2021) Kat:3, Licht: 0","112500","3","7","6","10","14","7","","0","1","0","1","0"
"POINT (13.297256398000059 52.489914960000078)","Unfall 112502 (2021) Kat:3, Licht: 0","112502","3","7","6","07","14","5","","0","0","1","0","0"
"POINT (13.307506511000042 52.511745148000045)","Unfall 112503 (2021) Kat:3, Licht: 0","112503","3","3","5","03","11","3","","0","1","1","0","0"
"POINT (13.424213941000062 52.539292871000043)","Unfall 112506 (2021) Kat:3, Licht: 0","112506","3","2","2","04","11","2","","0","0","1","0","0"
"POINT (13.477043688000037 52.513407703000041)","Unfall 112509 (2021) Kat:3, Licht: 0","112509","3","2","5","09","16","6","","0","0","1","0","1"
"POINT (13.385436798000057 52.463875743000074)","Unfall 112511 (2021) Kat:3, Licht: 2","112511","3","6","0","11","19","2","","2","0","1","0","0"
"POINT (13.416768023000031 52.377817751000066)","Unfall 112512 (2021) Kat:3, Licht: 0","112512","3","4","6","10","07","2","","0","0","1","1","0"
"POINT (13.414643716000057 52.556030724000038)","Unfall 112514 (2021) Kat:3, Licht: 0","112514","3","1","0","07","17","7","","0","1","0","0","0"
"POINT (13.363886896000054 52.564821296000048)","Unfall 112518 (2021) Kat:3, Licht: 0","112518","3","5","1","07","15","3","","0","0","1","0","0"
"POINT (13.261281735000068 52.508687321000082)","Unfall 112522 (2021) Kat:3, Licht: 0","112522","3","6","2","08","07","6","","0","1","0","0","0"
"POINT (13.484098263000021 52.512702835000027)","Unfall 112523 (2021) Kat:3, Licht: 0","112523","3","3","5","05","15","6","","0","1","1","0","0"
"POINT (13.448303194000061 52.516307421000079)","Unfall 112524 (2021) Kat:3, Licht: 0","112524","3","6","2","05","17","1","","0","0","1","0","0"
"POINT (13.269412752000051 52.437626489000081)","Unfall 112528 (2021) Kat:3, Licht: 0","112528","3","2","5","06","08","5","","0","0","1","0","0"
"POINT (13.387377767000032 52.469897252000067)","Unfall 112532 (2021) Kat:3, Licht: 0","112532","3","6","2","02","09","4","","0","0","1","0","0"
"POINT (13.385619852000048 52.446065718000057)","Unfall 112534 (2021) Kat:3, Licht: 2","112534","3","6","0","09","21","6","","2","0","1","0","0"
"POINT (13.369793139000024 52.515827610000031)","Unfall 112535 (2021) Kat:3, Licht: 2","112535","3","2","2","12","20","7","","2","0","1","0","0"
"POINT (13.433365702000060 52.536198211000055)","Unfall 112536 (2021) Kat:3, Licht: 2","112536","3","2","5","10","18","4","","2","1","0","0","0"
"POINT (13.199058636000075 52.439381449000052)","Unfall 112537 (2021) Kat:3, Licht: 0","112537","3","6","3","03","14","4","","0","0","1","0","0"
"POINT (13.550692802000071 52.509433299000079)","Unfall 112540 (2021) Kat:3, Licht: 0","112540","3","6","2","04","12","4","","0","0","1","0","0"
"POINT (13.281168169000068 52.498860810000053)","Unfall 112543 (2021) Kat:3, Licht: 0","112543","3","6","2","08","16","6","","0","0","1","0","0"
"POINT (13.502085516000022 52.461880891000078)","Unfall 112544 (2021) Kat:3, Licht: 2","112544","3","6","4","11","17","4","","2","1","0","0","0"
"POINT (13.290409584000031 52.510466004000079)","Unfall 112545 (2021) Kat:3, Licht: 0","112545","3","1","0","09","10","3","","0","0","0","0","1"
"POINT (13.323742527000036 52.607899232000079)","Unfall 112547 (2021) Kat:3, Licht: 0","112547","3","1","2","07","15","6","","0","0","1","0","0"
"POINT (13.429527897000071 52.532954880000034)","Unfall 112551 (2021) Kat:3, Licht: 0","112551","3","2","5","03","16","3","","0","0","0","0","1"
"POINT (13.487901715000021 52.512450955000077)","Unfall 112552 (2021) Kat:2, Licht: 2","112552","2","6","3","09","05","4","","2","0","1","0","1"
"POINT (13.302018078000060 52.549670529000082)","Unfall 112554 (2021) Kat:3, Licht: 0","112554","3","6","3","08","15","6","","0","0","1","0","0"
"POINT (13.273626752000041 52.499547950000078)","Unfall 112555 (2021) Kat:3, Licht: 2","112555","3","6","3","05","20","2","","2","0","1","0","0"
"POINT (13.395380293000073 52.467143957000076)","Unfall 112559 (2021) Kat:3, Licht: 0","112559","3","6","2","06","06","5","","0","0","1","0","0"
"POINT (13.290586836000045 52.493805600000030)","Unfall 112563 (2021) Kat:3, Licht: 0","112563","3","3","5","01","11","5","","0","0","1","0","0"
"POINT (13.375888733000068 52.429730098000050)","Unfall 112567 (2021) Kat:3, Licht: 0","112567","3","2","5","05","11","2","","0","1","0","0","0"
"POINT (13.423997613000040 52.528242087000081)","Unfall 112568 (2021) Kat:3, Licht: 2","112568","3","2","5","12","16","2","","2","1","1","0","0"
"POINT (13.416087361000052 52.522131579000074)","Unfall 112569 (2021) Kat:3, Licht: 0","112569","3","6","2","10","08","7","","0","0","1","0","0"
"POINT (13.385514578000027 52.470102445000066)","Unfall 112570 (2021) Kat:3, Licht: 2","112570","3","3","5","07","22","3","","2","0","1","0","0"
"POINT (13.308882892000042 52.451181318000067)","Unfall 112575 (2021) Kat:3, Licht: 0","112575","3","6","4","08","16","4","","0","0","1","0","0"
"POINT (13.454190194000034 52.515595520000034)","Unfall 112576 (2021) Kat:3, Licht: 0","112576","3","2","2","11","09","3","","0","0","1","0","0"
"POINT (13.433072349000042 52.536040884000045)","Unfall 112577 (2021) Kat:3, Licht: 2","112577","3","2","5","09","19","4","","2","1","1","0","0"
"POINT (13.101820589000056 52.413813098000048)","Unfall 112579 (2021) Kat:2, Licht: 0","112579","2","5","1","06","17","1","","0","0","1","0","1"
"POINT (13.416774180000061 52.522091333000049)","Unfall 112582 (2021) Kat:3, Licht: 0","112582","3","2","5","02","06","3","","0","1","0","0","0"
"POINT (13.412495529000068 52.544971299000053)","Unfall 112586 (2021) Kat:3, Licht: 0","112586","3","6","4","09","10","5","","0","1","0","0","0"
"POINT (13.439700745000039 52.541691425000067)","Unfall 112587 (2021) Kat:3, Licht: 0","112587","3","2","5","08","16","3","","0","1","1","0","0"
"POINT (13.347652051000068 52.574451596000074)","Unfall 112588 (2021) Kat:3, Licht: 0","112588","3","3","5","05","15","1","","0","0","1","0","0"
"POINT (13.536890026000037 52.531979173000082)","Unfall 112589 (2021) Kat:2, Licht: 2","112589","2","4","6","12","17","4","","2","0","1","1","0"
"POINT (13.284994019000067 52.510613558000045)","Unfall 112590 (2021) Kat:3, Licht: 0","112590","3","6","3","11","07","5","","0","0","1","0","0"
"POINT (13.369958232000045 52.541956104000064)","Unfall 112591 (2021) Kat:1, Licht: 0","112591","1","2","5","10","12","6","","0","1","0","0","0"
"POINT (13.457785707000028 52.491634383000076)","Unfall 112593 (2021) Kat:2, Licht: 0","112593","2","2","2","07","06","2","","0","1","0","0","0"