WKT,Name,OBJECTID,UKATEGORIE,UTYP1,UART,UMONAT,USTUNDE,UWOCHENTAG,STRZUSTAND,ULICHTVERH,ISTRAD,ISTPKW,ISTFUSS,ISTKRAD
"POINT (13.300602795000032 52.487480711000046)","Unfall 112599 (2021) Kat:3, Licht: 0","112599","3","6","2","08","14","4","","0","0","1","0","0"
"POINT (13.341473636000046 52.586072904000048)","Unfall 112600 (2021) Kat:3, Licht: 0","112600","3","6","2","06","12","6","","0","0","1","0","0"
"POINT (13.372100783000064 52.505106878000049)","Unfall 112601 (2021) Kat:3, Licht: 0","112601","3","3","5","05","10","3","","0","0","1","0","0"
"POINT (13.364974450000034 52.473026748000052)","Unfall 112605 (2021) Kat:3, Licht: 0","112605","3","6","2","06","16","6","","0","0","1","0","0"
"POINT (13.406901731000062 52.392640893000078)","Unfall 112609 (2021) Kat:3, Licht: 0","112609","3","2","5","01","11","3","","0","0","1","0","0"
"POINT (13.338634942000056 52.478554296000027)","Unfall 112612 (2021) Kat:3, Licht: 1","112612","3","1","0","12","08","6","","1","0","0","0","1"
"POINT (13.380396347000044 52.499268256000050)","Unfall 112613 (2021) Kat:3, Licht: 2","112613","3","2","5","10","19","4","","2","1","1","0","0"
"POINT (13.364768601000037 52.502016928000046)","Unfall 112614 (2021) Kat:3, Licht: 0","112614","3","2","5","07","14","7","","0","1","1","0","0"
"POINT (13.418597182000042 52.523758144000055)","Unfall 112619 (2021) Kat:3, Licht: 2","112619","3","6","2","08","01","1","","2","1","1","0","0"
"POINT (13.202318354000056 52.423075422000068)","Unfall 112620 (2021) Kat:3, Licht: 0","112620","3","3","5","11","08","2","","0","0","1","0","0"
"POINT (13.490882698000064 52.623180450000064)","Unfall 112621 (2021) Kat:3, Licht: 0","112621","3","6","3","09","14","4","","0","0","1","0","0"
"POINT (13.414297920000024 52.555822857000067)","Unfall 112623 (2021) Kat:2, Licht: 0","112623","2","2","0","07","20","6","","0","1","1","0","0"
"POINT (13.385904467000046 52.445398377000060)","Unfall 112626 (2021) Kat:2, Licht: 0","112626","2","7","6","03","12","4","","0","0","0","1","0"
"POINT (13.383485920000055 52.469620547000034)","Unfall 112628 (2021) Kat:3, Licht: 0","112628","3","1","0","09","16","6","","0","0","1","0","0"
"POINT (13.455762557000071 52.461764991000052)","Unfall 112630 (2021) Kat:3, Licht: 0","112630","3","6","2","08","14","6","","0","0","1","0","0"
"POINT (13.364824559000056 52.561550226000065)","Unfall 112631 (2021) Kat:3, Licht: 0","112631","3","6","2","05","11","3","","0","0","1","0","0"
"POINT (13.620722876000059 52.504194237000036)","Unfall 112635 (2021) Kat:3, Licht: 0","112635","3","2","5","06","17","4","","0","1","1","0","0"
"POINT (13.387611444000072 52.438998104000063)","Unfall 112636 (2021) Kat:3, Licht: 2","112636","3","2","5","04","01","1","","2","0","1","0","0"
"POINT (13.388467941000044 52.493873595000082)","Unfall 112639 (2021) Kat:3, Licht: 0","112639","3","6","3","01","12","4","","0","0","1","0","0"
"POINT (13.250026922000075 52.508010955000032)","Unfall 112642 (2021) Kat:3, Licht: 0","112642","3","6","2","05","15","1","","0","0","1","0","0"
"POINT (13.280878765000068 52.499542667000071)","Unfall 112644 (2021) Kat:3, Licht: 2","112644","3","6","3","11","17","5","","2","0","1","0","0"
"POINT (13.425334559000078 52.538960509000049)","Unfall 112645 (2021) Kat:3, Licht: 0","112645","3","6","3","10","17","5","","0","1","0","0","0"
"POINT (13.380624512000054 52.499236707000080)","Unfall 112647 (2021) Kat:3, Licht: 0","112647","3","6","3","07","06","4","","0","0","1","0","0"
"POINT (13.312099626000077 52.512042498000028)","Unfall 112651 (2021) Kat:3, Licht: 0","112651","3","7","6","08","13","2","","0","1","0","1","0"
"POINT (13.401531381000041 52.511435504000076)","Unfall 112652 (2021) Kat:3, Licht: 0","112652","3","6","2","05","09","3","","0","0","1","0","0"
"POINT (13.406733503000055 52.514705822000053)","Unfall 112655 (2021) Kat:3, Licht: 0","112655","3","7","2","06","13","3","","0","0","1","0","1"
"POINT (13.348384824000050 52.481733029000054)","Unfall 112658 (2021) Kat:3, Licht: 0","112658","3","6","2","02","09","4","","0","0","1","0","0"
"POINT (13.282724123000037 52.528237381000054)","Unfall 112661 (2021) Kat:2, Licht: 0","112661","2","1","0","08","13","2","","0","0","0","0","1"
"POINT (13.282151345000045 52.497831077000058)","Unfall 112662 (2021) Kat:3, Licht: 2","112662","3","6","3","12","07","6","","2","0","1","0","0"
"POINT (13.385992911000073 52.480491731000029)","Unfall 112663 (2021) Kat:3, Licht: 2","112663","3","6","2","10","20","3","","2","0","1","0","0"
"POINT (13.444895386000042 52.545483409000042)","Unfall 112664 (2021) Kat:2, Licht: 0","112664","2","2","5","04","15","6","","0","0","1","0","0"
"POINT (13.249843645000055 52.507999661000042)","Unfall 112667 (2021) Kat:3, Licht: 0","112667","3","2","5","04","15","7","","0","1","0","0","0"
"POINT (13.213069305000033 52.427157113000078)","Unfall 112670 (2021) Kat:2, Licht: 0","112670","2","1","8","09","18","5","","0","0","1","0","0"
"POINT (13.447897548000071 52.547063779000041)","Unfall 112671 (2021) Kat:3, Licht: 2","112671","3","6","3","11","20","3","","2","0","1","0","0"
"POINT (13.386389162000057 52.443055727000058)","Unfall 112672 (2021) Kat:3, Licht: 2","112672","3","6","3","10","19","3","","2","0","1","0","0"
"POINT (13.423458380000056 52.528122261000078)","Unfall 112674 (2021) Kat:3, Licht: 0","112674","3","1","0","07","12","6","","0","1","0","0","0"
"POINT (13.343059956000047 52.513955114000055)","Unfall 112678 (2021) Kat:2, Licht: 0","112678","2","4","6","07","17","6","","0","0","1","1","0"
"POINT (13.390814849000037 52.432464943000070)","Unfall 112682 (2021) Kat:3, Licht: 0","112682","3","5","1","08","06","4","","0","0","1","0","0"
"POINT (13.466066411000043 52.514658484000051)","Unfall 112683 (2021) Kat:1, Licht: 0","112683","1","5","3","05","12","5","","0","1","0","0","0"
"POINT (13.428648856000052 52.518160567000052)","Unfall 112687 (2021) Kat:3, Licht: 0","112687","3","1","0","06","09","5","","0","1","0","0","0"
"POINT (13.450619686000039 52.463661870000067)","Unfall 112691 (2021) Kat:3, Licht: 0","112691","3","7","0","02","12","4","","0","0","0","0","0"
"POINT (13.364854734000062 52.502116505000060)","Unfall 112693 (2021) Kat:3, Licht: 2","112693","3","2","2","09","20","6","","2","0","1","0","0"
"POINT (13.361731443000053 52.497106914000028)","Unfall 112694 (2021) Kat:3, Licht: 2","112694","3","6","3","12","21","3","","2","1","1","0","0"
"POINT (13.342945343000054 52.514083310000046)","Unfall 112695 (2021) Kat:3, Licht: 2","112695","3","7","0","10","04","1","","2","1","0","0","0"
"POINT (13.414167085000031 52.381515933000060)","Unfall 112696 (2021) Kat:3, Licht: 0","112696","3","6","3","03","10","7","","0","0","1","0","0"
"POINT (13.126282965000030 52.478571002000081)","Unfall 112699 (2021) Kat:3, Licht: 0","112699","3","3","5","04","12","2","","0","1","1","0","0"
"POINT (13.413809448000052 52.540760030000058)","Unfall 112702 (2021) Kat:3, Licht: 0","112702","3","6","2","08","16","2","","0","0","1","0","0"
"POINT (13.376457329000061 52.430941564000079)","Unfall 112703 (2021) Kat:3, Licht: 0","112703","3","2","2","11","09","5","","0","0","1","0","0"
"POINT (13.457905227000026 52.491778372000056)","Unfall 112704 (2021) Kat:3, Licht: 2","112704","3","2","5","09","00","4","","2","1","0","0","0"
"POINT (13.454191862000073 52.515925528000082)","Unfall 112706 (2021) Kat:3, Licht: 0","112706","3","1","0","07","20","3","","0","1","0","0","0"
"POINT (13.498082302000057 52.464523637000070)","Unfall 112709 (2021) Kat:2, Licht: 0","112709","2","2","2","03","13","6","","0","0","1","0","0"
"POINT (13.388601180000023 52.436387841000055)","Unfall 112710 (2021) Kat:3, Licht: 0","112710","3","3","2","09","14","6","","0","1","1","0","0"
"POINT (13.398991565000074 52.573440780000055)","Unfall 112712 (2021) Kat:2, Licht: 0","112712","2","3","5","08","18","1","","0","0","1","0","0"
"POINT (13.575455460000057 52.505188418000046)","Unfall 112713 (2021) Kat:3, Licht: 0","112713","3","6","2","06","16","5","","0","0","1","0","1"
"POINT (13.430810045000044 52.536802861000069)","Unfall 112714 (2021) Kat:2, Licht: 0","112714","2","6","2","05","16","6","","0","0","0","0","1"
"POINT (13.412381178000032 52.540995716000054)","Unfall 112718 (2021) Kat:3, Licht: 2","112718","3","2","5","06","23","1","","2","0","1","0","1"
"POINT (13.355062111000052 52.478185264000047)","Unfall 112722 (2021) Kat:3, Licht: 1","112722","3","2","2","01","15","3","","1","0","1","0","0"
"POINT (13.432669085000043 52.536189637000064)","Unfall 112725 (2021) Kat:3, Licht: 0","112725","3","3","5","05","19","2","","0","1","1","0","0"
"POINT (13.460055186000034 52.515118437000069)","Unfall 112726 (2021) Kat:3, Licht: 2","112726","3","2","5","11","17","3","","2","1","1","0","0"
"POINT (13.370572470000070 52.539974793000056)","Unfall 112727 (2021) Kat:3, Licht: 0","112727","3","2","5","10","15","6","","0","0","1","0","0"
"POINT (13.332878487000073 52.596434358000067)","Unfall 112728 (2021) Kat:3, Licht: 0","112728","3","6","3","07","19","2","","0","0","1","0","0"
"POINT (13.386813571000062 52.441330402000062)","Unfall 112733 (2021) Kat:3, Licht: 0","112733","3","6","2","08","18","3","","0","0","1","0","0"
"POINT (13.448624147000032 52.505068820000076)","Unfall 112734 (2021) Kat:3, Licht: 2","112734","3","4","6","11","00","7","","2","0","0","1","0"
"POINT (13.385780942000054 52.480868408000049)","Unfall 112735 (2021) Kat:2, Licht: 2","112735","2","6","1","09","05","1","","2","0","1","0","0"
"POINT (13.515538877000040 52.452707595000049)","Unfall 112737 (2021) Kat:3, Licht: 0","112737","3","6","2","06","16","7","","0","0","1","0","0"
"POINT (13.315342806000046 52.612982089000070)","Unfall 112740 (2021) Kat:3, Licht: 0","112740","3","6","2","02","14","5","","0","0","1","0","0"
"POINT (13.402791158000070 52.593171965000067)","Unfall 112744 (2021) Kat:3, Licht: 0","112744","3","3","5","09","15","4","","0","0","1","0","0"
"POINT (13.409015435000072 52.517064607000066)","Unfall 112745 (2021) Kat:3, Licht: 0","112745","3","2","5","08","06","1","","0","0","1","0","0"
"POINT (13.270553136000046 52.437939430000029)","Unfall 112746 (2021) Kat:2, Licht: 0","112746","2","6","2","05","14","4","","0","0","0","0","1"
"POINT (13.391106559000036 52.431943108000041)","Unfall 112748 (2021) Kat:3, Licht: 1","112748","3","2","5","11","16","6","","1","0","1","0","0"
"POINT (13.297183259000064 52.511065262000045)","Unfall 112750 (2021) Kat:3, Licht: 0","112750","3","4","6","06","15","4","","0","0","1","1","0"
"POINT (13.447802413000034 52.502451825000037)","Unfall 112751 (2021) Kat:3, Licht: 0","112751","3","3","5","03","10","4","","0","0","1","0","0"
"POINT (13.413932919000047 52.551676219000058)","Unfall 112754 (2021) Kat:3, Licht: 0","112754","3","5","1","04","14","5","","0","0","1","0","0"
"POINT (13.359031366000067 52.573402370000053)","Unfall 112758 (2021) Kat:3, Licht: 2","112758","3","7","5","11","16","1","","2","0","1","0","0"
"POINT (13.428312567000035 52.518928999000082)","Unfall 112759 (2021) Kat:3, Licht: 2","112759","3","3","5","10","19","5","","2","0","1","0","1"
"POINT (13.412393860000066 52.519080370000040)","Unfall 112761 (2021) Kat:3, Licht: 0","112761","3","3","5","07","13","5","","0","1","0","0","0"
"POINT (13.362035190000029 52.413742286000058)","Unfall 112765 (2021) Kat:3, Licht: 0","112765","3","3","5","08","17","4","","0","0","1","0","1"
"POINT (13.419949335000069 52.524958890000050)","Unfall 112766 (2021) Kat:3, Licht: 0","112766","3","2","0","05","18","4","","0","1","1","0","0"
"POINT (13.290618599000027 52.533096732000047)","Unfall 112770 (2021) Kat:3, Licht: 0","112770","3","6","2","06","16","5","","0","0","1","0","0"
"POINT (13.370993031000069 52.422786707000057)","Unfall 112774 (2021) Kat:3, Licht: 0","112774","3","1","4","02","12","2","","0","0","1","0","0"
"POINT (13.289487377000057 52.533315647000052)","Unfall 112776 (2021) Kat:3, Licht: 0","112776","3","1","0","09","14","3","","0","0","1","0","0"
"POINT (13.372016585000040 52.505132103000051)","Unfall 112777 (2021) Kat:3, Licht: 1","112777","3","3","5","12","16","1","","1","0","1","0","0"
"POINT (13.349906360000034 52.482723361000069)","Unfall 112778 (2021) Kat:3, Licht: 2","112778","3","5","0","10","18","3","","2","0","1","0","0"
"POINT (13.370736555000065 52.470854741000039)","Unfall 112779 (2021) Kat:3, Licht: 0","112779","3","6","2","03","14","5","","0","0","1","0","0"
"POINT (13.408552831000065 52.516227227000059)","Unfall 112782 (2021) Kat:3, Licht: 1","112782","3","2","5","04","20","5","","1","1","1","0","0"
"POINT (13.388101485000050 52.437639257000058)","Unfall 112785 (2021) Kat:3, Licht: 0","112785","3","7","2","09","16","6","","0","0","1","0","0"
"POINT (13.432712081000034 52.536175495000066)","Unfall 112786 (2021) Kat:3, Licht: 0","112786","3","6","2","11","09","6","","0","0","1","0","0"
"POINT (13.357645375000061 52.474012816000027)","Unfall 112787 (2021) Kat:2, Licht: 1","112787","2","6","2","10","07","3","","1","0","1","0","0"
"POINT (13.282670655000061 52.528540171000031)","Unfall 112789 (2021) Kat:3, Licht: 1","112789","3","6","3","07","20","7","","1","0","1","0","0"
"POINT (13.281647741000029 52.509916194000027)","Unfall 112794 (2021) Kat:3, Licht: 0","112794","3","5","5","06","13","1","","0","1","1","0","0"
"POINT (13.227320888000065 52.506918898000038)","Unfall 112795 (2021) Kat:3, Licht: 0","112795","3","6","2","04","13","7","","0","0","1","0","0"
"POINT (13.447316215000058 52.503296425000030)","Unfall 112798 (2021) Kat:3, Licht: 2","112798","3","1","8","01","06","1","","2","1","0","0","0"
"POINT (13.294871411000031 52.491457591000028)","Unfall 112802 (2021) Kat:3, Licht: 1","112802","3","6","2","11","17","5","","1","0","1","0","0"
"POINT (13.312543664000032 52.623540133000063)","Unfall 112803 (2021) Kat:3, Licht: 0","112803","3","2","5","10","15","5","","0","0","1","0","1"
"POINT (13.494209785000066 52.511651723000057)","Unfall 112805 (2021) Kat:3, Licht: 0","112805","3","2","5","07","16","5","","0","0","1","0","1"
"POINT (13.395588142000065 52.424088825000069)","Unfall 112809 (2021) Kat:3, Licht: 0","112809","3","6","2","08","15","7","","0","0","1","0","1"
"POINT (13.290723565000064 52.493755981000049)","Unfall 112810 (2021) Kat:3, Licht: 0","112810","3","3","2","05","11","5","","0","0","1","0","0"
"POINT (13.385900220000053 52.476204664000079)","Unfall 112813 (2021) Kat:3, Licht: 0","112813","3","2","5","06","09","1","","0","1","0","0","1"
"POINT (13.465257953000048 52.514592704000052)","Unfall 112816 (2021) Kat:3, Licht: 0","112816","3","6","2","02","11","5","","0","0","1","0","1"
"POINT (13.158387336000033 52.502024589000030)","Unfall 112818 (2021) Kat:1, Licht: 0","112818","1","2","5","09","15","5","","0","0","1","0","1"
"POINT (13.385789593000027 52.470910912000079)","Unfall 112819 (2021) Kat:3, Licht: 0","112819","3","4","6","05","15","2","","0","0","1","1","0"
"POINT (13.388888258000065 52.436467488000062)","Unfall 112820 (2021) Kat:3, Licht: 0","112820","3","6","3","12","10","4","","0","0","1","0","0"
"POINT (13.408005114000048 52.515770569000040)","Unfall 112821 (2021) Kat:2, Licht: 2","112821","2","6","3","10","22","2","","2","1","1","0","0"
"POINT (13.324951084000077 52.606637627000055)","Unfall 112822 (2021) Kat:3, Licht: 0","112822","3","6","3","03","13","3","","0","0","1","0","1"
"POINT (13.385165127000050 52.448507976000030)","Unfall 112825 (2021) Kat:3, Licht: 0","112825","3","6","3","04","17","5","","0","0","1","0","0"
"POINT (13.332638307000025 52.597553477000076)","Unfall 112828 (2021) Kat:3, Licht: 0","112828","3","6","2","09","15","5","","0","0","1","0","0"
"POINT (13.478403797000055 52.484005845000070)","Unfall 112829 (2021) Kat:3, Licht: 2","112829","3","7","6","11","21","5","","2","0","1","1","0"
"POINT (13.429007669000043 52.573436340000057)","Unfall 112830 (2021) Kat:3, Licht: 0","112830","3","7","5","10","16","6","","0","1","1","0","0"
"POINT (13.191044995000027 52.514236817000040)","Unfall 112832 (2021) Kat:2, Licht: 0","112832","2","3","5","07","09","7","","0","0","1","0","0"
"POINT (13.301763250000022 52.642974520000053)","Unfall 112839 (2021) Kat:3, Licht: 0","112839","3","3","5","08","17","4","","0","1","1","0","0"
"POINT (13.598885447000043 52.504877820000047)","Unfall 112840 (2021) Kat:3, Licht: 0","112840","3","6","2","05","12","6","","0","0","1","0","0"
"POINT (13.416184361000035 52.540342097000064)","Unfall 112844 (2021) Kat:3, Licht: 0","112844","3","2","2","06","20","3","","0","0","1","0","1"
"POINT (13.468026515000076 52.484691456000064)","Unfall 112848 (2021) Kat:1, Licht: 2","112848","1","1","8","02","22","3","","2","0","1","0","0"
"POINT (13.311312508000071 52.511991058000035)","Unfall 112851 (2021) Kat:3, Licht: 2","112851","3","7","2","12","18","6","","2","0","1","0","0"
"POINT (13.324038383000072 52.607659376000072)","Unfall 112852 (2021) Kat:3, Licht: 0","112852","3","6","2","10","16","3","","0","0","1","0","0"
"POINT (13.378308046000029 52.434849477000057)","Unfall 112855 (2021) Kat:3, Licht: 1","112855","3","2","5","04","20","2","","1","1","1","0","0"
"POINT (13.389249005000067 52.497550103000037)","Unfall 112858 (2021) Kat:3, Licht: 0","112858","3","2","5","09","12","4","","0","1","1","0","0"
"POINT (13.403844094000021 52.568897570000047)","Unfall 112859 (2021) Kat:3, Licht: 0","112859","3","5","1","11","14","5","","0","0","1","0","0"
"POINT (13.327062684000055 52.477816898000071)","Unfall 112860 (2021) Kat:3, Licht: 0","112860","3","6","2","09","15","2","","0","0","1","0","0"
"POINT (13.453882973000077 52.516806402000043)","Unfall 112862 (2021) Kat:3, Licht: 0","112862","3","6","2","06","18","4","","0","0","1","0","0"
"POINT (13.387042038000061 52.491918761000079)","Unfall 112865 (2021) Kat:3, Licht: 0","112865","3","6","3","03","09","6","","0","0","1","0","0"
"POINT (13.450966670000071 52.521899252000026)","Unfall 112867 (2021) Kat:3, Licht: 0","112867","3","7","0","09","16","2","","0","1","0","0","0"
"POINT (13.363935641000069 52.414227523000079)","Unfall 112869 (2021) Kat:3, Licht: 0","112869","3","1","1","08","19","6","","0","0","1","0","0"
"POINT (13.297304644000064 52.510884218000058)","Unfall 112870 (2021) Kat:3, Licht: 0","112870","3","2","5","06","17","5","","0","0","1","0","1"
"POINT (13.332571279000035 52.597620410000047)","Unfall 112871 (2021) Kat:3, Licht: 0","112871","3","6","3","05","18","6","","0","1","1","0","0"
"POINT (13.359065148000070 52.489261669000030)","Unfall 112875 (2021) Kat:3, Licht: 0","112875","3","6","2","06","12","7","","0","0","1","0","0"
"POINT (13.442542279000065 52.463017836000063)","Unfall 112879 (2021) Kat:3, Licht: 2","112879","3","6","3","01","17","2","","2","0","1","0","0"
"POINT (13.385635004000051 52.445986920000053)","Unfall 112882 (2021) Kat:3, Licht: 0","112882","3","4","6","05","08","7","","0","0","1","1","0"
"POINT (13.465419980000036 52.514577187000043)","Unfall 112883 (2021) Kat:3, Licht: 0","112883","3","7","0","12","10","4","","0","1","0","0","0"
"POINT (13.351770417000068 52.484066671000051)","Unfall 112884 (2021) Kat:2, Licht: 0","112884","2","5","1","10","14","2","","0","1","0","0","0"
"POINT (13.257624840000062 52.508478786000069)","Unfall 112885 (2021) Kat:3, Licht: 0","112885","3","6","2","07","15","3","","0","0","1","0","0"
"POINT (13.418630701000041 52.539960760000042)","Unfall 112889 (2021) Kat:3, Licht: 0","112889","3","2","5","08","18","7","","0","1","1","0","0"
"POINT (13.433587341000077 52.536092025000073)","Unfall 112890 (2021) Kat:3, Licht: 2","112890","3","6","0","10","19","1","","2","0","1","0","1"
"POINT (13.281608308000045 52.505232451000040)","Unfall 112891 (2021) Kat:2, Licht: 0","112891","2","6","3","09","13","6","","0","0","1","0","1"
"POINT (13.599000590000060 52.505016962000070)","Unfall 112893 (2021) Kat:3, Licht: 0","112893","3","6","2","06","13","5","","0","0","1","0","0"
"POINT (13.408239715000036 52.388434830000051)","Unfall 112896 (2021) Kat:3, Licht: 0","112896","3","7","5","02","10","1","","0","0","1","0","0"
"POINT (13.403311105000057 52.569376667000029)","Unfall 112900 (2021) Kat:3, Licht: 0","112900","3","6","3","09","14","4","","0","0","0","0","1"
"POINT (13.591287384000054 52.505084993000082)","Unfall 112901 (2021) Kat:3, Licht: 0","112901","3","6","2","08","10","1","","0","0","1","0","0"
"POINT (13.283293783000033 52.529113684000038)","Unfall 112902 (2021) Kat:3, Licht: 0","112902","3","6","3","05","11","2","","0","0","1","0","0"
"POINT (13.316529710000054 52.478827391000038)","Unfall 112904 (2021) Kat:3, Licht: 2","112904","3","6","2","11","17","5","","2","0","1","0","0"
"POINT (13.406116950000069 52.405858922000050)","Unfall 112906 (2021) Kat:3, Licht: 0","112906","3","5","1","06","06","4","","0","0","1","0","1"
"POINT (13.152592521000031 52.418737615000055)","Unfall 112907 (2021) Kat:3, Licht: 0","112907","3","2","5","04","15","3","","0","1","1","0","0"
"POINT (13.606283493000035 52.504953387000057)","Unfall 112910 (2021) Kat:2, Licht: 0","112910","2","3","5","04","16","5","","0","1","1","0","0"
"POINT (13.402507181000033 52.592174410000041)","Unfall 112913 (2021) Kat:3, Licht: 0","112913","3","2","5","09","15","6","","0","1","1","0","0"
"POINT (13.452759490000062 52.512347019000060)","Unfall 112915 (2021) Kat:3, Licht: 2","112915","3","3","2","11","17","4","","2","0","1","0","0"
"POINT (13.327871761000040 52.477813282000056)","Unfall 112916 (2021) Kat:3, Licht: 0","112916","3","6","2","10","16","6","","0","0","1","0","0"
"POINT (13.404254504000050 52.513107432000027)","Unfall 112918 (2021) Kat:2, Licht: 0","112918","2","1","0","07","18","5","","0","1","0","0","0"
"POINT (13.319311059000029 52.512518263000061)","Unfall 112923 (2021) Kat:3, Licht: 0","112923","3","2","5","08","18","2","","0","1","1","0","0"
"POINT (13.385851957000057 52.486026933000062)","Unfall 112924 (2021) Kat:3, Licht: 0","112924","3","3","5","05","14","4","","0","1","1","0","0"
"POINT (13.380180389000031 52.509750357000030)","Unfall 112928 (2021) Kat:3, Licht: 0","112928","3","6","4","06","09","6","","0","1","0","0","0"
"POINT (13.199770445000070 52.512467609000055)","Unfall 112932 (2021) Kat:3, Licht: 0","112932","3","6","3","02","15","3","","0","0","1","0","0"
"POINT (13.364642703000072 52.561311144000058)","Unfall 112934 (2021) Kat:3, Licht: 1","112934","3","2","5","09","06","5","","1","1","1","0","0"
"POINT (13.361931989000027 52.413749618000054)","Unfall 112935 (2021) Kat:3, Licht: 0","112935","3","6","4","12","08","5","","0","0","1","0","0"
"POINT (13.551146242000073 52.509245477000036)","Unfall 112936 (2021) Kat:2, Licht: 2","112936","2","6","3","10","03","1","","2","1","1","0","0"
"POINT (13.495361435000063 52.435034620000067)","Unfall 112937 (2021) Kat:3, Licht: 0","112937","3","6","3","03","10","6","","0","0","1","0","0"
"POINT (13.486799284000028 52.472057330000041)","Unfall 112940 (2021) Kat:3, Licht: 0","112940","3","4","6","04","11","4","","0","0","1","1","0"
"POINT (13.317998148000072 52.512431577000029)","Unfall 112943 (2021) Kat:3, Licht: 0","112943","3","2","5","09","08","2","","0","1","1","0","0"
"POINT (13.404881541000066 52.519941102000075)","Unfall 112944 (2021) Kat:2, Licht: 2","112944","2","1","0","11","01","3","","2","0","0","0","0"
"POINT (13.428201698000066 52.532218108000052)","Unfall 112945 (2021) Kat:3, Licht: 0","112945","3","4","6","10","11","7","","0","1","0","1","0"
"POINT (13.504247154000041 52.510671608000052)","Unfall 112947 (2021) Kat:3, Licht: 0","112947","3","6","2","07","12","3","","0","0","1","0","0"
"POINT (13.459205495000049 52.492963976000055)","Unfall 112954 (2021) Kat:3, Licht: 0","112954","3","2","5","08","11","4","","0","1","1","0","0"
"POINT (13.456580947000077 52.515625741000065)","Unfall 112955 (2021) Kat:2, Licht: 0","112955","2","6","3","06","19","5","","0","1","0","0","0"
"POINT (13.479453203000048 52.484523374000048)","Unfall 112956 (2021) Kat:3, Licht: 0","112956","3","3","5","05","09","2","","0","1","1","0","0"
"POINT (13.389312692000033 52.497293855000066)","Unfall 112960 (2021) Kat:3, Licht: 0","112960","3","6","3","06","17","7","","0","0","1","0","0"
"POINT (13.360461590000057 52.571014381000055)","Unfall 112964 (2021) Kat:3, Licht: 0","112964","3","6","2","01","11","3","","0","0","1","0","0"
"POINT (13.391045012000063 52.432053301000053)","Unfall 112967 (2021) Kat:3, Licht: 2","112967","3","6","2","12","16","2","","2","0","1","0","0"
"POINT (13.452510637000046 52.518515231000038)","Unfall 112968 (2021) Kat:3, Licht: 0","112968","3","7","0","10","08","6","","0","1","0","0","0"
"POINT (13.298890740000047 52.545802492000064)","Unfall 112969 (2021) Kat:3, Licht: 0","112969","3","6","2","07","13","6","","0","0","1","0","0"
"POINT (13.398804576000032 52.572404029000040)","Unfall 112973 (2021) Kat:2, Licht: 0","112973","2","7","5","08","15","3","","0","0","1","0","0"
"POINT (13.226962380000032 52.506990812000026)","Unfall 112974 (2021) Kat:3, Licht: 2","112974","3","6","2","11","18","2","","2","0","1","0","0"
"POINT (13.316430741000033 52.614046880000046)","Unfall 112975 (2021) Kat:3, Licht: 0","112975","3","3","5","09","11","5","","0","0","1","0","0"
"POINT (13.348573022000039 52.481869374000041)","Unfall 112977 (2021) Kat:3, Licht: 0","112977","3","4","6","06","16","4","","0","0","0","1","0"
"POINT (13.457789447000039 52.549713043000054)","Unfall 112980 (2021) Kat:3, Licht: 0","112980","3","6","2","03","10","7","","0","0","1","0","0"
"POINT (13.394782063000036 52.467244430000051)","Unfall 112982 (2021) Kat:3, Licht: 0","112982","3","6","3","09","07","3","","0","0","1","0","0"
"POINT (13.414599746000022 52.556336514000066)","Unfall 112984 (2021) Kat:3, Licht: 0","112984","3","2","5","08","18","7","","0","1","1","0","0"
"POINT (13.406786603000057 52.394704708000063)","Unfall 112985 (2021) Kat:3, Licht: 0","112985","3","7","5","06","13","4","","0","1","0","0","0"
"POINT (13.300850340000068 52.487297904000059)","Unfall 112986 (2021) Kat:3, Licht: 0","112986","3","6","2","05","11","6","","0","0","1","0","0"
"POINT (13.409045812000045 52.516636771000037)","Unfall 112990 (2021) Kat:3, Licht: 2","112990","3","1","0","06","22","7","","2","0","0","0","0"
"POINT (13.199861567000028 52.440022892000059)","Unfall 112994 (2021) Kat:3, Licht: 2","112994","3","6","2","01","04","6","","2","0","0","0","0"
"POINT (13.334939741000028 52.465000159000056)","Unfall 113000 (2021) Kat:3, Licht: 0","113000","3","6","2","08","09","6","","0","0","1","0","0"
"POINT (13.384402894000061 52.626878202000057)","Unfall 113001 (2021) Kat:3, Licht: 0","113001","3","6","2","05","16","4","","0","0","1","0","1"
"POINT (13.538616961000059 52.509962479000080)","Unfall 113005 (2021) Kat:3, Licht: 0","113005","3","1","0","06","14","7","","0","0","0","0","1"
"POINT (13.560149634000027 52.561990240000057)","Unfall 113009 (2021) Kat:3, Licht: 0","113009","3","6","2","01","10","6","","0","0","1","0","0"
"POINT (13.463739114000077 52.451023105000047)","Unfall 113012 (2021) Kat:3, Licht: 0","113012","3","6","2","12","09","2","","0","0","1","0","0"
"POINT (13.282977329000062 52.528657035000037)","Unfall 113013 (2021) Kat:3, Licht: 0","113013","3","6","2","10","14","7","","0","0","1","0","0"
"POINT (13.476258274000031 52.479370316000029)","Unfall 113018 (2021) Kat:3, Licht: 0","113018","3","6","3","08","08","2","","0","0","1","0","0"
"POINT (13.347639528000059 52.574332398000081)","Unfall 113019 (2021) Kat:3, Licht: 0","113019","3","6","2","11","09","2","","0","0","1","0","0"