WKT,Name,OBJECTID,UKATEGORIE,UTYP1,UART,UMONAT,USTUNDE,UWOCHENTAG,STRZUSTAND,ULICHTVERH,ISTRAD,ISTPKW,ISTFUSS,ISTKRAD
"POINT (13.537248845000022 52.527928061000068)","Unfall 113020 (2021) Kat:3, Licht: 0","113020","3","5","0","09","11","3","","0","0","0","0","1"
"POINT (13.494133802000022 52.511824144000059)","Unfall 113022 (2021) Kat:3, Licht: 2","113022","3","2","0","06","00","3","","2","1","0","0","0"
"POINT (13.553448127000024 52.509344355000053)","Unfall 113025 (2021) Kat:3, Licht: 1","113025","3","2","5","03","17","7","","1","1","1","0","0"
"POINT (13.398162810000031 52.571070899000063)","Unfall 113027 (2021) Kat:3, Licht: 0","113027","3","1","0","09","10","4","","0","0","1","0","0"
"POINT (13.368617048000033 52.506243743000027)","Unfall 113029 (2021) Kat:3, Licht: 2","113029","3","3","5","08","21","1","","2","0","1","0","0"
"POINT (13.383951221000075 52.455082738000044)","Unfall 113030 (2021) Kat:3, Licht: 0","113030","3","6","0","06","09","4","","0","0","1","0","0"
"POINT (13.241615383000067 52.507488982000041)","Unfall 113031 (2021) Kat:3, Licht: 0","113031","3","6","2","12","11","4","","0","0","1","0","1"
"POINT (13.404730054000026 52.519864570000038)","Unfall 113034 (2021) Kat:3, Licht: 0","113034","3","3","5","06","17","3","","0","1","0","0","0"
"POINT (13.196002391000036 52.422179190000065)","Unfall 113038 (2021) Kat:2, Licht: 2","113038","2","6","2","01","22","5","","2","0","1","0","0"
"POINT (13.424388261000047 52.539254680000056)","Unfall 113042 (2021) Kat:3, Licht: 0","113042","3","2","0","05","17","6","","0","0","1","0","0"
"POINT (13.241645053000070 52.507490808000057)","Unfall 113043 (2021) Kat:3, Licht: 0","113043","3","6","2","12","11","1","","0","0","1","0","0"
"POINT (13.560351410000067 52.562233590000062)","Unfall 113044 (2021) Kat:3, Licht: 2","113044","3","2","5","10","21","3","","2","0","1","0","0"
"POINT (13.326725256000032 52.512849195000058)","Unfall 113046 (2021) Kat:3, Licht: 0","113046","3","3","5","07","15","7","","0","0","1","0","0"
"POINT (13.457835748000036 52.491749819000063)","Unfall 113049 (2021) Kat:3, Licht: 0","113049","3","2","0","08","13","2","","0","1","0","0","0"
"POINT (13.425407220000068 52.529794724000055)","Unfall 113050 (2021) Kat:3, Licht: 0","113050","3","3","5","09","11","1","","0","1","1","0","0"
"POINT (13.384482181000067 52.453204090000042)","Unfall 113052 (2021) Kat:3, Licht: 0","113052","3","6","2","06","17","2","","0","0","1","0","0"
"POINT (13.447941406000041 52.526329173000079)","Unfall 113055 (2021) Kat:3, Licht: 0","113055","3","6","3","02","15","6","","0","0","1","0","0"
"POINT (13.343066533000069 52.513955566000050)","Unfall 113059 (2021) Kat:3, Licht: 0","113059","3","6","2","09","13","3","","0","0","1","0","0"
"POINT (13.364416395000035 52.563727192000044)","Unfall 113060 (2021) Kat:3, Licht: 0","113060","3","2","0","08","13","5","","0","1","1","1","0"
"POINT (13.402076391000037 52.412629639000045)","Unfall 113061 (2021) Kat:2, Licht: 2","113061","2","5","1","12","18","1","","2","0","1","0","0"
"POINT (13.281350284000041 52.523359028000073)","Unfall 113062 (2021) Kat:3, Licht: 2","113062","3","6","0","10","06","3","","2","0","1","0","0"
"POINT (13.387892446000023 52.510235736000027)","Unfall 113064 (2021) Kat:3, Licht: 0","113064","3","1","0","07","16","4","","0","0","1","0","0"
"POINT (13.359272998000051 52.573326220000069)","Unfall 113065 (2021) Kat:3, Licht: 0","113065","3","6","2","04","10","7","","0","0","1","0","0"
"POINT (13.364692518000027 52.561041470000077)","Unfall 113068 (2021) Kat:3, Licht: 0","113068","3","5","1","04","14","3","","0","1","1","0","0"
"POINT (13.355691913000044 52.477740419000042)","Unfall 113071 (2021) Kat:3, Licht: 0","113071","3","6","2","09","15","6","","0","0","1","0","0"
"POINT (13.445095237000032 52.545574711000029)","Unfall 113073 (2021) Kat:3, Licht: 2","113073","3","2","5","11","06","6","","2","1","1","0","0"
"POINT (13.348594723000076 52.481885041000055)","Unfall 113074 (2021) Kat:3, Licht: 2","113074","3","2","6","10","22","5","","2","0","1","1","0"
"POINT (13.404257144000042 52.519625651000069)","Unfall 113076 (2021) Kat:3, Licht: 0","113076","3","4","0","07","11","2","","0","0","0","1","0"
"POINT (13.353931240000065 52.479176162000044)","Unfall 113079 (2021) Kat:3, Licht: 0","113079","3","6","2","07","18","5","","0","0","1","0","0"
"POINT (13.414708028000064 52.555602848000035)","Unfall 113083 (2021) Kat:2, Licht: 0","113083","2","6","0","08","19","1","","0","1","0","0","0"
"POINT (13.436038205000045 52.517545748000032)","Unfall 113084 (2021) Kat:2, Licht: 0","113084","2","4","6","05","18","1","","0","1","0","1","0"
"POINT (13.374893974000031 52.502362757000071)","Unfall 113089 (2021) Kat:2, Licht: 0","113089","2","3","5","06","18","4","","0","1","1","0","0"
"POINT (13.377804235000042 52.433800238000060)","Unfall 113093 (2021) Kat:3, Licht: 2","113093","3","3","5","02","18","3","","2","0","1","0","0"
"POINT (13.365257958000029 52.558083362000048)","Unfall 113095 (2021) Kat:2, Licht: 0","113095","2","2","5","09","18","2","","0","1","1","0","0"
"POINT (13.388126298000032 52.437569378000035)","Unfall 113096 (2021) Kat:3, Licht: 2","113096","3","2","5","12","18","1","","2","1","1","0","0"
"POINT (13.303317836000076 52.485465567000062)","Unfall 113097 (2021) Kat:3, Licht: 0","113097","3","6","2","10","16","5","","0","0","1","0","0"
"POINT (13.344830439000077 52.581679345000055)","Unfall 113098 (2021) Kat:3, Licht: 0","113098","3","6","2","03","08","6","","0","0","1","0","0"
"POINT (13.439001789000031 52.541094428000065)","Unfall 113101 (2021) Kat:3, Licht: 2","113101","3","3","5","04","22","5","","2","0","1","0","0"
"POINT (13.266003488000024 52.493349343000034)","Unfall 113104 (2021) Kat:3, Licht: 0","113104","3","6","2","09","15","1","","0","0","1","0","0"
"POINT (13.362104796000040 52.474160520000055)","Unfall 113105 (2021) Kat:3, Licht: 1","113105","3","6","2","11","07","4","","1","0","1","0","0"
"POINT (13.433268214000066 52.536238027000081)","Unfall 113106 (2021) Kat:3, Licht: 0","113106","3","2","5","10","10","7","","0","0","1","0","1"
"POINT (13.461777679000022 52.488895372000059)","Unfall 113108 (2021) Kat:3, Licht: 0","113108","3","6","3","07","12","7","","0","0","1","0","1"
"POINT (13.180412944000068 52.516377236000039)","Unfall 113114 (2021) Kat:2, Licht: 0","113114","2","6","3","08","13","5","","0","0","1","0","1"
"POINT (13.367367331000025 52.551392211000064)","Unfall 113115 (2021) Kat:3, Licht: 0","113115","3","2","6","06","09","5","","0","0","1","1","0"
"POINT (13.348308258000031 52.481764233000035)","Unfall 113116 (2021) Kat:3, Licht: 0","113116","3","2","5","05","18","1","","0","1","1","0","0"
"POINT (13.314336992000051 52.453092197000046)","Unfall 113120 (2021) Kat:3, Licht: 0","113120","3","6","2","06","13","4","","0","0","1","0","0"
"POINT (13.358573244000070 52.474047216000031)","Unfall 113124 (2021) Kat:3, Licht: 0","113124","3","6","2","01","14","6","","0","0","1","0","0"
"POINT (13.268151566000029 52.509111567000048)","Unfall 113127 (2021) Kat:2, Licht: 2","113127","2","7","6","12","00","3","","2","0","1","1","0"
"POINT (13.124897309000062 52.478319054000053)","Unfall 113128 (2021) Kat:3, Licht: 0","113128","3","1","8","10","16","3","","0","0","1","0","0"
"POINT (13.472648873000026 52.513849480000033)","Unfall 113129 (2021) Kat:3, Licht: 0","113129","3","7","0","07","06","6","","0","1","0","0","0"
"POINT (13.435189447000027 52.535027903000071)","Unfall 113134 (2021) Kat:2, Licht: 0","113134","2","2","5","08","14","3","","0","1","0","0","0"
"POINT (13.406794958000035 52.521135973000071)","Unfall 113135 (2021) Kat:3, Licht: 0","113135","3","7","0","11","17","4","","0","1","0","0","0"
"POINT (13.297521518000053 52.489900655000042)","Unfall 113136 (2021) Kat:3, Licht: 0","113136","3","6","2","09","14","7","","0","0","1","0","0"
"POINT (13.231127908000076 52.506836940000028)","Unfall 113138 (2021) Kat:3, Licht: 0","113138","3","6","2","06","17","4","","0","0","1","0","0"
"POINT (13.284767836000071 52.515549539000062)","Unfall 113141 (2021) Kat:3, Licht: 0","113141","3","6","2","03","08","4","","0","0","1","0","0"
"POINT (13.224552282000047 52.459811003000027)","Unfall 113143 (2021) Kat:3, Licht: 0","113143","3","7","3","09","12","1","","0","0","1","0","1"
"POINT (13.271363646000054 52.438423773000068)","Unfall 113145 (2021) Kat:2, Licht: 2","113145","2","3","5","08","23","6","","2","0","1","0","0"
"POINT (13.460580151000045 52.493743199000050)","Unfall 113146 (2021) Kat:3, Licht: 0","113146","3","6","3","05","06","3","","0","1","0","0","0"
"POINT (13.409056233000058 52.517099992000055)","Unfall 113147 (2021) Kat:3, Licht: 2","113147","3","2","5","12","00","2","","2","0","1","0","0"
"POINT (13.384360113000071 52.452735055000062)","Unfall 113150 (2021) Kat:3, Licht: 0","113150","3","2","5","06","10","4","","0","0","1","0","1"
"POINT (13.281215250000059 52.498799945000030)","Unfall 113151 (2021) Kat:3, Licht: 0","113151","3","6","2","04","18","1","","0","0","1","0","0"
"POINT (13.293800861000022 52.492242367000074)","Unfall 113154 (2021) Kat:3, Licht: 2","113154","3","6","3","01","18","5","","2","0","1","0","0"
"POINT (13.361943701000030 52.413611576000051)","Unfall 113157 (2021) Kat:3, Licht: 2","113157","3","2","5","05","20","1","","2","1","1","0","0"
"POINT (13.401370772000064 52.580507422000039)","Unfall 113159 (2021) Kat:3, Licht: 2","113159","3","4","6","11","20","1","","2","0","1","1","0"
"POINT (13.359308833000057 52.573309417000075)","Unfall 113160 (2021) Kat:3, Licht: 2","113160","3","6","2","10","22","3","","2","0","1","0","0"
"POINT (13.348563653000042 52.481862611000054)","Unfall 113162 (2021) Kat:3, Licht: 0","113162","3","2","2","07","14","3","","0","0","1","0","0"
"POINT (13.448997675000044 52.505666622000035)","Unfall 113166 (2021) Kat:3, Licht: 0","113166","3","5","1","08","13","4","","0","1","1","0","0"
"POINT (13.413654738000048 52.557828367000070)","Unfall 113167 (2021) Kat:3, Licht: 0","113167","3","6","2","04","13","6","","0","0","1","0","1"
"POINT (13.340148083000031 52.513755755000034)","Unfall 113170 (2021) Kat:3, Licht: 0","113170","3","6","0","06","13","1","","0","1","0","0","0"
"POINT (13.385285954000040 52.463141672000063)","Unfall 113173 (2021) Kat:3, Licht: 0","113173","3","6","3","02","10","4","","0","1","0","0","0"
"POINT (13.439619849000053 52.542019517000028)","Unfall 113176 (2021) Kat:3, Licht: 0","113176","3","7","0","07","09","7","","0","1","0","0","0"
"POINT (13.432203053000023 52.583901115000060)","Unfall 113177 (2021) Kat:3, Licht: 0","113177","3","6","2","12","14","6","","0","0","1","0","0"
"POINT (13.390460595000036 52.433729197000048)","Unfall 113178 (2021) Kat:3, Licht: 0","113178","3","6","2","10","12","6","","0","0","1","0","0"
"POINT (13.324245175000044 52.477949330000058)","Unfall 113179 (2021) Kat:2, Licht: 0","113179","2","6","2","04","14","3","","0","0","1","0","0"
"POINT (13.271384548000071 52.438430535000066)","Unfall 113182 (2021) Kat:3, Licht: 0","113182","3","2","5","04","15","2","","0","0","1","0","0"
"POINT (13.426117227000077 52.530413752000072)","Unfall 113185 (2021) Kat:2, Licht: 0","113185","2","2","0","09","17","6","","0","1","1","0","0"
"POINT (13.348566851000044 52.481864920000078)","Unfall 113186 (2021) Kat:3, Licht: 0","113186","3","2","5","11","08","2","","0","1","1","0","0"
"POINT (13.365499971000077 52.557978696000077)","Unfall 113187 (2021) Kat:3, Licht: 0","113187","3","3","5","10","15","6","","0","0","1","0","0"
"POINT (13.454190766000067 52.515928909000081)","Unfall 113189 (2021) Kat:3, Licht: 0","113189","3","1","0","07","12","4","","0","1","0","0","0"
"POINT (13.310964374000037 52.511776213000076)","Unfall 113193 (2021) Kat:3, Licht: 0","113193","3","2","5","07","07","3","","0","1","1","0","0"
"POINT (13.467499930000031 52.514514573000042)","Unfall 113197 (2021) Kat:3, Licht: 0","113197","3","1","1","08","07","6","","0","1","1","0","0"
"POINT (13.388103855000054 52.437632582000049)","Unfall 113198 (2021) Kat:2, Licht: 0","113198","2","3","5","05","12","6","","0","1","1","0","0"
"POINT (13.558032333000028 52.562553096000045)","Unfall 113200 (2021) Kat:3, Licht: 0","113200","3","6","3","05","18","7","","0","0","1","0","0"
"POINT (13.385906361000025 52.476609134000057)","Unfall 113202 (2021) Kat:3, Licht: 1","113202","3","6","2","11","06","2","","1","0","1","0","0"
"POINT (13.492294296000068 52.622963766000055)","Unfall 113203 (2021) Kat:2, Licht: 0","113203","2","5","3","10","17","5","","0","0","1","0","0"
"POINT (13.179091535000055 52.516648970000062)","Unfall 113205 (2021) Kat:3, Licht: 0","113205","3","2","0","07","19","3","","0","0","1","0","0"
"POINT (13.382116298000028 52.439312412000049)","Unfall 113209 (2021) Kat:3, Licht: 2","113209","3","6","2","08","22","3","","2","0","1","0","0"
"POINT (13.365256147000025 52.558092748000035)","Unfall 113210 (2021) Kat:3, Licht: 0","113210","3","3","5","05","11","2","","0","0","1","0","0"
"POINT (13.315488307000066 52.617997314000036)","Unfall 113211 (2021) Kat:3, Licht: 0","113211","3","2","5","09","13","4","","0","1","1","0","0"
"POINT (13.406310067000049 52.404903373000082)","Unfall 113213 (2021) Kat:3, Licht: 0","113213","3","4","6","06","09","2","","0","0","1","1","0"
"POINT (13.412315629000034 52.541011008000055)","Unfall 113216 (2021) Kat:2, Licht: 1","113216","2","2","3","03","17","2","","1","0","1","0","1"
"POINT (13.486934935000022 52.624618556000030)","Unfall 113219 (2021) Kat:2, Licht: 0","113219","2","7","7","09","13","3","","0","0","1","0","0"
"POINT (13.266895557000055 52.509034654000061)","Unfall 113220 (2021) Kat:3, Licht: 0","113220","3","6","3","08","14","1","","0","0","1","0","0"
"POINT (13.422106028000030 52.520190447000061)","Unfall 113221 (2021) Kat:3, Licht: 1","113221","3","7","3","05","22","2","","1","1","0","0","0"
"POINT (13.470797277000031 52.514036175000058)","Unfall 113222 (2021) Kat:3, Licht: 0","113222","3","7","6","05","17","3","","0","0","0","1","0"
"POINT (13.371009392000076 52.470941327000048)","Unfall 113223 (2021) Kat:3, Licht: 1","113223","3","6","3","12","07","3","","1","0","1","0","1"
"POINT (13.368095956000047 52.505845140000076)","Unfall 113224 (2021) Kat:3, Licht: 2","113224","3","3","5","10","06","7","","2","0","1","0","0"
"POINT (13.559585960000049 52.563654422000070)","Unfall 113226 (2021) Kat:3, Licht: 0","113226","3","3","5","07","09","2","","0","0","1","0","0"
"POINT (13.173969980000038 52.420419726000034)","Unfall 113227 (2021) Kat:2, Licht: 0","113227","2","4","3","04","14","6","","0","1","0","1","0"
"POINT (13.460822820000033 52.550432583000031)","Unfall 113230 (2021) Kat:3, Licht: 0","113230","3","6","3","04","15","3","","0","0","1","0","1"
"POINT (13.337316747000045 52.478583986000046)","Unfall 113233 (2021) Kat:3, Licht: 2","113233","3","6","3","09","21","1","","2","0","1","0","0"
"POINT (13.506972934000032 52.510613753000030)","Unfall 113235 (2021) Kat:2, Licht: 1","113235","2","6","2","11","18","5","","1","0","1","0","0"
"POINT (13.373321874000055 52.509154284000033)","Unfall 113236 (2021) Kat:3, Licht: 0","113236","3","4","6","10","17","7","","0","0","1","1","0"
"POINT (13.284503370000039 52.495721609000043)","Unfall 113238 (2021) Kat:3, Licht: 0","113238","3","6","2","07","14","7","","0","0","1","0","0"
"POINT (13.356969889000027 52.473749083000030)","Unfall 113241 (2021) Kat:3, Licht: 0","113241","3","1","9","07","17","6","","0","0","1","0","0"
"POINT (13.092251205000025 52.413480643000071)","Unfall 113245 (2021) Kat:3, Licht: 0","113245","3","6","2","08","18","3","","0","1","0","0","0"
"POINT (13.414686956000025 52.380559656000059)","Unfall 113246 (2021) Kat:2, Licht: 0","113246","2","4","6","05","16","4","","0","0","1","1","0"
"POINT (13.283737562000056 52.496570239000050)","Unfall 113251 (2021) Kat:3, Licht: 0","113251","3","6","2","06","12","6","","0","0","1","0","0"
"POINT (13.399121411000067 52.510988126000029)","Unfall 113255 (2021) Kat:3, Licht: 2","113255","3","6","2","02","19","2","","2","0","1","0","0"
"POINT (13.312473911000041 52.511875020000048)","Unfall 113257 (2021) Kat:3, Licht: 2","113257","3","2","5","09","19","6","","2","1","1","0","0"
"POINT (13.365228649000073 52.472910477000028)","Unfall 113258 (2021) Kat:3, Licht: 2","113258","3","6","2","12","16","6","","2","0","1","0","0"
"POINT (13.424747510000032 52.528881929000079)","Unfall 113259 (2021) Kat:1, Licht: 1","113259","1","4","6","10","19","3","","1","0","0","1","1"
"POINT (13.377683774000047 52.433547121000061)","Unfall 113260 (2021) Kat:3, Licht: 0","113260","3","2","2","03","16","1","","0","0","1","0","0"
"POINT (13.365922206000050 52.555748397000059)","Unfall 113263 (2021) Kat:3, Licht: 0","113263","3","6","2","04","15","6","","0","0","1","0","0"
"POINT (13.385681170000055 52.446591639000076)","Unfall 113266 (2021) Kat:3, Licht: 0","113266","3","7","0","08","11","5","","0","0","1","0","0"
"POINT (13.258733122000024 52.508551180000040)","Unfall 113267 (2021) Kat:3, Licht: 2","113267","3","6","2","11","18","6","","2","0","1","0","0"
"POINT (13.412435432000052 52.542480929000078)","Unfall 113268 (2021) Kat:3, Licht: 0","113268","3","7","0","09","17","4","","0","1","0","0","0"
"POINT (13.281605755000044 52.509913467000047)","Unfall 113270 (2021) Kat:3, Licht: 0","113270","3","2","2","07","19","3","","0","1","1","0","0"
"POINT (13.365139533000047 52.502445737000073)","Unfall 113274 (2021) Kat:3, Licht: 2","113274","3","6","1","03","19","3","","2","1","1","0","0"
"POINT (13.289241447000052 52.510391981000055)","Unfall 113277 (2021) Kat:3, Licht: 0","113277","3","2","5","08","16","7","","0","1","1","0","0"
"POINT (13.358986424000022 52.488868036000042)","Unfall 113278 (2021) Kat:2, Licht: 0","113278","2","3","5","06","08","5","","0","1","0","0","0"
"POINT (13.427797906000023 52.561943746000054)","Unfall 113279 (2021) Kat:2, Licht: 0","113279","2","2","2","05","14","2","","0","0","1","0","1"
"POINT (13.271338426000057 52.438415614000064)","Unfall 113283 (2021) Kat:3, Licht: 0","113283","3","2","5","06","12","6","","0","0","1","0","0"
"POINT (13.334871706000058 52.478208556000027)","Unfall 113287 (2021) Kat:3, Licht: 2","113287","3","6","2","01","17","2","","2","0","1","0","0"
"POINT (13.310266314000046 52.451695539000070)","Unfall 113290 (2021) Kat:3, Licht: 0","113290","3","6","2","12","12","3","","0","0","1","0","0"
"POINT (13.412668175000022 52.519248613000059)","Unfall 113291 (2021) Kat:3, Licht: 0","113291","3","3","5","10","12","7","","0","1","1","0","0"
"POINT (13.412248680000062 52.544037376000063)","Unfall 113292 (2021) Kat:3, Licht: 0","113292","3","6","3","07","09","5","","0","1","0","0","0"
"POINT (13.451978317000055 52.511650786000075)","Unfall 113297 (2021) Kat:3, Licht: 2","113297","3","7","0","08","01","5","","2","0","0","0","0"
"POINT (13.364274679000061 52.563311837000072)","Unfall 113298 (2021) Kat:3, Licht: 0","113298","3","5","1","11","10","3","","0","1","1","0","0"
"POINT (13.411973091000050 52.541130435000071)","Unfall 113299 (2021) Kat:3, Licht: 2","113299","3","3","5","09","20","5","","2","0","1","0","0"
"POINT (13.388639890000036 52.498164167000027)","Unfall 113301 (2021) Kat:3, Licht: 0","113301","3","2","5","06","17","3","","0","1","1","0","0"
"POINT (13.453724958000066 52.515982476000033)","Unfall 113304 (2021) Kat:3, Licht: 0","113304","3","2","5","03","12","5","","0","1","0","0","0"
"POINT (13.444530018000023 52.545309348000046)","Unfall 113307 (2021) Kat:3, Licht: 0","113307","3","2","5","09","14","4","","0","1","1","0","0"
"POINT (13.347654780000028 52.574494825000045)","Unfall 113309 (2021) Kat:3, Licht: 0","113309","3","2","5","08","18","3","","0","1","1","0","0"
"POINT (13.296693282000035 52.490321013000028)","Unfall 113310 (2021) Kat:2, Licht: 0","113310","2","6","3","05","08","3","","0","0","1","0","0"
"POINT (13.281761010000025 52.510089431000040)","Unfall 113311 (2021) Kat:3, Licht: 2","113311","3","2","5","12","21","6","","2","0","1","0","0"
"POINT (13.354943524000078 52.478450007000049)","Unfall 113314 (2021) Kat:3, Licht: 0","113314","3","6","2","06","13","1","","0","0","1","0","0"
"POINT (13.453728594000040 52.515972061000070)","Unfall 113315 (2021) Kat:3, Licht: 0","113315","3","2","5","04","09","4","","0","1","1","0","0"
"POINT (13.384077354000055 52.454347207000069)","Unfall 113318 (2021) Kat:3, Licht: 0","113318","3","6","2","01","15","5","","0","0","1","0","0"
"POINT (13.461324368000021 52.550543472000072)","Unfall 113321 (2021) Kat:3, Licht: 0","113321","3","1","0","04","18","6","","0","1","0","0","0"
"POINT (13.397120786000073 52.421992852000074)","Unfall 113323 (2021) Kat:3, Licht: 0","113323","3","1","9","11","13","7","","0","1","0","0","0"
"POINT (13.624448514000051 52.503875204000053)","Unfall 113324 (2021) Kat:2, Licht: 0","113324","2","6","2","10","13","5","","0","0","1","0","0"
"POINT (13.390354522000052 52.618743780000045)","Unfall 113326 (2021) Kat:3, Licht: 0","113326","3","6","2","07","14","7","","0","0","1","0","0"
"POINT (13.419529099000044 52.525118599000052)","Unfall 113330 (2021) Kat:3, Licht: 0","113330","3","2","5","08","19","7","","0","1","1","0","0"
"POINT (13.367639510000060 52.531148268000038)","Unfall 113331 (2021) Kat:3, Licht: 0","113331","3","5","1","05","19","3","","0","0","1","0","0"
"POINT (13.282419936000053 52.510132616000078)","Unfall 113334 (2021) Kat:3, Licht: 0","113334","3","6","3","06","14","6","","0","0","1","0","0"
"POINT (13.355769994000070 52.473604252000030)","Unfall 113337 (2021) Kat:3, Licht: 2","113337","3","1","9","02","22","2","","2","0","1","0","0"
"POINT (13.536889448000068 52.530667508000079)","Unfall 113340 (2021) Kat:3, Licht: 0","113340","3","6","3","09","06","5","","0","0","1","0","1"
"POINT (13.402894272000026 52.580774409000071)","Unfall 113341 (2021) Kat:3, Licht: 0","113341","3","7","6","12","09","2","","0","1","0","1","0"
"POINT (13.369784367000022 52.515707093000060)","Unfall 113342 (2021) Kat:3, Licht: 0","113342","3","2","2","10","15","3","","0","0","1","0","1"
"POINT (13.414151950000075 52.552736756000058)","Unfall 113343 (2021) Kat:3, Licht: 1","113343","3","1","1","03","19","3","","1","1","1","0","0"
"POINT (13.554504775000055 52.557806469000070)","Unfall 113346 (2021) Kat:3, Licht: 0","113346","3","7","2","04","15","4","","0","0","1","0","0"
"POINT (13.385850689000051 52.474137488000054)","Unfall 113348 (2021) Kat:3, Licht: 0","113348","3","6","3","06","15","7","","0","0","1","0","1"
"POINT (13.384446415000070 52.453401374000066)","Unfall 113350 (2021) Kat:3, Licht: 0","113350","3","6","2","09","16","7","","0","0","1","0","0"
"POINT (13.402143878000061 52.518734478000056)","Unfall 113351 (2021) Kat:3, Licht: 0","113351","3","4","6","11","09","4","","0","1","0","1","0"
"POINT (13.458764749000068 52.492645528000082)","Unfall 113352 (2021) Kat:3, Licht: 0","113352","3","6","2","10","13","2","","0","0","0","0","1"
"POINT (13.453775515000075 52.515723670000057)","Unfall 113354 (2021) Kat:3, Licht: 0","113354","3","2","5","07","18","5","","0","1","1","0","0"
"POINT (13.384134380000035 52.455238123000072)","Unfall 113361 (2021) Kat:3, Licht: 0","113361","3","6","0","08","08","6","","0","0","1","0","0"
"POINT (13.365223762000028 52.558260719000032)","Unfall 113362 (2021) Kat:3, Licht: 2","113362","3","1","9","05","01","1","","2","0","0","0","1"
"POINT (13.374425081000027 52.502628664000042)","Unfall 113363 (2021) Kat:3, Licht: 0","113363","3","4","0","05","16","4","","0","0","0","1","0"
"POINT (13.280915250000021 52.499187774000063)","Unfall 113367 (2021) Kat:3, Licht: 0","113367","3","6","2","06","07","4","","0","0","1","0","0"
"POINT (13.337326584000039 52.466772931000037)","Unfall 113371 (2021) Kat:3, Licht: 2","113371","3","1","8","01","01","7","","2","0","1","0","0"
"POINT (13.426899622000064 52.543526379000070)","Unfall 113373 (2021) Kat:2, Licht: 1","113373","2","4","6","12","07","6","","1","0","1","1","0"
"POINT (13.416593233000071 52.522462177000079)","Unfall 113374 (2021) Kat:3, Licht: 2","113374","3","7","0","10","02","1","","2","0","0","0","0"
"POINT (13.550331694000022 52.509297602000061)","Unfall 113375 (2021) Kat:3, Licht: 0","113375","3","2","5","03","14","6","","0","1","1","0","0"
"POINT (13.401708236000047 52.588936501000035)","Unfall 113378 (2021) Kat:2, Licht: 0","113378","2","4","6","04","13","2","","0","1","0","1","0"
"POINT (13.305477510000060 52.571164007000050)","Unfall 113381 (2021) Kat:3, Licht: 0","113381","3","6","2","08","13","7","","0","0","1","0","0"
"POINT (13.454213590000052 52.515855217000080)","Unfall 113382 (2021) Kat:3, Licht: 0","113382","3","2","5","11","13","6","","0","0","1","0","0"
"POINT (13.301707514000043 52.486664888000064)","Unfall 113383 (2021) Kat:3, Licht: 0","113383","3","6","2","09","17","4","","0","0","1","0","0"
"POINT (13.345844996000039 52.477718382000035)","Unfall 113385 (2021) Kat:2, Licht: 0","113385","2","6","2","07","09","6","","0","0","1","0","0"
"POINT (13.299169266000035 52.511196846000075)","Unfall 113388 (2021) Kat:2, Licht: 2","113388","2","7","6","03","20","4","","2","0","1","1","0"
"POINT (13.453442561000031 52.516777009000066)","Unfall 113390 (2021) Kat:2, Licht: 2","113390","2","1","0","09","00","7","","2","0","0","0","0"
"POINT (13.361936597000067 52.413584307000065)","Unfall 113392 (2021) Kat:3, Licht: 0","113392","3","2","2","08","19","7","","0","0","1","0","1"
"POINT (13.270753754000054 52.509263410000074)","Unfall 113393 (2021) Kat:3, Licht: 0","113393","3","6","2","05","13","7","","0","0","1","0","0"
"POINT (13.433941350000055 52.537155449000068)","Unfall 113397 (2021) Kat:3, Licht: 0","113397","3","1","0","06","06","5","","0","1","0","0","0"
"POINT (13.447528240000054 52.526275632000079)","Unfall 113401 (2021) Kat:2, Licht: 2","113401","2","3","5","01","22","4","","2","0","1","0","0"
"POINT (13.385623615000043 52.464073790000043)","Unfall 113404 (2021) Kat:2, Licht: 0","113404","2","6","3","05","13","2","","0","0","1","0","0"
"POINT (13.461534021000034 52.494775659000027)","Unfall 113405 (2021) Kat:3, Licht: 0","113405","3","7","5","12","09","4","","0","1","1","0","0"
"POINT (13.366679034000072 52.472411726000075)","Unfall 113406 (2021) Kat:2, Licht: 2","113406","2","6","2","10","20","5","","2","0","1","0","0"
"POINT (13.419504441000072 52.525095621000048)","Unfall 113407 (2021) Kat:3, Licht: 0","113407","3","2","6","07","16","3","","0","0","1","1","0"
"POINT (13.447978533000025 52.546884910000074)","Unfall 113410 (2021) Kat:2, Licht: 0","113410","2","7","5","06","17","7","","0","0","1","0","0"
"POINT (13.415464455000063 52.460749367000062)","Unfall 113414 (2021) Kat:3, Licht: 0","113414","3","6","3","02","14","2","","0","0","1","0","0"
"POINT (13.321704666000073 52.561199859000055)","Unfall 113416 (2021) Kat:2, Licht: 2","113416","2","1","0","09","05","6","","2","0","0","0","1"
"POINT (13.280001782000056 52.501506811000070)","Unfall 113417 (2021) Kat:3, Licht: 0","113417","3","6","2","12","16","5","","0","0","1","0","0"
"POINT (13.419529099000044 52.525118599000052)","Unfall 113418 (2021) Kat:3, Licht: 2","113418","3","2","5","10","22","3","","2","1","1","0","0"
"POINT (13.275092388000076 52.602805179000029)","Unfall 113419 (2021) Kat:3, Licht: 0","113419","3","7","3","03","07","6","","0","0","1","0","0"
"POINT (13.451211316000069 52.508948670000052)","Unfall 113422 (2021) Kat:3, Licht: 0","113422","3","1","0","04","16","5","","0","1","0","0","0"