WKT,Name,OBJECTID,UKATEGORIE,UTYP1,UART,UMONAT,USTUNDE,UWOCHENTAG,STRZUSTAND,ULICHTVERH,ISTRAD,ISTPKW,ISTFUSS,ISTKRAD
"POINT (13.363105079000036 52.535742119000076)","Unfall 113425 (2021) Kat:3, Licht: 0","113425","3","1","8","08","06","1","","0","0","1","0","0"
"POINT (13.248775555000066 52.622459569000057)","Unfall 113426 (2021) Kat:3, Licht: 2","113426","3","7","2","11","06","3","","2","0","1","0","0"
"POINT (13.412378401000069 52.541787471000077)","Unfall 113427 (2021) Kat:3, Licht: 0","113427","3","7","1","09","08","5","","0","0","0","0","1"
"POINT (13.548458733000075 52.551109276000034)","Unfall 113429 (2021) Kat:3, Licht: 0","113429","3","6","2","07","10","3","","0","0","1","0","0"
"POINT (13.341337522000060 52.478799599000070)","Unfall 113433 (2021) Kat:3, Licht: 0","113433","3","6","3","03","10","7","","0","0","1","0","0"
"POINT (13.378248328000041 52.470078636000039)","Unfall 113434 (2021) Kat:3, Licht: 0","113434","3","6","2","09","18","3","","0","0","1","0","0"
"POINT (13.370391942000026 52.539893045000042)","Unfall 113436 (2021) Kat:3, Licht: 2","113436","3","2","5","08","22","1","","2","0","1","0","0"
"POINT (13.325868291000063 52.477940124000042)","Unfall 113437 (2021) Kat:3, Licht: 0","113437","3","6","2","05","15","2","","0","0","1","0","0"
"POINT (13.263543322000032 52.435234915000080)","Unfall 113441 (2021) Kat:2, Licht: 0","113441","2","2","0","06","18","2","","0","1","1","0","0"
"POINT (13.419676168000024 52.525251779000030)","Unfall 113445 (2021) Kat:3, Licht: 1","113445","3","3","5","01","16","5","","1","1","1","0","0"
"POINT (13.398512609000022 52.570795233000069)","Unfall 113448 (2021) Kat:2, Licht: 0","113448","2","6","2","05","10","1","","0","0","1","0","1"
"POINT (13.296810815000072 52.542534484000043)","Unfall 113449 (2021) Kat:3, Licht: 2","113449","3","6","2","12","17","6","","2","0","1","0","0"
"POINT (13.556790011000032 52.508799530000033)","Unfall 113450 (2021) Kat:3, Licht: 0","113450","3","6","2","10","14","4","","0","0","1","0","0"
"POINT (13.212187014000051 52.509969668000053)","Unfall 113451 (2021) Kat:3, Licht: 0","113451","3","1","0","07","17","2","","0","1","1","0","0"
"POINT (13.357643553000059 52.487396049000040)","Unfall 113456 (2021) Kat:3, Licht: 2","113456","3","2","5","08","00","3","","2","1","1","0","0"
"POINT (13.470186061000049 52.514245360000075)","Unfall 113457 (2021) Kat:2, Licht: 0","113457","2","4","6","11","09","2","","0","0","1","1","1"
"POINT (13.477172450000069 52.513541760000066)","Unfall 113458 (2021) Kat:3, Licht: 0","113458","3","2","2","09","15","7","","0","0","1","0","0"
"POINT (13.453130734000069 52.501000771000065)","Unfall 113460 (2021) Kat:3, Licht: 0","113460","3","3","5","07","15","6","","0","1","1","0","0"
"POINT (13.312911580000048 52.622316910000052)","Unfall 113463 (2021) Kat:3, Licht: 2","113463","3","3","5","03","19","2","","2","0","1","0","0"
"POINT (13.383981024000036 52.457609015000060)","Unfall 113467 (2021) Kat:2, Licht: 0","113467","2","2","0","09","16","2","","0","0","1","0","0"
"POINT (13.433500374000062 52.536772884000072)","Unfall 113468 (2021) Kat:2, Licht: 0","113468","2","3","5","08","06","2","","0","1","1","0","0"
"POINT (13.286330063000037 52.593509647000076)","Unfall 113469 (2021) Kat:3, Licht: 0","113469","3","6","2","05","13","1","","0","0","1","0","0"
"POINT (13.406733859000042 52.461864140000046)","Unfall 113471 (2021) Kat:3, Licht: 0","113471","3","6","3","11","13","3","","0","0","1","0","0"
"POINT (13.412321353000038 52.541082803000052)","Unfall 113473 (2021) Kat:3, Licht: 0","113473","3","2","5","06","16","2","","0","1","1","0","0"
"POINT (13.224511997000036 52.459779127000047)","Unfall 113474 (2021) Kat:3, Licht: 2","113474","3","6","2","04","21","2","","2","0","1","0","0"
"POINT (13.457745527000043 52.491802215000064)","Unfall 113477 (2021) Kat:3, Licht: 2","113477","3","3","5","01","22","2","","2","0","1","0","0"
"POINT (13.301912132000041 52.549540899000078)","Unfall 113480 (2021) Kat:2, Licht: 2","113480","2","6","4","06","21","7","","2","0","1","0","1"
"POINT (13.438860663000071 52.541374678000068)","Unfall 113482 (2021) Kat:3, Licht: 0","113482","3","2","5","11","07","4","","0","1","1","0","0"
"POINT (13.418809204000070 52.524446957000066)","Unfall 113483 (2021) Kat:3, Licht: 0","113483","3","5","0","10","10","2","","0","1","1","0","0"
"POINT (13.305146251000053 52.511399244000074)","Unfall 113485 (2021) Kat:3, Licht: 0","113485","3","2","5","07","18","5","","0","1","1","0","0"
"POINT (13.281343277000076 52.522680111000057)","Unfall 113489 (2021) Kat:3, Licht: 0","113489","3","6","2","08","14","2","","0","0","1","0","0"
"POINT (13.384564638000029 52.452749249000078)","Unfall 113490 (2021) Kat:3, Licht: 0","113490","3","2","5","05","11","2","","0","0","1","0","1"
"POINT (13.433992344000046 52.535897988000045)","Unfall 113494 (2021) Kat:3, Licht: 0","113494","3","4","6","06","14","7","","0","0","1","1","0"
"POINT (13.458660360000067 52.492568070000061)","Unfall 113498 (2021) Kat:3, Licht: 0","113498","3","6","3","02","14","1","","0","0","1","0","0"
"POINT (13.409585748000040 52.517086688000063)","Unfall 113500 (2021) Kat:3, Licht: 0","113500","3","6","2","09","13","5","","0","0","1","0","1"
"POINT (13.298778241000036 52.534354611000026)","Unfall 113501 (2021) Kat:3, Licht: 2","113501","3","1","0","12","17","4","","2","0","0","0","1"
"POINT (13.186040513000023 52.515238604000047)","Unfall 113502 (2021) Kat:3, Licht: 0","113502","3","6","3","10","08","2","","0","0","1","0","0"
"POINT (13.356948524000074 52.486896870000066)","Unfall 113503 (2021) Kat:3, Licht: 1","113503","3","7","5","03","18","7","","1","0","1","0","0"
"POINT (13.283913827000049 52.496337259000029)","Unfall 113506 (2021) Kat:3, Licht: 0","113506","3","6","2","04","15","7","","0","0","1","0","0"
"POINT (13.416756061000058 52.522075192000045)","Unfall 113509 (2021) Kat:3, Licht: 0","113509","3","3","0","09","00","6","","0","1","1","0","0"
"POINT (13.347635914000023 52.476084664000041)","Unfall 113510 (2021) Kat:2, Licht: 1","113510","2","6","2","11","19","5","","1","0","1","0","0"
"POINT (13.310548693000044 52.562665354000046)","Unfall 113511 (2021) Kat:3, Licht: 0","113511","3","1","0","10","10","3","","0","0","1","0","0"
"POINT (13.303026456000055 52.551086563000069)","Unfall 113513 (2021) Kat:3, Licht: 0","113513","3","6","3","07","08","4","","0","0","1","0","0"
"POINT (13.388757582000039 52.497646349000036)","Unfall 113520 (2021) Kat:3, Licht: 0","113520","3","3","5","08","15","5","","0","0","1","0","0"
"POINT (13.226657665000062 52.507051934000060)","Unfall 113521 (2021) Kat:3, Licht: 0","113521","3","6","2","05","14","5","","0","0","1","0","0"
"POINT (13.460130944000070 52.515110891000063)","Unfall 113525 (2021) Kat:3, Licht: 0","113525","3","2","5","06","15","5","","0","1","1","0","0"
"POINT (13.359027116000050 52.573403509000059)","Unfall 113529 (2021) Kat:3, Licht: 0","113529","3","2","5","02","10","3","","0","0","1","0","0"
"POINT (13.576219419000040 52.505303239000057)","Unfall 113532 (2021) Kat:3, Licht: 0","113532","3","6","2","12","09","5","","0","0","1","0","0"
"POINT (13.281317302000048 52.509894728000063)","Unfall 113533 (2021) Kat:3, Licht: 0","113533","3","6","2","10","10","3","","0","0","1","0","0"
"POINT (13.323108955000066 52.512519361000045)","Unfall 113538 (2021) Kat:3, Licht: 0","113538","3","2","3","08","12","5","","0","0","1","0","0"
"POINT (13.282686416000047 52.528567533000057)","Unfall 113539 (2021) Kat:3, Licht: 2","113539","3","6","2","11","17","5","","2","0","1","0","0"
"POINT (13.389118754000037 52.498067584000069)","Unfall 113540 (2021) Kat:2, Licht: 0","113540","2","3","5","09","15","5","","0","0","1","0","0"
"POINT (13.436936113000058 52.539718074000064)","Unfall 113542 (2021) Kat:3, Licht: 0","113542","3","3","5","06","07","1","","0","1","1","0","0"
"POINT (13.371584707000068 52.509757025000056)","Unfall 113545 (2021) Kat:3, Licht: 0","113545","3","6","4","03","12","2","","0","1","0","0","0"
"POINT (13.452890566000065 52.513687667000056)","Unfall 113547 (2021) Kat:3, Licht: 0","113547","3","1","0","09","07","7","","0","1","0","0","0"
"POINT (13.271441046000064 52.438259167000069)","Unfall 113549 (2021) Kat:2, Licht: 1","113549","2","2","5","08","20","3","","1","0","1","0","0"
"POINT (13.394380068000032 52.426175264000051)","Unfall 113550 (2021) Kat:3, Licht: 0","113550","3","2","5","05","17","4","","0","1","1","0","0"
"POINT (13.460040588000027 52.515119891000040)","Unfall 113554 (2021) Kat:3, Licht: 0","113554","3","2","3","06","19","3","","0","0","1","0","0"
"POINT (13.307564715000069 52.555838712000082)","Unfall 113558 (2021) Kat:3, Licht: 0","113558","3","6","2","01","14","4","","0","0","1","0","0"
"POINT (13.369700816000034 52.508195643000079)","Unfall 113561 (2021) Kat:3, Licht: 0","113561","3","1","2","05","12","7","","0","0","1","0","0"
"POINT (13.420031954000024 52.525563503000058)","Unfall 113562 (2021) Kat:3, Licht: 0","113562","3","6","2","12","09","4","","0","0","1","0","0"
"POINT (13.493091368000023 52.467825177000066)","Unfall 113563 (2021) Kat:3, Licht: 0","113563","3","2","5","10","15","5","","0","0","1","0","0"
"POINT (13.506369736000067 52.458994615000051)","Unfall 113564 (2021) Kat:3, Licht: 0","113564","3","6","3","07","10","2","","0","0","1","0","1"
"POINT (13.445029435000038 52.545544808000045)","Unfall 113567 (2021) Kat:3, Licht: 0","113567","3","7","0","08","15","6","","0","1","0","0","0"
"POINT (13.436187112000027 52.587746598000081)","Unfall 113568 (2021) Kat:3, Licht: 1","113568","3","6","2","11","17","4","","1","0","1","0","0"
"POINT (13.511217695000028 52.428425248000053)","Unfall 113569 (2021) Kat:3, Licht: 0","113569","3","6","3","09","15","4","","0","0","1","0","0"
"POINT (13.283810526000025 52.507463886000039)","Unfall 113571 (2021) Kat:3, Licht: 0","113571","3","6","2","06","15","3","","0","0","1","0","0"
"POINT (13.410663109000041 52.561576176000074)","Unfall 113574 (2021) Kat:3, Licht: 0","113574","3","6","2","02","12","4","","0","0","1","0","0"
"POINT (13.431719298000075 52.622937790000037)","Unfall 113578 (2021) Kat:3, Licht: 0","113578","3","6","2","09","13","6","","0","0","1","0","0"
"POINT (13.390831212000023 52.432435702000078)","Unfall 113579 (2021) Kat:3, Licht: 0","113579","3","7","6","08","18","3","","0","1","0","1","0"
"POINT (13.459012862000066 52.515222261000076)","Unfall 113580 (2021) Kat:2, Licht: 2","113580","2","1","1","12","18","5","","2","0","1","0","1"
"POINT (13.332601558000022 52.597590174000061)","Unfall 113581 (2021) Kat:3, Licht: 2","113581","3","6","2","10","22","4","","2","0","1","0","1"
"POINT (13.365489771000057 52.558028757000045)","Unfall 113583 (2021) Kat:3, Licht: 1","113583","3","3","5","07","19","1","","1","0","1","0","0"
"POINT (13.458779711000034 52.490973828000051)","Unfall 113584 (2021) Kat:3, Licht: 0","113584","3","6","2","04","15","1","","0","0","1","0","0"
"POINT (13.444916272000057 52.545493382000075)","Unfall 113587 (2021) Kat:3, Licht: 0","113587","3","2","5","04","13","4","","0","0","1","0","0"
"POINT (13.335607790000040 52.592266235000068)","Unfall 113590 (2021) Kat:3, Licht: 0","113590","3","2","0","09","07","3","","0","1","1","0","0"
"POINT (13.299288846000024 52.546293410000033)","Unfall 113592 (2021) Kat:3, Licht: 0","113592","3","6","2","11","15","6","","0","0","1","0","0"
"POINT (13.406169499000043 52.405685484000060)","Unfall 113593 (2021) Kat:3, Licht: 0","113593","3","5","1","10","16","5","","0","1","1","0","0"
"POINT (13.369272106000039 52.540529442000036)","Unfall 113595 (2021) Kat:3, Licht: 0","113595","3","2","5","07","18","3","","0","1","1","0","0"
"POINT (13.361767338000050 52.413622647000068)","Unfall 113598 (2021) Kat:3, Licht: 0","113598","3","4","6","07","08","5","","0","1","0","1","0"
"POINT (13.401559157000065 52.511442225000053)","Unfall 113602 (2021) Kat:3, Licht: 0","113602","3","2","5","08","14","7","","0","0","1","0","1"
"POINT (13.416199036000023 52.522082918000081)","Unfall 113603 (2021) Kat:3, Licht: 2","113603","3","7","0","05","02","4","","2","0","0","0","0"
"POINT (13.493105866000064 52.467815411000061)","Unfall 113608 (2021) Kat:3, Licht: 0","113608","3","2","5","06","16","5","","0","1","1","0","0"
"POINT (13.506023574000039 52.510673640000050)","Unfall 113612 (2021) Kat:3, Licht: 0","113612","3","6","2","02","08","4","","0","0","1","0","0"
"POINT (13.359667900000034 52.489915016000054)","Unfall 113618 (2021) Kat:3, Licht: 0","113618","3","6","2","08","12","2","","0","0","1","0","0"
"POINT (13.315179374000024 52.512244880000026)","Unfall 113619 (2021) Kat:3, Licht: 1","113619","3","6","2","11","16","4","","1","0","1","0","1"
"POINT (13.412972355000022 52.540891448000082)","Unfall 113620 (2021) Kat:3, Licht: 0","113620","3","5","1","09","16","3","","0","1","1","0","0"
"POINT (13.460766355000032 52.494145255000035)","Unfall 113622 (2021) Kat:3, Licht: 0","113622","3","7","0","06","19","7","","0","1","0","0","0"
"POINT (13.412163312000075 52.541023480000035)","Unfall 113625 (2021) Kat:2, Licht: 1","113625","2","6","3","02","18","4","","1","1","0","0","0"
"POINT (13.525486693000062 52.510079847000043)","Unfall 113629 (2021) Kat:2, Licht: 0","113629","2","6","3","09","08","2","","0","0","1","0","1"
"POINT (13.375807456000075 52.429557555000031)","Unfall 113630 (2021) Kat:3, Licht: 0","113630","3","6","2","08","13","4","","0","0","1","0","0"
"POINT (13.364277091000076 52.563299832000041)","Unfall 113632 (2021) Kat:3, Licht: 2","113632","3","6","3","10","18","7","","2","0","1","0","0"
"POINT (13.307955084000071 52.556245864000061)","Unfall 113634 (2021) Kat:3, Licht: 2","113634","3","6","2","06","22","7","","2","0","1","0","0"
"POINT (13.277836576000027 52.509835670000029)","Unfall 113635 (2021) Kat:3, Licht: 0","113635","3","2","5","03","08","3","","0","1","1","0","0"
"POINT (13.484758002000035 52.512768894000033)","Unfall 113638 (2021) Kat:3, Licht: 0","113638","3","7","2","04","07","2","","0","0","1","0","0"
"POINT (13.281025247000059 52.503227585000047)","Unfall 113642 (2021) Kat:3, Licht: 0","113642","3","6","2","11","15","7","","0","0","1","0","0"
"POINT (13.263476950000040 52.435072200000036)","Unfall 113643 (2021) Kat:3, Licht: 0","113643","3","2","5","10","13","4","","0","1","1","0","0"
"POINT (13.364408638000043 52.563768042000049)","Unfall 113645 (2021) Kat:3, Licht: 0","113645","3","2","5","07","15","3","","0","1","1","0","0"
"POINT (13.283675956000025 52.507265250000046)","Unfall 113649 (2021) Kat:3, Licht: 0","113649","3","6","3","08","07","3","","0","0","1","0","0"
"POINT (13.458919672000036 52.492758537000043)","Unfall 113650 (2021) Kat:3, Licht: 0","113650","3","6","2","05","12","1","","0","0","1","0","1"
"POINT (13.311186979000070 52.511790785000073)","Unfall 113654 (2021) Kat:3, Licht: 0","113654","3","4","6","06","12","3","","0","1","0","1","0"
"POINT (13.365494567000042 52.558005221000030)","Unfall 113658 (2021) Kat:3, Licht: 2","113658","3","3","5","02","19","7","","2","0","1","0","0"
"POINT (13.561629906000064 52.508548716000064)","Unfall 113660 (2021) Kat:3, Licht: 0","113660","3","2","0","09","09","3","","0","1","1","0","0"
"POINT (13.459730418000049 52.493097765000073)","Unfall 113661 (2021) Kat:3, Licht: 1","113661","3","6","3","12","17","6","","1","0","1","0","0"
"POINT (13.410685303000037 52.523192971000071)","Unfall 113662 (2021) Kat:3, Licht: 0","113662","3","4","6","10","15","1","","0","1","0","1","0"
"POINT (13.308102337000037 52.482402928000056)","Unfall 113663 (2021) Kat:3, Licht: 0","113663","3","6","2","03","16","2","","0","0","1","0","0"
"POINT (13.368847282000047 52.541349883000066)","Unfall 113666 (2021) Kat:3, Licht: 0","113666","3","6","2","04","14","4","","0","0","0","0","1"
"POINT (13.429778983000062 52.537165401000038)","Unfall 113669 (2021) Kat:3, Licht: 0","113669","3","2","5","09","15","4","","0","1","1","0","0"
"POINT (13.445560024000031 52.546046719000060)","Unfall 113670 (2021) Kat:3, Licht: 0","113670","3","2","5","11","07","2","","0","1","0","0","0"
"POINT (13.296663213000045 52.510841018000065)","Unfall 113671 (2021) Kat:3, Licht: 0","113671","3","6","2","10","14","3","","0","0","1","0","0"
"POINT (13.320781712000041 52.454942587000062)","Unfall 113673 (2021) Kat:3, Licht: 0","113673","3","6","2","07","16","4","","0","0","1","0","1"
"POINT (13.384268485000064 52.498627027000055)","Unfall 113680 (2021) Kat:3, Licht: 0","113680","3","6","2","08","15","5","","0","0","1","0","0"
"POINT (13.412881923000043 52.519343361000040)","Unfall 113681 (2021) Kat:3, Licht: 0","113681","3","6","2","05","18","3","","0","1","0","0","0"
"POINT (13.365489771000057 52.558028757000045)","Unfall 113685 (2021) Kat:3, Licht: 0","113685","3","3","0","06","18","2","","0","0","1","0","1"
"POINT (13.365255613000045 52.558095521000041)","Unfall 113689 (2021) Kat:3, Licht: 2","113689","3","3","5","01","06","4","","2","0","1","0","0"
"POINT (13.392660964000072 52.429861372000062)","Unfall 113692 (2021) Kat:3, Licht: 2","113692","3","7","0","12","22","6","","2","0","1","0","1"
"POINT (13.353937953000070 52.478956165000056)","Unfall 113693 (2021) Kat:3, Licht: 0","113693","3","3","5","10","10","4","","0","1","1","0","0"
"POINT (13.407287845000042 52.515478970000061)","Unfall 113694 (2021) Kat:3, Licht: 0","113694","3","6","3","07","11","7","","0","0","1","0","1"
"POINT (13.427246523000065 52.544627984000044)","Unfall 113699 (2021) Kat:3, Licht: 0","113699","3","4","6","08","12","3","","0","0","0","1","0"
"POINT (13.285311938000063 52.515999071000067)","Unfall 113700 (2021) Kat:3, Licht: 0","113700","3","6","2","11","12","2","","0","0","0","0","1"
"POINT (13.506685512000047 52.458774874000028)","Unfall 113701 (2021) Kat:3, Licht: 0","113701","3","2","5","09","10","2","","0","1","1","0","0"
"POINT (13.382578521000028 52.509905358000026)","Unfall 113703 (2021) Kat:3, Licht: 0","113703","3","1","0","06","18","4","","0","0","0","0","1"
"POINT (13.358338609000043 52.474003487000061)","Unfall 113706 (2021) Kat:3, Licht: 0","113706","3","6","2","03","13","7","","0","0","1","0","0"
"POINT (13.428835673000037 52.557329011000036)","Unfall 113708 (2021) Kat:3, Licht: 0","113708","3","6","4","09","15","2","","0","1","0","0","0"
"POINT (13.366551539000056 52.515621482000029)","Unfall 113710 (2021) Kat:3, Licht: 0","113710","3","7","6","08","13","1","","0","1","0","1","0"
"POINT (13.364641036000023 52.561320634000026)","Unfall 113711 (2021) Kat:3, Licht: 0","113711","3","3","5","05","12","6","","0","1","1","0","0"
"POINT (13.570616242000028 52.505847565000067)","Unfall 113715 (2021) Kat:2, Licht: 0","113715","2","1","0","06","10","2","","0","1","0","0","0"
"POINT (13.342289545000028 52.470591596000077)","Unfall 113719 (2021) Kat:3, Licht: 2","113719","3","7","2","01","22","6","","2","0","1","0","0"
"POINT (13.360527434000062 52.571223202000056)","Unfall 113722 (2021) Kat:3, Licht: 0","113722","3","5","1","05","11","3","","0","1","1","0","0"
"POINT (13.276045295000074 52.439692413000046)","Unfall 113723 (2021) Kat:3, Licht: 0","113723","3","7","5","12","13","6","","0","0","1","0","1"
"POINT (13.420056849000048 52.539736888000050)","Unfall 113724 (2021) Kat:2, Licht: 0","113724","2","5","1","10","16","3","","0","0","1","0","1"
"POINT (13.453776397000070 52.515727731000027)","Unfall 113726 (2021) Kat:3, Licht: 0","113726","3","2","5","07","17","4","","0","1","1","0","0"
"POINT (13.179066141000021 52.516632468000068)","Unfall 113729 (2021) Kat:3, Licht: 0","113729","3","2","5","08","19","7","","0","1","1","0","0"
"POINT (13.414499344000035 52.540790172000072)","Unfall 113730 (2021) Kat:3, Licht: 0","113730","3","3","5","09","15","6","","0","1","0","0","0"
"POINT (13.447721803000036 52.503782330000035)","Unfall 113732 (2021) Kat:2, Licht: 0","113732","2","7","5","06","15","4","","0","0","1","0","1"
"POINT (13.477455870000028 52.513512454000079)","Unfall 113735 (2021) Kat:3, Licht: 0","113735","3","2","5","03","08","4","","0","1","1","0","0"
"POINT (13.454218087000072 52.515836505000038)","Unfall 113738 (2021) Kat:3, Licht: 0","113738","3","1","0","09","18","5","","0","1","0","0","0"
"POINT (13.363359365000065 52.565455264000036)","Unfall 113739 (2021) Kat:3, Licht: 0","113739","3","2","5","08","14","1","","0","0","1","0","0"
"POINT (13.394417994000037 52.614972115000057)","Unfall 113740 (2021) Kat:1, Licht: 0","113740","1","7","9","05","19","2","","0","0","0","0","1"
"POINT (13.505209153000067 52.510725009000055)","Unfall 113741 (2021) Kat:3, Licht: 0","113741","3","6","2","12","09","7","","0","0","1","0","0"
"POINT (13.392648891000022 52.429882739000050)","Unfall 113742 (2021) Kat:2, Licht: 2","113742","2","2","5","10","18","6","","2","1","1","0","0"
"POINT (13.368785146000050 52.548974973000043)","Unfall 113744 (2021) Kat:3, Licht: 0","113744","3","6","2","07","14","3","","0","0","1","0","0"
"POINT (13.362787167000022 52.413688862000072)","Unfall 113745 (2021) Kat:3, Licht: 0","113745","3","6","2","03","16","3","","0","0","1","0","0"
"POINT (13.462469062000025 52.550900236000075)","Unfall 113748 (2021) Kat:3, Licht: 0","113748","3","7","5","04","08","6","","0","0","1","0","0"
"POINT (13.302462333000051 52.511412449000034)","Unfall 113751 (2021) Kat:3, Licht: 0","113751","3","5","0","09","16","6","","0","0","1","0","0"
"POINT (13.367706024000029 52.515695190000031)","Unfall 113753 (2021) Kat:2, Licht: 0","113753","2","4","6","11","13","7","","0","1","0","1","0"
"POINT (13.386242302000028 52.488599028000067)","Unfall 113754 (2021) Kat:2, Licht: 2","113754","2","1","1","10","19","2","","2","0","1","0","0"
"POINT (13.368363014000067 52.506335635000028)","Unfall 113756 (2021) Kat:2, Licht: 0","113756","2","4","6","07","11","2","","0","0","1","1","0"
"POINT (13.459967941000059 52.550243568000042)","Unfall 113759 (2021) Kat:3, Licht: 2","113759","3","1","0","07","21","1","","2","0","0","0","1"
"POINT (13.438232957000025 52.540851498000052)","Unfall 113763 (2021) Kat:3, Licht: 0","113763","3","6","3","08","07","4","","0","1","0","0","0"
"POINT (13.242321077000042 52.433621435000077)","Unfall 113764 (2021) Kat:3, Licht: 0","113764","3","3","5","05","11","2","","0","0","1","0","0"
"POINT (13.495390891000056 52.435208392000050)","Unfall 113769 (2021) Kat:3, Licht: 0","113769","3","6","2","06","09","3","","0","0","1","0","0"
"POINT (13.383812704000036 52.456796278000070)","Unfall 113773 (2021) Kat:3, Licht: 0","113773","3","5","1","02","10","4","","0","0","0","0","0"
"POINT (13.411964185000045 52.559951051000041)","Unfall 113775 (2021) Kat:2, Licht: 2","113775","2","7","1","09","20","2","","2","0","1","0","0"
"POINT (13.351374061000058 52.480427158000055)","Unfall 113776 (2021) Kat:3, Licht: 1","113776","3","6","2","12","16","5","","1","0","1","0","0"
"POINT (13.302475504000029 52.486095144000046)","Unfall 113777 (2021) Kat:3, Licht: 0","113777","3","6","2","10","16","4","","0","0","1","0","0"
"POINT (13.282494778000057 52.497568910000041)","Unfall 113778 (2021) Kat:2, Licht: 0","113778","2","1","0","03","15","5","","0","0","0","0","1"
"POINT (13.275403274000041 52.509689503000061)","Unfall 113781 (2021) Kat:3, Licht: 0","113781","3","7","6","04","15","7","","0","0","1","1","0"
"POINT (13.365258735000054 52.558079332000034)","Unfall 113784 (2021) Kat:3, Licht: 0","113784","3","3","5","08","16","5","","0","0","0","0","1"
"POINT (13.388513214000056 52.497701497000037)","Unfall 113785 (2021) Kat:3, Licht: 0","113785","3","6","3","11","11","1","","0","0","1","0","0"
"POINT (13.552935425000044 52.509066353000037)","Unfall 113786 (2021) Kat:3, Licht: 0","113786","3","2","5","10","14","6","","0","1","0","0","0"
"POINT (13.308221368000034 52.556522137000059)","Unfall 113788 (2021) Kat:2, Licht: 0","113788","2","6","2","07","11","7","","0","0","1","0","0"
"POINT (13.580771694000077 52.505082840000057)","Unfall 113794 (2021) Kat:3, Licht: 0","113794","3","6","3","08","15","4","","0","0","1","0","1"
"POINT (13.297078496000040 52.543020141000056)","Unfall 113795 (2021) Kat:3, Licht: 0","113795","3","1","8","06","13","6","","0","0","0","0","0"
"POINT (13.427088729000047 52.530879396000046)","Unfall 113796 (2021) Kat:3, Licht: 0","113796","3","6","2","05","14","6","","0","0","1","0","1"
"POINT (13.228043298000046 52.506803754000032)","Unfall 113800 (2021) Kat:3, Licht: 0","113800","3","6","2","06","08","2","","0","0","1","0","0"
"POINT (13.361796680000054 52.413656772000081)","Unfall 113804 (2021) Kat:3, Licht: 2","113804","3","4","0","01","17","2","","2","0","1","1","0"
"POINT (13.525225011000032 52.510124908000080)","Unfall 113807 (2021) Kat:3, Licht: 1","113807","3","4","6","12","16","2","","1","0","1","1","0"
"POINT (13.429184142000054 52.573171036000076)","Unfall 113808 (2021) Kat:3, Licht: 0","113808","3","6","3","10","11","3","","0","0","1","0","0"
"POINT (13.450968782000075 52.548393022000027)","Unfall 113809 (2021) Kat:3, Licht: 0","113809","3","7","6","07","11","5","","0","0","0","1","0"
"POINT (13.457833379000022 52.491602703000069)","Unfall 113814 (2021) Kat:2, Licht: 0","113814","2","3","5","08","15","2","","0","1","1","0","0"
"POINT (13.385759267000026 52.470027605000041)","Unfall 113815 (2021) Kat:3, Licht: 2","113815","3","2","5","09","04","3","","2","0","1","0","1"
"POINT (13.428821648000053 52.537502004000032)","Unfall 113816 (2021) Kat:3, Licht: 2","113816","3","4","6","12","20","5","","2","0","1","1","0"
"POINT (13.389310507000062 52.497302647000026)","Unfall 113817 (2021) Kat:3, Licht: 1","113817","3","6","0","10","18","6","","1","0","1","0","1"
"POINT (13.454229767000072 52.515787906000071)","Unfall 113818 (2021) Kat:3, Licht: 0","113818","3","3","5","03","11","7","","0","0","1","0","0"
"POINT (13.365498327000068 52.557986768000035)","Unfall 113821 (2021) Kat:3, Licht: 0","113821","3","3","5","04","15","3","","0","0","1","0","0"
"POINT (13.412330587000042 52.541198602000065)","Unfall 113824 (2021) Kat:3, Licht: 2","113824","3","7","6","09","19","1","","2","0","0","1","0"
"POINT (13.492301749000035 52.622803416000068)","Unfall 113825 (2021) Kat:3, Licht: 2","113825","3","1","8","11","16","3","","2","0","1","0","0"
"POINT (13.341466882000077 52.586081523000075)","Unfall 113826 (2021) Kat:3, Licht: 0","113826","3","6","2","10","07","7","","0","0","1","0","0"
"POINT (13.194910768000057 52.436109121000072)","Unfall 113828 (2021) Kat:3, Licht: 0","113828","3","6","2","07","14","2","","0","0","1","0","0"
"POINT (13.364901192000048 52.473060256000053)","Unfall 113835 (2021) Kat:3, Licht: 0","113835","3","6","2","08","13","4","","0","0","1","0","0"
"POINT (13.327879649000067 52.460590025000045)","Unfall 113836 (2021) Kat:3, Licht: 0","113836","3","3","5","06","12","6","","0","0","1","0","1"
"POINT (13.304509835000033 52.484758303000035)","Unfall 113837 (2021) Kat:3, Licht: 0","113837","3","1","3","05","05","2","","0","0","1","0","1"
"POINT (13.445003078000070 52.545532830000070)","Unfall 113841 (2021) Kat:2, Licht: 0","113841","2","2","5","06","07","2","","0","1","1","0","0"
"POINT (13.614263064000056 52.504762808000066)","Unfall 113845 (2021) Kat:3, Licht: 1","113845","3","6","3","01","16","3","","1","0","1","0","0"
"POINT (13.347405207000065 52.472498048000034)","Unfall 113848 (2021) Kat:3, Licht: 0","113848","3","1","0","12","13","5","","0","0","1","0","0"
"POINT (13.343323731000055 52.514111148000040)","Unfall 113849 (2021) Kat:3, Licht: 2","113849","3","5","1","10","03","1","","2","0","1","0","0"