WKT,Name,OBJECTID,UKATEGORIE,UTYP1,UART,UMONAT,USTUNDE,UWOCHENTAG,STRZUSTAND,ULICHTVERH,ISTRAD,ISTPKW,ISTFUSS,ISTKRAD
"POINT (13.322915386000034 52.512415250000060)","Unfall 113850 (2021) Kat:3, Licht: 0","113850","3","6","3","07","17","5","","0","1","1","0","0"
"POINT (13.128555257000073 52.479852162000043)","Unfall 113854 (2021) Kat:3, Licht: 0","113854","3","6","2","08","13","7","","0","0","1","0","0"
"POINT (13.493044283000074 52.467856894000079)","Unfall 113855 (2021) Kat:3, Licht: 0","113855","3","2","5","11","09","2","","0","1","1","0","0"
"POINT (13.420922543000074 52.539798342000040)","Unfall 113856 (2021) Kat:3, Licht: 2","113856","3","7","1","09","00","3","","2","0","0","0","0"
"POINT (13.477236276000042 52.513388466000038)","Unfall 113858 (2021) Kat:3, Licht: 0","113858","3","6","2","06","14","2","","0","1","0","0","0"
"POINT (13.176814156000034 52.515245953000033)","Unfall 113861 (2021) Kat:3, Licht: 1","113861","3","6","1","03","18","6","","1","0","1","0","1"
"POINT (13.412352347000024 52.519053760000077)","Unfall 113863 (2021) Kat:3, Licht: 0","113863","3","6","3","09","10","4","","0","0","1","0","1"
"POINT (13.155763210000032 52.419179684000028)","Unfall 113865 (2021) Kat:3, Licht: 0","113865","3","6","3","08","17","6","","0","1","1","0","0"
"POINT (13.423712098000067 52.528315034000059)","Unfall 113866 (2021) Kat:1, Licht: 0","113866","1","2","5","05","06","6","","0","1","0","0","0"
"POINT (13.373445586000059 52.470497867000063)","Unfall 113867 (2021) Kat:3, Licht: 2","113867","3","6","3","12","20","2","","2","0","1","0","0"
"POINT (13.423698840000043 52.528303461000064)","Unfall 113870 (2021) Kat:3, Licht: 0","113870","3","6","3","06","13","4","","0","1","1","0","0"
"POINT (13.442213638000055 52.531250057000079)","Unfall 113871 (2021) Kat:3, Licht: 2","113871","3","2","5","04","23","1","","2","1","1","0","0"
"POINT (13.359378350000043 52.573264426000037)","Unfall 113875 (2021) Kat:3, Licht: 2","113875","3","6","2","01","17","4","","2","0","1","0","0"
"POINT (13.482924723000053 52.581040204000033)","Unfall 113878 (2021) Kat:2, Licht: 0","113878","2","2","0","05","10","7","","0","1","1","0","0"
"POINT (13.451442585000052 52.515990284000054)","Unfall 113880 (2021) Kat:3, Licht: 1","113880","3","6","2","11","16","4","","1","0","1","0","0"
"POINT (13.473949103000052 52.513713513000027)","Unfall 113881 (2021) Kat:3, Licht: 1","113881","3","6","2","10","19","4","","1","0","1","0","0"
"POINT (13.260029371000030 52.508621637000033)","Unfall 113883 (2021) Kat:2, Licht: 0","113883","2","2","5","07","13","1","","0","0","1","0","1"
"POINT (13.411968930000057 52.541073235000056)","Unfall 113887 (2021) Kat:3, Licht: 0","113887","3","4","6","08","17","3","","0","0","1","1","0"
"POINT (13.262751163000075 52.490997345000039)","Unfall 113888 (2021) Kat:3, Licht: 0","113888","3","6","3","05","12","3","","0","0","1","0","0"
"POINT (13.452966623000066 52.518033820000028)","Unfall 113889 (2021) Kat:3, Licht: 0","113889","3","4","6","09","08","6","","0","1","0","1","0"
"POINT (13.380578269000068 52.437901264000061)","Unfall 113891 (2021) Kat:2, Licht: 0","113891","2","2","5","06","14","3","","0","1","0","0","0"
"POINT (13.355263909000030 52.485721745000035)","Unfall 113894 (2021) Kat:3, Licht: 0","113894","3","6","3","02","14","7","","0","0","1","0","0"
"POINT (13.549045074000048 52.551787190000027)","Unfall 113897 (2021) Kat:3, Licht: 0","113897","3","6","2","08","16","5","","0","0","1","0","0"
"POINT (13.598687517000030 52.504879078000045)","Unfall 113898 (2021) Kat:3, Licht: 1","113898","3","2","5","12","15","1","","1","0","1","0","0"
"POINT (13.379694742000027 52.436880806000033)","Unfall 113899 (2021) Kat:3, Licht: 0","113899","3","6","2","10","15","7","","0","0","1","0","0"
"POINT (13.426284543000065 52.538354913000035)","Unfall 113901 (2021) Kat:3, Licht: 0","113901","3","2","0","07","18","5","","0","0","1","0","1"
"POINT (13.429734010000061 52.549887589000036)","Unfall 113902 (2021) Kat:3, Licht: 2","113902","3","6","3","03","20","3","","2","0","1","0","1"
"POINT (13.366803978000064 52.472354775000042)","Unfall 113905 (2021) Kat:3, Licht: 0","113905","3","6","2","04","17","2","","0","0","1","0","0"
"POINT (13.344039489000068 52.582714773000077)","Unfall 113908 (2021) Kat:3, Licht: 1","113908","3","4","6","09","19","7","","1","0","1","1","0"
"POINT (13.434799362000035 52.638253782000049)","Unfall 113910 (2021) Kat:3, Licht: 2","113910","3","3","5","11","18","5","","2","0","1","0","0"
"POINT (13.459734725000033 52.456809271000054)","Unfall 113911 (2021) Kat:3, Licht: 2","113911","3","6","3","10","22","2","","2","0","1","0","0"
"POINT (13.372135333000074 52.505078313000070)","Unfall 113913 (2021) Kat:3, Licht: 2","113913","3","3","5","07","22","7","","2","0","1","0","1"
"POINT (13.382550870000046 52.509903571000052)","Unfall 113916 (2021) Kat:3, Licht: 0","113916","3","6","2","07","17","4","","0","0","1","0","0"
"POINT (13.457814264000035 52.491615406000051)","Unfall 113920 (2021) Kat:3, Licht: 2","113920","3","3","5","08","03","1","","2","0","1","0","0"
"POINT (13.280522822000023 52.499693083000068)","Unfall 113921 (2021) Kat:3, Licht: 0","113921","3","6","2","05","19","1","","0","0","1","0","0"
"POINT (13.281528329000025 52.522632181000063)","Unfall 113922 (2021) Kat:3, Licht: 0","113922","3","1","0","05","15","2","","0","0","0","0","1"
"POINT (13.498169810000036 52.464319299000067)","Unfall 113927 (2021) Kat:3, Licht: 0","113927","3","3","2","06","13","7","","0","1","1","0","0"
"POINT (13.421677148000072 52.526406798000039)","Unfall 113931 (2021) Kat:3, Licht: 2","113931","3","2","0","02","16","7","","2","0","1","0","0"
"POINT (13.433370008000054 52.536196148000045)","Unfall 113933 (2021) Kat:3, Licht: 0","113933","3","2","5","09","17","6","","0","1","1","0","0"
"POINT (13.445291528000041 52.545923445000028)","Unfall 113934 (2021) Kat:3, Licht: 0","113934","3","5","1","12","10","2","","0","1","1","0","0"
"POINT (13.387383012000043 52.510205333000044)","Unfall 113935 (2021) Kat:2, Licht: 2","113935","2","2","5","10","21","3","","2","1","1","0","0"
"POINT (13.504681115000039 52.430608014000029)","Unfall 113936 (2021) Kat:3, Licht: 0","113936","3","6","2","03","11","5","","0","0","0","0","0"
"POINT (13.368573671000036 52.541216458000065)","Unfall 113939 (2021) Kat:3, Licht: 0","113939","3","2","5","04","09","5","","0","1","0","0","0"
"POINT (13.347652140000037 52.574453008000035)","Unfall 113942 (2021) Kat:2, Licht: 0","113942","2","3","5","08","15","1","","0","0","1","0","0"
"POINT (13.453732248000051 52.515557469000044)","Unfall 113943 (2021) Kat:3, Licht: 2","113943","3","6","3","11","03","1","","2","0","1","0","1"
"POINT (13.453775102000066 52.515721769000038)","Unfall 113944 (2021) Kat:3, Licht: 1","113944","3","2","5","09","17","5","","1","1","1","0","0"
"POINT (13.222139782000056 52.507958060000078)","Unfall 113946 (2021) Kat:3, Licht: 0","113946","3","6","4","07","14","6","","0","0","1","0","0"
"POINT (13.379573106000066 52.436725200000069)","Unfall 113950 (2021) Kat:3, Licht: 0","113950","3","6","3","03","10","5","","0","0","1","0","0"
"POINT (13.281233966000059 52.498775749000060)","Unfall 113952 (2021) Kat:2, Licht: 0","113952","2","6","2","09","15","2","","0","0","1","0","1"
"POINT (13.385740853000073 52.469463719000032)","Unfall 113954 (2021) Kat:3, Licht: 0","113954","3","2","5","08","06","3","","0","0","1","0","0"
"POINT (13.295422723000058 52.510949149000055)","Unfall 113955 (2021) Kat:3, Licht: 2","113955","3","6","3","06","23","5","","2","0","1","0","0"
"POINT (13.261671373000070 52.508711610000034)","Unfall 113956 (2021) Kat:3, Licht: 0","113956","3","6","2","05","09","2","","0","0","1","0","0"
"POINT (13.523973942000055 52.509978680000074)","Unfall 113960 (2021) Kat:3, Licht: 0","113960","3","3","5","06","15","5","","0","1","1","0","0"
"POINT (13.477468521000048 52.513511219000065)","Unfall 113964 (2021) Kat:3, Licht: 0","113964","3","2","2","01","11","4","","0","1","1","0","0"
"POINT (13.419419304000030 52.461013378000075)","Unfall 113967 (2021) Kat:3, Licht: 2","113967","3","6","3","05","16","7","","2","0","1","0","0"
"POINT (13.321103542000060 52.537206941000079)","Unfall 113968 (2021) Kat:3, Licht: 0","113968","3","6","3","12","07","7","","0","0","1","0","0"
"POINT (13.483383106000076 52.577374704000079)","Unfall 113969 (2021) Kat:3, Licht: 2","113969","3","1","2","10","05","5","","2","0","1","0","0"
"POINT (13.393874492000066 52.517263759000059)","Unfall 113970 (2021) Kat:3, Licht: 0","113970","3","3","0","07","19","4","","0","1","0","0","1"
"POINT (13.389267468000071 52.497475817000065)","Unfall 113975 (2021) Kat:3, Licht: 2","113975","3","2","5","08","20","4","","2","1","1","0","0"
"POINT (13.366024774000039 52.416825394000057)","Unfall 113976 (2021) Kat:2, Licht: 2","113976","2","4","6","11","06","3","","2","0","1","1","0"
"POINT (13.297919992000061 52.544520170000055)","Unfall 113977 (2021) Kat:3, Licht: 2","113977","3","6","3","09","20","7","","2","0","1","0","0"
"POINT (13.287928574000034 52.532864880000034)","Unfall 113979 (2021) Kat:3, Licht: 0","113979","3","6","3","06","07","4","","0","0","1","0","1"
"POINT (13.369905444000040 52.541809164000028)","Unfall 113982 (2021) Kat:3, Licht: 1","113982","3","2","0","03","18","2","","1","1","1","0","0"
"POINT (13.384616769000047 52.451401558000043)","Unfall 113986 (2021) Kat:3, Licht: 0","113986","3","6","2","09","10","6","","0","0","1","0","0"
"POINT (13.348287757000037 52.481844467000030)","Unfall 113987 (2021) Kat:3, Licht: 0","113987","3","2","0","08","07","3","","0","1","1","0","0"
"POINT (13.374747225000021 52.502448058000027)","Unfall 113988 (2021) Kat:3, Licht: 0","113988","3","3","5","06","12","3","","0","1","1","0","0"
"POINT (13.370717373000048 52.470858373000056)","Unfall 113989 (2021) Kat:3, Licht: 0","113989","3","1","8","05","13","1","","0","0","1","0","0"
"POINT (13.365619151000033 52.556233693000081)","Unfall 113990 (2021) Kat:3, Licht: 0","113990","3","6","2","12","13","4","","0","0","1","0","0"
"POINT (13.391180185000053 52.432474002000049)","Unfall 113992 (2021) Kat:3, Licht: 0","113992","3","7","0","06","17","3","","0","1","0","0","0"
"POINT (13.357586213000047 52.473863528000038)","Unfall 113993 (2021) Kat:3, Licht: 0","113993","3","6","2","04","16","6","","0","0","1","0","0"
"POINT (13.354125114000055 52.479025694000029)","Unfall 113996 (2021) Kat:3, Licht: 0","113996","3","3","5","01","15","4","","0","0","1","0","0"
"POINT (13.386055475000035 52.485966122000036)","Unfall 114000 (2021) Kat:3, Licht: 1","114000","3","7","2","11","16","6","","1","1","1","0","0"
"POINT (13.298150227000065 52.577652946000057)","Unfall 114001 (2021) Kat:2, Licht: 0","114001","2","6","2","10","10","7","","0","0","1","0","1"
"POINT (13.327920442000050 52.460341740000047)","Unfall 114003 (2021) Kat:3, Licht: 0","114003","3","6","2","07","13","6","","0","0","1","0","0"
"POINT (13.301178239000023 52.487055756000075)","Unfall 114007 (2021) Kat:3, Licht: 0","114007","3","6","2","08","12","2","","0","0","1","0","0"
"POINT (13.483395077000068 52.577334776000043)","Unfall 114008 (2021) Kat:3, Licht: 0","114008","3","2","2","05","08","3","","0","0","1","0","0"
"POINT (13.377295392000065 52.501515476000066)","Unfall 114011 (2021) Kat:3, Licht: 0","114011","3","6","3","06","10","3","","0","1","1","0","0"
"POINT (13.467240918000073 52.514389283000071)","Unfall 114014 (2021) Kat:3, Licht: 0","114014","3","3","5","02","13","5","","0","1","1","0","0"
"POINT (13.368676527000048 52.549157135000030)","Unfall 114016 (2021) Kat:3, Licht: 0","114016","3","6","2","09","15","6","","0","0","1","0","0"
"POINT (13.244244531000049 52.475636935000068)","Unfall 114017 (2021) Kat:3, Licht: 2","114017","3","6","2","12","16","4","","2","0","1","0","0"
"POINT (13.271480544000042 52.509120117000066)","Unfall 114018 (2021) Kat:3, Licht: 0","114018","3","3","5","10","08","6","","0","0","1","0","0"
"POINT (13.542486114000042 52.543724282000028)","Unfall 114019 (2021) Kat:3, Licht: 0","114019","3","3","5","11","14","3","","0","0","1","0","1"
"POINT (13.414177402000064 52.551115937000077)","Unfall 114020 (2021) Kat:2, Licht: 0","114020","2","6","3","09","16","5","","0","1","0","0","0"
"POINT (13.404839078000066 52.520151454000029)","Unfall 114022 (2021) Kat:2, Licht: 2","114022","2","2","5","07","23","6","","2","0","0","0","0"
"POINT (13.274095458000033 52.499208742000064)","Unfall 114025 (2021) Kat:3, Licht: 0","114025","3","6","2","03","15","3","","0","0","1","0","0"
"POINT (13.391955966000069 52.517068509000069)","Unfall 114027 (2021) Kat:3, Licht: 0","114027","3","1","0","09","13","7","","0","0","0","0","0"
"POINT (13.384401449000052 52.453652150000039)","Unfall 114029 (2021) Kat:3, Licht: 0","114029","3","6","2","08","18","7","","0","0","1","0","0"
"POINT (13.428582710000057 52.537584163000076)","Unfall 114030 (2021) Kat:3, Licht: 1","114030","3","2","2","05","20","3","","1","1","1","0","0"
"POINT (13.370122237000032 52.539752825000051)","Unfall 114034 (2021) Kat:3, Licht: 0","114034","3","6","2","06","18","4","","0","0","1","0","0"
"POINT (13.383490883000036 52.439544235000028)","Unfall 114035 (2021) Kat:2, Licht: 2","114035","2","1","0","04","21","7","","2","1","0","0","0"
"POINT (13.376713274000053 52.509594709000055)","Unfall 114038 (2021) Kat:3, Licht: 2","114038","3","2","5","01","06","2","","2","0","1","0","0"
"POINT (13.418661764000035 52.460973566000064)","Unfall 114041 (2021) Kat:3, Licht: 0","114041","3","6","2","05","07","5","","0","0","1","0","0"
"POINT (13.368778702000043 52.541160381000054)","Unfall 114043 (2021) Kat:3, Licht: 2","114043","3","2","6","11","17","2","","2","0","1","1","0"
"POINT (13.435192315000052 52.535320944000034)","Unfall 114044 (2021) Kat:3, Licht: 0","114044","3","2","5","10","09","4","","0","1","1","0","0"
"POINT (13.575896790000058 52.505184928000062)","Unfall 114046 (2021) Kat:3, Licht: 0","114046","3","7","5","07","08","3","","0","0","1","0","0"
"POINT (13.397907971000052 52.419969442000081)","Unfall 114050 (2021) Kat:2, Licht: 0","114050","2","6","3","08","10","7","","0","0","1","0","1"
"POINT (13.412496041000054 52.543219131000058)","Unfall 114051 (2021) Kat:3, Licht: 0","114051","3","4","6","04","18","6","","0","1","0","1","0"
"POINT (13.311276309000050 52.511796633000074)","Unfall 114054 (2021) Kat:3, Licht: 0","114054","3","6","3","06","08","3","","0","0","1","0","0"
"POINT (13.281488410000065 52.502929799000071)","Unfall 114057 (2021) Kat:3, Licht: 0","114057","3","6","2","03","09","2","","0","0","1","0","0"
"POINT (13.375592184000027 52.429100545000040)","Unfall 114060 (2021) Kat:3, Licht: 0","114060","3","6","2","08","13","3","","0","0","1","0","0"
"POINT (13.363534079000033 52.565128589000039)","Unfall 114061 (2021) Kat:3, Licht: 0","114061","3","7","1","12","13","5","","0","0","1","0","0"
"POINT (13.423757069000033 52.528354292000074)","Unfall 114062 (2021) Kat:3, Licht: 0","114062","3","3","5","10","08","4","","0","1","0","0","0"
"POINT (13.398644708000063 52.575854745000072)","Unfall 114063 (2021) Kat:3, Licht: 0","114063","3","1","0","04","14","6","","0","1","0","0","0"
"POINT (13.403293820000044 52.569374303000075)","Unfall 114066 (2021) Kat:3, Licht: 0","114066","3","2","5","04","18","6","","0","1","1","0","0"
"POINT (13.298265675000039 52.511137116000043)","Unfall 114069 (2021) Kat:3, Licht: 0","114069","3","5","0","09","12","6","","0","0","1","0","0"
"POINT (13.269406027000059 52.509189605000074)","Unfall 114070 (2021) Kat:3, Licht: 0","114070","3","7","0","11","12","3","","0","1","0","0","0"
"POINT (13.350313268000036 52.480880010000078)","Unfall 114071 (2021) Kat:3, Licht: 0","114071","3","6","2","10","13","3","","0","0","1","0","1"
"POINT (13.241691675000027 52.507493676000081)","Unfall 114073 (2021) Kat:3, Licht: 0","114073","3","6","2","07","10","3","","0","0","1","0","1"
"POINT (13.398216123000054 52.571323517000053)","Unfall 114077 (2021) Kat:3, Licht: 0","114077","3","1","0","07","08","5","","0","1","0","0","0"
"POINT (13.365484521000042 52.558073662000027)","Unfall 114081 (2021) Kat:3, Licht: 0","114081","3","7","0","08","17","4","","0","1","0","0","0"
"POINT (13.395063213000071 52.467121900000052)","Unfall 114082 (2021) Kat:3, Licht: 0","114082","3","6","0","05","18","5","","0","0","1","0","1"
"POINT (13.320103730000028 52.512570281000080)","Unfall 114086 (2021) Kat:3, Licht: 0","114086","3","1","0","06","12","7","","0","0","0","0","1"
"POINT (13.433753128000035 52.536994178000043)","Unfall 114090 (2021) Kat:2, Licht: 1","114090","2","3","5","02","16","3","","1","1","1","0","0"
"POINT (13.446205113000076 52.463119838000068)","Unfall 114092 (2021) Kat:3, Licht: 1","114092","3","6","2","09","16","4","","1","0","1","0","0"
"POINT (13.355127398000036 52.473451926000052)","Unfall 114093 (2021) Kat:3, Licht: 1","114093","3","6","2","12","16","7","","1","0","1","0","0"
"POINT (13.212053726000022 52.426922095000066)","Unfall 114094 (2021) Kat:3, Licht: 2","114094","3","6","3","10","19","2","","2","1","1","0","0"
"POINT (13.409065715000054 52.517108216000054)","Unfall 114095 (2021) Kat:3, Licht: 0","114095","3","6","2","03","16","3","","0","1","0","0","0"
"POINT (13.443342167000026 52.615419360000033)","Unfall 114098 (2021) Kat:3, Licht: 0","114098","3","3","5","04","14","4","","0","0","1","0","0"
"POINT (13.346638119000033 52.579340992000027)","Unfall 114101 (2021) Kat:3, Licht: 1","114101","3","2","5","08","07","3","","1","1","1","0","0"
"POINT (13.179564047000042 52.516551873000026)","Unfall 114102 (2021) Kat:3, Licht: 0","114102","3","6","2","11","08","6","","0","0","1","0","0"
"POINT (13.420009641000036 52.525010897000072)","Unfall 114103 (2021) Kat:3, Licht: 2","114103","3","6","3","09","21","5","","2","0","1","0","1"
"POINT (13.285379655000042 52.513619122000080)","Unfall 114105 (2021) Kat:3, Licht: 0","114105","3","6","2","07","16","3","","0","0","1","0","0"
"POINT (13.385760993000076 52.470049031000030)","Unfall 114109 (2021) Kat:3, Licht: 0","114109","3","2","3","03","08","5","","0","0","1","0","0"
"POINT (13.372689239000067 52.504102911000075)","Unfall 114110 (2021) Kat:3, Licht: 0","114110","3","6","2","09","12","3","","0","0","1","0","0"
"POINT (13.350003285000071 52.481179006000048)","Unfall 114112 (2021) Kat:3, Licht: 0","114112","3","2","0","08","19","6","","0","1","1","0","0"
"POINT (13.363400798000043 52.535931320000032)","Unfall 114113 (2021) Kat:3, Licht: 0","114113","3","6","2","05","16","6","","0","0","1","0","0"
"POINT (13.199400524000055 52.421771235000051)","Unfall 114117 (2021) Kat:3, Licht: 0","114117","3","6","3","06","16","5","","0","0","1","0","0"
"POINT (13.451468413000043 52.509493012000064)","Unfall 114121 (2021) Kat:3, Licht: 0","114121","3","2","5","01","12","4","","0","1","1","0","0"
"POINT (13.464993673000038 52.486742535000076)","Unfall 114124 (2021) Kat:3, Licht: 0","114124","3","6","2","05","08","2","","0","0","1","0","0"
"POINT (13.453704826000035 52.517278403000034)","Unfall 114125 (2021) Kat:3, Licht: 2","114125","3","1","1","12","20","6","","2","0","1","0","0"
"POINT (13.271288797000068 52.438209026000038)","Unfall 114126 (2021) Kat:3, Licht: 1","114126","3","6","3","10","18","6","","1","0","1","0","0"
"POINT (13.284941755000034 52.509137589000034)","Unfall 114127 (2021) Kat:3, Licht: 0","114127","3","6","2","07","13","6","","0","0","1","0","0"
"POINT (13.427926303000049 52.518916303000026)","Unfall 114132 (2021) Kat:3, Licht: 0","114132","3","2","5","08","07","2","","0","0","1","0","1"
"POINT (13.399318371000049 52.574545815000079)","Unfall 114133 (2021) Kat:3, Licht: 2","114133","3","5","1","10","05","1","","2","0","1","0","0"
"POINT (13.283352556000068 52.508362128000044)","Unfall 114134 (2021) Kat:3, Licht: 0","114134","3","6","3","09","15","4","","0","0","1","0","1"
"POINT (13.330235887000072 52.601518120000037)","Unfall 114136 (2021) Kat:2, Licht: 0","114136","2","2","5","07","15","6","","0","1","1","0","0"
"POINT (13.447526071000027 52.526278806000050)","Unfall 114139 (2021) Kat:3, Licht: 0","114139","3","3","5","02","16","6","","0","0","1","0","1"
"POINT (13.302359100000047 52.642386876000046)","Unfall 114143 (2021) Kat:3, Licht: 0","114143","3","5","1","09","12","4","","0","0","1","0","0"
"POINT (13.289192896000031 52.533250194000061)","Unfall 114144 (2021) Kat:3, Licht: 0","114144","3","6","2","07","11","7","","0","0","1","0","0"
"POINT (13.431223273000057 52.583208595000031)","Unfall 114145 (2021) Kat:3, Licht: 0","114145","3","6","2","12","15","5","","0","0","1","0","0"
"POINT (13.402787640000042 52.593159097000068)","Unfall 114146 (2021) Kat:3, Licht: 0","114146","3","3","5","11","07","2","","0","1","1","0","0"
"POINT (13.409061131000044 52.517104240000037)","Unfall 114148 (2021) Kat:3, Licht: 0","114148","3","2","5","06","21","4","","0","0","1","0","1"
"POINT (13.440327780000075 52.542234564000069)","Unfall 114149 (2021) Kat:3, Licht: 0","114149","3","6","3","03","10","7","","0","1","0","0","0"
"POINT (13.290267007000068 52.533453504000079)","Unfall 114152 (2021) Kat:3, Licht: 0","114152","3","6","2","04","08","3","","0","0","1","0","0"
"POINT (13.556767335000075 52.560736032000079)","Unfall 114156 (2021) Kat:3, Licht: 0","114156","3","7","5","11","09","2","","0","0","1","0","0"
"POINT (13.361925954000071 52.413650888000063)","Unfall 114157 (2021) Kat:3, Licht: 0","114157","3","2","5","10","16","2","","0","1","0","0","0"
"POINT (13.412487931000044 52.544944679000082)","Unfall 114159 (2021) Kat:3, Licht: 0","114159","3","6","4","07","10","6","","0","1","0","0","0"
"POINT (13.414061435000065 52.550520772000027)","Unfall 114163 (2021) Kat:3, Licht: 0","114163","3","7","6","08","17","2","","0","0","1","1","0"
"POINT (13.359454515000039 52.489383057000055)","Unfall 114164 (2021) Kat:3, Licht: 0","114164","3","6","2","05","13","3","","0","0","1","0","0"
"POINT (13.376404482000055 52.430830573000037)","Unfall 114168 (2021) Kat:3, Licht: 0","114168","3","2","0","06","08","3","","0","0","1","0","0"
"POINT (13.284213903000023 52.508059292000041)","Unfall 114172 (2021) Kat:3, Licht: 0","114172","3","6","2","02","14","4","","0","0","1","0","0"
"POINT (13.373482920000072 52.509167065000042)","Unfall 114174 (2021) Kat:3, Licht: 0","114174","3","1","0","09","08","5","","0","1","0","0","0"
"POINT (13.401742864000028 52.511344999000073)","Unfall 114175 (2021) Kat:3, Licht: 2","114175","3","3","5","05","22","2","","2","1","1","0","0"
"POINT (13.365260339000031 52.558071015000053)","Unfall 114176 (2021) Kat:3, Licht: 0","114176","3","2","3","05","15","3","","0","1","1","0","0"
"POINT (13.400530914000058 52.465209047000030)","Unfall 114177 (2021) Kat:3, Licht: 2","114177","3","6","3","12","16","2","","2","0","1","0","0"
"POINT (13.414347918000033 52.540793789000077)","Unfall 114178 (2021) Kat:3, Licht: 2","114178","3","1","0","10","21","4","","2","1","0","0","0"
"POINT (13.281925407000074 52.509934753000039)","Unfall 114179 (2021) Kat:3, Licht: 0","114179","3","6","2","03","09","3","","0","0","1","0","0"
"POINT (13.366418288000034 52.472363151000081)","Unfall 114182 (2021) Kat:3, Licht: 0","114182","3","6","2","04","13","5","","0","0","1","0","0"
"POINT (13.214832919000060 52.427562998000042)","Unfall 114185 (2021) Kat:2, Licht: 0","114185","2","4","6","09","18","5","","0","0","1","1","0"
"POINT (13.540031326000076 52.509903195000049)","Unfall 114186 (2021) Kat:3, Licht: 0","114186","3","6","2","11","16","5","","0","0","1","0","0"
"POINT (13.461451264000061 52.454127981000056)","Unfall 114187 (2021) Kat:3, Licht: 0","114187","3","6","2","10","14","7","","0","0","1","0","0"
"POINT (13.318895671000064 52.610808409000072)","Unfall 114189 (2021) Kat:3, Licht: 0","114189","3","3","5","07","11","4","","0","0","1","0","0"
"POINT (13.281424983000022 52.509901723000041)","Unfall 114196 (2021) Kat:3, Licht: 0","114196","3","1","0","08","08","5","","0","1","0","0","0"
"POINT (13.384526343000061 52.452960487000041)","Unfall 114197 (2021) Kat:3, Licht: 0","114197","3","6","2","05","12","3","","0","0","1","0","0"
"POINT (13.501043702000061 52.432244982000043)","Unfall 114201 (2021) Kat:1, Licht: 0","114201","1","6","2","06","08","6","","0","0","0","0","0"
"POINT (13.307389054000055 52.450628346000030)","Unfall 114205 (2021) Kat:3, Licht: 2","114205","3","6","4","01","18","2","","2","0","1","0","0"
"POINT (13.395660067000051 52.467021811000052)","Unfall 114208 (2021) Kat:3, Licht: 2","114208","3","6","2","12","07","2","","2","0","1","0","0"
"POINT (13.369860842000037 52.515831524000077)","Unfall 114209 (2021) Kat:2, Licht: 0","114209","2","2","5","10","10","7","","0","0","1","0","1"
"POINT (13.444773735000069 52.545685707000075)","Unfall 114214 (2021) Kat:3, Licht: 0","114214","3","2","5","09","10","4","","0","0","1","0","0"
"POINT (13.487605906000056 52.512345139000047)","Unfall 114215 (2021) Kat:3, Licht: 2","114215","3","6","3","11","18","2","","2","1","0","0","0"
"POINT (13.260368727000071 52.435021970000037)","Unfall 114216 (2021) Kat:3, Licht: 0","114216","3","6","6","10","12","6","","0","0","1","1","0"
"POINT (13.384372111000062 52.452671101000078)","Unfall 114218 (2021) Kat:3, Licht: 0","114218","3","3","5","06","07","2","","0","1","1","0","0"
"POINT (13.291465331000040 52.586254904000043)","Unfall 114221 (2021) Kat:2, Licht: 0","114221","2","1","8","03","15","5","","0","0","1","0","0"
"POINT (13.454200822000075 52.515897879000079)","Unfall 114223 (2021) Kat:3, Licht: 2","114223","3","1","0","03","22","2","","2","1","0","0","0"
"POINT (13.416769918000057 52.522087536000072)","Unfall 114226 (2021) Kat:3, Licht: 0","114226","3","2","5","04","09","4","","0","1","0","0","0"
"POINT (13.291677492000076 52.586209907000068)","Unfall 114229 (2021) Kat:3, Licht: 0","114229","3","6","2","09","17","6","","0","0","1","0","0"
"POINT (13.143020771000067 52.417771029000050)","Unfall 114230 (2021) Kat:3, Licht: 0","114230","3","1","0","11","13","7","","0","0","0","0","1"
"POINT (13.381811964000065 52.439261294000062)","Unfall 114231 (2021) Kat:3, Licht: 0","114231","3","1","2","10","20","1","","0","0","1","0","0"
"POINT (13.347714211000039 52.575436488000037)","Unfall 114233 (2021) Kat:3, Licht: 0","114233","3","7","0","07","16","7","","0","1","0","0","0"
"POINT (13.439893773000051 52.462712149000026)","Unfall 114240 (2021) Kat:3, Licht: 0","114240","3","6","3","08","10","6","","0","0","1","0","0"
"POINT (13.282019602000048 52.509940892000031)","Unfall 114241 (2021) Kat:2, Licht: 0","114241","2","2","5","05","14","6","","0","1","0","0","0"
"POINT (13.430334304000041 52.533654345000059)","Unfall 114245 (2021) Kat:3, Licht: 0","114245","3","5","1","06","07","5","","0","1","1","0","0"
"POINT (13.368757017000064 52.420110569000030)","Unfall 114249 (2021) Kat:2, Licht: 2","114249","2","4","6","02","19","3","","2","0","1","1","0"
"POINT (13.386333239000066 52.489083582000035)","Unfall 114251 (2021) Kat:3, Licht: 0","114251","3","6","2","12","11","7","","0","0","1","0","0"
"POINT (13.364702758000021 52.560986261000039)","Unfall 114252 (2021) Kat:3, Licht: 2","114252","3","6","3","10","05","4","","2","1","1","0","0"
"POINT (13.362680499000021 52.474028533000080)","Unfall 114255 (2021) Kat:2, Licht: 2","114255","2","1","9","04","23","4","","2","0","1","0","0"
"POINT (13.289788203000057 52.493990657000040)","Unfall 114258 (2021) Kat:3, Licht: 0","114258","3","1","0","08","08","5","","0","0","0","0","1"