WKT,Name,OBJECTID,UKATEGORIE,UTYP1,UART,UMONAT,USTUNDE,UWOCHENTAG,STRZUSTAND,ULICHTVERH,ISTRAD,ISTPKW,ISTFUSS,ISTKRAD
"POINT (13.384420932000069 52.453541940000036)","Unfall 114259 (2021) Kat:3, Licht: 0","114259","3","6","2","11","13","2","","0","0","1","0","0"
"POINT (13.301459817000023 52.511157628000035)","Unfall 114260 (2021) Kat:3, Licht: 0","114260","3","3","5","09","10","3","","0","1","1","0","0"
"POINT (13.204578081000022 52.511499585000081)","Unfall 114262 (2021) Kat:3, Licht: 0","114262","3","6","2","07","17","5","","0","0","1","0","0"
"POINT (13.332638307000025 52.597553477000076)","Unfall 114265 (2021) Kat:2, Licht: 2","114265","2","6","3","03","19","1","","2","0","1","0","0"
"POINT (13.368627447000051 52.506779726000048)","Unfall 114267 (2021) Kat:3, Licht: 0","114267","3","6","3","09","08","2","","0","0","1","0","0"
"POINT (13.385094285000037 52.461646388000077)","Unfall 114269 (2021) Kat:3, Licht: 0","114269","3","3","5","08","17","6","","0","1","1","0","0"
"POINT (13.357176012000025 52.486888911000051)","Unfall 114270 (2021) Kat:3, Licht: 0","114270","3","2","5","05","08","6","","0","1","0","0","0"
"POINT (13.336283461000050 52.591703661000054)","Unfall 114274 (2021) Kat:3, Licht: 0","114274","3","5","0","06","13","5","","0","0","1","0","0"
"POINT (13.416011002000062 52.522164851000070)","Unfall 114278 (2021) Kat:3, Licht: 2","114278","3","6","2","01","19","5","","2","0","1","0","0"
"POINT (13.290292326000042 52.510458574000040)","Unfall 114282 (2021) Kat:3, Licht: 0","114282","3","6","3","05","14","1","","0","1","1","0","0"
"POINT (13.385539217000030 52.471187582000027)","Unfall 114283 (2021) Kat:3, Licht: 0","114283","3","6","0","12","12","3","","0","0","1","0","0"
"POINT (13.404567491000023 52.567996920000041)","Unfall 114284 (2021) Kat:3, Licht: 0","114284","3","6","3","10","11","3","","0","1","1","0","0"
"POINT (13.348287757000037 52.481844467000030)","Unfall 114285 (2021) Kat:3, Licht: 0","114285","3","6","2","07","12","6","","0","0","1","0","0"
"POINT (13.283881092000058 52.496123187000080)","Unfall 114290 (2021) Kat:2, Licht: 0","114290","2","6","2","08","17","6","","0","0","1","0","0"
"POINT (13.281662382000036 52.505443524000043)","Unfall 114291 (2021) Kat:3, Licht: 0","114291","3","6","2","11","11","4","","0","0","1","0","0"
"POINT (13.295016427000064 52.446037929000056)","Unfall 114292 (2021) Kat:3, Licht: 0","114292","3","3","5","09","13","7","","0","0","1","0","1"
"POINT (13.331419853000057 52.463393980000035)","Unfall 114294 (2021) Kat:3, Licht: 0","114294","3","1","0","06","14","5","","0","0","0","0","1"
"POINT (13.488340627000071 52.512406226000053)","Unfall 114297 (2021) Kat:3, Licht: 0","114297","3","2","5","02","08","3","","0","1","1","0","0"
"POINT (13.386011263000057 52.443978363000042)","Unfall 114301 (2021) Kat:3, Licht: 0","114301","3","2","5","09","15","6","","0","0","1","0","0"
"POINT (13.388376498000071 52.493739600000026)","Unfall 114302 (2021) Kat:3, Licht: 0","114302","3","6","3","08","11","4","","0","0","1","0","0"
"POINT (13.343753058000061 52.514002735000076)","Unfall 114304 (2021) Kat:3, Licht: 1","114304","3","6","2","11","19","6","","1","0","1","0","0"
"POINT (13.366773378000062 52.472202965000065)","Unfall 114306 (2021) Kat:3, Licht: 0","114306","3","6","2","06","07","4","","0","0","1","0","0"
"POINT (13.459545914000046 52.515169166000078)","Unfall 114307 (2021) Kat:3, Licht: 0","114307","3","6","2","04","12","4","","0","0","1","0","0"
"POINT (13.376488904000041 52.509403297000063)","Unfall 114310 (2021) Kat:3, Licht: 0","114310","3","2","2","04","08","3","","0","0","1","0","0"
"POINT (13.429006376000075 52.537704229000042)","Unfall 114313 (2021) Kat:3, Licht: 0","114313","3","3","5","09","14","3","","0","1","0","0","0"
"POINT (13.370168841000066 52.539970904000029)","Unfall 114315 (2021) Kat:3, Licht: 0","114315","3","2","2","11","11","4","","0","0","1","0","0"
"POINT (13.269693959000051 52.496214072000043)","Unfall 114316 (2021) Kat:3, Licht: 0","114316","3","1","2","10","13","1","","0","0","1","0","0"
"POINT (13.280862899000056 52.502982958000075)","Unfall 114318 (2021) Kat:3, Licht: 0","114318","3","6","3","07","11","5","","0","0","1","0","0"
"POINT (13.365980397000044 52.503414919000079)","Unfall 114323 (2021) Kat:3, Licht: 0","114323","3","6","2","08","13","3","","0","0","1","0","0"
"POINT (13.444872305000047 52.529204836000076)","Unfall 114324 (2021) Kat:3, Licht: 0","114324","3","1","0","05","16","2","","0","1","0","0","0"
"POINT (13.465049121000050 52.486706035000054)","Unfall 114328 (2021) Kat:3, Licht: 0","114328","3","2","0","06","18","6","","0","0","1","0","0"
"POINT (13.360665638000057 52.491073639000035)","Unfall 114332 (2021) Kat:3, Licht: 0","114332","3","6","0","02","09","5","","0","0","1","0","0"
"POINT (13.385654787000021 52.475528000000054)","Unfall 114334 (2021) Kat:3, Licht: 0","114334","3","1","0","09","12","7","","0","1","0","0","0"
"POINT (13.368930222000074 52.506782591000047)","Unfall 114335 (2021) Kat:3, Licht: 2","114335","3","1","9","12","17","7","","2","0","0","0","1"
"POINT (13.286441527000022 52.532219261000080)","Unfall 114336 (2021) Kat:3, Licht: 0","114336","3","6","3","10","10","4","","0","0","1","0","0"
"POINT (13.279755610000052 52.500678666000056)","Unfall 114337 (2021) Kat:3, Licht: 2","114337","3","1","9","03","19","1","","2","0","1","0","0"
"POINT (13.301579289000074 52.511355800000047)","Unfall 114340 (2021) Kat:3, Licht: 0","114340","3","2","5","04","07","6","","0","0","1","0","0"
"POINT (13.326619407000067 52.477935889000037)","Unfall 114342 (2021) Kat:3, Licht: 0","114342","3","6","2","06","14","7","","0","0","1","0","0"
"POINT (13.256346395000037 52.508400201000029)","Unfall 114344 (2021) Kat:3, Licht: 0","114344","3","6","3","09","11","6","","0","1","1","0","0"
"POINT (13.310295028000041 52.558786427000030)","Unfall 114345 (2021) Kat:3, Licht: 0","114345","3","6","2","11","14","6","","0","0","1","0","0"
"POINT (13.361661842000046 52.496942601000057)","Unfall 114346 (2021) Kat:3, Licht: 1","114346","3","7","0","10","06","2","","1","0","1","0","1"
"POINT (13.283506730000056 52.442208596000057)","Unfall 114348 (2021) Kat:3, Licht: 0","114348","3","6","2","07","07","4","","0","0","1","0","0"
"POINT (13.385350195000058 52.462743164000074)","Unfall 114355 (2021) Kat:3, Licht: 0","114355","3","6","0","08","14","5","","0","0","0","0","0"
"POINT (13.444141662000050 52.529476230000057)","Unfall 114356 (2021) Kat:3, Licht: 0","114356","3","7","5","05","10","2","","0","0","1","0","0"
"POINT (13.385791173000030 52.471125588000064)","Unfall 114360 (2021) Kat:3, Licht: 0","114360","3","6","3","06","15","7","","0","0","1","0","0"
"POINT (13.444738483000037 52.516667430000041)","Unfall 114364 (2021) Kat:3, Licht: 0","114364","3","6","0","01","14","3","","0","0","1","0","1"
"POINT (13.307615051000028 52.566271602000029)","Unfall 114367 (2021) Kat:3, Licht: 0","114367","3","6","2","12","08","3","","0","0","1","0","0"
"POINT (13.196289711000077 52.419612371000028)","Unfall 114368 (2021) Kat:3, Licht: 2","114368","3","6","2","10","17","7","","2","0","1","0","0"
"POINT (13.456146938000074 52.464234557000054)","Unfall 114369 (2021) Kat:3, Licht: 0","114369","3","6","2","07","17","7","","0","0","1","0","0"
"POINT (13.178904213000067 52.516527243000041)","Unfall 114374 (2021) Kat:3, Licht: 0","114374","3","2","6","09","16","4","","0","0","1","1","0"
"POINT (13.415332148000061 52.540472879000049)","Unfall 114375 (2021) Kat:2, Licht: 0","114375","2","5","1","11","15","3","","0","1","0","0","0"
"POINT (13.415548436000051 52.521436076000043)","Unfall 114376 (2021) Kat:3, Licht: 0","114376","3","6","3","09","17","5","","0","0","1","0","1"
"POINT (13.446662775000050 52.633644854000067)","Unfall 114378 (2021) Kat:3, Licht: 0","114378","3","1","9","06","18","4","","0","0","1","0","0"
"POINT (13.238990487000024 52.470931935000067)","Unfall 114381 (2021) Kat:2, Licht: 2","114381","2","6","2","03","04","7","","2","0","1","0","1"
"POINT (13.412456769000073 52.542740367000079)","Unfall 114383 (2021) Kat:2, Licht: 0","114383","2","3","5","09","16","2","","0","1","0","0","0"
"POINT (13.467856269000038 52.514479332000064)","Unfall 114385 (2021) Kat:3, Licht: 0","114385","3","3","0","08","10","5","","0","0","1","0","0"
"POINT (13.385781740000027 52.480903890000036)","Unfall 114386 (2021) Kat:3, Licht: 2","114386","3","5","1","05","23","3","","2","0","0","0","1"
"POINT (13.384391885000070 52.452568494000047)","Unfall 114387 (2021) Kat:3, Licht: 2","114387","3","2","6","12","18","4","","2","0","1","1","0"
"POINT (13.325366846000065 52.606130976000031)","Unfall 114390 (2021) Kat:3, Licht: 0","114390","3","3","6","06","10","7","","0","0","1","1","0"
"POINT (13.404859541000064 52.462786790000052)","Unfall 114394 (2021) Kat:3, Licht: 0","114394","3","7","0","01","12","5","","0","0","1","0","0"
"POINT (13.293037711000068 52.492530755000075)","Unfall 114397 (2021) Kat:3, Licht: 2","114397","3","6","2","11","19","2","","2","0","1","0","0"
"POINT (13.363960697000039 52.534881290000044)","Unfall 114398 (2021) Kat:3, Licht: 2","114398","3","6","2","10","18","5","","2","0","1","0","0"
"POINT (13.447261169000058 52.526572480000027)","Unfall 114400 (2021) Kat:3, Licht: 0","114400","3","6","2","07","17","4","","0","0","1","0","0"
"POINT (13.483348119000027 52.583200884000064)","Unfall 114404 (2021) Kat:2, Licht: 0","114404","2","6","2","08","13","5","","0","0","1","0","0"
"POINT (13.384778762000053 52.460186988000032)","Unfall 114405 (2021) Kat:3, Licht: 0","114405","3","6","3","09","18","5","","0","0","1","0","1"
"POINT (13.298816307000038 52.534174826000026)","Unfall 114407 (2021) Kat:3, Licht: 0","114407","3","6","2","06","15","3","","0","0","1","0","0"
"POINT (13.444660395000028 52.545633668000050)","Unfall 114410 (2021) Kat:3, Licht: 0","114410","3","2","5","03","15","3","","0","1","0","0","0"
"POINT (13.153017428000055 52.418881912000074)","Unfall 114413 (2021) Kat:1, Licht: 0","114413","1","7","0","09","18","4","","0","0","1","0","1"
"POINT (13.504605773000037 52.510642389000054)","Unfall 114414 (2021) Kat:3, Licht: 0","114414","3","6","2","08","15","2","","0","0","1","0","1"
"POINT (13.526902840000048 52.510134742000048)","Unfall 114415 (2021) Kat:2, Licht: 2","114415","2","1","0","12","20","2","","2","0","1","0","0"
"POINT (13.548433975000023 52.550774203000060)","Unfall 114416 (2021) Kat:3, Licht: 0","114416","3","2","2","06","13","7","","0","1","1","0","0"
"POINT (13.314657392000072 52.512018327000078)","Unfall 114417 (2021) Kat:3, Licht: 1","114417","3","1","2","10","19","3","","1","0","1","0","0"
"POINT (13.444534579000049 52.545311415000072)","Unfall 114419 (2021) Kat:2, Licht: 0","114419","2","2","5","07","15","6","","0","1","1","0","0"
"POINT (13.548095815000067 52.550681099000030)","Unfall 114420 (2021) Kat:2, Licht: 0","114420","2","6","2","04","15","6","","0","0","1","0","1"
"POINT (13.379802613000038 52.437018804000047)","Unfall 114423 (2021) Kat:3, Licht: 0","114423","3","6","2","04","18","3","","0","0","1","0","0"
"POINT (13.323920162000036 52.607763879000061)","Unfall 114426 (2021) Kat:3, Licht: 0","114426","3","2","5","09","07","4","","0","1","1","0","0"
"POINT (13.623363773000051 52.504005349000067)","Unfall 114427 (2021) Kat:2, Licht: 2","114427","2","6","3","09","05","2","","2","0","1","0","1"
"POINT (13.300807718000044 52.511304814000027)","Unfall 114429 (2021) Kat:3, Licht: 0","114429","3","7","2","08","14","2","","0","0","0","0","1"
"POINT (13.299153191000073 52.511195784000051)","Unfall 114430 (2021) Kat:3, Licht: 0","114430","3","2","5","05","15","3","","0","1","1","0","0"
"POINT (13.358345240000062 52.488478206000082)","Unfall 114434 (2021) Kat:3, Licht: 0","114434","3","2","0","06","14","2","","0","0","1","0","0"
"POINT (13.293048487000021 52.492524465000031)","Unfall 114438 (2021) Kat:3, Licht: 0","114438","3","1","0","01","11","3","","0","0","0","0","1"
"POINT (13.444941538000023 52.545504864000065)","Unfall 114441 (2021) Kat:3, Licht: 0","114441","3","2","5","05","17","7","","0","0","1","0","0"
"POINT (13.398817190000045 52.580045179000081)","Unfall 114442 (2021) Kat:3, Licht: 2","114442","3","1","4","11","21","3","","2","0","1","0","0"
"POINT (13.460045253000033 52.515119427000059)","Unfall 114443 (2021) Kat:3, Licht: 2","114443","3","1","0","10","21","2","","2","0","0","0","1"
"POINT (13.404910397000037 52.520187355000076)","Unfall 114444 (2021) Kat:3, Licht: 2","114444","3","3","5","07","23","7","","2","1","1","0","0"
"POINT (13.385914332000027 52.477175548000048)","Unfall 114447 (2021) Kat:3, Licht: 2","114447","3","5","1","08","20","4","","2","0","1","0","0"
"POINT (13.504485697000064 52.510652173000040)","Unfall 114448 (2021) Kat:3, Licht: 0","114448","3","2","6","11","09","5","","0","0","1","1","0"
"POINT (13.284904760000074 52.516290883000067)","Unfall 114449 (2021) Kat:2, Licht: 2","114449","2","1","8","09","02","1","","2","0","1","0","0"
"POINT (13.479463987000031 52.484511321000070)","Unfall 114451 (2021) Kat:3, Licht: 0","114451","3","3","0","06","08","2","","0","1","1","0","0"
"POINT (13.217710646000057 52.428019995000056)","Unfall 114454 (2021) Kat:3, Licht: 0","114454","3","3","0","02","11","7","","0","1","1","0","0"
"POINT (13.588042003000055 52.505006300000048)","Unfall 114458 (2021) Kat:3, Licht: 0","114458","3","3","5","09","10","6","","0","0","1","0","0"
"POINT (13.449153816000035 52.523884919000068)","Unfall 114459 (2021) Kat:3, Licht: 0","114459","3","5","1","08","18","5","","0","1","1","0","0"
"POINT (13.409042398000054 52.517087993000075)","Unfall 114460 (2021) Kat:3, Licht: 2","114460","3","3","5","12","23","2","","2","0","1","0","0"
"POINT (13.445532457000070 52.545773401000076)","Unfall 114461 (2021) Kat:3, Licht: 0","114461","3","6","2","10","15","3","","0","0","1","0","0"
"POINT (13.439297410000052 52.517212089000054)","Unfall 114463 (2021) Kat:3, Licht: 0","114463","3","6","3","07","18","5","","0","1","0","0","0"
"POINT (13.380557083000042 52.499245370000040)","Unfall 114464 (2021) Kat:3, Licht: 0","114464","3","2","5","04","13","1","","0","1","1","0","0"
"POINT (13.364259083000036 52.563389459000064)","Unfall 114467 (2021) Kat:3, Licht: 0","114467","3","6","3","04","09","4","","0","0","1","0","0"
"POINT (13.488330588000053 52.512407223000082)","Unfall 114470 (2021) Kat:2, Licht: 0","114470","2","2","5","09","13","6","","0","1","1","0","0"
"POINT (13.484707915000058 52.512773819000074)","Unfall 114472 (2021) Kat:3, Licht: 0","114472","3","6","2","05","09","2","","0","0","1","0","1"
"POINT (13.289351149000026 52.510565142000075)","Unfall 114473 (2021) Kat:3, Licht: 0","114473","3","3","5","11","16","5","","0","1","1","0","0"
"POINT (13.306398818000048 52.450261772000033)","Unfall 114474 (2021) Kat:3, Licht: 0","114474","3","6","3","10","13","4","","0","0","1","0","0"
"POINT (13.309373943000026 52.451363083000047)","Unfall 114476 (2021) Kat:2, Licht: 2","114476","2","1","8","07","03","2","","2","0","1","0","0"
"POINT (13.368335439000077 52.541111073000081)","Unfall 114479 (2021) Kat:3, Licht: 0","114479","3","2","5","07","18","4","","0","1","1","0","0"
"POINT (13.350987392000036 52.480752552000069)","Unfall 114483 (2021) Kat:3, Licht: 2","114483","3","7","5","08","20","2","","2","1","1","0","0"
"POINT (13.304824289000067 52.511378028000081)","Unfall 114484 (2021) Kat:3, Licht: 0","114484","3","6","3","05","16","3","","0","0","1","0","1"
"POINT (13.306736279000063 52.482907560000058)","Unfall 114489 (2021) Kat:3, Licht: 0","114489","3","6","3","06","11","5","","0","0","0","0","1"
"POINT (13.457856022000044 52.630805224000028)","Unfall 114493 (2021) Kat:3, Licht: 2","114493","3","1","8","02","06","3","","2","0","0","0","0"
"POINT (13.384432150000066 52.453480057000036)","Unfall 114495 (2021) Kat:3, Licht: 0","114495","3","6","2","09","07","3","","0","0","1","0","1"
"POINT (13.271456519000026 52.438264263000065)","Unfall 114496 (2021) Kat:3, Licht: 2","114496","3","7","5","12","19","7","","2","0","1","0","0"
"POINT (13.367192320000072 52.551663629000075)","Unfall 114497 (2021) Kat:3, Licht: 0","114497","3","6","2","10","16","5","","0","0","1","0","0"
"POINT (13.403541893000067 52.569271685000047)","Unfall 114498 (2021) Kat:3, Licht: 0","114498","3","2","6","03","11","5","","0","0","1","1","0"
"POINT (13.429852506000032 52.553499813000030)","Unfall 114501 (2021) Kat:3, Licht: 0","114501","3","7","4","04","14","3","","0","1","0","0","0"
"POINT (13.400488731000053 52.569724174000044)","Unfall 114503 (2021) Kat:3, Licht: 0","114503","3","6","3","06","16","7","","0","1","0","0","0"
"POINT (13.414503819000061 52.557028102000061)","Unfall 114505 (2021) Kat:3, Licht: 0","114505","3","2","5","09","17","6","","0","1","1","0","0"
"POINT (13.451424706000068 52.509400476000053)","Unfall 114506 (2021) Kat:2, Licht: 2","114506","2","1","0","11","03","1","","2","1","0","0","0"
"POINT (13.481121309000059 52.513135647000070)","Unfall 114507 (2021) Kat:3, Licht: 0","114507","3","6","2","10","13","7","","0","1","0","0","0"
"POINT (13.454215909000027 52.515655333000041)","Unfall 114509 (2021) Kat:2, Licht: 0","114509","2","6","3","07","15","2","","0","1","0","0","0"
"POINT (13.293067301000065 52.533689545000072)","Unfall 114515 (2021) Kat:2, Licht: 1","114515","2","6","2","08","19","5","","1","0","1","0","0"
"POINT (13.294663249000052 52.445909620000066)","Unfall 114516 (2021) Kat:3, Licht: 0","114516","3","5","1","05","11","2","","0","1","0","0","0"
"POINT (13.429879315000051 52.533259210000040)","Unfall 114520 (2021) Kat:3, Licht: 2","114520","3","3","0","06","23","1","","2","1","1","0","0"
"POINT (13.301361002000021 52.547120787000040)","Unfall 114524 (2021) Kat:2, Licht: 0","114524","2","6","0","01","08","1","","0","0","1","0","0"
"POINT (13.477353526000059 52.513376754000035)","Unfall 114527 (2021) Kat:3, Licht: 0","114527","3","2","5","12","10","5","","0","1","1","0","0"
"POINT (13.306017214000065 52.568392360000075)","Unfall 114528 (2021) Kat:3, Licht: 0","114528","3","7","0","10","12","7","","0","0","1","0","0"
"POINT (13.376934460000030 52.501918881000051)","Unfall 114529 (2021) Kat:2, Licht: 2","114529","2","2","5","07","21","6","","2","0","1","0","1"
"POINT (13.428074461000051 52.568838903000028)","Unfall 114533 (2021) Kat:3, Licht: 0","114533","3","6","2","08","14","6","","0","0","1","0","0"
"POINT (13.380777416000058 52.438253259000078)","Unfall 114534 (2021) Kat:3, Licht: 0","114534","3","1","0","11","07","3","","0","0","1","0","1"
"POINT (13.283432906000030 52.518199239000069)","Unfall 114535 (2021) Kat:3, Licht: 0","114535","3","6","3","09","08","2","","0","0","1","0","0"
"POINT (13.386056336000024 52.483565006000049)","Unfall 114537 (2021) Kat:3, Licht: 0","114537","3","6","2","07","18","5","","0","0","1","0","0"
"POINT (13.307594467000058 52.511749542000075)","Unfall 114540 (2021) Kat:3, Licht: 0","114540","3","3","5","03","16","4","","0","0","1","0","0"
"POINT (13.410915790000047 52.523338218000049)","Unfall 114542 (2021) Kat:3, Licht: 0","114542","3","4","6","09","08","4","","0","0","0","1","0"
"POINT (13.284071173000029 52.496129284000062)","Unfall 114544 (2021) Kat:3, Licht: 0","114544","3","6","2","08","08","5","","0","0","1","0","0"
"POINT (13.289276619000077 52.510560440000063)","Unfall 114545 (2021) Kat:3, Licht: 0","114545","3","2","5","05","09","3","","0","1","1","0","0"
"POINT (13.307326318000037 52.555804721000072)","Unfall 114549 (2021) Kat:2, Licht: 0","114549","2","6","3","06","11","4","","0","0","1","0","0"
"POINT (13.416023479000046 52.522159414000043)","Unfall 114550 (2021) Kat:3, Licht: 0","114550","3","6","2","04","15","1","","0","1","1","0","0"
"POINT (13.308479140000031 52.482287961000054)","Unfall 114553 (2021) Kat:3, Licht: 2","114553","3","6","2","01","17","4","","2","0","1","0","0"
"POINT (13.461800210000035 52.515083016000062)","Unfall 114556 (2021) Kat:3, Licht: 0","114556","3","7","5","05","11","3","","0","1","0","0","0"
"POINT (13.369177600000057 52.541510959000050)","Unfall 114558 (2021) Kat:3, Licht: 0","114558","3","3","5","11","13","6","","0","0","1","0","1"
"POINT (13.281488784000032 52.522165820000055)","Unfall 114559 (2021) Kat:3, Licht: 0","114559","3","6","2","10","08","3","","0","0","1","0","0"
"POINT (13.328341436000073 52.477928826000038)","Unfall 114561 (2021) Kat:2, Licht: 2","114561","2","1","9","07","23","4","","2","0","1","0","0"
"POINT (13.419925490000026 52.524938466000037)","Unfall 114565 (2021) Kat:3, Licht: 0","114565","3","2","2","08","07","4","","0","1","1","0","0"
"POINT (13.403251921000049 52.569368573000077)","Unfall 114568 (2021) Kat:2, Licht: 0","114568","2","1","0","06","11","3","","0","1","0","0","0"
"POINT (13.459483187000046 52.492910920000043)","Unfall 114571 (2021) Kat:3, Licht: 0","114571","3","7","2","03","10","2","","0","0","1","0","0"
"POINT (13.402708835000055 52.511835089000044)","Unfall 114574 (2021) Kat:2, Licht: 0","114574","2","1","0","08","11","1","","0","1","0","0","0"
"POINT (13.249660855000059 52.507988397000076)","Unfall 114575 (2021) Kat:2, Licht: 0","114575","2","2","5","12","09","4","","0","1","1","0","0"
"POINT (13.321868231000053 52.561287094000079)","Unfall 114576 (2021) Kat:3, Licht: 0","114576","3","6","2","06","19","7","","0","0","1","0","1"
"POINT (13.483369132000064 52.576736023000080)","Unfall 114577 (2021) Kat:3, Licht: 0","114577","3","6","4","10","07","6","","0","1","0","0","0"
"POINT (13.369282136000038 52.539286263000065)","Unfall 114579 (2021) Kat:2, Licht: 0","114579","2","7","5","03","17","3","","0","0","1","0","1"
"POINT (13.398215418000063 52.571321902000079)","Unfall 114582 (2021) Kat:3, Licht: 0","114582","3","6","2","04","16","7","","0","0","1","0","0"
"POINT (13.411984803000053 52.541291428000079)","Unfall 114585 (2021) Kat:3, Licht: 0","114585","3","6","2","09","17","7","","0","0","1","0","0"
"POINT (13.447499199000049 52.503515647000029)","Unfall 114586 (2021) Kat:3, Licht: 2","114586","3","6","0","11","18","3","","2","0","1","0","1"
"POINT (13.359006861000069 52.488890521000030)","Unfall 114587 (2021) Kat:3, Licht: 0","114587","3","4","0","06","14","7","","0","0","0","1","0"
"POINT (13.364199085000052 52.563688066000054)","Unfall 114588 (2021) Kat:2, Licht: 1","114588","2","3","5","10","17","2","","1","1","1","0","0"
"POINT (13.558208943000068 52.562795028000039)","Unfall 114590 (2021) Kat:3, Licht: 2","114590","3","1","0","07","02","2","","2","0","1","0","0"
"POINT (13.453742184000077 52.515933137000047)","Unfall 114594 (2021) Kat:2, Licht: 0","114594","2","3","5","07","20","1","","0","0","1","0","0"
"POINT (13.453736494000054 52.515949435000039)","Unfall 114598 (2021) Kat:2, Licht: 2","114598","2","2","5","08","23","4","","2","1","1","0","0"
"POINT (13.401944982000032 52.580604134000055)","Unfall 114599 (2021) Kat:3, Licht: 0","114599","3","4","6","05","14","6","","0","0","1","1","0"
"POINT (13.283113849000074 52.518897595000055)","Unfall 114603 (2021) Kat:3, Licht: 0","114603","3","6","2","06","09","4","","0","0","1","0","0"
"POINT (13.363175256000034 52.535821848000069)","Unfall 114607 (2021) Kat:3, Licht: 0","114607","3","2","2","02","14","4","","0","0","1","0","0"
"POINT (13.392657861000032 52.429866864000076)","Unfall 114609 (2021) Kat:3, Licht: 0","114609","3","2","0","09","08","5","","0","0","1","0","0"
"POINT (13.368958131000056 52.540724999000076)","Unfall 114610 (2021) Kat:2, Licht: 0","114610","2","6","3","05","12","3","","0","0","1","0","1"
"POINT (13.536875477000024 52.531299404000038)","Unfall 114611 (2021) Kat:3, Licht: 2","114611","3","7","6","12","19","6","","2","0","1","1","0"
"POINT (13.368770467000047 52.541051345000028)","Unfall 114612 (2021) Kat:3, Licht: 0","114612","3","2","0","10","08","4","","0","1","1","0","0"
"POINT (13.281274931000041 52.498722791000034)","Unfall 114613 (2021) Kat:3, Licht: 1","114613","3","6","2","03","16","3","","1","0","1","0","0"
"POINT (13.390642105000040 52.432773632000078)","Unfall 114616 (2021) Kat:3, Licht: 0","114616","3","2","5","04","16","6","","0","1","1","0","0"
"POINT (13.365257167000038 52.558087463000049)","Unfall 114619 (2021) Kat:3, Licht: 2","114619","3","3","5","08","22","5","","2","0","1","0","0"
"POINT (13.283029444000022 52.442064694000067)","Unfall 114620 (2021) Kat:3, Licht: 0","114620","3","6","3","11","13","7","","0","0","1","0","0"
"POINT (13.424376347000077 52.528894886000046)","Unfall 114621 (2021) Kat:2, Licht: 2","114621","2","6","2","09","21","1","","2","0","1","0","0"
"POINT (13.447951405000026 52.526314406000040)","Unfall 114623 (2021) Kat:3, Licht: 0","114623","3","2","5","07","07","3","","0","1","0","0","0"
"POINT (13.275262457000053 52.509494867000058)","Unfall 114627 (2021) Kat:3, Licht: 2","114627","3","1","1","03","18","7","","2","0","1","0","0"
"POINT (13.284193148000043 52.508028657000068)","Unfall 114628 (2021) Kat:3, Licht: 0","114628","3","6","2","09","11","3","","0","0","1","0","0"
"POINT (13.358885393000037 52.573278150000078)","Unfall 114630 (2021) Kat:3, Licht: 0","114630","3","2","2","08","12","2","","0","0","1","0","0"
"POINT (13.369614046000038 52.541566079000063)","Unfall 114631 (2021) Kat:3, Licht: 0","114631","3","6","0","06","08","4","","0","0","1","0","0"
"POINT (13.357141801000068 52.486851801000057)","Unfall 114632 (2021) Kat:2, Licht: 0","114632","2","2","3","05","11","7","","0","0","1","0","1"
"POINT (13.511754428000074 52.455074510000031)","Unfall 114635 (2021) Kat:3, Licht: 2","114635","3","6","2","11","22","3","","2","0","1","0","0"
"POINT (13.616516291000039 52.504747429000076)","Unfall 114636 (2021) Kat:3, Licht: 2","114636","3","3","5","10","21","1","","2","1","1","0","0"
"POINT (13.405321425000068 52.520394257000078)","Unfall 114638 (2021) Kat:2, Licht: 2","114638","2","1","2","07","23","7","","2","0","1","0","0"
"POINT (13.263160665000044 52.491320202000054)","Unfall 114641 (2021) Kat:2, Licht: 0","114641","2","1","0","07","14","6","","0","0","0","0","0"
"POINT (13.413719001000061 52.550537511000073)","Unfall 114645 (2021) Kat:3, Licht: 0","114645","3","2","5","08","08","2","","0","1","1","0","0"
"POINT (13.411862133000056 52.518918332000055)","Unfall 114646 (2021) Kat:3, Licht: 0","114646","3","6","2","05","11","4","","0","0","1","0","0"
"POINT (13.548579047000032 52.550942597000073)","Unfall 114651 (2021) Kat:3, Licht: 0","114651","3","4","6","06","19","6","","0","0","1","1","0"
"POINT (13.296020586000054 52.541626724000082)","Unfall 114655 (2021) Kat:3, Licht: 2","114655","3","1","9","02","19","5","","2","0","1","0","0"
"POINT (13.330008266000050 52.601710547000039)","Unfall 114657 (2021) Kat:3, Licht: 0","114657","3","6","2","09","15","7","","0","0","1","0","1"
"POINT (13.452444201000048 52.519061921000059)","Unfall 114658 (2021) Kat:3, Licht: 2","114658","3","4","6","12","18","7","","2","0","1","1","0"
"POINT (13.518408761000046 52.450710902000026)","Unfall 114659 (2021) Kat:3, Licht: 0","114659","3","6","2","10","07","4","","0","0","1","0","1"
"POINT (13.379979421000030 52.437244990000067)","Unfall 114660 (2021) Kat:3, Licht: 0","114660","3","6","3","03","14","4","","0","0","0","0","1"
"POINT (13.426390710000021 52.538318885000081)","Unfall 114663 (2021) Kat:3, Licht: 1","114663","3","7","5","04","18","2","","1","0","1","0","1"