WKT,Name,OBJECTID,UKATEGORIE,UTYP1,UART,UMONAT,USTUNDE,UWOCHENTAG,STRZUSTAND,ULICHTVERH,ISTRAD,ISTPKW,ISTFUSS,ISTKRAD
"POINT (13.281529148000061 52.522629272000074)","Unfall 114666 (2021) Kat:3, Licht: 0","114666","3","6","2","08","12","1","","0","0","1","0","0"
"POINT (13.456128943000067 52.549491800000055)","Unfall 114667 (2021) Kat:3, Licht: 0","114667","3","5","1","11","12","7","","0","1","1","0","0"
"POINT (13.612537533000022 52.504901833000076)","Unfall 114668 (2021) Kat:2, Licht: 0","114668","2","6","3","09","12","5","","0","0","1","0","1"
"POINT (13.452181528000040 52.511032042000068)","Unfall 114670 (2021) Kat:3, Licht: 0","114670","3","6","3","07","10","6","","0","1","0","0","0"
"POINT (13.322946193000064 52.512471985000047)","Unfall 114674 (2021) Kat:3, Licht: 0","114674","3","6","2","03","16","5","","0","0","1","0","1"
"POINT (13.460091054000031 52.515114864000054)","Unfall 114677 (2021) Kat:3, Licht: 0","114677","3","2","5","08","16","4","","0","1","1","0","0"
"POINT (13.126047498000048 52.478515384000048)","Unfall 114678 (2021) Kat:2, Licht: 0","114678","2","2","5","05","07","6","","0","1","1","0","0"
"POINT (13.406901771000037 52.392377293000038)","Unfall 114682 (2021) Kat:3, Licht: 0","114682","3","3","5","06","11","6","","0","1","1","0","0"
"POINT (13.548405200000047 52.551044695000030)","Unfall 114686 (2021) Kat:3, Licht: 0","114686","3","6","2","01","14","6","","0","0","1","0","0"
"POINT (13.365257795000048 52.558084203000078)","Unfall 114689 (2021) Kat:3, Licht: 1","114689","3","3","5","12","06","4","","1","0","1","0","0"
"POINT (13.365499325000030 52.557981868000070)","Unfall 114690 (2021) Kat:3, Licht: 0","114690","3","3","5","10","11","3","","0","0","1","0","0"
"POINT (13.442997646000038 52.635106745000030)","Unfall 114691 (2021) Kat:3, Licht: 0","114691","3","1","0","07","06","7","","0","0","1","0","0"
"POINT (13.388972075000027 52.497520883000050)","Unfall 114696 (2021) Kat:3, Licht: 0","114696","3","2","5","08","18","6","","0","1","1","0","0"
"POINT (13.442597883000076 52.531305679000070)","Unfall 114697 (2021) Kat:3, Licht: 2","114697","3","3","5","11","23","3","","2","1","1","0","0"
"POINT (13.261104034000027 52.435033634000035)","Unfall 114698 (2021) Kat:3, Licht: 2","114698","3","7","0","09","00","5","","2","0","0","0","1"
"POINT (13.413080739000065 52.545871808000072)","Unfall 114700 (2021) Kat:3, Licht: 0","114700","3","5","1","07","14","6","","0","1","1","0","0"
"POINT (13.370519154000021 52.540006646000052)","Unfall 114703 (2021) Kat:3, Licht: 0","114703","3","2","5","03","09","6","","0","0","1","0","0"
"POINT (13.349921905000031 52.482731771000033)","Unfall 114705 (2021) Kat:3, Licht: 0","114705","3","5","1","09","15","7","","0","1","1","0","0"
"POINT (13.488317664000022 52.512408506000043)","Unfall 114707 (2021) Kat:3, Licht: 0","114707","3","2","5","08","14","3","","0","1","1","0","0"
"POINT (13.473740379000049 52.513877815000058)","Unfall 114708 (2021) Kat:3, Licht: 0","114708","3","6","2","06","14","3","","0","0","1","0","0"
"POINT (13.475778534000028 52.513668417000076)","Unfall 114712 (2021) Kat:3, Licht: 0","114712","3","6","2","06","12","2","","0","0","1","0","0"
"POINT (13.414291935000051 52.553381967000064)","Unfall 114713 (2021) Kat:2, Licht: 0","114713","2","6","3","04","18","6","","0","1","0","0","0"
"POINT (13.419760511000050 52.524797150000040)","Unfall 114716 (2021) Kat:3, Licht: 0","114716","3","6","2","01","09","4","","0","0","1","0","1"
"POINT (13.412321752000025 52.541087801000060)","Unfall 114719 (2021) Kat:3, Licht: 0","114719","3","3","5","04","15","6","","0","1","1","0","0"
"POINT (13.368701781000027 52.506386225000028)","Unfall 114721 (2021) Kat:3, Licht: 2","114721","3","3","5","11","21","2","","2","0","1","0","0"
"POINT (13.368460883000068 52.541033656000081)","Unfall 114722 (2021) Kat:3, Licht: 1","114722","3","3","5","10","18","1","","1","0","1","0","0"
"POINT (13.285441682000055 52.494768913000030)","Unfall 114724 (2021) Kat:2, Licht: 0","114724","2","6","0","07","17","4","","0","0","1","0","1"
"POINT (13.323002304000056 52.512455653000075)","Unfall 114728 (2021) Kat:3, Licht: 2","114728","3","2","3","08","22","1","","2","0","1","0","1"
"POINT (13.308405857000025 52.556712882000056)","Unfall 114729 (2021) Kat:3, Licht: 0","114729","3","6","2","05","15","2","","0","0","1","0","0"
"POINT (13.406239043000028 52.461980485000026)","Unfall 114732 (2021) Kat:3, Licht: 0","114732","3","6","2","06","17","2","","0","0","1","0","0"
"POINT (13.314336497000056 52.453092041000048)","Unfall 114735 (2021) Kat:3, Licht: 0","114735","3","3","5","03","08","3","","0","1","1","0","0"
"POINT (13.385514442000044 52.470093570000074)","Unfall 114738 (2021) Kat:2, Licht: 0","114738","2","2","5","07","10","7","","0","0","1","0","0"
"POINT (13.402240128000074 52.586458907000065)","Unfall 114739 (2021) Kat:2, Licht: 2","114739","2","1","8","12","06","6","","2","0","1","0","0"
"POINT (13.387175955000032 52.440149129000076)","Unfall 114740 (2021) Kat:2, Licht: 2","114740","2","7","0","10","20","3","","2","0","1","0","0"
"POINT (13.378266302000043 52.434765666000033)","Unfall 114741 (2021) Kat:3, Licht: 0","114741","3","2","0","03","18","3","","0","1","1","0","0"
"POINT (13.356357434000074 52.573344238000061)","Unfall 114744 (2021) Kat:3, Licht: 0","114744","3","4","6","04","14","1","","0","0","1","1","0"
"POINT (13.301914629000066 52.549543953000068)","Unfall 114747 (2021) Kat:3, Licht: 0","114747","3","6","2","09","16","4","","0","0","1","0","0"
"POINT (13.457846824000057 52.491754371000070)","Unfall 114748 (2021) Kat:3, Licht: 2","114748","3","3","5","11","21","2","","2","1","1","0","0"
"POINT (13.414258773000029 52.540671085000042)","Unfall 114749 (2021) Kat:3, Licht: 2","114749","3","2","5","06","23","7","","2","1","1","0","0"
"POINT (13.376932649000025 52.501920905000077)","Unfall 114750 (2021) Kat:3, Licht: 0","114750","3","2","5","10","17","6","","0","1","0","0","0"
"POINT (13.481511636000050 52.512961336000046)","Unfall 114752 (2021) Kat:2, Licht: 0","114752","2","1","0","07","14","6","","0","0","0","0","1"
"POINT (13.413455971000076 52.549027211000066)","Unfall 114756 (2021) Kat:3, Licht: 1","114756","3","1","0","07","21","5","","1","1","0","0","0"
"POINT (13.297208747000070 52.510877760000028)","Unfall 114760 (2021) Kat:3, Licht: 0","114760","3","2","5","08","09","4","","0","1","1","0","0"
"POINT (13.386004477000029 52.444014846000073)","Unfall 114761 (2021) Kat:3, Licht: 0","114761","3","2","2","05","18","3","","0","1","1","0","0"
"POINT (13.389470123000024 52.496660394000060)","Unfall 114765 (2021) Kat:3, Licht: 0","114765","3","5","0","06","13","5","","0","0","1","0","0"
"POINT (13.383911159000036 52.455312304000074)","Unfall 114769 (2021) Kat:3, Licht: 0","114769","3","3","2","01","15","6","","0","0","1","0","0"
"POINT (13.348362292000047 52.481742211000039)","Unfall 114771 (2021) Kat:3, Licht: 0","114771","3","2","0","12","12","2","","0","0","1","0","0"
"POINT (13.298612219000063 52.511160025000038)","Unfall 114772 (2021) Kat:3, Licht: 0","114772","3","6","2","10","15","2","","0","0","1","0","0"
"POINT (13.369860842000037 52.515831524000077)","Unfall 114773 (2021) Kat:3, Licht: 0","114773","3","2","5","03","09","2","","0","0","1","0","0"
"POINT (13.401388120000036 52.413838344000055)","Unfall 114776 (2021) Kat:3, Licht: 0","114776","3","6","3","04","17","3","","0","0","1","0","1"
"POINT (13.460297916000059 52.515237850000062)","Unfall 114779 (2021) Kat:3, Licht: 1","114779","3","2","2","08","18","5","","1","0","1","0","0"
"POINT (13.301458898000021 52.511347607000062)","Unfall 114780 (2021) Kat:3, Licht: 0","114780","3","6","2","11","09","2","","0","0","1","0","0"
"POINT (13.374232363000033 52.509421706000069)","Unfall 114781 (2021) Kat:3, Licht: 0","114781","3","6","2","09","08","3","","0","0","1","0","0"
"POINT (13.448629723000067 52.505077899000071)","Unfall 114783 (2021) Kat:3, Licht: 0","114783","3","6","2","07","20","6","","0","1","0","0","0"
"POINT (13.357180279000033 52.473788151000065)","Unfall 114786 (2021) Kat:3, Licht: 0","114786","3","6","2","03","15","5","","0","0","1","0","0"
"POINT (13.548497701000031 52.509564816000079)","Unfall 114787 (2021) Kat:3, Licht: 0","114787","3","6","2","09","15","3","","0","0","1","0","0"
"POINT (13.461063726000077 52.489392855000062)","Unfall 114789 (2021) Kat:3, Licht: 0","114789","3","7","6","08","17","6","","0","1","0","1","0"
"POINT (13.467443744000036 52.514367340000035)","Unfall 114790 (2021) Kat:3, Licht: 0","114790","3","2","5","05","14","6","","0","1","1","0","0"
"POINT (13.444745831000034 52.545411998000077)","Unfall 114794 (2021) Kat:2, Licht: 1","114794","2","2","2","06","19","7","","1","0","1","0","0"
"POINT (13.424366223000050 52.539259918000027)","Unfall 114798 (2021) Kat:3, Licht: 2","114798","3","2","5","01","17","4","","2","0","1","0","0"
"POINT (13.386267848000045 52.488743042000067)","Unfall 114801 (2021) Kat:3, Licht: 0","114801","3","6","2","05","07","2","","0","0","1","0","0"
"POINT (13.308131246000073 52.450903087000029)","Unfall 114802 (2021) Kat:3, Licht: 1","114802","3","7","5","12","15","3","","1","0","1","0","1"
"POINT (13.260281990000067 52.435169649000045)","Unfall 114803 (2021) Kat:3, Licht: 0","114803","3","2","2","10","15","5","","0","1","1","0","0"
"POINT (13.457755047000035 52.491654757000049)","Unfall 114804 (2021) Kat:3, Licht: 0","114804","3","3","5","07","18","6","","0","0","1","0","0"
"POINT (13.447978533000025 52.546884910000074)","Unfall 114809 (2021) Kat:3, Licht: 0","114809","3","2","0","08","10","3","","0","0","1","0","0"
"POINT (13.301225311000053 52.448347093000052)","Unfall 114810 (2021) Kat:3, Licht: 2","114810","3","3","5","11","17","5","","2","0","1","0","1"
"POINT (13.388774355000066 52.498131133000072)","Unfall 114811 (2021) Kat:3, Licht: 0","114811","3","3","5","09","10","5","","0","0","1","0","0"
"POINT (13.387720429000069 52.498390046000054)","Unfall 114813 (2021) Kat:3, Licht: 0","114813","3","4","6","06","14","7","","0","1","0","1","0"
"POINT (13.474243446000060 52.513681370000029)","Unfall 114816 (2021) Kat:3, Licht: 0","114816","3","6","3","02","15","3","","0","0","1","0","0"
"POINT (13.249381241000037 52.507970785000055)","Unfall 114820 (2021) Kat:3, Licht: 0","114820","3","6","2","09","16","5","","0","0","1","0","0"
"POINT (13.267359368000029 52.436428034000073)","Unfall 114821 (2021) Kat:3, Licht: 0","114821","3","5","1","08","18","2","","0","0","1","0","0"
"POINT (13.554404328000032 52.557688648000067)","Unfall 114822 (2021) Kat:3, Licht: 2","114822","3","2","6","12","21","4","","2","0","1","1","0"
"POINT (13.228522853000072 52.506745852000051)","Unfall 114823 (2021) Kat:3, Licht: 0","114823","3","3","5","11","07","4","","0","0","1","0","1"
"POINT (13.548417375000042 52.551059382000062)","Unfall 114825 (2021) Kat:2, Licht: 0","114825","2","4","6","06","13","3","","0","0","1","1","0"
"POINT (13.385709718000044 52.467676024000070)","Unfall 114826 (2021) Kat:3, Licht: 0","114826","3","6","3","03","15","1","","0","0","1","0","0"
"POINT (13.405110380000053 52.520288022000045)","Unfall 114829 (2021) Kat:3, Licht: 0","114829","3","3","0","04","14","4","","0","1","0","0","0"
"POINT (13.262893753000071 52.491109766000079)","Unfall 114833 (2021) Kat:3, Licht: 2","114833","3","6","3","11","19","4","","2","0","1","0","0"
"POINT (13.286234398000033 52.531942675000039)","Unfall 114834 (2021) Kat:3, Licht: 0","114834","3","6","3","10","17","5","","0","0","1","0","0"
"POINT (13.365586934000078 52.472746595000046)","Unfall 114836 (2021) Kat:2, Licht: 0","114836","2","6","2","07","19","5","","0","0","1","0","1"
"POINT (13.287189020000028 52.494301782000036)","Unfall 114840 (2021) Kat:3, Licht: 0","114840","3","6","2","06","15","3","","0","0","1","0","0"
"POINT (13.433026847000065 52.536315442000046)","Unfall 114844 (2021) Kat:3, Licht: 0","114844","3","6","2","01","13","5","","0","0","1","0","0"
"POINT (13.493404446000056 52.467827771000032)","Unfall 114847 (2021) Kat:3, Licht: 0","114847","3","6","2","05","16","2","","0","0","1","0","0"
"POINT (13.303808470000035 52.449288298000056)","Unfall 114848 (2021) Kat:3, Licht: 1","114848","3","4","6","12","17","2","","1","1","0","1","0"
"POINT (13.506360061000066 52.510652415000038)","Unfall 114849 (2021) Kat:3, Licht: 0","114849","3","6","2","10","16","6","","0","0","1","0","0"
"POINT (13.332601457000067 52.463974404000055)","Unfall 114850 (2021) Kat:2, Licht: 0","114850","2","7","7","07","16","2","","0","0","0","0","1"
"POINT (13.297167455000022 52.510874979000050)","Unfall 114855 (2021) Kat:3, Licht: 0","114855","3","6","2","08","13","3","","0","0","1","0","0"
"POINT (13.302509235000059 52.511415484000054)","Unfall 114856 (2021) Kat:3, Licht: 2","114856","3","4","6","11","18","2","","2","0","0","1","0"
"POINT (13.429656494000028 52.554233734000036)","Unfall 114857 (2021) Kat:3, Licht: 0","114857","3","2","2","09","09","3","","0","1","1","0","0"
"POINT (13.220423256000061 52.428862005000042)","Unfall 114859 (2021) Kat:3, Licht: 0","114859","3","5","1","06","18","4","","0","0","1","0","0"
"POINT (13.423684289000050 52.528290758000026)","Unfall 114862 (2021) Kat:3, Licht: 0","114862","3","2","6","02","15","6","","0","0","1","1","0"
"POINT (13.397276409000028 52.517590449000068)","Unfall 114866 (2021) Kat:3, Licht: 0","114866","3","4","6","09","06","3","","0","1","0","1","0"
"POINT (13.459180031000074 52.492944954000052)","Unfall 114867 (2021) Kat:2, Licht: 0","114867","2","7","0","08","15","2","","0","0","0","0","0"
"POINT (13.460755730000074 52.493877194000049)","Unfall 114868 (2021) Kat:3, Licht: 0","114868","3","3","5","05","11","6","","0","1","1","0","0"
"POINT (13.457262268000022 52.515397986000039)","Unfall 114871 (2021) Kat:3, Licht: 0","114871","3","2","5","06","09","2","","0","1","1","0","0"
"POINT (13.310934450000047 52.559914105000075)","Unfall 114872 (2021) Kat:3, Licht: 2","114872","3","6","2","04","17","3","","2","0","1","0","0"
"POINT (13.300300293000078 52.511080101000061)","Unfall 114875 (2021) Kat:3, Licht: 0","114875","3","4","6","01","08","3","","0","0","1","1","0"
"POINT (13.474301750000052 52.513675003000060)","Unfall 114879 (2021) Kat:3, Licht: 0","114879","3","7","6","11","14","5","","0","0","1","1","0"
"POINT (13.369709770000043 52.541612568000062)","Unfall 114880 (2021) Kat:3, Licht: 0","114880","3","2","5","10","08","3","","0","0","1","0","0"
"POINT (13.512266111000031 52.454899776000047)","Unfall 114882 (2021) Kat:3, Licht: 0","114882","3","3","5","07","09","3","","0","0","1","0","0"
"POINT (13.369900231000031 52.541801520000035)","Unfall 114886 (2021) Kat:3, Licht: 0","114886","3","2","0","08","10","3","","0","1","0","0","0"
"POINT (13.584442013000057 52.505049984000038)","Unfall 114887 (2021) Kat:3, Licht: 0","114887","3","3","5","05","08","5","","0","1","0","0","0"
"POINT (13.305542142000036 52.569349297000031)","Unfall 114891 (2021) Kat:3, Licht: 0","114891","3","6","2","06","08","2","","0","0","1","0","0"
"POINT (13.293132705000062 52.510803645000067)","Unfall 114895 (2021) Kat:3, Licht: 0","114895","3","7","6","02","12","5","","0","0","1","1","0"
"POINT (13.414373438000041 52.552172490000032)","Unfall 114897 (2021) Kat:3, Licht: 0","114897","3","3","5","09","15","5","","0","1","0","0","0"
"POINT (13.386084687000050 52.489079918000073)","Unfall 114898 (2021) Kat:3, Licht: 0","114898","3","7","1","12","10","3","","0","0","1","0","0"
"POINT (13.460023875000047 52.515121556000054)","Unfall 114899 (2021) Kat:3, Licht: 1","114899","3","2","5","10","17","2","","1","1","1","0","0"
"POINT (13.616521955000053 52.504747056000042)","Unfall 114900 (2021) Kat:3, Licht: 0","114900","3","3","5","03","10","3","","0","1","1","0","0"
"POINT (13.329275600000074 52.602325176000079)","Unfall 114903 (2021) Kat:3, Licht: 0","114903","3","2","5","04","13","2","","0","0","1","0","1"
"POINT (13.399026961000061 52.573549748000062)","Unfall 114905 (2021) Kat:3, Licht: 0","114905","3","6","3","06","16","6","","0","0","1","0","0"
"POINT (13.351841022000031 52.480382626000051)","Unfall 114907 (2021) Kat:3, Licht: 0","114907","3","7","5","09","07","4","","0","0","1","0","1"
"POINT (13.613420174000055 52.504894495000030)","Unfall 114908 (2021) Kat:3, Licht: 1","114908","3","2","5","11","06","3","","1","1","1","0","0"
"POINT (13.377175994000027 52.432478628000069)","Unfall 114909 (2021) Kat:3, Licht: 0","114909","3","2","6","10","12","3","","0","0","0","1","0"
"POINT (13.344632767000064 52.478109836000044)","Unfall 114911 (2021) Kat:3, Licht: 0","114911","3","6","2","07","17","5","","0","0","1","0","0"
"POINT (13.454143019000071 52.515485788000035)","Unfall 114918 (2021) Kat:3, Licht: 2","114918","3","6","3","08","02","5","","2","1","1","0","0"
"POINT (13.315087678000054 52.479165208000040)","Unfall 114919 (2021) Kat:3, Licht: 0","114919","3","6","2","05","16","2","","0","0","1","0","0"
"POINT (13.363463677000027 52.500506852000058)","Unfall 114923 (2021) Kat:3, Licht: 0","114923","3","6","6","06","12","5","","0","1","1","1","0"
"POINT (13.390440856000055 52.618594110000060)","Unfall 114927 (2021) Kat:2, Licht: 2","114927","2","2","5","02","18","2","","2","0","1","0","0"
"POINT (13.255431330000022 52.610188965000077)","Unfall 114930 (2021) Kat:3, Licht: 1","114930","3","6","3","12","07","4","","1","0","1","0","0"
"POINT (13.331298648000029 52.463079810000067)","Unfall 114931 (2021) Kat:2, Licht: 0","114931","2","6","3","10","11","3","","0","0","0","0","1"
"POINT (13.412830796000037 52.546196093000049)","Unfall 114934 (2021) Kat:2, Licht: 0","114934","2","6","6","04","08","2","","0","1","0","1","0"
"POINT (13.280861524000045 52.500815616000068)","Unfall 114937 (2021) Kat:3, Licht: 0","114937","3","6","2","09","13","4","","0","0","1","0","0"
"POINT (13.424000950000050 52.539102178000064)","Unfall 114938 (2021) Kat:3, Licht: 2","114938","3","2","5","11","17","5","","2","1","1","0","0"
"POINT (13.385765500000048 52.480193838000048)","Unfall 114939 (2021) Kat:3, Licht: 2","114939","3","2","5","09","22","1","","2","1","1","0","0"
"POINT (13.418627245000039 52.524276194000038)","Unfall 114941 (2021) Kat:3, Licht: 0","114941","3","3","5","06","14","3","","0","0","0","0","0"
"POINT (13.404590744000075 52.520022398000037)","Unfall 114944 (2021) Kat:3, Licht: 0","114944","3","2","5","03","07","5","","0","1","1","0","0"
"POINT (13.385517630000038 52.470301854000070)","Unfall 114946 (2021) Kat:3, Licht: 0","114946","3","6","3","09","09","1","","0","0","1","0","0"
"POINT (13.590991238000072 52.505088398000055)","Unfall 114948 (2021) Kat:3, Licht: 0","114948","3","2","5","08","08","5","","0","1","1","0","0"
"POINT (13.448351893000051 52.504657406000035)","Unfall 114949 (2021) Kat:3, Licht: 0","114949","3","6","3","05","19","3","","0","1","0","0","0"
"POINT (13.390496862000077 52.433033174000059)","Unfall 114953 (2021) Kat:3, Licht: 0","114953","3","6","2","06","16","6","","0","1","1","0","0"
"POINT (13.369245458000023 52.420692350000081)","Unfall 114957 (2021) Kat:3, Licht: 0","114957","3","2","5","01","10","6","","0","0","1","0","0"
"POINT (13.282817507000061 52.497316948000048)","Unfall 114960 (2021) Kat:3, Licht: 0","114960","3","6","3","05","18","7","","0","0","1","0","0"
"POINT (13.506700411000054 52.458764448000068)","Unfall 114961 (2021) Kat:3, Licht: 2","114961","3","2","5","12","16","4","","2","1","1","0","0"
"POINT (13.350681389000044 52.475575145000050)","Unfall 114962 (2021) Kat:3, Licht: 0","114962","3","7","0","10","15","5","","0","0","0","0","1"
"POINT (13.389471985000057 52.496652904000030)","Unfall 114963 (2021) Kat:3, Licht: 0","114963","3","6","2","07","19","7","","0","0","1","0","0"
"POINT (13.409191200000066 52.516757550000079)","Unfall 114967 (2021) Kat:3, Licht: 0","114967","3","3","5","08","13","1","","0","0","1","0","0"
"POINT (13.359024517000023 52.573404206000077)","Unfall 114968 (2021) Kat:3, Licht: 0","114968","3","2","5","11","11","7","","0","0","1","0","0"
"POINT (13.420358873000055 52.525306209000064)","Unfall 114969 (2021) Kat:3, Licht: 2","114969","3","4","6","09","23","6","","2","1","0","1","0"
"POINT (13.322882306000054 52.512861887000042)","Unfall 114971 (2021) Kat:3, Licht: 0","114971","3","6","3","06","17","4","","0","0","1","0","0"
"POINT (13.368479908000040 52.541022852000026)","Unfall 114974 (2021) Kat:3, Licht: 0","114974","3","2","5","03","13","3","","0","1","1","0","0"
"POINT (13.361752652000064 52.497156985000061)","Unfall 114978 (2021) Kat:3, Licht: 0","114978","3","2","5","09","12","4","","0","0","1","0","0"
"POINT (13.420336473000077 52.539891829000055)","Unfall 114979 (2021) Kat:3, Licht: 0","114979","3","2","5","08","08","4","","0","1","1","0","0"
"POINT (13.260567650000041 52.434983858000066)","Unfall 114980 (2021) Kat:3, Licht: 2","114980","3","6","2","12","19","7","","2","0","1","0","0"
"POINT (13.460081244000037 52.515115841000068)","Unfall 114981 (2021) Kat:3, Licht: 2","114981","3","2","5","10","19","2","","2","1","1","0","0"
"POINT (13.459541478000062 52.492954974000043)","Unfall 114983 (2021) Kat:3, Licht: 2","114983","3","1","0","07","04","1","","2","1","0","0","0"
"POINT (13.395766380000055 52.466975396000066)","Unfall 114984 (2021) Kat:3, Licht: 0","114984","3","6","2","04","15","3","","0","0","1","0","0"
"POINT (13.281709223000064 52.498234114000070)","Unfall 114987 (2021) Kat:3, Licht: 0","114987","3","6","2","04","14","4","","0","0","1","0","1"
"POINT (13.273983747000045 52.499596773000064)","Unfall 114990 (2021) Kat:3, Licht: 0","114990","3","6","2","09","16","4","","0","0","1","0","0"
"POINT (13.598648191000052 52.504879469000059)","Unfall 114992 (2021) Kat:3, Licht: 0","114992","3","2","5","11","09","2","","0","0","1","0","0"
"POINT (13.390435448000062 52.618603485000051)","Unfall 114993 (2021) Kat:3, Licht: 0","114993","3","2","5","10","17","5","","0","0","1","0","0"
"POINT (13.447534013000052 52.526267187000030)","Unfall 114995 (2021) Kat:3, Licht: 2","114995","3","3","5","07","00","4","","2","1","1","0","0"
"POINT (13.459161009000070 52.492930744000034)","Unfall 114997 (2021) Kat:3, Licht: 0","114997","3","2","5","07","16","2","","0","0","1","0","0"
"POINT (13.447951405000026 52.526314406000040)","Unfall 115001 (2021) Kat:3, Licht: 0","115001","3","2","5","08","09","2","","0","1","0","0","0"
"POINT (13.418535648000045 52.523701863000042)","Unfall 115002 (2021) Kat:3, Licht: 1","115002","3","6","3","05","20","3","","1","0","1","0","0"
"POINT (13.324745197000027 52.457812279000052)","Unfall 115007 (2021) Kat:3, Licht: 0","115007","3","6","2","06","14","5","","0","0","1","0","0"
"POINT (13.295468826000047 52.649020415000052)","Unfall 115011 (2021) Kat:3, Licht: 2","115011","3","1","8","02","21","2","","2","0","1","0","0"
"POINT (13.388057687000071 52.493272419000050)","Unfall 115013 (2021) Kat:3, Licht: 2","115013","3","4","2","09","05","1","","2","0","1","1","0"
"POINT (13.446050087000060 52.463102242000048)","Unfall 115014 (2021) Kat:3, Licht: 0","115014","3","6","3","12","10","6","","0","0","1","0","0"
"POINT (13.447555104000060 52.602183255000057)","Unfall 115015 (2021) Kat:2, Licht: 2","115015","2","6","2","10","19","1","","2","0","1","0","0"
"POINT (13.385040278000076 52.461401648000049)","Unfall 115016 (2021) Kat:3, Licht: 0","115016","3","6","2","03","11","4","","0","0","1","0","0"
"POINT (13.416384430000051 52.522004397000046)","Unfall 115019 (2021) Kat:2, Licht: 1","115019","2","3","5","04","20","3","","1","0","1","0","0"
"POINT (13.467616940000028 52.514350215000036)","Unfall 115022 (2021) Kat:3, Licht: 0","115022","3","6","2","09","13","7","","0","0","1","0","0"
"POINT (13.133656906000056 52.483798164000063)","Unfall 115023 (2021) Kat:3, Licht: 1","115023","3","7","8","11","16","4","","1","0","1","0","0"
"POINT (13.250040735000027 52.508011807000059)","Unfall 115024 (2021) Kat:3, Licht: 0","115024","3","6","2","10","15","7","","0","0","1","0","0"
"POINT (13.249450087000071 52.507975128000055)","Unfall 115026 (2021) Kat:3, Licht: 2","115026","3","6","2","07","23","7","","2","0","1","0","0"
"POINT (13.370572470000070 52.539974793000056)","Unfall 115033 (2021) Kat:3, Licht: 0","115033","3","6","2","08","18","5","","0","0","1","0","1"
"POINT (13.384731377000037 52.451866900000027)","Unfall 115034 (2021) Kat:2, Licht: 0","115034","2","3","5","05","14","2","","0","1","0","0","0"
"POINT (13.395380293000073 52.467143957000076)","Unfall 115038 (2021) Kat:3, Licht: 0","115038","3","6","2","06","06","5","","0","0","1","0","0"
"POINT (13.431417655000075 52.462087558000064)","Unfall 115042 (2021) Kat:3, Licht: 2","115042","3","3","5","01","20","2","","2","0","1","0","0"
"POINT (13.289208417000054 52.510556137000037)","Unfall 115047 (2021) Kat:3, Licht: 0","115047","3","2","5","08","10","4","","0","1","1","0","0"
"POINT (13.338172232000034 52.478523571000039)","Unfall 115048 (2021) Kat:3, Licht: 0","115048","3","6","2","05","17","4","","0","0","1","0","0"
"POINT (13.205941376000055 52.511225855000077)","Unfall 115052 (2021) Kat:2, Licht: 0","115052","2","2","5","06","17","4","","0","0","1","0","1"
"POINT (13.524755366000022 52.509823513000072)","Unfall 115056 (2021) Kat:3, Licht: 1","115056","3","7","0","02","16","7","","1","0","1","0","0"
"POINT (13.463238448000027 52.514801479000027)","Unfall 115058 (2021) Kat:3, Licht: 0","115058","3","2","2","09","16","1","","0","1","1","0","0"
"POINT (13.368179608000048 52.505543871000043)","Unfall 115059 (2021) Kat:3, Licht: 2","115059","3","6","0","12","18","7","","2","0","1","0","1"
"POINT (13.321684323000056 52.561541132000059)","Unfall 115060 (2021) Kat:2, Licht: 2","115060","2","1","0","10","22","3","","2","0","0","0","1"
"POINT (13.365500620000034 52.557975515000066)","Unfall 115061 (2021) Kat:3, Licht: 0","115061","3","3","5","03","13","6","","0","0","1","0","0"
"POINT (13.294771867000065 52.539130917000080)","Unfall 115064 (2021) Kat:3, Licht: 0","115064","3","6","2","04","16","4","","0","0","1","0","0"
"POINT (13.282017945000064 52.520873098000038)","Unfall 115067 (2021) Kat:3, Licht: 0","115067","3","6","2","09","11","6","","0","0","1","0","0"
"POINT (13.384454465000033 52.453356972000051)","Unfall 115068 (2021) Kat:3, Licht: 0","115068","3","4","6","11","16","5","","0","0","1","1","0"
"POINT (13.411472404000051 52.518495422000058)","Unfall 115069 (2021) Kat:3, Licht: 0","115069","3","2","0","10","15","3","","0","1","1","0","0"
"POINT (13.349009231000025 52.475163984000062)","Unfall 115071 (2021) Kat:3, Licht: 0","115071","3","6","2","07","14","5","","0","0","1","0","0"
"POINT (13.348403116000043 52.481929136000076)","Unfall 115078 (2021) Kat:3, Licht: 0","115078","3","2","5","08","15","6","","0","1","1","0","0"
"POINT (13.299222140000040 52.488660010000046)","Unfall 115079 (2021) Kat:3, Licht: 0","115079","3","6","2","05","15","4","","0","0","1","0","0"
"POINT (13.368594270000074 52.506209935000072)","Unfall 115083 (2021) Kat:3, Licht: 0","115083","3","3","5","06","05","5","","0","0","1","0","0"
"POINT (13.484457209000027 52.512798469000074)","Unfall 115087 (2021) Kat:3, Licht: 2","115087","3","2","5","01","16","6","","2","1","1","0","0"
"POINT (13.361763771000028 52.413611446000061)","Unfall 115090 (2021) Kat:2, Licht: 2","115090","2","4","6","12","17","6","","2","0","1","1","0"
"POINT (13.283882101000074 52.496379193000053)","Unfall 115091 (2021) Kat:3, Licht: 1","115091","3","6","2","10","16","6","","1","0","1","0","0"