WKT,Name,OBJECTID,UKATEGORIE,UTYP1,UART,UMONAT,USTUNDE,UWOCHENTAG,STRZUSTAND,ULICHTVERH,ISTRAD,ISTPKW,ISTFUSS,ISTKRAD
"POINT (13.310548851000021 52.481535911000037)","Unfall 115096 (2021) Kat:3, Licht: 0","115096","3","6","2","08","16","6","","0","0","1","0","0"
"POINT (13.418008821000058 52.523720242000081)","Unfall 115097 (2021) Kat:3, Licht: 0","115097","3","6","3","11","09","5","","0","1","0","0","0"
"POINT (13.285728956000071 52.531630112000073)","Unfall 115098 (2021) Kat:2, Licht: 0","115098","2","6","2","09","13","2","","0","0","1","0","0"
"POINT (13.398257346000037 52.577975371000036)","Unfall 115100 (2021) Kat:3, Licht: 0","115100","3","6","2","07","14","5","","0","0","1","0","0"
"POINT (13.399907768000048 52.416465716000062)","Unfall 115103 (2021) Kat:2, Licht: 0","115103","2","4","6","03","15","6","","0","0","1","1","0"
"POINT (13.394552751000049 52.517312341000036)","Unfall 115105 (2021) Kat:3, Licht: 0","115105","3","6","0","09","07","3","","0","1","0","0","0"
"POINT (13.305606869000030 52.511619061000033)","Unfall 115107 (2021) Kat:3, Licht: 0","115107","3","6","3","08","10","2","","0","1","1","0","0"
"POINT (13.282613821000041 52.497475378000047)","Unfall 115108 (2021) Kat:3, Licht: 0","115108","3","7","2","05","11","6","","0","0","1","0","0"
"POINT (13.355584591000024 52.485701759000051)","Unfall 115109 (2021) Kat:3, Licht: 2","115109","3","5","1","12","19","2","","2","1","1","0","0"
"POINT (13.384518294000031 52.453004889000056)","Unfall 115112 (2021) Kat:3, Licht: 0","115112","3","6","2","06","15","2","","0","0","1","0","0"
"POINT (13.459158855000055 52.492929135000054)","Unfall 115116 (2021) Kat:3, Licht: 2","115116","3","2","6","01","17","3","","2","0","1","1","0"
"POINT (13.451884560000053 52.519889173000081)","Unfall 115119 (2021) Kat:3, Licht: 1","115119","3","1","0","04","18","6","","1","1","0","0","0"
"POINT (13.185992164000027 52.515247173000034)","Unfall 115120 (2021) Kat:3, Licht: 0","115120","3","6","2","12","07","3","","0","0","1","0","0"
"POINT (13.367211501000043 52.551941756000076)","Unfall 115121 (2021) Kat:3, Licht: 0","115121","3","6","2","10","15","6","","0","0","1","0","0"
"POINT (13.467619433000038 52.514502754000034)","Unfall 115123 (2021) Kat:3, Licht: 0","115123","3","3","5","07","16","6","","0","0","1","0","1"
"POINT (13.429855684000074 52.553487887000074)","Unfall 115126 (2021) Kat:3, Licht: 0","115126","3","6","3","08","08","4","","0","1","1","0","0"
"POINT (13.418556098000067 52.523720567000055)","Unfall 115127 (2021) Kat:3, Licht: 2","115127","3","6","2","09","21","7","","2","0","1","0","0"
"POINT (13.384406935000072 52.453620343000068)","Unfall 115129 (2021) Kat:3, Licht: 0","115129","3","6","2","06","14","4","","0","0","1","0","0"
"POINT (13.314690864000056 52.512212542000043)","Unfall 115132 (2021) Kat:3, Licht: 0","115132","3","2","5","02","09","3","","0","1","1","0","0"
"POINT (13.386010716000044 52.443981299000029)","Unfall 115136 (2021) Kat:3, Licht: 0","115136","3","3","5","09","17","6","","0","0","1","0","0"
"POINT (13.384636912000076 52.452365791000034)","Unfall 115137 (2021) Kat:3, Licht: 0","115137","3","6","3","08","14","5","","0","0","0","0","1"
"POINT (13.281269108000060 52.499072800000079)","Unfall 115138 (2021) Kat:3, Licht: 2","115138","3","6","2","12","17","6","","2","0","1","0","0"
"POINT (13.391343439000025 52.431533085000069)","Unfall 115139 (2021) Kat:2, Licht: 0","115139","2","7","5","06","14","7","","0","1","0","0","0"
"POINT (13.297162925000066 52.511063877000026)","Unfall 115140 (2021) Kat:3, Licht: 2","115140","3","2","6","10","21","2","","2","0","1","1","0"
"POINT (13.457697495000048 52.491693002000034)","Unfall 115142 (2021) Kat:3, Licht: 0","115142","3","3","5","07","20","4","","0","0","1","0","0"
"POINT (13.305621434000045 52.511620031000064)","Unfall 115143 (2021) Kat:2, Licht: 0","115143","2","7","5","03","10","4","","0","0","1","0","0"
"POINT (13.199431295000068 52.439931120000040)","Unfall 115146 (2021) Kat:3, Licht: 2","115146","3","7","0","04","04","2","","2","0","1","0","0"
"POINT (13.295507361000034 52.510954526000035)","Unfall 115148 (2021) Kat:3, Licht: 0","115148","3","4","6","06","15","7","","0","0","1","1","0"
"POINT (13.460272353000050 52.515096812000081)","Unfall 115150 (2021) Kat:3, Licht: 2","115150","3","6","6","09","22","5","","2","1","0","1","0"
"POINT (13.304166306000070 52.511334666000039)","Unfall 115152 (2021) Kat:3, Licht: 0","115152","3","7","6","11","09","3","","0","0","1","1","0"
"POINT (13.428120798000066 52.518933294000078)","Unfall 115153 (2021) Kat:3, Licht: 0","115153","3","6","3","10","14","4","","0","0","1","0","0"
"POINT (13.271420563000049 52.438252421000072)","Unfall 115155 (2021) Kat:3, Licht: 2","115155","3","2","5","07","22","6","","2","1","0","0","0"
"POINT (13.366712819000043 52.552483749000032)","Unfall 115158 (2021) Kat:3, Licht: 2","115158","3","5","1","07","23","2","","2","1","1","0","0"
"POINT (13.282053424000026 52.521217746000048)","Unfall 115162 (2021) Kat:3, Licht: 0","115162","3","6","2","08","09","4","","0","0","1","0","0"
"POINT (13.368616115000066 52.506760695000082)","Unfall 115163 (2021) Kat:3, Licht: 0","115163","3","6","2","05","08","4","","0","0","1","0","0"
"POINT (13.364797476000035 52.560475438000026)","Unfall 115168 (2021) Kat:2, Licht: 2","115168","2","5","1","06","23","4","","2","1","1","0","0"
"POINT (13.243931987000053 52.507631298000035)","Unfall 115172 (2021) Kat:3, Licht: 0","115172","3","6","3","02","11","5","","0","0","1","0","0"
"POINT (13.346428812000056 52.514329030000056)","Unfall 115174 (2021) Kat:3, Licht: 2","115174","3","5","1","09","21","2","","2","1","1","0","0"
"POINT (13.536974810000061 52.533019339000077)","Unfall 115175 (2021) Kat:3, Licht: 0","115175","3","3","2","12","15","5","","0","1","1","0","0"
"POINT (13.573736328000052 52.505331522000063)","Unfall 115176 (2021) Kat:2, Licht: 2","115176","2","4","6","10","18","4","","2","1","0","1","0"
"POINT (13.385499066000023 52.469644746000029)","Unfall 115177 (2021) Kat:3, Licht: 0","115177","3","6","2","03","16","6","","0","0","1","0","0"
"POINT (13.325163182000040 52.606379170000082)","Unfall 115180 (2021) Kat:3, Licht: 0","115180","3","3","5","04","10","3","","0","1","1","0","0"
"POINT (13.279522075000045 52.509778240000060)","Unfall 115183 (2021) Kat:2, Licht: 0","115183","2","1","0","08","08","2","","0","1","0","0","0"
"POINT (13.369600427000023 52.528878450000036)","Unfall 115184 (2021) Kat:2, Licht: 1","115184","2","7","0","11","16","2","","1","0","0","0","0"
"POINT (13.324620240000058 52.607040774000041)","Unfall 115185 (2021) Kat:3, Licht: 0","115185","3","3","5","10","11","6","","0","0","1","0","0"
"POINT (13.306524300000035 52.480500994000067)","Unfall 115187 (2021) Kat:3, Licht: 0","115187","3","6","3","07","13","7","","0","0","1","0","1"
"POINT (13.311076794000030 52.451990568000042)","Unfall 115193 (2021) Kat:3, Licht: 0","115193","3","1","8","08","06","7","","0","0","0","0","0"
"POINT (13.378161537000040 52.470082312000045)","Unfall 115194 (2021) Kat:3, Licht: 0","115194","3","6","3","06","12","6","","0","0","1","0","1"
"POINT (13.479463987000031 52.484511321000070)","Unfall 115195 (2021) Kat:3, Licht: 0","115195","3","3","5","05","18","1","","0","1","1","0","0"
"POINT (13.581409902000075 52.505085815000029)","Unfall 115199 (2021) Kat:2, Licht: 0","115199","2","2","6","06","07","2","","0","0","1","1","0"
"POINT (13.451411180000036 52.509371838000050)","Unfall 115203 (2021) Kat:3, Licht: 0","115203","3","2","0","01","15","3","","0","1","1","0","0"
"POINT (13.493692744000043 52.511694863000059)","Unfall 115206 (2021) Kat:3, Licht: 0","115206","3","6","3","12","12","2","","0","0","1","0","0"
"POINT (13.488688990000071 52.512222396000027)","Unfall 115207 (2021) Kat:3, Licht: 0","115207","3","7","0","10","13","6","","0","0","0","0","1"
"POINT (13.341520970000033 52.586010410000029)","Unfall 115208 (2021) Kat:2, Licht: 0","115208","2","4","6","07","09","6","","0","0","0","1","0"
"POINT (13.563739860000055 52.507999986000073)","Unfall 115213 (2021) Kat:2, Licht: 0","115213","2","2","5","08","10","5","","0","1","0","0","0"
"POINT (13.348466014000053 52.481696562000081)","Unfall 115214 (2021) Kat:2, Licht: 2","115214","2","2","6","11","00","5","","2","0","1","1","0"
"POINT (13.414783951000061 52.555097558000057)","Unfall 115215 (2021) Kat:3, Licht: 0","115215","3","3","5","09","14","6","","0","1","1","0","0"
"POINT (13.365258151000035 52.558082360000071)","Unfall 115217 (2021) Kat:3, Licht: 0","115217","3","3","0","06","08","2","","0","1","1","0","0"
"POINT (13.457069672000046 52.549554675000081)","Unfall 115220 (2021) Kat:2, Licht: 0","115220","2","4","6","03","11","5","","0","0","1","1","0"
"POINT (13.451672850000023 52.509925849000069)","Unfall 115222 (2021) Kat:3, Licht: 1","115222","3","6","2","09","17","7","","1","1","1","0","0"
"POINT (13.301393929000028 52.511153223000065)","Unfall 115224 (2021) Kat:3, Licht: 0","115224","3","2","5","08","15","7","","0","1","0","0","0"
"POINT (13.401014590000045 52.415097657000047)","Unfall 115225 (2021) Kat:3, Licht: 2","115225","3","7","6","12","18","4","","2","0","0","1","0"
"POINT (13.386705947000053 52.490419224000050)","Unfall 115228 (2021) Kat:3, Licht: 0","115228","3","4","2","06","10","4","","0","1","0","1","0"
"POINT (13.474297932000070 52.513675420000027)","Unfall 115229 (2021) Kat:3, Licht: 0","115229","3","7","1","04","07","1","","0","0","1","0","0"
"POINT (13.368580513000040 52.541071341000077)","Unfall 115232 (2021) Kat:2, Licht: 2","115232","2","2","5","01","18","3","","2","0","1","0","0"
"POINT (13.282976408000025 52.506110450000051)","Unfall 115235 (2021) Kat:2, Licht: 0","115235","2","6","3","05","14","6","","0","0","1","0","0"
"POINT (13.459879575000059 52.456601512000077)","Unfall 115237 (2021) Kat:3, Licht: 2","115237","3","7","0","11","00","6","","2","0","1","0","0"
"POINT (13.401681579000069 52.589699994000057)","Unfall 115238 (2021) Kat:3, Licht: 0","115238","3","3","5","10","14","3","","0","0","1","0","0"
"POINT (13.451459953000040 52.509475102000067)","Unfall 115240 (2021) Kat:3, Licht: 0","115240","3","2","5","07","18","3","","0","1","1","0","0"
"POINT (13.289200207000022 52.510389407000048)","Unfall 115244 (2021) Kat:3, Licht: 1","115244","3","2","5","08","19","3","","1","1","1","0","0"
"POINT (13.376847251000072 52.502007720000051)","Unfall 115245 (2021) Kat:2, Licht: 0","115245","2","2","6","05","16","1","","0","0","1","1","0"
"POINT (13.295686537000051 52.540465288000064)","Unfall 115246 (2021) Kat:3, Licht: 0","115246","3","6","2","12","12","4","","0","0","1","0","0"
"POINT (13.476365157000032 52.568085748000044)","Unfall 115247 (2021) Kat:3, Licht: 0","115247","3","3","5","10","09","5","","0","1","1","0","0"
"POINT (13.364120830000047 52.534718814000030)","Unfall 115248 (2021) Kat:3, Licht: 0","115248","3","6","3","07","11","5","","0","0","1","0","0"
"POINT (13.271385539000050 52.438240887000063)","Unfall 115252 (2021) Kat:3, Licht: 0","115252","3","2","5","09","13","4","","0","1","1","0","0"
"POINT (13.365489771000057 52.558028757000045)","Unfall 115253 (2021) Kat:3, Licht: 0","115253","3","3","5","11","08","2","","0","1","1","0","0"
"POINT (13.547643479000044 52.549844048000068)","Unfall 115254 (2021) Kat:3, Licht: 2","115254","3","6","3","09","20","4","","2","1","1","0","0"
"POINT (13.385642717000053 52.439902774000075)","Unfall 115256 (2021) Kat:3, Licht: 0","115256","3","6","2","06","11","2","","0","0","1","0","0"
"POINT (13.405150636000030 52.520077777000040)","Unfall 115259 (2021) Kat:3, Licht: 2","115259","3","7","2","03","18","6","","2","0","1","0","1"
"POINT (13.346632779000061 52.579347883000082)","Unfall 115261 (2021) Kat:3, Licht: 0","115261","3","3","2","09","17","3","","0","0","1","0","1"
"POINT (13.452406268000061 52.548696716000052)","Unfall 115263 (2021) Kat:3, Licht: 0","115263","3","6","2","08","17","6","","0","1","1","0","0"
"POINT (13.399219875000028 52.574277451000057)","Unfall 115264 (2021) Kat:3, Licht: 0","115264","3","3","5","06","15","4","","0","0","1","0","1"
"POINT (13.476449248000051 52.568125141000053)","Unfall 115265 (2021) Kat:3, Licht: 0","115265","3","2","5","05","08","6","","0","1","1","0","0"
"POINT (13.347663369000031 52.574630926000054)","Unfall 115266 (2021) Kat:3, Licht: 0","115266","3","6","2","12","14","3","","0","0","1","0","0"
"POINT (13.385491070000057 52.467597247000072)","Unfall 115269 (2021) Kat:3, Licht: 0","115269","3","7","6","06","18","1","","0","1","0","1","0"
"POINT (13.368359548000058 52.506329814000026)","Unfall 115273 (2021) Kat:3, Licht: 2","115273","3","2","6","01","05","5","","2","0","1","1","0"
"POINT (13.414105363000033 52.550745187000075)","Unfall 115277 (2021) Kat:3, Licht: 1","115277","3","2","5","11","17","5","","1","1","1","0","0"
"POINT (13.221693131000052 52.508047631000068)","Unfall 115278 (2021) Kat:2, Licht: 0","115278","2","1","9","10","09","5","","0","1","0","0","0"
"POINT (13.360115575000066 52.571710170000074)","Unfall 115280 (2021) Kat:3, Licht: 0","115280","3","3","5","07","10","3","","0","0","1","0","0"
"POINT (13.414068928000063 52.550562757000080)","Unfall 115284 (2021) Kat:2, Licht: 0","115284","2","2","5","08","12","3","","0","0","1","0","1"
"POINT (13.388907692000032 52.497612473000061)","Unfall 115285 (2021) Kat:3, Licht: 0","115285","3","2","2","05","15","2","","0","0","1","0","0"
"POINT (13.484242956000060 52.512688373000060)","Unfall 115286 (2021) Kat:3, Licht: 0","115286","3","2","2","09","12","3","","0","1","1","0","0"
"POINT (13.285423926000021 52.494779193000056)","Unfall 115288 (2021) Kat:3, Licht: 2","115288","3","1","8","06","23","1","","2","0","1","0","0"
"POINT (13.388120745000037 52.437585017000060)","Unfall 115291 (2021) Kat:3, Licht: 0","115291","3","2","5","03","08","4","","0","1","1","0","0"
"POINT (13.428250386000059 52.547206253000070)","Unfall 115294 (2021) Kat:3, Licht: 0","115294","3","7","0","08","18","3","","0","1","0","0","0"
"POINT (13.276375525000049 52.439795992000029)","Unfall 115295 (2021) Kat:3, Licht: 0","115295","3","6","2","05","16","3","","0","0","1","0","0"
"POINT (13.293238824000071 52.536327878000066)","Unfall 115296 (2021) Kat:3, Licht: 0","115296","3","6","2","12","11","3","","0","0","1","0","0"
"POINT (13.281402396000033 52.522461213000042)","Unfall 115297 (2021) Kat:3, Licht: 0","115297","3","6","2","10","12","7","","0","0","1","0","0"
"POINT (13.365009792000023 52.560548220000044)","Unfall 115299 (2021) Kat:3, Licht: 0","115299","3","2","5","07","15","2","","0","1","1","0","0"
"POINT (13.362466599000072 52.498852248000048)","Unfall 115300 (2021) Kat:3, Licht: 0","115300","3","6","2","04","17","6","","0","0","1","0","0"
"POINT (13.407984510000063 52.461752723000075)","Unfall 115303 (2021) Kat:3, Licht: 0","115303","3","6","2","04","06","3","","0","0","1","0","0"
"POINT (13.347638674000052 52.476082271000053)","Unfall 115306 (2021) Kat:3, Licht: 0","115306","3","6","3","09","11","7","","0","0","1","0","0"
"POINT (13.389264635000075 52.497487216000081)","Unfall 115308 (2021) Kat:3, Licht: 0","115308","3","2","5","05","08","2","","0","1","1","0","0"
"POINT (13.477291335000075 52.513382966000052)","Unfall 115309 (2021) Kat:3, Licht: 0","115309","3","2","5","11","11","2","","0","0","1","0","0"
"POINT (13.389139526000065 52.498034205000067)","Unfall 115310 (2021) Kat:3, Licht: 0","115310","3","3","5","10","18","7","","0","0","1","0","0"
"POINT (13.427073999000072 52.633725962000028)","Unfall 115312 (2021) Kat:2, Licht: 0","115312","2","6","2","07","06","6","","0","0","1","0","0"
"POINT (13.332639035000057 52.477885312000069)","Unfall 115315 (2021) Kat:3, Licht: 0","115315","3","6","3","07","16","2","","0","0","1","0","0"
"POINT (13.473124269000039 52.513801537000063)","Unfall 115319 (2021) Kat:3, Licht: 0","115319","3","4","6","08","14","2","","0","1","0","1","0"
"POINT (13.272512947000052 52.438786885000070)","Unfall 115320 (2021) Kat:3, Licht: 0","115320","3","1","1","05","07","4","","0","1","1","0","0"
"POINT (13.473903856000049 52.513859743000069)","Unfall 115325 (2021) Kat:3, Licht: 0","115325","3","6","2","06","13","7","","0","0","1","0","0"
"POINT (13.497792046000029 52.511503811000068)","Unfall 115329 (2021) Kat:3, Licht: 0","115329","3","6","3","02","12","1","","0","0","1","0","0"
"POINT (13.553093593000028 52.509050641000044)","Unfall 115331 (2021) Kat:3, Licht: 0","115331","3","3","5","09","07","5","","0","0","1","0","0"
"POINT (13.365497956000070 52.557988585000032)","Unfall 115332 (2021) Kat:3, Licht: 1","115332","3","3","5","12","16","3","","1","0","1","0","0"
"POINT (13.386012732000040 52.443970462000038)","Unfall 115333 (2021) Kat:3, Licht: 0","115333","3","3","5","10","12","4","","0","0","1","0","1"
"POINT (13.260576793000041 52.434981933000074)","Unfall 115334 (2021) Kat:3, Licht: 0","115334","3","2","5","03","14","2","","0","1","1","0","0"
"POINT (13.413718954000046 52.558413533000078)","Unfall 115337 (2021) Kat:3, Licht: 0","115337","3","6","3","04","16","5","","0","0","1","0","0"
"POINT (13.389264635000075 52.497487216000081)","Unfall 115340 (2021) Kat:3, Licht: 0","115340","3","2","5","08","12","5","","0","1","1","0","0"
"POINT (13.467513636000035 52.560708755000064)","Unfall 115341 (2021) Kat:2, Licht: 0","115341","2","1","0","11","07","3","","0","1","0","0","0"
"POINT (13.497375147000071 52.464864043000034)","Unfall 115342 (2021) Kat:3, Licht: 0","115342","3","2","6","09","12","3","","0","0","1","1","0"
"POINT (13.312882568000077 52.622413249000033)","Unfall 115344 (2021) Kat:3, Licht: 0","115344","3","6","2","07","13","2","","0","0","1","0","0"
"POINT (13.419841911000049 52.524866874000054)","Unfall 115348 (2021) Kat:2, Licht: 2","115348","2","4","6","03","19","2","","2","0","1","1","0"
"POINT (13.237231548000068 52.507219196000051)","Unfall 115350 (2021) Kat:3, Licht: 0","115350","3","6","3","09","10","4","","0","0","1","0","0"
"POINT (13.364976615000046 52.502257406000069)","Unfall 115352 (2021) Kat:3, Licht: 2","115352","3","6","2","08","22","7","","2","0","1","0","0"
"POINT (13.401759540000057 52.590128082000035)","Unfall 115353 (2021) Kat:2, Licht: 0","115353","2","2","5","05","13","2","","0","1","0","0","0"
"POINT (13.428849054000068 52.537492368000073)","Unfall 115357 (2021) Kat:3, Licht: 0","115357","3","6","2","06","14","6","","0","0","1","0","0"
"POINT (13.419908576000068 52.539760166000065)","Unfall 115361 (2021) Kat:3, Licht: 0","115361","3","2","0","02","14","3","","0","1","0","0","0"
"POINT (13.192277132000072 52.432163624000054)","Unfall 115364 (2021) Kat:3, Licht: 0","115364","3","6","2","05","17","1","","0","0","1","0","0"
"POINT (13.563732100000038 52.507837551000080)","Unfall 115365 (2021) Kat:3, Licht: 2","115365","3","3","5","12","18","2","","2","1","1","0","0"
"POINT (13.347697808000078 52.476259830000060)","Unfall 115366 (2021) Kat:3, Licht: 1","115366","3","6","2","10","19","5","","1","0","1","0","0"
"POINT (13.242514108000023 52.507543212000030)","Unfall 115367 (2021) Kat:3, Licht: 0","115367","3","5","1","07","12","7","","0","1","1","0","0"
"POINT (13.436569211000062 52.517490037000073)","Unfall 115372 (2021) Kat:3, Licht: 2","115372","3","1","8","08","22","1","","2","0","1","0","0"
"POINT (13.419947366000031 52.524957204000032)","Unfall 115373 (2021) Kat:3, Licht: 0","115373","3","2","0","10","14","1","","0","1","1","0","0"
"POINT (13.179061682000054 52.516629571000067)","Unfall 115374 (2021) Kat:3, Licht: 0","115374","3","2","5","09","11","4","","0","0","1","0","0"
"POINT (13.389259298000070 52.497508691000064)","Unfall 115376 (2021) Kat:2, Licht: 0","115376","2","2","5","06","09","3","","0","1","0","0","0"
"POINT (13.385179874000073 52.448424287000080)","Unfall 115379 (2021) Kat:3, Licht: 0","115379","3","6","2","03","10","2","","0","0","1","0","0"
"POINT (13.435365896000064 52.535237266000081)","Unfall 115382 (2021) Kat:3, Licht: 0","115382","3","2","5","09","12","5","","0","1","1","0","0"
"POINT (13.536943706000045 52.532735549000051)","Unfall 115383 (2021) Kat:3, Licht: 0","115383","3","6","2","08","15","4","","0","0","1","0","0"
"POINT (13.361860106000051 52.413730540000074)","Unfall 115384 (2021) Kat:3, Licht: 0","115384","3","2","2","05","08","4","","0","0","1","0","0"
"POINT (13.401572339000040 52.511445415000026)","Unfall 115385 (2021) Kat:3, Licht: 0","115385","3","6","2","12","11","5","","0","0","1","0","0"
"POINT (13.398384238000062 52.571708970000032)","Unfall 115387 (2021) Kat:3, Licht: 0","115387","3","4","6","06","09","4","","0","1","0","1","0"
"POINT (13.305485040000065 52.483764442000052)","Unfall 115388 (2021) Kat:3, Licht: 0","115388","3","6","2","04","17","5","","0","0","1","0","0"
"POINT (13.365006619000042 52.560565339000050)","Unfall 115391 (2021) Kat:3, Licht: 2","115391","3","7","5","01","01","2","","2","0","1","0","0"
"POINT (13.395918762000065 52.424107343000060)","Unfall 115394 (2021) Kat:3, Licht: 0","115394","3","7","6","04","10","6","","0","0","1","1","0"
"POINT (13.285426253000026 52.494777846000034)","Unfall 115396 (2021) Kat:3, Licht: 0","115396","3","6","2","05","15","2","","0","0","1","0","1"
"POINT (13.447581533000061 52.463087336000058)","Unfall 115397 (2021) Kat:3, Licht: 0","115397","3","6","2","11","14","7","","0","0","1","0","0"
"POINT (13.504926971000032 52.510742806000053)","Unfall 115398 (2021) Kat:3, Licht: 0","115398","3","3","5","10","12","4","","0","0","1","0","0"
"POINT (13.412492911000072 52.543180468000060)","Unfall 115400 (2021) Kat:3, Licht: 2","115400","3","6","2","07","02","4","","2","1","0","0","0"
"POINT (13.414684742000077 52.555757769000081)","Unfall 115404 (2021) Kat:3, Licht: 0","115404","3","1","0","08","19","1","","0","1","0","0","0"
"POINT (13.355691913000044 52.477740419000042)","Unfall 115405 (2021) Kat:3, Licht: 0","115405","3","6","2","05","18","1","","0","0","1","0","0"
"POINT (13.310022543000059 52.481702175000066)","Unfall 115408 (2021) Kat:3, Licht: 0","115408","3","1","8","06","18","7","","0","0","1","0","0"
"POINT (13.239110146000030 52.471025451000060)","Unfall 115411 (2021) Kat:2, Licht: 0","115411","2","6","2","02","14","1","","0","0","1","0","1"
"POINT (13.280824935000055 52.502327376000039)","Unfall 115413 (2021) Kat:3, Licht: 2","115413","3","6","3","09","20","4","","2","0","1","0","0"
"POINT (13.424580215000049 52.540046767000035)","Unfall 115414 (2021) Kat:3, Licht: 0","115414","3","6","2","06","08","3","","0","0","1","0","0"
"POINT (13.281227032000061 52.498784714000067)","Unfall 115415 (2021) Kat:3, Licht: 1","115415","3","6","2","12","14","5","","1","0","1","0","0"
"POINT (13.385538527000051 52.471160292000036)","Unfall 115416 (2021) Kat:3, Licht: 0","115416","3","6","2","10","08","2","","0","0","1","0","0"
"POINT (13.301527882000073 52.511162301000070)","Unfall 115417 (2021) Kat:3, Licht: 0","115417","3","2","5","03","16","3","","0","1","1","0","0"
"POINT (13.359631170000057 52.572894659000042)","Unfall 115420 (2021) Kat:3, Licht: 0","115420","3","6","3","04","10","2","","0","0","0","0","0"
"POINT (13.298957746000042 52.534349450000036)","Unfall 115423 (2021) Kat:3, Licht: 0","115423","3","6","2","09","17","6","","0","0","1","0","0"
"POINT (13.438695422000023 52.533347457000048)","Unfall 115424 (2021) Kat:3, Licht: 2","115424","3","3","5","11","05","3","","2","1","1","0","0"
"POINT (13.452203654000073 52.501254501000062)","Unfall 115425 (2021) Kat:3, Licht: 2","115425","3","7","4","10","20","2","","2","0","1","0","0"
"POINT (13.309384528000066 52.511865038000053)","Unfall 115427 (2021) Kat:2, Licht: 1","115427","2","2","0","07","20","3","","1","1","0","0","0"
"POINT (13.277771223000059 52.509665573000063)","Unfall 115434 (2021) Kat:3, Licht: 0","115434","3","3","5","08","17","5","","0","1","1","0","0"
"POINT (13.365244345000065 52.533578818000080)","Unfall 115435 (2021) Kat:3, Licht: 0","115435","3","6","0","05","15","6","","0","0","1","0","1"
"POINT (13.420021720000022 52.525554920000047)","Unfall 115436 (2021) Kat:3, Licht: 1","115436","3","6","2","05","20","4","","1","0","1","0","0"
"POINT (13.396353937000072 52.423349314000063)","Unfall 115440 (2021) Kat:3, Licht: 0","115440","3","2","5","06","19","7","","0","0","1","0","0"
"POINT (13.284881722000023 52.509048219000078)","Unfall 115444 (2021) Kat:3, Licht: 0","115444","3","6","2","01","15","3","","0","0","1","0","0"
"POINT (13.388102593000042 52.493739728000037)","Unfall 115446 (2021) Kat:3, Licht: 2","115446","3","6","2","12","19","2","","2","0","1","0","0"
"POINT (13.388853058000052 52.498113591000049)","Unfall 115447 (2021) Kat:3, Licht: 0","115447","3","2","5","10","10","5","","0","0","1","0","0"
"POINT (13.444578075000038 52.529074257000048)","Unfall 115450 (2021) Kat:3, Licht: 0","115450","3","2","5","06","18","3","","0","1","1","0","0"
"POINT (13.493105866000064 52.467815411000061)","Unfall 115453 (2021) Kat:3, Licht: 2","115453","3","3","5","02","20","2","","2","1","1","0","0"
"POINT (13.479598189000058 52.476880456000060)","Unfall 115456 (2021) Kat:3, Licht: 0","115456","3","7","2","07","14","7","","0","0","1","0","0"
"POINT (13.292625942000029 52.584800227000073)","Unfall 115457 (2021) Kat:3, Licht: 0","115457","3","6","2","05","16","3","","0","0","1","0","1"
"POINT (13.416384430000051 52.522004397000046)","Unfall 115458 (2021) Kat:3, Licht: 2","115458","3","2","3","12","19","3","","2","1","1","0","0"
"POINT (13.296558733000040 52.490584723000040)","Unfall 115459 (2021) Kat:3, Licht: 0","115459","3","6","2","10","07","5","","0","0","1","0","0"
"POINT (13.399511876000076 52.607239733000029)","Unfall 115460 (2021) Kat:3, Licht: 0","115460","3","6","2","04","14","6","","0","0","1","0","1"
"POINT (13.305824899000072 52.553975739000066)","Unfall 115463 (2021) Kat:3, Licht: 2","115463","3","1","8","04","00","7","","2","0","1","0","0"
"POINT (13.467336031000059 52.555963531000032)","Unfall 115466 (2021) Kat:3, Licht: 0","115466","3","2","0","09","14","6","","0","0","1","0","0"
"POINT (13.439654173000065 52.542048712000053)","Unfall 115467 (2021) Kat:3, Licht: 2","115467","3","5","1","11","19","1","","2","1","1","0","0"
"POINT (13.389321576000043 52.435120624000035)","Unfall 115468 (2021) Kat:3, Licht: 0","115468","3","5","1","10","13","7","","0","0","1","0","0"
"POINT (13.477583378000077 52.513500001000068)","Unfall 115470 (2021) Kat:3, Licht: 0","115470","3","6","2","07","15","3","","0","1","1","0","0"
"POINT (13.302180772000042 52.486563615000080)","Unfall 115474 (2021) Kat:3, Licht: 0","115474","3","1","8","07","16","2","","0","0","1","0","0"
"POINT (13.353555271000062 52.484916516000055)","Unfall 115478 (2021) Kat:3, Licht: 0","115478","3","6","3","08","11","5","","0","1","0","0","0"
"POINT (13.309386030000042 52.511865136000040)","Unfall 115479 (2021) Kat:3, Licht: 0","115479","3","3","5","05","20","7","","0","0","1","0","0"
"POINT (13.410851071000025 52.523297434000028)","Unfall 115480 (2021) Kat:3, Licht: 0","115480","3","6","3","05","08","5","","0","0","1","0","1"
"POINT (13.277999921000060 52.440491923000081)","Unfall 115484 (2021) Kat:2, Licht: 0","115484","2","7","1","06","16","7","","0","0","1","0","0"
"POINT (13.385768610000071 52.480319590000079)","Unfall 115488 (2021) Kat:3, Licht: 0","115488","3","6","2","02","16","6","","0","0","1","0","0"
"POINT (13.444988685000055 52.545526289000065)","Unfall 115490 (2021) Kat:2, Licht: 2","115490","2","2","5","09","21","6","","2","0","1","0","0"