WKT,Name,OBJECTID,UKATEGORIE,UTYP1,UART,UMONAT,USTUNDE,UWOCHENTAG,STRZUSTAND,ULICHTVERH,ISTRAD,ISTPKW,ISTFUSS,ISTKRAD
"POINT (13.371221188000050 52.470762972000045)","Unfall 115491 (2021) Kat:3, Licht: 0","115491","3","6","2","12","19","5","","0","0","1","0","0"
"POINT (13.370205399000042 52.539948133000053)","Unfall 115492 (2021) Kat:3, Licht: 0","115492","3","2","5","10","08","4","","0","1","1","0","0"
"POINT (13.322983121000050 52.512439694000079)","Unfall 115493 (2021) Kat:3, Licht: 0","115493","3","2","5","03","15","6","","0","0","0","0","0"
"POINT (13.193100923000031 52.419360346000076)","Unfall 115496 (2021) Kat:2, Licht: 0","115496","2","1","9","04","18","5","","0","0","0","0","1"
"POINT (13.297208747000070 52.510877760000028)","Unfall 115499 (2021) Kat:3, Licht: 0","115499","3","2","0","08","08","3","","0","1","1","0","0"
"POINT (13.540186350000056 52.509896458000071)","Unfall 115500 (2021) Kat:3, Licht: 0","115500","3","7","6","11","13","2","","0","1","0","1","0"
"POINT (13.293532534000065 52.536502297000027)","Unfall 115501 (2021) Kat:3, Licht: 0","115501","3","6","3","09","17","5","","0","0","1","0","1"
"POINT (13.261663659000021 52.508711129000062)","Unfall 115503 (2021) Kat:2, Licht: 0","115503","2","6","2","07","06","5","","0","0","1","0","0"
"POINT (13.459775899000022 52.493390074000047)","Unfall 115507 (2021) Kat:3, Licht: 0","115507","3","2","5","03","10","6","","0","1","0","0","0"
"POINT (13.431643979000057 52.461859416000038)","Unfall 115508 (2021) Kat:3, Licht: 0","115508","3","7","0","09","13","7","","0","0","0","0","0"
"POINT (13.371122325000044 52.470781692000060)","Unfall 115510 (2021) Kat:3, Licht: 0","115510","3","6","2","08","15","5","","0","0","1","0","0"
"POINT (13.415323568000076 52.379876927000055)","Unfall 115511 (2021) Kat:2, Licht: 0","115511","2","7","0","05","08","6","","0","0","1","0","0"
"POINT (13.418383712000036 52.524053401000060)","Unfall 115515 (2021) Kat:3, Licht: 0","115515","3","6","2","06","10","6","","0","0","1","0","0"
"POINT (13.412330402000066 52.541196294000031)","Unfall 115519 (2021) Kat:3, Licht: 2","115519","3","7","6","02","16","3","","2","0","1","1","0"
"POINT (13.459801608000078 52.515143696000052)","Unfall 115522 (2021) Kat:3, Licht: 0","115522","3","6","2","05","16","7","","0","0","1","0","0"
"POINT (13.453751224000030 52.515903619000028)","Unfall 115523 (2021) Kat:3, Licht: 0","115523","3","6","0","05","12","2","","0","1","0","0","0"
"POINT (13.377804910000066 52.433801648000042)","Unfall 115524 (2021) Kat:3, Licht: 2","115524","3","3","0","12","17","2","","2","0","0","0","1"
"POINT (13.435749334000036 52.620393135000029)","Unfall 115525 (2021) Kat:3, Licht: 0","115525","3","6","2","10","14","5","","0","0","1","0","0"
"POINT (13.385537854000063 52.471133677000068)","Unfall 115526 (2021) Kat:3, Licht: 0","115526","3","6","3","07","13","1","","0","0","1","0","1"
"POINT (13.600816373000043 52.504865531000064)","Unfall 115531 (2021) Kat:2, Licht: 0","115531","2","7","0","08","14","7","","0","1","0","0","0"
"POINT (13.399278251000055 52.570368778000045)","Unfall 115532 (2021) Kat:3, Licht: 0","115532","3","2","5","11","13","2","","0","1","1","0","0"
"POINT (13.464762268000072 52.486894862000042)","Unfall 115533 (2021) Kat:3, Licht: 0","115533","3","3","2","09","17","6","","0","1","0","0","0"
"POINT (13.362972831000036 52.473958029000073)","Unfall 115535 (2021) Kat:3, Licht: 0","115535","3","6","2","07","08","5","","0","0","1","0","0"
"POINT (13.424910396000030 52.519541928000081)","Unfall 115538 (2021) Kat:3, Licht: 0","115538","3","2","5","02","16","1","","0","1","0","0","0"
"POINT (13.477834048000034 52.513475519000053)","Unfall 115542 (2021) Kat:3, Licht: 0","115542","3","6","3","09","12","5","","0","0","1","0","0"
"POINT (13.385740862000034 52.469500894000078)","Unfall 115543 (2021) Kat:3, Licht: 0","115543","3","2","5","08","05","1","","0","0","1","0","0"
"POINT (13.411971195000035 52.541104377000067)","Unfall 115544 (2021) Kat:2, Licht: 0","115544","2","2","5","05","08","7","","0","0","1","0","0"
"POINT (13.307513060000076 52.511745475000055)","Unfall 115546 (2021) Kat:3, Licht: 0","115546","3","3","5","11","14","6","","0","0","1","0","0"
"POINT (13.312083334000022 52.625088757000071)","Unfall 115548 (2021) Kat:3, Licht: 2","115548","3","1","9","06","02","1","","2","0","1","0","0"
"POINT (13.368786030000024 52.541320014000064)","Unfall 115549 (2021) Kat:3, Licht: 0","115549","3","6","2","04","10","2","","0","0","1","0","0"
"POINT (13.323888112000077 52.607792210000071)","Unfall 115552 (2021) Kat:3, Licht: 0","115552","3","6","3","01","07","6","","0","0","1","0","0"
"POINT (13.419934507000050 52.524946190000037)","Unfall 115556 (2021) Kat:3, Licht: 2","115556","3","2","6","11","07","4","","2","0","1","1","0"
"POINT (13.304160288000048 52.484819785000070)","Unfall 115557 (2021) Kat:3, Licht: 0","115557","3","6","2","10","16","2","","0","0","1","0","0"
"POINT (13.364268898000034 52.563340608000033)","Unfall 115559 (2021) Kat:3, Licht: 0","115559","3","5","1","07","14","5","","0","1","1","0","0"
"POINT (13.378428673000030 52.469952818000081)","Unfall 115563 (2021) Kat:3, Licht: 0","115563","3","7","0","08","13","7","","0","0","1","0","0"
"POINT (13.096558645000073 52.413227018000043)","Unfall 115564 (2021) Kat:3, Licht: 2","115564","3","1","0","05","01","4","","2","0","1","0","0"
"POINT (13.260585978000051 52.434979999000063)","Unfall 115568 (2021) Kat:3, Licht: 0","115568","3","2","5","06","10","2","","0","1","1","0","0"
"POINT (13.424128070000052 52.528353399000082)","Unfall 115572 (2021) Kat:3, Licht: 2","115572","3","4","6","02","21","4","","2","0","0","1","0"
"POINT (13.510033545000056 52.428834833000053)","Unfall 115574 (2021) Kat:2, Licht: 2","115574","2","6","3","09","21","4","","2","0","1","0","0"
"POINT (13.399012360000029 52.573504798000045)","Unfall 115575 (2021) Kat:3, Licht: 0","115575","3","6","3","12","11","4","","0","0","1","0","0"
"POINT (13.461791363000032 52.488885836000065)","Unfall 115576 (2021) Kat:3, Licht: 1","115576","3","6","3","10","07","6","","1","0","1","0","1"
"POINT (13.384848695000073 52.450180718000070)","Unfall 115577 (2021) Kat:3, Licht: 0","115577","3","7","5","03","15","2","","0","0","1","0","0"
"POINT (13.271498151000060 52.509103473000039)","Unfall 115580 (2021) Kat:3, Licht: 0","115580","3","1","0","04","14","4","","0","1","0","0","0"
"POINT (13.447181746000069 52.463149252000051)","Unfall 115583 (2021) Kat:3, Licht: 0","115583","3","6","2","09","15","6","","0","0","1","0","0"
"POINT (13.428836119000039 52.557327427000075)","Unfall 115584 (2021) Kat:3, Licht: 1","115584","3","3","5","11","16","2","","1","0","1","0","0"
"POINT (13.312918417000049 52.622294211000053)","Unfall 115585 (2021) Kat:3, Licht: 0","115585","3","2","5","10","16","2","","0","1","1","0","0"
"POINT (13.423568323000040 52.519943904000058)","Unfall 115587 (2021) Kat:3, Licht: 0","115587","3","7","0","07","08","3","","0","1","0","0","0"
"POINT (13.407987866000042 52.521736402000045)","Unfall 115594 (2021) Kat:3, Licht: 0","115594","3","6","3","08","08","5","","0","0","1","0","0"
"POINT (13.406312168000056 52.404867487000047)","Unfall 115595 (2021) Kat:3, Licht: 0","115595","3","7","5","05","06","4","","0","1","1","0","0"
"POINT (13.387864518000072 52.438306576000059)","Unfall 115599 (2021) Kat:3, Licht: 0","115599","3","5","5","06","17","3","","0","0","1","0","1"
"POINT (13.196080866000045 52.422144090000074)","Unfall 115603 (2021) Kat:3, Licht: 2","115603","3","6","2","02","19","2","","2","0","1","0","0"
"POINT (13.409049319000076 52.517093995000039)","Unfall 115606 (2021) Kat:3, Licht: 2","115606","3","3","5","12","16","3","","2","0","1","0","0"
"POINT (13.385491956000067 52.469014132000041)","Unfall 115607 (2021) Kat:3, Licht: 0","115607","3","5","1","10","17","7","","0","1","1","0","0"
"POINT (13.301903636000077 52.486708336000049)","Unfall 115612 (2021) Kat:3, Licht: 0","115612","3","6","2","08","17","3","","0","0","1","0","1"
"POINT (13.573449297000025 52.505349038000077)","Unfall 115613 (2021) Kat:3, Licht: 2","115613","3","6","2","11","17","2","","2","0","1","0","0"
"POINT (13.484303892000071 52.473738769000079)","Unfall 115614 (2021) Kat:2, Licht: 0","115614","2","1","0","09","10","3","","0","1","0","0","0"
"POINT (13.385833153000021 52.473418598000080)","Unfall 115616 (2021) Kat:3, Licht: 0","115616","3","6","2","06","10","1","","0","0","1","0","0"
"POINT (13.462530053000023 52.488388727000029)","Unfall 115619 (2021) Kat:3, Licht: 2","115619","3","5","5","03","21","1","","2","1","1","0","0"
"POINT (13.302019620000067 52.642721910000034)","Unfall 115621 (2021) Kat:3, Licht: 0","115621","3","5","1","09","14","1","","0","1","1","0","0"
"POINT (13.362869174000025 52.515377355000055)","Unfall 115623 (2021) Kat:3, Licht: 0","115623","3","6","3","08","12","2","","0","0","1","0","1"
"POINT (13.348575155000049 52.481870914000069)","Unfall 115624 (2021) Kat:3, Licht: 2","115624","3","2","6","12","16","6","","2","0","1","1","0"
"POINT (13.379129360000036 52.509678973000064)","Unfall 115627 (2021) Kat:3, Licht: 0","115627","3","5","1","06","14","2","","0","0","1","0","0"
"POINT (13.354121085000031 52.479028821000043)","Unfall 115631 (2021) Kat:3, Licht: 0","115631","3","2","3","01","10","4","","0","0","1","0","0"
"POINT (13.293483555000023 52.536880971000073)","Unfall 115634 (2021) Kat:3, Licht: 0","115634","3","6","2","05","07","6","","0","0","1","0","0"
"POINT (13.347688873000038 52.575035035000042)","Unfall 115635 (2021) Kat:3, Licht: 1","115635","3","6","2","12","15","4","","1","0","1","0","0"
"POINT (13.301377830000035 52.511152147000075)","Unfall 115636 (2021) Kat:3, Licht: 0","115636","3","2","2","10","10","3","","0","1","1","0","0"
"POINT (13.427902106000033 52.518912543000056)","Unfall 115637 (2021) Kat:3, Licht: 0","115637","3","2","5","07","07","2","","0","0","1","0","0"
"POINT (13.297287009000058 52.510883031000049)","Unfall 115640 (2021) Kat:3, Licht: 0","115640","3","2","5","08","14","1","","0","0","1","0","0"
"POINT (13.336239189000025 52.478368625000030)","Unfall 115641 (2021) Kat:3, Licht: 0","115641","3","6","2","11","15","4","","0","0","1","0","0"
"POINT (13.333130303000075 52.477904593000062)","Unfall 115642 (2021) Kat:2, Licht: 2","115642","2","1","9","09","05","1","","2","0","1","0","0"
"POINT (13.312860418000071 52.622486899000080)","Unfall 115644 (2021) Kat:2, Licht: 1","115644","2","2","5","06","17","4","","1","1","1","0","0"
"POINT (13.304241532000049 52.503668532000063)","Unfall 208100 (2021) Kat:3, Licht: 1","208100","3","2","5","01","16","7","","1","0","1","0","0"
"POINT (13.487156330000062 52.425546225000062)","Unfall 208122 (2021) Kat:3, Licht: 2","208122","3","1","9","01","04","6","","2","0","0","0","0"
"POINT (13.288638295000055 52.512318452000045)","Unfall 208137 (2021) Kat:3, Licht: 0","208137","3","2","5","01","11","1","","0","0","1","0","0"
"POINT (13.509358467000027 52.546282562000044)","Unfall 208187 (2021) Kat:3, Licht: 2","208187","3","2","0","01","00","1","","2","0","1","0","0"
"POINT (13.179490502000021 52.479242574000068)","Unfall 208214 (2021) Kat:3, Licht: 2","208214","3","1","9","01","00","7","","2","0","1","0","0"
"POINT (13.353748437000036 52.553791937000028)","Unfall 208232 (2021) Kat:3, Licht: 1","208232","3","7","0","01","16","7","","1","0","1","0","1"
"POINT (13.395239706000041 52.496336480000082)","Unfall 208271 (2021) Kat:3, Licht: 2","208271","3","2","5","01","20","1","","2","1","1","0","0"
"POINT (13.523881305000032 52.565460251000047)","Unfall 208322 (2021) Kat:2, Licht: 2","208322","2","4","6","01","07","2","","2","0","1","1","0"
"POINT (13.564548290000062 52.438488609000046)","Unfall 208361 (2021) Kat:3, Licht: 2","208361","3","4","6","01","01","1","","2","0","1","1","0"
"POINT (13.304847771000027 52.513418709000064)","Unfall 208366 (2021) Kat:3, Licht: 2","208366","3","3","5","01","23","2","","2","0","1","0","0"
"POINT (13.461139828000057 52.517176091000067)","Unfall 208376 (2021) Kat:3, Licht: 2","208376","3","2","5","01","19","2","","2","1","1","0","0"
"POINT (13.359884320000049 52.561976620000053)","Unfall 208414 (2021) Kat:3, Licht: 2","208414","3","4","6","01","16","1","","2","0","0","1","0"
"POINT (13.359631442000023 52.523415286000045)","Unfall 208457 (2021) Kat:3, Licht: 0","208457","3","6","2","01","12","7","","0","0","1","0","0"
"POINT (13.548989830000039 52.438239255000042)","Unfall 208496 (2021) Kat:3, Licht: 0","208496","3","1","0","01","10","7","","0","1","0","0","0"
"POINT (13.262601589000042 52.541266401000030)","Unfall 208510 (2021) Kat:3, Licht: 0","208510","3","2","5","01","15","7","","0","0","1","0","0"
"POINT (13.314901592000069 52.610317186000032)","Unfall 208547 (2021) Kat:3, Licht: 2","208547","3","1","8","01","23","6","","2","0","1","0","0"
"POINT (13.499827303000075 52.547928503000037)","Unfall 208581 (2021) Kat:3, Licht: 0","208581","3","1","0","01","12","6","","0","1","0","0","0"
"POINT (13.335625942000036 52.526788286000055)","Unfall 208597 (2021) Kat:3, Licht: 2","208597","3","2","6","01","18","2","","2","0","1","1","0"
"POINT (13.307308867000074 52.498921495000047)","Unfall 208623 (2021) Kat:3, Licht: 0","208623","3","2","2","01","13","7","","0","1","1","0","0"
"POINT (13.322495884000034 52.560653720000062)","Unfall 208639 (2021) Kat:3, Licht: 0","208639","3","6","2","01","13","2","","0","0","1","0","0"
"POINT (13.305730095000058 52.575079371000072)","Unfall 208651 (2021) Kat:3, Licht: 2","208651","3","7","0","01","23","7","","2","0","0","0","1"
"POINT (13.157871765000039 52.543116056000031)","Unfall 208679 (2021) Kat:3, Licht: 2","208679","3","2","5","01","16","1","","2","0","1","0","0"
"POINT (13.348968935000073 52.489374213000076)","Unfall 208734 (2021) Kat:3, Licht: 0","208734","3","2","5","01","12","2","","0","0","1","0","1"
"POINT (13.331805925000026 52.524107899000057)","Unfall 208783 (2021) Kat:3, Licht: 0","208783","3","7","5","01","11","2","","0","1","1","0","0"
"POINT (13.384792075000064 52.548920015000078)","Unfall 208821 (2021) Kat:3, Licht: 0","208821","3","1","8","01","09","1","","0","0","1","0","0"
"POINT (13.317224013000043 52.504071914000065)","Unfall 208836 (2021) Kat:3, Licht: 0","208836","3","7","0","01","10","2","","0","0","0","0","0"
"POINT (13.714681761000065 52.431889023000053)","Unfall 208875 (2021) Kat:1, Licht: 2","208875","1","1","8","01","21","7","","2","0","1","0","0"
"POINT (13.568832490000034 52.506232021000073)","Unfall 208904 (2021) Kat:3, Licht: 0","208904","3","6","2","01","12","7","","0","0","1","0","0"
"POINT (13.352201949000062 52.506314554000028)","Unfall 208917 (2021) Kat:3, Licht: 2","208917","3","3","5","01","17","7","","2","0","1","0","0"
"POINT (13.345693547000053 52.494526404000055)","Unfall 208955 (2021) Kat:2, Licht: 2","208955","2","2","6","01","17","7","","2","0","1","1","0"
"POINT (13.454190661000041 52.493955619000076)","Unfall 209005 (2021) Kat:3, Licht: 2","209005","3","2","6","01","20","2","","2","0","1","1","0"
"POINT (13.323509261000027 52.491503763000026)","Unfall 209031 (2021) Kat:3, Licht: 1","209031","3","4","6","01","08","2","","1","0","1","1","0"
"POINT (13.381967124000028 52.476316621000080)","Unfall 209057 (2021) Kat:3, Licht: 2","209057","3","7","1","01","18","2","","2","0","1","0","0"
"POINT (13.417560954000066 52.524458201000073)","Unfall 209111 (2021) Kat:3, Licht: 2","209111","3","1","0","01","17","6","","2","1","0","0","0"
"POINT (13.330689546000031 52.498592395000060)","Unfall 209138 (2021) Kat:3, Licht: 0","209138","3","7","5","01","18","1","","0","0","1","0","0"
"POINT (13.322738713000035 52.488843672000030)","Unfall 209169 (2021) Kat:3, Licht: 2","209169","3","3","5","01","23","2","","2","0","1","0","1"
"POINT (13.451642333000052 52.520428794000054)","Unfall 209197 (2021) Kat:2, Licht: 2","209197","2","3","5","01","19","7","","2","1","0","0","0"
"POINT (13.331088946000023 52.495401975000050)","Unfall 209225 (2021) Kat:3, Licht: 0","209225","3","3","5","01","14","2","","0","0","1","0","0"
"POINT (13.311567206000063 52.479539768000052)","Unfall 209234 (2021) Kat:3, Licht: 0","209234","3","3","5","01","10","2","","0","1","1","0","0"
"POINT (13.512013448000062 52.470708382000055)","Unfall 209240 (2021) Kat:3, Licht: 0","209240","3","3","5","02","16","3","","0","1","1","0","0"
"POINT (13.563330029000042 52.541528847000052)","Unfall 209241 (2021) Kat:2, Licht: 0","209241","2","4","6","01","07","5","","0","0","0","1","0"
"POINT (13.550450389000048 52.533533016000035)","Unfall 209242 (2021) Kat:3, Licht: 0","209242","3","3","0","01","12","5","","0","0","1","0","0"
"POINT (13.347823486000038 52.451317797000058)","Unfall 209243 (2021) Kat:3, Licht: 2","209243","3","3","5","02","19","6","","2","1","1","0","0"
"POINT (13.314727250000033 52.424244010000052)","Unfall 209244 (2021) Kat:3, Licht: 2","209244","3","3","4","01","18","1","","2","0","1","0","1"
"POINT (13.459055464000073 52.526087254000061)","Unfall 209245 (2021) Kat:3, Licht: 0","209245","3","1","0","03","07","4","","0","0","0","0","1"
"POINT (13.489094228000056 52.467255187000035)","Unfall 209246 (2021) Kat:3, Licht: 2","209246","3","6","0","01","21","4","","2","0","1","0","0"
"POINT (13.390057748000061 52.564781440000047)","Unfall 209247 (2021) Kat:3, Licht: 2","209247","3","3","5","02","19","1","","2","0","1","0","0"
"POINT (13.131078258000059 52.528702973000065)","Unfall 209248 (2021) Kat:3, Licht: 0","209248","3","7","1","02","12","2","","0","0","1","0","0"
"POINT (13.583255709000071 52.515278595000041)","Unfall 209249 (2021) Kat:3, Licht: 2","209249","3","3","5","01","06","4","","2","0","1","0","0"
"POINT (13.302221522000025 52.507947803000036)","Unfall 209250 (2021) Kat:2, Licht: 2","209250","2","3","5","03","22","2","","2","0","1","0","0"
"POINT (13.300860381000064 52.439197899000078)","Unfall 209251 (2021) Kat:3, Licht: 2","209251","3","1","0","02","17","2","","2","0","0","0","1"
"POINT (13.219951280000032 52.538988112000027)","Unfall 209252 (2021) Kat:3, Licht: 0","209252","3","3","5","01","13","4","","0","0","1","0","0"
"POINT (13.387302261000059 52.526023080000073)","Unfall 209253 (2021) Kat:3, Licht: 2","209253","3","2","6","01","17","3","","2","0","1","1","0"
"POINT (13.435638926000024 52.551045888000033)","Unfall 209254 (2021) Kat:2, Licht: 0","209254","2","3","5","03","13","2","","0","0","1","0","0"
"POINT (13.434455774000071 52.529278014000056)","Unfall 209255 (2021) Kat:3, Licht: 0","209255","3","2","5","02","12","6","","0","1","0","0","0"
"POINT (13.354906539000069 52.448944374000064)","Unfall 209256 (2021) Kat:3, Licht: 0","209256","3","2","0","03","10","7","","0","0","1","0","1"
"POINT (13.613154286000054 52.508553110000037)","Unfall 209257 (2021) Kat:3, Licht: 2","209257","3","3","5","03","18","5","","2","0","1","0","0"
"POINT (13.284613888000024 52.540416581000045)","Unfall 209258 (2021) Kat:3, Licht: 0","209258","3","3","5","01","14","2","","0","0","1","0","0"
"POINT (13.573860546000049 52.458237853000071)","Unfall 209259 (2021) Kat:3, Licht: 1","209259","3","5","1","02","08","6","","1","1","1","0","0"
"POINT (13.307938937000074 52.488534679000054)","Unfall 209260 (2021) Kat:3, Licht: 2","209260","3","2","5","02","18","2","","2","0","1","0","0"
"POINT (13.396929585000066 52.529294114000038)","Unfall 209261 (2021) Kat:3, Licht: 2","209261","3","5","1","03","19","6","","2","1","1","0","0"
"POINT (13.354805841000029 52.428990200000044)","Unfall 209262 (2021) Kat:3, Licht: 2","209262","3","6","2","02","06","4","","2","0","1","0","0"
"POINT (13.455313687000057 52.473078238000028)","Unfall 209263 (2021) Kat:2, Licht: 0","209263","2","2","6","01","11","2","","0","0","1","1","0"
"POINT (13.359680006000076 52.412812984000027)","Unfall 209264 (2021) Kat:3, Licht: 0","209264","3","2","5","03","14","3","","0","1","1","0","0"
"POINT (13.319162345000052 52.587612969000077)","Unfall 209265 (2021) Kat:2, Licht: 2","209265","2","3","0","01","22","7","","2","0","1","0","0"
"POINT (13.453893488000062 52.482476311000028)","Unfall 209266 (2021) Kat:3, Licht: 0","209266","3","2","6","02","13","5","","0","0","1","1","0"
"POINT (13.330153400000029 52.522028156000033)","Unfall 209267 (2021) Kat:2, Licht: 0","209267","2","4","6","03","16","1","","0","0","1","1","0"
"POINT (13.468170839000038 52.545363514000030)","Unfall 209268 (2021) Kat:3, Licht: 0","209268","3","2","5","03","15","6","","0","0","1","0","0"
"POINT (13.377305027000034 52.482683293000036)","Unfall 209269 (2021) Kat:3, Licht: 0","209269","3","6","3","03","16","4","","0","0","1","0","0"
"POINT (13.376606057000060 52.447952594000071)","Unfall 209270 (2021) Kat:3, Licht: 0","209270","3","6","0","01","14","7","","0","0","1","0","1"
"POINT (13.295357537000029 52.442767946000060)","Unfall 209271 (2021) Kat:3, Licht: 0","209271","3","7","6","02","12","4","","0","0","0","1","0"
"POINT (13.516480985000044 52.464401989000066)","Unfall 209272 (2021) Kat:3, Licht: 0","209272","3","4","6","03","15","1","","0","0","1","1","0"
"POINT (13.327223543000059 52.464099580000038)","Unfall 209273 (2021) Kat:2, Licht: 0","209273","2","7","6","03","14","5","","0","0","0","1","0"
"POINT (13.485916068000051 52.518470639000043)","Unfall 209274 (2021) Kat:3, Licht: 2","209274","3","3","5","01","07","5","","2","1","1","0","0"
"POINT (13.582011415000068 52.442835702000082)","Unfall 209275 (2021) Kat:3, Licht: 2","209275","3","2","6","02","18","3","","2","0","1","1","0"
"POINT (13.559267108000029 52.447087755000041)","Unfall 209276 (2021) Kat:3, Licht: 0","209276","3","6","2","01","15","6","","0","0","1","0","0"
"POINT (13.307324984000047 52.499510831000066)","Unfall 209277 (2021) Kat:3, Licht: 2","209277","3","4","6","03","00","2","","2","0","1","1","0"
"POINT (13.285333622000053 52.583042118000037)","Unfall 209278 (2021) Kat:3, Licht: 1","209278","3","6","2","02","17","6","","1","0","1","0","0"
"POINT (13.335994209000035 52.443370634000075)","Unfall 209279 (2021) Kat:2, Licht: 0","209279","2","1","0","03","09","4","","0","0","0","0","1"
"POINT (13.195051988000046 52.545032393000042)","Unfall 209280 (2021) Kat:3, Licht: 0","209280","3","2","2","03","16","3","","0","0","1","0","0"
"POINT (13.518305245000022 52.568106972000066)","Unfall 209281 (2021) Kat:3, Licht: 0","209281","3","6","0","02","11","1","","0","0","1","0","0"
"POINT (13.302279142000032 52.506652974000076)","Unfall 209282 (2021) Kat:3, Licht: 2","209282","3","2","6","01","20","3","","2","0","1","1","0"
"POINT (13.447707979000029 52.423065045000044)","Unfall 209283 (2021) Kat:3, Licht: 0","209283","3","5","1","01","13","2","","0","1","1","0","0"
"POINT (13.443579585000066 52.464281130000074)","Unfall 209284 (2021) Kat:3, Licht: 0","209284","3","2","5","03","16","4","","0","1","1","0","0"
"POINT (13.423931735000053 52.513442356000041)","Unfall 209285 (2021) Kat:3, Licht: 2","209285","3","3","5","01","23","1","","2","0","1","0","0"
"POINT (13.320777492000047 52.513223078000067)","Unfall 209286 (2021) Kat:3, Licht: 0","209286","3","6","2","02","08","6","","0","0","1","0","0"
"POINT (13.352086728000074 52.515735791000054)","Unfall 209287 (2021) Kat:3, Licht: 0","209287","3","6","2","02","14","4","","0","0","1","0","0"
"POINT (13.288475472000073 52.476920036000081)","Unfall 209288 (2021) Kat:3, Licht: 0","209288","3","4","6","01","11","4","","0","0","1","1","0"
"POINT (13.323612709000031 52.493743262000066)","Unfall 209289 (2021) Kat:3, Licht: 0","209289","3","2","2","03","16","2","","0","0","1","0","0"
"POINT (13.436159133000046 52.493832371000053)","Unfall 209290 (2021) Kat:3, Licht: 0","209290","3","5","1","02","14","6","","0","0","1","0","0"
"POINT (13.275692183000046 52.501579154000069)","Unfall 209291 (2021) Kat:3, Licht: 0","209291","3","2","5","01","15","2","","0","1","1","0","0"
"POINT (13.378259798000045 52.466251200000045)","Unfall 209292 (2021) Kat:3, Licht: 2","209292","3","2","6","01","22","7","","2","0","0","1","0"
"POINT (13.365467229000046 52.479824113000063)","Unfall 209293 (2021) Kat:3, Licht: 0","209293","3","6","2","02","08","5","","0","0","1","0","0"
"POINT (13.328424209000048 52.532977939000034)","Unfall 209294 (2021) Kat:3, Licht: 2","209294","3","2","5","03","19","2","","2","0","1","0","0"
"POINT (13.323745086000031 52.587323039000069)","Unfall 209295 (2021) Kat:3, Licht: 0","209295","3","6","2","03","15","2","","0","0","1","0","0"
"POINT (13.435968483000067 52.423402129000067)","Unfall 209296 (2021) Kat:3, Licht: 0","209296","3","4","6","03","09","5","","0","0","1","1","0"
"POINT (13.428877745000023 52.551406532000044)","Unfall 209297 (2021) Kat:3, Licht: 0","209297","3","3","5","01","10","7","","0","1","0","0","0"
"POINT (13.535326944000076 52.561355591000051)","Unfall 209298 (2021) Kat:3, Licht: 0","209298","3","3","5","02","15","4","","0","1","0","0","0"
"POINT (13.418871460000048 52.500692913000080)","Unfall 209299 (2021) Kat:3, Licht: 2","209299","3","7","5","03","18","1","","2","0","1","0","0"
"POINT (13.322073427000078 52.506415253000057)","Unfall 209300 (2021) Kat:3, Licht: 2","209300","3","3","5","02","18","5","","2","1","1","0","0"
"POINT (13.392124941000077 52.507796073000065)","Unfall 209301 (2021) Kat:2, Licht: 0","209301","2","3","5","02","10","5","","0","1","1","0","0"
"POINT (13.319982067000069 52.486713559000066)","Unfall 209302 (2021) Kat:3, Licht: 0","209302","3","6","2","01","14","6","","0","0","1","0","0"
"POINT (13.348447614000065 52.515146850000065)","Unfall 209303 (2021) Kat:3, Licht: 0","209303","3","6","2","03","08","3","","0","0","1","0","0"
"POINT (13.326838194000061 52.536902694000048)","Unfall 209304 (2021) Kat:3, Licht: 2","209304","3","6","2","02","18","3","","2","0","1","0","0"
"POINT (13.267750915000022 52.536767827000062)","Unfall 209305 (2021) Kat:3, Licht: 0","209305","3","4","6","03","16","6","","0","1","0","1","0"
"POINT (13.184687333000056 52.515457389000062)","Unfall 209306 (2021) Kat:3, Licht: 0","209306","3","2","5","03","14","4","","0","0","1","0","0"
"POINT (13.413633521000065 52.511287827000046)","Unfall 209307 (2021) Kat:3, Licht: 0","209307","3","3","5","02","13","2","","0","1","1","0","0"
"POINT (13.522894213000029 52.463211683000054)","Unfall 209308 (2021) Kat:3, Licht: 0","209308","3","1","2","03","16","6","","0","0","1","0","0"
"POINT (13.433771372000024 52.533363926000050)","Unfall 209309 (2021) Kat:2, Licht: 0","209309","2","3","0","03","08","6","","0","0","1","0","1"
"POINT (13.424690097000052 52.604041873000028)","Unfall 209310 (2021) Kat:3, Licht: 1","209310","3","7","6","01","16","2","","1","0","1","1","0"
"POINT (13.385126985000056 52.557196884000064)","Unfall 209311 (2021) Kat:3, Licht: 0","209311","3","7","0","02","17","4","","0","1","0","1","0"
"POINT (13.434708297000043 52.478615823000041)","Unfall 209312 (2021) Kat:2, Licht: 2","209312","2","1","9","03","18","6","","2","0","1","0","0"
"POINT (13.532330839000053 52.461697829000059)","Unfall 209313 (2021) Kat:3, Licht: 0","209313","3","3","5","02","14","4","","0","0","1","0","0"
"POINT (13.372205571000052 52.532339911000065)","Unfall 209314 (2021) Kat:3, Licht: 0","209314","3","5","1","01","15","5","","0","1","0","0","0"
"POINT (13.198512837000067 52.533225682000079)","Unfall 209315 (2021) Kat:3, Licht: 0","209315","3","6","0","03","13","2","","0","0","1","0","0"
"POINT (13.270517263000045 52.451019604000066)","Unfall 209316 (2021) Kat:3, Licht: 2","209316","3","2","6","02","19","4","","2","0","1","1","0"