WKT,Name,OBJECTID,UKATEGORIE,UTYP1,UART,UMONAT,USTUNDE,UWOCHENTAG,STRZUSTAND,ULICHTVERH,ISTRAD,ISTPKW,ISTFUSS,ISTKRAD
"POINT (13.369758122000064 52.559688988000062)","Unfall 209317 (2021) Kat:3, Licht: 2","209317","3","3","5","03","02","7","","2","0","1","0","0"
"POINT (13.568438872000058 52.401850962000026)","Unfall 209318 (2021) Kat:3, Licht: 0","209318","3","1","1","03","17","5","","0","1","1","0","0"
"POINT (13.392798488000039 52.542566071000067)","Unfall 209319 (2021) Kat:3, Licht: 0","209319","3","2","5","03","14","4","","0","1","0","0","0"
"POINT (13.418189701000074 52.498788289000061)","Unfall 209320 (2021) Kat:3, Licht: 0","209320","3","1","0","01","16","7","","0","0","0","0","1"
"POINT (13.468951502000039 52.531392983000046)","Unfall 209321 (2021) Kat:2, Licht: 2","209321","2","2","5","02","22","2","","2","0","1","0","0"
"POINT (13.542796016000068 52.457626393000055)","Unfall 209322 (2021) Kat:3, Licht: 0","209322","3","7","5","03","14","6","","0","0","1","0","0"
"POINT (13.434649906000061 52.519550875000050)","Unfall 209323 (2021) Kat:3, Licht: 0","209323","3","4","6","01","09","3","","0","1","0","1","0"
"POINT (13.466776767000056 52.528508989000045)","Unfall 209324 (2021) Kat:3, Licht: 2","209324","3","3","5","02","17","3","","2","1","1","0","0"
"POINT (13.347572137000043 52.470570413000075)","Unfall 209325 (2021) Kat:3, Licht: 2","209325","3","2","6","01","17","4","","2","0","0","1","0"
"POINT (13.413091250000036 52.531912721000026)","Unfall 209326 (2021) Kat:3, Licht: 0","209326","3","7","2","03","09","2","","0","0","1","0","1"
"POINT (13.249581127000056 52.523938155000053)","Unfall 209327 (2021) Kat:3, Licht: 2","209327","3","6","2","02","23","1","","2","0","1","0","0"
"POINT (13.434351207000077 52.504727737000053)","Unfall 209328 (2021) Kat:3, Licht: 0","209328","3","6","2","03","10","4","","0","0","1","0","0"
"POINT (13.341254645000049 52.600031269000056)","Unfall 209329 (2021) Kat:3, Licht: 1","209329","3","7","5","03","06","2","","1","0","1","0","0"
"POINT (13.405123861000050 52.581577999000046)","Unfall 209330 (2021) Kat:3, Licht: 0","209330","3","1","0","02","13","1","","0","0","0","0","1"
"POINT (13.386375535000070 52.490076191000071)","Unfall 209331 (2021) Kat:3, Licht: 0","209331","3","2","6","01","08","3","","0","0","0","1","0"
"POINT (13.192607897000073 52.528668955000057)","Unfall 209332 (2021) Kat:2, Licht: 0","209332","2","2","6","01","13","3","","0","0","1","1","0"
"POINT (13.414172102000066 52.553617603000077)","Unfall 209333 (2021) Kat:3, Licht: 2","209333","3","2","3","01","05","6","","2","1","0","0","0"
"POINT (13.309785557000055 52.467221730000063)","Unfall 209334 (2021) Kat:3, Licht: 0","209334","3","3","5","03","11","4","","0","0","1","0","0"
"POINT (13.569678478000071 52.444632725000076)","Unfall 209335 (2021) Kat:3, Licht: 2","209335","3","6","2","01","17","3","","2","0","1","0","1"
"POINT (13.740016876000027 52.428524754000080)","Unfall 209336 (2021) Kat:2, Licht: 1","209336","2","3","5","02","16","5","","1","1","1","0","0"
"POINT (13.388522225000031 52.501666347000082)","Unfall 209337 (2021) Kat:3, Licht: 0","209337","3","7","0","02","10","2","","0","0","1","0","0"
"POINT (13.432046999000022 52.499333634000038)","Unfall 209338 (2021) Kat:3, Licht: 0","209338","3","2","6","01","10","3","","0","0","1","1","0"
"POINT (13.364195752000057 52.549680679000062)","Unfall 209339 (2021) Kat:3, Licht: 0","209339","3","3","5","03","16","2","","0","1","1","0","0"
"POINT (13.325489396000023 52.407345120000059)","Unfall 209340 (2021) Kat:3, Licht: 0","209340","3","6","3","02","14","6","","0","1","1","0","0"
"POINT (13.320323652000070 52.566024737000077)","Unfall 209341 (2021) Kat:3, Licht: 0","209341","3","3","5","01","10","3","","0","0","1","0","0"
"POINT (13.513133257000050 52.567975472000057)","Unfall 209342 (2021) Kat:3, Licht: 2","209342","3","4","6","01","17","2","","2","0","1","1","0"
"POINT (13.467731347000040 52.507532685000058)","Unfall 209343 (2021) Kat:3, Licht: 2","209343","3","4","6","01","17","6","","2","1","0","1","0"
"POINT (13.410300672000062 52.503782708000074)","Unfall 209344 (2021) Kat:3, Licht: 0","209344","3","3","5","02","15","1","","0","1","1","0","0"
"POINT (13.426407469000026 52.603172823000079)","Unfall 209345 (2021) Kat:3, Licht: 0","209345","3","2","5","03","15","2","","0","1","1","0","0"
"POINT (13.509744370000021 52.503486031000079)","Unfall 209346 (2021) Kat:3, Licht: 1","209346","3","2","5","03","16","6","","1","1","1","0","0"
"POINT (13.504741583000055 52.630022574000066)","Unfall 209347 (2021) Kat:3, Licht: 0","209347","3","7","5","01","14","5","","0","1","1","0","0"
"POINT (13.505900413000063 52.454033390000063)","Unfall 209348 (2021) Kat:3, Licht: 0","209348","3","5","1","02","14","4","","0","0","1","0","1"
"POINT (13.459110796000061 52.463362041000039)","Unfall 209349 (2021) Kat:3, Licht: 0","209349","3","6","2","03","16","6","","0","0","1","0","0"
"POINT (13.386978606000071 52.527137853000056)","Unfall 209350 (2021) Kat:3, Licht: 2","209350","3","2","5","02","19","5","","2","1","1","0","0"
"POINT (13.208269184000073 52.561383106000051)","Unfall 209351 (2021) Kat:3, Licht: 2","209351","3","7","0","02","21","3","","2","1","0","0","0"
"POINT (13.434375714000055 52.441884388000062)","Unfall 209352 (2021) Kat:3, Licht: 0","209352","3","5","1","01","09","7","","0","0","1","0","0"
"POINT (13.400890582000045 52.520861544000070)","Unfall 209353 (2021) Kat:3, Licht: 0","209353","3","2","2","03","07","3","","0","1","1","0","0"
"POINT (13.411683341000071 52.523963181000056)","Unfall 209354 (2021) Kat:3, Licht: 2","209354","3","2","5","02","18","3","","2","0","1","0","0"
"POINT (13.356908723000060 52.535704340000052)","Unfall 209355 (2021) Kat:3, Licht: 0","209355","3","6","0","03","16","5","","0","0","1","0","0"
"POINT (13.489516611000056 52.617374182000049)","Unfall 209356 (2021) Kat:3, Licht: 0","209356","3","4","6","03","08","4","","0","0","1","1","0"
"POINT (13.339380070000061 52.459405150000066)","Unfall 209357 (2021) Kat:3, Licht: 0","209357","3","2","2","02","15","2","","0","0","1","0","0"
"POINT (13.432919532000028 52.523341960000039)","Unfall 209358 (2021) Kat:3, Licht: 0","209358","3","2","5","03","08","5","","0","1","1","0","0"
"POINT (13.485933626000076 52.520937552000078)","Unfall 209359 (2021) Kat:2, Licht: 2","209359","2","4","6","01","06","5","","2","0","1","1","0"
"POINT (13.391824886000052 52.510500359000048)","Unfall 209360 (2021) Kat:2, Licht: 2","209360","2","3","5","01","19","3","","2","1","1","0","0"
"POINT (13.519629292000047 52.428273059000048)","Unfall 209361 (2021) Kat:3, Licht: 0","209361","3","2","5","02","15","3","","0","0","1","0","0"
"POINT (13.294755125000052 52.496174193000058)","Unfall 209362 (2021) Kat:3, Licht: 2","209362","3","5","5","03","19","4","","2","1","1","0","0"
"POINT (13.426062838000064 52.478191287000072)","Unfall 209363 (2021) Kat:3, Licht: 0","209363","3","7","5","01","10","4","","0","0","1","0","0"
"POINT (13.537781509000069 52.418987698000080)","Unfall 209364 (2021) Kat:3, Licht: 0","209364","3","6","2","03","15","2","","0","1","1","0","0"
"POINT (13.438481672000023 52.452696476000028)","Unfall 209365 (2021) Kat:3, Licht: 0","209365","3","6","3","02","16","2","","0","0","1","0","0"
"POINT (13.433155149000072 52.452434201000074)","Unfall 209366 (2021) Kat:3, Licht: 0","209366","3","3","5","01","15","4","","0","0","1","0","0"
"POINT (13.563161741000044 52.445935046000045)","Unfall 209367 (2021) Kat:2, Licht: 2","209367","2","1","0","03","20","3","","2","0","0","0","1"
"POINT (13.348793787000034 52.596293924000065)","Unfall 209368 (2021) Kat:2, Licht: 0","209368","2","7","2","03","06","3","","0","0","0","0","0"
"POINT (13.330812092000031 52.497015512000075)","Unfall 209369 (2021) Kat:3, Licht: 0","209369","3","6","2","02","08","2","","0","0","1","0","1"
"POINT (13.348943269000074 52.515102353000032)","Unfall 209370 (2021) Kat:3, Licht: 0","209370","3","6","2","01","14","4","","0","0","1","0","0"
"POINT (13.466561572000046 52.508414554000069)","Unfall 209371 (2021) Kat:3, Licht: 0","209371","3","4","6","01","14","3","","0","0","1","1","0"
"POINT (13.453436888000056 52.429400821000058)","Unfall 209372 (2021) Kat:2, Licht: 0","209372","2","2","0","03","12","2","","0","0","1","0","0"
"POINT (13.377236518000075 52.551284916000043)","Unfall 209373 (2021) Kat:3, Licht: 0","209373","3","3","5","03","16","2","","0","0","1","0","0"
"POINT (13.334103414000026 52.541029126000069)","Unfall 209374 (2021) Kat:3, Licht: 0","209374","3","6","2","01","13","1","","0","0","1","0","0"
"POINT (13.358915455000044 52.474659350000081)","Unfall 209375 (2021) Kat:3, Licht: 0","209375","3","3","5","03","15","5","","0","0","1","0","0"
"POINT (13.549474756000052 52.568765229000064)","Unfall 209376 (2021) Kat:3, Licht: 0","209376","3","2","5","03","07","5","","0","1","1","0","0"
"POINT (13.382505417000061 52.448182773000042)","Unfall 209377 (2021) Kat:3, Licht: 2","209377","3","5","1","01","22","4","","2","1","1","0","0"
"POINT (13.426808770000036 52.515804297000045)","Unfall 209378 (2021) Kat:3, Licht: 0","209378","3","7","2","02","14","7","","0","0","1","0","0"
"POINT (13.197819468000034 52.521397684000078)","Unfall 209379 (2021) Kat:3, Licht: 0","209379","3","4","6","02","14","2","","0","0","1","1","0"
"POINT (13.419600317000061 52.461300982000068)","Unfall 209380 (2021) Kat:3, Licht: 0","209380","3","7","7","03","13","5","","0","1","0","0","0"
"POINT (13.332116710000037 52.442429872000048)","Unfall 209381 (2021) Kat:3, Licht: 2","209381","3","2","6","01","07","3","","2","0","1","1","0"
"POINT (13.355555577000075 52.486509924000075)","Unfall 209382 (2021) Kat:3, Licht: 0","209382","3","5","1","02","12","7","","0","1","1","0","0"
"POINT (13.371340983000039 52.546103936000065)","Unfall 209383 (2021) Kat:3, Licht: 0","209383","3","5","1","02","15","6","","0","0","1","0","0"
"POINT (13.417472563000047 52.538334621000047)","Unfall 209384 (2021) Kat:3, Licht: 2","209384","3","3","5","03","18","4","","2","1","1","0","0"
"POINT (13.306388254000069 52.488278975000071)","Unfall 209385 (2021) Kat:2, Licht: 2","209385","2","3","5","03","20","3","","2","0","1","0","0"
"POINT (13.509389308000038 52.501721515000042)","Unfall 209386 (2021) Kat:3, Licht: 0","209386","3","2","6","02","09","2","","0","0","1","1","0"
"POINT (13.322455299000069 52.486432428000057)","Unfall 209387 (2021) Kat:2, Licht: 0","209387","2","7","5","01","12","4","","0","0","1","0","1"
"POINT (13.418733058000043 52.499050559000068)","Unfall 209388 (2021) Kat:2, Licht: 2","209388","2","4","6","01","21","2","","2","0","1","1","0"
"POINT (13.386734409000042 52.549476570000081)","Unfall 209389 (2021) Kat:3, Licht: 0","209389","3","2","6","01","14","1","","0","0","1","1","0"
"POINT (13.354916024000033 52.413295171000073)","Unfall 209390 (2021) Kat:3, Licht: 0","209390","3","2","5","03","08","4","","0","1","1","0","0"
"POINT (13.232155243000022 52.613555860000076)","Unfall 209391 (2021) Kat:3, Licht: 0","209391","3","6","0","01","08","2","","0","0","1","0","1"
"POINT (13.403787356000066 52.495297379000078)","Unfall 209392 (2021) Kat:3, Licht: 0","209392","3","3","5","02","17","5","","0","0","1","0","0"
"POINT (13.385779531000026 52.465728962000071)","Unfall 209393 (2021) Kat:3, Licht: 2","209393","3","2","6","02","06","4","","2","0","0","1","0"
"POINT (13.288026125000044 52.518888547000074)","Unfall 209394 (2021) Kat:3, Licht: 0","209394","3","2","5","01","15","3","","0","1","1","0","0"
"POINT (13.345086683000034 52.489005652000060)","Unfall 209395 (2021) Kat:3, Licht: 2","209395","3","2","5","03","19","1","","2","0","1","0","0"
"POINT (13.395712247000063 52.498267051000028)","Unfall 209396 (2021) Kat:3, Licht: 2","209396","3","3","5","02","03","6","","2","1","1","0","0"
"POINT (13.359304086000066 52.509871046000058)","Unfall 209397 (2021) Kat:3, Licht: 2","209397","3","6","2","01","19","3","","2","0","1","0","0"
"POINT (13.443773053000029 52.464095978000046)","Unfall 209398 (2021) Kat:3, Licht: 0","209398","3","6","2","01","15","3","","0","0","1","0","0"
"POINT (13.294371918000024 52.576269018000062)","Unfall 209399 (2021) Kat:2, Licht: 0","209399","2","6","3","01","10","2","","0","1","0","0","0"
"POINT (13.317257756000060 52.504284118000044)","Unfall 209400 (2021) Kat:2, Licht: 0","209400","2","3","5","02","14","7","","0","0","1","0","1"
"POINT (13.214805834000060 52.563509950000082)","Unfall 209401 (2021) Kat:3, Licht: 0","209401","3","7","6","03","17","2","","0","1","0","1","0"
"POINT (13.350307496000028 52.489618055000051)","Unfall 209402 (2021) Kat:3, Licht: 0","209402","3","5","0","03","16","7","","0","0","1","0","0"
"POINT (13.412822033000054 52.402709928000036)","Unfall 209403 (2021) Kat:3, Licht: 2","209403","3","5","1","03","22","5","","2","0","1","0","0"
"POINT (13.457135346000030 52.512995285000045)","Unfall 209404 (2021) Kat:3, Licht: 2","209404","3","1","0","01","00","1","","2","1","0","0","0"
"POINT (13.421127640000066 52.509729316000062)","Unfall 209405 (2021) Kat:3, Licht: 0","209405","3","2","5","02","11","3","","0","1","0","0","0"
"POINT (13.378273392000040 52.550397689000079)","Unfall 209406 (2021) Kat:3, Licht: 0","209406","3","2","6","03","17","7","","0","0","1","1","0"
"POINT (13.503481073000046 52.509664463000036)","Unfall 209407 (2021) Kat:3, Licht: 0","209407","3","2","5","02","07","5","","0","0","1","0","0"
"POINT (13.406366817000048 52.393763020000051)","Unfall 209408 (2021) Kat:3, Licht: 2","209408","3","2","6","01","05","5","","2","0","1","1","0"
"POINT (13.315606107000065 52.443094852000058)","Unfall 209409 (2021) Kat:2, Licht: 0","209409","2","2","6","03","15","3","","0","0","1","1","0"
"POINT (13.298045577000039 52.443103176000079)","Unfall 209410 (2021) Kat:3, Licht: 2","209410","3","5","1","02","18","5","","2","0","1","0","1"
"POINT (13.376754929000072 52.491422880000073)","Unfall 209411 (2021) Kat:3, Licht: 0","209411","3","2","5","03","09","6","","0","1","1","0","0"
"POINT (13.180036678000022 52.504479841000034)","Unfall 209412 (2021) Kat:3, Licht: 0","209412","3","3","5","03","16","4","","0","1","1","0","0"
"POINT (13.257798067000067 52.446235287000036)","Unfall 209413 (2021) Kat:3, Licht: 0","209413","3","7","1","02","13","3","","0","0","1","0","0"
"POINT (13.280848408000054 52.516992140000070)","Unfall 209414 (2021) Kat:3, Licht: 0","209414","3","6","3","03","14","6","","0","0","1","0","0"
"POINT (13.439529336000021 52.424112081000033)","Unfall 209415 (2021) Kat:3, Licht: 0","209415","3","6","3","01","10","5","","0","0","1","0","0"
"POINT (13.416619613000023 52.510964730000069)","Unfall 209416 (2021) Kat:3, Licht: 1","209416","3","4","6","01","16","4","","1","1","0","1","0"
"POINT (13.298212245000059 52.524448299000028)","Unfall 209417 (2021) Kat:3, Licht: 0","209417","3","1","9","02","13","6","","0","0","0","0","0"
"POINT (13.294480322000027 52.636680111000032)","Unfall 209418 (2021) Kat:2, Licht: 0","209418","2","6","3","02","14","3","","0","1","1","0","0"
"POINT (13.516090718000044 52.505634078000071)","Unfall 209419 (2021) Kat:3, Licht: 0","209419","3","2","5","03","14","4","","0","1","1","0","0"
"POINT (13.335393827000075 52.470465848000060)","Unfall 209420 (2021) Kat:3, Licht: 1","209420","3","7","6","01","15","4","","1","0","0","1","1"
"POINT (13.349607425000045 52.530136694000078)","Unfall 209421 (2021) Kat:3, Licht: 2","209421","3","4","0","03","18","2","","2","1","0","1","0"
"POINT (13.450216155000021 52.436953011000071)","Unfall 209422 (2021) Kat:3, Licht: 2","209422","3","5","1","02","20","2","","2","0","1","0","0"
"POINT (13.415076297000041 52.515662925000072)","Unfall 209423 (2021) Kat:3, Licht: 1","209423","3","3","5","01","08","5","","1","1","1","0","0"
"POINT (13.275193289000072 52.597896145000050)","Unfall 209424 (2021) Kat:3, Licht: 0","209424","3","1","0","03","17","1","","0","0","0","0","1"
"POINT (13.497585317000073 52.416039630000057)","Unfall 209425 (2021) Kat:2, Licht: 0","209425","2","2","5","02","13","1","","0","1","1","0","0"
"POINT (13.232064059000038 52.540670487000057)","Unfall 209426 (2021) Kat:3, Licht: 2","209426","3","2","2","01","07","4","","2","0","1","0","0"
"POINT (13.248465540000041 52.535059886000056)","Unfall 209427 (2021) Kat:3, Licht: 0","209427","3","5","1","01","14","2","","0","0","1","0","1"
"POINT (13.443118237000022 52.480299926000043)","Unfall 209428 (2021) Kat:3, Licht: 0","209428","3","6","2","03","11","1","","0","0","1","0","0"
"POINT (13.325651526000058 52.590711104000036)","Unfall 209429 (2021) Kat:3, Licht: 0","209429","3","7","5","01","12","6","","0","0","1","0","0"
"POINT (13.500419575000024 52.561549291000063)","Unfall 209430 (2021) Kat:3, Licht: 0","209430","3","6","2","03","15","5","","0","0","1","0","0"
"POINT (13.347116016000030 52.501067509000052)","Unfall 209431 (2021) Kat:3, Licht: 0","209431","3","2","5","01","08","3","","0","1","1","0","0"
"POINT (13.233330012000067 52.538518869000029)","Unfall 209432 (2021) Kat:3, Licht: 0","209432","3","1","0","02","12","6","","0","0","0","0","1"
"POINT (13.230850049000026 52.427409487000034)","Unfall 209433 (2021) Kat:3, Licht: 0","209433","3","6","2","02","16","4","","0","0","1","0","0"
"POINT (13.329219228000056 52.481703921000076)","Unfall 209434 (2021) Kat:3, Licht: 0","209434","3","2","6","03","14","6","","0","0","1","1","0"
"POINT (13.304238697000073 52.503672056000028)","Unfall 209435 (2021) Kat:3, Licht: 0","209435","3","2","5","02","10","4","","0","0","1","0","0"
"POINT (13.347144091000075 52.412078161000068)","Unfall 209436 (2021) Kat:3, Licht: 0","209436","3","3","5","01","11","2","","0","0","1","0","0"
"POINT (13.315317072000028 52.490845686000057)","Unfall 209437 (2021) Kat:3, Licht: 0","209437","3","2","5","03","14","3","","0","0","1","0","0"
"POINT (13.460334119000038 52.431922732000032)","Unfall 209438 (2021) Kat:3, Licht: 2","209438","3","2","6","01","18","2","","2","0","1","1","0"
"POINT (13.389745860000062 52.397125096000082)","Unfall 209439 (2021) Kat:3, Licht: 2","209439","3","1","8","02","18","3","","2","0","1","0","0"
"POINT (13.437838013000032 52.454476957000054)","Unfall 209440 (2021) Kat:2, Licht: 0","209440","2","6","2","03","12","1","","0","0","1","0","0"
"POINT (13.346919448000051 52.567084117000036)","Unfall 209441 (2021) Kat:3, Licht: 0","209441","3","6","2","03","17","5","","0","0","1","0","0"
"POINT (13.301867517000062 52.580424522000044)","Unfall 209442 (2021) Kat:3, Licht: 0","209442","3","3","5","03","15","4","","0","1","1","0","0"
"POINT (13.523535448000075 52.495643074000043)","Unfall 209443 (2021) Kat:2, Licht: 0","209443","2","3","5","01","14","5","","0","1","1","0","0"
"POINT (13.490188723000074 52.645457740000040)","Unfall 209444 (2021) Kat:3, Licht: 0","209444","3","2","5","02","11","5","","0","0","1","0","0"
"POINT (13.396064817000024 52.518830823000030)","Unfall 209445 (2021) Kat:3, Licht: 2","209445","3","6","0","03","19","7","","2","1","1","0","0"
"POINT (13.146286351000072 52.532708432000049)","Unfall 209446 (2021) Kat:3, Licht: 0","209446","3","6","2","03","12","5","","0","0","1","0","0"
"POINT (13.404797439000049 52.513562818000082)","Unfall 209447 (2021) Kat:2, Licht: 2","209447","2","4","6","01","17","5","","2","0","1","1","0"
"POINT (13.430008441000041 52.571718407000049)","Unfall 209448 (2021) Kat:3, Licht: 2","209448","3","4","6","01","06","2","","2","0","1","1","0"
"POINT (13.414374827000074 52.558833779000054)","Unfall 209449 (2021) Kat:3, Licht: 2","209449","3","7","1","02","17","5","","2","0","1","0","1"
"POINT (13.451916839000035 52.510708166000029)","Unfall 209450 (2021) Kat:3, Licht: 2","209450","3","3","5","02","18","4","","2","0","1","0","0"
"POINT (13.463110609000069 52.508247814000072)","Unfall 209451 (2021) Kat:3, Licht: 2","209451","3","2","5","03","20","2","","2","0","1","0","1"
"POINT (13.382398036000041 52.551972641000077)","Unfall 209452 (2021) Kat:3, Licht: 2","209452","3","6","2","02","18","4","","2","0","1","0","0"
"POINT (13.526205802000050 52.569447527000079)","Unfall 209453 (2021) Kat:3, Licht: 0","209453","3","4","6","01","11","7","","0","0","1","1","0"
"POINT (13.211446741000032 52.527345193000031)","Unfall 209454 (2021) Kat:3, Licht: 2","209454","3","2","5","01","18","1","","2","0","1","0","0"
"POINT (13.327188655000043 52.422322948000044)","Unfall 209455 (2021) Kat:2, Licht: 0","209455","2","6","4","02","12","7","","0","0","1","0","0"
"POINT (13.317951164000021 52.503016766000030)","Unfall 209456 (2021) Kat:3, Licht: 0","209456","3","7","5","03","11","2","","0","1","0","0","0"
"POINT (13.517337509000072 52.471478476000073)","Unfall 209457 (2021) Kat:3, Licht: 1","209457","3","7","5","02","16","6","","1","0","0","0","0"
"POINT (13.475752886000066 52.640457891000040)","Unfall 209458 (2021) Kat:3, Licht: 0","209458","3","6","2","03","14","6","","0","0","1","0","0"
"POINT (13.584349588000066 52.455394650000073)","Unfall 209459 (2021) Kat:2, Licht: 0","209459","2","4","6","03","16","4","","0","0","1","1","0"
"POINT (13.404440627000042 52.521913046000066)","Unfall 209460 (2021) Kat:3, Licht: 2","209460","3","1","0","01","21","7","","2","0","0","0","1"
"POINT (13.540221471000052 52.565260799000043)","Unfall 209461 (2021) Kat:3, Licht: 0","209461","3","3","5","02","14","5","","0","1","1","0","0"
"POINT (13.299880862000066 52.509759352000060)","Unfall 209462 (2021) Kat:3, Licht: 0","209462","3","3","5","03","10","6","","0","0","1","0","1"
"POINT (13.421749269000031 52.562646955000048)","Unfall 209463 (2021) Kat:2, Licht: 0","209463","2","3","5","02","11","3","","0","0","1","0","0"
"POINT (13.444035866000036 52.487570213000026)","Unfall 209464 (2021) Kat:3, Licht: 2","209464","3","5","1","01","19","6","","2","1","0","0","0"
"POINT (13.436101122000025 52.483962381000026)","Unfall 209465 (2021) Kat:3, Licht: 0","209465","3","7","2","03","11","2","","0","0","1","0","1"
"POINT (13.289152932000036 52.632946058000073)","Unfall 209466 (2021) Kat:3, Licht: 2","209466","3","4","6","02","05","4","","2","0","1","1","0"
"POINT (13.339957757000036 52.588054207000027)","Unfall 209467 (2021) Kat:2, Licht: 2","209467","2","2","5","03","19","4","","2","0","1","0","1"
"POINT (13.320257032000029 52.513579728000082)","Unfall 209468 (2021) Kat:3, Licht: 0","209468","3","6","2","03","11","2","","0","0","1","0","0"
"POINT (13.437856211000053 52.473162189000050)","Unfall 209469 (2021) Kat:3, Licht: 2","209469","3","3","5","02","18","3","","2","0","1","0","0"
"POINT (13.392848534000052 52.504369708000070)","Unfall 209470 (2021) Kat:3, Licht: 1","209470","3","2","6","01","07","5","","1","0","1","1","0"
"POINT (13.416338980000035 52.519985196000050)","Unfall 209471 (2021) Kat:3, Licht: 1","209471","3","2","5","01","16","4","","1","1","1","0","0"
"POINT (13.312377193000032 52.429841323000062)","Unfall 209472 (2021) Kat:3, Licht: 2","209472","3","3","5","02","18","6","","2","0","1","0","0"
"POINT (13.387686245000054 52.589539219000073)","Unfall 209473 (2021) Kat:3, Licht: 2","209473","3","1","9","01","03","1","","2","0","1","0","0"
"POINT (13.448572203000026 52.478556681000043)","Unfall 209474 (2021) Kat:3, Licht: 0","209474","3","3","5","03","11","4","","0","0","1","0","0"
"POINT (13.338659106000023 52.485611394000045)","Unfall 209475 (2021) Kat:3, Licht: 2","209475","3","2","6","01","17","4","","2","0","0","1","0"
"POINT (13.334527731000037 52.508450371000038)","Unfall 209476 (2021) Kat:3, Licht: 2","209476","3","1","0","03","01","2","","2","0","0","0","1"
"POINT (13.419871533000048 52.496397319000039)","Unfall 209477 (2021) Kat:3, Licht: 0","209477","3","6","2","02","12","6","","0","0","1","0","0"
"POINT (13.349578158000043 52.539060311000071)","Unfall 209478 (2021) Kat:3, Licht: 0","209478","3","4","6","01","15","4","","0","1","0","1","0"
"POINT (13.601855756000077 52.536906837000060)","Unfall 209479 (2021) Kat:3, Licht: 0","209479","3","3","5","03","08","3","","0","0","1","0","0"
"POINT (13.372255316000064 52.555953930000044)","Unfall 209480 (2021) Kat:3, Licht: 2","209480","3","7","5","02","06","2","","2","1","1","0","0"
"POINT (13.118018882000058 52.470685342000081)","Unfall 209481 (2021) Kat:2, Licht: 2","209481","2","1","9","01","00","4","","2","0","1","0","0"
"POINT (13.377763127000037 52.508171202000028)","Unfall 209482 (2021) Kat:3, Licht: 2","209482","3","7","6","01","18","2","","2","1","0","1","0"
"POINT (13.379365536000023 52.489626414000043)","Unfall 209483 (2021) Kat:2, Licht: 1","209483","2","4","6","03","18","2","","1","0","1","1","0"
"POINT (13.413175410000065 52.547681229000034)","Unfall 209484 (2021) Kat:3, Licht: 0","209484","3","2","5","02","07","6","","0","1","1","0","0"
"POINT (13.173208313000032 52.517867262000038)","Unfall 209485 (2021) Kat:2, Licht: 0","209485","2","6","2","03","11","7","","0","0","1","0","0"
"POINT (13.250105010000027 52.538084862000062)","Unfall 209486 (2021) Kat:3, Licht: 0","209486","3","1","0","03","07","5","","0","0","0","0","1"
"POINT (13.548346497000068 52.541878573000076)","Unfall 209487 (2021) Kat:3, Licht: 2","209487","3","1","9","01","01","1","","2","0","1","0","0"
"POINT (13.392814331000068 52.542570398000066)","Unfall 209488 (2021) Kat:3, Licht: 2","209488","3","3","5","02","19","4","","2","0","1","0","1"
"POINT (13.332288128000073 52.545836578000035)","Unfall 209489 (2021) Kat:3, Licht: 2","209489","3","1","8","03","01","6","","2","0","1","0","0"
"POINT (13.353965819000052 52.443340395000064)","Unfall 209490 (2021) Kat:3, Licht: 0","209490","3","3","5","02","15","4","","0","0","1","0","1"
"POINT (13.334229660000062 52.524543276000031)","Unfall 209491 (2021) Kat:2, Licht: 2","209491","2","2","5","01","17","6","","2","1","1","0","0"
"POINT (13.436718191000068 52.523494403000029)","Unfall 209492 (2021) Kat:3, Licht: 2","209492","3","2","5","03","05","3","","2","1","1","0","0"
"POINT (13.491258977000030 52.469059440000080)","Unfall 209493 (2021) Kat:3, Licht: 0","209493","3","2","5","02","10","3","","0","0","1","0","0"
"POINT (13.420468918000040 52.491789461000053)","Unfall 209494 (2021) Kat:3, Licht: 1","209494","3","6","3","03","18","1","","1","1","1","0","0"
"POINT (13.314278087000048 52.506337798000061)","Unfall 209495 (2021) Kat:3, Licht: 0","209495","3","6","0","03","12","6","","0","0","0","0","0"
"POINT (13.380232330000069 52.574953199000049)","Unfall 209496 (2021) Kat:3, Licht: 0","209496","3","2","5","03","06","4","","0","0","1","0","0"
"POINT (13.322305338000035 52.486429478000048)","Unfall 209497 (2021) Kat:3, Licht: 2","209497","3","6","2","01","18","7","","2","0","1","0","0"
"POINT (13.409794552000051 52.524014564000026)","Unfall 209498 (2021) Kat:3, Licht: 0","209498","3","2","5","02","08","3","","0","1","1","0","0"
"POINT (13.542825048000054 52.457628457000055)","Unfall 209499 (2021) Kat:3, Licht: 0","209499","3","7","5","03","12","6","","0","0","1","0","0"
"POINT (13.178028794000056 52.548666485000069)","Unfall 209500 (2021) Kat:3, Licht: 0","209500","3","2","6","01","10","5","","0","0","1","1","0"
"POINT (13.467324607000023 52.546393754000064)","Unfall 209501 (2021) Kat:3, Licht: 0","209501","3","1","2","02","10","7","","0","0","1","0","0"
"POINT (13.393217190000030 52.564444836000064)","Unfall 209502 (2021) Kat:3, Licht: 2","209502","3","2","0","01","21","1","","2","0","0","0","1"
"POINT (13.343268531000035 52.533128625000074)","Unfall 209503 (2021) Kat:3, Licht: 2","209503","3","1","0","01","22","3","","2","1","0","0","0"