WKT,Name,OBJECTID,UKATEGORIE,UTYP1,UART,UMONAT,USTUNDE,UWOCHENTAG,STRZUSTAND,ULICHTVERH,ISTRAD,ISTPKW,ISTFUSS,ISTKRAD
"POINT (13.355843834000041 52.538481371000046)","Unfall 209504 (2021) Kat:2, Licht: 0","209504","2","4","6","03","12","2","","0","0","0","1","0"
"POINT (13.380426864000071 52.443181080000045)","Unfall 209505 (2021) Kat:3, Licht: 0","209505","3","4","6","02","14","1","","0","0","1","1","0"
"POINT (13.385992390000069 52.549747151000076)","Unfall 209506 (2021) Kat:2, Licht: 2","209506","2","4","6","03","18","3","","2","0","1","1","0"
"POINT (13.332884199000034 52.478694068000038)","Unfall 209507 (2021) Kat:2, Licht: 0","209507","2","2","2","03","14","2","","0","1","1","0","0"
"POINT (13.302304819000028 52.547890730000063)","Unfall 209508 (2021) Kat:2, Licht: 0","209508","2","2","5","02","16","1","","0","0","1","0","0"
"POINT (13.570689329000061 52.568764088000080)","Unfall 209509 (2021) Kat:2, Licht: 2","209509","2","1","0","01","19","3","","2","1","0","0","0"
"POINT (13.197377857000049 52.531698827000071)","Unfall 209510 (2021) Kat:3, Licht: 0","209510","3","2","5","01","11","3","","0","1","0","0","0"
"POINT (13.394936203000043 52.503464953000048)","Unfall 209511 (2021) Kat:3, Licht: 2","209511","3","4","6","02","19","6","","2","0","1","1","0"
"POINT (13.439457028000049 52.452763965000031)","Unfall 209512 (2021) Kat:3, Licht: 1","209512","3","6","0","01","16","6","","1","0","1","0","0"
"POINT (13.186528595000027 52.547218467000050)","Unfall 209513 (2021) Kat:3, Licht: 0","209513","3","3","5","03","16","4","","0","0","1","0","0"
"POINT (13.453818907000027 52.532857651000029)","Unfall 209514 (2021) Kat:3, Licht: 2","209514","3","6","2","01","20","2","","2","0","1","0","0"
"POINT (13.422659462000070 52.523983662000035)","Unfall 209515 (2021) Kat:3, Licht: 0","209515","3","6","2","02","16","5","","0","0","1","0","0"
"POINT (13.466384119000054 52.433505475000061)","Unfall 209516 (2021) Kat:3, Licht: 0","209516","3","2","5","02","10","3","","0","0","1","0","0"
"POINT (13.318875111000068 52.519159972000068)","Unfall 209517 (2021) Kat:3, Licht: 2","209517","3","2","6","02","17","3","","2","0","1","1","0"
"POINT (13.593866928000068 52.447201638000081)","Unfall 209518 (2021) Kat:3, Licht: 2","209518","3","6","2","01","18","5","","2","0","1","0","0"
"POINT (13.406249705000050 52.554360234000058)","Unfall 209519 (2021) Kat:3, Licht: 2","209519","3","4","6","02","18","1","","2","0","0","1","0"
"POINT (13.195054358000050 52.544920551000075)","Unfall 209520 (2021) Kat:3, Licht: 2","209520","3","3","5","02","19","2","","2","0","1","0","0"
"POINT (13.387599385000044 52.493057665000038)","Unfall 209521 (2021) Kat:3, Licht: 0","209521","3","2","5","03","17","4","","0","1","1","0","0"
"POINT (13.294392494000022 52.448952421000058)","Unfall 209522 (2021) Kat:2, Licht: 0","209522","2","2","2","03","11","2","","0","0","1","0","1"
"POINT (13.361134931000038 52.497880184000053)","Unfall 209523 (2021) Kat:3, Licht: 0","209523","3","6","2","02","15","2","","0","0","1","0","0"
"POINT (13.351720138000076 52.440312950000077)","Unfall 209524 (2021) Kat:3, Licht: 1","209524","3","2","6","01","07","3","","1","0","1","1","0"
"POINT (13.310250532000055 52.493943465000029)","Unfall 209525 (2021) Kat:2, Licht: 0","209525","2","4","6","01","14","2","","0","0","0","1","0"
"POINT (13.286799951000035 52.535201469000071)","Unfall 209526 (2021) Kat:3, Licht: 2","209526","3","2","6","02","18","6","","2","0","0","1","0"
"POINT (13.324787474000061 52.484222463000037)","Unfall 209527 (2021) Kat:3, Licht: 0","209527","3","5","1","03","09","4","","0","1","1","0","0"
"POINT (13.390362629000037 52.507668084000045)","Unfall 209528 (2021) Kat:3, Licht: 0","209528","3","3","5","01","09","4","","0","0","1","0","0"
"POINT (13.218181264000066 52.508744884000066)","Unfall 209529 (2021) Kat:2, Licht: 2","209529","2","4","6","02","05","6","","2","0","0","1","0"
"POINT (13.441605237000033 52.554795585000079)","Unfall 209530 (2021) Kat:3, Licht: 0","209530","3","3","5","02","13","4","","0","0","1","0","0"
"POINT (13.328906376000077 52.446024747000081)","Unfall 209531 (2021) Kat:3, Licht: 0","209531","3","3","5","01","12","4","","0","0","1","0","0"
"POINT (13.316832464000072 52.478218165000044)","Unfall 209532 (2021) Kat:3, Licht: 2","209532","3","1","9","03","22","2","","2","0","1","0","0"
"POINT (13.592205562000061 52.518783775000031)","Unfall 209533 (2021) Kat:3, Licht: 2","209533","3","1","0","02","22","1","","2","0","1","0","1"
"POINT (13.418368373000021 52.500000521000061)","Unfall 209534 (2021) Kat:3, Licht: 2","209534","3","4","6","01","06","2","","2","0","1","1","0"
"POINT (13.226003422000076 52.502473215000066)","Unfall 209535 (2021) Kat:3, Licht: 0","209535","3","6","4","01","15","1","","0","1","1","0","0"
"POINT (13.158230343000071 52.532366605000050)","Unfall 209536 (2021) Kat:2, Licht: 0","209536","2","7","6","03","12","7","","0","0","1","1","0"
"POINT (13.495763413000077 52.564691644000050)","Unfall 209537 (2021) Kat:3, Licht: 0","209537","3","6","2","03","18","6","","0","0","1","0","0"
"POINT (13.372610294000026 52.568139542000040)","Unfall 209538 (2021) Kat:3, Licht: 2","209538","3","3","5","01","20","1","","2","0","1","0","0"
"POINT (13.485489182000038 52.523142025000027)","Unfall 209539 (2021) Kat:3, Licht: 0","209539","3","3","5","02","11","5","","0","0","1","0","0"
"POINT (13.158777986000075 52.530994673000066)","Unfall 209540 (2021) Kat:3, Licht: 2","209540","3","5","1","03","21","6","","2","0","1","0","0"
"POINT (13.407135124000035 52.524803905000056)","Unfall 209541 (2021) Kat:2, Licht: 0","209541","2","5","1","02","10","4","","0","1","0","0","0"
"POINT (13.400164401000040 52.459134806000066)","Unfall 209542 (2021) Kat:3, Licht: 2","209542","3","2","5","01","17","6","","2","0","1","0","0"
"POINT (13.425369354000054 52.493278705000080)","Unfall 209543 (2021) Kat:3, Licht: 0","209543","3","4","6","03","16","3","","0","0","1","1","0"
"POINT (13.141553973000043 52.532371146000060)","Unfall 209544 (2021) Kat:3, Licht: 0","209544","3","3","5","02","16","3","","0","0","1","0","0"
"POINT (13.399665482000046 52.444364317000066)","Unfall 209545 (2021) Kat:3, Licht: 0","209545","3","6","2","03","09","6","","0","0","1","0","0"
"POINT (13.187275328000055 52.520229847000053)","Unfall 209546 (2021) Kat:3, Licht: 2","209546","3","1","8","03","05","5","","2","0","1","0","0"
"POINT (13.395812666000040 52.498368324000069)","Unfall 209547 (2021) Kat:3, Licht: 0","209547","3","3","2","03","07","3","","0","0","1","0","0"
"POINT (13.351127257000030 52.515175961000068)","Unfall 209548 (2021) Kat:3, Licht: 2","209548","3","6","2","01","20","7","","2","0","1","0","0"
"POINT (13.496601529000031 52.549109610000073)","Unfall 209549 (2021) Kat:3, Licht: 0","209549","3","3","5","02","17","3","","0","0","1","0","0"
"POINT (13.452767984000047 52.541481635000082)","Unfall 209550 (2021) Kat:3, Licht: 0","209550","3","2","5","03","14","6","","0","1","1","0","0"
"POINT (13.355210304000025 52.413353110000060)","Unfall 209551 (2021) Kat:3, Licht: 2","209551","3","2","6","01","19","3","","2","0","1","1","0"
"POINT (13.428965821000077 52.482693513000072)","Unfall 209552 (2021) Kat:3, Licht: 2","209552","3","7","2","02","20","6","","2","0","1","0","0"
"POINT (13.191472165000050 52.536296136000033)","Unfall 209553 (2021) Kat:3, Licht: 2","209553","3","6","2","02","17","3","","2","0","1","0","0"
"POINT (13.400178355000037 52.459136805000071)","Unfall 209554 (2021) Kat:3, Licht: 2","209554","3","2","5","01","18","4","","2","0","1","0","0"
"POINT (13.391855498000041 52.557754590000059)","Unfall 209555 (2021) Kat:3, Licht: 1","209555","3","4","6","02","17","7","","1","0","1","1","0"
"POINT (13.544793559000027 52.522378481000032)","Unfall 209556 (2021) Kat:3, Licht: 0","209556","3","6","6","02","08","6","","0","0","1","1","0"
"POINT (13.312479918000065 52.488538028000050)","Unfall 209557 (2021) Kat:3, Licht: 0","209557","3","3","5","03","15","4","","0","0","1","0","0"
"POINT (13.517977122000048 52.535530703000063)","Unfall 209558 (2021) Kat:3, Licht: 0","209558","3","6","2","03","11","3","","0","0","1","0","1"
"POINT (13.377296104000038 52.453671777000068)","Unfall 209559 (2021) Kat:3, Licht: 0","209559","3","3","5","02","13","1","","0","0","1","0","0"
"POINT (13.358730881000042 52.562005056000032)","Unfall 209560 (2021) Kat:3, Licht: 0","209560","3","6","2","01","12","4","","0","0","1","0","0"
"POINT (13.449261319000072 52.508070454000062)","Unfall 209561 (2021) Kat:3, Licht: 2","209561","3","3","5","01","17","2","","2","0","1","0","0"
"POINT (13.562029106000068 52.437386285000059)","Unfall 209562 (2021) Kat:3, Licht: 2","209562","3","6","2","01","06","6","","2","0","1","0","0"
"POINT (13.428804020000030 52.503986328000053)","Unfall 209563 (2021) Kat:3, Licht: 0","209563","3","7","5","03","13","4","","0","1","1","0","0"
"POINT (13.489947274000031 52.419997942000066)","Unfall 209564 (2021) Kat:3, Licht: 1","209564","3","6","3","01","16","2","","1","0","1","0","0"
"POINT (13.455510964000041 52.541383972000062)","Unfall 209565 (2021) Kat:3, Licht: 0","209565","3","3","5","02","11","5","","0","1","1","0","0"
"POINT (13.607058608000045 52.538935735000052)","Unfall 209566 (2021) Kat:3, Licht: 2","209566","3","4","6","02","18","5","","2","0","1","1","0"
"POINT (13.425623839000025 52.594852174000039)","Unfall 209567 (2021) Kat:3, Licht: 0","209567","3","1","4","01","10","3","","0","0","1","0","0"
"POINT (13.302280829000040 52.507610358000079)","Unfall 209568 (2021) Kat:3, Licht: 0","209568","3","5","1","03","15","3","","0","1","1","0","0"
"POINT (13.452130379000039 52.452652063000073)","Unfall 209569 (2021) Kat:3, Licht: 0","209569","3","2","5","02","14","7","","0","0","1","0","0"
"POINT (13.413465930000029 52.547656303000053)","Unfall 209570 (2021) Kat:2, Licht: 0","209570","2","3","0","01","09","4","","0","0","1","0","0"
"POINT (13.394609882000054 52.504559387000029)","Unfall 209571 (2021) Kat:3, Licht: 2","209571","3","3","5","01","19","7","","2","0","1","0","0"
"POINT (13.464954739000063 52.464163137000071)","Unfall 209572 (2021) Kat:2, Licht: 2","209572","2","4","6","01","07","5","","2","0","0","1","0"
"POINT (13.580548265000061 52.443371382000066)","Unfall 209573 (2021) Kat:3, Licht: 0","209573","3","1","0","02","08","7","","0","1","0","0","0"
"POINT (13.418731723000064 52.501434360000076)","Unfall 209574 (2021) Kat:3, Licht: 2","209574","3","5","1","03","18","7","","2","1","1","0","0"
"POINT (13.442934612000045 52.500556315000040)","Unfall 209575 (2021) Kat:3, Licht: 0","209575","3","7","0","03","15","6","","0","0","0","0","0"
"POINT (13.440391295000040 52.515858522000030)","Unfall 209576 (2021) Kat:3, Licht: 0","209576","3","3","5","03","15","6","","0","1","1","0","0"
"POINT (13.330158522000033 52.464600796000070)","Unfall 209577 (2021) Kat:3, Licht: 2","209577","3","1","1","01","18","1","","2","0","1","0","0"
"POINT (13.272636572000067 52.519319538000047)","Unfall 209578 (2021) Kat:3, Licht: 0","209578","3","6","2","02","13","4","","0","0","1","0","0"
"POINT (13.296356012000047 52.464625005000073)","Unfall 209579 (2021) Kat:2, Licht: 0","209579","2","7","0","03","10","7","","0","1","1","0","0"
"POINT (13.383536219000064 52.555030293000073)","Unfall 209580 (2021) Kat:3, Licht: 0","209580","3","2","5","02","09","5","","0","1","1","0","0"
"POINT (13.323164800000029 52.458885960000032)","Unfall 209581 (2021) Kat:2, Licht: 0","209581","2","7","6","01","15","3","","0","0","1","1","0"
"POINT (13.634488770000075 52.387018563000026)","Unfall 209582 (2021) Kat:3, Licht: 0","209582","3","7","6","03","15","2","","0","0","1","1","0"
"POINT (13.450271924000049 52.470749900000044)","Unfall 209583 (2021) Kat:3, Licht: 0","209583","3","2","5","02","16","6","","0","0","1","0","0"
"POINT (13.440684850000025 52.517270637000081)","Unfall 209584 (2021) Kat:3, Licht: 0","209584","3","3","5","01","14","3","","0","1","1","0","0"
"POINT (13.350253946000066 52.414319813000077)","Unfall 209585 (2021) Kat:3, Licht: 1","209585","3","2","5","01","07","2","","1","0","1","0","1"
"POINT (13.503863523000064 52.552893140000037)","Unfall 209586 (2021) Kat:3, Licht: 0","209586","3","6","2","01","14","7","","0","0","1","0","0"
"POINT (13.384565486000042 52.529357642000036)","Unfall 209587 (2021) Kat:3, Licht: 2","209587","3","6","2","02","19","7","","2","0","1","0","0"
"POINT (13.374105538000038 52.530578320000075)","Unfall 209588 (2021) Kat:3, Licht: 0","209588","3","3","5","02","09","6","","0","1","1","0","0"
"POINT (13.320667952000065 52.456975213000078)","Unfall 209589 (2021) Kat:3, Licht: 0","209589","3","2","2","03","15","2","","0","0","1","0","0"
"POINT (13.321877040000061 52.516474331000040)","Unfall 209590 (2021) Kat:3, Licht: 2","209590","3","1","1","01","03","5","","2","0","1","0","0"
"POINT (13.510318194000035 52.404671887000063)","Unfall 209591 (2021) Kat:3, Licht: 2","209591","3","2","5","03","17","5","","2","0","1","0","0"
"POINT (13.424165355000071 52.485735974000079)","Unfall 209592 (2021) Kat:3, Licht: 0","209592","3","7","0","01","13","6","","0","0","1","0","1"
"POINT (13.376255115000049 52.536028137000073)","Unfall 209593 (2021) Kat:3, Licht: 2","209593","3","1","9","02","19","4","","2","0","1","0","0"
"POINT (13.371643222000046 52.423589596000056)","Unfall 209594 (2021) Kat:3, Licht: 0","209594","3","2","5","03","11","6","","0","0","1","0","0"
"POINT (13.494948083000054 52.421096637000062)","Unfall 209595 (2021) Kat:2, Licht: 0","209595","2","7","1","02","13","5","","0","0","1","1","0"
"POINT (13.383964386000059 52.529838736000045)","Unfall 209596 (2021) Kat:3, Licht: 0","209596","3","4","6","01","10","7","","0","0","0","1","0"
"POINT (13.331083284000044 52.495371426000077)","Unfall 209597 (2021) Kat:3, Licht: 0","209597","3","2","5","03","12","3","","0","0","1","0","0"
"POINT (13.395618555000055 52.538652157000058)","Unfall 209598 (2021) Kat:3, Licht: 2","209598","3","6","3","02","17","3","","2","0","1","0","0"
"POINT (13.348112849000074 52.408496694000064)","Unfall 209599 (2021) Kat:3, Licht: 0","209599","3","7","1","03","14","6","","0","1","1","0","0"
"POINT (13.348340611000026 52.437911121000070)","Unfall 209600 (2021) Kat:2, Licht: 0","209600","2","2","5","03","15","3","","0","0","1","0","1"
"POINT (13.329173719000039 52.478710837000051)","Unfall 209601 (2021) Kat:3, Licht: 0","209601","3","6","3","02","17","3","","0","0","1","0","1"
"POINT (13.392326942000068 52.555156515000078)","Unfall 209602 (2021) Kat:3, Licht: 0","209602","3","7","5","03","14","5","","0","0","1","0","0"
"POINT (13.427739440000039 52.481161177000047)","Unfall 209603 (2021) Kat:3, Licht: 0","209603","3","2","5","01","15","4","","0","0","1","0","1"
"POINT (13.410439770000039 52.499321948000045)","Unfall 209604 (2021) Kat:3, Licht: 0","209604","3","1","0","01","10","5","","0","1","0","0","0"
"POINT (13.348342308000042 52.556313691000071)","Unfall 209605 (2021) Kat:3, Licht: 0","209605","3","7","0","02","11","7","","0","0","1","0","0"
"POINT (13.334030625000025 52.540990981000050)","Unfall 209606 (2021) Kat:3, Licht: 0","209606","3","6","2","02","14","2","","0","0","1","0","0"
"POINT (13.301872169000035 52.488601519000042)","Unfall 209607 (2021) Kat:3, Licht: 0","209607","3","2","0","03","13","5","","0","1","1","0","0"
"POINT (13.314432026000077 52.472101089000034)","Unfall 209608 (2021) Kat:2, Licht: 2","209608","2","4","6","01","19","3","","2","0","1","1","0"
"POINT (13.346021638000025 52.496157822000043)","Unfall 209609 (2021) Kat:3, Licht: 0","209609","3","5","1","02","14","6","","0","1","1","0","0"
"POINT (13.294215084000029 52.580989740000064)","Unfall 209610 (2021) Kat:3, Licht: 2","209610","3","4","6","02","20","5","","2","0","0","1","0"
"POINT (13.345738421000021 52.436280574000079)","Unfall 209611 (2021) Kat:3, Licht: 0","209611","3","2","2","03","13","5","","0","0","1","0","0"
"POINT (13.209863795000047 52.548054257000047)","Unfall 209612 (2021) Kat:3, Licht: 0","209612","3","6","2","03","15","3","","0","1","0","0","0"
"POINT (13.411958351000067 52.417288030000066)","Unfall 209613 (2021) Kat:3, Licht: 0","209613","3","3","5","02","14","2","","0","1","1","0","0"
"POINT (13.371823533000054 52.509260196000071)","Unfall 209614 (2021) Kat:3, Licht: 2","209614","3","3","5","01","18","3","","2","0","1","0","0"
"POINT (13.332494542000063 52.458293222000066)","Unfall 209615 (2021) Kat:3, Licht: 2","209615","3","2","5","01","17","3","","2","0","1","0","0"
"POINT (13.458139519000042 52.610553238000080)","Unfall 209616 (2021) Kat:3, Licht: 0","209616","3","4","6","03","15","2","","0","0","1","1","0"
"POINT (13.251726055000063 52.411462427000060)","Unfall 209617 (2021) Kat:3, Licht: 0","209617","3","7","7","01","10","6","","0","1","0","0","0"
"POINT (13.500109997000038 52.561580157000037)","Unfall 209618 (2021) Kat:3, Licht: 0","209618","3","2","6","03","07","4","","0","0","1","1","0"
"POINT (13.330804899000043 52.500310203000026)","Unfall 209619 (2021) Kat:3, Licht: 0","209619","3","2","5","01","11","2","","0","1","0","0","0"
"POINT (13.334624945000030 52.464168823000080)","Unfall 209620 (2021) Kat:3, Licht: 0","209620","3","2","5","02","12","5","","0","0","1","0","1"
"POINT (13.466105782000056 52.429032702000029)","Unfall 209621 (2021) Kat:3, Licht: 1","209621","3","2","2","02","16","3","","1","0","1","0","0"
"POINT (13.504635090000022 52.432869412000059)","Unfall 209622 (2021) Kat:3, Licht: 0","209622","3","2","5","01","14","3","","0","0","1","0","0"
"POINT (13.326821421000034 52.500229311000055)","Unfall 209623 (2021) Kat:3, Licht: 0","209623","3","7","6","03","16","3","","0","0","1","1","0"
"POINT (13.461365561000036 52.508720257000050)","Unfall 209624 (2021) Kat:3, Licht: 0","209624","3","3","0","02","11","7","","0","0","1","0","1"
"POINT (13.273573206000037 52.417114111000046)","Unfall 209625 (2021) Kat:2, Licht: 0","209625","2","6","4","01","14","3","","0","0","1","0","0"
"POINT (13.299391229000037 52.523374922000073)","Unfall 209626 (2021) Kat:2, Licht: 0","209626","2","6","2","01","14","2","","0","0","1","0","0"
"POINT (13.159753302000070 52.564451654000038)","Unfall 209627 (2021) Kat:3, Licht: 1","209627","3","3","5","01","08","6","","1","1","1","0","0"
"POINT (13.619352624000044 52.541138193000052)","Unfall 209628 (2021) Kat:3, Licht: 0","209628","3","4","6","02","15","6","","0","0","1","1","0"
"POINT (13.603347247000045 52.537951186000043)","Unfall 209629 (2021) Kat:3, Licht: 0","209629","3","7","6","03","11","7","","0","0","0","1","0"
"POINT (13.335250518000066 52.499096542000075)","Unfall 209630 (2021) Kat:3, Licht: 0","209630","3","6","2","03","07","6","","0","0","1","0","1"
"POINT (13.439016256000059 52.568555229000026)","Unfall 209631 (2021) Kat:3, Licht: 0","209631","3","4","6","03","08","3","","0","0","1","1","0"
"POINT (13.351094968000041 52.567460339000036)","Unfall 209632 (2021) Kat:3, Licht: 2","209632","3","2","5","01","16","7","","2","0","1","0","0"
"POINT (13.635346541000047 52.389241040000059)","Unfall 209633 (2021) Kat:3, Licht: 1","209633","3","1","0","02","17","4","","1","1","0","0","0"
"POINT (13.368076060000021 52.556992500000035)","Unfall 209634 (2021) Kat:3, Licht: 2","209634","3","1","9","02","05","1","","2","0","0","0","0"
"POINT (13.476201300000071 52.506809125000075)","Unfall 209635 (2021) Kat:3, Licht: 0","209635","3","5","1","03","07","6","","0","1","1","0","0"
"POINT (13.406806075000077 52.393768892000026)","Unfall 209636 (2021) Kat:3, Licht: 2","209636","3","3","0","02","19","5","","2","0","1","0","0"
"POINT (13.455836744000067 52.473822432000077)","Unfall 209637 (2021) Kat:3, Licht: 2","209637","3","2","5","02","23","4","","2","1","1","0","0"
"POINT (13.352023670000051 52.546252175000063)","Unfall 209638 (2021) Kat:3, Licht: 0","209638","3","3","5","01","12","6","","0","1","1","0","0"
"POINT (13.383402627000066 52.548520050000036)","Unfall 209639 (2021) Kat:3, Licht: 0","209639","3","3","5","03","08","3","","0","0","1","0","0"
"POINT (13.327760794000028 52.500171277000049)","Unfall 209640 (2021) Kat:3, Licht: 0","209640","3","6","2","02","09","4","","0","0","1","0","0"
"POINT (13.564881743000058 52.544549556000050)","Unfall 209641 (2021) Kat:2, Licht: 0","209641","2","2","5","03","16","4","","0","1","1","0","0"
"POINT (13.166558006000059 52.533362220000072)","Unfall 209642 (2021) Kat:3, Licht: 0","209642","3","3","5","03","10","3","","0","0","1","0","0"
"POINT (13.376992843000039 52.556922058000055)","Unfall 209643 (2021) Kat:3, Licht: 0","209643","3","6","3","02","09","3","","0","0","1","0","0"
"POINT (13.377970574000074 52.466424412000038)","Unfall 209644 (2021) Kat:3, Licht: 2","209644","3","2","5","01","16","4","","2","1","1","0","0"
"POINT (13.428243995000059 52.452262057000041)","Unfall 209645 (2021) Kat:3, Licht: 2","209645","3","6","0","01","21","4","","2","0","1","0","0"
"POINT (13.172016442000029 52.533721908000075)","Unfall 209646 (2021) Kat:3, Licht: 2","209646","3","6","2","01","19","1","","2","0","1","0","0"
"POINT (13.393417774000056 52.388570635000065)","Unfall 209647 (2021) Kat:3, Licht: 0","209647","3","3","5","03","07","4","","0","1","1","0","0"
"POINT (13.359714212000029 52.488569033000033)","Unfall 209648 (2021) Kat:3, Licht: 2","209648","3","2","5","01","19","4","","2","1","1","0","0"
"POINT (13.500040445000025 52.530626776000076)","Unfall 209649 (2021) Kat:3, Licht: 0","209649","3","6","2","03","14","2","","0","0","1","0","0"
"POINT (13.433669152000050 52.489623541000071)","Unfall 209650 (2021) Kat:3, Licht: 2","209650","3","1","0","02","19","2","","2","0","1","0","0"
"POINT (13.588976171000070 52.539342415000078)","Unfall 209651 (2021) Kat:3, Licht: 2","209651","3","3","5","01","19","4","","2","1","1","0","0"
"POINT (13.264801262000049 52.536843545000067)","Unfall 209652 (2021) Kat:3, Licht: 0","209652","3","2","5","03","08","3","","0","0","1","0","0"
"POINT (13.465402783000059 52.532907298000055)","Unfall 209653 (2021) Kat:3, Licht: 2","209653","3","5","1","01","16","6","","2","1","1","0","0"
"POINT (13.209583672000065 52.579842189000033)","Unfall 209654 (2021) Kat:3, Licht: 0","209654","3","4","6","03","15","3","","0","0","1","1","0"
"POINT (13.484655875000044 52.513971332000040)","Unfall 209655 (2021) Kat:3, Licht: 2","209655","3","2","5","02","17","2","","2","0","1","0","1"
"POINT (13.385361608000039 52.468588540000042)","Unfall 209656 (2021) Kat:3, Licht: 0","209656","3","4","6","03","15","5","","0","0","1","1","0"
"POINT (13.460506410000050 52.559589842000037)","Unfall 209657 (2021) Kat:3, Licht: 2","209657","3","3","5","03","05","4","","2","1","1","0","0"
"POINT (13.565373978000025 52.544582517000038)","Unfall 209658 (2021) Kat:3, Licht: 0","209658","3","6","0","02","13","3","","0","0","0","0","0"
"POINT (13.268479975000048 52.511569198000075)","Unfall 209659 (2021) Kat:3, Licht: 0","209659","3","6","2","03","11","5","","0","0","1","0","0"
"POINT (13.287097087000063 52.517369602000031)","Unfall 209660 (2021) Kat:3, Licht: 2","209660","3","1","0","01","17","5","","2","0","0","0","1"
"POINT (13.315133660000072 52.514785565000068)","Unfall 209661 (2021) Kat:2, Licht: 2","209661","2","1","9","01","22","4","","2","0","1","0","0"
"POINT (13.427440597000043 52.552401113000030)","Unfall 209662 (2021) Kat:2, Licht: 0","209662","2","3","5","02","09","2","","0","0","1","0","0"
"POINT (13.307722048000073 52.556480726000075)","Unfall 209663 (2021) Kat:2, Licht: 0","209663","2","3","5","03","13","4","","0","1","0","0","0"
"POINT (13.383618997000042 52.493935239000052)","Unfall 209664 (2021) Kat:2, Licht: 1","209664","2","4","6","01","15","4","","1","0","1","1","0"
"POINT (13.309697442000072 52.431350862000045)","Unfall 209665 (2021) Kat:3, Licht: 2","209665","3","2","2","02","23","7","","2","0","1","0","0"
"POINT (13.541111792000038 52.458176440000045)","Unfall 209666 (2021) Kat:3, Licht: 0","209666","3","6","2","02","14","2","","0","0","1","0","0"
"POINT (13.481988854000065 52.481732210000075)","Unfall 209667 (2021) Kat:3, Licht: 0","209667","3","2","5","01","10","4","","0","0","1","0","0"
"POINT (13.438869511000064 52.555408214000067)","Unfall 209668 (2021) Kat:3, Licht: 0","209668","3","3","5","03","07","4","","0","1","1","0","0"
"POINT (13.398754986000029 52.532584183000040)","Unfall 209669 (2021) Kat:3, Licht: 0","209669","3","2","6","03","17","3","","0","0","1","1","0"
"POINT (13.404603645000066 52.540605945000038)","Unfall 209670 (2021) Kat:3, Licht: 0","209670","3","2","5","02","14","1","","0","1","0","0","0"
"POINT (13.208349994000059 52.561836621000054)","Unfall 209671 (2021) Kat:3, Licht: 0","209671","3","6","2","01","14","4","","0","0","1","0","0"
"POINT (13.282471682000050 52.590997148000042)","Unfall 209672 (2021) Kat:2, Licht: 2","209672","2","2","6","01","17","2","","2","0","1","1","0"
"POINT (13.338947663000056 52.601185593000082)","Unfall 209673 (2021) Kat:3, Licht: 2","209673","3","2","5","03","21","7","","2","0","1","0","0"
"POINT (13.478728953000029 52.477581220000047)","Unfall 209674 (2021) Kat:3, Licht: 0","209674","3","2","5","01","12","1","","0","0","1","0","0"
"POINT (13.399607427000035 52.464405858000077)","Unfall 209675 (2021) Kat:3, Licht: 0","209675","3","7","5","03","16","5","","0","0","1","0","1"
"POINT (13.385392108000076 52.466093230000070)","Unfall 209676 (2021) Kat:2, Licht: 2","209676","2","2","6","01","06","3","","2","0","1","1","0"
"POINT (13.274892577000060 52.460433191000050)","Unfall 209677 (2021) Kat:3, Licht: 0","209677","3","3","5","02","15","6","","0","0","1","0","0"
"POINT (13.346935376000033 52.569262420000030)","Unfall 209678 (2021) Kat:3, Licht: 1","209678","3","3","5","02","17","5","","1","0","1","0","0"
"POINT (13.387984075000077 52.502751355000044)","Unfall 209679 (2021) Kat:3, Licht: 2","209679","3","6","2","02","17","2","","2","0","1","0","0"
"POINT (13.458537158000070 52.527304042000026)","Unfall 209680 (2021) Kat:3, Licht: 0","209680","3","2","5","03","12","3","","0","1","1","0","0"
"POINT (13.376159659000052 52.409216998000034)","Unfall 209681 (2021) Kat:2, Licht: 1","209681","2","2","5","02","07","4","","1","0","1","0","0"
"POINT (13.557269361000067 52.507223126000042)","Unfall 209682 (2021) Kat:3, Licht: 2","209682","3","3","5","01","17","2","","2","1","1","0","0"
"POINT (13.306540983000048 52.428638928000055)","Unfall 209683 (2021) Kat:2, Licht: 0","209683","2","4","6","03","15","3","","0","0","1","1","0"
"POINT (13.385495197000068 52.518484322000063)","Unfall 209684 (2021) Kat:3, Licht: 0","209684","3","2","5","01","12","6","","0","0","1","0","0"
"POINT (13.446907844000066 52.426980549000064)","Unfall 209685 (2021) Kat:3, Licht: 0","209685","3","2","5","02","14","6","","0","0","1","0","0"
"POINT (13.481266110000035 52.460804097000050)","Unfall 209686 (2021) Kat:2, Licht: 0","209686","2","2","5","03","09","7","","0","0","1","0","0"
"POINT (13.287249440000039 52.516858970000044)","Unfall 209687 (2021) Kat:3, Licht: 0","209687","3","4","0","03","10","5","","0","0","1","1","0"
"POINT (13.547021139000037 52.431455727000071)","Unfall 209688 (2021) Kat:3, Licht: 0","209688","3","6","2","03","13","5","","0","0","1","0","0"
"POINT (13.463728195000044 52.510689163000052)","Unfall 209689 (2021) Kat:3, Licht: 0","209689","3","1","0","01","14","7","","0","0","0","0","1"
"POINT (13.301702210000030 52.438440562000039)","Unfall 209690 (2021) Kat:3, Licht: 0","209690","3","6","2","02","11","5","","0","0","1","0","0"