WKT,Name,OBJECTID,UKATEGORIE,UTYP1,UART,UMONAT,USTUNDE,UWOCHENTAG,STRZUSTAND,ULICHTVERH,ISTRAD,ISTPKW,ISTFUSS,ISTKRAD
"POINT (13.499125026000058 52.518168357000036)","Unfall 209691 (2021) Kat:3, Licht: 0","209691","3","2","5","03","11","6","","0","1","0","0","0"
"POINT (13.491168108000068 52.424748828000077)","Unfall 209692 (2021) Kat:3, Licht: 0","209692","3","3","5","02","15","2","","0","1","1","0","0"
"POINT (13.448328784000068 52.427398031000052)","Unfall 209693 (2021) Kat:3, Licht: 2","209693","3","3","5","01","18","7","","2","0","1","0","0"
"POINT (13.543780503000050 52.425565081000059)","Unfall 209694 (2021) Kat:3, Licht: 1","209694","3","1","8","02","07","1","","1","0","1","0","0"
"POINT (13.362171135000040 52.412236061000044)","Unfall 209695 (2021) Kat:3, Licht: 0","209695","3","6","3","02","10","7","","0","0","1","0","0"
"POINT (13.525468640000042 52.481547378000073)","Unfall 209696 (2021) Kat:3, Licht: 0","209696","3","2","5","03","16","4","","0","1","1","0","0"
"POINT (13.320343915000024 52.480007763000060)","Unfall 209697 (2021) Kat:2, Licht: 1","209697","2","7","6","03","06","2","","1","1","0","1","0"
"POINT (13.340527054000063 52.443608366000035)","Unfall 209698 (2021) Kat:3, Licht: 2","209698","3","1","0","02","17","3","","2","1","0","0","0"
"POINT (13.429284663000033 52.538712690000068)","Unfall 209699 (2021) Kat:3, Licht: 0","209699","3","3","5","01","09","3","","0","0","1","0","0"
"POINT (13.455550127000038 52.453110576000029)","Unfall 209700 (2021) Kat:3, Licht: 2","209700","3","2","6","01","17","3","","2","0","1","1","0"
"POINT (13.422131769000032 52.498932440000033)","Unfall 209701 (2021) Kat:3, Licht: 0","209701","3","3","2","01","09","7","","0","1","1","0","0"
"POINT (13.334578922000048 52.464077689000078)","Unfall 209702 (2021) Kat:3, Licht: 0","209702","3","2","4","03","07","4","","0","1","1","0","0"
"POINT (13.118039175000035 52.470702862000053)","Unfall 209703 (2021) Kat:2, Licht: 2","209703","2","1","9","01","16","3","","2","0","1","0","0"
"POINT (13.193208095000045 52.433804392000070)","Unfall 209704 (2021) Kat:3, Licht: 1","209704","3","2","5","02","17","5","","1","1","1","0","0"
"POINT (13.312924214000077 52.430490400000053)","Unfall 209705 (2021) Kat:3, Licht: 0","209705","3","6","3","02","12","3","","0","0","1","0","0"
"POINT (13.510807975000034 52.450159363000068)","Unfall 209706 (2021) Kat:3, Licht: 0","209706","3","3","5","01","08","4","","0","1","1","0","0"
"POINT (13.290477835000047 52.655864198000074)","Unfall 209707 (2021) Kat:3, Licht: 0","209707","3","6","2","03","11","2","","0","0","1","0","0"
"POINT (13.564271418000033 52.513393474000054)","Unfall 209708 (2021) Kat:3, Licht: 0","209708","3","6","2","02","09","2","","0","0","1","0","0"
"POINT (13.284008846000063 52.476332727000056)","Unfall 209709 (2021) Kat:3, Licht: 0","209709","3","6","3","01","11","1","","0","1","1","0","0"
"POINT (13.259563735000029 52.570612137000069)","Unfall 209710 (2021) Kat:3, Licht: 2","209710","3","5","1","01","07","5","","2","0","0","0","0"
"POINT (13.488244908000070 52.467818117000036)","Unfall 209711 (2021) Kat:2, Licht: 0","209711","2","2","5","03","08","2","","0","0","1","0","1"
"POINT (13.457201061000035 52.560989694000057)","Unfall 209712 (2021) Kat:3, Licht: 0","209712","3","2","5","03","09","7","","0","0","1","0","0"
"POINT (13.575166285000023 52.444478641000046)","Unfall 209713 (2021) Kat:3, Licht: 0","209713","3","3","5","03","13","6","","0","1","0","0","0"
"POINT (13.403595711000037 52.493912867000063)","Unfall 209714 (2021) Kat:3, Licht: 0","209714","3","6","0","01","09","3","","0","0","0","0","1"
"POINT (13.442790530000025 52.465084546000071)","Unfall 209715 (2021) Kat:3, Licht: 0","209715","3","2","5","02","07","4","","0","1","1","0","0"
"POINT (13.179261552000071 52.530565162000073)","Unfall 209716 (2021) Kat:3, Licht: 0","209716","3","2","5","03","07","6","","0","1","1","0","0"
"POINT (13.444713011000033 52.470766692000041)","Unfall 209717 (2021) Kat:3, Licht: 0","209717","3","5","1","02","15","4","","0","0","1","0","0"
"POINT (13.322432524000021 52.573900068000057)","Unfall 209718 (2021) Kat:3, Licht: 0","209718","3","3","5","01","13","5","","0","0","1","0","0"
"POINT (13.400503175000040 52.483688506000078)","Unfall 209719 (2021) Kat:3, Licht: 1","209719","3","6","2","03","16","3","","1","1","0","0","0"
"POINT (13.360127900000066 52.596894063000036)","Unfall 209720 (2021) Kat:3, Licht: 1","209720","3","6","2","02","06","3","","1","0","1","0","0"
"POINT (13.259542275000058 52.513797115000045)","Unfall 209721 (2021) Kat:3, Licht: 0","209721","3","2","5","02","16","2","","0","0","1","0","0"
"POINT (13.198925329000076 52.434307465000074)","Unfall 209722 (2021) Kat:2, Licht: 0","209722","2","4","6","01","14","4","","0","1","0","1","0"
"POINT (13.331010642000024 52.493083043000070)","Unfall 209723 (2021) Kat:2, Licht: 2","209723","2","3","5","01","17","2","","2","1","1","0","0"
"POINT (13.376369609000051 52.459146186000055)","Unfall 209724 (2021) Kat:3, Licht: 0","209724","3","6","3","03","11","2","","0","0","1","0","0"
"POINT (13.432774562000077 52.550324146000037)","Unfall 209725 (2021) Kat:3, Licht: 0","209725","3","3","0","03","14","6","","0","0","1","0","0"
"POINT (13.624322851000045 52.489764322000042)","Unfall 209726 (2021) Kat:3, Licht: 0","209726","3","3","5","03","09","5","","0","0","1","0","0"
"POINT (13.276075530000071 52.575759697000080)","Unfall 209727 (2021) Kat:3, Licht: 0","209727","3","4","6","01","09","2","","0","0","1","1","0"
"POINT (13.130535045000045 52.536353993000034)","Unfall 209728 (2021) Kat:3, Licht: 0","209728","3","3","5","02","08","6","","0","0","1","0","0"
"POINT (13.424350247000064 52.486053155000036)","Unfall 209729 (2021) Kat:3, Licht: 0","209729","3","6","2","02","12","4","","0","0","1","0","0"
"POINT (13.426165667000078 52.607706516000064)","Unfall 209730 (2021) Kat:3, Licht: 0","209730","3","3","5","03","09","6","","0","1","1","0","0"
"POINT (13.435234258000037 52.499958001000039)","Unfall 209731 (2021) Kat:3, Licht: 0","209731","3","1","0","02","08","4","","0","0","0","0","1"
"POINT (13.252747456000066 52.428474583000082)","Unfall 209732 (2021) Kat:3, Licht: 0","209732","3","3","5","01","11","2","","0","0","1","0","1"
"POINT (13.525815075000025 52.406489243000067)","Unfall 209733 (2021) Kat:2, Licht: 0","209733","2","4","6","03","10","3","","0","0","1","1","0"
"POINT (13.426893679000045 52.499108415000080)","Unfall 209734 (2021) Kat:3, Licht: 2","209734","3","2","5","01","01","1","","2","1","1","0","0"
"POINT (13.291479883000022 52.580752760000053)","Unfall 209735 (2021) Kat:3, Licht: 0","209735","3","6","2","02","15","3","","0","0","1","0","0"
"POINT (13.398007869000025 52.535013243000037)","Unfall 209736 (2021) Kat:3, Licht: 0","209736","3","2","5","03","10","2","","0","1","1","0","0"
"POINT (13.505587810000065 52.636787365000032)","Unfall 209737 (2021) Kat:3, Licht: 0","209737","3","6","2","03","15","5","","0","0","1","0","0"
"POINT (13.415016978000040 52.515815209000039)","Unfall 209738 (2021) Kat:3, Licht: 0","209738","3","2","5","03","08","4","","0","1","1","0","0"
"POINT (13.503650081000046 52.411744439000074)","Unfall 209739 (2021) Kat:3, Licht: 2","209739","3","2","2","01","19","6","","2","1","1","0","0"
"POINT (13.493650639000066 52.544753655000079)","Unfall 209740 (2021) Kat:3, Licht: 0","209740","3","2","5","02","09","5","","0","1","1","0","0"
"POINT (13.314974393000057 52.513861074000033)","Unfall 209741 (2021) Kat:2, Licht: 0","209741","2","7","0","03","16","7","","0","1","0","0","0"
"POINT (13.531374773000039 52.405095552000034)","Unfall 209742 (2021) Kat:2, Licht: 0","209742","2","3","5","03","08","5","","0","0","1","0","0"
"POINT (13.453739193000047 52.532939018000036)","Unfall 209743 (2021) Kat:3, Licht: 0","209743","3","2","0","01","13","4","","0","1","1","0","0"
"POINT (13.388761317000046 52.500173047000033)","Unfall 209744 (2021) Kat:3, Licht: 0","209744","3","5","1","02","11","3","","0","1","1","0","0"
"POINT (13.330229816000042 52.562701661000062)","Unfall 209745 (2021) Kat:3, Licht: 2","209745","3","6","2","01","16","5","","2","0","1","0","1"
"POINT (13.348402495000073 52.453734185000030)","Unfall 209746 (2021) Kat:2, Licht: 2","209746","2","1","9","02","02","7","","2","0","1","0","0"
"POINT (13.327160529000025 52.494891861000042)","Unfall 209747 (2021) Kat:3, Licht: 0","209747","3","3","5","02","09","7","","0","0","1","0","0"
"POINT (13.350309592000031 52.502934924000044)","Unfall 209748 (2021) Kat:3, Licht: 0","209748","3","5","1","03","15","4","","0","1","1","0","0"
"POINT (13.351908506000029 52.505074064000041)","Unfall 209749 (2021) Kat:3, Licht: 0","209749","3","6","2","03","06","3","","0","0","1","0","0"
"POINT (13.377536932000055 52.481993860000046)","Unfall 209750 (2021) Kat:3, Licht: 0","209750","3","4","6","02","07","2","","0","0","1","1","0"
"POINT (13.416726591000042 52.418291261000036)","Unfall 209751 (2021) Kat:3, Licht: 2","209751","3","2","6","01","07","4","","2","0","0","1","0"
"POINT (13.439542359000029 52.475860894000050)","Unfall 209752 (2021) Kat:3, Licht: 1","209752","3","2","0","01","16","3","","1","1","1","0","0"
"POINT (13.250149753000073 52.455520291000028)","Unfall 209753 (2021) Kat:3, Licht: 0","209753","3","6","2","01","12","7","","0","0","1","0","0"
"POINT (13.427346162000049 52.552446101000044)","Unfall 209754 (2021) Kat:3, Licht: 0","209754","3","3","0","03","06","4","","0","0","1","0","0"
"POINT (13.305701566000039 52.509899292000057)","Unfall 209755 (2021) Kat:3, Licht: 0","209755","3","4","0","01","11","3","","0","0","1","1","0"
"POINT (13.199529192000057 52.546420315000034)","Unfall 209756 (2021) Kat:3, Licht: 0","209756","3","7","6","02","10","5","","0","0","0","1","0"
"POINT (13.400878414000033 52.414525008000055)","Unfall 209757 (2021) Kat:3, Licht: 2","209757","3","2","6","02","19","4","","2","0","1","1","0"
"POINT (13.500978791000023 52.460368875000029)","Unfall 209758 (2021) Kat:3, Licht: 0","209758","3","7","0","01","13","3","","0","0","0","0","0"
"POINT (13.176875033000044 52.517098693000037)","Unfall 209759 (2021) Kat:3, Licht: 0","209759","3","2","6","03","06","1","","0","0","1","1","0"
"POINT (13.178033164000055 52.548675367000044)","Unfall 209760 (2021) Kat:3, Licht: 0","209760","3","2","5","02","15","6","","0","1","1","0","0"
"POINT (13.399951411000075 52.437767650000069)","Unfall 209761 (2021) Kat:3, Licht: 0","209761","3","2","5","01","13","2","","0","1","1","0","0"
"POINT (13.359135357000071 52.498551769000073)","Unfall 209762 (2021) Kat:3, Licht: 2","209762","3","1","9","01","03","1","","2","0","1","0","0"
"POINT (13.353136990000053 52.502277702000072)","Unfall 209763 (2021) Kat:3, Licht: 0","209763","3","2","2","02","15","6","","0","0","1","0","0"
"POINT (13.240196398000023 52.542996274000075)","Unfall 209764 (2021) Kat:3, Licht: 0","209764","3","6","2","03","17","2","","0","0","1","0","0"
"POINT (13.436761202000071 52.548739026000078)","Unfall 209765 (2021) Kat:3, Licht: 0","209765","3","3","5","03","10","5","","0","0","1","0","0"
"POINT (13.564160222000055 52.525445105000074)","Unfall 209766 (2021) Kat:3, Licht: 0","209766","3","7","5","01","10","6","","0","0","1","0","0"
"POINT (13.373490472000071 52.542212902000074)","Unfall 209767 (2021) Kat:3, Licht: 0","209767","3","4","6","02","10","5","","0","0","1","1","0"
"POINT (13.313951053000039 52.507810321000079)","Unfall 209768 (2021) Kat:3, Licht: 0","209768","3","3","5","03","11","7","","0","1","1","0","0"
"POINT (13.392568845000028 52.412687568000081)","Unfall 209769 (2021) Kat:2, Licht: 2","209769","2","2","6","02","17","4","","2","0","1","1","0"
"POINT (13.426715785000056 52.515743127000064)","Unfall 209770 (2021) Kat:3, Licht: 2","209770","3","2","5","01","15","6","","2","1","1","0","0"
"POINT (13.198989314000073 52.533488177000038)","Unfall 209771 (2021) Kat:3, Licht: 0","209771","3","6","0","03","13","3","","0","0","0","0","0"
"POINT (13.455048810000051 52.507832354000072)","Unfall 209772 (2021) Kat:3, Licht: 0","209772","3","2","5","02","12","4","","0","0","1","0","0"
"POINT (13.403833934000033 52.495210205000035)","Unfall 209773 (2021) Kat:3, Licht: 0","209773","3","7","2","03","12","5","","0","0","1","0","0"
"POINT (13.519241255000054 52.508803052000076)","Unfall 209774 (2021) Kat:3, Licht: 0","209774","3","6","3","03","17","3","","0","0","1","0","0"
"POINT (13.418313822000073 52.414538194000045)","Unfall 209775 (2021) Kat:3, Licht: 0","209775","3","7","6","02","11","3","","0","0","0","1","0"
"POINT (13.328295874000048 52.495170385000051)","Unfall 209776 (2021) Kat:3, Licht: 0","209776","3","6","2","03","12","6","","0","0","1","0","0"
"POINT (13.287781779000056 52.515144740000039)","Unfall 209777 (2021) Kat:3, Licht: 2","209777","3","3","5","01","17","5","","2","1","1","0","0"
"POINT (13.438499979000028 52.452127854000082)","Unfall 209778 (2021) Kat:3, Licht: 2","209778","3","6","2","02","19","6","","2","0","1","0","0"
"POINT (13.474275671000044 52.425702455000078)","Unfall 209779 (2021) Kat:3, Licht: 0","209779","3","6","2","02","15","3","","0","0","1","0","0"
"POINT (13.422230066000054 52.559896030000061)","Unfall 209780 (2021) Kat:3, Licht: 0","209780","3","3","0","03","07","5","","0","1","1","0","0"
"POINT (13.462649874000022 52.559759628000052)","Unfall 209781 (2021) Kat:3, Licht: 0","209781","3","3","5","01","10","3","","0","1","1","0","0"
"POINT (13.415378917000055 52.522712450000029)","Unfall 209782 (2021) Kat:3, Licht: 1","209782","3","3","5","02","05","1","","1","0","0","0","0"
"POINT (13.461977297000033 52.558905605000064)","Unfall 209783 (2021) Kat:3, Licht: 0","209783","3","3","5","02","12","1","","0","0","1","0","0"
"POINT (13.249045915000067 52.523955822000062)","Unfall 209784 (2021) Kat:3, Licht: 0","209784","3","6","2","03","14","5","","0","0","1","0","0"
"POINT (13.363300597000034 52.597060886000065)","Unfall 209785 (2021) Kat:2, Licht: 0","209785","2","3","4","03","15","3","","0","0","1","0","0"
"POINT (13.326241418000052 52.538028935000057)","Unfall 209786 (2021) Kat:3, Licht: 2","209786","3","2","5","02","18","1","","2","0","1","0","0"
"POINT (13.342781791000050 52.504579792000072)","Unfall 209787 (2021) Kat:3, Licht: 0","209787","3","3","5","03","15","7","","0","1","1","0","0"
"POINT (13.388730845000055 52.555368828000042)","Unfall 209788 (2021) Kat:2, Licht: 2","209788","2","5","1","03","22","5","","2","0","1","0","0"
"POINT (13.426718095000069 52.488284097000076)","Unfall 209789 (2021) Kat:2, Licht: 0","209789","2","3","5","03","17","4","","0","1","1","0","0"
"POINT (13.431610822000039 52.466392166000048)","Unfall 209790 (2021) Kat:3, Licht: 1","209790","3","6","0","01","16","5","","1","0","1","0","0"
"POINT (13.327639172000033 52.563972457000034)","Unfall 209791 (2021) Kat:3, Licht: 0","209791","3","4","2","02","14","3","","0","0","1","1","0"
"POINT (13.246661812000070 52.538114517000054)","Unfall 209792 (2021) Kat:3, Licht: 0","209792","3","3","0","03","16","6","","0","1","0","0","1"
"POINT (13.355629650000026 52.460996033000072)","Unfall 209793 (2021) Kat:3, Licht: 0","209793","3","7","6","01","15","5","","0","1","0","1","0"
"POINT (13.346715302000064 52.567963914000075)","Unfall 209794 (2021) Kat:3, Licht: 0","209794","3","5","3","02","13","7","","0","0","1","0","0"
"POINT (13.453895505000048 52.443032332000030)","Unfall 209795 (2021) Kat:3, Licht: 0","209795","3","4","0","02","13","2","","0","1","0","1","0"
"POINT (13.311655155000039 52.468259584000066)","Unfall 209796 (2021) Kat:3, Licht: 1","209796","3","2","5","01","16","4","","1","1","1","0","0"
"POINT (13.360822150000047 52.602202393000027)","Unfall 209797 (2021) Kat:3, Licht: 0","209797","3","6","2","03","10","2","","0","1","0","0","0"
"POINT (13.401106795000032 52.565647846000047)","Unfall 209798 (2021) Kat:3, Licht: 0","209798","3","7","2","02","08","2","","0","0","1","0","0"
"POINT (13.314870661000043 52.417525790000070)","Unfall 209799 (2021) Kat:3, Licht: 0","209799","3","2","5","03","09","4","","0","1","0","0","0"
"POINT (13.303883812000038 52.501451656000029)","Unfall 209800 (2021) Kat:3, Licht: 0","209800","3","5","1","03","17","2","","0","1","1","0","0"
"POINT (13.379064747000029 52.574931217000028)","Unfall 209801 (2021) Kat:3, Licht: 0","209801","3","3","5","02","09","2","","0","1","1","0","0"
"POINT (13.360835533000056 52.500287607000075)","Unfall 209802 (2021) Kat:3, Licht: 2","209802","3","5","1","01","18","3","","2","1","1","0","0"
"POINT (13.436172340000041 52.448847316000069)","Unfall 209803 (2021) Kat:3, Licht: 0","209803","3","3","5","01","08","3","","0","0","1","0","0"
"POINT (13.448170133000076 52.477632951000032)","Unfall 209804 (2021) Kat:3, Licht: 2","209804","3","2","6","01","06","6","","2","0","1","1","0"
"POINT (13.558009109000068 52.455713723000031)","Unfall 209805 (2021) Kat:3, Licht: 0","209805","3","2","5","03","15","4","","0","1","1","0","0"
"POINT (13.566108129000042 52.513146952000056)","Unfall 209806 (2021) Kat:3, Licht: 2","209806","3","5","1","01","03","1","","2","0","1","0","0"
"POINT (13.424241652000035 52.485354191000056)","Unfall 209807 (2021) Kat:3, Licht: 0","209807","3","5","1","02","17","6","","0","1","1","0","0"
"POINT (13.285161372000061 52.595430829000065)","Unfall 209808 (2021) Kat:3, Licht: 0","209808","3","1","8","02","11","2","","0","0","1","0","0"
"POINT (13.463092687000028 52.469548343000042)","Unfall 209809 (2021) Kat:3, Licht: 2","209809","3","3","0","01","17","3","","2","0","1","0","1"
"POINT (13.401073786000040 52.414573545000053)","Unfall 209810 (2021) Kat:3, Licht: 2","209810","3","2","5","03","21","1","","2","0","1","0","0"
"POINT (13.577564226000050 52.565004772000066)","Unfall 209811 (2021) Kat:3, Licht: 0","209811","3","7","6","02","10","7","","0","0","1","1","0"
"POINT (13.300309486000060 52.586222384000052)","Unfall 209812 (2021) Kat:3, Licht: 0","209812","3","3","5","01","12","3","","0","0","1","0","1"
"POINT (13.564305676000060 52.572280276000072)","Unfall 209813 (2021) Kat:3, Licht: 0","209813","3","2","5","01","11","1","","0","1","1","0","0"
"POINT (13.454065073000038 52.489019639000048)","Unfall 209814 (2021) Kat:3, Licht: 0","209814","3","3","5","01","07","5","","0","1","1","0","0"
"POINT (13.331759253000030 52.563211638000041)","Unfall 209815 (2021) Kat:3, Licht: 0","209815","3","7","0","02","16","7","","0","0","1","0","1"
"POINT (13.469943432000036 52.567328400000065)","Unfall 209816 (2021) Kat:3, Licht: 0","209816","3","3","5","03","13","2","","0","0","1","0","0"
"POINT (13.464491390000035 52.470272170000044)","Unfall 209817 (2021) Kat:2, Licht: 2","209817","2","2","5","03","20","7","","2","0","1","0","0"
"POINT (13.524508227000069 52.482528620000039)","Unfall 209818 (2021) Kat:3, Licht: 0","209818","3","5","1","03","17","6","","0","1","1","0","0"
"POINT (13.406990580000070 52.560341190000031)","Unfall 209819 (2021) Kat:3, Licht: 0","209819","3","3","5","01","11","6","","0","1","1","0","0"
"POINT (13.315333356000053 52.514722760000041)","Unfall 209820 (2021) Kat:2, Licht: 0","209820","2","3","5","02","14","4","","0","0","1","0","1"
"POINT (13.453392626000038 52.429382987000054)","Unfall 209821 (2021) Kat:3, Licht: 0","209821","3","2","0","03","11","6","","0","0","1","0","0"
"POINT (13.465065933000062 52.498035152000057)","Unfall 209822 (2021) Kat:3, Licht: 0","209822","3","6","0","02","05","5","","0","1","0","0","0"
"POINT (13.444400452000025 52.499795417000030)","Unfall 209823 (2021) Kat:3, Licht: 0","209823","3","3","5","02","08","4","","0","1","1","0","0"
"POINT (13.441264995000040 52.549572565000062)","Unfall 209824 (2021) Kat:3, Licht: 2","209824","3","3","5","01","17","5","","2","0","1","0","0"
"POINT (13.381468905000077 52.515151783000078)","Unfall 209825 (2021) Kat:3, Licht: 2","209825","3","2","5","03","20","3","","2","1","1","0","0"
"POINT (13.301754042000027 52.621227865000037)","Unfall 209826 (2021) Kat:2, Licht: 0","209826","2","5","1","02","07","5","","0","0","1","0","0"
"POINT (13.366749657000071 52.449634361000051)","Unfall 209827 (2021) Kat:3, Licht: 0","209827","3","3","5","03","15","5","","0","0","1","0","1"
"POINT (13.409204019000072 52.501685959000042)","Unfall 209828 (2021) Kat:3, Licht: 0","209828","3","2","5","03","11","4","","0","1","1","0","0"
"POINT (13.159968700000036 52.548608073000082)","Unfall 209829 (2021) Kat:3, Licht: 0","209829","3","1","0","02","07","2","","0","0","0","0","1"
"POINT (13.388523235000036 52.547823999000059)","Unfall 209830 (2021) Kat:3, Licht: 2","209830","3","2","5","03","20","4","","2","0","1","0","0"
"POINT (13.427115313000058 52.511916484000039)","Unfall 209831 (2021) Kat:2, Licht: 2","209831","2","3","5","01","06","5","","2","1","0","0","0"
"POINT (13.292780983000057 52.608314675000031)","Unfall 209832 (2021) Kat:2, Licht: 2","209832","2","6","4","01","06","5","","2","0","1","0","0"
"POINT (13.532099582000058 52.484115670000051)","Unfall 209833 (2021) Kat:3, Licht: 0","209833","3","3","5","02","13","6","","0","0","1","0","0"
"POINT (13.428900838000061 52.471938157000068)","Unfall 209834 (2021) Kat:2, Licht: 2","209834","2","6","2","02","17","3","","2","1","0","0","0"
"POINT (13.479409759000077 52.523369676000073)","Unfall 209835 (2021) Kat:3, Licht: 0","209835","3","6","2","03","09","4","","0","0","1","0","0"
"POINT (13.349383717000023 52.490412014000071)","Unfall 209836 (2021) Kat:3, Licht: 2","209836","3","4","6","01","16","3","","2","0","0","1","0"
"POINT (13.600189460000024 52.525958653000032)","Unfall 209837 (2021) Kat:3, Licht: 0","209837","3","5","1","02","08","7","","0","0","1","0","0"
"POINT (13.509648657000071 52.472990623000044)","Unfall 209838 (2021) Kat:3, Licht: 1","209838","3","4","6","02","16","2","","1","1","0","1","0"
"POINT (13.536165357000073 52.570405227000037)","Unfall 209839 (2021) Kat:2, Licht: 2","209839","2","7","2","01","07","5","","2","0","1","0","0"
"POINT (13.427624746000049 52.498974136000072)","Unfall 209840 (2021) Kat:3, Licht: 0","209840","3","3","5","03","12","4","","0","1","1","0","0"
"POINT (13.458856884000056 52.511557223000068)","Unfall 209841 (2021) Kat:3, Licht: 2","209841","3","7","6","03","18","3","","2","1","0","1","0"
"POINT (13.392183963000036 52.555063503000042)","Unfall 209842 (2021) Kat:3, Licht: 0","209842","3","2","5","02","17","2","","0","1","1","0","0"
"POINT (13.333312286000023 52.481545944000061)","Unfall 209843 (2021) Kat:3, Licht: 0","209843","3","4","6","01","11","4","","0","0","1","1","0"
"POINT (13.489031337000029 52.467356440000060)","Unfall 209844 (2021) Kat:3, Licht: 2","209844","3","3","5","01","21","2","","2","1","1","0","0"
"POINT (13.314915068000062 52.437768854000069)","Unfall 209845 (2021) Kat:3, Licht: 0","209845","3","3","5","03","17","2","","0","0","1","0","1"
"POINT (13.327758321000033 52.425630215000069)","Unfall 209846 (2021) Kat:3, Licht: 2","209846","3","2","6","02","18","6","","2","0","1","1","0"
"POINT (13.345990654000047 52.496965180000075)","Unfall 209847 (2021) Kat:3, Licht: 1","209847","3","2","6","03","19","2","","1","0","1","1","0"
"POINT (13.481418432000055 52.622040382000080)","Unfall 209848 (2021) Kat:2, Licht: 0","209848","2","4","6","01","15","6","","0","0","1","1","0"
"POINT (13.416855705000046 52.492529471000068)","Unfall 209849 (2021) Kat:3, Licht: 2","209849","3","5","1","03","18","5","","2","1","1","0","0"
"POINT (13.387033431000077 52.506507917000079)","Unfall 209850 (2021) Kat:2, Licht: 2","209850","2","5","1","01","18","2","","2","1","1","0","0"
"POINT (13.509272258000067 52.473334721000072)","Unfall 209851 (2021) Kat:3, Licht: 0","209851","3","6","3","02","06","5","","0","1","1","0","0"
"POINT (13.264953416000026 52.536660085000051)","Unfall 209852 (2021) Kat:2, Licht: 2","209852","2","2","5","02","17","5","","2","0","1","0","0"
"POINT (13.453777487000025 52.429538049000030)","Unfall 209853 (2021) Kat:3, Licht: 0","209853","3","6","2","03","15","3","","0","0","1","0","0"
"POINT (13.352830609000023 52.601645981000047)","Unfall 209854 (2021) Kat:3, Licht: 2","209854","3","1","8","02","22","4","","2","0","1","0","0"
"POINT (13.349357708000070 52.447391229000061)","Unfall 209855 (2021) Kat:3, Licht: 0","209855","3","7","6","01","10","2","","0","0","1","1","0"
"POINT (13.421051878000071 52.467359620000082)","Unfall 209856 (2021) Kat:3, Licht: 2","209856","3","7","5","01","19","2","","2","1","1","0","0"
"POINT (13.444437608000044 52.575299621000056)","Unfall 209857 (2021) Kat:3, Licht: 0","209857","3","3","5","02","14","7","","0","0","1","0","0"
"POINT (13.418617018000077 52.498870860000068)","Unfall 209858 (2021) Kat:3, Licht: 0","209858","3","2","5","03","07","2","","0","0","0","0","1"
"POINT (13.161020469000050 52.525451250000060)","Unfall 209859 (2021) Kat:3, Licht: 0","209859","3","3","5","03","08","6","","0","0","1","0","0"
"POINT (13.406600875000038 52.498365144000047)","Unfall 209860 (2021) Kat:3, Licht: 0","209860","3","2","5","03","17","4","","0","0","1","0","1"
"POINT (13.314924692000034 52.513386645000082)","Unfall 209861 (2021) Kat:3, Licht: 2","209861","3","7","5","01","20","3","","2","0","1","0","0"
"POINT (13.483695233000049 52.561940380000067)","Unfall 209862 (2021) Kat:3, Licht: 0","209862","3","7","5","01","12","2","","0","1","1","0","0"
"POINT (13.348020486000053 52.553805019000038)","Unfall 209863 (2021) Kat:3, Licht: 0","209863","3","1","0","01","10","1","","0","0","0","0","1"
"POINT (13.369860816000028 52.559662127000081)","Unfall 209864 (2021) Kat:2, Licht: 0","209864","2","2","6","03","08","4","","0","0","1","1","0"
"POINT (13.354306026000074 52.483524790000047)","Unfall 209865 (2021) Kat:3, Licht: 0","209865","3","3","5","01","10","1","","0","0","1","0","0"
"POINT (13.360337671000025 52.537246786000026)","Unfall 209866 (2021) Kat:3, Licht: 2","209866","3","2","5","02","19","5","","2","1","1","0","0"
"POINT (13.305048567000028 52.502692516000081)","Unfall 209867 (2021) Kat:3, Licht: 2","209867","3","6","3","02","18","4","","2","0","1","0","0"
"POINT (13.466456365000056 52.550826066000070)","Unfall 209868 (2021) Kat:1, Licht: 0","209868","1","4","6","01","13","3","","0","0","0","1","0"
"POINT (13.399765092000052 52.531519168000045)","Unfall 209869 (2021) Kat:2, Licht: 0","209869","2","7","2","03","17","3","","0","0","1","0","1"
"POINT (13.457939993000025 52.509654580000074)","Unfall 209870 (2021) Kat:2, Licht: 0","209870","2","7","2","02","13","7","","0","0","1","0","1"
"POINT (13.315207129000044 52.447381901000028)","Unfall 209871 (2021) Kat:2, Licht: 0","209871","2","4","6","01","14","4","","0","0","1","1","0"
"POINT (13.453956081000058 52.488974071000030)","Unfall 209872 (2021) Kat:3, Licht: 2","209872","3","2","5","01","17","3","","2","1","0","0","0"
"POINT (13.540118547000077 52.525826210000048)","Unfall 209873 (2021) Kat:3, Licht: 2","209873","3","1","9","01","04","1","","2","0","1","0","0"
"POINT (13.520189137000045 52.566254925000067)","Unfall 209874 (2021) Kat:3, Licht: 0","209874","3","4","6","02","14","7","","0","0","1","1","0"
"POINT (13.440548204000038 52.636996780000061)","Unfall 209875 (2021) Kat:3, Licht: 0","209875","3","3","5","03","09","2","","0","0","1","0","0"
"POINT (13.424010218000035 52.486526252000033)","Unfall 209876 (2021) Kat:3, Licht: 1","209876","3","2","6","03","17","7","","1","0","1","1","0"
"POINT (13.421155151000050 52.466776663000076)","Unfall 209877 (2021) Kat:1, Licht: 0","209877","1","2","5","03","08","5","","0","1","0","0","0"