WKT,Name,OBJECTID,UKATEGORIE,UTYP1,UART,UMONAT,USTUNDE,UWOCHENTAG,STRZUSTAND,ULICHTVERH,ISTRAD,ISTPKW,ISTFUSS,ISTKRAD
"POINT (13.306951128000037 52.500054520000049)","Unfall 209878 (2021) Kat:3, Licht: 1","209878","3","3","5","01","16","6","","1","0","1","0","0"
"POINT (13.515372797000055 52.537531646000048)","Unfall 209879 (2021) Kat:3, Licht: 0","209879","3","3","5","02","07","4","","0","1","1","0","0"
"POINT (13.488422588000049 52.502231808000033)","Unfall 209880 (2021) Kat:3, Licht: 1","209880","3","3","5","03","18","7","","1","0","1","0","0"
"POINT (13.463716114000022 52.510701341000072)","Unfall 209881 (2021) Kat:3, Licht: 2","209881","3","2","5","02","18","3","","2","0","1","0","1"
"POINT (13.593297449000033 52.451628648000053)","Unfall 209882 (2021) Kat:3, Licht: 0","209882","3","2","2","01","12","6","","0","0","1","0","0"
"POINT (13.291723577000027 52.582658224000056)","Unfall 209883 (2021) Kat:3, Licht: 0","209883","3","2","6","03","15","3","","0","0","1","1","0"
"POINT (13.452301380000051 52.534404363000078)","Unfall 209884 (2021) Kat:3, Licht: 2","209884","3","6","3","02","06","5","","2","0","1","0","0"
"POINT (13.473273427000038 52.522991186000070)","Unfall 209885 (2021) Kat:2, Licht: 2","209885","2","3","5","03","20","5","","2","0","1","0","0"
"POINT (13.406861527000046 52.518266830000073)","Unfall 209886 (2021) Kat:3, Licht: 2","209886","3","7","5","03","19","4","","2","1","1","0","0"
"POINT (13.477850898000042 52.446516734000056)","Unfall 209887 (2021) Kat:3, Licht: 0","209887","3","6","2","02","08","3","","0","0","1","0","0"
"POINT (13.317044409000061 52.566778782000029)","Unfall 209888 (2021) Kat:3, Licht: 0","209888","3","6","2","03","13","6","","0","0","1","0","0"
"POINT (13.278472700000066 52.536887623000041)","Unfall 209889 (2021) Kat:2, Licht: 0","209889","2","7","0","01","15","4","","0","0","1","0","1"
"POINT (13.360519676000024 52.596894838000026)","Unfall 209890 (2021) Kat:3, Licht: 0","209890","3","2","5","01","15","4","","0","0","1","0","0"
"POINT (13.321741626000062 52.560493105000035)","Unfall 209891 (2021) Kat:3, Licht: 2","209891","3","3","5","02","20","3","","2","0","1","0","0"
"POINT (13.397215977000030 52.562253065000050)","Unfall 209892 (2021) Kat:3, Licht: 0","209892","3","7","6","03","15","4","","0","0","1","1","0"
"POINT (13.291560872000048 52.593539279000026)","Unfall 209893 (2021) Kat:3, Licht: 2","209893","3","5","1","01","17","4","","2","0","1","0","0"
"POINT (13.588387826000030 52.529570561000071)","Unfall 209894 (2021) Kat:2, Licht: 0","209894","2","4","6","02","14","7","","0","0","1","1","0"
"POINT (13.586238262000052 52.516755589000070)","Unfall 209895 (2021) Kat:3, Licht: 0","209895","3","3","5","02","13","7","","0","0","1","0","0"
"POINT (13.323830626000074 52.565046930000051)","Unfall 209896 (2021) Kat:3, Licht: 2","209896","3","5","1","01","05","4","","2","1","1","0","0"
"POINT (13.410661786000048 52.510081230000026)","Unfall 209897 (2021) Kat:3, Licht: 0","209897","3","5","1","03","12","5","","0","1","1","0","0"
"POINT (13.539003721000029 52.450983442000052)","Unfall 209898 (2021) Kat:3, Licht: 2","209898","3","3","5","03","19","2","","2","1","1","0","0"
"POINT (13.280899262000048 52.476678261000075)","Unfall 209899 (2021) Kat:3, Licht: 0","209899","3","2","5","02","10","2","","0","1","1","0","0"
"POINT (13.337295177000044 52.558615694000082)","Unfall 209900 (2021) Kat:3, Licht: 0","209900","3","2","5","01","14","4","","0","0","1","0","0"
"POINT (13.298580502000050 52.457664808000061)","Unfall 209901 (2021) Kat:3, Licht: 2","209901","3","4","6","01","18","3","","2","0","1","1","0"
"POINT (13.379063920000021 52.448130567000078)","Unfall 209902 (2021) Kat:3, Licht: 0","209902","3","2","5","03","12","2","","0","0","1","0","0"
"POINT (13.579287345000068 52.563589044000082)","Unfall 209903 (2021) Kat:3, Licht: 2","209903","3","4","6","03","19","7","","2","0","1","1","0"
"POINT (13.346037454000054 52.544870121000031)","Unfall 209904 (2021) Kat:3, Licht: 0","209904","3","3","5","03","15","5","","0","0","1","0","0"
"POINT (13.398940109000023 52.508227006000027)","Unfall 209905 (2021) Kat:3, Licht: 0","209905","3","3","5","01","09","3","","0","1","1","0","0"
"POINT (13.517292123000061 52.428645641000060)","Unfall 209906 (2021) Kat:3, Licht: 0","209906","3","3","5","02","15","5","","0","0","1","0","0"
"POINT (13.441116202000046 52.549416636000046)","Unfall 209907 (2021) Kat:3, Licht: 0","209907","3","6","2","02","11","5","","0","0","1","0","0"
"POINT (13.428919579000024 52.579098777000070)","Unfall 209908 (2021) Kat:3, Licht: 1","209908","3","3","5","03","17","6","","1","1","1","0","0"
"POINT (13.386339699000075 52.527951792000067)","Unfall 209909 (2021) Kat:3, Licht: 0","209909","3","5","1","02","12","4","","0","1","1","0","0"
"POINT (13.441194239000026 52.472222438000074)","Unfall 209910 (2021) Kat:3, Licht: 2","209910","3","6","2","01","17","2","","2","0","0","0","0"
"POINT (13.515653136000026 52.420846981000068)","Unfall 209911 (2021) Kat:3, Licht: 0","209911","3","2","5","03","15","3","","0","1","0","0","1"
"POINT (13.359879786000022 52.562000211000054)","Unfall 209912 (2021) Kat:3, Licht: 2","209912","3","3","5","01","07","6","","2","0","1","0","0"
"POINT (13.283381798000050 52.518517018000068)","Unfall 209913 (2021) Kat:3, Licht: 0","209913","3","2","3","02","14","5","","0","0","1","0","0"
"POINT (13.526242124000078 52.426475863000064)","Unfall 209914 (2021) Kat:3, Licht: 0","209914","3","6","2","03","11","1","","0","0","1","0","0"
"POINT (13.287406099000066 52.633176391000063)","Unfall 209915 (2021) Kat:3, Licht: 0","209915","3","7","5","02","09","6","","0","0","1","0","0"
"POINT (13.491275291000022 52.469073014000060)","Unfall 209916 (2021) Kat:2, Licht: 2","209916","2","2","5","03","05","6","","2","0","1","0","0"
"POINT (13.523900145000027 52.513068717000067)","Unfall 209917 (2021) Kat:2, Licht: 2","209917","2","7","0","01","00","5","","2","0","1","0","0"
"POINT (13.523776163000036 52.452842350000026)","Unfall 209918 (2021) Kat:2, Licht: 0","209918","2","5","1","03","16","4","","0","1","1","0","0"
"POINT (13.388776567000036 52.489822832000073)","Unfall 209919 (2021) Kat:3, Licht: 0","209919","3","6","2","01","13","6","","0","0","1","0","0"
"POINT (13.441708930000061 52.550048206000042)","Unfall 209920 (2021) Kat:3, Licht: 0","209920","3","3","5","02","14","4","","0","1","1","0","0"
"POINT (13.528288849000035 52.402597182000079)","Unfall 209921 (2021) Kat:2, Licht: 0","209921","2","5","4","03","09","6","","0","0","1","0","0"
"POINT (13.267928295000047 52.445466933000034)","Unfall 209922 (2021) Kat:3, Licht: 0","209922","3","3","5","03","14","5","","0","1","1","0","0"
"POINT (13.362102068000070 52.497683119000044)","Unfall 209923 (2021) Kat:3, Licht: 0","209923","3","2","0","01","10","5","","0","0","0","0","0"
"POINT (13.240254422000021 52.424498548000031)","Unfall 209924 (2021) Kat:3, Licht: 0","209924","3","2","5","02","10","2","","0","1","1","0","0"
"POINT (13.338478402000021 52.503346436000072)","Unfall 209925 (2021) Kat:3, Licht: 0","209925","3","6","2","01","15","7","","0","0","1","0","0"
"POINT (13.440511140000069 52.481583705000048)","Unfall 209926 (2021) Kat:3, Licht: 0","209926","3","6","2","02","14","1","","0","0","1","0","0"
"POINT (13.433699450000063 52.523320874000035)","Unfall 209927 (2021) Kat:2, Licht: 2","209927","2","4","6","02","20","2","","2","0","1","1","0"
"POINT (13.513174457000048 52.489355291000038)","Unfall 209928 (2021) Kat:3, Licht: 2","209928","3","2","0","03","18","4","","2","0","1","0","1"
"POINT (13.320436536000045 52.471595899000079)","Unfall 209929 (2021) Kat:3, Licht: 2","209929","3","6","2","03","19","3","","2","0","1","0","0"
"POINT (13.307282865000047 52.479514237000046)","Unfall 209930 (2021) Kat:3, Licht: 0","209930","3","7","0","02","16","2","","0","1","0","0","0"
"POINT (13.393312321000053 52.526807623000082)","Unfall 209931 (2021) Kat:3, Licht: 2","209931","3","5","1","01","18","4","","2","1","1","0","0"
"POINT (13.393119622000029 52.457895584000028)","Unfall 209932 (2021) Kat:3, Licht: 1","209932","3","6","2","01","16","3","","1","0","1","0","0"
"POINT (13.379308541000057 52.569890827000052)","Unfall 209933 (2021) Kat:3, Licht: 0","209933","3","3","5","01","11","6","","0","0","1","0","0"
"POINT (13.299843729000031 52.583251176000033)","Unfall 209934 (2021) Kat:3, Licht: 0","209934","3","4","6","02","14","5","","0","0","1","1","0"
"POINT (13.311171433000027 52.569816604000039)","Unfall 209935 (2021) Kat:3, Licht: 2","209935","3","2","5","03","19","6","","2","1","1","0","0"
"POINT (13.388617449000037 52.499460303000035)","Unfall 209936 (2021) Kat:3, Licht: 2","209936","3","1","0","02","03","2","","2","0","0","0","0"
"POINT (13.310922522000055 52.479451075000043)","Unfall 209937 (2021) Kat:3, Licht: 2","209937","3","4","6","01","17","5","","2","1","0","1","0"
"POINT (13.200138504000051 52.532472237000036)","Unfall 209938 (2021) Kat:3, Licht: 0","209938","3","6","2","03","16","3","","0","0","1","0","0"
"POINT (13.348180670000033 52.451494794000041)","Unfall 209939 (2021) Kat:3, Licht: 2","209939","3","7","5","02","06","4","","2","0","1","0","1"
"POINT (13.386074476000033 52.538829978000081)","Unfall 209940 (2021) Kat:3, Licht: 0","209940","3","4","6","03","15","4","","0","0","1","1","0"
"POINT (13.425367300000062 52.508557686000074)","Unfall 209941 (2021) Kat:2, Licht: 0","209941","2","6","4","03","11","2","","0","1","0","0","0"
"POINT (13.421190099000057 52.487193136000030)","Unfall 209942 (2021) Kat:2, Licht: 0","209942","2","4","6","02","10","3","","0","0","1","1","0"
"POINT (13.453979325000034 52.469208065000032)","Unfall 209943 (2021) Kat:3, Licht: 2","209943","3","3","5","01","06","5","","2","1","1","0","0"
"POINT (13.378444678000051 52.409765997000079)","Unfall 209944 (2021) Kat:3, Licht: 2","209944","3","6","3","01","17","4","","2","0","1","0","0"
"POINT (13.259978886000056 52.428182650000053)","Unfall 209945 (2021) Kat:3, Licht: 0","209945","3","2","5","01","12","6","","0","1","1","0","0"
"POINT (13.216614686000071 52.611187008000059)","Unfall 209946 (2021) Kat:3, Licht: 0","209946","3","7","0","03","13","4","","0","1","0","0","0"
"POINT (13.375867536000044 52.487737789000050)","Unfall 209947 (2021) Kat:3, Licht: 0","209947","3","5","1","01","14","4","","0","1","1","0","0"
"POINT (13.353382489000069 52.481066249000037)","Unfall 209948 (2021) Kat:3, Licht: 0","209948","3","4","6","03","15","2","","0","0","1","1","0"
"POINT (13.355860044000053 52.577587721000043)","Unfall 209949 (2021) Kat:2, Licht: 2","209949","2","1","1","02","20","7","","2","0","1","0","0"
"POINT (13.353718563000029 52.445424925000054)","Unfall 209950 (2021) Kat:3, Licht: 1","209950","3","3","5","01","16","4","","1","1","1","0","0"
"POINT (13.270298217000061 52.442350934000046)","Unfall 209951 (2021) Kat:3, Licht: 0","209951","3","3","5","03","12","2","","0","0","1","0","0"
"POINT (13.184624539000026 52.515367770000069)","Unfall 209952 (2021) Kat:2, Licht: 0","209952","2","2","0","02","13","2","","0","0","1","0","0"
"POINT (13.360842407000064 52.491321495000079)","Unfall 209953 (2021) Kat:3, Licht: 2","209953","3","2","0","01","18","4","","2","0","1","0","0"
"POINT (13.485839767000073 52.577300253000033)","Unfall 209954 (2021) Kat:3, Licht: 0","209954","3","6","2","01","10","3","","0","0","1","0","0"
"POINT (13.506927132000044 52.564030834000050)","Unfall 209955 (2021) Kat:3, Licht: 0","209955","3","6","2","03","09","2","","0","0","1","0","0"
"POINT (13.503843880000034 52.564267206000068)","Unfall 209956 (2021) Kat:3, Licht: 0","209956","3","4","6","03","13","6","","0","0","0","1","0"
"POINT (13.423643055000070 52.543478348000065)","Unfall 209957 (2021) Kat:3, Licht: 0","209957","3","5","1","03","09","5","","0","1","1","0","0"
"POINT (13.476929285000040 52.566995183000074)","Unfall 209958 (2021) Kat:3, Licht: 0","209958","3","2","5","01","09","2","","0","1","1","0","0"
"POINT (13.171318563000057 52.533694073000049)","Unfall 209959 (2021) Kat:3, Licht: 0","209959","3","6","2","02","11","6","","0","0","1","0","0"
"POINT (13.422639999000069 52.541519797000035)","Unfall 209960 (2021) Kat:3, Licht: 0","209960","3","3","5","02","16","4","","0","0","1","0","0"
"POINT (13.420139814000038 52.489888533000055)","Unfall 209961 (2021) Kat:3, Licht: 0","209961","3","7","2","03","07","6","","0","0","1","0","0"
"POINT (13.322747842000069 52.486438065000073)","Unfall 209962 (2021) Kat:3, Licht: 2","209962","3","2","6","02","19","4","","2","0","1","1","0"
"POINT (13.294794003000050 52.576507474000039)","Unfall 209963 (2021) Kat:3, Licht: 2","209963","3","2","6","01","20","1","","2","0","1","1","0"
"POINT (13.492539113000078 52.623310589000027)","Unfall 209964 (2021) Kat:2, Licht: 0","209964","2","4","6","03","15","3","","0","0","1","1","0"
"POINT (13.330971455000054 52.495138279000059)","Unfall 209965 (2021) Kat:3, Licht: 0","209965","3","3","5","01","13","1","","0","0","1","0","0"
"POINT (13.306897748000040 52.616885818000071)","Unfall 209966 (2021) Kat:3, Licht: 0","209966","3","5","1","02","12","5","","0","0","1","0","0"
"POINT (13.471663561000071 52.527239757000075)","Unfall 209967 (2021) Kat:3, Licht: 0","209967","3","7","6","03","11","6","","0","0","0","1","0"
"POINT (13.302966102000028 52.505534351000051)","Unfall 209968 (2021) Kat:2, Licht: 0","209968","2","3","5","03","12","6","","0","0","1","0","0"
"POINT (13.431147803000044 52.467789695000079)","Unfall 209969 (2021) Kat:2, Licht: 2","209969","2","3","5","03","23","4","","2","1","1","0","0"
"POINT (13.380670791000057 52.516624484000033)","Unfall 209970 (2021) Kat:3, Licht: 0","209970","3","2","5","01","11","7","","0","1","0","0","0"
"POINT (13.549221973000044 52.438326404000065)","Unfall 209971 (2021) Kat:3, Licht: 0","209971","3","6","0","02","15","3","","0","1","0","0","0"
"POINT (13.384100218000071 52.555525236000051)","Unfall 209972 (2021) Kat:3, Licht: 0","209972","3","6","2","02","15","1","","0","0","1","0","0"
"POINT (13.408639523000033 52.553946058000065)","Unfall 209973 (2021) Kat:3, Licht: 0","209973","3","2","5","03","08","6","","0","1","1","0","0"
"POINT (13.298802369000043 52.519515574000081)","Unfall 209974 (2021) Kat:3, Licht: 0","209974","3","6","3","03","13","6","","0","0","1","0","0"
"POINT (13.615327473000036 52.531639403000042)","Unfall 209975 (2021) Kat:3, Licht: 1","209975","3","6","2","01","16","5","","1","0","1","0","0"
"POINT (13.566826795000054 52.555983983000033)","Unfall 209976 (2021) Kat:3, Licht: 0","209976","3","6","2","02","15","3","","0","0","1","0","0"
"POINT (13.443000532000042 52.551419625000051)","Unfall 209977 (2021) Kat:3, Licht: 0","209977","3","4","6","01","09","3","","0","0","1","1","0"
"POINT (13.507083749000060 52.463262521000047)","Unfall 209978 (2021) Kat:3, Licht: 2","209978","3","3","5","03","00","2","","2","1","1","0","0"
"POINT (13.542194613000049 52.457779537000079)","Unfall 209979 (2021) Kat:3, Licht: 0","209979","3","6","2","02","08","2","","0","0","1","0","0"
"POINT (13.371275216000072 52.436472075000040)","Unfall 209980 (2021) Kat:3, Licht: 0","209980","3","3","5","03","14","4","","0","0","1","0","0"
"POINT (13.575526401000047 52.445505894000064)","Unfall 209981 (2021) Kat:3, Licht: 0","209981","3","7","0","03","15","3","","0","0","1","0","0"
"POINT (13.141682513000035 52.455432577000067)","Unfall 209982 (2021) Kat:3, Licht: 2","209982","3","1","8","02","20","1","","2","0","1","0","0"
"POINT (13.573573405000047 52.552410055000053)","Unfall 209983 (2021) Kat:3, Licht: 0","209983","3","3","5","01","10","3","","0","0","1","0","0"
"POINT (13.379787129000022 52.556079288000035)","Unfall 209984 (2021) Kat:3, Licht: 0","209984","3","7","5","01","12","3","","0","0","0","0","0"
"POINT (13.402697936000038 52.600658225000075)","Unfall 209985 (2021) Kat:3, Licht: 0","209985","3","3","5","01","15","7","","0","0","1","0","0"
"POINT (13.427083458000027 52.587356693000061)","Unfall 209986 (2021) Kat:3, Licht: 0","209986","3","2","5","03","16","4","","0","0","1","0","1"
"POINT (13.380433404000030 52.518117568000036)","Unfall 209987 (2021) Kat:3, Licht: 0","209987","3","2","0","01","08","2","","0","1","1","0","0"
"POINT (13.356115755000076 52.485975276000033)","Unfall 209988 (2021) Kat:3, Licht: 0","209988","3","4","6","02","09","5","","0","1","0","1","0"
"POINT (13.225311493000049 52.537551950000079)","Unfall 209989 (2021) Kat:3, Licht: 2","209989","3","5","1","02","19","3","","2","0","1","0","0"
"POINT (13.466084369000043 52.499970344000076)","Unfall 209990 (2021) Kat:3, Licht: 0","209990","3","2","5","03","15","2","","0","1","1","0","0"
"POINT (13.430746528000043 52.534500487000059)","Unfall 209991 (2021) Kat:2, Licht: 0","209991","2","3","5","02","10","6","","0","1","0","0","0"
"POINT (13.318687366000063 52.454465219000042)","Unfall 209992 (2021) Kat:3, Licht: 0","209992","3","3","5","01","07","2","","0","0","1","0","0"
"POINT (13.213078745000075 52.561642545000041)","Unfall 209993 (2021) Kat:2, Licht: 2","209993","2","4","6","01","17","7","","2","0","1","1","0"
"POINT (13.273903668000059 52.509680983000067)","Unfall 209994 (2021) Kat:3, Licht: 0","209994","3","3","5","02","12","6","","0","0","1","0","0"
"POINT (13.391982482000060 52.583930089000035)","Unfall 209995 (2021) Kat:3, Licht: 0","209995","3","4","6","03","12","2","","0","0","1","1","0"
"POINT (13.382906546000072 52.523113728000055)","Unfall 209996 (2021) Kat:3, Licht: 0","209996","3","5","1","03","07","7","","0","0","1","0","0"
"POINT (13.435136110000030 52.426861729000052)","Unfall 209997 (2021) Kat:3, Licht: 2","209997","3","5","4","02","17","1","","2","0","1","0","0"
"POINT (13.297129162000033 52.534548520000044)","Unfall 209998 (2021) Kat:3, Licht: 0","209998","3","6","2","03","06","5","","0","0","1","0","0"
"POINT (13.384786934000033 52.550640616000067)","Unfall 209999 (2021) Kat:3, Licht: 0","209999","3","2","5","01","13","7","","0","1","1","0","0"
"POINT (13.394222345000060 52.507899169000041)","Unfall 210000 (2021) Kat:3, Licht: 0","210000","3","3","5","02","10","5","","0","1","1","0","0"
"POINT (13.398932731000059 52.532545123000034)","Unfall 210001 (2021) Kat:3, Licht: 0","210001","3","2","5","01","14","7","","0","0","1","0","0"
"POINT (13.157874202000073 52.561358699000039)","Unfall 210002 (2021) Kat:3, Licht: 0","210002","3","6","2","03","06","4","","0","0","1","0","1"
"POINT (13.448124482000026 52.477655682000034)","Unfall 210003 (2021) Kat:3, Licht: 2","210003","3","2","2","01","07","4","","2","0","1","0","0"
"POINT (13.409321986000066 52.501729091000072)","Unfall 210004 (2021) Kat:2, Licht: 2","210004","2","2","5","02","18","5","","2","0","1","0","0"
"POINT (13.612226666000026 52.511859884000046)","Unfall 210005 (2021) Kat:3, Licht: 0","210005","3","4","6","02","13","2","","0","0","1","1","0"
"POINT (13.426346003000049 52.477547936000065)","Unfall 210006 (2021) Kat:2, Licht: 0","210006","2","2","6","01","14","3","","0","0","0","1","0"
"POINT (13.404849096000078 52.513532342000076)","Unfall 210007 (2021) Kat:3, Licht: 2","210007","3","6","2","03","19","1","","2","0","1","0","0"
"POINT (13.485000818000060 52.467047467000043)","Unfall 210008 (2021) Kat:3, Licht: 1","210008","3","5","1","02","06","1","","1","0","1","0","0"
"POINT (13.411822264000023 52.523967652000067)","Unfall 210009 (2021) Kat:2, Licht: 0","210009","2","2","5","01","11","1","","0","0","1","0","1"
"POINT (13.452921681000078 52.551862333000031)","Unfall 210010 (2021) Kat:3, Licht: 0","210010","3","4","6","01","15","6","","0","0","1","1","0"
"POINT (13.406238647000066 52.404377411000041)","Unfall 210011 (2021) Kat:3, Licht: 0","210011","3","2","5","03","12","7","","0","0","1","0","0"
"POINT (13.388407845000074 52.533990588000052)","Unfall 210012 (2021) Kat:2, Licht: 0","210012","2","6","2","03","15","6","","0","1","0","0","0"
"POINT (13.165313269000023 52.551262244000043)","Unfall 210013 (2021) Kat:3, Licht: 2","210013","3","2","6","01","18","1","","2","0","1","1","0"
"POINT (13.497505455000066 52.458090454000057)","Unfall 210014 (2021) Kat:3, Licht: 2","210014","3","1","8","02","20","4","","2","0","0","0","1"
"POINT (13.344476498000063 52.504369137000026)","Unfall 210015 (2021) Kat:2, Licht: 0","210015","2","7","6","03","08","7","","0","0","1","1","0"
"POINT (13.329780826000047 52.569135841000048)","Unfall 210016 (2021) Kat:3, Licht: 0","210016","3","4","6","01","10","5","","0","0","1","1","0"
"POINT (13.505246980000038 52.444796727000039)","Unfall 210017 (2021) Kat:2, Licht: 0","210017","2","1","0","02","13","4","","0","0","0","0","1"
"POINT (13.539074472000038 52.554282712000031)","Unfall 210018 (2021) Kat:2, Licht: 2","210018","2","7","9","01","21","5","","2","0","1","0","0"
"POINT (13.545150563000050 52.434338541000045)","Unfall 210019 (2021) Kat:3, Licht: 0","210019","3","3","5","03","13","2","","0","1","1","0","0"
"POINT (13.517484389000060 52.461663899000030)","Unfall 210020 (2021) Kat:3, Licht: 0","210020","3","4","0","02","14","4","","0","0","0","1","0"
"POINT (13.494896784000048 52.542067259000078)","Unfall 210021 (2021) Kat:2, Licht: 2","210021","2","3","5","03","23","6","","2","0","1","0","0"
"POINT (13.364926510000032 52.597144998000033)","Unfall 210022 (2021) Kat:2, Licht: 0","210022","2","4","6","03","16","5","","0","0","1","1","0"
"POINT (13.511843920000047 52.546480490000079)","Unfall 210023 (2021) Kat:3, Licht: 0","210023","3","3","5","03","07","4","","0","1","1","0","0"
"POINT (13.323949510000034 52.456099900000027)","Unfall 210024 (2021) Kat:3, Licht: 0","210024","3","3","5","01","11","1","","0","1","1","0","0"
"POINT (13.451653059000023 52.452530288000048)","Unfall 210025 (2021) Kat:3, Licht: 1","210025","3","1","0","02","17","3","","1","0","0","0","1"
"POINT (13.270528276000050 52.510636921000071)","Unfall 210026 (2021) Kat:3, Licht: 0","210026","3","6","3","02","12","1","","0","0","1","0","0"
"POINT (13.268401725000047 52.536756348000040)","Unfall 210027 (2021) Kat:3, Licht: 0","210027","3","3","5","03","14","6","","0","1","1","0","0"
"POINT (13.405911208000077 52.415595625000037)","Unfall 210028 (2021) Kat:2, Licht: 0","210028","2","1","0","01","08","4","","0","1","0","0","0"
"POINT (13.367929224000022 52.418968134000067)","Unfall 210029 (2021) Kat:3, Licht: 2","210029","3","2","6","02","17","3","","2","0","1","1","0"
"POINT (13.244835661000025 52.614454631000058)","Unfall 210030 (2021) Kat:2, Licht: 0","210030","2","2","6","01","13","4","","0","0","1","1","0"
"POINT (13.329976572000021 52.464438118000032)","Unfall 210031 (2021) Kat:3, Licht: 0","210031","3","3","5","02","15","7","","0","1","1","0","0"
"POINT (13.150553488000071 52.522954213000048)","Unfall 210032 (2021) Kat:3, Licht: 0","210032","3","7","0","02","14","1","","0","0","1","0","0"
"POINT (13.338866035000024 52.464514638000026)","Unfall 210033 (2021) Kat:3, Licht: 2","210033","3","2","5","03","18","3","","2","1","1","0","0"
"POINT (13.518951506000064 52.531490695000059)","Unfall 210034 (2021) Kat:3, Licht: 0","210034","3","2","5","03","16","2","","0","1","1","0","0"
"POINT (13.187888323000038 52.547002479000071)","Unfall 210035 (2021) Kat:3, Licht: 0","210035","3","2","5","02","15","1","","0","1","1","0","0"
"POINT (13.452441738000061 52.472838182000032)","Unfall 210036 (2021) Kat:3, Licht: 0","210036","3","2","5","01","09","3","","0","1","1","0","0"
"POINT (13.285394023000038 52.594820188000028)","Unfall 210037 (2021) Kat:3, Licht: 0","210037","3","2","5","01","13","3","","0","1","0","0","0"
"POINT (13.388438195000049 52.456748051000034)","Unfall 210038 (2021) Kat:3, Licht: 0","210038","3","7","5","01","15","6","","0","0","1","0","0"
"POINT (13.295365074000074 52.628760909000050)","Unfall 210039 (2021) Kat:3, Licht: 0","210039","3","4","6","03","15","4","","0","0","1","1","0"
"POINT (13.315434390000064 52.577837444000068)","Unfall 210040 (2021) Kat:3, Licht: 0","210040","3","2","5","01","09","3","","0","0","1","0","0"
"POINT (13.434788521000030 52.439239713000063)","Unfall 210041 (2021) Kat:3, Licht: 0","210041","3","3","5","02","17","6","","0","0","1","0","0"
"POINT (13.132879794000075 52.451067833000081)","Unfall 210042 (2021) Kat:3, Licht: 0","210042","3","5","1","02","14","2","","0","0","1","0","0"
"POINT (13.293856081000058 52.534768385000064)","Unfall 210043 (2021) Kat:3, Licht: 2","210043","3","2","3","01","18","3","","2","0","1","0","0"
"POINT (13.279816512000025 52.534322956000040)","Unfall 210044 (2021) Kat:3, Licht: 1","210044","3","6","2","03","17","3","","1","0","1","0","0"
"POINT (13.383259520000024 52.530635357000051)","Unfall 210045 (2021) Kat:3, Licht: 0","210045","3","2","2","02","15","1","","0","1","0","0","0"
"POINT (13.387158111000076 52.559799804000079)","Unfall 210046 (2021) Kat:2, Licht: 0","210046","2","2","5","01","14","2","","0","1","1","0","0"
"POINT (13.370740771000044 52.563025697000057)","Unfall 210047 (2021) Kat:3, Licht: 0","210047","3","7","1","01","11","6","","0","0","1","1","0"
"POINT (13.379668593000076 52.494298343000082)","Unfall 210048 (2021) Kat:3, Licht: 0","210048","3","2","0","02","13","7","","0","1","0","0","0"
"POINT (13.300052307000044 52.439922449000051)","Unfall 210049 (2021) Kat:3, Licht: 0","210049","3","6","3","03","13","7","","0","1","1","0","0"
"POINT (13.621698120000076 52.450618830000053)","Unfall 210050 (2021) Kat:3, Licht: 0","210050","3","2","5","03","08","7","","0","1","1","0","0"
"POINT (13.362807821000047 52.499722900000052)","Unfall 210051 (2021) Kat:3, Licht: 2","210051","3","3","5","02","21","1","","2","0","1","0","0"
"POINT (13.409288240000024 52.566421480000031)","Unfall 210052 (2021) Kat:3, Licht: 0","210052","3","4","0","03","16","6","","0","0","0","1","0"
"POINT (13.445636832000048 52.538832382000066)","Unfall 210053 (2021) Kat:3, Licht: 0","210053","3","5","1","01","14","1","","0","1","1","0","0"
"POINT (13.342030372000067 52.526269331000037)","Unfall 210054 (2021) Kat:2, Licht: 0","210054","2","6","4","02","14","4","","0","1","0","0","0"
"POINT (13.383432251000045 52.533971634000068)","Unfall 210055 (2021) Kat:3, Licht: 0","210055","3","5","1","03","08","7","","0","1","1","0","0"
"POINT (13.228213877000030 52.530075570000065)","Unfall 210056 (2021) Kat:3, Licht: 2","210056","3","7","6","02","06","2","","2","0","1","1","0"
"POINT (13.346270408000066 52.501072324000063)","Unfall 210057 (2021) Kat:3, Licht: 0","210057","3","2","5","02","12","5","","0","0","1","0","0"
"POINT (13.438780474000055 52.547944570000027)","Unfall 210058 (2021) Kat:3, Licht: 1","210058","3","6","3","01","16","5","","1","1","0","0","0"
"POINT (13.325971226000036 52.592300696000052)","Unfall 210059 (2021) Kat:3, Licht: 0","210059","3","7","6","03","16","3","","0","1","0","1","0"
"POINT (13.322291212000039 52.410385731000076)","Unfall 210060 (2021) Kat:3, Licht: 0","210060","3","6","2","02","07","5","","0","0","1","0","0"
"POINT (13.486669060000054 52.526649178000071)","Unfall 210061 (2021) Kat:3, Licht: 1","210061","3","1","0","03","06","5","","1","1","0","0","0"
"POINT (13.405025609000063 52.533903697000028)","Unfall 210062 (2021) Kat:3, Licht: 2","210062","3","6","2","01","19","5","","2","1","1","0","0"
"POINT (13.548602300000027 52.427638816000069)","Unfall 210063 (2021) Kat:3, Licht: 0","210063","3","6","2","03","08","4","","0","0","1","0","0"
"POINT (13.572111649000021 52.546152301000063)","Unfall 210064 (2021) Kat:3, Licht: 0","210064","3","6","2","02","16","3","","0","0","1","0","0"