WKT,Name,OBJECTID,UKATEGORIE,UTYP1,UART,UMONAT,USTUNDE,UWOCHENTAG,STRZUSTAND,ULICHTVERH,ISTRAD,ISTPKW,ISTFUSS,ISTKRAD
"POINT (13.321727813000052 52.492881285000067)","Unfall 210065 (2021) Kat:3, Licht: 0","210065","3","3","5","03","16","5","","0","1","1","0","0"
"POINT (13.141543687000024 52.532352540000034)","Unfall 210066 (2021) Kat:2, Licht: 1","210066","2","2","6","01","06","5","","1","0","1","1","0"
"POINT (13.604196683000055 52.538939940000034)","Unfall 210067 (2021) Kat:3, Licht: 0","210067","3","7","2","01","14","5","","0","0","1","0","0"
"POINT (13.437860625000042 52.593000328000073)","Unfall 210068 (2021) Kat:3, Licht: 0","210068","3","3","5","02","14","6","","0","0","1","0","0"
"POINT (13.260452357000077 52.444435754000040)","Unfall 210069 (2021) Kat:3, Licht: 0","210069","3","3","5","02","11","3","","0","0","1","0","0"
"POINT (13.400712618000057 52.494277754000052)","Unfall 210070 (2021) Kat:3, Licht: 0","210070","3","7","6","03","14","4","","0","0","1","1","0"
"POINT (13.343604913000036 52.415537561000065)","Unfall 210071 (2021) Kat:3, Licht: 2","210071","3","7","0","03","18","1","","2","0","1","0","0"
"POINT (13.282638714000029 52.518631332000041)","Unfall 210072 (2021) Kat:3, Licht: 0","210072","3","1","0","02","10","4","","0","0","1","0","0"
"POINT (13.285135326000045 52.494884874000036)","Unfall 210073 (2021) Kat:3, Licht: 0","210073","3","6","2","01","14","5","","0","0","1","0","0"
"POINT (13.184509645000048 52.547632234000048)","Unfall 210074 (2021) Kat:3, Licht: 2","210074","3","2","5","03","19","3","","2","0","1","0","0"
"POINT (13.395238449000033 52.497120769000048)","Unfall 210075 (2021) Kat:3, Licht: 2","210075","3","4","6","02","17","3","","2","1","1","1","0"
"POINT (13.158778332000054 52.520913759000052)","Unfall 210076 (2021) Kat:3, Licht: 0","210076","3","6","3","03","10","5","","0","0","1","0","0"
"POINT (13.239965832000053 52.618801076000068)","Unfall 210077 (2021) Kat:3, Licht: 0","210077","3","2","2","03","13","4","","0","0","1","0","0"
"POINT (13.150560626000072 52.418419252000035)","Unfall 210078 (2021) Kat:3, Licht: 0","210078","3","3","5","02","15","3","","0","1","1","0","0"
"POINT (13.448846846000038 52.485048357000039)","Unfall 210079 (2021) Kat:3, Licht: 2","210079","3","2","6","03","19","5","","2","0","1","1","0"
"POINT (13.382462757000042 52.504527258000053)","Unfall 210080 (2021) Kat:3, Licht: 0","210080","3","3","5","01","10","4","","0","0","1","0","0"
"POINT (13.326236970000025 52.538038424000035)","Unfall 210081 (2021) Kat:3, Licht: 0","210081","3","2","5","02","15","3","","0","0","1","0","0"
"POINT (13.294412354000031 52.534408732000031)","Unfall 210082 (2021) Kat:3, Licht: 1","210082","3","2","2","03","17","5","","1","0","1","0","0"
"POINT (13.434413624000058 52.472573427000043)","Unfall 210083 (2021) Kat:3, Licht: 0","210083","3","3","5","01","12","4","","0","0","1","0","0"
"POINT (13.287623641000039 52.475703419000070)","Unfall 210084 (2021) Kat:3, Licht: 0","210084","3","3","5","02","11","7","","0","0","1","0","0"
"POINT (13.400437227000054 52.494323372000053)","Unfall 210085 (2021) Kat:3, Licht: 0","210085","3","7","5","02","11","7","","0","0","1","0","0"
"POINT (13.374003694000066 52.421389456000043)","Unfall 210086 (2021) Kat:2, Licht: 0","210086","2","3","5","03","16","4","","0","0","1","0","1"
"POINT (13.443382583000073 52.500324846000069)","Unfall 210087 (2021) Kat:3, Licht: 0","210087","3","4","6","03","08","3","","0","0","1","1","0"
"POINT (13.361259004000033 52.412601349000056)","Unfall 210088 (2021) Kat:3, Licht: 0","210088","3","2","6","02","14","1","","0","0","1","1","0"
"POINT (13.384508340000025 52.538340550000044)","Unfall 210089 (2021) Kat:3, Licht: 0","210089","3","4","6","01","08","3","","0","0","0","1","0"
"POINT (13.464378805000024 52.470214266000028)","Unfall 210090 (2021) Kat:3, Licht: 2","210090","3","2","6","01","17","2","","2","0","0","1","0"
"POINT (13.559512677000043 52.455937087000052)","Unfall 210091 (2021) Kat:3, Licht: 2","210091","3","6","2","03","18","2","","2","0","1","0","0"
"POINT (13.396405232000063 52.491248504000055)","Unfall 210092 (2021) Kat:3, Licht: 2","210092","3","3","5","02","17","6","","2","0","1","0","0"
"POINT (13.338791808000053 52.505161126000075)","Unfall 210093 (2021) Kat:3, Licht: 0","210093","3","5","1","03","14","4","","0","0","0","0","1"
"POINT (13.207501003000061 52.555078559000037)","Unfall 210094 (2021) Kat:2, Licht: 0","210094","2","6","3","01","13","2","","0","1","1","0","0"
"POINT (13.379759394000075 52.522615688000030)","Unfall 210095 (2021) Kat:3, Licht: 2","210095","3","3","5","02","20","5","","2","1","1","0","0"
"POINT (13.312796138000067 52.480473122000035)","Unfall 210096 (2021) Kat:3, Licht: 0","210096","3","2","5","02","09","3","","0","0","1","0","0"
"POINT (13.391697444000044 52.512227125000038)","Unfall 210097 (2021) Kat:3, Licht: 0","210097","3","1","0","01","14","3","","0","1","0","0","0"
"POINT (13.508126326000024 52.548532709000028)","Unfall 210098 (2021) Kat:2, Licht: 0","210098","2","2","5","03","15","3","","0","1","1","0","0"
"POINT (13.182824399000026 52.512833196000031)","Unfall 210099 (2021) Kat:3, Licht: 0","210099","3","6","2","02","09","5","","0","0","1","0","0"
"POINT (13.418051693000052 52.538302348000059)","Unfall 210100 (2021) Kat:3, Licht: 0","210100","3","5","1","01","14","3","","0","1","1","0","0"
"POINT (13.449881814000037 52.445552188000079)","Unfall 210101 (2021) Kat:3, Licht: 0","210101","3","2","5","01","14","3","","0","1","1","0","0"
"POINT (13.362938304000068 52.499701119000065)","Unfall 210102 (2021) Kat:3, Licht: 0","210102","3","7","9","01","14","7","","0","0","1","0","0"
"POINT (13.467214382000066 52.512679843000058)","Unfall 210103 (2021) Kat:3, Licht: 0","210103","3","4","6","02","14","6","","0","1","0","1","0"
"POINT (13.450526544000070 52.491382307000038)","Unfall 210104 (2021) Kat:2, Licht: 0","210104","2","3","5","03","10","2","","0","1","1","0","0"
"POINT (13.509662209000055 52.572147343000040)","Unfall 210105 (2021) Kat:3, Licht: 0","210105","3","3","5","03","17","1","","0","1","1","0","0"
"POINT (13.314478388000055 52.490144657000030)","Unfall 210106 (2021) Kat:3, Licht: 2","210106","3","4","6","03","21","5","","2","0","1","1","0"
"POINT (13.431987604000028 52.466349166000043)","Unfall 210107 (2021) Kat:2, Licht: 0","210107","2","7","9","01","13","1","","0","0","1","1","0"
"POINT (13.280744286000072 52.506467614000030)","Unfall 210108 (2021) Kat:3, Licht: 0","210108","3","3","5","02","14","4","","0","1","0","0","0"
"POINT (13.363186334000034 52.580373255000040)","Unfall 210109 (2021) Kat:2, Licht: 0","210109","2","6","2","03","10","7","","0","0","1","0","0"
"POINT (13.367830772000048 52.602745789000039)","Unfall 210110 (2021) Kat:3, Licht: 0","210110","3","3","5","02","15","2","","0","0","1","0","0"
"POINT (13.381795638000028 52.552632412000037)","Unfall 210111 (2021) Kat:3, Licht: 2","210111","3","4","6","02","19","4","","2","0","1","1","0"
"POINT (13.316164627000035 52.586691467000037)","Unfall 210112 (2021) Kat:3, Licht: 1","210112","3","6","2","01","15","5","","1","0","1","0","0"
"POINT (13.375571615000069 52.409070548000045)","Unfall 210113 (2021) Kat:3, Licht: 2","210113","3","6","2","03","21","3","","2","0","1","0","0"
"POINT (13.249241347000066 52.451844628000060)","Unfall 210114 (2021) Kat:3, Licht: 0","210114","3","1","0","02","13","5","","0","1","1","0","0"
"POINT (13.477073114000063 52.524267029000043)","Unfall 210115 (2021) Kat:3, Licht: 0","210115","3","3","5","03","13","5","","0","1","1","0","0"
"POINT (13.467225719000055 52.597059248000051)","Unfall 210116 (2021) Kat:3, Licht: 0","210116","3","3","5","03","10","2","","0","0","1","0","0"
"POINT (13.517509843000028 52.535409287000050)","Unfall 210117 (2021) Kat:3, Licht: 0","210117","3","2","5","02","13","2","","0","0","1","0","0"
"POINT (13.632843613000034 52.529873527000063)","Unfall 210118 (2021) Kat:3, Licht: 0","210118","3","3","5","03","12","6","","0","0","1","0","0"
"POINT (13.414175144000069 52.498443827000074)","Unfall 210119 (2021) Kat:3, Licht: 0","210119","3","1","0","01","13","5","","0","1","0","0","0"
"POINT (13.337549291000073 52.431588179000073)","Unfall 210120 (2021) Kat:3, Licht: 0","210120","3","5","0","01","12","4","","0","0","1","0","1"
"POINT (13.503312810000068 52.575829768000062)","Unfall 210121 (2021) Kat:3, Licht: 2","210121","3","2","5","02","05","3","","2","0","1","0","0"
"POINT (13.378859923000050 52.449583976000042)","Unfall 210122 (2021) Kat:3, Licht: 0","210122","3","6","2","03","12","4","","0","1","0","0","0"
"POINT (13.410975592000057 52.503914094000038)","Unfall 210123 (2021) Kat:3, Licht: 2","210123","3","3","5","01","06","4","","2","1","1","0","0"
"POINT (13.577143772000056 52.572190567000064)","Unfall 210124 (2021) Kat:3, Licht: 2","210124","3","5","1","02","21","7","","2","0","0","0","0"
"POINT (13.464167193000037 52.485513969000067)","Unfall 210125 (2021) Kat:3, Licht: 0","210125","3","7","5","02","13","1","","0","0","1","0","0"
"POINT (13.524526031000050 52.513704526000026)","Unfall 210126 (2021) Kat:2, Licht: 2","210126","2","2","6","01","07","5","","2","0","1","1","0"
"POINT (13.380184454000073 52.574993817000063)","Unfall 210127 (2021) Kat:2, Licht: 2","210127","2","2","5","03","22","1","","2","0","1","0","0"
"POINT (13.532348698000021 52.461690084000054)","Unfall 210128 (2021) Kat:2, Licht: 2","210128","2","3","5","02","05","2","","2","0","1","0","1"
"POINT (13.343797735000066 52.553427501000044)","Unfall 210129 (2021) Kat:3, Licht: 2","210129","3","3","5","01","20","3","","2","0","1","0","0"
"POINT (13.296127358000035 52.516928691000032)","Unfall 210130 (2021) Kat:3, Licht: 0","210130","3","3","5","01","11","3","","0","0","1","0","0"
"POINT (13.474970033000034 52.520438125000055)","Unfall 210131 (2021) Kat:3, Licht: 0","210131","3","5","1","03","14","2","","0","1","1","0","0"
"POINT (13.394916272000046 52.565338502000031)","Unfall 210132 (2021) Kat:2, Licht: 0","210132","2","2","5","03","13","6","","0","1","1","0","0"
"POINT (13.351592405000076 52.505206565000037)","Unfall 210133 (2021) Kat:2, Licht: 1","210133","2","4","6","03","18","5","","1","0","0","1","1"
"POINT (13.260425230000067 52.537011366000058)","Unfall 210134 (2021) Kat:3, Licht: 0","210134","3","6","2","01","13","2","","0","0","1","0","1"
"POINT (13.208277855000063 52.562004953000041)","Unfall 210135 (2021) Kat:3, Licht: 0","210135","3","3","5","02","12","6","","0","1","1","0","0"
"POINT (13.392749929000047 52.452971873000081)","Unfall 210136 (2021) Kat:3, Licht: 0","210136","3","7","5","02","12","4","","0","0","1","0","0"
"POINT (13.466443075000029 52.508750052000039)","Unfall 210137 (2021) Kat:3, Licht: 0","210137","3","6","3","03","12","6","","0","1","0","0","0"
"POINT (13.304332498000065 52.503768650000040)","Unfall 210138 (2021) Kat:3, Licht: 2","210138","3","2","6","01","18","4","","2","0","1","1","0"
"POINT (13.431892532000063 52.505660686000056)","Unfall 210139 (2021) Kat:3, Licht: 0","210139","3","3","0","03","16","2","","0","0","1","0","1"
"POINT (13.464610295000057 52.470386914000073)","Unfall 210140 (2021) Kat:3, Licht: 0","210140","3","2","3","02","14","2","","0","0","1","0","0"
"POINT (13.288097943000025 52.588890620000029)","Unfall 210141 (2021) Kat:3, Licht: 0","210141","3","2","3","01","14","4","","0","0","1","0","0"
"POINT (13.467055816000027 52.520238347000031)","Unfall 210142 (2021) Kat:3, Licht: 0","210142","3","4","6","03","15","4","","0","1","0","1","0"
"POINT (13.402874092000047 52.394053158000077)","Unfall 210143 (2021) Kat:3, Licht: 0","210143","3","2","5","03","10","3","","0","1","0","0","1"
"POINT (13.260868498000036 52.516062640000030)","Unfall 210144 (2021) Kat:2, Licht: 2","210144","2","1","1","02","19","2","","2","0","1","0","0"
"POINT (13.394437871000036 52.506964428000060)","Unfall 210145 (2021) Kat:2, Licht: 2","210145","2","3","5","01","07","3","","2","0","1","0","0"
"POINT (13.307972141000050 52.524546101000055)","Unfall 210146 (2021) Kat:2, Licht: 2","210146","2","3","5","01","17","2","","2","1","1","0","0"
"POINT (13.538290556000049 52.554212926000048)","Unfall 210147 (2021) Kat:3, Licht: 1","210147","3","3","5","03","17","1","","1","0","1","0","0"
"POINT (13.218274179000048 52.520277133000036)","Unfall 210148 (2021) Kat:3, Licht: 0","210148","3","1","8","01","11","7","","0","0","1","0","0"
"POINT (13.198617574000025 52.555333391000033)","Unfall 210149 (2021) Kat:3, Licht: 0","210149","3","2","5","03","09","5","","0","0","1","0","0"
"POINT (13.437632668000049 52.478835033000053)","Unfall 210150 (2021) Kat:3, Licht: 0","210150","3","3","5","01","15","2","","0","1","0","0","0"
"POINT (13.346758741000031 52.503767529000072)","Unfall 210151 (2021) Kat:2, Licht: 0","210151","2","7","6","02","11","6","","0","0","1","1","0"
"POINT (13.473080940000045 52.520609149000052)","Unfall 210152 (2021) Kat:3, Licht: 2","210152","3","1","0","02","17","2","","2","0","0","0","1"
"POINT (13.445605981000028 52.495569101000058)","Unfall 210153 (2021) Kat:3, Licht: 0","210153","3","3","5","03","15","3","","0","1","0","0","0"
"POINT (13.434900735000042 52.461386188000063)","Unfall 210154 (2021) Kat:3, Licht: 2","210154","3","5","1","02","05","4","","2","0","1","0","0"
"POINT (13.560761693000075 52.571003456000028)","Unfall 210155 (2021) Kat:2, Licht: 2","210155","2","4","6","01","17","1","","2","0","1","1","1"
"POINT (13.421102965000046 52.480267712000057)","Unfall 210156 (2021) Kat:3, Licht: 0","210156","3","2","5","03","12","3","","0","1","1","0","0"
"POINT (13.298969877000047 52.506844272000080)","Unfall 210157 (2021) Kat:3, Licht: 0","210157","3","2","5","01","13","6","","0","1","1","0","0"
"POINT (13.345397413000057 52.566889718000027)","Unfall 210158 (2021) Kat:3, Licht: 2","210158","3","6","2","02","18","6","","2","0","1","0","0"
"POINT (13.309617072000037 52.506456681000031)","Unfall 210159 (2021) Kat:3, Licht: 0","210159","3","6","2","03","06","2","","0","0","1","0","1"
"POINT (13.456127246000051 52.501426267000056)","Unfall 210160 (2021) Kat:3, Licht: 2","210160","3","6","2","03","20","5","","2","1","1","0","0"
"POINT (13.421215096000026 52.509850848000042)","Unfall 210161 (2021) Kat:3, Licht: 0","210161","3","2","5","03","13","5","","0","1","1","0","0"
"POINT (13.412424325000075 52.516605878000064)","Unfall 210162 (2021) Kat:3, Licht: 2","210162","3","7","0","01","20","6","","2","0","1","0","0"
"POINT (13.401412501000038 52.386619511000049)","Unfall 210163 (2021) Kat:3, Licht: 0","210163","3","3","5","02","12","5","","0","1","1","0","0"
"POINT (13.153210920000049 52.546641555000065)","Unfall 210164 (2021) Kat:3, Licht: 0","210164","3","1","4","02","13","7","","0","0","1","0","0"
"POINT (13.481432809000069 52.482352607000053)","Unfall 210165 (2021) Kat:3, Licht: 0","210165","3","7","2","03","08","6","","0","0","1","0","0"
"POINT (13.386229265000054 52.501321083000050)","Unfall 210166 (2021) Kat:3, Licht: 0","210166","3","2","5","02","08","2","","0","1","1","0","0"
"POINT (13.525401147000025 52.482093042000031)","Unfall 210167 (2021) Kat:2, Licht: 2","210167","2","4","6","01","18","7","","2","0","1","1","0"
"POINT (13.408162721000053 52.551030593000064)","Unfall 210168 (2021) Kat:2, Licht: 0","210168","2","2","5","03","07","3","","0","1","1","0","0"
"POINT (13.387538092000057 52.439823653000076)","Unfall 210169 (2021) Kat:3, Licht: 2","210169","3","6","2","02","17","3","","2","0","1","0","0"
"POINT (13.385327666000023 52.452776805000042)","Unfall 210170 (2021) Kat:3, Licht: 0","210170","3","5","1","03","15","4","","0","1","1","0","0"
"POINT (13.429092275000073 52.482191809000028)","Unfall 210171 (2021) Kat:3, Licht: 2","210171","3","7","2","03","19","3","","2","1","1","0","0"
"POINT (13.574204325000039 52.444353017000026)","Unfall 210172 (2021) Kat:3, Licht: 0","210172","3","6","0","02","14","2","","0","0","1","0","1"
"POINT (13.401343519000022 52.540095539000049)","Unfall 210173 (2021) Kat:3, Licht: 2","210173","3","6","2","01","17","4","","2","0","1","1","0"
"POINT (13.377979699000036 52.472261021000065)","Unfall 210174 (2021) Kat:3, Licht: 2","210174","3","6","2","01","17","5","","2","0","1","0","1"
"POINT (13.479896900000028 52.461315094000042)","Unfall 210175 (2021) Kat:3, Licht: 2","210175","3","7","2","01","03","6","","2","0","1","0","0"
"POINT (13.413317230000075 52.548697432000040)","Unfall 210176 (2021) Kat:3, Licht: 0","210176","3","1","0","03","09","4","","0","1","0","0","0"
"POINT (13.330805618000056 52.490781368000057)","Unfall 210177 (2021) Kat:3, Licht: 2","210177","3","2","6","01","18","3","","2","0","1","1","0"
"POINT (13.400359892000040 52.483705174000079)","Unfall 210178 (2021) Kat:3, Licht: 0","210178","3","6","4","02","17","5","","0","1","0","0","0"
"POINT (13.305342553000060 52.582085005000067)","Unfall 210179 (2021) Kat:3, Licht: 0","210179","3","3","5","02","14","3","","0","0","1","0","0"
"POINT (13.339338401000077 52.461601000000030)","Unfall 210180 (2021) Kat:3, Licht: 2","210180","3","4","6","01","17","4","","2","0","1","1","0"
"POINT (13.463474985000062 52.629209964000040)","Unfall 210181 (2021) Kat:3, Licht: 0","210181","3","1","0","03","16","2","","0","0","0","0","0"
"POINT (13.411786937000045 52.523966515000041)","Unfall 210182 (2021) Kat:3, Licht: 2","210182","3","2","5","02","20","2","","2","0","1","0","0"
"POINT (13.315108834000057 52.490898843000082)","Unfall 210183 (2021) Kat:3, Licht: 0","210183","3","7","6","01","14","1","","0","0","1","1","0"
"POINT (13.274946215000057 52.460366095000040)","Unfall 210184 (2021) Kat:2, Licht: 0","210184","2","2","0","01","15","5","","0","0","1","0","0"
"POINT (13.602951328000074 52.538560729000039)","Unfall 210185 (2021) Kat:3, Licht: 0","210185","3","6","2","03","12","2","","0","0","1","0","0"
"POINT (13.359838647000061 52.523459565000053)","Unfall 210186 (2021) Kat:3, Licht: 0","210186","3","2","5","03","17","7","","0","1","1","0","0"
"POINT (13.459023906000027 52.550133722000055)","Unfall 210187 (2021) Kat:3, Licht: 0","210187","3","2","5","03","14","6","","0","0","1","0","0"
"POINT (13.361669725000070 52.530968004000044)","Unfall 210188 (2021) Kat:3, Licht: 2","210188","3","4","6","01","20","2","","2","1","0","1","0"
"POINT (13.469095602000039 52.502427980000050)","Unfall 210189 (2021) Kat:3, Licht: 0","210189","3","6","2","02","16","4","","0","0","1","0","0"
"POINT (13.625541037000062 52.457579752000072)","Unfall 210190 (2021) Kat:3, Licht: 0","210190","3","3","0","03","08","6","","0","0","1","0","0"
"POINT (13.368425948000038 52.589700415000038)","Unfall 210191 (2021) Kat:3, Licht: 0","210191","3","3","5","02","16","4","","0","0","1","0","0"
"POINT (13.341650625000057 52.502071451000063)","Unfall 210192 (2021) Kat:3, Licht: 2","210192","3","5","1","01","17","5","","2","1","1","0","0"
"POINT (13.548695515000077 52.528129909000029)","Unfall 210193 (2021) Kat:3, Licht: 0","210193","3","3","5","03","15","3","","0","1","1","0","0"
"POINT (13.533106756000052 52.433759084000030)","Unfall 210194 (2021) Kat:3, Licht: 0","210194","3","3","5","02","11","3","","0","0","1","0","0"
"POINT (13.449942545000056 52.445701838000048)","Unfall 210195 (2021) Kat:3, Licht: 1","210195","3","2","5","03","17","1","","1","0","1","0","0"
"POINT (13.441647578000072 52.470415879000029)","Unfall 210196 (2021) Kat:3, Licht: 0","210196","3","2","0","03","08","5","","0","1","1","0","0"
"POINT (13.272366093000073 52.486912018000055)","Unfall 210197 (2021) Kat:2, Licht: 0","210197","2","4","6","03","17","4","","0","0","1","1","0"
"POINT (13.425911228000075 52.478171900000063)","Unfall 210198 (2021) Kat:3, Licht: 0","210198","3","5","1","01","14","7","","0","0","1","0","0"
"POINT (13.511883823000062 52.464225096000064)","Unfall 210199 (2021) Kat:3, Licht: 1","210199","3","7","6","02","17","3","","1","1","0","1","0"
"POINT (13.346797631000072 52.478708421000078)","Unfall 210200 (2021) Kat:3, Licht: 0","210200","3","4","0","03","16","6","","0","1","0","1","0"
"POINT (13.390732307000064 52.419928101000039)","Unfall 210201 (2021) Kat:2, Licht: 0","210201","2","2","2","01","09","5","","0","0","1","0","0"
"POINT (13.586545589000025 52.425628658000051)","Unfall 210202 (2021) Kat:3, Licht: 0","210202","3","5","1","02","11","3","","0","0","1","0","0"
"POINT (13.327823338000030 52.505510002000051)","Unfall 210203 (2021) Kat:3, Licht: 0","210203","3","2","5","01","08","4","","0","1","1","0","0"
"POINT (13.519866075000039 52.494773290000069)","Unfall 210204 (2021) Kat:3, Licht: 0","210204","3","6","2","03","08","2","","0","1","1","0","0"
"POINT (13.560646444000042 52.489708017000055)","Unfall 210205 (2021) Kat:2, Licht: 0","210205","2","4","6","02","13","6","","0","0","1","1","0"
"POINT (13.409697930000050 52.387118904000033)","Unfall 210206 (2021) Kat:2, Licht: 0","210206","2","7","6","02","09","4","","0","0","1","1","0"
"POINT (13.322969759000046 52.505850242000065)","Unfall 210207 (2021) Kat:3, Licht: 2","210207","3","2","6","01","20","2","","2","0","1","1","0"
"POINT (13.377481635000038 52.481436485000074)","Unfall 210208 (2021) Kat:2, Licht: 0","210208","2","2","5","03","14","3","","0","0","1","0","0"
"POINT (13.339202324000041 52.457775441000081)","Unfall 210209 (2021) Kat:3, Licht: 0","210209","3","7","5","01","11","2","","0","0","1","0","0"
"POINT (13.387601343000028 52.548923139000067)","Unfall 210210 (2021) Kat:3, Licht: 2","210210","3","6","2","02","18","2","","2","0","1","0","0"
"POINT (13.277268738000032 52.575740626000027)","Unfall 210211 (2021) Kat:3, Licht: 0","210211","3","6","2","03","06","2","","0","0","1","0","0"
"POINT (13.403545325000039 52.526417716000026)","Unfall 210212 (2021) Kat:3, Licht: 0","210212","3","5","1","03","15","6","","0","1","0","0","0"
"POINT (13.572080331000052 52.429513522000036)","Unfall 210213 (2021) Kat:3, Licht: 0","210213","3","2","5","03","07","4","","0","1","1","0","0"
"POINT (13.381816100000037 52.552465362000078)","Unfall 210214 (2021) Kat:3, Licht: 2","210214","3","1","9","01","23","5","","2","0","1","0","0"
"POINT (13.553289220000067 52.469585813000037)","Unfall 210215 (2021) Kat:3, Licht: 0","210215","3","3","5","02","14","4","","0","1","1","0","0"
"POINT (13.346242451000023 52.500228912000068)","Unfall 210216 (2021) Kat:3, Licht: 0","210216","3","1","8","03","07","7","","0","0","1","0","0"
"POINT (13.710616501000061 52.432857175000038)","Unfall 210217 (2021) Kat:3, Licht: 0","210217","3","6","2","03","17","5","","0","0","1","0","0"
"POINT (13.484623346000035 52.463557274000038)","Unfall 210218 (2021) Kat:3, Licht: 0","210218","3","4","6","01","11","3","","0","1","1","1","0"
"POINT (13.376575261000028 52.460112742000035)","Unfall 210219 (2021) Kat:3, Licht: 2","210219","3","2","6","02","16","3","","2","0","0","1","1"
"POINT (13.376037582000038 52.443198631000030)","Unfall 210220 (2021) Kat:2, Licht: 2","210220","2","3","6","01","18","6","","2","0","1","1","0"
"POINT (13.361560004000069 52.415895358000057)","Unfall 210221 (2021) Kat:2, Licht: 2","210221","2","4","6","02","21","7","","2","0","1","1","0"
"POINT (13.275938186000076 52.494049880000034)","Unfall 210222 (2021) Kat:3, Licht: 2","210222","3","6","6","02","17","7","","2","0","1","1","0"
"POINT (13.472055638000029 52.547799369000074)","Unfall 210223 (2021) Kat:3, Licht: 0","210223","3","5","1","03","17","4","","0","1","0","0","0"
"POINT (13.321668689000035 52.505786072000035)","Unfall 210224 (2021) Kat:2, Licht: 2","210224","2","3","5","03","18","3","","2","1","1","0","0"
"POINT (13.433254017000024 52.552963933000058)","Unfall 210225 (2021) Kat:3, Licht: 0","210225","3","3","5","02","15","2","","0","0","1","0","0"
"POINT (13.349344736000035 52.515074143000049)","Unfall 210226 (2021) Kat:3, Licht: 2","210226","3","6","0","01","19","3","","2","0","1","0","1"
"POINT (13.253066531000059 52.523045595000042)","Unfall 210227 (2021) Kat:3, Licht: 0","210227","3","2","2","01","13","3","","0","0","1","0","0"
"POINT (13.330802498000025 52.490881220000063)","Unfall 210228 (2021) Kat:3, Licht: 0","210228","3","2","5","01","14","6","","0","1","1","0","0"
"POINT (13.442685400000073 52.465209860000073)","Unfall 210229 (2021) Kat:3, Licht: 0","210229","3","6","2","03","07","4","","0","0","1","0","0"
"POINT (13.469253507000076 52.531430913000065)","Unfall 210230 (2021) Kat:3, Licht: 2","210230","3","2","5","01","18","4","","2","1","1","0","0"
"POINT (13.310342932000026 52.624715897000044)","Unfall 210231 (2021) Kat:3, Licht: 0","210231","3","3","5","02","12","5","","0","0","1","0","0"
"POINT (13.310380021000071 52.479020344000048)","Unfall 210232 (2021) Kat:3, Licht: 2","210232","3","4","6","02","18","4","","2","0","1","1","0"
"POINT (13.407933139000022 52.452550212000062)","Unfall 210233 (2021) Kat:3, Licht: 0","210233","3","3","5","01","11","4","","0","1","0","0","0"
"POINT (13.411611946000050 52.504754650000052)","Unfall 210234 (2021) Kat:3, Licht: 0","210234","3","7","2","03","16","2","","0","0","1","0","0"
"POINT (13.425576347000060 52.479191235000030)","Unfall 210235 (2021) Kat:2, Licht: 0","210235","2","2","5","02","16","1","","0","0","1","0","1"
"POINT (13.430273573000022 52.469283013000052)","Unfall 210236 (2021) Kat:3, Licht: 2","210236","3","5","0","01","16","1","","2","1","1","0","0"
"POINT (13.333586811000032 52.430026387000055)","Unfall 210237 (2021) Kat:3, Licht: 2","210237","3","6","2","01","18","5","","2","0","1","0","0"
"POINT (13.515221520000068 52.567207201000031)","Unfall 210238 (2021) Kat:3, Licht: 0","210238","3","2","5","03","15","7","","0","0","1","0","0"
"POINT (13.491314396000064 52.469105553000077)","Unfall 210239 (2021) Kat:3, Licht: 2","210239","3","2","5","02","18","1","","2","0","1","0","0"
"POINT (13.435405254000045 52.491128718000027)","Unfall 210240 (2021) Kat:3, Licht: 0","210240","3","6","0","03","08","5","","0","0","1","0","1"
"POINT (13.344526150000036 52.589277449000065)","Unfall 210241 (2021) Kat:3, Licht: 0","210241","3","6","2","01","09","3","","0","0","1","0","0"
"POINT (13.402040061000037 52.602844776000040)","Unfall 210242 (2021) Kat:2, Licht: 0","210242","2","2","5","02","15","4","","0","1","1","0","0"
"POINT (13.458288256000060 52.525617842000031)","Unfall 210243 (2021) Kat:3, Licht: 2","210243","3","2","5","02","17","7","","2","1","1","0","0"
"POINT (13.424384442000076 52.607365442000059)","Unfall 210244 (2021) Kat:3, Licht: 0","210244","3","4","0","03","17","6","","0","0","1","1","0"
"POINT (13.454071668000040 52.488893507000057)","Unfall 210245 (2021) Kat:3, Licht: 2","210245","3","2","6","02","19","4","","2","0","1","1","0"
"POINT (13.314039929000046 52.605272762000027)","Unfall 210246 (2021) Kat:3, Licht: 2","210246","3","4","6","01","19","5","","2","0","1","1","0"
"POINT (13.292262718000075 52.590657934000035)","Unfall 210247 (2021) Kat:3, Licht: 2","210247","3","2","6","03","18","2","","2","0","1","1","0"
"POINT (13.418283225000039 52.394708238000078)","Unfall 210248 (2021) Kat:3, Licht: 2","210248","3","5","0","02","20","4","","2","0","1","0","0"
"POINT (13.403797824000037 52.551485412000034)","Unfall 210249 (2021) Kat:3, Licht: 0","210249","3","2","5","03","09","7","","0","1","0","0","0"
"POINT (13.400304122000023 52.522405216000038)","Unfall 210250 (2021) Kat:3, Licht: 2","210250","3","1","0","03","19","5","","2","0","0","0","0"
"POINT (13.369174784000052 52.550412260000030)","Unfall 210251 (2021) Kat:3, Licht: 0","210251","3","1","1","03","15","4","","0","0","1","0","0"