WKT,Name,OBJECTID,UKATEGORIE,UTYP1,UART,UMONAT,USTUNDE,UWOCHENTAG,STRZUSTAND,ULICHTVERH,ISTRAD,ISTPKW,ISTFUSS,ISTKRAD
"POINT (13.550530426000023 52.543096699000046)","Unfall 210252 (2021) Kat:2, Licht: 0","210252","2","6","2","01","12","5","","0","0","1","0","1"
"POINT (13.385919387000058 52.538889180000069)","Unfall 210253 (2021) Kat:3, Licht: 0","210253","3","2","5","02","16","2","","0","0","1","0","0"
"POINT (13.281506562000061 52.592451451000045)","Unfall 210254 (2021) Kat:3, Licht: 0","210254","3","7","2","03","13","6","","0","0","1","0","0"
"POINT (13.602845849000062 52.434588015000031)","Unfall 210255 (2021) Kat:3, Licht: 2","210255","3","7","7","01","22","4","","2","0","0","0","1"
"POINT (13.169301052000037 52.530120879000037)","Unfall 210256 (2021) Kat:3, Licht: 0","210256","3","6","4","02","11","7","","0","0","1","0","0"
"POINT (13.339972628000055 52.588168684000038)","Unfall 210257 (2021) Kat:3, Licht: 0","210257","3","2","5","02","15","3","","0","1","1","0","0"
"POINT (13.383121554000070 52.554375218000075)","Unfall 210258 (2021) Kat:3, Licht: 0","210258","3","7","6","01","12","4","","0","0","1","1","0"
"POINT (13.503265796000051 52.526290610000046)","Unfall 210259 (2021) Kat:3, Licht: 0","210259","3","7","0","02","11","7","","0","1","1","0","0"
"POINT (13.425507633000052 52.534407738000027)","Unfall 210260 (2021) Kat:3, Licht: 2","210260","3","6","2","02","17","1","","2","0","1","0","0"
"POINT (13.431973556000059 52.515143059000081)","Unfall 210261 (2021) Kat:3, Licht: 0","210261","3","2","5","03","12","4","","0","1","1","0","0"
"POINT (13.266383977000032 52.513118482000039)","Unfall 210262 (2021) Kat:3, Licht: 2","210262","3","3","5","03","20","2","","2","0","1","0","0"
"POINT (13.487909472000069 52.466268335000052)","Unfall 210263 (2021) Kat:3, Licht: 1","210263","3","2","6","02","17","2","","1","0","1","1","0"
"POINT (13.354967310000063 52.544007645000079)","Unfall 210264 (2021) Kat:3, Licht: 2","210264","3","2","5","01","07","4","","2","1","1","0","0"
"POINT (13.315222720000065 52.448162385000046)","Unfall 210265 (2021) Kat:2, Licht: 0","210265","2","1","9","01","11","2","","0","0","1","0","0"
"POINT (13.201530082000033 52.541260275000070)","Unfall 210266 (2021) Kat:2, Licht: 2","210266","2","4","6","03","21","2","","2","0","1","1","1"
"POINT (13.397718336000025 52.495279918000051)","Unfall 210267 (2021) Kat:3, Licht: 0","210267","3","3","5","03","12","4","","0","1","1","1","0"
"POINT (13.407696836000071 52.386672373000067)","Unfall 210268 (2021) Kat:3, Licht: 0","210268","3","6","2","01","16","2","","0","0","1","0","0"
"POINT (13.439683207000030 52.489584862000072)","Unfall 210269 (2021) Kat:3, Licht: 1","210269","3","4","0","02","18","5","","1","0","0","1","1"
"POINT (13.333200748000024 52.544717714000058)","Unfall 210270 (2021) Kat:3, Licht: 0","210270","3","4","6","02","10","4","","0","0","1","1","0"
"POINT (13.371761169000024 52.509424976000048)","Unfall 210271 (2021) Kat:3, Licht: 0","210271","3","6","2","01","11","3","","0","0","1","0","0"
"POINT (13.499982848000059 52.532520900000065)","Unfall 210272 (2021) Kat:3, Licht: 0","210272","3","1","0","03","17","3","","0","0","0","0","1"
"POINT (13.199890852000067 52.440856465000081)","Unfall 210273 (2021) Kat:3, Licht: 0","210273","3","6","0","02","13","7","","0","1","0","0","0"
"POINT (13.337764347000075 52.525254979000067)","Unfall 210274 (2021) Kat:3, Licht: 0","210274","3","3","5","01","10","3","","0","1","1","0","0"
"POINT (13.297274790000074 52.506854048000037)","Unfall 210275 (2021) Kat:3, Licht: 0","210275","3","7","5","03","13","4","","0","1","1","0","0"
"POINT (13.337190232000069 52.501137933000052)","Unfall 210276 (2021) Kat:2, Licht: 0","210276","2","5","3","03","10","2","","0","1","1","0","0"
"POINT (13.301190711000061 52.519015168000067)","Unfall 210277 (2021) Kat:3, Licht: 2","210277","3","2","5","02","19","2","","2","1","1","0","0"
"POINT (13.297527598000045 52.526507251000055)","Unfall 210278 (2021) Kat:3, Licht: 2","210278","3","2","6","01","19","3","","2","0","1","1","0"
"POINT (13.440416609000067 52.515856089000067)","Unfall 210279 (2021) Kat:3, Licht: 0","210279","3","3","5","01","11","3","","0","1","1","0","0"
"POINT (13.223807327000031 52.607600196000078)","Unfall 210280 (2021) Kat:2, Licht: 2","210280","2","3","5","02","17","6","","2","1","1","0","0"
"POINT (13.313901068000064 52.506472340000073)","Unfall 210281 (2021) Kat:3, Licht: 2","210281","3","4","0","01","01","7","","2","0","1","1","0"
"POINT (13.345008710000059 52.539154144000065)","Unfall 210282 (2021) Kat:3, Licht: 0","210282","3","2","5","03","12","4","","0","0","1","0","0"
"POINT (13.174923751000051 52.523883740000031)","Unfall 210283 (2021) Kat:1, Licht: 2","210283","1","4","6","01","17","2","","2","0","1","1","0"
"POINT (13.294512764000046 52.497627287000057)","Unfall 210284 (2021) Kat:3, Licht: 0","210284","3","6","2","02","16","5","","0","0","1","0","0"
"POINT (13.394899764000058 52.528798934000065)","Unfall 210285 (2021) Kat:3, Licht: 0","210285","3","6","2","02","13","2","","0","0","1","0","0"
"POINT (13.348363732000053 52.489422215000047)","Unfall 210286 (2021) Kat:3, Licht: 2","210286","3","1","1","03","04","1","","2","0","1","0","0"
"POINT (13.497333609000066 52.441686878000041)","Unfall 210287 (2021) Kat:3, Licht: 0","210287","3","4","6","02","10","6","","0","0","1","1","0"
"POINT (13.405918123000049 52.540903516000071)","Unfall 210288 (2021) Kat:2, Licht: 0","210288","2","4","6","01","10","3","","0","1","0","1","0"
"POINT (13.184600989000046 52.547540294000044)","Unfall 210289 (2021) Kat:3, Licht: 2","210289","3","2","5","01","18","2","","2","0","1","0","0"
"POINT (13.497690348000049 52.526412154000070)","Unfall 210290 (2021) Kat:3, Licht: 2","210290","3","1","0","01","00","7","","2","1","0","0","0"
"POINT (13.443601220000062 52.464258977000043)","Unfall 210291 (2021) Kat:3, Licht: 2","210291","3","7","0","02","18","6","","2","0","1","0","0"
"POINT (13.414298946000031 52.559753963000048)","Unfall 210292 (2021) Kat:2, Licht: 2","210292","2","5","2","03","19","6","","2","1","1","0","0"
"POINT (13.429379762000053 52.486336917000074)","Unfall 210293 (2021) Kat:3, Licht: 2","210293","3","5","1","01","21","6","","2","1","1","0","0"
"POINT (13.323325093000051 52.491524819000063)","Unfall 210294 (2021) Kat:3, Licht: 0","210294","3","2","5","03","13","6","","0","1","1","0","0"
"POINT (13.293068160000075 52.534489608000058)","Unfall 210295 (2021) Kat:3, Licht: 1","210295","3","7","0","01","16","6","","1","1","0","0","0"
"POINT (13.378794536000044 52.424465549000047)","Unfall 210296 (2021) Kat:3, Licht: 0","210296","3","6","2","02","07","4","","0","0","1","0","0"
"POINT (13.431427176000057 52.505986446000065)","Unfall 210297 (2021) Kat:3, Licht: 0","210297","3","2","5","03","17","6","","0","1","1","0","0"
"POINT (13.457706688000030 52.509527923000064)","Unfall 210298 (2021) Kat:3, Licht: 0","210298","3","1","0","01","09","5","","0","0","0","0","1"
"POINT (13.326382842000044 52.527639385000043)","Unfall 210299 (2021) Kat:3, Licht: 0","210299","3","2","5","02","13","5","","0","1","1","0","0"
"POINT (13.322567888000037 52.456408173000057)","Unfall 210300 (2021) Kat:2, Licht: 2","210300","2","2","5","01","17","5","","2","0","1","0","0"
"POINT (13.259876487000042 52.571162813000058)","Unfall 210301 (2021) Kat:3, Licht: 0","210301","3","7","5","03","13","2","","0","0","1","0","0"
"POINT (13.345617266000033 52.436197371000048)","Unfall 210302 (2021) Kat:2, Licht: 2","210302","2","2","6","02","06","4","","2","0","1","1","0"
"POINT (13.541255259000025 52.435350278000044)","Unfall 210303 (2021) Kat:3, Licht: 0","210303","3","2","5","03","09","5","","0","0","1","0","0"
"POINT (13.402582640000048 52.426772352000057)","Unfall 210304 (2021) Kat:2, Licht: 0","210304","2","4","6","03","12","4","","0","0","1","1","0"
"POINT (13.373745966000058 52.487843176000069)","Unfall 210305 (2021) Kat:3, Licht: 0","210305","3","2","5","02","13","2","","0","0","1","0","1"
"POINT (13.440686319000065 52.517275398000038)","Unfall 210306 (2021) Kat:3, Licht: 0","210306","3","2","5","03","11","5","","0","1","1","0","0"
"POINT (13.377479121000022 52.556293857000071)","Unfall 210307 (2021) Kat:3, Licht: 0","210307","3","6","2","01","09","5","","0","0","1","0","0"
"POINT (13.381065653000064 52.552137831000039)","Unfall 210308 (2021) Kat:2, Licht: 0","210308","2","6","3","01","08","5","","0","1","0","0","0"
"POINT (13.483646915000065 52.425610253000059)","Unfall 210309 (2021) Kat:3, Licht: 0","210309","3","6","2","02","15","3","","0","0","1","0","0"
"POINT (13.305345257000056 52.479805294000073)","Unfall 210310 (2021) Kat:3, Licht: 2","210310","3","5","1","03","05","5","","2","1","0","0","0"
"POINT (13.294448410000030 52.506844598000043)","Unfall 210311 (2021) Kat:3, Licht: 2","210311","3","1","9","01","04","3","","2","0","1","0","0"
"POINT (13.360514702000046 52.410496799000043)","Unfall 210312 (2021) Kat:3, Licht: 0","210312","3","3","2","03","16","2","","0","1","1","0","0"
"POINT (13.360187295000060 52.537254360000077)","Unfall 210313 (2021) Kat:3, Licht: 0","210313","3","6","2","02","14","6","","0","0","1","0","0"
"POINT (13.391275350000058 52.563416863000043)","Unfall 210314 (2021) Kat:3, Licht: 0","210314","3","2","5","01","08","4","","0","1","1","0","0"
"POINT (13.313164640000025 52.571257639000066)","Unfall 210315 (2021) Kat:3, Licht: 0","210315","3","4","6","03","15","5","","0","0","0","1","0"
"POINT (13.387650563000022 52.523935922000078)","Unfall 210316 (2021) Kat:3, Licht: 0","210316","3","7","0","03","13","3","","0","0","1","0","0"
"POINT (13.292482118000066 52.490546267000070)","Unfall 210317 (2021) Kat:3, Licht: 0","210317","3","4","6","02","08","2","","0","0","0","1","0"
"POINT (13.354505608000068 52.429246698000043)","Unfall 210318 (2021) Kat:3, Licht: 1","210318","3","6","2","01","16","3","","1","0","1","0","0"
"POINT (13.427598554000042 52.420899508000048)","Unfall 210319 (2021) Kat:3, Licht: 2","210319","3","2","6","01","18","3","","2","0","1","1","0"
"POINT (13.325024786000029 52.500908081000034)","Unfall 210320 (2021) Kat:3, Licht: 0","210320","3","5","1","03","13","2","","0","0","1","0","0"
"POINT (13.434687329000042 52.509360653000044)","Unfall 210321 (2021) Kat:3, Licht: 2","210321","3","5","1","01","17","1","","2","1","1","0","0"
"POINT (13.606238195000060 52.524779450000040)","Unfall 210322 (2021) Kat:3, Licht: 2","210322","3","3","5","03","19","5","","2","0","1","0","0"
"POINT (13.376576182000065 52.460116640000081)","Unfall 210323 (2021) Kat:3, Licht: 0","210323","3","6","3","01","13","2","","0","0","1","0","0"
"POINT (13.405576937000035 52.505086884000036)","Unfall 210324 (2021) Kat:3, Licht: 0","210324","3","1","0","02","08","5","","0","0","0","0","1"
"POINT (13.348546590000069 52.459182818000045)","Unfall 210325 (2021) Kat:3, Licht: 0","210325","3","2","5","02","12","2","","0","0","1","0","0"
"POINT (13.583629886000040 52.431628942000032)","Unfall 210326 (2021) Kat:3, Licht: 0","210326","3","3","5","01","12","3","","0","1","0","0","0"
"POINT (13.242633338000076 52.433762373000036)","Unfall 210327 (2021) Kat:3, Licht: 0","210327","3","3","5","03","16","3","","0","0","1","0","0"
"POINT (13.250613522000037 52.500257441000031)","Unfall 210328 (2021) Kat:3, Licht: 0","210328","3","2","5","01","14","5","","0","1","0","0","0"
"POINT (13.386420515000054 52.549496525000052)","Unfall 210329 (2021) Kat:2, Licht: 1","210329","2","2","0","01","16","3","","1","0","1","0","1"
"POINT (13.296096598000076 52.497063300000036)","Unfall 210330 (2021) Kat:3, Licht: 2","210330","3","5","1","01","07","2","","2","1","1","0","0"
"POINT (13.478204110000036 52.437139552000076)","Unfall 210331 (2021) Kat:3, Licht: 0","210331","3","7","5","01","12","2","","0","0","1","0","0"
"POINT (13.413108097000077 52.439329428000065)","Unfall 210332 (2021) Kat:3, Licht: 0","210332","3","3","5","02","15","7","","0","0","1","0","0"
"POINT (13.395782019000023 52.529013970000051)","Unfall 210333 (2021) Kat:2, Licht: 2","210333","2","3","5","03","21","7","","2","1","0","0","0"
"POINT (13.299666772000023 52.421347762000039)","Unfall 210334 (2021) Kat:3, Licht: 1","210334","3","3","5","02","16","6","","1","1","1","0","0"
"POINT (13.423390895000068 52.562652457000070)","Unfall 210335 (2021) Kat:3, Licht: 0","210335","3","3","5","03","16","5","","0","0","1","0","0"
"POINT (13.447549353000056 52.476101592000077)","Unfall 210336 (2021) Kat:2, Licht: 1","210336","2","2","5","03","17","4","","1","0","1","0","0"
"POINT (13.308424016000060 52.505829057000028)","Unfall 210337 (2021) Kat:3, Licht: 2","210337","3","5","1","01","18","7","","2","1","1","0","0"
"POINT (13.354296785000031 52.534380295000062)","Unfall 210338 (2021) Kat:3, Licht: 0","210338","3","6","2","02","15","4","","0","0","1","0","0"
"POINT (13.507859969000037 52.503076903000078)","Unfall 210339 (2021) Kat:2, Licht: 0","210339","2","3","5","03","10","7","","0","0","1","0","0"
"POINT (13.419636343000036 52.537763250000069)","Unfall 210340 (2021) Kat:3, Licht: 0","210340","3","4","6","02","14","5","","0","1","1","1","0"
"POINT (13.384047437000049 52.458199991000072)","Unfall 210341 (2021) Kat:3, Licht: 0","210341","3","2","6","02","14","2","","0","0","1","1","0"
"POINT (13.374146354000061 52.530593311000075)","Unfall 210342 (2021) Kat:3, Licht: 2","210342","3","4","6","01","07","6","","2","0","1","1","0"
"POINT (13.306391286000064 52.488488292000056)","Unfall 210343 (2021) Kat:3, Licht: 0","210343","3","3","5","03","16","3","","0","1","1","0","0"
"POINT (13.550579698000035 52.559937674000082)","Unfall 210344 (2021) Kat:3, Licht: 0","210344","3","3","5","02","07","3","","0","0","1","0","0"
"POINT (13.514609080000071 52.468915410000079)","Unfall 210345 (2021) Kat:3, Licht: 0","210345","3","2","5","03","17","4","","0","1","1","0","0"
"POINT (13.348661848000063 52.596287204000078)","Unfall 210346 (2021) Kat:2, Licht: 2","210346","2","7","2","03","05","3","","2","0","1","0","0"
"POINT (13.452654895000023 52.429083938000076)","Unfall 210347 (2021) Kat:3, Licht: 0","210347","3","4","6","01","14","1","","0","0","1","1","0"
"POINT (13.329399999000032 52.487079038000047)","Unfall 210348 (2021) Kat:3, Licht: 0","210348","3","7","6","01","10","6","","0","0","1","1","0"
"POINT (13.401388612000062 52.397465597000064)","Unfall 210349 (2021) Kat:3, Licht: 0","210349","3","5","0","02","14","5","","0","0","1","0","0"
"POINT (13.350793770000053 52.596399570000074)","Unfall 210350 (2021) Kat:3, Licht: 0","210350","3","2","5","03","08","2","","0","0","1","0","0"
"POINT (13.200251983000044 52.537092492000056)","Unfall 210351 (2021) Kat:3, Licht: 2","210351","3","6","3","03","21","7","","2","0","1","0","0"
"POINT (13.430507640000030 52.589426085000071)","Unfall 210352 (2021) Kat:2, Licht: 2","210352","2","4","6","01","19","6","","2","0","1","1","0"
"POINT (13.342844566000053 52.599162924000041)","Unfall 210353 (2021) Kat:2, Licht: 0","210353","2","4","6","03","13","6","","0","0","1","1","0"
"POINT (13.432614379000029 52.478702801000054)","Unfall 210354 (2021) Kat:3, Licht: 0","210354","3","6","3","01","16","6","","0","1","1","0","0"
"POINT (13.347016846000031 52.450093718000062)","Unfall 210355 (2021) Kat:3, Licht: 0","210355","3","2","0","02","12","4","","0","1","1","0","0"
"POINT (13.467607666000049 52.546784919000061)","Unfall 210356 (2021) Kat:3, Licht: 2","210356","3","2","5","03","20","7","","2","0","1","0","0"
"POINT (13.519501931000036 52.461202957000069)","Unfall 210357 (2021) Kat:3, Licht: 0","210357","3","5","1","02","14","5","","0","0","1","0","0"
"POINT (13.543599708000045 52.433752857000059)","Unfall 210358 (2021) Kat:2, Licht: 2","210358","2","3","5","02","06","5","","2","0","1","0","0"
"POINT (13.141597679000029 52.532449204000045)","Unfall 210359 (2021) Kat:3, Licht: 2","210359","3","2","5","01","17","7","","2","0","1","0","0"
"POINT (13.396609605000037 52.504693062000058)","Unfall 210360 (2021) Kat:2, Licht: 0","210360","2","5","1","03","15","3","","0","1","1","0","0"
"POINT (13.519205672000055 52.531357070000070)","Unfall 210361 (2021) Kat:3, Licht: 0","210361","3","2","5","02","07","3","","0","0","1","0","0"
"POINT (13.198169517000053 52.532820398000069)","Unfall 210362 (2021) Kat:2, Licht: 2","210362","2","4","6","03","18","5","","2","0","0","1","0"
"POINT (13.395319256000050 52.516203040000050)","Unfall 210363 (2021) Kat:3, Licht: 0","210363","3","6","3","03","15","3","","0","1","1","0","0"
"POINT (13.508911455000032 52.490283193000039)","Unfall 210364 (2021) Kat:3, Licht: 0","210364","3","3","5","02","16","2","","0","1","1","0","0"
"POINT (13.353458427000021 52.529057350000073)","Unfall 210365 (2021) Kat:3, Licht: 0","210365","3","5","1","03","15","6","","0","1","0","0","0"
"POINT (13.459691912000039 52.509061087000077)","Unfall 210366 (2021) Kat:3, Licht: 2","210366","3","1","0","01","19","5","","2","1","0","0","0"
"POINT (13.536349136000069 52.432851052000046)","Unfall 210367 (2021) Kat:3, Licht: 1","210367","3","2","5","01","16","5","","1","1","0","0","0"
"POINT (13.520820483000023 52.502943221000066)","Unfall 210368 (2021) Kat:2, Licht: 2","210368","2","7","0","02","21","2","","2","0","1","0","0"
"POINT (13.569569566000041 52.491401592000045)","Unfall 210369 (2021) Kat:3, Licht: 0","210369","3","3","0","03","09","4","","0","1","1","0","0"
"POINT (13.422025990000066 52.561582526000052)","Unfall 210370 (2021) Kat:3, Licht: 0","210370","3","3","5","01","13","4","","0","1","1","0","0"
"POINT (13.305643630000077 52.427868862000082)","Unfall 210371 (2021) Kat:2, Licht: 0","210371","2","4","6","03","16","2","","0","0","1","1","0"
"POINT (13.475372010000058 52.456188685000029)","Unfall 210372 (2021) Kat:3, Licht: 2","210372","3","2","6","02","05","6","","2","0","1","1","0"
"POINT (13.312890219000053 52.500675819000037)","Unfall 210373 (2021) Kat:3, Licht: 0","210373","3","2","5","01","08","4","","0","1","1","0","0"
"POINT (13.422114438000051 52.550115717000040)","Unfall 210374 (2021) Kat:2, Licht: 2","210374","2","3","5","03","20","3","","2","0","1","0","0"
"POINT (13.426948327000048 52.516669934000049)","Unfall 210375 (2021) Kat:3, Licht: 0","210375","3","6","2","01","16","5","","0","0","1","0","0"
"POINT (13.450461043000075 52.548641537000037)","Unfall 210376 (2021) Kat:3, Licht: 0","210376","3","6","6","03","15","2","","0","1","0","1","0"
"POINT (13.391249612000024 52.544520054000031)","Unfall 210377 (2021) Kat:3, Licht: 0","210377","3","6","2","02","16","1","","0","0","1","0","0"
"POINT (13.303570566000076 52.600717845000077)","Unfall 210378 (2021) Kat:2, Licht: 0","210378","2","5","1","01","13","4","","0","0","1","0","0"
"POINT (13.398479986000041 52.592377975000034)","Unfall 210379 (2021) Kat:2, Licht: 0","210379","2","3","5","01","14","3","","0","0","1","0","0"
"POINT (13.565944334000051 52.481111889000033)","Unfall 210380 (2021) Kat:3, Licht: 0","210380","3","3","5","03","13","2","","0","1","1","0","0"
"POINT (13.509553075000042 52.546438212000055)","Unfall 210381 (2021) Kat:3, Licht: 0","210381","3","2","5","03","14","1","","0","0","1","0","0"
"POINT (13.539250291000030 52.427924849000078)","Unfall 210382 (2021) Kat:3, Licht: 2","210382","3","3","5","01","17","6","","2","0","1","0","0"
"POINT (13.309693764000031 52.431467064000060)","Unfall 210383 (2021) Kat:3, Licht: 0","210383","3","2","5","03","15","5","","0","0","1","0","0"
"POINT (13.421172465000041 52.413127660000043)","Unfall 210384 (2021) Kat:3, Licht: 2","210384","3","2","6","01","05","3","","2","0","0","1","0"
"POINT (13.470678466000038 52.531895825000049)","Unfall 210385 (2021) Kat:3, Licht: 0","210385","3","6","2","02","17","5","","0","0","1","0","0"
"POINT (13.566780068000071 52.551206155000045)","Unfall 210386 (2021) Kat:3, Licht: 0","210386","3","4","6","02","13","5","","0","0","1","1","0"
"POINT (13.431466006000051 52.592960192000078)","Unfall 210387 (2021) Kat:3, Licht: 0","210387","3","6","2","03","15","3","","0","0","1","0","0"
"POINT (13.485339469000053 52.523190372000045)","Unfall 210388 (2021) Kat:3, Licht: 2","210388","3","2","6","02","06","4","","2","0","1","1","0"
"POINT (13.385137873000076 52.502288065000073)","Unfall 210389 (2021) Kat:3, Licht: 0","210389","3","7","5","01","12","3","","0","1","1","0","0"
"POINT (13.433534647000045 52.443907939000042)","Unfall 210390 (2021) Kat:3, Licht: 2","210390","3","4","6","03","05","3","","2","0","0","1","0"
"POINT (13.466565807000052 52.502271779000068)","Unfall 210391 (2021) Kat:3, Licht: 2","210391","3","1","0","01","03","1","","2","0","0","0","0"
"POINT (13.497328577000076 52.535036210000044)","Unfall 210392 (2021) Kat:3, Licht: 0","210392","3","7","6","02","16","5","","0","0","1","1","0"
"POINT (13.362699847000044 52.428339315000073)","Unfall 210393 (2021) Kat:3, Licht: 0","210393","3","3","5","03","07","6","","0","0","1","0","0"
"POINT (13.370418392000033 52.455692005000060)","Unfall 210394 (2021) Kat:2, Licht: 0","210394","2","7","5","03","11","5","","0","0","1","0","0"
"POINT (13.452784872000052 52.548525240000060)","Unfall 210395 (2021) Kat:3, Licht: 0","210395","3","3","5","03","11","5","","0","1","0","0","0"
"POINT (13.399660821000055 52.494094892000078)","Unfall 210396 (2021) Kat:3, Licht: 0","210396","3","1","9","01","07","7","","0","0","1","0","0"
"POINT (13.340692570000044 52.504326391000063)","Unfall 210397 (2021) Kat:3, Licht: 0","210397","3","2","2","02","07","4","","0","0","1","0","0"
"POINT (13.281253734000074 52.512966215000063)","Unfall 210398 (2021) Kat:2, Licht: 0","210398","2","3","5","03","07","5","","0","1","1","0","0"
"POINT (13.371156225000050 52.541979773000037)","Unfall 210399 (2021) Kat:3, Licht: 2","210399","3","7","5","02","06","2","","2","1","1","0","0"
"POINT (13.445283289000031 52.553865058000042)","Unfall 210400 (2021) Kat:3, Licht: 2","210400","3","2","5","01","16","7","","2","0","1","0","0"
"POINT (13.429992573000050 52.551420381000071)","Unfall 210401 (2021) Kat:3, Licht: 2","210401","3","2","0","02","17","7","","2","1","1","0","0"
"POINT (13.419934183000066 52.496238925000057)","Unfall 210402 (2021) Kat:2, Licht: 0","210402","2","6","2","02","12","2","","0","0","1","0","0"
"POINT (13.510471699000050 52.404584733000036)","Unfall 210403 (2021) Kat:3, Licht: 2","210403","3","2","2","03","18","3","","2","0","1","0","0"
"POINT (13.413485493000053 52.507158624000056)","Unfall 210404 (2021) Kat:3, Licht: 0","210404","3","5","1","03","11","2","","0","0","1","0","0"
"POINT (13.434136158000058 52.481606762000069)","Unfall 210405 (2021) Kat:3, Licht: 0","210405","3","6","2","02","13","3","","0","0","1","0","0"
"POINT (13.496735623000063 52.542817696000043)","Unfall 210406 (2021) Kat:3, Licht: 0","210406","3","3","5","01","09","3","","0","1","1","0","0"
"POINT (13.377802988000042 52.465918765000026)","Unfall 210407 (2021) Kat:3, Licht: 2","210407","3","7","5","01","16","3","","2","1","1","0","0"
"POINT (13.402163825000059 52.602867886000070)","Unfall 210408 (2021) Kat:3, Licht: 0","210408","3","2","5","03","12","4","","0","1","1","0","0"
"POINT (13.195378591000065 52.535714044000031)","Unfall 210409 (2021) Kat:3, Licht: 0","210409","3","6","2","01","12","5","","0","0","1","0","0"
"POINT (13.357293033000076 52.535899296000082)","Unfall 210410 (2021) Kat:3, Licht: 1","210410","3","2","2","02","17","5","","1","0","1","0","0"
"POINT (13.461887996000030 52.508534623000060)","Unfall 210411 (2021) Kat:3, Licht: 0","210411","3","6","2","02","13","2","","0","0","1","0","0"
"POINT (13.560128815000041 52.405156119000026)","Unfall 210412 (2021) Kat:3, Licht: 0","210412","3","7","0","01","12","3","","0","0","1","0","0"
"POINT (13.453592573000037 52.591661641000030)","Unfall 210413 (2021) Kat:3, Licht: 2","210413","3","1","8","03","00","1","","2","0","1","0","0"
"POINT (13.384231238000041 52.555711943000063)","Unfall 210414 (2021) Kat:3, Licht: 0","210414","3","2","5","02","16","1","","0","1","1","0","0"
"POINT (13.325599040000043 52.527723803000072)","Unfall 210415 (2021) Kat:3, Licht: 0","210415","3","4","6","01","14","2","","0","0","1","1","0"
"POINT (13.397089623000056 52.536981747000027)","Unfall 210416 (2021) Kat:3, Licht: 0","210416","3","6","2","04","14","6","","0","0","1","0","0"
"POINT (13.592140333000032 52.546329471000035)","Unfall 210417 (2021) Kat:3, Licht: 0","210417","3","3","5","05","19","4","","0","1","1","0","0"
"POINT (13.272022366000044 52.508853629000043)","Unfall 210418 (2021) Kat:3, Licht: 0","210418","3","2","5","05","09","5","","0","1","1","0","0"
"POINT (13.390128303000040 52.402334868000082)","Unfall 210419 (2021) Kat:3, Licht: 0","210419","3","5","1","05","15","2","","0","1","0","0","0"
"POINT (13.584496511000054 52.466105316000039)","Unfall 210420 (2021) Kat:3, Licht: 2","210420","3","1","9","03","01","7","","2","0","1","0","0"
"POINT (13.553679523000028 52.455791962000035)","Unfall 210421 (2021) Kat:3, Licht: 0","210421","3","3","5","04","17","1","","0","0","1","0","1"
"POINT (13.410240374000068 52.523992150000026)","Unfall 210422 (2021) Kat:3, Licht: 0","210422","3","6","2","03","18","3","","0","0","1","0","0"
"POINT (13.269692360000022 52.590843524000036)","Unfall 210423 (2021) Kat:2, Licht: 0","210423","2","6","3","04","16","4","","0","1","0","0","0"
"POINT (13.182706869000071 52.547842499000069)","Unfall 210424 (2021) Kat:3, Licht: 0","210424","3","2","5","05","10","6","","0","0","1","0","0"
"POINT (13.321132366000029 52.593529043000046)","Unfall 210425 (2021) Kat:3, Licht: 0","210425","3","2","6","04","07","3","","0","0","1","1","0"
"POINT (13.343262122000056 52.526201325000045)","Unfall 210426 (2021) Kat:3, Licht: 0","210426","3","2","5","04","10","4","","0","1","1","0","0"
"POINT (13.375497476000021 52.542340808000063)","Unfall 210427 (2021) Kat:2, Licht: 0","210427","2","3","5","03","12","3","","0","0","1","0","0"
"POINT (13.365401608000070 52.557110133000037)","Unfall 210428 (2021) Kat:3, Licht: 0","210428","3","2","5","04","09","3","","0","1","1","0","0"
"POINT (13.328584900000067 52.565741829000046)","Unfall 210429 (2021) Kat:2, Licht: 0","210429","2","4","6","05","11","6","","0","0","1","1","0"
"POINT (13.288963730000035 52.429504892000068)","Unfall 210430 (2021) Kat:3, Licht: 0","210430","3","3","5","04","08","3","","0","1","1","0","0"
"POINT (13.334388951000051 52.470553242000051)","Unfall 210431 (2021) Kat:3, Licht: 0","210431","3","7","6","04","15","6","","0","0","1","1","0"
"POINT (13.437289718000045 52.506530103000046)","Unfall 210432 (2021) Kat:3, Licht: 0","210432","3","6","3","05","17","4","","0","1","1","0","0"
"POINT (13.265717752000057 52.483357942000055)","Unfall 210433 (2021) Kat:3, Licht: 0","210433","3","3","5","05","17","3","","0","0","1","0","0"
"POINT (13.497590105000029 52.458050386000082)","Unfall 210434 (2021) Kat:3, Licht: 0","210434","3","2","2","03","16","6","","0","0","1","0","0"
"POINT (13.182871530000057 52.518466344000046)","Unfall 210435 (2021) Kat:3, Licht: 0","210435","3","2","5","04","16","5","","0","1","1","0","0"
"POINT (13.189653685000053 52.536878089000027)","Unfall 210436 (2021) Kat:3, Licht: 0","210436","3","2","5","03","11","3","","0","0","1","0","0"
"POINT (13.480831416000058 52.499090092000074)","Unfall 210437 (2021) Kat:3, Licht: 0","210437","3","2","0","04","13","3","","0","1","1","0","0"