WKT,Name,OBJECTID,UKATEGORIE,UTYP1,UART,UMONAT,USTUNDE,UWOCHENTAG,STRZUSTAND,ULICHTVERH,ISTRAD,ISTPKW,ISTFUSS,ISTKRAD
"POINT (13.294217975000038 52.511792997000043)","Unfall 210438 (2021) Kat:3, Licht: 0","210438","3","5","1","05","12","4","","0","1","1","0","0"
"POINT (13.438082629000064 52.490268959000048)","Unfall 210439 (2021) Kat:3, Licht: 0","210439","3","3","5","04","17","3","","0","1","1","0","1"
"POINT (13.397120298000061 52.532478479000076)","Unfall 210440 (2021) Kat:3, Licht: 2","210440","3","7","2","04","22","5","","2","1","1","0","0"
"POINT (13.439118287000042 52.502547902000060)","Unfall 210441 (2021) Kat:3, Licht: 0","210441","3","3","5","04","15","2","","0","0","0","0","1"
"POINT (13.434847114000036 52.429652270000076)","Unfall 210442 (2021) Kat:2, Licht: 0","210442","2","7","2","05","20","6","","0","0","1","0","0"
"POINT (13.278072982000026 52.506740747000038)","Unfall 210443 (2021) Kat:3, Licht: 0","210443","3","2","5","05","13","1","","0","1","1","0","0"
"POINT (13.196583950000047 52.553503600000056)","Unfall 210444 (2021) Kat:2, Licht: 0","210444","2","7","5","04","13","5","","0","0","1","0","0"
"POINT (13.317112518000044 52.588291461000040)","Unfall 210445 (2021) Kat:3, Licht: 0","210445","3","3","5","05","06","2","","0","0","1","0","0"
"POINT (13.384054722000030 52.555460403000041)","Unfall 210446 (2021) Kat:3, Licht: 0","210446","3","3","5","04","09","2","","0","1","1","0","0"
"POINT (13.406799593000073 52.562711399000079)","Unfall 210447 (2021) Kat:3, Licht: 0","210447","3","7","6","05","07","2","","0","0","0","1","0"
"POINT (13.388445644000058 52.561214513000039)","Unfall 210448 (2021) Kat:3, Licht: 0","210448","3","2","5","03","17","5","","0","1","1","0","0"
"POINT (13.269984916000055 52.536549161000039)","Unfall 210449 (2021) Kat:3, Licht: 0","210449","3","7","6","04","09","5","","0","0","0","1","0"
"POINT (13.411772245000066 52.523966042000040)","Unfall 210450 (2021) Kat:3, Licht: 0","210450","3","2","5","03","10","1","","0","0","1","0","0"
"POINT (13.206392224000069 52.543118220000053)","Unfall 210451 (2021) Kat:3, Licht: 0","210451","3","6","3","05","18","3","","0","0","1","0","0"
"POINT (13.427013473000045 52.552208929000074)","Unfall 210452 (2021) Kat:3, Licht: 0","210452","3","3","5","04","09","5","","0","1","1","0","0"
"POINT (13.351974582000025 52.499754920000044)","Unfall 210453 (2021) Kat:3, Licht: 0","210453","3","5","1","04","17","6","","0","1","1","0","0"
"POINT (13.269071575000055 52.511501483000075)","Unfall 210454 (2021) Kat:3, Licht: 0","210454","3","3","5","05","17","4","","0","0","1","0","0"
"POINT (13.205948095000053 52.562157341000045)","Unfall 210455 (2021) Kat:3, Licht: 0","210455","3","5","1","05","11","4","","0","1","1","0","0"
"POINT (13.303715319000048 52.577847184000063)","Unfall 210456 (2021) Kat:3, Licht: 0","210456","3","6","2","05","16","6","","0","0","1","0","0"
"POINT (13.586248141000056 52.539336991000027)","Unfall 210457 (2021) Kat:3, Licht: 0","210457","3","1","2","05","14","3","","0","1","1","0","0"
"POINT (13.158053082000038 52.533167520000063)","Unfall 210458 (2021) Kat:3, Licht: 0","210458","3","7","5","04","07","2","","0","0","0","0","1"
"POINT (13.283499312000060 52.497166753000045)","Unfall 210459 (2021) Kat:3, Licht: 0","210459","3","6","3","03","14","3","","0","0","0","0","1"
"POINT (13.386842575000060 52.559427962000029)","Unfall 210460 (2021) Kat:2, Licht: 0","210460","2","1","0","05","15","1","","0","0","1","0","1"
"POINT (13.428722827000058 52.577979476000053)","Unfall 210461 (2021) Kat:3, Licht: 0","210461","3","2","5","04","17","6","","0","1","1","0","0"
"POINT (13.302565380000033 52.506064302000027)","Unfall 210462 (2021) Kat:3, Licht: 0","210462","3","6","3","03","11","3","","0","1","1","0","0"
"POINT (13.420691402000045 52.533425785000077)","Unfall 210463 (2021) Kat:3, Licht: 0","210463","3","6","0","04","19","3","","0","1","1","0","0"
"POINT (13.479047596000044 52.607622702000072)","Unfall 210464 (2021) Kat:3, Licht: 0","210464","3","4","6","04","09","5","","0","0","1","1","0"
"POINT (13.310323699000037 52.466974001000040)","Unfall 210465 (2021) Kat:3, Licht: 2","210465","3","2","6","04","20","5","","2","0","1","1","0"
"POINT (13.342992348000053 52.525463838000064)","Unfall 210466 (2021) Kat:3, Licht: 2","210466","3","2","5","05","22","4","","2","1","1","0","0"
"POINT (13.335256178000066 52.471839834000036)","Unfall 210467 (2021) Kat:3, Licht: 0","210467","3","6","2","05","16","3","","0","1","1","0","0"
"POINT (13.331202120000057 52.487108447000026)","Unfall 210468 (2021) Kat:3, Licht: 0","210468","3","6","3","03","13","6","","0","0","1","0","1"
"POINT (13.579269254000053 52.458472061000066)","Unfall 210469 (2021) Kat:3, Licht: 0","210469","3","3","5","04","14","6","","0","1","1","0","0"
"POINT (13.406880070000057 52.404476973000044)","Unfall 210470 (2021) Kat:3, Licht: 0","210470","3","3","5","03","13","3","","0","0","1","0","1"
"POINT (13.272051678000025 52.508927891000042)","Unfall 210471 (2021) Kat:3, Licht: 0","210471","3","6","2","04","09","4","","0","0","1","0","0"
"POINT (13.207086893000053 52.555699055000048)","Unfall 210472 (2021) Kat:3, Licht: 0","210472","3","3","5","05","12","6","","0","0","1","0","0"
"POINT (13.414045794000060 52.500395048000030)","Unfall 210473 (2021) Kat:3, Licht: 2","210473","3","3","5","04","20","5","","2","1","0","0","0"
"POINT (13.567657122000071 52.505331906000038)","Unfall 210474 (2021) Kat:3, Licht: 0","210474","3","3","1","04","16","2","","0","0","1","0","0"
"POINT (13.309364959000050 52.478605657000060)","Unfall 210475 (2021) Kat:3, Licht: 0","210475","3","2","5","05","13","6","","0","1","1","0","0"
"POINT (13.536903819000031 52.544803241000068)","Unfall 210476 (2021) Kat:2, Licht: 0","210476","2","6","0","04","12","7","","0","0","1","0","1"
"POINT (13.353679481000029 52.499924289000035)","Unfall 210477 (2021) Kat:3, Licht: 2","210477","3","2","6","05","22","7","","2","0","1","1","0"
"POINT (13.331104148000065 52.513862354000082)","Unfall 210478 (2021) Kat:3, Licht: 0","210478","3","6","0","04","10","5","","0","0","1","0","0"
"POINT (13.200944793000076 52.555426993000026)","Unfall 210479 (2021) Kat:3, Licht: 0","210479","3","6","2","05","09","2","","0","0","1","0","0"
"POINT (13.313923854000052 52.490476971000078)","Unfall 210480 (2021) Kat:2, Licht: 0","210480","2","2","5","05","07","3","","0","1","0","0","0"
"POINT (13.376710900000035 52.489396300000067)","Unfall 210481 (2021) Kat:3, Licht: 0","210481","3","2","5","03","08","5","","0","1","1","0","0"
"POINT (13.426556511000058 52.413723867000044)","Unfall 210482 (2021) Kat:3, Licht: 0","210482","3","4","6","04","10","6","","0","0","1","1","0"
"POINT (13.441428073000054 52.469741285000055)","Unfall 210483 (2021) Kat:3, Licht: 0","210483","3","4","6","03","12","1","","0","1","0","1","0"
"POINT (13.343012643000066 52.447358371000064)","Unfall 210484 (2021) Kat:2, Licht: 0","210484","2","4","6","04","15","3","","0","0","1","1","0"
"POINT (13.536996913000053 52.485677193000072)","Unfall 210485 (2021) Kat:2, Licht: 0","210485","2","3","5","05","18","5","","0","0","1","0","0"
"POINT (13.382481216000031 52.397086250000029)","Unfall 210486 (2021) Kat:2, Licht: 0","210486","2","6","2","03","12","4","","0","0","1","0","0"
"POINT (13.326157355000078 52.561924540000064)","Unfall 210487 (2021) Kat:3, Licht: 0","210487","3","6","2","04","18","1","","0","0","1","0","0"
"POINT (13.330833365000046 52.453295488000037)","Unfall 210488 (2021) Kat:3, Licht: 0","210488","3","6","2","05","14","4","","0","1","1","0","0"
"POINT (13.461091972000077 52.436179834000029)","Unfall 210489 (2021) Kat:3, Licht: 0","210489","3","5","4","05","17","6","","0","1","1","0","0"
"POINT (13.340109897000048 52.502927281000041)","Unfall 210490 (2021) Kat:3, Licht: 0","210490","3","6","2","05","17","3","","0","0","1","0","0"
"POINT (13.364358158000073 52.503339932000074)","Unfall 210491 (2021) Kat:3, Licht: 0","210491","3","5","0","05","18","7","","0","1","1","0","0"
"POINT (13.405227174000061 52.581589159000032)","Unfall 210492 (2021) Kat:3, Licht: 0","210492","3","7","6","05","15","2","","0","0","1","1","0"
"POINT (13.251372895000031 52.449474460000033)","Unfall 210493 (2021) Kat:3, Licht: 0","210493","3","6","2","04","16","2","","0","0","1","0","0"
"POINT (13.209446119000063 52.419557619000045)","Unfall 210494 (2021) Kat:2, Licht: 0","210494","2","7","7","04","14","1","","0","1","0","0","0"
"POINT (13.321510570000044 52.417976542000076)","Unfall 210495 (2021) Kat:3, Licht: 0","210495","3","6","4","05","18","1","","0","1","1","0","0"
"POINT (13.527310171000067 52.556474292000075)","Unfall 210496 (2021) Kat:3, Licht: 0","210496","3","2","5","03","15","4","","0","1","0","0","0"
"POINT (13.338982511000040 52.455561537000051)","Unfall 210497 (2021) Kat:3, Licht: 0","210497","3","4","6","04","11","5","","0","0","1","1","0"
"POINT (13.305791134000060 52.485706146000041)","Unfall 210498 (2021) Kat:3, Licht: 0","210498","3","5","0","05","19","7","","0","1","0","0","0"
"POINT (13.300422614000070 52.522467072000040)","Unfall 210499 (2021) Kat:3, Licht: 0","210499","3","2","0","04","15","7","","0","1","1","0","0"
"POINT (13.422043177000035 52.492896572000063)","Unfall 210500 (2021) Kat:3, Licht: 0","210500","3","6","2","05","19","4","","0","1","0","0","0"
"POINT (13.439963514000056 52.481585138000071)","Unfall 210501 (2021) Kat:3, Licht: 0","210501","3","6","3","05","15","4","","0","0","1","0","0"
"POINT (13.203187661000072 52.539906733000066)","Unfall 210502 (2021) Kat:2, Licht: 0","210502","2","1","0","04","07","5","","0","0","0","0","1"
"POINT (13.527755680000041 52.489633177000030)","Unfall 210503 (2021) Kat:3, Licht: 0","210503","3","6","3","04","07","2","","0","1","0","0","0"
"POINT (13.394397723000054 52.485969151000063)","Unfall 210504 (2021) Kat:3, Licht: 0","210504","3","4","6","05","07","5","","0","0","0","1","0"
"POINT (13.569522097000061 52.444975033000048)","Unfall 210505 (2021) Kat:3, Licht: 0","210505","3","5","1","05","18","6","","0","1","1","0","0"
"POINT (13.306163360000028 52.523330375000057)","Unfall 210506 (2021) Kat:2, Licht: 0","210506","2","7","5","05","11","2","","0","1","1","0","0"
"POINT (13.419699187000049 52.496717083000078)","Unfall 210507 (2021) Kat:3, Licht: 0","210507","3","7","5","05","15","2","","0","0","1","0","1"
"POINT (13.347745370000041 52.496161854000036)","Unfall 210508 (2021) Kat:3, Licht: 0","210508","3","7","2","04","19","2","","0","1","1","0","0"
"POINT (13.470159056000057 52.531780417000050)","Unfall 210509 (2021) Kat:2, Licht: 0","210509","2","4","6","05","14","2","","0","0","1","1","0"
"POINT (13.331198558000040 52.487259842000071)","Unfall 210510 (2021) Kat:3, Licht: 0","210510","3","2","5","03","13","4","","0","1","1","0","0"
"POINT (13.455991255000072 52.509947387000068)","Unfall 210511 (2021) Kat:3, Licht: 0","210511","3","1","0","04","18","4","","0","1","0","0","0"
"POINT (13.438158220000048 52.546308441000065)","Unfall 210512 (2021) Kat:3, Licht: 0","210512","3","2","5","05","18","3","","0","1","0","0","0"
"POINT (13.533554391000052 52.525503806000074)","Unfall 210513 (2021) Kat:3, Licht: 0","210513","3","2","5","05","13","1","","0","1","1","0","0"
"POINT (13.428196824000054 52.473314553000080)","Unfall 210514 (2021) Kat:3, Licht: 0","210514","3","6","3","04","15","5","","0","0","1","0","1"
"POINT (13.287729456000022 52.496096964000060)","Unfall 210515 (2021) Kat:3, Licht: 0","210515","3","2","0","04","16","6","","0","1","1","0","0"
"POINT (13.310093923000068 52.520164459000057)","Unfall 210516 (2021) Kat:3, Licht: 0","210516","3","7","0","05","20","4","","0","0","0","0","1"
"POINT (13.332156173000044 52.505989409000051)","Unfall 210517 (2021) Kat:3, Licht: 0","210517","3","2","5","05","15","5","","0","0","1","0","1"
"POINT (13.395192431000055 52.546023700000035)","Unfall 210518 (2021) Kat:3, Licht: 0","210518","3","6","2","05","18","2","","0","0","1","0","0"
"POINT (13.489490844000045 52.450897524000027)","Unfall 210519 (2021) Kat:3, Licht: 0","210519","3","2","2","04","16","2","","0","0","1","0","1"
"POINT (13.545373718000064 52.425544368000033)","Unfall 210520 (2021) Kat:3, Licht: 0","210520","3","6","2","03","15","4","","0","0","1","0","0"
"POINT (13.482607234000056 52.572150945000033)","Unfall 210521 (2021) Kat:1, Licht: 2","210521","1","1","8","05","02","7","","2","0","1","0","0"
"POINT (13.373979353000038 52.556465161000062)","Unfall 210522 (2021) Kat:3, Licht: 0","210522","3","2","6","05","14","7","","0","0","1","1","0"
"POINT (13.361943174000032 52.499970476000044)","Unfall 210523 (2021) Kat:3, Licht: 0","210523","3","7","5","04","16","6","","0","1","1","0","0"
"POINT (13.427446392000036 52.552399022000031)","Unfall 210524 (2021) Kat:3, Licht: 0","210524","3","3","5","03","14","3","","0","0","1","0","0"
"POINT (13.277210134000029 52.433879594000075)","Unfall 210525 (2021) Kat:3, Licht: 0","210525","3","4","6","04","16","3","","0","0","1","1","0"
"POINT (13.462036118000071 52.518958719000068)","Unfall 210526 (2021) Kat:3, Licht: 0","210526","3","6","2","04","19","6","","0","1","1","0","0"
"POINT (13.389258461000054 52.513876862000075)","Unfall 210527 (2021) Kat:3, Licht: 0","210527","3","6","3","05","16","3","","0","1","0","0","0"
"POINT (13.600889193000057 52.478936807000082)","Unfall 210528 (2021) Kat:3, Licht: 0","210528","3","2","5","05","17","4","","0","0","1","0","0"
"POINT (13.186130385000070 52.537824386000068)","Unfall 210529 (2021) Kat:2, Licht: 0","210529","2","4","6","03","14","6","","0","0","1","1","0"
"POINT (13.292565868000054 52.432720837000033)","Unfall 210530 (2021) Kat:3, Licht: 0","210530","3","2","5","04","09","1","","0","0","0","0","1"
"POINT (13.366970845000026 52.597252223000055)","Unfall 210531 (2021) Kat:3, Licht: 0","210531","3","6","2","03","11","2","","0","0","1","0","0"
"POINT (13.393967501000077 52.497542727000052)","Unfall 210532 (2021) Kat:3, Licht: 2","210532","3","7","0","04","22","5","","2","1","0","0","0"
"POINT (13.292066529000067 52.457864080000036)","Unfall 210533 (2021) Kat:3, Licht: 0","210533","3","7","6","05","12","6","","0","0","1","1","0"
"POINT (13.359178731000043 52.474857719000056)","Unfall 210534 (2021) Kat:2, Licht: 2","210534","2","5","1","04","01","4","","2","1","1","0","0"
"POINT (13.324226274000068 52.601196163000054)","Unfall 210535 (2021) Kat:3, Licht: 0","210535","3","3","0","04","12","7","","0","1","0","0","0"
"POINT (13.372361944000033 52.538650886000028)","Unfall 210536 (2021) Kat:3, Licht: 0","210536","3","6","0","04","12","3","","0","1","1","0","0"
"POINT (13.398079369000072 52.488892704000079)","Unfall 210537 (2021) Kat:3, Licht: 0","210537","3","7","1","05","12","5","","0","0","1","0","0"
"POINT (13.294184856000072 52.534477501000026)","Unfall 210538 (2021) Kat:3, Licht: 0","210538","3","6","0","04","18","7","","0","0","1","0","1"
"POINT (13.406579900000054 52.393764192000049)","Unfall 210539 (2021) Kat:3, Licht: 0","210539","3","2","5","05","14","7","","0","0","1","0","0"
"POINT (13.428822000000025 52.579162045000032)","Unfall 210540 (2021) Kat:2, Licht: 0","210540","2","3","5","04","06","4","","0","1","1","0","0"
"POINT (13.331011805000060 52.453209401000038)","Unfall 210541 (2021) Kat:3, Licht: 0","210541","3","2","2","05","11","2","","0","1","1","0","0"
"POINT (13.384659611000075 52.556000036000057)","Unfall 210542 (2021) Kat:3, Licht: 0","210542","3","6","2","04","17","1","","0","0","1","0","1"
"POINT (13.502959714000042 52.414187857000059)","Unfall 210543 (2021) Kat:3, Licht: 0","210543","3","3","5","05","07","2","","0","1","0","0","0"
"POINT (13.446740945000045 52.439945571000067)","Unfall 210544 (2021) Kat:3, Licht: 0","210544","3","3","5","03","11","5","","0","1","1","0","0"
"POINT (13.583494052000049 52.514933620000079)","Unfall 210545 (2021) Kat:3, Licht: 0","210545","3","2","6","04","11","6","","0","0","1","1","0"
"POINT (13.307927813000049 52.488456217000078)","Unfall 210546 (2021) Kat:3, Licht: 2","210546","3","6","3","03","23","2","","2","0","1","0","0"
"POINT (13.248474871000042 52.447036443000059)","Unfall 210547 (2021) Kat:3, Licht: 0","210547","3","7","2","04","17","3","","0","0","0","0","1"
"POINT (13.319850946000031 52.468806803000064)","Unfall 210548 (2021) Kat:3, Licht: 0","210548","3","3","5","05","16","5","","0","0","1","0","0"
"POINT (13.342634066000073 52.486658600000055)","Unfall 210549 (2021) Kat:3, Licht: 0","210549","3","3","5","04","10","5","","0","1","1","0","0"
"POINT (13.647203906000072 52.351346958000079)","Unfall 210550 (2021) Kat:2, Licht: 0","210550","2","1","9","04","12","1","","0","0","1","0","0"
"POINT (13.362488208000059 52.529999204000035)","Unfall 210551 (2021) Kat:3, Licht: 2","210551","3","2","5","05","01","5","","2","0","1","0","1"
"POINT (13.314270419000025 52.465118055000062)","Unfall 210552 (2021) Kat:3, Licht: 1","210552","3","6","2","05","20","7","","1","0","1","0","0"
"POINT (13.395707176000030 52.454319625000039)","Unfall 210553 (2021) Kat:3, Licht: 0","210553","3","3","5","05","11","3","","0","0","1","0","0"
"POINT (13.312599981000062 52.480522704000066)","Unfall 210554 (2021) Kat:3, Licht: 0","210554","3","7","0","04","13","3","","0","0","0","0","0"
"POINT (13.214618014000052 52.440142512000079)","Unfall 210555 (2021) Kat:3, Licht: 0","210555","3","3","5","05","15","7","","0","1","1","0","0"
"POINT (13.408411367000042 52.527490037000064)","Unfall 210556 (2021) Kat:3, Licht: 0","210556","3","5","1","05","11","1","","0","1","1","0","0"
"POINT (13.500235326000052 52.553505196000060)","Unfall 210557 (2021) Kat:3, Licht: 0","210557","3","3","5","04","16","2","","0","1","1","0","0"
"POINT (13.239202660000046 52.526422854000032)","Unfall 210558 (2021) Kat:2, Licht: 0","210558","2","6","2","04","10","2","","0","0","1","0","0"
"POINT (13.227140287000054 52.557687723000072)","Unfall 210559 (2021) Kat:3, Licht: 0","210559","3","4","6","04","17","6","","0","0","1","1","0"
"POINT (13.430215979000025 52.532699249000075)","Unfall 210560 (2021) Kat:3, Licht: 0","210560","3","7","6","03","13","4","","0","1","0","1","0"
"POINT (13.202191459000062 52.539619293000044)","Unfall 210561 (2021) Kat:2, Licht: 0","210561","2","1","9","04","18","4","","0","0","0","0","1"
"POINT (13.184772290000069 52.547560476000058)","Unfall 210562 (2021) Kat:3, Licht: 0","210562","3","2","5","05","21","7","","0","0","1","0","0"
"POINT (13.390755946000070 52.515736336000032)","Unfall 210563 (2021) Kat:3, Licht: 1","210563","3","3","5","04","20","6","","1","1","1","0","0"
"POINT (13.369746009000039 52.451266442000076)","Unfall 210564 (2021) Kat:3, Licht: 2","210564","3","7","1","05","01","4","","2","0","1","0","0"
"POINT (13.460497104000069 52.462268912000070)","Unfall 210565 (2021) Kat:3, Licht: 0","210565","3","6","2","05","15","6","","0","0","1","0","0"
"POINT (13.233160130000044 52.527473810000060)","Unfall 210566 (2021) Kat:3, Licht: 0","210566","3","1","0","05","18","2","","0","1","0","0","0"
"POINT (13.394495490000054 52.491742263000049)","Unfall 210567 (2021) Kat:3, Licht: 0","210567","3","3","5","03","09","7","","0","0","1","0","0"
"POINT (13.477800591000062 52.509989795000081)","Unfall 210568 (2021) Kat:3, Licht: 0","210568","3","7","7","04","07","6","","0","1","0","0","0"
"POINT (13.425844567000070 52.499463424000055)","Unfall 210569 (2021) Kat:3, Licht: 0","210569","3","2","5","03","18","4","","0","1","1","0","0"
"POINT (13.450341495000032 52.491388484000026)","Unfall 210570 (2021) Kat:3, Licht: 0","210570","3","3","5","05","21","6","","0","0","1","0","0"
"POINT (13.326976429000069 52.562963870000033)","Unfall 210571 (2021) Kat:3, Licht: 0","210571","3","5","0","05","09","6","","0","0","1","0","0"
"POINT (13.373596565000071 52.563271086000043)","Unfall 210572 (2021) Kat:3, Licht: 0","210572","3","3","5","04","17","4","","0","0","1","0","0"
"POINT (13.466273345000047 52.508576530000028)","Unfall 210573 (2021) Kat:3, Licht: 0","210573","3","2","5","03","10","3","","0","1","1","0","0"
"POINT (13.314299505000065 52.508908875000031)","Unfall 210574 (2021) Kat:3, Licht: 0","210574","3","2","5","04","16","4","","0","1","0","0","0"
"POINT (13.472507878000044 52.437070808000044)","Unfall 210575 (2021) Kat:3, Licht: 0","210575","3","4","6","05","16","6","","0","0","1","1","0"
"POINT (13.364463754000042 52.567688456000042)","Unfall 210576 (2021) Kat:3, Licht: 2","210576","3","6","2","04","21","2","","2","1","1","0","0"
"POINT (13.327073567000070 52.608759284000030)","Unfall 210577 (2021) Kat:3, Licht: 0","210577","3","3","5","04","13","6","","0","0","1","0","0"
"POINT (13.241137862000073 52.526137625000047)","Unfall 210578 (2021) Kat:3, Licht: 0","210578","3","2","4","05","16","2","","0","1","1","0","0"
"POINT (13.388894064000056 52.498864707000052)","Unfall 210579 (2021) Kat:3, Licht: 0","210579","3","6","2","05","13","4","","0","0","1","0","0"
"POINT (13.348389495000049 52.447147189000077)","Unfall 210580 (2021) Kat:3, Licht: 2","210580","3","7","5","03","00","7","","2","0","1","0","0"
"POINT (13.328076572000043 52.564387865000072)","Unfall 210581 (2021) Kat:3, Licht: 0","210581","3","6","2","04","18","5","","0","0","1","0","0"
"POINT (13.501865687000077 52.636139097000068)","Unfall 210582 (2021) Kat:3, Licht: 0","210582","3","2","5","03","10","2","","0","0","1","0","1"
"POINT (13.566334906000066 52.534081178000065)","Unfall 210583 (2021) Kat:3, Licht: 0","210583","3","6","2","04","13","3","","0","0","1","0","0"
"POINT (13.274810688000059 52.500887505000037)","Unfall 210584 (2021) Kat:3, Licht: 0","210584","3","6","2","05","14","4","","0","0","1","0","0"
"POINT (13.369121190000044 52.546212270000069)","Unfall 210585 (2021) Kat:3, Licht: 0","210585","3","3","5","04","17","3","","0","1","1","0","0"
"POINT (13.427498043000071 52.597560496000028)","Unfall 210586 (2021) Kat:3, Licht: 0","210586","3","2","2","05","15","5","","0","1","1","0","0"
"POINT (13.262320177000049 52.507330739000054)","Unfall 210587 (2021) Kat:3, Licht: 0","210587","3","2","5","05","15","2","","0","0","1","0","0"
"POINT (13.246919975000026 52.544169721000060)","Unfall 210588 (2021) Kat:3, Licht: 0","210588","3","2","0","04","08","2","","0","1","1","0","0"
"POINT (13.473297289000072 52.432463595000058)","Unfall 210589 (2021) Kat:3, Licht: 0","210589","3","2","5","03","16","3","","0","0","1","0","0"
"POINT (13.583458359000076 52.393838714000026)","Unfall 210590 (2021) Kat:3, Licht: 2","210590","3","5","1","05","23","6","","2","0","1","0","0"
"POINT (13.468395829000031 52.499710055000037)","Unfall 210591 (2021) Kat:3, Licht: 0","210591","3","2","5","05","14","6","","0","1","1","0","0"
"POINT (13.392220077000047 52.507801823000079)","Unfall 210592 (2021) Kat:3, Licht: 0","210592","3","2","5","04","11","3","","0","1","1","0","0"
"POINT (13.466638948000025 52.426763428000072)","Unfall 210593 (2021) Kat:3, Licht: 2","210593","3","5","1","04","23","5","","2","0","1","0","0"
"POINT (13.406286508000051 52.532265839000047)","Unfall 210594 (2021) Kat:3, Licht: 0","210594","3","5","1","03","15","2","","0","1","0","0","0"
"POINT (13.436518229000058 52.481054518000064)","Unfall 210595 (2021) Kat:3, Licht: 0","210595","3","5","1","04","10","4","","0","0","1","0","0"
"POINT (13.355489575000036 52.534984373000043)","Unfall 210596 (2021) Kat:3, Licht: 0","210596","3","6","3","05","17","6","","0","1","1","0","0"
"POINT (13.467427230000055 52.497936723000066)","Unfall 210597 (2021) Kat:3, Licht: 0","210597","3","6","2","04","17","6","","0","0","1","0","0"
"POINT (13.311901826000053 52.498072576000027)","Unfall 210598 (2021) Kat:3, Licht: 0","210598","3","3","0","05","18","2","","0","1","1","0","0"
"POINT (13.372051521000060 52.469827546000033)","Unfall 210599 (2021) Kat:3, Licht: 1","210599","3","2","5","05","21","3","","1","0","1","0","0"
"POINT (13.192638711000029 52.536041538000063)","Unfall 210600 (2021) Kat:3, Licht: 0","210600","3","7","5","03","07","7","","0","0","1","0","0"
"POINT (13.395167572000048 52.397174312000061)","Unfall 210601 (2021) Kat:3, Licht: 0","210601","3","6","4","04","19","7","","0","0","1","0","0"
"POINT (13.343198977000043 52.528214924000054)","Unfall 210602 (2021) Kat:3, Licht: 0","210602","3","2","2","03","15","3","","0","1","1","0","0"
"POINT (13.265779121000037 52.410327622000068)","Unfall 210603 (2021) Kat:3, Licht: 0","210603","3","2","2","04","14","4","","0","1","0","0","0"
"POINT (13.423828149000030 52.477284801000053)","Unfall 210604 (2021) Kat:3, Licht: 2","210604","3","3","5","05","00","5","","2","0","1","0","0"
"POINT (13.359867674000043 52.475374432000081)","Unfall 210605 (2021) Kat:2, Licht: 0","210605","2","7","5","04","12","4","","0","0","1","0","0"
"POINT (13.428499580000050 52.552013595000062)","Unfall 210606 (2021) Kat:3, Licht: 0","210606","3","7","6","04","18","6","","0","1","0","1","0"
"POINT (13.453184128000032 52.508676732000026)","Unfall 210607 (2021) Kat:3, Licht: 0","210607","3","2","5","04","11","2","","0","1","1","0","0"
"POINT (13.334818013000074 52.514919974000065)","Unfall 210608 (2021) Kat:3, Licht: 0","210608","3","1","1","05","11","6","","0","1","1","0","0"
"POINT (13.477797064000072 52.559398689000034)","Unfall 210609 (2021) Kat:3, Licht: 0","210609","3","6","4","04","10","1","","0","1","1","0","0"
"POINT (13.386039585000049 52.558266672000059)","Unfall 210610 (2021) Kat:3, Licht: 0","210610","3","6","0","05","11","1","","0","0","1","0","1"
"POINT (13.491828302000044 52.615263956000035)","Unfall 210611 (2021) Kat:3, Licht: 0","210611","3","3","5","04","07","4","","0","1","1","0","0"
"POINT (13.553771494000046 52.434190002000037)","Unfall 210612 (2021) Kat:3, Licht: 0","210612","3","7","6","05","11","2","","0","0","1","1","0"
"POINT (13.354605273000061 52.560713275000069)","Unfall 210613 (2021) Kat:2, Licht: 2","210613","2","5","1","04","03","1","","2","0","1","0","0"
"POINT (13.420014264000031 52.496435285000075)","Unfall 210614 (2021) Kat:3, Licht: 0","210614","3","4","0","05","09","3","","0","1","0","1","0"
"POINT (13.430087392000075 52.510540894000030)","Unfall 210615 (2021) Kat:2, Licht: 0","210615","2","4","6","03","09","5","","0","0","0","1","1"
"POINT (13.467790091000040 52.427586765000058)","Unfall 210616 (2021) Kat:2, Licht: 0","210616","2","6","2","04","13","5","","0","0","1","0","0"
"POINT (13.490658387000053 52.468301213000075)","Unfall 210617 (2021) Kat:3, Licht: 0","210617","3","4","6","03","14","2","","0","0","1","1","0"
"POINT (13.364284819000034 52.448393150000072)","Unfall 210618 (2021) Kat:3, Licht: 0","210618","3","6","2","04","14","3","","0","0","1","0","0"
"POINT (13.449807471000042 52.510220834000052)","Unfall 210619 (2021) Kat:3, Licht: 1","210619","3","6","2","05","19","4","","1","1","1","0","0"
"POINT (13.416764628000067 52.511594286000047)","Unfall 210620 (2021) Kat:3, Licht: 0","210620","3","5","1","04","09","5","","0","1","1","0","0"
"POINT (13.389476904000048 52.529725103000033)","Unfall 210621 (2021) Kat:3, Licht: 0","210621","3","3","5","04","18","7","","0","1","1","0","0"
"POINT (13.380928538000035 52.516370558000062)","Unfall 210622 (2021) Kat:3, Licht: 0","210622","3","2","5","05","08","4","","0","1","1","0","0"
"POINT (13.233019207000041 52.529397686000038)","Unfall 210623 (2021) Kat:3, Licht: 0","210623","3","3","5","05","08","6","","0","0","1","0","0"
"POINT (13.315184628000054 52.510732426000061)","Unfall 210624 (2021) Kat:3, Licht: 2","210624","3","5","1","05","21","2","","2","0","1","0","0"