WKT,Name,OBJECTID,UKATEGORIE,UTYP1,UART,UMONAT,USTUNDE,UWOCHENTAG,STRZUSTAND,ULICHTVERH,ISTRAD,ISTPKW,ISTFUSS,ISTKRAD
"POINT (13.528257685000028 52.556982391000076)","Unfall 210625 (2021) Kat:3, Licht: 0","210625","3","2","6","04","07","2","","0","0","1","1","0"
"POINT (13.440175751000027 52.471069036000074)","Unfall 210626 (2021) Kat:3, Licht: 0","210626","3","7","5","05","10","7","","0","0","1","0","0"
"POINT (13.365004981000027 52.510095088000071)","Unfall 210627 (2021) Kat:3, Licht: 0","210627","3","5","1","05","13","7","","0","1","1","0","0"
"POINT (13.277883391000046 52.572717000000068)","Unfall 210628 (2021) Kat:2, Licht: 0","210628","2","3","5","04","15","1","","0","1","1","0","0"
"POINT (13.524773646000028 52.495265204000077)","Unfall 210629 (2021) Kat:3, Licht: 0","210629","3","2","0","03","14","4","","0","1","1","0","0"
"POINT (13.498568450000050 52.551813969000079)","Unfall 210630 (2021) Kat:3, Licht: 0","210630","3","3","5","04","17","4","","0","1","1","0","0"
"POINT (13.372705105000023 52.568245528000034)","Unfall 210631 (2021) Kat:3, Licht: 0","210631","3","3","5","05","12","1","","0","0","1","0","0"
"POINT (13.353196923000041 52.502371560000029)","Unfall 210632 (2021) Kat:3, Licht: 2","210632","3","2","5","04","22","6","","2","0","1","0","0"
"POINT (13.363723002000029 52.497361008000041)","Unfall 210633 (2021) Kat:3, Licht: 0","210633","3","3","5","05","13","4","","0","0","1","0","0"
"POINT (13.305671205000067 52.510001096000053)","Unfall 210634 (2021) Kat:3, Licht: 0","210634","3","4","6","05","12","5","","0","0","1","1","0"
"POINT (13.422567920000063 52.559863976000031)","Unfall 210635 (2021) Kat:2, Licht: 0","210635","2","3","5","05","18","2","","0","1","1","0","0"
"POINT (13.342796148000048 52.434285961000057)","Unfall 210636 (2021) Kat:3, Licht: 0","210636","3","6","2","03","11","7","","0","1","1","0","0"
"POINT (13.421967266000024 52.562722530000030)","Unfall 210637 (2021) Kat:3, Licht: 0","210637","3","6","2","04","18","6","","0","1","1","0","0"
"POINT (13.625539097000058 52.457560210000054)","Unfall 210638 (2021) Kat:3, Licht: 0","210638","3","2","2","03","15","4","","0","1","1","0","0"
"POINT (13.373733473000073 52.485042329000066)","Unfall 210639 (2021) Kat:3, Licht: 0","210639","3","5","1","05","18","6","","0","0","1","0","0"
"POINT (13.352141317000076 52.592242245000079)","Unfall 210640 (2021) Kat:3, Licht: 0","210640","3","7","5","04","09","3","","0","0","1","0","0"
"POINT (13.188730212000053 52.546600864000027)","Unfall 210641 (2021) Kat:3, Licht: 0","210641","3","3","5","04","12","6","","0","1","1","0","0"
"POINT (13.493985524000038 52.615380352000045)","Unfall 210642 (2021) Kat:3, Licht: 0","210642","3","7","6","03","13","3","","0","0","1","1","0"
"POINT (13.300087043000076 52.519585080000070)","Unfall 210643 (2021) Kat:3, Licht: 0","210643","3","6","2","04","17","3","","0","0","1","0","0"
"POINT (13.209879354000066 52.532443609000040)","Unfall 210644 (2021) Kat:2, Licht: 2","210644","2","4","6","05","22","6","","2","0","1","1","0"
"POINT (13.573529887000063 52.552286602000038)","Unfall 210645 (2021) Kat:3, Licht: 0","210645","3","3","5","04","17","2","","0","1","1","0","0"
"POINT (13.344959199000073 52.486727778000045)","Unfall 210646 (2021) Kat:3, Licht: 0","210646","3","6","2","04","14","6","","0","0","1","0","1"
"POINT (13.211528788000066 52.575604137000028)","Unfall 210647 (2021) Kat:3, Licht: 0","210647","3","1","0","05","13","2","","0","1","0","0","0"
"POINT (13.524405184000045 52.465320191000046)","Unfall 210648 (2021) Kat:2, Licht: 0","210648","2","6","3","05","19","3","","0","0","1","0","1"
"POINT (13.298221419000072 52.624538974000075)","Unfall 210649 (2021) Kat:3, Licht: 0","210649","3","3","5","03","14","6","","0","0","1","0","0"
"POINT (13.357384935000027 52.476725247000047)","Unfall 210650 (2021) Kat:2, Licht: 0","210650","2","3","0","04","12","6","","0","1","1","0","0"
"POINT (13.576123013000029 52.452930821000052)","Unfall 210651 (2021) Kat:3, Licht: 0","210651","3","6","2","03","07","3","","0","0","1","0","1"
"POINT (13.379316483000025 52.507034658000066)","Unfall 210652 (2021) Kat:3, Licht: 0","210652","3","3","5","04","17","3","","0","1","1","0","0"
"POINT (13.365441876000034 52.556814795000037)","Unfall 210653 (2021) Kat:3, Licht: 0","210653","3","2","5","05","15","4","","0","1","1","0","0"
"POINT (13.340999507000049 52.499968208000041)","Unfall 210654 (2021) Kat:3, Licht: 0","210654","3","2","5","04","15","3","","0","0","1","0","0"
"POINT (13.434902632000046 52.447078828000031)","Unfall 210655 (2021) Kat:3, Licht: 2","210655","3","6","4","04","20","5","","2","0","1","0","0"
"POINT (13.332199087000049 52.487541702000044)","Unfall 210656 (2021) Kat:3, Licht: 0","210656","3","2","5","04","10","2","","0","1","0","0","0"
"POINT (13.388847256000076 52.516925976000039)","Unfall 210657 (2021) Kat:3, Licht: 2","210657","3","3","5","05","22","5","","2","0","1","0","0"
"POINT (13.450794233000067 52.527200271000027)","Unfall 210658 (2021) Kat:3, Licht: 0","210658","3","2","5","05","07","7","","0","0","1","0","0"
"POINT (13.260392559000024 52.572071450000067)","Unfall 210659 (2021) Kat:3, Licht: 0","210659","3","2","5","04","18","4","","0","1","1","0","0"
"POINT (13.336034155000050 52.433460769000078)","Unfall 210660 (2021) Kat:3, Licht: 0","210660","3","5","1","05","08","2","","0","1","1","0","0"
"POINT (13.323754543000064 52.493819458000075)","Unfall 210661 (2021) Kat:3, Licht: 2","210661","3","3","5","04","20","2","","2","0","1","0","0"
"POINT (13.449244406000048 52.537431160000040)","Unfall 210662 (2021) Kat:3, Licht: 2","210662","3","5","1","05","21","2","","2","0","1","0","0"
"POINT (13.326897479000024 52.540463331000069)","Unfall 210663 (2021) Kat:2, Licht: 0","210663","2","1","8","03","16","5","","0","0","0","0","1"
"POINT (13.619447842000056 52.427367369000081)","Unfall 210664 (2021) Kat:3, Licht: 2","210664","3","7","7","04","03","4","","2","0","0","0","1"
"POINT (13.429874267000059 52.528736629000036)","Unfall 210665 (2021) Kat:3, Licht: 1","210665","3","5","1","03","18","2","","1","1","1","0","0"
"POINT (13.388845854000067 52.516933943000026)","Unfall 210666 (2021) Kat:3, Licht: 0","210666","3","3","5","05","11","3","","0","1","1","0","0"
"POINT (13.418743919000065 52.605696146000071)","Unfall 210667 (2021) Kat:2, Licht: 0","210667","2","2","6","03","10","4","","0","0","1","1","0"
"POINT (13.414795826000045 52.553862365000043)","Unfall 210668 (2021) Kat:2, Licht: 1","210668","2","2","5","04","05","6","","1","1","1","0","0"
"POINT (13.327309145000072 52.524396765000063)","Unfall 210669 (2021) Kat:3, Licht: 0","210669","3","7","5","05","10","5","","0","0","1","0","0"
"POINT (13.333809741000039 52.468492405000063)","Unfall 210670 (2021) Kat:3, Licht: 2","210670","3","5","1","05","23","3","","2","0","1","0","0"
"POINT (13.489940058000059 52.620787685000039)","Unfall 210671 (2021) Kat:3, Licht: 0","210671","3","1","0","05","19","6","","0","0","1","0","0"
"POINT (13.386508997000021 52.490076925000039)","Unfall 210672 (2021) Kat:3, Licht: 0","210672","3","7","5","05","16","3","","0","0","1","0","0"
"POINT (13.485327386000051 52.526745335000044)","Unfall 210673 (2021) Kat:2, Licht: 0","210673","2","3","5","04","15","2","","0","0","1","0","0"
"POINT (13.572785145000068 52.427796210000054)","Unfall 210674 (2021) Kat:3, Licht: 0","210674","3","3","5","03","06","4","","0","0","1","0","0"
"POINT (13.344671994000066 52.539161379000063)","Unfall 210675 (2021) Kat:3, Licht: 0","210675","3","6","2","04","13","6","","0","1","0","0","0"
"POINT (13.404536783000026 52.508967688000041)","Unfall 210676 (2021) Kat:3, Licht: 0","210676","3","3","5","04","09","3","","0","0","1","0","0"
"POINT (13.380081573000041 52.540543915000057)","Unfall 210677 (2021) Kat:3, Licht: 0","210677","3","3","5","05","18","6","","0","1","1","0","0"
"POINT (13.263267999000050 52.457535482000026)","Unfall 210678 (2021) Kat:2, Licht: 0","210678","2","6","3","05","19","1","","0","0","1","0","1"
"POINT (13.488608294000073 52.464494746000071)","Unfall 210679 (2021) Kat:2, Licht: 0","210679","2","5","1","04","09","4","","0","1","1","0","0"
"POINT (13.421220845000050 52.509858908000069)","Unfall 210680 (2021) Kat:3, Licht: 0","210680","3","3","5","05","07","2","","0","0","1","0","0"
"POINT (13.401781062000055 52.506120693000071)","Unfall 210681 (2021) Kat:3, Licht: 0","210681","3","6","2","04","16","1","","0","0","1","0","0"
"POINT (13.205943980000029 52.541903161000050)","Unfall 210682 (2021) Kat:3, Licht: 0","210682","3","6","3","05","17","3","","0","0","1","0","0"
"POINT (13.307027861000051 52.499991884000053)","Unfall 210683 (2021) Kat:3, Licht: 0","210683","3","3","0","03","14","5","","0","0","1","0","1"
"POINT (13.363836747000050 52.527859211000077)","Unfall 210684 (2021) Kat:3, Licht: 0","210684","3","6","2","04","18","4","","0","0","1","0","0"
"POINT (13.314401192000048 52.530276075000074)","Unfall 210685 (2021) Kat:3, Licht: 2","210685","3","2","0","03","19","1","","2","0","1","0","0"
"POINT (13.390758837000021 52.544573784000079)","Unfall 210686 (2021) Kat:3, Licht: 0","210686","3","1","2","05","18","4","","0","0","1","0","0"
"POINT (13.390221558000064 52.507681689000037)","Unfall 210687 (2021) Kat:2, Licht: 0","210687","2","3","5","04","16","3","","0","1","1","0","0"
"POINT (13.581454191000034 52.514693898000075)","Unfall 210688 (2021) Kat:3, Licht: 0","210688","3","7","0","03","09","4","","0","1","0","0","0"
"POINT (13.458201941000027 52.499605728000063)","Unfall 210689 (2021) Kat:3, Licht: 0","210689","3","3","5","04","06","2","","0","1","0","0","0"
"POINT (13.465965187000052 52.524220498000034)","Unfall 210690 (2021) Kat:3, Licht: 0","210690","3","6","2","05","16","5","","0","0","1","0","0"
"POINT (13.381821955000078 52.555922440000074)","Unfall 210691 (2021) Kat:3, Licht: 0","210691","3","6","2","05","18","6","","0","0","1","0","0"
"POINT (13.343882990000054 52.496388469000067)","Unfall 210692 (2021) Kat:3, Licht: 2","210692","3","7","1","05","21","2","","2","1","1","0","0"
"POINT (13.463025646000062 52.430328622000047)","Unfall 210693 (2021) Kat:3, Licht: 0","210693","3","5","1","04","12","2","","0","0","1","0","0"
"POINT (13.585205092000024 52.427819963000047)","Unfall 210694 (2021) Kat:3, Licht: 0","210694","3","3","5","05","11","7","","0","1","1","0","0"
"POINT (13.362656846000050 52.600616096000067)","Unfall 210695 (2021) Kat:3, Licht: 0","210695","3","3","5","04","11","7","","0","0","1","0","0"
"POINT (13.360677630000055 52.596922769000059)","Unfall 210696 (2021) Kat:3, Licht: 0","210696","3","2","2","03","15","3","","0","0","1","0","0"
"POINT (13.686166920000062 52.447664684000074)","Unfall 210697 (2021) Kat:2, Licht: 0","210697","2","6","4","04","16","3","","0","0","1","0","1"
"POINT (13.432091846000048 52.505703408000045)","Unfall 210698 (2021) Kat:3, Licht: 0","210698","3","3","5","05","15","1","","0","1","1","0","0"
"POINT (13.269306151000023 52.499519484000075)","Unfall 210699 (2021) Kat:3, Licht: 0","210699","3","6","2","04","15","7","","0","0","1","0","0"
"POINT (13.352170668000042 52.505515477000074)","Unfall 210700 (2021) Kat:2, Licht: 0","210700","2","3","5","05","10","4","","0","0","1","0","1"
"POINT (13.443017830000031 52.515671182000062)","Unfall 210701 (2021) Kat:3, Licht: 0","210701","3","7","6","05","18","5","","0","0","0","1","0"
"POINT (13.661831914000061 52.449320937000039)","Unfall 210702 (2021) Kat:3, Licht: 0","210702","3","6","4","05","10","2","","0","1","0","0","0"
"POINT (13.239773937000052 52.606467144000078)","Unfall 210703 (2021) Kat:3, Licht: 0","210703","3","6","2","03","14","7","","0","1","1","0","0"
"POINT (13.393522672000074 52.445391539000070)","Unfall 210704 (2021) Kat:3, Licht: 0","210704","3","2","5","04","11","7","","0","0","0","0","1"
"POINT (13.357472723000058 52.422877079000045)","Unfall 210705 (2021) Kat:3, Licht: 0","210705","3","5","1","03","17","3","","0","0","1","0","0"
"POINT (13.200249057000065 52.537058769000055)","Unfall 210706 (2021) Kat:3, Licht: 0","210706","3","6","2","04","10","5","","0","0","1","0","0"
"POINT (13.350542489000077 52.532588473000033)","Unfall 210707 (2021) Kat:3, Licht: 0","210707","3","7","5","05","18","6","","0","0","1","0","0"
"POINT (13.556695829000034 52.557140574000073)","Unfall 210708 (2021) Kat:3, Licht: 0","210708","3","3","5","04","10","3","","0","0","1","0","0"
"POINT (13.418898612000021 52.500730483000041)","Unfall 210709 (2021) Kat:3, Licht: 0","210709","3","1","0","04","18","3","","0","1","0","0","0"
"POINT (13.331483058000060 52.496687680000036)","Unfall 210710 (2021) Kat:3, Licht: 0","210710","3","6","2","03","10","2","","0","0","1","0","0"
"POINT (13.349335343000064 52.470301856000049)","Unfall 210711 (2021) Kat:3, Licht: 1","210711","3","5","1","04","18","2","","1","1","1","0","0"
"POINT (13.372366821000071 52.485048423000080)","Unfall 210712 (2021) Kat:3, Licht: 0","210712","3","2","6","05","07","6","","0","0","1","1","0"
"POINT (13.197391296000035 52.533059460000061)","Unfall 210713 (2021) Kat:3, Licht: 0","210713","3","6","2","04","12","3","","0","0","1","0","0"
"POINT (13.376652616000058 52.543271808000043)","Unfall 210714 (2021) Kat:3, Licht: 0","210714","3","6","2","05","17","1","","0","0","1","0","0"
"POINT (13.528712080000048 52.569764347000046)","Unfall 210715 (2021) Kat:3, Licht: 1","210715","3","3","5","04","18","5","","1","1","0","0","0"
"POINT (13.576963513000067 52.549882093000065)","Unfall 210716 (2021) Kat:3, Licht: 0","210716","3","4","6","05","15","4","","0","0","1","1","0"
"POINT (13.415979821000064 52.527102784000078)","Unfall 210717 (2021) Kat:3, Licht: 0","210717","3","2","5","05","14","4","","0","1","0","0","0"
"POINT (13.300849416000062 52.489381179000077)","Unfall 210718 (2021) Kat:3, Licht: 0","210718","3","7","2","03","16","6","","0","0","1","0","0"
"POINT (13.265532161000067 52.536819925000032)","Unfall 210719 (2021) Kat:3, Licht: 0","210719","3","6","2","04","15","5","","0","0","1","0","0"
"POINT (13.411011308000070 52.547487809000074)","Unfall 210720 (2021) Kat:3, Licht: 0","210720","3","5","1","03","10","3","","0","1","0","0","0"
"POINT (13.218951794000077 52.537090908000039)","Unfall 210721 (2021) Kat:3, Licht: 0","210721","3","6","2","04","15","3","","0","0","1","0","0"
"POINT (13.328154252000047 52.535256650000065)","Unfall 210722 (2021) Kat:3, Licht: 0","210722","3","2","5","05","06","4","","0","1","1","0","0"
"POINT (13.394900811000070 52.496275742000080)","Unfall 210723 (2021) Kat:3, Licht: 0","210723","3","2","5","04","15","3","","0","1","1","0","0"
"POINT (13.290358372000071 52.479226572000073)","Unfall 210724 (2021) Kat:3, Licht: 0","210724","3","3","5","04","10","6","","0","1","1","0","0"
"POINT (13.410689052000066 52.416853777000028)","Unfall 210725 (2021) Kat:3, Licht: 0","210725","3","6","2","04","09","2","","0","0","1","0","0"
"POINT (13.545169183000041 52.434325241000067)","Unfall 210726 (2021) Kat:3, Licht: 0","210726","3","3","5","05","14","6","","0","1","1","0","0"
"POINT (13.408498245000033 52.498491850000050)","Unfall 210727 (2021) Kat:3, Licht: 0","210727","3","6","3","05","16","7","","0","1","1","0","0"
"POINT (13.445831721000047 52.416377294000029)","Unfall 210728 (2021) Kat:2, Licht: 0","210728","2","3","5","05","12","3","","0","1","1","0","0"
"POINT (13.126479290000077 52.467846428000030)","Unfall 210729 (2021) Kat:3, Licht: 2","210729","3","7","2","05","17","2","","2","0","1","0","1"
"POINT (13.472048499000039 52.461635078000029)","Unfall 210730 (2021) Kat:3, Licht: 0","210730","3","3","5","04","11","2","","0","0","1","0","0"
"POINT (13.343661751000070 52.492349068000067)","Unfall 210731 (2021) Kat:3, Licht: 2","210731","3","3","5","05","20","2","","2","0","1","0","0"
"POINT (13.403243434000046 52.525020073000064)","Unfall 210732 (2021) Kat:3, Licht: 0","210732","3","7","8","03","14","4","","0","0","0","0","0"
"POINT (13.318508683000061 52.451806593000072)","Unfall 210733 (2021) Kat:3, Licht: 0","210733","3","6","2","04","08","4","","0","0","1","0","0"
"POINT (13.376075195000055 52.409123473000079)","Unfall 210734 (2021) Kat:3, Licht: 0","210734","3","2","0","05","18","3","","0","1","1","0","0"
"POINT (13.195500989000038 52.555273082000042)","Unfall 210735 (2021) Kat:2, Licht: 0","210735","2","6","2","03","11","4","","0","0","1","0","0"
"POINT (13.303063532000067 52.429050685000050)","Unfall 210736 (2021) Kat:3, Licht: 0","210736","3","3","5","04","10","6","","0","0","1","0","0"
"POINT (13.488951333000045 52.542251045000057)","Unfall 210737 (2021) Kat:3, Licht: 0","210737","3","6","2","05","18","4","","0","0","1","0","0"
"POINT (13.397407261000069 52.571296119000067)","Unfall 210738 (2021) Kat:3, Licht: 0","210738","3","2","5","05","18","5","","0","1","0","0","0"
"POINT (13.320713566000052 52.457019899000045)","Unfall 210739 (2021) Kat:3, Licht: 0","210739","3","3","5","05","15","2","","0","1","0","0","0"
"POINT (13.575259491000054 52.453838953000059)","Unfall 210740 (2021) Kat:3, Licht: 0","210740","3","3","5","04","14","2","","0","1","1","0","0"
"POINT (13.504437635000045 52.536971274000052)","Unfall 210741 (2021) Kat:3, Licht: 0","210741","3","7","2","03","16","3","","0","0","1","0","0"
"POINT (13.396465306000039 52.508949551000057)","Unfall 210742 (2021) Kat:3, Licht: 0","210742","3","5","1","05","12","7","","0","1","1","0","0"
"POINT (13.591816673000039 52.545464373000073)","Unfall 210743 (2021) Kat:3, Licht: 0","210743","3","2","5","05","13","7","","0","1","1","0","0"
"POINT (13.478089203000025 52.454778340000075)","Unfall 210744 (2021) Kat:3, Licht: 0","210744","3","6","2","04","08","3","","0","0","1","0","0"
"POINT (13.243996037000045 52.425708722000081)","Unfall 210745 (2021) Kat:3, Licht: 0","210745","3","4","6","04","14","6","","0","0","1","1","0"
"POINT (13.367720976000044 52.449320249000039)","Unfall 210746 (2021) Kat:2, Licht: 0","210746","2","6","4","03","15","3","","0","0","1","0","0"
"POINT (13.319233558000064 52.492172042000050)","Unfall 210747 (2021) Kat:3, Licht: 0","210747","3","6","0","04","16","3","","0","0","1","0","1"
"POINT (13.363425698000071 52.571517446000030)","Unfall 210748 (2021) Kat:3, Licht: 0","210748","3","7","6","04","17","5","","0","0","1","1","0"
"POINT (13.192301055000030 52.534099138000045)","Unfall 210749 (2021) Kat:3, Licht: 0","210749","3","2","5","05","09","2","","0","0","1","0","0"
"POINT (13.324588760000040 52.587611536000054)","Unfall 210750 (2021) Kat:3, Licht: 0","210750","3","6","2","05","14","3","","0","0","1","0","0"
"POINT (13.314024888000063 52.506215280000049)","Unfall 210751 (2021) Kat:2, Licht: 0","210751","2","2","5","03","09","6","","0","1","1","0","0"
"POINT (13.451489739000067 52.520390072000055)","Unfall 210752 (2021) Kat:3, Licht: 0","210752","3","2","5","04","15","6","","0","1","1","0","0"
"POINT (13.345708146000050 52.547358779000035)","Unfall 210753 (2021) Kat:3, Licht: 0","210753","3","4","6","03","08","2","","0","1","0","1","0"
"POINT (13.434088770000074 52.463134410000066)","Unfall 210754 (2021) Kat:3, Licht: 0","210754","3","2","5","04","06","4","","0","1","0","0","0"
"POINT (13.331142246000070 52.505262349000077)","Unfall 210755 (2021) Kat:3, Licht: 0","210755","3","1","0","05","17","5","","0","1","0","0","0"
"POINT (13.303071949000071 52.505568706000076)","Unfall 210756 (2021) Kat:2, Licht: 0","210756","2","3","5","04","18","3","","0","1","0","0","1"
"POINT (13.293707027000039 52.458048370000029)","Unfall 210757 (2021) Kat:3, Licht: 1","210757","3","2","0","04","19","3","","1","1","1","0","0"
"POINT (13.261095708000028 52.544025761000057)","Unfall 210758 (2021) Kat:3, Licht: 0","210758","3","7","0","04","17","5","","0","1","0","0","0"
"POINT (13.385531646000061 52.550196123000035)","Unfall 210759 (2021) Kat:3, Licht: 0","210759","3","7","5","04","19","2","","0","0","1","0","1"
"POINT (13.416447990000052 52.544852089000074)","Unfall 210760 (2021) Kat:3, Licht: 0","210760","3","5","1","05","09","6","","0","1","1","0","0"
"POINT (13.274184130000037 52.519226945000071)","Unfall 210761 (2021) Kat:3, Licht: 0","210761","3","2","0","05","11","7","","0","0","1","0","0"
"POINT (13.420436285000051 52.606502834000082)","Unfall 210762 (2021) Kat:3, Licht: 0","210762","3","6","2","04","15","6","","0","0","1","0","0"
"POINT (13.390884193000034 52.515847605000033)","Unfall 210763 (2021) Kat:3, Licht: 0","210763","3","3","5","03","12","4","","0","1","1","0","0"
"POINT (13.365072325000028 52.590068191000057)","Unfall 210764 (2021) Kat:2, Licht: 0","210764","2","2","5","04","08","3","","0","0","1","0","1"
"POINT (13.334514814000045 52.603513227000064)","Unfall 210765 (2021) Kat:3, Licht: 0","210765","3","2","3","04","12","6","","0","0","1","0","0"
"POINT (13.466488469000069 52.433465234000039)","Unfall 210766 (2021) Kat:3, Licht: 0","210766","3","3","5","04","15","4","","0","1","1","0","0"
"POINT (13.465417596000066 52.557539857000052)","Unfall 210767 (2021) Kat:3, Licht: 1","210767","3","4","6","05","20","4","","1","0","1","1","0"
"POINT (13.440474157000040 52.516594263000059)","Unfall 210768 (2021) Kat:3, Licht: 0","210768","3","5","1","05","19","5","","0","1","1","0","0"
"POINT (13.328392530000031 52.464962025000034)","Unfall 210769 (2021) Kat:3, Licht: 0","210769","3","2","5","05","16","2","","0","1","1","0","0"
"POINT (13.422130193000044 52.499178782000058)","Unfall 210770 (2021) Kat:3, Licht: 2","210770","3","3","0","03","19","6","","2","1","0","0","0"
"POINT (13.448327057000029 52.468456660000072)","Unfall 210771 (2021) Kat:3, Licht: 0","210771","3","3","5","04","17","7","","0","1","1","0","0"
"POINT (13.433269848000066 52.606434562000061)","Unfall 210772 (2021) Kat:3, Licht: 0","210772","3","6","2","03","09","2","","0","0","0","0","1"
"POINT (13.240183297000044 52.618795020000050)","Unfall 210773 (2021) Kat:3, Licht: 0","210773","3","3","5","04","18","5","","0","1","1","0","0"
"POINT (13.428915444000040 52.485782237000080)","Unfall 210774 (2021) Kat:3, Licht: 0","210774","3","5","1","05","19","6","","0","1","1","0","0"
"POINT (13.329616704000046 52.445671638000078)","Unfall 210775 (2021) Kat:3, Licht: 0","210775","3","6","0","04","17","3","","0","1","1","0","0"
"POINT (13.389348470000073 52.496108409000044)","Unfall 210776 (2021) Kat:3, Licht: 0","210776","3","2","0","03","19","3","","0","1","0","0","0"
"POINT (13.285772158000043 52.495179553000071)","Unfall 210777 (2021) Kat:3, Licht: 0","210777","3","6","2","04","13","3","","0","0","1","0","0"
"POINT (13.345062210000037 52.437077491000082)","Unfall 210778 (2021) Kat:3, Licht: 0","210778","3","3","5","05","19","6","","0","0","1","0","1"
"POINT (13.582011285000021 52.442835750000029)","Unfall 210779 (2021) Kat:3, Licht: 0","210779","3","2","5","04","17","1","","0","1","1","0","0"
"POINT (13.206448043000023 52.533383396000033)","Unfall 210780 (2021) Kat:3, Licht: 2","210780","3","5","1","05","23","1","","2","1","1","0","0"
"POINT (13.406422644000031 52.427481519000082)","Unfall 210781 (2021) Kat:3, Licht: 0","210781","3","3","5","04","16","4","","0","1","1","0","0"
"POINT (13.241341138000053 52.538597313000082)","Unfall 210782 (2021) Kat:3, Licht: 0","210782","3","3","2","05","13","2","","0","0","1","0","0"
"POINT (13.274981118000028 52.512839568000061)","Unfall 210783 (2021) Kat:3, Licht: 0","210783","3","2","2","05","19","4","","0","0","1","0","0"
"POINT (13.370543663000035 52.468920953000065)","Unfall 210784 (2021) Kat:3, Licht: 0","210784","3","3","5","03","14","5","","0","0","1","0","0"
"POINT (13.462571366000077 52.423356114000057)","Unfall 210785 (2021) Kat:3, Licht: 0","210785","3","6","2","04","18","5","","0","0","1","0","0"
"POINT (13.329665932000069 52.507383361000052)","Unfall 210786 (2021) Kat:3, Licht: 0","210786","3","7","6","03","15","1","","0","0","1","1","0"
"POINT (13.440570429000047 52.501788834000081)","Unfall 210787 (2021) Kat:3, Licht: 0","210787","3","7","4","04","19","4","","0","1","0","1","0"
"POINT (13.398088697000048 52.465142455000034)","Unfall 210788 (2021) Kat:3, Licht: 0","210788","3","3","5","05","14","4","","0","0","0","0","1"
"POINT (13.379906853000023 52.551415248000069)","Unfall 210789 (2021) Kat:3, Licht: 0","210789","3","5","1","04","17","5","","0","0","1","0","1"
"POINT (13.326325225000062 52.447512669000048)","Unfall 210790 (2021) Kat:2, Licht: 0","210790","2","3","5","04","14","1","","0","0","1","0","0"
"POINT (13.441926041000045 52.554787937000071)","Unfall 210791 (2021) Kat:3, Licht: 0","210791","3","6","2","05","14","5","","0","0","1","0","0"
"POINT (13.336717092000072 52.526582764000068)","Unfall 210792 (2021) Kat:3, Licht: 1","210792","3","5","1","05","20","6","","1","1","1","0","0"
"POINT (13.411030121000067 52.553988318000052)","Unfall 210793 (2021) Kat:3, Licht: 0","210793","3","2","5","05","11","2","","0","0","1","0","0"
"POINT (13.346476698000060 52.597141271000055)","Unfall 210794 (2021) Kat:3, Licht: 0","210794","3","6","2","05","15","2","","0","0","1","0","0"
"POINT (13.440898280000056 52.460894417000077)","Unfall 210795 (2021) Kat:3, Licht: 0","210795","3","3","5","04","13","2","","0","1","1","0","0"
"POINT (13.327687059000027 52.524283792000062)","Unfall 210796 (2021) Kat:3, Licht: 0","210796","3","7","0","05","13","2","","0","1","0","0","0"
"POINT (13.382767745000024 52.553951186000063)","Unfall 210797 (2021) Kat:2, Licht: 0","210797","2","3","5","03","08","4","","0","0","1","0","0"
"POINT (13.436524798000050 52.492562784000029)","Unfall 210798 (2021) Kat:2, Licht: 0","210798","2","5","5","04","09","4","","0","1","1","0","0"
"POINT (13.478632204000064 52.442782384000054)","Unfall 210799 (2021) Kat:3, Licht: 0","210799","3","5","2","05","13","4","","0","0","1","0","0"
"POINT (13.285234163000041 52.479668334000053)","Unfall 210800 (2021) Kat:3, Licht: 0","210800","3","2","5","05","19","1","","0","0","1","0","0"
"POINT (13.207076264000023 52.533318001000055)","Unfall 210801 (2021) Kat:3, Licht: 0","210801","3","2","5","03","16","4","","0","1","1","0","0"
"POINT (13.423141668000028 52.486786060000043)","Unfall 210802 (2021) Kat:3, Licht: 0","210802","3","2","5","04","09","6","","0","1","1","0","0"
"POINT (13.408658990000049 52.537551260000043)","Unfall 210803 (2021) Kat:3, Licht: 2","210803","3","5","1","05","22","4","","2","0","1","0","1"
"POINT (13.390717481000024 52.492172207000067)","Unfall 210804 (2021) Kat:3, Licht: 2","210804","3","3","5","05","20","4","","2","0","1","0","0"
"POINT (13.434435244000042 52.549558722000029)","Unfall 210805 (2021) Kat:3, Licht: 0","210805","3","2","5","05","16","2","","0","0","1","0","0"
"POINT (13.495738532000075 52.522959784000079)","Unfall 210806 (2021) Kat:2, Licht: 0","210806","2","3","0","04","11","2","","0","0","1","0","0"
"POINT (13.558328210000070 52.455510521000065)","Unfall 210807 (2021) Kat:3, Licht: 0","210807","3","6","2","03","19","3","","0","0","1","0","0"
"POINT (13.699536561000059 52.422579195000026)","Unfall 210808 (2021) Kat:3, Licht: 0","210808","3","3","5","05","15","2","","0","1","0","0","0"
"POINT (13.430083120000063 52.510542571000030)","Unfall 210809 (2021) Kat:3, Licht: 0","210809","3","4","6","04","12","3","","0","0","1","1","0"
"POINT (13.396359276000055 52.396744524000042)","Unfall 210810 (2021) Kat:3, Licht: 2","210810","3","3","5","04","05","5","","2","1","1","0","0"
"POINT (13.353444026000034 52.501405348000048)","Unfall 210811 (2021) Kat:3, Licht: 0","210811","3","7","5","03","12","3","","0","0","1","0","1"