WKT,Name,OBJECTID,UKATEGORIE,UTYP1,UART,UMONAT,USTUNDE,UWOCHENTAG,STRZUSTAND,ULICHTVERH,ISTRAD,ISTPKW,ISTFUSS,ISTKRAD
"POINT (13.377610863000029 52.442585277000035)","Unfall 210812 (2021) Kat:3, Licht: 0","210812","3","6","2","04","14","4","","0","0","1","0","0"
"POINT (13.273507025000072 52.508972828000026)","Unfall 210813 (2021) Kat:3, Licht: 0","210813","3","6","2","05","15","6","","0","0","1","0","0"
"POINT (13.450130795000064 52.486041553000064)","Unfall 210814 (2021) Kat:3, Licht: 0","210814","3","7","5","04","13","6","","0","0","1","0","1"
"POINT (13.562498859000073 52.499634525000033)","Unfall 210815 (2021) Kat:3, Licht: 0","210815","3","6","2","05","15","3","","0","0","1","0","0"
"POINT (13.589442768000026 52.527859153000065)","Unfall 210816 (2021) Kat:3, Licht: 0","210816","3","7","0","05","16","3","","0","0","1","0","0"
"POINT (13.533647382000026 52.517654803000028)","Unfall 210817 (2021) Kat:3, Licht: 0","210817","3","5","4","03","09","6","","0","1","1","0","0"
"POINT (13.225862300000074 52.627740374000041)","Unfall 210818 (2021) Kat:3, Licht: 0","210818","3","2","0","04","10","1","","0","1","0","0","1"
"POINT (13.571872755000072 52.546768719000056)","Unfall 210819 (2021) Kat:3, Licht: 0","210819","3","6","2","03","07","3","","0","0","1","0","0"
"POINT (13.434711254000035 52.461924265000050)","Unfall 210820 (2021) Kat:3, Licht: 0","210820","3","6","0","04","15","5","","0","0","0","0","0"
"POINT (13.327874221000059 52.472432837000042)","Unfall 210821 (2021) Kat:3, Licht: 0","210821","3","2","5","05","15","4","","0","1","1","0","0"
"POINT (13.376531762000070 52.487706101000072)","Unfall 210822 (2021) Kat:3, Licht: 0","210822","3","2","5","04","16","3","","0","1","0","0","0"
"POINT (13.334308124000074 52.541129562000037)","Unfall 210823 (2021) Kat:3, Licht: 0","210823","3","6","2","04","12","7","","0","0","1","0","0"
"POINT (13.379174286000023 52.553013158000056)","Unfall 210824 (2021) Kat:3, Licht: 0","210824","3","6","2","04","13","3","","0","0","1","0","0"
"POINT (13.375841713000057 52.509248065000065)","Unfall 210825 (2021) Kat:3, Licht: 0","210825","3","7","2","05","18","5","","0","0","1","0","0"
"POINT (13.311922978000041 52.567931830000077)","Unfall 210826 (2021) Kat:2, Licht: 0","210826","2","2","5","04","15","1","","0","0","1","0","1"
"POINT (13.485539800000026 52.506693779000045)","Unfall 210827 (2021) Kat:3, Licht: 2","210827","3","5","1","05","00","7","","2","0","0","0","1"
"POINT (13.272810832000062 52.409636140000032)","Unfall 210828 (2021) Kat:2, Licht: 0","210828","2","6","0","04","15","4","","0","0","1","0","1"
"POINT (13.431253218000052 52.467872351000040)","Unfall 210829 (2021) Kat:3, Licht: 0","210829","3","1","0","05","15","2","","0","1","0","0","0"
"POINT (13.416415843000038 52.499639694000052)","Unfall 210830 (2021) Kat:3, Licht: 0","210830","3","5","1","04","17","7","","0","0","1","0","0"
"POINT (13.310802298000056 52.442943624000065)","Unfall 210831 (2021) Kat:3, Licht: 0","210831","3","3","5","05","12","2","","0","1","1","0","0"
"POINT (13.326566815000035 52.564472076000072)","Unfall 210832 (2021) Kat:3, Licht: 2","210832","3","5","1","03","19","5","","2","1","1","0","0"
"POINT (13.326236970000025 52.538038424000035)","Unfall 210833 (2021) Kat:3, Licht: 0","210833","3","2","5","04","16","5","","0","0","1","0","0"
"POINT (13.435669579000034 52.424665384000036)","Unfall 210834 (2021) Kat:3, Licht: 0","210834","3","6","2","03","16","2","","0","1","1","0","0"
"POINT (13.395074516000022 52.507976364000058)","Unfall 210835 (2021) Kat:3, Licht: 0","210835","3","3","5","04","15","3","","0","0","1","0","1"
"POINT (13.374036383000032 52.597608660000049)","Unfall 210836 (2021) Kat:3, Licht: 0","210836","3","6","3","05","07","4","","0","1","0","0","0"
"POINT (13.426995974000022 52.552211854000063)","Unfall 210837 (2021) Kat:2, Licht: 0","210837","2","3","5","03","14","4","","0","1","1","0","0"
"POINT (13.427009674000033 52.552209564000066)","Unfall 210838 (2021) Kat:3, Licht: 0","210838","3","3","5","04","15","2","","0","1","1","0","0"
"POINT (13.430005976000075 52.523288282000067)","Unfall 210839 (2021) Kat:3, Licht: 0","210839","3","2","5","05","07","5","","0","1","0","0","0"
"POINT (13.408902904000058 52.504164354000068)","Unfall 210840 (2021) Kat:3, Licht: 0","210840","3","2","5","05","11","6","","0","1","0","0","0"
"POINT (13.361397956000076 52.547725982000031)","Unfall 210841 (2021) Kat:3, Licht: 0","210841","3","6","2","05","13","2","","0","0","1","0","0"
"POINT (13.335740320000070 52.513625659000070)","Unfall 210842 (2021) Kat:3, Licht: 0","210842","3","2","5","04","08","2","","0","1","1","0","0"
"POINT (13.291537411000036 52.641951747000064)","Unfall 210843 (2021) Kat:3, Licht: 0","210843","3","3","5","05","13","7","","0","0","1","0","0"
"POINT (13.409929864000048 52.439047315000039)","Unfall 210844 (2021) Kat:3, Licht: 0","210844","3","7","2","05","14","1","","0","0","1","0","0"
"POINT (13.469726480000077 52.502330331000053)","Unfall 210845 (2021) Kat:3, Licht: 0","210845","3","6","2","04","18","1","","0","0","1","0","0"
"POINT (13.460194512000044 52.431892350000055)","Unfall 210846 (2021) Kat:3, Licht: 0","210846","3","2","5","04","14","7","","0","0","1","0","0"
"POINT (13.551745945000050 52.428478753000036)","Unfall 210847 (2021) Kat:3, Licht: 0","210847","3","2","5","05","17","1","","0","1","1","0","0"
"POINT (13.335451684000077 52.565181910000035)","Unfall 210848 (2021) Kat:3, Licht: 0","210848","3","2","5","04","18","4","","0","0","1","0","0"
"POINT (13.299411978000023 52.506842421000044)","Unfall 210849 (2021) Kat:3, Licht: 1","210849","3","7","0","05","20","2","","1","0","0","0","1"
"POINT (13.434471914000028 52.416154847000030)","Unfall 210850 (2021) Kat:3, Licht: 2","210850","3","5","1","04","19","1","","2","1","1","0","0"
"POINT (13.552798516000053 52.427763571000071)","Unfall 210851 (2021) Kat:3, Licht: 0","210851","3","2","0","05","06","3","","0","1","0","0","0"
"POINT (13.354369576000067 52.499182718000043)","Unfall 210852 (2021) Kat:3, Licht: 2","210852","3","2","6","03","22","5","","2","0","1","1","0"
"POINT (13.506241955000064 52.536563859000069)","Unfall 210853 (2021) Kat:2, Licht: 0","210853","2","7","1","04","15","5","","0","0","1","0","0"
"POINT (13.488456801000041 52.617815499000073)","Unfall 210854 (2021) Kat:3, Licht: 0","210854","3","3","5","03","15","1","","0","0","1","0","1"
"POINT (13.311614071000065 52.468175999000039)","Unfall 210855 (2021) Kat:3, Licht: 0","210855","3","3","5","04","19","3","","0","0","1","0","0"
"POINT (13.197975546000066 52.517463329000066)","Unfall 210856 (2021) Kat:3, Licht: 2","210856","3","5","1","05","20","5","","2","0","1","0","0"
"POINT (13.344822688000022 52.461899421000055)","Unfall 210857 (2021) Kat:3, Licht: 0","210857","3","6","2","04","11","2","","0","0","1","0","0"
"POINT (13.230223939000041 52.542106580000052)","Unfall 210858 (2021) Kat:3, Licht: 0","210858","3","6","2","04","12","3","","0","0","1","0","0"
"POINT (13.564993022000067 52.445468137000034)","Unfall 210859 (2021) Kat:3, Licht: 0","210859","3","3","5","04","14","5","","0","0","1","0","0"
"POINT (13.601162740000063 52.536846267000044)","Unfall 210860 (2021) Kat:3, Licht: 0","210860","3","3","5","04","17","1","","0","0","1","0","0"
"POINT (13.285236973000053 52.512872923000032)","Unfall 210861 (2021) Kat:3, Licht: 0","210861","3","3","0","05","13","4","","0","1","1","0","0"
"POINT (13.502828886000032 52.460335330000078)","Unfall 210862 (2021) Kat:2, Licht: 1","210862","2","1","8","05","20","7","","1","0","1","0","0"
"POINT (13.157979235000028 52.543055874000061)","Unfall 210863 (2021) Kat:2, Licht: 0","210863","2","2","2","05","14","3","","0","0","1","0","1"
"POINT (13.320833990000040 52.455186532000027)","Unfall 210864 (2021) Kat:3, Licht: 2","210864","3","7","6","05","21","7","","2","0","0","1","0"
"POINT (13.330723689000024 52.562588545000040)","Unfall 210865 (2021) Kat:3, Licht: 0","210865","3","2","5","05","14","2","","0","1","0","0","0"
"POINT (13.305139749000034 52.495580267000037)","Unfall 210866 (2021) Kat:3, Licht: 0","210866","3","3","0","04","10","2","","0","1","1","0","0"
"POINT (13.261408306000021 52.517872417000035)","Unfall 210867 (2021) Kat:3, Licht: 0","210867","3","3","5","05","18","7","","0","0","1","0","0"
"POINT (13.471587312000054 52.453452900000059)","Unfall 210868 (2021) Kat:3, Licht: 0","210868","3","6","2","03","13","4","","0","0","1","0","0"
"POINT (13.277971482000055 52.518354067000075)","Unfall 210869 (2021) Kat:3, Licht: 0","210869","3","2","5","04","14","4","","0","1","1","0","0"
"POINT (13.313937342000031 52.499107874000060)","Unfall 210870 (2021) Kat:3, Licht: 0","210870","3","4","6","05","15","2","","0","0","1","1","0"
"POINT (13.358021303000044 52.488691633000030)","Unfall 210871 (2021) Kat:3, Licht: 0","210871","3","5","1","04","16","6","","0","1","1","0","0"
"POINT (13.377467793000051 52.556574416000046)","Unfall 210872 (2021) Kat:3, Licht: 0","210872","3","6","3","05","19","4","","0","0","1","0","0"
"POINT (13.600653003000048 52.479120469000065)","Unfall 210873 (2021) Kat:3, Licht: 0","210873","3","3","5","05","13","5","","0","0","1","0","0"
"POINT (13.197660082000027 52.523180030000049)","Unfall 210874 (2021) Kat:3, Licht: 0","210874","3","5","1","05","18","2","","0","0","1","0","0"
"POINT (13.284073035000063 52.445668399000056)","Unfall 210875 (2021) Kat:3, Licht: 0","210875","3","2","5","03","12","7","","0","0","1","0","0"
"POINT (13.495614569000054 52.540107440000043)","Unfall 210876 (2021) Kat:3, Licht: 0","210876","3","5","1","04","11","2","","0","0","1","0","0"
"POINT (13.256522659000041 52.429128066000033)","Unfall 210877 (2021) Kat:3, Licht: 2","210877","3","2","0","03","21","4","","2","0","1","0","1"
"POINT (13.309414762000074 52.499079759000040)","Unfall 210878 (2021) Kat:3, Licht: 0","210878","3","7","2","05","17","6","","0","0","1","0","1"
"POINT (13.674553324000044 52.419411971000045)","Unfall 210879 (2021) Kat:3, Licht: 0","210879","3","6","3","05","20","5","","0","1","1","0","0"
"POINT (13.432747574000075 52.557376775000080)","Unfall 210880 (2021) Kat:3, Licht: 0","210880","3","1","0","04","11","3","","0","0","0","0","0"
"POINT (13.341732346000072 52.450595439000040)","Unfall 210881 (2021) Kat:3, Licht: 0","210881","3","2","5","04","14","5","","0","0","1","0","1"
"POINT (13.478066725000076 52.442143978000047)","Unfall 210882 (2021) Kat:3, Licht: 1","210882","3","3","5","03","17","3","","1","1","1","0","0"
"POINT (13.428713574000028 52.547784378000074)","Unfall 210883 (2021) Kat:3, Licht: 0","210883","3","3","5","04","19","3","","0","1","1","0","0"
"POINT (13.280809131000069 52.518357744000070)","Unfall 210884 (2021) Kat:3, Licht: 0","210884","3","6","2","05","10","7","","0","0","1","0","0"
"POINT (13.200600587000054 52.549289406000071)","Unfall 210885 (2021) Kat:2, Licht: 0","210885","2","4","6","04","16","5","","0","0","1","1","0"
"POINT (13.361788454000077 52.497746569000071)","Unfall 210886 (2021) Kat:3, Licht: 1","210886","3","6","2","05","20","3","","1","0","1","0","0"
"POINT (13.628888809000046 52.423983673000066)","Unfall 210887 (2021) Kat:3, Licht: 0","210887","3","6","2","05","10","4","","0","0","1","0","0"
"POINT (13.451895992000061 52.452477741000052)","Unfall 210888 (2021) Kat:3, Licht: 0","210888","3","2","5","03","12","6","","0","1","1","0","0"
"POINT (13.348452326000029 52.541772723000065)","Unfall 210889 (2021) Kat:3, Licht: 0","210889","3","3","5","04","18","7","","0","0","1","0","0"
"POINT (13.223847753000030 52.437466912000048)","Unfall 210890 (2021) Kat:2, Licht: 0","210890","2","3","5","03","16","3","","0","1","0","0","0"
"POINT (13.340979499000071 52.499934849000056)","Unfall 210891 (2021) Kat:3, Licht: 0","210891","3","2","2","04","10","4","","0","0","1","0","0"
"POINT (13.338125102000049 52.523299031000079)","Unfall 210892 (2021) Kat:2, Licht: 0","210892","2","5","1","05","15","4","","0","1","1","0","0"
"POINT (13.123013710000066 52.471936020000044)","Unfall 210893 (2021) Kat:2, Licht: 0","210893","2","3","5","04","11","4","","0","0","1","0","0"
"POINT (13.312852933000045 52.574187673000040)","Unfall 210894 (2021) Kat:3, Licht: 1","210894","3","7","6","04","18","5","","1","1","0","1","0"
"POINT (13.463183149000031 52.511520134000079)","Unfall 210895 (2021) Kat:3, Licht: 0","210895","3","3","5","04","15","3","","0","0","1","0","1"
"POINT (13.391937603000031 52.563769633000049)","Unfall 210896 (2021) Kat:2, Licht: 1","210896","2","7","6","05","20","5","","1","0","1","1","0"
"POINT (13.373675907000063 52.467048066000075)","Unfall 210897 (2021) Kat:3, Licht: 2","210897","3","7","1","04","23","7","","2","0","1","0","1"
"POINT (13.497272371000065 52.418515536000029)","Unfall 210898 (2021) Kat:3, Licht: 0","210898","3","3","5","05","12","7","","0","1","0","0","0"
"POINT (13.542516705000025 52.419329542000071)","Unfall 210899 (2021) Kat:3, Licht: 2","210899","3","2","5","04","07","4","","2","1","1","0","0"
"POINT (13.340954865000072 52.505111491000036)","Unfall 210900 (2021) Kat:3, Licht: 0","210900","3","3","5","05","14","2","","0","1","1","0","0"
"POINT (13.615496930000063 52.429699156000027)","Unfall 210901 (2021) Kat:3, Licht: 0","210901","3","6","4","04","15","1","","0","0","1","0","0"
"POINT (13.532265244000030 52.461726275000046)","Unfall 210902 (2021) Kat:3, Licht: 0","210902","3","2","0","05","10","2","","0","1","1","0","0"
"POINT (13.568053001000067 52.454015179000066)","Unfall 210903 (2021) Kat:3, Licht: 0","210903","3","7","6","03","15","5","","0","0","0","1","1"
"POINT (13.280042450000053 52.506408722000060)","Unfall 210904 (2021) Kat:3, Licht: 0","210904","3","3","5","04","11","6","","0","1","0","0","0"
"POINT (13.539966660000061 52.539579884000034)","Unfall 210905 (2021) Kat:3, Licht: 0","210905","3","6","2","03","13","2","","0","0","1","0","0"
"POINT (13.444798258000048 52.499587050000059)","Unfall 210906 (2021) Kat:3, Licht: 0","210906","3","6","2","04","15","3","","0","0","1","0","0"
"POINT (13.375493684000048 52.537831603000029)","Unfall 210907 (2021) Kat:2, Licht: 0","210907","2","5","1","05","18","4","","0","1","1","0","0"
"POINT (13.349876592000044 52.534531171000026)","Unfall 210908 (2021) Kat:3, Licht: 0","210908","3","5","1","04","12","5","","0","0","1","0","1"
"POINT (13.208023497000056 52.558177310000076)","Unfall 210909 (2021) Kat:3, Licht: 0","210909","3","2","5","04","08","2","","0","1","0","0","0"
"POINT (13.402479378000066 52.494101635000050)","Unfall 210910 (2021) Kat:3, Licht: 1","210910","3","7","5","04","19","4","","1","0","1","0","0"
"POINT (13.432075466000072 52.546529903000078)","Unfall 210911 (2021) Kat:3, Licht: 0","210911","3","3","5","05","17","5","","0","1","1","0","0"
"POINT (13.521624652000071 52.553960078000046)","Unfall 210912 (2021) Kat:3, Licht: 0","210912","3","1","0","05","10","6","","0","0","0","0","1"
"POINT (13.539001797000026 52.539407343000050)","Unfall 210913 (2021) Kat:3, Licht: 0","210913","3","6","3","05","05","3","","0","0","1","0","0"
"POINT (13.429696846000070 52.551175782000030)","Unfall 210914 (2021) Kat:1, Licht: 0","210914","1","7","6","04","16","3","","0","0","0","1","0"
"POINT (13.273980258000051 52.435606039000049)","Unfall 210915 (2021) Kat:3, Licht: 0","210915","3","7","1","05","17","7","","0","0","1","0","0"
"POINT (13.347430923000047 52.459263881000027)","Unfall 210916 (2021) Kat:3, Licht: 2","210916","3","6","2","05","21","1","","2","0","1","0","0"
"POINT (13.373120662000076 52.542299916000047)","Unfall 210917 (2021) Kat:3, Licht: 0","210917","3","3","5","04","08","2","","0","1","1","0","0"
"POINT (13.454152883000063 52.562252930000056)","Unfall 210918 (2021) Kat:3, Licht: 0","210918","3","2","0","04","13","7","","0","1","1","0","0"
"POINT (13.426884506000022 52.475886374000027)","Unfall 210919 (2021) Kat:3, Licht: 0","210919","3","7","2","03","14","4","","0","1","1","0","0"
"POINT (13.354962159000024 52.427617500000053)","Unfall 210920 (2021) Kat:3, Licht: 1","210920","3","4","6","04","07","3","","1","0","1","1","0"
"POINT (13.421025305000057 52.499171851000028)","Unfall 210921 (2021) Kat:3, Licht: 0","210921","3","6","2","05","18","7","","0","0","1","0","0"
"POINT (13.432595324000033 52.523164473000065)","Unfall 210922 (2021) Kat:3, Licht: 0","210922","3","6","3","04","12","7","","0","0","1","0","0"
"POINT (13.251058943000032 52.450090929000055)","Unfall 210923 (2021) Kat:3, Licht: 2","210923","3","2","5","05","22","4","","2","1","1","0","0"
"POINT (13.602319566000062 52.535949878000054)","Unfall 210924 (2021) Kat:3, Licht: 0","210924","3","3","5","05","14","6","","0","0","1","0","0"
"POINT (13.477879340000072 52.514609449000034)","Unfall 210925 (2021) Kat:3, Licht: 0","210925","3","6","2","05","15","2","","0","0","1","0","0"
"POINT (13.310463293000055 52.622016173000077)","Unfall 210926 (2021) Kat:3, Licht: 0","210926","3","5","1","03","17","1","","0","0","1","0","0"
"POINT (13.527044314000022 52.515990454000075)","Unfall 210927 (2021) Kat:3, Licht: 0","210927","3","5","1","04","09","7","","0","0","1","0","0"
"POINT (13.349632511000038 52.535095803000047)","Unfall 210928 (2021) Kat:3, Licht: 0","210928","3","2","5","03","16","4","","0","1","1","0","0"
"POINT (13.398149075000049 52.584888402000047)","Unfall 210929 (2021) Kat:2, Licht: 0","210929","2","3","5","04","11","5","","0","0","1","0","0"
"POINT (13.624405394000064 52.455085975000031)","Unfall 210930 (2021) Kat:1, Licht: 0","210930","1","7","6","05","12","6","","0","0","1","1","0"
"POINT (13.293688676000045 52.533898100000044)","Unfall 210931 (2021) Kat:3, Licht: 0","210931","3","1","0","04","12","4","","0","0","0","0","1"
"POINT (13.329640321000056 52.522878058000060)","Unfall 210932 (2021) Kat:3, Licht: 0","210932","3","6","3","03","07","3","","0","0","1","0","0"
"POINT (13.625161868000077 52.454534419000026)","Unfall 210933 (2021) Kat:3, Licht: 0","210933","3","1","0","04","15","3","","0","1","0","0","0"
"POINT (13.220904733000054 52.606251333000046)","Unfall 210934 (2021) Kat:3, Licht: 0","210934","3","6","2","05","17","6","","0","1","1","0","0"
"POINT (13.286986562000038 52.586197737000077)","Unfall 210935 (2021) Kat:2, Licht: 0","210935","2","3","5","04","17","2","","0","0","1","0","0"
"POINT (13.408237043000042 52.498484436000069)","Unfall 210936 (2021) Kat:3, Licht: 0","210936","3","4","6","04","11","6","","0","0","0","1","1"
"POINT (13.333912262000069 52.543635695000035)","Unfall 210937 (2021) Kat:3, Licht: 0","210937","3","5","5","03","17","4","","0","0","1","0","0"
"POINT (13.324301488000060 52.564932910000039)","Unfall 210938 (2021) Kat:3, Licht: 0","210938","3","2","5","04","18","4","","0","1","1","0","0"
"POINT (13.383052153000051 52.542315235000046)","Unfall 210939 (2021) Kat:3, Licht: 0","210939","3","6","2","05","14","1","","0","0","1","0","1"
"POINT (13.406461909000029 52.565380691000030)","Unfall 210940 (2021) Kat:3, Licht: 2","210940","3","3","5","04","00","7","","2","0","1","0","0"
"POINT (13.410574993000068 52.510156852000080)","Unfall 210941 (2021) Kat:3, Licht: 0","210941","3","5","1","05","17","4","","0","1","1","0","0"
"POINT (13.522215748000065 52.428460949000055)","Unfall 210942 (2021) Kat:3, Licht: 0","210942","3","3","5","05","16","6","","0","1","1","0","0"
"POINT (13.452564168000038 52.534136962000048)","Unfall 210943 (2021) Kat:3, Licht: 0","210943","3","3","5","05","07","2","","0","0","1","0","1"
"POINT (13.332912735000036 52.577856305000068)","Unfall 210944 (2021) Kat:3, Licht: 0","210944","3","7","5","03","10","7","","0","0","1","0","0"
"POINT (13.353457790000050 52.492676237000069)","Unfall 210945 (2021) Kat:3, Licht: 0","210945","3","5","1","04","18","6","","0","1","1","0","0"
"POINT (13.284209911000062 52.485297729000081)","Unfall 210946 (2021) Kat:3, Licht: 0","210946","3","3","5","03","19","4","","0","1","1","0","0"
"POINT (13.196973057000037 52.553843409000081)","Unfall 210947 (2021) Kat:3, Licht: 0","210947","3","2","5","05","15","6","","0","1","1","0","0"
"POINT (13.322072404000039 52.565559707000034)","Unfall 210948 (2021) Kat:3, Licht: 0","210948","3","4","2","05","12","6","","0","0","1","1","0"
"POINT (13.424530024000035 52.486211149000042)","Unfall 210949 (2021) Kat:3, Licht: 0","210949","3","3","5","04","10","6","","0","1","0","0","1"
"POINT (13.376809482000056 52.509502179000037)","Unfall 210950 (2021) Kat:2, Licht: 2","210950","2","2","6","03","03","3","","2","0","1","1","0"
"POINT (13.438775337000038 52.555645814000059)","Unfall 210951 (2021) Kat:3, Licht: 0","210951","3","1","9","04","17","3","","0","0","1","0","0"
"POINT (13.511100612000064 52.444898879000050)","Unfall 210952 (2021) Kat:3, Licht: 0","210952","3","2","5","05","05","7","","0","1","1","0","0"
"POINT (13.593425001000071 52.442496823000056)","Unfall 210953 (2021) Kat:3, Licht: 0","210953","3","2","2","04","13","3","","0","0","1","0","0"
"POINT (13.350431965000041 52.596378704000074)","Unfall 210954 (2021) Kat:3, Licht: 0","210954","3","6","2","04","11","6","","0","0","1","0","0"
"POINT (13.377257011000040 52.553638665000051)","Unfall 210955 (2021) Kat:3, Licht: 0","210955","3","2","5","05","12","3","","0","1","1","0","0"
"POINT (13.443961145000060 52.500115644000061)","Unfall 210956 (2021) Kat:3, Licht: 1","210956","3","3","5","05","18","4","","1","1","1","0","0"
"POINT (13.389309571000069 52.550147512000080)","Unfall 210957 (2021) Kat:2, Licht: 1","210957","2","5","1","03","19","7","","1","1","1","0","0"
"POINT (13.388852950000057 52.499377927000069)","Unfall 210958 (2021) Kat:3, Licht: 0","210958","3","2","5","04","06","5","","0","0","1","0","0"
"POINT (13.174894520000066 52.513717989000043)","Unfall 210959 (2021) Kat:3, Licht: 0","210959","3","2","5","03","14","3","","0","1","1","0","0"
"POINT (13.219849763000070 52.560242793000043)","Unfall 210960 (2021) Kat:3, Licht: 1","210960","3","3","5","04","20","4","","1","1","1","0","0"
"POINT (13.126714382000046 52.468143548000057)","Unfall 210961 (2021) Kat:3, Licht: 0","210961","3","6","2","05","15","4","","0","0","1","0","0"
"POINT (13.455879279000044 52.473884366000050)","Unfall 210962 (2021) Kat:2, Licht: 0","210962","2","3","5","04","16","4","","0","0","1","1","0"
"POINT (13.281732112000043 52.511531209000054)","Unfall 210963 (2021) Kat:3, Licht: 0","210963","3","7","0","04","15","5","","0","0","0","0","1"
"POINT (13.336087268000028 52.433496690000027)","Unfall 210964 (2021) Kat:3, Licht: 0","210964","3","3","5","04","16","2","","0","1","0","0","1"
"POINT (13.394219697000040 52.564981390000071)","Unfall 210965 (2021) Kat:3, Licht: 0","210965","3","3","5","05","13","6","","0","1","0","0","0"
"POINT (13.290016920000028 52.470149857000081)","Unfall 210966 (2021) Kat:3, Licht: 0","210966","3","3","5","04","12","4","","0","1","1","0","0"
"POINT (13.244147388000044 52.544040323000047)","Unfall 210967 (2021) Kat:3, Licht: 0","210967","3","2","5","05","15","1","","0","1","1","0","0"
"POINT (13.481983455000034 52.506444798000075)","Unfall 210968 (2021) Kat:2, Licht: 0","210968","2","7","2","04","14","4","","0","0","1","0","1"
"POINT (13.271719483000027 52.546040540000035)","Unfall 210969 (2021) Kat:3, Licht: 2","210969","3","1","0","05","02","2","","2","1","0","0","0"
"POINT (13.319185182000069 52.486522940000043)","Unfall 210970 (2021) Kat:3, Licht: 0","210970","3","7","5","04","15","1","","0","1","1","0","0"
"POINT (13.440438039000071 52.483603004000031)","Unfall 210971 (2021) Kat:3, Licht: 0","210971","3","5","1","05","13","3","","0","1","1","0","0"
"POINT (13.376696834000029 52.489016509000066)","Unfall 210972 (2021) Kat:3, Licht: 0","210972","3","7","0","03","12","5","","0","1","0","0","0"
"POINT (13.372190241000055 52.555857258000060)","Unfall 210973 (2021) Kat:3, Licht: 2","210973","3","5","3","04","20","4","","2","0","1","0","0"
"POINT (13.362581666000040 52.493878868000081)","Unfall 210974 (2021) Kat:3, Licht: 0","210974","3","3","0","03","19","1","","0","1","0","0","0"
"POINT (13.435191704000033 52.426462897000079)","Unfall 210975 (2021) Kat:3, Licht: 0","210975","3","5","1","05","09","3","","0","0","1","0","0"
"POINT (13.344979809000051 52.491445270000042)","Unfall 210976 (2021) Kat:3, Licht: 0","210976","3","6","2","03","13","4","","0","0","1","0","1"
"POINT (13.413603742000078 52.488397868000050)","Unfall 210977 (2021) Kat:3, Licht: 0","210977","3","3","5","04","15","1","","0","1","1","0","0"
"POINT (13.285563170000046 52.479351120000047)","Unfall 210978 (2021) Kat:2, Licht: 0","210978","2","7","2","05","17","5","","0","0","1","1","0"
"POINT (13.532715789000065 52.513037863000079)","Unfall 210979 (2021) Kat:3, Licht: 2","210979","3","1","1","05","22","6","","2","0","1","0","0"
"POINT (13.363065440000071 52.580189597000071)","Unfall 210980 (2021) Kat:3, Licht: 0","210980","3","3","5","05","17","3","","0","1","1","0","0"
"POINT (13.424137122000047 52.441621306000059)","Unfall 210981 (2021) Kat:3, Licht: 0","210981","3","2","2","04","08","3","","0","0","1","0","0"
"POINT (13.278596838000055 52.470996540000044)","Unfall 210982 (2021) Kat:3, Licht: 0","210982","3","3","5","05","17","7","","0","0","1","0","0"
"POINT (13.195341596000048 52.535473174000060)","Unfall 210983 (2021) Kat:3, Licht: 0","210983","3","6","2","05","13","7","","0","0","1","0","1"
"POINT (13.548603826000033 52.427639762000069)","Unfall 210984 (2021) Kat:2, Licht: 1","210984","2","6","2","04","18","4","","1","0","1","0","0"
"POINT (13.468887456000061 52.531350424000038)","Unfall 210985 (2021) Kat:3, Licht: 2","210985","3","2","5","03","19","4","","2","1","1","0","0"
"POINT (13.440300832000048 52.419357307000041)","Unfall 210986 (2021) Kat:3, Licht: 0","210986","3","3","5","04","12","4","","0","0","1","0","1"
"POINT (13.422454848000029 52.559874699000034)","Unfall 210987 (2021) Kat:3, Licht: 0","210987","3","7","5","04","15","5","","0","1","1","0","0"
"POINT (13.217733578000036 52.560386472000062)","Unfall 210988 (2021) Kat:3, Licht: 0","210988","3","3","5","04","10","6","","0","0","1","0","0"
"POINT (13.414094311000042 52.511322614000051)","Unfall 210989 (2021) Kat:2, Licht: 0","210989","2","3","5","05","17","4","","0","1","1","0","0"
"POINT (13.346600265000063 52.566968053000039)","Unfall 210990 (2021) Kat:3, Licht: 0","210990","3","2","2","05","16","5","","0","0","1","0","0"
"POINT (13.339695433000031 52.587028053000040)","Unfall 210991 (2021) Kat:2, Licht: 0","210991","2","1","0","05","09","2","","0","0","1","0","0"
"POINT (13.377428461000022 52.522160937000081)","Unfall 210992 (2021) Kat:3, Licht: 0","210992","3","3","5","03","14","6","","0","1","1","0","0"
"POINT (13.413557276000063 52.549650054000040)","Unfall 210993 (2021) Kat:3, Licht: 0","210993","3","4","6","04","08","1","","0","0","1","1","0"
"POINT (13.575259491000054 52.453838953000059)","Unfall 210994 (2021) Kat:3, Licht: 0","210994","3","3","5","03","09","3","","0","1","1","0","0"
"POINT (13.165286974000026 52.551119460000052)","Unfall 210995 (2021) Kat:3, Licht: 0","210995","3","2","5","04","10","4","","0","0","1","0","0"
"POINT (13.350033240000073 52.545082435000040)","Unfall 210996 (2021) Kat:3, Licht: 0","210996","3","3","5","05","19","6","","0","0","1","0","0"
"POINT (13.504274365000072 52.419887621000044)","Unfall 210997 (2021) Kat:2, Licht: 1","210997","2","7","6","04","18","3","","1","0","0","1","1"
"POINT (13.199476756000024 52.534763997000027)","Unfall 210998 (2021) Kat:3, Licht: 0","210998","3","3","5","03","14","2","","0","0","1","0","0"