WKT,Name,OBJECTID,UKATEGORIE,UTYP1,UART,UMONAT,USTUNDE,UWOCHENTAG,STRZUSTAND,ULICHTVERH,ISTRAD,ISTPKW,ISTFUSS,ISTKRAD
"POINT (13.549188173000061 52.430129479000072)","Unfall 210999 (2021) Kat:3, Licht: 0","210999","3","3","5","04","10","2","","0","1","0","0","0"
"POINT (13.481658778000053 52.425502585000061)","Unfall 211000 (2021) Kat:3, Licht: 0","211000","3","1","0","05","15","6","","0","0","0","0","0"
"POINT (13.534814194000035 52.451824714000054)","Unfall 211001 (2021) Kat:3, Licht: 0","211001","3","1","0","04","07","3","","0","1","0","0","0"
"POINT (13.390771991000065 52.515737347000027)","Unfall 211002 (2021) Kat:3, Licht: 0","211002","3","3","5","05","12","7","","0","0","1","0","0"
"POINT (13.436904370000036 52.503651558000058)","Unfall 211003 (2021) Kat:3, Licht: 0","211003","3","5","1","04","08","5","","0","1","1","0","0"
"POINT (13.273422011000036 52.499981338000055)","Unfall 211004 (2021) Kat:3, Licht: 0","211004","3","2","2","05","17","3","","0","0","1","0","0"
"POINT (13.473757017000025 52.474982214000079)","Unfall 211005 (2021) Kat:3, Licht: 0","211005","3","2","5","05","06","4","","0","0","1","0","0"
"POINT (13.314663220000057 52.436505767000028)","Unfall 211006 (2021) Kat:3, Licht: 0","211006","3","6","2","03","15","5","","0","0","1","0","1"
"POINT (13.390288548000058 52.508593262000034)","Unfall 211007 (2021) Kat:3, Licht: 0","211007","3","3","5","04","08","5","","0","1","1","0","0"
"POINT (13.429459438000038 52.466139226000053)","Unfall 211008 (2021) Kat:3, Licht: 0","211008","3","6","6","03","18","1","","0","1","0","1","0"
"POINT (13.376112404000025 52.553687576000073)","Unfall 211009 (2021) Kat:3, Licht: 1","211009","3","5","1","04","19","3","","1","0","1","0","0"
"POINT (13.435214990000077 52.460477253000079)","Unfall 211010 (2021) Kat:3, Licht: 0","211010","3","4","6","05","11","4","","0","1","0","1","0"
"POINT (13.408072018000041 52.524929069000052)","Unfall 211011 (2021) Kat:3, Licht: 2","211011","3","5","1","04","21","6","","2","1","1","0","0"
"POINT (13.345758423000063 52.545075411000028)","Unfall 211012 (2021) Kat:3, Licht: 0","211012","3","6","2","04","12","1","","0","0","1","0","0"
"POINT (13.460813493000046 52.468161653000038)","Unfall 211013 (2021) Kat:3, Licht: 0","211013","3","3","5","05","18","4","","0","1","1","0","0"
"POINT (13.479714537000064 52.523538128000041)","Unfall 211014 (2021) Kat:3, Licht: 0","211014","3","6","0","05","14","6","","0","0","1","0","1"
"POINT (13.383285715000056 52.511416247000057)","Unfall 211015 (2021) Kat:3, Licht: 0","211015","3","3","5","05","20","2","","0","1","1","0","0"
"POINT (13.359885711000061 52.475388679000048)","Unfall 211016 (2021) Kat:3, Licht: 0","211016","3","2","2","05","16","2","","0","0","1","0","1"
"POINT (13.346265629000072 52.547651332000044)","Unfall 211017 (2021) Kat:3, Licht: 0","211017","3","6","2","04","05","2","","0","0","1","0","0"
"POINT (13.435883941000043 52.458850933000065)","Unfall 211018 (2021) Kat:3, Licht: 0","211018","3","2","5","05","06","3","","0","0","1","0","0"
"POINT (13.412126841000031 52.503156404000038)","Unfall 211019 (2021) Kat:2, Licht: 0","211019","2","3","5","03","18","4","","0","1","1","0","0"
"POINT (13.438281182000026 52.484673722000082)","Unfall 211020 (2021) Kat:3, Licht: 0","211020","3","4","0","04","14","4","","0","1","0","1","0"
"POINT (13.313317408000046 52.575383882000040)","Unfall 211021 (2021) Kat:3, Licht: 0","211021","3","2","5","05","08","3","","0","0","1","0","0"
"POINT (13.492274066000050 52.458037243000035)","Unfall 211022 (2021) Kat:3, Licht: 0","211022","3","1","9","05","19","3","","0","0","1","0","0"
"POINT (13.428753489000030 52.588244969000073)","Unfall 211023 (2021) Kat:3, Licht: 0","211023","3","2","5","03","17","6","","0","0","1","0","1"
"POINT (13.337712504000024 52.443758030000026)","Unfall 211024 (2021) Kat:3, Licht: 0","211024","3","3","5","04","08","6","","0","0","1","0","0"
"POINT (13.562270541000032 52.437342815000079)","Unfall 211025 (2021) Kat:2, Licht: 2","211025","2","3","5","03","05","3","","2","1","1","0","0"
"POINT (13.343401794000044 52.549398005000057)","Unfall 211026 (2021) Kat:3, Licht: 0","211026","3","3","5","04","17","3","","0","0","1","0","0"
"POINT (13.426531115000046 52.476696594000032)","Unfall 211027 (2021) Kat:3, Licht: 0","211027","3","6","2","05","19","4","","0","1","1","0","0"
"POINT (13.325469253000051 52.569759888000078)","Unfall 211028 (2021) Kat:3, Licht: 2","211028","3","1","8","04","22","5","","2","0","0","0","1"
"POINT (13.503442659000029 52.400877881000042)","Unfall 211029 (2021) Kat:3, Licht: 0","211029","3","4","6","04","18","7","","0","0","1","1","0"
"POINT (13.481398079000030 52.460913215000062)","Unfall 211030 (2021) Kat:3, Licht: 0","211030","3","2","6","05","13","6","","0","0","1","1","0"
"POINT (13.520389627000043 52.442454790000056)","Unfall 211031 (2021) Kat:3, Licht: 0","211031","3","7","0","05","14","1","","0","1","0","0","0"
"POINT (13.417733023000039 52.584107531000029)","Unfall 211032 (2021) Kat:3, Licht: 0","211032","3","3","5","04","14","4","","0","0","1","0","1"
"POINT (13.529051367000022 52.517930678000027)","Unfall 211033 (2021) Kat:3, Licht: 0","211033","3","7","0","05","10","2","","0","0","0","0","1"
"POINT (13.400799381000070 52.528932584000074)","Unfall 211034 (2021) Kat:3, Licht: 0","211034","3","5","1","04","12","2","","0","1","1","0","0"
"POINT (13.348024282000040 52.607747900000049)","Unfall 211035 (2021) Kat:3, Licht: 0","211035","3","6","2","05","16","3","","0","0","1","0","1"
"POINT (13.336663005000048 52.500632398000050)","Unfall 211036 (2021) Kat:3, Licht: 0","211036","3","7","0","03","11","4","","0","1","0","0","0"
"POINT (13.314240487000063 52.481258730000036)","Unfall 211037 (2021) Kat:3, Licht: 0","211037","3","5","0","04","08","5","","0","0","1","0","1"
"POINT (13.329143547000058 52.465510362000032)","Unfall 211038 (2021) Kat:3, Licht: 0","211038","3","5","1","03","18","2","","0","1","1","0","0"
"POINT (13.161954642000069 52.523122795000063)","Unfall 211039 (2021) Kat:2, Licht: 0","211039","2","7","9","05","10","3","","0","0","0","0","0"
"POINT (13.478790796000055 52.555712850000077)","Unfall 211040 (2021) Kat:3, Licht: 0","211040","3","3","5","04","14","5","","0","1","1","0","0"
"POINT (13.324914059000037 52.562763871000072)","Unfall 211041 (2021) Kat:3, Licht: 0","211041","3","7","1","04","07","6","","0","0","1","0","0"
"POINT (13.325996230000044 52.518665573000078)","Unfall 211042 (2021) Kat:3, Licht: 0","211042","3","2","5","05","17","5","","0","1","0","0","0"
"POINT (13.298609152000040 52.441224324000075)","Unfall 211043 (2021) Kat:3, Licht: 0","211043","3","2","5","05","12","3","","0","1","1","0","0"
"POINT (13.384351768000045 52.481592514000056)","Unfall 211044 (2021) Kat:3, Licht: 0","211044","3","3","5","05","19","7","","0","0","1","0","0"
"POINT (13.426779417000034 52.511737439000058)","Unfall 211045 (2021) Kat:3, Licht: 0","211045","3","2","5","05","13","2","","0","0","1","0","1"
"POINT (13.404682470000068 52.504496138000036)","Unfall 211046 (2021) Kat:3, Licht: 0","211046","3","6","1","04","07","2","","0","1","1","0","0"
"POINT (13.473493861000065 52.432469101000038)","Unfall 211047 (2021) Kat:3, Licht: 0","211047","3","1","0","03","17","3","","0","1","0","0","0"
"POINT (13.433056713000042 52.464746083000080)","Unfall 211048 (2021) Kat:3, Licht: 0","211048","3","6","2","05","10","7","","0","0","1","0","0"
"POINT (13.323655459000065 52.493781675000037)","Unfall 211049 (2021) Kat:3, Licht: 2","211049","3","2","5","04","20","6","","2","0","1","0","0"
"POINT (13.433939345000056 52.481745208000063)","Unfall 211050 (2021) Kat:3, Licht: 0","211050","3","6","3","03","09","4","","0","1","1","0","0"
"POINT (13.432427035000046 52.485410880000074)","Unfall 211051 (2021) Kat:3, Licht: 0","211051","3","4","6","04","18","3","","0","0","1","1","0"
"POINT (13.350600430000043 52.407751896000036)","Unfall 211052 (2021) Kat:3, Licht: 0","211052","3","4","0","04","15","6","","0","0","0","1","0"
"POINT (13.458639816000073 52.527060800000072)","Unfall 211053 (2021) Kat:3, Licht: 0","211053","3","6","2","04","14","5","","0","0","1","0","0"
"POINT (13.454302086000041 52.551431696000066)","Unfall 211054 (2021) Kat:3, Licht: 0","211054","3","6","2","05","19","4","","0","1","1","0","0"
"POINT (13.329426034000051 52.481734525000036)","Unfall 211055 (2021) Kat:3, Licht: 0","211055","3","2","5","05","16","5","","0","1","1","0","0"
"POINT (13.535880208000037 52.452588329000037)","Unfall 211056 (2021) Kat:3, Licht: 0","211056","3","5","1","05","18","2","","0","1","1","0","0"
"POINT (13.396310995000022 52.546139470000071)","Unfall 211057 (2021) Kat:3, Licht: 0","211057","3","6","3","03","13","6","","0","1","1","0","0"
"POINT (13.300217194000027 52.498973975000069)","Unfall 211058 (2021) Kat:3, Licht: 0","211058","3","5","1","04","17","6","","0","1","1","0","0"
"POINT (13.377171366000027 52.554566895000050)","Unfall 211059 (2021) Kat:3, Licht: 0","211059","3","5","1","03","14","3","","0","1","1","0","0"
"POINT (13.434693046000064 52.440328139000030)","Unfall 211060 (2021) Kat:3, Licht: 0","211060","3","2","5","04","18","4","","0","1","1","0","0"
"POINT (13.300715505000028 52.579549054000040)","Unfall 211061 (2021) Kat:3, Licht: 0","211061","3","3","0","05","13","6","","0","0","1","0","0"
"POINT (13.538513695000063 52.554275918000030)","Unfall 211062 (2021) Kat:3, Licht: 0","211062","3","3","5","04","12","3","","0","0","1","0","0"
"POINT (13.317281159000061 52.588173155000050)","Unfall 211063 (2021) Kat:3, Licht: 0","211063","3","3","5","03","16","3","","0","0","1","0","0"
"POINT (13.501009692000025 52.546939070000064)","Unfall 211064 (2021) Kat:3, Licht: 0","211064","3","7","2","04","11","3","","0","0","1","0","0"
"POINT (13.369204561000060 52.550423329000068)","Unfall 211065 (2021) Kat:2, Licht: 0","211065","2","7","5","05","18","6","","0","0","1","0","1"
"POINT (13.578039767000064 52.447315653000032)","Unfall 211066 (2021) Kat:3, Licht: 0","211066","3","1","0","04","17","7","","0","0","0","0","1"
"POINT (13.400217622000071 52.509503465000080)","Unfall 211067 (2021) Kat:2, Licht: 0","211067","2","3","5","05","09","1","","0","1","1","0","0"
"POINT (13.281347790000041 52.508214922000036)","Unfall 211068 (2021) Kat:3, Licht: 0","211068","3","2","5","04","15","4","","0","1","1","0","0"
"POINT (13.264295491000041 52.508763578000071)","Unfall 211069 (2021) Kat:3, Licht: 0","211069","3","6","2","05","18","3","","0","0","1","0","0"
"POINT (13.245934511000030 52.524858934000065)","Unfall 211070 (2021) Kat:3, Licht: 0","211070","3","6","2","05","17","2","","0","0","1","0","0"
"POINT (13.317620556000065 52.580199936000042)","Unfall 211071 (2021) Kat:3, Licht: 0","211071","3","6","2","03","10","5","","0","0","1","0","0"
"POINT (13.360220570000024 52.412699521000036)","Unfall 211072 (2021) Kat:3, Licht: 0","211072","3","5","1","04","19","5","","0","0","1","0","0"
"POINT (13.461992075000069 52.422426988000041)","Unfall 211073 (2021) Kat:3, Licht: 0","211073","3","2","6","03","16","2","","0","0","1","1","0"
"POINT (13.590007876000072 52.528966876000027)","Unfall 211074 (2021) Kat:3, Licht: 0","211074","3","6","3","04","17","3","","0","1","1","0","0"
"POINT (13.393007284000078 52.497457298000029)","Unfall 211075 (2021) Kat:3, Licht: 0","211075","3","6","3","05","16","4","","0","1","1","0","0"
"POINT (13.430684579000058 52.468575108000039)","Unfall 211076 (2021) Kat:3, Licht: 0","211076","3","6","3","04","15","3","","0","0","1","0","1"
"POINT (13.376973879000047 52.510774778000041)","Unfall 211077 (2021) Kat:3, Licht: 0","211077","3","3","5","03","12","4","","0","1","1","0","0"
"POINT (13.198918299000070 52.553952179000078)","Unfall 211078 (2021) Kat:2, Licht: 2","211078","2","2","6","04","21","7","","2","0","1","1","0"
"POINT (13.157933523000054 52.533091084000034)","Unfall 211079 (2021) Kat:3, Licht: 0","211079","3","2","5","05","15","5","","0","0","1","0","0"
"POINT (13.375457217000076 52.540318092000064)","Unfall 211080 (2021) Kat:3, Licht: 0","211080","3","3","5","05","16","7","","0","0","1","0","0"
"POINT (13.503077088000055 52.636580505000040)","Unfall 211081 (2021) Kat:3, Licht: 0","211081","3","3","5","05","17","3","","0","0","1","0","0"
"POINT (13.280760890000067 52.476777817000027)","Unfall 211082 (2021) Kat:3, Licht: 0","211082","3","2","5","05","15","2","","0","1","1","0","0"
"POINT (13.585655551000059 52.523644328000046)","Unfall 211083 (2021) Kat:3, Licht: 0","211083","3","3","5","04","13","2","","0","1","1","0","0"
"POINT (13.422674795000034 52.499184093000054)","Unfall 211084 (2021) Kat:3, Licht: 0","211084","3","6","2","05","18","7","","0","1","1","0","0"
"POINT (13.393350058000067 52.494079261000081)","Unfall 211085 (2021) Kat:2, Licht: 0","211085","2","6","3","03","08","4","","0","1","1","0","0"
"POINT (13.434076776000040 52.490048618000060)","Unfall 211086 (2021) Kat:3, Licht: 0","211086","3","5","1","04","14","4","","0","1","0","0","0"
"POINT (13.535382214000037 52.561336309000069)","Unfall 211087 (2021) Kat:3, Licht: 2","211087","3","7","0","05","20","7","","2","0","1","0","0"
"POINT (13.344462137000050 52.538307317000033)","Unfall 211088 (2021) Kat:3, Licht: 0","211088","3","2","5","04","13","7","","0","0","1","0","1"
"POINT (13.244692813000029 52.429414736000069)","Unfall 211089 (2021) Kat:3, Licht: 0","211089","3","5","1","05","08","4","","0","1","1","0","0"
"POINT (13.340304186000026 52.606720199000051)","Unfall 211090 (2021) Kat:3, Licht: 0","211090","3","7","0","05","13","6","","0","0","1","0","1"
"POINT (13.454911683000034 52.512074006000034)","Unfall 211091 (2021) Kat:2, Licht: 0","211091","2","3","5","05","13","2","","0","1","1","0","0"
"POINT (13.297092994000025 52.510402095000074)","Unfall 211092 (2021) Kat:3, Licht: 0","211092","3","7","0","04","11","2","","0","1","0","0","0"
"POINT (13.378665922000039 52.450857840000026)","Unfall 211093 (2021) Kat:3, Licht: 0","211093","3","2","5","03","15","3","","0","1","1","0","0"
"POINT (13.385867578000045 52.468586054000070)","Unfall 211094 (2021) Kat:1, Licht: 0","211094","1","2","6","05","12","6","","0","0","0","1","0"
"POINT (13.403700586000070 52.448469144000057)","Unfall 211095 (2021) Kat:3, Licht: 0","211095","3","7","0","05","12","6","","0","0","1","0","1"
"POINT (13.378223433000073 52.477460838000070)","Unfall 211096 (2021) Kat:3, Licht: 0","211096","3","3","5","04","11","3","","0","0","1","0","0"
"POINT (13.264569381000058 52.514674649000028)","Unfall 211097 (2021) Kat:3, Licht: 0","211097","3","3","5","04","13","6","","0","0","1","0","0"
"POINT (13.250694169000042 52.427820553000060)","Unfall 211098 (2021) Kat:3, Licht: 0","211098","3","7","2","03","15","2","","0","1","1","0","0"
"POINT (13.285169768000060 52.494252071000062)","Unfall 211099 (2021) Kat:2, Licht: 2","211099","2","4","6","04","21","3","","2","0","1","1","0"
"POINT (13.460770717000059 52.468138426000053)","Unfall 211100 (2021) Kat:3, Licht: 0","211100","3","2","2","05","15","6","","0","0","1","0","0"
"POINT (13.346272293000027 52.501073914000074)","Unfall 211101 (2021) Kat:3, Licht: 0","211101","3","2","5","04","11","6","","0","0","1","0","0"
"POINT (13.452076792000071 52.452740854000069)","Unfall 211102 (2021) Kat:3, Licht: 0","211102","3","3","5","05","16","3","","0","0","1","0","0"
"POINT (13.386945201000060 52.517928874000063)","Unfall 211103 (2021) Kat:3, Licht: 0","211103","3","7","1","05","11","3","","0","0","1","0","0"
"POINT (13.436221672000045 52.483722703000069)","Unfall 211104 (2021) Kat:3, Licht: 0","211104","3","6","0","04","16","6","","0","0","1","0","0"
"POINT (13.359376740000073 52.523303271000032)","Unfall 211105 (2021) Kat:2, Licht: 0","211105","2","3","5","04","06","5","","0","0","1","0","0"
"POINT (13.450307013000042 52.471541202000026)","Unfall 211106 (2021) Kat:2, Licht: 0","211106","2","4","6","04","14","6","","0","0","1","1","0"
"POINT (13.201026754000054 52.512212513000065)","Unfall 211107 (2021) Kat:3, Licht: 0","211107","3","6","2","05","18","4","","0","0","1","0","1"
"POINT (13.375455954000074 52.540318023000054)","Unfall 211108 (2021) Kat:3, Licht: 0","211108","3","3","5","05","17","5","","0","0","1","0","0"
"POINT (13.428824671000029 52.579000747000066)","Unfall 211109 (2021) Kat:3, Licht: 0","211109","3","2","5","05","09","2","","0","1","0","0","0"
"POINT (13.424097979000067 52.486333763000061)","Unfall 211110 (2021) Kat:3, Licht: 0","211110","3","2","5","04","18","2","","0","1","0","0","0"
"POINT (13.426968567000074 52.552216435000048)","Unfall 211111 (2021) Kat:3, Licht: 0","211111","3","3","5","03","16","4","","0","1","1","0","0"
"POINT (13.304002902000036 52.499354094000068)","Unfall 211112 (2021) Kat:3, Licht: 0","211112","3","7","6","05","19","1","","0","0","1","1","0"
"POINT (13.403727865000064 52.526058608000028)","Unfall 211113 (2021) Kat:3, Licht: 1","211113","3","2","5","04","19","3","","1","1","1","0","0"
"POINT (13.367811060000065 52.602737294000065)","Unfall 211114 (2021) Kat:2, Licht: 0","211114","2","3","5","04","12","6","","0","0","1","0","0"
"POINT (13.413852713000040 52.394465031000038)","Unfall 211115 (2021) Kat:3, Licht: 0","211115","3","3","5","03","15","2","","0","0","1","0","0"
"POINT (13.278856903000076 52.503284032000067)","Unfall 211116 (2021) Kat:3, Licht: 0","211116","3","6","3","04","15","4","","0","0","1","0","1"
"POINT (13.388845880000076 52.516933797000036)","Unfall 211117 (2021) Kat:3, Licht: 2","211117","3","3","5","04","22","6","","2","0","1","0","0"
"POINT (13.557225520000031 52.534537742000055)","Unfall 211118 (2021) Kat:3, Licht: 0","211118","3","6","2","05","17","3","","0","0","1","0","0"
"POINT (13.300863504000063 52.473944581000069)","Unfall 211119 (2021) Kat:3, Licht: 0","211119","3","2","5","05","08","4","","0","0","1","0","0"
"POINT (13.404961396000033 52.514650478000078)","Unfall 211120 (2021) Kat:3, Licht: 0","211120","3","6","3","03","06","6","","0","1","1","0","0"
"POINT (13.427819694000050 52.511193698000056)","Unfall 211121 (2021) Kat:2, Licht: 0","211121","2","1","0","04","09","1","","0","1","0","0","0"
"POINT (13.569213236000053 52.443475670000055)","Unfall 211122 (2021) Kat:3, Licht: 0","211122","3","6","2","03","11","3","","0","0","1","0","0"
"POINT (13.526518672000066 52.525506130000053)","Unfall 211123 (2021) Kat:3, Licht: 0","211123","3","6","2","04","15","5","","0","0","1","0","0"
"POINT (13.435158713000021 52.501479432000053)","Unfall 211124 (2021) Kat:3, Licht: 0","211124","3","3","5","05","08","6","","0","1","1","0","0"
"POINT (13.376766815000053 52.491220367000039)","Unfall 211125 (2021) Kat:3, Licht: 0","211125","3","6","2","04","10","4","","0","0","1","0","0"
"POINT (13.475228758000071 52.501556077000032)","Unfall 211126 (2021) Kat:3, Licht: 2","211126","3","3","5","04","20","5","","2","0","1","0","0"
"POINT (13.577254447000030 52.455765435000046)","Unfall 211127 (2021) Kat:3, Licht: 0","211127","3","2","5","04","09","3","","0","1","1","0","0"
"POINT (13.398333816000047 52.515503031000037)","Unfall 211128 (2021) Kat:3, Licht: 0","211128","3","6","0","05","08","5","","0","0","0","0","0"
"POINT (13.329496508000034 52.468275398000060)","Unfall 211129 (2021) Kat:3, Licht: 2","211129","3","2","5","04","21","7","","2","1","0","0","0"
"POINT (13.267939663000050 52.484587157000078)","Unfall 211130 (2021) Kat:3, Licht: 0","211130","3","1","9","05","09","1","","0","1","0","0","0"
"POINT (13.344959894000056 52.486691974000053)","Unfall 211131 (2021) Kat:3, Licht: 0","211131","3","6","2","04","13","4","","0","0","1","0","0"
"POINT (13.575306564000073 52.447524422000072)","Unfall 211132 (2021) Kat:3, Licht: 0","211132","3","1","0","05","16","2","","0","1","0","0","0"
"POINT (13.449489130000075 52.451570204000063)","Unfall 211133 (2021) Kat:3, Licht: 0","211133","3","2","2","04","19","2","","0","1","1","0","0"
"POINT (13.369612270000061 52.597395663000043)","Unfall 211134 (2021) Kat:3, Licht: 0","211134","3","3","0","05","14","2","","0","0","1","0","1"
"POINT (13.285330579000060 52.587758950000079)","Unfall 211135 (2021) Kat:3, Licht: 0","211135","3","3","5","03","14","5","","0","0","1","0","0"
"POINT (13.122271878000049 52.454483105000065)","Unfall 211136 (2021) Kat:3, Licht: 0","211136","3","3","5","04","11","6","","0","1","1","0","0"
"POINT (13.503208804000053 52.575867681000034)","Unfall 211137 (2021) Kat:3, Licht: 2","211137","3","2","6","03","04","2","","2","0","1","1","0"
"POINT (13.326373503000070 52.537704986000051)","Unfall 211138 (2021) Kat:3, Licht: 0","211138","3","6","2","04","13","3","","0","0","1","0","0"
"POINT (13.288607310000032 52.632862561000081)","Unfall 211139 (2021) Kat:3, Licht: 0","211139","3","3","5","05","18","5","","0","1","1","0","0"
"POINT (13.389712850000024 52.531746773000066)","Unfall 211140 (2021) Kat:2, Licht: 0","211140","2","6","3","03","11","4","","0","1","0","0","0"
"POINT (13.280466962000048 52.518336582000074)","Unfall 211141 (2021) Kat:3, Licht: 0","211141","3","4","6","04","16","7","","0","0","1","1","0"
"POINT (13.442304730000046 52.599908446000029)","Unfall 211142 (2021) Kat:2, Licht: 2","211142","2","1","9","05","21","4","","2","0","1","0","0"
"POINT (13.372522336000031 52.527424453000037)","Unfall 211143 (2021) Kat:3, Licht: 0","211143","3","2","0","05","17","7","","0","1","1","0","0"
"POINT (13.340803626000024 52.554995048000080)","Unfall 211144 (2021) Kat:3, Licht: 0","211144","3","2","6","05","12","3","","0","0","1","1","0"
"POINT (13.385500087000025 52.507517266000036)","Unfall 211145 (2021) Kat:3, Licht: 0","211145","3","2","5","05","16","2","","0","1","1","0","0"
"POINT (13.454793738000035 52.485004776000039)","Unfall 211146 (2021) Kat:3, Licht: 0","211146","3","6","0","04","16","2","","0","1","1","0","0"
"POINT (13.259794462000059 52.429470564000042)","Unfall 211147 (2021) Kat:3, Licht: 0","211147","3","6","2","04","09","2","","0","0","1","0","0"
"POINT (13.292655413000034 52.578690346000030)","Unfall 211148 (2021) Kat:3, Licht: 0","211148","3","3","0","05","16","7","","0","1","1","0","0"
"POINT (13.502355028000068 52.483355259000064)","Unfall 211149 (2021) Kat:2, Licht: 2","211149","2","2","5","03","21","4","","2","0","1","0","0"
"POINT (13.482093190000057 52.430122547000053)","Unfall 211150 (2021) Kat:2, Licht: 0","211150","2","7","5","04","17","4","","0","0","1","0","0"
"POINT (13.425339278000024 52.479921249000029)","Unfall 211151 (2021) Kat:3, Licht: 0","211151","3","6","2","05","15","1","","0","0","1","0","0"
"POINT (13.415716893000024 52.459633849000056)","Unfall 211152 (2021) Kat:3, Licht: 0","211152","3","7","7","04","17","6","","0","0","0","0","1"
"POINT (13.589605835000043 52.528179078000051)","Unfall 211153 (2021) Kat:3, Licht: 0","211153","3","6","3","05","17","4","","0","0","1","0","0"
"POINT (13.337401194000051 52.472989889000075)","Unfall 211154 (2021) Kat:3, Licht: 0","211154","3","2","5","05","10","5","","0","1","1","0","0"
"POINT (13.462463446000072 52.519788757000072)","Unfall 211155 (2021) Kat:3, Licht: 0","211155","3","2","0","05","11","2","","0","0","0","0","1"
"POINT (13.398981402000061 52.532631173000027)","Unfall 211156 (2021) Kat:3, Licht: 0","211156","3","2","5","03","16","1","","0","1","1","0","0"
"POINT (13.481687161000025 52.445452325000076)","Unfall 211157 (2021) Kat:3, Licht: 0","211157","3","7","8","04","12","2","","0","0","1","0","0"
"POINT (13.385224784000059 52.493249939000066)","Unfall 211158 (2021) Kat:2, Licht: 1","211158","2","7","0","03","20","4","","1","1","0","0","0"
"POINT (13.319588971000030 52.471720445000074)","Unfall 211159 (2021) Kat:3, Licht: 2","211159","3","3","5","05","23","6","","2","0","1","0","0"
"POINT (13.420191676000059 52.476949528000034)","Unfall 211160 (2021) Kat:3, Licht: 0","211160","3","3","5","05","09","6","","0","1","1","0","0"
"POINT (13.389760212000056 52.574296665000077)","Unfall 211161 (2021) Kat:3, Licht: 2","211161","3","3","0","04","21","3","","2","1","1","0","0"
"POINT (13.404822054000022 52.513548296000067)","Unfall 211162 (2021) Kat:3, Licht: 2","211162","3","6","3","04","20","5","","2","0","1","0","0"
"POINT (13.315824860000077 52.481854975000033)","Unfall 211163 (2021) Kat:3, Licht: 0","211163","3","2","5","03","17","2","","0","0","1","0","0"
"POINT (13.347993947000077 52.578482433000033)","Unfall 211164 (2021) Kat:3, Licht: 0","211164","3","2","5","04","12","4","","0","0","1","0","0"
"POINT (13.236518411000077 52.527061572000036)","Unfall 211165 (2021) Kat:3, Licht: 0","211165","3","7","2","05","10","6","","0","0","1","0","1"
"POINT (13.395691549000048 52.507039891000034)","Unfall 211166 (2021) Kat:3, Licht: 0","211166","3","7","5","04","19","2","","0","0","1","0","1"
"POINT (13.266710651000039 52.575908208000044)","Unfall 211167 (2021) Kat:3, Licht: 2","211167","3","6","4","04","22","5","","2","0","1","0","0"
"POINT (13.381349175000025 52.552135806000081)","Unfall 211168 (2021) Kat:3, Licht: 0","211168","3","2","5","05","14","3","","0","0","1","0","0"
"POINT (13.563121586000022 52.541468243000054)","Unfall 211169 (2021) Kat:3, Licht: 0","211169","3","2","6","05","15","4","","0","0","1","1","0"
"POINT (13.401542687000074 52.529374957000073)","Unfall 211170 (2021) Kat:2, Licht: 0","211170","2","6","3","03","18","6","","0","0","1","0","1"
"POINT (13.375398457000074 52.520777400000043)","Unfall 211171 (2021) Kat:3, Licht: 2","211171","3","1","8","04","00","6","","2","0","1","0","0"
"POINT (13.406843142000071 52.393769662000068)","Unfall 211172 (2021) Kat:2, Licht: 0","211172","2","2","5","03","11","2","","0","0","1","0","0"
"POINT (13.297432250000043 52.604773085000033)","Unfall 211173 (2021) Kat:3, Licht: 0","211173","3","5","1","04","13","3","","0","1","1","0","0"
"POINT (13.430033253000033 52.454621611000050)","Unfall 211174 (2021) Kat:3, Licht: 0","211174","3","7","6","05","13","4","","0","1","0","1","0"
"POINT (13.315168690000064 52.525792643000045)","Unfall 211175 (2021) Kat:3, Licht: 0","211175","3","7","0","04","07","3","","0","0","1","0","0"
"POINT (13.501514611000061 52.549170610000033)","Unfall 211176 (2021) Kat:3, Licht: 0","211176","3","4","6","04","16","4","","0","0","1","1","0"
"POINT (13.389869305000047 52.525722009000049)","Unfall 211177 (2021) Kat:3, Licht: 0","211177","3","1","0","04","15","6","","0","1","0","0","0"
"POINT (13.593587200000059 52.444433564000065)","Unfall 211178 (2021) Kat:3, Licht: 0","211178","3","2","5","04","14","3","","0","0","1","0","0"
"POINT (13.207292485000039 52.547777784000061)","Unfall 211179 (2021) Kat:3, Licht: 2","211179","3","7","1","05","23","5","","2","0","1","0","0"
"POINT (13.231411316000049 52.527758393000056)","Unfall 211180 (2021) Kat:3, Licht: 0","211180","3","6","2","05","13","1","","0","1","1","0","0"
"POINT (13.204000537000070 52.568632864000051)","Unfall 211181 (2021) Kat:2, Licht: 0","211181","2","4","6","04","13","5","","0","0","0","1","0"
"POINT (13.267900411000028 52.409006572000067)","Unfall 211182 (2021) Kat:3, Licht: 0","211182","3","6","2","05","12","2","","0","0","1","0","0"
"POINT (13.443812816000047 52.479788291000034)","Unfall 211183 (2021) Kat:2, Licht: 0","211183","2","4","6","04","14","7","","0","0","1","1","0"
"POINT (13.371160025000052 52.511120116000029)","Unfall 211184 (2021) Kat:3, Licht: 0","211184","3","2","5","05","12","2","","0","0","1","0","0"
"POINT (13.598978398000042 52.481847680000044)","Unfall 211185 (2021) Kat:3, Licht: 0","211185","3","3","5","03","15","5","","0","0","1","0","0"