WKT,Name,OBJECTID,UKATEGORIE,UTYP1,UART,UMONAT,USTUNDE,UWOCHENTAG,STRZUSTAND,ULICHTVERH,ISTRAD,ISTPKW,ISTFUSS,ISTKRAD
"POINT (13.541290436000054 52.435323203000053)","Unfall 211186 (2021) Kat:3, Licht: 0","211186","3","2","5","04","11","5","","0","1","1","0","0"
"POINT (13.438483188000077 52.452590920000034)","Unfall 211187 (2021) Kat:3, Licht: 2","211187","3","2","5","03","20","2","","2","0","1","0","0"
"POINT (13.335254809000048 52.504398923000053)","Unfall 211188 (2021) Kat:3, Licht: 1","211188","3","6","2","05","19","3","","1","1","1","0","0"
"POINT (13.356111411000029 52.543251628000064)","Unfall 211189 (2021) Kat:3, Licht: 2","211189","3","3","5","05","00","3","","2","1","1","0","0"
"POINT (13.273443232000034 52.456044265000060)","Unfall 211190 (2021) Kat:3, Licht: 0","211190","3","3","5","03","10","6","","0","0","1","0","0"
"POINT (13.366192388000059 52.505828539000049)","Unfall 211191 (2021) Kat:3, Licht: 0","211191","3","6","2","04","15","6","","0","0","1","0","1"
"POINT (13.213578357000074 52.538586165000027)","Unfall 211192 (2021) Kat:3, Licht: 0","211192","3","3","5","03","14","3","","0","1","1","0","0"
"POINT (13.317739647000053 52.494560899000078)","Unfall 211193 (2021) Kat:2, Licht: 0","211193","2","5","0","04","12","4","","0","1","1","0","0"
"POINT (13.384066497000049 52.510227714000052)","Unfall 211194 (2021) Kat:2, Licht: 0","211194","2","6","2","05","15","4","","0","0","0","0","1"
"POINT (13.381250279000028 52.441099025000028)","Unfall 211195 (2021) Kat:3, Licht: 0","211195","3","6","0","04","16","4","","0","0","0","0","1"
"POINT (13.376686779000067 52.554099431000054)","Unfall 211196 (2021) Kat:3, Licht: 0","211196","3","6","2","04","09","7","","0","0","1","0","0"
"POINT (13.320344049000028 52.478884615000027)","Unfall 211197 (2021) Kat:3, Licht: 0","211197","3","2","5","04","11","2","","0","1","1","0","0"
"POINT (13.264953812000044 52.441728964000049)","Unfall 211198 (2021) Kat:3, Licht: 0","211198","3","2","2","05","12","6","","0","0","1","0","0"
"POINT (13.208894391000058 52.427052428000081)","Unfall 211199 (2021) Kat:3, Licht: 0","211199","3","3","5","04","18","7","","0","0","1","0","0"
"POINT (13.303293690000032 52.507936064000035)","Unfall 211200 (2021) Kat:3, Licht: 0","211200","3","5","1","05","15","1","","0","0","1","0","0"
"POINT (13.569358018000059 52.444708178000042)","Unfall 211201 (2021) Kat:3, Licht: 0","211201","3","2","5","04","11","4","","0","1","1","0","0"
"POINT (13.281156483000075 52.482100676000073)","Unfall 211202 (2021) Kat:3, Licht: 0","211202","3","2","5","05","10","2","","0","0","1","0","0"
"POINT (13.392124405000061 52.546524106000049)","Unfall 211203 (2021) Kat:3, Licht: 0","211203","3","3","5","04","15","1","","0","0","1","0","0"
"POINT (13.401598274000037 52.533236842000065)","Unfall 211204 (2021) Kat:3, Licht: 0","211204","3","5","1","05","08","2","","0","1","1","0","0"
"POINT (13.350245481000059 52.414303684000060)","Unfall 211205 (2021) Kat:2, Licht: 1","211205","2","2","5","03","05","5","","1","0","1","0","1"
"POINT (13.363003836000075 52.509784743000068)","Unfall 211206 (2021) Kat:2, Licht: 0","211206","2","3","5","04","16","5","","0","1","1","0","0"
"POINT (13.432082620000074 52.593931305000069)","Unfall 211207 (2021) Kat:3, Licht: 0","211207","3","6","2","03","15","2","","0","1","1","0","0"
"POINT (13.418142727000031 52.517684773000042)","Unfall 211208 (2021) Kat:2, Licht: 0","211208","2","6","3","04","16","3","","0","1","0","0","0"
"POINT (13.316560719000051 52.586962124000081)","Unfall 211209 (2021) Kat:3, Licht: 2","211209","3","1","0","05","22","4","","2","0","0","0","1"
"POINT (13.348436467000056 52.596275726000044)","Unfall 211210 (2021) Kat:3, Licht: 0","211210","3","2","2","04","13","5","","0","0","1","0","0"
"POINT (13.448800444000028 52.524264303000052)","Unfall 211211 (2021) Kat:3, Licht: 0","211211","3","4","6","04","16","1","","0","0","0","1","0"
"POINT (13.433171916000049 52.477036626000029)","Unfall 211212 (2021) Kat:3, Licht: 0","211212","3","4","6","05","17","5","","0","0","1","1","0"
"POINT (13.311182279000036 52.506506738000041)","Unfall 211213 (2021) Kat:3, Licht: 0","211213","3","2","5","05","17","7","","0","1","1","0","0"
"POINT (13.323889456000074 52.445411695000075)","Unfall 211214 (2021) Kat:3, Licht: 0","211214","3","7","2","05","09","3","","0","0","1","0","0"
"POINT (13.548766514000022 52.557840883000040)","Unfall 211215 (2021) Kat:3, Licht: 0","211215","3","3","5","04","06","2","","0","0","1","0","0"
"POINT (13.421553248000066 52.504483788000073)","Unfall 211216 (2021) Kat:3, Licht: 0","211216","3","3","0","05","10","7","","0","1","0","0","1"
"POINT (13.397028629000033 52.505335890000026)","Unfall 211217 (2021) Kat:3, Licht: 0","211217","3","2","5","05","13","1","","0","1","1","0","0"
"POINT (13.540237496000032 52.565255645000036)","Unfall 211218 (2021) Kat:3, Licht: 2","211218","3","3","5","04","05","2","","2","1","0","0","0"
"POINT (13.350079200000039 52.520923116000063)","Unfall 211219 (2021) Kat:2, Licht: 0","211219","2","3","5","03","16","4","","0","1","1","0","0"
"POINT (13.298499832000061 52.432466772000055)","Unfall 211220 (2021) Kat:2, Licht: 1","211220","2","1","0","04","19","4","","1","0","0","0","1"
"POINT (13.636536472000046 52.475127951000047)","Unfall 211221 (2021) Kat:3, Licht: 0","211221","3","7","0","05","09","1","","0","0","1","0","0"
"POINT (13.356692526000074 52.535632487000044)","Unfall 211222 (2021) Kat:3, Licht: 0","211222","3","7","5","04","12","6","","0","0","1","0","0"
"POINT (13.130183228000021 52.536225585000068)","Unfall 211223 (2021) Kat:3, Licht: 0","211223","3","2","5","05","14","4","","0","0","1","0","1"
"POINT (13.297100680000028 52.526758883000070)","Unfall 211224 (2021) Kat:3, Licht: 0","211224","3","6","2","05","15","6","","0","0","1","0","0"
"POINT (13.466103707000059 52.480434904000049)","Unfall 211225 (2021) Kat:3, Licht: 0","211225","3","7","5","05","16","2","","0","0","1","0","0"
"POINT (13.504359648000047 52.468697432000056)","Unfall 211226 (2021) Kat:2, Licht: 0","211226","2","3","5","03","11","7","","0","1","0","0","0"
"POINT (13.424532854000063 52.486462031000030)","Unfall 211227 (2021) Kat:3, Licht: 0","211227","3","2","5","04","18","7","","0","1","1","0","0"
"POINT (13.379285287000073 52.492208976000029)","Unfall 211228 (2021) Kat:3, Licht: 0","211228","3","2","5","03","18","4","","0","1","1","0","0"
"POINT (13.321930780000059 52.502068782000038)","Unfall 211229 (2021) Kat:3, Licht: 2","211229","3","2","2","05","22","6","","2","0","1","0","0"
"POINT (13.293142910000029 52.534543817000042)","Unfall 211230 (2021) Kat:3, Licht: 0","211230","3","6","3","04","16","4","","0","0","1","0","0"
"POINT (13.434736747000045 52.462048202000062)","Unfall 211231 (2021) Kat:3, Licht: 0","211231","3","2","5","03","09","3","","0","0","1","0","0"
"POINT (13.417332643000066 52.512432747000048)","Unfall 211232 (2021) Kat:3, Licht: 0","211232","3","3","5","04","08","3","","0","1","0","0","0"
"POINT (13.452755473000025 52.548574382000027)","Unfall 211233 (2021) Kat:2, Licht: 0","211233","2","2","6","05","10","6","","0","0","1","1","0"
"POINT (13.305802431000075 52.506786227000077)","Unfall 211234 (2021) Kat:3, Licht: 0","211234","3","6","2","04","14","3","","0","0","1","0","0"
"POINT (13.297227724000038 52.511724369000035)","Unfall 211235 (2021) Kat:3, Licht: 0","211235","3","2","0","04","15","6","","0","1","0","0","0"
"POINT (13.528084705000026 52.567767964000041)","Unfall 211236 (2021) Kat:3, Licht: 0","211236","3","2","6","05","15","3","","0","0","1","1","0"
"POINT (13.377055405000021 52.508596147000048)","Unfall 211237 (2021) Kat:3, Licht: 0","211237","3","2","0","05","07","3","","0","1","1","0","0"
"POINT (13.591869406000058 52.507393893000028)","Unfall 211238 (2021) Kat:3, Licht: 0","211238","3","3","5","03","14","6","","0","0","1","0","0"
"POINT (13.569236329000034 52.443342693000034)","Unfall 211239 (2021) Kat:3, Licht: 0","211239","3","5","1","04","12","6","","0","1","1","0","0"
"POINT (13.489605528000027 52.512098401000060)","Unfall 211240 (2021) Kat:3, Licht: 0","211240","3","3","5","03","13","3","","0","1","1","0","0"
"POINT (13.202754449000054 52.540096658000039)","Unfall 211241 (2021) Kat:3, Licht: 0","211241","3","6","2","04","11","3","","0","0","1","0","0"
"POINT (13.316425753000033 52.606012729000042)","Unfall 211242 (2021) Kat:3, Licht: 0","211242","3","3","5","05","15","4","","0","0","1","0","0"
"POINT (13.376748763000023 52.491441877000057)","Unfall 211243 (2021) Kat:2, Licht: 0","211243","2","2","5","04","12","6","","0","1","0","0","0"
"POINT (13.370576101000040 52.492727463000051)","Unfall 211244 (2021) Kat:3, Licht: 0","211244","3","6","3","04","15","3","","0","0","1","0","0"
"POINT (13.397593990000075 52.528753409000046)","Unfall 211245 (2021) Kat:3, Licht: 0","211245","3","2","5","05","18","6","","0","1","0","0","0"
"POINT (13.411330818000067 52.481562343000064)","Unfall 211246 (2021) Kat:3, Licht: 0","211246","3","6","2","05","09","7","","0","0","1","0","0"
"POINT (13.389501470000027 52.586104852000062)","Unfall 211247 (2021) Kat:3, Licht: 0","211247","3","3","5","04","10","4","","0","0","1","0","0"
"POINT (13.508042724000063 52.403722717000051)","Unfall 211248 (2021) Kat:3, Licht: 0","211248","3","3","5","05","16","2","","0","0","1","0","0"
"POINT (13.317432797000038 52.579982395000059)","Unfall 211249 (2021) Kat:3, Licht: 0","211249","3","2","2","04","16","7","","0","0","1","0","0"
"POINT (13.394178286000056 52.508814868000059)","Unfall 211250 (2021) Kat:3, Licht: 0","211250","3","3","5","05","08","3","","0","1","1","0","0"
"POINT (13.470140885000035 52.608093028000042)","Unfall 211251 (2021) Kat:3, Licht: 0","211251","3","3","5","03","17","5","","0","0","1","0","0"
"POINT (13.337714119000054 52.505168020000042)","Unfall 211252 (2021) Kat:2, Licht: 0","211252","2","2","5","04","17","4","","0","0","1","0","0"
"POINT (13.239042331000064 52.619451344000026)","Unfall 211253 (2021) Kat:3, Licht: 0","211253","3","6","3","03","18","2","","0","1","0","0","0"
"POINT (13.193396429000074 52.523978522000050)","Unfall 211254 (2021) Kat:3, Licht: 0","211254","3","7","6","05","09","3","","0","1","0","1","0"
"POINT (13.327629990000048 52.422654457000078)","Unfall 211255 (2021) Kat:3, Licht: 0","211255","3","6","2","04","15","3","","0","1","1","0","0"
"POINT (13.472527225000022 52.465173894000031)","Unfall 211256 (2021) Kat:3, Licht: 2","211256","3","6","2","04","21","3","","2","0","1","0","0"
"POINT (13.196717631000070 52.527358346000028)","Unfall 211257 (2021) Kat:3, Licht: 0","211257","3","3","5","03","10","4","","0","0","1","0","0"
"POINT (13.433630526000059 52.452104951000081)","Unfall 211258 (2021) Kat:3, Licht: 2","211258","3","6","3","04","21","6","","2","0","1","0","0"
"POINT (13.349197135000054 52.552045194000073)","Unfall 211259 (2021) Kat:3, Licht: 0","211259","3","7","5","05","12","5","","0","1","1","0","0"
"POINT (13.245746353000072 52.515561184000035)","Unfall 211260 (2021) Kat:3, Licht: 0","211260","3","1","8","05","19","4","","0","0","1","0","0"
"POINT (13.574016182000037 52.544086822000054)","Unfall 211261 (2021) Kat:3, Licht: 0","211261","3","3","5","05","19","6","","0","0","1","0","0"
"POINT (13.361013479000064 52.544574606000026)","Unfall 211262 (2021) Kat:3, Licht: 0","211262","3","5","1","05","06","3","","0","0","1","0","1"
"POINT (13.326270592000071 52.477397140000051)","Unfall 211263 (2021) Kat:3, Licht: 0","211263","3","5","1","04","13","2","","0","1","0","0","0"
"POINT (13.393730587000050 52.498128066000049)","Unfall 211264 (2021) Kat:3, Licht: 0","211264","3","6","3","03","17","3","","0","0","0","0","0"
"POINT (13.399513902000024 52.546445538000057)","Unfall 211265 (2021) Kat:3, Licht: 0","211265","3","6","2","05","15","7","","0","1","1","0","0"
"POINT (13.357520329000067 52.545318632000033)","Unfall 211266 (2021) Kat:3, Licht: 0","211266","3","5","1","04","19","6","","0","1","1","0","0"
"POINT (13.249669792000077 52.515574783000034)","Unfall 211267 (2021) Kat:2, Licht: 0","211267","2","3","0","03","15","4","","0","0","1","0","1"
"POINT (13.562310130000071 52.421326838000027)","Unfall 211268 (2021) Kat:3, Licht: 2","211268","3","6","3","04","00","3","","2","0","1","0","0"
"POINT (13.191456722000055 52.433745187000056)","Unfall 211269 (2021) Kat:3, Licht: 0","211269","3","7","5","04","17","5","","0","0","1","0","0"
"POINT (13.340668545000028 52.499338877000071)","Unfall 211270 (2021) Kat:2, Licht: 0","211270","2","3","5","04","09","5","","0","1","1","0","0"
"POINT (13.398834610000051 52.532599537000067)","Unfall 211271 (2021) Kat:3, Licht: 0","211271","3","2","5","05","09","4","","0","1","1","0","0"
"POINT (13.471522139000058 52.535525097000061)","Unfall 211272 (2021) Kat:2, Licht: 0","211272","2","4","6","05","15","5","","0","0","1","1","1"
"POINT (13.320344061000071 52.478796780000039)","Unfall 211273 (2021) Kat:2, Licht: 0","211273","2","2","5","05","09","2","","0","0","1","0","1"
"POINT (13.492046189000064 52.503182667000033)","Unfall 211274 (2021) Kat:3, Licht: 0","211274","3","4","0","03","14","6","","0","1","0","1","0"
"POINT (13.320081025000036 52.572693958000059)","Unfall 211275 (2021) Kat:3, Licht: 0","211275","3","7","1","04","15","7","","0","0","1","0","1"
"POINT (13.626306861000046 52.460374073000082)","Unfall 211276 (2021) Kat:3, Licht: 0","211276","3","3","0","03","10","2","","0","1","1","0","0"
"POINT (13.358284414000025 52.445776978000026)","Unfall 211277 (2021) Kat:3, Licht: 0","211277","3","6","2","04","13","4","","0","0","1","0","0"
"POINT (13.425186384000028 52.580747037000037)","Unfall 211278 (2021) Kat:2, Licht: 0","211278","2","1","0","03","14","4","","0","1","0","0","0"
"POINT (13.432769108000059 52.596299991000080)","Unfall 211279 (2021) Kat:3, Licht: 0","211279","3","4","6","04","07","2","","0","0","1","1","0"
"POINT (13.406112202000031 52.531774589000065)","Unfall 211280 (2021) Kat:3, Licht: 0","211280","3","5","1","05","08","5","","0","1","1","0","0"
"POINT (13.360684119000041 52.495984626000052)","Unfall 211281 (2021) Kat:2, Licht: 0","211281","2","5","1","05","15","7","","0","1","1","0","0"
"POINT (13.454829960000041 52.515655236000043)","Unfall 211282 (2021) Kat:3, Licht: 0","211282","3","6","2","05","15","3","","0","0","1","0","1"
"POINT (13.311088892000043 52.506587249000063)","Unfall 211283 (2021) Kat:3, Licht: 0","211283","3","3","5","04","17","2","","0","1","1","0","0"
"POINT (13.425925519000032 52.503574323000066)","Unfall 211284 (2021) Kat:3, Licht: 2","211284","3","5","1","05","23","7","","2","1","1","0","0"
"POINT (13.342880553000043 52.566588108000076)","Unfall 211285 (2021) Kat:2, Licht: 0","211285","2","5","1","05","17","7","","0","0","1","0","0"
"POINT (13.402202390000070 52.439706498000078)","Unfall 211286 (2021) Kat:3, Licht: 0","211286","3","3","5","04","18","7","","0","0","1","0","0"
"POINT (13.420627974000070 52.393194190000031)","Unfall 211287 (2021) Kat:3, Licht: 0","211287","3","4","6","03","13","4","","0","0","1","1","0"
"POINT (13.333140912000033 52.578916755000080)","Unfall 211288 (2021) Kat:3, Licht: 0","211288","3","7","5","04","06","3","","0","1","1","0","0"
"POINT (13.307279711000035 52.499019674000067)","Unfall 211289 (2021) Kat:3, Licht: 0","211289","3","3","5","05","15","1","","0","1","1","0","0"
"POINT (13.357718179000074 52.536105267000039)","Unfall 211290 (2021) Kat:3, Licht: 0","211290","3","6","3","04","11","7","","0","0","1","0","1"
"POINT (13.165303525000070 52.551012272000037)","Unfall 211291 (2021) Kat:3, Licht: 0","211291","3","3","5","05","11","4","","0","1","0","0","0"
"POINT (13.242438921000030 52.423367122000059)","Unfall 211292 (2021) Kat:3, Licht: 0","211292","3","3","5","05","18","5","","0","1","0","0","0"
"POINT (13.409042822000060 52.492867404000037)","Unfall 211293 (2021) Kat:2, Licht: 0","211293","2","6","3","05","14","2","","0","0","1","0","1"
"POINT (13.360268057000042 52.598687507000079)","Unfall 211294 (2021) Kat:3, Licht: 0","211294","3","4","6","03","14","7","","0","0","1","1","0"
"POINT (13.432489361000023 52.548256357000071)","Unfall 211295 (2021) Kat:3, Licht: 0","211295","3","3","5","04","17","6","","0","0","1","0","0"
"POINT (13.229653882000036 52.432492142000058)","Unfall 211296 (2021) Kat:2, Licht: 2","211296","2","7","0","03","05","4","","2","1","0","0","0"
"POINT (13.666463542000031 52.448592786000063)","Unfall 211297 (2021) Kat:2, Licht: 0","211297","2","7","0","04","09","4","","0","1","0","0","0"
"POINT (13.505368046000058 52.548805858000037)","Unfall 211298 (2021) Kat:2, Licht: 0","211298","2","4","6","05","18","6","","0","0","0","1","0"
"POINT (13.265319153000064 52.441941694000036)","Unfall 211299 (2021) Kat:3, Licht: 0","211299","3","3","5","04","12","3","","0","0","1","0","0"
"POINT (13.508570912000039 52.463721365000026)","Unfall 211300 (2021) Kat:3, Licht: 0","211300","3","6","2","03","09","3","","0","0","1","0","0"
"POINT (13.531192540000063 52.405137997000054)","Unfall 211301 (2021) Kat:3, Licht: 0","211301","3","3","5","04","13","2","","0","0","1","0","0"
"POINT (13.381430030000047 52.515226578000068)","Unfall 211302 (2021) Kat:3, Licht: 2","211302","3","1","0","05","22","6","","2","1","0","0","0"
"POINT (13.373836796000035 52.547467847000064)","Unfall 211303 (2021) Kat:3, Licht: 0","211303","3","4","6","04","14","3","","0","0","1","1","0"
"POINT (13.399639521000040 52.498449234000077)","Unfall 211304 (2021) Kat:3, Licht: 0","211304","3","3","5","04","18","5","","0","0","1","0","0"
"POINT (13.282266191000076 52.533773398000051)","Unfall 211305 (2021) Kat:3, Licht: 0","211305","3","2","5","05","16","4","","0","1","0","0","0"
"POINT (13.353244264000068 52.547700639000027)","Unfall 211306 (2021) Kat:3, Licht: 0","211306","3","2","5","05","12","4","","0","1","1","0","0"
"POINT (13.447139414000048 52.564838852000037)","Unfall 211307 (2021) Kat:3, Licht: 0","211307","3","2","5","03","12","6","","0","1","1","0","0"
"POINT (13.376741479000032 52.491547387000026)","Unfall 211308 (2021) Kat:2, Licht: 2","211308","2","1","8","04","21","5","","2","0","1","0","0"
"POINT (13.267321398000036 52.520264008000026)","Unfall 211309 (2021) Kat:2, Licht: 0","211309","2","3","5","03","12","3","","0","1","1","0","0"
"POINT (13.218427470000051 52.508886527000072)","Unfall 211310 (2021) Kat:3, Licht: 0","211310","3","3","5","04","19","3","","0","0","1","0","1"
"POINT (13.464781866000067 52.497621756000058)","Unfall 211311 (2021) Kat:3, Licht: 0","211311","3","2","5","05","19","4","","0","1","1","0","0"
"POINT (13.382933776000073 52.491528405000054)","Unfall 211312 (2021) Kat:3, Licht: 0","211312","3","3","0","04","12","5","","0","1","1","0","0"
"POINT (13.470921400000066 52.572719156000062)","Unfall 211313 (2021) Kat:3, Licht: 0","211313","3","6","4","04","15","2","","0","1","1","0","0"
"POINT (13.578284926000038 52.457111196000028)","Unfall 211314 (2021) Kat:3, Licht: 0","211314","3","7","6","05","12","6","","0","0","1","1","0"
"POINT (13.519387616000074 52.507176066000056)","Unfall 211315 (2021) Kat:3, Licht: 0","211315","3","6","2","05","10","1","","0","0","1","0","1"
"POINT (13.431564576000028 52.523327340000037)","Unfall 211316 (2021) Kat:3, Licht: 0","211316","3","6","3","04","13","5","","0","0","1","0","0"
"POINT (13.363971471000070 52.543776884000067)","Unfall 211317 (2021) Kat:3, Licht: 0","211317","3","5","1","05","17","2","","0","1","1","0","0"
"POINT (13.380101422000052 52.532796865000080)","Unfall 211318 (2021) Kat:2, Licht: 0","211318","2","2","5","04","13","2","","0","1","1","0","0"
"POINT (13.326233145000060 52.486379385000077)","Unfall 211319 (2021) Kat:3, Licht: 0","211319","3","3","0","05","17","2","","0","1","1","0","0"
"POINT (13.364673547000052 52.562720896000030)","Unfall 211320 (2021) Kat:3, Licht: 0","211320","3","2","5","03","16","5","","0","1","0","0","0"
"POINT (13.354706979000071 52.551916920000053)","Unfall 211321 (2021) Kat:3, Licht: 0","211321","3","2","5","04","13","5","","0","0","1","0","0"
"POINT (13.498951719000047 52.507540104000043)","Unfall 211322 (2021) Kat:3, Licht: 0","211322","3","3","5","03","14","2","","0","0","1","0","0"
"POINT (13.453967130000024 52.479665190000048)","Unfall 211323 (2021) Kat:3, Licht: 2","211323","3","2","2","05","22","3","","2","1","1","0","0"
"POINT (13.480890097000042 52.515097260000061)","Unfall 211324 (2021) Kat:2, Licht: 0","211324","2","3","5","04","15","5","","0","1","1","0","0"
"POINT (13.302977373000033 52.509848000000034)","Unfall 211325 (2021) Kat:3, Licht: 0","211325","3","5","1","04","11","6","","0","1","0","0","0"
"POINT (13.440051578000066 52.489595021000071)","Unfall 211326 (2021) Kat:3, Licht: 0","211326","3","2","5","04","18","4","","0","1","1","0","0"
"POINT (13.383772691000047 52.494357597000032)","Unfall 211327 (2021) Kat:3, Licht: 0","211327","3","2","5","05","14","5","","0","1","1","0","0"
"POINT (13.434865965000029 52.508365534000063)","Unfall 211328 (2021) Kat:2, Licht: 0","211328","2","4","6","05","19","4","","0","0","1","1","0"
"POINT (13.337072973000033 52.519918812000071)","Unfall 211329 (2021) Kat:3, Licht: 0","211329","3","2","5","05","10","5","","0","1","1","0","0"
"POINT (13.429540465000059 52.521908782000082)","Unfall 211330 (2021) Kat:3, Licht: 2","211330","3","5","1","05","23","1","","2","1","1","0","0"
"POINT (13.241925571000024 52.441833898000027)","Unfall 211331 (2021) Kat:3, Licht: 0","211331","3","6","2","04","15","2","","0","0","1","0","0"
"POINT (13.346137892000058 52.498868314000049)","Unfall 211332 (2021) Kat:2, Licht: 0","211332","2","3","5","03","18","3","","0","1","0","0","1"
"POINT (13.195559826000022 52.529229667000038)","Unfall 211333 (2021) Kat:3, Licht: 1","211333","3","2","5","05","21","7","","1","1","1","0","0"
"POINT (13.200789292000024 52.538502114000039)","Unfall 211334 (2021) Kat:3, Licht: 0","211334","3","2","0","04","12","6","","0","0","1","0","0"
"POINT (13.447065291000058 52.428250929000058)","Unfall 211335 (2021) Kat:3, Licht: 0","211335","3","5","1","03","14","3","","0","1","1","0","0"
"POINT (13.408584127000040 52.553401490000056)","Unfall 211336 (2021) Kat:3, Licht: 0","211336","3","6","2","04","16","3","","0","0","1","0","0"
"POINT (13.455686604000050 52.473947697000028)","Unfall 211337 (2021) Kat:3, Licht: 1","211337","3","6","0","04","20","6","","1","0","1","0","0"
"POINT (13.328361587000074 52.534130138000080)","Unfall 211338 (2021) Kat:3, Licht: 0","211338","3","6","3","04","08","5","","0","0","1","0","0"
"POINT (13.434675974000072 52.531858032000059)","Unfall 211339 (2021) Kat:3, Licht: 0","211339","3","7","2","05","07","3","","0","1","1","0","0"
"POINT (13.394650603000059 52.505268114000046)","Unfall 211340 (2021) Kat:3, Licht: 0","211340","3","2","5","05","19","3","","0","0","1","0","0"
"POINT (13.370785464000051 52.491017273000068)","Unfall 211341 (2021) Kat:3, Licht: 0","211341","3","5","1","03","13","6","","0","1","0","0","0"
"POINT (13.426989870000057 52.552212874000077)","Unfall 211342 (2021) Kat:3, Licht: 0","211342","3","2","5","04","15","6","","0","1","1","0","0"
"POINT (13.477582607000045 52.519954400000074)","Unfall 211343 (2021) Kat:3, Licht: 0","211343","3","7","0","03","12","3","","0","0","1","0","0"
"POINT (13.284220503000029 52.485292661000074)","Unfall 211344 (2021) Kat:3, Licht: 0","211344","3","3","5","04","12","5","","0","1","1","0","0"
"POINT (13.589927312000043 52.446224139000037)","Unfall 211345 (2021) Kat:2, Licht: 0","211345","2","5","1","05","13","6","","0","1","1","0","0"
"POINT (13.523866527000052 52.459639258000038)","Unfall 211346 (2021) Kat:3, Licht: 0","211346","3","7","5","04","16","4","","0","1","1","0","0"
"POINT (13.287192572000038 52.495832581000059)","Unfall 211347 (2021) Kat:3, Licht: 0","211347","3","2","5","04","07","5","","0","1","1","0","0"
"POINT (13.239811690000067 52.526299334000043)","Unfall 211348 (2021) Kat:3, Licht: 0","211348","3","6","2","04","11","3","","0","0","1","0","0"
"POINT (13.293273118000059 52.534151385000030)","Unfall 211349 (2021) Kat:3, Licht: 0","211349","3","2","3","05","11","5","","0","0","1","0","0"
"POINT (13.376322159000040 52.543016136000062)","Unfall 211350 (2021) Kat:3, Licht: 0","211350","3","2","5","05","20","1","","0","1","1","0","0"
"POINT (13.416227640000045 52.459412794000059)","Unfall 211351 (2021) Kat:3, Licht: 0","211351","3","3","5","04","17","4","","0","1","0","0","0"
"POINT (13.310246614000050 52.516345964000038)","Unfall 211352 (2021) Kat:3, Licht: 0","211352","3","6","3","05","11","2","","0","0","1","0","1"
"POINT (13.497366413000066 52.416193775000067)","Unfall 211353 (2021) Kat:3, Licht: 0","211353","3","4","6","05","18","2","","0","0","1","1","0"
"POINT (13.376018887000043 52.554683062000038)","Unfall 211354 (2021) Kat:3, Licht: 0","211354","3","6","2","03","16","5","","0","0","1","0","0"
"POINT (13.346804265000060 52.593231401000082)","Unfall 211355 (2021) Kat:3, Licht: 2","211355","3","5","1","04","22","5","","2","0","1","0","0"
"POINT (13.407870679000041 52.452457441000035)","Unfall 211356 (2021) Kat:3, Licht: 0","211356","3","3","5","03","17","1","","0","0","1","0","0"
"POINT (13.400483600000030 52.518832506000081)","Unfall 211357 (2021) Kat:3, Licht: 0","211357","3","5","1","04","19","3","","0","0","1","0","0"
"POINT (13.302810005000026 52.505954233000068)","Unfall 211358 (2021) Kat:3, Licht: 0","211358","3","1","0","05","17","4","","0","0","0","0","1"
"POINT (13.307400054000027 52.419850872000040)","Unfall 211359 (2021) Kat:3, Licht: 0","211359","3","3","5","04","15","4","","0","0","1","0","1"
"POINT (13.452723557000070 52.512429010000062)","Unfall 211360 (2021) Kat:3, Licht: 0","211360","3","3","5","03","14","4","","0","0","0","0","1"
"POINT (13.482467867000025 52.533494676000032)","Unfall 211361 (2021) Kat:3, Licht: 2","211361","3","6","3","04","01","1","","2","1","1","0","0"
"POINT (13.461580755000057 52.570168073000048)","Unfall 211362 (2021) Kat:3, Licht: 0","211362","3","5","0","05","13","5","","0","0","1","0","1"
"POINT (13.336184643000024 52.467431428000054)","Unfall 211363 (2021) Kat:3, Licht: 0","211363","3","3","5","05","12","6","","0","1","1","0","0"
"POINT (13.345743770000070 52.500690429000031)","Unfall 211364 (2021) Kat:3, Licht: 0","211364","3","2","5","04","15","4","","0","1","1","0","0"
"POINT (13.526840625000034 52.537014516000056)","Unfall 211365 (2021) Kat:2, Licht: 2","211365","2","7","3","03","22","3","","2","0","1","0","0"
"POINT (13.483585471000026 52.618912493000039)","Unfall 211366 (2021) Kat:3, Licht: 0","211366","3","7","2","04","12","2","","0","0","1","0","0"
"POINT (13.339328960000046 52.450970104000078)","Unfall 211367 (2021) Kat:3, Licht: 0","211367","3","5","1","05","19","5","","0","0","1","0","0"
"POINT (13.164740197000071 52.432122581000044)","Unfall 211368 (2021) Kat:3, Licht: 1","211368","3","6","2","04","19","1","","1","1","0","0","1"
"POINT (13.330398194000054 52.474285732000055)","Unfall 211369 (2021) Kat:3, Licht: 0","211369","3","5","1","05","10","7","","0","1","1","0","0"
"POINT (13.550509615000067 52.543090523000046)","Unfall 211370 (2021) Kat:3, Licht: 0","211370","3","6","2","04","16","4","","0","0","1","0","0"
"POINT (13.223317227000052 52.537272921000067)","Unfall 211371 (2021) Kat:3, Licht: 0","211371","3","2","5","05","14","2","","0","0","1","0","0"
"POINT (13.347563071000025 52.596365462000051)","Unfall 211372 (2021) Kat:3, Licht: 0","211372","3","4","6","05","13","4","","0","0","1","1","0"