WKT,Name,OBJECTID,UKATEGORIE,UTYP1,UART,UMONAT,USTUNDE,UWOCHENTAG,STRZUSTAND,ULICHTVERH,ISTRAD,ISTPKW,ISTFUSS,ISTKRAD
"POINT (13.413344588000029 52.491916907000075)","Unfall 211373 (2021) Kat:3, Licht: 0","211373","3","2","5","03","09","5","","0","1","1","0","0"
"POINT (13.609580673000039 52.533034367000027)","Unfall 211374 (2021) Kat:3, Licht: 0","211374","3","2","5","04","17","5","","0","0","1","0","0"
"POINT (13.330607139000051 52.562559294000039)","Unfall 211375 (2021) Kat:3, Licht: 0","211375","3","2","2","03","15","2","","0","0","1","0","1"
"POINT (13.271878435000076 52.537100278000082)","Unfall 211376 (2021) Kat:3, Licht: 0","211376","3","5","1","04","12","4","","0","1","1","0","0"
"POINT (13.256282493000072 52.428865463000079)","Unfall 211377 (2021) Kat:3, Licht: 0","211377","3","2","2","05","20","5","","0","0","1","0","0"
"POINT (13.133249829000022 52.526326064000045)","Unfall 211378 (2021) Kat:2, Licht: 0","211378","2","2","5","04","13","6","","0","1","1","0","0"
"POINT (13.385375853000028 52.531195821000040)","Unfall 211379 (2021) Kat:3, Licht: 0","211379","3","6","3","04","07","2","","0","1","0","0","0"
"POINT (13.356577196000046 52.522775294000041)","Unfall 211380 (2021) Kat:3, Licht: 0","211380","3","5","1","05","14","5","","0","1","1","0","0"
"POINT (13.323787261000064 52.587371611000037)","Unfall 211381 (2021) Kat:3, Licht: 0","211381","3","7","2","04","09","3","","0","0","1","0","0"
"POINT (13.600564101000032 52.535583695000071)","Unfall 211382 (2021) Kat:3, Licht: 0","211382","3","1","2","05","11","6","","0","0","1","0","0"
"POINT (13.394903034000038 52.497625952000078)","Unfall 211383 (2021) Kat:3, Licht: 0","211383","3","6","2","05","19","2","","0","0","1","0","0"
"POINT (13.183477186000061 52.541526124000029)","Unfall 211384 (2021) Kat:3, Licht: 0","211384","3","2","5","05","09","2","","0","0","1","0","0"
"POINT (13.427643145000047 52.567940465000049)","Unfall 211385 (2021) Kat:3, Licht: 0","211385","3","2","5","04","19","2","","0","0","1","0","0"
"POINT (13.329577736000033 52.587316863000069)","Unfall 211386 (2021) Kat:3, Licht: 0","211386","3","6","2","05","11","2","","0","0","1","0","0"
"POINT (13.328182797000068 52.478940182000031)","Unfall 211387 (2021) Kat:2, Licht: 2","211387","2","4","6","03","01","4","","2","0","0","1","0"
"POINT (13.593981146000033 52.453184512000064)","Unfall 211388 (2021) Kat:2, Licht: 0","211388","2","4","6","04","06","4","","0","0","0","1","0"
"POINT (13.381461398000056 52.461391824000032)","Unfall 211389 (2021) Kat:3, Licht: 0","211389","3","7","0","05","19","4","","0","0","0","0","1"
"POINT (13.572049401000072 52.513284144000067)","Unfall 211390 (2021) Kat:3, Licht: 0","211390","3","3","5","05","14","2","","0","1","1","0","0"
"POINT (13.207804689000056 52.539952867000068)","Unfall 211391 (2021) Kat:3, Licht: 0","211391","3","7","1","04","15","5","","0","1","1","0","0"
"POINT (13.347033736000071 52.591424938000046)","Unfall 211392 (2021) Kat:3, Licht: 0","211392","3","6","3","04","17","6","","0","0","1","0","1"
"POINT (13.393213662000051 52.459967676000076)","Unfall 211393 (2021) Kat:3, Licht: 0","211393","3","5","1","04","18","4","","0","1","1","0","0"
"POINT (13.324454135000053 52.532219162000047)","Unfall 211394 (2021) Kat:3, Licht: 2","211394","3","3","5","05","21","4","","2","0","1","0","0"
"POINT (13.573591919000023 52.546553531000029)","Unfall 211395 (2021) Kat:2, Licht: 0","211395","2","2","5","05","06","5","","0","1","1","0","0"
"POINT (13.328600626000025 52.495210250000071)","Unfall 211396 (2021) Kat:2, Licht: 0","211396","2","7","1","05","08","2","","0","0","1","0","0"
"POINT (13.454661918000056 52.515823977000082)","Unfall 211397 (2021) Kat:3, Licht: 0","211397","3","1","0","04","11","2","","0","1","0","0","0"
"POINT (13.408501807000050 52.500812945000064)","Unfall 211398 (2021) Kat:2, Licht: 0","211398","2","5","1","03","16","3","","0","1","0","0","0"
"POINT (13.291601277000041 52.506671070000039)","Unfall 211399 (2021) Kat:3, Licht: 0","211399","3","7","5","05","15","2","","0","1","0","0","0"
"POINT (13.429821392000065 52.506669093000028)","Unfall 211400 (2021) Kat:3, Licht: 0","211400","3","5","1","04","12","6","","0","1","1","0","0"
"POINT (13.397081505000074 52.532476780000081)","Unfall 211401 (2021) Kat:3, Licht: 0","211401","3","6","2","03","11","3","","0","0","1","0","0"
"POINT (13.379231613000059 52.529451307000045)","Unfall 211402 (2021) Kat:3, Licht: 0","211402","3","2","5","04","14","4","","0","1","1","0","0"
"POINT (13.585425319000024 52.427073757000073)","Unfall 211403 (2021) Kat:3, Licht: 0","211403","3","3","5","05","08","6","","0","0","1","0","0"
"POINT (13.400931103000062 52.414537285000051)","Unfall 211404 (2021) Kat:3, Licht: 0","211404","3","2","5","04","14","5","","0","1","1","0","0"
"POINT (13.367484208000064 52.586363336000034)","Unfall 211405 (2021) Kat:3, Licht: 0","211405","3","2","0","05","13","3","","0","1","1","0","0"
"POINT (13.435108546000038 52.428567083000075)","Unfall 211406 (2021) Kat:3, Licht: 0","211406","3","6","2","05","16","3","","0","0","1","0","0"
"POINT (13.484647853000070 52.448101106000081)","Unfall 211407 (2021) Kat:3, Licht: 2","211407","3","6","3","03","22","6","","2","0","1","0","0"
"POINT (13.198478136000062 52.542845674000034)","Unfall 211408 (2021) Kat:2, Licht: 0","211408","2","2","5","04","14","1","","0","0","1","0","0"
"POINT (13.479961863000028 52.526626417000045)","Unfall 211409 (2021) Kat:3, Licht: 0","211409","3","2","5","03","08","2","","0","1","1","0","0"
"POINT (13.325435457000026 52.589702827000053)","Unfall 211410 (2021) Kat:3, Licht: 0","211410","3","6","2","04","09","5","","0","0","1","0","0"
"POINT (13.452854602000059 52.475312255000063)","Unfall 211411 (2021) Kat:3, Licht: 0","211411","3","2","0","05","18","5","","0","1","1","0","0"
"POINT (13.415579375000050 52.527244472000064)","Unfall 211412 (2021) Kat:3, Licht: 0","211412","3","2","2","04","16","3","","0","0","1","0","1"
"POINT (13.379440505000048 52.551124439000034)","Unfall 211413 (2021) Kat:3, Licht: 0","211413","3","5","1","04","12","7","","0","1","1","0","0"
"POINT (13.198280721000060 52.533017109000070)","Unfall 211414 (2021) Kat:2, Licht: 0","211414","2","6","0","04","12","3","","0","0","1","0","0"
"POINT (13.519548991000022 52.428304369000045)","Unfall 211415 (2021) Kat:2, Licht: 0","211415","2","2","5","05","13","6","","0","0","1","0","0"
"POINT (13.497866134000049 52.499567196000044)","Unfall 211416 (2021) Kat:3, Licht: 2","211416","3","3","5","04","03","2","","2","0","1","0","0"
"POINT (13.327569369000059 52.503804912000078)","Unfall 211417 (2021) Kat:3, Licht: 2","211417","3","7","0","05","00","7","","2","0","1","0","0"
"POINT (13.401497794000022 52.506196984000042)","Unfall 211418 (2021) Kat:3, Licht: 0","211418","3","2","5","04","15","4","","0","1","1","0","0"
"POINT (13.155136400000060 52.533054635000042)","Unfall 211419 (2021) Kat:3, Licht: 0","211419","3","6","0","05","17","2","","0","0","1","0","0"
"POINT (13.328566077000062 52.562423882000076)","Unfall 211420 (2021) Kat:3, Licht: 0","211420","3","3","5","05","08","2","","0","0","1","0","0"
"POINT (13.437641623000047 52.500150161000079)","Unfall 211421 (2021) Kat:3, Licht: 1","211421","3","6","2","03","17","6","","1","0","1","0","0"
"POINT (13.191559425000037 52.546138211000027)","Unfall 211422 (2021) Kat:2, Licht: 0","211422","2","2","5","04","08","6","","0","1","1","0","0"
"POINT (13.197490652000056 52.524293296000053)","Unfall 211423 (2021) Kat:3, Licht: 0","211423","3","2","6","03","17","2","","0","0","1","1","0"
"POINT (13.467335246000061 52.429831279000041)","Unfall 211424 (2021) Kat:3, Licht: 0","211424","3","4","6","04","15","3","","0","0","1","1","0"
"POINT (13.395740860000046 52.386672946000033)","Unfall 211425 (2021) Kat:3, Licht: 0","211425","3","6","6","05","11","4","","0","1","0","1","0"
"POINT (13.391574242000047 52.457527987000049)","Unfall 211426 (2021) Kat:3, Licht: 0","211426","3","7","0","04","15","4","","0","1","1","0","0"
"POINT (13.662579565000044 52.411575610000057)","Unfall 211427 (2021) Kat:3, Licht: 0","211427","3","5","1","03","14","4","","0","1","1","0","0"
"POINT (13.433758689000058 52.496772585000031)","Unfall 211428 (2021) Kat:3, Licht: 0","211428","3","7","0","04","10","2","","0","1","0","0","0"
"POINT (13.427848993000055 52.567927993000069)","Unfall 211429 (2021) Kat:3, Licht: 0","211429","3","3","6","05","10","5","","0","0","1","1","0"
"POINT (13.407885237000073 52.504315679000058)","Unfall 211430 (2021) Kat:3, Licht: 0","211430","3","3","5","04","13","4","","0","1","1","0","0"
"POINT (13.417280927000036 52.499007019000032)","Unfall 211431 (2021) Kat:3, Licht: 0","211431","3","3","5","05","14","7","","0","1","1","0","0"
"POINT (13.312414680000074 52.576948110000046)","Unfall 211432 (2021) Kat:3, Licht: 0","211432","3","2","5","05","12","2","","0","0","1","0","1"
"POINT (13.165169351000031 52.533314864000033)","Unfall 211433 (2021) Kat:3, Licht: 0","211433","3","2","6","04","18","2","","0","0","1","1","0"
"POINT (13.330164128000035 52.564018027000031)","Unfall 211434 (2021) Kat:2, Licht: 0","211434","2","1","0","05","13","7","","0","0","0","0","0"
"POINT (13.599141220000035 52.528313144000037)","Unfall 211435 (2021) Kat:2, Licht: 0","211435","2","1","0","05","15","2","","0","1","0","0","0"
"POINT (13.383733632000030 52.555002279000064)","Unfall 211436 (2021) Kat:3, Licht: 1","211436","3","2","5","04","19","1","","1","1","1","0","0"
"POINT (13.441016568000066 52.479268684000033)","Unfall 211437 (2021) Kat:3, Licht: 0","211437","3","3","0","03","15","4","","0","1","1","0","0"
"POINT (13.314400192000051 52.509547061000035)","Unfall 211438 (2021) Kat:2, Licht: 0","211438","2","2","5","04","11","5","","0","0","1","0","1"
"POINT (13.435925052000073 52.417220200000031)","Unfall 211439 (2021) Kat:3, Licht: 0","211439","3","3","5","04","11","3","","0","0","1","0","0"
"POINT (13.303783251000027 52.458727628000076)","Unfall 211440 (2021) Kat:3, Licht: 0","211440","3","2","5","05","15","1","","0","1","1","0","0"
"POINT (13.302951397000072 52.645236508000039)","Unfall 211441 (2021) Kat:3, Licht: 0","211441","3","7","6","04","16","5","","0","0","0","1","0"
"POINT (13.405419398000049 52.534324793000053)","Unfall 211442 (2021) Kat:3, Licht: 2","211442","3","5","1","05","21","4","","2","1","1","0","0"
"POINT (13.444321090000074 52.573664473000065)","Unfall 211443 (2021) Kat:3, Licht: 0","211443","3","2","5","05","15","6","","0","1","0","0","0"
"POINT (13.452033189000076 52.527762732000042)","Unfall 211444 (2021) Kat:3, Licht: 0","211444","3","2","6","05","11","2","","0","0","1","1","0"
"POINT (13.341402609000056 52.505494983000062)","Unfall 211445 (2021) Kat:3, Licht: 0","211445","3","1","9","03","11","1","","0","0","0","0","1"
"POINT (13.464482800000042 52.470088897000039)","Unfall 211446 (2021) Kat:3, Licht: 2","211446","3","4","6","04","21","7","","2","0","1","1","0"
"POINT (13.454486226000029 52.494055005000064)","Unfall 211447 (2021) Kat:3, Licht: 0","211447","3","6","0","03","17","3","","0","1","1","0","0"
"POINT (13.375340390000076 52.455383981000068)","Unfall 211448 (2021) Kat:3, Licht: 0","211448","3","2","5","05","06","6","","0","0","1","0","1"
"POINT (13.495910833000039 52.432264050000072)","Unfall 211449 (2021) Kat:2, Licht: 2","211449","2","1","0","05","20","5","","2","1","0","0","0"
"POINT (13.303496999000060 52.432299649000072)","Unfall 211450 (2021) Kat:3, Licht: 0","211450","3","3","5","04","07","3","","0","1","1","0","0"
"POINT (13.318888949000041 52.519257367000080)","Unfall 211451 (2021) Kat:2, Licht: 0","211451","2","2","3","04","18","6","","0","1","0","0","0"
"POINT (13.325969184000030 52.587440904000061)","Unfall 211452 (2021) Kat:3, Licht: 0","211452","3","7","0","05","15","7","","0","1","0","1","0"
"POINT (13.609694835000028 52.532768339000029)","Unfall 211453 (2021) Kat:2, Licht: 0","211453","2","6","2","05","07","3","","0","0","1","0","0"
"POINT (13.497120396000071 52.539192711000055)","Unfall 211454 (2021) Kat:2, Licht: 0","211454","2","4","6","05","18","7","","0","0","1","1","0"
"POINT (13.418612510000060 52.499227163000057)","Unfall 211455 (2021) Kat:3, Licht: 0","211455","3","1","9","05","06","1","","0","0","1","0","0"
"POINT (13.384732867000025 52.529222868000033)","Unfall 211456 (2021) Kat:2, Licht: 2","211456","2","2","6","04","05","1","","2","0","0","1","0"
"POINT (13.437872739000056 52.529882162000035)","Unfall 211457 (2021) Kat:2, Licht: 0","211457","2","3","5","05","14","7","","0","1","0","0","0"
"POINT (13.432093591000068 52.509418109000080)","Unfall 211458 (2021) Kat:3, Licht: 0","211458","3","2","5","03","17","4","","0","1","1","0","0"
"POINT (13.295156123000027 52.475658087000056)","Unfall 211459 (2021) Kat:3, Licht: 0","211459","3","7","2","04","08","4","","0","0","1","0","1"
"POINT (13.501683704000072 52.513009652000051)","Unfall 211460 (2021) Kat:3, Licht: 2","211460","3","7","6","04","05","6","","2","0","1","1","0"
"POINT (13.385294051000074 52.550337936000062)","Unfall 211461 (2021) Kat:3, Licht: 0","211461","3","7","0","04","08","6","","0","0","1","0","0"
"POINT (13.454895619000069 52.507859627000073)","Unfall 211462 (2021) Kat:3, Licht: 0","211462","3","6","2","05","08","4","","0","1","1","0","0"
"POINT (13.477824327000064 52.510177543000054)","Unfall 211463 (2021) Kat:3, Licht: 0","211463","3","3","5","05","14","5","","0","1","0","0","0"
"POINT (13.439764159000049 52.519226050000043)","Unfall 211464 (2021) Kat:3, Licht: 0","211464","3","5","1","05","15","2","","0","1","1","0","0"
"POINT (13.368502822000039 52.552347973000053)","Unfall 211465 (2021) Kat:3, Licht: 0","211465","3","7","0","04","16","2","","0","1","0","0","0"
"POINT (13.530116026000030 52.456935874000067)","Unfall 211466 (2021) Kat:3, Licht: 0","211466","3","5","1","03","08","4","","0","1","1","0","0"
"POINT (13.240031866000038 52.618752282000059)","Unfall 211467 (2021) Kat:2, Licht: 0","211467","2","3","5","05","07","6","","0","1","1","0","0"
"POINT (13.381499752000025 52.552417997000077)","Unfall 211468 (2021) Kat:3, Licht: 0","211468","3","3","5","05","17","6","","0","0","1","0","0"
"POINT (13.564618937000034 52.438624100000027)","Unfall 211469 (2021) Kat:3, Licht: 0","211469","3","3","5","04","14","6","","0","1","1","0","0"
"POINT (13.320556971000030 52.429862603000061)","Unfall 211470 (2021) Kat:3, Licht: 0","211470","3","7","5","03","12","3","","0","0","1","0","1"
"POINT (13.376757754000039 52.509878009000033)","Unfall 211471 (2021) Kat:3, Licht: 0","211471","3","2","0","04","19","3","","0","0","1","0","0"
"POINT (13.330638749000059 52.562577865000037)","Unfall 211472 (2021) Kat:3, Licht: 0","211472","3","2","5","05","18","6","","0","0","1","0","0"
"POINT (13.499918375000050 52.534218621000036)","Unfall 211473 (2021) Kat:3, Licht: 0","211473","3","1","0","04","19","5","","0","0","0","0","1"
"POINT (13.277979105000043 52.503389436000077)","Unfall 211474 (2021) Kat:3, Licht: 0","211474","3","7","5","05","14","3","","0","0","1","0","0"
"POINT (13.583935484000051 52.515141236000034)","Unfall 211475 (2021) Kat:3, Licht: 0","211475","3","6","3","05","15","4","","0","0","0","0","1"
"POINT (13.503851737000048 52.460822870000072)","Unfall 211476 (2021) Kat:3, Licht: 0","211476","3","2","5","03","09","6","","0","1","1","0","0"
"POINT (13.343140453000046 52.526629247000074)","Unfall 211477 (2021) Kat:3, Licht: 1","211477","3","6","3","04","19","1","","1","1","1","0","0"
"POINT (13.563670703000071 52.517288368000038)","Unfall 211478 (2021) Kat:3, Licht: 0","211478","3","6","2","03","14","3","","0","0","1","0","0"
"POINT (13.344388871000035 52.438046955000061)","Unfall 211479 (2021) Kat:3, Licht: 0","211479","3","6","2","04","09","4","","0","0","1","0","0"
"POINT (13.354994432000069 52.413287165000042)","Unfall 211480 (2021) Kat:3, Licht: 1","211480","3","6","2","05","11","4","","1","0","1","0","0"
"POINT (13.329273561000036 52.538996626000028)","Unfall 211481 (2021) Kat:2, Licht: 0","211481","2","3","5","04","07","3","","0","0","1","0","1"
"POINT (13.274845913000036 52.460673767000060)","Unfall 211482 (2021) Kat:3, Licht: 0","211482","3","6","2","04","14","6","","0","0","1","0","0"
"POINT (13.357900239000060 52.494446425000035)","Unfall 211483 (2021) Kat:3, Licht: 0","211483","3","5","1","04","15","2","","0","0","1","0","1"
"POINT (13.287214855000059 52.496014560000049)","Unfall 211484 (2021) Kat:3, Licht: 0","211484","3","1","0","05","11","6","","0","1","0","0","0"
"POINT (13.282970350000028 52.518650006000030)","Unfall 211485 (2021) Kat:3, Licht: 0","211485","3","2","5","04","19","1","","0","0","1","0","0"
"POINT (13.435362868000027 52.521657602000062)","Unfall 211486 (2021) Kat:3, Licht: 0","211486","3","3","5","05","16","7","","0","0","1","0","0"
"POINT (13.401000526000075 52.530027565000069)","Unfall 211487 (2021) Kat:3, Licht: 1","211487","3","6","4","04","20","4","","1","1","0","0","0"
"POINT (13.361982014000034 52.485839183000053)","Unfall 211488 (2021) Kat:3, Licht: 0","211488","3","5","1","05","19","2","","0","1","0","0","0"
"POINT (13.461746103000053 52.430803253000079)","Unfall 211489 (2021) Kat:3, Licht: 0","211489","3","3","5","04","10","2","","0","0","1","0","0"
"POINT (13.379203533000066 52.552885304000029)","Unfall 211490 (2021) Kat:3, Licht: 0","211490","3","4","0","05","15","2","","0","0","0","1","1"
"POINT (13.196768249000058 52.531421258000080)","Unfall 211491 (2021) Kat:2, Licht: 0","211491","2","4","6","03","12","5","","0","1","0","1","0"
"POINT (13.443682070000023 52.485652301000073)","Unfall 211492 (2021) Kat:3, Licht: 0","211492","3","7","1","04","15","5","","0","0","1","0","0"
"POINT (13.399186683000039 52.504138461000082)","Unfall 211493 (2021) Kat:3, Licht: 0","211493","3","6","3","03","14","2","","0","1","1","0","0"
"POINT (13.417975291000062 52.515567256000054)","Unfall 211494 (2021) Kat:3, Licht: 0","211494","3","6","3","04","18","3","","0","0","1","0","0"
"POINT (13.426554633000023 52.476642661000028)","Unfall 211495 (2021) Kat:3, Licht: 0","211495","3","5","1","05","19","4","","0","1","1","0","0"
"POINT (13.457038797000052 52.502934899000081)","Unfall 211496 (2021) Kat:3, Licht: 0","211496","3","6","2","04","12","5","","0","1","1","0","0"
"POINT (13.310407510000061 52.430963228000053)","Unfall 211497 (2021) Kat:3, Licht: 0","211497","3","4","6","04","08","2","","0","0","1","1","0"
"POINT (13.129867165000064 52.452839082000082)","Unfall 211498 (2021) Kat:3, Licht: 0","211498","3","6","3","05","10","5","","0","1","0","0","0"
"POINT (13.409795900000063 52.524014490000070)","Unfall 211499 (2021) Kat:3, Licht: 0","211499","3","2","5","04","08","4","","0","1","0","0","0"
"POINT (13.328648302000033 52.528538931000071)","Unfall 211500 (2021) Kat:3, Licht: 0","211500","3","7","5","05","10","6","","0","0","1","0","1"
"POINT (13.510989229000074 52.471901081000055)","Unfall 211501 (2021) Kat:3, Licht: 1","211501","3","1","0","05","06","3","","1","0","0","0","1"
"POINT (13.503388425000026 52.411683213000060)","Unfall 211502 (2021) Kat:3, Licht: 0","211502","3","2","2","04","08","3","","0","0","1","0","0"
"POINT (13.422127740000064 52.535427456000036)","Unfall 211503 (2021) Kat:3, Licht: 2","211503","3","3","5","05","22","7","","2","0","1","0","0"
"POINT (13.371936226000059 52.469894937000049)","Unfall 211504 (2021) Kat:3, Licht: 0","211504","3","2","5","05","17","1","","0","1","1","0","0"
"POINT (13.359915523000041 52.446517798000059)","Unfall 211505 (2021) Kat:3, Licht: 0","211505","3","5","1","04","12","7","","0","0","1","0","0"
"POINT (13.414415693000024 52.553892389000055)","Unfall 211506 (2021) Kat:3, Licht: 2","211506","3","3","5","03","23","4","","2","1","1","0","0"
"POINT (13.527611953000076 52.490932326000063)","Unfall 211507 (2021) Kat:3, Licht: 0","211507","3","2","5","04","13","4","","0","1","1","0","0"
"POINT (13.495225312000059 52.504866117000063)","Unfall 211508 (2021) Kat:3, Licht: 2","211508","3","7","5","05","22","7","","2","1","1","0","0"
"POINT (13.188967369000068 52.521596146000036)","Unfall 211509 (2021) Kat:3, Licht: 0","211509","3","6","2","04","15","6","","0","0","1","0","0"
"POINT (13.401403205000065 52.384552109000026)","Unfall 211510 (2021) Kat:3, Licht: 1","211510","3","5","1","05","21","4","","1","1","1","0","0"
"POINT (13.382332675000043 52.523022961000038)","Unfall 211511 (2021) Kat:3, Licht: 0","211511","3","7","5","05","19","5","","0","0","1","0","0"
"POINT (13.370517812000060 52.468938734000062)","Unfall 211512 (2021) Kat:3, Licht: 0","211512","3","3","5","05","19","2","","0","1","1","0","0"
"POINT (13.469973061000076 52.512407275000044)","Unfall 211513 (2021) Kat:3, Licht: 0","211513","3","4","6","03","16","7","","0","0","1","1","0"
"POINT (13.375018022000063 52.543431716000043)","Unfall 211514 (2021) Kat:3, Licht: 0","211514","3","5","0","04","18","6","","0","0","1","0","0"
"POINT (13.288096366000048 52.502968788000032)","Unfall 211515 (2021) Kat:3, Licht: 0","211515","3","2","5","03","17","4","","0","1","0","0","0"
"POINT (13.501715606000062 52.506667481000079)","Unfall 211516 (2021) Kat:3, Licht: 0","211516","3","5","1","05","18","6","","0","1","1","0","0"
"POINT (13.340930698000022 52.499302744000033)","Unfall 211517 (2021) Kat:3, Licht: 0","211517","3","2","5","04","12","5","","0","1","1","0","0"
"POINT (13.184669628000051 52.515432121000060)","Unfall 211518 (2021) Kat:3, Licht: 0","211518","3","2","2","03","16","2","","0","0","1","0","0"
"POINT (13.339427802000046 52.460374835000039)","Unfall 211519 (2021) Kat:3, Licht: 0","211519","3","7","5","04","13","3","","0","0","1","0","1"
"POINT (13.286580751000031 52.575601007000046)","Unfall 211520 (2021) Kat:3, Licht: 0","211520","3","6","2","05","17","6","","0","0","1","0","1"
"POINT (13.573528910000050 52.552283836000072)","Unfall 211521 (2021) Kat:2, Licht: 0","211521","2","4","6","04","14","3","","0","0","1","1","0"
"POINT (13.295273566000049 52.497746606000078)","Unfall 211522 (2021) Kat:3, Licht: 0","211522","3","4","0","04","11","6","","0","0","0","1","0"
"POINT (13.580387947000077 52.417608050000069)","Unfall 211523 (2021) Kat:3, Licht: 0","211523","3","3","5","05","17","3","","0","1","1","0","0"
"POINT (13.413655363000032 52.511295458000063)","Unfall 211524 (2021) Kat:3, Licht: 0","211524","3","3","5","05","18","4","","0","1","1","0","0"
"POINT (13.134402754000064 52.550529480000080)","Unfall 211525 (2021) Kat:3, Licht: 0","211525","3","7","6","03","17","6","","0","0","0","1","0"
"POINT (13.378840928000045 52.437662048000050)","Unfall 211526 (2021) Kat:3, Licht: 0","211526","3","3","5","04","09","6","","0","0","1","0","0"
"POINT (13.495922700000051 52.640964850000046)","Unfall 211527 (2021) Kat:3, Licht: 0","211527","3","5","0","03","11","3","","0","0","1","0","0"
"POINT (13.509067253000069 52.542159223000056)","Unfall 211528 (2021) Kat:3, Licht: 0","211528","3","3","5","04","17","3","","0","0","1","0","1"
"POINT (13.387464257000033 52.484575749000044)","Unfall 211529 (2021) Kat:3, Licht: 0","211529","3","6","0","05","09","5","","0","0","1","0","1"
"POINT (13.359019323000041 52.546391356000072)","Unfall 211530 (2021) Kat:3, Licht: 0","211530","3","2","5","04","11","6","","0","0","1","0","0"
"POINT (13.285172913000054 52.483954244000074)","Unfall 211531 (2021) Kat:3, Licht: 0","211531","3","5","1","04","17","1","","0","1","1","0","0"
"POINT (13.385794888000078 52.391418723000072)","Unfall 211532 (2021) Kat:3, Licht: 0","211532","3","3","5","05","14","6","","0","0","1","0","0"
"POINT (13.578308699000047 52.459260314000062)","Unfall 211533 (2021) Kat:2, Licht: 0","211533","2","2","5","05","13","7","","0","1","1","0","0"
"POINT (13.347665383000049 52.582847815000036)","Unfall 211534 (2021) Kat:3, Licht: 0","211534","3","3","5","04","10","5","","0","0","1","0","0"
"POINT (13.402661608000074 52.523514919000036)","Unfall 211535 (2021) Kat:3, Licht: 0","211535","3","7","0","03","18","2","","0","1","0","0","0"
"POINT (13.343706462000057 52.546308236000073)","Unfall 211536 (2021) Kat:3, Licht: 0","211536","3","7","5","04","10","4","","0","1","1","0","0"
"POINT (13.477806902000054 52.417782872000032)","Unfall 211537 (2021) Kat:3, Licht: 0","211537","3","3","5","05","07","7","","0","0","1","0","0"
"POINT (13.285925371000076 52.449730098000032)","Unfall 211538 (2021) Kat:2, Licht: 0","211538","2","3","5","04","07","3","","0","1","1","0","0"
"POINT (13.407954458000063 52.489178820000063)","Unfall 211539 (2021) Kat:3, Licht: 0","211539","3","4","6","04","06","6","","0","1","0","1","0"
"POINT (13.441256840000051 52.549563827000043)","Unfall 211540 (2021) Kat:3, Licht: 0","211540","3","2","6","05","15","3","","0","0","1","1","0"
"POINT (13.501444786000036 52.483006645000046)","Unfall 211541 (2021) Kat:3, Licht: 0","211541","3","6","2","05","16","4","","0","0","1","0","0"
"POINT (13.358060530000046 52.596786911000038)","Unfall 211542 (2021) Kat:3, Licht: 0","211542","3","4","6","03","17","7","","0","0","1","1","0"
"POINT (13.398370555000042 52.488890715000082)","Unfall 211543 (2021) Kat:3, Licht: 0","211543","3","3","5","04","16","5","","0","1","0","0","0"
"POINT (13.351215373000059 52.528965510000035)","Unfall 211544 (2021) Kat:3, Licht: 0","211544","3","7","2","03","15","3","","0","0","1","0","0"
"POINT (13.465456366000069 52.516320051000037)","Unfall 211545 (2021) Kat:3, Licht: 0","211545","3","4","6","04","13","3","","0","0","1","1","0"
"POINT (13.280927247000022 52.518365049000067)","Unfall 211546 (2021) Kat:3, Licht: 0","211546","3","6","2","05","13","4","","0","0","1","0","1"
"POINT (13.255308392000074 52.440631748000044)","Unfall 211547 (2021) Kat:3, Licht: 0","211547","3","3","5","04","13","4","","0","0","1","0","0"
"POINT (13.279246712000031 52.503518397000050)","Unfall 211548 (2021) Kat:3, Licht: 0","211548","3","2","5","04","14","6","","0","0","1","0","0"
"POINT (13.308254080000040 52.615640957000039)","Unfall 211549 (2021) Kat:3, Licht: 0","211549","3","7","6","04","11","3","","0","1","0","1","0"
"POINT (13.417203052000048 52.543402407000031)","Unfall 211550 (2021) Kat:3, Licht: 0","211550","3","3","5","05","13","5","","0","0","1","0","0"
"POINT (13.398164428000030 52.567570654000065)","Unfall 211551 (2021) Kat:3, Licht: 0","211551","3","7","6","05","13","7","","0","1","0","1","0"
"POINT (13.284351103000063 52.486721278000061)","Unfall 211552 (2021) Kat:2, Licht: 0","211552","2","2","5","04","19","4","","0","1","1","0","0"
"POINT (13.341330728000059 52.505195849000074)","Unfall 211553 (2021) Kat:3, Licht: 0","211553","3","2","5","05","08","2","","0","0","0","0","0"
"POINT (13.291933130000075 52.590549817000067)","Unfall 211554 (2021) Kat:3, Licht: 0","211554","3","2","5","04","10","2","","0","1","0","0","0"
"POINT (13.311792536000041 52.497557151000080)","Unfall 211555 (2021) Kat:3, Licht: 0","211555","3","6","3","05","08","3","","0","0","1","0","1"
"POINT (13.479540759000031 52.643687293000028)","Unfall 211556 (2021) Kat:3, Licht: 0","211556","3","2","5","03","08","5","","0","0","1","0","0"
"POINT (13.441695843000048 52.469700881000051)","Unfall 211557 (2021) Kat:3, Licht: 0","211557","3","6","3","04","12","5","","0","0","1","0","1"
"POINT (13.159854392000057 52.521860189000051)","Unfall 211558 (2021) Kat:2, Licht: 0","211558","2","4","6","03","11","1","","0","0","1","1","0"
"POINT (13.441039449000073 52.498957005000079)","Unfall 211559 (2021) Kat:3, Licht: 0","211559","3","5","1","05","11","3","","0","1","0","0","0"