WKT,Name,OBJECTID,UKATEGORIE,UTYP1,UART,UMONAT,USTUNDE,UWOCHENTAG,STRZUSTAND,ULICHTVERH,ISTRAD,ISTPKW,ISTFUSS,ISTKRAD
"POINT (13.396360161000075 52.519722459000036)","Unfall 211560 (2021) Kat:3, Licht: 0","211560","3","1","0","03","14","4","","0","1","0","0","0"
"POINT (13.322077089000061 52.560598201000062)","Unfall 211561 (2021) Kat:3, Licht: 0","211561","3","6","2","04","18","1","","0","0","1","0","0"
"POINT (13.389885244000027 52.535274635000064)","Unfall 211562 (2021) Kat:3, Licht: 2","211562","3","1","0","04","20","4","","2","0","0","0","1"
"POINT (13.533446116000050 52.491690719000076)","Unfall 211563 (2021) Kat:3, Licht: 0","211563","3","3","0","05","17","4","","0","0","1","0","0"
"POINT (13.339256304000060 52.525854830000071)","Unfall 211564 (2021) Kat:3, Licht: 2","211564","3","2","0","05","23","6","","2","1","1","0","0"
"POINT (13.197205778000068 52.524250064000057)","Unfall 211565 (2021) Kat:2, Licht: 0","211565","2","2","6","05","17","3","","0","0","1","1","0"
"POINT (13.261543394000057 52.515939225000068)","Unfall 211566 (2021) Kat:3, Licht: 0","211566","3","4","6","04","12","2","","0","0","0","1","0"
"POINT (13.485449099000050 52.526677129000063)","Unfall 211567 (2021) Kat:3, Licht: 0","211567","3","3","5","05","18","7","","0","0","1","0","0"
"POINT (13.412087443000075 52.543141538000043)","Unfall 211568 (2021) Kat:3, Licht: 0","211568","3","2","5","05","09","7","","0","1","1","0","0"
"POINT (13.443337707000069 52.511965606000047)","Unfall 211569 (2021) Kat:3, Licht: 0","211569","3","3","5","04","13","5","","0","1","1","0","0"
"POINT (13.409020179000038 52.387086932000045)","Unfall 211570 (2021) Kat:3, Licht: 0","211570","3","5","1","03","12","4","","0","0","1","0","0"
"POINT (13.313985844000058 52.506928847000040)","Unfall 211571 (2021) Kat:2, Licht: 0","211571","2","5","5","04","13","4","","0","0","1","0","1"
"POINT (13.285973774000070 52.453016429000058)","Unfall 211572 (2021) Kat:3, Licht: 0","211572","3","3","5","05","14","7","","0","0","1","0","0"
"POINT (13.392110349000063 52.507795191000071)","Unfall 211573 (2021) Kat:3, Licht: 0","211573","3","3","5","04","18","6","","0","0","1","0","0"
"POINT (13.298353610000049 52.579789963000053)","Unfall 211574 (2021) Kat:3, Licht: 0","211574","3","7","5","05","19","4","","0","0","1","0","0"
"POINT (13.395028339000021 52.497628104000057)","Unfall 211575 (2021) Kat:3, Licht: 0","211575","3","2","5","05","17","5","","0","1","1","0","0"
"POINT (13.409998874000053 52.516147992000072)","Unfall 211576 (2021) Kat:3, Licht: 0","211576","3","6","2","05","10","2","","0","0","1","0","0"
"POINT (13.386910485000044 52.559504149000077)","Unfall 211577 (2021) Kat:3, Licht: 0","211577","3","6","2","03","11","7","","0","0","1","0","0"
"POINT (13.299335647000078 52.447851868000043)","Unfall 211578 (2021) Kat:2, Licht: 0","211578","2","6","2","04","13","6","","0","0","1","0","1"
"POINT (13.372077620000027 52.485009963000039)","Unfall 211579 (2021) Kat:3, Licht: 0","211579","3","2","5","03","18","3","","0","1","1","0","0"
"POINT (13.525363832000039 52.481128189000060)","Unfall 211580 (2021) Kat:2, Licht: 0","211580","2","7","0","04","13","4","","0","0","1","0","0"
"POINT (13.409076843000037 52.488918011000067)","Unfall 211581 (2021) Kat:3, Licht: 0","211581","3","6","3","05","17","6","","0","0","1","0","1"
"POINT (13.217240593000042 52.537849312000048)","Unfall 211582 (2021) Kat:2, Licht: 2","211582","2","1","9","04","04","3","","2","0","1","0","0"
"POINT (13.485535592000076 52.464318192000064)","Unfall 211583 (2021) Kat:3, Licht: 0","211583","3","2","5","03","13","3","","0","0","1","0","0"
"POINT (13.464847030000044 52.429602784000053)","Unfall 211584 (2021) Kat:3, Licht: 0","211584","3","6","2","04","15","3","","0","0","1","0","0"
"POINT (13.565616820000059 52.529205278000063)","Unfall 211585 (2021) Kat:3, Licht: 0","211585","3","3","0","05","09","6","","0","1","1","0","0"
"POINT (13.394385572000033 52.507020553000075)","Unfall 211586 (2021) Kat:3, Licht: 0","211586","3","3","5","04","11","2","","0","0","1","0","0"
"POINT (13.452954991000070 52.445616251000047)","Unfall 211587 (2021) Kat:3, Licht: 0","211587","3","7","2","05","14","1","","0","0","1","0","0"
"POINT (13.133611583000061 52.461612240000079)","Unfall 211588 (2021) Kat:3, Licht: 0","211588","3","3","0","04","07","5","","0","0","1","0","1"
"POINT (13.414898999000059 52.538931807000040)","Unfall 211589 (2021) Kat:3, Licht: 0","211589","3","6","0","05","11","3","","0","1","1","0","0"
"POINT (13.345916255000077 52.574343401000078)","Unfall 211590 (2021) Kat:3, Licht: 0","211590","3","3","5","05","09","4","","0","0","1","0","0"
"POINT (13.572850131000052 52.550360530000034)","Unfall 211591 (2021) Kat:3, Licht: 0","211591","3","6","2","03","11","5","","0","0","1","0","0"
"POINT (13.414485601000024 52.608910326000057)","Unfall 211592 (2021) Kat:2, Licht: 1","211592","2","4","6","04","07","5","","1","0","1","1","0"
"POINT (13.227203793000058 52.549459508000041)","Unfall 211593 (2021) Kat:3, Licht: 0","211593","3","2","5","03","15","1","","0","0","1","0","0"
"POINT (13.336053185000026 52.618476945000054)","Unfall 211594 (2021) Kat:3, Licht: 0","211594","3","2","5","04","13","3","","0","0","1","0","1"
"POINT (13.297040527000036 52.577442395000048)","Unfall 211595 (2021) Kat:3, Licht: 0","211595","3","6","3","05","14","4","","0","0","1","0","1"
"POINT (13.365725783000073 52.556833163000078)","Unfall 211596 (2021) Kat:3, Licht: 0","211596","3","2","5","04","17","5","","0","0","1","0","0"
"POINT (13.417532392000055 52.513200499000050)","Unfall 211597 (2021) Kat:3, Licht: 0","211597","3","6","0","04","08","2","","0","1","1","0","0"
"POINT (13.315797294000049 52.506112314000063)","Unfall 211598 (2021) Kat:3, Licht: 0","211598","3","2","5","05","16","5","","0","1","1","0","0"
"POINT (13.460242276000031 52.508930913000029)","Unfall 211599 (2021) Kat:3, Licht: 0","211599","3","6","2","05","20","6","","0","1","1","0","0"
"POINT (13.342038431000049 52.545029725000063)","Unfall 211600 (2021) Kat:3, Licht: 2","211600","3","5","1","05","23","2","","2","0","1","0","0"
"POINT (13.489858372000072 52.431471922000071)","Unfall 211601 (2021) Kat:3, Licht: 0","211601","3","1","0","05","16","2","","0","0","0","0","1"
"POINT (13.463421349000043 52.508173490000047)","Unfall 211602 (2021) Kat:3, Licht: 0","211602","3","3","5","04","19","2","","0","1","1","0","0"
"POINT (13.331310184000074 52.420040523000068)","Unfall 211603 (2021) Kat:3, Licht: 0","211603","3","3","5","05","11","3","","0","0","1","0","0"
"POINT (13.390830316000063 52.583772269000065)","Unfall 211604 (2021) Kat:3, Licht: 0","211604","3","3","0","03","07","4","","0","1","0","0","0"
"POINT (13.524551021000036 52.559687456000063)","Unfall 211605 (2021) Kat:3, Licht: 0","211605","3","3","5","04","16","4","","0","1","1","0","0"
"POINT (13.491429836000066 52.637590463000038)","Unfall 211606 (2021) Kat:2, Licht: 0","211606","2","6","2","05","20","3","","0","0","0","0","1"
"POINT (13.332642877000069 52.455900057000065)","Unfall 211607 (2021) Kat:3, Licht: 0","211607","3","2","6","04","09","6","","0","0","1","1","0"
"POINT (13.200682232000077 52.538724466000076)","Unfall 211608 (2021) Kat:3, Licht: 0","211608","3","2","5","04","13","5","","0","1","1","0","0"
"POINT (13.430658482000069 52.511095514000033)","Unfall 211609 (2021) Kat:3, Licht: 0","211609","3","3","5","04","14","6","","0","1","1","0","0"
"POINT (13.303802749000056 52.503174262000073)","Unfall 211610 (2021) Kat:3, Licht: 0","211610","3","5","1","05","08","4","","0","1","0","0","0"
"POINT (13.444777716000033 52.615332236000029)","Unfall 211611 (2021) Kat:3, Licht: 0","211611","3","3","5","05","06","5","","0","0","1","0","0"
"POINT (13.322086017000061 52.473485806000042)","Unfall 211612 (2021) Kat:2, Licht: 2","211612","2","2","5","05","20","2","","2","1","0","0","0"
"POINT (13.473165046000076 52.464545434000058)","Unfall 211613 (2021) Kat:3, Licht: 2","211613","3","1","0","04","20","2","","2","1","0","0","0"
"POINT (13.562225430000069 52.437105859000042)","Unfall 211614 (2021) Kat:3, Licht: 0","211614","3","6","2","03","18","3","","0","0","1","0","0"
"POINT (13.422498859000029 52.499182052000037)","Unfall 211615 (2021) Kat:3, Licht: 0","211615","3","2","5","05","14","7","","0","1","1","0","0"
"POINT (13.429926999000031 52.469926994000048)","Unfall 211616 (2021) Kat:3, Licht: 0","211616","3","3","5","05","14","7","","0","0","1","0","1"
"POINT (13.455670015000067 52.623215725000080)","Unfall 211617 (2021) Kat:3, Licht: 0","211617","3","6","3","04","06","6","","0","0","1","0","1"
"POINT (13.578818122000030 52.419382263000045)","Unfall 211618 (2021) Kat:3, Licht: 0","211618","3","7","5","03","06","3","","0","0","1","0","0"
"POINT (13.293870685000059 52.496362803000068)","Unfall 211619 (2021) Kat:3, Licht: 0","211619","3","3","5","04","16","4","","0","1","1","0","0"
"POINT (13.279208211000025 52.503172212000038)","Unfall 211620 (2021) Kat:3, Licht: 0","211620","3","6","2","05","12","2","","0","0","1","0","0"
"POINT (13.226722960000075 52.550273724000078)","Unfall 211621 (2021) Kat:2, Licht: 0","211621","2","1","0","04","17","1","","0","0","0","0","1"
"POINT (13.387927588000025 52.420738051000058)","Unfall 211622 (2021) Kat:3, Licht: 0","211622","3","3","5","05","15","3","","0","0","1","0","0"
"POINT (13.358809189000056 52.596825718000048)","Unfall 211623 (2021) Kat:3, Licht: 0","211623","3","2","5","03","11","5","","0","1","1","0","0"
"POINT (13.362509684000031 52.493523738000079)","Unfall 211624 (2021) Kat:3, Licht: 0","211624","3","4","6","04","08","5","","0","0","1","1","0"
"POINT (13.460252487000048 52.529324992000056)","Unfall 211625 (2021) Kat:3, Licht: 0","211625","3","6","0","03","18","2","","0","0","0","0","1"
"POINT (13.567447792000053 52.573322320000045)","Unfall 211626 (2021) Kat:3, Licht: 0","211626","3","3","5","05","19","3","","0","1","1","0","0"
"POINT (13.352865517000055 52.504000972000028)","Unfall 211627 (2021) Kat:2, Licht: 0","211627","2","3","5","04","15","5","","0","1","1","0","0"
"POINT (13.363435936000030 52.478637358000071)","Unfall 211628 (2021) Kat:3, Licht: 0","211628","3","3","5","04","12","6","","0","1","1","0","0"
"POINT (13.344986725000069 52.538920395000048)","Unfall 211629 (2021) Kat:3, Licht: 0","211629","3","6","2","05","16","5","","0","1","1","0","0"
"POINT (13.580807793000076 52.460025670000050)","Unfall 211630 (2021) Kat:2, Licht: 0","211630","2","4","6","05","12","4","","0","0","0","1","0"
"POINT (13.331389637000029 52.530977685000039)","Unfall 211631 (2021) Kat:3, Licht: 0","211631","3","4","6","05","07","6","","0","0","1","1","0"
"POINT (13.438912219000031 52.568653545000075)","Unfall 211632 (2021) Kat:3, Licht: 0","211632","3","3","5","05","12","2","","0","0","1","0","0"
"POINT (13.492041457000028 52.572284048000029)","Unfall 211633 (2021) Kat:3, Licht: 0","211633","3","7","1","04","10","2","","0","0","1","0","0"
"POINT (13.205114021000043 52.434064877000026)","Unfall 211634 (2021) Kat:3, Licht: 0","211634","3","5","1","03","17","4","","0","1","1","0","0"
"POINT (13.489626194000039 52.473238904000027)","Unfall 211635 (2021) Kat:3, Licht: 0","211635","3","5","1","05","17","1","","0","0","1","0","0"
"POINT (13.337791711000023 52.473727923000069)","Unfall 211636 (2021) Kat:2, Licht: 2","211636","2","2","5","04","21","6","","2","1","0","0","1"
"POINT (13.354114055000025 52.488165763000040)","Unfall 211637 (2021) Kat:3, Licht: 0","211637","3","6","2","03","09","4","","0","1","1","0","0"
"POINT (13.384009879000075 52.471575969000071)","Unfall 211638 (2021) Kat:3, Licht: 0","211638","3","5","1","04","19","3","","0","0","1","0","0"
"POINT (13.352218929000060 52.496703225000033)","Unfall 211639 (2021) Kat:3, Licht: 0","211639","3","3","5","04","11","6","","0","1","1","0","0"
"POINT (13.511300305000077 52.464230227000030)","Unfall 211640 (2021) Kat:2, Licht: 0","211640","2","4","6","04","14","5","","0","0","0","1","1"
"POINT (13.399460184000077 52.498288582000043)","Unfall 211641 (2021) Kat:2, Licht: 0","211641","2","3","5","05","17","4","","0","0","1","0","0"
"POINT (13.452647401000036 52.539208090000045)","Unfall 211642 (2021) Kat:3, Licht: 0","211642","3","7","5","05","12","5","","0","0","1","0","0"
"POINT (13.530873589000066 52.415674004000039)","Unfall 211643 (2021) Kat:2, Licht: 0","211643","2","2","5","05","07","2","","0","1","1","0","0"
"POINT (13.542294525000045 52.399774625000077)","Unfall 211644 (2021) Kat:2, Licht: 0","211644","2","4","6","03","15","6","","0","0","1","1","0"
"POINT (13.323056178000058 52.505669470000043)","Unfall 211645 (2021) Kat:3, Licht: 0","211645","3","3","5","04","19","7","","0","1","1","0","0"
"POINT (13.428162572000076 52.493436414000030)","Unfall 211646 (2021) Kat:3, Licht: 0","211646","3","6","3","03","09","2","","0","1","1","0","0"
"POINT (13.367787351000061 52.602727075000075)","Unfall 211647 (2021) Kat:3, Licht: 0","211647","3","3","5","04","17","5","","0","0","1","0","0"
"POINT (13.415455021000071 52.451461085000062)","Unfall 211648 (2021) Kat:2, Licht: 0","211648","2","7","0","05","14","6","","0","0","1","0","0"
"POINT (13.368936014000042 52.552449258000081)","Unfall 211649 (2021) Kat:2, Licht: 0","211649","2","5","1","04","18","4","","0","0","1","0","0"
"POINT (13.437104693000038 52.472985138000070)","Unfall 211650 (2021) Kat:3, Licht: 0","211650","3","5","1","03","13","3","","0","1","1","0","0"
"POINT (13.380250931000035 52.481888269000081)","Unfall 211651 (2021) Kat:3, Licht: 0","211651","3","2","5","04","18","2","","0","1","1","0","0"
"POINT (13.622171207000065 52.532929062000051)","Unfall 211652 (2021) Kat:3, Licht: 0","211652","3","4","6","05","18","5","","0","0","0","1","1"
"POINT (13.439411820000032 52.452760716000057)","Unfall 211653 (2021) Kat:3, Licht: 0","211653","3","6","6","04","17","7","","0","1","0","1","0"
"POINT (13.259733171000050 52.570910472000037)","Unfall 211654 (2021) Kat:3, Licht: 0","211654","3","6","2","05","15","1","","0","0","1","0","0"
"POINT (13.270941405000030 52.510395337000034)","Unfall 211655 (2021) Kat:3, Licht: 0","211655","3","6","2","04","09","5","","0","0","1","0","0"
"POINT (13.413990479000063 52.553628710000055)","Unfall 211656 (2021) Kat:3, Licht: 0","211656","3","6","2","05","19","3","","0","1","1","0","0"
"POINT (13.351304386000038 52.524355482000033)","Unfall 211657 (2021) Kat:3, Licht: 0","211657","3","6","0","05","19","4","","0","0","1","0","1"
"POINT (13.293605949000039 52.445793967000043)","Unfall 211658 (2021) Kat:3, Licht: 0","211658","3","2","5","03","12","5","","0","0","1","0","0"
"POINT (13.575522495000030 52.447482418000050)","Unfall 211659 (2021) Kat:3, Licht: 0","211659","3","3","5","04","12","5","","0","1","1","0","0"
"POINT (13.373147294000034 52.487874237000028)","Unfall 211660 (2021) Kat:2, Licht: 0","211660","2","3","5","03","19","2","","0","1","1","0","0"
"POINT (13.409607693000055 52.528210064000064)","Unfall 211661 (2021) Kat:2, Licht: 0","211661","2","5","1","04","12","3","","0","1","1","0","0"
"POINT (13.428057011000021 52.501254188000075)","Unfall 211662 (2021) Kat:3, Licht: 0","211662","3","3","5","05","17","4","","0","0","1","0","1"
"POINT (13.203792095000040 52.427647056000069)","Unfall 211663 (2021) Kat:2, Licht: 0","211663","2","3","5","04","13","4","","0","0","1","0","0"
"POINT (13.467694768000058 52.553933255000061)","Unfall 211664 (2021) Kat:3, Licht: 0","211664","3","3","5","04","11","6","","0","0","1","0","0"
"POINT (13.446185624000066 52.468164922000028)","Unfall 211665 (2021) Kat:3, Licht: 0","211665","3","6","2","04","12","1","","0","0","1","0","0"
"POINT (13.507336013000042 52.635728053000037)","Unfall 211666 (2021) Kat:3, Licht: 0","211666","3","3","5","04","13","3","","0","0","1","0","0"
"POINT (13.345982567000021 52.497181296000065)","Unfall 211667 (2021) Kat:3, Licht: 0","211667","3","6","2","05","10","5","","0","0","1","0","0"
"POINT (13.425180092000062 52.516178657000069)","Unfall 211668 (2021) Kat:3, Licht: 0","211668","3","5","1","05","10","6","","0","1","1","0","0"
"POINT (13.412846214000069 52.546757164000041)","Unfall 211669 (2021) Kat:3, Licht: 0","211669","3","7","0","05","12","2","","0","0","1","0","0"
"POINT (13.360526758000049 52.585373845000049)","Unfall 211670 (2021) Kat:3, Licht: 0","211670","3","7","5","05","08","2","","0","0","1","0","0"
"POINT (13.310434636000025 52.421098753000081)","Unfall 211671 (2021) Kat:3, Licht: 0","211671","3","6","3","04","13","1","","0","1","1","0","0"
"POINT (13.514987276000056 52.567314299000031)","Unfall 211672 (2021) Kat:3, Licht: 0","211672","3","7","6","05","16","7","","0","1","0","1","0"
"POINT (13.361985342000025 52.497706313000037)","Unfall 211673 (2021) Kat:3, Licht: 0","211673","3","2","0","03","09","4","","0","0","0","0","0"
"POINT (13.470591478000074 52.435343918000058)","Unfall 211674 (2021) Kat:2, Licht: 0","211674","2","1","0","04","08","4","","0","1","0","0","0"
"POINT (13.300736478000033 52.506838066000057)","Unfall 211675 (2021) Kat:2, Licht: 0","211675","2","3","5","05","07","4","","0","1","1","0","0"
"POINT (13.277362744000072 52.535184903000072)","Unfall 211676 (2021) Kat:2, Licht: 1","211676","2","2","5","05","05","2","","1","1","1","0","0"
"POINT (13.424913782000033 52.502087272000040)","Unfall 211677 (2021) Kat:3, Licht: 0","211677","3","2","5","03","08","3","","0","1","1","0","0"
"POINT (13.300155379000046 52.504922845000067)","Unfall 211678 (2021) Kat:3, Licht: 2","211678","3","6","2","04","02","7","","2","1","1","0","0"
"POINT (13.349575268000024 52.449134012000059)","Unfall 211679 (2021) Kat:3, Licht: 0","211679","3","3","5","05","18","4","","0","0","1","0","0"
"POINT (13.378940172000057 52.449012236000044)","Unfall 211680 (2021) Kat:3, Licht: 0","211680","3","1","0","05","09","5","","0","0","0","0","1"
"POINT (13.269127324000067 52.485081845000082)","Unfall 211681 (2021) Kat:3, Licht: 0","211681","3","3","5","05","15","2","","0","1","1","0","0"
"POINT (13.454043515000023 52.488913433000050)","Unfall 211682 (2021) Kat:3, Licht: 0","211682","3","2","5","04","13","2","","0","1","0","0","0"
"POINT (13.517261486000052 52.535289181000053)","Unfall 211683 (2021) Kat:3, Licht: 0","211683","3","2","5","03","15","4","","0","1","0","0","0"
"POINT (13.386289245000057 52.549313232000031)","Unfall 211684 (2021) Kat:3, Licht: 0","211684","3","6","1","05","15","6","","0","0","1","0","1"
"POINT (13.390708370000027 52.505563480000035)","Unfall 211685 (2021) Kat:3, Licht: 0","211685","3","7","5","05","18","7","","0","0","1","0","1"
"POINT (13.404439903000025 52.528848948000075)","Unfall 211686 (2021) Kat:3, Licht: 0","211686","3","6","4","04","12","3","","0","1","1","0","0"
"POINT (13.203427756000053 52.555517789000078)","Unfall 211687 (2021) Kat:3, Licht: 0","211687","3","1","8","04","12","6","","0","0","0","0","1"
"POINT (13.559126953000032 52.448422480000033)","Unfall 211688 (2021) Kat:3, Licht: 0","211688","3","6","2","03","11","3","","0","0","1","0","0"
"POINT (13.499183001000063 52.408604862000061)","Unfall 211689 (2021) Kat:3, Licht: 0","211689","3","5","4","04","12","4","","0","1","1","0","0"
"POINT (13.413437210000041 52.506728247000069)","Unfall 211690 (2021) Kat:3, Licht: 0","211690","3","3","5","05","15","6","","0","1","0","0","1"
"POINT (13.592948652000075 52.548409133000064)","Unfall 211691 (2021) Kat:3, Licht: 0","211691","3","2","5","04","18","6","","0","0","1","0","0"
"POINT (13.469498624000039 52.502368293000075)","Unfall 211692 (2021) Kat:3, Licht: 0","211692","3","4","6","05","15","3","","0","1","1","1","0"
"POINT (13.421962732000054 52.493023803000028)","Unfall 211693 (2021) Kat:3, Licht: 0","211693","3","3","5","05","16","4","","0","1","1","0","0"
"POINT (13.280821850000052 52.476960179000059)","Unfall 211694 (2021) Kat:3, Licht: 0","211694","3","2","5","03","10","6","","0","1","1","0","0"
"POINT (13.309347823000053 52.492073822000066)","Unfall 211695 (2021) Kat:3, Licht: 0","211695","3","3","5","04","10","1","","0","0","1","0","0"
"POINT (13.367812627000035 52.526094861000047)","Unfall 211696 (2021) Kat:3, Licht: 0","211696","3","2","5","03","16","3","","0","0","1","0","1"
"POINT (13.401960580000036 52.390474065000035)","Unfall 211697 (2021) Kat:3, Licht: 0","211697","3","7","5","04","10","4","","0","0","1","0","0"
"POINT (13.572481097000036 52.505509257000028)","Unfall 211698 (2021) Kat:3, Licht: 0","211698","3","1","9","05","15","5","","0","0","1","0","0"
"POINT (13.380103737000070 52.532797729000038)","Unfall 211699 (2021) Kat:3, Licht: 0","211699","3","3","5","04","09","7","","0","1","1","0","0"
"POINT (13.420225213000037 52.538149723000060)","Unfall 211700 (2021) Kat:3, Licht: 0","211700","3","3","5","04","12","2","","0","1","0","0","0"
"POINT (13.390548803000058 52.563024496000082)","Unfall 211701 (2021) Kat:3, Licht: 0","211701","3","2","5","05","13","6","","0","1","1","0","0"
"POINT (13.367293824000058 52.524032687000044)","Unfall 211702 (2021) Kat:3, Licht: 0","211702","3","7","0","04","16","1","","0","0","0","0","1"
"POINT (13.448742521000042 52.473218134000035)","Unfall 211703 (2021) Kat:2, Licht: 0","211703","2","4","6","05","12","7","","0","1","0","1","0"
"POINT (13.438047466000057 52.546191230000034)","Unfall 211704 (2021) Kat:2, Licht: 0","211704","2","2","5","04","08","4","","0","1","1","0","0"
"POINT (13.267167462000032 52.496426665000058)","Unfall 211705 (2021) Kat:3, Licht: 0","211705","3","3","5","05","13","2","","0","1","0","0","0"
"POINT (13.281257556000071 52.585412742000074)","Unfall 211706 (2021) Kat:3, Licht: 0","211706","3","3","5","04","17","2","","0","0","1","0","1"
"POINT (13.395013801000061 52.497629083000049)","Unfall 211707 (2021) Kat:3, Licht: 0","211707","3","2","5","04","18","5","","0","1","1","0","0"
"POINT (13.347920799000065 52.503504259000067)","Unfall 211708 (2021) Kat:3, Licht: 0","211708","3","4","6","05","14","3","","0","0","1","1","0"
"POINT (13.351373124000077 52.578099007000048)","Unfall 211709 (2021) Kat:3, Licht: 2","211709","3","2","5","05","22","3","","2","0","1","0","1"
"POINT (13.396072288000028 52.507062807000068)","Unfall 211710 (2021) Kat:3, Licht: 0","211710","3","7","5","03","08","6","","0","0","1","0","1"
"POINT (13.426356472000066 52.424285453000039)","Unfall 211711 (2021) Kat:3, Licht: 0","211711","3","7","0","04","19","7","","0","0","1","0","0"
"POINT (13.225970693000022 52.555042037000078)","Unfall 211712 (2021) Kat:2, Licht: 0","211712","2","2","5","03","13","2","","0","0","0","0","0"
"POINT (13.346455717000026 52.431241720000060)","Unfall 211713 (2021) Kat:2, Licht: 2","211713","2","7","1","04","00","5","","2","0","1","0","0"
"POINT (13.292608226000027 52.578690061000032)","Unfall 211714 (2021) Kat:3, Licht: 0","211714","3","3","5","05","14","6","","0","1","1","0","0"
"POINT (13.347723486000064 52.575834149000059)","Unfall 211715 (2021) Kat:2, Licht: 0","211715","2","3","5","04","17","3","","0","1","0","0","1"
"POINT (13.521809547000032 52.567080736000037)","Unfall 211716 (2021) Kat:3, Licht: 0","211716","3","3","5","04","15","3","","0","0","1","0","1"
"POINT (13.509319819000041 52.472723392000034)","Unfall 211717 (2021) Kat:2, Licht: 0","211717","2","1","9","04","17","5","","0","0","0","0","1"
"POINT (13.352279185000043 52.569309911000062)","Unfall 211718 (2021) Kat:3, Licht: 0","211718","3","7","6","04","08","3","","0","0","1","1","0"
"POINT (13.343005217000041 52.450441787000045)","Unfall 211719 (2021) Kat:3, Licht: 0","211719","3","1","0","05","18","5","","0","1","0","0","0"
"POINT (13.138983434000068 52.417209747000072)","Unfall 211720 (2021) Kat:3, Licht: 0","211720","3","3","5","05","15","1","","0","0","1","0","1"
"POINT (13.556039256000076 52.433567368000070)","Unfall 211721 (2021) Kat:3, Licht: 0","211721","3","6","2","04","17","4","","0","0","1","0","0"
"POINT (13.589008036000052 52.541275594000069)","Unfall 211722 (2021) Kat:3, Licht: 0","211722","3","3","5","05","18","2","","0","0","1","0","0"
"POINT (13.405625851000025 52.511224778000042)","Unfall 211723 (2021) Kat:3, Licht: 2","211723","3","7","2","04","20","2","","2","0","1","0","0"
"POINT (13.432040780000023 52.499332586000037)","Unfall 211724 (2021) Kat:3, Licht: 0","211724","3","2","5","05","12","2","","0","1","0","0","0"
"POINT (13.375800140000024 52.542611180000051)","Unfall 211725 (2021) Kat:3, Licht: 0","211725","3","5","1","03","15","5","","0","1","1","0","0"
"POINT (13.516080577000025 52.565771392000045)","Unfall 211726 (2021) Kat:3, Licht: 0","211726","3","6","2","04","13","6","","0","0","1","0","0"
"POINT (13.360319439000023 52.561916995000047)","Unfall 211727 (2021) Kat:2, Licht: 0","211727","2","1","9","03","13","1","","0","0","1","0","0"
"POINT (13.360267484000076 52.482323246000078)","Unfall 211728 (2021) Kat:3, Licht: 2","211728","3","5","1","04","21","3","","2","0","0","0","1"
"POINT (13.331995183000060 52.442509556000061)","Unfall 211729 (2021) Kat:2, Licht: 0","211729","2","1","2","05","20","5","","0","0","1","0","0"
"POINT (13.335816957000077 52.515725799000052)","Unfall 211730 (2021) Kat:3, Licht: 0","211730","3","4","0","04","15","3","","0","1","0","1","0"
"POINT (13.186741345000030 52.537691898000048)","Unfall 211731 (2021) Kat:3, Licht: 0","211731","3","4","6","04","11","5","","0","0","1","1","0"
"POINT (13.452566931000035 52.557910369000069)","Unfall 211732 (2021) Kat:3, Licht: 0","211732","3","7","2","04","17","1","","0","0","1","0","0"
"POINT (13.509170522000034 52.473427726000068)","Unfall 211733 (2021) Kat:3, Licht: 0","211733","3","3","5","05","15","5","","0","1","1","0","0"
"POINT (13.389368825000076 52.514763126000048)","Unfall 211734 (2021) Kat:3, Licht: 0","211734","3","6","2","04","08","3","","0","1","1","0","0"
"POINT (13.510199051000029 52.496211958000060)","Unfall 211735 (2021) Kat:3, Licht: 0","211735","3","4","6","05","07","6","","0","1","0","1","0"
"POINT (13.292770392000023 52.506732960000079)","Unfall 211736 (2021) Kat:3, Licht: 0","211736","3","3","5","05","14","3","","0","1","1","0","0"
"POINT (13.195483530000047 52.529051214000049)","Unfall 211737 (2021) Kat:3, Licht: 0","211737","3","6","2","05","13","7","","0","0","1","0","0"
"POINT (13.533707412000069 52.555368374000068)","Unfall 211738 (2021) Kat:3, Licht: 0","211738","3","5","5","05","16","2","","0","0","1","0","1"
"POINT (13.153961351000021 52.462779473000069)","Unfall 211739 (2021) Kat:3, Licht: 1","211739","3","5","1","04","18","2","","1","0","1","0","0"
"POINT (13.399618491000069 52.566505075000066)","Unfall 211740 (2021) Kat:3, Licht: 0","211740","3","6","6","04","20","6","","0","1","0","1","0"
"POINT (13.346081763000029 52.436095666000028)","Unfall 211741 (2021) Kat:3, Licht: 0","211741","3","6","0","03","11","4","","0","0","1","0","0"
"POINT (13.437871936000022 52.473143761000074)","Unfall 211742 (2021) Kat:3, Licht: 0","211742","3","3","5","04","17","4","","0","1","1","0","0"
"POINT (13.519861590000062 52.461120665000067)","Unfall 211743 (2021) Kat:3, Licht: 0","211743","3","1","0","05","16","1","","0","1","0","0","0"
"POINT (13.445250392000048 52.479190606000031)","Unfall 211744 (2021) Kat:3, Licht: 2","211744","3","2","5","04","22","6","","2","0","1","0","0"
"POINT (13.234674638000058 52.529304768000031)","Unfall 211745 (2021) Kat:2, Licht: 0","211745","2","3","5","05","06","4","","0","0","0","0","1"
"POINT (13.292505056000039 52.581075544000043)","Unfall 211746 (2021) Kat:3, Licht: 0","211746","3","3","5","05","15","5","","0","0","1","0","0"