WKT,Name,OBJECTID,UKATEGORIE,UTYP1,UART,UMONAT,USTUNDE,UWOCHENTAG,STRZUSTAND,ULICHTVERH,ISTRAD,ISTPKW,ISTFUSS,ISTKRAD
"POINT (13.561971807000077 52.456513945000040)","Unfall 211747 (2021) Kat:3, Licht: 0","211747","3","6","2","05","18","2","","0","0","1","0","0"
"POINT (13.300298076000047 52.570062577000044)","Unfall 211748 (2021) Kat:3, Licht: 0","211748","3","3","5","03","08","7","","0","1","1","0","0"
"POINT (13.450316670000063 52.470842300000072)","Unfall 211749 (2021) Kat:3, Licht: 2","211749","3","1","0","04","23","3","","2","0","0","0","0"
"POINT (13.561020234000068 52.547475380000037)","Unfall 211750 (2021) Kat:3, Licht: 0","211750","3","3","5","03","18","4","","0","1","1","0","0"
"POINT (13.500211362000073 52.459900544000050)","Unfall 211751 (2021) Kat:3, Licht: 2","211751","3","2","5","05","22","6","","2","0","1","0","1"
"POINT (13.465751365000074 52.499207723000040)","Unfall 211752 (2021) Kat:3, Licht: 0","211752","3","2","5","05","10","6","","0","0","1","0","0"
"POINT (13.374530422000078 52.468411526000068)","Unfall 211753 (2021) Kat:3, Licht: 0","211753","3","6","2","04","16","5","","0","0","1","0","1"
"POINT (13.332498639000050 52.545567419000065)","Unfall 211754 (2021) Kat:3, Licht: 0","211754","3","6","0","03","10","3","","0","1","1","0","0"
"POINT (13.455977102000077 52.482323862000044)","Unfall 211755 (2021) Kat:3, Licht: 0","211755","3","5","1","04","19","3","","0","1","1","0","0"
"POINT (13.302401987000053 52.506738639000048)","Unfall 211756 (2021) Kat:3, Licht: 0","211756","3","2","5","05","09","7","","0","0","1","0","1"
"POINT (13.477678013000059 52.530859942000063)","Unfall 211757 (2021) Kat:3, Licht: 0","211757","3","7","6","04","07","3","","0","0","1","1","0"
"POINT (13.177201976000049 52.548884505000046)","Unfall 211758 (2021) Kat:3, Licht: 0","211758","3","2","5","04","09","6","","0","1","1","0","0"
"POINT (13.324374881000040 52.487436951000063)","Unfall 211759 (2021) Kat:2, Licht: 0","211759","2","7","5","05","15","3","","0","1","1","0","0"
"POINT (13.346059310000044 52.544853825000075)","Unfall 211760 (2021) Kat:3, Licht: 0","211760","3","3","5","05","15","4","","0","0","1","0","0"
"POINT (13.487132419000034 52.617467290000036)","Unfall 211761 (2021) Kat:2, Licht: 0","211761","2","3","5","03","11","6","","0","1","1","0","0"
"POINT (13.356650978000062 52.490238293000061)","Unfall 211762 (2021) Kat:3, Licht: 0","211762","3","7","2","04","18","6","","0","0","1","0","1"
"POINT (13.360337671000025 52.537246786000026)","Unfall 211763 (2021) Kat:3, Licht: 0","211763","3","2","5","03","15","3","","0","1","1","0","0"
"POINT (13.198677030000056 52.532789421000075)","Unfall 211764 (2021) Kat:2, Licht: 0","211764","2","2","5","04","10","4","","0","0","0","0","0"
"POINT (13.521848908000038 52.500736577000055)","Unfall 211765 (2021) Kat:3, Licht: 0","211765","3","1","0","05","14","4","","0","1","1","0","0"
"POINT (13.391337286000066 52.550376139000036)","Unfall 211766 (2021) Kat:2, Licht: 0","211766","2","2","6","04","17","3","","0","0","1","1","0"
"POINT (13.141599256000063 52.532452012000078)","Unfall 211767 (2021) Kat:2, Licht: 0","211767","2","2","5","04","16","6","","0","0","1","0","1"
"POINT (13.493232261000060 52.514422593000063)","Unfall 211768 (2021) Kat:3, Licht: 0","211768","3","2","0","04","09","3","","0","0","1","0","0"
"POINT (13.157839840000065 52.543069023000044)","Unfall 211769 (2021) Kat:2, Licht: 0","211769","2","2","5","05","12","6","","0","0","1","0","1"
"POINT (13.382503486000076 52.551929747000031)","Unfall 211770 (2021) Kat:3, Licht: 0","211770","3","6","2","04","13","7","","0","0","1","0","0"
"POINT (13.410906332000025 52.530619937000040)","Unfall 211771 (2021) Kat:3, Licht: 0","211771","3","5","5","04","10","3","","0","0","1","0","1"
"POINT (13.197028355000043 52.531375836000052)","Unfall 211772 (2021) Kat:3, Licht: 0","211772","3","2","5","05","14","7","","0","1","0","0","0"
"POINT (13.509459186000072 52.472664480000049)","Unfall 211773 (2021) Kat:3, Licht: 0","211773","3","6","2","04","14","4","","0","0","1","0","0"
"POINT (13.564596895000022 52.542869128000063)","Unfall 211774 (2021) Kat:3, Licht: 0","211774","3","3","5","05","07","2","","0","1","1","0","0"
"POINT (13.283772630000044 52.497816419000060)","Unfall 211775 (2021) Kat:3, Licht: 0","211775","3","1","0","04","13","1","","0","1","0","0","0"
"POINT (13.361421352000036 52.567650406000041)","Unfall 211776 (2021) Kat:3, Licht: 0","211776","3","5","1","05","17","2","","0","0","1","0","0"
"POINT (13.402525937000064 52.554300630000057)","Unfall 211777 (2021) Kat:3, Licht: 0","211777","3","2","5","03","18","5","","0","1","1","0","0"
"POINT (13.371999631000051 52.538887357000078)","Unfall 211778 (2021) Kat:3, Licht: 0","211778","3","2","5","04","09","4","","0","1","1","0","0"
"POINT (13.340803679000032 52.443279370000027)","Unfall 211779 (2021) Kat:2, Licht: 0","211779","2","2","5","03","13","2","","0","0","1","0","0"
"POINT (13.730277867000041 52.430205552000075)","Unfall 211780 (2021) Kat:3, Licht: 0","211780","3","6","2","05","18","3","","0","0","1","0","0"
"POINT (13.323586363000061 52.491494948000081)","Unfall 211781 (2021) Kat:3, Licht: 0","211781","3","3","5","04","17","3","","0","1","0","0","0"
"POINT (13.434908785000061 52.428459582000073)","Unfall 211782 (2021) Kat:3, Licht: 0","211782","3","6","3","03","15","4","","0","1","0","0","0"
"POINT (13.356337243000041 52.555402442000059)","Unfall 211783 (2021) Kat:3, Licht: 2","211783","3","7","0","04","23","1","","2","0","1","0","0"
"POINT (13.395944448000023 52.565978765000068)","Unfall 211784 (2021) Kat:3, Licht: 0","211784","3","2","5","05","08","5","","0","1","1","0","0"
"POINT (13.461889834000033 52.609394963000057)","Unfall 211785 (2021) Kat:3, Licht: 0","211785","3","4","6","05","13","6","","0","0","1","1","0"
"POINT (13.357863972000075 52.544677412000055)","Unfall 211786 (2021) Kat:3, Licht: 2","211786","3","1","0","05","01","3","","2","0","0","0","0"
"POINT (13.310793012000033 52.525754304000031)","Unfall 211787 (2021) Kat:3, Licht: 2","211787","3","6","2","04","00","1","","2","1","0","0","0"
"POINT (13.495971683000050 52.437478169000030)","Unfall 211788 (2021) Kat:2, Licht: 1","211788","2","6","6","05","21","7","","1","0","1","1","0"
"POINT (13.427431267000031 52.560555033000071)","Unfall 211789 (2021) Kat:2, Licht: 2","211789","2","5","1","05","01","1","","2","1","1","0","0"
"POINT (13.425955313000031 52.542373602000055)","Unfall 211790 (2021) Kat:3, Licht: 0","211790","3","1","0","04","14","2","","0","1","0","0","0"
"POINT (13.398333008000066 52.507068293000032)","Unfall 211791 (2021) Kat:3, Licht: 0","211791","3","2","5","04","13","5","","0","1","1","0","0"
"POINT (13.525133247000042 52.495214989000033)","Unfall 211792 (2021) Kat:3, Licht: 2","211792","3","6","0","03","19","4","","2","0","1","0","1"
"POINT (13.596648414000072 52.441500511000072)","Unfall 211793 (2021) Kat:3, Licht: 0","211793","3","7","0","04","12","3","","0","0","1","0","0"
"POINT (13.356209096000043 52.488063698000076)","Unfall 211794 (2021) Kat:3, Licht: 0","211794","3","5","1","05","17","7","","0","1","1","0","0"
"POINT (13.369110042000045 52.546213688000080)","Unfall 211795 (2021) Kat:3, Licht: 0","211795","3","3","5","05","06","3","","0","1","1","0","0"
"POINT (13.335896013000024 52.564942308000070)","Unfall 211796 (2021) Kat:3, Licht: 0","211796","3","2","5","03","11","5","","0","1","1","0","0"
"POINT (13.389454301000058 52.495950519000075)","Unfall 211797 (2021) Kat:2, Licht: 2","211797","2","2","6","04","23","5","","2","0","1","1","0"
"POINT (13.431937469000047 52.515122762000033)","Unfall 211798 (2021) Kat:2, Licht: 0","211798","2","2","5","03","16","2","","0","1","1","0","0"
"POINT (13.370304120000071 52.467165415000068)","Unfall 211799 (2021) Kat:3, Licht: 0","211799","3","2","5","04","08","3","","0","1","1","0","0"
"POINT (13.406349594000062 52.502600820000055)","Unfall 211800 (2021) Kat:3, Licht: 0","211800","3","3","5","05","20","3","","0","0","1","0","0"
"POINT (13.384349614000030 52.555896650000079)","Unfall 211801 (2021) Kat:3, Licht: 0","211801","3","2","5","04","11","3","","0","0","1","0","0"
"POINT (13.477400477000060 52.425720949000038)","Unfall 211802 (2021) Kat:2, Licht: 0","211802","2","7","5","03","13","4","","0","0","1","0","0"
"POINT (13.346001630000046 52.434595570000056)","Unfall 211803 (2021) Kat:3, Licht: 0","211803","3","3","5","04","08","2","","0","1","1","0","0"
"POINT (13.493190357000060 52.568124945000079)","Unfall 211804 (2021) Kat:3, Licht: 0","211804","3","7","6","05","07","5","","0","1","0","1","0"
"POINT (13.291822380000042 52.506677434000039)","Unfall 211805 (2021) Kat:3, Licht: 0","211805","3","7","5","05","17","7","","0","1","1","0","0"
"POINT (13.587474402000055 52.523656911000046)","Unfall 211806 (2021) Kat:3, Licht: 0","211806","3","2","5","05","18","3","","0","1","1","0","0"
"POINT (13.519469027000071 52.454131093000058)","Unfall 211807 (2021) Kat:3, Licht: 2","211807","3","6","2","04","22","2","","2","1","1","0","0"
"POINT (13.425858851000044 52.478331330000060)","Unfall 211808 (2021) Kat:3, Licht: 0","211808","3","5","1","05","11","7","","0","1","1","0","0"
"POINT (13.523601886000051 52.565558246000080)","Unfall 211809 (2021) Kat:3, Licht: 0","211809","3","3","5","05","14","7","","0","1","0","0","0"
"POINT (13.387695333000067 52.447933786000078)","Unfall 211810 (2021) Kat:3, Licht: 0","211810","3","6","2","04","16","2","","0","0","1","0","0"
"POINT (13.397184471000060 52.500477805000060)","Unfall 211811 (2021) Kat:3, Licht: 0","211811","3","3","5","04","09","2","","0","1","0","0","0"
"POINT (13.186372229000028 52.537771942000063)","Unfall 211812 (2021) Kat:3, Licht: 0","211812","3","5","1","03","17","4","","0","0","1","0","1"
"POINT (13.359159409000029 52.574229630000048)","Unfall 211813 (2021) Kat:3, Licht: 0","211813","3","4","6","04","15","4","","0","0","1","1","0"
"POINT (13.375321725000049 52.455511744000034)","Unfall 211814 (2021) Kat:3, Licht: 0","211814","3","3","5","05","15","7","","0","1","0","0","1"
"POINT (13.383187897000028 52.460976465000044)","Unfall 211815 (2021) Kat:3, Licht: 0","211815","3","3","0","04","14","7","","0","0","1","0","0"
"POINT (13.399537617000021 52.498314631000028)","Unfall 211816 (2021) Kat:3, Licht: 0","211816","3","3","5","05","07","4","","0","0","1","0","0"
"POINT (13.447207459000026 52.583655244000056)","Unfall 211817 (2021) Kat:2, Licht: 0","211817","2","2","5","05","12","6","","0","0","1","0","0"
"POINT (13.686915180000028 52.440657852000072)","Unfall 211818 (2021) Kat:2, Licht: 0","211818","2","5","0","05","13","2","","0","1","1","0","0"
"POINT (13.446319843000026 52.502792154000076)","Unfall 211819 (2021) Kat:3, Licht: 0","211819","3","6","2","03","12","7","","0","0","1","0","0"
"POINT (13.450141427000062 52.509767681000028)","Unfall 211820 (2021) Kat:3, Licht: 0","211820","3","5","1","04","13","7","","0","1","1","0","0"
"POINT (13.314886322000064 52.430600432000062)","Unfall 211821 (2021) Kat:3, Licht: 0","211821","3","7","6","03","18","4","","0","0","0","1","0"
"POINT (13.409878218000074 52.524324255000067)","Unfall 211822 (2021) Kat:3, Licht: 0","211822","3","7","5","05","17","6","","0","0","1","0","0"
"POINT (13.485273677000066 52.432551805000060)","Unfall 211823 (2021) Kat:3, Licht: 0","211823","3","2","5","05","20","6","","0","0","1","0","0"
"POINT (13.320784684000046 52.451814492000040)","Unfall 211824 (2021) Kat:3, Licht: 0","211824","3","2","5","04","14","6","","0","1","1","0","0"
"POINT (13.316711670000075 52.425820917000067)","Unfall 211825 (2021) Kat:3, Licht: 0","211825","3","6","2","03","09","3","","0","0","1","0","0"
"POINT (13.394696775000057 52.491670187000068)","Unfall 211826 (2021) Kat:3, Licht: 0","211826","3","3","5","04","13","4","","0","1","0","0","0"
"POINT (13.453202721000025 52.510476033000032)","Unfall 211827 (2021) Kat:3, Licht: 2","211827","3","1","0","05","01","7","","2","1","0","0","0"
"POINT (13.312796414000047 52.480473286000063)","Unfall 211828 (2021) Kat:3, Licht: 0","211828","3","2","5","04","06","3","","0","0","1","0","0"
"POINT (13.339321929000050 52.458921182000040)","Unfall 211829 (2021) Kat:3, Licht: 0","211829","3","7","7","04","10","3","","0","1","0","0","0"
"POINT (13.522629126000027 52.525694012000031)","Unfall 211830 (2021) Kat:3, Licht: 0","211830","3","6","2","04","16","5","","0","0","1","0","0"
"POINT (13.315446910000048 52.448873835000029)","Unfall 211831 (2021) Kat:2, Licht: 0","211831","2","5","0","05","13","2","","0","0","1","0","0"
"POINT (13.346814455000072 52.567071857000030)","Unfall 211832 (2021) Kat:2, Licht: 2","211832","2","4","6","05","21","4","","2","0","1","1","0"
"POINT (13.457400021000069 52.512903921000031)","Unfall 211833 (2021) Kat:3, Licht: 2","211833","3","1","0","03","19","7","","2","1","1","0","0"
"POINT (13.323812645000032 52.418633577000037)","Unfall 211834 (2021) Kat:2, Licht: 0","211834","2","4","6","04","13","6","","0","0","1","1","0"
"POINT (13.230032168000037 52.430906935000053)","Unfall 211835 (2021) Kat:3, Licht: 0","211835","3","3","5","03","13","3","","0","0","1","0","0"
"POINT (13.392932905000066 52.515001823000034)","Unfall 211836 (2021) Kat:3, Licht: 0","211836","3","3","5","04","16","3","","0","1","1","0","0"
"POINT (13.309581777000062 52.431252324000070)","Unfall 211837 (2021) Kat:3, Licht: 0","211837","3","2","5","05","14","5","","0","1","1","0","0"
"POINT (13.329495807000058 52.562370793000071)","Unfall 211838 (2021) Kat:3, Licht: 0","211838","3","7","5","04","15","4","","0","0","1","0","0"
"POINT (13.324226911000039 52.560898515000076)","Unfall 211839 (2021) Kat:2, Licht: 0","211839","2","2","6","04","12","6","","0","0","1","1","0"
"POINT (13.563801962000070 52.518763115000070)","Unfall 211840 (2021) Kat:3, Licht: 0","211840","3","2","5","04","07","2","","0","1","1","0","0"
"POINT (13.207698440000058 52.555861981000078)","Unfall 211841 (2021) Kat:3, Licht: 0","211841","3","2","0","05","12","6","","0","0","1","0","0"
"POINT (13.203625045000024 52.539921373000027)","Unfall 211842 (2021) Kat:3, Licht: 0","211842","3","2","0","05","12","1","","0","0","0","0","0"
"POINT (13.424306743000045 52.539594695000062)","Unfall 211843 (2021) Kat:3, Licht: 0","211843","3","1","2","04","10","5","","0","0","1","0","0"
"POINT (13.259253126000033 52.432662349000054)","Unfall 211844 (2021) Kat:3, Licht: 0","211844","3","3","5","05","15","2","","0","0","1","0","0"
"POINT (13.495722518000036 52.448969599000066)","Unfall 211845 (2021) Kat:3, Licht: 1","211845","3","2","5","04","20","1","","1","1","1","0","0"
"POINT (13.329974475000029 52.523783968000032)","Unfall 211846 (2021) Kat:3, Licht: 0","211846","3","2","2","05","12","3","","0","1","0","0","0"
"POINT (13.423463139000035 52.523817406000035)","Unfall 211847 (2021) Kat:3, Licht: 0","211847","3","7","5","03","18","5","","0","0","1","0","0"
"POINT (13.316256892000069 52.467140619000077)","Unfall 211848 (2021) Kat:3, Licht: 0","211848","3","3","5","04","06","4","","0","1","1","0","0"
"POINT (13.334591336000074 52.495081031000041)","Unfall 211849 (2021) Kat:3, Licht: 0","211849","3","2","0","03","18","2","","0","1","1","0","0"
"POINT (13.592302560000064 52.548521593000032)","Unfall 211850 (2021) Kat:3, Licht: 0","211850","3","6","2","05","11","3","","0","0","1","0","0"
"POINT (13.349604821000071 52.487385809000045)","Unfall 211851 (2021) Kat:3, Licht: 0","211851","3","3","5","03","13","4","","0","1","0","0","0"
"POINT (13.439897432000066 52.489614610000046)","Unfall 211852 (2021) Kat:3, Licht: 0","211852","3","1","0","04","08","1","","0","0","0","0","1"
"POINT (13.183535167000059 52.541806713000028)","Unfall 211853 (2021) Kat:3, Licht: 0","211853","3","6","2","05","13","5","","0","0","1","0","0"
"POINT (13.379676334000067 52.492612612000073)","Unfall 211854 (2021) Kat:3, Licht: 0","211854","3","2","5","05","17","6","","0","1","1","0","0"
"POINT (13.400162061000060 52.483727583000075)","Unfall 211855 (2021) Kat:3, Licht: 0","211855","3","7","0","05","05","3","","0","1","0","0","0"
"POINT (13.483194333000029 52.554886579000026)","Unfall 211856 (2021) Kat:3, Licht: 0","211856","3","2","5","04","10","3","","0","1","1","0","0"
"POINT (13.351035841000055 52.449488089000056)","Unfall 211857 (2021) Kat:3, Licht: 0","211857","3","5","1","05","16","7","","0","1","1","0","0"
"POINT (13.374055472000066 52.556536530000074)","Unfall 211858 (2021) Kat:3, Licht: 0","211858","3","7","0","04","11","6","","0","1","0","0","0"
"POINT (13.372919061000061 52.436913477000076)","Unfall 211859 (2021) Kat:3, Licht: 2","211859","3","3","5","03","20","4","","2","0","1","0","0"
"POINT (13.420393864000062 52.487439850000044)","Unfall 211860 (2021) Kat:3, Licht: 0","211860","3","1","0","04","15","3","","0","1","0","0","0"
"POINT (13.423985545000050 52.486533840000050)","Unfall 211861 (2021) Kat:3, Licht: 0","211861","3","6","4","04","11","6","","0","1","0","0","0"
"POINT (13.473095755000031 52.515321156000027)","Unfall 211862 (2021) Kat:3, Licht: 0","211862","3","4","6","04","14","5","","0","1","0","1","0"
"POINT (13.321809435000034 52.560562333000064)","Unfall 211863 (2021) Kat:3, Licht: 2","211863","3","2","5","05","00","4","","2","0","1","0","0"
"POINT (13.619008183000062 52.455611474000079)","Unfall 211864 (2021) Kat:3, Licht: 0","211864","3","6","2","05","16","5","","0","0","1","0","0"
"POINT (13.209595974000024 52.547566687000028)","Unfall 211865 (2021) Kat:3, Licht: 0","211865","3","2","5","05","16","2","","0","1","1","0","0"
"POINT (13.433637099000066 52.444198489000030)","Unfall 211866 (2021) Kat:3, Licht: 0","211866","3","2","2","03","14","6","","0","0","1","0","0"
"POINT (13.414603544000045 52.567156411000042)","Unfall 211867 (2021) Kat:3, Licht: 0","211867","3","5","1","04","17","1","","0","0","1","0","0"
"POINT (13.451655504000030 52.480790112000079)","Unfall 211868 (2021) Kat:3, Licht: 0","211868","3","4","6","03","12","2","","0","0","1","1","0"
"POINT (13.240322729000070 52.443049764000079)","Unfall 211869 (2021) Kat:3, Licht: 0","211869","3","5","1","04","09","4","","0","0","1","0","0"
"POINT (13.166323895000062 52.523953311000071)","Unfall 211870 (2021) Kat:2, Licht: 0","211870","2","2","5","05","17","6","","0","0","1","0","0"
"POINT (13.457358132000024 52.528697787000056)","Unfall 211871 (2021) Kat:3, Licht: 2","211871","3","6","2","03","04","3","","2","0","1","0","0"
"POINT (13.341140519000021 52.464103831000045)","Unfall 211872 (2021) Kat:3, Licht: 0","211872","3","7","6","04","11","3","","0","1","0","1","0"
"POINT (13.402295243000026 52.529839918000050)","Unfall 211873 (2021) Kat:3, Licht: 0","211873","3","6","0","05","06","5","","0","0","1","0","1"
"POINT (13.475666980000028 52.501408720000029)","Unfall 211874 (2021) Kat:3, Licht: 2","211874","3","6","2","04","21","1","","2","0","1","0","0"
"POINT (13.376116943000056 52.458759660000055)","Unfall 211875 (2021) Kat:3, Licht: 0","211875","3","6","3","05","10","7","","0","0","1","0","1"
"POINT (13.377538598000058 52.442613451000057)","Unfall 211876 (2021) Kat:2, Licht: 0","211876","2","4","6","04","11","5","","0","0","1","1","0"
"POINT (13.416222347000030 52.536597254000071)","Unfall 211877 (2021) Kat:3, Licht: 0","211877","3","5","1","05","19","3","","0","1","1","0","0"
"POINT (13.289445246000071 52.476231634000044)","Unfall 211878 (2021) Kat:3, Licht: 0","211878","3","5","1","05","14","3","","0","0","1","0","0"
"POINT (13.356790986000021 52.605181411000046)","Unfall 211879 (2021) Kat:3, Licht: 0","211879","3","7","0","04","16","5","","0","0","0","0","0"
"POINT (13.184782655000049 52.547609434000037)","Unfall 211880 (2021) Kat:2, Licht: 0","211880","2","3","5","03","17","2","","0","1","1","0","0"
"POINT (13.413659741000060 52.547639389000040)","Unfall 211881 (2021) Kat:3, Licht: 0","211881","3","3","5","04","18","3","","0","0","1","0","0"
"POINT (13.283465112000044 52.506397496000034)","Unfall 211882 (2021) Kat:3, Licht: 0","211882","3","4","6","06","19","4","","0","1","0","1","0"
"POINT (13.200218684000049 52.535910902000069)","Unfall 211883 (2021) Kat:3, Licht: 0","211883","3","6","0","06","13","5","","0","0","1","0","0"
"POINT (13.421208328000034 52.466584118000071)","Unfall 211884 (2021) Kat:3, Licht: 0","211884","3","6","4","05","11","7","","0","1","0","0","0"
"POINT (13.360610868000037 52.494450548000032)","Unfall 211885 (2021) Kat:3, Licht: 0","211885","3","4","0","07","14","3","","0","1","0","1","0"
"POINT (13.327913299000045 52.424193028000047)","Unfall 211886 (2021) Kat:3, Licht: 0","211886","3","3","5","07","09","3","","0","1","1","0","0"
"POINT (13.335040628000058 52.421023950000063)","Unfall 211887 (2021) Kat:3, Licht: 0","211887","3","3","5","06","18","3","","0","1","1","0","0"
"POINT (13.550573640000039 52.559930637000036)","Unfall 211888 (2021) Kat:3, Licht: 0","211888","3","3","0","05","06","3","","0","0","0","0","1"
"POINT (13.591564905000041 52.432281047000060)","Unfall 211889 (2021) Kat:3, Licht: 0","211889","3","3","5","07","10","1","","0","0","1","0","0"
"POINT (13.430335584000034 52.551283352000041)","Unfall 211890 (2021) Kat:3, Licht: 0","211890","3","2","6","06","11","4","","0","0","0","1","1"
"POINT (13.409552851000058 52.528902988000027)","Unfall 211891 (2021) Kat:2, Licht: 0","211891","2","2","5","05","07","6","","0","1","1","0","0"
"POINT (13.310579013000051 52.567994012000042)","Unfall 211892 (2021) Kat:3, Licht: 0","211892","3","3","5","06","07","2","","0","0","1","0","0"
"POINT (13.351782503000038 52.558707266000056)","Unfall 211893 (2021) Kat:2, Licht: 0","211893","2","6","3","06","19","6","","0","1","1","0","0"
"POINT (13.381478525000034 52.515133275000039)","Unfall 211894 (2021) Kat:3, Licht: 0","211894","3","2","5","06","16","4","","0","0","1","0","1"
"POINT (13.408108821000042 52.537030299000037)","Unfall 211895 (2021) Kat:2, Licht: 2","211895","2","6","3","07","00","7","","2","1","1","0","0"
"POINT (13.129606817000024 52.426687247000075)","Unfall 211896 (2021) Kat:2, Licht: 0","211896","2","6","2","06","13","7","","0","1","0","0","0"
"POINT (13.415284883000027 52.550295020000078)","Unfall 211897 (2021) Kat:3, Licht: 1","211897","3","6","2","06","21","6","","1","1","1","0","0"
"POINT (13.436677714000041 52.453415477000078)","Unfall 211898 (2021) Kat:3, Licht: 0","211898","3","7","5","05","17","2","","0","0","1","0","0"
"POINT (13.330681870000035 52.528358666000031)","Unfall 211899 (2021) Kat:3, Licht: 2","211899","3","6","2","06","23","2","","2","1","1","0","0"
"POINT (13.526082017000022 52.423591610000074)","Unfall 211900 (2021) Kat:3, Licht: 0","211900","3","2","0","06","12","5","","0","1","1","0","0"
"POINT (13.584991415000047 52.441694714000050)","Unfall 211901 (2021) Kat:3, Licht: 0","211901","3","7","0","06","11","6","","0","1","0","0","0"
"POINT (13.509495263000076 52.546536699000058)","Unfall 211902 (2021) Kat:2, Licht: 0","211902","2","3","5","07","06","6","","0","1","1","0","0"
"POINT (13.506978914000058 52.496856894000075)","Unfall 211903 (2021) Kat:2, Licht: 0","211903","2","2","6","07","19","2","","0","0","1","1","0"
"POINT (13.448002195000072 52.477716180000073)","Unfall 211904 (2021) Kat:3, Licht: 0","211904","3","2","3","06","14","2","","0","1","0","0","0"
"POINT (13.517324498000050 52.454464489000031)","Unfall 211905 (2021) Kat:3, Licht: 0","211905","3","2","5","05","19","1","","0","1","1","0","0"
"POINT (13.502003615000035 52.507019993000029)","Unfall 211906 (2021) Kat:3, Licht: 0","211906","3","3","5","06","09","4","","0","1","1","0","0"
"POINT (13.384230707000029 52.503074167000079)","Unfall 211907 (2021) Kat:3, Licht: 0","211907","3","6","2","05","14","5","","0","0","1","0","0"
"POINT (13.539853535000077 52.493700341000078)","Unfall 211908 (2021) Kat:3, Licht: 0","211908","3","5","4","06","12","2","","0","1","1","0","0"
"POINT (13.267045112000062 52.536781883000060)","Unfall 211909 (2021) Kat:3, Licht: 0","211909","3","6","2","06","18","2","","0","0","1","0","1"
"POINT (13.120431535000023 52.466397451000034)","Unfall 211910 (2021) Kat:3, Licht: 0","211910","3","2","2","06","08","3","","0","1","1","0","0"
"POINT (13.355438965000076 52.596657691000075)","Unfall 211911 (2021) Kat:3, Licht: 0","211911","3","6","3","06","16","5","","0","0","1","0","0"
"POINT (13.240277615000025 52.618620713000041)","Unfall 211912 (2021) Kat:2, Licht: 0","211912","2","3","5","06","14","6","","0","0","1","0","0"
"POINT (13.297299382000062 52.526513741000031)","Unfall 211913 (2021) Kat:3, Licht: 0","211913","3","1","0","05","06","2","","0","0","0","0","1"
"POINT (13.460598168000047 52.462189335000062)","Unfall 211914 (2021) Kat:3, Licht: 0","211914","3","3","5","06","16","5","","0","0","1","0","0"
"POINT (13.353198710000072 52.508146210000064)","Unfall 211915 (2021) Kat:3, Licht: 0","211915","3","5","1","07","10","5","","0","1","0","0","0"
"POINT (13.193395509000027 52.555674222000050)","Unfall 211916 (2021) Kat:3, Licht: 0","211916","3","3","0","07","12","5","","0","0","1","0","1"
"POINT (13.282591056000058 52.533885944000076)","Unfall 211917 (2021) Kat:3, Licht: 0","211917","3","2","5","06","10","1","","0","1","1","0","0"
"POINT (13.380884424000044 52.494357828000034)","Unfall 211918 (2021) Kat:3, Licht: 0","211918","3","7","6","07","10","1","","0","0","1","1","0"
"POINT (13.401033258000041 52.415064486000063)","Unfall 211919 (2021) Kat:3, Licht: 0","211919","3","4","6","06","10","2","","0","0","1","1","0"
"POINT (13.440632315000073 52.479502340000067)","Unfall 211920 (2021) Kat:3, Licht: 0","211920","3","4","6","06","09","4","","0","1","0","1","0"
"POINT (13.430618082000024 52.495900213000027)","Unfall 211921 (2021) Kat:3, Licht: 0","211921","3","5","0","06","13","3","","0","0","1","0","0"
"POINT (13.311684636000052 52.467206642000065)","Unfall 211922 (2021) Kat:3, Licht: 0","211922","3","5","1","06","20","1","","0","1","1","0","0"
"POINT (13.302217781000024 52.518655882000076)","Unfall 211923 (2021) Kat:3, Licht: 0","211923","3","3","5","06","12","3","","0","0","1","0","0"
"POINT (13.553268301000060 52.433997936000026)","Unfall 211924 (2021) Kat:3, Licht: 0","211924","3","3","5","06","07","5","","0","0","1","0","0"
"POINT (13.344918686000028 52.489926002000061)","Unfall 211925 (2021) Kat:3, Licht: 0","211925","3","6","3","06","15","5","","0","1","1","0","0"
"POINT (13.462645258000066 52.560055668000075)","Unfall 211926 (2021) Kat:3, Licht: 0","211926","3","3","5","05","11","6","","0","0","1","0","0"
"POINT (13.448129967000057 52.477652951000039)","Unfall 211927 (2021) Kat:2, Licht: 2","211927","2","3","5","06","00","4","","2","1","0","0","1"
"POINT (13.413632375000077 52.511287427000070)","Unfall 211928 (2021) Kat:3, Licht: 0","211928","3","3","5","07","08","4","","0","0","1","0","0"
"POINT (13.386074993000022 52.558488788000034)","Unfall 211929 (2021) Kat:3, Licht: 0","211929","3","7","5","07","18","3","","0","0","1","0","1"
"POINT (13.395281427000043 52.554781490000039)","Unfall 211930 (2021) Kat:3, Licht: 0","211930","3","6","2","06","14","4","","0","0","1","0","0"
"POINT (13.436103279000065 52.533174488000043)","Unfall 211931 (2021) Kat:3, Licht: 0","211931","3","5","1","05","09","4","","0","1","1","0","0"
"POINT (13.430481878000023 52.511358334000079)","Unfall 211932 (2021) Kat:3, Licht: 0","211932","3","1","0","06","11","7","","0","1","0","0","0"
"POINT (13.405012280000051 52.500850639000078)","Unfall 211933 (2021) Kat:3, Licht: 0","211933","3","3","5","07","15","7","","0","0","1","0","0"