WKT,Name,OBJECTID,UKATEGORIE,UTYP1,UART,UMONAT,USTUNDE,UWOCHENTAG,STRZUSTAND,ULICHTVERH,ISTRAD,ISTPKW,ISTFUSS,ISTKRAD
"POINT (13.382283900000061 52.573365515000035)","Unfall 211934 (2021) Kat:2, Licht: 0","211934","2","1","1","06","20","7","","0","0","1","0","1"
"POINT (13.333617685000036 52.506955644000072)","Unfall 211935 (2021) Kat:3, Licht: 0","211935","3","5","5","06","16","2","","0","1","1","0","0"
"POINT (13.279517985000041 52.536719435000066)","Unfall 211936 (2021) Kat:2, Licht: 0","211936","2","7","0","06","17","3","","0","0","1","0","0"
"POINT (13.215150802000039 52.560750150000047)","Unfall 211937 (2021) Kat:3, Licht: 0","211937","3","3","5","06","09","3","","0","0","1","0","1"
"POINT (13.332716099000038 52.478693414000077)","Unfall 211938 (2021) Kat:3, Licht: 1","211938","3","2","5","06","22","6","","1","1","1","0","0"
"POINT (13.392087810000021 52.530117520000033)","Unfall 211939 (2021) Kat:3, Licht: 0","211939","3","6","2","06","15","2","","0","1","1","0","0"
"POINT (13.431315367000025 52.552118989000064)","Unfall 211940 (2021) Kat:3, Licht: 0","211940","3","6","2","07","08","7","","0","1","1","0","0"
"POINT (13.299553198000069 52.579175238000062)","Unfall 211941 (2021) Kat:3, Licht: 0","211941","3","2","5","06","14","4","","0","1","1","0","0"
"POINT (13.371813247000034 52.548667661000081)","Unfall 211942 (2021) Kat:3, Licht: 0","211942","3","7","1","05","16","6","","0","1","1","0","0"
"POINT (13.366923047000057 52.585659697000040)","Unfall 211943 (2021) Kat:3, Licht: 0","211943","3","5","1","07","13","3","","0","0","1","0","1"
"POINT (13.296060708000027 52.496800940000071)","Unfall 211944 (2021) Kat:3, Licht: 0","211944","3","7","6","07","18","2","","0","0","1","1","0"
"POINT (13.324614788000076 52.601695444000029)","Unfall 211945 (2021) Kat:3, Licht: 0","211945","3","5","1","06","15","3","","0","0","1","0","0"
"POINT (13.379063920000021 52.448130567000078)","Unfall 211946 (2021) Kat:3, Licht: 0","211946","3","2","1","05","11","3","","0","0","1","0","0"
"POINT (13.176562024000077 52.549146725000071)","Unfall 211947 (2021) Kat:2, Licht: 0","211947","2","7","5","07","20","1","","0","0","1","0","0"
"POINT (13.315524233000076 52.464693747000069)","Unfall 211948 (2021) Kat:2, Licht: 0","211948","2","6","4","06","17","4","","0","0","1","0","0"
"POINT (13.472463438000034 52.461747159000026)","Unfall 211949 (2021) Kat:2, Licht: 0","211949","2","3","5","05","13","6","","0","0","1","0","0"
"POINT (13.290785764000077 52.448194123000064)","Unfall 211950 (2021) Kat:3, Licht: 0","211950","3","3","5","06","13","3","","0","0","1","0","0"
"POINT (13.422840835000045 52.475634479000064)","Unfall 211951 (2021) Kat:3, Licht: 0","211951","3","3","5","07","06","6","","0","0","1","0","0"
"POINT (13.355014738000023 52.544027575000030)","Unfall 211952 (2021) Kat:3, Licht: 0","211952","3","2","5","06","15","6","","0","1","1","0","0"
"POINT (13.421124068000040 52.492201639000029)","Unfall 211953 (2021) Kat:3, Licht: 0","211953","3","4","6","06","16","6","","0","0","1","1","0"
"POINT (13.347300168000061 52.410996096000076)","Unfall 211954 (2021) Kat:3, Licht: 0","211954","3","3","0","05","12","2","","0","0","1","0","1"
"POINT (13.625620832000038 52.456961188000037)","Unfall 211955 (2021) Kat:3, Licht: 0","211955","3","6","2","06","19","2","","0","0","1","0","0"
"POINT (13.411098605000063 52.525940220000052)","Unfall 211956 (2021) Kat:3, Licht: 0","211956","3","3","5","06","19","5","","0","1","0","0","0"
"POINT (13.453852470000072 52.532823389000043)","Unfall 211957 (2021) Kat:3, Licht: 0","211957","3","1","0","06","08","5","","0","1","0","0","0"
"POINT (13.398931171000072 52.508226428000057)","Unfall 211958 (2021) Kat:3, Licht: 0","211958","3","3","5","07","09","6","","0","1","1","0","0"
"POINT (13.372019958000067 52.511186012000053)","Unfall 211959 (2021) Kat:3, Licht: 0","211959","3","3","5","07","17","6","","0","1","1","0","0"
"POINT (13.309391891000075 52.491787982000062)","Unfall 211960 (2021) Kat:3, Licht: 2","211960","3","1","0","07","22","2","","2","1","0","0","0"
"POINT (13.406115955000075 52.497744040000043)","Unfall 211961 (2021) Kat:3, Licht: 0","211961","3","4","6","06","14","2","","0","0","0","1","1"
"POINT (13.343249716000059 52.439670114000080)","Unfall 211962 (2021) Kat:2, Licht: 0","211962","2","2","5","05","17","1","","0","1","0","0","1"
"POINT (13.340196761000072 52.466515784000080)","Unfall 211963 (2021) Kat:3, Licht: 0","211963","3","5","1","06","17","4","","0","1","1","0","0"
"POINT (13.447947376000059 52.476041070000065)","Unfall 211964 (2021) Kat:3, Licht: 0","211964","3","7","6","05","15","5","","0","0","1","1","0"
"POINT (13.376624549000041 52.491539713000066)","Unfall 211965 (2021) Kat:3, Licht: 0","211965","3","1","0","06","06","1","","0","0","0","0","1"
"POINT (13.410939291000034 52.494011207000028)","Unfall 211966 (2021) Kat:3, Licht: 0","211966","3","3","5","06","08","3","","0","1","1","0","0"
"POINT (13.416299207000066 52.501716485000031)","Unfall 211967 (2021) Kat:3, Licht: 0","211967","3","3","5","06","20","4","","0","1","1","0","0"
"POINT (13.345287951000046 52.486873216000049)","Unfall 211968 (2021) Kat:3, Licht: 0","211968","3","2","5","06","12","6","","0","1","1","0","0"
"POINT (13.338474916000052 52.503347830000052)","Unfall 211969 (2021) Kat:3, Licht: 2","211969","3","6","0","05","01","2","","2","0","1","0","0"
"POINT (13.387773232000029 52.503160036000054)","Unfall 211970 (2021) Kat:3, Licht: 0","211970","3","6","2","06","15","5","","0","0","1","0","0"
"POINT (13.486218739000037 52.464881495000043)","Unfall 211971 (2021) Kat:3, Licht: 0","211971","3","6","3","07","09","5","","0","0","1","0","0"
"POINT (13.454835561000039 52.510177624000050)","Unfall 211972 (2021) Kat:3, Licht: 0","211972","3","1","0","07","15","3","","0","1","0","0","0"
"POINT (13.314512900000068 52.464995538000039)","Unfall 211973 (2021) Kat:3, Licht: 0","211973","3","1","0","07","06","5","","0","0","0","0","1"
"POINT (13.177942445000042 52.421427275000042)","Unfall 211974 (2021) Kat:2, Licht: 0","211974","2","2","0","06","11","1","","0","0","1","0","1"
"POINT (13.297688970000024 52.525556679000033)","Unfall 211975 (2021) Kat:2, Licht: 1","211975","2","7","0","06","19","1","","1","1","0","0","0"
"POINT (13.428895038000064 52.483457956000052)","Unfall 211976 (2021) Kat:3, Licht: 2","211976","3","6","2","07","22","7","","2","1","1","0","0"
"POINT (13.627146959000072 52.463450006000073)","Unfall 211977 (2021) Kat:3, Licht: 0","211977","3","1","8","06","12","7","","0","0","1","0","0"
"POINT (13.393054204000066 52.514995775000045)","Unfall 211978 (2021) Kat:3, Licht: 0","211978","3","2","5","06","10","2","","0","1","1","0","0"
"POINT (13.331013438000070 52.492615777000026)","Unfall 211979 (2021) Kat:3, Licht: 0","211979","3","2","5","06","18","3","","0","1","0","0","0"
"POINT (13.318085713000073 52.506123335000041)","Unfall 211980 (2021) Kat:2, Licht: 0","211980","2","6","4","06","14","3","","0","0","0","0","0"
"POINT (13.423321083000076 52.631906839000067)","Unfall 211981 (2021) Kat:3, Licht: 0","211981","3","1","0","06","20","7","","0","0","0","0","1"
"POINT (13.421658323000031 52.505540073000077)","Unfall 211982 (2021) Kat:3, Licht: 0","211982","3","5","1","06","19","3","","0","1","0","0","1"
"POINT (13.525070354000036 52.495311131000051)","Unfall 211983 (2021) Kat:3, Licht: 0","211983","3","6","2","06","15","4","","0","0","1","0","0"
"POINT (13.332412713000053 52.478693487000044)","Unfall 211984 (2021) Kat:3, Licht: 0","211984","3","6","2","06","14","5","","0","0","1","0","0"
"POINT (13.524915721000070 52.495549634000042)","Unfall 211985 (2021) Kat:3, Licht: 0","211985","3","6","2","05","18","7","","0","0","1","0","1"
"POINT (13.384039933000054 52.493738301000064)","Unfall 211986 (2021) Kat:3, Licht: 0","211986","3","6","4","06","08","2","","0","1","0","0","0"
"POINT (13.499853910000070 52.498912158000053)","Unfall 211987 (2021) Kat:2, Licht: 0","211987","2","3","5","06","17","3","","0","0","1","0","0"
"POINT (13.589469229000031 52.523204004000036)","Unfall 211988 (2021) Kat:3, Licht: 0","211988","3","1","8","06","05","4","","0","0","1","0","0"
"POINT (13.262154626000040 52.439554119000036)","Unfall 211989 (2021) Kat:3, Licht: 0","211989","3","2","5","06","10","6","","0","1","1","0","0"
"POINT (13.418344259000037 52.559706182000070)","Unfall 211990 (2021) Kat:2, Licht: 0","211990","2","3","5","05","16","1","","0","1","1","0","0"
"POINT (13.363259297000070 52.455931489000079)","Unfall 211991 (2021) Kat:3, Licht: 2","211991","3","3","1","06","01","5","","2","1","1","0","0"
"POINT (13.403030923000074 52.531824832000041)","Unfall 211992 (2021) Kat:3, Licht: 0","211992","3","5","1","07","18","5","","0","1","1","0","0"
"POINT (13.326931553000065 52.457978979000075)","Unfall 211993 (2021) Kat:3, Licht: 0","211993","3","3","5","07","09","5","","0","1","1","0","0"
"POINT (13.482279158000040 52.498419868000042)","Unfall 211994 (2021) Kat:3, Licht: 0","211994","3","6","2","06","19","7","","0","0","1","0","0"
"POINT (13.306237991000046 52.520811641000080)","Unfall 211995 (2021) Kat:2, Licht: 0","211995","2","7","0","07","20","1","","0","1","0","0","0"
"POINT (13.394929297000033 52.536588582000036)","Unfall 211996 (2021) Kat:3, Licht: 0","211996","3","7","6","06","19","2","","0","0","0","1","0"
"POINT (13.426212885000041 52.444728585000064)","Unfall 211997 (2021) Kat:3, Licht: 0","211997","3","1","0","06","12","3","","0","1","0","0","0"
"POINT (13.406169181000053 52.497811757000079)","Unfall 211998 (2021) Kat:3, Licht: 0","211998","3","7","6","06","13","3","","0","0","1","1","0"
"POINT (13.434191012000042 52.491513843000064)","Unfall 211999 (2021) Kat:3, Licht: 1","211999","3","6","4","06","20","1","","1","1","0","0","0"
"POINT (13.371583661000045 52.504776021000055)","Unfall 212000 (2021) Kat:3, Licht: 0","212000","3","6","2","06","19","4","","0","0","1","0","0"
"POINT (13.263580301000047 52.514846176000049)","Unfall 212001 (2021) Kat:3, Licht: 0","212001","3","4","6","06","12","4","","0","0","1","1","0"
"POINT (13.429364821000036 52.600415717000033)","Unfall 212002 (2021) Kat:3, Licht: 0","212002","3","5","1","06","15","5","","0","0","1","0","1"
"POINT (13.519407626000032 52.525821687000075)","Unfall 212003 (2021) Kat:3, Licht: 0","212003","3","2","5","05","06","6","","0","1","0","0","0"
"POINT (13.575151217000041 52.452695108000057)","Unfall 212004 (2021) Kat:3, Licht: 0","212004","3","3","0","06","09","4","","0","1","0","0","0"
"POINT (13.373655477000057 52.537798862000045)","Unfall 212005 (2021) Kat:3, Licht: 0","212005","3","7","2","07","18","4","","0","0","1","0","1"
"POINT (13.415887477000069 52.527001900000073)","Unfall 212006 (2021) Kat:3, Licht: 0","212006","3","2","2","07","06","3","","0","0","1","0","0"
"POINT (13.316251949000048 52.430732824000074)","Unfall 212007 (2021) Kat:3, Licht: 0","212007","3","6","2","06","16","4","","0","0","1","0","0"
"POINT (13.463950753000063 52.508042436000039)","Unfall 212008 (2021) Kat:3, Licht: 0","212008","3","5","1","05","13","4","","0","1","1","0","0"
"POINT (13.366123692000031 52.410741755000060)","Unfall 212009 (2021) Kat:3, Licht: 0","212009","3","6","2","06","16","6","","0","0","1","0","1"
"POINT (13.398925330000054 52.382330052000043)","Unfall 212010 (2021) Kat:3, Licht: 0","212010","3","6","0","07","18","7","","0","1","0","0","0"
"POINT (13.280125743000042 52.519771594000076)","Unfall 212011 (2021) Kat:3, Licht: 0","212011","3","4","6","06","10","6","","0","0","1","1","0"
"POINT (13.513983801000052 52.462589918000049)","Unfall 212012 (2021) Kat:3, Licht: 0","212012","3","2","5","06","18","1","","0","1","1","0","0"
"POINT (13.346026174000031 52.496039642000028)","Unfall 212013 (2021) Kat:3, Licht: 0","212013","3","4","6","06","14","3","","0","0","1","1","0"
"POINT (13.314596692000066 52.424143105000041)","Unfall 212014 (2021) Kat:3, Licht: 0","212014","3","6","2","06","15","2","","0","0","1","0","0"
"POINT (13.492272664000041 52.534074426000075)","Unfall 212015 (2021) Kat:3, Licht: 0","212015","3","6","2","06","10","7","","0","0","1","0","0"
"POINT (13.439395676000061 52.555412094000076)","Unfall 212016 (2021) Kat:3, Licht: 0","212016","3","2","0","06","15","3","","0","1","1","0","0"
"POINT (13.428312567000035 52.518928999000082)","Unfall 212017 (2021) Kat:2, Licht: 0","212017","2","1","0","07","09","7","","0","0","0","0","1"
"POINT (13.459234911000067 52.472319708000043)","Unfall 212018 (2021) Kat:3, Licht: 0","212018","3","7","0","07","05","3","","0","0","0","0","1"
"POINT (13.384437585000057 52.550669815000049)","Unfall 212019 (2021) Kat:3, Licht: 0","212019","3","5","1","07","11","2","","0","1","1","0","0"
"POINT (13.455993065000030 52.513389583000048)","Unfall 212020 (2021) Kat:3, Licht: 0","212020","3","1","0","06","09","3","","0","1","0","0","0"
"POINT (13.550533094000059 52.429073932000051)","Unfall 212021 (2021) Kat:2, Licht: 1","212021","2","3","5","05","19","3","","1","0","1","0","0"
"POINT (13.398593251000023 52.496311716000037)","Unfall 212022 (2021) Kat:3, Licht: 0","212022","3","3","5","07","16","1","","0","0","0","0","0"
"POINT (13.562030947000039 52.437383765000050)","Unfall 212023 (2021) Kat:3, Licht: 0","212023","3","6","2","06","14","4","","0","0","1","0","0"
"POINT (13.383122827000022 52.554123259000050)","Unfall 212024 (2021) Kat:3, Licht: 0","212024","3","6","2","05","16","6","","0","0","1","0","0"
"POINT (13.494797950000077 52.559580431000029)","Unfall 212025 (2021) Kat:3, Licht: 0","212025","3","7","5","06","16","6","","0","0","1","0","0"
"POINT (13.591951069000061 52.545825803000071)","Unfall 212026 (2021) Kat:3, Licht: 0","212026","3","2","5","06","14","3","","0","1","1","0","0"
"POINT (13.336243718000048 52.430663817000038)","Unfall 212027 (2021) Kat:2, Licht: 1","212027","2","3","0","06","05","6","","1","0","1","0","1"
"POINT (13.344507627000041 52.464752382000029)","Unfall 212028 (2021) Kat:3, Licht: 1","212028","3","2","6","06","16","6","","1","0","1","1","0"
"POINT (13.379145895000022 52.525394509000080)","Unfall 212029 (2021) Kat:3, Licht: 0","212029","3","4","6","05","08","2","","0","0","1","1","0"
"POINT (13.300309860000027 52.569842143000074)","Unfall 212030 (2021) Kat:3, Licht: 0","212030","3","2","5","06","14","2","","0","0","1","0","0"
"POINT (13.422687206000035 52.544641367000054)","Unfall 212031 (2021) Kat:3, Licht: 0","212031","3","3","5","06","18","4","","0","1","1","0","0"
"POINT (13.443437479000067 52.539477589000057)","Unfall 212032 (2021) Kat:3, Licht: 2","212032","3","5","1","06","21","5","","2","0","1","0","0"
"POINT (13.377070528000047 52.556395132000034)","Unfall 212033 (2021) Kat:3, Licht: 0","212033","3","2","5","07","12","6","","0","0","1","0","0"
"POINT (13.321074986000042 52.429678441000078)","Unfall 212034 (2021) Kat:3, Licht: 0","212034","3","6","3","07","17","6","","0","0","1","0","0"
"POINT (13.464912549000076 52.470309988000054)","Unfall 212035 (2021) Kat:3, Licht: 0","212035","3","3","5","06","15","5","","0","1","1","0","0"
"POINT (13.321587386000033 52.500178432000041)","Unfall 212036 (2021) Kat:3, Licht: 0","212036","3","5","0","07","09","2","","0","0","1","0","0"
"POINT (13.412528359000078 52.545248728000047)","Unfall 212037 (2021) Kat:3, Licht: 0","212037","3","2","0","06","17","3","","0","1","1","0","0"
"POINT (13.272007716000076 52.519427993000079)","Unfall 212038 (2021) Kat:3, Licht: 0","212038","3","6","3","05","12","2","","0","0","1","0","0"
"POINT (13.531103189000078 52.415558778000047)","Unfall 212039 (2021) Kat:2, Licht: 0","212039","2","2","5","06","11","4","","0","1","1","0","0"
"POINT (13.516876599000057 52.535315305000040)","Unfall 212040 (2021) Kat:3, Licht: 0","212040","3","6","2","05","12","5","","0","0","1","0","0"
"POINT (13.356785838000064 52.523580549000030)","Unfall 212041 (2021) Kat:3, Licht: 0","212041","3","2","5","06","19","2","","0","1","1","0","0"
"POINT (13.286109064000073 52.592010229000039)","Unfall 212042 (2021) Kat:3, Licht: 0","212042","3","3","5","06","12","3","","0","0","1","0","0"
"POINT (13.425322311000059 52.479971220000039)","Unfall 212043 (2021) Kat:3, Licht: 0","212043","3","5","1","06","13","5","","0","1","1","0","0"
"POINT (13.320887560000074 52.609597326000028)","Unfall 212044 (2021) Kat:3, Licht: 0","212044","3","6","2","06","07","6","","0","0","1","0","1"
"POINT (13.433401353000022 52.478462476000061)","Unfall 212045 (2021) Kat:3, Licht: 0","212045","3","6","2","05","16","2","","0","0","1","0","1"
"POINT (13.344315615000028 52.537780536000071)","Unfall 212046 (2021) Kat:2, Licht: 0","212046","2","1","0","06","09","5","","0","1","0","0","0"
"POINT (13.613330739000048 52.508802926000044)","Unfall 212047 (2021) Kat:3, Licht: 0","212047","3","3","5","07","15","5","","0","0","1","0","0"
"POINT (13.577173294000033 52.455771672000026)","Unfall 212048 (2021) Kat:2, Licht: 0","212048","2","2","5","07","07","3","","0","1","1","0","0"
"POINT (13.338325306000058 52.499421008000070)","Unfall 212049 (2021) Kat:3, Licht: 0","212049","3","7","0","07","14","5","","0","1","0","0","0"
"POINT (13.427328268000053 52.474922607000053)","Unfall 212050 (2021) Kat:3, Licht: 2","212050","3","6","2","05","21","4","","2","0","1","0","0"
"POINT (13.432407432000048 52.480054217000031)","Unfall 212051 (2021) Kat:3, Licht: 0","212051","3","4","6","06","11","1","","0","0","1","1","0"
"POINT (13.464568717000077 52.550129498000047)","Unfall 212052 (2021) Kat:3, Licht: 0","212052","3","7","2","06","17","1","","0","0","1","0","1"
"POINT (13.567958853000050 52.573582944000066)","Unfall 212053 (2021) Kat:3, Licht: 0","212053","3","2","5","07","12","7","","0","1","1","0","0"
"POINT (13.306203381000046 52.525646714000061)","Unfall 212054 (2021) Kat:3, Licht: 2","212054","3","3","5","06","02","1","","2","0","1","0","0"
"POINT (13.473693047000040 52.536157765000041)","Unfall 212055 (2021) Kat:3, Licht: 0","212055","3","1","0","06","08","2","","0","1","0","0","0"
"POINT (13.599672074000068 52.542022171000042)","Unfall 212056 (2021) Kat:3, Licht: 0","212056","3","3","5","06","12","4","","0","1","1","0","0"
"POINT (13.279936362000058 52.506159887000081)","Unfall 212057 (2021) Kat:3, Licht: 0","212057","3","1","0","06","15","3","","0","0","0","0","1"
"POINT (13.530719460000057 52.510182366000038)","Unfall 212058 (2021) Kat:3, Licht: 0","212058","3","3","5","06","14","7","","0","1","1","0","0"
"POINT (13.450221147000036 52.522273185000074)","Unfall 212059 (2021) Kat:3, Licht: 0","212059","3","2","2","06","17","3","","0","1","1","0","0"
"POINT (13.307671335000066 52.577340810000067)","Unfall 212060 (2021) Kat:3, Licht: 0","212060","3","2","5","06","15","4","","0","0","1","0","0"
"POINT (13.324582890000045 52.497949098000049)","Unfall 212061 (2021) Kat:2, Licht: 0","212061","2","4","6","06","09","5","","0","0","1","1","0"
"POINT (13.497941920000073 52.628262413000073)","Unfall 212062 (2021) Kat:3, Licht: 0","212062","3","3","5","05","11","7","","0","1","1","0","0"
"POINT (13.352712347000022 52.516158176000033)","Unfall 212063 (2021) Kat:3, Licht: 0","212063","3","3","5","06","14","4","","0","1","1","0","0"
"POINT (13.227733110000031 52.420984040000064)","Unfall 212064 (2021) Kat:3, Licht: 0","212064","3","3","5","07","18","4","","0","1","0","0","0"
"POINT (13.551129991000039 52.516119370000069)","Unfall 212065 (2021) Kat:3, Licht: 0","212065","3","3","5","07","09","2","","0","0","1","0","0"
"POINT (13.613913764000074 52.516480783000077)","Unfall 212066 (2021) Kat:3, Licht: 0","212066","3","2","2","06","10","4","","0","0","0","0","0"
"POINT (13.337977744000057 52.501865949000035)","Unfall 212067 (2021) Kat:3, Licht: 0","212067","3","7","5","05","14","3","","0","1","1","0","0"
"POINT (13.398402373000067 52.507049439000070)","Unfall 212068 (2021) Kat:3, Licht: 0","212068","3","2","5","06","08","4","","0","1","1","0","0"
"POINT (13.468274468000061 52.546544988000051)","Unfall 212069 (2021) Kat:3, Licht: 0","212069","3","2","5","06","14","6","","0","1","0","0","0"
"POINT (13.340573398000060 52.497471379000046)","Unfall 212070 (2021) Kat:3, Licht: 0","212070","3","5","1","06","09","4","","0","0","1","0","0"
"POINT (13.354145433000042 52.551375509000081)","Unfall 212071 (2021) Kat:3, Licht: 0","212071","3","7","6","07","18","7","","0","1","0","1","0"
"POINT (13.399419719000036 52.524171643000045)","Unfall 212072 (2021) Kat:3, Licht: 1","212072","3","6","0","06","20","7","","1","1","1","0","0"
"POINT (13.519855888000052 52.494770643000038)","Unfall 212073 (2021) Kat:3, Licht: 0","212073","3","5","1","06","15","1","","0","0","1","0","0"
"POINT (13.381517518000067 52.531804963000070)","Unfall 212074 (2021) Kat:2, Licht: 0","212074","2","6","3","06","12","3","","0","1","1","0","0"
"POINT (13.376911633000077 52.560237874000052)","Unfall 212075 (2021) Kat:3, Licht: 0","212075","3","7","5","06","19","3","","0","0","1","0","1"
"POINT (13.455994320000059 52.548264660000029)","Unfall 212076 (2021) Kat:3, Licht: 0","212076","3","3","5","06","19","5","","0","1","1","0","0"
"POINT (13.402959582000051 52.494093006000071)","Unfall 212077 (2021) Kat:3, Licht: 0","212077","3","3","0","06","21","6","","0","1","1","0","0"
"POINT (13.174624552000068 52.513818131000050)","Unfall 212078 (2021) Kat:3, Licht: 0","212078","3","3","5","06","11","2","","0","1","1","0","0"
"POINT (13.607807041000058 52.491216219000080)","Unfall 212079 (2021) Kat:3, Licht: 0","212079","3","2","0","07","14","6","","0","0","1","0","1"
"POINT (13.401002701000039 52.414553968000064)","Unfall 212080 (2021) Kat:3, Licht: 0","212080","3","6","2","07","16","3","","0","0","1","0","0"
"POINT (13.286423251000031 52.449883290000059)","Unfall 212081 (2021) Kat:3, Licht: 0","212081","3","5","1","06","15","3","","0","1","1","0","0"
"POINT (13.508492797000031 52.548535103000063)","Unfall 212082 (2021) Kat:2, Licht: 0","212082","2","2","5","05","18","1","","0","1","0","0","0"
"POINT (13.348535636000065 52.459336036000082)","Unfall 212083 (2021) Kat:3, Licht: 0","212083","3","6","2","07","14","1","","0","0","1","0","0"
"POINT (13.318939164000028 52.566235303000042)","Unfall 212084 (2021) Kat:3, Licht: 0","212084","3","2","5","06","17","4","","0","1","1","0","0"
"POINT (13.314291968000077 52.576684605000082)","Unfall 212085 (2021) Kat:3, Licht: 1","212085","3","3","5","05","21","5","","1","0","1","0","0"
"POINT (13.440999774000034 52.524493611000082)","Unfall 212086 (2021) Kat:3, Licht: 0","212086","3","6","2","06","18","2","","0","0","1","0","0"
"POINT (13.328118933000042 52.563869864000026)","Unfall 212087 (2021) Kat:3, Licht: 0","212087","3","4","6","06","17","6","","0","1","0","1","0"
"POINT (13.460842850000063 52.508786761000067)","Unfall 212088 (2021) Kat:2, Licht: 0","212088","2","1","0","06","20","3","","0","1","0","0","0"
"POINT (13.417914298000028 52.539697002000082)","Unfall 212089 (2021) Kat:3, Licht: 0","212089","3","6","4","06","14","4","","0","1","0","0","1"
"POINT (13.335751219000031 52.513645486000030)","Unfall 212090 (2021) Kat:3, Licht: 0","212090","3","2","2","07","20","4","","0","0","1","0","1"
"POINT (13.335641536000026 52.542009718000031)","Unfall 212091 (2021) Kat:2, Licht: 0","212091","2","3","5","07","15","2","","0","0","1","0","0"
"POINT (13.417646748000038 52.545973089000029)","Unfall 212092 (2021) Kat:3, Licht: 0","212092","3","2","5","06","09","4","","0","1","0","0","0"
"POINT (13.360628964000057 52.486376182000072)","Unfall 212093 (2021) Kat:3, Licht: 0","212093","3","6","0","05","16","4","","0","0","1","0","0"
"POINT (13.500867015000040 52.445777946000078)","Unfall 212094 (2021) Kat:3, Licht: 0","212094","3","3","5","06","08","2","","0","0","1","0","0"
"POINT (13.320344574000046 52.481426682000063)","Unfall 212095 (2021) Kat:3, Licht: 0","212095","3","7","5","06","13","6","","0","0","0","0","1"
"POINT (13.396978201000024 52.505324462000033)","Unfall 212096 (2021) Kat:2, Licht: 0","212096","2","2","5","06","15","4","","0","0","1","0","1"
"POINT (13.326104631000021 52.538377321000041)","Unfall 212097 (2021) Kat:3, Licht: 0","212097","3","2","5","07","16","6","","0","0","1","0","0"
"POINT (13.408116428000028 52.541506887000082)","Unfall 212098 (2021) Kat:3, Licht: 0","212098","3","3","5","06","15","7","","0","1","1","0","0"
"POINT (13.417874333000043 52.501675109000075)","Unfall 212099 (2021) Kat:3, Licht: 2","212099","3","6","4","06","00","7","","2","0","1","0","0"
"POINT (13.303839257000050 52.501987482000061)","Unfall 212100 (2021) Kat:2, Licht: 0","212100","2","1","0","06","08","3","","0","1","0","0","0"
"POINT (13.413253311000062 52.502933516000041)","Unfall 212101 (2021) Kat:3, Licht: 1","212101","3","2","0","06","21","3","","1","1","1","0","0"
"POINT (13.146135242000071 52.545716757000037)","Unfall 212102 (2021) Kat:3, Licht: 0","212102","3","4","6","06","07","6","","0","0","0","1","0"
"POINT (13.550930659000073 52.429013074000068)","Unfall 212103 (2021) Kat:3, Licht: 0","212103","3","2","5","06","16","2","","0","1","1","0","0"
"POINT (13.521772445000067 52.567109469000059)","Unfall 212104 (2021) Kat:3, Licht: 0","212104","3","3","5","07","13","7","","0","1","1","0","0"
"POINT (13.419708420000063 52.531785843000080)","Unfall 212105 (2021) Kat:3, Licht: 0","212105","3","6","3","07","16","3","","0","1","0","0","0"
"POINT (13.418213448000074 52.511798233000036)","Unfall 212106 (2021) Kat:3, Licht: 0","212106","3","4","6","06","13","3","","0","1","0","1","0"
"POINT (13.259672023000064 52.570802807000064)","Unfall 212107 (2021) Kat:2, Licht: 0","212107","2","7","0","05","12","3","","0","0","1","0","1"
"POINT (13.362943148000056 52.497515983000028)","Unfall 212108 (2021) Kat:3, Licht: 0","212108","3","7","5","07","17","1","","0","0","1","0","0"
"POINT (13.392342831000065 52.487241309000069)","Unfall 212109 (2021) Kat:3, Licht: 0","212109","3","7","0","06","12","4","","0","0","1","1","0"
"POINT (13.378627368000025 52.528580778000048)","Unfall 212110 (2021) Kat:3, Licht: 0","212110","3","3","5","05","15","6","","0","1","1","0","0"
"POINT (13.275389010000026 52.512779669000054)","Unfall 212111 (2021) Kat:3, Licht: 0","212111","3","2","5","06","14","6","","0","0","1","0","1"
"POINT (13.266496220000022 52.430637632000071)","Unfall 212112 (2021) Kat:3, Licht: 0","212112","3","2","5","06","14","3","","0","0","1","0","1"
"POINT (13.391030588000035 52.504188919000057)","Unfall 212113 (2021) Kat:3, Licht: 0","212113","3","3","5","06","17","6","","0","1","1","0","0"
"POINT (13.296678445000055 52.519388546000073)","Unfall 212114 (2021) Kat:3, Licht: 0","212114","3","5","1","06","19","6","","0","0","1","0","1"
"POINT (13.511249711000062 52.504213654000068)","Unfall 212115 (2021) Kat:3, Licht: 0","212115","3","6","2","05","18","2","","0","0","0","0","1"
"POINT (13.535164740000027 52.432303367000031)","Unfall 212116 (2021) Kat:3, Licht: 0","212116","3","2","5","06","16","2","","0","0","1","0","1"
"POINT (13.187284407000050 52.536769189000040)","Unfall 212117 (2021) Kat:3, Licht: 1","212117","3","7","6","06","21","5","","1","1","0","1","0"
"POINT (13.454378216000066 52.546953294000048)","Unfall 212118 (2021) Kat:3, Licht: 0","212118","3","4","6","06","09","6","","0","1","0","1","0"
"POINT (13.421117621000064 52.492192080000052)","Unfall 212119 (2021) Kat:3, Licht: 2","212119","3","5","1","07","23","5","","2","1","1","0","0"