WKT,Name,OBJECTID,UKATEGORIE,UTYP1,UART,UMONAT,USTUNDE,UWOCHENTAG,STRZUSTAND,ULICHTVERH,ISTRAD,ISTPKW,ISTFUSS,ISTKRAD
"POINT (13.395745243000022 52.498363866000034)","Unfall 212120 (2021) Kat:3, Licht: 0","212120","3","2","5","07","18","6","","0","0","1","0","1"
"POINT (13.385570272000052 52.499656899000058)","Unfall 212121 (2021) Kat:3, Licht: 0","212121","3","7","2","06","16","5","","0","1","1","0","0"
"POINT (13.457967263000057 52.528829938000058)","Unfall 212122 (2021) Kat:3, Licht: 0","212122","3","2","5","07","11","2","","0","1","1","0","0"
"POINT (13.331027336000034 52.494898673000080)","Unfall 212123 (2021) Kat:3, Licht: 0","212123","3","6","3","06","10","2","","0","1","1","0","0"
"POINT (13.456788444000040 52.502407976000029)","Unfall 212124 (2021) Kat:3, Licht: 0","212124","3","2","5","05","19","1","","0","0","1","0","0"
"POINT (13.232507054000052 52.540508201000080)","Unfall 212125 (2021) Kat:3, Licht: 0","212125","3","6","3","06","15","4","","0","0","1","0","0"
"POINT (13.359400295000057 52.523236734000079)","Unfall 212126 (2021) Kat:2, Licht: 2","212126","2","3","5","05","21","5","","2","1","1","0","0"
"POINT (13.424357213000064 52.556192465000038)","Unfall 212127 (2021) Kat:3, Licht: 0","212127","3","7","1","06","08","2","","0","1","1","0","0"
"POINT (13.549847133000071 52.438058336000040)","Unfall 212128 (2021) Kat:3, Licht: 0","212128","3","3","5","06","07","3","","0","1","1","0","0"
"POINT (13.280761781000024 52.586677283000029)","Unfall 212129 (2021) Kat:3, Licht: 0","212129","3","4","6","06","12","5","","0","0","1","1","0"
"POINT (13.427803424000047 52.560591954000074)","Unfall 212130 (2021) Kat:3, Licht: 0","212130","3","2","5","06","07","6","","0","1","1","0","0"
"POINT (13.361115983000047 52.577227812000046)","Unfall 212131 (2021) Kat:3, Licht: 0","212131","3","5","1","05","16","1","","0","0","1","0","1"
"POINT (13.447322848000056 52.513260601000070)","Unfall 212132 (2021) Kat:3, Licht: 0","212132","3","2","5","06","15","5","","0","0","0","0","1"
"POINT (13.561181085000044 52.507172138000044)","Unfall 212133 (2021) Kat:3, Licht: 0","212133","3","1","0","07","11","5","","0","0","1","0","1"
"POINT (13.327825573000041 52.503133414000047)","Unfall 212134 (2021) Kat:3, Licht: 0","212134","3","6","2","07","20","4","","0","0","1","0","0"
"POINT (13.491337141000031 52.526546039000038)","Unfall 212135 (2021) Kat:2, Licht: 0","212135","2","1","4","07","15","5","","0","0","0","0","1"
"POINT (13.376333010000053 52.510086422000029)","Unfall 212136 (2021) Kat:3, Licht: 0","212136","3","3","5","05","08","4","","0","1","1","0","0"
"POINT (13.277609087000030 52.574862276000033)","Unfall 212137 (2021) Kat:3, Licht: 0","212137","3","5","1","06","14","7","","0","1","1","0","0"
"POINT (13.293632563000074 52.419594935000077)","Unfall 212138 (2021) Kat:3, Licht: 0","212138","3","5","1","07","12","1","","0","0","1","0","0"
"POINT (13.468329979000032 52.507095134000053)","Unfall 212139 (2021) Kat:3, Licht: 0","212139","3","1","0","06","18","1","","0","1","0","0","0"
"POINT (13.370828604000053 52.491627959000027)","Unfall 212140 (2021) Kat:3, Licht: 0","212140","3","4","6","06","09","2","","0","0","0","1","0"
"POINT (13.580548139000030 52.443059978000065)","Unfall 212141 (2021) Kat:3, Licht: 0","212141","3","3","5","06","17","3","","0","1","1","0","0"
"POINT (13.382677120000039 52.467031312000074)","Unfall 212142 (2021) Kat:3, Licht: 0","212142","3","3","5","06","08","4","","0","0","1","0","0"
"POINT (13.306637468000076 52.499839563000080)","Unfall 212143 (2021) Kat:3, Licht: 0","212143","3","6","2","06","17","7","","0","1","1","0","0"
"POINT (13.436072038000077 52.492103122000060)","Unfall 212144 (2021) Kat:2, Licht: 1","212144","2","6","3","06","04","3","","1","1","1","0","0"
"POINT (13.370504601000050 52.468947820000039)","Unfall 212145 (2021) Kat:3, Licht: 0","212145","3","6","2","07","15","7","","0","0","1","0","0"
"POINT (13.275935976000028 52.584492952000062)","Unfall 212146 (2021) Kat:2, Licht: 0","212146","2","5","4","06","07","4","","0","0","1","0","0"
"POINT (13.352550221000058 52.564424039000073)","Unfall 212147 (2021) Kat:3, Licht: 0","212147","3","3","5","06","14","5","","0","0","1","0","0"
"POINT (13.436318088000064 52.481022562000078)","Unfall 212148 (2021) Kat:3, Licht: 0","212148","3","6","2","05","14","7","","0","1","1","0","0"
"POINT (13.482874203000051 52.611623595000026)","Unfall 212149 (2021) Kat:3, Licht: 0","212149","3","2","0","06","15","4","","0","1","1","0","0"
"POINT (13.572663727000077 52.470784553000044)","Unfall 212150 (2021) Kat:3, Licht: 0","212150","3","4","6","07","11","4","","0","0","1","1","0"
"POINT (13.309424343000046 52.557606870000029)","Unfall 212151 (2021) Kat:2, Licht: 0","212151","2","6","2","07","11","3","","0","0","1","0","1"
"POINT (13.411806403000071 52.523967141000071)","Unfall 212152 (2021) Kat:3, Licht: 0","212152","3","2","5","06","06","4","","0","0","1","0","0"
"POINT (13.401195803000064 52.495409922000078)","Unfall 212153 (2021) Kat:3, Licht: 0","212153","3","7","6","05","17","2","","0","1","0","1","0"
"POINT (13.406922834000056 52.393777403000058)","Unfall 212154 (2021) Kat:3, Licht: 0","212154","3","2","5","06","12","4","","0","1","1","0","0"
"POINT (13.400644320000026 52.529599720000078)","Unfall 212155 (2021) Kat:3, Licht: 0","212155","3","6","3","06","08","2","","0","1","1","0","0"
"POINT (13.280025748000071 52.520050508000054)","Unfall 212156 (2021) Kat:3, Licht: 0","212156","3","4","0","06","13","6","","0","0","0","1","1"
"POINT (13.442380104000051 52.590892700000040)","Unfall 212157 (2021) Kat:3, Licht: 0","212157","3","2","5","06","09","3","","0","1","0","0","0"
"POINT (13.189386558000024 52.433805548000066)","Unfall 212158 (2021) Kat:3, Licht: 0","212158","3","2","5","07","13","6","","0","1","1","0","0"
"POINT (13.335759603000042 52.513472971000056)","Unfall 212159 (2021) Kat:3, Licht: 0","212159","3","3","5","06","08","6","","0","1","1","0","0"
"POINT (13.440458192000051 52.553791890000070)","Unfall 212160 (2021) Kat:3, Licht: 0","212160","3","5","1","06","11","6","","0","0","1","0","0"
"POINT (13.300192999000046 52.487808354000038)","Unfall 212161 (2021) Kat:2, Licht: 0","212161","2","3","5","06","11","3","","0","1","1","0","0"
"POINT (13.270292822000044 52.528468578000059)","Unfall 212162 (2021) Kat:3, Licht: 0","212162","3","6","2","06","11","2","","0","0","1","0","0"
"POINT (13.473969706000048 52.425752772000067)","Unfall 212163 (2021) Kat:2, Licht: 0","212163","2","2","5","06","16","5","","0","0","1","0","0"
"POINT (13.343693052000049 52.546301192000044)","Unfall 212164 (2021) Kat:3, Licht: 0","212164","3","2","5","06","08","6","","0","1","1","0","0"
"POINT (13.410085113000036 52.528745990000061)","Unfall 212165 (2021) Kat:3, Licht: 2","212165","3","6","2","07","22","6","","2","0","1","0","0"
"POINT (13.505105520000029 52.636898398000028)","Unfall 212166 (2021) Kat:3, Licht: 0","212166","3","6","4","07","15","2","","0","1","0","0","0"
"POINT (13.458198998000057 52.499600398000041)","Unfall 212167 (2021) Kat:2, Licht: 0","212167","2","3","5","06","14","2","","0","1","1","0","0"
"POINT (13.332261798000047 52.526992962000065)","Unfall 212168 (2021) Kat:3, Licht: 2","212168","3","6","2","05","21","2","","2","0","1","0","1"
"POINT (13.188273069000047 52.527777980000053)","Unfall 212169 (2021) Kat:3, Licht: 0","212169","3","4","6","06","17","4","","0","0","0","1","0"
"POINT (13.434716613000035 52.440064908000068)","Unfall 212170 (2021) Kat:3, Licht: 0","212170","3","4","6","05","08","5","","0","1","0","1","0"
"POINT (13.438997532000030 52.494995701000050)","Unfall 212171 (2021) Kat:2, Licht: 1","212171","2","3","5","06","21","1","","1","1","1","0","0"
"POINT (13.382982643000048 52.492035619000035)","Unfall 212172 (2021) Kat:3, Licht: 0","212172","3","5","1","06","09","6","","0","1","1","0","0"
"POINT (13.484655875000044 52.513971332000040)","Unfall 212173 (2021) Kat:3, Licht: 0","212173","3","2","5","06","17","3","","0","1","1","0","0"
"POINT (13.432859881000070 52.555985637000049)","Unfall 212174 (2021) Kat:3, Licht: 0","212174","3","2","5","06","15","5","","0","1","1","0","0"
"POINT (13.324752345000036 52.503041701000029)","Unfall 212175 (2021) Kat:3, Licht: 0","212175","3","5","1","06","13","5","","0","1","1","0","0"
"POINT (13.499570677000065 52.635409163000077)","Unfall 212176 (2021) Kat:3, Licht: 0","212176","3","4","6","05","07","2","","0","0","1","1","0"
"POINT (13.380616628000041 52.532531046000031)","Unfall 212177 (2021) Kat:3, Licht: 0","212177","3","6","2","06","13","5","","0","1","1","0","0"
"POINT (13.562695231000077 52.456628005000027)","Unfall 212178 (2021) Kat:3, Licht: 0","212178","3","2","2","07","16","5","","0","1","1","0","0"
"POINT (13.359544115000062 52.585392761000037)","Unfall 212179 (2021) Kat:2, Licht: 0","212179","2","3","5","07","15","5","","0","0","1","0","0"
"POINT (13.341703187000064 52.502049797000041)","Unfall 212180 (2021) Kat:3, Licht: 0","212180","3","7","6","06","14","7","","0","0","0","1","0"
"POINT (13.595006889000047 52.487297626000043)","Unfall 212181 (2021) Kat:3, Licht: 0","212181","3","7","0","07","17","2","","0","0","1","0","0"
"POINT (13.190729505000036 52.536407207000082)","Unfall 212182 (2021) Kat:2, Licht: 0","212182","2","3","5","06","15","7","","0","0","1","0","0"
"POINT (13.456533387000036 52.513203074000046)","Unfall 212183 (2021) Kat:2, Licht: 0","212183","2","7","5","06","19","4","","0","0","1","0","1"
"POINT (13.329739219000032 52.563156106000065)","Unfall 212184 (2021) Kat:3, Licht: 0","212184","3","2","5","06","15","3","","0","1","1","0","0"
"POINT (13.350946963000069 52.504366996000044)","Unfall 212185 (2021) Kat:2, Licht: 2","212185","2","3","5","06","21","7","","2","1","1","0","0"
"POINT (13.593416012000034 52.449579081000081)","Unfall 212186 (2021) Kat:3, Licht: 0","212186","3","6","2","06","17","3","","0","0","1","0","0"
"POINT (13.439529961000062 52.523965458000077)","Unfall 212187 (2021) Kat:3, Licht: 0","212187","3","7","0","06","09","5","","0","0","1","0","0"
"POINT (13.428935760000059 52.486529346000054)","Unfall 212188 (2021) Kat:3, Licht: 0","212188","3","2","5","06","17","5","","0","0","1","0","0"
"POINT (13.612250102000075 52.454492534000053)","Unfall 212189 (2021) Kat:3, Licht: 2","212189","3","5","1","05","22","7","","2","1","1","0","0"
"POINT (13.560371680000060 52.486594899000067)","Unfall 212190 (2021) Kat:3, Licht: 0","212190","3","2","5","06","17","4","","0","0","1","0","1"
"POINT (13.511317905000055 52.550657570000055)","Unfall 212191 (2021) Kat:3, Licht: 0","212191","3","7","5","07","08","4","","0","0","1","0","1"
"POINT (13.415095167000061 52.526684717000080)","Unfall 212192 (2021) Kat:3, Licht: 0","212192","3","3","5","07","14","3","","0","1","1","0","0"
"POINT (13.434583456000041 52.472505948000048)","Unfall 212193 (2021) Kat:3, Licht: 0","212193","3","3","5","06","09","4","","0","0","1","0","0"
"POINT (13.331906603000050 52.490769551000028)","Unfall 212194 (2021) Kat:3, Licht: 0","212194","3","7","5","05","08","4","","0","1","1","0","0"
"POINT (13.302442266000071 52.506738308000081)","Unfall 212195 (2021) Kat:3, Licht: 0","212195","3","7","5","06","15","6","","0","0","1","0","1"
"POINT (13.316757562000078 52.606112758000052)","Unfall 212196 (2021) Kat:3, Licht: 0","212196","3","3","5","06","15","6","","0","1","1","0","0"
"POINT (13.218454533000056 52.508881275000078)","Unfall 212197 (2021) Kat:3, Licht: 0","212197","3","2","5","06","10","3","","0","1","1","0","0"
"POINT (13.317917676000036 52.570823695000058)","Unfall 212198 (2021) Kat:3, Licht: 0","212198","3","3","5","06","10","2","","0","1","1","0","0"
"POINT (13.206000326000037 52.535686476000080)","Unfall 212199 (2021) Kat:3, Licht: 0","212199","3","5","1","06","14","6","","0","0","1","0","0"
"POINT (13.343117888000052 52.478815850000046)","Unfall 212200 (2021) Kat:2, Licht: 0","212200","2","4","6","07","19","5","","0","0","1","1","0"
"POINT (13.377285908000033 52.476073904000032)","Unfall 212201 (2021) Kat:3, Licht: 0","212201","3","5","1","07","08","5","","0","0","1","0","0"
"POINT (13.379407922000041 52.529428610000082)","Unfall 212202 (2021) Kat:3, Licht: 0","212202","3","2","5","06","05","7","","0","1","1","0","0"
"POINT (13.473052540000026 52.616928053000038)","Unfall 212203 (2021) Kat:2, Licht: 0","212203","2","3","0","07","10","2","","0","0","1","0","0"
"POINT (13.322339224000075 52.525653139000042)","Unfall 212204 (2021) Kat:3, Licht: 0","212204","3","5","1","06","14","2","","0","0","1","0","0"
"POINT (13.459744945000068 52.529215169000054)","Unfall 212205 (2021) Kat:3, Licht: 0","212205","3","1","0","06","16","4","","0","1","0","0","0"
"POINT (13.642023453000036 52.447790741000063)","Unfall 212206 (2021) Kat:3, Licht: 0","212206","3","3","5","06","08","4","","0","1","1","0","0"
"POINT (13.430238204000034 52.620897881000076)","Unfall 212207 (2021) Kat:2, Licht: 0","212207","2","2","5","06","20","1","","0","1","1","0","0"
"POINT (13.436085788000071 52.478793455000073)","Unfall 212208 (2021) Kat:3, Licht: 0","212208","3","2","5","06","13","1","","0","1","0","0","0"
"POINT (13.416820293000058 52.510912467000026)","Unfall 212209 (2021) Kat:2, Licht: 2","212209","2","1","0","06","00","3","","2","1","0","0","0"
"POINT (13.401757021000037 52.587333145000059)","Unfall 212210 (2021) Kat:3, Licht: 0","212210","3","2","5","06","08","4","","0","1","1","0","0"
"POINT (13.529246222000040 52.459883054000045)","Unfall 212211 (2021) Kat:3, Licht: 0","212211","3","7","0","06","18","5","","0","1","0","0","0"
"POINT (13.179232690000049 52.524851875000081)","Unfall 212212 (2021) Kat:2, Licht: 1","212212","2","3","5","05","19","1","","1","0","0","0","0"
"POINT (13.538367474000040 52.554306623000059)","Unfall 212213 (2021) Kat:3, Licht: 0","212213","3","2","5","06","17","5","","0","0","1","0","0"
"POINT (13.325094934000049 52.482793061000052)","Unfall 212214 (2021) Kat:3, Licht: 0","212214","3","7","5","07","19","4","","0","0","1","0","1"
"POINT (13.247321517000046 52.541915267000036)","Unfall 212215 (2021) Kat:3, Licht: 0","212215","3","6","3","07","13","3","","0","0","1","0","0"
"POINT (13.485735792000071 52.422509680000076)","Unfall 212216 (2021) Kat:3, Licht: 2","212216","3","1","1","06","00","4","","2","0","1","0","0"
"POINT (13.353713487000050 52.402025188000039)","Unfall 212217 (2021) Kat:3, Licht: 0","212217","3","6","0","05","13","4","","0","1","1","0","0"
"POINT (13.603591554000047 52.485351142000070)","Unfall 212218 (2021) Kat:3, Licht: 0","212218","3","6","2","06","13","7","","0","0","1","0","0"
"POINT (13.340721274000032 52.504525516000058)","Unfall 212219 (2021) Kat:3, Licht: 0","212219","3","2","0","07","12","7","","0","0","1","0","1"
"POINT (13.286763568000026 52.536379390000036)","Unfall 212220 (2021) Kat:3, Licht: 0","212220","3","7","6","06","17","1","","0","0","0","1","0"
"POINT (13.427848993000055 52.567927993000069)","Unfall 212221 (2021) Kat:2, Licht: 0","212221","2","3","5","06","13","1","","0","1","1","1","0"
"POINT (13.330081375000077 52.533226266000042)","Unfall 212222 (2021) Kat:3, Licht: 0","212222","3","6","3","06","09","3","","0","0","1","0","0"
"POINT (13.455851965000022 52.473844141000029)","Unfall 212223 (2021) Kat:3, Licht: 0","212223","3","2","2","06","12","3","","0","0","1","0","0"
"POINT (13.389851100000044 52.512119282000072)","Unfall 212224 (2021) Kat:3, Licht: 0","212224","3","1","0","06","06","6","","0","0","0","0","0"
"POINT (13.440189220000036 52.481584302000044)","Unfall 212225 (2021) Kat:3, Licht: 0","212225","3","3","5","06","10","3","","0","1","0","0","0"
"POINT (13.479422392000060 52.520417020000082)","Unfall 212226 (2021) Kat:2, Licht: 0","212226","2","3","5","07","06","7","","0","0","1","0","0"
"POINT (13.507332675000043 52.448022097000035)","Unfall 212227 (2021) Kat:3, Licht: 0","212227","3","6","2","06","07","4","","0","0","1","0","0"
"POINT (13.256115576000070 52.432561121000049)","Unfall 212228 (2021) Kat:3, Licht: 0","212228","3","1","0","06","09","5","","0","0","1","0","0"
"POINT (13.509845942000027 52.453466889000026)","Unfall 212229 (2021) Kat:3, Licht: 0","212229","3","7","2","05","06","6","","0","0","1","0","0"
"POINT (13.341728152000030 52.526401205000070)","Unfall 212230 (2021) Kat:3, Licht: 0","212230","3","6","2","07","11","3","","0","1","0","0","0"
"POINT (13.231090722000033 52.541501859000050)","Unfall 212231 (2021) Kat:2, Licht: 0","212231","2","7","5","07","13","2","","0","0","0","1","1"
"POINT (13.180009790000042 52.504353819000073)","Unfall 212232 (2021) Kat:3, Licht: 0","212232","3","6","2","06","18","3","","0","0","1","0","0"
"POINT (13.414465649000022 52.456627496000067)","Unfall 212233 (2021) Kat:3, Licht: 0","212233","3","3","5","05","15","3","","0","0","1","0","0"
"POINT (13.446724774000074 52.502625013000056)","Unfall 212234 (2021) Kat:3, Licht: 2","212234","3","2","5","07","01","2","","2","1","1","0","0"
"POINT (13.295617628000059 52.493359131000034)","Unfall 212235 (2021) Kat:3, Licht: 0","212235","3","5","1","06","13","5","","0","1","1","0","0"
"POINT (13.410300672000062 52.503782708000074)","Unfall 212236 (2021) Kat:3, Licht: 0","212236","3","3","5","05","13","5","","0","1","1","0","0"
"POINT (13.435006792000024 52.439170706000027)","Unfall 212237 (2021) Kat:2, Licht: 0","212237","2","6","2","06","08","2","","0","0","1","0","0"
"POINT (13.359697414000038 52.554661143000033)","Unfall 212238 (2021) Kat:3, Licht: 0","212238","3","6","2","06","07","6","","0","0","0","0","1"
"POINT (13.412136977000046 52.503232149000041)","Unfall 212239 (2021) Kat:2, Licht: 2","212239","2","5","1","06","00","4","","2","1","1","0","0"
"POINT (13.442024457000059 52.500921859000073)","Unfall 212240 (2021) Kat:2, Licht: 0","212240","2","4","6","07","16","6","","0","1","0","1","0"
"POINT (13.416461228000060 52.502034397000045)","Unfall 212241 (2021) Kat:3, Licht: 0","212241","3","2","5","06","19","7","","0","1","1","0","0"
"POINT (13.314527270000042 52.465069281000069)","Unfall 212242 (2021) Kat:3, Licht: 0","212242","3","7","5","06","21","6","","0","0","1","0","0"
"POINT (13.186738725000055 52.432182910000051)","Unfall 212243 (2021) Kat:3, Licht: 0","212243","3","4","6","05","17","2","","0","1","0","1","0"
"POINT (13.544197891000067 52.525834085000042)","Unfall 212244 (2021) Kat:3, Licht: 0","212244","3","7","5","06","12","2","","0","0","1","0","0"
"POINT (13.360171192000053 52.477965625000081)","Unfall 212245 (2021) Kat:3, Licht: 0","212245","3","5","1","06","12","5","","0","0","1","0","1"
"POINT (13.334718417000033 52.450702751000051)","Unfall 212246 (2021) Kat:2, Licht: 0","212246","2","5","1","06","13","5","","0","1","0","0","0"
"POINT (13.477814681000041 52.417789306000032)","Unfall 212247 (2021) Kat:3, Licht: 2","212247","3","3","5","07","21","6","","2","0","1","0","0"
"POINT (13.310996052000064 52.547550423000075)","Unfall 212248 (2021) Kat:3, Licht: 0","212248","3","2","2","07","10","6","","0","0","1","0","0"
"POINT (13.589039823000064 52.537526685000046)","Unfall 212249 (2021) Kat:3, Licht: 0","212249","3","4","0","07","15","2","","0","0","0","1","0"
"POINT (13.422129510000048 52.499041618000035)","Unfall 212250 (2021) Kat:3, Licht: 0","212250","3","2","0","06","11","2","","0","1","0","0","0"
"POINT (13.415548993000073 52.527077284000029)","Unfall 212251 (2021) Kat:3, Licht: 2","212251","3","2","5","05","01","2","","2","0","1","0","0"
"POINT (13.416279255000063 52.491012938000040)","Unfall 212252 (2021) Kat:3, Licht: 0","212252","3","2","5","06","16","4","","0","0","1","0","1"
"POINT (13.303561419000062 52.581064387000026)","Unfall 212253 (2021) Kat:2, Licht: 0","212253","2","1","0","05","13","5","","0","0","0","0","1"
"POINT (13.286969028000044 52.497499966000078)","Unfall 212254 (2021) Kat:3, Licht: 0","212254","3","5","1","06","13","1","","0","1","1","0","0"
"POINT (13.460806941000044 52.484153087000038)","Unfall 212255 (2021) Kat:2, Licht: 0","212255","2","6","4","06","08","2","","0","0","1","0","0"
"POINT (13.534458003000054 52.431926726000029)","Unfall 212256 (2021) Kat:3, Licht: 0","212256","3","6","2","06","08","3","","0","0","1","0","0"
"POINT (13.437804619000076 52.421793956000045)","Unfall 212257 (2021) Kat:2, Licht: 0","212257","2","2","6","06","18","6","","0","0","1","1","0"
"POINT (13.511476336000044 52.484257500000069)","Unfall 212258 (2021) Kat:2, Licht: 0","212258","2","1","4","06","17","5","","0","1","0","0","0"
"POINT (13.322269925000057 52.450614340000072)","Unfall 212259 (2021) Kat:2, Licht: 0","212259","2","5","1","05","05","2","","0","0","1","0","1"
"POINT (13.290267976000052 52.458056914000053)","Unfall 212260 (2021) Kat:3, Licht: 0","212260","3","2","5","06","07","5","","0","1","1","0","0"
"POINT (13.324592016000054 52.498704392000036)","Unfall 212261 (2021) Kat:3, Licht: 0","212261","3","5","1","07","16","5","","0","1","1","0","0"
"POINT (13.418325177000042 52.619114850000074)","Unfall 212262 (2021) Kat:3, Licht: 0","212262","3","4","6","07","05","5","","0","0","1","1","0"
"POINT (13.296543816000053 52.529348416000062)","Unfall 212263 (2021) Kat:3, Licht: 0","212263","3","3","5","06","16","1","","0","0","1","0","1"
"POINT (13.266382915000065 52.455744234000065)","Unfall 212264 (2021) Kat:3, Licht: 0","212264","3","2","5","07","12","7","","0","1","1","0","0"
"POINT (13.236571168000069 52.620749221000040)","Unfall 212265 (2021) Kat:3, Licht: 0","212265","3","2","5","06","18","2","","0","1","1","0","0"
"POINT (13.685846977000040 52.439908728000034)","Unfall 212266 (2021) Kat:3, Licht: 0","212266","3","1","0","06","12","4","","0","1","0","0","0"
"POINT (13.429248720000032 52.481310575000066)","Unfall 212267 (2021) Kat:3, Licht: 0","212267","3","2","3","06","16","3","","0","1","1","0","0"
"POINT (13.558149141000058 52.406591197000068)","Unfall 212268 (2021) Kat:3, Licht: 1","212268","3","2","5","06","21","7","","1","0","1","0","0"
"POINT (13.364939943000024 52.526073032000056)","Unfall 212269 (2021) Kat:3, Licht: 0","212269","3","5","0","06","17","3","","0","1","0","0","0"
"POINT (13.429590669000049 52.544878526000048)","Unfall 212270 (2021) Kat:3, Licht: 0","212270","3","7","5","06","06","4","","0","0","1","0","0"
"POINT (13.376112194000029 52.554831457000034)","Unfall 212271 (2021) Kat:3, Licht: 0","212271","3","6","3","06","12","5","","0","0","1","0","0"
"POINT (13.353900450000026 52.499881431000063)","Unfall 212272 (2021) Kat:3, Licht: 0","212272","3","3","5","05","14","1","","0","1","1","0","0"
"POINT (13.421155262000070 52.480100843000059)","Unfall 212273 (2021) Kat:3, Licht: 0","212273","3","2","5","06","08","4","","0","1","1","0","0"
"POINT (13.271555080000041 52.576379540000062)","Unfall 212274 (2021) Kat:3, Licht: 0","212274","3","3","5","07","09","4","","0","1","1","0","0"
"POINT (13.504865216000042 52.563387497000065)","Unfall 212275 (2021) Kat:3, Licht: 0","212275","3","2","5","07","16","3","","0","1","1","0","0"
"POINT (13.372495993000030 52.556666298000039)","Unfall 212276 (2021) Kat:3, Licht: 0","212276","3","6","3","06","16","4","","0","0","1","0","1"
"POINT (13.268530180000027 52.517552113000079)","Unfall 212277 (2021) Kat:3, Licht: 0","212277","3","3","5","05","18","4","","0","0","1","0","1"
"POINT (13.280432989000076 52.518495029000064)","Unfall 212278 (2021) Kat:3, Licht: 0","212278","3","2","5","06","06","2","","0","1","1","0","0"
"POINT (13.289629700000035 52.486443874000031)","Unfall 212279 (2021) Kat:3, Licht: 0","212279","3","3","5","06","11","7","","0","1","1","0","0"
"POINT (13.278662635000046 52.473284042000046)","Unfall 212280 (2021) Kat:3, Licht: 0","212280","3","6","2","07","11","6","","0","0","1","0","0"
"POINT (13.362429950000035 52.567243391000034)","Unfall 212281 (2021) Kat:3, Licht: 0","212281","3","4","6","06","18","7","","0","0","1","1","0"
"POINT (13.394047070000056 52.617679679000048)","Unfall 212282 (2021) Kat:3, Licht: 0","212282","3","5","1","06","16","2","","0","0","1","0","1"
"POINT (13.275287986000023 52.461133810000035)","Unfall 212283 (2021) Kat:3, Licht: 2","212283","3","7","1","06","04","3","","2","0","1","0","0"
"POINT (13.447812129000056 52.513249568000049)","Unfall 212284 (2021) Kat:3, Licht: 0","212284","3","4","6","06","09","3","","0","0","1","1","0"
"POINT (13.526095125000040 52.484399079000070)","Unfall 212285 (2021) Kat:3, Licht: 0","212285","3","6","2","06","05","6","","0","0","1","0","0"
"POINT (13.450564797000027 52.489218146000042)","Unfall 212286 (2021) Kat:3, Licht: 0","212286","3","2","5","06","09","3","","0","1","1","0","0"
"POINT (13.307527097000047 52.506597384000031)","Unfall 212287 (2021) Kat:3, Licht: 0","212287","3","1","0","07","14","6","","0","1","1","0","0"
"POINT (13.433353111000031 52.464966276000041)","Unfall 212288 (2021) Kat:2, Licht: 0","212288","2","4","6","07","11","3","","0","0","1","1","0"
"POINT (13.482570102000068 52.518955881000068)","Unfall 212289 (2021) Kat:3, Licht: 0","212289","3","7","1","07","15","2","","0","0","1","0","0"
"POINT (13.454046103000053 52.494048491000058)","Unfall 212290 (2021) Kat:3, Licht: 2","212290","3","1","4","06","22","3","","2","1","1","0","0"
"POINT (13.419514995000043 52.553055547000042)","Unfall 212291 (2021) Kat:3, Licht: 0","212291","3","6","2","05","17","3","","0","0","1","0","0"
"POINT (13.338501738000048 52.503337104000082)","Unfall 212292 (2021) Kat:3, Licht: 0","212292","3","7","6","07","22","1","","0","0","0","1","0"
"POINT (13.556712833000063 52.557135124000069)","Unfall 212293 (2021) Kat:3, Licht: 0","212293","3","3","5","06","15","4","","0","0","1","0","0"
"POINT (13.361734568000031 52.604725732000077)","Unfall 212294 (2021) Kat:3, Licht: 0","212294","3","2","0","05","13","6","","0","0","1","0","1"
"POINT (13.297933228000034 52.578182069000036)","Unfall 212295 (2021) Kat:3, Licht: 0","212295","3","2","5","06","12","2","","0","0","1","0","0"
"POINT (13.416203500000051 52.526940209000031)","Unfall 212296 (2021) Kat:3, Licht: 2","212296","3","6","2","06","01","6","","2","0","1","0","0"
"POINT (13.440368894000073 52.522961437000049)","Unfall 212297 (2021) Kat:3, Licht: 0","212297","3","5","5","06","06","4","","0","1","1","0","0"
"POINT (13.382718564000072 52.629732262000061)","Unfall 212298 (2021) Kat:3, Licht: 0","212298","3","2","5","07","16","6","","0","1","1","0","0"
"POINT (13.361657492000063 52.578050565000069)","Unfall 212299 (2021) Kat:2, Licht: 0","212299","2","3","5","06","07","6","","0","0","0","0","1"
"POINT (13.214693644000022 52.440156827000067)","Unfall 212300 (2021) Kat:3, Licht: 0","212300","3","7","0","06","19","6","","0","1","0","0","0"
"POINT (13.458679342000039 52.520549010000082)","Unfall 212301 (2021) Kat:3, Licht: 0","212301","3","3","5","05","18","2","","0","1","1","0","0"
"POINT (13.380941345000053 52.474724980000076)","Unfall 212302 (2021) Kat:3, Licht: 0","212302","3","6","2","06","11","2","","0","1","1","0","0"
"POINT (13.408369792000030 52.584425913000075)","Unfall 212303 (2021) Kat:3, Licht: 0","212303","3","3","5","06","16","7","","0","1","1","0","0"
"POINT (13.412275134000026 52.531156579000026)","Unfall 212304 (2021) Kat:3, Licht: 0","212304","3","3","5","07","12","6","","0","0","1","0","0"
"POINT (13.441910613000061 52.550264289000040)","Unfall 212305 (2021) Kat:2, Licht: 0","212305","2","3","5","06","11","7","","0","1","1","0","0"
"POINT (13.388750779000077 52.547527993000074)","Unfall 212306 (2021) Kat:2, Licht: 0","212306","2","6","2","06","16","2","","0","0","1","0","0"