WKT,Name,OBJECTID,UKATEGORIE,UTYP1,UART,UMONAT,USTUNDE,UWOCHENTAG,STRZUSTAND,ULICHTVERH,ISTRAD,ISTPKW,ISTFUSS,ISTKRAD
"POINT (13.537949712000056 52.434899889000064)","Unfall 212307 (2021) Kat:3, Licht: 0","212307","3","6","2","06","16","3","","0","0","1","0","0"
"POINT (13.346201824000048 52.497424406000050)","Unfall 212308 (2021) Kat:3, Licht: 0","212308","3","5","3","06","15","3","","0","1","1","0","0"
"POINT (13.366214503000037 52.471729854000046)","Unfall 212309 (2021) Kat:3, Licht: 0","212309","3","3","5","06","07","6","","0","1","1","0","0"
"POINT (13.390104574000077 52.509164342000076)","Unfall 212310 (2021) Kat:3, Licht: 1","212310","3","4","0","06","21","2","","1","0","0","1","1"
"POINT (13.518769475000056 52.509698624000066)","Unfall 212311 (2021) Kat:3, Licht: 2","212311","3","3","2","07","22","7","","2","0","1","0","0"
"POINT (13.457752054000025 52.485388827000065)","Unfall 212312 (2021) Kat:3, Licht: 0","212312","3","6","2","06","15","4","","0","0","1","0","1"
"POINT (13.326283705000037 52.561724833000028)","Unfall 212313 (2021) Kat:3, Licht: 0","212313","3","2","3","05","18","6","","0","1","1","0","0"
"POINT (13.314339306000022 52.490224326000032)","Unfall 212314 (2021) Kat:2, Licht: 0","212314","2","4","0","07","16","3","","0","0","0","1","1"
"POINT (13.380147591000025 52.532814104000067)","Unfall 212315 (2021) Kat:3, Licht: 0","212315","3","2","5","07","13","2","","0","1","1","0","0"
"POINT (13.402833677000046 52.562843948000079)","Unfall 212316 (2021) Kat:3, Licht: 0","212316","3","5","1","06","08","3","","0","1","0","0","0"
"POINT (13.275439263000067 52.578483637000033)","Unfall 212317 (2021) Kat:2, Licht: 2","212317","2","7","0","05","22","2","","2","0","0","0","0"
"POINT (13.624973148000038 52.453041819000077)","Unfall 212318 (2021) Kat:3, Licht: 0","212318","3","1","0","07","15","2","","0","1","0","0","0"
"POINT (13.384042185000055 52.457006703000047)","Unfall 212319 (2021) Kat:3, Licht: 0","212319","3","2","2","06","07","5","","0","0","1","0","0"
"POINT (13.451523516000066 52.436603522000041)","Unfall 212320 (2021) Kat:3, Licht: 0","212320","3","1","0","05","07","6","","0","0","0","0","1"
"POINT (13.337010899000063 52.503926729000057)","Unfall 212321 (2021) Kat:2, Licht: 2","212321","2","1","0","06","02","1","","2","0","1","0","0"
"POINT (13.179978514000027 52.538826130000075)","Unfall 212322 (2021) Kat:2, Licht: 0","212322","2","4","6","06","09","4","","0","0","1","1","0"
"POINT (13.362987416000067 52.476033956000038)","Unfall 212323 (2021) Kat:2, Licht: 0","212323","2","2","5","07","08","6","","0","1","0","0","0"
"POINT (13.294458790000022 52.629536223000059)","Unfall 212324 (2021) Kat:3, Licht: 0","212324","3","3","5","06","09","5","","0","0","1","0","0"
"POINT (13.200780357000042 52.538486024000065)","Unfall 212325 (2021) Kat:3, Licht: 0","212325","3","2","0","06","12","6","","0","0","1","0","0"
"POINT (13.449785829000064 52.510248877000038)","Unfall 212326 (2021) Kat:3, Licht: 0","212326","3","7","0","05","18","2","","0","1","0","0","0"
"POINT (13.397072389000073 52.514385118000064)","Unfall 212327 (2021) Kat:3, Licht: 0","212327","3","3","5","06","14","2","","0","1","1","0","0"
"POINT (13.571456782000041 52.545973401000026)","Unfall 212328 (2021) Kat:3, Licht: 0","212328","3","2","3","06","06","5","","0","0","1","0","0"
"POINT (13.197806918000026 52.519366012000035)","Unfall 212329 (2021) Kat:3, Licht: 0","212329","3","6","2","06","12","6","","0","0","1","0","0"
"POINT (13.274382307000053 52.508034217000045)","Unfall 212330 (2021) Kat:3, Licht: 0","212330","3","6","3","07","11","6","","0","0","1","0","0"
"POINT (13.298910752000040 52.422169550000035)","Unfall 212331 (2021) Kat:3, Licht: 0","212331","3","6","2","07","08","6","","0","0","1","0","0"
"POINT (13.202502926000022 52.538635127000077)","Unfall 212332 (2021) Kat:3, Licht: 0","212332","3","3","5","07","12","2","","0","0","1","0","0"
"POINT (13.424939415000040 52.502061407000042)","Unfall 212333 (2021) Kat:3, Licht: 1","212333","3","3","5","06","21","2","","1","1","1","0","0"
"POINT (13.455498264000028 52.513560375000054)","Unfall 212334 (2021) Kat:3, Licht: 0","212334","3","5","1","05","12","2","","0","1","1","0","0"
"POINT (13.324331155000039 52.497917419000032)","Unfall 212335 (2021) Kat:3, Licht: 0","212335","3","2","5","06","18","4","","0","1","0","0","0"
"POINT (13.393619288000025 52.497511748000079)","Unfall 212336 (2021) Kat:3, Licht: 0","212336","3","6","3","05","13","5","","0","1","1","0","0"
"POINT (13.376918540000077 52.511815842000033)","Unfall 212337 (2021) Kat:3, Licht: 0","212337","3","2","5","06","07","2","","0","1","1","0","0"
"POINT (13.399659468000038 52.498475155000051)","Unfall 212338 (2021) Kat:3, Licht: 0","212338","3","3","5","06","10","3","","0","1","1","0","0"
"POINT (13.407273646000021 52.546229986000071)","Unfall 212339 (2021) Kat:3, Licht: 0","212339","3","1","0","06","14","4","","0","1","0","0","0"
"POINT (13.490338778000023 52.468295005000073)","Unfall 212340 (2021) Kat:3, Licht: 0","212340","3","5","1","06","10","6","","0","1","1","0","0"
"POINT (13.395464862000040 52.539084648000028)","Unfall 212341 (2021) Kat:3, Licht: 0","212341","3","7","6","05","14","1","","0","0","0","1","0"
"POINT (13.155771317000074 52.521629182000027)","Unfall 212342 (2021) Kat:3, Licht: 0","212342","3","4","6","06","13","5","","0","0","0","1","0"
"POINT (13.421231871000032 52.550346150000053)","Unfall 212343 (2021) Kat:3, Licht: 2","212343","3","6","2","07","23","4","","2","1","1","0","0"
"POINT (13.254863884000031 52.427797221000048)","Unfall 212344 (2021) Kat:3, Licht: 0","212344","3","3","5","07","09","5","","0","0","1","0","0"
"POINT (13.345375927000077 52.529876517000048)","Unfall 212345 (2021) Kat:3, Licht: 2","212345","3","2","5","06","21","7","","2","0","1","0","1"
"POINT (13.495543504000068 52.431550433000041)","Unfall 212346 (2021) Kat:3, Licht: 2","212346","3","1","9","07","23","1","","2","0","1","0","0"
"POINT (13.239277903000072 52.544976543000075)","Unfall 212347 (2021) Kat:3, Licht: 0","212347","3","7","5","06","20","2","","0","0","1","0","1"
"POINT (13.330505265000056 52.495401015000027)","Unfall 212348 (2021) Kat:2, Licht: 0","212348","2","2","5","06","17","2","","0","1","1","0","0"
"POINT (13.317442244000063 52.566658340000060)","Unfall 212349 (2021) Kat:3, Licht: 0","212349","3","7","5","06","15","4","","0","0","1","0","0"
"POINT (13.289335212000026 52.470696605000057)","Unfall 212350 (2021) Kat:3, Licht: 0","212350","3","2","5","06","10","3","","0","1","1","0","0"
"POINT (13.445390811000038 52.479182708000053)","Unfall 212351 (2021) Kat:3, Licht: 1","212351","3","3","5","06","21","7","","1","1","1","0","0"
"POINT (13.313595654000039 52.515333601000066)","Unfall 212352 (2021) Kat:2, Licht: 0","212352","2","2","5","06","16","3","","0","1","0","0","0"
"POINT (13.480512883000074 52.499008656000058)","Unfall 212353 (2021) Kat:3, Licht: 0","212353","3","3","5","06","17","4","","0","1","1","0","0"
"POINT (13.442838236000057 52.465030597000066)","Unfall 212354 (2021) Kat:3, Licht: 0","212354","3","2","5","06","16","5","","0","1","1","0","0"
"POINT (13.486931767000044 52.655965665000053)","Unfall 212355 (2021) Kat:3, Licht: 0","212355","3","1","9","05","14","7","","0","0","1","0","0"
"POINT (13.327927599000077 52.505454540000073)","Unfall 212356 (2021) Kat:3, Licht: 0","212356","3","3","5","06","11","4","","0","1","1","0","0"
"POINT (13.389346256000067 52.531712464000066)","Unfall 212357 (2021) Kat:3, Licht: 0","212357","3","6","2","07","10","4","","0","0","1","0","0"
"POINT (13.256796871000063 52.426476162000029)","Unfall 212358 (2021) Kat:3, Licht: 0","212358","3","3","5","07","18","3","","0","1","1","0","0"
"POINT (13.188553512000055 52.556541805000052)","Unfall 212359 (2021) Kat:3, Licht: 0","212359","3","6","2","06","14","4","","0","0","1","0","0"
"POINT (13.259930335000035 52.429261070000052)","Unfall 212360 (2021) Kat:3, Licht: 0","212360","3","2","5","05","09","4","","0","1","1","0","0"
"POINT (13.514108824000061 52.446501907000027)","Unfall 212361 (2021) Kat:3, Licht: 0","212361","3","3","5","06","13","2","","0","0","1","0","0"
"POINT (13.352854808000075 52.489756932000034)","Unfall 212362 (2021) Kat:3, Licht: 0","212362","3","6","3","06","16","6","","0","0","1","0","0"
"POINT (13.402768285000036 52.529691987000035)","Unfall 212363 (2021) Kat:3, Licht: 2","212363","3","6","2","07","22","6","","2","0","1","0","1"
"POINT (13.427996589000031 52.473405686000035)","Unfall 212364 (2021) Kat:2, Licht: 0","212364","2","3","5","06","13","6","","0","0","1","0","1"
"POINT (13.170802377000030 52.533673478000026)","Unfall 212365 (2021) Kat:2, Licht: 2","212365","2","1","0","06","00","7","","2","0","0","0","0"
"POINT (13.123069204000046 52.471946698000067)","Unfall 212366 (2021) Kat:3, Licht: 0","212366","3","3","5","06","19","3","","0","1","1","0","0"
"POINT (13.408410516000060 52.603808109000056)","Unfall 212367 (2021) Kat:3, Licht: 0","212367","3","6","2","06","11","3","","0","0","1","0","1"
"POINT (13.313314639000055 52.502524065000046)","Unfall 212368 (2021) Kat:3, Licht: 0","212368","3","6","0","06","19","6","","0","1","0","0","0"
"POINT (13.328314621000061 52.467090439000060)","Unfall 212369 (2021) Kat:3, Licht: 0","212369","3","7","2","06","12","2","","0","1","0","0","0"
"POINT (13.522207908000041 52.463563520000037)","Unfall 212370 (2021) Kat:3, Licht: 2","212370","3","1","9","07","01","7","","2","0","1","0","0"
"POINT (13.397068045000026 52.513339377000079)","Unfall 212371 (2021) Kat:3, Licht: 0","212371","3","6","2","07","09","3","","0","1","1","0","0"
"POINT (13.179724477000036 52.503048653000064)","Unfall 212372 (2021) Kat:3, Licht: 0","212372","3","6","2","06","16","3","","0","0","1","0","0"
"POINT (13.341798712000070 52.494494830000065)","Unfall 212373 (2021) Kat:3, Licht: 0","212373","3","3","5","05","12","3","","0","1","1","0","0"
"POINT (13.343026266000038 52.458831563000047)","Unfall 212374 (2021) Kat:3, Licht: 0","212374","3","7","6","07","15","1","","0","1","0","1","0"
"POINT (13.313663319000057 52.504846397000051)","Unfall 212375 (2021) Kat:3, Licht: 0","212375","3","6","2","06","13","4","","0","1","0","0","0"
"POINT (13.455883157000073 52.530825606000064)","Unfall 212376 (2021) Kat:2, Licht: 0","212376","2","2","5","05","15","6","","0","0","1","0","1"
"POINT (13.430901950000077 52.551061050000044)","Unfall 212377 (2021) Kat:3, Licht: 0","212377","3","6","2","06","19","6","","0","0","1","0","0"
"POINT (13.430279928000061 52.469271365000054)","Unfall 212378 (2021) Kat:3, Licht: 0","212378","3","4","6","06","13","3","","0","0","1","1","0"
"POINT (13.559013005000054 52.423560598000051)","Unfall 212379 (2021) Kat:3, Licht: 0","212379","3","3","2","06","15","5","","0","1","1","0","0"
"POINT (13.410968689000072 52.503904976000058)","Unfall 212380 (2021) Kat:3, Licht: 0","212380","3","3","5","06","18","6","","0","1","1","0","0"
"POINT (13.355114471000036 52.427695782000058)","Unfall 212381 (2021) Kat:2, Licht: 0","212381","2","3","5","05","14","2","","0","0","1","0","1"
"POINT (13.324005555000042 52.538340041000026)","Unfall 212382 (2021) Kat:3, Licht: 0","212382","3","1","4","06","16","2","","0","1","0","0","0"
"POINT (13.264327474000027 52.537709377000056)","Unfall 212383 (2021) Kat:3, Licht: 0","212383","3","7","6","06","13","4","","0","0","0","1","0"
"POINT (13.394173706000061 52.564957146000040)","Unfall 212384 (2021) Kat:3, Licht: 0","212384","3","6","2","06","08","5","","0","0","1","0","1"
"POINT (13.484905029000060 52.533638320000080)","Unfall 212385 (2021) Kat:3, Licht: 2","212385","3","2","5","07","04","5","","2","1","1","0","0"
"POINT (13.418672953000055 52.500418243000070)","Unfall 212386 (2021) Kat:3, Licht: 0","212386","3","5","1","07","18","6","","0","1","1","0","0"
"POINT (13.433969092000041 52.501866148000033)","Unfall 212387 (2021) Kat:3, Licht: 0","212387","3","4","6","06","16","5","","0","0","1","1","0"
"POINT (13.322392964000073 52.486374554000065)","Unfall 212388 (2021) Kat:3, Licht: 0","212388","3","2","5","07","17","2","","0","1","1","0","0"
"POINT (13.454859825000028 52.475756900000079)","Unfall 212389 (2021) Kat:3, Licht: 0","212389","3","3","5","06","13","2","","0","1","0","0","0"
"POINT (13.315071788000068 52.514636954000082)","Unfall 212390 (2021) Kat:3, Licht: 1","212390","3","2","0","05","21","1","","1","0","1","0","0"
"POINT (13.406760532000021 52.393767945000036)","Unfall 212391 (2021) Kat:2, Licht: 0","212391","2","3","5","06","09","4","","0","0","1","0","0"
"POINT (13.266260494000051 52.533888314000080)","Unfall 212392 (2021) Kat:3, Licht: 0","212392","3","1","8","05","16","5","","0","0","0","0","1"
"POINT (13.318699546000062 52.498098943000059)","Unfall 212393 (2021) Kat:3, Licht: 0","212393","3","3","5","06","17","2","","0","1","1","0","0"
"POINT (13.408283543000039 52.525405989000035)","Unfall 212394 (2021) Kat:3, Licht: 0","212394","3","3","5","06","15","3","","0","1","0","0","0"
"POINT (13.435854587000051 52.550986646000069)","Unfall 212395 (2021) Kat:3, Licht: 0","212395","3","3","5","06","12","5","","0","1","1","0","0"
"POINT (13.440632029000028 52.550691039000071)","Unfall 212396 (2021) Kat:2, Licht: 0","212396","2","7","0","06","08","6","","0","0","1","0","0"
"POINT (13.340687848000073 52.499376778000055)","Unfall 212397 (2021) Kat:3, Licht: 1","212397","3","3","5","05","21","1","","1","0","1","0","0"
"POINT (13.485357917000044 52.526679217000037)","Unfall 212398 (2021) Kat:3, Licht: 0","212398","3","2","5","06","11","5","","0","0","1","0","0"
"POINT (13.392258929000036 52.536829073000035)","Unfall 212399 (2021) Kat:3, Licht: 0","212399","3","7","0","07","11","5","","0","1","0","0","0"
"POINT (13.257944379000037 52.518186384000046)","Unfall 212400 (2021) Kat:3, Licht: 0","212400","3","3","5","07","16","3","","0","1","1","0","0"
"POINT (13.351798092000024 52.505614748000028)","Unfall 212401 (2021) Kat:3, Licht: 0","212401","3","6","3","07","14","5","","0","0","1","0","1"
"POINT (13.273903668000059 52.509680983000067)","Unfall 212402 (2021) Kat:3, Licht: 0","212402","3","3","5","05","11","4","","0","0","1","0","0"
"POINT (13.439643987000068 52.523825227000032)","Unfall 212403 (2021) Kat:3, Licht: 2","212403","3","4","6","06","22","1","","2","0","0","1","1"
"POINT (13.333214360000056 52.560910559000035)","Unfall 212404 (2021) Kat:3, Licht: 2","212404","3","2","5","06","22","5","","2","1","0","0","1"
"POINT (13.202631928000073 52.540462334000040)","Unfall 212405 (2021) Kat:3, Licht: 0","212405","3","1","0","06","13","6","","0","0","0","0","1"
"POINT (13.250992207000024 52.450045813000031)","Unfall 212406 (2021) Kat:3, Licht: 0","212406","3","7","5","07","15","6","","0","0","1","0","0"
"POINT (13.444258969000032 52.478504460000067)","Unfall 212407 (2021) Kat:3, Licht: 0","212407","3","5","1","07","18","6","","0","1","1","0","0"
"POINT (13.407858797000074 52.536791547000064)","Unfall 212408 (2021) Kat:3, Licht: 0","212408","3","7","2","06","13","5","","0","1","0","0","0"
"POINT (13.428600718000041 52.581592926000042)","Unfall 212409 (2021) Kat:3, Licht: 0","212409","3","3","0","07","11","2","","0","0","1","0","0"
"POINT (13.353367209000055 52.489875859000051)","Unfall 212410 (2021) Kat:3, Licht: 0","212410","3","5","5","06","07","3","","0","0","1","0","1"
"POINT (13.400223111000059 52.539449634000050)","Unfall 212411 (2021) Kat:3, Licht: 2","212411","3","3","5","05","20","1","","2","1","1","0","0"
"POINT (13.392555614000059 52.564093922000040)","Unfall 212412 (2021) Kat:3, Licht: 0","212412","3","4","6","06","17","4","","0","0","1","1","0"
"POINT (13.198407330000066 52.542837847000044)","Unfall 212413 (2021) Kat:3, Licht: 0","212413","3","3","5","05","14","5","","0","0","1","0","0"
"POINT (13.210795828000073 52.567461865000041)","Unfall 212414 (2021) Kat:3, Licht: 0","212414","3","4","6","06","18","1","","0","0","1","1","0"
"POINT (13.277119779000031 52.464328363000050)","Unfall 212415 (2021) Kat:3, Licht: 0","212415","3","6","2","06","15","2","","0","0","1","0","0"
"POINT (13.401641397000049 52.394491218000041)","Unfall 212416 (2021) Kat:3, Licht: 0","212416","3","2","5","06","10","6","","0","1","1","0","0"
"POINT (13.398213438000028 52.564557440000044)","Unfall 212417 (2021) Kat:3, Licht: 0","212417","3","3","5","06","15","3","","0","1","0","0","0"
"POINT (13.332028038000033 52.561837919000027)","Unfall 212418 (2021) Kat:3, Licht: 0","212418","3","6","3","06","06","4","","0","0","1","0","1"
"POINT (13.414713713000026 52.553869833000078)","Unfall 212419 (2021) Kat:3, Licht: 0","212419","3","3","5","06","06","6","","0","0","1","0","1"
"POINT (13.436725387000024 52.457118899000079)","Unfall 212420 (2021) Kat:3, Licht: 0","212420","3","7","6","05","11","1","","0","0","1","1","0"
"POINT (13.376757736000059 52.491414233000057)","Unfall 212421 (2021) Kat:3, Licht: 0","212421","3","2","5","06","07","5","","0","1","0","0","0"
"POINT (13.341699309000035 52.534841190000066)","Unfall 212422 (2021) Kat:3, Licht: 0","212422","3","3","5","07","08","5","","0","1","1","0","0"
"POINT (13.682339494000075 52.370633660000067)","Unfall 212423 (2021) Kat:2, Licht: 1","212423","2","1","0","07","21","4","","1","1","0","0","0"
"POINT (13.417751839000061 52.506605077000074)","Unfall 212424 (2021) Kat:3, Licht: 1","212424","3","2","0","06","20","4","","1","1","0","0","1"
"POINT (13.307562104000056 52.500134129000060)","Unfall 212425 (2021) Kat:3, Licht: 2","212425","3","6","3","06","22","1","","2","0","1","0","0"
"POINT (13.429730018000043 52.571805835000077)","Unfall 212426 (2021) Kat:3, Licht: 2","212426","3","5","1","07","00","1","","2","0","0","0","1"
"POINT (13.315403478000064 52.501057604000039)","Unfall 212427 (2021) Kat:3, Licht: 2","212427","3","6","3","06","23","1","","2","1","1","0","0"
"POINT (13.292587895000054 52.534264051000036)","Unfall 212428 (2021) Kat:3, Licht: 0","212428","3","6","2","06","08","2","","0","0","1","0","0"
"POINT (13.389685894000024 52.439359855000077)","Unfall 212429 (2021) Kat:3, Licht: 2","212429","3","2","5","06","22","4","","2","1","1","0","0"
"POINT (13.364212537000071 52.557949660000077)","Unfall 212430 (2021) Kat:3, Licht: 0","212430","3","2","5","06","16","3","","0","1","1","0","0"
"POINT (13.401108984000075 52.493133663000037)","Unfall 212431 (2021) Kat:3, Licht: 1","212431","3","1","0","06","03","7","","1","0","0","0","1"
"POINT (13.517549414000030 52.444383666000078)","Unfall 212432 (2021) Kat:3, Licht: 0","212432","3","1","0","06","18","3","","0","1","0","0","0"
"POINT (13.479469819000030 52.643682849000072)","Unfall 212433 (2021) Kat:3, Licht: 0","212433","3","2","5","06","15","4","","0","0","1","0","0"
"POINT (13.352603406000071 52.489732140000058)","Unfall 212434 (2021) Kat:3, Licht: 0","212434","3","4","6","06","14","5","","0","0","0","1","1"
"POINT (13.404223161000061 52.427398819000075)","Unfall 212435 (2021) Kat:3, Licht: 0","212435","3","6","2","05","11","7","","0","0","1","0","1"
"POINT (13.317618780000032 52.473927247000063)","Unfall 212436 (2021) Kat:3, Licht: 0","212436","3","4","6","06","08","4","","0","0","1","1","0"
"POINT (13.613904692000062 52.516471117000037)","Unfall 212437 (2021) Kat:3, Licht: 0","212437","3","3","5","07","13","4","","0","1","1","0","0"
"POINT (13.469513099000039 52.428600305000032)","Unfall 212438 (2021) Kat:3, Licht: 0","212438","3","6","2","07","11","2","","0","0","1","0","0"
"POINT (13.397804944000029 52.495289035000042)","Unfall 212439 (2021) Kat:3, Licht: 0","212439","3","2","0","06","08","4","","0","1","1","0","0"
"POINT (13.267407248000040 52.520450717000074)","Unfall 212440 (2021) Kat:3, Licht: 0","212440","3","6","2","05","16","4","","0","0","1","0","0"
"POINT (13.396154395000053 52.538308223000058)","Unfall 212441 (2021) Kat:3, Licht: 0","212441","3","2","6","06","06","2","","0","0","1","1","0"
"POINT (13.415575351000030 52.527099356000065)","Unfall 212442 (2021) Kat:3, Licht: 2","212442","3","1","9","06","02","6","","2","0","0","0","1"
"POINT (13.398723136000058 52.532578041000079)","Unfall 212443 (2021) Kat:3, Licht: 0","212443","3","1","0","06","12","4","","0","1","0","0","0"
"POINT (13.227076048000072 52.424117373000058)","Unfall 212444 (2021) Kat:2, Licht: 0","212444","2","2","2","07","19","7","","0","1","1","0","0"
"POINT (13.345110196000064 52.539066300000059)","Unfall 212445 (2021) Kat:3, Licht: 0","212445","3","4","6","06","14","7","","0","0","1","1","0"
"POINT (13.309003822000022 52.490987339000071)","Unfall 212446 (2021) Kat:3, Licht: 0","212446","3","6","3","06","15","1","","0","0","1","0","1"
"POINT (13.301911602000075 52.635600469000053)","Unfall 212447 (2021) Kat:3, Licht: 0","212447","3","3","5","06","11","3","","0","1","1","0","0"
"POINT (13.322262449000050 52.608835498000076)","Unfall 212448 (2021) Kat:3, Licht: 0","212448","3","6","3","06","20","3","","0","0","1","0","0"
"POINT (13.455837477000046 52.473823477000053)","Unfall 212449 (2021) Kat:3, Licht: 0","212449","3","2","5","06","18","6","","0","1","1","0","0"
"POINT (13.382706883000026 52.531485473000032)","Unfall 212450 (2021) Kat:3, Licht: 0","212450","3","5","1","06","14","2","","0","1","1","0","0"
"POINT (13.551858951000042 52.439290517000074)","Unfall 212451 (2021) Kat:3, Licht: 0","212451","3","4","6","07","15","6","","0","0","0","1","1"
"POINT (13.413723118000064 52.542317069000035)","Unfall 212452 (2021) Kat:3, Licht: 0","212452","3","1","0","07","19","3","","0","1","0","0","0"
"POINT (13.424812847000055 52.552771348000078)","Unfall 212453 (2021) Kat:3, Licht: 0","212453","3","6","3","06","11","3","","0","1","1","0","0"
"POINT (13.351265085000023 52.529715257000078)","Unfall 212454 (2021) Kat:3, Licht: 0","212454","3","3","5","05","15","3","","0","0","1","0","0"
"POINT (13.413280590000056 52.439365402000078)","Unfall 212455 (2021) Kat:3, Licht: 0","212455","3","3","0","07","14","1","","0","0","1","0","1"
"POINT (13.244879843000035 52.513278283000034)","Unfall 212456 (2021) Kat:3, Licht: 0","212456","3","6","2","06","12","4","","0","0","0","0","1"
"POINT (13.326857080000025 52.519765732000053)","Unfall 212457 (2021) Kat:2, Licht: 1","212457","2","7","8","05","04","6","","1","0","1","0","0"
"POINT (13.300357524000049 52.522300960000052)","Unfall 212458 (2021) Kat:3, Licht: 0","212458","3","6","0","06","15","2","","0","0","1","0","1"
"POINT (13.261163017000058 52.517917570000066)","Unfall 212459 (2021) Kat:3, Licht: 0","212459","3","3","5","06","12","6","","0","0","1","0","0"
"POINT (13.536569679000024 52.586735085000043)","Unfall 212460 (2021) Kat:3, Licht: 0","212460","3","6","0","06","16","4","","0","1","1","0","0"
"POINT (13.378869336000037 52.526814187000070)","Unfall 212461 (2021) Kat:3, Licht: 0","212461","3","6","4","06","16","6","","0","1","1","0","0"
"POINT (13.291735426000059 52.596044274000064)","Unfall 212462 (2021) Kat:3, Licht: 0","212462","3","3","5","06","19","6","","0","1","1","0","0"
"POINT (13.288070915000048 52.488164845000028)","Unfall 212463 (2021) Kat:3, Licht: 0","212463","3","3","5","06","09","3","","0","1","1","0","0"
"POINT (13.546984369000029 52.431478230000039)","Unfall 212464 (2021) Kat:3, Licht: 0","212464","3","2","2","06","16","2","","0","0","1","0","1"
"POINT (13.446893579000061 52.526255913000057)","Unfall 212465 (2021) Kat:2, Licht: 0","212465","2","6","2","06","08","5","","0","0","1","0","0"
"POINT (13.376752119000059 52.491431538000029)","Unfall 212466 (2021) Kat:3, Licht: 0","212466","3","2","5","06","11","6","","0","1","1","0","0"
"POINT (13.316921270000023 52.501135397000041)","Unfall 212467 (2021) Kat:3, Licht: 0","212467","3","2","6","07","13","5","","0","0","1","1","0"
"POINT (13.212501809000059 52.573423331000072)","Unfall 212468 (2021) Kat:3, Licht: 0","212468","3","4","6","07","07","6","","0","1","0","1","0"
"POINT (13.368290154000022 52.550094617000070)","Unfall 212469 (2021) Kat:2, Licht: 1","212469","2","3","5","06","20","4","","1","0","1","0","1"
"POINT (13.526878272000033 52.401433532000055)","Unfall 212470 (2021) Kat:3, Licht: 0","212470","3","3","5","07","19","2","","0","1","1","0","0"
"POINT (13.370269384000039 52.544677687000046)","Unfall 212471 (2021) Kat:3, Licht: 0","212471","3","2","5","06","15","2","","0","0","1","0","0"
"POINT (13.191543250000052 52.546266198000069)","Unfall 212472 (2021) Kat:3, Licht: 0","212472","3","2","5","05","16","1","","0","0","1","0","0"
"POINT (13.378516908000051 52.544713100000081)","Unfall 212473 (2021) Kat:3, Licht: 0","212473","3","2","5","06","08","4","","0","0","1","0","1"
"POINT (13.385460098000067 52.467123343000026)","Unfall 212474 (2021) Kat:2, Licht: 0","212474","2","2","0","05","18","5","","0","0","1","0","0"
"POINT (13.624785329000076 52.451450963000070)","Unfall 212475 (2021) Kat:2, Licht: 0","212475","2","1","0","06","20","7","","0","0","0","0","1"
"POINT (13.207105631000047 52.554079686000080)","Unfall 212476 (2021) Kat:3, Licht: 0","212476","3","2","5","06","17","3","","0","1","1","0","0"
"POINT (13.497847667000030 52.536273881000056)","Unfall 212477 (2021) Kat:3, Licht: 0","212477","3","3","5","06","16","4","","0","1","1","0","0"
"POINT (13.437127899000075 52.450152742000057)","Unfall 212478 (2021) Kat:3, Licht: 0","212478","3","7","6","06","17","5","","0","0","0","1","1"
"POINT (13.433679120000022 52.481927608000035)","Unfall 212479 (2021) Kat:2, Licht: 2","212479","2","3","5","05","23","1","","2","0","1","0","1"
"POINT (13.189717537000035 52.528123488000062)","Unfall 212480 (2021) Kat:3, Licht: 0","212480","3","5","1","06","16","2","","0","0","1","0","0"
"POINT (13.561578118000057 52.502357884000048)","Unfall 212481 (2021) Kat:3, Licht: 0","212481","3","6","2","06","06","5","","0","1","0","0","0"
"POINT (13.443047793000062 52.614616219000027)","Unfall 212482 (2021) Kat:3, Licht: 0","212482","3","6","2","07","10","4","","0","0","1","0","0"
"POINT (13.402049072000068 52.492568005000066)","Unfall 212483 (2021) Kat:3, Licht: 0","212483","3","2","5","07","17","3","","0","0","1","0","0"
"POINT (13.456222498000045 52.473780154000053)","Unfall 212484 (2021) Kat:3, Licht: 0","212484","3","6","2","06","11","4","","0","0","1","0","0"
"POINT (13.397416142000054 52.571244344000036)","Unfall 212485 (2021) Kat:3, Licht: 0","212485","3","3","5","05","15","3","","0","1","1","0","0"
"POINT (13.531373626000061 52.405095795000079)","Unfall 212486 (2021) Kat:3, Licht: 0","212486","3","3","5","06","12","1","","0","0","1","0","0"
"POINT (13.474143589000050 52.425705644000061)","Unfall 212487 (2021) Kat:3, Licht: 0","212487","3","6","2","06","14","1","","0","0","1","0","0"
"POINT (13.432562104000056 52.557578556000067)","Unfall 212488 (2021) Kat:2, Licht: 0","212488","2","2","5","07","16","1","","0","0","1","0","1"
"POINT (13.332290627000077 52.425259966000056)","Unfall 212489 (2021) Kat:3, Licht: 0","212489","3","2","6","06","17","1","","0","0","1","1","0"
"POINT (13.424275971000043 52.499900154000045)","Unfall 212490 (2021) Kat:3, Licht: 1","212490","3","5","1","06","21","1","","1","1","1","0","0"
"POINT (13.380066797000040 52.540534948000072)","Unfall 212491 (2021) Kat:2, Licht: 0","212491","2","3","5","06","07","3","","0","1","1","0","0"
"POINT (13.272543204000044 52.519335775000059)","Unfall 212492 (2021) Kat:3, Licht: 0","212492","3","3","5","06","08","3","","0","0","1","0","0"
"POINT (13.304459007000048 52.503616708000038)","Unfall 212493 (2021) Kat:2, Licht: 0","212493","2","2","5","06","18","6","","0","0","1","0","1"