WKT,Name,OBJECTID,UKATEGORIE,UTYP1,UART,UMONAT,USTUNDE,UWOCHENTAG,STRZUSTAND,ULICHTVERH,ISTRAD,ISTPKW,ISTFUSS,ISTKRAD
"POINT (13.316962297000032 52.503073460000053)","Unfall 212494 (2021) Kat:3, Licht: 0","212494","3","7","5","06","09","2","","0","1","1","0","0"
"POINT (13.395824269000059 52.565953811000043)","Unfall 212495 (2021) Kat:3, Licht: 2","212495","3","2","6","07","01","7","","2","0","1","1","0"
"POINT (13.534570886000040 52.432683025000074)","Unfall 212496 (2021) Kat:3, Licht: 0","212496","3","2","5","06","13","4","","0","1","1","0","0"
"POINT (13.305895302000067 52.501607719000049)","Unfall 212497 (2021) Kat:3, Licht: 0","212497","3","5","1","06","15","5","","0","1","1","0","0"
"POINT (13.360242957000025 52.547163070000067)","Unfall 212498 (2021) Kat:2, Licht: 0","212498","2","5","0","05","08","7","","0","0","0","0","1"
"POINT (13.436779553000065 52.548731807000081)","Unfall 212499 (2021) Kat:2, Licht: 0","212499","2","3","5","07","20","3","","0","1","1","0","0"
"POINT (13.439682363000031 52.513874173000033)","Unfall 212500 (2021) Kat:2, Licht: 0","212500","2","2","5","07","09","3","","0","0","1","0","0"
"POINT (13.405294687000037 52.493640078000055)","Unfall 212501 (2021) Kat:3, Licht: 0","212501","3","7","0","06","18","3","","0","1","0","0","0"
"POINT (13.405130273000054 52.504985195000074)","Unfall 212502 (2021) Kat:3, Licht: 0","212502","3","3","5","05","13","2","","0","0","1","0","0"
"POINT (13.366820613000073 52.449670290000029)","Unfall 212503 (2021) Kat:3, Licht: 0","212503","3","2","5","07","15","1","","0","1","1","0","0"
"POINT (13.319497383000055 52.487037142000077)","Unfall 212504 (2021) Kat:3, Licht: 0","212504","3","6","2","06","09","5","","0","1","0","0","0"
"POINT (13.490677510000069 52.526558993000037)","Unfall 212505 (2021) Kat:3, Licht: 0","212505","3","3","6","05","10","6","","0","0","1","1","0"
"POINT (13.300928530000022 52.448208550000061)","Unfall 212506 (2021) Kat:3, Licht: 0","212506","3","2","5","06","17","6","","0","1","1","0","0"
"POINT (13.198171642000034 52.532822882000062)","Unfall 212507 (2021) Kat:2, Licht: 0","212507","2","2","6","06","17","4","","0","0","1","1","0"
"POINT (13.418442555000070 52.500100336000060)","Unfall 212508 (2021) Kat:3, Licht: 0","212508","3","7","6","07","06","7","","0","0","0","1","0"
"POINT (13.402436763000026 52.531159237000054)","Unfall 212509 (2021) Kat:3, Licht: 0","212509","3","1","0","06","20","7","","0","1","0","0","0"
"POINT (13.390801660000022 52.504978339000047)","Unfall 212510 (2021) Kat:3, Licht: 2","212510","3","5","1","06","23","6","","2","1","1","0","0"
"POINT (13.352140977000033 52.505533139000079)","Unfall 212511 (2021) Kat:3, Licht: 0","212511","3","3","5","05","11","2","","0","0","1","0","0"
"POINT (13.582506890000047 52.442653301000064)","Unfall 212512 (2021) Kat:3, Licht: 0","212512","3","2","0","06","16","2","","0","1","1","0","0"
"POINT (13.447819000000038 52.482902545000059)","Unfall 212513 (2021) Kat:3, Licht: 0","212513","3","3","5","06","19","5","","0","1","0","0","0"
"POINT (13.316723033000073 52.586865916000079)","Unfall 212514 (2021) Kat:3, Licht: 0","212514","3","3","5","06","15","6","","0","0","0","0","0"
"POINT (13.294281580000074 52.491507219000027)","Unfall 212515 (2021) Kat:3, Licht: 0","212515","3","5","0","07","10","6","","0","1","1","0","0"
"POINT (13.556345398000076 52.433761958000048)","Unfall 212516 (2021) Kat:3, Licht: 0","212516","3","2","5","07","19","7","","0","1","1","0","0"
"POINT (13.350175341000067 52.434216257000060)","Unfall 212517 (2021) Kat:3, Licht: 0","212517","3","3","5","06","11","1","","0","1","0","0","0"
"POINT (13.256032045000040 52.435826586000076)","Unfall 212518 (2021) Kat:3, Licht: 0","212518","3","2","5","06","16","2","","0","1","1","0","0"
"POINT (13.303404738000040 52.503718898000045)","Unfall 212519 (2021) Kat:2, Licht: 0","212519","2","5","1","06","12","4","","0","1","1","0","0"
"POINT (13.308073880000052 52.573228513000061)","Unfall 212520 (2021) Kat:2, Licht: 0","212520","2","6","0","06","13","3","","0","0","1","0","0"
"POINT (13.430749962000050 52.486611316000051)","Unfall 212521 (2021) Kat:3, Licht: 1","212521","3","5","1","06","20","7","","1","1","1","0","0"
"POINT (13.330025739000064 52.522690050000051)","Unfall 212522 (2021) Kat:2, Licht: 2","212522","2","1","0","06","23","3","","2","0","0","0","1"
"POINT (13.340711674000033 52.526432850000049)","Unfall 212523 (2021) Kat:3, Licht: 2","212523","3","5","1","07","01","7","","2","1","1","0","0"
"POINT (13.552376429000049 52.414569356000072)","Unfall 212524 (2021) Kat:3, Licht: 0","212524","3","7","4","06","14","4","","0","0","1","1","0"
"POINT (13.516279710000049 52.455817267000043)","Unfall 212525 (2021) Kat:3, Licht: 0","212525","3","2","5","06","05","5","","0","1","1","0","0"
"POINT (13.427832612000032 52.498791819000076)","Unfall 212526 (2021) Kat:3, Licht: 0","212526","3","5","0","05","14","7","","0","0","1","0","1"
"POINT (13.514000399000054 52.539602221000052)","Unfall 212527 (2021) Kat:2, Licht: 0","212527","2","3","5","06","13","4","","0","0","1","0","0"
"POINT (13.417123455000024 52.519242946000077)","Unfall 212528 (2021) Kat:3, Licht: 0","212528","3","6","0","07","13","4","","0","0","1","0","1"
"POINT (13.315430246000062 52.448442517000046)","Unfall 212529 (2021) Kat:3, Licht: 0","212529","3","1","0","07","08","2","","0","0","0","0","1"
"POINT (13.387463467000032 52.552705339000056)","Unfall 212530 (2021) Kat:3, Licht: 0","212530","3","2","2","06","08","4","","0","1","1","0","0"
"POINT (13.178516472000069 52.516765661000079)","Unfall 212531 (2021) Kat:3, Licht: 0","212531","3","6","2","05","17","3","","0","0","1","0","0"
"POINT (13.511916537000047 52.554653245000054)","Unfall 212532 (2021) Kat:2, Licht: 0","212532","2","4","6","06","08","4","","0","0","0","1","0"
"POINT (13.208776003000025 52.510686018000058)","Unfall 212533 (2021) Kat:3, Licht: 0","212533","3","2","2","06","16","6","","0","0","1","0","0"
"POINT (13.407108493000067 52.493354685000043)","Unfall 212534 (2021) Kat:3, Licht: 0","212534","3","6","3","06","07","4","","0","0","1","0","1"
"POINT (13.427152473000035 52.511541873000056)","Unfall 212535 (2021) Kat:2, Licht: 0","212535","2","4","6","07","17","7","","0","0","1","1","0"
"POINT (13.223345502000029 52.510083953000048)","Unfall 212536 (2021) Kat:2, Licht: 0","212536","2","3","5","06","14","7","","0","1","1","0","0"
"POINT (13.426864554000076 52.475932082000043)","Unfall 212537 (2021) Kat:3, Licht: 0","212537","3","6","2","06","20","6","","0","1","1","0","0"
"POINT (13.323642603000053 52.493597085000033)","Unfall 212538 (2021) Kat:2, Licht: 0","212538","2","2","5","06","15","3","","0","1","0","0","0"
"POINT (13.329205123000065 52.591022869000028)","Unfall 212539 (2021) Kat:3, Licht: 0","212539","3","5","1","06","11","3","","0","1","1","0","0"
"POINT (13.445961380000028 52.456747162000056)","Unfall 212540 (2021) Kat:3, Licht: 0","212540","3","5","1","06","17","5","","0","1","1","0","0"
"POINT (13.430069763000063 52.503540158000078)","Unfall 212541 (2021) Kat:3, Licht: 0","212541","3","3","5","06","19","6","","0","0","1","0","0"
"POINT (13.390644491000046 52.406068422000033)","Unfall 212542 (2021) Kat:3, Licht: 0","212542","3","5","1","06","14","2","","0","1","1","0","0"
"POINT (13.317289144000029 52.443203939000057)","Unfall 212543 (2021) Kat:2, Licht: 0","212543","2","4","6","07","20","5","","0","0","1","1","0"
"POINT (13.353583185000048 52.489902006000079)","Unfall 212544 (2021) Kat:3, Licht: 0","212544","3","5","1","07","20","3","","0","1","1","0","0"
"POINT (13.377104188000033 52.556227462000038)","Unfall 212545 (2021) Kat:3, Licht: 1","212545","3","2","5","06","21","3","","1","1","1","0","0"
"POINT (13.346009619000029 52.470809129000031)","Unfall 212546 (2021) Kat:3, Licht: 0","212546","3","6","2","05","20","2","","0","1","1","0","0"
"POINT (13.457564279000053 52.554194287000030)","Unfall 212547 (2021) Kat:3, Licht: 0","212547","3","2","5","07","13","1","","0","0","1","0","1"
"POINT (13.312429592000058 52.499250769000071)","Unfall 212548 (2021) Kat:2, Licht: 0","212548","2","2","5","06","17","4","","0","1","1","0","0"
"POINT (13.325857907000056 52.505692308000050)","Unfall 212549 (2021) Kat:3, Licht: 0","212549","3","2","3","05","18","5","","0","1","1","0","0"
"POINT (13.305503302000034 52.499635811000076)","Unfall 212550 (2021) Kat:3, Licht: 0","212550","3","3","5","06","16","2","","0","0","1","0","1"
"POINT (13.431031007000058 52.504668947000027)","Unfall 212551 (2021) Kat:3, Licht: 0","212551","3","3","5","06","07","6","","0","1","1","0","0"
"POINT (13.318593163000060 52.517567861000032)","Unfall 212552 (2021) Kat:3, Licht: 1","212552","3","1","0","06","04","3","","1","0","1","0","1"
"POINT (13.522431665000056 52.428384615000027)","Unfall 212553 (2021) Kat:3, Licht: 0","212553","3","2","5","06","17","6","","0","0","1","0","1"
"POINT (13.300488623000035 52.517042372000049)","Unfall 212554 (2021) Kat:3, Licht: 0","212554","3","2","6","06","11","6","","0","0","1","1","0"
"POINT (13.356637794000051 52.493906430000038)","Unfall 212555 (2021) Kat:3, Licht: 0","212555","3","7","2","05","18","2","","0","0","1","0","0"
"POINT (13.561245640000038 52.492919110000059)","Unfall 212556 (2021) Kat:2, Licht: 0","212556","2","6","2","06","12","2","","0","0","1","0","0"
"POINT (13.475010289000068 52.549741531000052)","Unfall 212557 (2021) Kat:2, Licht: 0","212557","2","6","2","06","15","2","","0","0","1","0","0"
"POINT (13.408929541000077 52.571078255000032)","Unfall 212558 (2021) Kat:3, Licht: 0","212558","3","2","5","06","15","6","","0","1","0","0","0"
"POINT (13.336732024000071 52.465760256000067)","Unfall 212559 (2021) Kat:3, Licht: 0","212559","3","4","0","07","11","5","","0","0","0","1","1"
"POINT (13.296371391000037 52.443394686000033)","Unfall 212560 (2021) Kat:2, Licht: 0","212560","2","3","0","07","14","5","","0","1","0","0","1"
"POINT (13.348905845000047 52.456136996000055)","Unfall 212561 (2021) Kat:3, Licht: 0","212561","3","6","2","06","12","7","","0","0","1","0","0"
"POINT (13.602155355000036 52.536089297000046)","Unfall 212562 (2021) Kat:3, Licht: 0","212562","3","3","5","07","16","2","","0","1","1","0","0"
"POINT (13.480115845000057 52.519046060000051)","Unfall 212563 (2021) Kat:3, Licht: 0","212563","3","1","0","06","13","2","","0","0","0","0","1"
"POINT (13.189032799000074 52.419099203000030)","Unfall 212564 (2021) Kat:3, Licht: 0","212564","3","3","5","06","17","4","","0","1","1","0","0"
"POINT (13.537373656000057 52.540316819000054)","Unfall 212565 (2021) Kat:3, Licht: 0","212565","3","3","5","06","14","3","","0","0","1","0","1"
"POINT (13.370887681000056 52.409095087000026)","Unfall 212566 (2021) Kat:3, Licht: 0","212566","3","3","5","06","19","1","","0","1","1","0","0"
"POINT (13.349180807000039 52.552034257000059)","Unfall 212567 (2021) Kat:3, Licht: 0","212567","3","1","9","06","17","3","","0","0","0","0","0"
"POINT (13.446199606000050 52.428392683000027)","Unfall 212568 (2021) Kat:3, Licht: 0","212568","3","7","6","06","14","4","","0","0","1","1","0"
"POINT (13.428930757000046 52.494174730000054)","Unfall 212569 (2021) Kat:3, Licht: 0","212569","3","5","1","06","19","5","","0","1","1","0","0"
"POINT (13.553284985000062 52.469575561000056)","Unfall 212570 (2021) Kat:3, Licht: 0","212570","3","3","5","05","20","2","","0","1","1","0","0"
"POINT (13.397123685000054 52.505307853000033)","Unfall 212571 (2021) Kat:3, Licht: 2","212571","3","1","0","06","01","5","","2","1","0","0","0"
"POINT (13.371817864000036 52.509275175000028)","Unfall 212572 (2021) Kat:3, Licht: 2","212572","3","2","5","07","00","4","","2","1","0","0","0"
"POINT (13.282304876000069 52.421184835000076)","Unfall 212573 (2021) Kat:3, Licht: 0","212573","3","4","6","07","13","3","","0","0","1","1","0"
"POINT (13.359265278000066 52.574391316000060)","Unfall 212574 (2021) Kat:3, Licht: 0","212574","3","1","8","06","16","4","","0","0","1","0","0"
"POINT (13.309379322000041 52.467432683000027)","Unfall 212575 (2021) Kat:3, Licht: 0","212575","3","6","2","05","12","4","","0","0","1","0","1"
"POINT (13.390303147000054 52.508594124000069)","Unfall 212576 (2021) Kat:3, Licht: 0","212576","3","3","5","06","12","7","","0","1","1","0","0"
"POINT (13.401180219000025 52.546836550000080)","Unfall 212577 (2021) Kat:3, Licht: 2","212577","3","1","0","07","01","1","","2","1","0","0","0"
"POINT (13.590285047000066 52.435136745000079)","Unfall 212578 (2021) Kat:3, Licht: 0","212578","3","3","5","06","14","2","","0","1","1","0","0"
"POINT (13.556660980000061 52.464261408000027)","Unfall 212579 (2021) Kat:3, Licht: 0","212579","3","7","0","06","16","7","","0","0","1","0","0"
"POINT (13.604038349000064 52.539641800000027)","Unfall 212580 (2021) Kat:3, Licht: 0","212580","3","3","5","06","17","3","","0","1","1","0","0"
"POINT (13.335906693000027 52.513928301000078)","Unfall 212581 (2021) Kat:3, Licht: 0","212581","3","1","0","06","18","3","","0","1","0","0","0"
"POINT (13.209426986000040 52.565336823000052)","Unfall 212582 (2021) Kat:2, Licht: 1","212582","2","2","5","06","21","6","","1","0","1","0","0"
"POINT (13.526661559000047 52.424588635000077)","Unfall 212583 (2021) Kat:3, Licht: 0","212583","3","3","5","06","14","3","","0","1","1","0","0"
"POINT (13.242646315000059 52.433735255000045)","Unfall 212584 (2021) Kat:3, Licht: 0","212584","3","3","5","07","18","7","","0","0","1","0","0"
"POINT (13.342946033000032 52.475928766000038)","Unfall 212585 (2021) Kat:3, Licht: 0","212585","3","3","5","06","12","4","","0","0","1","0","0"
"POINT (13.350088280000023 52.479460454000048)","Unfall 212586 (2021) Kat:3, Licht: 0","212586","3","4","6","06","12","4","","0","1","0","1","0"
"POINT (13.354971335000073 52.428001123000058)","Unfall 212587 (2021) Kat:3, Licht: 0","212587","3","5","1","05","15","1","","0","1","1","0","0"
"POINT (13.497239421000074 52.504802410000082)","Unfall 212588 (2021) Kat:3, Licht: 0","212588","3","5","1","07","19","3","","0","1","1","0","0"
"POINT (13.309819205000053 52.466587999000069)","Unfall 212589 (2021) Kat:3, Licht: 0","212589","3","3","5","07","19","2","","0","1","1","0","0"
"POINT (13.406650660000025 52.575621249000051)","Unfall 212590 (2021) Kat:3, Licht: 0","212590","3","1","0","06","15","3","","0","0","0","0","1"
"POINT (13.343338941000070 52.528520503000038)","Unfall 212591 (2021) Kat:3, Licht: 0","212591","3","6","2","05","18","3","","0","0","1","0","1"
"POINT (13.406921206000050 52.393777245000081)","Unfall 212592 (2021) Kat:3, Licht: 2","212592","3","1","0","07","01","1","","2","0","0","0","0"
"POINT (13.524367288000064 52.536275111000066)","Unfall 212593 (2021) Kat:3, Licht: 0","212593","3","1","0","06","13","5","","0","0","0","0","1"
"POINT (13.327991658000030 52.473357128000032)","Unfall 212594 (2021) Kat:3, Licht: 0","212594","3","3","5","05","09","6","","0","1","1","0","0"
"POINT (13.281550171000049 52.512777689000075)","Unfall 212595 (2021) Kat:3, Licht: 0","212595","3","2","2","06","18","6","","0","0","1","0","0"
"POINT (13.194281178000040 52.545851176000042)","Unfall 212596 (2021) Kat:2, Licht: 0","212596","2","3","5","06","08","4","","0","1","1","0","0"
"POINT (13.284326859000032 52.594460906000052)","Unfall 212597 (2021) Kat:3, Licht: 0","212597","3","3","5","07","20","6","","0","0","1","0","0"
"POINT (13.365814597000053 52.503064659000074)","Unfall 212598 (2021) Kat:3, Licht: 0","212598","3","2","5","06","07","6","","0","1","0","0","0"
"POINT (13.418786191000038 52.501419065000050)","Unfall 212599 (2021) Kat:3, Licht: 0","212599","3","6","2","06","18","6","","0","1","1","0","0"
"POINT (13.466856298000039 52.468323252000062)","Unfall 212600 (2021) Kat:3, Licht: 0","212600","3","4","6","05","18","2","","0","1","0","1","0"
"POINT (13.427716642000064 52.626838798000051)","Unfall 212601 (2021) Kat:3, Licht: 0","212601","3","1","0","06","11","2","","0","1","0","0","0"
"POINT (13.470363255000052 52.506262131000028)","Unfall 212602 (2021) Kat:3, Licht: 0","212602","3","2","5","06","07","5","","0","1","0","0","0"
"POINT (13.218499280000060 52.508872592000046)","Unfall 212603 (2021) Kat:3, Licht: 0","212603","3","2","5","06","15","6","","0","1","1","0","0"
"POINT (13.418362841000032 52.498787178000043)","Unfall 212604 (2021) Kat:3, Licht: 2","212604","3","6","0","07","16","6","","2","0","1","0","0"
"POINT (13.343200044000071 52.531918406000045)","Unfall 212605 (2021) Kat:3, Licht: 0","212605","3","2","5","07","18","6","","0","1","1","0","0"
"POINT (13.315843601000040 52.481831868000029)","Unfall 212606 (2021) Kat:3, Licht: 0","212606","3","2","5","07","18","2","","0","1","1","0","0"
"POINT (13.466282795000041 52.496985419000055)","Unfall 212607 (2021) Kat:3, Licht: 1","212607","3","3","0","06","21","2","","1","1","0","0","0"
"POINT (13.177981380000062 52.550882223000031)","Unfall 212608 (2021) Kat:2, Licht: 2","212608","2","1","0","05","00","2","","2","0","0","0","0"
"POINT (13.405220359000054 52.505185134000044)","Unfall 212609 (2021) Kat:3, Licht: 0","212609","3","2","5","06","18","4","","0","1","1","0","0"
"POINT (13.414743440000052 52.515767696000069)","Unfall 212610 (2021) Kat:3, Licht: 0","212610","3","6","2","05","16","4","","0","0","1","0","0"
"POINT (13.627188970000077 52.446622723000075)","Unfall 212611 (2021) Kat:3, Licht: 0","212611","3","6","3","06","19","1","","0","1","1","0","0"
"POINT (13.386296046000041 52.490076982000062)","Unfall 212612 (2021) Kat:3, Licht: 0","212612","3","2","5","06","18","3","","0","1","1","0","0"
"POINT (13.303121957000030 52.506825118000052)","Unfall 212613 (2021) Kat:3, Licht: 0","212613","3","5","1","06","18","4","","0","1","1","0","0"
"POINT (13.456967375000033 52.513053267000032)","Unfall 212614 (2021) Kat:3, Licht: 0","212614","3","7","0","06","14","6","","0","1","1","0","0"
"POINT (13.526355733000059 52.437426570000071)","Unfall 212615 (2021) Kat:3, Licht: 0","212615","3","7","0","05","18","1","","0","1","0","0","0"
"POINT (13.416177421000043 52.553413810000052)","Unfall 212616 (2021) Kat:3, Licht: 2","212616","3","6","3","06","03","5","","2","0","1","0","0"
"POINT (13.319626769000024 52.502843581000036)","Unfall 212617 (2021) Kat:3, Licht: 0","212617","3","3","5","07","06","5","","0","0","1","0","1"
"POINT (13.376656274000027 52.487921271000062)","Unfall 212618 (2021) Kat:3, Licht: 0","212618","3","6","2","07","10","5","","0","0","1","0","0"
"POINT (13.345683273000077 52.544877011000040)","Unfall 212619 (2021) Kat:3, Licht: 0","212619","3","1","0","06","16","1","","0","0","0","0","1"
"POINT (13.422532294000064 52.488977579000050)","Unfall 212620 (2021) Kat:3, Licht: 0","212620","3","7","0","07","13","7","","0","1","0","0","0"
"POINT (13.498630096000056 52.410471129000030)","Unfall 212621 (2021) Kat:3, Licht: 0","212621","3","3","5","06","16","1","","0","0","1","0","0"
"POINT (13.349395311000023 52.508567516000028)","Unfall 212622 (2021) Kat:3, Licht: 2","212622","3","1","9","06","03","4","","2","0","1","0","0"
"POINT (13.345979595000074 52.497262803000069)","Unfall 212623 (2021) Kat:3, Licht: 0","212623","3","3","5","06","14","3","","0","1","1","0","0"
"POINT (13.614241066000034 52.530257706000043)","Unfall 212624 (2021) Kat:3, Licht: 0","212624","3","3","5","07","12","2","","0","1","1","0","0"
"POINT (13.315033572000061 52.493941510000070)","Unfall 212625 (2021) Kat:3, Licht: 0","212625","3","5","1","06","15","2","","0","0","1","0","0"
"POINT (13.300646579000045 52.517314165000073)","Unfall 212626 (2021) Kat:3, Licht: 0","212626","3","2","5","05","16","2","","0","1","1","0","0"
"POINT (13.416314870000065 52.517052269000033)","Unfall 212627 (2021) Kat:3, Licht: 0","212627","3","5","1","06","07","4","","0","0","1","1","0"
"POINT (13.321806474000027 52.473539441000071)","Unfall 212628 (2021) Kat:3, Licht: 0","212628","3","3","5","05","08","4","","0","0","1","0","0"
"POINT (13.449930452000046 52.445599515000026)","Unfall 212629 (2021) Kat:3, Licht: 0","212629","3","2","5","06","17","2","","0","0","1","0","0"
"POINT (13.485427730000026 52.523188286000050)","Unfall 212630 (2021) Kat:3, Licht: 0","212630","3","2","5","06","08","3","","0","1","1","0","0"
"POINT (13.445229504000054 52.479175931000043)","Unfall 212631 (2021) Kat:3, Licht: 0","212631","3","3","5","06","09","5","","0","0","1","0","0"
"POINT (13.195825203000027 52.521021997000048)","Unfall 212632 (2021) Kat:2, Licht: 0","212632","2","5","1","06","17","5","","0","1","1","0","0"
"POINT (13.364210255000046 52.527916224000080)","Unfall 212633 (2021) Kat:3, Licht: 0","212633","3","3","5","05","10","2","","0","1","1","0","0"
"POINT (13.553722094000022 52.519257782000068)","Unfall 212634 (2021) Kat:3, Licht: 0","212634","3","3","5","06","08","5","","0","1","1","0","0"
"POINT (13.540083183000036 52.565282713000045)","Unfall 212635 (2021) Kat:3, Licht: 0","212635","3","2","5","07","15","5","","0","1","1","0","0"
"POINT (13.414321530000052 52.553897333000066)","Unfall 212636 (2021) Kat:3, Licht: 0","212636","3","6","2","07","08","5","","0","0","1","0","0"
"POINT (13.445424097000057 52.512741604000041)","Unfall 212637 (2021) Kat:3, Licht: 2","212637","3","3","5","06","02","7","","2","0","1","0","0"
"POINT (13.445722583000077 52.493922759000043)","Unfall 212638 (2021) Kat:3, Licht: 2","212638","3","7","6","07","22","1","","2","1","0","1","0"
"POINT (13.420076773000062 52.502383140000063)","Unfall 212639 (2021) Kat:3, Licht: 0","212639","3","5","1","06","09","1","","0","1","1","0","0"
"POINT (13.360414637000076 52.505600889000050)","Unfall 212640 (2021) Kat:3, Licht: 0","212640","3","3","5","06","14","4","","0","1","1","0","0"
"POINT (13.456599696000069 52.534920016000058)","Unfall 212641 (2021) Kat:3, Licht: 0","212641","3","3","5","06","15","3","","0","1","1","0","0"
"POINT (13.353229592000048 52.480948619000060)","Unfall 212642 (2021) Kat:3, Licht: 0","212642","3","5","1","06","18","1","","0","1","1","0","0"
"POINT (13.422157082000069 52.552757636000081)","Unfall 212643 (2021) Kat:3, Licht: 0","212643","3","3","5","06","17","3","","0","1","1","0","0"
"POINT (13.225727827000071 52.555857091000064)","Unfall 212644 (2021) Kat:3, Licht: 0","212644","3","7","6","06","15","4","","0","0","1","1","0"
"POINT (13.299093662000075 52.507976383000027)","Unfall 212645 (2021) Kat:3, Licht: 0","212645","3","6","2","06","16","5","","0","1","1","0","0"
"POINT (13.371127057000024 52.558696418000068)","Unfall 212646 (2021) Kat:3, Licht: 2","212646","3","3","5","05","22","7","","2","0","1","0","0"
"POINT (13.572124768000037 52.564732553000056)","Unfall 212647 (2021) Kat:2, Licht: 2","212647","2","4","6","06","00","5","","2","0","0","1","0"
"POINT (13.471445766000045 52.610199923000039)","Unfall 212648 (2021) Kat:3, Licht: 0","212648","3","5","1","07","19","4","","0","1","1","0","0"
"POINT (13.575332323000055 52.447497386000066)","Unfall 212649 (2021) Kat:3, Licht: 0","212649","3","7","5","07","14","3","","0","1","0","0","0"
"POINT (13.388221481000073 52.588712902000054)","Unfall 212650 (2021) Kat:3, Licht: 0","212650","3","4","6","06","14","4","","0","0","0","1","0"
"POINT (13.505106436000062 52.534540413000059)","Unfall 212651 (2021) Kat:3, Licht: 0","212651","3","6","2","05","18","3","","0","0","1","0","0"
"POINT (13.473870256000055 52.438096545000064)","Unfall 212652 (2021) Kat:3, Licht: 0","212652","3","3","5","06","15","6","","0","1","1","0","0"
"POINT (13.289493867000033 52.582613813000080)","Unfall 212653 (2021) Kat:3, Licht: 0","212653","3","2","5","07","17","7","","0","1","1","0","0"
"POINT (13.351304682000034 52.567443882000077)","Unfall 212654 (2021) Kat:2, Licht: 0","212654","2","3","5","06","10","6","","0","0","1","0","0"
"POINT (13.387455843000055 52.464667433000045)","Unfall 212655 (2021) Kat:3, Licht: 0","212655","3","7","6","06","11","7","","0","1","0","1","0"
"POINT (13.321144496000045 52.488519792000034)","Unfall 212656 (2021) Kat:3, Licht: 0","212656","3","6","2","06","17","3","","0","1","1","0","0"
"POINT (13.333210870000073 52.506564403000027)","Unfall 212657 (2021) Kat:3, Licht: 0","212657","3","5","3","06","13","3","","0","0","1","0","0"
"POINT (13.431892532000063 52.505660686000056)","Unfall 212658 (2021) Kat:3, Licht: 0","212658","3","3","5","06","18","6","","0","1","1","0","0"
"POINT (13.495760171000029 52.432150952000029)","Unfall 212659 (2021) Kat:3, Licht: 0","212659","3","6","3","06","13","2","","0","1","1","0","0"
"POINT (13.322294275000047 52.493073213000059)","Unfall 212660 (2021) Kat:2, Licht: 0","212660","2","7","1","07","11","7","","0","0","1","0","1"
"POINT (13.315413792000072 52.447965668000052)","Unfall 212661 (2021) Kat:3, Licht: 0","212661","3","2","5","06","08","4","","0","1","1","0","0"
"POINT (13.320985553000071 52.512997611000060)","Unfall 212662 (2021) Kat:3, Licht: 0","212662","3","6","2","05","17","6","","0","0","1","0","0"
"POINT (13.339420846000053 52.554025426000067)","Unfall 212663 (2021) Kat:3, Licht: 0","212663","3","3","5","07","12","3","","0","0","1","0","0"
"POINT (13.198232695000058 52.556933888000060)","Unfall 212664 (2021) Kat:3, Licht: 0","212664","3","3","5","07","12","2","","0","0","1","0","0"
"POINT (13.280178951000039 52.518321272000037)","Unfall 212665 (2021) Kat:3, Licht: 0","212665","3","6","2","06","15","3","","0","0","1","0","0"
"POINT (13.433477178000032 52.482211060000054)","Unfall 212666 (2021) Kat:3, Licht: 1","212666","3","7","6","05","20","3","","1","0","1","1","0"
"POINT (13.418223789000024 52.517372347000048)","Unfall 212667 (2021) Kat:3, Licht: 0","212667","3","5","0","07","18","7","","0","1","1","0","0"
"POINT (13.399677776000033 52.498289798000030)","Unfall 212668 (2021) Kat:3, Licht: 0","212668","3","3","5","06","16","5","","0","1","0","0","0"
"POINT (13.423811124000053 52.501206484000079)","Unfall 212669 (2021) Kat:3, Licht: 0","212669","3","3","5","05","07","6","","0","1","1","0","0"
"POINT (13.390952694000077 52.583871138000063)","Unfall 212670 (2021) Kat:3, Licht: 0","212670","3","3","5","06","12","6","","0","0","1","0","1"
"POINT (13.452695603000052 52.539123683000071)","Unfall 212671 (2021) Kat:2, Licht: 0","212671","2","3","5","06","07","4","","0","1","1","0","0"
"POINT (13.403087714000037 52.533705809000082)","Unfall 212672 (2021) Kat:3, Licht: 0","212672","3","3","5","07","16","6","","0","1","1","0","0"
"POINT (13.333116273000030 52.487138366000067)","Unfall 212673 (2021) Kat:3, Licht: 0","212673","3","6","2","06","16","6","","0","1","1","0","0"
"POINT (13.527743771000075 52.424417905000041)","Unfall 212674 (2021) Kat:3, Licht: 0","212674","3","6","0","06","18","6","","0","1","0","0","1"
"POINT (13.437632668000049 52.478835033000053)","Unfall 212675 (2021) Kat:3, Licht: 0","212675","3","3","5","05","16","2","","0","1","1","0","0"
"POINT (13.421984571000053 52.510929509000050)","Unfall 212676 (2021) Kat:2, Licht: 0","212676","2","2","5","06","06","2","","0","0","1","0","1"
"POINT (13.410425283000052 52.503782744000034)","Unfall 212677 (2021) Kat:3, Licht: 0","212677","3","6","2","06","15","5","","0","1","1","0","0"
"POINT (13.364260089000027 52.493936804000043)","Unfall 212678 (2021) Kat:3, Licht: 0","212678","3","2","5","06","13","6","","0","1","1","0","0"
"POINT (13.141502314000036 52.532490499000062)","Unfall 212679 (2021) Kat:2, Licht: 0","212679","2","1","9","07","09","6","","0","0","1","0","0"
"POINT (13.388758257000063 52.566924462000031)","Unfall 212680 (2021) Kat:3, Licht: 0","212680","3","3","5","07","08","5","","0","1","1","0","0"