WKT,Name,OBJECTID,UKATEGORIE,UTYP1,UART,UMONAT,USTUNDE,UWOCHENTAG,STRZUSTAND,ULICHTVERH,ISTRAD,ISTPKW,ISTFUSS,ISTKRAD
"POINT (13.386637231000066 52.501025619000075)","Unfall 212681 (2021) Kat:3, Licht: 0","212681","3","2","5","07","18","2","","0","1","1","0","0"
"POINT (13.385871913000074 52.445572760000061)","Unfall 212682 (2021) Kat:3, Licht: 0","212682","3","2","5","06","11","2","","0","0","1","0","0"
"POINT (13.132577572000059 52.425645354000039)","Unfall 212683 (2021) Kat:2, Licht: 0","212683","2","1","0","05","13","2","","0","1","0","0","0"
"POINT (13.327178693000064 52.494997594000040)","Unfall 212684 (2021) Kat:3, Licht: 0","212684","3","2","5","06","18","4","","0","1","1","0","0"
"POINT (13.247772534000035 52.518858979000072)","Unfall 212685 (2021) Kat:3, Licht: 0","212685","3","1","8","05","11","5","","0","0","1","0","0"
"POINT (13.574714630000074 52.445962079000026)","Unfall 212686 (2021) Kat:3, Licht: 0","212686","3","5","1","06","13","1","","0","1","1","0","0"
"POINT (13.424115289000042 52.486109966000072)","Unfall 212687 (2021) Kat:3, Licht: 2","212687","3","5","1","06","23","1","","2","1","1","0","0"
"POINT (13.326083691000065 52.538538462000076)","Unfall 212688 (2021) Kat:3, Licht: 0","212688","3","6","2","06","16","3","","0","0","1","0","0"
"POINT (13.312057041000060 52.480068273000029)","Unfall 212689 (2021) Kat:3, Licht: 0","212689","3","6","2","06","07","5","","0","0","1","0","0"
"POINT (13.331157593000057 52.496267482000064)","Unfall 212690 (2021) Kat:3, Licht: 0","212690","3","7","0","06","12","6","","0","0","0","0","1"
"POINT (13.311158204000037 52.539452869000058)","Unfall 212691 (2021) Kat:3, Licht: 0","212691","3","6","6","05","10","2","","0","0","1","1","0"
"POINT (13.233765495000057 52.447443552000038)","Unfall 212692 (2021) Kat:3, Licht: 0","212692","3","3","5","06","17","5","","0","0","1","0","0"
"POINT (13.472669183000050 52.505062654000028)","Unfall 212693 (2021) Kat:3, Licht: 0","212693","3","6","2","07","17","5","","0","0","1","0","0"
"POINT (13.329453619000049 52.471577070000080)","Unfall 212694 (2021) Kat:3, Licht: 0","212694","3","3","5","07","19","3","","0","1","0","0","0"
"POINT (13.503113217000077 52.554053420000059)","Unfall 212695 (2021) Kat:2, Licht: 0","212695","2","2","5","07","15","5","","0","0","1","0","1"
"POINT (13.307439886000054 52.618922695000037)","Unfall 212696 (2021) Kat:2, Licht: 2","212696","2","1","1","06","01","1","","2","0","1","0","0"
"POINT (13.402686374000041 52.516538901000047)","Unfall 212697 (2021) Kat:2, Licht: 0","212697","2","1","0","07","18","1","","0","1","0","0","0"
"POINT (13.436396314000035 52.448837758000082)","Unfall 212698 (2021) Kat:3, Licht: 0","212698","3","1","8","06","15","1","","0","0","1","0","0"
"POINT (13.397446040000034 52.442241011000078)","Unfall 212699 (2021) Kat:3, Licht: 0","212699","3","6","2","06","09","2","","0","0","1","0","0"
"POINT (13.426175194000052 52.477525818000061)","Unfall 212700 (2021) Kat:3, Licht: 0","212700","3","6","3","06","13","4","","0","1","1","0","0"
"POINT (13.318069070000035 52.518355176000057)","Unfall 212701 (2021) Kat:3, Licht: 0","212701","3","7","2","06","16","3","","0","1","1","0","0"
"POINT (13.433225683000046 52.484956795000073)","Unfall 212702 (2021) Kat:3, Licht: 2","212702","3","5","0","06","00","7","","2","1","1","0","0"
"POINT (13.478075553000053 52.442139583000028)","Unfall 212703 (2021) Kat:2, Licht: 0","212703","2","3","5","06","20","3","","0","1","1","0","0"
"POINT (13.361328336000042 52.555107810000038)","Unfall 212704 (2021) Kat:2, Licht: 0","212704","2","3","5","06","16","4","","0","1","0","0","0"
"POINT (13.295827411000062 52.497832537000079)","Unfall 212705 (2021) Kat:3, Licht: 0","212705","3","6","2","06","16","5","","0","1","1","0","0"
"POINT (13.524663239000063 52.564847219000058)","Unfall 212706 (2021) Kat:3, Licht: 0","212706","3","2","5","05","15","7","","0","0","1","0","0"
"POINT (13.311823466000021 52.571291423000048)","Unfall 212707 (2021) Kat:3, Licht: 1","212707","3","6","3","06","20","4","","1","0","1","0","1"
"POINT (13.330526980000059 52.512624499000026)","Unfall 212708 (2021) Kat:3, Licht: 0","212708","3","7","6","07","18","3","","0","0","0","1","0"
"POINT (13.265892788000031 52.483207692000065)","Unfall 212709 (2021) Kat:3, Licht: 0","212709","3","6","2","07","15","2","","0","0","1","0","0"
"POINT (13.538881892000063 52.459210489000043)","Unfall 212710 (2021) Kat:2, Licht: 0","212710","2","7","7","06","09","4","","0","1","0","0","0"
"POINT (13.266314333000025 52.513068144000044)","Unfall 212711 (2021) Kat:3, Licht: 0","212711","3","2","5","05","08","3","","0","0","0","0","1"
"POINT (13.571868609000035 52.568334160000063)","Unfall 212712 (2021) Kat:3, Licht: 0","212712","3","2","5","06","10","2","","0","0","1","0","0"
"POINT (13.211851860000024 52.553831544000047)","Unfall 212713 (2021) Kat:3, Licht: 0","212713","3","4","6","06","17","7","","0","0","1","1","0"
"POINT (13.398549975000037 52.532553565000057)","Unfall 212714 (2021) Kat:3, Licht: 0","212714","3","1","0","06","09","4","","0","1","0","0","0"
"POINT (13.404952465000065 52.533825238000077)","Unfall 212715 (2021) Kat:3, Licht: 0","212715","3","1","0","07","19","7","","0","1","0","0","0"
"POINT (13.456389598000044 52.509861586000056)","Unfall 212716 (2021) Kat:2, Licht: 0","212716","2","5","1","06","18","7","","0","1","1","0","0"
"POINT (13.410960296000042 52.503834537000046)","Unfall 212717 (2021) Kat:3, Licht: 0","212717","3","2","5","06","14","7","","0","1","1","0","0"
"POINT (13.315565620000029 52.458751548000066)","Unfall 212718 (2021) Kat:3, Licht: 0","212718","3","2","5","06","13","3","","0","0","1","0","0"
"POINT (13.322425273000022 52.484761195000033)","Unfall 212719 (2021) Kat:2, Licht: 0","212719","2","7","0","06","14","2","","0","0","0","0","0"
"POINT (13.429029482000033 52.471904092000045)","Unfall 212720 (2021) Kat:3, Licht: 0","212720","3","3","5","06","05","6","","0","0","1","0","1"
"POINT (13.272218504000023 52.538300154000069)","Unfall 212721 (2021) Kat:2, Licht: 0","212721","2","2","5","06","14","2","","0","1","1","0","0"
"POINT (13.495799869000052 52.626047471000049)","Unfall 212722 (2021) Kat:3, Licht: 0","212722","3","3","5","07","07","6","","0","0","1","0","0"
"POINT (13.301862440000036 52.488312094000037)","Unfall 212723 (2021) Kat:3, Licht: 0","212723","3","6","2","06","13","7","","0","0","1","0","0"
"POINT (13.362708584000075 52.571122110000033)","Unfall 212724 (2021) Kat:3, Licht: 0","212724","3","3","3","06","12","3","","0","0","1","0","1"
"POINT (13.396472211000059 52.528453911000042)","Unfall 212725 (2021) Kat:3, Licht: 0","212725","3","5","4","06","09","4","","0","1","0","0","0"
"POINT (13.571772984000063 52.482724871000073)","Unfall 212726 (2021) Kat:2, Licht: 0","212726","2","3","5","06","16","5","","0","1","0","0","0"
"POINT (13.413206339000055 52.547678697000038)","Unfall 212727 (2021) Kat:3, Licht: 0","212727","3","2","5","05","18","7","","0","1","1","0","0"
"POINT (13.389402967000024 52.489736136000033)","Unfall 212728 (2021) Kat:3, Licht: 0","212728","3","3","2","06","15","4","","0","1","1","0","0"
"POINT (13.592416135000065 52.438550945000031)","Unfall 212729 (2021) Kat:3, Licht: 0","212729","3","2","5","07","16","3","","0","0","1","0","0"
"POINT (13.351023908000059 52.524389807000034)","Unfall 212730 (2021) Kat:3, Licht: 0","212730","3","2","5","07","18","3","","0","1","1","0","0"
"POINT (13.514296056000035 52.446364855000070)","Unfall 212731 (2021) Kat:3, Licht: 0","212731","3","2","5","06","14","4","","0","1","1","0","0"
"POINT (13.406567202000076 52.455730616000039)","Unfall 212732 (2021) Kat:3, Licht: 0","212732","3","3","0","05","06","4","","0","1","1","0","0"
"POINT (13.484929034000061 52.533492778000038)","Unfall 212733 (2021) Kat:2, Licht: 0","212733","2","5","2","06","10","2","","0","0","1","0","1"
"POINT (13.522347558000035 52.428428636000035)","Unfall 212734 (2021) Kat:3, Licht: 0","212734","3","2","5","06","06","6","","0","0","1","0","0"
"POINT (13.438047391000055 52.500366606000057)","Unfall 212735 (2021) Kat:3, Licht: 0","212735","3","1","0","07","15","7","","0","0","0","0","0"
"POINT (13.477043721000030 52.566889422000031)","Unfall 212736 (2021) Kat:3, Licht: 0","212736","3","3","5","06","16","7","","0","1","0","0","0"
"POINT (13.310174125000060 52.467042857000081)","Unfall 212737 (2021) Kat:3, Licht: 0","212737","3","7","6","06","13","7","","0","0","1","1","0"
"POINT (13.344724546000066 52.506482858000027)","Unfall 212738 (2021) Kat:3, Licht: 0","212738","3","2","5","06","09","3","","0","0","0","0","1"
"POINT (13.576411594000035 52.454541088000042)","Unfall 212739 (2021) Kat:3, Licht: 0","212739","3","3","5","06","07","2","","0","1","1","0","0"
"POINT (13.281047764000050 52.502094464000038)","Unfall 212740 (2021) Kat:3, Licht: 0","212740","3","6","2","06","13","7","","0","0","1","0","0"
"POINT (13.203195366000045 52.519700549000049)","Unfall 212741 (2021) Kat:3, Licht: 0","212741","3","6","2","06","15","3","","0","1","1","0","0"
"POINT (13.459654540000031 52.494362118000026)","Unfall 212742 (2021) Kat:3, Licht: 1","212742","3","5","1","07","20","7","","1","1","1","0","0"
"POINT (13.382804910000061 52.511324950000073)","Unfall 212743 (2021) Kat:3, Licht: 0","212743","3","5","1","07","19","3","","0","0","1","0","1"
"POINT (13.311979845000053 52.420051200000046)","Unfall 212744 (2021) Kat:2, Licht: 0","212744","2","7","5","07","12","2","","0","0","1","0","0"
"POINT (13.335777226000062 52.513692794000065)","Unfall 212745 (2021) Kat:3, Licht: 1","212745","3","2","5","06","20","3","","1","1","1","0","0"
"POINT (13.377884524000024 52.465847196000027)","Unfall 212746 (2021) Kat:3, Licht: 0","212746","3","3","5","05","12","3","","0","1","1","0","0"
"POINT (13.389217073000054 52.465735028000040)","Unfall 212747 (2021) Kat:3, Licht: 0","212747","3","3","5","07","15","1","","0","1","1","0","0"
"POINT (13.182396124000036 52.538451665000082)","Unfall 212748 (2021) Kat:3, Licht: 0","212748","3","2","2","06","14","4","","0","0","1","0","1"
"POINT (13.391643133000059 52.457544374000065)","Unfall 212749 (2021) Kat:2, Licht: 0","212749","2","3","0","05","16","6","","0","1","0","0","1"
"POINT (13.326230276000047 52.538054548000048)","Unfall 212750 (2021) Kat:3, Licht: 0","212750","3","2","5","06","18","6","","0","1","1","0","0"
"POINT (13.440520498000069 52.561060159000078)","Unfall 212751 (2021) Kat:3, Licht: 0","212751","3","3","5","06","07","4","","0","1","1","0","0"
"POINT (13.386357439000051 52.490076797000029)","Unfall 212752 (2021) Kat:3, Licht: 0","212752","3","2","5","07","16","6","","0","1","1","0","0"
"POINT (13.542459874000031 52.435863662000031)","Unfall 212753 (2021) Kat:3, Licht: 0","212753","3","1","0","06","13","6","","0","1","0","0","0"
"POINT (13.406603477000033 52.393764682000040)","Unfall 212754 (2021) Kat:3, Licht: 0","212754","3","2","5","06","18","6","","0","0","1","0","0"
"POINT (13.400504908000073 52.548555347000047)","Unfall 212755 (2021) Kat:3, Licht: 0","212755","3","1","0","05","09","2","","0","1","0","0","0"
"POINT (13.518946841000059 52.553820083000062)","Unfall 212756 (2021) Kat:3, Licht: 0","212756","3","3","5","06","20","2","","0","0","1","0","0"
"POINT (13.431932708000033 52.603948390000028)","Unfall 212757 (2021) Kat:2, Licht: 0","212757","2","1","0","06","11","5","","0","1","0","0","0"
"POINT (13.426312682000059 52.515929043000028)","Unfall 212758 (2021) Kat:3, Licht: 0","212758","3","3","5","06","18","5","","0","1","1","0","0"
"POINT (13.529148693000025 52.526238735000049)","Unfall 212759 (2021) Kat:3, Licht: 0","212759","3","3","5","07","15","6","","0","1","1","0","0"
"POINT (13.271477791000052 52.534923090000063)","Unfall 212760 (2021) Kat:3, Licht: 0","212760","3","7","1","07","09","6","","0","0","1","0","0"
"POINT (13.436008254000058 52.468550926000034)","Unfall 212761 (2021) Kat:3, Licht: 2","212761","3","3","5","06","00","4","","2","0","1","0","0"
"POINT (13.422100074000070 52.499041205000026)","Unfall 212762 (2021) Kat:2, Licht: 0","212762","2","2","5","07","11","2","","0","1","0","0","0"
"POINT (13.438931093000065 52.487500920000059)","Unfall 212763 (2021) Kat:3, Licht: 0","212763","3","3","5","06","17","3","","0","1","0","0","0"
"POINT (13.554057819000036 52.467205379000063)","Unfall 212764 (2021) Kat:2, Licht: 0","212764","2","6","4","05","17","1","","0","0","1","0","0"
"POINT (13.394253635000041 52.490905631000032)","Unfall 212765 (2021) Kat:3, Licht: 0","212765","3","6","3","06","09","4","","0","1","0","0","0"
"POINT (13.356469074000074 52.525568714000030)","Unfall 212766 (2021) Kat:3, Licht: 0","212766","3","2","5","05","13","5","","0","0","1","0","0"
"POINT (13.337347079000040 52.470266058000050)","Unfall 212767 (2021) Kat:3, Licht: 0","212767","3","7","0","06","16","2","","0","1","0","0","0"
"POINT (13.291203988000063 52.539697281000031)","Unfall 212768 (2021) Kat:3, Licht: 0","212768","3","3","5","06","13","2","","0","1","1","0","0"
"POINT (13.448925515000042 52.529017699000065)","Unfall 212769 (2021) Kat:3, Licht: 0","212769","3","6","2","06","15","5","","0","1","1","0","0"
"POINT (13.371073044000070 52.545747321000079)","Unfall 212770 (2021) Kat:2, Licht: 0","212770","2","1","0","06","08","6","","0","1","0","0","0"
"POINT (13.486964797000041 52.422891527000047)","Unfall 212771 (2021) Kat:3, Licht: 0","212771","3","2","5","05","16","2","","0","1","1","0","0"
"POINT (13.592554220000068 52.547462683000049)","Unfall 212772 (2021) Kat:3, Licht: 0","212772","3","2","5","06","13","5","","0","1","1","0","0"
"POINT (13.331152216000021 52.469559847000028)","Unfall 212773 (2021) Kat:2, Licht: 0","212773","2","3","5","07","15","5","","0","1","1","0","0"
"POINT (13.236207874000058 52.620938418000037)","Unfall 212774 (2021) Kat:3, Licht: 0","212774","3","6","2","07","13","3","","0","0","1","0","0"
"POINT (13.202435697000055 52.537997967000081)","Unfall 212775 (2021) Kat:3, Licht: 0","212775","3","5","1","07","18","5","","0","1","1","0","0"
"POINT (13.211017119000076 52.527590626000062)","Unfall 212776 (2021) Kat:3, Licht: 0","212776","3","1","0","06","12","1","","0","1","0","0","0"
"POINT (13.362862505000066 52.550064278000036)","Unfall 212777 (2021) Kat:3, Licht: 2","212777","3","5","1","06","22","7","","2","0","1","0","0"
"POINT (13.562408153000035 52.456791014000032)","Unfall 212778 (2021) Kat:3, Licht: 0","212778","3","6","2","07","14","1","","0","0","1","0","0"
"POINT (13.408664895000072 52.404910241000039)","Unfall 212779 (2021) Kat:3, Licht: 2","212779","3","7","1","06","21","7","","2","1","0","0","0"
"POINT (13.310773547000053 52.432600318000027)","Unfall 212780 (2021) Kat:3, Licht: 0","212780","3","5","1","06","08","2","","0","0","1","0","0"
"POINT (13.624806201000069 52.451619387000051)","Unfall 212781 (2021) Kat:3, Licht: 0","212781","3","2","5","06","11","4","","0","1","1","0","0"
"POINT (13.513480977000029 52.551146401000040)","Unfall 212782 (2021) Kat:2, Licht: 0","212782","2","3","5","06","05","4","","0","0","1","0","1"
"POINT (13.421456872000022 52.575416532000077)","Unfall 212783 (2021) Kat:3, Licht: 0","212783","3","3","0","06","11","7","","0","0","1","0","0"
"POINT (13.589984158000050 52.408766156000070)","Unfall 212784 (2021) Kat:3, Licht: 0","212784","3","5","1","06","06","4","","0","0","1","0","1"
"POINT (13.205768705000025 52.541724161000047)","Unfall 212785 (2021) Kat:3, Licht: 0","212785","3","3","5","06","15","4","","0","1","0","0","0"
"POINT (13.175957982000057 52.419563075000042)","Unfall 212786 (2021) Kat:3, Licht: 0","212786","3","3","5","06","13","5","","0","1","1","0","0"
"POINT (13.263549843000021 52.416598558000032)","Unfall 212787 (2021) Kat:3, Licht: 0","212787","3","2","5","05","15","7","","0","1","0","0","0"
"POINT (13.399429716000043 52.498287856000047)","Unfall 212788 (2021) Kat:3, Licht: 0","212788","3","3","5","06","13","4","","0","0","1","0","0"
"POINT (13.272396748000062 52.518677311000033)","Unfall 212789 (2021) Kat:2, Licht: 0","212789","2","3","5","07","14","4","","0","1","1","0","0"
"POINT (13.401061547000040 52.414570174000062)","Unfall 212790 (2021) Kat:3, Licht: 0","212790","3","2","5","07","18","2","","0","0","1","0","1"
"POINT (13.430590254000037 52.610538788000042)","Unfall 212791 (2021) Kat:3, Licht: 0","212791","3","3","6","06","10","4","","0","0","1","1","0"
"POINT (13.568899554000041 52.398238693000053)","Unfall 212792 (2021) Kat:2, Licht: 0","212792","2","1","0","05","07","4","","0","1","0","0","0"
"POINT (13.488811317000057 52.464131982000026)","Unfall 212793 (2021) Kat:3, Licht: 0","212793","3","7","6","06","10","2","","0","0","1","1","0"
"POINT (13.539672480000036 52.539811169000075)","Unfall 212794 (2021) Kat:3, Licht: 0","212794","3","2","5","06","14","6","","0","0","1","0","0"
"POINT (13.567690761000051 52.444856280000067)","Unfall 212795 (2021) Kat:3, Licht: 0","212795","3","1","0","06","16","4","","0","1","0","0","0"
"POINT (13.400550341000041 52.580413424000028)","Unfall 212796 (2021) Kat:3, Licht: 0","212796","3","3","5","07","10","6","","0","1","1","0","0"
"POINT (13.326329855000040 52.502648071000067)","Unfall 212797 (2021) Kat:3, Licht: 0","212797","3","6","2","06","17","7","","0","0","1","0","0"
"POINT (13.229246291000038 52.573276959000054)","Unfall 212798 (2021) Kat:2, Licht: 0","212798","2","3","5","06","17","1","","0","0","1","0","0"
"POINT (13.386431326000036 52.558922014000075)","Unfall 212799 (2021) Kat:3, Licht: 0","212799","3","5","0","06","06","3","","0","0","1","0","0"
"POINT (13.402873517000046 52.493977909000080)","Unfall 212800 (2021) Kat:3, Licht: 0","212800","3","6","3","06","19","3","","0","0","1","0","1"
"POINT (13.349664845000063 52.490429140000060)","Unfall 212801 (2021) Kat:2, Licht: 1","212801","2","5","1","06","19","5","","1","1","1","0","0"
"POINT (13.418172530000049 52.512375563000035)","Unfall 212802 (2021) Kat:3, Licht: 0","212802","3","4","0","06","18","6","","0","0","1","1","0"
"POINT (13.313691249000044 52.585770290000028)","Unfall 212803 (2021) Kat:3, Licht: 0","212803","3","7","0","06","11","2","","0","1","0","0","0"
"POINT (13.511681318000058 52.445350024000049)","Unfall 212804 (2021) Kat:3, Licht: 0","212804","3","3","5","07","15","6","","0","1","1","0","0"
"POINT (13.352457712000046 52.533452494000073)","Unfall 212805 (2021) Kat:3, Licht: 0","212805","3","7","0","07","08","3","","0","0","1","0","0"
"POINT (13.584634255000026 52.466240370000037)","Unfall 212806 (2021) Kat:3, Licht: 0","212806","3","2","5","06","15","3","","0","1","1","0","0"
"POINT (13.422610196000051 52.544583358000068)","Unfall 212807 (2021) Kat:3, Licht: 0","212807","3","3","5","05","12","2","","0","1","1","0","0"
"POINT (13.169961770000043 52.518558711000026)","Unfall 212808 (2021) Kat:3, Licht: 0","212808","3","1","0","07","11","1","","0","0","0","0","1"
"POINT (13.195722622000062 52.529582541000082)","Unfall 212809 (2021) Kat:3, Licht: 0","212809","3","2","5","06","15","4","","0","1","1","0","0"
"POINT (13.339084571000058 52.553928554000038)","Unfall 212810 (2021) Kat:3, Licht: 0","212810","3","2","0","05","14","5","","0","1","1","0","0"
"POINT (13.301729807000072 52.509738419000030)","Unfall 212811 (2021) Kat:3, Licht: 0","212811","3","2","5","06","09","2","","0","1","1","0","0"
"POINT (13.379189393000047 52.553010760000063)","Unfall 212812 (2021) Kat:2, Licht: 2","212812","2","7","0","06","23","1","","2","0","0","0","0"
"POINT (13.436188739000045 52.462212519000047)","Unfall 212813 (2021) Kat:3, Licht: 0","212813","3","4","6","06","20","6","","0","0","1","1","0"
"POINT (13.541525245000059 52.437241211000071)","Unfall 212814 (2021) Kat:3, Licht: 0","212814","3","5","1","06","09","3","","0","0","1","0","1"
"POINT (13.546546184000022 52.426363893000030)","Unfall 212815 (2021) Kat:3, Licht: 1","212815","3","2","5","06","19","6","","1","0","1","0","0"
"POINT (13.407890417000033 52.573190500000067)","Unfall 212816 (2021) Kat:2, Licht: 0","212816","2","5","1","06","15","6","","0","1","1","0","0"
"POINT (13.463660135000055 52.510761921000039)","Unfall 212817 (2021) Kat:3, Licht: 0","212817","3","2","6","05","11","2","","0","0","1","1","0"
"POINT (13.340274871000076 52.588130561000071)","Unfall 212818 (2021) Kat:3, Licht: 0","212818","3","1","0","06","17","2","","0","0","0","0","1"
"POINT (13.609003372000075 52.500786198000071)","Unfall 212819 (2021) Kat:2, Licht: 0","212819","2","4","6","06","15","6","","0","0","1","1","0"
"POINT (13.273456878000047 52.409846418000029)","Unfall 212820 (2021) Kat:3, Licht: 0","212820","3","1","0","07","16","5","","0","0","0","0","1"
"POINT (13.285069184000065 52.512862349000045)","Unfall 212821 (2021) Kat:3, Licht: 0","212821","3","6","3","06","18","4","","0","0","1","0","0"
"POINT (13.398551363000024 52.532553649000079)","Unfall 212822 (2021) Kat:3, Licht: 0","212822","3","1","0","06","10","7","","0","1","0","0","0"
"POINT (13.336137230000077 52.491465918000074)","Unfall 212823 (2021) Kat:3, Licht: 0","212823","3","2","0","07","19","2","","0","1","1","0","0"
"POINT (13.343375751000053 52.531939109000064)","Unfall 212824 (2021) Kat:3, Licht: 0","212824","3","2","6","06","14","2","","0","0","1","1","0"
"POINT (13.320877441000050 52.417396355000051)","Unfall 212825 (2021) Kat:3, Licht: 1","212825","3","5","1","06","21","4","","1","0","1","0","0"
"POINT (13.403632124000069 52.503290160000063)","Unfall 212826 (2021) Kat:3, Licht: 2","212826","3","3","5","06","00","3","","2","0","1","0","0"
"POINT (13.215811355000028 52.437674178000066)","Unfall 212827 (2021) Kat:3, Licht: 0","212827","3","5","1","06","09","7","","0","0","1","0","1"
"POINT (13.462278530000049 52.558850869000082)","Unfall 212828 (2021) Kat:3, Licht: 2","212828","3","6","2","06","23","3","","2","0","1","0","0"
"POINT (13.435581932000048 52.480905016000065)","Unfall 212829 (2021) Kat:3, Licht: 0","212829","3","7","0","07","15","3","","0","0","0","0","0"
"POINT (13.295080295000048 52.539620964000051)","Unfall 212830 (2021) Kat:3, Licht: 0","212830","3","7","6","06","09","3","","0","1","0","1","0"
"POINT (13.403031830000032 52.483324359000051)","Unfall 212831 (2021) Kat:3, Licht: 0","212831","3","7","5","05","14","3","","0","0","1","0","1"
"POINT (13.378271667000035 52.467016171000068)","Unfall 212832 (2021) Kat:2, Licht: 0","212832","2","3","5","07","19","1","","0","0","1","0","0"
"POINT (13.408672791000072 52.524259755000060)","Unfall 212833 (2021) Kat:3, Licht: 0","212833","3","5","1","06","11","4","","0","1","1","0","0"
"POINT (13.201279850000049 52.512163307000037)","Unfall 212834 (2021) Kat:3, Licht: 0","212834","3","7","6","05","15","6","","0","1","0","1","0"
"POINT (13.392598296000074 52.396853506000070)","Unfall 212835 (2021) Kat:3, Licht: 0","212835","3","3","0","06","07","6","","0","0","0","0","1"
"POINT (13.591151045000061 52.489779950000070)","Unfall 212836 (2021) Kat:3, Licht: 2","212836","3","6","0","06","22","3","","2","1","0","0","0"
"POINT (13.337002565000034 52.528455325000039)","Unfall 212837 (2021) Kat:3, Licht: 0","212837","3","5","1","06","18","5","","0","1","1","0","0"
"POINT (13.380225014000075 52.498736003000033)","Unfall 212838 (2021) Kat:3, Licht: 0","212838","3","2","5","06","17","6","","0","0","1","0","1"
"POINT (13.364645342000074 52.448572374000037)","Unfall 212839 (2021) Kat:3, Licht: 0","212839","3","5","1","05","17","2","","0","1","1","0","0"
"POINT (13.295904905000043 52.495647075000079)","Unfall 212840 (2021) Kat:2, Licht: 2","212840","2","5","1","06","23","2","","2","0","1","0","1"
"POINT (13.213080970000021 52.530432550000057)","Unfall 212841 (2021) Kat:3, Licht: 0","212841","3","3","5","06","13","5","","0","0","1","0","0"
"POINT (13.330648519000022 52.562633041000026)","Unfall 212842 (2021) Kat:3, Licht: 0","212842","3","6","3","06","13","6","","0","0","1","0","0"
"POINT (13.339263084000038 52.525835829000073)","Unfall 212843 (2021) Kat:3, Licht: 0","212843","3","2","5","07","15","6","","0","0","1","0","1"
"POINT (13.422174615000074 52.492994914000064)","Unfall 212844 (2021) Kat:3, Licht: 0","212844","3","2","5","07","08","4","","0","1","1","0","0"
"POINT (13.393732572000033 52.528611051000041)","Unfall 212845 (2021) Kat:2, Licht: 0","212845","2","2","5","07","16","6","","0","1","1","0","0"
"POINT (13.370561083000041 52.499869252000053)","Unfall 212846 (2021) Kat:3, Licht: 0","212846","3","3","0","06","14","5","","0","1","0","0","0"
"POINT (13.381305940000061 52.552286971000058)","Unfall 212847 (2021) Kat:2, Licht: 2","212847","2","2","5","07","23","3","","2","0","1","0","1"
"POINT (13.436477073000049 52.490782807000073)","Unfall 212848 (2021) Kat:3, Licht: 0","212848","3","6","2","06","17","2","","0","1","1","0","0"
"POINT (13.225839032000067 52.555129295000029)","Unfall 212849 (2021) Kat:3, Licht: 2","212849","3","3","5","05","21","1","","2","0","1","0","0"
"POINT (13.270390217000056 52.548599763000027)","Unfall 212850 (2021) Kat:2, Licht: 0","212850","2","2","5","06","18","4","","0","0","1","0","1"
"POINT (13.339343113000041 52.609752214000082)","Unfall 212851 (2021) Kat:3, Licht: 0","212851","3","6","2","05","16","5","","0","0","1","0","0"
"POINT (13.424537386000054 52.513373267000077)","Unfall 212852 (2021) Kat:3, Licht: 2","212852","3","6","2","06","22","1","","2","0","1","0","0"
"POINT (13.466983603000074 52.548577050000063)","Unfall 212853 (2021) Kat:3, Licht: 0","212853","3","6","3","06","10","3","","0","0","1","0","0"
"POINT (13.152762654000071 52.549897180000073)","Unfall 212854 (2021) Kat:3, Licht: 0","212854","3","4","6","06","12","5","","0","1","0","1","0"
"POINT (13.304634820000047 52.517346324000073)","Unfall 212855 (2021) Kat:3, Licht: 0","212855","3","7","5","06","17","5","","0","1","1","0","0"
"POINT (13.403639056000031 52.551633620000075)","Unfall 212856 (2021) Kat:3, Licht: 0","212856","3","7","0","05","20","1","","0","1","1","0","0"
"POINT (13.583559408000042 52.451604113000030)","Unfall 212857 (2021) Kat:3, Licht: 0","212857","3","3","5","06","15","5","","0","0","1","0","0"
"POINT (13.418023696000034 52.498822610000047)","Unfall 212858 (2021) Kat:3, Licht: 2","212858","3","3","5","07","02","5","","2","1","1","0","0"
"POINT (13.386337313000070 52.549338853000052)","Unfall 212859 (2021) Kat:3, Licht: 0","212859","3","6","3","07","15","3","","0","0","1","0","0"
"POINT (13.503342709000037 52.411726778000059)","Unfall 212860 (2021) Kat:3, Licht: 0","212860","3","6","2","06","12","4","","0","0","1","0","0"
"POINT (13.416992422000021 52.501922736000040)","Unfall 212861 (2021) Kat:3, Licht: 0","212861","3","5","1","05","12","3","","0","1","1","0","0"
"POINT (13.401366495000048 52.529586513000027)","Unfall 212862 (2021) Kat:3, Licht: 2","212862","3","3","5","06","23","7","","2","0","0","0","0"
"POINT (13.435326925000027 52.562834320000036)","Unfall 212863 (2021) Kat:2, Licht: 0","212863","2","3","5","07","20","1","","0","1","1","0","0"
"POINT (13.457377614000052 52.558291986000029)","Unfall 212864 (2021) Kat:3, Licht: 0","212864","3","3","5","06","13","1","","0","1","1","0","0"
"POINT (13.587393312000074 52.539310072000035)","Unfall 212865 (2021) Kat:3, Licht: 0","212865","3","4","6","06","07","2","","0","0","1","1","0"
"POINT (13.274057862000063 52.418559995000066)","Unfall 212866 (2021) Kat:3, Licht: 0","212866","3","3","5","06","07","4","","0","1","0","0","1"
"POINT (13.545055616000070 52.553531569000029)","Unfall 212867 (2021) Kat:3, Licht: 0","212867","3","2","5","06","08","4","","0","0","1","0","0"