WKT,Name,OBJECTID,UKATEGORIE,UTYP1,UART,UMONAT,USTUNDE,UWOCHENTAG,STRZUSTAND,ULICHTVERH,ISTRAD,ISTPKW,ISTFUSS,ISTKRAD
"POINT (13.380434811000043 52.518109607000042)","Unfall 212868 (2021) Kat:3, Licht: 2","212868","3","2","5","06","23","7","","2","1","1","0","0"
"POINT (13.384513635000076 52.471571276000077)","Unfall 212869 (2021) Kat:3, Licht: 2","212869","3","4","6","06","00","4","","2","0","0","1","1"
"POINT (13.399531670000044 52.531799648000060)","Unfall 212870 (2021) Kat:3, Licht: 0","212870","3","5","1","07","10","7","","0","1","1","0","0"
"POINT (13.379314671000031 52.540531727000030)","Unfall 212871 (2021) Kat:3, Licht: 0","212871","3","3","5","06","21","4","","0","1","1","0","0"
"POINT (13.345310204000043 52.436701459000062)","Unfall 212872 (2021) Kat:3, Licht: 0","212872","3","6","0","06","15","5","","0","0","0","0","0"
"POINT (13.373070919000043 52.452099235000048)","Unfall 212873 (2021) Kat:3, Licht: 0","212873","3","3","5","05","17","7","","0","0","1","0","0"
"POINT (13.356206558000054 52.542039692000060)","Unfall 212874 (2021) Kat:3, Licht: 0","212874","3","5","1","06","18","4","","0","1","1","0","0"
"POINT (13.433160887000042 52.444021669000051)","Unfall 212875 (2021) Kat:3, Licht: 0","212875","3","6","2","07","10","4","","0","0","1","0","0"
"POINT (13.246374710000055 52.537448800000050)","Unfall 212876 (2021) Kat:3, Licht: 0","212876","3","7","5","07","14","2","","0","0","1","0","0"
"POINT (13.440386668000031 52.516320813000050)","Unfall 212877 (2021) Kat:3, Licht: 0","212877","3","7","6","06","14","4","","0","0","0","1","0"
"POINT (13.306603754000037 52.518121603000054)","Unfall 212878 (2021) Kat:3, Licht: 2","212878","3","3","5","05","23","3","","2","0","1","0","0"
"POINT (13.401205767000022 52.414609893000033)","Unfall 212879 (2021) Kat:2, Licht: 0","212879","2","2","5","06","12","4","","0","0","1","0","0"
"POINT (13.272129267000025 52.576711141000033)","Unfall 212880 (2021) Kat:2, Licht: 0","212880","2","7","3","06","14","6","","0","1","0","0","0"
"POINT (13.437976043000049 52.487999668000043)","Unfall 212881 (2021) Kat:3, Licht: 0","212881","3","3","5","06","09","4","","0","1","1","0","0"
"POINT (13.388330315000076 52.550071729000081)","Unfall 212882 (2021) Kat:3, Licht: 2","212882","3","7","5","07","22","6","","2","1","1","0","0"
"POINT (13.356331498000031 52.544814887000030)","Unfall 212883 (2021) Kat:3, Licht: 2","212883","3","6","2","06","22","7","","2","0","0","0","0"
"POINT (13.407108523000034 52.511469434000048)","Unfall 212884 (2021) Kat:3, Licht: 0","212884","3","5","1","06","13","6","","0","1","1","0","0"
"POINT (13.563681810000048 52.529258687000038)","Unfall 212885 (2021) Kat:2, Licht: 0","212885","2","5","1","06","18","3","","0","0","1","0","0"
"POINT (13.159962574000076 52.516049092000060)","Unfall 212886 (2021) Kat:3, Licht: 0","212886","3","7","6","06","17","2","","0","0","0","1","0"
"POINT (13.345534107000049 52.436445163000030)","Unfall 212887 (2021) Kat:2, Licht: 2","212887","2","6","0","06","21","5","","2","0","0","0","0"
"POINT (13.496247829000026 52.415610557000036)","Unfall 212888 (2021) Kat:3, Licht: 0","212888","3","4","6","06","07","6","","0","0","1","1","0"
"POINT (13.532854449000070 52.555551868000066)","Unfall 212889 (2021) Kat:3, Licht: 0","212889","3","2","5","06","14","2","","0","1","0","0","0"
"POINT (13.410264134000045 52.503029749000063)","Unfall 212890 (2021) Kat:3, Licht: 0","212890","3","7","5","07","15","5","","0","1","0","0","0"
"POINT (13.162887482000031 52.465212602000065)","Unfall 212891 (2021) Kat:3, Licht: 0","212891","3","6","3","07","07","3","","0","1","1","0","0"
"POINT (13.529740547000074 52.422492720000037)","Unfall 212892 (2021) Kat:3, Licht: 0","212892","3","3","5","06","14","3","","0","0","1","0","0"
"POINT (13.345433918000026 52.529905508000070)","Unfall 212893 (2021) Kat:3, Licht: 0","212893","3","4","6","05","18","1","","0","0","1","1","0"
"POINT (13.409634518000075 52.524000790000059)","Unfall 212894 (2021) Kat:3, Licht: 0","212894","3","2","5","07","19","7","","0","0","1","0","1"
"POINT (13.381029756000032 52.574309153000058)","Unfall 212895 (2021) Kat:3, Licht: 0","212895","3","6","2","06","09","4","","0","0","1","0","1"
"POINT (13.428874973000063 52.551403664000077)","Unfall 212896 (2021) Kat:3, Licht: 0","212896","3","3","5","05","10","5","","0","1","1","0","0"
"POINT (13.323956628000076 52.471571300000051)","Unfall 212897 (2021) Kat:3, Licht: 0","212897","3","2","5","06","18","2","","0","1","1","0","0"
"POINT (13.348999889000027 52.514769693000062)","Unfall 212898 (2021) Kat:3, Licht: 0","212898","3","3","5","06","10","3","","0","0","1","0","0"
"POINT (13.413817438000024 52.582935810000038)","Unfall 212899 (2021) Kat:3, Licht: 0","212899","3","3","5","06","15","6","","0","1","1","0","0"
"POINT (13.586275110000031 52.393939886000055)","Unfall 212900 (2021) Kat:3, Licht: 0","212900","3","6","4","06","18","5","","0","0","1","0","0"
"POINT (13.450163617000044 52.476731827000037)","Unfall 212901 (2021) Kat:3, Licht: 0","212901","3","7","0","05","19","2","","0","0","1","0","1"
"POINT (13.183507901000041 52.511989331000052)","Unfall 212902 (2021) Kat:2, Licht: 0","212902","2","6","2","06","18","5","","0","1","1","0","0"
"POINT (13.466618247000042 52.426883147000069)","Unfall 212903 (2021) Kat:3, Licht: 0","212903","3","6","2","07","14","5","","0","0","1","0","1"
"POINT (13.331088407000038 52.495399066000061)","Unfall 212904 (2021) Kat:3, Licht: 0","212904","3","3","5","07","10","5","","0","0","1","0","0"
"POINT (13.415928204000068 52.527044826000065)","Unfall 212905 (2021) Kat:3, Licht: 0","212905","3","3","5","06","07","7","","0","0","1","0","0"
"POINT (13.217639944000041 52.537706370000080)","Unfall 212906 (2021) Kat:3, Licht: 0","212906","3","6","2","07","12","7","","0","0","1","0","0"
"POINT (13.420933707000074 52.533403708000037)","Unfall 212907 (2021) Kat:3, Licht: 0","212907","3","1","0","06","20","2","","0","1","0","0","0"
"POINT (13.448101566000048 52.436963820000074)","Unfall 212908 (2021) Kat:2, Licht: 0","212908","2","5","5","06","17","4","","0","0","0","0","1"
"POINT (13.340871419000052 52.519804934000035)","Unfall 212909 (2021) Kat:3, Licht: 2","212909","3","5","3","06","03","4","","2","0","1","0","0"
"POINT (13.409640647000060 52.533595667000043)","Unfall 212910 (2021) Kat:3, Licht: 0","212910","3","3","5","06","13","1","","0","0","1","0","0"
"POINT (13.376739869000062 52.491469277000078)","Unfall 212911 (2021) Kat:2, Licht: 0","212911","2","1","8","06","18","7","","0","0","1","0","0"
"POINT (13.400446831000068 52.522151554000061)","Unfall 212912 (2021) Kat:3, Licht: 0","212912","3","2","6","06","11","6","","0","0","0","1","0"
"POINT (13.300861376000057 52.473899425000070)","Unfall 212913 (2021) Kat:3, Licht: 0","212913","3","3","5","06","19","3","","0","0","0","0","1"
"POINT (13.396086668000066 52.498379711000041)","Unfall 212914 (2021) Kat:3, Licht: 0","212914","3","2","0","06","10","5","","0","1","0","0","0"
"POINT (13.324908036000068 52.602286902000060)","Unfall 212915 (2021) Kat:3, Licht: 0","212915","3","6","2","06","16","5","","0","0","1","0","0"
"POINT (13.436978348000025 52.485319219000075)","Unfall 212916 (2021) Kat:3, Licht: 0","212916","3","5","1","05","11","6","","0","1","1","0","0"
"POINT (13.313939620000042 52.500830130000054)","Unfall 212917 (2021) Kat:3, Licht: 0","212917","3","7","2","06","11","4","","0","1","0","0","0"
"POINT (13.476824887000078 52.522982759000058)","Unfall 212918 (2021) Kat:3, Licht: 0","212918","3","1","0","07","13","4","","0","0","0","0","1"
"POINT (13.458294489000025 52.509387420000053)","Unfall 212919 (2021) Kat:3, Licht: 2","212919","3","1","0","07","23","3","","2","1","0","0","0"
"POINT (13.209237369000050 52.552187396000079)","Unfall 212920 (2021) Kat:3, Licht: 0","212920","3","6","2","06","15","4","","0","0","1","0","0"
"POINT (13.482405961000040 52.518958710000049)","Unfall 212921 (2021) Kat:3, Licht: 0","212921","3","1","0","05","20","4","","0","0","0","0","0"
"POINT (13.414890335000052 52.553551943000059)","Unfall 212922 (2021) Kat:3, Licht: 0","212922","3","6","2","06","17","7","","0","0","1","0","0"
"POINT (13.360608276000050 52.446696952000082)","Unfall 212923 (2021) Kat:2, Licht: 0","212923","2","3","5","07","14","6","","0","1","0","0","0"
"POINT (13.430439242000034 52.551242670000079)","Unfall 212924 (2021) Kat:2, Licht: 0","212924","2","3","5","06","05","7","","0","0","1","0","0"
"POINT (13.496578481000029 52.415759348000051)","Unfall 212925 (2021) Kat:3, Licht: 0","212925","3","6","0","06","10","7","","0","0","1","0","0"
"POINT (13.386429405000058 52.493026310000062)","Unfall 212926 (2021) Kat:2, Licht: 0","212926","2","7","0","06","12","3","","0","1","0","0","0"
"POINT (13.391076316000067 52.536246226000060)","Unfall 212927 (2021) Kat:3, Licht: 0","212927","3","3","5","06","15","2","","0","1","1","0","0"
"POINT (13.433388979000028 52.464041893000058)","Unfall 212928 (2021) Kat:3, Licht: 0","212928","3","2","5","06","11","6","","0","1","1","0","0"
"POINT (13.493695020000075 52.632732433000058)","Unfall 212929 (2021) Kat:2, Licht: 0","212929","2","5","1","06","10","2","","0","1","1","0","0"
"POINT (13.281102946000033 52.535264338000047)","Unfall 212930 (2021) Kat:2, Licht: 2","212930","2","2","5","07","21","7","","2","0","1","1","0"
"POINT (13.569651700000065 52.540797673000043)","Unfall 212931 (2021) Kat:3, Licht: 0","212931","3","6","0","06","12","5","","0","0","1","0","0"
"POINT (13.393679304000045 52.541131821000079)","Unfall 212932 (2021) Kat:3, Licht: 0","212932","3","2","5","05","12","6","","0","0","1","0","0"
"POINT (13.351416218000054 52.515394607000076)","Unfall 212933 (2021) Kat:2, Licht: 0","212933","2","7","0","07","18","3","","0","1","0","0","0"
"POINT (13.314748429000076 52.574627772000042)","Unfall 212934 (2021) Kat:3, Licht: 0","212934","3","5","1","07","12","2","","0","1","1","0","0"
"POINT (13.256179897000038 52.537563262000049)","Unfall 212935 (2021) Kat:3, Licht: 0","212935","3","4","6","06","16","3","","0","0","1","1","0"
"POINT (13.514253719000067 52.446465386000057)","Unfall 212936 (2021) Kat:3, Licht: 0","212936","3","2","5","05","08","3","","0","0","1","0","0"
"POINT (13.435025794000069 52.427256840000041)","Unfall 212937 (2021) Kat:3, Licht: 0","212937","3","6","3","07","15","2","","0","0","0","0","0"
"POINT (13.387644150000028 52.560405895000031)","Unfall 212938 (2021) Kat:2, Licht: 0","212938","2","3","0","06","13","5","","0","0","1","0","1"
"POINT (13.352241455000069 52.617129871000031)","Unfall 212939 (2021) Kat:3, Licht: 0","212939","3","3","5","05","18","6","","0","0","1","0","0"
"POINT (13.413818843000058 52.566698921000068)","Unfall 212940 (2021) Kat:3, Licht: 0","212940","3","6","3","06","17","5","","0","0","1","0","0"
"POINT (13.183566376000044 52.513872206000030)","Unfall 212941 (2021) Kat:3, Licht: 0","212941","3","6","3","06","17","5","","0","0","1","0","0"
"POINT (13.379377254000076 52.540204043000074)","Unfall 212942 (2021) Kat:3, Licht: 0","212942","3","1","0","05","12","1","","0","1","0","0","0"
"POINT (13.332193572000051 52.540290189000075)","Unfall 212943 (2021) Kat:3, Licht: 0","212943","3","2","2","06","12","5","","0","0","1","0","0"
"POINT (13.454626091000023 52.550560521000079)","Unfall 212944 (2021) Kat:3, Licht: 0","212944","3","7","7","07","20","4","","0","0","0","0","1"
"POINT (13.424162817000024 52.485748162000050)","Unfall 212945 (2021) Kat:3, Licht: 2","212945","3","7","2","07","22","3","","2","0","1","0","1"
"POINT (13.363737280000066 52.597079418000078)","Unfall 212946 (2021) Kat:3, Licht: 1","212946","3","5","1","06","17","4","","1","0","1","1","0"
"POINT (13.377787026000021 52.465441549000047)","Unfall 212947 (2021) Kat:2, Licht: 0","212947","2","6","0","05","19","4","","0","0","1","0","1"
"POINT (13.391570767000076 52.398700289000033)","Unfall 212948 (2021) Kat:3, Licht: 0","212948","3","6","3","06","14","7","","0","0","1","0","1"
"POINT (13.538107330000059 52.534481443000061)","Unfall 212949 (2021) Kat:2, Licht: 0","212949","2","7","5","07","12","7","","0","0","1","0","1"
"POINT (13.424229083000057 52.452354210000067)","Unfall 212950 (2021) Kat:3, Licht: 0","212950","3","6","2","06","17","2","","0","0","1","0","0"
"POINT (13.346684727000024 52.540224267000042)","Unfall 212951 (2021) Kat:3, Licht: 0","212951","3","7","0","06","17","7","","0","1","0","0","0"
"POINT (13.297515069000042 52.539449398000045)","Unfall 212952 (2021) Kat:3, Licht: 0","212952","3","3","5","06","18","3","","0","1","1","0","0"
"POINT (13.151327089000063 52.553786128000070)","Unfall 212953 (2021) Kat:3, Licht: 0","212953","3","6","2","06","19","3","","0","0","1","0","0"
"POINT (13.370925132000025 52.590690294000069)","Unfall 212954 (2021) Kat:3, Licht: 0","212954","3","2","5","06","14","6","","0","1","1","0","0"
"POINT (13.483511488000033 52.431222754000032)","Unfall 212955 (2021) Kat:3, Licht: 0","212955","3","3","5","06","16","2","","0","0","1","0","1"
"POINT (13.302056794000066 52.507784897000079)","Unfall 212956 (2021) Kat:3, Licht: 0","212956","3","3","0","07","09","7","","0","0","1","0","1"
"POINT (13.392902111000069 52.466861155000061)","Unfall 212957 (2021) Kat:3, Licht: 0","212957","3","2","5","06","14","4","","0","0","1","0","1"
"POINT (13.496292371000038 52.500169322000033)","Unfall 212958 (2021) Kat:2, Licht: 0","212958","2","2","5","06","09","5","","0","0","1","0","0"
"POINT (13.494415475000039 52.421169366000072)","Unfall 212959 (2021) Kat:3, Licht: 0","212959","3","7","6","05","10","7","","0","0","0","1","0"
"POINT (13.440535357000044 52.553769664000072)","Unfall 212960 (2021) Kat:3, Licht: 0","212960","3","6","0","07","12","3","","0","1","0","0","0"
"POINT (13.539378732000046 52.450851824000040)","Unfall 212961 (2021) Kat:3, Licht: 0","212961","3","1","0","07","08","2","","0","1","0","0","0"
"POINT (13.202716075000069 52.555456388000039)","Unfall 212962 (2021) Kat:3, Licht: 0","212962","3","6","2","06","14","3","","0","0","1","0","0"
"POINT (13.377952282000024 52.556537819000027)","Unfall 212963 (2021) Kat:3, Licht: 0","212963","3","6","2","05","17","3","","0","0","1","0","0"
"POINT (13.162034202000029 52.520210958000064)","Unfall 212964 (2021) Kat:3, Licht: 0","212964","3","6","2","07","20","7","","0","0","1","0","0"
"POINT (13.283904532000065 52.578715431000035)","Unfall 212965 (2021) Kat:3, Licht: 0","212965","3","3","5","06","16","4","","0","0","1","0","0"
"POINT (13.388958450000075 52.515622820000033)","Unfall 212966 (2021) Kat:3, Licht: 0","212966","3","3","5","05","08","6","","0","1","1","0","0"
"POINT (13.437114196000039 52.493161152000027)","Unfall 212967 (2021) Kat:3, Licht: 0","212967","3","5","1","06","19","6","","0","1","1","0","0"
"POINT (13.454069502000038 52.482497559000080)","Unfall 212968 (2021) Kat:3, Licht: 0","212968","3","3","5","06","14","3","","0","1","1","0","0"
"POINT (13.387860358000069 52.499914894000028)","Unfall 212969 (2021) Kat:3, Licht: 0","212969","3","6","2","07","15","6","","0","0","1","0","0"
"POINT (13.433463824000057 52.482219396000062)","Unfall 212970 (2021) Kat:3, Licht: 0","212970","3","4","6","06","15","7","","0","0","1","1","0"
"POINT (13.279823761000046 52.521152893000078)","Unfall 212971 (2021) Kat:3, Licht: 0","212971","3","2","5","06","13","6","","0","0","1","0","0"
"POINT (13.425416649000056 52.479688869000029)","Unfall 212972 (2021) Kat:3, Licht: 0","212972","3","6","2","05","09","2","","0","1","1","0","0"
"POINT (13.303163572000074 52.429123411000035)","Unfall 212973 (2021) Kat:2, Licht: 0","212973","2","3","5","06","17","2","","0","0","1","0","0"
"POINT (13.349868296000068 52.503037725000070)","Unfall 212974 (2021) Kat:3, Licht: 0","212974","3","2","5","06","15","5","","0","0","1","0","0"
"POINT (13.377442146000021 52.522152235000078)","Unfall 212975 (2021) Kat:3, Licht: 0","212975","3","3","5","06","09","6","","0","0","1","0","0"
"POINT (13.405809446000035 52.529539359000069)","Unfall 212976 (2021) Kat:3, Licht: 1","212976","3","6","2","07","21","5","","1","0","1","0","0"
"POINT (13.244605768000042 52.524140723000073)","Unfall 212977 (2021) Kat:3, Licht: 0","212977","3","1","9","07","11","2","","0","0","0","0","0"
"POINT (13.378108290000057 52.466357980000055)","Unfall 212978 (2021) Kat:3, Licht: 0","212978","3","2","5","06","07","2","","0","0","1","0","0"
"POINT (13.350811224000040 52.504406485000061)","Unfall 212979 (2021) Kat:3, Licht: 0","212979","3","5","1","05","18","2","","0","0","0","0","1"
"POINT (13.481145807000075 52.460800392000067)","Unfall 212980 (2021) Kat:3, Licht: 0","212980","3","2","5","06","17","4","","0","0","1","0","0"
"POINT (13.552710561000026 52.507465822000029)","Unfall 212981 (2021) Kat:3, Licht: 0","212981","3","2","5","05","14","5","","0","0","1","0","0"
"POINT (13.458473277000053 52.472678014000053)","Unfall 212982 (2021) Kat:3, Licht: 0","212982","3","3","5","06","08","2","","0","1","0","0","0"
"POINT (13.457671561000041 52.528906543000062)","Unfall 212983 (2021) Kat:3, Licht: 0","212983","3","3","0","06","11","2","","0","0","1","0","0"
"POINT (13.381162456000027 52.511063138000054)","Unfall 212984 (2021) Kat:3, Licht: 0","212984","3","6","3","06","18","6","","0","1","1","0","1"
"POINT (13.352052368000045 52.567635352000082)","Unfall 212985 (2021) Kat:3, Licht: 0","212985","3","7","0","06","20","5","","0","0","1","0","0"
"POINT (13.335450342000058 52.547947044000068)","Unfall 212986 (2021) Kat:3, Licht: 0","212986","3","5","1","05","06","2","","0","0","0","0","0"
"POINT (13.376807005000046 52.553634661000046)","Unfall 212987 (2021) Kat:3, Licht: 0","212987","3","6","2","06","07","5","","0","0","1","0","1"
"POINT (13.391144688000054 52.536210857000071)","Unfall 212988 (2021) Kat:3, Licht: 0","212988","3","2","5","07","13","5","","0","1","1","0","0"
"POINT (13.445803650000073 52.501874623000049)","Unfall 212989 (2021) Kat:2, Licht: 1","212989","2","6","3","07","19","5","","1","1","0","0","0"
"POINT (13.190957385000047 52.433575138000037)","Unfall 212990 (2021) Kat:3, Licht: 0","212990","3","2","5","06","10","1","","0","0","0","0","1"
"POINT (13.506238470000028 52.637561905000041)","Unfall 212991 (2021) Kat:3, Licht: 2","212991","3","2","5","07","01","1","","2","0","1","0","1"
"POINT (13.290201481000054 52.655836234000049)","Unfall 212992 (2021) Kat:3, Licht: 0","212992","3","3","5","06","09","2","","0","0","1","0","0"
"POINT (13.359474421000073 52.447769173000040)","Unfall 212993 (2021) Kat:3, Licht: 0","212993","3","6","2","06","15","4","","0","0","1","0","0"
"POINT (13.316510761000075 52.499466022000036)","Unfall 212994 (2021) Kat:3, Licht: 0","212994","3","2","5","06","18","3","","0","1","1","0","0"
"POINT (13.435593453000024 52.466866138000057)","Unfall 212995 (2021) Kat:3, Licht: 0","212995","3","2","5","06","14","1","","0","1","1","0","0"
"POINT (13.377878803000044 52.564054335000037)","Unfall 212996 (2021) Kat:3, Licht: 0","212996","3","2","0","06","08","3","","0","1","1","0","0"
"POINT (13.551460339000073 52.428665935000026)","Unfall 212997 (2021) Kat:3, Licht: 0","212997","3","3","5","06","17","5","","0","1","1","0","0"
"POINT (13.337357882000049 52.473380024000051)","Unfall 212998 (2021) Kat:3, Licht: 0","212998","3","6","2","06","13","5","","0","1","1","0","0"
"POINT (13.491743494000048 52.534103084000037)","Unfall 212999 (2021) Kat:3, Licht: 0","212999","3","3","5","05","17","6","","0","0","1","0","0"
"POINT (13.150433076000070 52.553955476000056)","Unfall 213000 (2021) Kat:3, Licht: 0","213000","3","3","5","06","17","2","","0","0","1","0","1"
"POINT (13.428090061000034 52.481179566000037)","Unfall 213001 (2021) Kat:3, Licht: 2","213001","3","5","1","06","23","4","","2","1","1","0","0"
"POINT (13.497744342000033 52.536026551000077)","Unfall 213002 (2021) Kat:3, Licht: 1","213002","3","3","5","07","04","4","","1","0","1","0","1"
"POINT (13.274423758000069 52.598816266000028)","Unfall 213003 (2021) Kat:3, Licht: 0","213003","3","6","2","07","08","3","","0","1","1","0","0"
"POINT (13.304280948000041 52.601056638000045)","Unfall 213004 (2021) Kat:3, Licht: 0","213004","3","6","2","06","13","4","","0","0","1","0","0"
"POINT (13.490952054000047 52.501384742000027)","Unfall 213005 (2021) Kat:3, Licht: 0","213005","3","1","9","05","08","3","","0","0","0","0","1"
"POINT (13.318428765000021 52.471722125000042)","Unfall 213006 (2021) Kat:3, Licht: 0","213006","3","5","1","06","17","7","","0","1","1","0","0"
"POINT (13.470338891000040 52.435144260000072)","Unfall 213007 (2021) Kat:3, Licht: 0","213007","3","6","4","07","06","7","","0","0","1","0","0"
"POINT (13.474725112000044 52.604332608000050)","Unfall 213008 (2021) Kat:3, Licht: 0","213008","3","3","5","06","09","6","","0","0","1","0","1"
"POINT (13.374985158000072 52.437103430000036)","Unfall 213009 (2021) Kat:3, Licht: 0","213009","3","2","5","06","16","2","","0","1","1","0","0"
"POINT (13.434927759000061 52.481211479000081)","Unfall 213010 (2021) Kat:3, Licht: 0","213010","3","4","6","06","14","3","","0","0","0","1","1"
"POINT (13.559534889000076 52.477765542000043)","Unfall 213011 (2021) Kat:2, Licht: 0","213011","2","3","5","06","11","3","","0","1","1","0","0"
"POINT (13.375321725000049 52.455511744000034)","Unfall 213012 (2021) Kat:2, Licht: 0","213012","2","2","5","06","16","6","","0","1","1","0","0"
"POINT (13.416151299000035 52.572307194000075)","Unfall 213013 (2021) Kat:3, Licht: 0","213013","3","2","2","06","15","2","","0","0","0","0","1"
"POINT (13.406783685000050 52.393768426000065)","Unfall 213014 (2021) Kat:3, Licht: 0","213014","3","2","5","07","19","7","","0","0","1","0","1"
"POINT (13.423879335000038 52.488314523000042)","Unfall 213015 (2021) Kat:3, Licht: 0","213015","3","7","6","06","08","5","","0","0","0","1","0"
"POINT (13.436937320000027 52.481693361000055)","Unfall 213016 (2021) Kat:3, Licht: 0","213016","3","5","1","05","11","6","","0","0","1","0","0"
"POINT (13.315031462000036 52.514649678000069)","Unfall 213017 (2021) Kat:3, Licht: 0","213017","3","2","5","07","15","3","","0","1","1","0","0"
"POINT (13.563443783000025 52.498079439000037)","Unfall 213018 (2021) Kat:3, Licht: 0","213018","3","4","6","07","16","2","","0","0","1","1","0"
"POINT (13.395164581000074 52.517245763000062)","Unfall 213019 (2021) Kat:3, Licht: 0","213019","3","3","5","06","13","3","","0","0","1","0","0"
"POINT (13.440419374000044 52.417609725000034)","Unfall 213020 (2021) Kat:3, Licht: 0","213020","3","3","5","05","06","3","","0","0","1","0","0"
"POINT (13.483124686000053 52.425668866000080)","Unfall 213021 (2021) Kat:3, Licht: 0","213021","3","1","0","07","10","1","","0","0","0","0","1"
"POINT (13.313644562000036 52.504725160000078)","Unfall 213022 (2021) Kat:3, Licht: 0","213022","3","6","2","06","12","4","","0","0","1","0","0"
"POINT (13.327447578000033 52.527516903000048)","Unfall 213023 (2021) Kat:3, Licht: 0","213023","3","5","0","05","13","6","","0","1","1","0","0"
"POINT (13.273247949000051 52.409776891000035)","Unfall 213024 (2021) Kat:3, Licht: 0","213024","3","6","2","06","07","6","","0","0","1","0","0"
"POINT (13.208837363000043 52.435818639000047)","Unfall 213025 (2021) Kat:3, Licht: 0","213025","3","6","1","06","18","3","","0","1","1","0","0"
"POINT (13.493783222000047 52.460862463000069)","Unfall 213026 (2021) Kat:3, Licht: 0","213026","3","7","2","07","19","6","","0","0","1","0","0"
"POINT (13.291535729000032 52.607170417000077)","Unfall 213027 (2021) Kat:3, Licht: 0","213027","3","7","5","06","13","6","","0","0","1","0","1"
"POINT (13.606650382000055 52.534484878000058)","Unfall 213028 (2021) Kat:3, Licht: 0","213028","3","1","0","06","19","6","","0","0","0","0","0"
"POINT (13.201672098000074 52.548512337000034)","Unfall 213029 (2021) Kat:3, Licht: 0","213029","3","3","5","05","14","2","","0","1","0","0","1"
"POINT (13.329617092000035 52.601988779000067)","Unfall 213030 (2021) Kat:3, Licht: 0","213030","3","6","2","06","10","2","","0","0","1","0","0"
"POINT (13.326522951000072 52.542215616000078)","Unfall 213031 (2021) Kat:3, Licht: 0","213031","3","1","0","06","18","5","","0","1","0","0","0"
"POINT (13.387209656000039 52.559864082000047)","Unfall 213032 (2021) Kat:3, Licht: 0","213032","3","2","5","07","08","6","","0","1","1","0","0"
"POINT (13.596245638000028 52.519253319000029)","Unfall 213033 (2021) Kat:3, Licht: 0","213033","3","3","5","07","08","6","","0","0","1","0","0"
"POINT (13.390022032000047 52.434349855000050)","Unfall 213034 (2021) Kat:2, Licht: 0","213034","2","3","5","07","11","2","","0","0","1","0","0"
"POINT (13.474762592000047 52.522972280000033)","Unfall 213035 (2021) Kat:3, Licht: 0","213035","3","6","2","06","16","2","","0","0","1","0","0"
"POINT (13.503876628000057 52.574182100000030)","Unfall 213036 (2021) Kat:2, Licht: 0","213036","2","6","2","05","18","1","","0","0","1","1","1"
"POINT (13.220023763000029 52.537027448000060)","Unfall 213037 (2021) Kat:3, Licht: 0","213037","3","2","5","06","15","4","","0","1","1","0","0"
"POINT (13.363842347000059 52.524750209000047)","Unfall 213038 (2021) Kat:3, Licht: 0","213038","3","1","0","05","18","5","","0","0","0","0","1"
"POINT (13.344588814000076 52.432725149000078)","Unfall 213039 (2021) Kat:3, Licht: 0","213039","3","5","1","06","19","2","","0","1","1","0","0"
"POINT (13.434892930000046 52.450603983000065)","Unfall 213040 (2021) Kat:3, Licht: 0","213040","3","1","0","06","17","2","","0","1","0","0","0"
"POINT (13.377130299000044 52.538802874000055)","Unfall 213041 (2021) Kat:3, Licht: 0","213041","3","2","5","06","09","3","","0","0","1","0","0"
"POINT (13.281048589000022 52.575683354000034)","Unfall 213042 (2021) Kat:3, Licht: 0","213042","3","4","6","06","18","5","","0","0","1","1","0"
"POINT (13.391700727000057 52.445511734000036)","Unfall 213043 (2021) Kat:3, Licht: 0","213043","3","4","6","06","08","6","","0","0","1","1","0"
"POINT (13.293892296000024 52.445530597000072)","Unfall 213044 (2021) Kat:2, Licht: 0","213044","2","3","5","05","14","1","","0","1","1","0","0"
"POINT (13.363106621000043 52.548739637000040)","Unfall 213045 (2021) Kat:3, Licht: 0","213045","3","3","5","06","14","6","","0","0","1","0","1"
"POINT (13.406780352000055 52.393768357000056)","Unfall 213046 (2021) Kat:3, Licht: 0","213046","3","2","5","06","08","4","","0","0","1","0","0"
"POINT (13.427553505000049 52.553024899000036)","Unfall 213047 (2021) Kat:3, Licht: 0","213047","3","3","5","07","19","6","","0","1","1","0","0"
"POINT (13.453291327000045 52.515809207000075)","Unfall 213048 (2021) Kat:3, Licht: 0","213048","3","6","2","06","15","6","","0","0","1","0","0"
"POINT (13.330123989000072 52.455308072000037)","Unfall 213049 (2021) Kat:3, Licht: 0","213049","3","5","1","06","12","6","","0","0","1","0","0"
"POINT (13.200407775000031 52.536588820000077)","Unfall 213050 (2021) Kat:3, Licht: 0","213050","3","2","0","05","18","2","","0","0","1","0","0"
"POINT (13.458342529000049 52.549992473000032)","Unfall 213051 (2021) Kat:3, Licht: 0","213051","3","4","6","06","14","2","","0","1","0","1","0"
"POINT (13.323122745000035 52.511271875000034)","Unfall 213052 (2021) Kat:3, Licht: 0","213052","3","4","6","06","17","5","","0","0","1","1","0"
"POINT (13.612425897000037 52.538412150000056)","Unfall 213053 (2021) Kat:2, Licht: 0","213053","2","7","0","06","09","6","","0","0","1","0","0"
"POINT (13.537194054000054 52.534484972000030)","Unfall 213054 (2021) Kat:3, Licht: 2","213054","3","2","5","07","22","6","","2","0","1","0","0"