WKT,Name,OBJECTID,UKATEGORIE,UTYP1,UART,UMONAT,USTUNDE,UWOCHENTAG,STRZUSTAND,ULICHTVERH,ISTRAD,ISTPKW,ISTFUSS,ISTKRAD
"POINT (13.575456981000059 52.444457521000061)","Unfall 213055 (2021) Kat:3, Licht: 0","213055","3","4","6","07","06","6","","0","0","0","1","0"
"POINT (13.450713562000033 52.501679426000067)","Unfall 213056 (2021) Kat:2, Licht: 0","213056","2","4","6","07","20","2","","0","0","1","1","0"
"POINT (13.346173244000056 52.498061831000030)","Unfall 213057 (2021) Kat:3, Licht: 2","213057","3","7","1","06","22","2","","2","0","1","0","0"
"POINT (13.347080463000054 52.520224262000056)","Unfall 213058 (2021) Kat:3, Licht: 0","213058","3","3","5","05","16","2","","0","1","0","0","1"
"POINT (13.217758495000055 52.547853065000027)","Unfall 213059 (2021) Kat:3, Licht: 0","213059","3","1","1","06","18","4","","0","0","1","0","1"
"POINT (13.403213331000075 52.463430166000080)","Unfall 213060 (2021) Kat:3, Licht: 0","213060","3","3","5","05","15","5","","0","0","1","0","0"
"POINT (13.431135316000052 52.544301236000081)","Unfall 213061 (2021) Kat:3, Licht: 0","213061","3","5","1","06","08","2","","0","1","1","0","0"
"POINT (13.229034865000074 52.625553332000038)","Unfall 213062 (2021) Kat:3, Licht: 0","213062","3","6","2","06","10","3","","0","0","1","0","1"
"POINT (13.577632627000071 52.444058080000048)","Unfall 213063 (2021) Kat:3, Licht: 0","213063","3","3","5","06","12","5","","0","1","0","0","0"
"POINT (13.299879354000041 52.509759301000031)","Unfall 213064 (2021) Kat:3, Licht: 0","213064","3","3","5","06","13","6","","0","0","1","0","0"
"POINT (13.490401223000049 52.498552789000030)","Unfall 213065 (2021) Kat:3, Licht: 0","213065","3","5","1","05","19","1","","0","1","1","0","0"
"POINT (13.342475767000053 52.446993029000055)","Unfall 213066 (2021) Kat:3, Licht: 0","213066","3","2","6","06","07","5","","0","0","1","1","0"
"POINT (13.478704470000025 52.607355444000063)","Unfall 213067 (2021) Kat:3, Licht: 0","213067","3","3","5","06","13","5","","0","1","0","0","0"
"POINT (13.318511489000059 52.497452368000040)","Unfall 213068 (2021) Kat:3, Licht: 0","213068","3","3","5","07","17","5","","0","0","1","0","1"
"POINT (13.376977031000024 52.510774993000041)","Unfall 213069 (2021) Kat:3, Licht: 0","213069","3","3","5","07","09","5","","0","1","1","0","0"
"POINT (13.455791518000069 52.473996880000072)","Unfall 213070 (2021) Kat:3, Licht: 0","213070","3","6","3","06","13","7","","0","1","0","0","0"
"POINT (13.330909603000066 52.487378702000058)","Unfall 213071 (2021) Kat:3, Licht: 0","213071","3","2","5","07","09","1","","0","0","1","0","0"
"POINT (13.283119181000075 52.497604881000029)","Unfall 213072 (2021) Kat:2, Licht: 2","213072","2","1","0","06","03","1","","2","1","0","0","0"
"POINT (13.497795716000041 52.546862374000057)","Unfall 213073 (2021) Kat:3, Licht: 0","213073","3","4","6","06","17","2","","0","1","0","1","0"
"POINT (13.375547949000065 52.543292244000043)","Unfall 213074 (2021) Kat:3, Licht: 0","213074","3","5","1","06","16","4","","0","1","1","0","0"
"POINT (13.341959162000023 52.588536479000027)","Unfall 213075 (2021) Kat:3, Licht: 0","213075","3","6","2","06","17","3","","0","0","1","0","0"
"POINT (13.336318443000039 52.526722812000060)","Unfall 213076 (2021) Kat:3, Licht: 0","213076","3","5","1","06","17","7","","0","1","1","0","0"
"POINT (13.421953782000060 52.505045751000068)","Unfall 213077 (2021) Kat:3, Licht: 0","213077","3","4","6","06","09","4","","0","0","1","1","0"
"POINT (13.415812778000031 52.480596239000079)","Unfall 213078 (2021) Kat:2, Licht: 0","213078","2","3","0","06","17","4","","0","1","0","0","0"
"POINT (13.410190423000074 52.529878766000081)","Unfall 213079 (2021) Kat:3, Licht: 0","213079","3","2","5","06","10","5","","0","1","1","0","0"
"POINT (13.425354772000048 52.493277424000041)","Unfall 213080 (2021) Kat:3, Licht: 0","213080","3","2","6","05","13","6","","0","0","1","1","0"
"POINT (13.489749889000052 52.617274668000050)","Unfall 213081 (2021) Kat:3, Licht: 0","213081","3","4","6","06","16","2","","0","0","1","1","0"
"POINT (13.465474460000053 52.523410403000071)","Unfall 213082 (2021) Kat:3, Licht: 0","213082","3","2","5","06","17","4","","0","1","1","0","0"
"POINT (13.277529431000062 52.461244488000034)","Unfall 213083 (2021) Kat:3, Licht: 0","213083","3","3","5","07","08","4","","0","0","1","0","0"
"POINT (13.442633391000072 52.551120342000047)","Unfall 213084 (2021) Kat:2, Licht: 0","213084","2","2","5","07","16","3","","0","1","1","0","0"
"POINT (13.354608636000023 52.429503644000079)","Unfall 213085 (2021) Kat:3, Licht: 0","213085","3","6","2","06","16","4","","0","0","1","0","0"
"POINT (13.335498670000050 52.565206948000082)","Unfall 213086 (2021) Kat:3, Licht: 0","213086","3","2","5","05","17","4","","0","0","1","0","0"
"POINT (13.348864219000063 52.459015353000041)","Unfall 213087 (2021) Kat:3, Licht: 0","213087","3","2","5","06","17","6","","0","0","1","0","1"
"POINT (13.272397001000058 52.518677266000054)","Unfall 213088 (2021) Kat:3, Licht: 0","213088","3","3","5","07","11","7","","0","0","1","0","0"
"POINT (13.335752729000035 52.513648232000037)","Unfall 213089 (2021) Kat:3, Licht: 0","213089","3","2","2","06","12","6","","0","0","1","0","0"
"POINT (13.592167492000044 52.546401606000074)","Unfall 213090 (2021) Kat:3, Licht: 0","213090","3","4","6","06","14","7","","0","0","1","1","0"
"POINT (13.292084270000032 52.590566248000073)","Unfall 213091 (2021) Kat:3, Licht: 0","213091","3","2","5","06","11","3","","0","0","1","0","0"
"POINT (13.606221696000034 52.524569342000063)","Unfall 213092 (2021) Kat:3, Licht: 0","213092","3","3","5","06","18","3","","0","0","1","0","0"
"POINT (13.343766948000052 52.471156332000078)","Unfall 213093 (2021) Kat:3, Licht: 0","213093","3","2","5","06","12","6","","0","1","1","0","0"
"POINT (13.191863692000027 52.567556352000054)","Unfall 213094 (2021) Kat:3, Licht: 0","213094","3","3","5","06","14","2","","0","0","1","0","0"
"POINT (13.397113406000074 52.546210933000054)","Unfall 213095 (2021) Kat:2, Licht: 0","213095","2","6","2","07","16","7","","0","1","1","0","0"
"POINT (13.295711343000050 52.597025202000054)","Unfall 213096 (2021) Kat:3, Licht: 0","213096","3","4","6","07","10","3","","0","0","1","1","0"
"POINT (13.503760045000035 52.460784639000053)","Unfall 213097 (2021) Kat:2, Licht: 0","213097","2","6","2","07","08","2","","0","0","1","0","0"
"POINT (13.394559451000077 52.491697733000080)","Unfall 213098 (2021) Kat:3, Licht: 0","213098","3","3","5","06","08","3","","0","0","1","0","0"
"POINT (13.527172112000073 52.487790548000078)","Unfall 213099 (2021) Kat:3, Licht: 0","213099","3","6","3","05","18","3","","0","0","1","0","1"
"POINT (13.413389740000071 52.548692861000063)","Unfall 213100 (2021) Kat:3, Licht: 0","213100","3","2","5","07","13","1","","0","1","1","0","0"
"POINT (13.357012986000029 52.569163077000042)","Unfall 213101 (2021) Kat:3, Licht: 0","213101","3","6","2","06","13","4","","0","0","1","0","0"
"POINT (13.337599474000058 52.460170323000057)","Unfall 213102 (2021) Kat:3, Licht: 0","213102","3","3","5","05","08","6","","0","1","1","0","0"
"POINT (13.292756511000050 52.470043624000027)","Unfall 213103 (2021) Kat:3, Licht: 0","213103","3","6","2","06","14","6","","0","0","1","0","0"
"POINT (13.186151918000064 52.534240928000031)","Unfall 213104 (2021) Kat:3, Licht: 0","213104","3","3","5","06","07","4","","0","0","1","0","0"
"POINT (13.394245717000047 52.545742720000078)","Unfall 213105 (2021) Kat:3, Licht: 0","213105","3","5","1","06","15","6","","0","1","0","0","0"
"POINT (13.456172874000060 52.509861751000074)","Unfall 213106 (2021) Kat:3, Licht: 0","213106","3","3","5","06","19","6","","0","1","1","0","0"
"POINT (13.400044607000041 52.458522008000045)","Unfall 213107 (2021) Kat:3, Licht: 0","213107","3","7","0","05","14","2","","0","0","1","0","1"
"POINT (13.338670224000055 52.543258678000029)","Unfall 213108 (2021) Kat:3, Licht: 0","213108","3","6","2","06","18","2","","0","0","1","0","1"
"POINT (13.532763839000040 52.416729442000076)","Unfall 213109 (2021) Kat:3, Licht: 1","213109","3","3","5","06","21","5","","1","1","1","0","0"
"POINT (13.344290602000058 52.551030065000077)","Unfall 213110 (2021) Kat:3, Licht: 0","213110","3","5","1","06","19","5","","0","1","1","0","0"
"POINT (13.383528074000026 52.556090805000053)","Unfall 213111 (2021) Kat:3, Licht: 0","213111","3","6","3","07","19","6","","0","0","1","0","0"
"POINT (13.315069924000056 52.576403095000046)","Unfall 213112 (2021) Kat:3, Licht: 0","213112","3","6","2","07","16","6","","0","0","1","0","0"
"POINT (13.321790646000068 52.560559760000046)","Unfall 213113 (2021) Kat:2, Licht: 2","213113","2","2","5","07","23","2","","2","0","1","0","0"
"POINT (13.586504590000061 52.451477290000071)","Unfall 213114 (2021) Kat:3, Licht: 0","213114","3","4","6","06","17","3","","0","1","0","1","0"
"POINT (13.370810119000055 52.459181622000074)","Unfall 213115 (2021) Kat:3, Licht: 0","213115","3","5","1","05","15","1","","0","0","1","0","0"
"POINT (13.347565520000046 52.520595129000071)","Unfall 213116 (2021) Kat:3, Licht: 0","213116","3","6","3","06","17","4","","0","1","0","0","0"
"POINT (13.481291746000068 52.460825337000074)","Unfall 213117 (2021) Kat:2, Licht: 1","213117","2","2","5","05","21","5","","1","0","1","0","0"
"POINT (13.349544086000037 52.524485711000068)","Unfall 213118 (2021) Kat:3, Licht: 0","213118","3","2","2","06","17","2","","0","1","1","0","0"
"POINT (13.455537842000069 52.474018339000054)","Unfall 213119 (2021) Kat:3, Licht: 0","213119","3","6","2","06","17","2","","0","1","0","0","0"
"POINT (13.267223563000073 52.531448069000078)","Unfall 213120 (2021) Kat:3, Licht: 0","213120","3","6","2","06","08","3","","0","0","1","0","1"
"POINT (13.229009174000055 52.585231840000063)","Unfall 213121 (2021) Kat:2, Licht: 0","213121","2","1","1","06","13","5","","0","0","1","0","0"
"POINT (13.340949694000074 52.488698111000076)","Unfall 213122 (2021) Kat:3, Licht: 0","213122","3","5","1","06","14","5","","0","1","1","0","0"
"POINT (13.624341647000051 52.446939318000034)","Unfall 213123 (2021) Kat:3, Licht: 0","213123","3","1","8","05","16","2","","0","0","0","0","1"
"POINT (13.408239854000044 52.551481608000074)","Unfall 213124 (2021) Kat:3, Licht: 0","213124","3","6","3","06","08","5","","0","1","1","0","0"
"POINT (13.414147982000031 52.542710383000042)","Unfall 213125 (2021) Kat:2, Licht: 2","213125","2","1","0","06","22","2","","2","1","0","0","0"
"POINT (13.461964052000042 52.558892703000026)","Unfall 213126 (2021) Kat:3, Licht: 0","213126","3","2","5","07","19","4","","0","1","0","0","1"
"POINT (13.252919124000073 52.515861694000080)","Unfall 213127 (2021) Kat:3, Licht: 1","213127","3","3","1","07","21","4","","1","1","1","0","0"
"POINT (13.444492706000062 52.499747092000064)","Unfall 213128 (2021) Kat:3, Licht: 0","213128","3","7","0","07","15","5","","0","1","0","0","0"
"POINT (13.317760452000073 52.499590464000050)","Unfall 213129 (2021) Kat:3, Licht: 0","213129","3","6","3","05","16","3","","0","0","1","0","0"
"POINT (13.437143869000067 52.439548435000063)","Unfall 213130 (2021) Kat:3, Licht: 0","213130","3","5","1","06","16","1","","0","0","1","0","0"
"POINT (13.405271245000051 52.427789424000082)","Unfall 213131 (2021) Kat:2, Licht: 0","213131","2","6","2","07","12","7","","0","0","1","0","1"
"POINT (13.248629472000061 52.524231738000026)","Unfall 213132 (2021) Kat:3, Licht: 0","213132","3","7","0","06","14","7","","0","0","0","0","1"
"POINT (13.343039007000073 52.526210821000063)","Unfall 213133 (2021) Kat:2, Licht: 0","213133","2","2","5","06","17","2","","0","1","1","0","0"
"POINT (13.344883088000074 52.488983373000053)","Unfall 213134 (2021) Kat:2, Licht: 0","213134","2","2","5","06","12","4","","0","1","1","0","0"
"POINT (13.490119439000068 52.419994882000026)","Unfall 213135 (2021) Kat:3, Licht: 0","213135","3","3","5","06","16","3","","0","0","1","0","0"
"POINT (13.476597129000027 52.460139964000064)","Unfall 213136 (2021) Kat:2, Licht: 1","213136","2","1","1","06","20","7","","1","0","1","0","0"
"POINT (13.334332177000022 52.557372119000036)","Unfall 213137 (2021) Kat:3, Licht: 0","213137","3","3","5","06","12","5","","0","0","1","0","1"
"POINT (13.398386773000027 52.592444671000067)","Unfall 213138 (2021) Kat:3, Licht: 0","213138","3","3","5","06","07","3","","0","0","1","0","0"
"POINT (13.390280649000033 52.398726244000045)","Unfall 213139 (2021) Kat:3, Licht: 0","213139","3","2","5","06","09","4","","0","1","1","0","0"
"POINT (13.373588842000061 52.520752535000042)","Unfall 213140 (2021) Kat:3, Licht: 0","213140","3","2","5","06","13","5","","0","1","1","0","0"
"POINT (13.295246026000029 52.497742287000051)","Unfall 213141 (2021) Kat:3, Licht: 0","213141","3","6","0","05","09","7","","0","0","1","0","0"
"POINT (13.517160168000032 52.461737950000042)","Unfall 213142 (2021) Kat:3, Licht: 0","213142","3","6","2","06","19","4","","0","0","1","0","0"
"POINT (13.345803853000064 52.516273224000031)","Unfall 213143 (2021) Kat:3, Licht: 0","213143","3","6","3","07","09","4","","0","0","1","0","0"
"POINT (13.459608271000036 52.462968758000045)","Unfall 213144 (2021) Kat:3, Licht: 0","213144","3","6","2","07","17","2","","0","0","1","0","0"
"POINT (13.331837979000056 52.504001301000073)","Unfall 213145 (2021) Kat:3, Licht: 0","213145","3","6","2","06","20","3","","0","0","1","0","1"
"POINT (13.344903159000069 52.489423376000047)","Unfall 213146 (2021) Kat:3, Licht: 0","213146","3","6","2","05","13","3","","0","0","1","0","1"
"POINT (13.349331471000028 52.488302358000055)","Unfall 213147 (2021) Kat:3, Licht: 0","213147","3","2","5","06","12","4","","0","1","1","0","0"
"POINT (13.282052044000068 52.479788918000054)","Unfall 213148 (2021) Kat:3, Licht: 0","213148","3","5","1","06","08","2","","0","0","1","0","0"
"POINT (13.379877514000043 52.455954483000028)","Unfall 213149 (2021) Kat:2, Licht: 0","213149","2","7","5","06","14","6","","0","1","1","0","0"
"POINT (13.339319953000029 52.503013157000055)","Unfall 213150 (2021) Kat:3, Licht: 0","213150","3","2","2","06","15","4","","0","0","1","0","0"
"POINT (13.532182802000023 52.555696352000041)","Unfall 213151 (2021) Kat:3, Licht: 0","213151","3","3","5","06","07","5","","0","0","1","0","0"
"POINT (13.437933274000045 52.506065201000069)","Unfall 213152 (2021) Kat:3, Licht: 0","213152","3","5","1","07","20","5","","0","1","1","0","0"
"POINT (13.323597252000070 52.491493703000060)","Unfall 213153 (2021) Kat:3, Licht: 0","213153","3","6","3","07","09","4","","0","1","0","0","0"
"POINT (13.298125696000056 52.519387108000046)","Unfall 213154 (2021) Kat:3, Licht: 0","213154","3","3","5","07","14","5","","0","1","1","0","0"
"POINT (13.317667049000022 52.570790467000052)","Unfall 213155 (2021) Kat:3, Licht: 0","213155","3","4","6","06","20","7","","0","1","0","1","0"
"POINT (13.415441750000070 52.521116793000033)","Unfall 213156 (2021) Kat:2, Licht: 0","213156","2","6","2","07","11","1","","0","0","1","0","1"
"POINT (13.316323609000051 52.614190737000058)","Unfall 213157 (2021) Kat:3, Licht: 0","213157","3","3","5","06","17","1","","0","1","1","0","0"
"POINT (13.373244973000055 52.503509941000061)","Unfall 213158 (2021) Kat:3, Licht: 0","213158","3","4","6","06","13","2","","0","0","1","1","0"
"POINT (13.353138173000048 52.449135527000067)","Unfall 213159 (2021) Kat:3, Licht: 0","213159","3","6","2","06","16","4","","0","0","1","0","0"
"POINT (13.315243974000055 52.514800105000063)","Unfall 213160 (2021) Kat:3, Licht: 0","213160","3","2","5","06","16","3","","0","1","1","0","0"
"POINT (13.332167809000055 52.506001339000079)","Unfall 213161 (2021) Kat:3, Licht: 0","213161","3","2","2","06","11","7","","0","1","1","0","0"
"POINT (13.359833777000063 52.499456223000038)","Unfall 213162 (2021) Kat:3, Licht: 2","213162","3","1","0","06","02","3","","2","0","0","0","0"
"POINT (13.384776982000062 52.531039480000061)","Unfall 213163 (2021) Kat:3, Licht: 0","213163","3","1","0","06","15","4","","0","0","0","0","1"
"POINT (13.330154545000028 52.569620787000076)","Unfall 213164 (2021) Kat:2, Licht: 0","213164","2","6","2","06","15","5","","0","0","1","0","1"
"POINT (13.261159608000071 52.543909861000031)","Unfall 213165 (2021) Kat:2, Licht: 0","213165","2","2","5","05","15","7","","0","0","1","0","0"
"POINT (13.389099200000032 52.550131414000077)","Unfall 213166 (2021) Kat:3, Licht: 0","213166","3","7","2","06","19","4","","0","0","1","0","0"
"POINT (13.533355911000058 52.525711194000053)","Unfall 213167 (2021) Kat:2, Licht: 0","213167","2","1","0","07","06","4","","0","1","0","0","0"
"POINT (13.401854366000066 52.506102246000069)","Unfall 213168 (2021) Kat:2, Licht: 0","213168","2","2","5","07","17","2","","0","1","1","0","0"
"POINT (13.229209271000059 52.424811729000055)","Unfall 213169 (2021) Kat:3, Licht: 0","213169","3","7","0","06","08","4","","0","0","0","0","1"
"POINT (13.478662435000047 52.502867416000072)","Unfall 213170 (2021) Kat:3, Licht: 0","213170","3","7","0","05","08","4","","0","0","1","0","0"
"POINT (13.356279974000074 52.543210891000058)","Unfall 213171 (2021) Kat:3, Licht: 1","213171","3","3","5","06","20","6","","1","1","1","0","0"
"POINT (13.431945994000046 52.515146601000026)","Unfall 213172 (2021) Kat:3, Licht: 0","213172","3","2","0","06","15","5","","0","1","1","0","0"
"POINT (13.410843814000032 52.539645625000048)","Unfall 213173 (2021) Kat:3, Licht: 0","213173","3","5","1","07","13","6","","0","1","1","0","0"
"POINT (13.356801508000046 52.539257503000044)","Unfall 213174 (2021) Kat:3, Licht: 0","213174","3","1","0","06","19","7","","0","1","0","0","0"
"POINT (13.232389248000061 52.437748523000039)","Unfall 213175 (2021) Kat:3, Licht: 0","213175","3","2","2","06","13","7","","0","1","1","0","0"
"POINT (13.287219902000061 52.590058115000033)","Unfall 213176 (2021) Kat:3, Licht: 0","213176","3","7","6","06","10","3","","0","0","0","1","0"
"POINT (13.332456961000048 52.506236807000050)","Unfall 213177 (2021) Kat:3, Licht: 2","213177","3","2","2","06","23","2","","2","0","1","0","0"
"POINT (13.216577220000033 52.431887645000074)","Unfall 213178 (2021) Kat:3, Licht: 0","213178","3","3","5","06","07","6","","0","1","1","0","0"
"POINT (13.444585132000043 52.539222214000063)","Unfall 213179 (2021) Kat:3, Licht: 0","213179","3","5","1","06","16","2","","0","1","1","0","0"
"POINT (13.417112470000063 52.487741186000051)","Unfall 213180 (2021) Kat:3, Licht: 0","213180","3","4","6","07","11","7","","0","1","0","1","0"
"POINT (13.410869625000032 52.522128193000071)","Unfall 213181 (2021) Kat:3, Licht: 0","213181","3","7","6","07","15","3","","0","0","0","1","0"
"POINT (13.265509925000060 52.442206002000034)","Unfall 213182 (2021) Kat:3, Licht: 2","213182","3","3","5","06","23","3","","2","0","1","0","0"
"POINT (13.575416661000077 52.547243495000032)","Unfall 213183 (2021) Kat:3, Licht: 0","213183","3","6","0","05","10","3","","0","0","0","0","0"
"POINT (13.446351380000067 52.544960828000058)","Unfall 213184 (2021) Kat:3, Licht: 1","213184","3","3","5","07","04","1","","1","0","1","0","0"
"POINT (13.153577352000070 52.532876690000080)","Unfall 213185 (2021) Kat:3, Licht: 0","213185","3","6","2","06","14","4","","0","0","1","0","1"
"POINT (13.333352804000072 52.544443653000030)","Unfall 213186 (2021) Kat:3, Licht: 0","213186","3","5","1","05","07","6","","0","1","1","0","0"
"POINT (13.591812318000052 52.529218591000074)","Unfall 213187 (2021) Kat:3, Licht: 0","213187","3","7","2","06","12","2","","0","1","0","0","0"
"POINT (13.513907502000052 52.464762321000080)","Unfall 213188 (2021) Kat:3, Licht: 0","213188","3","6","2","06","16","4","","0","1","1","0","0"
"POINT (13.355009862000031 52.544089574000054)","Unfall 213189 (2021) Kat:3, Licht: 0","213189","3","1","0","06","19","6","","0","1","0","0","0"
"POINT (13.373008512000069 52.588859932000048)","Unfall 213190 (2021) Kat:3, Licht: 0","213190","3","3","5","06","12","6","","0","1","1","0","0"
"POINT (13.379519317000074 52.465812666000033)","Unfall 213191 (2021) Kat:3, Licht: 0","213191","3","4","6","05","11","2","","0","0","1","1","0"
"POINT (13.481457240000054 52.460796342000037)","Unfall 213192 (2021) Kat:3, Licht: 1","213192","3","3","5","06","21","2","","1","1","1","0","0"
"POINT (13.211540379000041 52.575578597000060)","Unfall 213193 (2021) Kat:2, Licht: 0","213193","2","4","6","06","19","5","","0","0","1","1","0"
"POINT (13.196826180000073 52.513187486000049)","Unfall 213194 (2021) Kat:3, Licht: 0","213194","3","2","2","06","20","5","","0","0","1","0","0"
"POINT (13.452853319000042 52.512408568000069)","Unfall 213195 (2021) Kat:3, Licht: 0","213195","3","2","5","07","14","6","","0","1","1","0","0"
"POINT (13.553291665000074 52.434006854000074)","Unfall 213196 (2021) Kat:3, Licht: 0","213196","3","3","5","07","17","6","","0","0","1","0","0"
"POINT (13.414610574000051 52.500242337000032)","Unfall 213197 (2021) Kat:3, Licht: 0","213197","3","7","0","06","10","5","","0","0","1","0","1"
"POINT (13.366862430000026 52.435493555000050)","Unfall 213198 (2021) Kat:3, Licht: 0","213198","3","6","2","07","10","2","","0","0","1","0","1"
"POINT (13.220556874000067 52.530942171000049)","Unfall 213199 (2021) Kat:2, Licht: 0","213199","2","2","3","06","11","2","","0","1","1","0","0"
"POINT (13.442480811000053 52.469800426000063)","Unfall 213200 (2021) Kat:3, Licht: 2","213200","3","1","0","05","22","1","","2","0","0","0","0"
"POINT (13.323744937000072 52.493815795000046)","Unfall 213201 (2021) Kat:2, Licht: 0","213201","2","2","5","06","20","4","","0","1","1","0","0"
"POINT (13.358075880000058 52.551883091000036)","Unfall 213202 (2021) Kat:3, Licht: 0","213202","3","6","4","05","16","5","","0","0","1","0","0"
"POINT (13.299687983000069 52.473328678000030)","Unfall 213203 (2021) Kat:3, Licht: 0","213203","3","2","5","06","07","2","","0","1","1","0","0"
"POINT (13.400302236000073 52.436286264000046)","Unfall 213204 (2021) Kat:3, Licht: 0","213204","3","2","5","06","16","3","","0","1","1","0","0"
"POINT (13.555334541000036 52.523063734000061)","Unfall 213205 (2021) Kat:3, Licht: 0","213205","3","5","1","06","08","5","","0","1","1","0","0"
"POINT (13.521716432000062 52.452784083000040)","Unfall 213206 (2021) Kat:3, Licht: 0","213206","3","5","1","06","07","6","","0","0","1","0","0"
"POINT (13.428936082000064 52.486583149000069)","Unfall 213207 (2021) Kat:2, Licht: 0","213207","2","2","5","05","22","1","","0","0","1","0","1"
"POINT (13.304363038000076 52.488409115000081)","Unfall 213208 (2021) Kat:3, Licht: 0","213208","3","2","5","06","07","5","","0","1","1","0","0"
"POINT (13.315298021000046 52.514733845000080)","Unfall 213209 (2021) Kat:3, Licht: 0","213209","3","2","5","06","15","2","","0","0","1","0","1"
"POINT (13.436210038000070 52.455440306000071)","Unfall 213210 (2021) Kat:3, Licht: 0","213210","3","2","2","07","11","5","","0","0","1","0","0"
"POINT (13.397159560000034 52.423759205000067)","Unfall 213211 (2021) Kat:2, Licht: 0","213211","2","1","0","07","14","3","","0","0","0","0","1"
"POINT (13.317052546000070 52.503021747000048)","Unfall 213212 (2021) Kat:3, Licht: 0","213212","3","2","6","07","15","5","","0","0","1","1","0"
"POINT (13.340285823000045 52.489469422000070)","Unfall 213213 (2021) Kat:3, Licht: 0","213213","3","2","6","05","09","3","","0","1","0","1","0"
"POINT (13.244810697000048 52.440397845000064)","Unfall 213214 (2021) Kat:3, Licht: 0","213214","3","2","5","06","14","1","","0","1","0","0","1"
"POINT (13.207451583000022 52.538732082000081)","Unfall 213215 (2021) Kat:3, Licht: 0","213215","3","3","5","07","11","1","","0","0","1","0","1"
"POINT (13.500546826000061 52.561412576000066)","Unfall 213216 (2021) Kat:3, Licht: 0","213216","3","2","5","06","10","2","","0","0","1","0","0"
"POINT (13.463798113000053 52.470598370000062)","Unfall 213217 (2021) Kat:3, Licht: 1","213217","3","6","2","06","21","7","","1","0","1","0","0"
"POINT (13.247566043000063 52.524523487000067)","Unfall 213218 (2021) Kat:3, Licht: 0","213218","3","2","5","06","05","4","","0","1","0","0","0"
"POINT (13.379298852000034 52.437725927000031)","Unfall 213219 (2021) Kat:3, Licht: 0","213219","3","6","2","06","10","3","","0","0","1","0","0"
"POINT (13.511493020000046 52.504344899000046)","Unfall 213220 (2021) Kat:3, Licht: 0","213220","3","2","5","06","12","6","","0","0","1","0","0"
"POINT (13.342329663000044 52.446889948000035)","Unfall 213221 (2021) Kat:3, Licht: 0","213221","3","2","6","06","12","2","","0","0","1","1","0"
"POINT (13.296217770000055 52.497939552000048)","Unfall 213222 (2021) Kat:3, Licht: 2","213222","3","2","2","07","23","7","","2","0","1","1","1"
"POINT (13.578116033000072 52.401628131000052)","Unfall 213223 (2021) Kat:3, Licht: 0","213223","3","5","1","06","15","4","","0","0","1","0","0"
"POINT (13.332735543000069 52.469197267000027)","Unfall 213224 (2021) Kat:3, Licht: 0","213224","3","6","2","06","09","5","","0","0","0","0","1"
"POINT (13.432883522000054 52.517828069000075)","Unfall 213225 (2021) Kat:3, Licht: 0","213225","3","2","5","05","15","7","","0","1","1","0","0"
"POINT (13.379341089000036 52.540255200000047)","Unfall 213226 (2021) Kat:3, Licht: 0","213226","3","2","0","06","07","4","","0","1","1","0","0"
"POINT (13.623866185000054 52.454086997000047)","Unfall 213227 (2021) Kat:3, Licht: 0","213227","3","3","5","07","11","3","","0","1","1","0","0"
"POINT (13.346135528000048 52.498952213000052)","Unfall 213228 (2021) Kat:3, Licht: 0","213228","3","6","2","07","11","3","","0","0","1","0","0"
"POINT (13.401143980000029 52.505836651000038)","Unfall 213229 (2021) Kat:3, Licht: 0","213229","3","3","5","06","19","3","","0","0","1","0","1"
"POINT (13.376006053000026 52.528496711000059)","Unfall 213230 (2021) Kat:3, Licht: 0","213230","3","1","0","05","17","3","","0","0","0","0","1"
"POINT (13.418483682000044 52.499304040000027)","Unfall 213231 (2021) Kat:3, Licht: 1","213231","3","6","3","07","20","1","","1","1","0","0","0"
"POINT (13.411203179000040 52.503497146000029)","Unfall 213232 (2021) Kat:3, Licht: 0","213232","3","6","2","06","16","6","","0","0","1","0","0"
"POINT (13.338921704000029 52.454949054000053)","Unfall 213233 (2021) Kat:2, Licht: 0","213233","2","3","5","06","12","3","","0","0","1","0","0"
"POINT (13.374379430000033 52.543701552000073)","Unfall 213234 (2021) Kat:3, Licht: 2","213234","3","4","6","07","22","6","","2","0","1","1","0"
"POINT (13.326886522000052 52.608700413000065)","Unfall 213235 (2021) Kat:3, Licht: 2","213235","3","5","1","06","22","7","","2","0","1","0","0"
"POINT (13.389554441000030 52.574241172000029)","Unfall 213236 (2021) Kat:2, Licht: 0","213236","2","2","0","06","15","6","","0","1","1","0","0"
"POINT (13.206991735000031 52.529117771000074)","Unfall 213237 (2021) Kat:3, Licht: 0","213237","3","2","5","05","08","2","","0","0","1","0","0"
"POINT (13.260528666000027 52.426671637000027)","Unfall 213238 (2021) Kat:3, Licht: 0","213238","3","1","0","06","18","2","","0","1","0","0","0"
"POINT (13.320650120000039 52.478774263000048)","Unfall 213239 (2021) Kat:3, Licht: 0","213239","3","6","2","06","16","5","","0","0","1","0","0"
"POINT (13.506899658000066 52.577415249000069)","Unfall 213240 (2021) Kat:3, Licht: 0","213240","3","6","0","06","16","5","","0","0","0","0","1"
"POINT (13.477652905000070 52.514631778000080)","Unfall 213241 (2021) Kat:3, Licht: 0","213241","3","7","6","07","16","6","","0","1","0","1","0"