WKT,Name,OBJECTID,UKATEGORIE,UTYP1,UART,UMONAT,USTUNDE,UWOCHENTAG,STRZUSTAND,ULICHTVERH,ISTRAD,ISTPKW,ISTFUSS,ISTKRAD
"POINT (13.565791114000035 52.529204328000048)","Unfall 213242 (2021) Kat:3, Licht: 0","213242","3","7","5","07","17","2","","0","1","1","0","0"
"POINT (13.343383443000050 52.531950020000068)","Unfall 213243 (2021) Kat:2, Licht: 0","213243","2","2","6","06","12","2","","0","0","1","1","0"
"POINT (13.330964728000026 52.501308404000042)","Unfall 213244 (2021) Kat:3, Licht: 2","213244","3","5","5","05","02","2","","2","0","1","0","0"
"POINT (13.391299251000078 52.536218120000058)","Unfall 213245 (2021) Kat:3, Licht: 0","213245","3","2","5","06","16","4","","0","1","1","0","0"
"POINT (13.448935675000030 52.511354357000073)","Unfall 213246 (2021) Kat:3, Licht: 0","213246","3","3","5","05","17","5","","0","1","1","0","0"
"POINT (13.347296685000060 52.470611949000045)","Unfall 213247 (2021) Kat:2, Licht: 0","213247","2","2","5","06","12","1","","0","0","1","0","0"
"POINT (13.306074281000065 52.508628426000030)","Unfall 213248 (2021) Kat:3, Licht: 0","213248","3","7","6","06","19","2","","0","0","0","1","0"
"POINT (13.456674407000037 52.502402921000055)","Unfall 213249 (2021) Kat:3, Licht: 1","213249","3","3","5","06","04","6","","1","0","1","0","0"
"POINT (13.390314181000065 52.562877749000052)","Unfall 213250 (2021) Kat:3, Licht: 0","213250","3","2","5","06","19","5","","0","1","1","0","0"
"POINT (13.299294662000023 52.473352685000066)","Unfall 213251 (2021) Kat:2, Licht: 0","213251","2","6","2","05","16","1","","0","0","1","0","1"
"POINT (13.581824929000049 52.441544429000032)","Unfall 213252 (2021) Kat:3, Licht: 0","213252","3","2","5","06","12","5","","0","1","0","0","0"
"POINT (13.351517517000048 52.509575159000065)","Unfall 213253 (2021) Kat:3, Licht: 0","213253","3","2","2","07","17","5","","0","0","1","0","0"
"POINT (13.339411047000056 52.459952132000069)","Unfall 213254 (2021) Kat:3, Licht: 0","213254","3","6","2","07","10","5","","0","0","1","0","0"
"POINT (13.491712285000062 52.526538670000036)","Unfall 213255 (2021) Kat:3, Licht: 0","213255","3","2","5","07","13","6","","0","0","0","0","0"
"POINT (13.402009251000038 52.490188411000076)","Unfall 213256 (2021) Kat:3, Licht: 0","213256","3","6","2","06","09","7","","0","0","1","0","0"
"POINT (13.363288525000030 52.580772752000030)","Unfall 213257 (2021) Kat:3, Licht: 0","213257","3","2","3","06","09","7","","0","1","1","0","0"
"POINT (13.515013925000062 52.566874977000055)","Unfall 213258 (2021) Kat:3, Licht: 0","213258","3","1","2","06","12","3","","0","0","1","0","0"
"POINT (13.500903515000061 52.483282475000067)","Unfall 213259 (2021) Kat:3, Licht: 0","213259","3","6","0","06","13","2","","0","1","0","0","1"
"POINT (13.479847402000075 52.425653287000046)","Unfall 213260 (2021) Kat:3, Licht: 0","213260","3","3","5","06","17","5","","0","0","1","0","0"
"POINT (13.178307101000030 52.509545116000027)","Unfall 213261 (2021) Kat:2, Licht: 0","213261","2","7","0","06","17","6","","0","1","0","0","0"
"POINT (13.478717412000037 52.477575027000057)","Unfall 213262 (2021) Kat:3, Licht: 0","213262","3","2","5","06","07","2","","0","0","0","0","0"
"POINT (13.433938654000031 52.608490049000068)","Unfall 213263 (2021) Kat:3, Licht: 0","213263","3","3","5","07","08","5","","0","1","1","0","0"
"POINT (13.177712595000060 52.516928777000032)","Unfall 213264 (2021) Kat:2, Licht: 0","213264","2","3","5","07","06","3","","0","0","1","0","1"
"POINT (13.371692884000026 52.485059903000035)","Unfall 213265 (2021) Kat:3, Licht: 2","213265","3","7","0","06","22","3","","2","1","0","0","0"
"POINT (13.211577406000060 52.527267747000053)","Unfall 213266 (2021) Kat:3, Licht: 0","213266","3","7","9","05","11","2","","0","1","1","0","0"
"POINT (13.264575935000039 52.514770359000067)","Unfall 213267 (2021) Kat:3, Licht: 0","213267","3","3","5","07","15","1","","0","1","1","0","0"
"POINT (13.471395087000076 52.526290015000029)","Unfall 213268 (2021) Kat:3, Licht: 0","213268","3","5","0","06","17","4","","0","1","1","0","0"
"POINT (13.404338165000070 52.533166296000047)","Unfall 213269 (2021) Kat:2, Licht: 0","213269","2","3","5","05","07","5","","0","1","1","0","0"
"POINT (13.337063284000067 52.495934484000031)","Unfall 213270 (2021) Kat:3, Licht: 0","213270","3","3","5","06","15","2","","0","0","1","0","0"
"POINT (13.364320324000062 52.503346772000043)","Unfall 213271 (2021) Kat:3, Licht: 0","213271","3","3","5","06","15","6","","0","0","1","0","1"
"POINT (13.552624987000058 52.430681833000051)","Unfall 213272 (2021) Kat:3, Licht: 0","213272","3","3","5","06","11","3","","0","0","1","0","0"
"POINT (13.421852181000077 52.579682828000045)","Unfall 213273 (2021) Kat:2, Licht: 0","213273","2","4","6","06","17","6","","0","0","1","1","0"
"POINT (13.398050434000027 52.510389432000068)","Unfall 213274 (2021) Kat:3, Licht: 0","213274","3","7","5","06","11","6","","0","0","1","0","1"
"POINT (13.309597707000023 52.431414542000027)","Unfall 213275 (2021) Kat:3, Licht: 0","213275","3","2","5","06","09","3","","0","1","1","0","0"
"POINT (13.431899768000051 52.466505359000053)","Unfall 213276 (2021) Kat:3, Licht: 0","213276","3","2","6","06","14","2","","0","0","1","1","0"
"POINT (13.475096659000030 52.584239046000050)","Unfall 213277 (2021) Kat:1, Licht: 0","213277","1","1","8","06","15","6","","0","0","0","0","1"
"POINT (13.372757343000046 52.527496078000070)","Unfall 213278 (2021) Kat:2, Licht: 0","213278","2","1","0","07","19","5","","0","1","0","0","0"
"POINT (13.586603587000070 52.440938043000074)","Unfall 213279 (2021) Kat:3, Licht: 0","213279","3","2","5","07","11","5","","0","1","1","0","0"
"POINT (13.371151667000049 52.558677656000043)","Unfall 213280 (2021) Kat:3, Licht: 0","213280","3","5","1","06","18","7","","0","0","1","0","1"
"POINT (13.396767553000075 52.447237815000051)","Unfall 213281 (2021) Kat:3, Licht: 0","213281","3","7","5","07","16","2","","0","0","1","0","0"
"POINT (13.387380141000051 52.560076678000030)","Unfall 213282 (2021) Kat:3, Licht: 0","213282","3","5","1","06","15","2","","0","1","1","0","0"
"POINT (13.273613397000076 52.491022005000048)","Unfall 213283 (2021) Kat:3, Licht: 0","213283","3","3","5","06","18","4","","0","1","1","0","0"
"POINT (13.633192030000032 52.522841731000028)","Unfall 213284 (2021) Kat:3, Licht: 0","213284","3","3","5","06","07","4","","0","0","1","0","0"
"POINT (13.207944761000022 52.559273818000065)","Unfall 213285 (2021) Kat:2, Licht: 0","213285","2","1","0","06","08","1","","0","1","0","0","0"
"POINT (13.188623456000073 52.420982580000043)","Unfall 213286 (2021) Kat:3, Licht: 0","213286","3","7","6","06","08","3","","0","0","1","1","0"
"POINT (13.395494059000043 52.565738156000066)","Unfall 213287 (2021) Kat:3, Licht: 0","213287","3","6","2","06","15","4","","0","0","1","0","0"
"POINT (13.419874245000074 52.514875431000064)","Unfall 213288 (2021) Kat:3, Licht: 0","213288","3","3","2","06","20","5","","0","0","1","0","0"
"POINT (13.410599624000042 52.582147754000061)","Unfall 213289 (2021) Kat:2, Licht: 0","213289","2","7","5","05","12","2","","0","1","0","0","0"
"POINT (13.586069781000049 52.467542073000061)","Unfall 213290 (2021) Kat:3, Licht: 0","213290","3","2","5","06","12","2","","0","1","1","0","0"
"POINT (13.391449925000074 52.506771668000056)","Unfall 213291 (2021) Kat:2, Licht: 0","213291","2","7","0","06","16","5","","0","1","1","0","0"
"POINT (13.500700654000070 52.435132236000072)","Unfall 213292 (2021) Kat:3, Licht: 0","213292","3","2","5","07","17","4","","0","1","1","0","0"
"POINT (13.385211763000029 52.456023198000082)","Unfall 213293 (2021) Kat:2, Licht: 0","213293","2","5","1","07","18","3","","0","1","1","0","0"
"POINT (13.513166479000063 52.447601074000033)","Unfall 213294 (2021) Kat:3, Licht: 0","213294","3","2","5","06","17","4","","0","1","1","0","0"
"POINT (13.362311320000060 52.567775169000072)","Unfall 213295 (2021) Kat:3, Licht: 0","213295","3","6","0","05","15","4","","0","0","1","0","0"
"POINT (13.209852431000058 52.550396440000043)","Unfall 213296 (2021) Kat:3, Licht: 0","213296","3","6","2","06","13","7","","0","0","1","0","0"
"POINT (13.402646594000032 52.523941358000059)","Unfall 213297 (2021) Kat:3, Licht: 1","213297","3","5","1","07","20","1","","1","0","1","0","0"
"POINT (13.368024766000076 52.526163537000059)","Unfall 213298 (2021) Kat:3, Licht: 0","213298","3","2","0","06","18","2","","0","1","1","0","0"
"POINT (13.446772548000069 52.550490083000057)","Unfall 213299 (2021) Kat:3, Licht: 0","213299","3","7","5","06","11","1","","0","0","1","0","1"
"POINT (13.578822185000035 52.452405426000041)","Unfall 213300 (2021) Kat:3, Licht: 1","213300","3","3","0","06","21","3","","1","0","1","0","1"
"POINT (13.267434085000048 52.408593714000062)","Unfall 213301 (2021) Kat:3, Licht: 0","213301","3","7","3","06","07","3","","0","1","0","0","0"
"POINT (13.345256359000075 52.491727743000069)","Unfall 213302 (2021) Kat:3, Licht: 2","213302","3","6","3","06","23","6","","2","1","1","0","0"
"POINT (13.315422180000041 52.577931674000070)","Unfall 213303 (2021) Kat:3, Licht: 0","213303","3","2","5","06","10","3","","0","0","1","0","0"
"POINT (13.445690651000064 52.501786793000065)","Unfall 213304 (2021) Kat:3, Licht: 2","213304","3","4","6","07","22","7","","2","0","0","1","1"
"POINT (13.317982234000056 52.509001141000056)","Unfall 213305 (2021) Kat:3, Licht: 0","213305","3","2","5","06","12","4","","0","0","1","0","1"
"POINT (13.480147613000042 52.444081369000060)","Unfall 213306 (2021) Kat:3, Licht: 0","213306","3","1","0","06","13","5","","0","1","0","0","0"
"POINT (13.147750913000039 52.418217666000032)","Unfall 213307 (2021) Kat:3, Licht: 0","213307","3","2","5","05","10","7","","0","1","1","0","0"
"POINT (13.441460306000067 52.531984677000082)","Unfall 213308 (2021) Kat:3, Licht: 0","213308","3","2","5","07","17","3","","0","0","1","0","0"
"POINT (13.569371829000033 52.452827120000052)","Unfall 213309 (2021) Kat:3, Licht: 0","213309","3","3","5","07","12","2","","0","1","1","0","0"
"POINT (13.392705360000036 52.398321612000075)","Unfall 213310 (2021) Kat:2, Licht: 0","213310","2","4","6","06","10","3","","0","0","1","1","0"
"POINT (13.298395218000053 52.513493931000028)","Unfall 213311 (2021) Kat:3, Licht: 0","213311","3","5","1","05","15","3","","0","1","1","0","0"
"POINT (13.424096112000029 52.486457433000055)","Unfall 213312 (2021) Kat:3, Licht: 1","213312","3","2","5","07","04","1","","1","0","1","0","0"
"POINT (13.182301315000075 52.538274564000062)","Unfall 213313 (2021) Kat:3, Licht: 0","213313","3","7","0","06","07","5","","0","0","0","0","1"
"POINT (13.443719634000047 52.525283867000041)","Unfall 213314 (2021) Kat:3, Licht: 0","213314","3","2","5","05","17","6","","0","1","1","0","0"
"POINT (13.344149403000074 52.431256756000039)","Unfall 213315 (2021) Kat:3, Licht: 0","213315","3","1","0","06","19","6","","0","1","1","0","0"
"POINT (13.596185431000038 52.536406072000034)","Unfall 213316 (2021) Kat:3, Licht: 0","213316","3","2","5","06","16","4","","0","1","1","0","0"
"POINT (13.255432772000063 52.514706530000069)","Unfall 213317 (2021) Kat:3, Licht: 0","213317","3","1","0","07","11","6","","0","1","0","0","0"
"POINT (13.330293569000048 52.496524317000080)","Unfall 213318 (2021) Kat:3, Licht: 0","213318","3","3","5","06","14","6","","0","1","1","0","0"
"POINT (13.348147392000044 52.464174212000046)","Unfall 213319 (2021) Kat:3, Licht: 1","213319","3","7","1","06","22","6","","1","0","1","0","0"
"POINT (13.411627796000062 52.439029527000059)","Unfall 213320 (2021) Kat:3, Licht: 0","213320","3","2","5","05","14","2","","0","1","1","0","0"
"POINT (13.364146164000033 52.527956324000058)","Unfall 213321 (2021) Kat:3, Licht: 0","213321","3","2","3","06","15","2","","0","0","1","0","1"
"POINT (13.383253236000030 52.450114537000047)","Unfall 213322 (2021) Kat:3, Licht: 0","213322","3","4","6","06","08","5","","0","0","0","1","0"
"POINT (13.284297277000064 52.446492156000033)","Unfall 213323 (2021) Kat:3, Licht: 0","213323","3","4","6","06","15","5","","0","0","1","1","0"
"POINT (13.353391806000047 52.533923732000062)","Unfall 213324 (2021) Kat:3, Licht: 1","213324","3","1","0","07","21","6","","1","0","0","0","0"
"POINT (13.306425590000060 52.517804386000080)","Unfall 213325 (2021) Kat:2, Licht: 0","213325","2","7","0","07","20","6","","0","0","0","0","0"
"POINT (13.351521472000059 52.509562798000047)","Unfall 213326 (2021) Kat:3, Licht: 0","213326","3","2","5","07","15","2","","0","1","1","0","0"
"POINT (13.465625150000051 52.552137911000045)","Unfall 213327 (2021) Kat:3, Licht: 2","213327","3","6","2","06","22","2","","2","0","1","0","1"
"POINT (13.321468613000036 52.471588166000060)","Unfall 213328 (2021) Kat:3, Licht: 0","213328","3","2","0","05","17","1","","0","1","1","0","0"
"POINT (13.271893282000065 52.510015725000073)","Unfall 213329 (2021) Kat:3, Licht: 0","213329","3","5","0","06","16","4","","0","1","1","0","0"
"POINT (13.410397920000037 52.503199315000074)","Unfall 213330 (2021) Kat:3, Licht: 0","213330","3","4","6","05","08","5","","0","1","0","1","0"
"POINT (13.323642603000053 52.493597085000033)","Unfall 213331 (2021) Kat:3, Licht: 0","213331","3","2","2","06","08","2","","0","0","1","0","1"
"POINT (13.417762624000034 52.506601727000032)","Unfall 213332 (2021) Kat:3, Licht: 0","213332","3","3","5","06","17","3","","0","1","1","0","0"
"POINT (13.240842117000057 52.538920250000047)","Unfall 213333 (2021) Kat:3, Licht: 1","213333","3","5","1","06","21","5","","1","0","1","0","0"
"POINT (13.377016228000059 52.408266418000039)","Unfall 213334 (2021) Kat:3, Licht: 0","213334","3","2","5","06","11","6","","0","0","1","0","0"
"POINT (13.226761243000055 52.439588648000040)","Unfall 213335 (2021) Kat:2, Licht: 0","213335","2","1","0","05","09","1","","0","1","0","0","0"
"POINT (13.346533188000024 52.430789731000061)","Unfall 213336 (2021) Kat:3, Licht: 0","213336","3","2","2","06","08","5","","0","0","1","0","1"
"POINT (13.233584228000041 52.568779990000053)","Unfall 213337 (2021) Kat:3, Licht: 0","213337","3","1","1","07","18","4","","0","1","1","0","0"
"POINT (13.341443964000064 52.525539111000057)","Unfall 213338 (2021) Kat:3, Licht: 0","213338","3","6","2","06","19","4","","0","1","1","0","0"
"POINT (13.527973712000062 52.557102261000068)","Unfall 213339 (2021) Kat:3, Licht: 0","213339","3","1","0","06","17","1","","0","1","0","0","0"
"POINT (13.472889248000058 52.512225976000082)","Unfall 213340 (2021) Kat:2, Licht: 0","213340","2","4","6","07","16","1","","0","1","0","1","0"
"POINT (13.343210830000032 52.474039499000071)","Unfall 213341 (2021) Kat:2, Licht: 0","213341","2","3","5","06","18","2","","0","0","1","0","1"
"POINT (13.445301998000048 52.479226861000029)","Unfall 213342 (2021) Kat:2, Licht: 0","213342","2","3","5","06","16","4","","0","0","1","0","0"
"POINT (13.472614461000035 52.532172519000028)","Unfall 213343 (2021) Kat:2, Licht: 0","213343","2","6","2","06","15","3","","0","0","1","0","0"
"POINT (13.469460112000036 52.531625105000046)","Unfall 213344 (2021) Kat:3, Licht: 0","213344","3","6","2","06","16","7","","0","0","1","0","0"
"POINT (13.427697776000059 52.474232330000063)","Unfall 213345 (2021) Kat:3, Licht: 0","213345","3","6","2","06","05","4","","0","0","1","0","0"
"POINT (13.400550019000036 52.490481809000073)","Unfall 213346 (2021) Kat:3, Licht: 0","213346","3","3","5","06","21","4","","0","0","1","0","0"
"POINT (13.258940069000062 52.537331434000066)","Unfall 213347 (2021) Kat:3, Licht: 0","213347","3","6","3","06","10","5","","0","0","1","0","0"
"POINT (13.411209676000055 52.530536520000055)","Unfall 213348 (2021) Kat:3, Licht: 0","213348","3","6","3","05","16","7","","0","1","0","0","0"
"POINT (13.370257661000039 52.492796465000026)","Unfall 213349 (2021) Kat:3, Licht: 0","213349","3","2","5","06","11","4","","0","1","0","0","0"
"POINT (13.366017016000058 52.553483043000028)","Unfall 213350 (2021) Kat:3, Licht: 0","213350","3","3","5","07","08","4","","0","1","1","0","0"
"POINT (13.399011158000064 52.443734644000074)","Unfall 213351 (2021) Kat:3, Licht: 0","213351","3","6","2","07","15","3","","0","0","1","0","0"
"POINT (13.591462415000024 52.523089695000067)","Unfall 213352 (2021) Kat:3, Licht: 0","213352","3","3","5","06","20","3","","0","1","1","0","0"
"POINT (13.301672979000045 52.632971469000040)","Unfall 213353 (2021) Kat:3, Licht: 0","213353","3","1","0","05","16","4","","0","0","0","0","1"
"POINT (13.427788610000050 52.507645934000038)","Unfall 213354 (2021) Kat:3, Licht: 0","213354","3","2","5","06","16","7","","0","1","1","0","0"
"POINT (13.338830898000026 52.448891832000072)","Unfall 213355 (2021) Kat:3, Licht: 0","213355","3","6","2","07","17","6","","0","0","1","0","0"
"POINT (13.415959552000061 52.495121935000043)","Unfall 213356 (2021) Kat:3, Licht: 0","213356","3","7","6","06","14","6","","0","0","0","1","1"
"POINT (13.257999783000059 52.412980103000052)","Unfall 213357 (2021) Kat:3, Licht: 0","213357","3","7","6","06","18","1","","0","0","1","1","0"
"POINT (13.324603396000043 52.498756618000073)","Unfall 213358 (2021) Kat:3, Licht: 0","213358","3","2","5","06","08","3","","0","1","1","0","0"
"POINT (13.692773594000073 52.456131103000075)","Unfall 213359 (2021) Kat:1, Licht: 0","213359","1","3","5","06","10","2","","0","1","1","0","0"
"POINT (13.441594139000074 52.470409945000029)","Unfall 213360 (2021) Kat:3, Licht: 0","213360","3","6","2","06","14","7","","0","0","1","0","0"
"POINT (13.359126393000054 52.546331329000054)","Unfall 213361 (2021) Kat:3, Licht: 0","213361","3","3","5","07","20","1","","0","0","1","0","0"
"POINT (13.351586979000047 52.440194656000074)","Unfall 213362 (2021) Kat:3, Licht: 0","213362","3","2","5","06","20","2","","0","0","1","0","0"
"POINT (13.330334371000049 52.527170740000031)","Unfall 213363 (2021) Kat:3, Licht: 0","213363","3","2","5","06","16","3","","0","1","0","0","0"
"POINT (13.353492914000071 52.562448050000057)","Unfall 213364 (2021) Kat:3, Licht: 0","213364","3","5","1","06","15","3","","0","1","1","0","0"
"POINT (13.193978253000068 52.545798218000073)","Unfall 213365 (2021) Kat:3, Licht: 2","213365","3","7","0","06","23","7","","2","0","0","0","0"
"POINT (13.364103820000025 52.488258908000034)","Unfall 213366 (2021) Kat:3, Licht: 0","213366","3","1","0","06","09","3","","0","0","0","0","1"
"POINT (13.617550037000058 52.520351934000075)","Unfall 213367 (2021) Kat:2, Licht: 0","213367","2","3","5","06","20","5","","0","0","0","0","1"
"POINT (13.349503747000028 52.508474263000039)","Unfall 213368 (2021) Kat:2, Licht: 0","213368","2","2","5","06","17","5","","0","1","0","0","1"
"POINT (13.538181092000059 52.399904606000064)","Unfall 213369 (2021) Kat:3, Licht: 0","213369","3","3","5","05","14","1","","0","0","1","0","0"
"POINT (13.319555318000027 52.528359033000072)","Unfall 213370 (2021) Kat:2, Licht: 0","213370","2","3","5","06","10","5","","0","0","1","0","1"
"POINT (13.192854840000052 52.520999204000077)","Unfall 213371 (2021) Kat:3, Licht: 0","213371","3","6","2","07","09","4","","0","0","1","0","0"
"POINT (13.343316643000037 52.526553004000050)","Unfall 213372 (2021) Kat:3, Licht: 0","213372","3","6","0","07","13","3","","0","0","1","0","1"
"POINT (13.326184239000042 52.591707328000041)","Unfall 213373 (2021) Kat:3, Licht: 0","213373","3","3","5","06","20","3","","0","1","1","0","0"
"POINT (13.352068249000069 52.505280379000055)","Unfall 213374 (2021) Kat:3, Licht: 0","213374","3","6","2","05","11","4","","0","0","1","0","0"
"POINT (13.331369576000043 52.541372619000072)","Unfall 213375 (2021) Kat:3, Licht: 0","213375","3","5","1","06","16","7","","0","1","1","0","0"
"POINT (13.454423239000050 52.452928083000074)","Unfall 213376 (2021) Kat:3, Licht: 0","213376","3","2","5","07","11","7","","0","0","1","0","0"
"POINT (13.394967568000027 52.493513787000040)","Unfall 213377 (2021) Kat:3, Licht: 0","213377","3","6","2","06","16","6","","0","1","1","0","0"
"POINT (13.436459935000073 52.466961201000061)","Unfall 213378 (2021) Kat:3, Licht: 2","213378","3","3","5","06","00","1","","2","0","1","0","0"
"POINT (13.334710717000064 52.524638670000058)","Unfall 213379 (2021) Kat:3, Licht: 0","213379","3","5","1","06","10","3","","0","1","1","0","0"
"POINT (13.578772969000056 52.563995462000037)","Unfall 213380 (2021) Kat:3, Licht: 0","213380","3","4","6","06","13","3","","0","0","1","1","0"
"POINT (13.205570310000041 52.541550414000028)","Unfall 213381 (2021) Kat:2, Licht: 0","213381","2","4","6","06","15","6","","0","0","0","1","1"
"POINT (13.297500687000024 52.534575570000072)","Unfall 213382 (2021) Kat:2, Licht: 1","213382","2","2","5","06","21","2","","1","0","1","0","0"
"POINT (13.306505101000027 52.528941633000045)","Unfall 213383 (2021) Kat:2, Licht: 0","213383","2","1","0","07","13","7","","0","1","0","0","0"
"POINT (13.344901741000058 52.482089974000075)","Unfall 213384 (2021) Kat:3, Licht: 0","213384","3","6","2","06","14","4","","0","1","1","0","0"
"POINT (13.193806121000023 52.533668208000051)","Unfall 213385 (2021) Kat:3, Licht: 0","213385","3","4","6","05","06","6","","0","0","1","1","0"
"POINT (13.327677320000078 52.524893250000048)","Unfall 213386 (2021) Kat:3, Licht: 0","213386","3","5","1","07","10","3","","0","0","1","0","0"
"POINT (13.450718694000045 52.527121947000069)","Unfall 213387 (2021) Kat:3, Licht: 0","213387","3","2","5","07","18","2","","0","1","0","0","0"
"POINT (13.390362544000027 52.507668569000032)","Unfall 213388 (2021) Kat:3, Licht: 0","213388","3","3","5","06","15","3","","0","0","1","0","0"
"POINT (13.430921637000040 52.512802382000075)","Unfall 213389 (2021) Kat:3, Licht: 0","213389","3","3","5","05","07","3","","0","1","0","0","0"
"POINT (13.480137137000042 52.459871366000073)","Unfall 213390 (2021) Kat:2, Licht: 2","213390","2","1","9","07","03","1","","2","0","1","0","0"
"POINT (13.558051940000041 52.529690985000059)","Unfall 213391 (2021) Kat:3, Licht: 0","213391","3","3","5","06","06","5","","0","1","1","0","0"
"POINT (13.356251385000064 52.428714347000039)","Unfall 213392 (2021) Kat:3, Licht: 0","213392","3","7","0","05","19","6","","0","1","0","1","0"
"POINT (13.519332051000049 52.528779395000072)","Unfall 213393 (2021) Kat:2, Licht: 0","213393","2","4","6","06","12","6","","0","0","0","1","0"
"POINT (13.412013164000030 52.515864110000052)","Unfall 213394 (2021) Kat:2, Licht: 0","213394","2","7","5","06","07","4","","0","0","1","0","1"
"POINT (13.287762866000037 52.480888472000061)","Unfall 213395 (2021) Kat:3, Licht: 0","213395","3","2","5","07","07","6","","0","1","1","0","0"
"POINT (13.544968788000062 52.436769919000028)","Unfall 213396 (2021) Kat:3, Licht: 0","213396","3","2","5","06","13","6","","0","1","1","0","0"
"POINT (13.423803283000041 52.553949290000048)","Unfall 213397 (2021) Kat:3, Licht: 0","213397","3","7","6","06","13","6","","0","0","0","1","0"
"POINT (13.475456899000051 52.511912820000077)","Unfall 213398 (2021) Kat:3, Licht: 0","213398","3","2","5","05","08","2","","0","1","1","0","0"
"POINT (13.300471924000021 52.420919395000055)","Unfall 213399 (2021) Kat:2, Licht: 0","213399","2","1","0","06","13","2","","0","1","0","0","0"
"POINT (13.527234372000066 52.437734401000057)","Unfall 213400 (2021) Kat:2, Licht: 2","213400","2","1","0","06","01","5","","2","1","0","0","0"
"POINT (13.406823927000062 52.393769263000081)","Unfall 213401 (2021) Kat:3, Licht: 0","213401","3","2","5","06","10","6","","0","0","1","0","0"
"POINT (13.438852951000058 52.480387126000039)","Unfall 213402 (2021) Kat:3, Licht: 0","213402","3","5","1","07","20","6","","0","1","1","0","0"
"POINT (13.178070240000068 52.548750637000069)","Unfall 213403 (2021) Kat:3, Licht: 0","213403","3","2","5","07","19","6","","0","0","1","0","1"
"POINT (13.332773745000054 52.506393059000061)","Unfall 213404 (2021) Kat:3, Licht: 0","213404","3","3","5","07","16","2","","0","1","0","0","0"
"POINT (13.393832107000037 52.554508796000050)","Unfall 213405 (2021) Kat:3, Licht: 0","213405","3","7","0","06","15","2","","0","1","0","1","0"
"POINT (13.440104673000064 52.473739773000034)","Unfall 213406 (2021) Kat:3, Licht: 0","213406","3","3","5","05","14","2","","0","1","0","0","0"
"POINT (13.403818963000049 52.526018887000077)","Unfall 213407 (2021) Kat:3, Licht: 0","213407","3","6","0","06","17","4","","0","1","1","0","0"
"POINT (13.333681181000031 52.560753610000063)","Unfall 213408 (2021) Kat:2, Licht: 0","213408","2","7","0","05","16","5","","0","0","1","0","0"
"POINT (13.636847023000030 52.450724821000051)","Unfall 213409 (2021) Kat:3, Licht: 0","213409","3","3","5","06","20","2","","0","1","0","0","0"
"POINT (13.206525215000056 52.560153025000034)","Unfall 213410 (2021) Kat:3, Licht: 0","213410","3","3","5","06","20","2","","0","0","1","0","0"
"POINT (13.496696239000073 52.634634955000081)","Unfall 213411 (2021) Kat:3, Licht: 0","213411","3","2","6","06","09","3","","0","0","1","1","0"
"POINT (13.470074049000061 52.434964624000031)","Unfall 213412 (2021) Kat:3, Licht: 0","213412","3","6","2","06","17","4","","0","1","1","0","0"
"POINT (13.428926158000024 52.486162053000044)","Unfall 213413 (2021) Kat:3, Licht: 0","213413","3","5","1","06","12","6","","0","1","1","0","0"
"POINT (13.426124431000062 52.607626760000073)","Unfall 213414 (2021) Kat:2, Licht: 0","213414","2","2","5","05","18","1","","0","0","1","0","1"
"POINT (13.436581247000049 52.523476758000072)","Unfall 213415 (2021) Kat:3, Licht: 0","213415","3","1","0","06","07","2","","0","1","0","0","0"
"POINT (13.435136604000036 52.484070897000038)","Unfall 213416 (2021) Kat:3, Licht: 0","213416","3","6","2","06","10","5","","0","0","1","0","0"
"POINT (13.376990500000034 52.485031049000042)","Unfall 213417 (2021) Kat:3, Licht: 0","213417","3","6","3","07","17","5","","0","1","0","0","0"
"POINT (13.459119410000028 52.422429043000079)","Unfall 213418 (2021) Kat:3, Licht: 0","213418","3","6","2","07","17","5","","0","0","1","0","0"
"POINT (13.259296363000033 52.439293879000047)","Unfall 213419 (2021) Kat:3, Licht: 0","213419","3","5","1","06","14","7","","0","0","1","0","0"
"POINT (13.478109205000067 52.506537557000058)","Unfall 213420 (2021) Kat:2, Licht: 2","213420","2","1","0","07","01","1","","2","1","0","0","0"
"POINT (13.390288548000058 52.508593262000034)","Unfall 213421 (2021) Kat:3, Licht: 0","213421","3","3","5","06","18","1","","0","0","1","0","0"
"POINT (13.427570470000035 52.560637150000048)","Unfall 213422 (2021) Kat:3, Licht: 0","213422","3","3","5","06","13","2","","0","1","0","0","0"
"POINT (13.588903001000062 52.537750069000026)","Unfall 213423 (2021) Kat:2, Licht: 0","213423","2","4","6","06","14","4","","0","0","1","1","0"
"POINT (13.269656962000056 52.536558338000077)","Unfall 213424 (2021) Kat:2, Licht: 0","213424","2","6","3","06","06","3","","0","0","1","0","1"
"POINT (13.507740000000069 52.474879864000059)","Unfall 213425 (2021) Kat:3, Licht: 0","213425","3","2","5","06","15","7","","0","1","1","0","0"
"POINT (13.412871153000026 52.421249255000077)","Unfall 213426 (2021) Kat:3, Licht: 0","213426","3","7","5","06","10","3","","0","0","1","0","0"
"POINT (13.361194177000073 52.494423541000060)","Unfall 213427 (2021) Kat:3, Licht: 0","213427","3","3","5","06","08","4","","0","1","0","0","0"
"POINT (13.424060923000070 52.463537286000076)","Unfall 213428 (2021) Kat:3, Licht: 0","213428","3","6","4","06","16","5","","0","0","1","0","0"