WKT,Name,OBJECTID,UKATEGORIE,UTYP1,UART,UMONAT,USTUNDE,UWOCHENTAG,STRZUSTAND,ULICHTVERH,ISTRAD,ISTPKW,ISTFUSS,ISTKRAD
"POINT (13.495214556000064 52.544327121000038)","Unfall 213429 (2021) Kat:3, Licht: 0","213429","3","5","1","05","15","7","","0","1","1","0","0"
"POINT (13.430634738000037 52.511105715000042)","Unfall 213430 (2021) Kat:3, Licht: 0","213430","3","3","5","06","12","4","","0","1","0","0","0"
"POINT (13.393129922000071 52.564398335000078)","Unfall 213431 (2021) Kat:2, Licht: 0","213431","2","2","6","07","11","4","","0","0","1","1","0"
"POINT (13.360304231000043 52.537279561000048)","Unfall 213432 (2021) Kat:3, Licht: 0","213432","3","2","5","07","06","2","","0","0","1","0","0"
"POINT (13.311079903000063 52.506493989000035)","Unfall 213433 (2021) Kat:3, Licht: 0","213433","3","2","5","06","12","4","","0","1","1","0","0"
"POINT (13.513231921000056 52.539487080000072)","Unfall 213434 (2021) Kat:3, Licht: 0","213434","3","3","5","05","14","4","","0","1","1","0","0"
"POINT (13.262922187000072 52.439069709000080)","Unfall 213435 (2021) Kat:3, Licht: 0","213435","3","6","2","06","12","2","","0","0","1","0","0"
"POINT (13.310566988000062 52.467021470000077)","Unfall 213436 (2021) Kat:3, Licht: 0","213436","3","3","5","06","16","6","","0","1","1","0","0"
"POINT (13.435811969000042 52.519293852000033)","Unfall 213437 (2021) Kat:3, Licht: 0","213437","3","3","5","07","10","7","","0","1","0","0","0"
"POINT (13.446285554000042 52.486367050000069)","Unfall 213438 (2021) Kat:3, Licht: 0","213438","3","1","0","06","19","7","","0","1","0","0","0"
"POINT (13.443197103000045 52.482246436000082)","Unfall 213439 (2021) Kat:2, Licht: 0","213439","2","3","5","06","10","7","","0","0","1","0","0"
"POINT (13.199670318000074 52.534564426000031)","Unfall 213440 (2021) Kat:3, Licht: 0","213440","3","3","0","06","13","3","","0","0","1","0","1"
"POINT (13.427312739000058 52.552409518000047)","Unfall 213441 (2021) Kat:3, Licht: 0","213441","3","2","5","06","10","3","","0","0","1","0","0"
"POINT (13.493816378000076 52.564993324000056)","Unfall 213442 (2021) Kat:3, Licht: 0","213442","3","6","0","06","18","6","","0","0","0","0","1"
"POINT (13.290304016000050 52.633434745000045)","Unfall 213443 (2021) Kat:3, Licht: 0","213443","3","3","5","06","16","2","","0","1","1","0","0"
"POINT (13.447784473000070 52.471126715000082)","Unfall 213444 (2021) Kat:3, Licht: 0","213444","3","3","5","07","13","6","","0","0","1","0","0"
"POINT (13.512825702000043 52.570329169000047)","Unfall 213445 (2021) Kat:3, Licht: 0","213445","3","3","5","07","14","3","","0","1","1","0","0"
"POINT (13.315258241000038 52.472024156000032)","Unfall 213446 (2021) Kat:3, Licht: 0","213446","3","5","1","06","12","3","","0","1","0","0","0"
"POINT (13.182807611000044 52.512809830000037)","Unfall 213447 (2021) Kat:2, Licht: 0","213447","2","2","5","05","19","3","","0","0","1","0","0"
"POINT (13.210193643000025 52.548700889000031)","Unfall 213448 (2021) Kat:3, Licht: 0","213448","3","6","2","07","13","1","","0","0","1","0","0"
"POINT (13.416673316000072 52.519472059000066)","Unfall 213449 (2021) Kat:3, Licht: 0","213449","3","2","5","06","18","4","","0","1","1","0","0"
"POINT (13.574543726000059 52.513120048000076)","Unfall 213450 (2021) Kat:3, Licht: 0","213450","3","3","5","05","07","6","","0","1","1","0","0"
"POINT (13.431473592000032 52.534416703000034)","Unfall 213451 (2021) Kat:3, Licht: 0","213451","3","3","5","06","07","4","","0","1","1","0","0"
"POINT (13.378259769000067 52.467093898000030)","Unfall 213452 (2021) Kat:2, Licht: 0","213452","2","2","0","06","16","6","","0","0","1","0","1"
"POINT (13.489999135000062 52.420096124000054)","Unfall 213453 (2021) Kat:3, Licht: 0","213453","3","3","5","06","17","6","","0","0","1","0","0"
"POINT (13.343173343000046 52.530685911000035)","Unfall 213454 (2021) Kat:3, Licht: 0","213454","3","7","2","05","13","2","","0","0","1","0","1"
"POINT (13.430566758000055 52.511223287000064)","Unfall 213455 (2021) Kat:3, Licht: 0","213455","3","5","1","06","17","2","","0","1","1","0","0"
"POINT (13.307761756000048 52.488589390000072)","Unfall 213456 (2021) Kat:2, Licht: 2","213456","2","1","9","06","02","5","","2","0","0","0","1"
"POINT (13.403035259000035 52.527548591000027)","Unfall 213457 (2021) Kat:3, Licht: 0","213457","3","5","0","06","12","5","","0","1","1","0","0"
"POINT (13.294338123000045 52.534364148000066)","Unfall 213458 (2021) Kat:3, Licht: 0","213458","3","6","2","07","15","6","","0","0","1","0","0"
"POINT (13.386462105000021 52.549472178000030)","Unfall 213459 (2021) Kat:3, Licht: 2","213459","3","2","5","07","00","6","","2","0","1","0","0"
"POINT (13.347702313000070 52.450664131000053)","Unfall 213460 (2021) Kat:2, Licht: 0","213460","2","5","0","06","11","4","","0","1","1","0","0"
"POINT (13.131797743000050 52.391688479000038)","Unfall 213461 (2021) Kat:2, Licht: 0","213461","2","2","5","06","08","6","","0","1","1","0","0"
"POINT (13.390264118000061 52.507684052000059)","Unfall 213462 (2021) Kat:2, Licht: 0","213462","2","3","5","06","15","3","","0","1","1","0","0"
"POINT (13.410004531000027 52.524003087000040)","Unfall 213463 (2021) Kat:3, Licht: 0","213463","3","6","2","07","17","7","","0","1","1","0","0"
"POINT (13.483299485000032 52.611889400000052)","Unfall 213464 (2021) Kat:3, Licht: 0","213464","3","3","5","07","07","3","","0","1","1","0","0"
"POINT (13.209849035000047 52.550885293000078)","Unfall 213465 (2021) Kat:3, Licht: 0","213465","3","6","2","07","15","2","","0","0","1","0","0"
"POINT (13.350163748000057 52.513720512000077)","Unfall 213466 (2021) Kat:3, Licht: 1","213466","3","2","2","06","20","3","","1","1","0","0","0"
"POINT (13.342469072000029 52.482547882000063)","Unfall 213467 (2021) Kat:3, Licht: 0","213467","3","3","5","05","15","3","","0","1","1","0","0"
"POINT (13.368258919000027 52.524032607000038)","Unfall 213468 (2021) Kat:3, Licht: 0","213468","3","7","6","07","11","1","","0","0","1","1","0"
"POINT (13.383258440000077 52.431020584000066)","Unfall 213469 (2021) Kat:3, Licht: 0","213469","3","7","0","06","14","4","","0","0","1","0","1"
"POINT (13.332158750000076 52.505992052000067)","Unfall 213470 (2021) Kat:3, Licht: 0","213470","3","2","0","05","05","6","","0","0","0","0","0"
"POINT (13.460854218000065 52.516608553000026)","Unfall 213471 (2021) Kat:3, Licht: 0","213471","3","5","1","06","12","2","","0","1","1","0","0"
"POINT (13.213557346000073 52.538586481000038)","Unfall 213472 (2021) Kat:3, Licht: 0","213472","3","7","5","06","13","6","","0","1","1","0","0"
"POINT (13.207411153000066 52.543573004000052)","Unfall 213473 (2021) Kat:3, Licht: 0","213473","3","7","0","06","05","4","","0","0","0","0","1"
"POINT (13.316200970000068 52.586702089000028)","Unfall 213474 (2021) Kat:2, Licht: 0","213474","2","3","5","07","11","6","","0","0","1","0","1"
"POINT (13.616436639000028 52.446869050000032)","Unfall 213475 (2021) Kat:2, Licht: 0","213475","2","7","0","06","13","6","","0","1","0","0","0"
"POINT (13.396780935000038 52.380141051000066)","Unfall 213476 (2021) Kat:3, Licht: 0","213476","3","7","6","06","15","6","","0","1","0","1","0"
"POINT (13.185811155000067 52.534228542000051)","Unfall 213477 (2021) Kat:3, Licht: 0","213477","3","2","5","05","13","2","","0","1","1","0","0"
"POINT (13.411955864000049 52.531039367000062)","Unfall 213478 (2021) Kat:3, Licht: 0","213478","3","6","3","06","20","2","","0","0","1","0","1"
"POINT (13.432396264000033 52.516388635000055)","Unfall 213479 (2021) Kat:3, Licht: 0","213479","3","5","1","06","07","5","","0","0","1","0","0"
"POINT (13.385365809000064 52.516647506000027)","Unfall 213480 (2021) Kat:3, Licht: 0","213480","3","6","2","07","14","6","","0","1","1","0","0"
"POINT (13.394014807000076 52.411072816000058)","Unfall 213481 (2021) Kat:3, Licht: 0","213481","3","3","5","07","17","6","","0","0","1","0","0"
"POINT (13.397369622000042 52.491129403000059)","Unfall 213482 (2021) Kat:3, Licht: 0","213482","3","6","3","06","17","5","","0","1","1","0","0"
"POINT (13.540106187000049 52.565300930000035)","Unfall 213483 (2021) Kat:2, Licht: 0","213483","2","2","5","07","07","2","","0","0","1","0","1"
"POINT (13.433166398000026 52.422336409000081)","Unfall 213484 (2021) Kat:3, Licht: 0","213484","3","6","2","06","11","2","","0","0","1","0","0"
"POINT (13.398535373000072 52.532552688000067)","Unfall 213485 (2021) Kat:3, Licht: 1","213485","3","1","0","05","21","1","","1","1","0","0","0"
"POINT (13.403635528000052 52.540411640000059)","Unfall 213486 (2021) Kat:3, Licht: 0","213486","3","6","3","06","17","4","","0","1","0","0","0"
"POINT (13.453603566000027 52.591774466000061)","Unfall 213487 (2021) Kat:3, Licht: 0","213487","3","3","5","05","19","5","","0","1","1","0","0"
"POINT (13.303799881000032 52.525664720000066)","Unfall 213488 (2021) Kat:3, Licht: 0","213488","3","3","5","06","15","2","","0","0","1","0","1"
"POINT (13.385623760000044 52.484953891000032)","Unfall 213489 (2021) Kat:2, Licht: 0","213489","2","6","3","06","10","6","","0","0","1","0","1"
"POINT (13.500663458000076 52.439746348000028)","Unfall 213490 (2021) Kat:3, Licht: 0","213490","3","4","6","06","18","3","","0","0","0","1","0"
"POINT (13.323063140000045 52.456424411000057)","Unfall 213491 (2021) Kat:3, Licht: 0","213491","3","6","2","06","15","5","","0","0","1","0","0"
"POINT (13.376922397000044 52.491543268000044)","Unfall 213492 (2021) Kat:3, Licht: 0","213492","3","3","0","06","09","6","","0","1","1","0","0"
"POINT (13.379311321000046 52.507034354000041)","Unfall 213493 (2021) Kat:3, Licht: 0","213493","3","3","5","05","18","1","","0","1","1","0","0"
"POINT (13.420580212000061 52.548694336000040)","Unfall 213494 (2021) Kat:2, Licht: 0","213494","2","2","5","06","13","5","","0","1","0","0","0"
"POINT (13.548641717000066 52.527901687000053)","Unfall 213495 (2021) Kat:3, Licht: 0","213495","3","6","9","06","13","5","","0","0","1","0","0"
"POINT (13.503450908000048 52.562762462000080)","Unfall 213496 (2021) Kat:3, Licht: 0","213496","3","6","2","07","08","4","","0","0","1","0","0"
"POINT (13.431212582000057 52.552075860000059)","Unfall 213497 (2021) Kat:3, Licht: 1","213497","3","4","6","07","21","4","","1","1","0","1","0"
"POINT (13.437554121000062 52.481219914000064)","Unfall 213498 (2021) Kat:2, Licht: 1","213498","2","3","5","07","20","5","","1","1","1","0","0"
"POINT (13.572926061000032 52.566916484000046)","Unfall 213499 (2021) Kat:3, Licht: 0","213499","3","3","5","06","17","1","","0","1","1","0","0"
"POINT (13.336716255000056 52.497910547000060)","Unfall 213500 (2021) Kat:3, Licht: 0","213500","3","5","1","07","12","1","","0","0","1","0","0"
"POINT (13.328015878000031 52.506710338000062)","Unfall 213501 (2021) Kat:3, Licht: 0","213501","3","5","1","06","20","1","","0","1","1","0","0"
"POINT (13.262939918000029 52.439092673000061)","Unfall 213502 (2021) Kat:3, Licht: 0","213502","3","3","5","06","08","2","","0","0","1","0","1"
"POINT (13.379851409000025 52.540179432000059)","Unfall 213503 (2021) Kat:3, Licht: 0","213503","3","3","5","06","16","3","","0","1","1","0","0"
"POINT (13.338913047000062 52.454861856000036)","Unfall 213504 (2021) Kat:3, Licht: 0","213504","3","3","6","06","08","4","","0","0","1","1","0"
"POINT (13.310403893000057 52.567956550000076)","Unfall 213505 (2021) Kat:3, Licht: 0","213505","3","2","5","06","13","7","","0","1","1","0","0"
"POINT (13.498558047000074 52.538335398000072)","Unfall 213506 (2021) Kat:3, Licht: 0","213506","3","2","5","06","17","4","","0","1","1","0","0"
"POINT (13.656926027000054 52.415222382000081)","Unfall 213507 (2021) Kat:3, Licht: 0","213507","3","2","5","06","15","4","","0","1","1","0","0"
"POINT (13.344504375000042 52.589272148000077)","Unfall 213508 (2021) Kat:3, Licht: 0","213508","3","1","9","06","11","5","","0","1","0","0","0"
"POINT (13.519605531000025 52.487394535000078)","Unfall 213509 (2021) Kat:3, Licht: 0","213509","3","3","5","05","13","7","","0","1","1","0","0"
"POINT (13.306930272000045 52.498768105000067)","Unfall 213510 (2021) Kat:2, Licht: 0","213510","2","1","0","06","13","4","","0","1","0","0","0"
"POINT (13.357343631000049 52.448526261000040)","Unfall 213511 (2021) Kat:3, Licht: 1","213511","3","3","5","07","19","4","","1","0","1","0","0"
"POINT (13.505712536000033 52.464879776000032)","Unfall 213512 (2021) Kat:2, Licht: 0","213512","2","7","1","07","12","2","","0","0","1","0","0"
"POINT (13.380460168000070 52.551581323000050)","Unfall 213513 (2021) Kat:3, Licht: 0","213513","3","5","1","06","14","4","","0","1","1","0","0"
"POINT (13.597500803000059 52.502335833000075)","Unfall 213514 (2021) Kat:3, Licht: 0","213514","3","3","5","05","09","4","","0","0","1","0","0"
"POINT (13.392985108000062 52.506868444000077)","Unfall 213515 (2021) Kat:3, Licht: 2","213515","3","5","1","06","23","6","","2","1","1","0","0"
"POINT (13.473946372000057 52.603594647000079)","Unfall 213516 (2021) Kat:3, Licht: 0","213516","3","1","9","06","17","4","","0","0","0","0","1"
"POINT (13.452793264000036 52.526721890000033)","Unfall 213517 (2021) Kat:3, Licht: 0","213517","3","4","6","07","11","7","","0","0","1","1","0"
"POINT (13.394526006000035 52.519283345000076)","Unfall 213518 (2021) Kat:3, Licht: 0","213518","3","1","0","06","12","7","","0","1","0","0","0"
"POINT (13.400774490000060 52.521042149000039)","Unfall 213519 (2021) Kat:3, Licht: 2","213519","3","7","6","06","23","7","","2","0","1","1","0"
"POINT (13.180510408000032 52.418975525000064)","Unfall 213520 (2021) Kat:2, Licht: 0","213520","2","3","5","06","12","3","","0","1","1","0","0"
"POINT (13.382256898000037 52.446716417000061)","Unfall 213521 (2021) Kat:3, Licht: 0","213521","3","3","5","06","14","2","","0","0","1","0","1"
"POINT (13.377038620000064 52.476828755000042)","Unfall 213522 (2021) Kat:3, Licht: 0","213522","3","2","5","06","18","5","","0","1","0","0","1"
"POINT (13.572489284000028 52.451308260000076)","Unfall 213523 (2021) Kat:3, Licht: 0","213523","3","6","2","06","11","6","","0","0","1","0","0"
"POINT (13.393281642000034 52.564488702000062)","Unfall 213524 (2021) Kat:3, Licht: 0","213524","3","2","2","06","13","2","","0","0","1","0","0"
"POINT (13.341763071000059 52.416017666000073)","Unfall 213525 (2021) Kat:2, Licht: 0","213525","2","3","5","07","10","7","","0","0","1","0","1"
"POINT (13.319126965000066 52.499617433000026)","Unfall 213526 (2021) Kat:3, Licht: 0","213526","3","2","2","07","14","3","","0","0","1","0","0"
"POINT (13.292738046000068 52.590640003000033)","Unfall 213527 (2021) Kat:3, Licht: 0","213527","3","5","1","06","09","3","","0","1","1","0","0"
"POINT (13.193174054000053 52.535928578000039)","Unfall 213528 (2021) Kat:3, Licht: 0","213528","3","7","5","05","16","3","","0","0","1","0","0"
"POINT (13.505677578000075 52.484516821000057)","Unfall 213529 (2021) Kat:3, Licht: 0","213529","3","3","5","07","15","7","","0","1","1","0","0"
"POINT (13.505918691000034 52.508927874000051)","Unfall 213530 (2021) Kat:3, Licht: 0","213530","3","2","5","06","15","4","","0","1","1","0","0"
"POINT (13.466824815000052 52.614985529000080)","Unfall 213531 (2021) Kat:2, Licht: 0","213531","2","2","5","05","07","6","","0","1","1","0","0"
"POINT (13.383633829000075 52.493795412000054)","Unfall 213532 (2021) Kat:3, Licht: 0","213532","3","6","3","06","13","1","","0","0","1","0","1"
"POINT (13.538635997000029 52.434531731000050)","Unfall 213533 (2021) Kat:3, Licht: 0","213533","3","2","5","06","19","6","","0","1","1","0","0"
"POINT (13.409008808000067 52.528297067000040)","Unfall 213534 (2021) Kat:3, Licht: 0","213534","3","2","5","06","18","3","","0","1","0","0","1"
"POINT (13.287665035000032 52.496065241000053)","Unfall 213535 (2021) Kat:3, Licht: 0","213535","3","2","5","06","19","6","","0","1","1","0","0"
"POINT (13.360393006000038 52.548448131000043)","Unfall 213536 (2021) Kat:3, Licht: 0","213536","3","4","6","06","16","6","","0","0","1","1","0"
"POINT (13.463027270000055 52.499514586000032)","Unfall 213537 (2021) Kat:3, Licht: 0","213537","3","3","5","05","08","2","","0","1","1","0","0"
"POINT (13.324564275000057 52.469257598000070)","Unfall 213538 (2021) Kat:3, Licht: 0","213538","3","5","1","06","17","2","","0","1","1","0","0"
"POINT (13.200952831000052 52.541542149000065)","Unfall 213539 (2021) Kat:3, Licht: 0","213539","3","6","3","06","15","5","","0","0","1","0","0"
"POINT (13.319871135000028 52.468806436000079)","Unfall 213540 (2021) Kat:3, Licht: 0","213540","3","3","0","06","18","5","","0","0","1","0","1"
"POINT (13.346236035000061 52.449649778000037)","Unfall 213541 (2021) Kat:3, Licht: 0","213541","3","6","2","06","10","5","","0","0","1","0","0"
"POINT (13.550231952000047 52.542866605000029)","Unfall 213542 (2021) Kat:3, Licht: 0","213542","3","2","5","07","16","5","","0","0","1","0","0"
"POINT (13.390135854000050 52.555258134000042)","Unfall 213543 (2021) Kat:3, Licht: 0","213543","3","6","3","07","14","5","","0","1","1","0","0"
"POINT (13.429787878000070 52.470204616000046)","Unfall 213544 (2021) Kat:2, Licht: 0","213544","2","6","2","06","19","4","","0","0","1","0","1"
"POINT (13.619654467000032 52.455755492000037)","Unfall 213545 (2021) Kat:3, Licht: 1","213545","3","1","8","07","20","2","","1","0","1","0","0"
"POINT (13.309795442000052 52.506580234000069)","Unfall 213546 (2021) Kat:3, Licht: 0","213546","3","6","2","06","14","2","","0","0","1","0","0"
"POINT (13.337823752000077 52.525475377000078)","Unfall 213547 (2021) Kat:2, Licht: 0","213547","2","3","5","06","17","4","","0","1","1","0","0"
"POINT (13.319788794000033 52.430137677000062)","Unfall 213548 (2021) Kat:3, Licht: 0","213548","3","7","0","06","14","3","","0","0","0","0","1"
"POINT (13.485895787000061 52.548646285000075)","Unfall 213549 (2021) Kat:3, Licht: 0","213549","3","5","0","06","17","1","","0","1","1","0","0"
"POINT (13.413708823000036 52.520112663000077)","Unfall 213550 (2021) Kat:3, Licht: 0","213550","3","6","2","06","18","7","","0","1","0","0","0"
"POINT (13.265250174000073 52.513742250000064)","Unfall 213551 (2021) Kat:3, Licht: 0","213551","3","5","1","06","08","3","","0","1","1","0","0"
"POINT (13.582287599000040 52.437452014000030)","Unfall 213552 (2021) Kat:3, Licht: 0","213552","3","2","5","06","17","4","","0","1","1","0","0"
"POINT (13.366635595000048 52.618508834000068)","Unfall 213553 (2021) Kat:3, Licht: 0","213553","3","1","8","06","10","5","","0","0","1","0","0"
"POINT (13.293209310000066 52.534591970000065)","Unfall 213554 (2021) Kat:3, Licht: 1","213554","3","6","3","05","21","1","","1","0","1","0","1"
"POINT (13.639906333000056 52.527386873000069)","Unfall 213555 (2021) Kat:3, Licht: 0","213555","3","6","3","06","12","5","","0","1","0","0","0"
"POINT (13.455651651000039 52.593012119000036)","Unfall 213556 (2021) Kat:3, Licht: 0","213556","3","7","2","07","12","4","","0","0","1","0","0"
"POINT (13.327941180000039 52.541285764000065)","Unfall 213557 (2021) Kat:3, Licht: 0","213557","3","7","5","07","14","3","","0","1","1","0","0"
"POINT (13.405384839000021 52.505139945000053)","Unfall 213558 (2021) Kat:3, Licht: 0","213558","3","2","5","06","10","4","","0","1","1","0","0"
"POINT (13.342516815000067 52.502156245000037)","Unfall 213559 (2021) Kat:3, Licht: 0","213559","3","7","6","05","19","4","","0","0","1","1","0"
"POINT (13.658890103000033 52.373652277000076)","Unfall 213560 (2021) Kat:3, Licht: 0","213560","3","2","5","06","11","1","","0","1","1","0","0"
"POINT (13.441411043000073 52.507497803000035)","Unfall 213561 (2021) Kat:3, Licht: 0","213561","3","2","5","06","17","6","","0","0","1","0","1"
"POINT (13.416653171000064 52.510955991000060)","Unfall 213562 (2021) Kat:3, Licht: 0","213562","3","1","0","07","13","1","","0","0","0","0","1"
"POINT (13.226986060000058 52.625952684000026)","Unfall 213563 (2021) Kat:3, Licht: 0","213563","3","3","5","06","13","1","","0","1","1","0","0"
"POINT (13.318346136000059 52.433836844000041)","Unfall 213564 (2021) Kat:3, Licht: 0","213564","3","5","1","06","17","7","","0","1","1","0","0"
"POINT (13.352990530000056 52.499330374000067)","Unfall 213565 (2021) Kat:2, Licht: 0","213565","2","3","5","06","08","3","","0","1","1","0","0"
"POINT (13.320116279000047 52.478821230000051)","Unfall 213566 (2021) Kat:3, Licht: 0","213566","3","2","6","06","14","3","","0","0","1","1","0"
"POINT (13.458298089000039 52.568820633000030)","Unfall 213567 (2021) Kat:3, Licht: 0","213567","3","7","6","06","15","6","","0","0","1","1","0"
"POINT (13.319319235000023 52.498054456000034)","Unfall 213568 (2021) Kat:3, Licht: 0","213568","3","5","1","06","10","2","","0","1","1","0","0"
"POINT (13.316862402000027 52.478217557000050)","Unfall 213569 (2021) Kat:3, Licht: 2","213569","3","1","8","07","01","7","","2","0","1","0","0"
"POINT (13.418821987000058 52.500624459000051)","Unfall 213570 (2021) Kat:2, Licht: 1","213570","2","6","2","07","21","2","","1","1","0","0","0"
"POINT (13.348282867000023 52.500607238000043)","Unfall 213571 (2021) Kat:3, Licht: 0","213571","3","5","1","06","16","2","","0","0","1","0","0"
"POINT (13.686227473000031 52.442395221000027)","Unfall 213572 (2021) Kat:3, Licht: 0","213572","3","1","0","05","19","1","","0","1","0","0","0"
"POINT (13.541425007000043 52.435432160000062)","Unfall 213573 (2021) Kat:2, Licht: 0","213573","2","2","5","06","16","4","","0","1","1","0","0"
"POINT (13.344345720000035 52.504337231000079)","Unfall 213574 (2021) Kat:3, Licht: 0","213574","3","3","5","05","17","5","","0","1","1","0","0"
"POINT (13.372832797000058 52.444723595000028)","Unfall 213575 (2021) Kat:3, Licht: 1","213575","3","3","5","06","20","2","","1","1","0","0","0"
"POINT (13.493379313000048 52.541395194000074)","Unfall 213576 (2021) Kat:3, Licht: 0","213576","3","1","1","06","19","6","","0","0","1","0","0"
"POINT (13.406857416000037 52.518596226000057)","Unfall 213577 (2021) Kat:3, Licht: 0","213577","3","6","2","06","10","3","","0","0","1","0","1"
"POINT (13.562744726000062 52.499234869000077)","Unfall 213578 (2021) Kat:3, Licht: 0","213578","3","2","5","06","13","5","","0","0","1","0","1"
"POINT (13.475771788000031 52.532859040000062)","Unfall 213579 (2021) Kat:3, Licht: 0","213579","3","6","2","06","18","5","","0","0","1","0","0"
"POINT (13.447550476000060 52.513203593000071)","Unfall 213580 (2021) Kat:3, Licht: 0","213580","3","3","5","05","18","1","","0","1","1","0","0"
"POINT (13.374036847000070 52.503742785000043)","Unfall 213581 (2021) Kat:3, Licht: 0","213581","3","3","5","06","08","5","","0","1","1","0","0"
"POINT (13.335490660000062 52.451456955000026)","Unfall 213582 (2021) Kat:3, Licht: 0","213582","3","2","0","07","15","5","","0","0","0","0","0"
"POINT (13.447415673000023 52.547372885000073)","Unfall 213583 (2021) Kat:3, Licht: 0","213583","3","5","1","07","18","3","","0","1","1","0","0"
"POINT (13.346829006000064 52.435426712000037)","Unfall 213584 (2021) Kat:3, Licht: 0","213584","3","6","2","06","14","4","","0","0","1","0","0"
"POINT (13.375710478000030 52.455804587000046)","Unfall 213585 (2021) Kat:3, Licht: 0","213585","3","2","6","05","13","4","","0","0","1","1","0"
"POINT (13.280608687000040 52.436072391000039)","Unfall 213586 (2021) Kat:3, Licht: 0","213586","3","3","5","06","12","1","","0","1","1","0","0"
"POINT (13.423777288000053 52.490459359000056)","Unfall 213587 (2021) Kat:3, Licht: 0","213587","3","2","5","06","17","7","","0","0","1","0","0"
"POINT (13.454530705000025 52.474419789000081)","Unfall 213588 (2021) Kat:3, Licht: 2","213588","3","3","5","07","23","1","","2","0","1","0","1"
"POINT (13.231568487000061 52.527732510000078)","Unfall 213589 (2021) Kat:3, Licht: 0","213589","3","6","2","06","13","1","","0","0","1","0","0"
"POINT (13.392110759000047 52.508763004000059)","Unfall 213590 (2021) Kat:3, Licht: 0","213590","3","3","5","06","17","2","","0","1","1","0","0"
"POINT (13.439393773000063 52.547761916000070)","Unfall 213591 (2021) Kat:3, Licht: 2","213591","3","1","8","06","00","4","","2","0","1","0","0"
"POINT (13.420398749000071 52.538457758000050)","Unfall 213592 (2021) Kat:2, Licht: 0","213592","2","5","1","06","06","3","","0","1","1","0","0"
"POINT (13.325814110000067 52.509371925000039)","Unfall 213593 (2021) Kat:3, Licht: 1","213593","3","6","2","06","21","1","","1","0","0","0","0"
"POINT (13.243947294000066 52.445965905000037)","Unfall 213594 (2021) Kat:3, Licht: 0","213594","3","3","5","06","11","3","","0","1","1","0","0"
"POINT (13.394003514000076 52.540951875000076)","Unfall 213595 (2021) Kat:2, Licht: 2","213595","2","6","2","07","22","6","","2","0","1","0","0"
"POINT (13.484746507000068 52.463660271000037)","Unfall 213596 (2021) Kat:3, Licht: 0","213596","3","6","3","06","07","4","","0","0","1","0","0"
"POINT (13.496991208000054 52.500697116000026)","Unfall 213597 (2021) Kat:3, Licht: 0","213597","3","1","0","06","16","5","","0","1","0","0","0"
"POINT (13.436493071000029 52.483588623000060)","Unfall 213598 (2021) Kat:3, Licht: 0","213598","3","5","0","05","17","7","","0","0","1","0","1"
"POINT (13.332201488000067 52.541412724000054)","Unfall 213599 (2021) Kat:3, Licht: 0","213599","3","5","0","06","19","4","","0","1","1","0","0"
"POINT (13.297576824000032 52.442916744000058)","Unfall 213600 (2021) Kat:3, Licht: 0","213600","3","5","1","07","16","4","","0","1","1","0","0"
"POINT (13.601139964000026 52.479236325000045)","Unfall 213601 (2021) Kat:3, Licht: 0","213601","3","3","5","07","08","2","","0","1","0","0","0"
"POINT (13.427193429000056 52.475201920000075)","Unfall 213602 (2021) Kat:3, Licht: 0","213602","3","2","5","06","07","4","","0","0","1","0","1"
"POINT (13.398208272000034 52.506988766000063)","Unfall 213603 (2021) Kat:3, Licht: 0","213603","3","6","2","05","16","2","","0","0","1","0","0"
"POINT (13.382958153000061 52.530644116000076)","Unfall 213604 (2021) Kat:3, Licht: 0","213604","3","6","2","06","11","4","","0","1","1","0","0"
"POINT (13.371971781000070 52.492450815000041)","Unfall 213605 (2021) Kat:3, Licht: 0","213605","3","6","2","06","13","6","","0","0","1","0","0"
"POINT (13.392480449000061 52.464594252000040)","Unfall 213606 (2021) Kat:3, Licht: 0","213606","3","5","1","06","07","4","","0","1","1","0","0"
"POINT (13.431300638000039 52.493261600000039)","Unfall 213607 (2021) Kat:3, Licht: 0","213607","3","5","5","07","19","7","","0","1","1","0","0"
"POINT (13.426296757000046 52.505696198000066)","Unfall 213608 (2021) Kat:3, Licht: 0","213608","3","1","8","06","06","7","","0","0","1","0","0"
"POINT (13.322079914000028 52.560479221000037)","Unfall 213609 (2021) Kat:3, Licht: 2","213609","3","1","8","06","03","1","","2","0","1","0","0"
"POINT (13.279841628000042 52.475913819000027)","Unfall 213610 (2021) Kat:3, Licht: 0","213610","3","6","2","06","15","3","","0","0","1","0","1"
"POINT (13.390700798000069 52.419945535000068)","Unfall 213611 (2021) Kat:3, Licht: 0","213611","3","2","5","06","10","2","","0","1","1","0","0"
"POINT (13.368009338000036 52.485073050000040)","Unfall 213612 (2021) Kat:3, Licht: 2","213612","3","3","0","06","23","5","","2","1","1","0","0"
"POINT (13.585658619000071 52.523649277000061)","Unfall 213613 (2021) Kat:3, Licht: 0","213613","3","3","5","06","15","6","","0","1","1","0","0"
"POINT (13.410241483000050 52.523992102000079)","Unfall 213614 (2021) Kat:3, Licht: 0","213614","3","1","0","06","19","5","","0","0","0","0","1"
"POINT (13.460440159000029 52.523266412000055)","Unfall 213615 (2021) Kat:3, Licht: 0","213615","3","3","5","06","14","2","","0","1","0","0","0"