WKT,Name,OBJECTID,UKATEGORIE,UTYP1,UART,UMONAT,USTUNDE,UWOCHENTAG,STRZUSTAND,ULICHTVERH,ISTRAD,ISTPKW,ISTFUSS,ISTKRAD
"POINT (13.395759105000025 52.488952714000050)","Unfall 213616 (2021) Kat:3, Licht: 0","213616","3","1","0","07","16","6","","0","0","0","0","1"
"POINT (13.329791360000058 52.525678073000051)","Unfall 213617 (2021) Kat:2, Licht: 0","213617","2","7","6","07","12","3","","0","1","0","1","0"
"POINT (13.433269639000059 52.498900919000050)","Unfall 213618 (2021) Kat:3, Licht: 1","213618","3","6","4","06","20","3","","1","1","1","0","0"
"POINT (13.277103259000057 52.501924241000040)","Unfall 213619 (2021) Kat:2, Licht: 0","213619","2","1","9","05","16","2","","0","0","0","0","1"
"POINT (13.412936190000039 52.523572193000064)","Unfall 213620 (2021) Kat:3, Licht: 0","213620","3","2","0","07","20","7","","0","1","1","0","0"
"POINT (13.511168935000057 52.498045446000049)","Unfall 213621 (2021) Kat:3, Licht: 0","213621","3","3","5","06","10","4","","0","1","1","0","0"
"POINT (13.385364185000071 52.538405410000053)","Unfall 213622 (2021) Kat:2, Licht: 2","213622","2","4","6","05","00","5","","2","0","0","1","0"
"POINT (13.442279257000052 52.500894925000068)","Unfall 213623 (2021) Kat:3, Licht: 0","213623","3","2","5","06","20","2","","0","1","1","0","0"
"POINT (13.424661774000072 52.499792741000078)","Unfall 213624 (2021) Kat:2, Licht: 0","213624","2","6","4","06","19","6","","0","0","1","0","0"
"POINT (13.199495015000025 52.534802175000038)","Unfall 213625 (2021) Kat:3, Licht: 0","213625","3","2","2","06","15","3","","0","0","1","0","0"
"POINT (13.230035825000073 52.433888572000058)","Unfall 213626 (2021) Kat:2, Licht: 0","213626","2","3","5","06","08","6","","0","1","1","0","0"
"POINT (13.413759244000062 52.459578123000028)","Unfall 213627 (2021) Kat:2, Licht: 0","213627","2","2","5","06","15","6","","0","1","1","0","0"
"POINT (13.189028635000057 52.546655921000081)","Unfall 213628 (2021) Kat:3, Licht: 0","213628","3","5","1","05","15","2","","0","0","1","0","0"
"POINT (13.291271813000037 52.497127463000027)","Unfall 213629 (2021) Kat:3, Licht: 0","213629","3","2","2","06","14","2","","0","0","1","0","0"
"POINT (13.417894629000045 52.514659429000062)","Unfall 213630 (2021) Kat:3, Licht: 0","213630","3","4","6","06","13","6","","0","0","0","1","1"
"POINT (13.296741875000066 52.548124064000035)","Unfall 213631 (2021) Kat:2, Licht: 0","213631","2","2","5","07","06","5","","0","0","1","0","0"
"POINT (13.384135832000027 52.556042808000029)","Unfall 213632 (2021) Kat:2, Licht: 2","213632","2","3","5","06","23","4","","2","0","1","0","0"
"POINT (13.325352245000033 52.502608605000034)","Unfall 213633 (2021) Kat:3, Licht: 2","213633","3","3","5","06","23","7","","2","0","1","0","0"
"POINT (13.363136815000075 52.476181309000026)","Unfall 213634 (2021) Kat:3, Licht: 0","213634","3","2","5","07","09","2","","0","1","0","0","0"
"POINT (13.435554095000043 52.556511812000053)","Unfall 213635 (2021) Kat:3, Licht: 0","213635","3","4","6","06","15","2","","0","0","1","1","0"
"POINT (13.560062216000063 52.529503119000026)","Unfall 213636 (2021) Kat:3, Licht: 0","213636","3","6","2","06","17","4","","0","0","1","0","0"
"POINT (13.292295696000053 52.590550034000046)","Unfall 213637 (2021) Kat:2, Licht: 0","213637","2","3","5","06","07","4","","0","1","1","0","0"
"POINT (13.304859433000047 52.518051185000047)","Unfall 213638 (2021) Kat:3, Licht: 0","213638","3","6","3","06","19","1","","0","0","1","0","1"
"POINT (13.398761946000036 52.525697732000026)","Unfall 213639 (2021) Kat:3, Licht: 0","213639","3","5","1","06","16","3","","0","1","1","0","0"
"POINT (13.508789910000075 52.452269269000055)","Unfall 213640 (2021) Kat:3, Licht: 0","213640","3","2","5","06","10","5","","0","1","0","0","0"
"POINT (13.390911280000068 52.527931910000063)","Unfall 213641 (2021) Kat:3, Licht: 0","213641","3","7","3","06","10","5","","0","1","1","0","0"
"POINT (13.396464816000048 52.491468990000044)","Unfall 213642 (2021) Kat:3, Licht: 0","213642","3","3","5","05","17","2","","0","1","1","0","0"
"POINT (13.528804715000035 52.426367604000063)","Unfall 213643 (2021) Kat:3, Licht: 0","213643","3","6","2","06","14","5","","0","0","1","0","1"
"POINT (13.586344278000070 52.501743468000029)","Unfall 213644 (2021) Kat:3, Licht: 1","213644","3","5","1","07","04","4","","1","0","1","0","0"
"POINT (13.423525025000060 52.555117115000030)","Unfall 213645 (2021) Kat:3, Licht: 0","213645","3","2","5","07","15","3","","0","0","1","0","1"
"POINT (13.427615168000045 52.490404045000048)","Unfall 213646 (2021) Kat:3, Licht: 0","213646","3","1","0","06","16","4","","0","1","0","0","0"
"POINT (13.609857660000046 52.533044556000050)","Unfall 213647 (2021) Kat:1, Licht: 0","213647","1","4","6","05","15","3","","0","0","0","1","0"
"POINT (13.541253770000026 52.435351410000067)","Unfall 213648 (2021) Kat:3, Licht: 0","213648","3","2","5","06","12","7","","0","0","1","0","0"
"POINT (13.306385646000024 52.500937447000069)","Unfall 213649 (2021) Kat:2, Licht: 0","213649","2","1","0","07","15","6","","0","0","0","0","1"
"POINT (13.331088942000065 52.495150450000040)","Unfall 213650 (2021) Kat:3, Licht: 0","213650","3","2","5","06","10","6","","0","1","1","0","0"
"POINT (13.207211649000044 52.538880486000039)","Unfall 213651 (2021) Kat:3, Licht: 0","213651","3","6","2","06","18","7","","0","0","1","0","0"
"POINT (13.248109139000064 52.535112583000057)","Unfall 213652 (2021) Kat:3, Licht: 1","213652","3","7","0","06","04","3","","1","0","0","0","1"
"POINT (13.272149181000032 52.508855709000045)","Unfall 213653 (2021) Kat:3, Licht: 0","213653","3","3","5","06","09","3","","0","0","1","0","0"
"POINT (13.326158848000034 52.478727903000049)","Unfall 213654 (2021) Kat:3, Licht: 0","213654","3","6","2","06","16","6","","0","0","1","0","0"
"POINT (13.477754312000059 52.530799725000065)","Unfall 213655 (2021) Kat:3, Licht: 0","213655","3","7","5","06","13","3","","0","0","1","0","0"
"POINT (13.380429935000052 52.518137194000076)","Unfall 213656 (2021) Kat:3, Licht: 0","213656","3","2","5","07","17","7","","0","1","1","0","0"
"POINT (13.318228466000051 52.501494367000078)","Unfall 213657 (2021) Kat:3, Licht: 0","213657","3","6","0","06","11","4","","0","0","0","0","0"
"POINT (13.550463740000055 52.533525823000048)","Unfall 213658 (2021) Kat:3, Licht: 1","213658","3","1","0","05","21","6","","1","0","0","0","1"
"POINT (13.202640478000035 52.540222407000044)","Unfall 213659 (2021) Kat:3, Licht: 0","213659","3","7","2","07","14","3","","0","0","1","0","0"
"POINT (13.219194566000056 52.537173094000082)","Unfall 213660 (2021) Kat:3, Licht: 0","213660","3","3","4","07","17","2","","0","0","1","0","0"
"POINT (13.343322393000051 52.530265537000048)","Unfall 213661 (2021) Kat:3, Licht: 0","213661","3","7","1","06","12","3","","0","0","1","0","0"
"POINT (13.329385055000046 52.523850140000036)","Unfall 213662 (2021) Kat:3, Licht: 0","213662","3","6","2","05","13","3","","0","0","1","0","0"
"POINT (13.336872757000037 52.595747301000074)","Unfall 213663 (2021) Kat:3, Licht: 2","213663","3","5","1","07","00","2","","2","1","1","0","0"
"POINT (13.454066748000059 52.482497713000043)","Unfall 213664 (2021) Kat:3, Licht: 0","213664","3","3","5","06","19","4","","0","1","1","0","0"
"POINT (13.282649484000046 52.446204665000039)","Unfall 213665 (2021) Kat:3, Licht: 0","213665","3","4","6","05","17","6","","0","0","1","1","0"
"POINT (13.308153442000048 52.483960173000071)","Unfall 213666 (2021) Kat:3, Licht: 0","213666","3","6","3","06","08","4","","0","1","0","0","0"
"POINT (13.329726652000033 52.523723661000076)","Unfall 213667 (2021) Kat:3, Licht: 0","213667","3","2","5","07","06","6","","0","1","1","0","0"
"POINT (13.567528518000074 52.569802655000046)","Unfall 213668 (2021) Kat:3, Licht: 0","213668","3","4","6","06","16","5","","0","0","1","1","0"
"POINT (13.431946885000059 52.505765499000063)","Unfall 213669 (2021) Kat:3, Licht: 0","213669","3","2","5","06","19","6","","0","1","0","0","0"
"POINT (13.414046412000062 52.515724766000062)","Unfall 213670 (2021) Kat:3, Licht: 0","213670","3","6","3","05","13","2","","0","1","0","0","0"
"POINT (13.614249639000036 52.530255887000067)","Unfall 213671 (2021) Kat:3, Licht: 0","213671","3","3","5","06","12","2","","0","1","1","0","0"
"POINT (13.279359772000078 52.523840262000078)","Unfall 213672 (2021) Kat:3, Licht: 0","213672","3","6","3","06","12","5","","0","1","0","0","0"
"POINT (13.395171294000022 52.495939826000040)","Unfall 213673 (2021) Kat:3, Licht: 0","213673","3","1","0","06","09","5","","0","0","0","0","1"
"POINT (13.289927383000077 52.473491550000062)","Unfall 213674 (2021) Kat:3, Licht: 0","213674","3","7","6","07","13","6","","0","0","1","1","0"
"POINT (13.457217245000038 52.561053194000067)","Unfall 213675 (2021) Kat:3, Licht: 0","213675","3","2","5","07","19","6","","0","1","1","0","0"
"POINT (13.428320952000036 52.518944713000053)","Unfall 213676 (2021) Kat:3, Licht: 0","213676","3","6","3","07","17","2","","0","0","0","0","1"
"POINT (13.314600809000069 52.510827836000033)","Unfall 213677 (2021) Kat:3, Licht: 0","213677","3","7","2","06","14","2","","0","0","1","0","1"
"POINT (13.165385324000056 52.551174947000050)","Unfall 213678 (2021) Kat:3, Licht: 0","213678","3","2","5","05","11","2","","0","0","1","0","0"
"POINT (13.407367370000031 52.526186120000034)","Unfall 213679 (2021) Kat:3, Licht: 0","213679","3","5","0","06","14","4","","0","0","1","0","0"
"POINT (13.405357251000055 52.508279173000062)","Unfall 213680 (2021) Kat:3, Licht: 0","213680","3","3","5","07","18","3","","0","1","1","0","0"
"POINT (13.372319500000060 52.444532337000055)","Unfall 213681 (2021) Kat:2, Licht: 0","213681","2","3","5","08","16","7","","0","0","0","0","1"
"POINT (13.198954057000037 52.554037556000026)","Unfall 213682 (2021) Kat:3, Licht: 0","213682","3","2","0","08","19","2","","0","0","1","0","1"
"POINT (13.331466543000033 52.562151687000039)","Unfall 213683 (2021) Kat:3, Licht: 0","213683","3","6","3","07","10","3","","0","0","1","0","0"
"POINT (13.326462611000068 52.476449926000043)","Unfall 213684 (2021) Kat:2, Licht: 0","213684","2","3","5","08","15","4","","0","1","0","0","0"
"POINT (13.386004723000042 52.531614209000054)","Unfall 213685 (2021) Kat:3, Licht: 0","213685","3","6","2","07","08","6","","0","0","1","0","0"
"POINT (13.508613431000072 52.559561474000077)","Unfall 213686 (2021) Kat:2, Licht: 0","213686","2","3","5","07","12","4","","0","1","0","0","0"
"POINT (13.386764966000044 52.559340892000080)","Unfall 213687 (2021) Kat:3, Licht: 0","213687","3","2","5","08","16","2","","0","1","1","0","0"
"POINT (13.505999852000059 52.497126196000067)","Unfall 213688 (2021) Kat:3, Licht: 0","213688","3","3","5","08","15","4","","0","0","1","0","0"
"POINT (13.574124906000065 52.395800753000060)","Unfall 213689 (2021) Kat:3, Licht: 0","213689","3","3","5","07","17","5","","0","1","1","0","0"
"POINT (13.402981946000068 52.494121583000037)","Unfall 213690 (2021) Kat:3, Licht: 2","213690","3","3","5","07","01","5","","2","1","1","0","0"
"POINT (13.575112255000022 52.446572379000031)","Unfall 213691 (2021) Kat:3, Licht: 0","213691","3","5","1","08","07","4","","0","1","1","0","0"
"POINT (13.377147567000065 52.528156899000066)","Unfall 213692 (2021) Kat:3, Licht: 0","213692","3","7","0","07","16","3","","0","1","0","0","0"
"POINT (13.414600585000073 52.553582835000043)","Unfall 213693 (2021) Kat:3, Licht: 2","213693","3","1","9","08","22","6","","2","0","1","0","0"
"POINT (13.259622590000049 52.546736979000059)","Unfall 213694 (2021) Kat:3, Licht: 0","213694","3","6","2","08","15","3","","0","0","1","0","1"
"POINT (13.390475203000051 52.495980261000057)","Unfall 213695 (2021) Kat:3, Licht: 0","213695","3","3","5","08","07","6","","0","1","1","0","0"
"POINT (13.396855157000061 52.523967352000057)","Unfall 213696 (2021) Kat:3, Licht: 0","213696","3","4","0","07","18","1","","0","0","0","1","1"
"POINT (13.431800030000034 52.466414409000038)","Unfall 213697 (2021) Kat:2, Licht: 2","213697","2","2","6","07","21","6","","2","0","1","1","0"
"POINT (13.375894983000023 52.528554191000069)","Unfall 213698 (2021) Kat:3, Licht: 0","213698","3","2","5","08","13","2","","0","1","1","0","0"
"POINT (13.350145993000069 52.524499553000055)","Unfall 213699 (2021) Kat:3, Licht: 0","213699","3","5","0","07","15","4","","0","1","0","0","0"
"POINT (13.278706198000066 52.430964999000082)","Unfall 213700 (2021) Kat:3, Licht: 0","213700","3","6","2","08","09","2","","0","0","1","0","0"
"POINT (13.427800635000040 52.489058337000074)","Unfall 213701 (2021) Kat:3, Licht: 0","213701","3","5","1","08","12","4","","0","1","1","0","0"
"POINT (13.450625460000026 52.522377379000034)","Unfall 213702 (2021) Kat:2, Licht: 0","213702","2","3","5","08","16","6","","0","1","1","0","0"
"POINT (13.526831450000032 52.428100262000044)","Unfall 213703 (2021) Kat:3, Licht: 0","213703","3","6","2","08","11","2","","0","0","1","0","1"
"POINT (13.282298845000071 52.483791385000075)","Unfall 213704 (2021) Kat:3, Licht: 0","213704","3","2","5","08","07","6","","0","1","1","0","0"
"POINT (13.281081924000034 52.507670760000053)","Unfall 213705 (2021) Kat:3, Licht: 0","213705","3","3","5","07","10","6","","0","1","1","0","0"
"POINT (13.291705950000051 52.466815373000031)","Unfall 213706 (2021) Kat:3, Licht: 0","213706","3","5","0","08","14","5","","0","0","1","0","0"
"POINT (13.197806296000067 52.519294223000031)","Unfall 213707 (2021) Kat:3, Licht: 0","213707","3","6","3","07","13","6","","0","0","1","0","1"
"POINT (13.370188840000026 52.556845470000042)","Unfall 213708 (2021) Kat:3, Licht: 2","213708","3","7","0","08","03","1","","2","0","0","0","0"
"POINT (13.573505800000078 52.552218358000061)","Unfall 213709 (2021) Kat:3, Licht: 0","213709","3","4","6","08","07","3","","0","0","1","1","0"
"POINT (13.434017696000069 52.442770263000057)","Unfall 213710 (2021) Kat:3, Licht: 0","213710","3","7","5","07","12","4","","0","0","1","0","1"
"POINT (13.403529889000026 52.540383134000081)","Unfall 213711 (2021) Kat:3, Licht: 0","213711","3","6","2","08","18","1","","0","0","1","0","0"
"POINT (13.385425705000046 52.557403163000060)","Unfall 213712 (2021) Kat:3, Licht: 0","213712","3","1","0","08","18","3","","0","1","0","0","0"
"POINT (13.523757764000038 52.459686482000052)","Unfall 213713 (2021) Kat:3, Licht: 0","213713","3","7","5","08","17","5","","0","0","1","0","0"
"POINT (13.305686865000041 52.448113449000061)","Unfall 213714 (2021) Kat:3, Licht: 0","213714","3","4","6","08","12","5","","0","0","1","1","0"
"POINT (13.355962172000034 52.543220888000064)","Unfall 213715 (2021) Kat:3, Licht: 1","213715","3","1","0","07","06","5","","1","1","0","0","0"
"POINT (13.376286659000073 52.522035105000043)","Unfall 213716 (2021) Kat:3, Licht: 0","213716","3","1","0","08","10","5","","0","1","0","0","0"
"POINT (13.412996508000049 52.488282250000054)","Unfall 213717 (2021) Kat:3, Licht: 0","213717","3","5","0","07","10","6","","0","0","1","0","0"
"POINT (13.475593969000045 52.512061581000069)","Unfall 213718 (2021) Kat:2, Licht: 0","213718","2","6","2","07","17","5","","0","0","1","0","1"
"POINT (13.368430709000052 52.597332011000049)","Unfall 213719 (2021) Kat:3, Licht: 2","213719","3","2","5","08","22","6","","2","1","1","0","0"
"POINT (13.388749027000074 52.550168738000082)","Unfall 213720 (2021) Kat:3, Licht: 0","213720","3","3","3","08","19","3","","0","0","1","0","0"
"POINT (13.370766119000052 52.560631545000035)","Unfall 213721 (2021) Kat:3, Licht: 0","213721","3","5","1","07","08","2","","0","0","1","0","0"
"POINT (13.331813437000051 52.500639297000077)","Unfall 213722 (2021) Kat:2, Licht: 0","213722","2","1","0","08","13","7","","0","1","0","0","0"
"POINT (13.527178044000038 52.492001249000054)","Unfall 213723 (2021) Kat:3, Licht: 0","213723","3","6","2","08","11","2","","0","0","1","0","0"
"POINT (13.562029842000072 52.436776783000028)","Unfall 213724 (2021) Kat:3, Licht: 0","213724","3","3","5","07","11","2","","0","0","1","0","1"
"POINT (13.377671756000041 52.465669493000064)","Unfall 213725 (2021) Kat:3, Licht: 0","213725","3","1","0","08","11","3","","0","0","0","0","1"
"POINT (13.565603936000059 52.570444739000038)","Unfall 213726 (2021) Kat:3, Licht: 0","213726","3","2","5","08","14","4","","0","0","1","0","0"
"POINT (13.426666567000041 52.487446232000082)","Unfall 213727 (2021) Kat:3, Licht: 0","213727","3","6","3","07","09","5","","0","1","0","0","0"
"POINT (13.348505040000077 52.535831453000071)","Unfall 213728 (2021) Kat:3, Licht: 0","213728","3","7","0","07","13","4","","0","0","1","0","0"
"POINT (13.348533007000071 52.521977626000080)","Unfall 213729 (2021) Kat:3, Licht: 0","213729","3","1","0","08","17","4","","0","1","0","0","0"
"POINT (13.345151322000049 52.489181606000045)","Unfall 213730 (2021) Kat:3, Licht: 0","213730","3","2","5","07","15","1","","0","1","1","0","0"
"POINT (13.392585637000025 52.412689457000056)","Unfall 213731 (2021) Kat:3, Licht: 0","213731","3","2","6","08","12","6","","0","0","1","1","0"
"POINT (13.198520106000046 52.533234694000043)","Unfall 213732 (2021) Kat:3, Licht: 0","213732","3","6","2","08","12","2","","0","0","1","0","0"
"POINT (13.383338638000055 52.548583513000040)","Unfall 213733 (2021) Kat:3, Licht: 0","213733","3","3","5","08","12","6","","0","1","0","0","0"
"POINT (13.455162950000044 52.453047876000028)","Unfall 213734 (2021) Kat:2, Licht: 0","213734","2","3","5","08","11","5","","0","0","1","0","0"
"POINT (13.207757081000068 52.538702620000038)","Unfall 213735 (2021) Kat:2, Licht: 0","213735","2","6","2","07","18","7","","0","0","1","0","1"
"POINT (13.411045365000064 52.554106328000046)","Unfall 213736 (2021) Kat:3, Licht: 1","213736","3","7","0","08","20","1","","1","1","1","0","0"
"POINT (13.348595756000066 52.453684210000063)","Unfall 213737 (2021) Kat:3, Licht: 1","213737","3","6","3","07","20","5","","1","0","1","0","1"
"POINT (13.457703759000026 52.512799071000074)","Unfall 213738 (2021) Kat:3, Licht: 0","213738","3","3","5","08","14","7","","0","0","1","0","1"
"POINT (13.352263485000037 52.505292841000028)","Unfall 213739 (2021) Kat:3, Licht: 0","213739","3","2","5","08","17","3","","0","1","1","0","0"
"POINT (13.451941843000043 52.438296638000054)","Unfall 213740 (2021) Kat:2, Licht: 0","213740","2","3","5","08","15","5","","0","0","1","0","1"
"POINT (13.314759998000056 52.430589643000076)","Unfall 213741 (2021) Kat:3, Licht: 0","213741","3","6","3","08","19","5","","0","0","1","0","1"
"POINT (13.619638069000075 52.539903375000051)","Unfall 213742 (2021) Kat:3, Licht: 0","213742","3","4","6","07","19","6","","0","0","1","1","0"
"POINT (13.440701123000053 52.517323400000066)","Unfall 213743 (2021) Kat:3, Licht: 0","213743","3","3","5","07","11","5","","0","1","1","0","0"
"POINT (13.406132269000068 52.581685988000061)","Unfall 213744 (2021) Kat:2, Licht: 0","213744","2","2","5","08","13","5","","0","1","0","0","0"
"POINT (13.291562471000077 52.497172557000056)","Unfall 213745 (2021) Kat:3, Licht: 0","213745","3","4","6","07","19","1","","0","0","1","1","0"
"POINT (13.312077242000043 52.585062540000081)","Unfall 213746 (2021) Kat:3, Licht: 0","213746","3","1","0","07","16","6","","0","0","0","0","1"
"POINT (13.504893087000028 52.573385486000063)","Unfall 213747 (2021) Kat:2, Licht: 0","213747","2","4","6","08","12","1","","0","1","0","1","0"
"POINT (13.360195215000033 52.475317109000059)","Unfall 213748 (2021) Kat:3, Licht: 2","213748","3","1","0","08","01","3","","2","0","0","0","1"
"POINT (13.488094646000036 52.533829881000031)","Unfall 213749 (2021) Kat:3, Licht: 0","213749","3","6","3","07","15","3","","0","0","1","0","0"
"POINT (13.433842811000034 52.549587620000068)","Unfall 213750 (2021) Kat:3, Licht: 0","213750","3","2","5","08","16","7","","0","0","1","0","0"
"POINT (13.297334330000069 52.526517813000055)","Unfall 213751 (2021) Kat:3, Licht: 0","213751","3","2","5","08","13","2","","0","0","1","0","0"
"POINT (13.382522279000057 52.504546104000042)","Unfall 213752 (2021) Kat:3, Licht: 0","213752","3","3","5","08","11","2","","0","0","1","0","0"
"POINT (13.453598506000048 52.591804756000045)","Unfall 213753 (2021) Kat:3, Licht: 0","213753","3","6","2","07","10","4","","0","1","1","0","0"
"POINT (13.329365931000041 52.505371133000040)","Unfall 213754 (2021) Kat:3, Licht: 0","213754","3","6","0","08","16","2","","0","0","1","0","0"
"POINT (13.493577544000061 52.541301540000063)","Unfall 213755 (2021) Kat:3, Licht: 0","213755","3","3","5","08","17","4","","0","0","1","0","0"
"POINT (13.405311998000059 52.522197533000053)","Unfall 213756 (2021) Kat:2, Licht: 1","213756","2","1","0","08","20","4","","1","0","0","0","1"
"POINT (13.467754611000032 52.515106841000033)","Unfall 213757 (2021) Kat:3, Licht: 0","213757","3","7","6","08","19","5","","0","1","0","1","0"
"POINT (13.296300476000056 52.497612799000080)","Unfall 213758 (2021) Kat:3, Licht: 0","213758","3","3","5","07","16","6","","0","1","1","0","0"
"POINT (13.387247731000059 52.489968583000064)","Unfall 213759 (2021) Kat:3, Licht: 0","213759","3","3","0","08","12","5","","0","0","1","0","1"
"POINT (13.590296001000070 52.435139744000026)","Unfall 213760 (2021) Kat:3, Licht: 0","213760","3","3","0","07","14","7","","0","0","1","0","0"
"POINT (13.345704298000044 52.494247103000077)","Unfall 213761 (2021) Kat:3, Licht: 2","213761","3","2","6","08","21","7","","2","0","1","1","0"
"POINT (13.381161859000031 52.532091626000067)","Unfall 213762 (2021) Kat:3, Licht: 0","213762","3","5","1","08","12","3","","0","1","1","0","0"
"POINT (13.389808572000049 52.492631036000034)","Unfall 213763 (2021) Kat:3, Licht: 0","213763","3","6","3","07","18","4","","0","0","1","0","1"
"POINT (13.313389399000073 52.524049148000074)","Unfall 213764 (2021) Kat:3, Licht: 0","213764","3","7","6","08","18","1","","0","0","1","1","0"
"POINT (13.419076130000064 52.530494125000075)","Unfall 213765 (2021) Kat:3, Licht: 0","213765","3","3","5","08","14","3","","0","1","1","0","0"
"POINT (13.186496065000028 52.534253435000039)","Unfall 213766 (2021) Kat:2, Licht: 0","213766","2","6","0","08","17","4","","0","0","1","0","0"
"POINT (13.418924932000039 52.525426821000053)","Unfall 213767 (2021) Kat:3, Licht: 2","213767","3","1","0","08","23","5","","2","1","0","0","0"
"POINT (13.240008757000055 52.525765369000055)","Unfall 213768 (2021) Kat:3, Licht: 0","213768","3","3","5","07","10","5","","0","0","1","0","0"
"POINT (13.395040952000045 52.493242938000037)","Unfall 213769 (2021) Kat:3, Licht: 0","213769","3","3","5","08","09","5","","0","0","1","0","0"
"POINT (13.346300752000047 52.540096952000056)","Unfall 213770 (2021) Kat:3, Licht: 0","213770","3","6","2","07","13","6","","0","0","1","0","0"
"POINT (13.389048382000055 52.522000579000064)","Unfall 213771 (2021) Kat:3, Licht: 0","213771","3","3","5","07","15","6","","0","0","1","0","1"
"POINT (13.394348109000077 52.547415186000080)","Unfall 213772 (2021) Kat:3, Licht: 0","213772","3","2","5","08","18","7","","0","1","1","0","0"
"POINT (13.387826707000045 52.503060117000075)","Unfall 213773 (2021) Kat:3, Licht: 0","213773","3","2","5","08","14","2","","0","1","0","0","0"
"POINT (13.492429771000047 52.501096228000051)","Unfall 213774 (2021) Kat:2, Licht: 0","213774","2","3","5","08","12","7","","0","0","1","0","1"
"POINT (13.383584070000040 52.511078880000071)","Unfall 213775 (2021) Kat:3, Licht: 0","213775","3","5","1","08","08","2","","0","1","1","0","0"
"POINT (13.501514207000071 52.413695855000071)","Unfall 213776 (2021) Kat:3, Licht: 0","213776","3","3","5","07","08","3","","0","1","1","0","0"
"POINT (13.437072843000067 52.464445162000061)","Unfall 213777 (2021) Kat:3, Licht: 0","213777","3","3","5","07","12","3","","0","0","1","0","0"
"POINT (13.494885097000065 52.559752355000057)","Unfall 213778 (2021) Kat:2, Licht: 0","213778","2","6","3","08","20","2","","0","0","1","0","1"
"POINT (13.473385242000063 52.495933441000034)","Unfall 213779 (2021) Kat:3, Licht: 0","213779","3","2","5","08","10","3","","0","1","1","0","0"
"POINT (13.440612323000039 52.499566245000040)","Unfall 213780 (2021) Kat:3, Licht: 0","213780","3","6","3","07","10","5","","0","1","1","0","0"
"POINT (13.327848304000042 52.472521628000038)","Unfall 213781 (2021) Kat:3, Licht: 0","213781","3","2","5","07","12","4","","0","1","1","0","0"
"POINT (13.352893233000032 52.567929342000070)","Unfall 213782 (2021) Kat:3, Licht: 0","213782","3","1","0","08","17","4","","0","1","1","0","0"
"POINT (13.475593969000045 52.512061581000069)","Unfall 213783 (2021) Kat:3, Licht: 0","213783","3","6","2","07","14","1","","0","0","1","0","0"
"POINT (13.586452342000030 52.518838156000072)","Unfall 213784 (2021) Kat:3, Licht: 0","213784","3","7","5","08","14","6","","0","1","1","0","0"
"POINT (13.330850382000051 52.488745667000046)","Unfall 213785 (2021) Kat:3, Licht: 0","213785","3","1","0","08","12","2","","0","0","0","0","1"
"POINT (13.382459437000023 52.504480616000080)","Unfall 213786 (2021) Kat:3, Licht: 0","213786","3","2","5","08","14","6","","0","1","1","0","0"
"POINT (13.550825497000062 52.438916608000056)","Unfall 213787 (2021) Kat:3, Licht: 0","213787","3","1","0","07","12","2","","0","1","1","0","0"
"POINT (13.570255806000034 52.541981945000032)","Unfall 213788 (2021) Kat:3, Licht: 0","213788","3","2","6","07","15","2","","0","0","1","1","0"
"POINT (13.428939027000069 52.515614020000044)","Unfall 213789 (2021) Kat:3, Licht: 0","213789","3","3","5","08","14","1","","0","1","1","0","0"
"POINT (13.444164724000075 52.568509022000057)","Unfall 213790 (2021) Kat:3, Licht: 0","213790","3","1","0","07","10","4","","0","0","0","0","1"
"POINT (13.468212801000050 52.427694374000055)","Unfall 213791 (2021) Kat:2, Licht: 2","213791","2","2","5","08","23","1","","2","0","1","0","0"
"POINT (13.326109116000055 52.538356998000040)","Unfall 213792 (2021) Kat:3, Licht: 0","213792","3","2","5","08","15","3","","0","0","1","0","0"
"POINT (13.489212658000042 52.420744126000045)","Unfall 213793 (2021) Kat:3, Licht: 0","213793","3","7","5","08","16","5","","0","0","1","0","0"
"POINT (13.438936601000023 52.608391043000040)","Unfall 213794 (2021) Kat:3, Licht: 0","213794","3","5","1","08","10","5","","0","1","1","0","0"
"POINT (13.414725559000033 52.553569625000080)","Unfall 213795 (2021) Kat:3, Licht: 2","213795","3","2","5","07","00","6","","2","1","1","0","0"
"POINT (13.446631331000049 52.564911582000036)","Unfall 213796 (2021) Kat:3, Licht: 0","213796","3","1","0","07","17","6","","0","0","0","0","1"
"POINT (13.421265439000024 52.442757309000058)","Unfall 213797 (2021) Kat:3, Licht: 0","213797","3","6","0","08","11","4","","0","1","1","0","0"
"POINT (13.353689942000074 52.447388620000027)","Unfall 213798 (2021) Kat:3, Licht: 2","213798","3","1","0","07","04","7","","2","0","1","0","1"
"POINT (13.452481004000049 52.470567234000043)","Unfall 213799 (2021) Kat:3, Licht: 0","213799","3","3","5","07","15","6","","0","0","1","0","0"
"POINT (13.429309527000044 52.481317450000063)","Unfall 213800 (2021) Kat:3, Licht: 2","213800","3","2","2","08","21","7","","2","0","1","0","0"
"POINT (13.428691871000069 52.572070527000051)","Unfall 213801 (2021) Kat:3, Licht: 0","213801","3","2","5","08","17","3","","0","0","0","0","1"