WKT,Name,OBJECTID,UKATEGORIE,UTYP1,UART,UMONAT,USTUNDE,UWOCHENTAG,STRZUSTAND,ULICHTVERH,ISTRAD,ISTPKW,ISTFUSS,ISTKRAD
"POINT (13.335905234000052 52.607086388000027)","Unfall 213802 (2021) Kat:3, Licht: 0","213802","3","3","0","07","11","4","","0","0","1","0","1"
"POINT (13.392772040000068 52.484283532000063)","Unfall 213803 (2021) Kat:3, Licht: 0","213803","3","6","3","08","11","7","","0","0","1","0","1"
"POINT (13.486504120000063 52.540980928000067)","Unfall 213804 (2021) Kat:3, Licht: 0","213804","3","2","5","08","14","2","","0","1","1","0","0"
"POINT (13.499486840000031 52.513842200000056)","Unfall 213805 (2021) Kat:3, Licht: 0","213805","3","3","5","08","09","4","","0","1","1","0","0"
"POINT (13.354978034000055 52.490375727000071)","Unfall 213806 (2021) Kat:3, Licht: 0","213806","3","6","4","08","08","4","","0","1","0","0","0"
"POINT (13.343338193000022 52.528619311000057)","Unfall 213807 (2021) Kat:2, Licht: 0","213807","2","1","0","07","19","5","","0","1","0","0","0"
"POINT (13.154581802000052 52.533034095000062)","Unfall 213808 (2021) Kat:2, Licht: 0","213808","2","3","5","08","13","4","","0","0","1","0","1"
"POINT (13.418009294000058 52.418453198000066)","Unfall 213809 (2021) Kat:3, Licht: 2","213809","3","5","1","08","01","4","","2","0","1","0","0"
"POINT (13.362484504000065 52.412269740000056)","Unfall 213810 (2021) Kat:3, Licht: 0","213810","3","4","6","07","11","7","","0","0","1","1","0"
"POINT (13.308492561000037 52.529131979000056)","Unfall 213811 (2021) Kat:3, Licht: 0","213811","3","6","2","07","17","5","","0","0","1","0","0"
"POINT (13.392764077000038 52.564112048000027)","Unfall 213812 (2021) Kat:3, Licht: 0","213812","3","1","0","08","08","5","","0","1","0","0","0"
"POINT (13.584174871000073 52.540557045000071)","Unfall 213813 (2021) Kat:3, Licht: 0","213813","3","5","4","07","06","3","","0","1","1","0","0"
"POINT (13.381538526000043 52.505043509000075)","Unfall 213814 (2021) Kat:3, Licht: 0","213814","3","2","5","08","12","6","","0","0","1","0","0"
"POINT (13.569961029000069 52.444592632000081)","Unfall 213815 (2021) Kat:3, Licht: 1","213815","3","6","2","08","17","2","","1","0","1","0","0"
"POINT (13.432384549000062 52.604811887000039)","Unfall 213816 (2021) Kat:2, Licht: 0","213816","2","3","5","08","14","6","","0","0","1","0","1"
"POINT (13.373976158000062 52.492043249000062)","Unfall 213817 (2021) Kat:3, Licht: 0","213817","3","6","2","07","19","1","","0","0","1","0","1"
"POINT (13.281493570000066 52.508426179000082)","Unfall 213818 (2021) Kat:3, Licht: 0","213818","3","2","5","07","18","4","","0","1","1","0","0"
"POINT (13.569035512000028 52.479638216000069)","Unfall 213819 (2021) Kat:2, Licht: 2","213819","2","1","4","08","22","2","","2","0","1","0","0"
"POINT (13.383646886000065 52.493793999000047)","Unfall 213820 (2021) Kat:2, Licht: 0","213820","2","3","5","08","13","4","","0","1","1","0","0"
"POINT (13.434815862000050 52.462057155000082)","Unfall 213821 (2021) Kat:3, Licht: 0","213821","3","3","5","08","12","5","","0","1","1","0","0"
"POINT (13.560008539000023 52.460541288000059)","Unfall 213822 (2021) Kat:3, Licht: 0","213822","3","6","2","07","10","7","","0","0","1","0","0"
"POINT (13.418367789000058 52.526000262000082)","Unfall 213823 (2021) Kat:3, Licht: 0","213823","3","7","0","07","15","4","","0","1","0","0","0"
"POINT (13.711693393000076 52.432572966000066)","Unfall 213824 (2021) Kat:3, Licht: 0","213824","3","7","6","08","15","4","","0","1","0","1","0"
"POINT (13.377033679000021 52.560747759000037)","Unfall 213825 (2021) Kat:3, Licht: 2","213825","3","3","5","08","21","3","","2","0","1","1","0"
"POINT (13.435979277000058 52.458628219000047)","Unfall 213826 (2021) Kat:2, Licht: 0","213826","2","5","1","07","15","6","","0","1","1","0","0"
"POINT (13.330703508000056 52.498321120000071)","Unfall 213827 (2021) Kat:3, Licht: 0","213827","3","7","6","07","19","5","","0","0","0","1","0"
"POINT (13.445414770000070 52.476518047000070)","Unfall 213828 (2021) Kat:2, Licht: 0","213828","2","3","0","08","18","6","","0","1","0","0","0"
"POINT (13.203135650000036 52.523104857000078)","Unfall 213829 (2021) Kat:3, Licht: 0","213829","3","3","5","08","19","2","","0","0","1","0","0"
"POINT (13.462006277000057 52.518736225000055)","Unfall 213830 (2021) Kat:3, Licht: 0","213830","3","3","5","08","19","6","","0","1","0","0","0"
"POINT (13.420775329000037 52.440861338000047)","Unfall 213831 (2021) Kat:3, Licht: 0","213831","3","3","5","07","09","2","","0","0","1","0","0"
"POINT (13.297396608000042 52.577859354000054)","Unfall 213832 (2021) Kat:3, Licht: 0","213832","3","3","5","07","12","3","","0","0","1","0","1"
"POINT (13.286786563000021 52.495810352000035)","Unfall 213833 (2021) Kat:3, Licht: 0","213833","3","2","5","08","14","3","","0","0","1","0","0"
"POINT (13.269683736000047 52.510875152000040)","Unfall 213834 (2021) Kat:3, Licht: 0","213834","3","6","3","07","16","5","","0","1","0","0","0"
"POINT (13.730563758000073 52.427430563000030)","Unfall 213835 (2021) Kat:2, Licht: 0","213835","2","3","0","07","10","4","","0","1","0","0","0"
"POINT (13.374383946000023 52.556314446000044)","Unfall 213836 (2021) Kat:3, Licht: 0","213836","3","6","2","08","18","4","","0","0","1","0","0"
"POINT (13.421131631000037 52.480329553000047)","Unfall 213837 (2021) Kat:3, Licht: 0","213837","3","2","5","07","17","1","","0","1","1","0","0"
"POINT (13.561874936000038 52.505267622000076)","Unfall 213838 (2021) Kat:3, Licht: 0","213838","3","3","0","08","10","5","","0","0","1","0","0"
"POINT (13.333165265000048 52.505727400000069)","Unfall 213839 (2021) Kat:3, Licht: 0","213839","3","6","3","08","12","2","","0","0","1","0","0"
"POINT (13.507375715000023 52.474887296000077)","Unfall 213840 (2021) Kat:3, Licht: 0","213840","3","2","2","08","07","6","","0","1","1","0","0"
"POINT (13.400272846000064 52.483795679000082)","Unfall 213841 (2021) Kat:3, Licht: 2","213841","3","1","0","07","21","1","","2","1","0","0","0"
"POINT (13.159709127000042 52.555639652000082)","Unfall 213842 (2021) Kat:3, Licht: 0","213842","3","3","5","07","18","2","","0","1","0","0","0"
"POINT (13.188693552000075 52.537186909000070)","Unfall 213843 (2021) Kat:3, Licht: 0","213843","3","4","6","08","05","2","","0","0","1","1","0"
"POINT (13.340016001000038 52.530931087000056)","Unfall 213844 (2021) Kat:3, Licht: 0","213844","3","3","2","07","12","4","","0","0","0","0","1"
"POINT (13.475105428000063 52.463619635000043)","Unfall 213845 (2021) Kat:3, Licht: 0","213845","3","3","5","08","13","1","","0","1","1","0","0"
"POINT (13.371979355000065 52.540136915000062)","Unfall 213846 (2021) Kat:3, Licht: 0","213846","3","3","5","08","11","3","","0","0","1","0","0"
"POINT (13.494244232000028 52.418754428000057)","Unfall 213847 (2021) Kat:3, Licht: 0","213847","3","2","2","08","12","5","","0","1","1","0","0"
"POINT (13.292185462000077 52.505068263000055)","Unfall 213848 (2021) Kat:2, Licht: 0","213848","2","7","1","08","14","5","","0","0","1","0","0"
"POINT (13.347809489000042 52.543316542000071)","Unfall 213849 (2021) Kat:3, Licht: 0","213849","3","6","1","07","16","5","","0","0","1","0","0"
"POINT (13.485436419000052 52.528838853000082)","Unfall 213850 (2021) Kat:3, Licht: 0","213850","3","5","1","08","07","5","","0","0","1","0","0"
"POINT (13.339465882000070 52.426318607000042)","Unfall 213851 (2021) Kat:3, Licht: 0","213851","3","7","0","07","11","7","","0","0","1","0","0"
"POINT (13.303845681000041 52.499418594000076)","Unfall 213852 (2021) Kat:3, Licht: 0","213852","3","2","5","07","13","7","","0","1","1","0","0"
"POINT (13.408815734000029 52.516249937000055)","Unfall 213853 (2021) Kat:3, Licht: 0","213853","3","6","2","08","13","1","","0","0","1","0","0"
"POINT (13.332814390000067 52.479819331000044)","Unfall 213854 (2021) Kat:3, Licht: 0","213854","3","2","5","08","18","3","","0","1","0","0","0"
"POINT (13.431195062000029 52.481547709000040)","Unfall 213855 (2021) Kat:3, Licht: 0","213855","3","6","2","07","12","3","","0","0","1","0","0"
"POINT (13.445223235000071 52.463885855000058)","Unfall 213856 (2021) Kat:3, Licht: 0","213856","3","7","5","08","11","7","","0","0","0","0","1"
"POINT (13.390442179000047 52.507694350000065)","Unfall 213857 (2021) Kat:3, Licht: 0","213857","3","3","5","08","06","2","","0","1","0","0","0"
"POINT (13.143452335000063 52.534497414000043)","Unfall 213858 (2021) Kat:2, Licht: 2","213858","2","5","1","08","00","4","","2","0","1","0","0"
"POINT (13.313848566000047 52.435233046000064)","Unfall 213859 (2021) Kat:3, Licht: 0","213859","3","5","1","08","07","4","","0","0","1","0","1"
"POINT (13.348859604000040 52.459035702000051)","Unfall 213860 (2021) Kat:3, Licht: 0","213860","3","2","5","07","09","6","","0","0","1","0","0"
"POINT (13.286994625000034 52.540007135000053)","Unfall 213861 (2021) Kat:3, Licht: 0","213861","3","3","5","07","19","5","","0","0","1","0","0"
"POINT (13.358571900000072 52.434213856000042)","Unfall 213862 (2021) Kat:3, Licht: 0","213862","3","3","2","08","16","2","","0","1","1","0","0"
"POINT (13.261747801000070 52.479475999000044)","Unfall 213863 (2021) Kat:2, Licht: 0","213863","2","6","3","08","10","4","","0","0","0","0","1"
"POINT (13.297422413000049 52.498113628000056)","Unfall 213864 (2021) Kat:3, Licht: 0","213864","3","6","0","07","11","5","","0","0","1","0","0"
"POINT (13.315114077000032 52.490892343000041)","Unfall 213865 (2021) Kat:3, Licht: 0","213865","3","3","5","07","16","4","","0","1","1","0","0"
"POINT (13.415518193000025 52.515814307000028)","Unfall 213866 (2021) Kat:3, Licht: 0","213866","3","6","3","08","13","4","","0","0","1","0","1"
"POINT (13.406486922000056 52.541010436000079)","Unfall 213867 (2021) Kat:2, Licht: 0","213867","2","6","2","07","19","3","","0","0","1","0","1"
"POINT (13.359552179000048 52.546089279000057)","Unfall 213868 (2021) Kat:3, Licht: 0","213868","3","5","1","08","13","7","","0","1","1","0","0"
"POINT (13.370615486000077 52.559086572000069)","Unfall 213869 (2021) Kat:3, Licht: 0","213869","3","6","2","08","14","2","","0","1","1","0","0"
"POINT (13.428648255000041 52.599464637000040)","Unfall 213870 (2021) Kat:2, Licht: 0","213870","2","2","5","08","13","6","","0","1","1","0","0"
"POINT (13.244157457000028 52.615003365000064)","Unfall 213871 (2021) Kat:3, Licht: 0","213871","3","2","5","07","16","2","","0","1","1","0","0"
"POINT (13.550378462000026 52.542910394000046)","Unfall 213872 (2021) Kat:2, Licht: 0","213872","2","1","9","07","12","4","","0","0","1","0","0"
"POINT (13.442701493000072 52.456608638000034)","Unfall 213873 (2021) Kat:3, Licht: 2","213873","3","5","1","08","23","1","","2","0","1","0","0"
"POINT (13.305755251000051 52.587093998000057)","Unfall 213874 (2021) Kat:3, Licht: 0","213874","3","1","1","07","20","4","","0","1","0","0","0"
"POINT (13.301563889000022 52.494538331000058)","Unfall 213875 (2021) Kat:3, Licht: 0","213875","3","3","5","08","19","2","","0","0","1","0","0"
"POINT (13.295722746000024 52.519331868000052)","Unfall 213876 (2021) Kat:2, Licht: 0","213876","2","7","0","08","14","3","","0","1","0","0","0"
"POINT (13.491213570000070 52.420730900000081)","Unfall 213877 (2021) Kat:3, Licht: 0","213877","3","3","5","08","13","6","","0","0","1","0","1"
"POINT (13.285166899000046 52.494181027000081)","Unfall 213878 (2021) Kat:3, Licht: 0","213878","3","6","2","08","10","2","","0","0","1","0","0"
"POINT (13.458128859000055 52.512710595000044)","Unfall 213879 (2021) Kat:3, Licht: 0","213879","3","5","1","08","18","6","","0","1","1","0","0"
"POINT (13.395959693000066 52.498422237000057)","Unfall 213880 (2021) Kat:3, Licht: 0","213880","3","3","5","07","18","5","","0","0","1","0","0"
"POINT (13.428975995000030 52.471804277000047)","Unfall 213881 (2021) Kat:3, Licht: 2","213881","3","6","2","07","22","6","","2","0","1","0","0"
"POINT (13.300542440000072 52.480521982000027)","Unfall 213882 (2021) Kat:3, Licht: 0","213882","3","2","5","08","10","1","","0","0","1","0","1"
"POINT (13.273008003000029 52.513187587000061)","Unfall 213883 (2021) Kat:3, Licht: 0","213883","3","7","5","08","11","3","","0","1","1","0","0"
"POINT (13.477999207000039 52.536138256000072)","Unfall 213884 (2021) Kat:3, Licht: 0","213884","3","7","2","07","16","3","","0","1","0","0","0"
"POINT (13.321934612000064 52.486421730000075)","Unfall 213885 (2021) Kat:3, Licht: 0","213885","3","1","0","08","19","1","","0","1","0","0","0"
"POINT (13.308663681000041 52.617900534000057)","Unfall 213886 (2021) Kat:3, Licht: 0","213886","3","7","6","08","11","3","","0","0","0","1","0"
"POINT (13.162201474000028 52.520174849000057)","Unfall 213887 (2021) Kat:3, Licht: 1","213887","3","6","2","08","05","4","","1","0","1","0","0"
"POINT (13.475543829000060 52.512008628000046)","Unfall 213888 (2021) Kat:3, Licht: 0","213888","3","6","2","07","14","5","","0","0","1","0","0"
"POINT (13.458773359000077 52.511387543000069)","Unfall 213889 (2021) Kat:3, Licht: 0","213889","3","3","5","07","06","5","","0","1","1","0","0"
"POINT (13.319506604000026 52.492081577000079)","Unfall 213890 (2021) Kat:3, Licht: 0","213890","3","2","0","08","17","3","","0","1","1","0","0"
"POINT (13.471910284000046 52.537637172000075)","Unfall 213891 (2021) Kat:3, Licht: 0","213891","3","3","0","08","16","6","","0","1","1","0","0"
"POINT (13.362106165000057 52.568716778000066)","Unfall 213892 (2021) Kat:3, Licht: 0","213892","3","7","6","08","13","2","","0","0","1","1","0"
"POINT (13.566496194000024 52.484603025000069)","Unfall 213893 (2021) Kat:3, Licht: 0","213893","3","5","1","08","18","6","","0","1","1","0","0"
"POINT (13.204453940000064 52.530235585000071)","Unfall 213894 (2021) Kat:3, Licht: 0","213894","3","3","5","07","19","5","","0","1","0","0","0"
"POINT (13.432393162000039 52.516380079000044)","Unfall 213895 (2021) Kat:3, Licht: 1","213895","3","1","0","07","19","6","","1","0","0","0","0"
"POINT (13.394779014000051 52.500692778000030)","Unfall 213896 (2021) Kat:3, Licht: 0","213896","3","6","2","07","09","6","","0","1","0","0","0"
"POINT (13.322435882000036 52.505116200000032)","Unfall 213897 (2021) Kat:3, Licht: 0","213897","3","2","0","08","19","2","","0","0","1","0","1"
"POINT (13.410690531000057 52.539496960000065)","Unfall 213898 (2021) Kat:3, Licht: 2","213898","3","5","1","07","22","4","","2","1","1","0","0"
"POINT (13.457515247000060 52.520755183000063)","Unfall 213899 (2021) Kat:3, Licht: 0","213899","3","5","1","08","12","1","","0","0","1","0","0"
"POINT (13.356966709000062 52.523813658000051)","Unfall 213900 (2021) Kat:3, Licht: 0","213900","3","3","5","08","17","3","","0","1","1","0","0"
"POINT (13.543855454000038 52.553574762000039)","Unfall 213901 (2021) Kat:3, Licht: 0","213901","3","2","5","08","12","5","","0","1","1","0","0"
"POINT (13.315831509000077 52.481846777000044)","Unfall 213902 (2021) Kat:3, Licht: 0","213902","3","3","5","08","13","5","","0","0","1","0","0"
"POINT (13.287083168000038 52.432735531000048)","Unfall 213903 (2021) Kat:3, Licht: 0","213903","3","2","5","07","08","5","","0","1","1","0","0"
"POINT (13.398300743000050 52.592385218000061)","Unfall 213904 (2021) Kat:3, Licht: 0","213904","3","6","2","08","08","4","","0","1","1","0","0"
"POINT (13.404900014000077 52.444455336000033)","Unfall 213905 (2021) Kat:3, Licht: 0","213905","3","3","5","07","15","6","","0","1","1","0","0"
"POINT (13.360972863000029 52.545285792000072)","Unfall 213906 (2021) Kat:3, Licht: 0","213906","3","5","1","07","08","6","","0","1","1","0","0"
"POINT (13.511927254000057 52.471114014000079)","Unfall 213907 (2021) Kat:3, Licht: 0","213907","3","6","2","08","19","1","","0","0","1","0","0"
"POINT (13.385233032000031 52.531266311000081)","Unfall 213908 (2021) Kat:3, Licht: 0","213908","3","2","5","08","10","3","","0","1","0","0","0"
"POINT (13.433090200000038 52.452342016000046)","Unfall 213909 (2021) Kat:3, Licht: 0","213909","3","3","5","07","17","3","","0","0","1","0","0"
"POINT (13.198492883000029 52.542854740000053)","Unfall 213910 (2021) Kat:3, Licht: 0","213910","3","2","5","08","17","7","","0","0","1","0","0"
"POINT (13.458268963000023 52.534735112000078)","Unfall 213911 (2021) Kat:3, Licht: 0","213911","3","6","2","08","07","2","","0","1","1","0","0"
"POINT (13.277829624000049 52.506807025000057)","Unfall 213912 (2021) Kat:3, Licht: 0","213912","3","6","3","07","09","3","","0","0","1","0","0"
"POINT (13.347991692000051 52.548155701000042)","Unfall 213913 (2021) Kat:3, Licht: 0","213913","3","6","3","08","14","4","","0","1","0","0","0"
"POINT (13.380202962000055 52.532864110000048)","Unfall 213914 (2021) Kat:3, Licht: 2","213914","3","3","5","07","22","6","","2","1","1","0","0"
"POINT (13.322485403000030 52.506445787000075)","Unfall 213915 (2021) Kat:3, Licht: 0","213915","3","3","5","07","12","4","","0","0","1","0","0"
"POINT (13.301720985000031 52.488277062000066)","Unfall 213916 (2021) Kat:2, Licht: 0","213916","2","6","2","08","11","3","","0","0","1","0","1"
"POINT (13.486556381000071 52.616774412000041)","Unfall 213917 (2021) Kat:2, Licht: 0","213917","2","4","6","08","15","4","","0","0","1","1","0"
"POINT (13.478622092000023 52.528680843000075)","Unfall 213918 (2021) Kat:3, Licht: 0","213918","3","2","5","07","21","5","","0","1","1","0","0"
"POINT (13.416659115000073 52.519485968000026)","Unfall 213919 (2021) Kat:3, Licht: 0","213919","3","2","5","07","13","4","","0","1","1","0","0"
"POINT (13.286664630000075 52.518761000000040)","Unfall 213920 (2021) Kat:3, Licht: 0","213920","3","2","5","08","16","4","","0","1","1","0","0"
"POINT (13.389769856000044 52.492638565000050)","Unfall 213921 (2021) Kat:3, Licht: 0","213921","3","3","0","07","13","2","","0","0","1","0","0"
"POINT (13.583474215000024 52.451703508000037)","Unfall 213922 (2021) Kat:3, Licht: 0","213922","3","2","5","08","15","7","","0","1","1","0","0"
"POINT (13.357107266000071 52.523544604000051)","Unfall 213923 (2021) Kat:3, Licht: 1","213923","3","2","5","08","20","2","","1","1","1","0","0"
"POINT (13.357433968000066 52.488587018000032)","Unfall 213924 (2021) Kat:3, Licht: 0","213924","3","5","1","08","15","6","","0","1","1","0","0"
"POINT (13.528828968000028 52.426366519000055)","Unfall 213925 (2021) Kat:3, Licht: 2","213925","3","1","8","07","22","1","","2","0","1","0","0"
"POINT (13.553274902000055 52.434000455000046)","Unfall 213926 (2021) Kat:3, Licht: 0","213926","3","3","5","07","07","6","","0","0","1","0","0"
"POINT (13.559689941000045 52.479361925000035)","Unfall 213927 (2021) Kat:3, Licht: 0","213927","3","1","0","08","13","1","","0","0","0","0","1"
"POINT (13.578663780000056 52.457800791000068)","Unfall 213928 (2021) Kat:3, Licht: 0","213928","3","7","6","07","16","4","","0","1","0","1","0"
"POINT (13.609941241000058 52.534358717000032)","Unfall 213929 (2021) Kat:3, Licht: 0","213929","3","4","6","08","18","2","","0","0","1","1","0"
"POINT (13.380394114000069 52.518337405000068)","Unfall 213930 (2021) Kat:3, Licht: 0","213930","3","6","3","08","18","4","","0","1","0","0","0"
"POINT (13.458467401000064 52.433483327000033)","Unfall 213931 (2021) Kat:3, Licht: 0","213931","3","3","5","08","16","5","","0","0","1","0","1"
"POINT (13.403470256000048 52.527439848000029)","Unfall 213932 (2021) Kat:3, Licht: 1","213932","3","2","6","08","21","5","","1","0","1","1","0"
"POINT (13.411822264000023 52.523967652000067)","Unfall 213933 (2021) Kat:3, Licht: 2","213933","3","2","5","07","23","5","","2","0","1","0","0"
"POINT (13.295988187000034 52.420526946000052)","Unfall 213934 (2021) Kat:3, Licht: 0","213934","3","1","1","07","15","6","","0","1","1","0","0"
"POINT (13.428120933000059 52.473455248000050)","Unfall 213935 (2021) Kat:3, Licht: 0","213935","3","6","2","08","14","7","","0","0","1","0","0"
"POINT (13.171939390000034 52.550127365000037)","Unfall 213936 (2021) Kat:3, Licht: 0","213936","3","3","5","08","06","3","","0","0","1","0","0"
"POINT (13.306276459000060 52.521730398000045)","Unfall 213937 (2021) Kat:3, Licht: 0","213937","3","5","1","07","16","3","","0","1","1","0","0"
"POINT (13.397520270000030 52.565759035000042)","Unfall 213938 (2021) Kat:3, Licht: 0","213938","3","5","1","08","16","7","","0","0","1","0","0"
"POINT (13.188779199000066 52.546822563000035)","Unfall 213939 (2021) Kat:3, Licht: 0","213939","3","2","5","08","14","3","","0","1","1","0","0"
"POINT (13.311005132000048 52.547597022000048)","Unfall 213940 (2021) Kat:3, Licht: 0","213940","3","3","0","08","17","3","","0","0","1","0","1"
"POINT (13.424013665000075 52.477208703000031)","Unfall 213941 (2021) Kat:3, Licht: 0","213941","3","3","5","08","10","5","","0","1","1","0","0"
"POINT (13.584377848000031 52.451710191000075)","Unfall 213942 (2021) Kat:3, Licht: 0","213942","3","2","5","07","16","7","","0","1","1","0","0"
"POINT (13.343411374000027 52.588889202000075)","Unfall 213943 (2021) Kat:3, Licht: 0","213943","3","6","2","07","14","5","","0","0","1","0","0"
"POINT (13.505430584000067 52.534701331000065)","Unfall 213944 (2021) Kat:3, Licht: 0","213944","3","7","0","08","05","4","","0","0","0","0","1"
"POINT (13.389683021000053 52.420764201000054)","Unfall 213945 (2021) Kat:3, Licht: 0","213945","3","5","1","07","08","6","","0","0","1","0","0"
"POINT (13.291639953000072 52.595772481000040)","Unfall 213946 (2021) Kat:3, Licht: 0","213946","3","2","2","07","09","6","","0","0","1","0","0"
"POINT (13.508839824000063 52.500877750000029)","Unfall 213947 (2021) Kat:3, Licht: 0","213947","3","7","6","08","15","6","","0","0","0","1","0"
"POINT (13.358180441000059 52.621228465000058)","Unfall 213948 (2021) Kat:3, Licht: 0","213948","3","1","8","08","19","2","","0","0","1","0","0"
"POINT (13.251990003000060 52.599903880000056)","Unfall 213949 (2021) Kat:3, Licht: 0","213949","3","2","0","08","15","7","","0","0","1","0","1"
"POINT (13.377690149000045 52.528995117000079)","Unfall 213950 (2021) Kat:3, Licht: 0","213950","3","6","3","08","09","2","","0","0","1","0","1"
"POINT (13.141484636000030 52.532488768000064)","Unfall 213951 (2021) Kat:2, Licht: 0","213951","2","2","5","07","18","2","","0","0","1","0","0"
"POINT (13.434685468000055 52.478707985000028)","Unfall 213952 (2021) Kat:3, Licht: 0","213952","3","3","5","07","19","6","","0","1","1","0","0"
"POINT (13.355645284000047 52.519721999000069)","Unfall 213953 (2021) Kat:2, Licht: 0","213953","2","2","5","07","08","4","","0","1","1","0","0"
"POINT (13.412291569000047 52.524339256000076)","Unfall 213954 (2021) Kat:3, Licht: 0","213954","3","6","3","08","20","2","","0","0","1","0","0"
"POINT (13.390855533000035 52.504531996000026)","Unfall 213955 (2021) Kat:3, Licht: 1","213955","3","2","5","08","20","3","","1","1","1","0","0"
"POINT (13.429248048000034 52.571957174000033)","Unfall 213956 (2021) Kat:3, Licht: 0","213956","3","2","5","07","13","5","","0","0","1","0","0"
"POINT (13.411801627000045 52.523966988000041)","Unfall 213957 (2021) Kat:3, Licht: 0","213957","3","2","5","07","06","4","","0","0","1","0","0"
"POINT (13.291643936000071 52.595746536000036)","Unfall 213958 (2021) Kat:3, Licht: 0","213958","3","3","5","08","14","3","","0","1","1","0","0"
"POINT (13.197053003000065 52.543674363000036)","Unfall 213959 (2021) Kat:3, Licht: 0","213959","3","2","2","08","15","5","","0","0","1","0","0"
"POINT (13.250824811000030 52.524747537000053)","Unfall 213960 (2021) Kat:2, Licht: 0","213960","2","1","1","07","17","4","","0","0","1","0","1"
"POINT (13.312682566000035 52.430430083000033)","Unfall 213961 (2021) Kat:3, Licht: 0","213961","3","6","3","08","12","5","","0","0","1","0","1"
"POINT (13.446796462000066 52.502686966000056)","Unfall 213962 (2021) Kat:3, Licht: 1","213962","3","2","5","07","20","6","","1","1","1","0","0"
"POINT (13.335498784000038 52.602671517000033)","Unfall 213963 (2021) Kat:3, Licht: 2","213963","3","1","8","07","00","6","","2","0","1","0","0"
"POINT (13.313865648000046 52.506288502000075)","Unfall 213964 (2021) Kat:3, Licht: 0","213964","3","7","5","08","15","6","","0","1","1","0","0"
"POINT (13.431174982000073 52.467745790000038)","Unfall 213965 (2021) Kat:3, Licht: 0","213965","3","2","5","08","18","2","","0","1","1","0","0"
"POINT (13.591619915000024 52.544932321000033)","Unfall 213966 (2021) Kat:3, Licht: 0","213966","3","2","5","07","11","2","","0","0","1","0","0"
"POINT (13.416460908000033 52.510987838000062)","Unfall 213967 (2021) Kat:3, Licht: 1","213967","3","2","5","08","20","7","","1","1","1","0","0"
"POINT (13.424850670000069 52.502087645000074)","Unfall 213968 (2021) Kat:3, Licht: 0","213968","3","3","5","08","08","2","","0","0","1","0","0"
"POINT (13.288794477000067 52.509203497000044)","Unfall 213969 (2021) Kat:3, Licht: 0","213969","3","6","3","07","15","2","","0","0","1","0","1"
"POINT (13.343367733000036 52.427835950000031)","Unfall 213970 (2021) Kat:3, Licht: 0","213970","3","6","0","07","12","6","","0","0","1","0","1"
"POINT (13.377261074000046 52.553852142000039)","Unfall 213971 (2021) Kat:3, Licht: 0","213971","3","7","6","08","17","2","","0","1","0","1","0"
"POINT (13.342192946000068 52.504932832000065)","Unfall 213972 (2021) Kat:3, Licht: 2","213972","3","1","0","08","00","4","","2","1","0","0","0"
"POINT (13.328993602000025 52.522521103000031)","Unfall 213973 (2021) Kat:2, Licht: 0","213973","2","6","0","07","14","5","","0","0","1","0","1"
"POINT (13.492453504000025 52.544083200000046)","Unfall 213974 (2021) Kat:3, Licht: 2","213974","3","3","5","07","22","4","","2","0","1","0","0"
"POINT (13.339857058000064 52.459520134000059)","Unfall 213975 (2021) Kat:3, Licht: 0","213975","3","5","1","08","09","5","","0","1","1","0","0"
"POINT (13.250206256000070 52.454982039000072)","Unfall 213976 (2021) Kat:3, Licht: 0","213976","3","5","1","07","16","2","","0","0","1","0","0"
"POINT (13.442284017000077 52.501013224000076)","Unfall 213977 (2021) Kat:3, Licht: 0","213977","3","2","5","08","15","6","","0","1","1","0","0"
"POINT (13.300119412000072 52.506754197000078)","Unfall 213978 (2021) Kat:2, Licht: 0","213978","2","2","5","08","15","2","","0","1","1","0","0"
"POINT (13.320344046000059 52.478902009000080)","Unfall 213979 (2021) Kat:3, Licht: 2","213979","3","2","5","08","22","6","","2","1","1","0","0"
"POINT (13.600642140000048 52.477365131000056)","Unfall 213980 (2021) Kat:3, Licht: 0","213980","3","1","4","07","15","1","","0","1","0","0","0"
"POINT (13.438909545000058 52.500492994000069)","Unfall 213981 (2021) Kat:3, Licht: 1","213981","3","7","1","08","20","1","","1","0","1","1","0"
"POINT (13.484335169000076 52.467520893000028)","Unfall 213982 (2021) Kat:2, Licht: 0","213982","2","4","6","07","14","4","","0","0","1","1","0"
"POINT (13.328214321000075 52.446374922000075)","Unfall 213983 (2021) Kat:3, Licht: 2","213983","3","6","2","08","20","2","","2","0","1","0","0"
"POINT (13.372033668000029 52.485053391000065)","Unfall 213984 (2021) Kat:2, Licht: 0","213984","2","2","5","08","16","4","","0","1","1","0","0"
"POINT (13.656956400000070 52.415242366000030)","Unfall 213985 (2021) Kat:3, Licht: 0","213985","3","3","5","08","16","5","","0","1","1","0","0"
"POINT (13.343392833000053 52.500970298000027)","Unfall 213986 (2021) Kat:3, Licht: 0","213986","3","1","0","08","19","5","","0","0","0","0","1"
"POINT (13.385419150000075 52.446803420000037)","Unfall 213987 (2021) Kat:2, Licht: 0","213987","2","4","6","07","14","6","","0","0","1","1","0"
"POINT (13.342042635000041 52.517905249000080)","Unfall 213988 (2021) Kat:3, Licht: 0","213988","3","7","5","08","14","5","","0","0","1","0","0"