WKT,Name,OBJECTID,UKATEGORIE,UTYP1,UART,UMONAT,USTUNDE,UWOCHENTAG,STRZUSTAND,ULICHTVERH,ISTRAD,ISTPKW,ISTFUSS,ISTKRAD
"POINT (13.204418406000059 52.540132999000036)","Unfall 213989 (2021) Kat:2, Licht: 0","213989","2","1","9","07","14","1","","0","1","0","0","0"
"POINT (13.626424384000074 52.456936148000068)","Unfall 213990 (2021) Kat:3, Licht: 0","213990","3","4","6","07","12","7","","0","0","1","1","0"
"POINT (13.340118833000076 52.588093089000040)","Unfall 213991 (2021) Kat:2, Licht: 0","213991","2","1","0","08","12","1","","0","0","0","0","1"
"POINT (13.356490982000025 52.523774513000035)","Unfall 213992 (2021) Kat:3, Licht: 0","213992","3","6","3","08","18","3","","0","1","1","0","0"
"POINT (13.582867160000035 52.442514304000042)","Unfall 213993 (2021) Kat:3, Licht: 0","213993","3","6","3","07","12","4","","0","0","1","0","1"
"POINT (13.373185550000073 52.598292405000052)","Unfall 213994 (2021) Kat:3, Licht: 0","213994","3","1","0","08","10","1","","0","1","1","0","0"
"POINT (13.378289019000022 52.529172487000039)","Unfall 213995 (2021) Kat:3, Licht: 0","213995","3","2","5","08","17","3","","0","1","0","0","0"
"POINT (13.254833372000064 52.418294942000045)","Unfall 213996 (2021) Kat:3, Licht: 0","213996","3","3","5","08","16","4","","0","0","1","0","0"
"POINT (13.375792452000042 52.528430785000069)","Unfall 213997 (2021) Kat:3, Licht: 0","213997","3","6","2","08","15","5","","0","0","1","0","0"
"POINT (13.279775024000060 52.541001487000074)","Unfall 213998 (2021) Kat:3, Licht: 0","213998","3","5","1","07","15","7","","0","1","0","0","0"
"POINT (13.478146379000066 52.515012987000034)","Unfall 213999 (2021) Kat:3, Licht: 0","213999","3","5","1","07","12","5","","0","1","1","0","0"
"POINT (13.399677230000066 52.498414343000036)","Unfall 214000 (2021) Kat:3, Licht: 2","214000","3","2","5","08","03","5","","2","0","1","0","0"
"POINT (13.429804600000068 52.510300893000078)","Unfall 214001 (2021) Kat:3, Licht: 0","214001","3","1","2","07","17","6","","0","0","1","0","0"
"POINT (13.246979100000033 52.544158223000068)","Unfall 214002 (2021) Kat:3, Licht: 0","214002","3","3","5","07","15","5","","0","0","1","0","0"
"POINT (13.404358909000052 52.533188548000055)","Unfall 214003 (2021) Kat:3, Licht: 2","214003","3","1","0","08","21","6","","2","1","0","0","0"
"POINT (13.442028707000077 52.501038482000070)","Unfall 214004 (2021) Kat:3, Licht: 0","214004","3","6","3","08","19","3","","0","0","1","0","1"
"POINT (13.424148444000025 52.571364684000059)","Unfall 214005 (2021) Kat:2, Licht: 2","214005","2","1","9","08","23","6","","2","0","1","0","0"
"POINT (13.511914509000064 52.554651494000041)","Unfall 214006 (2021) Kat:3, Licht: 0","214006","3","4","6","07","14","2","","0","0","0","1","0"
"POINT (13.308493223000028 52.529132078000032)","Unfall 214007 (2021) Kat:3, Licht: 0","214007","3","2","5","07","12","3","","0","0","0","0","1"
"POINT (13.498662662000072 52.538390811000056)","Unfall 214008 (2021) Kat:3, Licht: 0","214008","3","3","5","08","17","2","","0","1","1","0","0"
"POINT (13.347891955000023 52.478926331000082)","Unfall 214009 (2021) Kat:3, Licht: 0","214009","3","2","2","07","08","5","","0","1","1","0","0"
"POINT (13.434856777000050 52.546547968000027)","Unfall 214010 (2021) Kat:3, Licht: 0","214010","3","5","4","07","10","4","","0","1","1","0","0"
"POINT (13.233129142000053 52.545493522000072)","Unfall 214011 (2021) Kat:3, Licht: 2","214011","3","1","0","08","01","4","","2","0","0","0","0"
"POINT (13.350816273000078 52.498637929000040)","Unfall 214012 (2021) Kat:2, Licht: 0","214012","2","7","5","07","18","2","","0","1","1","0","0"
"POINT (13.377125434000050 52.512423665000028)","Unfall 214013 (2021) Kat:3, Licht: 0","214013","3","2","3","08","13","6","","0","0","1","0","0"
"POINT (13.618794824000076 52.455563933000064)","Unfall 214014 (2021) Kat:3, Licht: 0","214014","3","2","5","08","13","2","","0","1","1","0","0"
"POINT (13.272898910000038 52.634509581000032)","Unfall 214015 (2021) Kat:3, Licht: 0","214015","3","6","2","08","08","6","","0","1","1","0","0"
"POINT (13.187374995000027 52.520580857000027)","Unfall 214016 (2021) Kat:3, Licht: 0","214016","3","6","2","07","11","2","","0","0","1","0","0"
"POINT (13.347467218000077 52.470587296000076)","Unfall 214017 (2021) Kat:3, Licht: 0","214017","3","2","5","07","08","1","","0","1","1","0","0"
"POINT (13.379656691000037 52.529218507000053)","Unfall 214018 (2021) Kat:3, Licht: 2","214018","3","5","1","08","04","1","","2","0","1","0","0"
"POINT (13.525746894000065 52.482745996000062)","Unfall 214019 (2021) Kat:2, Licht: 0","214019","2","7","5","07","11","4","","0","0","1","0","0"
"POINT (13.533736989000033 52.525724340000068)","Unfall 214020 (2021) Kat:3, Licht: 0","214020","3","2","5","08","14","7","","0","1","1","0","0"
"POINT (13.428209702000061 52.507295062000026)","Unfall 214021 (2021) Kat:3, Licht: 0","214021","3","3","5","08","06","3","","0","0","1","0","1"
"POINT (13.493067020000069 52.623862840000072)","Unfall 214022 (2021) Kat:3, Licht: 0","214022","3","3","0","08","08","5","","0","1","0","0","1"
"POINT (13.459549172000038 52.512460066000074)","Unfall 214023 (2021) Kat:2, Licht: 0","214023","2","7","0","08","18","5","","0","1","0","0","0"
"POINT (13.354930308000064 52.413293712000041)","Unfall 214024 (2021) Kat:3, Licht: 0","214024","3","2","5","07","11","6","","0","1","1","0","0"
"POINT (13.339129229000037 52.533869868000068)","Unfall 214025 (2021) Kat:2, Licht: 2","214025","2","7","0","07","00","1","","2","0","0","0","0"
"POINT (13.408310390000054 52.527363994000041)","Unfall 214026 (2021) Kat:3, Licht: 0","214026","3","1","0","08","19","6","","0","1","0","0","1"
"POINT (13.492348001000039 52.420194558000048)","Unfall 214027 (2021) Kat:3, Licht: 0","214027","3","1","8","08","10","2","","0","0","0","0","1"
"POINT (13.524385908000056 52.536403595000081)","Unfall 214028 (2021) Kat:2, Licht: 2","214028","2","7","5","08","22","6","","2","1","0","0","0"
"POINT (13.481163480000077 52.460794992000046)","Unfall 214029 (2021) Kat:3, Licht: 0","214029","3","2","5","07","11","1","","0","0","1","0","0"
"POINT (13.185346277000065 52.515315247000046)","Unfall 214030 (2021) Kat:2, Licht: 0","214030","2","2","5","07","05","2","","0","0","1","0","1"
"POINT (13.523522769000067 52.536043896000081)","Unfall 214031 (2021) Kat:3, Licht: 0","214031","3","1","8","07","06","6","","0","0","0","0","1"
"POINT (13.353899551000040 52.562089974000060)","Unfall 214032 (2021) Kat:3, Licht: 0","214032","3","2","5","07","11","3","","0","0","1","0","0"
"POINT (13.249364063000030 52.515989582000032)","Unfall 214033 (2021) Kat:2, Licht: 0","214033","2","1","8","08","16","1","","0","1","0","0","0"
"POINT (13.317413416000022 52.458091146000072)","Unfall 214034 (2021) Kat:2, Licht: 0","214034","2","7","1","07","10","4","","0","0","1","0","0"
"POINT (13.325252586000033 52.460172826000075)","Unfall 214035 (2021) Kat:3, Licht: 0","214035","3","7","6","08","16","1","","0","1","0","1","0"
"POINT (13.547219069000050 52.435214683000027)","Unfall 214036 (2021) Kat:3, Licht: 0","214036","3","1","0","08","15","3","","0","0","0","0","1"
"POINT (13.297119239000040 52.526699766000036)","Unfall 214037 (2021) Kat:3, Licht: 0","214037","3","6","0","08","17","5","","0","0","1","0","1"
"POINT (13.436424707000072 52.492461169000080)","Unfall 214038 (2021) Kat:3, Licht: 0","214038","3","7","5","08","12","6","","0","0","1","0","0"
"POINT (13.308612258000039 52.463404858000047)","Unfall 214039 (2021) Kat:3, Licht: 0","214039","3","1","1","07","17","5","","0","0","1","0","1"
"POINT (13.225322464000044 52.548827637000045)","Unfall 214040 (2021) Kat:3, Licht: 0","214040","3","1","0","08","07","4","","0","0","1","0","1"
"POINT (13.139581517000067 52.539881771000069)","Unfall 214041 (2021) Kat:3, Licht: 0","214041","3","5","0","07","17","7","","0","0","1","0","0"
"POINT (13.381814771000052 52.396952373000033)","Unfall 214042 (2021) Kat:3, Licht: 0","214042","3","3","5","07","16","6","","0","1","1","0","0"
"POINT (13.363844697000047 52.485133513000051)","Unfall 214043 (2021) Kat:2, Licht: 2","214043","2","3","0","08","00","1","","2","1","0","0","1"
"POINT (13.419636356000069 52.506183911000051)","Unfall 214044 (2021) Kat:3, Licht: 0","214044","3","3","5","08","08","3","","0","1","0","0","0"
"POINT (13.425325239000074 52.479962596000064)","Unfall 214045 (2021) Kat:3, Licht: 0","214045","3","5","1","07","17","4","","0","1","1","0","0"
"POINT (13.417888824000045 52.525777409000057)","Unfall 214046 (2021) Kat:3, Licht: 0","214046","3","1","0","08","06","7","","0","1","0","0","0"
"POINT (13.339034820000052 52.523856822000027)","Unfall 214047 (2021) Kat:3, Licht: 0","214047","3","5","4","08","13","2","","0","1","0","0","0"
"POINT (13.329128757000035 52.567254455000068)","Unfall 214048 (2021) Kat:3, Licht: 0","214048","3","2","6","08","16","4","","0","0","1","1","0"
"POINT (13.304436276000047 52.488450588000035)","Unfall 214049 (2021) Kat:3, Licht: 0","214049","3","3","5","08","11","5","","0","0","1","0","0"
"POINT (13.429705682000076 52.521091497000043)","Unfall 214050 (2021) Kat:3, Licht: 0","214050","3","3","5","07","10","7","","0","1","0","0","0"
"POINT (13.130305407000037 52.550683069000058)","Unfall 214051 (2021) Kat:2, Licht: 0","214051","2","3","5","07","19","5","","0","1","1","0","0"
"POINT (13.338509546000068 52.571650966000050)","Unfall 214052 (2021) Kat:3, Licht: 0","214052","3","6","2","08","11","3","","0","0","1","0","0"
"POINT (13.539519394000024 52.491298489000030)","Unfall 214053 (2021) Kat:3, Licht: 0","214053","3","5","1","08","11","4","","0","1","1","0","0"
"POINT (13.410133886000040 52.387615851000078)","Unfall 214054 (2021) Kat:3, Licht: 0","214054","3","5","1","07","16","6","","0","1","1","0","0"
"POINT (13.340411142000050 52.504060573000061)","Unfall 214055 (2021) Kat:3, Licht: 0","214055","3","7","5","07","17","5","","0","0","1","0","1"
"POINT (13.316396439000073 52.501053826000032)","Unfall 214056 (2021) Kat:3, Licht: 0","214056","3","6","2","08","10","6","","0","0","1","0","0"
"POINT (13.229350291000060 52.426471599000081)","Unfall 214057 (2021) Kat:3, Licht: 0","214057","3","2","5","08","10","2","","0","1","1","0","0"
"POINT (13.423518742000056 52.611653547000060)","Unfall 214058 (2021) Kat:3, Licht: 2","214058","3","4","6","08","22","6","","2","0","1","1","0"
"POINT (13.303378605000034 52.441113640000026)","Unfall 214059 (2021) Kat:3, Licht: 0","214059","3","7","2","07","09","2","","0","1","1","0","0"
"POINT (13.390318728000068 52.555545406000078)","Unfall 214060 (2021) Kat:3, Licht: 0","214060","3","2","5","07","07","4","","0","1","1","0","0"
"POINT (13.244197391000057 52.538512127000047)","Unfall 214061 (2021) Kat:3, Licht: 0","214061","3","6","2","08","11","3","","0","0","1","0","0"
"POINT (13.499222306000036 52.518049202000043)","Unfall 214062 (2021) Kat:3, Licht: 0","214062","3","4","6","07","15","5","","0","0","0","1","0"
"POINT (13.524154164000038 52.477829243000031)","Unfall 214063 (2021) Kat:3, Licht: 0","214063","3","3","5","07","10","5","","0","1","1","0","0"
"POINT (13.342601484000056 52.505931621000059)","Unfall 214064 (2021) Kat:3, Licht: 0","214064","3","7","0","08","07","4","","0","1","1","0","0"
"POINT (13.434706369000025 52.481205642000077)","Unfall 214065 (2021) Kat:3, Licht: 0","214065","3","4","6","07","07","2","","0","0","1","1","0"
"POINT (13.429202492000059 52.509148447000030)","Unfall 214066 (2021) Kat:3, Licht: 0","214066","3","1","8","08","16","6","","0","0","0","0","0"
"POINT (13.339070448000030 52.464531446000080)","Unfall 214067 (2021) Kat:3, Licht: 2","214067","3","3","5","08","21","1","","2","1","1","0","0"
"POINT (13.352338786000075 52.494837483000026)","Unfall 214068 (2021) Kat:3, Licht: 0","214068","3","2","2","08","07","6","","0","1","1","0","0"
"POINT (13.311969375000047 52.615103419000036)","Unfall 214069 (2021) Kat:3, Licht: 0","214069","3","7","6","07","18","1","","0","0","1","1","0"
"POINT (13.363341793000075 52.487644690000081)","Unfall 214070 (2021) Kat:3, Licht: 0","214070","3","4","6","08","12","5","","0","1","0","1","0"
"POINT (13.217986055000040 52.538476698000068)","Unfall 214071 (2021) Kat:3, Licht: 0","214071","3","3","5","07","15","6","","0","0","1","0","0"
"POINT (13.454066465000039 52.434955302000049)","Unfall 214072 (2021) Kat:3, Licht: 0","214072","3","6","2","08","15","1","","0","0","1","0","1"
"POINT (13.339431095000066 52.503135069000052)","Unfall 214073 (2021) Kat:3, Licht: 2","214073","3","2","5","07","22","4","","2","0","1","0","0"
"POINT (13.410525561000043 52.414034802000060)","Unfall 214074 (2021) Kat:3, Licht: 0","214074","3","3","5","08","12","1","","0","0","1","0","0"
"POINT (13.382507110000063 52.555867188000036)","Unfall 214075 (2021) Kat:3, Licht: 0","214075","3","6","3","07","16","7","","0","0","1","0","0"
"POINT (13.289994697000054 52.489029844000072)","Unfall 214076 (2021) Kat:3, Licht: 0","214076","3","3","5","08","13","3","","0","0","1","0","1"
"POINT (13.616683334000072 52.540862251000078)","Unfall 214077 (2021) Kat:3, Licht: 0","214077","3","3","2","08","09","5","","0","1","1","0","0"
"POINT (13.444306196000070 52.552838299000030)","Unfall 214078 (2021) Kat:3, Licht: 0","214078","3","6","2","08","15","5","","0","1","1","0","0"
"POINT (13.378047406000064 52.568916381000065)","Unfall 214079 (2021) Kat:3, Licht: 0","214079","3","3","5","07","13","6","","0","1","0","0","1"
"POINT (13.380206406000070 52.519305511000027)","Unfall 214080 (2021) Kat:2, Licht: 0","214080","2","1","0","07","17","6","","0","1","0","0","0"
"POINT (13.447490744000049 52.475892911000074)","Unfall 214081 (2021) Kat:3, Licht: 0","214081","3","6","2","08","09","4","","0","0","1","0","0"
"POINT (13.329790657000046 52.524056687000041)","Unfall 214082 (2021) Kat:2, Licht: 2","214082","2","1","0","07","01","6","","2","1","0","0","0"
"POINT (13.356674078000026 52.525157126000067)","Unfall 214083 (2021) Kat:3, Licht: 0","214083","3","2","0","07","19","5","","0","1","1","0","0"
"POINT (13.490418478000038 52.621277664000047)","Unfall 214084 (2021) Kat:3, Licht: 0","214084","3","4","6","08","17","1","","0","0","1","1","0"
"POINT (13.178168082000070 52.548844242000030)","Unfall 214085 (2021) Kat:2, Licht: 0","214085","2","2","5","08","16","3","","0","0","1","0","1"
"POINT (13.505608185000028 52.534640353000043)","Unfall 214086 (2021) Kat:3, Licht: 0","214086","3","2","5","07","13","3","","0","1","1","0","0"
"POINT (13.420201685000052 52.610982581000030)","Unfall 214087 (2021) Kat:2, Licht: 0","214087","2","7","5","08","17","7","","0","1","1","0","0"
"POINT (13.417342807000068 52.546822492000047)","Unfall 214088 (2021) Kat:3, Licht: 0","214088","3","5","1","08","13","2","","0","1","1","0","0"
"POINT (13.438763502000029 52.452603981000038)","Unfall 214089 (2021) Kat:3, Licht: 0","214089","3","2","6","07","12","3","","0","0","1","1","0"
"POINT (13.355209535000029 52.546270766000077)","Unfall 214090 (2021) Kat:3, Licht: 0","214090","3","3","5","08","10","4","","0","0","1","0","1"
"POINT (13.546549807000076 52.426366139000038)","Unfall 214091 (2021) Kat:2, Licht: 0","214091","2","2","5","07","08","4","","0","0","1","0","1"
"POINT (13.512372492000054 52.555046877000052)","Unfall 214092 (2021) Kat:2, Licht: 0","214092","2","4","6","08","17","2","","0","0","1","1","0"
"POINT (13.310819604000073 52.501388659000042)","Unfall 214093 (2021) Kat:3, Licht: 0","214093","3","5","1","08","19","3","","0","1","1","0","0"
"POINT (13.368501427000069 52.409846387000073)","Unfall 214094 (2021) Kat:3, Licht: 0","214094","3","7","5","07","11","5","","0","0","1","0","0"
"POINT (13.366969634000043 52.493302836000055)","Unfall 214095 (2021) Kat:3, Licht: 0","214095","3","3","5","07","18","4","","0","1","1","0","0"
"POINT (13.405837903000076 52.530639564000069)","Unfall 214096 (2021) Kat:3, Licht: 0","214096","3","2","5","08","07","4","","0","1","0","0","0"
"POINT (13.329263112000035 52.503243287000032)","Unfall 214097 (2021) Kat:2, Licht: 0","214097","2","1","0","07","19","3","","0","0","0","0","0"
"POINT (13.371817864000036 52.509275175000028)","Unfall 214098 (2021) Kat:3, Licht: 0","214098","3","2","0","08","15","7","","0","1","1","0","0"
"POINT (13.405191859000070 52.534081792000052)","Unfall 214099 (2021) Kat:3, Licht: 0","214099","3","1","0","08","15","3","","0","0","0","0","1"
"POINT (13.258865670000034 52.431884755000056)","Unfall 214100 (2021) Kat:3, Licht: 0","214100","3","4","6","08","13","5","","0","0","0","1","0"
"POINT (13.390593054000021 52.506290104000072)","Unfall 214101 (2021) Kat:3, Licht: 0","214101","3","5","1","07","10","7","","0","1","1","0","0"
"POINT (13.343688937000024 52.613456950000057)","Unfall 214102 (2021) Kat:3, Licht: 0","214102","3","3","5","07","14","7","","0","1","1","0","0"
"POINT (13.302987445000042 52.518653284000038)","Unfall 214103 (2021) Kat:2, Licht: 0","214103","2","2","5","08","09","7","","0","1","1","0","0"
"POINT (13.297930284000074 52.578113103000078)","Unfall 214104 (2021) Kat:3, Licht: 1","214104","3","2","5","08","22","3","","1","0","1","0","0"
"POINT (13.401276500000051 52.414629373000082)","Unfall 214105 (2021) Kat:3, Licht: 0","214105","3","2","5","07","11","4","","0","1","1","0","0"
"POINT (13.268752297000049 52.537066453000079)","Unfall 214106 (2021) Kat:3, Licht: 1","214106","3","1","0","08","20","7","","1","0","0","0","1"
"POINT (13.446630988000038 52.521316459000047)","Unfall 214107 (2021) Kat:3, Licht: 2","214107","3","2","6","08","21","2","","2","0","0","1","0"
"POINT (13.400264859000060 52.558765357000027)","Unfall 214108 (2021) Kat:3, Licht: 0","214108","3","7","5","08","16","3","","0","1","1","0","0"
"POINT (13.460284834000049 52.515943738000033)","Unfall 214109 (2021) Kat:3, Licht: 0","214109","3","3","5","08","09","4","","0","1","1","0","0"
"POINT (13.332539916000030 52.456113079000033)","Unfall 214110 (2021) Kat:3, Licht: 1","214110","3","5","1","07","20","4","","1","0","1","0","0"
"POINT (13.327656178000041 52.520763282000075)","Unfall 214111 (2021) Kat:3, Licht: 0","214111","3","7","5","08","11","4","","0","0","1","0","0"
"POINT (13.298552805000043 52.537054004000026)","Unfall 214112 (2021) Kat:2, Licht: 0","214112","2","4","6","08","18","4","","0","0","1","1","0"
"POINT (13.218937877000030 52.537094771000056)","Unfall 214113 (2021) Kat:3, Licht: 0","214113","3","2","5","07","17","7","","0","1","1","0","0"
"POINT (13.187265071000070 52.536772250000070)","Unfall 214114 (2021) Kat:3, Licht: 0","214114","3","2","5","07","14","5","","0","0","1","0","0"
"POINT (13.352163412000039 52.486607723000077)","Unfall 214115 (2021) Kat:3, Licht: 0","214115","3","5","1","08","10","4","","0","1","1","0","0"
"POINT (13.385448363000023 52.467123257000026)","Unfall 214116 (2021) Kat:2, Licht: 1","214116","2","3","5","07","20","3","","1","1","1","0","0"
"POINT (13.328061772000069 52.563898180000081)","Unfall 214117 (2021) Kat:3, Licht: 2","214117","3","1","8","08","22","6","","2","0","1","0","0"
"POINT (13.416373776000057 52.511026900000047)","Unfall 214118 (2021) Kat:3, Licht: 0","214118","3","3","5","08","16","3","","0","1","1","0","0"
"POINT (13.418117017000043 52.516895755000064)","Unfall 214119 (2021) Kat:2, Licht: 1","214119","2","6","3","08","20","6","","1","1","0","0","0"
"POINT (13.446925466000039 52.507539292000047)","Unfall 214120 (2021) Kat:3, Licht: 1","214120","3","1","0","07","21","7","","1","0","0","0","1"
"POINT (13.451212771000030 52.471889994000037)","Unfall 214121 (2021) Kat:3, Licht: 0","214121","3","3","5","07","13","4","","0","1","1","0","0"
"POINT (13.453333335000025 52.473505739000075)","Unfall 214122 (2021) Kat:2, Licht: 0","214122","2","4","6","08","13","3","","0","0","1","1","0"
"POINT (13.337845381000022 52.527358562000074)","Unfall 214123 (2021) Kat:3, Licht: 0","214123","3","6","4","07","17","5","","0","0","1","0","0"
"POINT (13.473163273000068 52.423122299000056)","Unfall 214124 (2021) Kat:2, Licht: 0","214124","2","2","5","07","05","5","","0","1","0","0","0"
"POINT (13.537680065000075 52.400237289000074)","Unfall 214125 (2021) Kat:3, Licht: 0","214125","3","1","0","08","10","2","","0","0","1","0","0"
"POINT (13.391336377000073 52.550336967000078)","Unfall 214126 (2021) Kat:3, Licht: 2","214126","3","2","5","08","21","4","","2","1","0","0","0"
"POINT (13.365985689000070 52.493459406000056)","Unfall 214127 (2021) Kat:3, Licht: 0","214127","3","1","8","07","07","7","","0","0","1","0","0"
"POINT (13.411528145000034 52.521732015000055)","Unfall 214128 (2021) Kat:3, Licht: 0","214128","3","7","6","08","17","6","","0","0","0","1","0"
"POINT (13.508367609000061 52.432760929000040)","Unfall 214129 (2021) Kat:3, Licht: 0","214129","3","7","6","08","16","2","","0","0","1","1","0"
"POINT (13.338058153000077 52.451116069000079)","Unfall 214130 (2021) Kat:3, Licht: 0","214130","3","2","5","08","07","6","","0","0","1","0","0"
"POINT (13.387052235000056 52.500659344000042)","Unfall 214131 (2021) Kat:3, Licht: 0","214131","3","5","1","07","14","5","","0","1","1","0","0"
"POINT (13.447378496000056 52.498137688000043)","Unfall 214132 (2021) Kat:3, Licht: 0","214132","3","6","2","08","10","5","","0","0","1","0","0"
"POINT (13.441949697000041 52.636488710000037)","Unfall 214133 (2021) Kat:3, Licht: 0","214133","3","2","5","07","15","6","","0","0","1","0","1"
"POINT (13.521792424000068 52.567093997000029)","Unfall 214134 (2021) Kat:2, Licht: 0","214134","2","4","6","08","17","1","","0","0","1","1","0"
"POINT (13.373746573000062 52.553992284000060)","Unfall 214135 (2021) Kat:3, Licht: 1","214135","3","1","8","08","04","2","","1","0","1","0","0"
"POINT (13.493601384000044 52.544766922000065)","Unfall 214136 (2021) Kat:3, Licht: 0","214136","3","3","5","07","17","4","","0","1","1","0","0"
"POINT (13.482668413000056 52.546706492000055)","Unfall 214137 (2021) Kat:3, Licht: 0","214137","3","5","1","08","18","1","","0","1","1","0","0"
"POINT (13.482755099000030 52.525320469000064)","Unfall 214138 (2021) Kat:3, Licht: 0","214138","3","5","1","08","15","3","","0","0","1","0","0"
"POINT (13.525289472000054 52.480677600000035)","Unfall 214139 (2021) Kat:2, Licht: 0","214139","2","4","6","08","19","5","","0","0","1","1","0"
"POINT (13.345755927000027 52.500069992000078)","Unfall 214140 (2021) Kat:3, Licht: 2","214140","3","3","5","08","22","5","","2","1","1","0","0"
"POINT (13.475541507000059 52.431334500000048)","Unfall 214141 (2021) Kat:3, Licht: 0","214141","3","6","2","07","14","4","","0","0","1","0","0"
"POINT (13.357367101000023 52.535936870000057)","Unfall 214142 (2021) Kat:3, Licht: 0","214142","3","2","0","08","12","4","","0","1","1","0","0"
"POINT (13.383124215000066 52.530599807000044)","Unfall 214143 (2021) Kat:3, Licht: 0","214143","3","2","5","07","14","6","","0","1","1","0","0"
"POINT (13.488061539000057 52.518409738000059)","Unfall 214144 (2021) Kat:3, Licht: 0","214144","3","7","0","07","17","5","","0","1","1","0","0"
"POINT (13.420080600000063 52.502388697000072)","Unfall 214145 (2021) Kat:3, Licht: 0","214145","3","6","3","08","10","7","","0","1","1","0","0"
"POINT (13.410430711000060 52.525054866000062)","Unfall 214146 (2021) Kat:3, Licht: 0","214146","3","5","1","08","18","2","","0","1","1","0","0"
"POINT (13.484122976000037 52.508568392000029)","Unfall 214147 (2021) Kat:3, Licht: 0","214147","3","3","5","07","17","2","","0","1","1","0","0"
"POINT (13.527092816000049 52.486565554000038)","Unfall 214148 (2021) Kat:2, Licht: 0","214148","2","2","5","08","10","7","","0","1","1","0","0"
"POINT (13.405423528000028 52.489173170000072)","Unfall 214149 (2021) Kat:3, Licht: 0","214149","3","2","0","08","19","2","","0","1","0","0","0"
"POINT (13.191115913000033 52.434703595000030)","Unfall 214150 (2021) Kat:3, Licht: 0","214150","3","2","2","07","15","2","","0","0","1","0","0"
"POINT (13.243070030000069 52.615881750000028)","Unfall 214151 (2021) Kat:3, Licht: 0","214151","3","2","5","08","11","4","","0","1","1","0","0"
"POINT (13.399431517000039 52.531919997000045)","Unfall 214152 (2021) Kat:3, Licht: 0","214152","3","5","1","07","19","4","","0","1","1","0","0"
"POINT (13.267350902000032 52.408966290000080)","Unfall 214153 (2021) Kat:3, Licht: 0","214153","3","2","5","08","17","2","","0","1","1","0","0"
"POINT (13.376883412000041 52.510768610000071)","Unfall 214154 (2021) Kat:3, Licht: 0","214154","3","2","5","08","16","4","","0","1","1","0","0"
"POINT (13.386153160000049 52.558721602000048)","Unfall 214155 (2021) Kat:3, Licht: 0","214155","3","2","5","07","10","5","","0","0","1","0","0"
"POINT (13.538393454000072 52.434135553000033)","Unfall 214156 (2021) Kat:3, Licht: 0","214156","3","7","0","07","09","4","","0","1","0","0","0"
"POINT (13.378998997000053 52.568307191000031)","Unfall 214157 (2021) Kat:3, Licht: 0","214157","3","2","5","08","10","5","","0","1","1","0","0"
"POINT (13.558009109000068 52.455713723000031)","Unfall 214158 (2021) Kat:3, Licht: 0","214158","3","2","5","07","15","3","","0","1","1","0","0"
"POINT (13.482209233000049 52.506403725000041)","Unfall 214159 (2021) Kat:3, Licht: 0","214159","3","3","5","08","08","5","","0","1","0","0","0"
"POINT (13.410840967000070 52.539642864000029)","Unfall 214160 (2021) Kat:3, Licht: 0","214160","3","7","5","08","13","2","","0","0","1","0","1"
"POINT (13.345445767000058 52.436099557000034)","Unfall 214161 (2021) Kat:3, Licht: 0","214161","3","6","2","08","12","6","","0","0","1","0","0"
"POINT (13.499756043000048 52.514420621000056)","Unfall 214162 (2021) Kat:2, Licht: 0","214162","2","5","1","07","16","1","","0","0","1","0","0"
"POINT (13.435142011000039 52.426819405000060)","Unfall 214163 (2021) Kat:3, Licht: 0","214163","3","6","2","08","12","2","","0","0","1","0","0"
"POINT (13.372152108000023 52.532399767000072)","Unfall 214164 (2021) Kat:3, Licht: 2","214164","3","1","1","07","02","5","","2","0","1","0","0"
"POINT (13.382312583000044 52.504437867000036)","Unfall 214165 (2021) Kat:3, Licht: 0","214165","3","2","5","08","08","2","","0","1","0","0","0"
"POINT (13.517034370000033 52.461766682000075)","Unfall 214166 (2021) Kat:2, Licht: 0","214166","2","2","5","08","18","4","","0","1","1","0","0"
"POINT (13.391572123000060 52.511326021000059)","Unfall 214167 (2021) Kat:3, Licht: 0","214167","3","3","5","08","17","4","","0","0","1","0","0"
"POINT (13.346316408000064 52.500325217000068)","Unfall 214168 (2021) Kat:3, Licht: 0","214168","3","2","5","08","18","5","","0","1","1","0","0"
"POINT (13.292535703000055 52.429456466000033)","Unfall 214169 (2021) Kat:3, Licht: 0","214169","3","3","5","07","13","6","","0","0","1","0","0"
"POINT (13.338762051000060 52.502591569000060)","Unfall 214170 (2021) Kat:3, Licht: 0","214170","3","4","6","07","14","6","","0","0","0","1","1"
"POINT (13.289630225000053 52.590302746000077)","Unfall 214171 (2021) Kat:3, Licht: 0","214171","3","3","5","08","15","6","","0","1","0","0","1"
"POINT (13.161657066000032 52.420348248000039)","Unfall 214172 (2021) Kat:2, Licht: 0","214172","2","1","9","07","18","2","","0","0","1","0","0"
"POINT (13.314455487000032 52.470245314000067)","Unfall 214173 (2021) Kat:3, Licht: 2","214173","3","5","1","08","22","1","","2","0","1","0","0"
"POINT (13.250175964000050 52.418577724000045)","Unfall 214174 (2021) Kat:2, Licht: 0","214174","2","2","5","07","20","4","","0","1","1","0","0"
"POINT (13.199272123000071 52.533918572000061)","Unfall 214175 (2021) Kat:2, Licht: 0","214175","2","6","3","08","09","2","","0","0","1","0","0"