WKT,Name,OBJECTID,UKATEGORIE,UTYP1,UART,UMONAT,USTUNDE,UWOCHENTAG,STRZUSTAND,ULICHTVERH,ISTRAD,ISTPKW,ISTFUSS,ISTKRAD
"POINT (13.398916525000061 52.508225482000057)","Unfall 214176 (2021) Kat:3, Licht: 0","214176","3","3","5","08","14","3","","0","1","1","0","0"
"POINT (13.428869918000032 52.484625731000051)","Unfall 214177 (2021) Kat:3, Licht: 1","214177","3","3","5","08","04","5","","1","0","1","0","0"
"POINT (13.293800698000041 52.491250457000035)","Unfall 214178 (2021) Kat:3, Licht: 0","214178","3","4","6","08","08","2","","0","0","1","1","0"
"POINT (13.347295358000054 52.550798811000050)","Unfall 214179 (2021) Kat:3, Licht: 0","214179","3","5","1","08","19","6","","0","0","1","0","0"
"POINT (13.458279788000027 52.499746758000072)","Unfall 214180 (2021) Kat:3, Licht: 0","214180","3","6","2","07","19","6","","0","0","1","0","0"
"POINT (13.454778429000044 52.528130939000050)","Unfall 214181 (2021) Kat:3, Licht: 0","214181","3","7","6","08","09","5","","0","1","0","1","0"
"POINT (13.353898400000048 52.596567630000038)","Unfall 214182 (2021) Kat:2, Licht: 0","214182","2","4","6","07","11","6","","0","0","1","1","0"
"POINT (13.441298194000069 52.568614402000037)","Unfall 214183 (2021) Kat:3, Licht: 0","214183","3","3","0","08","13","7","","0","0","1","0","1"
"POINT (13.491425120000031 52.526544311000066)","Unfall 214184 (2021) Kat:3, Licht: 0","214184","3","3","5","08","11","3","","0","0","1","0","0"
"POINT (13.412173017000043 52.417203292000067)","Unfall 214185 (2021) Kat:3, Licht: 0","214185","3","2","5","07","12","3","","0","1","1","0","0"
"POINT (13.331024845000059 52.490647713000044)","Unfall 214186 (2021) Kat:3, Licht: 0","214186","3","6","2","08","16","1","","0","0","1","0","1"
"POINT (13.412341041000047 52.492126968000036)","Unfall 214187 (2021) Kat:3, Licht: 0","214187","3","3","0","08","15","3","","0","1","0","0","0"
"POINT (13.428297944000064 52.569572772000072)","Unfall 214188 (2021) Kat:3, Licht: 0","214188","3","6","2","08","14","5","","0","0","1","0","0"
"POINT (13.181627980000030 52.536267154000029)","Unfall 214189 (2021) Kat:3, Licht: 0","214189","3","6","3","08","15","5","","0","0","1","0","0"
"POINT (13.407914398000059 52.504351302000032)","Unfall 214190 (2021) Kat:3, Licht: 0","214190","3","2","0","07","07","5","","0","1","0","0","0"
"POINT (13.575421243000051 52.447231073000069)","Unfall 214191 (2021) Kat:3, Licht: 0","214191","3","5","1","08","13","5","","0","1","1","0","0"
"POINT (13.558086035000031 52.441476632000047)","Unfall 214192 (2021) Kat:2, Licht: 0","214192","2","6","4","07","12","6","","0","0","1","0","0"
"POINT (13.406183869000074 52.450904324000078)","Unfall 214193 (2021) Kat:3, Licht: 0","214193","3","6","2","07","14","6","","0","0","1","0","1"
"POINT (13.402089603000036 52.523649151000029)","Unfall 214194 (2021) Kat:2, Licht: 2","214194","2","1","8","08","04","7","","2","0","0","0","1"
"POINT (13.487883998000029 52.618378359000076)","Unfall 214195 (2021) Kat:3, Licht: 0","214195","3","3","5","08","17","2","","0","1","1","0","0"
"POINT (13.271310752000034 52.509927875000074)","Unfall 214196 (2021) Kat:3, Licht: 0","214196","3","6","3","07","17","2","","0","0","1","0","0"
"POINT (13.319389850000050 52.528242479000028)","Unfall 214197 (2021) Kat:3, Licht: 1","214197","3","3","5","08","20","7","","1","1","1","0","0"
"POINT (13.387773232000029 52.503160036000054)","Unfall 214198 (2021) Kat:3, Licht: 0","214198","3","6","2","08","11","2","","0","0","0","0","1"
"POINT (13.374649186000056 52.537323136000055)","Unfall 214199 (2021) Kat:3, Licht: 0","214199","3","2","5","07","07","3","","0","1","1","0","0"
"POINT (13.409573497000054 52.416546010000047)","Unfall 214200 (2021) Kat:3, Licht: 0","214200","3","7","6","07","14","3","","0","0","1","1","0"
"POINT (13.453195159000074 52.523674989000028)","Unfall 214201 (2021) Kat:3, Licht: 0","214201","3","4","6","08","14","3","","0","0","1","1","0"
"POINT (13.380582253000057 52.528436780000050)","Unfall 214202 (2021) Kat:3, Licht: 0","214202","3","7","5","08","10","4","","0","1","1","0","0"
"POINT (13.400130449000073 52.509535028000073)","Unfall 214203 (2021) Kat:3, Licht: 0","214203","3","2","5","07","14","5","","0","0","0","0","1"
"POINT (13.401647612000033 52.529624233000050)","Unfall 214204 (2021) Kat:3, Licht: 0","214204","3","2","5","07","12","4","","0","1","0","0","0"
"POINT (13.329168330000073 52.567374060000077)","Unfall 214205 (2021) Kat:2, Licht: 0","214205","2","6","3","08","08","5","","0","0","1","0","0"
"POINT (13.405461657000046 52.508431149000046)","Unfall 214206 (2021) Kat:3, Licht: 0","214206","3","6","2","07","09","2","","0","0","0","0","1"
"POINT (13.350708813000040 52.512514006000060)","Unfall 214207 (2021) Kat:3, Licht: 0","214207","3","6","2","08","17","5","","0","0","1","0","0"
"POINT (13.273422838000045 52.455588101000046)","Unfall 214208 (2021) Kat:3, Licht: 0","214208","3","7","5","08","07","2","","0","1","1","0","0"
"POINT (13.358459724000056 52.434119541000030)","Unfall 214209 (2021) Kat:3, Licht: 0","214209","3","5","1","08","12","6","","0","1","1","0","0"
"POINT (13.158364183000060 52.532037647000038)","Unfall 214210 (2021) Kat:3, Licht: 0","214210","3","3","5","07","07","7","","0","0","1","0","0"
"POINT (13.421959803000050 52.505122493000044)","Unfall 214211 (2021) Kat:2, Licht: 0","214211","2","3","5","07","07","6","","0","0","0","0","1"
"POINT (13.339295257000060 52.458699163000063)","Unfall 214212 (2021) Kat:3, Licht: 0","214212","3","2","5","08","13","1","","0","1","1","0","0"
"POINT (13.345070797000062 52.484590795000031)","Unfall 214213 (2021) Kat:2, Licht: 0","214213","2","2","5","07","20","5","","0","0","1","0","0"
"POINT (13.401024844000062 52.414560066000035)","Unfall 214214 (2021) Kat:3, Licht: 1","214214","3","2","5","08","20","1","","1","0","1","0","0"
"POINT (13.417240385000071 52.506763960000058)","Unfall 214215 (2021) Kat:3, Licht: 0","214215","3","2","0","08","14","3","","0","1","0","0","1"
"POINT (13.316567657000064 52.514335526000082)","Unfall 214216 (2021) Kat:2, Licht: 2","214216","2","7","0","08","02","4","","2","1","0","0","0"
"POINT (13.406758667000076 52.398523036000029)","Unfall 214217 (2021) Kat:3, Licht: 0","214217","3","2","5","08","16","6","","0","1","0","0","0"
"POINT (13.440212691000056 52.493925670000067)","Unfall 214218 (2021) Kat:2, Licht: 2","214218","2","6","3","07","22","5","","2","1","1","0","0"
"POINT (13.435638028000028 52.480913973000042)","Unfall 214219 (2021) Kat:3, Licht: 0","214219","3","5","1","08","12","4","","0","0","1","0","0"
"POINT (13.427231193000068 52.499310876000038)","Unfall 214220 (2021) Kat:3, Licht: 0","214220","3","1","0","07","06","7","","0","1","0","0","0"
"POINT (13.264971259000049 52.536555710000073)","Unfall 214221 (2021) Kat:2, Licht: 0","214221","2","2","5","07","13","6","","0","1","1","0","0"
"POINT (13.245283934000042 52.612637065000058)","Unfall 214222 (2021) Kat:3, Licht: 2","214222","3","1","9","08","21","7","","2","0","1","0","0"
"POINT (13.209780267000042 52.547897622000050)","Unfall 214223 (2021) Kat:3, Licht: 0","214223","3","2","5","08","11","3","","0","1","1","0","0"
"POINT (13.394990280000059 52.496200746000056)","Unfall 214224 (2021) Kat:3, Licht: 0","214224","3","3","5","07","07","3","","0","0","1","0","0"
"POINT (13.396100581000042 52.524167047000049)","Unfall 214225 (2021) Kat:3, Licht: 0","214225","3","5","0","08","19","7","","0","1","0","0","0"
"POINT (13.171937793000041 52.550124543000038)","Unfall 214226 (2021) Kat:2, Licht: 0","214226","2","3","5","08","07","2","","0","1","1","0","0"
"POINT (13.341788196000039 52.521679104000043)","Unfall 214227 (2021) Kat:3, Licht: 0","214227","3","6","2","08","12","4","","0","0","1","0","1"
"POINT (13.227246725000043 52.549474567000061)","Unfall 214228 (2021) Kat:3, Licht: 0","214228","3","2","5","08","13","5","","0","0","1","0","0"
"POINT (13.361933309000051 52.497982418000049)","Unfall 214229 (2021) Kat:3, Licht: 0","214229","3","2","5","07","14","7","","0","1","1","0","0"
"POINT (13.372345326000072 52.542097097000067)","Unfall 214230 (2021) Kat:3, Licht: 0","214230","3","5","0","07","09","5","","0","0","1","0","1"
"POINT (13.519469304000040 52.535363286000063)","Unfall 214231 (2021) Kat:3, Licht: 0","214231","3","3","5","08","05","3","","0","1","1","0","0"
"POINT (13.355414846000031 52.519692302000067)","Unfall 214232 (2021) Kat:3, Licht: 0","214232","3","2","0","08","09","3","","0","0","1","0","1"
"POINT (13.349984808000045 52.513803258000053)","Unfall 214233 (2021) Kat:2, Licht: 0","214233","2","2","0","07","17","6","","0","0","1","0","0"
"POINT (13.260697716000038 52.489602641000033)","Unfall 214234 (2021) Kat:3, Licht: 0","214234","3","6","3","07","18","5","","0","1","1","0","0"
"POINT (13.485369483000056 52.523189662000050)","Unfall 214235 (2021) Kat:3, Licht: 2","214235","3","1","0","08","21","6","","2","0","0","0","0"
"POINT (13.522535589000029 52.508561799000063)","Unfall 214236 (2021) Kat:3, Licht: 0","214236","3","3","5","08","14","2","","0","1","1","0","0"
"POINT (13.556318699000030 52.570403278000072)","Unfall 214237 (2021) Kat:3, Licht: 0","214237","3","2","5","08","14","6","","0","1","1","0","0"
"POINT (13.445584399000040 52.512712355000076)","Unfall 214238 (2021) Kat:3, Licht: 1","214238","3","3","5","08","02","7","","1","0","1","0","0"
"POINT (13.319546484000057 52.453316540000060)","Unfall 214239 (2021) Kat:3, Licht: 0","214239","3","6","3","08","17","3","","0","1","0","0","0"
"POINT (13.332589721000033 52.505191931000070)","Unfall 214240 (2021) Kat:3, Licht: 0","214240","3","5","1","07","15","3","","0","1","1","0","0"
"POINT (13.406866098000023 52.393771892000075)","Unfall 214241 (2021) Kat:3, Licht: 0","214241","3","2","5","08","16","1","","0","1","1","0","0"
"POINT (13.179260181000075 52.533864179000034)","Unfall 214242 (2021) Kat:3, Licht: 0","214242","3","3","5","08","17","3","","0","0","1","0","0"
"POINT (13.329492581000068 52.563297358000057)","Unfall 214243 (2021) Kat:3, Licht: 0","214243","3","1","0","08","12","4","","0","0","0","0","1"
"POINT (13.337659314000064 52.488254473000040)","Unfall 214244 (2021) Kat:3, Licht: 0","214244","3","5","1","08","19","5","","0","0","1","0","1"
"POINT (13.304769735000036 52.505635649000055)","Unfall 214245 (2021) Kat:3, Licht: 0","214245","3","7","5","07","17","6","","0","0","1","0","1"
"POINT (13.511108127000057 52.504137182000079)","Unfall 214246 (2021) Kat:3, Licht: 0","214246","3","6","2","07","14","5","","0","0","1","0","0"
"POINT (13.559704969000052 52.479527550000057)","Unfall 214247 (2021) Kat:3, Licht: 0","214247","3","4","6","08","07","5","","0","0","1","1","0"
"POINT (13.529433103000031 52.488096747000043)","Unfall 214248 (2021) Kat:3, Licht: 0","214248","3","4","6","07","17","6","","0","1","0","1","0"
"POINT (13.327618591000032 52.524301278000053)","Unfall 214249 (2021) Kat:3, Licht: 0","214249","3","1","0","07","14","5","","0","1","0","0","0"
"POINT (13.407478781000066 52.392120336000062)","Unfall 214250 (2021) Kat:3, Licht: 1","214250","3","7","6","08","20","7","","1","0","0","1","0"
"POINT (13.179639879000035 52.421935646000065)","Unfall 214251 (2021) Kat:3, Licht: 1","214251","3","1","0","08","19","3","","1","1","0","0","0"
"POINT (13.468160030000035 52.520274915000073)","Unfall 214252 (2021) Kat:3, Licht: 0","214252","3","1","0","08","12","7","","0","1","0","0","0"
"POINT (13.571129786000029 52.545886946000053)","Unfall 214253 (2021) Kat:3, Licht: 0","214253","3","2","5","08","14","2","","0","1","1","0","0"
"POINT (13.485787059000074 52.521634787000039)","Unfall 214254 (2021) Kat:3, Licht: 0","214254","3","2","5","07","15","2","","0","1","1","0","0"
"POINT (13.463140359000022 52.511467587000027)","Unfall 214255 (2021) Kat:3, Licht: 0","214255","3","3","5","07","13","3","","0","1","1","0","0"
"POINT (13.486621642000046 52.502523701000030)","Unfall 214256 (2021) Kat:3, Licht: 0","214256","3","3","5","08","07","3","","0","1","1","0","0"
"POINT (13.463160284000026 52.508236355000065)","Unfall 214257 (2021) Kat:3, Licht: 0","214257","3","3","5","08","17","4","","0","1","1","0","0"
"POINT (13.428664320000053 52.518852336000066)","Unfall 214258 (2021) Kat:3, Licht: 0","214258","3","6","3","07","06","5","","0","0","1","0","1"
"POINT (13.435720440000068 52.464297126000076)","Unfall 214259 (2021) Kat:3, Licht: 0","214259","3","5","1","07","15","4","","0","0","1","0","0"
"POINT (13.464340467000056 52.473281374000067)","Unfall 214260 (2021) Kat:3, Licht: 1","214260","3","3","5","08","20","4","","1","1","1","0","0"
"POINT (13.402416635000066 52.511896631000070)","Unfall 214261 (2021) Kat:2, Licht: 0","214261","2","6","3","07","08","2","","0","0","0","0","1"
"POINT (13.400348974000053 52.523650417000056)","Unfall 214262 (2021) Kat:3, Licht: 0","214262","3","4","6","08","19","6","","0","1","0","1","0"
"POINT (13.490376732000072 52.515172594000035)","Unfall 214263 (2021) Kat:3, Licht: 0","214263","3","3","5","08","08","2","","0","1","1","0","0"
"POINT (13.455600721000053 52.479506463000064)","Unfall 214264 (2021) Kat:3, Licht: 0","214264","3","3","5","08","07","6","","0","1","1","0","0"
"POINT (13.557261581000034 52.507150970000055)","Unfall 214265 (2021) Kat:3, Licht: 0","214265","3","3","5","07","13","2","","0","1","1","0","0"
"POINT (13.435683825000069 52.452585764000048)","Unfall 214266 (2021) Kat:2, Licht: 0","214266","2","2","5","07","05","2","","0","0","1","0","1"
"POINT (13.347823697000024 52.551003090000052)","Unfall 214267 (2021) Kat:3, Licht: 2","214267","3","3","5","08","22","1","","2","0","1","0","0"
"POINT (13.531031003000066 52.462261517000059)","Unfall 214268 (2021) Kat:3, Licht: 0","214268","3","5","1","07","10","4","","0","0","1","0","0"
"POINT (13.593651191000049 52.445639510000035)","Unfall 214269 (2021) Kat:3, Licht: 0","214269","3","6","3","08","14","7","","0","0","1","0","1"
"POINT (13.315630251000073 52.444590876000063)","Unfall 214270 (2021) Kat:3, Licht: 0","214270","3","6","6","08","07","3","","0","1","0","1","0"
"POINT (13.381096192000030 52.532144547000030)","Unfall 214271 (2021) Kat:3, Licht: 1","214271","3","4","6","08","20","4","","1","1","1","1","0"
"POINT (13.254927116000033 52.562539864000030)","Unfall 214272 (2021) Kat:3, Licht: 0","214272","3","6","2","08","11","6","","0","0","1","0","0"
"POINT (13.508379309000077 52.575481205000074)","Unfall 214273 (2021) Kat:3, Licht: 0","214273","3","2","5","07","18","6","","0","1","1","0","0"
"POINT (13.323631541000054 52.587190584000041)","Unfall 214274 (2021) Kat:3, Licht: 0","214274","3","2","5","07","12","6","","0","1","1","0","0"
"POINT (13.403150287000074 52.524678737000045)","Unfall 214275 (2021) Kat:3, Licht: 0","214275","3","6","2","08","08","5","","0","1","1","0","0"
"POINT (13.624518082000066 52.529721441000049)","Unfall 214276 (2021) Kat:3, Licht: 0","214276","3","6","2","07","12","7","","0","0","1","0","0"
"POINT (13.410735427000077 52.387894395000046)","Unfall 214277 (2021) Kat:3, Licht: 0","214277","3","3","5","07","09","7","","0","0","1","0","0"
"POINT (13.395246785000040 52.496370968000065)","Unfall 214278 (2021) Kat:3, Licht: 2","214278","3","1","0","08","22","7","","2","0","0","0","0"
"POINT (13.288126049000027 52.584647949000043)","Unfall 214279 (2021) Kat:3, Licht: 1","214279","3","3","5","08","20","3","","1","1","1","0","0"
"POINT (13.304723719000037 52.479896926000038)","Unfall 214280 (2021) Kat:3, Licht: 0","214280","3","6","3","07","08","3","","0","1","1","0","0"
"POINT (13.325309087000051 52.564779565000038)","Unfall 214281 (2021) Kat:2, Licht: 0","214281","2","7","5","08","15","7","","0","0","1","0","1"
"POINT (13.437677323000059 52.478772263000053)","Unfall 214282 (2021) Kat:3, Licht: 0","214282","3","6","2","08","14","2","","0","0","1","0","0"
"POINT (13.538606437000055 52.434471027000029)","Unfall 214283 (2021) Kat:3, Licht: 0","214283","3","2","5","08","15","4","","0","0","1","0","0"
"POINT (13.335009279000076 52.421015562000036)","Unfall 214284 (2021) Kat:3, Licht: 0","214284","3","2","6","08","16","4","","0","0","1","1","0"
"POINT (13.432028531000071 52.485551034000082)","Unfall 214285 (2021) Kat:3, Licht: 0","214285","3","6","2","07","19","7","","0","0","1","0","0"
"POINT (13.332072210000035 52.505903330000081)","Unfall 214286 (2021) Kat:3, Licht: 0","214286","3","6","0","07","13","4","","0","0","1","0","0"
"POINT (13.417262921000031 52.512435601000050)","Unfall 214287 (2021) Kat:3, Licht: 0","214287","3","4","6","08","10","4","","0","1","1","1","0"
"POINT (13.438494354000056 52.488503001000026)","Unfall 214288 (2021) Kat:3, Licht: 0","214288","3","6","2","08","11","4","","0","1","1","0","0"
"POINT (13.411184225000056 52.503502595000043)","Unfall 214289 (2021) Kat:3, Licht: 0","214289","3","3","5","07","15","6","","0","1","1","0","0"
"POINT (13.430091154000024 52.455920905000028)","Unfall 214290 (2021) Kat:3, Licht: 0","214290","3","3","5","07","12","5","","0","1","1","0","0"
"POINT (13.260447439000075 52.545211566000035)","Unfall 214291 (2021) Kat:3, Licht: 0","214291","3","3","5","07","15","3","","0","1","1","0","0"
"POINT (13.453981951000060 52.469205388000034)","Unfall 214292 (2021) Kat:3, Licht: 0","214292","3","3","5","08","08","6","","0","1","1","0","0"
"POINT (13.320344056000067 52.478829893000068)","Unfall 214293 (2021) Kat:3, Licht: 2","214293","3","2","5","08","20","2","","2","0","1","0","1"
"POINT (13.385516858000074 52.550204949000033)","Unfall 214294 (2021) Kat:3, Licht: 0","214294","3","6","2","08","14","6","","0","0","1","0","0"
"POINT (13.344988140000055 52.484544618000029)","Unfall 214295 (2021) Kat:3, Licht: 0","214295","3","6","3","07","15","1","","0","1","1","0","0"
"POINT (13.394116005000058 52.483969237000053)","Unfall 214296 (2021) Kat:3, Licht: 0","214296","3","6","0","07","14","6","","0","0","1","0","1"
"POINT (13.581485076000035 52.460508910000044)","Unfall 214297 (2021) Kat:3, Licht: 0","214297","3","6","0","07","15","4","","0","1","0","0","0"
"POINT (13.486977692000039 52.465650533000030)","Unfall 214298 (2021) Kat:3, Licht: 1","214298","3","2","5","08","20","2","","1","1","1","0","0"
"POINT (13.564215660000059 52.519741734000036)","Unfall 214299 (2021) Kat:3, Licht: 0","214299","3","2","2","07","09","5","","0","0","1","0","1"
"POINT (13.470941876000040 52.555214579000051)","Unfall 214300 (2021) Kat:3, Licht: 0","214300","3","5","0","07","16","5","","0","1","1","0","0"
"POINT (13.292313136000075 52.590592832000027)","Unfall 214301 (2021) Kat:3, Licht: 0","214301","3","2","5","08","13","3","","0","1","1","0","0"
"POINT (13.278461700000037 52.467616366000073)","Unfall 214302 (2021) Kat:2, Licht: 2","214302","2","5","1","08","04","5","","2","0","1","0","0"
"POINT (13.315114676000064 52.490891601000044)","Unfall 214303 (2021) Kat:3, Licht: 0","214303","3","3","5","08","09","2","","0","0","1","0","0"
"POINT (13.329536040000050 52.523811579000039)","Unfall 214304 (2021) Kat:3, Licht: 0","214304","3","3","5","08","08","5","","0","1","1","0","0"
"POINT (13.361646194000059 52.530995856000061)","Unfall 214305 (2021) Kat:3, Licht: 0","214305","3","1","0","07","15","5","","0","0","0","0","0"
"POINT (13.388702998000042 52.453136185000062)","Unfall 214306 (2021) Kat:2, Licht: 0","214306","2","5","1","07","13","6","","0","1","1","0","0"
"POINT (13.528899452000076 52.426363365000043)","Unfall 214307 (2021) Kat:3, Licht: 0","214307","3","2","2","08","14","2","","0","0","1","0","0"
"POINT (13.375917646000062 52.443245387000047)","Unfall 214308 (2021) Kat:3, Licht: 0","214308","3","2","5","07","07","3","","0","1","0","0","0"
"POINT (13.441163949000043 52.423271976000080)","Unfall 214309 (2021) Kat:3, Licht: 0","214309","3","1","0","07","16","3","","0","0","0","0","0"
"POINT (13.360339223000040 52.537245265000081)","Unfall 214310 (2021) Kat:3, Licht: 0","214310","3","2","0","08","17","3","","0","1","1","0","0"
"POINT (13.387961250000046 52.492987716000073)","Unfall 214311 (2021) Kat:3, Licht: 2","214311","3","3","5","07","00","5","","2","0","1","0","0"
"POINT (13.512092491000033 52.538138458000049)","Unfall 214312 (2021) Kat:3, Licht: 0","214312","3","2","2","07","08","4","","0","0","1","0","0"
"POINT (13.401903521000065 52.528941778000046)","Unfall 214313 (2021) Kat:3, Licht: 0","214313","3","3","5","08","18","4","","0","1","0","0","1"
"POINT (13.373037443000044 52.410904004000031)","Unfall 214314 (2021) Kat:3, Licht: 0","214314","3","5","0","07","14","2","","0","0","0","0","1"
"POINT (13.426757217000045 52.476178072000039)","Unfall 214315 (2021) Kat:3, Licht: 0","214315","3","2","0","08","19","6","","0","1","1","0","0"
"POINT (13.295468613000025 52.497941546000050)","Unfall 214316 (2021) Kat:3, Licht: 0","214316","3","7","5","08","17","2","","0","0","1","0","1"
"POINT (13.548858125000038 52.534009057000048)","Unfall 214317 (2021) Kat:3, Licht: 0","214317","3","3","5","08","19","5","","0","0","1","0","0"
"POINT (13.479411108000022 52.523295362000056)","Unfall 214318 (2021) Kat:2, Licht: 0","214318","2","4","6","07","11","1","","0","0","1","1","0"
"POINT (13.412232534000054 52.503077786000063)","Unfall 214319 (2021) Kat:3, Licht: 2","214319","3","3","5","08","22","5","","2","1","1","0","0"
"POINT (13.418117594000023 52.516877494000028)","Unfall 214320 (2021) Kat:3, Licht: 0","214320","3","6","0","07","19","2","","0","1","0","0","0"
"POINT (13.374023498000042 52.424292571000080)","Unfall 214321 (2021) Kat:3, Licht: 0","214321","3","6","0","08","09","2","","0","0","1","0","1"
"POINT (13.411172191000048 52.503506056000049)","Unfall 214322 (2021) Kat:3, Licht: 0","214322","3","3","5","07","07","4","","0","1","1","0","0"
"POINT (13.308018806000064 52.556668604000038)","Unfall 214323 (2021) Kat:2, Licht: 0","214323","2","1","0","08","11","1","","0","0","0","0","1"
"POINT (13.598928674000035 52.528336945000035)","Unfall 214324 (2021) Kat:3, Licht: 0","214324","3","3","5","08","15","3","","0","0","1","0","0"
"POINT (13.443607618000044 52.464252425000041)","Unfall 214325 (2021) Kat:2, Licht: 0","214325","2","3","5","08","10","5","","0","0","0","0","1"
"POINT (13.398339776000057 52.507066454000039)","Unfall 214326 (2021) Kat:2, Licht: 0","214326","2","2","5","08","17","5","","0","1","1","0","0"
"POINT (13.314258015000064 52.464737057000036)","Unfall 214327 (2021) Kat:3, Licht: 0","214327","3","5","1","07","18","5","","0","0","1","0","0"
"POINT (13.431736671000067 52.532262854000066)","Unfall 214328 (2021) Kat:3, Licht: 2","214328","3","7","2","08","01","5","","2","1","0","0","0"
"POINT (13.376752119000059 52.491431538000029)","Unfall 214329 (2021) Kat:3, Licht: 0","214329","3","2","5","07","20","7","","0","1","1","0","0"
"POINT (13.321470208000051 52.486415637000050)","Unfall 214330 (2021) Kat:3, Licht: 0","214330","3","7","6","07","13","7","","0","0","1","1","0"
"POINT (13.436262738000039 52.480169236000052)","Unfall 214331 (2021) Kat:3, Licht: 2","214331","3","6","4","08","22","1","","2","1","1","0","0"
"POINT (13.319181556000046 52.501639932000046)","Unfall 214332 (2021) Kat:3, Licht: 0","214332","3","5","1","08","11","3","","0","1","1","0","0"
"POINT (13.399621386000035 52.523693919000038)","Unfall 214333 (2021) Kat:3, Licht: 0","214333","3","6","2","07","14","3","","0","0","1","0","0"
"POINT (13.321659658000044 52.565658795000047)","Unfall 214334 (2021) Kat:3, Licht: 0","214334","3","2","5","08","18","7","","0","1","1","0","0"
"POINT (13.435751640000035 52.449374718000058)","Unfall 214335 (2021) Kat:3, Licht: 0","214335","3","7","0","08","12","2","","0","1","0","0","0"
"POINT (13.499224201000061 52.520346686000039)","Unfall 214336 (2021) Kat:2, Licht: 1","214336","2","3","5","08","17","3","","1","1","1","0","0"
"POINT (13.320595545000060 52.464441811000029)","Unfall 214337 (2021) Kat:3, Licht: 0","214337","3","3","5","08","15","4","","0","0","1","0","0"
"POINT (13.175743521000072 52.533863076000046)","Unfall 214338 (2021) Kat:2, Licht: 0","214338","2","7","2","07","18","4","","0","0","1","0","1"
"POINT (13.303239981000047 52.475255728000036)","Unfall 214339 (2021) Kat:3, Licht: 2","214339","3","1","8","08","02","4","","2","0","1","0","0"
"POINT (13.571410741000022 52.546117267000056)","Unfall 214340 (2021) Kat:2, Licht: 0","214340","2","2","2","08","13","4","","0","0","1","0","1"
"POINT (13.297414012000047 52.526485393000030)","Unfall 214341 (2021) Kat:3, Licht: 0","214341","3","2","5","07","16","7","","0","0","1","0","0"
"POINT (13.453552646000048 52.489239625000039)","Unfall 214342 (2021) Kat:2, Licht: 0","214342","2","2","5","07","20","5","","0","1","1","0","0"
"POINT (13.165186592000055 52.550792717000036)","Unfall 214343 (2021) Kat:2, Licht: 0","214343","2","6","4","08","12","4","","0","0","0","0","1"
"POINT (13.540122399000040 52.525782115000027)","Unfall 214344 (2021) Kat:2, Licht: 0","214344","2","3","5","07","17","2","","0","0","1","0","0"
"POINT (13.382598000000030 52.504570079000075)","Unfall 214345 (2021) Kat:3, Licht: 0","214345","3","4","6","08","14","6","","0","0","1","1","0"
"POINT (13.313142360000029 52.480438017000040)","Unfall 214346 (2021) Kat:3, Licht: 2","214346","3","1","0","08","20","2","","2","0","0","0","1"
"POINT (13.613324311000042 52.508794411000054)","Unfall 214347 (2021) Kat:3, Licht: 0","214347","3","2","6","08","16","6","","0","0","1","1","0"
"POINT (13.229754182000022 52.428257266000060)","Unfall 214348 (2021) Kat:3, Licht: 2","214348","3","5","1","07","00","7","","2","0","1","0","0"
"POINT (13.410452830000054 52.503801091000071)","Unfall 214349 (2021) Kat:3, Licht: 0","214349","3","2","5","08","09","2","","0","1","1","0","0"
"POINT (13.296179198000061 52.443451651000032)","Unfall 214350 (2021) Kat:3, Licht: 0","214350","3","6","0","07","17","4","","0","1","1","0","0"
"POINT (13.464881656000045 52.516423770000074)","Unfall 214351 (2021) Kat:3, Licht: 0","214351","3","4","6","08","16","2","","0","0","1","1","0"
"POINT (13.424665767000022 52.484122494000076)","Unfall 214352 (2021) Kat:3, Licht: 0","214352","3","7","5","08","19","4","","0","0","1","0","1"
"POINT (13.569266468000023 52.443169145000070)","Unfall 214353 (2021) Kat:3, Licht: 0","214353","3","5","0","08","19","6","","0","1","0","0","0"
"POINT (13.448895441000047 52.485084686000050)","Unfall 214354 (2021) Kat:3, Licht: 0","214354","3","2","5","08","15","2","","0","1","1","0","0"
"POINT (13.491315161000045 52.543489034000061)","Unfall 214355 (2021) Kat:3, Licht: 0","214355","3","4","6","08","10","6","","0","0","1","1","0"
"POINT (13.460013729000025 52.431874675000074)","Unfall 214356 (2021) Kat:3, Licht: 0","214356","3","2","5","07","06","5","","0","0","1","0","0"
"POINT (13.399015701000053 52.532419654000080)","Unfall 214357 (2021) Kat:3, Licht: 2","214357","3","5","1","07","23","6","","2","1","0","0","0"
"POINT (13.427646804000062 52.587655978000043)","Unfall 214358 (2021) Kat:3, Licht: 0","214358","3","1","0","07","07","6","","0","0","1","0","0"
"POINT (13.361149608000062 52.549806767000064)","Unfall 214359 (2021) Kat:3, Licht: 2","214359","3","7","0","08","22","7","","2","0","1","0","0"
"POINT (13.327259013000059 52.520266732000039)","Unfall 214360 (2021) Kat:3, Licht: 0","214360","3","4","6","07","09","3","","0","1","0","1","0"
"POINT (13.207779798000047 52.527855113000044)","Unfall 214361 (2021) Kat:3, Licht: 0","214361","3","7","6","08","10","3","","0","0","1","1","0"
"POINT (13.419432694000022 52.490008668000030)","Unfall 214362 (2021) Kat:3, Licht: 0","214362","3","3","6","07","17","3","","0","1","0","1","0"