WKT,Name,OBJECTID,UKATEGORIE,UTYP1,UART,UMONAT,USTUNDE,UWOCHENTAG,STRZUSTAND,ULICHTVERH,ISTRAD,ISTPKW,ISTFUSS,ISTKRAD
"POINT (13.262281893000022 52.598504405000028)","Unfall 214363 (2021) Kat:3, Licht: 2","214363","3","1","8","08","21","1","","2","0","1","0","0"
"POINT (13.391323690000036 52.557288367000069)","Unfall 214364 (2021) Kat:3, Licht: 0","214364","3","1","0","08","16","3","","0","0","0","0","1"
"POINT (13.520591509000042 52.568818058000033)","Unfall 214365 (2021) Kat:2, Licht: 0","214365","2","4","6","08","15","5","","0","0","1","1","0"
"POINT (13.306546589000050 52.518118377000064)","Unfall 214366 (2021) Kat:3, Licht: 0","214366","3","7","5","08","10","5","","0","0","1","0","1"
"POINT (13.471090263000065 52.615399970000055)","Unfall 214367 (2021) Kat:3, Licht: 0","214367","3","3","5","07","09","4","","0","1","0","0","0"
"POINT (13.421861585000045 52.573256336000043)","Unfall 214368 (2021) Kat:3, Licht: 0","214368","3","7","0","08","07","5","","0","1","0","0","0"
"POINT (13.312456678000046 52.585228929000039)","Unfall 214369 (2021) Kat:3, Licht: 0","214369","3","6","2","07","11","6","","0","0","1","0","0"
"POINT (13.379648487000054 52.552937884000073)","Unfall 214370 (2021) Kat:3, Licht: 0","214370","3","3","5","07","19","5","","0","1","1","0","0"
"POINT (13.361246694000044 52.494419030000074)","Unfall 214371 (2021) Kat:3, Licht: 0","214371","3","3","5","08","10","7","","0","1","1","0","0"
"POINT (13.331081731000040 52.495363051000027)","Unfall 214372 (2021) Kat:3, Licht: 0","214372","3","3","5","08","13","2","","0","0","1","0","0"
"POINT (13.331343754000045 52.503034381000077)","Unfall 214373 (2021) Kat:3, Licht: 0","214373","3","2","2","07","17","2","","0","1","0","0","0"
"POINT (13.437890457000037 52.503196900000034)","Unfall 214374 (2021) Kat:3, Licht: 0","214374","3","5","1","08","18","7","","0","0","1","0","0"
"POINT (13.352499087000069 52.499587939000037)","Unfall 214375 (2021) Kat:3, Licht: 0","214375","3","6","2","08","11","2","","0","0","1","0","0"
"POINT (13.341258397000047 52.505027153000071)","Unfall 214376 (2021) Kat:3, Licht: 0","214376","3","6","2","07","15","2","","0","0","1","0","1"
"POINT (13.374292266000054 52.543646324000065)","Unfall 214377 (2021) Kat:3, Licht: 0","214377","3","2","5","07","08","4","","0","1","1","0","0"
"POINT (13.348759364000045 52.548560402000078)","Unfall 214378 (2021) Kat:3, Licht: 0","214378","3","3","5","08","17","1","","0","1","0","0","0"
"POINT (13.157961424000064 52.543059894000066)","Unfall 214379 (2021) Kat:3, Licht: 0","214379","3","2","5","08","15","3","","0","1","1","0","0"
"POINT (13.583655092000072 52.462957910000057)","Unfall 214380 (2021) Kat:3, Licht: 0","214380","3","6","2","08","13","4","","0","0","1","0","0"
"POINT (13.197774703000050 52.522309113000063)","Unfall 214381 (2021) Kat:3, Licht: 0","214381","3","5","1","08","14","5","","0","0","1","0","0"
"POINT (13.157848979000050 52.543085274000077)","Unfall 214382 (2021) Kat:3, Licht: 0","214382","3","2","5","07","09","5","","0","0","1","0","0"
"POINT (13.390288487000078 52.555547880000063)","Unfall 214383 (2021) Kat:3, Licht: 0","214383","3","2","5","08","07","4","","0","1","1","0","0"
"POINT (13.410304381000060 52.503781721000053)","Unfall 214384 (2021) Kat:3, Licht: 0","214384","3","2","5","07","11","6","","0","1","1","0","0"
"POINT (13.356854217000034 52.535676689000070)","Unfall 214385 (2021) Kat:3, Licht: 1","214385","3","2","2","07","20","5","","1","0","1","0","0"
"POINT (13.403417421000029 52.532222342000068)","Unfall 214386 (2021) Kat:3, Licht: 0","214386","3","4","0","08","20","7","","0","1","0","1","0"
"POINT (13.453099700000053 52.515826662000052)","Unfall 214387 (2021) Kat:3, Licht: 0","214387","3","6","3","08","18","3","","0","0","1","0","0"
"POINT (13.169030340000063 52.533596051000075)","Unfall 214388 (2021) Kat:3, Licht: 2","214388","3","1","1","07","22","3","","2","0","1","0","0"
"POINT (13.475171005000050 52.501489172000049)","Unfall 214389 (2021) Kat:3, Licht: 2","214389","3","1","0","08","00","7","","2","1","0","0","0"
"POINT (13.413924840000050 52.500363591000053)","Unfall 214390 (2021) Kat:3, Licht: 2","214390","3","3","5","08","23","2","","2","0","1","0","0"
"POINT (13.388145663000046 52.484290069000053)","Unfall 214391 (2021) Kat:3, Licht: 0","214391","3","2","2","07","09","3","","0","0","1","0","0"
"POINT (13.541469122000024 52.435398105000047)","Unfall 214392 (2021) Kat:2, Licht: 0","214392","2","2","5","08","16","4","","0","1","1","0","0"
"POINT (13.242758683000034 52.506448171000045)","Unfall 214393 (2021) Kat:3, Licht: 2","214393","3","7","0","07","01","4","","2","0","1","0","0"
"POINT (13.432906164000030 52.517912541000044)","Unfall 214394 (2021) Kat:2, Licht: 0","214394","2","3","5","08","16","2","","0","0","1","0","0"
"POINT (13.434961876000045 52.483094099000027)","Unfall 214395 (2021) Kat:3, Licht: 0","214395","3","7","7","08","18","3","","0","1","1","0","0"
"POINT (13.485692952000022 52.464448091000065)","Unfall 214396 (2021) Kat:2, Licht: 0","214396","2","3","5","07","11","5","","0","0","0","0","1"
"POINT (13.625552529000061 52.457695562000026)","Unfall 214397 (2021) Kat:3, Licht: 0","214397","3","6","3","07","10","4","","0","0","1","0","1"
"POINT (13.507072131000029 52.448497131000067)","Unfall 214398 (2021) Kat:3, Licht: 0","214398","3","5","1","08","09","5","","0","1","1","0","0"
"POINT (13.385882855000034 52.485033183000041)","Unfall 214399 (2021) Kat:3, Licht: 2","214399","3","2","5","07","21","3","","2","0","1","0","0"
"POINT (13.305002410000043 52.503593626000054)","Unfall 214400 (2021) Kat:3, Licht: 0","214400","3","7","5","08","15","7","","0","0","1","0","1"
"POINT (13.564614328000062 52.438627343000064)","Unfall 214401 (2021) Kat:3, Licht: 2","214401","3","3","0","08","22","2","","2","0","0","0","1"
"POINT (13.476939619000063 52.566993833000026)","Unfall 214402 (2021) Kat:3, Licht: 0","214402","3","2","5","08","15","6","","0","1","1","0","0"
"POINT (13.371953664000046 52.469884734000061)","Unfall 214403 (2021) Kat:3, Licht: 2","214403","3","3","5","07","22","1","","2","0","1","0","0"
"POINT (13.509978285000045 52.503492704000053)","Unfall 214404 (2021) Kat:3, Licht: 0","214404","3","3","5","08","18","1","","0","0","1","0","0"
"POINT (13.372195045000069 52.538759816000038)","Unfall 214405 (2021) Kat:3, Licht: 0","214405","3","6","2","07","17","5","","0","0","1","0","0"
"POINT (13.397114358000067 52.566864657000053)","Unfall 214406 (2021) Kat:3, Licht: 0","214406","3","5","1","08","09","2","","0","1","1","0","0"
"POINT (13.432947558000023 52.523341202000040)","Unfall 214407 (2021) Kat:3, Licht: 0","214407","3","2","0","08","10","4","","0","1","1","0","0"
"POINT (13.227248230000043 52.549475095000048)","Unfall 214408 (2021) Kat:3, Licht: 0","214408","3","2","5","08","17","6","","0","0","1","0","0"
"POINT (13.289330313000050 52.418536898000070)","Unfall 214409 (2021) Kat:2, Licht: 0","214409","2","3","5","08","11","2","","0","1","1","0","0"
"POINT (13.464731645000029 52.497548669000082)","Unfall 214410 (2021) Kat:3, Licht: 0","214410","3","2","5","08","09","6","","0","1","1","0","0"
"POINT (13.462954018000062 52.532323959000053)","Unfall 214411 (2021) Kat:2, Licht: 0","214411","2","3","5","07","15","6","","0","1","0","0","1"
"POINT (13.498990957000046 52.517139637000071)","Unfall 214412 (2021) Kat:3, Licht: 0","214412","3","5","4","08","18","5","","0","1","1","0","0"
"POINT (13.335920859000055 52.504439301000048)","Unfall 214413 (2021) Kat:3, Licht: 0","214413","3","4","6","07","19","6","","0","0","0","1","0"
"POINT (13.434865209000066 52.483020767000028)","Unfall 214414 (2021) Kat:3, Licht: 2","214414","3","7","5","08","22","7","","2","0","1","0","1"
"POINT (13.483589084000073 52.431285314000036)","Unfall 214415 (2021) Kat:3, Licht: 0","214415","3","3","5","08","07","3","","0","0","1","0","0"
"POINT (13.362235961000067 52.412257503000035)","Unfall 214416 (2021) Kat:2, Licht: 1","214416","2","2","3","07","21","3","","1","1","1","0","0"
"POINT (13.339252513000076 52.458638808000046)","Unfall 214417 (2021) Kat:3, Licht: 0","214417","3","2","5","08","18","1","","0","1","1","0","0"
"POINT (13.348880027000064 52.515123061000054)","Unfall 214418 (2021) Kat:2, Licht: 0","214418","2","3","5","07","20","7","","0","1","1","0","0"
"POINT (13.563614154000049 52.496870355000055)","Unfall 214419 (2021) Kat:3, Licht: 0","214419","3","6","3","08","15","3","","0","1","1","0","0"
"POINT (13.510028549000026 52.550391253000043)","Unfall 214420 (2021) Kat:3, Licht: 0","214420","3","2","5","08","17","3","","0","0","1","0","0"
"POINT (13.337184129000036 52.494454665000035)","Unfall 214421 (2021) Kat:3, Licht: 0","214421","3","2","5","08","17","5","","0","1","1","0","0"
"POINT (13.582700956000053 52.518620513000030)","Unfall 214422 (2021) Kat:2, Licht: 2","214422","2","1","0","07","03","5","","2","1","0","0","0"
"POINT (13.392661857000064 52.412786681000057)","Unfall 214423 (2021) Kat:3, Licht: 0","214423","3","2","5","08","08","4","","0","1","0","0","0"
"POINT (13.326543521000076 52.491156534000027)","Unfall 214424 (2021) Kat:2, Licht: 0","214424","2","2","5","07","14","6","","0","0","1","0","1"
"POINT (13.341336558000023 52.532200163000027)","Unfall 214425 (2021) Kat:3, Licht: 0","214425","3","2","5","07","11","6","","0","1","1","0","0"
"POINT (13.418736681000041 52.569138856000052)","Unfall 214426 (2021) Kat:3, Licht: 0","214426","3","6","0","08","12","6","","0","0","1","0","0"
"POINT (13.521410297000045 52.466412813000034)","Unfall 214427 (2021) Kat:3, Licht: 0","214427","3","2","5","08","16","3","","0","1","1","0","0"
"POINT (13.397242166000069 52.532483816000081)","Unfall 214428 (2021) Kat:3, Licht: 0","214428","3","6","3","07","18","2","","0","1","0","0","0"
"POINT (13.328277735000029 52.468990979000068)","Unfall 214429 (2021) Kat:3, Licht: 2","214429","3","7","5","08","00","6","","2","1","1","0","0"
"POINT (13.432032070000048 52.486310012000047)","Unfall 214430 (2021) Kat:3, Licht: 0","214430","3","7","6","08","13","2","","0","0","0","1","0"
"POINT (13.209658378000029 52.550576139000043)","Unfall 214431 (2021) Kat:3, Licht: 0","214431","3","3","5","07","07","2","","0","0","1","0","1"
"POINT (13.298790163000035 52.495303667000030)","Unfall 214432 (2021) Kat:3, Licht: 0","214432","3","2","0","07","11","3","","0","1","0","0","1"
"POINT (13.539703390000057 52.450782953000044)","Unfall 214433 (2021) Kat:3, Licht: 0","214433","3","1","2","08","11","3","","0","0","1","0","0"
"POINT (13.284139362000076 52.485388366000052)","Unfall 214434 (2021) Kat:3, Licht: 2","214434","3","7","0","08","21","3","","2","0","0","0","1"
"POINT (13.334256931000027 52.508586759000082)","Unfall 214435 (2021) Kat:3, Licht: 0","214435","3","3","5","07","08","5","","0","1","0","0","0"
"POINT (13.258040030000075 52.567967660000079)","Unfall 214436 (2021) Kat:2, Licht: 0","214436","2","6","3","07","16","4","","0","0","1","0","0"
"POINT (13.369894993000059 52.559767866000072)","Unfall 214437 (2021) Kat:3, Licht: 2","214437","3","2","5","08","21","4","","2","0","1","0","0"
"POINT (13.197772327000052 52.517803876000073)","Unfall 214438 (2021) Kat:2, Licht: 0","214438","2","7","5","08","11","6","","0","0","1","0","1"
"POINT (13.180311204000077 52.490974860000051)","Unfall 214439 (2021) Kat:3, Licht: 0","214439","3","5","1","08","12","2","","0","0","1","0","0"
"POINT (13.291200864000075 52.539669800000070)","Unfall 214440 (2021) Kat:3, Licht: 0","214440","3","3","0","08","08","6","","0","1","1","0","0"
"POINT (13.432927807000056 52.596022314000038)","Unfall 214441 (2021) Kat:3, Licht: 0","214441","3","6","2","07","09","1","","0","1","1","0","0"
"POINT (13.464725927000075 52.514582784000027)","Unfall 214442 (2021) Kat:3, Licht: 0","214442","3","1","0","07","13","7","","0","1","0","0","0"
"POINT (13.385419199000069 52.467123042000026)","Unfall 214443 (2021) Kat:2, Licht: 1","214443","2","2","0","08","20","1","","1","1","0","0","0"
"POINT (13.374901070000021 52.523056462000056)","Unfall 214444 (2021) Kat:2, Licht: 2","214444","2","7","0","07","01","5","","2","0","0","0","0"
"POINT (13.285767662000069 52.495175393000068)","Unfall 214445 (2021) Kat:2, Licht: 0","214445","2","6","2","08","15","1","","0","1","1","0","0"
"POINT (13.472469445000058 52.431432497000060)","Unfall 214446 (2021) Kat:3, Licht: 0","214446","3","3","5","08","16","3","","0","1","1","0","0"
"POINT (13.337609521000047 52.458535737000034)","Unfall 214447 (2021) Kat:2, Licht: 0","214447","2","2","5","07","11","3","","0","0","1","0","1"
"POINT (13.378100391000032 52.466320941000049)","Unfall 214448 (2021) Kat:3, Licht: 0","214448","3","2","5","08","19","2","","0","1","1","0","0"
"POINT (13.389766866000059 52.574294136000049)","Unfall 214449 (2021) Kat:2, Licht: 0","214449","2","3","5","08","10","3","","0","1","1","0","0"
"POINT (13.453834903000029 52.482430702000045)","Unfall 214450 (2021) Kat:3, Licht: 0","214450","3","6","0","07","16","5","","0","0","1","0","1"
"POINT (13.376740336000069 52.491467837000073)","Unfall 214451 (2021) Kat:3, Licht: 0","214451","3","2","5","07","17","4","","0","1","1","0","0"
"POINT (13.216890120000073 52.537794199000075)","Unfall 214452 (2021) Kat:3, Licht: 0","214452","3","7","0","08","12","4","","0","1","0","0","0"
"POINT (13.346895644000028 52.450195661000066)","Unfall 214453 (2021) Kat:3, Licht: 0","214453","3","6","2","07","18","2","","0","0","1","0","0"
"POINT (13.373115023000025 52.556614152000066)","Unfall 214454 (2021) Kat:3, Licht: 2","214454","3","4","6","08","21","5","","2","0","1","1","0"
"POINT (13.422803683000041 52.499052852000034)","Unfall 214455 (2021) Kat:3, Licht: 0","214455","3","6","2","08","05","2","","0","1","1","0","0"
"POINT (13.611354941000059 52.448160939000047)","Unfall 214456 (2021) Kat:3, Licht: 2","214456","3","5","4","08","22","6","","2","0","1","0","0"
"POINT (13.309510711000030 52.603859049000050)","Unfall 214457 (2021) Kat:2, Licht: 2","214457","2","1","1","07","02","1","","2","0","1","0","0"
"POINT (13.382329336000055 52.489847461000068)","Unfall 214458 (2021) Kat:3, Licht: 0","214458","3","2","5","08","17","1","","0","1","0","0","1"
"POINT (13.343595337000068 52.532689951000066)","Unfall 214459 (2021) Kat:3, Licht: 0","214459","3","6","3","07","17","4","","0","1","0","0","0"
"POINT (13.395837738000068 52.497837848000074)","Unfall 214460 (2021) Kat:3, Licht: 0","214460","3","2","5","08","06","2","","0","1","1","0","0"
"POINT (13.345610147000059 52.503999871000076)","Unfall 214461 (2021) Kat:3, Licht: 0","214461","3","6","2","08","19","4","","0","0","1","0","0"
"POINT (13.508131870000057 52.452940929000079)","Unfall 214462 (2021) Kat:3, Licht: 0","214462","3","3","5","08","15","5","","0","1","1","0","0"
"POINT (13.424547365000024 52.497203549000062)","Unfall 214463 (2021) Kat:3, Licht: 0","214463","3","3","5","07","16","3","","0","1","1","0","0"
"POINT (13.294546421000064 52.505035258000078)","Unfall 214464 (2021) Kat:3, Licht: 0","214464","3","5","1","08","16","6","","0","0","1","0","0"
"POINT (13.408059317000038 52.528412356000047)","Unfall 214465 (2021) Kat:3, Licht: 0","214465","3","5","1","07","13","6","","0","1","1","0","0"
"POINT (13.395228249000070 52.561690890000079)","Unfall 214466 (2021) Kat:3, Licht: 0","214466","3","5","1","07","19","1","","0","0","1","0","1"
"POINT (13.420970366000063 52.503666074000080)","Unfall 214467 (2021) Kat:3, Licht: 0","214467","3","6","3","07","13","7","","0","1","0","0","0"
"POINT (13.402439202000039 52.528300908000062)","Unfall 214468 (2021) Kat:2, Licht: 1","214468","2","7","1","08","20","7","","1","0","1","0","0"
"POINT (13.555054526000049 52.440518129000054)","Unfall 214469 (2021) Kat:3, Licht: 0","214469","3","3","5","08","07","3","","0","1","1","0","0"
"POINT (13.451979738000034 52.503620601000080)","Unfall 214470 (2021) Kat:3, Licht: 0","214470","3","3","5","07","12","4","","0","0","1","0","0"
"POINT (13.285935885000072 52.449726370000064)","Unfall 214471 (2021) Kat:3, Licht: 0","214471","3","3","5","08","12","1","","0","0","1","0","0"
"POINT (13.371643432000042 52.423589532000051)","Unfall 214472 (2021) Kat:3, Licht: 0","214472","3","2","2","07","11","7","","0","0","1","0","0"
"POINT (13.420477431000052 52.461735280000028)","Unfall 214473 (2021) Kat:3, Licht: 0","214473","3","2","5","08","07","3","","0","1","1","0","0"
"POINT (13.304278048000072 52.460113947000082)","Unfall 214474 (2021) Kat:2, Licht: 0","214474","2","2","5","08","17","4","","0","1","1","0","0"
"POINT (13.330886748000069 52.500821570000028)","Unfall 214475 (2021) Kat:3, Licht: 0","214475","3","7","0","08","13","5","","0","0","0","0","1"
"POINT (13.496415150000075 52.628840079000042)","Unfall 214476 (2021) Kat:3, Licht: 0","214476","3","3","5","07","13","5","","0","0","1","0","0"
"POINT (13.427563735000035 52.517777093000063)","Unfall 214477 (2021) Kat:3, Licht: 0","214477","3","3","5","08","05","5","","0","1","1","0","0"
"POINT (13.491365308000070 52.469147916000054)","Unfall 214478 (2021) Kat:3, Licht: 0","214478","3","2","6","07","08","6","","0","0","1","1","0"
"POINT (13.411634465000077 52.504784395000058)","Unfall 214479 (2021) Kat:3, Licht: 0","214479","3","3","5","07","16","5","","0","1","1","0","0"
"POINT (13.573332396000069 52.551727036000045)","Unfall 214480 (2021) Kat:3, Licht: 0","214480","3","6","2","08","14","7","","0","0","1","0","0"
"POINT (13.490371023000023 52.467484265000053)","Unfall 214481 (2021) Kat:3, Licht: 0","214481","3","4","6","08","06","3","","0","0","0","1","1"
"POINT (13.458855251000045 52.511425048000035)","Unfall 214482 (2021) Kat:3, Licht: 0","214482","3","2","5","08","14","7","","0","1","1","0","0"
"POINT (13.428000758000053 52.526583232000064)","Unfall 214483 (2021) Kat:3, Licht: 0","214483","3","2","5","08","07","2","","0","1","1","0","0"
"POINT (13.527291448000028 52.431956861000060)","Unfall 214484 (2021) Kat:3, Licht: 0","214484","3","2","5","07","08","2","","0","1","0","0","0"
"POINT (13.569298637000031 52.442653415000052)","Unfall 214485 (2021) Kat:3, Licht: 0","214485","3","3","5","07","14","3","","0","0","1","0","0"
"POINT (13.340327201000036 52.436252737000075)","Unfall 214486 (2021) Kat:3, Licht: 0","214486","3","3","5","08","19","3","","0","1","1","0","0"
"POINT (13.388902799000050 52.547571577000042)","Unfall 214487 (2021) Kat:3, Licht: 0","214487","3","7","6","08","17","4","","0","1","0","1","0"
"POINT (13.414200654000069 52.508088647000079)","Unfall 214488 (2021) Kat:3, Licht: 0","214488","3","2","5","07","08","5","","0","1","1","0","0"
"POINT (13.469447772000024 52.542548410000052)","Unfall 214489 (2021) Kat:2, Licht: 0","214489","2","7","5","07","11","5","","0","0","1","0","0"
"POINT (13.410189757000069 52.502935480000076)","Unfall 214490 (2021) Kat:3, Licht: 0","214490","3","6","3","08","16","4","","0","1","0","0","1"
"POINT (13.402612625000074 52.531371953000075)","Unfall 214491 (2021) Kat:3, Licht: 0","214491","3","3","5","07","16","2","","0","1","0","0","0"
"POINT (13.382782292000059 52.403811999000027)","Unfall 214492 (2021) Kat:3, Licht: 0","214492","3","1","0","08","18","6","","0","1","0","0","0"
"POINT (13.308354594000036 52.584913948000064)","Unfall 214493 (2021) Kat:3, Licht: 0","214493","3","5","1","08","09","2","","0","1","1","0","0"
"POINT (13.460805553000057 52.468157342000040)","Unfall 214494 (2021) Kat:3, Licht: 0","214494","3","3","5","08","18","6","","0","1","1","0","0"
"POINT (13.361837765000075 52.447205681000071)","Unfall 214495 (2021) Kat:3, Licht: 0","214495","3","6","2","07","07","2","","0","1","1","0","0"
"POINT (13.562819809000075 52.499111325000058)","Unfall 214496 (2021) Kat:3, Licht: 0","214496","3","6","2","07","13","7","","0","0","1","0","0"
"POINT (13.592725065000025 52.428902995000044)","Unfall 214497 (2021) Kat:2, Licht: 2","214497","2","3","5","08","22","1","","2","0","1","0","0"
"POINT (13.514317951000066 52.446481202000029)","Unfall 214498 (2021) Kat:2, Licht: 0","214498","2","2","5","07","11","4","","0","0","1","0","1"
"POINT (13.569268414000021 52.453144257000076)","Unfall 214499 (2021) Kat:3, Licht: 0","214499","3","1","0","08","19","1","","0","0","0","0","1"
"POINT (13.484649404000038 52.513945008000064)","Unfall 214500 (2021) Kat:3, Licht: 0","214500","3","2","5","08","14","3","","0","1","1","0","0"
"POINT (13.408689557000059 52.547278759000051)","Unfall 214501 (2021) Kat:3, Licht: 0","214501","3","2","5","08","08","5","","0","1","1","0","0"
"POINT (13.178132808000043 52.525378664000073)","Unfall 214502 (2021) Kat:2, Licht: 0","214502","2","2","2","07","13","7","","0","0","1","0","0"
"POINT (13.286584392000066 52.519019867000054)","Unfall 214503 (2021) Kat:2, Licht: 0","214503","2","7","2","08","16","5","","0","1","1","0","0"
"POINT (13.461733672000037 52.430807863000041)","Unfall 214504 (2021) Kat:3, Licht: 0","214504","3","3","5","07","11","6","","0","0","1","0","0"
"POINT (13.295626884000058 52.493462922000049)","Unfall 214505 (2021) Kat:3, Licht: 0","214505","3","2","5","08","17","5","","0","1","1","0","0"
"POINT (13.459281878000070 52.512505304000058)","Unfall 214506 (2021) Kat:3, Licht: 0","214506","3","2","5","07","18","7","","0","1","1","0","0"
"POINT (13.308757898000067 52.500257628000043)","Unfall 214507 (2021) Kat:3, Licht: 0","214507","3","2","5","07","15","7","","0","0","1","0","1"
"POINT (13.166277206000075 52.518092754000065)","Unfall 214508 (2021) Kat:3, Licht: 0","214508","3","7","6","08","14","1","","0","1","0","1","0"
"POINT (13.152941035000026 52.549523084000043)","Unfall 214509 (2021) Kat:3, Licht: 0","214509","3","7","0","07","08","3","","0","0","1","0","0"
"POINT (13.537310212000023 52.534484050000060)","Unfall 214510 (2021) Kat:2, Licht: 0","214510","2","7","0","08","11","3","","0","0","1","0","0"
"POINT (13.387093756000070 52.549811236000039)","Unfall 214511 (2021) Kat:3, Licht: 0","214511","3","6","2","07","15","3","","0","1","1","0","0"
"POINT (13.508344128000033 52.493717464000042)","Unfall 214512 (2021) Kat:3, Licht: 0","214512","3","6","2","08","16","7","","0","0","1","0","1"
"POINT (13.299742464000076 52.518657422000047)","Unfall 214513 (2021) Kat:3, Licht: 0","214513","3","5","1","08","13","2","","0","0","1","0","0"
"POINT (13.624925604000055 52.456929890000026)","Unfall 214514 (2021) Kat:2, Licht: 0","214514","2","4","6","08","08","4","","0","0","1","1","0"
"POINT (13.444281194000041 52.565241088000050)","Unfall 214515 (2021) Kat:3, Licht: 0","214515","3","3","5","08","15","4","","0","1","1","0","0"
"POINT (13.385022257000060 52.531104910000067)","Unfall 214516 (2021) Kat:3, Licht: 0","214516","3","6","4","07","18","7","","0","1","0","0","0"
"POINT (13.298570096000049 52.578546545000052)","Unfall 214517 (2021) Kat:3, Licht: 0","214517","3","6","0","07","18","4","","0","0","1","0","0"
"POINT (13.223943645000077 52.621819511000069)","Unfall 214518 (2021) Kat:3, Licht: 0","214518","3","5","1","08","11","4","","0","1","1","0","0"
"POINT (13.344939346000046 52.489149589000078)","Unfall 214519 (2021) Kat:3, Licht: 0","214519","3","2","5","08","12","5","","0","0","1","0","0"
"POINT (13.324849050000068 52.461097130000041)","Unfall 214520 (2021) Kat:3, Licht: 0","214520","3","6","2","08","11","5","","0","0","1","0","1"
"POINT (13.324410576000048 52.510140364000051)","Unfall 214521 (2021) Kat:3, Licht: 0","214521","3","6","3","07","15","5","","0","0","1","0","0"
"POINT (13.387125234000052 52.526952758000050)","Unfall 214522 (2021) Kat:3, Licht: 0","214522","3","5","1","08","08","4","","0","1","1","0","0"
"POINT (13.458657560000063 52.529214133000039)","Unfall 214523 (2021) Kat:3, Licht: 1","214523","3","1","0","07","05","7","","1","0","1","0","0"
"POINT (13.514442126000063 52.446511777000069)","Unfall 214524 (2021) Kat:3, Licht: 0","214524","3","2","5","07","11","6","","0","0","1","0","1"
"POINT (13.345210398000063 52.526202239000042)","Unfall 214525 (2021) Kat:3, Licht: 0","214525","3","2","5","08","14","7","","0","0","1","0","0"
"POINT (13.309461133000070 52.431149543000060)","Unfall 214526 (2021) Kat:3, Licht: 0","214526","3","6","3","08","11","3","","0","1","1","0","0"
"POINT (13.412726109000062 52.544402052000066)","Unfall 214527 (2021) Kat:3, Licht: 0","214527","3","2","5","07","18","4","","0","1","1","0","0"
"POINT (13.517774146000022 52.535376920000033)","Unfall 214528 (2021) Kat:3, Licht: 0","214528","3","2","5","08","11","7","","0","1","1","0","0"
"POINT (13.613180624000051 52.499100380000073)","Unfall 214529 (2021) Kat:3, Licht: 0","214529","3","4","6","08","13","2","","0","0","1","1","0"
"POINT (13.447215046000053 52.530582509000055)","Unfall 214530 (2021) Kat:2, Licht: 0","214530","2","2","5","08","11","4","","0","0","1","0","0"
"POINT (13.590280602000064 52.529501263000043)","Unfall 214531 (2021) Kat:3, Licht: 0","214531","3","3","5","08","15","5","","0","1","1","0","0"
"POINT (13.434089061000066 52.463134047000040)","Unfall 214532 (2021) Kat:2, Licht: 0","214532","2","3","5","07","13","5","","0","1","1","0","0"
"POINT (13.331264528000077 52.506903180000052)","Unfall 214533 (2021) Kat:3, Licht: 0","214533","3","3","5","08","16","3","","0","0","1","0","0"
"POINT (13.410021704000030 52.528142001000049)","Unfall 214534 (2021) Kat:3, Licht: 0","214534","3","3","0","08","09","3","","0","1","0","0","0"
"POINT (13.402660996000066 52.538546943000028)","Unfall 214535 (2021) Kat:3, Licht: 0","214535","3","3","5","07","11","6","","0","1","1","0","0"
"POINT (13.280321710000067 52.506376600000067)","Unfall 214536 (2021) Kat:2, Licht: 2","214536","2","2","5","07","22","5","","2","0","1","0","0"
"POINT (13.399529356000073 52.498303798000052)","Unfall 214537 (2021) Kat:3, Licht: 2","214537","3","7","5","08","23","6","","2","0","1","0","0"
"POINT (13.410190024000030 52.527559194000048)","Unfall 214538 (2021) Kat:3, Licht: 0","214538","3","7","1","08","07","2","","0","1","1","0","0"
"POINT (13.185015447000069 52.537990171000047)","Unfall 214539 (2021) Kat:2, Licht: 0","214539","2","2","5","08","16","6","","0","1","1","0","0"
"POINT (13.312697906000039 52.494298885000035)","Unfall 214540 (2021) Kat:2, Licht: 2","214540","2","1","0","07","00","2","","2","0","0","0","0"
"POINT (13.280091837000043 52.518352146000041)","Unfall 214541 (2021) Kat:3, Licht: 2","214541","3","2","5","07","22","6","","2","0","1","0","0"
"POINT (13.386159262000035 52.485029596000061)","Unfall 214542 (2021) Kat:3, Licht: 2","214542","3","2","6","08","23","3","","2","0","1","1","0"
"POINT (13.583447897000042 52.459054337000055)","Unfall 214543 (2021) Kat:3, Licht: 0","214543","3","7","0","07","15","6","","0","0","1","0","0"
"POINT (13.446257260000039 52.502227192000078)","Unfall 214544 (2021) Kat:3, Licht: 0","214544","3","6","3","07","10","4","","0","1","0","0","0"
"POINT (13.476864160000048 52.500726867000026)","Unfall 214545 (2021) Kat:3, Licht: 0","214545","3","6","2","08","16","4","","0","0","1","0","1"
"POINT (13.429991936000022 52.523287875000051)","Unfall 214546 (2021) Kat:2, Licht: 0","214546","2","2","5","07","08","2","","0","1","0","0","0"
"POINT (13.267381335000039 52.531065697000031)","Unfall 214547 (2021) Kat:3, Licht: 0","214547","3","6","2","08","13","6","","0","0","1","0","0"
"POINT (13.426997905000064 52.487328171000058)","Unfall 214548 (2021) Kat:3, Licht: 0","214548","3","2","5","08","11","2","","0","0","1","0","0"
"POINT (13.454709903000037 52.494197118000045)","Unfall 214549 (2021) Kat:3, Licht: 0","214549","3","2","5","08","10","6","","0","1","0","0","0"