WKT,Name,OBJECTID,UKATEGORIE,UTYP1,UART,UMONAT,USTUNDE,UWOCHENTAG,STRZUSTAND,ULICHTVERH,ISTRAD,ISTPKW,ISTFUSS,ISTKRAD
"POINT (13.343725965000033 52.589082624000071)","Unfall 214550 (2021) Kat:3, Licht: 0","214550","3","6","2","07","08","2","","0","0","1","0","0"
"POINT (13.388836533000074 52.447842154000057)","Unfall 214551 (2021) Kat:3, Licht: 0","214551","3","7","1","08","13","5","","0","0","1","0","0"
"POINT (13.512546258000043 52.555196889000058)","Unfall 214552 (2021) Kat:3, Licht: 2","214552","3","4","6","07","00","1","","2","0","0","1","0"
"POINT (13.367920650000030 52.485108239000056)","Unfall 214553 (2021) Kat:3, Licht: 2","214553","3","1","0","08","22","1","","2","0","1","0","0"
"POINT (13.296573154000043 52.426294394000081)","Unfall 214554 (2021) Kat:3, Licht: 0","214554","3","5","1","07","19","4","","0","1","1","0","0"
"POINT (13.552623685000071 52.430682444000070)","Unfall 214555 (2021) Kat:3, Licht: 0","214555","3","6","2","08","12","1","","0","1","1","0","0"
"POINT (13.398644693000051 52.532562914000039)","Unfall 214556 (2021) Kat:3, Licht: 0","214556","3","3","5","08","10","3","","0","1","1","0","0"
"POINT (13.191211191000036 52.549363552000045)","Unfall 214557 (2021) Kat:3, Licht: 0","214557","3","5","1","08","09","5","","0","0","1","0","0"
"POINT (13.451156233000063 52.510852190000037)","Unfall 214558 (2021) Kat:2, Licht: 2","214558","2","5","1","07","22","7","","2","1","1","0","0"
"POINT (13.406923349000067 52.525620865000064)","Unfall 214559 (2021) Kat:3, Licht: 0","214559","3","5","1","08","17","5","","0","1","1","0","0"
"POINT (13.355954592000046 52.486095613000032)","Unfall 214560 (2021) Kat:3, Licht: 0","214560","3","2","0","07","15","5","","0","0","1","0","0"
"POINT (13.351942272000031 52.565970391000064)","Unfall 214561 (2021) Kat:2, Licht: 0","214561","2","3","5","08","08","5","","0","0","1","0","1"
"POINT (13.617674957000077 52.520484790000069)","Unfall 214562 (2021) Kat:3, Licht: 1","214562","3","2","2","07","20","6","","1","0","1","0","0"
"POINT (13.215060894000032 52.560762929000077)","Unfall 214563 (2021) Kat:3, Licht: 0","214563","3","2","5","07","12","5","","0","1","1","0","0"
"POINT (13.441172971000071 52.482490316000053)","Unfall 214564 (2021) Kat:3, Licht: 0","214564","3","5","1","08","12","1","","0","1","1","0","0"
"POINT (13.299540961000048 52.519477276000032)","Unfall 214565 (2021) Kat:3, Licht: 0","214565","3","2","5","08","10","3","","0","1","1","0","0"
"POINT (13.300347789000057 52.522276114000078)","Unfall 214566 (2021) Kat:3, Licht: 0","214566","3","6","2","07","14","3","","0","0","1","0","1"
"POINT (13.370893345000070 52.511079686000073)","Unfall 214567 (2021) Kat:3, Licht: 0","214567","3","3","5","08","09","7","","0","1","1","0","0"
"POINT (13.373707025000044 52.542237725000064)","Unfall 214568 (2021) Kat:3, Licht: 0","214568","3","3","5","08","14","2","","0","1","1","0","0"
"POINT (13.410325397000065 52.503776130000062)","Unfall 214569 (2021) Kat:3, Licht: 2","214569","3","3","5","08","21","3","","2","1","1","0","0"
"POINT (13.304202818000022 52.503716647000033)","Unfall 214570 (2021) Kat:2, Licht: 0","214570","2","3","5","08","16","4","","0","1","1","0","0"
"POINT (13.298925893000046 52.519687688000033)","Unfall 214571 (2021) Kat:3, Licht: 0","214571","3","5","1","07","20","5","","0","1","1","0","0"
"POINT (13.403656019000039 52.526026103000049)","Unfall 214572 (2021) Kat:3, Licht: 0","214572","3","2","5","08","16","2","","0","1","0","0","0"
"POINT (13.567452246000073 52.573321161000081)","Unfall 214573 (2021) Kat:3, Licht: 0","214573","3","3","5","08","17","4","","0","0","1","0","0"
"POINT (13.155528243000049 52.552994148000039)","Unfall 214574 (2021) Kat:2, Licht: 0","214574","2","2","2","07","14","5","","0","0","1","0","1"
"POINT (13.578673409000032 52.457811284000059)","Unfall 214575 (2021) Kat:3, Licht: 0","214575","3","6","0","07","05","4","","0","0","1","0","0"
"POINT (13.200744909000036 52.538594801000045)","Unfall 214576 (2021) Kat:3, Licht: 0","214576","3","2","5","08","13","4","","0","0","1","0","1"
"POINT (13.323263148000024 52.597463945000072)","Unfall 214577 (2021) Kat:3, Licht: 0","214577","3","3","5","07","12","2","","0","1","0","0","0"
"POINT (13.467706445000033 52.546519452000041)","Unfall 214578 (2021) Kat:3, Licht: 0","214578","3","2","5","08","06","7","","0","0","1","0","0"
"POINT (13.149615245000064 52.554110387000037)","Unfall 214579 (2021) Kat:2, Licht: 0","214579","2","4","6","08","16","3","","0","0","1","1","0"
"POINT (13.457063419000065 52.453365023000060)","Unfall 214580 (2021) Kat:3, Licht: 0","214580","3","2","5","08","15","6","","0","1","1","0","0"
"POINT (13.302023999000028 52.525833469000077)","Unfall 214581 (2021) Kat:3, Licht: 0","214581","3","2","5","07","18","7","","0","0","1","0","0"
"POINT (13.310174333000077 52.516368825000029)","Unfall 214582 (2021) Kat:3, Licht: 2","214582","3","1","0","08","23","1","","2","0","0","0","0"
"POINT (13.359070570000029 52.483686332000048)","Unfall 214583 (2021) Kat:3, Licht: 0","214583","3","3","0","07","16","4","","0","1","1","0","0"
"POINT (13.184564659000046 52.515550933000043)","Unfall 214584 (2021) Kat:3, Licht: 0","214584","3","2","5","08","18","2","","0","0","1","0","0"
"POINT (13.222665715000062 52.539824912000029)","Unfall 214585 (2021) Kat:2, Licht: 0","214585","2","3","0","08","17","4","","0","0","1","0","1"
"POINT (13.560920238000051 52.492569205000052)","Unfall 214586 (2021) Kat:3, Licht: 0","214586","3","3","5","08","12","6","","0","1","1","0","0"
"POINT (13.538603964000060 52.434472648000053)","Unfall 214587 (2021) Kat:3, Licht: 0","214587","3","2","5","08","15","2","","0","0","1","0","0"
"POINT (13.472419219000074 52.454285054000081)","Unfall 214588 (2021) Kat:3, Licht: 0","214588","3","6","2","08","13","4","","0","0","1","0","1"
"POINT (13.320350880000035 52.481723323000040)","Unfall 214589 (2021) Kat:3, Licht: 0","214589","3","2","0","07","08","6","","0","1","1","0","0"
"POINT (13.313261200000056 52.585581716000036)","Unfall 214590 (2021) Kat:3, Licht: 0","214590","3","2","5","07","17","5","","0","1","1","0","0"
"POINT (13.325073924000037 52.517489536000028)","Unfall 214591 (2021) Kat:3, Licht: 0","214591","3","2","5","08","10","4","","0","0","1","0","0"
"POINT (13.280188361000057 52.517898602000059)","Unfall 214592 (2021) Kat:3, Licht: 0","214592","3","7","2","07","18","3","","0","0","1","0","1"
"POINT (13.561774337000031 52.549972922000052)","Unfall 214593 (2021) Kat:3, Licht: 0","214593","3","3","5","08","13","7","","0","1","1","0","0"
"POINT (13.423664829000074 52.551558034000038)","Unfall 214594 (2021) Kat:3, Licht: 0","214594","3","1","0","08","20","2","","0","1","0","0","0"
"POINT (13.428922087000046 52.486017779000065)","Unfall 214595 (2021) Kat:3, Licht: 0","214595","3","6","2","08","13","6","","0","0","1","0","0"
"POINT (13.395712832000072 52.498375089000035)","Unfall 214596 (2021) Kat:3, Licht: 0","214596","3","6","2","07","14","7","","0","0","1","0","0"
"POINT (13.377612792000036 52.570719893000046)","Unfall 214597 (2021) Kat:3, Licht: 0","214597","3","5","0","07","13","4","","0","0","1","0","0"
"POINT (13.287763781000024 52.480888972000059)","Unfall 214598 (2021) Kat:2, Licht: 0","214598","2","2","5","08","13","3","","0","1","1","0","0"
"POINT (13.432451387000071 52.550452124000060)","Unfall 214599 (2021) Kat:3, Licht: 0","214599","3","7","0","07","14","5","","0","0","0","0","0"
"POINT (13.576956844000051 52.444348541000068)","Unfall 214600 (2021) Kat:3, Licht: 0","214600","3","2","2","07","09","5","","0","0","1","0","0"
"POINT (13.381476474000067 52.440482590000045)","Unfall 214601 (2021) Kat:3, Licht: 0","214601","3","6","2","08","14","3","","0","0","1","0","0"
"POINT (13.422769040000048 52.514019099000052)","Unfall 214602 (2021) Kat:3, Licht: 0","214602","3","7","0","08","09","6","","0","0","1","0","1"
"POINT (13.392795980000074 52.542525430000069)","Unfall 214603 (2021) Kat:3, Licht: 0","214603","3","3","0","08","11","2","","0","0","1","0","1"
"POINT (13.290088527000023 52.582199817000060)","Unfall 214604 (2021) Kat:3, Licht: 0","214604","3","7","0","08","07","6","","0","1","0","0","0"
"POINT (13.382088693000071 52.513960472000065)","Unfall 214605 (2021) Kat:2, Licht: 1","214605","2","2","5","07","18","5","","1","0","1","0","1"
"POINT (13.508421302000045 52.549240055000041)","Unfall 214606 (2021) Kat:3, Licht: 0","214606","3","3","5","07","14","7","","0","0","1","0","0"
"POINT (13.517873674000043 52.535523712000042)","Unfall 214607 (2021) Kat:3, Licht: 0","214607","3","6","2","08","13","2","","0","0","0","0","1"
"POINT (13.430762592000065 52.561156861000029)","Unfall 214608 (2021) Kat:3, Licht: 0","214608","3","5","1","07","15","4","","0","0","1","0","0"
"POINT (13.569181419000074 52.444348387000048)","Unfall 214609 (2021) Kat:2, Licht: 2","214609","2","1","9","08","00","1","","2","0","0","0","1"
"POINT (13.423688204000030 52.523885702000030)","Unfall 214610 (2021) Kat:3, Licht: 1","214610","3","2","5","07","20","7","","1","0","1","0","0"
"POINT (13.328351549000047 52.534280307000074)","Unfall 214611 (2021) Kat:3, Licht: 0","214611","3","6","2","08","12","3","","0","0","1","0","0"
"POINT (13.406306822000033 52.524949096000057)","Unfall 214612 (2021) Kat:3, Licht: 0","214612","3","2","5","08","13","5","","0","1","1","0","0"
"POINT (13.364088002000074 52.509278648000077)","Unfall 214613 (2021) Kat:3, Licht: 0","214613","3","6","1","08","11","5","","0","1","1","0","0"
"POINT (13.427926307000064 52.473806658000058)","Unfall 214614 (2021) Kat:2, Licht: 0","214614","2","7","5","07","20","5","","0","0","1","0","1"
"POINT (13.296655308000027 52.464398492000043)","Unfall 214615 (2021) Kat:2, Licht: 0","214615","2","2","5","08","08","4","","0","1","1","0","0"
"POINT (13.392771500000038 52.421308162000059)","Unfall 214616 (2021) Kat:3, Licht: 0","214616","3","7","1","07","15","6","","0","0","1","0","0"
"POINT (13.351318546000073 52.596426874000031)","Unfall 214617 (2021) Kat:3, Licht: 0","214617","3","5","1","07","18","5","","0","0","1","0","1"
"POINT (13.394244963000062 52.572479881000049)","Unfall 214618 (2021) Kat:3, Licht: 0","214618","3","7","0","08","14","7","","0","0","1","0","0"
"POINT (13.407433448000063 52.386670273000050)","Unfall 214619 (2021) Kat:3, Licht: 0","214619","3","4","6","08","16","3","","0","0","1","1","0"
"POINT (13.428201121000029 52.507283676000043)","Unfall 214620 (2021) Kat:3, Licht: 2","214620","3","2","0","07","21","3","","2","1","1","0","0"
"POINT (13.420065570000077 52.502229969000041)","Unfall 214621 (2021) Kat:3, Licht: 2","214621","3","1","0","08","02","7","","2","0","0","0","1"
"POINT (13.399572161000037 52.504586244000052)","Unfall 214622 (2021) Kat:3, Licht: 2","214622","3","3","5","08","21","2","","2","0","1","0","0"
"POINT (13.422441565000042 52.559929906000036)","Unfall 214623 (2021) Kat:3, Licht: 0","214623","3","2","5","07","08","2","","0","1","1","0","0"
"POINT (13.180537302000062 52.419390407000037)","Unfall 214624 (2021) Kat:3, Licht: 0","214624","3","3","5","08","07","4","","0","1","0","0","0"
"POINT (13.165405208000038 52.551213032000078)","Unfall 214625 (2021) Kat:3, Licht: 0","214625","3","2","5","07","11","4","","0","0","1","0","0"
"POINT (13.410085886000047 52.501501306000080)","Unfall 214626 (2021) Kat:3, Licht: 0","214626","3","6","2","08","08","3","","0","0","1","0","0"
"POINT (13.272247099000026 52.412951230000033)","Unfall 214627 (2021) Kat:3, Licht: 1","214627","3","1","8","08","19","4","","1","0","1","0","0"
"POINT (13.336797462000050 52.502789754000048)","Unfall 214628 (2021) Kat:3, Licht: 0","214628","3","5","1","07","13","5","","0","0","1","0","0"
"POINT (13.478226663000044 52.515038440000069)","Unfall 214629 (2021) Kat:3, Licht: 0","214629","3","2","5","07","10","4","","0","1","0","0","0"
"POINT (13.569845222000026 52.540707426000040)","Unfall 214630 (2021) Kat:3, Licht: 0","214630","3","2","2","08","18","5","","0","0","1","0","1"
"POINT (13.438296656000034 52.467182649000051)","Unfall 214631 (2021) Kat:3, Licht: 0","214631","3","5","1","07","18","3","","0","0","0","0","0"
"POINT (13.307104732000028 52.505666950000034)","Unfall 214632 (2021) Kat:3, Licht: 0","214632","3","3","5","08","16","6","","0","0","1","0","0"
"POINT (13.436862568000038 52.480065328000080)","Unfall 214633 (2021) Kat:3, Licht: 0","214633","3","5","1","08","09","2","","0","1","1","0","0"
"POINT (13.348740745000043 52.456478177000065)","Unfall 214634 (2021) Kat:3, Licht: 0","214634","3","6","2","08","16","6","","0","0","1","0","0"
"POINT (13.457304753000074 52.503415514000039)","Unfall 214635 (2021) Kat:3, Licht: 0","214635","3","2","5","07","20","7","","0","1","1","0","0"
"POINT (13.517570958000022 52.534876597000050)","Unfall 214636 (2021) Kat:3, Licht: 0","214636","3","6","0","08","12","1","","0","0","1","0","1"
"POINT (13.313144599000054 52.500710379000054)","Unfall 214637 (2021) Kat:2, Licht: 0","214637","2","2","5","07","10","4","","0","0","1","0","1"
"POINT (13.377479586000049 52.556294624000031)","Unfall 214638 (2021) Kat:3, Licht: 2","214638","3","6","2","08","20","2","","2","0","1","0","0"
"POINT (13.423768960000075 52.488506677000032)","Unfall 214639 (2021) Kat:3, Licht: 0","214639","3","7","5","08","18","3","","0","1","0","0","0"
"POINT (13.377814319000038 52.507974365000052)","Unfall 214640 (2021) Kat:3, Licht: 0","214640","3","2","5","08","17","4","","0","1","1","0","0"
"POINT (13.297340608000070 52.526518544000055)","Unfall 214641 (2021) Kat:3, Licht: 0","214641","3","2","5","08","15","5","","0","0","1","0","0"
"POINT (13.337391261000050 52.558646177000071)","Unfall 214642 (2021) Kat:3, Licht: 0","214642","3","2","5","07","10","6","","0","0","1","0","0"
"POINT (13.314577623000048 52.521617506000041)","Unfall 214643 (2021) Kat:3, Licht: 0","214643","3","7","5","08","09","5","","0","1","1","0","0"
"POINT (13.155775196000036 52.532953166000027)","Unfall 214644 (2021) Kat:3, Licht: 0","214644","3","7","5","07","12","6","","0","0","1","0","0"
"POINT (13.391304836000074 52.522082615000045)","Unfall 214645 (2021) Kat:3, Licht: 0","214645","3","5","1","08","18","7","","0","0","1","0","1"
"POINT (13.157739000000049 52.542889701000036)","Unfall 214646 (2021) Kat:2, Licht: 0","214646","2","7","0","08","16","3","","0","1","1","0","0"
"POINT (13.286166512000023 52.495454401000075)","Unfall 214647 (2021) Kat:3, Licht: 0","214647","3","6","2","07","19","4","","0","0","1","0","0"
"POINT (13.435717689000057 52.469028499000046)","Unfall 214648 (2021) Kat:3, Licht: 1","214648","3","3","5","08","20","1","","1","0","1","0","0"
"POINT (13.360204941000063 52.490448464000053)","Unfall 214649 (2021) Kat:2, Licht: 0","214649","2","3","5","08","16","3","","0","0","1","0","1"
"POINT (13.316668999000058 52.425839410000037)","Unfall 214650 (2021) Kat:3, Licht: 0","214650","3","6","2","08","18","3","","0","0","1","0","0"
"POINT (13.405670261000068 52.514119133000065)","Unfall 214651 (2021) Kat:3, Licht: 0","214651","3","3","5","08","13","5","","0","1","1","0","0"
"POINT (13.545264645000032 52.425711653000064)","Unfall 214652 (2021) Kat:3, Licht: 0","214652","3","2","5","07","14","5","","0","1","1","0","0"
"POINT (13.235606398000073 52.538838196000029)","Unfall 214653 (2021) Kat:3, Licht: 0","214653","3","7","1","08","08","5","","0","0","1","0","0"
"POINT (13.389976394000030 52.509445202000052)","Unfall 214654 (2021) Kat:2, Licht: 0","214654","2","3","5","07","19","6","","0","0","1","0","0"
"POINT (13.378440786000056 52.437601408000035)","Unfall 214655 (2021) Kat:3, Licht: 0","214655","3","3","5","07","14","6","","0","0","1","0","0"
"POINT (13.191982854000059 52.546235702000047)","Unfall 214656 (2021) Kat:2, Licht: 0","214656","2","6","2","08","18","6","","0","0","1","0","0"
"POINT (13.328350419000060 52.534293490000039)","Unfall 214657 (2021) Kat:2, Licht: 0","214657","2","4","6","07","14","5","","0","0","1","1","0"
"POINT (13.398147579000067 52.538865936000036)","Unfall 214658 (2021) Kat:3, Licht: 2","214658","3","6","3","07","21","6","","2","0","0","0","1"
"POINT (13.391255814000033 52.553711591000081)","Unfall 214659 (2021) Kat:3, Licht: 0","214659","3","3","5","08","16","1","","0","1","0","0","0"
"POINT (13.593162401000029 52.451685099000031)","Unfall 214660 (2021) Kat:3, Licht: 0","214660","3","2","2","08","08","3","","0","0","1","0","0"
"POINT (13.399665706000064 52.509140573000082)","Unfall 214661 (2021) Kat:3, Licht: 0","214661","3","3","5","07","14","3","","0","0","1","0","0"
"POINT (13.322020575000067 52.594945795000058)","Unfall 214662 (2021) Kat:2, Licht: 1","214662","2","6","1","08","19","1","","1","0","1","0","0"
"POINT (13.394223227000055 52.483951683000043)","Unfall 214663 (2021) Kat:2, Licht: 0","214663","2","7","0","08","08","3","","0","0","0","0","1"
"POINT (13.267941326000027 52.445456630000081)","Unfall 214664 (2021) Kat:3, Licht: 0","214664","3","3","5","08","12","4","","0","1","1","0","0"
"POINT (13.285174849000043 52.479444755000031)","Unfall 214665 (2021) Kat:3, Licht: 0","214665","3","6","2","08","11","5","","0","0","1","0","0"
"POINT (13.434203068000045 52.523323815000026)","Unfall 214666 (2021) Kat:3, Licht: 0","214666","3","3","5","07","12","4","","0","1","0","0","0"
"POINT (13.420437528000036 52.566633713000044)","Unfall 214667 (2021) Kat:3, Licht: 0","214667","3","5","1","08","07","4","","0","1","1","0","0"
"POINT (13.334550581000030 52.503276848000041)","Unfall 214668 (2021) Kat:2, Licht: 0","214668","2","6","2","07","13","6","","0","1","1","0","0"
"POINT (13.312061944000050 52.567958572000066)","Unfall 214669 (2021) Kat:3, Licht: 0","214669","3","2","0","07","11","5","","0","1","1","0","0"
"POINT (13.313769895000064 52.605177230000038)","Unfall 214670 (2021) Kat:3, Licht: 0","214670","3","6","2","08","10","7","","0","0","1","0","0"
"POINT (13.171943925000051 52.550135384000043)","Unfall 214671 (2021) Kat:2, Licht: 0","214671","2","3","5","08","13","2","","0","0","1","0","0"
"POINT (13.310482041000057 52.516092160000028)","Unfall 214672 (2021) Kat:2, Licht: 0","214672","2","3","5","07","18","2","","0","0","1","0","0"
"POINT (13.307557647000067 52.503623944000026)","Unfall 214673 (2021) Kat:3, Licht: 0","214673","3","2","5","08","14","7","","0","0","1","0","1"
"POINT (13.377184949000025 52.468639156000052)","Unfall 214674 (2021) Kat:3, Licht: 0","214674","3","2","5","08","06","2","","0","0","1","0","1"
"POINT (13.234613636000063 52.621955440000079)","Unfall 214675 (2021) Kat:3, Licht: 0","214675","3","2","0","07","09","3","","0","0","0","0","0"
"POINT (13.213979159000075 52.538390685000081)","Unfall 214676 (2021) Kat:3, Licht: 0","214676","3","6","3","07","14","3","","0","0","1","0","0"
"POINT (13.499546696000039 52.631140252000080)","Unfall 214677 (2021) Kat:2, Licht: 2","214677","2","2","5","08","23","2","","2","0","1","0","1"
"POINT (13.390630959000077 52.524399930000072)","Unfall 214678 (2021) Kat:3, Licht: 0","214678","3","6","3","08","13","4","","0","1","1","0","0"
"POINT (13.317035944000054 52.517885822000039)","Unfall 214679 (2021) Kat:3, Licht: 0","214679","3","5","1","07","15","5","","0","1","1","0","0"
"POINT (13.376607102000037 52.509636305000072)","Unfall 214680 (2021) Kat:3, Licht: 0","214680","3","2","5","07","11","4","","0","1","1","0","0"
"POINT (13.303739903000064 52.525525051000045)","Unfall 214681 (2021) Kat:3, Licht: 0","214681","3","3","5","08","08","5","","0","0","1","0","0"
"POINT (13.344030970000063 52.596042157000056)","Unfall 214682 (2021) Kat:2, Licht: 0","214682","2","3","5","07","12","2","","0","1","1","0","0"
"POINT (13.375030173000027 52.485039270000073)","Unfall 214683 (2021) Kat:3, Licht: 0","214683","3","2","5","08","14","6","","0","1","1","0","0"
"POINT (13.496762207000074 52.507474187000071)","Unfall 214684 (2021) Kat:3, Licht: 0","214684","3","4","6","08","16","2","","0","1","0","1","0"
"POINT (13.384139014000027 52.510099764000074)","Unfall 214685 (2021) Kat:3, Licht: 1","214685","3","4","6","08","20","6","","1","0","0","1","0"
"POINT (13.159775238000066 52.564478094000037)","Unfall 214686 (2021) Kat:3, Licht: 0","214686","3","3","5","07","12","1","","0","1","1","0","0"
"POINT (13.314636454000038 52.575278098000069)","Unfall 214687 (2021) Kat:3, Licht: 0","214687","3","2","5","07","13","7","","0","0","1","0","1"
"POINT (13.375985642000046 52.597200539000028)","Unfall 214688 (2021) Kat:3, Licht: 2","214688","3","1","8","08","00","1","","2","0","1","0","0"
"POINT (13.332266556000036 52.463848390000067)","Unfall 214689 (2021) Kat:2, Licht: 0","214689","2","6","3","07","18","5","","0","1","0","0","0"
"POINT (13.449714087000075 52.552661758000056)","Unfall 214690 (2021) Kat:3, Licht: 0","214690","3","1","2","08","16","2","","0","1","1","0","0"
"POINT (13.343976181000073 52.462058351000053)","Unfall 214691 (2021) Kat:3, Licht: 0","214691","3","2","5","07","17","7","","0","1","0","0","0"
"POINT (13.424985816000060 52.480632653000043)","Unfall 214692 (2021) Kat:3, Licht: 0","214692","3","2","5","08","18","4","","0","1","1","0","0"
"POINT (13.582008535000057 52.520713699000055)","Unfall 214693 (2021) Kat:3, Licht: 0","214693","3","6","3","08","18","4","","0","1","0","0","1"
"POINT (13.158824918000050 52.462590643000055)","Unfall 214694 (2021) Kat:3, Licht: 0","214694","3","3","5","08","12","6","","0","1","1","0","0"
"POINT (13.404448495000054 52.498312772000077)","Unfall 214695 (2021) Kat:3, Licht: 0","214695","3","7","0","07","15","5","","0","1","0","0","0"
"POINT (13.446344318000058 52.517638011000031)","Unfall 214696 (2021) Kat:3, Licht: 0","214696","3","2","5","08","09","5","","0","1","1","0","0"
"POINT (13.469954465000058 52.426632761000064)","Unfall 214697 (2021) Kat:2, Licht: 1","214697","2","4","2","07","19","7","","1","0","1","1","0"
"POINT (13.453564314000062 52.514135563000082)","Unfall 214698 (2021) Kat:3, Licht: 0","214698","3","2","5","07","15","7","","0","1","1","0","0"
"POINT (13.290289355000027 52.458056486000032)","Unfall 214699 (2021) Kat:3, Licht: 2","214699","3","2","5","08","21","7","","2","1","1","0","0"
"POINT (13.391729567000027 52.491966222000030)","Unfall 214700 (2021) Kat:3, Licht: 0","214700","3","1","0","08","16","3","","0","0","0","0","0"
"POINT (13.339201870000068 52.462672035000026)","Unfall 214701 (2021) Kat:2, Licht: 0","214701","2","1","0","07","19","3","","0","1","0","0","0"
"POINT (13.412536141000032 52.491897082000037)","Unfall 214702 (2021) Kat:3, Licht: 0","214702","3","2","5","08","16","7","","0","1","1","0","0"
"POINT (13.333186065000064 52.452668886000026)","Unfall 214703 (2021) Kat:3, Licht: 0","214703","3","5","1","08","11","2","","0","0","1","0","1"
"POINT (13.277019285000051 52.589585382000053)","Unfall 214704 (2021) Kat:3, Licht: 0","214704","3","5","1","08","17","3","","0","1","1","0","0"
"POINT (13.328365044000066 52.466170660000046)","Unfall 214705 (2021) Kat:3, Licht: 0","214705","3","7","6","08","14","5","","0","0","0","1","0"
"POINT (13.433377518000043 52.558255951000035)","Unfall 214706 (2021) Kat:3, Licht: 0","214706","3","4","6","07","15","7","","0","1","0","1","0"
"POINT (13.395966432000023 52.498368440000036)","Unfall 214707 (2021) Kat:3, Licht: 0","214707","3","2","5","07","15","4","","0","0","1","0","0"
"POINT (13.457864215000029 52.509501016000058)","Unfall 214708 (2021) Kat:2, Licht: 0","214708","2","2","5","08","09","4","","0","1","1","0","0"
"POINT (13.378176679000035 52.566003694000074)","Unfall 214709 (2021) Kat:3, Licht: 0","214709","3","3","5","07","17","6","","0","1","1","0","0"
"POINT (13.304452576000074 52.462286120000044)","Unfall 214710 (2021) Kat:3, Licht: 0","214710","3","6","2","07","13","5","","0","0","1","0","0"
"POINT (13.309827158000076 52.551714846000039)","Unfall 214711 (2021) Kat:3, Licht: 0","214711","3","6","3","08","18","6","","0","1","0","0","0"
"POINT (13.291420335000055 52.625811810000073)","Unfall 214712 (2021) Kat:3, Licht: 0","214712","3","2","5","08","19","3","","0","0","1","0","0"
"POINT (13.397681582000075 52.529452090000063)","Unfall 214713 (2021) Kat:3, Licht: 0","214713","3","3","5","08","14","6","","0","1","1","0","0"
"POINT (13.541253686000061 52.435351473000026)","Unfall 214714 (2021) Kat:3, Licht: 0","214714","3","2","5","07","15","2","","0","0","1","0","0"
"POINT (13.596572954000067 52.441495952000082)","Unfall 214715 (2021) Kat:3, Licht: 0","214715","3","3","0","08","11","2","","0","1","1","0","0"
"POINT (13.417305464000037 52.480277296000054)","Unfall 214716 (2021) Kat:3, Licht: 0","214716","3","1","2","07","17","5","","0","0","1","0","0"
"POINT (13.496762483000055 52.415681418000077)","Unfall 214717 (2021) Kat:3, Licht: 0","214717","3","2","3","07","12","4","","0","0","1","0","0"
"POINT (13.407207733000064 52.539508348000027)","Unfall 214718 (2021) Kat:3, Licht: 0","214718","3","3","5","08","19","4","","0","0","1","0","0"
"POINT (13.330304988000023 52.507090834000053)","Unfall 214719 (2021) Kat:3, Licht: 0","214719","3","6","2","07","15","2","","0","0","1","0","0"
"POINT (13.519730619000029 52.412524996000059)","Unfall 214720 (2021) Kat:3, Licht: 0","214720","3","3","5","08","09","6","","0","0","1","0","1"
"POINT (13.209795464000024 52.538513988000034)","Unfall 214721 (2021) Kat:3, Licht: 0","214721","3","6","2","08","07","2","","0","0","1","0","0"
"POINT (13.398587146000068 52.496409149000044)","Unfall 214722 (2021) Kat:3, Licht: 0","214722","3","3","5","08","09","6","","0","1","1","0","0"
"POINT (13.327678987000070 52.608949838000058)","Unfall 214723 (2021) Kat:2, Licht: 0","214723","2","6","2","07","11","2","","0","0","1","0","1"
"POINT (13.436042289000056 52.448995164000053)","Unfall 214724 (2021) Kat:2, Licht: 2","214724","2","3","5","08","22","6","","2","1","0","0","0"
"POINT (13.347708422000039 52.485307386000045)","Unfall 214725 (2021) Kat:2, Licht: 0","214725","2","4","6","08","15","3","","0","0","1","1","0"
"POINT (13.392849835000050 52.542580095000062)","Unfall 214726 (2021) Kat:3, Licht: 0","214726","3","3","5","08","18","7","","0","0","1","0","0"
"POINT (13.296209880000049 52.574266431000069)","Unfall 214727 (2021) Kat:3, Licht: 2","214727","3","1","1","08","23","2","","2","0","1","0","0"
"POINT (13.207917011000063 52.559066953000070)","Unfall 214728 (2021) Kat:3, Licht: 0","214728","3","6","2","07","16","2","","0","0","1","0","1"
"POINT (13.503467734000026 52.411673500000063)","Unfall 214729 (2021) Kat:1, Licht: 0","214729","1","2","5","07","12","6","","0","0","0","0","1"
"POINT (13.419374492000031 52.505800766000050)","Unfall 214730 (2021) Kat:2, Licht: 2","214730","2","2","5","07","22","4","","2","1","1","0","0"
"POINT (13.440527450000047 52.513499681000042)","Unfall 214731 (2021) Kat:3, Licht: 0","214731","3","1","0","08","16","2","","0","0","0","0","1"
"POINT (13.434718083000064 52.482841983000071)","Unfall 214732 (2021) Kat:3, Licht: 2","214732","3","3","5","08","23","3","","2","0","1","0","0"
"POINT (13.597600453000041 52.502352568000049)","Unfall 214733 (2021) Kat:2, Licht: 0","214733","2","3","5","07","11","5","","0","0","1","0","1"
"POINT (13.592421506000051 52.537034412000082)","Unfall 214734 (2021) Kat:2, Licht: 0","214734","2","1","8","07","12","4","","0","0","1","0","0"
"POINT (13.323270508000064 52.510946107000052)","Unfall 214735 (2021) Kat:3, Licht: 0","214735","3","6","3","08","14","3","","0","0","1","0","0"
"POINT (13.525891277000028 52.423017114000061)","Unfall 214736 (2021) Kat:3, Licht: 0","214736","3","2","5","08","15","5","","0","0","1","0","0"