WKT,Name,OBJECTID,UKATEGORIE,UTYP1,UART,UMONAT,USTUNDE,UWOCHENTAG,STRZUSTAND,ULICHTVERH,ISTRAD,ISTPKW,ISTFUSS,ISTKRAD
"POINT (13.323933090000025 52.560726683000041)","Unfall 214737 (2021) Kat:2, Licht: 0","214737","2","7","0","08","17","1","","0","1","0","0","0"
"POINT (13.524372319000065 52.449652674000049)","Unfall 214738 (2021) Kat:3, Licht: 0","214738","3","7","7","08","17","6","","0","1","0","0","0"
"POINT (13.387321913000051 52.525914890000081)","Unfall 214739 (2021) Kat:3, Licht: 0","214739","3","6","2","07","11","2","","0","1","1","0","0"
"POINT (13.368469004000076 52.522039426000049)","Unfall 214740 (2021) Kat:3, Licht: 0","214740","3","1","0","07","15","2","","0","1","0","0","0"
"POINT (13.468478158000039 52.562142284000060)","Unfall 214741 (2021) Kat:3, Licht: 0","214741","3","2","5","07","09","3","","0","0","1","0","0"
"POINT (13.209832187000075 52.603035562000059)","Unfall 214742 (2021) Kat:3, Licht: 0","214742","3","2","5","08","14","1","","0","0","1","0","1"
"POINT (13.367652330000055 52.488268014000028)","Unfall 214743 (2021) Kat:3, Licht: 2","214743","3","1","0","07","01","5","","2","0","0","0","0"
"POINT (13.456654099000048 52.509798489000048)","Unfall 214744 (2021) Kat:2, Licht: 0","214744","2","1","0","08","19","2","","0","1","0","0","0"
"POINT (13.343597369000065 52.439161580000075)","Unfall 214745 (2021) Kat:3, Licht: 0","214745","3","2","5","08","13","3","","0","0","1","0","1"
"POINT (13.177474709000023 52.525329177000060)","Unfall 214746 (2021) Kat:3, Licht: 0","214746","3","2","5","08","13","5","","0","1","1","0","0"
"POINT (13.508617044000061 52.463702004000027)","Unfall 214747 (2021) Kat:3, Licht: 0","214747","3","2","5","07","15","3","","0","1","1","0","0"
"POINT (13.266896229000054 52.412216060000048)","Unfall 214748 (2021) Kat:3, Licht: 0","214748","3","2","2","08","11","6","","0","0","1","0","0"
"POINT (13.435410821000062 52.459963101000028)","Unfall 214749 (2021) Kat:3, Licht: 0","214749","3","7","5","07","17","5","","0","0","1","0","1"
"POINT (13.271769711000047 52.481885880000050)","Unfall 214750 (2021) Kat:3, Licht: 0","214750","3","3","5","08","13","5","","0","0","1","0","0"
"POINT (13.279565175000073 52.436187641000060)","Unfall 214751 (2021) Kat:3, Licht: 0","214751","3","5","1","07","20","7","","0","0","1","0","1"
"POINT (13.653791770000055 52.416851507000047)","Unfall 214752 (2021) Kat:3, Licht: 0","214752","3","3","5","07","10","6","","0","0","1","0","0"
"POINT (13.566135033000023 52.439459925000051)","Unfall 214753 (2021) Kat:3, Licht: 0","214753","3","3","5","08","20","1","","0","0","1","0","0"
"POINT (13.508076713000037 52.426137874000062)","Unfall 214754 (2021) Kat:3, Licht: 0","214754","3","5","1","08","08","3","","0","0","1","0","0"
"POINT (13.339942650000069 52.528089509000040)","Unfall 214755 (2021) Kat:2, Licht: 0","214755","2","3","5","07","13","3","","0","0","1","0","1"
"POINT (13.375631903000055 52.568768803000069)","Unfall 214756 (2021) Kat:3, Licht: 0","214756","3","7","2","08","10","7","","0","0","1","0","1"
"POINT (13.527830692000066 52.556751553000026)","Unfall 214757 (2021) Kat:3, Licht: 0","214757","3","6","3","08","07","2","","0","1","1","0","0"
"POINT (13.444235543000048 52.511570409000058)","Unfall 214758 (2021) Kat:3, Licht: 0","214758","3","6","3","08","12","4","","0","1","0","0","0"
"POINT (13.306936018000044 52.435701305000066)","Unfall 214759 (2021) Kat:3, Licht: 0","214759","3","1","0","08","16","5","","0","0","1","0","1"
"POINT (13.446159734000048 52.486270316000059)","Unfall 214760 (2021) Kat:3, Licht: 0","214760","3","5","1","07","20","4","","0","1","1","0","0"
"POINT (13.403568833000065 52.523109975000068)","Unfall 214761 (2021) Kat:3, Licht: 0","214761","3","4","6","08","17","3","","0","0","0","1","0"
"POINT (13.346937997000055 52.547277426000051)","Unfall 214762 (2021) Kat:2, Licht: 2","214762","2","5","1","08","21","4","","2","1","1","0","0"
"POINT (13.477555387000052 52.514659287000029)","Unfall 214763 (2021) Kat:3, Licht: 0","214763","3","6","2","07","12","7","","0","0","1","0","0"
"POINT (13.476300748000028 52.533130420000077)","Unfall 214764 (2021) Kat:3, Licht: 0","214764","3","2","5","07","16","5","","0","1","1","0","0"
"POINT (13.386515233000068 52.523697957000081)","Unfall 214765 (2021) Kat:3, Licht: 0","214765","3","5","1","07","17","2","","0","1","1","0","0"
"POINT (13.332449197000074 52.506060719000061)","Unfall 214766 (2021) Kat:3, Licht: 0","214766","3","6","0","08","08","6","","0","0","0","0","1"
"POINT (13.218865649000065 52.524661430000037)","Unfall 214767 (2021) Kat:3, Licht: 1","214767","3","6","4","08","07","2","","1","0","1","0","1"
"POINT (13.410957188000054 52.522076012000070)","Unfall 214768 (2021) Kat:3, Licht: 2","214768","3","1","0","08","21","6","","2","1","0","0","0"
"POINT (13.309540193000032 52.513650299000062)","Unfall 214769 (2021) Kat:3, Licht: 0","214769","3","3","5","07","19","7","","0","1","1","0","0"
"POINT (13.379287497000064 52.552995185000043)","Unfall 214770 (2021) Kat:3, Licht: 2","214770","3","7","6","07","23","3","","2","0","1","1","0"
"POINT (13.449940874000049 52.536802606000037)","Unfall 214771 (2021) Kat:3, Licht: 0","214771","3","6","3","08","10","3","","0","0","1","0","1"
"POINT (13.373831555000038 52.519575144000044)","Unfall 214772 (2021) Kat:3, Licht: 0","214772","3","1","0","07","17","6","","0","0","0","0","0"
"POINT (13.473064353000041 52.616922679000027)","Unfall 214773 (2021) Kat:3, Licht: 0","214773","3","3","0","07","16","4","","0","1","1","0","0"
"POINT (13.334635081000044 52.499593688000061)","Unfall 214774 (2021) Kat:3, Licht: 0","214774","3","6","2","08","16","4","","0","0","1","0","0"
"POINT (13.325403834000042 52.516583223000055)","Unfall 214775 (2021) Kat:3, Licht: 0","214775","3","5","1","07","04","2","","0","0","1","0","1"
"POINT (13.403359068000043 52.527383303000079)","Unfall 214776 (2021) Kat:3, Licht: 0","214776","3","3","0","08","19","6","","0","1","1","0","0"
"POINT (13.301085194000052 52.548024847000079)","Unfall 214777 (2021) Kat:3, Licht: 0","214777","3","5","1","07","17","3","","0","0","1","0","0"
"POINT (13.503506906000041 52.411567002000027)","Unfall 214778 (2021) Kat:3, Licht: 0","214778","3","3","5","08","11","2","","0","0","1","0","0"
"POINT (13.473778494000044 52.474993379000068)","Unfall 214779 (2021) Kat:3, Licht: 1","214779","3","2","5","08","06","6","","1","1","1","0","0"
"POINT (13.419603617000064 52.501193063000073)","Unfall 214780 (2021) Kat:3, Licht: 0","214780","3","5","1","07","19","2","","0","1","1","0","0"
"POINT (13.486508440000023 52.502384960000029)","Unfall 214781 (2021) Kat:3, Licht: 0","214781","3","2","0","07","17","6","","0","1","1","0","0"
"POINT (13.424467919000051 52.484670185000027)","Unfall 214782 (2021) Kat:2, Licht: 2","214782","2","6","1","07","00","6","","2","1","1","1","0"
"POINT (13.524033366000026 52.477438569000071)","Unfall 214783 (2021) Kat:2, Licht: 0","214783","2","2","5","08","15","2","","0","1","1","0","0"
"POINT (13.381533883000031 52.500573873000064)","Unfall 214784 (2021) Kat:3, Licht: 0","214784","3","3","5","07","10","4","","0","1","0","0","1"
"POINT (13.592584985000030 52.454653901000029)","Unfall 214785 (2021) Kat:2, Licht: 0","214785","2","6","3","08","12","1","","0","1","1","0","0"
"POINT (13.328005186000041 52.564312886000039)","Unfall 214786 (2021) Kat:3, Licht: 0","214786","3","6","2","08","09","3","","0","0","1","0","0"
"POINT (13.382439345000023 52.485116226000059)","Unfall 214787 (2021) Kat:3, Licht: 0","214787","3","2","5","08","15","5","","0","0","1","0","0"
"POINT (13.275647490000040 52.501544087000070)","Unfall 214788 (2021) Kat:3, Licht: 0","214788","3","2","5","08","18","5","","0","0","1","0","0"
"POINT (13.291222790000063 52.506593601000077)","Unfall 214789 (2021) Kat:3, Licht: 0","214789","3","3","5","07","18","6","","0","1","1","0","0"
"POINT (13.362065231000031 52.568700755000066)","Unfall 214790 (2021) Kat:3, Licht: 1","214790","3","3","5","07","05","4","","1","1","1","0","0"
"POINT (13.550830226000073 52.429078894000043)","Unfall 214791 (2021) Kat:3, Licht: 0","214791","3","2","0","08","13","4","","0","1","1","0","0"
"POINT (13.423994296000046 52.477274856000065)","Unfall 214792 (2021) Kat:3, Licht: 2","214792","3","2","5","07","21","6","","2","1","1","0","0"
"POINT (13.329669597000077 52.505467165000027)","Unfall 214793 (2021) Kat:3, Licht: 1","214793","3","7","7","07","21","5","","1","0","0","0","1"
"POINT (13.403030568000077 52.533669993000046)","Unfall 214794 (2021) Kat:3, Licht: 2","214794","3","2","5","08","22","7","","2","1","1","0","0"
"POINT (13.353032239000072 52.502292708000027)","Unfall 214795 (2021) Kat:2, Licht: 1","214795","2","3","5","08","21","3","","1","1","1","0","0"
"POINT (13.214883088000022 52.564704660000075)","Unfall 214796 (2021) Kat:3, Licht: 0","214796","3","5","2","07","13","1","","0","0","1","0","0"
"POINT (13.217639652000059 52.537706476000039)","Unfall 214797 (2021) Kat:2, Licht: 0","214797","2","6","2","07","09","3","","0","0","1","0","0"
"POINT (13.217143112000031 52.560466962000078)","Unfall 214798 (2021) Kat:2, Licht: 0","214798","2","3","5","08","18","1","","0","0","1","0","0"
"POINT (13.381726386000025 52.461033661000045)","Unfall 214799 (2021) Kat:2, Licht: 0","214799","2","2","0","07","14","4","","0","0","1","0","0"
"POINT (13.421098369000049 52.509689282000068)","Unfall 214800 (2021) Kat:3, Licht: 0","214800","3","1","0","08","14","1","","0","0","0","0","1"
"POINT (13.433958443000051 52.489849281000033)","Unfall 214801 (2021) Kat:3, Licht: 0","214801","3","2","5","08","12","3","","0","1","0","0","0"
"POINT (13.306316829000025 52.529839478000042)","Unfall 214802 (2021) Kat:2, Licht: 0","214802","2","7","5","08","18","4","","0","0","1","0","1"
"POINT (13.445595063000042 52.485836174000042)","Unfall 214803 (2021) Kat:3, Licht: 0","214803","3","7","6","08","18","5","","0","0","0","1","0"
"POINT (13.502133545000049 52.557359157000064)","Unfall 214804 (2021) Kat:3, Licht: 0","214804","3","3","5","07","05","6","","0","1","1","0","0"
"POINT (13.294316516000038 52.497761578000052)","Unfall 214805 (2021) Kat:3, Licht: 0","214805","3","2","5","07","14","6","","0","1","1","0","0"
"POINT (13.445849186000032 52.478954827000052)","Unfall 214806 (2021) Kat:3, Licht: 0","214806","3","6","2","08","13","5","","0","0","1","0","1"
"POINT (13.320977953000067 52.513090866000027)","Unfall 214807 (2021) Kat:2, Licht: 0","214807","2","6","3","07","20","7","","0","0","1","0","1"
"POINT (13.427267972000038 52.549711683000055)","Unfall 214808 (2021) Kat:3, Licht: 0","214808","3","3","5","07","17","7","","0","0","1","0","1"
"POINT (13.381267651000030 52.552435481000032)","Unfall 214809 (2021) Kat:3, Licht: 2","214809","3","2","6","08","22","1","","2","0","1","1","0"
"POINT (13.374498739000046 52.556809543000043)","Unfall 214810 (2021) Kat:3, Licht: 0","214810","3","6","2","08","08","3","","0","0","1","0","0"
"POINT (13.507136951000064 52.515251245000059)","Unfall 214811 (2021) Kat:3, Licht: 0","214811","3","3","5","07","17","3","","0","1","1","0","0"
"POINT (13.553165396000054 52.468205680000040)","Unfall 214812 (2021) Kat:3, Licht: 0","214812","3","6","2","08","13","7","","0","0","1","0","1"
"POINT (13.373516986000027 52.564208670000028)","Unfall 214813 (2021) Kat:3, Licht: 0","214813","3","2","6","08","13","2","","0","0","0","1","0"
"POINT (13.593292170000041 52.452908707000063)","Unfall 214814 (2021) Kat:3, Licht: 0","214814","3","3","2","08","13","4","","0","1","1","0","0"
"POINT (13.501775770000052 52.558130287000040)","Unfall 214815 (2021) Kat:2, Licht: 0","214815","2","3","5","08","14","4","","0","0","1","0","1"
"POINT (13.425568314000031 52.479216266000037)","Unfall 214816 (2021) Kat:3, Licht: 0","214816","3","2","5","07","15","4","","0","1","1","0","0"
"POINT (13.380310394000048 52.518803100000071)","Unfall 214817 (2021) Kat:3, Licht: 0","214817","3","3","5","08","09","4","","0","1","1","0","0"
"POINT (13.237828330000070 52.601193193000029)","Unfall 214818 (2021) Kat:3, Licht: 0","214818","3","3","5","08","11","4","","0","0","1","0","0"
"POINT (13.303390956000044 52.424466596000059)","Unfall 214819 (2021) Kat:3, Licht: 0","214819","3","7","2","07","19","6","","0","0","1","0","1"
"POINT (13.519470881000075 52.535356140000033)","Unfall 214820 (2021) Kat:3, Licht: 2","214820","3","3","5","07","22","5","","2","1","1","0","0"
"POINT (13.416791800000055 52.418369591000044)","Unfall 214821 (2021) Kat:2, Licht: 0","214821","2","2","2","08","16","4","","0","1","1","0","0"
"POINT (13.519267754000055 52.454078027000037)","Unfall 214822 (2021) Kat:3, Licht: 0","214822","3","2","5","07","18","3","","0","1","1","0","0"
"POINT (13.493859130000033 52.635971893000033)","Unfall 214823 (2021) Kat:3, Licht: 0","214823","3","3","5","08","10","6","","0","0","1","0","1"
"POINT (13.374808857000062 52.481214153000053)","Unfall 214824 (2021) Kat:3, Licht: 0","214824","3","3","5","07","08","3","","0","0","1","0","0"
"POINT (13.385009991000061 52.497971527000061)","Unfall 214825 (2021) Kat:3, Licht: 0","214825","3","5","1","08","15","2","","0","1","1","0","0"
"POINT (13.208350977000066 52.560401627000033)","Unfall 214826 (2021) Kat:3, Licht: 0","214826","3","6","2","08","14","6","","0","0","1","0","0"
"POINT (13.464232391000053 52.500438263000035)","Unfall 214827 (2021) Kat:3, Licht: 0","214827","3","6","2","07","12","7","","0","0","1","0","0"
"POINT (13.375726770000028 52.548643812000080)","Unfall 214828 (2021) Kat:3, Licht: 0","214828","3","2","5","07","14","3","","0","1","1","0","0"
"POINT (13.290508385000066 52.474450793000074)","Unfall 214829 (2021) Kat:3, Licht: 0","214829","3","5","1","08","11","3","","0","1","1","0","0"
"POINT (13.326104631000021 52.538377321000041)","Unfall 214830 (2021) Kat:3, Licht: 2","214830","3","2","5","07","22","5","","2","0","1","0","0"
"POINT (13.544328586000063 52.399365908000050)","Unfall 214831 (2021) Kat:3, Licht: 0","214831","3","2","5","07","08","5","","0","0","0","0","1"
"POINT (13.330373479000059 52.587428483000053)","Unfall 214832 (2021) Kat:2, Licht: 0","214832","2","6","2","08","09","2","","0","0","1","0","1"
"POINT (13.519207653000024 52.513613142000054)","Unfall 214833 (2021) Kat:2, Licht: 0","214833","2","7","6","08","11","3","","0","1","0","1","0"
"POINT (13.424081688000058 52.552820817000054)","Unfall 214834 (2021) Kat:2, Licht: 1","214834","2","1","9","08","20","6","","1","0","1","1","0"
"POINT (13.465526302000058 52.562432066000042)","Unfall 214835 (2021) Kat:3, Licht: 0","214835","3","7","0","08","12","2","","0","0","1","0","0"
"POINT (13.372126350000030 52.469784364000077)","Unfall 214836 (2021) Kat:3, Licht: 0","214836","3","2","5","08","11","6","","0","0","1","0","0"
"POINT (13.521148629000038 52.506285397000056)","Unfall 214837 (2021) Kat:3, Licht: 0","214837","3","6","4","07","15","5","","0","0","1","0","0"
"POINT (13.308245767000074 52.469058389000054)","Unfall 214838 (2021) Kat:3, Licht: 0","214838","3","5","0","07","18","6","","0","0","0","0","1"
"POINT (13.407487499000069 52.581816826000079)","Unfall 214839 (2021) Kat:3, Licht: 0","214839","3","7","0","08","08","7","","0","0","1","0","0"
"POINT (13.427466697000057 52.459100330000069)","Unfall 214840 (2021) Kat:3, Licht: 0","214840","3","6","4","08","17","3","","0","0","1","0","0"
"POINT (13.209986163000053 52.549994486000060)","Unfall 214841 (2021) Kat:3, Licht: 0","214841","3","6","2","07","15","3","","0","0","1","0","0"
"POINT (13.565004726000041 52.438794679000068)","Unfall 214842 (2021) Kat:3, Licht: 0","214842","3","6","2","08","10","1","","0","0","1","0","0"
"POINT (13.401033258000041 52.415064486000063)","Unfall 214843 (2021) Kat:3, Licht: 0","214843","3","5","2","08","15","3","","0","0","1","0","1"
"POINT (13.507496198000069 52.564244578000057)","Unfall 214844 (2021) Kat:3, Licht: 0","214844","3","2","5","08","13","5","","0","1","1","0","0"
"POINT (13.335838320000050 52.494920117000049)","Unfall 214845 (2021) Kat:3, Licht: 1","214845","3","7","0","08","19","5","","1","0","1","0","0"
"POINT (13.260276763000036 52.516517870000030)","Unfall 214846 (2021) Kat:3, Licht: 0","214846","3","2","5","07","15","4","","0","0","1","0","0"
"POINT (13.435633561000031 52.496140555000068)","Unfall 214847 (2021) Kat:3, Licht: 0","214847","3","6","4","08","13","4","","0","1","0","0","0"
"POINT (13.338786906000053 52.444381215000078)","Unfall 214848 (2021) Kat:3, Licht: 0","214848","3","2","5","07","18","6","","0","0","1","0","0"
"POINT (13.343922258000077 52.485718583000050)","Unfall 214849 (2021) Kat:2, Licht: 0","214849","2","3","5","07","15","6","","0","1","1","0","0"
"POINT (13.441788591000034 52.457666625000059)","Unfall 214850 (2021) Kat:3, Licht: 0","214850","3","7","6","08","07","6","","0","1","0","1","0"
"POINT (13.373499778000053 52.482927088000054)","Unfall 214851 (2021) Kat:3, Licht: 0","214851","3","3","5","08","06","2","","0","1","1","0","0"
"POINT (13.327594419000036 52.564094746000080)","Unfall 214852 (2021) Kat:3, Licht: 0","214852","3","2","5","07","11","2","","0","1","1","0","0"
"POINT (13.500089207000030 52.484017438000080)","Unfall 214853 (2021) Kat:3, Licht: 0","214853","3","6","3","08","18","7","","0","1","0","0","0"
"POINT (13.202230868000072 52.538062604000061)","Unfall 214854 (2021) Kat:3, Licht: 0","214854","3","5","0","08","10","2","","0","1","1","0","0"
"POINT (13.287702328000023 52.496161822000033)","Unfall 214855 (2021) Kat:3, Licht: 0","214855","3","2","2","07","10","2","","0","0","1","0","0"
"POINT (13.235202323000067 52.527133247000052)","Unfall 214856 (2021) Kat:2, Licht: 1","214856","2","5","1","08","19","3","","1","0","1","0","0"
"POINT (13.410299176000024 52.503783106000071)","Unfall 214857 (2021) Kat:3, Licht: 0","214857","3","3","5","08","15","4","","0","1","1","0","0"
"POINT (13.418539262000024 52.546804487000031)","Unfall 214858 (2021) Kat:3, Licht: 2","214858","3","5","1","07","23","5","","2","1","1","0","0"
"POINT (13.410300672000062 52.503782708000074)","Unfall 214859 (2021) Kat:3, Licht: 2","214859","3","3","5","07","22","4","","2","1","1","0","0"
"POINT (13.387979139000038 52.618005469000082)","Unfall 214860 (2021) Kat:3, Licht: 0","214860","3","6","2","08","14","4","","0","0","1","0","0"
"POINT (13.424112755000067 52.465502639000078)","Unfall 214861 (2021) Kat:3, Licht: 0","214861","3","1","1","07","15","2","","0","0","1","0","0"
"POINT (13.247784853000041 52.547213952000050)","Unfall 214862 (2021) Kat:2, Licht: 0","214862","2","2","5","08","08","5","","0","1","1","0","0"
"POINT (13.371071605000054 52.470369611000081)","Unfall 214863 (2021) Kat:2, Licht: 0","214863","2","2","5","08","06","2","","0","1","1","0","0"
"POINT (13.522312650000060 52.461888565000038)","Unfall 214864 (2021) Kat:3, Licht: 0","214864","3","5","1","08","10","6","","0","1","1","0","0"
"POINT (13.391120559000058 52.489491060000034)","Unfall 214865 (2021) Kat:3, Licht: 0","214865","3","4","6","09","15","6","","0","1","0","1","0"
"POINT (13.386604948000070 52.501051255000050)","Unfall 214866 (2021) Kat:3, Licht: 0","214866","3","2","2","08","15","3","","0","1","1","0","0"
"POINT (13.412671586000044 52.492075269000054)","Unfall 214867 (2021) Kat:3, Licht: 0","214867","3","3","5","08","12","5","","0","1","1","0","0"
"POINT (13.466184115000033 52.496905069000036)","Unfall 214868 (2021) Kat:3, Licht: 0","214868","3","3","5","09","07","4","","0","1","1","0","0"
"POINT (13.452493590000074 52.527784991000033)","Unfall 214869 (2021) Kat:3, Licht: 0","214869","3","6","3","09","12","4","","0","0","1","0","1"
"POINT (13.377596793000066 52.574901317000069)","Unfall 214870 (2021) Kat:3, Licht: 0","214870","3","6","2","09","11","6","","0","0","1","0","1"
"POINT (13.338609865000024 52.493810719000066)","Unfall 214871 (2021) Kat:3, Licht: 0","214871","3","3","5","09","12","4","","0","1","1","0","0"
"POINT (13.435851935000073 52.468614018000039)","Unfall 214872 (2021) Kat:3, Licht: 0","214872","3","2","2","08","07","6","","0","0","1","0","1"
"POINT (13.479497608000031 52.526863383000034)","Unfall 214873 (2021) Kat:2, Licht: 0","214873","2","4","6","09","12","7","","0","0","1","1","0"
"POINT (13.444792840000048 52.501097213000037)","Unfall 214874 (2021) Kat:3, Licht: 2","214874","3","7","5","09","22","5","","2","1","1","0","0"
"POINT (13.229901299000062 52.625022281000042)","Unfall 214875 (2021) Kat:3, Licht: 0","214875","3","6","2","08","15","3","","0","1","0","0","0"
"POINT (13.327648131000046 52.563981910000052)","Unfall 214876 (2021) Kat:2, Licht: 2","214876","2","4","6","09","20","6","","2","0","1","1","0"
"POINT (13.348670363000053 52.458052535000036)","Unfall 214877 (2021) Kat:3, Licht: 0","214877","3","7","0","09","11","2","","0","0","0","0","1"
"POINT (13.262472731000059 52.441865291000056)","Unfall 214878 (2021) Kat:3, Licht: 0","214878","3","6","4","08","16","6","","0","0","1","0","0"
"POINT (13.332170919000077 52.506189768000070)","Unfall 214879 (2021) Kat:3, Licht: 0","214879","3","2","5","08","12","2","","0","1","0","0","0"
"POINT (13.381433350000066 52.500586865000059)","Unfall 214880 (2021) Kat:3, Licht: 0","214880","3","6","3","09","07","4","","0","1","0","0","1"
"POINT (13.414825436000058 52.507605800000078)","Unfall 214881 (2021) Kat:3, Licht: 0","214881","3","5","1","09","17","6","","0","0","1","0","1"
"POINT (13.332670247000067 52.506137246000037)","Unfall 214882 (2021) Kat:3, Licht: 0","214882","3","3","0","08","14","3","","0","0","0","0","0"
"POINT (13.266573417000075 52.512969075000058)","Unfall 214883 (2021) Kat:3, Licht: 0","214883","3","6","3","09","16","2","","0","0","1","0","1"
"POINT (13.401859116000026 52.529637022000031)","Unfall 214884 (2021) Kat:3, Licht: 0","214884","3","6","3","09","10","3","","0","1","1","0","0"
"POINT (13.306242690000033 52.419343678000075)","Unfall 214885 (2021) Kat:3, Licht: 0","214885","3","6","2","09","17","3","","0","0","1","0","1"
"POINT (13.280765369000051 52.518355038000038)","Unfall 214886 (2021) Kat:3, Licht: 0","214886","3","6","2","09","17","6","","0","0","1","0","0"
"POINT (13.351214105000054 52.510511798000039)","Unfall 214887 (2021) Kat:3, Licht: 0","214887","3","6","2","09","18","5","","0","0","1","0","0"
"POINT (13.205153882000047 52.424452841000061)","Unfall 214888 (2021) Kat:3, Licht: 0","214888","3","3","5","09","12","1","","0","0","1","0","0"
"POINT (13.546097791000022 52.526077107000049)","Unfall 214889 (2021) Kat:3, Licht: 0","214889","3","6","3","08","09","4","","0","1","0","0","0"
"POINT (13.305740852000042 52.534043618000055)","Unfall 214890 (2021) Kat:3, Licht: 2","214890","3","3","5","08","22","6","","2","0","1","0","0"
"POINT (13.538489743000071 52.524720916000035)","Unfall 214891 (2021) Kat:3, Licht: 2","214891","3","3","5","09","19","5","","2","0","1","0","0"
"POINT (13.319892957000036 52.460449619000030)","Unfall 214892 (2021) Kat:3, Licht: 0","214892","3","5","1","09","12","5","","0","0","1","0","0"
"POINT (13.352163140000073 52.505519955000068)","Unfall 214893 (2021) Kat:3, Licht: 2","214893","3","3","5","09","22","6","","2","0","1","0","0"
"POINT (13.466193075000035 52.550477654000076)","Unfall 214894 (2021) Kat:3, Licht: 2","214894","3","1","0","09","23","5","","2","1","0","0","0"
"POINT (13.333340226000075 52.546538548000058)","Unfall 214895 (2021) Kat:3, Licht: 0","214895","3","5","1","08","18","2","","0","0","1","0","0"
"POINT (13.371888725000076 52.509054053000057)","Unfall 214896 (2021) Kat:2, Licht: 0","214896","2","2","5","09","15","2","","0","1","1","0","0"
"POINT (13.364686549000055 52.571938746000058)","Unfall 214897 (2021) Kat:2, Licht: 0","214897","2","4","6","09","08","2","","0","1","0","1","0"
"POINT (13.338411086000065 52.521809587000064)","Unfall 214898 (2021) Kat:3, Licht: 2","214898","3","7","0","09","21","4","","2","1","0","0","0"
"POINT (13.414547467000034 52.500154872000053)","Unfall 214899 (2021) Kat:3, Licht: 0","214899","3","3","5","09","11","2","","0","0","1","0","0"
"POINT (13.211816612000064 52.565039972000079)","Unfall 214900 (2021) Kat:2, Licht: 0","214900","2","5","1","09","16","3","","0","0","1","0","0"
"POINT (13.320117592000031 52.475088458000073)","Unfall 214901 (2021) Kat:2, Licht: 0","214901","2","3","6","09","14","5","","0","1","0","1","0"
"POINT (13.214190827000039 52.538518427000042)","Unfall 214902 (2021) Kat:3, Licht: 0","214902","3","6","2","09","13","7","","0","0","1","0","0"
"POINT (13.337939399000049 52.513812525000048)","Unfall 214903 (2021) Kat:3, Licht: 0","214903","3","2","0","08","14","4","","0","1","1","0","0"
"POINT (13.402957856000057 52.562742928000034)","Unfall 214904 (2021) Kat:3, Licht: 0","214904","3","2","6","08","08","6","","0","0","1","1","0"
"POINT (13.438734659000033 52.495085394000057)","Unfall 214905 (2021) Kat:3, Licht: 1","214905","3","7","2","09","19","4","","1","1","1","0","0"
"POINT (13.376109980000024 52.455770903000030)","Unfall 214906 (2021) Kat:3, Licht: 0","214906","3","7","7","09","08","4","","0","1","0","0","0"
"POINT (13.313637276000065 52.483636273000059)","Unfall 214907 (2021) Kat:3, Licht: 2","214907","3","5","1","09","22","5","","2","0","1","0","0"
"POINT (13.465918100000067 52.508884843000033)","Unfall 214908 (2021) Kat:3, Licht: 1","214908","3","4","6","09","19","5","","1","0","1","1","0"
"POINT (13.307835767000029 52.497403392000081)","Unfall 214909 (2021) Kat:3, Licht: 0","214909","3","6","2","08","14","7","","0","0","1","0","0"
"POINT (13.322430852000025 52.462398098000051)","Unfall 214910 (2021) Kat:3, Licht: 2","214910","3","6","2","09","21","7","","2","0","1","0","0"
"POINT (13.265964756000074 52.534856710000042)","Unfall 214911 (2021) Kat:3, Licht: 0","214911","3","3","5","09","16","4","","0","0","1","0","1"
"POINT (13.294892538000056 52.539628142000026)","Unfall 214912 (2021) Kat:3, Licht: 0","214912","3","2","5","09","16","2","","0","0","1","0","0"
"POINT (13.437972891000072 52.493297046000066)","Unfall 214913 (2021) Kat:3, Licht: 0","214913","3","7","6","09","12","2","","0","0","0","1","1"
"POINT (13.554011667000054 52.455954439000038)","Unfall 214914 (2021) Kat:3, Licht: 0","214914","3","6","2","09","13","5","","0","0","1","0","0"
"POINT (13.317420754000068 52.505441586000074)","Unfall 214915 (2021) Kat:3, Licht: 0","214915","3","2","0","09","09","6","","0","0","1","0","1"
"POINT (13.492110623000031 52.534064998000076)","Unfall 214916 (2021) Kat:3, Licht: 0","214916","3","6","2","08","10","3","","0","0","1","0","0"
"POINT (13.392744851000032 52.412652231000038)","Unfall 214917 (2021) Kat:2, Licht: 0","214917","2","2","5","08","10","5","","0","0","1","0","0"
"POINT (13.434489402000054 52.553507330000059)","Unfall 214918 (2021) Kat:2, Licht: 2","214918","2","4","6","09","22","3","","2","0","1","1","0"
"POINT (13.199785875000032 52.534818666000035)","Unfall 214919 (2021) Kat:2, Licht: 2","214919","2","4","6","09","21","4","","2","0","1","1","0"
"POINT (13.418474669000034 52.553472071000044)","Unfall 214920 (2021) Kat:3, Licht: 0","214920","3","2","5","09","07","3","","0","0","1","0","1"
"POINT (13.569994312000063 52.486878656000044)","Unfall 214921 (2021) Kat:3, Licht: 0","214921","3","3","5","10","09","6","","0","1","1","0","0"
"POINT (13.443830310000067 52.525317820000055)","Unfall 214922 (2021) Kat:3, Licht: 0","214922","3","6","2","09","12","7","","0","0","1","0","1"
"POINT (13.342956293000043 52.525982251000073)","Unfall 214923 (2021) Kat:3, Licht: 1","214923","3","4","6","09","17","7","","1","0","1","1","0"