WKT,Name,OBJECTID,UKATEGORIE,UTYP1,UART,UMONAT,USTUNDE,UWOCHENTAG,STRZUSTAND,ULICHTVERH,ISTRAD,ISTPKW,ISTFUSS,ISTKRAD
"POINT (13.307232993000071 52.621064732000036)","Unfall 214924 (2021) Kat:3, Licht: 0","214924","3","2","5","09","10","2","","0","1","1","0","0"
"POINT (13.305629100000033 52.499890172000050)","Unfall 214925 (2021) Kat:3, Licht: 2","214925","3","7","0","08","23","6","","2","0","0","0","0"
"POINT (13.452198492000036 52.527524889000063)","Unfall 214926 (2021) Kat:3, Licht: 0","214926","3","6","3","08","08","2","","0","0","1","0","0"
"POINT (13.438954760000058 52.482365694000066)","Unfall 214927 (2021) Kat:2, Licht: 0","214927","2","5","1","09","18","4","","0","0","1","0","0"
"POINT (13.594516053000063 52.426398552000080)","Unfall 214928 (2021) Kat:2, Licht: 0","214928","2","6","3","09","15","6","","0","1","1","0","0"
"POINT (13.481568689000028 52.461053691000075)","Unfall 214929 (2021) Kat:3, Licht: 0","214929","3","6","3","08","08","3","","0","0","1","0","1"
"POINT (13.475758516000042 52.532856346000074)","Unfall 214930 (2021) Kat:3, Licht: 0","214930","3","6","2","09","13","3","","0","0","1","0","0"
"POINT (13.132766527000058 52.549196676000065)","Unfall 214931 (2021) Kat:3, Licht: 0","214931","3","3","5","09","08","3","","0","1","1","0","0"
"POINT (13.494669009000063 52.545947853000030)","Unfall 214932 (2021) Kat:3, Licht: 0","214932","3","1","0","09","07","3","","0","1","0","0","0"
"POINT (13.559366941000064 52.547766308000064)","Unfall 214933 (2021) Kat:3, Licht: 0","214933","3","6","0","09","07","4","","0","0","1","0","1"
"POINT (13.379082065000034 52.513378206000027)","Unfall 214934 (2021) Kat:3, Licht: 1","214934","3","6","2","09","06","6","","1","0","1","0","1"
"POINT (13.284281355000076 52.594495844000051)","Unfall 214935 (2021) Kat:3, Licht: 0","214935","3","2","5","09","15","7","","0","0","1","0","0"
"POINT (13.307747304000031 52.505745908000051)","Unfall 214936 (2021) Kat:3, Licht: 0","214936","3","5","1","08","17","4","","0","1","1","0","0"
"POINT (13.157860290000031 52.543100554000034)","Unfall 214937 (2021) Kat:3, Licht: 0","214937","3","2","5","08","10","6","","0","0","1","0","0"
"POINT (13.442709863000061 52.465180700000076)","Unfall 214938 (2021) Kat:3, Licht: 2","214938","3","6","2","09","21","5","","2","0","1","0","0"
"POINT (13.408409658000039 52.552465723000068)","Unfall 214939 (2021) Kat:3, Licht: 1","214939","3","3","5","09","18","4","","1","0","1","0","0"
"POINT (13.287295319000066 52.588831142000060)","Unfall 214940 (2021) Kat:3, Licht: 0","214940","3","4","6","09","09","6","","0","0","1","1","0"
"POINT (13.398932597000055 52.508226521000040)","Unfall 214941 (2021) Kat:3, Licht: 1","214941","3","3","5","09","05","5","","1","1","1","0","0"
"POINT (13.411020114000053 52.567173514000046)","Unfall 214942 (2021) Kat:3, Licht: 0","214942","3","5","0","08","12","2","","0","1","1","0","0"
"POINT (13.313209975000063 52.501731861000053)","Unfall 214943 (2021) Kat:2, Licht: 2","214943","2","5","1","09","19","1","","2","0","1","0","0"
"POINT (13.517593688000034 52.467445108000049)","Unfall 214944 (2021) Kat:3, Licht: 0","214944","3","2","5","09","15","5","","0","0","1","0","0"
"POINT (13.323844970000039 52.495098362000078)","Unfall 214945 (2021) Kat:3, Licht: 0","214945","3","2","2","09","15","2","","0","1","1","0","0"
"POINT (13.435848815000043 52.482107302000031)","Unfall 214946 (2021) Kat:3, Licht: 0","214946","3","3","5","09","15","5","","0","1","1","0","0"
"POINT (13.462259560000064 52.510887228000058)","Unfall 214947 (2021) Kat:3, Licht: 2","214947","3","5","1","09","02","1","","2","0","1","0","0"
"POINT (13.380630549000045 52.518207818000064)","Unfall 214948 (2021) Kat:3, Licht: 0","214948","3","3","5","09","14","3","","0","1","1","0","0"
"POINT (13.469524978000038 52.494599804000075)","Unfall 214949 (2021) Kat:3, Licht: 0","214949","3","2","5","09","16","5","","0","1","1","0","0"
"POINT (13.373584941000047 52.511407064000082)","Unfall 214950 (2021) Kat:3, Licht: 2","214950","3","1","0","09","23","6","","2","1","0","0","0"
"POINT (13.332630161000054 52.506303150000065)","Unfall 214951 (2021) Kat:3, Licht: 0","214951","3","4","0","08","12","3","","0","0","0","1","0"
"POINT (13.487291681000045 52.475710283000069)","Unfall 214952 (2021) Kat:3, Licht: 0","214952","3","4","0","08","17","5","","0","0","0","1","0"
"POINT (13.358080447000077 52.556585898000037)","Unfall 214953 (2021) Kat:3, Licht: 0","214953","3","7","5","09","12","4","","0","0","1","0","0"
"POINT (13.426344302000075 52.477547716000061)","Unfall 214954 (2021) Kat:3, Licht: 0","214954","3","2","5","09","18","6","","0","1","1","0","0"
"POINT (13.506891045000032 52.628371504000029)","Unfall 214955 (2021) Kat:3, Licht: 0","214955","3","3","5","09","08","2","","0","0","1","0","0"
"POINT (13.453780016000053 52.465242890000070)","Unfall 214956 (2021) Kat:3, Licht: 0","214956","3","3","5","08","16","4","","0","1","1","0","0"
"POINT (13.496565028000077 52.515794312000082)","Unfall 214957 (2021) Kat:3, Licht: 0","214957","3","3","5","08","18","7","","0","0","1","0","0"
"POINT (13.491272706000075 52.469070864000059)","Unfall 214958 (2021) Kat:3, Licht: 2","214958","3","2","5","09","20","5","","2","0","0","0","0"
"POINT (13.342227139000045 52.441162961000032)","Unfall 214959 (2021) Kat:3, Licht: 0","214959","3","6","3","09","12","5","","0","1","1","0","0"
"POINT (13.523191197000074 52.460715478000054)","Unfall 214960 (2021) Kat:3, Licht: 0","214960","3","3","5","09","09","7","","0","0","1","0","1"
"POINT (13.405924913000035 52.531109590000028)","Unfall 214961 (2021) Kat:3, Licht: 0","214961","3","7","5","09","08","5","","0","1","1","0","0"
"POINT (13.357470029000069 52.499613837000027)","Unfall 214962 (2021) Kat:3, Licht: 0","214962","3","5","1","08","14","1","","0","1","1","0","0"
"POINT (13.342035092000060 52.429192561000036)","Unfall 214963 (2021) Kat:3, Licht: 1","214963","3","5","1","09","18","1","","1","0","1","0","1"
"POINT (13.351567817000046 52.440177633000076)","Unfall 214964 (2021) Kat:3, Licht: 0","214964","3","2","5","09","16","1","","0","1","1","0","0"
"POINT (13.311987162000037 52.568086051000080)","Unfall 214965 (2021) Kat:3, Licht: 0","214965","3","2","5","09","17","4","","0","1","1","0","0"
"POINT (13.354388771000060 52.430074718000071)","Unfall 214966 (2021) Kat:2, Licht: 0","214966","2","6","2","09","09","7","","0","0","1","0","0"
"POINT (13.446068374000049 52.484429252000041)","Unfall 214967 (2021) Kat:3, Licht: 0","214967","3","5","1","09","09","3","","0","0","1","0","0"
"POINT (13.406776279000042 52.393768273000035)","Unfall 214968 (2021) Kat:3, Licht: 2","214968","3","2","5","09","20","5","","2","0","1","0","0"
"POINT (13.510054881000030 52.453615869000032)","Unfall 214969 (2021) Kat:3, Licht: 0","214969","3","1","0","09","15","7","","0","0","0","0","1"
"POINT (13.404608143000075 52.540596545000028)","Unfall 214970 (2021) Kat:2, Licht: 0","214970","2","2","5","08","16","4","","0","1","1","0","0"
"POINT (13.364757722000036 52.585114607000037)","Unfall 214971 (2021) Kat:3, Licht: 0","214971","3","3","0","08","07","5","","0","0","1","0","1"
"POINT (13.370871097000077 52.492663540000081)","Unfall 214972 (2021) Kat:3, Licht: 0","214972","3","2","5","09","17","4","","0","1","0","0","0"
"POINT (13.313986070000055 52.481136187000061)","Unfall 214973 (2021) Kat:3, Licht: 0","214973","3","1","0","09","15","4","","0","0","0","0","1"
"POINT (13.400693989000047 52.529602194000063)","Unfall 214974 (2021) Kat:3, Licht: 0","214974","3","7","6","09","10","6","","0","0","1","1","0"
"POINT (13.460998898000071 52.529711881000026)","Unfall 214975 (2021) Kat:3, Licht: 0","214975","3","2","5","09","12","5","","0","0","1","0","0"
"POINT (13.395206893000022 52.546129641000050)","Unfall 214976 (2021) Kat:2, Licht: 2","214976","2","3","5","08","21","7","","2","1","1","0","0"
"POINT (13.333721744000059 52.508758663000037)","Unfall 214977 (2021) Kat:3, Licht: 0","214977","3","6","3","09","15","7","","0","1","0","0","0"
"POINT (13.401016441000024 52.518327873000032)","Unfall 214978 (2021) Kat:3, Licht: 0","214978","3","6","2","09","13","4","","0","0","1","0","0"
"POINT (13.218516600000044 52.508869231000062)","Unfall 214979 (2021) Kat:3, Licht: 0","214979","3","2","5","09","14","6","","0","1","1","0","0"
"POINT (13.367173486000070 52.467155083000080)","Unfall 214980 (2021) Kat:3, Licht: 2","214980","3","3","5","09","22","2","","2","1","0","0","0"
"POINT (13.346159178000050 52.544952487000046)","Unfall 214981 (2021) Kat:3, Licht: 0","214981","3","5","1","09","14","4","","0","0","1","0","0"
"POINT (13.371190438000042 52.569628980000061)","Unfall 214982 (2021) Kat:3, Licht: 0","214982","3","5","1","09","17","6","","0","0","1","0","0"
"POINT (13.438690137000037 52.448118705000070)","Unfall 214983 (2021) Kat:3, Licht: 0","214983","3","2","5","08","10","3","","0","1","1","0","0"
"POINT (13.602272625000069 52.536057967000033)","Unfall 214984 (2021) Kat:3, Licht: 0","214984","3","3","5","08","09","5","","0","0","1","0","0"
"POINT (13.293847991000064 52.497524372000044)","Unfall 214985 (2021) Kat:3, Licht: 0","214985","3","2","5","09","07","3","","0","1","1","0","0"
"POINT (13.317514451000022 52.491401079000070)","Unfall 214986 (2021) Kat:2, Licht: 1","214986","2","6","3","09","06","3","","1","1","0","0","0"
"POINT (13.488563539000040 52.518389123000077)","Unfall 214987 (2021) Kat:3, Licht: 0","214987","3","3","5","09","12","3","","0","0","1","0","0"
"POINT (13.311956006000059 52.489631416000066)","Unfall 214988 (2021) Kat:3, Licht: 2","214988","3","5","2","10","18","6","","2","0","1","0","1"
"POINT (13.603386107000063 52.530430914000078)","Unfall 214989 (2021) Kat:3, Licht: 0","214989","3","7","6","09","11","6","","0","0","0","1","0"
"POINT (13.492154276000065 52.516320729000029)","Unfall 214990 (2021) Kat:3, Licht: 2","214990","3","3","5","08","20","3","","2","0","1","0","0"
"POINT (13.341602066000064 52.505854220000060)","Unfall 214991 (2021) Kat:3, Licht: 0","214991","3","1","8","09","13","1","","0","0","1","0","0"
"POINT (13.464352306000023 52.470200637000062)","Unfall 214992 (2021) Kat:3, Licht: 0","214992","3","2","5","09","12","2","","0","1","1","0","0"
"POINT (13.416244113000062 52.511058244000026)","Unfall 214993 (2021) Kat:3, Licht: 2","214993","3","2","5","08","22","1","","2","0","1","0","0"
"POINT (13.699437875000058 52.435925049000048)","Unfall 214994 (2021) Kat:3, Licht: 0","214994","3","3","5","08","07","2","","0","1","1","0","0"
"POINT (13.546386812000037 52.426427308000029)","Unfall 214995 (2021) Kat:3, Licht: 0","214995","3","2","5","09","11","5","","0","1","1","0","0"
"POINT (13.493335043000059 52.514474947000053)","Unfall 214996 (2021) Kat:3, Licht: 0","214996","3","2","2","09","14","6","","0","0","1","0","1"
"POINT (13.441387063000036 52.531938429000036)","Unfall 214997 (2021) Kat:3, Licht: 0","214997","3","2","5","08","15","2","","0","1","1","0","0"
"POINT (13.409126551000043 52.501786702000061)","Unfall 214998 (2021) Kat:3, Licht: 0","214998","3","2","6","09","16","3","","0","0","1","1","0"
"POINT (13.324997582000037 52.461252596000065)","Unfall 214999 (2021) Kat:2, Licht: 2","214999","2","1","0","09","00","3","","2","1","0","0","0"
"POINT (13.339703967000048 52.595845244000031)","Unfall 215000 (2021) Kat:3, Licht: 2","215000","3","6","2","08","20","1","","2","0","1","0","0"
"POINT (13.430070027000056 52.503540468000040)","Unfall 215001 (2021) Kat:2, Licht: 0","215001","2","3","5","09","09","3","","0","0","0","0","0"
"POINT (13.329636582000035 52.451245190000066)","Unfall 215002 (2021) Kat:3, Licht: 0","215002","3","1","8","09","16","4","","0","0","1","0","0"
"POINT (13.365882086000056 52.525329727000042)","Unfall 215003 (2021) Kat:3, Licht: 0","215003","3","3","5","09","09","6","","0","1","0","0","0"
"POINT (13.618356949000031 52.455465693000065)","Unfall 215004 (2021) Kat:3, Licht: 0","215004","3","6","2","09","14","1","","0","0","1","0","0"
"POINT (13.320617487000050 52.456699804000039)","Unfall 215005 (2021) Kat:3, Licht: 2","215005","3","4","6","08","22","4","","2","0","0","1","1"
"POINT (13.246794068000042 52.513788379000061)","Unfall 215006 (2021) Kat:3, Licht: 0","215006","3","6","2","08","08","6","","0","0","1","0","0"
"POINT (13.349695970000028 52.542173095000066)","Unfall 215007 (2021) Kat:2, Licht: 0","215007","2","3","5","09","15","5","","0","0","1","0","0"
"POINT (13.367951947000051 52.418960976000051)","Unfall 215008 (2021) Kat:2, Licht: 0","215008","2","3","5","09","11","5","","0","0","1","0","1"
"POINT (13.472466351000037 52.449495870000078)","Unfall 215009 (2021) Kat:3, Licht: 1","215009","3","7","6","09","17","6","","1","0","1","1","0"
"POINT (13.414502044000074 52.552808655000035)","Unfall 215010 (2021) Kat:3, Licht: 0","215010","3","6","2","09","13","5","","0","0","1","0","0"
"POINT (13.425302059000046 52.480825645000039)","Unfall 215011 (2021) Kat:3, Licht: 0","215011","3","3","5","08","18","7","","0","1","0","0","1"
"POINT (13.198958072000039 52.542690074000063)","Unfall 215012 (2021) Kat:2, Licht: 0","215012","2","6","2","09","11","2","","0","0","1","0","0"
"POINT (13.329727305000063 52.523732760000030)","Unfall 215013 (2021) Kat:2, Licht: 0","215013","2","3","5","09","09","5","","0","0","1","0","0"
"POINT (13.478712621000057 52.529100041000049)","Unfall 215014 (2021) Kat:2, Licht: 2","215014","2","1","0","09","02","1","","2","0","0","0","0"
"POINT (13.313675069000055 52.484182079000050)","Unfall 215015 (2021) Kat:3, Licht: 0","215015","3","3","5","09","13","5","","0","0","0","0","1"
"POINT (13.362194015000057 52.497931137000080)","Unfall 215016 (2021) Kat:3, Licht: 1","215016","3","2","5","09","19","7","","1","1","1","0","0"
"POINT (13.167144607000068 52.420549411000081)","Unfall 215017 (2021) Kat:2, Licht: 0","215017","2","2","5","09","16","3","","0","1","1","0","0"
"POINT (13.431942550000031 52.466431163000038)","Unfall 215018 (2021) Kat:3, Licht: 2","215018","3","2","2","09","04","5","","2","0","1","1","0"
"POINT (13.387182275000043 52.526649089000045)","Unfall 215019 (2021) Kat:2, Licht: 0","215019","2","1","0","09","14","7","","0","1","0","0","0"
"POINT (13.388818822000076 52.517087549000053)","Unfall 215020 (2021) Kat:3, Licht: 0","215020","3","2","2","08","19","3","","0","0","1","0","1"
"POINT (13.409337679000032 52.499609246000034)","Unfall 215021 (2021) Kat:2, Licht: 0","215021","2","7","6","08","12","5","","0","0","1","1","0"
"POINT (13.296698392000053 52.594660017000081)","Unfall 215022 (2021) Kat:3, Licht: 0","215022","3","7","5","09","10","4","","0","1","1","0","0"
"POINT (13.452342239000075 52.527562706000026)","Unfall 215023 (2021) Kat:1, Licht: 1","215023","1","3","5","09","19","3","","1","0","0","1","0"
"POINT (13.423844305000046 52.538316917000031)","Unfall 215024 (2021) Kat:3, Licht: 0","215024","3","2","5","09","11","6","","0","1","0","0","0"
"POINT (13.454745100000025 52.528123179000033)","Unfall 215025 (2021) Kat:3, Licht: 0","215025","3","6","2","09","17","5","","0","0","1","0","0"
"POINT (13.326253115000043 52.538003981000031)","Unfall 215026 (2021) Kat:3, Licht: 0","215026","3","2","5","08","08","6","","0","0","1","0","0"
"POINT (13.307903716000055 52.488607061000039)","Unfall 215027 (2021) Kat:2, Licht: 0","215027","2","2","5","09","18","7","","0","0","1","0","1"
"POINT (13.564219852000065 52.503683221000074)","Unfall 215028 (2021) Kat:3, Licht: 0","215028","3","7","2","08","14","3","","0","1","1","0","0"
"POINT (13.553074179000077 52.434010923000073)","Unfall 215029 (2021) Kat:3, Licht: 0","215029","3","3","5","09","17","6","","0","0","1","0","0"
"POINT (13.459076728000070 52.501193708000073)","Unfall 215030 (2021) Kat:3, Licht: 2","215030","3","3","0","09","20","2","","2","1","0","0","1"
"POINT (13.603696437000053 52.478934311000046)","Unfall 215031 (2021) Kat:3, Licht: 0","215031","3","2","5","08","16","5","","0","1","1","0","0"
"POINT (13.589618144000042 52.509181405000049)","Unfall 215032 (2021) Kat:3, Licht: 0","215032","3","3","5","08","11","2","","0","0","1","0","0"
"POINT (13.386095518000047 52.538819010000054)","Unfall 215033 (2021) Kat:3, Licht: 0","215033","3","3","5","09","08","6","","0","0","1","0","0"
"POINT (13.411647305000031 52.523962021000045)","Unfall 215034 (2021) Kat:3, Licht: 0","215034","3","2","6","08","15","2","","0","0","1","1","0"
"POINT (13.546746354000049 52.426488016000064)","Unfall 215035 (2021) Kat:3, Licht: 0","215035","3","6","2","09","10","4","","0","0","1","0","0"
"POINT (13.507101788000057 52.463241245000063)","Unfall 215036 (2021) Kat:3, Licht: 0","215036","3","3","5","09","09","4","","0","1","1","0","0"
"POINT (13.328713716000038 52.465292098000077)","Unfall 215037 (2021) Kat:3, Licht: 0","215037","3","7","6","09","18","3","","0","0","0","1","1"
"POINT (13.339431388000037 52.503135345000032)","Unfall 215038 (2021) Kat:3, Licht: 2","215038","3","2","5","10","00","6","","2","0","1","0","0"
"POINT (13.441929885000036 52.504277887000057)","Unfall 215039 (2021) Kat:2, Licht: 2","215039","2","6","2","09","23","6","","2","0","1","0","0"
"POINT (13.517195121000043 52.535476209000080)","Unfall 215040 (2021) Kat:3, Licht: 0","215040","3","2","5","08","09","3","","0","0","1","0","0"
"POINT (13.439100544000041 52.512410205000037)","Unfall 215041 (2021) Kat:3, Licht: 0","215041","3","3","5","09","15","4","","0","1","1","0","0"
"POINT (13.176854699000046 52.548948739000082)","Unfall 215042 (2021) Kat:3, Licht: 0","215042","3","3","5","09","13","6","","0","0","1","0","0"
"POINT (13.312578022000025 52.506430686000044)","Unfall 215043 (2021) Kat:3, Licht: 0","215043","3","2","5","09","18","5","","0","1","1","0","0"
"POINT (13.157873028000040 52.533038015000045)","Unfall 215044 (2021) Kat:3, Licht: 0","215044","3","7","0","08","12","7","","0","0","0","0","1"
"POINT (13.266551388000039 52.497714985000073)","Unfall 215045 (2021) Kat:3, Licht: 0","215045","3","7","1","09","10","7","","0","0","1","0","0"
"POINT (13.345285707000073 52.436738605000073)","Unfall 215046 (2021) Kat:3, Licht: 0","215046","3","6","0","09","19","5","","0","0","1","0","0"
"POINT (13.519207511000047 52.513605165000058)","Unfall 215047 (2021) Kat:2, Licht: 0","215047","2","2","6","09","15","4","","0","0","0","1","0"
"POINT (13.221807170000034 52.536913809000055)","Unfall 215048 (2021) Kat:3, Licht: 0","215048","3","2","2","09","10","7","","0","0","1","0","0"
"POINT (13.442010618000040 52.501250549000076)","Unfall 215049 (2021) Kat:3, Licht: 2","215049","3","7","2","09","19","3","","2","0","1","0","1"
"POINT (13.465906944000039 52.496954727000059)","Unfall 215050 (2021) Kat:3, Licht: 0","215050","3","7","5","09","15","6","","0","1","1","0","0"
"POINT (13.295691384000065 52.519489563000036)","Unfall 215051 (2021) Kat:3, Licht: 0","215051","3","7","5","08","14","3","","0","1","1","0","0"
"POINT (13.322219340000061 52.495539718000032)","Unfall 215052 (2021) Kat:3, Licht: 0","215052","3","2","6","09","10","4","","0","0","0","1","0"
"POINT (13.405881388000068 52.489513897000052)","Unfall 215053 (2021) Kat:3, Licht: 0","215053","3","2","5","09","07","3","","0","1","1","0","0"
"POINT (13.382556156000021 52.555863233000082)","Unfall 215054 (2021) Kat:3, Licht: 2","215054","3","6","0","09","19","3","","2","0","1","0","1"
"POINT (13.406379028000060 52.502592059000051)","Unfall 215055 (2021) Kat:3, Licht: 0","215055","3","3","5","10","08","6","","0","0","1","0","1"
"POINT (13.351158593000036 52.509636700000044)","Unfall 215056 (2021) Kat:3, Licht: 0","215056","3","2","5","09","10","6","","0","1","0","0","0"
"POINT (13.319803427000068 52.471684187000051)","Unfall 215057 (2021) Kat:3, Licht: 0","215057","3","6","2","08","13","3","","0","0","1","0","1"
"POINT (13.427854401000047 52.473939849000033)","Unfall 215058 (2021) Kat:3, Licht: 0","215058","3","5","1","09","15","7","","0","0","1","0","0"
"POINT (13.172550631000036 52.560675110000034)","Unfall 215059 (2021) Kat:3, Licht: 0","215059","3","3","5","09","16","2","","0","1","0","0","1"
"POINT (13.389452388000052 52.555310828000074)","Unfall 215060 (2021) Kat:3, Licht: 0","215060","3","2","6","08","10","7","","0","0","1","1","0"
"POINT (13.404310571000053 52.521764343000029)","Unfall 215061 (2021) Kat:3, Licht: 0","215061","3","3","5","10","10","6","","0","1","0","0","0"
"POINT (13.397520908000047 52.423847951000027)","Unfall 215062 (2021) Kat:2, Licht: 0","215062","2","3","5","08","06","2","","0","0","1","0","0"
"POINT (13.331088942000065 52.495150450000040)","Unfall 215063 (2021) Kat:3, Licht: 0","215063","3","3","5","09","11","5","","0","1","1","0","0"
"POINT (13.510596906000046 52.464115985000035)","Unfall 215064 (2021) Kat:3, Licht: 0","215064","3","6","3","09","15","7","","0","0","1","0","1"
"POINT (13.404280960000051 52.581486945000051)","Unfall 215065 (2021) Kat:3, Licht: 0","215065","3","2","5","09","09","6","","0","1","1","0","0"
"POINT (13.426181589000066 52.480974288000027)","Unfall 215066 (2021) Kat:3, Licht: 0","215066","3","2","5","08","13","2","","0","0","1","0","1"
"POINT (13.358588822000058 52.536509073000047)","Unfall 215067 (2021) Kat:3, Licht: 2","215067","3","6","4","09","06","3","","2","1","0","0","0"
"POINT (13.201753426000039 52.534550778000039)","Unfall 215068 (2021) Kat:2, Licht: 1","215068","2","1","0","09","17","3","","1","0","0","0","0"
"POINT (13.460114599000065 52.512365420000037)","Unfall 215069 (2021) Kat:2, Licht: 2","215069","2","1","0","08","04","1","","2","1","0","0","0"
"POINT (13.261173625000026 52.508082257000069)","Unfall 215070 (2021) Kat:3, Licht: 0","215070","3","3","5","09","12","2","","0","0","1","0","1"
"POINT (13.301204558000052 52.616505845000063)","Unfall 215071 (2021) Kat:2, Licht: 0","215071","2","3","5","09","11","4","","0","0","1","0","1"
"POINT (13.384501589000024 52.459339661000058)","Unfall 215072 (2021) Kat:2, Licht: 0","215072","2","2","6","09","09","6","","0","0","1","1","0"
"POINT (13.557537398000022 52.527390028000070)","Unfall 215073 (2021) Kat:3, Licht: 0","215073","3","2","5","09","15","1","","0","1","1","0","0"
"POINT (13.430422265000061 52.499203165000040)","Unfall 215074 (2021) Kat:3, Licht: 2","215074","3","3","5","08","21","4","","2","1","1","0","0"
"POINT (13.575380520000067 52.447487901000045)","Unfall 215075 (2021) Kat:2, Licht: 0","215075","2","1","0","08","17","6","","0","1","0","0","0"
"POINT (13.433783961000074 52.549570563000032)","Unfall 215076 (2021) Kat:3, Licht: 0","215076","3","2","5","09","18","5","","0","1","1","0","0"
"POINT (13.332197541000028 52.506031820000032)","Unfall 215077 (2021) Kat:3, Licht: 2","215077","3","2","5","09","00","4","","2","0","1","0","0"
"POINT (13.359220419000053 52.536803227000064)","Unfall 215078 (2021) Kat:3, Licht: 2","215078","3","7","5","09","21","6","","2","0","1","0","0"
"POINT (13.351077058000044 52.549781620000033)","Unfall 215079 (2021) Kat:3, Licht: 2","215079","3","4","6","09","20","5","","2","1","0","1","0"
"POINT (13.322545224000066 52.499870654000063)","Unfall 215080 (2021) Kat:3, Licht: 0","215080","3","5","1","08","14","7","","0","1","1","0","0"
"POINT (13.351266596000073 52.509565036000026)","Unfall 215081 (2021) Kat:3, Licht: 0","215081","3","1","0","09","14","2","","0","0","0","0","1"
"POINT (13.565633340000034 52.570434961000046)","Unfall 215082 (2021) Kat:3, Licht: 2","215082","3","2","5","09","20","1","","2","0","1","0","0"
"POINT (13.526956855000037 52.486581856000043)","Unfall 215083 (2021) Kat:3, Licht: 0","215083","3","2","5","09","12","5","","0","0","1","0","0"
"POINT (13.475512788000060 52.502662613000041)","Unfall 215084 (2021) Kat:3, Licht: 2","215084","3","1","0","09","22","7","","2","0","0","0","1"
"POINT (13.541021508000028 52.435515393000060)","Unfall 215085 (2021) Kat:3, Licht: 0","215085","3","2","2","09","07","3","","0","1","1","0","0"
"POINT (13.385779531000026 52.465728962000071)","Unfall 215086 (2021) Kat:2, Licht: 2","215086","2","2","6","09","23","5","","2","0","1","1","0"
"POINT (13.291285647000052 52.497129632000053)","Unfall 215087 (2021) Kat:3, Licht: 0","215087","3","2","0","09","17","6","","0","1","1","0","0"
"POINT (13.382603851000056 52.530455678000067)","Unfall 215088 (2021) Kat:3, Licht: 0","215088","3","4","6","08","14","3","","0","0","0","1","0"
"POINT (13.287829490000036 52.590115818000072)","Unfall 215089 (2021) Kat:3, Licht: 0","215089","3","1","0","08","09","5","","0","1","1","0","0"
"POINT (13.445569403000036 52.501692551000076)","Unfall 215090 (2021) Kat:3, Licht: 0","215090","3","6","3","09","09","4","","0","0","1","0","1"
"POINT (13.248245402000066 52.524198363000039)","Unfall 215091 (2021) Kat:3, Licht: 0","215091","3","6","3","09","10","4","","0","0","1","0","0"
"POINT (13.410446084000057 52.503796598000065)","Unfall 215092 (2021) Kat:2, Licht: 2","215092","2","2","5","09","23","5","","2","1","1","0","0"
"POINT (13.377445801000022 52.482104235000065)","Unfall 215093 (2021) Kat:3, Licht: 0","215093","3","2","5","09","15","5","","0","0","1","0","0"
"POINT (13.300411932000031 52.569926930000065)","Unfall 215094 (2021) Kat:3, Licht: 1","215094","3","6","3","08","07","6","","1","0","1","0","0"
"POINT (13.418203212000037 52.515408511000032)","Unfall 215095 (2021) Kat:3, Licht: 0","215095","3","2","5","09","09","1","","0","1","1","0","0"
"POINT (13.417126961000065 52.605485614000031)","Unfall 215096 (2021) Kat:3, Licht: 0","215096","3","2","5","09","15","5","","0","0","1","0","1"
"POINT (13.410295242000075 52.503784153000026)","Unfall 215097 (2021) Kat:3, Licht: 0","215097","3","3","5","08","13","3","","0","0","1","0","0"
"POINT (13.326421723000067 52.478725848000067)","Unfall 215098 (2021) Kat:3, Licht: 0","215098","3","7","2","09","13","6","","0","0","1","0","1"
"POINT (13.217621327000074 52.611304917000041)","Unfall 215099 (2021) Kat:2, Licht: 0","215099","2","1","0","09","13","2","","0","0","0","0","1"
"POINT (13.243202005000057 52.543794076000040)","Unfall 215100 (2021) Kat:3, Licht: 1","215100","3","3","5","08","06","6","","1","0","1","0","0"
"POINT (13.410803449000070 52.444730147000030)","Unfall 215101 (2021) Kat:3, Licht: 0","215101","3","3","5","08","11","2","","0","0","1","0","0"
"POINT (13.185484663000068 52.547316311000031)","Unfall 215102 (2021) Kat:3, Licht: 0","215102","3","6","3","09","15","4","","0","0","0","0","0"
"POINT (13.400122092000061 52.459139667000045)","Unfall 215103 (2021) Kat:3, Licht: 0","215103","3","2","5","09","15","6","","0","0","1","0","0"
"POINT (13.294229058000042 52.533074718000080)","Unfall 215104 (2021) Kat:3, Licht: 0","215104","3","6","0","08","08","2","","0","0","1","0","0"
"POINT (13.267127870000024 52.483766317000061)","Unfall 215105 (2021) Kat:3, Licht: 0","215105","3","7","0","09","13","2","","0","0","1","0","0"
"POINT (13.392131446000064 52.486748458000079)","Unfall 215106 (2021) Kat:3, Licht: 0","215106","3","2","5","09","07","3","","0","0","1","0","0"
"POINT (13.380427546000021 52.532683449000046)","Unfall 215107 (2021) Kat:3, Licht: 0","215107","3","7","6","09","12","3","","0","0","0","0","0"
"POINT (13.357045217000064 52.523551201000032)","Unfall 215108 (2021) Kat:3, Licht: 0","215108","3","2","5","09","13","7","","0","0","1","0","0"
"POINT (13.424771954000050 52.543664582000076)","Unfall 215109 (2021) Kat:3, Licht: 0","215109","3","5","1","08","09","3","","0","1","0","0","0"
"POINT (13.496670016000053 52.507318283000075)","Unfall 215110 (2021) Kat:3, Licht: 0","215110","3","6","2","09","15","2","","0","1","0","0","0"