WKT,Name,OBJECTID,UKATEGORIE,UTYP1,UART,UMONAT,USTUNDE,UWOCHENTAG,STRZUSTAND,ULICHTVERH,ISTRAD,ISTPKW,ISTFUSS,ISTKRAD
"POINT (13.390317442000025 52.555545511000048)","Unfall 215111 (2021) Kat:3, Licht: 0","215111","3","2","5","08","07","4","","0","1","1","0","0"
"POINT (13.354874594000023 52.551805467000065)","Unfall 215112 (2021) Kat:3, Licht: 0","215112","3","4","6","08","17","7","","0","0","1","1","0"
"POINT (13.365952547000063 52.525177940000049)","Unfall 215113 (2021) Kat:3, Licht: 0","215113","3","2","5","09","18","5","","0","1","1","0","0"
"POINT (13.479805551000027 52.553285448000054)","Unfall 215114 (2021) Kat:3, Licht: 2","215114","3","2","5","09","21","4","","2","0","1","0","0"
"POINT (13.454353295000033 52.521965770000065)","Unfall 215115 (2021) Kat:3, Licht: 0","215115","3","5","1","09","12","7","","0","1","1","0","0"
"POINT (13.363273092000043 52.434785674000068)","Unfall 215116 (2021) Kat:3, Licht: 0","215116","3","2","5","09","08","6","","0","1","1","0","0"
"POINT (13.385313977000067 52.498864392000030)","Unfall 215117 (2021) Kat:3, Licht: 0","215117","3","3","5","08","09","1","","0","0","1","0","0"
"POINT (13.446674613000027 52.478374094000060)","Unfall 215118 (2021) Kat:3, Licht: 0","215118","3","6","2","09","17","2","","0","0","1","0","1"
"POINT (13.332461336000051 52.506055069000070)","Unfall 215119 (2021) Kat:3, Licht: 0","215119","3","2","5","09","11","2","","0","1","1","0","0"
"POINT (13.217444280000052 52.537777689000052)","Unfall 215120 (2021) Kat:3, Licht: 0","215120","3","2","5","09","18","4","","0","1","1","0","0"
"POINT (13.391035269000042 52.544797613000071)","Unfall 215121 (2021) Kat:3, Licht: 0","215121","3","6","2","09","09","2","","0","0","1","0","0"
"POINT (13.309973221000064 52.478938062000054)","Unfall 215122 (2021) Kat:3, Licht: 0","215122","3","2","5","09","07","3","","0","1","1","0","0"
"POINT (13.333983789000058 52.589720826000075)","Unfall 215123 (2021) Kat:3, Licht: 2","215123","3","2","6","09","21","5","","2","0","1","1","0"
"POINT (13.391829586000028 52.510438834000070)","Unfall 215124 (2021) Kat:3, Licht: 0","215124","3","2","5","09","17","7","","0","1","1","0","0"
"POINT (13.412212802000056 52.515831215000048)","Unfall 215125 (2021) Kat:2, Licht: 2","215125","2","4","6","08","22","4","","2","0","1","1","0"
"POINT (13.458004228000050 52.509455203000073)","Unfall 215126 (2021) Kat:3, Licht: 0","215126","3","3","5","08","09","6","","0","1","1","0","0"
"POINT (13.416254303000073 52.511055781000039)","Unfall 215127 (2021) Kat:2, Licht: 0","215127","2","3","5","09","18","4","","0","1","1","0","0"
"POINT (13.291601340000057 52.606072078000068)","Unfall 215128 (2021) Kat:3, Licht: 0","215128","3","3","5","09","08","4","","0","0","1","0","0"
"POINT (13.471083790000023 52.539075081000078)","Unfall 215129 (2021) Kat:3, Licht: 0","215129","3","2","2","09","12","5","","0","0","1","0","1"
"POINT (13.395553533000054 52.538736077000067)","Unfall 215130 (2021) Kat:3, Licht: 0","215130","3","6","2","09","17","1","","0","1","1","0","0"
"POINT (13.517879397000058 52.571604597000032)","Unfall 215131 (2021) Kat:3, Licht: 0","215131","3","4","6","09","15","1","","0","0","1","1","0"
"POINT (13.489596053000071 52.467678453000076)","Unfall 215132 (2021) Kat:3, Licht: 0","215132","3","4","6","08","11","7","","0","0","1","1","0"
"POINT (13.551679108000030 52.428522557000065)","Unfall 215133 (2021) Kat:3, Licht: 1","215133","3","2","5","09","07","5","","1","1","1","0","0"
"POINT (13.577243270000054 52.513154423000060)","Unfall 215134 (2021) Kat:3, Licht: 0","215134","3","2","5","09","14","5","","0","1","1","0","0"
"POINT (13.419930385000043 52.459884451000050)","Unfall 215135 (2021) Kat:3, Licht: 0","215135","3","2","1","09","11","1","","0","0","1","0","0"
"POINT (13.289876239000023 52.458064818000082)","Unfall 215136 (2021) Kat:3, Licht: 0","215136","3","2","5","09","17","6","","0","1","1","0","0"
"POINT (13.438525777000052 52.452592250000066)","Unfall 215137 (2021) Kat:3, Licht: 0","215137","3","2","5","08","19","2","","0","0","1","0","0"
"POINT (13.371558072000028 52.492530156000043)","Unfall 215138 (2021) Kat:3, Licht: 0","215138","3","4","6","09","17","3","","0","0","1","1","0"
"POINT (13.407151247000058 52.415755243000035)","Unfall 215139 (2021) Kat:3, Licht: 0","215139","3","3","5","09","08","3","","0","1","1","0","0"
"POINT (13.591958377000026 52.545845457000041)","Unfall 215140 (2021) Kat:3, Licht: 0","215140","3","2","5","09","12","5","","0","1","1","0","0"
"POINT (13.466553781000073 52.501092878000065)","Unfall 215141 (2021) Kat:2, Licht: 0","215141","2","6","2","09","08","2","","0","0","1","0","0"
"POINT (13.586920389000056 52.548971288000075)","Unfall 215142 (2021) Kat:3, Licht: 0","215142","3","4","6","09","13","4","","0","0","1","1","0"
"POINT (13.384081153000068 52.495210110000073)","Unfall 215143 (2021) Kat:3, Licht: 0","215143","3","2","5","09","15","6","","0","1","1","0","0"
"POINT (13.343450432000054 52.471156086000065)","Unfall 215144 (2021) Kat:3, Licht: 0","215144","3","1","0","09","08","5","","0","0","0","0","0"
"POINT (13.312258677000045 52.567917909000073)","Unfall 215145 (2021) Kat:3, Licht: 0","215145","3","6","2","09","12","6","","0","0","1","0","0"
"POINT (13.324871293000058 52.502524743000038)","Unfall 215146 (2021) Kat:3, Licht: 0","215146","3","5","1","08","17","4","","0","0","1","0","0"
"POINT (13.500282003000052 52.548165811000047)","Unfall 215147 (2021) Kat:2, Licht: 0","215147","2","1","0","08","15","6","","0","0","0","0","1"
"POINT (13.279424449000032 52.538039643000047)","Unfall 215148 (2021) Kat:3, Licht: 0","215148","3","2","2","09","17","4","","0","0","1","0","0"
"POINT (13.317190523000022 52.568944769000041)","Unfall 215149 (2021) Kat:3, Licht: 0","215149","3","7","5","09","08","5","","0","1","1","0","0"
"POINT (13.208696078000060 52.562466489000030)","Unfall 215150 (2021) Kat:3, Licht: 0","215150","3","5","1","09","14","7","","0","0","1","0","0"
"POINT (13.588744276000057 52.539324405000059)","Unfall 215151 (2021) Kat:3, Licht: 0","215151","3","2","2","09","06","6","","0","0","1","0","1"
"POINT (13.354682405000062 52.517043653000030)","Unfall 215152 (2021) Kat:3, Licht: 0","215152","3","7","5","08","15","1","","0","0","1","0","1"
"POINT (13.498579517000053 52.410384617000034)","Unfall 215153 (2021) Kat:3, Licht: 0","215153","3","3","5","09","18","1","","0","0","1","0","0"
"POINT (13.436824376000061 52.465161385000044)","Unfall 215154 (2021) Kat:3, Licht: 0","215154","3","2","5","09","16","2","","0","0","1","0","0"
"POINT (13.332422497000039 52.576778464000029)","Unfall 215155 (2021) Kat:2, Licht: 0","215155","2","4","6","08","15","3","","0","1","0","1","0"
"POINT (13.430540076000057 52.499262278000060)","Unfall 215156 (2021) Kat:3, Licht: 0","215156","3","2","3","09","18","7","","0","0","1","0","1"
"POINT (13.311993890000053 52.517808496000043)","Unfall 215157 (2021) Kat:2, Licht: 0","215157","2","4","6","09","16","3","","0","0","1","1","0"
"POINT (13.443628355000044 52.464231191000067)","Unfall 215158 (2021) Kat:3, Licht: 2","215158","3","5","1","09","21","5","","2","1","1","0","0"
"POINT (13.364960738000036 52.499424781000073)","Unfall 215159 (2021) Kat:3, Licht: 0","215159","3","7","6","09","16","6","","0","1","0","1","0"
"POINT (13.428818731000035 52.579332852000050)","Unfall 215160 (2021) Kat:2, Licht: 0","215160","2","6","3","08","19","3","","0","1","0","0","0"
"POINT (13.378214516000071 52.451991415000066)","Unfall 215161 (2021) Kat:3, Licht: 0","215161","3","3","5","08","17","5","","0","1","0","0","0"
"POINT (13.502286731000027 52.637559251000027)","Unfall 215162 (2021) Kat:1, Licht: 0","215162","1","7","0","09","11","4","","0","1","0","0","0"
"POINT (13.591433324000036 52.531360474000053)","Unfall 215163 (2021) Kat:3, Licht: 0","215163","3","4","6","09","15","4","","0","0","0","1","0"
"POINT (13.590304174000039 52.529547246000050)","Unfall 215164 (2021) Kat:3, Licht: 0","215164","3","2","5","09","15","6","","0","1","1","0","0"
"POINT (13.338986456000043 52.464524386000051)","Unfall 215165 (2021) Kat:3, Licht: 0","215165","3","2","5","09","16","4","","0","1","1","0","0"
"POINT (13.180202025000028 52.534017720000065)","Unfall 215166 (2021) Kat:3, Licht: 1","215166","3","3","5","08","06","5","","1","0","1","0","0"
"POINT (13.490269539000053 52.526566997000032)","Unfall 215167 (2021) Kat:3, Licht: 0","215167","3","5","1","09","14","1","","0","1","0","0","0"
"POINT (13.435670859000027 52.491672420000043)","Unfall 215168 (2021) Kat:2, Licht: 0","215168","2","2","5","09","16","5","","0","1","0","0","0"
"POINT (13.218545249000044 52.525238087000048)","Unfall 215169 (2021) Kat:3, Licht: 0","215169","3","7","6","08","07","3","","0","0","0","1","0"
"POINT (13.404893893000065 52.504738963000079)","Unfall 215170 (2021) Kat:3, Licht: 2","215170","3","3","0","09","21","7","","2","1","1","0","0"
"POINT (13.444853214000034 52.487143737000054)","Unfall 215171 (2021) Kat:3, Licht: 0","215171","3","5","1","09","12","2","","0","1","1","0","0"
"POINT (13.591890919000036 52.545664044000034)","Unfall 215172 (2021) Kat:3, Licht: 0","215172","3","2","5","08","11","6","","0","1","1","0","0"
"POINT (13.420408987000030 52.542105833000051)","Unfall 215173 (2021) Kat:3, Licht: 0","215173","3","6","2","08","14","2","","0","0","1","0","0"
"POINT (13.489605528000027 52.512098401000060)","Unfall 215174 (2021) Kat:3, Licht: 0","215174","3","6","4","09","16","4","","0","1","0","0","0"
"POINT (13.343056519000072 52.504841671000065)","Unfall 215175 (2021) Kat:3, Licht: 0","215175","3","4","6","09","15","6","","0","0","1","1","0"
"POINT (13.478773449000073 52.537816638000038)","Unfall 215176 (2021) Kat:3, Licht: 1","215176","3","6","3","08","07","3","","1","0","1","0","1"
"POINT (13.389932782000074 52.504468121000059)","Unfall 215177 (2021) Kat:3, Licht: 2","215177","3","5","1","09","22","2","","2","0","1","0","0"
"POINT (13.476689148000048 52.500950213000067)","Unfall 215178 (2021) Kat:3, Licht: 0","215178","3","3","5","09","15","3","","0","1","0","0","1"
"POINT (13.567608197000027 52.445018681000079)","Unfall 215179 (2021) Kat:3, Licht: 0","215179","3","6","2","09","18","3","","0","1","0","0","0"
"POINT (13.346702625000034 52.501450075000037)","Unfall 215180 (2021) Kat:2, Licht: 0","215180","2","7","0","09","17","4","","0","1","0","0","0"
"POINT (13.364806825000073 52.428334012000050)","Unfall 215181 (2021) Kat:3, Licht: 0","215181","3","6","2","09","10","7","","0","0","1","0","0"
"POINT (13.430418033000024 52.511370762000070)","Unfall 215182 (2021) Kat:3, Licht: 0","215182","3","3","5","09","16","5","","0","1","1","0","0"
"POINT (13.281352187000039 52.483000070000060)","Unfall 215183 (2021) Kat:3, Licht: 2","215183","3","1","8","09","23","7","","2","0","1","0","0"
"POINT (13.277807692000067 52.506813071000067)","Unfall 215184 (2021) Kat:3, Licht: 0","215184","3","6","4","08","15","4","","0","1","0","0","0"
"POINT (13.174306524000031 52.560241722000058)","Unfall 215185 (2021) Kat:2, Licht: 0","215185","2","2","5","08","14","7","","0","0","1","0","1"
"POINT (13.455897916000026 52.473846748000028)","Unfall 215186 (2021) Kat:2, Licht: 2","215186","2","2","5","09","19","5","","2","0","1","0","1"
"POINT (13.240509216000021 52.511923548000027)","Unfall 215187 (2021) Kat:3, Licht: 0","215187","3","3","5","09","17","4","","0","0","1","0","0"
"POINT (13.422306848000062 52.505449390000081)","Unfall 215188 (2021) Kat:3, Licht: 0","215188","3","3","5","09","07","6","","0","0","1","0","1"
"POINT (13.298927839000044 52.598626094000053)","Unfall 215189 (2021) Kat:3, Licht: 0","215189","3","5","1","09","07","6","","0","0","1","0","0"
"POINT (13.410541659000046 52.551609442000029)","Unfall 215190 (2021) Kat:3, Licht: 0","215190","3","7","0","08","07","2","","0","0","0","1","0"
"POINT (13.347554456000069 52.515523948000066)","Unfall 215191 (2021) Kat:2, Licht: 0","215191","2","3","5","09","08","2","","0","1","0","0","0"
"POINT (13.464079949000052 52.481868023000061)","Unfall 215192 (2021) Kat:2, Licht: 0","215192","2","2","5","09","14","2","","0","0","0","0","1"
"POINT (13.522845991000054 52.566270416000066)","Unfall 215193 (2021) Kat:2, Licht: 2","215193","2","4","0","09","21","4","","2","0","0","1","0"
"POINT (13.559372931000041 52.442337741000074)","Unfall 215194 (2021) Kat:2, Licht: 0","215194","2","6","0","09","14","1","","0","0","1","0","1"
"POINT (13.320317027000044 52.429947898000080)","Unfall 215195 (2021) Kat:3, Licht: 0","215195","3","6","2","09","13","3","","0","0","1","0","0"
"POINT (13.333454633000031 52.429939083000079)","Unfall 215196 (2021) Kat:3, Licht: 0","215196","3","2","3","09","09","5","","0","1","1","0","0"
"POINT (13.456154305000041 52.509913821000055)","Unfall 215197 (2021) Kat:3, Licht: 0","215197","3","7","5","09","15","7","","0","0","1","0","1"
"POINT (13.443963300000064 52.500118047000058)","Unfall 215198 (2021) Kat:3, Licht: 0","215198","3","3","5","08","16","4","","0","0","1","0","0"
"POINT (13.429610387000025 52.517534956000077)","Unfall 215199 (2021) Kat:2, Licht: 2","215199","2","1","0","08","00","6","","2","0","0","0","0"
"POINT (13.392943183000057 52.527502744000060)","Unfall 215200 (2021) Kat:3, Licht: 0","215200","3","2","5","09","17","4","","0","1","1","0","0"
"POINT (13.484018518000028 52.463238459000081)","Unfall 215201 (2021) Kat:3, Licht: 0","215201","3","3","5","09","10","4","","0","1","1","0","0"
"POINT (13.418286864000038 52.544367766000050)","Unfall 215202 (2021) Kat:3, Licht: 2","215202","3","7","1","09","23","5","","2","1","1","0","0"
"POINT (13.407657884000059 52.573910129000069)","Unfall 215203 (2021) Kat:3, Licht: 0","215203","3","3","0","09","17","5","","0","1","1","0","0"
"POINT (13.583912930000054 52.524359012000048)","Unfall 215204 (2021) Kat:3, Licht: 0","215204","3","2","5","08","13","7","","0","1","1","0","0"
"POINT (13.472802555000044 52.464791001000037)","Unfall 215205 (2021) Kat:3, Licht: 0","215205","3","6","3","09","11","1","","0","0","1","0","1"
"POINT (13.426151809000032 52.515901108000037)","Unfall 215206 (2021) Kat:2, Licht: 2","215206","2","3","5","09","23","5","","2","1","1","0","0"
"POINT (13.228862414000048 52.537919849000048)","Unfall 215207 (2021) Kat:3, Licht: 0","215207","3","2","5","09","14","4","","0","0","1","0","0"
"POINT (13.358017887000074 52.535335414000031)","Unfall 215208 (2021) Kat:3, Licht: 2","215208","3","7","6","09","21","7","","2","0","1","1","0"
"POINT (13.459032312000033 52.526127003000056)","Unfall 215209 (2021) Kat:3, Licht: 0","215209","3","2","6","09","16","3","","0","0","1","1","0"
"POINT (13.455885915000067 52.473852668000063)","Unfall 215210 (2021) Kat:3, Licht: 0","215210","3","7","5","09","12","3","","0","0","1","0","1"
"POINT (13.520005959000059 52.525834513000063)","Unfall 215211 (2021) Kat:3, Licht: 0","215211","3","2","5","09","18","6","","0","1","1","0","0"
"POINT (13.398961732000032 52.508228402000043)","Unfall 215212 (2021) Kat:3, Licht: 1","215212","3","3","5","08","19","3","","1","1","1","0","0"
"POINT (13.448650111000063 52.452375135000068)","Unfall 215213 (2021) Kat:3, Licht: 0","215213","3","6","3","08","10","5","","0","0","0","0","1"
"POINT (13.486642472000028 52.502182442000048)","Unfall 215214 (2021) Kat:3, Licht: 0","215214","3","6","2","09","07","3","","0","0","1","0","0"
"POINT (13.392921463000050 52.527466702000027)","Unfall 215215 (2021) Kat:3, Licht: 0","215215","3","3","5","09","11","4","","0","1","1","0","0"
"POINT (13.376296207000053 52.535994670000036)","Unfall 215216 (2021) Kat:3, Licht: 0","215216","3","4","6","09","10","3","","0","0","1","1","0"
"POINT (13.300857688000065 52.420721821000029)","Unfall 215217 (2021) Kat:2, Licht: 0","215217","2","6","2","10","11","6","","0","0","1","0","0"
"POINT (13.360398074000045 52.490384719000076)","Unfall 215218 (2021) Kat:3, Licht: 0","215218","3","2","5","09","16","6","","0","1","1","0","0"
"POINT (13.545400692000044 52.525857245000054)","Unfall 215219 (2021) Kat:3, Licht: 0","215219","3","1","0","09","17","5","","0","1","0","0","0"
"POINT (13.384276263000061 52.484987999000055)","Unfall 215220 (2021) Kat:3, Licht: 0","215220","3","6","3","08","18","3","","0","0","1","0","1"
"POINT (13.452345294000054 52.481293351000033)","Unfall 215221 (2021) Kat:3, Licht: 2","215221","3","3","5","09","21","1","","2","0","1","0","0"
"POINT (13.295802198000047 52.451024382000071)","Unfall 215222 (2021) Kat:2, Licht: 0","215222","2","2","5","09","11","2","","0","1","1","0","0"
"POINT (13.427431926000054 52.536172569000030)","Unfall 215223 (2021) Kat:3, Licht: 0","215223","3","2","5","08","13","6","","0","1","1","0","0"
"POINT (13.278864333000058 52.630014087000063)","Unfall 215224 (2021) Kat:3, Licht: 0","215224","3","6","2","09","13","5","","0","0","1","0","0"
"POINT (13.279873568000028 52.439664405000030)","Unfall 215225 (2021) Kat:3, Licht: 0","215225","3","3","5","08","11","7","","0","1","1","0","0"
"POINT (13.389702391000071 52.495915035000053)","Unfall 215226 (2021) Kat:3, Licht: 0","215226","3","2","5","09","13","1","","0","1","1","0","0"
"POINT (13.454229525000073 52.482488607000050)","Unfall 215227 (2021) Kat:3, Licht: 0","215227","3","2","2","09","16","4","","0","0","1","0","1"
"POINT (13.358431529000029 52.500967558000070)","Unfall 215228 (2021) Kat:3, Licht: 2","215228","3","6","2","09","00","1","","2","1","1","0","0"
"POINT (13.348614978000057 52.453810624000027)","Unfall 215229 (2021) Kat:3, Licht: 0","215229","3","5","1","09","07","3","","0","1","1","0","0"
"POINT (13.306997234000050 52.555078169000069)","Unfall 215230 (2021) Kat:3, Licht: 2","215230","3","2","5","09","19","4","","2","0","1","0","0"
"POINT (13.459103243000072 52.440434891000052)","Unfall 215231 (2021) Kat:3, Licht: 0","215231","3","3","5","09","18","6","","0","1","1","0","0"
"POINT (13.430352830000061 52.551276585000039)","Unfall 215232 (2021) Kat:3, Licht: 0","215232","3","6","3","08","14","3","","0","0","1","0","0"
"POINT (13.387442548000024 52.533412423000073)","Unfall 215233 (2021) Kat:2, Licht: 0","215233","2","3","5","08","12","5","","0","0","1","0","1"
"POINT (13.182902744000046 52.485691681000048)","Unfall 215234 (2021) Kat:3, Licht: 1","215234","3","1","0","09","19","3","","1","1","0","0","0"
"POINT (13.460846272000026 52.512242458000060)","Unfall 215235 (2021) Kat:3, Licht: 0","215235","3","5","1","09","12","4","","0","1","1","0","0"
"POINT (13.588862960000029 52.539333188000057)","Unfall 215236 (2021) Kat:2, Licht: 0","215236","2","2","5","09","18","3","","0","0","1","0","1"
"POINT (13.360337671000025 52.537246786000026)","Unfall 215237 (2021) Kat:3, Licht: 2","215237","3","2","5","09","20","6","","2","1","1","0","0"
"POINT (13.372092943000041 52.455603543000052)","Unfall 215238 (2021) Kat:3, Licht: 0","215238","3","3","5","09","16","5","","0","0","1","0","0"
"POINT (13.561920166000050 52.509962994000034)","Unfall 215239 (2021) Kat:3, Licht: 0","215239","3","6","2","09","13","7","","0","0","1","0","0"
"POINT (13.411041008000041 52.503496061000078)","Unfall 215240 (2021) Kat:3, Licht: 0","215240","3","2","5","09","13","2","","0","1","1","0","0"
"POINT (13.288056511000036 52.588887290000059)","Unfall 215241 (2021) Kat:3, Licht: 0","215241","3","3","5","08","11","6","","0","1","0","0","0"
"POINT (13.403718664000053 52.551408701000071)","Unfall 215242 (2021) Kat:2, Licht: 2","215242","2","1","8","08","19","2","","2","0","1","0","0"
"POINT (13.314302063000071 52.515048117000049)","Unfall 215243 (2021) Kat:3, Licht: 2","215243","3","7","1","09","00","4","","2","0","1","0","0"
"POINT (13.475782399000025 52.533023176000029)","Unfall 215244 (2021) Kat:2, Licht: 0","215244","2","2","5","09","15","6","","0","1","0","0","0"
"POINT (13.328553724000074 52.474350404000063)","Unfall 215245 (2021) Kat:3, Licht: 0","215245","3","6","2","08","08","3","","0","0","1","0","0"
"POINT (13.486945380000066 52.422826985000029)","Unfall 215246 (2021) Kat:3, Licht: 0","215246","3","3","5","09","14","3","","0","0","1","0","1"
"POINT (13.442667241000038 52.551057771000046)","Unfall 215247 (2021) Kat:3, Licht: 0","215247","3","2","2","09","14","3","","0","0","1","0","0"
"POINT (13.316841558000021 52.425803517000077)","Unfall 215248 (2021) Kat:3, Licht: 1","215248","3","2","5","09","20","2","","1","1","0","0","0"
"POINT (13.448085895000077 52.564708526000061)","Unfall 215249 (2021) Kat:3, Licht: 0","215249","3","6","2","09","10","4","","0","0","1","0","0"
"POINT (13.477207688000021 52.462223783000070)","Unfall 215250 (2021) Kat:3, Licht: 0","215250","3","3","5","09","14","5","","0","1","1","0","0"
"POINT (13.470981523000034 52.531808886000078)","Unfall 215251 (2021) Kat:3, Licht: 0","215251","3","6","3","09","15","1","","0","0","1","0","0"
"POINT (13.345338695000066 52.436658256000044)","Unfall 215252 (2021) Kat:2, Licht: 0","215252","2","6","4","08","16","4","","0","1","0","0","0"
"POINT (13.227235906000033 52.549470772000063)","Unfall 215253 (2021) Kat:3, Licht: 0","215253","3","2","5","08","19","6","","0","0","1","0","0"
"POINT (13.257662139000047 52.451349481000079)","Unfall 215254 (2021) Kat:2, Licht: 0","215254","2","7","6","09","12","5","","0","1","1","1","0"
"POINT (13.353481135000038 52.502200498000036)","Unfall 215255 (2021) Kat:3, Licht: 0","215255","3","7","2","09","17","4","","0","0","0","0","0"
"POINT (13.325501346000067 52.509369270000036)","Unfall 215256 (2021) Kat:3, Licht: 0","215256","3","4","6","09","09","6","","0","1","0","1","0"
"POINT (13.416964801000063 52.526157358000034)","Unfall 215257 (2021) Kat:3, Licht: 0","215257","3","6","2","09","09","5","","0","0","1","0","0"
"POINT (13.177977676000069 52.539286192000077)","Unfall 215258 (2021) Kat:3, Licht: 0","215258","3","1","0","08","07","2","","0","0","0","0","1"
"POINT (13.294304115000045 52.514210189000039)","Unfall 215259 (2021) Kat:3, Licht: 2","215259","3","1","0","09","03","1","","2","0","0","0","0"
"POINT (13.338098980000041 52.526453843000070)","Unfall 215260 (2021) Kat:3, Licht: 0","215260","3","6","2","09","17","2","","0","0","1","0","0"
"POINT (13.379760691000058 52.552920074000042)","Unfall 215261 (2021) Kat:3, Licht: 0","215261","3","7","6","09","13","5","","0","1","0","1","0"
"POINT (13.416460883000070 52.547285806000048)","Unfall 215262 (2021) Kat:3, Licht: 0","215262","3","5","0","09","17","7","","0","0","0","1","0"
"POINT (13.309662923000076 52.431321454000056)","Unfall 215263 (2021) Kat:3, Licht: 2","215263","3","2","5","09","21","3","","2","0","1","0","1"
"POINT (13.491293625000026 52.502605539000058)","Unfall 215264 (2021) Kat:3, Licht: 2","215264","3","4","6","09","19","4","","2","0","1","1","0"
"POINT (13.309582891000048 52.506591472000082)","Unfall 215265 (2021) Kat:2, Licht: 2","215265","2","6","4","09","21","6","","2","1","0","0","0"
"POINT (13.377394995000031 52.514569554000047)","Unfall 215266 (2021) Kat:3, Licht: 0","215266","3","7","7","08","12","3","","0","0","0","0","1"
"POINT (13.141540619000068 52.532346991000054)","Unfall 215267 (2021) Kat:3, Licht: 0","215267","3","2","6","08","07","6","","0","0","1","1","0"
"POINT (13.302930048000064 52.412453057000050)","Unfall 215268 (2021) Kat:3, Licht: 0","215268","3","5","1","09","13","4","","0","0","1","0","0"
"POINT (13.447132247000070 52.427011873000026)","Unfall 215269 (2021) Kat:3, Licht: 0","215269","3","2","0","09","07","4","","0","1","1","0","0"
"POINT (13.350702357000046 52.496578763000059)","Unfall 215270 (2021) Kat:3, Licht: 2","215270","3","5","1","09","23","5","","2","1","1","0","0"
"POINT (13.310751357000072 52.495070154000075)","Unfall 215271 (2021) Kat:3, Licht: 0","215271","3","2","5","09","16","5","","0","1","1","0","0"
"POINT (13.578405139000040 52.457516010000063)","Unfall 215272 (2021) Kat:3, Licht: 0","215272","3","6","0","08","15","7","","0","0","1","0","0"
"POINT (13.467312616000072 52.468587039000056)","Unfall 215273 (2021) Kat:3, Licht: 2","215273","3","2","6","09","20","7","","2","0","1","1","0"
"POINT (13.335330091000060 52.504028325000036)","Unfall 215274 (2021) Kat:3, Licht: 0","215274","3","7","6","09","11","5","","0","0","1","1","0"
"POINT (13.428281733000063 52.545539557000041)","Unfall 215275 (2021) Kat:2, Licht: 0","215275","2","6","3","09","13","4","","0","0","1","0","1"
"POINT (13.340264508000075 52.436156287000074)","Unfall 215276 (2021) Kat:2, Licht: 0","215276","2","3","5","09","14","6","","0","1","1","0","0"
"POINT (13.391151703000048 52.536207228000080)","Unfall 215277 (2021) Kat:3, Licht: 0","215277","3","2","0","09","06","3","","0","1","1","0","0"
"POINT (13.416060728000048 52.490971852000030)","Unfall 215278 (2021) Kat:3, Licht: 0","215278","3","2","5","09","16","3","","0","0","1","0","0"
"POINT (13.379748815000028 52.441638529000045)","Unfall 215279 (2021) Kat:2, Licht: 0","215279","2","5","1","09","10","6","","0","0","1","0","0"
"POINT (13.464166454000065 52.472474794000050)","Unfall 215280 (2021) Kat:3, Licht: 0","215280","3","3","5","08","17","2","","0","1","1","0","0"
"POINT (13.452803289000030 52.489767833000030)","Unfall 215281 (2021) Kat:3, Licht: 0","215281","3","4","6","09","10","4","","0","0","1","1","0"
"POINT (13.433808908000060 52.489768788000049)","Unfall 215282 (2021) Kat:3, Licht: 0","215282","3","4","6","09","16","3","","0","0","0","1","0"
"POINT (13.157801084000027 52.543000104000043)","Unfall 215283 (2021) Kat:3, Licht: 0","215283","3","2","5","09","17","3","","0","1","1","0","0"
"POINT (13.430139810000071 52.609643380000080)","Unfall 215284 (2021) Kat:3, Licht: 1","215284","3","4","6","09","06","5","","1","0","1","1","0"
"POINT (13.323185680000051 52.487393941000050)","Unfall 215285 (2021) Kat:3, Licht: 0","215285","3","2","5","09","10","6","","0","1","1","0","0"
"POINT (13.197707456000046 52.532280234000041)","Unfall 215286 (2021) Kat:2, Licht: 0","215286","2","4","6","08","17","3","","0","0","0","1","0"
"POINT (13.346317900000031 52.405910573000028)","Unfall 215287 (2021) Kat:2, Licht: 2","215287","2","5","1","09","21","1","","2","0","1","0","0"
"POINT (13.526145944000064 52.423784251000029)","Unfall 215288 (2021) Kat:3, Licht: 0","215288","3","2","5","09","16","2","","0","1","1","0","0"
"POINT (13.379009111000073 52.552919363000058)","Unfall 215289 (2021) Kat:3, Licht: 2","215289","3","1","9","08","03","1","","2","0","1","0","0"
"POINT (13.499877426000069 52.440265278000027)","Unfall 215290 (2021) Kat:2, Licht: 0","215290","2","4","6","10","12","6","","0","0","1","1","0"
"POINT (13.339549124000030 52.503246340000032)","Unfall 215291 (2021) Kat:3, Licht: 2","215291","3","2","6","08","20","1","","2","0","1","1","0"
"POINT (13.399076379000064 52.494558260000076)","Unfall 215292 (2021) Kat:2, Licht: 2","215292","2","7","0","09","02","5","","2","1","0","0","0"
"POINT (13.202604418000021 52.523763519000056)","Unfall 215293 (2021) Kat:3, Licht: 0","215293","3","3","5","09","15","7","","0","0","1","0","1"
"POINT (13.359477460000051 52.523291103000076)","Unfall 215294 (2021) Kat:2, Licht: 0","215294","2","2","5","09","12","6","","0","1","1","0","0"
"POINT (13.480436087000044 52.499097329000051)","Unfall 215295 (2021) Kat:3, Licht: 1","215295","3","6","2","08","05","2","","1","0","1","0","0"
"POINT (13.398282754000036 52.568818659000044)","Unfall 215296 (2021) Kat:3, Licht: 1","215296","3","5","1","09","18","2","","1","1","1","0","0"
"POINT (13.454637178000041 52.474641916000053)","Unfall 215297 (2021) Kat:3, Licht: 0","215297","3","2","5","09","08","3","","0","1","1","0","0"