WKT,Name,OBJECTID,UKATEGORIE,UTYP1,UART,UMONAT,USTUNDE,UWOCHENTAG,STRZUSTAND,ULICHTVERH,ISTRAD,ISTPKW,ISTFUSS,ISTKRAD
"POINT (13.596686472000044 52.524593331000062)","Unfall 215298 (2021) Kat:3, Licht: 2","215298","3","3","5","08","19","1","","2","0","1","0","0"
"POINT (13.342421003000027 52.504747667000061)","Unfall 215299 (2021) Kat:3, Licht: 0","215299","3","7","0","09","11","2","","0","0","1","0","1"
"POINT (13.247015802000021 52.543896195000059)","Unfall 215300 (2021) Kat:3, Licht: 0","215300","3","6","2","09","16","3","","0","0","1","0","1"
"POINT (13.288247247000072 52.495748347000074)","Unfall 215301 (2021) Kat:3, Licht: 0","215301","3","5","1","09","15","5","","0","0","1","0","0"
"POINT (13.420218025000054 52.542070809000052)","Unfall 215302 (2021) Kat:3, Licht: 2","215302","3","1","0","09","03","1","","2","0","0","0","0"
"POINT (13.381776951000063 52.396945386000027)","Unfall 215303 (2021) Kat:2, Licht: 0","215303","2","1","0","08","11","3","","0","0","0","0","0"
"POINT (13.479369844000075 52.520407683000030)","Unfall 215304 (2021) Kat:3, Licht: 0","215304","3","1","0","08","17","5","","0","1","0","0","0"
"POINT (13.370427576000054 52.534257313000069)","Unfall 215305 (2021) Kat:3, Licht: 0","215305","3","2","5","09","14","5","","0","1","1","0","0"
"POINT (13.439311441000029 52.482185230000027)","Unfall 215306 (2021) Kat:3, Licht: 2","215306","3","5","1","09","20","4","","2","1","1","0","0"
"POINT (13.596352764000073 52.547838377000062)","Unfall 215307 (2021) Kat:3, Licht: 0","215307","3","6","2","09","17","6","","0","0","1","0","0"
"POINT (13.311622760000034 52.523319987000036)","Unfall 215308 (2021) Kat:3, Licht: 0","215308","3","3","5","09","09","6","","0","1","1","0","0"
"POINT (13.519704602000047 52.578602274000048)","Unfall 215309 (2021) Kat:2, Licht: 0","215309","2","3","5","08","10","7","","0","0","1","0","0"
"POINT (13.579251242000055 52.563559936000047)","Unfall 215310 (2021) Kat:3, Licht: 0","215310","3","6","2","09","15","1","","0","0","1","0","0"
"POINT (13.310768255000028 52.489150392000056)","Unfall 215311 (2021) Kat:3, Licht: 0","215311","3","7","5","09","12","2","","0","0","1","0","0"
"POINT (13.412095026000031 52.543142202000070)","Unfall 215312 (2021) Kat:3, Licht: 0","215312","3","2","0","09","09","4","","0","1","1","0","0"
"POINT (13.393584915000076 52.498113209000053)","Unfall 215313 (2021) Kat:2, Licht: 0","215313","2","6","3","08","13","1","","0","0","1","0","0"
"POINT (13.323853115000077 52.456090062000044)","Unfall 215314 (2021) Kat:2, Licht: 1","215314","2","2","5","09","20","4","","1","1","0","0","1"
"POINT (13.372200553000027 52.455493871000044)","Unfall 215315 (2021) Kat:3, Licht: 1","215315","3","3","5","09","17","6","","1","0","1","0","0"
"POINT (13.389045415000055 52.515673890000073)","Unfall 215316 (2021) Kat:3, Licht: 0","215316","3","2","5","08","08","3","","0","1","1","0","0"
"POINT (13.405264279000050 52.490521416000036)","Unfall 215317 (2021) Kat:3, Licht: 0","215317","3","3","5","09","09","2","","0","1","0","0","0"
"POINT (13.482648807000032 52.539196988000072)","Unfall 215318 (2021) Kat:2, Licht: 2","215318","2","1","8","09","22","3","","2","0","1","0","0"
"POINT (13.351056907000043 52.504119725000066)","Unfall 215319 (2021) Kat:3, Licht: 0","215319","3","6","3","08","16","1","","0","0","1","0","0"
"POINT (13.385827181000025 52.485034732000031)","Unfall 215320 (2021) Kat:3, Licht: 0","215320","3","2","0","09","16","2","","0","1","1","0","0"
"POINT (13.320679915000028 52.456761342000050)","Unfall 215321 (2021) Kat:3, Licht: 0","215321","3","1","0","09","09","4","","0","0","0","0","1"
"POINT (13.199642908000044 52.535111415000074)","Unfall 215322 (2021) Kat:3, Licht: 0","215322","3","6","2","09","15","5","","0","0","0","0","1"
"POINT (13.312462959000072 52.503329256000029)","Unfall 215323 (2021) Kat:2, Licht: 2","215323","2","1","0","09","02","5","","2","0","0","0","0"
"POINT (13.442972178000048 52.471281386000044)","Unfall 215324 (2021) Kat:3, Licht: 1","215324","3","4","6","08","18","2","","1","0","1","1","0"
"POINT (13.180272818000049 52.509183821000079)","Unfall 215325 (2021) Kat:3, Licht: 0","215325","3","2","5","09","07","2","","0","1","1","0","0"
"POINT (13.209905805000062 52.550725635000049)","Unfall 215326 (2021) Kat:2, Licht: 0","215326","2","3","5","08","14","4","","0","0","0","0","0"
"POINT (13.428316022000047 52.473091655000076)","Unfall 215327 (2021) Kat:3, Licht: 0","215327","3","6","3","08","08","6","","0","0","1","0","0"
"POINT (13.287042770000028 52.575593402000038)","Unfall 215328 (2021) Kat:3, Licht: 0","215328","3","6","2","09","10","5","","0","0","1","0","0"
"POINT (13.499452922000046 52.547734025000068)","Unfall 215329 (2021) Kat:2, Licht: 0","215329","2","1","0","09","18","4","","0","0","0","0","1"
"POINT (13.342453970000065 52.517842755000061)","Unfall 215330 (2021) Kat:3, Licht: 2","215330","3","6","3","09","19","6","","2","0","1","0","1"
"POINT (13.441623209000056 52.481039405000047)","Unfall 215331 (2021) Kat:3, Licht: 0","215331","3","7","0","09","16","5","","0","0","1","0","1"
"POINT (13.457868227000063 52.512858627000071)","Unfall 215332 (2021) Kat:3, Licht: 0","215332","3","3","5","08","10","1","","0","0","1","0","0"
"POINT (13.315029434000053 52.524560267000027)","Unfall 215333 (2021) Kat:2, Licht: 0","215333","2","3","5","09","08","1","","0","1","1","0","0"
"POINT (13.199625902000037 52.534627310000076)","Unfall 215334 (2021) Kat:3, Licht: 1","215334","3","2","5","09","19","2","","1","0","1","0","0"
"POINT (13.426692675000027 52.481028645000038)","Unfall 215335 (2021) Kat:3, Licht: 2","215335","3","5","1","09","23","4","","2","1","1","0","0"
"POINT (13.514034730000049 52.462319141000080)","Unfall 215336 (2021) Kat:3, Licht: 0","215336","3","2","5","09","18","7","","0","1","1","0","0"
"POINT (13.309414479000054 52.500165790000040)","Unfall 215337 (2021) Kat:3, Licht: 0","215337","3","4","0","09","11","3","","0","0","0","1","0"
"POINT (13.468307799000058 52.499478735000082)","Unfall 215338 (2021) Kat:3, Licht: 0","215338","3","7","6","09","16","5","","0","0","0","1","0"
"POINT (13.351418381000030 52.571685534000039)","Unfall 215339 (2021) Kat:3, Licht: 2","215339","3","6","2","09","20","7","","2","1","1","0","0"
"POINT (13.254390707000027 52.506792271000052)","Unfall 215340 (2021) Kat:3, Licht: 0","215340","3","3","5","08","12","3","","0","0","1","0","1"
"POINT (13.325207207000062 52.573781065000048)","Unfall 215341 (2021) Kat:3, Licht: 0","215341","3","4","6","08","14","5","","0","0","1","1","0"
"POINT (13.432135825000046 52.499317225000027)","Unfall 215342 (2021) Kat:2, Licht: 0","215342","2","3","5","09","12","4","","0","0","1","0","1"
"POINT (13.346609385000022 52.568581538000046)","Unfall 215343 (2021) Kat:3, Licht: 0","215343","3","3","5","09","14","3","","0","1","1","0","0"
"POINT (13.358489142000053 52.501653806000036)","Unfall 215344 (2021) Kat:3, Licht: 0","215344","3","3","5","09","07","5","","0","1","1","0","0"
"POINT (13.409274409000034 52.501773994000075)","Unfall 215345 (2021) Kat:3, Licht: 0","215345","3","2","5","09","17","5","","0","0","1","0","1"
"POINT (13.485487285000033 52.523248735000038)","Unfall 215346 (2021) Kat:3, Licht: 0","215346","3","2","5","08","17","7","","0","0","1","0","1"
"POINT (13.509562227000060 52.573343322000028)","Unfall 215347 (2021) Kat:3, Licht: 0","215347","3","5","1","09","12","7","","0","1","1","0","0"
"POINT (13.296937467000078 52.590165405000050)","Unfall 215348 (2021) Kat:3, Licht: 0","215348","3","7","6","09","15","5","","0","0","0","1","0"
"POINT (13.404310757000076 52.533136897000077)","Unfall 215349 (2021) Kat:3, Licht: 0","215349","3","2","5","09","09","4","","0","1","1","0","0"
"POINT (13.390348381000024 52.507750075000047)","Unfall 215350 (2021) Kat:3, Licht: 2","215350","3","3","5","09","22","6","","2","0","1","0","0"
"POINT (13.315606338000066 52.443092998000054)","Unfall 215351 (2021) Kat:3, Licht: 0","215351","3","2","5","09","08","3","","0","1","1","0","0"
"POINT (13.464840965000064 52.433311805000073)","Unfall 215352 (2021) Kat:3, Licht: 0","215352","3","6","3","09","18","6","","0","1","1","0","0"
"POINT (13.267649507000044 52.407008527000073)","Unfall 215353 (2021) Kat:3, Licht: 2","215353","3","3","5","08","17","3","","2","0","1","0","1"
"POINT (13.405933839000056 52.534873444000027)","Unfall 215354 (2021) Kat:2, Licht: 0","215354","2","1","0","09","12","3","","0","1","0","0","0"
"POINT (13.535617263000063 52.570527081000080)","Unfall 215355 (2021) Kat:3, Licht: 0","215355","3","6","2","09","10","3","","0","0","1","0","0"
"POINT (13.298372504000042 52.422007114000053)","Unfall 215356 (2021) Kat:3, Licht: 0","215356","3","2","5","09","15","3","","0","1","1","0","0"
"POINT (13.482842304000030 52.526650034000056)","Unfall 215357 (2021) Kat:3, Licht: 2","215357","3","3","5","10","19","6","","2","0","1","0","0"
"POINT (13.355926017000058 52.457369531000040)","Unfall 215358 (2021) Kat:3, Licht: 0","215358","3","6","3","09","15","6","","0","1","1","0","0"
"POINT (13.406324092000034 52.415821402000063)","Unfall 215359 (2021) Kat:3, Licht: 0","215359","3","2","0","08","09","3","","0","1","1","0","0"
"POINT (13.653551551000021 52.416784923000080)","Unfall 215360 (2021) Kat:3, Licht: 0","215360","3","3","5","09","10","1","","0","1","1","0","0"
"POINT (13.411500584000066 52.582139958000027)","Unfall 215361 (2021) Kat:3, Licht: 0","215361","3","3","2","09","07","2","","0","1","1","0","0"
"POINT (13.402483876000076 52.523750682000070)","Unfall 215362 (2021) Kat:2, Licht: 0","215362","2","2","6","08","18","7","","0","1","0","1","0"
"POINT (13.519065180000041 52.508353803000034)","Unfall 215363 (2021) Kat:3, Licht: 0","215363","3","7","2","08","16","2","","0","0","1","0","0"
"POINT (13.331010319000029 52.493136986000081)","Unfall 215364 (2021) Kat:3, Licht: 0","215364","3","2","5","09","15","5","","0","0","1","0","1"
"POINT (13.538298427000029 52.554231756000036)","Unfall 215365 (2021) Kat:3, Licht: 0","215365","3","3","0","09","14","1","","0","0","1","0","0"
"POINT (13.476011763000031 52.425660524000079)","Unfall 215366 (2021) Kat:3, Licht: 1","215366","3","5","1","09","16","6","","1","0","1","0","0"
"POINT (13.457134060000044 52.512995729000068)","Unfall 215367 (2021) Kat:3, Licht: 0","215367","3","1","1","08","12","2","","0","0","0","0","0"
"POINT (13.395827670000074 52.454308439000044)","Unfall 215368 (2021) Kat:3, Licht: 0","215368","3","3","5","09","10","3","","0","0","1","0","0"
"POINT (13.553658575000043 52.544026655000039)","Unfall 215369 (2021) Kat:3, Licht: 2","215369","3","6","2","09","19","2","","2","0","1","0","0"
"POINT (13.390713469000048 52.584288487000038)","Unfall 215370 (2021) Kat:3, Licht: 0","215370","3","2","0","08","09","2","","0","1","0","0","1"
"POINT (13.432886093000036 52.517836771000077)","Unfall 215371 (2021) Kat:3, Licht: 0","215371","3","2","5","09","14","2","","0","1","0","0","0"
"POINT (13.406088686000032 52.554095623000080)","Unfall 215372 (2021) Kat:3, Licht: 0","215372","3","4","2","09","12","3","","0","0","1","1","0"
"POINT (13.444340853000028 52.557841223000082)","Unfall 215373 (2021) Kat:2, Licht: 0","215373","2","1","0","09","11","6","","0","0","1","0","0"
"POINT (13.204368714000054 52.540167118000056)","Unfall 215374 (2021) Kat:3, Licht: 0","215374","3","6","4","09","09","7","","0","0","0","0","0"
"POINT (13.407050017000074 52.547130419000041)","Unfall 215375 (2021) Kat:2, Licht: 0","215375","2","7","0","08","18","4","","0","0","0","0","0"
"POINT (13.577824210000074 52.547872476000066)","Unfall 215376 (2021) Kat:3, Licht: 0","215376","3","6","2","09","12","6","","0","0","1","0","1"
"POINT (13.382625739000048 52.551876901000071)","Unfall 215377 (2021) Kat:3, Licht: 0","215377","3","2","5","08","17","6","","0","1","1","0","0"
"POINT (13.154190433000053 52.521871155000042)","Unfall 215378 (2021) Kat:3, Licht: 2","215378","3","6","2","09","19","4","","2","0","1","0","0"
"POINT (13.347252657000070 52.553228008000076)","Unfall 215379 (2021) Kat:3, Licht: 2","215379","3","6","0","09","20","4","","2","0","1","0","1"
"POINT (13.203149188000054 52.523742050000067)","Unfall 215380 (2021) Kat:3, Licht: 0","215380","3","6","2","09","14","7","","0","0","1","0","1"
"POINT (13.379342872000052 52.490477392000059)","Unfall 215381 (2021) Kat:3, Licht: 2","215381","3","6","4","09","23","5","","2","1","0","0","0"
"POINT (13.376606215000038 52.485034467000048)","Unfall 215382 (2021) Kat:3, Licht: 0","215382","3","2","2","08","12","7","","0","0","1","0","1"
"POINT (13.435133558000075 52.470830301000035)","Unfall 215383 (2021) Kat:3, Licht: 0","215383","3","5","1","09","11","1","","0","1","1","0","0"
"POINT (13.280228341000054 52.518323658000043)","Unfall 215384 (2021) Kat:3, Licht: 0","215384","3","6","2","09","15","5","","0","0","1","0","1"
"POINT (13.394938796000076 52.503448838000054)","Unfall 215385 (2021) Kat:3, Licht: 0","215385","3","6","0","09","10","2","","0","0","1","0","1"
"POINT (13.506310636000023 52.437483279000048)","Unfall 215386 (2021) Kat:3, Licht: 0","215386","3","2","5","09","15","5","","0","1","1","0","0"
"POINT (13.423064864000025 52.551169815000037)","Unfall 215387 (2021) Kat:3, Licht: 0","215387","3","3","5","09","06","2","","0","1","1","0","0"
"POINT (13.497802019000062 52.509252430000060)","Unfall 215388 (2021) Kat:3, Licht: 0","215388","3","5","5","09","16","3","","0","0","1","0","1"
"POINT (13.458495734000053 52.473650656000075)","Unfall 215389 (2021) Kat:3, Licht: 2","215389","3","4","6","09","22","5","","2","0","1","1","0"
"POINT (13.391647616000057 52.522175578000031)","Unfall 215390 (2021) Kat:3, Licht: 0","215390","3","3","5","09","11","6","","0","0","1","0","0"
"POINT (13.411440720000030 52.582222356000045)","Unfall 215391 (2021) Kat:3, Licht: 0","215391","3","2","5","08","13","3","","0","1","1","0","0"
"POINT (13.385633418000054 52.465732072000037)","Unfall 215392 (2021) Kat:3, Licht: 2","215392","3","2","5","08","22","4","","2","0","1","0","0"
"POINT (13.438950609000074 52.480402914000081)","Unfall 215393 (2021) Kat:2, Licht: 0","215393","2","2","6","09","08","4","","0","0","0","1","0"
"POINT (13.319429629000069 52.501570707000042)","Unfall 215394 (2021) Kat:3, Licht: 0","215394","3","2","5","09","14","4","","0","0","1","0","1"
"POINT (13.446574919000057 52.502725110000029)","Unfall 215395 (2021) Kat:3, Licht: 0","215395","3","2","5","09","16","5","","0","1","1","0","0"
"POINT (13.347507702000030 52.553085006000060)","Unfall 215396 (2021) Kat:3, Licht: 0","215396","3","5","1","09","17","5","","0","1","1","0","0"
"POINT (13.377495664000037 52.571066937000069)","Unfall 215397 (2021) Kat:3, Licht: 2","215397","3","1","1","08","20","6","","2","0","1","0","1"
"POINT (13.280331632000070 52.630136572000026)","Unfall 215398 (2021) Kat:3, Licht: 2","215398","3","3","5","09","19","1","","2","0","1","0","0"
"POINT (13.358346478000044 52.545821287000081)","Unfall 215399 (2021) Kat:3, Licht: 0","215399","3","7","2","08","16","3","","0","0","1","0","0"
"POINT (13.346479323000040 52.530428067000059)","Unfall 215400 (2021) Kat:3, Licht: 0","215400","3","2","5","09","10","7","","0","1","1","0","0"
"POINT (13.315797260000068 52.574487690000069)","Unfall 215401 (2021) Kat:2, Licht: 0","215401","2","4","6","09","14","2","","0","0","1","1","0"
"POINT (13.570941567000034 52.389648687000033)","Unfall 215402 (2021) Kat:3, Licht: 0","215402","3","3","5","08","15","6","","0","1","1","0","0"
"POINT (13.431382583000072 52.467392816000029)","Unfall 215403 (2021) Kat:3, Licht: 0","215403","3","6","2","08","10","2","","0","0","1","0","0"
"POINT (13.346994208000069 52.497402102000081)","Unfall 215404 (2021) Kat:3, Licht: 2","215404","3","5","1","09","03","1","","2","0","1","0","0"
"POINT (13.347076582000057 52.437023567000040)","Unfall 215405 (2021) Kat:3, Licht: 0","215405","3","5","1","09","15","3","","0","1","1","0","0"
"POINT (13.300101094000070 52.586393175000069)","Unfall 215406 (2021) Kat:3, Licht: 0","215406","3","2","2","09","15","4","","0","1","0","0","0"
"POINT (13.335759432000032 52.541923922000080)","Unfall 215407 (2021) Kat:2, Licht: 1","215407","2","1","0","09","19","7","","1","0","0","0","0"
"POINT (13.323588808000068 52.521346771000026)","Unfall 215408 (2021) Kat:3, Licht: 0","215408","3","6","2","08","16","3","","0","0","1","0","0"
"POINT (13.605984599000067 52.535400896000056)","Unfall 215409 (2021) Kat:3, Licht: 0","215409","3","6","2","08","17","5","","0","0","1","0","0"
"POINT (13.442916060000073 52.570470047000072)","Unfall 215410 (2021) Kat:3, Licht: 0","215410","3","3","5","09","15","4","","0","1","1","0","0"
"POINT (13.482290431000024 52.424841757000081)","Unfall 215411 (2021) Kat:3, Licht: 0","215411","3","3","5","09","15","4","","0","1","1","0","0"
"POINT (13.248824891000027 52.551233457000080)","Unfall 215412 (2021) Kat:3, Licht: 0","215412","3","1","8","09","12","6","","0","0","0","0","0"
"POINT (13.397204788000067 52.500232408000045)","Unfall 215413 (2021) Kat:3, Licht: 0","215413","3","3","5","09","15","4","","0","1","1","0","0"
"POINT (13.537571580000076 52.418696948000047)","Unfall 215414 (2021) Kat:3, Licht: 0","215414","3","6","2","08","11","6","","0","0","1","0","0"
"POINT (13.419054027000072 52.555076510000049)","Unfall 215415 (2021) Kat:3, Licht: 0","215415","3","7","0","09","13","1","","0","0","0","0","1"
"POINT (13.477005859000030 52.520272139000042)","Unfall 215416 (2021) Kat:3, Licht: 0","215416","3","5","1","09","10","4","","0","1","1","0","0"
"POINT (13.345346965000033 52.529999317000033)","Unfall 215417 (2021) Kat:3, Licht: 2","215417","3","3","5","09","03","7","","2","0","1","0","0"
"POINT (13.428066024000032 52.492993700000056)","Unfall 215418 (2021) Kat:3, Licht: 0","215418","3","6","2","09","19","2","","0","0","1","0","0"
"POINT (13.354234720000022 52.565065117000074)","Unfall 215419 (2021) Kat:3, Licht: 0","215419","3","3","5","08","07","6","","0","1","1","0","0"
"POINT (13.520726173000071 52.568757550000043)","Unfall 215420 (2021) Kat:3, Licht: 0","215420","3","3","5","08","13","2","","0","0","1","0","0"
"POINT (13.188732718000040 52.546612177000043)","Unfall 215421 (2021) Kat:3, Licht: 0","215421","3","2","5","09","07","6","","0","1","1","0","0"
"POINT (13.371170239000037 52.511121667000054)","Unfall 215422 (2021) Kat:3, Licht: 0","215422","3","1","0","08","14","2","","0","0","0","0","1"
"POINT (13.198147517000052 52.532794680000052)","Unfall 215423 (2021) Kat:3, Licht: 2","215423","3","2","6","09","20","3","","2","0","1","1","0"
"POINT (13.378631482000060 52.527558173000045)","Unfall 215424 (2021) Kat:3, Licht: 0","215424","3","3","5","09","08","4","","0","1","1","0","0"
"POINT (13.331094818000054 52.493160839000041)","Unfall 215425 (2021) Kat:3, Licht: 0","215425","3","2","5","09","14","3","","0","1","1","0","0"
"POINT (13.275671157000033 52.507506022000030)","Unfall 215426 (2021) Kat:3, Licht: 0","215426","3","6","2","10","08","6","","0","0","1","0","1"
"POINT (13.285850640000035 52.594970504000059)","Unfall 215427 (2021) Kat:3, Licht: 2","215427","3","3","5","09","23","6","","2","0","1","0","0"
"POINT (13.488385751000067 52.451358065000079)","Unfall 215428 (2021) Kat:3, Licht: 1","215428","3","2","5","08","05","3","","1","1","0","0","0"
"POINT (13.319748815000025 52.501569687000028)","Unfall 215429 (2021) Kat:3, Licht: 2","215429","3","6","0","09","21","7","","2","0","1","0","0"
"POINT (13.431288112000061 52.602483090000078)","Unfall 215430 (2021) Kat:3, Licht: 0","215430","3","6","2","09","15","1","","0","0","1","0","1"
"POINT (13.499956686000075 52.532759571000042)","Unfall 215431 (2021) Kat:2, Licht: 0","215431","2","1","0","08","07","4","","0","1","0","0","0"
"POINT (13.546688585000027 52.457274121000069)","Unfall 215432 (2021) Kat:3, Licht: 0","215432","3","5","1","08","15","7","","0","1","1","0","0"
"POINT (13.296241468000062 52.497897021000028)","Unfall 215433 (2021) Kat:2, Licht: 0","215433","2","2","5","09","14","6","","0","1","0","0","0"
"POINT (13.179307497000025 52.501578132000077)","Unfall 215434 (2021) Kat:2, Licht: 0","215434","2","5","5","09","15","5","","0","0","1","0","1"
"POINT (13.322695877000058 52.488476525000067)","Unfall 215435 (2021) Kat:3, Licht: 0","215435","3","2","5","09","13","5","","0","0","0","0","0"
"POINT (13.345279795000067 52.554398349000053)","Unfall 215436 (2021) Kat:2, Licht: 2","215436","2","3","5","09","05","1","","2","0","1","0","0"
"POINT (13.285376297000028 52.595119929000077)","Unfall 215437 (2021) Kat:3, Licht: 0","215437","3","6","2","09","17","6","","0","0","1","0","0"
"POINT (13.445461206000061 52.501608453000074)","Unfall 215438 (2021) Kat:3, Licht: 0","215438","3","6","3","08","12","1","","0","1","0","0","0"
"POINT (13.432224588000054 52.604506197000035)","Unfall 215439 (2021) Kat:3, Licht: 0","215439","3","5","1","09","10","3","","0","1","1","0","0"
"POINT (13.260916636000047 52.516320749000045)","Unfall 215440 (2021) Kat:3, Licht: 0","215440","3","3","5","09","15","3","","0","0","1","0","0"
"POINT (13.440194407000035 52.438365151000028)","Unfall 215441 (2021) Kat:3, Licht: 0","215441","3","7","5","09","11","5","","0","0","1","0","1"
"POINT (13.386594064000064 52.549480199000072)","Unfall 215442 (2021) Kat:3, Licht: 0","215442","3","7","0","09","14","2","","0","0","0","0","1"
"POINT (13.292057408000062 52.479121094000050)","Unfall 215443 (2021) Kat:3, Licht: 0","215443","3","3","5","09","12","3","","0","1","1","0","0"
"POINT (13.349386277000065 52.447603863000040)","Unfall 215444 (2021) Kat:3, Licht: 0","215444","3","4","6","09","12","6","","0","1","0","1","0"
"POINT (13.479598633000023 52.643793896000034)","Unfall 215445 (2021) Kat:3, Licht: 0","215445","3","1","2","09","16","6","","0","0","1","0","0"
"POINT (13.478141376000053 52.417761075000044)","Unfall 215446 (2021) Kat:3, Licht: 0","215446","3","3","5","08","14","4","","0","1","1","0","0"
"POINT (13.355001436000066 52.428478590000054)","Unfall 215447 (2021) Kat:3, Licht: 0","215447","3","6","2","08","07","6","","0","0","1","0","0"
"POINT (13.292969093000067 52.554109815000061)","Unfall 215448 (2021) Kat:3, Licht: 2","215448","3","7","0","09","21","4","","2","0","0","0","1"
"POINT (13.367804137000064 52.602734310000073)","Unfall 215449 (2021) Kat:3, Licht: 0","215449","3","3","5","09","18","4","","0","0","1","0","0"
"POINT (13.397815137000066 52.532509412000081)","Unfall 215450 (2021) Kat:3, Licht: 1","215450","3","1","0","09","06","6","","1","0","0","0","1"
"POINT (13.547108229000060 52.437546534000035)","Unfall 215451 (2021) Kat:3, Licht: 1","215451","3","2","3","09","06","6","","1","0","1","0","1"
"POINT (13.441890767000075 52.546343469000078)","Unfall 215452 (2021) Kat:3, Licht: 0","215452","3","1","9","08","18","7","","0","0","1","0","0"
"POINT (13.589289270000052 52.529386976000069)","Unfall 215453 (2021) Kat:3, Licht: 0","215453","3","5","5","09","17","1","","0","1","1","0","0"
"POINT (13.587152211000046 52.512300036000056)","Unfall 215454 (2021) Kat:3, Licht: 0","215454","3","3","5","09","16","2","","0","0","1","0","0"
"POINT (13.398725626000044 52.532578521000062)","Unfall 215455 (2021) Kat:3, Licht: 0","215455","3","2","2","09","18","4","","0","1","1","0","0"
"POINT (13.309983328000044 52.500223885000082)","Unfall 215456 (2021) Kat:3, Licht: 2","215456","3","6","0","09","19","1","","2","0","1","0","0"
"POINT (13.418951943000025 52.498913428000037)","Unfall 215457 (2021) Kat:3, Licht: 0","215457","3","2","5","09","16","3","","0","0","1","0","1"
"POINT (13.361061863000032 52.576990236000029)","Unfall 215458 (2021) Kat:2, Licht: 0","215458","2","2","5","09","09","5","","0","0","0","0","0"
"POINT (13.330098538000072 52.525666461000071)","Unfall 215459 (2021) Kat:3, Licht: 0","215459","3","4","6","09","15","6","","0","1","0","1","0"
"POINT (13.573596822000070 52.407970581000029)","Unfall 215460 (2021) Kat:3, Licht: 0","215460","3","3","5","08","17","3","","0","1","1","0","0"
"POINT (13.395874468000045 52.538228009000079)","Unfall 215461 (2021) Kat:3, Licht: 1","215461","3","2","2","08","05","5","","1","1","1","0","0"
"POINT (13.415331128000048 52.520737787000030)","Unfall 215462 (2021) Kat:3, Licht: 0","215462","3","6","2","09","12","3","","0","0","1","0","1"
"POINT (13.165363207000041 52.533451062000040)","Unfall 215463 (2021) Kat:2, Licht: 2","215463","2","6","3","09","20","3","","2","0","1","0","1"
"POINT (13.327262109000060 52.501687825000033)","Unfall 215464 (2021) Kat:3, Licht: 0","215464","3","5","1","08","12","5","","0","1","1","0","0"
"POINT (13.195244304000028 52.544993108000028)","Unfall 215465 (2021) Kat:2, Licht: 0","215465","2","5","1","09","06","5","","0","0","1","0","1"
"POINT (13.436461732000055 52.472836444000052)","Unfall 215466 (2021) Kat:2, Licht: 0","215466","2","5","1","09","14","7","","0","1","1","0","0"
"POINT (13.386500699000067 52.532994163000069)","Unfall 215467 (2021) Kat:3, Licht: 1","215467","3","5","1","08","19","3","","1","1","1","0","0"
"POINT (13.360764566000057 52.542115485000068)","Unfall 215468 (2021) Kat:3, Licht: 0","215468","3","3","5","09","19","6","","0","0","1","0","0"
"POINT (13.306903792000071 52.506640690000040)","Unfall 215469 (2021) Kat:3, Licht: 0","215469","3","4","6","09","16","2","","0","1","0","1","0"
"POINT (13.373501472000044 52.520663347000038)","Unfall 215470 (2021) Kat:2, Licht: 0","215470","2","3","5","08","15","5","","0","1","1","0","0"
"POINT (13.360208183000054 52.537264105000077)","Unfall 215471 (2021) Kat:3, Licht: 0","215471","3","2","5","08","12","2","","0","1","0","0","0"
"POINT (13.397596980000060 52.529324053000039)","Unfall 215472 (2021) Kat:3, Licht: 2","215472","3","5","1","09","20","4","","2","0","1","0","1"
"POINT (13.331798091000053 52.506365860000074)","Unfall 215473 (2021) Kat:3, Licht: 1","215473","3","6","2","09","19","6","","1","0","1","0","0"
"POINT (13.392773704000035 52.564103475000081)","Unfall 215474 (2021) Kat:3, Licht: 0","215474","3","3","5","08","14","2","","0","1","1","0","0"
"POINT (13.288517646000059 52.513076150000074)","Unfall 215475 (2021) Kat:3, Licht: 0","215475","3","2","5","09","09","2","","0","1","1","0","0"
"POINT (13.306548759000066 52.488390438000067)","Unfall 215476 (2021) Kat:3, Licht: 0","215476","3","2","5","09","09","3","","0","0","1","0","0"
"POINT (13.339792752000051 52.588014763000047)","Unfall 215477 (2021) Kat:3, Licht: 0","215477","3","2","5","09","16","2","","0","0","1","0","0"
"POINT (13.303676462000055 52.525609522000082)","Unfall 215478 (2021) Kat:3, Licht: 0","215478","3","3","5","09","07","4","","0","0","1","0","1"
"POINT (13.462225828000044 52.511828644000047)","Unfall 215479 (2021) Kat:3, Licht: 1","215479","3","6","0","09","18","6","","1","1","1","0","0"
"POINT (13.417430768000031 52.510753478000026)","Unfall 215480 (2021) Kat:3, Licht: 0","215480","3","3","5","09","14","7","","0","1","1","0","0"
"POINT (13.316698193000036 52.565410680000070)","Unfall 215481 (2021) Kat:3, Licht: 0","215481","3","5","1","08","16","4","","0","1","1","0","0"
"POINT (13.340247663000071 52.572346384000070)","Unfall 215482 (2021) Kat:3, Licht: 0","215482","3","2","5","08","16","7","","0","0","1","0","0"
"POINT (13.446951796000064 52.426945960000069)","Unfall 215483 (2021) Kat:3, Licht: 2","215483","3","2","5","09","21","5","","2","0","1","0","0"