WKT,Name,OBJECTID,UKATEGORIE,UTYP1,UART,UMONAT,USTUNDE,UWOCHENTAG,STRZUSTAND,ULICHTVERH,ISTRAD,ISTPKW,ISTFUSS,ISTKRAD
"POINT (13.407429844000035 52.563192224000034)","Unfall 215484 (2021) Kat:3, Licht: 0","215484","3","3","5","09","12","5","","0","1","1","0","0"
"POINT (13.514356357000054 52.575349091000078)","Unfall 215485 (2021) Kat:2, Licht: 2","215485","2","1","8","09","00","7","","2","0","0","0","1"
"POINT (13.358635756000069 52.540068083000051)","Unfall 215486 (2021) Kat:3, Licht: 0","215486","3","7","6","09","15","5","","0","1","0","1","0"
"POINT (13.443137698000044 52.482372470000030)","Unfall 215487 (2021) Kat:3, Licht: 0","215487","3","3","5","08","19","1","","0","0","1","0","1"
"POINT (13.401142409000045 52.511324637000030)","Unfall 215488 (2021) Kat:3, Licht: 0","215488","3","2","5","09","13","2","","0","1","1","0","0"
"POINT (13.449361581000062 52.496956079000029)","Unfall 215489 (2021) Kat:3, Licht: 2","215489","3","1","1","09","23","2","","2","0","1","0","0"
"POINT (13.425211792000027 52.494364739000048)","Unfall 215490 (2021) Kat:3, Licht: 2","215490","3","3","5","09","20","4","","2","0","1","0","1"
"POINT (13.429542548000029 52.488333951000072)","Unfall 215491 (2021) Kat:3, Licht: 2","215491","3","7","0","09","02","2","","2","0","1","0","0"
"POINT (13.348614584000075 52.453808032000040)","Unfall 215492 (2021) Kat:3, Licht: 0","215492","3","5","1","09","07","3","","0","1","1","0","0"
"POINT (13.427042963000076 52.487312129000031)","Unfall 215493 (2021) Kat:3, Licht: 0","215493","3","6","2","09","08","4","","0","0","1","0","0"
"POINT (13.560107163000055 52.442176261000043)","Unfall 215494 (2021) Kat:3, Licht: 0","215494","3","6","2","09","18","6","","0","0","1","0","0"
"POINT (13.439791971000034 52.487058208000064)","Unfall 215495 (2021) Kat:3, Licht: 0","215495","3","5","1","08","13","2","","0","1","1","0","0"
"POINT (13.382475958000043 52.467101187000026)","Unfall 215496 (2021) Kat:3, Licht: 0","215496","3","5","1","09","09","3","","0","1","1","0","0"
"POINT (13.624935198000060 52.455060855000056)","Unfall 215497 (2021) Kat:3, Licht: 1","215497","3","7","6","09","19","2","","1","0","1","1","0"
"POINT (13.352255983000077 52.506383764000077)","Unfall 215498 (2021) Kat:3, Licht: 0","215498","3","3","5","09","13","3","","0","0","1","0","0"
"POINT (13.580327925000063 52.455516416000080)","Unfall 215499 (2021) Kat:3, Licht: 0","215499","3","2","5","09","11","7","","0","0","1","0","1"
"POINT (13.385827181000025 52.485034732000031)","Unfall 215500 (2021) Kat:2, Licht: 2","215500","2","2","5","09","01","7","","2","1","1","0","0"
"POINT (13.442796505000047 52.465077423000082)","Unfall 215501 (2021) Kat:3, Licht: 0","215501","3","2","5","08","16","4","","0","1","1","0","0"
"POINT (13.189201944000047 52.455689911000036)","Unfall 215502 (2021) Kat:2, Licht: 0","215502","2","7","2","08","13","7","","0","1","1","0","0"
"POINT (13.501823313000045 52.539565450000055)","Unfall 215503 (2021) Kat:3, Licht: 0","215503","3","5","0","09","10","5","","0","0","0","0","0"
"POINT (13.380425772000024 52.543387530000075)","Unfall 215504 (2021) Kat:3, Licht: 2","215504","3","1","0","09","19","4","","2","0","0","0","1"
"POINT (13.297925892000023 52.578177773000050)","Unfall 215505 (2021) Kat:3, Licht: 0","215505","3","2","5","09","18","6","","0","0","1","0","1"
"POINT (13.458040430000040 52.528845805000060)","Unfall 215506 (2021) Kat:3, Licht: 0","215506","3","2","6","09","07","5","","0","0","0","1","0"
"POINT (13.274872122000033 52.500935709000032)","Unfall 215507 (2021) Kat:3, Licht: 0","215507","3","6","3","08","10","2","","0","0","1","0","0"
"POINT (13.332229114000029 52.599344146000078)","Unfall 215508 (2021) Kat:3, Licht: 0","215508","3","2","3","09","15","1","","0","0","1","0","1"
"POINT (13.352481257000022 52.564365983000073)","Unfall 215509 (2021) Kat:3, Licht: 0","215509","3","4","0","09","15","2","","0","0","0","1","1"
"POINT (13.398348430000055 52.561868808000042)","Unfall 215510 (2021) Kat:2, Licht: 0","215510","2","4","6","09","18","5","","0","0","1","1","0"
"POINT (13.395476138000049 52.386496850000071)","Unfall 215511 (2021) Kat:3, Licht: 0","215511","3","7","6","09","12","2","","0","0","0","1","0"
"POINT (13.368792888000030 52.493102282000052)","Unfall 215512 (2021) Kat:2, Licht: 2","215512","2","6","3","09","21","3","","2","0","1","0","1"
"POINT (13.596095226000045 52.453072531000032)","Unfall 215513 (2021) Kat:3, Licht: 0","215513","3","6","2","09","08","5","","0","0","1","0","0"
"POINT (13.546567774000039 52.426377281000043)","Unfall 215514 (2021) Kat:3, Licht: 0","215514","3","2","5","09","07","6","","0","1","1","0","0"
"POINT (13.428178287000037 52.540012861000037)","Unfall 215515 (2021) Kat:3, Licht: 0","215515","3","3","5","08","14","4","","0","1","0","0","1"
"POINT (13.500899461000074 52.435418061000064)","Unfall 215516 (2021) Kat:3, Licht: 2","215516","3","6","2","08","05","6","","2","0","1","0","0"
"POINT (13.336289398000076 52.542006166000078)","Unfall 215517 (2021) Kat:3, Licht: 0","215517","3","6","2","09","15","4","","0","0","1","0","0"
"POINT (13.476615606000053 52.537051918000031)","Unfall 215518 (2021) Kat:2, Licht: 0","215518","2","6","2","09","16","4","","0","0","1","0","0"
"POINT (13.365947236000068 52.572509203000038)","Unfall 215519 (2021) Kat:3, Licht: 0","215519","3","4","6","09","13","6","","0","0","1","1","0"
"POINT (13.328688080000063 52.527549084000043)","Unfall 215520 (2021) Kat:2, Licht: 0","215520","2","7","5","09","12","5","","0","0","1","0","1"
"POINT (13.313629542000058 52.506373373000031)","Unfall 215521 (2021) Kat:2, Licht: 0","215521","2","7","6","08","20","7","","0","0","0","1","0"
"POINT (13.364501591000021 52.562681840000039)","Unfall 215522 (2021) Kat:3, Licht: 0","215522","3","2","2","09","12","7","","0","0","1","0","0"
"POINT (13.156414334000033 52.419300834000069)","Unfall 215523 (2021) Kat:3, Licht: 0","215523","3","3","5","09","11","4","","0","0","1","0","0"
"POINT (13.170547550000038 52.519173074000037)","Unfall 215524 (2021) Kat:3, Licht: 0","215524","3","7","5","09","17","2","","0","0","1","0","0"
"POINT (13.281697870000073 52.509420133000049)","Unfall 215525 (2021) Kat:3, Licht: 0","215525","3","1","0","09","16","3","","0","1","0","0","0"
"POINT (13.182774664000021 52.541702802000032)","Unfall 215526 (2021) Kat:3, Licht: 0","215526","3","4","6","09","15","4","","0","0","1","1","0"
"POINT (13.295205180000039 52.465600810000069)","Unfall 215527 (2021) Kat:3, Licht: 1","215527","3","1","1","09","19","6","","1","1","1","0","0"
"POINT (13.391450821000035 52.398748778000027)","Unfall 215528 (2021) Kat:3, Licht: 0","215528","3","6","2","08","15","3","","0","0","0","0","1"
"POINT (13.437546743000041 52.572790513000029)","Unfall 215529 (2021) Kat:3, Licht: 0","215529","3","4","6","08","07","5","","0","0","1","1","0"
"POINT (13.354668285000059 52.448620230000074)","Unfall 215530 (2021) Kat:3, Licht: 0","215530","3","4","6","09","15","3","","0","0","1","1","0"
"POINT (13.320269842000073 52.476826657000061)","Unfall 215531 (2021) Kat:3, Licht: 2","215531","3","3","5","09","22","4","","2","0","1","0","1"
"POINT (13.322365246000061 52.486541100000068)","Unfall 215532 (2021) Kat:3, Licht: 0","215532","3","2","5","09","18","3","","0","1","1","0","0"
"POINT (13.571394557000076 52.432102998000062)","Unfall 215533 (2021) Kat:3, Licht: 0","215533","3","1","0","10","14","6","","0","1","0","0","0"
"POINT (13.419782369000075 52.480126941000037)","Unfall 215534 (2021) Kat:3, Licht: 2","215534","3","7","5","09","20","6","","2","0","1","0","1"
"POINT (13.286340460000076 52.591198071000065)","Unfall 215535 (2021) Kat:3, Licht: 0","215535","3","6","3","08","09","3","","0","1","0","0","1"
"POINT (13.289075129000025 52.495124575000034)","Unfall 215536 (2021) Kat:3, Licht: 0","215536","3","5","1","09","13","7","","0","0","1","0","0"
"POINT (13.306332682000061 52.510013087000061)","Unfall 215537 (2021) Kat:3, Licht: 0","215537","3","7","2","09","17","2","","0","1","1","0","0"
"POINT (13.428284643000040 52.493505534000064)","Unfall 215538 (2021) Kat:3, Licht: 0","215538","3","3","5","08","11","6","","0","1","1","0","0"
"POINT (13.469958706000057 52.512408682000057)","Unfall 215539 (2021) Kat:3, Licht: 0","215539","3","3","5","08","09","2","","0","1","1","0","0"
"POINT (13.400935130000050 52.530106491000026)","Unfall 215540 (2021) Kat:3, Licht: 2","215540","3","5","2","09","21","4","","2","0","1","0","1"
"POINT (13.395697474000031 52.454334815000038)","Unfall 215541 (2021) Kat:3, Licht: 0","215541","3","3","5","09","15","6","","0","0","1","0","0"
"POINT (13.403923659000043 52.515372909000064)","Unfall 215542 (2021) Kat:3, Licht: 0","215542","3","2","5","08","17","2","","0","1","0","0","0"
"POINT (13.352240649000066 52.506380010000044)","Unfall 215543 (2021) Kat:3, Licht: 2","215543","3","3","5","09","22","2","","2","0","1","0","0"
"POINT (13.515637508000054 52.559372792000033)","Unfall 215544 (2021) Kat:3, Licht: 0","215544","3","2","5","09","17","3","","0","0","1","0","1"
"POINT (13.358864920000030 52.546478716000081)","Unfall 215545 (2021) Kat:3, Licht: 0","215545","3","3","5","09","13","2","","0","0","1","0","0"
"POINT (13.426347954000050 52.499323263000065)","Unfall 215546 (2021) Kat:3, Licht: 0","215546","3","3","5","09","17","4","","0","1","1","0","0"
"POINT (13.445282788000043 52.476598609000064)","Unfall 215547 (2021) Kat:3, Licht: 0","215547","3","5","1","09","17","6","","0","0","1","0","0"
"POINT (13.307261315000062 52.468550721000042)","Unfall 215548 (2021) Kat:3, Licht: 0","215548","3","3","5","09","08","5","","0","0","1","0","1"
"POINT (13.395905347000053 52.532421414000055)","Unfall 215549 (2021) Kat:3, Licht: 0","215549","3","2","5","09","14","7","","0","1","1","0","0"
"POINT (13.415929916000039 52.590310656000042)","Unfall 215550 (2021) Kat:3, Licht: 0","215550","3","6","2","08","19","4","","0","0","1","0","0"
"POINT (13.456615750000026 52.547700195000061)","Unfall 215551 (2021) Kat:3, Licht: 0","215551","3","5","1","08","14","6","","0","1","1","0","0"
"POINT (13.481269384000029 52.460806810000065)","Unfall 215552 (2021) Kat:3, Licht: 0","215552","3","2","2","09","09","5","","0","0","1","0","0"
"POINT (13.532330839000053 52.461697829000059)","Unfall 215553 (2021) Kat:3, Licht: 0","215553","3","3","5","09","17","4","","0","0","1","0","0"
"POINT (13.448613620000060 52.564630010000030)","Unfall 215554 (2021) Kat:3, Licht: 0","215554","3","6","0","09","07","6","","0","0","0","0","1"
"POINT (13.428417419000027 52.493353397000078)","Unfall 215555 (2021) Kat:3, Licht: 0","215555","3","6","2","09","16","5","","0","1","0","0","0"
"POINT (13.591709424000044 52.544983171000069)","Unfall 215556 (2021) Kat:3, Licht: 0","215556","3","2","5","08","14","1","","0","0","1","0","0"
"POINT (13.396069251000029 52.498379543000055)","Unfall 215557 (2021) Kat:3, Licht: 2","215557","3","3","5","09","04","1","","2","1","1","0","0"
"POINT (13.323521979000077 52.449411201000032)","Unfall 215558 (2021) Kat:3, Licht: 0","215558","3","1","0","09","17","2","","0","0","0","0","0"
"POINT (13.608422760000053 52.538972999000066)","Unfall 215559 (2021) Kat:3, Licht: 0","215559","3","3","5","09","17","4","","0","1","1","0","0"
"POINT (13.406402099000047 52.393762672000037)","Unfall 215560 (2021) Kat:3, Licht: 0","215560","3","2","2","09","12","1","","0","0","1","0","0"
"POINT (13.460713236000061 52.545887000000050)","Unfall 215561 (2021) Kat:3, Licht: 0","215561","3","5","1","09","13","4","","0","1","1","0","0"
"POINT (13.442863790000047 52.500592908000044)","Unfall 215562 (2021) Kat:2, Licht: 0","215562","2","7","0","09","17","5","","0","1","0","0","0"
"POINT (13.376400174000025 52.522061716000053)","Unfall 215563 (2021) Kat:3, Licht: 2","215563","3","2","6","09","21","6","","2","0","1","1","0"
"POINT (13.260471950000067 52.499856901000044)","Unfall 215564 (2021) Kat:3, Licht: 0","215564","3","5","1","08","12","3","","0","1","1","0","0"
"POINT (13.338122512000041 52.611124414000074)","Unfall 215565 (2021) Kat:2, Licht: 2","215565","2","4","6","08","20","5","","2","0","1","1","0"
"POINT (13.194061841000064 52.525404674000072)","Unfall 215566 (2021) Kat:3, Licht: 0","215566","3","3","5","09","15","4","","0","0","1","0","0"
"POINT (13.284062823000056 52.445669896000027)","Unfall 215567 (2021) Kat:3, Licht: 0","215567","3","2","5","09","11","3","","0","0","1","0","0"
"POINT (13.390965884000025 52.563300850000076)","Unfall 215568 (2021) Kat:3, Licht: 0","215568","3","2","0","09","07","5","","0","1","0","0","0"
"POINT (13.301520161000042 52.512114602000054)","Unfall 215569 (2021) Kat:3, Licht: 0","215569","3","5","1","09","16","5","","0","1","1","0","0"
"POINT (13.314475799000036 52.417639865000069)","Unfall 215570 (2021) Kat:3, Licht: 0","215570","3","3","5","08","13","1","","0","0","1","0","0"
"POINT (13.519260992000056 52.464411280000036)","Unfall 215571 (2021) Kat:3, Licht: 0","215571","3","3","5","09","10","1","","0","0","1","0","0"
"POINT (13.413929912000071 52.500231661000043)","Unfall 215572 (2021) Kat:3, Licht: 0","215572","3","7","6","09","18","5","","0","0","1","1","0"
"POINT (13.455549431000065 52.487847566000028)","Unfall 215573 (2021) Kat:3, Licht: 0","215573","3","1","0","09","09","4","","0","1","0","0","0"
"POINT (13.554293077000068 52.537655965000056)","Unfall 215574 (2021) Kat:3, Licht: 0","215574","3","3","5","09","14","7","","0","1","0","0","0"
"POINT (13.334304625000073 52.557356407000043)","Unfall 215575 (2021) Kat:3, Licht: 0","215575","3","2","5","09","15","3","","0","0","1","0","0"
"POINT (13.474867331000041 52.532833034000078)","Unfall 215576 (2021) Kat:3, Licht: 0","215576","3","6","3","09","15","6","","0","0","1","0","0"
"POINT (13.392335192000075 52.527338783000062)","Unfall 215577 (2021) Kat:3, Licht: 0","215577","3","4","6","08","17","2","","0","1","0","1","0"
"POINT (13.437662270000033 52.554878518000066)","Unfall 215578 (2021) Kat:3, Licht: 2","215578","3","7","6","09","22","3","","2","0","0","1","0"
"POINT (13.376225645000034 52.455821048000075)","Unfall 215579 (2021) Kat:3, Licht: 0","215579","3","5","0","09","13","4","","0","0","1","0","0"
"POINT (13.466383985000050 52.557141016000060)","Unfall 215580 (2021) Kat:3, Licht: 0","215580","3","6","2","09","17","4","","0","0","1","0","0"
"POINT (13.423456198000054 52.523807408000039)","Unfall 215581 (2021) Kat:3, Licht: 0","215581","3","7","5","09","18","6","","0","0","1","0","0"
"POINT (13.419190829000058 52.501305441000056)","Unfall 215582 (2021) Kat:3, Licht: 0","215582","3","3","5","08","17","4","","0","0","1","0","1"
"POINT (13.433805609000046 52.523318003000043)","Unfall 215583 (2021) Kat:2, Licht: 0","215583","2","1","0","08","06","6","","0","1","0","0","0"
"POINT (13.592727021000030 52.428895666000074)","Unfall 215584 (2021) Kat:3, Licht: 0","215584","3","3","5","09","12","4","","0","1","1","0","0"
"POINT (13.378529300000025 52.529150753000067)","Unfall 215585 (2021) Kat:3, Licht: 0","215585","3","2","3","09","08","4","","0","1","1","0","0"
"POINT (13.444357232000073 52.500557393000065)","Unfall 215586 (2021) Kat:3, Licht: 0","215586","3","6","4","09","17","5","","0","1","0","0","0"
"POINT (13.481329991000052 52.609429925000029)","Unfall 215587 (2021) Kat:3, Licht: 0","215587","3","6","2","09","15","5","","0","0","1","0","0"
"POINT (13.404474808000032 52.507866828000033)","Unfall 215588 (2021) Kat:3, Licht: 2","215588","3","2","5","08","21","7","","2","1","1","0","0"
"POINT (13.289068782000072 52.469028527000035)","Unfall 215589 (2021) Kat:3, Licht: 0","215589","3","7","5","09","11","7","","0","0","1","0","1"
"POINT (13.370683696000071 52.468807955000045)","Unfall 215590 (2021) Kat:2, Licht: 0","215590","2","6","2","09","16","5","","0","0","1","0","1"
"POINT (13.361627516000055 52.547907848000079)","Unfall 215591 (2021) Kat:3, Licht: 0","215591","3","2","5","09","14","4","","0","0","1","0","1"
"POINT (13.409274858000060 52.504060070000037)","Unfall 215592 (2021) Kat:3, Licht: 2","215592","3","6","2","09","21","6","","2","0","1","0","0"
"POINT (13.149410960000068 52.554244833000041)","Unfall 215593 (2021) Kat:3, Licht: 1","215593","3","3","5","09","05","3","","1","1","1","0","0"
"POINT (13.435275935000050 52.425858658000038)","Unfall 215594 (2021) Kat:3, Licht: 0","215594","3","6","2","09","15","4","","0","0","1","0","0"
"POINT (13.344187681000051 52.589077747000033)","Unfall 215595 (2021) Kat:3, Licht: 0","215595","3","6","2","09","17","6","","0","0","1","0","1"
"POINT (13.208603809000067 52.547496044000070)","Unfall 215596 (2021) Kat:3, Licht: 0","215596","3","5","1","08","17","3","","0","1","1","0","0"
"POINT (13.521173848000046 52.499865258000057)","Unfall 215597 (2021) Kat:3, Licht: 0","215597","3","3","5","08","16","5","","0","1","1","0","0"
"POINT (13.341039868000053 52.504851995000081)","Unfall 215598 (2021) Kat:3, Licht: 0","215598","3","5","0","09","12","3","","0","0","1","0","1"
"POINT (13.404386210000041 52.530969546000051)","Unfall 215599 (2021) Kat:3, Licht: 0","215599","3","5","0","09","13","3","","0","0","1","0","1"
"POINT (13.382359681000025 52.537744332000045)","Unfall 215600 (2021) Kat:3, Licht: 0","215600","3","2","5","09","16","3","","0","1","1","0","0"
"POINT (13.493353358000036 52.514473050000049)","Unfall 215601 (2021) Kat:3, Licht: 0","215601","3","3","0","10","14","6","","0","0","1","0","0"
"POINT (13.322060419000024 52.521072428000082)","Unfall 215602 (2021) Kat:2, Licht: 2","215602","2","4","6","09","22","6","","2","0","0","1","1"
"POINT (13.499285774000043 52.630636922000065)","Unfall 215603 (2021) Kat:2, Licht: 0","215603","2","3","5","08","07","3","","0","1","1","0","0"
"POINT (13.330171003000032 52.469169600000043)","Unfall 215604 (2021) Kat:3, Licht: 0","215604","3","5","1","09","12","1","","0","1","1","0","0"
"POINT (13.388357864000056 52.506586529000060)","Unfall 215605 (2021) Kat:2, Licht: 0","215605","2","5","1","09","14","2","","0","1","0","0","0"
"POINT (13.203822069000068 52.541279179000071)","Unfall 215606 (2021) Kat:3, Licht: 0","215606","3","4","6","08","16","1","","0","0","0","1","0"
"POINT (13.380601564000074 52.442829134000078)","Unfall 215607 (2021) Kat:3, Licht: 0","215607","3","3","5","08","07","2","","0","0","1","0","0"
"POINT (13.318628084000068 52.513843339000061)","Unfall 215608 (2021) Kat:3, Licht: 0","215608","3","2","5","09","08","5","","0","1","1","0","0"
"POINT (13.391817980000042 52.384257566000031)","Unfall 215609 (2021) Kat:2, Licht: 0","215609","2","1","0","09","14","6","","0","0","1","0","0"
"POINT (13.440354293000041 52.467488618000061)","Unfall 215610 (2021) Kat:3, Licht: 0","215610","3","3","2","08","16","3","","0","1","1","0","0"
"POINT (13.448271498000054 52.511282036000068)","Unfall 215611 (2021) Kat:3, Licht: 0","215611","3","1","0","09","18","3","","0","0","0","0","1"
"POINT (13.199689519000060 52.535208876000070)","Unfall 215612 (2021) Kat:3, Licht: 0","215612","3","6","2","09","13","3","","0","0","1","0","0"
"POINT (13.325996500000031 52.564611507000052)","Unfall 215613 (2021) Kat:3, Licht: 0","215613","3","3","5","08","07","1","","0","0","1","0","0"
"POINT (13.495900620000043 52.626031585000078)","Unfall 215614 (2021) Kat:2, Licht: 0","215614","2","3","5","09","18","2","","0","0","1","0","0"
"POINT (13.459066652000047 52.548952029000077)","Unfall 215615 (2021) Kat:3, Licht: 0","215615","3","7","0","09","09","4","","0","1","0","0","0"
"POINT (13.442787596000073 52.465088043000037)","Unfall 215616 (2021) Kat:3, Licht: 0","215616","3","2","5","09","16","5","","0","0","1","0","1"
"POINT (13.276411695000036 52.412719065000033)","Unfall 215617 (2021) Kat:3, Licht: 2","215617","3","7","0","09","04","1","","2","0","1","0","0"
"POINT (13.421211053000036 52.518694663000076)","Unfall 215618 (2021) Kat:3, Licht: 0","215618","3","3","5","08","13","4","","0","0","0","0","0"
"POINT (13.342093517000023 52.502214218000063)","Unfall 215619 (2021) Kat:3, Licht: 1","215619","3","6","2","08","18","6","","1","0","1","0","0"
"POINT (13.443301246000033 52.511988082000073)","Unfall 215620 (2021) Kat:2, Licht: 0","215620","2","3","5","09","18","5","","0","0","0","0","1"
"POINT (13.382880278000073 52.551587262000055)","Unfall 215621 (2021) Kat:2, Licht: 0","215621","2","5","1","09","13","5","","0","1","1","0","0"
"POINT (13.494328562000021 52.513156371000036)","Unfall 215622 (2021) Kat:3, Licht: 1","215622","3","5","1","09","18","6","","1","0","1","0","0"
"POINT (13.400017486000024 52.423362755000028)","Unfall 215623 (2021) Kat:3, Licht: 0","215623","3","5","1","09","07","5","","0","1","1","0","0"
"POINT (13.538541527000064 52.524616723000065)","Unfall 215624 (2021) Kat:2, Licht: 0","215624","2","2","5","08","19","2","","0","0","1","0","0"
"POINT (13.546752354000034 52.534071497000070)","Unfall 215625 (2021) Kat:3, Licht: 0","215625","3","1","9","09","10","2","","0","0","1","0","0"
"POINT (13.407116358000053 52.513109615000076)","Unfall 215626 (2021) Kat:3, Licht: 0","215626","3","2","5","09","09","5","","0","1","1","0","0"
"POINT (13.519684107000046 52.493946767000068)","Unfall 215627 (2021) Kat:3, Licht: 0","215627","3","2","2","09","13","2","","0","1","1","0","0"
"POINT (13.514697841000043 52.468767915000058)","Unfall 215628 (2021) Kat:2, Licht: 2","215628","2","6","4","09","20","4","","2","0","1","0","0"
"POINT (13.407466049000050 52.523888583000030)","Unfall 215629 (2021) Kat:3, Licht: 0","215629","3","5","1","09","09","7","","0","1","1","0","0"
"POINT (13.330453460000058 52.526818091000052)","Unfall 215630 (2021) Kat:3, Licht: 0","215630","3","1","0","09","11","3","","0","0","0","0","0"
"POINT (13.340776985000048 52.548757998000042)","Unfall 215631 (2021) Kat:2, Licht: 0","215631","2","5","1","09","18","4","","0","0","1","0","0"
"POINT (13.240322575000050 52.543029326000067)","Unfall 215632 (2021) Kat:3, Licht: 0","215632","3","6","0","09","15","7","","0","0","1","0","0"
"POINT (13.349159769000039 52.524589113000047)","Unfall 215633 (2021) Kat:3, Licht: 0","215633","3","3","5","08","12","3","","0","1","1","0","0"
"POINT (13.328343425000071 52.478672521000078)","Unfall 215634 (2021) Kat:3, Licht: 0","215634","3","2","5","08","16","5","","0","0","1","0","0"
"POINT (13.186559902000056 52.551223324000034)","Unfall 215635 (2021) Kat:3, Licht: 1","215635","3","4","6","09","19","4","","1","1","0","1","0"
"POINT (13.353364275000047 52.500941491000049)","Unfall 215636 (2021) Kat:3, Licht: 0","215636","3","3","0","09","11","4","","0","0","1","0","1"
"POINT (13.544489615000032 52.410517244000062)","Unfall 215637 (2021) Kat:3, Licht: 0","215637","3","3","5","09","11","6","","0","0","1","0","0"
"POINT (13.364323019000039 52.544939768000063)","Unfall 215638 (2021) Kat:3, Licht: 0","215638","3","3","5","09","18","5","","0","1","0","0","0"
"POINT (13.447830907000025 52.485618189000036)","Unfall 215639 (2021) Kat:3, Licht: 0","215639","3","5","1","08","11","6","","0","1","1","0","0"
"POINT (13.285715948000075 52.495127544000070)","Unfall 215640 (2021) Kat:3, Licht: 2","215640","3","6","2","09","21","7","","2","0","1","0","0"
"POINT (13.431660797000063 52.495152062000045)","Unfall 215641 (2021) Kat:3, Licht: 0","215641","3","7","6","09","15","5","","0","0","0","1","0"
"POINT (13.429249686000048 52.493083692000027)","Unfall 215642 (2021) Kat:3, Licht: 0","215642","3","6","3","08","15","3","","0","1","1","0","0"
"POINT (13.334125036000046 52.524418840000067)","Unfall 215643 (2021) Kat:3, Licht: 2","215643","3","3","5","09","20","7","","2","1","1","0","0"
"POINT (13.617401029000064 52.484058365000067)","Unfall 215644 (2021) Kat:3, Licht: 0","215644","3","3","5","09","13","2","","0","1","1","0","0"
"POINT (13.495372358000054 52.633978948000049)","Unfall 215645 (2021) Kat:3, Licht: 0","215645","3","3","5","08","14","2","","0","0","1","0","0"
"POINT (13.348519018000047 52.490384387000063)","Unfall 215646 (2021) Kat:3, Licht: 0","215646","3","5","1","09","08","6","","0","1","1","0","0"
"POINT (13.519024608000052 52.516563757000029)","Unfall 215647 (2021) Kat:2, Licht: 0","215647","2","2","5","08","15","2","","0","0","1","0","0"
"POINT (13.412723689000075 52.529001737000044)","Unfall 215648 (2021) Kat:3, Licht: 0","215648","3","1","0","09","12","3","","0","1","0","0","0"
"POINT (13.314064296000026 52.506212991000041)","Unfall 215649 (2021) Kat:3, Licht: 1","215649","3","1","0","09","20","4","","1","0","0","0","0"
"POINT (13.397135842000068 52.495462358000054)","Unfall 215650 (2021) Kat:3, Licht: 1","215650","3","6","2","09","18","3","","1","1","1","0","0"
"POINT (13.421620274000077 52.487238363000074)","Unfall 215651 (2021) Kat:3, Licht: 2","215651","3","1","0","10","21","6","","2","1","0","0","0"
"POINT (13.441758632000074 52.565816159000065)","Unfall 215652 (2021) Kat:3, Licht: 0","215652","3","6","2","09","16","6","","0","0","1","0","1"
"POINT (13.165954700000043 52.552208233000044)","Unfall 215653 (2021) Kat:3, Licht: 0","215653","3","2","0","09","16","5","","0","0","0","0","1"
"POINT (13.422372443000029 52.497897137000052)","Unfall 215654 (2021) Kat:3, Licht: 0","215654","3","5","1","08","10","3","","0","0","1","0","0"
"POINT (13.184765570000025 52.547529404000045)","Unfall 215655 (2021) Kat:2, Licht: 0","215655","2","3","5","09","18","1","","0","0","1","0","0"
"POINT (13.443925521000040 52.500075912000057)","Unfall 215656 (2021) Kat:3, Licht: 2","215656","3","7","5","09","22","7","","2","1","1","0","0"
"POINT (13.467791268000042 52.534085751000077)","Unfall 215657 (2021) Kat:3, Licht: 0","215657","3","6","2","08","14","7","","0","0","1","0","0"
"POINT (13.230256987000075 52.430132342000036)","Unfall 215658 (2021) Kat:3, Licht: 0","215658","3","3","5","09","14","4","","0","1","1","0","0"
"POINT (13.388305485000046 52.456743785000072)","Unfall 215659 (2021) Kat:3, Licht: 0","215659","3","6","3","09","14","5","","0","0","1","0","1"
"POINT (13.406401304000042 52.385892144000081)","Unfall 215660 (2021) Kat:3, Licht: 2","215660","3","5","1","09","17","7","","2","1","1","0","0"
"POINT (13.351042154000027 52.514897845000064)","Unfall 215661 (2021) Kat:3, Licht: 0","215661","3","2","5","09","11","6","","0","0","1","0","1"
"POINT (13.498353792000046 52.526395860000036)","Unfall 215662 (2021) Kat:2, Licht: 0","215662","2","1","0","08","07","2","","0","0","0","0","0"
"POINT (13.424515318000033 52.486440897000080)","Unfall 215663 (2021) Kat:3, Licht: 0","215663","3","4","6","09","17","3","","0","0","0","1","0"
"POINT (13.377964046000045 52.468631217000052)","Unfall 215664 (2021) Kat:3, Licht: 1","215664","3","2","5","09","18","3","","1","0","1","0","1"
"POINT (13.337955333000025 52.416656041000067)","Unfall 215665 (2021) Kat:3, Licht: 0","215665","3","6","2","09","13","5","","0","0","1","0","0"
"POINT (13.378181059000042 52.483337989000063)","Unfall 215666 (2021) Kat:3, Licht: 0","215666","3","4","0","09","15","2","","0","0","0","1","1"
"POINT (13.416478927000071 52.499621443000080)","Unfall 215667 (2021) Kat:3, Licht: 0","215667","3","3","5","09","18","3","","0","0","0","0","1"
"POINT (13.306796588000054 52.580894337000075)","Unfall 215668 (2021) Kat:3, Licht: 0","215668","3","7","6","09","16","5","","0","0","1","1","0"
"POINT (13.504152023000074 52.454886948000080)","Unfall 215669 (2021) Kat:2, Licht: 0","215669","2","2","5","09","15","3","","0","1","1","0","0"
"POINT (13.451491875000045 52.483907061000082)","Unfall 215670 (2021) Kat:3, Licht: 0","215670","3","3","5","10","18","6","","0","1","0","0","0"