WKT,Name,OBJECTID,UKATEGORIE,UTYP1,UART,UMONAT,USTUNDE,UWOCHENTAG,STRZUSTAND,ULICHTVERH,ISTRAD,ISTPKW,ISTFUSS,ISTKRAD
"POINT (13.401159349000068 52.569215228000076)","Unfall 215671 (2021) Kat:3, Licht: 2","215671","3","2","0","09","20","6","","2","1","1","0","0"
"POINT (13.261336070000027 52.436734971000078)","Unfall 215672 (2021) Kat:3, Licht: 0","215672","3","1","1","08","11","3","","0","1","1","0","0"
"POINT (13.301069937000022 52.507964384000047)","Unfall 215673 (2021) Kat:3, Licht: 0","215673","3","5","1","09","13","1","","0","0","1","0","1"
"POINT (13.285166536000077 52.494172044000038)","Unfall 215674 (2021) Kat:3, Licht: 0","215674","3","6","2","09","08","2","","0","0","0","0","1"
"POINT (13.689118509000025 52.371147680000036)","Unfall 215675 (2021) Kat:3, Licht: 2","215675","3","1","9","08","01","7","","2","0","1","0","0"
"POINT (13.442353732000072 52.500856445000068)","Unfall 215676 (2021) Kat:3, Licht: 0","215676","3","4","6","09","06","5","","0","0","1","1","0"
"POINT (13.339435543000036 52.503139250000061)","Unfall 215677 (2021) Kat:3, Licht: 0","215677","3","2","5","08","19","2","","0","0","1","0","1"
"POINT (13.185571594000066 52.551336872000036)","Unfall 215678 (2021) Kat:3, Licht: 1","215678","3","6","2","09","05","5","","1","0","1","0","1"
"POINT (13.325986723000028 52.467102466000028)","Unfall 215679 (2021) Kat:3, Licht: 0","215679","3","5","1","09","16","1","","0","1","1","0","0"
"POINT (13.418631335000043 52.501462548000063)","Unfall 215680 (2021) Kat:3, Licht: 0","215680","3","5","1","09","18","6","","0","1","1","0","0"
"POINT (13.355160216000058 52.562767684000050)","Unfall 215681 (2021) Kat:3, Licht: 0","215681","3","4","6","08","14","2","","0","0","1","1","0"
"POINT (13.427383765000059 52.552508088000081)","Unfall 215682 (2021) Kat:3, Licht: 0","215682","3","4","6","09","15","3","","0","0","1","1","0"
"POINT (13.295896485000071 52.549485391000076)","Unfall 215683 (2021) Kat:3, Licht: 1","215683","3","7","0","09","20","3","","1","0","1","0","0"
"POINT (13.317274905000033 52.512192131000063)","Unfall 215684 (2021) Kat:2, Licht: 2","215684","2","3","5","08","20","1","","2","0","1","0","0"
"POINT (13.261374841000077 52.443248413000049)","Unfall 215685 (2021) Kat:3, Licht: 0","215685","3","3","5","09","18","3","","0","1","1","0","0"
"POINT (13.322609656000054 52.624644814000078)","Unfall 215686 (2021) Kat:3, Licht: 0","215686","3","1","9","09","10","4","","0","0","1","0","0"
"POINT (13.421468570000059 52.575391585000034)","Unfall 215687 (2021) Kat:3, Licht: 0","215687","3","3","5","09","13","6","","0","0","1","0","0"
"POINT (13.467516071000034 52.506117270000061)","Unfall 215688 (2021) Kat:3, Licht: 0","215688","3","7","6","09","18","1","","0","1","0","1","0"
"POINT (13.434101802000043 52.504836377000061)","Unfall 215689 (2021) Kat:2, Licht: 0","215689","2","5","0","08","07","3","","0","1","1","0","0"
"POINT (13.433429319000027 52.531139586000052)","Unfall 215690 (2021) Kat:3, Licht: 0","215690","3","4","6","08","09","6","","0","0","1","1","0"
"POINT (13.443847016000063 52.452246139000067)","Unfall 215691 (2021) Kat:3, Licht: 0","215691","3","3","5","09","14","5","","0","1","1","0","0"
"POINT (13.372199415000068 52.455484948000048)","Unfall 215692 (2021) Kat:3, Licht: 0","215692","3","3","5","09","09","5","","0","0","1","0","1"
"POINT (13.359138962000031 52.522372558000029)","Unfall 215693 (2021) Kat:3, Licht: 0","215693","3","3","5","09","09","6","","0","1","1","0","0"
"POINT (13.366988304000074 52.525600087000043)","Unfall 215694 (2021) Kat:3, Licht: 0","215694","3","6","2","09","09","5","","0","0","1","0","1"
"POINT (13.525506022000059 52.481743531000063)","Unfall 215695 (2021) Kat:3, Licht: 2","215695","3","6","2","08","22","7","","2","1","1","0","0"
"POINT (13.347363447000077 52.509756811000045)","Unfall 215696 (2021) Kat:3, Licht: 0","215696","3","5","1","09","18","1","","0","0","1","0","0"
"POINT (13.499669506000032 52.534364186000062)","Unfall 215697 (2021) Kat:2, Licht: 0","215697","2","2","0","09","10","2","","0","0","1","0","1"
"POINT (13.351460475000067 52.415908201000036)","Unfall 215698 (2021) Kat:3, Licht: 0","215698","3","3","5","09","14","5","","0","1","1","0","0"
"POINT (13.377031733000024 52.556297778000044)","Unfall 215699 (2021) Kat:3, Licht: 0","215699","3","2","5","09","14","2","","0","1","0","0","0"
"POINT (13.459908943000073 52.549128775000042)","Unfall 215700 (2021) Kat:3, Licht: 0","215700","3","5","4","09","09","3","","0","1","0","0","0"
"POINT (13.495036426000070 52.542029295000077)","Unfall 215701 (2021) Kat:3, Licht: 0","215701","3","7","5","09","12","5","","0","0","1","0","0"
"POINT (13.478994828000054 52.553177761000029)","Unfall 215702 (2021) Kat:3, Licht: 0","215702","3","2","5","09","11","6","","0","0","1","0","1"
"POINT (13.353496826000026 52.506687480000039)","Unfall 215703 (2021) Kat:3, Licht: 0","215703","3","6","2","08","15","3","","0","0","1","0","0"
"POINT (13.455240629000059 52.513649302000033)","Unfall 215704 (2021) Kat:3, Licht: 0","215704","3","1","0","08","11","5","","0","0","0","0","1"
"POINT (13.301574827000024 52.420354868000061)","Unfall 215705 (2021) Kat:2, Licht: 0","215705","2","6","2","09","13","4","","0","0","1","0","1"
"POINT (13.355139269000063 52.518507195000041)","Unfall 215706 (2021) Kat:3, Licht: 0","215706","3","6","2","09","15","4","","0","0","1","0","1"
"POINT (13.453870100000074 52.471845254000073)","Unfall 215707 (2021) Kat:3, Licht: 0","215707","3","6","2","09","16","5","","0","0","1","0","0"
"POINT (13.471552795000036 52.493846353000038)","Unfall 215708 (2021) Kat:3, Licht: 0","215708","3","2","5","09","14","5","","0","1","1","0","0"
"POINT (13.278175119000025 52.518490565000036)","Unfall 215709 (2021) Kat:3, Licht: 0","215709","3","2","5","08","19","6","","0","0","1","0","0"
"POINT (13.313709425000070 52.542130864000057)","Unfall 215710 (2021) Kat:2, Licht: 0","215710","2","4","6","09","17","7","","0","0","1","1","0"
"POINT (13.329251963000047 52.465618906000032)","Unfall 215711 (2021) Kat:3, Licht: 0","215711","3","4","6","08","15","3","","0","1","0","1","0"
"POINT (13.545179707000045 52.432689725000046)","Unfall 215712 (2021) Kat:3, Licht: 2","215712","3","7","6","09","21","6","","2","0","1","1","0"
"POINT (13.409896000000060 52.439050260000045)","Unfall 215713 (2021) Kat:3, Licht: 0","215713","3","6","2","09","18","2","","0","0","1","0","0"
"POINT (13.466127567000058 52.500073963000034)","Unfall 215714 (2021) Kat:3, Licht: 0","215714","3","2","5","08","06","6","","0","1","0","0","1"
"POINT (13.247752670000068 52.538083674000063)","Unfall 215715 (2021) Kat:2, Licht: 0","215715","2","2","5","08","11","2","","0","0","1","0","0"
"POINT (13.405904684000063 52.489513545000079)","Unfall 215716 (2021) Kat:3, Licht: 0","215716","3","2","2","09","15","4","","0","0","1","0","0"
"POINT (13.380075859000044 52.406139215000053)","Unfall 215717 (2021) Kat:2, Licht: 2","215717","2","3","5","09","23","6","","2","0","1","0","1"
"POINT (13.344763922000027 52.461495845000059)","Unfall 215718 (2021) Kat:3, Licht: 0","215718","3","2","5","08","11","2","","0","1","1","0","0"
"POINT (13.487520784000026 52.433868892000078)","Unfall 215719 (2021) Kat:3, Licht: 0","215719","3","7","0","09","07","4","","0","0","1","0","0"
"POINT (13.346152397000026 52.433989857000029)","Unfall 215720 (2021) Kat:2, Licht: 0","215720","2","3","5","09","09","4","","0","1","1","0","0"
"POINT (13.358670528000061 52.536547157000030)","Unfall 215721 (2021) Kat:3, Licht: 0","215721","3","6","2","09","13","3","","0","0","1","0","1"
"POINT (13.404157080000061 52.491216890000032)","Unfall 215722 (2021) Kat:3, Licht: 0","215722","3","3","5","09","16","7","","0","0","1","0","0"
"POINT (13.343429121000042 52.526229832000070)","Unfall 215723 (2021) Kat:3, Licht: 0","215723","3","2","5","09","16","7","","0","1","0","0","0"
"POINT (13.399162715000045 52.544322969000063)","Unfall 215724 (2021) Kat:3, Licht: 0","215724","3","2","1","09","08","2","","0","0","1","0","1"
"POINT (13.570059279000077 52.468084615000066)","Unfall 215725 (2021) Kat:3, Licht: 0","215725","3","7","0","08","10","4","","0","0","1","1","0"
"POINT (13.394447308000053 52.506964996000079)","Unfall 215726 (2021) Kat:3, Licht: 0","215726","3","3","5","08","13","7","","0","0","1","0","0"
"POINT (13.511843266000028 52.464317687000062)","Unfall 215727 (2021) Kat:3, Licht: 0","215727","3","2","5","09","14","5","","0","1","1","0","0"
"POINT (13.374271705000069 52.527956055000061)","Unfall 215728 (2021) Kat:3, Licht: 0","215728","3","3","5","09","13","4","","0","1","1","0","0"
"POINT (13.414234113000077 52.488242631000048)","Unfall 215729 (2021) Kat:3, Licht: 0","215729","3","2","5","09","10","7","","0","1","1","0","0"
"POINT (13.299014438000029 52.490724279000062)","Unfall 215730 (2021) Kat:3, Licht: 0","215730","3","3","5","09","08","5","","0","0","1","0","1"
"POINT (13.283581507000065 52.506399935000047)","Unfall 215731 (2021) Kat:3, Licht: 0","215731","3","2","5","08","17","1","","0","1","1","0","0"
"POINT (13.203108349000047 52.540838598000050)","Unfall 215732 (2021) Kat:3, Licht: 0","215732","3","2","0","09","18","1","","0","0","1","0","1"
"POINT (13.426711481000041 52.476282962000028)","Unfall 215733 (2021) Kat:2, Licht: 2","215733","2","6","2","09","02","2","","2","0","1","0","1"
"POINT (13.552344355000059 52.549440890000028)","Unfall 215734 (2021) Kat:3, Licht: 0","215734","3","3","5","09","17","4","","0","0","1","0","1"
"POINT (13.583979807000048 52.539612353000052)","Unfall 215735 (2021) Kat:2, Licht: 0","215735","2","4","6","09","08","3","","0","0","1","1","0"
"POINT (13.341446310000038 52.442322232000038)","Unfall 215736 (2021) Kat:3, Licht: 0","215736","3","6","2","09","14","3","","0","0","1","0","0"
"POINT (13.398006895000037 52.527251716000080)","Unfall 215737 (2021) Kat:3, Licht: 0","215737","3","3","5","09","07","6","","0","1","1","0","0"
"POINT (13.344895674000043 52.489117795000027)","Unfall 215738 (2021) Kat:3, Licht: 0","215738","3","7","5","09","15","5","","0","0","1","0","0"
"POINT (13.450105130000054 52.546920801000056)","Unfall 215739 (2021) Kat:3, Licht: 0","215739","3","3","5","08","15","3","","0","0","1","0","0"
"POINT (13.456208861000050 52.484024686000055)","Unfall 215740 (2021) Kat:3, Licht: 0","215740","3","3","0","09","07","6","","0","1","1","0","0"
"POINT (13.316390447000060 52.498628121000081)","Unfall 215741 (2021) Kat:3, Licht: 2","215741","3","2","0","08","21","4","","2","0","1","0","1"
"POINT (13.432615821000070 52.502396089000058)","Unfall 215742 (2021) Kat:3, Licht: 0","215742","3","2","5","08","08","6","","0","1","1","0","0"
"POINT (13.278467602000035 52.429790958000069)","Unfall 215743 (2021) Kat:3, Licht: 1","215743","3","6","2","09","19","4","","1","0","1","0","1"
"POINT (13.432778159000065 52.595822857000030)","Unfall 215744 (2021) Kat:2, Licht: 2","215744","2","2","5","09","20","3","","2","0","1","0","0"
"POINT (13.569394981000073 52.444768293000038)","Unfall 215745 (2021) Kat:3, Licht: 0","215745","3","7","1","09","18","5","","0","0","1","0","0"
"POINT (13.443792222000070 52.579235400000073)","Unfall 215746 (2021) Kat:3, Licht: 0","215746","3","6","4","09","10","5","","0","0","1","0","0"
"POINT (13.306192797000051 52.524615270000027)","Unfall 215747 (2021) Kat:3, Licht: 0","215747","3","2","5","08","13","7","","0","1","1","0","0"
"POINT (13.278438014000074 52.473634076000053)","Unfall 215748 (2021) Kat:3, Licht: 0","215748","3","6","3","09","13","1","","0","1","1","0","0"
"POINT (13.400355018000027 52.494336990000079)","Unfall 215749 (2021) Kat:3, Licht: 0","215749","3","7","5","09","16","4","","0","0","1","0","0"
"POINT (13.429180929000040 52.509123713000065)","Unfall 215750 (2021) Kat:2, Licht: 0","215750","2","5","1","09","18","2","","0","1","1","0","0"
"POINT (13.297150437000028 52.512183512000036)","Unfall 215751 (2021) Kat:3, Licht: 0","215751","3","3","5","09","15","3","","0","0","1","0","0"
"POINT (13.454680279000058 52.523964217000071)","Unfall 215752 (2021) Kat:3, Licht: 0","215752","3","4","6","09","16","4","","0","0","1","1","0"
"POINT (13.316813796000076 52.501384636000068)","Unfall 215753 (2021) Kat:3, Licht: 1","215753","3","1","0","09","19","6","","1","0","0","0","1"
"POINT (13.523715525000057 52.565590218000068)","Unfall 215754 (2021) Kat:3, Licht: 0","215754","3","2","5","08","15","3","","0","0","1","0","0"
"POINT (13.466498797000042 52.502111169000045)","Unfall 215755 (2021) Kat:3, Licht: 0","215755","3","5","1","08","12","5","","0","1","1","0","0"
"POINT (13.434647057000063 52.450954234000051)","Unfall 215756 (2021) Kat:3, Licht: 0","215756","3","3","0","09","13","3","","0","0","1","0","1"
"POINT (13.189332801000035 52.542941912000060)","Unfall 215757 (2021) Kat:3, Licht: 0","215757","3","3","5","09","07","4","","0","1","0","0","0"
"POINT (13.292185116000041 52.458050037000078)","Unfall 215758 (2021) Kat:3, Licht: 0","215758","3","4","6","09","13","3","","0","0","0","1","1"
"POINT (13.349567398000033 52.508608054000035)","Unfall 215759 (2021) Kat:3, Licht: 0","215759","3","3","5","09","19","7","","0","0","1","0","0"
"POINT (13.565129964000050 52.445509760000050)","Unfall 215760 (2021) Kat:3, Licht: 1","215760","3","1","0","08","20","4","","1","1","0","0","0"
"POINT (13.605230710000058 52.536464606000038)","Unfall 215761 (2021) Kat:3, Licht: 0","215761","3","6","2","08","13","6","","0","0","1","0","0"
"POINT (13.317086658000051 52.547189158000037)","Unfall 215762 (2021) Kat:3, Licht: 0","215762","3","7","5","09","13","4","","0","0","1","0","0"
"POINT (13.288303471000063 52.513062754000032)","Unfall 215763 (2021) Kat:3, Licht: 0","215763","3","2","2","09","10","5","","0","0","1","0","1"
"POINT (13.436681352000051 52.479870757000072)","Unfall 215764 (2021) Kat:3, Licht: 1","215764","3","7","5","09","18","6","","1","0","1","0","0"
"POINT (13.372082476000060 52.520885115000056)","Unfall 215765 (2021) Kat:3, Licht: 0","215765","3","2","2","09","09","6","","0","0","1","0","0"
"POINT (13.392311059000065 52.545140649000075)","Unfall 215766 (2021) Kat:2, Licht: 0","215766","2","6","3","08","09","7","","0","0","1","0","0"
"POINT (13.425163688000055 52.480465213000059)","Unfall 215767 (2021) Kat:3, Licht: 0","215767","3","4","6","09","15","1","","0","0","0","1","1"
"POINT (13.254733599000076 52.562198776000059)","Unfall 215768 (2021) Kat:2, Licht: 0","215768","2","6","2","09","15","2","","0","0","1","0","0"
"POINT (13.444046936000063 52.568580214000065)","Unfall 215769 (2021) Kat:3, Licht: 0","215769","3","3","5","08","16","3","","0","0","1","0","0"
"POINT (13.339696586000059 52.505260040000053)","Unfall 215770 (2021) Kat:3, Licht: 2","215770","3","6","2","09","21","7","","2","0","1","0","0"
"POINT (13.326306539000029 52.509084619000078)","Unfall 215771 (2021) Kat:3, Licht: 0","215771","3","6","2","09","18","3","","0","0","1","0","0"
"POINT (13.193709694000063 52.525190910000049)","Unfall 215772 (2021) Kat:3, Licht: 0","215772","3","6","2","09","12","5","","0","0","1","0","0"
"POINT (13.252876297000057 52.466532697000048)","Unfall 215773 (2021) Kat:3, Licht: 0","215773","3","2","5","09","07","6","","0","0","1","0","0"
"POINT (13.468584080000028 52.544252556000060)","Unfall 215774 (2021) Kat:2, Licht: 0","215774","2","1","0","08","19","3","","0","1","0","0","0"
"POINT (13.457798047000040 52.531578967000030)","Unfall 215775 (2021) Kat:3, Licht: 0","215775","3","1","2","08","10","5","","0","0","1","0","0"
"POINT (13.462232673000074 52.511825731000044)","Unfall 215776 (2021) Kat:2, Licht: 0","215776","2","1","0","09","11","3","","0","0","1","0","1"
"POINT (13.323116539000068 52.490952887000049)","Unfall 215777 (2021) Kat:3, Licht: 0","215777","3","3","5","09","10","4","","0","1","1","0","0"
"POINT (13.302303649000066 52.547890746000064)","Unfall 215778 (2021) Kat:3, Licht: 0","215778","3","2","5","09","12","6","","0","0","1","0","0"
"POINT (13.490132212000049 52.617111572000056)","Unfall 215779 (2021) Kat:3, Licht: 0","215779","3","3","5","09","18","5","","0","1","1","0","0"
"POINT (13.413108392000026 52.547678505000079)","Unfall 215780 (2021) Kat:3, Licht: 0","215780","3","2","5","08","11","6","","0","1","1","0","0"
"POINT (13.532097988000032 52.484115252000038)","Unfall 215781 (2021) Kat:3, Licht: 0","215781","3","3","5","09","12","7","","0","0","1","0","1"
"POINT (13.335150320000025 52.485900832000027)","Unfall 215782 (2021) Kat:3, Licht: 0","215782","3","2","5","08","10","3","","0","1","1","0","0"
"POINT (13.418825650000031 52.510385968000037)","Unfall 215783 (2021) Kat:2, Licht: 1","215783","2","1","0","09","20","6","","1","0","0","0","0"
"POINT (13.253004431000022 52.425505102000045)","Unfall 215784 (2021) Kat:3, Licht: 0","215784","3","5","1","09","12","2","","0","0","1","0","0"
"POINT (13.360924047000026 52.494260844000053)","Unfall 215785 (2021) Kat:3, Licht: 0","215785","3","2","5","08","09","6","","0","1","1","0","0"
"POINT (13.370897205000063 52.492657882000060)","Unfall 215786 (2021) Kat:3, Licht: 0","215786","3","2","5","08","15","2","","0","1","1","0","0"
"POINT (13.672630386000037 52.418551699000034)","Unfall 215787 (2021) Kat:3, Licht: 0","215787","3","3","5","09","16","4","","0","1","1","0","0"
"POINT (13.345220605000065 52.484872359000065)","Unfall 215788 (2021) Kat:3, Licht: 0","215788","3","6","3","09","13","6","","0","1","1","0","0"
"POINT (13.450948712000070 52.438504516000080)","Unfall 215789 (2021) Kat:3, Licht: 0","215789","3","5","1","08","14","3","","0","1","1","0","0"
"POINT (13.475262091000047 52.501729066000053)","Unfall 215790 (2021) Kat:3, Licht: 0","215790","3","1","0","09","17","3","","0","1","0","0","0"
"POINT (13.398112288000050 52.510022100000072)","Unfall 215791 (2021) Kat:3, Licht: 1","215791","3","3","0","09","18","3","","1","0","1","0","1"
"POINT (13.483400185000050 52.528699647000053)","Unfall 215792 (2021) Kat:3, Licht: 0","215792","3","4","6","09","17","3","","0","1","0","1","0"
"POINT (13.422550923000074 52.559861891000082)","Unfall 215793 (2021) Kat:3, Licht: 0","215793","3","3","5","09","18","4","","0","0","1","0","1"
"POINT (13.303977169000063 52.419047676000048)","Unfall 215794 (2021) Kat:3, Licht: 2","215794","3","1","1","09","22","6","","2","0","1","0","1"
"POINT (13.423360690000038 52.551086745000077)","Unfall 215795 (2021) Kat:3, Licht: 2","215795","3","3","5","09","23","7","","2","0","1","0","0"
"POINT (13.443841760000055 52.500087582000049)","Unfall 215796 (2021) Kat:3, Licht: 0","215796","3","3","5","08","16","4","","0","1","0","0","0"
"POINT (13.325447923000070 52.608306392000031)","Unfall 215797 (2021) Kat:3, Licht: 0","215797","3","3","5","08","11","6","","0","1","1","0","0"
"POINT (13.173665651000022 52.517769849000047)","Unfall 215798 (2021) Kat:3, Licht: 1","215798","3","6","2","09","16","5","","1","0","1","0","0"
"POINT (13.452575230000036 52.475623837000057)","Unfall 215799 (2021) Kat:3, Licht: 0","215799","3","7","7","09","09","5","","0","0","0","0","0"
"POINT (13.575778671000023 52.491199617000063)","Unfall 215800 (2021) Kat:3, Licht: 1","215800","3","3","5","09","20","6","","1","0","1","0","1"
"POINT (13.379402897000034 52.529432854000049)","Unfall 215801 (2021) Kat:3, Licht: 2","215801","3","2","5","09","20","5","","2","1","1","0","0"
"POINT (13.430079975000069 52.503463330000045)","Unfall 215802 (2021) Kat:3, Licht: 0","215802","3","3","5","08","08","2","","0","0","1","0","0"
"POINT (13.239678562000051 52.526326334000032)","Unfall 215803 (2021) Kat:3, Licht: 1","215803","3","6","2","09","06","2","","1","0","1","0","0"
"POINT (13.271528628000056 52.536514472000079)","Unfall 215804 (2021) Kat:3, Licht: 2","215804","3","6","2","09","21","1","","2","0","1","0","0"
"POINT (13.398617134000062 52.532557600000075)","Unfall 215805 (2021) Kat:3, Licht: 2","215805","3","7","0","09","21","4","","2","1","0","0","0"
"POINT (13.421703421000075 52.492964869000048)","Unfall 215806 (2021) Kat:3, Licht: 0","215806","3","3","5","09","07","2","","0","1","1","0","0"
"POINT (13.230030039000042 52.430743674000041)","Unfall 215807 (2021) Kat:3, Licht: 1","215807","3","3","0","09","19","3","","1","0","0","0","1"
"POINT (13.424527807000061 52.516392629000052)","Unfall 215808 (2021) Kat:3, Licht: 0","215808","3","4","6","09","15","5","","0","0","1","1","0"
"POINT (13.567778085000043 52.505424543000061)","Unfall 215809 (2021) Kat:3, Licht: 0","215809","3","1","1","09","08","6","","0","0","1","0","0"
"POINT (13.548392936000027 52.456985024000062)","Unfall 215810 (2021) Kat:3, Licht: 0","215810","3","5","1","08","19","4","","0","0","1","0","0"
"POINT (13.439727416000039 52.513941460000069)","Unfall 215811 (2021) Kat:3, Licht: 0","215811","3","2","0","09","13","6","","0","0","1","0","1"
"POINT (13.376869326000076 52.556617440000082)","Unfall 215812 (2021) Kat:3, Licht: 0","215812","3","2","6","08","17","5","","0","0","1","1","0"
"POINT (13.343856090000031 52.545985618000032)","Unfall 215813 (2021) Kat:3, Licht: 0","215813","3","6","2","09","11","4","","0","0","1","0","0"
"POINT (13.497803413000042 52.433676132000073)","Unfall 215814 (2021) Kat:3, Licht: 0","215814","3","3","5","09","10","4","","0","0","1","0","0"
"POINT (13.400118417000044 52.459112968000056)","Unfall 215815 (2021) Kat:2, Licht: 2","215815","2","2","5","09","05","6","","2","0","1","0","1"
"POINT (13.600280721000047 52.475607010000033)","Unfall 215816 (2021) Kat:3, Licht: 0","215816","3","6","6","09","15","4","","0","1","0","1","0"
"POINT (13.452997380000056 52.481784764000054)","Unfall 215817 (2021) Kat:3, Licht: 2","215817","3","6","1","08","20","7","","2","1","1","0","0"
"POINT (13.343302549000043 52.488946201000033)","Unfall 215818 (2021) Kat:3, Licht: 0","215818","3","5","1","09","12","1","","0","0","1","0","0"
"POINT (13.223213040000076 52.537108613000044)","Unfall 215819 (2021) Kat:3, Licht: 0","215819","3","2","5","09","15","4","","0","1","1","0","0"
"POINT (13.564023071000065 52.556417223000039)","Unfall 215820 (2021) Kat:3, Licht: 0","215820","3","1","0","09","11","7","","0","1","0","0","0"
"POINT (13.398178076000022 52.442938377000075)","Unfall 215821 (2021) Kat:3, Licht: 0","215821","3","6","2","09","16","3","","0","0","1","0","0"
"POINT (13.297376142000076 52.495617837000054)","Unfall 215822 (2021) Kat:3, Licht: 0","215822","3","5","1","09","14","3","","0","1","1","0","0"
"POINT (13.294426936000036 52.427014070000041)","Unfall 215823 (2021) Kat:3, Licht: 0","215823","3","3","5","09","15","6","","0","0","1","0","0"
"POINT (13.449174706000065 52.517764615000033)","Unfall 215824 (2021) Kat:3, Licht: 0","215824","3","3","4","08","15","3","","0","1","1","0","0"
"POINT (13.328843100000029 52.472326320000036)","Unfall 215825 (2021) Kat:3, Licht: 0","215825","3","3","5","08","10","5","","0","1","0","0","0"
"POINT (13.293769738000037 52.445642666000026)","Unfall 215826 (2021) Kat:3, Licht: 2","215826","3","7","0","09","23","3","","2","0","1","0","0"
"POINT (13.344323641000074 52.531528614000081)","Unfall 215827 (2021) Kat:3, Licht: 0","215827","3","7","6","09","13","4","","0","1","0","1","0"
"POINT (13.335802723000029 52.541892418000032)","Unfall 215828 (2021) Kat:3, Licht: 1","215828","3","1","8","09","06","3","","1","0","1","0","0"
"POINT (13.375598681000042 52.540414973000054)","Unfall 215829 (2021) Kat:3, Licht: 2","215829","3","3","5","10","02","6","","2","0","1","0","0"
"POINT (13.388717539000027 52.517692475000047)","Unfall 215830 (2021) Kat:3, Licht: 0","215830","3","6","3","09","16","6","","0","1","1","0","0"
"POINT (13.576402340000072 52.513144650000072)","Unfall 215831 (2021) Kat:3, Licht: 2","215831","3","1","2","08","20","3","","2","0","0","0","1"
"POINT (13.184771172000069 52.547555307000039)","Unfall 215832 (2021) Kat:3, Licht: 0","215832","3","3","5","09","08","1","","0","0","1","0","0"
"POINT (13.536669555000060 52.435728261000065)","Unfall 215833 (2021) Kat:3, Licht: 2","215833","3","3","5","09","04","2","","2","0","1","0","0"
"POINT (13.421738453000046 52.514233507000029)","Unfall 215834 (2021) Kat:3, Licht: 0","215834","3","2","2","08","13","7","","0","1","1","0","0"
"POINT (13.343994960000032 52.435265417000039)","Unfall 215835 (2021) Kat:3, Licht: 0","215835","3","2","5","09","08","4","","0","1","1","0","0"
"POINT (13.517841456000042 52.563851879000026)","Unfall 215836 (2021) Kat:3, Licht: 0","215836","3","3","5","09","17","6","","0","0","1","0","1"
"POINT (13.447498913000061 52.436947611000051)","Unfall 215837 (2021) Kat:3, Licht: 0","215837","3","2","5","08","09","3","","0","0","1","0","0"
"POINT (13.473542313000053 52.424276896000038)","Unfall 215838 (2021) Kat:2, Licht: 0","215838","2","4","6","09","18","3","","0","0","1","1","0"
"POINT (13.316588719000038 52.499517239000056)","Unfall 215839 (2021) Kat:3, Licht: 0","215839","3","2","5","09","08","3","","0","1","1","0","0"
"POINT (13.355804921000072 52.568799434000027)","Unfall 215840 (2021) Kat:3, Licht: 0","215840","3","5","1","09","10","2","","0","1","0","0","0"
"POINT (13.379311181000048 52.507034346000069)","Unfall 215841 (2021) Kat:3, Licht: 0","215841","3","3","5","09","18","4","","0","0","1","0","0"
"POINT (13.359712275000049 52.431729358000041)","Unfall 215842 (2021) Kat:3, Licht: 0","215842","3","4","6","09","13","6","","0","1","0","1","0"
"POINT (13.353335490000063 52.500938766000047)","Unfall 215843 (2021) Kat:3, Licht: 0","215843","3","3","5","09","13","6","","0","1","1","0","0"
"POINT (13.271977286000038 52.536975234000067)","Unfall 215844 (2021) Kat:3, Licht: 2","215844","3","3","5","09","22","7","","2","0","1","0","0"
"POINT (13.254689242000040 52.562120594000078)","Unfall 215845 (2021) Kat:3, Licht: 2","215845","3","6","2","08","19","4","","2","0","1","0","0"
"POINT (13.331132901000046 52.527202423000062)","Unfall 215846 (2021) Kat:3, Licht: 0","215846","3","6","2","08","15","6","","0","0","1","0","0"
"POINT (13.162661358000037 52.520076163000056)","Unfall 215847 (2021) Kat:2, Licht: 2","215847","2","2","5","09","19","5","","2","0","1","0","1"
"POINT (13.320213554000077 52.575968491000026)","Unfall 215848 (2021) Kat:3, Licht: 0","215848","3","4","6","10","14","6","","0","0","1","1","0"
"POINT (13.378324975000055 52.467093122000051)","Unfall 215849 (2021) Kat:3, Licht: 0","215849","3","3","5","09","16","7","","0","0","1","0","0"
"POINT (13.352540549000025 52.539685989000077)","Unfall 215850 (2021) Kat:3, Licht: 0","215850","3","5","1","08","15","3","","0","1","1","0","0"
"POINT (13.582410154000058 52.442457330000082)","Unfall 215851 (2021) Kat:3, Licht: 0","215851","3","2","6","09","15","6","","0","0","1","1","0"
"POINT (13.305924850000054 52.506780518000028)","Unfall 215852 (2021) Kat:3, Licht: 0","215852","3","2","5","09","15","2","","0","1","1","0","0"
"POINT (13.315594638000050 52.443196701000033)","Unfall 215853 (2021) Kat:3, Licht: 0","215853","3","2","5","08","16","5","","0","1","0","0","0"
"POINT (13.586501425000051 52.440541028000041)","Unfall 215854 (2021) Kat:2, Licht: 1","215854","2","1","4","08","20","2","","1","0","1","0","0"
"POINT (13.437125537000043 52.423757753000075)","Unfall 215855 (2021) Kat:3, Licht: 0","215855","3","2","5","09","19","4","","0","0","1","0","1"
"POINT (13.342688298000041 52.566572709000070)","Unfall 215856 (2021) Kat:2, Licht: 0","215856","2","5","1","09","15","6","","0","0","1","0","0"
"POINT (13.338808403000030 52.453959859000065)","Unfall 215857 (2021) Kat:3, Licht: 0","215857","3","5","1","08","16","3","","0","1","1","0","0"