WKT,Name,OBJECTID,UKATEGORIE,UTYP1,UART,UMONAT,USTUNDE,UWOCHENTAG,STRZUSTAND,ULICHTVERH,ISTRAD,ISTPKW,ISTFUSS,ISTKRAD
"POINT (13.572392435000040 52.451233408000064)","Unfall 215858 (2021) Kat:3, Licht: 0","215858","3","6","2","09","07","2","","0","0","1","0","0"
"POINT (13.305217476000053 52.568173245000082)","Unfall 215859 (2021) Kat:3, Licht: 0","215859","3","6","2","09","14","3","","0","0","1","0","0"
"POINT (13.378313302000038 52.477471175000062)","Unfall 215860 (2021) Kat:3, Licht: 0","215860","3","3","0","09","15","2","","0","0","1","0","0"
"POINT (13.431898630000035 52.505667684000059)","Unfall 215861 (2021) Kat:3, Licht: 0","215861","3","3","5","09","07","4","","0","0","1","0","1"
"POINT (13.434060470000077 52.442787189000057)","Unfall 215862 (2021) Kat:3, Licht: 0","215862","3","7","5","09","14","5","","0","0","1","0","1"
"POINT (13.381373280000048 52.440771395000070)","Unfall 215863 (2021) Kat:3, Licht: 0","215863","3","6","2","09","15","1","","0","0","1","0","0"
"POINT (13.247982982000053 52.546499947000029)","Unfall 215864 (2021) Kat:2, Licht: 0","215864","2","7","5","08","16","4","","0","0","1","0","0"
"POINT (13.395659168000066 52.565845986000056)","Unfall 215865 (2021) Kat:3, Licht: 0","215865","3","2","5","08","17","7","","0","0","1","0","0"
"POINT (13.514929333000055 52.469213371000080)","Unfall 215866 (2021) Kat:3, Licht: 0","215866","3","6","2","09","12","5","","0","0","1","0","0"
"POINT (13.344449269000052 52.485575972000049)","Unfall 215867 (2021) Kat:3, Licht: 0","215867","3","3","5","08","12","2","","0","1","1","0","0"
"POINT (13.493234413000039 52.514430494000067)","Unfall 215868 (2021) Kat:3, Licht: 0","215868","3","3","5","09","18","4","","0","0","1","0","0"
"POINT (13.466140921000033 52.500105993000034)","Unfall 215869 (2021) Kat:2, Licht: 0","215869","2","6","3","09","17","6","","0","1","1","0","0"
"POINT (13.452030569000044 52.510688565000066)","Unfall 215870 (2021) Kat:3, Licht: 2","215870","3","2","5","09","21","5","","2","1","1","0","0"
"POINT (13.521384584000032 52.426721948000079)","Unfall 215871 (2021) Kat:3, Licht: 0","215871","3","6","2","08","19","2","","0","0","1","0","0"
"POINT (13.285484185000030 52.474460655000030)","Unfall 215872 (2021) Kat:3, Licht: 2","215872","3","5","1","09","20","1","","2","0","1","0","0"
"POINT (13.441596830000037 52.554785061000075)","Unfall 215873 (2021) Kat:3, Licht: 0","215873","3","2","2","09","18","2","","0","0","1","0","0"
"POINT (13.536348633000046 52.432850736000034)","Unfall 215874 (2021) Kat:3, Licht: 0","215874","3","2","5","09","07","4","","0","0","1","0","0"
"POINT (13.432945615000051 52.464595257000042)","Unfall 215875 (2021) Kat:3, Licht: 2","215875","3","2","6","09","23","1","","2","0","1","1","0"
"POINT (13.364120367000055 52.475874383000075)","Unfall 215876 (2021) Kat:3, Licht: 0","215876","3","7","1","09","17","3","","0","1","0","0","0"
"POINT (13.292092628000034 52.575524926000071)","Unfall 215877 (2021) Kat:3, Licht: 2","215877","3","6","2","09","19","5","","2","0","1","0","0"
"POINT (13.451340698000024 52.452528787000062)","Unfall 215878 (2021) Kat:3, Licht: 2","215878","3","1","0","09","21","7","","2","0","1","0","0"
"POINT (13.436034033000055 52.424241483000060)","Unfall 215879 (2021) Kat:2, Licht: 0","215879","2","5","1","08","18","4","","0","1","1","0","0"
"POINT (13.488384911000026 52.502180576000057)","Unfall 215880 (2021) Kat:3, Licht: 0","215880","3","6","2","09","12","6","","0","0","1","0","0"
"POINT (13.295230000000060 52.575484632000041)","Unfall 215881 (2021) Kat:2, Licht: 2","215881","2","7","0","08","02","6","","2","0","1","0","0"
"POINT (13.184683842000027 52.547598160000064)","Unfall 215882 (2021) Kat:3, Licht: 0","215882","3","2","5","09","11","4","","0","0","1","0","0"
"POINT (13.431123558000024 52.555697857000041)","Unfall 215883 (2021) Kat:2, Licht: 0","215883","2","1","0","09","12","4","","0","0","0","0","1"
"POINT (13.392769178000037 52.492034102000048)","Unfall 215884 (2021) Kat:3, Licht: 0","215884","3","2","5","09","13","6","","0","1","1","0","0"
"POINT (13.500994700000035 52.509153324000067)","Unfall 215885 (2021) Kat:3, Licht: 0","215885","3","6","2","09","16","5","","0","1","1","0","0"
"POINT (13.383791018000068 52.572759400000052)","Unfall 215886 (2021) Kat:3, Licht: 2","215886","3","2","5","08","22","7","","2","1","1","0","0"
"POINT (13.369839735000028 52.589330008000047)","Unfall 215887 (2021) Kat:3, Licht: 0","215887","3","6","2","09","10","1","","0","0","1","0","0"
"POINT (13.341089707000037 52.588326238000036)","Unfall 215888 (2021) Kat:2, Licht: 1","215888","2","6","2","08","17","3","","1","0","1","0","0"
"POINT (13.215553993000071 52.526814904000048)","Unfall 215889 (2021) Kat:3, Licht: 0","215889","3","6","2","09","16","6","","0","0","1","0","1"
"POINT (13.304574211000045 52.436965819000079)","Unfall 215890 (2021) Kat:3, Licht: 0","215890","3","5","1","09","16","2","","0","1","1","0","0"
"POINT (13.351065829000049 52.596414314000071)","Unfall 215891 (2021) Kat:3, Licht: 0","215891","3","2","2","09","13","4","","0","0","1","0","0"
"POINT (13.489719640000033 52.520522098000072)","Unfall 215892 (2021) Kat:3, Licht: 0","215892","3","4","6","09","07","6","","0","0","0","1","1"
"POINT (13.303095476000067 52.513530667000055)","Unfall 215893 (2021) Kat:3, Licht: 0","215893","3","3","5","08","11","3","","0","1","0","0","0"
"POINT (13.322224668000047 52.506417001000045)","Unfall 215894 (2021) Kat:3, Licht: 0","215894","3","6","2","08","11","5","","0","1","1","0","0"
"POINT (13.321849666000048 52.505776725000032)","Unfall 215895 (2021) Kat:2, Licht: 0","215895","2","2","6","09","11","3","","0","0","1","1","0"
"POINT (13.440721131000032 52.524414332000049)","Unfall 215896 (2021) Kat:3, Licht: 0","215896","3","3","5","09","16","3","","0","1","1","0","0"
"POINT (13.452606675000027 52.534093710000036)","Unfall 215897 (2021) Kat:3, Licht: 0","215897","3","6","2","09","17","3","","0","0","1","0","1"
"POINT (13.281280533000029 52.512785019000034)","Unfall 215898 (2021) Kat:3, Licht: 2","215898","3","2","2","10","18","6","","2","0","1","0","0"
"POINT (13.283274249000044 52.582951567000066)","Unfall 215899 (2021) Kat:3, Licht: 0","215899","3","3","5","09","16","6","","0","1","1","0","0"
"POINT (13.349901428000067 52.500838907000059)","Unfall 215900 (2021) Kat:3, Licht: 0","215900","3","3","5","08","16","3","","0","1","0","0","0"
"POINT (13.395549991000053 52.497736590000045)","Unfall 215901 (2021) Kat:3, Licht: 0","215901","3","2","5","09","11","1","","0","1","1","0","0"
"POINT (13.208143083000039 52.560630736000064)","Unfall 215902 (2021) Kat:3, Licht: 0","215902","3","6","2","09","10","2","","0","0","1","0","0"
"POINT (13.256717796000032 52.429364856000063)","Unfall 215903 (2021) Kat:3, Licht: 0","215903","3","5","1","08","07","7","","0","1","1","0","0"
"POINT (13.413812438000036 52.566695187000050)","Unfall 215904 (2021) Kat:3, Licht: 0","215904","3","6","2","08","07","2","","0","0","1","0","1"
"POINT (13.348527593000028 52.515112642000076)","Unfall 215905 (2021) Kat:3, Licht: 0","215905","3","6","2","09","08","5","","0","0","1","0","1"
"POINT (13.348367727000038 52.423272910000037)","Unfall 215906 (2021) Kat:3, Licht: 0","215906","3","6","2","09","17","6","","0","0","1","0","0"
"POINT (13.594798395000055 52.512821126000063)","Unfall 215907 (2021) Kat:3, Licht: 0","215907","3","5","5","08","14","1","","0","0","1","0","0"
"POINT (13.468878213000039 52.502460173000031)","Unfall 215908 (2021) Kat:3, Licht: 0","215908","3","4","6","09","16","3","","0","0","1","1","0"
"POINT (13.306598432000044 52.577438080000036)","Unfall 215909 (2021) Kat:2, Licht: 2","215909","2","3","5","09","22","3","","2","0","1","0","1"
"POINT (13.325989487000072 52.459191657000076)","Unfall 215910 (2021) Kat:3, Licht: 0","215910","3","6","3","09","18","3","","0","1","1","0","0"
"POINT (13.359030658000052 52.494365772000037)","Unfall 215911 (2021) Kat:2, Licht: 0","215911","2","2","5","09","13","3","","0","1","1","0","0"
"POINT (13.398175475000073 52.584892701000058)","Unfall 215912 (2021) Kat:3, Licht: 0","215912","3","3","5","09","16","6","","0","0","1","0","0"
"POINT (13.309137608000071 52.506485465000026)","Unfall 215913 (2021) Kat:3, Licht: 0","215913","3","2","5","09","13","6","","0","1","1","0","0"
"POINT (13.432626184000071 52.605261022000036)","Unfall 215914 (2021) Kat:3, Licht: 0","215914","3","5","1","09","12","1","","0","1","1","0","0"
"POINT (13.308414356000071 52.496212313000058)","Unfall 215915 (2021) Kat:3, Licht: 2","215915","3","1","0","08","21","4","","2","0","0","0","0"
"POINT (13.371087213000067 52.511109059000034)","Unfall 215916 (2021) Kat:3, Licht: 0","215916","3","6","2","08","15","6","","0","0","1","0","0"
"POINT (13.503630085000054 52.411614171000053)","Unfall 215917 (2021) Kat:3, Licht: 0","215917","3","2","2","09","15","5","","0","0","1","0","0"
"POINT (13.341230747000054 52.505562044000044)","Unfall 215918 (2021) Kat:2, Licht: 0","215918","2","1","0","09","14","6","","0","1","0","0","0"
"POINT (13.299857432000067 52.599140150000039)","Unfall 215919 (2021) Kat:3, Licht: 0","215919","3","3","5","09","09","5","","0","0","1","0","0"
"POINT (13.431167628000026 52.499225305000039)","Unfall 215920 (2021) Kat:3, Licht: 2","215920","3","3","5","09","21","6","","2","1","0","0","1"
"POINT (13.233122434000052 52.527618865000079)","Unfall 215921 (2021) Kat:3, Licht: 0","215921","3","5","0","09","07","5","","0","1","1","0","0"
"POINT (13.419493825000075 52.499161418000028)","Unfall 215922 (2021) Kat:3, Licht: 2","215922","3","6","2","08","22","7","","2","0","1","0","0"
"POINT (13.376431675000049 52.543100988000049)","Unfall 215923 (2021) Kat:3, Licht: 0","215923","3","2","5","09","13","2","","0","1","1","0","0"
"POINT (13.193889581000064 52.547306386000059)","Unfall 215924 (2021) Kat:3, Licht: 0","215924","3","3","5","09","09","2","","0","0","1","0","1"
"POINT (13.450574099000050 52.486384911000073)","Unfall 215925 (2021) Kat:3, Licht: 0","215925","3","3","5","09","06","4","","0","1","0","0","0"
"POINT (13.367431347000036 52.525971429000037)","Unfall 215926 (2021) Kat:2, Licht: 0","215926","2","1","8","09","04","1","","0","0","1","0","0"
"POINT (13.349730928000042 52.450250142000073)","Unfall 215927 (2021) Kat:3, Licht: 2","215927","3","6","2","09","22","2","","2","1","1","0","0"
"POINT (13.381483158000037 52.556055745000037)","Unfall 215928 (2021) Kat:2, Licht: 0","215928","2","2","0","09","16","4","","0","0","1","0","0"
"POINT (13.300480532000051 52.579419444000052)","Unfall 215929 (2021) Kat:3, Licht: 0","215929","3","1","0","08","14","2","","0","1","0","0","0"
"POINT (13.568043292000027 52.573614010000028)","Unfall 215930 (2021) Kat:3, Licht: 1","215930","3","2","5","09","19","7","","1","0","1","0","1"
"POINT (13.250657354000055 52.435132649000082)","Unfall 215931 (2021) Kat:2, Licht: 2","215931","2","6","0","08","20","3","","2","1","0","0","0"
"POINT (13.372893810000051 52.436813431000076)","Unfall 215932 (2021) Kat:3, Licht: 0","215932","3","3","0","08","11","5","","0","1","0","0","0"
"POINT (13.378595240000038 52.550418094000065)","Unfall 215933 (2021) Kat:2, Licht: 0","215933","2","2","6","09","11","4","","0","0","1","1","0"
"POINT (13.375521106000065 52.543299309000076)","Unfall 215934 (2021) Kat:3, Licht: 0","215934","3","3","5","09","07","4","","0","1","0","0","0"
"POINT (13.297635792000051 52.580003929000043)","Unfall 215935 (2021) Kat:3, Licht: 0","215935","3","3","5","09","13","6","","0","0","1","0","0"
"POINT (13.457234747000030 52.561067177000041)","Unfall 215936 (2021) Kat:3, Licht: 0","215936","3","2","5","09","18","5","","0","1","1","0","0"
"POINT (13.408073429000069 52.547222731000033)","Unfall 215937 (2021) Kat:3, Licht: 0","215937","3","5","5","08","09","6","","0","1","0","0","0"
"POINT (13.485792022000055 52.615855593000049)","Unfall 215938 (2021) Kat:2, Licht: 0","215938","2","3","5","09","12","1","","0","0","1","1","0"
"POINT (13.391389544000049 52.555223942000055)","Unfall 215939 (2021) Kat:3, Licht: 0","215939","3","3","5","09","20","5","","0","0","1","0","0"
"POINT (13.199944619000064 52.548464852000052)","Unfall 215940 (2021) Kat:3, Licht: 0","215940","3","5","0","09","13","4","","0","0","1","0","0"
"POINT (13.385765178000042 52.467086368000082)","Unfall 215941 (2021) Kat:3, Licht: 0","215941","3","3","0","09","18","4","","0","1","1","0","0"
"POINT (13.445274083000072 52.417631891000042)","Unfall 215942 (2021) Kat:3, Licht: 0","215942","3","2","5","09","09","6","","0","0","1","0","1"
"POINT (13.342941421000035 52.525316044000078)","Unfall 215943 (2021) Kat:3, Licht: 0","215943","3","2","5","09","08","5","","0","1","0","0","1"
"POINT (13.199068946000068 52.532952527000077)","Unfall 215944 (2021) Kat:3, Licht: 2","215944","3","6","2","08","01","1","","2","0","1","0","0"
"POINT (13.380309635000060 52.528667037000048)","Unfall 215945 (2021) Kat:3, Licht: 2","215945","3","5","1","09","02","1","","2","0","1","0","0"
"POINT (13.399064860000067 52.506869359000063)","Unfall 215946 (2021) Kat:3, Licht: 0","215946","3","6","3","09","15","2","","0","1","1","0","0"
"POINT (13.218289638000044 52.557456859000069)","Unfall 215947 (2021) Kat:3, Licht: 0","215947","3","5","1","09","20","4","","0","1","1","0","0"
"POINT (13.353674495000064 52.506730966000077)","Unfall 215948 (2021) Kat:3, Licht: 0","215948","3","6","2","09","17","7","","0","0","1","0","0"
"POINT (13.558115195000028 52.529635894000080)","Unfall 215949 (2021) Kat:3, Licht: 0","215949","3","3","5","09","07","3","","0","1","1","0","0"
"POINT (13.495396426000070 52.547035561000030)","Unfall 215950 (2021) Kat:3, Licht: 0","215950","3","6","2","09","16","5","","0","1","1","0","0"
"POINT (13.306314789000055 52.517587476000074)","Unfall 215951 (2021) Kat:3, Licht: 0","215951","3","2","5","09","12","7","","0","1","1","0","0"
"POINT (13.359449646000030 52.523294691000046)","Unfall 215952 (2021) Kat:3, Licht: 0","215952","3","2","5","08","12","3","","0","1","1","0","0"
"POINT (13.384172690000071 52.510040344000060)","Unfall 215953 (2021) Kat:3, Licht: 0","215953","3","6","3","08","17","5","","0","0","1","0","0"
"POINT (13.433939734000035 52.608490003000043)","Unfall 215954 (2021) Kat:3, Licht: 0","215954","3","3","5","09","07","4","","0","1","1","0","0"
"POINT (13.338729664000027 52.444393036000065)","Unfall 215955 (2021) Kat:3, Licht: 0","215955","3","3","5","09","15","4","","0","1","1","0","0"
"POINT (13.360487116000058 52.561907866000070)","Unfall 215956 (2021) Kat:3, Licht: 0","215956","3","3","2","09","14","6","","0","0","1","0","0"
"POINT (13.449831913000025 52.445554186000038)","Unfall 215957 (2021) Kat:3, Licht: 0","215957","3","3","5","09","15","5","","0","0","1","0","0"
"POINT (13.310261441000023 52.603790675000027)","Unfall 215958 (2021) Kat:3, Licht: 0","215958","3","5","1","08","13","1","","0","0","1","0","0"
"POINT (13.335433397000031 52.451512579000052)","Unfall 215959 (2021) Kat:3, Licht: 2","215959","3","3","5","09","21","7","","2","1","1","0","0"
"POINT (13.296843965000051 52.621573168000054)","Unfall 215960 (2021) Kat:3, Licht: 0","215960","3","4","6","09","14","4","","0","0","1","1","0"
"POINT (13.372281513000075 52.453114395000057)","Unfall 215961 (2021) Kat:3, Licht: 2","215961","3","6","2","09","20","6","","2","0","1","0","1"
"POINT (13.440094031000058 52.489575652000042)","Unfall 215962 (2021) Kat:3, Licht: 0","215962","3","3","5","09","18","3","","0","1","1","0","0"
"POINT (13.392903862000026 52.519180166000069)","Unfall 215963 (2021) Kat:3, Licht: 0","215963","3","1","0","09","14","6","","0","1","0","0","0"
"POINT (13.384186316000068 52.510016303000043)","Unfall 215964 (2021) Kat:3, Licht: 0","215964","3","5","0","08","07","3","","0","1","0","0","0"
"POINT (13.347642949000033 52.594837322000046)","Unfall 215965 (2021) Kat:2, Licht: 0","215965","2","3","5","09","10","4","","0","1","1","0","0"
"POINT (13.465657920000069 52.552104101000054)","Unfall 215966 (2021) Kat:2, Licht: 0","215966","2","4","6","09","12","3","","0","0","1","1","0"
"POINT (13.618719258000056 52.455485644000078)","Unfall 215967 (2021) Kat:3, Licht: 0","215967","3","3","5","09","15","3","","0","0","1","0","0"
"POINT (13.380613330000074 52.528410532000066)","Unfall 215968 (2021) Kat:3, Licht: 0","215968","3","2","0","10","11","6","","0","0","1","0","1"
"POINT (13.385164912000050 52.502192471000058)","Unfall 215969 (2021) Kat:3, Licht: 0","215969","3","3","5","09","16","6","","0","1","0","0","0"
"POINT (13.406143330000077 52.535097022000059)","Unfall 215970 (2021) Kat:3, Licht: 0","215970","3","1","0","09","17","5","","0","1","0","0","0"
"POINT (13.476760967000075 52.500917997000045)","Unfall 215971 (2021) Kat:3, Licht: 0","215971","3","7","6","09","16","7","","0","1","0","1","0"
"POINT (13.298342678000040 52.518001816000037)","Unfall 215972 (2021) Kat:3, Licht: 0","215972","3","7","6","09","14","2","","0","0","1","1","0"
"POINT (13.322270310000022 52.522085947000051)","Unfall 215973 (2021) Kat:3, Licht: 2","215973","3","3","5","08","23","7","","2","0","1","0","0"
"POINT (13.376790827000036 52.509635553000066)","Unfall 215974 (2021) Kat:3, Licht: 2","215974","3","2","5","10","19","6","","2","1","1","0","0"
"POINT (13.601696092000054 52.439783105000060)","Unfall 215975 (2021) Kat:3, Licht: 0","215975","3","7","5","08","17","2","","0","0","1","0","0"
"POINT (13.389108963000069 52.534611277000067)","Unfall 215976 (2021) Kat:3, Licht: 0","215976","3","2","5","09","06","5","","0","1","1","0","0"
"POINT (13.326104631000021 52.538377321000041)","Unfall 215977 (2021) Kat:3, Licht: 0","215977","3","2","5","09","13","1","","0","0","1","0","0"
"POINT (13.435802735000038 52.551095659000055)","Unfall 215978 (2021) Kat:3, Licht: 0","215978","3","3","5","09","12","6","","0","1","1","0","0"
"POINT (13.378208118000032 52.466282563000050)","Unfall 215979 (2021) Kat:3, Licht: 0","215979","3","3","5","08","13","2","","0","1","1","0","0"
"POINT (13.383867458000054 52.518412727000054)","Unfall 215980 (2021) Kat:3, Licht: 0","215980","3","4","6","09","13","2","","0","0","1","1","0"
"POINT (13.280315504000043 52.630136061000030)","Unfall 215981 (2021) Kat:3, Licht: 2","215981","3","3","5","09","06","3","","2","0","1","0","1"
"POINT (13.519826350000073 52.505838707000066)","Unfall 215982 (2021) Kat:3, Licht: 0","215982","3","6","3","08","09","2","","0","0","1","0","0"
"POINT (13.379211181000073 52.506994522000070)","Unfall 215983 (2021) Kat:3, Licht: 0","215983","3","2","5","09","09","2","","0","1","1","0","0"
"POINT (13.497841292000032 52.546886233000066)","Unfall 215984 (2021) Kat:3, Licht: 0","215984","3","4","0","09","11","4","","0","0","0","1","1"
"POINT (13.200771361000022 52.538584975000049)","Unfall 215985 (2021) Kat:3, Licht: 2","215985","3","2","5","09","06","6","","2","0","1","0","0"
"POINT (13.408035928000061 52.534200603000045)","Unfall 215986 (2021) Kat:2, Licht: 0","215986","2","5","1","09","07","1","","0","0","1","0","1"
"POINT (13.565597850000074 52.507273217000034)","Unfall 215987 (2021) Kat:3, Licht: 0","215987","3","4","6","08","17","4","","0","0","1","1","0"
"POINT (13.247579395000059 52.467522652000071)","Unfall 215988 (2021) Kat:3, Licht: 0","215988","3","1","0","08","10","6","","0","0","0","0","1"
"POINT (13.265046027000039 52.536657998000067)","Unfall 215989 (2021) Kat:3, Licht: 0","215989","3","2","5","09","15","5","","0","1","1","0","0"
"POINT (13.202772937000077 52.540870760000075)","Unfall 215990 (2021) Kat:2, Licht: 0","215990","2","3","5","09","14","6","","0","1","1","0","0"
"POINT (13.324796752000054 52.461341546000028)","Unfall 215991 (2021) Kat:3, Licht: 2","215991","3","1","0","09","21","4","","2","0","1","0","0"
"POINT (13.303764770000043 52.525586405000070)","Unfall 215992 (2021) Kat:3, Licht: 0","215992","3","3","5","09","12","7","","0","0","1","0","0"
"POINT (13.576798177000057 52.464012664000052)","Unfall 215993 (2021) Kat:3, Licht: 0","215993","3","3","5","09","07","6","","0","1","0","0","0"
"POINT (13.329218334000075 52.523892721000038)","Unfall 215994 (2021) Kat:3, Licht: 0","215994","3","6","2","08","15","7","","0","0","1","0","1"
"POINT (13.110415543000045 52.418892078000056)","Unfall 215995 (2021) Kat:3, Licht: 0","215995","3","6","3","09","14","1","","0","1","1","0","0"
"POINT (13.197064958000055 52.538342341000032)","Unfall 215996 (2021) Kat:3, Licht: 2","215996","3","2","6","09","20","2","","2","0","1","1","0"
"POINT (13.428858719000061 52.572052349000046)","Unfall 215997 (2021) Kat:3, Licht: 0","215997","3","7","5","09","15","5","","0","0","1","0","1"
"POINT (13.332648974000051 52.469114535000074)","Unfall 215998 (2021) Kat:2, Licht: 0","215998","2","3","5","09","17","2","","0","1","1","0","0"
"POINT (13.429815777000044 52.613506995000080)","Unfall 215999 (2021) Kat:3, Licht: 2","215999","3","6","6","09","00","2","","2","0","1","1","0"
"POINT (13.566404710000029 52.534288069000070)","Unfall 216000 (2021) Kat:3, Licht: 0","216000","3","2","5","09","07","5","","0","1","1","0","0"
"POINT (13.258871387000056 52.548105982000038)","Unfall 216001 (2021) Kat:3, Licht: 0","216001","3","1","0","09","18","6","","0","1","0","0","0"
"POINT (13.387546997000072 52.524583422000035)","Unfall 216002 (2021) Kat:3, Licht: 0","216002","3","6","2","08","09","3","","0","1","1","0","0"
"POINT (13.341565318000050 52.563665954000044)","Unfall 216003 (2021) Kat:3, Licht: 0","216003","3","6","2","08","13","5","","0","0","0","0","0"
"POINT (13.449022388000060 52.504179175000047)","Unfall 216004 (2021) Kat:3, Licht: 2","216004","3","1","0","09","21","3","","2","0","0","0","1"
"POINT (13.343137681000030 52.563342835000071)","Unfall 216005 (2021) Kat:3, Licht: 0","216005","3","1","2","09","15","4","","0","0","1","0","1"
"POINT (13.297137273000033 52.512260346000062)","Unfall 216006 (2021) Kat:3, Licht: 0","216006","3","5","1","09","11","6","","0","1","1","0","0"
"POINT (13.497800744000074 52.433424353000078)","Unfall 216007 (2021) Kat:3, Licht: 0","216007","3","6","2","09","17","5","","0","0","1","0","0"
"POINT (13.351418836000050 52.504533640000034)","Unfall 216008 (2021) Kat:3, Licht: 0","216008","3","1","0","08","08","6","","0","0","0","0","1"
"POINT (13.425323021000054 52.528189886000064)","Unfall 216009 (2021) Kat:3, Licht: 1","216009","3","4","0","09","21","7","","1","0","0","1","0"
"POINT (13.162214970000036 52.522490420000054)","Unfall 216010 (2021) Kat:3, Licht: 0","216010","3","6","3","09","12","4","","0","0","1","0","0"
"POINT (13.350810752000029 52.509448103000068)","Unfall 216011 (2021) Kat:3, Licht: 0","216011","3","6","2","09","16","7","","0","0","1","0","0"
"POINT (13.359524612000030 52.399058062000051)","Unfall 216012 (2021) Kat:3, Licht: 0","216012","3","6","2","09","18","2","","0","1","1","0","0"
"POINT (13.341149673000075 52.476197734000039)","Unfall 216013 (2021) Kat:3, Licht: 0","216013","3","3","5","08","16","6","","0","0","1","0","0"
"POINT (13.417084927000076 52.521932096000057)","Unfall 216014 (2021) Kat:3, Licht: 0","216014","3","6","0","08","08","2","","0","0","1","0","1"
"POINT (13.409605872000043 52.574871329000075)","Unfall 216015 (2021) Kat:3, Licht: 0","216015","3","7","1","09","09","4","","0","0","1","0","0"
"POINT (13.326735242000041 52.563202895000074)","Unfall 216016 (2021) Kat:3, Licht: 0","216016","3","4","6","09","09","6","","0","0","1","1","0"
"POINT (13.572495408000066 52.461234251000064)","Unfall 216017 (2021) Kat:3, Licht: 1","216017","3","6","2","08","06","2","","1","1","1","0","0"
"POINT (13.391143657000043 52.555477904000043)","Unfall 216018 (2021) Kat:3, Licht: 1","216018","3","5","1","09","10","3","","1","0","1","0","1"
"POINT (13.643548568000028 52.378165016000082)","Unfall 216019 (2021) Kat:3, Licht: 1","216019","3","3","5","09","06","3","","1","0","1","0","0"
"POINT (13.308057049000070 52.517038423000031)","Unfall 216020 (2021) Kat:2, Licht: 0","216020","2","7","6","09","16","3","","0","0","1","1","0"
"POINT (13.360826786000075 52.412572274000070)","Unfall 216021 (2021) Kat:3, Licht: 0","216021","3","1","0","09","15","7","","0","0","0","0","1"
"POINT (13.302288918000045 52.547890943000027)","Unfall 216022 (2021) Kat:3, Licht: 0","216022","3","2","5","09","08","2","","0","0","1","0","0"
"POINT (13.308151756000029 52.612253522000060)","Unfall 216023 (2021) Kat:3, Licht: 0","216023","3","3","0","08","10","4","","0","0","1","0","1"
"POINT (13.379020577000063 52.568388592000076)","Unfall 216024 (2021) Kat:3, Licht: 0","216024","3","3","5","08","11","7","","0","0","1","0","0"
"POINT (13.656831610000040 52.369470874000058)","Unfall 216025 (2021) Kat:3, Licht: 0","216025","3","7","4","09","11","5","","0","0","0","0","0"
"POINT (13.431438517000061 52.602115708000042)","Unfall 216026 (2021) Kat:3, Licht: 2","216026","3","6","2","09","21","4","","2","0","1","0","0"
"POINT (13.417696671000044 52.499269213000048)","Unfall 216027 (2021) Kat:3, Licht: 0","216027","3","3","5","09","16","6","","0","1","0","0","1"
"POINT (13.501915849000056 52.460790863000057)","Unfall 216028 (2021) Kat:2, Licht: 0","216028","2","3","5","09","08","7","","0","1","1","0","0"
"POINT (13.456673183000078 52.509793481000031)","Unfall 216029 (2021) Kat:3, Licht: 0","216029","3","1","0","09","19","2","","0","1","0","0","0"
"POINT (13.396686937000027 52.511143821000076)","Unfall 216030 (2021) Kat:2, Licht: 2","216030","2","1","0","08","03","6","","2","1","0","0","0"
"POINT (13.319269107000025 52.587628588000030)","Unfall 216031 (2021) Kat:3, Licht: 0","216031","3","6","2","08","14","2","","0","0","1","0","0"
"POINT (13.367799867000031 52.602732470000035)","Unfall 216032 (2021) Kat:3, Licht: 0","216032","3","3","5","09","18","6","","0","0","1","0","0"
"POINT (13.404003442000032 52.463467851000075)","Unfall 216033 (2021) Kat:3, Licht: 0","216033","3","2","5","08","15","2","","0","0","1","0","1"
"POINT (13.351278414000035 52.510277011000028)","Unfall 216034 (2021) Kat:3, Licht: 0","216034","3","6","3","09","08","4","","0","0","1","0","1"
"POINT (13.380111495000051 52.560309164000046)","Unfall 216035 (2021) Kat:3, Licht: 1","216035","3","2","6","09","07","4","","1","0","1","1","0"
"POINT (13.277012277000040 52.484508734000030)","Unfall 216036 (2021) Kat:3, Licht: 0","216036","3","1","0","09","15","3","","0","0","1","0","1"
"POINT (13.197016545000054 52.531468350000068)","Unfall 216037 (2021) Kat:2, Licht: 0","216037","2","1","0","09","09","7","","0","0","0","0","1"
"POINT (13.473752367000031 52.536175612000079)","Unfall 216038 (2021) Kat:3, Licht: 0","216038","3","7","6","08","06","3","","0","0","1","1","0"
"POINT (13.290955125000039 52.581008423000071)","Unfall 216039 (2021) Kat:3, Licht: 0","216039","3","3","5","09","15","1","","0","1","1","0","0"
"POINT (13.467804751000074 52.427595567000026)","Unfall 216040 (2021) Kat:3, Licht: 1","216040","3","5","1","09","05","1","","1","0","1","0","0"
"POINT (13.364357332000054 52.562646000000029)","Unfall 216041 (2021) Kat:3, Licht: 0","216041","3","2","5","08","12","7","","0","1","1","0","0"
"POINT (13.588711682000053 52.455513906000078)","Unfall 216042 (2021) Kat:2, Licht: 0","216042","2","4","6","09","17","5","","0","0","1","1","0"
"POINT (13.392266882000058 52.412525285000072)","Unfall 216043 (2021) Kat:3, Licht: 0","216043","3","2","5","09","14","5","","0","0","1","0","0"
"POINT (13.513830834000032 52.463306062000072)","Unfall 216044 (2021) Kat:3, Licht: 1","216044","3","5","1","09","19","1","","1","1","1","0","0"