WKT,Name,OBJECTID,UKATEGORIE,UTYP1,UART,UMONAT,USTUNDE,UWOCHENTAG,STRZUSTAND,ULICHTVERH,ISTRAD,ISTPKW,ISTFUSS,ISTKRAD
"POINT (13.158939340000074 52.462851524000030)","Unfall 216232 (2021) Kat:3, Licht: 0","216232","3","5","4","08","13","4","","0","0","1","0","0"
"POINT (13.421108182000069 52.480251069000076)","Unfall 216233 (2021) Kat:3, Licht: 1","216233","3","2","5","08","20","6","","1","0","1","0","0"
"POINT (13.286387059000049 52.478625687000033)","Unfall 216234 (2021) Kat:3, Licht: 2","216234","3","5","0","09","22","5","","2","0","1","0","1"
"POINT (13.194334540000057 52.545640675000072)","Unfall 216235 (2021) Kat:2, Licht: 0","216235","2","6","0","08","15","2","","0","0","1","0","1"
"POINT (13.398057237000046 52.534881093000081)","Unfall 216236 (2021) Kat:3, Licht: 1","216236","3","3","5","09","17","4","","1","0","1","0","0"
"POINT (13.399716053000077 52.509078220000049)","Unfall 216237 (2021) Kat:3, Licht: 2","216237","3","6","3","09","19","6","","2","0","0","0","1"
"POINT (13.373181814000077 52.547058598000035)","Unfall 216238 (2021) Kat:3, Licht: 0","216238","3","7","5","09","07","6","","0","1","0","0","0"
"POINT (13.202307490000067 52.546547196000063)","Unfall 216239 (2021) Kat:3, Licht: 2","216239","3","1","0","08","04","1","","2","0","0","0","0"
"POINT (13.483317222000039 52.611884048000036)","Unfall 216240 (2021) Kat:3, Licht: 0","216240","3","4","6","09","15","1","","0","0","1","1","0"
"POINT (13.575339863000067 52.447489472000029)","Unfall 216241 (2021) Kat:3, Licht: 0","216241","3","2","5","09","10","2","","0","0","1","0","0"
"POINT (13.361055583000052 52.555365770000037)","Unfall 216242 (2021) Kat:2, Licht: 0","216242","2","2","5","09","14","5","","0","1","1","0","0"
"POINT (13.249501571000053 52.515671489000056)","Unfall 216243 (2021) Kat:3, Licht: 0","216243","3","2","5","09","09","1","","0","0","1","0","0"
"POINT (13.326525962000062 52.459710821000044)","Unfall 216244 (2021) Kat:3, Licht: 1","216244","3","3","0","09","20","3","","1","1","0","0","0"
"POINT (13.366662661000078 52.474731105000046)","Unfall 216245 (2021) Kat:3, Licht: 0","216245","3","4","6","09","15","4","","0","0","1","1","0"
"POINT (13.286838838000051 52.512971615000026)","Unfall 216246 (2021) Kat:3, Licht: 1","216246","3","2","5","09","17","6","","1","1","1","0","0"
"POINT (13.480007152000042 52.464719091000063)","Unfall 216247 (2021) Kat:3, Licht: 0","216247","3","7","1","08","15","3","","0","0","1","0","0"
"POINT (13.454166774000043 52.479681498000048)","Unfall 216248 (2021) Kat:3, Licht: 0","216248","3","7","0","08","17","5","","0","0","0","0","1"
"POINT (13.612156103000075 52.538971163000042)","Unfall 216249 (2021) Kat:3, Licht: 0","216249","3","3","5","09","11","4","","0","0","1","0","0"
"POINT (13.444769319000045 52.485097342000074)","Unfall 216250 (2021) Kat:3, Licht: 0","216250","3","3","5","09","15","4","","0","1","1","0","0"
"POINT (13.332730133000041 52.475473081000075)","Unfall 216251 (2021) Kat:3, Licht: 0","216251","3","7","5","09","16","5","","0","1","1","0","0"
"POINT (13.685756583000057 52.442948796000053)","Unfall 216252 (2021) Kat:3, Licht: 0","216252","3","6","3","09","15","4","","0","1","0","0","1"
"POINT (13.341314401000034 52.545051533000048)","Unfall 216253 (2021) Kat:2, Licht: 0","216253","2","1","9","08","15","1","","0","0","0","0","1"
"POINT (13.572360601000071 52.548971904000041)","Unfall 216254 (2021) Kat:3, Licht: 0","216254","3","6","2","09","12","7","","0","0","1","0","0"
"POINT (13.354482671000028 52.618072071000029)","Unfall 216255 (2021) Kat:3, Licht: 0","216255","3","3","5","09","14","4","","0","1","1","0","0"
"POINT (13.315640247000033 52.469743666000056)","Unfall 216256 (2021) Kat:3, Licht: 0","216256","3","6","0","09","09","7","","0","1","0","0","0"
"POINT (13.294383237000034 52.484485522000057)","Unfall 216257 (2021) Kat:3, Licht: 0","216257","3","6","2","09","07","3","","0","0","1","0","0"
"POINT (13.142922595000073 52.539620270000057)","Unfall 216258 (2021) Kat:3, Licht: 0","216258","3","3","5","08","16","2","","0","0","1","0","0"
"POINT (13.522607214000061 52.506839146000061)","Unfall 216259 (2021) Kat:3, Licht: 0","216259","3","5","1","09","10","6","","0","1","1","0","0"
"POINT (13.227435876000072 52.528555120000078)","Unfall 216260 (2021) Kat:2, Licht: 2","216260","2","6","2","08","23","2","","2","0","1","0","0"
"POINT (13.353206763000060 52.449309238000069)","Unfall 216261 (2021) Kat:3, Licht: 0","216261","3","3","5","09","07","3","","0","1","1","0","0"
"POINT (13.457522590000053 52.512861610000073)","Unfall 216262 (2021) Kat:3, Licht: 0","216262","3","3","5","09","17","3","","0","1","0","0","0"
"POINT (13.381664395000030 52.556309588000033)","Unfall 216263 (2021) Kat:3, Licht: 0","216263","3","7","6","09","16","3","","0","0","0","1","0"
"POINT (13.312324720000049 52.419714772000077)","Unfall 216264 (2021) Kat:3, Licht: 2","216264","3","6","3","10","06","6","","2","1","1","0","0"
"POINT (13.274390964000077 52.500554002000058)","Unfall 216265 (2021) Kat:3, Licht: 2","216265","3","6","4","09","03","7","","2","0","1","0","0"
"POINT (13.404667615000051 52.539812225000048)","Unfall 216266 (2021) Kat:3, Licht: 0","216266","3","1","0","08","07","3","","0","0","0","0","0"
"POINT (13.575194933000034 52.424428535000061)","Unfall 216267 (2021) Kat:3, Licht: 0","216267","3","6","2","09","09","7","","0","1","0","0","0"
"POINT (13.465935295000065 52.508872538000048)","Unfall 216268 (2021) Kat:3, Licht: 0","216268","3","4","6","09","17","7","","0","0","1","1","0"
"POINT (13.424847570000054 52.482244697000056)","Unfall 216269 (2021) Kat:3, Licht: 2","216269","3","4","6","08","22","6","","2","0","1","1","0"
"POINT (13.464063457000066 52.513007075000075)","Unfall 216270 (2021) Kat:3, Licht: 2","216270","3","3","5","09","23","5","","2","0","1","0","0"
"POINT (13.442747348000069 52.480408197000031)","Unfall 216271 (2021) Kat:3, Licht: 2","216271","3","6","4","08","21","1","","2","1","1","0","0"
"POINT (13.315505906000055 52.488385174000030)","Unfall 216272 (2021) Kat:2, Licht: 0","216272","2","3","5","08","16","2","","0","0","1","0","0"
"POINT (13.390476294000052 52.495853534000048)","Unfall 216273 (2021) Kat:3, Licht: 0","216273","3","3","5","09","16","5","","0","0","1","0","0"
"POINT (13.324687630000028 52.495068122000077)","Unfall 216274 (2021) Kat:3, Licht: 0","216274","3","7","5","09","12","7","","0","1","1","0","0"
"POINT (13.200851333000060 52.538555839000026)","Unfall 216275 (2021) Kat:3, Licht: 0","216275","3","2","0","09","11","6","","0","0","1","0","0"
"POINT (13.378524519000052 52.566026395000051)","Unfall 216276 (2021) Kat:3, Licht: 0","216276","3","3","5","08","10","2","","0","0","1","0","0"
"POINT (13.360383002000049 52.412768304000053)","Unfall 216277 (2021) Kat:3, Licht: 0","216277","3","1","4","09","10","3","","0","0","1","0","0"
"POINT (13.364668381000058 52.427058311000053)","Unfall 216278 (2021) Kat:3, Licht: 1","216278","3","3","5","09","18","3","","1","1","1","0","0"
"POINT (13.524758478000024 52.495288499000026)","Unfall 216279 (2021) Kat:3, Licht: 1","216279","3","6","2","08","17","1","","1","0","1","0","1"
"POINT (13.400684121000040 52.414366133000044)","Unfall 216280 (2021) Kat:3, Licht: 0","216280","3","6","0","09","11","2","","0","0","1","0","0"
"POINT (13.199337781000054 52.534491100000082)","Unfall 216281 (2021) Kat:3, Licht: 0","216281","3","6","2","09","12","4","","0","0","1","0","1"
"POINT (13.307970722000050 52.496692339000049)","Unfall 216282 (2021) Kat:3, Licht: 0","216282","3","6","3","09","12","6","","0","0","1","0","0"
"POINT (13.396038389000068 52.538349389000075)","Unfall 216283 (2021) Kat:3, Licht: 0","216283","3","2","5","09","16","5","","0","1","1","0","0"
"POINT (13.389760212000056 52.574296665000077)","Unfall 216284 (2021) Kat:2, Licht: 2","216284","2","3","5","09","02","7","","2","1","1","0","0"
"POINT (13.441800076000050 52.469714100000033)","Unfall 216285 (2021) Kat:3, Licht: 2","216285","3","2","6","08","22","4","","2","0","1","1","0"
"POINT (13.203426458000024 52.540805837000050)","Unfall 216286 (2021) Kat:3, Licht: 0","216286","3","6","3","08","09","6","","0","0","1","0","1"
"POINT (13.432237478000047 52.464540451000062)","Unfall 216287 (2021) Kat:3, Licht: 2","216287","3","2","5","09","21","4","","2","1","1","0","0"
"POINT (13.445765112000061 52.501844669000036)","Unfall 216288 (2021) Kat:3, Licht: 0","216288","3","1","0","09","18","4","","0","0","1","0","1"
"POINT (13.392808600000023 52.412543647000064)","Unfall 216289 (2021) Kat:3, Licht: 2","216289","3","3","5","09","04","7","","2","0","1","0","0"
"POINT (13.476501892000044 52.425566811000067)","Unfall 216290 (2021) Kat:3, Licht: 0","216290","3","3","5","09","09","6","","0","0","1","0","1"
"POINT (13.147783855000057 52.418283772000052)","Unfall 216291 (2021) Kat:2, Licht: 0","216291","2","3","5","08","14","7","","0","1","0","0","0"
"POINT (13.494773597000062 52.559492544000079)","Unfall 216292 (2021) Kat:3, Licht: 1","216292","3","2","5","09","18","1","","1","0","1","0","0"
"POINT (13.633965399000033 52.538605951000079)","Unfall 216293 (2021) Kat:3, Licht: 0","216293","3","6","3","09","15","5","","0","1","1","0","0"
"POINT (13.387785372000053 52.555444821000037)","Unfall 216294 (2021) Kat:3, Licht: 0","216294","3","7","6","09","10","2","","0","1","0","1","0"
"POINT (13.326594434000071 52.406312841000045)","Unfall 216295 (2021) Kat:3, Licht: 2","216295","3","6","3","08","19","3","","2","1","1","0","0"
"POINT (13.420616992000078 52.505822838000029)","Unfall 216296 (2021) Kat:3, Licht: 0","216296","3","5","1","09","16","7","","0","0","0","0","0"
"POINT (13.541106622000029 52.430117448000033)","Unfall 216297 (2021) Kat:3, Licht: 0","216297","3","2","5","09","08","3","","0","1","1","0","0"
"POINT (13.394227148000027 52.497565826000027)","Unfall 216298 (2021) Kat:3, Licht: 0","216298","3","6","3","09","13","5","","0","0","1","0","1"
"POINT (13.360834910000051 52.545363198000075)","Unfall 216299 (2021) Kat:3, Licht: 0","216299","3","5","1","09","08","2","","0","0","1","0","0"
"POINT (13.347475548000034 52.486994473000038)","Unfall 216300 (2021) Kat:3, Licht: 0","216300","3","3","5","09","10","4","","0","0","1","0","1"
"POINT (13.363816663000023 52.543556001000070)","Unfall 216301 (2021) Kat:2, Licht: 0","216301","2","4","6","09","13","6","","0","0","1","1","0"
"POINT (13.384324642000024 52.455860577000067)","Unfall 216302 (2021) Kat:3, Licht: 0","216302","3","6","0","08","15","2","","0","0","1","0","0"
"POINT (13.189273858000035 52.433749931000079)","Unfall 216303 (2021) Kat:3, Licht: 0","216303","3","3","0","09","15","7","","0","0","0","0","1"
"POINT (13.349931666000032 52.470244439000055)","Unfall 216304 (2021) Kat:3, Licht: 0","216304","3","2","5","08","11","4","","0","1","1","0","0"
"POINT (13.399487522000072 52.498247910000032)","Unfall 216305 (2021) Kat:3, Licht: 0","216305","3","2","2","08","10","6","","0","1","0","0","0"
"POINT (13.226268057000027 52.613409659000069)","Unfall 216306 (2021) Kat:3, Licht: 0","216306","3","7","0","09","14","4","","0","1","1","0","0"
"POINT (13.347075074000031 52.449963791000073)","Unfall 216307 (2021) Kat:3, Licht: 0","216307","3","2","6","09","16","4","","0","0","1","1","0"
"POINT (13.305730409000034 52.479748509000046)","Unfall 216308 (2021) Kat:2, Licht: 0","216308","2","2","5","09","15","6","","0","1","1","0","0"
"POINT (13.427174648000062 52.544913365000070)","Unfall 216309 (2021) Kat:3, Licht: 0","216309","3","2","5","09","06","5","","0","1","0","0","0"
"POINT (13.445508169000050 52.501644956000064)","Unfall 216310 (2021) Kat:2, Licht: 0","216310","2","6","3","08","14","6","","0","1","0","0","0"
"POINT (13.336631437000051 52.505116139000052)","Unfall 216311 (2021) Kat:3, Licht: 0","216311","3","2","5","09","17","1","","0","1","0","0","0"
"POINT (13.410425216000021 52.517035830000054)","Unfall 216312 (2021) Kat:3, Licht: 0","216312","3","7","0","09","15","5","","0","1","0","0","0"
"POINT (13.539856843000052 52.493727146000026)","Unfall 216313 (2021) Kat:2, Licht: 2","216313","2","5","1","09","21","2","","2","1","1","0","0"
"POINT (13.524914480000064 52.559481081000058)","Unfall 216314 (2021) Kat:2, Licht: 0","216314","2","6","4","09","15","5","","0","0","1","0","0"
"POINT (13.384202517000062 52.556037542000070)","Unfall 216315 (2021) Kat:3, Licht: 1","216315","3","2","5","09","19","1","","1","1","1","0","0"
"POINT (13.380827278000027 52.405615041000033)","Unfall 216316 (2021) Kat:3, Licht: 0","216316","3","6","2","09","14","3","","0","0","1","0","0"
"POINT (13.233167037000044 52.539536651000049)","Unfall 216317 (2021) Kat:3, Licht: 0","216317","3","3","0","09","14","4","","0","1","1","0","0"
"POINT (13.405058919000055 52.517494770000042)","Unfall 216318 (2021) Kat:2, Licht: 0","216318","2","5","1","09","15","7","","0","0","1","0","1"
"POINT (13.579061328000023 52.458239022000043)","Unfall 216319 (2021) Kat:3, Licht: 0","216319","3","4","6","08","17","3","","0","1","0","1","0"
"POINT (13.318664150000075 52.546346872000072)","Unfall 216320 (2021) Kat:3, Licht: 0","216320","3","3","5","08","15","5","","0","0","1","0","0"
"POINT (13.453411633000030 52.489245902000050)","Unfall 216321 (2021) Kat:3, Licht: 2","216321","3","3","5","09","22","4","","2","0","1","0","1"
"POINT (13.521103809000067 52.441720194000027)","Unfall 216322 (2021) Kat:3, Licht: 0","216322","3","2","5","09","07","4","","0","1","1","0","0"
"POINT (13.420634050000046 52.548742847000028)","Unfall 216323 (2021) Kat:3, Licht: 0","216323","3","1","0","09","11","6","","0","0","0","0","1"
"POINT (13.438440942000057 52.417506922000030)","Unfall 216324 (2021) Kat:3, Licht: 0","216324","3","4","6","09","18","5","","0","0","1","1","0"
"POINT (13.376625398000044 52.509414039000035)","Unfall 216325 (2021) Kat:3, Licht: 0","216325","3","3","5","08","18","6","","0","0","1","0","1"
"POINT (13.370916493000038 52.590679475000059)","Unfall 216326 (2021) Kat:3, Licht: 0","216326","3","2","5","09","14","1","","0","1","1","0","0"
"POINT (13.414824424000074 52.553859333000048)","Unfall 216327 (2021) Kat:3, Licht: 0","216327","3","2","5","08","17","3","","0","1","0","0","0"
"POINT (13.292128468000044 52.590570941000067)","Unfall 216328 (2021) Kat:3, Licht: 0","216328","3","3","5","09","12","6","","0","0","1","0","0"
"POINT (13.538185785000053 52.428773710000030)","Unfall 216329 (2021) Kat:3, Licht: 0","216329","3","3","5","09","14","2","","0","0","1","0","0"
"POINT (13.340870663000032 52.525611078000054)","Unfall 216330 (2021) Kat:3, Licht: 0","216330","3","1","8","08","16","6","","0","0","0","0","0"
"POINT (13.406048842000075 52.493519761000073)","Unfall 216331 (2021) Kat:3, Licht: 0","216331","3","1","0","08","12","2","","0","0","0","0","0"
"POINT (13.436589340000069 52.474500585000044)","Unfall 216332 (2021) Kat:3, Licht: 0","216332","3","3","5","08","17","2","","0","0","1","0","0"
"POINT (13.347968224000056 52.541161567000074)","Unfall 216333 (2021) Kat:3, Licht: 0","216333","3","7","2","09","07","6","","0","0","1","0","1"
"POINT (13.426203573000066 52.515806100000077)","Unfall 216334 (2021) Kat:2, Licht: 0","216334","2","3","5","08","15","2","","0","1","1","0","0"
"POINT (13.459357458000056 52.501022762000048)","Unfall 216335 (2021) Kat:3, Licht: 1","216335","3","5","1","09","18","3","","1","1","1","0","0"
"POINT (13.446550816000070 52.502725469000040)","Unfall 216336 (2021) Kat:3, Licht: 0","216336","3","2","5","09","16","3","","0","1","1","0","0"
"POINT (13.584428682000066 52.464200553000069)","Unfall 216337 (2021) Kat:3, Licht: 0","216337","3","3","5","09","16","3","","0","1","1","0","0"
"POINT (13.598387034000041 52.534976290000031)","Unfall 216338 (2021) Kat:3, Licht: 0","216338","3","6","2","09","07","5","","0","0","1","0","0"
"POINT (13.296279009000045 52.484111777000066)","Unfall 216339 (2021) Kat:3, Licht: 0","216339","3","1","0","09","13","6","","0","1","0","0","0"
"POINT (13.332078508000052 52.452850064000074)","Unfall 216340 (2021) Kat:3, Licht: 2","216340","3","6","2","08","22","3","","2","0","1","0","0"
"POINT (13.451051768000070 52.508548088000055)","Unfall 216341 (2021) Kat:2, Licht: 0","216341","2","2","5","09","12","1","","0","1","1","0","0"
"POINT (13.319037468000033 52.457499903000041)","Unfall 216342 (2021) Kat:3, Licht: 0","216342","3","2","6","09","15","2","","0","0","1","1","0"
"POINT (13.569290654000042 52.560819385000059)","Unfall 216343 (2021) Kat:3, Licht: 0","216343","3","6","2","08","07","4","","0","0","1","0","0"
"POINT (13.587979259000065 52.520784314000082)","Unfall 216344 (2021) Kat:3, Licht: 0","216344","3","2","5","08","12","7","","0","0","1","0","0"
"POINT (13.313269948000027 52.418800587000078)","Unfall 216345 (2021) Kat:3, Licht: 0","216345","3","6","6","09","10","5","","0","0","0","1","0"
"POINT (13.403587714000025 52.493914151000070)","Unfall 216346 (2021) Kat:3, Licht: 0","216346","3","6","4","09","06","5","","0","1","0","0","0"
"POINT (13.491372684000055 52.469154053000068)","Unfall 216347 (2021) Kat:3, Licht: 0","216347","3","2","5","09","14","7","","0","0","1","0","0"
"POINT (13.397659764000025 52.495170071000075)","Unfall 216348 (2021) Kat:3, Licht: 0","216348","3","2","5","09","15","6","","0","1","1","0","0"
"POINT (13.455023908000044 52.537813448000065)","Unfall 216349 (2021) Kat:3, Licht: 2","216349","3","1","1","08","22","1","","2","0","1","0","0"
"POINT (13.323628784000050 52.486456862000068)","Unfall 216350 (2021) Kat:3, Licht: 0","216350","3","7","6","09","15","3","","0","0","1","1","0"
"POINT (13.424919635000037 52.481494558000065)","Unfall 216351 (2021) Kat:3, Licht: 0","216351","3","6","2","09","13","3","","0","0","1","0","0"
"POINT (13.289016391000075 52.518948379000051)","Unfall 216352 (2021) Kat:3, Licht: 0","216352","3","6","3","09","10","5","","0","1","0","0","1"
"POINT (13.212093292000077 52.433952755000064)","Unfall 216353 (2021) Kat:2, Licht: 0","216353","2","3","5","09","07","3","","0","1","1","0","0"
"POINT (13.419343136000066 52.501346715000068)","Unfall 216354 (2021) Kat:3, Licht: 0","216354","3","2","6","09","12","3","","0","0","1","1","0"
"POINT (13.145869541000025 52.455395546000034)","Unfall 216355 (2021) Kat:3, Licht: 0","216355","3","1","2","09","08","6","","0","0","1","0","0"
"POINT (13.371898473000044 52.548684603000027)","Unfall 216356 (2021) Kat:3, Licht: 0","216356","3","1","0","09","17","7","","0","0","0","0","0"
"POINT (13.432805822000034 52.595818524000038)","Unfall 216357 (2021) Kat:2, Licht: 0","216357","2","2","5","08","17","4","","0","0","1","0","1"
"POINT (13.403597638000065 52.516904298000043)","Unfall 216358 (2021) Kat:3, Licht: 0","216358","3","1","0","08","09","6","","0","0","0","0","1"
"POINT (13.487910367000040 52.618410283000060)","Unfall 216359 (2021) Kat:3, Licht: 0","216359","3","6","4","09","12","4","","0","1","0","0","0"
"POINT (13.378947079000056 52.526398643000050)","Unfall 216360 (2021) Kat:3, Licht: 0","216360","3","3","5","09","12","4","","0","0","1","0","0"
"POINT (13.368061020000027 52.502532643000052)","Unfall 216361 (2021) Kat:3, Licht: 0","216361","3","7","6","09","16","5","","0","0","1","1","0"
"POINT (13.347707625000055 52.524779059000082)","Unfall 216362 (2021) Kat:2, Licht: 0","216362","2","5","3","09","09","5","","0","1","0","0","1"
"POINT (13.396496701000046 52.491308757000070)","Unfall 216363 (2021) Kat:3, Licht: 2","216363","3","3","5","08","23","7","","2","0","1","0","0"
"POINT (13.390973580000036 52.539950314000066)","Unfall 216364 (2021) Kat:3, Licht: 1","216364","3","7","3","09","19","7","","1","1","0","0","0"
"POINT (13.340902791000076 52.499798814000030)","Unfall 216365 (2021) Kat:2, Licht: 2","216365","2","3","5","09","01","4","","2","0","1","0","0"
"POINT (13.353905549000046 52.528527486000030)","Unfall 216366 (2021) Kat:3, Licht: 0","216366","3","7","5","09","17","7","","0","1","1","0","0"
"POINT (13.367415437000034 52.586277105000079)","Unfall 216367 (2021) Kat:3, Licht: 0","216367","3","2","5","09","17","3","","0","1","1","0","0"
"POINT (13.187879015000021 52.539323109000065)","Unfall 216368 (2021) Kat:3, Licht: 0","216368","3","4","6","09","08","5","","0","1","0","1","0"
"POINT (13.521190909000040 52.499866652000037)","Unfall 216369 (2021) Kat:3, Licht: 2","216369","3","7","0","09","20","6","","2","0","0","0","0"
"POINT (13.573530357000038 52.546536845000048)","Unfall 216370 (2021) Kat:3, Licht: 0","216370","3","2","5","08","13","3","","0","1","1","0","0"
"POINT (13.199548872000037 52.534914789000027)","Unfall 216371 (2021) Kat:3, Licht: 0","216371","3","2","2","08","12","5","","0","0","1","0","1"
"POINT (13.404679121000072 52.490888982000058)","Unfall 216372 (2021) Kat:2, Licht: 0","216372","2","3","5","09","14","3","","0","1","0","0","0"
"POINT (13.335266360000048 52.472405762000051)","Unfall 216373 (2021) Kat:3, Licht: 2","216373","3","4","6","09","19","3","","2","0","0","1","0"
"POINT (13.314668802000028 52.417350550000037)","Unfall 216374 (2021) Kat:3, Licht: 0","216374","3","2","5","10","14","6","","0","1","1","0","0"
"POINT (13.435877584000025 52.483789743000045)","Unfall 216375 (2021) Kat:3, Licht: 0","216375","3","6","3","09","16","7","","0","1","0","0","0"
"POINT (13.570695546000024 52.532049499000038)","Unfall 216376 (2021) Kat:3, Licht: 0","216376","3","3","5","09","12","7","","0","0","1","0","0"
"POINT (13.290350445000058 52.473969673000056)","Unfall 216377 (2021) Kat:3, Licht: 0","216377","3","5","1","09","15","2","","0","1","1","0","0"
"POINT (13.432033875000059 52.505728281000074)","Unfall 216378 (2021) Kat:3, Licht: 0","216378","3","2","5","08","14","6","","0","1","1","0","0"
"POINT (13.288219208000044 52.513691418000064)","Unfall 216379 (2021) Kat:3, Licht: 2","216379","3","3","0","08","20","2","","2","0","1","0","1"
"POINT (13.328013425000051 52.479742097000042)","Unfall 216380 (2021) Kat:3, Licht: 0","216380","3","1","0","09","16","4","","0","1","0","0","0"
"POINT (13.354915647000041 52.550000023000052)","Unfall 216381 (2021) Kat:3, Licht: 0","216381","3","7","6","09","12","6","","0","1","0","1","0"
"POINT (13.358783094000046 52.500868540000056)","Unfall 216382 (2021) Kat:3, Licht: 1","216382","3","5","1","09","20","2","","1","1","1","0","0"
"POINT (13.314387081000064 52.472787673000028)","Unfall 216383 (2021) Kat:3, Licht: 0","216383","3","2","5","09","07","3","","0","1","0","0","0"
"POINT (13.602376808000031 52.479081603000054)","Unfall 216384 (2021) Kat:3, Licht: 0","216384","3","4","6","09","16","2","","0","0","1","1","0"
"POINT (13.428165032000038 52.507235789000049)","Unfall 216385 (2021) Kat:3, Licht: 0","216385","3","6","3","09","07","4","","0","1","1","0","0"
"POINT (13.408041307000076 52.572891925000079)","Unfall 216386 (2021) Kat:2, Licht: 0","216386","2","7","5","10","16","2","","0","1","1","0","0"
"POINT (13.340204969000069 52.475517698000033)","Unfall 216387 (2021) Kat:3, Licht: 0","216387","3","1","0","11","15","6","","0","0","0","0","1"
"POINT (13.601509328000077 52.533280474000037)","Unfall 216388 (2021) Kat:3, Licht: 0","216388","3","6","2","11","13","4","","0","1","1","0","0"
"POINT (13.277108553000062 52.518680307000068)","Unfall 216389 (2021) Kat:3, Licht: 2","216389","3","5","1","10","20","1","","2","0","1","0","0"
"POINT (13.315242865000073 52.577917397000078)","Unfall 216390 (2021) Kat:3, Licht: 0","216390","3","2","5","10","11","2","","0","1","1","0","0"
"POINT (13.319074075000060 52.501622961000066)","Unfall 216391 (2021) Kat:3, Licht: 0","216391","3","6","2","10","12","5","","0","0","1","0","0"
"POINT (13.216939836000051 52.537779698000065)","Unfall 216392 (2021) Kat:3, Licht: 0","216392","3","6","2","10","16","7","","0","0","1","0","1"
"POINT (13.277969726000038 52.465548697000031)","Unfall 216393 (2021) Kat:2, Licht: 2","216393","2","1","0","11","20","2","","2","0","0","0","1"
"POINT (13.387097801000039 52.493153037000070)","Unfall 216394 (2021) Kat:3, Licht: 0","216394","3","6","4","11","14","4","","0","1","0","0","0"
"POINT (13.469903182000053 52.541302167000026)","Unfall 216395 (2021) Kat:3, Licht: 0","216395","3","1","0","11","09","7","","0","1","0","0","0"
"POINT (13.226919358000032 52.537776888000053)","Unfall 216396 (2021) Kat:3, Licht: 1","216396","3","6","2","11","17","6","","1","0","1","0","1"
"POINT (13.374747145000072 52.556790161000038)","Unfall 216397 (2021) Kat:3, Licht: 0","216397","3","6","0","10","08","2","","0","0","1","0","1"
"POINT (13.382862777000071 52.438252935000037)","Unfall 216398 (2021) Kat:3, Licht: 0","216398","3","2","5","10","10","4","","0","1","1","0","0"
"POINT (13.593161986000041 52.451675869000042)","Unfall 216399 (2021) Kat:3, Licht: 1","216399","3","2","2","10","07","4","","1","0","1","0","0"
"POINT (13.312674194000067 52.499256008000032)","Unfall 216400 (2021) Kat:3, Licht: 2","216400","3","2","0","11","07","3","","2","0","1","0","1"
"POINT (13.326478300000076 52.490915266000059)","Unfall 216401 (2021) Kat:3, Licht: 2","216401","3","5","1","11","17","5","","2","1","1","0","0"
"POINT (13.550624696000057 52.559989952000080)","Unfall 216402 (2021) Kat:3, Licht: 0","216402","3","7","5","10","16","3","","0","0","1","0","0"
"POINT (13.360936954000067 52.417005427000049)","Unfall 216403 (2021) Kat:3, Licht: 0","216403","3","2","5","10","11","4","","0","1","1","0","0"
"POINT (13.197802556000056 52.533113154000034)","Unfall 216404 (2021) Kat:3, Licht: 0","216404","3","7","6","10","15","6","","0","0","0","1","0"
"POINT (13.466497567000033 52.509969391000027)","Unfall 216405 (2021) Kat:3, Licht: 0","216405","3","3","0","10","18","7","","0","0","1","0","1"
"POINT (13.494519347000050 52.503837260000068)","Unfall 216406 (2021) Kat:3, Licht: 2","216406","3","4","6","11","18","5","","2","0","1","1","0"
"POINT (13.520081800000071 52.505291465000028)","Unfall 216407 (2021) Kat:3, Licht: 0","216407","3","4","6","11","12","4","","0","0","0","1","0"
"POINT (13.506995802000063 52.496852127000068)","Unfall 216408 (2021) Kat:3, Licht: 0","216408","3","2","5","10","09","1","","0","1","1","0","0"
"POINT (13.434541050000064 52.482927482000036)","Unfall 216409 (2021) Kat:3, Licht: 2","216409","3","3","5","10","22","7","","2","0","1","0","0"
"POINT (13.449357562000046 52.475017048000041)","Unfall 216410 (2021) Kat:3, Licht: 2","216410","3","7","6","11","16","6","","2","0","0","1","0"
"POINT (13.336195662000023 52.505279572000063)","Unfall 216411 (2021) Kat:3, Licht: 0","216411","3","7","0","11","09","3","","0","1","0","0","0"
"POINT (13.194278904000043 52.555551379000065)","Unfall 216412 (2021) Kat:3, Licht: 0","216412","3","3","5","11","09","2","","0","0","1","0","1"
"POINT (13.392962042000022 52.515003719000049)","Unfall 216413 (2021) Kat:3, Licht: 0","216413","3","3","5","11","09","7","","0","0","1","0","0"
"POINT (13.364256646000058 52.509969690000048)","Unfall 216414 (2021) Kat:3, Licht: 0","216414","3","2","5","10","17","1","","0","1","1","0","0"
"POINT (13.197688566000068 52.523015529000077)","Unfall 216415 (2021) Kat:3, Licht: 1","216415","3","7","0","10","07","3","","1","0","1","0","0"
"POINT (13.512550319000070 52.565925505000052)","Unfall 216416 (2021) Kat:3, Licht: 0","216416","3","6","2","11","15","2","","0","0","1","0","0"
"POINT (13.384409912000024 52.456975974000045)","Unfall 216417 (2021) Kat:3, Licht: 0","216417","3","7","6","10","12","4","","0","0","0","1","0"
"POINT (13.342900536000059 52.484092226000030)","Unfall 216418 (2021) Kat:3, Licht: 0","216418","3","5","5","10","17","3","","0","0","0","0","1"