WKT,Name,OBJECTID,UKATEGORIE,UTYP1,UART,UMONAT,USTUNDE,UWOCHENTAG,STRZUSTAND,ULICHTVERH,ISTRAD,ISTPKW,ISTFUSS,ISTKRAD
"POINT (13.308527538000021 52.479327845000057)","Unfall 216419 (2021) Kat:3, Licht: 2","216419","3","4","6","10","22","1","","2","0","1","1","0"
"POINT (13.393021835000070 52.515007609000065)","Unfall 216420 (2021) Kat:3, Licht: 0","216420","3","2","5","11","13","4","","0","1","1","0","0"
"POINT (13.619853762000048 52.539267063000068)","Unfall 216421 (2021) Kat:2, Licht: 0","216421","2","7","6","11","07","6","","0","0","1","1","0"
"POINT (13.426999772000045 52.552211219000071)","Unfall 216422 (2021) Kat:3, Licht: 0","216422","3","3","5","11","10","3","","0","1","1","0","0"
"POINT (13.386004604000050 52.555889417000060)","Unfall 216423 (2021) Kat:2, Licht: 0","216423","2","7","6","10","16","6","","0","1","0","1","0"
"POINT (13.349495769000043 52.542260421000037)","Unfall 216424 (2021) Kat:3, Licht: 2","216424","3","2","5","10","23","7","","2","0","1","0","0"
"POINT (13.405618982000021 52.534537651000051)","Unfall 216425 (2021) Kat:3, Licht: 0","216425","3","3","5","10","09","6","","0","1","1","0","0"
"POINT (13.529343443000073 52.525610176000043)","Unfall 216426 (2021) Kat:3, Licht: 0","216426","3","2","5","10","14","5","","0","1","1","0","0"
"POINT (13.293121057000064 52.446650106000050)","Unfall 216427 (2021) Kat:3, Licht: 0","216427","3","2","2","11","11","5","","0","0","1","0","0"
"POINT (13.517462859000034 52.535354351000080)","Unfall 216428 (2021) Kat:3, Licht: 0","216428","3","6","2","10","10","3","","0","0","1","0","0"
"POINT (13.390788027000042 52.515738358000078)","Unfall 216429 (2021) Kat:3, Licht: 2","216429","3","3","5","11","01","1","","2","0","1","0","0"
"POINT (13.133231734000049 52.526329934000046)","Unfall 216430 (2021) Kat:3, Licht: 0","216430","3","3","5","11","09","5","","0","0","1","0","0"
"POINT (13.408977354000058 52.510393740000040)","Unfall 216431 (2021) Kat:3, Licht: 0","216431","3","5","1","11","15","2","","0","1","1","0","0"
"POINT (13.351440464000063 52.539454510000041)","Unfall 216432 (2021) Kat:3, Licht: 0","216432","3","7","5","10","15","3","","0","1","1","0","0"
"POINT (13.330172364000077 52.445297517000029)","Unfall 216433 (2021) Kat:2, Licht: 2","216433","2","3","5","10","18","5","","2","1","1","0","0"
"POINT (13.423619216000077 52.465443087000040)","Unfall 216434 (2021) Kat:3, Licht: 0","216434","3","4","6","10","15","7","","0","0","1","1","0"
"POINT (13.307709132000070 52.429650528000082)","Unfall 216435 (2021) Kat:3, Licht: 2","216435","3","6","2","11","16","2","","2","0","1","0","0"
"POINT (13.502405035000038 52.461232043000052)","Unfall 216436 (2021) Kat:3, Licht: 1","216436","3","3","5","11","16","5","","1","1","1","0","0"
"POINT (13.599511506000056 52.543905494000057)","Unfall 216437 (2021) Kat:3, Licht: 1","216437","3","2","6","11","06","2","","1","0","1","1","0"
"POINT (13.373317535000069 52.527666810000028)","Unfall 216438 (2021) Kat:3, Licht: 2","216438","3","1","9","10","21","6","","2","0","0","0","1"
"POINT (13.427644348000058 52.496194028000048)","Unfall 216439 (2021) Kat:3, Licht: 1","216439","3","3","5","10","19","5","","1","1","1","0","0"
"POINT (13.465362204000030 52.523434429000076)","Unfall 216440 (2021) Kat:3, Licht: 0","216440","3","3","5","10","10","5","","0","1","1","0","0"
"POINT (13.324899297000059 52.458244081000032)","Unfall 216441 (2021) Kat:3, Licht: 2","216441","3","1","8","11","02","4","","2","0","1","0","0"
"POINT (13.496504785000070 52.533985741000038)","Unfall 216442 (2021) Kat:3, Licht: 0","216442","3","3","5","11","13","5","","0","1","1","0","0"
"POINT (13.345910587000049 52.436442143000079)","Unfall 216443 (2021) Kat:3, Licht: 2","216443","3","4","6","10","22","3","","2","0","1","1","0"
"POINT (13.402510271000040 52.585595858000033)","Unfall 216444 (2021) Kat:3, Licht: 1","216444","3","2","5","10","18","7","","1","1","1","0","0"
"POINT (13.447510089000048 52.472604942000032)","Unfall 216445 (2021) Kat:3, Licht: 0","216445","3","3","5","11","14","6","","0","1","1","0","0"
"POINT (13.404441902000030 52.495209449000072)","Unfall 216446 (2021) Kat:3, Licht: 2","216446","3","3","5","11","19","4","","2","0","1","0","0"
"POINT (13.325069454000072 52.436974428000042)","Unfall 216447 (2021) Kat:3, Licht: 0","216447","3","1","1","10","15","7","","0","1","1","0","0"
"POINT (13.174955000000068 52.533834375000026)","Unfall 216448 (2021) Kat:3, Licht: 0","216448","3","6","2","10","13","7","","0","0","1","0","0"
"POINT (13.427563236000026 52.576908379000031)","Unfall 216449 (2021) Kat:2, Licht: 0","216449","2","4","6","11","15","1","","0","0","1","1","0"
"POINT (13.227233832000024 52.549470045000078)","Unfall 216450 (2021) Kat:3, Licht: 1","216450","3","2","5","11","18","4","","1","0","1","0","0"
"POINT (13.249679799000035 52.515575661000071)","Unfall 216451 (2021) Kat:3, Licht: 0","216451","3","3","5","11","13","7","","0","1","1","0","0"
"POINT (13.440914462000023 52.460834133000048)","Unfall 216452 (2021) Kat:3, Licht: 1","216452","3","3","5","11","23","6","","1","0","1","0","0"
"POINT (13.315414873000066 52.577927654000064)","Unfall 216453 (2021) Kat:3, Licht: 0","216453","3","2","5","10","14","4","","0","0","1","0","0"
"POINT (13.349648401000024 52.449646779000034)","Unfall 216454 (2021) Kat:3, Licht: 0","216454","3","2","2","11","15","3","","0","0","1","0","1"
"POINT (13.360416716000032 52.596909030000063)","Unfall 216455 (2021) Kat:3, Licht: 0","216455","3","3","5","10","11","2","","0","0","1","0","0"
"POINT (13.429159896000044 52.471451894000040)","Unfall 216456 (2021) Kat:3, Licht: 0","216456","3","5","1","10","11","4","","0","1","1","0","0"
"POINT (13.306429716000025 52.518593162000059)","Unfall 216457 (2021) Kat:3, Licht: 0","216457","3","2","5","10","13","3","","0","0","1","0","1"
"POINT (13.448654836000060 52.546648324000046)","Unfall 216458 (2021) Kat:3, Licht: 0","216458","3","7","0","10","16","6","","0","0","1","0","0"
"POINT (13.439549330000034 52.535620140000049)","Unfall 216459 (2021) Kat:3, Licht: 0","216459","3","5","1","10","09","6","","0","1","1","0","0"
"POINT (13.471290750000037 52.505194885000037)","Unfall 216460 (2021) Kat:3, Licht: 0","216460","3","3","5","11","09","5","","0","0","1","0","0"
"POINT (13.513920777000067 52.462884981000059)","Unfall 216461 (2021) Kat:3, Licht: 0","216461","3","4","6","11","15","4","","0","1","0","1","0"
"POINT (13.288207513000032 52.464983289000031)","Unfall 216462 (2021) Kat:2, Licht: 1","216462","2","4","6","10","17","7","","1","0","1","1","0"
"POINT (13.155261647000032 52.551361204000045)","Unfall 216463 (2021) Kat:3, Licht: 0","216463","3","1","3","10","16","6","","0","1","1","0","0"
"POINT (13.524789499000065 52.536296824000033)","Unfall 216464 (2021) Kat:3, Licht: 0","216464","3","3","5","10","10","6","","0","0","1","0","0"
"POINT (13.353005776000032 52.559516075000033)","Unfall 216465 (2021) Kat:3, Licht: 1","216465","3","6","3","11","18","6","","1","1","1","0","0"
"POINT (13.578730633000077 52.457873645000063)","Unfall 216466 (2021) Kat:3, Licht: 0","216466","3","4","6","11","14","3","","0","1","0","1","0"
"POINT (13.457026229000064 52.560898575000067)","Unfall 216467 (2021) Kat:3, Licht: 2","216467","3","6","2","11","20","1","","2","0","1","0","0"
"POINT (13.480946088000053 52.523125418000063)","Unfall 216468 (2021) Kat:2, Licht: 0","216468","2","6","4","11","12","7","","0","0","1","0","0"
"POINT (13.194617443000027 52.531801326000050)","Unfall 216469 (2021) Kat:2, Licht: 0","216469","2","5","1","10","15","3","","0","1","0","0","0"
"POINT (13.389966168000058 52.509444566000070)","Unfall 216470 (2021) Kat:3, Licht: 0","216470","3","3","5","11","11","2","","0","1","1","0","0"
"POINT (13.467295851000074 52.523908092000056)","Unfall 216471 (2021) Kat:3, Licht: 2","216471","3","1","9","11","01","7","","2","0","1","0","0"
"POINT (13.384177485000066 52.555929999000057)","Unfall 216472 (2021) Kat:3, Licht: 1","216472","3","6","2","11","16","3","","1","0","1","0","0"
"POINT (13.465728779000074 52.501405499000043)","Unfall 216473 (2021) Kat:3, Licht: 0","216473","3","4","6","10","14","3","","0","0","1","1","0"
"POINT (13.270285331000025 52.442350936000082)","Unfall 216474 (2021) Kat:3, Licht: 2","216474","3","3","5","10","19","5","","2","0","1","0","0"
"POINT (13.372630541000035 52.485047493000081)","Unfall 216475 (2021) Kat:3, Licht: 0","216475","3","6","3","10","16","1","","0","0","1","0","1"
"POINT (13.386707830000034 52.450576816000080)","Unfall 216476 (2021) Kat:3, Licht: 0","216476","3","4","1","11","15","4","","0","0","1","1","0"
"POINT (13.327431282000077 52.522022135000043)","Unfall 216477 (2021) Kat:3, Licht: 2","216477","3","4","6","11","17","5","","2","0","1","1","0"
"POINT (13.320307230000026 52.457019403000061)","Unfall 216478 (2021) Kat:2, Licht: 0","216478","2","4","6","11","14","2","","0","0","0","1","0"
"POINT (13.383978175000038 52.518419793000078)","Unfall 216479 (2021) Kat:3, Licht: 0","216479","3","6","2","10","11","6","","0","0","1","0","1"
"POINT (13.299490777000074 52.519758757000034)","Unfall 216480 (2021) Kat:2, Licht: 2","216480","2","3","5","10","05","1","","2","1","1","0","0"
"POINT (13.643303119000052 52.479086304000077)","Unfall 216481 (2021) Kat:2, Licht: 0","216481","2","1","4","10","14","7","","0","0","1","0","0"
"POINT (13.351632811000059 52.578069328000026)","Unfall 216482 (2021) Kat:3, Licht: 0","216482","3","3","5","10","07","5","","0","1","0","0","0"
"POINT (13.346656614000040 52.459031590000052)","Unfall 216483 (2021) Kat:3, Licht: 0","216483","3","7","0","10","14","5","","0","0","0","0","0"
"POINT (13.513462834000052 52.464596752000034)","Unfall 216484 (2021) Kat:3, Licht: 0","216484","3","3","5","11","10","7","","0","1","1","0","0"
"POINT (13.205591905000063 52.541839534000076)","Unfall 216485 (2021) Kat:3, Licht: 0","216485","3","4","6","10","12","5","","0","0","1","1","0"
"POINT (13.560107116000040 52.446404164000057)","Unfall 216486 (2021) Kat:3, Licht: 0","216486","3","7","0","10","18","2","","0","0","0","0","0"
"POINT (13.349411201000066 52.542349536000074)","Unfall 216487 (2021) Kat:3, Licht: 2","216487","3","2","6","11","22","7","","2","0","1","1","0"
"POINT (13.553135292000036 52.427345305000074)","Unfall 216488 (2021) Kat:3, Licht: 0","216488","3","7","2","11","10","5","","0","0","1","0","0"
"POINT (13.301511572000038 52.509794655000064)","Unfall 216489 (2021) Kat:3, Licht: 1","216489","3","2","5","11","07","2","","1","0","0","0","1"
"POINT (13.289694890000021 52.494961207000074)","Unfall 216490 (2021) Kat:3, Licht: 2","216490","3","1","8","11","04","6","","2","0","1","0","0"
"POINT (13.436245275000033 52.467459426000062)","Unfall 216491 (2021) Kat:3, Licht: 0","216491","3","2","5","11","16","4","","0","1","1","0","0"
"POINT (13.411822264000023 52.523967652000067)","Unfall 216492 (2021) Kat:3, Licht: 2","216492","3","2","5","11","20","1","","2","0","1","0","0"
"POINT (13.165470004000042 52.551085327000067)","Unfall 216493 (2021) Kat:2, Licht: 2","216493","2","2","6","11","19","7","","2","0","1","1","0"
"POINT (13.326531515000056 52.604655222000076)","Unfall 216494 (2021) Kat:3, Licht: 0","216494","3","2","2","10","07","4","","0","0","1","0","0"
"POINT (13.361820157000068 52.608616668000082)","Unfall 216495 (2021) Kat:3, Licht: 0","216495","3","2","2","11","10","2","","0","0","1","0","0"
"POINT (13.359091727000077 52.546274708000055)","Unfall 216496 (2021) Kat:3, Licht: 0","216496","3","2","5","11","14","7","","0","0","1","0","0"
"POINT (13.372589381000068 52.487898973000028)","Unfall 216497 (2021) Kat:3, Licht: 0","216497","3","5","1","11","13","2","","0","1","1","0","0"
"POINT (13.455178219000061 52.559217835000027)","Unfall 216498 (2021) Kat:3, Licht: 0","216498","3","7","2","10","09","3","","0","0","1","0","1"
"POINT (13.430121196000073 52.469862146000082)","Unfall 216499 (2021) Kat:3, Licht: 0","216499","3","6","2","10","07","5","","0","0","0","0","0"
"POINT (13.300258746000054 52.522694790000060)","Unfall 216500 (2021) Kat:3, Licht: 2","216500","3","1","8","10","02","1","","2","0","1","0","0"
"POINT (13.281540599000039 52.511009867000041)","Unfall 216501 (2021) Kat:3, Licht: 0","216501","3","2","5","11","07","4","","0","0","1","0","0"
"POINT (13.321696257000042 52.488223531000074)","Unfall 216502 (2021) Kat:3, Licht: 0","216502","3","4","6","11","09","6","","0","1","0","1","0"
"POINT (13.416721927000026 52.547045813000068)","Unfall 216503 (2021) Kat:3, Licht: 2","216503","3","6","2","11","17","2","","2","1","1","0","0"
"POINT (13.432434726000054 52.488342062000072)","Unfall 216504 (2021) Kat:3, Licht: 0","216504","3","7","6","10","17","7","","0","0","0","1","0"
"POINT (13.409753343000034 52.535892814000078)","Unfall 216505 (2021) Kat:2, Licht: 0","216505","2","4","6","10","13","7","","0","1","0","1","0"
"POINT (13.223964475000059 52.429680466000036)","Unfall 216506 (2021) Kat:3, Licht: 2","216506","3","7","5","10","19","6","","2","0","1","0","0"
"POINT (13.376370120000047 52.556351015000075)","Unfall 216507 (2021) Kat:3, Licht: 2","216507","3","1","8","10","01","5","","2","0","1","0","0"
"POINT (13.333518056000059 52.527844046000041)","Unfall 216508 (2021) Kat:3, Licht: 2","216508","3","7","0","11","00","6","","2","1","0","0","0"
"POINT (13.370614423000063 52.470502281000051)","Unfall 216509 (2021) Kat:3, Licht: 0","216509","3","2","5","10","09","5","","0","0","1","0","1"
"POINT (13.326198542000043 52.427849884000068)","Unfall 216510 (2021) Kat:3, Licht: 0","216510","3","6","2","10","10","2","","0","0","1","0","0"
"POINT (13.230074556000034 52.546590291000030)","Unfall 216511 (2021) Kat:3, Licht: 2","216511","3","1","0","11","04","7","","2","0","0","0","0"
"POINT (13.379044336000049 52.448270104000073)","Unfall 216512 (2021) Kat:3, Licht: 2","216512","3","6","2","11","22","5","","2","0","1","0","0"
"POINT (13.608528201000070 52.542994022000073)","Unfall 216513 (2021) Kat:3, Licht: 0","216513","3","3","5","10","14","1","","0","1","0","0","0"
"POINT (13.512910924000039 52.566318240000044)","Unfall 216514 (2021) Kat:3, Licht: 1","216514","3","4","6","10","07","2","","1","0","1","1","0"
"POINT (13.320439785000076 52.485469487000046)","Unfall 216515 (2021) Kat:3, Licht: 0","216515","3","6","3","10","11","5","","0","1","1","0","0"
"POINT (13.428841588000068 52.477891778000071)","Unfall 216516 (2021) Kat:3, Licht: 0","216516","3","7","5","10","15","6","","0","0","1","0","0"
"POINT (13.391335135000077 52.563448711000035)","Unfall 216517 (2021) Kat:3, Licht: 1","216517","3","3","0","11","17","3","","1","1","1","0","0"
"POINT (13.370136899000045 52.465142254000057)","Unfall 216518 (2021) Kat:3, Licht: 2","216518","3","6","2","11","18","5","","2","0","1","0","0"
"POINT (13.598320731000058 52.452574854000034)","Unfall 216519 (2021) Kat:2, Licht: 2","216519","2","1","9","11","23","1","","2","0","1","0","0"
"POINT (13.288661583000021 52.476782932000049)","Unfall 216520 (2021) Kat:3, Licht: 0","216520","3","1","0","10","15","6","","0","0","0","0","1"
"POINT (13.462566698000046 52.531840052000064)","Unfall 216521 (2021) Kat:3, Licht: 0","216521","3","1","0","10","10","5","","0","0","0","0","1"
"POINT (13.491262712000037 52.420574311000053)","Unfall 216522 (2021) Kat:3, Licht: 0","216522","3","3","5","10","15","5","","0","0","1","0","0"
"POINT (13.428757175000044 52.578009457000064)","Unfall 216523 (2021) Kat:2, Licht: 0","216523","2","2","5","11","08","3","","0","1","1","0","0"
"POINT (13.322215167000024 52.587566122000055)","Unfall 216524 (2021) Kat:3, Licht: 1","216524","3","6","2","11","16","5","","1","0","1","0","0"
"POINT (13.536532583000053 52.459935090000045)","Unfall 216525 (2021) Kat:3, Licht: 1","216525","3","2","5","10","18","4","","1","1","1","0","0"
"POINT (13.332918394000046 52.439898514000049)","Unfall 216526 (2021) Kat:3, Licht: 2","216526","3","7","1","10","21","7","","2","0","1","0","0"
"POINT (13.280263554000044 52.518325359000073)","Unfall 216527 (2021) Kat:3, Licht: 0","216527","3","3","5","11","09","6","","0","0","1","0","0"
"POINT (13.138537823000036 52.455173235000075)","Unfall 216528 (2021) Kat:3, Licht: 0","216528","3","7","2","11","12","5","","0","0","1","0","0"
"POINT (13.593311036000046 52.450115496000080)","Unfall 216529 (2021) Kat:3, Licht: 2","216529","3","6","4","10","19","7","","2","1","0","0","0"
"POINT (13.379246587000068 52.529455767000059)","Unfall 216530 (2021) Kat:3, Licht: 1","216530","3","1","9","10","16","1","","1","0","1","0","0"
"POINT (13.341406865000067 52.520577815000081)","Unfall 216531 (2021) Kat:3, Licht: 0","216531","3","2","5","11","12","7","","0","1","1","0","0"
"POINT (13.350582083000063 52.532543011000030)","Unfall 216532 (2021) Kat:3, Licht: 0","216532","3","2","5","11","09","5","","0","0","1","0","0"
"POINT (13.434127016000048 52.545797139000058)","Unfall 216533 (2021) Kat:2, Licht: 2","216533","2","3","5","11","17","1","","2","0","1","0","1"
"POINT (13.326391206000039 52.447583481000038)","Unfall 216534 (2021) Kat:3, Licht: 0","216534","3","3","5","11","10","6","","0","0","1","0","0"
"POINT (13.257624585000030 52.518756719000066)","Unfall 216535 (2021) Kat:3, Licht: 0","216535","3","6","2","10","16","4","","0","0","1","0","1"
"POINT (13.195821255000055 52.529269846000034)","Unfall 216536 (2021) Kat:2, Licht: 0","216536","2","4","6","10","15","4","","0","0","1","1","0"
"POINT (13.524870175000046 52.495621619000076)","Unfall 216537 (2021) Kat:3, Licht: 1","216537","3","6","3","11","18","3","","1","0","1","0","0"
"POINT (13.339108906000035 52.492316573000039)","Unfall 216538 (2021) Kat:3, Licht: 2","216538","3","3","5","10","21","2","","2","1","1","0","0"
"POINT (13.275740382000038 52.597508419000064)","Unfall 216539 (2021) Kat:2, Licht: 0","216539","2","6","4","10","17","3","","0","1","0","0","0"
"POINT (13.444312001000071 52.565236900000059)","Unfall 216540 (2021) Kat:2, Licht: 0","216540","2","6","2","10","15","3","","0","0","1","0","0"
"POINT (13.536766146000048 52.397879013000079)","Unfall 216541 (2021) Kat:2, Licht: 0","216541","2","4","6","10","09","7","","0","0","1","1","0"
"POINT (13.328748479000069 52.454170608000027)","Unfall 216542 (2021) Kat:2, Licht: 1","216542","2","3","5","11","16","5","","1","1","1","0","0"
"POINT (13.451678959000049 52.535037692000060)","Unfall 216543 (2021) Kat:2, Licht: 2","216543","2","7","6","11","17","3","","2","0","1","1","0"
"POINT (13.393411038000067 52.457965642000033)","Unfall 216544 (2021) Kat:3, Licht: 0","216544","3","2","5","10","16","6","","0","0","1","0","1"
"POINT (13.501151005000054 52.560705222000081)","Unfall 216545 (2021) Kat:3, Licht: 0","216545","3","2","5","10","12","2","","0","0","1","0","0"
"POINT (13.386620618000052 52.505373003000045)","Unfall 216546 (2021) Kat:3, Licht: 0","216546","3","2","5","10","17","6","","0","1","0","0","0"
"POINT (13.383920610000075 52.516913116000069)","Unfall 216547 (2021) Kat:3, Licht: 0","216547","3","2","6","10","14","6","","0","0","1","1","0"
"POINT (13.312773952000043 52.489872969000032)","Unfall 216548 (2021) Kat:3, Licht: 0","216548","3","4","6","11","15","2","","0","0","1","1","0"
"POINT (13.507753476000062 52.545040335000067)","Unfall 216549 (2021) Kat:2, Licht: 2","216549","2","6","6","11","22","2","","2","1","0","1","0"
"POINT (13.430418492000058 52.499214401000074)","Unfall 216550 (2021) Kat:3, Licht: 2","216550","3","3","5","11","18","7","","2","1","1","0","0"
"POINT (13.568741233000026 52.405178831000057)","Unfall 216551 (2021) Kat:3, Licht: 0","216551","3","7","2","10","11","3","","0","0","1","0","0"
"POINT (13.352072821000036 52.435791957000049)","Unfall 216552 (2021) Kat:3, Licht: 0","216552","3","6","2","11","07","2","","0","0","1","0","0"
"POINT (13.339654411000026 52.447768018000033)","Unfall 216553 (2021) Kat:2, Licht: 0","216553","2","7","5","11","11","7","","0","1","1","0","0"
"POINT (13.453188973000067 52.482874034000076)","Unfall 216554 (2021) Kat:3, Licht: 0","216554","3","4","6","11","13","2","","0","0","1","1","0"
"POINT (13.415154511000026 52.520835941000030)","Unfall 216555 (2021) Kat:3, Licht: 0","216555","3","3","5","10","07","3","","0","1","1","0","0"
"POINT (13.620216781000067 52.446668838000051)","Unfall 216556 (2021) Kat:3, Licht: 0","216556","3","5","1","10","15","5","","0","0","1","0","0"
"POINT (13.402182183000036 52.602870611000071)","Unfall 216557 (2021) Kat:3, Licht: 1","216557","3","2","2","10","18","1","","1","0","1","0","1"
"POINT (13.470371157000045 52.553718700000047)","Unfall 216558 (2021) Kat:3, Licht: 0","216558","3","2","5","11","14","4","","0","0","1","0","0"
"POINT (13.516048040000044 52.505812767000066)","Unfall 216559 (2021) Kat:3, Licht: 0","216559","3","3","0","11","14","5","","0","0","1","0","1"
"POINT (13.299640778000025 52.473308667000026)","Unfall 216560 (2021) Kat:2, Licht: 2","216560","2","2","6","11","18","2","","2","0","1","1","0"
"POINT (13.381527769000058 52.410828618000039)","Unfall 216561 (2021) Kat:3, Licht: 0","216561","3","6","2","10","12","6","","0","0","1","0","1"
"POINT (13.555023768000069 52.432533107000040)","Unfall 216562 (2021) Kat:3, Licht: 2","216562","3","2","5","10","21","1","","2","1","1","0","0"
"POINT (13.431888880000031 52.440172596000082)","Unfall 216563 (2021) Kat:3, Licht: 2","216563","3","7","1","10","21","6","","2","0","1","0","0"
"POINT (13.412293223000063 52.515935562000038)","Unfall 216564 (2021) Kat:3, Licht: 2","216564","3","3","5","10","23","5","","2","0","1","0","0"
"POINT (13.198304241000073 52.548450935000062)","Unfall 216565 (2021) Kat:3, Licht: 1","216565","3","4","6","10","18","4","","1","0","1","1","0"
"POINT (13.366682517000072 52.557292164000046)","Unfall 216566 (2021) Kat:3, Licht: 0","216566","3","3","5","11","09","4","","0","1","1","0","0"
"POINT (13.343025808000050 52.439674477000040)","Unfall 216567 (2021) Kat:2, Licht: 1","216567","2","4","6","11","17","6","","1","0","1","1","0"
"POINT (13.457697214000063 52.512801330000059)","Unfall 216568 (2021) Kat:3, Licht: 2","216568","3","2","5","10","20","4","","2","1","1","0","0"
"POINT (13.227009433000035 52.549393365000071)","Unfall 216569 (2021) Kat:3, Licht: 0","216569","3","3","5","10","15","2","","0","0","1","0","0"
"POINT (13.413236795000046 52.547676205000073)","Unfall 216570 (2021) Kat:3, Licht: 2","216570","3","2","5","11","18","5","","2","1","0","0","1"
"POINT (13.362875279000036 52.566623959000026)","Unfall 216571 (2021) Kat:3, Licht: 0","216571","3","3","2","11","07","4","","0","0","1","0","0"
"POINT (13.460660181000037 52.563820797000062)","Unfall 216572 (2021) Kat:3, Licht: 0","216572","3","1","2","10","15","1","","0","1","0","0","0"
"POINT (13.141699425000070 52.455425528000035)","Unfall 216573 (2021) Kat:2, Licht: 2","216573","2","1","8","10","06","1","","2","0","1","0","0"
"POINT (13.549914448000038 52.436265609000031)","Unfall 216574 (2021) Kat:2, Licht: 0","216574","2","3","0","10","14","4","","0","1","1","0","0"
"POINT (13.390993356000024 52.544852295000055)","Unfall 216575 (2021) Kat:3, Licht: 0","216575","3","4","6","10","15","7","","0","1","0","1","0"
"POINT (13.451135622000038 52.473550681000063)","Unfall 216576 (2021) Kat:3, Licht: 1","216576","3","5","1","11","17","3","","1","1","0","0","0"
"POINT (13.394560680000041 52.487374053000053)","Unfall 216577 (2021) Kat:3, Licht: 1","216577","3","4","6","11","16","4","","1","0","0","1","0"
"POINT (13.561534776000030 52.501703327000030)","Unfall 216578 (2021) Kat:3, Licht: 2","216578","3","6","4","11","22","1","","2","0","1","0","0"
"POINT (13.346016955000039 52.504004011000063)","Unfall 216579 (2021) Kat:3, Licht: 2","216579","3","2","5","11","20","7","","2","0","1","0","0"
"POINT (13.267377243000055 52.514172238000072)","Unfall 216580 (2021) Kat:3, Licht: 0","216580","3","7","2","10","10","5","","0","0","1","0","1"
"POINT (13.250072423000063 52.421234942000069)","Unfall 216581 (2021) Kat:3, Licht: 0","216581","3","3","5","10","10","4","","0","1","1","0","0"
"POINT (13.305325629000038 52.465648617000056)","Unfall 216582 (2021) Kat:3, Licht: 0","216582","3","5","1","11","07","3","","0","1","1","0","0"
"POINT (13.473633357000040 52.609954168000058)","Unfall 216583 (2021) Kat:3, Licht: 0","216583","3","5","1","11","10","5","","0","1","1","0","0"
"POINT (13.326111752000031 52.538345050000032)","Unfall 216584 (2021) Kat:3, Licht: 0","216584","3","2","5","10","12","3","","0","0","1","0","0"
"POINT (13.281399887000077 52.512836411000080)","Unfall 216585 (2021) Kat:3, Licht: 0","216585","3","2","5","10","07","4","","0","0","1","0","0"
"POINT (13.385908512000071 52.487380945000041)","Unfall 216586 (2021) Kat:3, Licht: 2","216586","3","7","9","10","05","1","","2","0","1","0","0"
"POINT (13.423510264000072 52.486562788000072)","Unfall 216587 (2021) Kat:3, Licht: 2","216587","3","6","0","11","19","5","","2","0","1","0","1"
"POINT (13.171941994000065 52.550131970000052)","Unfall 216588 (2021) Kat:3, Licht: 2","216588","3","3","5","11","20","3","","2","1","1","0","0"
"POINT (13.391824890000066 52.510500703000048)","Unfall 216589 (2021) Kat:2, Licht: 0","216589","2","2","5","10","11","7","","0","0","1","0","1"
"POINT (13.143632298000057 52.455350620000047)","Unfall 216590 (2021) Kat:3, Licht: 0","216590","3","7","7","10","08","7","","0","1","0","0","0"
"POINT (13.341696467000077 52.534837630000027)","Unfall 216591 (2021) Kat:3, Licht: 0","216591","3","3","5","11","16","2","","0","0","1","0","0"
"POINT (13.476279046000059 52.533104894000076)","Unfall 216592 (2021) Kat:3, Licht: 2","216592","3","2","5","11","19","3","","2","0","1","0","0"
"POINT (13.550411502000031 52.429152515000055)","Unfall 216593 (2021) Kat:3, Licht: 0","216593","3","3","5","11","09","2","","0","1","1","0","0"
"POINT (13.323067171000048 52.490679826000076)","Unfall 216594 (2021) Kat:3, Licht: 0","216594","3","2","5","11","13","7","","0","1","1","0","0"
"POINT (13.217373093000049 52.537803637000081)","Unfall 216595 (2021) Kat:3, Licht: 2","216595","3","2","5","10","21","4","","2","0","1","0","0"
"POINT (13.205572145000076 52.541821071000072)","Unfall 216596 (2021) Kat:3, Licht: 0","216596","3","6","2","10","10","2","","0","0","1","0","0"
"POINT (13.560372397000037 52.486602234000031)","Unfall 216597 (2021) Kat:3, Licht: 0","216597","3","2","5","10","12","5","","0","0","1","0","0"
"POINT (13.428767589000074 52.581745540000043)","Unfall 216598 (2021) Kat:3, Licht: 0","216598","3","6","2","10","12","7","","0","1","1","0","0"
"POINT (13.247663804000069 52.467474128000049)","Unfall 216599 (2021) Kat:3, Licht: 0","216599","3","3","5","11","08","2","","0","0","1","0","0"
"POINT (13.382201363000036 52.399387562000072)","Unfall 216600 (2021) Kat:2, Licht: 0","216600","2","4","6","11","13","5","","0","0","1","1","0"
"POINT (13.311070193000035 52.495839693000050)","Unfall 216601 (2021) Kat:3, Licht: 0","216601","3","5","1","11","07","2","","0","0","1","0","1"
"POINT (13.202660522000031 52.549843014000032)","Unfall 216602 (2021) Kat:3, Licht: 0","216602","3","3","5","11","14","6","","0","0","1","0","1"
"POINT (13.417600873000026 52.513349034000044)","Unfall 216603 (2021) Kat:3, Licht: 0","216603","3","5","1","10","15","2","","0","1","1","0","0"
"POINT (13.401723223000033 52.568686472000081)","Unfall 216604 (2021) Kat:3, Licht: 0","216604","3","5","1","10","15","5","","0","1","1","0","0"
"POINT (13.351927378000028 52.418578663000062)","Unfall 216605 (2021) Kat:3, Licht: 0","216605","3","3","5","10","13","5","","0","0","1","0","0"