WKT,Name,OBJECTID,UKATEGORIE,UTYP1,UART,UMONAT,USTUNDE,UWOCHENTAG,STRZUSTAND,ULICHTVERH,ISTRAD,ISTPKW,ISTFUSS,ISTKRAD
"POINT (13.314842613000053 52.469423840000047)","Unfall 216606 (2021) Kat:3, Licht: 0","216606","3","2","5","11","11","3","","0","0","1","0","1"
"POINT (13.437345432000029 52.510811867000029)","Unfall 216607 (2021) Kat:3, Licht: 0","216607","3","2","5","11","11","5","","0","1","1","0","0"
"POINT (13.479451545000074 52.516197067000064)","Unfall 216608 (2021) Kat:3, Licht: 0","216608","3","2","5","10","07","4","","0","1","1","0","0"
"POINT (13.424436638000032 52.532937530000027)","Unfall 216609 (2021) Kat:3, Licht: 0","216609","3","7","6","10","09","2","","0","0","1","1","0"
"POINT (13.528776615000027 52.452261371000077)","Unfall 216610 (2021) Kat:3, Licht: 2","216610","3","6","2","11","19","5","","2","0","1","0","0"
"POINT (13.434563520000040 52.482791996000060)","Unfall 216611 (2021) Kat:3, Licht: 2","216611","3","3","5","11","22","5","","2","0","1","0","0"
"POINT (13.439825253000038 52.431448794000062)","Unfall 216612 (2021) Kat:2, Licht: 0","216612","2","5","1","10","13","7","","0","0","0","0","1"
"POINT (13.526695387000075 52.426461961000030)","Unfall 216613 (2021) Kat:3, Licht: 0","216613","3","2","2","10","11","1","","0","0","1","0","0"
"POINT (13.406959114000074 52.590673930000037)","Unfall 216614 (2021) Kat:3, Licht: 2","216614","3","5","1","11","21","7","","2","0","1","0","1"
"POINT (13.356283506000068 52.543207510000059)","Unfall 216615 (2021) Kat:3, Licht: 0","216615","3","3","5","11","09","3","","0","1","1","0","0"
"POINT (13.363844611000047 52.548300151000035)","Unfall 216616 (2021) Kat:3, Licht: 2","216616","3","1","0","11","18","7","","2","1","0","0","0"
"POINT (13.343939142000067 52.546430405000081)","Unfall 216617 (2021) Kat:3, Licht: 0","216617","3","2","5","10","15","4","","0","0","1","0","0"
"POINT (13.301065997000023 52.528068969000060)","Unfall 216618 (2021) Kat:3, Licht: 0","216618","3","3","5","10","15","4","","0","1","1","0","0"
"POINT (13.386771041000031 52.543450542000073)","Unfall 216619 (2021) Kat:3, Licht: 0","216619","3","2","5","11","08","2","","0","1","1","0","0"
"POINT (13.391302077000034 52.536219920000065)","Unfall 216620 (2021) Kat:3, Licht: 0","216620","3","2","5","10","08","2","","0","1","1","0","0"
"POINT (13.360147187000052 52.417917581000040)","Unfall 216621 (2021) Kat:3, Licht: 2","216621","3","3","5","10","18","3","","2","0","1","0","0"
"POINT (13.263973099000054 52.538479737000046)","Unfall 216622 (2021) Kat:3, Licht: 0","216622","3","6","4","10","15","3","","0","0","1","0","0"
"POINT (13.561567371000024 52.507158154000081)","Unfall 216623 (2021) Kat:3, Licht: 0","216623","3","6","2","10","17","6","","0","0","1","0","0"
"POINT (13.623748664000061 52.521901032000073)","Unfall 216624 (2021) Kat:3, Licht: 0","216624","3","3","5","11","09","5","","0","1","0","0","0"
"POINT (13.241630288000067 52.543374070000027)","Unfall 216625 (2021) Kat:3, Licht: 0","216625","3","3","5","11","08","4","","0","1","1","0","0"
"POINT (13.420698213000037 52.468885030000081)","Unfall 216626 (2021) Kat:3, Licht: 0","216626","3","6","4","10","13","6","","0","1","0","0","0"
"POINT (13.442388440000059 52.465768291000074)","Unfall 216627 (2021) Kat:3, Licht: 0","216627","3","2","5","10","15","2","","0","1","1","0","0"
"POINT (13.330679287000066 52.571097063000082)","Unfall 216628 (2021) Kat:3, Licht: 1","216628","3","2","5","10","17","6","","1","0","1","0","0"
"POINT (13.497216503000061 52.628579870000067)","Unfall 216629 (2021) Kat:3, Licht: 0","216629","3","5","1","10","08","5","","0","0","1","0","0"
"POINT (13.285977248000052 52.449609587000054)","Unfall 216630 (2021) Kat:3, Licht: 0","216630","3","3","5","11","09","2","","0","0","1","0","0"
"POINT (13.500350090000040 52.510670795000067)","Unfall 216631 (2021) Kat:3, Licht: 2","216631","3","2","5","11","17","7","","2","0","1","0","1"
"POINT (13.383401237000044 52.511537221000026)","Unfall 216632 (2021) Kat:3, Licht: 0","216632","3","3","5","10","06","3","","0","0","1","0","0"
"POINT (13.421042111000077 52.509802910000076)","Unfall 216633 (2021) Kat:3, Licht: 2","216633","3","2","5","11","19","1","","2","1","1","0","0"
"POINT (13.370650051000041 52.559060210000041)","Unfall 216634 (2021) Kat:3, Licht: 0","216634","3","2","0","11","08","5","","0","1","1","0","0"
"POINT (13.366000350000036 52.495489359000032)","Unfall 216635 (2021) Kat:3, Licht: 1","216635","3","6","2","11","16","2","","1","0","1","0","0"
"POINT (13.360531538000032 52.596809952000058)","Unfall 216636 (2021) Kat:3, Licht: 2","216636","3","2","5","10","07","3","","2","1","1","0","0"
"POINT (13.523576933000072 52.478824018000068)","Unfall 216637 (2021) Kat:3, Licht: 0","216637","3","3","5","10","14","5","","0","0","1","0","1"
"POINT (13.331227848000026 52.495415724000054)","Unfall 216638 (2021) Kat:3, Licht: 0","216638","3","3","0","10","21","7","","0","0","1","0","0"
"POINT (13.309560520000048 52.467109099000027)","Unfall 216639 (2021) Kat:3, Licht: 0","216639","3","6","3","11","13","3","","0","0","1","0","0"
"POINT (13.383019086000047 52.542047399000069)","Unfall 216640 (2021) Kat:3, Licht: 1","216640","3","4","6","11","17","5","","1","0","1","1","0"
"POINT (13.411975062000067 52.528175237000028)","Unfall 216641 (2021) Kat:2, Licht: 0","216641","2","3","5","11","09","3","","0","1","0","0","0"
"POINT (13.286249560000044 52.497720458000060)","Unfall 216642 (2021) Kat:3, Licht: 0","216642","3","5","1","10","12","6","","0","1","1","0","0"
"POINT (13.377418602000034 52.479369218000045)","Unfall 216643 (2021) Kat:3, Licht: 2","216643","3","1","9","10","05","7","","2","0","0","0","1"
"POINT (13.311506816000076 52.567912747000037)","Unfall 216644 (2021) Kat:2, Licht: 0","216644","2","1","0","10","18","4","","0","0","0","0","1"
"POINT (13.266504753000049 52.533550772000069)","Unfall 216645 (2021) Kat:3, Licht: 2","216645","3","6","2","11","20","4","","2","0","1","0","0"
"POINT (13.280890553000063 52.478281982000055)","Unfall 216646 (2021) Kat:3, Licht: 0","216646","3","7","5","11","09","6","","0","0","1","0","1"
"POINT (13.440362202000074 52.489907128000027)","Unfall 216647 (2021) Kat:3, Licht: 0","216647","3","3","5","10","09","5","","0","1","0","0","0"
"POINT (13.410169751000069 52.517548142000066)","Unfall 216648 (2021) Kat:3, Licht: 0","216648","3","4","6","10","16","3","","0","1","0","1","0"
"POINT (13.499998180000034 52.498955281000065)","Unfall 216649 (2021) Kat:3, Licht: 0","216649","3","2","5","11","10","6","","0","0","1","0","0"
"POINT (13.281488581000076 52.501307945000065)","Unfall 216650 (2021) Kat:3, Licht: 0","216650","3","6","2","11","10","4","","0","0","1","0","0"
"POINT (13.227898282000069 52.528333205000081)","Unfall 216651 (2021) Kat:3, Licht: 0","216651","3","6","2","10","06","1","","0","0","1","0","0"
"POINT (13.124799174000032 52.428257543000029)","Unfall 216652 (2021) Kat:3, Licht: 0","216652","3","7","5","10","15","1","","0","1","1","0","0"
"POINT (13.278210517000048 52.575726227000075)","Unfall 216653 (2021) Kat:3, Licht: 0","216653","3","7","5","10","13","5","","0","0","1","0","1"
"POINT (13.350108600000056 52.414295171000049)","Unfall 216654 (2021) Kat:3, Licht: 0","216654","3","2","5","10","12","6","","0","1","1","0","0"
"POINT (13.291635567000071 52.595146662000047)","Unfall 216655 (2021) Kat:2, Licht: 0","216655","2","4","6","11","13","3","","0","0","1","1","0"
"POINT (13.434668047000059 52.472605885000064)","Unfall 216656 (2021) Kat:2, Licht: 2","216656","2","4","0","11","17","4","","2","1","0","1","0"
"POINT (13.345862547000024 52.436212087000058)","Unfall 216657 (2021) Kat:3, Licht: 2","216657","3","2","6","11","18","1","","2","0","1","1","0"
"POINT (13.297262077000028 52.526962132000051)","Unfall 216658 (2021) Kat:3, Licht: 0","216658","3","6","3","11","13","6","","0","0","1","0","0"
"POINT (13.328771507000056 52.566258639000068)","Unfall 216659 (2021) Kat:3, Licht: 2","216659","3","1","1","10","00","2","","2","0","1","0","0"
"POINT (13.364993590000040 52.526007854000056)","Unfall 216660 (2021) Kat:3, Licht: 0","216660","3","7","0","10","09","6","","0","0","1","0","1"
"POINT (13.389339803000041 52.547006958000054)","Unfall 216661 (2021) Kat:3, Licht: 0","216661","3","2","2","10","13","4","","0","0","1","0","1"
"POINT (13.326040974000023 52.564600634000044)","Unfall 216662 (2021) Kat:3, Licht: 1","216662","3","2","2","11","18","3","","1","0","1","0","1"
"POINT (13.485091381000075 52.495968019000031)","Unfall 216663 (2021) Kat:3, Licht: 0","216663","3","3","5","11","09","4","","0","1","1","0","0"
"POINT (13.312295286000051 52.604549560000066)","Unfall 216664 (2021) Kat:3, Licht: 2","216664","3","3","0","10","18","3","","2","0","1","0","1"
"POINT (13.429932328000064 52.523171767000065)","Unfall 216665 (2021) Kat:3, Licht: 2","216665","3","2","5","10","21","3","","2","0","1","0","0"
"POINT (13.198760847000074 52.542812085000037)","Unfall 216666 (2021) Kat:2, Licht: 0","216666","2","4","2","10","11","6","","0","0","1","1","0"
"POINT (13.201000993000036 52.555428284000072)","Unfall 216667 (2021) Kat:3, Licht: 0","216667","3","6","2","10","15","6","","0","0","1","0","0"
"POINT (13.240326041000060 52.442780466000045)","Unfall 216668 (2021) Kat:3, Licht: 0","216668","3","4","6","11","13","5","","0","0","0","1","0"
"POINT (13.388717076000034 52.499323600000082)","Unfall 216669 (2021) Kat:3, Licht: 2","216669","3","2","5","11","17","3","","2","0","1","0","0"
"POINT (13.532773869000039 52.512786036000080)","Unfall 216670 (2021) Kat:3, Licht: 0","216670","3","4","6","10","11","7","","0","0","0","1","0"
"POINT (13.155746905000058 52.533077244000026)","Unfall 216671 (2021) Kat:3, Licht: 0","216671","3","7","6","10","13","7","","0","0","1","1","0"
"POINT (13.266336839000076 52.451990469000066)","Unfall 216672 (2021) Kat:3, Licht: 0","216672","3","4","6","11","14","6","","0","1","0","1","0"
"POINT (13.338548797000044 52.530261992000078)","Unfall 216673 (2021) Kat:3, Licht: 0","216673","3","3","2","11","11","3","","0","1","1","0","0"
"POINT (13.368420155000024 52.589693153000042)","Unfall 216674 (2021) Kat:3, Licht: 2","216674","3","3","0","11","18","2","","2","0","1","0","1"
"POINT (13.396018055000070 52.538375457000029)","Unfall 216675 (2021) Kat:3, Licht: 2","216675","3","2","6","11","18","7","","2","0","1","1","0"
"POINT (13.354110187000060 52.541681970000070)","Unfall 216676 (2021) Kat:3, Licht: 0","216676","3","3","5","10","09","4","","0","1","1","0","0"
"POINT (13.339082593000057 52.456569573000081)","Unfall 216677 (2021) Kat:3, Licht: 0","216677","3","6","2","10","12","3","","0","0","1","0","0"
"POINT (13.455821519000040 52.473800716000028)","Unfall 216678 (2021) Kat:3, Licht: 0","216678","3","2","6","11","16","2","","0","1","0","1","0"
"POINT (13.511828028000025 52.550650321000035)","Unfall 216679 (2021) Kat:3, Licht: 2","216679","3","3","5","10","05","3","","2","1","1","0","0"
"POINT (13.467515015000060 52.509615032000056)","Unfall 216680 (2021) Kat:2, Licht: 0","216680","2","3","5","10","14","2","","0","0","1","0","1"
"POINT (13.467028443000061 52.468647630000078)","Unfall 216681 (2021) Kat:3, Licht: 2","216681","3","7","6","10","22","1","","2","0","1","1","0"
"POINT (13.229131103000043 52.528274939000028)","Unfall 216682 (2021) Kat:3, Licht: 1","216682","3","6","2","11","06","4","","1","0","1","0","0"
"POINT (13.453588532000026 52.514129750000052)","Unfall 216683 (2021) Kat:3, Licht: 0","216683","3","1","0","11","08","6","","0","0","0","0","1"
"POINT (13.323801428000024 52.587387926000076)","Unfall 216684 (2021) Kat:3, Licht: 2","216684","3","2","5","11","05","3","","2","1","1","0","0"
"POINT (13.393654400000059 52.532186066000065)","Unfall 216685 (2021) Kat:2, Licht: 2","216685","2","3","5","10","23","6","","2","0","1","0","0"
"POINT (13.543186428000070 52.553623773000027)","Unfall 216686 (2021) Kat:2, Licht: 0","216686","2","3","0","10","15","6","","0","0","1","0","1"
"POINT (13.421138176000056 52.503901494000047)","Unfall 216687 (2021) Kat:3, Licht: 2","216687","3","6","4","10","20","6","","2","0","1","0","0"
"POINT (13.508303628000021 52.550076879000073)","Unfall 216688 (2021) Kat:2, Licht: 0","216688","2","3","5","10","17","5","","0","1","1","0","0"
"POINT (13.494834321000042 52.545430350000061)","Unfall 216689 (2021) Kat:3, Licht: 1","216689","3","3","5","11","07","6","","1","1","1","0","0"
"POINT (13.333337886000038 52.458335794000050)","Unfall 216690 (2021) Kat:3, Licht: 1","216690","3","6","2","10","18","3","","1","0","1","0","0"
"POINT (13.472398222000038 52.436809408000045)","Unfall 216691 (2021) Kat:3, Licht: 0","216691","3","3","5","11","13","7","","0","0","1","0","0"
"POINT (13.317460884000070 52.511961237000037)","Unfall 216692 (2021) Kat:3, Licht: 0","216692","3","6","2","11","14","5","","0","1","1","0","0"
"POINT (13.351536339000063 52.509513529000060)","Unfall 216693 (2021) Kat:3, Licht: 2","216693","3","2","5","11","18","2","","2","1","1","0","0"
"POINT (13.335108715000047 52.595652796000081)","Unfall 216694 (2021) Kat:3, Licht: 0","216694","3","4","6","10","11","3","","0","0","1","1","0"
"POINT (13.454696579000029 52.423463673000072)","Unfall 216695 (2021) Kat:3, Licht: 0","216695","3","4","6","10","13","5","","0","0","1","1","0"
"POINT (13.439818237000054 52.475909088000037)","Unfall 216696 (2021) Kat:3, Licht: 0","216696","3","7","0","10","08","3","","0","0","0","0","0"
"POINT (13.345269289000043 52.491994416000068)","Unfall 216697 (2021) Kat:3, Licht: 2","216697","3","6","0","11","16","1","","2","1","0","0","0"
"POINT (13.305146613000034 52.502556275000074)","Unfall 216698 (2021) Kat:3, Licht: 2","216698","3","1","0","10","01","4","","2","0","0","0","0"
"POINT (13.357547487000033 52.535902033000070)","Unfall 216699 (2021) Kat:3, Licht: 2","216699","3","2","6","10","05","3","","2","0","0","1","0"
"POINT (13.381872851000026 52.538208159000078)","Unfall 216700 (2021) Kat:3, Licht: 0","216700","3","6","1","10","09","7","","0","1","1","0","0"
"POINT (13.208461310000075 52.561618572000043)","Unfall 216701 (2021) Kat:3, Licht: 1","216701","3","7","5","11","18","5","","1","1","1","0","0"
"POINT (13.317647895000050 52.501409919000082)","Unfall 216702 (2021) Kat:3, Licht: 0","216702","3","6","2","11","11","3","","0","1","1","0","0"
"POINT (13.241367020000041 52.443826811000065)","Unfall 216703 (2021) Kat:3, Licht: 2","216703","3","5","1","10","18","6","","2","0","1","0","0"
"POINT (13.430626985000060 52.468675823000069)","Unfall 216704 (2021) Kat:3, Licht: 2","216704","3","6","3","10","21","6","","2","1","1","0","0"
"POINT (13.339356594000037 52.458644419000052)","Unfall 216705 (2021) Kat:3, Licht: 0","216705","3","2","5","10","14","7","","0","0","1","0","0"
"POINT (13.292252391000034 52.607785863000061)","Unfall 216706 (2021) Kat:3, Licht: 0","216706","3","6","2","10","07","6","","0","0","1","0","0"
"POINT (13.297110833000033 52.528454966000027)","Unfall 216707 (2021) Kat:3, Licht: 2","216707","3","5","1","11","21","7","","2","0","1","0","0"
"POINT (13.330836148000060 52.562357527000074)","Unfall 216708 (2021) Kat:3, Licht: 0","216708","3","6","2","10","17","1","","0","0","1","0","0"
"POINT (13.427560378000067 52.567941731000076)","Unfall 216709 (2021) Kat:3, Licht: 0","216709","3","6","4","10","15","2","","0","1","0","0","0"
"POINT (13.467577974000051 52.495855087000052)","Unfall 216710 (2021) Kat:3, Licht: 0","216710","3","4","6","11","15","1","","0","0","1","1","0"
"POINT (13.410670648000064 52.527977865000082)","Unfall 216711 (2021) Kat:3, Licht: 2","216711","3","3","5","11","17","5","","2","0","0","0","0"
"POINT (13.334261154000046 52.582378508000033)","Unfall 216712 (2021) Kat:3, Licht: 0","216712","3","7","0","11","12","2","","0","0","0","1","0"
"POINT (13.289113971000063 52.595791435000081)","Unfall 216713 (2021) Kat:3, Licht: 0","216713","3","6","3","10","15","2","","0","0","0","0","1"
"POINT (13.183657757000049 52.547661302000051)","Unfall 216714 (2021) Kat:3, Licht: 0","216714","3","6","4","10","14","5","","0","1","0","0","0"
"POINT (13.368749939000054 52.508903567000061)","Unfall 216715 (2021) Kat:3, Licht: 2","216715","3","6","2","10","22","7","","2","0","1","0","0"
"POINT (13.474334425000052 52.504639327000064)","Unfall 216716 (2021) Kat:3, Licht: 0","216716","3","3","5","11","07","3","","0","1","1","0","0"
"POINT (13.409779943000046 52.524015362000057)","Unfall 216717 (2021) Kat:3, Licht: 1","216717","3","2","5","11","16","5","","1","1","0","0","0"
"POINT (13.459421577000057 52.562816351000038)","Unfall 216718 (2021) Kat:3, Licht: 0","216718","3","2","5","11","07","2","","0","1","1","0","0"
"POINT (13.514044915000056 52.462346726000078)","Unfall 216719 (2021) Kat:3, Licht: 0","216719","3","2","5","10","12","6","","0","1","1","0","0"
"POINT (13.455578029000037 52.518086543000038)","Unfall 216720 (2021) Kat:3, Licht: 0","216720","3","7","0","10","08","5","","0","0","0","0","1"
"POINT (13.410518052000043 52.512457954000070)","Unfall 216721 (2021) Kat:3, Licht: 0","216721","3","1","0","10","16","4","","0","1","1","0","0"
"POINT (13.356131275000052 52.509806222000066)","Unfall 216722 (2021) Kat:3, Licht: 2","216722","3","6","2","11","16","4","","2","0","1","0","0"
"POINT (13.456116009000027 52.528428329000064)","Unfall 216723 (2021) Kat:3, Licht: 0","216723","3","6","2","11","15","6","","0","0","1","0","0"
"POINT (13.417429841000057 52.512978066000073)","Unfall 216724 (2021) Kat:3, Licht: 0","216724","3","7","0","10","09","5","","0","1","0","0","0"
"POINT (13.392096061000075 52.554049842000040)","Unfall 216725 (2021) Kat:3, Licht: 0","216725","3","2","5","10","17","7","","0","1","1","0","0"
"POINT (13.315132136000045 52.586378049000075)","Unfall 216726 (2021) Kat:3, Licht: 0","216726","3","2","5","11","14","6","","0","1","1","0","0"
"POINT (13.141690454000070 52.532506201000047)","Unfall 216727 (2021) Kat:3, Licht: 0","216727","3","3","5","11","13","5","","0","0","1","0","0"
"POINT (13.458285188000048 52.512682762000054)","Unfall 216728 (2021) Kat:3, Licht: 0","216728","3","1","0","11","13","2","","0","1","0","0","1"
"POINT (13.437827622000043 52.506141524000043)","Unfall 216729 (2021) Kat:3, Licht: 0","216729","3","1","8","10","09","2","","0","0","1","0","0"
"POINT (13.332287900000040 52.576360791000070)","Unfall 216730 (2021) Kat:3, Licht: 0","216730","3","6","0","10","13","5","","0","1","1","0","0"
"POINT (13.352249777000054 52.542991563000044)","Unfall 216731 (2021) Kat:3, Licht: 0","216731","3","6","0","10","14","7","","0","0","1","0","0"
"POINT (13.475827239000068 52.533245908000026)","Unfall 216732 (2021) Kat:2, Licht: 0","216732","2","6","0","11","10","1","","0","0","1","0","0"
"POINT (13.437288604000059 52.536265284000081)","Unfall 216733 (2021) Kat:3, Licht: 0","216733","3","5","1","11","07","4","","0","1","1","0","0"
"POINT (13.368032713000048 52.525919023000029)","Unfall 216734 (2021) Kat:3, Licht: 0","216734","3","2","2","11","13","7","","0","0","1","0","0"
"POINT (13.341230850000045 52.433684715000027)","Unfall 216735 (2021) Kat:2, Licht: 2","216735","2","1","0","11","23","6","","2","0","0","0","0"
"POINT (13.205143753000073 52.560876767000082)","Unfall 216736 (2021) Kat:3, Licht: 0","216736","3","5","1","10","08","2","","0","0","0","0","0"
"POINT (13.529470068000023 52.429606660000047)","Unfall 216737 (2021) Kat:3, Licht: 1","216737","3","2","5","10","17","4","","1","1","0","0","0"
"POINT (13.292289781000022 52.441417135000052)","Unfall 216738 (2021) Kat:2, Licht: 0","216738","2","2","5","10","10","4","","0","1","1","0","0"
"POINT (13.527741514000070 52.489569002000053)","Unfall 216739 (2021) Kat:2, Licht: 0","216739","2","6","3","11","14","3","","0","1","0","0","0"
"POINT (13.293975890000070 52.533483571000033)","Unfall 216740 (2021) Kat:2, Licht: 0","216740","2","3","5","11","15","4","","0","0","1","0","0"
"POINT (13.293356489000075 52.497448719000033)","Unfall 216741 (2021) Kat:3, Licht: 0","216741","3","6","2","10","13","3","","0","1","0","0","0"
"POINT (13.402430742000035 52.531152179000060)","Unfall 216742 (2021) Kat:2, Licht: 0","216742","2","5","1","10","14","4","","0","1","0","0","0"
"POINT (13.468805457000030 52.502470947000063)","Unfall 216743 (2021) Kat:3, Licht: 0","216743","3","6","2","10","16","4","","0","0","0","0","1"
"POINT (13.493160291000038 52.636367388000053)","Unfall 216744 (2021) Kat:3, Licht: 0","216744","3","4","6","10","11","6","","0","0","1","1","0"
"POINT (13.561770533000072 52.493643665000036)","Unfall 216745 (2021) Kat:3, Licht: 0","216745","3","2","2","10","13","7","","0","0","1","0","1"
"POINT (13.384476848000077 52.556076077000057)","Unfall 216746 (2021) Kat:2, Licht: 2","216746","2","2","6","11","19","5","","2","0","1","1","0"
"POINT (13.328245228000071 52.467219766000028)","Unfall 216747 (2021) Kat:3, Licht: 0","216747","3","7","6","11","15","4","","0","1","0","1","0"
"POINT (13.289979805000030 52.575545012000077)","Unfall 216748 (2021) Kat:3, Licht: 0","216748","3","6","2","10","12","7","","0","0","1","0","0"
"POINT (13.565201160000072 52.544791076000081)","Unfall 216749 (2021) Kat:3, Licht: 0","216749","3","6","2","10","13","7","","0","0","1","0","0"
"POINT (13.182918202000053 52.547874079000053)","Unfall 216750 (2021) Kat:1, Licht: 0","216750","1","4","6","10","15","6","","0","0","0","1","1"
"POINT (13.369850769000038 52.589372947000072)","Unfall 216751 (2021) Kat:2, Licht: 2","216751","2","2","5","11","06","6","","2","1","0","0","0"
"POINT (13.247555545000068 52.426823554000066)","Unfall 216752 (2021) Kat:3, Licht: 2","216752","3","2","0","11","21","3","","2","0","1","0","1"
"POINT (13.370096521000050 52.568915473000061)","Unfall 216753 (2021) Kat:3, Licht: 0","216753","3","5","1","11","15","7","","0","1","1","0","0"
"POINT (13.386911162000047 52.483246882000060)","Unfall 216754 (2021) Kat:3, Licht: 2","216754","3","4","6","11","17","7","","2","0","0","1","0"
"POINT (13.536014114000068 52.477847376000057)","Unfall 216755 (2021) Kat:3, Licht: 0","216755","3","6","2","10","12","1","","0","0","1","0","0"
"POINT (13.553500786000029 52.502519888000052)","Unfall 216756 (2021) Kat:3, Licht: 0","216756","3","1","0","10","07","4","","0","1","0","0","0"
"POINT (13.475864143000024 52.550428981000039)","Unfall 216757 (2021) Kat:3, Licht: 0","216757","3","3","5","11","13","2","","0","1","1","0","0"
"POINT (13.343347650000055 52.527370234000045)","Unfall 216758 (2021) Kat:3, Licht: 2","216758","3","5","1","11","19","6","","2","0","1","0","0"
"POINT (13.440322490000028 52.504884517000050)","Unfall 216759 (2021) Kat:3, Licht: 0","216759","3","5","1","10","13","3","","0","1","1","0","0"
"POINT (13.396962487000053 52.505312909000054)","Unfall 216760 (2021) Kat:3, Licht: 2","216760","3","3","5","10","20","5","","2","0","1","0","0"
"POINT (13.401313252000023 52.414637469000070)","Unfall 216761 (2021) Kat:2, Licht: 2","216761","2","2","6","10","21","1","","2","0","0","1","0"
"POINT (13.499237750000077 52.510371683000074)","Unfall 216762 (2021) Kat:3, Licht: 2","216762","3","4","6","11","20","4","","2","0","1","1","0"
"POINT (13.165703173000054 52.551189260000058)","Unfall 216763 (2021) Kat:3, Licht: 0","216763","3","6","2","11","12","5","","0","0","1","0","0"
"POINT (13.612366949000034 52.511240581000038)","Unfall 216764 (2021) Kat:3, Licht: 0","216764","3","3","5","11","15","3","","0","0","1","0","1"
"POINT (13.383924956000044 52.516885567000031)","Unfall 216765 (2021) Kat:3, Licht: 0","216765","3","2","2","10","16","6","","0","1","1","0","0"
"POINT (13.604648925000049 52.538362399000050)","Unfall 216766 (2021) Kat:3, Licht: 0","216766","3","6","3","10","16","7","","0","0","1","0","0"
"POINT (13.315032893000023 52.500907215000041)","Unfall 216767 (2021) Kat:3, Licht: 0","216767","3","7","5","10","16","6","","0","1","1","0","0"
"POINT (13.338867184000037 52.465510709000057)","Unfall 216768 (2021) Kat:3, Licht: 0","216768","3","2","3","10","09","6","","0","0","1","0","1"
"POINT (13.473862815000075 52.425818472000060)","Unfall 216769 (2021) Kat:3, Licht: 1","216769","3","2","6","11","17","7","","1","0","1","1","0"
"POINT (13.539958330000047 52.458609962000082)","Unfall 216770 (2021) Kat:3, Licht: 0","216770","3","6","2","10","11","2","","0","0","1","0","0"
"POINT (13.520098451000024 52.426783896000074)","Unfall 216771 (2021) Kat:3, Licht: 1","216771","3","6","2","11","17","1","","1","0","1","0","0"
"POINT (13.419662324000058 52.489838786000064)","Unfall 216772 (2021) Kat:3, Licht: 0","216772","3","3","0","11","16","5","","0","1","1","0","0"
"POINT (13.326104631000021 52.538377321000041)","Unfall 216773 (2021) Kat:3, Licht: 2","216773","3","2","5","10","22","1","","2","0","1","0","1"
"POINT (13.307834126000046 52.472488196000029)","Unfall 216774 (2021) Kat:3, Licht: 0","216774","3","2","0","10","08","2","","0","0","1","0","1"
"POINT (13.442304460000059 52.500881903000050)","Unfall 216775 (2021) Kat:3, Licht: 0","216775","3","2","5","10","13","5","","0","1","1","0","0"
"POINT (13.474804314000039 52.502822322000043)","Unfall 216776 (2021) Kat:3, Licht: 2","216776","3","7","0","10","19","7","","2","1","0","0","0"
"POINT (13.405375843000058 52.508264939000071)","Unfall 216777 (2021) Kat:3, Licht: 0","216777","3","3","5","11","09","3","","0","1","0","0","1"
"POINT (13.370452513000032 52.545299607000061)","Unfall 216778 (2021) Kat:3, Licht: 2","216778","3","2","5","11","16","5","","2","0","1","0","0"
"POINT (13.446415623000064 52.486358232000043)","Unfall 216779 (2021) Kat:3, Licht: 0","216779","3","2","6","11","07","2","","0","0","1","1","0"
"POINT (13.565664987000048 52.528893568000058)","Unfall 216780 (2021) Kat:3, Licht: 0","216780","3","7","5","10","09","6","","0","1","0","0","0"
"POINT (13.385402441000053 52.467122919000076)","Unfall 216781 (2021) Kat:3, Licht: 0","216781","3","5","1","10","10","2","","0","1","1","0","0"
"POINT (13.557599948000075 52.507301708000057)","Unfall 216782 (2021) Kat:3, Licht: 0","216782","3","6","3","10","12","5","","0","0","1","0","0"
"POINT (13.440493648000029 52.540697057000045)","Unfall 216783 (2021) Kat:3, Licht: 1","216783","3","2","5","10","16","5","","1","1","1","0","0"
"POINT (13.610746173000052 52.526895931000070)","Unfall 216784 (2021) Kat:3, Licht: 0","216784","3","3","5","11","11","4","","0","0","1","0","0"
"POINT (13.379453571000056 52.492541847000041)","Unfall 216785 (2021) Kat:3, Licht: 0","216785","3","2","5","11","08","4","","0","0","0","0","0"
"POINT (13.683794917000057 52.370506515000045)","Unfall 216786 (2021) Kat:3, Licht: 0","216786","3","1","8","10","15","4","","0","0","1","0","0"
"POINT (13.309485813000038 52.472322402000032)","Unfall 216787 (2021) Kat:3, Licht: 0","216787","3","7","0","10","08","2","","0","0","0","0","1"
"POINT (13.415349027000047 52.503019687000062)","Unfall 216788 (2021) Kat:3, Licht: 2","216788","3","2","6","11","18","6","","2","0","1","1","0"
"POINT (13.578420357000027 52.513255093000055)","Unfall 216789 (2021) Kat:3, Licht: 0","216789","3","6","2","11","08","5","","0","0","1","0","0"
"POINT (13.478940604000059 52.414183986000069)","Unfall 216790 (2021) Kat:3, Licht: 0","216790","3","3","5","10","12","7","","0","0","1","0","0"
"POINT (13.312508571000023 52.569525181000074)","Unfall 216791 (2021) Kat:3, Licht: 0","216791","3","2","5","10","12","1","","0","0","1","0","0"
"POINT (13.332356863000030 52.506284230000063)","Unfall 216792 (2021) Kat:3, Licht: 0","216792","3","2","0","11","14","7","","0","0","1","0","0"