WKT,Name,OBJECTID,UKATEGORIE,UTYP1,UART,UMONAT,USTUNDE,UWOCHENTAG,STRZUSTAND,ULICHTVERH,ISTRAD,ISTPKW,ISTFUSS,ISTKRAD
"POINT (13.337878703000058 52.488277083000071)","Unfall 216793 (2021) Kat:3, Licht: 0","216793","3","7","6","11","13","4","","0","0","1","1","0"
"POINT (13.440468124000063 52.467370884000047)","Unfall 216794 (2021) Kat:3, Licht: 0","216794","3","3","2","11","15","7","","0","1","1","0","0"
"POINT (13.348890693000044 52.458868471000073)","Unfall 216795 (2021) Kat:3, Licht: 0","216795","3","2","2","11","11","7","","0","1","1","0","0"
"POINT (13.342731873000048 52.434533695000027)","Unfall 216796 (2021) Kat:3, Licht: 2","216796","3","2","6","10","19","1","","2","0","1","1","0"
"POINT (13.405717380000056 52.514079118000041)","Unfall 216797 (2021) Kat:2, Licht: 1","216797","2","2","5","10","06","4","","1","0","1","0","0"
"POINT (13.559319834000064 52.446583356000076)","Unfall 216798 (2021) Kat:3, Licht: 2","216798","3","2","5","10","22","4","","2","1","1","0","0"
"POINT (13.432064932000060 52.604201085000057)","Unfall 216799 (2021) Kat:3, Licht: 0","216799","3","6","0","11","12","3","","0","0","0","0","0"
"POINT (13.555284399000072 52.568210434000036)","Unfall 216800 (2021) Kat:3, Licht: 0","216800","3","4","6","10","09","7","","0","0","1","1","0"
"POINT (13.438625410000043 52.489880171000038)","Unfall 216801 (2021) Kat:3, Licht: 0","216801","3","7","5","11","09","2","","0","0","1","0","1"
"POINT (13.354681021000033 52.552059423000060)","Unfall 216802 (2021) Kat:3, Licht: 2","216802","3","3","5","11","21","5","","2","1","0","0","0"
"POINT (13.427856911000049 52.473935200000028)","Unfall 216803 (2021) Kat:3, Licht: 2","216803","3","5","1","11","18","1","","2","1","1","0","0"
"POINT (13.455356460000075 52.474104469000054)","Unfall 216804 (2021) Kat:3, Licht: 0","216804","3","6","3","10","15","6","","0","0","1","0","0"
"POINT (13.300349214000050 52.591449177000072)","Unfall 216805 (2021) Kat:3, Licht: 2","216805","3","1","0","10","23","5","","2","1","0","0","0"
"POINT (13.475116830000047 52.479943511000045)","Unfall 216806 (2021) Kat:2, Licht: 0","216806","2","7","6","10","11","5","","0","0","1","1","0"
"POINT (13.398530582000035 52.419568705000074)","Unfall 216807 (2021) Kat:3, Licht: 0","216807","3","2","0","11","07","4","","0","0","1","0","0"
"POINT (13.313160637000067 52.500559650000071)","Unfall 216808 (2021) Kat:3, Licht: 2","216808","3","2","3","11","22","4","","2","0","1","0","0"
"POINT (13.451480343000071 52.520387711000069)","Unfall 216809 (2021) Kat:3, Licht: 1","216809","3","2","0","10","19","3","","1","1","1","0","0"
"POINT (13.378405335000025 52.437596035000070)","Unfall 216810 (2021) Kat:3, Licht: 0","216810","3","2","0","10","16","2","","0","1","1","0","0"
"POINT (13.546991724000065 52.431473729000061)","Unfall 216811 (2021) Kat:3, Licht: 0","216811","3","6","2","11","08","6","","0","0","1","0","0"
"POINT (13.320469572000036 52.448050003000048)","Unfall 216812 (2021) Kat:3, Licht: 0","216812","3","3","5","11","12","4","","0","1","0","0","1"
"POINT (13.426207524000063 52.477410670000040)","Unfall 216813 (2021) Kat:3, Licht: 0","216813","3","6","3","11","08","2","","0","1","1","0","0"
"POINT (13.453936974000044 52.474944685000082)","Unfall 216814 (2021) Kat:3, Licht: 0","216814","3","6","3","10","15","2","","0","0","1","0","0"
"POINT (13.356637993000049 52.553074343000048)","Unfall 216815 (2021) Kat:3, Licht: 0","216815","3","5","1","10","13","5","","0","0","1","0","0"
"POINT (13.317751480000027 52.494604614000082)","Unfall 216816 (2021) Kat:3, Licht: 0","216816","3","5","1","11","07","1","","0","0","1","0","0"
"POINT (13.408958896000058 52.504148656000041)","Unfall 216817 (2021) Kat:3, Licht: 0","216817","3","2","5","11","12","4","","0","1","0","0","1"
"POINT (13.375309696000045 52.553791507000028)","Unfall 216818 (2021) Kat:3, Licht: 2","216818","3","7","1","11","06","7","","2","0","1","0","0"
"POINT (13.294869052000024 52.497683166000058)","Unfall 216819 (2021) Kat:3, Licht: 1","216819","3","6","2","11","16","6","","1","0","1","0","0"
"POINT (13.393038867000030 52.537325576000057)","Unfall 216820 (2021) Kat:3, Licht: 2","216820","3","1","8","10","19","1","","2","0","1","0","0"
"POINT (13.379431848000024 52.570694534000040)","Unfall 216821 (2021) Kat:3, Licht: 0","216821","3","6","2","10","13","4","","0","0","1","0","1"
"POINT (13.449930790000053 52.445602381000072)","Unfall 216822 (2021) Kat:3, Licht: 0","216822","3","2","5","11","10","3","","0","0","1","0","0"
"POINT (13.550170179000077 52.499608415000068)","Unfall 216823 (2021) Kat:3, Licht: 1","216823","3","2","5","10","17","2","","1","1","1","0","0"
"POINT (13.427644631000021 52.420829094000055)","Unfall 216824 (2021) Kat:3, Licht: 2","216824","3","2","5","10","06","4","","2","0","1","0","1"
"POINT (13.395811751000053 52.503597427000045)","Unfall 216825 (2021) Kat:3, Licht: 0","216825","3","6","2","10","12","3","","0","0","1","0","0"
"POINT (13.431889275000060 52.505656947000034)","Unfall 216826 (2021) Kat:3, Licht: 0","216826","3","3","5","10","16","6","","0","1","1","0","0"
"POINT (13.400757585000065 52.523641185000031)","Unfall 216827 (2021) Kat:3, Licht: 0","216827","3","1","0","10","11","7","","0","1","0","0","0"
"POINT (13.389290281000058 52.496047597000029)","Unfall 216828 (2021) Kat:3, Licht: 0","216828","3","2","5","11","14","5","","0","1","1","0","0"
"POINT (13.495228781000037 52.635509335000052)","Unfall 216829 (2021) Kat:2, Licht: 2","216829","2","1","0","11","22","3","","2","0","0","0","1"
"POINT (13.389174986000057 52.439264898000033)","Unfall 216830 (2021) Kat:3, Licht: 2","216830","3","5","1","10","19","7","","2","0","1","0","0"
"POINT (13.371354126000028 52.474637915000073)","Unfall 216831 (2021) Kat:3, Licht: 0","216831","3","3","5","10","15","1","","0","0","1","0","1"
"POINT (13.632920720000072 52.456723628000077)","Unfall 216832 (2021) Kat:3, Licht: 2","216832","3","2","5","10","19","6","","2","0","1","0","1"
"POINT (13.297063994000041 52.530577034000032)","Unfall 216833 (2021) Kat:3, Licht: 1","216833","3","5","1","11","06","6","","1","1","1","0","0"
"POINT (13.388991617000045 52.566899222000075)","Unfall 216834 (2021) Kat:3, Licht: 2","216834","3","5","1","11","21","3","","2","1","1","0","0"
"POINT (13.427918831000056 52.545699707000040)","Unfall 216835 (2021) Kat:3, Licht: 2","216835","3","2","5","11","17","2","","2","1","0","0","0"
"POINT (13.279651935000061 52.518285989000049)","Unfall 216836 (2021) Kat:3, Licht: 0","216836","3","6","2","11","14","7","","0","0","1","0","0"
"POINT (13.500531363000050 52.561428355000032)","Unfall 216837 (2021) Kat:2, Licht: 0","216837","2","1","0","10","06","3","","0","0","0","0","1"
"POINT (13.432061957000030 52.499336153000058)","Unfall 216838 (2021) Kat:3, Licht: 0","216838","3","3","5","11","15","2","","0","0","1","0","0"
"POINT (13.229828008000027 52.555152097000075)","Unfall 216839 (2021) Kat:3, Licht: 0","216839","3","6","4","11","11","7","","0","0","1","0","1"
"POINT (13.428695734000030 52.479008689000068)","Unfall 216840 (2021) Kat:3, Licht: 0","216840","3","3","5","11","14","2","","0","1","0","0","0"
"POINT (13.316275769000072 52.498685029000058)","Unfall 216841 (2021) Kat:3, Licht: 0","216841","3","2","5","10","17","3","","0","1","1","0","0"
"POINT (13.471588794000070 52.559323508000034)","Unfall 216842 (2021) Kat:3, Licht: 0","216842","3","5","1","10","14","5","","0","0","1","0","0"
"POINT (13.332036007000056 52.486061584000026)","Unfall 216843 (2021) Kat:2, Licht: 0","216843","2","5","1","10","14","1","","0","0","1","0","1"
"POINT (13.402728937000063 52.524038095000037)","Unfall 216844 (2021) Kat:3, Licht: 2","216844","3","6","6","11","23","5","","2","0","1","1","0"
"POINT (13.344949603000032 52.480167164000079)","Unfall 216845 (2021) Kat:3, Licht: 0","216845","3","6","2","11","07","6","","0","0","1","0","0"
"POINT (13.207125135000069 52.584430294000072)","Unfall 216846 (2021) Kat:2, Licht: 0","216846","2","1","8","11","14","3","","0","0","1","0","0"
"POINT (13.149463527000023 52.457383366000045)","Unfall 216847 (2021) Kat:2, Licht: 0","216847","2","2","5","10","14","6","","0","0","1","0","1"
"POINT (13.160030964000043 52.527870958000051)","Unfall 216848 (2021) Kat:3, Licht: 0","216848","3","3","5","10","10","7","","0","0","1","0","0"
"POINT (13.435678796000047 52.532490354000061)","Unfall 216849 (2021) Kat:3, Licht: 0","216849","3","7","1","10","12","6","","0","1","1","0","0"
"POINT (13.432781943000066 52.485116342000026)","Unfall 216850 (2021) Kat:3, Licht: 2","216850","3","5","1","10","19","5","","2","0","1","0","0"
"POINT (13.402089271000023 52.528719556000055)","Unfall 216851 (2021) Kat:3, Licht: 2","216851","3","5","1","11","22","6","","2","1","1","0","0"
"POINT (13.462042399000040 52.558968538000045)","Unfall 216852 (2021) Kat:3, Licht: 0","216852","3","2","5","10","15","5","","0","0","1","0","0"
"POINT (13.227248230000043 52.549475095000048)","Unfall 216853 (2021) Kat:3, Licht: 2","216853","3","2","5","10","19","3","","2","0","1","0","0"
"POINT (13.649174694000067 52.449613826000075)","Unfall 216854 (2021) Kat:2, Licht: 0","216854","2","1","8","11","09","1","","0","0","0","0","1"
"POINT (13.545378543000027 52.567663920000030)","Unfall 216855 (2021) Kat:3, Licht: 0","216855","3","6","2","11","14","5","","0","0","1","0","0"
"POINT (13.550469217000057 52.542937519000077)","Unfall 216856 (2021) Kat:2, Licht: 1","216856","2","2","5","11","06","2","","1","1","1","0","0"
"POINT (13.376593976000038 52.509804715000030)","Unfall 216857 (2021) Kat:3, Licht: 0","216857","3","6","2","10","08","2","","0","0","1","0","0"
"POINT (13.369034544000044 52.493051972000046)","Unfall 216858 (2021) Kat:3, Licht: 0","216858","3","2","5","10","14","4","","0","1","0","0","0"
"POINT (13.427928236000071 52.545513036000045)","Unfall 216859 (2021) Kat:3, Licht: 2","216859","3","2","5","10","20","7","","2","1","1","0","0"
"POINT (13.480257042000062 52.422293628000034)","Unfall 216860 (2021) Kat:3, Licht: 2","216860","3","5","1","11","18","2","","2","0","1","0","0"
"POINT (13.378849166000066 52.449660614000038)","Unfall 216861 (2021) Kat:2, Licht: 2","216861","2","6","2","11","17","4","","2","0","1","0","0"
"POINT (13.373667525000030 52.556571130000066)","Unfall 216862 (2021) Kat:3, Licht: 0","216862","3","1","0","11","10","2","","0","1","0","0","0"
"POINT (13.435330144000034 52.593969485000059)","Unfall 216863 (2021) Kat:3, Licht: 1","216863","3","4","6","11","06","6","","1","0","1","1","0"
"POINT (13.465010897000070 52.500230371000043)","Unfall 216864 (2021) Kat:3, Licht: 0","216864","3","5","1","10","13","2","","0","0","1","0","0"
"POINT (13.417130750000069 52.541227676000062)","Unfall 216865 (2021) Kat:3, Licht: 0","216865","3","5","1","10","08","5","","0","1","1","0","0"
"POINT (13.356378214000074 52.552481954000029)","Unfall 216866 (2021) Kat:3, Licht: 0","216866","3","2","5","10","14","5","","0","1","1","0","0"
"POINT (13.437640421000026 52.450851669000031)","Unfall 216867 (2021) Kat:3, Licht: 1","216867","3","6","2","11","17","4","","1","0","1","0","0"
"POINT (13.410307961000058 52.528526937000038)","Unfall 216868 (2021) Kat:3, Licht: 0","216868","3","2","2","11","15","5","","0","0","1","0","0"
"POINT (13.205580233000035 52.539642503000039)","Unfall 216869 (2021) Kat:3, Licht: 0","216869","3","4","6","10","15","4","","0","0","1","1","0"
"POINT (13.204487151000023 52.565308846000050)","Unfall 216870 (2021) Kat:3, Licht: 2","216870","3","1","1","10","05","2","","2","0","1","0","0"
"POINT (13.519810596000070 52.505831945000068)","Unfall 216871 (2021) Kat:3, Licht: 0","216871","3","2","5","11","12","6","","0","0","1","0","0"
"POINT (13.153522221000060 52.553431240000066)","Unfall 216872 (2021) Kat:3, Licht: 2","216872","3","2","5","11","17","4","","2","0","1","0","0"
"POINT (13.194166590000066 52.522105886000077)","Unfall 216873 (2021) Kat:3, Licht: 0","216873","3","3","5","10","13","7","","0","1","1","0","0"
"POINT (13.407096799000044 52.586367615000029)","Unfall 216874 (2021) Kat:2, Licht: 0","216874","2","3","5","10","11","1","","0","0","1","0","1"
"POINT (13.438908965000053 52.497846364000054)","Unfall 216875 (2021) Kat:3, Licht: 2","216875","3","7","6","11","18","7","","2","0","0","1","0"
"POINT (13.389421629000026 52.457011384000054)","Unfall 216876 (2021) Kat:3, Licht: 0","216876","3","1","0","11","13","3","","0","0","0","0","1"
"POINT (13.403070841000044 52.447660737000035)","Unfall 216877 (2021) Kat:2, Licht: 0","216877","2","3","5","11","11","7","","0","0","0","0","1"
"POINT (13.392906031000052 52.527492723000080)","Unfall 216878 (2021) Kat:3, Licht: 2","216878","3","2","5","10","20","4","","2","1","0","1","0"
"POINT (13.467400087000044 52.533902605000037)","Unfall 216879 (2021) Kat:3, Licht: 0","216879","3","2","5","10","16","4","","0","0","1","0","1"
"POINT (13.381045753000024 52.541126868000049)","Unfall 216880 (2021) Kat:3, Licht: 0","216880","3","7","1","11","07","3","","0","0","0","0","0"
"POINT (13.414505097000074 52.500192738000067)","Unfall 216881 (2021) Kat:3, Licht: 0","216881","3","3","5","10","16","2","","0","0","1","0","0"
"POINT (13.265364840000075 52.441995114000065)","Unfall 216882 (2021) Kat:3, Licht: 0","216882","3","6","0","10","14","3","","0","0","0","0","0"
"POINT (13.326518209000028 52.427781997000068)","Unfall 216883 (2021) Kat:3, Licht: 0","216883","3","2","3","10","14","3","","0","0","1","0","1"
"POINT (13.408220923000044 52.527252319000070)","Unfall 216884 (2021) Kat:3, Licht: 1","216884","3","5","1","10","18","6","","1","1","0","0","0"
"POINT (13.428721947000042 52.486715543000059)","Unfall 216885 (2021) Kat:3, Licht: 2","216885","3","2","5","11","19","5","","2","1","1","0","0"
"POINT (13.294632260000071 52.519269218000034)","Unfall 216886 (2021) Kat:3, Licht: 2","216886","3","6","2","11","19","3","","2","0","1","0","0"
"POINT (13.263959704000058 52.514295471000082)","Unfall 216887 (2021) Kat:3, Licht: 2","216887","3","7","5","10","20","6","","2","0","1","0","0"
"POINT (13.335752094000043 52.513488474000042)","Unfall 216888 (2021) Kat:3, Licht: 1","216888","3","3","5","10","19","2","","1","1","1","0","0"
"POINT (13.360770819000038 52.491318384000067)","Unfall 216889 (2021) Kat:3, Licht: 0","216889","3","2","0","10","11","6","","0","0","1","0","0"
"POINT (13.325051620000067 52.502552994000041)","Unfall 216890 (2021) Kat:3, Licht: 0","216890","3","2","5","10","14","5","","0","1","1","0","0"
"POINT (13.205761138000071 52.524975728000072)","Unfall 216891 (2021) Kat:2, Licht: 1","216891","2","1","1","11","18","2","","1","0","1","0","0"
"POINT (13.313904183000034 52.490395603000081)","Unfall 216892 (2021) Kat:2, Licht: 2","216892","2","2","6","11","17","7","","2","0","1","1","0"
"POINT (13.400240621000023 52.459991123000066)","Unfall 216893 (2021) Kat:2, Licht: 0","216893","2","7","5","10","08","3","","0","0","1","0","0"
"POINT (13.325884553000037 52.500018412000031)","Unfall 216894 (2021) Kat:3, Licht: 0","216894","3","5","0","11","14","7","","0","1","0","0","0"
"POINT (13.323333359000060 52.492164465000030)","Unfall 216895 (2021) Kat:3, Licht: 0","216895","3","7","5","11","09","5","","0","1","0","0","0"
"POINT (13.379057375000059 52.448177197000064)","Unfall 216896 (2021) Kat:3, Licht: 0","216896","3","3","5","11","13","2","","0","0","1","0","0"
"POINT (13.383737834000044 52.551276893000079)","Unfall 216897 (2021) Kat:3, Licht: 0","216897","3","7","6","10","14","3","","0","0","1","1","0"
"POINT (13.304074031000027 52.581312322000031)","Unfall 216898 (2021) Kat:3, Licht: 0","216898","3","2","2","10","14","5","","0","0","1","0","0"
"POINT (13.391484011000045 52.522083586000065)","Unfall 216899 (2021) Kat:3, Licht: 2","216899","3","3","5","10","23","7","","2","1","1","0","0"
"POINT (13.267503323000028 52.451087331000053)","Unfall 216900 (2021) Kat:3, Licht: 2","216900","3","5","1","11","17","3","","2","0","1","0","0"
"POINT (13.325132099000029 52.486474509000061)","Unfall 216901 (2021) Kat:3, Licht: 2","216901","3","5","1","11","17","5","","2","0","1","0","0"
"POINT (13.331170202000067 52.444027343000073)","Unfall 216902 (2021) Kat:3, Licht: 2","216902","3","2","2","11","19","2","","2","0","1","0","0"
"POINT (13.428964414000063 52.584931462000043)","Unfall 216903 (2021) Kat:3, Licht: 0","216903","3","6","2","10","13","6","","0","0","1","0","0"
"POINT (13.241781190000040 52.506456891000028)","Unfall 216904 (2021) Kat:2, Licht: 1","216904","2","3","5","10","17","7","","1","1","1","0","0"
"POINT (13.505156290000059 52.509166155000059)","Unfall 216905 (2021) Kat:3, Licht: 1","216905","3","4","6","10","19","2","","1","1","0","1","0"
"POINT (13.302797420000047 52.509840678000046)","Unfall 216906 (2021) Kat:3, Licht: 0","216906","3","5","1","10","17","3","","0","1","1","0","0"
"POINT (13.392856676000065 52.542581964000078)","Unfall 216907 (2021) Kat:3, Licht: 0","216907","3","3","5","10","14","3","","0","0","1","0","0"
"POINT (13.384652995000067 52.556000580000045)","Unfall 216908 (2021) Kat:3, Licht: 0","216908","3","1","0","10","09","6","","0","1","0","0","0"
"POINT (13.351237271000059 52.504517312000075)","Unfall 216909 (2021) Kat:3, Licht: 0","216909","3","2","3","10","17","6","","0","0","1","0","1"
"POINT (13.330846427000040 52.444602909000082)","Unfall 216910 (2021) Kat:3, Licht: 2","216910","3","6","2","11","07","5","","2","0","1","0","0"
"POINT (13.326691908000043 52.427757263000046)","Unfall 216911 (2021) Kat:2, Licht: 2","216911","2","1","8","11","01","3","","2","0","1","0","0"
"POINT (13.238399279000078 52.544576514000028)","Unfall 216912 (2021) Kat:3, Licht: 0","216912","3","6","2","10","14","6","","0","0","1","0","0"
"POINT (13.457042360000059 52.561057613000060)","Unfall 216913 (2021) Kat:3, Licht: 2","216913","3","2","5","10","06","2","","2","0","0","0","0"
"POINT (13.377429668000048 52.509580690000064)","Unfall 216914 (2021) Kat:3, Licht: 1","216914","3","4","6","10","17","6","","1","0","1","1","0"
"POINT (13.480771338000068 52.553075508000063)","Unfall 216915 (2021) Kat:3, Licht: 0","216915","3","7","6","10","13","6","","0","0","0","1","0"
"POINT (13.621027016000028 52.526006859000063)","Unfall 216916 (2021) Kat:3, Licht: 1","216916","3","7","6","11","16","6","","1","0","1","1","0"
"POINT (13.587817488000042 52.422049471000037)","Unfall 216917 (2021) Kat:3, Licht: 0","216917","3","2","6","11","12","4","","0","0","1","1","0"
"POINT (13.392242447000058 52.508708089000038)","Unfall 216918 (2021) Kat:3, Licht: 0","216918","3","3","5","11","10","1","","0","0","1","0","0"
"POINT (13.350477385000033 52.414223711000034)","Unfall 216919 (2021) Kat:3, Licht: 2","216919","3","4","6","11","17","7","","2","0","1","1","0"
"POINT (13.420218091000038 52.510019682000063)","Unfall 216920 (2021) Kat:3, Licht: 0","216920","3","5","1","10","15","1","","0","0","1","0","1"
"POINT (13.393006420000063 52.527519799000061)","Unfall 216921 (2021) Kat:3, Licht: 0","216921","3","3","5","10","08","4","","0","1","1","0","0"
"POINT (13.439627917000053 52.555421715000080)","Unfall 216922 (2021) Kat:3, Licht: 0","216922","3","4","6","10","07","3","","0","0","0","1","0"
"POINT (13.429264199000045 52.500874896000028)","Unfall 216923 (2021) Kat:2, Licht: 2","216923","2","2","6","11","22","1","","2","0","1","1","0"
"POINT (13.315993793000075 52.507252824000034)","Unfall 216924 (2021) Kat:3, Licht: 0","216924","3","4","6","11","08","6","","0","0","1","1","0"
"POINT (13.328250994000030 52.478830544000061)","Unfall 216925 (2021) Kat:3, Licht: 2","216925","3","2","5","11","17","3","","2","1","1","0","0"
"POINT (13.413768606000076 52.488182858000073)","Unfall 216926 (2021) Kat:3, Licht: 0","216926","3","6","2","10","14","3","","0","0","1","0","0"
"POINT (13.413373541000055 52.507013140000026)","Unfall 216927 (2021) Kat:2, Licht: 2","216927","2","6","4","10","19","5","","2","1","1","0","0"
"POINT (13.363324000000034 52.455926424000040)","Unfall 216928 (2021) Kat:3, Licht: 2","216928","3","3","5","10","03","1","","2","1","1","0","0"
"POINT (13.301941743000043 52.518810101000042)","Unfall 216929 (2021) Kat:3, Licht: 0","216929","3","6","2","11","12","3","","0","0","1","0","0"
"POINT (13.556136829000025 52.548257775000081)","Unfall 216930 (2021) Kat:2, Licht: 2","216930","2","4","6","11","16","5","","2","0","1","1","0"
"POINT (13.229822012000056 52.427732110000079)","Unfall 216931 (2021) Kat:3, Licht: 0","216931","3","2","5","11","15","2","","0","1","0","0","0"
"POINT (13.379979380000066 52.492430278000029)","Unfall 216932 (2021) Kat:2, Licht: 2","216932","2","1","0","10","03","6","","2","0","0","0","0"
"POINT (13.490961260000063 52.541995798000073)","Unfall 216933 (2021) Kat:3, Licht: 0","216933","3","3","5","10","08","7","","0","0","1","0","0"
"POINT (13.328846034000037 52.565949728000078)","Unfall 216934 (2021) Kat:3, Licht: 2","216934","3","7","5","10","00","5","","2","0","1","0","0"
"POINT (13.356795779000038 52.525010599000041)","Unfall 216935 (2021) Kat:3, Licht: 2","216935","3","6","3","10","22","5","","2","0","1","0","0"
"POINT (13.585288895000076 52.521274394000045)","Unfall 216936 (2021) Kat:3, Licht: 1","216936","3","2","6","11","15","4","","1","0","1","1","0"
"POINT (13.335474095000052 52.608411194000041)","Unfall 216937 (2021) Kat:3, Licht: 0","216937","3","5","1","11","07","6","","0","0","1","0","0"
"POINT (13.580549148000046 52.455498451000039)","Unfall 216938 (2021) Kat:3, Licht: 2","216938","3","2","5","10","21","5","","2","1","0","0","0"
"POINT (13.484634027000027 52.513973508000049)","Unfall 216939 (2021) Kat:3, Licht: 0","216939","3","2","5","10","17","3","","0","1","1","0","0"
"POINT (13.357510824000030 52.423024532000056)","Unfall 216940 (2021) Kat:2, Licht: 0","216940","2","4","6","11","11","7","","0","0","1","1","0"
"POINT (13.381970697000042 52.397710256000039)","Unfall 216941 (2021) Kat:3, Licht: 0","216941","3","2","5","11","13","5","","0","1","0","0","0"
"POINT (13.553305873000056 52.469626130000051)","Unfall 216942 (2021) Kat:3, Licht: 0","216942","3","3","5","11","09","2","","0","0","1","0","0"
"POINT (13.577145150000035 52.455842700000062)","Unfall 216943 (2021) Kat:3, Licht: 0","216943","3","2","5","10","09","2","","0","1","0","0","0"
"POINT (13.428783142000043 52.581525764000048)","Unfall 216944 (2021) Kat:3, Licht: 1","216944","3","6","2","10","16","4","","1","0","1","0","0"
"POINT (13.399368792000075 52.498286404000055)","Unfall 216945 (2021) Kat:3, Licht: 2","216945","3","2","5","10","19","7","","2","1","1","0","0"
"POINT (13.316445400000077 52.456667553000045)","Unfall 216946 (2021) Kat:3, Licht: 1","216946","3","5","1","11","16","2","","1","1","1","0","0"
"POINT (13.428003059000048 52.473668078000060)","Unfall 216947 (2021) Kat:3, Licht: 0","216947","3","6","2","11","12","5","","0","0","1","0","0"
"POINT (13.280321710000067 52.506376600000067)","Unfall 216948 (2021) Kat:2, Licht: 2","216948","2","2","5","11","18","1","","2","0","1","0","0"
"POINT (13.345049143000040 52.446843700000045)","Unfall 216949 (2021) Kat:2, Licht: 0","216949","2","1","0","11","11","6","","0","0","0","0","1"
"POINT (13.385643279000021 52.471562787000039)","Unfall 216950 (2021) Kat:3, Licht: 0","216950","3","3","5","10","15","2","","0","0","1","0","1"
"POINT (13.350235535000024 52.513647952000042)","Unfall 216951 (2021) Kat:3, Licht: 2","216951","3","1","9","10","03","5","","2","0","0","0","1"
"POINT (13.596719714000074 52.436952216000066)","Unfall 216952 (2021) Kat:3, Licht: 0","216952","3","6","2","10","10","5","","0","0","1","0","0"
"POINT (13.299864443000047 52.601935479000076)","Unfall 216953 (2021) Kat:3, Licht: 1","216953","3","5","1","11","16","3","","1","0","1","0","0"
"POINT (13.568668322000065 52.537905174000059)","Unfall 216954 (2021) Kat:2, Licht: 2","216954","2","7","2","11","17","4","","2","0","1","0","0"
"POINT (13.408691593000071 52.537582131000079)","Unfall 216955 (2021) Kat:3, Licht: 0","216955","3","5","5","10","10","4","","0","0","1","0","0"
"POINT (13.246988727000030 52.467590780000080)","Unfall 216956 (2021) Kat:3, Licht: 0","216956","3","6","2","10","18","7","","0","0","1","0","0"
"POINT (13.327728599000068 52.464058704000081)","Unfall 216957 (2021) Kat:3, Licht: 2","216957","3","4","6","11","06","5","","2","0","0","1","0"
"POINT (13.360340209000071 52.537244298000076)","Unfall 216958 (2021) Kat:3, Licht: 2","216958","3","2","5","11","18","4","","2","1","1","0","0"
"POINT (13.319520013000044 52.501534525000068)","Unfall 216959 (2021) Kat:3, Licht: 0","216959","3","7","5","10","13","7","","0","0","1","0","0"
"POINT (13.202727392000043 52.523649387000034)","Unfall 216960 (2021) Kat:3, Licht: 0","216960","3","6","2","10","12","1","","0","0","1","0","1"
"POINT (13.361611022000034 52.548036315000047)","Unfall 216961 (2021) Kat:3, Licht: 0","216961","3","2","2","11","12","7","","0","0","1","0","1"
"POINT (13.424224622000054 52.486690177000071)","Unfall 216962 (2021) Kat:3, Licht: 2","216962","3","6","2","11","19","3","","2","0","1","0","0"
"POINT (13.340644541000074 52.464678760000027)","Unfall 216963 (2021) Kat:3, Licht: 0","216963","3","7","0","11","13","7","","0","0","0","0","1"
"POINT (13.444153448000066 52.490595582000026)","Unfall 216964 (2021) Kat:3, Licht: 0","216964","3","5","1","10","15","4","","0","1","1","0","0"
"POINT (13.429614333000075 52.503016217000038)","Unfall 216965 (2021) Kat:3, Licht: 0","216965","3","3","5","10","17","4","","0","1","0","0","0"
"POINT (13.216432651000048 52.560567948000028)","Unfall 216966 (2021) Kat:3, Licht: 0","216966","3","3","5","11","09","1","","0","0","1","0","0"
"POINT (13.440674455000021 52.517236931000070)","Unfall 216967 (2021) Kat:2, Licht: 0","216967","2","3","5","10","12","2","","0","0","1","0","1"
"POINT (13.258070742000029 52.435137466000072)","Unfall 216968 (2021) Kat:3, Licht: 0","216968","3","3","2","10","13","4","","0","0","1","0","1"
"POINT (13.403094691000035 52.533712710000032)","Unfall 216969 (2021) Kat:3, Licht: 0","216969","3","3","5","10","07","3","","0","1","1","0","0"
"POINT (13.427222658000062 52.499145084000077)","Unfall 216970 (2021) Kat:3, Licht: 0","216970","3","2","5","10","12","6","","0","1","1","0","0"
"POINT (13.602116840000065 52.536015001000067)","Unfall 216971 (2021) Kat:3, Licht: 0","216971","3","2","5","11","15","5","","0","1","1","0","0"
"POINT (13.333179541000050 52.532880969000075)","Unfall 216972 (2021) Kat:3, Licht: 0","216972","3","5","0","11","12","4","","0","1","1","0","0"
"POINT (13.484666969000045 52.463593756000080)","Unfall 216973 (2021) Kat:3, Licht: 0","216973","3","4","0","10","14","6","","0","0","0","1","1"
"POINT (13.636951595000028 52.450805282000033)","Unfall 216974 (2021) Kat:3, Licht: 0","216974","3","3","5","10","16","2","","0","1","1","0","0"
"POINT (13.331443930000034 52.562164985000038)","Unfall 216975 (2021) Kat:3, Licht: 0","216975","3","6","0","10","14","6","","0","0","1","0","1"
"POINT (13.489293527000029 52.542424728000071)","Unfall 216976 (2021) Kat:2, Licht: 1","216976","2","2","0","10","07","5","","1","0","1","0","0"
"POINT (13.420574061000025 52.517908273000046)","Unfall 216977 (2021) Kat:3, Licht: 0","216977","3","7","1","11","14","1","","0","0","1","0","0"
"POINT (13.347940012000038 52.596250440000063)","Unfall 216978 (2021) Kat:3, Licht: 2","216978","3","7","2","11","02","7","","2","0","1","0","0"
"POINT (13.585507092000057 52.505254968000031)","Unfall 216979 (2021) Kat:3, Licht: 0","216979","3","3","5","10","11","2","","0","1","1","0","0"