WKT,Name,OBJECTID,UKATEGORIE,UTYP1,UART,UMONAT,USTUNDE,UWOCHENTAG,STRZUSTAND,ULICHTVERH,ISTRAD,ISTPKW,ISTFUSS,ISTKRAD
"POINT (13.391659345000051 52.555415939000056)","Unfall 216980 (2021) Kat:3, Licht: 0","216980","3","6","2","10","16","2","","0","0","1","0","0"
"POINT (13.376585031000047 52.510166578000053)","Unfall 216981 (2021) Kat:3, Licht: 2","216981","3","2","5","11","19","1","","2","1","1","0","0"
"POINT (13.460105746000067 52.431794262000039)","Unfall 216982 (2021) Kat:3, Licht: 2","216982","3","2","0","11","20","6","","2","1","1","0","0"
"POINT (13.426849005000065 52.571822455000074)","Unfall 216983 (2021) Kat:3, Licht: 0","216983","3","4","6","11","13","2","","0","0","0","1","0"
"POINT (13.157139536000045 52.539159163000079)","Unfall 216984 (2021) Kat:2, Licht: 2","216984","2","2","2","10","20","2","","2","0","1","0","1"
"POINT (13.294175278000068 52.534339437000028)","Unfall 216985 (2021) Kat:3, Licht: 2","216985","3","2","2","10","05","5","","2","0","1","0","0"
"POINT (13.534142270000075 52.432957687000055)","Unfall 216986 (2021) Kat:3, Licht: 0","216986","3","2","6","10","12","2","","0","0","1","1","0"
"POINT (13.376398026000061 52.460098447000064)","Unfall 216987 (2021) Kat:2, Licht: 0","216987","2","3","5","11","08","3","","0","0","0","0","1"
"POINT (13.299830846000077 52.505204419000052)","Unfall 216988 (2021) Kat:3, Licht: 2","216988","3","7","5","11","21","5","","2","0","1","0","1"
"POINT (13.591689022000025 52.544985995000047)","Unfall 216989 (2021) Kat:3, Licht: 1","216989","3","2","5","11","18","2","","1","0","1","0","0"
"POINT (13.309305658000028 52.603475150000065)","Unfall 216990 (2021) Kat:3, Licht: 0","216990","3","6","2","10","08","6","","0","0","1","0","0"
"POINT (13.465469857000073 52.507766274000062)","Unfall 216991 (2021) Kat:2, Licht: 2","216991","2","2","6","10","22","1","","2","0","1","1","0"
"POINT (13.427690737000034 52.553097897000043)","Unfall 216992 (2021) Kat:3, Licht: 0","216992","3","3","5","10","16","6","","0","0","1","0","0"
"POINT (13.334243512000057 52.598942094000051)","Unfall 216993 (2021) Kat:3, Licht: 2","216993","3","3","5","10","22","4","","2","0","1","0","0"
"POINT (13.325223202000075 52.502321097000049)","Unfall 216994 (2021) Kat:3, Licht: 2","216994","3","4","6","11","16","3","","2","0","1","1","0"
"POINT (13.502576244000068 52.447196245000043)","Unfall 216995 (2021) Kat:2, Licht: 0","216995","2","7","0","11","10","6","","0","1","0","0","0"
"POINT (13.340561949000062 52.491185665000046)","Unfall 216996 (2021) Kat:3, Licht: 2","216996","3","1","0","10","22","4","","2","0","0","0","0"
"POINT (13.424218868000025 52.477332399000034)","Unfall 216997 (2021) Kat:3, Licht: 2","216997","3","7","6","10","23","7","","2","0","1","1","0"
"POINT (13.445102292000058 52.452322491000075)","Unfall 216998 (2021) Kat:3, Licht: 0","216998","3","6","3","11","13","7","","0","0","1","0","0"
"POINT (13.305070703000069 52.512554923000039)","Unfall 216999 (2021) Kat:3, Licht: 0","216999","3","5","1","11","10","4","","0","1","1","0","0"
"POINT (13.331696872000066 52.562019302000067)","Unfall 217000 (2021) Kat:2, Licht: 0","217000","2","3","5","11","12","2","","0","0","1","0","1"
"POINT (13.406661435000046 52.498444456000072)","Unfall 217001 (2021) Kat:3, Licht: 0","217001","3","2","5","10","17","1","","0","1","1","0","0"
"POINT (13.470249453000065 52.553636181000059)","Unfall 217002 (2021) Kat:3, Licht: 2","217002","3","7","5","10","20","4","","2","1","1","0","0"
"POINT (13.161567950000062 52.419899321000059)","Unfall 217003 (2021) Kat:2, Licht: 0","217003","2","3","5","10","10","7","","0","0","1","0","0"
"POINT (13.482999942000049 52.416086718000031)","Unfall 217004 (2021) Kat:3, Licht: 2","217004","3","3","5","11","21","7","","2","0","1","0","0"
"POINT (13.559598092000044 52.552394338000056)","Unfall 217005 (2021) Kat:3, Licht: 2","217005","3","7","2","11","19","4","","2","1","1","0","0"
"POINT (13.285394023000038 52.594820188000028)","Unfall 217006 (2021) Kat:3, Licht: 0","217006","3","2","5","11","15","7","","0","1","1","0","0"
"POINT (13.435366337000062 52.423133414000063)","Unfall 217007 (2021) Kat:2, Licht: 0","217007","2","4","6","11","10","6","","0","0","1","1","0"
"POINT (13.261352611000063 52.479142552000042)","Unfall 217008 (2021) Kat:3, Licht: 0","217008","3","1","0","10","17","4","","0","1","0","0","0"
"POINT (13.247523885000021 52.524705534000077)","Unfall 217009 (2021) Kat:2, Licht: 2","217009","2","7","0","10","02","4","","2","0","0","0","0"
"POINT (13.513920855000038 52.483261084000048)","Unfall 217010 (2021) Kat:3, Licht: 2","217010","3","7","0","11","18","3","","2","0","1","0","0"
"POINT (13.478887826000062 52.533293446000073)","Unfall 217011 (2021) Kat:3, Licht: 2","217011","3","2","5","11","18","4","","2","0","1","0","0"
"POINT (13.314541803000054 52.547500811000077)","Unfall 217012 (2021) Kat:2, Licht: 2","217012","2","7","2","10","06","3","","2","0","1","0","1"
"POINT (13.331018165000046 52.494738193000046)","Unfall 217013 (2021) Kat:3, Licht: 0","217013","3","7","0","10","13","4","","0","1","0","0","0"
"POINT (13.400141670000039 52.539426576000039)","Unfall 217014 (2021) Kat:3, Licht: 0","217014","3","2","0","10","09","5","","0","1","1","0","0"
"POINT (13.637103799000045 52.448607683000034)","Unfall 217015 (2021) Kat:3, Licht: 0","217015","3","5","1","11","07","4","","0","1","1","0","0"
"POINT (13.448831970000072 52.478629203000082)","Unfall 217016 (2021) Kat:3, Licht: 0","217016","3","4","6","11","14","6","","0","0","1","1","0"
"POINT (13.448102583000036 52.470547735000082)","Unfall 217017 (2021) Kat:2, Licht: 0","217017","2","3","5","10","13","5","","0","1","1","0","0"
"POINT (13.481253262000052 52.538695180000047)","Unfall 217018 (2021) Kat:3, Licht: 0","217018","3","2","5","10","17","2","","0","1","1","0","0"
"POINT (13.145718145000046 52.523980534000032)","Unfall 217019 (2021) Kat:2, Licht: 0","217019","2","4","6","11","14","6","","0","0","1","1","0"
"POINT (13.332601713000031 52.506169226000054)","Unfall 217020 (2021) Kat:3, Licht: 0","217020","3","2","0","11","15","4","","0","0","1","0","0"
"POINT (13.343983908000041 52.411808514000029)","Unfall 217021 (2021) Kat:3, Licht: 0","217021","3","2","0","10","12","1","","0","0","1","0","1"
"POINT (13.477959175000024 52.523002646000066)","Unfall 217022 (2021) Kat:3, Licht: 0","217022","3","2","5","10","14","2","","0","1","1","0","0"
"POINT (13.415761520000046 52.527272982000056)","Unfall 217023 (2021) Kat:3, Licht: 0","217023","3","2","0","10","15","4","","0","1","1","0","0"
"POINT (13.480590431000053 52.499072075000072)","Unfall 217024 (2021) Kat:3, Licht: 0","217024","3","2","5","10","11","7","","0","0","1","0","1"
"POINT (13.466650267000034 52.502446428000042)","Unfall 217025 (2021) Kat:2, Licht: 0","217025","2","1","0","11","10","3","","0","0","0","0","1"
"POINT (13.389760212000056 52.574296665000077)","Unfall 217026 (2021) Kat:3, Licht: 2","217026","3","3","5","11","06","5","","2","1","1","0","0"
"POINT (13.603563257000076 52.478933171000051)","Unfall 217027 (2021) Kat:2, Licht: 0","217027","2","3","5","11","12","2","","0","1","1","0","0"
"POINT (13.433383259000038 52.553020782000033)","Unfall 217028 (2021) Kat:3, Licht: 1","217028","3","5","1","11","18","6","","1","1","1","0","0"
"POINT (13.271746765000046 52.528388590000077)","Unfall 217029 (2021) Kat:2, Licht: 2","217029","2","6","4","10","06","6","","2","0","1","0","0"
"POINT (13.409297122000055 52.523535749000075)","Unfall 217030 (2021) Kat:3, Licht: 0","217030","3","7","5","10","15","4","","0","0","1","0","1"
"POINT (13.383100500000069 52.434039153000072)","Unfall 217031 (2021) Kat:3, Licht: 0","217031","3","2","0","11","08","3","","0","1","1","0","0"
"POINT (13.361227631000077 52.479411532000029)","Unfall 217032 (2021) Kat:3, Licht: 0","217032","3","7","5","11","14","5","","0","0","1","0","0"
"POINT (13.408620076000034 52.426539296000044)","Unfall 217033 (2021) Kat:3, Licht: 0","217033","3","5","0","10","14","3","","0","0","1","0","0"
"POINT (13.361102559000074 52.589698979000048)","Unfall 217034 (2021) Kat:3, Licht: 0","217034","3","2","0","10","07","4","","0","1","1","0","0"
"POINT (13.368251684000029 52.523527230000070)","Unfall 217035 (2021) Kat:3, Licht: 2","217035","3","5","1","10","19","7","","2","1","1","0","0"
"POINT (13.377521346000037 52.522239576000061)","Unfall 217036 (2021) Kat:3, Licht: 0","217036","3","6","2","11","08","5","","0","1","1","0","0"
"POINT (13.569469967000032 52.444506854000053)","Unfall 217037 (2021) Kat:3, Licht: 1","217037","3","2","5","11","17","3","","1","1","1","0","0"
"POINT (13.385858169000073 52.478197641000065)","Unfall 217038 (2021) Kat:2, Licht: 2","217038","2","1","2","10","00","7","","2","0","1","0","0"
"POINT (13.243496506000042 52.624808888000075)","Unfall 217039 (2021) Kat:2, Licht: 0","217039","2","7","0","10","14","7","","0","0","0","0","1"
"POINT (13.347331628000063 52.435458281000081)","Unfall 217040 (2021) Kat:3, Licht: 0","217040","3","6","2","11","09","2","","0","0","1","0","0"
"POINT (13.580544425000028 52.443159912000056)","Unfall 217041 (2021) Kat:3, Licht: 2","217041","3","1","9","11","20","3","","2","0","0","0","0"
"POINT (13.397508251000033 52.528731008000079)","Unfall 217042 (2021) Kat:3, Licht: 0","217042","3","3","5","11","10","2","","0","1","1","0","0"
"POINT (13.456737690000068 52.509776552000062)","Unfall 217043 (2021) Kat:3, Licht: 0","217043","3","1","0","11","10","1","","0","1","0","0","0"
"POINT (13.446588852000048 52.502724903000058)","Unfall 217044 (2021) Kat:3, Licht: 0","217044","3","6","2","10","17","4","","0","0","1","0","0"
"POINT (13.322246187000076 52.462526333000028)","Unfall 217045 (2021) Kat:3, Licht: 0","217045","3","2","5","10","12","3","","0","0","1","0","0"
"POINT (13.505759190000049 52.409520070000042)","Unfall 217046 (2021) Kat:2, Licht: 2","217046","2","1","9","11","00","3","","2","0","1","0","0"
"POINT (13.315253870000049 52.514579265000066)","Unfall 217047 (2021) Kat:3, Licht: 0","217047","3","2","5","10","16","2","","0","1","1","0","0"
"POINT (13.188098401000047 52.532500549000076)","Unfall 217048 (2021) Kat:2, Licht: 2","217048","2","3","5","10","23","3","","2","0","1","0","0"
"POINT (13.526682901000072 52.428794752000044)","Unfall 217049 (2021) Kat:2, Licht: 0","217049","2","2","5","10","15","3","","0","0","1","0","0"
"POINT (13.194531004000055 52.545714468000028)","Unfall 217050 (2021) Kat:2, Licht: 0","217050","2","3","5","10","17","6","","0","0","1","0","0"
"POINT (13.346040831000039 52.498827837000078)","Unfall 217051 (2021) Kat:3, Licht: 2","217051","3","3","5","11","17","4","","2","0","1","0","1"
"POINT (13.334950018000029 52.560273632000076)","Unfall 217052 (2021) Kat:3, Licht: 0","217052","3","3","5","11","07","6","","0","0","1","0","0"
"POINT (13.315525833000038 52.514662376000047)","Unfall 217053 (2021) Kat:3, Licht: 2","217053","3","6","2","11","16","3","","2","0","1","0","1"
"POINT (13.602221677000045 52.532160698000041)","Unfall 217054 (2021) Kat:3, Licht: 2","217054","3","1","9","10","18","6","","2","0","0","0","1"
"POINT (13.351561667000055 52.578161650000027)","Unfall 217055 (2021) Kat:3, Licht: 0","217055","3","3","5","10","14","6","","0","0","1","0","0"
"POINT (13.401710352000066 52.529628027000058)","Unfall 217056 (2021) Kat:3, Licht: 2","217056","3","2","6","10","18","6","","2","0","1","1","0"
"POINT (13.573646797000038 52.454189876000044)","Unfall 217057 (2021) Kat:3, Licht: 2","217057","3","5","1","10","19","5","","2","1","1","0","0"
"POINT (13.512010726000028 52.470707833000063)","Unfall 217058 (2021) Kat:3, Licht: 2","217058","3","3","5","11","17","7","","2","1","1","0","0"
"POINT (13.568954595000037 52.532502790000080)","Unfall 217059 (2021) Kat:3, Licht: 0","217059","3","1","9","10","12","2","","0","0","1","0","0"
"POINT (13.444742753000071 52.579857282000035)","Unfall 217060 (2021) Kat:3, Licht: 2","217060","3","1","0","11","00","1","","2","0","0","0","0"
"POINT (13.419111655000052 52.525688062000029)","Unfall 217061 (2021) Kat:3, Licht: 0","217061","3","6","2","11","09","5","","0","0","1","0","0"
"POINT (13.475845621000076 52.536805326000035)","Unfall 217062 (2021) Kat:3, Licht: 0","217062","3","6","2","11","08","2","","0","1","0","0","0"
"POINT (13.394728560000033 52.483927004000066)","Unfall 217063 (2021) Kat:3, Licht: 0","217063","3","6","2","10","13","2","","0","0","1","0","0"
"POINT (13.425773665000065 52.560386351000034)","Unfall 217064 (2021) Kat:3, Licht: 0","217064","3","5","1","10","10","5","","0","1","1","0","0"
"POINT (13.444088320000048 52.552727017000052)","Unfall 217065 (2021) Kat:3, Licht: 0","217065","3","3","5","10","15","1","","0","0","0","0","1"
"POINT (13.561957304000032 52.388937798000029)","Unfall 217066 (2021) Kat:3, Licht: 0","217066","3","7","6","11","09","3","","0","0","1","1","0"
"POINT (13.165704636000044 52.551188982000042)","Unfall 217067 (2021) Kat:2, Licht: 0","217067","2","6","2","11","12","5","","0","0","1","0","0"
"POINT (13.315790970000023 52.443195269000057)","Unfall 217068 (2021) Kat:3, Licht: 0","217068","3","2","6","11","08","2","","0","0","1","1","0"
"POINT (13.208218126000077 52.544440359000077)","Unfall 217069 (2021) Kat:3, Licht: 2","217069","3","5","0","10","18","5","","2","0","1","0","1"
"POINT (13.499458678000053 52.521376668000073)","Unfall 217070 (2021) Kat:2, Licht: 0","217070","2","1","0","10","18","5","","0","1","0","0","0"
"POINT (13.611831717000030 52.520972996000069)","Unfall 217071 (2021) Kat:3, Licht: 0","217071","3","3","5","10","12","5","","0","1","1","0","0"
"POINT (13.435322014000064 52.486073634000036)","Unfall 217072 (2021) Kat:3, Licht: 0","217072","3","2","6","11","15","3","","0","0","1","1","0"
"POINT (13.394612480000035 52.504559681000046)","Unfall 217073 (2021) Kat:3, Licht: 0","217073","3","3","5","11","12","6","","0","0","1","0","0"
"POINT (13.631477534000055 52.394844945000045)","Unfall 217074 (2021) Kat:3, Licht: 2","217074","3","3","5","10","18","4","","2","1","1","0","0"
"POINT (13.423472274000062 52.543112523000048)","Unfall 217075 (2021) Kat:3, Licht: 0","217075","3","7","5","10","15","1","","0","1","0","0","0"
"POINT (13.390985790000059 52.514874714000030)","Unfall 217076 (2021) Kat:3, Licht: 2","217076","3","2","6","11","21","6","","2","0","1","1","0"
"POINT (13.297536190000073 52.534605313000043)","Unfall 217077 (2021) Kat:3, Licht: 0","217077","3","2","5","11","13","4","","0","0","1","0","0"
"POINT (13.601325761000055 52.535785211000075)","Unfall 217078 (2021) Kat:3, Licht: 0","217078","3","2","5","10","14","1","","0","0","1","0","0"
"POINT (13.250232826000058 52.421294453000030)","Unfall 217079 (2021) Kat:3, Licht: 0","217079","3","3","5","10","11","2","","0","0","1","0","1"
"POINT (13.335189489000072 52.469271244000026)","Unfall 217080 (2021) Kat:3, Licht: 0","217080","3","3","5","10","14","4","","0","1","1","0","0"
"POINT (13.326868848000061 52.562523912000074)","Unfall 217081 (2021) Kat:3, Licht: 2","217081","3","3","5","11","23","2","","2","1","1","0","0"
"POINT (13.370664068000053 52.558706456000039)","Unfall 217082 (2021) Kat:3, Licht: 0","217082","3","3","5","11","14","4","","0","0","1","0","1"
"POINT (13.328615131000049 52.456360900000050)","Unfall 217083 (2021) Kat:3, Licht: 2","217083","3","4","6","11","02","7","","2","0","0","1","0"
"POINT (13.353902739000034 52.523897169000065)","Unfall 217084 (2021) Kat:2, Licht: 0","217084","2","3","5","11","15","6","","0","0","1","0","0"
"POINT (13.505608185000028 52.534640353000043)","Unfall 217085 (2021) Kat:3, Licht: 0","217085","3","6","3","10","13","4","","0","0","1","0","0"
"POINT (13.400876070000038 52.414524462000031)","Unfall 217086 (2021) Kat:2, Licht: 0","217086","2","2","6","10","11","4","","0","0","0","1","0"
"POINT (13.333402079000052 52.504176989000030)","Unfall 217087 (2021) Kat:3, Licht: 0","217087","3","6","2","11","10","3","","0","0","1","0","1"
"POINT (13.322368002000076 52.485584519000042)","Unfall 217088 (2021) Kat:3, Licht: 1","217088","3","7","5","10","17","3","","1","0","1","0","1"
"POINT (13.328427780000027 52.508392097000069)","Unfall 217089 (2021) Kat:3, Licht: 0","217089","3","4","6","10","11","4","","0","0","0","1","1"
"POINT (13.625856283000076 52.529312762000075)","Unfall 217090 (2021) Kat:3, Licht: 0","217090","3","3","5","10","08","2","","0","1","1","0","0"
"POINT (13.575356201000034 52.531307737000077)","Unfall 217091 (2021) Kat:3, Licht: 2","217091","3","6","6","10","16","6","","2","0","1","1","0"
"POINT (13.307253754000044 52.504796051000028)","Unfall 217092 (2021) Kat:3, Licht: 0","217092","3","7","5","10","11","7","","0","1","1","0","0"
"POINT (13.417803939000066 52.506588892000082)","Unfall 217093 (2021) Kat:3, Licht: 1","217093","3","3","5","11","17","5","","1","0","1","0","0"
"POINT (13.382907149000062 52.491807504000064)","Unfall 217094 (2021) Kat:2, Licht: 0","217094","2","5","1","11","12","3","","0","1","0","0","0"
"POINT (13.299450225000044 52.519989873000043)","Unfall 217095 (2021) Kat:3, Licht: 0","217095","3","6","2","10","12","7","","0","0","1","0","0"
"POINT (13.266058051000073 52.512994044000038)","Unfall 217096 (2021) Kat:3, Licht: 0","217096","3","2","5","10","16","7","","0","0","1","0","1"
"POINT (13.431423325000026 52.492386394000050)","Unfall 217097 (2021) Kat:3, Licht: 0","217097","3","7","6","10","15","6","","0","1","1","1","0"
"POINT (13.361040786000046 52.491330115000039)","Unfall 217098 (2021) Kat:3, Licht: 2","217098","3","7","6","11","17","6","","2","0","1","1","0"
"POINT (13.318733551000037 52.450656309000067)","Unfall 217099 (2021) Kat:3, Licht: 0","217099","3","2","5","11","12","4","","0","0","1","0","1"
"POINT (13.558771145000037 52.531841973000041)","Unfall 217100 (2021) Kat:3, Licht: 1","217100","3","2","6","11","16","2","","1","0","1","1","0"
"POINT (13.240371906000064 52.442611492000026)","Unfall 217101 (2021) Kat:3, Licht: 2","217101","3","2","6","11","19","7","","2","0","1","1","0"
"POINT (13.245564873000035 52.524938872000064)","Unfall 217102 (2021) Kat:3, Licht: 2","217102","3","1","0","10","07","3","","2","0","0","0","1"
"POINT (13.321891950000065 52.624303289000068)","Unfall 217103 (2021) Kat:3, Licht: 2","217103","3","7","0","11","16","2","","2","0","0","0","1"
"POINT (13.312070754000047 52.468464366000035)","Unfall 217104 (2021) Kat:3, Licht: 1","217104","3","7","6","11","17","6","","1","0","1","1","0"
"POINT (13.303598678000071 52.512861882000038)","Unfall 217105 (2021) Kat:3, Licht: 0","217105","3","5","1","11","10","2","","0","1","0","0","0"
"POINT (13.454888277000066 52.519146345000081)","Unfall 217106 (2021) Kat:3, Licht: 0","217106","3","1","0","10","14","3","","0","1","0","0","0"
"POINT (13.393042363000063 52.564550172000054)","Unfall 217107 (2021) Kat:3, Licht: 2","217107","3","2","5","10","20","5","","2","1","0","0","0"
"POINT (13.309550310000077 52.513164804000041)","Unfall 217108 (2021) Kat:3, Licht: 1","217108","3","7","5","10","18","1","","1","0","1","0","0"
"POINT (13.405321133000029 52.538522328000056)","Unfall 217109 (2021) Kat:3, Licht: 0","217109","3","7","5","11","08","3","","0","1","1","0","0"
"POINT (13.313945087000036 52.490408007000042)","Unfall 217110 (2021) Kat:3, Licht: 2","217110","3","2","5","11","19","5","","2","1","1","0","0"
"POINT (13.429401915000028 52.586231943000030)","Unfall 217111 (2021) Kat:3, Licht: 2","217111","3","2","5","11","17","3","","2","0","1","0","1"
"POINT (13.369779335000032 52.589393855000026)","Unfall 217112 (2021) Kat:3, Licht: 0","217112","3","3","5","10","16","6","","0","1","1","0","0"
"POINT (13.386221216000024 52.490076343000055)","Unfall 217113 (2021) Kat:3, Licht: 0","217113","3","3","5","10","08","7","","0","1","0","0","0"
"POINT (13.384112624000068 52.556044641000028)","Unfall 217114 (2021) Kat:3, Licht: 1","217114","3","2","6","10","18","6","","1","0","1","1","0"
"POINT (13.334343807000039 52.541144687000042)","Unfall 217115 (2021) Kat:2, Licht: 0","217115","2","3","5","10","08","6","","0","1","1","0","0"
"POINT (13.640876940000055 52.389781733000063)","Unfall 217116 (2021) Kat:3, Licht: 0","217116","3","5","1","10","15","6","","0","1","1","0","0"
"POINT (13.297920979000025 52.578119589000039)","Unfall 217117 (2021) Kat:3, Licht: 0","217117","3","2","5","10","17","6","","0","0","1","0","0"
"POINT (13.141689244000077 52.532506135000062)","Unfall 217118 (2021) Kat:2, Licht: 0","217118","2","3","5","11","10","5","","0","0","1","0","0"
"POINT (13.439654446000077 52.547749542000076)","Unfall 217119 (2021) Kat:3, Licht: 0","217119","3","3","5","11","09","4","","0","1","1","0","0"
"POINT (13.392111302000046 52.421618874000046)","Unfall 217120 (2021) Kat:3, Licht: 2","217120","3","5","1","10","01","1","","2","1","1","0","0"
"POINT (13.269645875000037 52.575880161000043)","Unfall 217121 (2021) Kat:2, Licht: 0","217121","2","5","1","10","14","1","","0","0","1","0","1"
"POINT (13.195503938000058 52.533477442000049)","Unfall 217122 (2021) Kat:3, Licht: 0","217122","3","2","5","11","12","6","","0","0","1","0","0"
"POINT (13.452564492000022 52.489937149000070)","Unfall 217123 (2021) Kat:3, Licht: 0","217123","3","3","5","11","11","4","","0","1","0","0","1"
"POINT (13.366761546000077 52.474518944000067)","Unfall 217124 (2021) Kat:3, Licht: 0","217124","3","3","5","11","13","2","","0","0","1","0","0"
"POINT (13.561502168000061 52.507160515000066)","Unfall 217125 (2021) Kat:3, Licht: 2","217125","3","2","5","11","18","7","","2","0","1","0","0"
"POINT (13.198124719000077 52.555497080000066)","Unfall 217126 (2021) Kat:3, Licht: 0","217126","3","3","2","10","07","4","","0","1","1","0","0"
"POINT (13.402974874000051 52.595574698000064)","Unfall 217127 (2021) Kat:3, Licht: 2","217127","3","3","5","11","06","2","","2","0","1","0","0"
"POINT (13.297920217000069 52.591194173000076)","Unfall 217128 (2021) Kat:2, Licht: 0","217128","2","4","6","10","13","4","","0","0","1","1","0"
"POINT (13.433609572000023 52.522903177000046)","Unfall 217129 (2021) Kat:3, Licht: 0","217129","3","6","3","10","11","3","","0","1","1","0","0"
"POINT (13.479435446000025 52.516256975000033)","Unfall 217130 (2021) Kat:3, Licht: 0","217130","3","2","5","10","16","1","","0","0","1","0","0"
"POINT (13.458023485000069 52.528842130000044)","Unfall 217131 (2021) Kat:3, Licht: 2","217131","3","2","0","11","16","4","","2","0","1","0","0"
"POINT (13.418472010000073 52.553472369000076)","Unfall 217132 (2021) Kat:3, Licht: 0","217132","3","2","5","11","08","6","","0","1","1","0","0"
"POINT (13.326985698000044 52.499439675000076)","Unfall 217133 (2021) Kat:3, Licht: 2","217133","3","4","6","11","19","2","","2","1","0","1","0"
"POINT (13.443188474000067 52.482250852000050)","Unfall 217134 (2021) Kat:3, Licht: 2","217134","3","3","5","10","17","6","","2","0","1","0","0"
"POINT (13.299455674000058 52.506069627000045)","Unfall 217135 (2021) Kat:3, Licht: 0","217135","3","7","6","10","20","7","","0","0","1","1","0"
"POINT (13.342188772000043 52.467488308000043)","Unfall 217136 (2021) Kat:3, Licht: 2","217136","3","5","5","10","20","6","","2","0","1","0","1"
"POINT (13.469017930000064 52.495858182000063)","Unfall 217137 (2021) Kat:3, Licht: 2","217137","3","1","0","10","18","5","","2","0","1","0","1"
"POINT (13.339606720000063 52.524063613000067)","Unfall 217138 (2021) Kat:3, Licht: 2","217138","3","3","5","11","17","6","","2","1","0","0","0"
"POINT (13.706430635000061 52.433843248000073)","Unfall 217139 (2021) Kat:3, Licht: 0","217139","3","3","5","10","15","3","","0","0","1","0","1"
"POINT (13.320227153000076 52.478763089000040)","Unfall 217140 (2021) Kat:3, Licht: 2","217140","3","2","5","11","16","7","","2","0","1","0","0"
"POINT (13.473334063000038 52.522989753000047)","Unfall 217141 (2021) Kat:2, Licht: 2","217141","2","2","5","11","17","5","","2","0","1","0","1"
"POINT (13.602078176000077 52.483312936000061)","Unfall 217142 (2021) Kat:3, Licht: 2","217142","3","2","5","11","16","2","","2","1","1","0","0"
"POINT (13.428090406000024 52.423584041000026)","Unfall 217143 (2021) Kat:3, Licht: 0","217143","3","6","2","10","14","3","","0","0","1","0","0"
"POINT (13.305033021000042 52.417567985000062)","Unfall 217144 (2021) Kat:2, Licht: 0","217144","2","6","3","10","16","5","","0","0","1","0","0"
"POINT (13.262355702000036 52.541725823000036)","Unfall 217145 (2021) Kat:2, Licht: 2","217145","2","1","0","10","20","7","","2","0","0","0","0"
"POINT (13.601117136000028 52.479239181000082)","Unfall 217146 (2021) Kat:3, Licht: 0","217146","3","3","5","11","15","3","","0","1","1","0","0"
"POINT (13.398520330000053 52.387871803000053)","Unfall 217147 (2021) Kat:3, Licht: 2","217147","3","1","0","11","17","5","","2","0","0","0","1"
"POINT (13.395858794000048 52.499028323000061)","Unfall 217148 (2021) Kat:3, Licht: 2","217148","3","3","5","11","19","2","","2","1","1","0","0"
"POINT (13.286673946000064 52.518735574000061)","Unfall 217149 (2021) Kat:2, Licht: 0","217149","2","2","5","10","15","6","","0","0","1","0","0"
"POINT (13.396456561000036 52.440029231000040)","Unfall 217150 (2021) Kat:3, Licht: 0","217150","3","3","5","10","08","6","","0","0","1","0","1"
"POINT (13.448911491000047 52.524292505000062)","Unfall 217151 (2021) Kat:3, Licht: 2","217151","3","2","5","10","19","4","","2","0","1","0","1"
"POINT (13.276123904000031 52.514343630000042)","Unfall 217152 (2021) Kat:3, Licht: 0","217152","3","3","5","11","15","3","","0","1","1","0","0"
"POINT (13.209907882000039 52.547881940000082)","Unfall 217153 (2021) Kat:3, Licht: 2","217153","3","2","6","11","16","5","","2","0","1","1","0"
"POINT (13.432670772000051 52.596011941000029)","Unfall 217154 (2021) Kat:3, Licht: 0","217154","3","6","2","10","16","4","","0","1","0","0","0"
"POINT (13.499798101000067 52.406794793000074)","Unfall 217155 (2021) Kat:3, Licht: 2","217155","3","5","1","10","23","1","","2","1","1","0","0"
"POINT (13.358931965000068 52.431827395000028)","Unfall 217156 (2021) Kat:2, Licht: 0","217156","2","6","4","11","10","6","","0","1","0","0","0"
"POINT (13.401755426000022 52.521011422000072)","Unfall 217157 (2021) Kat:3, Licht: 0","217157","3","1","0","11","11","4","","0","1","0","0","0"
"POINT (13.486717347000024 52.520726182000033)","Unfall 217158 (2021) Kat:3, Licht: 0","217158","3","2","0","11","12","2","","0","1","1","0","0"
"POINT (13.241244074000065 52.442172908000032)","Unfall 217159 (2021) Kat:2, Licht: 0","217159","2","2","5","10","10","2","","0","1","1","0","0"
"POINT (13.440541161000056 52.479504139000028)","Unfall 217160 (2021) Kat:3, Licht: 0","217160","3","3","5","10","14","4","","0","1","1","0","0"
"POINT (13.380532367000058 52.529858789000059)","Unfall 217161 (2021) Kat:3, Licht: 0","217161","3","5","1","11","15","7","","0","1","1","0","0"
"POINT (13.395868758000063 52.538226336000037)","Unfall 217162 (2021) Kat:3, Licht: 0","217162","3","2","5","11","08","4","","0","1","1","0","0"
"POINT (13.259864295000057 52.516177757000037)","Unfall 217163 (2021) Kat:3, Licht: 0","217163","3","3","5","11","15","7","","0","0","1","0","0"
"POINT (13.363979376000032 52.448241271000029)","Unfall 217164 (2021) Kat:3, Licht: 1","217164","3","2","5","11","18","6","","1","0","1","0","1"
"POINT (13.355268717000058 52.413259160000052)","Unfall 217165 (2021) Kat:2, Licht: 0","217165","2","2","5","10","16","4","","0","1","1","0","0"