WKT,Name,OBJECTID,UKATEGORIE,UTYP1,UART,UMONAT,USTUNDE,UWOCHENTAG,STRZUSTAND,ULICHTVERH,ISTRAD,ISTPKW,ISTFUSS,ISTKRAD
"POINT (13.403046632000041 52.524516832000074)","Unfall 217166 (2021) Kat:3, Licht: 2","217166","3","1","8","10","01","4","","2","0","0","0","0"
"POINT (13.443580563000069 52.464280129000031)","Unfall 217167 (2021) Kat:2, Licht: 0","217167","2","1","8","11","10","3","","0","0","1","0","0"
"POINT (13.153522221000060 52.553431240000066)","Unfall 217168 (2021) Kat:3, Licht: 0","217168","3","2","5","10","14","2","","0","0","1","0","0"
"POINT (13.326236479000045 52.491191565000065)","Unfall 217169 (2021) Kat:3, Licht: 2","217169","3","6","3","10","18","3","","2","1","1","0","0"
"POINT (13.538663145000044 52.524642748000076)","Unfall 217170 (2021) Kat:3, Licht: 0","217170","3","3","5","10","07","3","","0","0","1","0","0"
"POINT (13.439582825000059 52.499551096000062)","Unfall 217171 (2021) Kat:3, Licht: 2","217171","3","5","1","10","18","6","","2","1","1","0","0"
"POINT (13.519279974000028 52.454024098000048)","Unfall 217172 (2021) Kat:3, Licht: 0","217172","3","1","0","10","13","6","","0","0","0","0","1"
"POINT (13.323405585000046 52.597755764000055)","Unfall 217173 (2021) Kat:3, Licht: 0","217173","3","2","5","11","07","5","","0","0","1","0","0"
"POINT (13.602075840000055 52.474474732000033)","Unfall 217174 (2021) Kat:2, Licht: 0","217174","2","3","5","11","12","3","","0","1","1","0","0"
"POINT (13.536831486000040 52.412962440000058)","Unfall 217175 (2021) Kat:3, Licht: 2","217175","3","3","5","10","23","6","","2","0","1","0","0"
"POINT (13.311804874000075 52.468239692000054)","Unfall 217176 (2021) Kat:3, Licht: 0","217176","3","1","0","10","11","6","","0","0","0","0","0"
"POINT (13.147992115000022 52.532581048000054)","Unfall 217177 (2021) Kat:3, Licht: 0","217177","3","3","5","10","17","6","","0","1","1","0","0"
"POINT (13.455380520000062 52.556001786000081)","Unfall 217178 (2021) Kat:3, Licht: 0","217178","3","3","5","11","09","6","","0","0","1","0","0"
"POINT (13.420722549000061 52.533479338000063)","Unfall 217179 (2021) Kat:3, Licht: 2","217179","3","6","3","11","18","3","","2","1","0","0","0"
"POINT (13.388527159000034 52.526039134000030)","Unfall 217180 (2021) Kat:2, Licht: 2","217180","2","1","0","11","16","2","","2","1","0","0","0"
"POINT (13.351141566000024 52.567366375000063)","Unfall 217181 (2021) Kat:2, Licht: 2","217181","2","2","6","11","16","7","","2","0","1","1","0"
"POINT (13.383455250000054 52.551299944000050)","Unfall 217182 (2021) Kat:3, Licht: 2","217182","3","6","2","10","00","1","","2","0","1","0","0"
"POINT (13.295455266000033 52.478897196000048)","Unfall 217183 (2021) Kat:3, Licht: 0","217183","3","4","6","10","10","3","","0","0","1","1","0"
"POINT (13.442546405000030 52.570229643000062)","Unfall 217184 (2021) Kat:3, Licht: 1","217184","3","7","0","11","06","2","","1","0","1","0","1"
"POINT (13.377466012000070 52.489476784000033)","Unfall 217185 (2021) Kat:3, Licht: 1","217185","3","6","2","11","16","6","","1","0","1","0","0"
"POINT (13.559436413000071 52.455926312000031)","Unfall 217186 (2021) Kat:3, Licht: 0","217186","3","6","2","11","15","3","","0","0","1","0","0"
"POINT (13.429300000000069 52.585930367000060)","Unfall 217187 (2021) Kat:3, Licht: 0","217187","3","3","5","10","15","3","","0","0","1","0","1"
"POINT (13.402345200000070 52.483434608000039)","Unfall 217188 (2021) Kat:3, Licht: 0","217188","3","7","5","10","15","5","","0","0","1","0","1"
"POINT (13.198809684000025 52.555347344000040)","Unfall 217189 (2021) Kat:3, Licht: 0","217189","3","4","6","10","16","1","","0","0","0","1","1"
"POINT (13.400282320000031 52.490269257000080)","Unfall 217190 (2021) Kat:3, Licht: 1","217190","3","2","5","11","19","4","","1","1","1","0","0"
"POINT (13.361724249000076 52.547931606000077)","Unfall 217191 (2021) Kat:3, Licht: 2","217191","3","2","6","11","18","5","","2","0","0","1","0"
"POINT (13.263090172000034 52.540299234000031)","Unfall 217192 (2021) Kat:2, Licht: 2","217192","2","1","0","11","18","2","","2","1","0","0","0"
"POINT (13.477758960000074 52.530791481000051)","Unfall 217193 (2021) Kat:3, Licht: 0","217193","3","2","5","10","12","6","","0","0","1","0","0"
"POINT (13.459072707000075 52.526057652000077)","Unfall 217194 (2021) Kat:3, Licht: 0","217194","3","2","5","10","12","7","","0","1","1","0","0"
"POINT (13.365365328000053 52.576616334000050)","Unfall 217195 (2021) Kat:2, Licht: 0","217195","2","6","2","10","12","4","","0","0","1","0","0"
"POINT (13.335762973000044 52.541804656000068)","Unfall 217196 (2021) Kat:3, Licht: 0","217196","3","1","0","10","18","5","","0","0","0","0","1"
"POINT (13.600546128000076 52.476884702000063)","Unfall 217197 (2021) Kat:3, Licht: 2","217197","3","4","6","11","16","7","","2","0","1","1","0"
"POINT (13.128949907000049 52.528762586000028)","Unfall 217198 (2021) Kat:3, Licht: 2","217198","3","6","2","10","20","4","","2","0","1","0","0"
"POINT (13.349643989000072 52.494625939000059)","Unfall 217199 (2021) Kat:3, Licht: 2","217199","3","2","5","10","18","3","","2","0","1","0","0"
"POINT (13.255648375000021 52.522517398000048)","Unfall 217200 (2021) Kat:3, Licht: 2","217200","3","5","1","11","18","7","","2","0","1","0","0"
"POINT (13.558616834000077 52.451427605000049)","Unfall 217201 (2021) Kat:3, Licht: 0","217201","3","6","2","11","13","5","","0","0","1","0","0"
"POINT (13.403354063000052 52.532157479000034)","Unfall 217202 (2021) Kat:2, Licht: 1","217202","2","1","0","10","16","1","","1","1","0","0","0"
"POINT (13.416775061000067 52.504310044000079)","Unfall 217203 (2021) Kat:3, Licht: 0","217203","3","3","5","10","08","2","","0","0","1","0","0"
"POINT (13.338082261000068 52.466839070000049)","Unfall 217204 (2021) Kat:3, Licht: 1","217204","3","2","5","10","18","4","","1","1","1","0","0"
"POINT (13.450010737000071 52.507510521000029)","Unfall 217205 (2021) Kat:2, Licht: 0","217205","2","3","5","10","12","7","","0","0","1","0","1"
"POINT (13.562055268000051 52.436764655000047)","Unfall 217206 (2021) Kat:3, Licht: 1","217206","3","2","5","11","18","3","","1","1","0","0","0"
"POINT (13.318125476000034 52.589345508000065)","Unfall 217207 (2021) Kat:3, Licht: 0","217207","3","3","5","11","11","5","","0","0","1","0","0"
"POINT (13.280987040000070 52.479316780000033)","Unfall 217208 (2021) Kat:3, Licht: 0","217208","3","6","2","11","10","2","","0","0","1","0","0"
"POINT (13.196954988000073 52.528305422000074)","Unfall 217209 (2021) Kat:3, Licht: 0","217209","3","7","2","11","11","7","","0","1","0","0","0"
"POINT (13.341023789000076 52.551601124000058)","Unfall 217210 (2021) Kat:3, Licht: 0","217210","3","7","5","10","14","2","","0","0","1","0","1"
"POINT (13.421225935000052 52.509866043000045)","Unfall 217211 (2021) Kat:3, Licht: 0","217211","3","2","5","10","14","5","","0","1","1","0","0"
"POINT (13.396297928000024 52.517396868000048)","Unfall 217212 (2021) Kat:3, Licht: 0","217212","3","6","3","10","14","5","","0","1","1","0","0"
"POINT (13.363943426000048 52.506188855000062)","Unfall 217213 (2021) Kat:3, Licht: 2","217213","3","3","5","11","18","3","","2","1","1","0","0"
"POINT (13.130001095000068 52.464302858000053)","Unfall 217214 (2021) Kat:3, Licht: 2","217214","3","2","5","11","18","4","","2","1","1","0","0"
"POINT (13.399676537000062 52.498414337000042)","Unfall 217215 (2021) Kat:3, Licht: 2","217215","3","3","5","10","19","4","","2","1","1","0","0"
"POINT (13.328636468000070 52.528833321000036)","Unfall 217216 (2021) Kat:2, Licht: 0","217216","2","7","6","10","15","7","","0","0","0","1","0"
"POINT (13.363144270000078 52.476100536000047)","Unfall 217217 (2021) Kat:3, Licht: 2","217217","3","2","5","11","19","6","","2","1","1","0","0"
"POINT (13.467303775000062 52.502702266000028)","Unfall 217218 (2021) Kat:2, Licht: 2","217218","2","4","6","11","19","4","","2","0","1","1","0"
"POINT (13.514759809000054 52.462276710000026)","Unfall 217219 (2021) Kat:3, Licht: 0","217219","3","4","6","10","17","7","","0","0","0","1","1"
"POINT (13.341848636000066 52.434883013000047)","Unfall 217220 (2021) Kat:3, Licht: 1","217220","3","6","3","11","07","6","","1","1","1","0","0"
"POINT (13.404296911000074 52.533122722000030)","Unfall 217221 (2021) Kat:3, Licht: 2","217221","3","3","5","10","01","6","","2","1","1","0","0"
"POINT (13.342658409000023 52.425813246000075)","Unfall 217222 (2021) Kat:3, Licht: 0","217222","3","7","0","10","08","2","","0","1","0","0","0"
"POINT (13.378927517000022 52.480620729000066)","Unfall 217223 (2021) Kat:3, Licht: 2","217223","3","3","5","11","00","1","","2","0","1","0","0"
"POINT (13.380597490000071 52.543500784000059)","Unfall 217224 (2021) Kat:3, Licht: 2","217224","3","2","6","11","05","5","","2","0","1","1","0"
"POINT (13.430709811000042 52.424280745000033)","Unfall 217225 (2021) Kat:3, Licht: 0","217225","3","3","5","11","10","2","","0","0","1","0","0"
"POINT (13.376783394000029 52.489422767000065)","Unfall 217226 (2021) Kat:3, Licht: 2","217226","3","1","0","10","03","1","","2","0","0","0","0"
"POINT (13.386465316000056 52.567401376000078)","Unfall 217227 (2021) Kat:3, Licht: 2","217227","3","7","0","10","02","5","","2","1","0","0","0"
"POINT (13.381058759000041 52.410683230000075)","Unfall 217228 (2021) Kat:3, Licht: 2","217228","3","7","8","10","01","7","","2","0","1","0","0"
"POINT (13.566402307000033 52.534280945000035)","Unfall 217229 (2021) Kat:3, Licht: 0","217229","3","2","5","11","10","3","","0","0","1","0","0"
"POINT (13.426834155000051 52.499128485000028)","Unfall 217230 (2021) Kat:3, Licht: 2","217230","3","2","5","11","18","5","","2","1","0","0","0"
"POINT (13.511828517000026 52.550633403000063)","Unfall 217231 (2021) Kat:3, Licht: 0","217231","3","6","2","11","09","2","","0","0","1","0","0"
"POINT (13.322334990000058 52.513165186000037)","Unfall 217232 (2021) Kat:3, Licht: 0","217232","3","6","2","10","13","6","","0","0","1","0","1"
"POINT (13.287017466000066 52.540158444000042)","Unfall 217233 (2021) Kat:3, Licht: 0","217233","3","2","5","10","11","2","","0","0","1","0","1"
"POINT (13.368112178000047 52.455765929000052)","Unfall 217234 (2021) Kat:3, Licht: 1","217234","3","5","5","10","17","5","","1","0","1","0","0"
"POINT (13.361248439000065 52.412603363000073)","Unfall 217235 (2021) Kat:3, Licht: 0","217235","3","2","6","10","16","5","","0","0","1","1","0"
"POINT (13.459594613000036 52.512452460000077)","Unfall 217236 (2021) Kat:3, Licht: 0","217236","3","1","0","11","08","3","","0","1","0","0","0"
"POINT (13.355956769000045 52.562128727000072)","Unfall 217237 (2021) Kat:3, Licht: 2","217237","3","5","1","11","18","4","","2","0","1","0","0"
"POINT (13.360788426000056 52.526905058000068)","Unfall 217238 (2021) Kat:3, Licht: 0","217238","3","7","0","10","09","4","","0","1","0","0","0"
"POINT (13.456138321000026 52.509791384000039)","Unfall 217239 (2021) Kat:2, Licht: 2","217239","2","3","5","10","03","1","","2","1","0","0","0"
"POINT (13.355497483000022 52.507113192000077)","Unfall 217240 (2021) Kat:3, Licht: 2","217240","3","6","2","11","16","6","","2","0","1","0","0"
"POINT (13.388089210000032 52.412003739000056)","Unfall 217241 (2021) Kat:3, Licht: 1","217241","3","3","5","11","15","4","","1","0","1","0","0"
"POINT (13.460825520000071 52.468168183000046)","Unfall 217242 (2021) Kat:3, Licht: 2","217242","3","2","6","10","20","7","","2","0","1","1","0"
"POINT (13.578041645000042 52.447303872000077)","Unfall 217243 (2021) Kat:3, Licht: 0","217243","3","7","5","10","16","1","","0","1","1","0","0"
"POINT (13.378440985000054 52.550501129000054)","Unfall 217244 (2021) Kat:3, Licht: 0","217244","3","3","5","11","17","7","","0","0","1","0","1"
"POINT (13.311007024000048 52.547606728000062)","Unfall 217245 (2021) Kat:2, Licht: 0","217245","2","3","5","11","13","5","","0","0","1","0","0"
"POINT (13.341690973000027 52.502054829000031)","Unfall 217246 (2021) Kat:3, Licht: 0","217246","3","6","3","11","16","7","","0","0","1","0","1"
"POINT (13.604759307000052 52.536537115000044)","Unfall 217247 (2021) Kat:3, Licht: 0","217247","3","2","5","11","15","6","","0","0","1","0","0"
"POINT (13.191102182000066 52.536403747000065)","Unfall 217248 (2021) Kat:3, Licht: 0","217248","3","6","2","10","13","4","","0","0","1","0","1"
"POINT (13.398475582000060 52.532549095000036)","Unfall 217249 (2021) Kat:3, Licht: 0","217249","3","1","0","10","12","4","","0","1","0","0","0"
"POINT (13.352126951000059 52.418542650000063)","Unfall 217250 (2021) Kat:3, Licht: 0","217250","3","3","5","11","18","3","","0","0","1","0","0"
"POINT (13.313128620000043 52.501164495000069)","Unfall 217251 (2021) Kat:3, Licht: 0","217251","3","5","1","10","09","2","","0","0","1","0","1"
"POINT (13.349734055000056 52.412562193000042)","Unfall 217252 (2021) Kat:3, Licht: 2","217252","3","7","5","10","19","3","","2","0","1","0","0"
"POINT (13.499567141000057 52.534358630000042)","Unfall 217253 (2021) Kat:3, Licht: 0","217253","3","1","9","10","11","3","","0","0","1","0","0"
"POINT (13.171205412000063 52.520151886000065)","Unfall 217254 (2021) Kat:2, Licht: 0","217254","2","2","6","10","11","7","","0","0","1","1","0"
"POINT (13.313824197000031 52.486808948000032)","Unfall 217255 (2021) Kat:3, Licht: 0","217255","3","2","5","11","08","5","","0","1","1","0","0"
"POINT (13.456485750000070 52.507526838000047)","Unfall 217256 (2021) Kat:3, Licht: 2","217256","3","3","5","11","19","3","","2","1","0","0","1"
"POINT (13.477446097000040 52.526555839000082)","Unfall 217257 (2021) Kat:3, Licht: 0","217257","3","3","0","10","12","6","","0","0","1","0","0"
"POINT (13.397112523000033 52.508108913000058)","Unfall 217258 (2021) Kat:3, Licht: 0","217258","3","2","2","10","15","2","","0","0","1","0","1"
"POINT (13.518836696000051 52.487014538000039)","Unfall 217259 (2021) Kat:3, Licht: 1","217259","3","3","6","10","18","6","","1","0","1","1","0"
"POINT (13.402923191000070 52.483343466000065)","Unfall 217260 (2021) Kat:3, Licht: 0","217260","3","5","5","10","13","6","","0","0","0","0","1"
"POINT (13.378400835000036 52.485018234000052)","Unfall 217261 (2021) Kat:3, Licht: 0","217261","3","7","5","11","07","3","","0","0","1","0","1"
"POINT (13.331429803000049 52.504353635000029)","Unfall 217262 (2021) Kat:3, Licht: 2","217262","3","5","1","11","02","1","","2","0","1","0","0"
"POINT (13.412660761000041 52.402642723000042)","Unfall 217263 (2021) Kat:3, Licht: 2","217263","3","4","6","11","17","7","","2","0","1","1","0"
"POINT (13.227233832000024 52.549470045000078)","Unfall 217264 (2021) Kat:3, Licht: 2","217264","3","2","5","10","21","3","","2","0","1","0","0"
"POINT (13.591273947000047 52.437629653000045)","Unfall 217265 (2021) Kat:3, Licht: 0","217265","3","4","6","11","08","2","","0","0","1","1","0"
"POINT (13.319336512000064 52.501506333000066)","Unfall 217266 (2021) Kat:3, Licht: 0","217266","3","2","0","11","11","7","","0","1","1","0","0"
"POINT (13.426953080000033 52.511866501000043)","Unfall 217267 (2021) Kat:3, Licht: 0","217267","3","1","0","11","11","2","","0","0","0","0","1"
"POINT (13.466508648000058 52.501268460000063)","Unfall 217268 (2021) Kat:3, Licht: 0","217268","3","3","5","10","09","3","","0","0","1","0","0"
"POINT (13.494411206000052 52.489433256000041)","Unfall 217269 (2021) Kat:2, Licht: 2","217269","2","7","5","10","18","5","","2","0","1","0","0"
"POINT (13.388867537000067 52.499176695000074)","Unfall 217270 (2021) Kat:3, Licht: 0","217270","3","6","2","10","11","1","","0","1","0","0","0"
"POINT (13.403191144000061 52.463430003000042)","Unfall 217271 (2021) Kat:3, Licht: 2","217271","3","2","5","11","20","3","","2","0","1","0","0"
"POINT (13.526867759000027 52.492132284000036)","Unfall 217272 (2021) Kat:3, Licht: 0","217272","3","2","5","11","13","5","","0","0","1","0","0"
"POINT (13.425983553000037 52.478181148000033)","Unfall 217273 (2021) Kat:3, Licht: 2","217273","3","2","5","11","16","2","","2","0","1","0","1"
"POINT (13.350054728000032 52.414305482000032)","Unfall 217274 (2021) Kat:3, Licht: 0","217274","3","6","2","10","13","6","","0","0","1","0","1"
"POINT (13.349486771000045 52.542293138000048)","Unfall 217275 (2021) Kat:3, Licht: 2","217275","3","2","2","10","20","1","","2","0","1","0","0"
"POINT (13.494742332000044 52.559636837000028)","Unfall 217276 (2021) Kat:3, Licht: 0","217276","3","7","5","10","13","6","","0","0","0","0","0"
"POINT (13.461387087000048 52.508752827000080)","Unfall 217277 (2021) Kat:3, Licht: 0","217277","3","3","5","10","08","5","","0","0","1","0","0"
"POINT (13.247919853000042 52.536513166000077)","Unfall 217278 (2021) Kat:3, Licht: 0","217278","3","2","2","10","08","6","","0","0","1","0","0"
"POINT (13.246648078000021 52.613472319000039)","Unfall 217279 (2021) Kat:3, Licht: 0","217279","3","2","5","11","10","4","","0","1","1","0","0"
"POINT (13.434362737000072 52.523197224000057)","Unfall 217280 (2021) Kat:3, Licht: 2","217280","3","4","6","11","19","5","","2","0","1","1","0"
"POINT (13.430490739000049 52.511021446000029)","Unfall 217281 (2021) Kat:3, Licht: 2","217281","3","2","5","10","20","4","","2","1","1","0","0"
"POINT (13.343490884000062 52.434971539000060)","Unfall 217282 (2021) Kat:3, Licht: 0","217282","3","1","1","10","17","3","","0","0","1","0","0"
"POINT (13.361317466000060 52.416336834000049)","Unfall 217283 (2021) Kat:2, Licht: 0","217283","2","4","6","11","10","7","","0","0","1","1","0"
"POINT (13.391272381000022 52.507744539000043)","Unfall 217284 (2021) Kat:3, Licht: 2","217284","3","5","1","11","18","5","","2","0","1","0","1"
"POINT (13.443976315000043 52.500132563000079)","Unfall 217285 (2021) Kat:3, Licht: 0","217285","3","3","5","10","16","1","","0","1","1","0","0"
"POINT (13.285037314000022 52.524864117000050)","Unfall 217286 (2021) Kat:3, Licht: 2","217286","3","7","0","10","02","2","","2","1","0","0","0"
"POINT (13.230747771000040 52.624503441000059)","Unfall 217287 (2021) Kat:3, Licht: 0","217287","3","1","2","10","14","4","","0","0","1","0","0"
"POINT (13.580525094000052 52.443167033000066)","Unfall 217288 (2021) Kat:3, Licht: 0","217288","3","3","2","10","11","7","","0","0","1","0","0"
"POINT (13.309011897000062 52.500124668000069)","Unfall 217289 (2021) Kat:3, Licht: 0","217289","3","7","6","11","10","3","","0","0","1","1","0"
"POINT (13.533494668000060 52.525715984000044)","Unfall 217290 (2021) Kat:3, Licht: 0","217290","3","4","0","11","13","4","","0","0","0","1","0"
"POINT (13.251148382000054 52.450103215000070)","Unfall 217291 (2021) Kat:3, Licht: 0","217291","3","3","5","11","13","2","","0","0","1","0","0"
"POINT (13.446903952000071 52.426983612000072)","Unfall 217292 (2021) Kat:2, Licht: 2","217292","2","2","5","11","01","7","","2","0","1","0","0"
"POINT (13.432279827000059 52.443699040000070)","Unfall 217293 (2021) Kat:3, Licht: 0","217293","3","1","0","10","14","2","","0","0","0","0","1"
"POINT (13.294825800000069 52.539630867000028)","Unfall 217294 (2021) Kat:3, Licht: 0","217294","3","2","5","10","15","5","","0","1","1","0","0"
"POINT (13.209592536000059 52.547560514000054)","Unfall 217295 (2021) Kat:3, Licht: 0","217295","3","1","0","10","14","4","","0","0","0","0","0"
"POINT (13.383596934000025 52.554805557000066)","Unfall 217296 (2021) Kat:3, Licht: 0","217296","3","7","6","11","15","3","","0","1","0","1","0"
"POINT (13.328332593000027 52.563946090000059)","Unfall 217297 (2021) Kat:3, Licht: 2","217297","3","6","2","11","17","4","","2","0","1","0","0"
"POINT (13.400221020000060 52.522587462000047)","Unfall 217298 (2021) Kat:3, Licht: 0","217298","3","1","0","10","11","3","","0","0","0","0","1"
"POINT (13.465460045000043 52.498751550000065)","Unfall 217299 (2021) Kat:3, Licht: 1","217299","3","3","0","10","07","4","","1","0","1","0","1"
"POINT (13.279975901000057 52.506059240000070)","Unfall 217300 (2021) Kat:3, Licht: 0","217300","3","2","2","10","16","1","","0","0","1","0","0"
"POINT (13.394397948000062 52.486116161000041)","Unfall 217301 (2021) Kat:3, Licht: 0","217301","3","5","1","11","13","5","","0","1","1","0","0"
"POINT (13.395297544000073 52.520412086000078)","Unfall 217302 (2021) Kat:3, Licht: 2","217302","3","1","8","11","23","4","","2","0","0","0","0"
"POINT (13.354899835000026 52.543979291000028)","Unfall 217303 (2021) Kat:3, Licht: 0","217303","3","2","5","10","14","7","","0","1","1","0","0"
"POINT (13.394499339000049 52.491756793000036)","Unfall 217304 (2021) Kat:3, Licht: 0","217304","3","2","2","10","12","7","","0","1","1","0","0"
"POINT (13.369465481000077 52.456521866000060)","Unfall 217305 (2021) Kat:3, Licht: 0","217305","3","3","0","11","11","7","","0","0","1","0","1"
"POINT (13.404034134000028 52.491294114000027)","Unfall 217306 (2021) Kat:3, Licht: 2","217306","3","3","5","11","21","3","","2","1","1","0","0"
"POINT (13.179729411000039 52.503070490000027)","Unfall 217307 (2021) Kat:3, Licht: 2","217307","3","4","6","11","16","7","","2","0","1","1","0"
"POINT (13.341317448000041 52.442517232000057)","Unfall 217308 (2021) Kat:3, Licht: 1","217308","3","6","2","10","18","1","","1","0","1","0","0"
"POINT (13.333095312000069 52.561086172000046)","Unfall 217309 (2021) Kat:3, Licht: 0","217309","3","6","2","10","08","5","","0","0","1","0","0"
"POINT (13.275335287000075 52.500991470000031)","Unfall 217310 (2021) Kat:3, Licht: 2","217310","3","6","2","10","05","3","","2","0","1","0","0"
"POINT (13.583622580000053 52.514993969000045)","Unfall 217311 (2021) Kat:3, Licht: 0","217311","3","2","2","11","15","2","","0","0","1","0","0"
"POINT (13.548995729000069 52.534225602000049)","Unfall 217312 (2021) Kat:3, Licht: 0","217312","3","6","3","10","13","3","","0","1","1","0","0"
"POINT (13.280598199000053 52.518505241000071)","Unfall 217313 (2021) Kat:2, Licht: 0","217313","2","6","2","10","14","3","","0","0","1","0","1"
"POINT (13.413271099000042 52.491811154000061)","Unfall 217314 (2021) Kat:3, Licht: 2","217314","3","1","0","10","04","7","","2","0","0","0","0"
"POINT (13.313880273000052 52.464353956000082)","Unfall 217315 (2021) Kat:3, Licht: 0","217315","3","7","0","11","14","3","","0","0","1","0","0"
"POINT (13.294234013000050 52.534301619000075)","Unfall 217316 (2021) Kat:3, Licht: 2","217316","3","6","3","11","21","2","","2","0","1","0","1"
"POINT (13.406125009000050 52.519108985000059)","Unfall 217317 (2021) Kat:3, Licht: 2","217317","3","7","6","10","19","6","","2","0","0","1","0"
"POINT (13.473958795000044 52.536237718000052)","Unfall 217318 (2021) Kat:3, Licht: 1","217318","3","7","0","10","18","6","","1","0","1","0","1"
"POINT (13.237674578000053 52.545994224000026)","Unfall 217319 (2021) Kat:3, Licht: 2","217319","3","1","0","10","01","7","","2","0","0","0","0"
"POINT (13.287121506000062 52.459460945000046)","Unfall 217320 (2021) Kat:3, Licht: 0","217320","3","5","1","10","17","5","","0","0","1","0","0"
"POINT (13.455015225000068 52.476489212000047)","Unfall 217321 (2021) Kat:2, Licht: 2","217321","2","2","5","11","17","7","","2","0","1","0","0"
"POINT (13.385440544000062 52.465734340000040)","Unfall 217322 (2021) Kat:3, Licht: 0","217322","3","3","5","10","11","7","","0","0","1","0","0"
"POINT (13.601432942000031 52.482563692000042)","Unfall 217323 (2021) Kat:3, Licht: 0","217323","3","2","5","11","09","2","","0","0","1","0","0"
"POINT (13.559171796000044 52.473854405000054)","Unfall 217324 (2021) Kat:3, Licht: 2","217324","3","3","5","11","22","3","","2","0","1","0","0"
"POINT (13.200022997000076 52.536017303000051)","Unfall 217325 (2021) Kat:3, Licht: 0","217325","3","6","2","11","15","1","","0","0","1","0","0"
"POINT (13.395593958000063 52.498346747000028)","Unfall 217326 (2021) Kat:3, Licht: 0","217326","3","2","6","10","14","4","","0","0","1","1","0"
"POINT (13.404644758000074 52.500397060000068)","Unfall 217327 (2021) Kat:3, Licht: 0","217327","3","7","6","10","15","4","","0","0","1","1","0"
"POINT (13.414190343000030 52.508075157000064)","Unfall 217328 (2021) Kat:3, Licht: 0","217328","3","4","6","11","14","2","","0","1","0","1","0"
"POINT (13.517047818000037 52.535545778000028)","Unfall 217329 (2021) Kat:2, Licht: 0","217329","2","2","5","10","17","2","","0","1","1","0","0"
"POINT (13.339291880000076 52.466896593000058)","Unfall 217330 (2021) Kat:3, Licht: 2","217330","3","3","5","10","21","3","","2","1","1","0","0"
"POINT (13.400669428000072 52.463402936000080)","Unfall 217331 (2021) Kat:3, Licht: 0","217331","3","6","0","10","10","3","","0","0","1","0","1"
"POINT (13.414099431000068 52.498576753000066)","Unfall 217332 (2021) Kat:3, Licht: 2","217332","3","3","5","10","22","6","","2","0","1","0","0"
"POINT (13.375152939000031 52.437126958000079)","Unfall 217333 (2021) Kat:3, Licht: 2","217333","3","2","2","11","19","5","","2","0","1","0","0"
"POINT (13.489792771000054 52.420056507000027)","Unfall 217334 (2021) Kat:3, Licht: 0","217334","3","3","5","11","11","4","","0","0","1","0","0"
"POINT (13.552563448000058 52.456149233000076)","Unfall 217335 (2021) Kat:3, Licht: 0","217335","3","5","1","10","17","6","","0","0","1","0","0"
"POINT (13.564018317000034 52.556305265000049)","Unfall 217336 (2021) Kat:2, Licht: 0","217336","2","4","6","10","16","2","","0","0","1","1","0"
"POINT (13.435457327000051 52.491111914000044)","Unfall 217337 (2021) Kat:3, Licht: 0","217337","3","6","2","10","16","6","","0","0","1","0","0"
"POINT (13.416735384000049 52.502236063000055)","Unfall 217338 (2021) Kat:3, Licht: 0","217338","3","5","3","10","17","5","","0","1","1","0","0"
"POINT (13.357371274000059 52.509890074000054)","Unfall 217339 (2021) Kat:2, Licht: 0","217339","2","4","6","11","13","1","","0","0","1","1","0"
"POINT (13.435266897000076 52.491173367000044)","Unfall 217340 (2021) Kat:3, Licht: 2","217340","3","2","6","11","18","7","","2","0","1","1","0"
"POINT (13.203389501000061 52.530766584000048)","Unfall 217341 (2021) Kat:3, Licht: 0","217341","3","1","0","10","15","3","","0","0","0","0","1"
"POINT (13.589104558000031 52.517544145000045)","Unfall 217342 (2021) Kat:3, Licht: 2","217342","3","2","5","11","16","7","","2","0","1","0","0"
"POINT (13.581674227000065 52.440783901000032)","Unfall 217343 (2021) Kat:3, Licht: 1","217343","3","2","5","11","15","5","","1","1","1","0","0"
"POINT (13.320344060000025 52.478803041000049)","Unfall 217344 (2021) Kat:3, Licht: 0","217344","3","2","5","11","14","2","","0","0","1","0","0"
"POINT (13.343172013000071 52.530829646000029)","Unfall 217345 (2021) Kat:3, Licht: 0","217345","3","6","1","10","11","3","","0","0","1","0","1"
"POINT (13.377976415000035 52.472437688000070)","Unfall 217346 (2021) Kat:3, Licht: 2","217346","3","2","5","10","05","5","","2","0","0","0","1"
"POINT (13.463313320000054 52.508284452000055)","Unfall 217347 (2021) Kat:3, Licht: 2","217347","3","3","5","10","20","7","","2","0","1","0","1"
"POINT (13.359583346000022 52.554191741000068)","Unfall 217348 (2021) Kat:3, Licht: 0","217348","3","2","5","11","10","4","","0","1","0","0","0"
"POINT (13.361437737000074 52.547926919000076)","Unfall 217349 (2021) Kat:3, Licht: 2","217349","3","2","6","11","18","5","","2","0","1","1","0"
"POINT (13.346696151000060 52.450014783000029)","Unfall 217350 (2021) Kat:2, Licht: 2","217350","2","2","5","11","18","2","","2","0","1","0","1"
"POINT (13.431975510000029 52.487866162000046)","Unfall 217351 (2021) Kat:3, Licht: 2","217351","3","5","1","10","20","5","","2","0","1","0","1"
"POINT (13.170507301000043 52.533660293000082)","Unfall 217352 (2021) Kat:3, Licht: 0","217352","3","3","5","10","14","6","","0","0","1","0","0"