WKT,Name,OBJECTID,UKATEGORIE,UTYP1,UART,UMONAT,USTUNDE,UWOCHENTAG,STRZUSTAND,ULICHTVERH,ISTRAD,ISTPKW,ISTFUSS,ISTKRAD
"POINT (13.454462992000060 52.510247338000056)","Unfall 217540 (2021) Kat:3, Licht: 2","217540","3","1","0","10","02","1","","2","0","0","0","0"
"POINT (13.214287770000055 52.558854941000050)","Unfall 217541 (2021) Kat:2, Licht: 0","217541","2","7","0","10","15","1","","0","1","0","0","0"
"POINT (13.291451770000037 52.511493326000050)","Unfall 217542 (2021) Kat:3, Licht: 0","217542","3","6","3","10","16","6","","0","1","1","0","0"
"POINT (13.458827976000066 52.511499611000033)","Unfall 217543 (2021) Kat:3, Licht: 2","217543","3","3","5","11","02","7","","2","0","1","0","1"
"POINT (13.496886960000040 52.534129053000072)","Unfall 217544 (2021) Kat:2, Licht: 0","217544","2","4","6","11","07","3","","0","0","1","1","0"
"POINT (13.364629226000034 52.562710958000082)","Unfall 217545 (2021) Kat:3, Licht: 2","217545","3","6","3","11","00","2","","2","0","1","0","0"
"POINT (13.318684785000073 52.454458924000051)","Unfall 217546 (2021) Kat:3, Licht: 2","217546","3","3","5","11","16","7","","2","0","1","0","0"
"POINT (13.418563579000022 52.551247030000070)","Unfall 217547 (2021) Kat:3, Licht: 0","217547","3","3","5","10","14","3","","0","0","1","0","0"
"POINT (13.507628205000060 52.498332604000041)","Unfall 217548 (2021) Kat:3, Licht: 2","217548","3","5","1","11","21","2","","2","0","1","0","0"
"POINT (13.418910280000034 52.480038993000051)","Unfall 217549 (2021) Kat:3, Licht: 0","217549","3","6","3","11","12","7","","0","0","1","0","1"
"POINT (13.416839494000044 52.418294576000051)","Unfall 217550 (2021) Kat:3, Licht: 2","217550","3","2","5","11","17","2","","2","0","1","0","0"
"POINT (13.358114401000023 52.490390050000030)","Unfall 217551 (2021) Kat:3, Licht: 0","217551","3","5","1","10","09","3","","0","0","1","0","0"
"POINT (13.366164085000037 52.524529271000063)","Unfall 217552 (2021) Kat:3, Licht: 2","217552","3","3","5","10","00","2","","2","0","1","0","0"
"POINT (13.351094072000024 52.504162732000054)","Unfall 217553 (2021) Kat:3, Licht: 0","217553","3","6","2","10","10","5","","0","0","1","0","1"
"POINT (13.289262490000056 52.418636028000037)","Unfall 217554 (2021) Kat:3, Licht: 0","217554","3","3","5","10","10","1","","0","1","1","0","0"
"POINT (13.313672643000075 52.608165623000048)","Unfall 217555 (2021) Kat:3, Licht: 0","217555","3","4","6","11","07","5","","0","0","1","1","0"
"POINT (13.382282750000059 52.555885281000030)","Unfall 217556 (2021) Kat:3, Licht: 0","217556","3","6","2","11","07","6","","0","0","1","0","0"
"POINT (13.537473405000071 52.540327625000032)","Unfall 217557 (2021) Kat:3, Licht: 0","217557","3","7","0","11","14","3","","0","0","0","0","1"
"POINT (13.373947591000046 52.520922843000051)","Unfall 217558 (2021) Kat:3, Licht: 0","217558","3","3","5","10","14","6","","0","1","1","0","0"
"POINT (13.326109369000051 52.538355850000073)","Unfall 217559 (2021) Kat:3, Licht: 0","217559","3","2","5","10","17","7","","0","0","1","0","0"
"POINT (13.576562961000036 52.513146517000052)","Unfall 217560 (2021) Kat:3, Licht: 0","217560","3","3","5","10","15","6","","0","1","1","0","0"
"POINT (13.232033733000037 52.539274495000029)","Unfall 217561 (2021) Kat:2, Licht: 0","217561","2","3","0","10","19","5","","0","0","1","0","1"
"POINT (13.427062987000056 52.487304999000060)","Unfall 217562 (2021) Kat:2, Licht: 0","217562","2","6","0","11","14","6","","0","0","1","0","0"
"POINT (13.415794187000074 52.521331724000049)","Unfall 217563 (2021) Kat:3, Licht: 0","217563","3","6","3","10","13","5","","0","0","0","0","1"
"POINT (13.501771494000025 52.498205182000049)","Unfall 217564 (2021) Kat:3, Licht: 0","217564","3","3","5","10","15","3","","0","1","1","0","0"
"POINT (13.298166732000027 52.441631551000057)","Unfall 217565 (2021) Kat:2, Licht: 0","217565","2","4","6","10","16","2","","0","0","1","1","0"
"POINT (13.360725694000052 52.500319054000045)","Unfall 217566 (2021) Kat:3, Licht: 2","217566","3","7","5","11","23","7","","2","0","1","0","1"
"POINT (13.506575152000039 52.447624337000036)","Unfall 217567 (2021) Kat:3, Licht: 0","217567","3","3","6","11","12","5","","0","0","1","1","0"
"POINT (13.458250242000076 52.458695809000062)","Unfall 217568 (2021) Kat:3, Licht: 0","217568","3","6","2","11","10","2","","0","0","1","0","0"
"POINT (13.389752005000048 52.495909823000034)","Unfall 217569 (2021) Kat:3, Licht: 1","217569","3","2","5","10","06","2","","1","1","0","0","0"
"POINT (13.425609187000077 52.527518696000072)","Unfall 217570 (2021) Kat:3, Licht: 0","217570","3","3","5","10","11","5","","0","1","1","0","0"
"POINT (13.247561050000058 52.524524656000040)","Unfall 217571 (2021) Kat:3, Licht: 0","217571","3","2","5","10","17","7","","0","1","1","0","0"
"POINT (13.363032732000022 52.597047976000056)","Unfall 217572 (2021) Kat:3, Licht: 1","217572","3","2","2","11","18","3","","1","0","1","0","0"
"POINT (13.416354236000075 52.521710697000060)","Unfall 217573 (2021) Kat:3, Licht: 2","217573","3","6","3","11","16","5","","2","0","0","0","1"
"POINT (13.600866811000060 52.527957461000028)","Unfall 217574 (2021) Kat:3, Licht: 0","217574","3","1","8","11","11","1","","0","0","1","0","0"
"POINT (13.466751014000067 52.497366662000047)","Unfall 217575 (2021) Kat:2, Licht: 0","217575","2","7","0","10","15","6","","0","1","0","0","0"
"POINT (13.440611420000039 52.517023273000063)","Unfall 217576 (2021) Kat:3, Licht: 0","217576","3","2","5","10","17","5","","0","1","1","0","0"
"POINT (13.267684123000038 52.407132207000075)","Unfall 217577 (2021) Kat:3, Licht: 0","217577","3","3","5","10","16","5","","0","0","1","0","0"
"POINT (13.319581403000029 52.492107228000066)","Unfall 217578 (2021) Kat:3, Licht: 0","217578","3","2","5","11","08","4","","0","1","1","0","0"
"POINT (13.332358615000032 52.469094877000032)","Unfall 217579 (2021) Kat:3, Licht: 0","217579","3","7","0","11","14","5","","0","0","1","0","0"
"POINT (13.266066393000074 52.415336449000051)","Unfall 217580 (2021) Kat:3, Licht: 0","217580","3","6","2","10","14","4","","0","0","1","0","0"
"POINT (13.494641390000027 52.503870016000064)","Unfall 217581 (2021) Kat:3, Licht: 0","217581","3","4","6","10","07","2","","0","1","0","1","0"
"POINT (13.347789205000026 52.465024361000076)","Unfall 217582 (2021) Kat:3, Licht: 0","217582","3","3","5","11","15","6","","0","0","1","0","0"
"POINT (13.357338297000069 52.553031997000062)","Unfall 217583 (2021) Kat:3, Licht: 1","217583","3","6","4","11","18","5","","1","1","0","0","0"
"POINT (13.403841771000032 52.495292568000082)","Unfall 217584 (2021) Kat:3, Licht: 2","217584","3","3","5","10","20","7","","2","0","1","0","0"
"POINT (13.359550213000034 52.454748186000074)","Unfall 217585 (2021) Kat:3, Licht: 0","217585","3","3","5","10","13","1","","0","0","1","0","1"
"POINT (13.360516967000024 52.596914225000035)","Unfall 217586 (2021) Kat:3, Licht: 2","217586","3","2","5","11","16","7","","2","0","1","0","0"
"POINT (13.266188319000037 52.482753503000026)","Unfall 217587 (2021) Kat:3, Licht: 1","217587","3","2","5","11","16","4","","1","1","1","0","0"
"POINT (13.391245334000075 52.446668933000069)","Unfall 217588 (2021) Kat:3, Licht: 2","217588","3","2","2","11","16","1","","2","0","1","0","0"
"POINT (13.383952990000068 52.450147874000038)","Unfall 217589 (2021) Kat:3, Licht: 2","217589","3","6","2","10","18","4","","2","0","1","0","0"
"POINT (13.341129047000038 52.556889054000067)","Unfall 217590 (2021) Kat:3, Licht: 2","217590","3","3","5","10","21","4","","2","0","1","0","0"
"POINT (13.433141306000039 52.452433933000066)","Unfall 217591 (2021) Kat:2, Licht: 2","217591","2","3","5","11","20","3","","2","0","1","0","0"
"POINT (13.376103799000077 52.437260754000079)","Unfall 217592 (2021) Kat:3, Licht: 0","217592","3","6","2","10","14","2","","0","0","0","0","1"
"POINT (13.392219149000027 52.497973909000052)","Unfall 217593 (2021) Kat:3, Licht: 2","217593","3","1","0","10","18","3","","2","0","0","0","1"
"POINT (13.207794570000033 52.553750150000042)","Unfall 217594 (2021) Kat:2, Licht: 2","217594","2","7","1","10","01","2","","2","0","1","0","0"
"POINT (13.396011094000073 52.565965481000035)","Unfall 217595 (2021) Kat:2, Licht: 2","217595","2","1","0","10","01","7","","2","0","0","0","0"
"POINT (13.379689865000046 52.529607597000052)","Unfall 217596 (2021) Kat:3, Licht: 0","217596","3","6","2","11","08","5","","0","1","1","0","0"
"POINT (13.217588864000049 52.560406100000080)","Unfall 217597 (2021) Kat:2, Licht: 0","217597","2","2","5","11","07","4","","0","0","1","0","1"
"POINT (13.180072761000076 52.504930657000045)","Unfall 217598 (2021) Kat:2, Licht: 2","217598","2","6","0","10","23","6","","2","0","1","0","0"
"POINT (13.417101770000045 52.512441985000066)","Unfall 217599 (2021) Kat:3, Licht: 0","217599","3","3","5","10","12","6","","0","0","1","0","1"
"POINT (13.593220109000072 52.521793806000062)","Unfall 217600 (2021) Kat:3, Licht: 0","217600","3","2","5","10","07","6","","0","1","1","0","0"
"POINT (13.328403394000077 52.477524899000059)","Unfall 217601 (2021) Kat:3, Licht: 1","217601","3","1","0","11","15","2","","1","1","0","0","0"
"POINT (13.306529853000029 52.516663923000067)","Unfall 217602 (2021) Kat:3, Licht: 0","217602","3","7","6","11","14","2","","0","0","1","1","0"
"POINT (13.383455205000075 52.554916530000071)","Unfall 217603 (2021) Kat:3, Licht: 2","217603","3","4","6","11","18","7","","2","0","0","1","1"
"POINT (13.464580152000053 52.470316895000053)","Unfall 217604 (2021) Kat:3, Licht: 2","217604","3","2","6","10","18","2","","2","0","1","1","0"
"POINT (13.333652215000029 52.465356902000053)","Unfall 217605 (2021) Kat:3, Licht: 2","217605","3","7","0","10","19","3","","2","0","1","0","1"
"POINT (13.398696321000045 52.532572870000081)","Unfall 217606 (2021) Kat:2, Licht: 2","217606","2","1","0","11","21","1","","2","1","0","0","0"
"POINT (13.455899633000058 52.530733307000048)","Unfall 217607 (2021) Kat:3, Licht: 0","217607","3","2","6","11","09","5","","0","0","1","1","0"
"POINT (13.184967663000066 52.515539227000033)","Unfall 217608 (2021) Kat:3, Licht: 2","217608","3","2","5","11","18","2","","2","1","1","0","0"
"POINT (13.331589549000057 52.505270218000078)","Unfall 217609 (2021) Kat:3, Licht: 1","217609","3","2","5","10","19","2","","1","0","1","0","1"
"POINT (13.438324353000041 52.518776499000069)","Unfall 217610 (2021) Kat:3, Licht: 2","217610","3","5","1","10","18","2","","2","1","1","0","0"
"POINT (13.413269524000043 52.548700439000072)","Unfall 217611 (2021) Kat:3, Licht: 0","217611","3","3","5","10","08","5","","0","1","1","0","0"
"POINT (13.488207439000064 52.502165135000041)","Unfall 217612 (2021) Kat:2, Licht: 0","217612","2","2","5","10","17","1","","0","1","0","0","1"
"POINT (13.408265727000071 52.553968015000066)","Unfall 217613 (2021) Kat:3, Licht: 2","217613","3","6","2","11","18","3","","2","0","1","0","0"
"POINT (13.445679640000037 52.499114303000056)","Unfall 217614 (2021) Kat:3, Licht: 2","217614","3","5","1","11","18","5","","2","1","1","0","0"
"POINT (13.351115627000070 52.515161493000051)","Unfall 217615 (2021) Kat:3, Licht: 1","217615","3","6","2","11","06","3","","1","0","1","0","0"
"POINT (13.335774002000051 52.595689131000029)","Unfall 217616 (2021) Kat:3, Licht: 0","217616","3","4","0","10","08","6","","0","0","0","1","1"
"POINT (13.479197796000051 52.553313077000041)","Unfall 217617 (2021) Kat:3, Licht: 0","217617","3","2","5","10","14","6","","0","0","0","0","0"
"POINT (13.524799733000066 52.536278748000029)","Unfall 217618 (2021) Kat:3, Licht: 0","217618","3","2","5","10","13","5","","0","1","1","0","0"
"POINT (13.560612710000044 52.489360941000029)","Unfall 217619 (2021) Kat:3, Licht: 2","217619","3","1","9","11","01","3","","2","0","1","0","0"
"POINT (13.418207375000065 52.498786415000041)","Unfall 217620 (2021) Kat:3, Licht: 2","217620","3","6","2","11","18","5","","2","0","1","0","0"
"POINT (13.497872477000044 52.628360443000076)","Unfall 217621 (2021) Kat:3, Licht: 2","217621","3","1","0","10","04","4","","2","0","0","0","1"
"POINT (13.460553318000052 52.523455415000058)","Unfall 217622 (2021) Kat:3, Licht: 0","217622","3","2","5","10","11","5","","0","0","1","0","0"
"POINT (13.377756225000041 52.507881843000064)","Unfall 217623 (2021) Kat:3, Licht: 0","217623","3","5","1","10","08","2","","0","1","0","0","0"
"POINT (13.343338479000067 52.473097152000037)","Unfall 217624 (2021) Kat:3, Licht: 2","217624","3","5","1","11","00","7","","2","1","1","0","0"
"POINT (13.388351011000054 52.526150284000039)","Unfall 217625 (2021) Kat:3, Licht: 2","217625","3","2","5","11","17","4","","2","0","1","0","0"
"POINT (13.421055856000066 52.467209572000058)","Unfall 217626 (2021) Kat:3, Licht: 0","217626","3","6","2","10","11","1","","0","1","1","0","0"
"POINT (13.485488251000049 52.523282514000073)","Unfall 217627 (2021) Kat:3, Licht: 0","217627","3","2","6","10","10","2","","0","0","1","1","0"
"POINT (13.400835223000058 52.445488683000065)","Unfall 217628 (2021) Kat:3, Licht: 0","217628","3","6","2","10","12","5","","0","0","1","0","0"
"POINT (13.379445033000025 52.406579249000060)","Unfall 217629 (2021) Kat:3, Licht: 0","217629","3","4","6","10","11","7","","0","1","0","1","0"
"POINT (13.349454633000050 52.515088554000044)","Unfall 217630 (2021) Kat:2, Licht: 2","217630","2","2","3","11","22","3","","2","0","1","0","1"
"POINT (13.387407471000074 52.525420080000060)","Unfall 217631 (2021) Kat:3, Licht: 0","217631","3","5","1","11","12","5","","0","1","1","0","0"
"POINT (13.238250889000028 52.545192360000044)","Unfall 217632 (2021) Kat:3, Licht: 2","217632","3","6","2","11","20","2","","2","0","1","0","0"
"POINT (13.424953568000035 52.480628928000044)","Unfall 217633 (2021) Kat:3, Licht: 0","217633","3","2","5","11","15","6","","0","1","1","0","0"
"POINT (13.398380321000047 52.507055433000062)","Unfall 217634 (2021) Kat:3, Licht: 0","217634","3","2","5","10","08","2","","0","1","1","0","0"
"POINT (13.435087029000044 52.508729495000068)","Unfall 217635 (2021) Kat:2, Licht: 0","217635","2","7","2","10","09","6","","0","0","1","0","0"
"POINT (13.390194445000077 52.508636890000048)","Unfall 217636 (2021) Kat:3, Licht: 0","217636","3","3","5","10","14","3","","0","1","1","0","0"
"POINT (13.353696685000045 52.499920952000082)","Unfall 217637 (2021) Kat:3, Licht: 0","217637","3","2","6","10","08","5","","0","0","1","1","0"
"POINT (13.377119550000032 52.572190162000027)","Unfall 217638 (2021) Kat:2, Licht: 2","217638","2","5","1","10","23","1","","2","1","1","0","0"
"POINT (13.488523317000045 52.459060912000041)","Unfall 217639 (2021) Kat:2, Licht: 2","217639","2","1","0","11","19","3","","2","0","1","0","0"
"POINT (13.377590891000068 52.564657791000059)","Unfall 217640 (2021) Kat:3, Licht: 2","217640","3","4","6","11","17","5","","2","0","0","1","0"
"POINT (13.351903391000064 52.494811483000035)","Unfall 217641 (2021) Kat:3, Licht: 0","217641","3","3","0","11","11","3","","0","1","1","0","0"
"POINT (13.480042082000068 52.517877283000075)","Unfall 217642 (2021) Kat:3, Licht: 0","217642","3","6","3","10","07","6","","0","0","1","0","0"
"POINT (13.346457865000048 52.547347194000054)","Unfall 217643 (2021) Kat:3, Licht: 0","217643","3","6","2","10","10","7","","0","0","1","0","0"
"POINT (13.398938909000037 52.532533712000031)","Unfall 217644 (2021) Kat:3, Licht: 2","217644","3","7","6","10","20","4","","2","0","1","1","0"
"POINT (13.274380704000066 52.510662490000072)","Unfall 217645 (2021) Kat:3, Licht: 0","217645","3","5","1","10","10","5","","0","1","1","0","0"
"POINT (13.307710354000051 52.488405533000048)","Unfall 217646 (2021) Kat:3, Licht: 2","217646","3","7","2","11","16","4","","2","0","1","0","0"
"POINT (13.383424997000077 52.493372194000074)","Unfall 217647 (2021) Kat:3, Licht: 1","217647","3","7","6","11","17","6","","1","1","0","1","0"
"POINT (13.345032700000047 52.495773541000062)","Unfall 217648 (2021) Kat:3, Licht: 0","217648","3","5","1","10","15","5","","0","1","1","0","0"
"POINT (13.414317516000040 52.553897549000055)","Unfall 217649 (2021) Kat:3, Licht: 0","217649","3","2","2","10","11","2","","0","1","1","0","0"
"POINT (13.439854556000057 52.479394641000056)","Unfall 217650 (2021) Kat:3, Licht: 2","217650","3","2","5","11","16","7","","2","1","1","0","0"
"POINT (13.431726848000039 52.523329469000032)","Unfall 217651 (2021) Kat:3, Licht: 0","217651","3","6","3","11","14","5","","0","0","1","0","1"
"POINT (13.536414781000076 52.412432221000074)","Unfall 217652 (2021) Kat:2, Licht: 0","217652","2","4","6","11","07","2","","0","0","0","1","0"
"POINT (13.247729880000065 52.538477686000078)","Unfall 217653 (2021) Kat:2, Licht: 2","217653","2","1","8","10","03","1","","2","0","1","0","0"
"POINT (13.332581767000022 52.469050306000042)","Unfall 217654 (2021) Kat:3, Licht: 0","217654","3","3","5","10","09","4","","0","0","0","0","0"
"POINT (13.405993547000037 52.415614927000036)","Unfall 217655 (2021) Kat:3, Licht: 0","217655","3","6","2","10","10","7","","0","0","1","0","0"
"POINT (13.401361704000067 52.414648140000054)","Unfall 217656 (2021) Kat:3, Licht: 0","217656","3","3","5","11","13","2","","0","0","1","0","0"
"POINT (13.493088403000058 52.544419107000067)","Unfall 217657 (2021) Kat:3, Licht: 0","217657","3","4","6","11","08","4","","0","1","0","1","0"
"POINT (13.646889355000042 52.521484205000036)","Unfall 217658 (2021) Kat:3, Licht: 0","217658","3","3","5","11","07","2","","0","1","1","0","0"
"POINT (13.377886349000050 52.465854790000037)","Unfall 217659 (2021) Kat:3, Licht: 0","217659","3","3","5","11","14","6","","0","0","1","0","0"
"POINT (13.476549252000041 52.532773446000078)","Unfall 217660 (2021) Kat:3, Licht: 1","217660","3","6","2","10","15","5","","1","0","1","0","1"
"POINT (13.339747953000028 52.488205675000074)","Unfall 217661 (2021) Kat:3, Licht: 0","217661","3","7","2","10","10","5","","0","0","0","0","1"
"POINT (13.382712493000042 52.404352013000050)","Unfall 217662 (2021) Kat:3, Licht: 2","217662","3","3","5","11","16","3","","2","1","1","0","0"
"POINT (13.366831492000074 52.557208559000060)","Unfall 217663 (2021) Kat:3, Licht: 0","217663","3","2","5","11","08","4","","0","1","1","0","0"
"POINT (13.390091664000067 52.513039860000049)","Unfall 217664 (2021) Kat:3, Licht: 0","217664","3","7","1","10","10","4","","0","0","1","0","1"
"POINT (13.463006146000055 52.532347415000061)","Unfall 217665 (2021) Kat:3, Licht: 2","217665","3","1","0","10","04","2","","2","0","0","0","1"
"POINT (13.442412215000047 52.469791728000075)","Unfall 217666 (2021) Kat:3, Licht: 0","217666","3","6","2","11","12","7","","0","0","1","0","1"
"POINT (13.345006047000027 52.539152201000036)","Unfall 217667 (2021) Kat:3, Licht: 0","217667","3","2","5","11","11","4","","0","0","1","0","0"
"POINT (13.483253294000065 52.406109579000031)","Unfall 217668 (2021) Kat:3, Licht: 2","217668","3","6","2","10","20","7","","2","0","1","0","0"
"POINT (13.499697501000071 52.534496670000067)","Unfall 217669 (2021) Kat:1, Licht: 2","217669","1","2","5","10","00","1","","2","0","1","0","0"
"POINT (13.323918961000061 52.456112288000043)","Unfall 217670 (2021) Kat:3, Licht: 2","217670","3","7","5","11","21","2","","2","0","1","0","1"
"POINT (13.507871784000031 52.544453854000039)","Unfall 217671 (2021) Kat:3, Licht: 0","217671","3","3","5","11","11","3","","0","0","1","0","0"
"POINT (13.371685215000070 52.492505773000062)","Unfall 217672 (2021) Kat:3, Licht: 2","217672","3","6","2","11","18","7","","2","0","1","0","1"
"POINT (13.404459815000052 52.523328541000069)","Unfall 217673 (2021) Kat:3, Licht: 2","217673","3","1","0","10","02","1","","2","1","0","0","0"
"POINT (13.403526248000048 52.386680445000081)","Unfall 217674 (2021) Kat:2, Licht: 1","217674","2","7","0","10","18","4","","1","0","1","0","0"
"POINT (13.572772597000039 52.427793021000070)","Unfall 217675 (2021) Kat:2, Licht: 1","217675","2","3","5","11","16","2","","1","0","1","0","1"
"POINT (13.413649782000050 52.507372120000070)","Unfall 217676 (2021) Kat:3, Licht: 0","217676","3","5","1","10","10","2","","0","1","0","0","0"
"POINT (13.335340678000023 52.488066827000068)","Unfall 217677 (2021) Kat:3, Licht: 2","217677","3","6","2","10","23","3","","2","0","1","0","0"
"POINT (13.385418810000033 52.467123040000047)","Unfall 217678 (2021) Kat:2, Licht: 0","217678","2","2","5","10","08","3","","0","1","1","0","0"
"POINT (13.302215737000040 52.506857308000065)","Unfall 217679 (2021) Kat:3, Licht: 0","217679","3","6","2","10","14","6","","0","0","1","0","0"
"POINT (13.446835384000053 52.474109787000032)","Unfall 217680 (2021) Kat:3, Licht: 2","217680","3","5","1","11","17","5","","2","0","1","0","0"
"POINT (13.393764478000037 52.510729740000045)","Unfall 217681 (2021) Kat:3, Licht: 0","217681","3","6","3","11","09","4","","0","0","0","0","1"
"POINT (13.314162520000025 52.481221176000076)","Unfall 217682 (2021) Kat:3, Licht: 0","217682","3","5","1","10","14","6","","0","0","1","0","1"
"POINT (13.383202823000033 52.554238381000062)","Unfall 217683 (2021) Kat:3, Licht: 0","217683","3","4","6","10","16","2","","0","1","0","1","0"
"POINT (13.447018275000062 52.520774507000056)","Unfall 217684 (2021) Kat:3, Licht: 2","217684","3","5","1","10","07","6","","2","1","1","0","0"
"POINT (13.532626058000062 52.521775762000061)","Unfall 217685 (2021) Kat:3, Licht: 0","217685","3","2","5","10","06","5","","0","0","1","0","0"
"POINT (13.376652517000025 52.487819823000052)","Unfall 217686 (2021) Kat:3, Licht: 2","217686","3","2","6","11","17","2","","2","0","1","1","0"
"POINT (13.387618227000075 52.548780442000066)","Unfall 217687 (2021) Kat:3, Licht: 2","217687","3","6","3","11","16","7","","2","0","1","0","1"
"POINT (13.594578791000060 52.482336738000072)","Unfall 217688 (2021) Kat:3, Licht: 0","217688","3","5","1","10","13","3","","0","0","1","0","0"
"POINT (13.387700163000034 52.589531628000032)","Unfall 217689 (2021) Kat:3, Licht: 2","217689","3","6","0","11","05","7","","2","0","1","0","0"
"POINT (13.190774201000067 52.454312830000049)","Unfall 217690 (2021) Kat:3, Licht: 0","217690","3","1","9","11","15","6","","0","0","1","0","0"
"POINT (13.505255088000069 52.563031691000049)","Unfall 217691 (2021) Kat:3, Licht: 1","217691","3","6","3","11","16","2","","1","1","0","0","0"
"POINT (13.369310139000049 52.450950594000062)","Unfall 217692 (2021) Kat:3, Licht: 2","217692","3","7","5","10","22","2","","2","0","0","0","1"
"POINT (13.350208173000055 52.434201672000029)","Unfall 217693 (2021) Kat:3, Licht: 0","217693","3","2","0","10","09","3","","0","1","1","0","0"
"POINT (13.488687428000048 52.426721212000075)","Unfall 217694 (2021) Kat:3, Licht: 0","217694","3","7","6","10","16","5","","0","0","1","1","0"
"POINT (13.402434854000035 52.492303606000064)","Unfall 217695 (2021) Kat:2, Licht: 2","217695","2","5","1","10","05","7","","2","1","1","0","0"
"POINT (13.394386678000046 52.507014624000078)","Unfall 217696 (2021) Kat:3, Licht: 0","217696","3","2","5","11","09","4","","0","1","1","0","0"
"POINT (13.391037333000043 52.544562803000076)","Unfall 217697 (2021) Kat:2, Licht: 1","217697","2","2","6","11","19","5","","1","0","1","1","0"
"POINT (13.505509597000071 52.511389243000053)","Unfall 217698 (2021) Kat:3, Licht: 1","217698","3","3","5","11","06","3","","1","0","1","0","1"
"POINT (13.473433650000061 52.536002133000068)","Unfall 217699 (2021) Kat:3, Licht: 0","217699","3","2","5","10","14","6","","0","0","0","0","0"
"POINT (13.578719873000068 52.566108064000048)","Unfall 217700 (2021) Kat:3, Licht: 0","217700","3","3","5","10","08","7","","0","0","1","0","0"
"POINT (13.415349147000029 52.503131826000072)","Unfall 217701 (2021) Kat:3, Licht: 2","217701","3","4","6","10","18","4","","2","0","1","1","0"
"POINT (13.354677759000026 52.517037804000040)","Unfall 217702 (2021) Kat:3, Licht: 0","217702","3","2","5","11","09","4","","0","1","1","0","0"
"POINT (13.450944710000044 52.526978902000053)","Unfall 217703 (2021) Kat:3, Licht: 0","217703","3","7","0","11","14","6","","0","0","0","0","1"
"POINT (13.349698498000066 52.495610531000068)","Unfall 217704 (2021) Kat:3, Licht: 2","217704","3","1","0","10","23","4","","2","0","0","0","0"
"POINT (13.399578582000061 52.493878065000047)","Unfall 217705 (2021) Kat:3, Licht: 0","217705","3","3","5","10","13","1","","0","0","1","0","1"
"POINT (13.466879575000064 52.528405210000074)","Unfall 217706 (2021) Kat:3, Licht: 0","217706","3","3","5","11","10","6","","0","0","1","0","0"
"POINT (13.459873699000070 52.593536662000076)","Unfall 217707 (2021) Kat:3, Licht: 0","217707","3","2","5","11","08","4","","0","1","0","0","0"
"POINT (13.449027187000070 52.524322245000064)","Unfall 217708 (2021) Kat:3, Licht: 0","217708","3","2","5","11","09","2","","0","0","1","0","0"
"POINT (13.232244732000026 52.437529778000055)","Unfall 217709 (2021) Kat:3, Licht: 1","217709","3","1","0","10","17","2","","1","1","0","0","0"
"POINT (13.334121481000068 52.524384738000037)","Unfall 217710 (2021) Kat:2, Licht: 0","217710","2","4","6","10","17","4","","0","0","0","1","0"
"POINT (13.410928051000042 52.561174877000042)","Unfall 217711 (2021) Kat:3, Licht: 0","217711","3","2","0","10","10","7","","0","1","1","0","0"
"POINT (13.345192616000077 52.490377608000074)","Unfall 217712 (2021) Kat:3, Licht: 0","217712","3","2","6","11","16","2","","0","0","1","1","0"
"POINT (13.322436230000051 52.565384851000033)","Unfall 217713 (2021) Kat:3, Licht: 1","217713","3","7","0","11","18","4","","1","0","1","0","0"
"POINT (13.394388460000073 52.501117362000059)","Unfall 217714 (2021) Kat:3, Licht: 0","217714","3","2","5","11","10","7","","0","0","1","0","0"
"POINT (13.424195816000065 52.594030181000051)","Unfall 217715 (2021) Kat:2, Licht: 2","217715","2","6","2","11","21","6","","2","0","1","0","0"
"POINT (13.283393899000032 52.533810826000035)","Unfall 217716 (2021) Kat:3, Licht: 0","217716","3","6","2","10","09","6","","0","0","1","0","0"
"POINT (13.391554781000025 52.419425848000060)","Unfall 217717 (2021) Kat:2, Licht: 0","217717","2","2","5","10","11","4","","0","0","1","0","1"
"POINT (13.322609453000041 52.463745724000034)","Unfall 217718 (2021) Kat:3, Licht: 2","217718","3","7","0","11","20","3","","2","0","0","0","0"
"POINT (13.417613829000061 52.501748256000042)","Unfall 217719 (2021) Kat:3, Licht: 2","217719","3","6","0","11","19","4","","2","0","1","0","1"
"POINT (13.559610567000050 52.435505807000027)","Unfall 217720 (2021) Kat:2, Licht: 2","217720","2","4","6","10","06","3","","2","0","1","1","0"
"POINT (13.361490851000042 52.497807416000057)","Unfall 217721 (2021) Kat:3, Licht: 2","217721","3","7","0","10","21","3","","2","1","0","0","0"
"POINT (13.604657094000061 52.532157617000053)","Unfall 217722 (2021) Kat:3, Licht: 0","217722","3","2","6","10","15","6","","0","0","1","1","0"
"POINT (13.382035674000065 52.552923171000032)","Unfall 217723 (2021) Kat:2, Licht: 0","217723","2","7","6","10","14","7","","0","0","0","1","0"
"POINT (13.387938346000055 52.522180685000080)","Unfall 217724 (2021) Kat:3, Licht: 2","217724","3","7","5","11","18","5","","2","0","1","0","0"
"POINT (13.505369115000065 52.534556462000069)","Unfall 217725 (2021) Kat:3, Licht: 0","217725","3","2","0","11","10","3","","0","1","1","0","0"
"POINT (13.396463061000077 52.396985366000081)","Unfall 217726 (2021) Kat:3, Licht: 0","217726","3","3","5","10","11","7","","0","0","1","0","0"