WKT,Name,OBJECTID,UKATEGORIE,UTYP1,UART,UMONAT,USTUNDE,UWOCHENTAG,STRZUSTAND,ULICHTVERH,ISTRAD,ISTPKW,ISTFUSS,ISTKRAD
"POINT (13.420778807000033 52.480285570000035)","Unfall 217727 (2021) Kat:3, Licht: 2","217727","3","1","0","10","02","7","","2","0","0","0","0"
"POINT (13.495076707000067 52.421009997000056)","Unfall 217728 (2021) Kat:3, Licht: 0","217728","3","6","2","11","08","6","","0","1","1","0","0"
"POINT (13.435694007000052 52.423275471000068)","Unfall 217729 (2021) Kat:3, Licht: 2","217729","3","6","2","11","06","3","","2","0","1","0","0"
"POINT (13.317295745000024 52.512166259000026)","Unfall 217730 (2021) Kat:3, Licht: 0","217730","3","2","5","11","13","2","","0","1","1","0","0"
"POINT (13.258287176000067 52.568393331000038)","Unfall 217731 (2021) Kat:2, Licht: 2","217731","2","5","1","11","04","7","","2","1","1","0","0"
"POINT (13.361998191000055 52.434650513000065)","Unfall 217732 (2021) Kat:3, Licht: 2","217732","3","2","6","10","07","3","","2","0","1","1","0"
"POINT (13.384402125000065 52.481672263000064)","Unfall 217733 (2021) Kat:3, Licht: 0","217733","3","2","6","11","10","2","","0","0","1","1","0"
"POINT (13.417476971000042 52.490567751000071)","Unfall 217734 (2021) Kat:3, Licht: 0","217734","3","5","1","10","13","4","","0","1","1","0","0"
"POINT (13.369924905000062 52.467116418000046)","Unfall 217735 (2021) Kat:3, Licht: 0","217735","3","6","2","10","14","3","","0","0","1","0","0"
"POINT (13.276129512000068 52.507342654000070)","Unfall 217736 (2021) Kat:3, Licht: 0","217736","3","6","3","10","16","4","","0","0","1","0","0"
"POINT (13.326106913000046 52.538366981000081)","Unfall 217737 (2021) Kat:2, Licht: 2","217737","2","2","5","11","20","3","","2","0","1","0","0"
"POINT (13.312288001000070 52.430349845000080)","Unfall 217738 (2021) Kat:3, Licht: 2","217738","3","2","5","11","16","4","","2","1","1","0","0"
"POINT (13.398932597000055 52.508226521000040)","Unfall 217739 (2021) Kat:2, Licht: 0","217739","2","3","5","10","08","3","","0","0","1","0","0"
"POINT (13.254384281000057 52.450855014000069)","Unfall 217740 (2021) Kat:3, Licht: 0","217740","3","5","1","10","09","4","","0","0","1","0","0"
"POINT (13.273532698000054 52.541741736000063)","Unfall 217741 (2021) Kat:3, Licht: 2","217741","3","7","0","10","20","7","","2","1","0","0","0"
"POINT (13.568776295000077 52.544617081000069)","Unfall 217742 (2021) Kat:3, Licht: 0","217742","3","3","5","11","13","5","","0","0","1","0","0"
"POINT (13.399409773000059 52.546436210000081)","Unfall 217743 (2021) Kat:3, Licht: 0","217743","3","6","0","11","15","3","","0","1","0","0","0"
"POINT (13.332944333000057 52.595447612000044)","Unfall 217744 (2021) Kat:2, Licht: 0","217744","2","2","5","10","10","7","","0","0","1","0","0"
"POINT (13.388277615000050 52.520277914000076)","Unfall 217745 (2021) Kat:3, Licht: 0","217745","3","3","5","10","09","7","","0","1","1","0","0"
"POINT (13.195457223000062 52.533387943000037)","Unfall 217746 (2021) Kat:3, Licht: 0","217746","3","4","6","11","15","7","","0","0","1","1","0"
"POINT (13.452184752000051 52.599765507000029)","Unfall 217747 (2021) Kat:3, Licht: 0","217747","3","1","8","11","14","4","","0","0","1","0","0"
"POINT (13.351181955000072 52.415483535000078)","Unfall 217748 (2021) Kat:2, Licht: 2","217748","2","5","5","11","06","2","","2","0","1","0","1"
"POINT (13.421992669000076 52.505100588000062)","Unfall 217749 (2021) Kat:3, Licht: 0","217749","3","3","5","11","12","1","","0","0","1","0","0"
"POINT (13.391728209000064 52.555631953000045)","Unfall 217750 (2021) Kat:3, Licht: 0","217750","3","1","4","10","13","4","","0","0","1","0","1"
"POINT (13.318523612000035 52.491928941000026)","Unfall 217751 (2021) Kat:3, Licht: 1","217751","3","5","1","10","07","3","","1","1","1","0","0"
"POINT (13.337744426000029 52.611473503000070)","Unfall 217752 (2021) Kat:3, Licht: 0","217752","3","3","5","11","12","3","","0","0","1","0","1"
"POINT (13.438346452000076 52.482673462000037)","Unfall 217753 (2021) Kat:3, Licht: 2","217753","3","5","1","10","19","3","","2","1","1","0","0"
"POINT (13.499827116000063 52.534373208000034)","Unfall 217754 (2021) Kat:3, Licht: 0","217754","3","3","5","10","10","3","","0","0","1","0","0"
"POINT (13.338863386000071 52.502686461000053)","Unfall 217755 (2021) Kat:3, Licht: 2","217755","3","1","0","10","00","6","","2","1","0","0","0"
"POINT (13.513526293000041 52.462564853000060)","Unfall 217756 (2021) Kat:3, Licht: 2","217756","3","4","6","11","17","4","","2","0","0","1","0"
"POINT (13.300949467000066 52.505095619000031)","Unfall 217757 (2021) Kat:3, Licht: 0","217757","3","5","1","11","07","6","","0","1","1","0","0"
"POINT (13.199555683000028 52.534680171000048)","Unfall 217758 (2021) Kat:3, Licht: 0","217758","3","2","5","11","15","2","","0","0","1","0","0"
"POINT (13.346706026000049 52.519429189000050)","Unfall 217759 (2021) Kat:3, Licht: 0","217759","3","4","6","10","15","6","","0","1","0","1","0"
"POINT (13.326269821000039 52.608619037000039)","Unfall 217760 (2021) Kat:3, Licht: 2","217760","3","3","0","10","20","6","","2","0","1","0","1"
"POINT (13.313604170000076 52.515343837000046)","Unfall 217761 (2021) Kat:2, Licht: 2","217761","2","1","8","10","00","7","","2","0","1","0","0"
"POINT (13.290791021000075 52.448297848000038)","Unfall 217762 (2021) Kat:3, Licht: 1","217762","3","2","6","10","18","5","","1","0","1","1","0"
"POINT (13.377747129000056 52.507866277000062)","Unfall 217763 (2021) Kat:3, Licht: 2","217763","3","4","6","11","16","7","","2","0","1","1","0"
"POINT (13.440640348000045 52.517118111000059)","Unfall 217764 (2021) Kat:3, Licht: 1","217764","3","3","5","10","19","2","","1","0","1","0","0"
"POINT (13.347596244000044 52.506990814000062)","Unfall 217765 (2021) Kat:3, Licht: 0","217765","3","4","6","10","08","2","","0","1","0","1","0"
"POINT (13.369951866000065 52.589343910000082)","Unfall 217766 (2021) Kat:3, Licht: 1","217766","3","3","5","11","16","1","","1","0","1","0","0"
"POINT (13.619928869000034 52.539535288000081)","Unfall 217767 (2021) Kat:3, Licht: 0","217767","3","3","5","11","12","5","","0","1","1","0","0"
"POINT (13.223270735000028 52.510232742000028)","Unfall 217768 (2021) Kat:3, Licht: 1","217768","3","7","2","11","16","3","","1","0","1","0","0"
"POINT (13.479494154000065 52.526871236000034)","Unfall 217769 (2021) Kat:3, Licht: 0","217769","3","4","6","10","07","3","","0","0","1","1","0"
"POINT (13.345140372000060 52.581295564000072)","Unfall 217770 (2021) Kat:3, Licht: 0","217770","3","2","5","10","08","5","","0","0","1","0","1"
"POINT (13.477902916000062 52.514638549000040)","Unfall 217771 (2021) Kat:3, Licht: 0","217771","3","7","5","10","12","2","","0","0","1","0","0"
"POINT (13.360490413000036 52.410501467000074)","Unfall 217772 (2021) Kat:3, Licht: 0","217772","3","7","5","11","12","3","","0","0","1","0","0"
"POINT (13.335297216000072 52.473762901000043)","Unfall 217773 (2021) Kat:3, Licht: 1","217773","3","5","1","11","16","5","","1","1","1","0","0"
"POINT (13.360028137000029 52.537180100000057)","Unfall 217774 (2021) Kat:3, Licht: 0","217774","3","6","2","11","07","2","","0","0","1","0","0"
"POINT (13.459513345000062 52.646041212000057)","Unfall 217775 (2021) Kat:3, Licht: 0","217775","3","6","2","10","15","5","","0","1","1","0","0"
"POINT (13.605553655000051 52.487801722000029)","Unfall 217776 (2021) Kat:3, Licht: 0","217776","3","3","5","10","14","5","","0","1","1","0","0"
"POINT (13.317295906000027 52.512166059000037)","Unfall 217777 (2021) Kat:3, Licht: 0","217777","3","2","5","10","14","5","","0","1","1","0","0"
"POINT (13.383591469000066 52.555779741000038)","Unfall 217778 (2021) Kat:3, Licht: 2","217778","3","6","2","11","05","3","","2","0","1","0","0"
"POINT (13.426988722000033 52.564338216000067)","Unfall 217779 (2021) Kat:2, Licht: 2","217779","2","2","5","11","18","5","","2","1","0","0","0"
"POINT (13.406635359000063 52.565405432000034)","Unfall 217780 (2021) Kat:3, Licht: 2","217780","3","2","6","10","18","5","","2","0","1","1","0"
"POINT (13.402093573000059 52.492522703000077)","Unfall 217781 (2021) Kat:3, Licht: 1","217781","3","2","2","10","18","7","","1","0","1","0","0"
"POINT (13.517138404000036 52.535471294000047)","Unfall 217782 (2021) Kat:3, Licht: 0","217782","3","2","5","11","15","6","","0","0","1","0","0"
"POINT (13.158050072000037 52.533167383000034)","Unfall 217783 (2021) Kat:3, Licht: 0","217783","3","2","2","11","15","5","","0","0","1","0","0"
"POINT (13.148007594000035 52.532817809000051)","Unfall 217784 (2021) Kat:3, Licht: 2","217784","3","6","2","10","20","1","","2","0","1","0","0"
"POINT (13.300390901000071 52.522598602000073)","Unfall 217785 (2021) Kat:3, Licht: 2","217785","3","1","8","10","05","1","","2","0","1","0","0"
"POINT (13.466902050000044 52.520098929000028)","Unfall 217786 (2021) Kat:3, Licht: 1","217786","3","3","5","10","17","4","","1","0","1","0","0"
"POINT (13.495298593000030 52.431657285000028)","Unfall 217787 (2021) Kat:2, Licht: 0","217787","2","2","5","10","08","7","","0","0","1","0","0"
"POINT (13.364383015000044 52.562652056000047)","Unfall 217788 (2021) Kat:3, Licht: 2","217788","3","3","5","11","21","1","","2","0","1","0","0"
"POINT (13.361540295000054 52.412411463000069)","Unfall 217789 (2021) Kat:3, Licht: 0","217789","3","2","5","11","15","4","","0","1","0","0","0"
"POINT (13.552048808000052 52.430000467000070)","Unfall 217790 (2021) Kat:3, Licht: 1","217790","3","7","3","11","16","7","","1","0","1","0","0"
"POINT (13.477854283000056 52.410083696000072)","Unfall 217791 (2021) Kat:3, Licht: 2","217791","3","6","2","11","23","6","","2","0","1","0","0"
"POINT (13.465933066000048 52.504912610000076)","Unfall 217792 (2021) Kat:3, Licht: 0","217792","3","5","1","10","18","4","","0","0","1","0","0"
"POINT (13.177119553000068 52.525423442000033)","Unfall 217793 (2021) Kat:3, Licht: 0","217793","3","2","5","10","07","4","","0","1","1","0","0"
"POINT (13.437944092000066 52.488093992000074)","Unfall 217794 (2021) Kat:3, Licht: 2","217794","3","3","5","11","18","3","","2","1","1","0","0"
"POINT (13.409093823000035 52.501548962000072)","Unfall 217795 (2021) Kat:3, Licht: 2","217795","3","6","3","11","17","5","","2","1","1","0","0"
"POINT (13.385120936000021 52.531131234000043)","Unfall 217796 (2021) Kat:3, Licht: 0","217796","3","1","0","10","08","3","","0","1","0","0","0"
"POINT (13.502969384000039 52.554427850000081)","Unfall 217797 (2021) Kat:2, Licht: 2","217797","2","2","5","10","04","4","","2","0","1","0","1"
"POINT (13.514232340000035 52.535146127000075)","Unfall 217798 (2021) Kat:3, Licht: 0","217798","3","6","2","10","15","3","","0","0","1","0","0"
"POINT (13.389147399000024 52.398475826000038)","Unfall 217799 (2021) Kat:3, Licht: 0","217799","3","2","5","10","14","6","","0","0","1","0","0"
"POINT (13.413482858000066 52.547654841000053)","Unfall 217800 (2021) Kat:3, Licht: 0","217800","3","3","5","10","12","7","","0","0","1","0","0"
"POINT (13.527003361000027 52.516200611000045)","Unfall 217801 (2021) Kat:3, Licht: 1","217801","3","4","6","11","18","5","","1","0","1","1","0"
"POINT (13.337390433000053 52.503778762000081)","Unfall 217802 (2021) Kat:3, Licht: 2","217802","3","6","2","11","18","3","","2","0","1","0","0"
"POINT (13.295228347000034 52.506865803000039)","Unfall 217803 (2021) Kat:3, Licht: 1","217803","3","2","5","10","18","7","","1","1","1","0","0"
"POINT (13.476079974000072 52.605458245000079)","Unfall 217804 (2021) Kat:2, Licht: 0","217804","2","3","5","10","11","7","","0","0","1","0","1"
"POINT (13.439651669000057 52.481535289000078)","Unfall 217805 (2021) Kat:3, Licht: 0","217805","3","5","1","10","11","6","","0","1","0","0","0"
"POINT (13.229782823000050 52.430760466000038)","Unfall 217806 (2021) Kat:3, Licht: 0","217806","3","2","5","11","16","6","","0","1","1","0","0"
"POINT (13.362179947000072 52.552008867000040)","Unfall 217807 (2021) Kat:3, Licht: 0","217807","3","3","5","11","16","4","","0","0","1","0","0"
"POINT (13.331118672000059 52.594816431000027)","Unfall 217808 (2021) Kat:2, Licht: 0","217808","2","3","5","11","12","1","","0","1","1","0","0"
"POINT (13.422093910000058 52.492989775000069)","Unfall 217809 (2021) Kat:3, Licht: 2","217809","3","2","5","11","20","7","","2","0","1","1","0"
"POINT (13.430241865000028 52.523295109000060)","Unfall 217810 (2021) Kat:3, Licht: 0","217810","3","7","2","10","09","3","","0","0","1","0","0"
"POINT (13.465388118000021 52.557552246000057)","Unfall 217811 (2021) Kat:2, Licht: 2","217811","2","7","6","11","20","2","","2","0","1","1","0"
"POINT (13.430650266000043 52.468635111000026)","Unfall 217812 (2021) Kat:3, Licht: 1","217812","3","6","2","11","19","6","","1","0","1","0","0"
"POINT (13.502434518000030 52.443740891000061)","Unfall 217813 (2021) Kat:3, Licht: 0","217813","3","4","6","10","16","3","","0","0","0","1","0"
"POINT (13.418070348000072 52.546370376000027)","Unfall 217814 (2021) Kat:3, Licht: 0","217814","3","1","0","10","16","5","","0","1","0","0","0"
"POINT (13.441606288000060 52.532271212000069)","Unfall 217815 (2021) Kat:2, Licht: 0","217815","2","4","6","10","12","1","","0","0","0","1","1"
"POINT (13.171841212000061 52.549948271000062)","Unfall 217816 (2021) Kat:3, Licht: 1","217816","3","2","5","11","16","4","","1","0","1","0","0"
"POINT (13.485125730000050 52.533504604000029)","Unfall 217817 (2021) Kat:1, Licht: 2","217817","1","4","6","11","06","6","","2","0","0","1","0"
"POINT (13.441894080000054 52.501265154000066)","Unfall 217818 (2021) Kat:3, Licht: 0","217818","3","3","5","11","07","3","","0","1","1","0","0"
"POINT (13.313164530000051 52.501414929000077)","Unfall 217819 (2021) Kat:3, Licht: 0","217819","3","3","5","10","17","7","","0","0","1","0","1"
"POINT (13.612884363000035 52.506168054000057)","Unfall 217820 (2021) Kat:3, Licht: 0","217820","3","3","5","10","16","6","","0","0","1","0","0"
"POINT (13.394457192000061 52.501121524000041)","Unfall 217821 (2021) Kat:3, Licht: 1","217821","3","2","3","10","18","6","","1","0","0","0","0"
"POINT (13.338096456000073 52.519608166000069)","Unfall 217822 (2021) Kat:3, Licht: 0","217822","3","5","1","10","08","6","","0","1","0","0","0"
"POINT (13.322390846000076 52.450640546000045)","Unfall 217823 (2021) Kat:3, Licht: 2","217823","3","3","5","11","15","7","","2","0","1","0","0"
"POINT (13.323485036000022 52.515867533000062)","Unfall 217824 (2021) Kat:3, Licht: 0","217824","3","3","1","10","17","5","","0","0","1","0","0"
"POINT (13.536676495000052 52.539634197000055)","Unfall 217825 (2021) Kat:3, Licht: 0","217825","3","2","5","10","09","3","","0","0","0","0","0"
"POINT (13.583088383000074 52.455360055000028)","Unfall 217826 (2021) Kat:3, Licht: 2","217826","3","2","5","11","21","7","","2","0","1","0","0"
"POINT (13.471437418000050 52.535499858000037)","Unfall 217827 (2021) Kat:3, Licht: 0","217827","3","3","5","11","12","5","","0","1","1","0","0"
"POINT (13.484696600000063 52.463618535000080)","Unfall 217828 (2021) Kat:2, Licht: 0","217828","2","4","6","11","10","2","","0","0","0","1","1"
"POINT (13.264925220000066 52.536660721000032)","Unfall 217829 (2021) Kat:3, Licht: 0","217829","3","3","5","10","07","2","","0","0","1","0","1"
"POINT (13.343206180000038 52.532026827000038)","Unfall 217830 (2021) Kat:3, Licht: 0","217830","3","4","6","10","11","5","","0","0","1","1","0"
"POINT (13.588323896000077 52.418582178000065)","Unfall 217831 (2021) Kat:3, Licht: 0","217831","3","1","0","10","17","7","","0","1","0","0","0"
"POINT (13.301558616000023 52.494502686000033)","Unfall 217832 (2021) Kat:3, Licht: 0","217832","3","3","5","11","10","2","","0","1","1","0","0"
"POINT (13.197045765000041 52.538322983000057)","Unfall 217833 (2021) Kat:3, Licht: 2","217833","3","2","5","11","18","5","","2","0","1","0","0"
"POINT (13.516563453000060 52.552011259000039)","Unfall 217834 (2021) Kat:3, Licht: 0","217834","3","6","2","11","09","2","","0","0","1","0","0"
"POINT (13.411013003000051 52.527874239000028)","Unfall 217835 (2021) Kat:3, Licht: 0","217835","3","6","2","10","12","6","","0","1","0","0","0"
"POINT (13.351225718000023 52.504664721000040)","Unfall 217836 (2021) Kat:3, Licht: 0","217836","3","6","2","10","14","5","","0","0","1","0","0"
"POINT (13.387998436000032 52.521878291000064)","Unfall 217837 (2021) Kat:3, Licht: 0","217837","3","6","3","10","16","5","","0","0","1","0","0"
"POINT (13.373757834000060 52.524185944000067)","Unfall 217838 (2021) Kat:3, Licht: 0","217838","3","2","5","11","08","4","","0","1","1","0","0"
"POINT (13.207954815000051 52.557688099000075)","Unfall 217839 (2021) Kat:3, Licht: 0","217839","3","7","2","10","18","1","","0","1","0","0","1"
"POINT (13.184770392000075 52.526970960000028)","Unfall 217840 (2021) Kat:3, Licht: 2","217840","3","3","5","11","17","4","","2","0","1","0","1"
"POINT (13.431537695000031 52.496850889000029)","Unfall 217841 (2021) Kat:3, Licht: 2","217841","3","1","8","11","18","5","","2","0","1","0","0"
"POINT (13.312406569000075 52.491587902000049)","Unfall 217842 (2021) Kat:3, Licht: 0","217842","3","1","0","11","16","3","","0","0","0","0","1"
"POINT (13.437682949000077 52.500341930000047)","Unfall 217843 (2021) Kat:3, Licht: 2","217843","3","2","5","10","20","6","","2","1","1","0","0"
"POINT (13.295386751000024 52.519312566000053)","Unfall 217844 (2021) Kat:3, Licht: 0","217844","3","6","2","10","16","6","","0","0","1","0","0"
"POINT (13.345601489000046 52.436188372000061)","Unfall 217845 (2021) Kat:3, Licht: 1","217845","3","2","6","10","18","6","","1","0","1","1","0"
"POINT (13.568039842000076 52.545273085000076)","Unfall 217846 (2021) Kat:2, Licht: 2","217846","2","4","6","10","19","5","","2","0","0","1","0"
"POINT (13.436838702000045 52.465162846000055)","Unfall 217847 (2021) Kat:3, Licht: 0","217847","3","3","5","11","13","5","","0","1","1","0","0"
"POINT (13.400609931000076 52.530499053000028)","Unfall 217848 (2021) Kat:3, Licht: 0","217848","3","4","6","10","10","3","","0","0","1","1","0"
"POINT (13.226102742000023 52.587206995000031)","Unfall 217849 (2021) Kat:3, Licht: 0","217849","3","3","5","11","10","7","","0","0","1","0","0"
"POINT (13.402239508000036 52.503811893000034)","Unfall 217850 (2021) Kat:3, Licht: 2","217850","3","4","0","11","19","5","","2","0","0","1","1"
"POINT (13.320533303000047 52.499220700000080)","Unfall 217851 (2021) Kat:3, Licht: 2","217851","3","7","6","11","17","2","","2","0","1","1","0"
"POINT (13.449894465000057 52.512893882000071)","Unfall 217852 (2021) Kat:2, Licht: 0","217852","2","2","0","10","08","3","","0","0","1","0","1"
"POINT (13.363435858000059 52.478628368000045)","Unfall 217853 (2021) Kat:3, Licht: 0","217853","3","3","5","10","08","5","","0","1","1","0","0"
"POINT (13.518803197000068 52.509333174000062)","Unfall 217854 (2021) Kat:3, Licht: 0","217854","3","7","5","10","17","7","","0","1","1","0","0"
"POINT (13.376686468000059 52.508400076000044)","Unfall 217855 (2021) Kat:3, Licht: 1","217855","3","2","0","11","07","2","","1","1","1","0","0"
"POINT (13.306537295000055 52.528748768000071)","Unfall 217856 (2021) Kat:3, Licht: 2","217856","3","2","6","11","17","5","","2","0","1","1","0"
"POINT (13.372738469000069 52.538405133000026)","Unfall 217857 (2021) Kat:3, Licht: 1","217857","3","5","1","11","19","2","","1","1","1","0","0"
"POINT (13.371876204000046 52.509093654000026)","Unfall 217858 (2021) Kat:2, Licht: 0","217858","2","1","0","10","11","6","","0","0","0","0","1"
"POINT (13.448600321000072 52.488130532000071)","Unfall 217859 (2021) Kat:2, Licht: 2","217859","2","4","6","10","06","5","","2","1","0","1","0"
"POINT (13.435485431000075 52.480889606000062)","Unfall 217860 (2021) Kat:2, Licht: 0","217860","2","2","6","10","09","5","","0","0","0","1","1"
"POINT (13.419831338000051 52.496390670000039)","Unfall 217861 (2021) Kat:2, Licht: 0","217861","2","3","0","11","14","4","","0","0","1","0","1"
"POINT (13.286752440000043 52.536718151000059)","Unfall 217862 (2021) Kat:3, Licht: 2","217862","3","4","6","11","16","5","","2","0","1","1","0"
"POINT (13.379491004000045 52.523402330000067)","Unfall 217863 (2021) Kat:3, Licht: 0","217863","3","3","5","10","12","4","","0","1","0","0","0"
"POINT (13.349700193000047 52.503074601000037)","Unfall 217864 (2021) Kat:3, Licht: 0","217864","3","2","5","10","09","2","","0","0","1","0","0"
"POINT (13.409518532000050 52.547354137000070)","Unfall 217865 (2021) Kat:3, Licht: 0","217865","3","4","6","11","09","6","","0","0","1","1","0"
"POINT (13.330090120000023 52.586894173000076)","Unfall 217866 (2021) Kat:3, Licht: 0","217866","3","5","1","11","07","4","","0","0","1","0","0"
"POINT (13.314408966000030 52.530255172000068)","Unfall 217867 (2021) Kat:3, Licht: 2","217867","3","3","5","10","19","1","","2","0","1","0","0"
"POINT (13.586870574000045 52.512318430000050)","Unfall 217868 (2021) Kat:3, Licht: 0","217868","3","2","5","10","16","2","","0","1","1","0","0"
"POINT (13.343466458000023 52.434957299000075)","Unfall 217869 (2021) Kat:2, Licht: 0","217869","2","4","6","10","15","4","","0","0","1","1","0"
"POINT (13.475521666000077 52.502622432000067)","Unfall 217870 (2021) Kat:3, Licht: 2","217870","3","1","0","11","01","1","","2","1","0","0","0"
"POINT (13.285030431000052 52.518721386000038)","Unfall 217871 (2021) Kat:3, Licht: 0","217871","3","3","5","11","14","4","","0","1","1","0","0"
"POINT (13.554381714000044 52.455695105000075)","Unfall 217872 (2021) Kat:2, Licht: 0","217872","2","2","5","11","10","1","","0","0","1","0","0"
"POINT (13.175002977000076 52.523931288000028)","Unfall 217873 (2021) Kat:2, Licht: 1","217873","2","4","6","11","17","6","","1","0","1","1","0"
"POINT (13.409599905000050 52.519521915000041)","Unfall 217874 (2021) Kat:3, Licht: 0","217874","3","7","6","10","09","4","","0","0","0","1","0"
"POINT (13.393563128000039 52.541283153000052)","Unfall 217875 (2021) Kat:3, Licht: 1","217875","3","4","6","10","06","4","","1","0","0","1","1"
"POINT (13.479166501000066 52.436757183000054)","Unfall 217876 (2021) Kat:3, Licht: 0","217876","3","3","5","11","10","3","","0","0","1","0","1"
"POINT (13.452342697000063 52.524917564000077)","Unfall 217877 (2021) Kat:3, Licht: 1","217877","3","5","1","10","19","2","","1","1","1","0","0"
"POINT (13.344924722000030 52.539077038000073)","Unfall 217878 (2021) Kat:3, Licht: 0","217878","3","2","5","10","08","4","","0","1","1","0","0"
"POINT (13.526417240000058 52.424601766000080)","Unfall 217879 (2021) Kat:3, Licht: 0","217879","3","2","0","10","12","3","","0","0","1","0","1"
"POINT (13.486875391000069 52.556463682000071)","Unfall 217880 (2021) Kat:3, Licht: 2","217880","3","4","6","10","22","6","","2","0","0","1","0"
"POINT (13.372219972000039 52.469731502000059)","Unfall 217881 (2021) Kat:3, Licht: 0","217881","3","3","5","10","09","7","","0","0","1","0","0"
"POINT (13.426712929000075 52.565029938000066)","Unfall 217882 (2021) Kat:3, Licht: 0","217882","3","3","5","11","12","5","","0","1","1","0","0"
"POINT (13.418847039000070 52.551151784000069)","Unfall 217883 (2021) Kat:3, Licht: 0","217883","3","6","4","11","09","3","","0","1","1","0","0"
"POINT (13.558667665000030 52.481307230000027)","Unfall 217884 (2021) Kat:3, Licht: 0","217884","3","7","0","10","12","7","","0","0","1","0","0"
"POINT (13.436935575000064 52.417417983000064)","Unfall 217885 (2021) Kat:3, Licht: 0","217885","3","5","5","10","12","1","","0","0","1","0","1"
"POINT (13.503450174000022 52.411623226000074)","Unfall 217886 (2021) Kat:2, Licht: 1","217886","2","2","5","10","18","6","","1","0","1","0","1"
"POINT (13.349264965000032 52.503179467000052)","Unfall 217887 (2021) Kat:3, Licht: 0","217887","3","6","2","11","09","6","","0","0","1","0","0"
"POINT (13.247771305000072 52.547262775000036)","Unfall 217888 (2021) Kat:3, Licht: 2","217888","3","7","8","11","21","3","","2","0","1","0","0"
"POINT (13.341542881000066 52.532256991000054)","Unfall 217889 (2021) Kat:3, Licht: 2","217889","3","2","2","11","18","2","","2","0","1","0","1"
"POINT (13.375702292000028 52.414895872000045)","Unfall 217890 (2021) Kat:3, Licht: 0","217890","3","4","6","11","14","7","","0","0","1","1","0"
"POINT (13.331027496000047 52.494901478000031)","Unfall 217891 (2021) Kat:3, Licht: 1","217891","3","1","0","10","18","2","","1","0","0","0","0"
"POINT (13.647905150000042 52.352658447000067)","Unfall 217892 (2021) Kat:3, Licht: 0","217892","3","1","8","10","07","4","","0","0","1","0","0"
"POINT (13.342402981000077 52.505890650000026)","Unfall 217893 (2021) Kat:3, Licht: 0","217893","3","1","0","10","09","2","","0","1","0","0","0"
"POINT (13.513252014000045 52.566449727000077)","Unfall 217894 (2021) Kat:3, Licht: 0","217894","3","4","6","11","14","2","","0","0","0","1","0"
"POINT (13.434348265000040 52.549705556000049)","Unfall 217895 (2021) Kat:3, Licht: 0","217895","3","7","0","11","10","6","","0","1","0","0","0"
"POINT (13.448064891000058 52.436962828000048)","Unfall 217896 (2021) Kat:3, Licht: 0","217896","3","7","5","11","15","3","","0","0","1","0","0"
"POINT (13.526981397000043 52.424571446000073)","Unfall 217897 (2021) Kat:2, Licht: 0","217897","2","3","5","10","14","3","","0","0","1","0","1"
"POINT (13.392922174000034 52.542360508000058)","Unfall 217898 (2021) Kat:3, Licht: 0","217898","3","6","2","10","08","5","","0","0","1","0","0"
"POINT (13.486035085000026 52.577288631000044)","Unfall 217899 (2021) Kat:2, Licht: 0","217899","2","6","3","10","13","7","","0","0","1","0","1"
"POINT (13.461226768000074 52.508694610000077)","Unfall 217900 (2021) Kat:3, Licht: 2","217900","3","5","1","11","22","4","","2","1","1","0","0"
"POINT (13.410356333000038 52.416775439000048)","Unfall 217901 (2021) Kat:3, Licht: 2","217901","3","6","2","11","16","5","","2","0","1","0","0"
"POINT (13.437523328000054 52.511059332000059)","Unfall 217902 (2021) Kat:2, Licht: 0","217902","2","3","5","11","13","2","","0","1","1","0","0"
"POINT (13.294555964000040 52.426939422000032)","Unfall 217903 (2021) Kat:3, Licht: 0","217903","3","3","5","10","08","5","","0","0","1","0","0"
"POINT (13.208737012000029 52.565363039000033)","Unfall 217904 (2021) Kat:3, Licht: 0","217904","3","6","2","10","10","7","","0","0","1","0","0"
"POINT (13.719411153000067 52.431378661000053)","Unfall 217905 (2021) Kat:3, Licht: 0","217905","3","6","2","10","15","4","","0","0","1","0","0"
"POINT (13.410295242000075 52.503784153000026)","Unfall 217906 (2021) Kat:3, Licht: 2","217906","3","3","5","10","20","5","","2","1","1","0","0"
"POINT (13.167967437000073 52.550759136000067)","Unfall 217907 (2021) Kat:2, Licht: 1","217907","2","3","5","11","17","6","","1","0","1","0","1"
"POINT (13.348668322000037 52.534986530000026)","Unfall 217908 (2021) Kat:3, Licht: 2","217908","3","5","1","10","01","5","","2","1","1","0","0"
"POINT (13.316737799000066 52.514282146000028)","Unfall 217909 (2021) Kat:3, Licht: 2","217909","3","1","1","10","19","3","","2","0","1","0","0"
"POINT (13.394402715000069 52.506919143000061)","Unfall 217910 (2021) Kat:2, Licht: 0","217910","2","2","5","11","11","7","","0","1","1","0","0"
"POINT (13.528111127000045 52.556996013000060)","Unfall 217911 (2021) Kat:2, Licht: 0","217911","2","3","5","11","11","5","","0","0","1","0","0"
"POINT (13.358756521000032 52.596822988000042)","Unfall 217912 (2021) Kat:3, Licht: 0","217912","3","2","5","11","06","2","","0","1","1","0","0"
"POINT (13.511730382000053 52.513140729000042)","Unfall 217913 (2021) Kat:3, Licht: 2","217913","3","3","5","10","06","2","","2","1","1","0","0"