WKT,Name,OBJECTID,UKATEGORIE,UTYP1,UART,UMONAT,USTUNDE,UWOCHENTAG,STRZUSTAND,ULICHTVERH,ISTRAD,ISTPKW,ISTFUSS,ISTKRAD
"POINT (13.280131382000036 52.519761110000047)","Unfall 217914 (2021) Kat:3, Licht: 0","217914","3","2","5","10","12","5","","0","1","1","0","0"
"POINT (13.399415541000053 52.498287518000041)","Unfall 217915 (2021) Kat:3, Licht: 0","217915","3","3","5","10","15","7","","0","0","1","0","0"
"POINT (13.601458974000025 52.481864280000082)","Unfall 217916 (2021) Kat:3, Licht: 0","217916","3","3","5","11","15","2","","0","0","1","0","0"
"POINT (13.356758676000027 52.553136928000072)","Unfall 217917 (2021) Kat:3, Licht: 0","217917","3","6","2","11","13","5","","0","0","0","0","0"
"POINT (13.432750180000028 52.464949054000044)","Unfall 217918 (2021) Kat:3, Licht: 2","217918","3","6","2","11","17","1","","2","0","1","0","0"
"POINT (13.344733150000025 52.462655227000027)","Unfall 217919 (2021) Kat:3, Licht: 0","217919","3","4","6","11","10","6","","0","0","0","1","0"
"POINT (13.572787139000070 52.550182033000056)","Unfall 217920 (2021) Kat:3, Licht: 2","217920","3","3","5","10","04","2","","2","0","1","0","0"
"POINT (13.452384037000058 52.512484379000057)","Unfall 217921 (2021) Kat:3, Licht: 0","217921","3","1","0","10","09","5","","0","0","0","0","1"
"POINT (13.435544675000074 52.480690313000082)","Unfall 217922 (2021) Kat:3, Licht: 0","217922","3","3","5","10","14","5","","0","1","1","0","0"
"POINT (13.505654232000040 52.509010528000033)","Unfall 217923 (2021) Kat:3, Licht: 2","217923","3","5","1","11","23","3","","2","0","1","0","0"
"POINT (13.389786249000053 52.531754065000030)","Unfall 217924 (2021) Kat:3, Licht: 0","217924","3","2","2","11","11","5","","0","0","0","0","1"
"POINT (13.378678734000061 52.574923947000059)","Unfall 217925 (2021) Kat:3, Licht: 0","217925","3","3","5","10","16","4","","0","1","1","0","0"
"POINT (13.490932229000066 52.526553991000071)","Unfall 217926 (2021) Kat:3, Licht: 0","217926","3","5","1","10","13","1","","0","1","1","0","0"
"POINT (13.370534919000022 52.526771630000042)","Unfall 217927 (2021) Kat:3, Licht: 1","217927","3","7","0","11","06","6","","1","0","1","0","0"
"POINT (13.305051264000042 52.495813889000033)","Unfall 217928 (2021) Kat:3, Licht: 2","217928","3","5","1","11","19","5","","2","1","1","0","0"
"POINT (13.227982165000071 52.537925560000076)","Unfall 217929 (2021) Kat:3, Licht: 0","217929","3","6","4","10","14","7","","0","1","0","0","0"
"POINT (13.402329386000076 52.566727514000036)","Unfall 217930 (2021) Kat:2, Licht: 0","217930","2","5","1","10","11","7","","0","1","1","0","0"
"POINT (13.571236254000041 52.401512867000065)","Unfall 217931 (2021) Kat:3, Licht: 0","217931","3","6","2","11","13","7","","0","1","1","0","0"
"POINT (13.318816323000021 52.519207846000029)","Unfall 217932 (2021) Kat:3, Licht: 0","217932","3","2","5","11","15","4","","0","1","1","0","0"
"POINT (13.457460451000031 52.561247499000046)","Unfall 217933 (2021) Kat:3, Licht: 1","217933","3","6","2","11","17","1","","1","0","1","0","0"
"POINT (13.359724137000057 52.418908380000062)","Unfall 217934 (2021) Kat:2, Licht: 0","217934","2","4","6","10","13","4","","0","1","0","1","0"
"POINT (13.343614880000075 52.458866503000081)","Unfall 217935 (2021) Kat:3, Licht: 0","217935","3","5","1","11","14","2","","0","0","1","0","1"
"POINT (13.121936611000024 52.528757712000072)","Unfall 217936 (2021) Kat:3, Licht: 1","217936","3","6","2","10","18","2","","1","0","1","0","0"
"POINT (13.431221346000029 52.484563132000062)","Unfall 217937 (2021) Kat:3, Licht: 0","217937","3","6","4","10","15","4","","0","0","1","0","0"
"POINT (13.469979862000059 52.506340136000063)","Unfall 217938 (2021) Kat:3, Licht: 0","217938","3","7","6","10","18","3","","0","1","0","1","0"
"POINT (13.347998141000062 52.502283796000029)","Unfall 217939 (2021) Kat:3, Licht: 1","217939","3","7","0","10","07","7","","1","0","1","0","0"
"POINT (13.430153490000066 52.481420117000027)","Unfall 217940 (2021) Kat:3, Licht: 0","217940","3","7","6","11","14","5","","0","0","0","1","0"
"POINT (13.604402595000067 52.452435542000046)","Unfall 217941 (2021) Kat:3, Licht: 0","217941","3","3","5","11","07","4","","0","0","1","0","0"
"POINT (13.357083402000058 52.523547141000051)","Unfall 217942 (2021) Kat:3, Licht: 0","217942","3","2","2","10","14","6","","0","0","1","0","0"
"POINT (13.232404791000022 52.437648582000065)","Unfall 217943 (2021) Kat:3, Licht: 0","217943","3","2","5","10","12","2","","0","1","1","0","0"
"POINT (13.322682162000035 52.488358967000067)","Unfall 217944 (2021) Kat:3, Licht: 2","217944","3","2","5","11","21","5","","2","0","1","0","1"
"POINT (13.339347750000059 52.461529039000027)","Unfall 217945 (2021) Kat:3, Licht: 0","217945","3","3","0","10","13","4","","0","0","1","0","1"
"POINT (13.364574933000029 52.562698616000034)","Unfall 217946 (2021) Kat:3, Licht: 2","217946","3","2","5","10","19","1","","2","0","1","0","0"
"POINT (13.384933167000042 52.532302407000032)","Unfall 217947 (2021) Kat:3, Licht: 0","217947","3","6","0","11","14","6","","0","1","0","0","0"
"POINT (13.378169239000044 52.565203935000056)","Unfall 217948 (2021) Kat:3, Licht: 0","217948","3","4","6","11","07","5","","0","0","1","1","0"
"POINT (13.578325608000057 52.566249033000076)","Unfall 217949 (2021) Kat:3, Licht: 2","217949","3","1","9","10","04","1","","2","0","1","0","0"
"POINT (13.396876260000056 52.441698198000040)","Unfall 217950 (2021) Kat:3, Licht: 0","217950","3","1","2","10","16","1","","0","0","1","0","0"
"POINT (13.521582870000032 52.501522517000069)","Unfall 217951 (2021) Kat:3, Licht: 0","217951","3","6","2","11","14","7","","0","0","1","0","0"
"POINT (13.338731324000037 52.467439245000037)","Unfall 217952 (2021) Kat:3, Licht: 0","217952","3","5","1","11","09","4","","0","1","1","0","0"
"POINT (13.516930253000055 52.535702178000065)","Unfall 217953 (2021) Kat:3, Licht: 2","217953","3","4","6","11","21","7","","2","0","1","1","0"
"POINT (13.439228141000058 52.480378881000036)","Unfall 217954 (2021) Kat:3, Licht: 0","217954","3","4","6","11","14","6","","0","0","1","1","0"
"POINT (13.293127352000056 52.534532534000050)","Unfall 217955 (2021) Kat:3, Licht: 2","217955","3","2","5","10","20","1","","2","0","1","0","0"
"POINT (13.347842393000064 52.578499338000029)","Unfall 217956 (2021) Kat:3, Licht: 0","217956","3","6","2","10","08","4","","0","0","1","0","0"
"POINT (13.430491488000030 52.464329568000039)","Unfall 217957 (2021) Kat:3, Licht: 2","217957","3","4","6","10","21","4","","2","0","1","1","0"
"POINT (13.415743169000052 52.526699107000070)","Unfall 217958 (2021) Kat:3, Licht: 0","217958","3","3","0","11","08","3","","0","1","0","0","1"
"POINT (13.493280997000056 52.544853218000071)","Unfall 217959 (2021) Kat:3, Licht: 0","217959","3","5","1","10","16","3","","0","1","0","0","0"
"POINT (13.199532272000056 52.534880080000050)","Unfall 217960 (2021) Kat:2, Licht: 0","217960","2","2","5","10","16","3","","0","1","1","0","0"
"POINT (13.312056738000024 52.506321341000046)","Unfall 217961 (2021) Kat:3, Licht: 0","217961","3","6","2","10","14","6","","0","1","1","0","0"
"POINT (13.487003890000040 52.465523812000072)","Unfall 217962 (2021) Kat:3, Licht: 0","217962","3","2","5","10","14","6","","0","1","1","0","0"
"POINT (13.573500271000057 52.546528690000059)","Unfall 217963 (2021) Kat:3, Licht: 0","217963","3","2","5","11","08","5","","0","1","1","0","0"
"POINT (13.516557860000034 52.552009683000051)","Unfall 217964 (2021) Kat:3, Licht: 0","217964","3","6","2","11","09","3","","0","0","1","0","0"
"POINT (13.413795095000069 52.542383701000063)","Unfall 217965 (2021) Kat:3, Licht: 2","217965","3","5","1","10","23","6","","2","1","1","0","0"
"POINT (13.442273649000072 52.591048493000073)","Unfall 217966 (2021) Kat:3, Licht: 0","217966","3","4","6","10","14","2","","0","0","1","1","0"
"POINT (13.399684823000030 52.493930119000026)","Unfall 217967 (2021) Kat:2, Licht: 2","217967","2","1","0","10","02","6","","2","0","0","0","1"
"POINT (13.501929262000033 52.558101311000030)","Unfall 217968 (2021) Kat:3, Licht: 0","217968","3","2","5","10","11","6","","0","0","1","0","1"
"POINT (13.366561655000055 52.563922078000076)","Unfall 217969 (2021) Kat:3, Licht: 0","217969","3","5","1","11","13","7","","0","1","1","0","0"
"POINT (13.442032537000046 52.473911512000029)","Unfall 217970 (2021) Kat:3, Licht: 0","217970","3","7","0","11","08","3","","0","1","1","0","0"
"POINT (13.435604833000070 52.542559032000042)","Unfall 217971 (2021) Kat:3, Licht: 0","217971","3","5","1","11","14","1","","0","1","1","0","0"
"POINT (13.340930948000050 52.433513779000066)","Unfall 217972 (2021) Kat:3, Licht: 2","217972","3","5","1","11","18","7","","2","0","1","0","0"
"POINT (13.337405305000061 52.462593317000028)","Unfall 217973 (2021) Kat:3, Licht: 0","217973","3","2","5","10","08","4","","0","1","1","0","0"
"POINT (13.460576989000060 52.593632089000039)","Unfall 217974 (2021) Kat:3, Licht: 0","217974","3","3","5","10","11","3","","0","0","1","0","0"
"POINT (13.336027532000060 52.514218523000068)","Unfall 217975 (2021) Kat:3, Licht: 0","217975","3","2","5","11","08","2","","0","1","1","0","0"
"POINT (13.440295218000074 52.556032073000040)","Unfall 217976 (2021) Kat:3, Licht: 2","217976","3","5","0","11","19","7","","2","1","0","0","0"
"POINT (13.191353202000073 52.532305845000053)","Unfall 217977 (2021) Kat:3, Licht: 0","217977","3","7","6","11","15","2","","0","0","0","1","0"
"POINT (13.400899731000038 52.569505298000081)","Unfall 217978 (2021) Kat:3, Licht: 0","217978","3","1","0","10","08","3","","0","0","0","0","1"
"POINT (13.311396515000069 52.593046238000056)","Unfall 217979 (2021) Kat:3, Licht: 0","217979","3","2","5","10","14","3","","0","1","1","0","0"
"POINT (13.490409815000021 52.427839279000068)","Unfall 217980 (2021) Kat:3, Licht: 0","217980","3","2","5","10","14","5","","0","0","1","0","1"
"POINT (13.529750063000051 52.569897190000063)","Unfall 217981 (2021) Kat:3, Licht: 0","217981","3","2","5","10","10","1","","0","0","1","0","1"
"POINT (13.458185235000030 52.499575464000031)","Unfall 217982 (2021) Kat:3, Licht: 1","217982","3","2","0","11","06","3","","1","0","1","0","1"
"POINT (13.343886911000027 52.435202425000057)","Unfall 217983 (2021) Kat:3, Licht: 2","217983","3","4","6","11","17","5","","2","0","1","1","0"
"POINT (13.385621267000033 52.550142947000040)","Unfall 217984 (2021) Kat:2, Licht: 2","217984","2","6","2","11","19","2","","2","0","1","0","1"
"POINT (13.457810294000069 52.529039009000030)","Unfall 217985 (2021) Kat:3, Licht: 0","217985","3","2","5","10","08","6","","0","1","1","0","0"
"POINT (13.446721737000075 52.426858064000044)","Unfall 217986 (2021) Kat:3, Licht: 2","217986","3","6","2","10","22","7","","2","0","1","0","0"
"POINT (13.408589746000075 52.524288633000026)","Unfall 217987 (2021) Kat:3, Licht: 2","217987","3","5","1","10","18","4","","2","1","1","0","0"
"POINT (13.461144246000060 52.529745255000080)","Unfall 217988 (2021) Kat:3, Licht: 1","217988","3","3","5","10","18","5","","1","1","1","0","0"
"POINT (13.430196825000053 52.588570290000064)","Unfall 217989 (2021) Kat:3, Licht: 0","217989","3","2","5","11","15","4","","0","0","1","0","0"
"POINT (13.183132003000026 52.518311039000082)","Unfall 217990 (2021) Kat:3, Licht: 0","217990","3","7","2","11","12","6","","0","0","1","0","1"
"POINT (13.267265242000065 52.536777035000057)","Unfall 217991 (2021) Kat:1, Licht: 0","217991","1","4","6","10","11","5","","0","0","0","1","0"
"POINT (13.385445449000031 52.466095987000074)","Unfall 217992 (2021) Kat:3, Licht: 2","217992","3","2","5","10","21","2","","2","0","1","0","0"
"POINT (13.473401539000065 52.523043269000027)","Unfall 217993 (2021) Kat:3, Licht: 1","217993","3","3","5","11","15","7","","1","0","1","0","1"
"POINT (13.390992065000034 52.515651293000076)","Unfall 217994 (2021) Kat:3, Licht: 2","217994","3","3","5","11","02","5","","2","0","1","0","0"
"POINT (13.418310316000031 52.516830910000067)","Unfall 217995 (2021) Kat:3, Licht: 0","217995","3","6","4","10","16","1","","0","1","0","0","0"
"POINT (13.261810255000057 52.518751958000053)","Unfall 217996 (2021) Kat:3, Licht: 0","217996","3","3","5","10","08","2","","0","0","1","0","0"
"POINT (13.376795634000075 52.477038995000044)","Unfall 217997 (2021) Kat:3, Licht: 0","217997","3","6","2","10","14","4","","0","0","1","0","0"
"POINT (13.357116282000050 52.524583277000033)","Unfall 217998 (2021) Kat:3, Licht: 0","217998","3","1","0","10","09","7","","0","0","0","0","1"
"POINT (13.413553869000054 52.547648599000070)","Unfall 217999 (2021) Kat:3, Licht: 2","217999","3","2","5","11","18","2","","2","1","1","0","0"
"POINT (13.588036379000073 52.445437811000033)","Unfall 218000 (2021) Kat:3, Licht: 2","218000","3","1","0","11","18","4","","2","1","0","0","0"
"POINT (13.198362316000043 52.542865651000056)","Unfall 218001 (2021) Kat:3, Licht: 0","218001","3","2","2","11","12","2","","0","0","1","0","0"
"POINT (13.368589201000077 52.484355372000039)","Unfall 218002 (2021) Kat:3, Licht: 1","218002","3","6","2","11","17","6","","1","0","1","0","0"
"POINT (13.424562644000048 52.475831430000028)","Unfall 218003 (2021) Kat:3, Licht: 0","218003","3","3","5","10","12","5","","0","0","1","0","1"
"POINT (13.395051668000065 52.503065217000028)","Unfall 218004 (2021) Kat:3, Licht: 0","218004","3","3","5","10","16","5","","0","1","1","0","0"
"POINT (13.313020286000040 52.480276715000059)","Unfall 218005 (2021) Kat:3, Licht: 2","218005","3","2","6","11","19","3","","2","0","1","1","0"
"POINT (13.627051468000047 52.446743465000054)","Unfall 218006 (2021) Kat:2, Licht: 0","218006","2","3","5","11","19","4","","0","1","0","0","1"
"POINT (13.624996471000031 52.446823490000043)","Unfall 218007 (2021) Kat:3, Licht: 0","218007","3","1","0","10","08","3","","0","0","1","0","1"
"POINT (13.281039685000053 52.476967574000071)","Unfall 218008 (2021) Kat:3, Licht: 0","218008","3","6","3","10","14","4","","0","0","1","0","0"
"POINT (13.403627048000033 52.525654756000051)","Unfall 218009 (2021) Kat:3, Licht: 2","218009","3","4","6","10","22","1","","2","0","1","1","0"
"POINT (13.572384466000074 52.505355500000064)","Unfall 218010 (2021) Kat:3, Licht: 0","218010","3","1","0","11","08","7","","0","0","0","0","1"
"POINT (13.289304394000055 52.506504628000073)","Unfall 218011 (2021) Kat:3, Licht: 2","218011","3","2","6","11","17","4","","2","0","1","1","0"
"POINT (13.537148085000069 52.534486795000078)","Unfall 218012 (2021) Kat:2, Licht: 0","218012","2","2","5","10","15","7","","0","0","1","0","0"
"POINT (13.227246053000044 52.549474331000056)","Unfall 218013 (2021) Kat:3, Licht: 2","218013","3","2","5","10","22","7","","2","0","1","0","0"
"POINT (13.527089845000035 52.569325544000037)","Unfall 218014 (2021) Kat:2, Licht: 2","218014","2","1","0","11","16","7","","2","0","0","0","1"
"POINT (13.339486586000021 52.563983552000082)","Unfall 218015 (2021) Kat:3, Licht: 0","218015","3","3","5","11","07","3","","0","0","1","0","0"
"POINT (13.306916647000037 52.554953322000074)","Unfall 218016 (2021) Kat:3, Licht: 0","218016","3","6","3","11","14","1","","0","0","1","0","0"
"POINT (13.473703864000072 52.536027377000039)","Unfall 218017 (2021) Kat:3, Licht: 0","218017","3","2","2","10","16","4","","0","0","0","0","1"
"POINT (13.438460930000076 52.467201787000079)","Unfall 218018 (2021) Kat:3, Licht: 2","218018","3","6","2","10","20","3","","2","1","1","0","0"
"POINT (13.313957287000051 52.576731851000034)","Unfall 218019 (2021) Kat:3, Licht: 1","218019","3","2","5","11","16","2","","1","1","1","0","0"
"POINT (13.325528333000022 52.498068090000061)","Unfall 218020 (2021) Kat:3, Licht: 0","218020","3","3","5","10","09","2","","0","1","1","0","0"
"POINT (13.409467213000028 52.528867781000031)","Unfall 218021 (2021) Kat:2, Licht: 0","218021","2","2","5","10","10","3","","0","1","0","0","0"
"POINT (13.421178755000028 52.480203487000040)","Unfall 218022 (2021) Kat:3, Licht: 1","218022","3","7","5","10","06","4","","1","0","1","1","0"
"POINT (13.533110145000023 52.433761017000052)","Unfall 218023 (2021) Kat:3, Licht: 0","218023","3","3","5","10","14","3","","0","0","1","0","0"
"POINT (13.307640461000062 52.499984570000038)","Unfall 218024 (2021) Kat:3, Licht: 0","218024","3","7","2","10","12","6","","0","0","1","0","1"
"POINT (13.308524165000051 52.444172900000069)","Unfall 218025 (2021) Kat:3, Licht: 0","218025","3","7","0","11","08","4","","0","1","0","0","0"
"POINT (13.561915779000060 52.549756136000042)","Unfall 218026 (2021) Kat:3, Licht: 0","218026","3","7","2","11","09","3","","0","0","1","0","0"
"POINT (13.438151791000053 52.482573014000081)","Unfall 218027 (2021) Kat:3, Licht: 1","218027","3","7","2","10","18","6","","1","0","1","0","0"
"POINT (13.499659427000040 52.524448507000045)","Unfall 218028 (2021) Kat:3, Licht: 0","218028","3","3","5","10","07","2","","0","0","0","0","0"
"POINT (13.456375752000042 52.530245677000039)","Unfall 218029 (2021) Kat:3, Licht: 0","218029","3","4","6","10","12","6","","0","0","1","1","0"
"POINT (13.556122613000070 52.520077078000043)","Unfall 218030 (2021) Kat:3, Licht: 0","218030","3","3","5","10","07","5","","0","0","1","0","0"
"POINT (13.370900273000075 52.409172045000048)","Unfall 218031 (2021) Kat:2, Licht: 2","218031","2","3","5","11","19","1","","2","0","1","0","0"
"POINT (13.478569000000050 52.477496102000032)","Unfall 218032 (2021) Kat:3, Licht: 2","218032","3","2","6","11","20","7","","2","0","1","1","0"
"POINT (13.294566426000074 52.427072012000053)","Unfall 218033 (2021) Kat:3, Licht: 0","218033","3","3","5","10","16","1","","0","0","1","0","0"
"POINT (13.346739710000065 52.540264202000060)","Unfall 218034 (2021) Kat:3, Licht: 0","218034","3","2","5","10","09","2","","0","0","1","0","0"
"POINT (13.395537885000067 52.555056964000073)","Unfall 218035 (2021) Kat:3, Licht: 1","218035","3","6","2","11","16","1","","1","0","1","0","0"
"POINT (13.279761786000051 52.518293718000052)","Unfall 218036 (2021) Kat:3, Licht: 2","218036","3","6","2","11","20","5","","2","0","1","0","0"
"POINT (13.479012903000068 52.458944157000076)","Unfall 218037 (2021) Kat:3, Licht: 2","218037","3","6","2","11","16","2","","2","0","1","0","0"
"POINT (13.591630988000077 52.506848482000066)","Unfall 218038 (2021) Kat:2, Licht: 0","218038","2","7","6","10","11","2","","0","0","1","1","0"
"POINT (13.338769172000070 52.543709084000056)","Unfall 218039 (2021) Kat:3, Licht: 1","218039","3","7","2","10","17","5","","1","0","0","0","1"
"POINT (13.182032551000077 52.482351901000072)","Unfall 218040 (2021) Kat:2, Licht: 0","218040","2","1","8","10","16","1","","0","1","1","0","0"
"POINT (13.400212575000069 52.580430028000080)","Unfall 218041 (2021) Kat:3, Licht: 0","218041","3","3","5","11","08","3","","0","0","1","0","1"
"POINT (13.491780889000040 52.491950102000033)","Unfall 218042 (2021) Kat:3, Licht: 0","218042","3","6","3","11","13","5","","0","0","1","0","0"
"POINT (13.398974795000072 52.539138907000051)","Unfall 218043 (2021) Kat:2, Licht: 0","218043","2","6","3","11","11","2","","0","0","1","0","1"
"POINT (13.434603457000037 52.549606930000039)","Unfall 218044 (2021) Kat:3, Licht: 0","218044","3","3","5","10","09","6","","0","1","1","0","0"
"POINT (13.485350388000029 52.531087464000052)","Unfall 218045 (2021) Kat:3, Licht: 0","218045","3","6","2","10","10","1","","0","0","1","0","1"
"POINT (13.441589658000055 52.515797850000070)","Unfall 218046 (2021) Kat:3, Licht: 0","218046","3","7","5","10","08","6","","0","0","1","0","0"
"POINT (13.525469164000071 52.481550779000031)","Unfall 218047 (2021) Kat:3, Licht: 0","218047","3","2","5","10","15","5","","0","1","1","0","0"
"POINT (13.359636834000071 52.419062535000080)","Unfall 218048 (2021) Kat:3, Licht: 2","218048","3","6","2","11","17","3","","2","1","1","0","0"
"POINT (13.359086486000024 52.534048170000062)","Unfall 218049 (2021) Kat:3, Licht: 2","218049","3","4","6","11","20","6","","2","1","0","1","0"
"POINT (13.444917397000040 52.452974643000061)","Unfall 218050 (2021) Kat:3, Licht: 0","218050","3","5","1","10","09","4","","0","1","1","0","0"
"POINT (13.394962553000028 52.528047336000043)","Unfall 218051 (2021) Kat:3, Licht: 0","218051","3","3","5","10","12","6","","0","1","1","0","0"
"POINT (13.309427721000077 52.511150156000042)","Unfall 218052 (2021) Kat:3, Licht: 2","218052","3","5","1","10","19","5","","2","1","1","0","0"
"POINT (13.382267041000034 52.489979055000049)","Unfall 218053 (2021) Kat:3, Licht: 2","218053","3","4","6","11","20","1","","2","0","1","1","0"
"POINT (13.208289836000063 52.561506325000039)","Unfall 218054 (2021) Kat:3, Licht: 2","218054","3","2","6","11","17","7","","2","0","1","1","0"
"POINT (13.412066304000064 52.531113790000063)","Unfall 218055 (2021) Kat:3, Licht: 0","218055","3","6","2","10","07","4","","0","1","0","0","0"
"POINT (13.483574623000038 52.431273378000071)","Unfall 218056 (2021) Kat:2, Licht: 1","218056","2","3","5","10","07","3","","1","1","1","0","0"
"POINT (13.430310225000028 52.528789066000058)","Unfall 218057 (2021) Kat:3, Licht: 2","218057","3","7","5","11","18","7","","2","0","1","0","0"
"POINT (13.368724940000050 52.587980554000069)","Unfall 218058 (2021) Kat:3, Licht: 0","218058","3","2","5","11","09","5","","0","1","1","0","0"
"POINT (13.302412252000067 52.506862569000077)","Unfall 218059 (2021) Kat:3, Licht: 2","218059","3","2","0","11","19","2","","2","1","1","0","0"
"POINT (13.456921954000052 52.453337928000053)","Unfall 218060 (2021) Kat:2, Licht: 0","218060","2","7","2","10","13","3","","0","0","1","0","0"
"POINT (13.258163500000023 52.520577843000069)","Unfall 218061 (2021) Kat:3, Licht: 0","218061","3","3","5","10","13","5","","0","0","1","0","0"
"POINT (13.400072792000060 52.528820238000037)","Unfall 218062 (2021) Kat:3, Licht: 2","218062","3","3","5","10","23","1","","2","1","0","0","0"
"POINT (13.427237802000036 52.475109827000040)","Unfall 218063 (2021) Kat:3, Licht: 0","218063","3","5","0","11","10","5","","0","0","1","0","0"
"POINT (13.418425566000053 52.555005406000078)","Unfall 218064 (2021) Kat:3, Licht: 0","218064","3","3","5","11","13","5","","0","0","1","0","0"
"POINT (13.325241377000054 52.502451537000070)","Unfall 218065 (2021) Kat:3, Licht: 0","218065","3","2","2","11","15","2","","0","0","1","0","1"
"POINT (13.229339174000074 52.528099618000056)","Unfall 218066 (2021) Kat:3, Licht: 1","218066","3","6","2","10","06","6","","1","0","1","0","1"
"POINT (13.205135416000076 52.555668746000038)","Unfall 218067 (2021) Kat:2, Licht: 0","218067","2","1","4","10","12","1","","0","0","1","0","0"
"POINT (13.377785644000028 52.507932200000027)","Unfall 218068 (2021) Kat:3, Licht: 2","218068","3","7","5","10","20","7","","2","0","1","0","1"
"POINT (13.408849676000045 52.524202139000067)","Unfall 218069 (2021) Kat:3, Licht: 0","218069","3","2","2","10","09","5","","0","0","1","0","1"
"POINT (13.584525324000026 52.515310707000026)","Unfall 218070 (2021) Kat:3, Licht: 1","218070","3","5","1","11","06","3","","1","0","1","0","0"
"POINT (13.272600287000046 52.536930461000054)","Unfall 218071 (2021) Kat:2, Licht: 0","218071","2","4","6","11","14","6","","0","0","1","1","0"
"POINT (13.467159492000064 52.507963803000052)","Unfall 218072 (2021) Kat:3, Licht: 0","218072","3","1","0","10","16","5","","0","1","1","0","0"
"POINT (13.299555540000028 52.519407714000067)","Unfall 218073 (2021) Kat:2, Licht: 0","218073","2","3","5","10","15","3","","0","0","1","0","0"
"POINT (13.462462079000034 52.469219732000056)","Unfall 218074 (2021) Kat:3, Licht: 0","218074","3","6","2","11","13","6","","0","0","1","0","0"
"POINT (13.344857875000059 52.489140470000052)","Unfall 218075 (2021) Kat:3, Licht: 2","218075","3","6","2","11","17","4","","2","0","1","0","0"
"POINT (13.358230080000055 52.569387179000046)","Unfall 218076 (2021) Kat:3, Licht: 0","218076","3","3","5","11","07","2","","0","1","1","0","0"
"POINT (13.451172673000030 52.535552843000062)","Unfall 218077 (2021) Kat:3, Licht: 0","218077","3","1","1","10","11","2","","0","0","1","0","0"
"POINT (13.476598253000077 52.532701940000038)","Unfall 218078 (2021) Kat:3, Licht: 0","218078","3","6","2","10","08","4","","0","0","1","0","1"
"POINT (13.252916389000063 52.425857405000045)","Unfall 218079 (2021) Kat:3, Licht: 0","218079","3","3","5","10","11","7","","0","1","1","0","0"
"POINT (13.322660578000068 52.488173962000076)","Unfall 218080 (2021) Kat:3, Licht: 0","218080","3","2","5","11","09","3","","0","1","1","0","0"
"POINT (13.375679370000057 52.485037024000064)","Unfall 218081 (2021) Kat:3, Licht: 0","218081","3","6","3","11","14","4","","0","1","1","0","0"
"POINT (13.466922369000031 52.520141266000053)","Unfall 218082 (2021) Kat:3, Licht: 0","218082","3","6","0","11","13","2","","0","1","1","0","0"
"POINT (13.321403269000029 52.560388146000037)","Unfall 218083 (2021) Kat:3, Licht: 0","218083","3","6","2","11","15","6","","0","0","1","0","0"
"POINT (13.467404591000047 52.433737193000070)","Unfall 218084 (2021) Kat:3, Licht: 0","218084","3","1","1","10","13","6","","0","0","1","0","0"
"POINT (13.478005448000033 52.555687626000065)","Unfall 218085 (2021) Kat:3, Licht: 0","218085","3","3","5","10","15","4","","0","1","1","0","0"
"POINT (13.309077914000056 52.516541540000048)","Unfall 218086 (2021) Kat:3, Licht: 1","218086","3","4","6","11","18","3","","1","0","1","1","0"
"POINT (13.283844850000037 52.582976660000043)","Unfall 218087 (2021) Kat:3, Licht: 2","218087","3","2","0","11","18","4","","2","1","1","0","0"
"POINT (13.358996680000075 52.498321569000041)","Unfall 218088 (2021) Kat:2, Licht: 0","218088","2","7","7","10","16","2","","0","1","0","0","0"
"POINT (13.307903716000055 52.488607061000039)","Unfall 218089 (2021) Kat:3, Licht: 2","218089","3","2","0","10","04","3","","2","0","0","0","1"
"POINT (13.348045104000050 52.465031895000038)","Unfall 218090 (2021) Kat:3, Licht: 0","218090","3","6","2","10","12","4","","0","0","1","0","0"
"POINT (13.452417842000045 52.471141711000030)","Unfall 218091 (2021) Kat:3, Licht: 2","218091","3","6","2","10","00","1","","2","0","1","0","0"
"POINT (13.306644799000026 52.555225142000040)","Unfall 218092 (2021) Kat:3, Licht: 1","218092","3","2","5","11","18","5","","1","1","1","0","0"
"POINT (13.319537398000023 52.471684717000073)","Unfall 218093 (2021) Kat:3, Licht: 0","218093","3","2","2","11","14","3","","0","0","1","0","0"
"POINT (13.566229308000061 52.445150947000059)","Unfall 218094 (2021) Kat:2, Licht: 0","218094","2","4","6","10","10","7","","0","0","1","1","0"
"POINT (13.539776509000035 52.539827014000082)","Unfall 218095 (2021) Kat:3, Licht: 0","218095","3","3","5","10","10","7","","0","0","1","0","0"
"POINT (13.471483953000075 52.538142060000041)","Unfall 218096 (2021) Kat:3, Licht: 0","218096","3","6","2","11","15","2","","0","0","1","0","0"
"POINT (13.452368991000071 52.481212747000029)","Unfall 218097 (2021) Kat:2, Licht: 1","218097","2","3","5","11","06","3","","1","0","1","0","0"
"POINT (13.438155035000023 52.467070351000075)","Unfall 218098 (2021) Kat:3, Licht: 2","218098","3","3","5","11","16","2","","2","1","1","0","0"
"POINT (13.434277031000022 52.463188979000051)","Unfall 218099 (2021) Kat:3, Licht: 2","218099","3","3","5","11","16","7","","2","1","1","0","0"
"POINT (13.443708022000067 52.539541039000028)","Unfall 218100 (2021) Kat:3, Licht: 0","218100","3","6","2","10","12","4","","0","1","0","0","0"