WKT,Name,OBJECTID,UKATEGORIE,UTYP1,UART,UMONAT,USTUNDE,UWOCHENTAG,STRZUSTAND,ULICHTVERH,ISTRAD,ISTPKW,ISTFUSS,ISTKRAD
"POINT (13.308330820000037 52.500213519000056)","Unfall 218101 (2021) Kat:3, Licht: 0","218101","3","6","0","10","11","3","","0","1","0","0","0"
"POINT (13.328316809000057 52.565444388000060)","Unfall 218102 (2021) Kat:3, Licht: 0","218102","3","4","6","11","09","2","","0","0","1","1","0"
"POINT (13.205353098000046 52.541778113000078)","Unfall 218103 (2021) Kat:3, Licht: 1","218103","3","3","5","10","06","4","","1","1","1","0","0"
"POINT (13.370926371000053 52.409280703000036)","Unfall 218104 (2021) Kat:3, Licht: 0","218104","3","2","5","10","11","3","","0","0","1","0","0"
"POINT (13.128695325000024 52.527293708000059)","Unfall 218105 (2021) Kat:3, Licht: 0","218105","3","6","2","10","15","6","","0","0","1","0","0"
"POINT (13.411590653000076 52.582284437000055)","Unfall 218106 (2021) Kat:3, Licht: 0","218106","3","4","6","11","08","4","","0","0","0","1","0"
"POINT (13.486235518000058 52.475226270000064)","Unfall 218107 (2021) Kat:3, Licht: 0","218107","3","2","5","11","08","6","","0","0","1","0","0"
"POINT (13.365405668000051 52.557110490000071)","Unfall 218108 (2021) Kat:3, Licht: 0","218108","3","2","5","11","14","2","","0","0","1","0","0"
"POINT (13.399953883000023 52.529565322000053)","Unfall 218109 (2021) Kat:3, Licht: 0","218109","3","7","6","10","16","6","","0","0","0","1","0"
"POINT (13.394614452000042 52.545851711000068)","Unfall 218110 (2021) Kat:3, Licht: 0","218110","3","7","0","10","16","6","","0","0","1","0","1"
"POINT (13.476251630000036 52.533100864000062)","Unfall 218111 (2021) Kat:3, Licht: 0","218111","3","6","2","10","13","6","","0","0","1","0","0"
"POINT (13.557012046000068 52.534399548000067)","Unfall 218112 (2021) Kat:3, Licht: 0","218112","3","7","5","10","15","5","","0","0","1","0","0"
"POINT (13.495518789000073 52.643807109000079)","Unfall 218113 (2021) Kat:3, Licht: 2","218113","3","5","1","11","18","7","","2","0","1","0","0"
"POINT (13.386203554000076 52.549623536000070)","Unfall 218114 (2021) Kat:3, Licht: 0","218114","3","6","2","10","10","3","","0","0","1","0","0"
"POINT (13.457371994000027 52.528700795000077)","Unfall 218115 (2021) Kat:3, Licht: 2","218115","3","6","2","11","21","1","","2","0","1","0","0"
"POINT (13.376439466000022 52.510092627000063)","Unfall 218116 (2021) Kat:3, Licht: 0","218116","3","3","5","11","10","5","","0","1","1","0","0"
"POINT (13.599876838000057 52.475155137000058)","Unfall 218117 (2021) Kat:3, Licht: 2","218117","3","2","6","11","17","2","","2","0","0","1","0"
"POINT (13.342567958000075 52.434469293000063)","Unfall 218118 (2021) Kat:2, Licht: 0","218118","2","2","5","10","17","3","","0","0","1","0","0"
"POINT (13.426697696000076 52.515723200000082)","Unfall 218119 (2021) Kat:3, Licht: 0","218119","3","3","5","10","13","5","","0","0","1","0","1"
"POINT (13.505824346000054 52.546505405000062)","Unfall 218120 (2021) Kat:3, Licht: 0","218120","3","3","5","10","16","7","","0","1","0","0","1"
"POINT (13.413999534000027 52.553628157000048)","Unfall 218121 (2021) Kat:3, Licht: 0","218121","3","6","2","11","07","3","","0","0","1","0","0"
"POINT (13.191559016000042 52.546140400000070)","Unfall 218122 (2021) Kat:3, Licht: 2","218122","3","3","5","11","18","5","","2","0","1","0","0"
"POINT (13.523390931000051 52.509524564000060)","Unfall 218123 (2021) Kat:3, Licht: 0","218123","3","2","5","11","09","2","","0","1","1","0","0"
"POINT (13.279869123000026 52.520881621000058)","Unfall 218124 (2021) Kat:3, Licht: 0","218124","3","7","0","10","10","6","","0","0","1","0","1"
"POINT (13.160226061000060 52.548578611000039)","Unfall 218125 (2021) Kat:3, Licht: 0","218125","3","4","0","10","13","5","","0","1","0","1","0"
"POINT (13.316077429000075 52.506238030000077)","Unfall 218126 (2021) Kat:3, Licht: 2","218126","3","5","1","10","19","4","","2","1","1","0","0"
"POINT (13.385330920000058 52.550315929000078)","Unfall 218127 (2021) Kat:3, Licht: 0","218127","3","6","2","11","08","4","","0","1","1","0","0"
"POINT (13.318576987000029 52.463603961000047)","Unfall 218128 (2021) Kat:3, Licht: 0","218128","3","5","1","11","13","4","","0","0","0","0","1"
"POINT (13.333708798000032 52.595571571000050)","Unfall 218129 (2021) Kat:3, Licht: 0","218129","3","6","2","10","07","4","","0","0","0","0","1"
"POINT (13.375958628000035 52.457691771000043)","Unfall 218130 (2021) Kat:3, Licht: 0","218130","3","3","5","10","08","2","","0","0","1","0","1"
"POINT (13.333066422000059 52.469293330000028)","Unfall 218131 (2021) Kat:3, Licht: 2","218131","3","6","3","11","17","6","","2","1","1","0","0"
"POINT (13.592585447000033 52.547549771000035)","Unfall 218132 (2021) Kat:2, Licht: 2","218132","2","3","5","11","16","4","","2","0","1","0","1"
"POINT (13.419615361000069 52.506153380000057)","Unfall 218133 (2021) Kat:3, Licht: 0","218133","3","3","5","10","07","1","","0","0","1","0","1"
"POINT (13.382080410000071 52.484998720000078)","Unfall 218134 (2021) Kat:2, Licht: 0","218134","2","5","5","10","11","2","","0","0","1","0","1"
"POINT (13.147682495000026 52.532755568000027)","Unfall 218135 (2021) Kat:3, Licht: 2","218135","3","1","9","10","03","5","","2","0","0","0","0"
"POINT (13.384794072000034 52.550745342000027)","Unfall 218136 (2021) Kat:3, Licht: 2","218136","3","3","5","11","16","7","","2","1","1","0","0"
"POINT (13.592328889000044 52.461857707000036)","Unfall 218137 (2021) Kat:3, Licht: 0","218137","3","5","1","11","10","4","","0","1","1","0","0"
"POINT (13.572881330000030 52.427908546000026)","Unfall 218138 (2021) Kat:3, Licht: 0","218138","3","7","0","11","11","1","","0","0","0","0","1"
"POINT (13.459045960000026 52.529294409000045)","Unfall 218139 (2021) Kat:3, Licht: 0","218139","3","2","0","11","12","6","","0","1","1","0","0"
"POINT (13.313920346000032 52.467182518000072)","Unfall 218140 (2021) Kat:3, Licht: 0","218140","3","2","6","10","08","4","","0","0","1","1","0"
"POINT (13.527086465000025 52.492145672000049)","Unfall 218141 (2021) Kat:2, Licht: 0","218141","2","2","5","11","12","3","","0","1","1","0","0"
"POINT (13.312318886000071 52.414262845000053)","Unfall 218142 (2021) Kat:3, Licht: 2","218142","3","5","1","10","20","2","","2","0","1","0","0"
"POINT (13.426694924000060 52.487436127000080)","Unfall 218143 (2021) Kat:3, Licht: 2","218143","3","7","6","10","21","3","","2","0","1","1","0"
"POINT (13.464934099000061 52.509594968000044)","Unfall 218144 (2021) Kat:3, Licht: 0","218144","3","3","5","10","11","3","","0","0","1","0","1"
"POINT (13.298504853000054 52.535103861000039)","Unfall 218145 (2021) Kat:3, Licht: 2","218145","3","3","5","10","22","6","","2","0","1","0","0"
"POINT (13.555960813000070 52.570280051000054)","Unfall 218146 (2021) Kat:3, Licht: 0","218146","3","3","5","10","16","6","","0","1","1","0","0"
"POINT (13.413155905000053 52.547682825000038)","Unfall 218147 (2021) Kat:3, Licht: 1","218147","3","2","5","11","18","5","","1","1","0","0","1"
"POINT (13.442580753000072 52.480401591000032)","Unfall 218148 (2021) Kat:3, Licht: 0","218148","3","3","5","11","09","3","","0","1","1","0","0"
"POINT (13.454594831000065 52.474559548000059)","Unfall 218149 (2021) Kat:3, Licht: 0","218149","3","2","5","10","14","7","","0","1","1","0","0"
"POINT (13.226321756000061 52.583023757000035)","Unfall 218150 (2021) Kat:2, Licht: 0","218150","2","1","9","10","08","7","","0","0","0","0","1"
"POINT (13.341580733000058 52.447365268000055)","Unfall 218151 (2021) Kat:3, Licht: 2","218151","3","3","0","12","16","1","","2","0","1","0","0"
"POINT (13.416795519000061 52.523834914000076)","Unfall 218152 (2021) Kat:2, Licht: 0","218152","2","1","0","12","08","2","","0","0","0","0","0"
"POINT (13.622182669000040 52.446558031000052)","Unfall 218153 (2021) Kat:3, Licht: 0","218153","3","3","5","12","10","6","","0","0","1","0","0"
"POINT (13.360670233000064 52.596922375000076)","Unfall 218155 (2021) Kat:3, Licht: 1","218155","3","2","6","12","07","6","","1","0","1","1","0"
"POINT (13.365343801000051 52.557105050000075)","Unfall 218157 (2021) Kat:2, Licht: 0","218157","2","2","6","12","09","7","","0","0","0","1","0"
"POINT (13.398857805000034 52.542473912000048)","Unfall 218158 (2021) Kat:3, Licht: 0","218158","3","3","5","12","11","3","","0","1","1","0","0"
"POINT (13.191934190000040 52.546245333000059)","Unfall 218160 (2021) Kat:3, Licht: 0","218160","3","6","2","12","15","2","","0","0","1","0","0"
"POINT (13.283307444000059 52.518512398000041)","Unfall 218161 (2021) Kat:2, Licht: 1","218161","2","3","5","12","15","1","","1","0","1","0","0"
"POINT (13.528068494000024 52.556878549000032)","Unfall 218162 (2021) Kat:3, Licht: 2","218162","3","2","5","12","05","4","","2","1","1","0","0"
"POINT (13.598998290000054 52.528252621000036)","Unfall 218163 (2021) Kat:3, Licht: 2","218163","3","3","5","12","16","6","","2","1","1","0","0"
"POINT (13.603435294000064 52.542434047000029)","Unfall 218165 (2021) Kat:3, Licht: 0","218165","3","7","6","12","14","6","","0","1","0","1","0"
"POINT (13.376855547000048 52.462070200000028)","Unfall 218166 (2021) Kat:3, Licht: 2","218166","3","5","1","12","17","6","","2","1","1","0","0"
"POINT (13.432553130000031 52.557718366000074)","Unfall 218167 (2021) Kat:3, Licht: 2","218167","3","3","5","12","17","5","","2","1","1","0","0"
"POINT (13.639323096000055 52.525855405000073)","Unfall 218168 (2021) Kat:3, Licht: 0","218168","3","3","5","12","13","4","","0","0","1","0","0"
"POINT (13.491735918000074 52.534179477000066)","Unfall 218170 (2021) Kat:3, Licht: 2","218170","3","2","5","11","18","3","","2","0","1","0","0"
"POINT (13.600788596000029 52.538412317000052)","Unfall 218172 (2021) Kat:3, Licht: 0","218172","3","3","5","12","10","6","","0","0","1","0","0"
"POINT (13.337672727000040 52.467077600000039)","Unfall 218173 (2021) Kat:3, Licht: 2","218173","3","6","2","12","18","5","","2","0","1","0","1"
"POINT (13.350692736000042 52.558031887000027)","Unfall 218175 (2021) Kat:3, Licht: 0","218175","3","4","6","12","14","4","","0","0","1","1","0"
"POINT (13.332723750000071 52.499246012000071)","Unfall 218176 (2021) Kat:3, Licht: 2","218176","3","5","1","12","00","3","","2","0","1","0","0"
"POINT (13.339929197000060 52.518926714000031)","Unfall 218177 (2021) Kat:3, Licht: 2","218177","3","6","2","12","18","3","","2","0","1","0","0"
"POINT (13.357703431000061 52.525950869000042)","Unfall 218180 (2021) Kat:2, Licht: 2","218180","2","4","6","12","16","7","","2","0","1","1","0"
"POINT (13.340543752000031 52.433293085000059)","Unfall 218182 (2021) Kat:2, Licht: 0","218182","2","5","1","12","15","5","","0","0","1","0","0"
"POINT (13.386210303000041 52.558507034000058)","Unfall 218184 (2021) Kat:2, Licht: 0","218184","2","6","2","12","08","2","","0","0","1","0","0"
"POINT (13.557548834000045 52.527441167000063)","Unfall 218185 (2021) Kat:3, Licht: 2","218185","3","1","0","12","22","4","","2","0","0","0","0"
"POINT (13.440135034000036 52.515491451000059)","Unfall 218186 (2021) Kat:3, Licht: 0","218186","3","1","2","12","13","7","","0","0","1","0","0"
"POINT (13.389029426000036 52.489787837000051)","Unfall 218187 (2021) Kat:3, Licht: 0","218187","3","7","5","12","08","6","","0","1","1","0","0"
"POINT (13.379282775000036 52.489644234000082)","Unfall 218191 (2021) Kat:3, Licht: 1","218191","3","2","5","12","16","4","","1","0","1","0","1"
"POINT (13.346229366000046 52.496912644000076)","Unfall 218193 (2021) Kat:3, Licht: 2","218193","3","6","2","12","22","1","","2","0","1","0","0"
"POINT (13.484048039000072 52.613406420000047)","Unfall 218194 (2021) Kat:3, Licht: 2","218194","3","5","1","12","00","3","","2","0","1","0","0"
"POINT (13.322545724000065 52.486620865000077)","Unfall 218195 (2021) Kat:3, Licht: 2","218195","3","2","6","12","19","7","","2","0","1","1","0"
"POINT (13.479758658000037 52.516213656000048)","Unfall 218196 (2021) Kat:3, Licht: 1","218196","3","2","5","11","07","2","","1","1","0","0","0"
"POINT (13.317841317000045 52.488009350000027)","Unfall 218198 (2021) Kat:3, Licht: 0","218198","3","7","5","12","12","5","","0","1","1","0","0"
"POINT (13.342478697000047 52.547344162000059)","Unfall 218200 (2021) Kat:3, Licht: 1","218200","3","7","5","12","09","4","","1","0","1","0","0"
"POINT (13.273900243000071 52.435691013000053)","Unfall 218201 (2021) Kat:1, Licht: 1","218201","1","7","6","12","08","5","","1","0","0","1","0"
"POINT (13.379749760000038 52.522614163000071)","Unfall 218202 (2021) Kat:3, Licht: 2","218202","3","2","6","12","17","2","","2","1","0","1","0"
"POINT (13.394343028000037 52.491206774000034)","Unfall 218205 (2021) Kat:3, Licht: 1","218205","3","7","6","12","15","7","","1","0","1","1","0"
"POINT (13.332763375000070 52.504043031000037)","Unfall 218207 (2021) Kat:3, Licht: 2","218207","3","6","2","12","19","6","","2","0","1","0","0"
"POINT (13.323635035000052 52.464981988000034)","Unfall 218208 (2021) Kat:3, Licht: 2","218208","3","5","1","12","18","5","","2","1","1","0","0"
"POINT (13.392860809000069 52.542440706000036)","Unfall 218209 (2021) Kat:3, Licht: 2","218209","3","6","2","12","04","5","","2","0","1","0","1"
"POINT (13.404914385000041 52.534087721000049)","Unfall 218211 (2021) Kat:3, Licht: 0","218211","3","5","1","12","14","3","","0","1","1","0","0"
"POINT (13.193446298000026 52.549058905000038)","Unfall 218212 (2021) Kat:3, Licht: 1","218212","3","3","5","12","07","4","","1","1","1","0","0"
"POINT (13.394223448000048 52.426670414000057)","Unfall 218213 (2021) Kat:3, Licht: 0","218213","3","2","5","12","11","5","","0","0","1","0","0"
"POINT (13.332626764000054 52.577369931000078)","Unfall 218214 (2021) Kat:3, Licht: 0","218214","3","6","3","12","08","5","","0","0","1","0","0"
"POINT (13.434167362000039 52.442804799000044)","Unfall 218215 (2021) Kat:3, Licht: 2","218215","3","7","5","12","16","3","","2","0","1","0","0"
"POINT (13.294440065000060 52.427013706000082)","Unfall 218217 (2021) Kat:2, Licht: 0","218217","2","3","5","12","14","6","","0","0","1","0","0"
"POINT (13.519651641000053 52.505859304000069)","Unfall 218219 (2021) Kat:3, Licht: 0","218219","3","2","5","12","14","5","","0","1","1","0","0"
"POINT (13.601362791000042 52.482580014000064)","Unfall 218220 (2021) Kat:3, Licht: 2","218220","3","3","5","12","17","5","","2","0","1","0","0"
"POINT (13.398136709000028 52.567551088000073)","Unfall 218222 (2021) Kat:2, Licht: 2","218222","2","7","2","12","06","4","","2","1","0","0","0"
"POINT (13.309276138000030 52.578727388000061)","Unfall 218223 (2021) Kat:3, Licht: 0","218223","3","3","5","12","10","5","","0","0","0","0","0"
"POINT (13.579850625000063 52.459236000000033)","Unfall 218224 (2021) Kat:3, Licht: 2","218224","3","4","6","12","18","4","","2","0","0","1","0"
"POINT (13.315485241000033 52.445892476000040)","Unfall 218225 (2021) Kat:3, Licht: 0","218225","3","7","0","12","14","2","","0","0","0","0","1"
"POINT (13.575904313000024 52.560884976000068)","Unfall 218228 (2021) Kat:3, Licht: 0","218228","3","1","2","12","10","5","","0","0","1","0","0"
"POINT (13.579853728000046 52.459242010000082)","Unfall 218230 (2021) Kat:3, Licht: 0","218230","3","4","6","12","14","4","","0","0","1","1","0"
"POINT (13.404308104000052 52.403946004000034)","Unfall 218232 (2021) Kat:2, Licht: 0","218232","2","2","6","12","10","2","","0","0","1","1","0"
"POINT (13.477864121000039 52.510189359000037)","Unfall 218233 (2021) Kat:3, Licht: 2","218233","3","3","5","11","16","3","","2","1","0","0","0"
"POINT (13.302797169000030 52.590871703000062)","Unfall 218234 (2021) Kat:3, Licht: 2","218234","3","3","5","12","21","2","","2","0","1","0","1"
"POINT (13.449743239000043 52.537001670000052)","Unfall 218235 (2021) Kat:3, Licht: 2","218235","3","6","2","12","21","6","","2","0","1","0","0"
"POINT (13.415433585000073 52.509687275000033)","Unfall 218236 (2021) Kat:3, Licht: 0","218236","3","6","2","12","13","5","","0","0","1","0","0"
"POINT (13.389376973000026 52.495963406000044)","Unfall 218239 (2021) Kat:3, Licht: 0","218239","3","2","5","12","14","3","","0","1","1","0","0"
"POINT (13.594670989000065 52.428642745000047)","Unfall 218240 (2021) Kat:3, Licht: 0","218240","3","7","0","12","12","5","","0","0","1","0","0"
"POINT (13.344486889000052 52.464931215000036)","Unfall 218242 (2021) Kat:3, Licht: 2","218242","3","3","5","12","20","1","","2","0","1","0","0"
"POINT (13.295130466000046 52.444401020000043)","Unfall 218243 (2021) Kat:3, Licht: 0","218243","3","4","6","12","09","4","","0","0","0","1","1"
"POINT (13.330272108000031 52.513132374000065)","Unfall 218244 (2021) Kat:3, Licht: 0","218244","3","2","3","12","10","1","","0","0","1","0","0"
"POINT (13.476632875000064 52.462538885000072)","Unfall 218245 (2021) Kat:3, Licht: 1","218245","3","2","6","11","16","2","","1","0","1","1","0"
"POINT (13.352517983000041 52.497902409000062)","Unfall 218247 (2021) Kat:3, Licht: 2","218247","3","7","6","12","20","7","","2","0","0","1","0"
"POINT (13.314113589000044 52.472120199000074)","Unfall 218248 (2021) Kat:3, Licht: 2","218248","3","3","5","12","19","5","","2","1","1","0","0"
"POINT (13.519358850000060 52.477135375000046)","Unfall 218250 (2021) Kat:2, Licht: 0","218250","2","4","6","12","09","4","","0","0","1","1","0"
"POINT (13.289927923000050 52.482058596000059)","Unfall 218251 (2021) Kat:3, Licht: 0","218251","3","6","2","12","11","3","","0","0","1","0","0"
"POINT (13.298577065000075 52.457649125000046)","Unfall 218252 (2021) Kat:3, Licht: 2","218252","3","3","5","12","17","3","","2","1","1","0","0"
"POINT (13.409571614000072 52.528846808000026)","Unfall 218255 (2021) Kat:2, Licht: 2","218255","2","2","5","12","21","6","","2","0","1","0","0"
"POINT (13.338428164000049 52.452584866000052)","Unfall 218257 (2021) Kat:2, Licht: 2","218257","2","1","1","12","19","6","","2","0","1","0","0"
"POINT (13.508626977000063 52.564768647000051)","Unfall 218258 (2021) Kat:3, Licht: 2","218258","3","2","6","12","17","5","","2","0","1","1","0"
"POINT (13.391141992000030 52.514549164000073)","Unfall 218259 (2021) Kat:3, Licht: 1","218259","3","7","5","12","17","4","","1","1","1","0","0"
"POINT (13.303024877000041 52.427254249000043)","Unfall 218261 (2021) Kat:3, Licht: 0","218261","3","4","6","12","11","3","","0","0","1","1","0"
"POINT (13.501804028000038 52.418080095000050)","Unfall 218262 (2021) Kat:3, Licht: 1","218262","3","2","6","12","07","4","","1","0","1","1","0"
"POINT (13.546728848000043 52.426477161000037)","Unfall 218263 (2021) Kat:3, Licht: 0","218263","3","1","2","12","15","7","","0","0","1","0","0"
"POINT (13.360918477000041 52.494439609000040)","Unfall 218264 (2021) Kat:3, Licht: 0","218264","3","2","0","12","12","2","","0","0","1","0","0"
"POINT (13.478803731000028 52.477621347000081)","Unfall 218265 (2021) Kat:3, Licht: 1","218265","3","2","2","12","16","5","","1","0","1","0","0"
"POINT (13.329891126000064 52.524539810000078)","Unfall 218267 (2021) Kat:3, Licht: 0","218267","3","5","1","12","13","4","","0","1","1","0","0"
"POINT (13.567707122000058 52.440618375000042)","Unfall 218269 (2021) Kat:3, Licht: 1","218269","3","4","6","12","15","4","","1","0","1","1","0"
"POINT (13.314282467000055 52.490333985000063)","Unfall 218271 (2021) Kat:3, Licht: 1","218271","3","2","6","12","15","2","","1","0","1","1","0"
"POINT (13.299297656000022 52.412360765000074)","Unfall 218272 (2021) Kat:2, Licht: 2","218272","2","4","6","12","17","2","","2","0","1","1","0"
"POINT (13.537462445000074 52.435216384000057)","Unfall 218273 (2021) Kat:3, Licht: 0","218273","3","6","2","11","15","3","","0","0","1","0","0"
"POINT (13.198491369000067 52.542853809000064)","Unfall 218274 (2021) Kat:3, Licht: 0","218274","3","2","5","12","14","7","","0","0","1","0","0"
"POINT (13.513177609000024 52.505240613000069)","Unfall 218277 (2021) Kat:3, Licht: 2","218277","3","3","5","12","06","3","","2","1","1","0","0"
"POINT (13.413462092000032 52.464422871000068)","Unfall 218278 (2021) Kat:3, Licht: 1","218278","3","7","5","12","15","5","","1","0","1","0","0"
"POINT (13.467877057000067 52.546477232000029)","Unfall 218279 (2021) Kat:3, Licht: 0","218279","3","2","5","12","14","3","","0","0","1","0","0"
"POINT (13.209799173000022 52.547932738000043)","Unfall 218280 (2021) Kat:3, Licht: 2","218280","3","6","3","12","17","2","","2","0","1","0","0"
"POINT (13.296183092000035 52.492491253000026)","Unfall 218283 (2021) Kat:3, Licht: 0","218283","3","6","2","12","08","5","","0","0","1","0","0"
"POINT (13.370060833000025 52.465332057000069)","Unfall 218285 (2021) Kat:3, Licht: 0","218285","3","3","1","12","09","7","","0","0","1","0","0"
"POINT (13.587403633000065 52.522624487000030)","Unfall 218286 (2021) Kat:3, Licht: 0","218286","3","2","5","12","09","4","","0","1","1","0","0"
"POINT (13.345347061000041 52.530026386000031)","Unfall 218288 (2021) Kat:2, Licht: 0","218288","2","3","5","12","14","1","","0","0","1","0","1"
"POINT (13.397285595000028 52.579726584000070)","Unfall 218289 (2021) Kat:2, Licht: 0","218289","2","7","0","12","10","4","","0","1","0","0","0"
"POINT (13.352739288000066 52.441123247000064)","Unfall 218290 (2021) Kat:3, Licht: 2","218290","3","1","8","12","01","1","","2","0","1","0","0"
"POINT (13.354820355000072 52.527420508000034)","Unfall 218291 (2021) Kat:3, Licht: 2","218291","3","6","2","12","18","6","","2","0","1","0","0"
"POINT (13.398017569000046 52.465159944000050)","Unfall 218294 (2021) Kat:3, Licht: 0","218294","3","3","0","12","12","3","","0","0","1","0","1"
"POINT (13.435186465000072 52.436060429000065)","Unfall 218295 (2021) Kat:2, Licht: 2","218295","2","1","8","12","19","5","","2","0","1","0","0"
"POINT (13.481886323000026 52.466656364000073)","Unfall 218296 (2021) Kat:3, Licht: 1","218296","3","7","0","12","15","1","","1","0","1","0","0"
"POINT (13.429700678000074 52.486365524000064)","Unfall 218297 (2021) Kat:3, Licht: 2","218297","3","5","1","12","21","3","","2","1","1","0","0"
"POINT (13.390222526000059 52.585177415000032)","Unfall 218299 (2021) Kat:2, Licht: 1","218299","2","3","5","11","17","3","","1","1","1","0","0"
"POINT (13.435493028000053 52.521778212000072)","Unfall 218301 (2021) Kat:2, Licht: 2","218301","2","2","5","12","01","1","","2","0","1","0","0"
"POINT (13.324573469000029 52.560971452000047)","Unfall 218302 (2021) Kat:3, Licht: 0","218302","3","6","3","12","13","5","","0","0","1","0","0"
"POINT (13.592729139000028 52.548447537000072)","Unfall 218304 (2021) Kat:3, Licht: 1","218304","3","4","6","12","16","3","","1","0","1","1","0"
"POINT (13.335191725000072 52.581645663000074)","Unfall 218305 (2021) Kat:3, Licht: 2","218305","3","3","5","12","18","3","","2","0","1","0","0"
"POINT (13.437668000000031 52.570870548000073)","Unfall 218306 (2021) Kat:2, Licht: 2","218306","2","4","6","12","17","2","","2","0","1","1","0"
"POINT (13.391590816000075 52.551737752000065)","Unfall 218309 (2021) Kat:3, Licht: 2","218309","3","4","6","12","16","6","","2","0","1","1","0"
"POINT (13.320774768000035 52.565871675000039)","Unfall 218311 (2021) Kat:3, Licht: 2","218311","3","6","2","12","20","5","","2","0","1","0","0"
"POINT (13.340046413000039 52.467662487000041)","Unfall 218313 (2021) Kat:3, Licht: 2","218313","3","5","1","12","17","3","","2","0","1","0","0"
"POINT (13.481381459000033 52.460809619000031)","Unfall 218314 (2021) Kat:3, Licht: 0","218314","3","3","5","12","14","5","","0","0","1","0","0"
"POINT (13.293674346000046 52.533913435000045)","Unfall 218315 (2021) Kat:2, Licht: 0","218315","2","1","9","12","14","7","","0","0","1","0","0"
"POINT (13.416877045000035 52.418231993000063)","Unfall 218316 (2021) Kat:3, Licht: 0","218316","3","2","5","12","12","2","","0","0","1","0","0"
"POINT (13.432749779000062 52.596241309000050)","Unfall 218317 (2021) Kat:3, Licht: 2","218317","3","2","5","12","18","5","","2","0","1","0","0"
"POINT (13.416708761000052 52.455186966000042)","Unfall 218319 (2021) Kat:3, Licht: 0","218319","3","2","0","12","08","5","","0","1","0","0","0"
"POINT (13.457551970000054 52.503938753000057)","Unfall 218321 (2021) Kat:3, Licht: 2","218321","3","1","2","12","17","6","","2","0","1","0","0"
"POINT (13.550770332000070 52.456226307000065)","Unfall 218322 (2021) Kat:3, Licht: 0","218322","3","5","1","12","12","4","","0","0","1","0","0"
"POINT (13.423181229000022 52.486741977000065)","Unfall 218324 (2021) Kat:3, Licht: 2","218324","3","7","6","12","17","2","","2","0","1","1","0"
"POINT (13.511891265000031 52.550777100000062)","Unfall 218325 (2021) Kat:2, Licht: 2","218325","2","1","8","12","21","1","","2","0","1","0","0"
"POINT (13.356268046000025 52.548989513000038)","Unfall 218326 (2021) Kat:3, Licht: 0","218326","3","7","6","11","13","3","","0","0","0","1","0"
"POINT (13.472638983000024 52.461149392000038)","Unfall 218327 (2021) Kat:3, Licht: 0","218327","3","2","2","12","09","6","","0","0","1","0","0"
"POINT (13.165232898000056 52.521480944000075)","Unfall 218329 (2021) Kat:3, Licht: 0","218329","3","6","6","12","15","2","","0","0","1","1","0"
"POINT (13.290285638000057 52.655845916000033)","Unfall 218330 (2021) Kat:3, Licht: 0","218330","3","3","5","12","11","6","","0","0","1","0","0"
"POINT (13.452396814000053 52.472803173000045)","Unfall 218331 (2021) Kat:3, Licht: 0","218331","3","3","5","12","12","4","","0","0","1","0","0"
"POINT (13.288964654000040 52.443750537000028)","Unfall 218333 (2021) Kat:3, Licht: 2","218333","3","1","0","11","19","2","","2","1","0","0","0"
"POINT (13.442169914000033 52.456451389000051)","Unfall 218335 (2021) Kat:3, Licht: 2","218335","3","3","5","12","22","5","","2","0","1","0","0"
"POINT (13.392101347000050 52.507794647000026)","Unfall 218336 (2021) Kat:3, Licht: 2","218336","3","3","5","12","06","6","","2","0","1","0","0"
"POINT (13.319530990000032 52.499698974000069)","Unfall 218338 (2021) Kat:3, Licht: 2","218338","3","6","3","12","17","3","","2","1","1","0","0"
"POINT (13.575526378000063 52.445505011000080)","Unfall 218339 (2021) Kat:3, Licht: 1","218339","3","3","5","12","15","3","","1","1","1","0","0"
"POINT (13.288507485000025 52.518917632000068)","Unfall 218340 (2021) Kat:2, Licht: 2","218340","2","4","6","12","17","2","","2","0","1","1","0"
"POINT (13.354536290000055 52.497182963000057)","Unfall 218343 (2021) Kat:3, Licht: 1","218343","3","1","4","12","08","6","","1","1","1","0","0"
"POINT (13.472740317000046 52.464833163000037)","Unfall 218345 (2021) Kat:3, Licht: 2","218345","3","6","2","12","16","3","","2","0","1","0","0"
"POINT (13.281180435000067 52.476869795000027)","Unfall 218347 (2021) Kat:3, Licht: 2","218347","3","2","6","11","19","2","","2","0","1","1","0"
"POINT (13.334852983000076 52.587066920000041)","Unfall 218349 (2021) Kat:3, Licht: 0","218349","3","3","5","12","14","5","","0","1","1","0","0"
"POINT (13.407849885000076 52.504272492000041)","Unfall 218350 (2021) Kat:2, Licht: 0","218350","2","4","6","12","14","5","","0","0","1","1","0"
"POINT (13.353097142000024 52.489907565000067)","Unfall 218352 (2021) Kat:2, Licht: 2","218352","2","7","0","12","22","6","","2","0","0","0","0"
"POINT (13.331300440000064 52.493160818000035)","Unfall 218353 (2021) Kat:3, Licht: 2","218353","3","6","2","12","19","4","","2","0","1","0","0"
"POINT (13.397215035000045 52.483879139000067)","Unfall 218354 (2021) Kat:2, Licht: 2","218354","2","1","0","12","18","4","","2","1","0","0","0"
"POINT (13.333064793000062 52.492881813000054)","Unfall 218355 (2021) Kat:3, Licht: 0","218355","3","1","0","12","15","3","","0","1","0","0","0"