WKT,Name,OBJECTID,UKATEGORIE,UTYP1,UART,UMONAT,USTUNDE,UWOCHENTAG,STRZUSTAND,ULICHTVERH,ISTRAD,ISTPKW,ISTFUSS,ISTKRAD
"POINT (13.541415233000066 52.534584431000042)","Unfall 218633 (2021) Kat:3, Licht: 0","218633","3","3","5","12","09","3","","0","0","1","0","0"
"POINT (13.415060864000054 52.553834267000070)","Unfall 218634 (2021) Kat:3, Licht: 0","218634","3","6","2","12","14","1","","0","0","1","0","0"
"POINT (13.409103419000076 52.501793480000060)","Unfall 218636 (2021) Kat:3, Licht: 0","218636","3","2","6","12","16","7","","0","0","1","1","0"
"POINT (13.343943315000047 52.471128849000081)","Unfall 218637 (2021) Kat:3, Licht: 1","218637","3","6","2","12","16","4","","1","0","1","0","0"
"POINT (13.320345471000053 52.486384912000062)","Unfall 218638 (2021) Kat:3, Licht: 0","218638","3","2","6","12","09","2","","0","0","1","1","0"
"POINT (13.574409991000039 52.513117609000062)","Unfall 218639 (2021) Kat:3, Licht: 0","218639","3","3","5","11","15","2","","0","1","1","0","0"
"POINT (13.450954217000060 52.538191428000061)","Unfall 218641 (2021) Kat:3, Licht: 0","218641","3","6","2","12","14","5","","0","0","1","0","0"
"POINT (13.201627525000049 52.534458848000043)","Unfall 218643 (2021) Kat:3, Licht: 0","218643","3","6","2","12","12","6","","0","0","1","0","0"
"POINT (13.400850929000057 52.386907757000074)","Unfall 218644 (2021) Kat:3, Licht: 1","218644","3","5","1","12","07","3","","1","1","1","0","0"
"POINT (13.524472218000028 52.406031154000061)","Unfall 218645 (2021) Kat:3, Licht: 0","218645","3","4","6","12","12","5","","0","0","1","1","0"
"POINT (13.361558274000060 52.500080678000074)","Unfall 218646 (2021) Kat:3, Licht: 0","218646","3","5","1","12","13","3","","0","0","1","0","0"
"POINT (13.285064159000058 52.575731952000069)","Unfall 218649 (2021) Kat:3, Licht: 0","218649","3","2","6","12","13","6","","0","0","1","1","0"
"POINT (13.467790692000051 52.546333638000078)","Unfall 218651 (2021) Kat:3, Licht: 0","218651","3","3","5","12","07","5","","0","1","1","0","0"
"POINT (13.278541214000029 52.429948055000068)","Unfall 218652 (2021) Kat:2, Licht: 0","218652","2","2","5","12","12","5","","0","1","1","0","0"
"POINT (13.327401380000026 52.575658992000058)","Unfall 218654 (2021) Kat:3, Licht: 0","218654","3","1","0","12","12","2","","0","0","1","0","1"
"POINT (13.330243907000067 52.513243436000039)","Unfall 218655 (2021) Kat:3, Licht: 2","218655","3","2","6","12","20","4","","2","0","1","1","0"
"POINT (13.329889719000050 52.510324662000073)","Unfall 218656 (2021) Kat:3, Licht: 2","218656","3","6","0","12","02","3","","2","0","1","0","0"
"POINT (13.319109847000050 52.454501459000028)","Unfall 218657 (2021) Kat:3, Licht: 1","218657","3","3","5","12","15","2","","1","0","1","0","0"
"POINT (13.302553709000051 52.488461414000028)","Unfall 218660 (2021) Kat:3, Licht: 0","218660","3","6","2","12","09","5","","0","0","1","0","0"
"POINT (13.185541957000055 52.551570004000041)","Unfall 218662 (2021) Kat:3, Licht: 0","218662","3","2","6","12","10","7","","0","0","1","1","0"
"POINT (13.348414827000056 52.542861975000051)","Unfall 218663 (2021) Kat:3, Licht: 0","218663","3","3","5","12","08","4","","0","0","1","0","0"
"POINT (13.381518930000027 52.552239681000060)","Unfall 218665 (2021) Kat:3, Licht: 2","218665","3","7","5","12","21","7","","2","0","1","0","1"
"POINT (13.292005108000069 52.454513949000045)","Unfall 218666 (2021) Kat:2, Licht: 0","218666","2","2","5","11","08","3","","0","1","0","0","0"
"POINT (13.405258313000047 52.514436389000082)","Unfall 218667 (2021) Kat:3, Licht: 2","218667","3","6","2","12","16","4","","2","0","1","0","0"
"POINT (13.421415414000023 52.480364493000081)","Unfall 218668 (2021) Kat:3, Licht: 0","218668","3","4","0","12","13","5","","0","0","1","1","0"
"POINT (13.640831540000022 52.528086980000069)","Unfall 218669 (2021) Kat:2, Licht: 2","218669","2","3","5","12","18","4","","2","0","1","0","0"
"POINT (13.449342372000046 52.474127647000046)","Unfall 218670 (2021) Kat:3, Licht: 0","218670","3","3","5","12","08","1","","0","1","0","0","0"
"POINT (13.198169830000040 52.532820765000054)","Unfall 218673 (2021) Kat:3, Licht: 1","218673","3","2","6","12","16","5","","1","0","1","1","0"
"POINT (13.435745554000050 52.452648554000064)","Unfall 218675 (2021) Kat:3, Licht: 0","218675","3","7","5","12","10","7","","0","0","1","0","0"
"POINT (13.409478197000055 52.528814934000081)","Unfall 218676 (2021) Kat:3, Licht: 1","218676","3","2","0","12","15","3","","1","0","1","0","0"
"POINT (13.266528126000026 52.430590864000067)","Unfall 218678 (2021) Kat:3, Licht: 2","218678","3","2","6","12","19","2","","2","0","1","1","0"
"POINT (13.324954774000048 52.588672099000064)","Unfall 218679 (2021) Kat:2, Licht: 1","218679","2","4","6","11","07","3","","1","0","1","1","0"
"POINT (13.297375560000035 52.510600470000043)","Unfall 218680 (2021) Kat:3, Licht: 0","218680","3","3","0","12","09","2","","0","1","0","0","0"
"POINT (13.354528649000031 52.497211212000082)","Unfall 218681 (2021) Kat:3, Licht: 1","218681","3","1","8","12","16","6","","1","0","0","0","0"
"POINT (13.408986084000048 52.535129848000054)","Unfall 218682 (2021) Kat:3, Licht: 1","218682","3","5","1","12","16","6","","1","1","1","0","0"
"POINT (13.283332872000074 52.518667346000029)","Unfall 218685 (2021) Kat:3, Licht: 1","218685","3","2","6","12","14","3","","1","0","1","1","0"
"POINT (13.180490876000022 52.552927151000063)","Unfall 218686 (2021) Kat:2, Licht: 2","218686","2","4","6","12","16","6","","2","0","1","1","0"
"POINT (13.386563893000073 52.523705932000041)","Unfall 218688 (2021) Kat:3, Licht: 2","218688","3","4","6","12","21","1","","2","0","0","1","0"
"POINT (13.521594899000036 52.525745262000044)","Unfall 218689 (2021) Kat:3, Licht: 0","218689","3","3","5","12","14","4","","0","0","1","0","0"
"POINT (13.203872433000072 52.545153987000049)","Unfall 218690 (2021) Kat:3, Licht: 2","218690","3","4","6","12","16","1","","2","0","1","1","0"
"POINT (13.380637227000022 52.482261845000039)","Unfall 218691 (2021) Kat:3, Licht: 2","218691","3","4","6","11","20","2","","2","0","0","1","0"
"POINT (13.199604632000046 52.534457388000078)","Unfall 218693 (2021) Kat:3, Licht: 2","218693","3","4","6","12","00","1","","2","0","1","1","0"
"POINT (13.376891387000057 52.517760138000028)","Unfall 218694 (2021) Kat:3, Licht: 2","218694","3","2","3","12","18","5","","2","1","1","0","0"
"POINT (13.313780392000069 52.476425564000067)","Unfall 218696 (2021) Kat:3, Licht: 0","218696","3","5","1","12","07","4","","0","1","0","0","0"
"POINT (13.395474384000067 52.528938975000074)","Unfall 218697 (2021) Kat:3, Licht: 2","218697","3","7","5","12","20","5","","2","1","1","0","0"
"POINT (13.539450308000028 52.403188087000046)","Unfall 218698 (2021) Kat:3, Licht: 2","218698","3","3","4","12","17","3","","2","0","1","0","0"
"POINT (13.648882334000064 52.401724616000081)","Unfall 218701 (2021) Kat:2, Licht: 2","218701","2","1","0","12","22","6","","2","0","1","0","0"
"POINT (13.300561072000050 52.503156018000027)","Unfall 218703 (2021) Kat:2, Licht: 2","218703","2","3","5","12","19","6","","2","1","1","0","0"
"POINT (13.399020008000036 52.539081743000054)","Unfall 218704 (2021) Kat:3, Licht: 2","218704","3","2","5","12","19","5","","2","1","1","0","0"
"POINT (13.302238163000027 52.547891849000052)","Unfall 218705 (2021) Kat:3, Licht: 0","218705","3","3","5","12","11","5","","0","1","0","0","0"
"POINT (13.623220309000033 52.534967892000054)","Unfall 218707 (2021) Kat:3, Licht: 0","218707","3","3","5","12","11","3","","0","0","1","0","0"
"POINT (13.389956135000034 52.555271807000054)","Unfall 218708 (2021) Kat:3, Licht: 2","218708","3","7","6","12","21","4","","2","0","1","1","0"
"POINT (13.498971098000027 52.568290159000071)","Unfall 218709 (2021) Kat:3, Licht: 2","218709","3","6","2","12","20","1","","2","0","1","0","0"
"POINT (13.415864796000051 52.459409960000073)","Unfall 218710 (2021) Kat:3, Licht: 0","218710","3","4","6","12","15","2","","0","0","1","1","0"
"POINT (13.199001733000046 52.534867868000049)","Unfall 218711 (2021) Kat:3, Licht: 1","218711","3","4","6","12","17","5","","1","0","1","1","0"
"POINT (13.419696043000044 52.591104706000067)","Unfall 218713 (2021) Kat:3, Licht: 0","218713","3","6","4","12","08","5","","0","0","1","0","0"
"POINT (13.429596074000074 52.481351830000051)","Unfall 218715 (2021) Kat:3, Licht: 2","218715","3","4","2","12","17","6","","2","1","1","1","0"
"POINT (13.274878525000076 52.460435865000079)","Unfall 218716 (2021) Kat:3, Licht: 1","218716","3","7","5","12","15","4","","1","0","1","0","0"
"POINT (13.587017790000061 52.523604707000061)","Unfall 218718 (2021) Kat:3, Licht: 2","218718","3","2","6","12","19","2","","2","0","1","1","0"
"POINT (13.388834965000058 52.550111194000067)","Unfall 218719 (2021) Kat:2, Licht: 2","218719","2","4","6","12","16","1","","2","0","1","1","0"
"POINT (13.520847789000072 52.568543085000044)","Unfall 218720 (2021) Kat:3, Licht: 2","218720","3","2","6","11","05","3","","2","0","1","1","0"
"POINT (13.394003200000043 52.591638177000050)","Unfall 218721 (2021) Kat:2, Licht: 0","218721","2","3","5","12","08","7","","0","1","0","0","0"
"POINT (13.262417371000026 52.548425789000078)","Unfall 218724 (2021) Kat:3, Licht: 0","218724","3","1","0","12","14","6","","0","0","0","0","1"
"POINT (13.309816637000040 52.431332635000047)","Unfall 218725 (2021) Kat:3, Licht: 1","218725","3","3","5","12","06","3","","1","0","1","0","0"
"POINT (13.428456642000071 52.519198987000038)","Unfall 218726 (2021) Kat:3, Licht: 2","218726","3","1","2","12","20","5","","2","0","1","0","0"
"POINT (13.345490354000049 52.526313124000069)","Unfall 218727 (2021) Kat:3, Licht: 0","218727","3","7","0","12","07","3","","0","0","1","0","1"
"POINT (13.314292200000068 52.507798922000063)","Unfall 218729 (2021) Kat:3, Licht: 2","218729","3","4","6","11","16","2","","2","0","1","1","0"
"POINT (13.417143731000067 52.521913166000047)","Unfall 218731 (2021) Kat:3, Licht: 2","218731","3","6","0","12","07","5","","2","0","1","0","1"
"POINT (13.379446049000023 52.556106185000033)","Unfall 218732 (2021) Kat:3, Licht: 2","218732","3","4","6","12","06","6","","2","0","1","1","0"
"POINT (13.406396474000076 52.393762727000080)","Unfall 218734 (2021) Kat:3, Licht: 2","218734","3","2","6","12","17","4","","2","0","1","1","0"
"POINT (13.587033094000049 52.549255859000027)","Unfall 218735 (2021) Kat:3, Licht: 2","218735","3","2","5","12","19","1","","2","0","1","0","0"
"POINT (13.307008556000028 52.523277915000051)","Unfall 218736 (2021) Kat:3, Licht: 0","218736","3","7","1","12","14","1","","0","0","1","0","0"
"POINT (13.464170279000029 52.566660284000079)","Unfall 218737 (2021) Kat:3, Licht: 2","218737","3","1","8","12","05","5","","2","0","0","0","1"
"POINT (13.347806924000054 52.466817602000049)","Unfall 218740 (2021) Kat:3, Licht: 0","218740","3","6","2","12","12","3","","0","0","1","0","0"
"POINT (13.337806413000067 52.558586783000067)","Unfall 218741 (2021) Kat:3, Licht: 2","218741","3","1","2","12","19","5","","2","0","1","0","0"
"POINT (13.519526764000034 52.506482108000057)","Unfall 218742 (2021) Kat:3, Licht: 2","218742","3","6","2","12","19","1","","2","0","1","0","0"
"POINT (13.339152404000060 52.597334326000066)","Unfall 218743 (2021) Kat:3, Licht: 1","218743","3","6","2","12","07","4","","1","0","1","0","0"
"POINT (13.534078275000070 52.431417556000042)","Unfall 218745 (2021) Kat:3, Licht: 0","218745","3","4","6","11","14","3","","0","0","0","1","0"
"POINT (13.401976588000025 52.492471995000074)","Unfall 218747 (2021) Kat:3, Licht: 2","218747","3","3","5","12","05","1","","2","0","1","0","0"
"POINT (13.312310136000065 52.604536892000056)","Unfall 218748 (2021) Kat:3, Licht: 2","218748","3","2","2","12","16","5","","2","0","1","0","0"
"POINT (13.582263778000026 52.442555155000036)","Unfall 218750 (2021) Kat:3, Licht: 2","218750","3","2","2","12","16","4","","2","0","1","0","0"
"POINT (13.442252323000048 52.546793926000078)","Unfall 218751 (2021) Kat:3, Licht: 2","218751","3","3","5","12","17","3","","2","1","1","0","0"
"POINT (13.577833936000047 52.456800712000074)","Unfall 218752 (2021) Kat:3, Licht: 2","218752","3","5","1","12","17","2","","2","1","1","0","0"
"POINT (13.440448661000062 52.496670395000081)","Unfall 218755 (2021) Kat:3, Licht: 0","218755","3","3","5","12","14","6","","0","0","1","0","0"
"POINT (13.519184231000054 52.531579286000067)","Unfall 218757 (2021) Kat:2, Licht: 2","218757","2","1","9","12","17","5","","2","0","0","0","1"
"POINT (13.380232330000069 52.574953199000049)","Unfall 218759 (2021) Kat:3, Licht: 1","218759","3","2","5","12","05","3","","1","0","1","0","0"
"POINT (13.460384597000029 52.508896753000045)","Unfall 218760 (2021) Kat:3, Licht: 2","218760","3","7","5","12","20","4","","2","1","1","0","0"
"POINT (13.206489572000066 52.543285669000056)","Unfall 218761 (2021) Kat:2, Licht: 2","218761","2","7","5","12","03","7","","2","0","1","0","0"
"POINT (13.358702524000023 52.553735068000037)","Unfall 218762 (2021) Kat:3, Licht: 1","218762","3","6","2","12","07","2","","1","0","1","0","0"
"POINT (13.487345059000063 52.501365975000056)","Unfall 218763 (2021) Kat:3, Licht: 2","218763","3","2","5","12","17","5","","2","0","1","0","1"
"POINT (13.581704689000048 52.441037313000038)","Unfall 218765 (2021) Kat:3, Licht: 0","218765","3","6","3","12","09","4","","0","0","1","0","0"
"POINT (13.449549358000070 52.537190596000073)","Unfall 218767 (2021) Kat:2, Licht: 2","218767","2","2","5","12","17","4","","2","0","1","0","0"
"POINT (13.314917015000049 52.430489910000063)","Unfall 218769 (2021) Kat:3, Licht: 0","218769","3","3","5","12","14","2","","0","0","1","0","0"
"POINT (13.382657487000074 52.556159553000043)","Unfall 218770 (2021) Kat:2, Licht: 2","218770","2","1","2","12","18","7","","2","0","1","0","0"
"POINT (13.503422637000028 52.509712615000069)","Unfall 218771 (2021) Kat:3, Licht: 2","218771","3","2","6","11","05","3","","2","0","1","1","0"
"POINT (13.184761969000022 52.547511786000030)","Unfall 218772 (2021) Kat:3, Licht: 2","218772","3","2","5","12","02","7","","2","0","1","0","0"
"POINT (13.421227636000026 52.509868427000072)","Unfall 218774 (2021) Kat:3, Licht: 0","218774","3","2","6","12","08","5","","0","0","1","1","0"
"POINT (13.294103941000060 52.534204448000082)","Unfall 218775 (2021) Kat:3, Licht: 0","218775","3","6","2","12","07","4","","0","0","1","0","0"
"POINT (13.336778772000059 52.555489398000077)","Unfall 218777 (2021) Kat:3, Licht: 2","218777","3","5","1","11","17","2","","2","0","1","0","0"
"POINT (13.476706961000048 52.533155754000063)","Unfall 218779 (2021) Kat:3, Licht: 2","218779","3","6","3","12","18","5","","2","0","1","0","0"
"POINT (13.436372505000065 52.483459234000065)","Unfall 218780 (2021) Kat:3, Licht: 2","218780","3","6","3","12","21","5","","2","1","0","0","0"
"POINT (13.421274909000033 52.493085864000079)","Unfall 218782 (2021) Kat:2, Licht: 0","218782","2","1","0","12","13","6","","0","1","1","0","0"
"POINT (13.328165140000067 52.564561655000034)","Unfall 218783 (2021) Kat:3, Licht: 0","218783","3","6","2","12","14","2","","0","0","1","0","0"
"POINT (13.432595729000070 52.523818372000051)","Unfall 218784 (2021) Kat:3, Licht: 2","218784","3","6","4","12","20","3","","2","1","1","0","0"
"POINT (13.405590289000031 52.485547219000068)","Unfall 218785 (2021) Kat:3, Licht: 2","218785","3","1","0","12","23","3","","2","0","0","0","1"
"POINT (13.395985433000021 52.538260092000030)","Unfall 218786 (2021) Kat:3, Licht: 2","218786","3","2","2","12","06","3","","2","0","1","0","0"
"POINT (13.316839888000061 52.501289914000040)","Unfall 218789 (2021) Kat:3, Licht: 2","218789","3","2","5","12","23","7","","2","0","1","0","0"
"POINT (13.187848823000024 52.534302588000060)","Unfall 218791 (2021) Kat:3, Licht: 0","218791","3","4","6","12","12","3","","0","0","1","1","0"
"POINT (13.329786223000042 52.466364231000057)","Unfall 218793 (2021) Kat:2, Licht: 0","218793","2","6","0","12","15","3","","0","0","1","0","0"
"POINT (13.328253356000062 52.532926042000042)","Unfall 218794 (2021) Kat:3, Licht: 1","218794","3","4","6","12","07","4","","1","0","1","1","0"
"POINT (13.162484506000055 52.521894052000050)","Unfall 218795 (2021) Kat:2, Licht: 2","218795","2","4","6","12","22","6","","2","0","1","1","0"
"POINT (13.486100799000042 52.496646950000070)","Unfall 218796 (2021) Kat:2, Licht: 2","218796","2","1","8","12","23","1","","2","0","1","0","0"
"POINT (13.282500152000068 52.590887421000048)","Unfall 218797 (2021) Kat:3, Licht: 0","218797","3","2","5","12","11","6","","0","0","1","0","0"
"POINT (13.382152844000075 52.436024290000034)","Unfall 218799 (2021) Kat:3, Licht: 2","218799","3","3","5","12","19","4","","2","0","1","0","0"
"POINT (13.579646289000038 52.567349600000057)","Unfall 218801 (2021) Kat:2, Licht: 0","218801","2","4","6","12","13","4","","0","0","1","1","0"
"POINT (13.425077673000033 52.528148200000032)","Unfall 218802 (2021) Kat:1, Licht: 0","218802","1","6","3","12","10","3","","0","1","0","0","0"
"POINT (13.157201097000041 52.533131976000050)","Unfall 218805 (2021) Kat:3, Licht: 1","218805","3","6","2","12","17","7","","1","0","1","0","0"
"POINT (13.355800242000043 52.496922428000062)","Unfall 218807 (2021) Kat:3, Licht: 0","218807","3","2","2","12","14","4","","0","0","1","0","0"
"POINT (13.137347264000027 52.525457030000041)","Unfall 218809 (2021) Kat:3, Licht: 2","218809","3","6","2","12","18","3","","2","0","1","0","0"
"POINT (13.351085147000049 52.567479696000078)","Unfall 218810 (2021) Kat:3, Licht: 2","218810","3","2","5","12","17","5","","2","0","1","0","0"
"POINT (13.381686037000065 52.552358310000045)","Unfall 218811 (2021) Kat:3, Licht: 1","218811","3","2","6","12","07","2","","1","0","1","1","0"
"POINT (13.353994326000077 52.592347718000042)","Unfall 218812 (2021) Kat:3, Licht: 0","218812","3","3","5","12","10","2","","0","0","1","0","0"
"POINT (13.125468262000027 52.453616180000040)","Unfall 218813 (2021) Kat:3, Licht: 0","218813","3","3","5","12","10","5","","0","1","1","0","0"
"POINT (13.353566699000055 52.536756917000048)","Unfall 218815 (2021) Kat:3, Licht: 2","218815","3","7","0","12","21","5","","2","0","0","0","0"
"POINT (13.321778819000031 52.433475641000030)","Unfall 218817 (2021) Kat:3, Licht: 1","218817","3","5","1","12","16","3","","1","1","1","0","0"
"POINT (13.408306309000068 52.504331618000037)","Unfall 218819 (2021) Kat:3, Licht: 2","218819","3","6","0","12","18","2","","2","0","1","0","1"
"POINT (13.406674827000074 52.554334137000069)","Unfall 218820 (2021) Kat:3, Licht: 1","218820","3","6","2","12","15","1","","1","0","1","0","0"
"POINT (13.194541043000072 52.545698842000036)","Unfall 218821 (2021) Kat:3, Licht: 2","218821","3","2","5","12","18","4","","2","0","1","0","0"
"POINT (13.453491071000030 52.429422651000039)","Unfall 218822 (2021) Kat:3, Licht: 2","218822","3","2","0","12","16","6","","2","0","1","0","0"
"POINT (13.322370211000077 52.456252634000066)","Unfall 218824 (2021) Kat:3, Licht: 2","218824","3","7","6","12","16","6","","2","0","1","1","0"
"POINT (13.358944649000023 52.546345560000077)","Unfall 218825 (2021) Kat:3, Licht: 2","218825","3","2","6","12","15","5","","2","0","1","1","0"
"POINT (13.534640844000023 52.452439458000072)","Unfall 218826 (2021) Kat:2, Licht: 0","218826","2","7","6","12","13","3","","0","1","0","1","0"
"POINT (13.355338029000052 52.452335935000065)","Unfall 218828 (2021) Kat:3, Licht: 0","218828","3","1","1","11","12","2","","0","0","1","0","0"
"POINT (13.416460908000033 52.510987838000062)","Unfall 218830 (2021) Kat:3, Licht: 2","218830","3","2","2","12","06","6","","2","0","1","0","0"
"POINT (13.472242893000043 52.508269348000056)","Unfall 218831 (2021) Kat:3, Licht: 0","218831","3","6","3","12","14","5","","0","1","1","0","0"
"POINT (13.351597994000031 52.505214823000074)","Unfall 218833 (2021) Kat:3, Licht: 0","218833","3","6","2","12","12","4","","0","0","1","0","0"
"POINT (13.324306812000032 52.461797231000048)","Unfall 218834 (2021) Kat:3, Licht: 0","218834","3","7","6","12","15","7","","0","0","1","1","0"
"POINT (13.400613282000052 52.541075290000038)","Unfall 218835 (2021) Kat:3, Licht: 2","218835","3","5","1","12","23","4","","2","1","1","0","0"
"POINT (13.194293444000039 52.535692373000074)","Unfall 218836 (2021) Kat:3, Licht: 0","218836","3","6","2","12","08","2","","0","0","1","0","1"
"POINT (13.403713897000046 52.508239978000063)","Unfall 218839 (2021) Kat:3, Licht: 0","218839","3","3","5","12","12","4","","0","1","1","0","0"
"POINT (13.315583073000028 52.443305740000028)","Unfall 218841 (2021) Kat:3, Licht: 0","218841","3","7","5","12","13","4","","0","1","0","0","0"
"POINT (13.182910283000069 52.547937709000053)","Unfall 218843 (2021) Kat:3, Licht: 0","218843","3","7","6","12","13","2","","0","0","1","1","0"
"POINT (13.261759528000027 52.510507920000066)","Unfall 218844 (2021) Kat:3, Licht: 0","218844","3","3","5","11","11","3","","0","0","1","0","0"
"POINT (13.380594757000040 52.483410587000037)","Unfall 218845 (2021) Kat:3, Licht: 0","218845","3","7","6","12","13","2","","0","0","0","1","0"
"POINT (13.326236970000025 52.538038424000035)","Unfall 218846 (2021) Kat:3, Licht: 0","218846","3","2","5","12","09","6","","0","0","1","0","0"
"POINT (13.363877243000047 52.556816246000039)","Unfall 218847 (2021) Kat:2, Licht: 2","218847","2","1","0","12","22","6","","2","0","1","0","0"
"POINT (13.574594306000051 52.555297612000061)","Unfall 218850 (2021) Kat:2, Licht: 2","218850","2","2","6","12","18","3","","2","0","1","1","0"
"POINT (13.345705324000050 52.494248531000039)","Unfall 218851 (2021) Kat:3, Licht: 2","218851","3","2","6","12","16","6","","2","0","1","1","0"
"POINT (13.384083981000060 52.495218749000060)","Unfall 218853 (2021) Kat:3, Licht: 2","218853","3","2","5","12","16","4","","2","1","1","0","0"
"POINT (13.336276955000073 52.595549355000060)","Unfall 218854 (2021) Kat:3, Licht: 2","218854","3","4","6","12","19","1","","2","0","1","1","0"
"POINT (13.418422773000032 52.536659533000034)","Unfall 218855 (2021) Kat:3, Licht: 0","218855","3","3","5","11","09","2","","0","0","1","0","0"
"POINT (13.583281131000035 52.523731926000039)","Unfall 218857 (2021) Kat:3, Licht: 0","218857","3","2","5","12","12","5","","0","0","1","0","0"
"POINT (13.401991498000029 52.523645359000056)","Unfall 218859 (2021) Kat:3, Licht: 1","218859","3","1","0","12","15","7","","1","1","0","0","0"
"POINT (13.350809345000073 52.568439763000072)","Unfall 218860 (2021) Kat:3, Licht: 0","218860","3","5","1","12","12","4","","0","0","1","0","0"
"POINT (13.334129930000074 52.557246914000075)","Unfall 218861 (2021) Kat:3, Licht: 0","218861","3","3","5","12","15","2","","0","1","1","0","0"
"POINT (13.340824033000047 52.526303054000039)","Unfall 218863 (2021) Kat:3, Licht: 2","218863","3","4","6","12","20","7","","2","0","0","1","0"
"POINT (13.418653699000060 52.568805489000056)","Unfall 218864 (2021) Kat:3, Licht: 0","218864","3","5","0","12","08","4","","0","1","1","0","0"
"POINT (13.576669415000026 52.422258149000072)","Unfall 218865 (2021) Kat:3, Licht: 2","218865","3","3","5","12","23","1","","2","0","1","0","0"
"POINT (13.278178561000061 52.518490056000076)","Unfall 218866 (2021) Kat:3, Licht: 0","218866","3","2","5","11","10","2","","0","0","1","0","0"
"POINT (13.376980005000064 52.557316600000036)","Unfall 218868 (2021) Kat:2, Licht: 2","218868","2","5","5","12","17","6","","2","0","1","0","0"
"POINT (13.456258926000032 52.520988289000059)","Unfall 218870 (2021) Kat:2, Licht: 2","218870","2","5","1","12","23","4","","2","0","1","0","0"
"POINT (13.440634956000054 52.481523217000074)","Unfall 218871 (2021) Kat:3, Licht: 1","218871","3","6","3","12","16","2","","1","0","1","0","0"
"POINT (13.592960266000034 52.518418035000082)","Unfall 218872 (2021) Kat:3, Licht: 1","218872","3","4","6","12","16","4","","1","0","1","1","0"
"POINT (13.381499422000047 52.515093110000066)","Unfall 218873 (2021) Kat:3, Licht: 0","218873","3","2","5","12","11","2","","0","1","1","0","0"
"POINT (13.350694390000058 52.532404970000073)","Unfall 218876 (2021) Kat:3, Licht: 1","218876","3","2","6","12","16","6","","1","0","1","1","0"
"POINT (13.246803826000075 52.513817831000040)","Unfall 218878 (2021) Kat:3, Licht: 0","218878","3","2","2","12","09","5","","0","0","1","0","0"
"POINT (13.472644936000052 52.461153286000069)","Unfall 218879 (2021) Kat:3, Licht: 2","218879","3","2","2","12","17","5","","2","0","1","0","0"
"POINT (13.351588853000067 52.527020460000074)","Unfall 218881 (2021) Kat:3, Licht: 2","218881","3","3","5","12","06","4","","2","1","0","0","0"
"POINT (13.380662133000044 52.532494367000027)","Unfall 218882 (2021) Kat:3, Licht: 0","218882","3","5","1","12","08","5","","0","1","1","0","0"
"POINT (13.296715892000066 52.548065854000072)","Unfall 218883 (2021) Kat:3, Licht: 0","218883","3","2","5","12","13","7","","0","0","1","0","0"
"POINT (13.302268847000050 52.457213342000045)","Unfall 218884 (2021) Kat:3, Licht: 2","218884","3","7","1","12","20","3","","2","0","1","0","0"
"POINT (13.372593073000075 52.421808411000029)","Unfall 218885 (2021) Kat:3, Licht: 2","218885","3","2","6","12","16","1","","2","0","1","1","0"
"POINT (13.529988394000043 52.538032812000040)","Unfall 218888 (2021) Kat:3, Licht: 2","218888","3","6","3","12","05","5","","2","0","1","0","0"
"POINT (13.360530009000058 52.596820900000068)","Unfall 218890 (2021) Kat:3, Licht: 0","218890","3","2","6","12","08","5","","0","0","0","1","0"
"POINT (13.502704834000042 52.470096707000039)","Unfall 218892 (2021) Kat:3, Licht: 0","218892","3","2","5","12","10","2","","0","1","1","0","0"
"POINT (13.384173179000072 52.554797858000029)","Unfall 218893 (2021) Kat:3, Licht: 2","218893","3","4","6","11","22","3","","2","0","0","1","0"
"POINT (13.350303039000039 52.414401820000080)","Unfall 218894 (2021) Kat:3, Licht: 2","218894","3","2","6","12","19","1","","2","0","1","1","0"
"POINT (13.302455104000046 52.425121676000060)","Unfall 218895 (2021) Kat:3, Licht: 2","218895","3","5","1","12","19","1","","2","0","1","0","0"
"POINT (13.198196869000071 52.533033951000050)","Unfall 218896 (2021) Kat:3, Licht: 2","218896","3","4","6","12","18","6","","2","0","1","1","0"
"POINT (13.357639431000052 52.486681661000034)","Unfall 218899 (2021) Kat:3, Licht: 0","218899","3","2","5","12","13","3","","0","1","0","0","0"
"POINT (13.391439651000042 52.550310330000059)","Unfall 218900 (2021) Kat:3, Licht: 2","218900","3","3","5","12","17","6","","2","0","1","0","0"
"POINT (13.476048563000063 52.549119761000043)","Unfall 218902 (2021) Kat:3, Licht: 1","218902","3","5","1","12","15","1","","1","1","1","0","0"
"POINT (13.391960124000036 52.509641906000070)","Unfall 218903 (2021) Kat:3, Licht: 2","218903","3","3","5","12","06","3","","2","0","1","0","0"
"POINT (13.317830069000024 52.473895835000064)","Unfall 218905 (2021) Kat:3, Licht: 0","218905","3","5","1","11","14","2","","0","1","1","0","0"
"POINT (13.431151715000055 52.484600680000028)","Unfall 218907 (2021) Kat:3, Licht: 0","218907","3","3","5","12","14","5","","0","1","1","0","0"
"POINT (13.333214360000056 52.560910559000035)","Unfall 218909 (2021) Kat:3, Licht: 1","218909","3","2","6","12","16","7","","1","0","1","1","0"
"POINT (13.225806158000069 52.555135027000063)","Unfall 218910 (2021) Kat:2, Licht: 0","218910","2","2","5","12","08","4","","0","0","1","0","0"