WKT,Name,OBJECTID,UKATEGORIE,UTYP1,UART,UMONAT,USTUNDE,UWOCHENTAG,STRZUSTAND,ULICHTVERH,ISTRAD,ISTPKW,ISTFUSS,ISTKRAD
"POINT (13.464210900000069 52.523551066000039)","Unfall 218911 (2021) Kat:3, Licht: 0","218911","3","3","5","12","10","3","","0","0","1","0","0"
"POINT (13.352774515000021 52.433344008000063)","Unfall 218912 (2021) Kat:3, Licht: 1","218912","3","6","2","12","17","7","","1","0","1","0","0"
"POINT (13.571706266000035 52.437802301000033)","Unfall 218913 (2021) Kat:3, Licht: 2","218913","3","1","0","12","20","2","","2","1","0","0","0"
"POINT (13.205449048000048 52.539509321000082)","Unfall 218916 (2021) Kat:3, Licht: 2","218916","3","3","5","12","22","6","","2","1","1","0","0"
"POINT (13.391550179000035 52.465719734000061)","Unfall 218918 (2021) Kat:3, Licht: 2","218918","3","6","2","12","17","5","","2","0","1","0","0"
"POINT (13.356641231000026 52.535665669000082)","Unfall 218920 (2021) Kat:3, Licht: 0","218920","3","3","5","12","13","2","","0","1","0","0","0"
"POINT (13.308323249000068 52.496365437000065)","Unfall 218921 (2021) Kat:3, Licht: 0","218921","3","5","1","12","09","3","","0","1","1","0","0"
"POINT (13.510531770000057 52.569081907000054)","Unfall 218922 (2021) Kat:2, Licht: 2","218922","2","4","6","12","06","4","","2","0","1","1","0"
"POINT (13.433126610000045 52.452433648000067)","Unfall 218923 (2021) Kat:3, Licht: 2","218923","3","3","5","12","00","7","","2","0","1","0","0"
"POINT (13.458417961000066 52.527586466000059)","Unfall 218924 (2021) Kat:3, Licht: 2","218924","3","6","2","12","17","2","","2","0","1","0","0"
"POINT (13.337014603000057 52.503925285000037)","Unfall 218925 (2021) Kat:3, Licht: 2","218925","3","6","2","12","21","5","","2","0","1","0","0"
"POINT (13.585688505000064 52.529120976000058)","Unfall 218927 (2021) Kat:3, Licht: 0","218927","3","7","5","12","07","4","","0","1","0","0","0"
"POINT (13.209534839000071 52.538541757000075)","Unfall 218929 (2021) Kat:2, Licht: 1","218929","2","1","1","12","07","7","","1","0","1","0","0"
"POINT (13.276248169000041 52.514613379000082)","Unfall 218930 (2021) Kat:3, Licht: 0","218930","3","5","1","12","14","4","","0","1","1","0","0"
"POINT (13.366839564000031 52.434944037000037)","Unfall 218931 (2021) Kat:3, Licht: 0","218931","3","3","5","12","12","5","","0","0","1","0","0"
"POINT (13.403788597000073 52.526032127000065)","Unfall 218932 (2021) Kat:3, Licht: 0","218932","3","3","5","12","14","3","","0","0","1","0","0"
"POINT (13.494717177000041 52.559659524000040)","Unfall 218935 (2021) Kat:3, Licht: 0","218935","3","7","5","12","12","6","","0","0","1","0","0"
"POINT (13.182439094000074 52.538422762000039)","Unfall 218937 (2021) Kat:3, Licht: 2","218937","3","2","5","12","07","5","","2","0","1","0","0"
"POINT (13.403146931000038 52.528997143000026)","Unfall 218938 (2021) Kat:3, Licht: 2","218938","3","7","5","12","19","4","","2","1","1","0","0"
"POINT (13.143696137000063 52.397568489000037)","Unfall 218940 (2021) Kat:3, Licht: 0","218940","3","3","5","12","14","2","","0","1","1","0","0"
"POINT (13.316906144000029 52.501299754000058)","Unfall 218941 (2021) Kat:3, Licht: 1","218941","3","3","5","12","16","4","","1","0","1","0","0"
"POINT (13.589104558000031 52.517544145000045)","Unfall 218942 (2021) Kat:3, Licht: 2","218942","3","2","5","12","00","3","","2","0","1","0","0"
"POINT (13.280055924000067 52.518314413000041)","Unfall 218943 (2021) Kat:3, Licht: 2","218943","3","2","5","12","15","2","","2","0","1","0","0"
"POINT (13.406656442000042 52.554062534000082)","Unfall 218946 (2021) Kat:3, Licht: 0","218946","3","6","3","12","12","5","","0","1","0","0","0"
"POINT (13.395500250000055 52.499005306000072)","Unfall 218948 (2021) Kat:3, Licht: 2","218948","3","3","5","12","23","3","","2","0","1","0","0"
"POINT (13.437916250000058 52.448373917000026)","Unfall 218950 (2021) Kat:3, Licht: 1","218950","3","4","6","12","17","7","","1","1","0","1","0"
"POINT (13.351834213000075 52.573754643000029)","Unfall 218951 (2021) Kat:3, Licht: 0","218951","3","2","5","12","10","4","","0","0","1","0","0"
"POINT (13.596045490000051 52.443767189000027)","Unfall 218952 (2021) Kat:3, Licht: 0","218952","3","6","3","12","09","6","","0","1","1","0","0"
"POINT (13.306420287000037 52.476996178000036)","Unfall 218953 (2021) Kat:3, Licht: 0","218953","3","2","2","12","11","6","","0","0","1","0","0"
"POINT (13.372135516000071 52.469779227000060)","Unfall 218956 (2021) Kat:3, Licht: 2","218956","3","2","5","12","16","6","","2","0","1","0","1"
"POINT (13.503873849000058 52.564241751000054)","Unfall 218957 (2021) Kat:2, Licht: 0","218957","2","4","6","12","14","5","","0","0","0","1","0"
"POINT (13.539520561000074 52.448962728000026)","Unfall 218958 (2021) Kat:3, Licht: 2","218958","3","7","0","12","03","1","","2","0","1","0","0"
"POINT (13.388023913000040 52.492976195000040)","Unfall 218959 (2021) Kat:3, Licht: 0","218959","3","2","6","12","14","3","","0","0","1","1","0"
"POINT (13.381404709000037 52.410790471000041)","Unfall 218961 (2021) Kat:3, Licht: 2","218961","3","6","2","11","18","3","","2","0","1","0","0"
"POINT (13.401030309000078 52.414561571000036)","Unfall 218963 (2021) Kat:3, Licht: 2","218963","3","2","5","12","18","1","","2","0","1","0","0"
"POINT (13.432788387000073 52.595821255000033)","Unfall 218964 (2021) Kat:3, Licht: 0","218964","3","2","5","12","11","6","","0","0","1","0","0"
"POINT (13.385716526000067 52.445562959000029)","Unfall 218966 (2021) Kat:3, Licht: 0","218966","3","6","3","12","18","3","","0","0","1","0","0"
"POINT (13.501587342000050 52.548964288000036)","Unfall 218967 (2021) Kat:3, Licht: 0","218967","3","2","5","12","12","4","","0","1","1","0","0"
"POINT (13.332235403000027 52.501055754000049)","Unfall 218968 (2021) Kat:3, Licht: 1","218968","3","6","3","12","16","7","","1","0","1","0","0"
"POINT (13.343435169000031 52.427861821000079)","Unfall 218969 (2021) Kat:3, Licht: 2","218969","3","6","2","12","17","3","","2","0","1","0","0"
"POINT (13.314181034000057 52.508043294000061)","Unfall 218972 (2021) Kat:3, Licht: 0","218972","3","1","0","12","12","6","","0","0","0","0","1"
"POINT (13.504855179000060 52.563396231000070)","Unfall 218974 (2021) Kat:3, Licht: 2","218974","3","4","6","12","19","5","","2","0","1","1","0"
"POINT (13.405618632000028 52.514159555000049)","Unfall 218976 (2021) Kat:3, Licht: 0","218976","3","2","5","12","15","3","","0","1","1","0","0"
"POINT (13.524586398000054 52.478285928000048)","Unfall 218977 (2021) Kat:3, Licht: 2","218977","3","6","2","12","18","4","","2","0","1","0","0"
"POINT (13.392773889000068 52.447548228000073)","Unfall 218978 (2021) Kat:3, Licht: 0","218978","3","2","2","12","14","7","","0","0","1","0","0"
"POINT (13.440011541000047 52.447854264000057)","Unfall 218979 (2021) Kat:3, Licht: 1","218979","3","7","2","12","15","2","","1","0","1","0","0"
"POINT (13.406598198000040 52.498361664000072)","Unfall 218980 (2021) Kat:3, Licht: 2","218980","3","2","5","12","00","5","","2","0","1","0","0"
"POINT (13.315357030000030 52.416479200000026)","Unfall 218982 (2021) Kat:2, Licht: 2","218982","2","3","5","12","18","4","","2","0","1","0","0"
"POINT (13.369863985000052 52.559854978000033)","Unfall 218983 (2021) Kat:3, Licht: 2","218983","3","2","6","12","17","3","","2","0","1","1","0"
"POINT (13.384515162000071 52.496535889000029)","Unfall 218985 (2021) Kat:3, Licht: 0","218985","3","6","2","12","12","2","","0","0","1","0","0"
"POINT (13.441168391000076 52.518190320000031)","Unfall 218986 (2021) Kat:3, Licht: 0","218986","3","1","0","12","08","2","","0","1","0","0","0"
"POINT (13.448002304000056 52.477498934000039)","Unfall 218987 (2021) Kat:3, Licht: 0","218987","3","7","5","11","12","3","","0","0","1","0","0"
"POINT (13.607177118000038 52.490289051000047)","Unfall 218988 (2021) Kat:3, Licht: 2","218988","3","6","3","12","00","7","","2","0","1","0","0"
"POINT (13.334792875000062 52.499412119000056)","Unfall 218990 (2021) Kat:3, Licht: 2","218990","3","6","2","12","20","5","","2","1","1","0","0"
"POINT (13.320094513000072 52.471651005000069)","Unfall 218991 (2021) Kat:3, Licht: 0","218991","3","2","5","12","11","3","","0","1","1","0","0"
"POINT (13.348027725000065 52.414836071000082)","Unfall 218993 (2021) Kat:2, Licht: 2","218993","2","4","6","11","16","2","","2","0","1","1","0"
"POINT (13.479761636000035 52.524894215000074)","Unfall 218996 (2021) Kat:3, Licht: 1","218996","3","2","2","12","18","2","","1","0","1","0","0"
"POINT (13.624464099000022 52.450510627000028)","Unfall 218997 (2021) Kat:3, Licht: 0","218997","3","3","5","12","15","2","","0","1","1","0","0"
"POINT (13.432517306000022 52.469382125000038)","Unfall 218998 (2021) Kat:3, Licht: 0","218998","3","3","5","11","08","3","","0","0","1","0","0"
"POINT (13.274310251000031 52.508069158000069)","Unfall 218999 (2021) Kat:3, Licht: 2","218999","3","1","0","12","17","6","","2","0","0","0","1"
"POINT (13.339425372000051 52.460277044000065)","Unfall 219001 (2021) Kat:3, Licht: 2","219001","3","4","6","12","18","2","","2","0","1","1","0"
"POINT (13.387305385000047 52.533614071000045)","Unfall 219002 (2021) Kat:3, Licht: 2","219002","3","6","2","12","20","4","","2","0","1","0","0"
"POINT (13.281074076000039 52.480547887000057)","Unfall 219003 (2021) Kat:3, Licht: 2","219003","3","7","0","12","16","4","","2","0","1","0","0"
"POINT (13.306619686000033 52.517492333000064)","Unfall 219005 (2021) Kat:3, Licht: 0","219005","3","2","2","11","09","2","","0","0","1","0","0"
"POINT (13.320982830000048 52.513031025000032)","Unfall 219007 (2021) Kat:2, Licht: 0","219007","2","1","0","12","13","5","","0","0","0","0","1"
"POINT (13.473629144000029 52.535783238000079)","Unfall 219008 (2021) Kat:3, Licht: 2","219008","3","2","6","12","18","5","","2","0","1","1","0"
"POINT (13.299533493000069 52.579186389000029)","Unfall 219010 (2021) Kat:3, Licht: 2","219010","3","2","6","12","23","4","","2","0","1","1","0"
"POINT (13.357970635000072 52.516968755000050)","Unfall 219011 (2021) Kat:3, Licht: 0","219011","3","6","6","12","12","7","","0","1","0","1","0"
"POINT (13.247081274000038 52.544138353000051)","Unfall 219012 (2021) Kat:3, Licht: 2","219012","3","2","5","12","05","4","","2","0","1","0","0"
"POINT (13.361694827000065 52.524087547000079)","Unfall 219013 (2021) Kat:3, Licht: 0","219013","3","6","2","12","08","2","","0","0","1","0","0"
"POINT (13.257797332000052 52.434615270000052)","Unfall 219016 (2021) Kat:3, Licht: 1","219016","3","2","5","12","15","6","","1","1","1","0","0"
"POINT (13.446270947000073 52.471085793000043)","Unfall 219018 (2021) Kat:3, Licht: 1","219018","3","7","6","12","17","3","","1","0","1","1","0"
"POINT (13.420283208000058 52.548418687000037)","Unfall 219020 (2021) Kat:3, Licht: 2","219020","3","1","0","12","19","2","","2","1","0","0","0"
"POINT (13.373517661000051 52.455526421000059)","Unfall 219021 (2021) Kat:3, Licht: 2","219021","3","5","1","12","18","4","","2","1","1","0","0"
"POINT (13.216994893000049 52.526987870000028)","Unfall 219022 (2021) Kat:3, Licht: 2","219022","3","6","3","12","17","2","","2","0","1","0","0"
"POINT (13.320674696000026 52.501873297000031)","Unfall 219023 (2021) Kat:3, Licht: 0","219023","3","7","0","12","14","2","","0","1","1","0","0"
"POINT (13.430274097000051 52.588791047000029)","Unfall 219024 (2021) Kat:2, Licht: 0","219024","2","1","2","12","12","5","","0","0","1","0","0"
"POINT (13.424861478000025 52.502025245000027)","Unfall 219026 (2021) Kat:3, Licht: 2","219026","3","3","5","12","21","5","","2","1","1","0","0"
"POINT (13.297810046000052 52.491621036000026)","Unfall 219027 (2021) Kat:3, Licht: 2","219027","3","7","5","12","07","3","","2","0","1","0","1"
"POINT (13.323141892000024 52.491093120000073)","Unfall 219029 (2021) Kat:3, Licht: 2","219029","3","2","5","12","16","2","","2","1","1","0","0"
"POINT (13.352389341000048 52.440881870000055)","Unfall 219030 (2021) Kat:3, Licht: 2","219030","3","6","2","12","17","4","","2","0","1","0","0"
"POINT (13.542740720000040 52.423870483000030)","Unfall 219031 (2021) Kat:3, Licht: 2","219031","3","4","0","12","23","7","","2","0","0","1","0"
"POINT (13.439444362000074 52.502374894000070)","Unfall 219032 (2021) Kat:3, Licht: 0","219032","3","6","2","11","14","2","","0","0","1","0","0"
"POINT (13.558278726000026 52.553991356000040)","Unfall 219033 (2021) Kat:3, Licht: 0","219033","3","3","5","12","13","6","","0","1","1","0","0"
"POINT (13.307640284000058 52.468233726000051)","Unfall 219035 (2021) Kat:3, Licht: 2","219035","3","3","5","12","16","6","","2","0","1","0","0"
"POINT (13.277804756000023 52.431924706000075)","Unfall 219036 (2021) Kat:3, Licht: 2","219036","3","2","6","12","19","4","","2","0","1","1","0"
"POINT (13.466874747000077 52.520168944000034)","Unfall 219037 (2021) Kat:3, Licht: 2","219037","3","2","5","12","21","3","","2","0","1","0","1"
"POINT (13.378603920000046 52.544780399000047)","Unfall 219039 (2021) Kat:3, Licht: 1","219039","3","2","5","12","17","7","","1","0","1","0","0"
"POINT (13.423495061000040 52.543161334000047)","Unfall 219041 (2021) Kat:3, Licht: 2","219041","3","5","1","12","19","5","","2","1","1","0","0"
"POINT (13.334034355000028 52.523548944000026)","Unfall 219042 (2021) Kat:2, Licht: 1","219042","2","4","6","12","07","5","","1","0","0","1","0"
"POINT (13.489952519000042 52.420139613000060)","Unfall 219044 (2021) Kat:3, Licht: 0","219044","3","2","6","12","10","3","","0","0","1","1","0"
"POINT (13.584013002000063 52.524209841000072)","Unfall 219045 (2021) Kat:3, Licht: 0","219045","3","4","6","12","15","5","","0","0","1","1","0"
"POINT (13.330836300000044 52.486018856000044)","Unfall 219046 (2021) Kat:2, Licht: 2","219046","2","2","6","12","20","4","","2","0","1","1","0"
"POINT (13.393525301000068 52.512336539000046)","Unfall 219047 (2021) Kat:3, Licht: 0","219047","3","7","2","12","14","1","","0","1","1","0","0"
"POINT (13.334278070000039 52.498590438000065)","Unfall 219050 (2021) Kat:3, Licht: 2","219050","3","4","6","12","16","5","","2","0","1","1","0"
"POINT (13.458734704000051 52.520480142000054)","Unfall 219052 (2021) Kat:3, Licht: 0","219052","3","3","5","12","13","5","","0","1","1","0","0"
"POINT (13.421157939000068 52.495547546000068)","Unfall 219054 (2021) Kat:3, Licht: 0","219054","3","4","6","12","10","6","","0","0","1","1","0"
"POINT (13.360532119000027 52.596805801000073)","Unfall 219055 (2021) Kat:3, Licht: 2","219055","3","2","6","12","21","5","","2","0","1","1","0"
"POINT (13.402105548000065 52.602857459000063)","Unfall 219057 (2021) Kat:3, Licht: 2","219057","3","2","5","12","18","4","","2","0","1","0","0"
"POINT (13.396239207000065 52.537957548000065)","Unfall 219058 (2021) Kat:2, Licht: 2","219058","2","6","3","12","23","4","","2","0","1","0","0"
"POINT (13.475668989000042 52.456375970000067)","Unfall 219059 (2021) Kat:3, Licht: 2","219059","3","6","2","12","18","3","","2","0","1","0","0"
"POINT (13.386403001000076 52.558648434000077)","Unfall 219062 (2021) Kat:3, Licht: 2","219062","3","2","6","12","19","7","","2","0","1","1","0"
"POINT (13.474408473000040 52.504479997000033)","Unfall 219064 (2021) Kat:3, Licht: 1","219064","3","3","5","12","16","5","","1","1","1","0","0"
"POINT (13.432943462000026 52.518064044000027)","Unfall 219066 (2021) Kat:3, Licht: 2","219066","3","2","0","12","17","2","","2","1","0","0","0"
"POINT (13.344861660000049 52.539138342000058)","Unfall 219067 (2021) Kat:3, Licht: 0","219067","3","2","6","11","07","3","","0","0","1","1","0"
"POINT (13.481389621000062 52.460808189000034)","Unfall 219068 (2021) Kat:3, Licht: 2","219068","3","2","5","12","21","1","","2","1","1","0","0"
"POINT (13.434018150000043 52.549831668000081)","Unfall 219069 (2021) Kat:3, Licht: 0","219069","3","2","6","12","08","2","","0","0","1","1","0"
"POINT (13.515927228000066 52.505701955000063)","Unfall 219070 (2021) Kat:3, Licht: 0","219070","3","3","5","12","14","5","","0","0","1","0","0"
"POINT (13.526856067000040 52.532162228000061)","Unfall 219072 (2021) Kat:2, Licht: 0","219072","2","1","4","12","09","5","","0","0","1","0","0"
"POINT (13.342309349000061 52.450524581000082)","Unfall 219074 (2021) Kat:3, Licht: 2","219074","3","2","5","12","18","3","","2","0","1","0","0"
"POINT (13.320213272000046 52.483663919000037)","Unfall 219075 (2021) Kat:3, Licht: 1","219075","3","2","5","12","16","7","","1","0","1","0","0"
"POINT (13.574943314000052 52.466907594000077)","Unfall 219077 (2021) Kat:3, Licht: 2","219077","3","5","1","12","23","1","","2","0","1","0","0"
"POINT (13.361396631000048 52.500126958000067)","Unfall 219078 (2021) Kat:3, Licht: 2","219078","3","5","1","12","17","3","","2","1","1","0","0"
"POINT (13.597639533000063 52.502563896000026)","Unfall 219079 (2021) Kat:3, Licht: 0","219079","3","6","2","12","11","2","","0","0","1","0","0"
"POINT (13.455745686000057 52.530890702000079)","Unfall 219080 (2021) Kat:2, Licht: 1","219080","2","1","2","11","17","2","","1","0","1","0","0"
"POINT (13.356077778000042 52.555327977000047)","Unfall 219082 (2021) Kat:2, Licht: 1","219082","2","4","6","12","16","6","","1","0","1","1","0"
"POINT (13.312766050000050 52.480455240000026)","Unfall 219084 (2021) Kat:3, Licht: 1","219084","3","2","5","12","15","7","","1","0","1","0","0"
"POINT (13.483737162000068 52.566152396000064)","Unfall 219085 (2021) Kat:3, Licht: 2","219085","3","1","0","12","19","6","","2","0","0","0","1"
"POINT (13.357708866000053 52.501155140000037)","Unfall 219086 (2021) Kat:3, Licht: 0","219086","3","6","2","12","14","7","","0","1","1","0","0"
"POINT (13.490360221000060 52.427942089000055)","Unfall 219087 (2021) Kat:3, Licht: 1","219087","3","3","5","12","17","4","","1","0","1","0","0"
"POINT (13.363498744000026 52.478287988000034)","Unfall 219088 (2021) Kat:3, Licht: 0","219088","3","6","2","12","13","3","","0","1","1","0","0"
"POINT (13.440650239000036 52.517152702000033)","Unfall 219091 (2021) Kat:3, Licht: 2","219091","3","2","2","12","22","7","","2","0","1","0","0"
"POINT (13.407768297000075 52.488896408000073)","Unfall 219093 (2021) Kat:3, Licht: 1","219093","3","2","5","12","07","5","","1","1","1","0","0"
"POINT (13.384280378000028 52.495818699000040)","Unfall 219094 (2021) Kat:3, Licht: 0","219094","3","5","1","12","14","5","","0","1","1","0","0"
"POINT (13.354984383000044 52.428523193000046)","Unfall 219096 (2021) Kat:3, Licht: 1","219096","3","6","2","12","16","2","","1","0","1","0","0"
"POINT (13.464404414000057 52.509915593000073)","Unfall 219097 (2021) Kat:3, Licht: 2","219097","3","3","5","12","19","4","","2","1","1","0","0"
"POINT (13.350743016000024 52.511663139000063)","Unfall 219098 (2021) Kat:3, Licht: 1","219098","3","6","2","12","16","3","","1","0","1","0","0"
"POINT (13.422218217000022 52.500488616000041)","Unfall 219099 (2021) Kat:2, Licht: 2","219099","2","4","6","12","05","2","","2","0","1","1","0"
"POINT (13.337777827000025 52.525187000000074)","Unfall 219102 (2021) Kat:3, Licht: 0","219102","3","3","5","12","14","5","","0","0","0","0","0"
"POINT (13.195956223000053 52.536955672000033)","Unfall 219104 (2021) Kat:3, Licht: 0","219104","3","6","2","12","11","7","","0","0","1","0","0"
"POINT (13.341330302000074 52.505193159000044)","Unfall 219105 (2021) Kat:3, Licht: 0","219105","3","2","5","12","12","4","","0","1","1","0","0"
"POINT (13.270280793000040 52.510781637000036)","Unfall 219107 (2021) Kat:3, Licht: 0","219107","3","7","6","12","14","2","","0","0","1","1","0"
"POINT (13.297507670000073 52.534581419000062)","Unfall 219108 (2021) Kat:2, Licht: 2","219108","2","2","5","12","18","4","","2","0","1","0","0"
"POINT (13.574060776000067 52.456861236000066)","Unfall 219109 (2021) Kat:3, Licht: 0","219109","3","4","6","12","13","7","","0","0","1","1","0"
"POINT (13.436490479000042 52.548465012000065)","Unfall 219110 (2021) Kat:3, Licht: 1","219110","3","2","5","12","16","6","","1","1","1","0","0"
"POINT (13.355926792000048 52.598193777000063)","Unfall 219111 (2021) Kat:3, Licht: 2","219111","3","4","0","12","17","6","","2","0","0","1","0"
"POINT (13.332230143000061 52.545857811000076)","Unfall 219114 (2021) Kat:3, Licht: 2","219114","3","1","8","12","20","5","","2","0","1","0","0"
"POINT (13.415308006000032 52.604996122000045)","Unfall 219115 (2021) Kat:2, Licht: 0","219115","2","7","0","12","12","1","","0","0","1","0","0"
"POINT (13.546137788000067 52.505243279000069)","Unfall 219116 (2021) Kat:3, Licht: 0","219116","3","7","2","12","10","3","","0","0","0","0","0"
"POINT (13.509367621000024 52.534955114000070)","Unfall 219118 (2021) Kat:2, Licht: 2","219118","2","6","3","11","07","3","","2","0","0","0","1"
"POINT (13.350346743000046 52.532390771000053)","Unfall 219120 (2021) Kat:3, Licht: 0","219120","3","4","6","12","09","1","","0","0","0","1","0"
"POINT (13.483289628000023 52.500476834000040)","Unfall 219121 (2021) Kat:3, Licht: 2","219121","3","7","6","12","16","2","","2","1","0","1","0"
"POINT (13.471001993000073 52.523089820000052)","Unfall 219122 (2021) Kat:3, Licht: 0","219122","3","7","5","11","09","3","","0","0","1","0","0"
"POINT (13.385387570000034 52.557349827000053)","Unfall 219123 (2021) Kat:3, Licht: 2","219123","3","6","2","12","22","7","","2","0","1","0","0"
"POINT (13.404493747000060 52.495162940000057)","Unfall 219124 (2021) Kat:3, Licht: 2","219124","3","3","5","12","01","7","","2","0","1","0","0"
"POINT (13.478275890000077 52.530979380000076)","Unfall 219125 (2021) Kat:3, Licht: 2","219125","3","2","6","12","18","6","","2","0","1","1","0"
"POINT (13.387204313000041 52.526531755000065)","Unfall 219128 (2021) Kat:3, Licht: 0","219128","3","6","2","12","14","6","","0","1","1","0","0"
"POINT (13.485934639000050 52.520932298000048)","Unfall 219129 (2021) Kat:3, Licht: 2","219129","3","4","6","12","16","2","","2","0","1","1","0"
"POINT (13.496147297000050 52.500216731000080)","Unfall 219130 (2021) Kat:2, Licht: 1","219130","2","2","2","12","08","6","","1","1","0","0","0"
"POINT (13.480935510000052 52.438153432000036)","Unfall 219132 (2021) Kat:3, Licht: 2","219132","3","3","5","12","19","4","","2","0","1","0","0"
"POINT (13.511477432000049 52.504336514000045)","Unfall 219133 (2021) Kat:3, Licht: 2","219133","3","2","5","12","18","1","","2","0","1","0","0"
"POINT (13.397684433000052 52.515368610000053)","Unfall 219134 (2021) Kat:3, Licht: 1","219134","3","6","2","11","19","2","","1","0","1","0","0"
"POINT (13.294633662000024 52.576125261000072)","Unfall 219136 (2021) Kat:3, Licht: 0","219136","3","2","6","12","11","7","","0","0","1","1","0"
"POINT (13.266765387000078 52.412118218000046)","Unfall 219137 (2021) Kat:3, Licht: 0","219137","3","4","6","12","14","5","","0","0","1","1","0"
"POINT (13.472583491000023 52.454406775000052)","Unfall 219139 (2021) Kat:3, Licht: 0","219139","3","6","2","12","14","2","","0","0","1","0","0"
"POINT (13.382400171000029 52.504367798000033)","Unfall 219140 (2021) Kat:3, Licht: 0","219140","3","2","6","12","09","4","","0","0","1","1","0"
"POINT (13.471063759000060 52.466066339000065)","Unfall 219141 (2021) Kat:3, Licht: 2","219141","3","2","5","12","06","2","","2","0","1","0","0"
"POINT (13.477755859000069 52.530796981000037)","Unfall 219142 (2021) Kat:3, Licht: 1","219142","3","7","5","12","08","5","","1","0","1","0","0"
"POINT (13.411771510000051 52.523966018000067)","Unfall 219143 (2021) Kat:3, Licht: 2","219143","3","2","5","12","19","3","","2","0","1","0","0"
"POINT (13.561953620000054 52.566522267000039)","Unfall 219146 (2021) Kat:3, Licht: 0","219146","3","3","5","12","08","6","","0","0","1","0","0"
"POINT (13.387617798000065 52.533376312000030)","Unfall 219148 (2021) Kat:3, Licht: 0","219148","3","2","0","12","15","5","","0","1","0","0","0"
"POINT (13.486410025000055 52.459626708000030)","Unfall 219149 (2021) Kat:3, Licht: 1","219149","3","5","1","12","07","5","","1","0","1","0","0"
"POINT (13.545590482000023 52.436999863000040)","Unfall 219151 (2021) Kat:3, Licht: 2","219151","3","6","2","12","18","2","","2","1","1","0","0"
"POINT (13.448187806000021 52.477624151000043)","Unfall 219152 (2021) Kat:2, Licht: 2","219152","2","2","6","12","07","4","","2","0","1","1","0"
"POINT (13.390346940000029 52.507758371000079)","Unfall 219153 (2021) Kat:2, Licht: 2","219153","2","3","5","12","22","3","","2","0","1","0","1"
"POINT (13.248978904000069 52.419097309000051)","Unfall 219154 (2021) Kat:2, Licht: 0","219154","2","6","2","12","11","2","","0","0","1","0","0"
"POINT (13.268437146000053 52.430705854000053)","Unfall 219157 (2021) Kat:3, Licht: 2","219157","3","6","1","12","23","5","","2","0","1","0","0"
"POINT (13.349773410000068 52.503186615000061)","Unfall 219159 (2021) Kat:3, Licht: 0","219159","3","1","2","12","15","3","","0","0","1","0","0"
"POINT (13.428706566000074 52.493946079000068)","Unfall 219161 (2021) Kat:3, Licht: 2","219161","3","4","6","12","16","2","","2","0","1","1","0"
"POINT (13.551625701000034 52.554306201000031)","Unfall 219162 (2021) Kat:3, Licht: 2","219162","3","2","6","12","05","2","","2","0","1","1","0"
"POINT (13.334689274000027 52.417265464000081)","Unfall 219163 (2021) Kat:3, Licht: 0","219163","3","3","5","11","15","3","","0","1","1","0","0"
"POINT (13.344168999000033 52.613669097000070)","Unfall 219164 (2021) Kat:3, Licht: 0","219164","3","7","0","12","13","7","","0","0","1","0","0"
"POINT (13.448155088000021 52.464729472000045)","Unfall 219166 (2021) Kat:3, Licht: 2","219166","3","6","3","12","00","3","","2","0","1","0","0"
"POINT (13.530168402000072 52.494322627000031)","Unfall 219167 (2021) Kat:3, Licht: 0","219167","3","5","1","12","12","5","","0","1","1","0","0"
"POINT (13.417800631000034 52.498855184000035)","Unfall 219168 (2021) Kat:3, Licht: 0","219168","3","6","2","12","11","1","","0","0","1","0","0"
"POINT (13.486548804000051 52.552033599000026)","Unfall 219169 (2021) Kat:3, Licht: 1","219169","3","3","5","12","16","2","","1","1","1","0","0"
"POINT (13.441657599000052 52.469646728000043)","Unfall 219170 (2021) Kat:3, Licht: 0","219170","3","2","6","12","11","3","","0","0","1","1","0"
"POINT (13.345253405000051 52.539184648000059)","Unfall 219172 (2021) Kat:2, Licht: 2","219172","2","2","6","11","20","3","","2","0","0","1","0"
"POINT (13.378131841000027 52.541784286000052)","Unfall 219174 (2021) Kat:3, Licht: 2","219174","3","6","2","12","16","1","","2","0","1","0","0"
"POINT (13.479488421000042 52.555888252000045)","Unfall 219175 (2021) Kat:2, Licht: 0","219175","2","4","6","12","14","5","","0","1","0","1","0"
"POINT (13.322256920000029 52.456553452000037)","Unfall 219177 (2021) Kat:3, Licht: 0","219177","3","6","2","12","14","6","","0","0","1","0","0"
"POINT (13.538519822000069 52.420134618000077)","Unfall 219178 (2021) Kat:3, Licht: 2","219178","3","4","6","12","17","3","","2","0","1","1","0"
"POINT (13.588891008000076 52.455518234000067)","Unfall 219179 (2021) Kat:3, Licht: 1","219179","3","1","1","12","08","4","","1","0","1","0","0"
"POINT (13.200532941000063 52.536654964000036)","Unfall 219180 (2021) Kat:3, Licht: 2","219180","3","1","0","12","16","3","","2","1","0","0","0"
"POINT (13.425710038000034 52.478784298000051)","Unfall 219183 (2021) Kat:3, Licht: 2","219183","3","1","2","12","17","7","","2","0","1","0","0"
"POINT (13.436642190000043 52.423670629000071)","Unfall 219185 (2021) Kat:3, Licht: 2","219185","3","2","5","12","18","6","","2","0","1","0","1"