WKT,Name,OBJECTID,UKATEGORIE,UTYP1,UART,UMONAT,USTUNDE,UWOCHENTAG,STRZUSTAND,ULICHTVERH,ISTRAD,ISTPKW,ISTFUSS,ISTKRAD
"POINT (13.351692934000027 52.433552843000029)","Unfall 219186 (2021) Kat:3, Licht: 2","219186","3","6","2","12","07","4","","2","0","1","0","0"
"POINT (13.328541512000072 52.464907924000045)","Unfall 219188 (2021) Kat:3, Licht: 2","219188","3","2","5","12","18","3","","2","1","1","0","0"
"POINT (13.444034632000069 52.533839027000056)","Unfall 219189 (2021) Kat:2, Licht: 2","219189","2","3","5","12","17","5","","2","1","1","0","0"
"POINT (13.408721255000046 52.526392863000069)","Unfall 219190 (2021) Kat:3, Licht: 0","219190","3","5","1","12","12","6","","0","1","1","0","0"
"POINT (13.339968555000041 52.588167692000070)","Unfall 219192 (2021) Kat:3, Licht: 2","219192","3","3","5","12","21","2","","2","0","1","0","0"
"POINT (13.179228292000062 52.548642030000053)","Unfall 219193 (2021) Kat:3, Licht: 2","219193","3","2","5","12","18","4","","2","1","1","0","0"
"POINT (13.241117976000055 52.432009976000074)","Unfall 219194 (2021) Kat:2, Licht: 0","219194","2","5","1","12","09","3","","0","0","1","0","0"
"POINT (13.333385795000027 52.485980389000076)","Unfall 219195 (2021) Kat:3, Licht: 2","219195","3","4","6","12","17","2","","2","0","1","1","0"
"POINT (13.330423630000041 52.523853353000050)","Unfall 219198 (2021) Kat:3, Licht: 0","219198","3","6","2","12","08","6","","0","0","1","0","0"
"POINT (13.194517939000036 52.533704241000066)","Unfall 219200 (2021) Kat:3, Licht: 0","219200","3","2","5","12","11","6","","0","0","1","0","0"
"POINT (13.194772949000026 52.534307072000047)","Unfall 219201 (2021) Kat:3, Licht: 0","219201","3","3","0","12","10","5","","0","0","1","0","1"
"POINT (13.430923353000026 52.497776115000079)","Unfall 219203 (2021) Kat:3, Licht: 0","219203","3","6","3","12","13","3","","0","0","1","0","0"
"POINT (13.321962376000045 52.575884284000040)","Unfall 219204 (2021) Kat:3, Licht: 0","219204","3","3","5","12","14","5","","0","0","1","0","0"
"POINT (13.358293091000064 52.605260732000033)","Unfall 219205 (2021) Kat:3, Licht: 1","219205","3","7","0","12","15","2","","1","0","1","0","0"
"POINT (13.598232970000026 52.528399606000050)","Unfall 219206 (2021) Kat:2, Licht: 2","219206","2","4","6","12","16","2","","2","0","1","1","0"
"POINT (13.455789967000044 52.430348873000071)","Unfall 219207 (2021) Kat:3, Licht: 2","219207","3","2","5","12","18","5","","2","0","1","0","0"
"POINT (13.497152804000052 52.507902641000044)","Unfall 219209 (2021) Kat:3, Licht: 0","219209","3","3","5","12","13","5","","0","0","1","0","0"
"POINT (13.431483629000070 52.467218992000028)","Unfall 219211 (2021) Kat:3, Licht: 2","219211","3","6","2","12","19","4","","2","0","1","0","0"
"POINT (13.438496704000045 52.552434700000049)","Unfall 219213 (2021) Kat:3, Licht: 2","219213","3","4","6","12","18","2","","2","0","1","1","0"
"POINT (13.376699574000043 52.508274794000044)","Unfall 219214 (2021) Kat:3, Licht: 0","219214","3","5","0","12","09","2","","0","1","1","0","0"
"POINT (13.550579650000032 52.429043843000045)","Unfall 219215 (2021) Kat:2, Licht: 0","219215","2","2","6","12","11","2","","0","0","1","1","0"
"POINT (13.349262395000039 52.515063345000044)","Unfall 219216 (2021) Kat:3, Licht: 2","219216","3","6","0","11","18","3","","2","0","1","0","1"
"POINT (13.332665851000058 52.506325498000081)","Unfall 219217 (2021) Kat:3, Licht: 2","219217","3","4","6","12","17","7","","2","0","0","1","0"
"POINT (13.343662413000061 52.471216310000045)","Unfall 219219 (2021) Kat:3, Licht: 2","219219","3","2","5","12","17","2","","2","0","1","0","1"
"POINT (13.461944800000026 52.454467996000062)","Unfall 219220 (2021) Kat:2, Licht: 2","219220","2","1","8","12","21","4","","2","0","1","0","0"
"POINT (13.307913085000052 52.488452784000060)","Unfall 219221 (2021) Kat:3, Licht: 1","219221","3","2","5","12","18","4","","1","1","1","0","0"
"POINT (13.241165912000042 52.438495465000074)","Unfall 219223 (2021) Kat:3, Licht: 1","219223","3","3","5","11","15","2","","1","0","1","0","0"
"POINT (13.261783209000043 52.441744702000051)","Unfall 219225 (2021) Kat:3, Licht: 2","219225","3","2","6","12","07","5","","2","0","1","1","0"
"POINT (13.328365097000074 52.466215461000047)","Unfall 219226 (2021) Kat:3, Licht: 2","219226","3","7","6","12","18","5","","2","0","0","1","0"
"POINT (13.376805271000023 52.509519594000039)","Unfall 219228 (2021) Kat:3, Licht: 2","219228","3","7","5","12","19","4","","2","0","1","0","0"
"POINT (13.340768674000060 52.499933719000069)","Unfall 219229 (2021) Kat:3, Licht: 2","219229","3","2","6","12","19","4","","2","0","1","1","0"
"POINT (13.344967108000048 52.491136876000041)","Unfall 219230 (2021) Kat:3, Licht: 0","219230","3","7","6","12","10","3","","0","0","0","1","0"
"POINT (13.367756164000070 52.493341021000049)","Unfall 219233 (2021) Kat:3, Licht: 0","219233","3","6","3","12","13","7","","0","0","1","0","1"
"POINT (13.515201915000034 52.567139431000044)","Unfall 219235 (2021) Kat:3, Licht: 2","219235","3","2","2","12","19","3","","2","0","1","0","0"
"POINT (13.383458009000037 52.493785256000081)","Unfall 219237 (2021) Kat:3, Licht: 2","219237","3","4","6","12","07","2","","2","0","1","1","0"
"POINT (13.383789409000030 52.551245575000053)","Unfall 219238 (2021) Kat:3, Licht: 2","219238","3","6","2","11","22","3","","2","0","1","0","0"
"POINT (13.349613945000044 52.489438511000060)","Unfall 219239 (2021) Kat:2, Licht: 2","219239","2","7","5","12","20","7","","2","0","1","0","0"
"POINT (13.605230226000060 52.535845369000072)","Unfall 219240 (2021) Kat:3, Licht: 2","219240","3","5","1","12","05","1","","2","0","1","0","0"
"POINT (13.373538285000052 52.530962130000034)","Unfall 219241 (2021) Kat:3, Licht: 2","219241","3","5","1","12","22","5","","2","0","1","0","0"
"POINT (13.525751634000073 52.493867142000056)","Unfall 219243 (2021) Kat:3, Licht: 0","219243","3","6","3","12","09","5","","0","0","1","0","0"
"POINT (13.316520644000036 52.499534170000061)","Unfall 219246 (2021) Kat:3, Licht: 1","219246","3","2","5","12","15","7","","1","0","1","0","1"
"POINT (13.326241930000037 52.538027843000066)","Unfall 219247 (2021) Kat:3, Licht: 2","219247","3","2","5","12","17","4","","2","0","1","0","0"
"POINT (13.392090272000075 52.439950858000032)","Unfall 219248 (2021) Kat:3, Licht: 2","219248","3","2","6","12","19","7","","2","0","1","1","0"
"POINT (13.426894833000063 52.533939547000045)","Unfall 219249 (2021) Kat:3, Licht: 2","219249","3","3","0","11","18","2","","2","0","1","0","1"
"POINT (13.516895157000022 52.513238186000081)","Unfall 238265 (2021) Kat:3, Licht: 0","238265","3","5","1","01","11","5","","0","1","1","0","0"
"POINT (13.464492003000032 52.495667184000069)","Unfall 238266 (2021) Kat:3, Licht: 0","238266","3","7","0","01","13","6","","0","1","0","0","0"
"POINT (13.592364699000029 52.447112035000032)","Unfall 238267 (2021) Kat:3, Licht: 0","238267","3","3","5","02","11","4","","0","1","1","0","0"
"POINT (13.323951668000063 52.442315157000053)","Unfall 238268 (2021) Kat:3, Licht: 0","238268","3","6","2","03","16","2","","0","1","0","0","0"
"POINT (13.554117247000022 52.570253294000054)","Unfall 238269 (2021) Kat:3, Licht: 0","238269","3","3","5","03","16","2","","0","1","1","0","0"
"POINT (13.268881214000032 52.591834780000056)","Unfall 238270 (2021) Kat:3, Licht: 0","238270","3","7","5","03","08","4","","0","1","0","0","0"
"POINT (13.388072187000034 52.591413046000071)","Unfall 238271 (2021) Kat:3, Licht: 0","238271","3","7","6","04","16","6","","0","1","0","1","0"
"POINT (13.361637870000038 52.470203253000079)","Unfall 238272 (2021) Kat:2, Licht: 2","238272","2","1","0","04","22","2","","2","1","0","0","0"
"POINT (13.471203331000027 52.476590299000065)","Unfall 238273 (2021) Kat:2, Licht: 0","238273","2","3","5","04","16","3","","0","1","0","0","0"
"POINT (13.364008960000035 52.474543176000054)","Unfall 238274 (2021) Kat:2, Licht: 0","238274","2","6","4","04","07","5","","0","1","0","0","0"
"POINT (13.498068202000070 52.433387669000069)","Unfall 238275 (2021) Kat:3, Licht: 0","238275","3","6","6","04","13","6","","0","1","0","1","0"
"POINT (13.511680048000073 52.523348774000056)","Unfall 238276 (2021) Kat:3, Licht: 0","238276","3","5","1","05","15","6","","0","1","1","0","0"
"POINT (13.591944666000074 52.520883145000028)","Unfall 238277 (2021) Kat:2, Licht: 0","238277","2","3","5","05","15","6","","0","1","0","0","0"
"POINT (13.495973719000062 52.572877928000082)","Unfall 238278 (2021) Kat:2, Licht: 0","238278","2","3","0","06","07","6","","0","1","0","0","0"
"POINT (13.624152794000054 52.402331967000066)","Unfall 238279 (2021) Kat:2, Licht: 0","238279","2","3","5","06","18","5","","0","1","0","0","0"
"POINT (13.236260389000051 52.469633316000056)","Unfall 238280 (2021) Kat:3, Licht: 0","238280","3","3","5","06","12","7","","0","1","1","0","0"
"POINT (13.329789449000032 52.482600653000077)","Unfall 238281 (2021) Kat:3, Licht: 2","238281","3","2","5","06","22","2","","2","1","0","0","0"
"POINT (13.582479733000071 52.434895053000048)","Unfall 238282 (2021) Kat:3, Licht: 0","238282","3","3","5","06","18","4","","0","1","1","0","0"
"POINT (13.454778171000044 52.535482768000065)","Unfall 238283 (2021) Kat:3, Licht: 0","238283","3","3","5","06","09","7","","0","1","1","0","0"
"POINT (13.451412984000058 52.520581786000037)","Unfall 238284 (2021) Kat:3, Licht: 0","238284","3","2","5","06","15","4","","0","1","1","0","0"
"POINT (13.568921769000042 52.541008146000081)","Unfall 238285 (2021) Kat:3, Licht: 0","238285","3","3","5","06","14","2","","0","1","1","0","0"
"POINT (13.336898394000059 52.450207776000070)","Unfall 238286 (2021) Kat:2, Licht: 0","238286","2","3","5","07","12","2","","0","1","1","0","0"
"POINT (13.502787147000049 52.532398482000076)","Unfall 238287 (2021) Kat:2, Licht: 0","238287","2","5","1","07","14","7","","0","1","1","0","0"
"POINT (13.145449495000037 52.455944824000028)","Unfall 238288 (2021) Kat:3, Licht: 0","238288","3","6","0","07","12","1","","0","1","1","0","0"
"POINT (13.461191554000038 52.492369663000034)","Unfall 238289 (2021) Kat:3, Licht: 0","238289","3","3","5","07","14","3","","0","1","1","0","0"
"POINT (13.499426074000041 52.534821115000057)","Unfall 238290 (2021) Kat:3, Licht: 0","238290","3","3","5","07","13","4","","0","1","1","0","0"
"POINT (13.517007784000043 52.499410184000055)","Unfall 238291 (2021) Kat:3, Licht: 0","238291","3","7","0","07","13","6","","0","1","0","0","0"
"POINT (13.396650240000042 52.523889574000066)","Unfall 238292 (2021) Kat:2, Licht: 0","238292","2","3","0","08","19","1","","0","1","0","0","0"
"POINT (13.482713669000077 52.571633174000056)","Unfall 238293 (2021) Kat:3, Licht: 0","238293","3","3","5","08","16","6","","0","1","0","0","0"
"POINT (13.406192476000058 52.482465764000040)","Unfall 238294 (2021) Kat:3, Licht: 0","238294","3","3","3","08","13","6","","0","1","0","0","0"
"POINT (13.182146576000036 52.412766208000050)","Unfall 238295 (2021) Kat:2, Licht: 0","238295","2","3","0","09","17","4","","0","1","0","0","0"
"POINT (13.490877406000038 52.436914949000027)","Unfall 238296 (2021) Kat:1, Licht: 2","238296","1","7","0","09","03","7","","2","1","0","0","0"
"POINT (13.388831106000055 52.501288588000079)","Unfall 238297 (2021) Kat:3, Licht: 0","238297","3","3","5","09","17","7","","0","1","1","0","0"
"POINT (13.301075705000073 52.549062535000076)","Unfall 238298 (2021) Kat:3, Licht: 0","238298","3","1","0","09","17","5","","0","1","0","0","0"
"POINT (13.356492551000031 52.461268757000028)","Unfall 238299 (2021) Kat:3, Licht: 0","238299","3","7","0","09","17","6","","0","1","0","0","0"
"POINT (13.504317298000046 52.574181451000072)","Unfall 238300 (2021) Kat:2, Licht: 0","238300","2","4","6","09","16","5","","0","1","0","1","0"
"POINT (13.236179538000044 52.469700231000047)","Unfall 238301 (2021) Kat:2, Licht: 0","238301","2","3","0","10","13","1","","0","1","1","0","0"
"POINT (13.208640002000038 52.447771670000066)","Unfall 238302 (2021) Kat:2, Licht: 0","238302","2","7","5","10","14","1","","0","1","0","0","0"
"POINT (13.348301644000060 52.548989965000032)","Unfall 238303 (2021) Kat:3, Licht: 0","238303","3","6","4","11","16","5","","0","1","0","0","0"
"POINT (13.471550708000052 52.500255123000045)","Unfall 238304 (2021) Kat:3, Licht: 2","238304","3","7","4","11","16","6","","2","1","0","1","0"
"POINT (13.337943357000029 52.466720613000064)","Unfall 238305 (2021) Kat:3, Licht: 2","238305","3","2","0","11","19","5","","2","1","1","0","0"
"POINT (13.406230810000068 52.576494661000027)","Unfall 238306 (2021) Kat:3, Licht: 0","238306","3","7","6","11","15","2","","0","1","0","1","0"
"POINT (13.140325454999999 52.488993804000103)","Unfall 120687 (2022) Kat:2, Licht: 0","120687","2","1","9","04","15","5","","0","0","0","0","1"
"POINT (13.390335538000000 52.618571471000102)","Unfall 120688 (2022) Kat:3, Licht: 0","120688","3","2","5","02","08","3","","0","0","1","0","0"
"POINT (13.467081366000100 52.485329235000101)","Unfall 120690 (2022) Kat:2, Licht: 0","120690","2","1","8","12","12","7","","0","0","1","0","0"
"POINT (13.364310905000000 52.501487809000103)","Unfall 120691 (2022) Kat:3, Licht: 2","120691","3","6","2","08","22","6","","2","0","1","0","0"
"POINT (13.435092651000000 52.462184205000000)","Unfall 120693 (2022) Kat:3, Licht: 0","120693","3","6","2","07","12","3","","0","0","1","0","1"
"POINT (13.262329099000100 52.434828722000098)","Unfall 120695 (2022) Kat:3, Licht: 0","120695","3","4","6","05","19","6","","0","0","1","1","0"
"POINT (13.347843598000100 52.574460127000101)","Unfall 120699 (2022) Kat:3, Licht: 2","120699","3","3","5","01","06","7","","2","0","1","0","0"
"POINT (13.414265685000000 52.556034336000003)","Unfall 120700 (2022) Kat:3, Licht: 2","120700","3","6","2","11","17","4","","2","0","1","0","0"
"POINT (13.358468026000001 52.474027606999996)","Unfall 120701 (2022) Kat:3, Licht: 0","120701","3","6","2","10","14","7","","0","0","1","0","0"
"POINT (13.368639756000100 52.541125241000003)","Unfall 120704 (2022) Kat:3, Licht: 0","120704","3","2","5","05","14","6","","0","0","1","0","0"
"POINT (13.306396640999999 52.450260967000098)","Unfall 120709 (2022) Kat:3, Licht: 0","120709","3","6","2","05","11","3","","0","0","1","0","0"
"POINT (13.281671610000000 52.510083576000099)","Unfall 120711 (2022) Kat:2, Licht: 2","120711","2","6","2","12","22","1","","2","0","1","0","1"
"POINT (13.385318982000101 52.448532849000102)","Unfall 120712 (2022) Kat:3, Licht: 0","120712","3","6","3","03","16","6","","0","0","1","0","1"
"POINT (13.282857595999999 52.497521396000103)","Unfall 120713 (2022) Kat:3, Licht: 2","120713","3","6","2","10","18","6","","2","0","1","0","0"
"POINT (13.448608556000099 52.505043435000097)","Unfall 120715 (2022) Kat:3, Licht: 2","120715","3","1","0","09","03","1","","2","0","0","0","0"
"POINT (13.385059354000100 52.449999820000102)","Unfall 120717 (2022) Kat:3, Licht: 0","120717","3","1","0","07","13","3","","0","1","0","0","0"
"POINT (13.157119745999999 52.419223745000103)","Unfall 120719 (2022) Kat:3, Licht: 0","120719","3","7","0","06","10","3","","0","0","1","0","0"
"POINT (13.419671440000100 52.525247572000097)","Unfall 120721 (2022) Kat:3, Licht: 0","120721","3","3","5","04","08","3","","0","0","1","0","0"
"POINT (13.374765018000099 52.502437714999999)","Unfall 120722 (2022) Kat:3, Licht: 0","120722","3","6","2","02","15","3","","0","0","1","0","0"
"POINT (13.442681348000100 52.544618997000001)","Unfall 120724 (2022) Kat:2, Licht: 2","120724","2","3","5","12","06","4","","2","1","1","0","0"
"POINT (13.385187525999999 52.449244817000100)","Unfall 120726 (2022) Kat:3, Licht: 0","120726","3","2","5","07","13","6","","0","0","1","0","0"
"POINT (13.361311944000001 52.569380428999999)","Unfall 120728 (2022) Kat:3, Licht: 2","120728","3","5","0","05","22","5","","2","1","1","0","0"
"POINT (13.359975350000100 52.571972517000098)","Unfall 120733 (2022) Kat:3, Licht: 0","120733","3","2","5","11","16","2","","0","1","1","0","0"
"POINT (13.403182490000100 52.583508826000099)","Unfall 120734 (2022) Kat:2, Licht: 0","120734","2","4","6","09","15","4","","0","0","1","1","0"
"POINT (13.459259147000100 52.492853381000003)","Unfall 120737 (2022) Kat:3, Licht: 0","120737","3","2","5","05","15","1","","0","0","1","0","1"
"POINT (13.120789753000100 52.477636688000104)","Unfall 120741 (2022) Kat:3, Licht: 0","120741","3","6","2","04","14","6","","0","0","1","0","1"
"POINT (13.391026951000100 52.432085637000100)","Unfall 120743 (2022) Kat:3, Licht: 2","120743","3","1","0","03","22","2","","2","0","0","0","1"
"POINT (13.385185351000100 52.449256601000101)","Unfall 120745 (2022) Kat:3, Licht: 1","120745","3","3","5","10","07","3","","1","0","1","0","1"
"POINT (13.418565479000099 52.521272483000097)","Unfall 120747 (2022) Kat:3, Licht: 0","120747","3","6","3","09","17","1","","0","0","1","0","0"
"POINT (13.363031312000000 52.473943925000100)","Unfall 120748 (2022) Kat:3, Licht: 0","120748","3","6","2","07","17","7","","0","0","0","0","1"
"POINT (13.284752339000001 52.515585588000100)","Unfall 120750 (2022) Kat:3, Licht: 0","120750","3","6","2","06","13","3","","0","0","1","0","0"
"POINT (13.285612230000000 52.494815822000099)","Unfall 120751 (2022) Kat:2, Licht: 0","120751","2","7","0","04","16","5","","0","0","1","0","0"
"POINT (13.263847768000099 52.435312170000003)","Unfall 120752 (2022) Kat:3, Licht: 0","120752","3","6","3","02","12","6","","0","0","1","0","0"
"POINT (13.358603040000000 52.408228947000097)","Unfall 120753 (2022) Kat:2, Licht: 2","120753","2","7","6","12","17","5","","2","0","1","1","0"
"POINT (13.416384430000100 52.522004397000003)","Unfall 120754 (2022) Kat:3, Licht: 1","120754","3","2","5","10","07","3","","1","0","1","0","0"
"POINT (13.376194848000100 52.516235502000001)","Unfall 120756 (2022) Kat:3, Licht: 0","120756","3","6","2","06","10","2","","0","0","1","0","1"
"POINT (13.216692782000100 52.509052345999997)","Unfall 120758 (2022) Kat:3, Licht: 2","120758","3","7","0","05","23","5","","2","1","0","0","0"
"POINT (13.553459843000001 52.509344118999998)","Unfall 120763 (2022) Kat:2, Licht: 0","120763","2","2","5","03","17","2","","0","1","1","0","0"
"POINT (13.319535078000101 52.512532963000098)","Unfall 120764 (2022) Kat:3, Licht: 0","120764","3","2","5","11","12","6","","0","1","1","0","0"
"POINT (13.325537137000000 52.512773862000103)","Unfall 120766 (2022) Kat:3, Licht: 0","120766","3","6","2","09","08","3","","0","0","1","0","0"
"POINT (13.261833762000000 52.508721365000000)","Unfall 120768 (2022) Kat:3, Licht: 0","120768","3","6","2","08","16","6","","0","0","1","0","0"
"POINT (13.412719781000000 52.519277867000000)","Unfall 120772 (2022) Kat:3, Licht: 2","120772","3","6","3","04","23","1","","2","0","1","0","1"
"POINT (13.315033646000099 52.512235214000000)","Unfall 120773 (2022) Kat:3, Licht: 0","120773","3","3","5","03","16","6","","0","0","1","0","0"
"POINT (13.352761218000101 52.473745158000000)","Unfall 120776 (2022) Kat:3, Licht: 0","120776","3","6","2","09","16","7","","0","0","1","0","0"
"POINT (13.624559150000000 52.503861929999999)","Unfall 120777 (2022) Kat:3, Licht: 0","120777","3","1","8","07","20","7","","0","0","1","0","0"
"POINT (13.381697187000000 52.498641665999997)","Unfall 120779 (2022) Kat:3, Licht: 0","120779","3","6","0","06","19","6","","0","0","1","0","1"
"POINT (13.493318675000101 52.467884566000102)","Unfall 120782 (2022) Kat:3, Licht: 0","120782","3","2","5","08","19","4","","0","1","1","0","0"
"POINT (13.402654603000000 52.601970971000100)","Unfall 120783 (2022) Kat:3, Licht: 1","120783","3","3","5","01","16","4","","1","0","1","0","0"
"POINT (13.419524248000100 52.525114078999998)","Unfall 120785 (2022) Kat:3, Licht: 0","120785","3","6","2","11","14","3","","0","0","1","0","0"
"POINT (13.285131491000101 52.509411612000100)","Unfall 120786 (2022) Kat:3, Licht: 0","120786","3","6","2","10","14","6","","0","0","1","0","0"
"POINT (13.325141343000000 52.606405783000099)","Unfall 120789 (2022) Kat:3, Licht: 0","120789","3","7","6","06","15","3","","0","0","1","1","0"
"POINT (13.387496774000100 52.492319610000003)","Unfall 120791 (2022) Kat:3, Licht: 0","120791","3","6","2","05","14","1","","0","0","1","0","0"
"POINT (13.590520528000100 52.505091976000102)","Unfall 120795 (2022) Kat:3, Licht: 0","120795","3","1","2","05","06","5","","0","0","0","0","1"
"POINT (13.428889451000000 52.532805492000101)","Unfall 120798 (2022) Kat:3, Licht: 0","120798","3","6","2","03","06","5","","0","0","1","0","0"
"POINT (13.372438685000100 52.470532418000097)","Unfall 120799 (2022) Kat:3, Licht: 0","120799","3","6","2","10","15","5","","0","0","1","0","0"
"POINT (13.362995338000101 52.473810651000100)","Unfall 120801 (2022) Kat:3, Licht: 0","120801","3","6","2","09","15","6","","0","0","1","0","0"
"POINT (13.581066321000000 52.505084214000100)","Unfall 120803 (2022) Kat:3, Licht: 0","120803","3","6","2","08","16","2","","0","0","1","0","0"
"POINT (13.623638032000001 52.503972445000002)","Unfall 120806 (2022) Kat:2, Licht: 2","120806","2","1","0","06","22","6","","2","0","0","0","1"
"POINT (13.414104006000100 52.550738203000002)","Unfall 120809 (2022) Kat:3, Licht: 0","120809","3","2","5","04","18","5","","0","1","1","0","0"
"POINT (13.287935474999999 52.532524842999997)","Unfall 120810 (2022) Kat:3, Licht: 2","120810","3","6","2","02","22","1","","2","0","1","0","0"
"POINT (13.283013371999999 52.528709413000101)","Unfall 120812 (2022) Kat:3, Licht: 0","120812","3","6","3","12","11","7","","0","0","1","0","0"
"POINT (13.400197992000100 52.415959655999998)","Unfall 120813 (2022) Kat:2, Licht: 0","120813","2","4","6","08","15","6","","0","1","0","1","0"
"POINT (13.312118087000000 52.624970939999997)","Unfall 120815 (2022) Kat:3, Licht: 0","120815","3","6","4","07","16","3","","0","1","0","0","0"
"POINT (13.388373224000100 52.437175054000100)","Unfall 120818 (2022) Kat:2, Licht: 0","120818","2","7","5","05","17","6","","0","0","1","0","1"
"POINT (13.335471354999999 52.478282456999999)","Unfall 120823 (2022) Kat:3, Licht: 2","120823","3","6","2","01","16","6","","2","0","1","0","0"
"POINT (13.467552803000000 52.514509343999997)","Unfall 120824 (2022) Kat:3, Licht: 0","120824","3","2","0","11","09","5","","0","1","0","0","0"
"POINT (13.502038506000099 52.511027252000098)","Unfall 120825 (2022) Kat:3, Licht: 0","120825","3","7","2","10","13","1","","0","0","1","0","0"
"POINT (13.414787289000101 52.540556490000000)","Unfall 120828 (2022) Kat:3, Licht: 0","120828","3","3","5","05","13","7","","0","1","1","0","0"
"POINT (13.301904632000101 52.549803510000103)","Unfall 120833 (2022) Kat:3, Licht: 0","120833","3","6","2","04","13","6","","0","0","1","0","0"
"POINT (13.355049348000000 52.485618037999998)","Unfall 120835 (2022) Kat:3, Licht: 0","120835","3","6","3","12","11","6","","0","1","1","0","0"
"POINT (13.406379693000099 52.462068432000102)","Unfall 120836 (2022) Kat:2, Licht: 0","120836","2","6","2","03","09","2","","0","0","1","0","0"
"POINT (13.302369318000000 52.550362239000002)","Unfall 120837 (2022) Kat:3, Licht: 0","120837","3","6","3","10","10","5","","0","0","1","0","0"
"POINT (13.460017263000100 52.492983614000103)","Unfall 120839 (2022) Kat:3, Licht: 1","120839","3","6","3","09","05","5","","1","0","1","0","0"
"POINT (13.174964029000000 52.420111196999997)","Unfall 120841 (2022) Kat:3, Licht: 0","120841","3","1","0","07","13","4","","0","0","0","0","1"
"POINT (13.281622959000099 52.505346926000101)","Unfall 120843 (2022) Kat:3, Licht: 0","120843","3","6","2","06","11","7","","0","0","1","0","0"
"POINT (13.493668504000000 52.511696884999999)","Unfall 120845 (2022) Kat:2, Licht: 0","120845","2","2","5","04","12","1","","0","1","1","0","0"
"POINT (13.466885998000100 52.514576186000099)","Unfall 120846 (2022) Kat:2, Licht: 0","120846","2","6","2","02","10","5","","0","0","1","0","0"
"POINT (13.548420073999999 52.550757997000098)","Unfall 120847 (2022) Kat:3, Licht: 2","120847","3","3","5","12","23","5","","2","0","1","0","0"
"POINT (13.370336352000001 52.539866566000100)","Unfall 120849 (2022) Kat:3, Licht: 2","120849","3","3","5","06","23","4","","2","0","1","0","1"
"POINT (13.420024957000100 52.525557634999998)","Unfall 120851 (2022) Kat:3, Licht: 0","120851","3","6","2","05","10","4","","0","0","1","0","0"
"POINT (13.448319236000000 52.504610868000000)","Unfall 120857 (2022) Kat:2, Licht: 2","120857","2","7","7","11","19","5","","2","1","0","0","0"
"POINT (13.395804542000100 52.423707440999998)","Unfall 120858 (2022) Kat:3, Licht: 0","120858","3","6","2","09","16","6","","0","0","1","0","0"
"POINT (13.305362450000100 52.483863317000001)","Unfall 120861 (2022) Kat:3, Licht: 0","120861","3","6","3","08","15","2","","0","0","1","0","0"
"POINT (13.441645702000100 52.462745105000103)","Unfall 120865 (2022) Kat:3, Licht: 0","120865","3","6","2","04","16","4","","0","0","1","0","0"
"POINT (13.282840518000100 52.519078751000102)","Unfall 120866 (2022) Kat:3, Licht: 0","120866","3","6","2","03","07","6","","0","0","1","0","0"
"POINT (13.396343929000100 52.423368202000098)","Unfall 120869 (2022) Kat:2, Licht: 0","120869","2","2","5","09","12","6","","0","0","1","0","0"
"POINT (13.272598123000000 52.509888543000002)","Unfall 120870 (2022) Kat:3, Licht: 0","120870","3","5","1","07","14","5","","0","0","1","0","1"
"POINT (13.466771059000100 52.559395365999997)","Unfall 120872 (2022) Kat:3, Licht: 0","120872","3","4","6","06","06","4","","0","0","0","1","0"
"POINT (13.314653523000100 52.512210089000099)","Unfall 120873 (2022) Kat:3, Licht: 0","120873","3","2","5","01","16","6","","0","1","1","0","0"
"POINT (13.282725541000000 52.497586503999997)","Unfall 120874 (2022) Kat:3, Licht: 0","120874","3","6","3","11","08","4","","0","0","1","0","0"
"POINT (13.281245921000000 52.509890091000003)","Unfall 120875 (2022) Kat:3, Licht: 0","120875","3","6","2","10","09","5","","0","0","1","0","0"
"POINT (13.479349670000000 52.484638519000001)","Unfall 120877 (2022) Kat:3, Licht: 0","120877","3","1","9","06","08","1","","0","0","1","0","0"
"POINT (13.453728593999999 52.515972061000099)","Unfall 120879 (2022) Kat:3, Licht: 0","120879","3","2","5","05","18","4","","0","1","1","0","0"
"POINT (13.254525315000000 52.508280703000104)","Unfall 120884 (2022) Kat:3, Licht: 0","120884","3","5","1","03","16","1","","0","0","1","0","0"
"POINT (13.467548291000099 52.514509789999998)","Unfall 120885 (2022) Kat:3, Licht: 2","120885","3","2","5","11","18","5","","2","1","0","0","0"
"POINT (13.421226943000001 52.526502360000102)","Unfall 120887 (2022) Kat:3, Licht: 0","120887","3","2","5","09","08","3","","0","1","0","0","0"
"POINT (13.619546807000100 52.504456183000102)","Unfall 120889 (2022) Kat:3, Licht: 0","120889","3","3","5","08","10","3","","0","1","1","0","0"
"POINT (13.330636594000101 52.477834099000098)","Unfall 120893 (2022) Kat:3, Licht: 0","120893","3","6","2","04","14","6","","0","0","1","0","0"
"POINT (13.491633496000100 52.437031010000098)","Unfall 120894 (2022) Kat:3, Licht: 2","120894","3","6","2","02","17","4","","2","0","1","0","0"
"POINT (13.402985151000101 52.597409636000101)","Unfall 120896 (2022) Kat:3, Licht: 0","120896","3","3","5","11","15","7","","0","1","0","0","0"
"POINT (13.365499761000001 52.557979728000099)","Unfall 120897 (2022) Kat:3, Licht: 0","120897","3","3","5","09","09","4","","0","0","1","0","0"