WKT,Name,OBJECTID,UKATEGORIE,UTYP1,UART,UMONAT,USTUNDE,UWOCHENTAG,STRZUSTAND,ULICHTVERH,ISTRAD,ISTPKW,ISTFUSS,ISTKRAD
"POINT (13.312720353000000 52.622952634999997)","Unfall 120900 (2022) Kat:2, Licht: 0","120900","2","6","3","08","19","3","","0","1","0","0","0"
"POINT (13.292480073000000 52.534962294000103)","Unfall 120904 (2022) Kat:2, Licht: 0","120904","2","6","2","04","06","4","","0","0","1","0","1"
"POINT (13.242576986000101 52.507546814000101)","Unfall 120905 (2022) Kat:3, Licht: 0","120905","3","6","2","03","09","4","","0","0","1","0","0"
"POINT (13.281470798999999 52.522211463000097)","Unfall 120908 (2022) Kat:3, Licht: 0","120908","3","6","2","09","18","6","","0","0","1","0","0"
"POINT (13.413072643000000 52.540875704000001)","Unfall 120909 (2022) Kat:2, Licht: 2","120909","2","5","1","07","03","7","","2","1","1","0","0"
"POINT (13.286194745000000 52.532150995999999)","Unfall 120911 (2022) Kat:3, Licht: 0","120911","3","6","2","06","20","1","","0","0","1","0","0"
"POINT (13.482794445000000 52.579223323000100)","Unfall 120912 (2022) Kat:3, Licht: 0","120912","3","3","5","04","12","5","","0","1","1","0","0"
"POINT (13.409076982000000 52.517117988999999)","Unfall 120913 (2022) Kat:3, Licht: 2","120913","3","2","5","02","19","1","","2","0","1","0","0"
"POINT (13.359499633000000 52.489432698000002)","Unfall 120914 (2022) Kat:3, Licht: 0","120914","3","6","3","11","07","2","","0","0","0","0","0"
"POINT (13.367821942999999 52.505435327000001)","Unfall 120915 (2022) Kat:3, Licht: 0","120915","3","6","3","10","17","4","","0","1","0","0","0"
"POINT (13.283419380000099 52.442180575000101)","Unfall 120917 (2022) Kat:3, Licht: 0","120917","3","6","2","06","15","7","","0","0","1","0","0"
"POINT (13.387070315000100 52.516756283000099)","Unfall 120919 (2022) Kat:3, Licht: 0","120919","3","6","3","05","09","4","","0","1","0","0","1"
"POINT (13.483322311000100 52.583105064999998)","Unfall 120924 (2022) Kat:3, Licht: 0","120924","3","1","0","03","17","4","","0","0","0","0","1"
"POINT (13.327691504000001 52.460435521000100)","Unfall 120925 (2022) Kat:3, Licht: 2","120925","3","1","2","11","20","3","","2","0","1","0","0"
"POINT (13.407574544999999 52.461700775000097)","Unfall 120927 (2022) Kat:3, Licht: 0","120927","3","6","2","09","15","4","","0","0","1","0","0"
"POINT (13.451778732999999 52.510150023000101)","Unfall 120929 (2022) Kat:3, Licht: 0","120929","3","6","3","08","16","3","","0","1","1","0","0"
"POINT (13.412380807000000 52.541816736999998)","Unfall 120933 (2022) Kat:3, Licht: 0","120933","3","7","0","04","17","6","","0","1","0","0","0"
"POINT (13.350919083000100 52.480621390000103)","Unfall 120934 (2022) Kat:3, Licht: 0","120934","3","4","6","02","09","2","","0","0","1","1","0"
"POINT (13.567253892000100 52.506761103000002)","Unfall 120936 (2022) Kat:3, Licht: 0","120936","3","6","2","08","16","6","","0","0","0","0","1"
"POINT (13.424294566000100 52.539276950999998)","Unfall 120937 (2022) Kat:3, Licht: 2","120937","3","2","2","07","23","6","","2","0","1","0","0"
"POINT (13.298689724999999 52.488875236000098)","Unfall 120939 (2022) Kat:3, Licht: 0","120939","3","6","2","06","15","5","","0","0","1","0","1"
"POINT (13.487307308000000 52.512375635000097)","Unfall 120942 (2022) Kat:3, Licht: 0","120942","3","6","2","08","10","7","","0","1","1","0","0"
"POINT (13.457961576000100 52.459056257000000)","Unfall 120944 (2022) Kat:3, Licht: 0","120944","3","6","2","01","16","5","","0","0","1","0","0"
"POINT (13.405939482000100 52.520705367000097)","Unfall 120946 (2022) Kat:3, Licht: 2","120946","3","6","2","11","17","1","","2","0","1","0","0"
"POINT (13.388254571000100 52.493560930999998)","Unfall 120947 (2022) Kat:3, Licht: 2","120947","3","2","5","10","20","3","","2","1","1","0","0"
"POINT (13.444219542000001 52.545451204000102)","Unfall 120949 (2022) Kat:3, Licht: 0","120949","3","2","2","06","10","6","","0","0","0","0","1"
"POINT (13.402938963000100 52.411113018999998)","Unfall 120951 (2022) Kat:3, Licht: 0","120951","3","6","3","05","13","6","","0","0","1","0","0"
"POINT (13.387191746999999 52.440151666000098)","Unfall 120955 (2022) Kat:2, Licht: 0","120955","2","2","5","05","10","6","","0","1","0","0","0"
"POINT (13.444945347000001 52.545764501000100)","Unfall 120958 (2022) Kat:3, Licht: 0","120958","3","6","2","03","16","4","","0","0","1","0","1"
"POINT (13.388566993000000 52.436451799000103)","Unfall 120959 (2022) Kat:3, Licht: 0","120959","3","2","5","10","11","1","","0","1","1","0","0"
"POINT (13.293768068000100 52.492104417000100)","Unfall 120961 (2022) Kat:3, Licht: 2","120961","3","1","9","09","21","6","","2","0","1","0","0"
"POINT (13.400168131999999 52.416601607000104)","Unfall 120963 (2022) Kat:3, Licht: 0","120963","3","7","5","07","18","6","","0","0","1","0","0"
"POINT (13.406037902000000 52.566032166000099)","Unfall 120965 (2022) Kat:3, Licht: 0","120965","3","2","5","06","16","4","","0","1","1","0","0"
"POINT (13.295606862000099 52.510772461999998)","Unfall 120968 (2022) Kat:3, Licht: 0","120968","3","2","5","04","17","2","","0","1","1","0","0"
"POINT (13.214737506000100 52.427328260000102)","Unfall 120969 (2022) Kat:3, Licht: 0","120969","3","3","5","02","16","2","","0","0","1","0","0"
"POINT (13.495253320000099 52.511722261000003)","Unfall 120971 (2022) Kat:3, Licht: 2","120971","3","6","2","12","17","4","","2","0","1","0","0"
"POINT (13.323132609000000 52.512529342000100)","Unfall 120972 (2022) Kat:3, Licht: 0","120972","3","6","4","08","16","1","","0","1","0","0","0"
"POINT (13.379252220000099 52.436314717000101)","Unfall 120974 (2022) Kat:3, Licht: 0","120974","3","2","5","07","08","2","","0","1","1","0","0"
"POINT (13.398512609000001 52.570795233000098)","Unfall 120977 (2022) Kat:3, Licht: 0","120977","3","6","2","06","19","4","","0","0","1","0","0"
"POINT (13.432710452000000 52.536176031000103)","Unfall 120982 (2022) Kat:3, Licht: 2","120982","3","2","5","01","20","6","","2","1","1","0","0"
"POINT (13.306261378000000 52.511470989000003)","Unfall 120983 (2022) Kat:3, Licht: 0","120983","3","6","4","11","10","3","","0","1","0","0","0"
"POINT (13.354093269000000 52.479050409000102)","Unfall 120984 (2022) Kat:3, Licht: 0","120984","3","7","5","09","14","5","","0","1","0","0","0"
"POINT (13.465755792000000 52.514689674000103)","Unfall 120986 (2022) Kat:3, Licht: 0","120986","3","7","2","08","11","2","","0","0","1","0","0"
"POINT (13.513280965000000 52.454234151999998)","Unfall 120988 (2022) Kat:3, Licht: 0","120988","3","3","5","05","17","3","","0","1","1","0","0"
"POINT (13.477060398000001 52.487119156000098)","Unfall 120993 (2022) Kat:3, Licht: 0","120993","3","6","4","05","07","3","","0","1","0","0","0"
"POINT (13.359028900000100 52.573403031000097)","Unfall 120995 (2022) Kat:3, Licht: 2","120995","3","2","5","12","19","7","","2","0","1","0","0"
"POINT (13.384782531000001 52.460204650000001)","Unfall 120996 (2022) Kat:3, Licht: 2","120996","3","6","2","03","20","1","","2","0","1","0","0"
"POINT (13.494094108000100 52.511827756000102)","Unfall 120997 (2022) Kat:3, Licht: 0","120997","3","3","5","10","08","5","","0","1","1","0","0"
"POINT (13.396137701000001 52.423118338000101)","Unfall 120999 (2022) Kat:3, Licht: 0","120999","3","6","2","09","17","3","","0","0","1","0","0"
"POINT (13.349488568000000 52.482497332999998)","Unfall 121000 (2022) Kat:3, Licht: 0","121000","3","6","4","07","18","7","","0","1","0","0","0"
"POINT (13.384939914000000 52.461670667000099)","Unfall 121002 (2022) Kat:3, Licht: 2","121002","3","5","1","06","23","6","","2","0","1","0","0"
"POINT (13.382682865000000 52.439407667000097)","Unfall 121003 (2022) Kat:2, Licht: 0","121003","2","2","5","04","12","1","","0","0","0","0","1"
"POINT (13.400596588999999 52.415264578000098)","Unfall 121004 (2022) Kat:2, Licht: 0","121004","2","7","6","01","13","6","","0","0","0","1","0"
"POINT (13.299617766000001 52.511226490000098)","Unfall 121005 (2022) Kat:3, Licht: 2","121005","3","4","6","12","17","4","","2","0","1","1","0"
"POINT (13.367563473000100 52.551333391000099)","Unfall 121007 (2022) Kat:3, Licht: 0","121007","3","6","2","06","16","5","","0","1","1","0","0"
"POINT (13.282374229000000 52.507009406000101)","Unfall 121009 (2022) Kat:3, Licht: 0","121009","3","6","3","05","10","2","","0","0","1","0","0"
"POINT (13.311808263000000 52.511831458000103)","Unfall 121015 (2022) Kat:3, Licht: 0","121015","3","6","2","11","09","3","","0","0","1","0","0"
"POINT (13.444947738000099 52.545765598999999)","Unfall 121016 (2022) Kat:3, Licht: 0","121016","3","6","2","09","16","2","","0","0","1","0","1"
"POINT (13.285075281999999 52.514573816000102)","Unfall 121019 (2022) Kat:3, Licht: 0","121019","3","1","9","08","11","5","","0","0","1","0","0"
"POINT (13.351771176000099 52.480412895000001)","Unfall 121023 (2022) Kat:3, Licht: 0","121023","3","6","3","04","09","4","","0","1","1","0","0"
"POINT (13.366798192999999 52.552732504000097)","Unfall 121024 (2022) Kat:3, Licht: 1","121024","3","6","2","02","18","2","","1","0","1","0","1"
"POINT (13.386925905000099 52.441507245000103)","Unfall 121027 (2022) Kat:3, Licht: 2","121027","3","6","3","09","23","7","","2","0","1","0","1"
"POINT (13.448331444000100 52.504628264000097)","Unfall 121028 (2022) Kat:3, Licht: 0","121028","3","6","6","07","15","6","","0","1","0","1","0"
"POINT (13.473447038000099 52.481639786000102)","Unfall 121031 (2022) Kat:3, Licht: 0","121031","3","1","9","06","19","2","","0","0","1","0","0"
"POINT (13.486903914999999 52.472200621000098)","Unfall 121034 (2022) Kat:3, Licht: 0","121034","3","7","7","01","09","7","","0","1","0","0","0"
"POINT (13.424302540999999 52.528830459000098)","Unfall 121036 (2022) Kat:3, Licht: 0","121036","3","6","3","11","08","3","","0","1","1","0","0"
"POINT (13.560179607000100 52.562015138000000)","Unfall 121037 (2022) Kat:3, Licht: 0","121037","3","3","5","10","12","7","","0","0","1","0","0"
"POINT (13.320826022000100 52.512453267000097)","Unfall 121039 (2022) Kat:3, Licht: 0","121039","3","3","5","06","15","1","","0","0","1","0","0"
"POINT (13.282977329000101 52.528657035000002)","Unfall 121041 (2022) Kat:3, Licht: 0","121041","3","6","2","05","17","4","","0","0","1","0","0"
"POINT (13.408887870000100 52.516505562000098)","Unfall 121047 (2022) Kat:3, Licht: 0","121047","3","6","3","03","15","1","","0","0","1","0","0"
"POINT (13.542599843000099 52.543859087999998)","Unfall 121048 (2022) Kat:3, Licht: 0","121048","3","6","2","10","17","7","","0","0","1","0","0"
"POINT (13.354656979000000 52.485431343000101)","Unfall 121050 (2022) Kat:2, Licht: 2","121050","2","5","1","09","23","5","","2","1","1","0","0"
"POINT (13.300402818000100 52.487797198000102)","Unfall 121052 (2022) Kat:3, Licht: 0","121052","3","6","2","08","11","2","","0","0","1","0","0"
"POINT (13.463044875000000 52.514820756000098)","Unfall 121055 (2022) Kat:3, Licht: 2","121055","3","6","2","04","21","5","","2","0","1","0","0"
"POINT (13.371323513000000 52.470878880000001)","Unfall 121056 (2022) Kat:3, Licht: 2","121056","3","6","3","02","01","4","","2","0","1","0","0"
"POINT (13.283368410000000 52.529221273000097)","Unfall 121058 (2022) Kat:3, Licht: 0","121058","3","6","2","09","13","5","","0","0","1","0","0"
"POINT (13.314879894000100 52.512033015000000)","Unfall 121060 (2022) Kat:3, Licht: 0","121060","3","2","5","07","14","5","","0","1","1","0","0"
"POINT (13.397929548000000 52.466049854000097)","Unfall 121062 (2022) Kat:3, Licht: 2","121062","3","6","2","06","01","6","","2","0","1","0","0"
"POINT (13.509059330000101 52.457112770000002)","Unfall 121065 (2022) Kat:1, Licht: 0","121065","1","6","3","08","10","4","","0","0","1","1","0"
"POINT (13.282976210000101 52.506092609000099)","Unfall 121067 (2022) Kat:3, Licht: 1","121067","3","1","2","01","07","2","","1","0","1","0","0"
"POINT (13.448202030000100 52.504443838999997)","Unfall 121068 (2022) Kat:3, Licht: 2","121068","3","1","0","11","05","7","","2","1","0","0","0"
"POINT (13.385506363999999 52.464529630000101)","Unfall 121069 (2022) Kat:3, Licht: 0","121069","3","6","3","10","17","2","","0","1","0","0","0"
"POINT (13.301331348000099 52.487123843000099)","Unfall 121072 (2022) Kat:3, Licht: 0","121072","3","6","2","05","16","1","","0","0","1","0","0"
"POINT (13.179091535000101 52.516648970000098)","Unfall 121076 (2022) Kat:3, Licht: 1","121076","3","3","5","05","21","6","","1","1","0","0","0"
"POINT (13.389076730999999 52.510306407000002)","Unfall 121078 (2022) Kat:3, Licht: 2","121078","3","7","5","12","23","6","","2","0","1","0","0"
"POINT (13.377576174000099 52.501153614000003)","Unfall 121079 (2022) Kat:3, Licht: 2","121079","3","1","0","03","02","5","","2","0","0","0","1"
"POINT (13.369676928000001 52.541596618000000)","Unfall 121080 (2022) Kat:3, Licht: 0","121080","3","3","5","10","17","5","","0","0","1","0","0"
"POINT (13.448180824000101 52.546975977000002)","Unfall 121082 (2022) Kat:3, Licht: 0","121082","3","6","3","09","11","4","","0","1","0","0","0"
"POINT (13.451799456000099 52.510193897000100)","Unfall 121084 (2022) Kat:3, Licht: 1","121084","3","6","3","07","21","3","","1","1","1","0","0"
"POINT (13.387980323000001 52.493562711999999)","Unfall 121086 (2022) Kat:3, Licht: 0","121086","3","6","3","06","16","3","","0","0","1","0","1"
"POINT (13.410181932000100 52.562154411000101)","Unfall 121088 (2022) Kat:3, Licht: 2","121088","3","4","6","04","20","2","","2","0","1","1","0"
"POINT (13.369667370000100 52.544075073999998)","Unfall 121089 (2022) Kat:3, Licht: 0","121089","3","4","6","02","11","4","","0","1","0","1","0"
"POINT (13.444676878000100 52.545641236000101)","Unfall 121091 (2022) Kat:3, Licht: 1","121091","3","2","5","12","08","6","","1","1","1","0","0"
"POINT (13.271382285000101 52.438429803000098)","Unfall 121093 (2022) Kat:3, Licht: 0","121093","3","3","5","07","06","3","","0","0","1","0","1"
"POINT (13.378109044000000 52.509610343000098)","Unfall 121095 (2022) Kat:3, Licht: 0","121095","3","6","2","05","19","1","","0","0","1","0","0"
"POINT (13.359036849000100 52.573400900000102)","Unfall 121100 (2022) Kat:3, Licht: 2","121100","3","2","5","01","17","7","","2","0","1","0","0"
"POINT (13.460045970000101 52.492853531999998)","Unfall 121101 (2022) Kat:3, Licht: 2","121101","3","7","6","11","18","7","","2","1","0","1","0"
"POINT (13.447961994000000 52.546877395000102)","Unfall 121102 (2022) Kat:2, Licht: 0","121102","2","2","5","09","16","6","","0","0","1","0","0"
"POINT (13.427509076000000 52.518609110000099)","Unfall 121104 (2022) Kat:3, Licht: 0","121104","3","6","2","08","15","6","","0","0","1","0","0"
"POINT (13.369639870000100 52.543480278000096)","Unfall 121105 (2022) Kat:3, Licht: 0","121105","3","6","3","08","08","3","","0","0","1","0","0"
"POINT (13.369292264000000 52.515676805000098)","Unfall 121107 (2022) Kat:3, Licht: 1","121107","3","1","0","07","21","5","","1","0","0","0","1"
"POINT (13.380432445000100 52.499261382999997)","Unfall 121109 (2022) Kat:3, Licht: 0","121109","3","2","5","06","14","4","","0","1","1","0","0"
"POINT (13.433087167000100 52.536297158000103)","Unfall 121112 (2022) Kat:3, Licht: 0","121112","3","2","5","08","13","6","","0","0","1","0","0"
"POINT (13.421149664000000 52.526446257000003)","Unfall 121114 (2022) Kat:3, Licht: 2","121114","3","3","5","01","07","5","","2","1","1","0","0"
"POINT (13.404228295000101 52.512877887000101)","Unfall 121116 (2022) Kat:3, Licht: 2","121116","3","6","2","11","19","6","","2","0","1","0","0"
"POINT (13.363947397000100 52.414242070999997)","Unfall 121117 (2022) Kat:3, Licht: 0","121117","3","3","5","10","14","6","","0","0","1","0","1"
"POINT (13.448191613000100 52.504428992999998)","Unfall 121120 (2022) Kat:3, Licht: 1","121120","3","4","6","05","20","2","","1","1","1","1","0"
"POINT (13.353528372000000 52.473875304000003)","Unfall 121124 (2022) Kat:3, Licht: 0","121124","3","6","2","05","10","3","","0","0","1","0","0"
"POINT (13.499768197000000 52.433180509000103)","Unfall 121126 (2022) Kat:3, Licht: 2","121126","3","1","0","12","06","6","","2","0","1","0","0"
"POINT (13.310081281000100 52.564414610000000)","Unfall 121127 (2022) Kat:2, Licht: 0","121127","2","3","5","03","12","3","","0","0","1","0","1"
"POINT (13.308485886000000 52.557009072000000)","Unfall 121128 (2022) Kat:3, Licht: 2","121128","3","6","2","10","18","4","","2","0","1","0","0"
"POINT (13.453736971000099 52.515948068999997)","Unfall 121130 (2022) Kat:3, Licht: 0","121130","3","2","5","09","14","4","","0","1","0","0","0"
"POINT (13.403017277000099 52.594002956000097)","Unfall 121132 (2022) Kat:3, Licht: 0","121132","3","3","5","08","16","5","","0","1","1","0","0"
"POINT (13.301164000000000 52.511137851000100)","Unfall 121134 (2022) Kat:3, Licht: 0","121134","3","6","2","06","09","3","","0","0","1","0","1"
"POINT (13.182596444000101 52.515928007000099)","Unfall 121137 (2022) Kat:2, Licht: 0","121137","2","6","2","04","17","2","","0","0","1","0","0"
"POINT (13.475790968000100 52.487912293000100)","Unfall 121138 (2022) Kat:3, Licht: 2","121138","3","1","8","02","01","6","","2","0","1","0","0"
"POINT (13.375859197000100 52.429667397999999)","Unfall 121140 (2022) Kat:3, Licht: 0","121140","3","3","5","12","12","6","","0","0","1","0","0"
"POINT (13.460107637000000 52.515113212000102)","Unfall 121141 (2022) Kat:3, Licht: 0","121141","3","2","5","08","19","1","","0","0","1","0","0"
"POINT (13.506650305999999 52.510512190999997)","Unfall 121143 (2022) Kat:3, Licht: 0","121143","3","6","4","07","07","3","","0","1","0","0","0"
"POINT (13.378071477000001 52.434358611000100)","Unfall 121145 (2022) Kat:3, Licht: 0","121145","3","4","6","05","07","3","","0","1","0","1","0"
"POINT (13.386053618000100 52.483205386000101)","Unfall 121150 (2022) Kat:3, Licht: 0","121150","3","6","2","01","09","2","","0","0","1","0","0"
"POINT (13.347642912000000 52.574361601000099)","Unfall 121151 (2022) Kat:2, Licht: 2","121151","2","3","5","11","18","7","","2","0","1","0","0"
"POINT (13.305544712000000 52.511614928000000)","Unfall 121152 (2022) Kat:3, Licht: 0","121152","3","5","1","09","15","6","","0","1","1","0","0"
"POINT (13.265886435000001 52.508971727000102)","Unfall 121154 (2022) Kat:2, Licht: 0","121154","2","7","6","08","12","2","","0","0","1","1","0"
"POINT (13.447903583000000 52.547065709000002)","Unfall 121156 (2022) Kat:2, Licht: 1","121156","2","2","5","05","20","4","","1","0","0","0","1"
"POINT (13.364984550000001 52.560684430999999)","Unfall 121161 (2022) Kat:3, Licht: 1","121161","3","6","2","05","20","2","","1","1","1","0","0"
"POINT (13.403801170000101 52.512783468000102)","Unfall 121163 (2022) Kat:2, Licht: 2","121163","2","4","6","12","19","2","","2","0","1","1","0"
"POINT (13.606355622000001 52.504826696000102)","Unfall 121164 (2022) Kat:3, Licht: 0","121164","3","2","5","03","15","6","","0","1","1","0","0"
"POINT (13.412234973000100 52.543979401999998)","Unfall 121165 (2022) Kat:2, Licht: 2","121165","2","7","0","01","02","7","","2","0","0","0","0"
"POINT (13.385300813000100 52.510079464000100)","Unfall 121166 (2022) Kat:3, Licht: 0","121166","3","6","0","10","15","3","","0","0","1","0","1"
"POINT (13.452920039000000 52.518070430000101)","Unfall 121168 (2022) Kat:3, Licht: 0","121168","3","1","0","09","07","4","","0","1","0","0","0"
"POINT (13.241847453000000 52.507503259000003)","Unfall 121169 (2022) Kat:2, Licht: 2","121169","2","4","6","07","00","4","","2","0","1","1","0"
"POINT (13.348551324000001 52.482042262000000)","Unfall 121171 (2022) Kat:3, Licht: 0","121171","3","6","2","06","13","6","","0","0","1","0","0"
"POINT (13.419726393000101 52.525297266000102)","Unfall 121172 (2022) Kat:3, Licht: 2","121172","3","2","5","03","20","5","","2","0","1","0","0"
"POINT (13.512278197000100 52.454891852999999)","Unfall 121173 (2022) Kat:2, Licht: 2","121173","2","1","0","02","03","3","","2","0","0","0","1"
"POINT (13.415737416000100 52.379212148000100)","Unfall 121174 (2022) Kat:3, Licht: 0","121174","3","1","8","12","08","7","","0","0","1","0","0"
"POINT (13.370572470000100 52.539974793000098)","Unfall 121176 (2022) Kat:3, Licht: 0","121176","3","3","5","07","14","1","","0","0","1","0","0"
"POINT (13.384393008000099 52.452562667000102)","Unfall 121178 (2022) Kat:3, Licht: 0","121178","3","1","6","05","19","2","","0","0","0","1","0"
"POINT (13.384774597000000 52.451638640000098)","Unfall 121184 (2022) Kat:3, Licht: 0","121184","3","2","5","11","11","4","","0","1","0","0","0"
"POINT (13.357697654000001 52.573285437999999)","Unfall 121185 (2022) Kat:3, Licht: 0","121185","3","6","2","09","15","3","","0","0","1","0","0"
"POINT (13.155751309999999 52.419178418000101)","Unfall 121187 (2022) Kat:2, Licht: 0","121187","2","1","0","08","12","1","","0","1","0","0","0"
"POINT (13.309579189000001 52.481917816000099)","Unfall 121189 (2022) Kat:3, Licht: 0","121189","3","6","2","08","11","2","","0","0","1","0","1"
"POINT (13.353719942000099 52.484992079999998)","Unfall 121193 (2022) Kat:3, Licht: 2","121193","3","5","1","04","23","2","","2","1","1","0","0"
"POINT (13.306695682999999 52.483195058000000)","Unfall 121194 (2022) Kat:3, Licht: 2","121194","3","6","2","03","18","3","","2","0","1","0","0"
"POINT (13.475974510000100 52.513650988000101)","Unfall 121197 (2022) Kat:3, Licht: 2","121197","3","5","1","09","20","6","","2","1","1","0","0"
"POINT (13.388102266000001 52.437637059000103)","Unfall 121198 (2022) Kat:3, Licht: 0","121198","3","3","5","07","12","4","","0","1","1","0","0"
"POINT (13.291171945000000 52.493838509000099)","Unfall 121200 (2022) Kat:2, Licht: 0","121200","2","1","8","06","20","3","","0","0","0","0","0"
"POINT (13.448706886000000 52.505203528000003)","Unfall 121203 (2022) Kat:3, Licht: 1","121203","3","7","6","08","21","5","","1","1","0","1","0"
"POINT (13.620659445000101 52.504201246000001)","Unfall 121204 (2022) Kat:2, Licht: 2","121204","2","2","5","01","19","6","","2","0","1","0","0"
"POINT (13.453629948000099 52.518502012000098)","Unfall 121206 (2022) Kat:3, Licht: 0","121206","3","3","5","11","14","6","","0","1","1","0","0"
"POINT (13.613386752000100 52.504764784000002)","Unfall 121207 (2022) Kat:3, Licht: 0","121207","3","2","5","10","07","5","","0","1","1","0","0"
"POINT (13.329360793999999 52.513162285000099)","Unfall 121209 (2022) Kat:3, Licht: 0","121209","3","6","2","06","15","2","","0","1","0","0","0"
"POINT (13.178777176000001 52.516459007000002)","Unfall 121211 (2022) Kat:3, Licht: 0","121211","3","6","2","05","04","5","","0","0","1","0","0"
"POINT (13.430188532000001 52.533915895000099)","Unfall 121217 (2022) Kat:3, Licht: 0","121217","3","3","5","03","08","6","","0","1","1","0","0"
"POINT (13.459424516000100 52.493127588999997)","Unfall 121218 (2022) Kat:3, Licht: 0","121218","3","6","3","11","09","4","","0","0","1","0","0"
"POINT (13.179091535000101 52.516648970000098)","Unfall 121220 (2022) Kat:3, Licht: 0","121220","3","1","0","09","14","1","","0","1","0","0","0"
"POINT (13.301423045000000 52.511155170000102)","Unfall 121222 (2022) Kat:3, Licht: 0","121222","3","2","5","08","12","4","","0","1","1","0","0"
"POINT (13.414634338000001 52.556093117000003)","Unfall 121225 (2022) Kat:3, Licht: 0","121225","3","2","5","04","13","6","","0","1","1","0","0"
"POINT (13.414635559000001 52.556084996000003)","Unfall 121226 (2022) Kat:3, Licht: 0","121226","3","2","5","02","15","3","","0","1","1","0","0"
"POINT (13.385769215000000 52.480346543000103)","Unfall 121228 (2022) Kat:3, Licht: 2","121228","3","5","1","12","06","1","","2","0","1","0","0"
"POINT (13.327416707999999 52.603878616000003)","Unfall 121229 (2022) Kat:3, Licht: 0","121229","3","6","2","08","15","2","","0","0","1","0","1"
"POINT (13.333891693000099 52.593701953000000)","Unfall 121231 (2022) Kat:3, Licht: 0","121231","3","5","1","07","16","3","","0","0","1","0","0"
"POINT (13.465160657000100 52.491099931000100)","Unfall 121233 (2022) Kat:3, Licht: 0","121233","3","3","5","06","16","6","","0","1","0","0","0"
"POINT (13.470713939000101 52.514191740999998)","Unfall 121236 (2022) Kat:3, Licht: 0","121236","3","4","6","08","08","2","","0","0","1","1","0"
"POINT (13.432137533000100 52.535213151999997)","Unfall 121238 (2022) Kat:3, Licht: 0","121238","3","6","2","01","15","5","","0","0","0","0","1"
"POINT (13.488300953000101 52.512410165000098)","Unfall 121239 (2022) Kat:3, Licht: 2","121239","3","2","5","11","19","4","","2","1","1","0","0"
"POINT (13.493155172000099 52.467782070000098)","Unfall 121240 (2022) Kat:3, Licht: 0","121240","3","2","5","10","14","2","","0","1","1","0","0"
"POINT (13.385768404000000 52.480310449000100)","Unfall 121243 (2022) Kat:3, Licht: 0","121243","3","2","5","05","16","5","","0","1","1","0","0"
"POINT (13.281467449999999 52.509904482000103)","Unfall 121247 (2022) Kat:3, Licht: 0","121247","3","6","2","05","09","6","","0","0","1","0","0"
"POINT (13.388894607000100 52.436456978000102)","Unfall 121250 (2022) Kat:2, Licht: 0","121250","2","3","6","03","16","4","","0","0","1","1","0"
"POINT (13.376683891000001 52.516144818000001)","Unfall 121251 (2022) Kat:3, Licht: 2","121251","3","2","3","10","21","2","","2","1","1","0","0"
"POINT (13.401473086000101 52.580524029999999)","Unfall 121253 (2022) Kat:3, Licht: 0","121253","3","6","0","09","18","1","","0","0","1","0","1"
"POINT (13.364409294000000 52.563764591999998)","Unfall 121255 (2022) Kat:3, Licht: 0","121255","3","2","5","07","10","6","","0","0","1","0","0"
"POINT (13.341812723000000 52.585625215000100)","Unfall 121257 (2022) Kat:3, Licht: 0","121257","3","3","5","06","13","7","","0","1","1","0","0"
"POINT (13.343687519000101 52.583166783000102)","Unfall 121259 (2022) Kat:2, Licht: 0","121259","2","3","5","04","19","3","","0","1","1","0","0"
"POINT (13.205273172000000 52.511351963000003)","Unfall 121260 (2022) Kat:3, Licht: 0","121260","3","6","4","02","16","2","","0","0","1","0","0"
"POINT (13.413760827000001 52.550776909000000)","Unfall 121262 (2022) Kat:3, Licht: 2","121262","3","2","6","12","05","4","","2","0","1","1","0"
"POINT (13.385329652000101 52.462655124999998)","Unfall 121264 (2022) Kat:3, Licht: 0","121264","3","6","3","06","09","4","","0","1","0","0","0"
"POINT (13.175314901000000 52.419996281000103)","Unfall 121266 (2022) Kat:3, Licht: 0","121266","3","6","2","05","13","7","","0","0","1","0","0"
"POINT (13.398646995000000 52.572364972000102)","Unfall 121272 (2022) Kat:3, Licht: 0","121272","3","6","2","11","09","3","","0","0","1","0","0"
"POINT (13.350594121000000 52.483471917000003)","Unfall 121273 (2022) Kat:3, Licht: 1","121273","3","6","3","09","18","6","","1","1","0","0","0"
"POINT (13.372233052000100 52.424237043000097)","Unfall 121276 (2022) Kat:3, Licht: 0","121276","3","5","5","05","14","4","","0","0","1","0","0"
"POINT (13.299348358000000 52.546336833000097)","Unfall 121280 (2022) Kat:3, Licht: 0","121280","3","6","2","04","14","6","","0","0","1","0","0"
"POINT (13.425407829000100 52.529795256000099)","Unfall 121282 (2022) Kat:3, Licht: 0","121282","3","3","5","12","13","3","","0","1","1","0","0"
"POINT (13.401834846000000 52.569204380000002)","Unfall 121283 (2022) Kat:2, Licht: 0","121283","2","6","3","03","15","4","","0","1","1","0","0"
"POINT (13.419697993000099 52.524743598000001)","Unfall 121285 (2022) Kat:3, Licht: 0","121285","3","7","2","10","17","5","","0","1","1","0","0"
"POINT (13.410927342000001 52.523105284000103)","Unfall 121287 (2022) Kat:3, Licht: 2","121287","3","1","0","09","01","3","","2","1","0","0","0"