WKT,Name,OBJECTID,UKATEGORIE,UTYP1,UART,UMONAT,USTUNDE,UWOCHENTAG,STRZUSTAND,ULICHTVERH,ISTRAD,ISTPKW,ISTFUSS,ISTKRAD
"POINT (13.332471405000000 52.513215662000100)","Unfall 121288 (2022) Kat:3, Licht: 0","121288","3","7","6","07","20","6","","0","1","0","1","0"
"POINT (13.145625033000000 52.418047898000097)","Unfall 121290 (2022) Kat:3, Licht: 0","121290","3","5","1","06","16","6","","0","1","1","0","0"
"POINT (13.470728266000000 52.514190286000002)","Unfall 121291 (2022) Kat:3, Licht: 0","121291","3","4","6","03","09","5","","0","0","1","1","0"
"POINT (13.457810280000000 52.491618054000099)","Unfall 121292 (2022) Kat:3, Licht: 0","121292","3","6","2","02","15","3","","0","1","0","0","0"
"POINT (13.398337414000000 52.571004881000100)","Unfall 121293 (2022) Kat:3, Licht: 2","121293","3","6","3","11","19","4","","2","0","1","0","1"
"POINT (13.375339495000000 52.428564086999998)","Unfall 121294 (2022) Kat:3, Licht: 0","121294","3","6","3","10","12","3","","0","0","1","0","1"
"POINT (13.352803547000100 52.402198151999997)","Unfall 121296 (2022) Kat:2, Licht: 0","121296","2","4","6","06","10","2","","0","0","1","1","0"
"POINT (13.396490119000100 52.423107967000099)","Unfall 121298 (2022) Kat:3, Licht: 0","121298","3","6","3","05","12","7","","0","0","1","0","1"
"POINT (13.389055762000099 52.494617439000102)","Unfall 121303 (2022) Kat:3, Licht: 2","121303","3","1","0","03","03","1","","2","0","0","0","0"
"POINT (13.310842064999999 52.560287074000001)","Unfall 121304 (2022) Kat:3, Licht: 2","121304","3","7","0","11","21","5","","2","0","0","0","1"
"POINT (13.459401946000099 52.492814064000100)","Unfall 121306 (2022) Kat:3, Licht: 2","121306","3","3","5","09","03","7","","2","0","1","0","0"
"POINT (13.361022637000101 52.493832378000000)","Unfall 121308 (2022) Kat:3, Licht: 0","121308","3","6","2","08","18","5","","0","0","1","0","0"
"POINT (13.364350555000000 52.563944342000099)","Unfall 121312 (2022) Kat:3, Licht: 0","121312","3","2","5","04","16","4","","0","1","1","0","0"
"POINT (13.412544219999999 52.543758179000100)","Unfall 121313 (2022) Kat:3, Licht: 2","121313","3","6","4","03","18","6","","2","1","0","0","0"
"POINT (13.453629948000099 52.518502012000098)","Unfall 121316 (2022) Kat:3, Licht: 0","121316","3","3","5","09","08","2","","0","1","1","0","0"
"POINT (13.447837104000000 52.502442612000003)","Unfall 121317 (2022) Kat:3, Licht: 2","121317","3","1","0","07","01","2","","2","1","0","0","0"
"POINT (13.462075179000101 52.495220013999997)","Unfall 121319 (2022) Kat:2, Licht: 0","121319","2","1","0","06","16","6","","0","1","0","0","0"
"POINT (13.384378997000100 52.452635374000103)","Unfall 121322 (2022) Kat:2, Licht: 0","121322","2","2","5","08","15","4","","0","1","1","0","0"
"POINT (13.456111643000000 52.460972110999997)","Unfall 121324 (2022) Kat:3, Licht: 0","121324","3","6","2","05","14","3","","0","0","1","0","0"
"POINT (13.462274275000000 52.495150993000003)","Unfall 121327 (2022) Kat:3, Licht: 0","121327","3","6","3","05","15","1","","0","1","0","0","0"
"POINT (13.409070928000100 52.517112738000002)","Unfall 121329 (2022) Kat:3, Licht: 2","121329","3","3","5","12","22","1","","2","0","1","0","0"
"POINT (13.385910790000001 52.476923845999998)","Unfall 121330 (2022) Kat:3, Licht: 0","121330","3","6","2","03","09","4","","0","0","1","0","0"
"POINT (13.436245837000101 52.462316283000099)","Unfall 121332 (2022) Kat:3, Licht: 0","121332","3","6","2","10","13","6","","0","0","1","0","0"
"POINT (13.302898021000001 52.511440641000000)","Unfall 121334 (2022) Kat:3, Licht: 0","121334","3","6","0","09","09","6","","0","0","1","0","1"
"POINT (13.269175997000000 52.509171874000103)","Unfall 121335 (2022) Kat:3, Licht: 0","121335","3","1","1","07","14","7","","0","0","1","0","1"
"POINT (13.340344356000100 52.478630220000099)","Unfall 121338 (2022) Kat:3, Licht: 0","121338","3","6","2","06","15","5","","0","0","1","0","0"
"POINT (13.324640907000100 52.607015592000003)","Unfall 121339 (2022) Kat:3, Licht: 0","121339","3","3","5","04","16","6","","0","0","1","0","0"
"POINT (13.380004131000000 52.509738964000100)","Unfall 121340 (2022) Kat:3, Licht: 0","121340","3","5","1","02","13","2","","0","0","1","0","0"
"POINT (13.368377028000101 52.541128570000097)","Unfall 121341 (2022) Kat:3, Licht: 2","121341","3","3","5","12","21","6","","2","0","1","0","0"
"POINT (13.512109206000000 52.455004643000102)","Unfall 121342 (2022) Kat:3, Licht: 1","121342","3","2","6","10","06","3","","1","0","0","1","1"
"POINT (13.453784343000100 52.515764296000000)","Unfall 121344 (2022) Kat:3, Licht: 0","121344","3","2","5","07","17","6","","0","0","0","0","0"
"POINT (13.370122237000000 52.539752825000100)","Unfall 121346 (2022) Kat:3, Licht: 0","121346","3","6","2","05","11","5","","0","0","1","0","0"
"POINT (13.228842283000100 52.506725296000099)","Unfall 121351 (2022) Kat:3, Licht: 1","121351","3","6","2","11","16","6","","1","0","1","0","1"
"POINT (13.453595362000000 52.518438002000003)","Unfall 121353 (2022) Kat:3, Licht: 2","121353","3","3","5","09","23","2","","2","1","1","0","0"
"POINT (13.416810829999999 52.522655565999997)","Unfall 121355 (2022) Kat:3, Licht: 2","121355","3","1","0","08","03","6","","2","0","0","0","0"
"POINT (13.285657819000100 52.515704949000103)","Unfall 121356 (2022) Kat:3, Licht: 2","121356","3","6","2","08","23","2","","2","0","1","0","0"
"POINT (13.286051277000100 52.532039403000098)","Unfall 121360 (2022) Kat:3, Licht: 0","121360","3","6","2","04","12","2","","0","0","1","0","0"
"POINT (13.417773754000100 52.523511339000002)","Unfall 121361 (2022) Kat:3, Licht: 0","121361","3","3","5","03","17","4","","0","1","1","0","0"
"POINT (13.376468472000100 52.470253024000002)","Unfall 121364 (2022) Kat:3, Licht: 0","121364","3","6","3","09","09","7","","0","0","1","0","0"
"POINT (13.225665768000100 52.460428231000002)","Unfall 121365 (2022) Kat:3, Licht: 0","121365","3","6","2","07","14","5","","0","0","1","0","0"
"POINT (13.365255549000000 52.558095853000097)","Unfall 121368 (2022) Kat:3, Licht: 0","121368","3","3","5","06","10","1","","0","0","1","0","0"
"POINT (13.403434447000100 52.519372826000101)","Unfall 121371 (2022) Kat:3, Licht: 0","121371","3","6","2","08","08","2","","0","0","1","0","0"
"POINT (13.316970513000101 52.478945723000002)","Unfall 121372 (2022) Kat:3, Licht: 2","121372","3","1","2","01","06","6","","2","0","1","0","0"
"POINT (13.521276062000000 52.425133313000103)","Unfall 121374 (2022) Kat:3, Licht: 0","121374","3","6","2","11","15","4","","0","0","1","0","0"
"POINT (13.386004658999999 52.444013867000102)","Unfall 121375 (2022) Kat:3, Licht: 2","121375","3","2","5","10","20","7","","2","1","0","0","0"
"POINT (13.379299142000001 52.436374752000098)","Unfall 121378 (2022) Kat:3, Licht: 0","121378","3","3","0","06","10","5","","0","0","1","0","1"
"POINT (13.281610805000099 52.526456836000101)","Unfall 121380 (2022) Kat:3, Licht: 2","121380","3","6","3","05","21","7","","2","0","1","0","0"
"POINT (13.455259274000101 52.500398212000100)","Unfall 121386 (2022) Kat:3, Licht: 0","121386","3","2","5","03","13","1","","0","1","1","0","0"
"POINT (13.280238818000001 52.509824660000000)","Unfall 121387 (2022) Kat:3, Licht: 0","121387","3","6","0","11","11","3","","0","0","1","0","1"
"POINT (13.282673345999999 52.528488487000097)","Unfall 121389 (2022) Kat:3, Licht: 0","121389","3","6","3","09","10","3","","0","0","1","0","0"
"POINT (13.536912905000101 52.530058490000002)","Unfall 121391 (2022) Kat:2, Licht: 0","121391","2","3","5","08","09","3","","0","0","1","0","0"
"POINT (13.328187336999999 52.460093422000099)","Unfall 121395 (2022) Kat:3, Licht: 0","121395","3","3","5","04","11","3","","0","0","1","0","0"
"POINT (13.423129276999999 52.527561450000100)","Unfall 121396 (2022) Kat:3, Licht: 0","121396","3","3","2","02","17","2","","0","1","1","0","1"
"POINT (13.347643793000000 52.574369202000099)","Unfall 121398 (2022) Kat:3, Licht: 2","121398","3","3","5","12","19","2","","2","0","1","0","0"
"POINT (13.342065111000100 52.470614894999997)","Unfall 121399 (2022) Kat:3, Licht: 0","121399","3","6","2","08","14","4","","0","0","1","0","0"
"POINT (13.483306115000101 52.576330763000001)","Unfall 121401 (2022) Kat:3, Licht: 0","121401","3","3","5","07","18","4","","0","1","1","0","0"
"POINT (13.404606534999999 52.519802167000101)","Unfall 121403 (2022) Kat:3, Licht: 0","121403","3","7","0","06","13","4","","0","1","0","0","0"
"POINT (13.349799869000000 52.481098664999998)","Unfall 121407 (2022) Kat:3, Licht: 2","121407","3","2","5","01","17","2","","2","1","1","0","0"
"POINT (13.493105866000100 52.467815411000103)","Unfall 121408 (2022) Kat:3, Licht: 2","121408","3","3","5","11","18","3","","2","1","1","0","0"
"POINT (13.401743391000000 52.590098458000099)","Unfall 121409 (2022) Kat:3, Licht: 0","121409","3","4","6","09","06","5","","0","0","1","1","0"
"POINT (13.390831171000100 52.433082797000097)","Unfall 121412 (2022) Kat:3, Licht: 0","121412","3","6","2","05","10","7","","0","0","1","0","0"
"POINT (13.448595232000100 52.505021743000000)","Unfall 121417 (2022) Kat:3, Licht: 2","121417","3","6","3","05","00","6","","2","1","0","0","0"
"POINT (13.368580512999999 52.541071341000098)","Unfall 121419 (2022) Kat:3, Licht: 0","121419","3","2","5","12","15","5","","0","0","1","0","0"
"POINT (13.511191785000101 52.510363701000102)","Unfall 121420 (2022) Kat:3, Licht: 0","121420","3","6","3","03","06","5","","0","0","1","0","0"
"POINT (13.284516945000099 52.508483163000101)","Unfall 121421 (2022) Kat:2, Licht: 0","121421","2","6","2","10","15","3","","0","0","1","0","0"
"POINT (13.370512446000101 52.540010654000099)","Unfall 121423 (2022) Kat:3, Licht: 0","121423","3","2","5","09","08","2","","0","1","0","0","0"
"POINT (13.286817220000000 52.532170285000099)","Unfall 121425 (2022) Kat:3, Licht: 0","121425","3","6","2","07","09","7","","0","0","1","0","0"
"POINT (13.412997771000100 52.519390155000103)","Unfall 121427 (2022) Kat:2, Licht: 0","121427","2","1","8","06","05","3","","0","0","0","0","1"
"POINT (13.347641601000101 52.574350283999998)","Unfall 121429 (2022) Kat:3, Licht: 0","121429","3","6","2","04","09","2","","0","0","1","0","0"
"POINT (13.498838417000099 52.621348560999998)","Unfall 121430 (2022) Kat:2, Licht: 0","121430","2","1","9","02","15","1","","0","0","1","0","0"
"POINT (13.444546450000100 52.545316797000098)","Unfall 121432 (2022) Kat:3, Licht: 0","121432","3","2","5","12","14","6","","0","1","1","0","0"
"POINT (13.385773776000100 52.470255868000002)","Unfall 121434 (2022) Kat:3, Licht: 0","121434","3","5","0","07","11","1","","0","0","1","0","1"
"POINT (13.190279515000000 52.419285690000002)","Unfall 121436 (2022) Kat:2, Licht: 0","121436","2","6","0","05","13","5","","0","1","0","0","0"
"POINT (13.387562963000100 52.438989915000001)","Unfall 121442 (2022) Kat:3, Licht: 0","121442","3","3","0","11","16","1","","0","0","1","0","0"
"POINT (13.350275508999999 52.482920800000002)","Unfall 121443 (2022) Kat:3, Licht: 0","121443","3","6","0","09","17","4","","0","0","1","0","0"
"POINT (13.372204407000000 52.505426200000002)","Unfall 121446 (2022) Kat:3, Licht: 0","121446","3","6","2","05","15","4","","0","0","1","0","0"
"POINT (13.286487687999999 52.593456952000103)","Unfall 121450 (2022) Kat:3, Licht: 0","121450","3","7","0","04","11","6","","0","0","1","0","0"
"POINT (13.379436463999999 52.509700170000002)","Unfall 121452 (2022) Kat:3, Licht: 2","121452","3","6","2","03","23","2","","2","0","1","0","0"
"POINT (13.450136208000099 52.516270882000100)","Unfall 121455 (2022) Kat:3, Licht: 0","121455","3","5","1","09","18","6","","0","1","1","0","0"
"POINT (13.377823586000000 52.433840670000102)","Unfall 121456 (2022) Kat:3, Licht: 0","121456","3","2","0","07","13","6","","0","0","1","0","0"
"POINT (13.458813008000000 52.492681337000100)","Unfall 121458 (2022) Kat:3, Licht: 0","121458","3","3","5","06","15","5","","0","1","1","0","0"
"POINT (13.313255181000001 52.621176085000101)","Unfall 121459 (2022) Kat:3, Licht: 0","121459","3","6","2","04","13","7","","0","0","1","0","1"
"POINT (13.460540267000100 52.493961042000102)","Unfall 121460 (2022) Kat:3, Licht: 2","121460","3","2","5","02","23","5","","2","1","1","0","0"
"POINT (13.419509678000100 52.461037363999999)","Unfall 121461 (2022) Kat:3, Licht: 0","121461","3","6","2","12","11","5","","0","0","1","0","0"
"POINT (13.283087997999999 52.528817003000000)","Unfall 121462 (2022) Kat:2, Licht: 0","121462","2","6","2","10","13","4","","0","0","1","0","0"
"POINT (13.414635915000099 52.556082625999998)","Unfall 121464 (2022) Kat:3, Licht: 0","121464","3","2","5","06","16","6","","0","1","1","0","0"
"POINT (13.423998873000100 52.539329115000001)","Unfall 121466 (2022) Kat:2, Licht: 0","121466","2","7","0","05","06","7","","0","0","0","0","0"
"POINT (13.427513371000000 52.518917380000097)","Unfall 121471 (2022) Kat:3, Licht: 2","121471","3","3","5","03","20","4","","2","1","1","0","0"
"POINT (13.582009068000000 52.505080420000098)","Unfall 121472 (2022) Kat:3, Licht: 0","121472","3","2","5","10","09","6","","0","1","0","0","0"
"POINT (13.358854237999999 52.474090299000103)","Unfall 121474 (2022) Kat:3, Licht: 0","121474","3","6","2","09","15","1","","0","0","1","0","0"
"POINT (13.369151449000100 52.539210798000099)","Unfall 121476 (2022) Kat:3, Licht: 0","121476","3","6","2","08","16","3","","0","0","1","0","0"
"POINT (13.398417607000100 52.577615826000098)","Unfall 121480 (2022) Kat:2, Licht: 2","121480","2","5","1","04","22","6","","2","0","1","0","0"
"POINT (13.259213089000101 52.508577350000103)","Unfall 121481 (2022) Kat:3, Licht: 2","121481","3","2","2","02","05","6","","2","0","1","0","0"
"POINT (13.308481352999999 52.482417999000099)","Unfall 121483 (2022) Kat:2, Licht: 0","121483","2","6","2","08","13","6","","0","0","1","0","0"
"POINT (13.448161262999999 52.526004457000099)","Unfall 121484 (2022) Kat:3, Licht: 0","121484","3","6","2","07","17","6","","0","0","1","0","0"
"POINT (13.327636289999999 52.477814335000097)","Unfall 121486 (2022) Kat:2, Licht: 0","121486","2","6","2","06","12","6","","0","0","0","0","1"
"POINT (13.340685538000100 52.478878872000102)","Unfall 121489 (2022) Kat:3, Licht: 0","121489","3","6","3","08","06","2","","0","0","1","0","1"
"POINT (13.282991083000100 52.528677281000100)","Unfall 121491 (2022) Kat:3, Licht: 0","121491","3","6","2","01","14","2","","0","0","1","0","0"
"POINT (13.359054670000001 52.573396122000098)","Unfall 121493 (2022) Kat:3, Licht: 0","121493","3","2","5","11","12","6","","0","0","1","0","0"
"POINT (13.476432859999999 52.568117463000100)","Unfall 121494 (2022) Kat:3, Licht: 0","121494","3","3","5","10","12","5","","0","1","1","0","0"
"POINT (13.377703922000000 52.433589480000101)","Unfall 121496 (2022) Kat:3, Licht: 0","121496","3","3","2","06","17","2","","0","0","1","0","1"
"POINT (13.324549337000100 52.607127173000002)","Unfall 121498 (2022) Kat:2, Licht: 2","121498","2","1","0","05","21","7","","2","1","0","0","0"
"POINT (13.416801357000100 52.522115542000101)","Unfall 121502 (2022) Kat:3, Licht: 0","121502","3","2","5","05","19","3","","0","0","1","0","1"
"POINT (13.442220642000100 52.543867818000102)","Unfall 121504 (2022) Kat:3, Licht: 2","121504","3","6","3","12","16","7","","2","1","1","0","0"
"POINT (13.327404048000099 52.603889165000098)","Unfall 121505 (2022) Kat:3, Licht: 0","121505","3","6","3","03","13","3","","0","1","1","0","0"
"POINT (13.261036788000100 52.508672708000098)","Unfall 121506 (2022) Kat:3, Licht: 0","121506","3","2","5","10","09","4","","0","0","1","0","0"
"POINT (13.283017106999999 52.441855310000101)","Unfall 121508 (2022) Kat:3, Licht: 2","121508","3","2","0","09","21","6","","2","1","1","0","0"
"POINT (13.385031677000001 52.449265207000103)","Unfall 121510 (2022) Kat:3, Licht: 0","121510","3","2","2","08","15","3","","0","0","1","0","0"
"POINT (13.416774180000100 52.522091332999999)","Unfall 121512 (2022) Kat:3, Licht: 0","121512","3","2","5","06","15","5","","0","1","1","0","0"
"POINT (13.341633916999999 52.513855372000101)","Unfall 121515 (2022) Kat:3, Licht: 0","121515","3","6","3","04","08","2","","0","0","1","0","0"
"POINT (13.398897943000099 52.575640421999999)","Unfall 121516 (2022) Kat:3, Licht: 0","121516","3","6","2","02","14","3","","0","0","1","0","0"
"POINT (13.262669702000000 52.490933120000101)","Unfall 121518 (2022) Kat:3, Licht: 2","121518","3","6","3","12","16","5","","2","0","1","0","0"
"POINT (13.389163479000000 52.620489989000099)","Unfall 121519 (2022) Kat:3, Licht: 0","121519","3","6","4","08","14","4","","0","1","0","0","0"
"POINT (13.408917193000001 52.516975959000000)","Unfall 121521 (2022) Kat:3, Licht: 0","121521","3","2","5","07","12","2","","0","1","0","0","1"
"POINT (13.214702570000000 52.427532413999998)","Unfall 121523 (2022) Kat:3, Licht: 0","121523","3","2","5","06","15","4","","0","0","1","0","0"
"POINT (13.443555986000000 52.462783674000001)","Unfall 121528 (2022) Kat:2, Licht: 2","121528","2","1","8","01","17","2","","2","0","1","0","0"
"POINT (13.179811895000100 52.516500884999999)","Unfall 121529 (2022) Kat:3, Licht: 2","121529","3","3","5","11","16","4","","2","0","1","0","0"
"POINT (13.425338591000100 52.519210842000099)","Unfall 121530 (2022) Kat:3, Licht: 2","121530","3","6","2","10","03","7","","2","0","0","0","0"
"POINT (13.332622695000101 52.463983246000097)","Unfall 121532 (2022) Kat:3, Licht: 0","121532","3","1","9","08","08","3","","0","0","0","0","0"
"POINT (13.318911378000100 52.610798844999998)","Unfall 121534 (2022) Kat:3, Licht: 0","121534","3","2","5","05","14","7","","0","1","1","0","0"
"POINT (13.447946323000100 52.504079429999997)","Unfall 121539 (2022) Kat:3, Licht: 1","121539","3","2","5","05","20","3","","1","1","1","0","0"
"POINT (13.263700192000000 52.508836766000101)","Unfall 121541 (2022) Kat:3, Licht: 1","121541","3","6","2","12","16","3","","1","0","1","0","0"
"POINT (13.494008508000000 52.511835546000000)","Unfall 121542 (2022) Kat:3, Licht: 0","121542","3","2","5","03","08","4","","0","1","1","0","0"
"POINT (13.467375862999999 52.514526994000100)","Unfall 121543 (2022) Kat:3, Licht: 2","121543","3","2","6","01","17","3","","2","0","1","1","0"
"POINT (13.448295193000000 52.633297980000101)","Unfall 121545 (2022) Kat:2, Licht: 2","121545","2","6","2","11","06","3","","2","0","1","0","0"
"POINT (13.281675404000101 52.509917991000101)","Unfall 121546 (2022) Kat:3, Licht: 2","121546","3","1","8","10","00","6","","2","0","1","0","0"
"POINT (13.291619748000100 52.586027094000002)","Unfall 121549 (2022) Kat:3, Licht: 0","121549","3","7","0","06","09","6","","0","0","1","0","0"
"POINT (13.428629819999999 52.537568372000102)","Unfall 121551 (2022) Kat:2, Licht: 0","121551","2","2","2","05","20","5","","0","1","1","0","0"
"POINT (13.301441882000100 52.549234410000103)","Unfall 121555 (2022) Kat:3, Licht: 0","121555","3","6","3","05","07","5","","0","0","1","0","0"
"POINT (13.424364379000099 52.539260357000003)","Unfall 121558 (2022) Kat:3, Licht: 1","121558","3","2","5","03","17","7","","1","1","1","0","0"
"POINT (13.473321194000100 52.566727471000000)","Unfall 121559 (2022) Kat:2, Licht: 2","121559","2","2","5","10","06","3","","2","0","1","0","1"
"POINT (13.460047379000100 52.493184661000001)","Unfall 121561 (2022) Kat:3, Licht: 0","121561","3","3","5","09","08","2","","0","1","1","0","0"
"POINT (13.402675284000100 52.592748185000097)","Unfall 121563 (2022) Kat:3, Licht: 0","121563","3","6","2","07","20","7","","0","1","0","0","0"
"POINT (13.402484642999999 52.592096568999999)","Unfall 121565 (2022) Kat:3, Licht: 0","121565","3","3","5","06","11","5","","0","1","1","0","0"
"POINT (13.365497956000100 52.557988584999997)","Unfall 121568 (2022) Kat:3, Licht: 0","121568","3","3","5","04","16","4","","0","0","1","0","0"
"POINT (13.451637212000000 52.548539437000002)","Unfall 121569 (2022) Kat:3, Licht: 0","121569","3","7","6","02","07","3","","0","1","0","1","0"
"POINT (13.325148350000100 52.477825430999999)","Unfall 121571 (2022) Kat:3, Licht: 0","121571","3","6","2","12","14","3","","0","0","1","0","0"
"POINT (13.284830489000100 52.495180759999997)","Unfall 121572 (2022) Kat:2, Licht: 2","121572","2","1","8","08","20","6","","2","0","1","0","0"
"POINT (13.389105996000101 52.494675385000100)","Unfall 121574 (2022) Kat:3, Licht: 0","121574","3","6","2","07","10","2","","0","0","1","0","0"
"POINT (13.323504232000101 52.512782066000099)","Unfall 121576 (2022) Kat:3, Licht: 0","121576","3","6","2","05","16","1","","0","0","1","0","0"
"POINT (13.370227786999999 52.539934188000103)","Unfall 121580 (2022) Kat:3, Licht: 2","121580","3","2","6","01","17","2","","2","0","0","1","0"
"POINT (13.367355723000101 52.551689772000003)","Unfall 121581 (2022) Kat:3, Licht: 2","121581","3","2","5","11","20","6","","2","1","1","0","0"
"POINT (13.494993346000101 52.435130417000003)","Unfall 121582 (2022) Kat:3, Licht: 0","121582","3","6","0","10","15","1","","0","0","1","0","0"
"POINT (13.560351410000100 52.562233590000098)","Unfall 121585 (2022) Kat:2, Licht: 0","121585","2","3","5","05","14","7","","0","0","1","0","0"
"POINT (13.199960264000000 52.512418609000100)","Unfall 121590 (2022) Kat:2, Licht: 0","121590","2","1","0","05","12","1","","0","1","0","0","0"
"POINT (13.369857515000000 52.515831362000000)","Unfall 121592 (2022) Kat:3, Licht: 2","121592","3","2","5","12","21","1","","2","0","1","0","0"
"POINT (13.344291704000099 52.478378394000103)","Unfall 121593 (2022) Kat:3, Licht: 1","121593","3","6","2","03","06","4","","1","0","1","0","0"
"POINT (13.454233858000100 52.515697083000099)","Unfall 121594 (2022) Kat:3, Licht: 0","121594","3","2","5","10","11","3","","0","0","1","0","0"
"POINT (13.523566141000099 52.412107220000102)","Unfall 121596 (2022) Kat:3, Licht: 0","121596","3","1","9","09","17","4","","0","0","1","0","0"
"POINT (13.306121136000099 52.483444968000100)","Unfall 121598 (2022) Kat:3, Licht: 0","121598","3","6","3","07","16","4","","0","0","1","0","0"
"POINT (13.386020628000001 52.488716842000002)","Unfall 121600 (2022) Kat:3, Licht: 0","121600","3","1","0","06","12","2","","0","0","0","0","1"
"POINT (13.368371399000100 52.506349718000102)","Unfall 121602 (2022) Kat:2, Licht: 0","121602","2","3","5","04","17","2","","0","0","0","0","1"
"POINT (13.388715419000100 52.498145612000002)","Unfall 121603 (2022) Kat:3, Licht: 2","121603","3","3","5","02","17","3","","2","1","1","0","0"
"POINT (13.282942412000100 52.528603573000098)","Unfall 121605 (2022) Kat:3, Licht: 2","121605","3","6","2","12","17","2","","2","0","1","0","0"
"POINT (13.258648691000101 52.508542079999998)","Unfall 121607 (2022) Kat:3, Licht: 0","121607","3","6","2","06","12","4","","0","0","1","0","0"
"POINT (13.448385150000000 52.504704800000098)","Unfall 121609 (2022) Kat:3, Licht: 2","121609","3","3","5","05","00","6","","2","1","1","0","0"
"POINT (13.358020619000101 52.573421776000004)","Unfall 121616 (2022) Kat:3, Licht: 2","121616","3","2","5","11","00","1","","2","0","1","0","0"
"POINT (13.421663627999999 52.539680124000000)","Unfall 121617 (2022) Kat:3, Licht: 0","121617","3","2","5","09","16","3","","0","1","1","0","0"
"POINT (13.444033340000001 52.529575864000002)","Unfall 121620 (2022) Kat:3, Licht: 0","121620","3","6","2","08","09","5","","0","0","1","0","0"
"POINT (13.453735232000000 52.515953049000103)","Unfall 121624 (2022) Kat:3, Licht: 1","121624","3","2","5","04","18","5","","1","1","1","0","0"
"POINT (13.306258541000000 52.567947686000103)","Unfall 121625 (2022) Kat:2, Licht: 0","121625","2","1","3","03","14","3","","0","0","1","0","0"
"POINT (13.498531121999999 52.464074019000101)","Unfall 121628 (2022) Kat:3, Licht: 0","121628","3","3","5","09","13","2","","0","1","1","0","0"
"POINT (13.349337847000101 52.475203057999998)","Unfall 121629 (2022) Kat:3, Licht: 0","121629","3","6","3","07","13","5","","0","0","1","0","0"
"POINT (13.367720851000101 52.504981338999997)","Unfall 121631 (2022) Kat:3, Licht: 0","121631","3","4","6","06","10","4","","0","0","1","1","0"
"POINT (13.512457579000101 52.454600237000101)","Unfall 121632 (2022) Kat:3, Licht: 1","121632","3","6","4","04","06","5","","1","0","1","0","0"
"POINT (13.354997697000000 52.478229231999997)","Unfall 121633 (2022) Kat:3, Licht: 0","121633","3","2","0","02","17","7","","0","1","0","0","0"
"POINT (13.497075468000000 52.465082973999998)","Unfall 121634 (2022) Kat:3, Licht: 2","121634","3","2","5","11","18","1","","2","1","1","0","0"
"POINT (13.386053978000101 52.483232955000098)","Unfall 121635 (2022) Kat:3, Licht: 2","121635","3","2","5","10","19","7","","2","1","0","0","0"
"POINT (13.409067193000100 52.517109498000103)","Unfall 121637 (2022) Kat:3, Licht: 2","121637","3","2","5","06","03","4","","2","0","1","0","0"
"POINT (13.428501960000100 52.532084308000002)","Unfall 121639 (2022) Kat:3, Licht: 2","121639","3","1","0","05","23","6","","2","1","0","0","0"
"POINT (13.357728271999999 52.487772673999999)","Unfall 121644 (2022) Kat:3, Licht: 0","121644","3","5","1","03","19","3","","0","1","1","0","0"
"POINT (13.281991198000100 52.498263303999998)","Unfall 121645 (2022) Kat:3, Licht: 2","121645","3","6","3","10","17","2","","2","0","1","0","0"
"POINT (13.468165349000101 52.484597792000002)","Unfall 121647 (2022) Kat:3, Licht: 2","121647","3","1","9","09","01","7","","2","0","1","0","0"
"POINT (13.126298731000100 52.478577321000003)","Unfall 121649 (2022) Kat:3, Licht: 0","121649","3","2","5","08","09","6","","0","1","0","0","0"
"POINT (13.511843111000100 52.455015105000001)","Unfall 121653 (2022) Kat:3, Licht: 0","121653","3","4","6","04","08","7","","0","0","1","1","0"
"POINT (13.282727929000000 52.497210625999998)","Unfall 121654 (2022) Kat:2, Licht: 2","121654","2","1","9","02","04","4","","2","0","1","0","0"
"POINT (13.292309199000000 52.510582048000103)","Unfall 121656 (2022) Kat:3, Licht: 2","121656","3","5","1","09","22","5","","2","0","1","0","0"
"POINT (13.312282609000000 52.564792683000100)","Unfall 121657 (2022) Kat:3, Licht: 0","121657","3","6","2","07","11","6","","0","0","1","0","1"
"POINT (13.452819235000000 52.518138029000099)","Unfall 121659 (2022) Kat:3, Licht: 1","121659","3","1","0","06","21","4","","1","1","1","0","0"
"POINT (13.298720053000100 52.488853236000097)","Unfall 121662 (2022) Kat:3, Licht: 0","121662","3","6","2","08","11","6","","0","0","1","0","0"
"POINT (13.452486545000101 52.518435419000099)","Unfall 121664 (2022) Kat:3, Licht: 0","121664","3","2","5","01","09","2","","0","1","1","0","0"
"POINT (13.370070159000001 52.515726315999999)","Unfall 121666 (2022) Kat:3, Licht: 2","121666","3","2","2","11","19","5","","2","1","1","0","0"
"POINT (13.376450816000000 52.430927885000102)","Unfall 121667 (2022) Kat:2, Licht: 0","121667","2","3","5","10","11","1","","0","0","1","0","1"
"POINT (13.236495891000100 52.469242630000103)","Unfall 121670 (2022) Kat:3, Licht: 0","121670","3","6","2","05","16","5","","0","0","1","0","0"
"POINT (13.284583216000000 52.442528436000003)","Unfall 121674 (2022) Kat:3, Licht: 1","121674","3","6","3","05","05","6","","1","0","1","0","0"
"POINT (13.363318818000000 52.565531077000102)","Unfall 121677 (2022) Kat:3, Licht: 0","121677","3","2","5","03","15","2","","0","1","1","0","0"
"POINT (13.396933854000100 52.422323390000003)","Unfall 121678 (2022) Kat:2, Licht: 2","121678","2","5","1","10","03","2","","2","0","1","0","0"