WKT,Name,OBJECTID,UKATEGORIE,UTYP1,UART,UMONAT,USTUNDE,UWOCHENTAG,STRZUSTAND,ULICHTVERH,ISTRAD,ISTPKW,ISTFUSS,ISTKRAD
"POINT (13.483387886000100 52.577358760000003)","Unfall 122064 (2022) Kat:3, Licht: 0","122064","3","7","4","09","13","2","","0","0","0","0","0"
"POINT (13.453774737000099 52.515720089000098)","Unfall 122066 (2022) Kat:2, Licht: 0","122066","2","2","5","08","10","5","","0","1","1","0","0"
"POINT (13.390038805000099 52.433846686999999)","Unfall 122067 (2022) Kat:3, Licht: 0","122067","3","6","3","08","16","5","","0","0","1","0","1"
"POINT (13.381894666999999 52.439275186000003)","Unfall 122071 (2022) Kat:3, Licht: 0","122071","3","1","0","04","16","3","","0","0","0","0","1"
"POINT (13.343806774000001 52.583012284000098)","Unfall 122072 (2022) Kat:3, Licht: 2","122072","3","1","8","03","18","1","","2","0","1","1","0"
"POINT (13.581359923999999 52.505085582000000)","Unfall 122075 (2022) Kat:3, Licht: 2","122075","3","2","5","09","20","5","","2","1","1","0","0"
"POINT (13.129849948000100 52.480841166000097)","Unfall 122076 (2022) Kat:3, Licht: 0","122076","3","6","2","07","16","5","","0","0","1","0","0"
"POINT (13.152297438000099 52.497946896000002)","Unfall 122078 (2022) Kat:3, Licht: 0","122078","3","6","2","06","13","7","","0","0","1","0","0"
"POINT (13.499907619000100 52.621088176999997)","Unfall 122081 (2022) Kat:2, Licht: 2","122081","2","6","2","08","22","6","","2","0","1","0","0"
"POINT (13.337315289999999 52.478468681000003)","Unfall 122082 (2022) Kat:3, Licht: 2","122082","3","1","9","01","23","5","","2","0","1","0","0"
"POINT (13.309225359999999 52.511854592000098)","Unfall 122084 (2022) Kat:3, Licht: 2","122084","3","2","6","11","20","6","","2","0","0","1","0"
"POINT (13.402389453000101 52.591767804000000)","Unfall 122085 (2022) Kat:3, Licht: 0","122085","3","2","5","10","18","6","","0","1","1","0","0"
"POINT (13.358133025000001 52.487931121000003)","Unfall 122088 (2022) Kat:3, Licht: 0","122088","3","5","1","06","08","6","","0","0","1","0","0"
"POINT (13.457711990000099 52.491725961000000)","Unfall 122090 (2022) Kat:3, Licht: 1","122090","3","3","5","05","04","6","","1","0","1","0","0"
"POINT (13.283311121000100 52.529138681000099)","Unfall 122095 (2022) Kat:3, Licht: 2","122095","3","6","3","12","18","5","","2","0","1","0","0"
"POINT (13.353709851000101 52.473856834000102)","Unfall 122096 (2022) Kat:3, Licht: 0","122096","3","6","3","03","10","3","","0","0","1","0","0"
"POINT (13.377706000000000 52.433593848999998)","Unfall 122097 (2022) Kat:3, Licht: 0","122097","3","3","5","11","11","6","","0","0","1","0","0"
"POINT (13.443550931000100 52.615327929999999)","Unfall 122099 (2022) Kat:3, Licht: 2","122099","3","3","5","09","05","4","","2","0","1","0","0"
"POINT (13.384721279000100 52.451920231000003)","Unfall 122101 (2022) Kat:3, Licht: 0","122101","3","6","2","07","09","7","","0","0","1","0","0"
"POINT (13.281331128000000 52.522669689000097)","Unfall 122103 (2022) Kat:3, Licht: 0","122103","3","6","2","06","09","2","","0","0","1","0","0"
"POINT (13.416783340000100 52.522099492999999)","Unfall 122106 (2022) Kat:3, Licht: 2","122106","3","6","2","04","02","6","","2","0","1","0","0"
"POINT (13.357174302000001 52.473926736000102)","Unfall 122107 (2022) Kat:3, Licht: 0","122107","3","6","2","02","06","2","","0","0","1","0","0"
"POINT (13.473246069000000 52.481543009000099)","Unfall 122109 (2022) Kat:2, Licht: 2","122109","2","1","9","12","01","6","","2","0","1","0","0"
"POINT (13.152254089000101 52.418703112999999)","Unfall 122110 (2022) Kat:3, Licht: 0","122110","3","2","5","08","09","2","","0","1","1","0","0"
"POINT (13.347494978000000 52.476206859000101)","Unfall 122112 (2022) Kat:3, Licht: 0","122112","3","6","2","07","12","4","","0","0","1","0","0"
"POINT (13.389139840000000 52.498031347999998)","Unfall 122114 (2022) Kat:3, Licht: 0","122114","3","6","2","05","13","2","","0","0","1","0","1"
"POINT (13.275250946000000 52.509667498000098)","Unfall 122118 (2022) Kat:3, Licht: 2","122118","3","7","5","01","23","4","","2","0","1","0","0"
"POINT (13.473537933999999 52.513758413000097)","Unfall 122119 (2022) Kat:3, Licht: 0","122119","3","2","6","11","10","2","","0","0","0","1","0"
"POINT (13.285597268000100 52.515758037000097)","Unfall 122120 (2022) Kat:3, Licht: 0","122120","3","6","2","10","16","3","","0","0","0","0","1"
"POINT (13.432715658000101 52.536174319000096)","Unfall 122123 (2022) Kat:3, Licht: 0","122123","3","2","5","05","08","3","","0","1","1","0","0"
"POINT (13.380125864000000 52.509746832000097)","Unfall 122127 (2022) Kat:3, Licht: 0","122127","3","6","0","04","14","5","","0","0","0","0","1"
"POINT (13.285435165000001 52.531621851000097)","Unfall 122129 (2022) Kat:3, Licht: 0","122129","3","6","3","12","10","5","","0","0","1","0","1"
"POINT (13.263303802000101 52.435030144000102)","Unfall 122130 (2022) Kat:3, Licht: 0","122130","3","6","2","03","15","1","","0","0","1","0","0"
"POINT (13.367193886000100 52.551661180000103)","Unfall 122131 (2022) Kat:3, Licht: 0","122131","3","3","5","10","16","5","","0","1","1","0","0"
"POINT (13.389461504000099 52.495091168000002)","Unfall 122133 (2022) Kat:3, Licht: 0","122133","3","4","6","09","07","6","","0","1","1","1","0"
"POINT (13.435854493000001 52.462415045000100)","Unfall 122135 (2022) Kat:3, Licht: 1","122135","3","6","3","07","05","6","","1","0","1","0","0"
"POINT (13.364631557999999 52.561374581000102)","Unfall 122137 (2022) Kat:2, Licht: 0","122137","2","2","5","06","15","1","","0","1","1","0","0"
"POINT (13.413725281000000 52.550571971000103)","Unfall 122139 (2022) Kat:3, Licht: 0","122139","3","2","5","04","12","7","","0","1","1","0","0"
"POINT (13.365257026000100 52.558088193000103)","Unfall 122140 (2022) Kat:3, Licht: 2","122140","3","3","5","02","20","7","","2","0","1","0","0"
"POINT (13.443996134000001 52.529610085000101)","Unfall 122142 (2022) Kat:3, Licht: 1","122142","3","6","2","12","15","1","","1","0","1","0","0"
"POINT (13.333666964000001 52.513298616999997)","Unfall 122144 (2022) Kat:3, Licht: 0","122144","3","6","3","07","16","7","","0","0","1","0","1"
"POINT (13.388824862000000 52.498118724999998)","Unfall 122146 (2022) Kat:2, Licht: 0","122146","2","3","5","05","12","2","","0","0","1","0","0"
"POINT (13.379452986000000 52.509701310000104)","Unfall 122152 (2022) Kat:3, Licht: 1","122152","3","4","6","11","15","6","","1","1","0","1","0"
"POINT (13.388044637000100 52.437799353999999)","Unfall 122153 (2022) Kat:3, Licht: 0","122153","3","6","2","09","13","7","","0","0","1","0","0"
"POINT (13.523561492000100 52.412062464000002)","Unfall 122156 (2022) Kat:3, Licht: 0","122156","3","6","2","08","12","4","","0","0","1","0","0"
"POINT (13.292754658000000 52.445494979999999)","Unfall 122160 (2022) Kat:3, Licht: 0","122160","3","5","1","04","12","3","","0","0","1","0","0"
"POINT (13.346080970999999 52.477192850000101)","Unfall 122161 (2022) Kat:3, Licht: 2","122161","3","6","2","03","19","4","","2","0","1","0","0"
"POINT (13.282018138000099 52.509940798000102)","Unfall 122164 (2022) Kat:3, Licht: 0","122164","3","2","5","09","09","5","","0","0","1","0","0"
"POINT (13.396349622000100 52.423357459000002)","Unfall 122165 (2022) Kat:3, Licht: 0","122165","3","2","5","07","06","5","","0","0","1","0","0"
"POINT (13.171835691000100 52.511262214000098)","Unfall 122167 (2022) Kat:3, Licht: 0","122167","3","4","6","06","16","4","","0","1","0","1","0"
"POINT (13.203510228000001 52.423794100000102)","Unfall 122168 (2022) Kat:3, Licht: 2","122168","3","4","0","04","20","2","","2","0","1","1","0"
"POINT (13.408019994000000 52.521536107000003)","Unfall 122169 (2022) Kat:3, Licht: 2","122169","3","4","6","02","19","3","","2","0","1","1","0"
"POINT (13.307140812000100 52.566584533000103)","Unfall 122170 (2022) Kat:3, Licht: 1","122170","3","1","9","12","07","5","","1","0","0","0","1"
"POINT (13.367037187000101 52.418075010000102)","Unfall 122171 (2022) Kat:3, Licht: 0","122171","3","5","1","10","15","3","","0","0","1","0","0"
"POINT (13.396834628000001 52.517468225000101)","Unfall 122173 (2022) Kat:3, Licht: 0","122173","3","6","3","06","13","7","","0","1","0","0","0"
"POINT (13.385192442000100 52.449218185000099)","Unfall 122175 (2022) Kat:3, Licht: 0","122175","3","6","3","05","18","6","","0","0","1","0","0"
"POINT (13.345536856000001 52.580774658999999)","Unfall 122180 (2022) Kat:2, Licht: 0","122180","2","3","5","03","14","6","","0","1","1","0","0"
"POINT (13.432478550000001 52.536252308000002)","Unfall 122182 (2022) Kat:2, Licht: 2","122182","2","1","0","04","03","7","","2","0","0","0","1"
"POINT (13.257464983000000 52.508468999000101)","Unfall 122183 (2022) Kat:3, Licht: 0","122183","3","6","3","02","15","3","","0","0","1","0","0"
"POINT (13.309776851000001 52.511698481000103)","Unfall 122185 (2022) Kat:3, Licht: 0","122185","3","6","3","12","15","6","","0","0","1","0","1"
"POINT (13.364797775000101 52.473107558999999)","Unfall 122187 (2022) Kat:3, Licht: 0","122187","3","6","2","06","13","3","","0","0","1","0","0"
"POINT (13.365687092000000 52.533129557999999)","Unfall 122189 (2022) Kat:3, Licht: 2","122189","3","3","5","05","21","4","","2","1","0","0","1"
"POINT (13.398432125999999 52.579856063000101)","Unfall 122194 (2022) Kat:3, Licht: 0","122194","3","2","2","11","07","2","","0","0","1","0","0"
"POINT (13.444193706000000 52.614922569000001)","Unfall 122195 (2022) Kat:3, Licht: 0","122195","3","6","2","09","08","4","","0","0","1","0","0"
"POINT (13.133780614000001 52.483894243000101)","Unfall 122198 (2022) Kat:3, Licht: 0","122198","3","6","2","05","10","1","","0","0","1","0","0"
"POINT (13.398267065000001 52.577382550000003)","Unfall 122202 (2022) Kat:3, Licht: 0","122202","3","1","0","04","15","6","","0","1","0","0","0"
"POINT (13.332981448000099 52.464271828999998)","Unfall 122204 (2022) Kat:2, Licht: 0","122204","2","6","3","03","10","3","","0","0","1","0","1"
"POINT (13.295531747000000 52.491250657000101)","Unfall 122206 (2022) Kat:3, Licht: 2","122206","3","6","2","10","19","3","","2","0","1","0","0"
"POINT (13.342191964000101 52.470513217000097)","Unfall 122208 (2022) Kat:3, Licht: 0","122208","3","1","9","09","20","1","","0","0","1","0","0"
"POINT (13.566215197000099 52.507049021000100)","Unfall 122209 (2022) Kat:3, Licht: 0","122209","3","6","2","07","15","2","","0","0","1","0","0"
"POINT (13.369810773999999 52.543270964000001)","Unfall 122211 (2022) Kat:3, Licht: 0","122211","3","6","3","06","14","4","","0","1","0","0","0"
"POINT (13.525332360000000 52.509972191000003)","Unfall 122212 (2022) Kat:3, Licht: 0","122212","3","6","2","04","07","6","","0","0","1","0","0"
"POINT (13.385782693000101 52.480946511000099)","Unfall 122213 (2022) Kat:3, Licht: 0","122213","3","7","5","01","11","7","","0","1","0","0","0"
"POINT (13.384718297000100 52.451935977000097)","Unfall 122215 (2022) Kat:3, Licht: 0","122215","3","6","2","11","16","3","","0","0","1","0","0"
"POINT (13.347654382000000 52.574488516000002)","Unfall 122216 (2022) Kat:2, Licht: 0","122216","2","4","6","10","16","3","","0","0","1","1","0"
"POINT (13.362445800000000 52.498801767000003)","Unfall 122218 (2022) Kat:3, Licht: 0","122218","3","2","5","06","11","2","","0","0","1","0","0"
"POINT (13.286016828000101 52.510908315000101)","Unfall 122220 (2022) Kat:3, Licht: 0","122220","3","6","2","05","08","3","","0","0","1","0","0"
"POINT (13.307272233999999 52.485639636000002)","Unfall 122225 (2022) Kat:3, Licht: 1","122225","3","6","3","03","06","4","","1","0","1","0","0"
"POINT (13.283420944000101 52.518225053000002)","Unfall 122226 (2022) Kat:3, Licht: 0","122226","3","6","2","11","13","4","","0","0","1","0","0"
"POINT (13.361732603000100 52.497109652000098)","Unfall 122228 (2022) Kat:3, Licht: 2","122228","3","5","1","09","20","7","","2","1","1","0","0"
"POINT (13.384374211000001 52.452660203999997)","Unfall 122230 (2022) Kat:3, Licht: 0","122230","3","3","5","08","15","5","","0","1","1","0","0"
"POINT (13.423741360000101 52.539144886000003)","Unfall 122234 (2022) Kat:3, Licht: 0","122234","3","4","6","04","18","5","","0","1","0","1","0"
"POINT (13.302804891000100 52.511434614999999)","Unfall 122235 (2022) Kat:3, Licht: 0","122235","3","2","5","03","09","4","","0","1","1","0","0"
"POINT (13.388857393000000 52.498112800999998)","Unfall 122238 (2022) Kat:3, Licht: 0","122238","3","2","5","09","10","1","","0","0","1","0","0"
"POINT (13.412593633000000 52.543956784000002)","Unfall 122239 (2022) Kat:3, Licht: 0","122239","3","6","4","07","16","6","","0","1","0","0","0"
"POINT (13.291637982000100 52.586268630000099)","Unfall 122241 (2022) Kat:3, Licht: 2","122241","3","1","9","06","23","6","","2","0","0","0","1"
"POINT (13.414089744000000 52.550666446999998)","Unfall 122244 (2022) Kat:3, Licht: 0","122244","3","2","5","08","20","5","","0","0","1","0","1"
"POINT (13.555185489000101 52.558594986000102)","Unfall 122245 (2022) Kat:2, Licht: 0","122245","2","7","1","01","09","1","","0","0","1","0","0"
"POINT (13.385740432000000 52.469446926000003)","Unfall 122247 (2022) Kat:3, Licht: 2","122247","3","2","5","11","17","3","","2","1","1","0","0"
"POINT (13.451930167000100 52.519821759000102)","Unfall 122248 (2022) Kat:3, Licht: 0","122248","3","1","0","10","16","4","","0","1","0","0","0"
"POINT (13.301467534000000 52.511158143999999)","Unfall 122251 (2022) Kat:3, Licht: 0","122251","3","6","0","06","14","4","","0","0","0","0","0"
"POINT (13.292540941000000 52.492820731000101)","Unfall 122253 (2022) Kat:2, Licht: 0","122253","2","7","0","05","07","5","","0","0","0","0","1"
"POINT (13.259047669999999 52.508566557999998)","Unfall 122257 (2022) Kat:3, Licht: 0","122257","3","3","5","05","11","5","","0","1","1","0","0"
"POINT (13.285403080000000 52.531394124000002)","Unfall 122260 (2022) Kat:3, Licht: 1","122260","3","1","9","03","05","5","","1","0","1","0","0"
"POINT (13.441557651000000 52.462878920000001)","Unfall 122261 (2022) Kat:3, Licht: 1","122261","3","3","2","10","07","2","","1","0","1","0","0"
"POINT (13.405751623000100 52.520610806000001)","Unfall 122263 (2022) Kat:3, Licht: 0","122263","3","6","2","09","12","3","","0","0","1","0","1"
"POINT (13.416418880000000 52.540305811000103)","Unfall 122265 (2022) Kat:3, Licht: 0","122265","3","6","2","08","12","4","","0","0","1","0","0"
"POINT (13.368865765000100 52.528603399000097)","Unfall 122267 (2022) Kat:2, Licht: 0","122267","2","1","9","06","14","7","","0","0","1","0","1"
"POINT (13.439591161000100 52.541995117000099)","Unfall 122270 (2022) Kat:3, Licht: 0","122270","3","6","2","04","14","3","","0","0","1","0","0"
"POINT (13.444345158999999 52.545225553000101)","Unfall 122271 (2022) Kat:3, Licht: 2","122271","3","4","6","02","20","7","","2","0","1","1","0"
"POINT (13.583893626000100 52.505056848000002)","Unfall 122273 (2022) Kat:3, Licht: 0","122273","3","6","3","12","08","6","","0","0","1","0","0"
"POINT (13.548158638000100 52.550450719000096)","Unfall 122274 (2022) Kat:3, Licht: 2","122274","3","6","2","08","05","7","","2","0","1","0","0"
"POINT (13.492975516000101 52.511754705999998)","Unfall 122276 (2022) Kat:3, Licht: 0","122276","3","6","2","07","19","3","","0","0","1","0","0"
"POINT (13.315531235000000 52.613313543000103)","Unfall 122278 (2022) Kat:3, Licht: 0","122278","3","6","0","05","18","6","","0","0","0","0","1"
"POINT (13.367240343000001 52.551588524000103)","Unfall 122283 (2022) Kat:2, Licht: 0","122283","2","4","6","01","08","7","","0","0","1","1","0"
"POINT (13.292908169000000 52.510789377999998)","Unfall 122284 (2022) Kat:3, Licht: 0","122284","3","6","2","11","13","5","","0","0","1","0","0"
"POINT (13.289700582000000 52.494126304000098)","Unfall 122285 (2022) Kat:3, Licht: 1","122285","3","1","9","10","18","7","","1","0","1","0","0"
"POINT (13.346616039000001 52.579369483999997)","Unfall 122288 (2022) Kat:3, Licht: 0","122288","3","2","5","05","07","2","","0","1","1","0","0"
"POINT (13.247014794000100 52.478088788000001)","Unfall 122293 (2022) Kat:2, Licht: 0","122293","2","6","2","05","16","1","","0","0","1","0","0"
"POINT (13.426487558000099 52.538570460000102)","Unfall 122295 (2022) Kat:3, Licht: 2","122295","3","3","0","12","18","1","","2","0","1","0","0"
"POINT (13.610843841000101 52.504915894000099)","Unfall 122296 (2022) Kat:3, Licht: 0","122296","3","6","2","03","08","4","","0","0","1","0","0"
"POINT (13.283920608000100 52.509026694000099)","Unfall 122297 (2022) Kat:3, Licht: 0","122297","3","6","2","10","11","2","","0","0","1","0","0"
"POINT (13.262129186999999 52.434808586000003)","Unfall 122299 (2022) Kat:3, Licht: 0","122299","3","4","6","09","16","6","","0","0","1","1","0"
"POINT (13.540700905000101 52.509980685000102)","Unfall 122301 (2022) Kat:2, Licht: 0","122301","2","6","2","07","07","2","","0","0","1","0","0"
"POINT (13.219157286000000 52.508559808000001)","Unfall 122303 (2022) Kat:2, Licht: 0","122303","2","5","1","06","16","2","","0","0","0","0","1"
"POINT (13.464482201000100 52.514817546000103)","Unfall 122305 (2022) Kat:3, Licht: 2","122305","3","1","0","04","21","4","","2","0","0","0","1"
"POINT (13.241763379000099 52.507498087000002)","Unfall 122306 (2022) Kat:3, Licht: 0","122306","3","4","6","02","07","3","","0","0","1","1","0"
"POINT (13.368335439000100 52.541111073000103)","Unfall 122308 (2022) Kat:2, Licht: 2","122308","2","2","5","12","04","2","","2","1","0","0","0"
"POINT (13.354056522000100 52.479078929000103)","Unfall 122310 (2022) Kat:3, Licht: 0","122310","3","4","6","07","08","6","","0","0","0","1","0"
"POINT (13.306080606000000 52.511459382000098)","Unfall 122312 (2022) Kat:2, Licht: 0","122312","2","1","8","05","12","5","","0","1","0","0","0"
"POINT (13.297192651000000 52.510876676000102)","Unfall 122318 (2022) Kat:3, Licht: 0","122318","3","2","5","11","11","6","","0","1","1","0","0"
"POINT (13.357584492000100 52.487331987000097)","Unfall 122319 (2022) Kat:3, Licht: 0","122319","3","7","5","09","15","1","","0","0","1","0","1"
"POINT (13.343702667000100 52.583145377000100)","Unfall 122322 (2022) Kat:3, Licht: 2","122322","3","1","9","08","23","2","","2","0","1","0","0"
"POINT (13.312283485000000 52.452424688000100)","Unfall 122326 (2022) Kat:3, Licht: 0","122326","3","6","2","04","15","4","","0","0","1","0","0"
"POINT (13.472388405000100 52.513875746000103)","Unfall 122327 (2022) Kat:3, Licht: 0","122327","3","6","2","03","12","7","","0","0","1","0","0"
"POINT (13.314874467999999 52.512032654999999)","Unfall 122330 (2022) Kat:3, Licht: 0","122330","3","2","5","09","09","7","","0","1","1","0","0"
"POINT (13.367250450000000 52.551572718000003)","Unfall 122331 (2022) Kat:3, Licht: 0","122331","3","2","5","07","07","5","","0","1","0","0","1"
"POINT (13.169317572000100 52.420673504000000)","Unfall 122333 (2022) Kat:3, Licht: 0","122333","3","1","0","06","17","2","","0","1","0","0","0"
"POINT (13.362459565000099 52.498835176000100)","Unfall 122334 (2022) Kat:3, Licht: 2","122334","3","5","1","01","19","7","","2","1","1","0","0"
"POINT (13.517900283000101 52.427516546000000)","Unfall 122335 (2022) Kat:3, Licht: 0","122335","3","6","3","11","13","4","","0","0","1","0","0"
"POINT (13.558180214000100 52.562759215000000)","Unfall 122336 (2022) Kat:3, Licht: 0","122336","3","2","5","10","15","1","","0","0","1","0","0"
"POINT (13.302982451000000 52.485906587000002)","Unfall 122338 (2022) Kat:3, Licht: 0","122338","3","6","3","06","16","5","","0","0","0","0","1"
"POINT (13.260950123000001 52.508668315000101)","Unfall 122340 (2022) Kat:2, Licht: 0","122340","2","7","0","05","18","5","","0","0","1","0","0"
"POINT (13.452557304000001 52.518629320999999)","Unfall 122345 (2022) Kat:2, Licht: 0","122345","2","1","9","03","14","6","","0","1","0","0","0"
"POINT (13.389302330000000 52.435154392000101)","Unfall 122346 (2022) Kat:3, Licht: 0","122346","3","7","1","10","09","7","","0","0","1","0","0"
"POINT (13.370336352000001 52.539866566000100)","Unfall 122348 (2022) Kat:3, Licht: 0","122348","3","3","5","09","10","1","","0","0","1","0","0"
"POINT (13.384873624000001 52.451115735000002)","Unfall 122350 (2022) Kat:2, Licht: 0","122350","2","2","5","08","13","3","","0","1","1","0","0"
"POINT (13.265888759000100 52.435947368000001)","Unfall 122354 (2022) Kat:3, Licht: 0","122354","3","3","0","04","07","6","","0","1","1","0","0"
"POINT (13.286052561000099 52.511014732000000)","Unfall 122355 (2022) Kat:3, Licht: 0","122355","3","6","2","02","14","4","","0","0","1","0","0"
"POINT (13.262184358000100 52.508743043999999)","Unfall 122357 (2022) Kat:3, Licht: 0","122357","3","5","3","08","14","3","","0","1","1","0","0"
"POINT (13.414639696000100 52.556057467000102)","Unfall 122358 (2022) Kat:3, Licht: 0","122358","3","2","5","07","19","4","","0","1","1","0","0"
"POINT (13.377655151000100 52.501043643999999)","Unfall 122360 (2022) Kat:3, Licht: 0","122360","3","6","2","06","15","4","","0","0","1","0","0"
"POINT (13.608590424999999 52.504934564000102)","Unfall 122363 (2022) Kat:3, Licht: 0","122363","3","6","2","08","11","7","","0","0","1","0","0"
"POINT (13.312305688000000 52.624356165999998)","Unfall 122365 (2022) Kat:3, Licht: 0","122365","3","4","6","01","13","2","","0","0","1","1","0"
"POINT (13.365499543000100 52.557980798000102)","Unfall 122367 (2022) Kat:3, Licht: 2","122367","3","3","5","11","18","5","","2","0","1","0","0"
"POINT (13.510002375000100 52.456452448999997)","Unfall 122368 (2022) Kat:3, Licht: 0","122368","3","2","5","10","08","4","","0","1","1","0","0"
"POINT (13.424055440000100 52.539093046000097)","Unfall 122371 (2022) Kat:3, Licht: 0","122371","3","2","0","05","17","5","","0","1","1","0","0"
"POINT (13.369815292000100 52.543227506999997)","Unfall 122375 (2022) Kat:3, Licht: 0","122375","3","6","3","05","16","5","","0","1","0","0","0"
"POINT (13.323856935000000 52.607819769000102)","Unfall 122377 (2022) Kat:3, Licht: 0","122377","3","2","5","12","09","3","","0","0","1","0","1"
"POINT (13.283306874000100 52.518902417000000)","Unfall 122378 (2022) Kat:3, Licht: 0","122378","3","6","2","03","14","6","","0","0","1","0","0"
"POINT (13.386213215000099 52.443765999000000)","Unfall 122379 (2022) Kat:3, Licht: 2","122379","3","6","2","10","20","2","","2","0","1","0","0"
"POINT (13.368725699000001 52.541078089000102)","Unfall 122381 (2022) Kat:2, Licht: 0","122381","2","3","5","09","18","5","","0","1","0","0","0"
"POINT (13.389249005000099 52.497550103000002)","Unfall 122383 (2022) Kat:3, Licht: 1","122383","3","3","5","08","21","5","","1","0","1","0","0"
"POINT (13.522094068000101 52.420892637000101)","Unfall 122385 (2022) Kat:3, Licht: 0","122385","3","6","3","06","10","7","","0","0","1","0","0"
"POINT (13.620694361000099 52.504197388000101)","Unfall 122388 (2022) Kat:3, Licht: 0","122388","3","2","5","04","08","2","","0","1","0","0","0"
"POINT (13.309959434000101 52.565980454000098)","Unfall 122389 (2022) Kat:3, Licht: 1","122389","3","6","2","02","06","2","","1","0","1","0","0"
"POINT (13.362255777000000 52.498340550000101)","Unfall 122391 (2022) Kat:3, Licht: 2","122391","3","6","2","12","18","4","","2","0","1","0","0"
"POINT (13.284275858000100 52.495917022000100)","Unfall 122392 (2022) Kat:3, Licht: 0","122392","3","6","2","11","15","5","","0","0","1","0","0"
"POINT (13.414857696000100 52.554564413999998)","Unfall 122394 (2022) Kat:3, Licht: 0","122394","3","2","5","09","12","5","","0","1","1","0","0"
"POINT (13.348983962000000 52.475469292000099)","Unfall 122396 (2022) Kat:3, Licht: 0","122396","3","3","2","08","16","3","","0","0","0","0","1"
"POINT (13.248571438999999 52.622468522000098)","Unfall 122400 (2022) Kat:3, Licht: 0","122400","3","6","2","04","10","4","","0","0","1","0","1"
"POINT (13.411286571000099 52.385596567999997)","Unfall 122401 (2022) Kat:3, Licht: 0","122401","3","3","0","02","08","6","","0","1","1","0","0"
"POINT (13.512899557000001 52.510125545000101)","Unfall 122403 (2022) Kat:3, Licht: 2","122403","3","1","0","08","05","1","","2","0","0","0","0"
"POINT (13.433619897000000 52.536076428000101)","Unfall 122404 (2022) Kat:3, Licht: 1","122404","3","6","2","07","20","7","","1","0","1","0","1"
"POINT (13.291085809000000 52.587165880000001)","Unfall 122407 (2022) Kat:3, Licht: 0","122407","3","6","2","06","17","6","","0","0","1","0","0"
"POINT (13.505510259000101 52.459580142999997)","Unfall 122410 (2022) Kat:3, Licht: 0","122410","3","1","0","08","10","1","","0","1","0","0","0"
"POINT (13.479463987000001 52.484511321000099)","Unfall 122412 (2022) Kat:3, Licht: 0","122412","3","3","5","01","16","5","","0","1","0","0","0"
"POINT (13.283258617000101 52.518164677000101)","Unfall 122414 (2022) Kat:3, Licht: 2","122414","3","6","2","11","17","2","","2","0","1","0","0"
"POINT (13.323649012000001 52.456757123000003)","Unfall 122415 (2022) Kat:3, Licht: 1","122415","3","1","0","10","19","4","","1","0","0","0","1"
"POINT (13.368251158000000 52.505652701000002)","Unfall 122417 (2022) Kat:3, Licht: 0","122417","3","3","5","06","19","6","","0","1","0","0","1"
"POINT (13.309963928000100 52.566018907999997)","Unfall 122419 (2022) Kat:3, Licht: 0","122419","3","6","2","05","10","1","","0","0","1","0","0"
"POINT (13.579979792000101 52.505079145000103)","Unfall 122423 (2022) Kat:3, Licht: 0","122423","3","2","5","05","16","3","","0","1","1","0","0"
"POINT (13.385836012000000 52.473535715000097)","Unfall 122426 (2022) Kat:3, Licht: 0","122426","3","6","2","03","12","4","","0","0","1","0","0"
"POINT (13.401753699000000 52.511349152000001)","Unfall 122427 (2022) Kat:3, Licht: 1","122427","3","3","5","10","17","2","","1","1","1","0","0"
"POINT (13.373666967000100 52.509378377000097)","Unfall 122429 (2022) Kat:3, Licht: 0","122429","3","6","2","09","14","2","","0","0","1","0","0"
"POINT (13.279944115999999 52.500266766000003)","Unfall 122431 (2022) Kat:3, Licht: 0","122431","3","6","2","07","18","7","","0","0","1","0","1"
"POINT (13.482944026000000 52.574092613000097)","Unfall 122433 (2022) Kat:3, Licht: 0","122433","3","6","2","06","20","1","","0","0","1","0","0"
"POINT (13.376445258000000 52.430916213000003)","Unfall 122436 (2022) Kat:2, Licht: 0","122436","2","3","5","04","06","4","","0","0","0","0","1"
"POINT (13.359036849000100 52.573400900000102)","Unfall 122437 (2022) Kat:3, Licht: 2","122437","3","2","5","02","22","6","","2","0","1","0","0"
"POINT (13.463241840000000 52.550958764000001)","Unfall 122439 (2022) Kat:3, Licht: 0","122439","3","6","3","12","12","5","","0","1","1","0","0"
"POINT (13.419720973000000 52.525292290000003)","Unfall 122440 (2022) Kat:3, Licht: 0","122440","3","2","5","08","12","4","","0","1","1","0","0"
"POINT (13.438676310000099 52.517275372000000)","Unfall 122442 (2022) Kat:3, Licht: 0","122442","3","7","6","07","09","2","","0","0","1","1","0"
"POINT (13.379253911999999 52.509687569999997)","Unfall 122445 (2022) Kat:2, Licht: 2","122445","2","4","6","06","22","4","","2","0","1","1","0"
"POINT (13.385008307000000 52.510062890000000)","Unfall 122450 (2022) Kat:3, Licht: 2","122450","3","1","0","01","18","1","","2","0","0","0","1"
"POINT (13.448658633000001 52.505124967000000)","Unfall 122451 (2022) Kat:2, Licht: 2","122451","2","3","5","11","19","6","","2","1","1","0","0"
"POINT (13.305756647000100 52.535162999000100)","Unfall 122452 (2022) Kat:3, Licht: 2","122452","3","6","2","09","21","4","","2","0","1","0","0"
"POINT (13.455542199000000 52.500312336000000)","Unfall 122454 (2022) Kat:3, Licht: 0","122454","3","2","5","08","08","2","","0","1","1","0","0"