WKT,Name,OBJECTID,UKATEGORIE,UTYP1,UART,UMONAT,USTUNDE,UWOCHENTAG,STRZUSTAND,ULICHTVERH,ISTRAD,ISTPKW,ISTFUSS,ISTKRAD
"POINT (13.313230675000099 52.479782024000002)","Unfall 122456 (2022) Kat:3, Licht: 0","122456","3","6","2","05","14","4","","0","0","1","0","0"
"POINT (13.548590854000100 52.550956289000098)","Unfall 122461 (2022) Kat:3, Licht: 1","122461","3","2","5","05","05","3","","1","1","1","0","0"
"POINT (13.387452394000000 52.469895963000099)","Unfall 122463 (2022) Kat:3, Licht: 2","122463","3","6","2","12","17","5","","2","0","1","0","0"
"POINT (13.454129094000100 52.515453399000101)","Unfall 122464 (2022) Kat:3, Licht: 0","122464","3","6","3","03","16","3","","0","0","0","0","1"
"POINT (13.493005272000101 52.467883172000001)","Unfall 122465 (2022) Kat:3, Licht: 0","122465","3","3","5","10","08","5","","0","0","1","0","1"
"POINT (13.352600180000000 52.479893846000003)","Unfall 122467 (2022) Kat:3, Licht: 0","122467","3","7","6","09","08","3","","0","1","0","1","0"
"POINT (13.322946279000099 52.512409044999998)","Unfall 122468 (2022) Kat:3, Licht: 0","122468","3","2","5","07","09","4","","0","0","1","0","0"
"POINT (13.402235315000000 52.569237139999998)","Unfall 122470 (2022) Kat:3, Licht: 0","122470","3","7","7","06","08","1","","0","0","0","0","1"
"POINT (13.272996670000101 52.509825143000100)","Unfall 122471 (2022) Kat:2, Licht: 0","122471","2","4","0","04","15","3","","0","1","0","1","0"
"POINT (13.370312128000000 52.545219399000104)","Unfall 122472 (2022) Kat:3, Licht: 2","122472","3","1","0","02","19","4","","2","0","1","0","1"
"POINT (13.328194472000099 52.477927332000000)","Unfall 122473 (2022) Kat:3, Licht: 0","122473","3","6","2","12","13","5","","0","0","1","0","0"
"POINT (13.286435865000000 52.532338543999998)","Unfall 122475 (2022) Kat:3, Licht: 0","122475","3","3","5","06","13","5","","0","0","1","0","0"
"POINT (13.297526839000099 52.510898779000101)","Unfall 122477 (2022) Kat:3, Licht: 0","122477","3","2","5","05","10","3","","0","1","1","0","0"
"POINT (13.280862899000100 52.502982958000104)","Unfall 122483 (2022) Kat:3, Licht: 0","122483","3","6","2","11","10","3","","0","0","1","0","0"
"POINT (13.417082135999999 52.460752767000002)","Unfall 122484 (2022) Kat:3, Licht: 0","122484","3","6","2","09","13","3","","0","0","1","0","0"
"POINT (13.453629948000099 52.518502012000098)","Unfall 122487 (2022) Kat:3, Licht: 0","122487","3","3","5","08","06","3","","0","1","1","0","0"
"POINT (13.439062478000000 52.541545922000097)","Unfall 122491 (2022) Kat:2, Licht: 0","122491","2","7","6","04","18","3","","0","1","0","1","0"
"POINT (13.563605581999999 52.508051302000098)","Unfall 122492 (2022) Kat:3, Licht: 0","122492","3","6","2","03","12","7","","0","0","1","0","0"
"POINT (13.416792613000000 52.522107753000100)","Unfall 122495 (2022) Kat:3, Licht: 0","122495","3","2","5","09","08","5","","0","1","1","0","0"
"POINT (13.539994589000100 52.510010170000001)","Unfall 122496 (2022) Kat:3, Licht: 0","122496","3","3","5","07","14","4","","0","1","1","0","0"
"POINT (13.370804891000001 52.470841801000098)","Unfall 122498 (2022) Kat:3, Licht: 0","122498","3","6","2","06","14","3","","0","0","1","0","0"
"POINT (13.326194427000100 52.605082240000101)","Unfall 122501 (2022) Kat:3, Licht: 2","122501","3","7","6","01","07","2","","2","1","0","1","0"
"POINT (13.365257221000000 52.558087181000097)","Unfall 122503 (2022) Kat:3, Licht: 0","122503","3","3","5","11","12","3","","0","0","1","0","0"
"POINT (13.294097664000001 52.510864963000103)","Unfall 122504 (2022) Kat:3, Licht: 0","122504","3","6","2","10","07","2","","0","0","1","0","0"
"POINT (13.369495789000000 52.529028210000000)","Unfall 122506 (2022) Kat:3, Licht: 0","122506","3","2","5","06","17","5","","0","0","0","0","0"
"POINT (13.352537414000000 52.480076048999997)","Unfall 122508 (2022) Kat:3, Licht: 0","122508","3","6","2","05","13","4","","0","0","1","0","1"
"POINT (13.406086197000000 52.462016423000101)","Unfall 122514 (2022) Kat:3, Licht: 0","122514","3","3","5","03","14","4","","0","0","1","0","0"
"POINT (13.470915166000101 52.565612698000102)","Unfall 122515 (2022) Kat:3, Licht: 0","122515","3","2","5","10","13","1","","0","1","1","0","0"
"POINT (13.345471376000001 52.580855894000102)","Unfall 122517 (2022) Kat:3, Licht: 0","122517","3","6","2","09","15","2","","0","0","1","0","0"
"POINT (13.498660003000101 52.621246759000002)","Unfall 122519 (2022) Kat:2, Licht: 0","122519","2","6","2","08","10","5","","0","0","1","0","0"
"POINT (13.283246181000001 52.497134170000002)","Unfall 122523 (2022) Kat:2, Licht: 0","122523","2","6","3","04","14","7","","0","0","1","0","0"
"POINT (13.412395589000001 52.541996468999997)","Unfall 122524 (2022) Kat:3, Licht: 0","122524","3","6","1","02","15","6","","0","1","1","0","0"
"POINT (13.314677122000001 52.512211639999997)","Unfall 122526 (2022) Kat:2, Licht: 1","122526","2","2","5","08","20","2","","1","0","1","0","0"
"POINT (13.307015956000001 52.482736035000102)","Unfall 122528 (2022) Kat:3, Licht: 0","122528","3","7","0","07","19","4","","0","0","1","0","0"
"POINT (13.347903601000001 52.471932338000002)","Unfall 122530 (2022) Kat:3, Licht: 0","122530","3","6","3","06","17","1","","0","0","1","0","0"
"POINT (13.315875170000000 52.617610155000101)","Unfall 122533 (2022) Kat:3, Licht: 0","122533","3","3","0","08","14","6","","0","0","1","0","1"
"POINT (13.387742670000000 52.438771736000000)","Unfall 122535 (2022) Kat:2, Licht: 0","122535","2","4","6","01","08","3","","0","0","0","1","0"
"POINT (13.343006860999999 52.478618705000002)","Unfall 122536 (2022) Kat:2, Licht: 2","122536","2","1","8","11","22","6","","2","0","1","0","0"
"POINT (13.398309927000099 52.579384425000100)","Unfall 122537 (2022) Kat:3, Licht: 0","122537","3","6","2","10","13","4","","0","1","1","0","0"
"POINT (13.324183929000100 52.607530718000099)","Unfall 122540 (2022) Kat:3, Licht: 0","122540","3","2","5","05","14","1","","0","0","1","0","1"
"POINT (13.354097987999999 52.479046746999998)","Unfall 122544 (2022) Kat:3, Licht: 0","122544","3","6","3","05","15","3","","0","0","1","0","1"
"POINT (13.431333958000000 52.534896418000102)","Unfall 122547 (2022) Kat:3, Licht: 0","122547","3","7","0","03","15","4","","0","0","1","0","0"
"POINT (13.324876802000100 52.606728146000101)","Unfall 122548 (2022) Kat:3, Licht: 0","122548","3","3","5","10","14","5","","0","0","1","0","0"
"POINT (13.498526580000000 52.464077103000101)","Unfall 122550 (2022) Kat:3, Licht: 0","122550","3","6","3","09","13","4","","0","0","1","0","1"
"POINT (13.482712490000001 52.572666158000096)","Unfall 122552 (2022) Kat:3, Licht: 0","122552","3","1","0","07","18","4","","0","1","0","0","0"
"POINT (13.208835001000100 52.425921909000103)","Unfall 122554 (2022) Kat:3, Licht: 0","122554","3","3","5","06","13","1","","0","1","1","0","0"
"POINT (13.175498762000100 52.419937822000101)","Unfall 122556 (2022) Kat:3, Licht: 0","122556","3","2","5","04","18","3","","0","1","0","0","0"
"POINT (13.291735654000000 52.586123465000099)","Unfall 122557 (2022) Kat:3, Licht: 0","122557","3","6","2","02","14","3","","0","0","1","0","0"
"POINT (13.379761217000100 52.509722379000003)","Unfall 122559 (2022) Kat:3, Licht: 2","122559","3","6","2","12","23","6","","2","0","1","0","0"
"POINT (13.403967827000001 52.409871929000097)","Unfall 122561 (2022) Kat:3, Licht: 1","122561","3","7","5","07","20","5","","1","0","1","0","0"
"POINT (13.248422010000100 52.622834495000099)","Unfall 122563 (2022) Kat:2, Licht: 0","122563","2","1","0","05","09","2","","0","0","1","0","0"
"POINT (13.266032299000100 52.508980721999997)","Unfall 122569 (2022) Kat:3, Licht: 0","122569","3","3","5","11","14","6","","0","0","1","0","0"
"POINT (13.439184194000100 52.541245003000000)","Unfall 122570 (2022) Kat:3, Licht: 0","122570","3","2","5","09","17","5","","0","1","1","0","0"
"POINT (13.391529823999999 52.431862516000102)","Unfall 122572 (2022) Kat:3, Licht: 0","122572","3","7","6","08","18","5","","0","0","1","0","0"
"POINT (13.500887635000000 52.462651150000099)","Unfall 122574 (2022) Kat:3, Licht: 1","122574","3","3","5","05","20","4","","1","1","1","0","0"
"POINT (13.384546832000099 52.452847464999998)","Unfall 122577 (2022) Kat:3, Licht: 0","122577","3","7","0","05","11","2","","0","1","0","0","0"
"POINT (13.419806848000100 52.524836841000102)","Unfall 122579 (2022) Kat:3, Licht: 2","122579","3","6","2","12","20","7","","2","0","1","0","0"
"POINT (13.279975150000000 52.500235255000099)","Unfall 122580 (2022) Kat:3, Licht: 0","122580","3","6","2","03","12","4","","0","0","1","0","0"
"POINT (13.453628695000100 52.516257875000100)","Unfall 122582 (2022) Kat:3, Licht: 0","122582","3","1","0","10","14","6","","0","0","0","0","1"
"POINT (13.460648774999999 52.494048699000103)","Unfall 122584 (2022) Kat:3, Licht: 0","122584","3","4","6","09","15","5","","0","0","1","1","0"
"POINT (13.497611045999999 52.464873636999997)","Unfall 122585 (2022) Kat:3, Licht: 0","122585","3","7","5","07","20","6","","0","0","1","0","0"
"POINT (13.384750098000000 52.439757047999997)","Unfall 122587 (2022) Kat:3, Licht: 0","122587","3","7","6","06","08","5","","0","0","1","1","0"
"POINT (13.432513733000100 52.536240735000000)","Unfall 122588 (2022) Kat:2, Licht: 2","122588","2","1","0","04","00","1","","2","0","0","0","0"
"POINT (13.434625979000000 52.537349138000103)","Unfall 122589 (2022) Kat:2, Licht: 1","122589","2","1","0","02","18","2","","1","0","0","0","1"
"POINT (13.424921597000001 52.519538572999998)","Unfall 122590 (2022) Kat:3, Licht: 2","122590","3","6","2","11","19","1","","2","0","1","0","0"
"POINT (13.283500421999999 52.496603596000099)","Unfall 122591 (2022) Kat:3, Licht: 2","122591","3","6","2","10","19","6","","2","0","1","0","0"
"POINT (13.357756445000099 52.487804891000103)","Unfall 122593 (2022) Kat:2, Licht: 2","122593","2","6","3","07","22","6","","2","0","1","0","1"
"POINT (13.344895672000099 52.581592075000103)","Unfall 122595 (2022) Kat:3, Licht: 0","122595","3","6","3","05","10","6","","0","0","1","0","0"
"POINT (13.448198998000100 52.504439517999998)","Unfall 122600 (2022) Kat:3, Licht: 2","122600","3","7","0","11","22","4","","2","1","0","0","0"
"POINT (13.385253469000100 52.462328626999998)","Unfall 122602 (2022) Kat:3, Licht: 0","122602","3","2","5","09","15","2","","0","1","1","0","0"
"POINT (13.183531984000100 52.515735516000099)","Unfall 122604 (2022) Kat:2, Licht: 0","122604","2","6","2","08","14","2","","0","0","1","0","1"
"POINT (13.368394076000101 52.541071599000098)","Unfall 122605 (2022) Kat:3, Licht: 0","122605","3","6","3","08","18","6","","0","0","1","0","1"
"POINT (13.284349457000101 52.509618617999998)","Unfall 122607 (2022) Kat:3, Licht: 0","122607","3","6","2","07","17","5","","0","0","1","0","0"
"POINT (13.305332909000100 52.511411376000098)","Unfall 122609 (2022) Kat:3, Licht: 0","122609","3","7","5","05","08","3","","0","0","0","0","1"
"POINT (13.409053362000099 52.517097502000098)","Unfall 122614 (2022) Kat:3, Licht: 2","122614","3","2","5","01","18","7","","2","0","1","0","0"
"POINT (13.363131863000000 52.535801031000098)","Unfall 122616 (2022) Kat:3, Licht: 2","122616","3","6","3","11","17","4","","2","0","1","0","0"
"POINT (13.413759739000101 52.550771224000101)","Unfall 122617 (2022) Kat:3, Licht: 0","122617","3","2","5","10","17","2","","0","1","1","0","0"
"POINT (13.459283720000000 52.492846724000103)","Unfall 122619 (2022) Kat:3, Licht: 1","122619","3","2","5","08","05","2","","1","0","1","0","1"
"POINT (13.454229767000101 52.515787906000099)","Unfall 122621 (2022) Kat:3, Licht: 0","122621","3","7","2","05","17","3","","0","0","1","1","0"
"POINT (13.466030547000100 52.514662085000097)","Unfall 122626 (2022) Kat:3, Licht: 0","122626","3","7","6","05","10","2","","0","1","0","1","0"
"POINT (13.410892294000099 52.518359568999998)","Unfall 122628 (2022) Kat:3, Licht: 2","122628","3","3","5","12","20","2","","2","0","1","0","0"
"POINT (13.284268108999999 52.495923679000001)","Unfall 122629 (2022) Kat:3, Licht: 0","122629","3","6","2","03","11","3","","0","0","1","0","0"
"POINT (13.303714393000099 52.449473721000103)","Unfall 122631 (2022) Kat:3, Licht: 0","122631","3","6","2","10","17","3","","0","0","1","0","0"
"POINT (13.314368185999999 52.453102031000100)","Unfall 122633 (2022) Kat:2, Licht: 2","122633","2","3","5","09","21","3","","2","0","1","0","1"
"POINT (13.457770378000101 52.491644569000101)","Unfall 122634 (2022) Kat:2, Licht: 0","122634","2","2","5","07","14","1","","0","1","1","0","0"
"POINT (13.318979086000100 52.610757616000100)","Unfall 122636 (2022) Kat:2, Licht: 0","122636","2","1","0","06","14","6","","0","0","0","0","1"
"POINT (13.390396508000000 52.433212499000000)","Unfall 122637 (2022) Kat:2, Licht: 0","122637","2","5","1","04","07","1","","0","0","1","0","0"
"POINT (13.337166012000100 52.513690814000000)","Unfall 122638 (2022) Kat:3, Licht: 2","122638","3","6","2","01","17","5","","2","0","1","0","0"
"POINT (13.399428758000100 52.417928593000099)","Unfall 122639 (2022) Kat:3, Licht: 2","122639","3","7","6","12","18","3","","2","0","0","1","0"
"POINT (13.454236024000100 52.515753432000103)","Unfall 122641 (2022) Kat:3, Licht: 0","122641","3","3","5","07","13","7","","0","1","1","0","0"
"POINT (13.424894650000100 52.519344648000100)","Unfall 122643 (2022) Kat:3, Licht: 2","122643","3","6","2","05","22","1","","2","0","1","0","0"
"POINT (13.404048599000101 52.519724900000000)","Unfall 122649 (2022) Kat:3, Licht: 0","122649","3","6","3","11","15","1","","0","0","1","0","0"
"POINT (13.212151645000100 52.426733757000100)","Unfall 122650 (2022) Kat:3, Licht: 0","122650","3","6","2","09","13","7","","0","0","1","0","0"
"POINT (13.371976666000000 52.470619911000000)","Unfall 122652 (2022) Kat:3, Licht: 0","122652","3","6","0","08","11","3","","0","0","1","0","0"
"POINT (13.359521072000099 52.489456286000099)","Unfall 122654 (2022) Kat:3, Licht: 0","122654","3","2","5","08","17","4","","0","1","1","0","0"
"POINT (13.370031473999999 52.515841766999998)","Unfall 122658 (2022) Kat:3, Licht: 0","122658","3","2","2","04","08","3","","0","1","0","0","0"
"POINT (13.476622258000100 52.513593379000000)","Unfall 122659 (2022) Kat:3, Licht: 0","122659","3","3","5","03","13","6","","0","1","1","0","0"
"POINT (13.411805892000100 52.518886459000001)","Unfall 122662 (2022) Kat:3, Licht: 0","122662","3","6","2","09","11","6","","0","0","1","0","0"
"POINT (13.445067742999999 52.634182439000000)","Unfall 122663 (2022) Kat:3, Licht: 1","122663","3","6","2","07","04","4","","1","0","1","0","0"
"POINT (13.490316027000100 52.512019296000098)","Unfall 122665 (2022) Kat:3, Licht: 0","122665","3","6","2","06","07","4","","0","0","1","0","0"
"POINT (13.368711389000101 52.506950248000102)","Unfall 122668 (2022) Kat:2, Licht: 2","122668","2","1","0","08","03","3","","2","0","0","0","0"
"POINT (13.360337599999999 52.571265449000101)","Unfall 122669 (2022) Kat:3, Licht: 2","122669","3","4","6","01","04","3","","2","0","1","1","0"
"POINT (13.412411497000100 52.544676885000101)","Unfall 122671 (2022) Kat:3, Licht: 2","122671","3","1","0","11","18","7","","2","1","0","0","0"
"POINT (13.613457315000099 52.504894186000101)","Unfall 122672 (2022) Kat:3, Licht: 0","122672","3","2","5","10","07","6","","0","1","1","0","0"
"POINT (13.559735819000000 52.508692998000100)","Unfall 122674 (2022) Kat:3, Licht: 0","122674","3","6","3","06","10","2","","0","0","1","0","1"
"POINT (13.427414467000100 52.531157288000003)","Unfall 122676 (2022) Kat:3, Licht: 0","122676","3","6","2","05","14","5","","0","0","1","0","0"
"POINT (13.483283861000100 52.577701443000102)","Unfall 122682 (2022) Kat:3, Licht: 0","122682","3","2","5","03","14","6","","0","0","1","0","0"
"POINT (13.476221768000100 52.513628998000101)","Unfall 122683 (2022) Kat:3, Licht: 2","122683","3","6","3","11","05","4","","2","0","1","0","0"
"POINT (13.289071903000000 52.494177826000097)","Unfall 122685 (2022) Kat:3, Licht: 2","122685","3","1","8","09","22","1","","2","0","1","0","0"
"POINT (13.445006617000001 52.634204437999998)","Unfall 122687 (2022) Kat:3, Licht: 0","122687","3","7","0","08","05","4","","0","0","1","0","0"
"POINT (13.536912823000000 52.530059153000103)","Unfall 122690 (2022) Kat:2, Licht: 0","122690","2","3","5","04","14","7","","0","0","1","0","0"
"POINT (13.327769085000099 52.477813740999999)","Unfall 122691 (2022) Kat:3, Licht: 0","122691","3","6","2","02","14","4","","0","0","1","0","0"
"POINT (13.285720780000100 52.494757902000103)","Unfall 122693 (2022) Kat:3, Licht: 2","122693","3","6","2","12","17","5","","2","0","1","0","0"
"POINT (13.315184518000001 52.512245223999997)","Unfall 122694 (2022) Kat:3, Licht: 0","122694","3","6","2","08","17","2","","0","0","1","0","0"
"POINT (13.580123791000100 52.505185067000099)","Unfall 122696 (2022) Kat:2, Licht: 0","122696","2","7","0","07","19","3","","0","0","0","0","1"
"POINT (13.279780807000099 52.601264165000003)","Unfall 122699 (2022) Kat:3, Licht: 0","122699","3","7","0","06","20","5","","0","0","0","0","1"
"POINT (13.403464366000000 52.582960567999997)","Unfall 122702 (2022) Kat:3, Licht: 0","122702","3","2","5","08","12","1","","0","1","1","0","0"
"POINT (13.404570866000000 52.567992637000003)","Unfall 122704 (2022) Kat:3, Licht: 2","122704","3","1","8","01","01","3","","2","0","1","0","0"
"POINT (13.266603593000101 52.436071191000103)","Unfall 122705 (2022) Kat:3, Licht: 0","122705","3","2","5","11","11","4","","0","1","1","0","0"
"POINT (13.387069424000099 52.440611603999997)","Unfall 122706 (2022) Kat:3, Licht: 2","122706","3","6","3","10","20","7","","2","0","1","0","1"
"POINT (13.260667331000001 52.508653979000002)","Unfall 122709 (2022) Kat:3, Licht: 0","122709","3","6","2","05","16","1","","0","1","0","0","0"
"POINT (13.388117448000100 52.493759525000002)","Unfall 122713 (2022) Kat:2, Licht: 0","122713","2","2","0","05","09","6","","0","1","1","0","0"
"POINT (13.297253963999999 52.510880805000099)","Unfall 122716 (2022) Kat:3, Licht: 2","122716","3","2","5","03","19","4","","2","1","1","0","0"
"POINT (13.228333220000000 52.506761051000097)","Unfall 122717 (2022) Kat:3, Licht: 0","122717","3","3","5","10","15","4","","0","0","1","0","0"
"POINT (13.385526982000000 52.470684867999999)","Unfall 122719 (2022) Kat:3, Licht: 0","122719","3","6","3","09","07","3","","0","0","1","0","0"
"POINT (13.552658277999999 52.509093884999999)","Unfall 122721 (2022) Kat:3, Licht: 0","122721","3","6","2","07","13","6","","0","0","1","0","0"
"POINT (13.378197156000100 52.500303480000099)","Unfall 122723 (2022) Kat:2, Licht: 2","122723","2","5","1","06","23","7","","2","1","1","0","0"
"POINT (13.604228594000100 52.504967112000003)","Unfall 122725 (2022) Kat:3, Licht: 0","122725","3","3","5","04","14","3","","0","1","1","0","0"
"POINT (13.439073626000001 52.541153845000103)","Unfall 122726 (2022) Kat:3, Licht: 0","122726","3","2","5","02","08","3","","0","0","1","0","0"
"POINT (13.249831027000001 52.507989717999997)","Unfall 122728 (2022) Kat:3, Licht: 2","122728","3","3","5","12","19","2","","2","0","1","0","0"
"POINT (13.403573661000101 52.569232356999997)","Unfall 122730 (2022) Kat:3, Licht: 0","122730","3","3","5","07","08","3","","0","1","0","0","0"
"POINT (13.356560138000100 52.405717137000103)","Unfall 122732 (2022) Kat:3, Licht: 0","122732","3","6","3","05","08","6","","0","0","1","0","0"
"POINT (13.387647329000099 52.439539713000002)","Unfall 122738 (2022) Kat:3, Licht: 0","122738","3","5","1","11","08","4","","0","1","0","0","0"
"POINT (13.322827477000001 52.512918306000103)","Unfall 122739 (2022) Kat:3, Licht: 0","122739","3","6","3","09","09","5","","0","0","1","0","0"
"POINT (13.416767330000001 52.522085231000098)","Unfall 122741 (2022) Kat:3, Licht: 0","122741","3","2","5","08","07","5","","0","0","1","0","1"
"POINT (13.404383419000100 52.462892790000097)","Unfall 122743 (2022) Kat:2, Licht: 0","122743","2","6","3","05","14","7","","0","0","1","0","1"
"POINT (13.452033744000101 52.519668656000100)","Unfall 122747 (2022) Kat:3, Licht: 2","122747","3","1","0","04","21","7","","2","1","0","0","0"
"POINT (13.368773019000100 52.541157621000103)","Unfall 122749 (2022) Kat:3, Licht: 2","122749","3","2","6","12","06","6","","2","0","0","1","0"
"POINT (13.466919168000100 52.514424092000098)","Unfall 122750 (2022) Kat:3, Licht: 0","122750","3","6","2","03","12","3","","0","0","1","0","0"
"POINT (13.285929942999999 52.494654058000002)","Unfall 122752 (2022) Kat:3, Licht: 2","122752","3","1","8","10","22","6","","2","0","1","0","0"
"POINT (13.436033169000000 52.517546279999998)","Unfall 122754 (2022) Kat:3, Licht: 1","122754","3","6","3","09","18","3","","1","1","0","0","0"
"POINT (13.231486752000000 52.506858026000003)","Unfall 122755 (2022) Kat:3, Licht: 2","122755","3","6","2","07","23","6","","2","0","1","0","1"
"POINT (13.383418556000001 52.470100297000002)","Unfall 122757 (2022) Kat:3, Licht: 2","122757","3","6","2","06","22","6","","2","0","1","0","0"
"POINT (13.418790673000000 52.524429566999999)","Unfall 122758 (2022) Kat:2, Licht: 2","122758","2","7","0","04","00","6","","2","0","0","0","0"
"POINT (13.402791158000101 52.593171965000103)","Unfall 122759 (2022) Kat:2, Licht: 0","122759","2","3","5","02","13","5","","0","0","1","0","1"
"POINT (13.389217122000000 52.495082058000001)","Unfall 122760 (2022) Kat:3, Licht: 2","122760","3","6","3","12","19","5","","2","1","0","0","0"
"POINT (13.394375575000000 52.426183954000102)","Unfall 122761 (2022) Kat:3, Licht: 0","122761","3","2","0","10","16","3","","0","0","1","0","0"
"POINT (13.316471836000099 52.512138780999997)","Unfall 122763 (2022) Kat:3, Licht: 1","122763","3","2","0","06","19","3","","1","1","1","0","0"
"POINT (13.379467337000101 52.509702301000097)","Unfall 122765 (2022) Kat:3, Licht: 0","122765","3","2","5","05","07","4","","0","1","1","0","0"
"POINT (13.368756835999999 52.541149761000000)","Unfall 122770 (2022) Kat:3, Licht: 0","122770","3","2","5","03","15","2","","0","0","1","0","0"
"POINT (13.586779208000101 52.505124078999998)","Unfall 122771 (2022) Kat:3, Licht: 0","122771","3","6","2","11","13","3","","0","0","1","0","0"
"POINT (13.437357428000000 52.534277163000098)","Unfall 122773 (2022) Kat:2, Licht: 0","122773","2","2","6","09","07","3","","0","0","1","1","0"
"POINT (13.385699311000099 52.477551937999998)","Unfall 122775 (2022) Kat:3, Licht: 1","122775","3","7","1","08","20","1","","1","0","1","0","0"
"POINT (13.364913250000001 52.473054740000102)","Unfall 122779 (2022) Kat:2, Licht: 0","122779","2","6","2","04","07","5","","0","0","1","0","1"
"POINT (13.311301285000100 52.627682752000098)","Unfall 122780 (2022) Kat:3, Licht: 0","122780","3","6","2","03","17","7","","0","0","1","0","0"
"POINT (13.289104825000001 52.494175128000101)","Unfall 122783 (2022) Kat:3, Licht: 1","122783","3","6","2","09","19","5","","1","0","1","0","1"
"POINT (13.368805294000000 52.549177305999997)","Unfall 122784 (2022) Kat:3, Licht: 2","122784","3","1","0","07","22","4","","2","1","0","0","0"
"POINT (13.387662207000099 52.469379781999997)","Unfall 122787 (2022) Kat:3, Licht: 0","122787","3","6","0","06","16","5","","0","0","1","0","0"
"POINT (13.322913642000101 52.512409074000097)","Unfall 122790 (2022) Kat:3, Licht: 0","122790","3","2","5","08","20","6","","0","0","0","0","1"
"POINT (13.349893699000100 52.481226147000001)","Unfall 122791 (2022) Kat:3, Licht: 0","122791","3","7","5","01","11","1","","0","0","1","0","0"
"POINT (13.281517885000000 52.441592924000098)","Unfall 122792 (2022) Kat:3, Licht: 0","122792","3","6","3","11","08","6","","0","0","0","0","1"
"POINT (13.284049879000101 52.510071470000099)","Unfall 122793 (2022) Kat:3, Licht: 2","122793","3","5","1","10","01","6","","2","0","1","0","0"
"POINT (13.214796830000100 52.427342119999999)","Unfall 122796 (2022) Kat:3, Licht: 0","122796","3","2","6","06","09","6","","0","0","1","1","0"
"POINT (13.403147204000000 52.463742368000098)","Unfall 122798 (2022) Kat:3, Licht: 0","122798","3","6","2","05","14","5","","0","0","1","0","0"
"POINT (13.416384430000100 52.522004397000003)","Unfall 122804 (2022) Kat:3, Licht: 0","122804","3","2","3","03","11","1","","0","0","1","0","0"
"POINT (13.382758690000101 52.439420482999999)","Unfall 122805 (2022) Kat:3, Licht: 0","122805","3","6","3","10","15","5","","0","0","1","0","1"
"POINT (13.414049859000000 52.550452489000101)","Unfall 122807 (2022) Kat:3, Licht: 0","122807","3","4","6","09","14","3","","0","1","0","1","0"
"POINT (13.281811733000000 52.509927109000003)","Unfall 122809 (2022) Kat:3, Licht: 0","122809","3","2","5","08","16","3","","0","0","1","0","0"
"POINT (13.369959956000100 52.508463849000101)","Unfall 122811 (2022) Kat:3, Licht: 0","122811","3","6","3","06","17","1","","0","0","1","0","0"
"POINT (13.384412475000000 52.453589311000002)","Unfall 122814 (2022) Kat:3, Licht: 0","122814","3","1","0","04","12","2","","0","0","0","0","0"
"POINT (13.297871884000100 52.534052712000097)","Unfall 122815 (2022) Kat:2, Licht: 2","122815","2","1","8","02","04","5","","2","0","0","0","1"
"POINT (13.319565616000000 52.537125000000103)","Unfall 122817 (2022) Kat:3, Licht: 2","122817","3","6","3","12","16","7","","2","0","1","0","0"
"POINT (13.412592378999999 52.519378903000103)","Unfall 122818 (2022) Kat:3, Licht: 0","122818","3","2","5","08","09","2","","0","1","0","0","0"
"POINT (13.388867843000099 52.498110898000000)","Unfall 122820 (2022) Kat:3, Licht: 0","122820","3","3","5","07","11","3","","0","0","1","0","0"
"POINT (13.430818607000001 52.534074928999999)","Unfall 122822 (2022) Kat:3, Licht: 1","122822","3","5","1","05","19","2","","1","1","1","0","0"
"POINT (13.468791377000100 52.514234089000098)","Unfall 122827 (2022) Kat:3, Licht: 0","122827","3","6","3","08","14","4","","0","0","1","0","0"
"POINT (13.454237471000100 52.515705488000002)","Unfall 122831 (2022) Kat:3, Licht: 0","122831","3","2","5","04","09","7","","0","0","1","0","0"
"POINT (13.376582727000001 52.431204926000099)","Unfall 122832 (2022) Kat:3, Licht: 1","122832","3","3","5","03","06","4","","1","1","0","0","0"
"POINT (13.284131171000100 52.509317328000101)","Unfall 122835 (2022) Kat:3, Licht: 0","122835","3","6","2","09","14","7","","0","0","1","0","0"
"POINT (13.384656693000100 52.452261325999999)","Unfall 122836 (2022) Kat:3, Licht: 0","122836","3","6","3","07","20","7","","0","0","1","0","0"
"POINT (13.281407689000000 52.509900600000002)","Unfall 122838 (2022) Kat:3, Licht: 0","122838","3","6","2","06","18","1","","0","0","1","0","1"
"POINT (13.462268412000100 52.495378575000103)","Unfall 122841 (2022) Kat:3, Licht: 0","122841","3","6","2","08","12","2","","0","0","1","0","1"
"POINT (13.282218371000100 52.510119399000097)","Unfall 122842 (2022) Kat:3, Licht: 0","122842","3","6","2","01","14","6","","0","0","1","0","1"
"POINT (13.426059692000001 52.538431699999997)","Unfall 122844 (2022) Kat:3, Licht: 0","122844","3","6","3","11","11","7","","0","0","1","0","0"
"POINT (13.285988704999999 52.531797283000103)","Unfall 122845 (2022) Kat:3, Licht: 0","122845","3","6","2","10","11","4","","0","0","1","0","0"
"POINT (13.504959179000000 52.510740775000002)","Unfall 122848 (2022) Kat:3, Licht: 0","122848","3","3","5","06","18","4","","0","0","1","0","0"
"POINT (13.280165405000000 52.440982826000003)","Unfall 122850 (2022) Kat:3, Licht: 0","122850","3","6","2","05","15","2","","0","0","1","0","0"