WKT,Name,OBJECTID,UKATEGORIE,UTYP1,UART,UMONAT,USTUNDE,UWOCHENTAG,STRZUSTAND,ULICHTVERH,ISTRAD,ISTPKW,ISTFUSS,ISTKRAD
"POINT (13.385861866000001 52.486772604000102)","Unfall 122856 (2022) Kat:3, Licht: 0","122856","3","6","2","03","16","4","","0","0","1","0","0"
"POINT (13.324690525999999 52.512859105000103)","Unfall 122857 (2022) Kat:3, Licht: 1","122857","3","7","2","11","17","3","","1","0","1","0","1"
"POINT (13.424674493000101 52.539183795000000)","Unfall 122859 (2022) Kat:3, Licht: 2","122859","3","6","2","09","21","1","","2","0","1","0","0"
"POINT (13.229389753000000 52.506730765000000)","Unfall 122861 (2022) Kat:3, Licht: 0","122861","3","6","2","08","11","3","","0","0","1","0","0"
"POINT (13.384281021000000 52.454370891000103)","Unfall 122865 (2022) Kat:3, Licht: 0","122865","3","4","6","04","12","5","","0","1","0","1","0"
"POINT (13.281670540000100 52.505466671000100)","Unfall 122866 (2022) Kat:3, Licht: 0","122866","3","6","2","02","12","6","","0","0","1","0","0"
"POINT (13.187388175000001 52.514966072000000)","Unfall 122868 (2022) Kat:2, Licht: 2","122868","2","7","6","12","17","3","","2","0","1","1","0"
"POINT (13.440029059000000 52.532984521000103)","Unfall 122869 (2022) Kat:3, Licht: 1","122869","3","7","5","08","19","2","","1","1","1","0","0"
"POINT (13.521282747000001 52.425120064000097)","Unfall 122871 (2022) Kat:3, Licht: 0","122871","3","1","9","07","19","5","","0","0","1","0","0"
"POINT (13.332315123000100 52.598562705000099)","Unfall 122873 (2022) Kat:3, Licht: 0","122873","3","3","5","05","14","2","","0","1","0","0","0"
"POINT (13.322968333000100 52.512680840000002)","Unfall 122877 (2022) Kat:3, Licht: 0","122877","3","6","3","01","14","3","","0","0","1","0","0"
"POINT (13.447940059000100 52.526331163000101)","Unfall 122878 (2022) Kat:3, Licht: 1","122878","3","2","5","11","14","5","","1","1","1","0","0"
"POINT (13.406860781000001 52.392913571000101)","Unfall 122879 (2022) Kat:3, Licht: 0","122879","3","4","6","09","15","5","","0","0","1","1","0"
"POINT (13.359031366000099 52.573402370000103)","Unfall 122882 (2022) Kat:2, Licht: 0","122882","2","2","5","05","09","6","","0","0","0","0","1"
"POINT (13.435376018000101 52.537993008000100)","Unfall 122887 (2022) Kat:3, Licht: 0","122887","3","1","8","05","05","6","","0","0","1","0","0"
"POINT (13.439247688000000 52.541299878000103)","Unfall 122889 (2022) Kat:2, Licht: 2","122889","2","4","6","12","16","2","","2","0","0","1","0"
"POINT (13.307659018000001 52.511560838000001)","Unfall 122890 (2022) Kat:3, Licht: 0","122890","3","3","5","03","16","5","","0","1","1","0","0"
"POINT (13.255013521000000 52.484615933999997)","Unfall 122891 (2022) Kat:3, Licht: 2","122891","3","7","0","10","20","6","","2","0","0","0","0"
"POINT (13.466853609999999 52.552936433000099)","Unfall 122893 (2022) Kat:3, Licht: 1","122893","3","6","2","09","07","3","","1","0","1","0","0"
"POINT (13.371951229000000 52.505187216000103)","Unfall 122895 (2022) Kat:3, Licht: 0","122895","3","3","5","07","13","2","","0","0","1","0","0"
"POINT (13.362590222000099 52.499152294000098)","Unfall 122897 (2022) Kat:3, Licht: 0","122897","3","6","2","06","20","7","","0","0","1","0","0"
"POINT (13.425014757000000 52.529109949000002)","Unfall 122899 (2022) Kat:3, Licht: 0","122899","3","5","1","04","16","2","","0","1","0","0","0"
"POINT (13.369806913000000 52.541690625999998)","Unfall 122900 (2022) Kat:3, Licht: 2","122900","3","6","2","02","19","2","","2","0","1","0","0"
"POINT (13.558336010000099 52.562941709000000)","Unfall 122902 (2022) Kat:3, Licht: 0","122902","3","3","5","12","12","6","","0","0","1","0","0"
"POINT (13.429196059000001 52.533067348000003)","Unfall 122904 (2022) Kat:3, Licht: 0","122904","3","4","6","07","14","1","","0","1","0","1","0"
"POINT (13.408954439000100 52.517010094000099)","Unfall 122906 (2022) Kat:3, Licht: 0","122906","3","2","5","05","13","4","","0","1","1","0","0"
"POINT (13.339263513000001 52.478526684000002)","Unfall 122912 (2022) Kat:2, Licht: 2","122912","2","6","2","11","17","2","","2","0","1","0","0"
"POINT (13.451196414000000 52.516015156000002)","Unfall 122913 (2022) Kat:3, Licht: 0","122913","3","6","2","09","15","4","","0","0","1","0","0"
"POINT (13.460278561999999 52.493513034000003)","Unfall 122916 (2022) Kat:3, Licht: 0","122916","3","6","3","05","19","3","","0","1","1","0","0"
"POINT (13.384842597000000 52.450212612000001)","Unfall 122920 (2022) Kat:3, Licht: 0","122920","3","2","5","04","13","6","","0","1","1","0","0"
"POINT (13.464223654000000 52.514697344000098)","Unfall 122922 (2022) Kat:3, Licht: 2","122922","3","6","2","03","19","3","","2","0","1","0","1"
"POINT (13.457919454000001 52.491784219000102)","Unfall 122925 (2022) Kat:3, Licht: 0","122925","3","2","5","09","11","7","","0","1","1","0","0"
"POINT (13.305549289000099 52.511615233000001)","Unfall 122926 (2022) Kat:3, Licht: 0","122926","3","1","0","07","16","7","","0","0","0","0","0"
"POINT (13.403623123999999 52.512656611000097)","Unfall 122928 (2022) Kat:3, Licht: 0","122928","3","6","3","06","09","3","","0","1","0","0","0"
"POINT (13.303117430000000 52.551224390000101)","Unfall 122929 (2022) Kat:3, Licht: 0","122929","3","6","2","04","16","5","","0","0","1","0","0"
"POINT (13.361934907000000 52.413749410999998)","Unfall 122930 (2022) Kat:3, Licht: 0","122930","3","7","9","02","07","1","","0","0","1","0","0"
"POINT (13.365012231000000 52.473009467000097)","Unfall 122931 (2022) Kat:3, Licht: 2","122931","3","6","2","11","18","6","","2","0","1","0","0"
"POINT (13.395902638000100 52.424135337000102)","Unfall 122932 (2022) Kat:3, Licht: 0","122932","3","6","2","10","13","5","","0","0","1","0","0"
"POINT (13.453728593999999 52.515972061000099)","Unfall 122934 (2022) Kat:3, Licht: 0","122934","3","2","5","06","16","4","","0","1","1","0","0"
"POINT (13.477296162000099 52.513382483999997)","Unfall 122936 (2022) Kat:3, Licht: 0","122936","3","2","5","05","20","7","","0","1","1","0","0"
"POINT (13.559620181000099 52.563785154000101)","Unfall 122941 (2022) Kat:3, Licht: 0","122941","3","7","0","03","17","4","","0","0","0","0","1"
"POINT (13.190873603000099 52.514264867000101)","Unfall 122942 (2022) Kat:3, Licht: 0","122942","3","6","0","11","14","5","","0","0","1","0","0"
"POINT (13.553417206000100 52.509344976000101)","Unfall 122944 (2022) Kat:3, Licht: 0","122944","3","2","5","09","07","2","","0","1","1","0","0"
"POINT (13.366640774000100 52.553051566000100)","Unfall 122946 (2022) Kat:3, Licht: 1","122946","3","6","2","08","21","3","","1","0","1","0","0"
"POINT (13.294599304000000 52.510714295000099)","Unfall 122950 (2022) Kat:3, Licht: 0","122950","3","4","6","04","19","4","","0","0","1","1","0"
"POINT (13.363341747000000 52.535506261000101)","Unfall 122951 (2022) Kat:3, Licht: 0","122951","3","6","2","03","16","3","","0","1","1","0","0"
"POINT (13.302100383000001 52.486565487000099)","Unfall 122954 (2022) Kat:3, Licht: 0","122954","3","6","2","09","12","5","","0","0","1","0","0"
"POINT (13.355657422000000 52.477764782000101)","Unfall 122955 (2022) Kat:2, Licht: 1","122955","2","3","5","07","20","7","","1","0","1","0","1"
"POINT (13.369279294000000 52.540524965000003)","Unfall 122957 (2022) Kat:3, Licht: 0","122957","3","2","5","06","14","6","","0","1","1","0","0"
"POINT (13.492453099000000 52.436454787999999)","Unfall 122960 (2022) Kat:3, Licht: 0","122960","3","7","3","08","09","4","","0","0","1","0","0"
"POINT (13.384757686000100 52.451727953000002)","Unfall 122961 (2022) Kat:3, Licht: 0","122961","3","6","2","01","14","7","","0","0","1","0","0"
"POINT (13.322782984000099 52.512268575000100)","Unfall 122963 (2022) Kat:3, Licht: 0","122963","3","6","3","11","13","2","","0","1","1","0","0"
"POINT (13.592141717000100 52.504960300999997)","Unfall 122964 (2022) Kat:2, Licht: 0","122964","2","7","6","10","16","5","","0","0","0","1","0"
"POINT (13.305101017000000 52.573101121000001)","Unfall 122966 (2022) Kat:3, Licht: 0","122966","3","6","3","06","15","3","","0","0","0","0","1"
"POINT (13.366197014000001 52.503663124000099)","Unfall 122968 (2022) Kat:3, Licht: 2","122968","3","6","4","05","05","1","","2","0","1","0","0"
"POINT (13.468912563000099 52.562762916000104)","Unfall 122972 (2022) Kat:2, Licht: 0","122972","2","6","3","05","14","5","","0","1","0","0","0"
"POINT (13.242587426000100 52.507547451999997)","Unfall 122975 (2022) Kat:3, Licht: 0","122975","3","6","2","03","15","4","","0","0","1","0","0"
"POINT (13.454222110000000 52.515819767000004)","Unfall 122976 (2022) Kat:3, Licht: 1","122976","3","6","3","10","18","4","","1","1","0","0","0"
"POINT (13.294372350000099 52.510701191000102)","Unfall 122978 (2022) Kat:3, Licht: 0","122978","3","6","3","09","15","6","","0","1","1","0","0"
"POINT (13.476456359000100 52.568128473000101)","Unfall 122980 (2022) Kat:3, Licht: 0","122980","3","3","5","08","14","4","","0","1","1","0","0"
"POINT (13.387230886000101 52.440157955000103)","Unfall 122983 (2022) Kat:3, Licht: 0","122983","3","2","5","06","19","3","","0","1","1","0","0"
"POINT (13.404805162000100 52.519902515000098)","Unfall 122986 (2022) Kat:2, Licht: 2","122986","2","2","5","04","22","3","","2","0","1","0","0"
"POINT (13.476393525000001 52.568099034000099)","Unfall 122987 (2022) Kat:3, Licht: 0","122987","3","6","2","02","11","7","","0","0","1","0","0"
"POINT (13.460350373000001 52.493567839000001)","Unfall 122989 (2022) Kat:3, Licht: 2","122989","3","5","1","12","18","6","","2","0","1","0","0"
"POINT (13.326082055000001 52.605224589000002)","Unfall 122990 (2022) Kat:2, Licht: 0","122990","2","6","2","08","17","5","","0","0","1","0","0"
"POINT (13.390308422000000 52.618621568999998)","Unfall 122992 (2022) Kat:3, Licht: 0","122992","3","3","5","07","09","2","","0","0","1","0","0"
"POINT (13.314777449000101 52.512026207000098)","Unfall 122994 (2022) Kat:3, Licht: 0","122994","3","2","2","05","17","6","","0","0","1","0","1"
"POINT (13.378302173000099 52.434838324000097)","Unfall 122999 (2022) Kat:3, Licht: 0","122999","3","7","0","01","15","5","","0","0","1","0","0"
"POINT (13.399114284000101 52.417833938000101)","Unfall 123000 (2022) Kat:3, Licht: 2","123000","3","2","5","11","17","5","","2","1","1","0","0"
"POINT (13.282748793000099 52.528279253999997)","Unfall 123001 (2022) Kat:3, Licht: 0","123001","3","6","2","09","14","6","","0","0","1","0","0"
"POINT (13.405116010000000 52.520290856000003)","Unfall 123003 (2022) Kat:3, Licht: 0","123003","3","6","2","08","16","2","","0","0","1","0","0"
"POINT (13.175344201000000 52.419830182000098)","Unfall 123005 (2022) Kat:3, Licht: 0","123005","3","2","5","05","14","1","","0","1","1","0","0"
"POINT (13.477224471000101 52.443934026000100)","Unfall 123009 (2022) Kat:3, Licht: 0","123009","3","6","3","04","15","6","","0","0","1","0","0"
"POINT (13.402785252000101 52.593150364000103)","Unfall 123011 (2022) Kat:3, Licht: 0","123011","3","3","5","12","08","6","","0","1","1","0","0"
"POINT (13.388824862000000 52.498118724999998)","Unfall 123012 (2022) Kat:3, Licht: 0","123012","3","3","5","03","11","4","","0","0","1","0","0"
"POINT (13.414604900000000 52.556299361000100)","Unfall 123013 (2022) Kat:3, Licht: 0","123013","3","2","5","10","13","3","","0","1","1","0","0"
"POINT (13.408955044000001 52.517010648999999)","Unfall 123015 (2022) Kat:3, Licht: 0","123015","3","2","5","09","16","5","","0","1","0","0","0"
"POINT (13.360843022999999 52.474183758999999)","Unfall 123017 (2022) Kat:3, Licht: 0","123017","3","6","2","07","16","3","","0","0","1","0","0"
"POINT (13.476728043000000 52.513436878000100)","Unfall 123019 (2022) Kat:3, Licht: 0","123019","3","2","5","06","07","6","","0","1","1","0","0"
"POINT (13.297178090999999 52.510875695000003)","Unfall 123021 (2022) Kat:3, Licht: 0","123021","3","2","5","04","08","3","","0","1","1","0","0"
"POINT (13.249532458999999 52.507971484999999)","Unfall 123022 (2022) Kat:3, Licht: 0","123022","3","3","5","01","08","6","","0","0","1","0","0"
"POINT (13.438680803000100 52.533354467000002)","Unfall 123023 (2022) Kat:3, Licht: 2","123023","3","3","5","12","17","2","","2","1","1","0","0"
"POINT (13.537943469000000 52.536781043000097)","Unfall 123025 (2022) Kat:3, Licht: 0","123025","3","3","5","06","07","4","","0","0","1","0","0"
"POINT (13.403892077000000 52.409436980000102)","Unfall 123027 (2022) Kat:3, Licht: 0","123027","3","6","2","05","11","6","","0","0","1","0","0"
"POINT (13.281478622000099 52.498822136999998)","Unfall 123033 (2022) Kat:3, Licht: 0","123033","3","6","2","11","10","6","","0","0","1","0","0"
"POINT (13.448308591000099 52.504595697000099)","Unfall 123034 (2022) Kat:3, Licht: 0","123034","3","6","3","09","15","4","","0","1","0","0","0"
"POINT (13.424318272000100 52.539026374000102)","Unfall 123037 (2022) Kat:3, Licht: 0","123037","3","2","5","08","16","5","","0","1","1","0","0"
"POINT (13.442027779000099 52.462750290000002)","Unfall 123041 (2022) Kat:3, Licht: 0","123041","3","6","2","04","16","4","","0","0","1","0","0"
"POINT (13.375630016000100 52.429180861000098)","Unfall 123042 (2022) Kat:3, Licht: 0","123042","3","6","0","03","06","3","","0","0","1","0","0"
"POINT (13.328412788000000 52.460274496000103)","Unfall 123044 (2022) Kat:3, Licht: 2","123044","3","2","5","01","18","3","","2","0","1","0","0"
"POINT (13.460157689000001 52.515252281000102)","Unfall 123046 (2022) Kat:3, Licht: 2","123046","3","2","5","11","22","6","","2","0","1","0","0"
"POINT (13.462711734000001 52.452362688999997)","Unfall 123047 (2022) Kat:2, Licht: 0","123047","2","1","8","10","18","1","","0","0","1","0","0"
"POINT (13.306355868000001 52.567523348000101)","Unfall 123050 (2022) Kat:2, Licht: 1","123050","2","6","0","05","18","3","","1","0","1","0","1"
"POINT (13.547994855000100 52.550562198000101)","Unfall 123055 (2022) Kat:2, Licht: 2","123055","2","1","8","04","23","7","","2","0","1","0","0"
"POINT (13.453756580000100 52.515878194999999)","Unfall 123057 (2022) Kat:3, Licht: 2","123057","3","2","5","12","18","2","","2","0","1","0","0"
"POINT (13.301035454000001 52.534252453000100)","Unfall 123058 (2022) Kat:3, Licht: 0","123058","3","6","3","03","14","4","","0","0","1","0","0"
"POINT (13.370572470000100 52.539974793000098)","Unfall 123059 (2022) Kat:2, Licht: 0","123059","2","2","5","10","17","5","","0","0","1","0","1"
"POINT (13.408937000000000 52.516994112000098)","Unfall 123061 (2022) Kat:3, Licht: 0","123061","3","2","5","09","08","3","","0","1","0","0","0"
"POINT (13.179043495000000 52.516617754000002)","Unfall 123063 (2022) Kat:2, Licht: 0","123063","2","2","5","07","11","5","","0","0","1","0","0"
"POINT (13.388129345999999 52.437560796000099)","Unfall 123065 (2022) Kat:2, Licht: 2","123065","2","2","0","06","22","2","","2","1","1","0","0"
"POINT (13.413081066000100 52.547113716000098)","Unfall 123067 (2022) Kat:3, Licht: 0","123067","3","4","0","04","10","5","","0","1","0","1","0"
"POINT (13.511555723000100 52.455207612000002)","Unfall 123068 (2022) Kat:2, Licht: 1","123068","2","4","6","02","16","4","","1","0","1","1","0"
"POINT (13.559599439000101 52.563760928000100)","Unfall 123070 (2022) Kat:3, Licht: 0","123070","3","1","0","12","13","2","","0","0","0","0","1"
"POINT (13.387209085000100 52.440154452000101)","Unfall 123072 (2022) Kat:3, Licht: 0","123072","3","2","5","06","08","4","","0","1","1","0","0"
"POINT (13.515155519000100 52.452768409999997)","Unfall 123074 (2022) Kat:2, Licht: 0","123074","2","6","3","05","16","4","","0","0","1","0","1"
"POINT (13.445344801999999 52.463022185000099)","Unfall 123080 (2022) Kat:3, Licht: 2","123080","3","6","2","11","18","2","","2","0","1","0","0"
"POINT (13.348118193000101 52.574357851000102)","Unfall 123081 (2022) Kat:3, Licht: 2","123081","3","6","2","09","22","6","","2","0","1","0","0"
"POINT (13.359024517000000 52.573404206000099)","Unfall 123084 (2022) Kat:3, Licht: 0","123084","3","2","5","08","13","5","","0","0","1","0","1"
"POINT (13.433980507999999 52.585743099000098)","Unfall 123088 (2022) Kat:3, Licht: 0","123088","3","6","2","04","15","3","","0","0","1","0","1"
"POINT (13.459401400000001 52.492814223000003)","Unfall 123089 (2022) Kat:3, Licht: 0","123089","3","3","5","03","15","3","","0","0","1","0","1"
"POINT (13.406874649000001 52.392668360000101)","Unfall 123092 (2022) Kat:3, Licht: 0","123092","3","2","5","09","09","2","","0","1","1","0","0"
"POINT (13.376011378999999 52.429995384999998)","Unfall 123093 (2022) Kat:3, Licht: 0","123093","3","6","2","07","12","5","","0","0","1","0","1"
"POINT (13.364461902000100 52.534372746000003)","Unfall 123095 (2022) Kat:2, Licht: 0","123095","2","6","2","06","15","4","","0","0","1","0","0"
"POINT (13.406812523999999 52.521144815000099)","Unfall 123096 (2022) Kat:3, Licht: 0","123096","3","6","2","04","10","6","","0","0","1","0","0"
"POINT (13.442274899999999 52.531193345000098)","Unfall 123097 (2022) Kat:3, Licht: 0","123097","3","3","5","02","14","4","","0","1","1","0","0"
"POINT (13.385468075000100 52.438633702000097)","Unfall 123098 (2022) Kat:3, Licht: 2","123098","3","6","2","12","17","5","","2","0","1","0","0"
"POINT (13.461024659000000 52.494102800000100)","Unfall 123099 (2022) Kat:3, Licht: 0","123099","3","7","0","10","08","4","","0","1","0","0","0"
"POINT (13.420762110000100 52.526156614999998)","Unfall 123101 (2022) Kat:3, Licht: 0","123101","3","1","0","06","17","6","","0","0","0","0","0"
"POINT (13.214823232000100 52.427560724999999)","Unfall 123103 (2022) Kat:3, Licht: 0","123103","3","3","5","05","16","6","","0","1","1","0","0"
"POINT (13.520675433000100 52.509555379000098)","Unfall 123108 (2022) Kat:3, Licht: 0","123108","3","6","3","03","08","2","","0","0","1","0","0"
"POINT (13.365254670000100 52.558100409000097)","Unfall 123109 (2022) Kat:2, Licht: 0","123109","2","3","5","10","13","1","","0","0","1","0","1"
"POINT (13.348429978000100 52.481844446000103)","Unfall 123111 (2022) Kat:3, Licht: 0","123111","3","6","2","09","10","4","","0","0","1","0","0"
"POINT (13.412223408999999 52.543930488000100)","Unfall 123113 (2022) Kat:3, Licht: 0","123113","3","6","3","08","17","6","","0","1","0","0","0"
"POINT (13.453776656000100 52.515728921000097)","Unfall 123117 (2022) Kat:3, Licht: 0","123117","3","2","5","04","18","6","","0","1","1","0","0"
"POINT (13.408127607000001 52.521590797999998)","Unfall 123118 (2022) Kat:3, Licht: 2","123118","3","6","2","02","19","5","","2","0","1","0","0"
"POINT (13.250198659000000 52.619665144000102)","Unfall 123120 (2022) Kat:2, Licht: 0","123120","2","7","2","08","13","4","","0","0","1","0","0"
"POINT (13.433241714000101 52.535961198999999)","Unfall 123121 (2022) Kat:3, Licht: 0","123121","3","2","6","07","20","6","","0","0","0","1","0"
"POINT (13.342084658999999 52.470630605000103)","Unfall 123123 (2022) Kat:3, Licht: 0","123123","3","6","3","06","16","5","","0","0","1","0","0"
"POINT (13.386053590000101 52.485838690999998)","Unfall 123126 (2022) Kat:3, Licht: 0","123126","3","6","2","08","12","6","","0","0","1","0","1"
"POINT (13.477332742000000 52.443562455000098)","Unfall 123128 (2022) Kat:2, Licht: 2","123128","2","1","8","01","21","3","","2","0","1","0","0"
"POINT (13.389297966000100 52.497353104000098)","Unfall 123129 (2022) Kat:3, Licht: 2","123129","3","7","5","11","20","6","","2","0","1","0","0"
"POINT (13.376365622000000 52.516125642000098)","Unfall 123130 (2022) Kat:3, Licht: 0","123130","3","6","2","10","16","2","","0","0","1","0","0"
"POINT (13.303581323000101 52.449206093000001)","Unfall 123133 (2022) Kat:3, Licht: 0","123133","3","6","2","05","15","6","","0","0","1","0","0"
"POINT (13.445798996000100 52.516705350999999)","Unfall 123137 (2022) Kat:3, Licht: 2","123137","3","2","5","05","22","6","","2","1","0","0","0"
"POINT (13.450123690000099 52.463434619000097)","Unfall 123140 (2022) Kat:3, Licht: 0","123140","3","6","3","03","14","3","","0","0","1","0","0"
"POINT (13.460277526000000 52.550404844000099)","Unfall 123141 (2022) Kat:3, Licht: 2","123141","3","6","3","10","20","7","","2","0","1","0","1"
"POINT (13.620696113000101 52.504325362000003)","Unfall 123143 (2022) Kat:3, Licht: 0","123143","3","2","5","09","15","6","","0","0","1","0","0"
"POINT (13.258559752000100 52.508536915000001)","Unfall 123145 (2022) Kat:3, Licht: 0","123145","3","6","2","07","18","7","","0","0","1","0","0"
"POINT (13.419584449000100 52.525170177000099)","Unfall 123147 (2022) Kat:3, Licht: 0","123147","3","6","2","06","16","5","","0","0","1","0","0"
"POINT (13.297223308000101 52.510878741000099)","Unfall 123150 (2022) Kat:3, Licht: 0","123150","3","2","2","04","13","3","","0","1","1","0","0"
"POINT (13.428622216000100 52.518156012000098)","Unfall 123151 (2022) Kat:3, Licht: 0","123151","3","6","3","02","14","2","","0","0","1","0","0"
"POINT (13.447970377000001 52.547091293000101)","Unfall 123153 (2022) Kat:3, Licht: 0","123153","3","2","6","12","14","3","","0","0","0","0","0"
"POINT (13.453758206000000 52.515870475000000)","Unfall 123154 (2022) Kat:3, Licht: 0","123154","3","2","5","08","13","4","","0","0","1","0","1"
"POINT (13.473354215000001 52.513919800000103)","Unfall 123156 (2022) Kat:2, Licht: 0","123156","2","6","2","07","08","3","","0","1","1","0","0"
"POINT (13.354678313000001 52.485235048000000)","Unfall 123159 (2022) Kat:3, Licht: 0","123159","3","7","0","05","17","6","","0","0","0","1","0"
"POINT (13.370207005000101 52.540193135000003)","Unfall 123164 (2022) Kat:3, Licht: 2","123164","3","6","3","01","19","3","","2","0","1","0","1"
"POINT (13.345606565000001 52.580682860000103)","Unfall 123165 (2022) Kat:2, Licht: 2","123165","2","6","2","11","20","6","","2","0","1","0","0"
"POINT (13.383999307000099 52.454807190000103)","Unfall 123166 (2022) Kat:3, Licht: 0","123166","3","6","2","09","10","6","","0","0","1","0","0"
"POINT (13.389138000000100 52.498048113000003)","Unfall 123168 (2022) Kat:2, Licht: 2","123168","2","6","2","08","02","1","","2","0","1","0","1"
"POINT (13.178952213000100 52.516558437000100)","Unfall 123170 (2022) Kat:3, Licht: 0","123170","3","6","2","05","17","2","","0","0","1","0","1"
"POINT (13.460244410000000 52.493740047000102)","Unfall 123175 (2022) Kat:2, Licht: 0","123175","2","1","0","04","20","7","","0","1","0","0","0"
"POINT (13.356922919000100 52.473880799000000)","Unfall 123177 (2022) Kat:3, Licht: 2","123177","3","6","2","12","17","3","","2","0","1","0","0"
"POINT (13.460365907000000 52.550331559000000)","Unfall 123178 (2022) Kat:3, Licht: 0","123178","3","1","0","03","10","5","","0","1","0","0","0"
"POINT (13.299153191000100 52.511195784000101)","Unfall 123179 (2022) Kat:3, Licht: 0","123179","3","2","5","10","12","3","","0","1","1","0","0"
"POINT (13.553050065000001 52.509054965000097)","Unfall 123181 (2022) Kat:3, Licht: 0","123181","3","2","3","09","09","5","","0","1","1","0","0"
"POINT (13.263476949999999 52.435072200000000)","Unfall 123182 (2022) Kat:3, Licht: 0","123182","3","2","5","07","12","2","","0","1","0","0","0"
"POINT (13.442678932000000 52.544617539000100)","Unfall 123184 (2022) Kat:3, Licht: 0","123184","3","3","5","06","18","7","","0","1","1","0","0"
"POINT (13.467573130000099 52.514507334000001)","Unfall 123185 (2022) Kat:2, Licht: 0","123185","2","3","5","04","08","3","","0","1","1","0","0"
"POINT (13.444111970000099 52.545399378000099)","Unfall 123186 (2022) Kat:3, Licht: 2","123186","3","2","6","02","06","4","","2","0","1","1","0"
"POINT (13.461031515000100 52.454811436999996)","Unfall 123187 (2022) Kat:3, Licht: 0","123187","3","6","2","12","09","4","","0","0","1","0","0"
"POINT (13.333044724000001 52.464296143000098)","Unfall 123189 (2022) Kat:3, Licht: 0","123189","3","1","0","06","19","5","","0","0","0","0","1"
"POINT (13.364507119000100 52.562082865000001)","Unfall 123191 (2022) Kat:3, Licht: 0","123191","3","1","9","05","12","4","","0","0","0","0","1"
"POINT (13.385116090000100 52.448786243000001)","Unfall 123197 (2022) Kat:3, Licht: 0","123197","3","2","5","11","10","3","","0","1","1","0","0"
"POINT (13.468858122000000 52.448009079000002)","Unfall 123198 (2022) Kat:3, Licht: 0","123198","3","6","3","09","16","6","","0","0","1","0","0"
"POINT (13.551907839000000 52.509168424000102)","Unfall 123201 (2022) Kat:3, Licht: 0","123201","3","6","3","08","08","2","","0","0","0","0","1"
"POINT (13.293668609000100 52.536765555999999)","Unfall 123205 (2022) Kat:3, Licht: 0","123205","3","6","2","04","16","4","","0","0","1","0","0"
"POINT (13.453625886000101 52.518493774000000)","Unfall 123206 (2022) Kat:3, Licht: 2","123206","3","3","5","03","19","6","","2","1","1","0","0"
"POINT (13.365488621000100 52.558038588000002)","Unfall 123209 (2022) Kat:3, Licht: 1","123209","3","3","5","09","19","2","","1","0","1","0","0"
"POINT (13.413006553000100 52.545593205999999)","Unfall 123210 (2022) Kat:3, Licht: 0","123210","3","6","4","07","11","1","","0","1","0","0","0"
"POINT (13.368006741000000 52.550560432000097)","Unfall 123212 (2022) Kat:3, Licht: 0","123212","3","6","2","06","15","2","","0","1","1","0","0"
"POINT (13.175480600000100 52.419785336000103)","Unfall 123215 (2022) Kat:2, Licht: 0","123215","2","1","0","08","07","6","","0","1","0","0","0"
"POINT (13.366136482000099 52.532673547000101)","Unfall 123216 (2022) Kat:3, Licht: 2","123216","3","6","2","01","20","4","","2","0","1","0","0"
"POINT (13.322952591000000 52.512733644999997)","Unfall 123218 (2022) Kat:3, Licht: 2","123218","3","1","9","11","23","1","","2","0","1","0","0"
"POINT (13.412521744000101 52.383624768000097)","Unfall 123219 (2022) Kat:3, Licht: 2","123219","3","2","5","10","21","7","","2","1","1","0","0"
"POINT (13.462537358000100 52.515007122999997)","Unfall 123221 (2022) Kat:3, Licht: 0","123221","3","7","6","06","11","7","","0","1","0","1","0"
"POINT (13.406875606000000 52.392641931000099)","Unfall 123223 (2022) Kat:3, Licht: 0","123223","3","7","2","05","07","4","","0","1","1","0","0"
"POINT (13.380881259000001 52.509795661000098)","Unfall 123229 (2022) Kat:3, Licht: 0","123229","3","1","0","03","17","6","","0","1","0","0","0"
"POINT (13.385178430000099 52.438584763000101)","Unfall 123230 (2022) Kat:3, Licht: 0","123230","3","1","0","11","16","6","","0","1","0","0","0"
"POINT (13.369833404000101 52.508648944000100)","Unfall 123232 (2022) Kat:3, Licht: 0","123232","3","2","0","09","18","5","","0","1","1","0","0"
"POINT (13.376003184000099 52.429977573000002)","Unfall 123234 (2022) Kat:3, Licht: 0","123234","3","6","2","08","14","2","","0","0","1","0","0"
"POINT (13.416384430000100 52.522004397000003)","Unfall 123237 (2022) Kat:2, Licht: 0","123237","2","1","9","04","18","1","","0","0","1","0","0"
"POINT (13.454225892000100 52.515678555000100)","Unfall 123238 (2022) Kat:3, Licht: 2","123238","3","3","5","02","05","1","","2","0","1","0","0"
"POINT (13.536903117000101 52.530137759000098)","Unfall 123240 (2022) Kat:2, Licht: 0","123240","2","2","5","09","10","5","","0","1","1","0","0"
"POINT (13.396038268000000 52.423295484999997)","Unfall 123242 (2022) Kat:3, Licht: 0","123242","3","2","5","07","10","6","","0","0","1","0","0"
"POINT (13.322956844000000 52.512502327999997)","Unfall 123244 (2022) Kat:3, Licht: 0","123244","3","1","0","06","16","1","","0","0","0","0","1"
"POINT (13.414741168000001 52.520671966000101)","Unfall 123247 (2022) Kat:3, Licht: 0","123247","3","7","6","08","15","6","","0","1","0","1","0"
"POINT (13.494203458000101 52.467073189000097)","Unfall 123249 (2022) Kat:2, Licht: 1","123249","2","5","1","01","16","3","","1","0","0","0","0"