WKT,Name,OBJECTID,UKATEGORIE,UTYP1,UART,UMONAT,USTUNDE,UWOCHENTAG,STRZUSTAND,ULICHTVERH,ISTRAD,ISTPKW,ISTFUSS,ISTKRAD
"POINT (13.305334484000101 52.511600933000103)","Unfall 123250 (2022) Kat:3, Licht: 0","123250","3","2","0","11","15","3","","0","1","1","0","0"
"POINT (13.312862289000099 52.622480678000002)","Unfall 123251 (2022) Kat:3, Licht: 0","123251","3","2","5","10","07","2","","0","1","1","0","0"
"POINT (13.285880426000100 52.494676705000103)","Unfall 123254 (2022) Kat:3, Licht: 0","123254","3","6","2","09","13","6","","0","0","1","0","0"
"POINT (13.396368357000000 52.423323250000102)","Unfall 123255 (2022) Kat:2, Licht: 0","123255","2","3","5","07","16","4","","0","0","1","0","0"
"POINT (13.554502248000100 52.557803299000099)","Unfall 123257 (2022) Kat:2, Licht: 0","123257","2","1","0","06","12","2","","0","1","0","0","0"
"POINT (13.467374522000100 52.514374829000097)","Unfall 123258 (2022) Kat:3, Licht: 0","123258","3","2","5","01","08","2","","0","1","1","0","0"
"POINT (13.418834560000100 52.460858180000102)","Unfall 123259 (2022) Kat:3, Licht: 2","123259","3","6","2","11","17","1","","2","0","1","0","0"
"POINT (13.368482870999999 52.541173874000002)","Unfall 123260 (2022) Kat:3, Licht: 2","123260","3","2","5","10","19","1","","2","1","1","0","0"
"POINT (13.342282745000000 52.585009394000103)","Unfall 123262 (2022) Kat:2, Licht: 0","123262","2","7","0","06","12","1","","0","0","1","0","1"
"POINT (13.448656366000000 52.505121276000096)","Unfall 123264 (2022) Kat:3, Licht: 0","123264","3","4","6","05","12","5","","0","1","0","1","0"
"POINT (13.413637036000100 52.550087738999999)","Unfall 123269 (2022) Kat:3, Licht: 0","123269","3","5","1","03","15","5","","0","1","1","0","0"
"POINT (13.385068818000001 52.449943764000103)","Unfall 123270 (2022) Kat:3, Licht: 0","123270","3","6","2","11","08","4","","0","0","1","0","0"
"POINT (13.362334243000101 52.498531000000099)","Unfall 123272 (2022) Kat:3, Licht: 0","123272","3","2","5","09","13","7","","0","1","1","0","0"
"POINT (13.396259307999999 52.423516074000098)","Unfall 123274 (2022) Kat:3, Licht: 0","123274","3","2","5","08","12","1","","0","1","1","0","0"
"POINT (13.457714820000000 52.491700122000097)","Unfall 123278 (2022) Kat:3, Licht: 0","123278","3","6","3","04","06","4","","0","0","1","0","1"
"POINT (13.419942384000001 52.524952935999998)","Unfall 123279 (2022) Kat:3, Licht: 0","123279","3","2","5","02","08","4","","0","1","1","0","0"
"POINT (13.281250172000099 52.502731561000097)","Unfall 123281 (2022) Kat:3, Licht: 0","123281","3","6","2","08","18","2","","0","0","1","0","0"
"POINT (13.386808529000101 52.510170308000099)","Unfall 123283 (2022) Kat:3, Licht: 0","123283","3","6","2","07","13","6","","0","0","1","0","0"
"POINT (13.549655483000000 52.552190810000099)","Unfall 123285 (2022) Kat:2, Licht: 0","123285","2","3","5","06","13","5","","0","1","1","0","0"
"POINT (13.386165075000100 52.438753122000001)","Unfall 123288 (2022) Kat:2, Licht: 0","123288","2","6","3","08","16","6","","0","0","1","0","1"
"POINT (13.427511872000000 52.531240384999997)","Unfall 123290 (2022) Kat:3, Licht: 2","123290","3","2","5","01","19","2","","2","1","0","0","0"
"POINT (13.364490641000000 52.562176643999997)","Unfall 123292 (2022) Kat:2, Licht: 2","123292","2","6","4","11","16","3","","2","1","0","0","0"
"POINT (13.272070141000000 52.497954112000102)","Unfall 123293 (2022) Kat:2, Licht: 0","123293","2","6","3","10","15","5","","0","0","1","0","1"
"POINT (13.370497961000099 52.540019308000097)","Unfall 123296 (2022) Kat:3, Licht: 0","123296","3","3","5","05","18","6","","0","0","1","0","0"
"POINT (13.479616697999999 52.477096265000100)","Unfall 123300 (2022) Kat:3, Licht: 0","123300","3","6","3","05","07","3","","0","0","1","0","1"
"POINT (13.431448951000000 52.534996522000000)","Unfall 123303 (2022) Kat:3, Licht: 0","123303","3","6","2","03","15","4","","0","0","1","0","0"
"POINT (13.476381560000000 52.568093427000100)","Unfall 123304 (2022) Kat:3, Licht: 0","123304","3","3","5","10","08","4","","0","1","1","0","0"
"POINT (13.455537456000100 52.464396772000001)","Unfall 123306 (2022) Kat:3, Licht: 0","123306","3","6","2","09","14","4","","0","0","1","0","0"
"POINT (13.428767398000000 52.518186506000099)","Unfall 123308 (2022) Kat:3, Licht: 0","123308","3","2","5","08","14","5","","0","0","1","0","1"
"POINT (13.252247044000100 52.611532003000001)","Unfall 123310 (2022) Kat:3, Licht: 0","123310","3","6","2","06","11","5","","0","0","1","0","0"
"POINT (13.359024517000000 52.573404206000099)","Unfall 123312 (2022) Kat:3, Licht: 0","123312","3","2","5","04","18","7","","0","0","1","0","0"
"POINT (13.363975629000000 52.564653470000103)","Unfall 123313 (2022) Kat:2, Licht: 0","123313","2","2","5","02","09","5","","0","1","1","0","0"
"POINT (13.263681857000099 52.491513916000002)","Unfall 123315 (2022) Kat:2, Licht: 0","123315","2","6","3","12","09","5","","0","0","1","0","0"
"POINT (13.361568272000101 52.496721698999998)","Unfall 123316 (2022) Kat:3, Licht: 0","123316","3","6","2","08","16","7","","0","0","1","0","0"
"POINT (13.412442802999999 52.542570550000100)","Unfall 123318 (2022) Kat:3, Licht: 0","123318","3","6","1","07","19","3","","0","1","0","0","0"
"POINT (13.365499979000001 52.557978659000099)","Unfall 123321 (2022) Kat:3, Licht: 2","123321","3","3","5","05","01","3","","2","0","1","0","0"
"POINT (13.363218030000001 52.535842367999997)","Unfall 123326 (2022) Kat:3, Licht: 2","123326","3","2","6","01","06","2","","2","0","1","1","0"
"POINT (13.332254648000101 52.513363801000096)","Unfall 123327 (2022) Kat:3, Licht: 1","123327","3","6","3","11","16","7","","1","0","1","0","1"
"POINT (13.365498392000100 52.557986447000097)","Unfall 123328 (2022) Kat:3, Licht: 0","123328","3","3","5","09","15","5","","0","0","1","0","0"
"POINT (13.450507443999999 52.632620111000101)","Unfall 123330 (2022) Kat:3, Licht: 0","123330","3","7","0","08","12","6","","0","0","1","0","0"
"POINT (13.369846065000001 52.541722085000103)","Unfall 123332 (2022) Kat:3, Licht: 0","123332","3","7","0","05","07","4","","0","1","0","0","0"
"POINT (13.483311609999999 52.583071459000102)","Unfall 123337 (2022) Kat:3, Licht: 0","123337","3","2","5","04","19","7","","0","1","1","0","0"
"POINT (13.398483978000099 52.579893626000100)","Unfall 123339 (2022) Kat:3, Licht: 2","123339","3","2","6","12","17","2","","2","0","1","1","0"
"POINT (13.265058181000001 52.606743794000103)","Unfall 123340 (2022) Kat:3, Licht: 0","123340","3","6","2","03","08","4","","0","0","0","0","0"
"POINT (13.323816944000001 52.607855120000103)","Unfall 123341 (2022) Kat:3, Licht: 2","123341","3","2","5","01","22","7","","2","0","1","0","1"
"POINT (13.517525005000000 52.427755339000001)","Unfall 123342 (2022) Kat:3, Licht: 2","123342","3","1","9","10","00","7","","2","0","1","0","0"
"POINT (13.624227471999999 52.503901724999999)","Unfall 123344 (2022) Kat:3, Licht: 0","123344","3","6","2","09","12","4","","0","0","0","0","1"
"POINT (13.381099814000001 52.509809787999998)","Unfall 123345 (2022) Kat:3, Licht: 2","123345","3","6","2","07","01","7","","2","0","1","0","0"
"POINT (13.416756061000100 52.522075192000003)","Unfall 123348 (2022) Kat:2, Licht: 0","123348","2","3","5","06","20","6","","0","1","1","0","0"
"POINT (13.423806540999999 52.528091265000100)","Unfall 123349 (2022) Kat:3, Licht: 0","123349","3","3","5","04","13","2","","0","1","0","0","0"
"POINT (13.314205346000101 52.619281201000000)","Unfall 123350 (2022) Kat:2, Licht: 0","123350","2","7","1","01","16","5","","0","0","1","0","0"
"POINT (13.443103779000101 52.462894452000100)","Unfall 123351 (2022) Kat:3, Licht: 2","123351","3","6","2","12","07","6","","2","0","1","0","0"
"POINT (13.385740628000100 52.469454741000000)","Unfall 123352 (2022) Kat:3, Licht: 0","123352","3","2","5","10","16","3","","0","0","1","0","1"
"POINT (13.283525296000100 52.496572205000099)","Unfall 123354 (2022) Kat:3, Licht: 0","123354","3","1","9","07","16","7","","0","0","1","0","0"
"POINT (13.299547423000000 52.488422698000100)","Unfall 123356 (2022) Kat:3, Licht: 0","123356","3","6","2","05","20","6","","0","0","1","0","0"
"POINT (13.283050705000100 52.519035756999997)","Unfall 123362 (2022) Kat:2, Licht: 2","123362","2","6","2","11","17","3","","2","0","1","0","0"
"POINT (13.476198456000100 52.444505350000000)","Unfall 123363 (2022) Kat:3, Licht: 0","123363","3","6","2","09","08","3","","0","0","1","0","0"
"POINT (13.369640821000100 52.543532877000096)","Unfall 123365 (2022) Kat:3, Licht: 2","123365","3","1","8","08","21","1","","2","0","0","0","0"
"POINT (13.401707286000001 52.590025531000002)","Unfall 123367 (2022) Kat:3, Licht: 0","123367","3","2","5","08","12","4","","0","1","0","0","0"
"POINT (13.616826209000100 52.504621481000100)","Unfall 123371 (2022) Kat:3, Licht: 0","123371","3","6","3","04","14","2","","0","0","1","0","0"
"POINT (13.376384378000100 52.516126772000099)","Unfall 123372 (2022) Kat:3, Licht: 0","123372","3","6","2","03","08","4","","0","0","1","0","0"
"POINT (13.448523486000100 52.504904931000098)","Unfall 123375 (2022) Kat:2, Licht: 1","123375","2","1","0","09","18","2","","1","1","0","0","0"
"POINT (13.401725627000101 52.511505166000099)","Unfall 123376 (2022) Kat:3, Licht: 0","123376","3","1","0","07","10","2","","0","0","0","0","0"
"POINT (13.359962616000100 52.571996340000098)","Unfall 123378 (2022) Kat:3, Licht: 0","123378","3","3","5","06","18","3","","0","0","1","0","0"
"POINT (13.384637906000000 52.459526899000103)","Unfall 123381 (2022) Kat:3, Licht: 0","123381","3","7","6","08","13","5","","0","0","0","1","0"
"POINT (13.434787727000099 52.537487943000002)","Unfall 123382 (2022) Kat:3, Licht: 1","123382","3","2","5","01","16","3","","1","1","1","0","0"
"POINT (13.419175215000100 52.524286824999997)","Unfall 123384 (2022) Kat:3, Licht: 2","123384","3","6","3","11","21","6","","2","0","1","0","0"
"POINT (13.376529674000000 52.431093504000003)","Unfall 123385 (2022) Kat:3, Licht: 0","123385","3","2","5","10","10","1","","0","0","1","0","1"
"POINT (13.441985997000099 52.462882949000097)","Unfall 123387 (2022) Kat:3, Licht: 0","123387","3","6","2","06","14","2","","0","0","1","0","1"
"POINT (13.414067317000001 52.557819533999997)","Unfall 123389 (2022) Kat:2, Licht: 0","123389","2","2","5","05","07","2","","0","1","0","0","0"
"POINT (13.323131965000099 52.537761773000099)","Unfall 123395 (2022) Kat:3, Licht: 0","123395","3","6","2","03","12","5","","0","0","1","0","0"
"POINT (13.315353832000000 52.612880255999997)","Unfall 123396 (2022) Kat:2, Licht: 2","123396","2","1","8","11","23","3","","2","0","1","0","0"
"POINT (13.477626634000000 52.443566977000003)","Unfall 123398 (2022) Kat:3, Licht: 0","123398","3","6","0","09","16","4","","0","0","1","0","0"
"POINT (13.560368327000001 52.562257660999997)","Unfall 123400 (2022) Kat:3, Licht: 0","123400","3","2","5","08","08","4","","0","0","1","0","0"
"POINT (13.447444771000100 52.503450440999998)","Unfall 123404 (2022) Kat:3, Licht: 0","123404","3","6","3","04","12","5","","0","1","0","0","0"
"POINT (13.294954064000001 52.539457350000099)","Unfall 123405 (2022) Kat:3, Licht: 0","123405","3","6","2","02","07","4","","0","0","1","0","0"
"POINT (13.225400665000100 52.460482270000099)","Unfall 123407 (2022) Kat:3, Licht: 0","123407","3","6","2","12","15","5","","0","0","1","0","0"
"POINT (13.563712087000100 52.508010599000002)","Unfall 123408 (2022) Kat:3, Licht: 0","123408","3","2","5","09","07","5","","0","1","1","0","0"
"POINT (13.347844027000100 52.574468808000098)","Unfall 123410 (2022) Kat:3, Licht: 0","123410","3","3","5","07","20","2","","0","0","1","0","0"
"POINT (13.387706974000000 52.498393351000097)","Unfall 123413 (2022) Kat:3, Licht: 0","123413","3","6","2","05","15","7","","0","0","1","0","0"
"POINT (13.502528529000100 52.510967753000003)","Unfall 123417 (2022) Kat:3, Licht: 0","123417","3","6","2","01","15","4","","0","0","1","0","0"
"POINT (13.429868724000100 52.533250011000099)","Unfall 123418 (2022) Kat:3, Licht: 0","123418","3","2","5","11","10","3","","0","1","1","0","0"
"POINT (13.473453057000000 52.513767680999997)","Unfall 123419 (2022) Kat:3, Licht: 0","123419","3","2","0","09","15","5","","0","1","0","0","1"
"POINT (13.168903866999999 52.420627793999998)","Unfall 123422 (2022) Kat:2, Licht: 0","123422","2","1","0","05","17","1","","0","1","0","0","0"
"POINT (13.239904737000099 52.471934249000100)","Unfall 123426 (2022) Kat:3, Licht: 2","123426","3","7","0","05","20","5","","2","0","1","0","0"
"POINT (13.484485903000101 52.512795648000100)","Unfall 123429 (2022) Kat:3, Licht: 0","123429","3","2","5","03","15","3","","0","1","1","0","0"
"POINT (13.620380878000001 52.504361535999998)","Unfall 123430 (2022) Kat:3, Licht: 1","123430","3","6","2","10","06","2","","1","0","1","0","0"
"POINT (13.352816909000101 52.402039770999998)","Unfall 123432 (2022) Kat:3, Licht: 0","123432","3","6","2","09","10","2","","0","0","1","0","0"
"POINT (13.444317908000100 52.614838782000000)","Unfall 123434 (2022) Kat:3, Licht: 0","123434","3","3","5","07","10","6","","0","0","1","0","0"
"POINT (13.396341161000100 52.423373426000097)","Unfall 123436 (2022) Kat:3, Licht: 0","123436","3","2","5","06","07","3","","0","0","1","0","0"
"POINT (13.282629239000100 52.528413852000000)","Unfall 123438 (2022) Kat:3, Licht: 0","123438","3","6","2","04","15","3","","0","0","1","0","0"
"POINT (13.493295105000101 52.511728040999998)","Unfall 123439 (2022) Kat:3, Licht: 0","123439","3","2","5","02","12","2","","0","1","1","0","0"
"POINT (13.448078920000100 52.546930523000100)","Unfall 123441 (2022) Kat:2, Licht: 2","123441","2","2","5","12","18","6","","2","0","1","0","1"
"POINT (13.361829892000101 52.413695400000101)","Unfall 123443 (2022) Kat:3, Licht: 0","123443","3","2","2","06","06","5","","0","0","1","0","0"
"POINT (13.411510749000101 52.518719200000099)","Unfall 123445 (2022) Kat:3, Licht: 0","123445","3","2","5","05","10","2","","0","1","1","0","0"
"POINT (13.283682792000000 52.507249911000002)","Unfall 123450 (2022) Kat:3, Licht: 0","123450","3","6","2","11","06","3","","0","0","1","0","0"
"POINT (13.326552909000000 52.538210872000001)","Unfall 123451 (2022) Kat:3, Licht: 0","123451","3","6","2","09","10","6","","0","0","1","0","0"
"POINT (13.421920591999999 52.526604405999997)","Unfall 123454 (2022) Kat:2, Licht: 0","123454","2","3","5","05","20","2","","0","1","0","0","0"
"POINT (13.269434243999999 52.437636486000002)","Unfall 123458 (2022) Kat:2, Licht: 0","123458","2","3","5","04","08","5","","0","0","1","0","0"
"POINT (13.364412648000000 52.563746924999997)","Unfall 123460 (2022) Kat:3, Licht: 1","123460","3","2","2","12","15","3","","1","0","1","0","0"
"POINT (13.460669181000100 52.494065456999998)","Unfall 123461 (2022) Kat:3, Licht: 2","123461","3","6","2","03","21","4","","2","0","1","0","0"
"POINT (13.433836578000101 52.537065679000101)","Unfall 123463 (2022) Kat:2, Licht: 0","123463","2","4","6","10","08","4","","0","0","1","1","0"
"POINT (13.427260454000100 52.518624656000000)","Unfall 123465 (2022) Kat:3, Licht: 0","123465","3","3","5","09","10","1","","0","1","1","0","0"
"POINT (13.438620708000000 52.517428424999999)","Unfall 123466 (2022) Kat:3, Licht: 0","123466","3","1","0","07","17","6","","0","0","0","0","0"
"POINT (13.380040656000100 52.509741325000000)","Unfall 123468 (2022) Kat:3, Licht: 0","123468","3","7","0","06","16","5","","0","0","0","1","0"
"POINT (13.419065391000100 52.539892527000099)","Unfall 123470 (2022) Kat:3, Licht: 2","123470","3","7","5","05","23","7","","2","1","1","0","0"
"POINT (13.460436563000000 52.515223610000099)","Unfall 123474 (2022) Kat:3, Licht: 1","123474","3","6","2","05","21","6","","1","0","1","0","0"
"POINT (13.460174607000100 52.515250514000101)","Unfall 123476 (2022) Kat:3, Licht: 2","123476","3","2","5","12","17","4","","2","0","1","0","0"
"POINT (13.271474400000001 52.438269795000103)","Unfall 123477 (2022) Kat:3, Licht: 0","123477","3","6","2","03","13","2","","0","0","1","0","0"
"POINT (13.309247805000000 52.511856068000000)","Unfall 123478 (2022) Kat:3, Licht: 0","123478","3","2","6","10","14","7","","0","0","1","1","0"
"POINT (13.390393698000000 52.618465684999997)","Unfall 123480 (2022) Kat:3, Licht: 0","123480","3","2","5","09","08","4","","0","1","0","0","0"
"POINT (13.430078492000099 52.537060090000097)","Unfall 123482 (2022) Kat:3, Licht: 2","123482","3","5","1","07","03","7","","2","0","1","0","0"
"POINT (13.204528016999999 52.511504452000104)","Unfall 123484 (2022) Kat:3, Licht: 0","123484","3","6","2","06","14","3","","0","0","1","0","0"
"POINT (13.536759314000101 52.529533878000102)","Unfall 123486 (2022) Kat:3, Licht: 2","123486","3","1","4","04","22","7","","2","0","1","0","0"
"POINT (13.512026475000001 52.454892278000003)","Unfall 123487 (2022) Kat:2, Licht: 0","123487","2","2","6","02","11","1","","0","0","1","1","0"
"POINT (13.283128703999999 52.528875689000103)","Unfall 123489 (2022) Kat:3, Licht: 2","123489","3","6","2","12","17","2","","2","0","1","0","0"
"POINT (13.414502783000000 52.557035571000000)","Unfall 123491 (2022) Kat:3, Licht: 0","123491","3","2","0","07","18","4","","0","1","0","0","0"
"POINT (13.157912934000001 52.419417915000103)","Unfall 123493 (2022) Kat:3, Licht: 0","123493","3","1","0","05","13","1","","0","1","0","0","0"
"POINT (13.286975799000100 52.593033130999999)","Unfall 123499 (2022) Kat:3, Licht: 0","123499","3","6","3","11","11","5","","0","0","1","0","0"
"POINT (13.385740428000100 52.469446758000103)","Unfall 123500 (2022) Kat:2, Licht: 0","123500","2","3","5","09","10","6","","0","1","1","0","0"
"POINT (13.240176782000001 52.433208216000097)","Unfall 123502 (2022) Kat:3, Licht: 0","123502","3","2","5","08","17","5","","0","1","1","0","0"
"POINT (13.282067187000100 52.498184175000098)","Unfall 123504 (2022) Kat:3, Licht: 0","123504","3","6","2","05","12","1","","0","0","1","0","0"
"POINT (13.483314041000000 52.583079091999998)","Unfall 123507 (2022) Kat:3, Licht: 0","123507","3","2","5","04","14","7","","0","0","1","0","0"
"POINT (13.455110781000000 52.462432321999998)","Unfall 123509 (2022) Kat:3, Licht: 0","123509","3","6","2","12","11","2","","0","0","1","0","0"
"POINT (13.553043019000000 52.509055665000098)","Unfall 123510 (2022) Kat:3, Licht: 0","123510","3","2","5","03","15","4","","0","1","1","0","0"
"POINT (13.314797475000001 52.512027537999998)","Unfall 123512 (2022) Kat:3, Licht: 0","123512","3","2","5","10","14","5","","0","0","1","0","0"
"POINT (13.399427651000099 52.417301506000101)","Unfall 123514 (2022) Kat:3, Licht: 0","123514","3","4","6","09","16","5","","0","0","1","1","0"
"POINT (13.461084132000099 52.489378635999998)","Unfall 123515 (2022) Kat:2, Licht: 2","123515","2","1","8","07","22","4","","2","0","0","0","0"
"POINT (13.416801357000100 52.522115542000101)","Unfall 123518 (2022) Kat:3, Licht: 0","123518","3","2","5","06","07","5","","0","1","0","0","0"
"POINT (13.302351490000000 52.550340804000001)","Unfall 123519 (2022) Kat:3, Licht: 0","123519","3","6","2","03","10","5","","0","0","1","0","0"
"POINT (13.263496878000099 52.435077041000099)","Unfall 123520 (2022) Kat:3, Licht: 1","123520","3","2","5","01","17","5","","1","1","1","0","0"
"POINT (13.384592860000099 52.452598437000098)","Unfall 123521 (2022) Kat:3, Licht: 2","123521","3","2","5","11","06","2","","2","1","1","0","0"
"POINT (13.409087398000100 52.517127022000103)","Unfall 123522 (2022) Kat:3, Licht: 0","123522","3","2","5","10","15","4","","0","1","1","0","0"
"POINT (13.414102548000100 52.550730698000102)","Unfall 123524 (2022) Kat:3, Licht: 0","123524","3","2","5","06","18","5","","0","1","1","0","0"
"POINT (13.457768479000000 52.491645831000000)","Unfall 123526 (2022) Kat:3, Licht: 0","123526","3","3","5","05","19","2","","0","1","1","0","0"
"POINT (13.448316206000101 52.504606549000101)","Unfall 123531 (2022) Kat:3, Licht: 2","123531","3","7","7","11","20","5","","2","1","0","0","0"
"POINT (13.448053714000000 52.504232473999998)","Unfall 123533 (2022) Kat:3, Licht: 0","123533","3","2","0","09","12","6","","0","1","1","0","0"
"POINT (13.435366919000000 52.638203543000003)","Unfall 123535 (2022) Kat:3, Licht: 0","123535","3","6","2","08","13","7","","0","0","1","0","0"
"POINT (13.561852570999999 52.508638795000103)","Unfall 123536 (2022) Kat:3, Licht: 0","123536","3","4","6","08","07","4","","0","0","1","1","0"
"POINT (13.403840944000001 52.582251815000099)","Unfall 123540 (2022) Kat:3, Licht: 0","123540","3","7","0","04","13","7","","0","1","1","0","0"
"POINT (13.427274284000100 52.461473646000101)","Unfall 123541 (2022) Kat:2, Licht: 0","123541","2","6","3","03","16","3","","0","0","1","0","0"
"POINT (13.271128119000000 52.509277582999999)","Unfall 123544 (2022) Kat:3, Licht: 0","123544","3","2","2","09","11","6","","0","0","1","0","0"
"POINT (13.282825443000000 52.528712089000102)","Unfall 123545 (2022) Kat:3, Licht: 0","123545","3","6","3","07","13","5","","0","0","1","0","0"
"POINT (13.434400331000100 52.517719008000000)","Unfall 123548 (2022) Kat:3, Licht: 0","123548","3","5","1","06","09","1","","0","0","1","0","0"
"POINT (13.347741536999999 52.574413174000000)","Unfall 123551 (2022) Kat:3, Licht: 0","123551","3","3","5","08","16","1","","0","0","1","0","0"
"POINT (13.282410040000100 52.519609409000097)","Unfall 123552 (2022) Kat:3, Licht: 2","123552","3","6","3","01","19","5","","2","0","1","0","0"
"POINT (13.368412831000100 52.541143632999997)","Unfall 123554 (2022) Kat:3, Licht: 0","123554","3","2","2","11","11","7","","0","0","1","0","0"
"POINT (13.388899279000000 52.494720061000102)","Unfall 123555 (2022) Kat:3, Licht: 2","123555","3","1","0","10","20","7","","2","0","0","0","1"
"POINT (13.484359903000000 52.512676611000103)","Unfall 123558 (2022) Kat:3, Licht: 0","123558","3","2","5","06","13","6","","0","1","1","0","0"
"POINT (13.453308053000100 52.513566647000097)","Unfall 123560 (2022) Kat:3, Licht: 2","123560","3","5","1","05","20","7","","2","1","1","0","0"
"POINT (13.431013985000000 52.534244598000001)","Unfall 123566 (2022) Kat:3, Licht: 2","123566","3","4","0","03","23","3","","2","0","0","1","0"
"POINT (13.460265321000101 52.515097512000096)","Unfall 123567 (2022) Kat:3, Licht: 0","123567","3","2","5","11","09","3","","0","1","1","0","0"
"POINT (13.493140500999999 52.467791991000098)","Unfall 123569 (2022) Kat:3, Licht: 0","123569","3","2","0","09","07","5","","0","0","1","0","1"
"POINT (13.386053978000101 52.483232955000098)","Unfall 123571 (2022) Kat:3, Licht: 0","123571","3","2","5","08","10","3","","0","1","1","0","0"
"POINT (13.369111763999999 52.548080648000102)","Unfall 123573 (2022) Kat:3, Licht: 0","123573","3","2","6","06","14","5","","0","0","0","1","0"
"POINT (13.353085758000100 52.573719459000102)","Unfall 123576 (2022) Kat:3, Licht: 0","123576","3","1","0","04","15","5","","0","0","0","0","1"
"POINT (13.301602487000000 52.511167396000097)","Unfall 123577 (2022) Kat:3, Licht: 2","123577","3","3","5","02","02","1","","2","0","1","0","0"
"POINT (13.413737013000100 52.550641185000103)","Unfall 123579 (2022) Kat:3, Licht: 2","123579","3","2","5","12","19","2","","2","0","1","0","0"
"POINT (13.281967110000000 52.498288387000102)","Unfall 123580 (2022) Kat:3, Licht: 0","123580","3","6","2","08","18","4","","0","0","1","0","0"
"POINT (13.385781332000001 52.480885914000098)","Unfall 123582 (2022) Kat:3, Licht: 0","123582","3","5","1","07","07","4","","0","0","1","0","0"
"POINT (13.525317899000100 52.510135763999997)","Unfall 123585 (2022) Kat:3, Licht: 0","123585","3","6","2","05","10","3","","0","0","1","0","0"
"POINT (13.387492173000100 52.438794028000103)","Unfall 123589 (2022) Kat:3, Licht: 2","123589","3","2","2","01","19","4","","2","0","1","0","0"
"POINT (13.401642372000000 52.413391857000100)","Unfall 123590 (2022) Kat:3, Licht: 2","123590","3","7","1","11","18","1","","2","0","1","0","0"
"POINT (13.277726268000000 52.502175615000098)","Unfall 123591 (2022) Kat:3, Licht: 0","123591","3","6","2","10","15","3","","0","0","1","0","0"
"POINT (13.377793819000001 52.433778474000100)","Unfall 123594 (2022) Kat:3, Licht: 0","123594","3","3","5","05","09","6","","0","0","1","0","0"
"POINT (13.413019415000100 52.545641506999999)","Unfall 123599 (2022) Kat:3, Licht: 0","123599","3","4","6","05","17","5","","0","0","1","1","0"
"POINT (13.260587163000000 52.434979749000000)","Unfall 123601 (2022) Kat:3, Licht: 2","123601","3","2","5","12","17","3","","2","1","1","0","0"
"POINT (13.493278642000099 52.511729414999998)","Unfall 123602 (2022) Kat:3, Licht: 0","123602","3","2","5","03","17","2","","0","1","1","0","0"
"POINT (13.295541556000000 52.540566030999997)","Unfall 123603 (2022) Kat:3, Licht: 2","123603","3","6","2","10","18","3","","2","0","1","0","0"
"POINT (13.355224935000001 52.478253800000097)","Unfall 123605 (2022) Kat:3, Licht: 0","123605","3","3","0","09","16","2","","0","1","1","0","0"
"POINT (13.301099985000100 52.511324023000000)","Unfall 123607 (2022) Kat:3, Licht: 0","123607","3","6","3","07","17","1","","0","1","1","0","0"
"POINT (13.311641796000099 52.626571759000100)","Unfall 123609 (2022) Kat:3, Licht: 0","123609","3","3","0","06","16","2","","0","1","0","0","1"
"POINT (13.460580667000000 52.515066117000103)","Unfall 123611 (2022) Kat:2, Licht: 0","123611","2","6","3","04","13","2","","0","1","0","0","0"
"POINT (13.432305676000100 52.517940313000103)","Unfall 123612 (2022) Kat:3, Licht: 1","123612","3","6","3","02","17","4","","1","1","0","0","0"
"POINT (13.386341376000100 52.442688294000000)","Unfall 123614 (2022) Kat:3, Licht: 2","123614","3","6","2","12","19","2","","2","0","1","0","0"
"POINT (13.375268840000000 52.470153336000102)","Unfall 123616 (2022) Kat:3, Licht: 0","123616","3","6","3","07","10","1","","0","0","1","0","0"
"POINT (13.317321476000100 52.616012636999997)","Unfall 123618 (2022) Kat:3, Licht: 0","123618","3","6","2","05","15","7","","0","0","1","0","0"
"POINT (13.430463312000001 52.534150838000102)","Unfall 123624 (2022) Kat:3, Licht: 0","123624","3","6","2","11","13","7","","0","0","1","0","0"
"POINT (13.302196868000101 52.575465038000097)","Unfall 123625 (2022) Kat:3, Licht: 0","123625","3","6","2","09","09","4","","0","0","1","0","0"
"POINT (13.553507476000000 52.509343162000100)","Unfall 123628 (2022) Kat:3, Licht: 0","123628","3","2","2","08","08","5","","0","0","1","0","0"
"POINT (13.363723697000101 52.564774022000101)","Unfall 123632 (2022) Kat:3, Licht: 0","123632","3","6","4","04","13","4","","0","1","0","0","0"
"POINT (13.305175384000099 52.511401163000102)","Unfall 123634 (2022) Kat:3, Licht: 0","123634","3","2","5","03","10","4","","0","1","1","0","0"
"POINT (13.367266875000000 52.551549771000097)","Unfall 123637 (2022) Kat:3, Licht: 0","123637","3","2","6","09","07","2","","0","0","1","1","0"
"POINT (13.365728336000100 52.472681916000099)","Unfall 123638 (2022) Kat:3, Licht: 0","123638","3","6","2","07","09","6","","0","0","1","0","0"
"POINT (13.262179642000000 52.490323990000000)","Unfall 123640 (2022) Kat:3, Licht: 0","123640","3","6","2","06","17","5","","0","0","1","0","0"
"POINT (13.280851381000000 52.499232004000099)","Unfall 123641 (2022) Kat:3, Licht: 0","123641","3","6","2","03","14","5","","0","0","1","0","0"
"POINT (13.447370574000001 52.526468739999999)","Unfall 123642 (2022) Kat:3, Licht: 0","123642","3","2","5","01","13","7","","0","1","1","0","0"