WKT,Name,OBJECTID,UKATEGORIE,UTYP1,UART,UMONAT,USTUNDE,UWOCHENTAG,STRZUSTAND,ULICHTVERH,ISTRAD,ISTPKW,ISTFUSS,ISTKRAD
"POINT (13.359321280000101 52.573303581000097)","Unfall 123643 (2022) Kat:3, Licht: 2","123643","3","1","0","11","22","2","","2","0","0","0","1"
"POINT (13.368272585000099 52.505685292000102)","Unfall 123644 (2022) Kat:2, Licht: 2","123644","2","2","6","10","23","4","","2","0","1","1","0"
"POINT (13.159372979000100 52.419578923000103)","Unfall 123646 (2022) Kat:3, Licht: 0","123646","3","2","5","06","15","1","","0","1","1","0","0"
"POINT (13.461469145000001 52.454098614000003)","Unfall 123648 (2022) Kat:3, Licht: 0","123648","3","7","0","05","14","3","","0","0","1","0","0"
"POINT (13.363665674000099 52.565241069000102)","Unfall 123653 (2022) Kat:2, Licht: 0","123653","2","4","6","03","13","6","","0","0","1","1","0"
"POINT (13.336724646000100 52.513520210000102)","Unfall 123654 (2022) Kat:3, Licht: 0","123654","3","1","0","10","16","1","","0","1","0","0","0"
"POINT (13.269501974000001 52.437667988999998)","Unfall 123656 (2022) Kat:3, Licht: 1","123656","3","1","0","09","05","1","","1","0","0","0","1"
"POINT (13.297178090999999 52.510875695000003)","Unfall 123658 (2022) Kat:3, Licht: 0","123658","3","2","5","08","19","2","","0","1","1","0","0"
"POINT (13.346866758000001 52.579045954999998)","Unfall 123662 (2022) Kat:3, Licht: 0","123662","3","3","5","04","16","6","","0","0","1","0","0"
"POINT (13.483308528000100 52.583061780000001)","Unfall 123663 (2022) Kat:3, Licht: 0","123663","3","2","5","02","11","7","","0","1","1","0","0"
"POINT (13.303149234999999 52.551037666000099)","Unfall 123665 (2022) Kat:3, Licht: 0","123665","3","1","8","08","19","6","","0","0","1","0","0"
"POINT (13.367915806999999 52.538497470000003)","Unfall 123666 (2022) Kat:2, Licht: 0","123666","2","7","5","07","15","3","","0","0","1","0","1"
"POINT (13.291595382000001 52.586331943000097)","Unfall 123668 (2022) Kat:3, Licht: 0","123668","3","6","2","06","18","4","","0","0","1","0","0"
"POINT (13.387521936000001 52.438982985000102)","Unfall 123671 (2022) Kat:2, Licht: 0","123671","2","3","5","08","21","6","","0","1","1","0","0"
"POINT (13.412897427000100 52.546442528999997)","Unfall 123673 (2022) Kat:3, Licht: 1","123673","3","4","6","01","16","3","","1","1","0","1","0"
"POINT (13.260643541000000 52.508652773000101)","Unfall 123675 (2022) Kat:3, Licht: 0","123675","3","6","2","11","13","4","","0","0","1","0","1"
"POINT (13.388868279000100 52.510293967999999)","Unfall 123676 (2022) Kat:3, Licht: 0","123676","3","6","2","10","16","4","","0","0","1","0","0"
"POINT (13.553299384000100 52.509032415000000)","Unfall 123678 (2022) Kat:3, Licht: 0","123678","3","4","6","06","13","6","","0","0","1","1","0"
"POINT (13.370140177000099 52.539762355000100)","Unfall 123680 (2022) Kat:3, Licht: 2","123680","3","6","2","05","23","6","","2","0","1","0","0"
"POINT (13.377722906000001 52.433629391000103)","Unfall 123684 (2022) Kat:3, Licht: 0","123684","3","2","2","05","08","4","","0","1","1","0","0"
"POINT (13.248833253999999 52.622356538000098)","Unfall 123686 (2022) Kat:3, Licht: 0","123686","3","6","2","12","10","6","","0","0","1","0","0"
"POINT (13.473021465000000 52.513811905000097)","Unfall 123687 (2022) Kat:3, Licht: 0","123687","3","6","2","03","15","1","","0","0","1","0","0"
"POINT (13.396341509000001 52.423372769000103)","Unfall 123688 (2022) Kat:3, Licht: 0","123688","3","2","0","04","09","6","","0","1","1","0","0"
"POINT (13.368978510000000 52.471273465000102)","Unfall 123689 (2022) Kat:3, Licht: 2","123689","3","6","2","01","18","5","","2","0","1","0","0"
"POINT (13.453076115000000 52.519036692999997)","Unfall 123690 (2022) Kat:2, Licht: 2","123690","2","1","0","11","04","1","","2","0","0","0","0"
"POINT (13.319684837000100 52.512542790000097)","Unfall 123691 (2022) Kat:3, Licht: 0","123691","3","2","5","10","12","5","","0","1","1","0","0"
"POINT (13.368566509000100 52.541212965000099)","Unfall 123693 (2022) Kat:3, Licht: 0","123693","3","2","5","06","15","5","","0","1","1","0","0"
"POINT (13.282523890000000 52.503918249000002)","Unfall 123695 (2022) Kat:3, Licht: 0","123695","3","6","2","05","18","2","","0","0","1","0","0"
"POINT (13.365257221000000 52.558087181000097)","Unfall 123700 (2022) Kat:2, Licht: 0","123700","2","3","5","03","09","1","","0","0","1","0","0"
"POINT (13.359929077000100 52.572059086000102)","Unfall 123701 (2022) Kat:3, Licht: 2","123701","3","2","5","10","17","2","","2","1","1","0","0"
"POINT (13.497277272000099 52.464935546000000)","Unfall 123703 (2022) Kat:3, Licht: 0","123703","3","2","0","09","08","2","","0","1","1","0","0"
"POINT (13.263494659999999 52.435076502000101)","Unfall 123705 (2022) Kat:3, Licht: 0","123705","3","2","5","08","12","7","","0","1","0","0","0"
"POINT (13.282212632000000 52.599030024000101)","Unfall 123709 (2022) Kat:2, Licht: 0","123709","2","6","2","04","07","5","","0","0","1","0","1"
"POINT (13.491904158000100 52.436900408000000)","Unfall 123710 (2022) Kat:3, Licht: 0","123710","3","6","2","03","08","4","","0","0","0","0","0"
"POINT (13.283041567000099 52.508114572000103)","Unfall 123713 (2022) Kat:2, Licht: 0","123713","2","1","8","09","17","6","","0","0","0","0","0"
"POINT (13.365257026000100 52.558088193000103)","Unfall 123714 (2022) Kat:3, Licht: 1","123714","3","3","5","07","23","7","","1","0","1","0","0"
"POINT (13.365488012000100 52.558043804000100)","Unfall 123716 (2022) Kat:3, Licht: 0","123716","3","3","5","06","13","7","","0","1","0","0","1"
"POINT (13.439922919000001 52.541883433000102)","Unfall 123719 (2022) Kat:3, Licht: 0","123719","3","6","3","08","14","4","","0","0","1","0","1"
"POINT (13.388792734999999 52.494598714000098)","Unfall 123720 (2022) Kat:3, Licht: 2","123720","3","5","1","01","04","1","","2","0","1","0","0"
"POINT (13.237183702999999 52.469785565000102)","Unfall 123722 (2022) Kat:3, Licht: 2","123722","3","6","2","11","16","5","","2","0","1","0","0"
"POINT (13.430247235000000 52.518157153000097)","Unfall 123723 (2022) Kat:3, Licht: 0","123723","3","6","0","10","17","6","","0","0","1","0","1"
"POINT (13.384853270000100 52.439774483000100)","Unfall 123726 (2022) Kat:3, Licht: 0","123726","3","6","2","06","17","3","","0","0","1","0","0"
"POINT (13.389269005000100 52.497469631000101)","Unfall 123728 (2022) Kat:3, Licht: 0","123728","3","2","5","05","06","5","","0","1","1","0","0"
"POINT (13.450584765000000 52.507822103000102)","Unfall 123732 (2022) Kat:3, Licht: 0","123732","3","5","1","05","10","6","","0","1","1","0","0"
"POINT (13.540230796000101 52.510000310000102)","Unfall 123735 (2022) Kat:3, Licht: 0","123735","3","2","0","03","06","3","","0","1","0","0","0"
"POINT (13.305948071000000 52.483390978999999)","Unfall 123736 (2022) Kat:3, Licht: 2","123736","3","6","2","10","20","3","","2","0","1","0","0"
"POINT (13.467758730000099 52.514336196000002)","Unfall 123738 (2022) Kat:3, Licht: 0","123738","3","6","3","09","18","6","","0","1","0","0","0"
"POINT (13.318846573000000 52.610838306000097)","Unfall 123740 (2022) Kat:3, Licht: 0","123740","3","2","5","08","18","4","","0","1","1","0","0"
"POINT (13.511663472000100 52.428624075000101)","Unfall 123742 (2022) Kat:3, Licht: 0","123742","3","6","2","06","10","7","","0","0","1","0","0"
"POINT (13.461634545000001 52.515100113000102)","Unfall 123745 (2022) Kat:3, Licht: 2","123745","3","1","9","04","22","6","","2","1","0","0","0"
"POINT (13.369892175000100 52.508678750999998)","Unfall 123746 (2022) Kat:3, Licht: 0","123746","3","4","6","02","15","1","","0","1","0","1","0"
"POINT (13.399276035000099 52.417558438000100)","Unfall 123748 (2022) Kat:3, Licht: 1","123748","3","5","0","12","15","3","","1","0","1","0","0"
"POINT (13.444872223000100 52.614464838000103)","Unfall 123749 (2022) Kat:3, Licht: 0","123749","3","6","2","08","05","2","","0","0","1","0","1"
"POINT (13.447749518000000 52.546780850000097)","Unfall 123751 (2022) Kat:3, Licht: 0","123751","3","6","2","07","17","2","","0","0","1","0","1"
"POINT (13.386327123000100 52.510140952000000)","Unfall 123753 (2022) Kat:3, Licht: 0","123753","3","2","0","05","14","6","","0","1","1","0","0"
"POINT (13.430408288000001 52.536944126999998)","Unfall 123758 (2022) Kat:3, Licht: 0","123758","3","4","6","01","09","2","","0","1","0","1","0"
"POINT (13.422182302000101 52.520167135000101)","Unfall 123759 (2022) Kat:3, Licht: 0","123759","3","6","2","11","08","6","","0","0","1","0","0"
"POINT (13.376676252999999 52.516144358000098)","Unfall 123760 (2022) Kat:3, Licht: 0","123760","3","2","5","10","12","1","","0","1","0","0","0"
"POINT (13.282854807000000 52.528459189000003)","Unfall 123763 (2022) Kat:3, Licht: 0","123763","3","6","2","05","15","3","","0","0","1","0","0"
"POINT (13.416790480000000 52.522105852999999)","Unfall 123767 (2022) Kat:3, Licht: 0","123767","3","2","5","04","08","6","","0","1","1","0","0"
"POINT (13.403698467000000 52.569077852000099)","Unfall 123769 (2022) Kat:3, Licht: 2","123769","3","6","2","12","17","4","","2","1","1","0","0"
"POINT (13.260427401000101 52.435141805000100)","Unfall 123770 (2022) Kat:3, Licht: 2","123770","3","3","5","03","19","4","","2","1","1","0","0"
"POINT (13.290920416000100 52.510498370000100)","Unfall 123771 (2022) Kat:3, Licht: 0","123771","3","6","2","10","14","4","","0","0","1","0","0"
"POINT (13.263418690000000 52.435203188000102)","Unfall 123773 (2022) Kat:3, Licht: 0","123773","3","2","5","09","07","6","","0","1","0","0","1"
"POINT (13.357259880000100 52.514914105999999)","Unfall 123775 (2022) Kat:3, Licht: 0","123775","3","3","5","07","08","4","","0","1","0","0","0"
"POINT (13.482841476999999 52.573460834000102)","Unfall 123777 (2022) Kat:3, Licht: 0","123777","3","2","5","06","08","2","","0","1","0","0","0"
"POINT (13.365600395000101 52.472740438000102)","Unfall 123779 (2022) Kat:3, Licht: 0","123779","3","6","2","04","16","3","","0","0","1","0","0"
"POINT (13.389152808000100 52.469191212000098)","Unfall 123780 (2022) Kat:3, Licht: 2","123780","3","1","0","02","05","3","","2","0","0","0","1"
"POINT (13.433231472999999 52.535966105999997)","Unfall 123782 (2022) Kat:3, Licht: 0","123782","3","2","5","12","07","2","","0","1","1","0","0"
"POINT (13.432703940000099 52.536178173000103)","Unfall 123784 (2022) Kat:3, Licht: 0","123784","3","1","0","06","10","5","","0","1","0","0","0"
"POINT (13.562069331000000 52.508580252999998)","Unfall 123786 (2022) Kat:3, Licht: 0","123786","3","6","2","05","14","2","","0","0","1","0","1"
"POINT (13.214727960000101 52.427326065000003)","Unfall 123792 (2022) Kat:3, Licht: 0","123792","3","3","5","11","07","5","","0","0","1","0","0"
"POINT (13.385596603000099 52.473366790000100)","Unfall 123793 (2022) Kat:3, Licht: 2","123793","3","6","3","09","01","6","","2","0","1","0","0"
"POINT (13.368335439000100 52.541111073000103)","Unfall 123796 (2022) Kat:3, Licht: 0","123796","3","2","5","08","07","5","","0","1","1","0","0"
"POINT (13.132401061000101 52.482822763999998)","Unfall 123800 (2022) Kat:3, Licht: 2","123800","3","5","1","04","02","4","","2","0","1","0","0"
"POINT (13.350471039000100 52.474424304000102)","Unfall 123801 (2022) Kat:2, Licht: 0","123801","2","6","2","03","12","3","","0","0","0","0","1"
"POINT (13.244913282000001 52.507689505000002)","Unfall 123804 (2022) Kat:2, Licht: 0","123804","2","6","2","09","18","1","","0","0","1","0","1"
"POINT (13.402788451999999 52.593162067999998)","Unfall 123805 (2022) Kat:3, Licht: 1","123805","3","3","5","07","04","5","","1","0","1","0","1"
"POINT (13.290062236000001 52.493940658000000)","Unfall 123807 (2022) Kat:3, Licht: 0","123807","3","6","2","06","14","3","","0","0","1","0","0"
"POINT (13.432210505000100 52.536340472000099)","Unfall 123808 (2022) Kat:2, Licht: 0","123808","2","1","0","02","15","6","","0","0","0","0","1"
"POINT (13.479449873000000 52.484504596000100)","Unfall 123809 (2022) Kat:3, Licht: 2","123809","3","3","5","11","18","4","","2","1","1","0","0"
"POINT (13.548297809000101 52.550915138999997)","Unfall 123810 (2022) Kat:3, Licht: 0","123810","3","7","2","10","16","5","","0","0","1","0","0"
"POINT (13.401424436000100 52.511409626000003)","Unfall 123812 (2022) Kat:3, Licht: 0","123812","3","6","2","06","08","4","","0","0","1","0","1"
"POINT (13.282935715000100 52.528592714000098)","Unfall 123814 (2022) Kat:3, Licht: 0","123814","3","6","2","05","09","5","","0","0","1","0","0"
"POINT (13.321690794000100 52.561598384000000)","Unfall 123819 (2022) Kat:3, Licht: 1","123819","3","1","9","03","04","7","","1","0","1","0","0"
"POINT (13.413759943000100 52.550772289000101)","Unfall 123820 (2022) Kat:3, Licht: 2","123820","3","2","5","10","17","1","","2","1","0","0","0"
"POINT (13.400059862000001 52.511195542999999)","Unfall 123822 (2022) Kat:3, Licht: 0","123822","3","5","1","09","19","3","","0","1","0","0","0"
"POINT (13.457894496000099 52.491773962000103)","Unfall 123824 (2022) Kat:2, Licht: 2","123824","2","2","5","08","23","3","","2","0","1","0","1"
"POINT (13.380406066000001 52.437859694000103)","Unfall 123828 (2022) Kat:2, Licht: 2","123828","2","2","5","04","20","5","","2","1","1","0","0"
"POINT (13.433158426000000 52.536001106000100)","Unfall 123829 (2022) Kat:2, Licht: 0","123829","2","2","0","02","14","5","","0","0","1","0","1"
"POINT (13.286242650000100 52.494532796999998)","Unfall 123831 (2022) Kat:3, Licht: 0","123831","3","7","3","08","13","4","","0","0","1","0","1"
"POINT (13.454150457000001 52.515503088999999)","Unfall 123832 (2022) Kat:3, Licht: 2","123832","3","1","8","07","22","4","","2","0","0","0","0"
"POINT (13.437276190000000 52.540017868000099)","Unfall 123834 (2022) Kat:3, Licht: 0","123834","3","2","5","06","12","4","","0","1","0","0","0"
"POINT (13.261480339000100 52.508699509000103)","Unfall 123837 (2022) Kat:3, Licht: 0","123837","3","6","2","08","11","1","","0","0","1","0","0"
"POINT (13.370197999000000 52.539952743000100)","Unfall 123839 (2022) Kat:3, Licht: 0","123839","3","2","2","01","15","5","","0","0","1","0","0"
"POINT (13.369394524000001 52.546587604000102)","Unfall 123841 (2022) Kat:3, Licht: 2","123841","3","2","5","11","07","3","","2","1","1","0","0"
"POINT (13.334397565000099 52.513349305000098)","Unfall 123842 (2022) Kat:3, Licht: 0","123842","3","1","0","10","17","7","","0","0","0","0","1"
"POINT (13.493123655000000 52.467803382000099)","Unfall 123845 (2022) Kat:3, Licht: 0","123845","3","3","0","05","16","5","","0","1","1","0","0"
"POINT (13.233420366000100 52.431857188999999)","Unfall 123849 (2022) Kat:3, Licht: 0","123849","3","5","1","05","10","6","","0","1","1","0","0"
"POINT (13.377911429000100 52.499574109999998)","Unfall 123852 (2022) Kat:3, Licht: 0","123852","3","6","2","03","09","6","","0","0","1","0","0"
"POINT (13.396254348000101 52.423524688000001)","Unfall 123853 (2022) Kat:3, Licht: 0","123853","3","6","2","10","09","2","","0","0","1","0","0"
"POINT (13.390335538000000 52.618571471000102)","Unfall 123855 (2022) Kat:3, Licht: 0","123855","3","2","5","09","11","6","","0","0","1","0","0"
"POINT (13.348640666000099 52.481751684000102)","Unfall 123857 (2022) Kat:3, Licht: 0","123857","3","6","0","07","05","7","","0","0","1","0","0"
"POINT (13.286451258000101 52.514479907000101)","Unfall 123859 (2022) Kat:3, Licht: 0","123859","3","6","2","06","05","4","","0","0","1","0","1"
"POINT (13.367328797000001 52.551458791000101)","Unfall 123862 (2022) Kat:3, Licht: 0","123862","3","2","5","04","10","3","","0","0","1","0","0"
"POINT (13.281560059000100 52.521972953000002)","Unfall 123863 (2022) Kat:3, Licht: 0","123863","3","6","2","02","15","4","","0","0","1","0","0"
"POINT (13.436389026000001 52.462475155000000)","Unfall 123865 (2022) Kat:3, Licht: 0","123865","3","6","2","12","11","6","","0","0","1","0","0"
"POINT (13.436450543999999 52.517502125000100)","Unfall 123866 (2022) Kat:3, Licht: 0","123866","3","3","5","08","13","3","","0","1","1","0","0"
"POINT (13.234867031000000 52.507072372000003)","Unfall 123868 (2022) Kat:3, Licht: 0","123868","3","6","2","07","07","2","","0","0","1","0","1"
"POINT (13.354319560000000 52.485271857000001)","Unfall 123870 (2022) Kat:3, Licht: 0","123870","3","6","1","05","14","2","","0","1","1","0","0"
"POINT (13.413525812000000 52.558640976000000)","Unfall 123876 (2022) Kat:3, Licht: 0","123876","3","4","6","11","16","3","","0","1","0","1","0"
"POINT (13.369681255000000 52.544113471000102)","Unfall 123877 (2022) Kat:2, Licht: 1","123877","2","4","6","09","19","5","","1","0","0","1","1"
"POINT (13.347652683000000 52.574461599000102)","Unfall 123879 (2022) Kat:2, Licht: 0","123879","2","3","5","08","14","2","","0","0","1","0","0"
"POINT (13.376612314999999 52.516140506000099)","Unfall 123881 (2022) Kat:3, Licht: 0","123881","3","1","0","05","16","1","","0","1","0","0","0"
"POINT (13.215020695000000 52.427607055000102)","Unfall 123886 (2022) Kat:3, Licht: 0","123886","3","6","0","05","16","3","","0","0","1","0","0"
"POINT (13.493336946000101 52.467872468000103)","Unfall 123888 (2022) Kat:3, Licht: 0","123888","3","7","5","12","11","1","","0","0","0","0","0"
"POINT (13.384914132000100 52.510057553000102)","Unfall 123889 (2022) Kat:3, Licht: 0","123889","3","4","6","03","14","2","","0","1","0","1","0"
"POINT (13.323862312000101 52.607815016000103)","Unfall 123890 (2022) Kat:3, Licht: 2","123890","3","2","6","01","06","2","","2","0","1","1","0"
"POINT (13.386057616000100 52.483921094999999)","Unfall 123891 (2022) Kat:3, Licht: 0","123891","3","6","2","10","12","4","","0","0","1","0","0"
"POINT (13.305518634000100 52.511613191999999)","Unfall 123893 (2022) Kat:3, Licht: 0","123893","3","6","3","09","14","4","","0","0","0","0","0"
"POINT (13.422270870000000 52.520140065000099)","Unfall 123894 (2022) Kat:3, Licht: 0","123894","3","2","5","07","18","5","","0","1","1","0","0"
"POINT (13.448760716000001 52.505291169000003)","Unfall 123896 (2022) Kat:3, Licht: 2","123896","3","5","1","06","00","7","","2","1","1","0","0"
"POINT (13.365533757000000 52.557812887000097)","Unfall 123897 (2022) Kat:3, Licht: 0","123897","3","5","1","03","09","5","","0","0","1","0","1"
"POINT (13.364812237000001 52.561617420000097)","Unfall 123898 (2022) Kat:3, Licht: 0","123898","3","6","3","01","15","6","","0","1","1","0","0"
"POINT (13.362530188999999 52.499006587000103)","Unfall 123899 (2022) Kat:3, Licht: 0","123899","3","2","5","12","11","5","","0","0","1","0","1"
"POINT (13.537221003000100 52.528020879000103)","Unfall 123900 (2022) Kat:3, Licht: 2","123900","3","5","1","10","05","5","","2","0","1","0","0"
"POINT (13.353232747000000 52.479704518000098)","Unfall 123902 (2022) Kat:3, Licht: 0","123902","3","2","5","09","18","2","","0","1","1","0","0"
"POINT (13.285748661000101 52.442698845999999)","Unfall 123904 (2022) Kat:3, Licht: 0","123904","3","5","1","08","15","2","","0","0","1","0","0"
"POINT (13.376857836999999 52.501997190000097)","Unfall 123906 (2022) Kat:3, Licht: 0","123906","3","2","5","06","15","4","","0","1","1","0","0"
"POINT (13.448560197000100 52.524755420000098)","Unfall 123909 (2022) Kat:3, Licht: 0","123909","3","5","1","04","12","4","","0","1","1","0","0"
"POINT (13.282451065000000 52.441686640000100)","Unfall 123910 (2022) Kat:3, Licht: 2","123910","3","2","6","02","19","2","","2","0","1","1","0"
"POINT (13.295358448000099 52.491332177000103)","Unfall 123912 (2022) Kat:3, Licht: 2","123912","3","6","2","12","22","7","","2","0","1","0","0"
"POINT (13.348117049000100 52.475627852999999)","Unfall 123913 (2022) Kat:2, Licht: 0","123913","2","6","3","08","12","4","","0","0","1","0","0"
"POINT (13.349857651000001 52.481241265999998)","Unfall 123915 (2022) Kat:3, Licht: 0","123915","3","3","5","07","18","3","","0","0","1","0","1"
"POINT (13.398789153999999 52.465926195000101)","Unfall 123917 (2022) Kat:2, Licht: 2","123917","2","1","8","05","01","7","","2","0","1","0","0"
"POINT (13.434045468000001 52.536851007000102)","Unfall 123922 (2022) Kat:3, Licht: 0","123922","3","7","6","01","12","4","","0","0","0","1","0"
"POINT (13.388961155000100 52.497557608000101)","Unfall 123923 (2022) Kat:3, Licht: 0","123923","3","2","5","11","11","3","","0","0","1","0","1"
"POINT (13.368367688999999 52.505831580000098)","Unfall 123924 (2022) Kat:3, Licht: 0","123924","3","2","3","09","14","6","","0","1","1","0","0"
"POINT (13.281233163000000 52.499115803000102)","Unfall 123926 (2022) Kat:3, Licht: 0","123926","3","6","2","08","15","2","","0","0","1","0","0"
"POINT (13.199779854999999 52.421932433000102)","Unfall 123928 (2022) Kat:3, Licht: 0","123928","3","6","2","05","12","7","","0","0","1","0","1"
"POINT (13.386733811000100 52.438849851000001)","Unfall 123933 (2022) Kat:3, Licht: 0","123933","3","6","2","05","17","3","","0","0","1","0","0"
"POINT (13.369836457000099 52.515830342000100)","Unfall 123935 (2022) Kat:3, Licht: 2","123935","3","2","5","12","18","2","","2","0","1","0","0"
"POINT (13.398264121000100 52.577562138000097)","Unfall 123936 (2022) Kat:3, Licht: 0","123936","3","6","2","03","13","2","","0","0","1","0","0"
"POINT (13.301987574000099 52.486647393000098)","Unfall 123937 (2022) Kat:3, Licht: 1","123937","3","1","8","10","07","5","","1","0","1","0","0"
"POINT (13.364220610000100 52.501383420000103)","Unfall 123939 (2022) Kat:3, Licht: 0","123939","3","4","6","09","16","4","","0","1","0","1","0"
"POINT (13.423931055000001 52.539113677000003)","Unfall 123940 (2022) Kat:3, Licht: 0","123940","3","3","5","07","15","6","","0","1","1","0","0"
"POINT (13.453775774000100 52.515724859999999)","Unfall 123942 (2022) Kat:3, Licht: 0","123942","3","2","5","06","15","1","","0","1","1","0","0"
"POINT (13.459166917000100 52.492935156999998)","Unfall 123944 (2022) Kat:3, Licht: 0","123944","3","2","5","04","18","4","","0","0","1","0","0"
"POINT (13.379284351000001 52.436355832000103)","Unfall 123945 (2022) Kat:3, Licht: 2","123945","3","4","6","02","18","4","","2","0","1","1","0"
"POINT (13.493095626000100 52.467822308999999)","Unfall 123946 (2022) Kat:3, Licht: 2","123946","3","3","5","12","06","5","","2","1","1","0","0"
"POINT (13.438646610999999 52.541200437000001)","Unfall 123948 (2022) Kat:3, Licht: 0","123948","3","4","6","06","15","5","","0","0","1","1","0"
"POINT (13.442922511000100 52.531006224000102)","Unfall 123950 (2022) Kat:3, Licht: 2","123950","3","6","3","05","03","4","","2","1","0","0","0"
"POINT (13.488286607000100 52.512411589000102)","Unfall 123956 (2022) Kat:3, Licht: 2","123956","3","2","5","11","05","4","","2","1","1","0","0"
"POINT (13.385177386000100 52.449300661000102)","Unfall 123957 (2022) Kat:3, Licht: 0","123957","3","7","5","09","13","3","","0","0","1","0","0"
"POINT (13.263593114000100 52.435100382000002)","Unfall 123960 (2022) Kat:3, Licht: 0","123960","3","2","5","08","09","4","","0","1","1","0","0"
"POINT (13.133678032000001 52.483814572000000)","Unfall 123964 (2022) Kat:3, Licht: 2","123964","3","7","0","04","02","4","","2","0","1","0","0"
"POINT (13.369242580000000 52.420688922000103)","Unfall 123965 (2022) Kat:2, Licht: 2","123965","2","1","9","03","22","7","","2","0","1","0","0"
"POINT (13.388406980000100 52.493784267000102)","Unfall 123968 (2022) Kat:3, Licht: 0","123968","3","7","0","09","17","7","","0","0","0","0","1"
"POINT (13.267170767000000 52.436338876999997)","Unfall 123969 (2022) Kat:3, Licht: 0","123969","3","2","0","07","19","5","","0","1","1","0","0"
"POINT (13.429662946000100 52.624487432000102)","Unfall 123971 (2022) Kat:3, Licht: 0","123971","3","3","5","06","10","5","","0","0","1","0","0"
"POINT (13.455650741000101 52.500277240999999)","Unfall 123973 (2022) Kat:2, Licht: 0","123973","2","7","0","01","11","4","","0","1","0","0","0"
"POINT (13.590961799000100 52.505088737000101)","Unfall 123975 (2022) Kat:3, Licht: 0","123975","3","2","5","11","14","2","","0","1","0","0","0"
"POINT (13.368006385000101 52.515714365000100)","Unfall 123976 (2022) Kat:2, Licht: 0","123976","2","1","0","10","09","4","","0","0","0","0","0"
"POINT (13.359031366000099 52.573402370000103)","Unfall 123978 (2022) Kat:3, Licht: 0","123978","3","2","5","06","12","6","","0","0","1","0","0"
"POINT (13.403233301000100 52.519244679000103)","Unfall 123980 (2022) Kat:3, Licht: 0","123980","3","5","1","05","11","3","","0","1","1","0","0"
"POINT (13.453383997000101 52.518959714000097)","Unfall 123985 (2022) Kat:3, Licht: 0","123985","3","7","0","03","18","4","","0","0","0","0","1"
"POINT (13.388729275000101 52.498142207999997)","Unfall 123986 (2022) Kat:2, Licht: 2","123986","2","2","5","10","00","1","","2","1","1","0","0"
"POINT (13.553417206000100 52.509344976000101)","Unfall 123988 (2022) Kat:3, Licht: 2","123988","3","2","0","09","21","2","","2","1","1","0","0"
"POINT (13.385827501000101 52.483933030000102)","Unfall 123990 (2022) Kat:3, Licht: 0","123990","3","6","2","08","15","7","","0","0","1","0","0"
"POINT (13.497835957000101 52.434007043000101)","Unfall 123994 (2022) Kat:2, Licht: 2","123994","2","1","9","04","21","7","","2","0","1","0","0"
"POINT (13.263673823000000 52.508835136000101)","Unfall 123995 (2022) Kat:3, Licht: 2","123995","3","6","2","02","18","5","","2","0","1","0","0"
"POINT (13.351673682000101 52.472896319000000)","Unfall 123997 (2022) Kat:3, Licht: 0","123997","3","6","2","08","13","6","","0","0","1","0","0"
"POINT (13.369478094000000 52.540628604000098)","Unfall 123999 (2022) Kat:3, Licht: 0","123999","3","1","0","07","17","1","","0","0","0","0","0"
"POINT (13.549560115000100 52.509342156999999)","Unfall 124001 (2022) Kat:3, Licht: 0","124001","3","6","2","06","13","6","","0","0","1","0","0"
"POINT (13.467507937000100 52.514360993000103)","Unfall 124004 (2022) Kat:3, Licht: 0","124004","3","7","5","08","09","5","","0","0","1","0","0"
"POINT (13.340918863000100 52.513942024000102)","Unfall 124006 (2022) Kat:3, Licht: 2","124006","3","7","7","01","18","2","","2","1","0","0","0"
"POINT (13.429499278000000 52.532930596000000)","Unfall 124007 (2022) Kat:3, Licht: 0","124007","3","3","5","11","11","3","","0","0","1","0","0"
"POINT (13.418422903000000 52.524088227999997)","Unfall 124008 (2022) Kat:3, Licht: 0","124008","3","3","5","10","11","5","","0","1","1","0","0"
"POINT (13.436373720000100 52.517510253000097)","Unfall 124011 (2022) Kat:2, Licht: 0","124011","2","2","5","05","07","5","","0","1","0","0","0"
"POINT (13.410293947000101 52.562025291000097)","Unfall 124015 (2022) Kat:3, Licht: 0","124015","3","2","5","05","11","4","","0","1","1","0","0"
"POINT (13.424014664000000 52.539099921999998)","Unfall 124018 (2022) Kat:3, Licht: 2","124018","3","2","2","03","19","6","","2","0","1","0","1"
"POINT (13.354184643000099 52.478981218999998)","Unfall 124019 (2022) Kat:2, Licht: 0","124019","2","3","5","10","13","6","","0","0","1","0","0"
"POINT (13.419838076000101 52.524863590000102)","Unfall 124021 (2022) Kat:3, Licht: 0","124021","3","6","2","09","14","4","","0","0","1","0","0"
"POINT (13.396038268000000 52.423295484999997)","Unfall 124023 (2022) Kat:3, Licht: 0","124023","3","2","5","08","09","5","","0","1","1","0","0"
"POINT (13.475915215000001 52.513656261000101)","Unfall 124025 (2022) Kat:2, Licht: 0","124025","2","4","6","06","17","5","","0","0","1","1","0"
"POINT (13.439312697000000 52.541758265000098)","Unfall 124027 (2022) Kat:3, Licht: 0","124027","3","6","3","04","17","3","","0","0","1","0","0"