WKT,Name,OBJECTID,UKATEGORIE,UTYP1,UART,UMONAT,USTUNDE,UWOCHENTAG,STRZUSTAND,ULICHTVERH,ISTRAD,ISTPKW,ISTFUSS,ISTKRAD
"POINT (13.281779775000100 52.505785527000100)","Unfall 124028 (2022) Kat:3, Licht: 2","124028","3","6","3","02","18","5","","2","0","1","0","0"
"POINT (13.376946356000101 52.501905586000099)","Unfall 124030 (2022) Kat:3, Licht: 0","124030","3","3","5","12","12","6","","0","0","1","0","0"
"POINT (13.302357271000099 52.550347754000001)","Unfall 124031 (2022) Kat:3, Licht: 0","124031","3","6","2","08","08","3","","0","0","1","0","0"
"POINT (13.263057898000101 52.491239180000001)","Unfall 124033 (2022) Kat:3, Licht: 1","124033","3","1","9","07","21","5","","1","0","1","0","0"
"POINT (13.358401924000100 52.488226339999997)","Unfall 124035 (2022) Kat:3, Licht: 0","124035","3","7","0","05","08","2","","0","1","0","0","0"
"POINT (13.442701096000100 52.544630918999999)","Unfall 124041 (2022) Kat:3, Licht: 2","124041","3","3","5","11","19","6","","2","1","1","0","0"
"POINT (13.334445512000100 52.478149885999997)","Unfall 124042 (2022) Kat:3, Licht: 2","124042","3","7","2","10","23","7","","2","0","1","0","0"
"POINT (13.472793027000000 52.481475466000099)","Unfall 124044 (2022) Kat:2, Licht: 0","124044","2","2","5","08","14","1","","0","0","1","0","0"
"POINT (13.464307722999999 52.514688409000001)","Unfall 124046 (2022) Kat:3, Licht: 1","124046","3","6","3","05","21","4","","1","0","1","0","1"
"POINT (13.249760852000099 52.507985431000101)","Unfall 124049 (2022) Kat:3, Licht: 1","124049","3","7","5","05","18","1","","1","1","1","0","0"
"POINT (13.405737215000000 52.520603553999997)","Unfall 124051 (2022) Kat:3, Licht: 1","124051","3","6","3","12","07","5","","1","0","1","0","1"
"POINT (13.491889823000101 52.468850104000097)","Unfall 124052 (2022) Kat:3, Licht: 0","124052","3","6","3","03","16","4","","0","0","1","0","0"
"POINT (13.364200139999999 52.563682813000099)","Unfall 124053 (2022) Kat:3, Licht: 2","124053","3","2","6","01","02","7","","2","0","1","1","0"
"POINT (13.368390194000000 52.541134108999998)","Unfall 124054 (2022) Kat:3, Licht: 0","124054","3","3","5","10","11","2","","0","0","0","0","0"
"POINT (13.412003567000101 52.541549363999998)","Unfall 124056 (2022) Kat:2, Licht: 1","124056","2","6","3","09","19","5","","1","1","0","0","0"
"POINT (13.405443398999999 52.406679259999997)","Unfall 124057 (2022) Kat:2, Licht: 1","124057","2","1","8","07","21","7","","1","0","1","0","0"
"POINT (13.159028036000100 52.419541765000098)","Unfall 124059 (2022) Kat:3, Licht: 0","124059","3","6","6","06","19","2","","0","1","0","1","0"
"POINT (13.386776016000100 52.498622044999998)","Unfall 124060 (2022) Kat:3, Licht: 0","124060","3","2","5","03","14","5","","0","1","1","0","0"
"POINT (13.438629686000100 52.541186160000102)","Unfall 124061 (2022) Kat:3, Licht: 2","124061","3","4","6","01","20","4","","2","0","1","1","0"
"POINT (13.457185200000000 52.549580094000099)","Unfall 124063 (2022) Kat:3, Licht: 0","124063","3","6","2","12","12","5","","0","0","1","0","0"
"POINT (13.441925229000001 52.517093463999998)","Unfall 124064 (2022) Kat:3, Licht: 2","124064","3","5","1","10","01","7","","2","0","1","0","1"
"POINT (13.280923648000099 52.509869154000100)","Unfall 124066 (2022) Kat:3, Licht: 0","124066","3","1","0","07","20","1","","0","1","1","0","0"
"POINT (13.419573032000100 52.520964578000097)","Unfall 124068 (2022) Kat:3, Licht: 0","124068","3","6","3","05","18","1","","0","1","0","0","0"
"POINT (13.347639374000000 52.574331066000099)","Unfall 124073 (2022) Kat:3, Licht: 0","124073","3","6","2","11","13","6","","0","0","1","0","0"
"POINT (13.467318278000100 52.556481806000100)","Unfall 124075 (2022) Kat:3, Licht: 0","124075","3","6","0","09","13","7","","0","0","1","0","1"
"POINT (13.308351289000001 52.450984538999997)","Unfall 124077 (2022) Kat:3, Licht: 0","124077","3","1","0","08","09","2","","0","0","0","0","1"
"POINT (13.468431335000000 52.490118691000099)","Unfall 124079 (2022) Kat:2, Licht: 1","124079","2","4","6","08","18","2","","1","1","0","1","0"
"POINT (13.355345599000000 52.485578689000100)","Unfall 124083 (2022) Kat:3, Licht: 0","124083","3","6","2","04","11","2","","0","0","1","0","0"
"POINT (13.346830662000100 52.579092533999997)","Unfall 124084 (2022) Kat:3, Licht: 0","124084","3","6","2","03","08","4","","0","0","1","0","0"
"POINT (13.286111612000100 52.593874034000102)","Unfall 124087 (2022) Kat:3, Licht: 0","124087","3","6","2","09","11","6","","0","0","1","0","0"
"POINT (13.376917473000001 52.501937865999999)","Unfall 124088 (2022) Kat:3, Licht: 0","124088","3","2","6","07","17","7","","0","0","1","1","0"
"POINT (13.388734026000099 52.469382392000099)","Unfall 124090 (2022) Kat:3, Licht: 0","124090","3","6","2","06","16","5","","0","0","1","0","0"
"POINT (13.437954933000100 52.517348868000099)","Unfall 124093 (2022) Kat:3, Licht: 0","124093","3","6","3","08","17","7","","0","1","0","0","0"
"POINT (13.437389708000101 52.534261600999997)","Unfall 124094 (2022) Kat:3, Licht: 2","124094","3","4","6","01","19","2","","2","0","1","1","0"
"POINT (13.418415521000000 52.523591990000099)","Unfall 124096 (2022) Kat:3, Licht: 0","124096","3","6","2","11","13","4","","0","0","1","0","0"
"POINT (13.418754141000001 52.524395282000100)","Unfall 124097 (2022) Kat:3, Licht: 1","124097","3","4","6","10","07","4","","1","1","0","1","0"
"POINT (13.369420411000000 52.471127809999999)","Unfall 124100 (2022) Kat:3, Licht: 0","124100","3","7","0","06","13","6","","0","0","0","0","1"
"POINT (13.285839663999999 52.510180898999998)","Unfall 124102 (2022) Kat:2, Licht: 0","124102","2","5","1","05","14","3","","0","1","1","0","0"
"POINT (13.447850752000001 52.547048813000103)","Unfall 124108 (2022) Kat:3, Licht: 0","124108","3","2","5","03","19","4","","0","1","1","0","0"
"POINT (13.385044340000000 52.450088751000102)","Unfall 124109 (2022) Kat:3, Licht: 0","124109","3","6","0","11","11","6","","0","0","0","0","1"
"POINT (13.358380847999999 52.474011359000002)","Unfall 124111 (2022) Kat:3, Licht: 0","124111","3","6","2","09","14","7","","0","0","1","0","0"
"POINT (13.371465170000000 52.470850718000101)","Unfall 124113 (2022) Kat:2, Licht: 0","124113","2","1","8","07","16","7","","0","0","0","0","1"
"POINT (13.410902070000100 52.523329572000101)","Unfall 124116 (2022) Kat:3, Licht: 0","124116","3","6","0","06","10","5","","0","0","0","0","1"
"POINT (13.358064561999999 52.514964817000099)","Unfall 124118 (2022) Kat:3, Licht: 0","124118","3","6","2","05","11","1","","0","1","1","0","0"
"POINT (13.360793506000100 52.411040442000100)","Unfall 124124 (2022) Kat:3, Licht: 2","124124","3","6","2","11","17","2","","2","0","1","0","0"
"POINT (13.384830784000000 52.450275718000100)","Unfall 124125 (2022) Kat:3, Licht: 0","124125","3","4","6","09","16","2","","0","0","1","1","0"
"POINT (13.419930360000000 52.524942637000002)","Unfall 124127 (2022) Kat:3, Licht: 2","124127","3","3","5","08","22","3","","2","1","1","0","0"
"POINT (13.366935407000000 52.531862818000000)","Unfall 124129 (2022) Kat:3, Licht: 2","124129","3","6","0","08","23","4","","2","0","1","0","0"
"POINT (13.418586303000000 52.460958458000100)","Unfall 124133 (2022) Kat:3, Licht: 0","124133","3","6","2","04","08","3","","0","0","1","0","0"
"POINT (13.450430688999999 52.516241596999997)","Unfall 124134 (2022) Kat:3, Licht: 0","124134","3","3","5","03","12","6","","0","1","1","0","0"
"POINT (13.369099870000101 52.548195398000097)","Unfall 124137 (2022) Kat:3, Licht: 0","124137","3","2","2","09","18","2","","0","0","1","0","0"
"POINT (13.477697462000000 52.513488859000098)","Unfall 124138 (2022) Kat:3, Licht: 0","124138","3","6","2","07","17","7","","0","0","1","0","1"
"POINT (13.411967440000099 52.541052747000002)","Unfall 124140 (2022) Kat:2, Licht: 0","124140","2","4","6","06","11","6","","0","0","0","1","0"
"POINT (13.498667546000000 52.621244906000101)","Unfall 124143 (2022) Kat:2, Licht: 0","124143","2","1","8","08","19","5","","0","0","1","0","0"
"POINT (13.351734651000100 52.480273216999997)","Unfall 124144 (2022) Kat:2, Licht: 2","124144","2","5","1","01","07","4","","2","0","1","0","0"
"POINT (13.403951882000101 52.568764129000002)","Unfall 124146 (2022) Kat:3, Licht: 0","124146","3","5","1","11","13","2","","0","0","1","0","0"
"POINT (13.376525113000101 52.509406147000000)","Unfall 124147 (2022) Kat:3, Licht: 0","124147","3","2","5","10","15","6","","0","1","1","0","0"
"POINT (13.399722253000000 52.417389196999999)","Unfall 124149 (2022) Kat:3, Licht: 0","124149","3","7","6","06","09","6","","0","0","1","1","0"
"POINT (13.364141075000100 52.563976776000104)","Unfall 124151 (2022) Kat:3, Licht: 0","124151","3","4","6","05","18","5","","0","1","0","1","0"
"POINT (13.473297716999999 52.513925624000102)","Unfall 124157 (2022) Kat:3, Licht: 0","124157","3","3","2","03","13","2","","0","0","1","0","0"
"POINT (13.428761840000000 52.532304836999998)","Unfall 124158 (2022) Kat:3, Licht: 0","124158","3","6","2","11","14","6","","0","1","0","0","0"
"POINT (13.304964289000100 52.484387165000001)","Unfall 124160 (2022) Kat:3, Licht: 0","124160","3","6","2","09","15","2","","0","0","1","0","0"
"POINT (13.261132227000100 52.508677981000098)","Unfall 124162 (2022) Kat:3, Licht: 0","124162","3","2","5","07","17","7","","0","0","1","0","0"
"POINT (13.096168011000000 52.413211404999998)","Unfall 124165 (2022) Kat:2, Licht: 0","124165","2","6","3","04","15","7","","0","1","0","0","0"
"POINT (13.225111284000000 52.429943487000102)","Unfall 124166 (2022) Kat:3, Licht: 2","124166","3","1","1","02","21","4","","2","0","1","0","0"
"POINT (13.420320720000101 52.525274357999997)","Unfall 124168 (2022) Kat:2, Licht: 2","124168","2","2","0","12","17","6","","2","1","1","0","0"
"POINT (13.269736861000100 52.509204017000101)","Unfall 124169 (2022) Kat:3, Licht: 0","124169","3","6","2","08","07","4","","0","0","1","0","1"
"POINT (13.466462348000100 52.514473512000102)","Unfall 124171 (2022) Kat:3, Licht: 2","124171","3","1","0","07","03","4","","2","0","0","0","0"
"POINT (13.274181077000000 52.499750090000099)","Unfall 124173 (2022) Kat:2, Licht: 2","124173","2","1","0","06","23","6","","2","0","0","0","1"
"POINT (13.466023402000101 52.514662803000100)","Unfall 124176 (2022) Kat:3, Licht: 0","124176","3","6","3","08","11","4","","0","0","1","0","1"
"POINT (13.385807453000000 52.482216213000100)","Unfall 124178 (2022) Kat:3, Licht: 2","124178","3","6","2","01","17","3","","2","0","1","0","0"
"POINT (13.379879213000001 52.509730435000101)","Unfall 124179 (2022) Kat:3, Licht: 2","124179","3","6","2","11","18","5","","2","0","1","0","0"
"POINT (13.326012341000000 52.458621793000098)","Unfall 124180 (2022) Kat:3, Licht: 0","124180","3","6","2","10","16","2","","0","0","1","0","0"
"POINT (13.409041210000099 52.516632948000101)","Unfall 124183 (2022) Kat:3, Licht: 0","124183","3","6","2","05","16","7","","0","0","1","0","0"
"POINT (13.504500165000000 52.510650994000102)","Unfall 124187 (2022) Kat:2, Licht: 0","124187","2","1","0","05","19","5","","0","1","0","0","0"
"POINT (13.348308257999999 52.481764233000000)","Unfall 124189 (2022) Kat:3, Licht: 2","124189","3","4","6","12","06","7","","2","0","1","1","0"
"POINT (13.476744673000001 52.513435315000002)","Unfall 124190 (2022) Kat:3, Licht: 0","124190","3","2","5","03","19","4","","0","1","1","0","0"
"POINT (13.413440316000001 52.547222165000100)","Unfall 124191 (2022) Kat:2, Licht: 2","124191","2","6","0","10","19","4","","2","1","1","0","0"
"POINT (13.397212185000100 52.421208919000001)","Unfall 124193 (2022) Kat:3, Licht: 0","124193","3","6","2","09","15","2","","0","0","1","0","0"
"POINT (13.416017698000100 52.522161933000099)","Unfall 124195 (2022) Kat:3, Licht: 0","124195","3","6","2","07","16","6","","0","0","1","0","1"
"POINT (13.304919221000000 52.511384280000101)","Unfall 124197 (2022) Kat:3, Licht: 0","124197","3","6","2","06","08","3","","0","0","1","0","1"
"POINT (13.384616189999999 52.452475227000001)","Unfall 124199 (2022) Kat:3, Licht: 0","124199","3","6","2","04","10","2","","0","0","1","0","0"
"POINT (13.474974797000099 52.513601500999997)","Unfall 124200 (2022) Kat:3, Licht: 0","124200","3","3","5","02","10","6","","0","1","1","0","0"
"POINT (13.384913905000101 52.450902990000003)","Unfall 124202 (2022) Kat:3, Licht: 0","124202","3","6","2","12","15","6","","0","0","1","0","0"
"POINT (13.283016003000100 52.528989378000098)","Unfall 124204 (2022) Kat:3, Licht: 0","124204","3","6","3","07","08","2","","0","0","1","0","1"
"POINT (13.368467774000100 52.541029743000102)","Unfall 124206 (2022) Kat:3, Licht: 2","124206","3","3","5","05","00","7","","2","1","1","0","0"
"POINT (13.281692651000100 52.510084954000000)","Unfall 124212 (2022) Kat:3, Licht: 2","124212","3","3","5","11","06","5","","2","0","1","0","0"
"POINT (13.302399652000100 52.511218845000002)","Unfall 124213 (2022) Kat:2, Licht: 2","124213","2","6","2","09","22","5","","2","0","1","0","0"
"POINT (13.280555474000000 52.499594150000100)","Unfall 124215 (2022) Kat:3, Licht: 0","124215","3","6","2","08","20","7","","0","0","1","0","1"
"POINT (13.362488587000000 52.498905614000101)","Unfall 124217 (2022) Kat:3, Licht: 0","124217","3","5","1","05","09","3","","0","1","1","0","0"
"POINT (13.295123728000000 52.510930154000100)","Unfall 124220 (2022) Kat:3, Licht: 2","124220","3","1","0","04","02","6","","2","0","0","0","0"
"POINT (13.359955010000000 52.572010568000103)","Unfall 124222 (2022) Kat:2, Licht: 0","124222","2","1","0","12","10","6","","0","0","1","0","1"
"POINT (13.369092133000001 52.548682202000101)","Unfall 124223 (2022) Kat:3, Licht: 0","124223","3","7","5","03","07","2","","0","0","0","0","1"
"POINT (13.387742670000000 52.438771736000000)","Unfall 124225 (2022) Kat:3, Licht: 0","124225","3","6","2","10","09","6","","0","0","1","0","0"
"POINT (13.560351410000100 52.562233590000098)","Unfall 124227 (2022) Kat:3, Licht: 0","124227","3","3","5","09","09","4","","0","0","1","0","0"
"POINT (13.414411865000000 52.557279546000103)","Unfall 124228 (2022) Kat:3, Licht: 2","124228","3","6","4","07","22","6","","2","1","0","0","0"
"POINT (13.169550529000000 52.420699245999998)","Unfall 124230 (2022) Kat:2, Licht: 0","124230","2","1","0","06","17","2","","0","1","0","0","0"
"POINT (13.417752979999999 52.521520770999999)","Unfall 124231 (2022) Kat:3, Licht: 0","124231","3","6","2","04","10","6","","0","1","0","0","0"
"POINT (13.363464003000001 52.500507231000000)","Unfall 124232 (2022) Kat:3, Licht: 1","124232","3","6","2","02","16","1","","1","0","1","0","0"
"POINT (13.451745123000000 52.510078864000000)","Unfall 124233 (2022) Kat:3, Licht: 2","124233","3","6","3","12","18","5","","2","1","1","0","0"
"POINT (13.447850253000100 52.547048652999997)","Unfall 124234 (2022) Kat:3, Licht: 0","124234","3","2","5","10","11","6","","0","1","1","0","0"
"POINT (13.385782338000100 52.480930690000001)","Unfall 124236 (2022) Kat:2, Licht: 0","124236","2","3","5","06","12","5","","0","0","1","0","0"
"POINT (13.098072884000000 52.413490863000000)","Unfall 124238 (2022) Kat:3, Licht: 0","124238","3","7","5","05","13","3","","0","0","1","0","0"
"POINT (13.240672217000100 52.433320740000099)","Unfall 124243 (2022) Kat:3, Licht: 0","124243","3","6","3","04","08","3","","0","0","1","0","0"
"POINT (13.328517803000100 52.477930748000098)","Unfall 124244 (2022) Kat:3, Licht: 0","124244","3","6","2","11","11","6","","0","0","1","0","0"
"POINT (13.454218087000100 52.515836505000003)","Unfall 124246 (2022) Kat:3, Licht: 0","124246","3","2","5","09","13","7","","0","1","1","0","0"
"POINT (13.460503619000100 52.515216723000002)","Unfall 124248 (2022) Kat:3, Licht: 0","124248","3","6","2","08","15","2","","0","0","1","0","1"
"POINT (13.402193191000000 52.586504461000096)","Unfall 124249 (2022) Kat:3, Licht: 0","124249","3","3","5","08","10","6","","0","1","0","0","1"
"POINT (13.467621790000100 52.514502521000097)","Unfall 124253 (2022) Kat:2, Licht: 0","124253","2","3","5","04","16","7","","0","0","1","0","1"
"POINT (13.406770208000101 52.394975793000100)","Unfall 124254 (2022) Kat:2, Licht: 2","124254","2","4","6","03","19","2","","2","0","1","1","0"
"POINT (13.475033421999999 52.513734863000103)","Unfall 124257 (2022) Kat:3, Licht: 0","124257","3","6","2","09","08","6","","0","0","1","0","0"
"POINT (13.459428013000000 52.492869223000099)","Unfall 124258 (2022) Kat:3, Licht: 0","124258","3","2","5","07","14","5","","0","0","1","0","1"
"POINT (13.346828457000100 52.477006439000000)","Unfall 124260 (2022) Kat:3, Licht: 0","124260","3","6","2","06","15","5","","0","0","1","0","0"
"POINT (13.307459538000000 52.511547909999997)","Unfall 124263 (2022) Kat:3, Licht: 0","124263","3","2","5","08","12","6","","0","1","1","0","0"
"POINT (13.293709575999999 52.536731868000103)","Unfall 124264 (2022) Kat:3, Licht: 2","124264","3","6","2","01","17","3","","2","0","1","0","0"
"POINT (13.442292959000000 52.462885835000101)","Unfall 124266 (2022) Kat:3, Licht: 2","124266","3","6","2","11","17","5","","2","0","1","0","0"
"POINT (13.541416640000000 52.509843521000100)","Unfall 124267 (2022) Kat:3, Licht: 0","124267","3","3","5","10","07","6","","0","1","1","0","0"
"POINT (13.281627467000000 52.510080711999997)","Unfall 124270 (2022) Kat:3, Licht: 0","124270","3","2","2","06","11","4","","0","0","1","0","1"
"POINT (13.498856027000000 52.621344284000003)","Unfall 124272 (2022) Kat:3, Licht: 0","124272","3","1","8","05","09","5","","0","0","1","0","0"
"POINT (13.294413389000100 52.510703561000099)","Unfall 124278 (2022) Kat:3, Licht: 0","124278","3","7","0","03","17","4","","0","1","1","0","0"
"POINT (13.172179056000100 52.511595706999998)","Unfall 124279 (2022) Kat:2, Licht: 0","124279","2","3","5","10","14","6","","0","0","1","0","1"
"POINT (13.370174591000000 52.515851114000000)","Unfall 124281 (2022) Kat:3, Licht: 0","124281","3","6","2","09","09","2","","0","0","1","0","0"
"POINT (13.459344884000100 52.515337159000097)","Unfall 124283 (2022) Kat:2, Licht: 0","124283","2","7","0","08","18","2","","0","1","0","0","0"
"POINT (13.276414876000000 52.499506953999997)","Unfall 124285 (2022) Kat:3, Licht: 0","124285","3","6","2","06","19","1","","0","0","1","0","0"
"POINT (13.309284774000000 52.482034364000100)","Unfall 124288 (2022) Kat:3, Licht: 0","124288","3","7","0","04","13","7","","0","0","1","0","0"
"POINT (13.287211580000100 52.510265275999998)","Unfall 124289 (2022) Kat:3, Licht: 0","124289","3","5","1","02","11","2","","0","0","1","0","0"
"POINT (13.367619881000101 52.550955838999997)","Unfall 124291 (2022) Kat:3, Licht: 1","124291","3","6","2","12","18","3","","1","0","1","0","0"
"POINT (13.311288963000001 52.511989519000103)","Unfall 124292 (2022) Kat:3, Licht: 0","124292","3","3","5","08","15","2","","0","1","0","0","0"
"POINT (13.416756061000100 52.522075192000003)","Unfall 124294 (2022) Kat:3, Licht: 0","124294","3","6","2","07","17","3","","0","1","0","0","0"
"POINT (13.413305003000101 52.548068468000103)","Unfall 124296 (2022) Kat:3, Licht: 0","124296","3","4","6","05","07","2","","0","1","0","1","0"
"POINT (13.298316241000100 52.577527855000000)","Unfall 124300 (2022) Kat:2, Licht: 0","124300","2","7","2","01","11","4","","0","0","1","0","0"
"POINT (13.456210892000099 52.461146035000098)","Unfall 124301 (2022) Kat:3, Licht: 0","124301","3","6","2","11","15","7","","0","0","1","0","0"
"POINT (13.281633409000101 52.509915263000003)","Unfall 124302 (2022) Kat:3, Licht: 0","124302","3","2","0","10","11","2","","0","1","1","0","0"
"POINT (13.295590195999999 52.540658120000003)","Unfall 124305 (2022) Kat:3, Licht: 0","124305","3","6","2","05","13","4","","0","0","1","0","0"
"POINT (13.358902562000001 52.474097215000000)","Unfall 124309 (2022) Kat:3, Licht: 0","124309","3","6","2","04","12","7","","0","0","1","0","0"
"POINT (13.447698786000000 52.547000212000100)","Unfall 124311 (2022) Kat:2, Licht: 2","124311","2","2","6","12","06","6","","2","0","1","1","0"
"POINT (13.385923569000100 52.477831823000002)","Unfall 124312 (2022) Kat:3, Licht: 0","124312","3","5","1","03","12","4","","0","0","1","0","0"
"POINT (13.449113557000000 52.516373159000103)","Unfall 124313 (2022) Kat:3, Licht: 2","124313","3","3","5","10","21","5","","2","1","0","0","0"
"POINT (13.502496280000100 52.431530074000101)","Unfall 124315 (2022) Kat:3, Licht: 0","124315","3","6","3","09","16","4","","0","0","1","0","0"
"POINT (13.395342568000000 52.467003793000103)","Unfall 124317 (2022) Kat:3, Licht: 0","124317","3","6","2","07","17","5","","0","0","1","0","1"
"POINT (13.315907839999999 52.512101313000102)","Unfall 124319 (2022) Kat:3, Licht: 0","124319","3","3","5","06","15","2","","0","0","1","0","0"
"POINT (13.422833698000000 52.539516135000000)","Unfall 124321 (2022) Kat:3, Licht: 0","124321","3","7","7","04","08","1","","0","1","0","0","0"
"POINT (13.346701677000100 52.579258977000102)","Unfall 124322 (2022) Kat:3, Licht: 0","124322","3","2","0","02","14","3","","0","0","1","0","1"
"POINT (13.297433405000000 52.511082095000098)","Unfall 124324 (2022) Kat:2, Licht: 0","124324","2","3","5","12","10","1","","0","0","1","0","0"
"POINT (13.451290389000100 52.501507366000098)","Unfall 124326 (2022) Kat:3, Licht: 0","124326","3","6","4","07","06","7","","0","0","1","0","0"
"POINT (13.388259257000101 52.469457972000001)","Unfall 124328 (2022) Kat:3, Licht: 0","124328","3","6","2","05","17","4","","0","0","1","0","0"
"POINT (13.391277780000101 52.544483730000103)","Unfall 228813 (2022) Kat:3, Licht: 0","228813","3","6","2","01","10","4","","0","0","1","0","0"
"POINT (13.582778334000100 52.548949215000100)","Unfall 228824 (2022) Kat:3, Licht: 0","228824","3","6","2","01","15","4","","0","0","1","0","0"
"POINT (13.387446231000100 52.533506909000003)","Unfall 228831 (2022) Kat:3, Licht: 2","228831","3","2","5","01","07","2","","2","1","1","0","0"
"POINT (13.427962427000100 52.480089027000098)","Unfall 228840 (2022) Kat:3, Licht: 2","228840","3","3","5","01","20","6","","2","0","1","0","0"
"POINT (13.467646523999999 52.553937147000099)","Unfall 228852 (2022) Kat:3, Licht: 0","228852","3","6","2","01","15","5","","0","0","1","0","0"
"POINT (13.431654649000100 52.554433355000100)","Unfall 228860 (2022) Kat:3, Licht: 2","228860","3","7","0","01","16","3","","2","0","0","1","0"
"POINT (13.410545205000100 52.435236385000103)","Unfall 228867 (2022) Kat:3, Licht: 0","228867","3","6","3","01","13","7","","0","1","1","0","0"
"POINT (13.361287318000100 52.494217493000100)","Unfall 228868 (2022) Kat:3, Licht: 2","228868","3","2","6","01","20","7","","2","0","1","1","0"
"POINT (13.186219029000000 52.517638776000098)","Unfall 228877 (2022) Kat:3, Licht: 0","228877","3","2","5","01","11","3","","0","0","1","0","0"
"POINT (13.495264201000101 52.431671086999998)","Unfall 228884 (2022) Kat:3, Licht: 0","228884","3","2","2","01","14","7","","0","0","1","0","0"
"POINT (13.510521409000001 52.569076703000100)","Unfall 228885 (2022) Kat:2, Licht: 2","228885","2","4","6","01","06","2","","2","0","1","1","0"
"POINT (13.395430664999999 52.538894654000003)","Unfall 228895 (2022) Kat:2, Licht: 0","228895","2","5","1","01","08","6","","0","1","1","0","0"
"POINT (13.421159434000099 52.487199433000100)","Unfall 228906 (2022) Kat:3, Licht: 0","228906","3","1","0","01","08","5","","0","0","0","0","0"
"POINT (13.301869961000000 52.499237725999997)","Unfall 228911 (2022) Kat:3, Licht: 1","228911","3","4","6","01","16","2","","1","0","1","1","0"
"POINT (13.407838286000100 52.572943344000102)","Unfall 228914 (2022) Kat:3, Licht: 2","228914","3","3","5","01","17","3","","2","1","1","0","0"
"POINT (13.455039117000100 52.521205313999999)","Unfall 228922 (2022) Kat:3, Licht: 2","228922","3","2","5","01","18","6","","2","1","1","0","0"
"POINT (13.335767922000100 52.513455794999999)","Unfall 228923 (2022) Kat:3, Licht: 2","228923","3","7","5","01","18","2","","2","0","1","0","0"
"POINT (13.621708889000001 52.524776927000097)","Unfall 228932 (2022) Kat:3, Licht: 2","228932","3","2","5","01","17","5","","2","1","1","0","0"
"POINT (13.419660372000100 52.506087674000099)","Unfall 228944 (2022) Kat:3, Licht: 0","228944","3","3","5","01","11","3","","0","0","1","0","0"
"POINT (13.322147032000000 52.427157680999997)","Unfall 228947 (2022) Kat:3, Licht: 1","228947","3","2","5","01","07","6","","1","1","1","0","0"
"POINT (13.329762144000000 52.429027019000003)","Unfall 228958 (2022) Kat:3, Licht: 2","228958","3","2","5","01","18","4","","2","1","1","0","0"
"POINT (13.458402108000000 52.549901857000101)","Unfall 228964 (2022) Kat:2, Licht: 2","228964","2","4","6","01","19","7","","2","0","0","1","0"
"POINT (13.401141080000100 52.511327061000003)","Unfall 228967 (2022) Kat:3, Licht: 2","228967","3","2","5","01","22","3","","2","1","1","0","0"
"POINT (13.380393895000100 52.573413845000097)","Unfall 228974 (2022) Kat:3, Licht: 0","228974","3","3","5","01","14","6","","0","1","1","0","0"
"POINT (13.554778794000100 52.515728564000000)","Unfall 228975 (2022) Kat:3, Licht: 0","228975","3","3","5","01","10","2","","0","0","1","0","0"
"POINT (13.261297049000101 52.507897249999999)","Unfall 228984 (2022) Kat:3, Licht: 0","228984","3","6","3","01","10","5","","0","0","1","0","0"
"POINT (13.423518467000100 52.525465361000002)","Unfall 228995 (2022) Kat:3, Licht: 0","228995","3","5","1","01","13","4","","0","1","1","0","0"
"POINT (13.202819595999999 52.540861761000002)","Unfall 229013 (2022) Kat:3, Licht: 0","229013","3","3","5","01","11","1","","0","0","1","0","0"
"POINT (13.429926065000100 52.503526903000100)","Unfall 229023 (2022) Kat:3, Licht: 0","229023","3","3","5","01","15","7","","0","1","1","0","0"
"POINT (13.480303249000000 52.518991247000002)","Unfall 229024 (2022) Kat:3, Licht: 0","229024","3","3","5","01","10","1","","0","1","1","0","0"
"POINT (13.410944215000001 52.503872651999998)","Unfall 229033 (2022) Kat:3, Licht: 0","229033","3","2","5","01","11","5","","0","1","1","0","0"
"POINT (13.313262334999999 52.435439827000003)","Unfall 229044 (2022) Kat:3, Licht: 0","229044","3","6","3","01","11","2","","0","0","1","0","0"
"POINT (13.332512196000000 52.587278052000002)","Unfall 229051 (2022) Kat:3, Licht: 0","229051","3","6","2","01","14","1","","0","0","1","0","0"
"POINT (13.442201795000100 52.546743200999998)","Unfall 229052 (2022) Kat:3, Licht: 2","229052","3","3","5","01","05","2","","2","1","1","0","0"
"POINT (13.391275350000100 52.563416863000000)","Unfall 229060 (2022) Kat:3, Licht: 0","229060","3","2","5","01","15","6","","0","1","1","0","0"
"POINT (13.418139845000001 52.515619088000101)","Unfall 229070 (2022) Kat:3, Licht: 2","229070","3","6","3","01","16","5","","2","0","1","0","0"
"POINT (13.543975683999999 52.525829510999998)","Unfall 229076 (2022) Kat:3, Licht: 0","229076","3","4","6","01","14","6","","0","1","0","1","0"
"POINT (13.393756071000000 52.510791308000101)","Unfall 229077 (2022) Kat:3, Licht: 0","229077","3","2","5","01","08","2","","0","0","1","0","0"
"POINT (13.593356838000000 52.451614452999998)","Unfall 229086 (2022) Kat:2, Licht: 2","229086","2","7","0","01","20","4","","2","0","1","0","0"
"POINT (13.358819542999999 52.526296375000101)","Unfall 229097 (2022) Kat:3, Licht: 1","229097","3","2","5","01","16","3","","1","1","1","0","1"
"POINT (13.282065729000101 52.575667972000097)","Unfall 229104 (2022) Kat:3, Licht: 0","229104","3","3","5","01","11","7","","0","1","1","0","0"