WKT,Name,OBJECTID,UKATEGORIE,UTYP1,UART,UMONAT,USTUNDE,UWOCHENTAG,STRZUSTAND,ULICHTVERH,ISTRAD,ISTPKW,ISTFUSS,ISTKRAD
"POINT (13.323907192000000 52.565028390000101)","Unfall 229105 (2022) Kat:3, Licht: 2","229105","3","7","0","01","21","1","","2","1","0","0","0"
"POINT (13.348106349000000 52.556226995000003)","Unfall 229115 (2022) Kat:3, Licht: 0","229115","3","2","5","01","08","6","","0","0","1","0","0"
"POINT (13.313154679000000 52.435426574000097)","Unfall 229125 (2022) Kat:2, Licht: 0","229125","2","2","6","01","15","5","","0","0","1","1","0"
"POINT (13.323157537000000 52.464485191999998)","Unfall 229130 (2022) Kat:3, Licht: 0","229130","3","3","5","01","12","1","","0","0","1","0","0"
"POINT (13.429416599000000 52.498379051000001)","Unfall 229133 (2022) Kat:3, Licht: 2","229133","3","6","3","01","19","3","","2","0","1","0","0"
"POINT (13.404433688999999 52.404004192000102)","Unfall 229139 (2022) Kat:3, Licht: 2","229139","3","6","4","01","07","6","","2","0","1","0","0"
"POINT (13.322134860000100 52.514583677000097)","Unfall 229140 (2022) Kat:3, Licht: 2","229140","3","3","5","01","16","2","","2","1","1","0","0"
"POINT (13.274878381000100 52.460747609000101)","Unfall 229144 (2022) Kat:3, Licht: 2","229144","3","6","2","01","22","2","","2","0","1","0","0"
"POINT (13.426099368000100 52.473194919999997)","Unfall 229151 (2022) Kat:3, Licht: 0","229151","3","7","5","01","15","1","","0","0","1","0","0"
"POINT (13.435321823000001 52.514712707000101)","Unfall 229152 (2022) Kat:3, Licht: 2","229152","3","3","5","01","17","1","","2","1","1","0","0"
"POINT (13.446469134000001 52.564934800000103)","Unfall 229162 (2022) Kat:3, Licht: 0","229162","3","5","0","01","14","6","","0","0","1","0","0"
"POINT (13.482800930000099 52.523217960000103)","Unfall 229173 (2022) Kat:3, Licht: 1","229173","3","6","2","01","16","3","","1","1","1","0","0"
"POINT (13.340629834000000 52.519470329999997)","Unfall 229179 (2022) Kat:3, Licht: 2","229179","3","3","5","01","20","1","","2","0","1","0","1"
"POINT (13.379496841000000 52.445241236000101)","Unfall 229188 (2022) Kat:3, Licht: 2","229188","3","2","5","01","06","5","","2","0","1","0","0"
"POINT (13.333818231000100 52.504420377000002)","Unfall 229189 (2022) Kat:3, Licht: 2","229189","3","1","0","01","19","1","","2","0","0","0","0"
"POINT (13.563581074000099 52.517679090000101)","Unfall 229198 (2022) Kat:3, Licht: 2","229198","3","6","2","01","16","4","","2","0","1","0","0"
"POINT (13.362681254000099 52.499759140000002)","Unfall 229213 (2022) Kat:3, Licht: 0","229213","3","6","2","01","11","4","","0","1","1","0","0"
"POINT (13.394628703000000 52.483928925000001)","Unfall 229225 (2022) Kat:2, Licht: 2","229225","2","6","4","01","22","3","","2","0","1","0","0"
"POINT (13.295009092999999 52.432475297000103)","Unfall 229239 (2022) Kat:3, Licht: 2","229239","3","2","0","01","17","7","","2","1","0","0","0"
"POINT (13.503080530000000 52.636574815000102)","Unfall 229240 (2022) Kat:2, Licht: 0","229240","2","3","5","01","13","2","","0","0","1","0","0"
"POINT (13.339851244000000 52.518935118000101)","Unfall 229249 (2022) Kat:2, Licht: 1","229249","2","2","5","01","17","5","","1","0","1","0","0"
"POINT (13.293820838000000 52.445596110000103)","Unfall 229260 (2022) Kat:3, Licht: 0","229260","3","2","5","01","09","3","","0","0","1","0","0"
"POINT (13.427491984000000 52.474609364999999)","Unfall 229267 (2022) Kat:3, Licht: 2","229267","3","6","2","01","05","7","","2","0","1","0","0"
"POINT (13.453147534999999 52.589905297000001)","Unfall 229268 (2022) Kat:3, Licht: 2","229268","3","2","5","01","07","2","","2","0","1","0","0"
"POINT (13.430050989000099 52.452300794000102)","Unfall 229276 (2022) Kat:3, Licht: 2","229276","3","6","2","01","20","2","","2","0","1","0","0"
"POINT (13.448920698000100 52.427594309000000)","Unfall 229283 (2022) Kat:2, Licht: 2","229283","2","4","6","01","20","1","","2","0","1","1","0"
"POINT (13.471547663000001 52.453413238000103)","Unfall 229292 (2022) Kat:2, Licht: 2","229292","2","6","4","01","18","5","","2","0","1","0","0"
"POINT (13.427443684000000 52.549776741000102)","Unfall 229293 (2022) Kat:3, Licht: 0","229293","3","3","5","01","12","1","","0","0","1","0","0"
"POINT (13.280240459000000 52.519418476000098)","Unfall 229302 (2022) Kat:3, Licht: 2","229302","3","5","1","01","18","4","","2","1","1","0","0"
"POINT (13.407211673000100 52.499170381000098)","Unfall 229310 (2022) Kat:3, Licht: 2","229310","3","6","2","01","17","3","","2","0","1","0","0"
"POINT (13.380659719000100 52.465765954000098)","Unfall 229317 (2022) Kat:3, Licht: 2","229317","3","7","6","01","06","7","","2","1","0","1","0"
"POINT (13.121969688000000 52.453178907999998)","Unfall 229318 (2022) Kat:3, Licht: 0","229318","3","3","5","01","11","1","","0","0","1","0","0"
"POINT (13.346170439000000 52.501047910000104)","Unfall 229328 (2022) Kat:3, Licht: 2","229328","3","2","5","01","17","6","","2","0","1","0","1"
"POINT (13.603889305000100 52.540321060000103)","Unfall 229329 (2022) Kat:2, Licht: 2","229329","2","6","2","01","01","7","","2","0","1","0","0"
"POINT (13.326099061000001 52.538377687000001)","Unfall 229346 (2022) Kat:3, Licht: 0","229346","3","2","5","01","10","6","","0","0","1","0","0"
"POINT (13.291799084999999 52.579887622000101)","Unfall 229357 (2022) Kat:3, Licht: 0","229357","3","2","2","01","09","5","","0","0","1","0","0"
"POINT (13.406250041000000 52.581821649000098)","Unfall 229365 (2022) Kat:2, Licht: 2","229365","2","3","5","01","19","3","","2","1","1","0","0"
"POINT (13.562008108000001 52.436784707000101)","Unfall 229373 (2022) Kat:3, Licht: 1","229373","3","7","2","01","16","7","","1","0","1","0","0"
"POINT (13.331510009000100 52.507186304000101)","Unfall 229374 (2022) Kat:3, Licht: 0","229374","3","7","0","01","14","1","","0","0","1","0","0"
"POINT (13.433208427000100 52.552943879000097)","Unfall 229383 (2022) Kat:3, Licht: 1","229383","3","5","1","01","07","4","","1","1","1","0","0"
"POINT (13.250735299000000 52.435059170000002)","Unfall 229394 (2022) Kat:3, Licht: 1","229394","3","3","5","01","15","3","","1","0","1","0","0"
"POINT (13.301842718000000 52.498988034000000)","Unfall 229400 (2022) Kat:2, Licht: 0","229400","2","3","2","01","12","1","","0","0","1","0","1"
"POINT (13.324189154000100 52.457732876000101)","Unfall 229405 (2022) Kat:3, Licht: 0","229405","3","3","0","01","12","5","","0","0","1","0","1"
"POINT (13.277379894999999 52.502912504999998)","Unfall 229411 (2022) Kat:2, Licht: 2","229411","2","2","6","01","01","1","","2","0","0","1","0"
"POINT (13.516254725000101 52.565823206000097)","Unfall 229414 (2022) Kat:3, Licht: 2","229414","3","3","5","01","17","3","","2","1","1","0","0"
"POINT (13.591223668000101 52.537100631000001)","Unfall 229421 (2022) Kat:3, Licht: 2","229421","3","1","0","01","19","6","","2","1","0","0","0"
"POINT (13.300860253000099 52.642459164000101)","Unfall 229422 (2022) Kat:3, Licht: 2","229422","3","4","6","01","17","2","","2","0","1","1","0"
"POINT (13.587487074000000 52.549455471000002)","Unfall 229432 (2022) Kat:3, Licht: 0","229432","3","3","5","01","13","5","","0","0","1","0","0"
"POINT (13.197690370000000 52.517365917000099)","Unfall 229443 (2022) Kat:2, Licht: 2","229443","2","4","6","01","16","4","","2","0","1","1","0"
"POINT (13.268546636000099 52.412318050000103)","Unfall 229457 (2022) Kat:3, Licht: 1","229457","3","7","6","01","17","7","","1","1","0","1","0"
"POINT (13.326267542000000 52.447606077000003)","Unfall 229458 (2022) Kat:3, Licht: 2","229458","3","2","6","01","07","2","","2","0","1","1","0"
"POINT (13.321464874000100 52.468697727000098)","Unfall 229472 (2022) Kat:3, Licht: 1","229472","3","3","5","01","15","6","","1","1","1","0","0"
"POINT (13.364829569000101 52.417971795000000)","Unfall 229473 (2022) Kat:3, Licht: 0","229473","3","6","4","01","08","2","","0","1","1","0","0"
"POINT (13.382480356000000 52.553547645000002)","Unfall 229482 (2022) Kat:2, Licht: 0","229482","2","3","0","01","11","5","","0","0","0","0","1"
"POINT (13.350058892000000 52.414404572000102)","Unfall 229493 (2022) Kat:3, Licht: 2","229493","3","4","6","01","17","3","","2","0","1","1","0"
"POINT (13.232621976000100 52.539434343000003)","Unfall 229500 (2022) Kat:2, Licht: 2","229500","2","1","9","01","00","1","","2","0","1","0","0"
"POINT (13.338992905000101 52.517943164000002)","Unfall 229501 (2022) Kat:2, Licht: 0","229501","2","5","1","01","09","7","","0","0","1","0","0"
"POINT (13.500267643000001 52.505102258000100)","Unfall 229508 (2022) Kat:2, Licht: 2","229508","2","4","6","01","19","6","","2","0","1","1","0"
"POINT (13.258460572000001 52.518305345000002)","Unfall 229519 (2022) Kat:3, Licht: 0","229519","3","7","5","01","16","5","","0","1","1","0","0"
"POINT (13.416483407999999 52.497333150000003)","Unfall 229527 (2022) Kat:3, Licht: 0","229527","3","4","6","01","14","3","","0","0","1","1","0"
"POINT (13.615838832000099 52.531956403999999)","Unfall 229534 (2022) Kat:3, Licht: 2","229534","3","3","5","01","17","5","","2","1","1","0","0"
"POINT (13.575508781000099 52.447482948000101)","Unfall 229544 (2022) Kat:3, Licht: 2","229544","3","3","5","01","17","3","","2","1","0","0","0"
"POINT (13.517416084000001 52.564069989000103)","Unfall 229551 (2022) Kat:3, Licht: 0","229551","3","6","2","01","15","7","","0","0","1","0","0"
"POINT (13.582215247000001 52.437880448000001)","Unfall 229552 (2022) Kat:2, Licht: 2","229552","2","4","6","01","07","2","","2","0","0","1","0"
"POINT (13.317227263000101 52.513953207999997)","Unfall 229561 (2022) Kat:3, Licht: 2","229561","3","3","5","01","16","5","","2","0","1","0","0"
"POINT (13.376180278000000 52.549199418999997)","Unfall 229572 (2022) Kat:3, Licht: 0","229572","3","3","5","01","07","5","","0","0","1","0","0"
"POINT (13.405499182000000 52.488918270000099)","Unfall 229577 (2022) Kat:3, Licht: 2","229577","3","1","0","01","03","1","","2","0","0","0","0"
"POINT (13.483093260000000 52.480490762000002)","Unfall 229580 (2022) Kat:3, Licht: 0","229580","3","5","1","01","13","3","","0","0","1","0","0"
"POINT (13.306772905000100 52.437820688000002)","Unfall 229587 (2022) Kat:3, Licht: 2","229587","3","2","6","01","16","5","","2","0","1","1","0"
"POINT (13.211831895000000 52.538356725000000)","Unfall 229588 (2022) Kat:3, Licht: 0","229588","3","6","2","01","12","2","","0","0","1","0","0"
"POINT (13.471855260000000 52.558723965000098)","Unfall 229597 (2022) Kat:3, Licht: 2","229597","3","2","2","01","16","4","","2","0","1","0","1"
"POINT (13.435589350000001 52.480656526000097)","Unfall 229601 (2022) Kat:3, Licht: 2","229601","3","6","2","01","20","1","","2","0","1","0","0"
"POINT (13.349449971000100 52.438646950000098)","Unfall 229602 (2022) Kat:3, Licht: 2","229602","3","1","1","01","03","7","","2","0","1","0","0"
"POINT (13.321090504000001 52.457389159000101)","Unfall 229612 (2022) Kat:3, Licht: 1","229612","3","6","2","01","15","5","","1","0","1","0","0"
"POINT (13.452790154000100 52.533907009000103)","Unfall 229624 (2022) Kat:1, Licht: 2","229624","1","4","6","01","17","4","","2","0","1","1","0"
"POINT (13.446106516000000 52.564985987999997)","Unfall 229631 (2022) Kat:2, Licht: 0","229631","2","2","5","01","11","7","","0","0","1","0","0"
"POINT (13.478962734000000 52.436768970999999)","Unfall 229640 (2022) Kat:3, Licht: 2","229640","3","3","5","01","17","6","","2","0","1","0","0"
"POINT (13.595079101000101 52.524780247000102)","Unfall 229641 (2022) Kat:3, Licht: 0","229641","3","1","4","01","13","2","","0","0","1","0","0"
"POINT (13.381881157000100 52.448194678000000)","Unfall 229651 (2022) Kat:3, Licht: 2","229651","3","3","5","01","21","4","","2","0","1","0","0"
"POINT (13.532653410000000 52.521817620000000)","Unfall 229662 (2022) Kat:3, Licht: 2","229662","3","2","5","01","17","3","","2","0","1","0","0"
"POINT (13.332633671000099 52.468880405999997)","Unfall 229676 (2022) Kat:3, Licht: 2","229676","3","3","5","01","20","3","","2","0","1","0","0"
"POINT (13.430722924000101 52.424281561000001)","Unfall 229683 (2022) Kat:3, Licht: 0","229683","3","3","5","01","10","7","","0","0","1","0","0"
"POINT (13.474300476000099 52.438770103000103)","Unfall 229693 (2022) Kat:3, Licht: 2","229693","3","3","0","01","17","5","","2","0","1","0","1"
"POINT (13.579414388000000 52.458641660000097)","Unfall 229694 (2022) Kat:3, Licht: 0","229694","3","4","0","01","15","2","","0","0","0","1","0"
"POINT (13.410825466000100 52.561175955000103)","Unfall 229704 (2022) Kat:3, Licht: 2","229704","3","2","6","01","17","4","","2","0","1","1","0"
"POINT (13.415901017000101 52.550150363999997)","Unfall 229715 (2022) Kat:2, Licht: 2","229715","2","5","1","01","17","3","","2","1","1","0","0"
"POINT (13.334352390999999 52.595546427000002)","Unfall 229722 (2022) Kat:2, Licht: 0","229722","2","2","6","01","13","7","","0","0","1","1","0"
"POINT (13.326322710000101 52.564444740000098)","Unfall 229723 (2022) Kat:3, Licht: 0","229723","3","5","1","01","09","2","","0","1","1","0","0"
"POINT (13.465515675000100 52.507657192000103)","Unfall 229732 (2022) Kat:3, Licht: 2","229732","3","4","6","01","18","6","","2","0","1","1","0"
"POINT (13.378555941000100 52.505202167999997)","Unfall 229733 (2022) Kat:3, Licht: 2","229733","3","3","5","01","01","7","","2","0","1","0","0"
"POINT (13.601267452000100 52.479220378000001)","Unfall 229738 (2022) Kat:3, Licht: 2","229738","3","1","0","01","21","2","","2","1","0","0","0"
"POINT (13.428732109000100 52.421102403000098)","Unfall 229747 (2022) Kat:3, Licht: 2","229747","3","6","2","01","18","5","","2","0","1","0","0"
"POINT (13.336700231000099 52.429823597999999)","Unfall 229748 (2022) Kat:3, Licht: 0","229748","3","4","6","01","07","2","","0","1","0","1","0"
"POINT (13.357118915999999 52.545166500000100)","Unfall 229757 (2022) Kat:3, Licht: 2","229757","3","7","5","01","17","5","","2","0","1","0","0"
"POINT (13.438953831999999 52.547498453999999)","Unfall 229767 (2022) Kat:3, Licht: 2","229767","3","6","2","01","06","3","","2","0","1","0","0"
"POINT (13.273796592000100 52.528140403000101)","Unfall 229774 (2022) Kat:3, Licht: 2","229774","3","1","4","01","06","7","","2","0","1","0","0"
"POINT (13.434710378000000 52.450866237000099)","Unfall 229775 (2022) Kat:2, Licht: 2","229775","2","4","6","01","18","1","","2","0","1","1","0"
"POINT (13.599447166000100 52.518956462000098)","Unfall 229785 (2022) Kat:3, Licht: 0","229785","3","2","3","01","14","5","","0","1","1","0","0"
"POINT (13.489695580999999 52.542643796999997)","Unfall 229786 (2022) Kat:3, Licht: 2","229786","3","5","1","01","02","7","","2","1","1","0","0"
"POINT (13.370844336000101 52.517880687999998)","Unfall 229795 (2022) Kat:3, Licht: 2","229795","3","1","0","01","07","5","","2","1","0","0","0"
"POINT (13.562183952000099 52.510114945000097)","Unfall 229801 (2022) Kat:3, Licht: 2","229801","3","3","5","01","05","2","","2","1","0","0","0"
"POINT (13.199077207000100 52.474664174000097)","Unfall 229808 (2022) Kat:3, Licht: 0","229808","3","6","4","01","09","4","","0","0","1","0","0"
"POINT (13.396314558000000 52.517325130000103)","Unfall 229816 (2022) Kat:3, Licht: 0","229816","3","3","5","01","14","3","","0","1","1","0","0"
"POINT (13.560891937000100 52.541913911999998)","Unfall 229824 (2022) Kat:3, Licht: 2","229824","3","5","1","01","18","1","","2","0","1","0","0"
"POINT (13.359112432000099 52.487331748000003)","Unfall 229833 (2022) Kat:3, Licht: 2","229833","3","7","6","01","17","4","","2","0","0","1","0"
"POINT (13.560580137000001 52.443107304000101)","Unfall 229844 (2022) Kat:3, Licht: 1","229844","3","3","5","01","15","3","","1","1","1","0","0"
"POINT (13.387905682000101 52.467068912000101)","Unfall 229851 (2022) Kat:2, Licht: 2","229851","2","4","6","01","21","7","","2","0","1","1","0"
"POINT (13.459849160999999 52.431890286000097)","Unfall 229860 (2022) Kat:3, Licht: 2","229860","3","2","6","01","16","6","","2","0","1","1","0"
"POINT (13.394385390000000 52.507021532000103)","Unfall 229861 (2022) Kat:3, Licht: 2","229861","3","3","5","01","05","7","","2","0","1","0","0"
"POINT (13.390458166000000 52.507695317000099)","Unfall 229867 (2022) Kat:3, Licht: 0","229867","3","3","5","01","08","2","","0","1","1","0","0"
"POINT (13.427281016000100 52.501410776000100)","Unfall 229874 (2022) Kat:3, Licht: 2","229874","3","3","5","01","17","6","","2","0","1","0","0"
"POINT (13.298296829000000 52.524248482000097)","Unfall 229875 (2022) Kat:2, Licht: 2","229875","2","4","6","01","17","2","","2","0","1","1","0"
"POINT (13.162651268999999 52.520078265000102)","Unfall 229884 (2022) Kat:2, Licht: 0","229884","2","2","5","01","12","5","","0","0","1","0","0"
"POINT (13.344888764000100 52.501320941000102)","Unfall 229896 (2022) Kat:3, Licht: 1","229896","3","5","0","01","15","3","","1","0","1","0","0"
"POINT (13.370361153999999 52.574672647000099)","Unfall 229902 (2022) Kat:3, Licht: 2","229902","3","6","2","01","18","1","","2","0","1","0","0"
"POINT (13.387218204000000 52.526457798000102)","Unfall 229911 (2022) Kat:3, Licht: 2","229911","3","1","0","01","17","7","","2","0","0","0","0"
"POINT (13.347227170000100 52.501125684000002)","Unfall 229912 (2022) Kat:2, Licht: 0","229912","2","2","6","01","11","2","","0","0","0","1","0"
"POINT (13.429222751999999 52.481307639000100)","Unfall 229921 (2022) Kat:2, Licht: 2","229921","2","2","5","01","22","5","","2","0","1","0","1"
"POINT (13.450973931000000 52.508563659000103)","Unfall 229930 (2022) Kat:3, Licht: 0","229930","3","3","5","02","14","1","","0","0","1","0","0"
"POINT (13.197563798999999 52.523772770999997)","Unfall 229931 (2022) Kat:2, Licht: 0","229931","2","4","6","02","09","4","","0","1","0","1","0"
"POINT (13.420594994000099 52.538019226000102)","Unfall 229932 (2022) Kat:3, Licht: 0","229932","3","5","0","01","13","1","","0","1","1","0","0"
"POINT (13.306731395000000 52.516922958000102)","Unfall 229933 (2022) Kat:3, Licht: 1","229933","3","5","1","01","17","5","","1","1","1","0","0"
"POINT (13.292793687000000 52.432641539000002)","Unfall 229934 (2022) Kat:3, Licht: 0","229934","3","3","5","02","11","4","","0","0","1","0","0"
"POINT (13.339071333000000 52.550386281999998)","Unfall 229935 (2022) Kat:3, Licht: 1","229935","3","2","5","01","07","3","","1","1","1","0","0"
"POINT (13.295410739999999 52.519313943999997)","Unfall 229936 (2022) Kat:2, Licht: 2","229936","2","1","0","01","19","2","","2","0","0","0","1"
"POINT (13.390288548000100 52.508593261999998)","Unfall 229937 (2022) Kat:3, Licht: 0","229937","3","3","5","02","14","1","","0","1","1","0","0"
"POINT (13.409410665000101 52.528735279999999)","Unfall 229938 (2022) Kat:3, Licht: 1","229938","3","2","0","03","05","6","","1","1","0","0","1"
"POINT (13.327041766000001 52.573700639000002)","Unfall 229939 (2022) Kat:3, Licht: 2","229939","3","6","3","02","18","6","","2","0","1","0","0"
"POINT (13.374196258000000 52.505727473000000)","Unfall 229940 (2022) Kat:3, Licht: 0","229940","3","7","5","02","16","2","","0","1","1","0","0"
"POINT (13.498518165000100 52.515706689000098)","Unfall 229941 (2022) Kat:3, Licht: 0","229941","3","2","6","02","13","3","","0","0","1","1","0"
"POINT (13.384423804000100 52.531988945000101)","Unfall 229942 (2022) Kat:3, Licht: 0","229942","3","3","5","01","15","6","","0","1","1","0","0"
"POINT (13.304285771000000 52.499407204000100)","Unfall 229943 (2022) Kat:3, Licht: 1","229943","3","6","3","01","16","3","","1","1","1","0","0"
"POINT (13.316787261000099 52.478219083000099)","Unfall 229944 (2022) Kat:3, Licht: 2","229944","3","1","9","02","19","3","","2","0","1","0","0"
"POINT (13.579838709000100 52.456821471000097)","Unfall 229945 (2022) Kat:2, Licht: 0","229945","2","7","2","01","13","7","","0","0","1","0","0"
"POINT (13.336625239000099 52.542582846000101)","Unfall 229946 (2022) Kat:2, Licht: 2","229946","2","6","0","02","05","6","","2","0","1","0","1"
"POINT (13.328349159000000 52.507986084999999)","Unfall 229947 (2022) Kat:3, Licht: 0","229947","3","7","0","03","17","3","","0","0","1","0","0"
"POINT (13.448980229000000 52.585026372000101)","Unfall 229948 (2022) Kat:2, Licht: 2","229948","2","1","9","02","03","7","","2","0","1","0","0"
"POINT (13.284404246000101 52.594487032000103)","Unfall 229949 (2022) Kat:3, Licht: 0","229949","3","3","5","02","12","3","","0","0","1","0","0"
"POINT (13.441761604000000 52.501255761000003)","Unfall 229950 (2022) Kat:3, Licht: 0","229950","3","2","5","02","09","7","","0","1","0","0","0"
"POINT (13.372005165000100 52.519401199000100)","Unfall 229951 (2022) Kat:3, Licht: 2","229951","3","7","0","01","20","5","","2","0","0","0","0"
"POINT (13.303701004000100 52.512867802000102)","Unfall 229952 (2022) Kat:3, Licht: 0","229952","3","7","2","01","14","5","","0","0","1","0","0"
"POINT (13.320915108000101 52.464329552000002)","Unfall 229953 (2022) Kat:3, Licht: 2","229953","3","3","5","02","18","4","","2","0","1","0","1"
"POINT (13.567859507000000 52.513196058000098)","Unfall 229954 (2022) Kat:3, Licht: 0","229954","3","1","2","01","16","1","","0","0","1","0","0"
"POINT (13.360339223000000 52.537245265000102)","Unfall 229955 (2022) Kat:3, Licht: 0","229955","3","2","0","03","12","3","","0","1","0","0","0"
"POINT (13.383933408000100 52.516831987000003)","Unfall 229956 (2022) Kat:3, Licht: 0","229956","3","7","0","02","07","5","","0","1","0","0","0"
"POINT (13.480666529000100 52.460307380000103)","Unfall 229957 (2022) Kat:3, Licht: 0","229957","3","2","5","02","11","2","","0","1","1","0","0"
"POINT (13.406235172000001 52.581810092000097)","Unfall 229958 (2022) Kat:2, Licht: 2","229958","2","3","5","02","06","5","","2","1","1","0","0"
"POINT (13.333624570000000 52.430035901000103)","Unfall 229959 (2022) Kat:2, Licht: 2","229959","2","4","6","02","19","5","","2","0","1","1","0"
"POINT (13.562410284000100 52.456785125000103)","Unfall 229960 (2022) Kat:3, Licht: 0","229960","3","6","2","01","12","2","","0","0","1","0","0"
"POINT (13.402794920000099 52.562214496000102)","Unfall 229961 (2022) Kat:3, Licht: 1","229961","3","1","0","01","16","3","","1","1","0","0","0"
"POINT (13.395815110999999 52.454305448000099)","Unfall 229962 (2022) Kat:3, Licht: 0","229962","3","3","5","01","14","3","","0","0","1","0","0"
"POINT (13.230398030000099 52.541824937999998)","Unfall 229963 (2022) Kat:2, Licht: 2","229963","2","1","0","03","23","6","","2","0","0","0","1"
"POINT (13.259364645000099 52.430873443999999)","Unfall 229964 (2022) Kat:3, Licht: 0","229964","3","2","0","02","12","1","","0","1","1","0","0"
"POINT (13.361418227000099 52.531262866000098)","Unfall 229965 (2022) Kat:3, Licht: 0","229965","3","6","2","03","12","1","","0","1","1","0","0"
"POINT (13.364501591000000 52.562681840000003)","Unfall 229966 (2022) Kat:3, Licht: 0","229966","3","2","5","02","14","4","","0","0","1","0","0"
"POINT (13.369111707000100 52.546213477000002)","Unfall 229967 (2022) Kat:3, Licht: 1","229967","3","3","5","01","17","3","","1","1","1","0","0"
"POINT (13.377894895000100 52.468702174000001)","Unfall 229968 (2022) Kat:2, Licht: 0","229968","2","3","5","02","11","7","","0","0","1","0","0"
"POINT (13.569707863000099 52.442008696000102)","Unfall 229969 (2022) Kat:3, Licht: 2","229969","3","2","6","02","20","2","","2","0","1","1","0"
"POINT (13.421583318000000 52.514286700000099)","Unfall 229970 (2022) Kat:3, Licht: 2","229970","3","2","5","01","17","6","","2","1","1","0","0"
"POINT (13.319734599000100 52.452983647000103)","Unfall 229971 (2022) Kat:3, Licht: 2","229971","3","1","0","01","20","4","","2","0","0","0","1"
"POINT (13.405778331000000 52.514029089000097)","Unfall 229972 (2022) Kat:3, Licht: 2","229972","3","2","5","01","22","3","","2","1","1","0","0"
"POINT (13.264158251000000 52.514380575000096)","Unfall 229973 (2022) Kat:3, Licht: 0","229973","3","3","5","02","10","3","","0","0","1","0","0"
"POINT (13.441118303000099 52.424531277000000)","Unfall 229974 (2022) Kat:3, Licht: 1","229974","3","2","6","01","15","3","","1","0","1","1","0"
"POINT (13.313381498000100 52.435370272000100)","Unfall 229975 (2022) Kat:2, Licht: 2","229975","2","2","5","02","18","6","","2","0","1","0","0"
"POINT (13.331216394000000 52.469590996000100)","Unfall 229976 (2022) Kat:3, Licht: 2","229976","3","2","5","03","18","5","","2","1","0","0","0"
"POINT (13.532258918000000 52.461616761000101)","Unfall 229977 (2022) Kat:3, Licht: 2","229977","3","4","6","02","18","6","","2","0","1","1","0"
"POINT (13.403255761000000 52.386650341000099)","Unfall 229978 (2022) Kat:3, Licht: 0","229978","3","6","0","02","11","3","","0","0","1","0","0"
"POINT (13.452737857000001 52.548603829000101)","Unfall 229979 (2022) Kat:2, Licht: 0","229979","2","4","6","02","15","2","","0","0","0","1","0"
"POINT (13.380248247000100 52.498795507000096)","Unfall 229980 (2022) Kat:3, Licht: 0","229980","3","6","3","01","10","5","","0","0","1","0","0"
"POINT (13.337598051000001 52.460317019000101)","Unfall 229981 (2022) Kat:3, Licht: 0","229981","3","3","5","02","13","5","","0","1","1","0","0"
"POINT (13.623356287000000 52.533713700000099)","Unfall 229982 (2022) Kat:3, Licht: 2","229982","3","3","5","01","06","2","","2","1","1","0","0"
"POINT (13.398337105000101 52.534990135000001)","Unfall 229983 (2022) Kat:3, Licht: 0","229983","3","1","2","01","11","6","","0","0","1","0","0"
"POINT (13.375960532000001 52.556694270999998)","Unfall 229984 (2022) Kat:3, Licht: 2","229984","3","6","3","03","20","4","","2","1","0","0","0"
"POINT (13.225902666000000 52.554470955000099)","Unfall 229985 (2022) Kat:2, Licht: 2","229985","2","2","6","02","18","4","","2","0","1","1","0"
"POINT (13.315160420000000 52.577757767999998)","Unfall 229986 (2022) Kat:3, Licht: 2","229986","3","6","3","03","19","4","","2","0","1","0","0"
"POINT (13.370973060000001 52.536975673000001)","Unfall 229987 (2022) Kat:3, Licht: 0","229987","3","7","5","02","15","5","","0","0","1","0","1"
"POINT (13.141455832000100 52.532485948999998)","Unfall 229988 (2022) Kat:2, Licht: 2","229988","2","2","6","02","17","2","","2","0","1","1","0"
"POINT (13.357659737000100 52.525937342000098)","Unfall 229989 (2022) Kat:3, Licht: 2","229989","3","4","6","02","19","5","","2","0","1","1","0"
"POINT (13.457444518999999 52.528966125000103)","Unfall 229990 (2022) Kat:2, Licht: 2","229990","2","4","6","01","18","5","","2","0","0","1","0"
"POINT (13.277109122000100 52.575743179000000)","Unfall 229991 (2022) Kat:2, Licht: 2","229991","2","4","6","01","06","3","","2","0","1","1","0"
"POINT (13.353271186000001 52.489649176000100)","Unfall 229992 (2022) Kat:3, Licht: 0","229992","3","3","5","03","14","1","","0","1","1","0","0"
"POINT (13.441786492000100 52.482952971000003)","Unfall 229993 (2022) Kat:3, Licht: 2","229993","3","2","5","02","19","1","","2","0","1","0","1"
"POINT (13.378578425000100 52.529258159000101)","Unfall 229994 (2022) Kat:3, Licht: 0","229994","3","3","5","01","13","6","","0","1","1","0","0"
"POINT (13.442268501000100 52.456556998000103)","Unfall 229995 (2022) Kat:3, Licht: 0","229995","3","3","5","03","15","3","","0","1","1","0","0"
"POINT (13.506215209000100 52.403584485000103)","Unfall 229996 (2022) Kat:3, Licht: 1","229996","3","7","6","02","07","4","","1","0","1","1","0"
"POINT (13.386624955000100 52.527718669000102)","Unfall 229997 (2022) Kat:3, Licht: 2","229997","3","1","1","03","00","3","","2","1","1","0","0"
"POINT (13.166181517000000 52.553365405000100)","Unfall 229998 (2022) Kat:3, Licht: 0","229998","3","5","1","01","15","1","","0","0","1","0","0"