WKT,Name,OBJECTID,UKATEGORIE,UTYP1,UART,UMONAT,USTUNDE,UWOCHENTAG,STRZUSTAND,ULICHTVERH,ISTRAD,ISTPKW,ISTFUSS,ISTKRAD
"POINT (13.605146481000100 52.536585303999999)","Unfall 229999 (2022) Kat:2, Licht: 2","229999","2","4","6","02","19","3","","2","0","1","1","0"
"POINT (13.338876647000101 52.550194777000101)","Unfall 230000 (2022) Kat:3, Licht: 1","230000","3","1","2","01","07","6","","1","0","1","0","0"
"POINT (13.405414885000001 52.529319912000098)","Unfall 230001 (2022) Kat:2, Licht: 1","230001","2","4","6","02","16","5","","1","1","0","1","0"
"POINT (13.535290957000001 52.430767377999999)","Unfall 230002 (2022) Kat:3, Licht: 0","230002","3","5","3","03","12","3","","0","1","1","0","0"
"POINT (13.350357046000100 52.414247169000099)","Unfall 230003 (2022) Kat:3, Licht: 2","230003","3","2","6","02","06","5","","2","0","1","1","0"
"POINT (13.311778232000099 52.507840297000001)","Unfall 230004 (2022) Kat:3, Licht: 0","230004","3","5","1","02","07","4","","0","1","1","0","0"
"POINT (13.458113147000100 52.531895417999998)","Unfall 230005 (2022) Kat:3, Licht: 1","230005","3","6","2","02","16","6","","1","0","1","0","0"
"POINT (13.271469075000001 52.536516120000002)","Unfall 230006 (2022) Kat:3, Licht: 0","230006","3","6","3","01","15","5","","0","0","1","0","0"
"POINT (13.320120683000001 52.472331811000103)","Unfall 230007 (2022) Kat:3, Licht: 2","230007","3","6","2","01","00","4","","2","0","1","0","0"
"POINT (13.292431248000099 52.506694251000098)","Unfall 230008 (2022) Kat:3, Licht: 0","230008","3","5","1","03","11","1","","0","1","1","0","0"
"POINT (13.184574515000101 52.515296665000101)","Unfall 230009 (2022) Kat:3, Licht: 0","230009","3","2","2","02","13","2","","0","0","1","0","0"
"POINT (13.199048235000101 52.474773179000103)","Unfall 230010 (2022) Kat:3, Licht: 1","230010","3","6","2","01","17","1","","1","1","1","0","0"
"POINT (13.509309328000001 52.550297236000098)","Unfall 230011 (2022) Kat:3, Licht: 0","230011","3","6","0","03","17","3","","0","0","1","0","0"
"POINT (13.420060045000101 52.502231478000098)","Unfall 230012 (2022) Kat:3, Licht: 0","230012","3","3","0","02","14","5","","0","0","1","0","0"
"POINT (13.454682841000000 52.494233557000001)","Unfall 230013 (2022) Kat:3, Licht: 0","230013","3","2","5","02","08","2","","0","1","1","0","0"
"POINT (13.504732688000001 52.563503992000101)","Unfall 230014 (2022) Kat:3, Licht: 2","230014","3","1","8","01","17","1","","2","0","1","0","0"
"POINT (13.429913567000000 52.506629908999997)","Unfall 230015 (2022) Kat:3, Licht: 0","230015","3","6","2","02","10","4","","0","1","0","0","0"
"POINT (13.176473153000099 52.533747783000102)","Unfall 230016 (2022) Kat:3, Licht: 2","230016","3","3","5","01","18","2","","2","0","1","0","0"
"POINT (13.519755206000101 52.525765605000103)","Unfall 230017 (2022) Kat:2, Licht: 0","230017","2","3","5","01","08","3","","0","1","1","0","0"
"POINT (13.315033852999999 52.568263081000097)","Unfall 230018 (2022) Kat:3, Licht: 0","230018","3","6","2","01","15","3","","0","0","1","0","1"
"POINT (13.478988179000099 52.443054207000003)","Unfall 230019 (2022) Kat:3, Licht: 1","230019","3","1","9","03","17","7","","1","0","1","0","0"
"POINT (13.240830987000001 52.543162711000001)","Unfall 230020 (2022) Kat:3, Licht: 0","230020","3","7","6","02","09","6","","0","0","1","1","0"
"POINT (13.712675414000000 52.432316927999999)","Unfall 230021 (2022) Kat:3, Licht: 0","230021","3","3","5","03","11","3","","0","0","1","0","0"
"POINT (13.377182589000000 52.556285516999999)","Unfall 230022 (2022) Kat:3, Licht: 0","230022","3","2","5","02","14","3","","0","1","0","0","0"
"POINT (13.359241752999999 52.546367558000000)","Unfall 230023 (2022) Kat:2, Licht: 2","230023","2","7","5","02","20","7","","2","0","1","0","1"
"POINT (13.404221336000001 52.581480503000101)","Unfall 230024 (2022) Kat:2, Licht: 2","230024","2","2","6","02","18","3","","2","0","1","1","0"
"POINT (13.332439561000101 52.526976677999997)","Unfall 230025 (2022) Kat:3, Licht: 2","230025","3","5","1","01","03","7","","2","0","1","0","0"
"POINT (13.406260550000100 52.404381810000103)","Unfall 230026 (2022) Kat:3, Licht: 0","230026","3","2","5","01","13","5","","0","0","1","0","0"
"POINT (13.373571577000099 52.485043362000098)","Unfall 230027 (2022) Kat:3, Licht: 2","230027","3","6","2","01","17","3","","2","0","1","0","0"
"POINT (13.251843570000100 52.599911534999997)","Unfall 230028 (2022) Kat:2, Licht: 0","230028","2","6","2","02","15","3","","0","0","1","0","0"
"POINT (13.396027454000000 52.538363408000102)","Unfall 230029 (2022) Kat:3, Licht: 1","230029","3","4","6","01","07","2","","1","0","1","1","0"
"POINT (13.285397545000000 52.594949450000101)","Unfall 230030 (2022) Kat:3, Licht: 2","230030","3","2","3","02","05","6","","2","0","1","0","0"
"POINT (13.321534172000000 52.513187459000100)","Unfall 230031 (2022) Kat:3, Licht: 0","230031","3","6","2","03","07","5","","0","0","1","0","0"
"POINT (13.520726632000001 52.566508645000098)","Unfall 230032 (2022) Kat:3, Licht: 0","230032","3","7","6","02","11","5","","0","0","1","0","0"
"POINT (13.391827015000001 52.510455868000101)","Unfall 230033 (2022) Kat:3, Licht: 0","230033","3","3","5","02","13","7","","0","0","1","0","0"
"POINT (13.335754744000001 52.595688079000098)","Unfall 230034 (2022) Kat:3, Licht: 0","230034","3","6","2","01","09","6","","0","0","1","0","0"
"POINT (13.431737047000100 52.505854710000101)","Unfall 230035 (2022) Kat:3, Licht: 2","230035","3","6","2","01","17","4","","2","0","1","0","1"
"POINT (13.479326651000100 52.443348462000102)","Unfall 230036 (2022) Kat:3, Licht: 0","230036","3","6","2","02","16","5","","0","0","1","0","0"
"POINT (13.442188571000001 52.500941781000101)","Unfall 230037 (2022) Kat:3, Licht: 0","230037","3","2","5","01","09","2","","0","1","0","0","0"
"POINT (13.400744595999999 52.490442688000002)","Unfall 230038 (2022) Kat:3, Licht: 2","230038","3","6","2","01","01","7","","2","0","1","0","0"
"POINT (13.411127846999999 52.554069588000097)","Unfall 230039 (2022) Kat:3, Licht: 0","230039","3","3","5","02","12","5","","0","0","1","1","0"
"POINT (13.396416922000100 52.554972827000000)","Unfall 230040 (2022) Kat:3, Licht: 0","230040","3","4","0","03","08","4","","0","1","0","1","0"
"POINT (13.355323649000100 52.433664125000099)","Unfall 230041 (2022) Kat:2, Licht: 2","230041","2","7","5","02","20","5","","2","0","1","0","0"
"POINT (13.422705938000000 52.500433889000099)","Unfall 230042 (2022) Kat:3, Licht: 0","230042","3","2","6","01","09","3","","0","0","1","1","0"
"POINT (13.380321775000001 52.519756760000099)","Unfall 230043 (2022) Kat:3, Licht: 2","230043","3","3","5","02","21","6","","2","1","1","0","0"
"POINT (13.351068175000000 52.529698752000101)","Unfall 230044 (2022) Kat:3, Licht: 2","230044","3","3","5","01","19","2","","2","1","1","0","0"
"POINT (13.330877199000000 52.442075134000000)","Unfall 230045 (2022) Kat:3, Licht: 2","230045","3","3","5","01","17","3","","2","0","1","0","0"
"POINT (13.353852122999999 52.489934563000098)","Unfall 230046 (2022) Kat:3, Licht: 0","230046","3","5","5","01","11","3","","0","0","1","0","0"
"POINT (13.383589853000000 52.530138491999999)","Unfall 230047 (2022) Kat:3, Licht: 0","230047","3","1","0","03","09","7","","0","1","0","0","0"
"POINT (13.417828678999999 52.607317598000101)","Unfall 230048 (2022) Kat:2, Licht: 2","230048","2","2","6","02","18","2","","2","0","1","1","0"
"POINT (13.625647034000099 52.457540261000098)","Unfall 230049 (2022) Kat:3, Licht: 0","230049","3","3","5","01","11","6","","0","0","1","0","0"
"POINT (13.450623565000100 52.508629366000001)","Unfall 230050 (2022) Kat:3, Licht: 2","230050","3","2","5","03","18","4","","2","1","1","0","0"
"POINT (13.398313261000100 52.507135699999999)","Unfall 230051 (2022) Kat:3, Licht: 2","230051","3","2","5","02","18","3","","2","1","1","0","0"
"POINT (13.371847373000000 52.520756464999998)","Unfall 230052 (2022) Kat:3, Licht: 0","230052","3","3","5","02","16","2","","0","1","1","0","0"
"POINT (13.328838258000101 52.478886426000003)","Unfall 230053 (2022) Kat:3, Licht: 2","230053","3","2","6","02","19","4","","2","0","1","1","0"
"POINT (13.560855204000100 52.456348365000103)","Unfall 230054 (2022) Kat:3, Licht: 2","230054","3","6","2","01","18","7","","2","0","1","0","0"
"POINT (13.349107260000000 52.489495185000102)","Unfall 230055 (2022) Kat:2, Licht: 0","230055","2","2","6","01","12","6","","0","0","1","1","0"
"POINT (13.394976474000000 52.422612483000101)","Unfall 230056 (2022) Kat:2, Licht: 0","230056","2","3","5","02","14","4","","0","0","1","0","0"
"POINT (13.301690499000101 52.438451098000002)","Unfall 230057 (2022) Kat:2, Licht: 2","230057","2","1","0","01","18","3","","2","0","0","0","1"
"POINT (13.367707158000000 52.591361015000103)","Unfall 230058 (2022) Kat:3, Licht: 1","230058","3","2","5","01","15","2","","1","1","1","0","0"
"POINT (13.315452455000100 52.495480307999998)","Unfall 230059 (2022) Kat:3, Licht: 2","230059","3","3","5","02","18","1","","2","0","1","0","0"
"POINT (13.199513203000000 52.534847009000003)","Unfall 230060 (2022) Kat:2, Licht: 0","230060","2","2","0","03","12","5","","0","0","0","0","1"
"POINT (13.323765441000001 52.456173944000099)","Unfall 230061 (2022) Kat:3, Licht: 2","230061","3","6","2","02","18","5","","2","0","1","0","0"
"POINT (13.401146152000001 52.529851810000103)","Unfall 230062 (2022) Kat:3, Licht: 2","230062","3","2","5","03","20","2","","2","1","1","0","0"
"POINT (13.379454228000000 52.445548709000001)","Unfall 230063 (2022) Kat:3, Licht: 0","230063","3","6","2","02","16","2","","0","0","1","0","0"
"POINT (13.329148219000000 52.567396219999999)","Unfall 230064 (2022) Kat:2, Licht: 0","230064","2","4","6","02","16","7","","0","0","1","1","0"
"POINT (13.417022340000100 52.516264903000000)","Unfall 230065 (2022) Kat:3, Licht: 2","230065","3","7","6","02","18","3","","2","0","1","1","0"
"POINT (13.360272359000000 52.619786932000103)","Unfall 230066 (2022) Kat:3, Licht: 0","230066","3","1","4","01","07","6","","0","0","1","0","0"
"POINT (13.344425713000000 52.525188672000098)","Unfall 230067 (2022) Kat:3, Licht: 2","230067","3","7","5","01","07","6","","2","0","1","0","1"
"POINT (13.461219032000001 52.549404828000000)","Unfall 230068 (2022) Kat:3, Licht: 0","230068","3","5","1","01","10","4","","0","1","1","0","0"
"POINT (13.466207468000100 52.426508120000101)","Unfall 230069 (2022) Kat:3, Licht: 0","230069","3","3","5","02","12","3","","0","0","1","0","0"
"POINT (13.271385892000101 52.516598374000097)","Unfall 230070 (2022) Kat:3, Licht: 1","230070","3","2","5","01","16","6","","1","0","1","0","0"
"POINT (13.312220571000100 52.572392370999999)","Unfall 230071 (2022) Kat:3, Licht: 1","230071","3","6","2","03","18","5","","1","0","1","0","0"
"POINT (13.332384404000001 52.497090964999998)","Unfall 230072 (2022) Kat:3, Licht: 2","230072","3","6","3","02","23","5","","2","0","1","0","0"
"POINT (13.309958403000101 52.431204281000099)","Unfall 230073 (2022) Kat:3, Licht: 0","230073","3","6","2","02","13","4","","0","0","1","0","0"
"POINT (13.451490315000100 52.436632263000000)","Unfall 230074 (2022) Kat:3, Licht: 2","230074","3","6","2","01","18","2","","2","0","1","0","0"
"POINT (13.336235594000099 52.514894491000099)","Unfall 230075 (2022) Kat:3, Licht: 2","230075","3","3","5","01","02","5","","2","0","1","0","0"
"POINT (13.435329668000101 52.423119921000101)","Unfall 230076 (2022) Kat:3, Licht: 0","230076","3","2","5","01","10","3","","0","0","1","0","0"
"POINT (13.322478522000001 52.470189173000101)","Unfall 230077 (2022) Kat:3, Licht: 0","230077","3","5","1","02","09","2","","0","1","1","0","0"
"POINT (13.583494427000099 52.549129415000003)","Unfall 230078 (2022) Kat:3, Licht: 0","230078","3","6","2","03","12","7","","0","0","1","0","0"
"POINT (13.508222347000100 52.550127041000103)","Unfall 230079 (2022) Kat:2, Licht: 2","230079","2","1","0","02","22","7","","2","0","0","0","1"
"POINT (13.343202175000000 52.526038423999999)","Unfall 230080 (2022) Kat:3, Licht: 2","230080","3","6","0","03","20","2","","2","0","1","0","1"
"POINT (13.569950323000100 52.444594150999997)","Unfall 230081 (2022) Kat:3, Licht: 0","230081","3","6","3","02","12","2","","0","0","1","0","0"
"POINT (13.365996926999999 52.525311883000001)","Unfall 230082 (2022) Kat:3, Licht: 0","230082","3","2","2","02","11","2","","0","0","1","0","0"
"POINT (13.446847613999999 52.547657084000001)","Unfall 230083 (2022) Kat:2, Licht: 2","230083","2","4","6","02","18","3","","2","1","0","1","0"
"POINT (13.429871284000100 52.523111855000103)","Unfall 230084 (2022) Kat:3, Licht: 0","230084","3","2","5","01","12","7","","0","0","1","0","0"
"POINT (13.423479224000101 52.531882778000103)","Unfall 230085 (2022) Kat:3, Licht: 2","230085","3","7","0","01","02","4","","2","0","1","0","1"
"POINT (13.213726912000000 52.531558031000003)","Unfall 230086 (2022) Kat:3, Licht: 2","230086","3","6","2","02","17","3","","2","0","1","0","0"
"POINT (13.416431877000001 52.510951380000101)","Unfall 230087 (2022) Kat:3, Licht: 2","230087","3","2","5","01","17","2","","2","1","0","0","0"
"POINT (13.358321106000099 52.596800418999997)","Unfall 230088 (2022) Kat:3, Licht: 0","230088","3","3","5","02","14","7","","0","1","1","0","0"
"POINT (13.302446544000100 52.437770209000099)","Unfall 230089 (2022) Kat:3, Licht: 0","230089","3","3","0","03","13","4","","0","0","1","0","1"
"POINT (13.314387386000000 52.474730268000002)","Unfall 230090 (2022) Kat:3, Licht: 0","230090","3","6","2","02","08","6","","0","1","1","0","0"
"POINT (13.358898653000001 52.569749296000097)","Unfall 230091 (2022) Kat:3, Licht: 0","230091","3","6","2","02","09","3","","0","0","1","0","0"
"POINT (13.607988521999999 52.491404026000097)","Unfall 230092 (2022) Kat:3, Licht: 0","230092","3","3","5","02","09","7","","0","0","1","0","0"
"POINT (13.452056988000001 52.557635376000100)","Unfall 230093 (2022) Kat:3, Licht: 2","230093","3","1","0","01","18","5","","2","0","0","0","1"
"POINT (13.447395564000001 52.464263223000003)","Unfall 230094 (2022) Kat:3, Licht: 1","230094","3","3","5","01","08","5","","1","0","1","0","0"
"POINT (13.386928145000100 52.549349966000101)","Unfall 230095 (2022) Kat:3, Licht: 2","230095","3","6","2","02","20","4","","2","0","1","0","0"
"POINT (13.491341694000001 52.469128267000002)","Unfall 230096 (2022) Kat:2, Licht: 2","230096","2","3","5","01","17","1","","2","0","1","0","1"
"POINT (13.339374723000001 52.503220433000102)","Unfall 230097 (2022) Kat:3, Licht: 2","230097","3","6","3","01","17","7","","2","0","1","0","0"
"POINT (13.145863014000000 52.532694137000099)","Unfall 230098 (2022) Kat:2, Licht: 0","230098","2","3","5","03","14","4","","0","1","0","0","1"
"POINT (13.230317430000101 52.541850388000100)","Unfall 230099 (2022) Kat:3, Licht: 2","230099","3","3","5","02","05","5","","2","1","1","0","0"
"POINT (13.232391533000101 52.539375335000003)","Unfall 230100 (2022) Kat:3, Licht: 0","230100","3","6","2","03","16","3","","0","0","1","0","0"
"POINT (13.519526557000100 52.464358719000103)","Unfall 230101 (2022) Kat:3, Licht: 0","230101","3","4","6","02","07","5","","0","1","0","1","0"
"POINT (13.264938699000000 52.536660417000100)","Unfall 230102 (2022) Kat:3, Licht: 2","230102","3","2","5","02","16","6","","2","0","1","0","0"
"POINT (13.477151027000000 52.566966366000003)","Unfall 230103 (2022) Kat:2, Licht: 2","230103","2","3","5","01","02","1","","2","0","1","0","0"
"POINT (13.411649877000100 52.540394237999998)","Unfall 230104 (2022) Kat:3, Licht: 2","230104","3","5","1","01","20","5","","2","1","1","0","0"
"POINT (13.313053678000101 52.452604606000101)","Unfall 230105 (2022) Kat:3, Licht: 0","230105","3","3","5","01","11","4","","0","0","1","0","1"
"POINT (13.313230344999999 52.500722364000097)","Unfall 230106 (2022) Kat:2, Licht: 2","230106","2","3","5","03","20","6","","2","0","1","0","0"
"POINT (13.499531521000099 52.534356697000099)","Unfall 230107 (2022) Kat:3, Licht: 2","230107","3","3","5","02","18","1","","2","0","1","0","0"
"POINT (13.198922531000100 52.553941622000103)","Unfall 230108 (2022) Kat:3, Licht: 2","230108","3","2","6","01","18","5","","2","0","1","1","0"
"POINT (13.580192104000000 52.399541423000102)","Unfall 230109 (2022) Kat:3, Licht: 1","230109","3","2","5","03","17","2","","1","0","1","0","0"
"POINT (13.199706600000100 52.534632532000003)","Unfall 230110 (2022) Kat:2, Licht: 2","230110","2","2","5","02","01","4","","2","0","1","0","0"
"POINT (13.386068743000100 52.515386866000000)","Unfall 230111 (2022) Kat:3, Licht: 1","230111","3","3","5","02","06","2","","1","0","1","0","0"
"POINT (13.606875184000000 52.501085579000097)","Unfall 230112 (2022) Kat:3, Licht: 2","230112","3","5","1","02","20","4","","2","0","1","0","0"
"POINT (13.314323898000101 52.576680058000100)","Unfall 230113 (2022) Kat:3, Licht: 2","230113","3","3","5","01","17","1","","2","0","1","0","0"
"POINT (13.560295487000101 52.456269362000100)","Unfall 230114 (2022) Kat:3, Licht: 0","230114","3","6","2","01","12","7","","0","0","1","0","0"
"POINT (13.544338938000100 52.399363449000099)","Unfall 230115 (2022) Kat:3, Licht: 2","230115","3","2","5","02","17","4","","2","0","1","0","1"
"POINT (13.510445860000100 52.453199038000001)","Unfall 230116 (2022) Kat:3, Licht: 2","230116","3","2","6","01","05","3","","2","0","1","1","0"
"POINT (13.519413600000100 52.454048654000097)","Unfall 230117 (2022) Kat:3, Licht: 1","230117","3","3","5","01","16","3","","1","0","1","0","0"
"POINT (13.227709365000100 52.537887400000002)","Unfall 230118 (2022) Kat:3, Licht: 0","230118","3","6","2","02","06","2","","0","0","1","0","0"
"POINT (13.384526731999999 52.556010963000098)","Unfall 230119 (2022) Kat:3, Licht: 0","230119","3","2","5","03","07","6","","0","1","0","0","0"
"POINT (13.186166610000001 52.534241462000097)","Unfall 230120 (2022) Kat:3, Licht: 2","230120","3","4","6","02","20","6","","2","0","1","1","0"
"POINT (13.511985053000000 52.554712396000099)","Unfall 230121 (2022) Kat:3, Licht: 0","230121","3","3","5","02","15","2","","0","0","1","0","0"
"POINT (13.399653319000000 52.494511434000103)","Unfall 230122 (2022) Kat:3, Licht: 2","230122","3","2","0","02","05","2","","2","1","1","0","0"
"POINT (13.527937071000100 52.556808364000098)","Unfall 230123 (2022) Kat:3, Licht: 0","230123","3","6","2","01","13","6","","0","0","1","0","0"
"POINT (13.356970743000000 52.523824100000098)","Unfall 230124 (2022) Kat:2, Licht: 2","230124","2","4","6","01","07","4","","2","0","1","1","0"
"POINT (13.432941474000099 52.464600965000002)","Unfall 230125 (2022) Kat:2, Licht: 2","230125","2","2","6","02","06","4","","2","0","0","1","0"
"POINT (13.379856824999999 52.497457894000000)","Unfall 230126 (2022) Kat:2, Licht: 0","230126","2","1","1","01","10","6","","0","0","1","0","0"
"POINT (13.428867820000100 52.472000465000100)","Unfall 230127 (2022) Kat:3, Licht: 0","230127","3","6","3","03","09","5","","0","1","0","0","0"
"POINT (13.341271158000000 52.497392429999998)","Unfall 230128 (2022) Kat:3, Licht: 0","230128","3","3","5","02","11","7","","0","1","0","0","0"
"POINT (13.328363457000000 52.565438847000102)","Unfall 230129 (2022) Kat:3, Licht: 2","230129","3","1","0","03","18","3","","2","0","0","0","1"
"POINT (13.406132997000000 52.497765722000103)","Unfall 230130 (2022) Kat:3, Licht: 0","230130","3","5","1","02","15","6","","0","0","1","0","0"
"POINT (13.411031341000101 52.553998602000000)","Unfall 230131 (2022) Kat:3, Licht: 0","230131","3","3","0","02","10","3","","0","0","1","0","0"
"POINT (13.388135185000101 52.412010576999997)","Unfall 230132 (2022) Kat:3, Licht: 0","230132","3","2","5","02","15","2","","0","1","1","0","0"
"POINT (13.344255388000001 52.449623141000103)","Unfall 230133 (2022) Kat:3, Licht: 2","230133","3","5","1","01","17","5","","2","1","1","0","0"
"POINT (13.303835062000100 52.436518714000002)","Unfall 230134 (2022) Kat:3, Licht: 0","230134","3","6","2","02","07","5","","0","1","1","0","0"
"POINT (13.526419829000099 52.513679842999998)","Unfall 230135 (2022) Kat:3, Licht: 2","230135","3","7","5","01","20","7","","2","0","1","0","0"
"POINT (13.296938452000100 52.487944235999997)","Unfall 230136 (2022) Kat:3, Licht: 0","230136","3","3","5","03","10","4","","0","1","1","0","0"
"POINT (13.247578863000101 52.524520486000000)","Unfall 230137 (2022) Kat:3, Licht: 0","230137","3","2","5","02","08","4","","0","1","0","0","0"
"POINT (13.351038325999999 52.504098224000103)","Unfall 230138 (2022) Kat:3, Licht: 0","230138","3","6","2","02","12","2","","0","0","1","0","0"
"POINT (13.400574998000000 52.488852445000099)","Unfall 230139 (2022) Kat:3, Licht: 0","230139","3","3","5","02","10","5","","0","1","0","0","0"
"POINT (13.400147823999999 52.509528736999997)","Unfall 230140 (2022) Kat:3, Licht: 0","230140","3","3","5","03","12","3","","0","0","1","0","1"
"POINT (13.377764426000100 52.529017081000099)","Unfall 230141 (2022) Kat:2, Licht: 0","230141","2","7","0","02","08","6","","0","1","0","0","0"
"POINT (13.429322454999999 52.530095523000099)","Unfall 230142 (2022) Kat:2, Licht: 0","230142","2","1","0","01","13","3","","0","0","0","0","1"
"POINT (13.400552716000000 52.529595155999999)","Unfall 230143 (2022) Kat:3, Licht: 2","230143","3","5","2","02","18","3","","2","1","1","0","0"
"POINT (13.588542359000000 52.517211782000103)","Unfall 230144 (2022) Kat:3, Licht: 0","230144","3","6","2","02","14","2","","0","0","1","0","0"
"POINT (13.559897661999999 52.482659070000103)","Unfall 230145 (2022) Kat:3, Licht: 2","230145","3","3","5","01","18","5","","2","0","1","0","0"
"POINT (13.383636119000100 52.598029015000101)","Unfall 230146 (2022) Kat:3, Licht: 2","230146","3","3","5","01","06","5","","2","0","1","0","0"
"POINT (13.191727902000000 52.546142152000101)","Unfall 230147 (2022) Kat:3, Licht: 2","230147","3","2","6","02","18","5","","2","0","1","1","0"
"POINT (13.359346757000001 52.456639205999998)","Unfall 230148 (2022) Kat:3, Licht: 2","230148","3","2","6","01","18","7","","2","0","1","1","0"
"POINT (13.287573473000100 52.475765287000101)","Unfall 230149 (2022) Kat:3, Licht: 0","230149","3","3","0","03","11","4","","0","0","1","0","0"
"POINT (13.389752797000000 52.495909740000101)","Unfall 230150 (2022) Kat:3, Licht: 2","230150","3","2","6","02","18","5","","2","0","1","1","0"
"POINT (13.451631369999999 52.465206599000098)","Unfall 230151 (2022) Kat:3, Licht: 0","230151","3","5","1","02","12","2","","0","0","1","0","0"
"POINT (13.445755739999999 52.445738719000097)","Unfall 230152 (2022) Kat:2, Licht: 0","230152","2","3","5","02","14","4","","0","0","1","0","1"
"POINT (13.314401899000099 52.530274172000098)","Unfall 230153 (2022) Kat:3, Licht: 2","230153","3","2","6","01","06","3","","2","0","1","1","0"
"POINT (13.481099045000100 52.460814680000098)","Unfall 230154 (2022) Kat:3, Licht: 2","230154","3","2","6","02","22","5","","2","0","1","1","0"
"POINT (13.316486844000099 52.565382768000099)","Unfall 230155 (2022) Kat:3, Licht: 0","230155","3","3","0","01","11","2","","0","1","1","0","0"
"POINT (13.346724451000100 52.450011379999999)","Unfall 230156 (2022) Kat:3, Licht: 1","230156","3","2","5","01","07","3","","1","0","1","0","0"
"POINT (13.201185361000100 52.547916913999998)","Unfall 230157 (2022) Kat:3, Licht: 2","230157","3","2","5","01","19","3","","2","0","1","0","0"
"POINT (13.415271718000000 52.526971984000099)","Unfall 230158 (2022) Kat:3, Licht: 0","230158","3","3","5","03","15","6","","0","0","1","0","0"
"POINT (13.400893407000099 52.530156846000096)","Unfall 230159 (2022) Kat:2, Licht: 2","230159","2","4","6","02","20","2","","2","0","1","1","0"
"POINT (13.433562419000101 52.499715556000098)","Unfall 230160 (2022) Kat:3, Licht: 0","230160","3","7","2","01","16","7","","0","1","1","0","0"
"POINT (13.382838425999999 52.489886929000100)","Unfall 230161 (2022) Kat:3, Licht: 0","230161","3","7","6","03","16","3","","0","0","0","1","0"
"POINT (13.400751480000100 52.505605612000103)","Unfall 230162 (2022) Kat:3, Licht: 0","230162","3","5","1","02","09","3","","0","0","1","0","0"
"POINT (13.335732906000000 52.485872162000099)","Unfall 230163 (2022) Kat:3, Licht: 2","230163","3","6","2","02","04","7","","2","0","1","0","1"
"POINT (13.433187053999999 52.498927719999998)","Unfall 230164 (2022) Kat:3, Licht: 1","230164","3","2","5","02","16","3","","1","1","1","0","0"
"POINT (13.463227138000001 52.469443910000102)","Unfall 230165 (2022) Kat:3, Licht: 0","230165","3","7","5","01","10","2","","0","0","1","0","0"
"POINT (13.390720444000101 52.516934483999997)","Unfall 230166 (2022) Kat:3, Licht: 2","230166","3","2","5","01","18","6","","2","1","1","0","0"
"POINT (13.312945625000101 52.480343391000098)","Unfall 230167 (2022) Kat:3, Licht: 0","230167","3","2","5","02","12","5","","0","0","1","0","0"
"POINT (13.319510928000099 52.502096936999997)","Unfall 230168 (2022) Kat:3, Licht: 1","230168","3","5","1","01","07","2","","1","1","1","0","0"
"POINT (13.376570959000000 52.510100017000099)","Unfall 230169 (2022) Kat:3, Licht: 0","230169","3","2","5","01","10","3","","0","1","1","0","0"
"POINT (13.321250708999999 52.464929749000099)","Unfall 230170 (2022) Kat:3, Licht: 2","230170","3","5","1","02","01","1","","2","1","1","0","0"
"POINT (13.519982547000000 52.525835827999998)","Unfall 230171 (2022) Kat:3, Licht: 0","230171","3","2","6","03","14","5","","0","0","1","1","0"
"POINT (13.304952226000101 52.495010589000103)","Unfall 230172 (2022) Kat:3, Licht: 2","230172","3","5","1","02","21","7","","2","1","1","0","0"
"POINT (13.433359972000099 52.464025698000100)","Unfall 230173 (2022) Kat:2, Licht: 0","230173","2","5","1","02","14","2","","0","1","1","0","0"
"POINT (13.429912292999999 52.550876167000098)","Unfall 230174 (2022) Kat:2, Licht: 0","230174","2","2","6","02","13","3","","0","0","0","1","0"
"POINT (13.511928963000100 52.550785515000001)","Unfall 230175 (2022) Kat:3, Licht: 2","230175","3","2","6","01","07","5","","2","0","1","1","0"
"POINT (13.423587686000101 52.537893928000102)","Unfall 230176 (2022) Kat:3, Licht: 2","230176","3","6","0","01","18","4","","2","0","1","0","1"
"POINT (13.419190902000000 52.397556260000002)","Unfall 230177 (2022) Kat:3, Licht: 0","230177","3","3","5","02","12","3","","0","0","1","0","0"
"POINT (13.464664781000099 52.497451360000099)","Unfall 230178 (2022) Kat:2, Licht: 2","230178","2","2","5","01","16","6","","2","0","1","0","1"
"POINT (13.431910838000000 52.614339250000100)","Unfall 230179 (2022) Kat:2, Licht: 0","230179","2","1","8","02","13","6","","0","0","1","0","0"
"POINT (13.314235426000000 52.576692657000102)","Unfall 230180 (2022) Kat:3, Licht: 0","230180","3","2","6","03","10","3","","0","0","1","1","0"
"POINT (13.427527630000000 52.474301832000002)","Unfall 230181 (2022) Kat:3, Licht: 0","230181","3","3","5","02","12","4","","0","0","1","0","1"
"POINT (13.350381729000000 52.532408703000002)","Unfall 230182 (2022) Kat:3, Licht: 0","230182","3","6","0","02","09","4","","0","1","0","0","0"
"POINT (13.403778150000100 52.526036681999997)","Unfall 230183 (2022) Kat:3, Licht: 2","230183","3","2","6","02","23","5","","2","0","1","1","0"
"POINT (13.421971235000100 52.505070361999998)","Unfall 230184 (2022) Kat:3, Licht: 2","230184","3","3","5","01","19","5","","2","1","1","0","0"
"POINT (13.505331471000000 52.548873103000098)","Unfall 230185 (2022) Kat:3, Licht: 1","230185","3","4","2","01","15","3","","1","0","1","1","0"