WKT,Name,OBJECTID,UKATEGORIE,UTYP1,UART,UMONAT,USTUNDE,UWOCHENTAG,STRZUSTAND,ULICHTVERH,ISTRAD,ISTPKW,ISTFUSS,ISTKRAD
"POINT (13.353287154000000 52.492004979999997)","Unfall 230186 (2022) Kat:3, Licht: 1","230186","3","2","5","02","17","2","","1","1","0","0","0"
"POINT (13.192318282000000 52.529639928999998)","Unfall 230187 (2022) Kat:3, Licht: 0","230187","3","7","0","01","15","2","","0","0","1","0","0"
"POINT (13.417469868000101 52.524615730000100)","Unfall 230188 (2022) Kat:3, Licht: 0","230188","3","6","2","03","08","4","","0","1","0","0","0"
"POINT (13.288589662000000 52.584175382000097)","Unfall 230189 (2022) Kat:3, Licht: 1","230189","3","2","2","02","16","5","","1","0","1","0","0"
"POINT (13.462076712000099 52.432660010000099)","Unfall 230190 (2022) Kat:3, Licht: 0","230190","3","3","5","02","14","2","","0","0","1","0","0"
"POINT (13.390708189000099 52.420070729000003)","Unfall 230191 (2022) Kat:3, Licht: 0","230191","3","3","5","02","09","4","","0","0","1","0","0"
"POINT (13.485055142000000 52.531736907999999)","Unfall 230192 (2022) Kat:2, Licht: 0","230192","2","3","5","01","09","2","","0","1","1","0","0"
"POINT (13.410951526000099 52.494614669000001)","Unfall 230193 (2022) Kat:3, Licht: 0","230193","3","3","5","01","14","3","","0","0","1","0","0"
"POINT (13.505680045000100 52.461927924000101)","Unfall 230194 (2022) Kat:3, Licht: 0","230194","3","2","5","01","08","3","","0","1","1","0","0"
"POINT (13.169678261000101 52.518618031000102)","Unfall 230195 (2022) Kat:3, Licht: 2","230195","3","6","2","03","21","6","","2","0","1","0","0"
"POINT (13.369936139000099 52.570244985000002)","Unfall 230196 (2022) Kat:3, Licht: 2","230196","3","3","5","02","18","6","","2","0","1","0","0"
"POINT (13.386209265000000 52.549620193000102)","Unfall 230197 (2022) Kat:3, Licht: 0","230197","3","6","2","03","09","3","","0","0","1","0","0"
"POINT (13.454654533000101 52.474664848000003)","Unfall 230198 (2022) Kat:2, Licht: 0","230198","2","3","0","02","13","4","","0","0","1","0","1"
"POINT (13.315648359000001 52.567028006000001)","Unfall 230199 (2022) Kat:3, Licht: 1","230199","3","4","6","02","16","1","","1","0","1","1","0"
"POINT (13.418290718000000 52.558839800000001)","Unfall 230200 (2022) Kat:3, Licht: 0","230200","3","3","0","02","08","3","","0","1","1","0","0"
"POINT (13.242943057000000 52.601543590000098)","Unfall 230201 (2022) Kat:3, Licht: 0","230201","3","7","5","01","15","6","","0","0","1","0","0"
"POINT (13.353000352000000 52.433421297000102)","Unfall 230202 (2022) Kat:3, Licht: 0","230202","3","1","0","01","09","4","","0","0","0","0","1"
"POINT (13.328923286000100 52.461552650000002)","Unfall 230203 (2022) Kat:3, Licht: 0","230203","3","3","5","02","09","3","","0","0","1","0","0"
"POINT (13.383343729000000 52.548582561000003)","Unfall 230204 (2022) Kat:3, Licht: 0","230204","3","3","5","01","15","3","","0","1","1","0","0"
"POINT (13.426719420000000 52.476264755000003)","Unfall 230205 (2022) Kat:3, Licht: 1","230205","3","6","2","02","21","5","","1","0","1","0","0"
"POINT (13.371412375000000 52.590699790000002)","Unfall 230206 (2022) Kat:3, Licht: 0","230206","3","3","5","03","17","4","","0","0","1","0","0"
"POINT (13.348839995000001 52.522737329000101)","Unfall 230207 (2022) Kat:2, Licht: 1","230207","2","2","5","02","17","5","","1","1","0","0","0"
"POINT (13.515517407000100 52.566847376000098)","Unfall 230208 (2022) Kat:3, Licht: 0","230208","3","7","2","02","16","7","","0","0","1","0","0"
"POINT (13.362568976000000 52.567273181000097)","Unfall 230209 (2022) Kat:2, Licht: 0","230209","2","5","5","01","09","1","","0","0","1","0","1"
"POINT (13.601810358000000 52.538472129000098)","Unfall 230210 (2022) Kat:3, Licht: 2","230210","3","1","4","01","19","5","","2","0","1","0","0"
"POINT (13.368391191000100 52.485072897000101)","Unfall 230211 (2022) Kat:3, Licht: 0","230211","3","6","3","01","11","4","","0","1","1","0","0"
"POINT (13.363048605000101 52.597048820000097)","Unfall 230212 (2022) Kat:3, Licht: 2","230212","3","2","5","03","19","7","","2","1","1","0","0"
"POINT (13.183251200000001 52.534135460000101)","Unfall 230213 (2022) Kat:2, Licht: 2","230213","2","3","5","02","18","1","","2","0","1","0","0"
"POINT (13.612181810999999 52.513541261000100)","Unfall 230214 (2022) Kat:3, Licht: 0","230214","3","4","6","03","10","2","","0","0","1","1","0"
"POINT (13.354809099000001 52.428981678000099)","Unfall 230215 (2022) Kat:2, Licht: 2","230215","2","6","2","02","20","3","","2","0","1","0","0"
"POINT (13.412645657000001 52.556909933000000)","Unfall 230216 (2022) Kat:3, Licht: 0","230216","3","5","1","02","14","7","","0","1","1","0","0"
"POINT (13.185534614000099 52.551552940000100)","Unfall 230217 (2022) Kat:2, Licht: 2","230217","2","2","5","02","17","3","","2","0","1","0","0"
"POINT (13.522449468000000 52.426670479999999)","Unfall 230218 (2022) Kat:3, Licht: 0","230218","3","6","2","01","10","7","","0","0","1","0","0"
"POINT (13.337852295000101 52.473776104000102)","Unfall 230219 (2022) Kat:3, Licht: 0","230219","3","4","0","01","13","5","","0","0","0","1","1"
"POINT (13.254662502000000 52.443139400000099)","Unfall 230220 (2022) Kat:3, Licht: 2","230220","3","1","0","02","18","4","","2","1","0","0","0"
"POINT (13.148198432000100 52.456663716999998)","Unfall 230221 (2022) Kat:3, Licht: 0","230221","3","1","8","01","15","2","","0","0","1","0","0"
"POINT (13.309802102000001 52.420784593000100)","Unfall 230222 (2022) Kat:3, Licht: 0","230222","3","6","2","01","15","2","","0","0","1","0","0"
"POINT (13.382938402000001 52.491901938000098)","Unfall 230223 (2022) Kat:3, Licht: 0","230223","3","6","4","02","08","2","","0","1","0","0","0"
"POINT (13.369350070000101 52.590938782000102)","Unfall 230224 (2022) Kat:3, Licht: 0","230224","3","4","6","03","07","5","","0","0","1","1","0"
"POINT (13.401071769000101 52.529941583000003)","Unfall 230225 (2022) Kat:3, Licht: 0","230225","3","6","2","02","13","6","","0","1","0","0","0"
"POINT (13.196915967000100 52.533278355000000)","Unfall 230226 (2022) Kat:3, Licht: 0","230226","3","6","2","02","12","3","","0","0","1","0","0"
"POINT (13.398542110000101 52.592427734000097)","Unfall 230227 (2022) Kat:3, Licht: 0","230227","3","3","5","02","11","1","","0","0","1","0","0"
"POINT (13.538126965000099 52.437652598000099)","Unfall 230228 (2022) Kat:3, Licht: 2","230228","3","2","5","01","06","4","","2","1","0","0","0"
"POINT (13.381170401000100 52.465645598999998)","Unfall 230229 (2022) Kat:3, Licht: 0","230229","3","3","5","02","10","5","","0","0","1","0","0"
"POINT (13.355478275000101 52.444706951000100)","Unfall 230230 (2022) Kat:3, Licht: 2","230230","3","5","5","02","06","3","","2","0","1","0","0"
"POINT (13.423767721999999 52.488507148000103)","Unfall 230231 (2022) Kat:3, Licht: 0","230231","3","7","5","01","11","2","","0","1","0","0","0"
"POINT (13.241310883000001 52.544876267000099)","Unfall 230232 (2022) Kat:3, Licht: 0","230232","3","1","2","01","09","6","","0","0","1","0","0"
"POINT (13.427331465000099 52.500395431000101)","Unfall 230233 (2022) Kat:3, Licht: 1","230233","3","4","6","03","18","5","","1","0","1","1","0"
"POINT (13.374249212000100 52.553823910000098)","Unfall 230234 (2022) Kat:3, Licht: 0","230234","3","3","5","02","13","7","","0","1","1","0","0"
"POINT (13.384924527000100 52.556921491000097)","Unfall 230235 (2022) Kat:3, Licht: 0","230235","3","6","3","03","08","3","","0","0","1","0","0"
"POINT (13.334691749000100 52.505416625000102)","Unfall 230236 (2022) Kat:3, Licht: 0","230236","3","4","6","02","12","5","","0","0","1","1","0"
"POINT (13.352175216999999 52.436061656000000)","Unfall 230237 (2022) Kat:3, Licht: 2","230237","3","7","6","02","15","2","","2","0","0","1","0"
"POINT (13.420418907000100 52.461575910000100)","Unfall 230238 (2022) Kat:3, Licht: 2","230238","3","3","5","02","22","5","","2","0","1","0","0"
"POINT (13.345628136000100 52.436359908000000)","Unfall 230239 (2022) Kat:3, Licht: 2","230239","3","2","6","01","19","5","","2","0","1","1","0"
"POINT (13.362539024000100 52.455987876999998)","Unfall 230240 (2022) Kat:3, Licht: 0","230240","3","6","2","01","16","4","","0","0","1","0","0"
"POINT (13.365864624000000 52.524488218000002)","Unfall 230241 (2022) Kat:3, Licht: 0","230241","3","4","6","03","16","7","","0","1","0","1","0"
"POINT (13.389693272000001 52.506665769999998)","Unfall 230242 (2022) Kat:3, Licht: 0","230242","3","4","6","02","15","2","","0","0","0","1","0"
"POINT (13.413785096000000 52.513511175000097)","Unfall 230243 (2022) Kat:3, Licht: 0","230243","3","5","1","01","12","2","","0","1","1","0","0"
"POINT (13.392750016999999 52.412643612000103)","Unfall 230244 (2022) Kat:3, Licht: 0","230244","3","2","5","03","08","4","","0","0","1","0","0"
"POINT (13.241988620000001 52.444404716000101)","Unfall 230245 (2022) Kat:2, Licht: 0","230245","2","3","5","02","10","4","","0","0","1","0","0"
"POINT (13.291404575000101 52.534160588000098)","Unfall 230246 (2022) Kat:3, Licht: 0","230246","3","6","2","03","09","3","","0","0","1","0","0"
"POINT (13.463164686000001 52.511497460999998)","Unfall 230247 (2022) Kat:3, Licht: 0","230247","3","3","5","01","09","7","","0","1","1","0","0"
"POINT (13.347966315000100 52.437585722000101)","Unfall 230248 (2022) Kat:3, Licht: 2","230248","3","6","0","02","18","4","","2","0","1","0","0"
"POINT (13.450468074000099 52.527258379999999)","Unfall 230249 (2022) Kat:3, Licht: 2","230249","3","6","3","01","04","2","","2","0","1","0","0"
"POINT (13.427782171000000 52.560589898000003)","Unfall 230250 (2022) Kat:3, Licht: 2","230250","3","3","5","01","05","4","","2","1","1","0","0"
"POINT (13.260331717000000 52.516551628000101)","Unfall 230251 (2022) Kat:3, Licht: 2","230251","3","3","5","01","22","3","","2","0","1","0","0"
"POINT (13.340003971000000 52.481775121000098)","Unfall 230252 (2022) Kat:3, Licht: 2","230252","3","5","1","03","19","6","","2","0","1","0","0"
"POINT (13.505503969000101 52.636863988000101)","Unfall 230253 (2022) Kat:2, Licht: 0","230253","2","3","5","02","13","6","","0","0","0","0","0"
"POINT (13.600735437000001 52.479086343000098)","Unfall 230254 (2022) Kat:3, Licht: 0","230254","3","4","6","03","12","2","","0","0","1","1","0"
"POINT (13.143291130000000 52.542541821000000)","Unfall 230255 (2022) Kat:2, Licht: 0","230255","2","4","0","02","16","2","","0","0","0","1","0"
"POINT (13.539776508999999 52.539827014000103)","Unfall 230256 (2022) Kat:3, Licht: 0","230256","3","3","5","02","14","7","","0","0","1","0","0"
"POINT (13.331271149000001 52.503575182000098)","Unfall 230257 (2022) Kat:3, Licht: 0","230257","3","2","6","02","11","3","","0","0","1","1","0"
"POINT (13.365823241999999 52.556839706000098)","Unfall 230258 (2022) Kat:3, Licht: 0","230258","3","7","6","01","13","6","","0","0","1","1","0"
"POINT (13.439532133000100 52.424106150000100)","Unfall 230259 (2022) Kat:3, Licht: 2","230259","3","2","2","01","18","3","","2","0","1","1","0"
"POINT (13.449146739000099 52.460641963000100)","Unfall 230260 (2022) Kat:3, Licht: 0","230260","3","1","0","02","15","3","","0","0","0","0","1"
"POINT (13.455857286000001 52.473851729000003)","Unfall 230261 (2022) Kat:3, Licht: 0","230261","3","2","2","01","14","2","","0","0","1","0","0"
"POINT (13.274885901000101 52.535912291000002)","Unfall 230262 (2022) Kat:3, Licht: 1","230262","3","6","3","02","17","7","","1","0","1","0","0"
"POINT (13.565602868999999 52.570445094000000)","Unfall 230263 (2022) Kat:2, Licht: 0","230263","2","2","5","03","15","4","","0","0","1","0","1"
"POINT (13.323116222000101 52.490951135000003)","Unfall 230264 (2022) Kat:3, Licht: 0","230264","3","2","5","02","14","6","","0","0","1","0","1"
"POINT (13.350613526000100 52.513885760999997)","Unfall 230265 (2022) Kat:3, Licht: 2","230265","3","3","5","02","22","7","","2","0","1","0","0"
"POINT (13.248399804000000 52.593029325000003)","Unfall 230266 (2022) Kat:3, Licht: 1","230266","3","6","4","01","15","5","","1","0","1","0","0"
"POINT (13.395540295000000 52.424413932000000)","Unfall 230267 (2022) Kat:3, Licht: 2","230267","3","7","5","01","19","4","","2","0","1","0","0"
"POINT (13.381627161999999 52.439972162000103)","Unfall 230268 (2022) Kat:3, Licht: 2","230268","3","5","1","02","18","4","","2","0","1","0","0"
"POINT (13.381095989000100 52.555977333000001)","Unfall 230269 (2022) Kat:2, Licht: 2","230269","2","1","0","01","02","1","","2","0","0","0","0"
"POINT (13.421950548000000 52.507249503000097)","Unfall 230270 (2022) Kat:3, Licht: 0","230270","3","5","5","01","13","6","","0","1","1","0","0"
"POINT (13.354040395000000 52.549438376000097)","Unfall 230271 (2022) Kat:2, Licht: 2","230271","2","3","5","02","18","5","","2","0","1","0","0"
"POINT (13.359055086000099 52.546252414999998)","Unfall 230272 (2022) Kat:3, Licht: 2","230272","3","3","5","03","18","3","","2","1","0","0","0"
"POINT (13.480138673000100 52.519890205000102)","Unfall 230273 (2022) Kat:3, Licht: 0","230273","3","6","2","02","13","4","","0","0","1","0","0"
"POINT (13.405497090000001 52.528722770000101)","Unfall 230274 (2022) Kat:3, Licht: 2","230274","3","5","1","02","17","5","","2","1","0","0","0"
"POINT (13.312893818000100 52.506413475000002)","Unfall 230275 (2022) Kat:3, Licht: 0","230275","3","7","6","01","12","3","","0","0","1","1","0"
"POINT (13.205368889000100 52.541769857000098)","Unfall 230276 (2022) Kat:3, Licht: 2","230276","3","3","5","01","21","4","","2","1","1","0","0"
"POINT (13.328686341999999 52.428808844999999)","Unfall 230277 (2022) Kat:3, Licht: 0","230277","3","6","2","02","13","2","","0","0","1","0","1"
"POINT (13.326800605000100 52.426947551000097)","Unfall 230278 (2022) Kat:3, Licht: 2","230278","3","6","2","02","07","2","","2","1","1","0","0"
"POINT (13.306147055000100 52.465888624000101)","Unfall 230279 (2022) Kat:3, Licht: 2","230279","3","1","0","01","16","5","","2","1","0","0","0"
"POINT (13.322390950000100 52.486310828999997)","Unfall 230280 (2022) Kat:3, Licht: 1","230280","3","2","6","02","18","5","","1","0","1","1","0"
"POINT (13.335206213999999 52.595658121000000)","Unfall 230281 (2022) Kat:3, Licht: 0","230281","3","6","0","01","10","2","","0","0","1","0","0"
"POINT (13.373579982000001 52.556996997000098)","Unfall 230282 (2022) Kat:3, Licht: 2","230282","3","7","6","01","19","6","","2","0","1","1","0"
"POINT (13.351350559000000 52.509661283000099)","Unfall 230283 (2022) Kat:3, Licht: 2","230283","3","7","0","03","19","4","","2","0","0","0","0"
"POINT (13.491289680000000 52.469084987000002)","Unfall 230284 (2022) Kat:2, Licht: 2","230284","2","7","5","02","20","4","","2","0","1","0","0"
"POINT (13.208846074000100 52.564197369000098)","Unfall 230285 (2022) Kat:3, Licht: 0","230285","3","3","5","03","16","3","","0","0","1","0","1"
"POINT (13.352128440000101 52.565920882000100)","Unfall 230286 (2022) Kat:3, Licht: 0","230286","3","3","5","02","15","4","","0","0","1","0","0"
"POINT (13.501653814000100 52.559051001999997)","Unfall 230287 (2022) Kat:3, Licht: 2","230287","3","5","5","02","17","2","","2","0","1","0","0"
"POINT (13.428119432000100 52.473457957000100)","Unfall 230288 (2022) Kat:3, Licht: 1","230288","3","2","5","02","19","5","","1","1","1","0","0"
"POINT (13.387999898000000 52.492980610000103)","Unfall 230289 (2022) Kat:3, Licht: 0","230289","3","2","5","01","08","6","","0","1","1","0","0"
"POINT (13.451941493000000 52.452531673000102)","Unfall 230290 (2022) Kat:2, Licht: 2","230290","2","2","6","01","06","3","","2","0","1","1","0"
"POINT (13.573484386000100 52.394388022000001)","Unfall 230291 (2022) Kat:3, Licht: 2","230291","3","3","5","03","20","7","","2","0","1","0","0"
"POINT (13.345148368000000 52.554433394000100)","Unfall 230292 (2022) Kat:2, Licht: 2","230292","2","2","6","02","21","1","","2","0","1","1","0"
"POINT (13.244063864000100 52.615079089000098)","Unfall 230293 (2022) Kat:3, Licht: 0","230293","3","6","2","01","10","6","","0","0","1","0","0"
"POINT (13.423289387000100 52.585796405000103)","Unfall 230294 (2022) Kat:3, Licht: 2","230294","3","6","2","03","20","4","","2","0","1","0","0"
"POINT (13.365709991000100 52.557131814999998)","Unfall 230295 (2022) Kat:3, Licht: 0","230295","3","6","2","02","12","4","","0","0","1","0","0"
"POINT (13.331830185999999 52.595084313000001)","Unfall 230296 (2022) Kat:3, Licht: 0","230296","3","2","0","02","16","2","","0","0","1","0","0"
"POINT (13.437461915000000 52.479067880000102)","Unfall 230297 (2022) Kat:3, Licht: 2","230297","3","3","5","02","20","4","","2","0","1","0","0"
"POINT (13.294041231000101 52.491378286000000)","Unfall 230298 (2022) Kat:3, Licht: 0","230298","3","6","3","01","14","7","","0","1","1","0","0"
"POINT (13.382094569000101 52.513949080000003)","Unfall 230299 (2022) Kat:3, Licht: 1","230299","3","2","5","02","16","5","","1","0","1","0","1"
"POINT (13.545648418000001 52.412272895999998)","Unfall 230300 (2022) Kat:3, Licht: 0","230300","3","3","5","01","14","2","","0","0","1","0","0"
"POINT (13.358742263000099 52.543848168000103)","Unfall 230301 (2022) Kat:3, Licht: 0","230301","3","2","1","01","10","4","","0","1","1","0","0"
"POINT (13.486131582000001 52.433382981000101)","Unfall 230302 (2022) Kat:3, Licht: 1","230302","3","3","5","01","08","3","","1","0","1","0","0"
"POINT (13.434662215000101 52.440642485000097)","Unfall 230303 (2022) Kat:3, Licht: 2","230303","3","6","2","02","18","7","","2","0","1","0","0"
"POINT (13.351356681000000 52.494766671000001)","Unfall 230304 (2022) Kat:3, Licht: 2","230304","3","5","5","03","01","7","","2","0","1","0","0"
"POINT (13.287108569000100 52.417778003000102)","Unfall 230305 (2022) Kat:2, Licht: 0","230305","2","2","6","02","11","6","","0","0","1","1","0"
"POINT (13.387537188000101 52.527239066000000)","Unfall 230306 (2022) Kat:3, Licht: 2","230306","3","6","2","03","22","2","","2","0","1","0","0"
"POINT (13.285672845000001 52.583761260000102)","Unfall 230307 (2022) Kat:3, Licht: 0","230307","3","7","5","02","15","2","","0","0","1","0","0"
"POINT (13.524720028000001 52.495347552000098)","Unfall 230308 (2022) Kat:3, Licht: 1","230308","3","2","5","02","17","1","","1","1","1","0","0"
"POINT (13.552271209000001 52.430184334000003)","Unfall 230309 (2022) Kat:2, Licht: 2","230309","2","6","2","02","05","2","","2","0","1","0","0"
"POINT (13.306491272000100 52.490540170000003)","Unfall 230310 (2022) Kat:3, Licht: 0","230310","3","3","5","01","09","6","","0","0","1","0","0"
"POINT (13.327893294000001 52.449233024000101)","Unfall 230311 (2022) Kat:2, Licht: 2","230311","2","7","0","01","19","3","","2","1","0","0","0"
"POINT (13.183961855000099 52.518093754000098)","Unfall 230312 (2022) Kat:3, Licht: 0","230312","3","3","5","02","13","3","","0","0","1","0","0"
"POINT (13.311374652000000 52.479694836000100)","Unfall 230313 (2022) Kat:3, Licht: 1","230313","3","6","6","01","16","7","","1","1","0","1","0"
"POINT (13.440136476000101 52.489556286000003)","Unfall 230314 (2022) Kat:3, Licht: 0","230314","3","3","5","02","11","6","","0","1","1","0","0"
"POINT (13.423347438000100 52.500159089000100)","Unfall 230315 (2022) Kat:3, Licht: 2","230315","3","6","2","03","19","3","","2","0","1","0","0"
"POINT (13.449941568000000 52.445693572000003)","Unfall 230316 (2022) Kat:3, Licht: 1","230316","3","2","5","02","17","5","","1","0","1","0","0"
"POINT (13.530366645000100 52.481577082000101)","Unfall 230317 (2022) Kat:3, Licht: 0","230317","3","4","6","02","07","4","","0","0","0","1","0"
"POINT (13.326400179000100 52.447593303000097)","Unfall 230318 (2022) Kat:3, Licht: 2","230318","3","3","5","02","20","1","","2","0","1","0","0"
"POINT (13.406351567000099 52.393763170000099)","Unfall 230319 (2022) Kat:3, Licht: 2","230319","3","1","8","01","21","5","","2","0","0","0","0"
"POINT (13.289839561000100 52.603656068000099)","Unfall 230320 (2022) Kat:3, Licht: 0","230320","3","5","1","01","13","4","","0","1","1","0","0"
"POINT (13.575813622000100 52.470449881000000)","Unfall 230321 (2022) Kat:3, Licht: 0","230321","3","3","0","02","13","5","","0","1","0","0","0"
"POINT (13.306985593000000 52.555081809999997)","Unfall 230322 (2022) Kat:3, Licht: 0","230322","3","2","5","01","15","7","","0","0","1","0","0"
"POINT (13.398693840000000 52.386412848000099)","Unfall 230323 (2022) Kat:3, Licht: 0","230323","3","2","6","03","07","4","","0","0","1","1","0"
"POINT (13.390188343000000 52.535424142000103)","Unfall 230324 (2022) Kat:3, Licht: 2","230324","3","2","5","02","19","4","","2","1","1","0","0"
"POINT (13.131370350999999 52.549556168999999)","Unfall 230325 (2022) Kat:2, Licht: 0","230325","2","6","4","03","11","3","","0","0","1","0","0"
"POINT (13.287724646000100 52.480867547000102)","Unfall 230326 (2022) Kat:3, Licht: 0","230326","3","2","5","02","08","4","","0","1","1","0","0"
"POINT (13.449510548999999 52.556252984000103)","Unfall 230327 (2022) Kat:3, Licht: 2","230327","3","2","2","02","19","5","","2","0","1","0","0"
"POINT (13.713714291000001 52.432113544000103)","Unfall 230328 (2022) Kat:3, Licht: 2","230328","3","1","0","01","18","7","","2","0","1","0","0"
"POINT (13.341848616000000 52.450581161000102)","Unfall 230329 (2022) Kat:3, Licht: 0","230329","3","7","6","01","14","4","","0","0","1","1","0"
"POINT (13.506978532000099 52.564037655000000)","Unfall 230330 (2022) Kat:3, Licht: 2","230330","3","4","6","01","07","4","","2","0","1","1","1"
"POINT (13.298121344000000 52.524348123000003)","Unfall 230331 (2022) Kat:3, Licht: 0","230331","3","7","5","03","12","6","","0","0","1","0","0"
"POINT (13.529458084000099 52.525611099999999)","Unfall 230332 (2022) Kat:2, Licht: 0","230332","2","4","6","02","08","2","","0","0","1","1","0"
"POINT (13.364755286999999 52.419066057000101)","Unfall 230333 (2022) Kat:3, Licht: 0","230333","3","5","1","01","13","6","","0","0","1","0","0"
"POINT (13.395241483000101 52.494609466999997)","Unfall 230334 (2022) Kat:3, Licht: 0","230334","3","7","5","03","12","3","","0","0","1","0","1"
"POINT (13.302329689000000 52.526999440000097)","Unfall 230335 (2022) Kat:2, Licht: 2","230335","2","5","1","02","20","3","","2","0","1","0","1"
"POINT (13.272380479000001 52.437303139000100)","Unfall 230336 (2022) Kat:3, Licht: 0","230336","3","2","2","02","12","1","","0","0","1","0","1"
"POINT (13.275728065000100 52.450610288000100)","Unfall 230337 (2022) Kat:1, Licht: 0","230337","1","3","5","02","10","4","","0","1","0","0","0"
"POINT (13.488919792000001 52.467105324999999)","Unfall 230338 (2022) Kat:3, Licht: 0","230338","3","3","3","01","12","2","","0","1","0","0","0"
"POINT (13.413631147000000 52.547641876000100)","Unfall 230339 (2022) Kat:3, Licht: 0","230339","3","2","5","01","13","6","","0","1","0","0","0"
"POINT (13.346013393000000 52.500100645000003)","Unfall 230340 (2022) Kat:3, Licht: 0","230340","3","7","0","02","13","4","","0","1","0","0","0"
"POINT (13.149998852000101 52.554037725999997)","Unfall 230341 (2022) Kat:3, Licht: 0","230341","3","6","2","01","16","2","","0","0","1","0","0"
"POINT (13.491531516000100 52.523046907000001)","Unfall 230342 (2022) Kat:3, Licht: 0","230342","3","6","2","01","10","2","","0","0","1","0","0"
"POINT (13.314243780000000 52.519454983000102)","Unfall 230343 (2022) Kat:3, Licht: 2","230343","3","5","1","02","21","1","","2","0","1","0","0"
"POINT (13.338181319000100 52.444013545000097)","Unfall 230344 (2022) Kat:3, Licht: 0","230344","3","2","5","03","09","5","","0","1","1","0","0"
"POINT (13.373460350000100 52.531041864000002)","Unfall 230345 (2022) Kat:3, Licht: 1","230345","3","5","1","02","16","6","","1","1","1","0","0"
"POINT (13.452535415000099 52.539131731000097)","Unfall 230346 (2022) Kat:3, Licht: 0","230346","3","6","2","02","11","2","","0","0","1","0","0"
"POINT (13.332634672999999 52.527063228000003)","Unfall 230347 (2022) Kat:3, Licht: 0","230347","3","5","3","03","11","7","","0","1","1","0","0"
"POINT (13.416952550000101 52.523961357000097)","Unfall 230348 (2022) Kat:3, Licht: 0","230348","3","1","0","02","09","1","","0","1","0","0","0"
"POINT (13.591908835000000 52.544955566000098)","Unfall 230349 (2022) Kat:2, Licht: 2","230349","2","4","6","01","18","6","","2","0","1","1","0"
"POINT (13.403150745000101 52.498585538000000)","Unfall 230350 (2022) Kat:3, Licht: 0","230350","3","3","5","03","12","4","","0","1","1","0","0"
"POINT (13.444316043000100 52.500511457000101)","Unfall 230351 (2022) Kat:3, Licht: 0","230351","3","6","3","02","16","3","","0","1","0","0","0"
"POINT (13.343435936000001 52.526349494999998)","Unfall 230352 (2022) Kat:3, Licht: 0","230352","3","4","6","02","16","2","","0","1","0","1","0"
"POINT (13.603138260000000 52.484415661000099)","Unfall 230353 (2022) Kat:3, Licht: 0","230353","3","3","5","02","07","4","","0","1","1","0","0"
"POINT (13.331672125000100 52.532772702000003)","Unfall 230354 (2022) Kat:3, Licht: 0","230354","3","5","1","01","13","1","","0","0","1","0","1"
"POINT (13.366054302000100 52.495349888000099)","Unfall 230355 (2022) Kat:3, Licht: 0","230355","3","1","0","01","13","7","","0","0","0","0","1"
"POINT (13.149448191999999 52.554500000000097)","Unfall 230356 (2022) Kat:2, Licht: 2","230356","2","4","6","02","20","5","","2","0","0","1","0"
"POINT (13.293544979000000 52.494814949999999)","Unfall 230357 (2022) Kat:3, Licht: 0","230357","3","7","2","01","12","3","","0","0","1","0","0"
"POINT (13.456545308999999 52.556567934999997)","Unfall 230358 (2022) Kat:3, Licht: 2","230358","3","2","6","01","17","2","","2","0","1","1","0"
"POINT (13.428696867999999 52.518932263000103)","Unfall 230359 (2022) Kat:3, Licht: 0","230359","3","3","5","02","16","1","","0","1","1","0","0"
"POINT (13.328278047000000 52.478711320000102)","Unfall 230360 (2022) Kat:3, Licht: 0","230360","3","2","5","03","09","4","","0","0","1","0","0"
"POINT (13.303732208000000 52.525506065999998)","Unfall 230361 (2022) Kat:3, Licht: 2","230361","3","2","6","02","18","1","","2","0","1","1","0"
"POINT (13.267548501000000 52.407816664000102)","Unfall 230362 (2022) Kat:3, Licht: 0","230362","3","2","5","02","08","2","","0","1","1","0","0"
"POINT (13.317259380000101 52.601195179999998)","Unfall 230363 (2022) Kat:3, Licht: 0","230363","3","4","6","02","15","2","","0","0","1","1","0"
"POINT (13.611453658000100 52.478056980000098)","Unfall 230364 (2022) Kat:3, Licht: 0","230364","3","3","5","02","12","3","","0","0","1","0","0"
"POINT (13.483982232000100 52.528680995999999)","Unfall 230365 (2022) Kat:3, Licht: 2","230365","3","7","6","01","19","6","","2","0","1","1","0"
"POINT (13.581866438000100 52.413308637999997)","Unfall 230366 (2022) Kat:3, Licht: 1","230366","3","6","6","01","16","4","","1","0","1","1","0"
"POINT (13.558320397999999 52.455540520000099)","Unfall 230367 (2022) Kat:3, Licht: 2","230367","3","6","2","01","18","2","","2","0","1","0","0"
"POINT (13.357782244000100 52.554612688000098)","Unfall 230368 (2022) Kat:2, Licht: 2","230368","2","4","6","01","03","7","","2","0","1","1","0"
"POINT (13.414051214000001 52.507893768000002)","Unfall 230369 (2022) Kat:3, Licht: 0","230369","3","2","5","03","08","5","","0","1","0","0","0"
"POINT (13.448133893000000 52.477919694000001)","Unfall 230370 (2022) Kat:3, Licht: 0","230370","3","7","6","02","16","6","","0","0","0","1","0"
"POINT (13.321796464000000 52.607428490000103)","Unfall 230371 (2022) Kat:3, Licht: 1","230371","3","2","5","03","16","3","","1","0","1","0","0"
"POINT (13.380809724000100 52.516364410999998)","Unfall 230372 (2022) Kat:1, Licht: 0","230372","1","7","5","02","09","5","","0","1","1","0","0"