WKT,Name,OBJECTID,UKATEGORIE,UTYP1,UART,UMONAT,USTUNDE,UWOCHENTAG,STRZUSTAND,ULICHTVERH,ISTRAD,ISTPKW,ISTFUSS,ISTKRAD
"POINT (13.216404719000000 52.560571918999997)","Unfall 230373 (2022) Kat:3, Licht: 0","230373","3","3","5","02","13","3","","0","0","1","0","0"
"POINT (13.182178097000101 52.534096427000101)","Unfall 230374 (2022) Kat:3, Licht: 0","230374","3","7","0","02","16","7","","0","0","0","0","0"
"POINT (13.499655642000100 52.547840011000098)","Unfall 230375 (2022) Kat:3, Licht: 0","230375","3","2","5","01","11","5","","0","1","1","0","0"
"POINT (13.495264201000101 52.431671086999998)","Unfall 230376 (2022) Kat:2, Licht: 0","230376","2","2","5","02","12","5","","0","0","1","0","0"
"POINT (13.327868394000101 52.473438816000098)","Unfall 230377 (2022) Kat:3, Licht: 0","230377","3","5","0","01","09","7","","0","1","1","0","0"
"POINT (13.395652242000001 52.528982320000097)","Unfall 230378 (2022) Kat:3, Licht: 0","230378","3","6","0","03","10","4","","0","0","1","0","1"
"POINT (13.591743774000101 52.536901501000003)","Unfall 230379 (2022) Kat:3, Licht: 0","230379","3","1","0","02","15","5","","0","0","0","0","0"
"POINT (13.402081116000000 52.483475077000001)","Unfall 230380 (2022) Kat:2, Licht: 1","230380","2","6","3","02","19","2","","1","1","0","0","0"
"POINT (13.325742238000000 52.505754009000000)","Unfall 230381 (2022) Kat:3, Licht: 2","230381","3","2","6","02","18","4","","2","0","1","1","0"
"POINT (13.439609361000100 52.568000484999999)","Unfall 230382 (2022) Kat:3, Licht: 0","230382","3","2","2","02","12","6","","0","0","1","0","1"
"POINT (13.379553304000099 52.493290065000103)","Unfall 230383 (2022) Kat:3, Licht: 2","230383","3","5","1","01","21","1","","2","0","1","0","0"
"POINT (13.613186442000000 52.477686972000100)","Unfall 230384 (2022) Kat:3, Licht: 0","230384","3","3","5","01","11","3","","0","0","1","0","0"
"POINT (13.319326338000099 52.463337986000099)","Unfall 230385 (2022) Kat:3, Licht: 0","230385","3","6","2","01","15","4","","0","0","1","0","0"
"POINT (13.395111727000000 52.534290540000001)","Unfall 230386 (2022) Kat:3, Licht: 0","230386","3","7","0","03","09","6","","0","1","0","0","0"
"POINT (13.514447404000100 52.468913620000102)","Unfall 230387 (2022) Kat:3, Licht: 2","230387","3","2","6","02","18","1","","2","0","1","1","0"
"POINT (13.406861637000100 52.393771458000103)","Unfall 230388 (2022) Kat:3, Licht: 0","230388","3","2","5","01","09","6","","0","1","1","0","0"
"POINT (13.278501968000100 52.526312571000098)","Unfall 230389 (2022) Kat:3, Licht: 2","230389","3","1","8","03","20","2","","2","0","1","0","0"
"POINT (13.321864537000099 52.560832584000103)","Unfall 230390 (2022) Kat:3, Licht: 0","230390","3","2","2","02","16","3","","0","0","1","0","0"
"POINT (13.401576309000101 52.414088773000103)","Unfall 230391 (2022) Kat:3, Licht: 2","230391","3","6","2","02","20","1","","2","0","1","0","0"
"POINT (13.294779383000000 52.576528207000102)","Unfall 230392 (2022) Kat:3, Licht: 2","230392","3","2","6","02","20","3","","2","0","1","1","0"
"POINT (13.399532343000001 52.498307714000099)","Unfall 230393 (2022) Kat:2, Licht: 2","230393","2","2","5","01","02","6","","2","0","1","0","0"
"POINT (13.300466852000101 52.501948831000000)","Unfall 230394 (2022) Kat:3, Licht: 2","230394","3","3","0","01","20","4","","2","0","1","0","1"
"POINT (13.344972631000100 52.486035302000097)","Unfall 230395 (2022) Kat:3, Licht: 0","230395","3","4","6","02","11","4","","0","0","1","1","0"
"POINT (13.479492937000000 52.526874004000000)","Unfall 230396 (2022) Kat:3, Licht: 0","230396","3","4","6","01","13","2","","0","0","1","1","0"
"POINT (13.296963127000000 52.577455083000103)","Unfall 230397 (2022) Kat:3, Licht: 2","230397","3","7","5","01","06","3","","2","0","1","0","0"
"POINT (13.318660642000101 52.454387140999998)","Unfall 230398 (2022) Kat:3, Licht: 0","230398","3","6","0","02","11","2","","0","0","1","0","0"
"POINT (13.434920468000000 52.481216679000099)","Unfall 230399 (2022) Kat:3, Licht: 1","230399","3","4","6","03","06","5","","1","0","0","1","0"
"POINT (13.382239001000100 52.489899719999997)","Unfall 230400 (2022) Kat:3, Licht: 2","230400","3","2","5","02","21","6","","2","1","1","0","0"
"POINT (13.321904569000001 52.560548484000002)","Unfall 230401 (2022) Kat:3, Licht: 0","230401","3","2","5","02","16","2","","0","0","1","0","0"
"POINT (13.416350724999999 52.498745177000004)","Unfall 230402 (2022) Kat:3, Licht: 2","230402","3","4","6","02","19","7","","2","0","1","1","0"
"POINT (13.423609128000100 52.555095545000000)","Unfall 230403 (2022) Kat:3, Licht: 2","230403","3","4","6","01","07","4","","2","0","1","1","0"
"POINT (13.340106045000001 52.588090018000102)","Unfall 230404 (2022) Kat:3, Licht: 0","230404","3","2","3","02","12","4","","0","0","1","0","0"
"POINT (13.260734986999999 52.516136414000101)","Unfall 230405 (2022) Kat:3, Licht: 0","230405","3","2","3","02","10","3","","0","0","1","0","0"
"POINT (13.421844880000000 52.465228965999998)","Unfall 230406 (2022) Kat:3, Licht: 0","230406","3","6","2","01","16","6","","0","0","1","0","0"
"POINT (13.348046548000100 52.500585121000000)","Unfall 230407 (2022) Kat:3, Licht: 0","230407","3","7","0","02","09","6","","0","1","0","0","0"
"POINT (13.532517870000000 52.428762431000102)","Unfall 230408 (2022) Kat:3, Licht: 2","230408","3","3","5","03","19","3","","2","0","1","0","0"
"POINT (13.401193842000101 52.414606609000003)","Unfall 230409 (2022) Kat:3, Licht: 2","230409","3","2","5","02","20","5","","2","0","1","0","0"
"POINT (13.393060123000099 52.514951838000101)","Unfall 230410 (2022) Kat:3, Licht: 0","230410","3","3","5","02","14","4","","0","0","1","0","0"
"POINT (13.384512515000001 52.484987021000101)","Unfall 230411 (2022) Kat:3, Licht: 2","230411","3","4","6","02","17","6","","2","0","1","1","0"
"POINT (13.289979680000000 52.470180298000102)","Unfall 230412 (2022) Kat:3, Licht: 2","230412","3","1","0","01","17","5","","2","1","0","0","0"
"POINT (13.403013160000100 52.554542916000102)","Unfall 230413 (2022) Kat:3, Licht: 2","230413","3","6","2","01","06","4","","2","0","1","0","0"
"POINT (13.447965965000000 52.590955963000098)","Unfall 230414 (2022) Kat:2, Licht: 0","230414","2","7","2","03","14","7","","0","1","1","0","0"
"POINT (13.299284954000001 52.433321460000101)","Unfall 230415 (2022) Kat:2, Licht: 0","230415","2","3","5","02","16","2","","0","1","1","0","0"
"POINT (13.188735290000100 52.546619765000102)","Unfall 230416 (2022) Kat:3, Licht: 0","230416","3","3","5","02","14","3","","0","0","1","0","0"
"POINT (13.433935403000000 52.491594583999998)","Unfall 230417 (2022) Kat:2, Licht: 2","230417","2","3","5","01","20","6","","2","1","0","0","1"
"POINT (13.295221072000100 52.420134613000101)","Unfall 230418 (2022) Kat:3, Licht: 1","230418","3","5","5","01","16","4","","1","0","1","0","0"
"POINT (13.298271185000001 52.578175520000102)","Unfall 230419 (2022) Kat:2, Licht: 0","230419","2","7","0","02","13","3","","0","1","0","0","0"
"POINT (13.501698133000000 52.534332132000003)","Unfall 230420 (2022) Kat:3, Licht: 0","230420","3","1","2","01","15","6","","0","0","1","0","0"
"POINT (13.542937582000000 52.434221228000098)","Unfall 230421 (2022) Kat:3, Licht: 0","230421","3","5","1","03","15","5","","0","0","1","0","0"
"POINT (13.361563568000101 52.547830941000001)","Unfall 230422 (2022) Kat:3, Licht: 2","230422","3","2","5","02","18","6","","2","1","1","0","0"
"POINT (13.323448274000000 52.515958015000102)","Unfall 230423 (2022) Kat:3, Licht: 2","230423","3","2","6","03","18","3","","2","0","1","1","0"
"POINT (13.443885970000100 52.497767695000100)","Unfall 230424 (2022) Kat:3, Licht: 0","230424","3","2","6","02","15","6","","0","0","1","1","0"
"POINT (13.607090292000100 52.533674115000103)","Unfall 230425 (2022) Kat:3, Licht: 0","230425","3","4","6","02","08","4","","0","0","0","1","0"
"POINT (13.441150735000100 52.467517873000098)","Unfall 230426 (2022) Kat:2, Licht: 0","230426","2","7","5","02","14","2","","0","0","1","0","1"
"POINT (13.580682541000000 52.455487620000000)","Unfall 230427 (2022) Kat:3, Licht: 0","230427","3","4","6","01","07","2","","0","0","1","1","0"
"POINT (13.310320375000099 52.431009996999997)","Unfall 230428 (2022) Kat:3, Licht: 0","230428","3","2","2","01","11","5","","0","0","1","0","0"
"POINT (13.400457160000000 52.541280751999999)","Unfall 230429 (2022) Kat:3, Licht: 2","230429","3","5","1","01","19","5","","2","1","1","0","0"
"POINT (13.323192279000100 52.427422036000102)","Unfall 230430 (2022) Kat:2, Licht: 2","230430","2","7","6","02","18","4","","2","0","0","1","0"
"POINT (13.418846855000000 52.498904917000097)","Unfall 230431 (2022) Kat:3, Licht: 2","230431","3","2","5","01","22","1","","2","0","1","0","1"
"POINT (13.441487629000100 52.490584411000000)","Unfall 230432 (2022) Kat:3, Licht: 0","230432","3","6","2","03","14","3","","0","1","1","0","0"
"POINT (13.360158674999999 52.477487188000097)","Unfall 230433 (2022) Kat:3, Licht: 0","230433","3","7","0","02","09","5","","0","1","0","0","0"
"POINT (13.540066851000100 52.569198922000098)","Unfall 230434 (2022) Kat:3, Licht: 0","230434","3","6","0","02","16","2","","0","1","1","0","0"
"POINT (13.539823321000000 52.540087993000000)","Unfall 230435 (2022) Kat:3, Licht: 0","230435","3","3","5","02","08","5","","0","0","1","0","0"
"POINT (13.309229746000000 52.506436993000101)","Unfall 230436 (2022) Kat:3, Licht: 2","230436","3","3","5","02","22","5","","2","0","1","0","1"
"POINT (13.367215632000100 52.523201333000003)","Unfall 230437 (2022) Kat:3, Licht: 0","230437","3","3","5","01","10","1","","0","0","1","0","0"
"POINT (13.464887973000000 52.425838450000100)","Unfall 230438 (2022) Kat:3, Licht: 2","230438","3","7","6","01","18","4","","2","0","1","1","0"
"POINT (13.429079006000100 52.455379918000098)","Unfall 230439 (2022) Kat:2, Licht: 2","230439","2","4","6","01","18","4","","2","0","1","1","0"
"POINT (13.249787457000000 52.538110230000001)","Unfall 230440 (2022) Kat:3, Licht: 0","230440","3","3","5","03","13","6","","0","0","1","0","0"
"POINT (13.466659078000101 52.471528978999999)","Unfall 230441 (2022) Kat:3, Licht: 0","230441","3","3","5","02","13","1","","0","1","1","0","0"
"POINT (13.377724773000100 52.475195901000099)","Unfall 230442 (2022) Kat:3, Licht: 2","230442","3","6","3","03","20","2","","2","0","1","0","0"
"POINT (13.413772236000099 52.394461286000102)","Unfall 230443 (2022) Kat:2, Licht: 0","230443","2","7","1","02","15","4","","0","0","1","0","0"
"POINT (13.456729892000100 52.509778598000103)","Unfall 230444 (2022) Kat:3, Licht: 0","230444","3","1","0","02","15","1","","0","1","0","0","0"
"POINT (13.576815825000001 52.513234130999997)","Unfall 230445 (2022) Kat:3, Licht: 1","230445","3","7","2","02","06","2","","1","0","1","0","0"
"POINT (13.453148218000001 52.503246149000098)","Unfall 230446 (2022) Kat:2, Licht: 2","230446","2","2","6","01","18","6","","2","0","1","1","0"
"POINT (13.361724254000000 52.547931609000003)","Unfall 230447 (2022) Kat:3, Licht: 2","230447","3","2","6","01","18","4","","2","0","1","1","0"
"POINT (13.427937780000001 52.455920433000102)","Unfall 230448 (2022) Kat:3, Licht: 0","230448","3","7","6","02","13","4","","0","0","0","1","0"
"POINT (13.335327509000001 52.464235845000097)","Unfall 230449 (2022) Kat:3, Licht: 0","230449","3","6","2","01","09","2","","0","1","1","0","0"
"POINT (13.165577479000000 52.526911059000000)","Unfall 230450 (2022) Kat:3, Licht: 2","230450","3","1","8","02","19","6","","2","0","0","0","1"
"POINT (13.503284796999999 52.575775849000102)","Unfall 230451 (2022) Kat:3, Licht: 1","230451","3","2","5","03","18","5","","1","0","1","0","0"
"POINT (13.442302837000099 52.456561093000097)","Unfall 230452 (2022) Kat:3, Licht: 2","230452","3","3","5","02","19","6","","2","1","1","0","0"
"POINT (13.428668922000000 52.588199961000001)","Unfall 230453 (2022) Kat:3, Licht: 0","230453","3","5","1","02","12","3","","0","0","1","0","0"
"POINT (13.371219180000001 52.537091083000099)","Unfall 230454 (2022) Kat:3, Licht: 0","230454","3","2","0","02","13","7","","0","1","1","0","0"
"POINT (13.396849672000000 52.512994517000003)","Unfall 230455 (2022) Kat:3, Licht: 2","230455","3","5","1","01","17","5","","2","1","1","0","0"
"POINT (13.397160675000100 52.528639314000003)","Unfall 230456 (2022) Kat:3, Licht: 0","230456","3","5","1","02","08","5","","0","1","1","0","0"
"POINT (13.340508636999999 52.553168864000000)","Unfall 230457 (2022) Kat:3, Licht: 0","230457","3","3","5","01","07","2","","0","0","1","0","0"
"POINT (13.388706545000000 52.547817506999998)","Unfall 230458 (2022) Kat:3, Licht: 0","230458","3","3","5","01","14","6","","0","1","1","0","0"
"POINT (13.524485190000100 52.478619248000001)","Unfall 230459 (2022) Kat:3, Licht: 0","230459","3","2","5","03","14","5","","0","0","1","1","0"
"POINT (13.193998221000101 52.521008057000103)","Unfall 230460 (2022) Kat:3, Licht: 2","230460","3","2","6","02","20","4","","2","0","1","1","0"
"POINT (13.421330545000000 52.492507761000098)","Unfall 230461 (2022) Kat:3, Licht: 0","230461","3","5","5","03","10","4","","0","0","1","0","0"
"POINT (13.431009851000100 52.520532416000002)","Unfall 230462 (2022) Kat:3, Licht: 0","230462","3","6","2","02","12","5","","0","1","0","0","0"
"POINT (13.348589910999999 52.458732763000100)","Unfall 230463 (2022) Kat:3, Licht: 2","230463","3","1","9","02","01","2","","2","0","1","0","0"
"POINT (13.304223941000000 52.472663956000098)","Unfall 230464 (2022) Kat:3, Licht: 0","230464","3","3","5","02","10","6","","0","0","1","0","0"
"POINT (13.407091693000000 52.513126101000097)","Unfall 230465 (2022) Kat:3, Licht: 0","230465","3","2","5","01","10","5","","0","1","1","0","0"
"POINT (13.300766375000000 52.515456262000001)","Unfall 230466 (2022) Kat:3, Licht: 2","230466","3","2","5","01","18","3","","2","1","1","0","0"
"POINT (13.334043232000100 52.430141392000102)","Unfall 230467 (2022) Kat:3, Licht: 2","230467","3","1","0","03","21","1","","2","0","1","0","0"
"POINT (13.312177671000001 52.483238707000098)","Unfall 230468 (2022) Kat:3, Licht: 2","230468","3","2","6","02","20","2","","2","0","1","1","0"
"POINT (13.378004151000001 52.545106746000002)","Unfall 230469 (2022) Kat:3, Licht: 2","230469","3","5","1","01","22","6","","2","1","1","0","0"
"POINT (13.418216105999999 52.410743320999998)","Unfall 230470 (2022) Kat:3, Licht: 0","230470","3","5","1","03","16","4","","0","0","1","0","0"
"POINT (13.317380264000100 52.510889401999997)","Unfall 230471 (2022) Kat:3, Licht: 0","230471","3","2","5","02","10","4","","0","0","1","0","1"
"POINT (13.397602843000101 52.529015881000099)","Unfall 230472 (2022) Kat:3, Licht: 0","230472","3","4","0","02","13","2","","0","0","0","1","1"
"POINT (13.321302559999999 52.444028162999999)","Unfall 230473 (2022) Kat:3, Licht: 0","230473","3","2","6","01","12","1","","0","0","1","1","0"
"POINT (13.194525262000100 52.533719257000001)","Unfall 230474 (2022) Kat:3, Licht: 2","230474","3","2","0","02","05","5","","2","0","1","0","1"
"POINT (13.230466458000000 52.585490175000103)","Unfall 230475 (2022) Kat:3, Licht: 2","230475","3","5","1","01","19","2","","2","0","1","0","0"
"POINT (13.379540665000000 52.544191021000103)","Unfall 230476 (2022) Kat:3, Licht: 0","230476","3","6","3","01","12","5","","0","0","0","0","1"
"POINT (13.226936423000000 52.439623256000097)","Unfall 230477 (2022) Kat:3, Licht: 2","230477","3","3","5","01","18","3","","2","0","1","0","0"
"POINT (13.194119400000000 52.545807422999999)","Unfall 230478 (2022) Kat:3, Licht: 0","230478","3","3","5","02","12","1","","0","0","1","0","0"
"POINT (13.494575205000000 52.421241076999998)","Unfall 230479 (2022) Kat:3, Licht: 0","230479","3","3","5","03","11","7","","0","1","1","0","0"
"POINT (13.418224144000000 52.517370978000002)","Unfall 230480 (2022) Kat:3, Licht: 0","230480","3","2","5","02","13","6","","0","1","1","0","0"
"POINT (13.417697305000001 52.513766343000000)","Unfall 230481 (2022) Kat:3, Licht: 2","230481","3","1","0","03","22","2","","2","1","0","0","0"
"POINT (13.433892262000001 52.523319276000102)","Unfall 230482 (2022) Kat:3, Licht: 0","230482","3","3","5","02","06","2","","0","1","0","0","0"
"POINT (13.221299082000000 52.528599108999998)","Unfall 230483 (2022) Kat:3, Licht: 0","230483","3","5","1","02","15","7","","0","1","1","0","0"
"POINT (13.290427729999999 52.580987988000103)","Unfall 230484 (2022) Kat:2, Licht: 2","230484","2","7","6","02","17","2","","2","0","1","1","0"
"POINT (13.341015596000000 52.483662973999998)","Unfall 230485 (2022) Kat:3, Licht: 0","230485","3","4","6","01","15","6","","0","1","0","1","0"
"POINT (13.396451342000001 52.440065650000101)","Unfall 230486 (2022) Kat:2, Licht: 0","230486","2","3","5","01","15","4","","0","0","1","0","0"
"POINT (13.351672626999999 52.542808686999997)","Unfall 230487 (2022) Kat:3, Licht: 0","230487","3","7","5","01","11","2","","0","0","1","0","0"
"POINT (13.195869450000000 52.555022104999999)","Unfall 230488 (2022) Kat:3, Licht: 1","230488","3","3","5","03","05","4","","1","1","1","0","0"
"POINT (13.301853887000000 52.580427935000003)","Unfall 230489 (2022) Kat:3, Licht: 0","230489","3","3","5","02","14","5","","0","1","1","0","0"
"POINT (13.386581299000101 52.531433236000098)","Unfall 230490 (2022) Kat:3, Licht: 0","230490","3","6","2","03","10","3","","0","0","1","0","0"
"POINT (13.347569933000001 52.596338177000099)","Unfall 230491 (2022) Kat:3, Licht: 2","230491","3","2","5","01","22","1","","2","1","1","0","0"
"POINT (13.416592102999999 52.502035136000103)","Unfall 230492 (2022) Kat:3, Licht: 1","230492","3","2","5","01","16","3","","1","1","1","0","0"
"POINT (13.500089288000000 52.561569802000101)","Unfall 230493 (2022) Kat:2, Licht: 1","230493","2","3","5","02","17","4","","1","1","1","0","0"
"POINT (13.514560763000100 52.535292976000100)","Unfall 230494 (2022) Kat:3, Licht: 2","230494","3","6","2","01","22","7","","2","0","1","0","0"
"POINT (13.336149726000000 52.430792318000002)","Unfall 230495 (2022) Kat:3, Licht: 0","230495","3","6","2","01","15","3","","0","0","1","0","0"
"POINT (13.502268887000101 52.548945291999999)","Unfall 230496 (2022) Kat:3, Licht: 1","230496","3","6","2","01","08","3","","1","0","1","0","0"
"POINT (13.377572976000099 52.596588709999999)","Unfall 230497 (2022) Kat:3, Licht: 0","230497","3","2","5","03","09","7","","0","1","1","0","0"
"POINT (13.719015356000099 52.431422127000097)","Unfall 230498 (2022) Kat:3, Licht: 0","230498","3","6","2","02","15","6","","0","0","1","0","0"
"POINT (13.396582505000000 52.504655847000002)","Unfall 230499 (2022) Kat:3, Licht: 0","230499","3","7","5","03","17","2","","0","1","1","0","0"
"POINT (13.382943676000000 52.551740420000002)","Unfall 230500 (2022) Kat:3, Licht: 2","230500","3","2","5","02","19","4","","2","1","1","0","0"
"POINT (13.400581517999999 52.510026337000099)","Unfall 230501 (2022) Kat:3, Licht: 0","230501","3","3","5","02","09","1","","0","0","1","0","1"
"POINT (13.436747391000001 52.482592800000099)","Unfall 230502 (2022) Kat:3, Licht: 0","230502","3","5","0","02","14","2","","0","0","1","0","1"
"POINT (13.250331903000101 52.453714560999998)","Unfall 230503 (2022) Kat:3, Licht: 0","230503","3","3","5","01","14","7","","0","0","1","0","0"
"POINT (13.562468508000100 52.499683867999998)","Unfall 230504 (2022) Kat:3, Licht: 2","230504","3","6","2","01","16","4","","2","0","1","0","0"
"POINT (13.526758002000101 52.409490031000097)","Unfall 230505 (2022) Kat:2, Licht: 0","230505","2","6","2","01","11","3","","0","1","1","0","0"
"POINT (13.252132968000099 52.424746192000001)","Unfall 230506 (2022) Kat:3, Licht: 0","230506","3","5","1","02","15","3","","0","0","1","0","1"
"POINT (13.421233684000100 52.509876906000002)","Unfall 230507 (2022) Kat:3, Licht: 0","230507","3","2","5","01","14","3","","0","1","1","0","0"
"POINT (13.337517841000000 52.558635424999999)","Unfall 230508 (2022) Kat:3, Licht: 0","230508","3","3","5","02","10","6","","0","0","1","0","0"
"POINT (13.461561296000101 52.512197030000003)","Unfall 230509 (2022) Kat:3, Licht: 0","230509","3","3","0","03","16","5","","0","1","1","0","0"
"POINT (13.455881389000099 52.473950199000100)","Unfall 230510 (2022) Kat:3, Licht: 2","230510","3","2","0","02","19","5","","2","0","0","1","0"
"POINT (13.395573490000100 52.534407414000000)","Unfall 230511 (2022) Kat:2, Licht: 0","230511","2","1","0","02","08","3","","0","0","0","0","1"
"POINT (13.388821248000101 52.499437046000097)","Unfall 230512 (2022) Kat:3, Licht: 2","230512","3","1","0","02","20","1","","2","0","1","0","0"
"POINT (13.351313388000101 52.440121257999998)","Unfall 230513 (2022) Kat:3, Licht: 0","230513","3","2","6","01","09","5","","0","0","1","1","0"
"POINT (13.296102701000100 52.497107901000000)","Unfall 230514 (2022) Kat:3, Licht: 2","230514","3","7","0","02","18","4","","2","0","1","0","0"
"POINT (13.231361359000100 52.557419918000100)","Unfall 230515 (2022) Kat:3, Licht: 0","230515","3","7","6","01","13","1","","0","0","1","1","0"
"POINT (13.483569630000000 52.515884743000100)","Unfall 230516 (2022) Kat:3, Licht: 0","230516","3","7","1","01","08","7","","0","0","1","0","0"
"POINT (13.548504296000001 52.438057356999998)","Unfall 230517 (2022) Kat:3, Licht: 0","230517","3","7","5","02","11","5","","0","0","1","0","1"
"POINT (13.354953150000000 52.596630192000099)","Unfall 230518 (2022) Kat:3, Licht: 0","230518","3","4","6","03","08","3","","0","0","1","1","0"
"POINT (13.328978649000000 52.471451607000098)","Unfall 230519 (2022) Kat:3, Licht: 0","230519","3","2","5","02","09","4","","0","0","1","0","0"
"POINT (13.381682581000099 52.552355466000101)","Unfall 230520 (2022) Kat:3, Licht: 2","230520","3","2","6","02","18","2","","2","0","1","1","0"
"POINT (13.271504663000000 52.517024652000003)","Unfall 230521 (2022) Kat:3, Licht: 2","230521","3","3","5","02","17","6","","2","0","1","0","0"
"POINT (13.384231238000000 52.555711943000098)","Unfall 230522 (2022) Kat:3, Licht: 2","230522","3","2","5","01","20","2","","2","1","0","0","0"
"POINT (13.203999473000099 52.539888046999998)","Unfall 230523 (2022) Kat:3, Licht: 0","230523","3","4","6","01","08","4","","0","0","1","1","0"
"POINT (13.335511774000100 52.542098781999997)","Unfall 230524 (2022) Kat:3, Licht: 2","230524","3","2","6","01","06","4","","2","0","1","1","0"
"POINT (13.310770893000001 52.524590628000098)","Unfall 230525 (2022) Kat:3, Licht: 0","230525","3","5","1","03","14","6","","0","0","1","0","0"
"POINT (13.433831485000001 52.481821082000103)","Unfall 230526 (2022) Kat:3, Licht: 0","230526","3","4","6","02","10","1","","0","0","1","1","0"
"POINT (13.427858695000101 52.473931895000099)","Unfall 230527 (2022) Kat:3, Licht: 0","230527","3","6","2","01","13","6","","0","0","1","0","0"
"POINT (13.378665263000100 52.544827894999997)","Unfall 230528 (2022) Kat:3, Licht: 0","230528","3","2","5","03","06","4","","0","1","1","0","0"
"POINT (13.379844832000099 52.540185972000103)","Unfall 230529 (2022) Kat:3, Licht: 0","230529","3","3","5","02","09","4","","0","1","0","0","0"
"POINT (13.268305274000101 52.406387311000103)","Unfall 230530 (2022) Kat:3, Licht: 0","230530","3","3","5","02","13","2","","0","0","1","0","0"
"POINT (13.441467827000100 52.531989399000103)","Unfall 230531 (2022) Kat:2, Licht: 1","230531","2","2","5","02","17","4","","1","0","1","0","0"
"POINT (13.606227303000001 52.535065163000098)","Unfall 230532 (2022) Kat:3, Licht: 1","230532","3","1","2","01","16","7","","1","0","1","0","0"
"POINT (13.522373609000100 52.428281769000101)","Unfall 230533 (2022) Kat:3, Licht: 0","230533","3","3","5","02","13","5","","0","1","1","0","0"
"POINT (13.406289593000100 52.554045504000001)","Unfall 230534 (2022) Kat:2, Licht: 1","230534","2","2","5","01","15","3","","1","1","0","0","0"
"POINT (13.478522014000101 52.556356049000001)","Unfall 230535 (2022) Kat:3, Licht: 0","230535","3","5","1","01","12","2","","0","0","1","0","0"
"POINT (13.457129642000000 52.486711155000101)","Unfall 230536 (2022) Kat:2, Licht: 1","230536","2","1","0","02","06","2","","1","1","0","0","0"
"POINT (13.377659903000101 52.556597565000096)","Unfall 230537 (2022) Kat:3, Licht: 0","230537","3","2","3","03","08","4","","0","1","0","0","0"
"POINT (13.454168406000100 52.482492026000003)","Unfall 230538 (2022) Kat:3, Licht: 2","230538","3","5","1","02","06","1","","2","0","1","0","0"
"POINT (13.567948804000000 52.454322232999999)","Unfall 230539 (2022) Kat:3, Licht: 0","230539","3","7","6","03","17","2","","0","1","0","1","0"
"POINT (13.525150677000100 52.459078585999997)","Unfall 230540 (2022) Kat:3, Licht: 0","230540","3","5","1","02","07","2","","0","1","1","0","0"
"POINT (13.502432586000101 52.461248875000102)","Unfall 230541 (2022) Kat:3, Licht: 0","230541","3","3","5","02","08","2","","0","1","1","0","0"
"POINT (13.413092129000100 52.524986146000103)","Unfall 230542 (2022) Kat:3, Licht: 2","230542","3","7","2","02","19","2","","2","0","1","0","0"
"POINT (13.474875167000100 52.584236191999999)","Unfall 230543 (2022) Kat:2, Licht: 2","230543","2","1","0","01","02","6","","2","0","1","0","0"
"POINT (13.427424331999999 52.465899917999998)","Unfall 230544 (2022) Kat:2, Licht: 1","230544","2","4","6","01","07","5","","1","0","1","1","0"
"POINT (13.344328620000100 52.546232795999998)","Unfall 230545 (2022) Kat:3, Licht: 2","230545","3","7","6","02","06","3","","2","0","1","1","0"
"POINT (13.313044539000000 52.422838615000003)","Unfall 230546 (2022) Kat:3, Licht: 2","230546","3","6","2","01","21","6","","2","0","1","0","0"
"POINT (13.360897683000100 52.417068413999999)","Unfall 230547 (2022) Kat:3, Licht: 0","230547","3","6","2","03","14","5","","0","0","1","0","0"
"POINT (13.345276220000100 52.525084134000103)","Unfall 230548 (2022) Kat:3, Licht: 0","230548","3","6","2","02","11","6","","0","0","1","0","1"
"POINT (13.507070876000100 52.426468396000097)","Unfall 230549 (2022) Kat:3, Licht: 0","230549","3","2","2","03","07","4","","0","0","1","0","0"
"POINT (13.457733901999999 52.528827379000099)","Unfall 230550 (2022) Kat:3, Licht: 2","230550","3","2","2","02","22","5","","2","0","1","0","0"
"POINT (13.370822603000001 52.541946856999999)","Unfall 230551 (2022) Kat:3, Licht: 0","230551","3","5","1","02","16","3","","0","1","1","0","0"
"POINT (13.420907705999999 52.565794018000098)","Unfall 230552 (2022) Kat:3, Licht: 1","230552","3","1","9","02","17","7","","1","0","0","0","0"
"POINT (13.591386823000100 52.544231025000002)","Unfall 230553 (2022) Kat:3, Licht: 2","230553","3","1","2","01","00","5","","2","0","1","0","0"
"POINT (13.339625363000000 52.497507042000102)","Unfall 230554 (2022) Kat:3, Licht: 0","230554","3","2","5","01","09","4","","0","1","1","0","0"
"POINT (13.334257937000100 52.505349174000102)","Unfall 230555 (2022) Kat:3, Licht: 2","230555","3","6","4","02","20","5","","2","0","1","0","0"
"POINT (13.340020429999999 52.518724108000100)","Unfall 230556 (2022) Kat:3, Licht: 2","230556","3","2","6","01","19","7","","2","0","1","1","0"
"POINT (13.342484228000000 52.440784334999996)","Unfall 230557 (2022) Kat:3, Licht: 2","230557","3","2","6","03","21","4","","2","0","1","1","0"
"POINT (13.510370473000000 52.569099291999997)","Unfall 230558 (2022) Kat:3, Licht: 0","230558","3","3","5","02","12","4","","0","0","1","0","0"
"POINT (13.246887596000001 52.538104920000102)","Unfall 230559 (2022) Kat:3, Licht: 0","230559","3","6","2","01","11","2","","0","0","1","0","0"