WKT,Name,OBJECTID,UKATEGORIE,UTYP1,UART,UMONAT,USTUNDE,UWOCHENTAG,STRZUSTAND,ULICHTVERH,ISTRAD,ISTPKW,ISTFUSS,ISTKRAD
"POINT (13.524613329999999 52.478311493000000)","Unfall 230560 (2022) Kat:3, Licht: 2","230560","3","6","2","01","19","2","","2","0","1","0","0"
"POINT (13.285839994000099 52.591000004000101)","Unfall 230561 (2022) Kat:3, Licht: 0","230561","3","6","2","01","09","2","","0","0","1","0","0"
"POINT (13.397454773000000 52.498392934999998)","Unfall 230562 (2022) Kat:3, Licht: 0","230562","3","6","2","02","10","6","","0","0","1","0","0"
"POINT (13.441982378000001 52.546321341000102)","Unfall 230563 (2022) Kat:3, Licht: 2","230563","3","1","9","03","18","4","","2","0","0","0","1"
"POINT (13.368256075000000 52.522530790000097)","Unfall 230564 (2022) Kat:3, Licht: 0","230564","3","7","0","02","13","6","","0","0","1","0","0"
"POINT (13.332881789000099 52.595454416999999)","Unfall 230565 (2022) Kat:3, Licht: 0","230565","3","2","2","02","13","3","","0","0","1","0","0"
"POINT (13.376232667000099 52.420579648000100)","Unfall 230566 (2022) Kat:2, Licht: 0","230566","2","6","0","02","14","1","","0","0","0","0","1"
"POINT (13.314512174000100 52.490587335999997)","Unfall 230567 (2022) Kat:3, Licht: 2","230567","3","6","2","01","21","5","","2","0","1","0","0"
"POINT (13.187470241000000 52.514977427000098)","Unfall 230568 (2022) Kat:3, Licht: 2","230568","3","4","6","01","16","5","","2","0","1","1","0"
"POINT (13.452562227000000 52.539196606000097)","Unfall 230569 (2022) Kat:3, Licht: 0","230569","3","3","5","02","08","5","","0","0","1","0","0"
"POINT (13.526043291000100 52.483584217999997)","Unfall 230570 (2022) Kat:3, Licht: 0","230570","3","5","1","01","08","1","","0","0","1","0","0"
"POINT (13.365296624999999 52.493755518999997)","Unfall 230571 (2022) Kat:3, Licht: 0","230571","3","6","3","01","14","6","","0","0","1","0","0"
"POINT (13.195287688000100 52.535483113000097)","Unfall 230572 (2022) Kat:3, Licht: 1","230572","3","2","2","03","17","4","","1","0","1","0","0"
"POINT (13.370165598000000 52.526570280000001)","Unfall 230573 (2022) Kat:2, Licht: 0","230573","2","6","3","02","11","5","","0","0","1","0","0"
"POINT (13.330949945000000 52.533567325000000)","Unfall 230574 (2022) Kat:3, Licht: 0","230574","3","3","5","03","12","4","","0","0","1","0","1"
"POINT (13.312571118999999 52.489991332999999)","Unfall 230575 (2022) Kat:3, Licht: 2","230575","3","7","0","02","21","5","","2","0","0","0","0"
"POINT (13.302082815000100 52.434261605000103)","Unfall 230576 (2022) Kat:3, Licht: 0","230576","3","1","0","02","14","6","","0","0","0","0","1"
"POINT (13.235921885000000 52.621087357000100)","Unfall 230577 (2022) Kat:3, Licht: 0","230577","3","2","5","01","11","2","","0","0","1","0","0"
"POINT (13.526319223000000 52.555975256000103)","Unfall 230578 (2022) Kat:3, Licht: 2","230578","3","1","0","01","18","5","","2","1","0","0","0"
"POINT (13.528714819000101 52.426371625999998)","Unfall 230579 (2022) Kat:3, Licht: 0","230579","3","6","2","01","09","3","","0","0","1","0","0"
"POINT (13.347013452000100 52.596842445000000)","Unfall 230580 (2022) Kat:3, Licht: 0","230580","3","2","5","03","11","7","","0","0","1","0","0"
"POINT (13.399040968000101 52.532645002999999)","Unfall 230581 (2022) Kat:3, Licht: 0","230581","3","3","5","02","06","1","","0","0","1","0","0"
"POINT (13.383581567000000 52.455812414000000)","Unfall 230582 (2022) Kat:3, Licht: 0","230582","3","7","5","01","09","6","","0","0","1","0","0"
"POINT (13.285980792000000 52.494925426000101)","Unfall 230583 (2022) Kat:3, Licht: 0","230583","3","7","0","03","13","3","","0","0","0","0","1"
"POINT (13.466019854000001 52.429021643000098)","Unfall 230584 (2022) Kat:3, Licht: 1","230584","3","3","5","02","16","4","","1","0","1","0","0"
"POINT (13.395769083000101 52.497704564999999)","Unfall 230585 (2022) Kat:3, Licht: 0","230585","3","6","3","03","09","3","","0","0","1","0","1"
"POINT (13.545211906000100 52.425742174000000)","Unfall 230586 (2022) Kat:3, Licht: 0","230586","3","2","5","02","11","4","","0","0","1","0","0"
"POINT (13.376674055000001 52.543288383000103)","Unfall 230587 (2022) Kat:3, Licht: 2","230587","3","1","0","01","18","7","","2","1","0","0","0"
"POINT (13.551859109000100 52.561515842000098)","Unfall 230588 (2022) Kat:3, Licht: 1","230588","3","2","6","01","07","6","","1","0","0","1","0"
"POINT (13.353302746000100 52.496951824000099)","Unfall 230589 (2022) Kat:3, Licht: 0","230589","3","4","6","01","08","3","","0","0","1","1","0"
"POINT (13.308527469000101 52.495260385000101)","Unfall 230590 (2022) Kat:3, Licht: 0","230590","3","3","5","02","15","4","","0","0","1","0","0"
"POINT (13.420885996000001 52.533759627000101)","Unfall 230591 (2022) Kat:3, Licht: 0","230591","3","6","2","01","13","3","","0","0","1","0","0"
"POINT (13.598929904000000 52.528336834000100)","Unfall 230592 (2022) Kat:3, Licht: 0","230592","3","3","5","01","10","2","","0","0","1","0","0"
"POINT (13.525450097000000 52.458948263000103)","Unfall 230593 (2022) Kat:2, Licht: 0","230593","2","6","2","02","09","7","","0","0","1","0","0"
"POINT (13.529085028000100 52.433094779999998)","Unfall 230594 (2022) Kat:3, Licht: 0","230594","3","3","5","03","11","6","","0","0","1","0","0"
"POINT (13.517673826000101 52.467361353999998)","Unfall 230595 (2022) Kat:3, Licht: 0","230595","3","3","5","02","10","7","","0","0","1","0","0"
"POINT (13.499421770000000 52.562447974000101)","Unfall 230596 (2022) Kat:3, Licht: 0","230596","3","4","6","02","14","2","","0","0","1","1","0"
"POINT (13.386280064000101 52.433823902000000)","Unfall 230597 (2022) Kat:3, Licht: 0","230597","3","3","5","02","15","2","","0","1","1","0","0"
"POINT (13.367221211000100 52.522554190000101)","Unfall 230598 (2022) Kat:3, Licht: 2","230598","3","3","5","01","18","6","","2","1","1","0","0"
"POINT (13.307307819000100 52.433380441000097)","Unfall 230599 (2022) Kat:2, Licht: 2","230599","2","2","6","01","06","4","","2","0","1","1","0"
"POINT (13.455717300000099 52.537425283000097)","Unfall 230600 (2022) Kat:3, Licht: 2","230600","3","1","0","02","06","4","","2","0","0","0","1"
"POINT (13.295912189999999 52.502123924999999)","Unfall 230601 (2022) Kat:3, Licht: 2","230601","3","1","2","01","17","6","","2","0","1","0","0"
"POINT (13.345081750000100 52.557807963000101)","Unfall 230602 (2022) Kat:2, Licht: 0","230602","2","3","5","03","14","5","","0","0","1","0","0"
"POINT (13.375142668000001 52.455445975000004)","Unfall 230603 (2022) Kat:3, Licht: 0","230603","3","2","5","02","10","6","","0","0","1","0","0"
"POINT (13.399532343000001 52.498307714000099)","Unfall 230604 (2022) Kat:3, Licht: 2","230604","3","2","5","03","20","3","","2","0","1","0","0"
"POINT (13.274767260999999 52.460494887000003)","Unfall 230605 (2022) Kat:3, Licht: 0","230605","3","2","5","02","09","7","","0","0","1","0","1"
"POINT (13.296236151000100 52.498050657000100)","Unfall 230606 (2022) Kat:3, Licht: 0","230606","3","2","5","02","15","4","","0","0","1","0","0"
"POINT (13.350003072000000 52.513797441000101)","Unfall 230607 (2022) Kat:3, Licht: 0","230607","3","2","2","02","12","1","","0","0","1","0","0"
"POINT (13.315622940000001 52.486592406000099)","Unfall 230608 (2022) Kat:3, Licht: 2","230608","3","3","5","01","19","5","","2","0","1","0","0"
"POINT (13.345169620000000 52.488300860999999)","Unfall 230609 (2022) Kat:3, Licht: 0","230609","3","6","2","02","10","5","","0","0","1","0","0"
"POINT (13.280468201000099 52.518336659000099)","Unfall 230610 (2022) Kat:3, Licht: 0","230610","3","2","5","01","15","1","","0","0","1","0","0"
"POINT (13.594997733000101 52.487300253000100)","Unfall 230611 (2022) Kat:3, Licht: 0","230611","3","3","5","03","06","4","","0","0","1","0","0"
"POINT (13.412667291000000 52.557564384000003)","Unfall 230612 (2022) Kat:3, Licht: 1","230612","3","3","5","02","16","5","","1","1","1","0","0"
"POINT (13.388149170000100 52.420803394000103)","Unfall 230613 (2022) Kat:3, Licht: 2","230613","3","7","1","02","19","2","","2","0","1","0","0"
"POINT (13.344616565000001 52.463701614999998)","Unfall 230614 (2022) Kat:3, Licht: 0","230614","3","5","1","02","12","4","","0","0","1","0","0"
"POINT (13.371419009000000 52.511159550999999)","Unfall 230615 (2022) Kat:3, Licht: 2","230615","3","2","6","01","19","3","","2","0","1","1","0"
"POINT (13.264720947000100 52.419448465000102)","Unfall 230616 (2022) Kat:3, Licht: 0","230616","3","7","0","02","09","7","","0","0","1","0","0"
"POINT (13.585183796000001 52.427586107000103)","Unfall 230617 (2022) Kat:3, Licht: 0","230617","3","4","6","01","08","5","","0","0","1","1","0"
"POINT (13.397801728999999 52.495290629000102)","Unfall 230618 (2022) Kat:3, Licht: 0","230618","3","2","2","01","08","4","","0","1","1","0","0"
"POINT (13.178671059000100 52.525004363999997)","Unfall 230619 (2022) Kat:3, Licht: 0","230619","3","3","5","03","13","7","","0","0","1","0","1"
"POINT (13.461519312000100 52.483661413999997)","Unfall 230620 (2022) Kat:3, Licht: 0","230620","3","2","5","02","16","6","","0","1","1","0","0"
"POINT (13.338242510000001 52.451903109000099)","Unfall 230621 (2022) Kat:3, Licht: 0","230621","3","2","5","03","15","2","","0","0","1","0","1"
"POINT (13.535811838000001 52.430410585000097)","Unfall 230622 (2022) Kat:3, Licht: 0","230622","3","3","5","02","15","4","","0","0","1","0","0"
"POINT (13.215571757000101 52.526803835000102)","Unfall 230623 (2022) Kat:3, Licht: 0","230623","3","6","2","02","09","7","","0","0","1","0","0"
"POINT (13.364292934000000 52.526859101000099)","Unfall 230624 (2022) Kat:3, Licht: 2","230624","3","4","6","02","20","3","","2","0","1","1","0"
"POINT (13.343772279000101 52.496351559000097)","Unfall 230625 (2022) Kat:3, Licht: 2","230625","3","7","5","01","23","6","","2","1","1","0","0"
"POINT (13.123105663000000 52.471601237000101)","Unfall 230626 (2022) Kat:3, Licht: 2","230626","3","3","5","01","19","4","","2","0","1","0","0"
"POINT (13.386059807000001 52.515434124000102)","Unfall 230627 (2022) Kat:2, Licht: 2","230627","2","1","0","02","20","2","","2","0","0","0","0"
"POINT (13.361717272000000 52.476608953000003)","Unfall 230628 (2022) Kat:3, Licht: 2","230628","3","7","5","02","18","4","","2","1","1","0","0"
"POINT (13.325671411000000 52.448055420999999)","Unfall 230629 (2022) Kat:3, Licht: 2","230629","3","6","1","02","18","5","","2","1","1","0","0"
"POINT (13.413236795000000 52.547676205000101)","Unfall 230630 (2022) Kat:3, Licht: 0","230630","3","3","5","01","12","2","","0","0","1","0","0"
"POINT (13.574573250000100 52.533884376000103)","Unfall 230631 (2022) Kat:3, Licht: 0","230631","3","7","6","01","11","3","","0","0","0","1","0"
"POINT (13.403583130000101 52.393910357999999)","Unfall 230632 (2022) Kat:3, Licht: 0","230632","3","1","1","01","15","4","","0","0","1","0","0"
"POINT (13.576655109000100 52.455140019000098)","Unfall 230633 (2022) Kat:3, Licht: 0","230633","3","7","6","03","12","6","","0","0","1","0","0"
"POINT (13.319463032000000 52.426383246000100)","Unfall 230634 (2022) Kat:2, Licht: 0","230634","2","3","0","02","11","2","","0","0","1","0","0"
"POINT (13.376848507000000 52.489427919999997)","Unfall 230635 (2022) Kat:3, Licht: 2","230635","3","2","6","01","17","5","","2","0","1","1","0"
"POINT (13.177848986000100 52.516893492000101)","Unfall 230636 (2022) Kat:3, Licht: 0","230636","3","2","5","03","16","3","","0","1","1","0","0"
"POINT (13.422223114000101 52.492959228000103)","Unfall 230637 (2022) Kat:3, Licht: 0","230637","3","2","5","02","11","3","","0","1","0","0","0"
"POINT (13.367131759000101 52.493331270000098)","Unfall 230638 (2022) Kat:3, Licht: 0","230638","3","2","5","02","13","7","","0","0","1","0","0"
"POINT (13.406763406000000 52.393768004999998)","Unfall 230639 (2022) Kat:3, Licht: 0","230639","3","3","5","02","08","4","","0","0","1","0","0"
"POINT (13.316683658000001 52.501098671000101)","Unfall 230640 (2022) Kat:3, Licht: 0","230640","3","3","5","01","13","7","","0","0","0","0","0"
"POINT (13.333589798000000 52.465306858000098)","Unfall 230641 (2022) Kat:3, Licht: 0","230641","3","4","6","01","14","6","","0","1","0","1","0"
"POINT (13.574217361000001 52.454178181000003)","Unfall 230642 (2022) Kat:3, Licht: 2","230642","3","2","6","02","18","5","","2","0","1","1","0"
"POINT (13.453407024000100 52.593304033999999)","Unfall 230643 (2022) Kat:3, Licht: 0","230643","3","2","5","01","13","3","","0","1","1","0","0"
"POINT (13.304224847000100 52.472671494000103)","Unfall 230644 (2022) Kat:3, Licht: 0","230644","3","3","5","01","13","2","","0","0","1","0","0"
"POINT (13.542812211000101 52.457627543999997)","Unfall 230645 (2022) Kat:3, Licht: 0","230645","3","7","5","02","13","1","","0","0","1","0","0"
"POINT (13.357717766000100 52.434012149000097)","Unfall 230646 (2022) Kat:2, Licht: 1","230646","2","7","5","03","17","4","","1","0","1","0","1"
"POINT (13.232564804000001 52.437793542000101)","Unfall 230647 (2022) Kat:3, Licht: 2","230647","3","7","8","02","00","6","","2","0","0","0","0"
"POINT (13.368367103000001 52.574188161000102)","Unfall 230648 (2022) Kat:3, Licht: 0","230648","3","6","2","02","14","2","","0","0","1","0","0"
"POINT (13.312948351999999 52.499880475000097)","Unfall 230649 (2022) Kat:3, Licht: 2","230649","3","5","1","02","17","2","","2","1","1","0","0"
"POINT (13.426966308000001 52.501498223000098)","Unfall 230650 (2022) Kat:3, Licht: 2","230650","3","5","1","01","17","6","","2","1","1","0","0"
"POINT (13.468137810000000 52.427825759000001)","Unfall 230651 (2022) Kat:3, Licht: 0","230651","3","2","5","01","10","4","","0","1","1","0","0"
"POINT (13.200717434000101 52.538604739999997)","Unfall 230652 (2022) Kat:2, Licht: 2","230652","2","2","5","02","19","3","","2","0","1","0","0"
"POINT (13.526838382999999 52.532143007999998)","Unfall 230653 (2022) Kat:3, Licht: 0","230653","3","1","4","01","10","6","","0","0","1","0","0"
"POINT (13.462662142000100 52.510755234999998)","Unfall 230654 (2022) Kat:3, Licht: 2","230654","3","3","5","02","18","6","","2","1","1","0","0"
"POINT (13.431286154000100 52.512789969000004)","Unfall 230655 (2022) Kat:3, Licht: 0","230655","3","4","6","03","16","3","","0","0","1","1","0"
"POINT (13.395725823000101 52.445259048000104)","Unfall 230656 (2022) Kat:3, Licht: 2","230656","3","5","1","02","03","7","","2","0","1","0","0"
"POINT (13.318911739000001 52.453408504000002)","Unfall 230657 (2022) Kat:3, Licht: 0","230657","3","3","5","02","16","3","","0","1","1","0","0"
"POINT (13.587672666000101 52.521302052000102)","Unfall 230658 (2022) Kat:3, Licht: 0","230658","3","7","6","02","12","7","","0","0","0","1","0"
"POINT (13.586721425000100 52.549430943000097)","Unfall 230659 (2022) Kat:3, Licht: 2","230659","3","6","2","01","19","5","","2","0","1","0","0"
"POINT (13.394267295000100 52.490951649000102)","Unfall 230660 (2022) Kat:2, Licht: 1","230660","2","4","6","01","16","4","","1","0","1","1","0"
"POINT (13.314537238000099 52.489923958000098)","Unfall 230661 (2022) Kat:3, Licht: 0","230661","3","3","5","02","16","4","","0","1","0","0","0"
"POINT (13.326978934000101 52.498768148000103)","Unfall 230662 (2022) Kat:3, Licht: 2","230662","3","2","6","01","18","2","","2","0","1","1","0"
"POINT (13.377979491000101 52.472979774000102)","Unfall 230663 (2022) Kat:2, Licht: 0","230663","2","7","2","03","11","4","","0","0","1","0","0"
"POINT (13.205090310999999 52.424513392999998)","Unfall 230664 (2022) Kat:3, Licht: 0","230664","3","3","5","02","15","5","","0","0","1","0","0"
"POINT (13.303918242000099 52.525617973000102)","Unfall 230665 (2022) Kat:3, Licht: 2","230665","3","3","5","02","18","2","","2","0","1","0","0"
"POINT (13.354707827000000 52.429245989000002)","Unfall 230666 (2022) Kat:2, Licht: 0","230666","2","3","5","02","11","4","","0","1","1","0","0"
"POINT (13.305952430000000 52.525135999000000)","Unfall 230667 (2022) Kat:3, Licht: 0","230667","3","6","0","01","09","2","","0","0","0","0","1"
"POINT (13.310147168000100 52.568081156000098)","Unfall 230668 (2022) Kat:3, Licht: 2","230668","3","7","1","01","17","3","","2","0","1","1","0"
"POINT (13.324686047000100 52.496919914999999)","Unfall 230669 (2022) Kat:3, Licht: 2","230669","3","4","0","01","20","3","","2","1","0","1","0"
"POINT (13.475488597000000 52.501349219000097)","Unfall 230670 (2022) Kat:3, Licht: 0","230670","3","6","0","03","16","6","","0","0","1","0","1"
"POINT (13.344280503000000 52.467481579000001)","Unfall 230671 (2022) Kat:3, Licht: 0","230671","3","3","5","02","09","7","","0","0","1","0","0"
"POINT (13.468319576000100 52.427704708000100)","Unfall 230672 (2022) Kat:3, Licht: 0","230672","3","2","5","03","14","2","","0","1","1","0","0"
"POINT (13.425015745000101 52.480636109999999)","Unfall 230673 (2022) Kat:3, Licht: 0","230673","3","2","5","02","15","4","","0","1","1","0","0"
"POINT (13.413649039000100 52.511293249000097)","Unfall 230674 (2022) Kat:3, Licht: 2","230674","3","3","5","01","17","3","","2","1","1","0","0"
"POINT (13.240724560000000 52.543134630000097)","Unfall 230675 (2022) Kat:3, Licht: 0","230675","3","2","5","02","11","1","","0","0","1","0","1"
"POINT (13.439782505000000 52.513911041000000)","Unfall 230676 (2022) Kat:3, Licht: 2","230676","3","2","5","02","21","2","","2","1","1","0","0"
"POINT (13.313191426000101 52.499911797999999)","Unfall 230677 (2022) Kat:3, Licht: 0","230677","3","2","5","01","11","7","","0","1","1","0","0"
"POINT (13.522472835000000 52.428386885000101)","Unfall 230678 (2022) Kat:3, Licht: 0","230678","3","3","5","01","13","4","","0","0","1","0","0"
"POINT (13.339445573000001 52.503148678000102)","Unfall 230679 (2022) Kat:2, Licht: 2","230679","2","2","5","02","05","3","","2","0","1","0","0"
"POINT (13.538656323000099 52.554374797000001)","Unfall 230680 (2022) Kat:3, Licht: 0","230680","3","6","2","01","10","3","","0","0","1","0","0"
"POINT (13.304500357000100 52.517410766000097)","Unfall 230681 (2022) Kat:3, Licht: 0","230681","3","2","5","02","11","6","","0","0","1","0","0"
"POINT (13.540221471000100 52.565260799000001)","Unfall 230682 (2022) Kat:2, Licht: 0","230682","2","3","5","03","15","4","","0","1","1","0","0"
"POINT (13.491733999000100 52.534198830000001)","Unfall 230683 (2022) Kat:3, Licht: 0","230683","3","2","0","02","12","6","","0","0","1","0","0"
"POINT (13.249787256999999 52.553590526000100)","Unfall 230684 (2022) Kat:2, Licht: 0","230684","2","2","5","02","08","3","","0","1","1","0","0"
"POINT (13.497945279000000 52.628259729000000)","Unfall 230685 (2022) Kat:3, Licht: 0","230685","3","3","5","02","09","2","","0","0","1","0","0"
"POINT (13.397163857000100 52.405943734000097)","Unfall 230686 (2022) Kat:3, Licht: 2","230686","3","3","5","01","18","5","","2","0","1","0","0"
"POINT (13.353234210000000 52.441464615000001)","Unfall 230687 (2022) Kat:2, Licht: 0","230687","2","1","0","02","10","5","","0","1","0","0","0"
"POINT (13.390983266999999 52.583713960000097)","Unfall 230688 (2022) Kat:3, Licht: 0","230688","3","3","5","01","13","2","","0","0","1","0","0"
"POINT (13.435194875000001 52.435914184000097)","Unfall 230689 (2022) Kat:3, Licht: 2","230689","3","4","6","01","17","7","","2","0","1","1","0"
"POINT (13.396740126999999 52.537103306000098)","Unfall 230690 (2022) Kat:3, Licht: 0","230690","3","3","5","03","10","5","","0","0","1","0","0"
"POINT (13.409724839000001 52.387426871000102)","Unfall 230691 (2022) Kat:3, Licht: 0","230691","3","1","9","02","11","4","","0","0","1","0","0"
"POINT (13.256581428000100 52.429199374000099)","Unfall 230692 (2022) Kat:2, Licht: 2","230692","2","2","6","03","20","3","","2","0","1","1","0"
"POINT (13.417746143000000 52.506606847000100)","Unfall 230693 (2022) Kat:3, Licht: 2","230693","3","1","0","02","20","4","","2","1","0","0","0"
"POINT (13.325355703000101 52.486471171000098)","Unfall 230694 (2022) Kat:3, Licht: 2","230694","3","5","1","02","18","4","","2","0","1","0","1"
"POINT (13.264835533999999 52.536770166000103)","Unfall 230695 (2022) Kat:3, Licht: 2","230695","3","2","5","01","23","2","","2","0","1","0","0"
"POINT (13.506838279000000 52.567432745000097)","Unfall 230696 (2022) Kat:3, Licht: 0","230696","3","4","6","01","14","2","","0","0","0","1","0"
"POINT (13.338390972000100 52.484065344999998)","Unfall 230697 (2022) Kat:2, Licht: 0","230697","2","1","1","01","15","2","","0","0","1","0","0"
"POINT (13.326099061000001 52.538377687000001)","Unfall 230698 (2022) Kat:3, Licht: 2","230698","3","2","5","02","18","7","","2","0","1","0","0"
"POINT (13.443307484000099 52.469904906000103)","Unfall 230699 (2022) Kat:3, Licht: 0","230699","3","4","6","03","15","4","","0","0","1","1","0"
"POINT (13.381549374000000 52.552161947999998)","Unfall 230700 (2022) Kat:3, Licht: 2","230700","3","2","6","02","21","6","","2","0","1","1","0"
"POINT (13.624204271000099 52.494085452000000)","Unfall 230701 (2022) Kat:3, Licht: 0","230701","3","5","1","02","15","3","","0","1","1","0","0"
"POINT (13.386294660000001 52.490076970000104)","Unfall 230702 (2022) Kat:3, Licht: 0","230702","3","2","5","02","07","2","","0","1","0","0","0"
"POINT (13.357184464000101 52.448462151000101)","Unfall 230703 (2022) Kat:3, Licht: 0","230703","3","3","5","01","11","5","","0","0","1","0","0"
"POINT (13.601153717000001 52.479234605000002)","Unfall 230704 (2022) Kat:3, Licht: 0","230704","3","3","5","02","11","5","","0","1","1","0","0"
"POINT (13.346272293000000 52.501073914000102)","Unfall 230705 (2022) Kat:3, Licht: 0","230705","3","3","5","01","07","2","","0","0","1","0","0"
"POINT (13.427703495999999 52.560582284000098)","Unfall 230706 (2022) Kat:2, Licht: 0","230706","2","4","6","01","13","7","","0","1","0","1","0"
"POINT (13.389150592000000 52.514748275000002)","Unfall 230707 (2022) Kat:3, Licht: 2","230707","3","2","2","02","23","5","","2","0","1","0","0"
"POINT (13.308032759000101 52.572783696000002)","Unfall 230708 (2022) Kat:2, Licht: 0","230708","2","7","6","03","12","3","","0","0","1","1","0"
"POINT (13.392771112000000 52.391519670999998)","Unfall 230709 (2022) Kat:3, Licht: 0","230709","3","6","2","02","15","5","","0","0","1","0","1"
"POINT (13.264512943000099 52.433598942000103)","Unfall 230710 (2022) Kat:2, Licht: 0","230710","2","2","5","02","12","3","","0","1","1","0","0"
"POINT (13.606770640000001 52.478532788999999)","Unfall 230711 (2022) Kat:3, Licht: 0","230711","3","5","1","02","12","6","","0","0","1","0","0"
"POINT (13.282760920999999 52.533866173000000)","Unfall 230712 (2022) Kat:3, Licht: 0","230712","3","6","2","01","13","5","","0","0","1","0","0"
"POINT (13.491329769000100 52.466822939000103)","Unfall 230713 (2022) Kat:3, Licht: 0","230713","3","4","6","01","07","4","","0","0","1","1","0"
"POINT (13.386310308000100 52.558761117000103)","Unfall 230714 (2022) Kat:3, Licht: 0","230714","3","2","6","03","09","7","","0","0","1","1","0"
"POINT (13.209472606000100 52.547345180999997)","Unfall 230715 (2022) Kat:3, Licht: 0","230715","3","6","2","02","15","2","","0","0","1","0","0"
"POINT (13.412561400000101 52.532634917000102)","Unfall 230716 (2022) Kat:2, Licht: 2","230716","2","3","0","01","20","2","","2","0","0","0","1"
"POINT (13.351285057000000 52.504383383000103)","Unfall 230717 (2022) Kat:3, Licht: 0","230717","3","2","5","03","14","4","","0","1","1","0","0"
"POINT (13.411243411999999 52.555368747999999)","Unfall 230718 (2022) Kat:3, Licht: 0","230718","3","7","0","02","14","5","","0","1","0","0","0"
"POINT (13.518379815999999 52.496301187000000)","Unfall 230719 (2022) Kat:3, Licht: 0","230719","3","7","6","03","10","3","","0","1","0","1","0"
"POINT (13.591951878000000 52.545827981000102)","Unfall 230720 (2022) Kat:3, Licht: 2","230720","3","2","5","01","19","1","","2","0","1","0","0"
"POINT (13.191781310000099 52.433666388000098)","Unfall 230721 (2022) Kat:2, Licht: 2","230721","2","2","5","02","07","4","","2","1","1","0","0"
"POINT (13.409978023000100 52.416456848000102)","Unfall 230722 (2022) Kat:3, Licht: 0","230722","3","3","5","01","12","5","","0","0","1","0","0"
"POINT (13.389235243000000 52.547140749999997)","Unfall 230723 (2022) Kat:2, Licht: 0","230723","2","7","0","01","08","2","","0","0","1","0","0"
"POINT (13.461038675000101 52.454257634000001)","Unfall 230724 (2022) Kat:3, Licht: 2","230724","3","3","5","03","18","6","","2","0","1","0","0"
"POINT (13.441853904000000 52.543176389000102)","Unfall 230725 (2022) Kat:3, Licht: 2","230725","3","6","4","02","20","6","","2","1","1","0","0"
"POINT (13.354034640000100 52.528374505000002)","Unfall 230726 (2022) Kat:3, Licht: 0","230726","3","2","5","03","10","2","","0","0","1","0","0"
"POINT (13.389558532000001 52.574239644000002)","Unfall 230727 (2022) Kat:2, Licht: 0","230727","2","2","5","02","08","3","","0","1","1","0","0"
"POINT (13.388858181000000 52.499162130999999)","Unfall 230728 (2022) Kat:3, Licht: 1","230728","3","6","2","02","06","1","","1","0","1","0","0"
"POINT (13.400121495000100 52.571235301000101)","Unfall 230729 (2022) Kat:3, Licht: 0","230729","3","7","5","02","14","3","","0","1","1","0","0"
"POINT (13.379323888000000 52.569514775000101)","Unfall 230730 (2022) Kat:3, Licht: 1","230730","3","5","1","01","07","6","","1","1","0","0","0"
"POINT (13.353257209000001 52.433392701999999)","Unfall 230731 (2022) Kat:3, Licht: 2","230731","3","2","6","01","06","4","","2","0","0","1","0"
"POINT (13.298209660000101 52.441592038000103)","Unfall 230732 (2022) Kat:3, Licht: 0","230732","3","6","2","01","14","3","","0","0","1","0","1"
"POINT (13.404661758000000 52.463555929999998)","Unfall 230733 (2022) Kat:3, Licht: 2","230733","3","6","2","02","17","3","","2","0","1","0","0"
"POINT (13.198115235000000 52.521986411000100)","Unfall 230734 (2022) Kat:3, Licht: 2","230734","3","6","2","01","17","2","","2","0","1","0","0"
"POINT (13.386655467000001 52.555835880000103)","Unfall 230735 (2022) Kat:2, Licht: 2","230735","2","6","0","02","19","7","","2","1","0","0","0"
"POINT (13.328659929000001 52.528249673000097)","Unfall 230736 (2022) Kat:3, Licht: 0","230736","3","6","3","03","16","4","","0","0","1","0","0"
"POINT (13.430073415000001 52.551281333000098)","Unfall 230737 (2022) Kat:3, Licht: 1","230737","3","6","3","02","16","5","","1","1","1","0","0"
"POINT (13.346242029000100 52.591487167000103)","Unfall 230738 (2022) Kat:3, Licht: 0","230738","3","3","5","02","12","1","","0","0","1","0","0"
"POINT (13.328718164000099 52.423947597000101)","Unfall 230739 (2022) Kat:3, Licht: 0","230739","3","6","2","01","07","6","","0","0","1","0","0"
"POINT (13.431333519000100 52.481564669000100)","Unfall 230740 (2022) Kat:2, Licht: 2","230740","2","2","6","01","18","5","","2","0","1","1","0"
"POINT (13.450790250000100 52.527206300000003)","Unfall 230741 (2022) Kat:3, Licht: 2","230741","3","2","5","02","17","5","","2","0","1","0","0"
"POINT (13.404616411000100 52.508899895000098)","Unfall 230742 (2022) Kat:3, Licht: 0","230742","3","3","5","01","15","1","","0","1","1","0","0"
"POINT (13.437285213000100 52.503493486000103)","Unfall 230743 (2022) Kat:3, Licht: 0","230743","3","2","5","01","10","6","","0","1","1","0","0"
"POINT (13.342882144000001 52.556690261000000)","Unfall 230744 (2022) Kat:3, Licht: 0","230744","3","4","6","03","08","5","","0","0","1","1","0"
"POINT (13.345486698000100 52.436495768000000)","Unfall 230745 (2022) Kat:3, Licht: 0","230745","3","2","2","02","11","5","","0","0","1","0","0"
"POINT (13.570061852000000 52.405273993000002)","Unfall 230746 (2022) Kat:2, Licht: 0","230746","2","7","6","03","07","4","","0","0","1","1","0"