WKT,Name,OBJECTID,UKATEGORIE,UTYP1,UART,UMONAT,USTUNDE,UWOCHENTAG,STRZUSTAND,ULICHTVERH,ISTRAD,ISTPKW,ISTFUSS,ISTKRAD
"POINT (13.207746470000099 52.556204072000099)","Unfall 230747 (2022) Kat:3, Licht: 0","230747","3","1","0","02","16","5","","0","1","0","0","0"
"POINT (13.375558477000000 52.548539391000098)","Unfall 230748 (2022) Kat:3, Licht: 2","230748","3","5","1","02","19","5","","2","0","1","0","0"
"POINT (13.314034259000000 52.430527662000003)","Unfall 230749 (2022) Kat:3, Licht: 2","230749","3","1","2","01","17","2","","2","0","1","0","0"
"POINT (13.320267404000001 52.476690233000099)","Unfall 230750 (2022) Kat:3, Licht: 0","230750","3","3","5","01","08","5","","0","1","1","0","0"
"POINT (13.295372410000001 52.539612804999997)","Unfall 230751 (2022) Kat:2, Licht: 2","230751","2","2","5","01","18","4","","2","0","1","0","0"
"POINT (13.296347256000001 52.502240425000103)","Unfall 230752 (2022) Kat:3, Licht: 0","230752","3","2","5","03","11","7","","0","1","1","0","0"
"POINT (13.386381279000000 52.549519494000002)","Unfall 230753 (2022) Kat:3, Licht: 2","230753","3","2","6","02","22","1","","2","0","1","1","0"
"POINT (13.376909395000000 52.411282784000001)","Unfall 230754 (2022) Kat:3, Licht: 2","230754","3","2","5","01","17","5","","2","1","1","0","0"
"POINT (13.371300486000100 52.453539544000101)","Unfall 230755 (2022) Kat:3, Licht: 0","230755","3","5","1","03","15","4","","0","1","1","0","0"
"POINT (13.458957328000100 52.550157003000002)","Unfall 230756 (2022) Kat:3, Licht: 2","230756","3","2","6","02","06","3","","2","0","1","1","0"
"POINT (13.434814713000000 52.440368040000102)","Unfall 230757 (2022) Kat:3, Licht: 0","230757","3","2","0","02","09","2","","0","0","1","0","1"
"POINT (13.571069603000099 52.546083824000000)","Unfall 230758 (2022) Kat:3, Licht: 2","230758","3","4","6","02","17","4","","2","0","0","1","0"
"POINT (13.379324560000001 52.507035133999999)","Unfall 230759 (2022) Kat:3, Licht: 0","230759","3","3","5","01","15","2","","0","1","1","0","0"
"POINT (13.342524502000099 52.450498159000098)","Unfall 230760 (2022) Kat:3, Licht: 2","230760","3","6","2","01","19","7","","2","0","1","0","0"
"POINT (13.308153076000099 52.479383910000102)","Unfall 230761 (2022) Kat:3, Licht: 2","230761","3","3","5","02","16","5","","2","0","1","0","0"
"POINT (13.229590121000101 52.436784295999999)","Unfall 230762 (2022) Kat:3, Licht: 2","230762","3","5","1","01","17","2","","2","0","1","0","0"
"POINT (13.471301547000101 52.505108010000100)","Unfall 230763 (2022) Kat:3, Licht: 0","230763","3","6","2","01","10","2","","0","0","1","0","0"
"POINT (13.424890088000000 52.547027921000101)","Unfall 230764 (2022) Kat:2, Licht: 2","230764","2","2","5","02","17","2","","2","1","1","0","0"
"POINT (13.421221878000001 52.509860355000100)","Unfall 230765 (2022) Kat:3, Licht: 2","230765","3","2","6","02","18","2","","2","0","1","1","0"
"POINT (13.285933011999999 52.453359079000101)","Unfall 230766 (2022) Kat:3, Licht: 2","230766","3","3","5","02","17","5","","2","1","1","0","0"
"POINT (13.446900847000100 52.436938402000102)","Unfall 230767 (2022) Kat:3, Licht: 0","230767","3","6","0","01","10","6","","0","0","1","0","0"
"POINT (13.449919371000000 52.503059918000098)","Unfall 230768 (2022) Kat:3, Licht: 2","230768","3","1","0","01","21","4","","2","0","0","0","1"
"POINT (13.432767545000001 52.497111081000099)","Unfall 230769 (2022) Kat:3, Licht: 0","230769","3","5","1","03","11","1","","0","0","1","0","0"
"POINT (13.617722276000100 52.486535418000102)","Unfall 230770 (2022) Kat:3, Licht: 2","230770","3","3","5","02","17","1","","2","0","1","0","0"
"POINT (13.380910020000000 52.516369670000103)","Unfall 230771 (2022) Kat:3, Licht: 2","230771","3","2","5","01","16","6","","2","1","1","0","0"
"POINT (13.582164622000100 52.514197508999999)","Unfall 230772 (2022) Kat:3, Licht: 2","230772","3","2","2","03","23","3","","2","0","1","0","1"
"POINT (13.559061576000000 52.448559903000003)","Unfall 230773 (2022) Kat:3, Licht: 2","230773","3","6","2","02","06","4","","2","0","1","0","0"
"POINT (13.472633804999999 52.425760725000004)","Unfall 230774 (2022) Kat:3, Licht: 0","230774","3","6","2","02","11","2","","0","0","1","0","0"
"POINT (13.324288097000000 52.465860593999999)","Unfall 230775 (2022) Kat:3, Licht: 2","230775","3","3","5","01","19","1","","2","0","1","0","0"
"POINT (13.419783261000100 52.496386753000102)","Unfall 230776 (2022) Kat:3, Licht: 0","230776","3","2","5","02","08","4","","0","1","1","0","0"
"POINT (13.176988969000000 52.525458100999998)","Unfall 230777 (2022) Kat:3, Licht: 2","230777","3","6","2","01","22","1","","2","0","1","0","0"
"POINT (13.552064895000100 52.549299996000101)","Unfall 230778 (2022) Kat:3, Licht: 0","230778","3","1","0","01","09","4","","0","0","0","0","1"
"POINT (13.377142611000099 52.560753025000103)","Unfall 230779 (2022) Kat:3, Licht: 1","230779","3","2","6","01","16","2","","1","0","1","1","0"
"POINT (13.167256563000000 52.550894180000100)","Unfall 230780 (2022) Kat:3, Licht: 0","230780","3","6","3","02","14","1","","0","0","1","0","0"
"POINT (13.472426837000100 52.454378611999999)","Unfall 230781 (2022) Kat:3, Licht: 0","230781","3","2","6","03","10","6","","0","0","1","1","0"
"POINT (13.444746175000001 52.485109244999997)","Unfall 230782 (2022) Kat:3, Licht: 0","230782","3","3","5","02","10","6","","0","0","1","0","0"
"POINT (13.570326860000000 52.555697545000001)","Unfall 230783 (2022) Kat:3, Licht: 0","230783","3","2","5","03","11","2","","0","0","1","0","0"
"POINT (13.463539256000001 52.454366225000101)","Unfall 230784 (2022) Kat:2, Licht: 2","230784","2","1","0","02","22","2","","2","0","0","0","1"
"POINT (13.537155350999999 52.451330464000101)","Unfall 230785 (2022) Kat:3, Licht: 2","230785","3","1","9","02","01","1","","2","0","1","0","0"
"POINT (13.369768615000099 52.553075130000103)","Unfall 230786 (2022) Kat:3, Licht: 0","230786","3","7","5","02","11","2","","0","0","1","0","0"
"POINT (13.143336931000000 52.454674382000100)","Unfall 230787 (2022) Kat:3, Licht: 0","230787","3","2","0","01","14","6","","0","1","1","0","0"
"POINT (13.413431031000099 52.507087850000097)","Unfall 230788 (2022) Kat:3, Licht: 2","230788","3","5","1","01","19","4","","2","1","1","0","0"
"POINT (13.382939158000100 52.527298153000103)","Unfall 230789 (2022) Kat:3, Licht: 2","230789","3","5","1","01","22","3","","2","1","1","0","0"
"POINT (13.353038222000100 52.449269410000099)","Unfall 230790 (2022) Kat:2, Licht: 2","230790","2","2","6","01","18","2","","2","0","1","1","0"
"POINT (13.560095476000100 52.537467707000097)","Unfall 230791 (2022) Kat:2, Licht: 0","230791","2","3","5","01","15","2","","0","0","0","0","0"
"POINT (13.330478193999999 52.587291387999997)","Unfall 230792 (2022) Kat:3, Licht: 2","230792","3","7","1","02","17","7","","2","0","1","0","0"
"POINT (13.546711859000000 52.431464828000102)","Unfall 230793 (2022) Kat:3, Licht: 0","230793","3","2","6","03","17","4","","0","0","1","1","0"
"POINT (13.382330343000000 52.551838085000000)","Unfall 230794 (2022) Kat:3, Licht: 0","230794","3","2","0","02","14","6","","0","0","1","0","0"
"POINT (13.454057079000100 52.488903833000101)","Unfall 230795 (2022) Kat:3, Licht: 2","230795","3","2","5","01","16","3","","2","1","1","0","0"
"POINT (13.232335751999999 52.538379383000098)","Unfall 230796 (2022) Kat:2, Licht: 0","230796","2","2","5","02","07","3","","0","1","1","0","0"
"POINT (13.442236098000000 52.500917223999998)","Unfall 230797 (2022) Kat:3, Licht: 0","230797","3","2","6","02","10","1","","0","0","1","1","0"
"POINT (13.517637897000000 52.563897573000098)","Unfall 230798 (2022) Kat:3, Licht: 2","230798","3","6","2","01","18","5","","2","0","1","0","0"
"POINT (13.365195366000000 52.455843963000099)","Unfall 230799 (2022) Kat:2, Licht: 0","230799","2","1","9","01","14","5","","0","0","1","0","0"
"POINT (13.558110185000000 52.406621690000101)","Unfall 230800 (2022) Kat:3, Licht: 0","230800","3","2","3","02","10","5","","0","0","1","0","0"
"POINT (13.143705895000000 52.546347341999997)","Unfall 230801 (2022) Kat:2, Licht: 2","230801","2","3","5","01","07","7","","2","0","1","0","0"
"POINT (13.247181531000001 52.544229790000003)","Unfall 230802 (2022) Kat:3, Licht: 2","230802","3","1","9","03","00","4","","2","0","1","0","0"
"POINT (13.466798591000000 52.528505277000100)","Unfall 230803 (2022) Kat:3, Licht: 0","230803","3","3","5","02","12","4","","0","1","1","0","0"
"POINT (13.248081216000100 52.538018512000100)","Unfall 230804 (2022) Kat:3, Licht: 0","230804","3","6","2","02","15","2","","0","0","1","0","0"
"POINT (13.510145396000000 52.493691768000097)","Unfall 230805 (2022) Kat:2, Licht: 0","230805","2","4","6","02","12","4","","0","0","1","1","0"
"POINT (13.343706464000000 52.470903044000103)","Unfall 230806 (2022) Kat:3, Licht: 2","230806","3","5","1","02","17","5","","2","0","1","0","0"
"POINT (13.718636017000099 52.430814482000102)","Unfall 230807 (2022) Kat:3, Licht: 0","230807","3","4","6","01","16","2","","0","0","1","1","0"
"POINT (13.391505131000001 52.551334459000003)","Unfall 230808 (2022) Kat:3, Licht: 2","230808","3","6","2","01","18","5","","2","0","1","0","0"
"POINT (13.353304198000000 52.531548452999999)","Unfall 230809 (2022) Kat:3, Licht: 0","230809","3","3","0","01","15","4","","0","0","1","0","1"
"POINT (13.478142257000099 52.506712506000000)","Unfall 230810 (2022) Kat:3, Licht: 0","230810","3","2","2","03","13","6","","0","0","1","0","0"
"POINT (13.351562235000101 52.578163393000096)","Unfall 230811 (2022) Kat:3, Licht: 0","230811","3","3","5","02","14","2","","0","0","1","0","0"
"POINT (13.337826139000100 52.533579369999998)","Unfall 230812 (2022) Kat:2, Licht: 2","230812","2","5","1","01","19","5","","2","1","1","0","0"
"POINT (13.493339539000001 52.514474481000001)","Unfall 230813 (2022) Kat:3, Licht: 0","230813","3","3","5","03","14","2","","0","0","1","0","0"
"POINT (13.323769180999999 52.445347327000000)","Unfall 230814 (2022) Kat:2, Licht: 1","230814","2","4","6","02","08","4","","1","1","0","1","0"
"POINT (13.345961418000099 52.500820926000102)","Unfall 230815 (2022) Kat:3, Licht: 2","230815","3","7","8","02","00","2","","2","0","0","0","0"
"POINT (13.332178091000101 52.506186387000099)","Unfall 230816 (2022) Kat:3, Licht: 0","230816","3","2","5","02","14","4","","0","1","1","0","0"
"POINT (13.567434439000101 52.573325796000098)","Unfall 230817 (2022) Kat:3, Licht: 2","230817","3","3","5","01","17","7","","2","0","1","0","0"
"POINT (13.589096328000000 52.517603878999999)","Unfall 230818 (2022) Kat:3, Licht: 2","230818","3","3","5","01","19","6","","2","0","1","0","0"
"POINT (13.368201007000000 52.524920246000100)","Unfall 230819 (2022) Kat:3, Licht: 2","230819","3","1","9","01","00","2","","2","0","1","0","0"
"POINT (13.315200833000100 52.447066248000098)","Unfall 230820 (2022) Kat:3, Licht: 2","230820","3","2","5","02","01","5","","2","1","1","0","0"
"POINT (13.394548728000100 52.487374821000103)","Unfall 230821 (2022) Kat:3, Licht: 1","230821","3","2","6","01","07","2","","1","0","1","1","0"
"POINT (13.387551006000001 52.526267572000101)","Unfall 230822 (2022) Kat:2, Licht: 2","230822","2","1","0","01","19","3","","2","0","0","0","0"
"POINT (13.403403204000000 52.532207788000100)","Unfall 230823 (2022) Kat:3, Licht: 0","230823","3","5","5","02","12","1","","0","1","1","0","0"
"POINT (13.315266516000101 52.449661784000099)","Unfall 230824 (2022) Kat:2, Licht: 0","230824","2","4","6","03","12","5","","0","0","1","1","0"
"POINT (13.431542113000001 52.472212716000101)","Unfall 230825 (2022) Kat:3, Licht: 0","230825","3","7","6","02","14","6","","0","0","1","1","0"
"POINT (13.517114701000001 52.535469241000001)","Unfall 230826 (2022) Kat:3, Licht: 0","230826","3","2","5","02","14","2","","0","0","1","0","0"
"POINT (13.439186701000001 52.518608211000100)","Unfall 230827 (2022) Kat:3, Licht: 0","230827","3","5","1","02","16","2","","0","1","1","0","0"
"POINT (13.293010320000100 52.506145938000003)","Unfall 230828 (2022) Kat:3, Licht: 0","230828","3","5","1","01","10","6","","0","1","1","0","0"
"POINT (13.440571047000001 52.553502395000102)","Unfall 230829 (2022) Kat:2, Licht: 2","230829","2","7","0","01","18","4","","2","1","0","0","0"
"POINT (13.309635161000100 52.431297803000099)","Unfall 230830 (2022) Kat:3, Licht: 0","230830","3","2","5","02","09","3","","0","0","1","0","0"
"POINT (13.305559595000000 52.418397067000100)","Unfall 230831 (2022) Kat:3, Licht: 0","230831","3","5","5","01","14","6","","0","0","1","0","0"
"POINT (13.259938868000100 52.546121149999998)","Unfall 230832 (2022) Kat:3, Licht: 0","230832","3","2","5","03","08","5","","0","1","1","0","0"
"POINT (13.348049483000100 52.464995184000003)","Unfall 230833 (2022) Kat:2, Licht: 0","230833","2","3","5","02","10","6","","0","0","1","0","0"
"POINT (13.561900358000100 52.436732507999999)","Unfall 230834 (2022) Kat:3, Licht: 0","230834","3","6","3","03","16","3","","0","0","1","0","0"
"POINT (13.296657181000100 52.498137781000104)","Unfall 230835 (2022) Kat:3, Licht: 0","230835","3","6","0","02","13","5","","0","0","0","0","0"
"POINT (13.293889275000000 52.533626249000100)","Unfall 230836 (2022) Kat:3, Licht: 0","230836","3","6","0","03","08","5","","0","0","0","0","0"
"POINT (13.267497275000000 52.408112248000101)","Unfall 230837 (2022) Kat:3, Licht: 0","230837","3","2","5","02","10","6","","0","0","1","0","1"
"POINT (13.270921498000099 52.539552841000003)","Unfall 230838 (2022) Kat:3, Licht: 0","230838","3","3","5","03","17","2","","0","1","0","0","0"
"POINT (13.367399848000000 52.525961232000000)","Unfall 230839 (2022) Kat:3, Licht: 0","230839","3","2","6","02","16","2","","0","0","1","1","0"
"POINT (13.355395843000100 52.519344660000101)","Unfall 230840 (2022) Kat:3, Licht: 2","230840","3","2","5","02","18","7","","2","1","1","0","0"
"POINT (13.187487354000000 52.515004791000102)","Unfall 230841 (2022) Kat:3, Licht: 1","230841","3","7","5","02","17","2","","1","0","1","0","0"
"POINT (13.427064585000000 52.564207523000100)","Unfall 230842 (2022) Kat:3, Licht: 0","230842","3","6","0","01","10","6","","0","0","1","0","0"
"POINT (13.382395620000100 52.401092014000000)","Unfall 230843 (2022) Kat:3, Licht: 0","230843","3","2","0","01","11","6","","0","1","0","0","0"
"POINT (13.286393545000101 52.518791960000001)","Unfall 230844 (2022) Kat:2, Licht: 0","230844","2","1","0","01","07","5","","0","1","0","0","0"
"POINT (13.435327052000000 52.514712034000098)","Unfall 230845 (2022) Kat:3, Licht: 0","230845","3","3","5","02","11","3","","0","1","1","0","0"
"POINT (13.337126118000100 52.608109165000002)","Unfall 230846 (2022) Kat:3, Licht: 0","230846","3","1","0","01","09","6","","0","1","1","0","0"
"POINT (13.406022205000101 52.525033964999999)","Unfall 230847 (2022) Kat:3, Licht: 0","230847","3","6","3","03","07","5","","0","1","1","0","0"
"POINT (13.314689502000000 52.462210816000002)","Unfall 230848 (2022) Kat:3, Licht: 0","230848","3","3","0","02","08","6","","0","1","1","0","0"
"POINT (13.606914641000101 52.533781825000098)","Unfall 230849 (2022) Kat:3, Licht: 2","230849","3","6","2","03","20","3","","2","0","1","0","0"
"POINT (13.361116755000101 52.412511406000100)","Unfall 230850 (2022) Kat:2, Licht: 0","230850","2","3","5","02","16","6","","0","1","1","0","0"
"POINT (13.165369074000100 52.551142958000099)","Unfall 230851 (2022) Kat:2, Licht: 0","230851","2","2","5","01","11","3","","0","0","1","0","0"
"POINT (13.580095771000099 52.548465975000099)","Unfall 230852 (2022) Kat:3, Licht: 0","230852","3","4","6","02","07","3","","0","0","1","1","0"
"POINT (13.145847109000000 52.455384894000098)","Unfall 230853 (2022) Kat:2, Licht: 1","230853","2","3","5","02","17","2","","1","0","1","0","1"
"POINT (13.427918465000101 52.488401711999998)","Unfall 230854 (2022) Kat:3, Licht: 0","230854","3","3","5","01","10","5","","0","1","1","0","0"
"POINT (13.406419136000100 52.502525735000098)","Unfall 230855 (2022) Kat:3, Licht: 0","230855","3","3","5","01","13","5","","0","0","1","0","0"
"POINT (13.381320104000100 52.440913520999999)","Unfall 230856 (2022) Kat:2, Licht: 2","230856","2","6","2","02","23","4","","2","1","1","0","0"
"POINT (13.471572817000000 52.513361743000097)","Unfall 230857 (2022) Kat:3, Licht: 0","230857","3","7","0","01","16","2","","0","0","1","0","0"
"POINT (13.322462142000100 52.499865704999998)","Unfall 230858 (2022) Kat:2, Licht: 0","230858","2","7","1","03","12","4","","0","0","1","0","0"
"POINT (13.620934446000000 52.530890891000098)","Unfall 230859 (2022) Kat:3, Licht: 0","230859","3","2","5","02","09","5","","0","1","0","0","0"
"POINT (13.159583979000001 52.552233231000102)","Unfall 230860 (2022) Kat:2, Licht: 0","230860","2","1","0","03","09","3","","0","0","0","0","1"
"POINT (13.384077659000100 52.457003739000100)","Unfall 230861 (2022) Kat:2, Licht: 0","230861","2","2","0","02","11","4","","0","0","0","1","0"
"POINT (13.405552902000100 52.386663286999998)","Unfall 230862 (2022) Kat:3, Licht: 0","230862","3","7","5","01","08","3","","0","0","1","0","0"
"POINT (13.457063047000100 52.502978143000099)","Unfall 230863 (2022) Kat:2, Licht: 2","230863","2","3","5","02","21","5","","2","1","1","0","0"
"POINT (13.282294060000000 52.421199948999998)","Unfall 230864 (2022) Kat:3, Licht: 0","230864","3","3","5","01","08","2","","0","1","1","0","0"
"POINT (13.289965801999999 52.470191643000099)","Unfall 230865 (2022) Kat:3, Licht: 0","230865","3","3","5","01","10","3","","0","1","1","0","0"
"POINT (13.485272291999999 52.464099965000102)","Unfall 230866 (2022) Kat:3, Licht: 0","230866","3","5","1","01","08","4","","0","0","1","0","0"
"POINT (13.522237510000000 52.481485269000103)","Unfall 230867 (2022) Kat:3, Licht: 0","230867","3","6","3","03","13","6","","0","1","1","0","0"
"POINT (13.343685361000000 52.471059727000103)","Unfall 230868 (2022) Kat:3, Licht: 2","230868","3","2","6","02","19","2","","2","0","1","1","0"
"POINT (13.541228948000001 52.435571960000097)","Unfall 230869 (2022) Kat:3, Licht: 0","230869","3","2","6","01","14","7","","0","0","1","1","0"
"POINT (13.640841609000100 52.421672475000001)","Unfall 230870 (2022) Kat:2, Licht: 0","230870","2","2","5","03","13","3","","0","0","1","0","0"
"POINT (13.606335484000100 52.524716753000099)","Unfall 230871 (2022) Kat:3, Licht: 0","230871","3","3","5","02","10","3","","0","0","1","0","0"
"POINT (13.439090445000000 52.547301570000101)","Unfall 230872 (2022) Kat:3, Licht: 0","230872","3","2","5","02","09","2","","0","0","1","0","0"
"POINT (13.209534341000101 52.538395893000001)","Unfall 230873 (2022) Kat:3, Licht: 0","230873","3","6","3","02","08","4","","0","0","1","0","0"
"POINT (13.503516741000100 52.460680624000098)","Unfall 230874 (2022) Kat:3, Licht: 0","230874","3","2","0","01","12","6","","0","1","1","0","0"
"POINT (13.441511357000000 52.566014041000102)","Unfall 230875 (2022) Kat:2, Licht: 2","230875","2","6","4","01","06","7","","2","0","1","0","0"
"POINT (13.303790468000001 52.499314148000103)","Unfall 230876 (2022) Kat:3, Licht: 0","230876","3","3","5","01","08","3","","0","1","1","0","0"
"POINT (13.136509498000100 52.528553977999998)","Unfall 230877 (2022) Kat:3, Licht: 0","230877","3","3","5","02","11","5","","0","0","1","0","0"
"POINT (13.472358375000100 52.474248685000099)","Unfall 230878 (2022) Kat:3, Licht: 0","230878","3","6","2","01","08","3","","0","0","1","0","0"
"POINT (13.452391508000099 52.512483152000101)","Unfall 230879 (2022) Kat:3, Licht: 2","230879","3","2","6","01","07","2","","2","0","1","1","0"
"POINT (13.582511104000000 52.451703167000097)","Unfall 230880 (2022) Kat:3, Licht: 0","230880","3","3","5","02","12","1","","0","0","1","0","0"
"POINT (13.347292790999999 52.501030194000101)","Unfall 230881 (2022) Kat:3, Licht: 0","230881","3","2","5","03","18","5","","0","1","1","0","0"
"POINT (13.355693277000100 52.444724180000001)","Unfall 230882 (2022) Kat:3, Licht: 0","230882","3","5","1","02","08","6","","0","1","1","0","0"
"POINT (13.378571680000100 52.529256171999997)","Unfall 230883 (2022) Kat:3, Licht: 0","230883","3","3","5","02","09","2","","0","1","1","0","0"
"POINT (13.436873608999999 52.510207450000102)","Unfall 230884 (2022) Kat:3, Licht: 2","230884","3","6","0","02","23","1","","2","0","1","0","0"
"POINT (13.289719852000101 52.633189800000103)","Unfall 230885 (2022) Kat:3, Licht: 2","230885","3","1","0","01","23","5","","2","1","0","0","0"
"POINT (13.400566347000099 52.521532289000000)","Unfall 230886 (2022) Kat:3, Licht: 1","230886","3","4","6","02","15","5","","1","1","0","1","0"
"POINT (13.414530475999999 52.500130878000000)","Unfall 230887 (2022) Kat:3, Licht: 1","230887","3","3","5","02","16","3","","1","1","1","0","0"
"POINT (13.489318196999999 52.542437249999999)","Unfall 230888 (2022) Kat:3, Licht: 0","230888","3","2","0","01","13","6","","0","0","1","0","0"
"POINT (13.190691542000000 52.536385963000001)","Unfall 230889 (2022) Kat:3, Licht: 0","230889","3","4","6","02","09","6","","0","0","1","1","0"
"POINT (13.298691452000099 52.422049695000098)","Unfall 230890 (2022) Kat:3, Licht: 0","230890","3","4","6","03","09","3","","0","0","1","1","0"
"POINT (13.398197569000001 52.416516721000100)","Unfall 230891 (2022) Kat:3, Licht: 0","230891","3","2","6","02","05","5","","0","0","1","1","0"
"POINT (13.511961576999999 52.507207248999997)","Unfall 230892 (2022) Kat:3, Licht: 0","230892","3","3","5","02","08","4","","0","1","1","0","0"
"POINT (13.276628433999999 52.512472371000101)","Unfall 230893 (2022) Kat:3, Licht: 2","230893","3","3","5","02","23","6","","2","1","1","0","0"
"POINT (13.293037516000000 52.446495227000099)","Unfall 230894 (2022) Kat:3, Licht: 0","230894","3","2","2","01","08","5","","0","0","1","0","0"
"POINT (13.159328125000100 52.529609961000098)","Unfall 230895 (2022) Kat:2, Licht: 0","230895","2","4","6","01","11","4","","0","0","1","1","0"
"POINT (13.466986331999999 52.559987514000099)","Unfall 230896 (2022) Kat:3, Licht: 2","230896","3","2","6","02","18","2","","2","0","1","1","0"
"POINT (13.513899346000100 52.535123930000097)","Unfall 230897 (2022) Kat:3, Licht: 0","230897","3","6","2","01","14","2","","0","0","1","0","0"
"POINT (13.286788323000099 52.535577914000001)","Unfall 230898 (2022) Kat:3, Licht: 0","230898","3","4","6","03","14","4","","0","0","1","1","0"
"POINT (13.154495359000100 52.533003667999999)","Unfall 230899 (2022) Kat:3, Licht: 2","230899","3","7","5","02","18","5","","2","1","0","0","0"
"POINT (13.291555617000000 52.497171501000103)","Unfall 230900 (2022) Kat:3, Licht: 1","230900","3","3","5","02","17","2","","1","1","0","0","1"
"POINT (13.329009160000099 52.611231660999998)","Unfall 230901 (2022) Kat:3, Licht: 1","230901","3","5","0","01","07","2","","1","0","1","0","0"
"POINT (13.497039410000101 52.419531006000099)","Unfall 230902 (2022) Kat:3, Licht: 2","230902","3","5","1","02","22","4","","2","0","1","0","0"
"POINT (13.316442220000100 52.498969101000100)","Unfall 230903 (2022) Kat:3, Licht: 0","230903","3","5","1","01","15","1","","0","1","1","0","0"
"POINT (13.435818893000000 52.523269809000098)","Unfall 230904 (2022) Kat:2, Licht: 0","230904","2","5","1","01","12","3","","0","0","1","0","0"
"POINT (13.329285168000100 52.563414463000100)","Unfall 230905 (2022) Kat:3, Licht: 0","230905","3","3","0","01","13","2","","0","0","1","0","1"
"POINT (13.379709377999999 52.529613415000000)","Unfall 230906 (2022) Kat:3, Licht: 0","230906","3","5","0","03","13","6","","0","1","1","0","0"
"POINT (13.295346120000000 52.586816761000101)","Unfall 230907 (2022) Kat:3, Licht: 0","230907","3","4","6","02","11","6","","0","0","1","1","0"
"POINT (13.414423407000100 52.569082718000097)","Unfall 230908 (2022) Kat:3, Licht: 1","230908","3","7","0","02","20","3","","1","1","0","0","0"
"POINT (13.383444116000000 52.493783159000003)","Unfall 230909 (2022) Kat:3, Licht: 0","230909","3","2","5","02","12","2","","0","1","1","0","0"
"POINT (13.378513330000001 52.561067203000100)","Unfall 230910 (2022) Kat:3, Licht: 2","230910","3","1","1","01","18","5","","2","0","1","0","0"
"POINT (13.344932148000099 52.490349788000103)","Unfall 230911 (2022) Kat:3, Licht: 1","230911","3","3","5","01","16","5","","1","0","1","0","0"
"POINT (13.379174270000000 52.506876873000103)","Unfall 230912 (2022) Kat:3, Licht: 0","230912","3","5","1","02","07","5","","0","0","1","0","0"
"POINT (13.333844125000001 52.603394348999998)","Unfall 230913 (2022) Kat:2, Licht: 0","230913","2","1","0","01","13","1","","0","0","0","0","1"
"POINT (13.457376474000100 52.529220700000103)","Unfall 230914 (2022) Kat:3, Licht: 0","230914","3","7","5","03","09","4","","0","0","1","0","0"
"POINT (13.379098358000000 52.492149760000103)","Unfall 230915 (2022) Kat:3, Licht: 0","230915","3","6","2","02","14","5","","0","0","1","0","0"
"POINT (13.513544445999999 52.454557024000103)","Unfall 230916 (2022) Kat:2, Licht: 0","230916","2","5","1","02","10","2","","0","0","1","0","0"
"POINT (13.434319930000100 52.523325522000100)","Unfall 230917 (2022) Kat:3, Licht: 0","230917","3","6","2","02","11","4","","0","0","1","0","0"
"POINT (13.236129221000100 52.620979379000097)","Unfall 230918 (2022) Kat:2, Licht: 0","230918","2","1","0","02","11","7","","0","1","0","0","0"
"POINT (13.495997405000001 52.577507383000103)","Unfall 230919 (2022) Kat:3, Licht: 2","230919","3","1","8","01","21","1","","2","0","1","0","0"
"POINT (13.419556442999999 52.496607147000098)","Unfall 230920 (2022) Kat:3, Licht: 0","230920","3","6","2","01","16","5","","0","0","1","0","0"
"POINT (13.188270068000101 52.527777296000103)","Unfall 230921 (2022) Kat:3, Licht: 0","230921","3","4","6","01","08","4","","0","0","1","1","0"
"POINT (13.369052622000000 52.546220993000098)","Unfall 230922 (2022) Kat:3, Licht: 2","230922","3","3","5","03","20","6","","2","1","1","0","0"
"POINT (13.402206363000101 52.439706172000101)","Unfall 230923 (2022) Kat:3, Licht: 2","230923","3","1","1","02","23","6","","2","0","1","0","0"
"POINT (13.550131737000100 52.525755513000000)","Unfall 230924 (2022) Kat:2, Licht: 0","230924","2","3","5","03","08","3","","0","1","1","0","0"
"POINT (13.327636565000001 52.460118206000097)","Unfall 230925 (2022) Kat:3, Licht: 0","230925","3","6","2","02","08","4","","0","0","1","0","0"
"POINT (13.365751287000000 52.557134624000099)","Unfall 230926 (2022) Kat:3, Licht: 0","230926","3","2","5","02","10","7","","0","1","0","0","0"
"POINT (13.415843148000000 52.461599788000100)","Unfall 230927 (2022) Kat:2, Licht: 0","230927","2","7","2","02","10","3","","0","0","0","0","1"
"POINT (13.386032978999999 52.555585655000101)","Unfall 230928 (2022) Kat:3, Licht: 0","230928","3","5","1","01","09","6","","0","0","1","0","0"
"POINT (13.377855122000000 52.472439582000000)","Unfall 230929 (2022) Kat:2, Licht: 0","230929","2","2","5","01","15","4","","0","1","1","0","0"
"POINT (13.391174738000100 52.502574906000099)","Unfall 230930 (2022) Kat:3, Licht: 2","230930","3","3","5","02","17","4","","2","1","1","0","0"
"POINT (13.443591025000000 52.480067615000102)","Unfall 230931 (2022) Kat:3, Licht: 0","230931","3","6","2","01","08","3","","0","0","1","0","0"
"POINT (13.182083677000000 52.534092991000101)","Unfall 230932 (2022) Kat:3, Licht: 0","230932","3","6","2","01","11","2","","0","0","1","0","0"
"POINT (13.423914405000099 52.523587953000103)","Unfall 230933 (2022) Kat:3, Licht: 0","230933","3","2","0","02","08","2","","0","1","1","0","0"