WKT,Name,OBJECTID,UKATEGORIE,UTYP1,UART,UMONAT,USTUNDE,UWOCHENTAG,STRZUSTAND,ULICHTVERH,ISTRAD,ISTPKW,ISTFUSS,ISTKRAD
"POINT (13.327198438000000 52.481781861999998)","Unfall 230934 (2022) Kat:3, Licht: 0","230934","3","7","1","03","12","5","","0","0","1","0","0"
"POINT (13.433851345000100 52.420771333000097)","Unfall 230935 (2022) Kat:3, Licht: 2","230935","3","2","6","02","19","6","","2","0","1","1","0"
"POINT (13.638873051000100 52.529126134000101)","Unfall 230936 (2022) Kat:2, Licht: 0","230936","2","1","8","02","12","3","","0","0","1","0","0"
"POINT (13.178715394000101 52.553385064000103)","Unfall 230937 (2022) Kat:3, Licht: 0","230937","3","5","1","02","15","7","","0","0","1","0","1"
"POINT (13.290804505000001 52.481831783000104)","Unfall 230938 (2022) Kat:3, Licht: 0","230938","3","3","5","01","15","5","","0","0","1","0","0"
"POINT (13.259226613000100 52.430820263999998)","Unfall 230939 (2022) Kat:2, Licht: 0","230939","2","3","5","02","14","5","","0","0","1","0","0"
"POINT (13.391787873000100 52.465711237999997)","Unfall 230940 (2022) Kat:3, Licht: 2","230940","3","5","1","01","19","2","","2","1","1","0","0"
"POINT (13.211482742999999 52.527369725000000)","Unfall 230941 (2022) Kat:3, Licht: 0","230941","3","2","2","01","14","6","","0","0","1","0","0"
"POINT (13.403569332000099 52.493992998000103)","Unfall 230942 (2022) Kat:2, Licht: 2","230942","2","3","5","03","19","4","","2","0","1","0","0"
"POINT (13.327253655000000 52.520260054000097)","Unfall 230943 (2022) Kat:3, Licht: 0","230943","3","7","0","02","13","5","","0","1","1","0","0"
"POINT (13.338926904000100 52.464588101000103)","Unfall 230944 (2022) Kat:3, Licht: 0","230944","3","2","6","03","12","4","","0","0","1","1","0"
"POINT (13.298203180000000 52.491328521000099)","Unfall 230945 (2022) Kat:3, Licht: 0","230945","3","7","5","02","11","5","","0","0","1","0","0"
"POINT (13.395816045000100 52.565948439000103)","Unfall 230946 (2022) Kat:3, Licht: 2","230946","3","2","6","02","18","2","","2","0","1","1","0"
"POINT (13.377674085000001 52.563612161000002)","Unfall 230947 (2022) Kat:3, Licht: 0","230947","3","3","5","02","11","6","","0","0","1","0","0"
"POINT (13.386098903000100 52.531345389000101)","Unfall 230948 (2022) Kat:3, Licht: 0","230948","3","2","5","01","08","6","","0","1","1","0","0"
"POINT (13.240009141000000 52.424474900000099)","Unfall 230949 (2022) Kat:3, Licht: 2","230949","3","3","5","01","23","4","","2","0","1","0","0"
"POINT (13.229923205000000 52.543675110000002)","Unfall 230950 (2022) Kat:3, Licht: 0","230950","3","6","2","03","15","7","","0","0","1","0","0"
"POINT (13.355237281000001 52.568633898000002)","Unfall 230951 (2022) Kat:3, Licht: 0","230951","3","6","2","02","14","2","","0","0","1","0","0"
"POINT (13.405266204000000 52.505118639000003)","Unfall 230952 (2022) Kat:3, Licht: 2","230952","3","2","6","01","17","5","","2","0","1","1","0"
"POINT (13.304356459000100 52.503739871999997)","Unfall 230953 (2022) Kat:3, Licht: 0","230953","3","2","5","03","13","4","","0","1","1","0","0"
"POINT (13.441707062000001 52.469702304000101)","Unfall 230954 (2022) Kat:3, Licht: 0","230954","3","2","5","02","11","4","","0","1","1","0","0"
"POINT (13.616922746000100 52.446674696000102)","Unfall 230955 (2022) Kat:3, Licht: 0","230955","3","6","2","02","14","2","","0","0","1","0","0"
"POINT (13.591649405000100 52.545014533000000)","Unfall 230956 (2022) Kat:3, Licht: 0","230956","3","3","5","01","12","1","","0","0","1","0","0"
"POINT (13.458907446000101 52.525981416000000)","Unfall 230957 (2022) Kat:3, Licht: 0","230957","3","2","5","02","08","5","","0","1","1","0","0"
"POINT (13.405633394000100 52.393770250000003)","Unfall 230958 (2022) Kat:3, Licht: 0","230958","3","5","1","01","07","2","","0","1","1","0","0"
"POINT (13.561308785000101 52.529418554000102)","Unfall 230959 (2022) Kat:3, Licht: 0","230959","3","6","3","01","08","5","","0","1","1","0","0"
"POINT (13.375017758000100 52.455450100000100)","Unfall 230960 (2022) Kat:3, Licht: 0","230960","3","5","1","01","08","3","","0","1","1","0","0"
"POINT (13.344840865000000 52.494336630000099)","Unfall 230961 (2022) Kat:3, Licht: 0","230961","3","5","1","03","13","7","","0","1","1","0","0"
"POINT (13.268288208000101 52.409035496000101)","Unfall 230962 (2022) Kat:3, Licht: 0","230962","3","6","2","02","08","6","","0","0","1","0","0"
"POINT (13.311179004000101 52.589697747000102)","Unfall 230963 (2022) Kat:3, Licht: 0","230963","3","2","5","03","11","2","","0","0","1","0","0"
"POINT (13.396042647000099 52.538276521999997)","Unfall 230964 (2022) Kat:3, Licht: 2","230964","3","2","5","02","21","2","","2","0","1","0","0"
"POINT (13.341300467000099 52.505085491000003)","Unfall 230965 (2022) Kat:3, Licht: 2","230965","3","3","5","02","18","7","","2","0","1","0","0"
"POINT (13.531174561000100 52.423680861000001)","Unfall 230966 (2022) Kat:2, Licht: 2","230966","2","2","5","02","06","3","","2","0","1","0","1"
"POINT (13.418443735000000 52.525595422000002)","Unfall 230967 (2022) Kat:3, Licht: 2","230967","3","6","2","01","19","6","","2","0","1","0","1"
"POINT (13.357151106000099 52.523723980000099)","Unfall 230968 (2022) Kat:3, Licht: 2","230968","3","2","5","01","18","4","","2","1","1","0","0"
"POINT (13.486664017000100 52.459552735999999)","Unfall 230969 (2022) Kat:3, Licht: 2","230969","3","5","1","02","01","3","","2","0","1","0","0"
"POINT (13.393604236000000 52.511557386000000)","Unfall 230970 (2022) Kat:3, Licht: 0","230970","3","3","5","01","10","2","","0","0","1","0","0"
"POINT (13.181040419000100 52.481145878000099)","Unfall 230971 (2022) Kat:3, Licht: 0","230971","3","6","2","02","08","7","","0","1","1","0","0"
"POINT (13.546436419000001 52.548422487000003)","Unfall 230972 (2022) Kat:2, Licht: 0","230972","2","3","5","03","07","4","","0","0","1","0","0"
"POINT (13.436763177000000 52.479810751999999)","Unfall 230973 (2022) Kat:3, Licht: 0","230973","3","6","2","02","12","6","","0","0","1","0","0"
"POINT (13.427821700000001 52.536603024000001)","Unfall 230974 (2022) Kat:3, Licht: 2","230974","3","5","1","02","18","3","","2","1","1","0","0"
"POINT (13.462843983000001 52.532186485000103)","Unfall 230975 (2022) Kat:3, Licht: 2","230975","3","1","4","02","04","1","","2","0","1","0","0"
"POINT (13.197652784000100 52.519459591999997)","Unfall 230976 (2022) Kat:3, Licht: 2","230976","3","3","0","01","17","5","","2","0","1","0","0"
"POINT (13.384212230000101 52.509967005000100)","Unfall 230977 (2022) Kat:3, Licht: 0","230977","3","6","2","01","13","5","","0","0","1","0","0"
"POINT (13.357527743000000 52.488623049000097)","Unfall 230978 (2022) Kat:3, Licht: 0","230978","3","5","1","02","12","5","","0","1","1","0","0"
"POINT (13.574164458000000 52.445078379000101)","Unfall 230979 (2022) Kat:3, Licht: 0","230979","3","1","0","03","16","2","","0","1","0","0","0"
"POINT (13.238172079000000 52.443757926000004)","Unfall 230980 (2022) Kat:3, Licht: 0","230980","3","4","6","02","11","4","","0","0","1","1","0"
"POINT (13.478822129999999 52.477631219999999)","Unfall 230981 (2022) Kat:2, Licht: 2","230981","2","2","6","02","19","7","","2","0","1","1","0"
"POINT (13.362312308000099 52.550841366000000)","Unfall 230982 (2022) Kat:3, Licht: 0","230982","3","2","5","02","13","2","","0","1","0","0","0"
"POINT (13.350510126000099 52.420204609999999)","Unfall 230983 (2022) Kat:3, Licht: 0","230983","3","3","0","01","14","7","","0","0","1","0","0"
"POINT (13.427648488999999 52.420823198999997)","Unfall 230984 (2022) Kat:3, Licht: 1","230984","3","2","5","01","06","4","","1","0","1","0","0"
"POINT (13.295205135000099 52.507058784999998)","Unfall 230985 (2022) Kat:3, Licht: 2","230985","3","1","2","01","19","2","","2","0","1","0","0"
"POINT (13.622008757000099 52.530434788000001)","Unfall 230986 (2022) Kat:3, Licht: 0","230986","3","4","6","01","12","3","","0","0","1","1","0"
"POINT (13.570417352000000 52.555574505000003)","Unfall 230987 (2022) Kat:3, Licht: 2","230987","3","3","5","02","18","5","","2","0","1","0","0"
"POINT (13.366178701000001 52.523342309000000)","Unfall 230988 (2022) Kat:3, Licht: 2","230988","3","2","4","03","01","4","","2","0","1","0","0"
"POINT (13.298711576000100 52.508054055000102)","Unfall 230989 (2022) Kat:2, Licht: 0","230989","2","3","5","02","18","5","","0","0","1","0","1"
"POINT (13.431276334000099 52.602408287000102)","Unfall 230990 (2022) Kat:3, Licht: 0","230990","3","3","5","02","12","2","","0","1","1","0","0"
"POINT (13.461077162000000 52.517053388000100)","Unfall 230991 (2022) Kat:3, Licht: 1","230991","3","2","5","02","17","1","","1","0","1","0","1"
"POINT (13.317779931000100 52.495283252000000)","Unfall 230992 (2022) Kat:2, Licht: 0","230992","2","3","5","01","09","5","","0","0","1","0","1"
"POINT (13.431577864000101 52.534368892000003)","Unfall 230993 (2022) Kat:3, Licht: 2","230993","3","6","4","02","21","4","","2","1","0","0","0"
"POINT (13.486094729000101 52.533712547000100)","Unfall 230994 (2022) Kat:3, Licht: 1","230994","3","4","6","01","17","1","","1","0","1","1","0"
"POINT (13.337990259000000 52.466968512000101)","Unfall 230995 (2022) Kat:3, Licht: 0","230995","3","3","5","01","13","7","","0","0","1","0","0"
"POINT (13.349584110000000 52.542127968000003)","Unfall 230996 (2022) Kat:3, Licht: 2","230996","3","2","5","02","20","4","","2","0","1","0","0"
"POINT (13.419228662000000 52.390200098999998)","Unfall 230997 (2022) Kat:2, Licht: 0","230997","2","5","1","03","10","3","","0","1","1","0","0"
"POINT (13.379739772000100 52.521945701000000)","Unfall 230998 (2022) Kat:3, Licht: 2","230998","3","7","1","02","19","4","","2","0","1","0","0"
"POINT (13.403085608000000 52.529000883000002)","Unfall 230999 (2022) Kat:3, Licht: 0","230999","3","2","5","02","12","2","","0","1","0","0","0"
"POINT (13.159949148000100 52.548610199000102)","Unfall 231000 (2022) Kat:3, Licht: 0","231000","3","4","6","02","11","6","","0","0","1","1","0"
"POINT (13.343745900000000 52.463156177000002)","Unfall 231001 (2022) Kat:3, Licht: 0","231001","3","2","0","01","13","2","","0","0","1","0","1"
"POINT (13.394420450000000 52.545794368000003)","Unfall 231002 (2022) Kat:2, Licht: 2","231002","2","7","1","01","18","4","","2","0","1","0","0"
"POINT (13.323978377000101 52.527899875999999)","Unfall 231003 (2022) Kat:2, Licht: 0","231003","2","1","0","03","16","1","","0","0","0","0","1"
"POINT (13.196905761000000 52.513018918999997)","Unfall 231004 (2022) Kat:2, Licht: 0","231004","2","6","2","02","10","1","","0","0","1","0","0"
"POINT (13.307950325000000 52.488511276000096)","Unfall 231005 (2022) Kat:3, Licht: 0","231005","3","2","5","01","15","6","","0","0","1","0","0"
"POINT (13.335035283000000 52.421022520000101)","Unfall 231006 (2022) Kat:3, Licht: 0","231006","3","3","5","03","16","3","","0","0","1","0","0"
"POINT (13.329791699000101 52.575569536000003)","Unfall 231007 (2022) Kat:3, Licht: 0","231007","3","2","5","02","12","4","","0","1","1","0","0"
"POINT (13.498217753000100 52.416406659000103)","Unfall 231008 (2022) Kat:3, Licht: 0","231008","3","3","5","02","15","2","","0","0","1","0","0"
"POINT (13.325728635000100 52.561831954000098)","Unfall 231009 (2022) Kat:3, Licht: 0","231009","3","6","2","02","15","4","","0","0","1","0","0"
"POINT (13.574400299000001 52.452891770000100)","Unfall 231010 (2022) Kat:3, Licht: 0","231010","3","2","2","01","12","1","","0","0","1","0","0"
"POINT (13.346693257000000 52.553381375000100)","Unfall 231011 (2022) Kat:2, Licht: 0","231011","2","7","6","02","11","4","","0","0","0","1","0"
"POINT (13.282446984000000 52.590765271000102)","Unfall 231012 (2022) Kat:3, Licht: 0","231012","3","2","6","01","08","3","","0","0","1","1","0"
"POINT (13.410394239000000 52.538319258000101)","Unfall 231013 (2022) Kat:3, Licht: 0","231013","3","3","0","01","12","2","","0","1","1","0","0"
"POINT (13.449449814999999 52.547523344000098)","Unfall 231014 (2022) Kat:2, Licht: 2","231014","2","7","5","02","18","7","","2","0","1","0","0"
"POINT (13.325074038000000 52.500080561000097)","Unfall 231015 (2022) Kat:3, Licht: 0","231015","3","2","2","03","17","5","","0","0","1","0","0"
"POINT (13.411940145000100 52.548784234000003)","Unfall 231016 (2022) Kat:3, Licht: 0","231016","3","5","5","02","11","7","","0","0","1","0","0"
"POINT (13.315852648000000 52.443140255000102)","Unfall 231017 (2022) Kat:3, Licht: 0","231017","3","2","5","03","11","3","","0","1","1","0","0"
"POINT (13.409219920000099 52.511507706000003)","Unfall 231018 (2022) Kat:2, Licht: 2","231018","2","6","3","02","18","2","","2","1","1","0","0"
"POINT (13.468341016000100 52.562157319999997)","Unfall 231019 (2022) Kat:3, Licht: 0","231019","3","3","5","02","09","7","","0","1","0","0","0"
"POINT (13.443593756000000 52.464266619000099)","Unfall 231020 (2022) Kat:2, Licht: 2","231020","2","3","5","02","20","3","","2","1","1","0","0"
"POINT (13.333804137000101 52.438641398000101)","Unfall 231021 (2022) Kat:2, Licht: 0","231021","2","5","1","01","16","6","","0","1","1","0","0"
"POINT (13.461739779000000 52.529881977000102)","Unfall 231022 (2022) Kat:2, Licht: 2","231022","2","7","2","01","06","4","","2","0","1","0","0"
"POINT (13.450482282000101 52.464925844000000)","Unfall 231023 (2022) Kat:3, Licht: 2","231023","3","1","0","02","21","3","","2","1","0","0","0"
"POINT (13.329953605000100 52.533168841000098)","Unfall 231024 (2022) Kat:3, Licht: 0","231024","3","4","6","01","14","7","","0","0","1","1","0"
"POINT (13.277543660999999 52.433997620000099)","Unfall 231025 (2022) Kat:3, Licht: 0","231025","3","7","2","03","10","5","","0","1","0","0","0"
"POINT (13.255865620000099 52.519778776000102)","Unfall 231026 (2022) Kat:2, Licht: 2","231026","2","2","5","02","06","6","","2","0","1","0","1"
"POINT (13.280099682000101 52.506553738999997)","Unfall 231027 (2022) Kat:3, Licht: 0","231027","3","3","5","03","07","4","","0","1","1","0","0"
"POINT (13.391825149000100 52.510525154000000)","Unfall 231028 (2022) Kat:3, Licht: 2","231028","3","2","5","02","18","5","","2","0","1","0","0"
"POINT (13.434906378000100 52.440300331000103)","Unfall 231029 (2022) Kat:3, Licht: 0","231029","3","2","5","02","16","3","","0","1","1","0","0"
"POINT (13.126696500000000 52.527716397000098)","Unfall 231030 (2022) Kat:3, Licht: 0","231030","3","7","8","02","09","1","","0","0","1","0","0"
"POINT (13.472924616000100 52.505000422000101)","Unfall 231031 (2022) Kat:3, Licht: 0","231031","3","2","3","01","07","2","","0","1","0","0","0"
"POINT (13.303619862000099 52.499281890000098)","Unfall 231032 (2022) Kat:3, Licht: 2","231032","3","6","2","01","21","5","","2","0","1","0","0"
"POINT (13.398791232000100 52.525628411000099)","Unfall 231033 (2022) Kat:3, Licht: 0","231033","3","5","1","01","14","4","","0","1","1","0","0"
"POINT (13.376875079000101 52.461382001000104)","Unfall 231034 (2022) Kat:3, Licht: 2","231034","3","6","2","02","00","5","","2","0","1","0","0"
"POINT (13.510601395000000 52.463210856000003)","Unfall 231035 (2022) Kat:3, Licht: 0","231035","3","2","2","01","10","1","","0","1","1","0","0"
"POINT (13.361636003000100 52.596973730999999)","Unfall 231036 (2022) Kat:3, Licht: 0","231036","3","2","5","03","13","4","","0","1","1","0","0"
"POINT (13.326099061000001 52.538377687000001)","Unfall 231037 (2022) Kat:2, Licht: 2","231037","2","2","5","02","21","4","","2","0","1","0","1"
"POINT (13.415268524000100 52.526840310000097)","Unfall 231038 (2022) Kat:3, Licht: 0","231038","3","2","5","02","11","2","","0","1","1","0","0"
"POINT (13.388649255000100 52.499322999000100)","Unfall 231039 (2022) Kat:3, Licht: 2","231039","3","2","6","02","18","4","","2","0","0","1","1"
"POINT (13.425396741000000 52.499097126000002)","Unfall 231040 (2022) Kat:3, Licht: 2","231040","3","2","6","02","20","5","","2","0","1","1","0"
"POINT (13.437209737000000 52.456014014000097)","Unfall 231041 (2022) Kat:2, Licht: 0","231041","2","1","8","01","12","1","","0","0","1","0","1"
"POINT (13.288593900000000 52.632859942000003)","Unfall 231042 (2022) Kat:2, Licht: 1","231042","2","4","6","01","15","3","","1","0","1","1","0"
"POINT (13.527898203000101 52.457478383000101)","Unfall 231043 (2022) Kat:3, Licht: 2","231043","3","5","1","01","18","3","","2","0","1","0","0"
"POINT (13.342064007999999 52.517923629999999)","Unfall 231044 (2022) Kat:3, Licht: 0","231044","3","2","5","03","13","6","","0","0","1","0","0"
"POINT (13.606971150000000 52.490005455000102)","Unfall 231045 (2022) Kat:3, Licht: 0","231045","3","6","2","02","09","2","","0","0","1","0","0"
"POINT (13.578082896000099 52.460249982999997)","Unfall 231046 (2022) Kat:2, Licht: 0","231046","2","3","5","01","14","6","","0","1","0","0","1"
"POINT (13.316912149000100 52.470152020999997)","Unfall 231047 (2022) Kat:3, Licht: 0","231047","3","2","5","03","12","3","","0","0","1","0","1"
"POINT (13.428401533000100 52.551681771000098)","Unfall 231048 (2022) Kat:3, Licht: 0","231048","3","5","1","02","12","4","","0","0","1","0","0"
"POINT (13.340251987000000 52.518769036999998)","Unfall 231049 (2022) Kat:3, Licht: 2","231049","3","1","0","01","20","1","","2","1","0","0","0"
"POINT (13.379359186000000 52.507037173000100)","Unfall 231050 (2022) Kat:3, Licht: 0","231050","3","6","2","01","09","6","","0","0","1","0","0"
"POINT (13.348001441000100 52.575801195000103)","Unfall 231051 (2022) Kat:3, Licht: 2","231051","3","2","6","02","06","4","","2","0","1","1","0"
"POINT (13.316652488000001 52.443171298999999)","Unfall 231052 (2022) Kat:3, Licht: 0","231052","3","5","0","03","12","4","","0","1","1","0","0"
"POINT (13.395357682000100 52.528153750000101)","Unfall 231053 (2022) Kat:2, Licht: 0","231053","2","4","6","02","15","5","","0","1","0","1","0"
"POINT (13.492158081000101 52.544045644999997)","Unfall 231054 (2022) Kat:3, Licht: 2","231054","3","3","5","02","21","6","","2","1","1","0","0"
"POINT (13.412402568000100 52.537929921999996)","Unfall 231055 (2022) Kat:3, Licht: 1","231055","3","3","5","01","16","2","","1","1","0","0","0"
"POINT (13.360337671000000 52.537246785999997)","Unfall 231056 (2022) Kat:3, Licht: 2","231056","3","2","5","01","18","4","","2","1","1","0","0"
"POINT (13.314163610000000 52.490295767000099)","Unfall 231057 (2022) Kat:3, Licht: 0","231057","3","6","2","01","10","3","","0","0","1","0","0"
"POINT (13.343721649000001 52.535859662000099)","Unfall 231058 (2022) Kat:2, Licht: 1","231058","2","6","3","03","18","6","","1","0","1","0","0"
"POINT (13.371215746000100 52.511128577000100)","Unfall 231059 (2022) Kat:3, Licht: 2","231059","3","2","5","02","19","1","","2","0","1","0","0"
"POINT (13.429004518000101 52.572407424000097)","Unfall 231060 (2022) Kat:3, Licht: 0","231060","3","6","2","01","14","6","","0","0","1","0","0"
"POINT (13.419372593000000 52.487654810999999)","Unfall 231061 (2022) Kat:3, Licht: 0","231061","3","3","5","03","09","2","","0","1","1","0","0"
"POINT (13.438527919000000 52.452592316999997)","Unfall 231062 (2022) Kat:3, Licht: 1","231062","3","2","5","02","06","3","","1","0","1","0","0"
"POINT (13.350019849000001 52.503201560000001)","Unfall 231063 (2022) Kat:3, Licht: 0","231063","3","6","0","02","17","2","","0","0","1","0","0"
"POINT (13.371134853000100 52.560638458000000)","Unfall 231064 (2022) Kat:2, Licht: 2","231064","2","3","5","02","21","4","","2","0","1","0","0"
"POINT (13.427141692000101 52.475312193999997)","Unfall 231065 (2022) Kat:3, Licht: 2","231065","3","5","1","01","07","2","","2","0","1","0","1"
"POINT (13.267747315000101 52.512284586000099)","Unfall 231066 (2022) Kat:2, Licht: 2","231066","2","2","6","01","17","5","","2","0","1","1","0"
"POINT (13.286838883000000 52.586199852999997)","Unfall 231067 (2022) Kat:3, Licht: 0","231067","3","2","5","02","09","4","","0","0","1","0","0"
"POINT (13.374748569000101 52.530814481000000)","Unfall 231068 (2022) Kat:2, Licht: 2","231068","2","7","6","01","05","2","","2","0","1","1","0"
"POINT (13.444155460999999 52.484745253000000)","Unfall 231069 (2022) Kat:3, Licht: 1","231069","3","4","6","01","15","3","","1","1","0","1","0"
"POINT (13.284262102000101 52.478870622999999)","Unfall 231070 (2022) Kat:2, Licht: 2","231070","2","4","6","02","18","1","","2","0","1","1","0"
"POINT (13.327973437000001 52.424340589000103)","Unfall 231071 (2022) Kat:3, Licht: 0","231071","3","6","3","03","12","4","","0","0","1","0","0"
"POINT (13.207216686000001 52.538861173999997)","Unfall 231072 (2022) Kat:3, Licht: 0","231072","3","6","2","02","07","6","","0","0","1","0","0"
"POINT (13.271539513000100 52.510106431000096)","Unfall 231073 (2022) Kat:3, Licht: 0","231073","3","3","5","02","11","2","","0","1","1","0","0"
"POINT (13.442640129999999 52.546074339000000)","Unfall 231074 (2022) Kat:3, Licht: 0","231074","3","7","5","02","11","2","","0","1","1","0","0"
"POINT (13.434903899000100 52.440327689000100)","Unfall 231075 (2022) Kat:3, Licht: 2","231075","3","2","0","02","19","2","","2","1","1","0","0"
"POINT (13.427545662000099 52.474303808000101)","Unfall 231076 (2022) Kat:3, Licht: 0","231076","3","3","0","01","14","6","","0","0","1","0","1"
"POINT (13.427615275999999 52.560464033000102)","Unfall 231077 (2022) Kat:3, Licht: 2","231077","3","3","5","01","16","6","","2","1","1","0","0"
"POINT (13.311076484000100 52.421444097000098)","Unfall 231078 (2022) Kat:3, Licht: 0","231078","3","1","8","01","14","4","","0","0","0","0","0"
"POINT (13.424395609999999 52.607203506000097)","Unfall 231079 (2022) Kat:3, Licht: 2","231079","3","7","2","01","19","2","","2","0","1","0","0"
"POINT (13.373272058000101 52.557048733000002)","Unfall 231080 (2022) Kat:3, Licht: 0","231080","3","3","2","01","09","6","","0","0","1","0","0"
"POINT (13.316067844000001 52.570919244000002)","Unfall 231081 (2022) Kat:3, Licht: 0","231081","3","3","5","03","13","5","","0","0","1","0","0"
"POINT (13.453081423000100 52.526314507000102)","Unfall 231082 (2022) Kat:3, Licht: 0","231082","3","2","5","02","09","6","","0","1","1","0","0"
"POINT (13.263598767000101 52.422052399999998)","Unfall 231083 (2022) Kat:2, Licht: 2","231083","2","2","6","03","19","3","","2","0","0","1","0"
"POINT (13.344888533000100 52.480953988000103)","Unfall 231084 (2022) Kat:2, Licht: 0","231084","2","7","9","02","11","6","","0","0","1","0","0"
"POINT (13.603043652000100 52.538567769000103)","Unfall 231085 (2022) Kat:3, Licht: 0","231085","3","7","1","02","11","3","","0","0","1","0","0"
"POINT (13.298048690000000 52.421728192000003)","Unfall 231086 (2022) Kat:2, Licht: 2","231086","2","4","6","02","06","2","","2","0","1","1","0"
"POINT (13.451350248000001 52.526387065000101)","Unfall 231087 (2022) Kat:3, Licht: 0","231087","3","1","1","01","09","5","","0","0","0","0","1"
"POINT (13.309731143000000 52.612650197999997)","Unfall 231088 (2022) Kat:3, Licht: 0","231088","3","6","1","01","13","5","","0","1","1","0","0"
"POINT (13.315641146000100 52.488009740000102)","Unfall 231089 (2022) Kat:3, Licht: 0","231089","3","7","6","02","10","5","","0","0","1","1","0"
"POINT (13.351259218000100 52.509595498000103)","Unfall 231090 (2022) Kat:2, Licht: 2","231090","2","3","5","01","00","1","","2","0","1","0","0"
"POINT (13.440759253000101 52.524425178000101)","Unfall 231091 (2022) Kat:3, Licht: 2","231091","3","7","6","03","05","4","","2","0","1","1","0"
"POINT (13.408149006000000 52.541439660999998)","Unfall 231092 (2022) Kat:3, Licht: 2","231092","3","3","5","02","18","5","","2","0","1","0","0"
"POINT (13.304466834999999 52.506720931000103)","Unfall 231093 (2022) Kat:3, Licht: 0","231093","3","7","6","02","10","2","","0","0","1","1","0"
"POINT (13.457646891000000 52.528760447000103)","Unfall 231094 (2022) Kat:3, Licht: 0","231094","3","2","5","02","14","5","","0","0","1","0","0"
"POINT (13.422077482000100 52.505111166000098)","Unfall 231095 (2022) Kat:3, Licht: 2","231095","3","2","6","02","01","7","","2","0","1","1","0"
"POINT (13.352258393000101 52.506384353999998)","Unfall 231096 (2022) Kat:3, Licht: 0","231096","3","3","5","01","15","1","","0","0","1","0","0"
"POINT (13.356725297000001 52.535611289000002)","Unfall 231097 (2022) Kat:3, Licht: 2","231097","3","6","3","01","18","3","","2","0","1","0","0"
"POINT (13.625458679000101 52.456855656000101)","Unfall 231098 (2022) Kat:3, Licht: 1","231098","3","2","6","01","15","4","","1","0","1","0","0"
"POINT (13.384900679999999 52.484977260000100)","Unfall 231099 (2022) Kat:3, Licht: 0","231099","3","2","5","03","15","6","","0","1","1","0","0"
"POINT (13.455616668000101 52.508729086000102)","Unfall 231100 (2022) Kat:3, Licht: 2","231100","3","1","0","02","03","7","","2","0","0","0","0"
"POINT (13.218417057000099 52.538938944999998)","Unfall 231101 (2022) Kat:3, Licht: 0","231101","3","2","2","03","13","2","","0","0","1","0","0"
"POINT (13.457043904000001 52.561056962000102)","Unfall 231102 (2022) Kat:2, Licht: 2","231102","2","3","5","02","17","4","","2","1","1","0","0"
"POINT (13.181909082000100 52.536273825000102)","Unfall 231103 (2022) Kat:2, Licht: 2","231103","2","2","6","02","18","7","","2","0","1","1","0"
"POINT (13.350317073999999 52.414254960000100)","Unfall 231104 (2022) Kat:3, Licht: 2","231104","3","2","6","02","19","3","","2","0","1","1","0"
"POINT (13.426347954000100 52.499323263000100)","Unfall 231105 (2022) Kat:3, Licht: 1","231105","3","2","5","01","15","6","","1","1","1","0","0"
"POINT (13.403494437000100 52.493817188000001)","Unfall 231106 (2022) Kat:3, Licht: 2","231106","3","1","0","01","06","5","","2","0","0","0","0"
"POINT (13.400937794000100 52.518402709000000)","Unfall 231107 (2022) Kat:3, Licht: 0","231107","3","3","5","02","09","5","","0","1","1","0","0"
"POINT (13.259841973000100 52.433727723000104)","Unfall 231108 (2022) Kat:3, Licht: 2","231108","3","6","2","01","19","2","","2","0","1","0","1"
"POINT (13.499686063000100 52.547798147999998)","Unfall 231109 (2022) Kat:3, Licht: 2","231109","3","2","6","01","19","2","","2","0","0","1","0"
"POINT (13.213237279000101 52.538442847000098)","Unfall 231110 (2022) Kat:3, Licht: 0","231110","3","6","2","02","07","2","","0","0","1","0","1"
"POINT (13.208896221000000 52.546330166000097)","Unfall 231111 (2022) Kat:3, Licht: 0","231111","3","2","5","03","15","5","","0","0","1","0","1"
"POINT (13.310554809000100 52.516349583000100)","Unfall 231112 (2022) Kat:3, Licht: 2","231112","3","3","5","02","20","6","","2","1","1","0","0"
"POINT (13.366940779000100 52.434323141000000)","Unfall 231113 (2022) Kat:3, Licht: 0","231113","3","3","5","02","08","3","","0","0","1","0","0"
"POINT (13.397789843000099 52.452952129000003)","Unfall 231114 (2022) Kat:3, Licht: 0","231114","3","7","8","02","13","7","","0","0","1","0","0"
"POINT (13.360588878000000 52.593263321000101)","Unfall 231115 (2022) Kat:3, Licht: 2","231115","3","6","4","02","04","5","","2","0","1","0","0"
"POINT (13.446706186000000 52.502723156999998)","Unfall 231116 (2022) Kat:3, Licht: 2","231116","3","2","5","04","01","6","","2","0","1","0","1"
"POINT (13.411102745000100 52.539896755000001)","Unfall 231117 (2022) Kat:3, Licht: 0","231117","3","4","6","04","13","4","","0","0","0","1","1"
"POINT (13.580351624000100 52.440890502999999)","Unfall 231118 (2022) Kat:3, Licht: 2","231118","3","7","0","03","22","7","","2","0","1","0","1"
"POINT (13.407167439000000 52.518378374000100)","Unfall 231119 (2022) Kat:3, Licht: 0","231119","3","2","3","04","07","2","","0","1","0","0","1"
"POINT (13.457797072000099 52.529036276000099)","Unfall 231120 (2022) Kat:3, Licht: 0","231120","3","2","5","03","08","4","","0","1","1","0","0"