WKT,Name,OBJECTID,UKATEGORIE,UTYP1,UART,UMONAT,USTUNDE,UWOCHENTAG,STRZUSTAND,ULICHTVERH,ISTRAD,ISTPKW,ISTFUSS,ISTKRAD
"POINT (13.417035581000100 52.519332999000000)","Unfall 231121 (2022) Kat:3, Licht: 0","231121","3","5","1","04","18","2","","0","1","1","0","0"
"POINT (13.346233411000100 52.496849821000097)","Unfall 231122 (2022) Kat:3, Licht: 0","231122","3","6","2","03","15","7","","0","0","1","0","1"
"POINT (13.529331510000100 52.479032992000000)","Unfall 231123 (2022) Kat:3, Licht: 0","231123","3","5","0","03","09","7","","0","1","1","0","0"
"POINT (13.374286701000100 52.556397887000102)","Unfall 231124 (2022) Kat:3, Licht: 0","231124","3","2","2","03","09","5","","0","0","1","0","0"
"POINT (13.450176480000000 52.476746327000100)","Unfall 231125 (2022) Kat:3, Licht: 0","231125","3","2","5","04","18","3","","0","1","1","0","0"
"POINT (13.170058257999999 52.518536115000103)","Unfall 231126 (2022) Kat:3, Licht: 0","231126","3","2","5","04","18","5","","0","0","1","0","0"
"POINT (13.303945116000000 52.458663827000102)","Unfall 231127 (2022) Kat:3, Licht: 0","231127","3","2","5","04","10","5","","0","1","1","0","0"
"POINT (13.511455320000000 52.505446151000100)","Unfall 231128 (2022) Kat:3, Licht: 2","231128","3","3","5","04","22","7","","2","0","1","0","0"
"POINT (13.345036415999999 52.482686462000103)","Unfall 231129 (2022) Kat:3, Licht: 0","231129","3","2","5","04","15","2","","0","1","1","0","0"
"POINT (13.569300179000001 52.444605255000099)","Unfall 231130 (2022) Kat:3, Licht: 2","231130","3","2","5","04","20","5","","2","1","1","0","0"
"POINT (13.297605699000000 52.525125704000097)","Unfall 231131 (2022) Kat:3, Licht: 0","231131","3","2","5","04","18","2","","0","1","0","0","0"
"POINT (13.457339082000001 52.422636361999999)","Unfall 231132 (2022) Kat:3, Licht: 0","231132","3","2","2","03","14","7","","0","0","1","0","0"
"POINT (13.391943041999999 52.545019498000002)","Unfall 231133 (2022) Kat:3, Licht: 0","231133","3","5","5","04","12","7","","0","0","1","0","1"
"POINT (13.378938714000100 52.449022624000101)","Unfall 231134 (2022) Kat:3, Licht: 2","231134","3","5","1","03","22","3","","2","1","1","0","0"
"POINT (13.567412218000101 52.535998994000103)","Unfall 231135 (2022) Kat:3, Licht: 0","231135","3","2","2","04","12","7","","0","0","1","0","0"
"POINT (13.426121292000101 52.523052936000099)","Unfall 231136 (2022) Kat:2, Licht: 2","231136","2","1","8","04","01","4","","2","0","1","0","0"
"POINT (13.467362500000000 52.548281851000098)","Unfall 231137 (2022) Kat:3, Licht: 0","231137","3","2","5","03","09","7","","0","1","1","0","0"
"POINT (13.332312908000100 52.468794404000100)","Unfall 231138 (2022) Kat:3, Licht: 2","231138","3","5","0","03","22","3","","2","0","1","0","1"
"POINT (13.317787735000000 52.455256482000003)","Unfall 231139 (2022) Kat:2, Licht: 0","231139","2","5","5","04","08","5","","0","0","1","0","1"
"POINT (13.323469417000100 52.461816390000102)","Unfall 231140 (2022) Kat:3, Licht: 0","231140","3","3","5","04","15","3","","0","0","1","0","0"
"POINT (13.327493313000000 52.524424152000101)","Unfall 231141 (2022) Kat:3, Licht: 0","231141","3","2","5","04","13","6","","0","1","0","0","1"
"POINT (13.154821399000101 52.521744235000000)","Unfall 231142 (2022) Kat:3, Licht: 0","231142","3","6","2","04","15","1","","0","0","1","0","0"
"POINT (13.279104464000101 52.525297712000103)","Unfall 231143 (2022) Kat:3, Licht: 0","231143","3","6","2","03","11","6","","0","0","1","0","0"
"POINT (13.343358769000099 52.531834873999998)","Unfall 231144 (2022) Kat:3, Licht: 1","231144","3","2","2","03","19","2","","1","0","1","0","0"
"POINT (13.416359381000101 52.526872058999999)","Unfall 231145 (2022) Kat:3, Licht: 2","231145","3","6","2","04","20","6","","2","0","1","0","1"
"POINT (13.229215080000101 52.528250193000098)","Unfall 231146 (2022) Kat:3, Licht: 0","231146","3","6","2","03","13","1","","0","0","1","0","0"
"POINT (13.346021041000000 52.596148653999997)","Unfall 231147 (2022) Kat:3, Licht: 0","231147","3","5","0","04","19","5","","0","0","1","0","1"
"POINT (13.405170575000099 52.496031209000101)","Unfall 231148 (2022) Kat:3, Licht: 0","231148","3","3","5","05","18","2","","0","1","1","0","0"
"POINT (13.415438175000100 52.537558831000098)","Unfall 231149 (2022) Kat:2, Licht: 0","231149","2","5","1","04","08","4","","0","1","1","0","0"
"POINT (13.593513534000101 52.439850182000001)","Unfall 231150 (2022) Kat:2, Licht: 0","231150","2","2","5","03","12","5","","0","0","1","0","1"
"POINT (13.435268852000000 52.593955141000002)","Unfall 231151 (2022) Kat:2, Licht: 0","231151","2","3","0","03","13","4","","0","0","1","0","1"
"POINT (13.575929120000101 52.491151174000002)","Unfall 231152 (2022) Kat:3, Licht: 0","231152","3","2","5","04","06","4","","0","1","1","0","0"
"POINT (13.360383100000000 52.537346814999999)","Unfall 231153 (2022) Kat:2, Licht: 0","231153","2","6","0","04","12","7","","0","0","0","0","1"
"POINT (13.196733975000001 52.525865390000000)","Unfall 231154 (2022) Kat:3, Licht: 0","231154","3","6","6","04","18","7","","0","0","1","1","0"
"POINT (13.333006056000000 52.505801507999998)","Unfall 231155 (2022) Kat:3, Licht: 0","231155","3","6","2","04","16","3","","0","0","1","0","1"
"POINT (13.318618277000001 52.519064563000001)","Unfall 231156 (2022) Kat:3, Licht: 0","231156","3","6","2","03","14","2","","0","0","1","0","0"
"POINT (13.449201463000101 52.526910221999998)","Unfall 231157 (2022) Kat:3, Licht: 0","231157","3","6","4","03","18","4","","0","1","0","0","0"
"POINT (13.381273535000000 52.485002637000001)","Unfall 231158 (2022) Kat:3, Licht: 0","231158","3","2","5","03","09","2","","0","0","1","0","0"
"POINT (13.209754795000000 52.550678074000103)","Unfall 231159 (2022) Kat:2, Licht: 0","231159","2","2","5","03","11","6","","0","0","1","0","1"
"POINT (13.399888208000000 52.439900616999999)","Unfall 231160 (2022) Kat:3, Licht: 0","231160","3","6","2","04","16","3","","0","0","1","0","0"
"POINT (13.315981147000100 52.500988982000102)","Unfall 231161 (2022) Kat:2, Licht: 0","231161","2","5","1","04","18","5","","0","1","1","0","0"
"POINT (13.331306691000099 52.539731446000097)","Unfall 231162 (2022) Kat:3, Licht: 0","231162","3","6","2","04","18","5","","0","0","1","0","0"
"POINT (13.471268019000000 52.505073541000101)","Unfall 231163 (2022) Kat:3, Licht: 0","231163","3","2","6","05","06","2","","0","0","0","1","0"
"POINT (13.520566177999999 52.568506528999997)","Unfall 231164 (2022) Kat:3, Licht: 0","231164","3","3","5","04","12","2","","0","0","1","0","0"
"POINT (13.273015511000001 52.540378613000001)","Unfall 231165 (2022) Kat:3, Licht: 0","231165","3","3","1","03","17","3","","0","1","1","0","0"
"POINT (13.379080117000100 52.525744510999999)","Unfall 231166 (2022) Kat:3, Licht: 0","231166","3","5","1","03","16","5","","0","0","1","0","0"
"POINT (13.601362811000101 52.535806268999998)","Unfall 231167 (2022) Kat:3, Licht: 0","231167","3","2","5","04","19","5","","0","0","1","0","0"
"POINT (13.360854371000100 52.577013008999998)","Unfall 231168 (2022) Kat:3, Licht: 0","231168","3","1","9","04","16","2","","0","0","1","0","0"
"POINT (13.349175023000001 52.552030382000098)","Unfall 231169 (2022) Kat:3, Licht: 0","231169","3","7","5","03","15","6","","0","0","0","0","1"
"POINT (13.314370931999999 52.574583756999999)","Unfall 231170 (2022) Kat:3, Licht: 1","231170","3","3","5","04","20","1","","1","0","1","0","0"
"POINT (13.185030522000000 52.424409971999999)","Unfall 231171 (2022) Kat:3, Licht: 0","231171","3","5","1","03","13","2","","0","1","1","0","0"
"POINT (13.450355041000000 52.558969926000003)","Unfall 231172 (2022) Kat:3, Licht: 0","231172","3","6","3","03","12","5","","0","1","1","0","0"
"POINT (13.405163844000100 52.534051838000003)","Unfall 231173 (2022) Kat:3, Licht: 2","231173","3","1","0","04","23","2","","2","1","0","0","0"
"POINT (13.340382757000000 52.551118797000100)","Unfall 231174 (2022) Kat:3, Licht: 0","231174","3","2","5","03","13","6","","0","1","1","0","0"
"POINT (13.341328725000000 52.442500166999999)","Unfall 231175 (2022) Kat:3, Licht: 2","231175","3","6","2","03","20","1","","2","0","1","0","0"
"POINT (13.250077602999999 52.421245177000102)","Unfall 231176 (2022) Kat:3, Licht: 0","231176","3","3","5","03","12","5","","0","1","1","0","0"
"POINT (13.296785029000000 52.513632975000100)","Unfall 231177 (2022) Kat:3, Licht: 0","231177","3","3","5","04","17","4","","0","1","1","0","0"
"POINT (13.507972736999999 52.565372635000102)","Unfall 231178 (2022) Kat:2, Licht: 0","231178","2","4","6","04","15","4","","0","0","1","1","0"
"POINT (13.402184821000001 52.528605243000101)","Unfall 231179 (2022) Kat:3, Licht: 1","231179","3","1","0","04","20","7","","1","1","0","0","0"
"POINT (13.342734485999999 52.561012351000002)","Unfall 231180 (2022) Kat:3, Licht: 0","231180","3","7","0","04","10","2","","0","0","1","0","0"
"POINT (13.401427284000000 52.483575266000102)","Unfall 231181 (2022) Kat:3, Licht: 0","231181","3","7","5","03","13","6","","0","0","1","0","1"
"POINT (13.604053975000101 52.539570587000100)","Unfall 231182 (2022) Kat:2, Licht: 0","231182","2","3","5","04","16","6","","0","1","0","0","0"
"POINT (13.198500425000100 52.539576886000098)","Unfall 231183 (2022) Kat:3, Licht: 0","231183","3","6","2","03","17","2","","0","0","1","0","0"
"POINT (13.411305369999999 52.550758158000100)","Unfall 231184 (2022) Kat:3, Licht: 0","231184","3","7","0","04","19","7","","0","1","0","0","0"
"POINT (13.602636193000000 52.484064972000098)","Unfall 231185 (2022) Kat:3, Licht: 0","231185","3","4","6","05","14","3","","0","0","1","1","0"
"POINT (13.297994053000000 52.519467046000003)","Unfall 231186 (2022) Kat:3, Licht: 0","231186","3","6","2","04","15","4","","0","0","1","0","0"
"POINT (13.480379077000100 52.518990184000103)","Unfall 231187 (2022) Kat:3, Licht: 0","231187","3","3","5","03","15","6","","0","0","1","0","0"
"POINT (13.399766241000099 52.386675111000002)","Unfall 231188 (2022) Kat:3, Licht: 0","231188","3","5","1","03","13","4","","0","1","1","0","0"
"POINT (13.541341117000099 52.404191905000097)","Unfall 231189 (2022) Kat:2, Licht: 0","231189","2","3","5","03","08","5","","0","1","1","0","0"
"POINT (13.260471844000101 52.537022738000097)","Unfall 231190 (2022) Kat:3, Licht: 0","231190","3","6","2","04","11","3","","0","0","0","0","1"
"POINT (13.654250058000100 52.414473891000100)","Unfall 231191 (2022) Kat:3, Licht: 0","231191","3","6","4","04","11","6","","0","1","1","0","0"
"POINT (13.433814067000100 52.443900055000000)","Unfall 231192 (2022) Kat:2, Licht: 1","231192","2","6","2","04","05","6","","1","0","1","0","0"
"POINT (13.301767359000101 52.426797108000102)","Unfall 231193 (2022) Kat:3, Licht: 0","231193","3","4","6","03","17","2","","0","1","0","1","0"
"POINT (13.376064659000100 52.409122295000003)","Unfall 231194 (2022) Kat:3, Licht: 0","231194","3","7","5","03","13","3","","0","0","0","0","1"
"POINT (13.428463192000001 52.599506953000102)","Unfall 231195 (2022) Kat:3, Licht: 1","231195","3","3","5","04","05","3","","1","0","1","0","0"
"POINT (13.243394299000000 52.446506289000098)","Unfall 231196 (2022) Kat:3, Licht: 0","231196","3","3","5","04","13","6","","0","1","1","0","0"
"POINT (13.237948273000001 52.423942817000103)","Unfall 231197 (2022) Kat:2, Licht: 0","231197","2","5","1","05","12","2","","0","1","1","0","0"
"POINT (13.326135040000100 52.538272573000000)","Unfall 231198 (2022) Kat:3, Licht: 0","231198","3","6","2","04","18","3","","0","0","1","0","0"
"POINT (13.302746984000100 52.584222327000099)","Unfall 231199 (2022) Kat:3, Licht: 0","231199","3","2","2","03","10","4","","0","1","1","0","0"
"POINT (13.395828033000001 52.565956268000001)","Unfall 231200 (2022) Kat:2, Licht: 0","231200","2","2","5","03","11","4","","0","1","0","0","0"
"POINT (13.428535338000099 52.472663480000101)","Unfall 231201 (2022) Kat:3, Licht: 2","231201","3","5","1","04","02","6","","2","0","0","0","1"
"POINT (13.434990103000100 52.481167013000103)","Unfall 231202 (2022) Kat:3, Licht: 2","231202","3","6","3","04","23","5","","2","1","1","0","0"
"POINT (13.621595498000000 52.416304737000097)","Unfall 231203 (2022) Kat:2, Licht: 0","231203","2","1","9","04","13","1","","0","0","0","0","1"
"POINT (13.625647034000099 52.457540261000098)","Unfall 231204 (2022) Kat:3, Licht: 0","231204","3","3","5","03","16","6","","0","1","1","0","0"
"POINT (13.268884905000000 52.511478971000003)","Unfall 231205 (2022) Kat:3, Licht: 0","231205","3","2","2","03","16","3","","0","0","1","0","1"
"POINT (13.428110418000101 52.473474232000100)","Unfall 231206 (2022) Kat:2, Licht: 0","231206","2","2","5","04","16","3","","0","1","1","0","0"
"POINT (13.451011005000099 52.465036445000102)","Unfall 231207 (2022) Kat:3, Licht: 0","231207","3","6","2","04","09","6","","0","0","1","0","0"
"POINT (13.264834612000101 52.441586188000002)","Unfall 231208 (2022) Kat:3, Licht: 0","231208","3","3","5","04","15","7","","0","0","1","0","0"
"POINT (13.318396441000100 52.513875997000099)","Unfall 231209 (2022) Kat:2, Licht: 0","231209","2","6","3","03","17","2","","0","0","1","0","1"
"POINT (13.416179158000000 52.553715703000101)","Unfall 231210 (2022) Kat:2, Licht: 0","231210","2","6","3","03","16","3","","0","1","1","0","0"
"POINT (13.387504126000101 52.526278329000000)","Unfall 231211 (2022) Kat:2, Licht: 0","231211","2","1","0","04","08","4","","0","0","0","0","0"
"POINT (13.321606226000000 52.500320258999999)","Unfall 231212 (2022) Kat:3, Licht: 0","231212","3","7","6","04","11","6","","0","1","0","1","0"
"POINT (13.332501813000000 52.440299020000097)","Unfall 231213 (2022) Kat:3, Licht: 0","231213","3","3","5","05","08","2","","0","1","1","0","0"
"POINT (13.553268301000100 52.433997935999997)","Unfall 231214 (2022) Kat:3, Licht: 0","231214","3","3","5","04","07","4","","0","0","0","0","0"
"POINT (13.494425869000100 52.545630670000001)","Unfall 231215 (2022) Kat:2, Licht: 0","231215","2","2","5","03","16","5","","0","1","1","0","0"
"POINT (13.189934956000100 52.537840111000001)","Unfall 231216 (2022) Kat:3, Licht: 0","231216","3","5","1","03","14","4","","0","1","1","0","0"
"POINT (13.242739442000101 52.556511461000099)","Unfall 231217 (2022) Kat:3, Licht: 0","231217","3","7","7","04","17","7","","0","1","0","0","0"
"POINT (13.272394916000099 52.453474602000000)","Unfall 231218 (2022) Kat:3, Licht: 2","231218","3","2","5","04","20","4","","2","1","1","0","0"
"POINT (13.347460207999999 52.470539659000103)","Unfall 231219 (2022) Kat:3, Licht: 0","231219","3","6","2","04","17","1","","0","0","1","0","0"
"POINT (13.521915416000100 52.536029184000000)","Unfall 231220 (2022) Kat:3, Licht: 0","231220","3","3","5","04","07","3","","0","1","1","0","0"
"POINT (13.375388965000100 52.537769141000098)","Unfall 231221 (2022) Kat:3, Licht: 0","231221","3","6","2","03","14","2","","0","1","1","0","0"
"POINT (13.562082151000000 52.511253007999997)","Unfall 231222 (2022) Kat:3, Licht: 0","231222","3","6","2","03","17","4","","0","0","1","0","0"
"POINT (13.387536638000000 52.527238955000001)","Unfall 231223 (2022) Kat:3, Licht: 0","231223","3","6","3","03","12","2","","0","1","0","0","0"
"POINT (13.337105598000100 52.488197404000097)","Unfall 231224 (2022) Kat:2, Licht: 0","231224","2","3","5","03","10","6","","0","0","1","0","1"
"POINT (13.457543467000100 52.430845057000099)","Unfall 231225 (2022) Kat:3, Licht: 0","231225","3","3","5","04","16","3","","0","1","1","0","0"
"POINT (13.440037426000099 52.548282696999998)","Unfall 231226 (2022) Kat:3, Licht: 0","231226","3","2","5","04","15","5","","0","0","1","0","1"
"POINT (13.646726873000000 52.350447897999999)","Unfall 231227 (2022) Kat:2, Licht: 0","231227","2","1","8","04","14","5","","0","0","1","0","0"
"POINT (13.404360382000000 52.557984202999997)","Unfall 231228 (2022) Kat:3, Licht: 0","231228","3","3","5","05","19","1","","0","1","1","0","0"
"POINT (13.454362107000099 52.549214409999998)","Unfall 231229 (2022) Kat:3, Licht: 0","231229","3","3","5","04","15","2","","0","0","1","0","0"
"POINT (13.429945854000000 52.469889367000100)","Unfall 231230 (2022) Kat:3, Licht: 0","231230","3","6","2","03","11","3","","0","0","1","0","0"
"POINT (13.278880939000000 52.503259281000098)","Unfall 231231 (2022) Kat:3, Licht: 0","231231","3","6","3","04","16","5","","0","0","1","0","0"
"POINT (13.310592831000100 52.568026363999998)","Unfall 231232 (2022) Kat:2, Licht: 0","231232","2","3","5","04","16","2","","0","0","0","0","1"
"POINT (13.297453171000001 52.538188740000102)","Unfall 231233 (2022) Kat:3, Licht: 0","231233","3","3","5","03","15","6","","0","1","1","0","0"
"POINT (13.326362314000100 52.624107711000100)","Unfall 231234 (2022) Kat:3, Licht: 0","231234","3","3","5","04","07","1","","0","0","1","0","0"
"POINT (13.427904210000101 52.491724641000097)","Unfall 231235 (2022) Kat:3, Licht: 1","231235","3","6","4","03","17","2","","1","1","1","0","0"
"POINT (13.351175564000100 52.504590608999997)","Unfall 231236 (2022) Kat:3, Licht: 0","231236","3","6","2","03","14","5","","0","0","1","0","0"
"POINT (13.435055167000000 52.438544161999999)","Unfall 231237 (2022) Kat:3, Licht: 0","231237","3","4","6","04","08","2","","0","0","1","1","0"
"POINT (13.410407695000099 52.503502929000000)","Unfall 231238 (2022) Kat:3, Licht: 0","231238","3","6","2","03","18","6","","0","0","1","0","1"
"POINT (13.394287498000001 52.506954716999999)","Unfall 231239 (2022) Kat:3, Licht: 2","231239","3","3","5","03","04","1","","2","0","1","0","1"
"POINT (13.332044688000099 52.478693573000001)","Unfall 231240 (2022) Kat:3, Licht: 0","231240","3","6","2","03","07","6","","0","0","1","0","0"
"POINT (13.519027920999999 52.461311342999998)","Unfall 231241 (2022) Kat:3, Licht: 0","231241","3","2","5","04","09","4","","0","1","1","0","0"
"POINT (13.684794344000100 52.443221353000098)","Unfall 231242 (2022) Kat:3, Licht: 0","231242","3","2","2","04","10","4","","0","0","0","0","1"
"POINT (13.357163919000101 52.535833798000098)","Unfall 231243 (2022) Kat:3, Licht: 0","231243","3","6","2","04","17","7","","0","0","1","0","0"
"POINT (13.408156958000101 52.504373489999999)","Unfall 231244 (2022) Kat:3, Licht: 0","231244","3","6","3","04","18","1","","0","1","1","0","0"
"POINT (13.299706002000100 52.578994640000097)","Unfall 231245 (2022) Kat:2, Licht: 0","231245","2","2","5","03","08","6","","0","1","0","0","0"
"POINT (13.579340564000100 52.418789711999999)","Unfall 231246 (2022) Kat:3, Licht: 0","231246","3","2","5","03","10","3","","0","1","1","0","0"
"POINT (13.318520188999999 52.432526645999999)","Unfall 231247 (2022) Kat:3, Licht: 0","231247","3","6","2","04","18","6","","0","1","1","0","0"
"POINT (13.576461860000100 52.513229504000002)","Unfall 231248 (2022) Kat:3, Licht: 0","231248","3","4","6","03","17","1","","0","0","0","1","0"
"POINT (13.481169066000099 52.482649212000098)","Unfall 231249 (2022) Kat:3, Licht: 0","231249","3","2","0","04","16","7","","0","0","1","0","1"
"POINT (13.436572253000101 52.484317449999999)","Unfall 231250 (2022) Kat:3, Licht: 0","231250","3","5","1","04","13","4","","0","1","1","0","0"
"POINT (13.373972551000101 52.547552668999998)","Unfall 231251 (2022) Kat:3, Licht: 0","231251","3","2","5","03","07","6","","0","1","1","0","0"
"POINT (13.414226967999999 52.553614248000002)","Unfall 231252 (2022) Kat:2, Licht: 1","231252","2","3","5","03","19","3","","1","0","1","0","0"
"POINT (13.543095256000100 52.440376414000099)","Unfall 231253 (2022) Kat:2, Licht: 0","231253","2","7","2","03","16","4","","0","1","0","0","0"
"POINT (13.522218094999999 52.426681664000100)","Unfall 231254 (2022) Kat:3, Licht: 0","231254","3","6","2","04","14","4","","0","0","1","0","0"
"POINT (13.346011682000000 52.496417250000000)","Unfall 231255 (2022) Kat:2, Licht: 0","231255","2","6","3","04","17","6","","0","0","1","0","1"
"POINT (13.476502480000001 52.425571752000103)","Unfall 231256 (2022) Kat:3, Licht: 2","231256","3","3","5","04","22","6","","2","0","1","0","0"
"POINT (13.371170239000000 52.511121667000097)","Unfall 231257 (2022) Kat:2, Licht: 1","231257","2","2","5","03","18","5","","1","0","1","0","1"
"POINT (13.200266171000100 52.545219357000100)","Unfall 231258 (2022) Kat:3, Licht: 0","231258","3","5","1","03","16","2","","0","0","1","0","0"
"POINT (13.342047668000101 52.434152738000101)","Unfall 231259 (2022) Kat:3, Licht: 0","231259","3","5","0","03","16","4","","0","0","1","0","0"
"POINT (13.286670515000001 52.518744939000001)","Unfall 231260 (2022) Kat:3, Licht: 0","231260","3","2","5","03","18","2","","0","1","1","0","0"
"POINT (13.379047319000099 52.525919026000103)","Unfall 231261 (2022) Kat:3, Licht: 0","231261","3","6","2","04","09","3","","0","1","0","0","0"
"POINT (13.312281725000000 52.419756714000101)","Unfall 231262 (2022) Kat:2, Licht: 0","231262","2","6","0","04","16","5","","0","0","1","0","0"
"POINT (13.463348193000099 52.508143736000100)","Unfall 231263 (2022) Kat:3, Licht: 0","231263","3","3","5","04","10","6","","0","1","1","0","0"
"POINT (13.470426358999999 52.553714655000100)","Unfall 231264 (2022) Kat:3, Licht: 0","231264","3","3","5","05","14","2","","0","1","1","0","0"
"POINT (13.564554227000000 52.521255207000102)","Unfall 231265 (2022) Kat:3, Licht: 0","231265","3","1","8","04","07","3","","0","0","0","0","0"
"POINT (13.349969660000101 52.434306219000099)","Unfall 231266 (2022) Kat:2, Licht: 0","231266","2","4","6","03","10","4","","0","0","1","1","0"
"POINT (13.563478933000100 52.445657563000097)","Unfall 231267 (2022) Kat:3, Licht: 0","231267","3","3","0","03","06","4","","0","1","1","0","0"
"POINT (13.179044964000100 52.548676997000001)","Unfall 231268 (2022) Kat:3, Licht: 0","231268","3","2","0","04","14","6","","0","0","1","0","1"
"POINT (13.281381123000100 52.512835188000103)","Unfall 231269 (2022) Kat:3, Licht: 0","231269","3","3","5","04","08","5","","0","0","1","0","0"
"POINT (13.365562362000000 52.556823031000100)","Unfall 231270 (2022) Kat:3, Licht: 2","231270","3","2","5","03","00","1","","2","0","1","0","0"
"POINT (13.284644704000099 52.497301666000098)","Unfall 231271 (2022) Kat:2, Licht: 0","231271","2","5","1","04","08","2","","0","1","1","0","0"
"POINT (13.325448940999999 52.503813143999999)","Unfall 231272 (2022) Kat:3, Licht: 0","231272","3","6","2","03","11","3","","0","0","1","0","0"
"POINT (13.398590339000100 52.443331102999998)","Unfall 231273 (2022) Kat:3, Licht: 0","231273","3","6","2","04","16","3","","0","0","1","0","0"
"POINT (13.431889275000101 52.505656946999999)","Unfall 231274 (2022) Kat:3, Licht: 0","231274","3","3","5","03","13","7","","0","0","1","0","1"
"POINT (13.574563369000000 52.555232744000101)","Unfall 231275 (2022) Kat:2, Licht: 2","231275","2","3","5","03","05","1","","2","0","1","0","0"
"POINT (13.266779889000100 52.510868861000098)","Unfall 231276 (2022) Kat:3, Licht: 0","231276","3","7","6","03","09","6","","0","0","1","1","0"
"POINT (13.356275887000001 52.535878441000101)","Unfall 231277 (2022) Kat:3, Licht: 2","231277","3","3","5","04","21","3","","2","1","0","0","0"
"POINT (13.413906197000101 52.552117445000100)","Unfall 231278 (2022) Kat:3, Licht: 0","231278","3","1","0","04","09","5","","0","1","0","0","0"
"POINT (13.348885250000000 52.596298582000003)","Unfall 231279 (2022) Kat:2, Licht: 0","231279","2","5","1","04","13","4","","0","0","1","0","0"
"POINT (13.416457706000100 52.511006610999999)","Unfall 231280 (2022) Kat:3, Licht: 0","231280","3","3","5","05","09","2","","0","0","1","0","0"
"POINT (13.449453727000000 52.547520275000103)","Unfall 231281 (2022) Kat:3, Licht: 0","231281","3","6","0","04","16","2","","0","0","0","0","0"
"POINT (13.257751468000000 52.433586517999998)","Unfall 231282 (2022) Kat:3, Licht: 0","231282","3","6","2","03","12","3","","0","1","1","0","0"
"POINT (13.443161395000100 52.571207564000098)","Unfall 231283 (2022) Kat:2, Licht: 0","231283","2","3","5","04","12","5","","0","0","1","0","1"
"POINT (13.286731466999999 52.535167995000101)","Unfall 231284 (2022) Kat:3, Licht: 0","231284","3","3","5","04","10","3","","0","0","1","0","0"
"POINT (13.352856211000100 52.564453745999998)","Unfall 231285 (2022) Kat:2, Licht: 0","231285","2","3","5","03","16","6","","0","1","1","0","0"
"POINT (13.247635440000099 52.614545490000097)","Unfall 231286 (2022) Kat:3, Licht: 0","231286","3","3","5","03","20","3","","0","0","1","0","0"
"POINT (13.382051266000101 52.514032412000098)","Unfall 231287 (2022) Kat:3, Licht: 0","231287","3","2","5","04","15","7","","0","1","1","0","0"
"POINT (13.319455961000100 52.487063499999998)","Unfall 231288 (2022) Kat:3, Licht: 0","231288","3","5","1","03","15","3","","0","1","1","0","0"
"POINT (13.566184495000099 52.534262947000101)","Unfall 231289 (2022) Kat:3, Licht: 0","231289","3","2","5","04","15","2","","0","1","1","0","0"
"POINT (13.435533438000000 52.480897272000000)","Unfall 231290 (2022) Kat:2, Licht: 2","231290","2","2","6","04","21","5","","2","0","1","1","0"
"POINT (13.439411382999999 52.535251070000101)","Unfall 231291 (2022) Kat:3, Licht: 0","231291","3","4","6","03","12","7","","0","0","1","1","0"
"POINT (13.348917052999999 52.456397942000102)","Unfall 231292 (2022) Kat:2, Licht: 0","231292","2","7","0","03","18","4","","0","0","1","0","0"
"POINT (13.560578614000100 52.489010096000101)","Unfall 231293 (2022) Kat:3, Licht: 0","231293","3","5","1","03","10","5","","0","0","1","0","0"
"POINT (13.564269683000100 52.544726900999997)","Unfall 231294 (2022) Kat:3, Licht: 0","231294","3","4","0","04","18","3","","0","1","0","1","0"
"POINT (13.351129372000100 52.564169934000098)","Unfall 231295 (2022) Kat:2, Licht: 0","231295","2","7","0","03","14","1","","0","0","1","0","0"
"POINT (13.341789452000100 52.534954100999997)","Unfall 231296 (2022) Kat:3, Licht: 0","231296","3","7","0","03","17","4","","0","0","0","0","1"
"POINT (13.331395337000099 52.573522204000000)","Unfall 231297 (2022) Kat:3, Licht: 2","231297","3","2","5","03","19","2","","2","0","1","0","0"
"POINT (13.330865614000100 52.487370700000000)","Unfall 231298 (2022) Kat:2, Licht: 2","231298","2","3","5","03","00","7","","2","0","1","0","0"
"POINT (13.410634321000000 52.408455394000001)","Unfall 231299 (2022) Kat:3, Licht: 0","231299","3","3","5","04","18","2","","0","0","1","0","0"
"POINT (13.384474252000100 52.556072444999998)","Unfall 231300 (2022) Kat:3, Licht: 0","231300","3","2","2","04","11","5","","0","1","1","0","0"
"POINT (13.438119838000000 52.503077644000001)","Unfall 231301 (2022) Kat:3, Licht: 0","231301","3","6","3","04","13","5","","0","1","1","0","0"
"POINT (13.451549170000000 52.489076001000100)","Unfall 231302 (2022) Kat:3, Licht: 0","231302","3","5","1","05","17","2","","0","1","1","0","0"
"POINT (13.394520306000100 52.547425277000102)","Unfall 231303 (2022) Kat:3, Licht: 0","231303","3","7","2","04","19","2","","0","0","1","0","1"
"POINT (13.452243884000000 52.510648945000099)","Unfall 231304 (2022) Kat:3, Licht: 0","231304","3","5","1","03","18","3","","0","1","1","0","0"
"POINT (13.395679016000001 52.507039137000000)","Unfall 231305 (2022) Kat:2, Licht: 0","231305","2","7","0","04","10","5","","0","1","0","0","0"
"POINT (13.308532591000100 52.495751204999998)","Unfall 231306 (2022) Kat:3, Licht: 0","231306","3","6","3","04","10","3","","0","0","1","0","1"