WKT,Name,OBJECTID,UKATEGORIE,UTYP1,UART,UMONAT,USTUNDE,UWOCHENTAG,STRZUSTAND,ULICHTVERH,ISTRAD,ISTPKW,ISTFUSS,ISTKRAD
"POINT (13.571145597000100 52.545891013000102)","Unfall 231307 (2022) Kat:3, Licht: 0","231307","3","6","2","03","13","6","","0","0","1","0","0"
"POINT (13.374957096999999 52.455452102999999)","Unfall 231308 (2022) Kat:3, Licht: 0","231308","3","2","5","04","10","7","","0","1","1","0","0"
"POINT (13.297351050000000 52.506768477999998)","Unfall 231309 (2022) Kat:3, Licht: 0","231309","3","5","5","03","15","3","","0","1","1","0","0"
"POINT (13.464844899000100 52.509662954000099)","Unfall 231310 (2022) Kat:2, Licht: 2","231310","2","1","0","04","23","1","","2","0","0","0","1"
"POINT (13.232568718000000 52.539420705000097)","Unfall 231311 (2022) Kat:3, Licht: 2","231311","3","1","8","03","23","6","","2","0","1","0","0"
"POINT (13.366201483000101 52.493651015000097)","Unfall 231312 (2022) Kat:3, Licht: 2","231312","3","1","0","03","01","1","","2","0","0","0","1"
"POINT (13.315614101000101 52.441630492000101)","Unfall 231313 (2022) Kat:3, Licht: 0","231313","3","3","5","04","08","4","","0","1","1","0","0"
"POINT (13.591579016000001 52.544819324999999)","Unfall 231314 (2022) Kat:3, Licht: 0","231314","3","2","5","04","09","4","","0","0","1","0","0"
"POINT (13.359358247999999 52.546385246000099)","Unfall 231315 (2022) Kat:2, Licht: 2","231315","2","3","5","04","00","7","","2","0","1","1","0"
"POINT (13.313849638000001 52.573144893000098)","Unfall 231316 (2022) Kat:3, Licht: 2","231316","3","5","1","04","21","1","","2","1","1","0","0"
"POINT (13.387082108000101 52.500632557000102)","Unfall 231317 (2022) Kat:2, Licht: 0","231317","2","6","2","03","08","5","","0","0","1","0","1"
"POINT (13.305089442000099 52.417902255000101)","Unfall 231318 (2022) Kat:3, Licht: 0","231318","3","3","5","03","17","2","","0","0","1","0","0"
"POINT (13.351127257000000 52.515175961000097)","Unfall 231319 (2022) Kat:3, Licht: 0","231319","3","6","2","04","15","6","","0","0","1","0","0"
"POINT (13.373886288000101 52.462946348999999)","Unfall 231320 (2022) Kat:3, Licht: 0","231320","3","7","6","03","12","1","","0","0","1","1","0"
"POINT (13.578826985999999 52.443977172000103)","Unfall 231321 (2022) Kat:3, Licht: 0","231321","3","6","2","04","17","1","","0","0","1","0","1"
"POINT (13.190606535000001 52.536359483000098)","Unfall 231322 (2022) Kat:3, Licht: 2","231322","3","4","6","04","22","4","","2","0","1","1","0"
"POINT (13.414979895000000 52.493007435999999)","Unfall 231323 (2022) Kat:3, Licht: 0","231323","3","6","3","03","08","5","","0","1","1","0","0"
"POINT (13.205387526999999 52.541760114000098)","Unfall 231324 (2022) Kat:3, Licht: 1","231324","3","2","6","03","06","3","","1","0","1","1","0"
"POINT (13.573026824000101 52.454282870999997)","Unfall 231325 (2022) Kat:3, Licht: 0","231325","3","6","2","03","08","4","","0","1","1","0","0"
"POINT (13.411664992000100 52.523962591000000)","Unfall 231326 (2022) Kat:3, Licht: 0","231326","3","2","5","04","07","4","","0","1","0","0","1"
"POINT (13.172365524000000 52.519962705000097)","Unfall 231327 (2022) Kat:3, Licht: 0","231327","3","3","5","04","11","1","","0","0","1","0","0"
"POINT (13.320266308000001 52.476627074000099)","Unfall 231328 (2022) Kat:2, Licht: 0","231328","2","4","6","04","13","6","","0","0","1","1","0"
"POINT (13.410182899000100 52.439025309999998)","Unfall 231329 (2022) Kat:3, Licht: 0","231329","3","7","2","04","10","7","","0","0","1","0","0"
"POINT (13.392769874000100 52.412610479000101)","Unfall 231330 (2022) Kat:3, Licht: 0","231330","3","2","5","03","15","2","","0","0","1","0","0"
"POINT (13.607030559000100 52.518149225999998)","Unfall 231331 (2022) Kat:3, Licht: 2","231331","3","5","1","03","20","4","","2","0","1","0","0"
"POINT (13.405371948999999 52.565435166000000)","Unfall 231332 (2022) Kat:3, Licht: 0","231332","3","6","0","03","17","2","","0","1","0","0","0"
"POINT (13.411781274000100 52.537854242999998)","Unfall 231333 (2022) Kat:3, Licht: 0","231333","3","6","2","04","18","4","","0","1","1","0","0"
"POINT (13.291534390000001 52.458047114000102)","Unfall 231334 (2022) Kat:3, Licht: 0","231334","3","5","1","04","14","5","","0","1","1","0","0"
"POINT (13.344091685000000 52.546510463000097)","Unfall 231335 (2022) Kat:3, Licht: 0","231335","3","6","3","04","18","6","","0","0","1","0","0"
"POINT (13.443101700000099 52.470489000000001)","Unfall 231336 (2022) Kat:3, Licht: 0","231336","3","3","5","05","08","2","","0","0","1","0","0"
"POINT (13.471699400000000 52.507837218000098)","Unfall 231337 (2022) Kat:3, Licht: 0","231337","3","2","2","04","14","3","","0","0","1","0","1"
"POINT (13.335564000000000 52.565182267000097)","Unfall 231338 (2022) Kat:3, Licht: 0","231338","3","2","2","03","15","4","","0","0","1","0","0"
"POINT (13.409174816000100 52.501649654000097)","Unfall 231339 (2022) Kat:3, Licht: 0","231339","3","3","5","03","16","3","","0","1","0","0","0"
"POINT (13.399458118000000 52.498289227000001)","Unfall 231340 (2022) Kat:3, Licht: 0","231340","3","3","5","04","13","6","","0","0","1","0","0"
"POINT (13.431954642999999 52.515170458000100)","Unfall 231341 (2022) Kat:3, Licht: 0","231341","3","4","6","04","15","5","","0","0","0","1","0"
"POINT (13.109200912000100 52.413628508999999)","Unfall 231342 (2022) Kat:2, Licht: 0","231342","2","2","6","03","13","7","","0","0","1","1","0"
"POINT (13.345160146000101 52.488821981999997)","Unfall 231343 (2022) Kat:3, Licht: 0","231343","3","6","2","04","14","2","","0","0","1","0","0"
"POINT (13.422382819000100 52.540679384000001)","Unfall 231344 (2022) Kat:2, Licht: 0","231344","2","3","5","03","16","4","","0","1","0","0","0"
"POINT (13.503259856000099 52.497897283000000)","Unfall 231345 (2022) Kat:3, Licht: 0","231345","3","3","5","04","07","3","","0","1","0","0","0"
"POINT (13.621778856000001 52.536621568000001)","Unfall 231346 (2022) Kat:3, Licht: 2","231346","3","7","8","03","02","1","","2","0","1","0","0"
"POINT (13.592164050000100 52.546392463000103)","Unfall 231347 (2022) Kat:3, Licht: 0","231347","3","2","2","03","16","1","","0","1","1","0","0"
"POINT (13.512731890000101 52.555357143999998)","Unfall 231348 (2022) Kat:3, Licht: 0","231348","3","4","6","03","15","5","","0","0","1","1","0"
"POINT (13.448899416000099 52.485059681999999)","Unfall 231349 (2022) Kat:3, Licht: 1","231349","3","2","5","04","19","3","","1","0","1","0","0"
"POINT (13.499721470000100 52.525456521000102)","Unfall 231350 (2022) Kat:2, Licht: 0","231350","2","4","6","04","14","5","","0","0","1","1","0"
"POINT (13.354496285000000 52.459024661000100)","Unfall 231351 (2022) Kat:3, Licht: 0","231351","3","5","0","04","13","5","","0","0","0","0","0"
"POINT (13.370661196000100 52.499952590000099)","Unfall 231352 (2022) Kat:3, Licht: 2","231352","3","3","5","05","23","1","","2","0","1","0","0"
"POINT (13.434126578000100 52.463087363000099)","Unfall 231353 (2022) Kat:3, Licht: 0","231353","3","2","5","04","10","2","","0","0","0","0","1"
"POINT (13.285930996999999 52.453435710000100)","Unfall 231354 (2022) Kat:3, Licht: 0","231354","3","3","5","04","11","5","","0","1","1","0","0"
"POINT (13.295547165000100 52.474005544000100)","Unfall 231355 (2022) Kat:3, Licht: 0","231355","3","6","2","04","10","3","","0","0","1","0","0"
"POINT (13.421138545000099 52.503902011999998)","Unfall 231356 (2022) Kat:3, Licht: 2","231356","3","5","1","03","02","7","","2","1","0","0","0"
"POINT (13.358266605000001 52.434091850000101)","Unfall 231357 (2022) Kat:3, Licht: 0","231357","3","7","5","04","12","7","","0","0","1","0","0"
"POINT (13.385681569999999 52.555915988000002)","Unfall 231358 (2022) Kat:2, Licht: 0","231358","2","6","2","03","09","3","","0","0","1","0","1"
"POINT (13.568713208000100 52.537973287000099)","Unfall 231359 (2022) Kat:3, Licht: 0","231359","3","6","2","04","16","7","","0","0","1","0","0"
"POINT (13.398360990000100 52.592395704000097)","Unfall 231360 (2022) Kat:3, Licht: 0","231360","3","3","5","04","16","4","","0","0","1","0","0"
"POINT (13.212810658000000 52.547373207000099)","Unfall 231361 (2022) Kat:3, Licht: 2","231361","3","6","4","03","23","6","","2","0","1","0","1"
"POINT (13.428865460999999 52.481267242000101)","Unfall 231362 (2022) Kat:3, Licht: 0","231362","3","7","1","03","17","4","","0","1","1","0","0"
"POINT (13.436661062000001 52.479885636000098)","Unfall 231363 (2022) Kat:3, Licht: 0","231363","3","4","6","03","14","4","","0","0","1","1","0"
"POINT (13.482521425000099 52.563839106000003)","Unfall 231364 (2022) Kat:3, Licht: 0","231364","3","7","2","04","13","4","","0","0","1","1","0"
"POINT (13.324439823000001 52.498059462000100)","Unfall 231365 (2022) Kat:3, Licht: 0","231365","3","4","6","04","15","4","","0","0","1","1","0"
"POINT (13.200644690000001 52.538629815000000)","Unfall 231366 (2022) Kat:2, Licht: 0","231366","2","2","5","05","11","1","","0","0","1","0","0"
"POINT (13.437631069000100 52.463568922000000)","Unfall 231367 (2022) Kat:3, Licht: 1","231367","3","3","0","04","06","1","","1","1","0","0","0"
"POINT (13.199659511000000 52.534546816000002)","Unfall 231368 (2022) Kat:3, Licht: 0","231368","3","2","5","03","12","5","","0","1","1","0","0"
"POINT (13.389777010000000 52.531730535000101)","Unfall 231369 (2022) Kat:3, Licht: 2","231369","3","2","5","04","19","6","","2","1","1","0","0"
"POINT (13.314668287000099 52.417391075000097)","Unfall 231370 (2022) Kat:2, Licht: 0","231370","2","6","3","03","07","1","","0","0","1","0","0"
"POINT (13.294426144000100 52.445041160000102)","Unfall 231371 (2022) Kat:3, Licht: 0","231371","3","6","0","04","09","6","","0","1","0","0","0"
"POINT (13.436016845999999 52.504019923999998)","Unfall 231372 (2022) Kat:3, Licht: 2","231372","3","7","5","05","00","2","","2","1","1","0","0"
"POINT (13.509330781000100 52.443143018000100)","Unfall 231373 (2022) Kat:3, Licht: 0","231373","3","6","4","04","07","3","","0","0","1","0","0"
"POINT (13.409004424999999 52.541302476000098)","Unfall 231374 (2022) Kat:3, Licht: 2","231374","3","5","1","03","19","5","","2","1","1","0","0"
"POINT (13.310143419999999 52.493647170000003)","Unfall 231375 (2022) Kat:2, Licht: 0","231375","2","2","5","03","07","4","","0","1","1","0","0"
"POINT (13.325174940000100 52.502575944000100)","Unfall 231376 (2022) Kat:3, Licht: 0","231376","3","2","5","04","10","4","","0","1","1","0","0"
"POINT (13.371253538000101 52.511134540999997)","Unfall 231377 (2022) Kat:3, Licht: 0","231377","3","2","5","04","07","7","","0","0","1","0","0"
"POINT (13.354275797000099 52.489985852000103)","Unfall 231378 (2022) Kat:3, Licht: 0","231378","3","6","2","04","11","7","","0","1","1","0","0"
"POINT (13.229085382000100 52.425831310000000)","Unfall 231379 (2022) Kat:3, Licht: 0","231379","3","3","5","04","09","3","","0","1","1","0","0"
"POINT (13.390153614999999 52.527773645000103)","Unfall 231380 (2022) Kat:3, Licht: 0","231380","3","7","6","04","17","4","","0","0","0","1","0"
"POINT (13.418094775000000 52.515475847000097)","Unfall 231381 (2022) Kat:3, Licht: 0","231381","3","2","5","04","17","3","","0","0","0","0","1"
"POINT (13.422174781000001 52.579787242000101)","Unfall 231382 (2022) Kat:3, Licht: 0","231382","3","5","1","04","16","7","","0","1","1","0","0"
"POINT (13.378268693000100 52.467035597000098)","Unfall 231383 (2022) Kat:2, Licht: 0","231383","2","2","6","04","14","2","","0","0","1","1","0"
"POINT (13.460022808000099 52.431805973000102)","Unfall 231384 (2022) Kat:3, Licht: 0","231384","3","2","2","03","15","5","","0","1","1","0","0"
"POINT (13.329657697000100 52.472496182000000)","Unfall 231385 (2022) Kat:3, Licht: 2","231385","3","5","1","03","00","5","","2","0","1","0","0"
"POINT (13.479717622000100 52.523827021000002)","Unfall 231386 (2022) Kat:3, Licht: 0","231386","3","7","6","03","14","3","","0","1","0","1","0"
"POINT (13.441729204000101 52.500699238999999)","Unfall 231387 (2022) Kat:3, Licht: 0","231387","3","4","6","04","11","6","","0","0","0","1","0"
"POINT (13.438746618000000 52.452190467999998)","Unfall 231388 (2022) Kat:3, Licht: 0","231388","3","3","5","03","07","2","","0","1","1","0","0"
"POINT (13.658430044000101 52.414141062000098)","Unfall 231389 (2022) Kat:3, Licht: 0","231389","3","4","6","04","13","7","","0","0","0","1","0"
"POINT (13.613099792000099 52.500522879000101)","Unfall 231390 (2022) Kat:3, Licht: 0","231390","3","3","0","05","15","2","","0","0","1","0","0"
"POINT (13.198246850000000 52.533016983000003)","Unfall 231391 (2022) Kat:3, Licht: 0","231391","3","2","3","04","15","4","","0","1","1","0","0"
"POINT (13.332530254000099 52.478693459000098)","Unfall 231392 (2022) Kat:3, Licht: 0","231392","3","1","1","03","07","5","","0","0","1","0","0"
"POINT (13.503795286000100 52.526281165999997)","Unfall 231393 (2022) Kat:3, Licht: 0","231393","3","2","5","03","09","4","","0","1","1","0","0"
"POINT (13.541348312000000 52.435277210999999)","Unfall 231394 (2022) Kat:3, Licht: 0","231394","3","2","5","04","08","3","","0","1","1","0","0"
"POINT (13.135670491999999 52.448952066000103)","Unfall 231395 (2022) Kat:3, Licht: 0","231395","3","3","5","04","15","7","","0","1","0","0","0"
"POINT (13.438969780000001 52.502626695000103)","Unfall 231396 (2022) Kat:3, Licht: 0","231396","3","2","5","04","16","6","","0","1","0","0","0"
"POINT (13.231479812000000 52.527746461000000)","Unfall 231397 (2022) Kat:3, Licht: 0","231397","3","6","2","04","11","6","","0","0","1","0","0"
"POINT (13.294314344000000 52.533386188000101)","Unfall 231398 (2022) Kat:3, Licht: 2","231398","3","6","2","03","20","5","","2","0","1","0","0"
"POINT (13.285979325000000 52.449612020000103)","Unfall 231399 (2022) Kat:3, Licht: 0","231399","3","3","5","04","07","3","","0","0","1","0","0"
"POINT (13.419100981000000 52.530873110000101)","Unfall 231400 (2022) Kat:3, Licht: 0","231400","3","6","2","03","14","2","","0","0","1","0","0"
"POINT (13.370708217000100 52.523487369000101)","Unfall 231401 (2022) Kat:3, Licht: 0","231401","3","7","0","03","18","4","","0","1","0","0","0"
"POINT (13.454164623000100 52.526426160000000)","Unfall 231402 (2022) Kat:3, Licht: 0","231402","3","3","5","03","17","2","","0","1","1","0","0"
"POINT (13.398932597000099 52.508226520999997)","Unfall 231403 (2022) Kat:3, Licht: 0","231403","3","3","5","03","08","6","","0","1","1","0","0"
"POINT (13.207128051000000 52.544345053000001)","Unfall 231404 (2022) Kat:3, Licht: 0","231404","3","5","1","04","11","4","","0","0","1","0","0"
"POINT (13.293820838000000 52.445596110000103)","Unfall 231405 (2022) Kat:3, Licht: 0","231405","3","2","2","04","19","5","","0","0","1","0","0"
"POINT (13.440362032000101 52.450819388000099)","Unfall 231406 (2022) Kat:3, Licht: 0","231406","3","3","5","04","15","6","","0","0","1","0","0"
"POINT (13.431521375000001 52.467154058000098)","Unfall 231407 (2022) Kat:3, Licht: 2","231407","3","2","2","05","21","1","","2","0","0","0","1"
"POINT (13.376135915000100 52.549225609000104)","Unfall 231408 (2022) Kat:3, Licht: 0","231408","3","4","6","04","07","4","","0","0","1","1","0"
"POINT (13.352183848999999 52.504089266999998)","Unfall 231409 (2022) Kat:3, Licht: 0","231409","3","4","6","03","15","3","","0","0","0","1","0"
"POINT (13.416424531000100 52.519909931000001)","Unfall 231410 (2022) Kat:3, Licht: 0","231410","3","6","0","03","15","3","","0","0","1","0","1"
"POINT (13.328969691000101 52.454081581000104)","Unfall 231411 (2022) Kat:3, Licht: 0","231411","3","2","2","04","12","7","","0","1","1","0","0"
"POINT (13.421624952000100 52.541738819000003)","Unfall 231412 (2022) Kat:3, Licht: 0","231412","3","4","6","04","10","5","","0","1","0","1","0"
"POINT (13.315248329999999 52.449438516000001)","Unfall 231413 (2022) Kat:3, Licht: 0","231413","3","3","5","03","14","1","","0","0","0","0","1"
"POINT (13.514815262000100 52.482782329000003)","Unfall 231414 (2022) Kat:2, Licht: 0","231414","2","1","0","04","15","2","","0","1","0","0","0"
"POINT (13.463045646000101 52.508262799000100)","Unfall 231415 (2022) Kat:3, Licht: 2","231415","3","6","0","03","21","3","","2","1","1","0","0"
"POINT (13.602726557000000 52.514870347000098)","Unfall 231416 (2022) Kat:3, Licht: 0","231416","3","7","0","04","08","2","","0","0","1","0","0"
"POINT (13.414008578000100 52.553627603999999)","Unfall 231417 (2022) Kat:3, Licht: 0","231417","3","6","2","03","10","2","","0","1","0","0","0"
"POINT (13.471299768000099 52.505183428000102)","Unfall 231418 (2022) Kat:3, Licht: 1","231418","3","2","2","03","17","7","","1","0","1","0","0"
"POINT (13.167601170000101 52.533538839000101)","Unfall 231419 (2022) Kat:3, Licht: 0","231419","3","2","5","03","15","5","","0","0","1","0","0"
"POINT (13.307691642000099 52.497419504000000)","Unfall 231420 (2022) Kat:3, Licht: 0","231420","3","6","2","04","17","2","","0","0","1","0","0"
"POINT (13.357616809000000 52.536057864999997)","Unfall 231421 (2022) Kat:3, Licht: 0","231421","3","6","2","04","13","5","","0","0","1","0","0"
"POINT (13.418097948000000 52.525703521000104)","Unfall 231422 (2022) Kat:2, Licht: 2","231422","2","1","8","04","00","5","","2","0","0","0","1"
"POINT (13.328352989000100 52.534268367000003)","Unfall 231423 (2022) Kat:2, Licht: 0","231423","2","4","6","04","16","7","","0","0","0","1","0"
"POINT (13.424902283000099 52.499725783000002)","Unfall 231424 (2022) Kat:3, Licht: 0","231424","3","6","1","04","17","3","","0","1","1","0","0"
"POINT (13.475492799000101 52.425773819000000)","Unfall 231425 (2022) Kat:3, Licht: 2","231425","3","5","1","04","01","5","","2","0","1","0","0"
"POINT (13.421240008000000 52.489469637000099)","Unfall 231426 (2022) Kat:3, Licht: 2","231426","3","6","2","04","22","2","","2","0","1","0","0"
"POINT (13.410084114000000 52.547403481000103)","Unfall 231427 (2022) Kat:3, Licht: 0","231427","3","3","1","03","14","7","","0","1","1","0","0"
"POINT (13.466152358000000 52.551382632000099)","Unfall 231428 (2022) Kat:3, Licht: 0","231428","3","6","3","04","15","6","","0","1","1","0","0"
"POINT (13.494635525000000 52.612333571000100)","Unfall 231429 (2022) Kat:3, Licht: 0","231429","3","7","6","03","09","3","","0","0","1","1","0"
"POINT (13.345542864000000 52.552297066000101)","Unfall 231430 (2022) Kat:3, Licht: 0","231430","3","7","6","04","07","1","","0","0","1","1","0"
"POINT (13.337634491000101 52.516144263000101)","Unfall 231431 (2022) Kat:2, Licht: 0","231431","2","1","0","04","18","4","","0","0","0","0","1"
"POINT (13.431433464000101 52.602094698000002)","Unfall 231432 (2022) Kat:3, Licht: 0","231432","3","4","6","03","13","6","","0","0","1","1","0"
"POINT (13.359886702000001 52.454429713000103)","Unfall 231433 (2022) Kat:3, Licht: 0","231433","3","5","1","03","06","4","","0","0","1","0","0"
"POINT (13.388817657000100 52.517094169000103)","Unfall 231434 (2022) Kat:3, Licht: 0","231434","3","3","5","04","16","4","","0","0","1","0","0"
"POINT (13.415706506999999 52.461135372999998)","Unfall 231435 (2022) Kat:3, Licht: 0","231435","3","4","6","04","08","6","","0","0","1","1","0"
"POINT (13.411726690000000 52.523964575999997)","Unfall 231436 (2022) Kat:2, Licht: 2","231436","2","2","5","04","22","6","","2","0","1","0","0"
"POINT (13.657381388999999 52.464206906000101)","Unfall 231437 (2022) Kat:2, Licht: 0","231437","2","3","5","03","15","2","","0","0","0","0","0"
"POINT (13.252509133000000 52.599876015000099)","Unfall 231438 (2022) Kat:2, Licht: 0","231438","2","7","4","03","17","3","","0","0","1","0","0"
"POINT (13.457180556000001 52.430819756000098)","Unfall 231439 (2022) Kat:3, Licht: 0","231439","3","6","2","04","13","4","","0","0","1","0","0"
"POINT (13.386210295000099 52.528050355000097)","Unfall 231440 (2022) Kat:3, Licht: 0","231440","3","5","1","04","15","6","","0","1","1","0","0"
"POINT (13.468505694999999 52.562138916999999)","Unfall 231441 (2022) Kat:3, Licht: 0","231441","3","3","5","05","11","2","","0","1","1","0","0"
"POINT (13.573852132000100 52.444375450000102)","Unfall 231442 (2022) Kat:2, Licht: 2","231442","2","1","8","04","01","3","","2","0","0","0","0"
"POINT (13.272738748000100 52.519489542000002)","Unfall 231443 (2022) Kat:3, Licht: 0","231443","3","2","5","03","08","5","","0","0","0","0","0"
"POINT (13.305790313999999 52.459001574000098)","Unfall 231444 (2022) Kat:3, Licht: 0","231444","3","2","5","03","14","4","","0","1","1","0","0"
"POINT (13.521906712000000 52.460487075000103)","Unfall 231445 (2022) Kat:3, Licht: 0","231445","3","5","1","04","13","3","","0","1","1","0","0"
"POINT (13.351549448000100 52.526465418000001)","Unfall 231446 (2022) Kat:3, Licht: 2","231446","3","3","5","04","00","6","","2","0","1","0","0"
"POINT (13.550246030000000 52.543012291000103)","Unfall 231447 (2022) Kat:2, Licht: 2","231447","2","3","5","04","00","5","","2","0","1","0","0"
"POINT (13.428822373000100 52.588281629000100)","Unfall 231448 (2022) Kat:3, Licht: 0","231448","3","2","5","04","15","3","","0","1","1","0","0"
"POINT (13.435097719000099 52.428871225000101)","Unfall 231449 (2022) Kat:3, Licht: 0","231449","3","6","2","03","13","1","","0","0","1","0","0"
"POINT (13.428757183000100 52.508665905999997)","Unfall 231450 (2022) Kat:3, Licht: 0","231450","3","7","0","03","18","4","","0","0","0","0","1"
"POINT (13.326961044000001 52.502946217000002)","Unfall 231451 (2022) Kat:3, Licht: 0","231451","3","5","2","03","15","2","","0","0","1","0","0"
"POINT (13.190087455000000 52.532386900000098)","Unfall 231452 (2022) Kat:3, Licht: 0","231452","3","6","2","03","15","6","","0","0","1","0","0"
"POINT (13.342297028000100 52.505868782999997)","Unfall 231453 (2022) Kat:3, Licht: 0","231453","3","3","5","04","10","3","","0","1","1","0","0"
"POINT (13.410649354000000 52.550808621999998)","Unfall 231454 (2022) Kat:3, Licht: 2","231454","3","5","1","04","20","5","","2","1","1","0","0"
"POINT (13.433012613000100 52.452427280000101)","Unfall 231455 (2022) Kat:2, Licht: 0","231455","2","2","5","04","16","5","","0","0","1","0","0"
"POINT (13.286548501000000 52.591279658000097)","Unfall 231456 (2022) Kat:3, Licht: 0","231456","3","3","5","05","09","2","","0","0","1","0","0"
"POINT (13.376035493000099 52.460093714000003)","Unfall 231457 (2022) Kat:3, Licht: 0","231457","3","7","2","04","12","2","","0","0","1","0","0"
"POINT (13.635310733000001 52.390234561000099)","Unfall 231458 (2022) Kat:3, Licht: 0","231458","3","3","5","03","16","3","","0","1","1","0","0"
"POINT (13.531210241000100 52.405133610000100)","Unfall 231459 (2022) Kat:3, Licht: 0","231459","3","3","5","04","16","5","","0","0","1","0","0"
"POINT (13.294953110000099 52.539625644000097)","Unfall 231460 (2022) Kat:3, Licht: 0","231460","3","2","2","04","14","1","","0","0","1","0","0"
"POINT (13.479339989000000 52.533317194000098)","Unfall 231461 (2022) Kat:3, Licht: 1","231461","3","1","0","03","18","6","","1","1","0","0","0"
"POINT (13.489617717000000 52.473248489000099)","Unfall 231462 (2022) Kat:3, Licht: 0","231462","3","5","1","04","16","7","","0","0","1","0","0"
"POINT (13.601137059999999 52.479236689000103)","Unfall 231463 (2022) Kat:2, Licht: 0","231463","2","3","5","03","10","3","","0","1","1","0","0"
"POINT (13.435292031000101 52.491318380000102)","Unfall 231464 (2022) Kat:3, Licht: 0","231464","3","6","0","04","14","2","","0","0","1","0","1"
"POINT (13.465630429000001 52.426166673000097)","Unfall 231465 (2022) Kat:3, Licht: 0","231465","3","7","0","03","15","6","","0","0","0","1","1"
"POINT (13.397985588999999 52.535072253000102)","Unfall 231466 (2022) Kat:3, Licht: 0","231466","3","6","3","03","16","7","","0","0","1","0","0"
"POINT (13.284220983000100 52.575637698999998)","Unfall 231467 (2022) Kat:3, Licht: 0","231467","3","5","1","03","12","5","","0","1","0","0","0"
"POINT (13.573775842000000 52.401914243000100)","Unfall 231468 (2022) Kat:3, Licht: 0","231468","3","3","5","04","12","4","","0","0","1","0","0"
"POINT (13.189085134000001 52.546771896000102)","Unfall 231469 (2022) Kat:2, Licht: 2","231469","2","4","6","04","20","4","","2","0","1","1","0"
"POINT (13.396437983000100 52.560049136000004)","Unfall 231470 (2022) Kat:3, Licht: 0","231470","3","6","2","04","16","7","","0","0","1","0","0"
"POINT (13.396270178000099 52.566265631000100)","Unfall 231471 (2022) Kat:3, Licht: 0","231471","3","6","2","04","08","2","","0","0","1","0","1"
"POINT (13.386606777000100 52.549386057000000)","Unfall 231472 (2022) Kat:3, Licht: 2","231472","3","2","5","03","19","2","","2","1","1","0","0"
"POINT (13.583622580000100 52.514993969000002)","Unfall 231473 (2022) Kat:3, Licht: 0","231473","3","2","5","03","10","4","","0","0","1","0","0"
"POINT (13.503071659000099 52.480159315999998)","Unfall 231474 (2022) Kat:3, Licht: 0","231474","3","2","5","03","17","2","","0","0","1","0","1"
"POINT (13.415276693000100 52.559741213999999)","Unfall 231475 (2022) Kat:3, Licht: 0","231475","3","4","6","03","11","7","","0","0","1","1","0"
"POINT (13.168624592000100 52.517329152000102)","Unfall 231476 (2022) Kat:3, Licht: 0","231476","3","2","6","04","17","3","","0","0","1","1","0"
"POINT (13.594770384000100 52.427864538999998)","Unfall 231477 (2022) Kat:3, Licht: 0","231477","3","5","1","04","14","5","","0","1","1","0","0"
"POINT (13.563928084000100 52.556396862000000)","Unfall 231478 (2022) Kat:2, Licht: 0","231478","2","2","5","04","10","5","","0","1","1","0","0"
"POINT (13.295063789000000 52.503387389000103)","Unfall 231479 (2022) Kat:3, Licht: 0","231479","3","7","2","05","08","2","","0","0","0","0","1"
"POINT (13.418174234000000 52.517563340000002)","Unfall 231480 (2022) Kat:3, Licht: 0","231480","3","6","2","04","13","3","","0","0","1","0","0"
"POINT (13.328257654000000 52.475596910000000)","Unfall 231481 (2022) Kat:3, Licht: 0","231481","3","6","6","03","10","3","","0","1","0","1","0"
"POINT (13.545220368000100 52.425744005000098)","Unfall 231482 (2022) Kat:3, Licht: 0","231482","3","2","5","04","10","7","","0","0","1","0","0"
"POINT (13.583227129000001 52.433155808000002)","Unfall 231483 (2022) Kat:3, Licht: 0","231483","3","1","0","04","07","4","","0","1","0","0","0"
"POINT (13.493597250000100 52.544768035000097)","Unfall 231484 (2022) Kat:3, Licht: 0","231484","3","3","5","03","15","6","","0","0","1","0","0"
"POINT (13.261271082000100 52.521505812000001)","Unfall 231485 (2022) Kat:3, Licht: 0","231485","3","2","2","04","08","1","","0","0","1","0","0"
"POINT (13.494719968000000 52.431356778000101)","Unfall 231486 (2022) Kat:3, Licht: 2","231486","3","6","2","03","20","2","","2","0","1","0","0"
"POINT (13.388958450000100 52.515622819999997)","Unfall 231487 (2022) Kat:3, Licht: 0","231487","3","3","5","04","17","2","","0","1","1","0","0"
"POINT (13.451116663000100 52.560772634000003)","Unfall 231488 (2022) Kat:3, Licht: 0","231488","3","5","1","03","09","2","","0","0","1","0","0"
"POINT (13.405899507000100 52.513941284000097)","Unfall 231489 (2022) Kat:3, Licht: 2","231489","3","3","5","03","21","1","","2","1","1","0","0"
"POINT (13.462010860000101 52.550687431000000)","Unfall 231490 (2022) Kat:3, Licht: 0","231490","3","2","5","03","12","6","","0","1","0","0","0"
"POINT (13.328561312000000 52.473917172000000)","Unfall 231491 (2022) Kat:3, Licht: 0","231491","3","1","1","04","17","3","","0","0","1","0","0"
"POINT (13.405670332000099 52.501634178000103)","Unfall 231492 (2022) Kat:3, Licht: 2","231492","3","7","0","04","22","4","","2","1","0","0","0"
"POINT (13.458317862000101 52.472850148000099)","Unfall 231493 (2022) Kat:3, Licht: 0","231493","3","3","5","04","17","3","","0","1","0","0","0"