WKT,Name,OBJECTID,UKATEGORIE,UTYP1,UART,UMONAT,USTUNDE,UWOCHENTAG,STRZUSTAND,ULICHTVERH,ISTRAD,ISTPKW,ISTFUSS,ISTKRAD
"POINT (13.405171297000001 52.386661864000097)","Unfall 231494 (2022) Kat:3, Licht: 0","231494","3","2","5","04","12","7","","0","1","0","0","0"
"POINT (13.484790795000000 52.467193635000100)","Unfall 231495 (2022) Kat:3, Licht: 2","231495","3","5","1","04","02","1","","2","0","1","0","1"
"POINT (13.174702662000101 52.549496752000003)","Unfall 231496 (2022) Kat:3, Licht: 0","231496","3","6","3","04","14","1","","0","0","1","0","0"
"POINT (13.323202108000000 52.511214568000099)","Unfall 231497 (2022) Kat:3, Licht: 0","231497","3","5","1","03","13","6","","0","1","0","0","0"
"POINT (13.306621931000100 52.514858206000000)","Unfall 231498 (2022) Kat:3, Licht: 0","231498","3","3","0","04","14","6","","0","0","0","0","1"
"POINT (13.378531202000000 52.544724150000000)","Unfall 231499 (2022) Kat:3, Licht: 0","231499","3","4","6","03","16","2","","0","1","0","1","0"
"POINT (13.182969476000000 52.423356699000102)","Unfall 231500 (2022) Kat:3, Licht: 2","231500","3","1","8","04","04","7","","2","0","1","0","0"
"POINT (13.365454550999999 52.497294910000100)","Unfall 231501 (2022) Kat:3, Licht: 0","231501","3","2","5","04","09","4","","0","1","1","0","0"
"POINT (13.357110005999999 52.523544312000098)","Unfall 231502 (2022) Kat:2, Licht: 0","231502","2","2","5","03","12","6","","0","1","0","0","0"
"POINT (13.349499499000000 52.498392250999999)","Unfall 231503 (2022) Kat:3, Licht: 0","231503","3","5","5","03","11","4","","0","1","1","0","0"
"POINT (13.142080963000099 52.534118966000101)","Unfall 231504 (2022) Kat:2, Licht: 0","231504","2","3","5","03","16","4","","0","0","1","0","0"
"POINT (13.350207040000001 52.603864074999997)","Unfall 231505 (2022) Kat:2, Licht: 0","231505","2","1","0","03","11","5","","0","1","0","0","0"
"POINT (13.509181845000100 52.551685850000098)","Unfall 231506 (2022) Kat:3, Licht: 0","231506","3","6","2","04","17","3","","0","0","1","0","0"
"POINT (13.478823873000101 52.555564550000000)","Unfall 231507 (2022) Kat:3, Licht: 0","231507","3","7","6","04","14","6","","0","0","1","1","0"
"POINT (13.492898093000100 52.615834439000103)","Unfall 231508 (2022) Kat:3, Licht: 0","231508","3","4","6","04","14","6","","0","0","1","1","0"
"POINT (13.218125514000100 52.537519881000001)","Unfall 231509 (2022) Kat:2, Licht: 0","231509","2","7","2","03","11","2","","0","0","1","0","0"
"POINT (13.480995327000100 52.529216230000003)","Unfall 231510 (2022) Kat:3, Licht: 0","231510","3","7","6","03","07","2","","0","0","1","1","0"
"POINT (13.376626362000000 52.509401151000098)","Unfall 231511 (2022) Kat:3, Licht: 1","231511","3","2","5","04","20","3","","1","1","1","0","0"
"POINT (13.558085165000000 52.407883790000000)","Unfall 231512 (2022) Kat:3, Licht: 0","231512","3","3","5","04","08","6","","0","0","0","0","0"
"POINT (13.232643911000000 52.540648414000003)","Unfall 231513 (2022) Kat:2, Licht: 0","231513","2","1","5","05","12","2","","0","0","1","0","1"
"POINT (13.564494829000100 52.544002923000100)","Unfall 231514 (2022) Kat:3, Licht: 0","231514","3","6","3","04","08","3","","0","1","0","0","0"
"POINT (13.430608841000000 52.524926505000103)","Unfall 231515 (2022) Kat:3, Licht: 0","231515","3","3","5","03","10","6","","0","1","1","0","0"
"POINT (13.374449184000101 52.548037856000100)","Unfall 231516 (2022) Kat:3, Licht: 2","231516","3","4","6","03","18","3","","2","1","0","1","0"
"POINT (13.141689433000099 52.455429692999999)","Unfall 231517 (2022) Kat:2, Licht: 2","231517","2","1","8","04","03","7","","2","0","1","0","0"
"POINT (13.362065030000100 52.524202103999997)","Unfall 231518 (2022) Kat:3, Licht: 0","231518","3","1","0","04","16","5","","0","1","0","0","0"
"POINT (13.571400096000000 52.546088537000102)","Unfall 231519 (2022) Kat:3, Licht: 0","231519","3","2","3","04","15","2","","0","0","1","0","0"
"POINT (13.352950529000100 52.564257103999999)","Unfall 231520 (2022) Kat:2, Licht: 0","231520","2","1","8","04","07","3","","0","0","1","0","0"
"POINT (13.449830923000000 52.445554226000098)","Unfall 231521 (2022) Kat:3, Licht: 0","231521","3","3","5","03","15","1","","0","0","1","0","0"
"POINT (13.356702494000000 52.535599720999997)","Unfall 231522 (2022) Kat:3, Licht: 0","231522","3","7","0","03","17","4","","0","0","0","0","1"
"POINT (13.569486308000000 52.452950999000102)","Unfall 231523 (2022) Kat:2, Licht: 0","231523","2","6","3","03","18","2","","0","1","0","0","0"
"POINT (13.204176852000000 52.540523884000002)","Unfall 231524 (2022) Kat:3, Licht: 0","231524","3","2","3","03","12","6","","0","0","1","0","0"
"POINT (13.376472178000000 52.503587831000097)","Unfall 231525 (2022) Kat:3, Licht: 0","231525","3","5","1","04","09","3","","0","1","0","0","0"
"POINT (13.623273039000001 52.529959347000002)","Unfall 231526 (2022) Kat:3, Licht: 0","231526","3","3","5","04","16","5","","0","1","1","0","0"
"POINT (13.628198568000100 52.457678764999997)","Unfall 231527 (2022) Kat:3, Licht: 0","231527","3","1","0","04","10","5","","0","0","1","0","0"
"POINT (13.312621121000101 52.419425647000097)","Unfall 231528 (2022) Kat:3, Licht: 0","231528","3","2","2","05","15","2","","0","1","1","0","0"
"POINT (13.339027106000101 52.464527803000102)","Unfall 231529 (2022) Kat:2, Licht: 0","231529","2","3","5","04","10","3","","0","0","1","0","0"
"POINT (13.306201230000100 52.525424550000103)","Unfall 231530 (2022) Kat:2, Licht: 0","231530","2","5","1","03","08","3","","0","1","0","0","0"
"POINT (13.463227923000000 52.424148731000102)","Unfall 231531 (2022) Kat:2, Licht: 0","231531","2","2","5","04","07","5","","0","1","1","0","0"
"POINT (13.423598113000001 52.392639193000001)","Unfall 231532 (2022) Kat:2, Licht: 0","231532","2","2","5","04","08","3","","0","0","1","0","1"
"POINT (13.413893298000101 52.511566256000002)","Unfall 231533 (2022) Kat:3, Licht: 0","231533","3","2","5","03","15","6","","0","1","1","0","0"
"POINT (13.387044563000099 52.527320686000103)","Unfall 231534 (2022) Kat:3, Licht: 2","231534","3","3","5","04","22","7","","2","0","1","0","0"
"POINT (13.413945571000101 52.552114174000103)","Unfall 231535 (2022) Kat:3, Licht: 1","231535","3","2","5","03","18","3","","1","1","1","0","0"
"POINT (13.353335490000100 52.500938765999997)","Unfall 231536 (2022) Kat:3, Licht: 0","231536","3","3","0","04","16","2","","0","1","1","0","0"
"POINT (13.564815743000100 52.445435791000101)","Unfall 231537 (2022) Kat:2, Licht: 0","231537","2","7","7","03","15","7","","0","1","0","0","0"
"POINT (13.434686380000100 52.478705828000002)","Unfall 231538 (2022) Kat:3, Licht: 0","231538","3","3","5","03","18","1","","0","1","1","0","0"
"POINT (13.389064079000001 52.515551008999999)","Unfall 231539 (2022) Kat:3, Licht: 0","231539","3","6","2","03","18","5","","0","1","0","0","0"
"POINT (13.504711664000100 52.636845080000100)","Unfall 231540 (2022) Kat:3, Licht: 0","231540","3","3","0","04","17","4","","0","0","1","0","1"
"POINT (13.429692207000100 52.523280385000099)","Unfall 231541 (2022) Kat:3, Licht: 2","231541","3","2","5","04","22","3","","2","0","1","0","0"
"POINT (13.377127903000000 52.453691106000100)","Unfall 231542 (2022) Kat:3, Licht: 2","231542","3","6","3","04","22","6","","2","0","1","0","1"
"POINT (13.433472697000100 52.444510008000101)","Unfall 231543 (2022) Kat:3, Licht: 2","231543","3","6","2","04","20","1","","2","0","1","0","0"
"POINT (13.445771247000000 52.468120917000100)","Unfall 231544 (2022) Kat:3, Licht: 0","231544","3","2","5","03","12","5","","0","1","1","0","0"
"POINT (13.179187602000100 52.539004852000097)","Unfall 231545 (2022) Kat:3, Licht: 2","231545","3","5","1","03","22","2","","2","1","1","0","0"
"POINT (13.325116771000101 52.461522275999997)","Unfall 231546 (2022) Kat:3, Licht: 0","231546","3","1","0","04","15","6","","0","0","0","0","1"
"POINT (13.289691937000001 52.582584926999999)","Unfall 231547 (2022) Kat:3, Licht: 0","231547","3","2","5","03","09","2","","0","1","1","0","0"
"POINT (13.509051170000101 52.422958581000003)","Unfall 231548 (2022) Kat:2, Licht: 0","231548","2","2","5","04","18","7","","0","1","1","0","0"
"POINT (13.466754823000000 52.524059606000002)","Unfall 231549 (2022) Kat:3, Licht: 0","231549","3","6","2","04","16","4","","0","0","1","0","0"
"POINT (13.360643529000100 52.523704744000000)","Unfall 231550 (2022) Kat:3, Licht: 1","231550","3","1","0","03","17","4","","1","0","0","0","0"
"POINT (13.310224591000100 52.420994434000100)","Unfall 231551 (2022) Kat:2, Licht: 0","231551","2","5","5","03","09","4","","0","0","1","0","0"
"POINT (13.453564314000101 52.514135563000103)","Unfall 231552 (2022) Kat:3, Licht: 2","231552","3","1","0","04","00","4","","2","0","0","0","0"
"POINT (13.355359851000101 52.519686671999999)","Unfall 231553 (2022) Kat:3, Licht: 0","231553","3","3","5","04","04","6","","0","1","1","0","0"
"POINT (13.385059663000000 52.502426401999998)","Unfall 231554 (2022) Kat:2, Licht: 2","231554","2","3","5","04","01","7","","2","0","1","0","0"
"POINT (13.435453356000000 52.509030250000102)","Unfall 231555 (2022) Kat:3, Licht: 0","231555","3","2","5","03","14","2","","0","1","0","0","0"
"POINT (13.429309582000000 52.471938498999997)","Unfall 231556 (2022) Kat:3, Licht: 0","231556","3","4","6","03","17","2","","0","0","1","1","0"
"POINT (13.497037683000000 52.543251597000101)","Unfall 231557 (2022) Kat:3, Licht: 0","231557","3","5","1","04","17","4","","0","1","1","0","0"
"POINT (13.384212158000000 52.556036780000099)","Unfall 231558 (2022) Kat:3, Licht: 0","231558","3","2","5","03","12","6","","0","0","1","0","0"
"POINT (13.387012622000000 52.527141204000003)","Unfall 231559 (2022) Kat:3, Licht: 2","231559","3","2","5","04","23","6","","2","1","1","0","0"
"POINT (13.463050242000101 52.519862484999997)","Unfall 231560 (2022) Kat:3, Licht: 0","231560","3","1","8","03","13","2","","0","0","0","0","1"
"POINT (13.339054400000100 52.502865336000099)","Unfall 231561 (2022) Kat:3, Licht: 0","231561","3","6","2","04","12","7","","0","1","0","0","0"
"POINT (13.315784377000099 52.437818759999999)","Unfall 231562 (2022) Kat:3, Licht: 0","231562","3","4","6","04","16","4","","0","0","1","1","0"
"POINT (13.184434226000100 52.545999266000102)","Unfall 231563 (2022) Kat:3, Licht: 0","231563","3","6","2","03","14","6","","0","0","1","0","1"
"POINT (13.426924331000100 52.478301444000103)","Unfall 231564 (2022) Kat:3, Licht: 0","231564","3","1","0","03","14","4","","0","1","1","0","0"
"POINT (13.432873319000100 52.464708700000102)","Unfall 231565 (2022) Kat:3, Licht: 2","231565","3","2","5","03","23","4","","2","0","1","0","1"
"POINT (13.588876215000001 52.517924645000100)","Unfall 231566 (2022) Kat:3, Licht: 0","231566","3","6","2","04","14","4","","0","0","1","0","0"
"POINT (13.369467809000099 52.456501248000102)","Unfall 231567 (2022) Kat:3, Licht: 0","231567","3","3","5","04","19","6","","0","0","1","0","0"
"POINT (13.403691198000001 52.540426663000098)","Unfall 231568 (2022) Kat:3, Licht: 2","231568","3","6","3","04","20","6","","2","0","1","0","1"
"POINT (13.187183082000001 52.520306768000097)","Unfall 231569 (2022) Kat:3, Licht: 0","231569","3","7","0","03","10","2","","0","0","0","0","1"
"POINT (13.607735101999999 52.518000040000103)","Unfall 231570 (2022) Kat:3, Licht: 0","231570","3","3","5","03","07","3","","0","0","1","0","0"
"POINT (13.484662376000101 52.513997416000102)","Unfall 231571 (2022) Kat:3, Licht: 0","231571","3","3","0","04","14","3","","0","0","1","0","0"
"POINT (13.247841512999999 52.434283358000101)","Unfall 231572 (2022) Kat:3, Licht: 0","231572","3","6","2","04","12","6","","0","0","1","0","0"
"POINT (13.158222589999999 52.424307808999998)","Unfall 231573 (2022) Kat:3, Licht: 0","231573","3","7","0","04","14","6","","0","0","1","0","0"
"POINT (13.411800902000000 52.523966964000103)","Unfall 231574 (2022) Kat:3, Licht: 2","231574","3","2","5","05","23","2","","2","0","1","0","0"
"POINT (13.530610806000000 52.422295953000102)","Unfall 231575 (2022) Kat:3, Licht: 0","231575","3","6","3","04","09","3","","0","1","1","0","0"
"POINT (13.301361275000000 52.424177354999998)","Unfall 231576 (2022) Kat:3, Licht: 0","231576","3","5","1","03","10","4","","0","1","1","0","0"
"POINT (13.486441637000000 52.533732921000102)","Unfall 231577 (2022) Kat:3, Licht: 2","231577","3","2","5","03","19","4","","2","1","0","0","0"
"POINT (13.401143249000000 52.486262532000097)","Unfall 231578 (2022) Kat:3, Licht: 0","231578","3","1","0","04","13","6","","0","0","0","0","1"
"POINT (13.306332100000100 52.568176794000102)","Unfall 231579 (2022) Kat:3, Licht: 2","231579","3","1","9","04","23","4","","2","0","1","0","0"
"POINT (13.553313845000000 52.395756807000097)","Unfall 231580 (2022) Kat:3, Licht: 2","231580","3","1","8","03","01","1","","2","0","1","0","0"
"POINT (13.361992078000100 52.568672121000098)","Unfall 231581 (2022) Kat:3, Licht: 0","231581","3","2","6","04","15","2","","0","0","1","1","0"
"POINT (13.222681213000000 52.539268280000002)","Unfall 231582 (2022) Kat:3, Licht: 0","231582","3","1","1","04","12","3","","0","0","1","0","1"
"POINT (13.277026367000101 52.502629851999998)","Unfall 231583 (2022) Kat:2, Licht: 0","231583","2","6","3","03","18","7","","0","0","1","0","1"
"POINT (13.321474848999999 52.499807224000101)","Unfall 231584 (2022) Kat:3, Licht: 0","231584","3","6","0","03","12","5","","0","0","1","0","0"
"POINT (13.330786795000099 52.487366911000002)","Unfall 231585 (2022) Kat:3, Licht: 0","231585","3","3","5","03","10","2","","0","1","1","0","0"
"POINT (13.240095176000100 52.542969761999998)","Unfall 231586 (2022) Kat:3, Licht: 0","231586","3","5","0","03","15","5","","0","0","1","0","0"
"POINT (13.198784620000000 52.555343925000003)","Unfall 231587 (2022) Kat:2, Licht: 0","231587","2","2","5","04","14","3","","0","0","1","0","0"
"POINT (13.589087370000099 52.455515495000000)","Unfall 231588 (2022) Kat:3, Licht: 0","231588","3","7","5","04","16","5","","0","0","1","0","1"
"POINT (13.205768358000100 52.541711530999997)","Unfall 231589 (2022) Kat:3, Licht: 0","231589","3","4","6","04","14","4","","0","0","1","1","0"
"POINT (13.411640779000001 52.582298836000099)","Unfall 231590 (2022) Kat:3, Licht: 2","231590","3","6","2","05","22","1","","2","0","1","0","0"
"POINT (13.469612691000100 52.452027664000099)","Unfall 231591 (2022) Kat:3, Licht: 0","231591","3","2","2","04","08","3","","0","0","1","0","0"
"POINT (13.337161426000000 52.530292627000101)","Unfall 231592 (2022) Kat:3, Licht: 0","231592","3","7","0","03","08","3","","0","0","1","0","1"
"POINT (13.201739233000101 52.538157485000099)","Unfall 231593 (2022) Kat:3, Licht: 0","231593","3","4","6","04","13","5","","0","0","1","1","0"
"POINT (13.381574612000099 52.410843139000100)","Unfall 231594 (2022) Kat:3, Licht: 0","231594","3","2","2","04","15","3","","0","1","1","0","0"
"POINT (13.390272587000000 52.508592319999998)","Unfall 231595 (2022) Kat:3, Licht: 0","231595","3","3","5","03","13","6","","0","0","1","0","0"
"POINT (13.327092688000100 52.470761278000097)","Unfall 231596 (2022) Kat:3, Licht: 2","231596","3","5","1","04","04","7","","2","0","1","0","0"
"POINT (13.459077990000001 52.444582365000002)","Unfall 231597 (2022) Kat:3, Licht: 0","231597","3","2","6","03","07","3","","0","1","0","1","0"
"POINT (13.479616308000100 52.643782859000098)","Unfall 231598 (2022) Kat:3, Licht: 0","231598","3","3","5","04","09","2","","0","0","1","0","0"
"POINT (13.398450009999999 52.419552415000098)","Unfall 231599 (2022) Kat:3, Licht: 0","231599","3","2","5","03","15","6","","0","0","1","0","0"
"POINT (13.464653252000099 52.497392944000097)","Unfall 231600 (2022) Kat:3, Licht: 0","231600","3","7","0","03","17","4","","0","0","0","0","1"
"POINT (13.624787561000099 52.451468975000097)","Unfall 231601 (2022) Kat:3, Licht: 0","231601","3","3","5","04","15","4","","0","1","1","0","0"
"POINT (13.553279569000001 52.434002237000101)","Unfall 231602 (2022) Kat:3, Licht: 0","231602","3","3","0","04","08","4","","0","0","0","0","1"
"POINT (13.418548677000000 52.498752642000099)","Unfall 231603 (2022) Kat:3, Licht: 0","231603","3","1","0","04","19","6","","0","0","0","0","0"
"POINT (13.399844207000100 52.542085000999997)","Unfall 231604 (2022) Kat:2, Licht: 0","231604","2","4","6","04","14","1","","0","0","1","1","0"
"POINT (13.464701741000100 52.524441797000101)","Unfall 231605 (2022) Kat:3, Licht: 2","231605","3","2","2","03","21","5","","2","0","1","0","1"
"POINT (13.320328267000001 52.483500116000101)","Unfall 231606 (2022) Kat:3, Licht: 0","231606","3","5","1","03","09","3","","0","0","1","0","0"
"POINT (13.379276502000000 52.568887329000098)","Unfall 231607 (2022) Kat:3, Licht: 0","231607","3","3","5","04","15","6","","0","0","1","0","0"
"POINT (13.317333020000000 52.512185571000003)","Unfall 231608 (2022) Kat:3, Licht: 1","231608","3","2","5","03","17","2","","1","1","1","0","0"
"POINT (13.443278786000100 52.512044906000000)","Unfall 231609 (2022) Kat:3, Licht: 2","231609","3","2","5","04","20","1","","2","1","1","0","0"
"POINT (13.305788105000000 52.620480532999999)","Unfall 231610 (2022) Kat:3, Licht: 0","231610","3","2","2","04","12","4","","0","0","1","0","1"
"POINT (13.395151455000100 52.532333869000098)","Unfall 231611 (2022) Kat:3, Licht: 0","231611","3","6","0","03","12","5","","0","1","1","0","0"
"POINT (13.198913252000100 52.533129815000102)","Unfall 231612 (2022) Kat:3, Licht: 0","231612","3","3","5","03","08","4","","0","0","1","0","0"
"POINT (13.354713723000000 52.544045088000097)","Unfall 231613 (2022) Kat:2, Licht: 0","231613","2","3","5","04","17","3","","0","1","0","0","0"
"POINT (13.204377318000100 52.540124472000102)","Unfall 231614 (2022) Kat:2, Licht: 1","231614","2","1","9","04","04","1","","1","0","1","0","0"
"POINT (13.320144675000099 52.473237988999998)","Unfall 231615 (2022) Kat:3, Licht: 2","231615","3","7","6","04","23","6","","2","0","1","1","0"
"POINT (13.443813748000000 52.479787826000099)","Unfall 231616 (2022) Kat:3, Licht: 0","231616","3","2","5","04","14","7","","0","0","1","0","1"
"POINT (13.466573107000000 52.501401375999997)","Unfall 231617 (2022) Kat:3, Licht: 2","231617","3","7","5","03","20","2","","2","0","1","0","0"
"POINT (13.384064873000099 52.455812823000002)","Unfall 231618 (2022) Kat:3, Licht: 2","231618","3","6","0","03","20","4","","2","0","1","0","1"
"POINT (13.580520659999999 52.452065510000097)","Unfall 231619 (2022) Kat:3, Licht: 0","231619","3","2","5","03","14","2","","0","1","1","0","0"
"POINT (13.282911773000000 52.533848615000103)","Unfall 231620 (2022) Kat:3, Licht: 0","231620","3","6","2","03","11","7","","0","0","1","0","0"
"POINT (13.147990274000099 52.532619779000100)","Unfall 231621 (2022) Kat:2, Licht: 0","231621","2","3","5","04","13","4","","0","1","1","0","0"
"POINT (13.352651643000099 52.539709588000100)","Unfall 231622 (2022) Kat:3, Licht: 0","231622","3","2","5","04","15","5","","0","1","1","0","0"
"POINT (13.580623362000001 52.460104887999996)","Unfall 231623 (2022) Kat:3, Licht: 0","231623","3","4","6","04","11","6","","0","0","1","1","0"
"POINT (13.327133456000100 52.500835608999999)","Unfall 231624 (2022) Kat:3, Licht: 0","231624","3","5","0","05","14","2","","0","1","0","0","0"
"POINT (13.340604432000100 52.488467579000002)","Unfall 231625 (2022) Kat:3, Licht: 0","231625","3","2","5","04","12","3","","0","1","0","0","0"
"POINT (13.377013211000101 52.508519120000102)","Unfall 231626 (2022) Kat:3, Licht: 0","231626","3","3","5","03","09","4","","0","1","1","0","0"
"POINT (13.377109846000099 52.491541112999997)","Unfall 231627 (2022) Kat:2, Licht: 2","231627","2","1","0","03","22","3","","2","1","0","0","0"
"POINT (13.343769625000000 52.545940149000003)","Unfall 231628 (2022) Kat:3, Licht: 0","231628","3","7","0","04","16","6","","0","0","1","0","1"
"POINT (13.443715185000000 52.499868184000000)","Unfall 231629 (2022) Kat:3, Licht: 0","231629","3","6","4","04","14","5","","0","1","0","0","0"
"POINT (13.384968776000100 52.521417160000098)","Unfall 231630 (2022) Kat:3, Licht: 0","231630","3","1","0","03","15","1","","0","0","0","0","0"
"POINT (13.421475643000100 52.465127278000097)","Unfall 231631 (2022) Kat:3, Licht: 0","231631","3","6","3","04","18","1","","0","0","1","0","0"
"POINT (13.385928720000001 52.478197743000102)","Unfall 231632 (2022) Kat:3, Licht: 0","231632","3","2","0","03","09","3","","0","1","0","0","0"
"POINT (13.457788173000001 52.529034437000099)","Unfall 231633 (2022) Kat:3, Licht: 0","231633","3","2","5","04","09","2","","0","1","1","0","0"
"POINT (13.285740270000099 52.586047447000098)","Unfall 231634 (2022) Kat:3, Licht: 0","231634","3","3","5","03","17","7","","0","1","1","0","0"
"POINT (13.349079976000001 52.552030422000001)","Unfall 231635 (2022) Kat:3, Licht: 2","231635","3","2","5","03","20","7","","2","0","1","0","0"
"POINT (13.411041008000000 52.503496061000099)","Unfall 231636 (2022) Kat:3, Licht: 0","231636","3","2","5","03","10","5","","0","1","1","0","0"
"POINT (13.428580898000099 52.547832717000098)","Unfall 231637 (2022) Kat:3, Licht: 1","231637","3","2","5","04","19","2","","1","0","1","0","0"
"POINT (13.444434458000000 52.575254777000097)","Unfall 231638 (2022) Kat:3, Licht: 0","231638","3","3","5","04","17","5","","0","0","1","0","1"
"POINT (13.150287766000099 52.533712999000002)","Unfall 231639 (2022) Kat:3, Licht: 0","231639","3","4","6","04","17","5","","0","0","0","1","1"
"POINT (13.208021523000101 52.559850335000100)","Unfall 231640 (2022) Kat:3, Licht: 2","231640","3","1","8","05","02","1","","2","0","1","0","0"
"POINT (13.537123276000001 52.534487779000102)","Unfall 231641 (2022) Kat:3, Licht: 0","231641","3","3","5","04","13","2","","0","0","1","0","0"
"POINT (13.358890364000001 52.520786774000001)","Unfall 231642 (2022) Kat:3, Licht: 0","231642","3","7","2","04","18","5","","0","0","1","0","0"
"POINT (13.513987862000000 52.551288317999997)","Unfall 231643 (2022) Kat:3, Licht: 0","231643","3","2","5","04","10","6","","0","1","1","0","0"
"POINT (13.473227487000001 52.522992272000103)","Unfall 231644 (2022) Kat:3, Licht: 0","231644","3","3","5","05","19","2","","0","1","1","0","0"
"POINT (13.501032603000100 52.435328487000000)","Unfall 231645 (2022) Kat:3, Licht: 0","231645","3","1","9","04","13","3","","0","0","1","0","0"
"POINT (13.383114178000000 52.551641905000103)","Unfall 231646 (2022) Kat:3, Licht: 2","231646","3","4","6","03","20","4","","2","1","1","1","0"
"POINT (13.296407553000099 52.548012651000100)","Unfall 231647 (2022) Kat:3, Licht: 1","231647","3","6","3","03","18","4","","1","0","1","0","0"
"POINT (13.379727024999999 52.413869304000102)","Unfall 231648 (2022) Kat:3, Licht: 0","231648","3","6","2","04","12","5","","0","0","1","0","0"
"POINT (13.414445969999999 52.552075357000000)","Unfall 231649 (2022) Kat:3, Licht: 0","231649","3","3","0","04","18","5","","0","0","1","0","1"
"POINT (13.428240303999999 52.493459104000102)","Unfall 231650 (2022) Kat:3, Licht: 0","231650","3","6","0","03","13","7","","0","1","0","0","0"
"POINT (13.267441066000099 52.536513510000098)","Unfall 231651 (2022) Kat:3, Licht: 0","231651","3","3","5","04","07","2","","0","1","1","0","0"
"POINT (13.395306149000000 52.497729548999999)","Unfall 231652 (2022) Kat:3, Licht: 0","231652","3","6","2","03","13","4","","0","0","1","0","0"
"POINT (13.488961419000100 52.502972765000003)","Unfall 231653 (2022) Kat:3, Licht: 0","231653","3","2","5","04","13","3","","0","1","1","0","0"
"POINT (13.364441631000000 52.450506009999998)","Unfall 231654 (2022) Kat:2, Licht: 2","231654","2","5","1","03","02","1","","2","0","1","0","0"
"POINT (13.312649903000001 52.459696356000102)","Unfall 231655 (2022) Kat:3, Licht: 0","231655","3","2","5","03","11","1","","0","0","1","0","0"
"POINT (13.271755359000100 52.545975956000099)","Unfall 231656 (2022) Kat:3, Licht: 0","231656","3","4","6","03","07","5","","0","0","1","1","0"
"POINT (13.375399448000101 52.540314928999997)","Unfall 231657 (2022) Kat:3, Licht: 0","231657","3","6","2","04","14","3","","0","0","1","0","0"
"POINT (13.419647133000099 52.506091339000101)","Unfall 231658 (2022) Kat:3, Licht: 0","231658","3","2","2","04","15","5","","0","0","1","0","0"
"POINT (13.157887351000101 52.533197318000099)","Unfall 231659 (2022) Kat:3, Licht: 0","231659","3","3","5","04","10","4","","0","0","1","0","0"
"POINT (13.383163573999999 52.530479751000001)","Unfall 231660 (2022) Kat:3, Licht: 0","231660","3","2","6","05","10","2","","0","0","1","1","0"
"POINT (13.368884218000099 52.484858484000000)","Unfall 231661 (2022) Kat:3, Licht: 0","231661","3","6","2","04","10","2","","0","0","1","0","0"
"POINT (13.335343973000001 52.481709721000101)","Unfall 231662 (2022) Kat:3, Licht: 2","231662","3","1","0","04","22","5","","2","0","1","0","0"
"POINT (13.508627022000001 52.463697817000103)","Unfall 231663 (2022) Kat:3, Licht: 0","231663","3","3","5","04","12","2","","0","0","1","0","0"
"POINT (13.465347489000100 52.472455765000099)","Unfall 231664 (2022) Kat:3, Licht: 0","231664","3","3","5","03","12","7","","0","0","1","0","0"
"POINT (13.336635689000000 52.443540320000103)","Unfall 231665 (2022) Kat:3, Licht: 2","231665","3","2","2","04","20","7","","2","0","1","0","0"
"POINT (13.453632246000000 52.561880590000001)","Unfall 231666 (2022) Kat:3, Licht: 0","231666","3","5","0","03","08","2","","0","0","1","0","0"
"POINT (13.394380790000101 52.507046198000097)","Unfall 231667 (2022) Kat:3, Licht: 0","231667","3","3","5","04","12","2","","0","0","1","0","0"
"POINT (13.282049446000000 52.533806460000100)","Unfall 231668 (2022) Kat:3, Licht: 0","231668","3","6","2","04","16","5","","0","0","1","0","0"
"POINT (13.340697721000000 52.450716339000103)","Unfall 231669 (2022) Kat:2, Licht: 0","231669","2","7","0","03","12","7","","0","1","0","0","0"
"POINT (13.326139506000100 52.561667648000103)","Unfall 231670 (2022) Kat:3, Licht: 0","231670","3","6","0","03","08","4","","0","0","0","0","0"
"POINT (13.405334810000101 52.533930204000100)","Unfall 231671 (2022) Kat:3, Licht: 0","231671","3","6","2","03","09","5","","0","0","1","0","0"
"POINT (13.394657421000000 52.492353440999999)","Unfall 231672 (2022) Kat:3, Licht: 2","231672","3","6","2","04","21","4","","2","0","1","0","0"
"POINT (13.335138231000000 52.609445524000101)","Unfall 231673 (2022) Kat:3, Licht: 0","231673","3","3","0","04","09","3","","0","0","1","0","0"
"POINT (13.428810084000100 52.455457541000001)","Unfall 231674 (2022) Kat:3, Licht: 0","231674","3","2","0","04","17","7","","0","0","1","0","1"
"POINT (13.498646641000100 52.410472699000103)","Unfall 231675 (2022) Kat:3, Licht: 0","231675","3","3","5","04","13","2","","0","0","1","0","0"
"POINT (13.570557108000100 52.528755944000103)","Unfall 231676 (2022) Kat:3, Licht: 0","231676","3","3","0","03","16","5","","0","0","1","0","0"
"POINT (13.379571590000101 52.492299918000100)","Unfall 231677 (2022) Kat:2, Licht: 0","231677","2","2","5","04","12","6","","0","1","0","0","0"
"POINT (13.411197688000099 52.525842818999998)","Unfall 231678 (2022) Kat:3, Licht: 0","231678","3","6","3","03","09","2","","0","1","1","0","0"
"POINT (13.355825475000101 52.519749492000102)","Unfall 231679 (2022) Kat:3, Licht: 0","231679","3","2","2","04","07","7","","0","0","1","0","0"
"POINT (13.442399460000001 52.465728935000101)","Unfall 231680 (2022) Kat:3, Licht: 0","231680","3","2","5","05","16","2","","0","0","1","0","0"