WKT,Name,OBJECTID,UKATEGORIE,UTYP1,UART,UMONAT,USTUNDE,UWOCHENTAG,STRZUSTAND,ULICHTVERH,ISTRAD,ISTPKW,ISTFUSS,ISTKRAD
"POINT (13.451623482000100 52.552158212999998)","Unfall 231681 (2022) Kat:3, Licht: 0","231681","3","2","5","04","13","4","","0","0","1","0","0"
"POINT (13.449284019000100 52.504526788000099)","Unfall 231682 (2022) Kat:3, Licht: 0","231682","3","7","6","03","10","5","","0","0","1","0","0"
"POINT (13.445036517000100 52.482178982000100)","Unfall 231683 (2022) Kat:3, Licht: 0","231683","3","6","2","03","15","4","","0","1","1","0","0"
"POINT (13.431923408999999 52.466464359000000)","Unfall 231684 (2022) Kat:3, Licht: 0","231684","3","2","5","04","07","4","","0","1","1","0","0"
"POINT (13.576311180000101 52.454668159000100)","Unfall 231685 (2022) Kat:3, Licht: 2","231685","3","1","0","04","22","7","","2","0","0","0","1"
"POINT (13.333647057000100 52.423147077000102)","Unfall 231686 (2022) Kat:3, Licht: 0","231686","3","3","5","04","07","6","","0","1","0","0","0"
"POINT (13.360365781000000 52.537338542999997)","Unfall 231687 (2022) Kat:3, Licht: 2","231687","3","6","0","04","20","7","","2","0","1","0","0"
"POINT (13.379919506000000 52.520907844000099)","Unfall 231688 (2022) Kat:2, Licht: 0","231688","2","7","5","04","16","3","","0","1","1","0","0"
"POINT (13.423847147000100 52.486464927999997)","Unfall 231689 (2022) Kat:3, Licht: 0","231689","3","1","0","03","12","2","","0","1","0","0","0"
"POINT (13.360509582000100 52.537078944000001)","Unfall 231690 (2022) Kat:3, Licht: 0","231690","3","7","0","03","17","4","","0","0","0","0","1"
"POINT (13.436777757000099 52.548732513000097)","Unfall 231691 (2022) Kat:3, Licht: 0","231691","3","2","5","03","16","2","","0","1","1","0","0"
"POINT (13.353778494000000 52.534118804999999)","Unfall 231692 (2022) Kat:3, Licht: 2","231692","3","5","5","03","22","6","","2","1","1","0","0"
"POINT (13.293727316000099 52.534076413999998)","Unfall 231693 (2022) Kat:3, Licht: 0","231693","3","6","3","04","13","3","","0","0","1","0","0"
"POINT (13.420776587000001 52.468526099000002)","Unfall 231694 (2022) Kat:3, Licht: 0","231694","3","2","5","04","09","5","","0","1","1","0","0"
"POINT (13.440206820000100 52.481575513999999)","Unfall 231695 (2022) Kat:3, Licht: 2","231695","3","3","5","04","23","5","","2","0","1","0","0"
"POINT (13.399256142000100 52.543781974000098)","Unfall 231696 (2022) Kat:3, Licht: 0","231696","3","4","6","05","07","2","","0","1","0","1","0"
"POINT (13.425904783000000 52.478191516999999)","Unfall 231697 (2022) Kat:3, Licht: 0","231697","3","2","5","04","17","3","","0","0","1","0","1"
"POINT (13.178163650000000 52.548706084999999)","Unfall 231698 (2022) Kat:3, Licht: 2","231698","3","2","6","03","18","4","","2","0","1","1","0"
"POINT (13.541426806000100 52.540354037999997)","Unfall 231699 (2022) Kat:2, Licht: 0","231699","2","6","3","03","15","3","","0","1","1","0","0"
"POINT (13.410169929000100 52.510582349000103)","Unfall 231700 (2022) Kat:3, Licht: 0","231700","3","7","5","04","18","6","","0","0","1","0","1"
"POINT (13.388836857999999 52.516985057000099)","Unfall 231701 (2022) Kat:3, Licht: 1","231701","3","6","2","04","20","4","","1","0","1","0","0"
"POINT (13.337447184000000 52.503985995000100)","Unfall 231702 (2022) Kat:3, Licht: 2","231702","3","7","6","03","18","7","","2","0","1","1","0"
"POINT (13.316803638000099 52.576346819000001)","Unfall 231703 (2022) Kat:2, Licht: 0","231703","2","1","9","04","18","1","","0","0","1","1","1"
"POINT (13.485134168000100 52.648668649000101)","Unfall 231704 (2022) Kat:3, Licht: 0","231704","3","3","5","03","07","3","","0","1","1","0","0"
"POINT (13.289630096000099 52.630790150999999)","Unfall 231705 (2022) Kat:3, Licht: 0","231705","3","3","5","04","18","2","","0","0","1","0","0"
"POINT (13.283806309999999 52.419051621999998)","Unfall 231706 (2022) Kat:3, Licht: 0","231706","3","7","6","03","17","7","","0","0","1","1","0"
"POINT (13.364709612000100 52.510044452999999)","Unfall 231707 (2022) Kat:3, Licht: 0","231707","3","6","2","03","13","2","","0","0","1","0","0"
"POINT (13.240445510000001 52.442914648000098)","Unfall 231708 (2022) Kat:3, Licht: 0","231708","3","5","1","03","10","5","","0","0","1","0","0"
"POINT (13.342974428000000 52.556507033999999)","Unfall 231709 (2022) Kat:2, Licht: 2","231709","2","3","5","04","22","3","","2","0","1","0","0"
"POINT (13.420967642000100 52.503662251999998)","Unfall 231710 (2022) Kat:3, Licht: 0","231710","3","6","2","04","14","4","","0","1","1","0","0"
"POINT (13.298645034000099 52.422024325999999)","Unfall 231711 (2022) Kat:3, Licht: 1","231711","3","2","5","04","20","4","","1","1","1","0","0"
"POINT (13.434681266000000 52.486365416000098)","Unfall 231712 (2022) Kat:3, Licht: 0","231712","3","6","2","04","13","7","","0","1","1","0","0"
"POINT (13.358635564000100 52.448352350999997)","Unfall 231713 (2022) Kat:3, Licht: 0","231713","3","6","3","04","12","1","","0","0","1","0","1"
"POINT (13.351895503000000 52.557939009999998)","Unfall 231714 (2022) Kat:2, Licht: 0","231714","2","6","0","04","18","5","","0","1","0","0","0"
"POINT (13.435609141000000 52.496148830000003)","Unfall 231715 (2022) Kat:3, Licht: 2","231715","3","7","5","04","22","1","","2","0","1","0","0"
"POINT (13.352266056000101 52.506386229999997)","Unfall 231716 (2022) Kat:3, Licht: 2","231716","3","3","5","03","23","5","","2","0","1","0","0"
"POINT (13.323815030000000 52.486549375000003)","Unfall 231717 (2022) Kat:3, Licht: 0","231717","3","7","0","04","16","6","","0","1","0","1","0"
"POINT (13.351011211000101 52.504384731000101)","Unfall 231718 (2022) Kat:2, Licht: 2","231718","2","4","6","03","19","1","","2","0","0","1","1"
"POINT (13.314023023000100 52.490251979000000)","Unfall 231719 (2022) Kat:2, Licht: 0","231719","2","6","2","04","14","7","","0","0","1","0","0"
"POINT (13.419907783999999 52.572908134000002)","Unfall 231720 (2022) Kat:3, Licht: 0","231720","3","3","5","04","08","4","","0","0","1","0","1"
"POINT (13.446718876000000 52.502619916000100)","Unfall 231721 (2022) Kat:3, Licht: 0","231721","3","3","2","03","16","6","","0","1","0","0","0"
"POINT (13.450689113000101 52.549633037000000)","Unfall 231722 (2022) Kat:3, Licht: 0","231722","3","3","5","03","12","4","","0","1","1","0","0"
"POINT (13.465378993000099 52.498776974000101)","Unfall 231723 (2022) Kat:3, Licht: 0","231723","3","3","5","04","12","3","","0","1","1","0","0"
"POINT (13.344928961000100 52.490258558000100)","Unfall 231724 (2022) Kat:3, Licht: 0","231724","3","7","2","04","09","6","","0","0","1","0","0"
"POINT (13.403086902000000 52.533705005999998)","Unfall 231725 (2022) Kat:3, Licht: 0","231725","3","3","5","04","18","7","","0","0","1","0","0"
"POINT (13.534867949000001 52.432183859000098)","Unfall 231726 (2022) Kat:3, Licht: 0","231726","3","7","0","03","16","2","","0","1","0","0","0"
"POINT (13.375978519000100 52.581370439000104)","Unfall 231727 (2022) Kat:3, Licht: 0","231727","3","7","1","03","12","3","","0","0","1","1","0"
"POINT (13.384288408000000 52.555725830000000)","Unfall 231728 (2022) Kat:3, Licht: 2","231728","3","2","6","04","00","4","","2","0","1","1","0"
"POINT (13.352234458000099 52.496324846000100)","Unfall 231729 (2022) Kat:3, Licht: 2","231729","3","1","1","04","22","5","","2","0","1","0","0"
"POINT (13.303850052000000 52.459131012999997)","Unfall 231730 (2022) Kat:3, Licht: 0","231730","3","2","5","05","15","2","","0","0","1","0","1"
"POINT (13.180326030000099 52.509262001000103)","Unfall 231731 (2022) Kat:3, Licht: 0","231731","3","6","2","04","16","3","","0","0","1","0","0"
"POINT (13.352027690000099 52.538673221000103)","Unfall 231732 (2022) Kat:3, Licht: 0","231732","3","5","5","04","16","5","","0","0","1","0","0"
"POINT (13.467360106999999 52.553835951000103)","Unfall 231733 (2022) Kat:2, Licht: 0","231733","2","4","6","04","15","1","","0","0","1","1","0"
"POINT (13.327898607000099 52.521074986000002)","Unfall 231734 (2022) Kat:3, Licht: 1","231734","3","6","3","03","05","7","","1","0","1","0","0"
"POINT (13.301361584000100 52.424177618999998)","Unfall 231735 (2022) Kat:3, Licht: 2","231735","3","6","2","04","21","1","","2","0","1","0","0"
"POINT (13.286123903000000 52.512927701000102)","Unfall 231736 (2022) Kat:2, Licht: 0","231736","2","1","0","03","16","2","","0","1","0","0","0"
"POINT (13.363483571000099 52.606909867000098)","Unfall 231737 (2022) Kat:3, Licht: 0","231737","3","1","0","04","17","7","","0","1","0","0","0"
"POINT (13.508146349000100 52.451734509000097)","Unfall 231738 (2022) Kat:3, Licht: 0","231738","3","6","3","04","16","4","","0","1","1","0","0"
"POINT (13.346957031000001 52.494503559000101)","Unfall 231739 (2022) Kat:3, Licht: 0","231739","3","5","1","03","13","7","","0","1","1","0","0"
"POINT (13.449548599000000 52.537191232000097)","Unfall 231740 (2022) Kat:3, Licht: 0","231740","3","2","5","03","13","4","","0","0","1","0","0"
"POINT (13.400687738000000 52.580426185000100)","Unfall 231741 (2022) Kat:3, Licht: 0","231741","3","6","0","03","14","4","","0","1","0","0","0"
"POINT (13.405995472000001 52.511240669000102)","Unfall 231742 (2022) Kat:3, Licht: 0","231742","3","7","2","04","08","5","","0","1","1","0","0"
"POINT (13.378581604000001 52.528846760000100)","Unfall 231743 (2022) Kat:2, Licht: 0","231743","2","6","0","04","09","3","","0","1","1","0","0"
"POINT (13.370880147999999 52.409263373000002)","Unfall 231744 (2022) Kat:3, Licht: 0","231744","3","2","5","04","14","6","","0","1","1","0","0"
"POINT (13.263588565000100 52.514710433000097)","Unfall 231745 (2022) Kat:3, Licht: 0","231745","3","6","2","04","18","1","","0","0","1","0","0"
"POINT (13.445490220000099 52.499222902000000)","Unfall 231746 (2022) Kat:3, Licht: 0","231746","3","7","2","03","15","5","","0","0","1","0","0"
"POINT (13.382850844000099 52.548068360999999)","Unfall 231747 (2022) Kat:2, Licht: 2","231747","2","7","0","03","19","4","","2","0","0","0","1"
"POINT (13.376847451000099 52.510742670000099)","Unfall 231748 (2022) Kat:3, Licht: 0","231748","3","2","5","03","13","3","","0","1","1","0","0"
"POINT (13.363453079000100 52.556597717999999)","Unfall 231749 (2022) Kat:3, Licht: 0","231749","3","6","2","04","18","6","","0","0","1","0","0"
"POINT (13.604258665000000 52.540291615999998)","Unfall 231750 (2022) Kat:3, Licht: 0","231750","3","2","2","03","15","2","","0","0","0","0","1"
"POINT (13.379114767000001 52.525560140000003)","Unfall 231751 (2022) Kat:3, Licht: 0","231751","3","5","1","04","10","6","","0","1","1","0","0"
"POINT (13.379806494000000 52.556077760999997)","Unfall 231752 (2022) Kat:3, Licht: 2","231752","3","6","2","05","23","2","","2","0","1","0","0"
"POINT (13.340682366000101 52.499366015000099)","Unfall 231753 (2022) Kat:3, Licht: 0","231753","3","3","5","04","18","3","","0","1","1","0","0"
"POINT (13.452586014000101 52.472805291000000)","Unfall 231754 (2022) Kat:3, Licht: 1","231754","3","3","5","03","05","5","","1","0","1","0","0"
"POINT (13.305940356000100 52.522799556999999)","Unfall 231755 (2022) Kat:3, Licht: 2","231755","3","1","0","03","22","3","","2","1","0","0","0"
"POINT (13.351813579000099 52.573656213000000)","Unfall 231756 (2022) Kat:3, Licht: 0","231756","3","2","5","04","07","4","","0","1","1","0","0"
"POINT (13.616466904999999 52.446891187000098)","Unfall 231757 (2022) Kat:3, Licht: 0","231757","3","1","0","04","11","1","","0","0","0","0","1"
"POINT (13.495565538999999 52.424670422000098)","Unfall 231758 (2022) Kat:3, Licht: 2","231758","3","3","5","04","20","7","","2","0","0","0","0"
"POINT (13.430482592000001 52.485933484999997)","Unfall 231759 (2022) Kat:3, Licht: 0","231759","3","6","3","04","14","3","","0","1","1","0","0"
"POINT (13.368268580000100 52.525991048999998)","Unfall 231760 (2022) Kat:3, Licht: 0","231760","3","2","5","03","10","2","","0","1","1","0","0"
"POINT (13.206345022000100 52.543035797000101)","Unfall 231761 (2022) Kat:3, Licht: 2","231761","3","6","3","03","22","4","","2","0","1","0","0"
"POINT (13.296441077000100 52.529260282000102)","Unfall 231762 (2022) Kat:3, Licht: 2","231762","3","2","5","03","19","2","","2","1","1","0","0"
"POINT (13.340704810000000 52.486497188000001)","Unfall 231763 (2022) Kat:3, Licht: 0","231763","3","3","5","03","15","6","","0","1","1","0","0"
"POINT (13.441547102000101 52.480847835000098)","Unfall 231764 (2022) Kat:3, Licht: 0","231764","3","2","2","04","18","4","","0","0","1","0","0"
"POINT (13.383505150000101 52.523208403000098)","Unfall 231765 (2022) Kat:2, Licht: 0","231765","2","6","3","04","18","5","","0","1","1","0","0"
"POINT (13.419445410000000 52.498962656000103)","Unfall 231766 (2022) Kat:3, Licht: 2","231766","3","3","5","04","22","5","","2","0","1","0","0"
"POINT (13.342032720000100 52.517896721000099)","Unfall 231767 (2022) Kat:3, Licht: 0","231767","3","2","5","05","08","2","","0","0","1","0","0"
"POINT (13.299869319000001 52.579082297000099)","Unfall 231768 (2022) Kat:3, Licht: 0","231768","3","2","2","04","14","2","","0","1","1","0","0"
"POINT (13.604050706000100 52.408752015000097)","Unfall 231769 (2022) Kat:3, Licht: 0","231769","3","4","6","03","17","3","","0","0","0","1","0"
"POINT (13.309253704000101 52.492066069000003)","Unfall 231770 (2022) Kat:3, Licht: 0","231770","3","2","0","04","11","7","","0","1","1","0","0"
"POINT (13.373457335000101 52.556587498000098)","Unfall 231771 (2022) Kat:3, Licht: 0","231771","3","4","6","04","14","4","","0","0","0","1","0"
"POINT (13.401853117000000 52.459376722999998)","Unfall 231772 (2022) Kat:3, Licht: 0","231772","3","5","3","03","12","7","","0","0","1","0","0"
"POINT (13.584700457000100 52.502907495000002)","Unfall 231773 (2022) Kat:3, Licht: 0","231773","3","7","7","04","09","7","","0","1","0","0","0"
"POINT (13.433234474000100 52.464869853000003)","Unfall 231774 (2022) Kat:3, Licht: 2","231774","3","2","5","03","21","2","","2","1","1","0","0"
"POINT (13.308175822000100 52.500039260999998)","Unfall 231775 (2022) Kat:3, Licht: 0","231775","3","5","0","04","12","2","","0","0","1","0","0"
"POINT (13.314715530999999 52.567418619000101)","Unfall 231776 (2022) Kat:3, Licht: 2","231776","3","4","6","03","18","7","","2","0","1","1","0"
"POINT (13.192320693999999 52.529309254000097)","Unfall 231777 (2022) Kat:3, Licht: 0","231777","3","2","0","03","16","1","","0","0","0","0","1"
"POINT (13.309315649000000 52.603399667000097)","Unfall 231778 (2022) Kat:2, Licht: 0","231778","2","2","5","03","18","5","","0","0","1","0","1"
"POINT (13.489122971000000 52.467279880000000)","Unfall 231779 (2022) Kat:3, Licht: 0","231779","3","6","3","04","16","4","","0","1","0","0","0"
"POINT (13.294688623000100 52.508440743000101)","Unfall 231780 (2022) Kat:3, Licht: 0","231780","3","3","5","04","11","3","","0","0","0","0","0"
"POINT (13.349942619000000 52.549581146000001)","Unfall 231781 (2022) Kat:2, Licht: 0","231781","2","1","0","04","06","7","","0","0","0","0","0"
"POINT (13.430024171000101 52.499452222999999)","Unfall 231782 (2022) Kat:3, Licht: 0","231782","3","7","6","04","14","1","","0","0","0","1","0"
"POINT (13.421206108000000 52.509838248999998)","Unfall 231783 (2022) Kat:3, Licht: 0","231783","3","2","5","03","14","5","","0","1","1","0","0"
"POINT (13.361479825000099 52.545001333000101)","Unfall 231784 (2022) Kat:3, Licht: 2","231784","3","6","2","04","23","6","","2","0","1","0","0"
"POINT (13.359447205000000 52.412858626999999)","Unfall 231785 (2022) Kat:3, Licht: 0","231785","3","6","2","03","15","2","","0","0","1","0","0"
"POINT (13.401105032000000 52.414582150000101)","Unfall 231786 (2022) Kat:3, Licht: 0","231786","3","1","0","04","16","7","","0","0","0","0","1"
"POINT (13.281263518000101 52.512900219000102)","Unfall 231787 (2022) Kat:3, Licht: 0","231787","3","2","5","05","17","3","","0","1","1","0","0"
"POINT (13.339516982000100 52.438748666000002)","Unfall 231788 (2022) Kat:3, Licht: 0","231788","3","5","1","04","18","4","","0","1","1","0","0"
"POINT (13.533631415000100 52.452035246000001)","Unfall 231789 (2022) Kat:3, Licht: 0","231789","3","4","6","03","15","5","","0","0","1","1","0"
"POINT (13.388697550000099 52.439182801000101)","Unfall 231790 (2022) Kat:3, Licht: 0","231790","3","7","6","03","15","4","","0","0","1","1","0"
"POINT (13.376789983000000 52.411131077999997)","Unfall 231791 (2022) Kat:3, Licht: 0","231791","3","6","2","03","06","5","","0","0","1","0","0"
"POINT (13.434900087000100 52.439314811000003)","Unfall 231792 (2022) Kat:2, Licht: 0","231792","2","2","5","04","08","4","","0","0","1","0","0"
"POINT (13.345174440000100 52.436907318000102)","Unfall 231793 (2022) Kat:3, Licht: 0","231793","3","2","2","04","09","6","","0","0","1","0","1"
"POINT (13.443140303000099 52.437290167000100)","Unfall 231794 (2022) Kat:2, Licht: 2","231794","2","5","1","04","03","6","","2","0","1","0","1"
"POINT (13.390928805000000 52.535982601000100)","Unfall 231795 (2022) Kat:3, Licht: 2","231795","3","6","3","03","20","2","","2","1","0","0","0"
"POINT (13.400914815000000 52.520823844000098)","Unfall 231796 (2022) Kat:3, Licht: 0","231796","3","2","6","03","15","3","","0","0","1","1","0"
"POINT (13.282365177000001 52.538162221999997)","Unfall 231797 (2022) Kat:3, Licht: 0","231797","3","5","1","04","11","3","","0","1","1","0","0"
"POINT (13.418223789000001 52.517372346999998)","Unfall 231798 (2022) Kat:3, Licht: 0","231798","3","2","5","04","17","6","","0","1","1","0","0"
"POINT (13.237756750000100 52.522082466000001)","Unfall 231799 (2022) Kat:3, Licht: 0","231799","3","1","9","05","18","2","","0","0","1","0","0"
"POINT (13.424385597000001 52.486200426000003)","Unfall 231800 (2022) Kat:3, Licht: 0","231800","3","3","5","04","18","3","","0","1","0","0","0"
"POINT (13.300244202000000 52.570008895999997)","Unfall 231801 (2022) Kat:3, Licht: 0","231801","3","2","5","03","08","4","","0","1","1","0","0"
"POINT (13.418388510000099 52.500027617000100)","Unfall 231802 (2022) Kat:3, Licht: 1","231802","3","3","5","03","18","4","","1","0","1","0","0"
"POINT (13.442194943000100 52.500938488000003)","Unfall 231803 (2022) Kat:3, Licht: 2","231803","3","3","5","04","01","6","","2","0","0","0","1"
"POINT (13.445780082000100 52.553754797000103)","Unfall 231804 (2022) Kat:3, Licht: 0","231804","3","1","0","04","15","5","","0","0","0","0","1"
"POINT (13.371883760000101 52.509069757000098)","Unfall 231805 (2022) Kat:3, Licht: 0","231805","3","2","5","04","15","2","","0","1","1","0","0"
"POINT (13.378917340999999 52.449909921000000)","Unfall 231806 (2022) Kat:3, Licht: 0","231806","3","3","5","04","19","3","","0","0","1","0","0"
"POINT (13.442796505000000 52.465077423000103)","Unfall 231807 (2022) Kat:3, Licht: 0","231807","3","2","5","03","09","2","","0","1","1","0","0"
"POINT (13.367201895999999 52.525665317000097)","Unfall 231808 (2022) Kat:3, Licht: 2","231808","3","6","2","03","21","4","","2","0","1","0","0"
"POINT (13.395499156000000 52.496196250000096)","Unfall 231809 (2022) Kat:3, Licht: 0","231809","3","6","2","03","13","2","","0","0","1","0","0"
"POINT (13.616731696000000 52.446846095000097)","Unfall 231810 (2022) Kat:3, Licht: 0","231810","3","3","5","03","09","6","","0","1","0","0","0"
"POINT (13.403821151000001 52.521696362999997)","Unfall 231811 (2022) Kat:3, Licht: 0","231811","3","2","5","04","10","3","","0","1","1","0","0"
"POINT (13.359114243000000 52.596841530000098)","Unfall 231812 (2022) Kat:3, Licht: 0","231812","3","3","5","04","09","5","","0","0","1","0","0"
"POINT (13.404320215000000 52.527196380000099)","Unfall 231813 (2022) Kat:3, Licht: 0","231813","3","3","5","04","10","4","","0","1","1","0","0"
"POINT (13.423076464000101 52.488770371000001)","Unfall 231814 (2022) Kat:3, Licht: 0","231814","3","6","0","05","13","2","","0","0","0","0","0"
"POINT (13.359801437000000 52.592795520999999)","Unfall 231815 (2022) Kat:3, Licht: 2","231815","3","5","1","04","20","2","","2","0","1","0","0"
"POINT (13.392689419000000 52.465517069000001)","Unfall 231816 (2022) Kat:3, Licht: 0","231816","3","3","5","03","15","3","","0","0","1","0","0"
"POINT (13.313702343999999 52.504422460999997)","Unfall 231817 (2022) Kat:3, Licht: 0","231817","3","3","5","04","13","5","","0","1","1","0","0"
"POINT (13.313703068000100 52.490637258000000)","Unfall 231818 (2022) Kat:3, Licht: 0","231818","3","6","3","04","18","3","","0","0","1","0","1"
"POINT (13.583712815000100 52.524241039000103)","Unfall 231819 (2022) Kat:3, Licht: 0","231819","3","2","5","03","15","6","","0","1","1","0","0"
"POINT (13.469027396000101 52.531263029000101)","Unfall 231820 (2022) Kat:2, Licht: 1","231820","2","1","0","04","06","7","","1","0","0","0","0"
"POINT (13.491569808000101 52.616395505000099)","Unfall 231821 (2022) Kat:3, Licht: 0","231821","3","1","0","03","15","2","","0","1","0","0","0"
"POINT (13.356188763000000 52.494571610999998)","Unfall 231822 (2022) Kat:3, Licht: 2","231822","3","6","2","03","19","5","","2","0","1","0","0"
"POINT (13.415983111000100 52.534465780000097)","Unfall 231823 (2022) Kat:3, Licht: 2","231823","3","6","3","03","19","4","","2","1","0","0","0"
"POINT (13.445479638000100 52.581962088000097)","Unfall 231824 (2022) Kat:3, Licht: 0","231824","3","2","2","04","12","7","","0","0","1","0","0"
"POINT (13.390819688000001 52.516225669999997)","Unfall 231825 (2022) Kat:3, Licht: 0","231825","3","4","6","04","15","5","","0","0","0","1","0"
"POINT (13.386252066999999 52.528018539000101)","Unfall 231826 (2022) Kat:3, Licht: 1","231826","3","1","0","04","19","2","","1","0","0","0","1"
"POINT (13.260814766000101 52.421646240000001)","Unfall 231827 (2022) Kat:3, Licht: 0","231827","3","6","2","03","13","5","","0","1","1","0","0"
"POINT (13.396789378000101 52.514330503000103)","Unfall 231828 (2022) Kat:3, Licht: 0","231828","3","2","2","04","11","3","","0","0","1","0","1"
"POINT (13.256484143000000 52.486218028000103)","Unfall 231829 (2022) Kat:3, Licht: 0","231829","3","2","2","03","16","2","","0","1","1","0","0"
"POINT (13.261670644000001 52.437323058000104)","Unfall 231830 (2022) Kat:3, Licht: 0","231830","3","5","1","03","09","4","","0","0","1","0","0"
"POINT (13.452264608000100 52.554473121000100)","Unfall 231831 (2022) Kat:3, Licht: 0","231831","3","7","6","03","14","2","","0","0","1","1","0"
"POINT (13.339422045999999 52.460201600000097)","Unfall 231832 (2022) Kat:3, Licht: 0","231832","3","4","6","03","08","6","","0","0","1","1","0"
"POINT (13.406718039000101 52.498472089000103)","Unfall 231833 (2022) Kat:3, Licht: 2","231833","3","2","5","04","01","3","","2","0","1","0","0"
"POINT (13.400537434000100 52.509991503999998)","Unfall 231834 (2022) Kat:3, Licht: 0","231834","3","3","5","04","17","5","","0","0","0","0","1"
"POINT (13.312562156000100 52.499258287000004)","Unfall 231835 (2022) Kat:3, Licht: 2","231835","3","2","5","04","22","5","","2","0","1","0","0"
"POINT (13.333242636000000 52.560939016000098)","Unfall 231836 (2022) Kat:3, Licht: 0","231836","3","2","2","05","12","2","","0","0","1","0","0"
"POINT (13.334888453000101 52.421064973999997)","Unfall 231837 (2022) Kat:3, Licht: 0","231837","3","3","5","04","12","2","","0","0","1","0","0"
"POINT (13.388973020000000 52.515623767000100)","Unfall 231838 (2022) Kat:3, Licht: 0","231838","3","3","5","03","17","3","","0","1","0","0","0"
"POINT (13.195052058000000 52.535532289000102)","Unfall 231839 (2022) Kat:2, Licht: 2","231839","2","6","4","04","20","5","","2","0","0","0","0"
"POINT (13.496191536000000 52.432266100000000)","Unfall 231840 (2022) Kat:3, Licht: 0","231840","3","6","3","04","07","3","","0","1","1","0","0"
"POINT (13.435197523000101 52.491224424999999)","Unfall 231841 (2022) Kat:3, Licht: 0","231841","3","2","5","03","17","6","","0","1","1","0","0"
"POINT (13.567452246000100 52.573321161000102)","Unfall 231842 (2022) Kat:2, Licht: 0","231842","2","3","5","04","10","7","","0","1","1","0","0"
"POINT (13.419667689000100 52.506085649000099)","Unfall 231843 (2022) Kat:3, Licht: 0","231843","3","3","5","03","09","3","","0","0","1","0","0"
"POINT (13.369272737000101 52.557148965000103)","Unfall 231844 (2022) Kat:3, Licht: 2","231844","3","2","5","03","05","5","","2","0","1","0","0"
"POINT (13.433066210000000 52.452430810000102)","Unfall 231845 (2022) Kat:3, Licht: 0","231845","3","3","5","04","12","1","","0","0","1","0","0"
"POINT (13.397358989000100 52.528692010999997)","Unfall 231846 (2022) Kat:3, Licht: 0","231846","3","2","6","03","12","6","","0","0","0","1","0"
"POINT (13.390469966000101 52.507696029999998)","Unfall 231847 (2022) Kat:3, Licht: 2","231847","3","3","5","03","00","1","","2","0","1","0","0"
"POINT (13.535152251000101 52.409214522000099)","Unfall 231848 (2022) Kat:3, Licht: 0","231848","3","4","6","03","14","5","","0","0","1","1","0"
"POINT (13.322816113000000 52.456461693000101)","Unfall 231849 (2022) Kat:3, Licht: 0","231849","3","2","6","04","12","4","","0","0","1","1","0"
"POINT (13.603515361000101 52.546685058999998)","Unfall 231850 (2022) Kat:3, Licht: 0","231850","3","2","5","04","13","4","","0","0","1","0","0"
"POINT (13.437762233000100 52.500167734999998)","Unfall 231851 (2022) Kat:2, Licht: 2","231851","2","4","6","04","01","7","","2","0","1","1","0"
"POINT (13.446757320000099 52.502653139000103)","Unfall 231852 (2022) Kat:3, Licht: 0","231852","3","1","6","04","17","1","","0","1","0","1","0"
"POINT (13.355149693000000 52.482428023000097)","Unfall 231853 (2022) Kat:3, Licht: 0","231853","3","5","1","03","08","6","","0","0","1","0","0"
"POINT (13.260293594000100 52.537210660000000)","Unfall 231854 (2022) Kat:3, Licht: 0","231854","3","5","1","04","17","6","","0","0","1","0","0"
"POINT (13.431088924000100 52.546964355000100)","Unfall 231855 (2022) Kat:3, Licht: 0","231855","3","3","5","03","12","2","","0","0","1","0","0"
"POINT (13.338599933000101 52.543221849000098)","Unfall 231856 (2022) Kat:3, Licht: 1","231856","3","6","2","04","19","7","","1","0","1","0","0"
"POINT (13.351568383000000 52.552341996999999)","Unfall 231857 (2022) Kat:3, Licht: 0","231857","3","7","6","05","14","2","","0","1","0","1","0"
"POINT (13.437608308000099 52.482843735000102)","Unfall 231858 (2022) Kat:3, Licht: 0","231858","3","6","3","04","16","4","","0","0","1","0","1"
"POINT (13.386884179999999 52.519742000000100)","Unfall 231859 (2022) Kat:3, Licht: 0","231859","3","2","0","03","08","6","","0","0","0","0","1"
"POINT (13.333268043000000 52.482717407000102)","Unfall 231860 (2022) Kat:3, Licht: 0","231860","3","1","0","03","18","3","","0","1","0","0","0"
"POINT (13.410529949000001 52.503366653999997)","Unfall 231861 (2022) Kat:3, Licht: 0","231861","3","3","5","03","12","5","","0","1","1","0","0"
"POINT (13.197802952000099 52.518908139000096)","Unfall 231862 (2022) Kat:3, Licht: 0","231862","3","1","0","04","17","3","","0","0","0","0","1"
"POINT (13.181317558000000 52.534062517999999)","Unfall 231863 (2022) Kat:3, Licht: 0","231863","3","6","2","04","14","6","","0","0","1","0","1"
"POINT (13.356440287000099 52.552567676000102)","Unfall 231864 (2022) Kat:3, Licht: 0","231864","3","5","1","04","14","7","","0","0","1","0","0"
"POINT (13.418830421999999 52.476077756000102)","Unfall 231865 (2022) Kat:3, Licht: 0","231865","3","6","3","03","08","2","","0","1","1","0","0"
"POINT (13.328042483000001 52.486788632000099)","Unfall 231866 (2022) Kat:3, Licht: 0","231866","3","5","1","03","07","4","","0","0","1","0","0"
"POINT (13.406745352000000 52.509234735000099)","Unfall 231867 (2022) Kat:3, Licht: 0","231867","3","5","1","03","16","2","","0","1","1","0","0"