WKT,Name,OBJECTID,UKATEGORIE,UTYP1,UART,UMONAT,USTUNDE,UWOCHENTAG,STRZUSTAND,ULICHTVERH,ISTRAD,ISTPKW,ISTFUSS,ISTKRAD
"POINT (13.417942054999999 52.499274544000102)","Unfall 231868 (2022) Kat:3, Licht: 2","231868","3","6","3","04","00","4","","2","0","1","0","0"
"POINT (13.370547908000001 52.559334870000001)","Unfall 231869 (2022) Kat:3, Licht: 0","231869","3","6","0","04","14","5","","0","0","1","0","1"
"POINT (13.336510922000100 52.595728389999998)","Unfall 231870 (2022) Kat:3, Licht: 0","231870","3","4","6","04","10","6","","0","1","0","1","0"
"POINT (13.288443905000101 52.495599872000099)","Unfall 231871 (2022) Kat:3, Licht: 0","231871","3","3","5","05","20","2","","0","0","1","0","0"
"POINT (13.676777051000000 52.420068414000099)","Unfall 231872 (2022) Kat:3, Licht: 0","231872","3","7","0","04","16","3","","0","1","0","0","0"
"POINT (13.330911825999999 52.444486650999998)","Unfall 231873 (2022) Kat:3, Licht: 0","231873","3","3","0","03","07","4","","0","0","1","0","1"
"POINT (13.429211487000000 52.556645404000101)","Unfall 231874 (2022) Kat:3, Licht: 0","231874","3","2","5","03","16","4","","0","1","1","0","0"
"POINT (13.466195648000101 52.426629395000099)","Unfall 231875 (2022) Kat:3, Licht: 0","231875","3","2","5","04","18","7","","0","1","0","0","0"
"POINT (13.346589991000000 52.431985148000102)","Unfall 231876 (2022) Kat:3, Licht: 0","231876","3","6","2","04","19","5","","0","0","1","0","0"
"POINT (13.452190440000001 52.480699303000101)","Unfall 231877 (2022) Kat:3, Licht: 0","231877","3","5","1","03","12","1","","0","0","1","0","0"
"POINT (13.304045514000100 52.499362093999999)","Unfall 231878 (2022) Kat:3, Licht: 0","231878","3","7","0","04","15","2","","0","0","1","0","0"
"POINT (13.257509188000000 52.510437660000001)","Unfall 231879 (2022) Kat:3, Licht: 0","231879","3","5","1","04","18","3","","0","1","1","0","0"
"POINT (13.564871058000101 52.544761139999999)","Unfall 231880 (2022) Kat:3, Licht: 0","231880","3","2","5","03","11","1","","0","1","1","0","0"
"POINT (13.591668253000000 52.432301107999997)","Unfall 231881 (2022) Kat:3, Licht: 2","231881","3","3","5","03","20","7","","2","0","1","0","0"
"POINT (13.583995362000101 52.430295386000097)","Unfall 231882 (2022) Kat:3, Licht: 1","231882","3","5","1","03","19","5","","1","0","0","0","1"
"POINT (13.431579867000000 52.443438524000001)","Unfall 231883 (2022) Kat:3, Licht: 0","231883","3","2","2","04","11","3","","0","0","1","0","0"
"POINT (13.465592044000100 52.551713421999999)","Unfall 231884 (2022) Kat:3, Licht: 0","231884","3","2","5","04","16","5","","0","0","1","0","0"
"POINT (13.392283874000000 52.523850516000003)","Unfall 231885 (2022) Kat:3, Licht: 0","231885","3","6","3","04","08","4","","0","1","1","0","0"
"POINT (13.438137604000101 52.546286623000100)","Unfall 231886 (2022) Kat:3, Licht: 0","231886","3","2","5","05","17","2","","0","1","1","0","0"
"POINT (13.565727569000000 52.529095541000103)","Unfall 231887 (2022) Kat:3, Licht: 0","231887","3","3","5","04","11","2","","0","0","1","0","0"
"POINT (13.337385223000100 52.586204692000102)","Unfall 231888 (2022) Kat:3, Licht: 0","231888","3","7","6","03","10","3","","0","0","0","1","0"
"POINT (13.499695899000100 52.534506442000101)","Unfall 231889 (2022) Kat:3, Licht: 0","231889","3","3","5","04","15","5","","0","0","1","0","0"
"POINT (13.274742322000099 52.450687461000001)","Unfall 231890 (2022) Kat:2, Licht: 0","231890","2","7","0","04","17","1","","0","1","0","0","0"
"POINT (13.418663335000099 52.480058847000102)","Unfall 231891 (2022) Kat:3, Licht: 0","231891","3","7","5","03","14","7","","0","0","1","0","0"
"POINT (13.472390157000101 52.436814091000002)","Unfall 231892 (2022) Kat:3, Licht: 0","231892","3","2","2","04","18","7","","0","0","1","0","0"
"POINT (13.328170368000000 52.423818863000101)","Unfall 231893 (2022) Kat:3, Licht: 1","231893","3","1","1","03","18","3","","1","0","1","0","0"
"POINT (13.427855806000000 52.481153077999998)","Unfall 231894 (2022) Kat:2, Licht: 0","231894","2","2","5","04","18","2","","0","1","1","0","0"
"POINT (13.572731661000001 52.550005710000100)","Unfall 231895 (2022) Kat:3, Licht: 0","231895","3","6","2","03","15","6","","0","0","1","0","0"
"POINT (13.394354148000000 52.489020750000101)","Unfall 231896 (2022) Kat:3, Licht: 2","231896","3","7","0","03","20","4","","2","0","0","0","1"
"POINT (13.273435571000100 52.536157545999998)","Unfall 231897 (2022) Kat:2, Licht: 0","231897","2","7","5","03","14","5","","0","0","1","0","0"
"POINT (13.301430255000099 52.512631351000003)","Unfall 231898 (2022) Kat:3, Licht: 0","231898","3","6","2","04","15","4","","0","0","1","0","0"
"POINT (13.196024076000100 52.520933781000103)","Unfall 231899 (2022) Kat:3, Licht: 0","231899","3","4","6","04","14","4","","0","0","0","1","1"
"POINT (13.374824067000100 52.475667363000099)","Unfall 231900 (2022) Kat:3, Licht: 2","231900","3","4","6","04","22","7","","2","1","0","1","0"
"POINT (13.353342882000000 52.558247481000102)","Unfall 231901 (2022) Kat:3, Licht: 0","231901","3","5","1","04","16","2","","0","1","0","0","0"
"POINT (13.341408303000000 52.435429246000098)","Unfall 231902 (2022) Kat:3, Licht: 0","231902","3","3","5","03","07","5","","0","0","1","0","0"
"POINT (13.324532245000100 52.461887806999997)","Unfall 231903 (2022) Kat:3, Licht: 0","231903","3","6","2","03","16","3","","0","1","1","0","0"
"POINT (13.429937722000000 52.551442177000098)","Unfall 231904 (2022) Kat:3, Licht: 0","231904","3","2","6","04","07","6","","0","0","1","1","0"
"POINT (13.294980118000099 52.576323883000001)","Unfall 231905 (2022) Kat:3, Licht: 0","231905","3","4","6","03","09","2","","0","0","1","1","0"
"POINT (13.302978977000100 52.509848065000000)","Unfall 231906 (2022) Kat:3, Licht: 0","231906","3","7","1","04","10","7","","0","0","1","0","0"
"POINT (13.322756321000000 52.488960430000098)","Unfall 231907 (2022) Kat:3, Licht: 0","231907","3","6","3","05","20","2","","0","1","0","0","0"
"POINT (13.591952799000101 52.529813115000103)","Unfall 231908 (2022) Kat:3, Licht: 0","231908","3","7","6","04","11","4","","0","0","1","1","0"
"POINT (13.342266559000100 52.463236186000103)","Unfall 231909 (2022) Kat:3, Licht: 0","231909","3","3","5","03","09","6","","0","1","1","0","0"
"POINT (13.330150721000100 52.495053833999997)","Unfall 231910 (2022) Kat:3, Licht: 0","231910","3","6","3","03","10","4","","0","0","1","0","1"
"POINT (13.517321698000000 52.444712555000102)","Unfall 231911 (2022) Kat:2, Licht: 0","231911","2","3","5","04","10","2","","0","1","1","0","0"
"POINT (13.333590912000000 52.506920330000099)","Unfall 231912 (2022) Kat:3, Licht: 0","231912","3","6","2","03","13","7","","0","0","1","0","1"
"POINT (13.421084524999999 52.497656474000102)","Unfall 231913 (2022) Kat:2, Licht: 0","231913","2","1","0","03","17","5","","0","0","0","0","0"
"POINT (13.409429773999999 52.504016634999999)","Unfall 231914 (2022) Kat:3, Licht: 0","231914","3","3","5","03","09","2","","0","1","1","0","0"
"POINT (13.358930494999999 52.445906906000097)","Unfall 231915 (2022) Kat:3, Licht: 0","231915","3","3","5","03","15","5","","0","1","1","0","0"
"POINT (13.332230143000100 52.545857811000097)","Unfall 231916 (2022) Kat:2, Licht: 0","231916","2","1","8","04","16","4","","0","0","1","0","0"
"POINT (13.430508504000001 52.571561379000102)","Unfall 231917 (2022) Kat:3, Licht: 0","231917","3","2","5","04","18","3","","0","1","1","0","0"
"POINT (13.465808656000000 52.499338738000098)","Unfall 231918 (2022) Kat:3, Licht: 2","231918","3","1","0","04","00","7","","2","1","0","0","0"
"POINT (13.456835749000000 52.511278790000098)","Unfall 231919 (2022) Kat:3, Licht: 0","231919","3","7","6","04","16","1","","0","1","0","1","0"
"POINT (13.303909178000000 52.584874130000102)","Unfall 231920 (2022) Kat:3, Licht: 0","231920","3","3","5","03","15","5","","0","1","1","0","0"
"POINT (13.404224441000100 52.573073732000097)","Unfall 231921 (2022) Kat:3, Licht: 0","231921","3","3","5","03","07","3","","0","1","0","0","0"
"POINT (13.307233660000101 52.504859649000103)","Unfall 231922 (2022) Kat:3, Licht: 0","231922","3","4","6","04","15","6","","0","0","1","1","0"
"POINT (13.347266038000001 52.449937802000100)","Unfall 231923 (2022) Kat:3, Licht: 0","231923","3","6","2","03","15","1","","0","0","1","0","0"
"POINT (13.328627534000100 52.508027714000001)","Unfall 231924 (2022) Kat:3, Licht: 0","231924","3","6","2","04","08","6","","0","0","1","0","1"
"POINT (13.465372144000099 52.567086818000099)","Unfall 231925 (2022) Kat:2, Licht: 0","231925","2","3","5","05","16","2","","0","0","0","0","1"
"POINT (13.304331195000000 52.499458011000101)","Unfall 231926 (2022) Kat:3, Licht: 0","231926","3","7","5","04","16","4","","0","1","1","0","0"
"POINT (13.238961441000100 52.613602796000102)","Unfall 231927 (2022) Kat:2, Licht: 0","231927","2","4","6","03","07","6","","0","0","1","1","0"
"POINT (13.231305553000000 52.538232692000101)","Unfall 231928 (2022) Kat:3, Licht: 0","231928","3","2","5","03","15","4","","0","1","1","0","0"
"POINT (13.334106047000001 52.589750477000102)","Unfall 231929 (2022) Kat:3, Licht: 0","231929","3","2","5","03","13","4","","0","0","1","0","0"
"POINT (13.379801993999999 52.521697408000101)","Unfall 231930 (2022) Kat:3, Licht: 0","231930","3","2","5","04","08","4","","0","0","1","0","1"
"POINT (13.581893278000100 52.441807801000003)","Unfall 231931 (2022) Kat:3, Licht: 0","231931","3","6","3","04","11","1","","0","0","1","0","1"
"POINT (13.404405610000000 52.527084297000002)","Unfall 231932 (2022) Kat:3, Licht: 0","231932","3","3","5","04","13","6","","0","0","1","0","1"
"POINT (13.346044632000000 52.494518782999997)","Unfall 231933 (2022) Kat:3, Licht: 0","231933","3","2","2","04","09","6","","0","0","1","0","0"
"POINT (13.387335680000000 52.519771994000102)","Unfall 231934 (2022) Kat:3, Licht: 0","231934","3","5","1","03","07","2","","0","0","0","0","0"
"POINT (13.495998226999999 52.466185522000004)","Unfall 231935 (2022) Kat:3, Licht: 0","231935","3","7","0","03","18","4","","0","0","0","0","1"
"POINT (13.492279664000000 52.565129730000102)","Unfall 231936 (2022) Kat:2, Licht: 0","231936","2","2","5","03","07","2","","0","0","1","0","0"
"POINT (13.306724054000000 52.433911240999997)","Unfall 231937 (2022) Kat:2, Licht: 0","231937","2","7","6","04","09","4","","0","1","0","1","0"
"POINT (13.444089313000100 52.484694937000000)","Unfall 231938 (2022) Kat:3, Licht: 0","231938","3","7","5","04","14","6","","0","0","1","0","1"
"POINT (13.394114199000100 52.508442252000101)","Unfall 231939 (2022) Kat:3, Licht: 2","231939","3","1","8","04","23","6","","2","0","1","0","0"
"POINT (13.334109200000100 52.504325283000099)","Unfall 231940 (2022) Kat:3, Licht: 0","231940","3","3","5","05","18","2","","0","1","0","0","1"
"POINT (13.478004884000001 52.514764411000002)","Unfall 231941 (2022) Kat:3, Licht: 0","231941","3","6","3","04","11","3","","0","0","1","0","0"
"POINT (13.344990428000100 52.539122533000103)","Unfall 231942 (2022) Kat:3, Licht: 0","231942","3","2","5","03","14","4","","0","0","1","0","0"
"POINT (13.434127705000000 52.442796565999998)","Unfall 231943 (2022) Kat:3, Licht: 0","231943","3","2","5","03","16","3","","0","0","1","0","1"
"POINT (13.436882523000101 52.479723231999998)","Unfall 231944 (2022) Kat:3, Licht: 0","231944","3","1","8","04","06","6","","0","0","1","0","0"
"POINT (13.348514366000099 52.521931333000097)","Unfall 231945 (2022) Kat:3, Licht: 1","231945","3","2","6","04","18","5","","1","0","1","1","0"
"POINT (13.437953013000000 52.454190027000003)","Unfall 231946 (2022) Kat:1, Licht: 0","231946","1","3","5","03","14","1","","0","0","1","0","1"
"POINT (13.473040418000000 52.437555427000099)","Unfall 231947 (2022) Kat:2, Licht: 2","231947","2","6","2","04","19","2","","2","0","1","0","0"
"POINT (13.357505841000000 52.535952197000000)","Unfall 231948 (2022) Kat:3, Licht: 0","231948","3","2","6","03","13","3","","0","0","1","1","0"
"POINT (13.381500690000101 52.482651632000099)","Unfall 231949 (2022) Kat:2, Licht: 0","231949","2","5","1","03","14","5","","0","1","1","0","0"
"POINT (13.364688317000100 52.522803283000002)","Unfall 231950 (2022) Kat:3, Licht: 0","231950","3","6","2","04","12","3","","0","0","1","0","1"
"POINT (13.356673753999999 52.525157517000103)","Unfall 231951 (2022) Kat:3, Licht: 2","231951","3","2","5","03","17","1","","2","1","1","0","0"
"POINT (13.437380146000100 52.479174160000099)","Unfall 231952 (2022) Kat:3, Licht: 0","231952","3","6","2","03","13","1","","0","0","1","0","0"
"POINT (13.541403470000001 52.534568907000100)","Unfall 231953 (2022) Kat:3, Licht: 0","231953","3","2","5","03","13","5","","0","1","1","0","0"
"POINT (13.506245803000100 52.497058688999999)","Unfall 231954 (2022) Kat:3, Licht: 0","231954","3","2","2","04","17","3","","0","0","1","0","0"
"POINT (13.382110109000100 52.552734559999998)","Unfall 231955 (2022) Kat:3, Licht: 0","231955","3","5","1","04","13","5","","0","1","1","0","0"
"POINT (13.489376020000099 52.542467858000101)","Unfall 231956 (2022) Kat:2, Licht: 0","231956","2","1","0","04","13","4","","0","0","0","0","1"
"POINT (13.291548068000100 52.510472277000098)","Unfall 231957 (2022) Kat:3, Licht: 0","231957","3","2","0","05","18","1","","0","1","0","0","0"
"POINT (13.362808267000000 52.538474565999998)","Unfall 231958 (2022) Kat:3, Licht: 1","231958","3","3","5","04","18","2","","1","1","1","0","0"
"POINT (13.165442060000000 52.551283469000097)","Unfall 231959 (2022) Kat:3, Licht: 0","231959","3","2","5","04","15","5","","0","1","1","0","0"
"POINT (13.557976579000099 52.455940455000103)","Unfall 231960 (2022) Kat:3, Licht: 0","231960","3","6","2","04","12","2","","0","1","0","0","0"
"POINT (13.332281242000001 52.545839100000101)","Unfall 231961 (2022) Kat:3, Licht: 0","231961","3","1","0","03","14","6","","0","0","0","0","1"
"POINT (13.438822466000000 52.512666664000101)","Unfall 231962 (2022) Kat:3, Licht: 2","231962","3","1","0","04","01","7","","2","0","0","0","0"
"POINT (13.341611119000000 52.479472724000097)","Unfall 231963 (2022) Kat:2, Licht: 0","231963","2","4","6","03","14","3","","0","0","1","1","0"
"POINT (13.352252034999999 52.523952223999999)","Unfall 231964 (2022) Kat:2, Licht: 0","231964","2","3","5","04","17","1","","0","0","1","0","0"
"POINT (13.278143510000101 52.506721614000099)","Unfall 231965 (2022) Kat:3, Licht: 0","231965","3","3","5","05","14","3","","0","0","1","0","0"
"POINT (13.355548578000001 52.486517191000097)","Unfall 231966 (2022) Kat:3, Licht: 0","231966","3","3","0","04","15","4","","0","1","0","0","1"
"POINT (13.290632011000101 52.516013794999999)","Unfall 231967 (2022) Kat:3, Licht: 0","231967","3","7","0","03","16","6","","0","1","0","0","0"
"POINT (13.467052008000101 52.502696141999998)","Unfall 231968 (2022) Kat:3, Licht: 0","231968","3","1","0","03","17","4","","0","0","0","0","1"
"POINT (13.330837704000000 52.562499541000101)","Unfall 231969 (2022) Kat:3, Licht: 0","231969","3","6","4","03","15","4","","0","1","0","0","0"
"POINT (13.436257887000099 52.478815668999999)","Unfall 231970 (2022) Kat:3, Licht: 0","231970","3","7","5","04","12","4","","0","1","1","0","0"
"POINT (13.335121767000000 52.525416048000103)","Unfall 231971 (2022) Kat:3, Licht: 2","231971","3","7","0","04","20","3","","2","0","0","0","1"
"POINT (13.347922439000101 52.435194813000102)","Unfall 231972 (2022) Kat:2, Licht: 0","231972","2","3","5","05","13","1","","0","0","1","0","0"
"POINT (13.378658742000001 52.528398426000102)","Unfall 231973 (2022) Kat:3, Licht: 0","231973","3","6","2","04","05","2","","0","1","1","0","0"
"POINT (13.280785024000100 52.476794462000001)","Unfall 231974 (2022) Kat:3, Licht: 0","231974","3","2","6","03","15","5","","0","0","1","1","0"
"POINT (13.213133122000000 52.607250491000102)","Unfall 231975 (2022) Kat:2, Licht: 0","231975","2","3","5","04","14","6","","0","1","1","0","0"
"POINT (13.330735221999999 52.465116402000000)","Unfall 231976 (2022) Kat:3, Licht: 0","231976","3","1","0","03","11","1","","0","0","1","0","1"
"POINT (13.344621217000100 52.461597969000103)","Unfall 231977 (2022) Kat:3, Licht: 0","231977","3","3","5","04","19","6","","0","0","1","0","0"
"POINT (13.584843670000099 52.482716562000100)","Unfall 231978 (2022) Kat:3, Licht: 0","231978","3","1","0","05","09","2","","0","0","0","0","1"
"POINT (13.574082315000100 52.456533047000100)","Unfall 231979 (2022) Kat:3, Licht: 0","231979","3","5","1","04","08","4","","0","1","1","0","0"
"POINT (13.308247567000000 52.477807085000101)","Unfall 231980 (2022) Kat:3, Licht: 1","231980","3","3","5","03","17","5","","1","0","1","0","0"
"POINT (13.497076542000100 52.508010448000100)","Unfall 231981 (2022) Kat:3, Licht: 0","231981","3","3","5","03","10","4","","0","1","1","0","0"
"POINT (13.484945063000101 52.493985613000099)","Unfall 231982 (2022) Kat:3, Licht: 0","231982","3","7","5","04","16","3","","0","1","0","0","0"
"POINT (13.284351044000100 52.486720689000002)","Unfall 231983 (2022) Kat:3, Licht: 0","231983","3","2","5","04","20","7","","0","0","1","0","0"
"POINT (13.491265930000100 52.428706882000000)","Unfall 231984 (2022) Kat:3, Licht: 0","231984","3","6","2","04","16","6","","0","0","1","0","0"
"POINT (13.407628543000000 52.498335295000103)","Unfall 231985 (2022) Kat:3, Licht: 0","231985","3","1","0","04","13","7","","0","1","0","0","0"
"POINT (13.379505499000100 52.529551568000002)","Unfall 231986 (2022) Kat:3, Licht: 0","231986","3","4","6","03","10","5","","0","1","0","1","0"
"POINT (13.404604788000000 52.540603556000100)","Unfall 231987 (2022) Kat:3, Licht: 0","231987","3","2","5","04","15","3","","0","1","1","0","0"
"POINT (13.384059525000101 52.483817599000098)","Unfall 231988 (2022) Kat:3, Licht: 0","231988","3","6","2","03","17","2","","0","1","1","0","0"
"POINT (13.458486518000001 52.453681059000097)","Unfall 231989 (2022) Kat:3, Licht: 0","231989","3","6","3","03","14","2","","0","0","0","0","1"
"POINT (13.383552920000101 52.503434691000102)","Unfall 231990 (2022) Kat:3, Licht: 0","231990","3","3","5","03","11","6","","0","0","1","0","0"
"POINT (13.373986294000099 52.556459095999998)","Unfall 231991 (2022) Kat:3, Licht: 0","231991","3","2","6","04","18","3","","0","0","1","1","0"
"POINT (13.280695885000100 52.477580459000102)","Unfall 231992 (2022) Kat:2, Licht: 0","231992","2","5","1","04","06","5","","0","1","0","0","0"
"POINT (13.455541224999999 52.510040033000102)","Unfall 231993 (2022) Kat:3, Licht: 2","231993","3","5","1","04","20","5","","2","1","1","0","0"
"POINT (13.397458793000100 52.416997870000003)","Unfall 231994 (2022) Kat:3, Licht: 0","231994","3","3","5","05","10","2","","0","0","1","0","1"
"POINT (13.573529271000000 52.552356117999999)","Unfall 231995 (2022) Kat:3, Licht: 0","231995","3","2","5","04","14","3","","0","0","1","0","0"
"POINT (13.537388258000000 52.418538519000002)","Unfall 231996 (2022) Kat:2, Licht: 0","231996","2","2","5","03","09","3","","0","0","1","0","1"
"POINT (13.398230292999999 52.534413288000103)","Unfall 231997 (2022) Kat:3, Licht: 0","231997","3","7","5","04","13","6","","0","0","1","0","0"
"POINT (13.535638175000001 52.451652824000099)","Unfall 231998 (2022) Kat:3, Licht: 0","231998","3","6","0","04","07","4","","0","1","0","0","0"
"POINT (13.521936030000100 52.526002556000002)","Unfall 231999 (2022) Kat:3, Licht: 0","231999","3","3","0","03","16","7","","0","1","1","0","0"
"POINT (13.311141808000100 52.496127998000098)","Unfall 232000 (2022) Kat:3, Licht: 2","232000","3","6","2","04","04","7","","2","0","1","0","0"
"POINT (13.453515045000101 52.452780996999998)","Unfall 232001 (2022) Kat:3, Licht: 2","232001","3","3","5","03","22","2","","2","0","1","0","0"
"POINT (13.359975022000100 52.486045128999997)","Unfall 232002 (2022) Kat:3, Licht: 0","232002","3","6","2","04","11","2","","0","0","1","0","0"
"POINT (13.376314488000000 52.458886505000102)","Unfall 232003 (2022) Kat:2, Licht: 0","232003","2","2","5","04","15","3","","0","1","1","0","0"
"POINT (13.347822436000101 52.424536951999997)","Unfall 232004 (2022) Kat:3, Licht: 0","232004","3","6","2","04","12","7","","0","0","1","0","0"
"POINT (13.421978933000000 52.505081218999997)","Unfall 232005 (2022) Kat:2, Licht: 0","232005","2","3","5","04","20","6","","0","1","1","0","0"
"POINT (13.376709255000000 52.489351861999999)","Unfall 232006 (2022) Kat:3, Licht: 0","232006","3","2","5","04","13","7","","0","1","1","0","0"
"POINT (13.150764690000100 52.553892661000098)","Unfall 232007 (2022) Kat:3, Licht: 0","232007","3","6","2","04","07","3","","0","0","1","0","0"
"POINT (13.558402129999999 52.547919944999997)","Unfall 232008 (2022) Kat:3, Licht: 0","232008","3","3","5","03","11","2","","0","1","1","0","0"
"POINT (13.495907833000000 52.465919895000098)","Unfall 232009 (2022) Kat:3, Licht: 2","232009","3","7","0","03","20","4","","2","0","0","0","1"
"POINT (13.357696395000101 52.538940707000101)","Unfall 232010 (2022) Kat:3, Licht: 0","232010","3","6","3","03","16","2","","0","1","1","0","0"
"POINT (13.405476918000000 52.505114511000002)","Unfall 232011 (2022) Kat:3, Licht: 2","232011","3","3","5","03","04","6","","2","0","1","0","0"
"POINT (13.485934805000101 52.433384816000100)","Unfall 232012 (2022) Kat:3, Licht: 0","232012","3","3","5","04","14","3","","0","0","1","0","0"
"POINT (13.460875628000100 52.532898985000003)","Unfall 232013 (2022) Kat:3, Licht: 0","232013","3","3","5","04","20","5","","0","1","1","0","0"
"POINT (13.400578858000101 52.528925983000100)","Unfall 232014 (2022) Kat:2, Licht: 0","232014","2","6","3","04","17","6","","0","1","0","0","0"
"POINT (13.543904630000000 52.568077624000097)","Unfall 232015 (2022) Kat:3, Licht: 0","232015","3","3","0","05","16","1","","0","0","1","0","1"
"POINT (13.419026175000100 52.575015475999997)","Unfall 232016 (2022) Kat:3, Licht: 0","232016","3","3","5","04","15","3","","0","0","1","0","0"
"POINT (13.306846039000000 52.554877915000098)","Unfall 232017 (2022) Kat:3, Licht: 0","232017","3","6","2","03","13","3","","0","0","1","0","0"
"POINT (13.313100392000001 52.500967645999999)","Unfall 232018 (2022) Kat:2, Licht: 0","232018","2","4","6","03","13","3","","0","1","0","1","0"
"POINT (13.411041008000000 52.503496061000099)","Unfall 232019 (2022) Kat:3, Licht: 0","232019","3","2","5","04","13","5","","0","1","0","0","1"
"POINT (13.128935987000000 52.528762981000099)","Unfall 232020 (2022) Kat:3, Licht: 0","232020","3","6","2","04","11","5","","0","0","1","0","0"
"POINT (13.458392000000099 52.549916711999998)","Unfall 232021 (2022) Kat:3, Licht: 0","232021","3","4","6","03","15","7","","0","0","0","1","0"
"POINT (13.188415476999999 52.534323179000097)","Unfall 232022 (2022) Kat:3, Licht: 0","232022","3","2","2","04","12","2","","0","0","1","0","0"
"POINT (13.281985146000100 52.636195292000103)","Unfall 232023 (2022) Kat:3, Licht: 0","232023","3","3","5","03","16","4","","0","0","1","0","0"
"POINT (13.446059641000000 52.452461248000098)","Unfall 232024 (2022) Kat:3, Licht: 0","232024","3","6","3","04","17","2","","0","1","0","0","0"
"POINT (13.185883027999999 52.534231154000103)","Unfall 232025 (2022) Kat:3, Licht: 0","232025","3","7","5","03","11","1","","0","0","1","0","1"
"POINT (13.386124432000001 52.557350194999998)","Unfall 232026 (2022) Kat:3, Licht: 1","232026","3","5","1","03","18","7","","1","0","1","0","0"
"POINT (13.498431131000100 52.433839693000003)","Unfall 232027 (2022) Kat:3, Licht: 2","232027","3","3","5","03","01","6","","2","0","1","0","0"
"POINT (13.161446417000001 52.564032530000098)","Unfall 232028 (2022) Kat:3, Licht: 0","232028","3","4","6","04","11","3","","0","0","1","1","0"
"POINT (13.384926091000100 52.516617224000100)","Unfall 232029 (2022) Kat:3, Licht: 0","232029","3","6","3","04","09","5","","0","1","1","0","0"
"POINT (13.370637263000001 52.536818213000103)","Unfall 232030 (2022) Kat:3, Licht: 0","232030","3","5","5","04","11","5","","0","1","1","0","0"
"POINT (13.339986559000099 52.503843436000103)","Unfall 232031 (2022) Kat:3, Licht: 0","232031","3","5","0","04","16","7","","0","1","1","0","0"
"POINT (13.356086559000101 52.555333750000003)","Unfall 232032 (2022) Kat:3, Licht: 0","232032","3","6","2","04","17","2","","0","0","1","0","0"
"POINT (13.303493782000000 52.419364954000102)","Unfall 232033 (2022) Kat:2, Licht: 0","232033","2","7","6","04","15","5","","0","0","1","1","0"
"POINT (13.520215729000000 52.505973595999997)","Unfall 232034 (2022) Kat:3, Licht: 0","232034","3","6","2","04","17","1","","0","0","1","0","0"
"POINT (13.131395526000100 52.549549675000002)","Unfall 232035 (2022) Kat:3, Licht: 0","232035","3","6","2","03","17","6","","0","0","1","0","0"
"POINT (13.267396676000001 52.512202658000000)","Unfall 232036 (2022) Kat:2, Licht: 0","232036","2","2","5","04","12","7","","0","1","1","0","0"
"POINT (13.387388768000100 52.439748342000001)","Unfall 232037 (2022) Kat:2, Licht: 2","232037","2","6","0","03","20","2","","2","0","1","0","1"
"POINT (13.466219273000000 52.429051805000000)","Unfall 232038 (2022) Kat:3, Licht: 1","232038","3","7","5","04","05","7","","1","0","1","0","1"
"POINT (13.405200885999999 52.534091445000101)","Unfall 232039 (2022) Kat:3, Licht: 0","232039","3","2","2","05","14","2","","0","0","0","0","0"
"POINT (13.330960941000100 52.533570763000100)","Unfall 232040 (2022) Kat:3, Licht: 0","232040","3","2","5","04","16","4","","0","1","1","0","0"
"POINT (13.347701227000099 52.425058870000001)","Unfall 232041 (2022) Kat:3, Licht: 0","232041","3","4","6","03","12","6","","0","0","1","1","0"
"POINT (13.448257439000001 52.427375007000101)","Unfall 232042 (2022) Kat:3, Licht: 0","232042","3","3","5","03","08","4","","0","0","1","0","0"
"POINT (13.302317029000100 52.547890567000103)","Unfall 232043 (2022) Kat:2, Licht: 0","232043","2","2","5","03","13","4","","0","0","1","0","1"
"POINT (13.343338905000101 52.527078792000097)","Unfall 232044 (2022) Kat:3, Licht: 0","232044","3","6","4","04","17","4","","0","1","0","0","0"
"POINT (13.433240452000099 52.551707991999997)","Unfall 232045 (2022) Kat:3, Licht: 0","232045","3","3","5","04","16","4","","0","0","1","0","1"
"POINT (13.394900008000000 52.496275981000103)","Unfall 232046 (2022) Kat:3, Licht: 0","232046","3","3","5","04","09","6","","0","1","1","0","0"
"POINT (13.435082351000100 52.429302748000097)","Unfall 232047 (2022) Kat:3, Licht: 0","232047","3","5","1","04","16","1","","0","0","1","0","0"
"POINT (13.557354967000000 52.556795053000002)","Unfall 232048 (2022) Kat:3, Licht: 0","232048","3","6","3","03","11","6","","0","1","0","0","0"
"POINT (13.241856989000000 52.444286308000102)","Unfall 232049 (2022) Kat:3, Licht: 0","232049","3","2","5","03","16","3","","0","1","1","0","0"
"POINT (13.294309251000101 52.497595369000102)","Unfall 232050 (2022) Kat:3, Licht: 0","232050","3","7","5","04","14","4","","0","1","1","0","0"
"POINT (13.384221318000099 52.555697807000101)","Unfall 232051 (2022) Kat:3, Licht: 2","232051","3","2","5","03","20","2","","2","1","1","0","0"
"POINT (13.340383631000099 52.551118283000100)","Unfall 232052 (2022) Kat:3, Licht: 0","232052","3","2","5","04","06","5","","0","1","1","0","0"
"POINT (13.394462456999999 52.506965907999998)","Unfall 232053 (2022) Kat:3, Licht: 0","232053","3","3","5","05","09","2","","0","1","1","0","0"
"POINT (13.395852837000101 52.529031259000099)","Unfall 232054 (2022) Kat:3, Licht: 0","232054","3","4","6","04","14","3","","0","0","1","1","0"