WKT,Name,OBJECTID,UKATEGORIE,UTYP1,UART,UMONAT,USTUNDE,UWOCHENTAG,STRZUSTAND,ULICHTVERH,ISTRAD,ISTPKW,ISTFUSS,ISTKRAD
"POINT (13.425953707000099 52.457260439999999)","Unfall 232055 (2022) Kat:3, Licht: 0","232055","3","6","2","03","07","5","","0","0","1","0","0"
"POINT (13.285880480000101 52.595038239000097)","Unfall 232056 (2022) Kat:3, Licht: 0","232056","3","2","3","03","17","3","","0","0","1","0","0"
"POINT (13.338209840999999 52.431962716999998)","Unfall 232057 (2022) Kat:3, Licht: 0","232057","3","2","6","04","08","3","","0","0","1","1","0"
"POINT (13.498576588000001 52.410393237000100)","Unfall 232058 (2022) Kat:3, Licht: 0","232058","3","3","5","04","13","7","","0","0","1","0","0"
"POINT (13.308521880000100 52.495271119000101)","Unfall 232059 (2022) Kat:3, Licht: 0","232059","3","3","5","04","11","6","","0","0","1","0","0"
"POINT (13.329689102000000 52.563161741999998)","Unfall 232060 (2022) Kat:3, Licht: 0","232060","3","2","5","04","17","3","","0","1","1","0","0"
"POINT (13.624161923000001 52.446934437000003)","Unfall 232061 (2022) Kat:2, Licht: 2","232061","2","1","0","03","20","1","","2","1","0","0","0"
"POINT (13.342044490999999 52.522721497000099)","Unfall 232062 (2022) Kat:3, Licht: 0","232062","3","7","0","03","17","4","","0","0","0","0","1"
"POINT (13.411767106000100 52.523965877000101)","Unfall 232063 (2022) Kat:3, Licht: 0","232063","3","2","5","03","08","2","","0","0","1","0","0"
"POINT (13.523136858000001 52.560491388999999)","Unfall 232064 (2022) Kat:2, Licht: 0","232064","2","2","5","03","15","6","","0","1","0","0","0"
"POINT (13.428677001000001 52.499384050000103)","Unfall 232065 (2022) Kat:2, Licht: 0","232065","2","7","6","04","15","3","","0","0","1","1","0"
"POINT (13.323209840000100 52.499909257000098)","Unfall 232066 (2022) Kat:3, Licht: 0","232066","3","6","2","04","07","5","","0","0","1","0","0"
"POINT (13.455076449000000 52.521256129999998)","Unfall 232067 (2022) Kat:3, Licht: 2","232067","3","3","5","04","23","5","","2","0","1","0","0"
"POINT (13.371624294000100 52.551987128000100)","Unfall 232068 (2022) Kat:2, Licht: 0","232068","2","4","6","05","10","2","","0","0","1","1","0"
"POINT (13.197848907999999 52.532390534999998)","Unfall 232069 (2022) Kat:2, Licht: 0","232069","2","7","5","04","18","2","","0","0","1","0","1"
"POINT (13.332771889000099 52.469012732000103)","Unfall 232070 (2022) Kat:3, Licht: 0","232070","3","2","5","03","08","3","","0","1","1","0","0"
"POINT (13.392111742999999 52.507795276000103)","Unfall 232071 (2022) Kat:3, Licht: 0","232071","3","3","5","03","09","5","","0","1","1","0","0"
"POINT (13.210680354000001 52.607060703999998)","Unfall 232072 (2022) Kat:3, Licht: 0","232072","3","3","0","04","14","5","","0","0","1","0","1"
"POINT (13.412326085000100 52.505672754000003)","Unfall 232073 (2022) Kat:3, Licht: 0","232073","3","5","1","04","14","1","","0","1","1","0","0"
"POINT (13.427228919000100 52.516403169000100)","Unfall 232074 (2022) Kat:3, Licht: 0","232074","3","2","2","03","14","6","","0","0","1","0","0"
"POINT (13.404431607999999 52.507838406000097)","Unfall 232075 (2022) Kat:3, Licht: 0","232075","3","3","5","04","18","7","","0","1","1","0","0"
"POINT (13.385228334000001 52.502363584000101)","Unfall 232076 (2022) Kat:3, Licht: 0","232076","3","3","5","03","15","3","","0","0","1","0","0"
"POINT (13.281541625999999 52.540833122999999)","Unfall 232077 (2022) Kat:3, Licht: 0","232077","3","1","0","04","15","2","","0","0","0","0","1"
"POINT (13.565367955999999 52.471452372000002)","Unfall 232078 (2022) Kat:2, Licht: 0","232078","2","7","5","03","11","6","","0","1","1","0","0"
"POINT (13.335846552000000 52.541784211000000)","Unfall 232079 (2022) Kat:3, Licht: 2","232079","3","6","3","03","00","1","","2","0","1","0","0"
"POINT (13.525833516000001 52.458780256000097)","Unfall 232080 (2022) Kat:3, Licht: 0","232080","3","2","5","03","09","6","","0","1","1","0","0"
"POINT (13.453050033000100 52.533642191000098)","Unfall 232081 (2022) Kat:3, Licht: 0","232081","3","1","0","04","18","4","","0","1","0","0","0"
"POINT (13.496159700000000 52.548204474000002)","Unfall 232082 (2022) Kat:3, Licht: 0","232082","3","6","2","04","12","4","","0","0","1","0","0"
"POINT (13.476246587000000 52.425654850999997)","Unfall 232083 (2022) Kat:3, Licht: 0","232083","3","6","2","04","18","7","","0","0","1","0","1"
"POINT (13.331423601999999 52.503763350000000)","Unfall 232084 (2022) Kat:3, Licht: 0","232084","3","2","0","04","09","2","","0","0","1","0","0"
"POINT (13.456158688000100 52.561430046000098)","Unfall 232085 (2022) Kat:2, Licht: 0","232085","2","7","5","03","12","6","","0","0","1","0","1"
"POINT (13.247060119000000 52.543030416000100)","Unfall 232086 (2022) Kat:2, Licht: 0","232086","2","1","9","04","07","6","","0","0","1","0","0"
"POINT (13.442653599000000 52.467781246000101)","Unfall 232087 (2022) Kat:3, Licht: 0","232087","3","7","6","03","07","2","","0","1","0","1","0"
"POINT (13.452314745000001 52.510636165999998)","Unfall 232088 (2022) Kat:3, Licht: 0","232088","3","1","0","04","12","7","","0","1","1","0","0"
"POINT (13.323683672000101 52.493612057000099)","Unfall 232089 (2022) Kat:2, Licht: 0","232089","2","2","5","04","13","4","","0","1","1","0","0"
"POINT (13.428899752000101 52.485287190000101)","Unfall 232090 (2022) Kat:3, Licht: 2","232090","3","5","1","03","21","5","","2","1","1","0","0"
"POINT (13.289166552999999 52.470647581000001)","Unfall 232091 (2022) Kat:3, Licht: 0","232091","3","3","5","03","17","3","","0","1","1","0","0"
"POINT (13.601364490000000 52.535806734000097)","Unfall 232092 (2022) Kat:3, Licht: 0","232092","3","2","5","03","12","4","","0","0","1","0","0"
"POINT (13.509122461000100 52.452341639000103)","Unfall 232093 (2022) Kat:3, Licht: 0","232093","3","6","2","04","11","4","","0","0","1","0","0"
"POINT (13.423510270000101 52.490558715000098)","Unfall 232094 (2022) Kat:3, Licht: 0","232094","3","2","5","04","07","6","","0","0","0","0","1"
"POINT (13.402520392000000 52.554300962000099)","Unfall 232095 (2022) Kat:3, Licht: 0","232095","3","2","5","04","17","6","","0","1","1","0","0"
"POINT (13.498964022999999 52.507537655000100)","Unfall 232096 (2022) Kat:3, Licht: 0","232096","3","3","5","03","06","7","","0","0","1","0","0"
"POINT (13.432676831000000 52.523779772000097)","Unfall 232097 (2022) Kat:3, Licht: 0","232097","3","5","5","03","17","5","","0","1","1","0","0"
"POINT (13.256342417000001 52.519728749000102)","Unfall 232098 (2022) Kat:3, Licht: 0","232098","3","7","6","03","12","7","","0","0","0","1","0"
"POINT (13.171936452000100 52.550122172000002)","Unfall 232099 (2022) Kat:3, Licht: 0","232099","3","3","0","03","15","5","","0","1","1","0","0"
"POINT (13.395572716000100 52.424420419000100)","Unfall 232100 (2022) Kat:3, Licht: 0","232100","3","3","5","04","15","3","","0","0","1","0","0"
"POINT (13.376928583000099 52.560757642000098)","Unfall 232101 (2022) Kat:3, Licht: 0","232101","3","3","5","04","07","4","","0","1","0","0","0"
"POINT (13.384673837999999 52.468591821000103)","Unfall 232102 (2022) Kat:3, Licht: 0","232102","3","5","1","04","10","3","","0","1","1","0","0"
"POINT (13.314753259000000 52.469259665999999)","Unfall 232103 (2022) Kat:3, Licht: 0","232103","3","7","0","04","14","7","","0","0","0","0","1"
"POINT (13.356097154000100 52.592463489000103)","Unfall 232104 (2022) Kat:2, Licht: 2","232104","2","5","1","04","01","1","","2","0","1","0","0"
"POINT (13.575621893000100 52.560660098000000)","Unfall 232105 (2022) Kat:3, Licht: 0","232105","3","1","0","04","19","1","","0","0","0","0","1"
"POINT (13.314163972000101 52.507917605999999)","Unfall 232106 (2022) Kat:3, Licht: 0","232106","3","1","0","03","10","6","","0","0","0","0","1"
"POINT (13.577732532000001 52.566444552000100)","Unfall 232107 (2022) Kat:3, Licht: 0","232107","3","4","6","04","11","6","","0","0","1","1","0"
"POINT (13.259388043000101 52.432880384000001)","Unfall 232108 (2022) Kat:3, Licht: 0","232108","3","6","3","03","15","1","","0","0","0","0","1"
"POINT (13.477308741000099 52.515513941999998)","Unfall 232109 (2022) Kat:3, Licht: 0","232109","3","7","1","04","12","7","","0","0","1","1","0"
"POINT (13.356502696000099 52.499106352000098)","Unfall 232110 (2022) Kat:3, Licht: 0","232110","3","7","6","04","15","4","","0","0","1","1","0"
"POINT (13.329797864000099 52.464278267000097)","Unfall 232111 (2022) Kat:3, Licht: 0","232111","3","3","5","03","14","6","","0","0","1","0","0"
"POINT (13.539605325000000 52.540055257000098)","Unfall 232112 (2022) Kat:3, Licht: 0","232112","3","7","0","03","16","4","","0","0","0","0","1"
"POINT (13.382231182000099 52.493428897000101)","Unfall 232113 (2022) Kat:2, Licht: 2","232113","2","1","1","04","02","4","","2","0","1","0","0"
"POINT (13.259343009000100 52.445662178000099)","Unfall 232114 (2022) Kat:3, Licht: 0","232114","3","2","5","04","15","6","","0","1","1","0","0"
"POINT (13.434751606000100 52.466102866000000)","Unfall 232115 (2022) Kat:3, Licht: 0","232115","3","3","5","04","16","7","","0","0","1","0","0"
"POINT (13.333428463000100 52.504182522000100)","Unfall 232116 (2022) Kat:3, Licht: 0","232116","3","5","1","03","17","2","","0","1","1","0","0"
"POINT (13.523757764000001 52.459686482000102)","Unfall 232117 (2022) Kat:2, Licht: 0","232117","2","4","6","03","15","3","","0","0","0","1","0"
"POINT (13.358987235000001 52.437152813000097)","Unfall 232118 (2022) Kat:3, Licht: 0","232118","3","3","5","04","13","4","","0","0","1","0","0"
"POINT (13.431799031000001 52.485631749000000)","Unfall 232119 (2022) Kat:3, Licht: 0","232119","3","5","1","04","19","6","","0","1","1","0","0"
"POINT (13.325000092000000 52.500732223999997)","Unfall 232120 (2022) Kat:3, Licht: 2","232120","3","6","2","05","21","2","","2","1","1","0","0"
"POINT (13.561999576000099 52.510945112999998)","Unfall 232121 (2022) Kat:3, Licht: 0","232121","3","6","2","04","11","3","","0","0","1","0","0"
"POINT (13.329296026000099 52.503453119000000)","Unfall 232122 (2022) Kat:3, Licht: 2","232122","3","5","0","03","19","4","","2","1","1","0","0"
"POINT (13.579011360000001 52.525622418000097)","Unfall 232123 (2022) Kat:3, Licht: 0","232123","3","6","4","03","07","4","","0","1","0","0","0"
"POINT (13.386802029000000 52.527463240000003)","Unfall 232124 (2022) Kat:3, Licht: 0","232124","3","6","2","04","15","7","","0","1","1","0","0"
"POINT (13.585484226000100 52.513660299999998)","Unfall 232125 (2022) Kat:3, Licht: 0","232125","3","5","1","04","16","5","","0","1","1","0","0"
"POINT (13.232601705000000 52.437575719000101)","Unfall 232126 (2022) Kat:3, Licht: 0","232126","3","5","1","04","17","2","","0","0","1","0","0"
"POINT (13.322569078000100 52.513088101000100)","Unfall 232127 (2022) Kat:3, Licht: 0","232127","3","6","3","04","09","3","","0","0","1","0","1"
"POINT (13.329725117000100 52.493152022000103)","Unfall 232128 (2022) Kat:3, Licht: 0","232128","3","7","0","03","13","2","","0","0","0","0","1"
"POINT (13.397699769999999 52.495248468000099)","Unfall 232129 (2022) Kat:2, Licht: 0","232129","2","2","0","03","10","2","","0","0","1","0","1"
"POINT (13.361437047000001 52.503291113000003)","Unfall 232130 (2022) Kat:3, Licht: 0","232130","3","5","1","03","17","6","","0","1","1","0","0"
"POINT (13.382588010000100 52.402934870000102)","Unfall 232131 (2022) Kat:3, Licht: 0","232131","3","3","5","04","13","2","","0","0","1","0","0"
"POINT (13.547843492000000 52.473899195999998)","Unfall 232132 (2022) Kat:3, Licht: 1","232132","3","1","8","04","20","5","","1","0","0","0","1"
"POINT (13.309570293000000 52.500181704000099)","Unfall 232133 (2022) Kat:3, Licht: 0","232133","3","6","3","04","12","5","","0","0","1","0","0"
"POINT (13.401451005000100 52.491784512000002)","Unfall 232134 (2022) Kat:3, Licht: 0","232134","3","7","5","05","09","2","","0","0","1","0","0"
"POINT (13.503365136000101 52.460601404999998)","Unfall 232135 (2022) Kat:3, Licht: 0","232135","3","6","2","04","12","3","","0","0","1","0","0"
"POINT (13.354232355000001 52.473327634000000)","Unfall 232136 (2022) Kat:3, Licht: 0","232136","3","6","3","03","08","3","","0","0","1","0","1"
"POINT (13.390045547000099 52.509508481000097)","Unfall 232137 (2022) Kat:3, Licht: 0","232137","3","3","5","04","10","5","","0","0","1","0","0"
"POINT (13.409371851000101 52.488752857000101)","Unfall 232138 (2022) Kat:3, Licht: 2","232138","3","5","1","04","22","2","","2","0","1","0","1"
"POINT (13.376620617000100 52.509471294999997)","Unfall 232139 (2022) Kat:3, Licht: 0","232139","3","2","5","03","13","6","","0","0","1","0","1"
"POINT (13.153595285000099 52.548834825000000)","Unfall 232140 (2022) Kat:2, Licht: 2","232140","2","2","6","04","20","7","","2","0","1","1","0"
"POINT (13.427593999000100 52.545663472999998)","Unfall 232141 (2022) Kat:2, Licht: 2","232141","2","2","5","03","20","3","","2","1","1","0","0"
"POINT (13.197376781999999 52.524629864000097)","Unfall 232142 (2022) Kat:3, Licht: 0","232142","3","5","1","03","18","5","","0","0","1","0","0"
"POINT (13.432464137000100 52.465487936000002)","Unfall 232143 (2022) Kat:3, Licht: 0","232143","3","6","0","04","19","1","","0","1","1","0","0"
"POINT (13.540267501000100 52.432533840000097)","Unfall 232144 (2022) Kat:3, Licht: 0","232144","3","5","1","03","09","6","","0","0","1","0","0"
"POINT (13.315644608000101 52.441643973000097)","Unfall 232145 (2022) Kat:3, Licht: 0","232145","3","3","5","03","14","7","","0","1","1","0","0"
"POINT (13.304274941000100 52.619537547999997)","Unfall 232146 (2022) Kat:3, Licht: 0","232146","3","2","5","03","13","5","","0","1","1","0","0"
"POINT (13.397527145000000 52.423846140000101)","Unfall 232147 (2022) Kat:2, Licht: 0","232147","2","3","5","04","19","4","","0","0","1","0","0"
"POINT (13.435226513000000 52.491254046000101)","Unfall 232148 (2022) Kat:3, Licht: 0","232148","3","1","0","04","12","4","","0","0","0","0","1"
"POINT (13.333102833000099 52.487490244000099)","Unfall 232149 (2022) Kat:3, Licht: 0","232149","3","3","0","04","15","7","","0","0","1","0","1"
"POINT (13.134915676000000 52.548640369000097)","Unfall 232150 (2022) Kat:3, Licht: 0","232150","3","6","2","04","18","1","","0","0","1","0","0"
"POINT (13.459371360000000 52.467165670000000)","Unfall 232151 (2022) Kat:3, Licht: 0","232151","3","2","5","03","07","6","","0","1","1","0","0"
"POINT (13.425702469000001 52.452232998000099)","Unfall 232152 (2022) Kat:3, Licht: 0","232152","3","3","5","03","10","3","","0","0","1","0","0"
"POINT (13.614871868000000 52.454688303000097)","Unfall 232153 (2022) Kat:2, Licht: 2","232153","2","1","0","04","04","6","","2","1","0","0","0"
"POINT (13.510561665000100 52.434616906000002)","Unfall 232154 (2022) Kat:3, Licht: 0","232154","3","7","1","03","16","2","","0","0","1","0","0"
"POINT (13.345645600000100 52.436213531000099)","Unfall 232155 (2022) Kat:3, Licht: 0","232155","3","2","2","04","14","7","","0","0","1","0","0"
"POINT (13.395487126000001 52.424403294000101)","Unfall 232156 (2022) Kat:2, Licht: 0","232156","2","2","5","05","17","3","","0","0","1","0","0"
"POINT (13.403404291000101 52.393943002000100)","Unfall 232157 (2022) Kat:3, Licht: 0","232157","3","3","5","04","08","4","","0","0","1","0","0"
"POINT (13.260028611999999 52.428215495000103)","Unfall 232158 (2022) Kat:3, Licht: 1","232158","3","2","0","03","05","6","","1","0","1","0","0"
"POINT (13.471863900000100 52.430292967000099)","Unfall 232159 (2022) Kat:3, Licht: 0","232159","3","6","2","03","07","4","","0","0","1","0","0"
"POINT (13.394359333000100 52.513277602000102)","Unfall 232160 (2022) Kat:3, Licht: 1","232160","3","5","5","03","18","4","","1","1","1","0","0"
"POINT (13.361441305000000 52.577722101000099)","Unfall 232161 (2022) Kat:3, Licht: 0","232161","3","4","6","04","12","4","","0","0","1","1","0"
"POINT (13.333101985000001 52.527019910000000)","Unfall 232162 (2022) Kat:3, Licht: 0","232162","3","5","1","04","17","6","","0","1","1","0","0"
"POINT (13.437577798000101 52.448514467999999)","Unfall 232163 (2022) Kat:3, Licht: 0","232163","3","3","5","04","12","7","","0","1","1","0","0"
"POINT (13.373544571000000 52.520777568000000)","Unfall 232164 (2022) Kat:3, Licht: 1","232164","3","2","5","03","18","2","","1","1","1","0","0"
"POINT (13.444534111999999 52.501000273000002)","Unfall 232165 (2022) Kat:3, Licht: 0","232165","3","7","0","03","16","4","","0","1","0","0","0"
"POINT (13.324406907000000 52.430535493000001)","Unfall 232166 (2022) Kat:3, Licht: 0","232166","3","5","1","03","12","2","","0","1","1","0","0"
"POINT (13.330683749000100 52.456140996000002)","Unfall 232167 (2022) Kat:3, Licht: 0","232167","3","3","0","04","08","4","","0","0","1","0","0"
"POINT (13.457967263000100 52.528829938000101)","Unfall 232168 (2022) Kat:3, Licht: 0","232168","3","2","5","04","09","6","","0","1","0","0","0"
"POINT (13.188436958000100 52.533478770000002)","Unfall 232169 (2022) Kat:2, Licht: 0","232169","2","4","6","04","07","6","","0","0","1","1","0"
"POINT (13.397686028000100 52.408578383000098)","Unfall 232170 (2022) Kat:3, Licht: 0","232170","3","3","5","05","14","2","","0","0","1","0","0"
"POINT (13.308699120000000 52.487627998000100)","Unfall 232171 (2022) Kat:3, Licht: 2","232171","3","1","9","04","20","3","","2","0","1","0","0"
"POINT (13.408973894000001 52.511773136000002)","Unfall 232172 (2022) Kat:2, Licht: 0","232172","2","3","5","03","15","4","","0","1","1","0","0"
"POINT (13.477252271999999 52.522987544000003)","Unfall 232173 (2022) Kat:3, Licht: 0","232173","3","2","5","03","15","4","","0","1","1","0","0"
"POINT (13.462871892000100 52.471025580000102)","Unfall 232174 (2022) Kat:3, Licht: 2","232174","3","7","0","04","21","6","","2","0","0","0","0"
"POINT (13.309393880000099 52.491792085000000)","Unfall 232175 (2022) Kat:3, Licht: 0","232175","3","6","3","04","18","5","","0","0","1","0","1"
"POINT (13.302679974000100 52.506829169000099)","Unfall 232176 (2022) Kat:2, Licht: 0","232176","2","6","2","03","15","7","","0","1","1","0","0"
"POINT (13.403334160000000 52.508397596000101)","Unfall 232177 (2022) Kat:3, Licht: 2","232177","3","5","1","04","19","2","","2","1","1","0","0"
"POINT (13.388453152000100 52.501805613000002)","Unfall 232178 (2022) Kat:3, Licht: 0","232178","3","5","1","03","09","3","","0","1","1","0","0"
"POINT (13.247771305000100 52.547262775000000)","Unfall 232179 (2022) Kat:3, Licht: 0","232179","3","2","3","04","08","3","","0","0","1","0","1"
"POINT (13.391737163000100 52.497926549000098)","Unfall 232180 (2022) Kat:3, Licht: 0","232180","3","4","6","03","10","1","","0","1","0","1","0"
"POINT (13.441093089000001 52.566417780999998)","Unfall 232181 (2022) Kat:2, Licht: 0","232181","2","6","2","03","08","7","","0","1","1","0","0"
"POINT (13.408321972000101 52.541343918999999)","Unfall 232182 (2022) Kat:3, Licht: 0","232182","3","2","0","03","12","5","","0","1","1","0","0"
"POINT (13.604513672000101 52.539044384000100)","Unfall 232183 (2022) Kat:2, Licht: 0","232183","2","4","6","04","16","2","","0","0","0","1","0"
"POINT (13.475315286000100 52.418720543000099)","Unfall 232184 (2022) Kat:3, Licht: 0","232184","3","6","3","03","07","2","","0","1","1","0","0"
"POINT (13.197878467000100 52.542464653000103)","Unfall 232185 (2022) Kat:3, Licht: 0","232185","3","3","5","03","09","3","","0","0","1","0","0"
"POINT (13.439386904999999 52.514116816000097)","Unfall 232186 (2022) Kat:3, Licht: 0","232186","3","7","5","04","18","3","","0","1","1","0","0"
"POINT (13.291321912000100 52.539728869000001)","Unfall 232187 (2022) Kat:3, Licht: 0","232187","3","4","6","04","16","5","","0","0","0","1","1"
"POINT (13.632925623000100 52.455027225000002)","Unfall 232188 (2022) Kat:3, Licht: 0","232188","3","7","2","05","16","2","","0","1","1","0","0"
"POINT (13.343447250000100 52.528889578000097)","Unfall 232189 (2022) Kat:3, Licht: 0","232189","3","7","0","04","17","3","","0","0","0","0","0"
"POINT (13.511287812999999 52.546298088000100)","Unfall 232190 (2022) Kat:3, Licht: 0","232190","3","2","5","03","15","3","","0","1","1","0","0"
"POINT (13.520435156000101 52.474361676000100)","Unfall 232191 (2022) Kat:3, Licht: 2","232191","3","6","2","03","18","4","","2","0","1","0","0"
"POINT (13.385399811000100 52.557578227000100)","Unfall 232192 (2022) Kat:3, Licht: 2","232192","3","7","1","04","23","5","","2","0","1","0","0"
"POINT (13.507141123000100 52.563880314000102)","Unfall 232193 (2022) Kat:3, Licht: 0","232193","3","3","5","04","09","5","","0","1","0","0","0"
"POINT (13.277670925000100 52.456526312999998)","Unfall 232194 (2022) Kat:3, Licht: 0","232194","3","7","1","04","10","2","","0","0","1","0","0"
"POINT (13.550209220000101 52.542859811000000)","Unfall 232195 (2022) Kat:3, Licht: 0","232195","3","3","5","04","11","3","","0","0","1","0","0"
"POINT (13.399332575000100 52.528893029000102)","Unfall 232196 (2022) Kat:3, Licht: 0","232196","3","4","6","03","14","1","","0","1","0","1","0"
"POINT (13.398513090000099 52.533648810000003)","Unfall 232197 (2022) Kat:3, Licht: 2","232197","3","1","0","03","21","4","","2","0","0","0","1"
"POINT (13.316253174000099 52.454539627000003)","Unfall 232198 (2022) Kat:3, Licht: 0","232198","3","3","5","03","15","2","","0","0","1","0","0"
"POINT (13.485806282000100 52.520783231000102)","Unfall 232199 (2022) Kat:3, Licht: 0","232199","3","3","5","03","13","5","","0","0","1","0","0"
"POINT (13.449206330999999 52.452384791000000)","Unfall 232200 (2022) Kat:3, Licht: 0","232200","3","2","5","04","14","3","","0","1","1","0","0"
"POINT (13.254556013000100 52.414727482000004)","Unfall 232201 (2022) Kat:2, Licht: 0","232201","2","3","5","04","17","5","","0","1","1","0","0"
"POINT (13.501856690000100 52.482288597000000)","Unfall 232202 (2022) Kat:3, Licht: 2","232202","3","1","0","04","20","5","","2","1","0","0","0"
"POINT (13.438406258000001 52.452588517000002)","Unfall 232203 (2022) Kat:3, Licht: 0","232203","3","2","5","05","12","2","","0","0","1","0","0"
"POINT (13.398276020000001 52.534289675000103)","Unfall 232204 (2022) Kat:3, Licht: 0","232204","3","7","5","04","10","3","","0","0","1","0","0"
"POINT (13.308738548000100 52.503552970999998)","Unfall 232205 (2022) Kat:3, Licht: 0","232205","3","6","4","03","16","3","","0","0","1","0","0"
"POINT (13.297930663000001 52.578131784000000)","Unfall 232206 (2022) Kat:3, Licht: 0","232206","3","3","5","04","16","5","","0","0","1","0","0"
"POINT (13.349715660000101 52.603868945999999)","Unfall 232207 (2022) Kat:3, Licht: 1","232207","3","5","1","04","05","2","","1","0","1","0","0"
"POINT (13.422108204000001 52.498903675000101)","Unfall 232208 (2022) Kat:3, Licht: 0","232208","3","3","5","03","14","6","","0","0","1","0","1"
"POINT (13.312941736000001 52.444532764000002)","Unfall 232209 (2022) Kat:3, Licht: 0","232209","3","6","2","04","13","6","","0","0","1","0","0"
"POINT (13.284922919000101 52.417430692000003)","Unfall 232210 (2022) Kat:3, Licht: 0","232210","3","3","5","03","12","3","","0","0","1","0","0"
"POINT (13.581704135000100 52.442717954999999)","Unfall 232211 (2022) Kat:3, Licht: 2","232211","3","6","2","03","03","5","","2","0","1","0","0"
"POINT (13.388461721000100 52.519115428000099)","Unfall 232212 (2022) Kat:3, Licht: 0","232212","3","6","2","04","18","2","","0","1","1","0","0"
"POINT (13.660729730000099 52.412873777000101)","Unfall 232213 (2022) Kat:3, Licht: 2","232213","3","7","0","03","05","7","","2","0","0","0","0"
"POINT (13.391173039000000 52.539729499000003)","Unfall 232214 (2022) Kat:3, Licht: 0","232214","3","5","1","03","16","7","","0","0","1","0","1"
"POINT (13.331715654000000 52.524091275000004)","Unfall 232215 (2022) Kat:3, Licht: 0","232215","3","2","5","04","17","4","","0","1","1","0","0"
"POINT (13.467320036000000 52.468591541000102)","Unfall 232216 (2022) Kat:3, Licht: 0","232216","3","2","6","04","12","4","","0","0","1","1","0"
"POINT (13.373673424000099 52.454303079000098)","Unfall 232217 (2022) Kat:3, Licht: 1","232217","3","3","5","04","20","6","","1","0","1","0","1"
"POINT (13.281771530000100 52.591835403000097)","Unfall 232218 (2022) Kat:3, Licht: 2","232218","3","6","2","04","21","7","","2","0","1","0","0"
"POINT (13.419775570000100 52.538209297000002)","Unfall 232219 (2022) Kat:3, Licht: 1","232219","3","7","2","03","21","5","","1","1","1","0","0"
"POINT (13.542806269000000 52.436049810999997)","Unfall 232220 (2022) Kat:3, Licht: 0","232220","3","3","5","03","11","5","","0","1","1","0","0"
"POINT (13.247784853000001 52.547213952000000)","Unfall 232221 (2022) Kat:3, Licht: 1","232221","3","2","5","03","05","3","","1","1","1","0","0"
"POINT (13.413273056000000 52.491814220999998)","Unfall 232222 (2022) Kat:3, Licht: 0","232222","3","3","5","04","15","6","","0","0","1","0","1"
"POINT (13.452611621000100 52.465294483999998)","Unfall 232223 (2022) Kat:3, Licht: 2","232223","3","5","5","03","20","1","","2","0","1","0","1"
"POINT (13.368989290000100 52.568674766000100)","Unfall 232224 (2022) Kat:3, Licht: 0","232224","3","5","1","04","09","1","","0","0","1","0","1"
"POINT (13.392096868000101 52.509583898000102)","Unfall 232225 (2022) Kat:3, Licht: 0","232225","3","3","5","05","07","3","","0","0","1","0","0"
"POINT (13.568621388000100 52.537833954000099)","Unfall 232226 (2022) Kat:3, Licht: 0","232226","3","7","2","04","13","4","","0","0","1","0","1"
"POINT (13.292973105000000 52.506794087000102)","Unfall 232227 (2022) Kat:3, Licht: 0","232227","3","4","6","03","10","5","","0","0","1","1","0"
"POINT (13.419963331000099 52.498607147000001)","Unfall 232228 (2022) Kat:3, Licht: 0","232228","3","2","0","03","12","4","","0","0","1","0","1"
"POINT (13.524807797999999 52.495720206000001)","Unfall 232229 (2022) Kat:3, Licht: 1","232229","3","6","2","04","05","4","","1","0","1","0","0"
"POINT (13.434142847000000 52.496641383000103)","Unfall 232230 (2022) Kat:2, Licht: 0","232230","2","3","5","04","08","1","","0","1","1","0","0"
"POINT (13.441193830000000 52.532011918000102)","Unfall 232231 (2022) Kat:3, Licht: 0","232231","3","4","2","04","07","6","","0","0","1","1","0"
"POINT (13.380601564000100 52.442829134000100)","Unfall 232232 (2022) Kat:2, Licht: 0","232232","2","3","5","04","14","6","","0","0","1","0","0"
"POINT (13.396544292000000 52.554951629000101)","Unfall 232233 (2022) Kat:3, Licht: 0","232233","3","4","6","03","14","2","","0","0","1","1","0"
"POINT (13.376754382000099 52.491424565000003)","Unfall 232234 (2022) Kat:2, Licht: 1","232234","2","7","0","03","20","4","","1","0","0","0","1"
"POINT (13.269273264000001 52.511110524000102)","Unfall 232235 (2022) Kat:3, Licht: 0","232235","3","5","1","03","12","2","","0","1","1","0","0"
"POINT (13.520496119000001 52.532462266000003)","Unfall 232236 (2022) Kat:3, Licht: 0","232236","3","6","0","03","14","7","","0","0","1","0","1"
"POINT (13.379080226999999 52.448131529000101)","Unfall 232237 (2022) Kat:3, Licht: 0","232237","3","2","5","04","16","4","","0","1","1","0","0"
"POINT (13.473669397000000 52.448278147000103)","Unfall 232238 (2022) Kat:3, Licht: 0","232238","3","7","6","04","06","5","","0","0","1","1","0"
"POINT (13.252069299000000 52.599899734000097)","Unfall 232239 (2022) Kat:3, Licht: 1","232239","3","2","5","04","18","6","","1","0","1","0","0"
"POINT (13.300782731000000 52.494806245000099)","Unfall 232240 (2022) Kat:3, Licht: 0","232240","3","3","5","05","06","2","","0","0","1","0","0"
"POINT (13.618745576000000 52.515895150000098)","Unfall 232241 (2022) Kat:3, Licht: 0","232241","3","3","5","04","12","3","","0","1","1","0","0"