WKT,Name,OBJECTID,UKATEGORIE,UTYP1,UART,UMONAT,USTUNDE,UWOCHENTAG,STRZUSTAND,ULICHTVERH,ISTRAD,ISTPKW,ISTFUSS,ISTKRAD
"POINT (13.427852524000100 52.545495600000002)","Unfall 232242 (2022) Kat:3, Licht: 0","232242","3","2","5","03","09","4","","0","1","1","0","0"
"POINT (13.372551374000100 52.548396282000098)","Unfall 232243 (2022) Kat:3, Licht: 2","232243","3","7","7","03","22","3","","2","1","0","0","0"
"POINT (13.387292983000100 52.526074159000103)","Unfall 232244 (2022) Kat:3, Licht: 0","232244","3","5","0","04","14","6","","0","1","1","0","0"
"POINT (13.568599135000101 52.553561508000001)","Unfall 232245 (2022) Kat:3, Licht: 0","232245","3","7","5","04","15","5","","0","0","1","0","0"
"POINT (13.440741579000100 52.461478178000000)","Unfall 232246 (2022) Kat:3, Licht: 0","232246","3","5","1","03","14","1","","0","1","1","0","0"
"POINT (13.402534986999999 52.554300089000002)","Unfall 232247 (2022) Kat:3, Licht: 0","232247","3","2","5","04","15","2","","0","0","1","0","0"
"POINT (13.335603685000001 52.565149421999998)","Unfall 232248 (2022) Kat:2, Licht: 0","232248","2","2","5","03","16","4","","0","0","1","0","0"
"POINT (13.499876859000000 52.440265652000100)","Unfall 232249 (2022) Kat:3, Licht: 0","232249","3","4","6","03","09","5","","0","0","1","1","0"
"POINT (13.414969954000100 52.439718181000003)","Unfall 232250 (2022) Kat:3, Licht: 0","232250","3","4","6","04","17","2","","0","0","1","1","0"
"POINT (13.348676009000000 52.515049163000100)","Unfall 232251 (2022) Kat:2, Licht: 0","232251","2","2","5","03","13","1","","0","1","1","0","0"
"POINT (13.335984582000000 52.554118834000100)","Unfall 232252 (2022) Kat:3, Licht: 0","232252","3","1","8","03","07","1","","0","0","0","0","1"
"POINT (13.372300656000000 52.556681470999997)","Unfall 232253 (2022) Kat:3, Licht: 1","232253","3","3","5","03","17","5","","1","1","0","0","0"
"POINT (13.444135356000100 52.533688249000100)","Unfall 232254 (2022) Kat:2, Licht: 2","232254","2","1","0","04","00","3","","2","0","0","0","0"
"POINT (13.438158558000101 52.467059970000001)","Unfall 232255 (2022) Kat:3, Licht: 0","232255","3","3","0","04","09","5","","0","1","1","0","0"
"POINT (13.588571418000100 52.517225859000099)","Unfall 232256 (2022) Kat:3, Licht: 0","232256","3","6","2","04","14","4","","0","0","1","0","0"
"POINT (13.428913215000000 52.485703172000100)","Unfall 232257 (2022) Kat:3, Licht: 0","232257","3","5","1","05","14","1","","0","1","1","0","0"
"POINT (13.519474862999999 52.546250020000102)","Unfall 232258 (2022) Kat:3, Licht: 0","232258","3","3","5","04","17","2","","0","0","1","0","0"
"POINT (13.383434834000100 52.555792373000003)","Unfall 232259 (2022) Kat:3, Licht: 0","232259","3","6","2","04","10","5","","0","0","1","0","0"
"POINT (13.402313724000100 52.546696521999998)","Unfall 232260 (2022) Kat:3, Licht: 0","232260","3","3","5","04","07","3","","0","0","1","0","0"
"POINT (13.570607233000000 52.473494365000100)","Unfall 232261 (2022) Kat:3, Licht: 1","232261","3","3","5","03","19","7","","1","0","1","0","0"
"POINT (13.315502494000000 52.517937879999998)","Unfall 232262 (2022) Kat:3, Licht: 0","232262","3","4","6","04","16","7","","0","1","0","1","0"
"POINT (13.506172415000000 52.562203646999997)","Unfall 232263 (2022) Kat:3, Licht: 0","232263","3","4","6","03","16","2","","0","0","1","1","0"
"POINT (13.480740763000000 52.499132058000001)","Unfall 232264 (2022) Kat:3, Licht: 0","232264","3","2","5","04","13","1","","0","1","0","0","0"
"POINT (13.291955097000001 52.591479756000098)","Unfall 232265 (2022) Kat:3, Licht: 0","232265","3","2","5","04","09","4","","0","0","1","0","0"
"POINT (13.351544323000001 52.526362779000102)","Unfall 232266 (2022) Kat:3, Licht: 0","232266","3","2","5","03","15","6","","0","1","0","0","0"
"POINT (13.420870215000001 52.524961304000001)","Unfall 232267 (2022) Kat:3, Licht: 0","232267","3","5","1","03","08","4","","0","1","0","0","0"
"POINT (13.157795701000101 52.543097854000102)","Unfall 232268 (2022) Kat:2, Licht: 0","232268","2","2","5","03","09","5","","0","0","1","0","1"
"POINT (13.381377192000100 52.460800044000102)","Unfall 232269 (2022) Kat:3, Licht: 0","232269","3","4","6","04","16","4","","0","0","1","1","0"
"POINT (13.313605091000101 52.515268157000001)","Unfall 232270 (2022) Kat:3, Licht: 0","232270","3","3","5","04","15","3","","0","0","1","0","1"
"POINT (13.394234243000000 52.564989058000002)","Unfall 232271 (2022) Kat:3, Licht: 0","232271","3","3","5","04","15","6","","0","1","1","0","0"
"POINT (13.438396445000000 52.566631239000102)","Unfall 232272 (2022) Kat:3, Licht: 0","232272","3","5","1","04","18","1","","0","0","1","0","1"
"POINT (13.578305533000000 52.443927197999997)","Unfall 232273 (2022) Kat:3, Licht: 0","232273","3","6","4","04","19","5","","0","1","0","0","0"
"POINT (13.310748939000099 52.516185827000101)","Unfall 232274 (2022) Kat:2, Licht: 0","232274","2","4","6","04","17","4","","0","0","1","1","0"
"POINT (13.304958430999999 52.504300463000000)","Unfall 232275 (2022) Kat:3, Licht: 0","232275","3","6","2","05","15","2","","0","1","1","0","0"
"POINT (13.425442656000000 52.479176401000103)","Unfall 232276 (2022) Kat:3, Licht: 0","232276","3","3","5","04","15","2","","0","0","1","0","0"
"POINT (13.390106690000000 52.550208504000103)","Unfall 232277 (2022) Kat:3, Licht: 0","232277","3","3","5","03","15","2","","0","1","1","0","0"
"POINT (13.192046287000000 52.452477348000102)","Unfall 232278 (2022) Kat:3, Licht: 0","232278","3","1","8","04","17","5","","0","0","1","0","0"
"POINT (13.404700803000001 52.422154022000001)","Unfall 232279 (2022) Kat:3, Licht: 0","232279","3","5","1","04","17","1","","0","1","1","0","0"
"POINT (13.498153906000001 52.513989666999997)","Unfall 232280 (2022) Kat:2, Licht: 0","232280","2","2","5","03","16","7","","0","0","1","0","0"
"POINT (13.493779701000101 52.541129880000000)","Unfall 232281 (2022) Kat:2, Licht: 0","232281","2","3","5","03","18","3","","0","0","1","0","0"
"POINT (13.476554484000101 52.416112802999997)","Unfall 232282 (2022) Kat:3, Licht: 0","232282","3","3","5","04","15","7","","0","0","1","0","0"
"POINT (13.307344124000100 52.506610097000099)","Unfall 232283 (2022) Kat:3, Licht: 0","232283","3","7","2","03","15","3","","0","0","1","0","1"
"POINT (13.344819910000099 52.546892641000099)","Unfall 232284 (2022) Kat:3, Licht: 0","232284","3","6","2","04","15","1","","0","0","1","0","0"
"POINT (13.394813916000000 52.543116462999997)","Unfall 232285 (2022) Kat:3, Licht: 0","232285","3","3","5","04","09","5","","0","1","1","0","0"
"POINT (13.390250791000000 52.535393495000100)","Unfall 232286 (2022) Kat:3, Licht: 0","232286","3","3","5","03","16","7","","0","1","0","0","0"
"POINT (13.247409928000000 52.541508086000100)","Unfall 232287 (2022) Kat:3, Licht: 0","232287","3","3","5","03","15","4","","0","0","1","0","1"
"POINT (13.332845118000000 52.473466759000097)","Unfall 232288 (2022) Kat:3, Licht: 0","232288","3","4","6","03","13","4","","0","0","1","1","0"
"POINT (13.333266240000100 52.560420714000003)","Unfall 232289 (2022) Kat:3, Licht: 0","232289","3","3","5","04","10","4","","0","0","1","0","0"
"POINT (13.738639585000000 52.428860468000003)","Unfall 232290 (2022) Kat:2, Licht: 0","232290","2","2","2","04","13","4","","0","0","1","0","0"
"POINT (13.305578636000099 52.601667501000101)","Unfall 232291 (2022) Kat:3, Licht: 2","232291","3","5","1","04","23","7","","2","1","0","0","0"
"POINT (13.620373986000100 52.537730769000099)","Unfall 232292 (2022) Kat:3, Licht: 0","232292","3","3","5","04","09","2","","0","0","1","0","0"
"POINT (13.392625437000000 52.584694568000003)","Unfall 232293 (2022) Kat:2, Licht: 0","232293","2","5","1","03","09","5","","0","1","1","0","0"
"POINT (13.427888179000000 52.568090752000003)","Unfall 232294 (2022) Kat:3, Licht: 2","232294","3","6","3","03","20","5","","2","0","1","0","1"
"POINT (13.508688153000000 52.511526727000003)","Unfall 232295 (2022) Kat:2, Licht: 0","232295","2","3","5","03","17","2","","0","1","1","0","0"
"POINT (13.338710193000100 52.601153994000100)","Unfall 232296 (2022) Kat:3, Licht: 0","232296","3","3","5","04","15","6","","0","0","1","0","0"
"POINT (13.575259491000100 52.453838953000101)","Unfall 232297 (2022) Kat:3, Licht: 0","232297","3","3","5","03","12","2","","0","1","0","0","0"
"POINT (13.458266048000000 52.485778943000099)","Unfall 232298 (2022) Kat:3, Licht: 0","232298","3","1","5","04","18","1","","0","0","1","0","1"
"POINT (13.295976502000000 52.502142320000097)","Unfall 232299 (2022) Kat:3, Licht: 0","232299","3","7","0","05","17","2","","0","1","1","0","0"
"POINT (13.420838246000100 52.509856540999998)","Unfall 232300 (2022) Kat:3, Licht: 0","232300","3","6","2","04","10","4","","0","0","1","0","0"
"POINT (13.347610177000000 52.551005706000097)","Unfall 232301 (2022) Kat:2, Licht: 0","232301","2","3","5","03","15","5","","0","0","1","0","1"
"POINT (13.277730787000101 52.431842537000101)","Unfall 232302 (2022) Kat:3, Licht: 0","232302","3","2","3","03","16","4","","0","0","1","0","1"
"POINT (13.557262545000100 52.507159911000002)","Unfall 232303 (2022) Kat:3, Licht: 0","232303","3","3","5","04","09","4","","0","1","1","0","0"
"POINT (13.383686621000001 52.503499155999997)","Unfall 232304 (2022) Kat:3, Licht: 0","232304","3","7","5","04","14","7","","0","0","1","0","0"
"POINT (13.314310966000100 52.602852593000101)","Unfall 232305 (2022) Kat:3, Licht: 0","232305","3","3","5","04","19","6","","0","0","1","0","0"
"POINT (13.346866069000001 52.568827626000001)","Unfall 232306 (2022) Kat:3, Licht: 2","232306","3","5","1","04","22","7","","2","0","0","0","0"
"POINT (13.319136383000099 52.453991612000003)","Unfall 232307 (2022) Kat:3, Licht: 0","232307","3","6","2","03","15","5","","0","0","1","0","0"
"POINT (13.467301410000101 52.516992399000102)","Unfall 232308 (2022) Kat:3, Licht: 2","232308","3","3","5","04","22","3","","2","1","0","0","0"
"POINT (13.331531053999999 52.503936348000103)","Unfall 232309 (2022) Kat:3, Licht: 0","232309","3","4","6","03","10","2","","0","1","0","1","0"
"POINT (13.362459444000001 52.494030667000096)","Unfall 232310 (2022) Kat:3, Licht: 0","232310","3","3","5","03","07","4","","0","0","1","0","1"
"POINT (13.431377788000100 52.591855075000097)","Unfall 232311 (2022) Kat:3, Licht: 0","232311","3","2","5","03","14","2","","0","0","1","0","0"
"POINT (13.376616392000100 52.486376268000100)","Unfall 232312 (2022) Kat:3, Licht: 1","232312","3","7","5","03","19","6","","1","0","0","0","1"
"POINT (13.436127833000100 52.472795226000102)","Unfall 232313 (2022) Kat:3, Licht: 0","232313","3","7","6","04","09","4","","0","0","1","1","0"
"POINT (13.361342800999999 52.412461818000097)","Unfall 232314 (2022) Kat:3, Licht: 0","232314","3","2","5","04","06","6","","0","0","1","0","0"
"POINT (13.515555515000100 52.420806579000001)","Unfall 232315 (2022) Kat:3, Licht: 0","232315","3","3","0","04","07","6","","0","1","0","0","0"
"POINT (13.500597256000001 52.456605306000000)","Unfall 232316 (2022) Kat:3, Licht: 0","232316","3","3","5","05","10","1","","0","0","1","0","1"
"POINT (13.270495334000000 52.510408103000003)","Unfall 232317 (2022) Kat:2, Licht: 0","232317","2","5","0","04","17","4","","0","0","1","0","0"
"POINT (13.435269081000101 52.470420803000103)","Unfall 232318 (2022) Kat:2, Licht: 0","232318","2","2","5","03","16","3","","0","1","1","0","0"
"POINT (13.377395909000001 52.528908038000097)","Unfall 232319 (2022) Kat:3, Licht: 0","232319","3","6","3","03","16","3","","0","1","0","0","0"
"POINT (13.253697366999999 52.521295521000098)","Unfall 232320 (2022) Kat:3, Licht: 2","232320","3","7","9","04","02","6","","2","0","1","0","0"
"POINT (13.496497192000000 52.534030207000100)","Unfall 232321 (2022) Kat:3, Licht: 0","232321","3","3","5","04","08","5","","0","1","1","0","0"
"POINT (13.308215023000100 52.488712683000102)","Unfall 232322 (2022) Kat:3, Licht: 0","232322","3","6","2","03","12","7","","0","0","1","0","0"
"POINT (13.188317960000100 52.544238430000100)","Unfall 232323 (2022) Kat:3, Licht: 0","232323","3","3","5","04","09","1","","0","0","1","0","0"
"POINT (13.683973794000099 52.443458947000103)","Unfall 232324 (2022) Kat:3, Licht: 0","232324","3","2","5","03","16","4","","0","1","0","0","0"
"POINT (13.242801912000100 52.527993891000101)","Unfall 232325 (2022) Kat:3, Licht: 0","232325","3","3","5","03","09","5","","0","0","1","0","0"
"POINT (13.427295810000000 52.526156833000101)","Unfall 232326 (2022) Kat:3, Licht: 0","232326","3","3","5","04","16","2","","0","1","1","0","0"
"POINT (13.448971323000000 52.508310583000103)","Unfall 232327 (2022) Kat:3, Licht: 0","232327","3","3","5","03","12","1","","0","0","1","0","0"
"POINT (13.602155602000000 52.536088145000100)","Unfall 232328 (2022) Kat:3, Licht: 0","232328","3","3","5","03","13","7","","0","1","1","0","0"
"POINT (13.349225216000001 52.530236828000099)","Unfall 232329 (2022) Kat:2, Licht: 0","232329","2","4","6","03","11","5","","0","1","0","1","0"
"POINT (13.379085055000100 52.552906059000101)","Unfall 232330 (2022) Kat:3, Licht: 0","232330","3","4","6","04","17","3","","0","1","0","1","0"
"POINT (13.480225321000001 52.463761376000001)","Unfall 232331 (2022) Kat:3, Licht: 0","232331","3","2","5","04","15","4","","0","0","1","0","1"
"POINT (13.433225801000001 52.460731963999997)","Unfall 232332 (2022) Kat:3, Licht: 0","232332","3","4","0","04","13","4","","0","0","0","1","1"
"POINT (13.393484165000100 52.512244241000097)","Unfall 232333 (2022) Kat:2, Licht: 0","232333","2","3","5","04","14","7","","0","1","1","0","0"
"POINT (13.359624888999999 52.457566347000103)","Unfall 232334 (2022) Kat:3, Licht: 0","232334","3","3","5","04","13","1","","0","0","1","0","1"
"POINT (13.413809911000000 52.566247214999997)","Unfall 232335 (2022) Kat:2, Licht: 2","232335","2","1","8","04","20","5","","2","0","1","0","0"
"POINT (13.444924335000101 52.452444481999997)","Unfall 232336 (2022) Kat:2, Licht: 0","232336","2","3","0","04","18","1","","0","1","0","0","0"
"POINT (13.263594372000099 52.500364660999999)","Unfall 232337 (2022) Kat:3, Licht: 0","232337","3","3","5","03","10","6","","0","1","0","0","0"
"POINT (13.157252872000100 52.534430145000002)","Unfall 232338 (2022) Kat:2, Licht: 1","232338","2","3","5","04","19","6","","1","0","1","0","0"
"POINT (13.624592307000100 52.449828393000097)","Unfall 232339 (2022) Kat:3, Licht: 0","232339","3","6","2","03","17","2","","0","0","1","0","0"
"POINT (13.351267880000000 52.509559732000099)","Unfall 232340 (2022) Kat:3, Licht: 0","232340","3","3","5","04","12","1","","0","0","1","0","0"
"POINT (13.318186971999999 52.508945249000099)","Unfall 232341 (2022) Kat:3, Licht: 0","232341","3","6","2","04","17","4","","0","1","1","0","0"
"POINT (13.485872864999999 52.615952643000099)","Unfall 232342 (2022) Kat:2, Licht: 0","232342","2","2","5","03","07","6","","0","1","1","0","0"
"POINT (13.354656489000000 52.449044903000100)","Unfall 232343 (2022) Kat:3, Licht: 0","232343","3","6","2","03","16","4","","0","0","1","0","0"
"POINT (13.613160402000100 52.508563328000001)","Unfall 232344 (2022) Kat:3, Licht: 2","232344","3","7","2","04","20","3","","2","0","1","0","0"
"POINT (13.382079847000099 52.493101707999998)","Unfall 232345 (2022) Kat:3, Licht: 1","232345","3","6","3","04","19","6","","1","1","1","0","0"
"POINT (13.345780376000100 52.533096035000000)","Unfall 232346 (2022) Kat:3, Licht: 0","232346","3","1","0","04","08","6","","0","0","0","0","1"
"POINT (13.499303653000000 52.630671411000002)","Unfall 232347 (2022) Kat:3, Licht: 0","232347","3","2","2","03","08","2","","0","0","1","0","0"
"POINT (13.568603130000000 52.569451469000100)","Unfall 232348 (2022) Kat:3, Licht: 0","232348","3","3","5","03","16","3","","0","1","1","0","0"
"POINT (13.502496655000099 52.428411310000101)","Unfall 232349 (2022) Kat:3, Licht: 0","232349","3","7","5","04","08","4","","0","0","1","0","0"
"POINT (13.326922850000100 52.585082593999999)","Unfall 232350 (2022) Kat:3, Licht: 0","232350","3","7","0","04","12","6","","0","1","0","0","0"
"POINT (13.269840842000100 52.409151495000103)","Unfall 232351 (2022) Kat:3, Licht: 0","232351","3","2","5","05","10","2","","0","0","1","0","1"
"POINT (13.321278559000101 52.457363162000000)","Unfall 232352 (2022) Kat:3, Licht: 0","232352","3","3","5","04","18","3","","0","0","1","0","1"
"POINT (13.338135979000100 52.451108648999998)","Unfall 232353 (2022) Kat:3, Licht: 0","232353","3","2","5","03","15","6","","0","1","1","0","0"
"POINT (13.258198428000100 52.435372452000102)","Unfall 232354 (2022) Kat:3, Licht: 0","232354","3","2","0","03","12","4","","0","0","1","1","0"
"POINT (13.317325724000099 52.512194871000098)","Unfall 232355 (2022) Kat:3, Licht: 0","232355","3","2","0","04","14","7","","0","0","0","0","1"
"POINT (13.341565045999999 52.474990667000000)","Unfall 232356 (2022) Kat:2, Licht: 1","232356","2","7","7","04","20","4","","1","1","0","0","0"
"POINT (13.422630067000100 52.475611609000097)","Unfall 232357 (2022) Kat:3, Licht: 0","232357","3","3","5","04","06","2","","0","0","1","0","0"
"POINT (13.424566907999999 52.546952792000098)","Unfall 232358 (2022) Kat:3, Licht: 0","232358","3","3","5","04","07","3","","0","1","1","0","0"
"POINT (13.482438526000101 52.425498209000096)","Unfall 232359 (2022) Kat:3, Licht: 0","232359","3","3","5","03","16","1","","0","0","1","0","0"
"POINT (13.427132594000099 52.505410638999997)","Unfall 232360 (2022) Kat:3, Licht: 0","232360","3","5","1","03","14","4","","0","1","1","0","0"
"POINT (13.439056659000100 52.591862623000097)","Unfall 232361 (2022) Kat:2, Licht: 0","232361","2","6","2","03","11","2","","0","0","1","0","1"
"POINT (13.573078883999999 52.472377410000000)","Unfall 232362 (2022) Kat:3, Licht: 2","232362","3","3","5","03","20","6","","2","1","1","0","0"
"POINT (13.317841029000000 52.611299438000103)","Unfall 232363 (2022) Kat:3, Licht: 0","232363","3","6","2","04","10","2","","0","0","1","0","0"
"POINT (13.459276659000100 52.501202224000103)","Unfall 232364 (2022) Kat:3, Licht: 0","232364","3","2","2","04","08","5","","0","1","1","0","0"
"POINT (13.591938879000100 52.545793021000101)","Unfall 232365 (2022) Kat:3, Licht: 0","232365","3","7","2","04","17","5","","0","0","1","0","1"
"POINT (13.185050983000099 52.534200907000098)","Unfall 232366 (2022) Kat:3, Licht: 0","232366","3","2","5","05","18","2","","0","0","1","0","0"
"POINT (13.433858077000000 52.612130498000099)","Unfall 232367 (2022) Kat:3, Licht: 0","232367","3","6","2","04","17","2","","0","0","1","0","0"
"POINT (13.335470713000101 52.595608208000002)","Unfall 232368 (2022) Kat:3, Licht: 0","232368","3","3","5","03","11","5","","0","0","1","0","0"
"POINT (13.391243183000000 52.555173885000002)","Unfall 232369 (2022) Kat:3, Licht: 0","232369","3","5","1","03","11","2","","0","1","0","0","0"
"POINT (13.425359574000000 52.479861471000000)","Unfall 232370 (2022) Kat:2, Licht: 0","232370","2","6","2","04","18","6","","0","1","1","0","0"
"POINT (13.196967738000099 52.531416075000003)","Unfall 232371 (2022) Kat:3, Licht: 0","232371","3","2","0","03","17","2","","0","0","1","0","0"
"POINT (13.380899589000000 52.516247000000099)","Unfall 232372 (2022) Kat:3, Licht: 0","232372","3","4","0","04","16","6","","0","1","0","1","0"
"POINT (13.396784618000000 52.537681665000001)","Unfall 232373 (2022) Kat:3, Licht: 0","232373","3","3","2","05","16","2","","0","1","1","0","0"
"POINT (13.401589751000101 52.439757057000101)","Unfall 232374 (2022) Kat:3, Licht: 0","232374","3","6","4","04","05","4","","0","0","0","0","0"
"POINT (13.373565270000000 52.487728257000100)","Unfall 232375 (2022) Kat:3, Licht: 0","232375","3","3","5","03","08","5","","0","1","1","0","0"
"POINT (13.148698943000101 52.532727162000100)","Unfall 232376 (2022) Kat:3, Licht: 2","232376","3","5","1","03","20","4","","2","0","1","0","0"
"POINT (13.221526026999999 52.539015008000000)","Unfall 232377 (2022) Kat:3, Licht: 0","232377","3","3","5","04","10","4","","0","1","1","0","0"
"POINT (13.392143949999999 52.508702683000102)","Unfall 232378 (2022) Kat:3, Licht: 0","232378","3","2","5","04","11","1","","0","0","1","0","1"
"POINT (13.502264807000101 52.548945451000101)","Unfall 232379 (2022) Kat:3, Licht: 0","232379","3","6","2","04","11","6","","0","0","0","0","0"
"POINT (13.603312998000000 52.545554295999999)","Unfall 232380 (2022) Kat:3, Licht: 0","232380","3","6","2","04","14","3","","0","0","1","0","0"
"POINT (13.360036623999999 52.499906472000099)","Unfall 232381 (2022) Kat:3, Licht: 0","232381","3","5","1","03","07","2","","0","0","1","0","0"
"POINT (13.455139777000101 52.521201904000101)","Unfall 232382 (2022) Kat:3, Licht: 1","232382","3","7","0","03","20","4","","1","0","0","0","1"
"POINT (13.309610584000000 52.431406030000097)","Unfall 232383 (2022) Kat:3, Licht: 0","232383","3","2","5","03","09","2","","0","1","1","0","0"
"POINT (13.434712854000100 52.504432290000103)","Unfall 232384 (2022) Kat:3, Licht: 0","232384","3","3","5","03","08","6","","0","1","1","0","0"
"POINT (13.376862241000000 52.517760265000000)","Unfall 232385 (2022) Kat:3, Licht: 2","232385","3","2","5","04","22","4","","2","0","1","0","1"
"POINT (13.447137941999999 52.583816694000099)","Unfall 232386 (2022) Kat:2, Licht: 0","232386","2","3","5","04","06","5","","0","0","1","0","0"
"POINT (13.410558288000100 52.516178177000000)","Unfall 232387 (2022) Kat:3, Licht: 2","232387","3","7","2","04","23","5","","2","0","1","0","0"
"POINT (13.430565939000100 52.511135273000001)","Unfall 232388 (2022) Kat:3, Licht: 0","232388","3","7","0","05","19","2","","0","0","0","0","1"
"POINT (13.544491719000099 52.541005944000098)","Unfall 232389 (2022) Kat:1, Licht: 0","232389","1","4","6","04","17","3","","0","0","1","1","0"
"POINT (13.470468547000101 52.466365014000097)","Unfall 232390 (2022) Kat:2, Licht: 0","232390","2","7","6","03","16","3","","0","0","1","1","0"
"POINT (13.330073149000000 52.503462933000002)","Unfall 232391 (2022) Kat:2, Licht: 0","232391","2","7","0","04","11","7","","0","1","0","0","0"
"POINT (13.591829753000100 52.541596734999999)","Unfall 232392 (2022) Kat:3, Licht: 0","232392","3","4","6","04","14","4","","0","0","0","1","0"
"POINT (13.326102342000100 52.538364391000101)","Unfall 232393 (2022) Kat:3, Licht: 0","232393","3","2","5","03","14","7","","0","0","1","0","0"
"POINT (13.470443564000000 52.509889823000002)","Unfall 232394 (2022) Kat:3, Licht: 2","232394","3","7","6","04","00","1","","2","0","0","1","0"
"POINT (13.531006324000000 52.439440648000101)","Unfall 232395 (2022) Kat:3, Licht: 0","232395","3","7","5","03","12","2","","0","0","1","0","0"
"POINT (13.353332344000000 52.583657356000103)","Unfall 232396 (2022) Kat:3, Licht: 0","232396","3","3","5","04","14","2","","0","1","1","0","0"
"POINT (13.509081408000000 52.546740313999997)","Unfall 232397 (2022) Kat:2, Licht: 2","232397","2","6","0","03","23","7","","2","0","1","0","1"
"POINT (13.426665153000000 52.565025071999997)","Unfall 232398 (2022) Kat:3, Licht: 0","232398","3","3","5","03","19","1","","0","1","1","0","0"
"POINT (13.600829928000101 52.451504104000001)","Unfall 232399 (2022) Kat:3, Licht: 0","232399","3","7","6","03","14","5","","0","0","1","1","0"
"POINT (13.453333425000000 52.501030272999998)","Unfall 232400 (2022) Kat:2, Licht: 2","232400","2","1","0","04","02","3","","2","0","0","0","0"
"POINT (13.341110666000100 52.520083983000099)","Unfall 232401 (2022) Kat:3, Licht: 0","232401","3","2","5","04","19","4","","0","1","1","0","0"
"POINT (13.182922558000000 52.534123508000100)","Unfall 232402 (2022) Kat:3, Licht: 0","232402","3","2","5","04","11","3","","0","1","0","0","0"
"POINT (13.428782915999999 52.572060303000100)","Unfall 232403 (2022) Kat:3, Licht: 2","232403","3","2","5","05","00","1","","2","1","1","0","0"
"POINT (13.329834198000100 52.523771502000002)","Unfall 232404 (2022) Kat:3, Licht: 0","232404","3","1","0","04","11","1","","0","0","0","0","1"
"POINT (13.299528790000100 52.519478073000101)","Unfall 232405 (2022) Kat:3, Licht: 0","232405","3","2","5","04","19","1","","0","1","1","0","0"
"POINT (13.441944198000000 52.546330562999998)","Unfall 232406 (2022) Kat:2, Licht: 0","232406","2","2","6","03","10","6","","0","0","1","1","0"
"POINT (13.408120623000100 52.487504712000003)","Unfall 232407 (2022) Kat:3, Licht: 0","232407","3","5","1","04","13","6","","0","0","1","0","0"
"POINT (13.339463974000100 52.500519289000103)","Unfall 232408 (2022) Kat:3, Licht: 2","232408","3","3","5","03","19","2","","2","0","1","0","0"
"POINT (13.554557547000099 52.513895714000100)","Unfall 232409 (2022) Kat:3, Licht: 0","232409","3","5","1","04","06","6","","0","1","1","0","0"
"POINT (13.384382403000100 52.555943069000101)","Unfall 232410 (2022) Kat:3, Licht: 1","232410","3","2","5","04","20","4","","1","0","1","0","0"
"POINT (13.399525778000100 52.539251954000100)","Unfall 232411 (2022) Kat:3, Licht: 2","232411","3","5","1","03","03","6","","2","0","1","0","0"
"POINT (13.562708683000000 52.446050179000103)","Unfall 232412 (2022) Kat:3, Licht: 0","232412","3","3","5","03","16","4","","0","1","1","0","0"
"POINT (13.306578017000000 52.528410854000100)","Unfall 232413 (2022) Kat:3, Licht: 0","232413","3","7","0","03","11","5","","0","0","1","0","0"
"POINT (13.537080935000100 52.534490003000002)","Unfall 232414 (2022) Kat:3, Licht: 0","232414","3","7","5","04","18","3","","0","0","1","0","1"
"POINT (13.491911085000000 52.469601277999999)","Unfall 232415 (2022) Kat:2, Licht: 0","232415","2","4","6","04","11","6","","0","0","1","1","0"
"POINT (13.445397507000100 52.512773976000098)","Unfall 232416 (2022) Kat:2, Licht: 2","232416","2","3","5","04","05","6","","2","0","1","0","0"
"POINT (13.309678234000000 52.431451417000098)","Unfall 232417 (2022) Kat:3, Licht: 0","232417","3","2","5","03","13","2","","0","0","0","0","0"
"POINT (13.383338638000099 52.548583512999997)","Unfall 232418 (2022) Kat:3, Licht: 0","232418","3","3","5","03","16","3","","0","1","1","0","0"
"POINT (13.318045632000100 52.570739590000102)","Unfall 232419 (2022) Kat:3, Licht: 0","232419","3","3","5","04","09","4","","0","0","1","0","0"
"POINT (13.443225155000100 52.501075458999999)","Unfall 232420 (2022) Kat:3, Licht: 2","232420","3","7","0","04","20","6","","2","1","1","0","0"
"POINT (13.635338371000000 52.390125273000102)","Unfall 232421 (2022) Kat:3, Licht: 0","232421","3","2","5","05","08","2","","0","0","1","0","0"
"POINT (13.332107999000099 52.478693558000003)","Unfall 232422 (2022) Kat:2, Licht: 0","232422","2","5","1","04","16","3","","0","0","1","0","0"
"POINT (13.392774179000099 52.412710394000001)","Unfall 232423 (2022) Kat:3, Licht: 0","232423","3","2","5","03","14","4","","0","1","1","0","0"
"POINT (13.364038939000100 52.527206577000101)","Unfall 232424 (2022) Kat:3, Licht: 0","232424","3","3","5","03","17","3","","0","1","1","0","0"
"POINT (13.455798904000099 52.481408698999999)","Unfall 232425 (2022) Kat:3, Licht: 1","232425","3","1","0","04","19","7","","1","0","0","0","0"
"POINT (13.432847584999999 52.517706441000001)","Unfall 232426 (2022) Kat:3, Licht: 0","232426","3","7","2","04","13","5","","0","0","1","0","0"
"POINT (13.370747606000100 52.444761318000097)","Unfall 232427 (2022) Kat:3, Licht: 0","232427","3","3","0","04","14","2","","0","0","1","0","1"
"POINT (13.563276081000000 52.515498551000100)","Unfall 232428 (2022) Kat:3, Licht: 0","232428","3","6","2","04","12","3","","0","0","1","0","0"