WKT,Name,OBJECTID,UKATEGORIE,UTYP1,UART,UMONAT,USTUNDE,UWOCHENTAG,STRZUSTAND,ULICHTVERH,ISTRAD,ISTPKW,ISTFUSS,ISTKRAD
"POINT (13.273023129000000 52.487111675000101)","Unfall 232429 (2022) Kat:3, Licht: 2","232429","3","5","1","03","02","7","","2","0","1","0","0"
"POINT (13.321912335000000 52.502532250999998)","Unfall 232430 (2022) Kat:2, Licht: 0","232430","2","7","6","03","17","4","","0","0","1","1","0"
"POINT (13.367057095000099 52.445874827000097)","Unfall 232431 (2022) Kat:2, Licht: 0","232431","2","3","5","03","07","2","","0","1","0","0","0"
"POINT (13.324117443000000 52.460511459000003)","Unfall 232432 (2022) Kat:2, Licht: 0","232432","2","4","6","03","09","6","","0","1","0","1","0"
"POINT (13.414463595000001 52.417748684999999)","Unfall 232433 (2022) Kat:3, Licht: 0","232433","3","3","5","04","16","2","","0","0","1","0","0"
"POINT (13.469016360000101 52.531526497000101)","Unfall 232434 (2022) Kat:3, Licht: 0","232434","3","2","5","04","14","5","","0","1","0","0","0"
"POINT (13.298200333000100 52.472395112000100)","Unfall 232435 (2022) Kat:3, Licht: 0","232435","3","6","2","04","17","4","","0","0","1","0","0"
"POINT (13.470778109999999 52.554861268000103)","Unfall 232436 (2022) Kat:3, Licht: 2","232436","3","5","1","05","04","1","","2","0","1","0","0"
"POINT (13.351042154000000 52.514897845000100)","Unfall 232437 (2022) Kat:3, Licht: 0","232437","3","6","2","04","17","2","","0","0","1","1","1"
"POINT (13.395298272000000 52.528137751000003)","Unfall 232438 (2022) Kat:3, Licht: 0","232438","3","6","0","03","10","3","","0","1","1","0","0"
"POINT (13.454867619000000 52.453000049000103)","Unfall 232439 (2022) Kat:3, Licht: 0","232439","3","2","5","04","09","5","","0","1","1","0","0"
"POINT (13.390305846000000 52.398731987000097)","Unfall 232440 (2022) Kat:3, Licht: 0","232440","3","2","5","04","08","3","","0","0","1","0","1"
"POINT (13.274341103999999 52.488180063000101)","Unfall 232441 (2022) Kat:3, Licht: 0","232441","3","5","1","03","14","6","","0","0","1","0","0"
"POINT (13.304934523000000 52.513652794000102)","Unfall 232442 (2022) Kat:3, Licht: 0","232442","3","6","2","04","16","7","","0","0","1","0","0"
"POINT (13.317690001000100 52.447489006000097)","Unfall 232443 (2022) Kat:3, Licht: 0","232443","3","3","5","03","06","3","","0","0","1","0","0"
"POINT (13.351080065000099 52.510406664000101)","Unfall 232444 (2022) Kat:3, Licht: 0","232444","3","3","5","04","15","2","","0","1","1","0","0"
"POINT (13.441697727000101 52.480830754000102)","Unfall 232445 (2022) Kat:3, Licht: 0","232445","3","6","2","03","17","6","","0","0","1","0","0"
"POINT (13.365507619000001 52.556820205000101)","Unfall 232446 (2022) Kat:3, Licht: 0","232446","3","2","5","03","12","1","","0","0","1","0","0"
"POINT (13.326370249000000 52.500190906000100)","Unfall 232447 (2022) Kat:3, Licht: 0","232447","3","6","2","03","12","5","","0","0","1","0","0"
"POINT (13.339867427000099 52.539871102000099)","Unfall 232448 (2022) Kat:3, Licht: 0","232448","3","6","2","04","09","4","","0","0","1","0","0"
"POINT (13.339208525000100 52.550416398000003)","Unfall 232449 (2022) Kat:3, Licht: 0","232449","3","3","5","04","14","4","","0","0","1","0","0"
"POINT (13.638150699000100 52.422177732000101)","Unfall 232450 (2022) Kat:3, Licht: 0","232450","3","6","4","04","14","7","","0","0","1","0","0"
"POINT (13.372326140000000 52.463000721000100)","Unfall 232451 (2022) Kat:3, Licht: 0","232451","3","3","5","04","11","1","","0","0","1","0","0"
"POINT (13.388308579000100 52.520040850000001)","Unfall 232452 (2022) Kat:2, Licht: 2","232452","2","7","6","03","21","5","","2","0","0","1","0"
"POINT (13.427420422000100 52.552408392000103)","Unfall 232453 (2022) Kat:3, Licht: 0","232453","3","3","5","03","15","3","","0","0","1","0","1"
"POINT (13.220587178000100 52.437486926000098)","Unfall 232454 (2022) Kat:3, Licht: 0","232454","3","6","2","04","11","6","","0","1","1","0","0"
"POINT (13.470226060000099 52.553729027000003)","Unfall 232455 (2022) Kat:2, Licht: 2","232455","2","4","6","03","19","2","","2","0","1","1","0"
"POINT (13.293971741000099 52.533490512000100)","Unfall 232456 (2022) Kat:3, Licht: 0","232456","3","3","5","03","07","3","","0","0","1","0","0"
"POINT (13.406519516000101 52.460061867000000)","Unfall 232457 (2022) Kat:3, Licht: 0","232457","3","3","5","04","14","5","","0","0","1","0","1"
"POINT (13.351198561000000 52.486276975000102)","Unfall 232458 (2022) Kat:2, Licht: 0","232458","2","6","2","04","16","3","","0","1","0","0","1"
"POINT (13.276701629000099 52.426372430000100)","Unfall 232459 (2022) Kat:3, Licht: 0","232459","3","2","5","03","16","6","","0","1","1","0","0"
"POINT (13.434095098000100 52.443195699000100)","Unfall 232460 (2022) Kat:3, Licht: 0","232460","3","2","5","04","11","7","","0","1","1","0","0"
"POINT (13.202976070000000 52.540849209000001)","Unfall 232461 (2022) Kat:3, Licht: 1","232461","3","6","3","03","05","3","","1","0","1","0","0"
"POINT (13.197601913000000 52.516979503000101)","Unfall 232462 (2022) Kat:2, Licht: 0","232462","2","4","6","04","09","2","","0","0","1","1","0"
"POINT (13.402617767000001 52.565305633999998)","Unfall 232463 (2022) Kat:3, Licht: 0","232463","3","5","1","03","14","6","","0","1","1","0","0"
"POINT (13.551775118000000 52.428458879000097)","Unfall 232464 (2022) Kat:2, Licht: 0","232464","2","2","5","03","14","7","","0","1","0","0","0"
"POINT (13.401295255999999 52.417311028000000)","Unfall 232465 (2022) Kat:3, Licht: 0","232465","3","3","5","03","14","5","","0","0","1","0","0"
"POINT (13.399675758000100 52.522961954000003)","Unfall 232466 (2022) Kat:3, Licht: 0","232466","3","3","5","04","13","4","","0","1","1","0","0"
"POINT (13.621913685000001 52.446480915999999)","Unfall 232467 (2022) Kat:3, Licht: 0","232467","3","3","5","04","15","4","","0","1","1","0","0"
"POINT (13.272513280000100 52.437162700000002)","Unfall 232468 (2022) Kat:3, Licht: 0","232468","3","3","5","04","14","7","","0","0","1","0","0"
"POINT (13.586250818000099 52.435845486000098)","Unfall 232469 (2022) Kat:3, Licht: 2","232469","3","7","0","04","02","1","","2","1","0","0","0"
"POINT (13.412179328000001 52.498752271999997)","Unfall 232470 (2022) Kat:3, Licht: 0","232470","3","3","5","03","10","6","","0","1","0","0","0"
"POINT (13.459157292000000 52.525964504000100)","Unfall 232471 (2022) Kat:2, Licht: 2","232471","2","6","3","04","22","6","","2","1","1","0","0"
"POINT (13.394711267000000 52.532282748999997)","Unfall 232472 (2022) Kat:3, Licht: 0","232472","3","5","1","03","14","2","","0","1","1","0","0"
"POINT (13.430239234000100 52.523295033000103)","Unfall 232473 (2022) Kat:3, Licht: 2","232473","3","6","2","04","01","7","","2","0","1","0","0"
"POINT (13.322881181000101 52.431064648000103)","Unfall 232474 (2022) Kat:3, Licht: 0","232474","3","3","5","04","17","4","","0","0","1","0","0"
"POINT (13.340372213000000 52.504201603000098)","Unfall 232475 (2022) Kat:3, Licht: 0","232475","3","6","2","03","14","6","","0","0","1","0","0"
"POINT (13.448022183999999 52.549189990999999)","Unfall 232476 (2022) Kat:3, Licht: 2","232476","3","5","1","03","20","3","","2","1","1","0","0"
"POINT (13.454520125000000 52.509577770000099)","Unfall 232477 (2022) Kat:3, Licht: 0","232477","3","7","6","04","11","4","","0","1","0","1","0"
"POINT (13.318735345000100 52.454582213999998)","Unfall 232478 (2022) Kat:3, Licht: 0","232478","3","6","2","04","16","6","","0","0","1","0","1"
"POINT (13.383616026000000 52.555142370000098)","Unfall 232479 (2022) Kat:3, Licht: 2","232479","3","2","5","04","01","6","","2","1","1","0","0"
"POINT (13.507833787999999 52.546246441999998)","Unfall 232480 (2022) Kat:3, Licht: 0","232480","3","3","5","03","08","2","","0","1","0","0","0"
"POINT (13.421095703000001 52.610121949000103)","Unfall 232481 (2022) Kat:2, Licht: 0","232481","2","7","1","03","11","4","","0","0","1","0","0"
"POINT (13.488963503000001 52.514538419000097)","Unfall 232482 (2022) Kat:3, Licht: 0","232482","3","3","5","04","09","4","","0","0","1","0","0"
"POINT (13.363463488000001 52.419308491999999)","Unfall 232483 (2022) Kat:3, Licht: 0","232483","3","5","1","04","17","5","","0","1","1","0","0"
"POINT (13.512847519999999 52.537132164000099)","Unfall 232484 (2022) Kat:3, Licht: 0","232484","3","2","5","04","15","6","","0","0","1","0","1"
"POINT (13.572188994999999 52.548444050000100)","Unfall 232485 (2022) Kat:2, Licht: 0","232485","2","4","6","05","16","2","","0","0","0","1","0"
"POINT (13.299335647000101 52.447851868000001)","Unfall 232486 (2022) Kat:3, Licht: 1","232486","3","2","5","04","05","3","","1","0","1","0","0"
"POINT (13.417670740000100 52.480199244000097)","Unfall 232487 (2022) Kat:3, Licht: 2","232487","3","5","1","03","23","3","","2","0","1","0","0"
"POINT (13.416694756000000 52.519451062000002)","Unfall 232488 (2022) Kat:3, Licht: 0","232488","3","2","5","03","11","4","","0","1","1","0","0"
"POINT (13.415378917000099 52.522712450000000)","Unfall 232489 (2022) Kat:3, Licht: 0","232489","3","2","5","04","18","7","","0","0","0","0","0"
"POINT (13.396307690000100 52.517354756000003)","Unfall 232490 (2022) Kat:3, Licht: 0","232490","3","3","5","04","09","5","","0","1","1","0","0"
"POINT (13.437086268000000 52.523542567000000)","Unfall 232491 (2022) Kat:3, Licht: 0","232491","3","1","0","03","16","7","","0","1","0","0","0"
"POINT (13.322478791000000 52.560651451000098)","Unfall 232492 (2022) Kat:3, Licht: 0","232492","3","6","2","04","17","2","","0","0","1","0","0"
"POINT (13.436878574000000 52.520805978000098)","Unfall 232493 (2022) Kat:2, Licht: 0","232493","2","6","2","04","09","3","","0","0","0","0","0"
"POINT (13.284144448000101 52.486790959000103)","Unfall 232494 (2022) Kat:3, Licht: 0","232494","3","7","0","03","17","1","","0","1","0","0","0"
"POINT (13.616978992000000 52.540000311000000)","Unfall 232495 (2022) Kat:3, Licht: 0","232495","3","3","5","03","16","1","","0","1","1","0","0"
"POINT (13.142857966000101 52.539699435000003)","Unfall 232496 (2022) Kat:2, Licht: 0","232496","2","4","6","03","15","5","","0","0","1","1","0"
"POINT (13.619988531000001 52.525172090000098)","Unfall 232497 (2022) Kat:3, Licht: 0","232497","3","2","5","04","08","3","","0","0","1","0","0"
"POINT (13.505604275000101 52.476835714000103)","Unfall 232498 (2022) Kat:3, Licht: 0","232498","3","7","0","04","17","5","","0","1","0","0","0"
"POINT (13.419696309000100 52.496722175000102)","Unfall 232499 (2022) Kat:3, Licht: 0","232499","3","4","6","04","11","5","","0","0","1","1","0"
"POINT (13.154497020000100 52.521808507999999)","Unfall 232500 (2022) Kat:2, Licht: 0","232500","2","2","2","05","16","1","","0","0","1","0","1"
"POINT (13.558113541000100 52.529636007000100)","Unfall 232501 (2022) Kat:3, Licht: 0","232501","3","3","5","04","08","2","","0","0","1","0","0"
"POINT (13.506741917000101 52.412973385000001)","Unfall 232502 (2022) Kat:2, Licht: 0","232502","2","4","6","03","13","3","","0","0","1","1","0"
"POINT (13.601120041000099 52.479238818000098)","Unfall 232503 (2022) Kat:3, Licht: 0","232503","3","3","5","04","17","5","","0","1","1","0","0"
"POINT (13.197854259000099 52.535029297999998)","Unfall 232504 (2022) Kat:3, Licht: 0","232504","3","4","6","04","15","3","","0","0","1","1","0"
"POINT (13.448019840000001 52.497756378000098)","Unfall 232505 (2022) Kat:2, Licht: 2","232505","2","4","6","03","02","7","","2","0","1","1","0"
"POINT (13.456135154000000 52.484305808000002)","Unfall 232506 (2022) Kat:3, Licht: 0","232506","3","3","0","04","17","7","","0","0","1","0","1"
"POINT (13.514779117000000 52.468779518000098)","Unfall 232507 (2022) Kat:3, Licht: 2","232507","3","2","5","03","21","3","","2","1","1","0","0"
"POINT (13.147991477000099 52.532594463000102)","Unfall 232508 (2022) Kat:3, Licht: 0","232508","3","6","2","04","15","2","","0","1","1","0","0"
"POINT (13.340453565000100 52.464520008000100)","Unfall 232509 (2022) Kat:3, Licht: 0","232509","3","4","6","03","11","6","","0","0","0","1","0"
"POINT (13.402600377000100 52.523887074000100)","Unfall 232510 (2022) Kat:3, Licht: 0","232510","3","5","1","03","08","4","","0","1","1","0","0"
"POINT (13.448913775999999 52.508286292000001)","Unfall 232511 (2022) Kat:3, Licht: 0","232511","3","3","5","03","12","5","","0","0","1","0","0"
"POINT (13.421133232000001 52.509778939000100)","Unfall 232512 (2022) Kat:3, Licht: 0","232512","3","2","5","04","09","4","","0","1","1","0","0"
"POINT (13.261673314000101 52.437327752999998)","Unfall 232513 (2022) Kat:2, Licht: 0","232513","2","7","6","04","15","4","","0","0","1","1","0"
"POINT (13.435334312000100 52.484159896999998)","Unfall 232514 (2022) Kat:3, Licht: 2","232514","3","4","2","04","15","7","","2","0","1","1","0"
"POINT (13.323675178000000 52.493789194999998)","Unfall 232515 (2022) Kat:2, Licht: 2","232515","2","2","5","04","20","1","","2","0","1","0","0"
"POINT (13.360274455000001 52.598985400000103)","Unfall 232516 (2022) Kat:2, Licht: 0","232516","2","4","6","03","13","5","","0","0","1","1","0"
"POINT (13.398874838999999 52.532607294000101)","Unfall 232517 (2022) Kat:3, Licht: 1","232517","3","2","5","03","18","4","","1","1","0","0","0"
"POINT (13.533730769000000 52.431635800999999)","Unfall 232518 (2022) Kat:3, Licht: 1","232518","3","3","5","03","06","3","","1","1","1","0","0"
"POINT (13.312290813000100 52.430339662000101)","Unfall 232519 (2022) Kat:3, Licht: 0","232519","3","2","5","04","14","6","","0","1","1","0","0"
"POINT (13.406289869000000 52.554046738000103)","Unfall 232520 (2022) Kat:3, Licht: 0","232520","3","2","5","03","14","2","","0","1","0","0","0"
"POINT (13.376612383000101 52.509569917000100)","Unfall 232521 (2022) Kat:3, Licht: 1","232521","3","7","5","04","19","7","","1","0","1","0","0"
"POINT (13.384755856000000 52.555992121000003)","Unfall 232522 (2022) Kat:3, Licht: 0","232522","3","6","2","04","15","4","","0","0","1","0","0"
"POINT (13.429503137999999 52.574497545000000)","Unfall 232523 (2022) Kat:3, Licht: 0","232523","3","6","2","03","13","6","","0","0","1","0","0"
"POINT (13.368646869000001 52.484453718000097)","Unfall 232524 (2022) Kat:3, Licht: 0","232524","3","2","5","03","07","4","","0","1","1","0","0"
"POINT (13.426951812000000 52.475732182999998)","Unfall 232525 (2022) Kat:3, Licht: 0","232525","3","5","1","04","14","3","","0","1","1","0","0"
"POINT (13.411284674000100 52.499094423000003)","Unfall 232526 (2022) Kat:3, Licht: 1","232526","3","5","1","04","20","7","","1","1","1","0","0"
"POINT (13.409696328000100 52.524019932999998)","Unfall 232527 (2022) Kat:3, Licht: 1","232527","3","2","5","04","20","6","","1","0","1","0","1"
"POINT (13.564869437000000 52.544760993000097)","Unfall 232528 (2022) Kat:3, Licht: 0","232528","3","2","2","04","17","7","","0","0","1","0","0"
"POINT (13.393039738000001 52.515082513000003)","Unfall 232529 (2022) Kat:3, Licht: 0","232529","3","3","5","04","11","3","","0","0","1","0","0"
"POINT (13.380930114000000 52.516370633000101)","Unfall 232530 (2022) Kat:3, Licht: 0","232530","3","2","5","03","08","2","","0","1","1","0","0"
"POINT (13.278570205000101 52.526285031000000)","Unfall 232531 (2022) Kat:2, Licht: 2","232531","2","7","0","03","21","4","","2","0","0","0","1"
"POINT (13.295853576000100 52.481161913999998)","Unfall 232532 (2022) Kat:3, Licht: 0","232532","3","2","5","03","17","2","","0","1","1","0","0"
"POINT (13.267943881000100 52.409009814000100)","Unfall 232533 (2022) Kat:3, Licht: 0","232533","3","6","2","03","11","6","","0","0","1","0","0"
"POINT (13.196725367000100 52.562886947000003)","Unfall 232534 (2022) Kat:3, Licht: 0","232534","3","2","5","04","14","4","","0","1","1","0","0"
"POINT (13.193485155000101 52.548884684000001)","Unfall 232535 (2022) Kat:3, Licht: 2","232535","3","6","3","04","22","5","","2","0","1","0","0"
"POINT (13.601435601000000 52.480660399999998)","Unfall 232536 (2022) Kat:3, Licht: 0","232536","3","7","6","04","12","5","","0","0","1","1","0"
"POINT (13.365221492000000 52.556796658000103)","Unfall 232537 (2022) Kat:3, Licht: 1","232537","3","6","2","05","20","1","","1","0","1","0","0"
"POINT (13.348210071000000 52.470467757999998)","Unfall 232538 (2022) Kat:3, Licht: 0","232538","3","2","5","04","10","4","","0","1","1","0","0"
"POINT (13.395130016000101 52.528092437000097)","Unfall 232539 (2022) Kat:3, Licht: 2","232539","3","5","1","03","18","4","","2","1","1","0","0"
"POINT (13.227684064000099 52.584898469999999)","Unfall 232540 (2022) Kat:3, Licht: 0","232540","3","4","6","03","12","3","","0","0","1","1","0"
"POINT (13.441608358000099 52.504390768000100)","Unfall 232541 (2022) Kat:3, Licht: 0","232541","3","6","0","04","12","6","","0","1","0","0","0"
"POINT (13.402743558000100 52.524055271000101)","Unfall 232542 (2022) Kat:3, Licht: 2","232542","3","4","6","04","20","4","","2","0","1","1","0"
"POINT (13.350025595000000 52.502957547999998)","Unfall 232543 (2022) Kat:3, Licht: 0","232543","3","2","0","03","11","5","","0","1","0","0","0"
"POINT (13.334612934000100 52.541247597000101)","Unfall 232544 (2022) Kat:2, Licht: 0","232544","2","7","0","03","17","4","","0","0","0","0","1"
"POINT (13.559370511999999 52.446656433999998)","Unfall 232545 (2022) Kat:3, Licht: 0","232545","3","2","2","04","08","4","","0","0","1","0","0"
"POINT (13.331582228000100 52.522330035000003)","Unfall 232546 (2022) Kat:3, Licht: 0","232546","3","3","5","04","11","6","","0","0","1","0","1"
"POINT (13.382231608000000 52.489878800000000)","Unfall 232547 (2022) Kat:3, Licht: 0","232547","3","1","0","04","11","6","","0","0","0","0","1"
"POINT (13.375570107000000 52.568963715000102)","Unfall 232548 (2022) Kat:3, Licht: 0","232548","3","6","4","03","07","2","","0","0","1","0","1"
"POINT (13.356013122000000 52.486046069000103)","Unfall 232549 (2022) Kat:3, Licht: 2","232549","3","7","0","03","22","4","","2","0","0","0","1"
"POINT (13.353980470000099 52.562062449000102)","Unfall 232550 (2022) Kat:3, Licht: 0","232550","3","2","5","03","14","2","","0","0","1","0","0"
"POINT (13.692862019000099 52.438883474000100)","Unfall 232551 (2022) Kat:3, Licht: 0","232551","3","3","5","04","14","4","","0","1","1","0","0"
"POINT (13.207910906000100 52.538792468000103)","Unfall 232552 (2022) Kat:3, Licht: 0","232552","3","6","2","04","15","6","","0","0","1","0","0"
"POINT (13.314061684000000 52.490445404000099)","Unfall 232553 (2022) Kat:3, Licht: 0","232553","3","2","5","04","19","5","","0","0","1","0","0"
"POINT (13.442724427000000 52.465163340000103)","Unfall 232554 (2022) Kat:2, Licht: 0","232554","2","7","0","05","13","2","","0","0","1","0","1"
"POINT (13.389810875000000 52.574277414000100)","Unfall 232555 (2022) Kat:3, Licht: 0","232555","3","6","2","04","05","3","","0","0","1","0","0"
"POINT (13.424135303000099 52.552845374000100)","Unfall 232556 (2022) Kat:3, Licht: 0","232556","3","2","5","03","16","4","","0","1","1","0","0"
"POINT (13.429062401000101 52.482279781000003)","Unfall 232557 (2022) Kat:3, Licht: 0","232557","3","1","0","03","16","3","","0","1","0","0","0"
"POINT (13.336861207000000 52.454134495000098)","Unfall 232558 (2022) Kat:3, Licht: 2","232558","3","3","5","04","20","6","","2","1","1","0","0"
"POINT (13.356985571999999 52.559960120000000)","Unfall 232559 (2022) Kat:3, Licht: 0","232559","3","3","5","04","16","5","","0","0","1","0","1"
"POINT (13.270814860000000 52.537498515000003)","Unfall 232560 (2022) Kat:3, Licht: 0","232560","3","5","0","03","13","7","","0","0","1","0","0"
"POINT (13.362324298000001 52.452305140000099)","Unfall 232561 (2022) Kat:3, Licht: 0","232561","3","2","5","04","15","2","","0","1","1","0","0"
"POINT (13.338517239000099 52.505242068000001)","Unfall 232562 (2022) Kat:3, Licht: 0","232562","3","6","0","03","17","3","","0","1","1","0","0"
"POINT (13.369833001000099 52.589378146999998)","Unfall 232563 (2022) Kat:2, Licht: 0","232563","2","2","6","04","11","3","","0","0","1","1","0"
"POINT (13.489690327000099 52.512367875999999)","Unfall 232564 (2022) Kat:3, Licht: 1","232564","3","3","5","03","17","1","","1","1","0","0","0"
"POINT (13.458333152000000 52.501605563000098)","Unfall 232565 (2022) Kat:3, Licht: 2","232565","3","7","0","03","00","7","","2","1","0","0","0"
"POINT (13.397272778000101 52.586892558000002)","Unfall 232566 (2022) Kat:3, Licht: 0","232566","3","3","5","03","07","5","","0","0","1","0","0"
"POINT (13.453892691000000 52.617236276000000)","Unfall 232567 (2022) Kat:3, Licht: 1","232567","3","7","5","04","18","2","","1","0","1","0","0"
"POINT (13.441275414000099 52.501433331999998)","Unfall 232568 (2022) Kat:3, Licht: 1","232568","3","6","3","04","04","5","","1","1","1","0","0"
"POINT (13.560876135000100 52.492570237000102)","Unfall 232569 (2022) Kat:3, Licht: 0","232569","3","3","5","04","14","4","","0","0","1","0","0"
"POINT (13.434171009000099 52.480245826000001)","Unfall 232570 (2022) Kat:3, Licht: 0","232570","3","3","5","05","18","1","","0","0","1","0","1"
"POINT (13.434896122000101 52.450895500999998)","Unfall 232571 (2022) Kat:3, Licht: 0","232571","3","6","2","04","09","2","","0","0","1","0","0"
"POINT (13.566932130000099 52.412211801000097)","Unfall 232572 (2022) Kat:3, Licht: 0","232572","3","6","2","04","16","5","","0","0","1","0","0"
"POINT (13.406449754000100 52.565381299000101)","Unfall 232573 (2022) Kat:3, Licht: 1","232573","3","2","5","04","21","2","","1","0","1","0","1"
"POINT (13.498874494000100 52.544491182000101)","Unfall 232574 (2022) Kat:3, Licht: 2","232574","3","3","5","03","20","6","","2","0","1","0","0"
"POINT (13.387856016000100 52.492763101000001)","Unfall 232575 (2022) Kat:3, Licht: 0","232575","3","2","5","03","17","3","","0","1","1","0","0"
"POINT (13.685599732000099 52.442960761000101)","Unfall 232576 (2022) Kat:3, Licht: 0","232576","3","3","5","04","13","7","","0","0","1","0","0"
"POINT (13.361017874000000 52.494436074000099)","Unfall 232577 (2022) Kat:3, Licht: 2","232577","3","3","5","03","23","2","","2","0","1","0","0"
"POINT (13.262230014000099 52.519661671000101)","Unfall 232578 (2022) Kat:3, Licht: 0","232578","3","3","5","04","18","2","","0","0","1","0","0"
"POINT (13.229570021000001 52.427110734999999)","Unfall 232579 (2022) Kat:3, Licht: 1","232579","3","6","2","04","20","5","","1","0","1","0","0"
"POINT (13.395967317000000 52.566051776000101)","Unfall 232580 (2022) Kat:3, Licht: 2","232580","3","7","6","03","21","6","","2","0","1","1","0"
"POINT (13.371526498000000 52.504800886000098)","Unfall 232581 (2022) Kat:3, Licht: 0","232581","3","7","0","03","18","4","","0","0","0","0","1"
"POINT (13.435474403000100 52.629246893000101)","Unfall 232582 (2022) Kat:3, Licht: 0","232582","3","7","0","03","10","5","","0","0","1","0","0"
"POINT (13.370472735000000 52.490538838000099)","Unfall 232583 (2022) Kat:2, Licht: 2","232583","2","5","1","04","20","4","","2","1","0","0","1"
"POINT (13.332591254000000 52.464506159000102)","Unfall 232584 (2022) Kat:3, Licht: 1","232584","3","3","5","04","18","4","","1","0","1","0","0"
"POINT (13.567522966000100 52.444890112000103)","Unfall 232585 (2022) Kat:3, Licht: 0","232585","3","4","6","05","13","1","","0","0","1","1","0"
"POINT (13.389750396000100 52.464478615000097)","Unfall 232586 (2022) Kat:3, Licht: 0","232586","3","5","1","04","12","2","","0","0","1","0","0"
"POINT (13.315011834000099 52.576252339000099)","Unfall 232587 (2022) Kat:2, Licht: 2","232587","2","2","5","03","18","5","","2","0","1","0","0"
"POINT (13.449833937999999 52.460824948999999)","Unfall 232588 (2022) Kat:2, Licht: 2","232588","2","3","5","03","22","3","","2","1","1","0","0"
"POINT (13.498369354999999 52.419049870999999)","Unfall 232589 (2022) Kat:3, Licht: 0","232589","3","5","1","04","13","6","","0","1","1","0","0"
"POINT (13.471102394000100 52.429584617000003)","Unfall 232590 (2022) Kat:3, Licht: 0","232590","3","3","5","03","17","2","","0","0","1","0","0"
"POINT (13.430630160000000 52.551167732000103)","Unfall 232591 (2022) Kat:3, Licht: 0","232591","3","6","2","04","18","6","","0","0","1","0","0"
"POINT (13.419943517000000 52.498613816999999)","Unfall 232592 (2022) Kat:3, Licht: 0","232592","3","5","1","05","16","2","","0","1","1","0","0"
"POINT (13.219008355000000 52.560208804000098)","Unfall 232593 (2022) Kat:3, Licht: 0","232593","3","2","5","04","15","4","","0","1","0","0","0"
"POINT (13.443956486999999 52.500110448000001)","Unfall 232594 (2022) Kat:1, Licht: 0","232594","1","3","5","03","09","6","","0","1","1","0","0"
"POINT (13.445544840000000 52.499191586999999)","Unfall 232595 (2022) Kat:2, Licht: 0","232595","2","4","6","03","10","4","","0","0","1","1","0"
"POINT (13.449170614000000 52.463605259000097)","Unfall 232596 (2022) Kat:2, Licht: 0","232596","2","6","2","04","08","4","","0","0","1","0","0"
"POINT (13.333290966000000 52.467035922000001)","Unfall 232597 (2022) Kat:3, Licht: 0","232597","3","1","1","04","15","7","","0","1","1","0","0"
"POINT (13.420482782000001 52.532747497000102)","Unfall 232598 (2022) Kat:2, Licht: 2","232598","2","5","1","04","01","6","","2","0","1","0","0"
"POINT (13.581037969000000 52.416894444000000)","Unfall 232599 (2022) Kat:3, Licht: 2","232599","3","1","0","04","20","7","","2","0","0","0","1"
"POINT (13.302102787000001 52.505346795000001)","Unfall 232600 (2022) Kat:2, Licht: 0","232600","2","7","6","04","15","3","","0","0","1","1","0"
"POINT (13.267883448000100 52.512204155000099)","Unfall 232601 (2022) Kat:2, Licht: 0","232601","2","1","0","03","12","2","","0","1","0","0","0"
"POINT (13.614585087000000 52.502290899999998)","Unfall 232602 (2022) Kat:3, Licht: 1","232602","3","1","0","03","17","4","","1","0","0","0","1"
"POINT (13.480308740000099 52.499155428999998)","Unfall 232603 (2022) Kat:3, Licht: 0","232603","3","1","0","03","10","2","","0","0","0","0","0"
"POINT (13.578241341000000 52.452514650000097)","Unfall 232604 (2022) Kat:2, Licht: 0","232604","2","3","5","03","13","6","","0","0","1","0","0"
"POINT (13.350269471000001 52.513560230000103)","Unfall 232605 (2022) Kat:3, Licht: 1","232605","3","7","7","04","06","4","","1","0","0","0","1"
"POINT (13.333348463000000 52.560756152000103)","Unfall 232606 (2022) Kat:3, Licht: 0","232606","3","2","5","04","15","5","","0","1","1","0","0"
"POINT (13.319424696000100 52.501535857000100)","Unfall 232607 (2022) Kat:3, Licht: 0","232607","3","2","5","04","17","5","","0","1","1","0","0"
"POINT (13.444759620000100 52.467964321000103)","Unfall 232608 (2022) Kat:3, Licht: 0","232608","3","3","5","05","06","2","","0","0","0","0","0"
"POINT (13.520664230000000 52.535599280000000)","Unfall 232609 (2022) Kat:3, Licht: 0","232609","3","6","4","04","14","3","","0","0","1","0","1"
"POINT (13.479717992000101 52.523835995000098)","Unfall 232610 (2022) Kat:3, Licht: 0","232610","3","2","5","03","11","3","","0","1","1","0","0"
"POINT (13.515290182000101 52.567233869000098)","Unfall 232611 (2022) Kat:2, Licht: 0","232611","2","3","5","04","15","7","","0","0","1","0","0"
"POINT (13.409974152000100 52.394130614000098)","Unfall 232612 (2022) Kat:3, Licht: 0","232612","3","7","5","04","09","6","","0","1","1","0","0"
"POINT (13.395493768000099 52.594283974000099)","Unfall 232613 (2022) Kat:3, Licht: 0","232613","3","3","2","03","19","7","","0","1","1","0","0"
"POINT (13.468069442000100 52.553903029000097)","Unfall 232614 (2022) Kat:3, Licht: 0","232614","3","6","2","04","15","1","","0","0","1","0","0"
"POINT (13.395809655000100 52.498942117000098)","Unfall 232615 (2022) Kat:2, Licht: 2","232615","2","7","5","03","21","2","","2","0","1","0","1"