WKT,Name,OBJECTID,UKATEGORIE,UTYP1,UART,UMONAT,USTUNDE,UWOCHENTAG,STRZUSTAND,ULICHTVERH,ISTRAD,ISTPKW,ISTFUSS,ISTKRAD
"POINT (13.416357563000100 52.519968847000001)","Unfall 232616 (2022) Kat:3, Licht: 1","232616","3","2","5","04","19","2","","1","1","1","0","0"
"POINT (13.309362384000099 52.603540601000098)","Unfall 232617 (2022) Kat:3, Licht: 0","232617","3","3","5","03","11","7","","0","1","1","0","0"
"POINT (13.328363689000099 52.508149762000102)","Unfall 232618 (2022) Kat:3, Licht: 2","232618","3","2","5","03","22","1","","2","1","1","0","0"
"POINT (13.353981235999999 52.481526885000100)","Unfall 232619 (2022) Kat:3, Licht: 2","232619","3","5","1","03","20","5","","2","1","1","0","0"
"POINT (13.571036898999999 52.545863056000002)","Unfall 232620 (2022) Kat:3, Licht: 0","232620","3","4","6","04","16","3","","0","0","1","1","0"
"POINT (13.395730109000100 52.561010662000101)","Unfall 232621 (2022) Kat:3, Licht: 0","232621","3","6","2","04","14","4","","0","0","1","0","1"
"POINT (13.362011650000101 52.499950867999999)","Unfall 232622 (2022) Kat:3, Licht: 0","232622","3","5","1","04","10","3","","0","1","1","0","0"
"POINT (13.232654452000100 52.539442657999999)","Unfall 232623 (2022) Kat:3, Licht: 0","232623","3","3","5","04","18","7","","0","1","1","0","0"
"POINT (13.512488712000000 52.562996058000103)","Unfall 232624 (2022) Kat:3, Licht: 0","232624","3","3","5","04","18","1","","0","0","1","0","0"
"POINT (13.413912929000000 52.500367117000103)","Unfall 232625 (2022) Kat:3, Licht: 2","232625","3","3","5","04","01","1","","2","0","1","0","0"
"POINT (13.184018225999999 52.534163354999997)","Unfall 232626 (2022) Kat:2, Licht: 0","232626","2","3","5","03","15","5","","0","0","1","0","1"
"POINT (13.446886507000000 52.547864656999998)","Unfall 232627 (2022) Kat:3, Licht: 0","232627","3","5","1","04","14","6","","0","1","1","0","0"
"POINT (13.250834275000001 52.420063693000003)","Unfall 232628 (2022) Kat:3, Licht: 0","232628","3","5","1","04","13","1","","0","1","1","0","0"
"POINT (13.279420013999999 52.538164086999998)","Unfall 232629 (2022) Kat:3, Licht: 0","232629","3","3","5","04","09","4","","0","0","1","0","0"
"POINT (13.601133444000000 52.451465465000098)","Unfall 232630 (2022) Kat:3, Licht: 0","232630","3","2","5","06","13","5","","0","1","1","0","0"
"POINT (13.518839967000099 52.447613205000003)","Unfall 232631 (2022) Kat:3, Licht: 0","232631","3","6","3","05","12","3","","0","1","0","0","0"
"POINT (13.355127468999999 52.427668828000002)","Unfall 232632 (2022) Kat:3, Licht: 0","232632","3","3","5","05","08","2","","0","0","1","0","0"
"POINT (13.384804239000101 52.526908127000098)","Unfall 232633 (2022) Kat:3, Licht: 1","232633","3","5","1","05","19","7","","1","1","1","0","0"
"POINT (13.440736942999999 52.540635133000102)","Unfall 232634 (2022) Kat:3, Licht: 0","232634","3","6","2","05","10","4","","0","0","1","0","0"
"POINT (13.443976315000000 52.500132563000101)","Unfall 232635 (2022) Kat:3, Licht: 0","232635","3","3","5","05","08","4","","0","1","1","0","0"
"POINT (13.394096660000100 52.528603203000003)","Unfall 232636 (2022) Kat:3, Licht: 1","232636","3","6","2","05","05","5","","1","0","1","0","1"
"POINT (13.621484823000101 52.530548957000100)","Unfall 232637 (2022) Kat:3, Licht: 0","232637","3","4","6","05","12","1","","0","0","1","1","0"
"POINT (13.339930449000100 52.495813673000001)","Unfall 232638 (2022) Kat:3, Licht: 0","232638","3","1","1","05","11","6","","0","1","1","0","0"
"POINT (13.362429715000101 52.604083414000101)","Unfall 232639 (2022) Kat:3, Licht: 0","232639","3","1","9","05","05","6","","0","0","1","0","0"
"POINT (13.465469110000100 52.631518571000100)","Unfall 232640 (2022) Kat:3, Licht: 0","232640","3","6","2","05","13","3","","0","0","1","0","0"
"POINT (13.333710599000000 52.504241690000100)","Unfall 232641 (2022) Kat:3, Licht: 0","232641","3","6","0","05","18","2","","0","1","1","0","0"
"POINT (13.379625769000000 52.413821922000103)","Unfall 232642 (2022) Kat:3, Licht: 0","232642","3","2","5","05","17","6","","0","0","1","0","1"
"POINT (13.361285141000099 52.485997974999997)","Unfall 232643 (2022) Kat:3, Licht: 0","232643","3","2","2","05","16","3","","0","0","1","0","1"
"POINT (13.417702684000099 52.513791421000100)","Unfall 232644 (2022) Kat:3, Licht: 0","232644","3","2","5","05","19","3","","0","1","1","0","0"
"POINT (13.271843068000100 52.536596222000099)","Unfall 232645 (2022) Kat:3, Licht: 0","232645","3","2","5","05","06","5","","0","0","1","0","0"
"POINT (13.349310299000001 52.503168248000101)","Unfall 232646 (2022) Kat:3, Licht: 0","232646","3","1","0","06","13","4","","0","0","0","0","1"
"POINT (13.216131819000100 52.526842539000000)","Unfall 232647 (2022) Kat:3, Licht: 0","232647","3","2","5","05","20","2","","0","1","1","0","0"
"POINT (13.443029250000100 52.614610057000000)","Unfall 232648 (2022) Kat:3, Licht: 0","232648","3","6","2","05","14","1","","0","0","1","0","1"
"POINT (13.318543286000001 52.504152875999999)","Unfall 232649 (2022) Kat:3, Licht: 2","232649","3","5","1","05","00","7","","2","0","1","0","0"
"POINT (13.385634967000000 52.421603435000101)","Unfall 232650 (2022) Kat:3, Licht: 1","232650","3","1","1","05","21","6","","1","0","1","1","0"
"POINT (13.383930526000000 52.516850257999998)","Unfall 232651 (2022) Kat:3, Licht: 0","232651","3","2","5","05","08","6","","0","1","1","0","0"
"POINT (13.366563369000099 52.585216353000099)","Unfall 232652 (2022) Kat:3, Licht: 0","232652","3","5","1","05","16","5","","0","1","1","0","0"
"POINT (13.558930166000000 52.446567409000103)","Unfall 232653 (2022) Kat:3, Licht: 0","232653","3","2","5","05","17","2","","0","1","0","0","0"
"POINT (13.339260435000000 52.543972687000100)","Unfall 232654 (2022) Kat:3, Licht: 0","232654","3","6","3","05","09","4","","0","0","1","0","1"
"POINT (13.428717005000101 52.421098247000003)","Unfall 232655 (2022) Kat:3, Licht: 0","232655","3","6","3","05","15","3","","0","1","0","0","0"
"POINT (13.357356249000100 52.541560318000101)","Unfall 232656 (2022) Kat:3, Licht: 2","232656","3","3","5","05","22","1","","2","1","0","0","0"
"POINT (13.345961223000099 52.498832995000001)","Unfall 232657 (2022) Kat:3, Licht: 0","232657","3","2","5","05","11","7","","0","1","1","0","0"
"POINT (13.368191820000000 52.525629799000100)","Unfall 232658 (2022) Kat:3, Licht: 2","232658","3","4","6","05","21","5","","2","0","1","1","0"
"POINT (13.288061540999999 52.588887694000100)","Unfall 232659 (2022) Kat:3, Licht: 0","232659","3","4","6","06","16","5","","0","0","1","1","0"
"POINT (13.630759296000100 52.395682597000103)","Unfall 232660 (2022) Kat:3, Licht: 0","232660","3","1","0","05","19","5","","0","1","0","0","0"
"POINT (13.472906578000000 52.515571903000101)","Unfall 232661 (2022) Kat:3, Licht: 0","232661","3","6","3","05","16","3","","0","1","0","0","0"
"POINT (13.327980755000100 52.527453102000003)","Unfall 232662 (2022) Kat:3, Licht: 0","232662","3","1","0","05","11","5","","0","0","0","0","1"
"POINT (13.304498702000000 52.517434043999998)","Unfall 232663 (2022) Kat:3, Licht: 0","232663","3","3","5","05","09","5","","0","1","1","0","0"
"POINT (13.251283825000000 52.449988611999999)","Unfall 232664 (2022) Kat:3, Licht: 0","232664","3","1","0","05","14","2","","0","1","0","0","0"
"POINT (13.463354709000001 52.560064877999999)","Unfall 232665 (2022) Kat:3, Licht: 0","232665","3","3","0","05","08","4","","0","1","1","0","0"
"POINT (13.405496931000100 52.508453230999997)","Unfall 232666 (2022) Kat:3, Licht: 0","232666","3","4","6","05","10","2","","0","0","1","1","0"
"POINT (13.314382466000000 52.490402713000002)","Unfall 232667 (2022) Kat:3, Licht: 0","232667","3","1","0","05","17","7","","0","0","0","0","1"
"POINT (13.300318151999999 52.591446001000101)","Unfall 232668 (2022) Kat:3, Licht: 1","232668","3","1","0","05","20","6","","1","1","0","0","0"
"POINT (13.646794918000101 52.521242087000097)","Unfall 232669 (2022) Kat:3, Licht: 0","232669","3","6","2","05","17","4","","0","0","1","0","0"
"POINT (13.368066404000000 52.524447635999998)","Unfall 232670 (2022) Kat:3, Licht: 0","232670","3","7","0","06","10","5","","0","0","1","0","0"
"POINT (13.407687182000100 52.533840120000001)","Unfall 232671 (2022) Kat:3, Licht: 0","232671","3","5","5","05","08","3","","0","1","1","0","0"
"POINT (13.229026341000100 52.545477461000097)","Unfall 232672 (2022) Kat:3, Licht: 0","232672","3","2","5","05","08","2","","0","1","1","0","0"
"POINT (13.436395605000000 52.484184321000001)","Unfall 232673 (2022) Kat:3, Licht: 0","232673","3","7","6","05","15","6","","0","0","0","1","0"
"POINT (13.191192528000000 52.536377471000002)","Unfall 232674 (2022) Kat:3, Licht: 0","232674","3","2","0","05","17","3","","0","0","1","0","1"
"POINT (13.416888520000001 52.502450807999999)","Unfall 232675 (2022) Kat:3, Licht: 0","232675","3","4","6","05","18","3","","0","0","1","1","0"
"POINT (13.274945097000099 52.460362494999998)","Unfall 232676 (2022) Kat:3, Licht: 0","232676","3","2","5","05","12","4","","0","1","1","0","0"
"POINT (13.316419514000099 52.440299025000101)","Unfall 232677 (2022) Kat:3, Licht: 0","232677","3","2","0","05","07","4","","0","1","1","0","0"
"POINT (13.385372759000100 52.467122701000100)","Unfall 232678 (2022) Kat:3, Licht: 2","232678","3","5","1","06","21","4","","2","0","1","1","0"
"POINT (13.557299946000100 52.557686497000098)","Unfall 232679 (2022) Kat:3, Licht: 0","232679","3","4","6","05","17","6","","0","0","1","1","0"
"POINT (13.418488237000100 52.546757530000001)","Unfall 232680 (2022) Kat:3, Licht: 0","232680","3","1","0","05","19","6","","0","0","0","0","1"
"POINT (13.431805192000100 52.499298213000003)","Unfall 232681 (2022) Kat:3, Licht: 2","232681","3","1","0","05","22","6","","2","0","0","0","0"
"POINT (13.311160831000100 52.506507907000099)","Unfall 232682 (2022) Kat:3, Licht: 0","232682","3","1","0","05","12","2","","0","1","0","0","0"
"POINT (13.388248820000101 52.561018195000003)","Unfall 232683 (2022) Kat:3, Licht: 0","232683","3","2","5","05","20","4","","0","1","1","0","0"
"POINT (13.330855474000000 52.528502440000103)","Unfall 232684 (2022) Kat:3, Licht: 0","232684","3","5","1","06","14","4","","0","1","1","0","0"
"POINT (13.311890514000000 52.442352780000100)","Unfall 232685 (2022) Kat:3, Licht: 0","232685","3","3","5","05","08","2","","0","0","1","0","0"
"POINT (13.343419841000101 52.525311601000098)","Unfall 232686 (2022) Kat:3, Licht: 0","232686","3","6","0","05","15","1","","0","1","0","0","1"
"POINT (13.317620853999999 52.491570312000100)","Unfall 232687 (2022) Kat:3, Licht: 0","232687","3","7","0","05","07","5","","0","0","1","0","1"
"POINT (13.303785864000099 52.436641592000100)","Unfall 232688 (2022) Kat:3, Licht: 0","232688","3","3","5","06","07","6","","0","0","1","0","1"
"POINT (13.375598461999999 52.540419131000100)","Unfall 232689 (2022) Kat:3, Licht: 0","232689","3","1","8","05","18","5","","0","0","0","0","0"
"POINT (13.233087048000099 52.585945448000103)","Unfall 232690 (2022) Kat:3, Licht: 0","232690","3","4","0","05","17","5","","0","0","0","1","1"
"POINT (13.403255427000000 52.523258105000103)","Unfall 232691 (2022) Kat:3, Licht: 0","232691","3","5","1","05","14","5","","0","1","1","0","0"
"POINT (13.244956411000000 52.614369866000096)","Unfall 232692 (2022) Kat:3, Licht: 0","232692","3","2","5","05","10","2","","0","1","1","0","0"
"POINT (13.383743138000099 52.516537023000097)","Unfall 232693 (2022) Kat:3, Licht: 0","232693","3","6","3","05","19","3","","0","1","0","0","0"
"POINT (13.330624143000000 52.601126532000102)","Unfall 232694 (2022) Kat:3, Licht: 0","232694","3","6","2","05","20","1","","0","0","1","0","0"
"POINT (13.401802393000001 52.448692551000100)","Unfall 232695 (2022) Kat:3, Licht: 0","232695","3","5","1","05","15","7","","0","1","1","0","0"
"POINT (13.400884601000000 52.530167473000098)","Unfall 232696 (2022) Kat:3, Licht: 0","232696","3","5","1","05","10","4","","0","1","1","0","0"
"POINT (13.311111990000001 52.547716389000101)","Unfall 232697 (2022) Kat:3, Licht: 0","232697","3","3","5","06","08","5","","0","0","1","0","0"
"POINT (13.352185823000100 52.548389479999997)","Unfall 232698 (2022) Kat:3, Licht: 0","232698","3","6","2","05","09","4","","0","0","1","0","0"
"POINT (13.345961284000101 52.460723449000099)","Unfall 232699 (2022) Kat:2, Licht: 0","232699","2","6","2","05","13","3","","0","0","1","0","1"
"POINT (13.262152630000100 52.479810635000000)","Unfall 232700 (2022) Kat:3, Licht: 2","232700","3","1","9","05","03","7","","2","0","1","0","0"
"POINT (13.320151874000000 52.476782798000002)","Unfall 232701 (2022) Kat:3, Licht: 0","232701","3","1","0","05","07","4","","0","0","0","0","1"
"POINT (13.450019571000000 52.464911578000098)","Unfall 232702 (2022) Kat:3, Licht: 0","232702","3","6","3","05","17","6","","0","0","1","0","1"
"POINT (13.436493129000000 52.533468684000098)","Unfall 232703 (2022) Kat:3, Licht: 0","232703","3","5","0","06","10","6","","0","1","1","0","0"
"POINT (13.281487314000101 52.512842112000001)","Unfall 232704 (2022) Kat:3, Licht: 0","232704","3","2","5","05","16","5","","0","0","1","0","1"
"POINT (13.335604100000101 52.520449216000003)","Unfall 232705 (2022) Kat:3, Licht: 0","232705","3","6","2","05","18","5","","0","1","0","0","0"
"POINT (13.310276152000000 52.472316251000102)","Unfall 232706 (2022) Kat:3, Licht: 0","232706","3","1","0","05","11","5","","0","0","0","0","0"
"POINT (13.563801962000101 52.518763115000098)","Unfall 232707 (2022) Kat:3, Licht: 0","232707","3","2","6","05","15","2","","0","0","1","1","0"
"POINT (13.424239646000000 52.485365018000003)","Unfall 232708 (2022) Kat:3, Licht: 0","232708","3","5","1","05","17","3","","0","1","1","0","0"
"POINT (13.520737697000101 52.460258512999999)","Unfall 232709 (2022) Kat:2, Licht: 0","232709","2","3","5","05","17","1","","0","1","0","0","0"
"POINT (13.397962284000100 52.535133977000001)","Unfall 232710 (2022) Kat:3, Licht: 2","232710","3","6","2","05","03","1","","2","0","1","0","0"
"POINT (13.396329390000099 52.528415449000100)","Unfall 232711 (2022) Kat:3, Licht: 0","232711","3","3","5","05","06","5","","0","1","0","0","0"
"POINT (13.577515668000000 52.490527655000101)","Unfall 232712 (2022) Kat:3, Licht: 0","232712","3","5","1","06","08","5","","0","1","1","0","0"
"POINT (13.479590992000100 52.460334146000001)","Unfall 232713 (2022) Kat:2, Licht: 0","232713","2","6","2","05","11","4","","0","1","0","0","1"
"POINT (13.243593519000100 52.422780148000101)","Unfall 232714 (2022) Kat:3, Licht: 0","232714","3","5","1","05","15","3","","0","0","1","0","0"
"POINT (13.522678951000000 52.535844662999999)","Unfall 232715 (2022) Kat:3, Licht: 0","232715","3","6","3","05","11","1","","0","0","1","0","1"
"POINT (13.353901087000100 52.549289976000097)","Unfall 232716 (2022) Kat:3, Licht: 0","232716","3","3","5","05","13","4","","0","0","1","0","0"
"POINT (13.408993422000000 52.505510887000099)","Unfall 232717 (2022) Kat:3, Licht: 0","232717","3","4","6","05","14","1","","0","0","1","1","0"
"POINT (13.418059654000000 52.536331384999997)","Unfall 232718 (2022) Kat:3, Licht: 2","232718","3","1","0","05","00","4","","2","0","0","0","0"
"POINT (13.303396663999999 52.432184060000097)","Unfall 232719 (2022) Kat:3, Licht: 0","232719","3","3","5","05","13","2","","0","0","1","0","0"
"POINT (13.359115407000001 52.546337919000102)","Unfall 232720 (2022) Kat:3, Licht: 0","232720","3","2","5","05","16","7","","0","0","0","0","0"
"POINT (13.317262334000100 52.471811782000003)","Unfall 232721 (2022) Kat:3, Licht: 0","232721","3","5","1","05","16","6","","0","1","1","0","0"
"POINT (13.356384401000099 52.522209629000002)","Unfall 232722 (2022) Kat:3, Licht: 0","232722","3","5","5","06","08","5","","0","0","1","0","1"
"POINT (13.399942738000000 52.498416744000103)","Unfall 232723 (2022) Kat:3, Licht: 0","232723","3","6","2","05","11","3","","0","0","1","0","1"
"POINT (13.578183259000101 52.547966289999998)","Unfall 232724 (2022) Kat:3, Licht: 0","232724","3","6","2","05","12","2","","0","0","1","0","0"
"POINT (13.384802038000000 52.550451883999997)","Unfall 232725 (2022) Kat:3, Licht: 2","232725","3","5","1","05","21","7","","2","0","1","0","0"
"POINT (13.300338287000001 52.641380493000000)","Unfall 232726 (2022) Kat:3, Licht: 0","232726","3","3","5","05","07","3","","0","0","1","0","0"
"POINT (13.454806792000101 52.510183054000002)","Unfall 232727 (2022) Kat:3, Licht: 0","232727","3","1","0","05","09","3","","0","0","0","0","0"
"POINT (13.461922225000000 52.564732596000098)","Unfall 232728 (2022) Kat:3, Licht: 0","232728","3","3","5","05","15","4","","0","1","1","0","0"
"POINT (13.552158036000000 52.439398724000100)","Unfall 232729 (2022) Kat:3, Licht: 0","232729","3","2","5","05","07","4","","0","1","1","0","0"
"POINT (13.559527332000100 52.537464002000000)","Unfall 232730 (2022) Kat:3, Licht: 0","232730","3","7","4","06","18","5","","0","1","0","0","0"
"POINT (13.304810501000100 52.479884132000102)","Unfall 232731 (2022) Kat:3, Licht: 0","232731","3","7","2","05","16","6","","0","0","1","0","0"
"POINT (13.291547882000000 52.510473636000000)","Unfall 232732 (2022) Kat:3, Licht: 0","232732","3","2","5","05","11","6","","0","1","1","0","0"
"POINT (13.389128228000100 52.561895338000099)","Unfall 232733 (2022) Kat:3, Licht: 0","232733","3","5","0","05","15","5","","0","0","1","0","0"
"POINT (13.350828655000001 52.512046130000002)","Unfall 232734 (2022) Kat:3, Licht: 0","232734","3","3","0","05","17","2","","0","1","0","0","1"
"POINT (13.322408618000100 52.418736750999997)","Unfall 232735 (2022) Kat:2, Licht: 0","232735","2","3","5","05","16","4","","0","1","1","0","0"
"POINT (13.533549550000000 52.452154342000000)","Unfall 232736 (2022) Kat:3, Licht: 0","232736","3","7","0","06","18","4","","0","0","1","1","0"
"POINT (13.376585091999999 52.485100860000003)","Unfall 232737 (2022) Kat:2, Licht: 0","232737","2","2","5","05","07","2","","0","0","1","0","0"
"POINT (13.199536063000000 52.534899075000098)","Unfall 232738 (2022) Kat:3, Licht: 0","232738","3","2","5","05","12","1","","0","1","1","0","0"
"POINT (13.407687877000100 52.573918440999996)","Unfall 232739 (2022) Kat:2, Licht: 0","232739","2","3","5","05","16","5","","0","1","1","0","0"
"POINT (13.485950294000100 52.519635659000102)","Unfall 232740 (2022) Kat:3, Licht: 1","232740","3","3","5","06","20","5","","1","0","0","0","1"
"POINT (13.309441058000100 52.590367050000097)","Unfall 232741 (2022) Kat:3, Licht: 0","232741","3","5","1","05","14","4","","0","0","1","0","0"
"POINT (13.324988023000101 52.500646256000003)","Unfall 232742 (2022) Kat:2, Licht: 1","232742","2","5","1","05","20","5","","1","1","1","0","0"
"POINT (13.361764655000099 52.486371013999999)","Unfall 232743 (2022) Kat:3, Licht: 0","232743","3","7","5","05","13","5","","0","1","1","0","0"
"POINT (13.241836013000100 52.538534603000102)","Unfall 232744 (2022) Kat:2, Licht: 0","232744","2","2","5","05","09","4","","0","1","1","0","0"
"POINT (13.427808218000100 52.567930464000000)","Unfall 232745 (2022) Kat:2, Licht: 0","232745","2","3","5","05","14","1","","0","0","1","0","0"
"POINT (13.342996724000001 52.526364316000098)","Unfall 232746 (2022) Kat:2, Licht: 0","232746","2","2","2","05","12","4","","0","1","0","0","0"
"POINT (13.349435105000101 52.542061159000099)","Unfall 232747 (2022) Kat:3, Licht: 0","232747","3","2","2","05","18","3","","0","1","1","0","0"
"POINT (13.586642336000100 52.516296267000001)","Unfall 232748 (2022) Kat:3, Licht: 2","232748","3","7","0","05","03","1","","2","0","0","0","0"
"POINT (13.334058869000000 52.524510936000098)","Unfall 232749 (2022) Kat:3, Licht: 0","232749","3","2","0","05","12","7","","0","1","1","0","0"
"POINT (13.323157321000100 52.486446803000000)","Unfall 232750 (2022) Kat:3, Licht: 0","232750","3","3","5","05","11","5","","0","1","0","0","0"
"POINT (13.386923046000000 52.506501364000002)","Unfall 232751 (2022) Kat:3, Licht: 0","232751","3","5","1","06","16","5","","0","1","1","0","0"
"POINT (13.412735971000100 52.544401125000000)","Unfall 232752 (2022) Kat:2, Licht: 2","232752","2","2","5","05","22","3","","2","1","0","0","0"
"POINT (13.337814346000100 52.497686080000101)","Unfall 232753 (2022) Kat:3, Licht: 0","232753","3","3","5","05","09","3","","0","1","1","0","0"
"POINT (13.343198612000000 52.528241760000100)","Unfall 232754 (2022) Kat:3, Licht: 0","232754","3","2","2","05","12","7","","0","1","0","0","1"
"POINT (13.218789578000001 52.524929234000098)","Unfall 232755 (2022) Kat:2, Licht: 2","232755","2","1","1","05","02","4","","2","0","1","0","0"
"POINT (13.578285394000000 52.454260238000103)","Unfall 232756 (2022) Kat:2, Licht: 0","232756","2","4","0","05","21","4","","0","1","0","1","0"
"POINT (13.207752915000100 52.554092733000097)","Unfall 232757 (2022) Kat:3, Licht: 1","232757","3","2","5","05","20","5","","1","0","1","0","1"
"POINT (13.434726282000000 52.481191633000002)","Unfall 232758 (2022) Kat:2, Licht: 0","232758","2","4","6","05","09","7","","0","0","1","1","0"
"POINT (13.393905223999999 52.572749561000101)","Unfall 232759 (2022) Kat:3, Licht: 0","232759","3","6","2","05","16","3","","0","0","1","0","1"
"POINT (13.394393058000000 52.484031156000100)","Unfall 232760 (2022) Kat:2, Licht: 2","232760","2","3","5","05","23","7","","2","1","1","0","0"
"POINT (13.377934401000100 52.528957753999997)","Unfall 232761 (2022) Kat:2, Licht: 0","232761","2","4","6","05","15","6","","0","0","1","1","0"
"POINT (13.434666540000000 52.481233660000001)","Unfall 232762 (2022) Kat:3, Licht: 0","232762","3","4","6","05","18","3","","0","1","0","1","0"
"POINT (13.429482843000100 52.555922246000101)","Unfall 232763 (2022) Kat:3, Licht: 0","232763","3","2","5","05","11","2","","0","1","1","0","0"
"POINT (13.263766009000101 52.445110823999997)","Unfall 232764 (2022) Kat:3, Licht: 0","232764","3","3","5","05","17","6","","0","0","1","0","0"
"POINT (13.244197001000000 52.614971369999999)","Unfall 232765 (2022) Kat:2, Licht: 0","232765","2","2","5","05","14","3","","0","1","1","0","0"
"POINT (13.401458396000100 52.539796856000102)","Unfall 232766 (2022) Kat:3, Licht: 0","232766","3","2","5","05","08","3","","0","1","1","0","0"
"POINT (13.440442493999999 52.515853601000103)","Unfall 232767 (2022) Kat:3, Licht: 0","232767","3","3","5","05","18","5","","0","1","1","0","0"
"POINT (13.334218987000000 52.438033101000002)","Unfall 232768 (2022) Kat:3, Licht: 0","232768","3","5","1","06","17","4","","0","0","1","0","1"
"POINT (13.392748980000000 52.564195348000098)","Unfall 232769 (2022) Kat:3, Licht: 0","232769","3","3","5","05","10","3","","0","1","1","0","0"
"POINT (13.302254039999999 52.506710308999999)","Unfall 232770 (2022) Kat:3, Licht: 0","232770","3","2","5","05","13","2","","0","1","1","0","0"
"POINT (13.356603715000100 52.535689937000001)","Unfall 232771 (2022) Kat:3, Licht: 0","232771","3","2","5","05","15","7","","0","0","0","0","0"
"POINT (13.390476944000101 52.555232183999998)","Unfall 232772 (2022) Kat:3, Licht: 0","232772","3","6","2","05","10","7","","0","0","1","0","0"
"POINT (13.425353794999999 52.477471826000098)","Unfall 232773 (2022) Kat:3, Licht: 0","232773","3","6","3","05","13","4","","0","1","1","0","0"
"POINT (13.471923823000100 52.532173153000002)","Unfall 232774 (2022) Kat:3, Licht: 0","232774","3","6","2","05","14","2","","0","0","1","0","0"
"POINT (13.419370346000100 52.394767634000097)","Unfall 232775 (2022) Kat:3, Licht: 0","232775","3","2","0","05","17","7","","0","1","1","0","0"
"POINT (13.315680836000100 52.424959764000100)","Unfall 232776 (2022) Kat:3, Licht: 0","232776","3","6","2","05","16","6","","0","0","1","0","0"
"POINT (13.519892584999999 52.525840881000100)","Unfall 232777 (2022) Kat:3, Licht: 0","232777","3","2","0","05","06","3","","0","1","1","0","0"
"POINT (13.344906705000000 52.554383553000001)","Unfall 232778 (2022) Kat:3, Licht: 0","232778","3","6","2","05","16","2","","0","0","1","0","0"
"POINT (13.417756704000100 52.538318268000097)","Unfall 232779 (2022) Kat:3, Licht: 0","232779","3","3","5","05","15","6","","0","0","1","0","0"
"POINT (13.347798707000001 52.425704172000103)","Unfall 232780 (2022) Kat:3, Licht: 0","232780","3","3","5","05","16","3","","0","1","1","0","0"
"POINT (13.518858185000100 52.513362387000001)","Unfall 232781 (2022) Kat:3, Licht: 0","232781","3","1","8","05","14","3","","0","0","0","0","1"
"POINT (13.359276319000100 52.574408437999999)","Unfall 232782 (2022) Kat:3, Licht: 0","232782","3","6","2","05","16","4","","0","0","1","0","0"
"POINT (13.287261321000100 52.506528312999997)","Unfall 232783 (2022) Kat:3, Licht: 0","232783","3","6","2","06","13","5","","0","0","1","0","1"
"POINT (13.143893721000000 52.450599671000099)","Unfall 232784 (2022) Kat:3, Licht: 0","232784","3","6","6","05","15","6","","0","0","1","1","0"
"POINT (13.322349472999999 52.485255221000003)","Unfall 232785 (2022) Kat:2, Licht: 0","232785","2","4","6","05","16","6","","0","0","1","1","0"
"POINT (13.295356659999999 52.437347473999999)","Unfall 232786 (2022) Kat:3, Licht: 0","232786","3","1","0","05","15","5","","0","1","0","0","0"
"POINT (13.486944647000000 52.422907225000102)","Unfall 232787 (2022) Kat:3, Licht: 0","232787","3","6","3","05","11","2","","0","0","1","0","1"
"POINT (13.429443809000100 52.470907906999997)","Unfall 232788 (2022) Kat:3, Licht: 0","232788","3","2","5","05","12","4","","0","0","1","0","1"
"POINT (13.385586226999999 52.468587768000098)","Unfall 232789 (2022) Kat:3, Licht: 0","232789","3","3","5","06","10","4","","0","0","1","0","0"
"POINT (13.373485710000100 52.504295860000099)","Unfall 232790 (2022) Kat:3, Licht: 0","232790","3","6","3","05","18","2","","0","0","1","0","1"
"POINT (13.539942396000100 52.525726077000101)","Unfall 232791 (2022) Kat:3, Licht: 0","232791","3","3","5","05","19","1","","0","1","0","0","0"
"POINT (13.428783416000000 52.581507795000100)","Unfall 232792 (2022) Kat:3, Licht: 0","232792","3","7","0","05","10","5","","0","1","0","0","0"
"POINT (13.413136321000000 52.491630291000000)","Unfall 232793 (2022) Kat:3, Licht: 0","232793","3","4","6","06","14","6","","0","1","0","1","0"
"POINT (13.337018070000100 52.558857903000003)","Unfall 232794 (2022) Kat:3, Licht: 0","232794","3","6","2","05","12","4","","0","0","1","0","0"
"POINT (13.375896238000101 52.530899326000103)","Unfall 232795 (2022) Kat:3, Licht: 0","232795","3","5","1","05","15","3","","0","1","1","0","0"
"POINT (13.455364436000000 52.548130812000103)","Unfall 232796 (2022) Kat:3, Licht: 0","232796","3","2","2","05","07","5","","0","1","1","0","0"
"POINT (13.421010535000100 52.533535837000002)","Unfall 232797 (2022) Kat:3, Licht: 1","232797","3","3","5","05","19","4","","1","1","1","0","0"
"POINT (13.315476767000099 52.458668094000103)","Unfall 232798 (2022) Kat:3, Licht: 0","232798","3","6","3","05","15","2","","0","1","0","0","0"
"POINT (13.316302986000000 52.576412157999997)","Unfall 232799 (2022) Kat:3, Licht: 0","232799","3","1","0","05","06","4","","0","1","0","0","0"
"POINT (13.371810602000000 52.485057654000101)","Unfall 232800 (2022) Kat:3, Licht: 0","232800","3","2","5","05","15","3","","0","1","1","0","0"
"POINT (13.297336976000100 52.526518121000002)","Unfall 232801 (2022) Kat:2, Licht: 0","232801","2","2","5","05","17","1","","0","0","0","0","1"