WKT,Name,OBJECTID,UKATEGORIE,UTYP1,UART,UMONAT,USTUNDE,UWOCHENTAG,STRZUSTAND,ULICHTVERH,ISTRAD,ISTPKW,ISTFUSS,ISTKRAD
"POINT (13.403509266000100 52.532316369999997)","Unfall 232802 (2022) Kat:3, Licht: 0","232802","3","1","0","05","13","1","","0","1","0","0","0"
"POINT (13.392235934000000 52.554117212999998)","Unfall 232803 (2022) Kat:2, Licht: 1","232803","2","3","5","05","21","4","","1","0","1","0","0"
"POINT (13.401632684000001 52.485076288000101)","Unfall 232804 (2022) Kat:3, Licht: 1","232804","3","7","0","06","21","5","","1","1","0","0","0"
"POINT (13.333223124000000 52.532884842000001)","Unfall 232805 (2022) Kat:2, Licht: 0","232805","2","3","5","05","14","4","","0","0","1","0","0"
"POINT (13.529032897000000 52.452170815000002)","Unfall 232806 (2022) Kat:3, Licht: 0","232806","3","3","5","05","06","3","","0","0","1","0","1"
"POINT (13.432893448000099 52.517861666000002)","Unfall 232807 (2022) Kat:3, Licht: 0","232807","3","2","0","05","09","2","","0","1","1","0","0"
"POINT (13.365817506000001 52.503063981000103)","Unfall 232808 (2022) Kat:3, Licht: 0","232808","3","2","5","05","17","4","","0","1","1","0","0"
"POINT (13.402842062000000 52.493902673000001)","Unfall 232809 (2022) Kat:3, Licht: 2","232809","3","2","5","05","21","4","","2","1","1","0","0"
"POINT (13.417194278000100 52.512467134000097)","Unfall 232810 (2022) Kat:3, Licht: 0","232810","3","2","5","05","13","4","","0","1","1","0","0"
"POINT (13.194121009000099 52.545811355000097)","Unfall 232811 (2022) Kat:3, Licht: 0","232811","3","2","5","05","12","7","","0","1","1","0","0"
"POINT (13.350876427000101 52.504387517000097)","Unfall 232812 (2022) Kat:3, Licht: 1","232812","3","2","5","05","20","6","","1","1","1","0","0"
"POINT (13.404655690000000 52.415301041000099)","Unfall 232813 (2022) Kat:3, Licht: 0","232813","3","6","2","05","14","6","","0","0","1","0","0"
"POINT (13.425417198000000 52.512552970000101)","Unfall 232814 (2022) Kat:3, Licht: 2","232814","3","7","0","05","22","3","","2","0","0","0","1"
"POINT (13.508427749000100 52.463803812000002)","Unfall 232815 (2022) Kat:3, Licht: 0","232815","3","2","5","05","18","2","","0","1","1","0","0"
"POINT (13.357282704000101 52.490305896000102)","Unfall 232816 (2022) Kat:3, Licht: 0","232816","3","5","1","05","09","6","","0","1","1","0","0"
"POINT (13.200422524000000 52.549901153000100)","Unfall 232817 (2022) Kat:2, Licht: 0","232817","2","6","2","05","14","3","","0","0","1","0","1"
"POINT (13.354188053000000 52.483489301000098)","Unfall 232818 (2022) Kat:3, Licht: 0","232818","3","2","5","05","14","2","","0","1","1","0","0"
"POINT (13.290170875999999 52.497064520000002)","Unfall 232819 (2022) Kat:2, Licht: 0","232819","2","2","5","05","19","5","","0","1","1","0","0"
"POINT (13.293729771000100 52.496278046999997)","Unfall 232820 (2022) Kat:3, Licht: 0","232820","3","3","5","06","19","4","","0","1","1","0","0"
"POINT (13.449164003000000 52.552488748000002)","Unfall 232821 (2022) Kat:3, Licht: 0","232821","3","5","1","05","09","2","","0","1","1","0","0"
"POINT (13.304009663000000 52.531592166000102)","Unfall 232822 (2022) Kat:3, Licht: 0","232822","3","2","5","05","12","2","","0","1","1","0","0"
"POINT (13.555632532000100 52.433302851000100)","Unfall 232823 (2022) Kat:3, Licht: 0","232823","3","2","5","05","14","6","","0","1","1","0","0"
"POINT (13.501489131000000 52.413520781999999)","Unfall 232824 (2022) Kat:3, Licht: 0","232824","3","6","3","06","18","6","","0","0","1","0","0"
"POINT (13.487067922000101 52.502419387000003)","Unfall 232825 (2022) Kat:3, Licht: 0","232825","3","2","5","05","10","6","","0","1","1","0","0"
"POINT (13.406807430000100 52.393768920000099)","Unfall 232826 (2022) Kat:2, Licht: 0","232826","2","2","5","05","16","5","","0","0","1","0","0"
"POINT (13.434096256000000 52.560090641999999)","Unfall 232827 (2022) Kat:2, Licht: 0","232827","2","3","5","05","10","2","","0","0","0","0","1"
"POINT (13.322568486000000 52.487022620000097)","Unfall 232828 (2022) Kat:3, Licht: 0","232828","3","6","3","05","12","4","","0","0","1","0","1"
"POINT (13.446607778000001 52.417659915999998)","Unfall 232829 (2022) Kat:3, Licht: 2","232829","3","5","1","05","23","3","","2","0","1","0","0"
"POINT (13.323900582000000 52.565109562000004)","Unfall 232830 (2022) Kat:3, Licht: 0","232830","3","6","3","05","15","1","","0","0","1","0","1"
"POINT (13.343390746000100 52.479879213000103)","Unfall 232831 (2022) Kat:3, Licht: 0","232831","3","3","5","05","15","1","","0","0","1","0","0"
"POINT (13.432588560000100 52.512663633000003)","Unfall 232832 (2022) Kat:3, Licht: 0","232832","3","5","1","05","16","5","","0","1","1","0","0"
"POINT (13.338657497000000 52.517787009000102)","Unfall 232833 (2022) Kat:3, Licht: 0","232833","3","1","0","06","20","5","","0","0","0","0","0"
"POINT (13.419039156000100 52.547264530000099)","Unfall 232834 (2022) Kat:3, Licht: 0","232834","3","4","6","05","15","5","","0","1","0","1","0"
"POINT (13.260051040000100 52.546191913000001)","Unfall 232835 (2022) Kat:2, Licht: 0","232835","2","3","5","05","19","3","","0","1","1","0","0"
"POINT (13.297513830000099 52.539441369000002)","Unfall 232836 (2022) Kat:3, Licht: 0","232836","3","3","5","05","15","5","","0","1","1","0","0"
"POINT (13.411760671000000 52.504950190000002)","Unfall 232837 (2022) Kat:3, Licht: 0","232837","3","3","5","05","09","5","","0","1","1","0","0"
"POINT (13.275911953000000 52.536963421999999)","Unfall 232838 (2022) Kat:3, Licht: 0","232838","3","3","5","05","18","6","","0","1","1","0","0"
"POINT (13.385512272000000 52.555627496000099)","Unfall 232839 (2022) Kat:2, Licht: 0","232839","2","6","3","05","08","6","","0","0","1","0","0"
"POINT (13.458828772000100 52.526594869000100)","Unfall 232840 (2022) Kat:3, Licht: 0","232840","3","2","5","05","16","4","","0","1","1","0","0"
"POINT (13.472830156000001 52.505024305000099)","Unfall 232841 (2022) Kat:3, Licht: 0","232841","3","2","5","05","15","2","","0","1","1","0","0"
"POINT (13.427828286000000 52.545735745000101)","Unfall 232842 (2022) Kat:3, Licht: 0","232842","3","2","5","05","20","4","","0","0","1","0","0"
"POINT (13.595143521000100 52.544277031000000)","Unfall 232843 (2022) Kat:3, Licht: 0","232843","3","3","5","05","08","3","","0","0","1","0","0"
"POINT (13.312255195000001 52.419782593999997)","Unfall 232844 (2022) Kat:3, Licht: 0","232844","3","6","3","05","15","2","","0","0","1","0","1"
"POINT (13.478588149000100 52.477506153000000)","Unfall 232845 (2022) Kat:3, Licht: 0","232845","3","2","6","05","17","1","","0","0","1","1","0"
"POINT (13.444384856000100 52.492934891000097)","Unfall 232846 (2022) Kat:3, Licht: 0","232846","3","3","5","05","07","5","","0","1","0","0","0"
"POINT (13.374922888000100 52.519571218000102)","Unfall 232847 (2022) Kat:3, Licht: 1","232847","3","1","0","06","21","5","","1","0","0","0","0"
"POINT (13.408856326000000 52.518888937000000)","Unfall 232848 (2022) Kat:3, Licht: 0","232848","3","3","2","05","19","5","","0","0","1","0","0"
"POINT (13.403828056000100 52.493875563000103)","Unfall 232849 (2022) Kat:3, Licht: 2","232849","3","6","2","05","03","3","","2","0","1","0","0"
"POINT (13.428636895000100 52.493874378000001)","Unfall 232850 (2022) Kat:3, Licht: 0","232850","3","2","5","05","17","5","","0","1","1","0","0"
"POINT (13.604372798000000 52.539736407000099)","Unfall 232851 (2022) Kat:3, Licht: 0","232851","3","6","4","05","17","4","","0","1","0","0","0"
"POINT (13.329610684000000 52.523792514000000)","Unfall 232852 (2022) Kat:3, Licht: 0","232852","3","2","5","05","16","4","","0","1","1","0","0"
"POINT (13.537325036000000 52.418513964000098)","Unfall 232853 (2022) Kat:2, Licht: 0","232853","2","2","5","05","16","2","","0","1","1","0","0"
"POINT (13.560425118000101 52.422608818000100)","Unfall 232854 (2022) Kat:3, Licht: 0","232854","3","3","5","05","12","3","","0","1","1","0","0"
"POINT (13.327145369000000 52.564230387000102)","Unfall 232855 (2022) Kat:3, Licht: 0","232855","3","4","6","05","16","2","","0","1","0","1","0"
"POINT (13.438731051000000 52.530449994999998)","Unfall 232856 (2022) Kat:3, Licht: 0","232856","3","5","1","05","07","2","","0","1","0","0","0"
"POINT (13.280887239000000 52.506454168000097)","Unfall 232857 (2022) Kat:3, Licht: 0","232857","3","6","3","05","16","7","","0","0","1","0","1"
"POINT (13.480125613000000 52.414503312000100)","Unfall 232858 (2022) Kat:3, Licht: 0","232858","3","3","5","05","15","5","","0","0","1","0","1"
"POINT (13.182943797000100 52.507834434000102)","Unfall 232859 (2022) Kat:3, Licht: 0","232859","3","4","6","06","17","5","","0","0","1","1","0"
"POINT (13.523444241000000 52.402119476000102)","Unfall 232860 (2022) Kat:3, Licht: 0","232860","3","3","5","05","11","4","","0","0","1","0","1"
"POINT (13.401336768000000 52.417320791000101)","Unfall 232861 (2022) Kat:3, Licht: 0","232861","3","3","5","05","12","3","","0","0","1","0","0"
"POINT (13.428821320000100 52.579197749000102)","Unfall 232862 (2022) Kat:3, Licht: 0","232862","3","6","2","05","10","1","","0","0","1","0","0"
"POINT (13.399255706000099 52.494522740000001)","Unfall 232863 (2022) Kat:3, Licht: 0","232863","3","6","3","05","19","4","","0","1","1","0","0"
"POINT (13.603974599000001 52.534653123000098)","Unfall 232864 (2022) Kat:2, Licht: 0","232864","2","4","6","05","14","4","","0","0","1","1","0"
"POINT (13.382263484000100 52.489968992999998)","Unfall 232865 (2022) Kat:3, Licht: 2","232865","3","3","5","05","22","4","","2","1","0","0","0"
"POINT (13.329663083000099 52.478707597000003)","Unfall 232866 (2022) Kat:3, Licht: 0","232866","3","5","1","05","06","7","","0","0","1","0","0"
"POINT (13.376839290000101 52.467090999000000)","Unfall 232867 (2022) Kat:3, Licht: 0","232867","3","2","5","05","11","6","","0","0","1","0","0"
"POINT (13.201006410000000 52.512192119000098)","Unfall 232868 (2022) Kat:2, Licht: 0","232868","2","2","5","05","16","6","","0","0","1","0","1"
"POINT (13.368652656000100 52.535800224000099)","Unfall 232869 (2022) Kat:3, Licht: 0","232869","3","2","5","05","06","3","","0","1","1","0","0"
"POINT (13.344759123000101 52.432498774000102)","Unfall 232870 (2022) Kat:3, Licht: 0","232870","3","7","2","05","15","2","","0","1","1","0","0"
"POINT (13.562014480000100 52.436817877000102)","Unfall 232871 (2022) Kat:3, Licht: 0","232871","3","6","2","05","08","6","","0","0","1","0","0"
"POINT (13.409301600999999 52.382214349999998)","Unfall 232872 (2022) Kat:3, Licht: 0","232872","3","3","5","05","06","3","","0","0","1","0","0"
"POINT (13.333528533000001 52.430011702999998)","Unfall 232873 (2022) Kat:3, Licht: 0","232873","3","2","5","05","13","3","","0","0","1","0","0"
"POINT (13.524189552000101 52.461339185000000)","Unfall 232874 (2022) Kat:3, Licht: 0","232874","3","4","6","05","17","5","","0","1","0","1","0"
"POINT (13.259486919000000 52.570498700000002)","Unfall 232875 (2022) Kat:3, Licht: 0","232875","3","6","2","06","16","4","","0","0","1","0","0"
"POINT (13.240705223000100 52.618405680000102)","Unfall 232876 (2022) Kat:3, Licht: 0","232876","3","7","6","05","16","2","","0","0","1","1","0"
"POINT (13.424293082000100 52.485154164000100)","Unfall 232877 (2022) Kat:3, Licht: 0","232877","3","5","5","05","20","1","","0","0","1","0","1"
"POINT (13.621873410999999 52.524739684000103)","Unfall 232878 (2022) Kat:3, Licht: 0","232878","3","3","5","05","05","6","","0","0","1","0","0"
"POINT (13.404178136000001 52.485070067000002)","Unfall 232879 (2022) Kat:3, Licht: 0","232879","3","7","0","05","18","4","","0","1","0","0","0"
"POINT (13.432958182000000 52.452570079000097)","Unfall 232880 (2022) Kat:3, Licht: 0","232880","3","2","5","05","16","5","","0","0","1","0","1"
"POINT (13.402023139000100 52.530674296000001)","Unfall 232881 (2022) Kat:2, Licht: 0","232881","2","1","0","05","15","4","","0","1","0","0","0"
"POINT (13.479459756000001 52.470956874000102)","Unfall 232882 (2022) Kat:3, Licht: 0","232882","3","2","5","05","18","2","","0","1","1","0","0"
"POINT (13.257852149000000 52.410770100999997)","Unfall 232883 (2022) Kat:3, Licht: 0","232883","3","5","1","05","07","3","","0","1","1","0","0"
"POINT (13.402014683000100 52.602839867000100)","Unfall 232884 (2022) Kat:3, Licht: 0","232884","3","2","6","05","17","1","","0","0","1","1","0"
"POINT (13.373121926000101 52.542275786000097)","Unfall 232885 (2022) Kat:2, Licht: 0","232885","2","5","5","05","16","7","","0","1","1","0","0"
"POINT (13.340643991000000 52.548870690999998)","Unfall 232886 (2022) Kat:3, Licht: 0","232886","3","2","5","05","09","5","","0","1","1","0","0"
"POINT (13.442682163000001 52.465032485999998)","Unfall 232887 (2022) Kat:3, Licht: 0","232887","3","3","5","06","15","5","","0","0","1","0","0"
"POINT (13.323936717000000 52.495599009000003)","Unfall 232888 (2022) Kat:3, Licht: 0","232888","3","7","5","05","15","3","","0","1","1","0","0"
"POINT (13.386583058999999 52.549472047999998)","Unfall 232889 (2022) Kat:3, Licht: 0","232889","3","2","5","05","09","3","","0","0","1","0","0"
"POINT (13.331530844000000 52.509463371000002)","Unfall 232890 (2022) Kat:3, Licht: 0","232890","3","4","6","05","17","1","","0","0","1","1","0"
"POINT (13.417224713000101 52.490748672999999)","Unfall 232891 (2022) Kat:3, Licht: 0","232891","3","6","1","05","15","4","","0","0","1","0","0"
"POINT (13.258219508000000 52.435410631000103)","Unfall 232892 (2022) Kat:3, Licht: 2","232892","3","3","5","05","23","7","","2","1","1","0","0"
"POINT (13.307684438000001 52.429629065000000)","Unfall 232893 (2022) Kat:3, Licht: 0","232893","3","6","2","05","16","4","","0","1","1","0","0"
"POINT (13.515295492000099 52.464835645999997)","Unfall 232894 (2022) Kat:3, Licht: 0","232894","3","1","0","05","08","2","","0","1","0","0","0"
"POINT (13.209148187000000 52.565267431000102)","Unfall 232895 (2022) Kat:3, Licht: 1","232895","3","2","5","05","21","7","","1","1","1","0","0"
"POINT (13.449346574000099 52.496964984000002)","Unfall 232896 (2022) Kat:3, Licht: 0","232896","3","3","2","05","07","6","","0","1","1","0","0"
"POINT (13.317697568000000 52.491463055000096)","Unfall 232897 (2022) Kat:3, Licht: 2","232897","3","2","5","06","22","4","","2","1","1","0","0"
"POINT (13.452451350000000 52.438667547000101)","Unfall 232898 (2022) Kat:3, Licht: 0","232898","3","3","5","05","16","3","","0","0","1","0","1"
"POINT (13.436146932000000 52.448900090999999)","Unfall 232899 (2022) Kat:3, Licht: 0","232899","3","7","2","05","08","2","","0","0","1","0","0"
"POINT (13.476251758000000 52.533191438000102)","Unfall 232900 (2022) Kat:3, Licht: 2","232900","3","2","5","05","02","6","","2","0","1","0","0"
"POINT (13.206849948000100 52.555695374999999)","Unfall 232901 (2022) Kat:3, Licht: 0","232901","3","3","5","05","15","3","","0","0","1","0","0"
"POINT (13.278289406000100 52.506894182000103)","Unfall 232902 (2022) Kat:3, Licht: 0","232902","3","2","5","05","16","3","","0","0","1","0","1"
"POINT (13.258219508000000 52.435410631000103)","Unfall 232903 (2022) Kat:3, Licht: 0","232903","3","2","5","05","14","5","","0","0","1","0","0"
"POINT (13.456468263000000 52.513225554000002)","Unfall 232904 (2022) Kat:3, Licht: 2","232904","3","5","1","06","22","5","","2","1","1","0","0"
"POINT (13.430498189000000 52.571564618000103)","Unfall 232905 (2022) Kat:2, Licht: 0","232905","2","3","5","05","09","6","","0","0","1","0","1"
"POINT (13.435234256999999 52.553454099000099)","Unfall 232906 (2022) Kat:3, Licht: 0","232906","3","4","6","05","11","6","","0","0","1","1","0"
"POINT (13.564881147000101 52.493241826000002)","Unfall 232907 (2022) Kat:2, Licht: 0","232907","2","2","5","05","18","5","","0","1","1","0","0"
"POINT (13.380816991000099 52.456011539000002)","Unfall 232908 (2022) Kat:3, Licht: 0","232908","3","6","2","05","18","2","","0","1","0","0","0"
"POINT (13.407516196000101 52.554336276000100)","Unfall 232909 (2022) Kat:3, Licht: 0","232909","3","2","5","05","18","4","","0","1","1","0","0"
"POINT (13.428939958999999 52.486782155000100)","Unfall 232910 (2022) Kat:3, Licht: 0","232910","3","4","6","05","14","2","","0","0","1","1","0"
"POINT (13.402175962999999 52.528615840999997)","Unfall 232911 (2022) Kat:3, Licht: 2","232911","3","1","0","05","00","6","","2","1","0","0","0"
"POINT (13.595672252000000 52.452991805000103)","Unfall 232912 (2022) Kat:3, Licht: 2","232912","3","1","0","05","23","6","","2","1","0","0","0"
"POINT (13.291638658000100 52.581038094000100)","Unfall 232913 (2022) Kat:3, Licht: 0","232913","3","3","5","06","19","5","","0","0","1","0","0"
"POINT (13.475227900000000 52.511656885999997)","Unfall 232914 (2022) Kat:3, Licht: 2","232914","3","6","2","05","22","4","","2","0","1","0","0"
"POINT (13.384466918999999 52.556062188000098)","Unfall 232915 (2022) Kat:3, Licht: 0","232915","3","2","0","05","08","3","","0","1","1","0","0"
"POINT (13.289189987000000 52.470654865000000)","Unfall 232916 (2022) Kat:3, Licht: 0","232916","3","3","5","05","11","7","","0","1","1","0","0"
"POINT (13.454824979000000 52.452993144000096)","Unfall 232917 (2022) Kat:3, Licht: 0","232917","3","3","5","05","16","4","","0","0","1","0","0"
"POINT (13.508423138000101 52.463712280000003)","Unfall 232918 (2022) Kat:3, Licht: 1","232918","3","2","6","05","05","3","","1","0","1","1","0"
"POINT (13.398331344000001 52.507160654000103)","Unfall 232919 (2022) Kat:3, Licht: 0","232919","3","2","5","05","09","5","","0","0","1","0","0"
"POINT (13.432329708999999 52.465727287000000)","Unfall 232920 (2022) Kat:3, Licht: 0","232920","3","6","0","06","14","5","","0","0","1","0","0"
"POINT (13.392697450000099 52.542652936000103)","Unfall 232921 (2022) Kat:2, Licht: 0","232921","2","3","5","05","09","1","","0","1","1","0","0"
"POINT (13.432873319000100 52.464708700000102)","Unfall 232922 (2022) Kat:3, Licht: 0","232922","3","2","5","05","12","6","","0","0","1","0","0"
"POINT (13.310067485999999 52.493715571000102)","Unfall 232923 (2022) Kat:3, Licht: 0","232923","3","2","2","05","14","5","","0","0","1","0","0"
"POINT (13.467847530000000 52.512616664000099)","Unfall 232924 (2022) Kat:2, Licht: 0","232924","2","1","0","05","14","7","","0","1","0","0","0"
"POINT (13.419653745000099 52.506089508999999)","Unfall 232925 (2022) Kat:3, Licht: 0","232925","3","3","5","05","15","3","","0","0","1","0","0"
"POINT (13.395560540000099 52.503282775000102)","Unfall 232926 (2022) Kat:3, Licht: 0","232926","3","7","1","05","18","2","","0","0","1","0","0"
"POINT (13.425260057999999 52.480158707000001)","Unfall 232927 (2022) Kat:3, Licht: 0","232927","3","5","1","05","13","4","","0","1","1","0","0"
"POINT (13.342699436000000 52.415735095999999)","Unfall 232928 (2022) Kat:3, Licht: 0","232928","3","3","5","06","18","4","","0","1","1","0","0"
"POINT (13.383379004000099 52.548575960000100)","Unfall 232929 (2022) Kat:3, Licht: 0","232929","3","3","5","05","13","2","","0","0","1","0","0"
"POINT (13.496508716999999 52.533962709000001)","Unfall 232930 (2022) Kat:3, Licht: 0","232930","3","3","5","05","07","2","","0","1","1","0","0"
"POINT (13.182911552000100 52.534123106999999)","Unfall 232931 (2022) Kat:3, Licht: 1","232931","3","6","3","05","19","5","","1","1","0","0","0"
"POINT (13.457507567000100 52.528978031000101)","Unfall 232932 (2022) Kat:3, Licht: 0","232932","3","3","5","05","19","4","","0","1","1","0","0"
"POINT (13.529100057000100 52.433084540000003)","Unfall 232933 (2022) Kat:3, Licht: 0","232933","3","3","5","06","07","6","","0","0","1","0","0"
"POINT (13.353245309000000 52.491166392000103)","Unfall 232934 (2022) Kat:3, Licht: 2","232934","3","5","1","05","02","5","","2","0","1","0","0"
"POINT (13.553914580000001 52.431548626000101)","Unfall 232935 (2022) Kat:3, Licht: 0","232935","3","6","3","05","13","5","","0","0","1","0","1"
"POINT (13.331601224000099 52.513377640000002)","Unfall 232936 (2022) Kat:2, Licht: 0","232936","2","3","5","05","15","4","","0","1","0","0","0"
"POINT (13.431752881000000 52.524219511000098)","Unfall 232937 (2022) Kat:3, Licht: 2","232937","3","6","4","05","22","1","","2","1","1","0","0"
"POINT (13.486775718000001 52.465794758000101)","Unfall 232938 (2022) Kat:3, Licht: 0","232938","3","6","3","05","18","3","","0","0","1","0","0"
"POINT (13.460919832000100 52.529693720000097)","Unfall 232939 (2022) Kat:3, Licht: 0","232939","3","2","5","05","14","1","","0","0","1","0","0"
"POINT (13.341693143000001 52.534833467000098)","Unfall 232940 (2022) Kat:3, Licht: 0","232940","3","6","2","05","11","7","","0","0","1","0","0"
"POINT (13.392699902000100 52.564169196000101)","Unfall 232941 (2022) Kat:2, Licht: 0","232941","2","6","2","05","20","5","","0","1","1","0","0"
"POINT (13.455285178000100 52.453067670000102)","Unfall 232942 (2022) Kat:3, Licht: 0","232942","3","6","2","06","14","5","","0","0","1","0","1"
"POINT (13.281639424000000 52.512850743000101)","Unfall 232943 (2022) Kat:3, Licht: 0","232943","3","2","5","05","17","4","","0","1","1","0","0"
"POINT (13.287533580000099 52.515935636000101)","Unfall 232944 (2022) Kat:3, Licht: 0","232944","3","2","5","05","09","3","","0","1","1","0","0"
"POINT (13.513886899000100 52.551260051000000)","Unfall 232945 (2022) Kat:3, Licht: 0","232945","3","1","8","05","14","7","","0","0","0","0","1"
"POINT (13.365751709000101 52.557134652999999)","Unfall 232946 (2022) Kat:2, Licht: 2","232946","2","3","5","05","00","4","","2","0","1","0","0"
"POINT (13.301278360000000 52.512438988000000)","Unfall 232947 (2022) Kat:3, Licht: 0","232947","3","6","2","05","19","1","","0","1","1","0","0"
"POINT (13.365511045000099 52.525379158000099)","Unfall 232948 (2022) Kat:3, Licht: 0","232948","3","1","0","05","08","4","","0","1","0","0","0"
"POINT (13.503628567000000 52.460734453999997)","Unfall 232949 (2022) Kat:3, Licht: 0","232949","3","3","5","05","13","2","","0","0","1","0","0"
"POINT (13.361960911000001 52.547549118000099)","Unfall 232950 (2022) Kat:3, Licht: 0","232950","3","4","6","05","11","7","","0","1","0","1","0"
"POINT (13.290515548000000 52.474471672999996)","Unfall 232951 (2022) Kat:3, Licht: 0","232951","3","7","0","05","13","6","","0","0","1","0","0"
"POINT (13.314511268000000 52.522446462000097)","Unfall 232952 (2022) Kat:3, Licht: 0","232952","3","1","8","06","15","4","","0","1","0","0","0"
"POINT (13.346140887000001 52.494601488000100)","Unfall 232953 (2022) Kat:3, Licht: 0","232953","3","2","6","05","07","3","","0","0","1","1","0"
"POINT (13.313806009000100 52.506227732000099)","Unfall 232954 (2022) Kat:3, Licht: 0","232954","3","2","5","05","17","2","","0","1","1","0","0"
"POINT (13.462564357000099 52.508373818999999)","Unfall 232955 (2022) Kat:2, Licht: 2","232955","2","4","6","05","00","7","","2","0","0","1","0"
"POINT (13.384545209000100 52.556009443999997)","Unfall 232956 (2022) Kat:3, Licht: 0","232956","3","2","2","05","17","3","","0","1","1","0","0"
"POINT (13.408265513000099 52.572081083000100)","Unfall 232957 (2022) Kat:3, Licht: 0","232957","3","4","6","05","15","3","","0","1","0","1","0"
"POINT (13.451412979000100 52.567813591000103)","Unfall 232958 (2022) Kat:3, Licht: 0","232958","3","2","5","05","16","5","","0","1","1","0","0"
"POINT (13.301399699000100 52.506836374000002)","Unfall 232959 (2022) Kat:3, Licht: 0","232959","3","5","1","06","18","4","","0","0","1","0","0"
"POINT (13.293978065999999 52.519391894000101)","Unfall 232960 (2022) Kat:3, Licht: 0","232960","3","1","1","05","19","5","","0","0","1","0","0"
"POINT (13.485318142000001 52.477824147000000)","Unfall 232961 (2022) Kat:3, Licht: 0","232961","3","3","5","05","05","6","","0","0","1","0","1"
"POINT (13.310205636999999 52.515686373000101)","Unfall 232962 (2022) Kat:3, Licht: 0","232962","3","7","6","05","14","5","","0","0","1","1","0"
"POINT (13.407990313000001 52.581868003000103)","Unfall 232963 (2022) Kat:3, Licht: 0","232963","3","3","5","05","17","2","","0","1","1","0","0"
"POINT (13.462410341000099 52.510337046000103)","Unfall 232964 (2022) Kat:3, Licht: 0","232964","3","4","0","05","18","4","","0","0","0","1","1"
"POINT (13.214953843000000 52.560684943000098)","Unfall 232965 (2022) Kat:2, Licht: 0","232965","2","4","6","06","19","4","","0","0","1","1","0"
"POINT (13.419358064000100 52.517177059000097)","Unfall 232966 (2022) Kat:3, Licht: 0","232966","3","2","3","05","09","2","","0","0","1","0","1"
"POINT (13.431448853000100 52.602069704000002)","Unfall 232967 (2022) Kat:3, Licht: 0","232967","3","6","2","05","10","1","","0","0","1","0","0"
"POINT (13.366576047000001 52.495214863999998)","Unfall 232968 (2022) Kat:3, Licht: 0","232968","3","3","5","05","06","5","","0","1","1","0","0"
"POINT (13.325451256000100 52.590113948000102)","Unfall 232969 (2022) Kat:2, Licht: 0","232969","2","1","1","05","06","6","","0","0","1","0","0"
"POINT (13.341483143000101 52.442266495000098)","Unfall 232970 (2022) Kat:2, Licht: 1","232970","2","6","3","05","20","5","","1","1","0","0","0"
"POINT (13.409019713000101 52.512047136000000)","Unfall 232971 (2022) Kat:3, Licht: 0","232971","3","6","2","05","11","5","","0","1","1","0","0"
"POINT (13.247019626000100 52.543208045000000)","Unfall 232972 (2022) Kat:3, Licht: 0","232972","3","7","5","05","09","2","","0","0","1","0","1"
"POINT (13.456465653000100 52.523202265000101)","Unfall 232973 (2022) Kat:3, Licht: 0","232973","3","2","5","05","19","2","","0","1","1","0","0"
"POINT (13.446717616999999 52.491646334999999)","Unfall 232974 (2022) Kat:3, Licht: 0","232974","3","2","5","05","19","4","","0","1","0","0","0"
"POINT (13.260496782000100 52.516594507999997)","Unfall 232975 (2022) Kat:3, Licht: 0","232975","3","6","3","06","11","4","","0","0","1","0","1"
"POINT (13.333915448000001 52.442829759000098)","Unfall 232976 (2022) Kat:2, Licht: 2","232976","2","5","1","05","04","2","","2","0","1","0","0"
"POINT (13.324848314000100 52.588550757000100)","Unfall 232977 (2022) Kat:3, Licht: 0","232977","3","6","2","05","16","1","","0","0","1","0","1"
"POINT (13.313997555000100 52.576726205999996)","Unfall 232978 (2022) Kat:3, Licht: 0","232978","3","2","5","05","17","5","","0","1","1","0","0"
"POINT (13.377888546000101 52.541981604000100)","Unfall 232979 (2022) Kat:3, Licht: 0","232979","3","6","2","05","13","4","","0","0","1","0","0"
"POINT (13.165086333000000 52.533368385000102)","Unfall 232980 (2022) Kat:3, Licht: 0","232980","3","2","5","05","14","5","","0","0","1","0","0"
"POINT (13.323447136000000 52.560661928999998)","Unfall 232981 (2022) Kat:3, Licht: 0","232981","3","6","2","05","15","4","","0","0","1","0","0"
"POINT (13.326224410000099 52.538067750000003)","Unfall 232982 (2022) Kat:3, Licht: 0","232982","3","2","2","05","07","2","","0","0","1","0","1"
"POINT (13.350447325000101 52.486056253000100)","Unfall 232983 (2022) Kat:3, Licht: 0","232983","3","1","0","05","08","3","","0","0","0","0","1"
"POINT (13.338800065999999 52.543326708000102)","Unfall 232984 (2022) Kat:3, Licht: 0","232984","3","2","5","05","19","1","","0","1","1","0","0"
"POINT (13.197385324000001 52.531707634999997)","Unfall 232985 (2022) Kat:3, Licht: 0","232985","3","2","0","05","15","7","","0","0","1","0","0"
"POINT (13.513893979000001 52.462007198999999)","Unfall 232986 (2022) Kat:2, Licht: 0","232986","2","6","0","05","08","4","","0","1","1","0","0"
"POINT (13.341948070000100 52.467037652000002)","Unfall 232987 (2022) Kat:3, Licht: 0","232987","3","6","4","06","15","5","","0","0","1","0","0"
"POINT (13.283670769000000 52.506319810999997)","Unfall 232988 (2022) Kat:3, Licht: 0","232988","3","1","9","05","14","4","","0","0","1","0","1"