WKT,Name,OBJECTID,UKATEGORIE,UTYP1,UART,UMONAT,USTUNDE,UWOCHENTAG,STRZUSTAND,ULICHTVERH,ISTRAD,ISTPKW,ISTFUSS,ISTKRAD
"POINT (13.330123824999999 52.466456144000098)","Unfall 232989 (2022) Kat:3, Licht: 0","232989","3","3","5","05","14","2","","0","1","0","0","1"
"POINT (13.349931905000100 52.489470176000097)","Unfall 232990 (2022) Kat:3, Licht: 1","232990","3","6","2","05","19","7","","1","0","1","0","0"
"POINT (13.143693940000000 52.545100754000003)","Unfall 232991 (2022) Kat:2, Licht: 0","232991","2","3","5","05","14","4","","0","1","1","0","0"
"POINT (13.438836234000100 52.452608187000102)","Unfall 232992 (2022) Kat:2, Licht: 0","232992","2","7","0","05","18","3","","0","0","0","0","0"
"POINT (13.320344060000000 52.478806601000002)","Unfall 232993 (2022) Kat:3, Licht: 0","232993","3","2","5","05","18","1","","0","0","1","0","1"
"POINT (13.355830042999999 52.593547455000099)","Unfall 232994 (2022) Kat:2, Licht: 0","232994","2","5","1","05","16","4","","0","1","1","0","0"
"POINT (13.345051195000099 52.483312585000100)","Unfall 232995 (2022) Kat:3, Licht: 0","232995","3","5","0","05","17","2","","0","0","1","0","1"
"POINT (13.444249953000099 52.481572323000101)","Unfall 232996 (2022) Kat:3, Licht: 0","232996","3","3","5","05","13","7","","0","0","1","0","0"
"POINT (13.423335996000000 52.488671545000003)","Unfall 232997 (2022) Kat:2, Licht: 0","232997","2","6","0","05","17","6","","0","0","0","0","0"
"POINT (13.349304718999999 52.500604598999999)","Unfall 232998 (2022) Kat:3, Licht: 0","232998","3","2","5","05","20","3","","0","1","1","0","0"
"POINT (13.442393767000100 52.465749266000003)","Unfall 232999 (2022) Kat:3, Licht: 0","232999","3","6","0","05","14","2","","0","0","1","0","0"
"POINT (13.399430055000000 52.552758544000000)","Unfall 233000 (2022) Kat:3, Licht: 0","233000","3","3","5","05","05","6","","0","1","1","0","0"
"POINT (13.399024657000000 52.532408891000003)","Unfall 233001 (2022) Kat:3, Licht: 0","233001","3","6","3","05","08","3","","0","1","1","0","0"
"POINT (13.317261215000000 52.430779438000101)","Unfall 233002 (2022) Kat:3, Licht: 0","233002","3","2","0","05","16","3","","0","0","1","0","0"
"POINT (13.281833403000100 52.477504753000098)","Unfall 233003 (2022) Kat:3, Licht: 0","233003","3","6","2","05","11","5","","0","0","1","0","0"
"POINT (13.297239616000100 52.526306368000100)","Unfall 233004 (2022) Kat:3, Licht: 0","233004","3","6","2","06","17","5","","0","0","1","0","0"
"POINT (13.551487876000101 52.436799337000103)","Unfall 233005 (2022) Kat:3, Licht: 0","233005","3","3","5","05","20","6","","0","1","1","0","0"
"POINT (13.301257445999999 52.438840690000099)","Unfall 233006 (2022) Kat:3, Licht: 0","233006","3","6","0","05","07","6","","0","1","1","0","0"
"POINT (13.347309504000100 52.520257514000001)","Unfall 233007 (2022) Kat:2, Licht: 0","233007","2","4","6","05","17","5","","0","1","0","1","0"
"POINT (13.410538490000000 52.503377478000097)","Unfall 233008 (2022) Kat:3, Licht: 0","233008","3","3","5","05","10","2","","0","1","1","0","0"
"POINT (13.534338088000000 52.555232693999997)","Unfall 233009 (2022) Kat:3, Licht: 0","233009","3","5","0","05","16","4","","0","0","0","0","0"
"POINT (13.386673295000000 52.388783906000100)","Unfall 233010 (2022) Kat:3, Licht: 0","233010","3","5","1","05","15","3","","0","1","1","0","0"
"POINT (13.370475256000100 52.560127356000102)","Unfall 233011 (2022) Kat:3, Licht: 0","233011","3","6","3","05","10","2","","0","0","1","0","0"
"POINT (13.538606437000100 52.434471027000001)","Unfall 233012 (2022) Kat:3, Licht: 2","233012","3","2","5","05","21","1","","2","0","1","0","0"
"POINT (13.457320434000099 52.422734134999999)","Unfall 233013 (2022) Kat:3, Licht: 0","233013","3","2","5","05","16","5","","0","0","1","0","0"
"POINT (13.408590788000000 52.537486681000097)","Unfall 233014 (2022) Kat:3, Licht: 0","233014","3","6","3","06","12","6","","0","1","1","0","0"
"POINT (13.319743159000000 52.610418401000103)","Unfall 233015 (2022) Kat:3, Licht: 0","233015","3","3","5","05","16","4","","0","1","1","0","0"
"POINT (13.311618261000000 52.420403911000101)","Unfall 233016 (2022) Kat:2, Licht: 0","233016","2","2","5","05","10","3","","0","0","1","0","0"
"POINT (13.505424322000099 52.538485716000103)","Unfall 233017 (2022) Kat:3, Licht: 2","233017","3","3","5","05","22","5","","2","0","1","0","0"
"POINT (13.435700364000100 52.521795185000002)","Unfall 233018 (2022) Kat:2, Licht: 2","233018","2","3","5","05","21","4","","2","1","0","0","1"
"POINT (13.460797046000000 52.516494477999998)","Unfall 233019 (2022) Kat:2, Licht: 0","233019","2","4","6","05","17","2","","0","1","0","1","0"
"POINT (13.509807226000101 52.463984695000100)","Unfall 233020 (2022) Kat:3, Licht: 0","233020","3","5","1","05","17","3","","0","1","1","0","0"
"POINT (13.351213709000000 52.504301173999998)","Unfall 233021 (2022) Kat:3, Licht: 0","233021","3","6","3","05","08","2","","0","0","1","0","1"
"POINT (13.247235907000100 52.511257095000097)","Unfall 233022 (2022) Kat:3, Licht: 0","233022","3","7","5","05","17","7","","0","0","1","0","1"
"POINT (13.445555251000000 52.499346263000099)","Unfall 233023 (2022) Kat:3, Licht: 2","233023","3","7","0","05","03","7","","2","0","0","0","0"
"POINT (13.453232737000100 52.503411059000001)","Unfall 233024 (2022) Kat:3, Licht: 0","233024","3","7","6","05","20","4","","0","1","0","1","0"
"POINT (13.429974200000100 52.469833326000099)","Unfall 233025 (2022) Kat:3, Licht: 0","233025","3","6","3","06","18","5","","0","1","1","0","0"
"POINT (13.443042582000000 52.614614488000001)","Unfall 233026 (2022) Kat:3, Licht: 0","233026","3","6","2","05","18","4","","0","0","1","0","1"
"POINT (13.361287318000100 52.494217493000100)","Unfall 233027 (2022) Kat:2, Licht: 0","233027","2","2","2","05","09","3","","0","0","1","0","0"
"POINT (13.398746358000000 52.443479813000103)","Unfall 233028 (2022) Kat:3, Licht: 2","233028","3","3","5","05","00","1","","2","0","1","0","0"
"POINT (13.372453169000000 52.557683456000099)","Unfall 233029 (2022) Kat:3, Licht: 0","233029","3","4","6","05","19","4","","0","0","1","1","0"
"POINT (13.378904226000000 52.522468635000102)","Unfall 233030 (2022) Kat:3, Licht: 0","233030","3","6","3","05","15","3","","0","1","1","0","0"
"POINT (13.537797602000101 52.431795909000101)","Unfall 233031 (2022) Kat:3, Licht: 0","233031","3","6","2","05","15","5","","0","1","1","0","0"
"POINT (13.424498441000001 52.586166779999999)","Unfall 233032 (2022) Kat:3, Licht: 0","233032","3","6","4","05","05","1","","0","0","1","0","0"
"POINT (13.218542906000000 52.558522713000102)","Unfall 233033 (2022) Kat:3, Licht: 0","233033","3","2","5","05","17","7","","0","1","1","0","0"
"POINT (13.462665161000100 52.511641660000102)","Unfall 233034 (2022) Kat:3, Licht: 0","233034","3","6","2","05","10","6","","0","0","1","0","0"
"POINT (13.424428686000100 52.467735666000102)","Unfall 233035 (2022) Kat:3, Licht: 0","233035","3","5","1","05","15","3","","0","1","1","0","0"
"POINT (13.389900819999999 52.510325894000097)","Unfall 233036 (2022) Kat:3, Licht: 0","233036","3","3","5","05","14","1","","0","1","0","0","0"
"POINT (13.262992731000100 52.521199594000102)","Unfall 233037 (2022) Kat:3, Licht: 0","233037","3","7","0","05","13","7","","0","0","0","0","0"
"POINT (13.326935130000001 52.426737182000103)","Unfall 233038 (2022) Kat:3, Licht: 2","233038","3","6","4","05","22","4","","2","0","1","0","0"
"POINT (13.453981951000101 52.469205387999999)","Unfall 233039 (2022) Kat:3, Licht: 0","233039","3","3","5","06","08","5","","0","1","0","0","0"
"POINT (13.558157844000000 52.487588535000000)","Unfall 233040 (2022) Kat:3, Licht: 0","233040","3","3","5","05","16","4","","0","0","1","0","1"
"POINT (13.166642632000000 52.551010804999997)","Unfall 233041 (2022) Kat:2, Licht: 0","233041","2","1","0","05","20","3","","0","0","0","0","1"
"POINT (13.280435967000100 52.518334665000097)","Unfall 233042 (2022) Kat:2, Licht: 0","233042","2","2","5","05","14","1","","0","1","1","0","0"
"POINT (13.354152409999999 52.415797339000100)","Unfall 233043 (2022) Kat:3, Licht: 0","233043","3","5","1","05","15","4","","0","1","1","0","0"
"POINT (13.313553498999999 52.585709888000103)","Unfall 233044 (2022) Kat:2, Licht: 0","233044","2","6","2","05","15","4","","0","0","1","0","0"
"POINT (13.319524048000099 52.452871803999997)","Unfall 233045 (2022) Kat:3, Licht: 0","233045","3","6","2","05","18","5","","0","0","1","0","0"
"POINT (13.414732340000100 52.545203602000100)","Unfall 233046 (2022) Kat:3, Licht: 2","233046","3","1","0","05","00","7","","2","0","0","0","1"
"POINT (13.445476599000100 52.501620416999998)","Unfall 233047 (2022) Kat:2, Licht: 2","233047","2","1","0","05","02","2","","2","0","0","0","0"
"POINT (13.490911338000000 52.621782930000101)","Unfall 233048 (2022) Kat:3, Licht: 0","233048","3","4","6","05","13","7","","0","0","0","1","0"
"POINT (13.350344003000000 52.503627227000003)","Unfall 233049 (2022) Kat:3, Licht: 0","233049","3","6","3","05","18","6","","0","1","0","0","0"
"POINT (13.400069491000099 52.528836916000003)","Unfall 233050 (2022) Kat:3, Licht: 0","233050","3","3","5","05","19","3","","0","1","0","0","0"
"POINT (13.307919313000101 52.488575007000101)","Unfall 233051 (2022) Kat:3, Licht: 2","233051","3","2","2","05","21","2","","2","0","1","0","0"
"POINT (13.507763721000099 52.544978156000099)","Unfall 233052 (2022) Kat:3, Licht: 0","233052","3","6","2","05","15","7","","0","0","1","0","0"
"POINT (13.235895288000100 52.621101207999999)","Unfall 233053 (2022) Kat:3, Licht: 0","233053","3","2","5","05","13","3","","0","1","1","0","0"
"POINT (13.314270419000000 52.465118055000097)","Unfall 233054 (2022) Kat:3, Licht: 0","233054","3","6","2","05","09","3","","0","0","1","0","0"
"POINT (13.427787275000099 52.507644855000102)","Unfall 233055 (2022) Kat:3, Licht: 0","233055","3","3","5","05","09","5","","0","1","1","0","0"
"POINT (13.352169253000101 52.507412027000001)","Unfall 233056 (2022) Kat:2, Licht: 0","233056","2","5","1","06","11","4","","0","1","1","0","0"
"POINT (13.267211612000001 52.520348770000098)","Unfall 233057 (2022) Kat:2, Licht: 0","233057","2","2","5","05","20","3","","0","0","1","0","1"
"POINT (13.434278473000100 52.442729202000102)","Unfall 233058 (2022) Kat:3, Licht: 0","233058","3","2","5","05","12","2","","0","1","1","0","0"
"POINT (13.387946060000001 52.492990509000002)","Unfall 233059 (2022) Kat:3, Licht: 0","233059","3","2","5","05","12","7","","0","1","0","0","0"
"POINT (13.433484219000000 52.444026702000002)","Unfall 233060 (2022) Kat:3, Licht: 1","233060","3","2","2","05","20","6","","1","0","1","0","0"
"POINT (13.202307063999999 52.538038559000000)","Unfall 233061 (2022) Kat:3, Licht: 0","233061","3","7","6","05","10","5","","0","0","1","1","0"
"POINT (13.381984550000000 52.552604006000102)","Unfall 233062 (2022) Kat:3, Licht: 0","233062","3","6","3","05","16","2","","0","0","1","0","1"
"POINT (13.320530164999999 52.456838212999997)","Unfall 233063 (2022) Kat:3, Licht: 0","233063","3","7","0","05","10","4","","0","0","0","0","1"
"POINT (13.339417915000100 52.503122679000100)","Unfall 233064 (2022) Kat:2, Licht: 2","233064","2","2","5","05","00","3","","2","0","1","0","0"
"POINT (13.442535802000100 52.501033221000100)","Unfall 233065 (2022) Kat:3, Licht: 0","233065","3","1","0","05","08","2","","0","0","0","0","1"
"POINT (13.553298012000001 52.469607097999997)","Unfall 233066 (2022) Kat:3, Licht: 0","233066","3","3","5","05","09","2","","0","0","1","0","0"
"POINT (13.567531940000000 52.444888302999999)","Unfall 233067 (2022) Kat:3, Licht: 0","233067","3","6","2","05","15","5","","0","0","1","0","0"
"POINT (13.565609075000101 52.570443030000000)","Unfall 233068 (2022) Kat:3, Licht: 0","233068","3","2","5","06","16","6","","0","0","1","0","1"
"POINT (13.435367424000001 52.521661817000101)","Unfall 233069 (2022) Kat:3, Licht: 0","233069","3","3","5","05","15","5","","0","0","1","0","0"
"POINT (13.426388063999999 52.477018995999998)","Unfall 233070 (2022) Kat:3, Licht: 0","233070","3","6","2","05","18","3","","0","0","0","0","1"
"POINT (13.498190964000100 52.433924140000002)","Unfall 233071 (2022) Kat:3, Licht: 0","233071","3","2","0","05","16","5","","0","0","1","0","1"
"POINT (13.476195846000101 52.512696000000098)","Unfall 233072 (2022) Kat:3, Licht: 0","233072","3","1","0","05","05","5","","0","0","0","0","1"
"POINT (13.302175546000100 52.508222218000100)","Unfall 233073 (2022) Kat:3, Licht: 0","233073","3","6","3","05","09","2","","0","0","1","0","1"
"POINT (13.685810496000000 52.442822562000103)","Unfall 233074 (2022) Kat:3, Licht: 0","233074","3","3","0","05","07","3","","0","1","1","0","0"
"POINT (13.410172337000100 52.502913401000100)","Unfall 233075 (2022) Kat:3, Licht: 0","233075","3","6","2","05","14","2","","0","0","1","0","0"
"POINT (13.302307378000000 52.548005230000101)","Unfall 233076 (2022) Kat:3, Licht: 0","233076","3","2","5","05","11","6","","0","0","1","0","0"
"POINT (13.207386848000100 52.544711585000101)","Unfall 233077 (2022) Kat:3, Licht: 0","233077","3","2","0","05","15","6","","0","0","0","0","1"
"POINT (13.384417845000000 52.449249234000000)","Unfall 233078 (2022) Kat:3, Licht: 0","233078","3","3","5","05","19","4","","0","0","1","0","0"
"POINT (13.430153751000001 52.469866213000003)","Unfall 233079 (2022) Kat:3, Licht: 0","233079","3","3","5","06","16","4","","0","1","1","0","0"
"POINT (13.321672169000101 52.462514585000100)","Unfall 233080 (2022) Kat:3, Licht: 0","233080","3","6","2","05","18","3","","0","0","1","0","0"
"POINT (13.326938715000001 52.496074378000102)","Unfall 233081 (2022) Kat:3, Licht: 0","233081","3","6","1","05","13","3","","0","1","1","0","0"
"POINT (13.228598719000001 52.537854737000004)","Unfall 233082 (2022) Kat:3, Licht: 0","233082","3","6","2","05","16","1","","0","0","1","0","0"
"POINT (13.307199385000001 52.498849473000099)","Unfall 233083 (2022) Kat:2, Licht: 0","233083","2","7","5","05","11","4","","0","0","1","0","1"
"POINT (13.434252346999999 52.463186173000103)","Unfall 233084 (2022) Kat:3, Licht: 0","233084","3","3","5","05","16","3","","0","1","0","0","1"
"POINT (13.396705012000000 52.509872616000102)","Unfall 233085 (2022) Kat:3, Licht: 0","233085","3","4","6","05","16","5","","0","0","1","1","0"
"POINT (13.394387411000000 52.507010695000098)","Unfall 233086 (2022) Kat:3, Licht: 0","233086","3","3","5","05","12","1","","0","0","1","0","1"
"POINT (13.380693096000099 52.441148544999997)","Unfall 233087 (2022) Kat:3, Licht: 0","233087","3","6","0","05","14","5","","0","0","0","0","1"
"POINT (13.294175278000100 52.534339437000000)","Unfall 233088 (2022) Kat:3, Licht: 0","233088","3","2","5","05","17","5","","0","0","1","0","0"
"POINT (13.240812961000101 52.538664232000002)","Unfall 233089 (2022) Kat:2, Licht: 0","233089","2","6","2","05","18","3","","0","0","1","0","1"
"POINT (13.452127004999999 52.452657654000099)","Unfall 233090 (2022) Kat:3, Licht: 0","233090","3","2","4","05","18","2","","0","1","1","0","0"
"POINT (13.337040836000000 52.500802124000103)","Unfall 233091 (2022) Kat:3, Licht: 1","233091","3","3","5","05","19","7","","1","0","1","0","0"
"POINT (13.361656380000101 52.549527279000102)","Unfall 233092 (2022) Kat:3, Licht: 0","233092","3","7","0","05","18","3","","0","0","0","0","1"
"POINT (13.509563550999999 52.496239655000103)","Unfall 233093 (2022) Kat:3, Licht: 0","233093","3","2","5","05","16","2","","0","1","1","0","0"
"POINT (13.343146422000100 52.565001062000100)","Unfall 233094 (2022) Kat:3, Licht: 0","233094","3","1","0","05","19","4","","0","1","0","0","0"
"POINT (13.336297353000100 52.430874621999997)","Unfall 233095 (2022) Kat:3, Licht: 0","233095","3","6","2","06","08","4","","0","0","1","0","0"
"POINT (13.231951627999999 52.544232663000102)","Unfall 233096 (2022) Kat:3, Licht: 0","233096","3","7","0","05","16","2","","0","0","1","0","0"
"POINT (13.394972569000100 52.496110231000003)","Unfall 233097 (2022) Kat:3, Licht: 0","233097","3","2","5","05","16","1","","0","0","1","0","0"
"POINT (13.377837265000000 52.556546961000002)","Unfall 233098 (2022) Kat:3, Licht: 0","233098","3","4","6","05","15","6","","0","1","0","1","0"
"POINT (13.205321535000101 52.541794613000000)","Unfall 233099 (2022) Kat:3, Licht: 1","233099","3","1","0","06","21","6","","1","1","0","0","0"
"POINT (13.260601467000100 52.489527254999999)","Unfall 233100 (2022) Kat:3, Licht: 0","233100","3","4","6","05","17","5","","0","0","0","1","1"
"POINT (13.343596910000000 52.499051006999998)","Unfall 233101 (2022) Kat:3, Licht: 0","233101","3","5","1","05","13","5","","0","1","1","0","0"
"POINT (13.624799557000101 52.451565774000102)","Unfall 233102 (2022) Kat:3, Licht: 0","233102","3","2","5","05","15","5","","0","1","1","0","0"
"POINT (13.574887914000000 52.542779535000101)","Unfall 233103 (2022) Kat:3, Licht: 0","233103","3","3","5","05","18","2","","0","0","1","0","0"
"POINT (13.483001601000099 52.425619890000100)","Unfall 233104 (2022) Kat:3, Licht: 0","233104","3","6","2","05","15","3","","0","0","1","0","0"
"POINT (13.482314411000100 52.572182403000099)","Unfall 233105 (2022) Kat:3, Licht: 1","233105","3","1","0","05","04","1","","1","1","0","0","0"
"POINT (13.498687052999999 52.499382396000001)","Unfall 233106 (2022) Kat:3, Licht: 0","233106","3","2","0","05","12","1","","0","1","1","0","0"
"POINT (13.527792497000100 52.414447252000102)","Unfall 233107 (2022) Kat:3, Licht: 0","233107","3","7","1","05","15","3","","0","0","1","0","0"
"POINT (13.208541990000100 52.561576084000102)","Unfall 233108 (2022) Kat:2, Licht: 0","233108","2","2","5","05","09","2","","0","0","1","0","1"
"POINT (13.340542831000100 52.499899975000098)","Unfall 233109 (2022) Kat:3, Licht: 0","233109","3","1","0","05","18","6","","0","0","1","0","1"
"POINT (13.198534504000101 52.542884069000102)","Unfall 233110 (2022) Kat:2, Licht: 0","233110","2","2","5","05","19","3","","0","0","1","0","0"
"POINT (13.431299206000100 52.523323857999998)","Unfall 233111 (2022) Kat:3, Licht: 0","233111","3","6","0","05","09","3","","0","0","0","0","1"
"POINT (13.308400869000000 52.547727604999999)","Unfall 233112 (2022) Kat:3, Licht: 0","233112","3","1","0","05","06","5","","0","0","0","0","1"
"POINT (13.406181716000001 52.554363759000097)","Unfall 233113 (2022) Kat:3, Licht: 0","233113","3","3","5","06","08","4","","0","1","0","0","0"
"POINT (13.294223837000100 52.505157081000000)","Unfall 233114 (2022) Kat:3, Licht: 2","233114","3","4","6","05","20","2","","2","1","0","1","0"
"POINT (13.378380165000101 52.424650247999999)","Unfall 233115 (2022) Kat:3, Licht: 1","233115","3","7","5","05","05","2","","1","0","0","0","1"
"POINT (13.315862577000100 52.440543460000100)","Unfall 233116 (2022) Kat:3, Licht: 0","233116","3","3","5","05","16","6","","0","1","1","0","0"
"POINT (13.379000189000100 52.448584635000003)","Unfall 233117 (2022) Kat:2, Licht: 2","233117","2","4","6","06","22","5","","2","0","1","1","1"
"POINT (13.385651207000000 52.550125252999997)","Unfall 233118 (2022) Kat:3, Licht: 0","233118","3","6","2","05","09","6","","0","0","1","0","0"
"POINT (13.491742657000000 52.543711623000000)","Unfall 233119 (2022) Kat:2, Licht: 0","233119","2","6","3","05","15","5","","0","1","0","0","0"
"POINT (13.500270065000100 52.632704825000097)","Unfall 233120 (2022) Kat:3, Licht: 0","233120","3","6","3","05","16","2","","0","0","1","0","0"
"POINT (13.322334661000101 52.608860350000000)","Unfall 233121 (2022) Kat:3, Licht: 0","233121","3","2","5","05","16","4","","0","1","1","0","0"
"POINT (13.593698558000000 52.447535312000099)","Unfall 233122 (2022) Kat:3, Licht: 0","233122","3","2","5","05","16","4","","0","1","0","0","0"
"POINT (13.240735189000100 52.436677379999999)","Unfall 233123 (2022) Kat:3, Licht: 0","233123","3","3","5","05","15","3","","0","0","1","0","0"
"POINT (13.472240242000099 52.465368468000101)","Unfall 233124 (2022) Kat:3, Licht: 0","233124","3","6","2","05","09","2","","0","0","1","0","0"
"POINT (13.576267007000100 52.552019723999997)","Unfall 233125 (2022) Kat:2, Licht: 0","233125","2","4","6","05","19","7","","0","0","1","1","0"
"POINT (13.455078900000000 52.521259488000098)","Unfall 233126 (2022) Kat:3, Licht: 0","233126","3","4","2","05","17","5","","0","1","1","1","0"
"POINT (13.337726214000000 52.519767585000103)","Unfall 233127 (2022) Kat:2, Licht: 0","233127","2","4","6","06","19","5","","0","1","0","1","0"
"POINT (13.433886277999999 52.553242043000097)","Unfall 233128 (2022) Kat:3, Licht: 0","233128","3","3","5","05","15","5","","0","1","0","0","0"
"POINT (13.319568007000001 52.528357744000097)","Unfall 233129 (2022) Kat:2, Licht: 0","233129","2","3","5","05","09","3","","0","0","1","0","1"
"POINT (13.478629857000000 52.477528044000103)","Unfall 233130 (2022) Kat:3, Licht: 0","233130","3","2","5","05","18","5","","0","1","1","0","0"
"POINT (13.426337983000099 52.515958022000099)","Unfall 233131 (2022) Kat:3, Licht: 0","233131","3","3","5","05","08","5","","0","1","1","0","0"
"POINT (13.514458684999999 52.539637128000003)","Unfall 233132 (2022) Kat:3, Licht: 0","233132","3","3","5","05","13","2","","0","0","1","0","1"
"POINT (13.573536034000000 52.449922674000000)","Unfall 233133 (2022) Kat:2, Licht: 0","233133","2","1","0","05","12","4","","0","1","0","0","0"
"POINT (13.393021707000100 52.584074243000003)","Unfall 233134 (2022) Kat:3, Licht: 0","233134","3","3","5","05","14","2","","0","1","1","0","0"
"POINT (13.446617252000101 52.502827857000099)","Unfall 233135 (2022) Kat:3, Licht: 2","233135","3","2","5","05","22","7","","2","1","1","0","0"
"POINT (13.413579737000100 52.525042878000100)","Unfall 233136 (2022) Kat:3, Licht: 0","233136","3","3","5","05","08","6","","0","1","0","0","0"
"POINT (13.476122173000000 52.532885739999998)","Unfall 233137 (2022) Kat:3, Licht: 0","233137","3","2","5","06","05","4","","0","1","1","0","0"
"POINT (13.331353328000001 52.442124845000102)","Unfall 233138 (2022) Kat:3, Licht: 0","233138","3","3","5","05","21","4","","0","1","1","0","0"
"POINT (13.451810740000001 52.480906357000002)","Unfall 233139 (2022) Kat:3, Licht: 0","233139","3","2","0","05","10","3","","0","1","0","0","1"
"POINT (13.358848264000100 52.534335133000098)","Unfall 233140 (2022) Kat:3, Licht: 0","233140","3","1","8","05","18","1","","0","0","0","0","0"
"POINT (13.430205751000100 52.510353092000102)","Unfall 233141 (2022) Kat:3, Licht: 0","233141","3","1","0","05","13","4","","0","1","0","0","0"
"POINT (13.318900995000000 52.492001877000099)","Unfall 233142 (2022) Kat:3, Licht: 0","233142","3","2","5","05","17","3","","0","1","1","0","0"
"POINT (13.307945129000100 52.488521953000003)","Unfall 233143 (2022) Kat:3, Licht: 0","233143","3","2","5","05","12","5","","0","0","1","0","0"
"POINT (13.343423817000000 52.531763794000000)","Unfall 233144 (2022) Kat:3, Licht: 0","233144","3","2","5","06","11","4","","0","1","1","0","0"
"POINT (13.403504600000099 52.525398653000103)","Unfall 233145 (2022) Kat:3, Licht: 2","233145","3","3","5","05","01","7","","2","1","0","0","0"
"POINT (13.332156593000001 52.506196540000097)","Unfall 233146 (2022) Kat:3, Licht: 0","233146","3","3","0","05","16","6","","0","0","0","0","0"
"POINT (13.374522659000000 52.537269950999999)","Unfall 233147 (2022) Kat:3, Licht: 0","233147","3","2","2","05","14","5","","0","1","1","0","0"
"POINT (13.355951903000101 52.486098405000099)","Unfall 233148 (2022) Kat:3, Licht: 0","233148","3","2","5","05","14","2","","0","1","1","0","0"
"POINT (13.517986745000000 52.535531353000103)","Unfall 233149 (2022) Kat:3, Licht: 0","233149","3","6","2","05","19","4","","0","0","1","0","1"
"POINT (13.396452703000000 52.560029141000001)","Unfall 233150 (2022) Kat:3, Licht: 0","233150","3","4","6","06","18","4","","0","0","0","1","1"
"POINT (13.390114324000001 52.495871760999997)","Unfall 233151 (2022) Kat:3, Licht: 2","233151","3","4","6","05","23","2","","2","0","1","1","0"
"POINT (13.438467094000000 52.452590417000103)","Unfall 233152 (2022) Kat:3, Licht: 2","233152","3","2","5","05","03","1","","2","0","1","0","0"
"POINT (13.444552557000099 52.539234055000101)","Unfall 233153 (2022) Kat:3, Licht: 0","233153","3","5","1","05","16","5","","0","1","1","0","0"
"POINT (13.265587863000100 52.495199448999998)","Unfall 233154 (2022) Kat:3, Licht: 1","233154","3","3","5","06","20","6","","1","1","1","0","0"
"POINT (13.416367192999999 52.397398766000002)","Unfall 233155 (2022) Kat:2, Licht: 2","233155","2","3","5","05","21","5","","2","0","1","0","0"
"POINT (13.610198874000000 52.494413988000098)","Unfall 233156 (2022) Kat:2, Licht: 0","233156","2","1","0","05","08","5","","0","1","0","0","0"
"POINT (13.413671328000101 52.520143091000101)","Unfall 233157 (2022) Kat:3, Licht: 0","233157","3","3","5","05","07","5","","0","1","0","0","0"
"POINT (13.215897271000101 52.527030948000103)","Unfall 233158 (2022) Kat:3, Licht: 0","233158","3","2","5","05","11","2","","0","0","1","0","0"
"POINT (13.277397676000000 52.427512825000100)","Unfall 233159 (2022) Kat:3, Licht: 0","233159","3","6","4","05","18","3","","0","0","1","0","0"
"POINT (13.260213533000099 52.537044018000103)","Unfall 233160 (2022) Kat:3, Licht: 0","233160","3","5","1","05","07","1","","0","0","1","0","1"
"POINT (13.199750578000000 52.534735791000102)","Unfall 233161 (2022) Kat:3, Licht: 0","233161","3","2","5","05","14","7","","0","1","1","0","0"
"POINT (13.395501783000000 52.496860204000001)","Unfall 233162 (2022) Kat:3, Licht: 0","233162","3","3","5","05","09","4","","0","0","0","0","0"
"POINT (13.326232474999999 52.538049860999998)","Unfall 233163 (2022) Kat:3, Licht: 0","233163","3","2","5","06","16","5","","0","0","1","0","1"
"POINT (13.326242617000000 52.538023336000002)","Unfall 233164 (2022) Kat:2, Licht: 0","233164","2","2","5","05","16","4","","0","0","1","0","1"
"POINT (13.348817242000100 52.459228691000099)","Unfall 233165 (2022) Kat:3, Licht: 0","233165","3","2","0","05","15","2","","0","1","1","0","0"
"POINT (13.501438366000100 52.483122301999998)","Unfall 233166 (2022) Kat:3, Licht: 0","233166","3","6","2","05","06","7","","0","0","1","0","1"
"POINT (13.325001105000100 52.500739439000000)","Unfall 233167 (2022) Kat:3, Licht: 0","233167","3","2","6","05","17","4","","0","0","1","1","0"
"POINT (13.344050311000000 52.448085388000003)","Unfall 233168 (2022) Kat:3, Licht: 0","233168","3","5","1","05","06","1","","0","0","1","0","0"
"POINT (13.426532771000000 52.542885876000099)","Unfall 233169 (2022) Kat:3, Licht: 0","233169","3","1","0","05","15","4","","0","0","0","0","1"
"POINT (13.378226313000001 52.412933723000002)","Unfall 233170 (2022) Kat:2, Licht: 0","233170","2","6","2","05","15","2","","0","0","1","0","0"
"POINT (13.415325776000000 52.520653100000096)","Unfall 233171 (2022) Kat:3, Licht: 0","233171","3","2","5","05","16","7","","0","1","1","0","0"
"POINT (13.371452795000000 52.409302744999998)","Unfall 233172 (2022) Kat:3, Licht: 0","233172","3","6","2","05","10","6","","0","0","1","0","0"
"POINT (13.212947886000100 52.572361708000102)","Unfall 233173 (2022) Kat:2, Licht: 2","233173","2","7","0","05","23","3","","2","0","0","0","1"
"POINT (13.339958083000100 52.464639008000098)","Unfall 233174 (2022) Kat:3, Licht: 0","233174","3","2","5","05","18","2","","0","1","1","0","0"
"POINT (13.356375464000100 52.535890075000097)","Unfall 233175 (2022) Kat:3, Licht: 0","233175","3","2","5","05","18","7","","0","1","1","0","0"