WKT,Name,OBJECTID,UKATEGORIE,UTYP1,UART,UMONAT,USTUNDE,UWOCHENTAG,STRZUSTAND,ULICHTVERH,ISTRAD,ISTPKW,ISTFUSS,ISTKRAD
"POINT (13.541597182000000 52.429808575000003)","Unfall 233176 (2022) Kat:3, Licht: 0","233176","3","5","1","05","18","3","","0","1","1","0","0"
"POINT (13.432927941000100 52.464619616000000)","Unfall 233177 (2022) Kat:3, Licht: 0","233177","3","2","5","05","13","3","","0","1","1","0","0"
"POINT (13.332570498000100 52.521693057999997)","Unfall 233178 (2022) Kat:3, Licht: 0","233178","3","4","6","05","16","4","","0","1","0","1","0"
"POINT (13.254766601000000 52.442674784000097)","Unfall 233179 (2022) Kat:3, Licht: 0","233179","3","2","2","05","17","5","","0","0","1","0","0"
"POINT (13.287697785000001 52.496081367999999)","Unfall 233180 (2022) Kat:2, Licht: 0","233180","2","2","5","06","08","5","","0","1","0","0","0"
"POINT (13.491877928000100 52.558650337000103)","Unfall 233181 (2022) Kat:3, Licht: 0","233181","3","6","3","05","17","3","","0","1","1","0","0"
"POINT (13.460603426000000 52.516108143000103)","Unfall 233182 (2022) Kat:3, Licht: 0","233182","3","7","5","05","07","3","","0","1","1","0","0"
"POINT (13.324243458000099 52.487437193000098)","Unfall 233183 (2022) Kat:3, Licht: 0","233183","3","1","9","05","16","1","","0","0","0","0","1"
"POINT (13.556263124000100 52.469494708000099)","Unfall 233184 (2022) Kat:2, Licht: 0","233184","2","7","0","05","14","4","","0","1","0","0","0"
"POINT (13.214113844000099 52.560886431000000)","Unfall 233185 (2022) Kat:3, Licht: 0","233185","3","2","5","05","11","4","","0","1","1","0","0"
"POINT (13.400112994000001 52.531099107000003)","Unfall 233186 (2022) Kat:3, Licht: 2","233186","3","1","0","05","02","7","","2","1","0","0","0"
"POINT (13.290364445000000 52.474020699999997)","Unfall 233187 (2022) Kat:3, Licht: 0","233187","3","7","9","05","13","3","","0","0","1","0","0"
"POINT (13.383202231000000 52.572473103000000)","Unfall 233188 (2022) Kat:3, Licht: 0","233188","3","3","0","05","07","2","","0","1","0","0","1"
"POINT (13.392617991000099 52.582186145999998)","Unfall 233189 (2022) Kat:3, Licht: 0","233189","3","3","5","05","17","7","","0","0","1","0","0"
"POINT (13.385970359000099 52.490074200999999)","Unfall 233190 (2022) Kat:3, Licht: 0","233190","3","7","5","05","18","6","","0","0","1","0","1"
"POINT (13.442583357000000 52.480563646000100)","Unfall 233191 (2022) Kat:3, Licht: 0","233191","3","6","2","06","12","5","","0","0","1","0","0"
"POINT (13.602876782000100 52.538555045000102)","Unfall 233192 (2022) Kat:3, Licht: 0","233192","3","6","2","05","17","3","","0","0","1","0","1"
"POINT (13.306618026000001 52.446715348000097)","Unfall 233193 (2022) Kat:3, Licht: 0","233193","3","2","2","05","17","2","","0","0","1","0","0"
"POINT (13.429701316999999 52.551174041000102)","Unfall 233194 (2022) Kat:3, Licht: 0","233194","3","6","2","05","11","7","","0","0","1","0","0"
"POINT (13.429077712000000 52.556443199000100)","Unfall 233195 (2022) Kat:3, Licht: 0","233195","3","1","0","05","14","3","","0","1","0","0","0"
"POINT (13.307692107999999 52.547757099000101)","Unfall 233196 (2022) Kat:3, Licht: 0","233196","3","6","2","05","17","3","","0","0","1","0","0"
"POINT (13.375237092000100 52.556751932000097)","Unfall 233197 (2022) Kat:3, Licht: 0","233197","3","6","2","05","11","5","","0","0","1","0","0"
"POINT (13.465675534000100 52.512906489000002)","Unfall 233198 (2022) Kat:2, Licht: 0","233198","2","3","5","05","08","4","","0","1","1","0","0"
"POINT (13.399474845000000 52.498230869000103)","Unfall 233199 (2022) Kat:3, Licht: 0","233199","3","3","5","06","20","4","","0","0","1","0","1"
"POINT (13.407965380000100 52.452466465000001)","Unfall 233200 (2022) Kat:3, Licht: 0","233200","3","2","5","05","14","6","","0","1","1","0","0"
"POINT (13.421273118000000 52.509741509000001)","Unfall 233201 (2022) Kat:3, Licht: 0","233201","3","2","6","05","11","6","","0","0","1","1","0"
"POINT (13.586532564000001 52.542373464000001)","Unfall 233202 (2022) Kat:3, Licht: 0","233202","3","7","6","05","16","5","","0","0","0","1","0"
"POINT (13.313549596000000 52.568611429000001)","Unfall 233203 (2022) Kat:3, Licht: 0","233203","3","5","1","05","16","2","","0","0","1","0","0"
"POINT (13.270150646999999 52.548589707000097)","Unfall 233204 (2022) Kat:3, Licht: 0","233204","3","5","4","05","06","4","","0","0","1","0","0"
"POINT (13.328832307000001 52.565976010999997)","Unfall 233205 (2022) Kat:3, Licht: 0","233205","3","2","5","06","14","4","","0","1","1","0","0"
"POINT (13.465360583000100 52.567143371999997)","Unfall 233206 (2022) Kat:3, Licht: 0","233206","3","3","5","05","14","2","","0","0","1","0","1"
"POINT (13.285211388000100 52.494029879999999)","Unfall 233207 (2022) Kat:3, Licht: 1","233207","3","1","8","05","20","1","","1","1","1","0","0"
"POINT (13.377627190000100 52.481277200000100)","Unfall 233208 (2022) Kat:2, Licht: 0","233208","2","3","0","05","17","5","","0","0","1","0","1"
"POINT (13.179766600000100 52.512155049000100)","Unfall 233209 (2022) Kat:3, Licht: 0","233209","3","3","0","05","16","4","","0","1","1","0","0"
"POINT (13.416211888000101 52.501514872000001)","Unfall 233210 (2022) Kat:3, Licht: 0","233210","3","7","6","05","19","5","","0","0","0","1","0"
"POINT (13.624903538000099 52.452427296000103)","Unfall 233211 (2022) Kat:3, Licht: 0","233211","3","2","0","05","08","5","","0","0","0","0","1"
"POINT (13.323545267000000 52.505690865000098)","Unfall 233212 (2022) Kat:2, Licht: 0","233212","2","5","1","05","20","1","","0","1","1","0","0"
"POINT (13.423615452000000 52.392569428999998)","Unfall 233213 (2022) Kat:3, Licht: 0","233213","3","3","5","05","12","3","","0","1","1","0","0"
"POINT (13.432278230000099 52.443698455000103)","Unfall 233214 (2022) Kat:3, Licht: 0","233214","3","3","5","05","09","3","","0","0","1","0","0"
"POINT (13.382237891000001 52.504496619000101)","Unfall 233215 (2022) Kat:3, Licht: 0","233215","3","6","3","05","17","1","","0","1","0","0","0"
"POINT (13.363106621000000 52.548739636999997)","Unfall 233216 (2022) Kat:3, Licht: 0","233216","3","3","5","05","09","7","","0","1","1","0","0"
"POINT (13.356777119000100 52.523752379000001)","Unfall 233217 (2022) Kat:2, Licht: 0","233217","2","2","5","05","12","4","","0","1","0","0","0"
"POINT (13.397249311000101 52.579961584000003)","Unfall 233218 (2022) Kat:3, Licht: 0","233218","3","3","5","06","14","5","","0","1","1","0","0"
"POINT (13.554206722000099 52.512372558000003)","Unfall 233219 (2022) Kat:3, Licht: 0","233219","3","2","2","05","06","4","","0","1","1","0","0"
"POINT (13.448967563000100 52.511311579000100)","Unfall 233220 (2022) Kat:2, Licht: 0","233220","2","7","0","05","15","3","","0","1","0","0","0"
"POINT (13.331082411000100 52.495366717000103)","Unfall 233221 (2022) Kat:3, Licht: 0","233221","3","3","5","05","11","1","","0","0","1","0","0"
"POINT (13.598581942000100 52.441612278000001)","Unfall 233222 (2022) Kat:3, Licht: 0","233222","3","2","2","05","06","4","","0","1","1","0","0"
"POINT (13.325358605000099 52.461802640000002)","Unfall 233223 (2022) Kat:3, Licht: 0","233223","3","4","2","05","15","3","","0","0","1","1","0"
"POINT (13.551429219999999 52.435253973999998)","Unfall 233224 (2022) Kat:3, Licht: 0","233224","3","3","5","05","12","7","","0","0","1","0","0"
"POINT (13.385796792000100 52.528365718000003)","Unfall 233225 (2022) Kat:3, Licht: 0","233225","3","6","0","05","07","2","","0","1","0","0","0"
"POINT (13.483457420000001 52.460465780000000)","Unfall 233226 (2022) Kat:3, Licht: 2","233226","3","7","1","05","23","7","","2","0","1","0","0"
"POINT (13.324540484000099 52.497943761000002)","Unfall 233227 (2022) Kat:2, Licht: 0","233227","2","3","5","05","16","6","","0","1","1","0","0"
"POINT (13.178093246000101 52.548796814000099)","Unfall 233228 (2022) Kat:2, Licht: 0","233228","2","2","5","05","16","3","","0","0","1","0","1"
"POINT (13.362429949999999 52.567243390999998)","Unfall 233229 (2022) Kat:3, Licht: 0","233229","3","2","6","05","17","2","","0","0","1","1","0"
"POINT (13.414551080000001 52.544462200000098)","Unfall 233230 (2022) Kat:3, Licht: 0","233230","3","6","2","05","14","7","","0","0","1","0","0"
"POINT (13.396056385000101 52.532431916000100)","Unfall 233231 (2022) Kat:3, Licht: 0","233231","3","3","5","05","18","3","","0","1","1","0","0"
"POINT (13.299344466000001 52.598807763000103)","Unfall 233232 (2022) Kat:3, Licht: 0","233232","3","6","2","05","12","3","","0","0","1","0","0"
"POINT (13.344609133000100 52.539169014000002)","Unfall 233233 (2022) Kat:3, Licht: 2","233233","3","6","2","05","23","5","","2","0","1","0","0"
"POINT (13.351650053000100 52.509619168000000)","Unfall 233234 (2022) Kat:3, Licht: 0","233234","3","3","5","06","08","4","","0","1","1","0","0"
"POINT (13.435297490000000 52.521597125000000)","Unfall 233235 (2022) Kat:3, Licht: 0","233235","3","6","3","05","06","6","","0","1","0","0","0"
"POINT (13.389376972999999 52.495963406000001)","Unfall 233236 (2022) Kat:3, Licht: 2","233236","3","2","5","05","23","6","","2","1","1","0","0"
"POINT (13.506083984000000 52.534602690000000)","Unfall 233237 (2022) Kat:2, Licht: 0","233237","2","6","3","05","09","6","","0","1","0","0","0"
"POINT (13.479549197000001 52.520501029999998)","Unfall 233238 (2022) Kat:3, Licht: 0","233238","3","1","0","05","18","2","","0","1","0","0","0"
"POINT (13.395790099000100 52.538430753999997)","Unfall 233239 (2022) Kat:3, Licht: 0","233239","3","6","2","05","10","4","","0","1","1","0","0"
"POINT (13.559686624000101 52.479327724000001)","Unfall 233240 (2022) Kat:3, Licht: 0","233240","3","4","6","05","09","3","","0","0","1","1","0"
"POINT (13.390321847999999 52.535596602000098)","Unfall 233241 (2022) Kat:3, Licht: 0","233241","3","6","2","05","09","2","","0","0","1","0","1"
"POINT (13.365463320000099 52.550252786999998)","Unfall 233242 (2022) Kat:3, Licht: 0","233242","3","1","1","05","18","1","","0","0","1","0","0"
"POINT (13.301376745000001 52.488028178000000)","Unfall 233243 (2022) Kat:3, Licht: 0","233243","3","4","6","05","07","5","","0","0","1","1","0"
"POINT (13.333250279000000 52.560946706999999)","Unfall 233244 (2022) Kat:3, Licht: 0","233244","3","2","5","06","19","5","","0","1","1","0","0"
"POINT (13.490801277000100 52.523063928000099)","Unfall 233245 (2022) Kat:2, Licht: 0","233245","2","3","0","05","13","6","","0","0","1","0","1"
"POINT (13.381844843000099 52.472143166000102)","Unfall 233246 (2022) Kat:2, Licht: 1","233246","2","5","1","05","20","4","","1","0","1","0","0"
"POINT (13.440252714000099 52.481780546000003)","Unfall 233247 (2022) Kat:2, Licht: 0","233247","2","4","6","05","19","6","","0","0","0","1","0"
"POINT (13.418466135000100 52.500132064000098)","Unfall 233248 (2022) Kat:3, Licht: 0","233248","3","7","6","05","18","5","","0","0","1","1","0"
"POINT (13.437966027000099 52.547918007000099)","Unfall 233249 (2022) Kat:2, Licht: 0","233249","2","6","3","05","13","2","","0","1","1","0","0"
"POINT (13.436172627000101 52.529477483999997)","Unfall 233250 (2022) Kat:3, Licht: 0","233250","3","7","5","05","16","4","","0","0","1","0","0"
"POINT (13.427411855000100 52.585234706000101)","Unfall 233251 (2022) Kat:3, Licht: 0","233251","3","3","5","06","14","4","","0","1","1","0","0"
"POINT (13.556561139000101 52.520040918000099)","Unfall 233252 (2022) Kat:3, Licht: 0","233252","3","5","4","05","09","2","","0","1","1","0","0"
"POINT (13.332262058000000 52.476297543000001)","Unfall 233253 (2022) Kat:3, Licht: 0","233253","3","5","1","05","10","1","","0","1","1","0","0"
"POINT (13.467949411000101 52.546676939000101)","Unfall 233254 (2022) Kat:3, Licht: 2","233254","3","3","5","05","23","5","","2","0","1","0","1"
"POINT (13.391817518000000 52.510569396000101)","Unfall 233255 (2022) Kat:3, Licht: 0","233255","3","1","0","06","10","6","","0","0","0","0","0"
"POINT (13.576075798000000 52.491990567000101)","Unfall 233256 (2022) Kat:3, Licht: 0","233256","3","7","0","05","14","4","","0","0","0","0","1"
"POINT (13.588888935000099 52.517864470000099)","Unfall 233257 (2022) Kat:3, Licht: 0","233257","3","6","2","05","19","3","","0","0","1","0","0"
"POINT (13.410730756000101 52.394226160000102)","Unfall 233258 (2022) Kat:3, Licht: 0","233258","3","6","2","05","10","5","","0","0","1","0","0"
"POINT (13.385385914000000 52.465732392000099)","Unfall 233259 (2022) Kat:3, Licht: 0","233259","3","7","0","05","09","5","","0","0","0","1","0"
"POINT (13.409745223000099 52.526638155000100)","Unfall 233260 (2022) Kat:3, Licht: 0","233260","3","7","0","05","12","2","","0","1","0","0","0"
"POINT (13.423507312000000 52.509140271000000)","Unfall 233261 (2022) Kat:3, Licht: 0","233261","3","2","2","05","08","4","","0","1","1","0","0"
"POINT (13.402673196000000 52.538550352000101)","Unfall 233262 (2022) Kat:3, Licht: 0","233262","3","3","5","05","15","3","","0","1","1","0","0"
"POINT (13.379664022000000 52.494774715000098)","Unfall 233263 (2022) Kat:3, Licht: 0","233263","3","7","0","05","15","7","","0","0","1","0","1"
"POINT (13.395682264000101 52.454273848000099)","Unfall 233264 (2022) Kat:3, Licht: 0","233264","3","3","5","05","16","1","","0","0","1","0","0"
"POINT (13.418301038999999 52.516919492000099)","Unfall 233265 (2022) Kat:3, Licht: 0","233265","3","2","5","05","17","4","","0","1","1","0","0"
"POINT (13.302014523000000 52.507881279999999)","Unfall 233266 (2022) Kat:3, Licht: 0","233266","3","3","5","06","18","5","","0","1","1","0","0"
"POINT (13.553291962000101 52.469592452000001)","Unfall 233267 (2022) Kat:3, Licht: 0","233267","3","2","3","05","13","3","","0","1","1","0","0"
"POINT (13.280428321000000 52.518334192000097)","Unfall 233268 (2022) Kat:3, Licht: 0","233268","3","2","0","05","07","3","","0","1","1","0","0"
"POINT (13.442622342000000 52.465285023000000)","Unfall 233269 (2022) Kat:3, Licht: 0","233269","3","3","0","05","09","2","","0","0","1","0","0"
"POINT (13.435372714000000 52.423135760999998)","Unfall 233270 (2022) Kat:3, Licht: 0","233270","3","3","5","05","08","4","","0","1","1","0","0"
"POINT (13.577176553000101 52.455771422000097)","Unfall 233271 (2022) Kat:3, Licht: 0","233271","3","2","5","05","12","4","","0","1","1","0","0"
"POINT (13.380810935000101 52.516417142000101)","Unfall 233272 (2022) Kat:3, Licht: 0","233272","3","2","5","05","18","4","","0","1","1","0","0"
"POINT (13.340448753000000 52.554823575000100)","Unfall 233273 (2022) Kat:3, Licht: 0","233273","3","1","0","05","08","4","","0","1","0","0","0"
"POINT (13.351088379000000 52.509627131999999)","Unfall 233274 (2022) Kat:2, Licht: 0","233274","2","3","5","05","17","7","","0","0","1","0","0"
"POINT (13.278245336000101 52.474199435999999)","Unfall 233275 (2022) Kat:2, Licht: 0","233275","2","3","5","05","06","3","","0","1","1","0","0"
"POINT (13.397930484000000 52.488893721000103)","Unfall 233276 (2022) Kat:3, Licht: 0","233276","3","5","1","05","13","6","","0","1","1","0","0"
"POINT (13.593655082000099 52.445698273000097)","Unfall 233277 (2022) Kat:3, Licht: 0","233277","3","6","4","05","13","6","","0","1","0","0","0"
"POINT (13.372016115000100 52.511190888999998)","Unfall 233278 (2022) Kat:2, Licht: 2","233278","2","3","5","05","00","3","","2","1","1","0","0"
"POINT (13.331445473000000 52.506714981000101)","Unfall 233279 (2022) Kat:2, Licht: 0","233279","2","4","6","05","16","2","","0","0","1","1","0"
"POINT (13.431990449000100 52.505746913999999)","Unfall 233280 (2022) Kat:2, Licht: 0","233280","2","2","5","05","14","6","","0","1","1","0","0"
"POINT (13.514298289000100 52.468729661000097)","Unfall 233281 (2022) Kat:3, Licht: 0","233281","3","2","5","05","19","3","","0","1","1","0","0"
"POINT (13.505875293000001 52.452144885999999)","Unfall 233282 (2022) Kat:3, Licht: 0","233282","3","3","5","05","15","2","","0","1","0","0","0"
"POINT (13.331307484000000 52.442189767999999)","Unfall 233283 (2022) Kat:2, Licht: 0","233283","2","2","5","05","07","4","","0","1","1","0","0"
"POINT (13.287221379000099 52.495846766000099)","Unfall 233284 (2022) Kat:3, Licht: 0","233284","3","2","5","06","18","4","","0","1","1","0","0"
"POINT (13.578486896000101 52.443807333000102)","Unfall 233285 (2022) Kat:3, Licht: 0","233285","3","3","5","05","11","2","","0","1","1","0","0"
"POINT (13.498818499000000 52.516461621000097)","Unfall 233286 (2022) Kat:3, Licht: 0","233286","3","2","6","05","08","2","","0","0","0","1","0"
"POINT (13.396231799000100 52.491063686000103)","Unfall 233287 (2022) Kat:3, Licht: 2","233287","3","3","5","05","22","6","","2","0","1","0","0"
"POINT (13.313160976000100 52.495840446000003)","Unfall 233288 (2022) Kat:3, Licht: 0","233288","3","3","5","05","17","6","","0","1","1","0","0"
"POINT (13.425693878000100 52.590182884999997)","Unfall 233289 (2022) Kat:3, Licht: 0","233289","3","1","0","05","15","5","","0","1","0","0","0"
"POINT (13.272610063000100 52.437301259000002)","Unfall 233290 (2022) Kat:3, Licht: 0","233290","3","6","2","05","12","2","","0","1","1","0","0"
"POINT (13.498443764999999 52.458823228000000)","Unfall 233291 (2022) Kat:3, Licht: 0","233291","3","6","2","05","15","4","","0","0","1","0","1"
"POINT (13.491284967000100 52.433557405999998)","Unfall 233292 (2022) Kat:2, Licht: 0","233292","2","3","0","05","06","3","","0","1","0","0","0"
"POINT (13.405922903000000 52.540904414000103)","Unfall 233293 (2022) Kat:2, Licht: 2","233293","2","4","6","05","22","1","","2","0","0","1","0"
"POINT (13.302070999000000 52.438108700999997)","Unfall 233294 (2022) Kat:3, Licht: 2","233294","3","1","9","05","22","7","","2","0","0","0","0"
"POINT (13.293593476000099 52.445805925000101)","Unfall 233295 (2022) Kat:3, Licht: 0","233295","3","2","5","05","14","5","","0","0","1","0","0"
"POINT (13.341301947000000 52.525556208000097)","Unfall 233296 (2022) Kat:2, Licht: 0","233296","2","4","6","06","15","5","","0","0","1","1","0"
"POINT (13.507174778000000 52.564112011000098)","Unfall 233297 (2022) Kat:3, Licht: 0","233297","3","7","6","05","11","5","","0","1","0","1","0"
"POINT (13.328566521000001 52.562363877000102)","Unfall 233298 (2022) Kat:3, Licht: 0","233298","3","3","5","05","15","3","","0","0","1","0","1"
"POINT (13.511837916999999 52.550308207000100)","Unfall 233299 (2022) Kat:3, Licht: 0","233299","3","6","2","05","16","5","","0","1","1","0","0"
"POINT (13.351737970000000 52.509623121000097)","Unfall 233300 (2022) Kat:3, Licht: 0","233300","3","4","6","05","11","5","","0","0","0","1","0"
"POINT (13.280518651000000 52.477421320000097)","Unfall 233301 (2022) Kat:3, Licht: 0","233301","3","2","5","05","14","4","","0","0","0","0","1"
"POINT (13.280673441999999 52.477511354000100)","Unfall 233302 (2022) Kat:3, Licht: 0","233302","3","7","6","05","14","2","","0","0","1","1","0"
"POINT (13.422118426000100 52.498916153000003)","Unfall 233303 (2022) Kat:3, Licht: 0","233303","3","7","0","05","20","2","","0","0","0","0","1"
"POINT (13.442781614000101 52.465095173000101)","Unfall 233304 (2022) Kat:3, Licht: 0","233304","3","2","5","05","15","7","","0","0","1","0","0"
"POINT (13.204275021000100 52.540698538000100)","Unfall 233305 (2022) Kat:3, Licht: 0","233305","3","3","5","05","16","6","","0","1","1","0","0"
"POINT (13.270522126000101 52.450809630999998)","Unfall 233306 (2022) Kat:3, Licht: 0","233306","3","2","6","06","14","5","","0","0","1","1","0"
"POINT (13.428729830000099 52.581982109000101)","Unfall 233307 (2022) Kat:3, Licht: 0","233307","3","2","5","05","16","4","","0","1","1","0","0"
"POINT (13.350058730000100 52.434267462999998)","Unfall 233308 (2022) Kat:3, Licht: 0","233308","3","2","5","05","18","3","","0","1","1","0","0"
"POINT (13.356230875000101 52.490194374000097)","Unfall 233309 (2022) Kat:3, Licht: 2","233309","3","2","5","05","00","7","","2","0","1","0","0"
"POINT (13.470104633000100 52.434985368000099)","Unfall 233310 (2022) Kat:3, Licht: 0","233310","3","6","0","05","18","4","","0","1","0","0","0"
"POINT (13.431421702000000 52.467325522000102)","Unfall 233311 (2022) Kat:3, Licht: 0","233311","3","7","0","05","09","3","","0","0","0","0","1"
"POINT (13.431975692000000 52.593619476000100)","Unfall 233312 (2022) Kat:3, Licht: 0","233312","3","6","2","05","15","5","","0","0","1","0","1"
"POINT (13.230102658000000 52.446184641999999)","Unfall 233313 (2022) Kat:3, Licht: 0","233313","3","5","1","06","18","4","","0","1","1","0","0"
"POINT (13.595354365000000 52.534122848000003)","Unfall 233314 (2022) Kat:3, Licht: 0","233314","3","1","0","06","14","6","","0","1","0","0","0"
"POINT (13.478535824000099 52.607224977999998)","Unfall 233315 (2022) Kat:3, Licht: 0","233315","3","3","5","05","15","4","","0","1","0","0","0"
"POINT (13.522810157000000 52.506929935000102)","Unfall 233316 (2022) Kat:2, Licht: 0","233316","2","4","6","05","10","3","","0","1","0","1","0"
"POINT (13.459087028000100 52.529072757999998)","Unfall 233317 (2022) Kat:3, Licht: 0","233317","3","2","5","05","18","5","","0","1","1","0","0"
"POINT (13.376751835000100 52.491568805000000)","Unfall 233318 (2022) Kat:2, Licht: 0","233318","2","2","5","05","18","4","","0","0","1","0","1"
"POINT (13.348534709999999 52.521981856000103)","Unfall 233319 (2022) Kat:3, Licht: 0","233319","3","2","0","05","16","1","","0","1","1","0","0"
"POINT (13.325306125000100 52.499969908000097)","Unfall 233320 (2022) Kat:3, Licht: 0","233320","3","6","3","05","09","3","","0","1","1","0","0"
"POINT (13.162270170999999 52.533199275000101)","Unfall 233321 (2022) Kat:2, Licht: 0","233321","2","2","0","05","18","2","","0","0","1","0","0"
"POINT (13.396320824000000 52.498381976000097)","Unfall 233322 (2022) Kat:3, Licht: 2","233322","3","6","2","05","21","1","","2","0","1","0","0"
"POINT (13.582095167000000 52.417299075000102)","Unfall 233323 (2022) Kat:3, Licht: 0","233323","3","5","1","05","17","1","","0","1","1","0","0"
"POINT (13.286993823000000 52.472402437000000)","Unfall 233324 (2022) Kat:3, Licht: 0","233324","3","3","5","05","16","4","","0","1","1","0","0"
"POINT (13.462712542000100 52.549469678000001)","Unfall 233325 (2022) Kat:2, Licht: 0","233325","2","4","6","06","16","5","","0","0","1","1","0"
"POINT (13.420871146000000 52.487245166000001)","Unfall 233326 (2022) Kat:3, Licht: 0","233326","3","7","6","05","14","4","","0","1","0","1","0"
"POINT (13.276539074000000 52.507196674000099)","Unfall 233327 (2022) Kat:3, Licht: 0","233327","3","1","8","05","12","3","","0","0","1","0","0"
"POINT (13.391815328000099 52.544970061000100)","Unfall 233328 (2022) Kat:2, Licht: 2","233328","2","3","5","05","21","7","","2","0","1","0","0"
"POINT (13.447761421999999 52.536193584000003)","Unfall 233329 (2022) Kat:3, Licht: 0","233329","3","1","0","05","15","4","","0","1","0","0","0"
"POINT (13.371663345000099 52.554020246999997)","Unfall 233330 (2022) Kat:3, Licht: 1","233330","3","7","0","05","21","3","","1","0","0","0","0"
"POINT (13.492494868000099 52.551157906000100)","Unfall 233331 (2022) Kat:3, Licht: 2","233331","3","1","1","05","00","5","","2","0","1","0","0"
"POINT (13.443070346000100 52.489208322000103)","Unfall 233332 (2022) Kat:3, Licht: 2","233332","3","1","0","05","00","7","","2","0","0","0","0"
"POINT (13.477496724000000 52.561810844000000)","Unfall 233333 (2022) Kat:3, Licht: 0","233333","3","3","5","05","11","7","","0","1","1","0","0"
"POINT (13.592686491000100 52.451496077000101)","Unfall 233334 (2022) Kat:3, Licht: 0","233334","3","6","2","05","16","6","","0","0","1","0","0"
"POINT (13.380685808000100 52.574415510000101)","Unfall 233335 (2022) Kat:3, Licht: 0","233335","3","3","5","05","13","2","","0","1","1","0","0"
"POINT (13.299211363000000 52.432473951000098)","Unfall 233336 (2022) Kat:3, Licht: 0","233336","3","2","5","05","06","2","","0","0","1","0","0"
"POINT (13.193737169000000 52.430569133000098)","Unfall 233337 (2022) Kat:3, Licht: 0","233337","3","4","6","05","17","6","","0","0","1","1","0"
"POINT (13.326624003000100 52.494865963000102)","Unfall 233338 (2022) Kat:3, Licht: 0","233338","3","6","4","05","14","3","","0","1","0","0","0"
"POINT (13.509707518000001 52.465487542000098)","Unfall 233339 (2022) Kat:3, Licht: 0","233339","3","4","6","05","16","3","","0","0","1","1","0"
"POINT (13.504672232000100 52.563193968000100)","Unfall 233340 (2022) Kat:3, Licht: 0","233340","3","6","2","05","17","4","","0","0","1","0","1"
"POINT (13.317189219999999 52.503859938000097)","Unfall 233341 (2022) Kat:3, Licht: 0","233341","3","2","5","06","08","4","","0","0","1","0","1"
"POINT (13.304952975999999 52.513493015000101)","Unfall 233342 (2022) Kat:3, Licht: 0","233342","3","3","5","05","19","2","","0","1","1","0","0"
"POINT (13.377877858000000 52.512251590000098)","Unfall 233343 (2022) Kat:3, Licht: 0","233343","3","3","5","05","09","2","","0","1","0","0","0"
"POINT (13.520436525999999 52.568489012999997)","Unfall 233344 (2022) Kat:2, Licht: 0","233344","2","4","6","05","14","6","","0","0","1","1","0"
"POINT (13.400245930000001 52.580381670000101)","Unfall 233345 (2022) Kat:3, Licht: 0","233345","3","3","5","06","07","6","","0","1","1","0","0"
"POINT (13.362958699000000 52.529442291000102)","Unfall 233346 (2022) Kat:3, Licht: 0","233346","3","5","1","05","17","6","","0","1","1","0","0"
"POINT (13.384045469000100 52.504847052999999)","Unfall 233347 (2022) Kat:3, Licht: 0","233347","3","5","1","05","09","6","","0","0","1","0","0"
"POINT (13.425382450000001 52.499096882000103)","Unfall 233348 (2022) Kat:3, Licht: 0","233348","3","2","0","05","14","5","","0","1","1","0","0"
"POINT (13.261531677000100 52.487133995000100)","Unfall 233349 (2022) Kat:2, Licht: 0","233349","2","4","6","05","16","2","","0","0","1","1","0"
"POINT (13.532498259000000 52.510223945000099)","Unfall 233350 (2022) Kat:3, Licht: 0","233350","3","1","8","05","17","4","","0","0","0","0","1"
"POINT (13.218651839000101 52.428234412000101)","Unfall 233351 (2022) Kat:3, Licht: 0","233351","3","3","5","05","12","3","","0","1","1","0","0"
"POINT (13.297932645000101 52.486416469000098)","Unfall 233352 (2022) Kat:3, Licht: 0","233352","3","7","1","05","05","1","","0","0","1","0","0"
"POINT (13.336640107999999 52.542139932000097)","Unfall 233353 (2022) Kat:3, Licht: 2","233353","3","3","5","05","22","7","","2","0","1","0","0"
"POINT (13.341389940999999 52.447460184000100)","Unfall 233354 (2022) Kat:2, Licht: 0","233354","2","7","5","05","20","5","","0","0","1","0","1"
"POINT (13.355763948000099 52.486293567000097)","Unfall 233355 (2022) Kat:3, Licht: 0","233355","3","5","1","06","16","5","","0","1","1","0","0"
"POINT (13.262634924000100 52.451615022000098)","Unfall 233356 (2022) Kat:3, Licht: 0","233356","3","3","5","05","07","4","","0","0","1","0","0"
"POINT (13.277188509000000 52.512623384999998)","Unfall 233357 (2022) Kat:3, Licht: 0","233357","3","6","2","05","10","3","","0","0","1","0","0"
"POINT (13.285709199000101 52.495121299000097)","Unfall 233358 (2022) Kat:3, Licht: 0","233358","3","3","5","05","10","1","","0","0","1","0","0"
"POINT (13.406525525000101 52.498326367000097)","Unfall 233359 (2022) Kat:2, Licht: 0","233359","2","2","5","05","15","4","","0","0","1","0","1"
"POINT (13.388231393000099 52.515575536000000)","Unfall 233360 (2022) Kat:3, Licht: 0","233360","3","1","0","05","19","7","","0","0","0","0","1"
"POINT (13.558322925000001 52.455530818000099)","Unfall 233361 (2022) Kat:3, Licht: 0","233361","3","6","3","05","07","4","","0","0","1","0","1"
"POINT (13.196878065000000 52.541879336000100)","Unfall 233362 (2022) Kat:2, Licht: 1","233362","2","1","0","05","06","2","","1","0","0","0","1"