WKT,Name,OBJECTID,UKATEGORIE,UTYP1,UART,UMONAT,USTUNDE,UWOCHENTAG,STRZUSTAND,ULICHTVERH,ISTRAD,ISTPKW,ISTFUSS,ISTKRAD
"POINT (13.523484428000099 52.452320972000102)","Unfall 233363 (2022) Kat:3, Licht: 0","233363","3","3","5","05","14","7","","0","1","1","0","0"
"POINT (13.452948299000100 52.445441903000102)","Unfall 233364 (2022) Kat:3, Licht: 0","233364","3","3","5","05","18","6","","0","0","1","0","0"
"POINT (13.556812000000001 52.554672606000103)","Unfall 233365 (2022) Kat:3, Licht: 0","233365","3","6","3","05","05","4","","0","1","1","0","0"
"POINT (13.315031462000000 52.514649678000097)","Unfall 233366 (2022) Kat:3, Licht: 0","233366","3","2","5","06","13","4","","0","1","1","0","0"
"POINT (13.316589412000001 52.516246749000103)","Unfall 233367 (2022) Kat:3, Licht: 1","233367","3","3","5","05","05","3","","1","0","1","0","0"
"POINT (13.549862041000001 52.525779514000099)","Unfall 233368 (2022) Kat:3, Licht: 0","233368","3","3","5","05","17","2","","0","0","1","0","0"
"POINT (13.337924167000001 52.451125206000000)","Unfall 233369 (2022) Kat:3, Licht: 0","233369","3","2","5","05","18","6","","0","0","1","0","0"
"POINT (13.179205225000000 52.548646430000097)","Unfall 233370 (2022) Kat:3, Licht: 0","233370","3","2","5","05","16","3","","0","1","1","0","0"
"POINT (13.516947409000100 52.481840787000102)","Unfall 233371 (2022) Kat:2, Licht: 0","233371","2","4","6","05","10","3","","0","0","0","1","0"
"POINT (13.273468983000001 52.541793389000098)","Unfall 233372 (2022) Kat:3, Licht: 0","233372","3","2","6","05","16","5","","0","0","1","1","0"
"POINT (13.385503932000100 52.448045433000097)","Unfall 233373 (2022) Kat:3, Licht: 2","233373","3","1","0","06","23","5","","2","0","0","0","1"
"POINT (13.582437401000000 52.461556803000100)","Unfall 233374 (2022) Kat:3, Licht: 0","233374","3","6","6","05","16","6","","0","1","0","1","0"
"POINT (13.352837660000000 52.433346453000098)","Unfall 233375 (2022) Kat:3, Licht: 0","233375","3","2","2","05","16","6","","0","0","1","0","1"
"POINT (13.435075431000000 52.463279731999997)","Unfall 233376 (2022) Kat:3, Licht: 2","233376","3","2","5","05","22","5","","2","1","1","0","0"
"POINT (13.232435286000101 52.538393347000103)","Unfall 233377 (2022) Kat:3, Licht: 0","233377","3","3","5","05","12","2","","0","1","0","0","0"
"POINT (13.405716709000000 52.546309553000100)","Unfall 233378 (2022) Kat:3, Licht: 0","233378","3","4","6","05","18","4","","0","0","1","1","0"
"POINT (13.325178230000100 52.485276855999999)","Unfall 233379 (2022) Kat:3, Licht: 0","233379","3","4","6","06","16","4","","0","0","1","1","0"
"POINT (13.421567385000101 52.465195498000099)","Unfall 233380 (2022) Kat:3, Licht: 0","233380","3","3","5","05","09","2","","0","0","1","0","0"
"POINT (13.384403313000099 52.555972671000099)","Unfall 233381 (2022) Kat:3, Licht: 1","233381","3","3","5","05","21","1","","1","0","1","0","0"
"POINT (13.229174730000100 52.426425020000103)","Unfall 233382 (2022) Kat:3, Licht: 0","233382","3","3","0","05","18","5","","0","0","1","0","0"
"POINT (13.435914615000099 52.483819599000100)","Unfall 233383 (2022) Kat:3, Licht: 1","233383","3","2","5","06","21","6","","1","0","1","0","0"
"POINT (13.338328830000000 52.494372243999997)","Unfall 233384 (2022) Kat:3, Licht: 2","233384","3","1","9","05","03","5","","2","1","1","0","0"
"POINT (13.190380759000000 52.536635509000099)","Unfall 233385 (2022) Kat:3, Licht: 0","233385","3","2","5","05","11","5","","0","1","1","0","0"
"POINT (13.331904579000000 52.493160757000098)","Unfall 233386 (2022) Kat:3, Licht: 0","233386","3","7","0","05","13","5","","0","1","0","0","0"
"POINT (13.490817401000101 52.493094612000000)","Unfall 233387 (2022) Kat:3, Licht: 0","233387","3","6","3","05","15","1","","0","1","0","0","0"
"POINT (13.282168941000100 52.599250030000100)","Unfall 233388 (2022) Kat:2, Licht: 0","233388","2","7","2","05","19","4","","0","0","1","0","0"
"POINT (13.350019849000001 52.503201560000001)","Unfall 233389 (2022) Kat:3, Licht: 2","233389","3","7","2","05","21","6","","2","0","1","0","0"
"POINT (13.373470359000100 52.520921833000003)","Unfall 233390 (2022) Kat:3, Licht: 0","233390","3","7","2","05","18","5","","0","1","1","0","0"
"POINT (13.456253493000100 52.473764961000001)","Unfall 233391 (2022) Kat:3, Licht: 0","233391","3","6","2","05","08","6","","0","0","1","0","1"
"POINT (13.365562362000000 52.556823031000100)","Unfall 233392 (2022) Kat:2, Licht: 0","233392","2","3","5","05","18","3","","0","0","1","0","0"
"POINT (13.279407008000000 52.523655979000097)","Unfall 233393 (2022) Kat:3, Licht: 0","233393","3","6","2","05","14","2","","0","0","1","0","0"
"POINT (13.340455628000001 52.599635985000099)","Unfall 233394 (2022) Kat:3, Licht: 0","233394","3","4","6","05","13","4","","0","0","0","1","1"
"POINT (13.517993259000001 52.443832641000000)","Unfall 233395 (2022) Kat:2, Licht: 0","233395","2","6","3","06","07","4","","0","1","1","0","0"
"POINT (13.452705800000000 52.452630955000103)","Unfall 233396 (2022) Kat:2, Licht: 0","233396","2","6","2","05","17","2","","0","0","0","0","1"
"POINT (13.498449938000000 52.515077376000100)","Unfall 233397 (2022) Kat:3, Licht: 0","233397","3","7","5","05","18","1","","0","1","1","0","0"
"POINT (13.389057047000099 52.515597946000099)","Unfall 233398 (2022) Kat:3, Licht: 0","233398","3","3","5","05","13","6","","0","1","1","0","0"
"POINT (13.295691746999999 52.507878802999997)","Unfall 233399 (2022) Kat:2, Licht: 1","233399","2","5","1","06","21","5","","1","1","1","0","0"
"POINT (13.599262587000100 52.519693238000102)","Unfall 233400 (2022) Kat:3, Licht: 0","233400","3","4","6","05","12","5","","0","0","1","1","0"
"POINT (13.231161123000000 52.545883965000002)","Unfall 233401 (2022) Kat:3, Licht: 0","233401","3","6","2","05","16","5","","0","0","1","0","0"
"POINT (13.432426882000099 52.604891235000103)","Unfall 233402 (2022) Kat:3, Licht: 0","233402","3","7","5","05","09","4","","0","1","1","0","0"
"POINT (13.395949302000099 52.498232193000000)","Unfall 233403 (2022) Kat:3, Licht: 0","233403","3","6","2","05","09","2","","0","0","1","0","0"
"POINT (13.339110296000101 52.466859784000100)","Unfall 233404 (2022) Kat:3, Licht: 0","233404","3","3","5","05","10","3","","0","1","1","0","0"
"POINT (13.518774034000000 52.509532035000099)","Unfall 233405 (2022) Kat:3, Licht: 0","233405","3","2","5","05","16","1","","0","0","1","0","0"
"POINT (13.300700078000000 52.529379888000101)","Unfall 233406 (2022) Kat:3, Licht: 0","233406","3","1","1","05","16","7","","0","0","1","0","0"
"POINT (13.414786582000000 52.553863345000103)","Unfall 233407 (2022) Kat:3, Licht: 0","233407","3","2","5","05","05","5","","0","1","1","0","0"
"POINT (13.264905535000000 52.505022582999999)","Unfall 233408 (2022) Kat:3, Licht: 0","233408","3","6","2","06","15","5","","0","0","1","0","0"
"POINT (13.374196862000099 52.553935117999998)","Unfall 233409 (2022) Kat:3, Licht: 0","233409","3","3","5","05","16","4","","0","1","1","0","0"
"POINT (13.536667642000101 52.539637974000101)","Unfall 233410 (2022) Kat:3, Licht: 0","233410","3","2","5","05","08","3","","0","0","1","0","0"
"POINT (13.553448936000100 52.427338937999998)","Unfall 233411 (2022) Kat:3, Licht: 0","233411","3","2","5","05","15","7","","0","1","1","0","0"
"POINT (13.391139883999999 52.536213342000103)","Unfall 233412 (2022) Kat:3, Licht: 0","233412","3","2","5","05","08","4","","0","1","1","0","0"
"POINT (13.281539693000100 52.508506889000003)","Unfall 233413 (2022) Kat:3, Licht: 0","233413","3","2","5","05","12","1","","0","1","1","0","0"
"POINT (13.299581604000000 52.494078702000103)","Unfall 233414 (2022) Kat:3, Licht: 0","233414","3","2","5","05","15","2","","0","1","1","0","0"
"POINT (13.411111904000100 52.530470632000103)","Unfall 233415 (2022) Kat:3, Licht: 0","233415","3","1","0","05","14","7","","0","1","0","0","0"
"POINT (13.355443518000101 52.519695238000097)","Unfall 233416 (2022) Kat:3, Licht: 0","233416","3","2","5","05","13","6","","0","1","1","0","0"
"POINT (13.399127309000100 52.616782004000100)","Unfall 233417 (2022) Kat:2, Licht: 0","233417","2","6","4","06","15","5","","0","0","1","0","0"
"POINT (13.400065736000000 52.509545065000097)","Unfall 233418 (2022) Kat:3, Licht: 0","233418","3","2","0","05","08","3","","0","0","1","0","1"
"POINT (13.579180212000001 52.550730672999997)","Unfall 233419 (2022) Kat:3, Licht: 0","233419","3","3","5","05","16","2","","0","1","0","0","0"
"POINT (13.303719642000001 52.518239049999998)","Unfall 233420 (2022) Kat:3, Licht: 0","233420","3","6","0","05","18","7","","0","0","1","0","1"
"POINT (13.272444612000101 52.453456620000097)","Unfall 233421 (2022) Kat:3, Licht: 0","233421","3","6","3","05","18","3","","0","1","0","0","0"
"POINT (13.430337938999999 52.551185822000001)","Unfall 233422 (2022) Kat:3, Licht: 1","233422","3","3","5","05","20","3","","1","0","1","0","1"
"POINT (13.288595866000000 52.584177476000001)","Unfall 233423 (2022) Kat:3, Licht: 1","233423","3","1","0","05","04","5","","1","0","0","0","1"
"POINT (13.452398996000101 52.481196877000102)","Unfall 233424 (2022) Kat:3, Licht: 0","233424","3","3","5","05","16","4","","0","0","1","0","0"
"POINT (13.497208253000100 52.534749594000097)","Unfall 233425 (2022) Kat:3, Licht: 0","233425","3","2","6","06","10","4","","0","0","0","1","0"
"POINT (13.382234679000000 52.399618662000101)","Unfall 233426 (2022) Kat:3, Licht: 0","233426","3","1","0","05","07","6","","0","1","0","0","0"
"POINT (13.468222575000000 52.507167473999999)","Unfall 233427 (2022) Kat:3, Licht: 0","233427","3","6","4","05","15","6","","0","1","1","0","0"
"POINT (13.350462296000000 52.513776748000097)","Unfall 233428 (2022) Kat:3, Licht: 0","233428","3","2","2","05","14","5","","0","0","1","0","0"
"POINT (13.474293819000000 52.553359757000102)","Unfall 233429 (2022) Kat:3, Licht: 0","233429","3","5","1","05","12","2","","0","0","0","0","0"
"POINT (13.466314126000000 52.433494208000099)","Unfall 233430 (2022) Kat:3, Licht: 0","233430","3","2","5","05","09","4","","0","1","1","0","0"
"POINT (13.332420159000000 52.468896394000097)","Unfall 233431 (2022) Kat:3, Licht: 0","233431","3","3","0","06","20","4","","0","0","0","0","0"
"POINT (13.366729054000100 52.510388969000097)","Unfall 233432 (2022) Kat:3, Licht: 0","233432","3","6","3","05","11","2","","0","0","1","0","1"
"POINT (13.360637427000000 52.446792422999998)","Unfall 233433 (2022) Kat:3, Licht: 0","233433","3","2","5","05","17","1","","0","0","1","0","1"
"POINT (13.373810827000099 52.460284764999997)","Unfall 233434 (2022) Kat:3, Licht: 0","233434","3","6","3","05","16","5","","0","0","1","0","1"
"POINT (13.305655791000000 52.506794577000100)","Unfall 233435 (2022) Kat:3, Licht: 0","233435","3","2","5","05","16","6","","0","1","1","0","0"
"POINT (13.309123075000100 52.506486475000003)","Unfall 233436 (2022) Kat:3, Licht: 0","233436","3","2","5","05","14","5","","0","1","1","0","0"
"POINT (13.409637633999999 52.529002990000002)","Unfall 233437 (2022) Kat:3, Licht: 0","233437","3","6","2","05","05","5","","0","0","1","0","1"
"POINT (13.348445122999999 52.461725878000003)","Unfall 233438 (2022) Kat:3, Licht: 0","233438","3","6","2","05","09","2","","0","0","1","0","0"
"POINT (13.426689222000000 52.567940120000102)","Unfall 233439 (2022) Kat:2, Licht: 0","233439","2","3","5","05","17","4","","0","0","1","0","1"
"POINT (13.509328762000100 52.537140232000098)","Unfall 233440 (2022) Kat:2, Licht: 0","233440","2","7","5","05","17","3","","0","1","1","0","0"
"POINT (13.287521784000001 52.450970683000001)","Unfall 233441 (2022) Kat:2, Licht: 0","233441","2","1","9","05","11","1","","0","0","0","0","0"
"POINT (13.548612512000000 52.472040692000100)","Unfall 233442 (2022) Kat:3, Licht: 0","233442","3","3","2","05","11","1","","0","1","1","0","0"
"POINT (13.315070948000001 52.541185401000099)","Unfall 233443 (2022) Kat:3, Licht: 0","233443","3","3","5","05","08","5","","0","0","0","0","1"
"POINT (13.404221336000001 52.581480503000101)","Unfall 233444 (2022) Kat:3, Licht: 0","233444","3","3","0","06","15","5","","0","1","1","0","0"
"POINT (13.632955476000101 52.458738414999999)","Unfall 233445 (2022) Kat:3, Licht: 0","233445","3","2","5","05","08","4","","0","0","1","0","0"
"POINT (13.348560571000100 52.459010225999997)","Unfall 233446 (2022) Kat:3, Licht: 0","233446","3","2","5","05","08","3","","0","0","1","0","0"
"POINT (13.171461092000101 52.518219942000002)","Unfall 233447 (2022) Kat:3, Licht: 0","233447","3","6","2","05","14","7","","0","0","1","0","0"
"POINT (13.491733999000100 52.534198830000001)","Unfall 233448 (2022) Kat:3, Licht: 0","233448","3","2","5","05","15","4","","0","0","1","0","0"
"POINT (13.567465965000100 52.573317590000002)","Unfall 233449 (2022) Kat:3, Licht: 0","233449","3","3","5","05","09","4","","0","0","1","0","1"
"POINT (13.450989656000001 52.526913310000097)","Unfall 233450 (2022) Kat:2, Licht: 0","233450","2","7","5","05","20","5","","0","0","1","0","1"
"POINT (13.291291626000000 52.512377932000000)","Unfall 233451 (2022) Kat:3, Licht: 0","233451","3","2","5","05","13","7","","0","1","0","0","0"
"POINT (13.490090662000100 52.420016682000004)","Unfall 233452 (2022) Kat:3, Licht: 0","233452","3","2","5","05","08","2","","0","0","1","0","1"
"POINT (13.408903494000100 52.526803732000097)","Unfall 233453 (2022) Kat:3, Licht: 0","233453","3","3","5","05","09","3","","0","1","1","0","0"
"POINT (13.344584244000000 52.489105872000003)","Unfall 233454 (2022) Kat:3, Licht: 0","233454","3","5","1","05","16","1","","0","0","1","0","0"
"POINT (13.381650562000100 52.439864559999997)","Unfall 233455 (2022) Kat:3, Licht: 0","233455","3","5","1","05","16","7","","0","0","1","0","0"
"POINT (13.373618670999999 52.523422979000003)","Unfall 233456 (2022) Kat:3, Licht: 0","233456","3","1","0","05","07","4","","0","1","0","0","0"
"POINT (13.376130005000100 52.507332238000103)","Unfall 233457 (2022) Kat:3, Licht: 0","233457","3","5","1","06","20","5","","0","1","1","0","0"
"POINT (13.411696573000000 52.523963606999999)","Unfall 233458 (2022) Kat:2, Licht: 0","233458","2","2","5","05","06","4","","0","0","1","0","0"
"POINT (13.496749811000001 52.570246662999999)","Unfall 233459 (2022) Kat:3, Licht: 0","233459","3","4","6","05","12","3","","0","0","1","1","0"
"POINT (13.614004894000100 52.527438123000103)","Unfall 233460 (2022) Kat:3, Licht: 0","233460","3","3","5","05","18","7","","0","1","1","0","0"
"POINT (13.425427543000101 52.479775657000097)","Unfall 233461 (2022) Kat:1, Licht: 2","233461","1","2","5","05","01","4","","2","0","1","0","1"
"POINT (13.391101101000100 52.514817999999998)","Unfall 233462 (2022) Kat:3, Licht: 0","233462","3","2","5","05","14","1","","0","1","1","0","0"
"POINT (13.309520385000001 52.466946844000098)","Unfall 233463 (2022) Kat:3, Licht: 0","233463","3","2","5","05","14","3","","0","1","1","0","0"
"POINT (13.295714068000100 52.451168247000098)","Unfall 233464 (2022) Kat:3, Licht: 2","233464","3","3","5","05","23","2","","2","0","1","0","0"
"POINT (13.415290304999999 52.526859859000098)","Unfall 233465 (2022) Kat:3, Licht: 0","233465","3","4","6","05","16","7","","0","0","0","1","0"
"POINT (13.372566435000101 52.466080487000099)","Unfall 233466 (2022) Kat:3, Licht: 0","233466","3","5","1","05","18","6","","0","0","1","0","0"
"POINT (13.492625754000100 52.565139504000101)","Unfall 233467 (2022) Kat:3, Licht: 0","233467","3","6","2","05","08","3","","0","0","1","0","0"
"POINT (13.412512976000100 52.402422326000099)","Unfall 233468 (2022) Kat:2, Licht: 1","233468","2","2","5","05","18","2","","1","0","1","0","0"
"POINT (13.162803597000000 52.520046602999997)","Unfall 233469 (2022) Kat:3, Licht: 0","233469","3","2","5","05","15","7","","0","0","1","0","0"
"POINT (13.226806952000100 52.421139036000099)","Unfall 233470 (2022) Kat:3, Licht: 0","233470","3","3","5","05","10","3","","0","1","1","0","0"
"POINT (13.343347277000101 52.526231914999997)","Unfall 233471 (2022) Kat:2, Licht: 0","233471","2","2","3","05","20","2","","0","1","1","0","0"
"POINT (13.372005267000100 52.519401198000097)","Unfall 233472 (2022) Kat:3, Licht: 0","233472","3","2","5","05","11","4","","0","1","1","0","0"
"POINT (13.415239277000101 52.520865855000103)","Unfall 233473 (2022) Kat:3, Licht: 1","233473","3","5","1","05","19","4","","1","1","1","0","0"
"POINT (13.436792029999999 52.479789594000103)","Unfall 233474 (2022) Kat:2, Licht: 2","233474","2","6","2","06","21","4","","2","1","1","0","0"
"POINT (13.376659584000000 52.488010611000000)","Unfall 233475 (2022) Kat:3, Licht: 2","233475","3","4","6","05","21","6","","2","0","1","1","0"
"POINT (13.339448371000101 52.595391521000103)","Unfall 233476 (2022) Kat:3, Licht: 0","233476","3","3","5","05","12","6","","0","0","1","0","1"
"POINT (13.334828729000000 52.498979032000101)","Unfall 233477 (2022) Kat:2, Licht: 2","233477","2","1","0","05","00","6","","2","1","0","0","0"
"POINT (13.365504872000001 52.497427645000101)","Unfall 233478 (2022) Kat:3, Licht: 0","233478","3","3","5","05","07","4","","0","1","1","0","0"
"POINT (13.339253238000000 52.525863421000103)","Unfall 233479 (2022) Kat:3, Licht: 0","233479","3","2","5","05","08","2","","0","1","1","0","0"
"POINT (13.413376237000000 52.424583975000097)","Unfall 233480 (2022) Kat:2, Licht: 0","233480","2","6","4","05","17","4","","0","0","1","0","0"
"POINT (13.443762902000101 52.479983160000103)","Unfall 233481 (2022) Kat:3, Licht: 0","233481","3","6","2","06","19","4","","0","0","1","0","0"
"POINT (13.496119122000000 52.432211629000101)","Unfall 233482 (2022) Kat:3, Licht: 0","233482","3","6","2","05","11","2","","0","0","1","0","1"
"POINT (13.299185636000100 52.527826529999999)","Unfall 233483 (2022) Kat:2, Licht: 0","233483","2","7","0","05","18","1","","0","1","0","0","0"
"POINT (13.621887028000099 52.448069795999999)","Unfall 233484 (2022) Kat:2, Licht: 0","233484","2","5","1","05","17","5","","0","1","1","0","0"
"POINT (13.233618111000100 52.539580967000099)","Unfall 233485 (2022) Kat:3, Licht: 0","233485","3","2","5","06","13","6","","0","1","0","0","0"
"POINT (13.382523357000000 52.542417184000001)","Unfall 233486 (2022) Kat:3, Licht: 0","233486","3","6","2","05","19","4","","0","0","1","0","0"
"POINT (13.555551013000100 52.438405174000103)","Unfall 233487 (2022) Kat:3, Licht: 0","233487","3","3","5","05","13","3","","0","1","1","0","0"
"POINT (13.388018354000099 52.521743110000003)","Unfall 233488 (2022) Kat:3, Licht: 0","233488","3","2","5","05","18","5","","0","0","1","0","0"
"POINT (13.171764754000000 52.446315696000099)","Unfall 233489 (2022) Kat:3, Licht: 0","233489","3","7","1","05","17","4","","0","1","1","0","0"
"POINT (13.436026093000100 52.458529025000097)","Unfall 233490 (2022) Kat:2, Licht: 0","233490","2","7","5","05","15","2","","0","0","1","0","0"
"POINT (13.201546850000099 52.539270445000099)","Unfall 233491 (2022) Kat:3, Licht: 0","233491","3","6","0","05","14","4","","0","0","1","0","0"
"POINT (13.300902435000101 52.439160067000003)","Unfall 233492 (2022) Kat:3, Licht: 0","233492","3","7","0","05","07","2","","0","1","0","0","0"
"POINT (13.390028008000099 52.434350737999999)","Unfall 233493 (2022) Kat:3, Licht: 0","233493","3","2","5","05","15","7","","0","0","1","0","0"
"POINT (13.588753892000099 52.461459427000101)","Unfall 233494 (2022) Kat:3, Licht: 0","233494","3","7","6","05","12","7","","0","0","0","1","0"
"POINT (13.307132034000100 52.500153273000102)","Unfall 233495 (2022) Kat:3, Licht: 0","233495","3","2","2","05","14","4","","0","0","1","0","0"
"POINT (13.442388336000000 52.480495110000000)","Unfall 233496 (2022) Kat:3, Licht: 0","233496","3","6","0","06","20","5","","0","0","1","0","1"
"POINT (13.462926980000100 52.454590617000100)","Unfall 233497 (2022) Kat:2, Licht: 0","233497","2","1","2","05","18","4","","0","0","1","0","0"
"POINT (13.591831946000100 52.540302281000002)","Unfall 233498 (2022) Kat:3, Licht: 0","233498","3","3","5","05","11","3","","0","1","1","0","0"
"POINT (13.265059975000000 52.536406887000098)","Unfall 233499 (2022) Kat:3, Licht: 0","233499","3","6","2","05","16","1","","0","0","1","0","0"
"POINT (13.356483423000000 52.522500162000000)","Unfall 233500 (2022) Kat:3, Licht: 0","233500","3","4","6","05","13","4","","0","1","0","1","0"
"POINT (13.442612251000099 52.425372681000098)","Unfall 233501 (2022) Kat:2, Licht: 0","233501","2","5","0","05","09","4","","0","0","1","0","0"
"POINT (13.422815437000100 52.585654107000003)","Unfall 233502 (2022) Kat:3, Licht: 2","233502","3","6","0","05","20","4","","2","0","0","0","0"
"POINT (13.449573237999999 52.551022240000101)","Unfall 233503 (2022) Kat:3, Licht: 0","233503","3","3","1","05","07","4","","0","1","1","0","0"
"POINT (13.391599193999999 52.563589372000102)","Unfall 233504 (2022) Kat:3, Licht: 0","233504","3","3","5","05","16","1","","0","0","1","0","0"
"POINT (13.384681488000099 52.555694249000098)","Unfall 233505 (2022) Kat:3, Licht: 0","233505","3","6","1","05","12","6","","0","0","1","0","1"
"POINT (13.434394201000000 52.446378572000100)","Unfall 233506 (2022) Kat:3, Licht: 0","233506","3","6","3","05","12","6","","0","0","1","0","1"
"POINT (13.320824080000000 52.457128163000000)","Unfall 233507 (2022) Kat:3, Licht: 0","233507","3","6","2","05","18","3","","0","0","1","0","0"
"POINT (13.374095787000000 52.556840981000100)","Unfall 233508 (2022) Kat:3, Licht: 0","233508","3","6","2","05","16","2","","0","0","1","0","0"
"POINT (13.440660204000000 52.517188044000100)","Unfall 233509 (2022) Kat:3, Licht: 2","233509","3","1","9","05","00","6","","2","0","0","0","1"
"POINT (13.328226116000099 52.462804676000097)","Unfall 233510 (2022) Kat:3, Licht: 0","233510","3","5","1","05","16","3","","0","1","1","0","0"
"POINT (13.415710906000101 52.526824028000100)","Unfall 233511 (2022) Kat:3, Licht: 0","233511","3","2","5","05","09","3","","0","1","1","0","0"
"POINT (13.403387058000000 52.521080400000102)","Unfall 233512 (2022) Kat:3, Licht: 0","233512","3","6","3","05","19","5","","0","0","1","0","0"
"POINT (13.559516213000100 52.534010690999999)","Unfall 233513 (2022) Kat:3, Licht: 0","233513","3","3","5","06","14","4","","0","0","1","0","1"
"POINT (13.304685096000100 52.639760866000103)","Unfall 233514 (2022) Kat:3, Licht: 0","233514","3","3","5","05","15","2","","0","1","0","0","0"
"POINT (13.420716098000099 52.499169911000102)","Unfall 233515 (2022) Kat:3, Licht: 0","233515","3","6","2","05","09","2","","0","0","1","0","0"
"POINT (13.434685705000000 52.553593673000101)","Unfall 233516 (2022) Kat:2, Licht: 0","233516","2","1","9","05","06","7","","0","0","1","0","0"
"POINT (13.457175354000100 52.529426694999998)","Unfall 233517 (2022) Kat:3, Licht: 0","233517","3","2","0","06","15","6","","0","1","1","0","0"
"POINT (13.605013671000100 52.487324893000000)","Unfall 233518 (2022) Kat:2, Licht: 0","233518","2","2","5","05","10","6","","0","1","1","0","0"
"POINT (13.619776632000001 52.539508114999997)","Unfall 233519 (2022) Kat:3, Licht: 0","233519","3","2","5","05","10","6","","0","0","1","0","0"
"POINT (13.574188035000100 52.410295441000102)","Unfall 233520 (2022) Kat:3, Licht: 0","233520","3","5","1","05","08","2","","0","1","1","0","0"
"POINT (13.449178029000100 52.552461280000003)","Unfall 233521 (2022) Kat:3, Licht: 0","233521","3","6","2","05","15","7","","0","1","1","0","0"
"POINT (13.576505298000001 52.493821018000098)","Unfall 233522 (2022) Kat:3, Licht: 0","233522","3","6","2","05","12","6","","0","0","1","0","0"
"POINT (13.410088207999999 52.533550941999998)","Unfall 233523 (2022) Kat:3, Licht: 0","233523","3","1","0","05","14","3","","0","0","0","0","1"
"POINT (13.432871921000100 52.599310457999998)","Unfall 233524 (2022) Kat:2, Licht: 0","233524","2","5","1","05","15","2","","0","0","1","0","0"
"POINT (13.315184908000001 52.514723181000100)","Unfall 233525 (2022) Kat:3, Licht: 1","233525","3","2","5","05","21","6","","1","0","1","0","0"
"POINT (13.364501591000000 52.562681840000003)","Unfall 233526 (2022) Kat:3, Licht: 0","233526","3","2","2","05","16","3","","0","0","1","0","0"
"POINT (13.347223232999999 52.501044907000100)","Unfall 233527 (2022) Kat:3, Licht: 0","233527","3","3","5","05","12","3","","0","1","1","0","0"
"POINT (13.204592645000000 52.530160436000102)","Unfall 233528 (2022) Kat:2, Licht: 0","233528","2","3","5","05","08","5","","0","1","1","0","0"
"POINT (13.314458652000001 52.523103835000001)","Unfall 233529 (2022) Kat:3, Licht: 0","233529","3","3","5","06","16","4","","0","0","1","0","0"
"POINT (13.445150126000000 52.485501362000001)","Unfall 233530 (2022) Kat:3, Licht: 0","233530","3","6","2","05","14","3","","0","1","1","0","0"
"POINT (13.396990246000000 52.505333318000098)","Unfall 233531 (2022) Kat:3, Licht: 0","233531","3","2","5","05","17","2","","0","1","1","0","0"
"POINT (13.398769508999999 52.488887988999998)","Unfall 233532 (2022) Kat:3, Licht: 0","233532","3","3","5","05","13","7","","0","1","1","0","0"
"POINT (13.402387559999999 52.439691279999998)","Unfall 233533 (2022) Kat:3, Licht: 0","233533","3","2","5","05","13","6","","0","1","1","0","0"
"POINT (13.463672369999999 52.524599905999999)","Unfall 233534 (2022) Kat:3, Licht: 0","233534","3","6","3","05","19","5","","0","1","1","0","0"
"POINT (13.225435804000000 52.537416587000102)","Unfall 233535 (2022) Kat:2, Licht: 0","233535","2","2","5","05","14","4","","0","1","1","0","0"
"POINT (13.300019842999999 52.498605228000002)","Unfall 233536 (2022) Kat:3, Licht: 0","233536","3","2","5","05","08","2","","0","1","1","0","0"
"POINT (13.361007602000001 52.523874885000097)","Unfall 233537 (2022) Kat:2, Licht: 0","233537","2","1","0","05","16","4","","0","1","0","0","0"
"POINT (13.454113649000000 52.518357309000102)","Unfall 233538 (2022) Kat:3, Licht: 0","233538","3","5","1","05","20","3","","0","1","1","0","0"
"POINT (13.337433491000100 52.503991585000101)","Unfall 233539 (2022) Kat:2, Licht: 0","233539","2","1","0","05","20","2","","0","1","0","0","0"
"POINT (13.210713398000101 52.606946624999999)","Unfall 233540 (2022) Kat:3, Licht: 0","233540","3","3","5","05","20","1","","0","0","1","0","0"
"POINT (13.376895079000100 52.483412364000102)","Unfall 233541 (2022) Kat:3, Licht: 0","233541","3","2","5","05","09","5","","0","0","1","0","0"
"POINT (13.420072263000099 52.498570473000001)","Unfall 233542 (2022) Kat:3, Licht: 0","233542","3","5","1","05","17","4","","0","0","1","0","0"
"POINT (13.354020125000000 52.561331133000103)","Unfall 233543 (2022) Kat:3, Licht: 0","233543","3","5","1","05","13","3","","0","1","1","0","0"
"POINT (13.353853785000100 52.494278844000100)","Unfall 233544 (2022) Kat:3, Licht: 2","233544","3","2","5","05","23","5","","2","1","1","0","0"
"POINT (13.323754848000000 52.486549042000000)","Unfall 233545 (2022) Kat:3, Licht: 0","233545","3","4","6","05","16","4","","0","0","1","1","0"
"POINT (13.417450109000100 52.513022028000101)","Unfall 233546 (2022) Kat:3, Licht: 0","233546","3","6","3","05","14","4","","0","1","1","0","0"
"POINT (13.365503336000099 52.583882809999999)","Unfall 233547 (2022) Kat:3, Licht: 0","233547","3","3","5","05","06","2","","0","0","1","0","1"
"POINT (13.411747917000101 52.491337932000100)","Unfall 233548 (2022) Kat:3, Licht: 0","233548","3","5","1","05","10","3","","0","1","1","0","0"
"POINT (13.274824413999999 52.598281971000098)","Unfall 233549 (2022) Kat:3, Licht: 0","233549","3","1","0","05","11","2","","0","0","0","0","1"