WKT,Name,OBJECTID,UKATEGORIE,UTYP1,UART,UMONAT,USTUNDE,UWOCHENTAG,STRZUSTAND,ULICHTVERH,ISTRAD,ISTPKW,ISTFUSS,ISTKRAD
"POINT (13.552015376000000 52.414827711999997)","Unfall 233550 (2022) Kat:2, Licht: 0","233550","2","1","8","05","17","1","","0","0","1","0","0"
"POINT (13.360753197000101 52.548678615000000)","Unfall 233551 (2022) Kat:3, Licht: 0","233551","3","7","6","05","17","1","","0","1","0","1","0"
"POINT (13.373130737000100 52.424853332000097)","Unfall 233552 (2022) Kat:3, Licht: 0","233552","3","2","2","05","09","5","","0","0","1","0","1"
"POINT (13.382612311000100 52.484995985000097)","Unfall 233553 (2022) Kat:3, Licht: 0","233553","3","6","2","06","15","5","","0","0","1","0","0"
"POINT (13.328612244000100 52.478321344999998)","Unfall 233554 (2022) Kat:3, Licht: 0","233554","3","6","2","05","15","3","","0","0","1","0","0"
"POINT (13.399400450000000 52.453184416000099)","Unfall 233555 (2022) Kat:3, Licht: 0","233555","3","6","4","05","06","3","","0","1","0","0","0"
"POINT (13.491075081000099 52.420788551000001)","Unfall 233556 (2022) Kat:3, Licht: 0","233556","3","5","1","05","09","7","","0","1","1","0","0"
"POINT (13.330888301000099 52.528151326000099)","Unfall 233557 (2022) Kat:3, Licht: 0","233557","3","5","1","05","15","4","","0","1","1","0","0"
"POINT (13.330043125000000 52.609664146999997)","Unfall 233558 (2022) Kat:2, Licht: 0","233558","2","6","2","05","15","4","","0","0","1","0","1"
"POINT (13.306380817999999 52.577454940999999)","Unfall 233559 (2022) Kat:3, Licht: 0","233559","3","3","5","05","20","4","","0","0","1","0","1"
"POINT (13.521705151000001 52.553994063000097)","Unfall 233560 (2022) Kat:3, Licht: 2","233560","3","2","0","05","22","4","","2","1","0","0","1"
"POINT (13.513498040000099 52.468071832000099)","Unfall 233561 (2022) Kat:3, Licht: 2","233561","3","4","6","05","02","7","","2","0","1","1","0"
"POINT (13.468969398000100 52.543216280000102)","Unfall 233562 (2022) Kat:3, Licht: 0","233562","3","7","5","05","18","6","","0","0","0","0","0"
"POINT (13.415835442000100 52.527114347000101)","Unfall 233563 (2022) Kat:3, Licht: 0","233563","3","6","2","05","11","6","","0","0","1","0","0"
"POINT (13.447334382000101 52.498163916000102)","Unfall 233564 (2022) Kat:3, Licht: 0","233564","3","2","5","05","12","3","","0","1","1","0","0"
"POINT (13.200133396000099 52.550706865999999)","Unfall 233565 (2022) Kat:2, Licht: 0","233565","2","2","0","05","15","2","","0","1","1","0","0"
"POINT (13.354102856000100 52.549199205999997)","Unfall 233566 (2022) Kat:3, Licht: 0","233566","3","5","1","05","19","6","","0","1","1","0","0"
"POINT (13.576783677000000 52.495053620000100)","Unfall 233567 (2022) Kat:2, Licht: 0","233567","2","7","0","05","06","3","","0","0","1","0","0"
"POINT (13.311922181000099 52.584994542000103)","Unfall 233568 (2022) Kat:3, Licht: 0","233568","3","6","2","05","16","2","","0","0","1","0","0"
"POINT (13.142737684000100 52.539630893999998)","Unfall 233569 (2022) Kat:3, Licht: 0","233569","3","3","5","05","09","4","","0","0","1","0","0"
"POINT (13.295138545000000 52.444568019000002)","Unfall 233570 (2022) Kat:3, Licht: 0","233570","3","3","5","06","10","4","","0","0","1","0","0"
"POINT (13.390807324000001 52.526926738999997)","Unfall 233571 (2022) Kat:3, Licht: 0","233571","3","6","2","05","07","2","","0","1","1","0","0"
"POINT (13.420555652000100 52.519903166000098)","Unfall 233572 (2022) Kat:3, Licht: 0","233572","3","7","0","05","18","1","","0","1","1","0","0"
"POINT (13.281018389000099 52.476953305000102)","Unfall 233573 (2022) Kat:3, Licht: 0","233573","3","2","5","05","10","6","","0","1","1","0","0"
"POINT (13.385219234999999 52.498573851000103)","Unfall 233574 (2022) Kat:2, Licht: 0","233574","2","3","5","06","20","6","","0","1","1","0","0"
"POINT (13.427678894000101 52.507543672000097)","Unfall 233575 (2022) Kat:3, Licht: 0","233575","3","2","5","05","17","4","","0","1","1","0","0"
"POINT (13.403049825000000 52.531844385000099)","Unfall 233576 (2022) Kat:3, Licht: 0","233576","3","5","1","05","12","5","","0","1","1","0","0"
"POINT (13.621063552000100 52.513742905000100)","Unfall 233577 (2022) Kat:3, Licht: 0","233577","3","3","5","05","16","4","","0","1","1","0","0"
"POINT (13.408021568000001 52.452488177000099)","Unfall 233578 (2022) Kat:3, Licht: 0","233578","3","2","5","05","07","2","","0","1","1","0","0"
"POINT (13.380910020000000 52.516369670000103)","Unfall 233579 (2022) Kat:2, Licht: 1","233579","2","2","5","05","19","3","","1","0","1","0","0"
"POINT (13.281469908000100 52.511492378000099)","Unfall 233580 (2022) Kat:2, Licht: 0","233580","2","4","6","05","18","7","","0","0","1","1","0"
"POINT (13.407555816000100 52.573845298000002)","Unfall 233581 (2022) Kat:3, Licht: 0","233581","3","2","5","05","15","1","","0","1","0","0","0"
"POINT (13.592229497000099 52.462147968000103)","Unfall 233582 (2022) Kat:3, Licht: 0","233582","3","6","0","05","08","5","","0","1","0","0","0"
"POINT (13.418472010000100 52.553472369000097)","Unfall 233583 (2022) Kat:3, Licht: 0","233583","3","2","5","06","16","5","","0","1","1","0","0"
"POINT (13.352897306999999 52.529726124000000)","Unfall 233584 (2022) Kat:3, Licht: 0","233584","3","5","1","05","13","4","","0","0","1","0","0"
"POINT (13.306343030000100 52.476809207000002)","Unfall 233585 (2022) Kat:3, Licht: 2","233585","3","2","5","05","00","3","","2","0","1","0","0"
"POINT (13.424441003000000 52.499854207000098)","Unfall 233586 (2022) Kat:3, Licht: 0","233586","3","6","4","05","20","1","","0","1","1","0","0"
"POINT (13.405934029000001 52.516420267000100)","Unfall 233587 (2022) Kat:3, Licht: 0","233587","3","5","1","05","16","4","","0","0","0","0","1"
"POINT (13.427761287000100 52.420654340000098)","Unfall 233588 (2022) Kat:3, Licht: 0","233588","3","1","9","05","06","7","","0","0","1","0","0"
"POINT (13.301371453000099 52.506744307000098)","Unfall 233589 (2022) Kat:3, Licht: 0","233589","3","6","3","05","10","4","","0","0","0","0","0"
"POINT (13.624472429000001 52.448838297000101)","Unfall 233590 (2022) Kat:2, Licht: 0","233590","2","1","0","05","06","2","","0","0","0","0","1"
"POINT (13.473971902000100 52.425765351000102)","Unfall 233591 (2022) Kat:3, Licht: 0","233591","3","6","2","05","10","7","","0","0","1","0","1"
"POINT (13.404995492000101 52.514625894000098)","Unfall 233592 (2022) Kat:3, Licht: 0","233592","3","6","3","05","16","6","","0","1","0","0","0"
"POINT (13.377804112000000 52.412419464000003)","Unfall 233593 (2022) Kat:3, Licht: 0","233593","3","3","5","05","09","2","","0","0","1","0","0"
"POINT (13.434680991000100 52.478718567000001)","Unfall 233594 (2022) Kat:3, Licht: 0","233594","3","3","5","05","08","4","","0","1","1","0","0"
"POINT (13.494826992000100 52.545435413000099)","Unfall 233595 (2022) Kat:3, Licht: 0","233595","3","3","5","05","07","3","","0","1","1","0","0"
"POINT (13.402167179000100 52.602868383999997)","Unfall 233596 (2022) Kat:3, Licht: 0","233596","3","2","5","05","11","2","","0","1","1","0","0"
"POINT (13.402582564999999 52.523866154000103)","Unfall 233597 (2022) Kat:3, Licht: 0","233597","3","4","6","05","13","7","","0","0","0","1","0"
"POINT (13.334637927000101 52.468122134000097)","Unfall 233598 (2022) Kat:2, Licht: 0","233598","2","7","5","05","13","5","","0","0","1","0","1"
"POINT (13.371718253999999 52.542035232000003)","Unfall 233599 (2022) Kat:2, Licht: 2","233599","2","7","5","06","22","5","","2","0","1","0","1"
"POINT (13.462751569000000 52.615842721000000)","Unfall 233600 (2022) Kat:3, Licht: 0","233600","3","3","5","05","16","5","","0","0","1","0","0"
"POINT (13.354465966000101 52.534564950000103)","Unfall 233601 (2022) Kat:3, Licht: 0","233601","3","7","0","05","18","3","","0","1","1","0","0"
"POINT (13.507040882000100 52.448402784000102)","Unfall 233602 (2022) Kat:3, Licht: 0","233602","3","6","3","05","16","5","","0","1","1","0","0"
"POINT (13.359340144000001 52.485908666999997)","Unfall 233603 (2022) Kat:3, Licht: 0","233603","3","7","6","05","08","5","","0","1","0","1","0"
"POINT (13.324372102000000 52.592325818000099)","Unfall 233604 (2022) Kat:3, Licht: 0","233604","3","5","1","05","16","2","","0","1","1","0","0"
"POINT (13.321946165000000 52.585196957999997)","Unfall 233605 (2022) Kat:3, Licht: 0","233605","3","6","2","05","09","4","","0","1","1","0","0"
"POINT (13.354074774000001 52.483403959000000)","Unfall 233606 (2022) Kat:3, Licht: 0","233606","3","2","6","05","15","2","","0","0","1","1","0"
"POINT (13.452534216000100 52.539210565000097)","Unfall 233607 (2022) Kat:3, Licht: 2","233607","3","3","5","05","22","6","","2","0","1","0","0"
"POINT (13.377016624000101 52.491527156000103)","Unfall 233608 (2022) Kat:3, Licht: 0","233608","3","7","0","05","19","6","","0","0","0","0","0"
"POINT (13.360085735000000 52.521385287999998)","Unfall 233609 (2022) Kat:3, Licht: 0","233609","3","7","6","06","11","4","","0","1","0","1","0"
"POINT (13.443030219000001 52.614610380000002)","Unfall 233610 (2022) Kat:3, Licht: 0","233610","3","6","2","05","07","4","","0","0","1","0","0"
"POINT (13.312676102000101 52.499359965000103)","Unfall 233611 (2022) Kat:3, Licht: 0","233611","3","3","5","05","11","3","","0","1","1","0","0"
"POINT (13.325852330000000 52.505692644000099)","Unfall 233612 (2022) Kat:3, Licht: 0","233612","3","2","5","05","18","1","","0","1","0","0","0"
"POINT (13.393332858000100 52.513118188000099)","Unfall 233613 (2022) Kat:3, Licht: 0","233613","3","2","5","05","13","4","","0","1","1","0","0"
"POINT (13.390406807000000 52.535650660000002)","Unfall 233614 (2022) Kat:3, Licht: 0","233614","3","1","0","05","10","3","","0","0","0","0","1"
"POINT (13.604964252000100 52.487257821000100)","Unfall 233615 (2022) Kat:3, Licht: 0","233615","3","2","5","05","13","5","","0","1","1","0","0"
"POINT (13.428259964000100 52.518141120000102)","Unfall 233616 (2022) Kat:3, Licht: 2","233616","3","6","2","06","23","4","","2","0","1","0","1"
"POINT (13.331756272000099 52.453137490000103)","Unfall 233617 (2022) Kat:3, Licht: 0","233617","3","6","2","05","17","1","","0","0","1","0","0"
"POINT (13.414681190000101 52.553574386999998)","Unfall 233618 (2022) Kat:3, Licht: 0","233618","3","2","2","05","14","6","","0","1","1","0","0"
"POINT (13.466153894000101 52.500137112000097)","Unfall 233619 (2022) Kat:3, Licht: 0","233619","3","6","3","05","10","5","","0","0","1","0","0"
"POINT (13.352125926999999 52.505542091999999)","Unfall 233620 (2022) Kat:3, Licht: 0","233620","3","3","5","05","09","6","","0","0","1","0","0"
"POINT (13.358729045000100 52.536574409000103)","Unfall 233621 (2022) Kat:3, Licht: 0","233621","3","6","2","05","15","3","","0","0","1","0","0"
"POINT (13.350162401000000 52.513721567000097)","Unfall 233622 (2022) Kat:3, Licht: 0","233622","3","2","0","05","18","2","","0","0","0","1","1"
"POINT (13.411185363000101 52.503502267999998)","Unfall 233623 (2022) Kat:2, Licht: 2","233623","2","3","5","05","22","4","","2","1","1","0","0"
"POINT (13.339239818000101 52.466888161999996)","Unfall 233624 (2022) Kat:3, Licht: 0","233624","3","3","5","06","18","4","","0","1","1","0","0"
"POINT (13.204629441000099 52.536082837000002)","Unfall 233625 (2022) Kat:3, Licht: 0","233625","3","6","2","05","08","2","","0","0","1","0","0"
"POINT (13.387849843000000 52.492764477000001)","Unfall 233626 (2022) Kat:3, Licht: 0","233626","3","2","5","05","07","2","","0","1","0","0","0"
"POINT (13.423860325000000 52.502363088999999)","Unfall 233627 (2022) Kat:2, Licht: 0","233627","2","4","6","05","18","6","","0","0","0","1","0"
"POINT (13.527088406000100 52.492142637000001)","Unfall 233628 (2022) Kat:3, Licht: 0","233628","3","2","5","06","09","6","","0","1","1","0","0"
"POINT (13.572197700000100 52.548467801000101)","Unfall 233629 (2022) Kat:3, Licht: 0","233629","3","4","0","05","16","4","","0","0","1","1","0"
"POINT (13.331021073000000 52.491339695000100)","Unfall 233630 (2022) Kat:3, Licht: 0","233630","3","2","5","05","16","5","","0","1","1","0","0"
"POINT (13.438847719000000 52.480386280000097)","Unfall 233631 (2022) Kat:3, Licht: 0","233631","3","3","5","05","07","5","","0","1","0","0","0"
"POINT (13.345384703000001 52.554299266999998)","Unfall 233632 (2022) Kat:3, Licht: 0","233632","3","2","5","05","13","2","","0","1","1","0","0"
"POINT (13.315958400000101 52.441012669000003)","Unfall 233633 (2022) Kat:3, Licht: 0","233633","3","5","1","05","15","3","","0","0","1","0","0"
"POINT (13.317960834000100 52.505995916000103)","Unfall 233634 (2022) Kat:3, Licht: 0","233634","3","6","2","05","16","7","","0","0","1","0","1"
"POINT (13.294773146000100 52.576255376000098)","Unfall 233635 (2022) Kat:3, Licht: 0","233635","3","6","3","05","17","7","","0","0","1","0","1"
"POINT (13.358286316999999 52.537871463000002)","Unfall 233636 (2022) Kat:3, Licht: 0","233636","3","4","6","05","10","5","","0","0","1","1","0"
"POINT (13.188212339000099 52.503804058000100)","Unfall 233637 (2022) Kat:3, Licht: 0","233637","3","3","5","06","08","5","","0","1","1","0","0"
"POINT (13.442787596000100 52.465088043000002)","Unfall 233638 (2022) Kat:3, Licht: 0","233638","3","2","5","05","12","4","","0","0","1","0","0"
"POINT (13.354956075000100 52.551753992000002)","Unfall 233639 (2022) Kat:3, Licht: 0","233639","3","2","5","05","16","3","","0","1","1","0","0"
"POINT (13.342600630000000 52.504827648999999)","Unfall 233640 (2022) Kat:3, Licht: 0","233640","3","6","2","05","14","7","","0","0","1","0","0"
"POINT (13.401161629000100 52.539713696000000)","Unfall 233641 (2022) Kat:3, Licht: 0","233641","3","6","3","05","09","4","","0","1","0","0","0"
"POINT (13.399871579999999 52.509288347000101)","Unfall 233642 (2022) Kat:3, Licht: 0","233642","3","5","1","05","09","1","","0","0","1","0","0"
"POINT (13.303402899000000 52.432260330000098)","Unfall 233643 (2022) Kat:3, Licht: 0","233643","3","2","5","05","16","4","","0","1","0","0","0"
"POINT (13.315205053000099 52.446983784000103)","Unfall 233644 (2022) Kat:3, Licht: 0","233644","3","3","5","05","16","2","","0","0","1","0","1"
"POINT (13.326672606000001 52.530160986000098)","Unfall 233645 (2022) Kat:3, Licht: 1","233645","3","1","1","05","20","7","","1","0","0","0","1"
"POINT (13.348765895000000 52.502074002000001)","Unfall 233646 (2022) Kat:3, Licht: 0","233646","3","6","3","05","16","6","","0","0","1","0","1"
"POINT (13.526956855000000 52.486581856000001)","Unfall 233647 (2022) Kat:3, Licht: 0","233647","3","2","5","06","15","4","","0","0","1","0","0"
"POINT (13.324170703000000 52.471125766999997)","Unfall 233648 (2022) Kat:3, Licht: 0","233648","3","7","2","05","16","3","","0","0","1","0","0"
"POINT (13.333320537000100 52.468680350000099)","Unfall 233649 (2022) Kat:3, Licht: 0","233649","3","6","3","05","20","2","","0","0","1","0","1"
"POINT (13.387694282000000 52.526234334000002)","Unfall 233650 (2022) Kat:3, Licht: 0","233650","3","1","0","05","15","6","","0","1","0","0","0"
"POINT (13.512019018000000 52.448785032000004)","Unfall 233651 (2022) Kat:3, Licht: 0","233651","3","2","5","05","09","3","","0","0","1","0","0"
"POINT (13.305865326999999 52.524667845000103)","Unfall 233652 (2022) Kat:3, Licht: 0","233652","3","3","5","05","17","2","","0","1","0","0","0"
"POINT (13.271997134000101 52.479740522999997)","Unfall 233653 (2022) Kat:3, Licht: 0","233653","3","6","3","05","10","4","","0","1","1","0","0"
"POINT (13.303700531000100 52.503691142999998)","Unfall 233654 (2022) Kat:3, Licht: 0","233654","3","7","0","06","19","5","","0","1","0","0","0"
"POINT (13.379391408000100 52.540184022000098)","Unfall 233655 (2022) Kat:3, Licht: 0","233655","3","3","5","05","15","6","","0","1","1","0","0"
"POINT (13.306190367000100 52.526612623000098)","Unfall 233656 (2022) Kat:2, Licht: 0","233656","2","7","2","05","17","5","","0","1","1","0","0"
"POINT (13.352730289000000 52.506499860000098)","Unfall 233657 (2022) Kat:3, Licht: 0","233657","3","6","3","05","13","5","","0","0","1","0","0"
"POINT (13.430207233999999 52.550905209000099)","Unfall 233658 (2022) Kat:3, Licht: 0","233658","3","2","5","05","16","2","","0","1","1","0","0"
"POINT (13.375196050000101 52.510033600000000)","Unfall 233659 (2022) Kat:3, Licht: 0","233659","3","3","0","05","20","4","","0","1","0","0","1"
"POINT (13.315195535999999 52.421986306000100)","Unfall 233660 (2022) Kat:3, Licht: 0","233660","3","3","5","06","13","5","","0","1","1","0","0"
"POINT (13.449662692000100 52.479280220000099)","Unfall 233661 (2022) Kat:3, Licht: 0","233661","3","6","2","05","14","3","","0","0","1","0","0"
"POINT (13.219236563000001 52.537153865999997)","Unfall 233662 (2022) Kat:3, Licht: 0","233662","3","2","5","05","15","2","","0","0","1","0","0"
"POINT (13.330999783999999 52.500561099999999)","Unfall 233663 (2022) Kat:3, Licht: 0","233663","3","2","5","05","08","6","","0","0","1","0","0"
"POINT (13.285507062000001 52.594921342000099)","Unfall 233664 (2022) Kat:3, Licht: 0","233664","3","1","0","05","09","3","","0","0","0","0","1"
"POINT (13.341506205000000 52.500812967999998)","Unfall 233665 (2022) Kat:3, Licht: 0","233665","3","5","1","05","18","3","","0","1","1","0","0"
"POINT (13.377165076000001 52.599052698999998)","Unfall 233666 (2022) Kat:3, Licht: 0","233666","3","3","5","05","06","5","","0","0","1","0","0"
"POINT (13.597547023000100 52.480424561000099)","Unfall 233667 (2022) Kat:3, Licht: 0","233667","3","3","5","06","15","5","","0","1","1","0","0"
"POINT (13.342362425999999 52.440964414000099)","Unfall 233668 (2022) Kat:3, Licht: 0","233668","3","2","5","05","18","6","","0","0","1","0","0"
"POINT (13.316042784000000 52.440753492000098)","Unfall 233669 (2022) Kat:3, Licht: 0","233669","3","4","6","05","09","6","","0","0","0","1","0"
"POINT (13.330803378000001 52.562674055000102)","Unfall 233670 (2022) Kat:2, Licht: 2","233670","2","4","6","05","22","5","","2","0","1","1","0"
"POINT (13.572994010000100 52.411815008000097)","Unfall 233671 (2022) Kat:3, Licht: 0","233671","3","2","5","05","10","2","","0","1","1","0","0"
"POINT (13.422588176000000 52.474769291000001)","Unfall 233672 (2022) Kat:3, Licht: 0","233672","3","3","5","05","17","4","","0","1","1","0","0"
"POINT (13.361216788000000 52.494421599000098)","Unfall 233673 (2022) Kat:3, Licht: 0","233673","3","2","5","06","07","4","","0","1","1","0","0"
"POINT (13.479407074999999 52.553281523000102)","Unfall 233674 (2022) Kat:2, Licht: 0","233674","2","2","5","05","13","2","","0","0","1","0","1"
"POINT (13.305036272000100 52.417913784000099)","Unfall 233675 (2022) Kat:3, Licht: 0","233675","3","2","5","05","18","1","","0","1","1","0","0"
"POINT (13.586141120000001 52.425569417000098)","Unfall 233676 (2022) Kat:3, Licht: 0","233676","3","2","5","05","15","5","","0","0","1","0","0"
"POINT (13.486692900000000 52.502229044000003)","Unfall 233677 (2022) Kat:3, Licht: 0","233677","3","6","2","06","21","5","","0","0","1","0","0"
"POINT (13.339920379000000 52.518806520000098)","Unfall 233678 (2022) Kat:3, Licht: 0","233678","3","2","5","05","19","4","","0","0","1","0","0"
"POINT (13.488342568000100 52.526610817000098)","Unfall 233679 (2022) Kat:3, Licht: 0","233679","3","1","0","05","18","5","","0","1","0","0","0"
"POINT (13.265911821000000 52.415840404000100)","Unfall 233680 (2022) Kat:3, Licht: 0","233680","3","1","0","05","16","5","","0","0","0","0","1"
"POINT (13.550132868000000 52.543804963000099)","Unfall 233681 (2022) Kat:3, Licht: 0","233681","3","7","0","05","14","1","","0","1","0","0","0"
"POINT (13.416614425000001 52.511289786000098)","Unfall 233682 (2022) Kat:3, Licht: 0","233682","3","4","6","05","11","3","","0","0","1","1","0"
"POINT (13.150422076000000 52.553957560000100)","Unfall 233683 (2022) Kat:3, Licht: 1","233683","3","7","2","05","20","3","","1","0","1","0","1"
"POINT (13.185617533000000 52.507169256000097)","Unfall 233684 (2022) Kat:3, Licht: 0","233684","3","5","1","05","20","7","","0","1","1","0","0"
"POINT (13.339288487999999 52.459489786000098)","Unfall 233685 (2022) Kat:3, Licht: 0","233685","3","7","0","05","10","7","","0","1","1","0","0"
"POINT (13.345549501000100 52.447480063000100)","Unfall 233686 (2022) Kat:3, Licht: 0","233686","3","3","0","05","18","4","","0","0","1","0","1"
"POINT (13.279277563000100 52.459573714999998)","Unfall 233687 (2022) Kat:3, Licht: 0","233687","3","7","6","06","09","5","","0","0","1","1","0"
"POINT (13.417849023000000 52.506607348000003)","Unfall 233688 (2022) Kat:3, Licht: 0","233688","3","3","5","05","16","4","","0","0","0","0","0"
"POINT (13.268782448000000 52.404901757000097)","Unfall 233689 (2022) Kat:3, Licht: 0","233689","3","7","5","05","09","3","","0","0","1","0","1"
"POINT (13.408906903000100 52.524183498000099)","Unfall 233690 (2022) Kat:3, Licht: 0","233690","3","2","5","05","16","1","","0","1","1","0","0"
"POINT (13.452687349000000 52.561396650000098)","Unfall 233691 (2022) Kat:3, Licht: 0","233691","3","2","5","05","09","4","","0","1","1","0","0"
"POINT (13.573316101000000 52.394326139000000)","Unfall 233692 (2022) Kat:3, Licht: 0","233692","3","2","5","05","17","4","","0","1","1","0","0"
"POINT (13.391385118000100 52.513133159000098)","Unfall 233693 (2022) Kat:2, Licht: 2","233693","2","4","0","05","22","7","","2","0","0","1","1"
"POINT (13.440768374000100 52.517541409000003)","Unfall 233694 (2022) Kat:3, Licht: 0","233694","3","3","5","05","19","2","","0","1","1","0","0"
"POINT (13.424275585000000 52.389847455999998)","Unfall 233695 (2022) Kat:3, Licht: 0","233695","3","6","4","05","11","7","","0","1","1","0","0"
"POINT (13.209560177000100 52.561475074999997)","Unfall 233696 (2022) Kat:3, Licht: 0","233696","3","5","1","05","16","6","","0","1","1","0","0"
"POINT (13.382956902000000 52.542264712000097)","Unfall 233697 (2022) Kat:3, Licht: 0","233697","3","2","5","05","07","3","","0","1","1","0","0"
"POINT (13.460799247000100 52.557758082000099)","Unfall 233698 (2022) Kat:3, Licht: 0","233698","3","6","2","05","18","2","","0","1","1","0","0"
"POINT (13.408018790000000 52.526999228000101)","Unfall 233699 (2022) Kat:3, Licht: 0","233699","3","2","5","05","18","6","","0","1","1","0","0"
"POINT (13.401533733000100 52.523623645000001)","Unfall 233700 (2022) Kat:2, Licht: 0","233700","2","6","0","05","07","3","","0","1","0","0","0"
"POINT (13.354173518000000 52.449107018000099)","Unfall 233701 (2022) Kat:3, Licht: 0","233701","3","7","6","05","09","3","","0","0","1","1","0"
"POINT (13.429170145000100 52.545147489000001)","Unfall 233702 (2022) Kat:3, Licht: 0","233702","3","1","0","05","13","5","","0","1","0","0","0"
"POINT (13.324070318000100 52.418614642000101)","Unfall 233703 (2022) Kat:3, Licht: 0","233703","3","3","5","06","16","4","","0","0","1","0","0"
"POINT (13.206439494000101 52.529381119000000)","Unfall 233704 (2022) Kat:3, Licht: 0","233704","3","4","6","05","14","6","","0","0","1","1","0"
"POINT (13.370165246999999 52.544704760000101)","Unfall 233705 (2022) Kat:3, Licht: 2","233705","3","1","0","05","00","6","","2","0","0","0","1"
"POINT (13.326232474999999 52.538049860999998)","Unfall 233706 (2022) Kat:3, Licht: 0","233706","3","2","5","05","13","6","","0","0","1","0","0"
"POINT (13.376643328000100 52.487473158999997)","Unfall 233707 (2022) Kat:3, Licht: 0","233707","3","5","1","05","07","2","","0","1","1","0","0"
"POINT (13.260150121000001 52.427779891000100)","Unfall 233708 (2022) Kat:3, Licht: 1","233708","3","6","0","05","20","4","","1","0","1","0","1"
"POINT (13.366208498000001 52.427141560000102)","Unfall 233709 (2022) Kat:3, Licht: 0","233709","3","5","1","05","12","4","","0","0","1","0","1"
"POINT (13.409795900000100 52.524014490000098)","Unfall 233710 (2022) Kat:3, Licht: 0","233710","3","2","5","05","14","3","","0","1","1","0","0"
"POINT (13.285050986000000 52.506451114000100)","Unfall 233711 (2022) Kat:3, Licht: 0","233711","3","7","0","05","07","2","","0","1","0","0","0"
"POINT (13.294048401000101 52.533362108000098)","Unfall 233712 (2022) Kat:3, Licht: 0","233712","3","3","5","05","05","2","","0","1","1","0","0"
"POINT (13.271174941000000 52.576078410000001)","Unfall 233713 (2022) Kat:3, Licht: 0","233713","3","7","2","05","12","5","","0","0","1","0","1"
"POINT (13.291487377000101 52.596016945000002)","Unfall 233714 (2022) Kat:3, Licht: 0","233714","3","2","5","05","13","5","","0","1","1","0","0"
"POINT (13.410205852000001 52.517490334999998)","Unfall 233715 (2022) Kat:3, Licht: 1","233715","3","3","5","05","20","3","","1","0","1","0","1"
"POINT (13.425717222000101 52.576370057000098)","Unfall 233716 (2022) Kat:2, Licht: 0","233716","2","4","6","05","18","5","","0","1","0","1","0"
"POINT (13.464302373000100 52.510110360000098)","Unfall 233717 (2022) Kat:2, Licht: 0","233717","2","1","0","05","06","5","","0","0","0","0","1"
"POINT (13.453897264000000 52.495636976000100)","Unfall 233718 (2022) Kat:3, Licht: 0","233718","3","3","5","05","16","2","","0","1","1","0","0"
"POINT (13.523582114000000 52.478917434000003)","Unfall 233719 (2022) Kat:3, Licht: 0","233719","3","1","0","05","12","3","","0","1","0","0","0"
"POINT (13.364466720999999 52.601303858000101)","Unfall 233720 (2022) Kat:2, Licht: 2","233720","2","4","6","05","23","2","","2","0","1","1","0"
"POINT (13.350363954000001 52.584124262000003)","Unfall 233721 (2022) Kat:3, Licht: 0","233721","3","7","7","05","19","2","","0","0","0","0","1"
"POINT (13.376976193000100 52.511336287000098)","Unfall 233722 (2022) Kat:3, Licht: 0","233722","3","1","0","05","17","6","","0","0","0","0","0"
"POINT (13.362692666999999 52.499755872000001)","Unfall 233723 (2022) Kat:3, Licht: 0","233723","3","2","5","05","20","4","","0","1","1","0","0"
"POINT (13.346003210999999 52.562767425000096)","Unfall 233724 (2022) Kat:3, Licht: 0","233724","3","1","0","06","10","4","","0","1","0","0","0"
"POINT (13.462709803999999 52.530104666000099)","Unfall 233725 (2022) Kat:3, Licht: 0","233725","3","2","5","05","08","2","","0","1","1","0","0"
"POINT (13.285563631000100 52.594876313999997)","Unfall 233726 (2022) Kat:3, Licht: 0","233726","3","6","3","05","19","1","","0","0","1","0","1"
"POINT (13.385156551000000 52.502304731000002)","Unfall 233727 (2022) Kat:3, Licht: 0","233727","3","2","0","05","07","5","","0","1","1","0","0"
"POINT (13.324271115000000 52.480761777000097)","Unfall 233728 (2022) Kat:3, Licht: 0","233728","3","7","6","05","19","4","","0","1","0","1","0"
"POINT (13.376588558000000 52.485242121000098)","Unfall 233729 (2022) Kat:3, Licht: 0","233729","3","6","0","05","15","5","","0","1","0","0","0"
"POINT (13.325807479000000 52.506184986000100)","Unfall 233730 (2022) Kat:3, Licht: 0","233730","3","6","2","05","14","5","","0","1","1","0","0"
"POINT (13.188147645000100 52.522356009000099)","Unfall 233731 (2022) Kat:3, Licht: 0","233731","3","7","0","05","16","2","","0","1","0","0","0"
"POINT (13.390685216000101 52.420056983000102)","Unfall 233732 (2022) Kat:3, Licht: 0","233732","3","2","0","05","07","4","","0","1","1","0","0"
"POINT (13.377055405000000 52.508596146999999)","Unfall 233733 (2022) Kat:3, Licht: 0","233733","3","2","5","05","19","3","","0","1","1","0","0"
"POINT (13.318585187000100 52.505960858000002)","Unfall 233734 (2022) Kat:3, Licht: 0","233734","3","7","0","05","15","7","","0","1","1","0","0"
"POINT (13.358272272000001 52.501010462000103)","Unfall 233735 (2022) Kat:3, Licht: 2","233735","3","2","6","05","01","7","","2","0","1","1","0"
"POINT (13.194991409000099 52.531557769000102)","Unfall 233736 (2022) Kat:3, Licht: 0","233736","3","7","1","05","19","4","","0","1","1","0","0"