WKT,Name,OBJECTID,UKATEGORIE,UTYP1,UART,UMONAT,USTUNDE,UWOCHENTAG,STRZUSTAND,ULICHTVERH,ISTRAD,ISTPKW,ISTFUSS,ISTKRAD
"POINT (13.304699458000099 52.517926199999998)","Unfall 233737 (2022) Kat:3, Licht: 0","233737","3","6","2","06","18","5","","0","0","1","0","0"
"POINT (13.580737817000101 52.457492993000102)","Unfall 233738 (2022) Kat:3, Licht: 0","233738","3","7","6","05","11","3","","0","1","0","1","0"
"POINT (13.145532289000100 52.415215288000098)","Unfall 233739 (2022) Kat:3, Licht: 0","233739","3","4","6","05","13","2","","0","0","1","1","0"
"POINT (13.169295874000101 52.470370542000097)","Unfall 233740 (2022) Kat:3, Licht: 2","233740","3","4","6","05","22","7","","2","0","1","1","0"
"POINT (13.373902233000001 52.595251900000100)","Unfall 233741 (2022) Kat:3, Licht: 2","233741","3","5","1","05","21","4","","2","1","1","0","0"
"POINT (13.398396807999999 52.507050951000103)","Unfall 233742 (2022) Kat:3, Licht: 0","233742","3","2","5","05","12","4","","0","1","0","0","0"
"POINT (13.376147319999999 52.458887949000001)","Unfall 233743 (2022) Kat:3, Licht: 0","233743","3","2","0","05","06","5","","0","0","1","1","0"
"POINT (13.408876846000100 52.571186105999999)","Unfall 233744 (2022) Kat:3, Licht: 0","233744","3","7","1","05","09","7","","0","0","1","0","0"
"POINT (13.373763032000101 52.523396514000098)","Unfall 233745 (2022) Kat:3, Licht: 0","233745","3","3","5","05","19","3","","0","1","1","0","0"
"POINT (13.404691458000100 52.539765880000097)","Unfall 233746 (2022) Kat:2, Licht: 2","233746","2","3","5","05","00","7","","2","0","1","0","0"
"POINT (13.395575796000101 52.498835638999999)","Unfall 233747 (2022) Kat:3, Licht: 0","233747","3","6","3","05","17","6","","0","1","1","0","0"
"POINT (13.280607881000000 52.516872089000103)","Unfall 233748 (2022) Kat:3, Licht: 0","233748","3","2","5","05","05","3","","0","1","1","0","0"
"POINT (13.393751868000001 52.510812160000100)","Unfall 233749 (2022) Kat:3, Licht: 2","233749","3","3","5","05","22","2","","2","1","0","0","0"
"POINT (13.305903247000099 52.523356572000097)","Unfall 233750 (2022) Kat:3, Licht: 0","233750","3","2","5","05","10","6","","0","1","1","0","0"
"POINT (13.497471754999999 52.458230759999999)","Unfall 233751 (2022) Kat:3, Licht: 0","233751","3","2","5","05","08","3","","0","1","1","0","0"
"POINT (13.117282321000101 52.453657410000098)","Unfall 233752 (2022) Kat:3, Licht: 0","233752","3","1","8","05","20","2","","0","0","1","0","0"
"POINT (13.424801860000100 52.483717315000000)","Unfall 233753 (2022) Kat:3, Licht: 0","233753","3","6","2","05","12","5","","0","0","1","0","0"
"POINT (13.319892723000100 52.607041847000097)","Unfall 233754 (2022) Kat:3, Licht: 0","233754","3","7","2","06","11","4","","0","0","1","0","0"
"POINT (13.346260287000099 52.501244593000102)","Unfall 233755 (2022) Kat:3, Licht: 0","233755","3","1","0","05","15","3","","0","1","0","0","0"
"POINT (13.397606089000000 52.528845230999998)","Unfall 233756 (2022) Kat:2, Licht: 0","233756","2","2","5","05","14","2","","0","1","0","0","0"
"POINT (13.390305750000000 52.508594277999997)","Unfall 233757 (2022) Kat:3, Licht: 0","233757","3","3","5","05","10","7","","0","0","1","0","0"
"POINT (13.335045490000001 52.462642458000097)","Unfall 233758 (2022) Kat:3, Licht: 0","233758","3","2","5","05","08","6","","0","1","1","0","0"
"POINT (13.443486135000100 52.533490132000097)","Unfall 233759 (2022) Kat:3, Licht: 0","233759","3","7","0","05","07","6","","0","1","0","0","0"
"POINT (13.342304187000000 52.439483912000100)","Unfall 233760 (2022) Kat:3, Licht: 0","233760","3","3","5","05","19","2","","0","1","1","0","0"
"POINT (13.333120914000100 52.560475564999997)","Unfall 233761 (2022) Kat:3, Licht: 0","233761","3","2","0","05","13","4","","0","1","1","0","0"
"POINT (13.469443292000101 52.542560670000100)","Unfall 233762 (2022) Kat:2, Licht: 0","233762","2","7","5","05","12","3","","0","0","0","0","1"
"POINT (13.426715065000099 52.515742334000002)","Unfall 233763 (2022) Kat:3, Licht: 0","233763","3","3","2","05","13","2","","0","1","1","0","0"
"POINT (13.326099061000001 52.538377687000001)","Unfall 233764 (2022) Kat:3, Licht: 0","233764","3","2","5","05","15","1","","0","0","1","0","0"
"POINT (13.417110579999999 52.605496357000000)","Unfall 233765 (2022) Kat:2, Licht: 0","233765","2","3","5","05","16","5","","0","0","1","0","1"
"POINT (13.490351972999999 52.503514053000103)","Unfall 233766 (2022) Kat:3, Licht: 0","233766","3","3","5","06","12","5","","0","1","1","0","0"
"POINT (13.281457815000101 52.511574913000103)","Unfall 233767 (2022) Kat:3, Licht: 0","233767","3","3","5","05","10","6","","0","0","1","0","0"
"POINT (13.325880788000100 52.560931727000103)","Unfall 233768 (2022) Kat:3, Licht: 0","233768","3","6","3","05","15","3","","0","0","1","0","1"
"POINT (13.403150430000000 52.524678960000102)","Unfall 233769 (2022) Kat:2, Licht: 0","233769","2","1","0","05","07","5","","0","1","0","0","0"
"POINT (13.499111798000101 52.518168746000100)","Unfall 233770 (2022) Kat:3, Licht: 0","233770","3","3","0","05","14","5","","0","0","1","0","0"
"POINT (13.449485923000100 52.480710866000003)","Unfall 233771 (2022) Kat:3, Licht: 1","233771","3","7","6","05","20","1","","1","0","1","1","0"
"POINT (13.266841734000000 52.430131170999999)","Unfall 233772 (2022) Kat:3, Licht: 0","233772","3","6","2","05","11","3","","0","1","0","0","0"
"POINT (13.401193821000000 52.510415651000102)","Unfall 233773 (2022) Kat:3, Licht: 0","233773","3","2","5","05","08","3","","0","1","0","0","0"
"POINT (13.583024494000000 52.527112359999997)","Unfall 233774 (2022) Kat:3, Licht: 0","233774","3","3","5","05","19","6","","0","1","1","0","0"
"POINT (13.392658435000000 52.527878141000002)","Unfall 233775 (2022) Kat:3, Licht: 0","233775","3","6","3","05","07","6","","0","1","1","0","0"
"POINT (13.427574253000000 52.475581108000000)","Unfall 233776 (2022) Kat:3, Licht: 1","233776","3","3","5","06","20","4","","1","0","1","0","1"
"POINT (13.282414501000099 52.590867831000097)","Unfall 233777 (2022) Kat:3, Licht: 0","233777","3","2","5","05","17","4","","0","0","1","0","0"
"POINT (13.597623703000099 52.502349485000103)","Unfall 233778 (2022) Kat:3, Licht: 0","233778","3","3","5","05","06","3","","0","0","1","0","0"
"POINT (13.411802362000101 52.523967011000103)","Unfall 233779 (2022) Kat:3, Licht: 0","233779","3","2","5","05","07","2","","0","0","1","0","0"
"POINT (13.394502684000001 52.491411088000099)","Unfall 233780 (2022) Kat:3, Licht: 0","233780","3","2","5","05","08","4","","0","0","1","0","0"
"POINT (13.383836932000101 52.493509211000102)","Unfall 233781 (2022) Kat:2, Licht: 0","233781","2","6","4","05","18","3","","0","1","0","0","0"
"POINT (13.348354268000000 52.423298533000001)","Unfall 233782 (2022) Kat:3, Licht: 0","233782","3","5","1","05","13","5","","0","1","1","0","0"
"POINT (13.403473051000001 52.532279296000098)","Unfall 233783 (2022) Kat:3, Licht: 0","233783","3","1","0","05","15","1","","0","1","0","0","0"
"POINT (13.369787133000001 52.589391573000100)","Unfall 233784 (2022) Kat:3, Licht: 0","233784","3","7","2","05","12","6","","0","0","0","0","1"
"POINT (13.327481841000100 52.425882174999998)","Unfall 233785 (2022) Kat:3, Licht: 0","233785","3","7","0","05","18","5","","0","1","1","0","0"
"POINT (13.360294311000100 52.490432458999997)","Unfall 233786 (2022) Kat:3, Licht: 0","233786","3","2","2","05","10","7","","0","0","1","0","0"
"POINT (13.274911285000000 52.548551643000103)","Unfall 233787 (2022) Kat:3, Licht: 0","233787","3","7","5","05","19","3","","0","0","1","0","1"
"POINT (13.328322378999999 52.534710431000100)","Unfall 233788 (2022) Kat:3, Licht: 0","233788","3","2","5","05","15","2","","0","0","1","0","1"
"POINT (13.559991230000000 52.435542761000100)","Unfall 233789 (2022) Kat:3, Licht: 0","233789","3","2","5","05","15","4","","0","1","0","0","0"
"POINT (13.236449972000100 52.542018347000102)","Unfall 233790 (2022) Kat:3, Licht: 2","233790","3","5","1","06","03","4","","2","0","1","0","0"
"POINT (13.223616280000000 52.429914748999998)","Unfall 233791 (2022) Kat:3, Licht: 0","233791","3","2","5","05","11","2","","0","1","1","0","0"
"POINT (13.441947060000100 52.550303339000003)","Unfall 233792 (2022) Kat:3, Licht: 0","233792","3","2","5","06","18","4","","0","1","1","0","0"
"POINT (13.424810239000101 52.483447366000100)","Unfall 233793 (2022) Kat:3, Licht: 2","233793","3","7","6","06","02","7","","2","0","0","1","0"
"POINT (13.426640274000000 52.499280946000098)","Unfall 233794 (2022) Kat:3, Licht: 0","233794","3","6","3","06","15","5","","0","1","1","0","0"
"POINT (13.574383895000000 52.421907614000098)","Unfall 233795 (2022) Kat:3, Licht: 2","233795","3","1","1","06","00","1","","2","0","1","0","0"
"POINT (13.351197302000100 52.504282187000101)","Unfall 233796 (2022) Kat:3, Licht: 0","233796","3","2","5","06","08","2","","0","1","1","0","0"
"POINT (13.391304591000100 52.555169212000102)","Unfall 233797 (2022) Kat:3, Licht: 0","233797","3","6","3","07","13","7","","0","0","1","0","0"
"POINT (13.445462708999999 52.501609621000100)","Unfall 233798 (2022) Kat:3, Licht: 0","233798","3","4","0","06","19","3","","0","0","0","1","1"
"POINT (13.301765420000001 52.474358717000001)","Unfall 233799 (2022) Kat:3, Licht: 0","233799","3","5","1","07","13","4","","0","1","1","0","0"
"POINT (13.602717312999999 52.522970305000101)","Unfall 233800 (2022) Kat:3, Licht: 0","233800","3","3","5","06","18","6","","0","0","1","0","1"
"POINT (13.235924645000100 52.621085919000102)","Unfall 233801 (2022) Kat:3, Licht: 0","233801","3","2","5","06","20","5","","0","1","1","0","0"
"POINT (13.199522368000000 52.534867883000103)","Unfall 233802 (2022) Kat:2, Licht: 0","233802","2","2","5","06","06","6","","0","1","1","0","0"
"POINT (13.428331093000100 52.486854092999998)","Unfall 233803 (2022) Kat:3, Licht: 0","233803","3","5","1","06","19","4","","0","1","1","0","0"
"POINT (13.520760951000099 52.568335992000101)","Unfall 233804 (2022) Kat:3, Licht: 2","233804","3","1","9","07","01","3","","2","0","1","0","0"
"POINT (13.394603797000100 52.527950601000001)","Unfall 233805 (2022) Kat:2, Licht: 0","233805","2","4","6","06","11","6","","0","1","0","1","0"
"POINT (13.363690893000101 52.549311078000102)","Unfall 233806 (2022) Kat:3, Licht: 0","233806","3","6","2","06","07","6","","0","0","0","0","1"
"POINT (13.154317263999999 52.530731560000000)","Unfall 233807 (2022) Kat:3, Licht: 0","233807","3","1","0","06","20","1","","0","0","0","0","1"
"POINT (13.296306682000001 52.519366361000003)","Unfall 233808 (2022) Kat:2, Licht: 0","233808","2","4","6","07","06","6","","0","0","0","1","1"
"POINT (13.598245967000000 52.543855491999999)","Unfall 233809 (2022) Kat:3, Licht: 0","233809","3","7","0","06","14","4","","0","1","0","0","0"
"POINT (13.504953519000001 52.563312424000102)","Unfall 233810 (2022) Kat:3, Licht: 0","233810","3","2","3","06","16","2","","0","0","1","0","0"
"POINT (13.489889908000100 52.558031585000002)","Unfall 233811 (2022) Kat:3, Licht: 0","233811","3","3","5","06","07","5","","0","1","0","0","0"
"POINT (13.265748268999999 52.517265766000001)","Unfall 233812 (2022) Kat:3, Licht: 0","233812","3","7","7","07","08","5","","0","1","0","0","0"
"POINT (13.391802621000100 52.522074957000001)","Unfall 233813 (2022) Kat:3, Licht: 0","233813","3","3","5","07","18","3","","0","1","0","0","1"
"POINT (13.505082607000100 52.629358895999999)","Unfall 233814 (2022) Kat:3, Licht: 0","233814","3","7","5","06","11","5","","0","0","1","0","1"
"POINT (13.198596303000000 52.555326241000003)","Unfall 233815 (2022) Kat:2, Licht: 0","233815","2","2","5","06","18","1","","0","0","1","0","1"
"POINT (13.614595577999999 52.502305949000103)","Unfall 233816 (2022) Kat:3, Licht: 1","233816","3","1","4","07","20","5","","1","0","1","0","0"
"POINT (13.437381436000100 52.448451877000103)","Unfall 233817 (2022) Kat:3, Licht: 0","233817","3","2","5","06","06","5","","0","1","1","0","0"
"POINT (13.383008265999999 52.530604091999997)","Unfall 233818 (2022) Kat:3, Licht: 0","233818","3","2","5","06","06","3","","0","0","0","0","1"
"POINT (13.274486388000099 52.510898263000101)","Unfall 233819 (2022) Kat:3, Licht: 0","233819","3","7","7","07","11","2","","0","1","1","0","0"
"POINT (13.431358667000000 52.424321098000100)","Unfall 233820 (2022) Kat:3, Licht: 0","233820","3","5","1","06","11","7","","0","1","1","0","0"
"POINT (13.411768296000000 52.540491783999997)","Unfall 233821 (2022) Kat:3, Licht: 1","233821","3","2","5","06","21","5","","1","1","1","0","0"
"POINT (13.341238623000001 52.500366863000103)","Unfall 233822 (2022) Kat:2, Licht: 2","233822","2","7","0","06","23","3","","2","1","0","0","0"
"POINT (13.432295915000100 52.516111833000103)","Unfall 233823 (2022) Kat:2, Licht: 2","233823","2","5","5","06","21","1","","2","0","0","0","1"
"POINT (13.441264994999999 52.549572565000098)","Unfall 233824 (2022) Kat:3, Licht: 0","233824","3","3","5","06","09","4","","0","0","1","0","0"
"POINT (13.496945838000000 52.415613285000099)","Unfall 233825 (2022) Kat:3, Licht: 0","233825","3","6","2","07","09","3","","0","0","1","0","0"
"POINT (13.434906335000100 52.440300807000000)","Unfall 233826 (2022) Kat:3, Licht: 0","233826","3","2","5","07","16","2","","0","1","1","0","0"
"POINT (13.356845435000000 52.535672234000103)","Unfall 233827 (2022) Kat:2, Licht: 0","233827","2","2","5","06","14","5","","0","0","1","0","0"
"POINT (13.357303302000000 52.535904505000097)","Unfall 233828 (2022) Kat:3, Licht: 2","233828","3","2","0","06","02","3","","2","1","1","0","0"
"POINT (13.331891403000000 52.533856755999999)","Unfall 233829 (2022) Kat:3, Licht: 0","233829","3","2","5","06","18","7","","0","1","1","0","0"
"POINT (13.426402359000100 52.476987985000100)","Unfall 233830 (2022) Kat:2, Licht: 0","233830","2","3","5","06","19","5","","0","1","0","0","0"
"POINT (13.426248489000001 52.512025944000101)","Unfall 233831 (2022) Kat:2, Licht: 0","233831","2","5","1","06","17","1","","0","1","1","0","0"
"POINT (13.402461311000000 52.442261191000100)","Unfall 233832 (2022) Kat:3, Licht: 2","233832","3","5","1","07","02","1","","2","1","1","0","0"
"POINT (13.392820621000100 52.525004385000003)","Unfall 233833 (2022) Kat:3, Licht: 2","233833","3","1","0","06","01","2","","2","0","0","0","1"
"POINT (13.451555239000101 52.527349441000098)","Unfall 233834 (2022) Kat:3, Licht: 0","233834","3","6","3","07","12","3","","0","0","1","0","0"
"POINT (13.305137505000101 52.552903991999997)","Unfall 233835 (2022) Kat:3, Licht: 0","233835","3","3","0","06","18","6","","0","0","1","0","0"
"POINT (13.396722141000099 52.492356266999998)","Unfall 233836 (2022) Kat:3, Licht: 0","233836","3","5","1","06","18","5","","0","0","1","0","0"
"POINT (13.519956088000100 52.505612751000101)","Unfall 233837 (2022) Kat:3, Licht: 0","233837","3","6","2","06","10","7","","0","0","1","0","0"
"POINT (13.492582348999999 52.469897017000100)","Unfall 233838 (2022) Kat:3, Licht: 0","233838","3","3","0","06","07","3","","0","0","1","0","0"
"POINT (13.332595956000000 52.458042235999997)","Unfall 233839 (2022) Kat:3, Licht: 0","233839","3","7","0","07","09","3","","0","0","0","0","1"
"POINT (13.332145401000000 52.506201826000101)","Unfall 233840 (2022) Kat:3, Licht: 0","233840","3","2","5","06","09","3","","0","1","1","0","0"
"POINT (13.582853283000100 52.466857058000102)","Unfall 233841 (2022) Kat:3, Licht: 0","233841","3","3","5","06","07","3","","0","1","1","0","0"
"POINT (13.390300465000101 52.568453697000102)","Unfall 233842 (2022) Kat:3, Licht: 0","233842","3","3","5","06","08","6","","0","1","1","0","0"
"POINT (13.201327072000000 52.555699613999998)","Unfall 233843 (2022) Kat:3, Licht: 0","233843","3","3","5","06","13","6","","0","1","1","0","0"
"POINT (13.200584704000100 52.536658036000098)","Unfall 233844 (2022) Kat:3, Licht: 0","233844","3","3","5","07","11","7","","0","1","1","0","0"
"POINT (13.397005194000000 52.442062394000097)","Unfall 233845 (2022) Kat:2, Licht: 2","233845","2","1","0","06","23","3","","2","0","0","0","1"
"POINT (13.331605879000101 52.503952184000099)","Unfall 233846 (2022) Kat:3, Licht: 2","233846","3","1","0","06","01","3","","2","0","0","0","0"
"POINT (13.208610366000100 52.559232653000002)","Unfall 233847 (2022) Kat:3, Licht: 0","233847","3","3","5","07","12","7","","0","0","1","0","0"
"POINT (13.371878429000001 52.520755975000000)","Unfall 233848 (2022) Kat:3, Licht: 0","233848","3","2","5","06","18","3","","0","1","1","0","0"
"POINT (13.390770713000100 52.457335360000101)","Unfall 233849 (2022) Kat:3, Licht: 0","233849","3","4","6","06","13","3","","0","1","0","1","0"
"POINT (13.602243460000100 52.536049938000097)","Unfall 233850 (2022) Kat:3, Licht: 0","233850","3","3","5","07","16","3","","0","0","1","0","1"
"POINT (13.461098753000000 52.564179797000101)","Unfall 233851 (2022) Kat:3, Licht: 0","233851","3","2","5","06","09","5","","0","1","1","0","0"
"POINT (13.406763406000000 52.393768004999998)","Unfall 233852 (2022) Kat:3, Licht: 0","233852","3","2","0","07","12","4","","0","0","1","0","0"
"POINT (13.405175695000001 52.534064509000103)","Unfall 233853 (2022) Kat:3, Licht: 0","233853","3","7","0","06","17","6","","0","1","0","0","0"
"POINT (13.391802575000000 52.467315382000002)","Unfall 233854 (2022) Kat:3, Licht: 0","233854","3","7","0","06","16","3","","0","0","1","0","1"
"POINT (13.437097205000001 52.510466978000103)","Unfall 233855 (2022) Kat:3, Licht: 0","233855","3","3","5","07","10","2","","0","1","1","0","0"
"POINT (13.331315681000000 52.503749671999998)","Unfall 233856 (2022) Kat:3, Licht: 2","233856","3","2","2","06","01","1","","2","0","1","0","0"
"POINT (13.265486329000099 52.495209768999999)","Unfall 233857 (2022) Kat:3, Licht: 0","233857","3","3","5","07","16","7","","0","1","1","0","0"
"POINT (13.428677585999999 52.521610238999997)","Unfall 233858 (2022) Kat:3, Licht: 0","233858","3","2","4","06","21","4","","0","1","1","0","0"
"POINT (13.355781663000100 52.596672163000100)","Unfall 233859 (2022) Kat:3, Licht: 0","233859","3","6","3","06","08","2","","0","0","0","0","1"
"POINT (13.371601602000100 52.440623088999999)","Unfall 233860 (2022) Kat:3, Licht: 2","233860","3","1","0","06","23","5","","2","1","0","0","0"
"POINT (13.350643251000101 52.512044215000103)","Unfall 233861 (2022) Kat:3, Licht: 0","233861","3","3","5","07","08","5","","0","1","0","0","0"
"POINT (13.278536174000100 52.474093670000101)","Unfall 233862 (2022) Kat:3, Licht: 0","233862","3","2","2","07","19","2","","0","1","1","0","0"
"POINT (13.343496920000099 52.501147475000003)","Unfall 233863 (2022) Kat:3, Licht: 0","233863","3","2","0","06","16","4","","0","0","1","0","1"
"POINT (13.352984989999999 52.499328820000102)","Unfall 233864 (2022) Kat:2, Licht: 0","233864","2","3","5","06","15","4","","0","1","1","0","0"
"POINT (13.284857819000001 52.491253969000098)","Unfall 233865 (2022) Kat:3, Licht: 0","233865","3","6","2","06","15","7","","0","0","1","0","0"
"POINT (13.396591713000101 52.529211633999999)","Unfall 233866 (2022) Kat:3, Licht: 0","233866","3","7","6","06","18","5","","0","1","0","1","0"
"POINT (13.361949342000100 52.428484118000000)","Unfall 233867 (2022) Kat:3, Licht: 0","233867","3","5","1","06","17","1","","0","1","0","0","0"
"POINT (13.486030412000000 52.520779166000104)","Unfall 233868 (2022) Kat:3, Licht: 0","233868","3","4","2","06","15","7","","0","0","1","1","0"
"POINT (13.430542370000101 52.608152760999999)","Unfall 233869 (2022) Kat:3, Licht: 0","233869","3","2","5","06","18","5","","0","1","1","0","0"
"POINT (13.466165924000100 52.496890257000103)","Unfall 233870 (2022) Kat:3, Licht: 0","233870","3","7","6","06","13","4","","0","0","1","1","0"
"POINT (13.368548463000000 52.435991774999998)","Unfall 233871 (2022) Kat:3, Licht: 0","233871","3","5","1","06","12","1","","0","0","1","0","0"
"POINT (13.322568903000001 52.513110841000099)","Unfall 233872 (2022) Kat:3, Licht: 0","233872","3","2","5","06","12","4","","0","0","1","0","0"
"POINT (13.400857020000000 52.523638937999998)","Unfall 233873 (2022) Kat:3, Licht: 0","233873","3","1","0","06","11","4","","0","1","0","0","0"
"POINT (13.479918380000100 52.428424966000101)","Unfall 233874 (2022) Kat:2, Licht: 0","233874","2","3","5","06","06","4","","0","1","1","0","0"
"POINT (13.394219697000000 52.564981390000099)","Unfall 233875 (2022) Kat:3, Licht: 0","233875","3","3","5","06","14","7","","0","1","1","0","0"
"POINT (13.492059964000100 52.491964838999998)","Unfall 233876 (2022) Kat:2, Licht: 0","233876","2","7","6","06","17","5","","0","1","0","1","0"
"POINT (13.195334434000101 52.528685523000000)","Unfall 233877 (2022) Kat:2, Licht: 0","233877","2","7","0","06","15","1","","0","0","1","0","0"
"POINT (13.375706920000001 52.443771169999998)","Unfall 233878 (2022) Kat:3, Licht: 0","233878","3","6","4","07","16","6","","0","0","1","0","0"
"POINT (13.339664365999999 52.518669778000103)","Unfall 233879 (2022) Kat:3, Licht: 0","233879","3","6","2","07","13","2","","0","0","1","0","0"
"POINT (13.461418718000100 52.512146614000102)","Unfall 233880 (2022) Kat:3, Licht: 0","233880","3","4","6","06","08","5","","0","1","0","1","0"
"POINT (13.504652436000100 52.468058708000100)","Unfall 233881 (2022) Kat:3, Licht: 0","233881","3","3","5","06","12","4","","0","0","1","0","0"
"POINT (13.362312779000000 52.568797651000096)","Unfall 233882 (2022) Kat:3, Licht: 0","233882","3","3","5","06","18","1","","0","0","1","0","0"
"POINT (13.290212809000000 52.575541170000101)","Unfall 233883 (2022) Kat:3, Licht: 0","233883","3","1","8","06","09","6","","0","0","1","0","0"
"POINT (13.367824660000100 52.602743154999999)","Unfall 233884 (2022) Kat:3, Licht: 0","233884","3","1","8","06","20","1","","0","0","1","0","0"
"POINT (13.548567470000000 52.472688080000097)","Unfall 233885 (2022) Kat:3, Licht: 2","233885","3","7","6","06","23","7","","2","1","0","1","0"
"POINT (13.431236765000101 52.502869740000101)","Unfall 233886 (2022) Kat:3, Licht: 0","233886","3","3","5","07","19","6","","0","1","1","0","0"
"POINT (13.372927709000100 52.447550740000104)","Unfall 233887 (2022) Kat:3, Licht: 0","233887","3","5","1","06","11","3","","0","0","0","0","1"
"POINT (13.366685381000000 52.618499102000001)","Unfall 233888 (2022) Kat:3, Licht: 0","233888","3","6","4","06","10","1","","0","0","1","0","0"
"POINT (13.518332049000000 52.422159222000097)","Unfall 233889 (2022) Kat:2, Licht: 0","233889","2","5","1","06","06","4","","0","0","1","0","0"
"POINT (13.462664431000100 52.510759036000103)","Unfall 233890 (2022) Kat:2, Licht: 0","233890","2","3","5","07","10","3","","0","1","1","0","0"
"POINT (13.323801513999999 52.587507481000003)","Unfall 233891 (2022) Kat:2, Licht: 0","233891","2","3","5","06","12","4","","0","0","1","0","0"
"POINT (13.448298058000001 52.490636565000003)","Unfall 233892 (2022) Kat:3, Licht: 2","233892","3","3","5","06","23","4","","2","1","0","0","0"
"POINT (13.406964380000000 52.498846354000101)","Unfall 233893 (2022) Kat:3, Licht: 0","233893","3","6","2","06","10","6","","0","0","1","0","0"
"POINT (13.423843658000100 52.490354627000002)","Unfall 233894 (2022) Kat:3, Licht: 0","233894","3","6","2","06","12","5","","0","0","1","0","0"
"POINT (13.464751524000100 52.470317281000099)","Unfall 233895 (2022) Kat:3, Licht: 0","233895","3","2","5","06","15","7","","0","0","1","0","0"
"POINT (13.515075631000100 52.567243486999999)","Unfall 233896 (2022) Kat:3, Licht: 0","233896","3","2","5","07","17","2","","0","1","1","0","0"
"POINT (13.413425490000099 52.524917828000099)","Unfall 233897 (2022) Kat:3, Licht: 0","233897","3","5","1","06","15","4","","0","0","1","0","0"
"POINT (13.313515099000000 52.515237417999998)","Unfall 233898 (2022) Kat:3, Licht: 0","233898","3","3","5","06","07","2","","0","0","1","0","0"
"POINT (13.179146756000000 52.533850813000100)","Unfall 233899 (2022) Kat:3, Licht: 0","233899","3","2","2","07","19","4","","0","0","1","0","0"
"POINT (13.502083514000001 52.557537326999999)","Unfall 233900 (2022) Kat:3, Licht: 0","233900","3","6","2","06","17","6","","0","0","1","0","0"
"POINT (13.432075036000100 52.499389368999999)","Unfall 233901 (2022) Kat:3, Licht: 0","233901","3","5","2","06","17","5","","0","0","1","0","1"
"POINT (13.599135573000099 52.508288471000100)","Unfall 233902 (2022) Kat:3, Licht: 0","233902","3","5","1","06","10","7","","0","0","1","0","0"
"POINT (13.430240945000000 52.510480606999998)","Unfall 233903 (2022) Kat:3, Licht: 0","233903","3","2","5","06","19","3","","0","0","1","0","0"
"POINT (13.325916683999999 52.561659614000099)","Unfall 233904 (2022) Kat:3, Licht: 0","233904","3","7","0","07","17","2","","0","1","0","0","0"
"POINT (13.468350718000099 52.544879933000097)","Unfall 233905 (2022) Kat:2, Licht: 0","233905","2","4","6","06","12","3","","0","0","0","1","0"
"POINT (13.369320683000099 52.510825879000002)","Unfall 233906 (2022) Kat:3, Licht: 0","233906","3","6","4","06","15","6","","0","1","0","0","0"
"POINT (13.310301924999999 52.624852772000096)","Unfall 233907 (2022) Kat:3, Licht: 0","233907","3","3","5","06","11","6","","0","0","1","0","0"
"POINT (13.197483061000099 52.524315733999998)","Unfall 233908 (2022) Kat:3, Licht: 0","233908","3","6","2","07","15","6","","0","0","1","0","0"
"POINT (13.317574691000100 52.491421467000102)","Unfall 233909 (2022) Kat:3, Licht: 0","233909","3","2","5","06","19","3","","0","1","1","0","0"
"POINT (13.348017990000100 52.575797176999998)","Unfall 233910 (2022) Kat:3, Licht: 0","233910","3","2","5","06","12","2","","0","1","1","0","0"
"POINT (13.313940464000000 52.500676787000003)","Unfall 233911 (2022) Kat:3, Licht: 0","233911","3","6","2","07","18","7","","0","0","1","0","0"
"POINT (13.261893377000000 52.593012506000001)","Unfall 233912 (2022) Kat:3, Licht: 0","233912","3","7","6","06","12","4","","0","0","1","1","0"
"POINT (13.415901741000001 52.488026916000102)","Unfall 233913 (2022) Kat:3, Licht: 0","233913","3","4","6","06","10","3","","0","1","0","1","0"
"POINT (13.174987989000000 52.520737857000000)","Unfall 233914 (2022) Kat:3, Licht: 0","233914","3","2","5","07","11","6","","0","0","1","0","0"
"POINT (13.485514319000099 52.464300632000104)","Unfall 233915 (2022) Kat:3, Licht: 0","233915","3","2","2","07","15","3","","0","1","1","0","0"
"POINT (13.380875408000099 52.551840315000000)","Unfall 233916 (2022) Kat:3, Licht: 2","233916","3","5","1","06","23","5","","2","0","1","0","0"
"POINT (13.347670946000100 52.435303170000097)","Unfall 233917 (2022) Kat:3, Licht: 2","233917","3","6","2","06","22","4","","2","0","1","0","0"
"POINT (13.438162017000000 52.467049779000000)","Unfall 233918 (2022) Kat:3, Licht: 0","233918","3","3","5","07","18","5","","0","1","1","0","0"
"POINT (13.418425778000000 52.554999001000098)","Unfall 233919 (2022) Kat:3, Licht: 0","233919","3","3","5","06","09","6","","0","0","1","0","0"
"POINT (13.392653390000000 52.505474888000002)","Unfall 233920 (2022) Kat:3, Licht: 0","233920","3","5","1","06","07","3","","0","1","1","0","0"
"POINT (13.592643988000100 52.511234121000001)","Unfall 233921 (2022) Kat:3, Licht: 0","233921","3","7","0","07","13","2","","0","0","1","0","0"
"POINT (13.373781273000100 52.420980430000000)","Unfall 233922 (2022) Kat:3, Licht: 0","233922","3","5","1","06","13","1","","0","1","1","0","0"
"POINT (13.296134069000100 52.483172992999997)","Unfall 233923 (2022) Kat:3, Licht: 0","233923","3","5","1","07","12","6","","0","1","1","0","0"