WKT,Name,OBJECTID,UKATEGORIE,UTYP1,UART,UMONAT,USTUNDE,UWOCHENTAG,STRZUSTAND,ULICHTVERH,ISTRAD,ISTPKW,ISTFUSS,ISTKRAD
"POINT (13.270166078999999 52.449756123999997)","Unfall 233924 (2022) Kat:3, Licht: 0","233924","3","6","0","06","16","4","","0","0","1","0","0"
"POINT (13.451679763000101 52.527590749000098)","Unfall 233925 (2022) Kat:3, Licht: 1","233925","3","7","0","06","20","2","","1","0","1","0","0"
"POINT (13.622136505000100 52.446542594000100)","Unfall 233926 (2022) Kat:3, Licht: 0","233926","3","3","5","06","07","5","","0","1","1","0","0"
"POINT (13.482756114000001 52.623969187999997)","Unfall 233927 (2022) Kat:3, Licht: 1","233927","3","3","5","07","19","5","","1","1","1","0","0"
"POINT (13.350630477999999 52.512096072000098)","Unfall 233928 (2022) Kat:3, Licht: 0","233928","3","6","2","07","16","2","","0","0","1","0","0"
"POINT (13.387657123000100 52.484506452000097)","Unfall 233929 (2022) Kat:3, Licht: 0","233929","3","6","3","06","16","5","","0","0","1","0","1"
"POINT (13.336659645000100 52.464340816000103)","Unfall 233930 (2022) Kat:3, Licht: 0","233930","3","7","5","06","13","4","","0","0","1","0","1"
"POINT (13.386187619999999 52.506211006999997)","Unfall 233931 (2022) Kat:3, Licht: 0","233931","3","6","2","06","09","1","","0","0","1","0","1"
"POINT (13.338985224000099 52.471442885999998)","Unfall 233932 (2022) Kat:3, Licht: 2","233932","3","3","5","06","22","6","","2","1","0","0","0"
"POINT (13.375803969000099 52.455629171000098)","Unfall 233933 (2022) Kat:3, Licht: 0","233933","3","3","5","06","17","2","","0","1","1","0","0"
"POINT (13.346896031000000 52.524881085000096)","Unfall 233934 (2022) Kat:3, Licht: 0","233934","3","2","5","06","08","3","","0","1","1","0","0"
"POINT (13.446750737000100 52.502722494000103)","Unfall 233935 (2022) Kat:3, Licht: 0","233935","3","2","5","06","20","2","","0","0","1","0","0"
"POINT (13.286723962000099 52.586338275999999)","Unfall 233936 (2022) Kat:2, Licht: 0","233936","2","4","6","07","13","4","","0","0","1","1","0"
"POINT (13.256016873000000 52.435842839000003)","Unfall 233937 (2022) Kat:3, Licht: 0","233937","3","2","5","06","07","7","","0","1","1","0","0"
"POINT (13.430507398000000 52.486364272000102)","Unfall 233938 (2022) Kat:3, Licht: 0","233938","3","4","6","06","17","5","","0","1","0","1","0"
"POINT (13.387248359000100 52.526300187000103)","Unfall 233939 (2022) Kat:3, Licht: 0","233939","3","1","0","06","12","3","","0","1","0","0","0"
"POINT (13.344088915000000 52.525229832999997)","Unfall 233940 (2022) Kat:3, Licht: 0","233940","3","2","5","06","13","1","","0","0","1","0","1"
"POINT (13.411801626999999 52.523966987999998)","Unfall 233941 (2022) Kat:3, Licht: 0","233941","3","2","5","06","07","4","","0","0","1","0","0"
"POINT (13.367103332999999 52.521633233000003)","Unfall 233942 (2022) Kat:3, Licht: 0","233942","3","5","1","06","20","4","","0","0","1","0","1"
"POINT (13.372822802000000 52.507734033000098)","Unfall 233943 (2022) Kat:3, Licht: 2","233943","3","4","6","06","01","7","","2","0","1","1","0"
"POINT (13.455702731000001 52.474042999000098)","Unfall 233944 (2022) Kat:3, Licht: 0","233944","3","4","6","06","17","5","","0","0","0","1","0"
"POINT (13.461657310000000 52.471235508000099)","Unfall 233945 (2022) Kat:2, Licht: 0","233945","2","2","5","06","12","7","","0","1","1","0","0"
"POINT (13.312513065000100 52.489795189000098)","Unfall 233946 (2022) Kat:3, Licht: 0","233946","3","6","0","07","19","1","","0","0","1","0","0"
"POINT (13.380314535000000 52.518780063000101)","Unfall 233947 (2022) Kat:3, Licht: 0","233947","3","3","5","06","16","4","","0","1","1","0","0"
"POINT (13.423198635000100 52.506804133999999)","Unfall 233948 (2022) Kat:3, Licht: 0","233948","3","3","5","07","12","3","","0","1","1","0","0"
"POINT (13.232247231000001 52.540662965000102)","Unfall 233949 (2022) Kat:3, Licht: 0","233949","3","2","5","06","14","6","","0","0","1","0","1"
"POINT (13.250201350999999 52.455028591000001)","Unfall 233950 (2022) Kat:2, Licht: 0","233950","2","2","5","06","16","5","","0","0","1","0","0"
"POINT (13.287802012000000 52.496084492000101)","Unfall 233951 (2022) Kat:3, Licht: 0","233951","3","2","5","06","18","7","","0","1","1","0","0"
"POINT (13.171940652000000 52.550129597000101)","Unfall 233952 (2022) Kat:3, Licht: 0","233952","3","3","5","06","19","3","","0","1","1","0","0"
"POINT (13.496630144999999 52.560109341000000)","Unfall 233953 (2022) Kat:3, Licht: 0","233953","3","3","5","07","17","2","","0","1","1","0","0"
"POINT (13.384861844000101 52.550595906000098)","Unfall 233954 (2022) Kat:3, Licht: 0","233954","3","2","2","06","14","5","","0","1","1","0","0"
"POINT (13.486581224000100 52.617646348000100)","Unfall 233955 (2022) Kat:2, Licht: 0","233955","2","2","5","06","14","6","","0","1","1","0","0"
"POINT (13.446475713000000 52.464118591000002)","Unfall 233956 (2022) Kat:3, Licht: 0","233956","3","6","2","06","19","2","","0","0","1","0","0"
"POINT (13.480720578000000 52.460352157000003)","Unfall 233957 (2022) Kat:3, Licht: 0","233957","3","1","0","07","15","1","","0","0","0","0","1"
"POINT (13.468603477000000 52.502501089000098)","Unfall 233958 (2022) Kat:3, Licht: 0","233958","3","1","0","06","19","4","","0","1","1","0","0"
"POINT (13.512369514000101 52.470772617000101)","Unfall 233959 (2022) Kat:3, Licht: 0","233959","3","2","5","06","06","2","","0","0","1","0","0"
"POINT (13.424637754999999 52.605276815000103)","Unfall 233960 (2022) Kat:3, Licht: 0","233960","3","3","5","06","16","6","","0","1","1","0","0"
"POINT (13.328342632000000 52.478676047000100)","Unfall 233961 (2022) Kat:3, Licht: 0","233961","3","2","0","07","12","6","","0","0","1","0","1"
"POINT (13.409741228000000 52.569250590000102)","Unfall 233962 (2022) Kat:2, Licht: 1","233962","2","5","1","07","03","1","","1","1","1","0","0"
"POINT (13.380191561000100 52.532830521999998)","Unfall 233963 (2022) Kat:2, Licht: 0","233963","2","2","5","06","17","4","","0","1","0","0","0"
"POINT (13.400924384000101 52.518415468999997)","Unfall 233964 (2022) Kat:3, Licht: 2","233964","3","2","6","06","01","2","","2","0","0","1","0"
"POINT (13.341037604000100 52.480067688000098)","Unfall 233965 (2022) Kat:3, Licht: 0","233965","3","3","5","07","10","4","","0","1","1","0","0"
"POINT (13.473414807999999 52.514434150000099)","Unfall 233966 (2022) Kat:3, Licht: 0","233966","3","5","1","06","10","6","","0","1","1","0","0"
"POINT (13.574569899000000 52.552238043000003)","Unfall 233967 (2022) Kat:3, Licht: 0","233967","3","3","5","06","15","5","","0","0","1","0","0"
"POINT (13.442790634000101 52.465084421000000)","Unfall 233968 (2022) Kat:3, Licht: 0","233968","3","7","5","06","12","7","","0","0","1","0","1"
"POINT (13.365770990000000 52.557135965000001)","Unfall 233969 (2022) Kat:3, Licht: 0","233969","3","6","2","06","10","4","","0","0","1","0","1"
"POINT (13.334769874000100 52.587487480000000)","Unfall 233970 (2022) Kat:2, Licht: 0","233970","2","2","5","07","18","2","","0","0","1","0","0"
"POINT (13.384302900000000 52.555724666000103)","Unfall 233971 (2022) Kat:2, Licht: 0","233971","2","1","0","06","15","6","","0","1","0","0","0"
"POINT (13.279201543999999 52.503275385000101)","Unfall 233972 (2022) Kat:3, Licht: 0","233972","3","6","2","06","15","6","","0","0","1","0","0"
"POINT (13.620283521999999 52.537991718999997)","Unfall 233973 (2022) Kat:3, Licht: 0","233973","3","4","6","07","18","6","","0","0","1","1","0"
"POINT (13.499828887000000 52.456977297000002)","Unfall 233974 (2022) Kat:3, Licht: 0","233974","3","6","0","06","14","2","","0","0","1","0","1"
"POINT (13.335948621000099 52.528554346000099)","Unfall 233975 (2022) Kat:3, Licht: 0","233975","3","7","7","07","19","7","","0","0","0","0","1"
"POINT (13.424337915000001 52.502232676000098)","Unfall 233976 (2022) Kat:3, Licht: 0","233976","3","7","6","06","17","3","","0","0","0","1","0"
"POINT (13.227025226000000 52.426478245000098)","Unfall 233977 (2022) Kat:3, Licht: 0","233977","3","4","6","06","15","3","","0","0","1","1","0"
"POINT (13.419323646000100 52.547526332000103)","Unfall 233978 (2022) Kat:3, Licht: 0","233978","3","6","2","07","19","6","","0","1","0","0","0"
"POINT (13.509959573000099 52.453614279000099)","Unfall 233979 (2022) Kat:2, Licht: 0","233979","2","1","0","07","09","3","","0","1","0","0","0"
"POINT (13.494821438000001 52.545439250000101)","Unfall 233980 (2022) Kat:3, Licht: 0","233980","3","3","5","06","07","5","","0","1","1","0","0"
"POINT (13.332307444000000 52.526988780000103)","Unfall 233981 (2022) Kat:3, Licht: 0","233981","3","5","1","06","08","4","","0","1","0","0","0"
"POINT (13.324757831000101 52.608128082000100)","Unfall 233982 (2022) Kat:2, Licht: 0","233982","2","4","6","07","15","5","","0","0","1","1","0"
"POINT (13.442538486000000 52.480242623999999)","Unfall 233983 (2022) Kat:3, Licht: 0","233983","3","7","0","06","09","6","","0","0","1","0","1"
"POINT (13.419904761000099 52.502272920000102)","Unfall 233984 (2022) Kat:3, Licht: 0","233984","3","3","5","06","11","3","","0","0","1","0","0"
"POINT (13.326156078000100 52.478727925000001)","Unfall 233985 (2022) Kat:3, Licht: 0","233985","3","2","5","07","13","2","","0","0","1","0","1"
"POINT (13.313111056000000 52.574843139999999)","Unfall 233986 (2022) Kat:3, Licht: 0","233986","3","2","5","06","19","2","","0","0","1","0","0"
"POINT (13.478292127000000 52.458334360000002)","Unfall 233987 (2022) Kat:3, Licht: 0","233987","3","3","5","07","12","7","","0","0","1","0","1"
"POINT (13.477311595000099 52.522988640999998)","Unfall 233988 (2022) Kat:3, Licht: 0","233988","3","3","5","06","09","4","","0","1","1","0","0"
"POINT (13.201018024000099 52.524439655999998)","Unfall 233989 (2022) Kat:3, Licht: 0","233989","3","3","5","06","06","2","","0","1","0","0","0"
"POINT (13.293802105999999 52.508730002000000)","Unfall 233990 (2022) Kat:3, Licht: 0","233990","3","2","5","06","13","5","","0","1","1","0","0"
"POINT (13.330357942999999 52.562779204000002)","Unfall 233991 (2022) Kat:3, Licht: 0","233991","3","6","3","07","17","5","","0","0","1","0","0"
"POINT (13.316393798000000 52.501218158000000)","Unfall 233992 (2022) Kat:3, Licht: 0","233992","3","6","2","07","14","2","","0","0","1","0","0"
"POINT (13.364587945000000 52.562701592000103)","Unfall 233993 (2022) Kat:2, Licht: 1","233993","2","2","5","06","20","5","","1","0","1","0","1"
"POINT (13.327482526000001 52.520545330000097)","Unfall 233994 (2022) Kat:3, Licht: 0","233994","3","6","2","06","09","4","","0","1","1","0","0"
"POINT (13.401653013000001 52.529808511000098)","Unfall 233995 (2022) Kat:3, Licht: 0","233995","3","2","0","06","08","1","","0","0","1","0","0"
"POINT (13.206675089999999 52.543595910000100)","Unfall 233996 (2022) Kat:3, Licht: 0","233996","3","2","5","06","13","5","","0","0","1","0","0"
"POINT (13.356081192000000 52.448957102000101)","Unfall 233997 (2022) Kat:3, Licht: 0","233997","3","3","5","06","13","1","","0","1","1","0","0"
"POINT (13.209785374000001 52.547906791999999)","Unfall 233998 (2022) Kat:2, Licht: 0","233998","2","2","5","06","20","2","","0","1","1","0","0"
"POINT (13.466335247000099 52.551273432000102)","Unfall 233999 (2022) Kat:3, Licht: 0","233999","3","3","5","07","08","4","","0","1","1","0","0"
"POINT (13.319383776000100 52.582242688000100)","Unfall 234000 (2022) Kat:3, Licht: 0","234000","3","6","2","06","17","7","","0","0","1","0","0"
"POINT (13.411681881000000 52.523963133999999)","Unfall 234001 (2022) Kat:3, Licht: 0","234001","3","2","5","06","08","5","","0","0","1","0","0"
"POINT (13.396083895000100 52.538170774000001)","Unfall 234002 (2022) Kat:3, Licht: 0","234002","3","2","6","06","16","3","","0","0","1","1","0"
"POINT (13.435957650000001 52.467076890000001)","Unfall 234003 (2022) Kat:3, Licht: 0","234003","3","6","2","06","07","2","","0","1","1","0","0"
"POINT (13.505433454000100 52.534560393000000)","Unfall 234004 (2022) Kat:3, Licht: 0","234004","3","1","0","06","19","4","","0","1","0","0","0"
"POINT (13.360532752999999 52.596801261000103)","Unfall 234005 (2022) Kat:2, Licht: 0","234005","2","2","5","06","17","4","","0","0","1","0","1"
"POINT (13.503658999000001 52.460746950000001)","Unfall 234006 (2022) Kat:3, Licht: 0","234006","3","3","0","06","19","7","","0","0","1","0","1"
"POINT (13.379523436000101 52.529557976000000)","Unfall 234007 (2022) Kat:2, Licht: 0","234007","2","2","5","06","17","5","","0","1","1","0","0"
"POINT (13.366416199000099 52.585036332000101)","Unfall 234008 (2022) Kat:3, Licht: 0","234008","3","3","2","06","10","7","","0","1","1","0","0"
"POINT (13.186900368000099 52.553811133000103)","Unfall 234009 (2022) Kat:3, Licht: 0","234009","3","5","1","06","15","2","","0","0","1","0","0"
"POINT (13.225416900000001 52.510150429000099)","Unfall 234010 (2022) Kat:3, Licht: 0","234010","3","7","1","07","10","1","","0","0","1","0","0"
"POINT (13.323668603000000 52.493786687000103)","Unfall 234011 (2022) Kat:3, Licht: 2","234011","3","2","5","06","00","3","","2","0","1","0","0"
"POINT (13.431236658000000 52.553420809999999)","Unfall 234012 (2022) Kat:2, Licht: 0","234012","2","5","1","07","18","3","","0","1","1","0","0"
"POINT (13.187384340000101 52.520256666000101)","Unfall 234013 (2022) Kat:3, Licht: 0","234013","3","2","5","06","08","6","","0","1","1","0","0"
"POINT (13.453085863000100 52.480833581000098)","Unfall 234014 (2022) Kat:3, Licht: 0","234014","3","1","0","06","13","5","","0","0","0","0","0"
"POINT (13.474757359000000 52.536477957000002)","Unfall 234015 (2022) Kat:3, Licht: 0","234015","3","2","5","06","16","6","","0","1","1","0","0"
"POINT (13.514779117000000 52.468779518000098)","Unfall 234016 (2022) Kat:3, Licht: 0","234016","3","2","5","06","07","4","","0","1","1","0","0"
"POINT (13.265836195000100 52.508837053999997)","Unfall 234017 (2022) Kat:3, Licht: 0","234017","3","6","2","07","19","3","","0","0","1","0","0"
"POINT (13.348951490999999 52.562149579000000)","Unfall 234018 (2022) Kat:3, Licht: 0","234018","3","2","5","06","13","6","","0","1","1","0","0"
"POINT (13.347402217000001 52.470595633000102)","Unfall 234019 (2022) Kat:3, Licht: 0","234019","3","3","5","06","17","6","","0","0","1","0","0"
"POINT (13.339247315000000 52.525880020999999)","Unfall 234020 (2022) Kat:3, Licht: 0","234020","3","2","5","06","18","1","","0","0","1","0","0"
"POINT (13.524830537000099 52.461042135000099)","Unfall 234021 (2022) Kat:3, Licht: 0","234021","3","5","0","07","16","6","","0","1","1","0","0"
"POINT (13.551099595000000 52.428902359000098)","Unfall 234022 (2022) Kat:3, Licht: 0","234022","3","6","2","06","14","4","","0","0","1","0","1"
"POINT (13.447904048000099 52.436958479000097)","Unfall 234023 (2022) Kat:3, Licht: 0","234023","3","6","0","06","19","2","","0","0","1","0","0"
"POINT (13.426688947000100 52.565027495000002)","Unfall 234024 (2022) Kat:3, Licht: 0","234024","3","3","5","06","19","5","","0","1","1","0","0"
"POINT (13.505914612000000 52.437386883999999)","Unfall 234025 (2022) Kat:3, Licht: 0","234025","3","2","5","07","12","7","","0","0","1","0","0"
"POINT (13.375748510999999 52.455236460999998)","Unfall 234026 (2022) Kat:3, Licht: 0","234026","3","6","2","07","11","3","","0","0","1","0","0"
"POINT (13.391309759000000 52.547243326999997)","Unfall 234027 (2022) Kat:3, Licht: 0","234027","3","7","1","06","16","5","","0","0","1","0","0"
"POINT (13.318499823000000 52.457696569000099)","Unfall 234028 (2022) Kat:3, Licht: 0","234028","3","7","0","06","08","4","","0","0","1","0","1"
"POINT (13.387088117000101 52.559712517999998)","Unfall 234029 (2022) Kat:3, Licht: 0","234029","3","6","2","07","17","5","","0","0","1","0","0"
"POINT (13.376146958000000 52.458886421000003)","Unfall 234030 (2022) Kat:3, Licht: 0","234030","3","4","6","06","11","5","","0","1","0","1","0"
"POINT (13.519106665000001 52.513466856000001)","Unfall 234031 (2022) Kat:2, Licht: 0","234031","2","3","5","06","08","3","","0","0","1","0","0"
"POINT (13.340537268000000 52.544240221000102)","Unfall 234032 (2022) Kat:3, Licht: 2","234032","3","5","1","07","03","1","","2","0","1","0","0"
"POINT (13.178484453000101 52.549577740000103)","Unfall 234033 (2022) Kat:3, Licht: 0","234033","3","7","2","06","16","7","","0","0","0","0","0"
"POINT (13.493859303000001 52.635971841000099)","Unfall 234034 (2022) Kat:3, Licht: 0","234034","3","2","6","06","17","5","","0","0","1","1","0"
"POINT (13.374318934000000 52.527971113000000)","Unfall 234035 (2022) Kat:3, Licht: 0","234035","3","3","5","06","14","3","","0","1","0","0","0"
"POINT (13.197870283000000 52.469066998000102)","Unfall 234036 (2022) Kat:3, Licht: 0","234036","3","3","5","06","13","1","","0","1","1","0","0"
"POINT (13.281689629000001 52.592009615999999)","Unfall 234037 (2022) Kat:3, Licht: 0","234037","3","2","0","06","08","4","","0","1","1","0","0"
"POINT (13.364718693000000 52.526341839000096)","Unfall 234038 (2022) Kat:3, Licht: 2","234038","3","1","0","07","22","6","","2","0","0","0","1"
"POINT (13.341780691000100 52.448595135000097)","Unfall 234039 (2022) Kat:3, Licht: 0","234039","3","7","1","07","17","2","","0","0","1","0","0"
"POINT (13.296859108000000 52.483650001000100)","Unfall 234040 (2022) Kat:3, Licht: 0","234040","3","3","5","06","15","5","","0","1","1","0","0"
"POINT (13.307568967000099 52.487784125000097)","Unfall 234041 (2022) Kat:3, Licht: 0","234041","3","5","1","06","18","3","","0","1","1","0","0"
"POINT (13.173961403000000 52.533797299000099)","Unfall 234042 (2022) Kat:3, Licht: 0","234042","3","7","0","06","06","1","","0","0","1","0","0"
"POINT (13.399509063000000 52.551027862000097)","Unfall 234043 (2022) Kat:3, Licht: 0","234043","3","7","0","06","08","5","","0","1","0","0","0"
"POINT (13.306777833000099 52.500229292000000)","Unfall 234044 (2022) Kat:3, Licht: 2","234044","3","6","2","06","00","2","","2","0","1","0","0"
"POINT (13.443087421000000 52.571091623000001)","Unfall 234045 (2022) Kat:2, Licht: 0","234045","2","1","0","07","12","1","","0","1","0","0","0"
"POINT (13.574944702000000 52.556254959999997)","Unfall 234046 (2022) Kat:3, Licht: 0","234046","3","6","2","07","16","3","","0","0","1","0","0"
"POINT (13.468197021000000 52.515825897000099)","Unfall 234047 (2022) Kat:2, Licht: 0","234047","2","2","6","06","09","5","","0","1","0","1","0"
"POINT (13.355442231000000 52.519695106000000)","Unfall 234048 (2022) Kat:3, Licht: 2","234048","3","3","5","06","22","4","","2","0","1","0","0"
"POINT (13.555785868999999 52.520104930999999)","Unfall 234049 (2022) Kat:3, Licht: 0","234049","3","2","2","07","15","4","","0","0","1","0","0"
"POINT (13.510619122000000 52.450367777000103)","Unfall 234050 (2022) Kat:3, Licht: 0","234050","3","7","5","06","18","6","","0","0","1","0","0"
"POINT (13.474154923000100 52.618050850000003)","Unfall 234051 (2022) Kat:2, Licht: 1","234051","2","2","5","06","20","3","","1","0","1","0","0"
"POINT (13.331362897000099 52.503942020000103)","Unfall 234052 (2022) Kat:3, Licht: 2","234052","3","7","5","07","21","7","","2","0","1","0","0"
"POINT (13.454448089000000 52.540125238000002)","Unfall 234053 (2022) Kat:2, Licht: 0","234053","2","3","5","06","18","3","","0","1","1","0","0"
"POINT (13.446836458000099 52.489125106000103)","Unfall 234054 (2022) Kat:3, Licht: 0","234054","3","3","5","06","07","2","","0","1","1","0","0"
"POINT (13.456690086000000 52.510948562000102)","Unfall 234055 (2022) Kat:3, Licht: 0","234055","3","1","0","07","21","7","","0","0","0","0","1"
"POINT (13.360150217000101 52.477164004000002)","Unfall 234056 (2022) Kat:3, Licht: 0","234056","3","6","2","06","11","4","","0","0","1","0","0"
"POINT (13.467725887000000 52.427923757000002)","Unfall 234057 (2022) Kat:3, Licht: 0","234057","3","6","2","06","19","1","","0","0","1","0","0"
"POINT (13.608817371000001 52.449076781000002)","Unfall 234058 (2022) Kat:2, Licht: 0","234058","2","2","0","06","16","5","","0","1","0","0","1"
"POINT (13.349495253000001 52.524543961000099)","Unfall 234059 (2022) Kat:2, Licht: 0","234059","2","3","5","07","11","5","","0","1","1","0","0"
"POINT (13.373196430000100 52.477264508000097)","Unfall 234060 (2022) Kat:3, Licht: 0","234060","3","3","5","07","09","2","","0","0","1","0","0"
"POINT (13.345217605000100 52.581316375000000)","Unfall 234061 (2022) Kat:3, Licht: 0","234061","3","2","5","06","11","4","","0","1","1","0","0"
"POINT (13.373490878000000 52.556584886000103)","Unfall 234062 (2022) Kat:3, Licht: 0","234062","3","6","2","06","16","4","","0","0","1","0","1"
"POINT (13.466905074000101 52.548790951000100)","Unfall 234063 (2022) Kat:2, Licht: 0","234063","2","4","6","06","11","7","","0","0","0","1","0"
"POINT (13.557118965000001 52.538139919999999)","Unfall 234064 (2022) Kat:3, Licht: 0","234064","3","5","1","06","16","6","","0","0","1","0","0"
"POINT (13.438224831000101 52.416732424000003)","Unfall 234065 (2022) Kat:3, Licht: 0","234065","3","1","8","06","06","1","","0","0","1","0","0"
"POINT (13.592649446999999 52.532736221999997)","Unfall 234066 (2022) Kat:3, Licht: 0","234066","3","6","2","06","15","3","","0","0","1","0","0"
"POINT (13.343145549000001 52.439808364000001)","Unfall 234067 (2022) Kat:3, Licht: 1","234067","3","7","0","07","04","1","","1","0","1","0","0"
"POINT (13.437038321999999 52.510384926000000)","Unfall 234068 (2022) Kat:3, Licht: 0","234068","3","2","5","06","16","2","","0","0","1","0","0"
"POINT (13.340877678000000 52.445838705000000)","Unfall 234069 (2022) Kat:2, Licht: 0","234069","2","1","0","07","07","4","","0","0","0","0","1"
"POINT (13.386314384000100 52.549326631000000)","Unfall 234070 (2022) Kat:2, Licht: 2","234070","2","1","8","06","02","7","","2","0","1","0","0"
"POINT (13.209011546999999 52.563868847999998)","Unfall 234071 (2022) Kat:3, Licht: 0","234071","3","6","2","07","14","6","","0","0","1","0","0"
"POINT (13.305972585000100 52.626986527000000)","Unfall 234072 (2022) Kat:3, Licht: 1","234072","3","1","9","06","05","3","","1","0","1","0","0"
"POINT (13.438909198999999 52.495026007000000)","Unfall 234073 (2022) Kat:3, Licht: 0","234073","3","1","0","06","14","7","","0","0","0","0","0"
"POINT (13.448819144000000 52.519706099000103)","Unfall 234074 (2022) Kat:3, Licht: 0","234074","3","4","6","06","08","4","","0","1","0","1","0"
"POINT (13.554903860000000 52.525360066000097)","Unfall 234075 (2022) Kat:2, Licht: 0","234075","2","3","5","07","15","3","","0","1","1","0","0"
"POINT (13.360830695000100 52.491320986000098)","Unfall 234076 (2022) Kat:3, Licht: 0","234076","3","2","5","06","14","4","","0","1","1","0","0"
"POINT (13.173483039000100 52.522826850999998)","Unfall 234077 (2022) Kat:3, Licht: 0","234077","3","2","5","06","17","6","","0","0","0","0","0"
"POINT (13.383649036000101 52.494017786000001)","Unfall 234078 (2022) Kat:3, Licht: 0","234078","3","5","1","06","08","5","","0","0","0","0","1"
"POINT (13.294826850000000 52.539630825000103)","Unfall 234079 (2022) Kat:3, Licht: 2","234079","3","2","5","06","22","7","","2","1","1","0","0"
"POINT (13.412474673000100 52.545253307999999)","Unfall 234080 (2022) Kat:2, Licht: 0","234080","2","6","2","06","18","2","","0","1","0","0","0"
"POINT (13.414312580000100 52.553897816000102)","Unfall 234081 (2022) Kat:3, Licht: 0","234081","3","3","5","07","09","7","","0","1","0","0","0"
"POINT (13.378673729000100 52.528311320000100)","Unfall 234082 (2022) Kat:2, Licht: 0","234082","2","3","5","06","08","3","","0","1","1","0","0"
"POINT (13.326101657000001 52.538367166000100)","Unfall 234083 (2022) Kat:3, Licht: 0","234083","3","2","5","07","12","3","","0","1","1","0","0"
"POINT (13.424243019000100 52.508939621000103)","Unfall 234084 (2022) Kat:3, Licht: 0","234084","3","5","1","06","16","6","","0","1","1","0","0"
"POINT (13.341540494000100 52.521315274000102)","Unfall 234085 (2022) Kat:3, Licht: 0","234085","3","2","5","06","13","4","","0","1","0","0","0"
"POINT (13.358879033999999 52.536644201999998)","Unfall 234086 (2022) Kat:3, Licht: 0","234086","3","7","2","06","06","6","","0","0","1","0","0"
"POINT (13.428759328000099 52.572478564999997)","Unfall 234087 (2022) Kat:3, Licht: 0","234087","3","6","3","06","09","3","","0","0","1","0","0"
"POINT (13.459479801000001 52.494436720000103)","Unfall 234088 (2022) Kat:3, Licht: 0","234088","3","7","6","07","19","3","","0","0","1","1","0"
"POINT (13.477886086000099 52.533090028000103)","Unfall 234089 (2022) Kat:2, Licht: 0","234089","2","5","1","06","11","6","","0","1","1","0","0"
"POINT (13.344833044000000 52.498936465000000)","Unfall 234090 (2022) Kat:3, Licht: 0","234090","3","5","1","06","13","6","","0","1","1","0","0"
"POINT (13.585176552000100 52.412503051999998)","Unfall 234091 (2022) Kat:3, Licht: 2","234091","3","5","1","06","01","1","","2","1","1","0","0"
"POINT (13.402643425000100 52.523522782999997)","Unfall 234092 (2022) Kat:2, Licht: 0","234092","2","4","6","07","17","6","","0","0","1","1","0"
"POINT (13.297345151000100 52.510608053000098)","Unfall 234093 (2022) Kat:3, Licht: 0","234093","3","3","0","06","15","4","","0","0","1","0","1"
"POINT (13.232190362000001 52.540585434000000)","Unfall 234094 (2022) Kat:2, Licht: 0","234094","2","2","5","06","15","2","","0","1","1","0","0"
"POINT (13.434865528000000 52.429357707000101)","Unfall 234095 (2022) Kat:2, Licht: 2","234095","2","5","1","06","01","5","","2","0","1","0","0"
"POINT (13.440450556000000 52.467388837999998)","Unfall 234096 (2022) Kat:3, Licht: 1","234096","3","3","0","07","18","5","","1","0","1","0","1"
"POINT (13.464751807000001 52.497364357999999)","Unfall 234097 (2022) Kat:3, Licht: 0","234097","3","3","5","07","06","2","","0","1","1","0","0"
"POINT (13.351493227000001 52.538555178000102)","Unfall 234098 (2022) Kat:3, Licht: 0","234098","3","5","1","06","11","5","","0","0","1","0","0"
"POINT (13.429001882000000 52.489301652999998)","Unfall 234099 (2022) Kat:3, Licht: 1","234099","3","5","5","06","20","1","","1","1","1","0","0"
"POINT (13.362710417000100 52.562257670000101)","Unfall 234100 (2022) Kat:3, Licht: 0","234100","3","6","2","06","11","6","","0","0","1","0","1"
"POINT (13.388026615999999 52.521695914000098)","Unfall 234101 (2022) Kat:3, Licht: 0","234101","3","2","0","06","18","2","","0","1","1","0","0"
"POINT (13.385511560000101 52.471561975000000)","Unfall 234102 (2022) Kat:3, Licht: 0","234102","3","3","5","07","17","2","","0","1","1","0","0"
"POINT (13.371354381000099 52.447267799000002)","Unfall 234103 (2022) Kat:3, Licht: 1","234103","3","3","5","06","21","1","","1","0","1","0","0"
"POINT (13.411969324999999 52.401261669000100)","Unfall 234104 (2022) Kat:3, Licht: 0","234104","3","7","6","07","13","6","","0","0","1","1","0"
"POINT (13.198081704000099 52.439404889000102)","Unfall 234105 (2022) Kat:2, Licht: 0","234105","2","7","5","06","17","3","","0","1","1","0","0"
"POINT (13.339209082000000 52.601054588000103)","Unfall 234106 (2022) Kat:3, Licht: 0","234106","3","5","1","06","17","1","","0","1","1","0","0"
"POINT (13.269799473000001 52.430739310000000)","Unfall 234107 (2022) Kat:3, Licht: 0","234107","3","4","6","06","14","4","","0","1","0","1","0"
"POINT (13.418251221000000 52.490461738000100)","Unfall 234108 (2022) Kat:3, Licht: 0","234108","3","5","1","07","12","1","","0","0","1","0","0"
"POINT (13.452550020000000 52.429041524000098)","Unfall 234109 (2022) Kat:3, Licht: 0","234109","3","2","5","06","11","4","","0","1","1","0","0"
"POINT (13.476163102999999 52.532829921000001)","Unfall 234110 (2022) Kat:3, Licht: 0","234110","3","4","6","06","07","3","","0","0","0","1","0"