WKT,Name,OBJECTID,UKATEGORIE,UTYP1,UART,UMONAT,USTUNDE,UWOCHENTAG,STRZUSTAND,ULICHTVERH,ISTRAD,ISTPKW,ISTFUSS,ISTKRAD
"POINT (13.474473707000101 52.438845723999997)","Unfall 234111 (2022) Kat:3, Licht: 0","234111","3","4","6","06","17","7","","0","0","0","1","0"
"POINT (13.344976033000000 52.484840642999998)","Unfall 234112 (2022) Kat:3, Licht: 1","234112","3","6","2","06","21","5","","1","1","1","0","0"
"POINT (13.420787956000000 52.553284777000002)","Unfall 234113 (2022) Kat:3, Licht: 1","234113","3","3","0","06","20","7","","1","0","1","0","1"
"POINT (13.428062077000000 52.499352930000001)","Unfall 234114 (2022) Kat:3, Licht: 1","234114","3","4","1","07","21","1","","1","1","1","1","0"
"POINT (13.373205104000000 52.538100561000100)","Unfall 234115 (2022) Kat:3, Licht: 0","234115","3","2","5","06","09","4","","0","1","1","0","0"
"POINT (13.389192035000100 52.508644178000097)","Unfall 234116 (2022) Kat:3, Licht: 2","234116","3","1","1","06","02","2","","2","0","1","0","0"
"POINT (13.379437465000001 52.480851786000102)","Unfall 234117 (2022) Kat:2, Licht: 0","234117","2","5","1","07","17","3","","0","1","1","0","0"
"POINT (13.365851703000001 52.557141455000099)","Unfall 234118 (2022) Kat:2, Licht: 0","234118","2","4","6","06","14","6","","0","1","0","1","0"
"POINT (13.300595088000000 52.461134029000000)","Unfall 234119 (2022) Kat:3, Licht: 0","234119","3","2","0","06","07","4","","0","1","1","0","0"
"POINT (13.657679248000001 52.414552818000097)","Unfall 234120 (2022) Kat:3, Licht: 0","234120","3","1","8","06","13","7","","0","0","1","0","0"
"POINT (13.476580945000000 52.420860995000098)","Unfall 234121 (2022) Kat:3, Licht: 0","234121","3","5","1","06","14","4","","0","1","1","0","0"
"POINT (13.298674106000000 52.495330153000097)","Unfall 234122 (2022) Kat:3, Licht: 0","234122","3","6","3","07","21","2","","0","1","1","0","0"
"POINT (13.257031724999999 52.455005759000102)","Unfall 234123 (2022) Kat:3, Licht: 0","234123","3","7","6","06","17","3","","0","0","1","1","0"
"POINT (13.379104312999999 52.552902684999999)","Unfall 234124 (2022) Kat:3, Licht: 0","234124","3","4","6","06","09","6","","0","0","1","1","0"
"POINT (13.316189404000101 52.514282477000101)","Unfall 234125 (2022) Kat:2, Licht: 0","234125","2","5","1","06","06","6","","0","0","1","0","0"
"POINT (13.396179743000101 52.517987312999999)","Unfall 234126 (2022) Kat:2, Licht: 0","234126","2","4","6","07","16","7","","0","0","1","1","0"
"POINT (13.383557214000099 52.397304280000100)","Unfall 234127 (2022) Kat:3, Licht: 0","234127","3","2","5","06","18","2","","0","1","1","0","0"
"POINT (13.523233086000101 52.462660382000102)","Unfall 234128 (2022) Kat:2, Licht: 1","234128","2","4","6","07","21","7","","1","0","1","1","0"
"POINT (13.280052707999999 52.518314186000097)","Unfall 234129 (2022) Kat:3, Licht: 0","234129","3","2","5","06","14","3","","0","1","1","0","0"
"POINT (13.608891548000001 52.449052039999998)","Unfall 234130 (2022) Kat:3, Licht: 0","234130","3","2","5","06","15","3","","0","1","1","0","0"
"POINT (13.468116871000101 52.507239736000002)","Unfall 234131 (2022) Kat:3, Licht: 0","234131","3","7","6","07","11","7","","0","0","1","1","0"
"POINT (13.432108652000100 52.604284643000000)","Unfall 234132 (2022) Kat:3, Licht: 0","234132","3","7","6","07","15","3","","0","0","1","1","0"
"POINT (13.307312488000001 52.433376133000102)","Unfall 234133 (2022) Kat:3, Licht: 0","234133","3","4","6","06","07","5","","0","0","1","1","0"
"POINT (13.454856783000000 52.452998294000103)","Unfall 234134 (2022) Kat:3, Licht: 0","234134","3","2","5","07","11","4","","0","1","1","0","0"
"POINT (13.377582392000001 52.483388327999997)","Unfall 234135 (2022) Kat:3, Licht: 0","234135","3","6","2","06","18","6","","0","0","1","0","1"
"POINT (13.371201794000100 52.474567055000101)","Unfall 234136 (2022) Kat:3, Licht: 0","234136","3","2","5","06","15","3","","0","1","1","0","0"
"POINT (13.411758279000001 52.523965593000099)","Unfall 234137 (2022) Kat:3, Licht: 0","234137","3","2","5","06","13","2","","0","0","1","0","0"
"POINT (13.433492172999999 52.444007971000097)","Unfall 234138 (2022) Kat:3, Licht: 0","234138","3","2","6","07","10","3","","0","0","1","1","0"
"POINT (13.354786516000001 52.551865529000104)","Unfall 234139 (2022) Kat:3, Licht: 0","234139","3","2","0","06","12","6","","0","0","1","0","0"
"POINT (13.452832181000099 52.512412004000097)","Unfall 234140 (2022) Kat:3, Licht: 0","234140","3","2","5","06","19","5","","0","1","0","0","0"
"POINT (13.406433871999999 52.524997724999999)","Unfall 234141 (2022) Kat:3, Licht: 0","234141","3","1","0","06","12","7","","0","0","0","0","1"
"POINT (13.354329780000100 52.596593218000102)","Unfall 234142 (2022) Kat:3, Licht: 0","234142","3","3","5","06","18","3","","0","0","0","0","0"
"POINT (13.373249881000000 52.538042541999999)","Unfall 234143 (2022) Kat:3, Licht: 0","234143","3","2","2","07","17","2","","0","1","1","0","0"
"POINT (13.230173498999999 52.546904191000102)","Unfall 234144 (2022) Kat:3, Licht: 0","234144","3","6","2","06","16","3","","0","0","1","0","0"
"POINT (13.311812866000000 52.567997084000098)","Unfall 234145 (2022) Kat:3, Licht: 0","234145","3","2","3","06","15","7","","0","0","1","0","1"
"POINT (13.221289329000101 52.560341036000104)","Unfall 234146 (2022) Kat:3, Licht: 0","234146","3","5","1","06","19","7","","0","1","1","0","0"
"POINT (13.334773395000100 52.521019217999999)","Unfall 234147 (2022) Kat:3, Licht: 0","234147","3","5","1","07","14","7","","0","1","1","0","0"
"POINT (13.418001301000100 52.518026478000102)","Unfall 234148 (2022) Kat:3, Licht: 0","234148","3","2","2","06","15","3","","0","0","1","0","0"
"POINT (13.294898702000101 52.539627887999998)","Unfall 234149 (2022) Kat:3, Licht: 2","234149","3","2","0","07","22","7","","2","0","0","0","0"
"POINT (13.497443623000001 52.507842068000102)","Unfall 234150 (2022) Kat:3, Licht: 0","234150","3","7","2","06","18","3","","0","1","1","0","0"
"POINT (13.366769064000000 52.462586496000000)","Unfall 234151 (2022) Kat:3, Licht: 0","234151","3","2","5","06","07","2","","0","1","1","0","0"
"POINT (13.194703590000101 52.431819560000100)","Unfall 234152 (2022) Kat:3, Licht: 0","234152","3","3","5","07","08","3","","0","0","1","0","0"
"POINT (13.550341898999999 52.520403645999998)","Unfall 234153 (2022) Kat:3, Licht: 0","234153","3","3","5","06","08","5","","0","1","1","0","0"
"POINT (13.429840259000100 52.539381789000103)","Unfall 234154 (2022) Kat:3, Licht: 0","234154","3","2","2","07","08","5","","0","1","1","0","0"
"POINT (13.524405349000100 52.459404167999999)","Unfall 234155 (2022) Kat:3, Licht: 0","234155","3","2","5","06","09","6","","0","1","1","0","0"
"POINT (13.428816601999999 52.579444334000101)","Unfall 234156 (2022) Kat:3, Licht: 0","234156","3","6","2","06","16","3","","0","0","1","0","0"
"POINT (13.293642819000100 52.535264439999999)","Unfall 234157 (2022) Kat:3, Licht: 0","234157","3","6","2","07","05","1","","0","0","1","0","0"
"POINT (13.331232555000000 52.485938316000002)","Unfall 234158 (2022) Kat:3, Licht: 0","234158","3","6","2","06","08","6","","0","0","1","0","0"
"POINT (13.445346141000099 52.499300071999997)","Unfall 234159 (2022) Kat:3, Licht: 1","234159","3","7","6","06","04","1","","1","1","0","1","0"
"POINT (13.415818550999999 52.544281221000098)","Unfall 234160 (2022) Kat:3, Licht: 0","234160","3","5","0","07","17","7","","0","1","1","0","0"
"POINT (13.462186398000000 52.422421227000001)","Unfall 234161 (2022) Kat:3, Licht: 0","234161","3","6","2","06","15","4","","0","0","1","0","1"
"POINT (13.452267033000100 52.557858791999998)","Unfall 234162 (2022) Kat:3, Licht: 0","234162","3","3","5","06","12","2","","0","0","1","0","0"
"POINT (13.440628437999999 52.517076461000002)","Unfall 234163 (2022) Kat:3, Licht: 0","234163","3","2","0","06","17","5","","0","0","1","0","1"
"POINT (13.452101842999999 52.471084221000098)","Unfall 234164 (2022) Kat:3, Licht: 0","234164","3","2","5","06","15","2","","0","1","0","0","0"
"POINT (13.376333010000099 52.510086422000001)","Unfall 234165 (2022) Kat:3, Licht: 0","234165","3","1","0","07","17","6","","0","0","0","0","1"
"POINT (13.458765289000000 52.485533148999998)","Unfall 234166 (2022) Kat:3, Licht: 2","234166","3","1","8","07","00","3","","2","0","1","0","0"
"POINT (13.386629449999999 52.490077492000097)","Unfall 234167 (2022) Kat:3, Licht: 0","234167","3","2","5","06","19","4","","0","1","1","0","0"
"POINT (13.401548192000099 52.529646387000099)","Unfall 234168 (2022) Kat:3, Licht: 0","234168","3","2","5","06","21","4","","0","0","1","0","0"
"POINT (13.591577285000000 52.544814563000003)","Unfall 234169 (2022) Kat:2, Licht: 0","234169","2","2","5","06","16","1","","0","0","1","0","0"
"POINT (13.410462068000101 52.503453952000001)","Unfall 234170 (2022) Kat:3, Licht: 0","234170","3","2","5","06","07","5","","0","1","0","0","0"
"POINT (13.380022731000100 52.540508207000101)","Unfall 234171 (2022) Kat:3, Licht: 0","234171","3","2","5","06","19","1","","0","1","1","0","0"
"POINT (13.584589481000000 52.512155163999999)","Unfall 234172 (2022) Kat:3, Licht: 0","234172","3","6","3","06","20","7","","0","0","1","0","0"
"POINT (13.446521574000000 52.546678504000099)","Unfall 234173 (2022) Kat:3, Licht: 0","234173","3","3","5","07","17","6","","0","1","1","0","0"
"POINT (13.422740086999999 52.467547636000099)","Unfall 234174 (2022) Kat:3, Licht: 0","234174","3","7","5","06","07","3","","0","0","1","0","0"
"POINT (13.582578268000100 52.442393736000000)","Unfall 234175 (2022) Kat:3, Licht: 0","234175","3","5","1","06","17","1","","0","1","1","0","0"
"POINT (13.377670556000099 52.556614488000001)","Unfall 234176 (2022) Kat:3, Licht: 2","234176","3","2","5","06","22","4","","2","1","1","0","0"
"POINT (13.583662795000100 52.524426817000098)","Unfall 234177 (2022) Kat:3, Licht: 0","234177","3","3","5","06","17","4","","0","0","1","0","0"
"POINT (13.287220633000100 52.458434271999998)","Unfall 234178 (2022) Kat:3, Licht: 0","234178","3","2","5","06","07","4","","0","1","1","0","0"
"POINT (13.164866109000100 52.466789255999998)","Unfall 234179 (2022) Kat:3, Licht: 0","234179","3","5","1","06","16","7","","0","0","1","0","1"
"POINT (13.428734558000000 52.584205170000097)","Unfall 234180 (2022) Kat:3, Licht: 0","234180","3","4","6","06","07","5","","0","0","0","1","0"
"POINT (13.271881525000000 52.536659864000100)","Unfall 234181 (2022) Kat:3, Licht: 0","234181","3","2","5","06","12","7","","0","0","1","0","0"
"POINT (13.281133632000000 52.634094480000002)","Unfall 234182 (2022) Kat:3, Licht: 0","234182","3","1","0","07","17","1","","0","1","0","0","0"
"POINT (13.414927958000000 52.553848357000000)","Unfall 234183 (2022) Kat:3, Licht: 0","234183","3","4","6","06","18","4","","0","0","1","1","0"
"POINT (13.428879135000001 52.484830072000101)","Unfall 234184 (2022) Kat:3, Licht: 0","234184","3","6","2","06","13","2","","0","1","1","0","0"
"POINT (13.573401120000000 52.394484439000102)","Unfall 234185 (2022) Kat:3, Licht: 1","234185","3","3","0","07","06","4","","1","0","1","0","1"
"POINT (13.232965240000100 52.538467695000101)","Unfall 234186 (2022) Kat:2, Licht: 0","234186","2","6","2","06","13","6","","0","0","1","0","1"
"POINT (13.352682432000099 52.543128650000000)","Unfall 234187 (2022) Kat:3, Licht: 1","234187","3","2","5","06","21","4","","1","1","0","0","0"
"POINT (13.610458038000001 52.494775976000000)","Unfall 234188 (2022) Kat:3, Licht: 0","234188","3","2","5","06","15","7","","0","1","0","0","0"
"POINT (13.323249595000000 52.603402864000003)","Unfall 234189 (2022) Kat:3, Licht: 0","234189","3","6","0","06","14","3","","0","1","1","0","0"
"POINT (13.446754919000099 52.583231625000103)","Unfall 234190 (2022) Kat:3, Licht: 0","234190","3","2","0","07","10","2","","0","1","1","0","0"
"POINT (13.263832498999999 52.514828143000003)","Unfall 234191 (2022) Kat:3, Licht: 0","234191","3","5","1","06","18","3","","0","0","1","0","0"
"POINT (13.376847451000099 52.510742670000099)","Unfall 234192 (2022) Kat:3, Licht: 0","234192","3","2","5","06","07","6","","0","1","0","0","0"
"POINT (13.271421191000099 52.528406504000003)","Unfall 234193 (2022) Kat:3, Licht: 0","234193","3","2","2","06","09","6","","0","0","1","0","1"
"POINT (13.333357250000100 52.506651128000001)","Unfall 234194 (2022) Kat:3, Licht: 0","234194","3","6","3","07","16","6","","0","0","1","0","1"
"POINT (13.202807858000000 52.523730528000002)","Unfall 234195 (2022) Kat:2, Licht: 0","234195","2","3","5","06","16","2","","0","0","1","0","0"
"POINT (13.299515031000100 52.434284418000097)","Unfall 234196 (2022) Kat:2, Licht: 0","234196","2","3","0","07","21","1","","0","0","1","0","0"
"POINT (13.463045616000000 52.527657885000103)","Unfall 234197 (2022) Kat:3, Licht: 0","234197","3","2","0","06","16","3","","0","1","0","0","0"
"POINT (13.407782871000100 52.493110119000100)","Unfall 234198 (2022) Kat:2, Licht: 0","234198","2","1","1","06","17","3","","0","1","1","0","0"
"POINT (13.427829425000001 52.518125720000100)","Unfall 234199 (2022) Kat:3, Licht: 0","234199","3","1","0","07","09","7","","0","1","0","0","0"
"POINT (13.494415903000100 52.545103970000099)","Unfall 234200 (2022) Kat:2, Licht: 0","234200","2","2","5","07","15","3","","0","1","1","0","0"
"POINT (13.371901587000000 52.509014272000101)","Unfall 234201 (2022) Kat:3, Licht: 0","234201","3","3","5","06","18","5","","0","1","1","0","0"
"POINT (13.297926381000000 52.578177447000002)","Unfall 234202 (2022) Kat:3, Licht: 0","234202","3","2","5","06","16","4","","0","0","1","0","0"
"POINT (13.542194612999999 52.457779537000100)","Unfall 234203 (2022) Kat:3, Licht: 0","234203","3","6","2","07","14","5","","0","0","1","0","0"
"POINT (13.186497752999999 52.547078194999997)","Unfall 234204 (2022) Kat:3, Licht: 0","234204","3","2","0","06","12","6","","0","1","1","0","0"
"POINT (13.436092349999999 52.448949681000002)","Unfall 234205 (2022) Kat:3, Licht: 0","234205","3","6","2","06","09","3","","0","0","1","0","0"
"POINT (13.542398973999999 52.435842266000101)","Unfall 234206 (2022) Kat:3, Licht: 0","234206","3","7","6","07","08","2","","0","1","0","1","0"
"POINT (13.303347847000101 52.495842930000002)","Unfall 234207 (2022) Kat:3, Licht: 0","234207","3","7","5","06","09","2","","0","0","1","0","1"
"POINT (13.331583494000000 52.505259226000099)","Unfall 234208 (2022) Kat:3, Licht: 0","234208","3","7","0","07","14","6","","0","0","1","0","1"
"POINT (13.475216812999999 52.501608718999996)","Unfall 234209 (2022) Kat:3, Licht: 0","234209","3","3","5","06","09","4","","0","1","1","0","0"
"POINT (13.443275427000099 52.571386290000099)","Unfall 234210 (2022) Kat:3, Licht: 0","234210","3","3","5","06","17","2","","0","0","1","0","0"
"POINT (13.291139391000099 52.591395835000100)","Unfall 234211 (2022) Kat:3, Licht: 0","234211","3","5","5","06","18","5","","0","1","1","0","0"
"POINT (13.350037205000000 52.434276828000101)","Unfall 234212 (2022) Kat:3, Licht: 0","234212","3","2","5","07","15","5","","0","1","1","0","0"
"POINT (13.604042351000000 52.539623560999999)","Unfall 234213 (2022) Kat:3, Licht: 0","234213","3","4","6","07","14","2","","0","0","0","1","0"
"POINT (13.457825640000101 52.512816995000001)","Unfall 234214 (2022) Kat:3, Licht: 0","234214","3","7","2","06","10","5","","0","0","1","0","0"
"POINT (13.281397815000000 52.498166169999998)","Unfall 234215 (2022) Kat:3, Licht: 0","234215","3","7","0","06","14","1","","0","1","0","0","0"
"POINT (13.185396705000100 52.537954624000101)","Unfall 234216 (2022) Kat:3, Licht: 0","234216","3","7","5","06","12","6","","0","0","1","0","1"
"POINT (13.402562911000100 52.531310548000100)","Unfall 234217 (2022) Kat:3, Licht: 0","234217","3","5","1","06","17","2","","0","0","1","0","1"
"POINT (13.394091692000099 52.490360074000101)","Unfall 234218 (2022) Kat:3, Licht: 0","234218","3","7","6","07","12","7","","0","0","1","1","0"
"POINT (13.183443339000100 52.541366312999997)","Unfall 234219 (2022) Kat:3, Licht: 2","234219","3","2","5","06","21","1","","2","0","1","0","1"
"POINT (13.591460321000101 52.534981053000102)","Unfall 234220 (2022) Kat:3, Licht: 0","234220","3","7","0","07","18","7","","0","1","0","0","0"
"POINT (13.347276793000001 52.469560848000100)","Unfall 234221 (2022) Kat:2, Licht: 0","234221","2","7","5","06","07","4","","0","0","1","0","1"
"POINT (13.322521305000100 52.478754604000102)","Unfall 234222 (2022) Kat:3, Licht: 0","234222","3","5","1","06","12","2","","0","1","0","0","0"
"POINT (13.362141143000001 52.555921796000099)","Unfall 234223 (2022) Kat:3, Licht: 0","234223","3","1","1","06","15","5","","0","0","1","0","1"
"POINT (13.328365097000100 52.466215554000001)","Unfall 234224 (2022) Kat:3, Licht: 0","234224","3","7","6","07","16","6","","0","0","0","1","0"
"POINT (13.357494154000101 52.486652376000102)","Unfall 234225 (2022) Kat:3, Licht: 0","234225","3","4","6","07","11","2","","0","1","0","1","0"
"POINT (13.509649212999999 52.572141098000003)","Unfall 234226 (2022) Kat:3, Licht: 0","234226","3","4","6","06","14","5","","0","0","1","1","0"
"POINT (13.367046933999999 52.572989359000097)","Unfall 234227 (2022) Kat:3, Licht: 0","234227","3","7","0","06","12","7","","0","0","0","0","1"
"POINT (13.415746910000101 52.526697448000000)","Unfall 234228 (2022) Kat:2, Licht: 0","234228","2","2","5","06","11","6","","0","1","0","0","0"
"POINT (13.324993028000099 52.555663478000000)","Unfall 234229 (2022) Kat:3, Licht: 0","234229","3","7","2","06","16","1","","0","1","0","0","0"
"POINT (13.328547648000001 52.531549378000101)","Unfall 234230 (2022) Kat:3, Licht: 0","234230","3","6","2","07","17","4","","0","0","1","0","0"
"POINT (13.532029564000000 52.484026235999998)","Unfall 234231 (2022) Kat:3, Licht: 1","234231","3","3","5","06","05","7","","1","0","1","0","0"
"POINT (13.361014593000000 52.540728393000101)","Unfall 234232 (2022) Kat:3, Licht: 0","234232","3","1","0","07","17","6","","0","0","0","0","1"
"POINT (13.526607335000101 52.426465171000103)","Unfall 234233 (2022) Kat:3, Licht: 0","234233","3","2","5","06","12","4","","0","0","1","0","0"
"POINT (13.213451599000100 52.531861032000101)","Unfall 234234 (2022) Kat:2, Licht: 0","234234","2","6","2","06","10","1","","0","0","1","0","1"
"POINT (13.379755462000000 52.496036069000098)","Unfall 234235 (2022) Kat:3, Licht: 0","234235","3","5","1","06","13","4","","0","0","1","0","1"
"POINT (13.425559539000099 52.479243609999997)","Unfall 234236 (2022) Kat:3, Licht: 2","234236","3","3","5","06","23","4","","2","1","1","0","0"
"POINT (13.343168852000099 52.531171112000003)","Unfall 234237 (2022) Kat:3, Licht: 0","234237","3","4","6","06","17","3","","0","1","0","1","0"
"POINT (13.328287084000101 52.454355235000001)","Unfall 234238 (2022) Kat:3, Licht: 0","234238","3","7","6","06","17","7","","0","0","0","1","0"
"POINT (13.395390901000001 52.496956077000000)","Unfall 234239 (2022) Kat:3, Licht: 0","234239","3","2","2","06","15","5","","0","1","1","0","0"
"POINT (13.589284092000099 52.417593485000097)","Unfall 234240 (2022) Kat:3, Licht: 0","234240","3","1","0","06","18","7","","0","1","0","0","0"
"POINT (13.436936731000101 52.465277983000099)","Unfall 234241 (2022) Kat:3, Licht: 0","234241","3","3","5","07","10","2","","0","0","1","0","0"
"POINT (13.216805607000000 52.440556559000100)","Unfall 234242 (2022) Kat:3, Licht: 0","234242","3","7","7","06","18","4","","0","1","0","0","0"
"POINT (13.245074705000000 52.538174826999999)","Unfall 234243 (2022) Kat:3, Licht: 0","234243","3","2","5","06","06","3","","0","1","1","0","0"
"POINT (13.361013093000100 52.537647522999997)","Unfall 234244 (2022) Kat:3, Licht: 0","234244","3","7","7","07","08","3","","0","0","0","0","1"
"POINT (13.457854347000000 52.512759469000102)","Unfall 234245 (2022) Kat:3, Licht: 1","234245","3","3","5","06","21","6","","1","1","1","0","0"
"POINT (13.413183922000000 52.547680532000101)","Unfall 234246 (2022) Kat:3, Licht: 0","234246","3","2","5","06","09","4","","0","1","1","0","0"
"POINT (13.434825569999999 52.441165237000099)","Unfall 234247 (2022) Kat:3, Licht: 0","234247","3","6","2","06","17","7","","0","0","1","0","0"
"POINT (13.363440846000101 52.479203558000101)","Unfall 234248 (2022) Kat:3, Licht: 0","234248","3","5","1","06","16","3","","0","0","1","0","0"
"POINT (13.331596819000000 52.505283415000100)","Unfall 234249 (2022) Kat:3, Licht: 0","234249","3","1","0","07","10","2","","0","0","0","0","1"
"POINT (13.409717462000099 52.381762403000003)","Unfall 234250 (2022) Kat:3, Licht: 0","234250","3","7","0","06","12","6","","0","0","1","1","0"
"POINT (13.332151732000099 52.458269991000101)","Unfall 234251 (2022) Kat:2, Licht: 0","234251","2","2","5","06","13","6","","0","0","1","0","1"
"POINT (13.501217840000001 52.560761291000098)","Unfall 234252 (2022) Kat:3, Licht: 0","234252","3","3","5","07","10","7","","0","0","1","0","1"
"POINT (13.414045552000101 52.507886411000101)","Unfall 234253 (2022) Kat:3, Licht: 2","234253","3","2","5","06","23","2","","2","1","1","0","0"
"POINT (13.441299183000099 52.546397252000098)","Unfall 234254 (2022) Kat:3, Licht: 0","234254","3","6","2","07","16","7","","0","0","1","0","1"
"POINT (13.383309500000101 52.511420762999997)","Unfall 234255 (2022) Kat:3, Licht: 0","234255","3","2","5","06","15","4","","0","0","1","0","0"
"POINT (13.285975954000000 52.449608071000100)","Unfall 234256 (2022) Kat:3, Licht: 0","234256","3","3","5","06","09","3","","0","0","1","0","1"
"POINT (13.520115078000099 52.568676510000003)","Unfall 234257 (2022) Kat:3, Licht: 0","234257","3","2","5","07","14","6","","0","1","1","0","0"
"POINT (13.227237120000000 52.549471197999999)","Unfall 234258 (2022) Kat:2, Licht: 0","234258","2","2","5","07","12","3","","0","0","1","0","1"
"POINT (13.376596993000000 52.485585841999999)","Unfall 234259 (2022) Kat:3, Licht: 0","234259","3","6","0","06","19","5","","0","0","1","0","1"
"POINT (13.468217773999999 52.545237336000099)","Unfall 234260 (2022) Kat:3, Licht: 0","234260","3","4","6","06","13","4","","0","0","1","1","0"
"POINT (13.353364909000000 52.470705426000102)","Unfall 234261 (2022) Kat:3, Licht: 0","234261","3","6","2","07","11","5","","0","0","1","0","0"
"POINT (13.370987861000099 52.523463919000100)","Unfall 234262 (2022) Kat:3, Licht: 0","234262","3","6","2","06","20","6","","0","0","1","0","0"
"POINT (13.421810520000101 52.489252409000102)","Unfall 234263 (2022) Kat:3, Licht: 0","234263","3","7","0","06","20","3","","0","1","0","0","0"
"POINT (13.421753809000100 52.500613751000103)","Unfall 234264 (2022) Kat:3, Licht: 0","234264","3","5","1","07","14","1","","0","1","1","0","0"
"POINT (13.426470511000000 52.499289046999998)","Unfall 234265 (2022) Kat:3, Licht: 0","234265","3","3","5","06","06","2","","0","0","1","0","1"
"POINT (13.315849654999999 52.570368549000101)","Unfall 234266 (2022) Kat:2, Licht: 0","234266","2","4","6","07","17","6","","0","0","1","1","0"
"POINT (13.348238451000000 52.530497449999999)","Unfall 234267 (2022) Kat:3, Licht: 0","234267","3","6","2","06","09","4","","0","0","1","0","0"
"POINT (13.422221603000001 52.505425973000101)","Unfall 234268 (2022) Kat:3, Licht: 1","234268","3","3","5","06","07","2","","1","0","1","0","0"
"POINT (13.281279777000099 52.512790166000102)","Unfall 234269 (2022) Kat:3, Licht: 0","234269","3","2","0","06","16","5","","0","1","1","0","0"
"POINT (13.398207898000100 52.506988239000101)","Unfall 234270 (2022) Kat:3, Licht: 0","234270","3","6","2","07","13","5","","0","0","1","0","1"
"POINT (13.514598063999999 52.468905161000102)","Unfall 234271 (2022) Kat:3, Licht: 0","234271","3","2","5","07","09","2","","0","1","1","0","0"
"POINT (13.227242587999999 52.537666887999997)","Unfall 234272 (2022) Kat:3, Licht: 0","234272","3","6","2","06","07","5","","0","0","1","0","0"
"POINT (13.411814317000101 52.464269602999998)","Unfall 234273 (2022) Kat:3, Licht: 0","234273","3","2","5","06","10","4","","0","0","1","0","1"
"POINT (13.442774687000099 52.480432706000002)","Unfall 234274 (2022) Kat:2, Licht: 0","234274","2","2","5","06","20","1","","0","1","1","0","0"
"POINT (13.426427349000100 52.476933768999999)","Unfall 234275 (2022) Kat:3, Licht: 0","234275","3","6","2","06","17","5","","0","1","1","0","0"
"POINT (13.400661439000000 52.490459407000102)","Unfall 234276 (2022) Kat:3, Licht: 0","234276","3","6","2","06","10","2","","0","0","1","0","1"
"POINT (13.495655215000101 52.415171499000103)","Unfall 234277 (2022) Kat:2, Licht: 0","234277","2","3","5","06","19","2","","0","1","1","0","0"
"POINT (13.198598330999999 52.555413881000000)","Unfall 234278 (2022) Kat:2, Licht: 0","234278","2","2","5","07","08","4","","0","1","1","0","0"
"POINT (13.181784367000001 52.534081833000101)","Unfall 234279 (2022) Kat:3, Licht: 0","234279","3","4","6","06","17","7","","0","0","1","1","0"
"POINT (13.343413048000100 52.531766608000098)","Unfall 234280 (2022) Kat:2, Licht: 0","234280","2","2","5","07","12","6","","0","1","1","0","0"
"POINT (13.380436380000001 52.518100726999997)","Unfall 234281 (2022) Kat:3, Licht: 0","234281","3","2","5","06","17","3","","0","1","1","0","0"
"POINT (13.185081891999999 52.430201402000101)","Unfall 234282 (2022) Kat:3, Licht: 0","234282","3","5","5","06","15","7","","0","1","1","0","0"
"POINT (13.583272911000099 52.413595042000097)","Unfall 234283 (2022) Kat:3, Licht: 0","234283","3","3","5","06","16","4","","0","1","0","0","0"
"POINT (13.404348108000001 52.533176961999999)","Unfall 234284 (2022) Kat:3, Licht: 0","234284","3","3","5","06","08","4","","0","1","1","0","0"
"POINT (13.328625887999999 52.529096543000001)","Unfall 234285 (2022) Kat:3, Licht: 0","234285","3","5","1","06","16","6","","0","1","1","0","0"
"POINT (13.372201187000000 52.455498837999997)","Unfall 234286 (2022) Kat:3, Licht: 1","234286","3","3","5","06","21","5","","1","0","1","0","1"
"POINT (13.432485076000001 52.509270156000099)","Unfall 234287 (2022) Kat:2, Licht: 2","234287","2","4","6","06","23","6","","2","0","1","1","0"
"POINT (13.400703961000000 52.592810895000099)","Unfall 234288 (2022) Kat:3, Licht: 0","234288","3","3","5","06","09","3","","0","0","1","0","1"
"POINT (13.361422254000001 52.412568761999999)","Unfall 234289 (2022) Kat:3, Licht: 0","234289","3","2","3","07","12","1","","0","0","1","0","0"
"POINT (13.314113099000100 52.515977644000003)","Unfall 234290 (2022) Kat:3, Licht: 0","234290","3","1","0","06","17","3","","0","0","0","0","1"
"POINT (13.352275183000099 52.505297289000097)","Unfall 234291 (2022) Kat:2, Licht: 0","234291","2","3","5","07","14","4","","0","0","1","0","0"
"POINT (13.479721746000100 52.523927023000098)","Unfall 234292 (2022) Kat:3, Licht: 0","234292","3","6","3","06","14","6","","0","1","0","0","0"
"POINT (13.387702807000000 52.565064171000103)","Unfall 234293 (2022) Kat:3, Licht: 0","234293","3","5","1","06","19","5","","0","1","1","0","0"
"POINT (13.306480796000100 52.517033492000103)","Unfall 234294 (2022) Kat:2, Licht: 2","234294","2","4","6","06","23","6","","2","0","1","1","0"
"POINT (13.382867672000000 52.530529468000097)","Unfall 234295 (2022) Kat:3, Licht: 0","234295","3","4","6","06","20","4","","0","0","0","1","0"
"POINT (13.366850861000000 52.585569180999997)","Unfall 234296 (2022) Kat:3, Licht: 0","234296","3","2","5","07","11","2","","0","0","1","0","1"
"POINT (13.331003501000099 52.463979895000101)","Unfall 234297 (2022) Kat:3, Licht: 0","234297","3","5","1","07","09","4","","0","0","1","0","1"