WKT,Name,OBJECTID,UKATEGORIE,UTYP1,UART,UMONAT,USTUNDE,UWOCHENTAG,STRZUSTAND,ULICHTVERH,ISTRAD,ISTPKW,ISTFUSS,ISTKRAD
"POINT (13.356403571000000 52.516889315000100)","Unfall 234298 (2022) Kat:3, Licht: 0","234298","3","4","6","06","12","7","","0","1","0","1","0"
"POINT (13.198594099999999 52.532812588000098)","Unfall 234299 (2022) Kat:3, Licht: 0","234299","3","2","5","06","15","5","","0","1","0","0","0"
"POINT (13.463907235000001 52.516599575000001)","Unfall 234300 (2022) Kat:3, Licht: 0","234300","3","3","5","06","18","3","","0","0","1","0","0"
"POINT (13.358184755000000 52.501055373000000)","Unfall 234301 (2022) Kat:3, Licht: 0","234301","3","1","0","06","07","1","","0","0","0","0","0"
"POINT (13.380712823000099 52.516610186000001)","Unfall 234302 (2022) Kat:3, Licht: 0","234302","3","1","0","06","08","4","","0","1","0","0","0"
"POINT (13.339088013000000 52.502896813000099)","Unfall 234303 (2022) Kat:3, Licht: 0","234303","3","2","2","07","14","3","","0","0","1","0","1"
"POINT (13.201245085000000 52.536730131000098)","Unfall 234304 (2022) Kat:3, Licht: 0","234304","3","2","2","06","13","4","","0","1","1","0","0"
"POINT (13.420284614000000 52.567005152000000)","Unfall 234305 (2022) Kat:3, Licht: 2","234305","3","3","5","06","22","7","","2","0","1","0","0"
"POINT (13.284646705000100 52.493993035000102)","Unfall 234306 (2022) Kat:3, Licht: 0","234306","3","6","3","06","19","5","","0","1","0","0","0"
"POINT (13.380405719000100 52.448209722999998)","Unfall 234307 (2022) Kat:3, Licht: 2","234307","3","5","1","06","00","7","","2","1","1","0","0"
"POINT (13.329734021000000 52.445615142000101)","Unfall 234308 (2022) Kat:3, Licht: 0","234308","3","7","5","07","17","1","","0","1","1","0","0"
"POINT (13.323487563000100 52.505821546000000)","Unfall 234309 (2022) Kat:3, Licht: 0","234309","3","6","2","06","16","4","","0","0","1","0","0"
"POINT (13.315060721000100 52.514640446000001)","Unfall 234310 (2022) Kat:3, Licht: 0","234310","3","3","2","07","07","3","","0","1","1","0","0"
"POINT (13.313876018000000 52.506339412999999)","Unfall 234311 (2022) Kat:3, Licht: 2","234311","3","2","5","06","23","6","","2","0","1","0","0"
"POINT (13.326616675000000 52.592123594000000)","Unfall 234312 (2022) Kat:3, Licht: 0","234312","3","7","5","06","18","4","","0","0","1","0","0"
"POINT (13.330712582000000 52.429317986000100)","Unfall 234313 (2022) Kat:3, Licht: 0","234313","3","3","2","06","09","7","","0","0","1","0","0"
"POINT (13.414601053000100 52.550455565000000)","Unfall 234314 (2022) Kat:3, Licht: 0","234314","3","5","1","06","10","3","","0","1","1","0","0"
"POINT (13.497287795000000 52.546601066999997)","Unfall 234315 (2022) Kat:2, Licht: 0","234315","2","5","1","07","17","2","","0","0","0","0","1"
"POINT (13.395842700999999 52.565965848000097)","Unfall 234316 (2022) Kat:3, Licht: 0","234316","3","2","5","06","12","6","","0","1","0","0","1"
"POINT (13.292288014000100 52.590573392000103)","Unfall 234317 (2022) Kat:3, Licht: 0","234317","3","2","5","06","12","6","","0","0","1","0","0"
"POINT (13.500254148000099 52.632763134000101)","Unfall 234318 (2022) Kat:3, Licht: 0","234318","3","2","5","06","08","2","","0","0","1","0","0"
"POINT (13.489728410000099 52.467787051000101)","Unfall 234319 (2022) Kat:2, Licht: 0","234319","2","2","6","07","13","7","","0","0","1","1","0"
"POINT (13.383099155000000 52.530531359000101)","Unfall 234320 (2022) Kat:3, Licht: 0","234320","3","2","5","06","19","3","","0","1","1","0","0"
"POINT (13.186994753000000 52.426132309000103)","Unfall 234321 (2022) Kat:2, Licht: 0","234321","2","3","0","06","12","2","","0","1","1","0","0"
"POINT (13.388869317999999 52.550113823000103)","Unfall 234322 (2022) Kat:3, Licht: 0","234322","3","4","6","06","10","6","","0","0","0","1","0"
"POINT (13.335206624000000 52.469273621000099)","Unfall 234323 (2022) Kat:3, Licht: 0","234323","3","3","5","07","13","6","","0","0","1","0","1"
"POINT (13.320939504000000 52.607262013000103)","Unfall 234324 (2022) Kat:3, Licht: 0","234324","3","6","2","07","14","3","","0","0","1","0","0"
"POINT (13.540221471000100 52.565260799000001)","Unfall 234325 (2022) Kat:2, Licht: 0","234325","2","3","5","06","10","5","","0","1","1","0","0"
"POINT (13.307501918000099 52.501264723000098)","Unfall 234326 (2022) Kat:3, Licht: 0","234326","3","5","1","06","19","4","","0","1","1","0","0"
"POINT (13.367714600000101 52.525821881000098)","Unfall 234327 (2022) Kat:2, Licht: 1","234327","2","2","2","07","20","4","","1","1","1","0","0"
"POINT (13.415807260000101 52.464647358000001)","Unfall 234328 (2022) Kat:3, Licht: 0","234328","3","4","6","06","19","6","","0","0","1","1","0"
"POINT (13.213408351000099 52.551970507000100)","Unfall 234329 (2022) Kat:3, Licht: 0","234329","3","6","2","06","08","3","","0","1","1","0","0"
"POINT (13.388372586999999 52.519625689000101)","Unfall 234330 (2022) Kat:3, Licht: 0","234330","3","7","2","07","21","7","","0","1","1","0","0"
"POINT (13.526592537999999 52.424592345000100)","Unfall 234331 (2022) Kat:3, Licht: 0","234331","3","3","5","06","05","1","","0","1","1","0","0"
"POINT (13.439762114000100 52.523958261000097)","Unfall 234332 (2022) Kat:3, Licht: 0","234332","3","6","2","07","14","6","","0","0","1","0","0"
"POINT (13.353109125000101 52.433277815000103)","Unfall 234333 (2022) Kat:2, Licht: 0","234333","2","3","5","06","14","4","","0","0","1","0","0"
"POINT (13.263237010000100 52.449646883000099)","Unfall 234334 (2022) Kat:3, Licht: 0","234334","3","7","1","06","18","7","","0","1","1","0","0"
"POINT (13.158476712000001 52.543813462999999)","Unfall 234335 (2022) Kat:3, Licht: 0","234335","3","2","5","06","07","5","","0","1","1","0","0"
"POINT (13.432121918000099 52.485350445000101)","Unfall 234336 (2022) Kat:3, Licht: 0","234336","3","6","2","07","10","6","","0","0","0","0","0"
"POINT (13.447156060000101 52.489332336000103)","Unfall 234337 (2022) Kat:2, Licht: 0","234337","2","3","5","07","16","2","","0","1","0","0","0"
"POINT (13.424044871000000 52.552913014000097)","Unfall 234338 (2022) Kat:3, Licht: 0","234338","3","4","6","06","16","5","","0","1","0","1","0"
"POINT (13.550881441000101 52.438936849000100)","Unfall 234339 (2022) Kat:2, Licht: 0","234339","2","1","0","06","15","4","","0","0","0","0","1"
"POINT (13.238667972000000 52.510967540000102)","Unfall 234340 (2022) Kat:3, Licht: 0","234340","3","3","5","06","16","7","","0","0","1","0","0"
"POINT (13.331076265000000 52.444194332000102)","Unfall 234341 (2022) Kat:2, Licht: 0","234341","2","4","6","06","19","5","","0","0","1","1","0"
"POINT (13.184740423999999 52.547409152999997)","Unfall 234342 (2022) Kat:3, Licht: 1","234342","3","2","5","06","22","2","","1","0","1","0","0"
"POINT (13.200654526999999 52.538708378000102)","Unfall 234343 (2022) Kat:3, Licht: 0","234343","3","2","0","07","11","2","","0","1","1","0","0"
"POINT (13.316399535000100 52.498659629000002)","Unfall 234344 (2022) Kat:3, Licht: 0","234344","3","2","5","06","15","2","","0","1","1","0","0"
"POINT (13.425351457000000 52.560338184999999)","Unfall 234345 (2022) Kat:3, Licht: 0","234345","3","5","0","07","15","3","","0","1","1","0","0"
"POINT (13.323755187000099 52.456178054000098)","Unfall 234346 (2022) Kat:3, Licht: 0","234346","3","6","2","06","16","6","","0","0","1","0","0"
"POINT (13.433658800000000 52.523321973000101)","Unfall 234347 (2022) Kat:3, Licht: 0","234347","3","7","6","06","14","5","","0","0","1","1","0"
"POINT (13.294729545000100 52.576000893000099)","Unfall 234348 (2022) Kat:2, Licht: 1","234348","2","1","0","06","21","7","","1","1","0","0","0"
"POINT (13.413534292000101 52.527738661999997)","Unfall 234349 (2022) Kat:3, Licht: 0","234349","3","6","2","06","16","4","","0","0","1","0","0"
"POINT (13.457810294000099 52.529039009000002)","Unfall 234350 (2022) Kat:3, Licht: 0","234350","3","2","5","06","07","3","","0","1","0","0","1"
"POINT (13.435064132000001 52.514745832000102)","Unfall 234351 (2022) Kat:3, Licht: 0","234351","3","5","1","06","16","6","","0","1","1","0","0"
"POINT (13.554878741000000 52.434613716000101)","Unfall 234352 (2022) Kat:3, Licht: 0","234352","3","5","1","06","14","7","","0","0","1","0","1"
"POINT (13.299346749000099 52.434108494999997)","Unfall 234353 (2022) Kat:3, Licht: 0","234353","3","5","1","06","11","2","","0","1","1","0","0"
"POINT (13.434502022000100 52.482745398000098)","Unfall 234354 (2022) Kat:3, Licht: 0","234354","3","6","2","07","17","7","","0","1","1","0","0"
"POINT (13.459001829000000 52.529285287999997)","Unfall 234355 (2022) Kat:3, Licht: 0","234355","3","2","5","06","16","3","","0","1","0","0","0"
"POINT (13.307832329000099 52.502849974000100)","Unfall 234356 (2022) Kat:3, Licht: 0","234356","3","6","2","07","12","3","","0","0","1","0","0"
"POINT (13.398006547000000 52.515430606000102)","Unfall 234357 (2022) Kat:3, Licht: 0","234357","3","2","5","06","08","5","","0","1","1","0","0"
"POINT (13.338927244000001 52.464585794000101)","Unfall 234358 (2022) Kat:3, Licht: 0","234358","3","2","6","07","13","4","","0","0","1","1","0"
"POINT (13.211242248000101 52.568424972000102)","Unfall 234359 (2022) Kat:3, Licht: 0","234359","3","2","5","06","18","6","","0","1","1","0","0"
"POINT (13.306029746000000 52.620578792000103)","Unfall 234360 (2022) Kat:3, Licht: 0","234360","3","6","2","06","10","3","","0","0","1","0","0"
"POINT (13.387095208000099 52.489270718999997)","Unfall 234361 (2022) Kat:3, Licht: 0","234361","3","7","0","07","15","2","","0","1","0","0","0"
"POINT (13.406578545000100 52.393764164000103)","Unfall 234362 (2022) Kat:3, Licht: 0","234362","3","2","0","06","20","6","","0","0","1","0","1"
"POINT (13.218509196000101 52.436877781000099)","Unfall 234363 (2022) Kat:3, Licht: 0","234363","3","3","5","06","13","6","","0","0","1","0","0"
"POINT (13.500453225000101 52.551625833000102)","Unfall 234364 (2022) Kat:3, Licht: 0","234364","3","7","0","06","12","1","","0","1","0","0","0"
"POINT (13.319537027000001 52.498011658000102)","Unfall 234365 (2022) Kat:3, Licht: 0","234365","3","3","0","07","14","6","","0","1","0","0","0"
"POINT (13.519730783000099 52.526122321000102)","Unfall 234366 (2022) Kat:3, Licht: 0","234366","3","2","5","06","06","4","","0","1","1","0","0"
"POINT (13.242794667000100 52.601634236000102)","Unfall 234367 (2022) Kat:3, Licht: 0","234367","3","7","0","06","13","2","","0","0","1","0","0"
"POINT (13.493578564000099 52.541301058000002)","Unfall 234368 (2022) Kat:3, Licht: 0","234368","3","3","5","06","08","5","","0","0","1","0","0"
"POINT (13.348932654000100 52.496328968999997)","Unfall 234369 (2022) Kat:3, Licht: 0","234369","3","7","1","07","07","5","","0","0","1","0","0"
"POINT (13.409157316000099 52.528751303000000)","Unfall 234370 (2022) Kat:3, Licht: 2","234370","3","4","6","07","02","2","","2","0","0","1","1"
"POINT (13.399132032000100 52.443850965000102)","Unfall 234371 (2022) Kat:3, Licht: 0","234371","3","4","6","06","08","5","","0","0","0","1","1"
"POINT (13.308308580000100 52.495830160000096)","Unfall 234372 (2022) Kat:2, Licht: 0","234372","2","5","1","06","14","4","","0","0","1","0","1"
"POINT (13.254090995000100 52.610383774000098)","Unfall 234373 (2022) Kat:2, Licht: 0","234373","2","7","7","06","15","1","","0","1","0","0","0"
"POINT (13.408980713000100 52.498370785000098)","Unfall 234374 (2022) Kat:3, Licht: 0","234374","3","6","2","06","13","5","","0","0","1","0","1"
"POINT (13.399443403000101 52.498289044000003)","Unfall 234375 (2022) Kat:2, Licht: 0","234375","2","3","5","06","17","1","","0","0","1","0","0"
"POINT (13.467780489000100 52.546354229000002)","Unfall 234376 (2022) Kat:2, Licht: 0","234376","2","2","5","07","18","1","","0","1","0","0","1"
"POINT (13.412280765000000 52.505614839000003)","Unfall 234377 (2022) Kat:3, Licht: 0","234377","3","5","1","06","15","1","","0","1","1","0","0"
"POINT (13.547584929999999 52.399600896999999)","Unfall 234378 (2022) Kat:3, Licht: 0","234378","3","3","5","06","08","5","","0","1","1","0","0"
"POINT (13.396687142000101 52.490971960000103)","Unfall 234379 (2022) Kat:3, Licht: 0","234379","3","6","3","06","15","3","","0","0","1","0","1"
"POINT (13.262091075000100 52.574045142000003)","Unfall 234380 (2022) Kat:3, Licht: 0","234380","3","5","1","06","14","1","","0","0","1","0","0"
"POINT (13.327130339000099 52.592708531000000)","Unfall 234381 (2022) Kat:2, Licht: 0","234381","2","2","5","06","08","5","","0","1","0","0","0"
"POINT (13.345252565000100 52.486869795000104)","Unfall 234382 (2022) Kat:3, Licht: 0","234382","3","3","5","06","12","6","","0","1","1","0","0"
"POINT (13.485467601000000 52.540439016000100)","Unfall 234383 (2022) Kat:2, Licht: 0","234383","2","1","0","06","12","6","","0","0","0","0","0"
"POINT (13.417765404000001 52.399486654999997)","Unfall 234384 (2022) Kat:3, Licht: 0","234384","3","5","1","06","18","1","","0","1","1","0","0"
"POINT (13.273482754000000 52.409988219000098)","Unfall 234385 (2022) Kat:3, Licht: 0","234385","3","2","5","07","15","6","","0","0","1","0","0"
"POINT (13.409812075000000 52.528176464000097)","Unfall 234386 (2022) Kat:3, Licht: 0","234386","3","1","1","06","15","4","","0","1","1","0","0"
"POINT (13.393154537999999 52.515015877000103)","Unfall 234387 (2022) Kat:2, Licht: 0","234387","2","2","6","06","08","2","","0","0","1","1","0"
"POINT (13.461062023000100 52.560761552000002)","Unfall 234388 (2022) Kat:3, Licht: 1","234388","3","1","1","06","21","5","","1","0","1","0","1"
"POINT (13.527985406000001 52.489711368000002)","Unfall 234389 (2022) Kat:3, Licht: 2","234389","3","6","2","07","00","6","","2","0","1","0","0"
"POINT (13.297146827000100 52.512204576999999)","Unfall 234390 (2022) Kat:2, Licht: 2","234390","2","4","0","07","22","3","","2","1","0","1","0"
"POINT (13.523749902000100 52.486947228000098)","Unfall 234391 (2022) Kat:3, Licht: 0","234391","3","3","5","06","12","5","","0","1","1","0","0"
"POINT (13.229269650000001 52.426295099000100)","Unfall 234392 (2022) Kat:3, Licht: 0","234392","3","3","5","06","13","4","","0","0","1","0","1"
"POINT (13.401244379000000 52.387421218000000)","Unfall 234393 (2022) Kat:3, Licht: 0","234393","3","3","5","07","19","5","","0","1","1","0","0"
"POINT (13.353420898000000 52.432586493000002)","Unfall 234394 (2022) Kat:2, Licht: 0","234394","2","6","2","06","08","6","","0","0","1","0","0"
"POINT (13.272460502000101 52.453450871000001)","Unfall 234395 (2022) Kat:3, Licht: 0","234395","3","3","5","06","18","3","","0","1","1","0","0"
"POINT (13.306958713000000 52.459219251000000)","Unfall 234396 (2022) Kat:3, Licht: 0","234396","3","6","3","07","21","1","","0","0","1","0","1"
"POINT (13.376151530000101 52.505140611999998)","Unfall 234397 (2022) Kat:3, Licht: 0","234397","3","5","1","06","11","2","","0","1","1","0","0"
"POINT (13.297069287999999 52.498213094999997)","Unfall 234398 (2022) Kat:3, Licht: 0","234398","3","7","2","06","15","7","","0","0","1","0","0"
"POINT (13.380481829000100 52.518198521999999)","Unfall 234399 (2022) Kat:3, Licht: 0","234399","3","2","5","07","10","6","","0","1","1","0","0"
"POINT (13.377045395000000 52.535385061000099)","Unfall 234400 (2022) Kat:3, Licht: 0","234400","3","1","0","06","11","3","","0","0","0","0","0"
"POINT (13.466153767000000 52.495906320000103)","Unfall 234401 (2022) Kat:3, Licht: 0","234401","3","7","6","06","20","1","","0","0","1","1","0"
"POINT (13.266607674000101 52.443642433999997)","Unfall 234402 (2022) Kat:2, Licht: 0","234402","2","5","1","06","18","4","","0","1","0","0","0"
"POINT (13.347239750000000 52.553074551000101)","Unfall 234403 (2022) Kat:3, Licht: 0","234403","3","6","2","07","16","2","","0","0","1","0","0"
"POINT (13.197990330000000 52.535013093000003)","Unfall 234404 (2022) Kat:3, Licht: 0","234404","3","3","0","06","12","4","","0","0","1","0","1"
"POINT (13.346923000000100 52.569180096000103)","Unfall 234405 (2022) Kat:3, Licht: 2","234405","3","2","5","06","22","3","","2","0","1","0","0"
"POINT (13.351930450000101 52.459291151000102)","Unfall 234406 (2022) Kat:3, Licht: 1","234406","3","5","1","06","03","1","","1","1","1","0","0"
"POINT (13.334483546000101 52.487821229000097)","Unfall 234407 (2022) Kat:3, Licht: 0","234407","3","6","2","06","16","5","","0","0","1","0","1"
"POINT (13.559684156000101 52.479302274000098)","Unfall 234408 (2022) Kat:3, Licht: 0","234408","3","2","5","06","18","2","","0","1","1","0","0"
"POINT (13.463649722000101 52.560066452999997)","Unfall 234409 (2022) Kat:3, Licht: 0","234409","3","6","3","07","06","2","","0","1","0","0","0"
"POINT (13.583031843000100 52.455359273000099)","Unfall 234410 (2022) Kat:3, Licht: 0","234410","3","3","5","06","12","2","","0","0","1","0","0"
"POINT (13.507351164000100 52.448077116000000)","Unfall 234411 (2022) Kat:2, Licht: 0","234411","2","6","2","07","18","3","","0","1","1","0","0"
"POINT (13.344682938000100 52.446114004000002)","Unfall 234412 (2022) Kat:3, Licht: 0","234412","3","4","6","06","08","6","","0","0","1","1","0"
"POINT (13.281552848000000 52.510924359000100)","Unfall 234413 (2022) Kat:3, Licht: 0","234413","3","2","2","06","09","5","","0","0","1","0","0"
"POINT (13.636947099000100 52.450805146999997)","Unfall 234414 (2022) Kat:3, Licht: 0","234414","3","3","5","06","11","7","","0","0","1","0","0"
"POINT (13.382221387000101 52.537876091999998)","Unfall 234415 (2022) Kat:3, Licht: 0","234415","3","6","2","06","16","3","","0","0","1","0","0"
"POINT (13.333642587000000 52.504383208000000)","Unfall 234416 (2022) Kat:2, Licht: 0","234416","2","1","1","07","19","2","","0","0","1","0","1"
"POINT (13.374219097999999 52.475290069000003)","Unfall 234417 (2022) Kat:3, Licht: 0","234417","3","7","0","06","10","3","","0","0","1","0","0"
"POINT (13.355627786000101 52.460941019000103)","Unfall 234418 (2022) Kat:3, Licht: 0","234418","3","7","6","06","09","7","","0","0","1","1","0"
"POINT (13.309302816000100 52.506564049000097)","Unfall 234419 (2022) Kat:3, Licht: 0","234419","3","2","5","06","17","7","","0","0","1","0","0"
"POINT (13.451717564000001 52.534998411000103)","Unfall 234420 (2022) Kat:3, Licht: 0","234420","3","5","1","07","16","7","","0","0","1","0","0"
"POINT (13.429807009999999 52.544867678999999)","Unfall 234421 (2022) Kat:3, Licht: 2","234421","3","1","0","06","01","3","","2","0","0","0","1"
"POINT (13.559865347000001 52.556138949999998)","Unfall 234422 (2022) Kat:3, Licht: 2","234422","3","1","0","07","02","7","","2","0","0","0","1"
"POINT (13.127177448000101 52.528813315999997)","Unfall 234423 (2022) Kat:3, Licht: 0","234423","3","3","5","06","18","3","","0","0","1","0","1"
"POINT (13.305735401000000 52.554285032999999)","Unfall 234424 (2022) Kat:3, Licht: 0","234424","3","6","2","06","13","3","","0","0","1","0","0"
"POINT (13.404284740000000 52.527206836000097)","Unfall 234425 (2022) Kat:3, Licht: 2","234425","3","3","5","07","22","3","","2","1","1","0","0"
"POINT (13.434768925000100 52.504545779000097)","Unfall 234426 (2022) Kat:3, Licht: 0","234426","3","3","5","06","17","5","","0","1","1","0","0"
"POINT (13.438513244999999 52.452591858000098)","Unfall 234427 (2022) Kat:3, Licht: 1","234427","3","2","5","07","20","5","","1","0","1","0","0"
"POINT (13.373346783000001 52.527675724000098)","Unfall 234428 (2022) Kat:3, Licht: 0","234428","3","6","2","06","15","6","","0","0","1","0","0"
"POINT (13.293831163000000 52.534788443000103)","Unfall 234429 (2022) Kat:3, Licht: 2","234429","3","2","3","06","23","3","","2","0","1","0","0"
"POINT (13.302288535000100 52.547890948000003)","Unfall 234430 (2022) Kat:2, Licht: 2","234430","2","2","5","07","23","7","","2","0","1","0","0"
"POINT (13.384526731999999 52.556010963000098)","Unfall 234431 (2022) Kat:3, Licht: 0","234431","3","1","5","06","06","2","","0","1","1","0","0"
"POINT (13.404624758000100 52.500372296000101)","Unfall 234432 (2022) Kat:3, Licht: 0","234432","3","3","5","07","14","7","","0","0","1","0","0"
"POINT (13.388379671000100 52.519585339999999)","Unfall 234433 (2022) Kat:3, Licht: 0","234433","3","1","0","06","17","4","","0","0","0","0","0"
"POINT (13.203940676000100 52.537699615000101)","Unfall 234434 (2022) Kat:3, Licht: 0","234434","3","7","6","06","10","2","","0","0","1","1","0"
"POINT (13.328171396000100 52.454401577000098)","Unfall 234435 (2022) Kat:3, Licht: 0","234435","3","2","5","06","15","5","","0","1","1","0","0"
"POINT (13.387853240000000 52.492763719999999)","Unfall 234436 (2022) Kat:3, Licht: 0","234436","3","2","2","07","16","5","","0","1","1","0","0"
"POINT (13.341822180000101 52.497306372000097)","Unfall 234437 (2022) Kat:3, Licht: 1","234437","3","2","0","07","20","2","","1","1","1","0","0"
"POINT (13.304589138000001 52.486591029000103)","Unfall 234438 (2022) Kat:3, Licht: 1","234438","3","1","0","06","20","4","","1","0","0","0","1"
"POINT (13.425437155000100 52.541026758999998)","Unfall 234439 (2022) Kat:3, Licht: 0","234439","3","4","6","06","18","4","","0","0","1","1","0"
"POINT (13.391093865000100 52.544685241000103)","Unfall 234440 (2022) Kat:3, Licht: 0","234440","3","2","0","06","19","7","","0","0","1","0","1"
"POINT (13.485001420000099 52.533463533000003)","Unfall 234441 (2022) Kat:3, Licht: 0","234441","3","2","5","06","16","6","","0","0","0","0","1"
"POINT (13.180065747000100 52.497693795000004)","Unfall 234442 (2022) Kat:3, Licht: 0","234442","3","6","2","06","13","2","","0","0","1","0","0"
"POINT (13.363363182000100 52.528963487000098)","Unfall 234443 (2022) Kat:2, Licht: 0","234443","2","1","0","06","19","7","","0","0","0","0","1"
"POINT (13.202600904000100 52.434203140000101)","Unfall 234444 (2022) Kat:3, Licht: 0","234444","3","3","0","06","13","5","","0","1","1","0","0"
"POINT (13.407416834000101 52.511569438000002)","Unfall 234445 (2022) Kat:3, Licht: 1","234445","3","1","0","06","20","3","","1","1","0","0","0"
"POINT (13.434274453000100 52.529256175000100)","Unfall 234446 (2022) Kat:3, Licht: 1","234446","3","2","5","06","21","1","","1","0","1","0","1"
"POINT (13.477900282000100 52.555762996000098)","Unfall 234447 (2022) Kat:3, Licht: 0","234447","3","2","5","06","10","4","","0","1","1","0","0"
"POINT (13.466150569000000 52.505841240000102)","Unfall 234448 (2022) Kat:3, Licht: 0","234448","3","5","1","06","12","4","","0","1","0","0","0"
"POINT (13.410471831000100 52.499611286000103)","Unfall 234449 (2022) Kat:3, Licht: 0","234449","3","5","1","06","17","4","","0","0","1","0","0"
"POINT (13.392393996000100 52.398345927000001)","Unfall 234450 (2022) Kat:2, Licht: 2","234450","2","7","2","06","22","6","","2","0","1","0","1"
"POINT (13.508812521999999 52.564753404999998)","Unfall 234451 (2022) Kat:3, Licht: 0","234451","3","2","5","06","14","5","","0","1","1","0","0"
"POINT (13.302971756000000 52.512827007000098)","Unfall 234452 (2022) Kat:3, Licht: 0","234452","3","3","0","06","17","1","","0","0","1","0","1"
"POINT (13.388663766000001 52.518015419999998)","Unfall 234453 (2022) Kat:3, Licht: 0","234453","3","2","5","07","11","1","","0","1","1","0","0"
"POINT (13.314525357000001 52.481395939000002)","Unfall 234454 (2022) Kat:2, Licht: 2","234454","2","5","1","06","03","4","","2","0","1","0","0"
"POINT (13.308693807999999 52.467358922000102)","Unfall 234455 (2022) Kat:3, Licht: 0","234455","3","2","6","06","16","2","","0","0","1","1","0"
"POINT (13.397042957000100 52.406150734000100)","Unfall 234456 (2022) Kat:3, Licht: 0","234456","3","3","5","07","08","4","","0","0","1","0","0"
"POINT (13.349189422000100 52.508586866000002)","Unfall 234457 (2022) Kat:3, Licht: 2","234457","3","3","0","06","23","6","","2","0","1","0","1"
"POINT (13.394569206000000 52.464983093999997)","Unfall 234458 (2022) Kat:3, Licht: 0","234458","3","4","0","06","16","5","","0","0","1","1","0"
"POINT (13.346007417000100 52.503992094000097)","Unfall 234459 (2022) Kat:3, Licht: 0","234459","3","2","5","06","18","7","","0","0","1","0","0"
"POINT (13.178257731000000 52.551386803000099)","Unfall 234460 (2022) Kat:3, Licht: 0","234460","3","4","6","06","12","4","","0","0","1","1","0"
"POINT (13.316862485000099 52.506055640000099)","Unfall 234461 (2022) Kat:3, Licht: 0","234461","3","4","6","07","09","2","","0","1","0","1","0"
"POINT (13.490502778000099 52.645255362000100)","Unfall 234462 (2022) Kat:3, Licht: 0","234462","3","6","2","06","14","6","","0","0","1","0","0"
"POINT (13.331093473000101 52.495150898000098)","Unfall 234463 (2022) Kat:2, Licht: 0","234463","2","2","5","06","19","6","","0","1","1","0","0"
"POINT (13.466623715000001 52.546509850000099)","Unfall 234464 (2022) Kat:3, Licht: 0","234464","3","5","1","07","16","3","","0","1","1","0","0"
"POINT (13.575819712000101 52.491188330999996)","Unfall 234465 (2022) Kat:3, Licht: 0","234465","3","2","5","06","15","4","","0","1","0","0","0"
"POINT (13.278424332000000 52.466761178000098)","Unfall 234466 (2022) Kat:3, Licht: 0","234466","3","7","6","06","08","4","","0","1","0","1","0"
"POINT (13.458060001000000 52.525662290000099)","Unfall 234467 (2022) Kat:3, Licht: 0","234467","3","3","5","06","11","7","","0","0","1","0","0"
"POINT (13.348516464999999 52.548432194999997)","Unfall 234468 (2022) Kat:3, Licht: 0","234468","3","7","1","06","16","5","","0","0","0","0","1"
"POINT (13.223710554000000 52.559655165000002)","Unfall 234469 (2022) Kat:3, Licht: 0","234469","3","5","1","06","18","7","","0","0","1","0","0"
"POINT (13.625450121000000 52.456795892999999)","Unfall 234470 (2022) Kat:3, Licht: 0","234470","3","3","5","06","07","3","","0","1","1","0","0"
"POINT (13.306678638000101 52.555184027999999)","Unfall 234471 (2022) Kat:3, Licht: 0","234471","3","2","2","07","19","2","","0","0","1","0","0"
"POINT (13.486189267000000 52.618857698000099)","Unfall 234472 (2022) Kat:2, Licht: 0","234472","2","3","5","06","09","4","","0","0","1","0","0"
"POINT (13.485962076000000 52.520687260999999)","Unfall 234473 (2022) Kat:3, Licht: 0","234473","3","3","5","06","14","2","","0","0","1","0","1"
"POINT (13.340874148000101 52.519807913000101)","Unfall 234474 (2022) Kat:3, Licht: 0","234474","3","1","0","07","21","3","","0","0","0","0","0"
"POINT (13.332643265000099 52.452449962999999)","Unfall 234475 (2022) Kat:3, Licht: 1","234475","3","7","6","06","20","6","","1","0","0","1","0"
"POINT (13.329844024000099 52.503412085999997)","Unfall 234476 (2022) Kat:3, Licht: 0","234476","3","6","0","06","15","4","","0","0","1","0","1"
"POINT (13.409163299000101 52.528429005000099)","Unfall 234477 (2022) Kat:2, Licht: 2","234477","2","1","0","06","01","7","","2","1","0","0","0"
"POINT (13.373400078000000 52.543856738000002)","Unfall 234478 (2022) Kat:3, Licht: 0","234478","3","4","6","06","19","3","","0","0","0","1","0"
"POINT (13.353942512000099 52.562143126000102)","Unfall 234479 (2022) Kat:3, Licht: 0","234479","3","2","5","07","18","2","","0","0","1","0","0"
"POINT (13.352253725000001 52.523957193000101)","Unfall 234480 (2022) Kat:3, Licht: 0","234480","3","7","5","06","14","2","","0","0","1","0","0"
"POINT (13.356805341999999 52.498780398000100)","Unfall 234481 (2022) Kat:3, Licht: 0","234481","3","2","5","06","12","6","","0","1","1","0","0"
"POINT (13.402544142000099 52.516413169000003)","Unfall 234482 (2022) Kat:3, Licht: 0","234482","3","2","0","06","11","6","","0","1","0","0","1"
"POINT (13.304771523000101 52.506809982999997)","Unfall 234483 (2022) Kat:2, Licht: 0","234483","2","7","6","07","17","6","","0","0","1","1","0"