WKT,Name,OBJECTID,UKATEGORIE,UTYP1,UART,UMONAT,USTUNDE,UWOCHENTAG,STRZUSTAND,ULICHTVERH,ISTRAD,ISTPKW,ISTFUSS,ISTKRAD
"POINT (13.390372770999999 52.514832415000100)","Unfall 234484 (2022) Kat:2, Licht: 2","234484","2","7","5","06","22","3","","2","0","1","0","1"
"POINT (13.314481343000100 52.424053953000097)","Unfall 234485 (2022) Kat:2, Licht: 0","234485","2","7","2","06","16","2","","0","0","1","0","0"
"POINT (13.654513260000000 52.365096926000000)","Unfall 234486 (2022) Kat:2, Licht: 0","234486","2","7","7","07","06","7","","0","0","1","0","0"
"POINT (13.294700078000099 52.452070870000099)","Unfall 234487 (2022) Kat:3, Licht: 0","234487","3","5","1","06","07","4","","0","1","1","0","0"
"POINT (13.440492939000000 52.504942320000097)","Unfall 234488 (2022) Kat:3, Licht: 0","234488","3","4","6","06","09","3","","0","1","0","1","0"
"POINT (13.367320103000100 52.474604227000000)","Unfall 234489 (2022) Kat:3, Licht: 2","234489","3","5","5","07","00","6","","2","0","1","0","0"
"POINT (13.332660573000100 52.610277685000000)","Unfall 234490 (2022) Kat:3, Licht: 0","234490","3","6","2","07","15","3","","0","0","1","0","1"
"POINT (13.409697475000000 52.524084990000098)","Unfall 234491 (2022) Kat:3, Licht: 0","234491","3","6","2","06","06","5","","0","1","0","0","0"
"POINT (13.197794691000100 52.535036392999999)","Unfall 234492 (2022) Kat:3, Licht: 0","234492","3","3","5","06","17","4","","0","0","1","0","1"
"POINT (13.360514341000099 52.537409502000102)","Unfall 234493 (2022) Kat:3, Licht: 0","234493","3","6","2","07","15","5","","0","0","1","0","0"
"POINT (13.412965588000100 52.506489975000100)","Unfall 234494 (2022) Kat:3, Licht: 0","234494","3","4","6","06","11","6","","0","1","0","1","0"
"POINT (13.341842230999999 52.496380039000002)","Unfall 234495 (2022) Kat:3, Licht: 0","234495","3","4","6","06","08","3","","0","1","0","1","0"
"POINT (13.329761892000001 52.464425531000103)","Unfall 234496 (2022) Kat:3, Licht: 2","234496","3","1","0","07","00","1","","2","0","1","0","1"
"POINT (13.379596080000100 52.492307746999998)","Unfall 234497 (2022) Kat:3, Licht: 0","234497","3","2","5","06","10","2","","0","1","1","0","0"
"POINT (13.200721755000099 52.538398067999999)","Unfall 234498 (2022) Kat:3, Licht: 0","234498","3","6","2","07","11","7","","0","0","1","0","1"
"POINT (13.402530384000000 52.437518642000001)","Unfall 234499 (2022) Kat:3, Licht: 0","234499","3","5","1","06","16","4","","0","1","1","0","0"
"POINT (13.196175525000100 52.533305852000098)","Unfall 234500 (2022) Kat:3, Licht: 0","234500","3","4","6","06","11","2","","0","1","0","1","0"
"POINT (13.409856210999999 52.388535318999999)","Unfall 234501 (2022) Kat:3, Licht: 0","234501","3","5","1","06","08","5","","0","1","1","0","0"
"POINT (13.470250054000100 52.553638078000098)","Unfall 234502 (2022) Kat:3, Licht: 0","234502","3","2","5","07","10","5","","0","0","1","0","0"
"POINT (13.336909145000000 52.479194841000002)","Unfall 234503 (2022) Kat:3, Licht: 0","234503","3","3","5","07","19","2","","0","1","1","0","0"
"POINT (13.325776696000000 52.465330795000099)","Unfall 234504 (2022) Kat:3, Licht: 0","234504","3","5","1","06","13","5","","0","1","1","0","0"
"POINT (13.206254077000001 52.550212780000003)","Unfall 234505 (2022) Kat:2, Licht: 0","234505","2","4","6","06","18","1","","0","0","1","1","0"
"POINT (13.342750217000100 52.524792742999999)","Unfall 234506 (2022) Kat:3, Licht: 0","234506","3","5","1","06","11","6","","0","1","1","0","0"
"POINT (13.503621577000001 52.460731584000001)","Unfall 234507 (2022) Kat:3, Licht: 0","234507","3","2","5","06","16","2","","0","0","1","0","0"
"POINT (13.483800953000101 52.622161732000102)","Unfall 234508 (2022) Kat:2, Licht: 0","234508","2","4","6","06","17","2","","0","0","1","1","0"
"POINT (13.324244717000100 52.478874489000098)","Unfall 234509 (2022) Kat:3, Licht: 0","234509","3","3","5","07","16","4","","0","1","0","0","0"
"POINT (13.415939990000000 52.527467355000098)","Unfall 234510 (2022) Kat:3, Licht: 2","234510","3","6","2","06","22","7","","2","0","1","0","1"
"POINT (13.331039644000001 52.495114059999999)","Unfall 234511 (2022) Kat:3, Licht: 0","234511","3","2","5","06","18","5","","0","1","1","0","0"
"POINT (13.495752071000000 52.526460937000103)","Unfall 234512 (2022) Kat:3, Licht: 0","234512","3","3","5","06","07","3","","0","0","1","0","0"
"POINT (13.444420781000099 52.485275515000097)","Unfall 234513 (2022) Kat:3, Licht: 0","234513","3","7","5","06","20","7","","0","1","1","0","0"
"POINT (13.412292259000001 52.509008209000100)","Unfall 234514 (2022) Kat:3, Licht: 0","234514","3","3","5","06","07","4","","0","1","1","0","0"
"POINT (13.591661827999999 52.545047942000103)","Unfall 234515 (2022) Kat:3, Licht: 0","234515","3","6","3","06","13","4","","0","1","1","0","0"
"POINT (13.443566663000100 52.525084657000001)","Unfall 234516 (2022) Kat:3, Licht: 0","234516","3","6","3","06","16","4","","0","0","1","0","1"
"POINT (13.383840342999999 52.555009975000097)","Unfall 234517 (2022) Kat:3, Licht: 0","234517","3","3","5","06","16","7","","0","1","1","0","0"
"POINT (13.235802957000001 52.621010182000099)","Unfall 234518 (2022) Kat:3, Licht: 0","234518","3","3","5","06","21","5","","0","1","1","0","0"
"POINT (13.366598290000100 52.568215103000099)","Unfall 234519 (2022) Kat:3, Licht: 0","234519","3","3","0","06","20","7","","0","0","1","0","1"
"POINT (13.379766484000100 52.445226150000103)","Unfall 234520 (2022) Kat:3, Licht: 2","234520","3","1","0","07","00","1","","2","0","0","0","1"
"POINT (13.427003570000100 52.552210584000100)","Unfall 234521 (2022) Kat:3, Licht: 0","234521","3","2","5","06","16","4","","0","1","1","0","0"
"POINT (13.449667787000100 52.537077667000098)","Unfall 234522 (2022) Kat:3, Licht: 0","234522","3","7","2","07","06","4","","0","0","1","0","1"
"POINT (13.401009447000000 52.530016799000101)","Unfall 234523 (2022) Kat:3, Licht: 0","234523","3","5","1","06","15","6","","0","1","1","0","0"
"POINT (13.277729632000000 52.575733484000096)","Unfall 234524 (2022) Kat:3, Licht: 0","234524","3","6","2","06","13","5","","0","0","1","0","0"
"POINT (13.571465596000101 52.431660683000104)","Unfall 234525 (2022) Kat:3, Licht: 0","234525","3","7","5","06","12","7","","0","1","1","0","0"
"POINT (13.330744594000100 52.571281104000001)","Unfall 234526 (2022) Kat:3, Licht: 0","234526","3","3","0","06","14","3","","0","1","1","0","0"
"POINT (13.625663936000000 52.457541065999997)","Unfall 234527 (2022) Kat:3, Licht: 0","234527","3","3","5","07","05","3","","0","0","1","0","0"
"POINT (13.392802311000001 52.489248289000003)","Unfall 234528 (2022) Kat:3, Licht: 0","234528","3","6","4","06","14","5","","0","1","0","0","0"
"POINT (13.392885346000099 52.542589794999998)","Unfall 234529 (2022) Kat:3, Licht: 0","234529","3","3","0","06","17","6","","0","0","1","0","1"
"POINT (13.329183609999999 52.461758675000098)","Unfall 234530 (2022) Kat:3, Licht: 0","234530","3","5","1","06","10","3","","0","1","0","0","0"
"POINT (13.594103940000000 52.486311839999999)","Unfall 234531 (2022) Kat:3, Licht: 0","234531","3","1","0","07","16","7","","0","1","0","0","0"
"POINT (13.503154239000001 52.480126595000101)","Unfall 234532 (2022) Kat:3, Licht: 0","234532","3","6","2","06","07","4","","0","0","1","0","1"
"POINT (13.154408742999999 52.533933627000103)","Unfall 234533 (2022) Kat:3, Licht: 0","234533","3","3","5","06","18","1","","0","0","1","0","0"
"POINT (13.340823346000001 52.505279858999998)","Unfall 234534 (2022) Kat:3, Licht: 0","234534","3","3","5","07","09","6","","0","1","0","0","0"
"POINT (13.243129629000100 52.543774735000099)","Unfall 234535 (2022) Kat:3, Licht: 0","234535","3","2","5","07","06","3","","0","1","1","0","0"
"POINT (13.545560595000000 52.567881479999997)","Unfall 234536 (2022) Kat:3, Licht: 0","234536","3","2","5","06","19","5","","0","0","1","0","0"
"POINT (13.281792060000001 52.532198436000002)","Unfall 234537 (2022) Kat:3, Licht: 0","234537","3","7","6","06","07","4","","0","0","1","1","0"
"POINT (13.271081831000100 52.510069664000099)","Unfall 234538 (2022) Kat:3, Licht: 0","234538","3","6","2","07","14","5","","0","0","1","0","0"
"POINT (13.209930112000100 52.547877431000103)","Unfall 234539 (2022) Kat:3, Licht: 0","234539","3","3","2","06","15","6","","0","0","1","0","1"
"POINT (13.466308323000000 52.471776902000002)","Unfall 234540 (2022) Kat:3, Licht: 0","234540","3","6","3","06","16","2","","0","0","1","0","1"
"POINT (13.330828933000101 52.486223066999997)","Unfall 234541 (2022) Kat:2, Licht: 0","234541","2","3","5","07","06","2","","0","0","0","0","1"
"POINT (13.594488874000000 52.533853413000003)","Unfall 234542 (2022) Kat:3, Licht: 0","234542","3","6","2","06","14","2","","0","0","1","0","0"
"POINT (13.335361578000100 52.485890640000001)","Unfall 234543 (2022) Kat:3, Licht: 2","234543","3","3","5","07","02","7","","2","0","1","0","0"
"POINT (13.203813361000099 52.539907196999998)","Unfall 234544 (2022) Kat:3, Licht: 0","234544","3","6","2","06","17","4","","0","0","1","0","1"
"POINT (13.425385243000100 52.552708807000002)","Unfall 234545 (2022) Kat:3, Licht: 0","234545","3","4","6","06","16","1","","0","1","0","1","0"
"POINT (13.305388792000000 52.582046928000103)","Unfall 234546 (2022) Kat:3, Licht: 0","234546","3","2","5","06","06","5","","0","1","1","0","0"
"POINT (13.341297546000000 52.476313421999997)","Unfall 234547 (2022) Kat:3, Licht: 0","234547","3","3","5","07","16","5","","0","0","1","0","0"
"POINT (13.477778975000000 52.417747086000098)","Unfall 234548 (2022) Kat:3, Licht: 0","234548","3","3","5","07","12","7","","0","0","1","0","0"
"POINT (13.577187368000100 52.455770590999997)","Unfall 234549 (2022) Kat:3, Licht: 0","234549","3","2","5","06","18","2","","0","1","1","0","0"
"POINT (13.306928712000101 52.555099599000101)","Unfall 234550 (2022) Kat:3, Licht: 0","234550","3","3","5","07","18","7","","0","0","1","0","0"
"POINT (13.345906371000099 52.436188813999998)","Unfall 234551 (2022) Kat:3, Licht: 0","234551","3","3","5","06","18","3","","0","1","1","0","0"
"POINT (13.436536624000000 52.529518953000000)","Unfall 234552 (2022) Kat:2, Licht: 0","234552","2","7","5","06","21","3","","0","0","1","0","1"
"POINT (13.394186682999999 52.426661287000101)","Unfall 234553 (2022) Kat:3, Licht: 0","234553","3","3","5","06","09","3","","0","0","1","0","0"
"POINT (13.319245602000001 52.606849758000102)","Unfall 234554 (2022) Kat:3, Licht: 0","234554","3","7","6","07","18","6","","0","1","0","1","0"
"POINT (13.269275102000099 52.512277611999998)","Unfall 234555 (2022) Kat:3, Licht: 0","234555","3","5","1","07","14","3","","0","0","1","0","1"
"POINT (13.372945967000000 52.538269700000100)","Unfall 234556 (2022) Kat:3, Licht: 0","234556","3","6","2","06","17","5","","0","0","1","0","0"
"POINT (13.413368342000100 52.491831412000103)","Unfall 234557 (2022) Kat:3, Licht: 0","234557","3","3","5","06","17","4","","0","1","1","0","0"
"POINT (13.368373820000000 52.525812089000098)","Unfall 234558 (2022) Kat:3, Licht: 0","234558","3","3","5","07","17","5","","0","1","1","0","0"
"POINT (13.328819418000000 52.478856407000102)","Unfall 234559 (2022) Kat:3, Licht: 0","234559","3","2","2","06","18","6","","0","0","1","0","0"
"POINT (13.367037438000100 52.574541741000097)","Unfall 234560 (2022) Kat:3, Licht: 0","234560","3","2","0","06","11","3","","0","0","1","0","1"
"POINT (13.436491755000100 52.551884024000103)","Unfall 234561 (2022) Kat:3, Licht: 0","234561","3","2","5","07","16","2","","0","1","1","0","0"
"POINT (13.295994120000000 52.519507482999998)","Unfall 234562 (2022) Kat:3, Licht: 0","234562","3","5","0","06","14","1","","0","1","1","0","0"
"POINT (13.415088405000100 52.515628550000002)","Unfall 234563 (2022) Kat:3, Licht: 0","234563","3","3","5","07","13","6","","0","1","1","0","0"
"POINT (13.331198232000100 52.502759420000103)","Unfall 234564 (2022) Kat:3, Licht: 0","234564","3","7","5","06","13","4","","0","1","1","0","0"
"POINT (13.315614101000101 52.441630492000101)","Unfall 234565 (2022) Kat:3, Licht: 0","234565","3","3","5","06","19","2","","0","1","1","0","0"
"POINT (13.387548551000100 52.434955690999999)","Unfall 234566 (2022) Kat:3, Licht: 0","234566","3","3","5","06","11","5","","0","0","1","0","0"
"POINT (13.346717536000000 52.501150514000102)","Unfall 234567 (2022) Kat:3, Licht: 2","234567","3","6","2","07","04","5","","2","0","1","0","0"
"POINT (13.388299733000100 52.588570785000101)","Unfall 234568 (2022) Kat:3, Licht: 0","234568","3","6","2","07","13","2","","0","0","1","0","1"
"POINT (13.500641444000101 52.400995663000103)","Unfall 234569 (2022) Kat:3, Licht: 0","234569","3","2","5","06","07","4","","0","1","1","0","0"
"POINT (13.299826951000099 52.480626984000097)","Unfall 234570 (2022) Kat:3, Licht: 0","234570","3","7","5","06","18","4","","0","0","1","0","1"
"POINT (13.591584724000001 52.544835020999997)","Unfall 234571 (2022) Kat:2, Licht: 0","234571","2","2","5","06","11","1","","0","0","1","0","1"
"POINT (13.338929193000100 52.464572566000101)","Unfall 234572 (2022) Kat:3, Licht: 0","234572","3","2","5","06","19","5","","0","1","1","0","0"
"POINT (13.386533187000101 52.549602382000003)","Unfall 234573 (2022) Kat:3, Licht: 0","234573","3","6","2","06","15","2","","0","1","1","0","0"
"POINT (13.480609925000101 52.499087838000001)","Unfall 234574 (2022) Kat:3, Licht: 0","234574","3","2","5","06","07","2","","0","1","1","0","0"
"POINT (13.442779419000001 52.570608863000103)","Unfall 234575 (2022) Kat:3, Licht: 0","234575","3","6","2","07","15","4","","0","0","1","0","0"
"POINT (13.463354808000100 52.424544945999997)","Unfall 234576 (2022) Kat:3, Licht: 1","234576","3","3","5","06","21","6","","1","1","1","0","0"
"POINT (13.520646800000099 52.568662826000001)","Unfall 234577 (2022) Kat:3, Licht: 0","234577","3","2","5","07","06","6","","0","0","1","0","0"
"POINT (13.302448099999999 52.470804175000097)","Unfall 234578 (2022) Kat:3, Licht: 0","234578","3","5","1","06","15","3","","0","0","1","0","0"
"POINT (13.388838372000100 52.457756922999998)","Unfall 234579 (2022) Kat:3, Licht: 0","234579","3","7","1","06","16","1","","0","0","1","0","0"
"POINT (13.578686724000001 52.457825795000097)","Unfall 234580 (2022) Kat:3, Licht: 0","234580","3","6","0","06","08","4","","0","0","0","0","0"
"POINT (13.463948286000100 52.453765498000102)","Unfall 234581 (2022) Kat:3, Licht: 0","234581","3","6","0","07","12","3","","0","0","1","0","1"
"POINT (13.404267644000100 52.581485506000000)","Unfall 234582 (2022) Kat:3, Licht: 0","234582","3","2","2","06","19","3","","0","0","1","0","0"
"POINT (13.510003586000000 52.503490763000102)","Unfall 234583 (2022) Kat:3, Licht: 0","234583","3","3","0","06","14","6","","0","0","1","0","1"
"POINT (13.196792291000101 52.541900640000101)","Unfall 234584 (2022) Kat:3, Licht: 0","234584","3","2","4","06","18","4","","0","0","1","0","0"
"POINT (13.386315168000101 52.501281372000101)","Unfall 234585 (2022) Kat:2, Licht: 2","234585","2","4","6","06","00","7","","2","0","1","1","0"
"POINT (13.301779814000000 52.509800160000097)","Unfall 234586 (2022) Kat:3, Licht: 0","234586","3","7","0","06","12","3","","0","0","0","0","1"
"POINT (13.329230234000001 52.465597151000097)","Unfall 234587 (2022) Kat:3, Licht: 0","234587","3","6","2","06","09","3","","0","0","1","0","0"
"POINT (13.437307255000100 52.455596860000099)","Unfall 234588 (2022) Kat:3, Licht: 0","234588","3","3","5","07","16","2","","0","0","1","0","1"
"POINT (13.446663899000001 52.521386943000003)","Unfall 234589 (2022) Kat:3, Licht: 0","234589","3","2","6","06","11","4","","0","0","1","1","0"
"POINT (13.415952139000099 52.521837449000003)","Unfall 234590 (2022) Kat:2, Licht: 2","234590","2","1","0","07","00","4","","2","0","0","0","0"
"POINT (13.220627790000000 52.617123231000100)","Unfall 234591 (2022) Kat:2, Licht: 0","234591","2","4","6","06","12","6","","0","0","1","1","0"
"POINT (13.625001929000099 52.456945087000101)","Unfall 234592 (2022) Kat:3, Licht: 0","234592","3","4","6","06","07","5","","0","0","1","1","0"
"POINT (13.433900481000000 52.609705234000003)","Unfall 234593 (2022) Kat:3, Licht: 0","234593","3","6","4","06","20","7","","0","0","1","0","0"
"POINT (13.324585366000100 52.455842044000100)","Unfall 234594 (2022) Kat:2, Licht: 0","234594","2","5","1","06","20","3","","0","1","0","0","1"
"POINT (13.441974283000000 52.456520558000101)","Unfall 234595 (2022) Kat:3, Licht: 0","234595","3","3","5","07","17","2","","0","0","1","0","1"
"POINT (13.173500573000100 52.522823881000100)","Unfall 234596 (2022) Kat:3, Licht: 0","234596","3","2","5","06","17","6","","0","0","1","0","0"
"POINT (13.364677901000100 52.517552541000001)","Unfall 234597 (2022) Kat:3, Licht: 2","234597","3","6","0","06","23","6","","2","0","1","0","0"
"POINT (13.439397481000100 52.470091212000099)","Unfall 234598 (2022) Kat:3, Licht: 0","234598","3","3","5","06","15","1","","0","1","0","0","0"
"POINT (13.526655417000001 52.426477529000103)","Unfall 234599 (2022) Kat:2, Licht: 0","234599","2","2","3","07","10","6","","0","0","1","1","0"
"POINT (13.604692827000100 52.453672385000097)","Unfall 234600 (2022) Kat:3, Licht: 0","234600","3","5","1","06","07","4","","0","1","1","0","0"
"POINT (13.207115199000000 52.538898785000100)","Unfall 234601 (2022) Kat:3, Licht: 0","234601","3","6","2","06","19","1","","0","0","1","0","0"
"POINT (13.424103712999999 52.486259633000003)","Unfall 234602 (2022) Kat:3, Licht: 0","234602","3","3","0","06","16","5","","0","1","1","0","0"
"POINT (13.412726109000101 52.544402052000102)","Unfall 234603 (2022) Kat:3, Licht: 2","234603","3","2","5","07","23","6","","2","1","0","0","0"
"POINT (13.418599331000101 52.501471535000100)","Unfall 234604 (2022) Kat:2, Licht: 0","234604","2","6","2","07","11","3","","0","0","1","0","0"
"POINT (13.353904238000000 52.459098508000103)","Unfall 234605 (2022) Kat:3, Licht: 0","234605","3","1","9","06","09","5","","0","0","1","0","0"
"POINT (13.179313066000100 52.553234138999997)","Unfall 234606 (2022) Kat:3, Licht: 0","234606","3","4","6","07","15","4","","0","0","1","1","0"
"POINT (13.432222575000001 52.499258292000000)","Unfall 234607 (2022) Kat:3, Licht: 1","234607","3","2","5","06","22","5","","1","1","1","0","0"
"POINT (13.249569244000000 52.451923975000099)","Unfall 234608 (2022) Kat:3, Licht: 0","234608","3","5","1","06","18","2","","0","0","1","0","1"
"POINT (13.450644580000100 52.561246216000001)","Unfall 234609 (2022) Kat:2, Licht: 2","234609","2","7","1","07","01","1","","2","0","1","0","0"
"POINT (13.605106916000100 52.536641739000103)","Unfall 234610 (2022) Kat:3, Licht: 0","234610","3","4","6","06","15","7","","0","0","0","1","0"
"POINT (13.565136343000100 52.445656112999998)","Unfall 234611 (2022) Kat:3, Licht: 0","234611","3","3","5","06","16","5","","0","1","1","0","0"
"POINT (13.575409084000100 52.488986813000103)","Unfall 234612 (2022) Kat:3, Licht: 0","234612","3","2","5","06","20","3","","0","0","1","0","1"
"POINT (13.558006771000100 52.529643297000099)","Unfall 234613 (2022) Kat:3, Licht: 0","234613","3","2","5","06","11","7","","0","1","1","0","0"
"POINT (13.514930344000000 52.566842861000097)","Unfall 234614 (2022) Kat:3, Licht: 2","234614","3","1","0","06","22","4","","2","1","0","0","0"
"POINT (13.370475256000100 52.560127356000102)","Unfall 234615 (2022) Kat:3, Licht: 0","234615","3","2","5","07","06","6","","0","0","1","0","1"
"POINT (13.353434283000100 52.499307975000100)","Unfall 234616 (2022) Kat:2, Licht: 0","234616","2","6","0","07","16","2","","0","1","0","0","0"
"POINT (13.562489235999999 52.512966341000002)","Unfall 234617 (2022) Kat:3, Licht: 0","234617","3","6","4","06","07","5","","0","0","0","0","0"
"POINT (13.402311478000099 52.554580363000099)","Unfall 234618 (2022) Kat:3, Licht: 0","234618","3","1","9","06","21","3","","0","0","1","0","0"
"POINT (13.493760964000000 52.541310938000002)","Unfall 234619 (2022) Kat:2, Licht: 0","234619","2","3","5","06","07","1","","0","0","1","0","0"
"POINT (13.321868922000000 52.499830371000002)","Unfall 234620 (2022) Kat:3, Licht: 0","234620","3","6","2","06","10","5","","0","0","1","0","0"
"POINT (13.286687041000100 52.586382747000101)","Unfall 234621 (2022) Kat:3, Licht: 0","234621","3","6","2","06","13","1","","0","0","1","0","0"
"POINT (13.402583530000101 52.585607700000097)","Unfall 234622 (2022) Kat:3, Licht: 0","234622","3","6","2","06","12","3","","0","0","1","0","1"
"POINT (13.402971124000000 52.595574065999998)","Unfall 234623 (2022) Kat:3, Licht: 0","234623","3","3","5","07","07","2","","0","0","1","0","1"
"POINT (13.305544663999999 52.499661218000000)","Unfall 234624 (2022) Kat:3, Licht: 0","234624","3","6","2","07","14","3","","0","0","1","0","0"
"POINT (13.320984280000101 52.565738588000002)","Unfall 234625 (2022) Kat:3, Licht: 2","234625","3","1","0","06","03","6","","2","0","0","0","1"
"POINT (13.339185026999999 52.491536754999998)","Unfall 234626 (2022) Kat:3, Licht: 0","234626","3","7","5","06","09","5","","0","1","1","0","0"
"POINT (13.276623787000100 52.535395561000001)","Unfall 234627 (2022) Kat:3, Licht: 0","234627","3","6","3","06","10","7","","0","0","1","0","0"
"POINT (13.514213466000101 52.412706222000097)","Unfall 234628 (2022) Kat:3, Licht: 0","234628","3","3","5","06","05","4","","0","0","1","0","1"
"POINT (13.300493783000000 52.522636265000102)","Unfall 234629 (2022) Kat:2, Licht: 0","234629","2","2","5","06","20","3","","0","1","0","0","0"
"POINT (13.404184466000100 52.377140537999999)","Unfall 234630 (2022) Kat:2, Licht: 2","234630","2","1","0","06","22","7","","2","1","0","0","0"
"POINT (13.361422425000100 52.482301794000101)","Unfall 234631 (2022) Kat:2, Licht: 2","234631","2","1","0","06","03","7","","2","0","0","0","0"
"POINT (13.369838361000101 52.559735318999998)","Unfall 234632 (2022) Kat:3, Licht: 0","234632","3","2","5","07","17","7","","0","0","1","0","1"
"POINT (13.610271577000001 52.542739896000100)","Unfall 234633 (2022) Kat:3, Licht: 0","234633","3","1","0","06","17","3","","0","1","0","0","0"
"POINT (13.539573498999999 52.422092274000100)","Unfall 234634 (2022) Kat:3, Licht: 0","234634","3","3","5","07","10","7","","0","1","1","0","0"
"POINT (13.327946442000000 52.500321631000098)","Unfall 234635 (2022) Kat:3, Licht: 0","234635","3","5","1","06","18","4","","0","1","1","0","0"
"POINT (13.596383545000000 52.518850624999999)","Unfall 234636 (2022) Kat:3, Licht: 0","234636","3","3","5","06","08","3","","0","1","1","0","0"
"POINT (13.535508010999999 52.478179744000002)","Unfall 234637 (2022) Kat:3, Licht: 0","234637","3","5","1","07","15","2","","0","1","1","0","0"
"POINT (13.395383058000000 52.413261681000101)","Unfall 234638 (2022) Kat:3, Licht: 0","234638","3","2","5","06","15","5","","0","1","1","0","0"
"POINT (13.460062211000000 52.431967606000100)","Unfall 234639 (2022) Kat:3, Licht: 0","234639","3","2","5","06","18","4","","0","0","1","0","0"
"POINT (13.495206397000100 52.431695963000003)","Unfall 234640 (2022) Kat:2, Licht: 0","234640","2","2","5","06","20","7","","0","1","1","0","0"
"POINT (13.529814296000000 52.476711172000101)","Unfall 234641 (2022) Kat:3, Licht: 0","234641","3","3","5","06","15","5","","0","1","0","0","0"
"POINT (13.409970514000101 52.416469182000100)","Unfall 234642 (2022) Kat:3, Licht: 2","234642","3","3","5","06","03","1","","2","0","1","0","0"
"POINT (13.390177277000101 52.535429573000002)","Unfall 234643 (2022) Kat:2, Licht: 0","234643","2","2","5","07","08","2","","0","1","1","0","0"
"POINT (13.385873790000099 52.558246126000000)","Unfall 234644 (2022) Kat:3, Licht: 0","234644","3","4","6","06","18","2","","0","1","0","1","0"
"POINT (13.209874766000000 52.550812927000003)","Unfall 234645 (2022) Kat:3, Licht: 0","234645","3","5","0","07","05","4","","0","0","0","0","1"
"POINT (13.343364506000100 52.531870085999998)","Unfall 234646 (2022) Kat:2, Licht: 0","234646","2","3","0","06","18","7","","0","1","0","0","1"
"POINT (13.361630419999999 52.524067617000100)","Unfall 234647 (2022) Kat:3, Licht: 0","234647","3","1","0","07","14","6","","0","1","0","0","0"
"POINT (13.208885534000000 52.427060623999999)","Unfall 234648 (2022) Kat:3, Licht: 0","234648","3","3","5","06","16","3","","0","1","1","0","0"
"POINT (13.579299038000000 52.550891182000001)","Unfall 234649 (2022) Kat:3, Licht: 0","234649","3","1","0","06","12","7","","0","0","0","0","0"
"POINT (13.394614068000100 52.550573043999997)","Unfall 234650 (2022) Kat:3, Licht: 0","234650","3","5","1","06","14","4","","0","1","1","0","0"
"POINT (13.385184850000000 52.557066304999999)","Unfall 234651 (2022) Kat:3, Licht: 0","234651","3","6","2","06","15","4","","0","0","1","0","0"
"POINT (13.239874752000000 52.542965916000099)","Unfall 234652 (2022) Kat:3, Licht: 0","234652","3","6","0","06","10","6","","0","0","1","0","0"
"POINT (13.322567193999999 52.513244842000098)","Unfall 234653 (2022) Kat:3, Licht: 0","234653","3","2","5","06","14","5","","0","0","1","0","0"
"POINT (13.316872664000099 52.530067077000098)","Unfall 234654 (2022) Kat:3, Licht: 0","234654","3","5","0","06","07","7","","0","1","1","0","0"
"POINT (13.143009298999999 52.534375155000099)","Unfall 234655 (2022) Kat:3, Licht: 0","234655","3","5","1","06","08","2","","0","1","1","0","0"
"POINT (13.323279297999999 52.625919123000102)","Unfall 234656 (2022) Kat:2, Licht: 0","234656","2","3","5","07","12","7","","0","0","1","0","0"
"POINT (13.362384496000100 52.604140190000102)","Unfall 234657 (2022) Kat:3, Licht: 0","234657","3","3","5","06","20","3","","0","1","1","0","0"
"POINT (13.337362680000100 52.480632940000099)","Unfall 234658 (2022) Kat:2, Licht: 2","234658","2","3","5","07","00","4","","2","1","0","0","0"
"POINT (13.606476394000000 52.529709049000097)","Unfall 234659 (2022) Kat:3, Licht: 0","234659","3","2","5","06","06","6","","0","0","1","0","1"
"POINT (13.423968426000000 52.523571793000002)","Unfall 234660 (2022) Kat:3, Licht: 0","234660","3","4","6","06","09","4","","0","1","0","1","0"
"POINT (13.394206346000001 52.564974352000000)","Unfall 234661 (2022) Kat:3, Licht: 0","234661","3","2","2","06","15","6","","0","0","1","0","0"
"POINT (13.313142813000100 52.501263469999998)","Unfall 234662 (2022) Kat:3, Licht: 0","234662","3","5","1","06","17","4","","0","1","1","0","0"
"POINT (13.360015169000100 52.547019349999999)","Unfall 234663 (2022) Kat:3, Licht: 0","234663","3","3","5","07","11","3","","0","1","1","0","0"
"POINT (13.434245966000001 52.482551377999997)","Unfall 234664 (2022) Kat:3, Licht: 0","234664","3","4","6","06","19","6","","0","0","1","1","0"
"POINT (13.333677723000100 52.430049294000099)","Unfall 234665 (2022) Kat:2, Licht: 0","234665","2","4","6","06","14","6","","0","0","1","1","0"
"POINT (13.247799950999999 52.537873429999998)","Unfall 234666 (2022) Kat:3, Licht: 2","234666","3","6","2","06","00","1","","2","0","1","0","0"
"POINT (13.179536066000001 52.507123206000102)","Unfall 234667 (2022) Kat:3, Licht: 0","234667","3","1","0","07","11","6","","0","1","0","0","0"
"POINT (13.400094119000100 52.509574784999998)","Unfall 234668 (2022) Kat:3, Licht: 0","234668","3","3","5","06","09","4","","0","0","1","0","1"
"POINT (13.325127126000000 52.502397096000003)","Unfall 234669 (2022) Kat:2, Licht: 0","234669","2","6","0","06","16","2","","0","0","1","0","0"
"POINT (13.278686134000100 52.629643135000002)","Unfall 234670 (2022) Kat:3, Licht: 0","234670","3","6","2","06","19","5","","0","0","1","0","0"