WKT,Name,OBJECTID,UKATEGORIE,UTYP1,UART,UMONAT,USTUNDE,UWOCHENTAG,STRZUSTAND,ULICHTVERH,ISTRAD,ISTPKW,ISTFUSS,ISTKRAD
"POINT (13.457832603000000 52.512823802000099)","Unfall 234671 (2022) Kat:3, Licht: 0","234671","3","1","0","07","19","6","","0","0","0","0","0"
"POINT (13.348001816000000 52.465356452000002)","Unfall 234672 (2022) Kat:3, Licht: 0","234672","3","6","3","07","13","3","","0","0","1","0","0"
"POINT (13.398651900000100 52.532564304000097)","Unfall 234673 (2022) Kat:3, Licht: 0","234673","3","1","0","06","11","5","","0","1","0","0","0"
"POINT (13.328245662000000 52.478838158000002)","Unfall 234674 (2022) Kat:3, Licht: 0","234674","3","2","5","06","19","4","","0","1","0","0","0"
"POINT (13.405963015999999 52.415607770000101)","Unfall 234675 (2022) Kat:3, Licht: 0","234675","3","6","2","06","18","1","","0","0","1","0","0"
"POINT (13.316504641000099 52.499421649000098)","Unfall 234676 (2022) Kat:3, Licht: 0","234676","3","2","2","07","17","5","","0","0","1","0","0"
"POINT (13.376469575000000 52.460057224000103)","Unfall 234677 (2022) Kat:3, Licht: 0","234677","3","3","5","06","14","5","","0","0","1","0","1"
"POINT (13.198360257999999 52.533040483000001)","Unfall 234678 (2022) Kat:3, Licht: 0","234678","3","2","5","06","17","3","","0","1","1","0","0"
"POINT (13.387526751999999 52.420968914000099)","Unfall 234679 (2022) Kat:3, Licht: 0","234679","3","3","5","07","14","2","","0","1","1","0","0"
"POINT (13.351191126000099 52.504613605000003)","Unfall 234680 (2022) Kat:3, Licht: 0","234680","3","6","3","06","11","6","","0","0","1","0","1"
"POINT (13.385827414000101 52.484947308000102)","Unfall 234681 (2022) Kat:2, Licht: 0","234681","2","2","5","07","11","6","","0","0","0","0","1"
"POINT (13.385587964000001 52.465733724000103)","Unfall 234682 (2022) Kat:3, Licht: 2","234682","3","6","2","06","22","3","","2","0","1","0","1"
"POINT (13.448206051000099 52.478172330000099)","Unfall 234683 (2022) Kat:3, Licht: 0","234683","3","1","0","06","19","1","","0","0","1","0","1"
"POINT (13.287356511000000 52.590216365000103)","Unfall 234684 (2022) Kat:3, Licht: 0","234684","3","3","5","06","12","4","","0","1","0","0","1"
"POINT (13.474055374000001 52.535305979999997)","Unfall 234685 (2022) Kat:3, Licht: 0","234685","3","4","6","07","10","2","","0","0","0","1","0"
"POINT (13.427615634000100 52.560462665000003)","Unfall 234686 (2022) Kat:3, Licht: 0","234686","3","2","2","06","10","4","","0","0","1","0","0"
"POINT (13.391645467000000 52.522164515000000)","Unfall 234687 (2022) Kat:3, Licht: 2","234687","3","3","5","06","23","3","","2","0","1","0","0"
"POINT (13.385145112000000 52.456000658000100)","Unfall 234688 (2022) Kat:3, Licht: 0","234688","3","5","1","06","16","7","","0","1","1","0","0"
"POINT (13.364218275000001 52.478466982000000)","Unfall 234689 (2022) Kat:3, Licht: 0","234689","3","3","5","06","12","5","","0","0","1","0","1"
"POINT (13.513978543000100 52.539632277000102)","Unfall 234690 (2022) Kat:3, Licht: 0","234690","3","2","5","06","07","7","","0","0","1","0","0"
"POINT (13.597340930000000 52.410649837999998)","Unfall 234691 (2022) Kat:3, Licht: 0","234691","3","6","4","07","12","2","","0","1","1","0","0"
"POINT (13.348159986000001 52.524721475000000)","Unfall 234692 (2022) Kat:3, Licht: 0","234692","3","7","0","06","20","2","","0","0","1","0","1"
"POINT (13.280285791000001 52.506308392999998)","Unfall 234693 (2022) Kat:2, Licht: 0","234693","2","3","5","07","11","3","","0","0","1","0","1"
"POINT (13.479933496999999 52.516987245999999)","Unfall 234694 (2022) Kat:3, Licht: 0","234694","3","5","1","06","21","6","","0","0","1","0","0"
"POINT (13.440099344000000 52.500504476000103)","Unfall 234695 (2022) Kat:3, Licht: 0","234695","3","6","2","06","16","5","","0","0","1","0","0"
"POINT (13.396588196000000 52.559511119000000)","Unfall 234696 (2022) Kat:2, Licht: 0","234696","2","4","6","06","19","7","","0","0","1","1","0"
"POINT (13.388499255999999 52.515592957000102)","Unfall 234697 (2022) Kat:3, Licht: 0","234697","3","5","1","06","14","4","","0","1","1","0","0"
"POINT (13.340952443000001 52.519893396999997)","Unfall 234698 (2022) Kat:2, Licht: 0","234698","2","1","0","07","08","3","","0","0","0","0","1"
"POINT (13.476996084000101 52.563203535000099)","Unfall 234699 (2022) Kat:3, Licht: 0","234699","3","3","5","06","18","3","","0","0","1","0","0"
"POINT (13.485491307000100 52.523115992000001)","Unfall 234700 (2022) Kat:3, Licht: 0","234700","3","2","5","06","15","3","","0","0","1","0","0"
"POINT (13.381871334000000 52.552028434000100)","Unfall 234701 (2022) Kat:3, Licht: 0","234701","3","1","0","06","09","6","","0","1","0","0","0"
"POINT (13.301928735000001 52.509695329000103)","Unfall 234702 (2022) Kat:2, Licht: 0","234702","2","6","0","06","18","6","","0","0","1","0","0"
"POINT (13.433933798000099 52.443601733000001)","Unfall 234703 (2022) Kat:3, Licht: 0","234703","3","2","5","07","10","7","","0","1","1","0","0"
"POINT (13.334096564999999 52.595597521000101)","Unfall 234704 (2022) Kat:3, Licht: 0","234704","3","2","5","06","15","2","","0","1","0","0","0"
"POINT (13.283823948000100 52.518691664000102)","Unfall 234705 (2022) Kat:3, Licht: 0","234705","3","6","2","07","14","7","","0","0","1","0","1"
"POINT (13.307191381999999 52.499995738000102)","Unfall 234706 (2022) Kat:3, Licht: 0","234706","3","2","5","06","08","3","","0","0","0","0","1"
"POINT (13.391669754000100 52.525285353000100)","Unfall 234707 (2022) Kat:3, Licht: 0","234707","3","6","2","06","13","3","","0","1","1","0","0"
"POINT (13.387259260000100 52.548991862000001)","Unfall 234708 (2022) Kat:3, Licht: 0","234708","3","3","5","07","14","7","","0","0","1","0","0"
"POINT (13.417223452000000 52.418409107999999)","Unfall 234709 (2022) Kat:3, Licht: 0","234709","3","6","2","07","16","3","","0","0","1","0","0"
"POINT (13.399176795000100 52.508308812999999)","Unfall 234710 (2022) Kat:2, Licht: 0","234710","2","2","5","06","13","5","","0","1","1","0","0"
"POINT (13.371702236000001 52.492502506000100)","Unfall 234711 (2022) Kat:3, Licht: 0","234711","3","4","6","07","16","5","","0","0","1","1","0"
"POINT (13.309383554000000 52.506469955000100)","Unfall 234712 (2022) Kat:3, Licht: 0","234712","3","2","6","06","18","6","","0","0","1","1","0"
"POINT (13.473878659000000 52.522982574000103)","Unfall 234713 (2022) Kat:3, Licht: 0","234713","3","6","2","06","19","2","","0","0","1","0","0"
"POINT (13.442454919000101 52.481849320000002)","Unfall 234714 (2022) Kat:2, Licht: 0","234714","2","4","6","07","19","1","","0","0","1","1","0"
"POINT (13.197188111000100 52.526499935000103)","Unfall 234715 (2022) Kat:3, Licht: 0","234715","3","2","5","06","07","2","","0","0","1","0","1"
"POINT (13.331693998000000 52.505231073000097)","Unfall 234716 (2022) Kat:3, Licht: 0","234716","3","2","5","07","09","7","","0","1","1","0","0"
"POINT (13.511044556000099 52.454282407999997)","Unfall 234717 (2022) Kat:3, Licht: 0","234717","3","6","2","06","16","4","","0","1","1","0","0"
"POINT (13.414711266999999 52.553571159000100)","Unfall 234718 (2022) Kat:3, Licht: 0","234718","3","2","5","06","14","2","","0","1","1","0","0"
"POINT (13.435604328000100 52.504192101999998)","Unfall 234719 (2022) Kat:3, Licht: 0","234719","3","2","5","06","08","5","","0","1","1","0","0"
"POINT (13.565202790000100 52.544791224000100)","Unfall 234720 (2022) Kat:3, Licht: 0","234720","3","6","2","07","18","6","","0","0","1","0","0"
"POINT (13.466606798000001 52.560020586000100)","Unfall 234721 (2022) Kat:3, Licht: 0","234721","3","4","6","07","06","3","","0","0","1","1","0"
"POINT (13.313134452000000 52.501205162000097)","Unfall 234722 (2022) Kat:3, Licht: 0","234722","3","7","0","06","13","4","","0","1","0","0","0"
"POINT (13.335505938000001 52.565210821000100)","Unfall 234723 (2022) Kat:3, Licht: 0","234723","3","2","2","06","16","4","","0","0","1","0","0"
"POINT (13.422269534000099 52.500474789000101)","Unfall 234724 (2022) Kat:3, Licht: 0","234724","3","4","3","06","12","7","","0","1","0","1","0"
"POINT (13.258783445000100 52.517866771999998)","Unfall 234725 (2022) Kat:3, Licht: 0","234725","3","5","1","06","14","6","","0","0","1","0","0"
"POINT (13.430210955000099 52.510492382000102)","Unfall 234726 (2022) Kat:3, Licht: 0","234726","3","2","5","06","18","2","","0","1","1","0","0"
"POINT (13.392950369000101 52.564302660000102)","Unfall 234727 (2022) Kat:3, Licht: 0","234727","3","6","2","06","13","2","","0","0","1","0","0"
"POINT (13.415493980000100 52.571716682999998)","Unfall 234728 (2022) Kat:3, Licht: 0","234728","3","5","1","07","15","3","","0","0","1","0","1"
"POINT (13.377191643000099 52.512297402999998)","Unfall 234729 (2022) Kat:3, Licht: 0","234729","3","2","0","06","19","5","","0","1","1","0","0"
"POINT (13.511095849000100 52.464197292999998)","Unfall 234730 (2022) Kat:3, Licht: 0","234730","3","3","5","07","07","5","","0","1","0","0","1"
"POINT (13.476992142000000 52.563221183000103)","Unfall 234731 (2022) Kat:3, Licht: 0","234731","3","3","5","06","11","6","","0","0","1","0","0"
"POINT (13.428312567000001 52.518928999000103)","Unfall 234732 (2022) Kat:3, Licht: 0","234732","3","6","3","06","09","3","","0","0","1","0","0"
"POINT (13.496428345000000 52.515905711000102)","Unfall 234733 (2022) Kat:3, Licht: 0","234733","3","3","5","07","11","2","","0","0","1","0","0"
"POINT (13.455215816000100 52.551188361000101)","Unfall 234734 (2022) Kat:3, Licht: 0","234734","3","2","6","06","07","6","","0","0","1","1","0"
"POINT (13.504312863000100 52.477874921000101)","Unfall 234735 (2022) Kat:3, Licht: 0","234735","3","6","3","06","10","1","","0","1","1","0","0"
"POINT (13.426602054000099 52.499567200000101)","Unfall 234736 (2022) Kat:3, Licht: 0","234736","3","5","1","07","19","7","","0","0","1","0","0"
"POINT (13.458873153000100 52.440307095000001)","Unfall 234737 (2022) Kat:3, Licht: 0","234737","3","2","5","06","18","4","","0","0","1","0","0"
"POINT (13.484587990000000 52.497350931000000)","Unfall 234738 (2022) Kat:3, Licht: 0","234738","3","6","3","06","07","2","","0","0","1","0","0"
"POINT (13.366572543000100 52.546468634000099)","Unfall 234739 (2022) Kat:3, Licht: 0","234739","3","1","0","06","16","5","","0","0","0","0","1"
"POINT (13.376894653000001 52.535506974999997)","Unfall 234740 (2022) Kat:3, Licht: 0","234740","3","6","3","07","19","6","","0","1","0","0","0"
"POINT (13.379381699000000 52.540175279000003)","Unfall 234741 (2022) Kat:3, Licht: 0","234741","3","3","5","07","18","2","","0","1","1","0","0"
"POINT (13.316369712000000 52.453725292999998)","Unfall 234742 (2022) Kat:3, Licht: 0","234742","3","6","2","06","07","5","","0","0","1","0","0"
"POINT (13.508520403000000 52.452608575000099)","Unfall 234743 (2022) Kat:3, Licht: 0","234743","3","2","5","06","07","4","","0","1","1","0","0"
"POINT (13.410488114000000 52.503313630000001)","Unfall 234744 (2022) Kat:3, Licht: 0","234744","3","4","6","06","17","1","","0","0","1","1","0"
"POINT (13.407356932000001 52.526299970000103)","Unfall 234745 (2022) Kat:3, Licht: 2","234745","3","3","5","06","01","6","","2","1","1","0","0"
"POINT (13.480385434000000 52.498903423999998)","Unfall 234746 (2022) Kat:3, Licht: 0","234746","3","3","5","06","13","2","","0","1","1","0","0"
"POINT (13.465438351000000 52.477221139000100)","Unfall 234747 (2022) Kat:3, Licht: 2","234747","3","3","5","06","02","7","","2","1","1","0","0"
"POINT (13.433052650000000 52.452372035000103)","Unfall 234748 (2022) Kat:3, Licht: 2","234748","3","3","5","07","22","6","","2","0","1","0","0"
"POINT (13.379399530000100 52.445918165000101)","Unfall 234749 (2022) Kat:3, Licht: 0","234749","3","5","1","06","15","3","","0","1","1","0","0"
"POINT (13.165067677000000 52.533571598999998)","Unfall 234750 (2022) Kat:2, Licht: 0","234750","2","3","5","06","12","1","","0","0","1","0","0"
"POINT (13.420696392000000 52.440903167999998)","Unfall 234751 (2022) Kat:3, Licht: 0","234751","3","6","2","06","13","4","","0","0","1","0","0"
"POINT (13.377934969000000 52.508028780000103)","Unfall 234752 (2022) Kat:3, Licht: 0","234752","3","2","6","06","12","4","","0","0","1","1","0"
"POINT (13.316264792000000 52.613848797000102)","Unfall 234753 (2022) Kat:3, Licht: 0","234753","3","2","5","06","18","4","","0","1","1","0","0"
"POINT (13.496596415999999 52.518222702999999)","Unfall 234754 (2022) Kat:3, Licht: 0","234754","3","3","0","06","13","6","","0","1","0","0","1"
"POINT (13.573926394000100 52.444370720000101)","Unfall 234755 (2022) Kat:3, Licht: 0","234755","3","7","0","06","07","5","","0","1","0","0","0"
"POINT (13.427057998000100 52.499302108999998)","Unfall 234756 (2022) Kat:3, Licht: 0","234756","3","4","6","06","17","7","","0","1","0","1","0"
"POINT (13.428395617000000 52.474911370000001)","Unfall 234757 (2022) Kat:3, Licht: 0","234757","3","7","5","07","19","1","","0","0","1","0","0"
"POINT (13.440539264000099 52.464805638000001)","Unfall 234758 (2022) Kat:3, Licht: 0","234758","3","6","4","06","15","4","","0","1","1","0","0"
"POINT (13.335431862000100 52.565171347000003)","Unfall 234759 (2022) Kat:3, Licht: 0","234759","3","2","6","07","07","4","","0","0","1","1","0"
"POINT (13.361021946999999 52.577084931999998)","Unfall 234760 (2022) Kat:3, Licht: 0","234760","3","2","5","06","10","6","","0","1","1","0","0"
"POINT (13.384916520999999 52.591205377999998)","Unfall 234761 (2022) Kat:3, Licht: 0","234761","3","6","2","06","10","5","","0","0","1","0","0"
"POINT (13.448836129000000 52.485040512000097)","Unfall 234762 (2022) Kat:3, Licht: 2","234762","3","3","0","06","23","7","","2","1","0","0","1"
"POINT (13.364030322000101 52.475856695000097)","Unfall 234763 (2022) Kat:2, Licht: 0","234763","2","7","6","06","17","3","","0","0","0","1","0"
"POINT (13.419973411000100 52.538069794000101)","Unfall 234764 (2022) Kat:3, Licht: 0","234764","3","3","5","07","14","2","","0","1","1","0","0"
"POINT (13.290059798000099 52.482128924000101)","Unfall 234765 (2022) Kat:2, Licht: 0","234765","2","2","5","06","08","3","","0","1","0","0","0"
"POINT (13.285894636000000 52.449740998999999)","Unfall 234766 (2022) Kat:3, Licht: 0","234766","3","3","5","06","15","6","","0","0","1","0","0"
"POINT (13.388762405000000 52.499324000999998)","Unfall 234767 (2022) Kat:3, Licht: 0","234767","3","2","5","06","05","6","","0","1","1","0","0"
"POINT (13.424842478000100 52.480616096000098)","Unfall 234768 (2022) Kat:3, Licht: 2","234768","3","3","5","07","23","6","","2","1","1","0","0"
"POINT (13.376475671000000 52.454206216000003)","Unfall 234769 (2022) Kat:3, Licht: 0","234769","3","3","5","06","17","3","","0","1","1","0","0"
"POINT (13.433326546000000 52.523090162000102)","Unfall 234770 (2022) Kat:3, Licht: 0","234770","3","2","5","06","16","2","","0","1","0","0","1"
"POINT (13.416906013000100 52.498812245000103)","Unfall 234771 (2022) Kat:3, Licht: 0","234771","3","6","2","07","20","7","","0","0","1","0","0"
"POINT (13.601335392000101 52.535737277000102)","Unfall 234772 (2022) Kat:3, Licht: 0","234772","3","7","5","06","13","3","","0","0","1","0","0"
"POINT (13.371848496000000 52.544263792999999)","Unfall 234773 (2022) Kat:3, Licht: 0","234773","3","7","5","06","06","3","","0","1","1","0","0"
"POINT (13.526658358000100 52.426520840000101)","Unfall 234774 (2022) Kat:2, Licht: 0","234774","2","2","5","07","10","7","","0","1","1","0","0"
"POINT (13.526884209000100 52.492053879000103)","Unfall 234775 (2022) Kat:3, Licht: 0","234775","3","2","5","07","13","3","","0","1","1","0","0"
"POINT (13.281986021000000 52.476134807000101)","Unfall 234776 (2022) Kat:3, Licht: 2","234776","3","5","0","06","22","5","","2","1","0","0","0"
"POINT (13.457736927999999 52.486268199000101)","Unfall 234777 (2022) Kat:3, Licht: 0","234777","3","2","5","06","15","4","","0","1","1","0","0"
"POINT (13.330124611000000 52.562914962000001)","Unfall 234778 (2022) Kat:3, Licht: 0","234778","3","6","2","07","17","5","","0","0","1","0","0"
"POINT (13.590430634000001 52.529792708999999)","Unfall 234779 (2022) Kat:3, Licht: 0","234779","3","7","2","06","13","6","","0","0","1","0","0"
"POINT (13.646919559000001 52.520966762999997)","Unfall 234780 (2022) Kat:2, Licht: 0","234780","2","3","5","06","18","3","","0","1","1","0","0"
"POINT (13.396496742000100 52.593608521000100)","Unfall 234781 (2022) Kat:3, Licht: 1","234781","3","3","5","07","04","2","","1","0","1","0","0"
"POINT (13.348737485000100 52.467695108999997)","Unfall 234782 (2022) Kat:3, Licht: 0","234782","3","4","6","06","11","2","","0","1","0","1","0"
"POINT (13.313610445000100 52.504504640000100)","Unfall 234783 (2022) Kat:3, Licht: 0","234783","3","2","0","07","17","6","","0","0","1","0","1"
"POINT (13.331080188000000 52.495354724999999)","Unfall 234784 (2022) Kat:3, Licht: 0","234784","3","3","5","06","13","4","","0","0","1","0","0"
"POINT (13.386549191000000 52.501095532000100)","Unfall 234785 (2022) Kat:2, Licht: 0","234785","2","4","6","06","12","2","","0","0","1","1","0"
"POINT (13.244853716000000 52.614440022000103)","Unfall 234786 (2022) Kat:3, Licht: 0","234786","3","2","5","06","07","5","","0","1","1","0","0"
"POINT (13.360754778000100 52.570328388000100)","Unfall 234787 (2022) Kat:2, Licht: 0","234787","2","3","5","07","21","5","","0","0","1","0","0"
"POINT (13.522717996000001 52.451499066000103)","Unfall 234788 (2022) Kat:3, Licht: 0","234788","3","3","5","07","11","2","","0","1","0","0","0"
"POINT (13.435507226000000 52.424883784000002)","Unfall 234789 (2022) Kat:3, Licht: 0","234789","3","2","2","06","08","4","","0","0","1","0","0"
"POINT (13.318844576000100 52.491854736000100)","Unfall 234790 (2022) Kat:3, Licht: 0","234790","3","3","5","06","16","1","","0","0","1","0","0"
"POINT (13.562796449000100 52.443730066999997)","Unfall 234791 (2022) Kat:3, Licht: 0","234791","3","5","1","06","16","6","","0","1","1","0","0"
"POINT (13.429413648000001 52.574126935999999)","Unfall 234792 (2022) Kat:3, Licht: 0","234792","3","1","0","06","11","1","","0","0","0","0","1"
"POINT (13.375672539000000 52.456803653000101)","Unfall 234793 (2022) Kat:3, Licht: 0","234793","3","6","2","06","15","2","","0","0","1","0","0"
"POINT (13.422729433000001 52.413260457000000)","Unfall 234794 (2022) Kat:3, Licht: 0","234794","3","6","3","07","12","4","","0","0","1","0","0"
"POINT (13.564033191000000 52.518926014000002)","Unfall 234795 (2022) Kat:3, Licht: 0","234795","3","2","5","06","16","7","","0","0","1","0","0"
"POINT (13.546880891000100 52.433102519000002)","Unfall 234796 (2022) Kat:3, Licht: 0","234796","3","4","6","06","15","5","","0","0","1","1","0"
"POINT (13.412087443000100 52.543141538000000)","Unfall 234797 (2022) Kat:3, Licht: 0","234797","3","2","5","06","08","3","","0","1","1","0","0"
"POINT (13.417695658000101 52.513741463000002)","Unfall 234798 (2022) Kat:3, Licht: 0","234798","3","1","0","06","10","2","","0","0","0","0","1"
"POINT (13.290438152000000 52.582013302000099)","Unfall 234799 (2022) Kat:3, Licht: 0","234799","3","2","5","06","14","4","","0","1","1","0","0"
"POINT (13.320934380000001 52.451905199000102)","Unfall 234800 (2022) Kat:3, Licht: 0","234800","3","2","6","07","17","3","","0","0","1","1","0"
"POINT (13.386039160000101 52.534610162000000)","Unfall 234801 (2022) Kat:2, Licht: 0","234801","2","3","5","06","19","4","","0","1","0","0","0"
"POINT (13.349476802000000 52.470287347000102)","Unfall 234802 (2022) Kat:3, Licht: 0","234802","3","1","1","06","21","7","","0","1","1","0","0"
"POINT (13.522623197000000 52.426814612000001)","Unfall 234803 (2022) Kat:3, Licht: 0","234803","3","3","5","06","08","5","","0","1","1","0","0"
"POINT (13.507722121000000 52.503080937000000)","Unfall 234804 (2022) Kat:3, Licht: 1","234804","3","1","0","06","20","7","","1","0","0","0","0"
"POINT (13.489999962000100 52.493621670000003)","Unfall 234805 (2022) Kat:3, Licht: 0","234805","3","6","3","07","09","2","","0","0","1","0","0"
"POINT (13.312673511000099 52.489733972000103)","Unfall 234806 (2022) Kat:3, Licht: 0","234806","3","4","6","06","16","4","","0","0","1","1","0"
"POINT (13.427999997000001 52.526583710000097)","Unfall 234807 (2022) Kat:3, Licht: 0","234807","3","7","6","06","21","7","","0","0","1","1","0"
"POINT (13.280138719000000 52.535712562000100)","Unfall 234808 (2022) Kat:2, Licht: 2","234808","2","5","1","06","22","5","","2","0","1","0","1"
"POINT (13.427834174999999 52.533614418000099)","Unfall 234809 (2022) Kat:3, Licht: 0","234809","3","5","0","06","11","3","","0","0","1","0","0"
"POINT (13.562548420000001 52.536308187000003)","Unfall 234810 (2022) Kat:3, Licht: 0","234810","3","2","2","06","21","7","","0","0","1","0","0"
"POINT (13.283255273000099 52.598136360000098)","Unfall 234811 (2022) Kat:3, Licht: 0","234811","3","3","0","06","18","4","","0","1","0","0","0"
"POINT (13.180617354000001 52.536218509000001)","Unfall 234812 (2022) Kat:3, Licht: 0","234812","3","3","5","06","08","4","","0","1","1","0","0"
"POINT (13.361271659000099 52.500162739000103)","Unfall 234813 (2022) Kat:3, Licht: 0","234813","3","7","5","06","16","4","","0","1","1","0","0"
"POINT (13.185044470999999 52.428842252000003)","Unfall 234814 (2022) Kat:2, Licht: 0","234814","2","5","1","06","13","7","","0","1","1","0","0"
"POINT (13.308154024000000 52.477865610999999)","Unfall 234815 (2022) Kat:3, Licht: 0","234815","3","2","5","06","16","5","","0","0","1","0","0"
"POINT (13.488578029000100 52.464516188000097)","Unfall 234816 (2022) Kat:3, Licht: 0","234816","3","2","5","06","15","1","","0","1","1","0","0"
"POINT (13.312460790999999 52.500479691000102)","Unfall 234817 (2022) Kat:3, Licht: 0","234817","3","6","2","07","12","1","","0","0","1","0","1"
"POINT (13.459072707000100 52.526057652000098)","Unfall 234818 (2022) Kat:3, Licht: 0","234818","3","2","5","06","13","4","","0","1","1","0","0"
"POINT (13.450846785000101 52.527121809999997)","Unfall 234819 (2022) Kat:3, Licht: 0","234819","3","2","5","06","12","2","","0","1","1","0","0"
"POINT (13.427860010000099 52.455888506000100)","Unfall 234820 (2022) Kat:2, Licht: 0","234820","2","2","5","07","10","4","","0","1","0","0","1"
"POINT (13.413195001000100 52.382889714999997)","Unfall 234821 (2022) Kat:3, Licht: 0","234821","3","2","0","06","13","6","","0","0","1","0","1"
"POINT (13.300248286000100 52.570012943000101)","Unfall 234822 (2022) Kat:3, Licht: 0","234822","3","3","5","06","06","5","","0","1","1","0","0"
"POINT (13.461296041000001 52.500057191000103)","Unfall 234823 (2022) Kat:3, Licht: 0","234823","3","5","1","06","06","7","","0","0","1","0","0"
"POINT (13.170793367000000 52.510096548000000)","Unfall 234824 (2022) Kat:3, Licht: 0","234824","3","3","0","06","08","4","","0","0","1","0","1"
"POINT (13.137852208000000 52.546511510000101)","Unfall 234825 (2022) Kat:3, Licht: 0","234825","3","7","0","07","06","2","","0","1","0","0","0"
"POINT (13.427677483000000 52.576997485000000)","Unfall 234826 (2022) Kat:2, Licht: 0","234826","2","7","2","06","14","6","","0","0","1","0","0"
"POINT (13.504671513000099 52.562968458000100)","Unfall 234827 (2022) Kat:3, Licht: 0","234827","3","6","2","06","15","6","","0","0","1","0","0"
"POINT (13.395509289000101 52.413058497000101)","Unfall 234828 (2022) Kat:2, Licht: 0","234828","2","3","5","07","13","7","","0","0","1","0","0"
"POINT (13.491577666000101 52.534033921999999)","Unfall 234829 (2022) Kat:3, Licht: 0","234829","3","1","0","06","19","3","","0","0","0","0","1"
"POINT (13.631652725000000 52.446790225000001)","Unfall 234830 (2022) Kat:3, Licht: 0","234830","3","2","5","06","17","2","","0","0","1","0","0"
"POINT (13.443590030999999 52.590480329000101)","Unfall 234831 (2022) Kat:2, Licht: 0","234831","2","2","5","07","21","1","","0","0","1","0","1"
"POINT (13.207331524000001 52.538470488000002)","Unfall 234832 (2022) Kat:3, Licht: 0","234832","3","3","0","06","13","3","","0","0","0","0","1"
"POINT (13.329154968000100 52.445899569000098)","Unfall 234833 (2022) Kat:3, Licht: 0","234833","3","1","0","06","15","3","","0","0","0","0","1"
"POINT (13.320342670000100 52.508484420999999)","Unfall 234834 (2022) Kat:3, Licht: 0","234834","3","6","2","07","10","6","","0","1","1","0","0"
"POINT (13.244728564000100 52.421442722999998)","Unfall 234835 (2022) Kat:3, Licht: 0","234835","3","6","0","07","11","3","","0","0","1","0","1"
"POINT (13.330019235000099 52.429146389000003)","Unfall 234836 (2022) Kat:3, Licht: 0","234836","3","6","2","06","15","5","","0","1","1","0","0"
"POINT (13.254683117000100 52.562109758000098)","Unfall 234837 (2022) Kat:3, Licht: 0","234837","3","6","2","06","15","4","","0","0","1","0","1"
"POINT (13.373878475000000 52.480965153000099)","Unfall 234838 (2022) Kat:3, Licht: 0","234838","3","5","1","07","19","5","","0","1","1","0","0"
"POINT (13.209604466000000 52.551759375000103)","Unfall 234839 (2022) Kat:2, Licht: 0","234839","2","2","6","06","07","6","","0","0","1","1","0"
"POINT (13.322591963000001 52.456496538000103)","Unfall 234840 (2022) Kat:3, Licht: 0","234840","3","1","0","06","05","3","","0","0","0","0","1"
"POINT (13.583233470000000 52.443482093000100)","Unfall 234841 (2022) Kat:3, Licht: 0","234841","3","3","5","07","10","2","","0","1","1","0","0"
"POINT (13.262406797000001 52.541315236999999)","Unfall 234842 (2022) Kat:3, Licht: 0","234842","3","3","5","06","16","3","","0","1","1","0","0"
"POINT (13.338610412000000 52.503521847000101)","Unfall 234843 (2022) Kat:2, Licht: 0","234843","2","7","0","06","08","2","","0","1","0","0","0"
"POINT (13.392764313000001 52.412709331000002)","Unfall 234844 (2022) Kat:3, Licht: 0","234844","3","2","5","07","10","7","","0","0","1","0","0"
"POINT (13.209571417000101 52.527865931000100)","Unfall 234845 (2022) Kat:3, Licht: 0","234845","3","6","2","06","08","4","","0","0","1","0","0"
"POINT (13.296148379000000 52.513550618000103)","Unfall 234846 (2022) Kat:3, Licht: 0","234846","3","3","5","06","19","2","","0","1","1","0","0"
"POINT (13.492796938000000 52.413917046999998)","Unfall 234847 (2022) Kat:3, Licht: 0","234847","3","3","5","06","16","5","","0","0","1","0","0"
"POINT (13.593883497000000 52.447643692000000)","Unfall 234848 (2022) Kat:3, Licht: 0","234848","3","4","6","07","09","5","","0","0","0","1","0"
"POINT (13.439134148000100 52.480447494000003)","Unfall 234849 (2022) Kat:3, Licht: 0","234849","3","2","6","07","11","2","","0","0","1","1","0"
"POINT (13.349602782000000 52.524514069000098)","Unfall 234850 (2022) Kat:3, Licht: 0","234850","3","2","5","06","16","5","","0","1","1","0","0"
"POINT (13.314318212000000 52.424049991000103)","Unfall 234851 (2022) Kat:3, Licht: 0","234851","3","2","5","06","15","4","","0","1","1","0","0"
"POINT (13.363767921000001 52.562507025000102)","Unfall 234852 (2022) Kat:3, Licht: 0","234852","3","5","1","06","06","1","","0","0","1","0","0"
"POINT (13.414860399000100 52.504743500000103)","Unfall 234853 (2022) Kat:3, Licht: 0","234853","3","2","5","06","12","5","","0","0","1","0","0"
"POINT (13.532744570000000 52.430779082000100)","Unfall 234854 (2022) Kat:3, Licht: 0","234854","3","7","5","06","17","2","","0","0","1","0","0"
"POINT (13.329527734000100 52.481878747000103)","Unfall 234855 (2022) Kat:3, Licht: 0","234855","3","6","2","06","16","2","","0","0","1","0","0"
"POINT (13.371068779000000 52.511106260000098)","Unfall 234856 (2022) Kat:3, Licht: 0","234856","3","2","5","07","16","4","","0","1","0","0","0"
"POINT (13.393982433000099 52.524709842999997)","Unfall 234857 (2022) Kat:3, Licht: 2","234857","3","6","6","06","23","7","","2","1","0","1","0"