WKT,Name,OBJECTID,UKATEGORIE,UTYP1,UART,UMONAT,USTUNDE,UWOCHENTAG,STRZUSTAND,ULICHTVERH,ISTRAD,ISTPKW,ISTFUSS,ISTKRAD
"POINT (13.323087171999999 52.432973348000097)","Unfall 234858 (2022) Kat:3, Licht: 0","234858","3","6","4","06","09","5","","0","1","0","0","0"
"POINT (13.601635943000099 52.535881879000002)","Unfall 234859 (2022) Kat:3, Licht: 0","234859","3","4","6","06","13","3","","0","0","1","1","0"
"POINT (13.572049448000000 52.546350363000002)","Unfall 234860 (2022) Kat:3, Licht: 0","234860","3","6","2","06","16","7","","0","0","1","0","0"
"POINT (13.115194707000100 52.455028578000103)","Unfall 234861 (2022) Kat:3, Licht: 0","234861","3","1","0","06","19","4","","0","1","0","0","0"
"POINT (13.300301052000099 52.529434271000099)","Unfall 234862 (2022) Kat:3, Licht: 0","234862","3","3","5","06","18","3","","0","1","0","0","0"
"POINT (13.464288139000100 52.513706816000102)","Unfall 234863 (2022) Kat:3, Licht: 0","234863","3","4","6","06","18","7","","0","1","0","1","0"
"POINT (13.408710899000001 52.554024579000000)","Unfall 234864 (2022) Kat:3, Licht: 0","234864","3","2","2","06","16","5","","0","1","1","0","0"
"POINT (13.199082596000000 52.435597999000002)","Unfall 234865 (2022) Kat:2, Licht: 0","234865","2","1","0","06","10","1","","0","1","0","0","0"
"POINT (13.405124038000100 52.496221671000100)","Unfall 234866 (2022) Kat:3, Licht: 0","234866","3","3","0","06","17","3","","0","0","1","0","1"
"POINT (13.595672821000100 52.507770055999998)","Unfall 234867 (2022) Kat:3, Licht: 0","234867","3","3","5","06","07","3","","0","0","1","0","1"
"POINT (13.380166850000000 52.532892722000000)","Unfall 234868 (2022) Kat:3, Licht: 0","234868","3","2","5","07","16","1","","0","1","1","0","0"
"POINT (13.359079506000100 52.509830815000001)","Unfall 234869 (2022) Kat:3, Licht: 0","234869","3","2","5","06","16","4","","0","1","1","0","0"
"POINT (13.541057668000100 52.540286731999998)","Unfall 234870 (2022) Kat:3, Licht: 0","234870","3","6","2","07","15","3","","0","0","1","0","0"
"POINT (13.726348000000000 52.425746912000101)","Unfall 234871 (2022) Kat:3, Licht: 0","234871","3","3","5","06","18","6","","0","0","1","0","0"
"POINT (13.353204314999999 52.490344792000002)","Unfall 234872 (2022) Kat:2, Licht: 0","234872","2","4","6","06","13","5","","0","1","0","1","0"
"POINT (13.401173558000000 52.511267799999999)","Unfall 234873 (2022) Kat:3, Licht: 0","234873","3","1","5","06","07","6","","0","1","0","0","1"
"POINT (13.196781610000100 52.533183022999999)","Unfall 234874 (2022) Kat:3, Licht: 0","234874","3","6","3","06","14","4","","0","0","1","0","0"
"POINT (13.570710148000000 52.543352296000101)","Unfall 234875 (2022) Kat:3, Licht: 0","234875","3","4","6","07","19","3","","0","0","1","1","0"
"POINT (13.345989649000000 52.498831152999998)","Unfall 234876 (2022) Kat:3, Licht: 0","234876","3","7","5","06","12","6","","0","1","1","0","0"
"POINT (13.330774506000100 52.492013723000099)","Unfall 234877 (2022) Kat:3, Licht: 0","234877","3","2","5","06","13","6","","0","1","1","0","0"
"POINT (13.451997340000000 52.508377188000097)","Unfall 234878 (2022) Kat:3, Licht: 0","234878","3","7","0","06","05","1","","0","0","1","0","1"
"POINT (13.188286937000001 52.527781140999998)","Unfall 234879 (2022) Kat:2, Licht: 0","234879","2","4","6","07","08","6","","0","0","1","1","0"
"POINT (13.460073010000000 52.431971584000102)","Unfall 234880 (2022) Kat:3, Licht: 0","234880","3","2","5","06","18","4","","0","0","1","0","0"
"POINT (13.454633784000100 52.510215707999997)","Unfall 234881 (2022) Kat:3, Licht: 1","234881","3","1","0","06","21","2","","1","1","0","0","0"
"POINT (13.422024123000000 52.495958143000102)","Unfall 234882 (2022) Kat:3, Licht: 0","234882","3","3","0","06","16","5","","0","0","0","0","1"
"POINT (13.388763882999999 52.550105755000097)","Unfall 234883 (2022) Kat:3, Licht: 0","234883","3","7","2","07","12","6","","0","0","1","0","0"
"POINT (13.383018546000100 52.512284265000098)","Unfall 234884 (2022) Kat:2, Licht: 0","234884","2","2","5","07","08","3","","0","1","0","0","0"
"POINT (13.447298234000099 52.464271424000103)","Unfall 234885 (2022) Kat:3, Licht: 0","234885","3","2","5","06","17","5","","0","0","1","0","0"
"POINT (13.344640896000000 52.529501192000097)","Unfall 234886 (2022) Kat:3, Licht: 0","234886","3","6","3","06","18","4","","0","1","0","0","0"
"POINT (13.286568809000100 52.519072104000003)","Unfall 234887 (2022) Kat:3, Licht: 0","234887","3","6","0","07","13","5","","0","0","1","0","1"
"POINT (13.397668253000100 52.495191185000103)","Unfall 234888 (2022) Kat:3, Licht: 0","234888","3","2","5","06","17","5","","0","0","1","0","0"
"POINT (13.301540047000101 52.495143974000001)","Unfall 234889 (2022) Kat:3, Licht: 0","234889","3","6","3","06","06","3","","0","1","1","0","0"
"POINT (13.445722700999999 52.470193496000000)","Unfall 234890 (2022) Kat:3, Licht: 0","234890","3","6","2","07","16","1","","0","0","1","0","0"
"POINT (13.435671821000000 52.482339341000099)","Unfall 234891 (2022) Kat:3, Licht: 0","234891","3","5","1","07","17","3","","0","1","1","0","0"
"POINT (13.308922438000000 52.506008279000099)","Unfall 234892 (2022) Kat:3, Licht: 0","234892","3","4","6","06","13","6","","0","0","1","1","0"
"POINT (13.291606139000100 52.595953614999999)","Unfall 234893 (2022) Kat:3, Licht: 0","234893","3","2","5","06","09","5","","0","0","1","0","0"
"POINT (13.397200526000100 52.565860721000000)","Unfall 234894 (2022) Kat:2, Licht: 2","234894","2","5","1","06","00","7","","2","0","1","0","0"
"POINT (13.438588101000100 52.452673486000002)","Unfall 234895 (2022) Kat:3, Licht: 0","234895","3","2","5","06","10","3","","0","0","1","0","0"
"POINT (13.495907833000000 52.465919895000098)","Unfall 234896 (2022) Kat:2, Licht: 0","234896","2","1","8","07","18","2","","0","0","1","0","0"
"POINT (13.577873710000100 52.497581040999997)","Unfall 234897 (2022) Kat:3, Licht: 0","234897","3","3","5","06","12","6","","0","1","1","0","0"
"POINT (13.446515531999999 52.502444185999998)","Unfall 234898 (2022) Kat:3, Licht: 0","234898","3","7","7","06","08","6","","0","0","0","0","1"
"POINT (13.464924993000100 52.497314123000102)","Unfall 234899 (2022) Kat:3, Licht: 0","234899","3","3","5","06","12","2","","0","1","0","0","0"
"POINT (13.552984700000000 52.468419238000102)","Unfall 234900 (2022) Kat:3, Licht: 2","234900","3","6","6","07","00","7","","2","0","0","1","0"
"POINT (13.434383150000000 52.487495016000103)","Unfall 234901 (2022) Kat:3, Licht: 0","234901","3","7","6","06","20","3","","0","0","0","1","0"
"POINT (13.346228270999999 52.496929641000101)","Unfall 234902 (2022) Kat:3, Licht: 0","234902","3","6","2","06","17","2","","0","0","1","0","0"
"POINT (13.261960368000100 52.501146839999997)","Unfall 234903 (2022) Kat:3, Licht: 0","234903","3","3","5","06","15","6","","0","1","1","0","0"
"POINT (13.305783128000000 52.506789459000103)","Unfall 234904 (2022) Kat:3, Licht: 0","234904","3","6","2","07","18","6","","0","0","1","0","0"
"POINT (13.439556364000101 52.438605303000003)","Unfall 234905 (2022) Kat:3, Licht: 0","234905","3","7","6","07","16","3","","0","1","0","1","0"
"POINT (13.387036504999999 52.527143556000098)","Unfall 234906 (2022) Kat:2, Licht: 0","234906","2","2","5","06","17","5","","0","0","0","0","0"
"POINT (13.369780035000099 52.542872953000000)","Unfall 234907 (2022) Kat:3, Licht: 0","234907","3","3","5","06","11","4","","0","0","1","0","1"
"POINT (13.190061466000000 52.433583441000103)","Unfall 234908 (2022) Kat:3, Licht: 0","234908","3","5","1","07","12","4","","0","0","1","0","0"
"POINT (13.382656645999999 52.484995746000003)","Unfall 234909 (2022) Kat:3, Licht: 0","234909","3","6","3","06","09","6","","0","1","1","0","0"
"POINT (13.366236466000000 52.584889549000103)","Unfall 234910 (2022) Kat:3, Licht: 0","234910","3","3","5","06","09","3","","0","1","1","0","0"
"POINT (13.196796919000100 52.531416100999998)","Unfall 234911 (2022) Kat:3, Licht: 0","234911","3","4","6","07","17","7","","0","1","0","1","0"
"POINT (13.375130168000100 52.452846178000101)","Unfall 234912 (2022) Kat:3, Licht: 0","234912","3","3","5","06","16","3","","0","1","1","0","0"
"POINT (13.331084247000000 52.495376622999999)","Unfall 234913 (2022) Kat:3, Licht: 0","234913","3","3","5","06","09","1","","0","0","1","0","0"
"POINT (13.236491207000000 52.469416495000097)","Unfall 234914 (2022) Kat:3, Licht: 0","234914","3","3","5","07","14","7","","0","1","1","0","0"
"POINT (13.550463740000099 52.533525822999998)","Unfall 234915 (2022) Kat:2, Licht: 0","234915","2","3","5","06","15","4","","0","0","1","0","0"
"POINT (13.234527636999999 52.527378796000100)","Unfall 234916 (2022) Kat:3, Licht: 0","234916","3","6","3","06","16","1","","0","0","1","0","0"
"POINT (13.454748824999999 52.592903675000102)","Unfall 234917 (2022) Kat:2, Licht: 0","234917","2","3","5","06","07","5","","0","1","1","0","0"
"POINT (13.377480771000000 52.481193513000100)","Unfall 234918 (2022) Kat:3, Licht: 0","234918","3","6","3","07","16","6","","0","0","1","0","1"
"POINT (13.434947918000001 52.542804566000001)","Unfall 234919 (2022) Kat:3, Licht: 0","234919","3","6","2","07","08","2","","0","0","1","0","1"
"POINT (13.387878939000100 52.418269934000101)","Unfall 234920 (2022) Kat:3, Licht: 0","234920","3","6","2","06","13","4","","0","0","1","0","0"
"POINT (13.339263134000101 52.444247662000102)","Unfall 234921 (2022) Kat:3, Licht: 0","234921","3","6","2","06","14","1","","0","0","1","0","0"
"POINT (13.360021701000100 52.546853744000003)","Unfall 234922 (2022) Kat:2, Licht: 0","234922","2","2","5","06","13","6","","0","1","1","0","0"
"POINT (13.458019636000101 52.528841295000099)","Unfall 234923 (2022) Kat:3, Licht: 2","234923","3","4","0","06","22","2","","2","0","0","1","0"
"POINT (13.456156543000100 52.555632397000103)","Unfall 234924 (2022) Kat:3, Licht: 0","234924","3","6","2","06","12","3","","0","1","1","0","0"
"POINT (13.335423304000100 52.430506446999999)","Unfall 234925 (2022) Kat:3, Licht: 0","234925","3","6","3","07","14","2","","0","0","1","0","0"
"POINT (13.431916656000100 52.505688373000098)","Unfall 234926 (2022) Kat:3, Licht: 0","234926","3","3","5","06","16","2","","0","0","1","0","1"
"POINT (13.536379781000100 52.432924983000099)","Unfall 234927 (2022) Kat:3, Licht: 0","234927","3","2","5","07","13","4","","0","0","1","0","0"
"POINT (13.473376689000100 52.423698758999997)","Unfall 234928 (2022) Kat:3, Licht: 0","234928","3","6","3","06","12","7","","0","1","1","0","0"
"POINT (13.320095246000101 52.471658167999998)","Unfall 234929 (2022) Kat:3, Licht: 0","234929","3","2","0","06","14","5","","0","1","1","0","0"
"POINT (13.512041440000100 52.470807555000100)","Unfall 234930 (2022) Kat:3, Licht: 2","234930","3","2","0","06","00","3","","2","0","1","0","0"
"POINT (13.272964071000001 52.450713376000103)","Unfall 234931 (2022) Kat:3, Licht: 0","234931","3","5","1","06","11","7","","0","1","1","0","0"
"POINT (13.418990592000100 52.530727202999998)","Unfall 234932 (2022) Kat:2, Licht: 0","234932","2","2","5","06","06","5","","0","1","1","0","0"
"POINT (13.279654879000100 52.418581345000099)","Unfall 234933 (2022) Kat:3, Licht: 0","234933","3","5","1","06","15","4","","0","1","1","0","0"
"POINT (13.419675832999999 52.444717396000001)","Unfall 234934 (2022) Kat:3, Licht: 0","234934","3","6","3","06","14","6","","0","1","1","0","0"
"POINT (13.360584274000100 52.490295820000000)","Unfall 234935 (2022) Kat:3, Licht: 0","234935","3","6","2","06","13","5","","0","0","1","0","1"
"POINT (13.260196096000101 52.516111959000099)","Unfall 234936 (2022) Kat:3, Licht: 0","234936","3","6","2","06","14","7","","0","0","1","0","0"
"POINT (13.481097063000000 52.460956918000100)","Unfall 234937 (2022) Kat:3, Licht: 0","234937","3","6","2","06","09","3","","0","1","1","0","0"
"POINT (13.436262510000100 52.466939316000001)","Unfall 234938 (2022) Kat:3, Licht: 0","234938","3","1","0","06","16","2","","0","1","0","0","0"
"POINT (13.315461414000000 52.450552365000100)","Unfall 234939 (2022) Kat:2, Licht: 2","234939","2","3","5","07","22","7","","2","1","1","0","0"
"POINT (13.330654052000099 52.533472117000002)","Unfall 234940 (2022) Kat:3, Licht: 0","234940","3","2","5","06","19","3","","0","0","1","0","1"
"POINT (13.519636520000100 52.505934722000099)","Unfall 234941 (2022) Kat:3, Licht: 0","234941","3","7","5","07","14","3","","0","0","1","0","0"
"POINT (13.440448117000100 52.467391330000098)","Unfall 234942 (2022) Kat:2, Licht: 0","234942","2","2","6","06","08","5","","0","0","1","1","0"
"POINT (13.311279960000000 52.496353295000098)","Unfall 234943 (2022) Kat:3, Licht: 0","234943","3","6","2","07","16","5","","0","1","1","0","0"
"POINT (13.462658727000100 52.519836937000001)","Unfall 234944 (2022) Kat:3, Licht: 2","234944","3","1","8","06","03","6","","2","0","1","0","0"
"POINT (13.313944326000099 52.443068758999999)","Unfall 234945 (2022) Kat:3, Licht: 0","234945","3","7","5","06","11","3","","0","1","0","0","0"
"POINT (13.380746160000101 52.546439001000103)","Unfall 234946 (2022) Kat:3, Licht: 2","234946","3","3","0","07","22","2","","2","1","1","0","0"
"POINT (13.313474382000001 52.525768481999997)","Unfall 234947 (2022) Kat:2, Licht: 0","234947","2","2","5","06","11","6","","0","1","1","0","0"
"POINT (13.410641249999999 52.527308458999997)","Unfall 234948 (2022) Kat:2, Licht: 2","234948","2","1","8","06","00","6","","2","1","0","0","0"
"POINT (13.294113656000000 52.496310989999998)","Unfall 234949 (2022) Kat:3, Licht: 2","234949","3","1","0","06","01","1","","2","0","0","0","0"
"POINT (13.286740787999999 52.495857092999998)","Unfall 234950 (2022) Kat:3, Licht: 0","234950","3","2","5","07","18","7","","0","1","1","0","0"
"POINT (13.316124724000099 52.438766762000100)","Unfall 234951 (2022) Kat:3, Licht: 0","234951","3","5","1","06","08","4","","0","1","1","0","0"
"POINT (13.239478355000101 52.602289136000103)","Unfall 234952 (2022) Kat:2, Licht: 0","234952","2","7","0","06","13","2","","0","0","1","0","0"
"POINT (13.626988093000000 52.529972227000002)","Unfall 234953 (2022) Kat:3, Licht: 0","234953","3","3","5","06","07","5","","0","1","1","0","0"
"POINT (13.199672122000001 52.535208963000102)","Unfall 234954 (2022) Kat:3, Licht: 0","234954","3","6","0","07","16","5","","0","0","1","0","1"
"POINT (13.392964827000100 52.527508581000099)","Unfall 234955 (2022) Kat:3, Licht: 0","234955","3","3","5","07","14","2","","0","1","0","0","0"
"POINT (13.401528133999999 52.483559813000099)","Unfall 234956 (2022) Kat:3, Licht: 0","234956","3","6","2","06","18","4","","0","0","1","0","0"
"POINT (13.584268699000100 52.524142693000002)","Unfall 234957 (2022) Kat:3, Licht: 0","234957","3","7","0","06","13","4","","0","0","0","1","0"
"POINT (13.203935337000100 52.534983689000100)","Unfall 234958 (2022) Kat:3, Licht: 0","234958","3","7","6","06","15","7","","0","0","0","1","0"
"POINT (13.496099506000100 52.466052096000098)","Unfall 234959 (2022) Kat:2, Licht: 0","234959","2","2","5","06","16","5","","0","1","0","0","0"
"POINT (13.477249754000100 52.520450260000104)","Unfall 234960 (2022) Kat:3, Licht: 0","234960","3","6","2","06","18","2","","0","0","1","0","0"
"POINT (13.344555603000099 52.501600512000003)","Unfall 234961 (2022) Kat:3, Licht: 0","234961","3","6","2","07","11","2","","0","1","1","0","0"
"POINT (13.324953181000099 52.418549188000000)","Unfall 234962 (2022) Kat:3, Licht: 0","234962","3","7","0","06","21","1","","0","0","0","0","1"
"POINT (13.298235853000101 52.429188498000002)","Unfall 234963 (2022) Kat:3, Licht: 2","234963","3","5","1","06","22","5","","2","1","1","0","0"
"POINT (13.351528077000101 52.509542152000101)","Unfall 234964 (2022) Kat:3, Licht: 0","234964","3","2","5","06","20","3","","0","1","1","0","0"
"POINT (13.387293330000000 52.526072251000102)","Unfall 234965 (2022) Kat:3, Licht: 0","234965","3","1","0","06","14","1","","0","1","0","0","0"
"POINT (13.443930471000000 52.525187744999997)","Unfall 234966 (2022) Kat:3, Licht: 0","234966","3","7","5","06","08","4","","0","0","1","0","0"
"POINT (13.162751464000101 52.520057438999999)","Unfall 234967 (2022) Kat:3, Licht: 0","234967","3","2","5","06","08","4","","0","1","1","0","0"
"POINT (13.503029338999999 52.568185616000100)","Unfall 234968 (2022) Kat:3, Licht: 0","234968","3","3","5","06","14","4","","0","1","1","0","0"
"POINT (13.552240025000099 52.549607310000098)","Unfall 234969 (2022) Kat:3, Licht: 0","234969","3","2","5","06","12","6","","0","0","1","0","0"
"POINT (13.390757372000101 52.540189667000000)","Unfall 234970 (2022) Kat:3, Licht: 0","234970","3","3","5","06","08","5","","0","0","1","0","1"
"POINT (13.349559774999999 52.542238967999999)","Unfall 234971 (2022) Kat:3, Licht: 2","234971","3","3","5","06","02","1","","2","0","1","0","0"
"POINT (13.318686335000100 52.566377525000100)","Unfall 234972 (2022) Kat:3, Licht: 0","234972","3","5","1","07","09","2","","0","1","1","0","0"
"POINT (13.468049855000100 52.546508007000099)","Unfall 234973 (2022) Kat:2, Licht: 0","234973","2","2","5","06","11","4","","0","0","1","0","0"
"POINT (13.370091783000101 52.548320490999998)","Unfall 234974 (2022) Kat:3, Licht: 0","234974","3","4","6","06","17","2","","0","0","1","1","0"
"POINT (13.466481953000001 52.550541373000001)","Unfall 234975 (2022) Kat:2, Licht: 0","234975","2","2","5","07","16","4","","0","0","1","0","0"
"POINT (13.375967910000000 52.548972541000097)","Unfall 234976 (2022) Kat:3, Licht: 2","234976","3","5","1","06","22","6","","2","1","1","0","0"
"POINT (13.422223547000000 52.548192820000097)","Unfall 234977 (2022) Kat:1, Licht: 0","234977","1","3","5","06","16","5","","0","1","1","0","0"
"POINT (13.291121260000100 52.537280232000100)","Unfall 234978 (2022) Kat:3, Licht: 0","234978","3","3","5","06","18","7","","0","1","1","0","0"
"POINT (13.379506929000099 52.485011194000002)","Unfall 234979 (2022) Kat:3, Licht: 0","234979","3","5","1","06","07","4","","0","1","1","0","0"
"POINT (13.266755119999999 52.412117570000099)","Unfall 234980 (2022) Kat:3, Licht: 0","234980","3","7","0","06","16","7","","0","1","0","0","0"
"POINT (13.408928757000099 52.512026771000102)","Unfall 234981 (2022) Kat:3, Licht: 0","234981","3","3","0","07","07","6","","0","1","0","0","0"
"POINT (13.453686812000100 52.508074833000101)","Unfall 234982 (2022) Kat:3, Licht: 0","234982","3","2","5","06","15","3","","0","0","1","0","1"
"POINT (13.422305817000099 52.458889967000097)","Unfall 234983 (2022) Kat:3, Licht: 0","234983","3","6","2","06","09","2","","0","0","1","0","0"
"POINT (13.412294134000000 52.528085901000097)","Unfall 234984 (2022) Kat:3, Licht: 0","234984","3","6","0","06","13","4","","0","0","1","0","1"
"POINT (13.414280662000101 52.498589324000100)","Unfall 234985 (2022) Kat:2, Licht: 0","234985","2","6","4","07","18","2","","0","1","0","0","0"
"POINT (13.565089440000101 52.445597788000001)","Unfall 234986 (2022) Kat:3, Licht: 0","234986","3","1","0","06","10","5","","0","1","0","0","0"
"POINT (13.447668073999999 52.477761039000001)","Unfall 234987 (2022) Kat:3, Licht: 0","234987","3","3","5","06","13","4","","0","1","0","0","0"
"POINT (13.575434434000000 52.489098517999999)","Unfall 234988 (2022) Kat:2, Licht: 0","234988","2","2","5","06","17","1","","0","0","1","0","0"
"POINT (13.509684869000100 52.463419494999997)","Unfall 234989 (2022) Kat:3, Licht: 0","234989","3","2","5","06","20","5","","0","1","0","0","0"
"POINT (13.427513690000101 52.523053645000097)","Unfall 234990 (2022) Kat:3, Licht: 2","234990","3","1","9","06","06","2","","2","0","1","0","0"
"POINT (13.279487515000000 52.502814276999999)","Unfall 234991 (2022) Kat:3, Licht: 0","234991","3","6","3","07","15","2","","0","0","1","0","1"
"POINT (13.430112693000099 52.486075751000001)","Unfall 234992 (2022) Kat:3, Licht: 0","234992","3","6","3","06","15","2","","0","0","1","0","0"
"POINT (13.591612116000000 52.541513442000102)","Unfall 234993 (2022) Kat:3, Licht: 0","234993","3","3","5","07","21","3","","0","1","1","0","0"
"POINT (13.400075260000101 52.458767436000102)","Unfall 234994 (2022) Kat:3, Licht: 2","234994","3","1","8","06","02","6","","2","0","1","0","0"
"POINT (13.436104544000001 52.556363713000103)","Unfall 234995 (2022) Kat:3, Licht: 0","234995","3","3","5","06","19","5","","0","0","1","0","0"
"POINT (13.297918009000099 52.441856645000001)","Unfall 234996 (2022) Kat:2, Licht: 0","234996","2","5","0","06","12","7","","0","1","1","0","0"
"POINT (13.238206826000100 52.511021337000003)","Unfall 234997 (2022) Kat:3, Licht: 0","234997","3","5","1","06","16","3","","0","0","1","0","0"
"POINT (13.317855074000001 52.428737454000000)","Unfall 234998 (2022) Kat:3, Licht: 0","234998","3","3","5","07","10","2","","0","0","1","0","0"
"POINT (13.463769121000000 52.469722310000101)","Unfall 234999 (2022) Kat:3, Licht: 0","234999","3","6","2","06","16","3","","0","0","1","0","0"
"POINT (13.385411822000000 52.507410288000102)","Unfall 235000 (2022) Kat:3, Licht: 0","235000","3","6","6","06","15","7","","0","0","0","1","0"
"POINT (13.167198327000101 52.533385591000098)","Unfall 235001 (2022) Kat:2, Licht: 0","235001","2","4","6","06","09","7","","0","0","1","1","0"
"POINT (13.285123091000100 52.454557690000101)","Unfall 235002 (2022) Kat:3, Licht: 0","235002","3","7","6","07","13","7","","0","0","1","1","0"
"POINT (13.448624878000000 52.553051153000098)","Unfall 235003 (2022) Kat:3, Licht: 0","235003","3","2","5","06","15","3","","0","1","1","0","0"
"POINT (13.475831325000099 52.475907421999999)","Unfall 235004 (2022) Kat:3, Licht: 0","235004","3","3","5","07","17","7","","0","1","1","0","0"
"POINT (13.649364992000100 52.419138411000098)","Unfall 235005 (2022) Kat:3, Licht: 0","235005","3","6","3","06","09","4","","0","0","1","0","1"
"POINT (13.398420563000100 52.592406073000099)","Unfall 235006 (2022) Kat:3, Licht: 0","235006","3","3","5","06","05","3","","0","1","1","0","0"
"POINT (13.384916491000100 52.460832463000003)","Unfall 235007 (2022) Kat:3, Licht: 0","235007","3","2","5","07","09","3","","0","0","1","0","0"
"POINT (13.407522545000100 52.452546941000001)","Unfall 235008 (2022) Kat:3, Licht: 0","235008","3","6","2","06","07","5","","0","0","1","0","1"
"POINT (13.394770862000000 52.543011751999998)","Unfall 235009 (2022) Kat:2, Licht: 0","235009","2","3","5","07","14","4","","0","1","1","0","0"
"POINT (13.444085576000100 52.503548438999999)","Unfall 235010 (2022) Kat:3, Licht: 0","235010","3","7","5","06","15","6","","0","0","1","0","0"
"POINT (13.440066006000100 52.481803448999997)","Unfall 235011 (2022) Kat:3, Licht: 0","235011","3","2","6","06","20","2","","0","0","1","1","0"
"POINT (13.428642784999999 52.547471655000002)","Unfall 235012 (2022) Kat:3, Licht: 0","235012","3","6","2","07","15","7","","0","0","1","0","0"
"POINT (13.571487605000099 52.540657386000099)","Unfall 235013 (2022) Kat:3, Licht: 0","235013","3","4","6","06","06","6","","0","0","1","1","0"
"POINT (13.324127691999999 52.450548959999999)","Unfall 235014 (2022) Kat:3, Licht: 0","235014","3","3","5","06","13","1","","0","1","1","0","0"
"POINT (13.384480019000000 52.567432048999997)","Unfall 235015 (2022) Kat:3, Licht: 2","235015","3","3","5","07","22","6","","2","0","1","0","0"
"POINT (13.372942171000000 52.424950954000103)","Unfall 235016 (2022) Kat:3, Licht: 0","235016","3","2","2","06","16","4","","0","1","1","0","0"
"POINT (13.394465430000000 52.483932066000101)","Unfall 235017 (2022) Kat:2, Licht: 0","235017","2","4","6","06","14","2","","0","0","1","1","0"
"POINT (13.511711889000001 52.448858814000097)","Unfall 235018 (2022) Kat:3, Licht: 0","235018","3","1","0","06","17","5","","0","0","0","0","0"
"POINT (13.307976204999999 52.618739302999998)","Unfall 235019 (2022) Kat:1, Licht: 0","235019","1","7","9","07","13","6","","0","0","1","0","0"
"POINT (13.390664446000100 52.505839809000101)","Unfall 235020 (2022) Kat:3, Licht: 0","235020","3","7","5","07","08","3","","0","1","1","0","0"
"POINT (13.343199223000100 52.528196866000002)","Unfall 235021 (2022) Kat:3, Licht: 0","235021","3","2","5","06","15","4","","0","1","0","0","0"
"POINT (13.544103351000000 52.525832139000002)","Unfall 235022 (2022) Kat:3, Licht: 0","235022","3","2","5","06","15","4","","0","1","1","0","0"
"POINT (13.546716328000100 52.501150641000002)","Unfall 235023 (2022) Kat:3, Licht: 0","235023","3","7","4","06","19","7","","0","1","0","1","0"
"POINT (13.464160846000000 52.427913375000102)","Unfall 235024 (2022) Kat:3, Licht: 0","235024","3","5","1","06","13","5","","0","0","1","0","0"
"POINT (13.579405960000001 52.443579253000102)","Unfall 235025 (2022) Kat:2, Licht: 0","235025","2","1","0","06","17","1","","0","1","0","0","0"
"POINT (13.347150827000100 52.497453200000102)","Unfall 235026 (2022) Kat:3, Licht: 0","235026","3","5","1","06","15","7","","0","0","1","0","0"
"POINT (13.378518701000100 52.600368542000098)","Unfall 235027 (2022) Kat:3, Licht: 0","235027","3","7","0","07","06","6","","0","0","1","0","0"
"POINT (13.446023538000100 52.482914105000098)","Unfall 235028 (2022) Kat:3, Licht: 0","235028","3","4","6","06","10","3","","0","0","0","1","0"
"POINT (13.258954655000000 52.431776405000100)","Unfall 235029 (2022) Kat:3, Licht: 0","235029","3","1","0","06","08","1","","0","0","0","0","1"
"POINT (13.437370804000100 52.479186303000098)","Unfall 235030 (2022) Kat:3, Licht: 0","235030","3","1","0","06","08","5","","0","1","0","0","0"
"POINT (13.376383760000101 52.510089380000103)","Unfall 235031 (2022) Kat:3, Licht: 0","235031","3","3","5","06","08","4","","0","1","1","0","0"
"POINT (13.266465607000001 52.488600640000101)","Unfall 235032 (2022) Kat:3, Licht: 0","235032","3","3","5","06","17","3","","0","1","1","0","0"
"POINT (13.400206554000000 52.509507472000102)","Unfall 235033 (2022) Kat:3, Licht: 0","235033","3","2","2","06","11","7","","0","1","1","0","0"
"POINT (13.323003179000100 52.490325865000003)","Unfall 235034 (2022) Kat:3, Licht: 0","235034","3","7","0","06","18","5","","0","1","1","0","0"
"POINT (13.577695834000099 52.547838933000001)","Unfall 235035 (2022) Kat:2, Licht: 0","235035","2","4","0","06","18","1","","0","0","0","1","0"
"POINT (13.342127773000101 52.482338647000098)","Unfall 235036 (2022) Kat:3, Licht: 2","235036","3","6","3","07","22","1","","2","1","0","0","0"
"POINT (13.267906287000100 52.406873695999998)","Unfall 235037 (2022) Kat:3, Licht: 0","235037","3","2","5","06","15","4","","0","1","1","0","0"
"POINT (13.365766945000100 52.562929072000003)","Unfall 235038 (2022) Kat:2, Licht: 0","235038","2","7","0","06","19","2","","0","0","0","0","1"
"POINT (13.401167012000000 52.526774760000102)","Unfall 235039 (2022) Kat:3, Licht: 0","235039","3","4","6","07","14","3","","0","0","1","1","0"
"POINT (13.371082491999999 52.422308405000102)","Unfall 235040 (2022) Kat:3, Licht: 0","235040","3","5","0","06","13","6","","0","0","1","0","0"
"POINT (13.180005052000100 52.498283781000097)","Unfall 235041 (2022) Kat:3, Licht: 0","235041","3","6","4","06","17","5","","0","0","1","0","0"
"POINT (13.448589973000001 52.427620144999999)","Unfall 235042 (2022) Kat:3, Licht: 0","235042","3","6","2","06","12","7","","0","0","1","0","1"
"POINT (13.305917425000100 52.620533148000000)","Unfall 235043 (2022) Kat:3, Licht: 0","235043","3","3","5","06","09","3","","0","0","1","0","0"
"POINT (13.565685212000099 52.518998254000103)","Unfall 235044 (2022) Kat:3, Licht: 0","235044","3","7","5","07","07","2","","0","1","0","0","1"