WKT,Name,OBJECTID,UKATEGORIE,UTYP1,UART,UMONAT,USTUNDE,UWOCHENTAG,STRZUSTAND,ULICHTVERH,ISTRAD,ISTPKW,ISTFUSS,ISTKRAD
"POINT (13.630474277000101 52.446664712000000)","Unfall 235045 (2022) Kat:3, Licht: 0","235045","3","5","1","06","12","3","","0","0","1","0","0"
"POINT (13.550866128000100 52.429055366000100)","Unfall 235046 (2022) Kat:2, Licht: 0","235046","2","6","3","06","15","6","","0","1","0","0","0"
"POINT (13.373792935999999 52.556626326000099)","Unfall 235047 (2022) Kat:3, Licht: 2","235047","3","6","2","06","00","6","","2","0","1","0","0"
"POINT (13.513138825000100 52.458374489999997)","Unfall 235048 (2022) Kat:3, Licht: 0","235048","3","3","5","07","11","6","","0","1","1","0","0"
"POINT (13.586866284000100 52.529467967000102)","Unfall 235049 (2022) Kat:2, Licht: 0","235049","2","3","5","06","16","2","","0","0","1","0","0"
"POINT (13.438158810000100 52.417387838000103)","Unfall 235050 (2022) Kat:3, Licht: 2","235050","3","2","2","07","23","7","","2","0","1","0","0"
"POINT (13.430998640000000 52.487647987999999)","Unfall 235051 (2022) Kat:2, Licht: 2","235051","2","1","0","06","23","3","","2","1","0","0","0"
"POINT (13.413210846000000 52.506803376000100)","Unfall 235052 (2022) Kat:3, Licht: 0","235052","3","2","5","06","15","3","","0","0","1","0","1"
"POINT (13.398513734000099 52.387024294000099)","Unfall 235053 (2022) Kat:3, Licht: 2","235053","3","5","5","07","02","7","","2","0","1","0","0"
"POINT (13.264756531000000 52.536899624999997)","Unfall 235054 (2022) Kat:3, Licht: 0","235054","3","3","5","07","13","3","","0","1","0","0","0"
"POINT (13.508903159999999 52.452672549000098)","Unfall 235055 (2022) Kat:2, Licht: 0","235055","2","4","6","06","13","5","","0","0","1","1","0"
"POINT (13.360429457000100 52.417795415999997)","Unfall 235056 (2022) Kat:3, Licht: 0","235056","3","6","2","07","06","5","","0","0","1","0","0"
"POINT (13.260396865000100 52.537202129000001)","Unfall 235057 (2022) Kat:3, Licht: 0","235057","3","5","1","06","12","6","","0","0","1","0","0"
"POINT (13.344898414999999 52.489055479000100)","Unfall 235058 (2022) Kat:3, Licht: 0","235058","3","3","5","06","17","3","","0","0","1","0","0"
"POINT (13.261965978999999 52.501044280000002)","Unfall 235059 (2022) Kat:3, Licht: 0","235059","3","3","5","07","08","2","","0","1","1","0","0"
"POINT (13.333710369000100 52.495194346000098)","Unfall 235060 (2022) Kat:3, Licht: 0","235060","3","6","2","07","11","2","","0","0","1","0","0"
"POINT (13.461249033000099 52.529769311999999)","Unfall 235061 (2022) Kat:2, Licht: 0","235061","2","7","9","06","14","3","","0","0","1","0","0"
"POINT (13.216629565000099 52.424208126000103)","Unfall 235062 (2022) Kat:3, Licht: 0","235062","3","3","5","06","08","6","","0","1","1","0","0"
"POINT (13.444940935000000 52.462460185000097)","Unfall 235063 (2022) Kat:3, Licht: 0","235063","3","2","5","06","19","6","","0","1","1","0","0"
"POINT (13.468376554000001 52.544810476000102)","Unfall 235064 (2022) Kat:2, Licht: 0","235064","2","4","6","07","18","6","","0","0","1","1","0"
"POINT (13.377095934000099 52.553741886000097)","Unfall 235065 (2022) Kat:3, Licht: 0","235065","3","2","5","06","17","2","","0","0","1","0","0"
"POINT (13.322392498999999 52.486359849000102)","Unfall 235066 (2022) Kat:3, Licht: 1","235066","3","2","5","07","18","7","","1","1","1","0","0"
"POINT (13.441053976999999 52.501544996000099)","Unfall 235067 (2022) Kat:3, Licht: 0","235067","3","5","1","06","08","3","","0","1","1","0","0"
"POINT (13.378496888000001 52.445341687999999)","Unfall 235068 (2022) Kat:3, Licht: 0","235068","3","5","1","06","14","3","","0","0","1","0","0"
"POINT (13.458810288000100 52.526647717000102)","Unfall 235069 (2022) Kat:2, Licht: 0","235069","2","4","6","07","11","7","","0","0","1","1","0"
"POINT (13.350910483000099 52.539343249000098)","Unfall 235070 (2022) Kat:3, Licht: 0","235070","3","1","0","07","11","3","","0","1","0","0","0"
"POINT (13.312679413000099 52.489726867999998)","Unfall 235071 (2022) Kat:3, Licht: 0","235071","3","3","5","06","19","5","","0","1","1","0","0"
"POINT (13.365065845000100 52.478656279000099)","Unfall 235072 (2022) Kat:3, Licht: 0","235072","3","1","0","07","14","4","","0","0","1","0","0"
"POINT (13.421207708000100 52.509840490999999)","Unfall 235073 (2022) Kat:3, Licht: 0","235073","3","2","2","06","12","6","","0","1","0","0","0"
"POINT (13.360451621999999 52.410508654000097)","Unfall 235074 (2022) Kat:3, Licht: 0","235074","3","4","6","06","12","3","","0","0","1","1","0"
"POINT (13.277313863000099 52.464943111000103)","Unfall 235075 (2022) Kat:3, Licht: 0","235075","3","4","6","07","10","2","","0","0","1","1","0"
"POINT (13.368552096000000 52.574385960000001)","Unfall 235076 (2022) Kat:3, Licht: 0","235076","3","1","0","06","15","2","","0","1","0","0","0"
"POINT (13.367548311000100 52.586443719000002)","Unfall 235077 (2022) Kat:3, Licht: 0","235077","3","2","5","07","15","6","","0","1","1","0","0"
"POINT (13.412680941000101 52.532430855000001)","Unfall 235078 (2022) Kat:3, Licht: 0","235078","3","6","2","06","16","4","","0","1","1","0","0"
"POINT (13.445532205000100 52.501663638000103)","Unfall 235079 (2022) Kat:3, Licht: 0","235079","3","6","2","06","17","2","","0","0","1","0","0"
"POINT (13.552320141000100 52.439455345000098)","Unfall 235080 (2022) Kat:3, Licht: 0","235080","3","3","5","06","15","5","","0","1","1","0","0"
"POINT (13.530725979000101 52.510173794000103)","Unfall 235081 (2022) Kat:3, Licht: 0","235081","3","3","5","07","14","6","","0","1","1","0","0"
"POINT (13.475270135000100 52.438567179000103)","Unfall 235082 (2022) Kat:3, Licht: 0","235082","3","6","4","07","07","2","","0","1","0","0","0"
"POINT (13.275526855000100 52.478414305000101)","Unfall 235083 (2022) Kat:3, Licht: 0","235083","3","3","5","06","16","4","","0","1","1","0","0"
"POINT (13.407918359000099 52.509986298999998)","Unfall 235084 (2022) Kat:3, Licht: 0","235084","3","5","1","06","10","4","","0","1","1","0","0"
"POINT (13.588892621000101 52.537775522000103)","Unfall 235085 (2022) Kat:3, Licht: 0","235085","3","7","2","06","12","7","","0","0","1","0","0"
"POINT (13.160500453000100 52.533262711000098)","Unfall 235086 (2022) Kat:3, Licht: 0","235086","3","6","2","06","11","6","","0","0","1","0","0"
"POINT (13.452548623000000 52.554611809999997)","Unfall 235087 (2022) Kat:3, Licht: 0","235087","3","5","0","06","13","1","","0","0","1","0","0"
"POINT (13.400519068000101 52.490488032000002)","Unfall 235088 (2022) Kat:3, Licht: 0","235088","3","3","5","06","08","2","","0","0","1","0","0"
"POINT (13.315943603000100 52.440515570999999)","Unfall 235089 (2022) Kat:3, Licht: 0","235089","3","3","5","07","07","4","","0","1","0","0","1"
"POINT (13.421645913000100 52.413971463999999)","Unfall 235090 (2022) Kat:3, Licht: 1","235090","3","4","6","06","19","7","","1","0","1","1","0"
"POINT (13.525245391000100 52.480645890000098)","Unfall 235091 (2022) Kat:2, Licht: 0","235091","2","1","0","06","06","5","","0","0","0","0","1"
"POINT (13.411746893000000 52.523965226000001)","Unfall 235092 (2022) Kat:3, Licht: 0","235092","3","2","5","06","06","4","","0","0","1","0","0"
"POINT (13.469985081000100 52.512340370000103)","Unfall 235093 (2022) Kat:3, Licht: 2","235093","3","3","5","06","00","1","","2","0","1","0","1"
"POINT (13.161091737000000 52.525273497999997)","Unfall 235094 (2022) Kat:3, Licht: 0","235094","3","3","5","06","09","4","","0","1","1","0","0"
"POINT (13.400679868000100 52.540987659999999)","Unfall 235095 (2022) Kat:3, Licht: 0","235095","3","5","1","06","13","4","","0","1","0","0","0"
"POINT (13.326209806000101 52.434699662000099)","Unfall 235096 (2022) Kat:3, Licht: 0","235096","3","5","1","06","07","4","","0","1","1","0","0"
"POINT (13.296340232000000 52.517699071000003)","Unfall 235097 (2022) Kat:3, Licht: 0","235097","3","3","5","06","17","7","","0","1","0","0","0"
"POINT (13.403922296000101 52.495322423000097)","Unfall 235098 (2022) Kat:3, Licht: 0","235098","3","2","5","06","14","5","","0","1","1","0","0"
"POINT (13.554357911000100 52.447672081000100)","Unfall 235099 (2022) Kat:3, Licht: 2","235099","3","2","5","06","00","1","","2","0","1","0","0"
"POINT (13.351897137000000 52.596456037000102)","Unfall 235100 (2022) Kat:3, Licht: 0","235100","3","7","6","07","20","1","","0","0","0","1","0"
"POINT (13.467029803999999 52.512744036000100)","Unfall 235101 (2022) Kat:3, Licht: 0","235101","3","3","5","06","08","4","","0","1","0","0","0"
"POINT (13.330039469999999 52.429151397000098)","Unfall 235102 (2022) Kat:3, Licht: 0","235102","3","6","2","07","16","3","","0","0","1","0","0"
"POINT (13.216177613000101 52.509817974999997)","Unfall 235103 (2022) Kat:3, Licht: 0","235103","3","6","2","06","08","6","","0","1","1","0","0"
"POINT (13.343364866000099 52.531872297000099)","Unfall 235104 (2022) Kat:3, Licht: 0","235104","3","2","5","06","17","5","","0","1","1","0","0"
"POINT (13.588804294000100 52.536829069000099)","Unfall 235105 (2022) Kat:3, Licht: 0","235105","3","7","2","06","10","7","","0","0","0","0","1"
"POINT (13.411445420000099 52.439017138000096)","Unfall 235106 (2022) Kat:2, Licht: 0","235106","2","7","0","06","12","3","","0","0","1","0","0"
"POINT (13.396033090000101 52.538273754999999)","Unfall 235107 (2022) Kat:3, Licht: 0","235107","3","2","5","07","09","2","","0","0","1","0","0"
"POINT (13.321338357000100 52.443974021000002)","Unfall 235108 (2022) Kat:3, Licht: 0","235108","3","2","5","06","07","6","","0","1","1","0","0"
"POINT (13.457124633999999 52.473342595000098)","Unfall 235109 (2022) Kat:3, Licht: 0","235109","3","6","3","06","18","6","","0","0","1","0","0"
"POINT (13.349692395000000 52.542171908999997)","Unfall 235110 (2022) Kat:3, Licht: 0","235110","3","2","3","07","21","6","","0","0","1","0","1"
"POINT (13.513971225000001 52.446344940000102)","Unfall 235111 (2022) Kat:3, Licht: 0","235111","3","6","2","06","11","3","","0","0","1","0","1"
"POINT (13.335656094999999 52.541999122999997)","Unfall 235112 (2022) Kat:3, Licht: 2","235112","3","3","5","07","22","7","","2","0","1","0","0"
"POINT (13.387078632000099 52.527219559000102)","Unfall 235113 (2022) Kat:2, Licht: 0","235113","2","2","2","06","07","4","","0","1","0","0","0"
"POINT (13.353255259000001 52.441479133000001)","Unfall 235114 (2022) Kat:3, Licht: 0","235114","3","1","0","06","15","2","","0","0","0","0","0"
"POINT (13.605603525999999 52.487788788000003)","Unfall 235115 (2022) Kat:3, Licht: 0","235115","3","3","5","07","10","6","","0","1","1","0","0"
"POINT (13.319105896000099 52.454085361000097)","Unfall 235116 (2022) Kat:3, Licht: 0","235116","3","3","5","07","09","3","","0","1","1","0","0"
"POINT (13.466211414000000 52.550481585000099)","Unfall 235117 (2022) Kat:2, Licht: 0","235117","2","3","5","06","18","5","","0","1","0","0","0"
"POINT (13.263116341000099 52.548477901000098)","Unfall 235118 (2022) Kat:3, Licht: 0","235118","3","3","5","06","17","4","","0","0","1","0","0"
"POINT (13.559145566000000 52.448383356000100)","Unfall 235119 (2022) Kat:3, Licht: 0","235119","3","6","2","07","11","5","","0","0","1","0","0"
"POINT (13.427599599000100 52.602900598000097)","Unfall 235120 (2022) Kat:3, Licht: 0","235120","3","6","6","06","15","6","","0","1","0","1","0"
"POINT (13.546738425999999 52.432690837000102)","Unfall 235121 (2022) Kat:3, Licht: 0","235121","3","2","5","06","12","3","","0","0","1","0","1"
"POINT (13.431663910000101 52.466914402000000)","Unfall 235122 (2022) Kat:3, Licht: 0","235122","3","4","6","07","15","7","","0","0","1","1","0"
"POINT (13.259286556000101 52.545071393000100)","Unfall 235123 (2022) Kat:3, Licht: 0","235123","3","7","2","06","12","2","","0","0","1","0","0"
"POINT (13.327537531000100 52.608905316000097)","Unfall 235124 (2022) Kat:3, Licht: 0","235124","3","2","5","06","17","1","","0","1","1","0","0"
"POINT (13.217357028000000 52.537808957999999)","Unfall 235125 (2022) Kat:3, Licht: 0","235125","3","6","3","07","21","6","","0","0","1","0","0"
"POINT (13.440799060000099 52.546568314000098)","Unfall 235126 (2022) Kat:3, Licht: 0","235126","3","6","2","06","16","4","","0","0","1","0","0"
"POINT (13.514145917000100 52.462427742999999)","Unfall 235127 (2022) Kat:3, Licht: 2","235127","3","2","5","06","01","1","","2","0","1","0","0"
"POINT (13.457806949000000 52.430442984000102)","Unfall 235128 (2022) Kat:3, Licht: 0","235128","3","4","6","06","16","5","","0","0","1","1","0"
"POINT (13.370853249000000 52.491976834000099)","Unfall 235129 (2022) Kat:3, Licht: 1","235129","3","7","5","07","21","5","","1","0","1","0","1"
"POINT (13.332402377000101 52.606216120000099)","Unfall 235130 (2022) Kat:3, Licht: 0","235130","3","3","5","07","08","2","","0","1","1","0","0"
"POINT (13.476024375000099 52.440432154000099)","Unfall 235131 (2022) Kat:3, Licht: 0","235131","3","3","5","06","10","4","","0","0","1","0","0"
"POINT (13.382405053000101 52.480251069000097)","Unfall 235132 (2022) Kat:3, Licht: 0","235132","3","1","9","06","20","7","","0","0","0","0","0"
"POINT (13.576448408999999 52.513145186000003)","Unfall 235133 (2022) Kat:3, Licht: 0","235133","3","3","5","06","06","5","","0","1","1","0","0"
"POINT (13.370492645000100 52.451807470000098)","Unfall 235134 (2022) Kat:3, Licht: 1","235134","3","1","9","06","04","2","","1","0","1","0","0"
"POINT (13.403255618999999 52.386640497000002)","Unfall 235135 (2022) Kat:3, Licht: 0","235135","3","2","5","07","17","2","","0","1","1","0","0"
"POINT (13.464552448000100 52.470302936000103)","Unfall 235136 (2022) Kat:3, Licht: 0","235136","3","3","5","06","10","2","","0","0","1","0","0"
"POINT (13.383357184999999 52.548580043000101)","Unfall 235137 (2022) Kat:3, Licht: 0","235137","3","3","5","07","18","4","","0","1","1","0","0"
"POINT (13.505986661000099 52.492092564000103)","Unfall 235138 (2022) Kat:3, Licht: 0","235138","3","3","5","06","17","7","","0","1","1","0","0"
"POINT (13.557368320000000 52.435481887999998)","Unfall 235139 (2022) Kat:3, Licht: 0","235139","3","3","5","07","16","6","","0","0","1","0","0"
"POINT (13.519164095000100 52.513465274000097)","Unfall 235140 (2022) Kat:3, Licht: 0","235140","3","2","5","06","16","3","","0","0","1","0","0"
"POINT (13.383246814000101 52.493753372000100)","Unfall 235141 (2022) Kat:2, Licht: 2","235141","2","1","1","06","01","7","","2","0","1","0","1"
"POINT (13.613093085999999 52.508646073000101)","Unfall 235142 (2022) Kat:3, Licht: 0","235142","3","3","0","06","06","4","","0","0","1","0","1"
"POINT (13.259600122000100 52.433237833000099)","Unfall 235143 (2022) Kat:3, Licht: 0","235143","3","2","5","07","12","3","","0","1","1","0","0"
"POINT (13.421385821000101 52.452185254000000)","Unfall 235144 (2022) Kat:3, Licht: 0","235144","3","3","5","06","11","2","","0","0","0","0","0"
"POINT (13.376244572000100 52.553670463000103)","Unfall 235145 (2022) Kat:3, Licht: 0","235145","3","6","2","07","15","6","","0","0","1","0","0"
"POINT (13.477485156000100 52.533205414000101)","Unfall 235146 (2022) Kat:3, Licht: 0","235146","3","6","2","06","19","4","","0","0","1","0","0"
"POINT (13.290935757000099 52.597399033999999)","Unfall 235147 (2022) Kat:3, Licht: 0","235147","3","1","0","06","09","2","","0","0","1","0","0"
"POINT (13.384759065000001 52.539914967000101)","Unfall 235148 (2022) Kat:3, Licht: 0","235148","3","1","1","06","12","5","","0","0","1","0","0"
"POINT (13.405324115000001 52.534223171000100)","Unfall 235149 (2022) Kat:3, Licht: 1","235149","3","1","0","07","20","5","","1","1","0","0","0"
"POINT (13.506566489000001 52.512317731000103)","Unfall 235150 (2022) Kat:3, Licht: 0","235150","3","5","1","07","19","2","","0","1","1","0","0"
"POINT (13.458849288000099 52.511425991000102)","Unfall 235151 (2022) Kat:3, Licht: 0","235151","3","2","5","06","18","5","","0","1","1","0","0"
"POINT (13.481151719000000 52.460798585000099)","Unfall 235152 (2022) Kat:2, Licht: 0","235152","2","2","5","06","15","1","","0","0","1","0","1"
"POINT (13.462247398000001 52.432639972000104)","Unfall 235153 (2022) Kat:3, Licht: 0","235153","3","2","0","06","11","6","","0","0","1","0","1"
"POINT (13.468461396000100 52.544582385000098)","Unfall 235154 (2022) Kat:3, Licht: 0","235154","3","4","6","06","15","2","","0","0","1","1","0"
"POINT (13.437593155000100 52.503349024999999)","Unfall 235155 (2022) Kat:3, Licht: 0","235155","3","7","2","06","11","2","","0","1","1","0","0"
"POINT (13.420057910000001 52.538146640000001)","Unfall 235156 (2022) Kat:3, Licht: 0","235156","3","2","5","07","13","4","","0","1","0","0","0"
"POINT (13.379815571000099 52.521507634000002)","Unfall 235157 (2022) Kat:3, Licht: 0","235157","3","5","1","06","16","6","","0","1","1","0","0"
"POINT (13.397114364000100 52.566864654000000)","Unfall 235158 (2022) Kat:3, Licht: 0","235158","3","6","3","06","16","5","","0","1","0","0","0"
"POINT (13.298769713000100 52.421790697000098)","Unfall 235159 (2022) Kat:3, Licht: 0","235159","3","7","5","06","10","3","","0","0","1","0","1"
"POINT (13.334482413000000 52.541457696000101)","Unfall 235160 (2022) Kat:3, Licht: 0","235160","3","6","2","06","18","7","","0","0","1","0","0"
"POINT (13.333744468000100 52.521231700000001)","Unfall 235161 (2022) Kat:3, Licht: 0","235161","3","2","0","06","11","4","","0","1","0","0","0"
"POINT (13.425644250000101 52.478984547000003)","Unfall 235162 (2022) Kat:3, Licht: 0","235162","3","6","3","06","19","3","","0","1","0","0","0"
"POINT (13.370859830000001 52.518581036000100)","Unfall 235163 (2022) Kat:3, Licht: 0","235163","3","7","6","06","15","7","","0","0","0","1","0"
"POINT (13.356630813000001 52.504769730000099)","Unfall 235164 (2022) Kat:3, Licht: 0","235164","3","2","5","06","15","4","","0","1","0","0","0"
"POINT (13.327192985000099 52.563225868000103)","Unfall 235165 (2022) Kat:3, Licht: 0","235165","3","6","0","06","19","7","","0","0","0","0","0"
"POINT (13.424264066999999 52.552117234000001)","Unfall 235166 (2022) Kat:3, Licht: 2","235166","3","6","0","06","01","3","","2","1","1","0","0"
"POINT (13.433687088999999 52.422520497999997)","Unfall 235167 (2022) Kat:3, Licht: 0","235167","3","6","0","07","21","1","","0","1","1","0","0"
"POINT (13.301345476000099 52.437865831000103)","Unfall 235168 (2022) Kat:3, Licht: 0","235168","3","5","1","06","11","4","","0","0","1","0","0"
"POINT (13.505702862000000 52.443806668000001)","Unfall 235169 (2022) Kat:3, Licht: 0","235169","3","1","1","07","13","4","","0","1","1","0","0"
"POINT (13.336568646000000 52.430065775000102)","Unfall 235170 (2022) Kat:2, Licht: 0","235170","2","5","1","06","15","6","","0","0","1","0","0"
"POINT (13.513245006000000 52.464558774000103)","Unfall 235171 (2022) Kat:3, Licht: 0","235171","3","1","0","06","13","5","","0","0","0","0","1"
"POINT (13.337267035000000 52.595811089000101)","Unfall 235172 (2022) Kat:3, Licht: 0","235172","3","7","6","06","11","7","","0","0","1","1","0"
"POINT (13.289481027000001 52.486395049000102)","Unfall 235173 (2022) Kat:3, Licht: 0","235173","3","3","5","06","17","3","","0","1","1","0","0"
"POINT (13.408778818000000 52.522853302999998)","Unfall 235174 (2022) Kat:3, Licht: 0","235174","3","3","5","07","09","2","","0","0","1","0","1"
"POINT (13.591952944000100 52.538263231000002)","Unfall 235175 (2022) Kat:3, Licht: 0","235175","3","2","5","06","08","6","","0","1","1","0","0"
"POINT (13.418220411000000 52.517385364000098)","Unfall 235176 (2022) Kat:3, Licht: 0","235176","3","2","5","06","11","6","","0","1","1","0","0"
"POINT (13.270578193000100 52.451016606000103)","Unfall 235177 (2022) Kat:3, Licht: 0","235177","3","2","5","06","07","2","","0","1","1","0","0"
"POINT (13.405670261000100 52.514119133000101)","Unfall 235178 (2022) Kat:3, Licht: 0","235178","3","1","0","07","15","1","","0","0","0","0","1"
"POINT (13.420347065000000 52.548776024000098)","Unfall 235179 (2022) Kat:3, Licht: 0","235179","3","6","3","06","16","3","","0","1","1","0","0"
"POINT (13.284206125000001 52.485299541000103)","Unfall 235180 (2022) Kat:3, Licht: 0","235180","3","3","5","06","18","2","","0","1","1","0","0"
"POINT (13.499228429000000 52.518073279000099)","Unfall 235181 (2022) Kat:3, Licht: 0","235181","3","2","5","06","11","6","","0","1","1","0","0"
"POINT (13.509970506000100 52.438242935000098)","Unfall 235182 (2022) Kat:2, Licht: 0","235182","2","1","0","07","17","6","","0","1","0","0","0"
"POINT (13.424753555000100 52.480605825000097)","Unfall 235183 (2022) Kat:3, Licht: 0","235183","3","6","2","07","16","3","","0","0","1","0","0"
"POINT (13.380443232000101 52.535763330000101)","Unfall 235184 (2022) Kat:3, Licht: 0","235184","3","6","2","06","19","5","","0","1","1","0","0"
"POINT (13.203139744000101 52.535261176000098)","Unfall 235185 (2022) Kat:3, Licht: 0","235185","3","4","6","06","10","4","","0","0","1","1","0"
"POINT (13.349273046000100 52.503177467000100)","Unfall 235186 (2022) Kat:3, Licht: 0","235186","3","6","2","07","10","5","","0","0","1","0","0"
"POINT (13.436606543000000 52.449441761000102)","Unfall 235187 (2022) Kat:3, Licht: 0","235187","3","3","5","06","15","6","","0","0","1","0","1"
"POINT (13.393542909000100 52.526393331000101)","Unfall 235188 (2022) Kat:3, Licht: 0","235188","3","2","5","06","18","3","","0","1","1","0","0"
"POINT (13.442148091000000 52.568540470000102)","Unfall 235189 (2022) Kat:2, Licht: 0","235189","2","4","6","07","11","1","","0","1","0","1","0"
"POINT (13.360881544000099 52.446834969000101)","Unfall 235190 (2022) Kat:2, Licht: 0","235190","2","7","5","06","06","7","","0","0","1","0","0"
"POINT (13.194654952000100 52.534021365000100)","Unfall 235191 (2022) Kat:3, Licht: 0","235191","3","1","0","06","11","5","","0","1","0","0","0"
"POINT (13.341359613000099 52.488621692000002)","Unfall 235192 (2022) Kat:3, Licht: 0","235192","3","6","2","06","16","3","","0","1","1","0","0"
"POINT (13.575489862000000 52.558133175000101)","Unfall 235193 (2022) Kat:3, Licht: 0","235193","3","3","5","06","08","1","","0","1","1","0","0"
"POINT (13.350827778000101 52.512049554000001)","Unfall 235194 (2022) Kat:2, Licht: 0","235194","2","3","5","06","14","4","","0","1","1","0","0"
"POINT (13.429434084000000 52.521285069999998)","Unfall 235195 (2022) Kat:3, Licht: 0","235195","3","3","5","07","13","5","","0","1","1","0","0"
"POINT (13.424562969000000 52.506545158000101)","Unfall 235196 (2022) Kat:3, Licht: 0","235196","3","7","0","07","08","2","","0","1","0","0","0"
"POINT (13.433298786000000 52.444072163999998)","Unfall 235197 (2022) Kat:3, Licht: 0","235197","3","1","8","06","17","4","","0","0","1","0","0"
"POINT (13.453392557000001 52.593302768000100)","Unfall 235198 (2022) Kat:2, Licht: 0","235198","2","1","0","06","19","3","","0","0","0","0","1"
"POINT (13.280470004000099 52.477430962000000)","Unfall 235199 (2022) Kat:3, Licht: 0","235199","3","3","5","06","12","1","","0","0","1","0","0"
"POINT (13.366501851000100 52.495260550000097)","Unfall 235200 (2022) Kat:3, Licht: 2","235200","3","1","0","06","01","5","","2","1","0","0","0"
"POINT (13.406347836000100 52.554405164999999)","Unfall 235201 (2022) Kat:3, Licht: 0","235201","3","2","5","06","18","2","","0","1","1","0","0"
"POINT (13.551830529000000 52.545625051000101)","Unfall 235202 (2022) Kat:3, Licht: 0","235202","3","3","5","07","11","2","","0","0","1","0","0"
"POINT (13.397989678000000 52.584862701000098)","Unfall 235203 (2022) Kat:3, Licht: 0","235203","3","3","5","06","07","2","","0","0","1","0","0"
"POINT (13.444751038000000 52.517799685999996)","Unfall 235204 (2022) Kat:3, Licht: 0","235204","3","2","0","07","19","3","","0","1","0","0","0"
"POINT (13.486402885000100 52.551323083000099)","Unfall 235205 (2022) Kat:3, Licht: 0","235205","3","7","1","06","14","6","","0","0","1","0","0"
"POINT (13.156574516999999 52.517747099000097)","Unfall 235206 (2022) Kat:3, Licht: 0","235206","3","1","0","06","20","5","","0","0","0","0","0"
"POINT (13.295563082999999 52.496001886000002)","Unfall 235207 (2022) Kat:3, Licht: 0","235207","3","7","5","06","08","7","","0","1","1","0","0"
"POINT (13.413873233000100 52.552120183000099)","Unfall 235208 (2022) Kat:3, Licht: 0","235208","3","3","0","06","15","4","","0","1","1","0","0"
"POINT (13.369841300000100 52.559737124000002)","Unfall 235209 (2022) Kat:3, Licht: 2","235209","3","2","5","06","00","3","","2","0","1","0","0"
"POINT (13.595751157000100 52.498865100000003)","Unfall 235210 (2022) Kat:2, Licht: 2","235210","2","1","0","06","23","7","","2","1","0","0","0"
"POINT (13.344968449000000 52.485451136999998)","Unfall 235211 (2022) Kat:2, Licht: 0","235211","2","4","6","06","13","7","","0","0","1","1","0"
"POINT (13.392405687000100 52.507812898000097)","Unfall 235212 (2022) Kat:3, Licht: 0","235212","3","3","5","06","11","2","","0","0","1","0","0"
"POINT (13.205280211000099 52.529802101000001)","Unfall 235213 (2022) Kat:3, Licht: 0","235213","3","5","3","07","12","7","","0","0","1","0","1"
"POINT (13.363060373000099 52.548766485999998)","Unfall 235214 (2022) Kat:3, Licht: 0","235214","3","3","5","06","08","4","","0","0","1","0","1"
"POINT (13.448974987000000 52.524308826999999)","Unfall 235215 (2022) Kat:3, Licht: 0","235215","3","3","5","07","08","3","","0","1","1","0","0"
"POINT (13.539268648000100 52.540004013999997)","Unfall 235216 (2022) Kat:3, Licht: 0","235216","3","6","3","06","17","5","","0","1","0","0","0"
"POINT (13.337479812000000 52.558767083000099)","Unfall 235217 (2022) Kat:3, Licht: 0","235217","3","6","2","07","08","4","","0","0","1","0","0"
"POINT (13.409341574000100 52.507872306000102)","Unfall 235218 (2022) Kat:3, Licht: 0","235218","3","5","0","06","12","6","","0","1","1","0","0"
"POINT (13.440653608000000 52.517164649999998)","Unfall 235219 (2022) Kat:3, Licht: 0","235219","3","3","5","06","04","3","","0","0","1","0","0"
"POINT (13.614333579000100 52.447305935000003)","Unfall 235220 (2022) Kat:3, Licht: 0","235220","3","2","5","07","13","3","","0","1","1","0","0"
"POINT (13.344943981000000 52.480032586000000)","Unfall 235221 (2022) Kat:3, Licht: 0","235221","3","2","5","06","13","6","","0","1","1","0","0"
"POINT (13.505071282000101 52.534538267000102)","Unfall 235222 (2022) Kat:3, Licht: 0","235222","3","6","2","06","18","1","","0","0","1","0","0"
"POINT (13.405117677000000 52.406943985000098)","Unfall 235223 (2022) Kat:2, Licht: 0","235223","2","3","5","07","16","7","","0","0","1","0","1"
"POINT (13.330386966000001 52.478640875000103)","Unfall 235224 (2022) Kat:3, Licht: 0","235224","3","7","5","06","14","4","","0","0","1","0","0"
"POINT (13.488064051000000 52.400482171000100)","Unfall 235225 (2022) Kat:3, Licht: 0","235225","3","3","5","06","08","2","","0","1","1","0","0"
"POINT (13.380748626000100 52.523705408000097)","Unfall 235226 (2022) Kat:3, Licht: 0","235226","3","4","6","07","10","4","","0","0","1","1","0"
"POINT (13.333925763000000 52.492730893000001)","Unfall 235227 (2022) Kat:3, Licht: 0","235227","3","5","1","08","07","6","","0","1","1","0","0"
"POINT (13.328458161000100 52.464820040000099)","Unfall 235228 (2022) Kat:3, Licht: 0","235228","3","2","5","08","18","2","","0","1","1","0","0"
"POINT (13.424297943000100 52.582179312999997)","Unfall 235229 (2022) Kat:3, Licht: 0","235229","3","7","1","07","12","6","","0","0","1","0","0"
"POINT (13.464729090000001 52.514589113000099)","Unfall 235230 (2022) Kat:2, Licht: 0","235230","2","6","3","08","16","4","","0","1","0","0","0"
"POINT (13.392126335000100 52.507796157000001)","Unfall 235231 (2022) Kat:3, Licht: 0","235231","3","3","5","09","15","5","","0","1","1","0","0"