WKT,Name,OBJECTID,UKATEGORIE,UTYP1,UART,UMONAT,USTUNDE,UWOCHENTAG,STRZUSTAND,ULICHTVERH,ISTRAD,ISTPKW,ISTFUSS,ISTKRAD
"POINT (13.339479902000100 52.464931042000003)","Unfall 235232 (2022) Kat:3, Licht: 0","235232","3","1","0","08","11","3","","0","0","0","0","0"
"POINT (13.247713049000000 52.467628865999998)","Unfall 235233 (2022) Kat:3, Licht: 2","235233","3","1","0","09","00","7","","2","1","0","0","0"
"POINT (13.265284459000000 52.484258890000000)","Unfall 235234 (2022) Kat:3, Licht: 0","235234","3","3","5","08","06","3","","0","1","1","0","0"
"POINT (13.505099200000100 52.412307348000098)","Unfall 235235 (2022) Kat:3, Licht: 2","235235","3","3","5","09","20","5","","2","0","1","0","0"
"POINT (13.395026454000099 52.496446171000102)","Unfall 235236 (2022) Kat:3, Licht: 0","235236","3","6","2","09","16","3","","0","0","1","0","0"
"POINT (13.560031020000100 52.405185464000098)","Unfall 235237 (2022) Kat:3, Licht: 0","235237","3","2","5","08","08","5","","0","0","1","0","1"
"POINT (13.364236131000000 52.485099269999999)","Unfall 235238 (2022) Kat:3, Licht: 0","235238","3","6","3","08","15","2","","0","1","0","0","0"
"POINT (13.311876470000101 52.420152041000101)","Unfall 235239 (2022) Kat:3, Licht: 0","235239","3","5","0","07","12","4","","0","0","1","0","0"
"POINT (13.440293059000100 52.417548263000100)","Unfall 235240 (2022) Kat:2, Licht: 2","235240","2","3","5","08","03","4","","2","0","1","0","0"
"POINT (13.738698202000000 52.428846179000097)","Unfall 235241 (2022) Kat:3, Licht: 0","235241","3","7","0","08","19","6","","0","1","0","0","0"
"POINT (13.591581333000001 52.544825695999997)","Unfall 235242 (2022) Kat:2, Licht: 2","235242","2","2","5","07","23","1","","2","0","1","0","0"
"POINT (13.318557137000001 52.418987189000099)","Unfall 235243 (2022) Kat:3, Licht: 0","235243","3","1","0","08","17","1","","0","0","0","0","1"
"POINT (13.629485702000100 52.446676019999998)","Unfall 235244 (2022) Kat:3, Licht: 0","235244","3","5","0","08","09","4","","0","0","0","0","0"
"POINT (13.295945929000000 52.443662124000099)","Unfall 235245 (2022) Kat:3, Licht: 0","235245","3","6","2","09","14","5","","0","1","1","0","0"
"POINT (13.401320816000100 52.529725187000103)","Unfall 235246 (2022) Kat:3, Licht: 0","235246","3","1","0","08","11","2","","0","0","0","0","1"
"POINT (13.561552624000100 52.507236779000003)","Unfall 235247 (2022) Kat:3, Licht: 0","235247","3","2","5","08","12","4","","0","1","1","0","0"
"POINT (13.283376397000000 52.594304356000102)","Unfall 235248 (2022) Kat:2, Licht: 0","235248","2","6","2","08","15","4","","0","0","1","0","1"
"POINT (13.455834453000000 52.473819164000098)","Unfall 235249 (2022) Kat:2, Licht: 0","235249","2","2","5","07","10","2","","0","1","0","0","0"
"POINT (13.370802368000099 52.409279943000101)","Unfall 235250 (2022) Kat:3, Licht: 0","235250","3","2","5","08","14","6","","0","0","1","0","1"
"POINT (13.269245727000101 52.537768003000103)","Unfall 235251 (2022) Kat:3, Licht: 0","235251","3","3","5","09","19","2","","0","0","1","0","0"
"POINT (13.382406886000100 52.519263131999999)","Unfall 235252 (2022) Kat:3, Licht: 0","235252","3","3","5","08","19","5","","0","0","1","0","0"
"POINT (13.395382669000099 52.496939652999998)","Unfall 235253 (2022) Kat:3, Licht: 0","235253","3","3","5","07","17","4","","0","1","1","0","0"
"POINT (13.385992484000001 52.484873132000097)","Unfall 235254 (2022) Kat:3, Licht: 0","235254","3","3","5","08","15","1","","0","1","1","0","0"
"POINT (13.468437700999999 52.544646086000100)","Unfall 235255 (2022) Kat:3, Licht: 0","235255","3","4","6","07","10","7","","0","0","1","1","0"
"POINT (13.409082658000001 52.393994345000102)","Unfall 235256 (2022) Kat:3, Licht: 0","235256","3","3","5","08","12","5","","0","1","0","0","1"
"POINT (13.402755962000100 52.596780330999998)","Unfall 235257 (2022) Kat:2, Licht: 0","235257","2","4","6","08","19","5","","0","0","1","1","0"
"POINT (13.207789333000100 52.528561684000103)","Unfall 235258 (2022) Kat:3, Licht: 0","235258","3","2","0","07","13","6","","0","0","0","0","1"
"POINT (13.259088081000099 52.521762174000102)","Unfall 235259 (2022) Kat:3, Licht: 0","235259","3","2","0","08","14","3","","0","0","1","0","0"
"POINT (13.400688317000100 52.459209862000101)","Unfall 235260 (2022) Kat:2, Licht: 0","235260","2","6","3","09","16","4","","0","1","0","0","0"
"POINT (13.576701329000100 52.422211940000103)","Unfall 235261 (2022) Kat:3, Licht: 0","235261","3","1","0","08","19","7","","0","1","0","0","0"
"POINT (13.410803128000101 52.414024525999999)","Unfall 235262 (2022) Kat:3, Licht: 0","235262","3","3","5","08","11","4","","0","0","1","0","0"
"POINT (13.611907314000099 52.496659868999998)","Unfall 235263 (2022) Kat:3, Licht: 0","235263","3","2","5","08","08","4","","0","1","1","0","0"
"POINT (13.391211225000101 52.507740841999997)","Unfall 235264 (2022) Kat:3, Licht: 0","235264","3","5","1","07","13","7","","0","1","1","0","0"
"POINT (13.309597082000000 52.475062018000102)","Unfall 235265 (2022) Kat:3, Licht: 0","235265","3","5","1","09","08","6","","0","1","1","0","0"
"POINT (13.397983511000101 52.523739415000101)","Unfall 235266 (2022) Kat:3, Licht: 0","235266","3","1","0","08","10","6","","0","1","0","0","0"
"POINT (13.293435307999999 52.578012743999999)","Unfall 235267 (2022) Kat:3, Licht: 0","235267","3","6","0","08","11","4","","0","0","1","0","0"
"POINT (13.172635977000001 52.533596116000098)","Unfall 235268 (2022) Kat:3, Licht: 0","235268","3","2","5","07","14","3","","0","1","0","0","0"
"POINT (13.415977965000000 52.521863126000000)","Unfall 235269 (2022) Kat:3, Licht: 0","235269","3","6","3","07","09","4","","0","0","1","0","1"
"POINT (13.356011714999999 52.535249276999998)","Unfall 235270 (2022) Kat:3, Licht: 0","235270","3","7","0","08","15","7","","0","0","0","0","0"
"POINT (13.355941702999999 52.486108995999999)","Unfall 235271 (2022) Kat:3, Licht: 0","235271","3","2","2","08","10","2","","0","1","1","0","0"
"POINT (13.468985830000101 52.531330476000100)","Unfall 235272 (2022) Kat:3, Licht: 0","235272","3","2","5","07","16","6","","0","1","1","0","0"
"POINT (13.331322457000100 52.453160142999998)","Unfall 235273 (2022) Kat:3, Licht: 0","235273","3","2","0","08","07","4","","0","1","1","0","0"
"POINT (13.625568472000101 52.457746974000003)","Unfall 235274 (2022) Kat:3, Licht: 0","235274","3","6","2","08","12","3","","0","0","1","0","0"
"POINT (13.409324708000000 52.402944445000102)","Unfall 235275 (2022) Kat:3, Licht: 2","235275","3","7","6","09","00","7","","2","0","0","1","0"
"POINT (13.466207150000100 52.508678009000100)","Unfall 235276 (2022) Kat:3, Licht: 1","235276","3","2","6","09","18","3","","1","0","1","1","0"
"POINT (13.349956467000000 52.526732213000102)","Unfall 235277 (2022) Kat:3, Licht: 0","235277","3","6","4","08","17","6","","0","1","0","0","0"
"POINT (13.537161721000100 52.433631581000000)","Unfall 235278 (2022) Kat:3, Licht: 0","235278","3","5","1","07","12","7","","0","0","1","0","0"
"POINT (13.451360807000100 52.471995786000001)","Unfall 235279 (2022) Kat:3, Licht: 0","235279","3","3","5","08","10","3","","0","1","1","0","0"
"POINT (13.275535141000001 52.434032048000098)","Unfall 235280 (2022) Kat:3, Licht: 0","235280","3","5","1","07","19","5","","0","1","1","0","0"
"POINT (13.368247097000101 52.523174944000097)","Unfall 235281 (2022) Kat:3, Licht: 0","235281","3","3","5","08","13","5","","0","1","1","0","0"
"POINT (13.404264400000001 52.489734930000097)","Unfall 235282 (2022) Kat:3, Licht: 0","235282","3","6","4","08","12","6","","0","1","1","0","0"
"POINT (13.392840572000100 52.447543500000101)","Unfall 235283 (2022) Kat:3, Licht: 0","235283","3","5","1","07","10","1","","0","1","1","0","0"
"POINT (13.134121712000001 52.411540054000099)","Unfall 235284 (2022) Kat:3, Licht: 0","235284","3","1","0","08","08","2","","0","1","0","0","0"
"POINT (13.366030292000101 52.493733235000001)","Unfall 235285 (2022) Kat:3, Licht: 0","235285","3","2","5","07","11","2","","0","1","0","0","1"
"POINT (13.432354499000001 52.596240131000101)","Unfall 235286 (2022) Kat:3, Licht: 0","235286","3","5","1","08","07","6","","0","1","0","0","0"
"POINT (13.433051497000100 52.485019424000001)","Unfall 235287 (2022) Kat:3, Licht: 0","235287","3","6","2","08","12","1","","0","1","1","0","0"
"POINT (13.301939047000101 52.518989755000099)","Unfall 235288 (2022) Kat:3, Licht: 2","235288","3","6","3","08","23","4","","2","0","1","0","0"
"POINT (13.411822264000000 52.523967652000103)","Unfall 235289 (2022) Kat:3, Licht: 0","235289","3","2","2","09","06","6","","0","0","0","0","1"
"POINT (13.261009317999999 52.436160645000001)","Unfall 235290 (2022) Kat:3, Licht: 0","235290","3","3","5","08","19","2","","0","0","1","0","1"
"POINT (13.344052053000000 52.417953560999997)","Unfall 235291 (2022) Kat:3, Licht: 0","235291","3","5","1","09","07","6","","0","0","1","0","1"
"POINT (13.418571190000000 52.498847485000098)","Unfall 235292 (2022) Kat:3, Licht: 0","235292","3","6","3","08","07","4","","0","0","1","0","1"
"POINT (13.430391784999999 52.556787757999999)","Unfall 235293 (2022) Kat:2, Licht: 0","235293","2","7","6","07","18","5","","0","0","1","1","0"
"POINT (13.397904314000099 52.490766221999998)","Unfall 235294 (2022) Kat:3, Licht: 0","235294","3","1","8","08","10","2","","0","0","1","0","0"
"POINT (13.428966610000000 52.498528497000102)","Unfall 235295 (2022) Kat:3, Licht: 0","235295","3","7","5","08","20","4","","0","0","1","0","0"
"POINT (13.410128459000100 52.529896055000101)","Unfall 235296 (2022) Kat:3, Licht: 0","235296","3","3","5","07","08","3","","0","1","0","0","0"
"POINT (13.371011185000000 52.511097638000102)","Unfall 235297 (2022) Kat:3, Licht: 2","235297","3","2","0","09","21","2","","2","1","0","0","0"
"POINT (13.423439580000000 52.571023021000002)","Unfall 235298 (2022) Kat:3, Licht: 0","235298","3","3","5","08","09","4","","0","0","1","0","0"
"POINT (13.397999258000000 52.515443344000097)","Unfall 235299 (2022) Kat:3, Licht: 0","235299","3","2","5","08","18","2","","0","0","1","0","1"
"POINT (13.199041439000000 52.532695318000002)","Unfall 235300 (2022) Kat:3, Licht: 0","235300","3","6","3","07","06","4","","0","0","1","0","0"
"POINT (13.341176506000100 52.476218932999998)","Unfall 235301 (2022) Kat:2, Licht: 0","235301","2","3","5","08","11","4","","0","0","1","0","1"
"POINT (13.349002234000100 52.515083044999997)","Unfall 235302 (2022) Kat:3, Licht: 0","235302","3","6","3","08","16","5","","0","0","1","0","1"
"POINT (13.186915629000101 52.518701060000097)","Unfall 235303 (2022) Kat:3, Licht: 0","235303","3","6","2","07","16","6","","0","0","1","0","0"
"POINT (13.386466782000101 52.549642734000003)","Unfall 235304 (2022) Kat:3, Licht: 2","235304","3","5","1","08","00","7","","2","1","0","0","0"
"POINT (13.281470882000100 52.511485727000000)","Unfall 235305 (2022) Kat:3, Licht: 0","235305","3","3","2","09","15","4","","0","1","0","0","1"
"POINT (13.428963362999999 52.572232466999999)","Unfall 235306 (2022) Kat:3, Licht: 0","235306","3","2","2","08","19","7","","0","1","1","0","0"
"POINT (13.303251021000101 52.619761320000102)","Unfall 235307 (2022) Kat:3, Licht: 0","235307","3","1","0","08","17","3","","0","1","0","0","0"
"POINT (13.142887430000000 52.468296791000100)","Unfall 235308 (2022) Kat:3, Licht: 0","235308","3","7","2","08","16","4","","0","1","1","0","0"
"POINT (13.200232551999999 52.441220040000097)","Unfall 235309 (2022) Kat:3, Licht: 0","235309","3","3","6","07","11","1","","0","1","0","1","1"
"POINT (13.332810093000001 52.572316925999999)","Unfall 235310 (2022) Kat:3, Licht: 0","235310","3","7","6","09","15","6","","0","0","0","1","0"
"POINT (13.334952655000100 52.451529387999997)","Unfall 235311 (2022) Kat:3, Licht: 0","235311","3","6","3","08","18","7","","0","0","1","0","1"
"POINT (13.336181478000100 52.471499945000097)","Unfall 235312 (2022) Kat:3, Licht: 0","235312","3","5","1","09","14","2","","0","1","1","0","0"
"POINT (13.432822721000001 52.550305074999997)","Unfall 235313 (2022) Kat:3, Licht: 1","235313","3","3","5","08","17","4","","1","1","1","0","0"
"POINT (13.430033366000000 52.503497416000101)","Unfall 235314 (2022) Kat:3, Licht: 0","235314","3","7","5","07","13","4","","0","1","1","0","0"
"POINT (13.345243860000000 52.581323450000099)","Unfall 235315 (2022) Kat:3, Licht: 0","235315","3","7","0","07","15","5","","0","0","0","0","1"
"POINT (13.185801175000099 52.534228179000102)","Unfall 235316 (2022) Kat:2, Licht: 2","235316","2","1","0","08","01","1","","2","0","0","0","0"
"POINT (13.377433711000000 52.522157598000000)","Unfall 235317 (2022) Kat:2, Licht: 1","235317","2","1","9","07","20","7","","1","0","0","0","1"
"POINT (13.386442858000100 52.452899133000102)","Unfall 235318 (2022) Kat:3, Licht: 0","235318","3","5","1","08","16","5","","0","1","1","0","0"
"POINT (13.320215495000101 52.486756338000099)","Unfall 235319 (2022) Kat:3, Licht: 0","235319","3","5","0","08","15","3","","0","1","1","0","0"
"POINT (13.572117844999999 52.560547172000000)","Unfall 235320 (2022) Kat:3, Licht: 0","235320","3","3","5","09","15","7","","0","0","1","0","0"
"POINT (13.402300404000099 52.536813187000099)","Unfall 235321 (2022) Kat:3, Licht: 0","235321","3","3","5","08","18","7","","0","0","1","0","0"
"POINT (13.264472561000000 52.514694798000100)","Unfall 235322 (2022) Kat:3, Licht: 0","235322","3","3","5","09","15","3","","0","1","1","0","0"
"POINT (13.429237723000000 52.486531497999998)","Unfall 235323 (2022) Kat:3, Licht: 0","235323","3","4","6","08","18","7","","0","0","1","1","0"
"POINT (13.464397434000000 52.509904737000099)","Unfall 235324 (2022) Kat:3, Licht: 0","235324","3","3","5","08","16","3","","0","1","1","0","0"
"POINT (13.323325110000001 52.430910687000100)","Unfall 235325 (2022) Kat:3, Licht: 0","235325","3","5","1","07","09","6","","0","1","1","0","0"
"POINT (13.431656310999999 52.497502222999998)","Unfall 235326 (2022) Kat:3, Licht: 1","235326","3","5","1","08","19","5","","1","0","1","0","0"
"POINT (13.386827062000100 52.521051247000102)","Unfall 235327 (2022) Kat:3, Licht: 0","235327","3","1","0","08","18","2","","0","1","0","0","0"
"POINT (13.315944119000100 52.609300193000102)","Unfall 235328 (2022) Kat:3, Licht: 0","235328","3","5","1","08","18","2","","0","1","1","0","0"
"POINT (13.506658450000000 52.446526927999997)","Unfall 235329 (2022) Kat:3, Licht: 0","235329","3","7","0","07","17","3","","0","0","1","0","0"
"POINT (13.541353965000001 52.435486099999999)","Unfall 235330 (2022) Kat:3, Licht: 0","235330","3","1","0","07","09","4","","0","1","0","0","0"
"POINT (13.471777783000100 52.531983695000100)","Unfall 235331 (2022) Kat:2, Licht: 2","235331","2","1","9","08","02","7","","2","0","1","0","0"
"POINT (13.372556970000099 52.503231563999996)","Unfall 235332 (2022) Kat:3, Licht: 0","235332","3","3","5","08","12","2","","0","0","1","0","0"
"POINT (13.405335772000100 52.528742299999998)","Unfall 235333 (2022) Kat:2, Licht: 2","235333","2","3","5","07","00","7","","2","1","1","0","0"
"POINT (13.360840237000000 52.491321401000100)","Unfall 235334 (2022) Kat:3, Licht: 0","235334","3","2","5","08","13","4","","0","1","1","0","0"
"POINT (13.377404259000100 52.514558309999998)","Unfall 235335 (2022) Kat:3, Licht: 2","235335","3","1","0","09","00","5","","2","1","0","0","0"
"POINT (13.443044728000100 52.554488870000100)","Unfall 235336 (2022) Kat:3, Licht: 0","235336","3","5","1","09","14","7","","0","0","1","0","0"
"POINT (13.195384221999999 52.535465315000103)","Unfall 235337 (2022) Kat:3, Licht: 0","235337","3","2","5","09","13","2","","0","0","1","0","0"
"POINT (13.359081434000100 52.546268446000099)","Unfall 235338 (2022) Kat:3, Licht: 0","235338","3","2","0","08","20","4","","0","1","1","0","0"
"POINT (13.344736593000100 52.531420681000000)","Unfall 235339 (2022) Kat:3, Licht: 0","235339","3","5","1","07","15","3","","0","1","1","0","0"
"POINT (13.492178675000000 52.420299595000102)","Unfall 235340 (2022) Kat:3, Licht: 0","235340","3","1","0","07","12","5","","0","1","0","0","0"
"POINT (13.419859830000100 52.394792523000000)","Unfall 235341 (2022) Kat:3, Licht: 0","235341","3","4","6","08","13","2","","0","0","1","1","0"
"POINT (13.377083465000100 52.513314590000000)","Unfall 235342 (2022) Kat:3, Licht: 2","235342","3","7","6","07","21","7","","2","0","0","1","0"
"POINT (13.419012313000099 52.501355569000097)","Unfall 235343 (2022) Kat:3, Licht: 0","235343","3","6","3","08","16","5","","0","1","0","0","0"
"POINT (13.423920550000000 52.523586114000103)","Unfall 235344 (2022) Kat:3, Licht: 0","235344","3","2","0","08","08","3","","0","1","0","0","0"
"POINT (13.353896646000100 52.523880009000003)","Unfall 235345 (2022) Kat:3, Licht: 0","235345","3","3","5","08","07","2","","0","1","0","0","0"
"POINT (13.327648302000100 52.520753155000101)","Unfall 235346 (2022) Kat:3, Licht: 0","235346","3","2","5","09","14","4","","0","0","1","0","0"
"POINT (13.438551729000000 52.505840962000001)","Unfall 235347 (2022) Kat:3, Licht: 2","235347","3","6","3","08","23","7","","2","0","1","0","0"
"POINT (13.208920992000101 52.552581114000098)","Unfall 235348 (2022) Kat:3, Licht: 0","235348","3","5","1","08","14","4","","0","1","1","0","0"
"POINT (13.399546577000001 52.498326380999998)","Unfall 235349 (2022) Kat:2, Licht: 0","235349","2","3","5","07","11","7","","0","0","1","0","1"
"POINT (13.313195927000001 52.501633892000001)","Unfall 235350 (2022) Kat:3, Licht: 0","235350","3","7","6","09","17","5","","0","0","0","1","0"
"POINT (13.396016006000000 52.538378084000001)","Unfall 235351 (2022) Kat:3, Licht: 2","235351","3","2","6","08","23","5","","2","0","0","1","0"
"POINT (13.326073478000099 52.561828155000100)","Unfall 235352 (2022) Kat:3, Licht: 0","235352","3","6","2","08","12","1","","0","0","1","0","1"
"POINT (13.188805957000101 52.556486366999998)","Unfall 235353 (2022) Kat:3, Licht: 0","235353","3","7","2","08","13","3","","0","0","1","0","0"
"POINT (13.431244426999999 52.499123295000103)","Unfall 235354 (2022) Kat:3, Licht: 0","235354","3","1","0","07","15","3","","0","1","0","0","0"
"POINT (13.376545518000100 52.460732365000098)","Unfall 235355 (2022) Kat:3, Licht: 0","235355","3","4","6","07","15","3","","0","1","0","1","0"
"POINT (13.536732523000101 52.412994132999998)","Unfall 235356 (2022) Kat:3, Licht: 2","235356","3","3","5","08","20","7","","2","0","1","0","0"
"POINT (13.575717001999999 52.563277302000103)","Unfall 235357 (2022) Kat:3, Licht: 0","235357","3","3","5","08","17","2","","0","1","1","0","0"
"POINT (13.319503303999999 52.471661097999998)","Unfall 235358 (2022) Kat:3, Licht: 0","235358","3","3","5","07","09","6","","0","0","1","0","0"
"POINT (13.378930068000001 52.449910456000097)","Unfall 235359 (2022) Kat:3, Licht: 0","235359","3","3","5","08","10","4","","0","0","1","0","0"
"POINT (13.454686649000100 52.510205730000102)","Unfall 235360 (2022) Kat:3, Licht: 2","235360","3","5","1","09","21","6","","2","1","1","0","0"
"POINT (13.387991807000001 52.548510837999999)","Unfall 235361 (2022) Kat:3, Licht: 0","235361","3","6","2","09","09","7","","0","1","1","0","0"
"POINT (13.131586177000001 52.549500495000103)","Unfall 235362 (2022) Kat:3, Licht: 0","235362","3","2","5","09","07","4","","0","0","1","0","0"
"POINT (13.472008220000101 52.453873938000100)","Unfall 235363 (2022) Kat:3, Licht: 0","235363","3","6","2","08","14","6","","0","0","1","0","0"
"POINT (13.335470713000101 52.595608208000002)","Unfall 235364 (2022) Kat:3, Licht: 0","235364","3","6","2","07","12","6","","0","1","1","0","0"
"POINT (13.444596446000000 52.478737667000097)","Unfall 235365 (2022) Kat:3, Licht: 0","235365","3","6","0","08","14","3","","0","1","0","0","1"
"POINT (13.327414698000000 52.502812902000102)","Unfall 235366 (2022) Kat:3, Licht: 0","235366","3","4","6","07","15","5","","0","0","0","1","0"
"POINT (13.282288711000000 52.590834329000103)","Unfall 235367 (2022) Kat:3, Licht: 0","235367","3","2","2","08","16","5","","0","0","1","0","0"
"POINT (13.398234501999999 52.390953027000101)","Unfall 235368 (2022) Kat:3, Licht: 0","235368","3","1","0","08","10","7","","0","1","0","0","0"
"POINT (13.386183038000100 52.549810987000100)","Unfall 235369 (2022) Kat:3, Licht: 0","235369","3","6","2","07","13","2","","0","0","1","0","1"
"POINT (13.462385658000100 52.519876501000098)","Unfall 235370 (2022) Kat:2, Licht: 0","235370","2","7","0","07","20","3","","0","0","0","0","1"
"POINT (13.463713801000001 52.519914060000097)","Unfall 235371 (2022) Kat:3, Licht: 0","235371","3","1","0","08","14","6","","0","0","0","0","1"
"POINT (13.496631081000000 52.641349613999999)","Unfall 235372 (2022) Kat:1, Licht: 0","235372","1","2","6","08","10","1","","0","0","1","1","0"
"POINT (13.414980639000101 52.515874592000003)","Unfall 235373 (2022) Kat:3, Licht: 0","235373","3","3","5","08","05","4","","0","0","1","0","1"
"POINT (13.331521841000001 52.493160795999998)","Unfall 235374 (2022) Kat:3, Licht: 2","235374","3","7","5","09","20","5","","2","1","1","0","0"
"POINT (13.454217029000100 52.452894687000096)","Unfall 235375 (2022) Kat:3, Licht: 0","235375","3","2","5","08","16","2","","0","1","1","0","0"
"POINT (13.277951651000000 52.518528414000102)","Unfall 235376 (2022) Kat:3, Licht: 0","235376","3","1","9","08","14","5","","0","0","0","0","1"
"POINT (13.240025247000100 52.507226254000003)","Unfall 235377 (2022) Kat:3, Licht: 0","235377","3","6","2","07","18","5","","0","0","1","0","0"
"POINT (13.244001942000100 52.615129190000097)","Unfall 235378 (2022) Kat:3, Licht: 0","235378","3","7","0","08","08","2","","0","1","0","0","0"
"POINT (13.395711565000100 52.440825529000101)","Unfall 235379 (2022) Kat:2, Licht: 0","235379","2","7","0","08","08","4","","0","1","1","0","0"
"POINT (13.297904880000001 52.578152347000099)","Unfall 235380 (2022) Kat:3, Licht: 0","235380","3","2","5","07","13","3","","0","0","1","0","0"
"POINT (13.299197948000000 52.519535926000103)","Unfall 235381 (2022) Kat:3, Licht: 0","235381","3","7","2","09","06","3","","0","0","0","0","1"
"POINT (13.330549564000000 52.493156448000001)","Unfall 235382 (2022) Kat:3, Licht: 0","235382","3","3","5","08","17","5","","0","1","0","0","0"
"POINT (13.327955288000100 52.506331920999997)","Unfall 235383 (2022) Kat:2, Licht: 0","235383","2","3","5","07","15","4","","0","1","1","0","0"
"POINT (13.401877399000099 52.506096448999998)","Unfall 235384 (2022) Kat:3, Licht: 0","235384","3","2","2","07","08","5","","0","1","1","0","0"
"POINT (13.432462015000100 52.465780334999998)","Unfall 235385 (2022) Kat:2, Licht: 2","235385","2","3","5","08","22","2","","2","0","1","0","0"
"POINT (13.360340209000100 52.537244298000097)","Unfall 235386 (2022) Kat:3, Licht: 0","235386","3","2","5","07","16","4","","0","1","1","0","0"
"POINT (13.308719347000000 52.495255135000001)","Unfall 235387 (2022) Kat:3, Licht: 0","235387","3","3","5","08","14","4","","0","0","1","0","0"
"POINT (13.407996476999999 52.452597325000099)","Unfall 235388 (2022) Kat:3, Licht: 0","235388","3","2","5","08","07","5","","0","1","1","0","0"
"POINT (13.469035453000100 52.531530740000100)","Unfall 235389 (2022) Kat:3, Licht: 2","235389","3","3","5","07","23","6","","2","0","1","0","0"
"POINT (13.174662522000100 52.540227650000098)","Unfall 235390 (2022) Kat:3, Licht: 0","235390","3","1","8","08","12","7","","0","0","1","0","0"
"POINT (13.379874015000000 52.540156952000103)","Unfall 235391 (2022) Kat:3, Licht: 0","235391","3","6","2","09","13","4","","0","0","1","0","1"
"POINT (13.443732571000099 52.499885129000099)","Unfall 235392 (2022) Kat:3, Licht: 0","235392","3","5","1","08","11","7","","0","1","1","0","0"
"POINT (13.463753321000100 52.505992630999998)","Unfall 235393 (2022) Kat:3, Licht: 0","235393","3","2","5","08","10","4","","0","1","1","0","0"
"POINT (13.358455961000100 52.501586137000103)","Unfall 235394 (2022) Kat:2, Licht: 2","235394","2","3","5","08","22","4","","2","1","0","0","0"
"POINT (13.574273210000101 52.413920489000098)","Unfall 235395 (2022) Kat:3, Licht: 0","235395","3","3","5","07","18","1","","0","1","1","0","0"
"POINT (13.198513518000000 52.533227624000098)","Unfall 235396 (2022) Kat:3, Licht: 0","235396","3","6","3","09","13","6","","0","0","1","0","0"
"POINT (13.582696645000100 52.397243953000000)","Unfall 235397 (2022) Kat:3, Licht: 2","235397","3","1","8","08","23","7","","2","0","1","0","0"
"POINT (13.475406847000000 52.520399532000098)","Unfall 235398 (2022) Kat:3, Licht: 0","235398","3","3","5","09","10","2","","0","1","0","0","0"
"POINT (13.301751388000101 52.488284592000099)","Unfall 235399 (2022) Kat:3, Licht: 0","235399","3","6","2","08","16","4","","0","0","1","0","0"
"POINT (13.412293852000101 52.515938497000000)","Unfall 235400 (2022) Kat:3, Licht: 0","235400","3","4","6","07","05","4","","0","1","0","1","0"
"POINT (13.404976429000000 52.393776723000002)","Unfall 235401 (2022) Kat:3, Licht: 0","235401","3","1","0","07","06","5","","0","1","0","0","0"
"POINT (13.365816701000000 52.525387803999998)","Unfall 235402 (2022) Kat:3, Licht: 0","235402","3","2","5","08","15","7","","0","0","1","0","0"
"POINT (13.435259042000000 52.491175902000101)","Unfall 235403 (2022) Kat:3, Licht: 0","235403","3","2","5","08","12","3","","0","1","0","0","0"
"POINT (13.321552832000100 52.497314569000103)","Unfall 235404 (2022) Kat:2, Licht: 0","235404","2","4","6","07","19","7","","0","0","1","1","0"
"POINT (13.264420834000100 52.448257918000103)","Unfall 235405 (2022) Kat:3, Licht: 0","235405","3","6","2","08","12","5","","0","1","0","0","0"
"POINT (13.332456021000000 52.521737862000101)","Unfall 235406 (2022) Kat:2, Licht: 0","235406","2","5","1","08","18","3","","0","0","1","0","1"
"POINT (13.287046247999999 52.540155233000100)","Unfall 235407 (2022) Kat:3, Licht: 0","235407","3","2","5","09","13","1","","0","0","1","0","1"
"POINT (13.426446415999999 52.452295224000103)","Unfall 235408 (2022) Kat:3, Licht: 0","235408","3","2","5","08","12","2","","0","0","1","0","0"
"POINT (13.497767862000000 52.509198601999998)","Unfall 235409 (2022) Kat:3, Licht: 2","235409","3","5","5","09","22","3","","2","1","1","0","0"
"POINT (13.388110201000099 52.521218394000101)","Unfall 235410 (2022) Kat:3, Licht: 0","235410","3","5","1","08","13","6","","0","0","0","0","0"
"POINT (13.612443497000100 52.454143579000103)","Unfall 235411 (2022) Kat:3, Licht: 0","235411","3","7","2","07","15","7","","0","0","1","0","1"
"POINT (13.415513067000100 52.498778872000102)","Unfall 235412 (2022) Kat:3, Licht: 0","235412","3","4","6","08","14","3","","0","1","0","1","0"
"POINT (13.207756599000000 52.556276218000100)","Unfall 235413 (2022) Kat:3, Licht: 0","235413","3","6","0","07","18","6","","0","0","1","0","1"
"POINT (13.390208028000099 52.508557778000103)","Unfall 235414 (2022) Kat:3, Licht: 2","235414","3","3","5","08","00","6","","2","0","1","0","0"
"POINT (13.260038537000099 52.516597243000000)","Unfall 235415 (2022) Kat:3, Licht: 1","235415","3","6","2","08","19","7","","1","0","1","0","0"
"POINT (13.422773280000101 52.509338579000001)","Unfall 235416 (2022) Kat:3, Licht: 1","235416","3","7","0","08","05","3","","1","1","0","0","0"
"POINT (13.423723252000100 52.392135692000103)","Unfall 235417 (2022) Kat:2, Licht: 2","235417","2","5","1","07","23","4","","2","0","1","0","0"
"POINT (13.196808573000100 52.532172479000103)","Unfall 235418 (2022) Kat:3, Licht: 0","235418","3","5","0","08","16","6","","0","0","1","0","1"