WKT,Name,OBJECTID,UKATEGORIE,UTYP1,UART,UMONAT,USTUNDE,UWOCHENTAG,STRZUSTAND,ULICHTVERH,ISTRAD,ISTPKW,ISTFUSS,ISTKRAD
"POINT (13.262629769000100 52.515045568000097)","Unfall 235419 (2022) Kat:3, Licht: 0","235419","3","2","5","08","14","2","","0","1","1","0","0"
"POINT (13.390075357000100 52.514811883999997)","Unfall 235420 (2022) Kat:3, Licht: 1","235420","3","5","1","07","20","6","","1","1","1","0","0"
"POINT (13.406106985000100 52.393765582000100)","Unfall 235421 (2022) Kat:3, Licht: 0","235421","3","6","3","08","17","4","","0","0","1","0","1"
"POINT (13.422092144000001 52.505110170000101)","Unfall 235422 (2022) Kat:2, Licht: 0","235422","2","4","6","09","08","6","","0","0","1","1","0"
"POINT (13.372114524000001 52.556695928000103)","Unfall 235423 (2022) Kat:3, Licht: 0","235423","3","6","2","08","08","3","","0","0","1","0","0"
"POINT (13.432890574000099 52.485077284000099)","Unfall 235424 (2022) Kat:3, Licht: 0","235424","3","6","3","09","17","7","","0","1","1","0","0"
"POINT (13.424336310000101 52.486294735000101)","Unfall 235425 (2022) Kat:3, Licht: 0","235425","3","2","5","08","17","2","","0","0","1","0","0"
"POINT (13.343190432000000 52.531726820000102)","Unfall 235426 (2022) Kat:3, Licht: 1","235426","3","1","0","09","19","3","","1","1","0","0","0"
"POINT (13.228968270999999 52.575621080000097)","Unfall 235427 (2022) Kat:3, Licht: 0","235427","3","2","5","08","13","6","","0","0","1","0","1"
"POINT (13.400360334000000 52.483705122000103)","Unfall 235428 (2022) Kat:3, Licht: 0","235428","3","6","0","08","17","2","","0","0","1","0","1"
"POINT (13.273396033999999 52.427052394999997)","Unfall 235429 (2022) Kat:3, Licht: 0","235429","3","3","0","07","08","5","","0","1","0","0","0"
"POINT (13.353011177000001 52.583801159000103)","Unfall 235430 (2022) Kat:3, Licht: 0","235430","3","6","2","08","13","4","","0","0","0","0","1"
"POINT (13.305916100999999 52.601829677000097)","Unfall 235431 (2022) Kat:3, Licht: 1","235431","3","2","5","08","20","6","","1","1","0","0","0"
"POINT (13.171897697000100 52.533565905000003)","Unfall 235432 (2022) Kat:2, Licht: 2","235432","2","1","8","07","03","2","","2","0","1","0","0"
"POINT (13.378869635000100 52.449514787000098)","Unfall 235433 (2022) Kat:3, Licht: 0","235433","3","7","0","08","07","5","","0","0","1","0","0"
"POINT (13.421605110000000 52.441100854000098)","Unfall 235434 (2022) Kat:3, Licht: 0","235434","3","1","3","08","12","1","","0","1","0","0","0"
"POINT (13.280005860000101 52.518310890000102)","Unfall 235435 (2022) Kat:3, Licht: 0","235435","3","2","5","08","16","3","","0","1","1","0","0"
"POINT (13.618760485000101 52.521623994000002)","Unfall 235436 (2022) Kat:3, Licht: 0","235436","3","7","2","09","16","5","","0","0","1","0","0"
"POINT (13.305492029000000 52.568246616000103)","Unfall 235437 (2022) Kat:3, Licht: 2","235437","3","3","0","08","03","2","","2","0","1","0","0"
"POINT (13.374718424999999 52.553868057999999)","Unfall 235438 (2022) Kat:3, Licht: 0","235438","3","2","5","08","09","4","","0","1","1","0","0"
"POINT (13.366686205000100 52.510381711000001)","Unfall 235439 (2022) Kat:3, Licht: 0","235439","3","5","5","08","15","4","","0","0","1","0","1"
"POINT (13.296027180000101 52.640320507000098)","Unfall 235440 (2022) Kat:3, Licht: 0","235440","3","1","0","07","18","1","","0","1","0","0","0"
"POINT (13.329705664000100 52.522808429000101)","Unfall 235441 (2022) Kat:3, Licht: 0","235441","3","2","5","08","14","5","","0","1","1","0","0"
"POINT (13.283587215000100 52.474730434000001)","Unfall 235442 (2022) Kat:3, Licht: 0","235442","3","5","1","09","11","2","","0","1","1","0","0"
"POINT (13.359473097000000 52.554133858999997)","Unfall 235443 (2022) Kat:2, Licht: 2","235443","2","7","0","08","23","4","","2","0","0","0","1"
"POINT (13.211541040000000 52.527267841000103)","Unfall 235444 (2022) Kat:3, Licht: 0","235444","3","2","5","07","18","4","","0","1","1","0","0"
"POINT (13.389782921000100 52.574288035999999)","Unfall 235445 (2022) Kat:3, Licht: 0","235445","3","3","0","09","16","2","","0","1","0","0","0"
"POINT (13.499469411000099 52.522887333000000)","Unfall 235446 (2022) Kat:3, Licht: 0","235446","3","3","5","08","15","5","","0","0","1","0","0"
"POINT (13.469377296000101 52.547009800000097)","Unfall 235447 (2022) Kat:3, Licht: 1","235447","3","7","6","07","17","1","","1","0","0","1","0"
"POINT (13.246696717000100 52.467641840000098)","Unfall 235448 (2022) Kat:3, Licht: 0","235448","3","2","6","08","09","2","","0","0","1","1","0"
"POINT (13.450253894000101 52.556668684999998)","Unfall 235449 (2022) Kat:3, Licht: 0","235449","3","6","2","07","14","5","","0","1","0","0","0"
"POINT (13.370718158000001 52.468848252999997)","Unfall 235450 (2022) Kat:3, Licht: 0","235450","3","3","5","08","14","5","","0","0","1","0","0"
"POINT (13.137944428000001 52.458423916000100)","Unfall 235451 (2022) Kat:3, Licht: 2","235451","3","6","3","08","23","6","","2","1","1","0","0"
"POINT (13.379426045000100 52.506416588000000)","Unfall 235452 (2022) Kat:3, Licht: 0","235452","3","6","2","07","11","2","","0","1","1","0","0"
"POINT (13.198607200000000 52.542907245000002)","Unfall 235453 (2022) Kat:2, Licht: 0","235453","2","2","5","08","19","6","","0","0","1","0","1"
"POINT (13.417332524000100 52.512432751000098)","Unfall 235454 (2022) Kat:3, Licht: 1","235454","3","4","6","08","20","1","","1","1","0","1","0"
"POINT (13.364956346000000 52.547954658999998)","Unfall 235455 (2022) Kat:3, Licht: 0","235455","3","5","1","08","15","3","","0","1","1","0","0"
"POINT (13.320063290000100 52.471244421000101)","Unfall 235456 (2022) Kat:3, Licht: 0","235456","3","2","0","09","10","5","","0","1","0","0","1"
"POINT (13.345830298000100 52.436392488000102)","Unfall 235457 (2022) Kat:3, Licht: 0","235457","3","2","5","08","10","2","","0","1","1","0","0"
"POINT (13.451897117000000 52.477935746000099)","Unfall 235458 (2022) Kat:3, Licht: 0","235458","3","3","5","08","17","4","","0","0","1","0","0"
"POINT (13.412657812000100 52.550822019000101)","Unfall 235459 (2022) Kat:3, Licht: 0","235459","3","5","1","07","13","4","","0","1","1","0","0"
"POINT (13.605622977000101 52.535901357000100)","Unfall 235460 (2022) Kat:2, Licht: 0","235460","2","3","5","09","09","5","","0","1","0","0","0"
"POINT (13.404919691000000 52.533790084000003)","Unfall 235461 (2022) Kat:3, Licht: 0","235461","3","1","0","07","10","3","","0","1","0","0","0"
"POINT (13.394790131000001 52.500201161000099)","Unfall 235462 (2022) Kat:3, Licht: 1","235462","3","2","5","08","18","5","","1","1","1","0","0"
"POINT (13.369514134999999 52.456614246000100)","Unfall 235463 (2022) Kat:3, Licht: 0","235463","3","6","4","09","15","2","","0","0","1","0","0"
"POINT (13.413629984000099 52.538203357999997)","Unfall 235464 (2022) Kat:3, Licht: 0","235464","3","7","5","08","08","5","","0","1","1","0","0"
"POINT (13.433748767000100 52.444062756000100)","Unfall 235465 (2022) Kat:3, Licht: 1","235465","3","3","5","07","20","5","","1","1","1","0","0"
"POINT (13.374533568000100 52.510263342000002)","Unfall 235466 (2022) Kat:2, Licht: 2","235466","2","5","0","07","22","5","","2","1","1","0","0"
"POINT (13.364658771000100 52.562717583000101)","Unfall 235467 (2022) Kat:3, Licht: 0","235467","3","3","5","08","11","7","","0","0","1","0","0"
"POINT (13.360657498000000 52.523716265000097)","Unfall 235468 (2022) Kat:3, Licht: 0","235468","3","7","0","07","07","3","","0","1","0","0","0"
"POINT (13.432733133000101 52.478323352000103)","Unfall 235469 (2022) Kat:3, Licht: 0","235469","3","3","5","08","18","4","","0","1","0","0","0"
"POINT (13.518788710000001 52.510458800000002)","Unfall 235470 (2022) Kat:2, Licht: 0","235470","2","1","0","08","19","6","","0","1","0","0","0"
"POINT (13.428278850000000 52.507406649000103)","Unfall 235471 (2022) Kat:3, Licht: 0","235471","3","2","5","07","17","5","","0","1","1","0","0"
"POINT (13.495669983000001 52.625932460999998)","Unfall 235472 (2022) Kat:3, Licht: 0","235472","3","4","6","08","16","2","","0","0","1","1","0"
"POINT (13.416851187000100 52.523879656000098)","Unfall 235473 (2022) Kat:3, Licht: 0","235473","3","1","0","09","11","5","","0","1","0","0","0"
"POINT (13.345142692000000 52.554249970000100)","Unfall 235474 (2022) Kat:3, Licht: 0","235474","3","1","0","08","20","1","","0","0","0","0","1"
"POINT (13.352431308000099 52.453293035000101)","Unfall 235475 (2022) Kat:3, Licht: 0","235475","3","1","0","08","18","3","","0","1","0","0","0"
"POINT (13.234011328000101 52.539600436000100)","Unfall 235476 (2022) Kat:2, Licht: 0","235476","2","6","2","08","07","4","","0","0","1","0","0"
"POINT (13.613377894999999 52.499009657000002)","Unfall 235477 (2022) Kat:3, Licht: 0","235477","3","7","0","07","14","2","","0","0","0","0","1"
"POINT (13.400290136000001 52.569218937000102)","Unfall 235478 (2022) Kat:3, Licht: 0","235478","3","2","2","09","11","5","","0","1","1","0","0"
"POINT (13.482823289000100 52.554546619000099)","Unfall 235479 (2022) Kat:3, Licht: 0","235479","3","6","2","08","10","6","","0","0","1","0","1"
"POINT (13.400652159000099 52.383234603000098)","Unfall 235480 (2022) Kat:3, Licht: 2","235480","3","3","5","09","20","1","","2","0","1","0","0"
"POINT (13.315439853000001 52.444651196999999)","Unfall 235481 (2022) Kat:3, Licht: 0","235481","3","6","3","08","13","3","","0","0","1","0","1"
"POINT (13.496440689000099 52.506930462000099)","Unfall 235482 (2022) Kat:3, Licht: 0","235482","3","7","4","07","16","3","","0","0","1","0","0"
"POINT (13.207406769000000 52.528822833000000)","Unfall 235483 (2022) Kat:2, Licht: 0","235483","2","2","5","07","19","5","","0","0","1","0","1"
"POINT (13.436724995000100 52.523495294000000)","Unfall 235484 (2022) Kat:2, Licht: 0","235484","2","3","0","08","16","7","","0","1","1","0","0"
"POINT (13.573778211000000 52.401904263000098)","Unfall 235485 (2022) Kat:3, Licht: 0","235485","3","3","5","08","13","3","","0","1","0","0","0"
"POINT (13.513179688999999 52.467625896000101)","Unfall 235486 (2022) Kat:3, Licht: 0","235486","3","6","2","07","10","1","","0","0","1","0","1"
"POINT (13.277457347000100 52.535157933999997)","Unfall 235487 (2022) Kat:3, Licht: 0","235487","3","6","3","08","07","5","","0","0","1","0","1"
"POINT (13.353672991000099 52.488691506000102)","Unfall 235488 (2022) Kat:3, Licht: 0","235488","3","7","1","08","17","3","","0","0","1","0","1"
"POINT (13.408720895000000 52.527876425000002)","Unfall 235489 (2022) Kat:3, Licht: 0","235489","3","5","1","09","14","7","","0","1","1","0","0"
"POINT (13.424292823000000 52.499078284000099)","Unfall 235490 (2022) Kat:3, Licht: 0","235490","3","6","2","09","11","3","","0","0","1","0","0"
"POINT (13.327823601000000 52.502969444000001)","Unfall 235491 (2022) Kat:3, Licht: 0","235491","3","6","3","08","13","6","","0","1","0","0","0"
"POINT (13.469464075000101 52.506544925000100)","Unfall 235492 (2022) Kat:3, Licht: 0","235492","3","7","0","07","09","1","","0","0","1","0","1"
"POINT (13.407048140000001 52.444626343000003)","Unfall 235493 (2022) Kat:3, Licht: 0","235493","3","3","5","08","11","3","","0","0","1","0","0"
"POINT (13.317738488000000 52.428756552999999)","Unfall 235494 (2022) Kat:3, Licht: 0","235494","3","2","5","07","14","6","","0","0","1","0","1"
"POINT (13.511464447000000 52.456591297999999)","Unfall 235495 (2022) Kat:3, Licht: 0","235495","3","7","6","08","07","6","","0","0","1","1","0"
"POINT (13.548457780000000 52.427549208000102)","Unfall 235496 (2022) Kat:3, Licht: 2","235496","3","6","2","08","23","7","","2","0","1","0","1"
"POINT (13.565854609000001 52.528862004000104)","Unfall 235497 (2022) Kat:3, Licht: 0","235497","3","6","2","08","12","3","","0","0","1","0","0"
"POINT (13.249234602000101 52.523897724000101)","Unfall 235498 (2022) Kat:3, Licht: 0","235498","3","2","5","07","14","3","","0","1","1","0","0"
"POINT (13.197014815999999 52.561984736000099)","Unfall 235499 (2022) Kat:3, Licht: 0","235499","3","2","6","07","16","3","","0","0","1","1","0"
"POINT (13.415792141000100 52.491046263000001)","Unfall 235500 (2022) Kat:3, Licht: 0","235500","3","1","0","08","14","6","","0","0","0","0","1"
"POINT (13.441669876000001 52.469588147000103)","Unfall 235501 (2022) Kat:3, Licht: 2","235501","3","6","2","08","22","2","","2","0","1","0","0"
"POINT (13.429268368000100 52.621236991000004)","Unfall 235502 (2022) Kat:3, Licht: 0","235502","3","1","0","07","20","6","","0","1","0","0","0"
"POINT (13.496108027000000 52.466058490000101)","Unfall 235503 (2022) Kat:3, Licht: 0","235503","3","2","5","08","18","4","","0","1","1","0","0"
"POINT (13.514246984000099 52.495156307000101)","Unfall 235504 (2022) Kat:3, Licht: 0","235504","3","1","0","09","14","6","","0","0","0","0","0"
"POINT (13.368078475000100 52.445605495999999)","Unfall 235505 (2022) Kat:3, Licht: 0","235505","3","7","2","08","14","3","","0","0","1","0","0"
"POINT (13.477088496000000 52.567055545000102)","Unfall 235506 (2022) Kat:2, Licht: 2","235506","2","1","8","09","22","6","","2","0","1","0","1"
"POINT (13.397376350000100 52.423931936000002)","Unfall 235507 (2022) Kat:3, Licht: 0","235507","3","2","5","08","13","3","","0","0","1","0","0"
"POINT (13.368320531000100 52.556993017000103)","Unfall 235508 (2022) Kat:3, Licht: 0","235508","3","7","6","09","14","5","","0","0","1","1","0"
"POINT (13.296004523000001 52.443608116000100)","Unfall 235509 (2022) Kat:3, Licht: 0","235509","3","2","5","09","07","3","","0","1","1","0","0"
"POINT (13.473680673000000 52.474942231999997)","Unfall 235510 (2022) Kat:3, Licht: 0","235510","3","2","5","08","17","5","","0","1","1","0","0"
"POINT (13.595863484000100 52.516128322000000)","Unfall 235511 (2022) Kat:3, Licht: 0","235511","3","5","1","08","16","2","","0","0","1","0","0"
"POINT (13.456204730000000 52.484051414000099)","Unfall 235512 (2022) Kat:3, Licht: 0","235512","3","3","5","07","16","4","","0","1","1","0","0"
"POINT (13.480054444000100 52.506049740000002)","Unfall 235513 (2022) Kat:3, Licht: 0","235513","3","6","4","08","16","3","","0","1","0","0","0"
"POINT (13.451677199000100 52.480958386000097)","Unfall 235514 (2022) Kat:3, Licht: 0","235514","3","2","0","08","06","6","","0","1","0","0","0"
"POINT (13.579446217000100 52.464973845000003)","Unfall 235515 (2022) Kat:3, Licht: 0","235515","3","4","6","07","14","1","","0","0","1","1","0"
"POINT (13.285233024000000 52.575623182000101)","Unfall 235516 (2022) Kat:2, Licht: 0","235516","2","2","6","08","12","1","","0","0","1","1","0"
"POINT (13.471624706000100 52.436265581000001)","Unfall 235517 (2022) Kat:3, Licht: 0","235517","3","6","2","08","15","3","","0","0","0","0","1"
"POINT (13.606223216000000 52.524587718000099)","Unfall 235518 (2022) Kat:3, Licht: 0","235518","3","3","0","09","14","5","","0","0","0","0","1"
"POINT (13.308906626000100 52.510212260000102)","Unfall 235519 (2022) Kat:3, Licht: 0","235519","3","5","1","08","15","2","","0","0","1","0","1"
"POINT (13.291202896000099 52.539687677000103)","Unfall 235520 (2022) Kat:3, Licht: 2","235520","3","3","0","08","01","4","","2","0","1","0","1"
"POINT (13.284654847000100 52.588513057999997)","Unfall 235521 (2022) Kat:3, Licht: 0","235521","3","4","2","09","12","5","","0","0","1","1","0"
"POINT (13.389151588000100 52.515635184000097)","Unfall 235522 (2022) Kat:3, Licht: 0","235522","3","3","5","07","20","2","","0","1","1","0","0"
"POINT (13.343946408000001 52.546033114000103)","Unfall 235523 (2022) Kat:2, Licht: 0","235523","2","1","0","08","15","6","","0","0","0","0","1"
"POINT (13.563254385000100 52.515399773000098)","Unfall 235524 (2022) Kat:3, Licht: 0","235524","3","3","5","09","09","2","","0","1","1","0","0"
"POINT (13.338754456000100 52.528293405000099)","Unfall 235525 (2022) Kat:3, Licht: 2","235525","3","6","4","08","23","5","","2","1","0","0","0"
"POINT (13.379538726000000 52.506592503000000)","Unfall 235526 (2022) Kat:2, Licht: 0","235526","2","3","5","07","17","4","","0","0","1","0","0"
"POINT (13.321799743000000 52.511955175000097)","Unfall 235527 (2022) Kat:3, Licht: 0","235527","3","7","6","07","10","5","","0","1","0","1","0"
"POINT (13.572151644000000 52.450863895000097)","Unfall 235528 (2022) Kat:3, Licht: 0","235528","3","2","5","08","16","1","","0","1","1","0","0"
"POINT (13.311751380000000 52.459912239000097)","Unfall 235529 (2022) Kat:1, Licht: 0","235529","1","6","8","07","13","1","","0","0","1","0","0"
"POINT (13.289752072000100 52.603580751000003)","Unfall 235530 (2022) Kat:3, Licht: 0","235530","3","2","5","08","15","5","","0","0","1","0","1"
"POINT (13.371823591000100 52.509260042999998)","Unfall 235531 (2022) Kat:3, Licht: 0","235531","3","3","2","08","11","5","","0","1","1","0","0"
"POINT (13.431272108000000 52.509728563000102)","Unfall 235532 (2022) Kat:3, Licht: 0","235532","3","5","1","07","16","6","","0","1","1","0","0"
"POINT (13.399577273000000 52.591573144000101)","Unfall 235533 (2022) Kat:3, Licht: 0","235533","3","3","5","08","10","2","","0","0","1","0","1"
"POINT (13.407903189000001 52.524548402999997)","Unfall 235534 (2022) Kat:3, Licht: 0","235534","3","6","4","09","18","4","","0","1","0","0","0"
"POINT (13.406663929000000 52.398505124000103)","Unfall 235535 (2022) Kat:3, Licht: 0","235535","3","2","5","08","07","2","","0","1","1","0","0"
"POINT (13.333075416000000 52.478720260999999)","Unfall 235536 (2022) Kat:3, Licht: 0","235536","3","1","9","08","06","4","","0","0","0","0","1"
"POINT (13.311521386000001 52.506349984000103)","Unfall 235537 (2022) Kat:2, Licht: 0","235537","2","2","0","08","16","4","","0","1","1","0","0"
"POINT (13.418855592000099 52.536476119000000)","Unfall 235538 (2022) Kat:3, Licht: 0","235538","3","4","6","07","18","6","","0","0","1","1","0"
"POINT (13.309873310000100 52.578371566000001)","Unfall 235539 (2022) Kat:3, Licht: 0","235539","3","6","2","09","13","6","","0","0","0","0","0"
"POINT (13.445970613000000 52.515285979000097)","Unfall 235540 (2022) Kat:3, Licht: 2","235540","3","1","0","08","23","5","","2","1","0","0","0"
"POINT (13.360532299000100 52.596915040000098)","Unfall 235541 (2022) Kat:2, Licht: 0","235541","2","2","5","08","08","4","","0","0","1","0","0"
"POINT (13.404988077000001 52.533863437999997)","Unfall 235542 (2022) Kat:3, Licht: 0","235542","3","5","1","07","16","4","","0","1","0","0","0"
"POINT (13.353745049000100 52.549411244000098)","Unfall 235543 (2022) Kat:3, Licht: 0","235543","3","4","6","07","08","4","","0","0","1","1","0"
"POINT (13.354328680000000 52.439074847000001)","Unfall 235544 (2022) Kat:3, Licht: 0","235544","3","3","5","08","11","7","","0","0","1","0","0"
"POINT (13.337251731000000 52.488212466999997)","Unfall 235545 (2022) Kat:3, Licht: 0","235545","3","7","6","08","11","2","","0","0","1","1","0"
"POINT (13.361470184000000 52.509815754999998)","Unfall 235546 (2022) Kat:3, Licht: 0","235546","3","6","2","07","10","6","","0","0","1","0","0"
"POINT (13.551734173000099 52.428486468000102)","Unfall 235547 (2022) Kat:3, Licht: 0","235547","3","2","5","08","15","4","","0","1","1","0","0"
"POINT (13.535067676000001 52.561349507999999)","Unfall 235548 (2022) Kat:2, Licht: 0","235548","2","2","5","08","17","3","","0","1","1","0","0"
"POINT (13.347406270000000 52.470595113000101)","Unfall 235549 (2022) Kat:3, Licht: 0","235549","3","7","5","09","11","7","","0","0","1","0","0"
"POINT (13.404706429999999 52.449286685000096)","Unfall 235550 (2022) Kat:3, Licht: 0","235550","3","7","5","07","11","5","","0","0","1","0","0"
"POINT (13.384026178000100 52.457008041000101)","Unfall 235551 (2022) Kat:3, Licht: 0","235551","3","2","0","08","15","2","","0","1","0","0","0"
"POINT (13.207575509000000 52.528829164999998)","Unfall 235552 (2022) Kat:3, Licht: 0","235552","3","3","5","07","09","3","","0","1","0","0","0"
"POINT (13.440643687000000 52.546628686000098)","Unfall 235553 (2022) Kat:3, Licht: 0","235553","3","6","2","08","15","4","","0","0","1","0","0"
"POINT (13.385707568000001 52.484316138000104)","Unfall 235554 (2022) Kat:3, Licht: 2","235554","3","3","5","08","21","5","","2","0","1","0","1"
"POINT (13.443294364000099 52.487943323000103)","Unfall 235555 (2022) Kat:2, Licht: 0","235555","2","5","1","07","12","6","","0","1","1","0","0"
"POINT (13.310423578000000 52.624800356999998)","Unfall 235556 (2022) Kat:3, Licht: 0","235556","3","3","5","08","16","2","","0","0","1","0","0"
"POINT (13.402618481999999 52.538422136000101)","Unfall 235557 (2022) Kat:3, Licht: 0","235557","3","3","5","08","15","2","","0","0","1","0","0"
"POINT (13.559848342000100 52.442083072999999)","Unfall 235558 (2022) Kat:3, Licht: 0","235558","3","3","5","09","09","5","","0","0","1","0","0"
"POINT (13.398315680000101 52.532539488000097)","Unfall 235559 (2022) Kat:3, Licht: 0","235559","3","1","0","08","13","7","","0","0","0","0","1"
"POINT (13.450524985000101 52.491383412000097)","Unfall 235560 (2022) Kat:3, Licht: 2","235560","3","3","5","08","22","3","","2","0","1","0","1"
"POINT (13.542909996000001 52.435963463000100)","Unfall 235561 (2022) Kat:3, Licht: 0","235561","3","3","5","08","16","3","","0","1","0","0","0"
"POINT (13.295332903000000 52.450453015000100)","Unfall 235562 (2022) Kat:3, Licht: 0","235562","3","5","1","07","12","6","","0","1","1","0","0"
"POINT (13.397357455000099 52.528691610000102)","Unfall 235563 (2022) Kat:3, Licht: 0","235563","3","2","2","09","14","6","","0","1","1","0","0"
"POINT (13.582404348000100 52.442459526999997)","Unfall 235564 (2022) Kat:3, Licht: 0","235564","3","4","6","08","17","5","","0","0","0","1","0"
"POINT (13.410232901000001 52.550215674000100)","Unfall 235565 (2022) Kat:3, Licht: 2","235565","3","1","0","08","01","3","","2","0","0","0","0"
"POINT (13.419736334000000 52.501157307000000)","Unfall 235566 (2022) Kat:3, Licht: 0","235566","3","5","1","07","20","3","","0","1","1","0","0"
"POINT (13.577515927000000 52.456358409000103)","Unfall 235567 (2022) Kat:3, Licht: 2","235567","3","1","0","07","21","5","","2","0","0","0","1"
"POINT (13.340396918000099 52.504224528000101)","Unfall 235568 (2022) Kat:3, Licht: 0","235568","3","6","0","08","16","7","","0","1","1","0","0"
"POINT (13.406705758999999 52.485391528999997)","Unfall 235569 (2022) Kat:3, Licht: 2","235569","3","7","6","08","22","3","","2","0","1","1","0"
"POINT (13.226525410000001 52.547067120000101)","Unfall 235570 (2022) Kat:3, Licht: 2","235570","3","1","0","07","01","1","","2","0","0","0","0"
"POINT (13.325580526000101 52.451082939000102)","Unfall 235571 (2022) Kat:3, Licht: 0","235571","3","7","0","08","09","5","","0","1","1","0","0"
"POINT (13.465829626000099 52.499386690000101)","Unfall 235572 (2022) Kat:3, Licht: 0","235572","3","2","5","08","11","3","","0","0","1","0","1"
"POINT (13.386770744000000 52.549452826000000)","Unfall 235573 (2022) Kat:3, Licht: 2","235573","3","3","5","09","22","1","","2","1","0","0","0"
"POINT (13.396311398000000 52.491047692000102)","Unfall 235574 (2022) Kat:3, Licht: 0","235574","3","3","5","08","12","2","","0","0","1","0","1"
"POINT (13.294060537000099 52.587810053000098)","Unfall 235575 (2022) Kat:3, Licht: 0","235575","3","5","1","09","14","3","","0","0","1","0","0"
"POINT (13.507522356999999 52.474943977000102)","Unfall 235576 (2022) Kat:3, Licht: 0","235576","3","2","5","08","13","7","","0","1","1","0","0"
"POINT (13.387476457000000 52.533427605000000)","Unfall 235577 (2022) Kat:3, Licht: 0","235577","3","2","0","07","11","7","","0","1","1","0","0"
"POINT (13.437401352000100 52.479146598000099)","Unfall 235578 (2022) Kat:3, Licht: 2","235578","3","2","5","08","21","3","","2","0","0","0","1"
"POINT (13.411423723000000 52.505139472000103)","Unfall 235579 (2022) Kat:2, Licht: 2","235579","2","7","0","07","00","5","","2","1","0","0","0"
"POINT (13.322291731000099 52.518333310999999)","Unfall 235580 (2022) Kat:3, Licht: 0","235580","3","2","5","08","12","5","","0","0","0","0","1"
"POINT (13.367636580000100 52.435723981000102)","Unfall 235581 (2022) Kat:3, Licht: 0","235581","3","6","3","08","08","1","","0","0","1","0","0"
"POINT (13.519638509000099 52.505924799000098)","Unfall 235582 (2022) Kat:3, Licht: 0","235582","3","7","5","08","11","3","","0","0","1","0","0"
"POINT (13.565250435999999 52.572607177000101)","Unfall 235583 (2022) Kat:3, Licht: 0","235583","3","1","8","07","15","2","","0","0","0","0","1"
"POINT (13.300092246000100 52.421114007000000)","Unfall 235584 (2022) Kat:3, Licht: 0","235584","3","6","2","07","11","4","","0","0","1","0","0"
"POINT (13.436995523000100 52.493040675000003)","Unfall 235585 (2022) Kat:3, Licht: 0","235585","3","5","1","08","18","6","","0","1","1","0","0"
"POINT (13.266250716000100 52.520467219000103)","Unfall 235586 (2022) Kat:3, Licht: 0","235586","3","6","2","08","12","2","","0","0","1","0","1"
"POINT (13.309803708000100 52.492721528000096)","Unfall 235587 (2022) Kat:3, Licht: 0","235587","3","6","2","07","17","6","","0","0","1","0","0"
"POINT (13.288504186000100 52.518917433000098)","Unfall 235588 (2022) Kat:3, Licht: 0","235588","3","7","5","08","08","4","","0","0","1","0","1"
"POINT (13.417881202000000 52.514602812000099)","Unfall 235589 (2022) Kat:3, Licht: 0","235589","3","4","6","09","16","5","","0","1","0","1","0"
"POINT (13.302293647000100 52.507537425000102)","Unfall 235590 (2022) Kat:3, Licht: 0","235590","3","5","1","08","13","3","","0","1","1","0","0"
"POINT (13.437534579999999 52.493587643000097)","Unfall 235591 (2022) Kat:3, Licht: 0","235591","3","2","2","09","11","7","","0","0","1","0","0"
"POINT (13.481646234999999 52.411195447000097)","Unfall 235592 (2022) Kat:3, Licht: 0","235592","3","6","2","08","14","2","","0","0","1","0","0"
"POINT (13.338938672999999 52.499518217999999)","Unfall 235593 (2022) Kat:3, Licht: 0","235593","3","5","1","09","17","5","","0","0","1","0","0"
"POINT (13.392162107000001 52.618888712999997)","Unfall 235594 (2022) Kat:3, Licht: 0","235594","3","3","5","09","13","3","","0","1","1","0","0"
"POINT (13.305990426000101 52.525810115000098)","Unfall 235595 (2022) Kat:2, Licht: 2","235595","2","3","5","08","21","5","","2","1","1","0","0"
"POINT (13.323015517000000 52.586438565999998)","Unfall 235596 (2022) Kat:2, Licht: 0","235596","2","1","8","08","13","2","","0","0","1","0","0"
"POINT (13.179923046000100 52.499090860000102)","Unfall 235597 (2022) Kat:3, Licht: 0","235597","3","2","5","07","06","3","","0","0","1","0","1"
"POINT (13.346563150000099 52.567112620000003)","Unfall 235598 (2022) Kat:1, Licht: 0","235598","1","2","5","08","08","4","","0","1","0","0","0"
"POINT (13.298204729000100 52.502644048000001)","Unfall 235599 (2022) Kat:2, Licht: 1","235599","2","1","0","08","20","6","","1","1","0","0","0"
"POINT (13.356676816000100 52.497794130000003)","Unfall 235600 (2022) Kat:3, Licht: 0","235600","3","7","0","07","15","2","","0","0","0","0","1"
"POINT (13.575692859000100 52.558258603000098)","Unfall 235601 (2022) Kat:3, Licht: 0","235601","3","1","8","08","17","7","","0","0","1","0","0"
"POINT (13.410344536000000 52.529932320000100)","Unfall 235602 (2022) Kat:3, Licht: 0","235602","3","6","3","08","15","3","","0","1","1","0","0"
"POINT (13.330427066000000 52.562588762000097)","Unfall 235603 (2022) Kat:3, Licht: 0","235603","3","3","5","09","08","5","","0","1","1","0","0"
"POINT (13.500078670000100 52.531262095999999)","Unfall 235604 (2022) Kat:3, Licht: 2","235604","3","2","5","08","23","2","","2","1","1","0","0"
"POINT (13.307180685000001 52.505028227000103)","Unfall 235605 (2022) Kat:3, Licht: 0","235605","3","2","6","08","19","4","","0","0","1","1","0"