WKT,Name,OBJECTID,UKATEGORIE,UTYP1,UART,UMONAT,USTUNDE,UWOCHENTAG,STRZUSTAND,ULICHTVERH,ISTRAD,ISTPKW,ISTFUSS,ISTKRAD
"POINT (13.427764483000001 52.488333019000002)","Unfall 235606 (2022) Kat:3, Licht: 0","235606","3","3","5","08","14","4","","0","1","1","0","0"
"POINT (13.436679901000000 52.523376140000003)","Unfall 235607 (2022) Kat:3, Licht: 2","235607","3","5","1","07","01","1","","2","0","1","0","0"
"POINT (13.466591894000000 52.501284795000103)","Unfall 235608 (2022) Kat:3, Licht: 0","235608","3","6","0","08","15","6","","0","0","0","0","1"
"POINT (13.499692166000001 52.534529229999997)","Unfall 235609 (2022) Kat:3, Licht: 0","235609","3","2","5","09","14","2","","0","0","1","0","0"
"POINT (13.308000840000000 52.488409101999999)","Unfall 235610 (2022) Kat:3, Licht: 0","235610","3","3","5","08","14","4","","0","1","1","0","0"
"POINT (13.386631223000100 52.490077364000101)","Unfall 235611 (2022) Kat:3, Licht: 0","235611","3","2","5","07","13","3","","0","1","1","0","0"
"POINT (13.395310854000099 52.497559862000102)","Unfall 235612 (2022) Kat:3, Licht: 0","235612","3","2","2","08","17","2","","0","0","1","0","0"
"POINT (13.392567804000100 52.491795416000102)","Unfall 235613 (2022) Kat:3, Licht: 0","235613","3","2","2","07","17","7","","0","0","1","0","1"
"POINT (13.356996561000100 52.542110428999997)","Unfall 235614 (2022) Kat:3, Licht: 0","235614","3","3","5","08","16","5","","0","1","1","0","0"
"POINT (13.199532672000000 52.552419112000102)","Unfall 235615 (2022) Kat:3, Licht: 0","235615","3","7","5","08","18","3","","0","0","1","0","0"
"POINT (13.291212301000000 52.506566722999999)","Unfall 235616 (2022) Kat:2, Licht: 0","235616","2","2","6","07","17","5","","0","0","1","1","0"
"POINT (13.313038895000000 52.500456998000097)","Unfall 235617 (2022) Kat:3, Licht: 0","235617","3","2","6","08","12","2","","0","0","1","1","0"
"POINT (13.354601417000000 52.560721612000101)","Unfall 235618 (2022) Kat:3, Licht: 2","235618","3","1","1","09","04","5","","2","0","1","0","1"
"POINT (13.396773466000100 52.447237334000100)","Unfall 235619 (2022) Kat:2, Licht: 0","235619","2","3","5","08","14","7","","0","1","1","0","0"
"POINT (13.376872129000001 52.489429788999999)","Unfall 235620 (2022) Kat:3, Licht: 0","235620","3","2","5","08","18","4","","0","0","1","0","0"
"POINT (13.417471531000000 52.526385830999999)","Unfall 235621 (2022) Kat:3, Licht: 0","235621","3","4","6","07","12","7","","0","1","0","1","0"
"POINT (13.447866739000100 52.422365636999999)","Unfall 235622 (2022) Kat:3, Licht: 0","235622","3","7","6","09","07","6","","0","0","0","1","0"
"POINT (13.469074546000099 52.599368788000000)","Unfall 235623 (2022) Kat:2, Licht: 0","235623","2","1","8","08","08","6","","0","0","1","0","0"
"POINT (13.330321151000000 52.466886757000097)","Unfall 235624 (2022) Kat:3, Licht: 2","235624","3","1","0","08","01","1","","2","1","0","0","0"
"POINT (13.390970869000100 52.489512902999998)","Unfall 235625 (2022) Kat:2, Licht: 2","235625","2","4","6","08","22","3","","2","1","0","1","0"
"POINT (13.331024877000100 52.490638723000103)","Unfall 235626 (2022) Kat:3, Licht: 0","235626","3","6","2","07","11","2","","0","0","1","0","1"
"POINT (13.454937909000000 52.474440256999998)","Unfall 235627 (2022) Kat:3, Licht: 0","235627","3","6","3","07","09","4","","0","0","1","0","1"
"POINT (13.192756388000101 52.528696144999998)","Unfall 235628 (2022) Kat:3, Licht: 0","235628","3","7","6","08","10","6","","0","0","1","1","0"
"POINT (13.390047286000000 52.509498662000098)","Unfall 235629 (2022) Kat:3, Licht: 0","235629","3","3","5","08","10","2","","0","0","1","0","0"
"POINT (13.270974788000000 52.451569421999999)","Unfall 235630 (2022) Kat:3, Licht: 0","235630","3","6","2","07","14","6","","0","0","1","0","0"
"POINT (13.399576872000100 52.528898872000099)","Unfall 235631 (2022) Kat:2, Licht: 0","235631","2","6","4","08","14","4","","0","1","0","0","0"
"POINT (13.298676550000000 52.441162284000001)","Unfall 235632 (2022) Kat:3, Licht: 0","235632","3","6","3","09","07","6","","0","1","1","0","0"
"POINT (13.450158989000000 52.496473766000101)","Unfall 235633 (2022) Kat:2, Licht: 0","235633","2","2","5","09","07","6","","0","0","1","0","1"
"POINT (13.399957799999999 52.522852097000097)","Unfall 235634 (2022) Kat:3, Licht: 0","235634","3","3","5","09","14","3","","0","0","1","0","0"
"POINT (13.575166286000099 52.444478644000100)","Unfall 235635 (2022) Kat:3, Licht: 0","235635","3","6","3","08","16","5","","0","1","0","0","0"
"POINT (13.428985368999999 52.486621968000101)","Unfall 235636 (2022) Kat:3, Licht: 0","235636","3","2","5","07","16","6","","0","1","0","0","0"
"POINT (13.393020546000100 52.542626722000101)","Unfall 235637 (2022) Kat:3, Licht: 0","235637","3","3","5","08","06","3","","0","0","1","0","0"
"POINT (13.247905558000101 52.548783141000101)","Unfall 235638 (2022) Kat:3, Licht: 0","235638","3","7","6","07","15","5","","0","0","1","1","0"
"POINT (13.418084041000000 52.515653495999999)","Unfall 235639 (2022) Kat:3, Licht: 0","235639","3","2","5","08","17","5","","0","0","1","0","0"
"POINT (13.425952259000001 52.467902725999998)","Unfall 235640 (2022) Kat:3, Licht: 0","235640","3","3","5","08","20","6","","0","1","0","0","0"
"POINT (13.331353646000000 52.529002314000103)","Unfall 235641 (2022) Kat:3, Licht: 0","235641","3","5","1","07","13","1","","0","0","1","0","0"
"POINT (13.475051190000000 52.455984505000103)","Unfall 235642 (2022) Kat:3, Licht: 0","235642","3","3","2","07","08","2","","0","1","1","0","0"
"POINT (13.385514598000000 52.464820721000102)","Unfall 235643 (2022) Kat:3, Licht: 0","235643","3","4","6","08","13","6","","0","0","0","1","0"
"POINT (13.440533183000101 52.547479754999998)","Unfall 235644 (2022) Kat:3, Licht: 0","235644","3","6","2","08","18","7","","0","0","1","0","0"
"POINT (13.328422953000000 52.464781580000100)","Unfall 235645 (2022) Kat:3, Licht: 0","235645","3","2","5","08","17","3","","0","1","1","0","0"
"POINT (13.399551633000000 52.498289943000003)","Unfall 235646 (2022) Kat:3, Licht: 0","235646","3","1","0","09","12","5","","0","0","0","0","1"
"POINT (13.418332139000000 52.498786579000097)","Unfall 235647 (2022) Kat:3, Licht: 0","235647","3","7","0","08","19","2","","0","0","1","0","1"
"POINT (13.260306729000000 52.537209575000098)","Unfall 235648 (2022) Kat:3, Licht: 0","235648","3","6","2","08","18","5","","0","0","1","0","0"
"POINT (13.492884163999999 52.564984293000101)","Unfall 235649 (2022) Kat:3, Licht: 0","235649","3","6","2","07","15","5","","0","0","1","0","0"
"POINT (13.411313623000099 52.500661717000099)","Unfall 235650 (2022) Kat:3, Licht: 0","235650","3","7","1","09","15","5","","0","0","1","0","0"
"POINT (13.288900765000101 52.443817277000100)","Unfall 235651 (2022) Kat:3, Licht: 0","235651","3","2","5","07","15","3","","0","1","1","0","0"
"POINT (13.622182607000100 52.512244882000097)","Unfall 235652 (2022) Kat:3, Licht: 0","235652","3","6","2","09","15","2","","0","0","1","0","1"
"POINT (13.402109787000001 52.602858283000003)","Unfall 235653 (2022) Kat:3, Licht: 0","235653","3","2","5","08","14","5","","0","0","1","0","0"
"POINT (13.453485089000001 52.527829806000099)","Unfall 235654 (2022) Kat:2, Licht: 0","235654","2","6","2","07","18","4","","0","0","1","0","0"
"POINT (13.377791424000099 52.563679417000102)","Unfall 235655 (2022) Kat:3, Licht: 0","235655","3","3","5","08","11","2","","0","0","1","0","0"
"POINT (13.378812962000000 52.552953725000101)","Unfall 235656 (2022) Kat:3, Licht: 0","235656","3","5","1","07","15","4","","0","1","1","0","0"
"POINT (13.537150453000001 52.539422389000002)","Unfall 235657 (2022) Kat:3, Licht: 0","235657","3","3","5","08","14","4","","0","1","1","0","0"
"POINT (13.186743633000001 52.537691402000100)","Unfall 235658 (2022) Kat:3, Licht: 2","235658","3","7","5","08","21","6","","2","0","1","0","1"
"POINT (13.512092844000099 52.470986190000097)","Unfall 235659 (2022) Kat:2, Licht: 0","235659","2","7","5","09","14","3","","0","0","1","0","0"
"POINT (13.305920200000100 52.513445649000097)","Unfall 235660 (2022) Kat:3, Licht: 0","235660","3","5","1","08","13","6","","0","1","1","0","0"
"POINT (13.440767744000000 52.517539372999998)","Unfall 235661 (2022) Kat:3, Licht: 0","235661","3","3","5","07","17","6","","0","0","1","0","0"
"POINT (13.661631905000000 52.449914750000097)","Unfall 235662 (2022) Kat:3, Licht: 0","235662","3","1","0","08","17","3","","0","0","0","0","1"
"POINT (13.326061907000099 52.459250422000103)","Unfall 235663 (2022) Kat:3, Licht: 0","235663","3","7","5","07","11","5","","0","1","1","0","0"
"POINT (13.538088224999999 52.434224587000102)","Unfall 235664 (2022) Kat:3, Licht: 0","235664","3","5","1","08","17","5","","0","1","1","0","0"
"POINT (13.458461209000101 52.485745758000100)","Unfall 235665 (2022) Kat:3, Licht: 0","235665","3","2","5","08","08","6","","0","1","1","0","0"
"POINT (13.435183472000100 52.501364645000102)","Unfall 235666 (2022) Kat:3, Licht: 1","235666","3","3","5","07","19","2","","1","1","1","0","0"
"POINT (13.508692108000000 52.452126684000099)","Unfall 235667 (2022) Kat:3, Licht: 0","235667","3","6","2","07","06","3","","0","0","1","0","0"
"POINT (13.306281705000099 52.465917417000099)","Unfall 235668 (2022) Kat:3, Licht: 0","235668","3","6","2","08","17","6","","0","0","1","0","0"
"POINT (13.308229138000099 52.516812134000098)","Unfall 235669 (2022) Kat:3, Licht: 0","235669","3","4","0","08","09","2","","0","0","0","1","0"
"POINT (13.369465187000101 52.560607145000098)","Unfall 235670 (2022) Kat:3, Licht: 0","235670","3","5","1","08","19","4","","0","1","1","0","0"
"POINT (13.453782965000100 52.488809207000003)","Unfall 235671 (2022) Kat:3, Licht: 2","235671","3","6","2","09","23","5","","2","1","1","0","0"
"POINT (13.361532072999999 52.544739083000103)","Unfall 235672 (2022) Kat:3, Licht: 0","235672","3","6","2","08","16","2","","0","0","1","0","0"
"POINT (13.392433397000000 52.464386461000103)","Unfall 235673 (2022) Kat:3, Licht: 0","235673","3","7","2","09","09","7","","0","1","1","0","0"
"POINT (13.418301041000101 52.516412855000098)","Unfall 235674 (2022) Kat:3, Licht: 0","235674","3","3","5","08","18","4","","0","1","1","0","0"
"POINT (13.436583957000000 52.474515973999999)","Unfall 235675 (2022) Kat:3, Licht: 0","235675","3","3","5","07","11","5","","0","0","1","0","0"
"POINT (13.411822264000000 52.523967652000103)","Unfall 235676 (2022) Kat:2, Licht: 0","235676","2","2","5","09","14","5","","0","1","1","0","0"
"POINT (13.491736441000100 52.534174200000102)","Unfall 235677 (2022) Kat:2, Licht: 0","235677","2","2","5","07","17","3","","0","0","1","0","0"
"POINT (13.398071715000100 52.490985371000100)","Unfall 235678 (2022) Kat:3, Licht: 0","235678","3","2","5","09","07","3","","0","1","0","0","0"
"POINT (13.432216993999999 52.510695380000101)","Unfall 235679 (2022) Kat:2, Licht: 0","235679","2","7","5","08","07","6","","0","1","1","0","0"
"POINT (13.442485136000100 52.465501011000100)","Unfall 235680 (2022) Kat:3, Licht: 0","235680","3","2","5","08","12","2","","0","1","1","0","0"
"POINT (13.461274780000100 52.508579204000100)","Unfall 235681 (2022) Kat:3, Licht: 0","235681","3","3","5","07","10","4","","0","0","1","0","0"
"POINT (13.345195484000000 52.554340237000098)","Unfall 235682 (2022) Kat:3, Licht: 0","235682","3","2","5","08","17","4","","0","0","1","0","0"
"POINT (13.233657222000000 52.436254039000097)","Unfall 235683 (2022) Kat:2, Licht: 0","235683","2","5","1","08","09","5","","0","1","1","0","0"
"POINT (13.414062197000000 52.498435714000003)","Unfall 235684 (2022) Kat:3, Licht: 0","235684","3","3","5","07","15","6","","0","0","1","0","0"
"POINT (13.409045506000000 52.591400256000000)","Unfall 235685 (2022) Kat:2, Licht: 0","235685","2","1","0","08","18","7","","0","0","0","0","1"
"POINT (13.325009470000101 52.502546391000102)","Unfall 235686 (2022) Kat:2, Licht: 0","235686","2","1","9","09","16","5","","0","0","1","0","0"
"POINT (13.604161989000000 52.408739104000098)","Unfall 235687 (2022) Kat:3, Licht: 0","235687","3","2","5","08","13","1","","0","1","0","0","0"
"POINT (13.475450706000100 52.511905919000100)","Unfall 235688 (2022) Kat:3, Licht: 0","235688","3","2","5","08","06","4","","0","1","1","0","0"
"POINT (13.165631638000001 52.551202848000102)","Unfall 235689 (2022) Kat:3, Licht: 2","235689","3","4","6","08","23","4","","2","0","0","1","1"
"POINT (13.496512256000100 52.533941986999999)","Unfall 235690 (2022) Kat:3, Licht: 0","235690","3","6","2","07","08","2","","0","1","1","0","0"
"POINT (13.209969501000000 52.500923961000098)","Unfall 235691 (2022) Kat:3, Licht: 0","235691","3","3","0","08","17","5","","0","1","1","0","0"
"POINT (13.144005462999999 52.546269342000102)","Unfall 235692 (2022) Kat:2, Licht: 0","235692","2","7","0","08","15","7","","0","0","1","0","0"
"POINT (13.441647533999999 52.469694754999999)","Unfall 235693 (2022) Kat:3, Licht: 2","235693","3","3","5","09","23","2","","2","0","1","0","0"
"POINT (13.244229127000001 52.614945378000101)","Unfall 235694 (2022) Kat:3, Licht: 0","235694","3","3","5","08","10","5","","0","1","1","0","0"
"POINT (13.321291180000101 52.456720369999999)","Unfall 235695 (2022) Kat:3, Licht: 0","235695","3","6","3","07","13","1","","0","1","1","0","0"
"POINT (13.342438770999999 52.458886650000103)","Unfall 235696 (2022) Kat:3, Licht: 0","235696","3","3","5","07","09","4","","0","0","1","0","1"
"POINT (13.466282795000000 52.496985419000097)","Unfall 235697 (2022) Kat:3, Licht: 0","235697","3","3","5","07","07","5","","0","1","0","0","0"
"POINT (13.412912226000101 52.506421785999997)","Unfall 235698 (2022) Kat:3, Licht: 0","235698","3","5","1","08","11","2","","0","0","1","0","0"
"POINT (13.272252650000000 52.453755102000102)","Unfall 235699 (2022) Kat:3, Licht: 0","235699","3","6","2","07","18","7","","0","0","1","0","0"
"POINT (13.558323982999999 52.455526754000097)","Unfall 235700 (2022) Kat:3, Licht: 0","235700","3","6","2","08","16","5","","0","0","1","0","0"
"POINT (13.362220484000000 52.428402924000103)","Unfall 235701 (2022) Kat:3, Licht: 0","235701","3","7","1","08","12","3","","0","0","1","0","0"
"POINT (13.384378166999999 52.556199251000102)","Unfall 235702 (2022) Kat:3, Licht: 1","235702","3","5","1","08","19","2","","1","1","0","0","1"
"POINT (13.511907848000000 52.462917152999999)","Unfall 235703 (2022) Kat:3, Licht: 0","235703","3","2","5","09","09","5","","0","1","1","0","0"
"POINT (13.383226447000000 52.471824906000101)","Unfall 235704 (2022) Kat:2, Licht: 0","235704","2","5","1","08","08","7","","0","1","1","0","0"
"POINT (13.367927761000001 52.586235420000001)","Unfall 235705 (2022) Kat:3, Licht: 0","235705","3","7","6","08","10","4","","0","1","0","1","0"
"POINT (13.207837881000000 52.528475964000101)","Unfall 235706 (2022) Kat:3, Licht: 2","235706","3","2","3","07","21","6","","2","1","0","0","0"
"POINT (13.299492617000100 52.523273286000098)","Unfall 235707 (2022) Kat:2, Licht: 0","235707","2","7","5","09","10","6","","0","1","1","0","0"
"POINT (13.317936764000001 52.454225325000003)","Unfall 235708 (2022) Kat:3, Licht: 0","235708","3","2","5","08","12","6","","0","1","1","0","0"
"POINT (13.339861298000100 52.518945252000002)","Unfall 235709 (2022) Kat:3, Licht: 0","235709","3","2","0","08","19","2","","0","1","1","0","0"
"POINT (13.328682185000000 52.431817061000103)","Unfall 235710 (2022) Kat:3, Licht: 0","235710","3","5","1","08","06","4","","0","1","1","0","0"
"POINT (13.353339278000000 52.505527734000097)","Unfall 235711 (2022) Kat:3, Licht: 0","235711","3","6","2","07","15","3","","0","0","1","0","0"
"POINT (13.403043910000100 52.524512580000099)","Unfall 235712 (2022) Kat:3, Licht: 0","235712","3","1","0","07","09","4","","0","1","0","0","0"
"POINT (13.420072291000100 52.502228134000099)","Unfall 235713 (2022) Kat:3, Licht: 0","235713","3","3","0","08","19","7","","0","0","1","0","1"
"POINT (13.296431843000100 52.497930078000103)","Unfall 235714 (2022) Kat:3, Licht: 0","235714","3","4","0","08","07","3","","0","0","0","1","1"
"POINT (13.341492093000101 52.525533317000097)","Unfall 235715 (2022) Kat:3, Licht: 0","235715","3","4","6","07","13","7","","0","0","1","1","0"
"POINT (13.197523579000100 52.516637312999997)","Unfall 235716 (2022) Kat:3, Licht: 0","235716","3","5","1","08","13","4","","0","0","1","0","0"
"POINT (13.337862652000100 52.451128058000101)","Unfall 235717 (2022) Kat:3, Licht: 0","235717","3","2","5","09","15","6","","0","1","1","0","0"
"POINT (13.503478475000099 52.509695055000101)","Unfall 235718 (2022) Kat:3, Licht: 0","235718","3","2","5","09","07","6","","0","0","1","0","0"
"POINT (13.282775042000001 52.497024711000101)","Unfall 235719 (2022) Kat:3, Licht: 0","235719","3","6","3","09","16","3","","0","0","0","0","1"
"POINT (13.305851959000099 52.532809526000101)","Unfall 235720 (2022) Kat:3, Licht: 0","235720","3","7","5","08","12","6","","0","0","1","0","1"
"POINT (13.462159320000101 52.518878766000100)","Unfall 235721 (2022) Kat:3, Licht: 1","235721","3","3","5","07","05","7","","1","0","1","0","0"
"POINT (13.532283085000101 52.576718769000102)","Unfall 235722 (2022) Kat:3, Licht: 2","235722","3","1","0","08","20","2","","2","0","1","0","1"
"POINT (13.534865889000100 52.432493981000100)","Unfall 235723 (2022) Kat:3, Licht: 0","235723","3","1","0","07","13","5","","0","1","0","0","0"
"POINT (13.457797072000099 52.529036276000099)","Unfall 235724 (2022) Kat:3, Licht: 0","235724","3","2","5","08","07","5","","0","1","1","0","0"
"POINT (13.315822883000100 52.481779003000000)","Unfall 235725 (2022) Kat:3, Licht: 0","235725","3","2","5","08","08","6","","0","1","1","0","0"
"POINT (13.404894534000100 52.551243001000003)","Unfall 235726 (2022) Kat:3, Licht: 2","235726","3","6","2","07","21","2","","2","0","1","0","1"
"POINT (13.452448677000101 52.512473763000102)","Unfall 235727 (2022) Kat:3, Licht: 1","235727","3","2","5","07","21","3","","1","1","1","0","0"
"POINT (13.377229856000000 52.556590655000001)","Unfall 235728 (2022) Kat:3, Licht: 0","235728","3","6","3","08","15","6","","0","0","1","0","0"
"POINT (13.229139577000099 52.528126663000101)","Unfall 235729 (2022) Kat:3, Licht: 2","235729","3","1","0","08","22","1","","2","0","0","0","0"
"POINT (13.410249291000101 52.522515342000098)","Unfall 235730 (2022) Kat:3, Licht: 2","235730","3","2","6","08","23","3","","2","0","0","1","0"
"POINT (13.277572449999999 52.512642640000102)","Unfall 235731 (2022) Kat:3, Licht: 1","235731","3","5","0","09","19","5","","1","0","1","0","1"
"POINT (13.308542899000001 52.495230749000001)","Unfall 235732 (2022) Kat:3, Licht: 0","235732","3","3","5","08","18","2","","0","0","1","0","0"
"POINT (13.281573051000100 52.512620895000097)","Unfall 235733 (2022) Kat:3, Licht: 0","235733","3","6","2","08","16","4","","0","0","1","0","1"
"POINT (13.303074815000100 52.494080996999998)","Unfall 235734 (2022) Kat:3, Licht: 0","235734","3","2","5","07","12","4","","0","0","1","0","1"
"POINT (13.254389017000101 52.506802820000097)","Unfall 235735 (2022) Kat:3, Licht: 0","235735","3","3","5","08","17","4","","0","1","1","0","0"
"POINT (13.341751938000099 52.502029713000098)","Unfall 235736 (2022) Kat:3, Licht: 0","235736","3","5","1","07","10","2","","0","1","1","0","0"
"POINT (13.583395422000001 52.549106730000098)","Unfall 235737 (2022) Kat:3, Licht: 0","235737","3","6","2","08","17","5","","0","0","1","0","0"
"POINT (13.332163357000100 52.506193345000000)","Unfall 235738 (2022) Kat:3, Licht: 0","235738","3","2","2","09","08","2","","0","0","1","0","0"
"POINT (13.401861419999999 52.529818702999997)","Unfall 235739 (2022) Kat:3, Licht: 0","235739","3","6","2","08","14","4","","0","0","1","0","0"
"POINT (13.460617596000100 52.529403989999999)","Unfall 235740 (2022) Kat:3, Licht: 0","235740","3","6","3","07","18","5","","0","0","1","0","0"
"POINT (13.202561223000000 52.523619736000100)","Unfall 235741 (2022) Kat:3, Licht: 0","235741","3","3","5","07","12","5","","0","0","0","0","0"
"POINT (13.437692545000100 52.482996028999999)","Unfall 235742 (2022) Kat:3, Licht: 0","235742","3","6","3","08","09","2","","0","0","1","0","1"
"POINT (13.542806269000000 52.436049810999997)","Unfall 235743 (2022) Kat:3, Licht: 0","235743","3","3","5","07","06","4","","0","0","1","0","1"
"POINT (13.294319520000000 52.533377580000000)","Unfall 235744 (2022) Kat:3, Licht: 0","235744","3","6","2","08","05","4","","0","0","1","0","0"
"POINT (13.405263597999999 52.533956885000102)","Unfall 235745 (2022) Kat:3, Licht: 0","235745","3","3","5","08","14","6","","0","0","1","0","1"
"POINT (13.430033208000101 52.551404235000099)","Unfall 235746 (2022) Kat:3, Licht: 0","235746","3","2","5","07","19","5","","0","1","1","0","0"
"POINT (13.196687765000000 52.530873114000002)","Unfall 235747 (2022) Kat:3, Licht: 0","235747","3","6","2","08","13","6","","0","0","1","0","1"
"POINT (13.441571921000000 52.501195693000099)","Unfall 235748 (2022) Kat:3, Licht: 0","235748","3","6","3","09","15","4","","0","1","0","0","0"
"POINT (13.496458212000100 52.431142184000102)","Unfall 235749 (2022) Kat:2, Licht: 0","235749","2","3","5","08","08","7","","0","0","1","0","0"
"POINT (13.282710168000101 52.478074769000003)","Unfall 235750 (2022) Kat:1, Licht: 0","235750","1","4","6","08","11","4","","0","0","1","1","0"
"POINT (13.331066340000101 52.527208590999997)","Unfall 235751 (2022) Kat:3, Licht: 0","235751","3","5","3","08","17","3","","0","1","0","0","0"
"POINT (13.352140711000100 52.505533298000003)","Unfall 235752 (2022) Kat:2, Licht: 0","235752","2","3","5","07","14","1","","0","1","1","0","0"
"POINT (13.452142885000100 52.527639532000101)","Unfall 235753 (2022) Kat:3, Licht: 0","235753","3","4","0","09","08","6","","0","0","0","1","0"
"POINT (13.328354082000001 52.474050600000098)","Unfall 235754 (2022) Kat:3, Licht: 0","235754","3","7","4","08","12","7","","0","1","0","0","0"
"POINT (13.273294957000100 52.508564229999998)","Unfall 235755 (2022) Kat:3, Licht: 0","235755","3","2","5","09","10","1","","0","0","1","0","0"
"POINT (13.281466319000099 52.511516874000101)","Unfall 235756 (2022) Kat:3, Licht: 0","235756","3","2","5","08","11","4","","0","1","1","0","0"
"POINT (13.402159946999999 52.602867311000097)","Unfall 235757 (2022) Kat:3, Licht: 0","235757","3","2","5","07","09","3","","0","1","1","0","0"
"POINT (13.531363456000101 52.478104415000097)","Unfall 235758 (2022) Kat:3, Licht: 0","235758","3","4","6","08","08","6","","0","1","0","1","0"
"POINT (13.162078105000001 52.520201483000100)","Unfall 235759 (2022) Kat:3, Licht: 0","235759","3","6","2","08","10","3","","0","0","1","0","0"
"POINT (13.433542344999999 52.444278048000101)","Unfall 235760 (2022) Kat:3, Licht: 0","235760","3","2","5","07","14","7","","0","1","1","0","0"
"POINT (13.441890590000099 52.591070322000100)","Unfall 235761 (2022) Kat:3, Licht: 0","235761","3","6","3","08","07","5","","0","0","0","0","1"
"POINT (13.416371216000099 52.511027519000002)","Unfall 235762 (2022) Kat:2, Licht: 0","235762","2","1","0","08","18","3","","0","1","0","0","0"
"POINT (13.330705330000100 52.487227816000001)","Unfall 235763 (2022) Kat:3, Licht: 0","235763","3","6","2","09","15","1","","0","0","1","0","1"
"POINT (13.403692913000000 52.532504379999999)","Unfall 235764 (2022) Kat:3, Licht: 0","235764","3","5","1","09","14","3","","0","1","1","0","0"
"POINT (13.385626381000099 52.467108166000102)","Unfall 235765 (2022) Kat:3, Licht: 0","235765","3","3","5","08","11","7","","0","0","1","0","1"
"POINT (13.387427532000100 52.492850902999997)","Unfall 235766 (2022) Kat:3, Licht: 0","235766","3","2","0","07","19","5","","0","1","1","0","0"
"POINT (13.411523237999999 52.640810930999997)","Unfall 235767 (2022) Kat:2, Licht: 2","235767","2","1","0","08","01","7","","2","0","0","0","1"
"POINT (13.266550690000001 52.512982319999999)","Unfall 235768 (2022) Kat:3, Licht: 0","235768","3","6","2","09","11","4","","0","0","1","0","0"
"POINT (13.187795918000100 52.537458436000101)","Unfall 235769 (2022) Kat:3, Licht: 0","235769","3","2","2","08","11","1","","0","0","1","0","0"
"POINT (13.196966924000000 52.482588329000102)","Unfall 235770 (2022) Kat:3, Licht: 1","235770","3","7","7","08","05","4","","1","1","0","0","0"
"POINT (13.440339377999999 52.501905342000001)","Unfall 235771 (2022) Kat:3, Licht: 0","235771","3","6","3","08","17","3","","0","1","1","0","0"
"POINT (13.333232008000000 52.595517992000097)","Unfall 235772 (2022) Kat:3, Licht: 0","235772","3","2","5","07","10","2","","0","1","1","0","0"
"POINT (13.591612911000000 52.544912533000101)","Unfall 235773 (2022) Kat:2, Licht: 0","235773","2","2","5","09","19","6","","0","0","1","0","1"
"POINT (13.220154099000100 52.560180195999997)","Unfall 235774 (2022) Kat:3, Licht: 0","235774","3","6","2","08","14","7","","0","0","1","0","0"
"POINT (13.434778555999999 52.439373031000102)","Unfall 235775 (2022) Kat:2, Licht: 0","235775","2","3","5","09","17","2","","0","0","1","0","1"
"POINT (13.371956402000000 52.534528280000103)","Unfall 235776 (2022) Kat:3, Licht: 0","235776","3","2","5","08","17","3","","0","0","1","0","0"
"POINT (13.437293931999999 52.455902479000002)","Unfall 235777 (2022) Kat:3, Licht: 0","235777","3","2","5","07","07","4","","0","0","1","0","1"
"POINT (13.205245730000099 52.530007501000100)","Unfall 235778 (2022) Kat:3, Licht: 0","235778","3","6","2","08","15","1","","0","0","1","0","0"
"POINT (13.495638680000100 52.415187562000000)","Unfall 235779 (2022) Kat:3, Licht: 0","235779","3","4","6","07","17","7","","0","0","0","1","0"
"POINT (13.428770254000000 52.588253891000100)","Unfall 235780 (2022) Kat:2, Licht: 0","235780","2","2","5","08","16","5","","0","0","1","0","1"
"POINT (13.439985378000101 52.568062467000097)","Unfall 235781 (2022) Kat:3, Licht: 0","235781","3","6","2","08","08","3","","0","0","1","0","0"
"POINT (13.315605408000099 52.463675146000099)","Unfall 235782 (2022) Kat:3, Licht: 0","235782","3","7","2","09","16","1","","0","1","1","0","0"
"POINT (13.520413389000099 52.494915524000099)","Unfall 235783 (2022) Kat:3, Licht: 0","235783","3","1","0","08","16","1","","0","0","0","0","1"
"POINT (13.348146751000099 52.602749354000103)","Unfall 235784 (2022) Kat:2, Licht: 2","235784","2","4","6","09","20","3","","2","0","1","1","0"
"POINT (13.479673321000099 52.535572830000000)","Unfall 235785 (2022) Kat:3, Licht: 2","235785","3","1","4","08","21","7","","2","0","1","0","0"
"POINT (13.305795118000001 52.442126207999998)","Unfall 235786 (2022) Kat:3, Licht: 0","235786","3","3","5","08","13","3","","0","1","1","0","0"
"POINT (13.316302537000100 52.440627740000103)","Unfall 235787 (2022) Kat:2, Licht: 0","235787","2","7","0","07","11","6","","0","1","0","0","0"
"POINT (13.348034831000099 52.575793089000101)","Unfall 235788 (2022) Kat:3, Licht: 0","235788","3","2","5","08","19","5","","0","1","0","0","0"
"POINT (13.377530515000000 52.465037404999997)","Unfall 235789 (2022) Kat:3, Licht: 0","235789","3","7","1","08","09","1","","0","0","1","0","0"
"POINT (13.341033818000000 52.476371317000002)","Unfall 235790 (2022) Kat:3, Licht: 0","235790","3","3","5","08","14","2","","0","0","1","0","1"
"POINT (13.271110918000000 52.575905267000103)","Unfall 235791 (2022) Kat:3, Licht: 0","235791","3","6","2","07","10","3","","0","0","1","0","1"
"POINT (13.247319207000000 52.524576353999997)","Unfall 235792 (2022) Kat:3, Licht: 0","235792","3","6","2","07","11","4","","0","0","1","0","0"