WKT,Name,OBJECTID,UKATEGORIE,UTYP1,UART,UMONAT,USTUNDE,UWOCHENTAG,STRZUSTAND,ULICHTVERH,ISTRAD,ISTPKW,ISTFUSS,ISTKRAD
"POINT (13.388470519000100 52.468561573999999)","Unfall 235793 (2022) Kat:3, Licht: 0","235793","3","5","1","08","08","6","","0","1","1","0","0"
"POINT (13.331518352000000 52.505362495000000)","Unfall 235794 (2022) Kat:3, Licht: 1","235794","3","2","5","08","20","2","","1","1","0","0","0"
"POINT (13.605506405000000 52.535447189000102)","Unfall 235795 (2022) Kat:3, Licht: 0","235795","3","6","3","07","17","6","","0","0","1","0","1"
"POINT (13.325020224000101 52.500875614000101)","Unfall 235796 (2022) Kat:3, Licht: 2","235796","3","4","6","08","22","4","","2","0","0","1","1"
"POINT (13.554372862999999 52.455696326000101)","Unfall 235797 (2022) Kat:3, Licht: 0","235797","3","2","5","09","12","6","","0","0","0","0","1"
"POINT (13.215491835000000 52.438250165000099)","Unfall 235798 (2022) Kat:3, Licht: 0","235798","3","7","5","08","09","3","","0","0","1","0","1"
"POINT (13.282553115000001 52.518465587000001)","Unfall 235799 (2022) Kat:3, Licht: 0","235799","3","6","3","09","11","6","","0","0","1","0","0"
"POINT (13.395249586000000 52.496883861000100)","Unfall 235800 (2022) Kat:3, Licht: 0","235800","3","2","5","09","08","3","","0","0","1","0","1"
"POINT (13.309419188000000 52.617237947000000)","Unfall 235801 (2022) Kat:3, Licht: 0","235801","3","7","6","08","11","6","","0","0","1","1","0"
"POINT (13.286889683000000 52.586188642000103)","Unfall 235802 (2022) Kat:3, Licht: 0","235802","3","2","5","07","13","1","","0","0","1","0","1"
"POINT (13.306144308000100 52.505704685000097)","Unfall 235803 (2022) Kat:3, Licht: 0","235803","3","4","6","08","08","2","","0","0","0","1","0"
"POINT (13.391109444000101 52.536229087999999)","Unfall 235804 (2022) Kat:3, Licht: 0","235804","3","7","0","07","15","5","","0","1","0","0","0"
"POINT (13.435145051000100 52.491169888999998)","Unfall 235805 (2022) Kat:2, Licht: 0","235805","2","2","6","08","19","5","","0","0","0","1","1"
"POINT (13.394897156000100 52.520704425000098)","Unfall 235806 (2022) Kat:3, Licht: 2","235806","3","1","0","08","23","6","","2","1","0","0","0"
"POINT (13.380445524000001 52.467084218000103)","Unfall 235807 (2022) Kat:3, Licht: 0","235807","3","5","1","07","08","2","","0","1","1","0","0"
"POINT (13.375454691000099 52.540317954000002)","Unfall 235808 (2022) Kat:3, Licht: 2","235808","3","3","5","08","21","6","","2","0","1","0","0"
"POINT (13.351560569000100 52.475277931999997)","Unfall 235809 (2022) Kat:3, Licht: 0","235809","3","6","3","08","16","1","","0","0","0","0","1"
"POINT (13.442386816000100 52.465774092000103)","Unfall 235810 (2022) Kat:3, Licht: 0","235810","3","2","5","08","14","4","","0","0","1","0","0"
"POINT (13.562223821000000 52.437091548000097)","Unfall 235811 (2022) Kat:3, Licht: 1","235811","3","6","2","09","18","5","","1","0","1","0","0"
"POINT (13.377692587000100 52.507772938000102)","Unfall 235812 (2022) Kat:3, Licht: 0","235812","3","3","5","08","06","2","","0","0","1","0","0"
"POINT (13.498574836000000 52.633430842999999)","Unfall 235813 (2022) Kat:3, Licht: 0","235813","3","7","6","08","10","4","","0","0","0","1","0"
"POINT (13.379632485000100 52.444749969000000)","Unfall 235814 (2022) Kat:3, Licht: 0","235814","3","4","6","07","13","4","","0","0","0","1","0"
"POINT (13.437845792000100 52.439277483000097)","Unfall 235815 (2022) Kat:2, Licht: 1","235815","2","3","5","08","20","4","","1","0","1","0","1"
"POINT (13.380471575000101 52.443094111000100)","Unfall 235816 (2022) Kat:3, Licht: 2","235816","3","5","1","07","03","3","","2","1","1","0","0"
"POINT (13.410329394000000 52.523988230000000)","Unfall 235817 (2022) Kat:3, Licht: 1","235817","3","6","2","08","19","5","","1","0","1","0","0"
"POINT (13.308119526000000 52.516847075999998)","Unfall 235818 (2022) Kat:3, Licht: 0","235818","3","7","6","09","10","2","","0","0","0","1","0"
"POINT (13.154640282000100 52.532910839000102)","Unfall 235819 (2022) Kat:3, Licht: 2","235819","3","3","5","08","00","4","","2","0","1","0","0"
"POINT (13.301675264000000 52.505253530000097)","Unfall 235820 (2022) Kat:3, Licht: 0","235820","3","1","0","07","16","5","","0","1","0","0","0"
"POINT (13.450868076000100 52.509157431000098)","Unfall 235821 (2022) Kat:3, Licht: 0","235821","3","4","6","07","12","5","","0","0","0","1","0"
"POINT (13.380200871000101 52.498665889000101)","Unfall 235822 (2022) Kat:3, Licht: 0","235822","3","2","5","08","15","2","","0","0","1","0","0"
"POINT (13.475459310000099 52.456243640000103)","Unfall 235823 (2022) Kat:3, Licht: 0","235823","3","6","2","07","07","3","","0","0","1","0","0"
"POINT (13.436466507000000 52.478842597000003)","Unfall 235824 (2022) Kat:3, Licht: 0","235824","3","5","1","08","17","4","","0","1","1","0","0"
"POINT (13.425070517000099 52.540990289000000)","Unfall 235825 (2022) Kat:3, Licht: 0","235825","3","1","0","08","11","6","","0","1","0","0","0"
"POINT (13.393762719000099 52.528587309000002)","Unfall 235826 (2022) Kat:3, Licht: 0","235826","3","3","0","07","16","5","","0","0","1","0","1"
"POINT (13.414489447000101 52.552066805999999)","Unfall 235827 (2022) Kat:3, Licht: 0","235827","3","1","0","08","15","3","","0","1","0","0","0"
"POINT (13.357348446000101 52.554853830000098)","Unfall 235828 (2022) Kat:3, Licht: 2","235828","3","6","2","09","20","4","","2","0","1","0","0"
"POINT (13.467099663999999 52.512691290000099)","Unfall 235829 (2022) Kat:3, Licht: 2","235829","3","3","5","08","01","1","","2","0","1","0","0"
"POINT (13.458259452000000 52.485773935000097)","Unfall 235830 (2022) Kat:3, Licht: 0","235830","3","1","0","08","19","3","","0","1","0","0","0"
"POINT (13.430129632000000 52.485979869000097)","Unfall 235831 (2022) Kat:3, Licht: 0","235831","3","2","5","08","08","4","","0","1","1","0","0"
"POINT (13.401963671000001 52.492454834999997)","Unfall 235832 (2022) Kat:3, Licht: 2","235832","3","3","5","07","00","6","","2","0","1","0","0"
"POINT (13.308520703999999 52.492285043000003)","Unfall 235833 (2022) Kat:2, Licht: 0","235833","2","6","2","09","09","6","","0","0","0","0","1"
"POINT (13.453546792999999 52.475138413000103)","Unfall 235834 (2022) Kat:3, Licht: 0","235834","3","4","6","08","17","6","","0","1","0","1","0"
"POINT (13.377632470000000 52.529056214999997)","Unfall 235835 (2022) Kat:2, Licht: 0","235835","2","2","6","09","14","7","","0","1","0","1","0"
"POINT (13.450425560999999 52.515579313000003)","Unfall 235836 (2022) Kat:3, Licht: 1","235836","3","3","5","08","20","4","","1","1","1","0","0"
"POINT (13.361219492000000 52.526457710999999)","Unfall 235837 (2022) Kat:3, Licht: 2","235837","3","5","1","07","21","3","","2","1","0","0","1"
"POINT (13.522501462999999 52.427533300999997)","Unfall 235838 (2022) Kat:3, Licht: 0","235838","3","3","5","07","09","5","","0","1","1","0","0"
"POINT (13.376987291000001 52.543530557000103)","Unfall 235839 (2022) Kat:3, Licht: 0","235839","3","6","2","08","16","7","","0","0","1","0","0"
"POINT (13.408632616000000 52.489861138999999)","Unfall 235840 (2022) Kat:3, Licht: 0","235840","3","2","0","08","08","3","","0","1","1","0","0"
"POINT (13.285444427000099 52.574771489000099)","Unfall 235841 (2022) Kat:3, Licht: 0","235841","3","3","5","07","06","7","","0","0","1","0","1"
"POINT (13.141702666000100 52.532506867999999)","Unfall 235842 (2022) Kat:3, Licht: 0","235842","3","3","5","08","09","5","","0","0","1","0","0"
"POINT (13.258022582000001 52.435045477000102)","Unfall 235843 (2022) Kat:3, Licht: 0","235843","3","5","1","08","15","3","","0","1","1","0","0"
"POINT (13.403442805999999 52.448027646000099)","Unfall 235844 (2022) Kat:3, Licht: 0","235844","3","2","0","09","19","7","","0","1","1","0","0"
"POINT (13.466536266000000 52.550524675000098)","Unfall 235845 (2022) Kat:3, Licht: 0","235845","3","3","5","09","11","4","","0","1","1","0","0"
"POINT (13.386059807000001 52.515434124000102)","Unfall 235846 (2022) Kat:1, Licht: 0","235846","1","2","5","08","17","7","","0","0","1","0","1"
"POINT (13.460616616999999 52.432029657999998)","Unfall 235847 (2022) Kat:3, Licht: 0","235847","3","6","2","07","15","7","","0","0","1","0","0"
"POINT (13.473434462000100 52.520680982000002)","Unfall 235848 (2022) Kat:3, Licht: 0","235848","3","3","5","08","07","3","","0","1","1","0","0"
"POINT (13.434787268999999 52.553637777000098)","Unfall 235849 (2022) Kat:3, Licht: 0","235849","3","2","2","07","18","5","","0","0","1","0","0"
"POINT (13.458318761999999 52.453644007999998)","Unfall 235850 (2022) Kat:3, Licht: 2","235850","3","1","0","08","23","5","","2","0","0","0","1"
"POINT (13.367351396000100 52.449936110000102)","Unfall 235851 (2022) Kat:3, Licht: 0","235851","3","2","5","08","15","2","","0","1","1","0","0"
"POINT (13.525742068000101 52.482746489000100)","Unfall 235852 (2022) Kat:3, Licht: 0","235852","3","7","5","08","11","3","","0","0","1","0","0"
"POINT (13.400163570000100 52.498418741000101)","Unfall 235853 (2022) Kat:3, Licht: 0","235853","3","6","2","07","18","4","","0","0","1","0","0"
"POINT (13.149540899000000 52.543314845000097)","Unfall 235854 (2022) Kat:3, Licht: 0","235854","3","3","5","08","12","6","","0","0","0","0","0"
"POINT (13.152038280000101 52.559164458000097)","Unfall 235855 (2022) Kat:3, Licht: 2","235855","3","7","0","08","20","2","","2","1","0","0","0"
"POINT (13.426629112000100 52.463864059999999)","Unfall 235856 (2022) Kat:3, Licht: 1","235856","3","5","1","07","21","6","","1","1","1","0","0"
"POINT (13.344287207000001 52.467481909000099)","Unfall 235857 (2022) Kat:3, Licht: 0","235857","3","4","6","08","13","4","","0","0","1","1","0"
"POINT (13.277329173000100 52.461292726000103)","Unfall 235858 (2022) Kat:3, Licht: 0","235858","3","7","2","09","12","5","","0","0","0","0","1"
"POINT (13.281787784000100 52.477473734999997)","Unfall 235859 (2022) Kat:3, Licht: 0","235859","3","7","6","08","14","2","","0","0","1","1","0"
"POINT (13.473796946000000 52.475002971000002)","Unfall 235860 (2022) Kat:3, Licht: 0","235860","3","2","5","09","10","6","","0","1","1","0","0"
"POINT (13.560197085000000 52.422580663000097)","Unfall 235861 (2022) Kat:2, Licht: 0","235861","2","3","5","08","10","3","","0","1","1","0","0"
"POINT (13.342972798000099 52.482615119999998)","Unfall 235862 (2022) Kat:3, Licht: 2","235862","3","5","1","09","21","5","","2","1","1","0","0"
"POINT (13.332785172000101 52.478906518000002)","Unfall 235863 (2022) Kat:3, Licht: 0","235863","3","2","5","09","15","3","","0","0","1","0","1"
"POINT (13.365812077999999 52.525377167999999)","Unfall 235864 (2022) Kat:3, Licht: 0","235864","3","2","5","08","15","5","","0","0","1","0","0"
"POINT (13.194138446000100 52.545853981000100)","Unfall 235865 (2022) Kat:3, Licht: 0","235865","3","3","5","08","08","2","","0","1","0","0","1"
"POINT (13.455690841999999 52.430308936000102)","Unfall 235866 (2022) Kat:3, Licht: 0","235866","3","6","3","07","13","3","","0","0","0","0","0"
"POINT (13.433078085000000 52.518714166999999)","Unfall 235867 (2022) Kat:3, Licht: 0","235867","3","2","5","08","12","4","","0","0","1","0","0"
"POINT (13.518357618000000 52.568347748000100)","Unfall 235868 (2022) Kat:3, Licht: 0","235868","3","2","5","08","11","6","","0","1","1","0","0"
"POINT (13.314508939000101 52.530374705000000)","Unfall 235869 (2022) Kat:2, Licht: 0","235869","2","3","5","07","15","1","","0","0","1","0","0"
"POINT (13.519358192000000 52.526341082000002)","Unfall 235870 (2022) Kat:3, Licht: 0","235870","3","6","2","08","10","3","","0","0","0","0","0"
"POINT (13.332217800000000 52.506048471000000)","Unfall 235871 (2022) Kat:3, Licht: 0","235871","3","2","6","07","10","6","","0","0","1","1","0"
"POINT (13.423527530000101 52.509134756999998)","Unfall 235872 (2022) Kat:3, Licht: 0","235872","3","5","1","08","08","6","","0","1","1","0","0"
"POINT (13.322777162000000 52.565384192000103)","Unfall 235873 (2022) Kat:3, Licht: 0","235873","3","6","2","08","18","1","","0","0","1","0","0"
"POINT (13.412700699000000 52.506151475000102)","Unfall 235874 (2022) Kat:3, Licht: 2","235874","3","5","1","08","21","3","","2","1","1","0","0"
"POINT (13.405350343000100 52.496769461000000)","Unfall 235875 (2022) Kat:3, Licht: 2","235875","3","1","9","07","04","3","","2","0","1","0","0"
"POINT (13.399218470999999 52.532176000000000)","Unfall 235876 (2022) Kat:3, Licht: 2","235876","3","5","1","07","23","4","","2","1","1","0","0"
"POINT (13.153681060000100 52.539442478000097)","Unfall 235877 (2022) Kat:3, Licht: 0","235877","3","7","5","08","16","6","","0","0","1","0","1"
"POINT (13.395775877000100 52.491453720000003)","Unfall 235878 (2022) Kat:3, Licht: 2","235878","3","5","1","08","02","3","","2","0","1","0","0"
"POINT (13.523162878000100 52.423402390000000)","Unfall 235879 (2022) Kat:3, Licht: 0","235879","3","4","6","07","17","6","","0","0","1","1","0"
"POINT (13.434860996999999 52.484392822000103)","Unfall 235880 (2022) Kat:2, Licht: 2","235880","2","7","0","08","22","4","","2","0","1","0","1"
"POINT (13.451591587999999 52.477845088999999)","Unfall 235881 (2022) Kat:2, Licht: 0","235881","2","5","1","09","18","6","","0","0","1","0","0"
"POINT (13.454420377000099 52.521144575000100)","Unfall 235882 (2022) Kat:2, Licht: 0","235882","2","1","0","08","12","3","","0","1","0","0","0"
"POINT (13.524112267000000 52.405507161999999)","Unfall 235883 (2022) Kat:3, Licht: 0","235883","3","4","6","09","17","6","","0","0","1","1","0"
"POINT (13.275416377999999 52.461390829999999)","Unfall 235884 (2022) Kat:2, Licht: 0","235884","2","7","0","08","15","3","","0","0","0","0","1"
"POINT (13.351231412000100 52.510442818000101)","Unfall 235885 (2022) Kat:2, Licht: 0","235885","2","3","5","09","16","2","","0","1","1","0","0"
"POINT (13.599834485000001 52.451920106999999)","Unfall 235886 (2022) Kat:2, Licht: 0","235886","2","3","5","08","08","5","","0","1","1","0","0"
"POINT (13.345204024000100 52.485811468000101)","Unfall 235887 (2022) Kat:3, Licht: 2","235887","3","5","1","08","22","2","","2","1","1","0","0"
"POINT (13.339338020000101 52.432605819000102)","Unfall 235888 (2022) Kat:3, Licht: 0","235888","3","7","5","07","09","6","","0","0","1","0","1"
"POINT (13.309284631000001 52.478419825000103)","Unfall 235889 (2022) Kat:3, Licht: 0","235889","3","2","5","08","20","4","","0","1","1","0","0"
"POINT (13.436649050000000 52.479894445000099)","Unfall 235890 (2022) Kat:3, Licht: 0","235890","3","4","6","08","12","6","","0","0","0","1","0"
"POINT (13.361175739000000 52.601896688000103)","Unfall 235891 (2022) Kat:3, Licht: 0","235891","3","1","1","07","06","1","","0","0","1","0","0"
"POINT (13.454189906000099 52.479669810000097)","Unfall 235892 (2022) Kat:3, Licht: 1","235892","3","2","0","08","05","5","","1","0","1","0","1"
"POINT (13.398628855000000 52.443519320000100)","Unfall 235893 (2022) Kat:3, Licht: 0","235893","3","3","5","08","18","1","","0","0","1","0","0"
"POINT (13.383179948000100 52.563721531000098)","Unfall 235894 (2022) Kat:2, Licht: 0","235894","2","6","2","08","16","3","","0","0","1","0","1"
"POINT (13.425356515000001 52.550633437000002)","Unfall 235895 (2022) Kat:2, Licht: 0","235895","2","3","5","09","14","5","","0","1","1","0","0"
"POINT (13.165938730000100 52.526130434999999)","Unfall 235896 (2022) Kat:3, Licht: 0","235896","3","3","5","08","13","2","","0","1","1","0","0"
"POINT (13.291138134000100 52.581142853000102)","Unfall 235897 (2022) Kat:2, Licht: 0","235897","2","2","5","08","18","4","","0","1","1","0","0"
"POINT (13.343511334000000 52.485971696000000)","Unfall 235898 (2022) Kat:3, Licht: 0","235898","3","7","0","09","07","5","","0","1","0","0","0"
"POINT (13.310554809000100 52.516349583000100)","Unfall 235899 (2022) Kat:3, Licht: 2","235899","3","3","5","07","23","1","","2","1","0","0","0"
"POINT (13.339175701000000 52.503100977000003)","Unfall 235900 (2022) Kat:3, Licht: 0","235900","3","2","5","08","15","6","","0","0","1","0","0"
"POINT (13.382040312000100 52.552655694000102)","Unfall 235901 (2022) Kat:3, Licht: 0","235901","3","6","2","09","16","2","","0","0","1","0","1"
"POINT (13.399677050999999 52.498414341999997)","Unfall 235902 (2022) Kat:3, Licht: 0","235902","3","3","5","08","10","5","","0","0","1","0","0"
"POINT (13.143320829000100 52.524268285000097)","Unfall 235903 (2022) Kat:3, Licht: 0","235903","3","3","5","07","16","5","","0","0","1","0","0"
"POINT (13.468472400000101 52.499637706999998)","Unfall 235904 (2022) Kat:3, Licht: 0","235904","3","2","5","07","06","6","","0","1","1","0","0"
"POINT (13.456460595000101 52.510461523000103)","Unfall 235905 (2022) Kat:3, Licht: 2","235905","3","1","0","08","05","2","","2","1","0","0","0"
"POINT (13.189015148000101 52.419197646999997)","Unfall 235906 (2022) Kat:2, Licht: 0","235906","2","2","5","07","11","4","","0","0","1","0","1"
"POINT (13.458179708999999 52.472666949000001)","Unfall 235907 (2022) Kat:3, Licht: 0","235907","3","6","3","08","14","4","","0","1","0","0","0"
"POINT (13.348831070000100 52.459163461999999)","Unfall 235908 (2022) Kat:3, Licht: 0","235908","3","2","5","08","19","5","","0","1","1","0","0"
"POINT (13.351449063000100 52.524337776000003)","Unfall 235909 (2022) Kat:3, Licht: 0","235909","3","5","1","07","19","5","","0","1","1","0","0"
"POINT (13.481272760000000 52.460809607000002)","Unfall 235910 (2022) Kat:3, Licht: 0","235910","3","2","5","08","15","2","","0","0","1","0","0"
"POINT (13.483615747000000 52.431214439000001)","Unfall 235911 (2022) Kat:3, Licht: 0","235911","3","3","5","09","16","4","","0","0","1","0","0"
"POINT (13.479649863000100 52.470823132000099)","Unfall 235912 (2022) Kat:3, Licht: 0","235912","3","3","5","08","10","2","","0","1","0","0","1"
"POINT (13.398213041000099 52.506995492999998)","Unfall 235913 (2022) Kat:3, Licht: 0","235913","3","2","5","08","11","4","","0","1","1","0","0"
"POINT (13.442810164999999 52.533047848000102)","Unfall 235914 (2022) Kat:3, Licht: 0","235914","3","6","3","08","07","4","","0","0","1","0","1"
"POINT (13.473289333000000 52.522990810000103)","Unfall 235915 (2022) Kat:3, Licht: 0","235915","3","7","0","07","21","6","","0","1","1","0","0"
"POINT (13.476700042000100 52.567025143000102)","Unfall 235916 (2022) Kat:3, Licht: 2","235916","3","7","0","09","20","5","","2","1","0","0","0"
"POINT (13.506335993000100 52.445538974000002)","Unfall 235917 (2022) Kat:3, Licht: 0","235917","3","7","1","08","18","6","","0","0","0","0","1"
"POINT (13.277589571000000 52.480052890000103)","Unfall 235918 (2022) Kat:3, Licht: 0","235918","3","3","5","08","10","3","","0","1","1","0","0"
"POINT (13.379493983000000 52.492425912000002)","Unfall 235919 (2022) Kat:3, Licht: 0","235919","3","2","5","07","07","3","","0","0","1","0","0"
"POINT (13.313345353000001 52.435381608999997)","Unfall 235920 (2022) Kat:3, Licht: 2","235920","3","2","5","07","23","5","","2","0","1","0","1"
"POINT (13.569887197000099 52.474517649000099)","Unfall 235921 (2022) Kat:3, Licht: 0","235921","3","2","2","08","21","7","","0","0","1","0","0"
"POINT (13.377905293000000 52.471947672000098)","Unfall 235922 (2022) Kat:3, Licht: 0","235922","3","1","0","08","12","3","","0","1","0","0","0"
"POINT (13.436694210000001 52.484409360000001)","Unfall 235923 (2022) Kat:2, Licht: 2","235923","2","5","1","07","01","1","","2","0","1","0","0"
"POINT (13.317607949999999 52.491432723999999)","Unfall 235924 (2022) Kat:3, Licht: 0","235924","3","2","5","08","14","5","","0","1","1","0","0"
"POINT (13.427419464000000 52.498931131000099)","Unfall 235925 (2022) Kat:3, Licht: 0","235925","3","4","6","08","18","3","","0","1","0","1","0"
"POINT (13.313953463000100 52.506219429000097)","Unfall 235926 (2022) Kat:3, Licht: 0","235926","3","6","4","09","16","1","","0","0","1","0","0"
"POINT (13.328827456000100 52.523992546999999)","Unfall 235927 (2022) Kat:3, Licht: 0","235927","3","6","3","09","14","3","","0","0","1","0","0"
"POINT (13.346394783999999 52.435934928000101)","Unfall 235928 (2022) Kat:3, Licht: 2","235928","3","1","0","08","22","6","","2","1","0","0","0"
"POINT (13.285287535000100 52.588139023000103)","Unfall 235929 (2022) Kat:3, Licht: 0","235929","3","5","2","07","17","6","","0","0","1","0","1"
"POINT (13.385168109000100 52.502315044000099)","Unfall 235930 (2022) Kat:3, Licht: 0","235930","3","7","5","08","07","3","","0","1","1","0","0"
"POINT (13.564712778000100 52.401617348999999)","Unfall 235931 (2022) Kat:3, Licht: 0","235931","3","5","1","07","18","5","","0","1","1","0","0"
"POINT (13.314812324000100 52.417499738000103)","Unfall 235932 (2022) Kat:3, Licht: 0","235932","3","2","5","08","17","4","","0","1","1","0","0"
"POINT (13.394283378000100 52.565014959999999)","Unfall 235933 (2022) Kat:3, Licht: 0","235933","3","2","5","08","15","6","","0","1","1","0","0"
"POINT (13.419776600000000 52.501956686000000)","Unfall 235934 (2022) Kat:3, Licht: 2","235934","3","7","6","08","01","3","","2","0","1","1","0"
"POINT (13.401459643000100 52.539797206000102)","Unfall 235935 (2022) Kat:3, Licht: 0","235935","3","2","5","07","14","3","","0","1","1","0","0"
"POINT (13.442197126000099 52.500937360000101)","Unfall 235936 (2022) Kat:3, Licht: 0","235936","3","2","5","08","14","6","","0","1","1","0","0"
"POINT (13.433699544000000 52.445430520000102)","Unfall 235937 (2022) Kat:3, Licht: 0","235937","3","6","3","08","18","2","","0","0","1","0","1"
"POINT (13.372099314000000 52.520921610000102)","Unfall 235938 (2022) Kat:3, Licht: 0","235938","3","2","5","08","17","4","","0","1","1","0","0"
"POINT (13.381392249999999 52.511081803000103)","Unfall 235939 (2022) Kat:3, Licht: 0","235939","3","5","1","09","17","6","","0","0","1","0","0"
"POINT (13.409982226000100 52.399170368999997)","Unfall 235940 (2022) Kat:2, Licht: 0","235940","2","2","6","08","09","2","","0","0","1","1","0"
"POINT (13.316422449000100 52.488943144000103)","Unfall 235941 (2022) Kat:3, Licht: 0","235941","3","6","2","09","14","7","","0","0","1","0","0"
"POINT (13.307995655000100 52.488943763000101)","Unfall 235942 (2022) Kat:3, Licht: 0","235942","3","6","3","08","15","4","","0","1","1","0","0"
"POINT (13.294606644000099 52.501100866999998)","Unfall 235943 (2022) Kat:3, Licht: 0","235943","3","3","5","09","08","5","","0","1","1","0","0"
"POINT (13.440331107000100 52.540635424000101)","Unfall 235944 (2022) Kat:3, Licht: 0","235944","3","7","9","09","18","2","","0","0","1","0","0"
"POINT (13.283352531000000 52.443181199999998)","Unfall 235945 (2022) Kat:3, Licht: 0","235945","3","6","3","08","12","5","","0","1","1","0","0"
"POINT (13.317294149000100 52.448446159000099)","Unfall 235946 (2022) Kat:3, Licht: 0","235946","3","7","6","08","19","2","","0","0","1","1","0"
"POINT (13.346260367000101 52.509989582000102)","Unfall 235947 (2022) Kat:3, Licht: 0","235947","3","5","1","07","14","4","","0","1","1","0","0"
"POINT (13.449835922000000 52.476979477000000)","Unfall 235948 (2022) Kat:2, Licht: 2","235948","2","1","9","08","03","4","","2","0","0","0","1"
"POINT (13.360534633000000 52.537419194000101)","Unfall 235949 (2022) Kat:3, Licht: 2","235949","3","1","0","08","01","6","","2","1","0","0","0"
"POINT (13.446403968000000 52.498699015000099)","Unfall 235950 (2022) Kat:3, Licht: 0","235950","3","1","0","07","07","2","","0","1","0","0","0"
"POINT (13.387420470000100 52.458824767000102)","Unfall 235951 (2022) Kat:2, Licht: 2","235951","2","1","0","08","05","7","","2","0","1","0","0"
"POINT (13.561584089000100 52.507063168999998)","Unfall 235952 (2022) Kat:3, Licht: 0","235952","3","2","6","09","18","5","","0","0","1","1","0"
"POINT (13.335634252000000 52.542015019000097)","Unfall 235953 (2022) Kat:3, Licht: 0","235953","3","2","5","08","19","1","","0","0","1","0","0"
"POINT (13.304315309000099 52.503578607000101)","Unfall 235954 (2022) Kat:3, Licht: 0","235954","3","6","2","08","18","3","","0","1","0","0","0"
"POINT (13.444630672000100 52.554064862000097)","Unfall 235955 (2022) Kat:2, Licht: 0","235955","2","6","0","09","09","5","","0","0","1","0","0"
"POINT (13.472755510000100 52.508427912000101)","Unfall 235956 (2022) Kat:3, Licht: 2","235956","3","4","6","07","00","1","","2","1","0","1","0"
"POINT (13.311006947000100 52.421405528999998)","Unfall 235957 (2022) Kat:3, Licht: 0","235957","3","6","2","08","13","6","","0","0","1","0","0"
"POINT (13.311145657000100 52.496127291999997)","Unfall 235958 (2022) Kat:3, Licht: 0","235958","3","3","5","09","16","2","","0","0","1","0","0"
"POINT (13.316994191999999 52.512365258999999)","Unfall 235959 (2022) Kat:2, Licht: 0","235959","2","3","5","08","19","4","","0","1","1","0","0"
"POINT (13.314276458000100 52.508746219000002)","Unfall 235960 (2022) Kat:3, Licht: 0","235960","3","7","5","07","16","3","","0","0","1","0","1"
"POINT (13.485871469000100 52.518713495000000)","Unfall 235961 (2022) Kat:3, Licht: 0","235961","3","1","0","07","19","5","","0","1","0","0","0"
"POINT (13.486700500000000 52.502504823999999)","Unfall 235962 (2022) Kat:3, Licht: 0","235962","3","2","5","08","07","2","","0","1","0","0","0"
"POINT (13.408978469999999 52.528197954000099)","Unfall 235963 (2022) Kat:3, Licht: 0","235963","3","1","0","07","10","7","","0","1","0","0","0"
"POINT (13.376550888000100 52.540771673000101)","Unfall 235964 (2022) Kat:3, Licht: 0","235964","3","1","0","08","19","5","","0","0","0","0","1"
"POINT (13.414585977000099 52.533214893000000)","Unfall 235965 (2022) Kat:3, Licht: 0","235965","3","2","5","08","08","3","","0","1","1","0","0"
"POINT (13.579682274000000 52.418399458000103)","Unfall 235966 (2022) Kat:3, Licht: 0","235966","3","1","0","07","14","6","","0","1","0","0","0"
"POINT (13.526729546000100 52.563090440000103)","Unfall 235967 (2022) Kat:3, Licht: 0","235967","3","3","5","08","11","2","","0","1","1","0","0"
"POINT (13.415317786000100 52.526938330000100)","Unfall 235968 (2022) Kat:3, Licht: 0","235968","3","2","5","09","13","4","","0","1","1","0","0"
"POINT (13.456480484000100 52.530138411000102)","Unfall 235969 (2022) Kat:3, Licht: 0","235969","3","5","1","08","16","6","","0","1","1","0","0"
"POINT (13.425388952000000 52.442052056000101)","Unfall 235970 (2022) Kat:2, Licht: 0","235970","2","3","5","08","17","3","","0","1","1","0","0"
"POINT (13.165083479000000 52.533396543000002)","Unfall 235971 (2022) Kat:2, Licht: 0","235971","2","2","5","07","17","6","","0","0","1","0","1"
"POINT (13.458347396000001 52.568860100000101)","Unfall 235972 (2022) Kat:2, Licht: 0","235972","2","2","5","09","11","6","","0","0","1","0","1"
"POINT (13.286977582000100 52.586292107000098)","Unfall 235973 (2022) Kat:1, Licht: 0","235973","1","2","6","08","12","6","","0","0","0","1","0"
"POINT (13.591841816000100 52.533429338000097)","Unfall 235974 (2022) Kat:2, Licht: 0","235974","2","1","0","08","07","1","","0","1","0","0","0"
"POINT (13.414199924000100 52.511314996000102)","Unfall 235975 (2022) Kat:3, Licht: 2","235975","3","7","0","08","01","2","","2","0","0","0","1"
"POINT (13.435583915000100 52.421222032000102)","Unfall 235976 (2022) Kat:3, Licht: 0","235976","3","7","6","08","15","3","","0","1","0","1","0"
"POINT (13.618509019999999 52.455499854999999)","Unfall 235977 (2022) Kat:3, Licht: 0","235977","3","7","6","09","11","5","","0","0","1","1","0"
"POINT (13.316063655000100 52.570908670000101)","Unfall 235978 (2022) Kat:3, Licht: 0","235978","3","3","5","08","11","2","","0","0","1","0","0"
"POINT (13.407992025000100 52.452491075000097)","Unfall 235979 (2022) Kat:3, Licht: 0","235979","3","2","5","08","15","4","","0","0","1","0","0"