WKT,Name,OBJECTID,UKATEGORIE,UTYP1,UART,UMONAT,USTUNDE,UWOCHENTAG,STRZUSTAND,ULICHTVERH,ISTRAD,ISTPKW,ISTFUSS,ISTKRAD
"POINT (13.327949224000101 52.609034110000003)","Unfall 235980 (2022) Kat:3, Licht: 0","235980","3","3","0","08","15","4","","0","0","1","0","0"
"POINT (13.359047347000100 52.546409453000102)","Unfall 235981 (2022) Kat:3, Licht: 0","235981","3","2","0","07","16","2","","0","0","1","0","1"
"POINT (13.419412140000100 52.506158857999999)","Unfall 235982 (2022) Kat:3, Licht: 0","235982","3","1","0","08","18","5","","0","0","0","0","0"
"POINT (13.345013071000000 52.437151996000097)","Unfall 235983 (2022) Kat:3, Licht: 0","235983","3","6","2","09","08","2","","0","0","1","0","0"
"POINT (13.320151775999999 52.473471539999998)","Unfall 235984 (2022) Kat:3, Licht: 0","235984","3","3","5","08","19","4","","0","0","1","0","1"
"POINT (13.571448124000000 52.434817131000003)","Unfall 235985 (2022) Kat:3, Licht: 0","235985","3","7","6","07","17","4","","0","1","0","1","0"
"POINT (13.281772751000100 52.592237830000002)","Unfall 235986 (2022) Kat:3, Licht: 0","235986","3","1","0","07","21","5","","0","1","0","0","0"
"POINT (13.416792090000101 52.510919812000097)","Unfall 235987 (2022) Kat:3, Licht: 0","235987","3","6","3","08","17","7","","0","1","0","0","0"
"POINT (13.337413765000100 52.558633127000100)","Unfall 235988 (2022) Kat:3, Licht: 0","235988","3","2","5","07","16","7","","0","0","1","0","0"
"POINT (13.360973143000001 52.494258221999999)","Unfall 235989 (2022) Kat:3, Licht: 0","235989","3","2","5","08","12","5","","0","0","1","0","0"
"POINT (13.569158040000000 52.568676481000097)","Unfall 235990 (2022) Kat:3, Licht: 0","235990","3","1","0","08","09","5","","0","1","0","0","0"
"POINT (13.510562887000001 52.450428614000003)","Unfall 235991 (2022) Kat:3, Licht: 0","235991","3","7","5","07","12","6","","0","0","1","0","0"
"POINT (13.421830854000101 52.562330875000001)","Unfall 235992 (2022) Kat:3, Licht: 0","235992","3","4","6","08","14","3","","0","0","1","1","0"
"POINT (13.575349008000000 52.444280098000000)","Unfall 235993 (2022) Kat:3, Licht: 0","235993","3","7","6","09","10","4","","0","0","1","1","0"
"POINT (13.376276869000000 52.463029491999997)","Unfall 235994 (2022) Kat:3, Licht: 0","235994","3","7","0","08","12","1","","0","0","1","0","0"
"POINT (13.228584684000101 52.537852793000098)","Unfall 235995 (2022) Kat:3, Licht: 0","235995","3","1","0","07","09","1","","0","0","0","0","1"
"POINT (13.299643466000100 52.587103083000002)","Unfall 235996 (2022) Kat:2, Licht: 0","235996","2","5","1","08","12","4","","0","1","1","0","0"
"POINT (13.347216435000099 52.524840808000100)","Unfall 235997 (2022) Kat:3, Licht: 0","235997","3","7","5","08","11","4","","0","1","1","0","0"
"POINT (13.367130061000100 52.493326410000101)","Unfall 235998 (2022) Kat:3, Licht: 0","235998","3","2","5","07","11","7","","0","0","1","0","0"
"POINT (13.363849865000100 52.476698149000100)","Unfall 235999 (2022) Kat:3, Licht: 0","235999","3","7","2","09","11","5","","0","0","0","0","0"
"POINT (13.543576745000101 52.424490628999997)","Unfall 236000 (2022) Kat:3, Licht: 0","236000","3","3","5","08","09","6","","0","1","1","0","0"
"POINT (13.344889625000100 52.554131816000101)","Unfall 236001 (2022) Kat:3, Licht: 0","236001","3","6","2","08","16","4","","0","0","1","0","1"
"POINT (13.679530361999999 52.444749595000097)","Unfall 236002 (2022) Kat:3, Licht: 0","236002","3","6","4","07","11","2","","0","0","1","0","0"
"POINT (13.307667778000100 52.577330534000097)","Unfall 236003 (2022) Kat:3, Licht: 0","236003","3","2","5","07","13","4","","0","1","1","0","0"
"POINT (13.434699062000000 52.481210782000097)","Unfall 236004 (2022) Kat:2, Licht: 0","236004","2","4","6","08","16","6","","0","0","1","1","0"
"POINT (13.319294121000000 52.576032679000001)","Unfall 236005 (2022) Kat:3, Licht: 0","236005","3","6","4","08","15","3","","0","1","0","0","0"
"POINT (13.133542660000000 52.528574145000100)","Unfall 236006 (2022) Kat:3, Licht: 0","236006","3","3","0","07","11","6","","0","0","0","0","1"
"POINT (13.338150207000099 52.566134958000099)","Unfall 236007 (2022) Kat:3, Licht: 0","236007","3","5","1","08","08","4","","0","0","1","0","0"
"POINT (13.424166218000000 52.552692254000100)","Unfall 236008 (2022) Kat:3, Licht: 0","236008","3","3","5","08","19","3","","0","0","1","0","0"
"POINT (13.593040629000001 52.441278384000000)","Unfall 236009 (2022) Kat:3, Licht: 0","236009","3","1","0","09","18","1","","0","0","0","0","1"
"POINT (13.206401773000000 52.536850306000098)","Unfall 236010 (2022) Kat:3, Licht: 0","236010","3","7","0","09","09","4","","0","0","1","0","0"
"POINT (13.382227614000000 52.390140483000003)","Unfall 236011 (2022) Kat:3, Licht: 0","236011","3","7","7","08","07","6","","0","0","0","0","0"
"POINT (13.414533554000100 52.552804023000100)","Unfall 236012 (2022) Kat:2, Licht: 2","236012","2","6","2","07","22","7","","2","0","1","0","0"
"POINT (13.326791255000000 52.527669314999997)","Unfall 236013 (2022) Kat:3, Licht: 0","236013","3","3","5","08","15","3","","0","0","1","0","1"
"POINT (13.456674324000099 52.529939872000099)","Unfall 236014 (2022) Kat:3, Licht: 0","236014","3","7","5","07","18","5","","0","0","1","0","0"
"POINT (13.331088001000101 52.495396878000101)","Unfall 236015 (2022) Kat:2, Licht: 0","236015","2","3","5","08","15","5","","0","0","1","0","1"
"POINT (13.375951155999999 52.455699015999997)","Unfall 236016 (2022) Kat:3, Licht: 0","236016","3","6","2","08","15","6","","0","0","1","0","0"
"POINT (13.432990502999999 52.488918210000101)","Unfall 236017 (2022) Kat:3, Licht: 0","236017","3","2","5","07","19","1","","0","1","1","0","0"
"POINT (13.270152051000000 52.442265423000002)","Unfall 236018 (2022) Kat:3, Licht: 0","236018","3","3","0","07","10","2","","0","1","1","0","1"
"POINT (13.459890829000100 52.431987100000100)","Unfall 236019 (2022) Kat:3, Licht: 0","236019","3","3","5","08","18","6","","0","0","1","0","0"
"POINT (13.289493691000100 52.603358318000097)","Unfall 236020 (2022) Kat:3, Licht: 0","236020","3","6","2","08","16","1","","0","0","1","0","0"
"POINT (13.307854267000000 52.621304317000103)","Unfall 236021 (2022) Kat:2, Licht: 0","236021","2","1","8","08","16","4","","0","0","0","0","1"
"POINT (13.626087095000100 52.529348002000098)","Unfall 236022 (2022) Kat:3, Licht: 0","236022","3","2","2","09","06","6","","0","0","1","0","0"
"POINT (13.167996964000100 52.526451717000000)","Unfall 236023 (2022) Kat:2, Licht: 2","236023","2","5","1","08","22","2","","2","0","1","0","0"
"POINT (13.582554468000099 52.550217912000100)","Unfall 236024 (2022) Kat:3, Licht: 0","236024","3","4","6","09","12","6","","0","0","1","1","0"
"POINT (13.359461371000100 52.547837308000098)","Unfall 236025 (2022) Kat:3, Licht: 0","236025","3","3","5","08","10","4","","0","0","1","0","1"
"POINT (13.301372664000001 52.498857579999999)","Unfall 236026 (2022) Kat:3, Licht: 0","236026","3","7","6","07","14","5","","0","0","0","1","0"
"POINT (13.360888642000100 52.459266321000001)","Unfall 236027 (2022) Kat:3, Licht: 0","236027","3","5","1","09","17","5","","0","1","1","0","0"
"POINT (13.410168564000100 52.488775330000102)","Unfall 236028 (2022) Kat:3, Licht: 0","236028","3","3","5","07","13","3","","0","0","1","0","0"
"POINT (13.403256194000100 52.386757950000103)","Unfall 236029 (2022) Kat:3, Licht: 0","236029","3","3","5","09","09","2","","0","0","1","0","0"
"POINT (13.433634446999999 52.557029456000102)","Unfall 236030 (2022) Kat:3, Licht: 0","236030","3","6","3","08","08","5","","0","1","0","0","0"
"POINT (13.354982779000100 52.518031911000001)","Unfall 236031 (2022) Kat:3, Licht: 2","236031","3","1","1","08","02","2","","2","0","1","0","0"
"POINT (13.281362955000100 52.512222369000000)","Unfall 236032 (2022) Kat:3, Licht: 0","236032","3","7","6","07","12","3","","0","1","0","1","0"
"POINT (13.361301071000099 52.509819419000102)","Unfall 236033 (2022) Kat:3, Licht: 0","236033","3","7","2","08","14","4","","0","0","1","0","1"
"POINT (13.357017569000000 52.496690376000103)","Unfall 236034 (2022) Kat:3, Licht: 1","236034","3","2","5","08","19","5","","1","1","0","0","0"
"POINT (13.506274516000101 52.471571838999999)","Unfall 236035 (2022) Kat:2, Licht: 0","236035","2","1","0","07","16","6","","0","1","0","0","0"
"POINT (13.338497350000100 52.530058285999999)","Unfall 236036 (2022) Kat:3, Licht: 0","236036","3","7","5","08","10","7","","0","0","1","0","1"
"POINT (13.414502044000100 52.552808655000000)","Unfall 236037 (2022) Kat:3, Licht: 0","236037","3","1","0","09","14","5","","0","0","0","0","1"
"POINT (13.372077286000000 52.485027647999999)","Unfall 236038 (2022) Kat:3, Licht: 0","236038","3","2","5","08","17","7","","0","1","1","0","0"
"POINT (13.195460145000000 52.533393212000099)","Unfall 236039 (2022) Kat:3, Licht: 0","236039","3","2","5","08","11","4","","0","0","1","0","0"
"POINT (13.344944989000100 52.487285298000103)","Unfall 236040 (2022) Kat:2, Licht: 0","236040","2","6","3","08","17","4","","0","1","1","0","0"
"POINT (13.180249968000100 52.495198703000000)","Unfall 236041 (2022) Kat:3, Licht: 2","236041","3","7","7","07","22","7","","2","1","0","0","0"
"POINT (13.351088011000099 52.504155719000003)","Unfall 236042 (2022) Kat:3, Licht: 0","236042","3","6","2","09","17","5","","0","0","1","0","1"
"POINT (13.549395754000001 52.568746277999999)","Unfall 236043 (2022) Kat:2, Licht: 0","236043","2","1","0","08","11","7","","0","0","0","0","1"
"POINT (13.288639479000000 52.632335968000099)","Unfall 236044 (2022) Kat:3, Licht: 0","236044","3","4","6","09","18","2","","0","0","1","1","0"
"POINT (13.345867789000099 52.436209303000098)","Unfall 236045 (2022) Kat:3, Licht: 0","236045","3","7","6","08","19","4","","0","0","1","1","0"
"POINT (13.328660863000000 52.478617857000103)","Unfall 236046 (2022) Kat:3, Licht: 0","236046","3","2","5","07","13","4","","0","1","1","0","0"
"POINT (13.117535354999999 52.467184072000101)","Unfall 236047 (2022) Kat:3, Licht: 0","236047","3","7","2","07","11","5","","0","0","1","0","1"
"POINT (13.578377437000000 52.457484311000002)","Unfall 236048 (2022) Kat:3, Licht: 0","236048","3","4","6","08","14","2","","0","0","1","1","0"
"POINT (13.428906595999999 52.485468524000098)","Unfall 236049 (2022) Kat:3, Licht: 0","236049","3","2","5","07","16","7","","0","0","1","0","1"
"POINT (13.514262892000000 52.449585732999999)","Unfall 236050 (2022) Kat:3, Licht: 0","236050","3","3","5","08","14","5","","0","0","1","0","1"
"POINT (13.265307463000100 52.441928023999999)","Unfall 236051 (2022) Kat:3, Licht: 0","236051","3","2","5","08","15","3","","0","1","1","0","0"
"POINT (13.549981110999999 52.545193564999998)","Unfall 236052 (2022) Kat:3, Licht: 0","236052","3","3","5","08","12","7","","0","1","1","0","0"
"POINT (13.191247389000100 52.546231177999999)","Unfall 236053 (2022) Kat:3, Licht: 0","236053","3","6","2","09","07","4","","0","0","1","0","0"
"POINT (13.423444137000001 52.537650052000103)","Unfall 236054 (2022) Kat:3, Licht: 0","236054","3","1","0","08","12","6","","0","0","0","0","0"
"POINT (13.407290518000000 52.503589147000099)","Unfall 236055 (2022) Kat:3, Licht: 0","236055","3","6","3","08","17","3","","0","0","0","0","0"
"POINT (13.310771634000000 52.604985649000099)","Unfall 236056 (2022) Kat:3, Licht: 0","236056","3","3","5","07","15","6","","0","1","1","0","0"
"POINT (13.406137312000100 52.540944719999999)","Unfall 236057 (2022) Kat:3, Licht: 1","236057","3","1","0","08","19","5","","1","1","0","0","0"
"POINT (13.361107279000100 52.423014702000003)","Unfall 236058 (2022) Kat:3, Licht: 0","236058","3","4","6","08","13","7","","0","0","1","1","0"
"POINT (13.476389164000100 52.533119976000101)","Unfall 236059 (2022) Kat:3, Licht: 0","236059","3","2","5","08","08","2","","0","1","0","0","0"
"POINT (13.344109847000000 52.494515026999998)","Unfall 236060 (2022) Kat:2, Licht: 0","236060","2","1","0","07","13","3","","0","0","0","0","1"
"POINT (13.249375943000100 52.552801214000098)","Unfall 236061 (2022) Kat:2, Licht: 0","236061","2","2","5","07","18","3","","0","0","1","0","1"
"POINT (13.431628682000101 52.601776553000001)","Unfall 236062 (2022) Kat:3, Licht: 0","236062","3","4","6","08","14","7","","0","0","1","1","0"
"POINT (13.433250328000000 52.444903188000097)","Unfall 236063 (2022) Kat:3, Licht: 0","236063","3","2","6","08","14","2","","0","0","1","1","0"
"POINT (13.208239388000001 52.561205338000001)","Unfall 236064 (2022) Kat:3, Licht: 0","236064","3","6","2","07","12","7","","0","0","1","0","0"
"POINT (13.353322083000000 52.432319096000100)","Unfall 236065 (2022) Kat:1, Licht: 0","236065","1","6","3","08","08","4","","0","0","0","0","1"
"POINT (13.365690347999999 52.491520820000098)","Unfall 236066 (2022) Kat:3, Licht: 2","236066","3","1","0","09","21","6","","2","0","0","0","1"
"POINT (13.304276229999999 52.601054460999997)","Unfall 236067 (2022) Kat:2, Licht: 1","236067","2","5","1","09","20","6","","1","0","1","0","1"
"POINT (13.365480771000000 52.525415940000102)","Unfall 236068 (2022) Kat:3, Licht: 0","236068","3","2","2","09","17","2","","0","0","1","0","0"
"POINT (13.182428417000001 52.538536069000003)","Unfall 236069 (2022) Kat:3, Licht: 0","236069","3","2","5","08","16","6","","0","0","0","0","0"
"POINT (13.421809518000000 52.487182174000097)","Unfall 236070 (2022) Kat:2, Licht: 0","236070","2","6","3","07","16","6","","0","1","0","0","0"
"POINT (13.622220121000099 52.530628636000102)","Unfall 236071 (2022) Kat:3, Licht: 0","236071","3","4","0","08","15","2","","0","1","0","1","0"
"POINT (13.329991789000101 52.510464691000003)","Unfall 236072 (2022) Kat:2, Licht: 0","236072","2","2","5","07","06","5","","0","0","1","0","1"
"POINT (13.425061952000000 52.477435974000102)","Unfall 236073 (2022) Kat:2, Licht: 0","236073","2","5","5","08","06","5","","0","1","1","0","0"
"POINT (13.488928282000099 52.458867536000099)","Unfall 236074 (2022) Kat:3, Licht: 0","236074","3","1","0","08","11","6","","0","1","0","0","0"
"POINT (13.339220096000100 52.503139421000100)","Unfall 236075 (2022) Kat:3, Licht: 0","236075","3","2","5","07","15","2","","0","0","1","0","0"
"POINT (13.523390982000000 52.509503139000103)","Unfall 236076 (2022) Kat:3, Licht: 0","236076","3","3","5","08","14","6","","0","0","1","0","0"
"POINT (13.345181144000000 52.493490463999997)","Unfall 236077 (2022) Kat:3, Licht: 2","236077","3","2","2","08","22","1","","2","0","0","0","1"
"POINT (13.626631759000100 52.525197916000103)","Unfall 236078 (2022) Kat:3, Licht: 0","236078","3","5","1","08","17","3","","0","0","1","0","0"
"POINT (13.411592984000000 52.509398525999998)","Unfall 236079 (2022) Kat:3, Licht: 0","236079","3","4","2","09","14","5","","0","0","1","1","0"
"POINT (13.442022138000000 52.500920110000003)","Unfall 236080 (2022) Kat:3, Licht: 0","236080","3","3","5","08","11","2","","0","1","0","0","0"
"POINT (13.218756191000100 52.508822737000102)","Unfall 236081 (2022) Kat:3, Licht: 2","236081","3","1","0","08","22","4","","2","1","0","0","0"
"POINT (13.378247724000101 52.467220529000002)","Unfall 236082 (2022) Kat:2, Licht: 0","236082","2","2","2","08","17","3","","0","0","1","0","1"
"POINT (13.400931520000000 52.414537381999999)","Unfall 236083 (2022) Kat:3, Licht: 0","236083","3","2","5","07","19","3","","0","1","1","0","0"
"POINT (13.401180093000100 52.511255877000103)","Unfall 236084 (2022) Kat:3, Licht: 0","236084","3","2","3","07","20","4","","0","0","1","0","1"
"POINT (13.353529734000100 52.470772496999999)","Unfall 236085 (2022) Kat:2, Licht: 2","236085","2","7","6","08","20","6","","2","1","0","1","0"
"POINT (13.458150440000100 52.499512427000099)","Unfall 236086 (2022) Kat:3, Licht: 0","236086","3","2","5","08","08","3","","0","1","1","0","0"
"POINT (13.387681100000099 52.492798866999998)","Unfall 236087 (2022) Kat:3, Licht: 2","236087","3","2","5","07","02","7","","2","0","1","0","0"
"POINT (13.303429160000100 52.465629118999999)","Unfall 236088 (2022) Kat:3, Licht: 0","236088","3","6","2","08","17","4","","0","1","1","0","0"
"POINT (13.400948353000000 52.444856978000097)","Unfall 236089 (2022) Kat:3, Licht: 0","236089","3","5","1","09","14","5","","0","1","1","0","0"
"POINT (13.171638809999999 52.511005738000101)","Unfall 236090 (2022) Kat:3, Licht: 0","236090","3","2","5","09","09","6","","0","1","1","0","0"
"POINT (13.377963621999999 52.466428511000103)","Unfall 236091 (2022) Kat:3, Licht: 0","236091","3","7","0","08","10","2","","0","0","1","0","1"
"POINT (13.377985227000099 52.544302071000097)","Unfall 236092 (2022) Kat:3, Licht: 0","236092","3","2","5","09","07","3","","0","0","1","0","1"
"POINT (13.429194293000000 52.525668708000097)","Unfall 236093 (2022) Kat:3, Licht: 0","236093","3","3","0","08","12","6","","0","1","1","0","0"
"POINT (13.495147649000000 52.415097093999997)","Unfall 236094 (2022) Kat:3, Licht: 0","236094","3","6","2","07","14","6","","0","0","1","0","0"
"POINT (13.458401255000100 52.472713709000097)","Unfall 236095 (2022) Kat:3, Licht: 0","236095","3","1","0","08","11","3","","0","0","0","0","0"
"POINT (13.427435351000000 52.581309241000000)","Unfall 236096 (2022) Kat:3, Licht: 0","236096","3","6","4","07","15","5","","0","1","0","0","0"
"POINT (13.419054962000100 52.547279076000102)","Unfall 236097 (2022) Kat:3, Licht: 1","236097","3","4","6","08","19","5","","1","0","0","1","0"
"POINT (13.390536090000101 52.506649423000098)","Unfall 236098 (2022) Kat:3, Licht: 0","236098","3","1","0","08","18","6","","0","0","0","0","0"
"POINT (13.343525054000100 52.458861171000102)","Unfall 236099 (2022) Kat:3, Licht: 0","236099","3","5","1","07","16","2","","0","1","1","0","0"
"POINT (13.273418381999999 52.409833608000000)","Unfall 236100 (2022) Kat:3, Licht: 0","236100","3","2","5","07","06","3","","0","0","0","0","1"
"POINT (13.356819293000100 52.553168364000001)","Unfall 236101 (2022) Kat:3, Licht: 0","236101","3","6","2","08","18","6","","0","0","1","0","0"
"POINT (13.282667572999999 52.533721378000102)","Unfall 236102 (2022) Kat:3, Licht: 0","236102","3","6","2","08","18","1","","0","0","1","0","1"
"POINT (13.421490582000001 52.464806762000102)","Unfall 236103 (2022) Kat:3, Licht: 0","236103","3","1","0","08","09","4","","0","0","0","0","0"
"POINT (13.456905290000099 52.453334736999999)","Unfall 236104 (2022) Kat:3, Licht: 0","236104","3","6","2","09","17","5","","0","0","1","0","0"
"POINT (13.303395082000099 52.505060399999998)","Unfall 236105 (2022) Kat:2, Licht: 2","236105","2","4","6","08","22","2","","2","0","1","1","0"
"POINT (13.277431160000001 52.510462969000102)","Unfall 236106 (2022) Kat:3, Licht: 0","236106","3","1","0","08","13","4","","0","0","0","0","1"
"POINT (13.325995660000000 52.487433763000098)","Unfall 236107 (2022) Kat:3, Licht: 0","236107","3","7","1","07","13","4","","0","0","1","0","0"
"POINT (13.270237260000000 52.450292668000003)","Unfall 236108 (2022) Kat:2, Licht: 0","236108","2","6","0","08","10","2","","0","0","1","0","1"
"POINT (13.360283938000100 52.537299451000102)","Unfall 236109 (2022) Kat:2, Licht: 0","236109","2","2","5","08","10","4","","0","0","1","0","0"
"POINT (13.481069496000000 52.460823709000103)","Unfall 236110 (2022) Kat:3, Licht: 0","236110","3","2","5","07","16","2","","0","0","1","0","1"
"POINT (13.145961382000101 52.539592755000101)","Unfall 236111 (2022) Kat:3, Licht: 1","236111","3","4","6","09","00","2","","1","0","0","1","0"
"POINT (13.504981729000100 52.596492705999999)","Unfall 236112 (2022) Kat:1, Licht: 0","236112","1","3","5","08","11","5","","0","1","1","0","0"
"POINT (13.423914690000100 52.523587867000103)","Unfall 236113 (2022) Kat:3, Licht: 0","236113","3","2","5","07","14","4","","0","1","1","0","0"
"POINT (13.408005631000000 52.499956532000098)","Unfall 236114 (2022) Kat:2, Licht: 0","236114","2","3","5","07","15","5","","0","1","1","0","0"
"POINT (13.587035599000000 52.512424033000102)","Unfall 236115 (2022) Kat:3, Licht: 0","236115","3","3","5","08","16","2","","0","1","1","0","0"
"POINT (13.408138575000100 52.452476698000098)","Unfall 236116 (2022) Kat:3, Licht: 0","236116","3","2","5","07","07","4","","0","1","1","0","0"
"POINT (13.169635934000000 52.529580813999999)","Unfall 236117 (2022) Kat:3, Licht: 0","236117","3","6","0","08","16","3","","0","0","0","0","0"
"POINT (13.378175989000100 52.528222735000000)","Unfall 236118 (2022) Kat:3, Licht: 2","236118","3","7","0","08","21","5","","2","1","0","0","0"
"POINT (13.524799874000101 52.495224921999998)","Unfall 236119 (2022) Kat:3, Licht: 0","236119","3","6","2","07","15","6","","0","0","1","0","0"
"POINT (13.287479014000001 52.496140072999999)","Unfall 236120 (2022) Kat:3, Licht: 0","236120","3","3","5","08","18","7","","0","1","1","0","0"
"POINT (13.477539792000099 52.530617888000101)","Unfall 236121 (2022) Kat:3, Licht: 0","236121","3","5","1","09","14","4","","0","0","1","0","0"
"POINT (13.130084467000099 52.464434444000098)","Unfall 236122 (2022) Kat:3, Licht: 0","236122","3","3","0","08","17","7","","0","1","1","0","0"
"POINT (13.444016209999999 52.552747876000097)","Unfall 236123 (2022) Kat:3, Licht: 0","236123","3","6","2","08","12","4","","0","1","1","0","0"
"POINT (13.525960776000000 52.423019709000101)","Unfall 236124 (2022) Kat:2, Licht: 0","236124","2","2","5","08","07","4","","0","1","1","0","0"
"POINT (13.345600318000001 52.436187705000101)","Unfall 236125 (2022) Kat:3, Licht: 0","236125","3","2","6","07","08","2","","0","0","1","1","0"
"POINT (13.317852100000000 52.461287175000102)","Unfall 236126 (2022) Kat:3, Licht: 0","236126","3","5","1","09","16","6","","0","0","1","0","0"
"POINT (13.463801850999999 52.500543053999998)","Unfall 236127 (2022) Kat:3, Licht: 2","236127","3","1","8","08","23","6","","2","0","1","0","0"
"POINT (13.344974212000100 52.485855819999998)","Unfall 236128 (2022) Kat:3, Licht: 0","236128","3","6","2","09","15","2","","0","0","1","0","0"
"POINT (13.554372862999999 52.455696326000101)","Unfall 236129 (2022) Kat:3, Licht: 0","236129","3","2","3","08","08","4","","0","0","1","0","0"
"POINT (13.485909597999999 52.466413220000000)","Unfall 236130 (2022) Kat:3, Licht: 0","236130","3","3","5","07","09","4","","0","0","1","0","0"
"POINT (13.423517960000000 52.473856369000003)","Unfall 236131 (2022) Kat:3, Licht: 2","236131","3","4","6","08","01","1","","2","0","1","1","0"
"POINT (13.159316589000101 52.529638426000098)","Unfall 236132 (2022) Kat:3, Licht: 0","236132","3","3","5","08","13","3","","0","0","1","0","0"
"POINT (13.607849686000099 52.453099033999997)","Unfall 236133 (2022) Kat:3, Licht: 0","236133","3","7","2","07","18","7","","0","0","1","0","1"
"POINT (13.467963633000100 52.546770402000000)","Unfall 236134 (2022) Kat:2, Licht: 2","236134","2","3","5","08","03","5","","2","0","1","0","0"
"POINT (13.449255900000001 52.423386780999998)","Unfall 236135 (2022) Kat:3, Licht: 0","236135","3","7","0","08","17","3","","0","0","0","0","1"
"POINT (13.388659001000100 52.532583449000100)","Unfall 236136 (2022) Kat:3, Licht: 0","236136","3","6","1","09","15","1","","0","1","1","0","0"
"POINT (13.563475485000000 52.497798691000099)","Unfall 236137 (2022) Kat:3, Licht: 0","236137","3","2","3","08","12","1","","0","1","1","0","0"
"POINT (13.532631219000100 52.511439817000102)","Unfall 236138 (2022) Kat:3, Licht: 0","236138","3","4","6","09","18","3","","0","0","1","1","0"
"POINT (13.565774289000000 52.529050757999997)","Unfall 236139 (2022) Kat:3, Licht: 0","236139","3","2","5","08","07","6","","0","0","1","0","0"
"POINT (13.340806302000001 52.556880555000099)","Unfall 236140 (2022) Kat:3, Licht: 0","236140","3","5","1","07","19","7","","0","1","1","0","0"
"POINT (13.390236377000100 52.535542217000099)","Unfall 236141 (2022) Kat:3, Licht: 0","236141","3","7","0","08","09","3","","0","1","0","1","0"
"POINT (13.417618538999999 52.538363359000101)","Unfall 236142 (2022) Kat:3, Licht: 1","236142","3","4","6","07","20","6","","1","1","0","1","0"
"POINT (13.345609193000000 52.471712236000002)","Unfall 236143 (2022) Kat:2, Licht: 2","236143","2","1","0","08","00","6","","2","0","0","0","0"
"POINT (13.153121623000100 52.522112866999997)","Unfall 236144 (2022) Kat:3, Licht: 0","236144","3","1","0","08","18","1","","0","0","0","0","1"
"POINT (13.374815147000000 52.517765673000000)","Unfall 236145 (2022) Kat:3, Licht: 2","236145","3","7","0","08","22","3","","2","0","0","0","1"
"POINT (13.428817282000100 52.588278919000103)","Unfall 236146 (2022) Kat:3, Licht: 0","236146","3","2","5","07","15","3","","0","1","1","0","0"
"POINT (13.353779962999999 52.562092408000098)","Unfall 236147 (2022) Kat:3, Licht: 1","236147","3","2","5","07","21","3","","1","0","1","0","0"
"POINT (13.421289227999999 52.559714714000101)","Unfall 236148 (2022) Kat:3, Licht: 0","236148","3","3","5","08","17","6","","0","0","1","0","0"
"POINT (13.392791891000099 52.492110690000104)","Unfall 236149 (2022) Kat:3, Licht: 0","236149","3","2","5","08","13","2","","0","1","1","0","0"
"POINT (13.440286817000100 52.477529034000000)","Unfall 236150 (2022) Kat:3, Licht: 0","236150","3","5","1","07","19","6","","0","0","1","0","1"
"POINT (13.398749131000001 52.532583054000000)","Unfall 236151 (2022) Kat:2, Licht: 0","236151","2","1","0","08","18","4","","0","1","0","0","0"
"POINT (13.400591195000100 52.529597072999998)","Unfall 236152 (2022) Kat:3, Licht: 0","236152","3","6","3","09","12","6","","0","1","1","0","0"
"POINT (13.393851557000101 52.521447821999999)","Unfall 236153 (2022) Kat:3, Licht: 0","236153","3","3","5","08","13","3","","0","1","1","0","0"
"POINT (13.428901467000101 52.485325285000002)","Unfall 236154 (2022) Kat:3, Licht: 1","236154","3","5","1","09","19","6","","1","0","1","0","1"
"POINT (13.347566011000000 52.540867603000002)","Unfall 236155 (2022) Kat:3, Licht: 2","236155","3","7","5","09","20","3","","2","1","1","0","0"
"POINT (13.299015894000000 52.502820299000099)","Unfall 236156 (2022) Kat:3, Licht: 0","236156","3","6","3","08","09","6","","0","1","1","0","0"
"POINT (13.425617503000099 52.505891188000099)","Unfall 236157 (2022) Kat:3, Licht: 2","236157","3","5","1","08","22","2","","2","0","1","0","0"
"POINT (13.432757054000000 52.599499774000002)","Unfall 236158 (2022) Kat:3, Licht: 0","236158","3","6","2","07","09","5","","0","0","1","0","0"
"POINT (13.577608636000001 52.444061873000102)","Unfall 236159 (2022) Kat:2, Licht: 2","236159","2","1","0","08","23","5","","2","1","0","0","0"
"POINT (13.294449746000099 52.534431190000099)","Unfall 236160 (2022) Kat:3, Licht: 0","236160","3","2","0","08","16","6","","0","1","1","0","0"
"POINT (13.509309429000000 52.546362221999999)","Unfall 236161 (2022) Kat:2, Licht: 0","236161","2","2","5","07","07","2","","0","1","0","0","0"
"POINT (13.350052268000100 52.503398974000000)","Unfall 236162 (2022) Kat:3, Licht: 0","236162","3","7","1","08","12","5","","0","1","0","0","0"
"POINT (13.302405361000099 52.506901779000003)","Unfall 236163 (2022) Kat:3, Licht: 2","236163","3","2","5","08","20","7","","2","1","1","0","0"
"POINT (13.424093902999999 52.486404175000096)","Unfall 236164 (2022) Kat:3, Licht: 0","236164","3","1","0","08","16","3","","0","0","0","0","1"
"POINT (13.306562225000100 52.505700932000103)","Unfall 236165 (2022) Kat:3, Licht: 0","236165","3","7","0","09","12","5","","0","0","1","0","1"