WKT,Name,OBJECTID,UKATEGORIE,UTYP1,UART,UMONAT,USTUNDE,UWOCHENTAG,STRZUSTAND,ULICHTVERH,ISTRAD,ISTPKW,ISTFUSS,ISTKRAD
"POINT (13.265722015000099 52.513193091000097)","Unfall 236166 (2022) Kat:3, Licht: 0","236166","3","5","5","08","10","2","","0","0","1","0","0"
"POINT (13.247823276000100 52.548578372000101)","Unfall 236167 (2022) Kat:3, Licht: 0","236167","3","6","3","08","15","4","","0","0","1","0","0"
"POINT (13.429764462000000 52.556565493999997)","Unfall 236168 (2022) Kat:3, Licht: 0","236168","3","6","3","09","08","5","","0","1","0","0","0"
"POINT (13.394392522000000 52.483976818000002)","Unfall 236169 (2022) Kat:3, Licht: 2","236169","3","1","0","07","21","7","","2","0","0","0","1"
"POINT (13.377433587000001 52.513056640999999)","Unfall 236170 (2022) Kat:2, Licht: 0","236170","2","3","5","08","16","6","","0","0","1","0","0"
"POINT (13.294323193000000 52.534355181000102)","Unfall 236171 (2022) Kat:3, Licht: 2","236171","3","6","3","09","21","2","","2","0","1","0","0"
"POINT (13.374780277000101 52.596478014000098)","Unfall 236172 (2022) Kat:3, Licht: 0","236172","3","5","1","08","19","5","","0","0","1","0","1"
"POINT (13.375025291000000 52.555764130000099)","Unfall 236173 (2022) Kat:2, Licht: 0","236173","2","6","2","07","13","5","","0","0","1","0","0"
"POINT (13.456890538000000 52.528596319000002)","Unfall 236174 (2022) Kat:3, Licht: 0","236174","3","5","1","07","14","5","","0","1","1","0","0"
"POINT (13.566137177000000 52.445204640000000)","Unfall 236175 (2022) Kat:3, Licht: 0","236175","3","3","5","08","11","1","","0","0","1","0","0"
"POINT (13.398540947000100 52.523511108999998)","Unfall 236176 (2022) Kat:3, Licht: 0","236176","3","3","5","07","10","4","","0","1","0","0","0"
"POINT (13.482232341000000 52.610662822999998)","Unfall 236177 (2022) Kat:3, Licht: 0","236177","3","1","0","08","05","4","","0","1","0","0","0"
"POINT (13.310211851000100 52.567960601999999)","Unfall 236178 (2022) Kat:3, Licht: 1","236178","3","6","2","08","20","5","","1","0","1","0","1"
"POINT (13.384239856000001 52.550972049000102)","Unfall 236179 (2022) Kat:2, Licht: 0","236179","2","5","0","07","14","6","","0","1","1","0","0"
"POINT (13.603963499000001 52.538637903999998)","Unfall 236180 (2022) Kat:3, Licht: 0","236180","3","6","2","08","16","2","","0","0","1","0","1"
"POINT (13.265411122000000 52.503733436000097)","Unfall 236181 (2022) Kat:2, Licht: 0","236181","2","7","5","09","15","4","","0","0","1","0","1"
"POINT (13.416872482000000 52.504309649000000)","Unfall 236182 (2022) Kat:3, Licht: 0","236182","3","3","5","08","17","7","","0","0","1","0","0"
"POINT (13.494589098000100 52.522982089000003)","Unfall 236183 (2022) Kat:3, Licht: 0","236183","3","6","2","08","16","3","","0","1","1","0","0"
"POINT (13.500355269000099 52.561610270000102)","Unfall 236184 (2022) Kat:2, Licht: 0","236184","2","2","5","08","11","4","","0","0","1","0","0"
"POINT (13.387166346000100 52.507514254000100)","Unfall 236185 (2022) Kat:2, Licht: 0","236185","2","3","0","07","14","6","","0","1","0","0","0"
"POINT (13.441480364000000 52.532191513999997)","Unfall 236186 (2022) Kat:3, Licht: 0","236186","3","1","0","09","11","6","","0","1","0","0","0"
"POINT (13.424134305999999 52.477322010000101)","Unfall 236187 (2022) Kat:3, Licht: 2","236187","3","3","5","08","23","5","","2","0","1","0","0"
"POINT (13.601211637000100 52.481866787000101)","Unfall 236188 (2022) Kat:3, Licht: 0","236188","3","2","5","08","14","4","","0","1","1","0","0"
"POINT (13.227678195000101 52.537883040000096)","Unfall 236189 (2022) Kat:3, Licht: 0","236189","3","6","3","07","07","3","","0","0","1","0","1"
"POINT (13.460073010000000 52.431971584000102)","Unfall 236190 (2022) Kat:3, Licht: 0","236190","3","2","0","07","13","5","","0","0","1","0","1"
"POINT (13.412003357000099 52.488535503000001)","Unfall 236191 (2022) Kat:3, Licht: 0","236191","3","7","6","09","13","5","","0","0","0","1","0"
"POINT (13.364795105000001 52.574217329000099)","Unfall 236192 (2022) Kat:3, Licht: 2","236192","3","5","1","07","01","3","","2","0","0","0","1"
"POINT (13.391136344000101 52.583749746000102)","Unfall 236193 (2022) Kat:3, Licht: 0","236193","3","2","5","08","06","5","","0","1","0","0","0"
"POINT (13.346354959000100 52.501225541000103)","Unfall 236194 (2022) Kat:3, Licht: 0","236194","3","2","5","09","10","2","","0","0","1","0","0"
"POINT (13.407271464000100 52.523573546000101)","Unfall 236195 (2022) Kat:3, Licht: 0","236195","3","5","1","08","18","4","","0","1","1","0","0"
"POINT (13.391958664000100 52.509650811000000)","Unfall 236196 (2022) Kat:3, Licht: 0","236196","3","3","5","07","15","1","","0","0","1","0","0"
"POINT (13.442394130000000 52.465747970000102)","Unfall 236197 (2022) Kat:2, Licht: 2","236197","2","2","6","07","21","5","","2","0","1","1","0"
"POINT (13.306270714000000 52.499773759999997)","Unfall 236198 (2022) Kat:3, Licht: 0","236198","3","5","1","07","17","5","","0","0","1","0","0"
"POINT (13.535339416999999 52.432217903000002)","Unfall 236199 (2022) Kat:3, Licht: 2","236199","3","1","0","08","00","1","","2","0","0","0","0"
"POINT (13.533856989000100 52.434187018999999)","Unfall 236200 (2022) Kat:3, Licht: 0","236200","3","7","2","07","10","3","","0","0","0","0","0"
"POINT (13.466231672999999 52.496943793000099)","Unfall 236201 (2022) Kat:3, Licht: 0","236201","3","2","5","08","07","4","","0","1","1","0","0"
"POINT (13.487144487000000 52.422922232000097)","Unfall 236202 (2022) Kat:3, Licht: 0","236202","3","3","5","08","06","5","","0","0","1","0","0"
"POINT (13.369872837999999 52.559756485999998)","Unfall 236203 (2022) Kat:3, Licht: 0","236203","3","2","2","07","06","6","","0","0","1","0","0"
"POINT (13.402422534999999 52.602163830999999)","Unfall 236204 (2022) Kat:2, Licht: 0","236204","2","3","5","08","09","3","","0","1","0","0","0"
"POINT (13.370480469000000 52.545347726999999)","Unfall 236205 (2022) Kat:3, Licht: 0","236205","3","2","5","09","08","4","","0","1","1","0","0"
"POINT (13.428292194000100 52.507431173000001)","Unfall 236206 (2022) Kat:3, Licht: 0","236206","3","2","2","08","10","1","","0","0","1","0","0"
"POINT (13.351928748000001 52.439893213000097)","Unfall 236207 (2022) Kat:3, Licht: 0","236207","3","6","2","08","09","3","","0","0","1","0","0"
"POINT (13.334913449000100 52.584545653000099)","Unfall 236208 (2022) Kat:2, Licht: 0","236208","2","6","2","08","11","4","","0","0","1","0","1"
"POINT (13.337003459000099 52.492265291000102)","Unfall 236209 (2022) Kat:3, Licht: 0","236209","3","5","1","07","19","2","","0","0","1","0","0"
"POINT (13.452882370999999 52.533813171000098)","Unfall 236210 (2022) Kat:3, Licht: 0","236210","3","2","5","09","12","6","","0","1","1","0","0"
"POINT (13.376101373999999 52.519402477000000)","Unfall 236211 (2022) Kat:3, Licht: 0","236211","3","7","0","08","14","7","","0","0","0","0","0"
"POINT (13.314000635000101 52.506353077000000)","Unfall 236212 (2022) Kat:3, Licht: 0","236212","3","4","6","09","16","1","","0","0","0","1","0"
"POINT (13.620879937000000 52.530674658000102)","Unfall 236213 (2022) Kat:3, Licht: 0","236213","3","2","6","08","08","4","","0","0","1","1","0"
"POINT (13.181934803000001 52.536753841000099)","Unfall 236214 (2022) Kat:3, Licht: 0","236214","3","3","5","07","15","3","","0","0","1","0","0"
"POINT (13.563323137999999 52.445900102000103)","Unfall 236215 (2022) Kat:3, Licht: 0","236215","3","6","3","07","06","4","","0","0","1","0","0"
"POINT (13.507671459000100 52.403491479000103)","Unfall 236216 (2022) Kat:3, Licht: 0","236216","3","7","0","08","10","6","","0","0","0","1","0"
"POINT (13.400080746000100 52.444763925000103)","Unfall 236217 (2022) Kat:3, Licht: 0","236217","3","6","2","08","09","3","","0","0","0","0","1"
"POINT (13.336163524000000 52.505282501000103)","Unfall 236218 (2022) Kat:3, Licht: 0","236218","3","6","2","07","14","7","","0","0","1","0","0"
"POINT (13.346822728000101 52.501128602000101)","Unfall 236219 (2022) Kat:3, Licht: 0","236219","3","6","3","08","18","5","","0","0","1","0","1"
"POINT (13.473474637000001 52.503082880000100)","Unfall 236220 (2022) Kat:3, Licht: 0","236220","3","6","3","08","11","3","","0","1","0","0","0"
"POINT (13.583645293000099 52.463265480000103)","Unfall 236221 (2022) Kat:3, Licht: 2","236221","3","2","5","09","23","7","","2","1","1","0","0"
"POINT (13.483412647000000 52.622990862999998)","Unfall 236222 (2022) Kat:3, Licht: 0","236222","3","4","6","09","08","3","","0","0","1","1","0"
"POINT (13.237516264000000 52.620257025000100)","Unfall 236223 (2022) Kat:3, Licht: 0","236223","3","2","5","08","13","7","","0","1","1","0","0"
"POINT (13.333042114000000 52.452439535000103)","Unfall 236224 (2022) Kat:3, Licht: 0","236224","3","7","5","07","14","6","","0","0","1","0","1"
"POINT (13.321339615999999 52.429605703000000)","Unfall 236225 (2022) Kat:3, Licht: 0","236225","3","2","5","08","19","2","","0","1","1","0","0"
"POINT (13.197600202000000 52.550430405999997)","Unfall 236226 (2022) Kat:2, Licht: 0","236226","2","3","5","07","07","6","","0","0","1","0","1"
"POINT (13.196979408000100 52.531430203000099)","Unfall 236227 (2022) Kat:3, Licht: 0","236227","3","2","5","08","12","6","","0","1","0","0","0"
"POINT (13.588437995000000 52.428308885000000)","Unfall 236228 (2022) Kat:3, Licht: 0","236228","3","5","1","08","10","1","","0","1","1","0","0"
"POINT (13.432992125000100 52.530806679000101)","Unfall 236229 (2022) Kat:3, Licht: 0","236229","3","3","5","08","13","3","","0","0","1","0","1"
"POINT (13.262945264000100 52.423799596000002)","Unfall 236230 (2022) Kat:3, Licht: 0","236230","3","1","0","07","12","2","","0","1","0","0","0"
"POINT (13.548869594000100 52.427810667000102)","Unfall 236231 (2022) Kat:3, Licht: 0","236231","3","6","2","07","16","4","","0","0","1","0","0"
"POINT (13.510092482000100 52.535002007999999)","Unfall 236232 (2022) Kat:3, Licht: 0","236232","3","6","2","08","17","6","","0","0","1","0","0"
"POINT (13.367508413000101 52.423421362000099)","Unfall 236233 (2022) Kat:3, Licht: 0","236233","3","3","5","08","12","2","","0","1","1","0","0"
"POINT (13.502339425000100 52.565500741999998)","Unfall 236234 (2022) Kat:3, Licht: 0","236234","3","3","5","07","18","6","","0","0","1","0","0"
"POINT (13.426748237000000 52.511754225000097)","Unfall 236235 (2022) Kat:3, Licht: 0","236235","3","2","5","08","10","4","","0","0","1","0","1"
"POINT (13.317621001000100 52.506148914000100)","Unfall 236236 (2022) Kat:3, Licht: 2","236236","3","3","5","09","21","6","","2","0","1","0","0"
"POINT (13.361223840999999 52.416501613999998)","Unfall 236237 (2022) Kat:2, Licht: 0","236237","2","6","4","08","13","3","","0","0","0","0","0"
"POINT (13.496215656000100 52.412427037999997)","Unfall 236238 (2022) Kat:3, Licht: 0","236238","3","1","8","09","10","6","","0","0","1","0","0"
"POINT (13.451410418000000 52.437115807000097)","Unfall 236239 (2022) Kat:3, Licht: 0","236239","3","5","1","08","16","3","","0","0","1","0","0"
"POINT (13.623055517000100 52.526140682000097)","Unfall 236240 (2022) Kat:2, Licht: 0","236240","2","3","5","07","18","1","","0","1","1","0","0"
"POINT (13.225438686000100 52.546505338000003)","Unfall 236241 (2022) Kat:3, Licht: 0","236241","3","4","6","09","18","5","","0","0","1","1","0"
"POINT (13.331353570999999 52.442124501000102)","Unfall 236242 (2022) Kat:3, Licht: 0","236242","3","3","5","09","14","2","","0","1","1","0","0"
"POINT (13.410474485000099 52.503815514000102)","Unfall 236243 (2022) Kat:3, Licht: 0","236243","3","2","5","08","16","5","","0","1","1","0","0"
"POINT (13.440707600000099 52.470830028000101)","Unfall 236244 (2022) Kat:3, Licht: 2","236244","3","5","1","08","21","2","","2","0","1","0","0"
"POINT (13.323686613000101 52.502175253000097)","Unfall 236245 (2022) Kat:3, Licht: 0","236245","3","6","3","07","21","5","","0","1","0","0","0"
"POINT (13.356634535000101 52.498815071000102)","Unfall 236246 (2022) Kat:3, Licht: 0","236246","3","1","0","08","15","5","","0","0","0","0","0"
"POINT (13.441115600000000 52.472362854000004)","Unfall 236247 (2022) Kat:3, Licht: 0","236247","3","2","5","08","14","6","","0","1","1","0","0"
"POINT (13.427687110000001 52.507555807000102)","Unfall 236248 (2022) Kat:3, Licht: 0","236248","3","2","5","07","19","1","","0","0","1","0","0"
"POINT (13.473924582000100 52.510176385000101)","Unfall 236249 (2022) Kat:3, Licht: 0","236249","3","2","5","08","17","5","","0","0","1","0","1"
"POINT (13.391447771000101 52.512817378000101)","Unfall 236250 (2022) Kat:3, Licht: 0","236250","3","5","1","08","16","7","","0","1","1","0","0"
"POINT (13.569942928000000 52.441605965000100)","Unfall 236251 (2022) Kat:3, Licht: 0","236251","3","6","0","08","17","3","","0","1","1","0","0"
"POINT (13.485122131000001 52.533651669999998)","Unfall 236252 (2022) Kat:3, Licht: 0","236252","3","3","5","09","16","5","","0","1","1","0","0"
"POINT (13.414442214000101 52.552076096000100)","Unfall 236253 (2022) Kat:3, Licht: 0","236253","3","2","5","08","17","2","","0","1","0","0","0"
"POINT (13.277169426000100 52.479725119000101)","Unfall 236254 (2022) Kat:3, Licht: 0","236254","3","3","0","08","14","4","","0","1","1","0","0"
"POINT (13.223929829999999 52.429719251999998)","Unfall 236255 (2022) Kat:3, Licht: 0","236255","3","2","5","09","14","5","","0","1","1","0","0"
"POINT (13.319225296000100 52.478793713000101)","Unfall 236256 (2022) Kat:1, Licht: 2","236256","1","1","9","07","22","1","","2","0","0","0","1"
"POINT (13.190395936000099 52.434328864000101)","Unfall 236257 (2022) Kat:3, Licht: 0","236257","3","7","5","08","18","5","","0","1","1","0","0"
"POINT (13.399046237000100 52.508139800000002)","Unfall 236258 (2022) Kat:3, Licht: 0","236258","3","3","5","09","14","2","","0","0","1","0","0"
"POINT (13.358223246000000 52.612389002000000)","Unfall 236259 (2022) Kat:3, Licht: 1","236259","3","7","7","08","06","5","","1","1","0","0","0"
"POINT (13.182053446999999 52.548103140000102)","Unfall 236260 (2022) Kat:2, Licht: 0","236260","2","5","1","07","13","5","","0","0","1","0","0"
"POINT (13.572900088999999 52.393288662000003)","Unfall 236261 (2022) Kat:3, Licht: 0","236261","3","3","5","08","18","1","","0","0","1","0","1"
"POINT (13.290263678000001 52.633417930000100)","Unfall 236262 (2022) Kat:2, Licht: 0","236262","2","1","0","07","10","7","","0","0","0","0","0"
"POINT (13.429601675000100 52.481352516000101)","Unfall 236263 (2022) Kat:3, Licht: 0","236263","3","3","5","08","15","5","","0","1","0","0","0"
"POINT (13.329939470000101 52.523780857000098)","Unfall 236264 (2022) Kat:3, Licht: 0","236264","3","2","5","08","11","5","","0","1","1","0","0"
"POINT (13.440661611000101 52.517193033000098)","Unfall 236265 (2022) Kat:3, Licht: 0","236265","3","2","5","07","18","6","","0","0","1","0","0"
"POINT (13.593582761000100 52.447493200000103)","Unfall 236266 (2022) Kat:3, Licht: 0","236266","3","2","5","08","13","2","","0","1","1","0","0"
"POINT (13.421894407000000 52.544899416000099)","Unfall 236267 (2022) Kat:3, Licht: 1","236267","3","2","5","09","19","4","","1","1","1","0","0"
"POINT (13.532032205000100 52.421945967000099)","Unfall 236268 (2022) Kat:3, Licht: 0","236268","3","4","6","08","10","7","","0","1","0","1","0"
"POINT (13.441258673000000 52.549565792000102)","Unfall 236269 (2022) Kat:3, Licht: 0","236269","3","3","5","08","16","3","","0","0","1","0","0"
"POINT (13.426378239000000 52.477040311000103)","Unfall 236270 (2022) Kat:3, Licht: 0","236270","3","5","1","08","18","4","","0","1","1","0","0"
"POINT (13.539739431999999 52.492823906000098)","Unfall 236271 (2022) Kat:3, Licht: 0","236271","3","5","1","07","16","7","","0","1","1","0","0"
"POINT (13.366315160000100 52.475345169999997)","Unfall 236272 (2022) Kat:2, Licht: 2","236272","2","1","0","09","22","6","","2","1","0","0","0"
"POINT (13.421222437000001 52.509755121000097)","Unfall 236273 (2022) Kat:3, Licht: 0","236273","3","2","5","08","08","6","","0","1","1","0","0"
"POINT (13.614032969000000 52.376270964000099)","Unfall 236274 (2022) Kat:3, Licht: 0","236274","3","2","5","08","07","4","","0","1","1","0","0"
"POINT (13.462895784000100 52.471019054000102)","Unfall 236275 (2022) Kat:3, Licht: 0","236275","3","4","6","07","17","4","","0","0","0","1","0"
"POINT (13.476705677000000 52.504924582000100)","Unfall 236276 (2022) Kat:3, Licht: 2","236276","3","2","5","07","22","4","","2","1","1","0","0"
"POINT (13.260906850000000 52.517364569999998)","Unfall 236277 (2022) Kat:3, Licht: 0","236277","3","5","5","08","16","7","","0","0","1","0","0"
"POINT (13.589508675999999 52.509408071999999)","Unfall 236278 (2022) Kat:3, Licht: 0","236278","3","5","1","08","13","2","","0","1","1","0","0"
"POINT (13.406431680000001 52.565382202000102)","Unfall 236279 (2022) Kat:2, Licht: 0","236279","2","2","0","07","18","6","","0","1","1","0","0"
"POINT (13.375804315000000 52.528434484000101)","Unfall 236280 (2022) Kat:3, Licht: 1","236280","3","6","2","08","20","4","","1","0","1","0","1"
"POINT (13.574935748000000 52.397450333999998)","Unfall 236281 (2022) Kat:3, Licht: 0","236281","3","3","5","08","18","3","","0","1","1","0","0"
"POINT (13.326439453000001 52.502671538000101)","Unfall 236282 (2022) Kat:3, Licht: 2","236282","3","6","0","09","22","7","","2","0","1","0","0"
"POINT (13.394400185000100 52.486862400000099)","Unfall 236283 (2022) Kat:3, Licht: 0","236283","3","4","0","08","15","2","","0","0","0","1","0"
"POINT (13.317927042000100 52.454220616000001)","Unfall 236284 (2022) Kat:3, Licht: 0","236284","3","2","5","09","06","3","","0","1","0","0","0"
"POINT (13.451345704000101 52.471984016000100)","Unfall 236285 (2022) Kat:3, Licht: 0","236285","3","3","5","08","16","6","","0","0","1","0","0"
"POINT (13.440198402000000 52.481579717000002)","Unfall 236286 (2022) Kat:3, Licht: 0","236286","3","7","6","08","16","3","","0","0","0","1","0"
"POINT (13.292290859000000 52.590564741000001)","Unfall 236287 (2022) Kat:3, Licht: 0","236287","3","2","5","07","09","5","","0","0","1","0","0"
"POINT (13.407163345000100 52.525926390999999)","Unfall 236288 (2022) Kat:3, Licht: 0","236288","3","7","1","08","11","5","","0","0","1","0","1"
"POINT (13.360998216000000 52.555336010000097)","Unfall 236289 (2022) Kat:3, Licht: 0","236289","3","3","5","08","13","6","","0","1","1","0","0"
"POINT (13.432861699000100 52.535833673000099)","Unfall 236290 (2022) Kat:3, Licht: 0","236290","3","6","2","07","15","3","","0","0","1","0","1"
"POINT (13.260959028000100 52.411913201000097)","Unfall 236291 (2022) Kat:2, Licht: 0","236291","2","7","0","07","08","3","","0","1","0","0","0"
"POINT (13.470781325000100 52.601374595999999)","Unfall 236292 (2022) Kat:3, Licht: 2","236292","3","6","3","08","20","6","","2","1","1","0","0"
"POINT (13.412208536000000 52.505522536000100)","Unfall 236293 (2022) Kat:3, Licht: 2","236293","3","7","5","08","23","1","","2","0","1","0","1"
"POINT (13.488354906000000 52.451304725000099)","Unfall 236294 (2022) Kat:3, Licht: 0","236294","3","2","2","08","15","3","","0","0","1","0","0"
"POINT (13.415387559000100 52.520789031000000)","Unfall 236295 (2022) Kat:3, Licht: 1","236295","3","2","5","09","20","5","","1","0","1","0","0"
"POINT (13.424174336000000 52.485692837000002)","Unfall 236296 (2022) Kat:3, Licht: 0","236296","3","7","0","08","19","2","","0","1","1","0","0"
"POINT (13.259665194000000 52.514741835000102)","Unfall 236297 (2022) Kat:2, Licht: 0","236297","2","3","5","09","10","7","","0","0","1","0","0"
"POINT (13.274004777000100 52.575804669000000)","Unfall 236298 (2022) Kat:2, Licht: 0","236298","2","3","5","08","15","4","","0","0","1","0","1"
"POINT (13.176996639000000 52.548922486000002)","Unfall 236299 (2022) Kat:3, Licht: 0","236299","3","2","5","07","12","5","","0","1","1","0","0"
"POINT (13.424804355999999 52.483636900000100)","Unfall 236300 (2022) Kat:2, Licht: 0","236300","2","7","5","09","16","5","","0","0","1","0","1"
"POINT (13.590422149000100 52.488607410000000)","Unfall 236301 (2022) Kat:3, Licht: 0","236301","3","3","5","07","17","3","","0","1","1","0","0"
"POINT (13.325818834000099 52.506259994000096)","Unfall 236302 (2022) Kat:3, Licht: 0","236302","3","5","1","07","09","5","","0","1","1","0","0"
"POINT (13.306494039000000 52.417439862999998)","Unfall 236303 (2022) Kat:3, Licht: 0","236303","3","3","0","08","17","7","","0","1","1","0","0"
"POINT (13.451395606000100 52.515193083000000)","Unfall 236304 (2022) Kat:3, Licht: 0","236304","3","7","0","08","15","3","","0","0","0","0","0"
"POINT (13.384324713000099 52.555860201000002)","Unfall 236305 (2022) Kat:3, Licht: 1","236305","3","2","0","07","20","7","","1","0","1","0","1"
"POINT (13.124076366000100 52.528277164000002)","Unfall 236306 (2022) Kat:3, Licht: 0","236306","3","6","2","08","15","5","","0","0","1","0","0"
"POINT (13.371887168000100 52.509058980000098)","Unfall 236307 (2022) Kat:3, Licht: 0","236307","3","2","5","08","08","3","","0","0","1","0","0"
"POINT (13.271047239000000 52.575866386000001)","Unfall 236308 (2022) Kat:2, Licht: 0","236308","2","2","5","09","07","1","","0","1","1","0","0"
"POINT (13.360375449999999 52.537209759000099)","Unfall 236309 (2022) Kat:3, Licht: 0","236309","3","2","6","09","08","4","","0","0","0","1","0"
"POINT (13.315821100999999 52.506082182999997)","Unfall 236310 (2022) Kat:3, Licht: 2","236310","3","3","5","08","23","6","","2","0","1","0","0"
"POINT (13.384314505000100 52.509772435999999)","Unfall 236311 (2022) Kat:2, Licht: 0","236311","2","2","5","07","16","7","","0","0","1","0","0"
"POINT (13.356631511000000 52.424977884999997)","Unfall 236312 (2022) Kat:3, Licht: 0","236312","3","6","3","08","08","3","","0","1","1","0","0"
"POINT (13.297464243000000 52.580055063000003)","Unfall 236313 (2022) Kat:3, Licht: 0","236313","3","2","5","07","10","5","","0","1","0","0","0"
"POINT (13.473779288000101 52.474950640000003)","Unfall 236314 (2022) Kat:2, Licht: 0","236314","2","2","5","08","16","4","","0","0","1","0","1"
"POINT (13.405425511000001 52.523485290000103)","Unfall 236315 (2022) Kat:3, Licht: 0","236315","3","2","5","08","15","1","","0","0","1","0","0"
"POINT (13.204891100000101 52.530196696000097)","Unfall 236316 (2022) Kat:2, Licht: 0","236316","2","2","5","08","13","3","","0","0","0","0","1"
"POINT (13.323360112000000 52.625751329000103)","Unfall 236317 (2022) Kat:3, Licht: 0","236317","3","1","0","07","17","4","","0","0","0","0","1"
"POINT (13.561194814000000 52.544738033000002)","Unfall 236318 (2022) Kat:2, Licht: 2","236318","2","4","6","08","23","6","","2","0","1","1","0"
"POINT (13.268982565000000 52.511554506000003)","Unfall 236319 (2022) Kat:2, Licht: 2","236319","2","2","5","08","02","2","","2","0","0","0","1"
"POINT (13.326357057999999 52.524761596000097)","Unfall 236320 (2022) Kat:3, Licht: 2","236320","3","1","0","07","22","6","","2","0","0","0","0"
"POINT (13.305843163000100 52.432714218000100)","Unfall 236321 (2022) Kat:3, Licht: 0","236321","3","6","2","08","16","4","","0","0","1","0","0"
"POINT (13.485510439000100 52.524058302000100)","Unfall 236322 (2022) Kat:3, Licht: 2","236322","3","6","2","09","21","5","","2","0","1","0","0"
"POINT (13.390505065000101 52.506713924000103)","Unfall 236323 (2022) Kat:3, Licht: 0","236323","3","2","5","08","15","2","","0","0","1","0","0"
"POINT (13.288456052000100 52.512908657000096)","Unfall 236324 (2022) Kat:3, Licht: 2","236324","3","6","2","09","22","7","","2","0","1","0","0"
"POINT (13.186498558000000 52.547081880000100)","Unfall 236325 (2022) Kat:3, Licht: 0","236325","3","2","5","08","18","2","","0","1","1","0","0"
"POINT (13.278563071000100 52.468575065000003)","Unfall 236326 (2022) Kat:3, Licht: 0","236326","3","2","5","09","09","5","","0","1","1","0","0"
"POINT (13.454439160000000 52.512150813000098)","Unfall 236327 (2022) Kat:3, Licht: 0","236327","3","7","1","09","17","2","","0","0","1","0","0"
"POINT (13.293530924000001 52.445863467000002)","Unfall 236328 (2022) Kat:3, Licht: 0","236328","3","6","2","08","07","5","","0","0","1","0","1"
"POINT (13.482836346999999 52.460570457000102)","Unfall 236329 (2022) Kat:3, Licht: 0","236329","3","6","2","08","19","2","","0","0","1","0","1"
"POINT (13.485666540000100 52.616005026000003)","Unfall 236330 (2022) Kat:3, Licht: 0","236330","3","3","5","07","18","3","","0","1","1","0","0"
"POINT (13.365448547000000 52.550405030000000)","Unfall 236331 (2022) Kat:3, Licht: 0","236331","3","5","1","08","14","4","","0","1","1","0","0"
"POINT (13.335329642000000 52.595664862000000)","Unfall 236332 (2022) Kat:3, Licht: 0","236332","3","3","5","08","11","6","","0","0","1","0","1"
"POINT (13.407927377000000 52.499976934000102)","Unfall 236333 (2022) Kat:3, Licht: 0","236333","3","2","5","07","08","2","","0","1","0","0","0"
"POINT (13.376039225000101 52.553697051000000)","Unfall 236334 (2022) Kat:3, Licht: 0","236334","3","4","6","08","19","1","","0","0","1","1","0"
"POINT (13.468347490999999 52.562156610000002)","Unfall 236335 (2022) Kat:3, Licht: 0","236335","3","3","5","08","06","4","","0","1","1","0","0"
"POINT (13.464279843000000 52.509588819999998)","Unfall 236336 (2022) Kat:3, Licht: 0","236336","3","3","5","09","11","5","","0","0","1","0","0"
"POINT (13.271888718000101 52.452730733000102)","Unfall 236337 (2022) Kat:3, Licht: 0","236337","3","6","2","08","12","2","","0","0","1","0","1"
"POINT (13.247796005000099 52.524464879999996)","Unfall 236338 (2022) Kat:3, Licht: 0","236338","3","6","2","08","09","5","","0","0","1","0","1"
"POINT (13.354847597000100 52.554516790000001)","Unfall 236339 (2022) Kat:2, Licht: 0","236339","2","6","4","08","13","4","","0","0","1","0","0"
"POINT (13.502886626000100 52.480311218000097)","Unfall 236340 (2022) Kat:3, Licht: 1","236340","3","2","5","07","20","1","","1","1","1","0","0"
"POINT (13.406644482000001 52.541040054000099)","Unfall 236341 (2022) Kat:3, Licht: 0","236341","3","4","6","08","19","5","","0","0","0","1","0"
"POINT (13.306418781000000 52.434064317000001)","Unfall 236342 (2022) Kat:3, Licht: 0","236342","3","3","5","09","13","2","","0","0","1","0","0"
"POINT (13.431854114000000 52.466420767000002)","Unfall 236343 (2022) Kat:3, Licht: 0","236343","3","2","5","08","18","5","","0","1","1","0","0"
"POINT (13.245304962000001 52.601269144000099)","Unfall 236344 (2022) Kat:3, Licht: 0","236344","3","2","5","07","09","4","","0","0","1","0","1"
"POINT (13.202914887000100 52.436604594000102)","Unfall 236345 (2022) Kat:3, Licht: 0","236345","3","7","5","07","13","5","","0","1","1","0","0"
"POINT (13.307845316000099 52.572107216000099)","Unfall 236346 (2022) Kat:3, Licht: 0","236346","3","3","5","08","14","2","","0","0","1","0","0"
"POINT (13.359833109000000 52.418715976000001)","Unfall 236347 (2022) Kat:3, Licht: 0","236347","3","4","6","07","14","7","","0","0","0","1","0"
"POINT (13.371761540000000 52.555178910999999)","Unfall 236348 (2022) Kat:3, Licht: 2","236348","3","7","0","08","23","5","","2","1","0","0","1"
"POINT (13.417661967000100 52.513782222000003)","Unfall 236349 (2022) Kat:3, Licht: 0","236349","3","3","5","08","18","5","","0","0","1","0","1"
"POINT (13.414993561000101 52.503830993000101)","Unfall 236350 (2022) Kat:3, Licht: 0","236350","3","3","5","07","19","5","","0","1","1","0","0"
"POINT (13.317839677000100 52.414294534000099)","Unfall 236351 (2022) Kat:3, Licht: 0","236351","3","4","6","08","16","3","","0","0","1","1","0"
"POINT (13.315591376000000 52.578024751999997)","Unfall 236352 (2022) Kat:3, Licht: 0","236352","3","6","2","09","11","5","","0","0","1","0","0"