WKT,Name,OBJECTID,UKATEGORIE,UTYP1,UART,UMONAT,USTUNDE,UWOCHENTAG,STRZUSTAND,ULICHTVERH,ISTRAD,ISTPKW,ISTFUSS,ISTKRAD
"POINT (13.388322098000099 52.519942794000002)","Unfall 236353 (2022) Kat:2, Licht: 0","236353","2","5","1","08","09","2","","0","1","1","0","0"
"POINT (13.314885971000001 52.489883846000097)","Unfall 236354 (2022) Kat:3, Licht: 0","236354","3","1","0","08","15","4","","0","0","0","0","1"
"POINT (13.183887359000000 52.534158596000097)","Unfall 236355 (2022) Kat:3, Licht: 0","236355","3","5","1","08","18","4","","0","0","1","0","0"
"POINT (13.411165866999999 52.521122527000003)","Unfall 236356 (2022) Kat:3, Licht: 0","236356","3","1","0","07","20","6","","0","1","0","0","0"
"POINT (13.307989316000000 52.488432128000099)","Unfall 236357 (2022) Kat:3, Licht: 0","236357","3","2","0","09","12","6","","0","1","1","0","0"
"POINT (13.426889706000100 52.475874462000000)","Unfall 236358 (2022) Kat:3, Licht: 0","236358","3","4","6","08","19","5","","0","0","1","1","0"
"POINT (13.301193903000099 52.519020795000102)","Unfall 236359 (2022) Kat:3, Licht: 0","236359","3","2","5","08","14","4","","0","1","1","0","0"
"POINT (13.409764378000000 52.439229075000100)","Unfall 236360 (2022) Kat:3, Licht: 0","236360","3","3","5","07","14","2","","0","1","1","0","0"
"POINT (13.409190127000000 52.394010772999998)","Unfall 236361 (2022) Kat:3, Licht: 2","236361","3","1","0","07","23","3","","2","1","0","0","0"
"POINT (13.309331890000101 52.502390732999999)","Unfall 236362 (2022) Kat:3, Licht: 0","236362","3","7","6","08","16","7","","0","0","1","1","0"
"POINT (13.424064885000099 52.523765002000097)","Unfall 236363 (2022) Kat:3, Licht: 0","236363","3","3","5","08","13","3","","0","0","0","0","0"
"POINT (13.363580576000100 52.543800777999998)","Unfall 236364 (2022) Kat:3, Licht: 0","236364","3","5","1","07","17","6","","0","0","1","0","0"
"POINT (13.307087109000101 52.621033156000102)","Unfall 236365 (2022) Kat:3, Licht: 0","236365","3","2","5","08","12","4","","0","1","1","0","0"
"POINT (13.466587930000101 52.501202679000102)","Unfall 236366 (2022) Kat:3, Licht: 0","236366","3","7","5","09","10","7","","0","0","1","0","0"
"POINT (13.558928523000100 52.441771230000001)","Unfall 236367 (2022) Kat:3, Licht: 0","236367","3","4","6","09","17","3","","0","0","1","1","0"
"POINT (13.467116250000100 52.502701344000101)","Unfall 236368 (2022) Kat:3, Licht: 1","236368","3","1","0","08","20","6","","1","0","0","0","1"
"POINT (13.569591600000001 52.524618383000103)","Unfall 236369 (2022) Kat:2, Licht: 0","236369","2","6","3","07","12","7","","0","1","1","0","0"
"POINT (13.333007610999999 52.505173669999998)","Unfall 236370 (2022) Kat:3, Licht: 0","236370","3","5","1","08","12","3","","0","0","1","0","1"
"POINT (13.454149727000100 52.452883787000097)","Unfall 236371 (2022) Kat:3, Licht: 0","236371","3","2","5","07","15","5","","0","1","1","0","0"
"POINT (13.388516851000100 52.468561137999998)","Unfall 236372 (2022) Kat:3, Licht: 0","236372","3","5","1","08","07","5","","0","1","1","0","0"
"POINT (13.440364410000001 52.499311976000101)","Unfall 236373 (2022) Kat:3, Licht: 0","236373","3","4","6","08","15","6","","0","0","0","1","0"
"POINT (13.495731291000000 52.625987627000001)","Unfall 236374 (2022) Kat:3, Licht: 0","236374","3","3","5","07","16","1","","0","1","1","0","0"
"POINT (13.384658511000101 52.460855029000101)","Unfall 236375 (2022) Kat:2, Licht: 0","236375","2","3","5","08","08","2","","0","1","0","0","0"
"POINT (13.494904028000100 52.545382197000002)","Unfall 236376 (2022) Kat:2, Licht: 0","236376","2","1","0","07","14","2","","0","1","0","0","0"
"POINT (13.469568760000101 52.515587070999999)","Unfall 236377 (2022) Kat:2, Licht: 0","236377","2","5","0","08","16","6","","0","1","1","0","0"
"POINT (13.397896769999999 52.546264467000100)","Unfall 236378 (2022) Kat:3, Licht: 0","236378","3","2","5","08","14","1","","0","1","1","0","0"
"POINT (13.379583913999999 52.522845082000103)","Unfall 236379 (2022) Kat:2, Licht: 0","236379","2","5","1","08","19","3","","0","1","1","0","0"
"POINT (13.388930255000000 52.555653709000097)","Unfall 236380 (2022) Kat:3, Licht: 0","236380","3","6","2","09","18","5","","0","0","1","0","0"
"POINT (13.309521533000099 52.491988886999998)","Unfall 236381 (2022) Kat:3, Licht: 0","236381","3","3","5","08","14","2","","0","0","1","0","0"
"POINT (13.334343439000101 52.524565838000100)","Unfall 236382 (2022) Kat:3, Licht: 0","236382","3","6","0","08","15","4","","0","0","0","0","1"
"POINT (13.371215746000100 52.511128577000100)","Unfall 236383 (2022) Kat:3, Licht: 0","236383","3","2","5","07","16","5","","0","0","1","0","0"
"POINT (13.441117828000101 52.568390978000103)","Unfall 236384 (2022) Kat:3, Licht: 0","236384","3","6","3","08","15","4","","0","1","1","0","0"
"POINT (13.240567942000000 52.512005741000102)","Unfall 236385 (2022) Kat:3, Licht: 0","236385","3","1","0","07","12","3","","0","0","0","0","1"
"POINT (13.321664573000000 52.480825498000101)","Unfall 236386 (2022) Kat:3, Licht: 0","236386","3","7","1","09","18","2","","0","0","1","0","0"
"POINT (13.324604217000100 52.522442935000100)","Unfall 236387 (2022) Kat:3, Licht: 0","236387","3","5","1","08","09","5","","0","1","0","0","0"
"POINT (13.200665632000000 52.538721875000100)","Unfall 236388 (2022) Kat:3, Licht: 0","236388","3","2","1","07","10","4","","0","0","1","1","0"
"POINT (13.606206396000101 52.524652895000003)","Unfall 236389 (2022) Kat:2, Licht: 0","236389","2","3","5","08","15","2","","0","0","1","0","1"
"POINT (13.282434249000101 52.497350349000001)","Unfall 236390 (2022) Kat:2, Licht: 2","236390","2","1","8","07","23","4","","2","1","0","0","0"
"POINT (13.223907776000001 52.607495975000099)","Unfall 236391 (2022) Kat:3, Licht: 2","236391","3","3","0","08","21","4","","2","0","1","0","1"
"POINT (13.302668531000100 52.516326329000002)","Unfall 236392 (2022) Kat:3, Licht: 0","236392","3","1","0","08","07","5","","0","1","0","0","0"
"POINT (13.344265906000000 52.503205098000102)","Unfall 236393 (2022) Kat:3, Licht: 0","236393","3","6","2","07","12","6","","0","0","1","0","0"
"POINT (13.416268196000001 52.480498932000003)","Unfall 236394 (2022) Kat:3, Licht: 0","236394","3","7","5","08","18","7","","0","0","1","0","0"
"POINT (13.386650902000000 52.511837659999998)","Unfall 236395 (2022) Kat:3, Licht: 0","236395","3","3","0","09","15","4","","0","1","0","0","0"
"POINT (13.473341404999999 52.432530649999997)","Unfall 236396 (2022) Kat:3, Licht: 0","236396","3","2","6","08","17","1","","0","0","1","1","0"
"POINT (13.356816356000000 52.424193419000098)","Unfall 236397 (2022) Kat:3, Licht: 0","236397","3","6","3","08","15","3","","0","0","1","0","1"
"POINT (13.426703315000101 52.515729389999997)","Unfall 236398 (2022) Kat:3, Licht: 0","236398","3","2","5","08","15","4","","0","1","1","0","0"
"POINT (13.406604066000099 52.498369293000103)","Unfall 236399 (2022) Kat:3, Licht: 0","236399","3","2","5","07","05","2","","0","0","1","0","0"
"POINT (13.461443705000001 52.432342702000000)","Unfall 236400 (2022) Kat:3, Licht: 0","236400","3","6","2","09","17","6","","0","0","1","0","1"
"POINT (13.575199977000100 52.488082261000002)","Unfall 236401 (2022) Kat:3, Licht: 0","236401","3","1","0","08","17","7","","0","1","0","0","0"
"POINT (13.427875332999999 52.481155286000003)","Unfall 236402 (2022) Kat:3, Licht: 0","236402","3","4","6","09","11","2","","0","0","0","1","1"
"POINT (13.398866151000000 52.570618300000000)","Unfall 236403 (2022) Kat:2, Licht: 0","236403","2","3","5","08","17","4","","0","1","0","0","0"
"POINT (13.446181512000100 52.544924856000101)","Unfall 236404 (2022) Kat:3, Licht: 0","236404","3","3","5","07","13","4","","0","1","1","0","0"
"POINT (13.329071835000001 52.532921938000101)","Unfall 236405 (2022) Kat:3, Licht: 0","236405","3","6","0","07","09","5","","0","0","1","0","1"
"POINT (13.563099857999999 52.541603254999998)","Unfall 236406 (2022) Kat:3, Licht: 0","236406","3","2","2","08","15","2","","0","1","1","0","0"
"POINT (13.429961505000101 52.510232228000099)","Unfall 236407 (2022) Kat:3, Licht: 0","236407","3","3","5","07","18","7","","0","0","1","0","0"
"POINT (13.307184190999999 52.498892324000103)","Unfall 236408 (2022) Kat:3, Licht: 0","236408","3","2","2","08","17","5","","0","0","1","0","1"
"POINT (13.327387542000100 52.564157236000000)","Unfall 236409 (2022) Kat:3, Licht: 0","236409","3","1","2","08","18","3","","0","0","1","0","1"
"POINT (13.459988033000100 52.431896791000000)","Unfall 236410 (2022) Kat:2, Licht: 0","236410","2","2","5","09","16","1","","0","0","1","0","1"
"POINT (13.423725359000100 52.523644503000099)","Unfall 236411 (2022) Kat:3, Licht: 0","236411","3","4","6","09","17","3","","0","0","0","1","0"
"POINT (13.481440207000000 52.514617346000101)","Unfall 236412 (2022) Kat:3, Licht: 2","236412","3","1","1","08","04","5","","2","0","1","0","0"
"POINT (13.456069739000000 52.430450149000102)","Unfall 236413 (2022) Kat:2, Licht: 0","236413","2","5","1","07","14","1","","0","0","1","0","0"
"POINT (13.450719553000100 52.527122175999999)","Unfall 236414 (2022) Kat:3, Licht: 0","236414","3","2","0","08","15","2","","0","1","1","0","0"
"POINT (13.369173001000000 52.480768829000098)","Unfall 236415 (2022) Kat:3, Licht: 0","236415","3","3","5","07","13","3","","0","1","1","0","0"
"POINT (13.374091667000100 52.530573226000101)","Unfall 236416 (2022) Kat:3, Licht: 0","236416","3","3","5","08","18","4","","0","1","1","0","0"
"POINT (13.435148551000101 52.426772497000101)","Unfall 236417 (2022) Kat:3, Licht: 2","236417","3","5","1","08","21","5","","2","0","1","0","0"
"POINT (13.385354352000000 52.520188980000100)","Unfall 236418 (2022) Kat:3, Licht: 0","236418","3","5","1","07","14","6","","0","0","1","0","0"
"POINT (13.574976954000000 52.513210080000100)","Unfall 236419 (2022) Kat:2, Licht: 0","236419","2","4","6","08","12","6","","0","0","1","1","0"
"POINT (13.231370436000100 52.545625547999997)","Unfall 236420 (2022) Kat:3, Licht: 0","236420","3","6","2","09","16","5","","0","0","1","0","0"
"POINT (13.331116180000000 52.572912828000000)","Unfall 236421 (2022) Kat:3, Licht: 0","236421","3","6","2","08","09","2","","0","0","1","0","1"
"POINT (13.420489690000100 52.491225568000097)","Unfall 236422 (2022) Kat:3, Licht: 0","236422","3","2","5","08","10","4","","0","1","1","0","0"
"POINT (13.583654009000000 52.431533758999997)","Unfall 236423 (2022) Kat:3, Licht: 0","236423","3","7","0","08","07","4","","0","1","0","0","0"
"POINT (13.387892164000000 52.492755043000003)","Unfall 236424 (2022) Kat:3, Licht: 2","236424","3","4","6","07","00","1","","2","1","0","1","0"
"POINT (13.562795750000101 52.514192450000102)","Unfall 236425 (2022) Kat:3, Licht: 0","236425","3","3","2","08","18","5","","0","1","1","0","0"
"POINT (13.419053147000101 52.530520848999998)","Unfall 236426 (2022) Kat:3, Licht: 0","236426","3","1","0","08","16","7","","0","0","0","0","1"
"POINT (13.428575090000001 52.547936397999997)","Unfall 236427 (2022) Kat:3, Licht: 0","236427","3","2","5","09","08","2","","0","1","1","0","0"
"POINT (13.325337559999999 52.503120792000097)","Unfall 236428 (2022) Kat:3, Licht: 0","236428","3","6","0","08","11","4","","0","0","1","0","1"
"POINT (13.471181597999999 52.504984701000097)","Unfall 236429 (2022) Kat:3, Licht: 0","236429","3","1","0","07","15","3","","0","0","0","0","1"
"POINT (13.377168171999999 52.528840640000098)","Unfall 236430 (2022) Kat:3, Licht: 0","236430","3","1","0","07","15","5","","0","0","0","0","1"
"POINT (13.406169181000100 52.497811757000100)","Unfall 236431 (2022) Kat:3, Licht: 0","236431","3","1","0","08","09","1","","0","0","0","0","1"
"POINT (13.422782262000100 52.465342092000100)","Unfall 236432 (2022) Kat:3, Licht: 0","236432","3","7","6","07","15","7","","0","0","0","1","0"
"POINT (13.372372228000099 52.572063331000003)","Unfall 236433 (2022) Kat:3, Licht: 0","236433","3","3","5","08","06","5","","0","0","1","0","0"
"POINT (13.551271809000101 52.434565337000002)","Unfall 236434 (2022) Kat:3, Licht: 0","236434","3","7","6","08","15","3","","0","0","1","1","0"
"POINT (13.357091550000099 52.552107152000097)","Unfall 236435 (2022) Kat:3, Licht: 0","236435","3","7","0","08","11","3","","0","1","0","0","0"
"POINT (13.411147013000100 52.503513295000097)","Unfall 236436 (2022) Kat:3, Licht: 0","236436","3","3","5","09","19","4","","0","1","1","0","0"
"POINT (13.364200793000100 52.527947949000101)","Unfall 236437 (2022) Kat:3, Licht: 0","236437","3","2","5","08","18","7","","0","1","1","0","0"
"POINT (13.356026097999999 52.574575235000097)","Unfall 236438 (2022) Kat:3, Licht: 0","236438","3","6","2","08","07","4","","0","0","1","0","0"
"POINT (13.417940674000000 52.525756699000098)","Unfall 236439 (2022) Kat:3, Licht: 2","236439","3","1","0","07","02","7","","2","1","0","0","0"
"POINT (13.400590187000001 52.494416221999998)","Unfall 236440 (2022) Kat:3, Licht: 0","236440","3","1","0","09","07","6","","0","1","0","0","0"
"POINT (13.388343526000000 52.548276331000103)","Unfall 236441 (2022) Kat:2, Licht: 0","236441","2","6","3","08","06","6","","0","0","1","0","1"
"POINT (13.331158466000000 52.495157321000100)","Unfall 236442 (2022) Kat:3, Licht: 0","236442","3","3","5","08","11","7","","0","1","1","0","0"
"POINT (13.524042194000099 52.482737552000103)","Unfall 236443 (2022) Kat:3, Licht: 1","236443","3","3","5","08","20","4","","1","1","0","0","0"
"POINT (13.464476160000100 52.548762592999999)","Unfall 236444 (2022) Kat:3, Licht: 0","236444","3","4","6","07","17","3","","0","0","1","1","0"
"POINT (13.390105147000000 52.434362135000100)","Unfall 236445 (2022) Kat:3, Licht: 0","236445","3","2","5","07","14","4","","0","0","1","0","0"
"POINT (13.345894586000000 52.494586995000098)","Unfall 236446 (2022) Kat:3, Licht: 0","236446","3","2","0","08","15","7","","0","0","1","0","0"
"POINT (13.404829026000099 52.513544183000100)","Unfall 236447 (2022) Kat:3, Licht: 0","236447","3","3","2","08","18","2","","0","0","1","0","1"
"POINT (13.342872813000000 52.476524486000102)","Unfall 236448 (2022) Kat:3, Licht: 0","236448","3","7","6","07","17","7","","0","1","0","1","0"
"POINT (13.342882805000000 52.434619821000098)","Unfall 236449 (2022) Kat:3, Licht: 0","236449","3","5","1","08","18","4","","0","0","0","0","0"
"POINT (13.346979759000000 52.459650695999997)","Unfall 236450 (2022) Kat:3, Licht: 0","236450","3","6","2","09","07","5","","0","0","1","0","0"
"POINT (13.286175415000100 52.449554775000102)","Unfall 236451 (2022) Kat:3, Licht: 1","236451","3","3","5","09","18","6","","1","0","1","0","0"
"POINT (13.361859813000001 52.524138601000097)","Unfall 236452 (2022) Kat:3, Licht: 1","236452","3","3","5","09","19","3","","1","1","0","0","0"
"POINT (13.446541934000001 52.590788877000101)","Unfall 236453 (2022) Kat:3, Licht: 0","236453","3","6","3","08","16","5","","0","1","1","0","0"
"POINT (13.436177504000099 52.481000113999997)","Unfall 236454 (2022) Kat:3, Licht: 0","236454","3","3","5","08","14","3","","0","0","1","0","0"
"POINT (13.209554569000000 52.566148233000000)","Unfall 236455 (2022) Kat:2, Licht: 0","236455","2","2","5","07","15","5","","0","1","1","0","0"
"POINT (13.450336203000100 52.496375260000001)","Unfall 236456 (2022) Kat:3, Licht: 0","236456","3","7","5","08","19","4","","0","1","1","0","0"
"POINT (13.343851605999999 52.536341299000100)","Unfall 236457 (2022) Kat:3, Licht: 2","236457","3","1","0","08","23","6","","2","1","0","0","0"
"POINT (13.583160843000000 52.414004008000099)","Unfall 236458 (2022) Kat:3, Licht: 0","236458","3","3","5","07","17","2","","0","0","1","0","0"
"POINT (13.409647959000001 52.504071183000100)","Unfall 236459 (2022) Kat:3, Licht: 0","236459","3","3","5","07","11","3","","0","0","1","0","0"
"POINT (13.604978819000101 52.536862769999999)","Unfall 236460 (2022) Kat:3, Licht: 0","236460","3","2","5","08","17","6","","0","1","1","0","0"
"POINT (13.433589295000001 52.508852828999999)","Unfall 236461 (2022) Kat:3, Licht: 1","236461","3","7","0","08","19","7","","1","0","0","0","1"
"POINT (13.225956755000000 52.555000335999999)","Unfall 236462 (2022) Kat:3, Licht: 1","236462","3","1","0","08","05","4","","1","0","0","0","1"
"POINT (13.447399473000100 52.464254560000001)","Unfall 236463 (2022) Kat:3, Licht: 0","236463","3","3","5","09","15","5","","0","0","1","0","1"
"POINT (13.528397524000100 52.582749720000002)","Unfall 236464 (2022) Kat:3, Licht: 0","236464","3","6","2","08","16","2","","0","0","1","0","0"
"POINT (13.393038184000000 52.524949673999998)","Unfall 236465 (2022) Kat:2, Licht: 2","236465","2","1","0","08","03","5","","2","1","0","0","0"
"POINT (13.433981616000001 52.443481362999997)","Unfall 236466 (2022) Kat:3, Licht: 0","236466","3","2","5","07","16","5","","0","1","1","0","0"
"POINT (13.498687601000000 52.410476586000101)","Unfall 236467 (2022) Kat:3, Licht: 1","236467","3","3","5","07","21","1","","1","0","1","0","0"
"POINT (13.195863578000100 52.527441108000097)","Unfall 236468 (2022) Kat:3, Licht: 0","236468","3","6","2","09","17","5","","0","0","0","0","1"
"POINT (13.188197419000099 52.532388061000098)","Unfall 236469 (2022) Kat:3, Licht: 0","236469","3","3","5","07","14","2","","0","0","0","0","0"
"POINT (13.418242458000099 52.515672727000002)","Unfall 236470 (2022) Kat:2, Licht: 0","236470","2","2","6","09","06","3","","0","0","1","1","0"
"POINT (13.228523684000001 52.553690813000102)","Unfall 236471 (2022) Kat:3, Licht: 0","236471","3","3","2","08","15","4","","0","1","1","0","0"
"POINT (13.260570280000000 52.426590294000100)","Unfall 236472 (2022) Kat:2, Licht: 0","236472","2","3","5","07","16","5","","0","1","1","0","0"
"POINT (13.392729770000100 52.412580361000003)","Unfall 236473 (2022) Kat:3, Licht: 0","236473","3","2","0","07","14","5","","0","0","1","0","0"
"POINT (13.415440560000000 52.521115587000097)","Unfall 236474 (2022) Kat:3, Licht: 0","236474","3","6","2","08","11","2","","0","0","1","0","1"
"POINT (13.385494995000000 52.523530741000101)","Unfall 236475 (2022) Kat:3, Licht: 0","236475","3","2","5","07","10","4","","0","0","1","0","1"
"POINT (13.231336729000100 52.538236978000000)","Unfall 236476 (2022) Kat:3, Licht: 0","236476","3","2","5","08","06","4","","0","1","0","0","0"
"POINT (13.459479103000000 52.529157644000101)","Unfall 236477 (2022) Kat:3, Licht: 0","236477","3","6","3","08","16","5","","0","0","1","0","0"
"POINT (13.387571751999999 52.533473145000102)","Unfall 236478 (2022) Kat:3, Licht: 0","236478","3","3","5","07","18","6","","0","0","1","0","0"
"POINT (13.395960590000101 52.381214794000101)","Unfall 236479 (2022) Kat:3, Licht: 0","236479","3","3","0","08","18","6","","0","1","1","0","0"
"POINT (13.562553871000000 52.437297790000102)","Unfall 236480 (2022) Kat:3, Licht: 2","236480","3","7","0","09","00","4","","2","0","1","0","0"
"POINT (13.580940002000000 52.460014518999998)","Unfall 236481 (2022) Kat:3, Licht: 0","236481","3","5","1","08","17","7","","0","1","1","0","0"
"POINT (13.377045243000101 52.556477195000099)","Unfall 236482 (2022) Kat:3, Licht: 0","236482","3","2","5","08","18","4","","0","0","0","0","0"
"POINT (13.333053167999999 52.490402855000099)","Unfall 236483 (2022) Kat:3, Licht: 0","236483","3","5","5","08","08","4","","0","1","1","0","0"
"POINT (13.188064593000000 52.532502612000002)","Unfall 236484 (2022) Kat:3, Licht: 0","236484","3","3","5","07","19","7","","0","0","1","0","0"
"POINT (13.412240001000001 52.531275688000100)","Unfall 236485 (2022) Kat:3, Licht: 0","236485","3","3","5","09","12","6","","0","1","1","0","0"
"POINT (13.418314665000000 52.516761651000103)","Unfall 236486 (2022) Kat:2, Licht: 0","236486","2","6","3","08","14","6","","0","1","0","0","0"
"POINT (13.405486403000101 52.546991231000000)","Unfall 236487 (2022) Kat:3, Licht: 0","236487","3","2","5","09","15","1","","0","1","1","0","0"
"POINT (13.388316374000100 52.519983567000097)","Unfall 236488 (2022) Kat:3, Licht: 0","236488","3","1","0","08","15","4","","0","1","0","0","0"
"POINT (13.355483951000100 52.519699377000101)","Unfall 236489 (2022) Kat:3, Licht: 0","236489","3","2","5","07","16","3","","0","0","1","0","1"
"POINT (13.438054877000100 52.472828909000000)","Unfall 236490 (2022) Kat:2, Licht: 0","236490","2","4","6","08","17","7","","0","0","1","1","0"
"POINT (13.377894875999999 52.468720191999999)","Unfall 236491 (2022) Kat:3, Licht: 0","236491","3","2","6","08","13","3","","0","0","1","1","0"
"POINT (13.400861295000000 52.569474255999999)","Unfall 236492 (2022) Kat:3, Licht: 0","236492","3","6","3","07","13","7","","0","1","1","0","0"
"POINT (13.519673332000000 52.428142129000001)","Unfall 236493 (2022) Kat:3, Licht: 0","236493","3","3","0","08","12","5","","0","1","0","0","0"
"POINT (13.418313313000100 52.525636194000100)","Unfall 236494 (2022) Kat:3, Licht: 0","236494","3","6","2","08","16","3","","0","0","1","0","1"
"POINT (13.226963871000100 52.557429890999998)","Unfall 236495 (2022) Kat:3, Licht: 0","236495","3","6","2","09","16","1","","0","0","1","0","0"
"POINT (13.330708183000100 52.486141938000102)","Unfall 236496 (2022) Kat:3, Licht: 0","236496","3","2","5","09","16","3","","0","1","1","0","0"
"POINT (13.285167251000100 52.494189738999999)","Unfall 236497 (2022) Kat:3, Licht: 0","236497","3","6","3","08","11","6","","0","0","0","0","0"
"POINT (13.387766212000001 52.523177162000103)","Unfall 236498 (2022) Kat:3, Licht: 0","236498","3","6","3","07","08","7","","0","1","1","0","0"
"POINT (13.359644083999999 52.425015479000102)","Unfall 236499 (2022) Kat:3, Licht: 0","236499","3","3","5","08","15","3","","0","0","1","0","1"
"POINT (13.389172271000101 52.514819132000099)","Unfall 236500 (2022) Kat:3, Licht: 0","236500","3","3","5","07","14","6","","0","0","1","0","0"
"POINT (13.328946165000000 52.471480529000097)","Unfall 236501 (2022) Kat:3, Licht: 0","236501","3","2","0","08","18","5","","0","0","1","0","1"
"POINT (13.372077525000099 52.519556080000001)","Unfall 236502 (2022) Kat:3, Licht: 0","236502","3","3","5","08","07","2","","0","0","1","0","1"
"POINT (13.350776402000101 52.549622747000100)","Unfall 236503 (2022) Kat:3, Licht: 0","236503","3","6","3","08","20","2","","0","0","1","0","0"
"POINT (13.687965380000000 52.441205574000001)","Unfall 236504 (2022) Kat:3, Licht: 0","236504","3","1","8","07","11","3","","0","0","1","0","0"
"POINT (13.447383704000099 52.483124992999997)","Unfall 236505 (2022) Kat:3, Licht: 0","236505","3","5","1","07","21","3","","0","1","0","0","0"
"POINT (13.408550985000000 52.537448992000101)","Unfall 236506 (2022) Kat:3, Licht: 0","236506","3","5","1","08","10","6","","0","1","1","0","0"
"POINT (13.343347582000000 52.527379172000103)","Unfall 236507 (2022) Kat:3, Licht: 1","236507","3","6","4","08","20","2","","1","1","0","0","0"
"POINT (13.480235608999999 52.499188794000098)","Unfall 236508 (2022) Kat:3, Licht: 0","236508","3","6","2","07","12","6","","0","1","0","0","0"
"POINT (13.244289892999999 52.538503811000098)","Unfall 236509 (2022) Kat:2, Licht: 0","236509","2","3","5","08","13","4","","0","0","1","0","0"
"POINT (13.151800113000000 52.553611192000098)","Unfall 236510 (2022) Kat:3, Licht: 0","236510","3","3","5","09","07","6","","0","1","1","0","0"
"POINT (13.400474530000100 52.494435480000000)","Unfall 236511 (2022) Kat:3, Licht: 1","236511","3","7","6","08","20","2","","1","0","1","1","0"
"POINT (13.447744463999999 52.497920103000098)","Unfall 236512 (2022) Kat:3, Licht: 0","236512","3","6","2","09","11","6","","0","1","1","0","0"
"POINT (13.461279733000000 52.508587019000103)","Unfall 236513 (2022) Kat:3, Licht: 0","236513","3","3","0","08","16","2","","0","0","1","0","0"
"POINT (13.378132393000000 52.456314708999997)","Unfall 236514 (2022) Kat:3, Licht: 0","236514","3","3","5","09","06","3","","0","1","1","0","0"
"POINT (13.490135381000099 52.419982805000103)","Unfall 236515 (2022) Kat:3, Licht: 0","236515","3","3","5","08","12","5","","0","0","1","0","0"
"POINT (13.430185289000100 52.510502458000097)","Unfall 236516 (2022) Kat:3, Licht: 0","236516","3","6","0","08","16","1","","0","0","1","0","0"
"POINT (13.233312112000000 52.539550904000102)","Unfall 236517 (2022) Kat:3, Licht: 0","236517","3","2","5","09","14","3","","0","1","1","0","0"
"POINT (13.313375716000101 52.435555207999997)","Unfall 236518 (2022) Kat:3, Licht: 0","236518","3","6","2","08","16","7","","0","0","1","0","1"
"POINT (13.298139180000000 52.438920494000101)","Unfall 236519 (2022) Kat:3, Licht: 0","236519","3","6","0","08","18","3","","0","1","1","0","0"
"POINT (13.409355232000101 52.382315900999998)","Unfall 236520 (2022) Kat:3, Licht: 0","236520","3","3","5","07","08","6","","0","1","1","0","0"
"POINT (13.577341626000100 52.547746384000000)","Unfall 236521 (2022) Kat:2, Licht: 0","236521","2","3","5","08","06","6","","0","0","0","0","0"
"POINT (13.371215746000100 52.511128577000100)","Unfall 236522 (2022) Kat:3, Licht: 2","236522","3","2","5","08","23","1","","2","0","1","0","0"
"POINT (13.387861639000100 52.522600688000097)","Unfall 236523 (2022) Kat:3, Licht: 0","236523","3","6","2","08","15","2","","0","1","0","0","0"
"POINT (13.520249644000000 52.504389629000102)","Unfall 236524 (2022) Kat:3, Licht: 0","236524","3","6","3","07","14","3","","0","0","1","0","0"
"POINT (13.265271833000000 52.536737467000101)","Unfall 236525 (2022) Kat:2, Licht: 0","236525","2","5","5","07","06","4","","0","0","1","0","0"
"POINT (13.398437028000000 52.526461816999998)","Unfall 236526 (2022) Kat:3, Licht: 2","236526","3","2","6","08","21","7","","2","0","1","1","0"
"POINT (13.346020250000000 52.436509964999999)","Unfall 236527 (2022) Kat:3, Licht: 0","236527","3","6","2","08","15","2","","0","0","1","0","0"
"POINT (13.305895203000000 52.476705633999998)","Unfall 236528 (2022) Kat:3, Licht: 0","236528","3","3","0","07","09","6","","0","0","0","0","1"
"POINT (13.293164390000101 52.534506399000101)","Unfall 236529 (2022) Kat:3, Licht: 0","236529","3","2","5","08","10","4","","0","0","1","0","1"
"POINT (13.459276538999999 52.512393562000099)","Unfall 236530 (2022) Kat:3, Licht: 0","236530","3","2","5","09","16","5","","0","1","0","0","0"
"POINT (13.330966526000100 52.533572509000102)","Unfall 236531 (2022) Kat:3, Licht: 0","236531","3","2","5","09","17","6","","0","1","1","0","0"
"POINT (13.326331648000100 52.427708162999998)","Unfall 236532 (2022) Kat:3, Licht: 2","236532","3","3","2","09","21","2","","2","1","1","0","0"
"POINT (13.456935350000000 52.528606043000103)","Unfall 236533 (2022) Kat:3, Licht: 0","236533","3","7","1","08","16","5","","0","0","1","1","1"
"POINT (13.266306808000000 52.414567497000100)","Unfall 236534 (2022) Kat:3, Licht: 0","236534","3","7","1","07","18","1","","0","1","1","0","0"
"POINT (13.384186316000100 52.510016303000000)","Unfall 236535 (2022) Kat:3, Licht: 0","236535","3","3","5","08","14","2","","0","0","1","0","1"
"POINT (13.374854027000000 52.485039808000103)","Unfall 236536 (2022) Kat:3, Licht: 0","236536","3","2","5","07","07","5","","0","1","1","0","0"
"POINT (13.488446130000099 52.466711928999999)","Unfall 236537 (2022) Kat:3, Licht: 0","236537","3","4","6","08","18","4","","0","0","0","1","0"
"POINT (13.464170370000000 52.472507274000101)","Unfall 236538 (2022) Kat:3, Licht: 1","236538","3","3","5","08","20","6","","1","0","1","0","0"
"POINT (13.236282962000100 52.526952354999999)","Unfall 236539 (2022) Kat:3, Licht: 0","236539","3","7","2","07","20","2","","0","0","1","0","0"