WKT,Name,OBJECTID,UKATEGORIE,UTYP1,UART,UMONAT,USTUNDE,UWOCHENTAG,STRZUSTAND,ULICHTVERH,ISTRAD,ISTPKW,ISTFUSS,ISTKRAD
"POINT (13.553280972000000 52.434002773000003)","Unfall 236540 (2022) Kat:2, Licht: 0","236540","2","3","5","08","13","6","","0","0","1","0","0"
"POINT (13.345020715000000 52.492425402000002)","Unfall 236541 (2022) Kat:3, Licht: 2","236541","3","6","2","08","02","1","","2","0","1","0","0"
"POINT (13.341768270999999 52.599753894000102)","Unfall 236542 (2022) Kat:2, Licht: 1","236542","2","7","5","08","05","3","","1","0","1","0","1"
"POINT (13.394462085000001 52.491717205999997)","Unfall 236543 (2022) Kat:3, Licht: 2","236543","3","2","5","09","20","5","","2","0","1","0","0"
"POINT (13.312803729000100 52.480477634000103)","Unfall 236544 (2022) Kat:3, Licht: 0","236544","3","2","5","08","13","2","","0","0","1","0","1"
"POINT (13.401719386000000 52.530318162000100)","Unfall 236545 (2022) Kat:2, Licht: 2","236545","2","1","0","08","22","4","","2","1","0","0","0"
"POINT (13.249580910000100 52.523933743000001)","Unfall 236546 (2022) Kat:3, Licht: 0","236546","3","6","2","07","17","5","","0","0","1","0","0"
"POINT (13.348610939000000 52.541617087000098)","Unfall 236547 (2022) Kat:3, Licht: 0","236547","3","1","0","07","19","1","","0","0","0","0","0"
"POINT (13.501799386000100 52.498263813999998)","Unfall 236548 (2022) Kat:3, Licht: 1","236548","3","3","5","09","06","5","","1","1","1","0","0"
"POINT (13.430499310000100 52.551738254999997)","Unfall 236549 (2022) Kat:3, Licht: 0","236549","3","6","4","07","05","3","","0","1","0","0","0"
"POINT (13.436816642000100 52.483238453000098)","Unfall 236550 (2022) Kat:2, Licht: 0","236550","2","6","2","08","16","5","","0","0","1","0","0"
"POINT (13.434286030000100 52.462888946000099)","Unfall 236551 (2022) Kat:3, Licht: 2","236551","3","7","5","09","21","2","","2","0","1","0","1"
"POINT (13.387721048000101 52.533548799000101)","Unfall 236552 (2022) Kat:3, Licht: 0","236552","3","1","2","08","06","5","","0","0","1","0","1"
"POINT (13.461453576000100 52.512140989000002)","Unfall 236553 (2022) Kat:3, Licht: 0","236553","3","3","5","07","18","5","","0","1","1","0","0"
"POINT (13.409707894000100 52.481918364000101)","Unfall 236554 (2022) Kat:3, Licht: 0","236554","3","7","5","07","18","5","","0","0","1","0","1"
"POINT (13.394393018000100 52.506980624999997)","Unfall 236555 (2022) Kat:3, Licht: 0","236555","3","2","5","08","14","2","","0","1","1","0","0"
"POINT (13.420333259000101 52.487448082000100)","Unfall 236556 (2022) Kat:3, Licht: 0","236556","3","7","6","07","09","4","","0","0","1","0","0"
"POINT (13.443535388999999 52.417500183000101)","Unfall 236557 (2022) Kat:3, Licht: 2","236557","3","3","0","08","21","4","","2","0","1","0","1"
"POINT (13.393397879000100 52.489165705000097)","Unfall 236558 (2022) Kat:3, Licht: 2","236558","3","1","0","08","22","5","","2","1","0","0","0"
"POINT (13.476513213000000 52.456918094999999)","Unfall 236559 (2022) Kat:3, Licht: 0","236559","3","3","5","07","15","6","","0","1","1","0","0"
"POINT (13.446105885000099 52.474039712000000)","Unfall 236560 (2022) Kat:3, Licht: 0","236560","3","1","0","08","19","2","","0","0","0","0","1"
"POINT (13.430855091000099 52.486718386000099)","Unfall 236561 (2022) Kat:3, Licht: 0","236561","3","7","1","08","10","3","","0","1","1","0","0"
"POINT (13.315264479000099 52.514825243000097)","Unfall 236562 (2022) Kat:3, Licht: 0","236562","3","1","0","09","11","5","","0","1","0","0","0"
"POINT (13.398963222000100 52.508228498999998)","Unfall 236563 (2022) Kat:3, Licht: 0","236563","3","3","5","08","08","7","","0","0","1","0","1"
"POINT (13.317297252000101 52.514098361000002)","Unfall 236564 (2022) Kat:3, Licht: 0","236564","3","5","1","08","15","3","","0","1","1","0","0"
"POINT (13.374194063000100 52.530610832999997)","Unfall 236565 (2022) Kat:3, Licht: 0","236565","3","6","2","08","07","4","","0","1","1","0","0"
"POINT (13.344623448000000 52.463635222999997)","Unfall 236566 (2022) Kat:3, Licht: 0","236566","3","1","0","07","08","2","","0","1","0","0","0"
"POINT (13.337769359999999 52.525229701000100)","Unfall 236567 (2022) Kat:2, Licht: 0","236567","2","2","5","09","12","6","","0","1","1","0","0"
"POINT (13.406900422000000 52.525591678000097)","Unfall 236568 (2022) Kat:3, Licht: 0","236568","3","7","5","08","15","7","","0","0","1","0","0"
"POINT (13.153512812000001 52.553409446000003)","Unfall 236569 (2022) Kat:3, Licht: 1","236569","3","2","5","09","18","1","","1","0","1","0","0"
"POINT (13.296378105000001 52.443397386000100)","Unfall 236570 (2022) Kat:3, Licht: 0","236570","3","3","5","08","12","4","","0","0","1","0","1"
"POINT (13.452814633999999 52.510546453000103)","Unfall 236571 (2022) Kat:2, Licht: 0","236571","2","5","0","07","10","3","","0","1","1","0","0"
"POINT (13.256445397000000 52.486264786000000)","Unfall 236572 (2022) Kat:3, Licht: 0","236572","3","3","5","07","08","5","","0","1","0","0","0"
"POINT (13.481057735000000 52.460827303000002)","Unfall 236573 (2022) Kat:2, Licht: 0","236573","2","2","5","08","19","7","","0","1","1","0","0"
"POINT (13.257204230000101 52.429953662000102)","Unfall 236574 (2022) Kat:3, Licht: 0","236574","3","5","1","08","08","3","","0","1","1","0","0"
"POINT (13.381696845000000 52.474381940999997)","Unfall 236575 (2022) Kat:3, Licht: 0","236575","3","3","5","07","12","7","","0","0","1","0","0"
"POINT (13.179236288000000 52.533132110000103)","Unfall 236576 (2022) Kat:3, Licht: 0","236576","3","3","5","08","11","5","","0","1","1","0","0"
"POINT (13.496504628000000 52.533986656000103)","Unfall 236577 (2022) Kat:3, Licht: 0","236577","3","3","5","08","16","3","","0","1","1","0","0"
"POINT (13.424335253000001 52.485990686000001)","Unfall 236578 (2022) Kat:3, Licht: 2","236578","3","7","0","09","20","7","","2","1","1","0","0"
"POINT (13.326102026000100 52.538365673999998)","Unfall 236579 (2022) Kat:3, Licht: 2","236579","3","2","5","09","02","4","","2","0","1","0","0"
"POINT (13.431788338000000 52.515166993000001)","Unfall 236580 (2022) Kat:3, Licht: 2","236580","3","3","5","08","02","7","","2","0","1","0","0"
"POINT (13.425410845000000 52.479706953000097)","Unfall 236581 (2022) Kat:3, Licht: 0","236581","3","5","1","07","17","7","","0","1","1","0","0"
"POINT (13.350433187000000 52.549441623000099)","Unfall 236582 (2022) Kat:2, Licht: 0","236582","2","2","5","08","10","3","","0","1","1","0","0"
"POINT (13.427719246000001 52.467421481000002)","Unfall 236583 (2022) Kat:3, Licht: 0","236583","3","2","5","07","18","5","","0","1","0","0","1"
"POINT (13.281292838000100 52.512700969999997)","Unfall 236584 (2022) Kat:3, Licht: 0","236584","3","2","6","08","15","5","","0","0","1","1","0"
"POINT (13.284039167000101 52.590264058000102)","Unfall 236585 (2022) Kat:3, Licht: 0","236585","3","5","1","08","15","7","","0","1","1","0","0"
"POINT (13.450359046000100 52.548677980999997)","Unfall 236586 (2022) Kat:2, Licht: 0","236586","2","5","1","08","12","3","","0","1","1","0","0"
"POINT (13.397507002000101 52.580028662000103)","Unfall 236587 (2022) Kat:2, Licht: 0","236587","2","3","5","07","14","3","","0","0","0","0","1"
"POINT (13.282012003000000 52.575668784000101)","Unfall 236588 (2022) Kat:3, Licht: 0","236588","3","7","2","07","10","3","","0","0","1","0","1"
"POINT (13.442247198000100 52.569774528000003)","Unfall 236589 (2022) Kat:2, Licht: 0","236589","2","1","8","08","15","6","","0","0","1","0","0"
"POINT (13.575097130000101 52.484479513000103)","Unfall 236590 (2022) Kat:3, Licht: 0","236590","3","1","0","08","06","2","","0","1","0","0","0"
"POINT (13.520283971000000 52.426775133000000)","Unfall 236591 (2022) Kat:2, Licht: 0","236591","2","7","0","07","07","6","","0","1","0","0","0"
"POINT (13.296102126000100 52.497103697000099)","Unfall 236592 (2022) Kat:3, Licht: 0","236592","3","7","6","08","11","4","","0","0","1","1","0"
"POINT (13.416485670000000 52.515245901000100)","Unfall 236593 (2022) Kat:3, Licht: 0","236593","3","2","5","09","12","6","","0","0","1","0","1"
"POINT (13.311019148000099 52.441934056999997)","Unfall 236594 (2022) Kat:3, Licht: 0","236594","3","7","0","08","14","3","","0","1","0","0","0"
"POINT (13.440726319000101 52.500759238000100)","Unfall 236595 (2022) Kat:3, Licht: 0","236595","3","6","3","09","14","7","","0","0","1","0","1"
"POINT (13.346206328999999 52.497323934000100)","Unfall 236596 (2022) Kat:2, Licht: 0","236596","2","1","0","08","10","3","","0","0","0","0","1"
"POINT (13.457275792000100 52.431149699000102)","Unfall 236597 (2022) Kat:2, Licht: 0","236597","2","7","6","08","17","2","","0","0","0","1","0"
"POINT (13.371879316999999 52.509083809000103)","Unfall 236598 (2022) Kat:3, Licht: 0","236598","3","3","5","09","14","5","","0","1","1","0","0"
"POINT (13.501915849000101 52.460790863000099)","Unfall 236599 (2022) Kat:3, Licht: 0","236599","3","3","5","09","06","3","","0","0","0","0","0"
"POINT (13.415533204000001 52.480656373000002)","Unfall 236600 (2022) Kat:3, Licht: 0","236600","3","4","6","08","12","6","","0","1","0","1","0"
"POINT (13.491378958000000 52.469159273999999)","Unfall 236601 (2022) Kat:3, Licht: 0","236601","3","2","0","08","12","2","","0","1","1","0","0"
"POINT (13.414405632000101 52.488097848999999)","Unfall 236602 (2022) Kat:3, Licht: 0","236602","3","6","3","07","13","4","","0","0","1","0","0"
"POINT (13.456663212000000 52.502214811999998)","Unfall 236603 (2022) Kat:3, Licht: 0","236603","3","7","6","08","09","4","","0","1","0","1","0"
"POINT (13.533751672000101 52.525724845000099)","Unfall 236604 (2022) Kat:3, Licht: 0","236604","3","2","5","08","14","6","","0","1","0","0","0"
"POINT (13.405423933000099 52.505129146000101)","Unfall 236605 (2022) Kat:2, Licht: 2","236605","2","3","5","07","23","1","","2","0","1","0","1"
"POINT (13.434223356000100 52.483075052000103)","Unfall 236606 (2022) Kat:3, Licht: 1","236606","3","5","1","08","19","1","","1","1","1","0","0"
"POINT (13.409486852000001 52.582026581000001)","Unfall 236607 (2022) Kat:3, Licht: 0","236607","3","3","5","08","08","4","","0","0","0","0","1"
"POINT (13.371028332000000 52.533735658000097)","Unfall 236608 (2022) Kat:3, Licht: 0","236608","3","5","1","09","14","5","","0","0","1","0","0"
"POINT (13.286776257000000 52.495833473000097)","Unfall 236609 (2022) Kat:3, Licht: 0","236609","3","3","5","08","17","2","","0","0","1","0","0"
"POINT (13.414757095000001 52.553866470999999)","Unfall 236610 (2022) Kat:2, Licht: 0","236610","2","3","5","08","19","4","","0","1","1","0","0"
"POINT (13.497750233000000 52.457974593000102)","Unfall 236611 (2022) Kat:3, Licht: 0","236611","3","1","0","09","11","5","","0","1","0","0","0"
"POINT (13.244340683000100 52.425818947000003)","Unfall 236612 (2022) Kat:2, Licht: 0","236612","2","2","5","07","07","2","","0","1","1","0","0"
"POINT (13.597411617000001 52.502374701000100)","Unfall 236613 (2022) Kat:3, Licht: 0","236613","3","3","5","08","18","5","","0","1","1","0","0"
"POINT (13.332961781000099 52.515752229999997)","Unfall 236614 (2022) Kat:3, Licht: 0","236614","3","7","2","09","10","2","","0","0","0","0","1"
"POINT (13.343348857000001 52.531755654000101)","Unfall 236615 (2022) Kat:2, Licht: 2","236615","2","2","5","08","22","4","","2","0","1","0","1"
"POINT (13.262631788000000 52.541165603000103)","Unfall 236616 (2022) Kat:3, Licht: 0","236616","3","6","2","07","13","5","","0","0","1","0","1"
"POINT (13.541404019000000 52.534569631000103)","Unfall 236617 (2022) Kat:2, Licht: 0","236617","2","3","5","07","06","5","","0","1","1","0","0"
"POINT (13.279186452999999 52.447000457000101)","Unfall 236618 (2022) Kat:3, Licht: 0","236618","3","3","0","08","12","1","","0","1","1","0","0"
"POINT (13.346079475000099 52.501067288999998)","Unfall 236619 (2022) Kat:3, Licht: 0","236619","3","2","5","07","18","7","","0","0","1","0","0"
"POINT (13.364368267000000 52.562648578999998)","Unfall 236620 (2022) Kat:3, Licht: 0","236620","3","2","5","08","15","5","","0","1","1","0","0"
"POINT (13.316499208000000 52.514184188000101)","Unfall 236621 (2022) Kat:3, Licht: 0","236621","3","5","1","08","12","5","","0","0","0","0","0"
"POINT (13.313559215000099 52.471060375000000)","Unfall 236622 (2022) Kat:3, Licht: 2","236622","3","5","1","07","22","5","","2","1","1","0","0"
"POINT (13.387635378000001 52.554185128000000)","Unfall 236623 (2022) Kat:3, Licht: 0","236623","3","4","6","08","19","2","","0","0","0","1","1"
"POINT (13.540795337000100 52.396206662000097)","Unfall 236624 (2022) Kat:3, Licht: 0","236624","3","3","5","07","17","5","","0","1","1","0","0"
"POINT (13.353206392000100 52.548859035000099)","Unfall 236625 (2022) Kat:3, Licht: 0","236625","3","7","6","08","16","5","","0","0","1","1","0"
"POINT (13.470248921000101 52.553634499000097)","Unfall 236626 (2022) Kat:3, Licht: 0","236626","3","7","5","08","11","6","","0","0","1","0","0"
"POINT (13.409250111000100 52.454376731000103)","Unfall 236627 (2022) Kat:3, Licht: 0","236627","3","7","0","07","16","1","","0","0","0","0","1"
"POINT (13.371445885000099 52.569355313000102)","Unfall 236628 (2022) Kat:3, Licht: 0","236628","3","3","5","08","18","5","","0","0","1","0","1"
"POINT (13.376671011999999 52.556634206000098)","Unfall 236629 (2022) Kat:2, Licht: 0","236629","2","1","0","08","14","1","","0","0","0","0","1"
"POINT (13.379602406000100 52.522728384000096)","Unfall 236630 (2022) Kat:3, Licht: 0","236630","3","7","0","08","19","3","","0","1","0","0","0"
"POINT (13.443870688000100 52.572281439999998)","Unfall 236631 (2022) Kat:3, Licht: 0","236631","3","2","5","09","14","5","","0","0","1","0","1"
"POINT (13.536320111000100 52.432832851999997)","Unfall 236632 (2022) Kat:3, Licht: 0","236632","3","2","2","08","15","2","","0","0","1","0","0"
"POINT (13.487095142999999 52.526639413000098)","Unfall 236633 (2022) Kat:3, Licht: 1","236633","3","5","1","08","06","4","","1","1","1","0","0"
"POINT (13.440640775000100 52.517119604000101)","Unfall 236634 (2022) Kat:3, Licht: 0","236634","3","2","5","09","17","5","","0","0","1","0","1"
"POINT (13.302546539000000 52.584387129000000)","Unfall 236635 (2022) Kat:3, Licht: 0","236635","3","3","5","07","07","2","","0","0","1","0","1"
"POINT (13.258928734000101 52.548161558000103)","Unfall 236636 (2022) Kat:3, Licht: 0","236636","3","2","5","08","16","5","","0","0","1","0","0"
"POINT (13.203084928000100 52.539963313999998)","Unfall 236637 (2022) Kat:3, Licht: 0","236637","3","6","2","09","17","2","","0","0","1","0","0"
"POINT (13.450009249000100 52.548789559000099)","Unfall 236638 (2022) Kat:3, Licht: 0","236638","3","5","1","08","15","4","","0","1","1","0","0"
"POINT (13.373191879000000 52.410880194000100)","Unfall 236639 (2022) Kat:3, Licht: 0","236639","3","3","5","07","13","4","","0","1","1","0","0"
"POINT (13.345047114000099 52.546607191000099)","Unfall 236640 (2022) Kat:3, Licht: 0","236640","3","6","2","07","16","5","","0","0","1","0","0"
"POINT (13.500374862000101 52.561435351000100)","Unfall 236641 (2022) Kat:3, Licht: 0","236641","3","3","5","08","15","1","","0","0","1","0","1"
"POINT (13.204918974000099 52.539682290000002)","Unfall 236642 (2022) Kat:2, Licht: 0","236642","2","6","0","07","13","3","","0","0","1","0","1"
"POINT (13.422372491000001 52.482055273000100)","Unfall 236643 (2022) Kat:3, Licht: 0","236643","3","3","5","08","14","4","","0","1","0","0","0"
"POINT (13.346813738000000 52.449999392000102)","Unfall 236644 (2022) Kat:2, Licht: 0","236644","2","2","5","08","19","5","","0","0","1","0","1"
"POINT (13.444121606000101 52.519174163000102)","Unfall 236645 (2022) Kat:3, Licht: 0","236645","3","5","1","07","12","6","","0","1","1","0","0"
"POINT (13.425736429000001 52.488232175000100)","Unfall 236646 (2022) Kat:3, Licht: 0","236646","3","5","1","08","14","2","","0","1","1","0","0"
"POINT (13.411822264000000 52.523967652000103)","Unfall 236647 (2022) Kat:2, Licht: 0","236647","2","2","3","08","18","3","","0","0","1","0","0"
"POINT (13.181708233000100 52.534136822000100)","Unfall 236648 (2022) Kat:3, Licht: 1","236648","3","2","5","09","19","4","","1","1","1","0","0"
"POINT (13.376673936000000 52.484957346999998)","Unfall 236649 (2022) Kat:3, Licht: 0","236649","3","3","5","08","19","1","","0","0","1","0","0"
"POINT (13.426276032000001 52.477262047000103)","Unfall 236650 (2022) Kat:3, Licht: 0","236650","3","6","3","08","17","4","","0","0","1","0","1"
"POINT (13.209593425000000 52.550569207000102)","Unfall 236651 (2022) Kat:3, Licht: 0","236651","3","3","5","08","12","4","","0","1","0","0","0"
"POINT (13.595233796000100 52.534088916000002)","Unfall 236652 (2022) Kat:2, Licht: 0","236652","2","4","6","07","17","7","","0","0","1","1","0"
"POINT (13.418914336000100 52.578738940999997)","Unfall 236653 (2022) Kat:3, Licht: 0","236653","3","7","5","09","08","6","","0","1","1","0","0"
"POINT (13.301364897999999 52.579895529000098)","Unfall 236654 (2022) Kat:3, Licht: 0","236654","3","6","3","08","15","6","","0","0","1","0","0"
"POINT (13.497864074000100 52.433715208000102)","Unfall 236655 (2022) Kat:3, Licht: 2","236655","3","3","5","08","23","4","","2","0","1","0","0"
"POINT (13.324704727000000 52.495064526000100)","Unfall 236656 (2022) Kat:3, Licht: 0","236656","3","5","5","07","14","3","","0","1","1","0","0"
"POINT (13.335470713000101 52.595608208000002)","Unfall 236657 (2022) Kat:2, Licht: 0","236657","2","3","0","08","13","6","","0","0","1","0","1"
"POINT (13.382293120000000 52.531314886000096)","Unfall 236658 (2022) Kat:3, Licht: 0","236658","3","6","2","08","13","3","","0","1","1","0","0"
"POINT (13.399996881000000 52.532866949999999)","Unfall 236659 (2022) Kat:3, Licht: 2","236659","3","1","0","07","03","7","","2","1","0","0","0"
"POINT (13.407938061999999 52.504380210000100)","Unfall 236660 (2022) Kat:2, Licht: 0","236660","2","2","5","08","16","5","","0","1","0","0","1"
"POINT (13.426413773000000 52.487378370000002)","Unfall 236661 (2022) Kat:3, Licht: 2","236661","3","7","6","08","22","3","","2","1","0","1","0"
"POINT (13.505865470000099 52.437370547999997)","Unfall 236662 (2022) Kat:3, Licht: 0","236662","3","6","0","09","06","2","","0","0","1","0","1"
"POINT (13.342508233000000 52.434504661000098)","Unfall 236663 (2022) Kat:3, Licht: 0","236663","3","2","5","08","11","2","","0","1","1","0","0"
"POINT (13.145349970000000 52.398973141000099)","Unfall 236664 (2022) Kat:3, Licht: 0","236664","3","6","4","09","12","3","","0","1","0","0","0"
"POINT (13.412013742000100 52.542715782000101)","Unfall 236665 (2022) Kat:3, Licht: 2","236665","3","1","0","08","23","6","","2","1","0","0","0"
"POINT (13.285625332000100 52.453377632000098)","Unfall 236666 (2022) Kat:2, Licht: 0","236666","2","6","2","07","13","7","","0","0","1","0","0"
"POINT (13.399681460000100 52.509140377000101)","Unfall 236667 (2022) Kat:3, Licht: 0","236667","3","6","0","08","17","3","","0","0","1","0","1"
"POINT (13.407860964000101 52.488920270999998)","Unfall 236668 (2022) Kat:2, Licht: 0","236668","2","3","5","07","18","5","","0","0","1","0","0"
"POINT (13.619916247000001 52.543931962000002)","Unfall 236669 (2022) Kat:2, Licht: 0","236669","2","1","8","08","11","5","","0","0","1","0","0"
"POINT (13.419562570000000 52.501204121999997)","Unfall 236670 (2022) Kat:3, Licht: 0","236670","3","7","1","08","18","1","","0","0","0","0","1"
"POINT (13.386672989999999 52.490074338000099)","Unfall 236671 (2022) Kat:3, Licht: 0","236671","3","2","0","08","10","3","","0","1","1","0","0"
"POINT (13.457873082000001 52.478338710999999)","Unfall 236672 (2022) Kat:3, Licht: 2","236672","3","5","1","07","00","3","","2","0","1","0","0"
"POINT (13.538347272000101 52.554345793000003)","Unfall 236673 (2022) Kat:3, Licht: 0","236673","3","2","5","07","07","4","","0","0","1","0","0"
"POINT (13.401202909000100 52.414609106000100)","Unfall 236674 (2022) Kat:3, Licht: 2","236674","3","2","5","08","00","6","","2","0","1","0","0"
"POINT (13.231443578000000 52.526663014000100)","Unfall 236675 (2022) Kat:3, Licht: 0","236675","3","7","5","08","07","2","","0","0","1","0","0"
"POINT (13.568414627999999 52.453689410999999)","Unfall 236676 (2022) Kat:3, Licht: 0","236676","3","1","0","07","15","7","","0","1","0","0","0"
"POINT (13.528992493000001 52.459737545000102)","Unfall 236677 (2022) Kat:3, Licht: 0","236677","3","6","4","08","19","4","","0","0","1","0","0"
"POINT (13.328278105000001 52.508142778000000)","Unfall 236678 (2022) Kat:2, Licht: 0","236678","2","2","5","09","15","5","","0","0","1","0","1"
"POINT (13.604000244000099 52.539815463000103)","Unfall 236679 (2022) Kat:3, Licht: 0","236679","3","4","6","08","16","2","","0","0","1","1","0"
"POINT (13.409178045000001 52.528447456000002)","Unfall 236680 (2022) Kat:3, Licht: 0","236680","3","1","0","09","14","7","","0","1","0","0","0"
"POINT (13.243545003000101 52.601524861000001)","Unfall 236681 (2022) Kat:3, Licht: 0","236681","3","2","5","08","13","3","","0","1","1","0","0"
"POINT (13.247434330999999 52.465866914000102)","Unfall 236682 (2022) Kat:2, Licht: 0","236682","2","7","9","07","10","1","","0","0","1","0","0"
"POINT (13.200779690999999 52.538497548000102)","Unfall 236683 (2022) Kat:3, Licht: 0","236683","3","2","5","09","14","5","","0","1","1","0","0"
"POINT (13.340776275000101 52.504405454999997)","Unfall 236684 (2022) Kat:3, Licht: 0","236684","3","4","6","09","07","3","","0","1","0","1","0"
"POINT (13.387337064000100 52.526316661000102)","Unfall 236685 (2022) Kat:3, Licht: 0","236685","3","2","5","08","06","5","","0","1","1","0","0"
"POINT (13.457188727000100 52.517789605000097)","Unfall 236686 (2022) Kat:3, Licht: 0","236686","3","7","6","08","09","2","","0","0","1","1","0"
"POINT (13.140022622000100 52.529364786000002)","Unfall 236687 (2022) Kat:3, Licht: 0","236687","3","7","6","07","10","5","","0","1","0","1","0"
"POINT (13.262277075000000 52.479973930000000)","Unfall 236688 (2022) Kat:3, Licht: 0","236688","3","2","2","08","14","4","","0","0","1","0","0"
"POINT (13.416442008000001 52.499632125000097)","Unfall 236689 (2022) Kat:3, Licht: 0","236689","3","4","6","08","18","5","","0","1","0","1","0"
"POINT (13.182980237000001 52.547993688000098)","Unfall 236690 (2022) Kat:3, Licht: 0","236690","3","3","5","07","13","2","","0","0","1","0","1"
"POINT (13.300588551000001 52.498712098000098)","Unfall 236691 (2022) Kat:3, Licht: 0","236691","3","6","2","08","18","6","","0","0","1","0","0"
"POINT (13.205112182000100 52.530078748999998)","Unfall 236692 (2022) Kat:3, Licht: 0","236692","3","6","2","09","18","5","","0","0","1","0","0"
"POINT (13.430654621000000 52.589818794000102)","Unfall 236693 (2022) Kat:3, Licht: 2","236693","3","4","2","08","21","1","","2","0","1","1","0"
"POINT (13.402984912000001 52.494125373000003)","Unfall 236694 (2022) Kat:3, Licht: 0","236694","3","3","5","08","11","4","","0","1","1","0","0"
"POINT (13.417492374000100 52.577912449999999)","Unfall 236695 (2022) Kat:3, Licht: 0","236695","3","4","6","09","07","5","","0","0","1","1","0"
"POINT (13.392414784000000 52.507813439000103)","Unfall 236696 (2022) Kat:3, Licht: 0","236696","3","3","5","07","17","1","","0","0","1","0","1"
"POINT (13.351526840000099 52.552314252000002)","Unfall 236697 (2022) Kat:3, Licht: 2","236697","3","1","0","08","00","5","","2","0","0","0","1"
"POINT (13.322017097000099 52.493134918000102)","Unfall 236698 (2022) Kat:3, Licht: 0","236698","3","6","2","09","10","2","","0","0","1","0","0"
"POINT (13.345051608000100 52.483330062000100)","Unfall 236699 (2022) Kat:3, Licht: 0","236699","3","6","2","08","17","5","","0","0","1","0","1"
"POINT (13.351807303999999 52.507318934000097)","Unfall 236700 (2022) Kat:3, Licht: 2","236700","3","1","0","07","21","3","","2","0","0","0","1"
"POINT (13.442325182999999 52.506476554000102)","Unfall 236701 (2022) Kat:3, Licht: 0","236701","3","7","6","07","18","5","","0","0","1","1","0"
"POINT (13.558210158000101 52.406560302999999)","Unfall 236702 (2022) Kat:3, Licht: 0","236702","3","7","5","08","16","1","","0","0","1","0","1"
"POINT (13.325021512999999 52.564839597000102)","Unfall 236703 (2022) Kat:3, Licht: 1","236703","3","7","0","07","21","7","","1","0","0","0","0"
"POINT (13.357292761000100 52.501260864000102)","Unfall 236704 (2022) Kat:3, Licht: 2","236704","3","5","1","08","22","5","","2","0","1","0","0"
"POINT (13.440658409999999 52.517181678999997)","Unfall 236705 (2022) Kat:3, Licht: 0","236705","3","2","5","08","14","3","","0","0","1","0","0"
"POINT (13.421230355000001 52.473670978000001)","Unfall 236706 (2022) Kat:3, Licht: 0","236706","3","3","5","07","17","5","","0","0","1","0","0"
"POINT (13.564021895000099 52.518875513000097)","Unfall 236707 (2022) Kat:3, Licht: 0","236707","3","2","5","08","11","3","","0","0","1","0","0"
"POINT (13.361852789000100 52.544839339000099)","Unfall 236708 (2022) Kat:3, Licht: 0","236708","3","2","5","09","11","4","","0","0","1","0","0"
"POINT (13.331206519000000 52.502861015000100)","Unfall 236709 (2022) Kat:3, Licht: 2","236709","3","3","5","08","16","7","","2","0","0","0","1"
"POINT (13.479322522000100 52.523048209000102)","Unfall 236710 (2022) Kat:1, Licht: 2","236710","1","1","9","08","02","4","","2","0","1","0","1"
"POINT (13.474551772000000 52.455664400000003)","Unfall 236711 (2022) Kat:3, Licht: 0","236711","3","6","2","07","12","7","","0","0","1","0","0"
"POINT (13.292933664000000 52.492450280000099)","Unfall 236712 (2022) Kat:2, Licht: 0","236712","2","3","5","09","17","5","","0","1","1","0","0"
"POINT (13.327429630999999 52.476964741000103)","Unfall 236713 (2022) Kat:3, Licht: 0","236713","3","5","1","08","17","6","","0","1","1","0","0"
"POINT (13.331183229000001 52.487916093000102)","Unfall 236714 (2022) Kat:3, Licht: 2","236714","3","7","7","08","22","1","","2","1","0","0","0"
"POINT (13.447962760000101 52.436960067000001)","Unfall 236715 (2022) Kat:3, Licht: 0","236715","3","6","0","08","11","4","","0","0","1","0","0"
"POINT (13.291344576000000 52.539728310999998)","Unfall 236716 (2022) Kat:3, Licht: 0","236716","3","5","1","07","12","3","","0","0","1","0","0"
"POINT (13.443399824000000 52.525036995999997)","Unfall 236717 (2022) Kat:3, Licht: 0","236717","3","6","2","07","14","4","","0","1","1","0","0"
"POINT (13.285805241000000 52.453303081999998)","Unfall 236718 (2022) Kat:2, Licht: 0","236718","2","2","5","08","18","6","","0","1","1","0","0"
"POINT (13.503909791000099 52.564211217000000)","Unfall 236719 (2022) Kat:3, Licht: 0","236719","3","6","2","08","07","2","","0","0","1","0","1"
"POINT (13.378206529000099 52.466594321999999)","Unfall 236720 (2022) Kat:3, Licht: 0","236720","3","6","3","07","15","6","","0","0","1","0","1"
"POINT (13.400782404999999 52.518550464999997)","Unfall 236721 (2022) Kat:3, Licht: 1","236721","3","5","1","08","20","4","","1","0","1","0","1"
"POINT (13.591497429000100 52.545012777000103)","Unfall 236722 (2022) Kat:3, Licht: 0","236722","3","4","6","09","07","6","","0","0","1","1","0"
"POINT (13.592404133000100 52.547035650000097)","Unfall 236723 (2022) Kat:2, Licht: 0","236723","2","4","6","09","16","6","","0","0","1","1","0"
"POINT (13.348944161000100 52.514844193999998)","Unfall 236724 (2022) Kat:3, Licht: 0","236724","3","3","5","09","08","3","","0","0","1","0","0"
"POINT (13.439136972000000 52.505606418000099)","Unfall 236725 (2022) Kat:3, Licht: 0","236725","3","3","5","08","14","6","","0","1","1","0","0"
"POINT (13.518950150000000 52.531505750000100)","Unfall 236726 (2022) Kat:3, Licht: 0","236726","3","7","5","07","10","7","","0","0","1","0","0"