WKT,Name,OBJECTID,UKATEGORIE,UTYP1,UART,UMONAT,USTUNDE,UWOCHENTAG,STRZUSTAND,ULICHTVERH,ISTRAD,ISTPKW,ISTFUSS,ISTKRAD
"POINT (13.490079615000100 52.493544217000100)","Unfall 236727 (2022) Kat:3, Licht: 0","236727","3","2","0","08","09","3","","0","1","1","0","0"
"POINT (13.588343670000000 52.502704518000002)","Unfall 236728 (2022) Kat:3, Licht: 0","236728","3","3","5","07","16","5","","0","1","1","0","0"
"POINT (13.349453295000000 52.542318121999998)","Unfall 236729 (2022) Kat:2, Licht: 1","236729","2","2","5","08","20","5","","1","1","1","0","0"
"POINT (13.405760732999999 52.514042973000102)","Unfall 236730 (2022) Kat:3, Licht: 0","236730","3","1","0","08","18","6","","0","0","0","0","0"
"POINT (13.454852533000100 52.512083621000002)","Unfall 236731 (2022) Kat:2, Licht: 0","236731","2","5","1","08","14","2","","0","1","1","0","0"
"POINT (13.332298598000000 52.545832744999998)","Unfall 236732 (2022) Kat:3, Licht: 0","236732","3","1","0","09","07","4","","0","0","0","0","1"
"POINT (13.284556506000101 52.488477967000101)","Unfall 236733 (2022) Kat:3, Licht: 0","236733","3","1","8","08","15","1","","0","0","1","0","0"
"POINT (13.354064226000000 52.413441862000099)","Unfall 236734 (2022) Kat:3, Licht: 0","236734","3","4","6","08","15","3","","0","0","1","1","0"
"POINT (13.450229142000101 52.491316285000003)","Unfall 236735 (2022) Kat:3, Licht: 0","236735","3","5","1","08","18","4","","0","1","1","0","0"
"POINT (13.323385442000101 52.510865025000001)","Unfall 236736 (2022) Kat:3, Licht: 0","236736","3","7","0","07","16","6","","0","0","1","0","0"
"POINT (13.525240643000100 52.480995871000097)","Unfall 236737 (2022) Kat:2, Licht: 0","236737","2","4","6","09","11","5","","0","1","0","1","0"
"POINT (13.670279850000000 52.421815701000099)","Unfall 236738 (2022) Kat:3, Licht: 0","236738","3","3","5","08","15","6","","0","1","1","0","0"
"POINT (13.250711051000099 52.435082028000103)","Unfall 236739 (2022) Kat:3, Licht: 0","236739","3","2","5","08","14","4","","0","1","1","0","0"
"POINT (13.395501225000000 52.499003664000000)","Unfall 236740 (2022) Kat:3, Licht: 0","236740","3","3","5","07","17","4","","0","0","1","0","1"
"POINT (13.371215746000100 52.511128577000100)","Unfall 236741 (2022) Kat:3, Licht: 2","236741","3","7","5","08","23","7","","2","0","1","0","0"
"POINT (13.295798934000100 52.492301216999998)","Unfall 236742 (2022) Kat:3, Licht: 0","236742","3","3","5","08","14","2","","0","0","1","0","0"
"POINT (13.320790618000000 52.575939108000100)","Unfall 236743 (2022) Kat:2, Licht: 0","236743","2","4","6","07","18","6","","0","0","1","1","0"
"POINT (13.529781761000001 52.487548077000000)","Unfall 236744 (2022) Kat:3, Licht: 0","236744","3","6","2","08","15","4","","0","1","1","0","0"
"POINT (13.406803350000100 52.498472783000103)","Unfall 236745 (2022) Kat:3, Licht: 0","236745","3","3","5","08","19","3","","0","1","1","0","0"
"POINT (13.346177014000000 52.566840679999999)","Unfall 236746 (2022) Kat:2, Licht: 0","236746","2","6","2","09","13","1","","0","0","1","0","0"
"POINT (13.389846600000100 52.509437128000101)","Unfall 236747 (2022) Kat:2, Licht: 0","236747","2","6","4","09","16","3","","0","1","1","0","0"
"POINT (13.460124860000100 52.431778248999997)","Unfall 236748 (2022) Kat:3, Licht: 0","236748","3","2","0","08","13","7","","0","0","1","0","0"
"POINT (13.413435786000001 52.524926175000097)","Unfall 236749 (2022) Kat:3, Licht: 0","236749","3","4","6","07","17","7","","0","0","0","1","0"
"POINT (13.421845723000001 52.487171425000000)","Unfall 236750 (2022) Kat:3, Licht: 0","236750","3","5","1","08","13","3","","0","1","1","0","0"
"POINT (13.342946407000101 52.525329690000000)","Unfall 236751 (2022) Kat:3, Licht: 0","236751","3","2","5","07","12","5","","0","1","1","0","0"
"POINT (13.531241664000000 52.461033389000100)","Unfall 236752 (2022) Kat:2, Licht: 0","236752","2","5","1","08","12","5","","0","1","0","0","0"
"POINT (13.427918465000101 52.488401711999998)","Unfall 236753 (2022) Kat:3, Licht: 1","236753","3","3","5","08","05","6","","1","1","1","0","0"
"POINT (13.406661435000000 52.498444456000101)","Unfall 236754 (2022) Kat:3, Licht: 0","236754","3","2","5","07","17","2","","0","0","1","0","0"
"POINT (13.353982168000099 52.562058860000000)","Unfall 236755 (2022) Kat:3, Licht: 0","236755","3","3","5","07","12","3","","0","0","1","0","0"
"POINT (13.382954112000000 52.415346192000101)","Unfall 236756 (2022) Kat:3, Licht: 2","236756","3","5","1","08","00","6","","2","0","1","0","0"
"POINT (13.459692668000100 52.508381627000098)","Unfall 236757 (2022) Kat:2, Licht: 2","236757","2","5","1","08","02","1","","2","0","1","0","0"
"POINT (13.390427985000001 52.506709352000001)","Unfall 236758 (2022) Kat:3, Licht: 0","236758","3","2","5","08","14","4","","0","0","1","0","1"
"POINT (13.332385027999999 52.576669215999999)","Unfall 236759 (2022) Kat:3, Licht: 0","236759","3","2","5","09","07","6","","0","1","1","0","0"
"POINT (13.398080345000000 52.529471964000003)","Unfall 236760 (2022) Kat:3, Licht: 0","236760","3","6","3","08","15","2","","0","0","1","0","1"
"POINT (13.406147271000100 52.493374039999999)","Unfall 236761 (2022) Kat:3, Licht: 0","236761","3","6","3","09","13","6","","0","1","0","0","0"
"POINT (13.388649729000100 52.500973553999998)","Unfall 236762 (2022) Kat:3, Licht: 0","236762","3","5","1","08","17","4","","0","1","1","0","0"
"POINT (13.315593815000099 52.453382429999998)","Unfall 236763 (2022) Kat:3, Licht: 0","236763","3","2","5","07","13","5","","0","0","1","0","0"
"POINT (13.373810994999999 52.444000651000103)","Unfall 236764 (2022) Kat:3, Licht: 0","236764","3","6","2","09","16","5","","0","0","1","0","0"
"POINT (13.343011418000099 52.526363887999999)","Unfall 236765 (2022) Kat:3, Licht: 0","236765","3","2","2","07","19","2","","0","0","1","0","1"
"POINT (13.315447376000099 52.416585951000101)","Unfall 236766 (2022) Kat:2, Licht: 0","236766","2","7","0","09","10","2","","0","1","1","0","0"
"POINT (13.476837784000100 52.476274082000003)","Unfall 236767 (2022) Kat:3, Licht: 0","236767","3","1","0","08","18","5","","0","1","0","0","0"
"POINT (13.437669340000101 52.422281706000000)","Unfall 236768 (2022) Kat:3, Licht: 0","236768","3","6","2","08","20","2","","0","0","1","0","0"
"POINT (13.425422659000001 52.543382409000102)","Unfall 236769 (2022) Kat:3, Licht: 0","236769","3","7","6","07","08","4","","0","0","1","1","0"
"POINT (13.406777631000100 52.393768301000101)","Unfall 236770 (2022) Kat:3, Licht: 0","236770","3","2","5","08","12","4","","0","0","1","0","0"
"POINT (13.503786021000099 52.629387313999999)","Unfall 236771 (2022) Kat:2, Licht: 0","236771","2","7","1","08","10","5","","0","0","1","0","0"
"POINT (13.247186923000100 52.538328996000097)","Unfall 236772 (2022) Kat:3, Licht: 0","236772","3","7","5","07","15","5","","0","0","1","0","0"
"POINT (13.199060927000099 52.533609120000101)","Unfall 236773 (2022) Kat:3, Licht: 0","236773","3","6","3","08","16","7","","0","0","1","0","0"
"POINT (13.413431189000100 52.520334875000103)","Unfall 236774 (2022) Kat:3, Licht: 0","236774","3","4","6","09","15","5","","0","0","0","1","0"
"POINT (13.431002471000101 52.534607844000000)","Unfall 236775 (2022) Kat:2, Licht: 1","236775","2","6","3","08","20","1","","1","1","1","0","0"
"POINT (13.392920504000100 52.545446717000097)","Unfall 236776 (2022) Kat:3, Licht: 2","236776","3","7","0","08","02","4","","2","0","0","0","0"
"POINT (13.411668684000100 52.523962709000003)","Unfall 236777 (2022) Kat:3, Licht: 0","236777","3","3","5","08","19","4","","0","1","1","0","0"
"POINT (13.317284410000100 52.504468841000097)","Unfall 236778 (2022) Kat:2, Licht: 0","236778","2","5","1","07","17","2","","0","1","1","0","0"
"POINT (13.429477982000000 52.494732829999997)","Unfall 236779 (2022) Kat:3, Licht: 2","236779","3","5","1","08","03","6","","2","1","1","0","0"
"POINT (13.470726854000100 52.516381303000102)","Unfall 236780 (2022) Kat:3, Licht: 2","236780","3","5","1","08","02","7","","2","1","1","0","0"
"POINT (13.389322591000100 52.419191107000103)","Unfall 236781 (2022) Kat:3, Licht: 0","236781","3","1","0","09","15","2","","0","0","0","0","1"
"POINT (13.394258369999999 52.506952788000000)","Unfall 236782 (2022) Kat:3, Licht: 0","236782","3","3","5","08","08","4","","0","1","1","0","0"
"POINT (13.197733154000000 52.530425686999997)","Unfall 236783 (2022) Kat:3, Licht: 0","236783","3","7","0","07","16","4","","0","0","1","0","0"
"POINT (13.342725758000000 52.525343511000102)","Unfall 236784 (2022) Kat:3, Licht: 0","236784","3","2","5","07","15","5","","0","1","1","0","0"
"POINT (13.187872691999999 52.555291210000100)","Unfall 236785 (2022) Kat:2, Licht: 0","236785","2","3","5","08","17","1","","0","0","1","0","0"
"POINT (13.296561815000100 52.573862746000003)","Unfall 236786 (2022) Kat:3, Licht: 0","236786","3","1","0","07","19","7","","0","1","0","0","0"
"POINT (13.247765405000100 52.539968893999998)","Unfall 236787 (2022) Kat:3, Licht: 2","236787","3","2","5","08","00","5","","2","0","1","0","0"
"POINT (13.211793584000100 52.575485388000097)","Unfall 236788 (2022) Kat:3, Licht: 0","236788","3","3","5","08","08","3","","0","1","1","0","0"
"POINT (13.552863157999999 52.469098722000098)","Unfall 236789 (2022) Kat:3, Licht: 0","236789","3","6","2","08","09","2","","0","0","1","0","0"
"POINT (13.328699335000101 52.477303697000103)","Unfall 236790 (2022) Kat:3, Licht: 0","236790","3","2","5","09","09","4","","0","1","1","0","0"
"POINT (13.313730938000001 52.500645318000103)","Unfall 236791 (2022) Kat:3, Licht: 0","236791","3","6","2","08","13","6","","0","0","1","0","0"
"POINT (13.434856268000001 52.508371968000098)","Unfall 236792 (2022) Kat:3, Licht: 0","236792","3","4","6","08","18","3","","0","0","0","1","0"
"POINT (13.428339522000000 52.518979512000001)","Unfall 236793 (2022) Kat:3, Licht: 0","236793","3","3","5","07","15","6","","0","0","1","0","1"
"POINT (13.360534565000000 52.596788296000099)","Unfall 236794 (2022) Kat:3, Licht: 2","236794","3","2","6","08","04","6","","2","0","1","1","0"
"POINT (13.210527411999999 52.436504133000000)","Unfall 236795 (2022) Kat:1, Licht: 2","236795","1","1","8","08","02","2","","2","0","1","0","0"
"POINT (13.344816523000100 52.539143824000099)","Unfall 236796 (2022) Kat:3, Licht: 0","236796","3","2","2","08","12","3","","0","1","1","0","0"
"POINT (13.375130071999999 52.489292290000002)","Unfall 236797 (2022) Kat:3, Licht: 0","236797","3","7","0","07","17","4","","0","0","0","0","1"
"POINT (13.527060743000000 52.486772464000097)","Unfall 236798 (2022) Kat:3, Licht: 0","236798","3","5","1","08","16","7","","0","0","1","0","0"
"POINT (13.392763394999999 52.412621291000100)","Unfall 236799 (2022) Kat:3, Licht: 0","236799","3","1","0","08","08","2","","0","0","0","0","1"
"POINT (13.553308479000099 52.469632439000101)","Unfall 236800 (2022) Kat:3, Licht: 0","236800","3","2","0","07","13","6","","0","0","1","0","1"
"POINT (13.371335987000100 52.510751546000101)","Unfall 236801 (2022) Kat:3, Licht: 0","236801","3","6","2","08","15","4","","0","0","1","0","1"
"POINT (13.308540449000100 52.523259782000103)","Unfall 236802 (2022) Kat:3, Licht: 0","236802","3","3","5","09","14","6","","0","1","1","0","0"
"POINT (13.295777458000000 52.432563088999999)","Unfall 236803 (2022) Kat:3, Licht: 2","236803","3","5","1","09","20","7","","2","0","1","0","0"
"POINT (13.466059254000101 52.496873815000100)","Unfall 236804 (2022) Kat:3, Licht: 2","236804","3","2","5","09","21","2","","2","0","0","0","1"
"POINT (13.317820438000100 52.507591167999998)","Unfall 236805 (2022) Kat:3, Licht: 0","236805","3","6","2","08","12","5","","0","0","1","0","1"
"POINT (13.398733184999999 52.532579978999998)","Unfall 236806 (2022) Kat:3, Licht: 0","236806","3","1","0","07","16","7","","0","0","0","0","1"
"POINT (13.429025300999999 52.486463220000097)","Unfall 236807 (2022) Kat:3, Licht: 1","236807","3","3","5","08","20","2","","1","0","1","0","1"
"POINT (13.241931004000000 52.444563068000001)","Unfall 236808 (2022) Kat:3, Licht: 0","236808","3","1","0","07","18","5","","0","0","0","0","1"
"POINT (13.316802345999999 52.508920718000098)","Unfall 236809 (2022) Kat:3, Licht: 0","236809","3","4","6","08","16","4","","0","1","0","1","0"
"POINT (13.478347015000100 52.609751453000101)","Unfall 236810 (2022) Kat:3, Licht: 0","236810","3","5","1","08","17","6","","0","1","1","0","0"
"POINT (13.252228171000100 52.424898277000104)","Unfall 236811 (2022) Kat:2, Licht: 0","236811","2","6","4","07","06","1","","0","0","1","0","0"
"POINT (13.543331861000100 52.532234066999997)","Unfall 236812 (2022) Kat:3, Licht: 0","236812","3","4","6","07","18","3","","0","0","1","1","0"
"POINT (13.379709460000100 52.540197384000102)","Unfall 236813 (2022) Kat:3, Licht: 0","236813","3","1","0","08","14","6","","0","1","0","0","0"
"POINT (13.599505554000100 52.531301188999997)","Unfall 236814 (2022) Kat:3, Licht: 0","236814","3","4","6","08","19","1","","0","1","1","1","0"
"POINT (13.432880554000100 52.485080887000002)","Unfall 236815 (2022) Kat:3, Licht: 0","236815","3","2","0","08","10","3","","0","1","1","0","0"
"POINT (13.394793880000099 52.491650708000101)","Unfall 236816 (2022) Kat:3, Licht: 0","236816","3","6","2","09","17","5","","0","0","1","0","0"
"POINT (13.322716725000101 52.487669574000101)","Unfall 236817 (2022) Kat:3, Licht: 0","236817","3","3","5","08","15","2","","0","0","1","0","0"
"POINT (13.612704001999999 52.454202017999997)","Unfall 236818 (2022) Kat:3, Licht: 0","236818","3","4","6","08","09","5","","0","0","1","1","0"
"POINT (13.435241852000001 52.480899213999997)","Unfall 236819 (2022) Kat:3, Licht: 0","236819","3","3","0","07","18","4","","0","1","0","0","1"
"POINT (13.573553127000000 52.552423711000102)","Unfall 236820 (2022) Kat:3, Licht: 0","236820","3","3","5","09","15","5","","0","0","1","0","0"
"POINT (13.518750055000099 52.533023620999998)","Unfall 236821 (2022) Kat:3, Licht: 0","236821","3","6","2","07","08","3","","0","0","1","0","1"
"POINT (13.429431330000099 52.608200895000003)","Unfall 236822 (2022) Kat:3, Licht: 0","236822","3","3","5","08","17","5","","0","0","1","0","1"
"POINT (13.291603501000100 52.595961574000100)","Unfall 236823 (2022) Kat:3, Licht: 0","236823","3","2","5","09","17","2","","0","0","1","0","1"
"POINT (13.331246302000100 52.419971432000096)","Unfall 236824 (2022) Kat:2, Licht: 2","236824","2","3","5","08","22","4","","2","0","1","0","1"
"POINT (13.324955126000100 52.428268410000001)","Unfall 236825 (2022) Kat:3, Licht: 0","236825","3","7","0","07","11","4","","0","0","0","0","0"
"POINT (13.393130260000101 52.506878060000098)","Unfall 236826 (2022) Kat:3, Licht: 2","236826","3","5","1","08","00","1","","2","1","1","0","0"
"POINT (13.434626053000001 52.508695665000097)","Unfall 236827 (2022) Kat:3, Licht: 0","236827","3","2","2","07","19","3","","0","0","1","0","0"
"POINT (13.537117310999999 52.539679711000097)","Unfall 236828 (2022) Kat:3, Licht: 0","236828","3","6","2","08","05","4","","0","0","1","0","1"
"POINT (13.554692713000099 52.455652205000000)","Unfall 236829 (2022) Kat:3, Licht: 0","236829","3","3","5","08","20","6","","0","0","1","0","0"
"POINT (13.344965392000100 52.448747399000098)","Unfall 236830 (2022) Kat:2, Licht: 0","236830","2","5","1","07","13","6","","0","1","1","0","0"
"POINT (13.392257038000000 52.507814044000000)","Unfall 236831 (2022) Kat:3, Licht: 0","236831","3","2","5","08","07","3","","0","0","1","0","1"
"POINT (13.433480420000000 52.463878483000002)","Unfall 236832 (2022) Kat:3, Licht: 0","236832","3","6","2","09","10","4","","0","0","1","0","0"
"POINT (13.189054024000001 52.521640311000098)","Unfall 236833 (2022) Kat:3, Licht: 0","236833","3","3","5","08","08","2","","0","0","1","0","0"
"POINT (13.436584849000001 52.551877680000104)","Unfall 236834 (2022) Kat:2, Licht: 2","236834","2","1","0","08","23","3","","2","0","0","0","0"
"POINT (13.466521993000100 52.549821085000097)","Unfall 236835 (2022) Kat:2, Licht: 0","236835","2","1","9","07","20","1","","0","0","1","0","0"
"POINT (13.305086569000000 52.512424161000098)","Unfall 236836 (2022) Kat:3, Licht: 0","236836","3","5","1","07","12","3","","0","0","1","0","0"
"POINT (13.315218223000000 52.447938061999999)","Unfall 236837 (2022) Kat:3, Licht: 0","236837","3","2","0","08","08","6","","0","1","1","0","0"
"POINT (13.556290959000000 52.570454773999998)","Unfall 236838 (2022) Kat:3, Licht: 0","236838","3","3","5","08","09","2","","0","1","1","0","0"
"POINT (13.430546571000001 52.486065689000000)","Unfall 236839 (2022) Kat:3, Licht: 0","236839","3","7","6","08","17","4","","0","1","0","1","0"
"POINT (13.321748060000100 52.473539825000003)","Unfall 236840 (2022) Kat:3, Licht: 0","236840","3","3","5","09","16","5","","0","1","1","0","0"
"POINT (13.410486177999999 52.406778719999998)","Unfall 236841 (2022) Kat:2, Licht: 0","236841","2","3","5","08","16","2","","0","1","1","0","0"
"POINT (13.558646870000100 52.495161562000099)","Unfall 236842 (2022) Kat:2, Licht: 0","236842","2","3","5","08","17","4","","0","1","1","0","0"
"POINT (13.462012856000101 52.500864065000002)","Unfall 236843 (2022) Kat:3, Licht: 0","236843","3","7","0","07","19","5","","0","0","0","0","0"
"POINT (13.471067390000000 52.505434287000099)","Unfall 236844 (2022) Kat:3, Licht: 1","236844","3","1","0","08","18","4","","1","1","0","0","0"
"POINT (13.348223813000100 52.452615125000101)","Unfall 236845 (2022) Kat:3, Licht: 0","236845","3","5","1","07","14","3","","0","1","1","0","0"
"POINT (13.367182207000001 52.493269077999997)","Unfall 236846 (2022) Kat:2, Licht: 0","236846","2","4","6","09","08","3","","0","0","1","1","0"
"POINT (13.427381155999999 52.552503788000102)","Unfall 236847 (2022) Kat:2, Licht: 0","236847","2","3","5","08","06","5","","0","1","1","0","0"
"POINT (13.429309747000000 52.486505677000103)","Unfall 236848 (2022) Kat:3, Licht: 0","236848","3","6","2","07","19","5","","0","0","1","0","0"
"POINT (13.275007194000100 52.501041692000101)","Unfall 236849 (2022) Kat:3, Licht: 0","236849","3","6","2","08","16","2","","0","0","1","0","0"
"POINT (13.613241581000100 52.505298826000100)","Unfall 236850 (2022) Kat:2, Licht: 0","236850","2","7","6","07","15","3","","0","0","0","1","0"
"POINT (13.385598622000000 52.516663538000003)","Unfall 236851 (2022) Kat:3, Licht: 0","236851","3","6","3","08","13","4","","0","1","0","0","0"
"POINT (13.333853499000000 52.529295505000100)","Unfall 236852 (2022) Kat:3, Licht: 0","236852","3","7","6","08","08","5","","0","0","0","1","0"
"POINT (13.368217292000100 52.525811155000000)","Unfall 236853 (2022) Kat:3, Licht: 0","236853","3","6","6","07","19","5","","0","1","0","1","0"
"POINT (13.328793829000100 52.609289569000097)","Unfall 236854 (2022) Kat:3, Licht: 0","236854","3","3","0","08","10","6","","0","0","1","0","1"
"POINT (13.387310670000000 52.559990048000003)","Unfall 236855 (2022) Kat:3, Licht: 2","236855","3","5","1","09","01","4","","2","0","1","0","0"
"POINT (13.571879317000000 52.430132606000001)","Unfall 236856 (2022) Kat:3, Licht: 2","236856","3","1","0","08","03","1","","2","1","0","0","0"
"POINT (13.267342352000099 52.409244217999998)","Unfall 236857 (2022) Kat:3, Licht: 0","236857","3","6","3","08","14","4","","0","0","1","0","1"
"POINT (13.512385215000100 52.562952758999998)","Unfall 236858 (2022) Kat:3, Licht: 0","236858","3","3","5","08","07","3","","0","0","1","0","0"
"POINT (13.518953754000099 52.531465733000097)","Unfall 236859 (2022) Kat:3, Licht: 0","236859","3","3","5","07","15","2","","0","0","0","0","0"
"POINT (13.574977428000100 52.446348994000097)","Unfall 236860 (2022) Kat:3, Licht: 0","236860","3","5","1","09","16","6","","0","1","1","0","0"
"POINT (13.385223668000000 52.498586398999997)","Unfall 236861 (2022) Kat:3, Licht: 0","236861","3","3","5","08","07","7","","0","0","1","0","0"
"POINT (13.300271500000100 52.421022127000100)","Unfall 236862 (2022) Kat:3, Licht: 2","236862","3","3","5","09","20","2","","2","0","1","0","1"
"POINT (13.400584679000101 52.394867106000000)","Unfall 236863 (2022) Kat:3, Licht: 0","236863","3","5","1","08","09","4","","0","0","1","0","0"
"POINT (13.477205748000101 52.523130144000000)","Unfall 236864 (2022) Kat:3, Licht: 2","236864","3","1","0","07","21","4","","2","0","0","0","0"
"POINT (13.291802547000000 52.591273469999997)","Unfall 236865 (2022) Kat:2, Licht: 0","236865","2","4","6","07","11","5","","0","0","1","1","0"
"POINT (13.413875244000099 52.552120016000103)","Unfall 236866 (2022) Kat:3, Licht: 2","236866","3","6","0","08","20","1","","2","1","1","0","0"
"POINT (13.560798808000101 52.446374286999998)","Unfall 236867 (2022) Kat:3, Licht: 0","236867","3","3","0","08","07","3","","0","0","0","0","0"
"POINT (13.368201039000001 52.524291443000003)","Unfall 236868 (2022) Kat:3, Licht: 0","236868","3","7","6","07","17","7","","0","0","1","1","0"
"POINT (13.379324963000000 52.507035157000097)","Unfall 236869 (2022) Kat:3, Licht: 0","236869","3","3","5","08","14","5","","0","1","0","0","0"
"POINT (13.465654820000101 52.464837929000097)","Unfall 236870 (2022) Kat:3, Licht: 0","236870","3","7","6","08","16","3","","0","0","0","1","0"
"POINT (13.378537156000000 52.553129235000000)","Unfall 236871 (2022) Kat:3, Licht: 2","236871","3","1","9","09","05","1","","2","0","1","0","0"
"POINT (13.437888760000000 52.520395895000000)","Unfall 236872 (2022) Kat:3, Licht: 0","236872","3","7","5","08","17","1","","0","1","0","0","0"
"POINT (13.441318098000099 52.568558181000100)","Unfall 236873 (2022) Kat:3, Licht: 0","236873","3","3","5","09","18","3","","0","1","1","0","0"
"POINT (13.621726660000000 52.524772845000001)","Unfall 236874 (2022) Kat:3, Licht: 1","236874","3","2","5","08","20","6","","1","1","1","0","0"
"POINT (13.348031416000000 52.548580696999998)","Unfall 236875 (2022) Kat:3, Licht: 2","236875","3","6","2","07","23","7","","2","0","1","0","0"
"POINT (13.231793670000100 52.539172537000098)","Unfall 236876 (2022) Kat:2, Licht: 0","236876","2","4","6","08","07","3","","0","0","1","1","0"
"POINT (13.361001289000100 52.494256719000099)","Unfall 236877 (2022) Kat:3, Licht: 0","236877","3","2","5","07","10","6","","0","0","1","0","1"
"POINT (13.217977840000099 52.508677368000100)","Unfall 236878 (2022) Kat:3, Licht: 0","236878","3","3","5","08","09","6","","0","0","1","0","0"
"POINT (13.249206911000000 52.451833655000001)","Unfall 236879 (2022) Kat:3, Licht: 0","236879","3","7","5","08","08","2","","0","0","1","0","0"
"POINT (13.326462769000001 52.564410979000101)","Unfall 236880 (2022) Kat:3, Licht: 0","236880","3","2","0","08","17","2","","0","0","1","0","0"
"POINT (13.491668517000100 52.492056828999999)","Unfall 236881 (2022) Kat:2, Licht: 0","236881","2","7","0","07","15","3","","0","1","0","0","0"
"POINT (13.123942285000100 52.528306171000096)","Unfall 236882 (2022) Kat:3, Licht: 0","236882","3","6","2","07","16","4","","0","0","1","0","0"
"POINT (13.421155594000000 52.545097269000102)","Unfall 236883 (2022) Kat:3, Licht: 2","236883","3","1","9","08","02","7","","2","0","1","0","0"
"POINT (13.328332231999999 52.522254685000100)","Unfall 236884 (2022) Kat:2, Licht: 0","236884","2","2","5","08","18","2","","0","1","1","0","0"
"POINT (13.509316092000100 52.546351399000102)","Unfall 236885 (2022) Kat:2, Licht: 0","236885","2","2","5","07","08","6","","0","1","1","0","0"
"POINT (13.356543139999999 52.542107919000003)","Unfall 236886 (2022) Kat:3, Licht: 0","236886","3","7","2","08","07","4","","0","1","1","0","0"
"POINT (13.344279672000001 52.538154135000099)","Unfall 236887 (2022) Kat:3, Licht: 0","236887","3","6","3","09","09","6","","0","0","0","0","1"
"POINT (13.347430858000100 52.437382350000100)","Unfall 236888 (2022) Kat:3, Licht: 0","236888","3","6","2","08","08","3","","0","0","1","0","0"
"POINT (13.260818991000100 52.497420138000102)","Unfall 236889 (2022) Kat:3, Licht: 0","236889","3","5","1","09","17","7","","0","1","1","0","0"
"POINT (13.416877112000099 52.543110673000101)","Unfall 236890 (2022) Kat:3, Licht: 0","236890","3","7","6","09","06","3","","0","1","0","1","0"
"POINT (13.245066995000100 52.538447390999998)","Unfall 236891 (2022) Kat:3, Licht: 0","236891","3","6","2","08","17","5","","0","0","1","0","0"
"POINT (13.358341722000000 52.596801487000100)","Unfall 236892 (2022) Kat:2, Licht: 0","236892","2","4","6","08","16","2","","0","0","1","1","0"
"POINT (13.472802382000101 52.437688375000100)","Unfall 236893 (2022) Kat:3, Licht: 0","236893","3","7","2","07","14","5","","0","0","0","0","1"
"POINT (13.405532747000100 52.493474501999998)","Unfall 236894 (2022) Kat:3, Licht: 0","236894","3","6","2","08","14","5","","0","0","1","0","1"
"POINT (13.448219505999999 52.512314699999997)","Unfall 236895 (2022) Kat:3, Licht: 1","236895","3","3","5","08","20","6","","1","0","1","0","1"
"POINT (13.416669229000000 52.521869141000103)","Unfall 236896 (2022) Kat:3, Licht: 2","236896","3","1","0","07","22","1","","2","0","0","0","0"
"POINT (13.364081904000001 52.498061447000097)","Unfall 236897 (2022) Kat:3, Licht: 0","236897","3","7","0","08","09","5","","0","0","0","1","0"
"POINT (13.341204484000100 52.505425962000103)","Unfall 236898 (2022) Kat:3, Licht: 0","236898","3","6","2","08","14","1","","0","0","1","0","0"
"POINT (13.228510046000100 52.528229007999997)","Unfall 236899 (2022) Kat:3, Licht: 0","236899","3","2","2","08","09","3","","0","0","1","0","0"
"POINT (13.299302045999999 52.447882676000098)","Unfall 236900 (2022) Kat:3, Licht: 0","236900","3","2","5","09","19","5","","0","1","1","0","0"
"POINT (13.351448699000100 52.509761577000098)","Unfall 236901 (2022) Kat:3, Licht: 0","236901","3","3","5","08","18","2","","0","0","1","0","0"
"POINT (13.363498340000000 52.497687382000002)","Unfall 236902 (2022) Kat:3, Licht: 0","236902","3","4","0","08","16","4","","0","1","0","1","0"
"POINT (13.385244083000000 52.448059893999996)","Unfall 236903 (2022) Kat:3, Licht: 0","236903","3","3","5","07","09","5","","0","0","1","0","1"
"POINT (13.411537646000101 52.491242106000101)","Unfall 236904 (2022) Kat:3, Licht: 0","236904","3","3","5","09","19","5","","0","1","0","0","0"
"POINT (13.408327365000000 52.452998780000001)","Unfall 236905 (2022) Kat:3, Licht: 2","236905","3","1","1","07","23","2","","2","1","1","0","0"
"POINT (13.346473081000100 52.570829539000002)","Unfall 236906 (2022) Kat:3, Licht: 0","236906","3","3","5","08","06","5","","0","1","0","0","0"
"POINT (13.388461057000001 52.456780695000099)","Unfall 236907 (2022) Kat:3, Licht: 0","236907","3","2","5","09","08","2","","0","1","1","0","0"
"POINT (13.385771146000000 52.558101490000098)","Unfall 236908 (2022) Kat:3, Licht: 0","236908","3","7","5","08","05","5","","0","1","1","0","0"
"POINT (13.613064034000001 52.500281371000000)","Unfall 236909 (2022) Kat:3, Licht: 0","236909","3","3","5","07","12","4","","0","1","1","0","0"
"POINT (13.427930622000099 52.488253229000101)","Unfall 236910 (2022) Kat:2, Licht: 0","236910","2","3","5","07","15","5","","0","1","1","0","0"
"POINT (13.363759105000000 52.528494828000099)","Unfall 236911 (2022) Kat:3, Licht: 0","236911","3","7","6","08","11","1","","0","0","0","1","0"
"POINT (13.593711078000100 52.528956160000099)","Unfall 236912 (2022) Kat:2, Licht: 0","236912","2","4","6","07","15","4","","0","0","1","1","0"
"POINT (13.520099721000101 52.426865114000101)","Unfall 236913 (2022) Kat:2, Licht: 0","236913","2","2","5","08","07","4","","0","0","1","0","1"