WKT,Name,OBJECTID,UKATEGORIE,UTYP1,UART,UMONAT,USTUNDE,UWOCHENTAG,STRZUSTAND,ULICHTVERH,ISTRAD,ISTPKW,ISTFUSS,ISTKRAD
"POINT (13.375656335000000 52.536507741000001)","Unfall 236914 (2022) Kat:3, Licht: 0","236914","3","3","5","08","11","6","","0","0","1","0","0"
"POINT (13.341436725000101 52.505784470999998)","Unfall 236915 (2022) Kat:3, Licht: 0","236915","3","2","5","07","15","5","","0","1","1","0","0"
"POINT (13.204463541000100 52.540068426000097)","Unfall 236916 (2022) Kat:3, Licht: 2","236916","3","6","2","08","21","2","","2","0","1","0","1"
"POINT (13.292813630000101 52.507445752000102)","Unfall 236917 (2022) Kat:3, Licht: 2","236917","3","5","1","09","21","4","","2","0","1","0","1"
"POINT (13.388933348000000 52.515621187000100)","Unfall 236918 (2022) Kat:2, Licht: 2","236918","2","2","2","08","04","1","","2","0","1","0","0"
"POINT (13.382592766000100 52.530452577000098)","Unfall 236919 (2022) Kat:3, Licht: 2","236919","3","1","0","07","01","1","","2","1","0","0","0"
"POINT (13.410972169000001 52.503826844000102)","Unfall 236920 (2022) Kat:3, Licht: 0","236920","3","2","5","08","18","3","","0","1","1","0","0"
"POINT (13.519204299000000 52.531370676999998)","Unfall 236921 (2022) Kat:3, Licht: 0","236921","3","1","0","08","13","4","","0","1","0","0","0"
"POINT (13.348517995000099 52.463016095000100)","Unfall 236922 (2022) Kat:3, Licht: 2","236922","3","3","5","07","22","6","","2","0","1","0","0"
"POINT (13.512254787000099 52.470747752000101)","Unfall 236923 (2022) Kat:2, Licht: 0","236923","2","7","5","09","11","6","","0","0","1","0","1"
"POINT (13.414867150000100 52.543377710000101)","Unfall 236924 (2022) Kat:2, Licht: 2","236924","2","1","0","08","01","6","","2","1","0","0","0"
"POINT (13.520795126000101 52.464041617000099)","Unfall 236925 (2022) Kat:3, Licht: 0","236925","3","7","0","08","15","3","","0","1","0","0","0"
"POINT (13.324001991999999 52.495946248999999)","Unfall 236926 (2022) Kat:3, Licht: 0","236926","3","5","1","07","16","3","","0","1","1","0","0"
"POINT (13.600219248000000 52.476439716000101)","Unfall 236927 (2022) Kat:3, Licht: 0","236927","3","4","6","08","09","7","","0","1","0","1","0"
"POINT (13.336284949000101 52.514968539999998)","Unfall 236928 (2022) Kat:3, Licht: 0","236928","3","3","5","08","07","3","","0","1","1","0","0"
"POINT (13.291661847000100 52.519097932000101)","Unfall 236929 (2022) Kat:3, Licht: 0","236929","3","3","5","07","09","1","","0","1","1","0","0"
"POINT (13.298556581000099 52.421975983000003)","Unfall 236930 (2022) Kat:3, Licht: 0","236930","3","2","0","08","08","4","","0","0","0","0","1"
"POINT (13.261295569000000 52.410909284000098)","Unfall 236931 (2022) Kat:3, Licht: 0","236931","3","3","5","08","18","3","","0","1","1","0","0"
"POINT (13.395163095999999 52.517255687000002)","Unfall 236932 (2022) Kat:3, Licht: 0","236932","3","3","5","09","08","2","","0","1","1","0","0"
"POINT (13.287704539000099 52.585412109000103)","Unfall 236933 (2022) Kat:3, Licht: 0","236933","3","1","0","09","16","3","","0","0","0","0","0"
"POINT (13.572499172000100 52.567053760000100)","Unfall 236934 (2022) Kat:3, Licht: 2","236934","3","4","6","08","02","7","","2","1","0","1","0"
"POINT (13.115756276000100 52.456621621000103)","Unfall 236935 (2022) Kat:3, Licht: 0","236935","3","1","0","07","12","1","","0","0","1","0","0"
"POINT (13.185496212000000 52.551522631000097)","Unfall 236936 (2022) Kat:3, Licht: 0","236936","3","3","5","08","07","3","","0","0","1","0","0"
"POINT (13.371704552000001 52.555078344000002)","Unfall 236937 (2022) Kat:3, Licht: 0","236937","3","3","5","07","08","5","","0","0","0","0","1"
"POINT (13.360487150000001 52.596912680000102)","Unfall 236938 (2022) Kat:3, Licht: 0","236938","3","2","5","08","16","5","","0","0","1","0","1"
"POINT (13.223630267000001 52.429907265000097)","Unfall 236939 (2022) Kat:3, Licht: 0","236939","3","7","5","08","19","1","","0","1","1","0","0"
"POINT (13.519645397000000 52.505890446000102)","Unfall 236940 (2022) Kat:3, Licht: 0","236940","3","2","5","08","13","2","","0","0","1","0","0"
"POINT (13.275087932000099 52.597935762000098)","Unfall 236941 (2022) Kat:3, Licht: 0","236941","3","1","0","07","13","3","","0","0","0","0","1"
"POINT (13.511856878000099 52.550769423000098)","Unfall 236942 (2022) Kat:3, Licht: 0","236942","3","1","0","08","12","4","","0","0","0","0","1"
"POINT (13.439139339000100 52.489378017000000)","Unfall 236943 (2022) Kat:3, Licht: 0","236943","3","1","0","07","10","7","","0","0","0","0","1"
"POINT (13.430477784000100 52.469130497999998)","Unfall 236944 (2022) Kat:3, Licht: 0","236944","3","2","5","09","10","6","","0","1","1","0","0"
"POINT (13.372575401000100 52.568251160000003)","Unfall 236945 (2022) Kat:2, Licht: 2","236945","2","1","0","08","21","6","","2","0","0","0","1"
"POINT (13.390953878000101 52.555493433999999)","Unfall 236946 (2022) Kat:3, Licht: 0","236946","3","5","1","09","06","1","","0","0","1","0","0"
"POINT (13.458108272000100 52.525504843000100)","Unfall 236947 (2022) Kat:3, Licht: 0","236947","3","2","5","08","14","4","","0","1","1","0","0"
"POINT (13.369083191000099 52.521694647000103)","Unfall 236948 (2022) Kat:3, Licht: 0","236948","3","6","0","07","19","3","","0","1","0","0","0"
"POINT (13.294554384000000 52.534675520000100)","Unfall 236949 (2022) Kat:3, Licht: 0","236949","3","6","2","08","15","6","","0","0","1","0","1"
"POINT (13.336228717999999 52.430691426000102)","Unfall 236950 (2022) Kat:3, Licht: 0","236950","3","3","5","08","15","3","","0","0","1","0","1"
"POINT (13.310610332000101 52.421187838000002)","Unfall 236951 (2022) Kat:2, Licht: 0","236951","2","2","5","07","17","7","","0","0","1","0","0"
"POINT (13.401340683000100 52.463625690000100)","Unfall 236952 (2022) Kat:3, Licht: 0","236952","3","6","3","08","10","5","","0","1","1","0","0"
"POINT (13.551476542000000 52.428655316000103)","Unfall 236953 (2022) Kat:3, Licht: 0","236953","3","2","5","08","17","3","","0","1","1","0","0"
"POINT (13.537414935000101 52.459557007999997)","Unfall 236954 (2022) Kat:3, Licht: 0","236954","3","5","1","09","13","1","","0","1","1","0","0"
"POINT (13.349600805000000 52.449651840999998)","Unfall 236955 (2022) Kat:3, Licht: 0","236955","3","7","5","09","07","4","","0","1","0","0","0"
"POINT (13.427769442000100 52.567604207000002)","Unfall 236956 (2022) Kat:3, Licht: 0","236956","3","6","3","08","12","7","","0","0","1","0","1"
"POINT (13.578948153000100 52.438930972999998)","Unfall 236957 (2022) Kat:3, Licht: 0","236957","3","3","0","07","12","7","","0","1","0","0","0"
"POINT (13.246974724999999 52.538099867000000)","Unfall 236958 (2022) Kat:3, Licht: 0","236958","3","6","2","08","19","3","","0","0","1","0","0"
"POINT (13.280366053000000 52.518293522000100)","Unfall 236959 (2022) Kat:2, Licht: 0","236959","2","2","5","07","08","6","","0","1","1","0","0"
"POINT (13.379513524000100 52.523267266000097)","Unfall 236960 (2022) Kat:3, Licht: 2","236960","3","5","1","08","21","6","","2","1","1","0","0"
"POINT (13.315224692000101 52.448260624000099)","Unfall 236961 (2022) Kat:2, Licht: 0","236961","2","4","6","08","19","7","","0","1","0","1","0"
"POINT (13.367987809000100 52.526151573000000)","Unfall 236962 (2022) Kat:3, Licht: 0","236962","3","6","0","08","20","3","","0","0","1","0","1"
"POINT (13.371816570000000 52.509278595000097)","Unfall 236963 (2022) Kat:3, Licht: 2","236963","3","2","3","07","23","4","","2","1","1","0","0"
"POINT (13.407857021000000 52.386675412000002)","Unfall 236964 (2022) Kat:3, Licht: 0","236964","3","3","5","08","15","6","","0","1","1","0","0"
"POINT (13.287165106000000 52.432475295000103)","Unfall 236965 (2022) Kat:3, Licht: 0","236965","3","3","5","08","09","2","","0","1","1","0","0"
"POINT (13.271067854000000 52.510077729999999)","Unfall 236966 (2022) Kat:3, Licht: 0","236966","3","6","2","07","10","6","","0","1","1","0","0"
"POINT (13.394922164000000 52.493349004999999)","Unfall 236967 (2022) Kat:3, Licht: 0","236967","3","2","5","08","17","4","","0","0","1","0","1"
"POINT (13.383452597000000 52.533952796000101)","Unfall 236968 (2022) Kat:3, Licht: 0","236968","3","1","0","09","08","6","","0","0","0","0","1"
"POINT (13.387077497000099 52.527227765000099)","Unfall 236969 (2022) Kat:3, Licht: 0","236969","3","3","5","08","05","3","","0","1","1","0","0"
"POINT (13.385172904000100 52.466081901999999)","Unfall 236970 (2022) Kat:2, Licht: 0","236970","2","7","5","09","06","6","","0","0","0","0","1"
"POINT (13.438682832000000 52.542518106999999)","Unfall 236971 (2022) Kat:3, Licht: 0","236971","3","5","1","08","14","3","","0","1","1","0","0"
"POINT (13.431999861000101 52.499537783000100)","Unfall 236972 (2022) Kat:3, Licht: 0","236972","3","2","5","09","06","5","","0","1","1","0","0"
"POINT (13.345175503000100 52.539128063000099)","Unfall 236973 (2022) Kat:3, Licht: 0","236973","3","2","5","09","08","3","","0","1","1","0","0"
"POINT (13.369602935000000 52.559605220999998)","Unfall 236974 (2022) Kat:3, Licht: 0","236974","3","6","2","08","17","5","","0","1","1","0","0"
"POINT (13.489686857000001 52.512354883000100)","Unfall 236975 (2022) Kat:3, Licht: 0","236975","3","2","5","08","12","2","","0","1","0","0","0"
"POINT (13.368394070000001 52.474601796000101)","Unfall 236976 (2022) Kat:3, Licht: 0","236976","3","2","5","07","08","6","","0","0","1","0","1"
"POINT (13.321736475000000 52.560517550000000)","Unfall 236977 (2022) Kat:3, Licht: 0","236977","3","2","5","08","16","5","","0","0","1","0","0"
"POINT (13.521760689000100 52.501018580999997)","Unfall 236978 (2022) Kat:3, Licht: 2","236978","3","6","3","08","03","7","","2","0","1","0","0"
"POINT (13.320750503999999 52.477410728999999)","Unfall 236979 (2022) Kat:3, Licht: 0","236979","3","7","0","07","06","1","","0","1","0","0","1"
"POINT (13.443735721000101 52.464128560000098)","Unfall 236980 (2022) Kat:3, Licht: 2","236980","3","6","2","08","21","5","","2","0","1","0","0"
"POINT (13.448672129000000 52.564620001999998)","Unfall 236981 (2022) Kat:2, Licht: 0","236981","2","6","4","08","16","1","","0","0","1","0","0"
"POINT (13.446385354000000 52.553589469000002)","Unfall 236982 (2022) Kat:3, Licht: 0","236982","3","3","5","08","11","4","","0","1","0","0","0"
"POINT (13.307978845999999 52.602791805000003)","Unfall 236983 (2022) Kat:3, Licht: 0","236983","3","3","5","09","15","5","","0","0","1","0","0"
"POINT (13.452614590000101 52.534085656000101)","Unfall 236984 (2022) Kat:2, Licht: 0","236984","2","2","5","08","05","2","","0","0","1","0","1"
"POINT (13.416269302000000 52.550063895999997)","Unfall 236985 (2022) Kat:3, Licht: 0","236985","3","6","2","08","16","4","","0","1","0","0","0"
"POINT (13.426196662000100 52.477434237000097)","Unfall 236986 (2022) Kat:3, Licht: 0","236986","3","6","3","08","19","4","","0","1","1","0","0"
"POINT (13.171929991000100 52.550110750000002)","Unfall 236987 (2022) Kat:2, Licht: 0","236987","2","7","5","07","20","1","","0","0","1","0","0"
"POINT (13.441567651000099 52.543311283000001)","Unfall 236988 (2022) Kat:2, Licht: 0","236988","2","4","6","08","19","5","","0","1","0","1","0"
"POINT (13.385840889000100 52.520482229000002)","Unfall 236989 (2022) Kat:3, Licht: 0","236989","3","4","6","09","14","2","","0","1","0","1","0"
"POINT (13.237366561000000 52.611577780000097)","Unfall 236990 (2022) Kat:3, Licht: 0","236990","3","3","5","08","10","5","","0","0","1","0","0"
"POINT (13.583851082000001 52.514994362000003)","Unfall 236991 (2022) Kat:2, Licht: 0","236991","2","2","6","07","11","5","","0","0","1","1","0"
"POINT (13.560351410000100 52.562233590000098)","Unfall 236992 (2022) Kat:3, Licht: 0","236992","3","2","5","07","08","5","","0","0","1","0","0"
"POINT (13.402795209000001 52.596787601000102)","Unfall 236993 (2022) Kat:2, Licht: 0","236993","2","3","5","08","15","2","","0","0","1","0","1"
"POINT (13.184273133000000 52.547543976999997)","Unfall 236994 (2022) Kat:3, Licht: 0","236994","3","6","2","07","17","3","","0","0","1","0","0"
"POINT (13.313319027000000 52.500735243000101)","Unfall 236995 (2022) Kat:3, Licht: 0","236995","3","2","0","08","17","4","","0","0","1","0","1"
"POINT (13.195527990000100 52.533561199000097)","Unfall 236996 (2022) Kat:3, Licht: 0","236996","3","2","5","08","16","5","","0","1","1","0","0"
"POINT (13.359985822000100 52.484986872000000)","Unfall 236997 (2022) Kat:3, Licht: 0","236997","3","1","0","07","18","6","","0","0","0","0","1"
"POINT (13.159316589000101 52.529638426000098)","Unfall 236998 (2022) Kat:3, Licht: 0","236998","3","3","5","08","18","2","","0","1","1","0","0"
"POINT (13.174776090000000 52.520364834000098)","Unfall 236999 (2022) Kat:2, Licht: 0","236999","2","2","5","09","16","4","","0","0","0","0","0"
"POINT (13.378311242000100 52.565716739999999)","Unfall 237000 (2022) Kat:3, Licht: 0","237000","3","6","3","08","17","7","","0","1","1","0","0"
"POINT (13.236597720000100 52.440090864000098)","Unfall 237001 (2022) Kat:3, Licht: 0","237001","3","3","5","08","06","4","","0","1","1","0","0"
"POINT (13.343998860999999 52.532177374000099)","Unfall 237002 (2022) Kat:3, Licht: 0","237002","3","3","5","08","14","4","","0","1","1","0","0"
"POINT (13.514717526000000 52.462286184000000)","Unfall 237003 (2022) Kat:3, Licht: 0","237003","3","6","2","07","11","6","","0","0","1","0","0"
"POINT (13.478173607000000 52.417749483000101)","Unfall 237004 (2022) Kat:3, Licht: 1","237004","3","3","5","09","20","6","","1","1","1","0","0"
"POINT (13.153498427000001 52.553376128000103)","Unfall 237005 (2022) Kat:3, Licht: 0","237005","3","2","5","08","11","6","","0","0","1","0","0"
"POINT (13.376930266000000 52.559598840000000)","Unfall 237006 (2022) Kat:3, Licht: 0","237006","3","5","1","08","10","4","","0","0","1","0","0"
"POINT (13.738413798000099 52.428877726000103)","Unfall 237007 (2022) Kat:3, Licht: 2","237007","3","6","2","07","22","4","","2","1","1","0","0"
"POINT (13.500353244999999 52.403686707000098)","Unfall 237008 (2022) Kat:3, Licht: 0","237008","3","1","0","07","07","3","","0","0","0","0","1"
"POINT (13.190555120999999 52.546500525000098)","Unfall 237009 (2022) Kat:3, Licht: 0","237009","3","1","0","08","17","6","","0","0","0","0","1"
"POINT (13.351229284000100 52.509732831000100)","Unfall 237010 (2022) Kat:2, Licht: 0","237010","2","3","5","08","19","2","","0","0","1","0","0"
"POINT (13.398234287999999 52.527293090999997)","Unfall 237011 (2022) Kat:3, Licht: 0","237011","3","5","1","07","10","7","","0","0","1","0","0"
"POINT (13.599101419000000 52.547371136000002)","Unfall 237012 (2022) Kat:3, Licht: 0","237012","3","6","2","08","15","4","","0","0","1","0","0"
"POINT (13.434506543000101 52.531965485999997)","Unfall 237013 (2022) Kat:2, Licht: 0","237013","2","3","5","08","17","3","","0","0","1","0","0"
"POINT (13.195054859000001 52.544915197000101)","Unfall 237014 (2022) Kat:3, Licht: 0","237014","3","3","5","09","11","7","","0","0","1","0","0"
"POINT (13.592713259000000 52.484553876000099)","Unfall 237015 (2022) Kat:3, Licht: 0","237015","3","3","5","09","10","3","","0","0","1","0","0"
"POINT (13.320086124000101 52.471567501999999)","Unfall 237016 (2022) Kat:3, Licht: 2","237016","3","2","5","08","21","6","","2","1","1","0","0"
"POINT (13.278490788000100 52.471069241000102)","Unfall 237017 (2022) Kat:2, Licht: 0","237017","2","2","5","07","09","6","","0","0","1","0","0"
"POINT (13.446055083999999 52.474034832000001)","Unfall 237018 (2022) Kat:3, Licht: 0","237018","3","4","0","08","15","3","","0","0","0","1","1"
"POINT (13.409751691000100 52.387439366000102)","Unfall 237019 (2022) Kat:3, Licht: 0","237019","3","2","5","07","18","5","","0","1","1","0","0"
"POINT (13.419160479000000 52.501092812000103)","Unfall 237020 (2022) Kat:3, Licht: 0","237020","3","6","2","08","17","4","","0","1","1","0","0"
"POINT (13.415036472000100 52.515775979000097)","Unfall 237021 (2022) Kat:3, Licht: 0","237021","3","2","5","08","13","6","","0","1","1","0","0"
"POINT (13.517125010000001 52.481762150000101)","Unfall 237022 (2022) Kat:3, Licht: 2","237022","3","3","5","07","23","3","","2","0","1","0","0"
"POINT (13.322545137000100 52.486610495000001)","Unfall 237023 (2022) Kat:3, Licht: 0","237023","3","4","6","07","05","3","","0","1","0","1","0"
"POINT (13.376285514000100 52.458754134000102)","Unfall 237024 (2022) Kat:3, Licht: 0","237024","3","6","3","08","10","6","","0","1","0","0","0"
"POINT (13.451904032000099 52.508394053000103)","Unfall 237025 (2022) Kat:3, Licht: 0","237025","3","5","1","08","14","2","","0","1","1","0","0"
"POINT (13.428783147000001 52.581525412000097)","Unfall 237026 (2022) Kat:2, Licht: 0","237026","2","6","4","08","15","3","","0","1","0","0","0"
"POINT (13.386352475000001 52.549536355999997)","Unfall 237027 (2022) Kat:3, Licht: 0","237027","3","3","5","09","18","5","","0","0","1","0","1"
"POINT (13.337024258000000 52.434130385000103)","Unfall 237028 (2022) Kat:3, Licht: 0","237028","3","5","1","08","15","2","","0","1","1","0","0"
"POINT (13.440980698000001 52.482345332000101)","Unfall 237029 (2022) Kat:3, Licht: 0","237029","3","5","1","09","13","7","","0","1","0","0","0"
"POINT (13.327921076999999 52.450141848000001)","Unfall 237030 (2022) Kat:3, Licht: 0","237030","3","5","1","08","06","4","","0","1","0","0","0"
"POINT (13.328382426000100 52.565231580000003)","Unfall 237031 (2022) Kat:2, Licht: 0","237031","2","4","6","09","07","5","","0","0","1","1","0"
"POINT (13.360909575999999 52.494261617000099)","Unfall 237032 (2022) Kat:3, Licht: 1","237032","3","3","5","09","20","3","","1","0","1","0","0"
"POINT (13.371252564000001 52.558735546999998)","Unfall 237033 (2022) Kat:3, Licht: 0","237033","3","2","2","08","18","5","","0","0","1","0","0"
"POINT (13.384318710000100 52.550740898000100)","Unfall 237034 (2022) Kat:3, Licht: 0","237034","3","2","5","08","17","2","","0","1","1","0","0"
"POINT (13.428591391000101 52.498535955000101)","Unfall 237035 (2022) Kat:3, Licht: 2","237035","3","6","2","07","01","3","","2","0","1","0","0"
"POINT (13.347097149000000 52.596795848000099)","Unfall 237036 (2022) Kat:3, Licht: 0","237036","3","2","5","08","18","4","","0","0","1","0","0"
"POINT (13.401057122000100 52.414448731999997)","Unfall 237037 (2022) Kat:3, Licht: 0","237037","3","3","5","08","15","5","","0","0","1","0","0"
"POINT (13.259885718000000 52.428995966000102)","Unfall 237038 (2022) Kat:3, Licht: 0","237038","3","6","2","07","12","1","","0","0","1","0","0"
"POINT (13.340111417999999 52.487981800000099)","Unfall 237039 (2022) Kat:3, Licht: 0","237039","3","6","0","08","12","7","","0","0","1","0","1"
"POINT (13.422567920000100 52.559863976000003)","Unfall 237040 (2022) Kat:3, Licht: 0","237040","3","3","5","09","17","5","","0","1","1","0","0"
"POINT (13.317234579999999 52.528767039999998)","Unfall 237041 (2022) Kat:2, Licht: 0","237041","2","1","1","08","19","1","","0","0","1","0","1"
"POINT (13.388251338000000 52.561020706000100)","Unfall 237042 (2022) Kat:3, Licht: 0","237042","3","2","0","08","06","4","","0","1","1","0","0"
"POINT (13.337120279000001 52.505195301000100)","Unfall 237043 (2022) Kat:3, Licht: 0","237043","3","7","0","08","10","4","","0","1","0","1","0"
"POINT (13.381725072000100 52.556233175999999)","Unfall 237044 (2022) Kat:3, Licht: 1","237044","3","3","5","08","19","5","","1","1","0","0","0"
"POINT (13.405467287000000 52.496918750000098)","Unfall 237045 (2022) Kat:3, Licht: 0","237045","3","5","1","08","16","7","","0","1","1","0","0"
"POINT (13.413053631000000 52.382863252999996)","Unfall 237046 (2022) Kat:3, Licht: 0","237046","3","2","5","10","11","6","","0","1","1","0","0"
"POINT (13.415596150000100 52.527237229000001)","Unfall 237047 (2022) Kat:3, Licht: 0","237047","3","2","5","09","10","1","","0","1","1","0","0"
"POINT (13.383976276000100 52.510386900000100)","Unfall 237048 (2022) Kat:3, Licht: 0","237048","3","5","1","10","14","7","","0","1","1","0","0"
"POINT (13.287823407000101 52.496068332999997)","Unfall 237049 (2022) Kat:3, Licht: 0","237049","3","2","5","09","10","4","","0","1","1","0","0"
"POINT (13.131556926000000 52.391767731000101)","Unfall 237050 (2022) Kat:3, Licht: 0","237050","3","2","4","09","12","4","","0","1","1","0","0"
"POINT (13.522989333000099 52.484962020000097)","Unfall 237051 (2022) Kat:3, Licht: 0","237051","3","6","2","10","11","6","","0","0","1","0","0"
"POINT (13.481540172000100 52.502022873999998)","Unfall 237052 (2022) Kat:3, Licht: 2","237052","3","2","5","09","19","4","","2","1","1","0","0"
"POINT (13.408336838000000 52.572290386000098)","Unfall 237053 (2022) Kat:3, Licht: 0","237053","3","2","5","09","17","7","","0","1","1","0","0"
"POINT (13.196982643000100 52.549520104000102)","Unfall 237054 (2022) Kat:3, Licht: 2","237054","3","5","1","10","22","3","","2","1","1","0","0"
"POINT (13.270530517000100 52.450824810000000)","Unfall 237055 (2022) Kat:3, Licht: 2","237055","3","2","6","10","20","3","","2","0","1","1","0"
"POINT (13.297040638000100 52.452225308000003)","Unfall 237056 (2022) Kat:3, Licht: 0","237056","3","2","5","09","14","6","","0","1","1","0","0"
"POINT (13.432075950000099 52.466447059000103)","Unfall 237057 (2022) Kat:3, Licht: 0","237057","3","2","5","10","15","6","","0","1","1","0","0"
"POINT (13.316547860000099 52.478258687999997)","Unfall 237058 (2022) Kat:3, Licht: 0","237058","3","6","2","09","17","7","","0","0","1","0","0"
"POINT (13.493599225000001 52.410448964000103)","Unfall 237059 (2022) Kat:2, Licht: 0","237059","2","6","3","09","09","6","","0","1","0","0","0"
"POINT (13.313463991000001 52.515175902000102)","Unfall 237060 (2022) Kat:3, Licht: 0","237060","3","2","5","09","08","3","","0","1","1","0","0"
"POINT (13.296304651000099 52.498616023000103)","Unfall 237061 (2022) Kat:3, Licht: 0","237061","3","3","5","09","10","4","","0","1","1","0","0"
"POINT (13.643057933000000 52.456025771999997)","Unfall 237062 (2022) Kat:3, Licht: 0","237062","3","2","5","10","10","4","","0","0","0","0","0"
"POINT (13.405903453000100 52.489513563999999)","Unfall 237063 (2022) Kat:3, Licht: 0","237063","3","2","5","09","09","4","","0","1","1","0","0"
"POINT (13.597961871000100 52.543894098000102)","Unfall 237064 (2022) Kat:1, Licht: 0","237064","1","4","6","10","16","5","","0","0","0","1","0"
"POINT (13.478222789000000 52.536065614000101)","Unfall 237065 (2022) Kat:3, Licht: 0","237065","3","3","5","09","11","6","","0","1","1","0","0"
"POINT (13.506202909000001 52.453885155000101)","Unfall 237066 (2022) Kat:3, Licht: 0","237066","3","2","5","10","15","2","","0","1","1","0","0"
"POINT (13.494197033000001 52.534046778000103)","Unfall 237067 (2022) Kat:3, Licht: 2","237067","3","6","2","10","21","1","","2","0","1","0","0"
"POINT (13.442388440000100 52.465768291000103)","Unfall 237068 (2022) Kat:3, Licht: 0","237068","3","2","5","09","16","4","","0","1","1","0","0"
"POINT (13.506332038000000 52.471595462000003)","Unfall 237069 (2022) Kat:3, Licht: 0","237069","3","6","2","09","11","3","","0","0","1","0","0"
"POINT (13.416762917000000 52.521829696000097)","Unfall 237070 (2022) Kat:3, Licht: 0","237070","3","1","0","10","13","4","","0","0","0","0","0"
"POINT (13.214697813000001 52.559915693000100)","Unfall 237071 (2022) Kat:3, Licht: 0","237071","3","3","5","09","07","5","","0","1","1","0","0"
"POINT (13.377661480000000 52.507719704000102)","Unfall 237072 (2022) Kat:3, Licht: 2","237072","3","6","3","10","19","5","","2","1","1","0","0"
"POINT (13.569568104000000 52.452833431000002)","Unfall 237073 (2022) Kat:3, Licht: 2","237073","3","2","5","09","00","1","","2","0","1","0","0"
"POINT (13.370737636000101 52.422417279000101)","Unfall 237074 (2022) Kat:3, Licht: 0","237074","3","6","3","09","17","5","","0","0","1","0","0"
"POINT (13.255954124000001 52.435910061000101)","Unfall 237075 (2022) Kat:3, Licht: 0","237075","3","3","5","10","13","2","","0","1","1","0","0"
"POINT (13.409027338000000 52.524444442000103)","Unfall 237076 (2022) Kat:3, Licht: 2","237076","3","5","1","09","20","1","","2","1","1","0","0"
"POINT (13.414824589000000 52.507606260999999)","Unfall 237077 (2022) Kat:3, Licht: 2","237077","3","5","1","10","20","7","","2","1","1","0","0"
"POINT (13.202414682000001 52.546495311999998)","Unfall 237078 (2022) Kat:2, Licht: 0","237078","2","3","5","09","15","3","","0","1","1","0","0"
"POINT (13.516674540000100 52.505617081000103)","Unfall 237079 (2022) Kat:3, Licht: 0","237079","3","3","5","10","16","6","","0","0","1","0","1"
"POINT (13.396349314000100 52.493097913000000)","Unfall 237080 (2022) Kat:3, Licht: 2","237080","3","5","1","09","21","1","","2","1","1","0","0"
"POINT (13.431730117000001 52.505857656000003)","Unfall 237081 (2022) Kat:2, Licht: 0","237081","2","6","3","09","07","2","","0","1","0","0","0"
"POINT (13.479720225000101 52.523890123999998)","Unfall 237082 (2022) Kat:3, Licht: 0","237082","3","7","6","10","08","4","","0","0","1","1","0"
"POINT (13.361015858000000 52.495922379000000)","Unfall 237083 (2022) Kat:3, Licht: 1","237083","3","2","6","10","18","3","","1","0","1","1","0"
"POINT (13.371958900999999 52.469881670000099)","Unfall 237084 (2022) Kat:3, Licht: 0","237084","3","2","5","09","15","6","","0","1","0","0","0"
"POINT (13.539134686000100 52.450906525000100)","Unfall 237085 (2022) Kat:2, Licht: 0","237085","2","4","6","09","15","3","","0","0","0","1","0"
"POINT (13.336793417000001 52.454211958000002)","Unfall 237086 (2022) Kat:3, Licht: 0","237086","3","3","5","10","15","6","","0","1","1","0","0"
"POINT (13.428096359000101 52.473416768000000)","Unfall 237087 (2022) Kat:3, Licht: 1","237087","3","2","5","09","19","7","","1","0","1","0","1"
"POINT (13.384206300000100 52.509978285999999)","Unfall 237088 (2022) Kat:3, Licht: 0","237088","3","2","2","09","11","6","","0","0","1","0","0"
"POINT (13.453820236000100 52.455327237000098)","Unfall 237089 (2022) Kat:2, Licht: 0","237089","2","2","5","09","07","3","","0","1","1","0","0"
"POINT (13.455420480000001 52.453089581000000)","Unfall 237090 (2022) Kat:3, Licht: 0","237090","3","2","5","09","08","4","","0","1","1","0","0"
"POINT (13.368660234000100 52.493129897000102)","Unfall 237091 (2022) Kat:3, Licht: 0","237091","3","7","5","10","13","5","","0","0","1","0","1"
"POINT (13.199398210000000 52.532593877000103)","Unfall 237092 (2022) Kat:3, Licht: 0","237092","3","6","3","09","10","4","","0","0","1","0","0"
"POINT (13.541334074000099 52.435499761000102)","Unfall 237093 (2022) Kat:3, Licht: 0","237093","3","2","5","09","09","3","","0","0","1","0","1"
"POINT (13.442706859000101 52.454817558999999)","Unfall 237094 (2022) Kat:3, Licht: 0","237094","3","3","5","09","14","6","","0","1","1","0","0"
"POINT (13.399817203000101 52.529558512999998)","Unfall 237095 (2022) Kat:3, Licht: 2","237095","3","5","1","10","20","2","","2","1","1","0","0"
"POINT (13.583654775000101 52.462957549000102)","Unfall 237096 (2022) Kat:3, Licht: 2","237096","3","6","2","10","21","1","","2","0","1","0","0"
"POINT (13.332903646000000 52.478705663000000)","Unfall 237097 (2022) Kat:3, Licht: 0","237097","3","4","6","09","09","5","","0","1","0","1","0"
"POINT (13.326251352000000 52.486535907000103)","Unfall 237098 (2022) Kat:3, Licht: 0","237098","3","6","3","09","11","7","","0","0","1","0","1"
"POINT (13.227203793000101 52.549459507999998)","Unfall 237099 (2022) Kat:3, Licht: 0","237099","3","2","5","09","16","2","","0","0","1","0","0"
"POINT (13.384163456000101 52.449235717000100)","Unfall 237100 (2022) Kat:2, Licht: 0","237100","2","4","6","10","15","4","","0","0","0","1","0"