WKT,Name,OBJECTID,UKATEGORIE,UTYP1,UART,UMONAT,USTUNDE,UWOCHENTAG,STRZUSTAND,ULICHTVERH,ISTRAD,ISTPKW,ISTFUSS,ISTKRAD
"POINT (13.419757878000000 52.487402191000101)","Unfall 237101 (2022) Kat:3, Licht: 0","237101","3","6","2","09","10","5","","0","0","1","0","0"
"POINT (13.446157852000100 52.517656933000097)","Unfall 237102 (2022) Kat:3, Licht: 0","237102","3","4","0","10","14","5","","0","1","0","1","0"
"POINT (13.346162754000000 52.501049547000001)","Unfall 237103 (2022) Kat:3, Licht: 0","237103","3","2","5","09","18","7","","0","0","0","0","0"
"POINT (13.455568221000000 52.473439444000100)","Unfall 237104 (2022) Kat:3, Licht: 0","237104","3","7","5","09","16","5","","0","0","1","0","1"
"POINT (13.311629703000101 52.509544357000003)","Unfall 237105 (2022) Kat:3, Licht: 2","237105","3","7","1","10","20","2","","2","0","1","0","0"
"POINT (13.513139553000000 52.466595200000000)","Unfall 237106 (2022) Kat:2, Licht: 2","237106","2","7","0","10","23","7","","2","0","0","0","0"
"POINT (13.390094779000000 52.562710164000102)","Unfall 237107 (2022) Kat:3, Licht: 0","237107","3","7","5","09","14","5","","0","0","1","0","1"
"POINT (13.329958249000100 52.569629620000100)","Unfall 237108 (2022) Kat:3, Licht: 0","237108","3","6","3","09","07","2","","0","1","1","0","0"
"POINT (13.179121366000100 52.530804719000102)","Unfall 237109 (2022) Kat:3, Licht: 0","237109","3","5","1","10","16","3","","0","1","1","0","0"
"POINT (13.437097205000001 52.510466978000103)","Unfall 237110 (2022) Kat:3, Licht: 0","237110","3","2","0","10","14","4","","0","1","0","0","0"
"POINT (13.533830320000000 52.525513085000100)","Unfall 237111 (2022) Kat:3, Licht: 2","237111","3","1","0","09","20","1","","2","1","0","0","0"
"POINT (13.300118046000000 52.421100783000000)","Unfall 237112 (2022) Kat:2, Licht: 2","237112","2","2","5","09","07","5","","2","0","1","0","1"
"POINT (13.373477932000100 52.504282086000003)","Unfall 237113 (2022) Kat:3, Licht: 0","237113","3","2","5","10","18","1","","0","1","1","0","0"
"POINT (13.457410299999999 52.528959663000101)","Unfall 237114 (2022) Kat:3, Licht: 0","237114","3","2","5","09","14","2","","0","1","1","0","0"
"POINT (13.536839233000000 52.459802243000098)","Unfall 237115 (2022) Kat:3, Licht: 0","237115","3","3","5","10","11","7","","0","0","1","0","0"
"POINT (13.454084214000000 52.482496736000002)","Unfall 237116 (2022) Kat:3, Licht: 0","237116","3","3","5","09","17","4","","0","1","1","0","0"
"POINT (13.341705056000000 52.501145133000101)","Unfall 237117 (2022) Kat:3, Licht: 0","237117","3","6","0","10","09","6","","0","1","1","0","0"
"POINT (13.470395961000101 52.503887095000003)","Unfall 237118 (2022) Kat:3, Licht: 0","237118","3","6","3","09","17","6","","0","1","1","0","0"
"POINT (13.184138357000100 52.547703114999997)","Unfall 237119 (2022) Kat:3, Licht: 0","237119","3","6","3","10","15","2","","0","0","1","0","0"
"POINT (13.412806054000001 52.550642702000097)","Unfall 237120 (2022) Kat:3, Licht: 0","237120","3","6","2","10","10","7","","0","1","1","0","0"
"POINT (13.421848115000000 52.535632106000001)","Unfall 237121 (2022) Kat:3, Licht: 0","237121","3","3","5","09","18","4","","0","1","0","0","0"
"POINT (13.301723465000100 52.499081480000001)","Unfall 237122 (2022) Kat:3, Licht: 2","237122","3","7","6","10","19","6","","2","0","1","1","0"
"POINT (13.453225310000100 52.435210640999998)","Unfall 237123 (2022) Kat:3, Licht: 0","237123","3","2","5","09","17","2","","0","0","1","0","0"
"POINT (13.495833466000001 52.626079031000103)","Unfall 237124 (2022) Kat:3, Licht: 0","237124","3","3","5","10","16","4","","0","1","1","0","0"
"POINT (13.411598091000000 52.550735639000003)","Unfall 237125 (2022) Kat:3, Licht: 0","237125","3","6","3","10","14","5","","0","1","1","0","0"
"POINT (13.427069805000000 52.563261468000100)","Unfall 237126 (2022) Kat:2, Licht: 2","237126","2","3","5","09","19","7","","2","0","0","0","1"
"POINT (13.362018865000000 52.525532451000103)","Unfall 237127 (2022) Kat:3, Licht: 0","237127","3","3","5","09","09","5","","0","1","1","0","0"
"POINT (13.388656406999999 52.541282418999998)","Unfall 237128 (2022) Kat:3, Licht: 0","237128","3","7","0","10","17","7","","0","0","0","0","1"
"POINT (13.395439170000000 52.396945775000098)","Unfall 237129 (2022) Kat:3, Licht: 0","237129","3","3","5","09","16","2","","0","0","1","0","0"
"POINT (13.417117213999999 52.512309066999997)","Unfall 237130 (2022) Kat:3, Licht: 2","237130","3","5","1","09","23","6","","2","1","1","0","0"
"POINT (13.267080615000101 52.531794510000097)","Unfall 237131 (2022) Kat:3, Licht: 0","237131","3","6","3","09","07","4","","0","1","0","0","0"
"POINT (13.315298504000101 52.468870924999997)","Unfall 237132 (2022) Kat:3, Licht: 0","237132","3","7","0","10","08","6","","0","1","0","0","0"
"POINT (13.360181720000099 52.475323414000101)","Unfall 237133 (2022) Kat:3, Licht: 0","237133","3","6","2","09","14","1","","0","0","1","0","0"
"POINT (13.416784999000100 52.535182153999997)","Unfall 237134 (2022) Kat:3, Licht: 2","237134","3","6","4","09","20","2","","2","1","1","0","0"
"POINT (13.348276497000001 52.437781698000002)","Unfall 237135 (2022) Kat:3, Licht: 0","237135","3","1","0","10","11","3","","0","0","0","0","1"
"POINT (13.384195808000101 52.509998246000102)","Unfall 237136 (2022) Kat:3, Licht: 0","237136","3","3","5","10","09","4","","0","1","1","0","0"
"POINT (13.374595617000100 52.528057603999997)","Unfall 237137 (2022) Kat:3, Licht: 0","237137","3","6","2","09","15","7","","0","0","1","0","0"
"POINT (13.376713360000100 52.489472353000103)","Unfall 237138 (2022) Kat:3, Licht: 0","237138","3","2","5","10","12","6","","0","1","1","0","0"
"POINT (13.358749983999999 52.429416622000097)","Unfall 237139 (2022) Kat:3, Licht: 0","237139","3","1","0","09","14","7","","0","0","0","0","1"
"POINT (13.386504272000000 52.521705523000001)","Unfall 237140 (2022) Kat:3, Licht: 0","237140","3","6","4","09","15","5","","0","0","1","0","0"
"POINT (13.469948239000100 52.434879287000101)","Unfall 237141 (2022) Kat:3, Licht: 0","237141","3","1","0","09","14","3","","0","0","0","0","1"
"POINT (13.381345524000000 52.443765732000003)","Unfall 237142 (2022) Kat:3, Licht: 0","237142","3","1","0","09","08","4","","0","0","0","0","1"
"POINT (13.449151463000000 52.618295772000103)","Unfall 237143 (2022) Kat:3, Licht: 0","237143","3","6","2","10","08","5","","0","0","1","0","0"
"POINT (13.188972239000099 52.521768124000097)","Unfall 237144 (2022) Kat:3, Licht: 0","237144","3","2","0","09","16","3","","0","1","1","0","0"
"POINT (13.439975888999999 52.567110933999999)","Unfall 237145 (2022) Kat:3, Licht: 0","237145","3","2","2","09","07","3","","0","0","1","0","1"
"POINT (13.379093384999999 52.533743260999998)","Unfall 237146 (2022) Kat:3, Licht: 0","237146","3","6","3","09","11","6","","0","1","1","0","0"
"POINT (13.500658847000100 52.561537700000002)","Unfall 237147 (2022) Kat:2, Licht: 2","237147","2","1","0","10","01","2","","2","1","0","0","0"
"POINT (13.296888317000001 52.485943920000103)","Unfall 237148 (2022) Kat:3, Licht: 0","237148","3","3","5","10","08","3","","0","0","1","0","1"
"POINT (13.333240438000100 52.482430421000103)","Unfall 237149 (2022) Kat:3, Licht: 0","237149","3","6","3","09","10","6","","0","1","0","0","1"
"POINT (13.250693778000000 52.435098312000001)","Unfall 237150 (2022) Kat:3, Licht: 0","237150","3","3","5","09","10","6","","0","0","1","0","0"
"POINT (13.357399575000001 52.523705378999999)","Unfall 237151 (2022) Kat:3, Licht: 0","237151","3","3","5","09","07","3","","0","0","1","0","1"
"POINT (13.385144337000000 52.468589577000003)","Unfall 237152 (2022) Kat:3, Licht: 2","237152","3","4","6","10","18","4","","2","0","1","1","0"
"POINT (13.466801852000099 52.596581211000100)","Unfall 237153 (2022) Kat:3, Licht: 0","237153","3","6","2","09","09","5","","0","0","1","0","0"
"POINT (13.479728923000000 52.506993125000101)","Unfall 237154 (2022) Kat:3, Licht: 2","237154","3","6","2","10","06","5","","2","0","1","0","0"
"POINT (13.337679579000101 52.480822318999998)","Unfall 237155 (2022) Kat:3, Licht: 0","237155","3","5","1","09","08","6","","0","1","1","0","0"
"POINT (13.416518860000100 52.519826942000101)","Unfall 237156 (2022) Kat:3, Licht: 2","237156","3","7","0","09","22","5","","2","0","0","0","0"
"POINT (13.621128647999999 52.512339923000098)","Unfall 237157 (2022) Kat:3, Licht: 0","237157","3","3","5","09","10","2","","0","0","1","0","1"
"POINT (13.428677863000100 52.518885593000000)","Unfall 237158 (2022) Kat:3, Licht: 0","237158","3","6","2","10","15","7","","0","0","1","0","0"
"POINT (13.382287390000000 52.504458021000097)","Unfall 237159 (2022) Kat:3, Licht: 0","237159","3","2","5","09","12","5","","0","1","1","0","0"
"POINT (13.348872063000000 52.458985035000097)","Unfall 237160 (2022) Kat:3, Licht: 0","237160","3","2","5","10","22","6","","0","0","1","0","0"
"POINT (13.315009812000000 52.500738295000097)","Unfall 237161 (2022) Kat:3, Licht: 0","237161","3","4","6","09","12","3","","0","0","0","1","0"
"POINT (13.405212497000001 52.404165849999998)","Unfall 237162 (2022) Kat:3, Licht: 0","237162","3","5","1","09","16","2","","0","0","1","0","0"
"POINT (13.447923824000000 52.489830144000102)","Unfall 237163 (2022) Kat:3, Licht: 0","237163","3","5","1","09","13","2","","0","1","1","0","0"
"POINT (13.377229236000099 52.551280408000103)","Unfall 237164 (2022) Kat:3, Licht: 0","237164","3","3","5","10","14","4","","0","0","1","0","0"
"POINT (13.325036116000000 52.458198134000000)","Unfall 237165 (2022) Kat:3, Licht: 0","237165","3","6","3","10","14","5","","0","1","0","0","0"
"POINT (13.408820595000099 52.504187430999998)","Unfall 237166 (2022) Kat:3, Licht: 0","237166","3","5","1","09","15","1","","0","1","1","0","0"
"POINT (13.329320904999999 52.490885812000002)","Unfall 237167 (2022) Kat:3, Licht: 0","237167","3","7","2","09","09","4","","0","0","1","0","0"
"POINT (13.319581843000000 52.454747785999999)","Unfall 237168 (2022) Kat:3, Licht: 0","237168","3","6","2","10","17","7","","0","0","1","0","0"
"POINT (13.450955647000100 52.508567507000102)","Unfall 237169 (2022) Kat:3, Licht: 0","237169","3","2","5","09","11","2","","0","0","1","0","0"
"POINT (13.200735690000000 52.548792861999999)","Unfall 237170 (2022) Kat:3, Licht: 2","237170","3","1","0","09","18","6","","2","0","0","0","0"
"POINT (13.425943125000099 52.478087464000097)","Unfall 237171 (2022) Kat:3, Licht: 0","237171","3","7","5","09","16","3","","0","1","1","0","0"
"POINT (13.574098212000001 52.444467377000102)","Unfall 237172 (2022) Kat:3, Licht: 0","237172","3","6","2","09","11","4","","0","0","1","0","0"
"POINT (13.413527001000000 52.549653410000097)","Unfall 237173 (2022) Kat:3, Licht: 0","237173","3","3","5","10","16","6","","0","1","1","0","0"
"POINT (13.326830265000099 52.563204165000101)","Unfall 237174 (2022) Kat:3, Licht: 0","237174","3","2","5","09","10","4","","0","1","0","0","0"
"POINT (13.307166532000100 52.500062886000102)","Unfall 237175 (2022) Kat:3, Licht: 0","237175","3","3","5","09","15","7","","0","0","1","0","0"
"POINT (13.382514412000001 52.404334468999998)","Unfall 237176 (2022) Kat:2, Licht: 0","237176","2","3","2","10","09","2","","0","0","1","0","0"
"POINT (13.569766575000100 52.541143197000103)","Unfall 237177 (2022) Kat:2, Licht: 0","237177","2","4","6","10","12","4","","0","0","1","1","0"
"POINT (13.494408044000100 52.503462341000002)","Unfall 237178 (2022) Kat:3, Licht: 0","237178","3","7","0","09","15","6","","0","1","0","0","0"
"POINT (13.318926900000100 52.453417201999997)","Unfall 237179 (2022) Kat:2, Licht: 0","237179","2","3","5","10","09","6","","0","1","1","0","0"
"POINT (13.343208524000000 52.532068250000101)","Unfall 237180 (2022) Kat:3, Licht: 2","237180","3","1","0","09","22","7","","2","1","0","0","0"
"POINT (13.580706023000101 52.456687353000099)","Unfall 237181 (2022) Kat:3, Licht: 0","237181","3","3","5","09","16","5","","0","1","1","0","0"
"POINT (13.464799453000101 52.524425522000101)","Unfall 237182 (2022) Kat:3, Licht: 0","237182","3","3","5","09","07","3","","0","0","1","0","1"
"POINT (13.320343966000101 52.479549079000002)","Unfall 237183 (2022) Kat:3, Licht: 0","237183","3","7","0","09","07","4","","0","0","1","0","0"
"POINT (13.359466498000099 52.434256941000100)","Unfall 237184 (2022) Kat:3, Licht: 0","237184","3","4","6","10","16","5","","0","1","0","1","0"
"POINT (13.373116542000000 52.424861384000103)","Unfall 237185 (2022) Kat:3, Licht: 0","237185","3","2","5","09","18","3","","0","0","1","0","0"
"POINT (13.308279972999999 52.488555265000102)","Unfall 237186 (2022) Kat:2, Licht: 0","237186","2","2","6","10","17","6","","0","0","1","1","0"
"POINT (13.316560995000000 52.499515506000101)","Unfall 237187 (2022) Kat:3, Licht: 1","237187","3","2","5","09","19","6","","1","1","1","0","0"
"POINT (13.344446619999999 52.439433237000102)","Unfall 237188 (2022) Kat:3, Licht: 0","237188","3","7","2","10","09","2","","0","1","0","0","0"
"POINT (13.278298916000001 52.468945684000097)","Unfall 237189 (2022) Kat:2, Licht: 2","237189","2","1","9","09","21","1","","2","0","1","0","0"
"POINT (13.323957421999999 52.456178695000098)","Unfall 237190 (2022) Kat:3, Licht: 0","237190","3","3","5","09","18","2","","0","0","1","0","1"
"POINT (13.462226046000101 52.508452706000099)","Unfall 237191 (2022) Kat:3, Licht: 2","237191","3","2","5","10","21","2","","2","1","1","0","0"
"POINT (13.425158658000001 52.552425124000102)","Unfall 237192 (2022) Kat:3, Licht: 0","237192","3","6","2","10","08","3","","0","1","0","0","0"
"POINT (13.392771930000000 52.525016349000097)","Unfall 237193 (2022) Kat:3, Licht: 0","237193","3","3","5","09","14","7","","0","0","1","0","0"
"POINT (13.319705406000001 52.452707398000001)","Unfall 237194 (2022) Kat:2, Licht: 2","237194","2","2","5","10","18","6","","2","0","1","0","1"
"POINT (13.432372793000100 52.468027362999997)","Unfall 237195 (2022) Kat:3, Licht: 0","237195","3","5","1","09","17","7","","0","1","1","0","0"
"POINT (13.573498373000101 52.394386789000102)","Unfall 237196 (2022) Kat:3, Licht: 0","237196","3","3","5","09","10","6","","0","0","1","0","0"
"POINT (13.304597855999999 52.516509045000099)","Unfall 237197 (2022) Kat:3, Licht: 0","237197","3","3","5","09","16","2","","0","0","1","0","0"
"POINT (13.612652757999999 52.454190521999998)","Unfall 237198 (2022) Kat:3, Licht: 0","237198","3","3","5","09","15","4","","0","1","1","0","0"
"POINT (13.456921247000000 52.529686961000003)","Unfall 237199 (2022) Kat:3, Licht: 0","237199","3","6","3","10","14","5","","0","0","1","0","0"
"POINT (13.400594260000000 52.510036405000101)","Unfall 237200 (2022) Kat:3, Licht: 1","237200","3","2","5","09","18","3","","1","0","1","0","1"
"POINT (13.328093314000100 52.507194035000097)","Unfall 237201 (2022) Kat:2, Licht: 0","237201","2","5","1","09","10","6","","0","1","1","0","0"
"POINT (13.367221142000099 52.522562267000097)","Unfall 237202 (2022) Kat:3, Licht: 2","237202","3","3","5","10","22","2","","2","1","1","0","0"
"POINT (13.311030668000100 52.481489822000100)","Unfall 237203 (2022) Kat:1, Licht: 0","237203","1","3","5","10","09","2","","0","1","1","0","0"
"POINT (13.313325015000000 52.480383432000103)","Unfall 237204 (2022) Kat:3, Licht: 0","237204","3","7","6","09","13","5","","0","0","0","1","0"
"POINT (13.138064664000099 52.525998305000002)","Unfall 237205 (2022) Kat:3, Licht: 0","237205","3","3","5","09","15","3","","0","0","1","0","1"
"POINT (13.385467696999999 52.471562384000002)","Unfall 237206 (2022) Kat:3, Licht: 0","237206","3","3","5","10","09","4","","0","1","1","0","0"
"POINT (13.453592922000000 52.591952440000100)","Unfall 237207 (2022) Kat:3, Licht: 0","237207","3","6","3","09","11","5","","0","0","1","0","1"
"POINT (13.399754849000001 52.522931149000001)","Unfall 237208 (2022) Kat:3, Licht: 0","237208","3","3","5","10","16","5","","0","1","0","0","1"
"POINT (13.428412198000000 52.588063327999997)","Unfall 237209 (2022) Kat:3, Licht: 0","237209","3","7","6","09","09","6","","0","0","1","1","0"
"POINT (13.260392900000101 52.489496068999998)","Unfall 237210 (2022) Kat:2, Licht: 0","237210","2","3","5","09","15","5","","0","1","1","0","0"
"POINT (13.427923956000001 52.507732513000100)","Unfall 237211 (2022) Kat:3, Licht: 0","237211","3","6","2","10","08","2","","0","0","1","0","0"
"POINT (13.432267438000100 52.546544587000000)","Unfall 237212 (2022) Kat:3, Licht: 0","237212","3","3","5","09","14","2","","0","0","1","0","0"
"POINT (13.446052147000000 52.487482686000099)","Unfall 237213 (2022) Kat:2, Licht: 0","237213","2","4","6","10","13","1","","0","0","1","1","0"
"POINT (13.387498180000000 52.533467384000097)","Unfall 237214 (2022) Kat:3, Licht: 2","237214","3","2","5","09","19","4","","2","0","1","0","1"
"POINT (13.491381952999999 52.637747079000100)","Unfall 237215 (2022) Kat:3, Licht: 0","237215","3","3","5","09","08","2","","0","1","1","0","0"
"POINT (13.356203509000100 52.552849019000099)","Unfall 237216 (2022) Kat:2, Licht: 0","237216","2","4","6","09","14","2","","0","0","0","1","1"
"POINT (13.360478348000100 52.602328071000002)","Unfall 237217 (2022) Kat:3, Licht: 0","237217","3","3","5","10","16","3","","0","0","1","0","0"
"POINT (13.332781955000000 52.479715445000103)","Unfall 237218 (2022) Kat:3, Licht: 0","237218","3","3","5","10","12","4","","0","1","1","0","0"
"POINT (13.217540509000100 52.537739940000101)","Unfall 237219 (2022) Kat:3, Licht: 2","237219","3","4","6","09","20","7","","2","0","1","1","0"
"POINT (13.394293677000100 52.501211433000002)","Unfall 237220 (2022) Kat:3, Licht: 0","237220","3","3","5","09","16","4","","0","1","1","0","0"
"POINT (13.365301442000000 52.497326211000001)","Unfall 237221 (2022) Kat:2, Licht: 0","237221","2","6","2","10","09","7","","0","1","1","0","0"
"POINT (13.278216088000001 52.468578793000098)","Unfall 237222 (2022) Kat:3, Licht: 0","237222","3","3","5","09","09","2","","0","0","1","0","1"
"POINT (13.497585763000099 52.416039341000001)","Unfall 237223 (2022) Kat:3, Licht: 0","237223","3","2","5","09","12","6","","0","1","1","0","0"
"POINT (13.481783068000000 52.645797975999997)","Unfall 237224 (2022) Kat:3, Licht: 2","237224","3","1","0","09","20","3","","2","0","0","0","1"
"POINT (13.539950437000099 52.453775596000099)","Unfall 237225 (2022) Kat:3, Licht: 2","237225","3","7","0","09","06","4","","2","0","1","1","0"
"POINT (13.439168574000099 52.547255878999998)","Unfall 237226 (2022) Kat:2, Licht: 0","237226","2","2","5","10","16","6","","0","0","1","0","0"
"POINT (13.263789570000000 52.487007382000101)","Unfall 237227 (2022) Kat:2, Licht: 0","237227","2","6","2","09","17","4","","0","0","1","0","0"
"POINT (13.458088164000101 52.512717840000100)","Unfall 237228 (2022) Kat:3, Licht: 2","237228","3","5","1","09","20","6","","2","1","1","0","0"
"POINT (13.508024432000100 52.546385037000100)","Unfall 237229 (2022) Kat:3, Licht: 0","237229","3","7","0","10","09","3","","0","0","1","0","0"
"POINT (13.421716979999999 52.465213530000000)","Unfall 237230 (2022) Kat:3, Licht: 1","237230","3","3","5","10","17","3","","1","1","1","0","0"
"POINT (13.295759597000000 52.530391104000003)","Unfall 237231 (2022) Kat:2, Licht: 0","237231","2","7","5","09","13","5","","0","0","1","0","1"
"POINT (13.360294135000100 52.454073571000002)","Unfall 237232 (2022) Kat:3, Licht: 0","237232","3","2","5","10","11","6","","0","1","0","0","1"
"POINT (13.391036746999999 52.555486653000102)","Unfall 237233 (2022) Kat:3, Licht: 2","237233","3","6","3","09","21","7","","2","1","0","0","0"
"POINT (13.289676659000101 52.469193501000099)","Unfall 237234 (2022) Kat:3, Licht: 0","237234","3","6","2","09","13","6","","0","0","1","0","0"
"POINT (13.441044835000101 52.556372103999998)","Unfall 237235 (2022) Kat:3, Licht: 0","237235","3","3","5","09","10","3","","0","1","0","0","0"
"POINT (13.207633950000099 52.555701505000101)","Unfall 237236 (2022) Kat:3, Licht: 0","237236","3","7","5","09","14","4","","0","0","1","0","1"
"POINT (13.348904185000000 52.500689330999997)","Unfall 237237 (2022) Kat:3, Licht: 0","237237","3","5","1","10","15","5","","0","1","1","0","0"
"POINT (13.279642859000001 52.477595769000096)","Unfall 237238 (2022) Kat:2, Licht: 0","237238","2","6","4","09","17","4","","0","0","1","0","0"
"POINT (13.353916893000100 52.562089620999998)","Unfall 237239 (2022) Kat:3, Licht: 0","237239","3","2","5","10","10","5","","0","0","1","0","0"
"POINT (13.401506423000100 52.528953743000002)","Unfall 237240 (2022) Kat:3, Licht: 0","237240","3","5","1","09","13","6","","0","1","1","0","0"
"POINT (13.332829893000101 52.505181436999997)","Unfall 237241 (2022) Kat:3, Licht: 2","237241","3","5","1","10","19","2","","2","1","1","0","0"
"POINT (13.401770752000100 52.539885406000103)","Unfall 237242 (2022) Kat:2, Licht: 2","237242","2","3","5","10","20","2","","2","0","1","0","0"
"POINT (13.444940935000000 52.462460185000097)","Unfall 237243 (2022) Kat:3, Licht: 1","237243","3","2","5","09","19","4","","1","1","0","0","0"
"POINT (13.380461234000100 52.551760942999998)","Unfall 237244 (2022) Kat:3, Licht: 0","237244","3","7","6","09","14","2","","0","0","0","1","0"
"POINT (13.406365944000100 52.502595953000103)","Unfall 237245 (2022) Kat:3, Licht: 2","237245","3","3","5","10","21","4","","2","0","1","0","0"
"POINT (13.372519127000000 52.438026204000003)","Unfall 237246 (2022) Kat:3, Licht: 0","237246","3","6","2","09","08","5","","0","1","1","0","0"
"POINT (13.392389127000101 52.575427329000000)","Unfall 237247 (2022) Kat:3, Licht: 0","237247","3","3","5","10","15","4","","0","1","1","0","0"
"POINT (13.276442236999999 52.532600486000000)","Unfall 237248 (2022) Kat:3, Licht: 0","237248","3","1","0","09","17","7","","0","0","0","0","1"
"POINT (13.328364706000100 52.465882962000101)","Unfall 237249 (2022) Kat:3, Licht: 1","237249","3","5","1","09","19","5","","1","1","0","0","0"
"POINT (13.387553344000001 52.439231204000102)","Unfall 237250 (2022) Kat:3, Licht: 0","237250","3","6","2","10","16","1","","0","0","1","0","0"
"POINT (13.307279455000099 52.510086817999998)","Unfall 237251 (2022) Kat:2, Licht: 0","237251","2","1","0","09","08","2","","0","0","0","0","1"
"POINT (13.418530752000001 52.553161205000002)","Unfall 237252 (2022) Kat:3, Licht: 2","237252","3","5","1","10","23","7","","2","1","1","0","0"
"POINT (13.412364747000000 52.390347770000098)","Unfall 237253 (2022) Kat:3, Licht: 0","237253","3","6","2","09","10","3","","0","0","1","0","1"
"POINT (13.258867511000100 52.521801885999999)","Unfall 237254 (2022) Kat:3, Licht: 0","237254","3","6","2","10","14","7","","0","0","1","0","0"
"POINT (13.390813509999999 52.504904985000103)","Unfall 237255 (2022) Kat:3, Licht: 0","237255","3","5","1","10","08","3","","0","1","1","0","0"
"POINT (13.308376177000101 52.500059729000000)","Unfall 237256 (2022) Kat:2, Licht: 0","237256","2","2","5","09","18","5","","0","0","1","0","1"
"POINT (13.307874843000000 52.488684197000097)","Unfall 237257 (2022) Kat:3, Licht: 0","237257","3","2","5","09","12","3","","0","1","0","0","0"
"POINT (13.583887166000100 52.431129749000000)","Unfall 237258 (2022) Kat:3, Licht: 0","237258","3","3","5","09","15","3","","0","0","1","0","0"
"POINT (13.377905667000100 52.412545770000101)","Unfall 237259 (2022) Kat:3, Licht: 0","237259","3","6","2","10","09","4","","0","0","1","0","0"
"POINT (13.337254616000100 52.558723510000000)","Unfall 237260 (2022) Kat:3, Licht: 0","237260","3","6","2","09","12","5","","0","0","1","0","0"
"POINT (13.325886752000001 52.457933445999998)","Unfall 237261 (2022) Kat:2, Licht: 2","237261","2","7","0","10","21","5","","2","0","0","0","0"
"POINT (13.385244083000000 52.448059893999996)","Unfall 237262 (2022) Kat:3, Licht: 0","237262","3","2","0","09","18","7","","0","0","1","0","1"
"POINT (13.382040077999999 52.552929356000000)","Unfall 237263 (2022) Kat:3, Licht: 0","237263","3","5","1","09","09","5","","0","1","1","0","0"
"POINT (13.496362347000099 52.487553527999999)","Unfall 237264 (2022) Kat:2, Licht: 2","237264","2","1","9","10","21","1","","2","0","0","0","1"
"POINT (13.330875679000000 52.489184412999997)","Unfall 237265 (2022) Kat:3, Licht: 0","237265","3","7","6","09","11","2","","0","0","1","1","0"
"POINT (13.454860652000001 52.510172889000003)","Unfall 237266 (2022) Kat:3, Licht: 0","237266","3","1","0","10","13","1","","0","0","0","0","1"
"POINT (13.478244471000000 52.442486701000099)","Unfall 237267 (2022) Kat:3, Licht: 0","237267","3","6","2","09","15","5","","0","0","1","0","0"
"POINT (13.405564873000101 52.489188382000101)","Unfall 237268 (2022) Kat:3, Licht: 0","237268","3","2","2","10","12","7","","0","0","1","0","1"
"POINT (13.437216909000000 52.483039476999998)","Unfall 237269 (2022) Kat:3, Licht: 0","237269","3","4","6","09","13","3","","0","0","0","1","1"
"POINT (13.554646706000000 52.447610243000000)","Unfall 237270 (2022) Kat:3, Licht: 0","237270","3","6","2","09","18","2","","0","0","1","0","1"
"POINT (13.178822342000000 52.509436848000099)","Unfall 237271 (2022) Kat:3, Licht: 0","237271","3","2","5","09","14","2","","0","1","1","0","0"
"POINT (13.328431942000099 52.468892906000100)","Unfall 237272 (2022) Kat:3, Licht: 0","237272","3","3","5","10","13","3","","0","1","1","0","0"
"POINT (13.427874262000000 52.488648043000097)","Unfall 237273 (2022) Kat:3, Licht: 0","237273","3","5","1","10","16","4","","0","1","1","0","0"
"POINT (13.323361471000100 52.510881970000099)","Unfall 237274 (2022) Kat:2, Licht: 0","237274","2","3","5","09","08","6","","0","0","1","0","0"
"POINT (13.408844332000101 52.511912905000003)","Unfall 237275 (2022) Kat:3, Licht: 2","237275","3","4","0","09","23","4","","2","0","0","1","1"
"POINT (13.462247098000001 52.432640542999998)","Unfall 237276 (2022) Kat:3, Licht: 2","237276","3","2","5","10","20","7","","2","0","1","0","0"
"POINT (13.372366830000001 52.477335573000097)","Unfall 237277 (2022) Kat:3, Licht: 0","237277","3","5","1","09","08","2","","0","1","1","0","0"
"POINT (13.309964973000000 52.524602726000097)","Unfall 237278 (2022) Kat:3, Licht: 0","237278","3","3","5","09","08","6","","0","1","1","0","0"
"POINT (13.291192851000099 52.634228622000101)","Unfall 237279 (2022) Kat:3, Licht: 0","237279","3","7","2","09","15","4","","0","0","1","0","0"
"POINT (13.409224350000001 52.426316558000103)","Unfall 237280 (2022) Kat:2, Licht: 0","237280","2","2","5","09","11","4","","0","0","1","0","0"
"POINT (13.385789642000100 52.531285233000098)","Unfall 237281 (2022) Kat:3, Licht: 2","237281","3","1","0","10","00","6","","2","1","0","0","0"
"POINT (13.528603134999999 52.452271494999998)","Unfall 237282 (2022) Kat:3, Licht: 2","237282","3","1","0","09","19","4","","2","1","0","0","0"
"POINT (13.401930709000100 52.528909251000101)","Unfall 237283 (2022) Kat:3, Licht: 0","237283","3","3","5","09","12","1","","0","0","1","0","0"
"POINT (13.385457487000100 52.550240385000102)","Unfall 237284 (2022) Kat:3, Licht: 0","237284","3","4","6","10","17","3","","0","0","0","1","1"
"POINT (13.335107469000000 52.524782464000097)","Unfall 237285 (2022) Kat:3, Licht: 0","237285","3","2","5","10","13","3","","0","0","1","0","0"
"POINT (13.305120253000000 52.499717494999999)","Unfall 237286 (2022) Kat:3, Licht: 0","237286","3","5","1","09","18","6","","0","0","1","0","0"
"POINT (13.427597445000099 52.571951306000102)","Unfall 237287 (2022) Kat:3, Licht: 0","237287","3","5","2","10","11","6","","0","0","1","0","1"