WKT,Name,OBJECTID,UKATEGORIE,UTYP1,UART,UMONAT,USTUNDE,UWOCHENTAG,STRZUSTAND,ULICHTVERH,ISTRAD,ISTPKW,ISTFUSS,ISTKRAD
"POINT (13.458225364000000 52.509403562000003)","Unfall 237475 (2022) Kat:3, Licht: 0","237475","3","5","4","09","12","5","","0","1","0","0","0"
"POINT (13.514785197000000 52.468783954999999)","Unfall 237476 (2022) Kat:3, Licht: 2","237476","3","2","5","09","05","3","","2","1","1","0","0"
"POINT (13.587311547000100 52.523415390000103)","Unfall 237477 (2022) Kat:2, Licht: 2","237477","2","3","5","09","02","4","","2","0","1","0","0"
"POINT (13.568609543000001 52.444671018000101)","Unfall 237478 (2022) Kat:3, Licht: 2","237478","3","1","0","10","21","4","","2","1","0","0","0"
"POINT (13.391173677999999 52.514340851000000)","Unfall 237479 (2022) Kat:3, Licht: 0","237479","3","5","1","09","16","3","","0","0","1","0","0"
"POINT (13.326106433000099 52.538347817000002)","Unfall 237480 (2022) Kat:3, Licht: 0","237480","3","7","0","10","17","6","","0","0","1","0","0"
"POINT (13.272020663999999 52.508849318000003)","Unfall 237481 (2022) Kat:3, Licht: 0","237481","3","2","5","09","08","5","","0","1","1","0","0"
"POINT (13.402646594000000 52.523941358000101)","Unfall 237482 (2022) Kat:3, Licht: 0","237482","3","4","6","10","08","2","","0","0","1","1","0"
"POINT (13.354841137000101 52.560675106000097)","Unfall 237483 (2022) Kat:3, Licht: 0","237483","3","1","9","10","07","1","","0","0","1","0","0"
"POINT (13.346265877000100 52.496345687000002)","Unfall 237484 (2022) Kat:3, Licht: 0","237484","3","3","0","09","17","5","","0","0","1","0","1"
"POINT (13.384148110000099 52.530871722000001)","Unfall 237485 (2022) Kat:3, Licht: 0","237485","3","6","2","09","08","3","","0","0","1","0","0"
"POINT (13.290989965000101 52.448381500000004)","Unfall 237486 (2022) Kat:2, Licht: 2","237486","2","3","5","10","20","4","","2","1","1","0","0"
"POINT (13.481838028000000 52.534843834000100)","Unfall 237487 (2022) Kat:2, Licht: 2","237487","2","4","6","09","20","5","","2","0","1","1","0"
"POINT (13.327540035000000 52.454654484000102)","Unfall 237488 (2022) Kat:3, Licht: 0","237488","3","3","5","10","13","6","","0","0","1","0","0"
"POINT (13.294729454000001 52.576240912999999)","Unfall 237489 (2022) Kat:3, Licht: 0","237489","3","1","0","09","08","1","","0","0","0","0","1"
"POINT (13.373692637000000 52.520922939999998)","Unfall 237490 (2022) Kat:3, Licht: 0","237490","3","4","6","09","09","5","","0","1","0","1","0"
"POINT (13.380791582000001 52.442321001000003)","Unfall 237491 (2022) Kat:3, Licht: 0","237491","3","3","5","10","14","1","","0","0","1","0","0"
"POINT (13.461194576000000 52.454296554999999)","Unfall 237492 (2022) Kat:3, Licht: 0","237492","3","2","2","09","14","2","","0","0","0","0","1"
"POINT (13.347643392000100 52.551027534000099)","Unfall 237493 (2022) Kat:3, Licht: 0","237493","3","4","6","10","13","7","","0","0","1","1","0"
"POINT (13.194093375000000 52.535734590000096)","Unfall 237494 (2022) Kat:3, Licht: 0","237494","3","6","2","09","12","5","","0","0","1","0","0"
"POINT (13.425502331000100 52.582431007000103)","Unfall 237495 (2022) Kat:3, Licht: 0","237495","3","5","1","10","14","6","","0","1","1","0","0"
"POINT (13.374495237000099 52.455473373000103)","Unfall 237496 (2022) Kat:2, Licht: 0","237496","2","4","6","09","14","2","","0","0","1","1","0"
"POINT (13.377957562000100 52.468420727000101)","Unfall 237497 (2022) Kat:3, Licht: 0","237497","3","6","3","09","13","2","","0","1","1","0","0"
"POINT (13.229216678000100 52.426175125999997)","Unfall 237498 (2022) Kat:2, Licht: 0","237498","2","7","2","10","13","3","","0","0","1","0","0"
"POINT (13.319524890000000 52.452856662999999)","Unfall 237499 (2022) Kat:3, Licht: 0","237499","3","6","2","10","16","3","","0","0","1","0","0"
"POINT (13.228804481999999 52.537883238000099)","Unfall 237500 (2022) Kat:3, Licht: 0","237500","3","6","2","09","13","6","","0","0","1","0","1"
"POINT (13.343695513000100 52.546302484000101)","Unfall 237501 (2022) Kat:3, Licht: 0","237501","3","2","5","09","15","4","","0","1","0","0","0"
"POINT (13.435225955000000 52.470552206000001)","Unfall 237502 (2022) Kat:3, Licht: 0","237502","3","3","5","10","13","7","","0","0","1","0","0"
"POINT (13.347656218000100 52.470556883000000)","Unfall 237503 (2022) Kat:3, Licht: 0","237503","3","2","2","09","15","1","","0","0","1","0","0"
"POINT (13.465620931000000 52.507632536000102)","Unfall 237504 (2022) Kat:3, Licht: 2","237504","3","4","6","10","00","7","","2","0","1","1","0"
"POINT (13.369784070000000 52.552939627000100)","Unfall 237505 (2022) Kat:3, Licht: 0","237505","3","2","5","09","15","2","","0","1","1","0","0"
"POINT (13.392683939000101 52.491741385000097)","Unfall 237506 (2022) Kat:3, Licht: 1","237506","3","2","5","09","18","3","","1","1","1","0","0"
"POINT (13.524628332000100 52.496006311000002)","Unfall 237507 (2022) Kat:2, Licht: 0","237507","2","2","5","10","08","6","","0","1","1","0","0"
"POINT (13.401694023000100 52.446313184000097)","Unfall 237508 (2022) Kat:3, Licht: 0","237508","3","6","2","09","09","4","","0","0","1","0","0"
"POINT (13.361129570000100 52.555403755000000)","Unfall 237509 (2022) Kat:3, Licht: 0","237509","3","6","2","09","12","7","","0","0","1","0","0"
"POINT (13.413658398000100 52.511430849000099)","Unfall 237510 (2022) Kat:3, Licht: 0","237510","3","3","5","10","14","3","","0","1","1","0","0"
"POINT (13.479437195000100 52.643718627000098)","Unfall 237511 (2022) Kat:3, Licht: 1","237511","3","3","5","10","19","2","","1","0","1","0","0"
"POINT (13.343371711000000 52.531914308000097)","Unfall 237512 (2022) Kat:2, Licht: 0","237512","2","3","5","09","14","6","","0","0","0","0","1"
"POINT (13.418098690000001 52.515487921999998)","Unfall 237513 (2022) Kat:3, Licht: 0","237513","3","2","5","10","13","6","","0","0","1","0","0"
"POINT (13.313536102000100 52.515262322000098)","Unfall 237514 (2022) Kat:3, Licht: 0","237514","3","7","5","09","10","6","","0","0","1","0","1"
"POINT (13.398265756000100 52.507069842000099)","Unfall 237515 (2022) Kat:3, Licht: 1","237515","3","2","5","09","06","6","","1","0","1","0","0"
"POINT (13.301287531000099 52.599649446000100)","Unfall 237516 (2022) Kat:3, Licht: 0","237516","3","3","5","09","18","2","","0","1","0","0","0"
"POINT (13.277775805999999 52.431797938000003)","Unfall 237517 (2022) Kat:3, Licht: 0","237517","3","3","5","10","10","5","","0","0","1","0","0"
"POINT (13.331243910000101 52.483918657000103)","Unfall 237518 (2022) Kat:3, Licht: 0","237518","3","2","5","09","08","5","","0","1","1","0","0"
"POINT (13.375483901000100 52.455930059000103)","Unfall 237519 (2022) Kat:3, Licht: 0","237519","3","6","2","10","16","5","","0","0","1","0","0"
"POINT (13.424653196000101 52.552788791000097)","Unfall 237520 (2022) Kat:3, Licht: 0","237520","3","6","2","09","11","6","","0","0","1","0","0"
"POINT (13.468934769000001 52.599054633000002)","Unfall 237521 (2022) Kat:3, Licht: 0","237521","3","6","2","10","13","2","","0","0","1","0","0"
"POINT (13.393386521000000 52.564543509000003)","Unfall 237522 (2022) Kat:3, Licht: 0","237522","3","6","2","10","12","7","","0","0","1","0","1"
"POINT (13.306661872000101 52.622376430000003)","Unfall 237523 (2022) Kat:3, Licht: 0","237523","3","3","5","09","13","5","","0","1","1","0","0"
"POINT (13.295258237000001 52.420149926000100)","Unfall 237524 (2022) Kat:3, Licht: 0","237524","3","6","4","10","09","7","","0","1","1","0","0"
"POINT (13.298022253999999 52.432483030000100)","Unfall 237525 (2022) Kat:2, Licht: 0","237525","2","5","5","09","17","2","","0","0","1","0","1"
"POINT (13.176286749999999 52.524700135000003)","Unfall 237526 (2022) Kat:3, Licht: 0","237526","3","3","5","10","08","4","","0","0","1","0","0"
"POINT (13.422252216000100 52.560714949999998)","Unfall 237527 (2022) Kat:3, Licht: 0","237527","3","2","6","10","16","5","","0","0","1","1","0"
"POINT (13.451338679999999 52.471922884999998)","Unfall 237528 (2022) Kat:3, Licht: 2","237528","3","3","5","09","00","7","","2","0","1","0","0"
"POINT (13.371177584000099 52.511122782000001)","Unfall 237529 (2022) Kat:3, Licht: 0","237529","3","2","5","10","16","6","","0","1","1","0","0"
"POINT (13.443845709000099 52.499995400000003)","Unfall 237530 (2022) Kat:3, Licht: 2","237530","3","6","4","09","01","1","","2","1","0","0","0"
"POINT (13.392409980000000 52.506869887000100)","Unfall 237531 (2022) Kat:3, Licht: 0","237531","3","2","5","09","10","6","","0","1","1","0","0"
"POINT (13.382567268000100 52.530445445000097)","Unfall 237532 (2022) Kat:3, Licht: 0","237532","3","1","0","09","12","3","","0","0","0","0","1"
"POINT (13.142768677999999 52.539628293000099)","Unfall 237533 (2022) Kat:2, Licht: 0","237533","2","3","5","09","09","4","","0","0","1","0","0"
"POINT (13.431760835000000 52.497463164000102)","Unfall 237534 (2022) Kat:3, Licht: 0","237534","3","2","5","10","15","4","","0","0","1","0","1"
"POINT (13.147643312000101 52.532151472000102)","Unfall 237535 (2022) Kat:3, Licht: 0","237535","3","6","4","09","11","3","","0","0","1","0","0"
"POINT (13.286800192999999 52.495817534000103)","Unfall 237536 (2022) Kat:3, Licht: 0","237536","3","3","5","10","14","5","","0","0","1","0","1"
"POINT (13.461574120000000 52.468738530000103)","Unfall 237537 (2022) Kat:3, Licht: 0","237537","3","6","3","09","14","6","","0","0","1","0","1"
"POINT (13.334880814000000 52.443224053999998)","Unfall 237538 (2022) Kat:3, Licht: 0","237538","3","4","6","10","08","2","","0","0","1","1","0"
"POINT (13.376113093000100 52.501566992000100)","Unfall 237539 (2022) Kat:2, Licht: 2","237539","2","1","5","10","23","2","","2","0","1","0","0"
"POINT (13.595087616000100 52.455957132999998)","Unfall 237540 (2022) Kat:2, Licht: 0","237540","2","3","5","09","18","4","","0","0","1","0","0"
"POINT (13.297919047000100 52.578173143000100)","Unfall 237541 (2022) Kat:3, Licht: 0","237541","3","2","5","09","14","3","","0","0","1","0","0"
"POINT (13.514058223000101 52.539951240000100)","Unfall 237542 (2022) Kat:3, Licht: 0","237542","3","1","8","09","18","2","","0","0","1","0","0"
"POINT (13.182630570000100 52.538398496000099)","Unfall 237543 (2022) Kat:2, Licht: 2","237543","2","1","0","10","20","4","","2","0","0","0","0"
"POINT (13.581983592000000 52.438928660000002)","Unfall 237544 (2022) Kat:3, Licht: 0","237544","3","2","5","09","07","5","","0","1","1","0","0"
"POINT (13.571392353000000 52.528622687000102)","Unfall 237545 (2022) Kat:3, Licht: 0","237545","3","4","6","10","17","4","","0","0","1","1","0"
"POINT (13.218387438000001 52.537421353000099)","Unfall 237546 (2022) Kat:3, Licht: 0","237546","3","6","2","09","09","1","","0","0","1","0","0"
"POINT (13.526077959000100 52.456185682000097)","Unfall 237547 (2022) Kat:3, Licht: 0","237547","3","2","6","09","14","5","","0","0","1","1","0"
"POINT (13.452873257000000 52.512405328000099)","Unfall 237548 (2022) Kat:3, Licht: 0","237548","3","2","5","10","16","1","","0","1","1","0","0"
"POINT (13.448440336999999 52.464498671999998)","Unfall 237549 (2022) Kat:3, Licht: 0","237549","3","2","5","09","09","2","","0","0","1","0","0"
"POINT (13.399779409000100 52.395302092000101)","Unfall 237550 (2022) Kat:3, Licht: 0","237550","3","3","5","10","09","7","","0","0","1","0","0"
"POINT (13.333263271000000 52.487709236999997)","Unfall 237551 (2022) Kat:3, Licht: 0","237551","3","3","5","09","17","4","","0","1","1","0","0"
"POINT (13.351964731000100 52.435932443000098)","Unfall 237552 (2022) Kat:3, Licht: 0","237552","3","2","2","10","12","7","","0","0","1","0","0"
"POINT (13.351226344000100 52.510463017000099)","Unfall 237553 (2022) Kat:3, Licht: 0","237553","3","3","5","09","11","2","","0","1","1","0","0"
"POINT (13.424567744999999 52.546952423000100)","Unfall 237554 (2022) Kat:3, Licht: 0","237554","3","4","6","09","16","2","","0","0","1","1","0"
"POINT (13.331082024000100 52.495364629999997)","Unfall 237555 (2022) Kat:3, Licht: 0","237555","3","3","5","10","16","3","","0","0","1","0","1"
"POINT (13.350352230000100 52.549571673000102)","Unfall 237556 (2022) Kat:2, Licht: 0","237556","2","3","5","10","13","4","","0","0","0","0","0"
"POINT (13.338827228000101 52.465264581000000)","Unfall 237557 (2022) Kat:2, Licht: 2","237557","2","2","5","09","22","6","","2","0","1","0","0"
"POINT (13.321212385000001 52.501957142999998)","Unfall 237558 (2022) Kat:3, Licht: 2","237558","3","1","0","10","02","7","","2","0","0","0","0"
"POINT (13.479110225000101 52.501850351000002)","Unfall 237559 (2022) Kat:2, Licht: 0","237559","2","6","2","09","11","7","","0","1","0","0","0"
"POINT (13.309188084000001 52.621617098999998)","Unfall 237560 (2022) Kat:3, Licht: 0","237560","3","3","5","09","10","6","","0","0","0","0","1"
"POINT (13.299349914000100 52.432438269000002)","Unfall 237561 (2022) Kat:3, Licht: 0","237561","3","2","5","09","09","3","","0","0","1","0","0"
"POINT (13.241226175000101 52.438399752000102)","Unfall 237562 (2022) Kat:3, Licht: 1","237562","3","3","5","09","18","3","","1","0","1","0","0"
"POINT (13.527051031999999 52.486741144000099)","Unfall 237563 (2022) Kat:3, Licht: 0","237563","3","4","6","10","11","6","","0","0","1","1","0"
"POINT (13.532722520000000 52.430792466000099)","Unfall 237564 (2022) Kat:3, Licht: 0","237564","3","2","5","09","09","4","","0","0","1","0","0"
"POINT (13.305616772000100 52.418484367000097)","Unfall 237565 (2022) Kat:3, Licht: 0","237565","3","7","5","09","15","6","","0","0","1","0","1"
"POINT (13.461068939000000 52.511159120999999)","Unfall 237566 (2022) Kat:3, Licht: 0","237566","3","3","5","10","08","3","","0","0","1","0","1"
"POINT (13.444270170999999 52.487446180000099)","Unfall 237567 (2022) Kat:3, Licht: 0","237567","3","2","5","10","16","2","","0","0","1","0","1"
"POINT (13.341712416000099 52.415908242999997)","Unfall 237568 (2022) Kat:3, Licht: 0","237568","3","2","5","09","13","6","","0","1","1","0","0"
"POINT (13.416722478000100 52.510937941000101)","Unfall 237569 (2022) Kat:2, Licht: 0","237569","2","6","4","09","12","7","","0","1","0","0","0"
"POINT (13.247852700000101 52.612867031000100)","Unfall 237570 (2022) Kat:3, Licht: 0","237570","3","7","5","09","17","2","","0","1","0","0","0"
"POINT (13.426421138000000 52.419620895999998)","Unfall 237571 (2022) Kat:2, Licht: 0","237571","2","1","8","10","11","4","","0","0","0","0","1"
"POINT (13.475365255000000 52.439705526000097)","Unfall 237572 (2022) Kat:2, Licht: 2","237572","2","3","5","09","20","5","","2","0","1","0","1"
"POINT (13.205490366999999 52.562190278999999)","Unfall 237573 (2022) Kat:3, Licht: 0","237573","3","7","1","10","13","5","","0","0","1","0","0"
"POINT (13.525638414000101 52.534838162000000)","Unfall 237574 (2022) Kat:3, Licht: 0","237574","3","6","3","09","15","6","","0","1","1","0","0"
"POINT (13.278874040000099 52.630095203000103)","Unfall 237575 (2022) Kat:3, Licht: 0","237575","3","2","5","09","16","5","","0","1","1","0","0"
"POINT (13.435220672000099 52.491188284000003)","Unfall 237576 (2022) Kat:3, Licht: 0","237576","3","2","5","10","14","2","","0","1","1","0","0"
"POINT (13.404966326000000 52.427797048999999)","Unfall 237577 (2022) Kat:3, Licht: 0","237577","3","1","0","10","14","7","","0","0","0","0","1"
"POINT (13.297630837000000 52.464871379999998)","Unfall 237578 (2022) Kat:3, Licht: 0","237578","3","5","1","09","09","4","","0","1","1","0","0"
"POINT (13.296024763000000 52.513541508000102)","Unfall 237579 (2022) Kat:3, Licht: 0","237579","3","7","6","09","18","2","","0","0","0","1","0"
"POINT (13.218674339000099 52.432438150000102)","Unfall 237580 (2022) Kat:3, Licht: 0","237580","3","2","6","10","10","3","","0","0","1","1","0"
"POINT (13.328192023000000 52.564647433000097)","Unfall 237581 (2022) Kat:3, Licht: 0","237581","3","6","3","10","15","4","","0","0","1","0","1"
"POINT (13.357908510000099 52.499870642000097)","Unfall 237582 (2022) Kat:3, Licht: 2","237582","3","4","6","09","20","1","","2","0","0","1","0"
"POINT (13.206136236000100 52.542179832000002)","Unfall 237583 (2022) Kat:3, Licht: 0","237583","3","4","6","09","17","4","","0","0","1","1","0"
"POINT (13.619014082000000 52.496215697000103)","Unfall 237584 (2022) Kat:2, Licht: 0","237584","2","2","5","10","16","7","","0","0","1","0","0"
"POINT (13.353385244000000 52.516449834000099)","Unfall 237585 (2022) Kat:3, Licht: 0","237585","3","6","3","09","13","2","","0","1","0","0","0"
"POINT (13.342245128000100 52.607514353000099)","Unfall 237586 (2022) Kat:2, Licht: 0","237586","2","1","0","10","17","7","","0","0","0","0","1"
"POINT (13.358888665000100 52.456931953000002)","Unfall 237587 (2022) Kat:2, Licht: 0","237587","2","6","3","09","07","4","","0","1","0","0","0"
"POINT (13.383824649000100 52.455808021000102)","Unfall 237588 (2022) Kat:3, Licht: 0","237588","3","2","0","10","16","5","","0","1","1","0","0"
"POINT (13.374646290999999 52.510224251000103)","Unfall 237589 (2022) Kat:3, Licht: 0","237589","3","4","6","09","16","1","","0","0","1","1","0"
"POINT (13.328425774999999 52.593594529000001)","Unfall 237590 (2022) Kat:3, Licht: 0","237590","3","7","0","09","09","2","","0","0","1","0","0"
"POINT (13.434172838000100 52.451665963000004)","Unfall 237591 (2022) Kat:3, Licht: 0","237591","3","2","5","10","17","2","","0","1","1","0","0"
"POINT (13.328419129000100 52.564782211000100)","Unfall 237592 (2022) Kat:3, Licht: 0","237592","3","2","5","10","12","3","","0","1","1","0","0"
"POINT (13.361463365000100 52.484383557000100)","Unfall 237593 (2022) Kat:3, Licht: 0","237593","3","7","2","09","14","7","","0","1","1","0","0"
"POINT (13.293118488000101 52.578681511000099)","Unfall 237594 (2022) Kat:2, Licht: 0","237594","2","3","5","10","14","6","","0","1","1","0","0"
"POINT (13.274104953000100 52.484631425000003)","Unfall 237595 (2022) Kat:3, Licht: 0","237595","3","3","5","09","11","7","","0","0","1","0","0"
"POINT (13.568448047000100 52.513182777000097)","Unfall 237596 (2022) Kat:3, Licht: 0","237596","3","2","5","09","14","6","","0","1","1","0","0"
"POINT (13.372487259000000 52.556619685000001)","Unfall 237597 (2022) Kat:3, Licht: 0","237597","3","2","5","09","11","3","","0","0","1","0","0"
"POINT (13.487786121999999 52.537639929000100)","Unfall 237598 (2022) Kat:3, Licht: 0","237598","3","4","6","09","08","4","","0","0","1","1","0"
"POINT (13.504882164000000 52.437212714000097)","Unfall 237599 (2022) Kat:3, Licht: 2","237599","3","3","5","10","21","5","","2","1","1","0","0"
"POINT (13.432007184000000 52.499326926999998)","Unfall 237600 (2022) Kat:3, Licht: 0","237600","3","3","5","09","18","3","","0","1","1","0","0"
"POINT (13.373789422000099 52.445067672000100)","Unfall 237601 (2022) Kat:3, Licht: 0","237601","3","7","0","09","16","5","","0","0","0","0","1"
"POINT (13.558027918000100 52.529608413000098)","Unfall 237602 (2022) Kat:3, Licht: 0","237602","3","3","5","10","12","7","","0","0","1","0","0"
"POINT (13.383919260000001 52.542639125999997)","Unfall 237603 (2022) Kat:3, Licht: 0","237603","3","5","1","09","07","2","","0","1","0","0","0"
"POINT (13.400099010000099 52.459126263000002)","Unfall 237604 (2022) Kat:3, Licht: 0","237604","3","2","5","09","16","6","","0","0","1","0","0"
"POINT (13.370860845999999 52.526917402000002)","Unfall 237605 (2022) Kat:3, Licht: 0","237605","3","6","3","09","15","4","","0","0","1","0","1"
"POINT (13.430140730000099 52.485990958999999)","Unfall 237606 (2022) Kat:3, Licht: 0","237606","3","2","6","10","14","6","","0","0","1","1","0"
"POINT (13.348045853000000 52.485398117999999)","Unfall 237607 (2022) Kat:3, Licht: 0","237607","3","3","5","09","10","3","","0","1","1","0","0"
"POINT (13.417777744000000 52.518077020000099)","Unfall 237608 (2022) Kat:3, Licht: 0","237608","3","2","2","09","15","7","","0","0","1","0","1"
"POINT (13.320554258000101 52.456637475000001)","Unfall 237609 (2022) Kat:3, Licht: 0","237609","3","6","2","09","08","2","","0","0","1","0","0"
"POINT (13.463808986000100 52.470594431000102)","Unfall 237610 (2022) Kat:3, Licht: 0","237610","3","6","0","10","09","3","","0","0","1","0","0"
"POINT (13.375054225000000 52.491824909999998)","Unfall 237611 (2022) Kat:3, Licht: 0","237611","3","7","5","10","10","4","","0","0","1","0","0"
"POINT (13.214066731999999 52.538385681000101)","Unfall 237612 (2022) Kat:3, Licht: 0","237612","3","3","5","09","14","6","","0","1","1","0","0"
"POINT (13.557120227000000 52.534309687000103)","Unfall 237613 (2022) Kat:3, Licht: 0","237613","3","7","5","10","15","6","","0","0","1","0","0"
"POINT (13.351735116000000 52.506532419999999)","Unfall 237614 (2022) Kat:2, Licht: 0","237614","2","5","1","09","13","1","","0","1","1","0","0"
"POINT (13.631517600000100 52.509900961000000)","Unfall 237615 (2022) Kat:3, Licht: 2","237615","3","7","1","09","04","5","","2","0","1","0","0"
"POINT (13.378050762000001 52.466322970000100)","Unfall 237616 (2022) Kat:3, Licht: 0","237616","3","2","0","09","14","3","","0","0","1","0","0"
"POINT (13.374655744000099 52.417855135000103)","Unfall 237617 (2022) Kat:3, Licht: 0","237617","3","7","2","09","16","4","","0","0","1","1","0"
"POINT (13.316387547000000 52.498618065000102)","Unfall 237618 (2022) Kat:2, Licht: 0","237618","2","2","0","10","15","5","","0","0","1","1","0"
"POINT (13.495325527000000 52.546929556000102)","Unfall 237619 (2022) Kat:3, Licht: 0","237619","3","6","2","09","07","4","","0","1","1","0","0"
"POINT (13.281279915000001 52.512789218000101)","Unfall 237620 (2022) Kat:3, Licht: 0","237620","3","2","5","09","08","3","","0","1","1","0","0"
"POINT (13.402935031000000 52.521402325000103)","Unfall 237621 (2022) Kat:3, Licht: 0","237621","3","3","5","09","18","6","","0","1","1","0","0"
"POINT (13.431991855000000 52.499324344999998)","Unfall 237622 (2022) Kat:3, Licht: 0","237622","3","2","5","10","14","3","","0","1","1","0","0"
"POINT (13.300696013000000 52.488061373000100)","Unfall 237623 (2022) Kat:3, Licht: 0","237623","3","6","2","10","08","3","","0","0","1","0","1"
"POINT (13.586020491999999 52.425828606000003)","Unfall 237624 (2022) Kat:3, Licht: 0","237624","3","2","5","09","13","5","","0","1","1","0","0"
"POINT (13.354502306000001 52.617250544999997)","Unfall 237625 (2022) Kat:3, Licht: 0","237625","3","6","2","09","07","6","","0","0","1","0","0"
"POINT (13.185645507000100 52.537910730000100)","Unfall 237626 (2022) Kat:3, Licht: 0","237626","3","4","6","09","17","3","","0","0","1","1","0"
"POINT (13.609872555000001 52.532975733000100)","Unfall 237627 (2022) Kat:3, Licht: 0","237627","3","4","6","10","08","4","","0","0","1","1","0"
"POINT (13.304670176000100 52.499479383999997)","Unfall 237628 (2022) Kat:3, Licht: 0","237628","3","6","3","09","11","5","","0","1","1","0","0"
"POINT (13.446367941000100 52.517635613000003)","Unfall 237629 (2022) Kat:3, Licht: 0","237629","3","4","0","10","15","5","","0","1","0","1","0"
"POINT (13.360340209000100 52.537244298000097)","Unfall 237630 (2022) Kat:3, Licht: 0","237630","3","2","5","09","12","7","","0","1","1","0","0"
"POINT (13.572782062000000 52.550151966999998)","Unfall 237631 (2022) Kat:3, Licht: 0","237631","3","2","5","09","07","5","","0","0","1","0","0"
"POINT (13.361325906999999 52.416321977000102)","Unfall 237632 (2022) Kat:3, Licht: 0","237632","3","6","2","10","15","2","","0","0","1","0","0"
"POINT (13.608386590000100 52.538851341000097)","Unfall 237633 (2022) Kat:3, Licht: 0","237633","3","3","5","09","15","2","","0","1","1","0","0"
"POINT (13.330497141000000 52.562548550000002)","Unfall 237634 (2022) Kat:3, Licht: 0","237634","3","6","2","10","13","7","","0","0","1","0","0"
"POINT (13.322614260000000 52.485964172000102)","Unfall 237635 (2022) Kat:3, Licht: 0","237635","3","4","6","09","13","5","","0","1","0","1","0"
"POINT (13.315824860000101 52.481854974999997)","Unfall 237636 (2022) Kat:3, Licht: 0","237636","3","7","5","10","13","6","","0","1","1","0","0"
"POINT (13.329449325000001 52.481534103999998)","Unfall 237637 (2022) Kat:3, Licht: 0","237637","3","2","5","09","10","2","","0","1","1","0","0"
"POINT (13.433867330000099 52.559505380000097)","Unfall 237638 (2022) Kat:2, Licht: 0","237638","2","1","0","09","17","2","","0","1","0","0","0"
"POINT (13.351160309000001 52.509636934000099)","Unfall 237639 (2022) Kat:3, Licht: 0","237639","3","2","5","10","14","3","","0","1","1","0","0"
"POINT (13.536031645000000 52.426059047000102)","Unfall 237640 (2022) Kat:3, Licht: 0","237640","3","3","5","10","17","4","","0","1","1","0","0"
"POINT (13.523692460000101 52.452377651000099)","Unfall 237641 (2022) Kat:3, Licht: 2","237641","3","3","5","09","02","1","","2","0","1","0","0"
"POINT (13.473876309000000 52.542733079000101)","Unfall 237642 (2022) Kat:3, Licht: 2","237642","3","6","2","09","19","4","","2","1","1","0","0"
"POINT (13.583020600999999 52.462265127000101)","Unfall 237643 (2022) Kat:3, Licht: 0","237643","3","7","5","10","17","7","","0","0","1","0","0"
"POINT (13.161667203000000 52.523550264999997)","Unfall 237644 (2022) Kat:3, Licht: 0","237644","3","3","5","09","12","2","","0","0","1","0","0"
"POINT (13.499337442000099 52.630601491999997)","Unfall 237645 (2022) Kat:3, Licht: 0","237645","3","3","5","10","14","7","","0","0","1","0","0"
"POINT (13.377394995000000 52.514569553999998)","Unfall 237646 (2022) Kat:3, Licht: 0","237646","3","1","4","09","15","3","","0","0","1","0","0"
"POINT (13.370997717000000 52.560472482000101)","Unfall 237647 (2022) Kat:3, Licht: 2","237647","3","4","6","09","21","4","","2","0","0","1","1"
"POINT (13.294671917000100 52.534564625000002)","Unfall 237648 (2022) Kat:3, Licht: 0","237648","3","6","3","10","12","6","","0","0","1","0","0"
"POINT (13.287733070000099 52.496137574999999)","Unfall 237649 (2022) Kat:2, Licht: 0","237649","2","2","5","09","15","1","","0","0","1","0","0"
"POINT (13.447632205000000 52.497986846000103)","Unfall 237650 (2022) Kat:3, Licht: 2","237650","3","7","5","10","20","2","","2","0","1","0","1"
"POINT (13.437036413000000 52.510382266000100)","Unfall 237651 (2022) Kat:2, Licht: 0","237651","2","2","5","10","09","4","","0","1","1","0","0"
"POINT (13.344581367000000 52.435607284000099)","Unfall 237652 (2022) Kat:3, Licht: 0","237652","3","3","5","09","16","6","","0","0","1","0","1"
"POINT (13.442967439000000 52.504031203000103)","Unfall 237653 (2022) Kat:3, Licht: 0","237653","3","3","5","10","15","6","","0","0","1","0","0"
"POINT (13.429203808000100 52.493098560000099)","Unfall 237654 (2022) Kat:3, Licht: 0","237654","3","6","2","09","13","7","","0","1","1","0","0"
"POINT (13.363893303999999 52.556419128000101)","Unfall 237655 (2022) Kat:3, Licht: 2","237655","3","4","6","09","21","6","","2","0","1","1","0"
"POINT (13.451256499000101 52.436622896000102)","Unfall 237656 (2022) Kat:3, Licht: 0","237656","3","2","5","09","12","3","","0","1","1","0","0"
"POINT (13.328605614000001 52.440743800000099)","Unfall 237657 (2022) Kat:2, Licht: 1","237657","2","2","6","09","18","3","","1","0","1","1","0"
"POINT (13.208768464000100 52.510674536000103)","Unfall 237658 (2022) Kat:2, Licht: 2","237658","2","6","2","10","19","5","","2","0","1","0","1"
"POINT (13.350761315000099 52.524422511000097)","Unfall 237659 (2022) Kat:3, Licht: 1","237659","3","4","6","09","07","4","","1","0","1","1","0"
"POINT (13.383212667000100 52.554252549000097)","Unfall 237660 (2022) Kat:3, Licht: 0","237660","3","2","5","09","13","6","","0","0","1","0","1"
"POINT (13.402766671000100 52.493937482000000)","Unfall 237661 (2022) Kat:3, Licht: 0","237661","3","2","5","10","16","2","","0","1","1","0","0"