WKT,Name,OBJECTID,UKATEGORIE,UTYP1,UART,UMONAT,USTUNDE,UWOCHENTAG,STRZUSTAND,ULICHTVERH,ISTRAD,ISTPKW,ISTFUSS,ISTKRAD
"POINT (13.499994652000099 52.532411795000002)","Unfall 237662 (2022) Kat:3, Licht: 0","237662","3","6","2","10","14","1","","0","0","1","0","0"
"POINT (13.431981916000000 52.466435854000103)","Unfall 237663 (2022) Kat:3, Licht: 1","237663","3","2","5","09","19","5","","1","0","0","0","1"
"POINT (13.469034511000100 52.502437028000003)","Unfall 237664 (2022) Kat:3, Licht: 1","237664","3","4","6","09","06","2","","1","0","1","1","0"
"POINT (13.574337835000099 52.413871244000099)","Unfall 237665 (2022) Kat:3, Licht: 0","237665","3","2","5","10","12","4","","0","0","1","0","0"
"POINT (13.409740590000100 52.387199773000098)","Unfall 237666 (2022) Kat:3, Licht: 1","237666","3","2","6","09","19","5","","1","0","1","1","0"
"POINT (13.460011486999999 52.559806354999999)","Unfall 237667 (2022) Kat:3, Licht: 0","237667","3","4","6","10","09","6","","0","0","1","1","0"
"POINT (13.505167686000000 52.534544156000003)","Unfall 237668 (2022) Kat:3, Licht: 0","237668","3","1","0","09","15","7","","0","0","0","0","1"
"POINT (13.423520986000000 52.486559718000102)","Unfall 237669 (2022) Kat:3, Licht: 0","237669","3","6","2","09","15","5","","0","0","1","0","1"
"POINT (13.435410836000100 52.466638616000097)","Unfall 237670 (2022) Kat:3, Licht: 0","237670","3","6","2","09","11","6","","0","0","1","0","0"
"POINT (13.379889249000000 52.481364072000098)","Unfall 237671 (2022) Kat:3, Licht: 0","237671","3","5","1","09","08","3","","0","1","1","0","0"
"POINT (13.366446333000100 52.602150823999999)","Unfall 237672 (2022) Kat:3, Licht: 0","237672","3","6","2","10","13","2","","0","0","1","0","0"
"POINT (13.190643978000001 52.536359347000001)","Unfall 237673 (2022) Kat:3, Licht: 2","237673","3","4","6","10","20","1","","2","0","1","1","0"
"POINT (13.411822264000000 52.523967652000103)","Unfall 237674 (2022) Kat:3, Licht: 0","237674","3","2","0","09","10","6","","0","0","0","0","0"
"POINT (13.351485900000100 52.546815203000101)","Unfall 237675 (2022) Kat:3, Licht: 0","237675","3","3","5","09","17","2","","0","1","0","0","0"
"POINT (13.423277517000001 52.499060946000000)","Unfall 237676 (2022) Kat:2, Licht: 2","237676","2","6","0","10","20","4","","2","1","1","0","0"
"POINT (13.306602969000000 52.518119101000103)","Unfall 237677 (2022) Kat:3, Licht: 0","237677","3","3","5","09","13","5","","0","0","1","0","1"
"POINT (13.301729291000100 52.509737970000103)","Unfall 237678 (2022) Kat:3, Licht: 0","237678","3","2","6","10","14","5","","0","0","1","1","0"
"POINT (13.242526589000001 52.433960304999999)","Unfall 237679 (2022) Kat:3, Licht: 0","237679","3","3","5","09","17","6","","0","1","1","0","0"
"POINT (13.336242250000099 52.542382229000097)","Unfall 237680 (2022) Kat:3, Licht: 0","237680","3","2","3","09","12","5","","0","0","1","0","0"
"POINT (13.374899979000100 52.485933291999999)","Unfall 237681 (2022) Kat:3, Licht: 0","237681","3","7","2","10","10","2","","0","0","1","0","1"
"POINT (13.367215658000100 52.522443973000101)","Unfall 237682 (2022) Kat:3, Licht: 0","237682","3","1","0","09","07","2","","0","1","0","0","0"
"POINT (13.394290925000099 52.491031254000099)","Unfall 237683 (2022) Kat:3, Licht: 0","237683","3","6","2","10","11","1","","0","0","1","0","0"
"POINT (13.458495443000100 52.472514668000002)","Unfall 237684 (2022) Kat:3, Licht: 0","237684","3","1","8","09","12","5","","0","0","1","0","0"
"POINT (13.434317197000000 52.483031463000003)","Unfall 237685 (2022) Kat:3, Licht: 1","237685","3","7","2","09","18","1","","1","1","1","0","0"
"POINT (13.492780489999999 52.414936609999998)","Unfall 237686 (2022) Kat:3, Licht: 0","237686","3","7","1","09","17","2","","0","1","1","0","0"
"POINT (13.428806915999999 52.547835770000098)","Unfall 237687 (2022) Kat:2, Licht: 0","237687","2","4","6","10","16","3","","0","0","1","1","0"
"POINT (13.298541467000099 52.498325354000002)","Unfall 237688 (2022) Kat:3, Licht: 1","237688","3","7","6","10","17","4","","1","0","1","1","0"
"POINT (13.361028901999999 52.547492087000101)","Unfall 237689 (2022) Kat:3, Licht: 0","237689","3","6","2","09","16","1","","0","0","1","0","0"
"POINT (13.332463309000000 52.504133646000099)","Unfall 237690 (2022) Kat:2, Licht: 1","237690","2","7","0","09","19","4","","1","0","0","0","0"
"POINT (13.389688449000101 52.526624972000000)","Unfall 237691 (2022) Kat:3, Licht: 0","237691","3","5","1","10","17","7","","0","1","1","0","0"
"POINT (13.313104109999999 52.500993569999999)","Unfall 237692 (2022) Kat:3, Licht: 0","237692","3","2","0","09","15","2","","0","1","1","0","0"
"POINT (13.573620052000001 52.552366888999998)","Unfall 237693 (2022) Kat:2, Licht: 2","237693","2","3","5","09","20","6","","2","0","1","0","1"
"POINT (13.183320794000100 52.541557347999998)","Unfall 237694 (2022) Kat:2, Licht: 0","237694","2","2","5","09","11","4","","0","0","1","0","1"
"POINT (13.353203374000000 52.516209232999998)","Unfall 237695 (2022) Kat:3, Licht: 2","237695","3","1","0","09","01","4","","2","0","0","0","0"
"POINT (13.580889669999999 52.487926792000103)","Unfall 237696 (2022) Kat:3, Licht: 0","237696","3","6","0","10","13","5","","0","1","0","0","0"
"POINT (13.400219555000000 52.509502765000001)","Unfall 237697 (2022) Kat:3, Licht: 1","237697","3","3","5","09","18","4","","1","1","0","0","1"
"POINT (13.436437563000000 52.548528241000000)","Unfall 237698 (2022) Kat:3, Licht: 0","237698","3","3","5","09","07","3","","0","1","1","0","0"
"POINT (13.393752599999999 52.515052644999997)","Unfall 237699 (2022) Kat:3, Licht: 0","237699","3","6","3","09","16","6","","0","0","1","0","1"
"POINT (13.302700454000000 52.480194881000003)","Unfall 237700 (2022) Kat:3, Licht: 0","237700","3","6","2","10","08","3","","0","1","1","0","0"
"POINT (13.439024645000099 52.452619083999998)","Unfall 237701 (2022) Kat:3, Licht: 0","237701","3","6","0","10","18","3","","0","0","1","0","0"
"POINT (13.575314822000101 52.453824843000099)","Unfall 237702 (2022) Kat:2, Licht: 0","237702","2","3","5","09","06","6","","0","0","1","0","1"
"POINT (13.412923668000101 52.506436407000102)","Unfall 237703 (2022) Kat:3, Licht: 2","237703","3","6","2","10","20","6","","2","0","1","0","0"
"POINT (13.339508018000100 52.479027027000001)","Unfall 237704 (2022) Kat:2, Licht: 0","237704","2","6","2","09","09","7","","0","0","1","0","0"
"POINT (13.396972225000100 52.538537224999999)","Unfall 237705 (2022) Kat:3, Licht: 0","237705","3","2","5","09","09","6","","0","0","1","0","1"
"POINT (13.226944336000001 52.584515469999999)","Unfall 237706 (2022) Kat:3, Licht: 0","237706","3","3","5","09","14","3","","0","0","1","0","0"
"POINT (13.352575689000000 52.524199207000002)","Unfall 237707 (2022) Kat:3, Licht: 0","237707","3","7","0","09","12","4","","0","1","0","0","0"
"POINT (13.314784274999999 52.500960542000001)","Unfall 237708 (2022) Kat:3, Licht: 1","237708","3","6","3","10","17","4","","1","0","1","0","0"
"POINT (13.393021328000000 52.515007576000102)","Unfall 237709 (2022) Kat:3, Licht: 0","237709","3","2","5","09","17","4","","0","1","1","0","0"
"POINT (13.559497733000100 52.533957464000103)","Unfall 237710 (2022) Kat:3, Licht: 2","237710","3","3","0","10","05","6","","2","0","1","0","1"
"POINT (13.487312912000000 52.475719819000098)","Unfall 237711 (2022) Kat:3, Licht: 0","237711","3","2","5","09","17","6","","0","1","1","0","0"
"POINT (13.449394441000001 52.443959592000098)","Unfall 237712 (2022) Kat:3, Licht: 0","237712","3","3","5","10","14","2","","0","0","1","0","0"
"POINT (13.178104242000099 52.548818371999999)","Unfall 237713 (2022) Kat:3, Licht: 2","237713","3","2","5","10","20","2","","2","0","1","0","0"
"POINT (13.435027393000000 52.435344843999999)","Unfall 237714 (2022) Kat:3, Licht: 1","237714","3","3","5","09","18","5","","1","0","1","0","1"
"POINT (13.406014247000000 52.540921586000103)","Unfall 237715 (2022) Kat:3, Licht: 0","237715","3","6","2","09","07","3","","0","0","1","0","0"
"POINT (13.309740352000100 52.493035728999999)","Unfall 237716 (2022) Kat:3, Licht: 0","237716","3","7","5","10","17","4","","0","0","1","0","1"
"POINT (13.183618568000000 52.542206126000103)","Unfall 237717 (2022) Kat:2, Licht: 0","237717","2","5","1","09","17","5","","0","1","1","0","0"
"POINT (13.511725381000099 52.448844321000102)","Unfall 237718 (2022) Kat:3, Licht: 0","237718","3","1","0","10","17","4","","0","0","0","0","1"
"POINT (13.443845240000000 52.499994942000100)","Unfall 237719 (2022) Kat:3, Licht: 1","237719","3","3","5","09","06","2","","1","1","1","0","0"
"POINT (13.353542701000000 52.551063309000000)","Unfall 237720 (2022) Kat:3, Licht: 0","237720","3","6","2","09","13","5","","0","0","1","0","0"
"POINT (13.467642389000000 52.468425393000103)","Unfall 237721 (2022) Kat:3, Licht: 2","237721","3","7","6","10","21","1","","2","0","1","1","0"
"POINT (13.593330382000000 52.530364914000103)","Unfall 237722 (2022) Kat:2, Licht: 0","237722","2","4","6","09","16","2","","0","0","1","1","0"
"POINT (13.320562830000000 52.499378184000101)","Unfall 237723 (2022) Kat:2, Licht: 2","237723","2","5","1","10","03","7","","2","0","1","0","0"
"POINT (13.316160852000101 52.467189409000099)","Unfall 237724 (2022) Kat:2, Licht: 0","237724","2","3","5","09","07","4","","0","1","1","0","0"
"POINT (13.300347888999999 52.618511898000101)","Unfall 237725 (2022) Kat:3, Licht: 0","237725","3","3","5","10","15","7","","0","0","1","0","0"
"POINT (13.313613095000100 52.479522854999999)","Unfall 237726 (2022) Kat:2, Licht: 0","237726","2","7","6","09","09","3","","0","0","1","1","0"
"POINT (13.377067905000001 52.556403832999997)","Unfall 237727 (2022) Kat:3, Licht: 0","237727","3","2","5","09","17","2","","0","0","0","0","1"
"POINT (13.441189994000100 52.500581265999998)","Unfall 237728 (2022) Kat:3, Licht: 0","237728","3","1","8","10","11","3","","0","0","0","0","0"
"POINT (13.564069565000100 52.519088625999998)","Unfall 237729 (2022) Kat:2, Licht: 0","237729","2","6","2","10","11","3","","0","0","1","0","0"
"POINT (13.314024888000100 52.506215279999999)","Unfall 237730 (2022) Kat:3, Licht: 2","237730","3","2","2","09","22","6","","2","1","1","0","0"
"POINT (13.326099061000001 52.538377687000001)","Unfall 237731 (2022) Kat:3, Licht: 0","237731","3","2","5","10","16","6","","0","0","1","0","0"
"POINT (13.279667734000000 52.475788467000001)","Unfall 237732 (2022) Kat:3, Licht: 2","237732","3","6","3","09","22","7","","2","0","1","0","0"
"POINT (13.302132414000001 52.488405138000097)","Unfall 237733 (2022) Kat:3, Licht: 0","237733","3","2","5","09","15","6","","0","1","1","0","0"
"POINT (13.325857616000100 52.463647916000099)","Unfall 237734 (2022) Kat:2, Licht: 1","237734","2","7","0","09","07","2","","1","0","1","0","0"
"POINT (13.408762937000100 52.401159491999998)","Unfall 237735 (2022) Kat:3, Licht: 0","237735","3","3","5","09","14","3","","0","1","1","0","0"
"POINT (13.390921805000101 52.522080538000097)","Unfall 237736 (2022) Kat:2, Licht: 0","237736","2","7","2","10","12","6","","0","0","1","0","1"
"POINT (13.400653372000001 52.510083114000103)","Unfall 237737 (2022) Kat:3, Licht: 0","237737","3","6","2","09","17","3","","0","0","1","0","0"
"POINT (13.649164300000100 52.449611880000099)","Unfall 237738 (2022) Kat:1, Licht: 0","237738","1","7","4","10","16","1","","0","0","1","0","0"
"POINT (13.262230403000000 52.424632620000096)","Unfall 237739 (2022) Kat:3, Licht: 0","237739","3","6","2","09","16","2","","0","0","1","0","1"
"POINT (13.306085315000100 52.459056535000101)","Unfall 237740 (2022) Kat:2, Licht: 0","237740","2","1","8","10","09","1","","0","0","1","0","0"
"POINT (13.505064337000000 52.548911156000003)","Unfall 237741 (2022) Kat:3, Licht: 0","237741","3","5","1","09","16","5","","0","0","1","0","0"
"POINT (13.354450289000100 52.497500916000000)","Unfall 237742 (2022) Kat:3, Licht: 2","237742","3","4","6","09","19","2","","2","0","0","1","1"
"POINT (13.451942147000100 52.539573367999999)","Unfall 237743 (2022) Kat:3, Licht: 0","237743","3","7","2","09","11","2","","0","1","0","0","0"
"POINT (13.522350063999999 52.428415444999999)","Unfall 237744 (2022) Kat:3, Licht: 0","237744","3","2","5","10","10","3","","0","0","1","0","0"
"POINT (13.337469262000100 52.501395886000097)","Unfall 237745 (2022) Kat:2, Licht: 2","237745","2","7","0","10","20","5","","2","1","1","0","0"
"POINT (13.427963745000101 52.577222095000103)","Unfall 237746 (2022) Kat:3, Licht: 1","237746","3","7","5","09","19","6","","1","0","1","0","1"
"POINT (13.321873755000100 52.560823331999998)","Unfall 237747 (2022) Kat:3, Licht: 0","237747","3","6","2","09","16","4","","0","0","1","0","0"
"POINT (13.375731517000100 52.491689651999998)","Unfall 237748 (2022) Kat:3, Licht: 2","237748","3","6","6","10","19","6","","2","1","0","1","0"
"POINT (13.418145674000099 52.515422497000003)","Unfall 237749 (2022) Kat:2, Licht: 2","237749","2","2","5","09","00","1","","2","0","1","0","1"
"POINT (13.435298702000100 52.484177422000101)","Unfall 237750 (2022) Kat:3, Licht: 0","237750","3","6","2","09","13","6","","0","0","1","0","0"
"POINT (13.450447402000099 52.476677922000100)","Unfall 237751 (2022) Kat:3, Licht: 2","237751","3","1","0","09","21","3","","2","0","0","0","1"
"POINT (13.417389255000000 52.490702679999998)","Unfall 237752 (2022) Kat:3, Licht: 0","237752","3","6","2","09","14","4","","0","0","1","0","0"
"POINT (13.414742296000000 52.498504330000102)","Unfall 237753 (2022) Kat:3, Licht: 2","237753","3","1","8","10","06","6","","2","0","1","0","0"
"POINT (13.382250674000000 52.513646419000104)","Unfall 237754 (2022) Kat:3, Licht: 0","237754","3","5","1","09","09","4","","0","1","1","0","0"
"POINT (13.364510431999999 52.597121462000104)","Unfall 237755 (2022) Kat:3, Licht: 0","237755","3","2","5","09","15","7","","0","1","1","0","0"
"POINT (13.507138187000100 52.448696563000098)","Unfall 237756 (2022) Kat:3, Licht: 2","237756","3","1","0","10","21","2","","2","0","0","0","0"
"POINT (13.386351060000001 52.501372393000104)","Unfall 237757 (2022) Kat:3, Licht: 0","237757","3","7","5","10","12","3","","0","0","1","0","0"
"POINT (13.364442568000101 52.448471572000102)","Unfall 237758 (2022) Kat:3, Licht: 0","237758","3","6","3","09","16","5","","0","0","1","0","1"
"POINT (13.420583517000100 52.542300732999998)","Unfall 237759 (2022) Kat:3, Licht: 0","237759","3","6","2","10","14","6","","0","0","1","0","0"
"POINT (13.357555241000099 52.542336045000098)","Unfall 237760 (2022) Kat:3, Licht: 0","237760","3","1","1","09","19","1","","0","0","1","0","0"
"POINT (13.251022076000000 52.450182552999998)","Unfall 237761 (2022) Kat:3, Licht: 2","237761","3","2","6","09","19","5","","2","0","1","1","0"
"POINT (13.377907596000099 52.461451558000100)","Unfall 237762 (2022) Kat:3, Licht: 0","237762","3","1","0","09","10","3","","0","1","0","0","0"
"POINT (13.208541990000100 52.561576084000102)","Unfall 237763 (2022) Kat:3, Licht: 1","237763","3","2","5","09","20","3","","1","0","1","0","0"
"POINT (13.323800887000100 52.487014031000101)","Unfall 237764 (2022) Kat:3, Licht: 0","237764","3","7","5","10","09","5","","0","1","1","0","0"
"POINT (13.352303762000099 52.506395458999997)","Unfall 237765 (2022) Kat:3, Licht: 0","237765","3","7","5","09","18","3","","0","1","0","0","0"
"POINT (13.499297815000000 52.468331125000098)","Unfall 237766 (2022) Kat:3, Licht: 0","237766","3","7","0","10","16","5","","0","1","0","0","0"
"POINT (13.455218794000100 52.521186822000097)","Unfall 237767 (2022) Kat:3, Licht: 0","237767","3","2","6","09","09","6","","0","0","1","1","0"
"POINT (13.504756080000000 52.563224256000098)","Unfall 237768 (2022) Kat:3, Licht: 1","237768","3","2","5","10","07","2","","1","1","0","0","0"
"POINT (13.377401782000000 52.549680405000103)","Unfall 237769 (2022) Kat:3, Licht: 2","237769","3","7","6","10","22","1","","2","0","0","1","1"
"POINT (13.320330830000000 52.566043788000101)","Unfall 237770 (2022) Kat:3, Licht: 0","237770","3","3","5","09","16","4","","0","0","1","0","0"
"POINT (13.399602296000101 52.396946827000100)","Unfall 237771 (2022) Kat:3, Licht: 0","237771","3","3","5","09","17","3","","0","0","1","0","0"
"POINT (13.314285253000000 52.508811004999998)","Unfall 237772 (2022) Kat:3, Licht: 0","237772","3","2","6","10","11","4","","0","0","0","1","0"
"POINT (13.534591542999999 52.409466049000102)","Unfall 237773 (2022) Kat:3, Licht: 0","237773","3","4","6","09","14","5","","0","0","1","1","0"
"POINT (13.395868758000100 52.538226336000001)","Unfall 237774 (2022) Kat:3, Licht: 0","237774","3","2","5","10","08","5","","0","1","1","0","0"
"POINT (13.357928969000101 52.596780090999999)","Unfall 237775 (2022) Kat:3, Licht: 0","237775","3","2","5","09","10","7","","0","1","1","0","0"
"POINT (13.307981913000001 52.471256982000099)","Unfall 237776 (2022) Kat:3, Licht: 0","237776","3","7","5","09","14","5","","0","0","1","0","0"
"POINT (13.304354381000101 52.503631389000098)","Unfall 237777 (2022) Kat:3, Licht: 2","237777","3","2","5","10","18","7","","2","0","1","0","1"
"POINT (13.227486118000099 52.626506839999998)","Unfall 237778 (2022) Kat:2, Licht: 2","237778","2","7","8","09","01","1","","2","0","1","0","0"
"POINT (13.394364786000001 52.491736499000098)","Unfall 237779 (2022) Kat:3, Licht: 0","237779","3","2","6","10","13","7","","0","0","1","1","0"
"POINT (13.490545646999999 52.493358279000098)","Unfall 237780 (2022) Kat:3, Licht: 0","237780","3","3","5","09","17","4","","0","1","1","0","0"
"POINT (13.585333591000101 52.427264437000098)","Unfall 237781 (2022) Kat:2, Licht: 0","237781","2","4","6","10","11","6","","0","0","1","1","0"
"POINT (13.196860424000000 52.525650433000102)","Unfall 237782 (2022) Kat:3, Licht: 0","237782","3","7","0","09","10","7","","0","0","0","0","0"
"POINT (13.335654825000100 52.541698195000002)","Unfall 237783 (2022) Kat:3, Licht: 0","237783","3","6","2","09","13","2","","0","0","1","0","0"
"POINT (13.312547525000101 52.525757550000002)","Unfall 237784 (2022) Kat:3, Licht: 2","237784","3","6","4","10","01","3","","2","0","1","0","0"
"POINT (13.322580572000000 52.511730599000003)","Unfall 237785 (2022) Kat:3, Licht: 1","237785","3","6","2","10","17","3","","1","1","1","0","0"
"POINT (13.286668850000099 52.518749481999997)","Unfall 237786 (2022) Kat:2, Licht: 0","237786","2","2","5","09","15","6","","0","1","1","0","0"
"POINT (13.565796735999999 52.529174196000000)","Unfall 237787 (2022) Kat:3, Licht: 0","237787","3","2","6","09","12","3","","0","0","1","1","0"
"POINT (13.301204638000099 52.583640641999999)","Unfall 237788 (2022) Kat:3, Licht: 0","237788","3","3","5","10","17","6","","0","0","1","0","0"
"POINT (13.479708167000100 52.643863564000100)","Unfall 237789 (2022) Kat:3, Licht: 0","237789","3","6","2","09","18","7","","0","0","1","0","0"
"POINT (13.436517639000000 52.613531845000097)","Unfall 237790 (2022) Kat:3, Licht: 0","237790","3","1","8","09","12","5","","0","0","1","0","0"
"POINT (13.513743562000100 52.505468937000003)","Unfall 237791 (2022) Kat:3, Licht: 0","237791","3","2","5","09","08","2","","0","1","1","0","0"
"POINT (13.495897181000000 52.614565250000098)","Unfall 237792 (2022) Kat:3, Licht: 0","237792","3","4","6","09","07","4","","0","0","1","1","0"
"POINT (13.413495850000100 52.527128023000003)","Unfall 237793 (2022) Kat:3, Licht: 0","237793","3","3","5","10","08","5","","0","1","0","0","0"
"POINT (13.425523743999999 52.479787549999998)","Unfall 237794 (2022) Kat:3, Licht: 0","237794","3","3","5","09","07","4","","0","0","1","0","0"
"POINT (13.424347032000099 52.486290748000002)","Unfall 237795 (2022) Kat:2, Licht: 0","237795","2","2","5","09","07","6","","0","0","1","0","0"
"POINT (13.426200214000101 52.515891071000098)","Unfall 237796 (2022) Kat:3, Licht: 0","237796","3","3","5","10","10","3","","0","1","1","0","0"
"POINT (13.279261877000099 52.503845269000102)","Unfall 237797 (2022) Kat:3, Licht: 0","237797","3","6","2","10","11","2","","0","0","1","0","0"
"POINT (13.522412916000100 52.513232527000099)","Unfall 237798 (2022) Kat:3, Licht: 0","237798","3","5","1","09","12","6","","0","1","1","0","0"
"POINT (13.426214336999999 52.591570160000103)","Unfall 237799 (2022) Kat:3, Licht: 0","237799","3","3","5","09","15","7","","0","1","1","0","0"
"POINT (13.304242508000099 52.426687781000098)","Unfall 237800 (2022) Kat:3, Licht: 2","237800","3","2","6","09","20","3","","2","0","1","1","0"
"POINT (13.412057773000100 52.538217865000000)","Unfall 237801 (2022) Kat:3, Licht: 0","237801","3","1","0","10","08","4","","0","0","1","0","1"
"POINT (13.497618993000099 52.416017809000003)","Unfall 237802 (2022) Kat:2, Licht: 0","237802","2","2","5","09","18","5","","0","1","1","0","0"
"POINT (13.345287184000000 52.492731062000097)","Unfall 237803 (2022) Kat:3, Licht: 0","237803","3","6","2","10","14","5","","0","0","1","0","0"
"POINT (13.364564724999999 52.563024386999999)","Unfall 237804 (2022) Kat:3, Licht: 0","237804","3","6","2","09","10","6","","0","0","1","0","0"
"POINT (13.383376545000001 52.511453725000102)","Unfall 237805 (2022) Kat:3, Licht: 0","237805","3","2","5","09","10","5","","0","1","1","0","0"
"POINT (13.435165221000000 52.423330941000103)","Unfall 237806 (2022) Kat:3, Licht: 0","237806","3","6","2","10","16","2","","0","0","1","0","0"
"POINT (13.394983912000001 52.495950687000096)","Unfall 237807 (2022) Kat:3, Licht: 0","237807","3","7","2","10","12","1","","0","0","0","0","0"
"POINT (13.454098334999999 52.452875464000002)","Unfall 237808 (2022) Kat:3, Licht: 0","237808","3","2","5","09","16","5","","0","1","1","0","0"
"POINT (13.429459281000000 52.470876709999999)","Unfall 237809 (2022) Kat:3, Licht: 0","237809","3","4","6","10","15","7","","0","1","0","1","0"
"POINT (13.366011493000000 52.494433135000101)","Unfall 237810 (2022) Kat:2, Licht: 2","237810","2","5","1","09","22","1","","2","0","1","0","1"
"POINT (13.346202764999999 52.494517606000002)","Unfall 237811 (2022) Kat:2, Licht: 0","237811","2","3","0","09","08","2","","0","1","0","0","0"
"POINT (13.237225627999999 52.469279152000098)","Unfall 237812 (2022) Kat:3, Licht: 0","237812","3","3","5","10","12","3","","0","1","1","0","0"
"POINT (13.415059110000101 52.527127296000103)","Unfall 237813 (2022) Kat:3, Licht: 1","237813","3","6","2","10","19","2","","1","0","1","0","0"
"POINT (13.420602382000000 52.548714313000097)","Unfall 237814 (2022) Kat:3, Licht: 0","237814","3","2","5","09","16","6","","0","1","1","0","0"
"POINT (13.437124034000000 52.594312668999997)","Unfall 237815 (2022) Kat:3, Licht: 0","237815","3","3","5","09","13","6","","0","1","1","0","0"
"POINT (13.337981301000100 52.505181379000099)","Unfall 237816 (2022) Kat:3, Licht: 2","237816","3","6","0","09","19","5","","2","0","1","0","1"
"POINT (13.398400254000000 52.507050015000097)","Unfall 237817 (2022) Kat:3, Licht: 2","237817","3","2","5","09","19","3","","2","1","1","0","0"
"POINT (13.351344235999999 52.439980870000099)","Unfall 237818 (2022) Kat:3, Licht: 1","237818","3","6","2","10","18","5","","1","0","1","0","0"
"POINT (13.328297106000001 52.508009910000098)","Unfall 237819 (2022) Kat:3, Licht: 0","237819","3","2","5","09","15","5","","0","1","1","0","0"
"POINT (13.506197079000099 52.492049148000000)","Unfall 237820 (2022) Kat:3, Licht: 0","237820","3","3","5","10","16","5","","0","1","1","0","0"
"POINT (13.408048175999999 52.528413709000098)","Unfall 237821 (2022) Kat:3, Licht: 0","237821","3","6","2","09","08","6","","0","1","1","0","0"
"POINT (13.397417021000001 52.505890041999997)","Unfall 237822 (2022) Kat:3, Licht: 0","237822","3","5","1","09","10","6","","0","1","1","0","0"
"POINT (13.389348470000099 52.496108409000001)","Unfall 237823 (2022) Kat:3, Licht: 0","237823","3","2","5","10","07","2","","0","1","1","0","0"
"POINT (13.389424093000100 52.547144175000000)","Unfall 237824 (2022) Kat:3, Licht: 1","237824","3","3","5","10","18","7","","1","1","1","0","0"
"POINT (13.369951331999999 52.542881986000097)","Unfall 237825 (2022) Kat:3, Licht: 0","237825","3","2","0","09","16","5","","0","1","0","0","1"
"POINT (13.315504753000001 52.514664957000001)","Unfall 237826 (2022) Kat:3, Licht: 2","237826","3","6","2","10","23","6","","2","0","1","0","1"
"POINT (13.396867499000100 52.495771234000102)","Unfall 237827 (2022) Kat:3, Licht: 0","237827","3","6","4","09","15","2","","0","1","0","0","0"
"POINT (13.320410016000000 52.471596097000003)","Unfall 237828 (2022) Kat:3, Licht: 0","237828","3","5","1","10","08","4","","0","0","1","0","0"
"POINT (13.698192239000001 52.404602634000099)","Unfall 237829 (2022) Kat:2, Licht: 0","237829","2","3","5","10","12","4","","0","0","1","0","0"
"POINT (13.406645672000000 52.498423727000002)","Unfall 237830 (2022) Kat:3, Licht: 1","237830","3","2","5","09","18","7","","1","0","1","0","1"
"POINT (13.383824649000100 52.455808021000102)","Unfall 237831 (2022) Kat:3, Licht: 2","237831","3","2","5","09","23","5","","2","0","1","0","1"
"POINT (13.337815706000100 52.466862176000099)","Unfall 237832 (2022) Kat:2, Licht: 0","237832","2","1","9","10","12","6","","0","0","0","0","1"
"POINT (13.402873517000000 52.493977909000101)","Unfall 237833 (2022) Kat:2, Licht: 0","237833","2","2","5","09","10","2","","0","0","1","0","0"
"POINT (13.320665586000100 52.501871876999999)","Unfall 237834 (2022) Kat:3, Licht: 0","237834","3","6","1","09","15","6","","0","1","1","0","0"
"POINT (13.352062968000000 52.533052429000101)","Unfall 237835 (2022) Kat:3, Licht: 0","237835","3","3","5","09","12","3","","0","0","1","0","1"
"POINT (13.365765231000100 52.604660646000099)","Unfall 237836 (2022) Kat:3, Licht: 0","237836","3","3","5","10","11","6","","0","0","1","0","1"
"POINT (13.334017207000000 52.413712474000100)","Unfall 237837 (2022) Kat:3, Licht: 0","237837","3","3","5","09","14","7","","0","1","1","0","0"
"POINT (13.504912877000001 52.468047430000098)","Unfall 237838 (2022) Kat:3, Licht: 0","237838","3","3","5","10","09","3","","0","0","1","0","0"
"POINT (13.376498915000100 52.485005393000101)","Unfall 237839 (2022) Kat:3, Licht: 0","237839","3","2","5","10","08","4","","0","1","1","0","0"
"POINT (13.465625150000101 52.552137911000003)","Unfall 237840 (2022) Kat:3, Licht: 0","237840","3","4","6","09","13","6","","0","0","1","1","0"
"POINT (13.583617581000100 52.514991617000099)","Unfall 237841 (2022) Kat:3, Licht: 0","237841","3","2","5","10","11","6","","0","0","1","0","0"
"POINT (13.427626798000100 52.498973455000097)","Unfall 237842 (2022) Kat:3, Licht: 0","237842","3","4","0","09","12","1","","0","0","1","1","0"
"POINT (13.545836437000000 52.567920268000101)","Unfall 237843 (2022) Kat:3, Licht: 0","237843","3","3","5","09","16","5","","0","1","1","0","0"
"POINT (13.333894813000001 52.541402683000101)","Unfall 237844 (2022) Kat:3, Licht: 0","237844","3","3","5","09","13","3","","0","1","1","0","0"
"POINT (13.219246771000000 52.560169824000099)","Unfall 237845 (2022) Kat:3, Licht: 0","237845","3","6","2","09","17","3","","0","0","1","0","0"
"POINT (13.402615912000000 52.538425640000099)","Unfall 237846 (2022) Kat:3, Licht: 0","237846","3","3","5","10","12","5","","0","1","1","0","0"
"POINT (13.407678412000100 52.482348875000099)","Unfall 237847 (2022) Kat:3, Licht: 0","237847","3","6","2","09","16","3","","0","0","1","0","0"