WKT,Name,OBJECTID,UKATEGORIE,UTYP1,UART,UMONAT,USTUNDE,UWOCHENTAG,STRZUSTAND,ULICHTVERH,ISTRAD,ISTPKW,ISTFUSS,ISTKRAD
"POINT (13.504890712000099 52.437037881999998)","Unfall 237848 (2022) Kat:3, Licht: 0","237848","3","6","2","09","16","3","","0","0","1","0","0"
"POINT (13.573809945000100 52.401775381000000)","Unfall 237849 (2022) Kat:3, Licht: 0","237849","3","3","5","09","09","6","","0","1","1","0","0"
"POINT (13.448437071000100 52.473130179000101)","Unfall 237850 (2022) Kat:3, Licht: 2","237850","3","2","2","10","20","2","","2","1","1","0","0"
"POINT (13.165403810999999 52.551210357000102)","Unfall 237851 (2022) Kat:3, Licht: 0","237851","3","2","5","10","15","2","","0","0","1","0","1"
"POINT (13.260037540000001 52.428178784000103)","Unfall 237852 (2022) Kat:3, Licht: 0","237852","3","2","5","09","17","5","","0","0","1","0","0"
"POINT (13.324524785000101 52.498413925000101)","Unfall 237853 (2022) Kat:3, Licht: 0","237853","3","4","6","09","13","6","","0","1","0","1","0"
"POINT (13.407937877000100 52.528427100999998)","Unfall 237854 (2022) Kat:3, Licht: 0","237854","3","3","5","09","07","3","","0","1","1","0","0"
"POINT (13.430773138000101 52.468421297000098)","Unfall 237855 (2022) Kat:3, Licht: 0","237855","3","2","6","10","08","4","","0","0","1","1","0"
"POINT (13.481162347000099 52.460795338000104)","Unfall 237856 (2022) Kat:3, Licht: 1","237856","3","2","5","09","17","5","","1","0","1","0","0"
"POINT (13.297135596000000 52.512270131999998)","Unfall 237857 (2022) Kat:3, Licht: 1","237857","3","6","2","10","18","5","","1","0","1","0","0"
"POINT (13.275655616000099 52.578078742000102)","Unfall 237858 (2022) Kat:3, Licht: 0","237858","3","5","1","09","14","6","","0","0","1","0","1"
"POINT (13.398319283999999 52.507144011999998)","Unfall 237859 (2022) Kat:3, Licht: 2","237859","3","3","5","09","21","5","","2","0","1","0","0"
"POINT (13.259367011000100 52.430663131000102)","Unfall 237860 (2022) Kat:3, Licht: 0","237860","3","6","2","09","11","2","","0","0","1","0","1"
"POINT (13.305449635000100 52.509952523000003)","Unfall 237861 (2022) Kat:3, Licht: 0","237861","3","4","6","10","16","7","","0","0","1","1","0"
"POINT (13.601151185999999 52.479234922000003)","Unfall 237862 (2022) Kat:3, Licht: 0","237862","3","3","5","09","16","4","","0","1","1","0","0"
"POINT (13.262735481000000 52.421928164000100)","Unfall 237863 (2022) Kat:3, Licht: 0","237863","3","6","3","10","15","6","","0","1","1","0","0"
"POINT (13.274228468000000 52.450727753000102)","Unfall 237864 (2022) Kat:3, Licht: 0","237864","3","2","5","09","08","2","","0","1","1","0","0"
"POINT (13.318362746000000 52.525959220000097)","Unfall 237865 (2022) Kat:3, Licht: 0","237865","3","3","5","09","08","2","","0","0","1","0","0"
"POINT (13.448716901000100 52.518402362000103)","Unfall 237866 (2022) Kat:3, Licht: 0","237866","3","6","3","10","07","4","","0","1","1","0","0"
"POINT (13.377067600000000 52.508586037000001)","Unfall 237867 (2022) Kat:3, Licht: 2","237867","3","2","5","10","23","4","","2","1","1","0","0"
"POINT (13.408675169000000 52.512056692999998)","Unfall 237868 (2022) Kat:3, Licht: 0","237868","3","6","2","09","15","7","","0","0","1","0","0"
"POINT (13.478811411000001 52.610102484999999)","Unfall 237869 (2022) Kat:3, Licht: 0","237869","3","5","1","09","12","4","","0","1","1","0","0"
"POINT (13.518829619000000 52.552786894000100)","Unfall 237870 (2022) Kat:3, Licht: 0","237870","3","6","2","10","14","1","","0","0","1","0","0"
"POINT (13.340970799000001 52.429782331000098)","Unfall 237871 (2022) Kat:3, Licht: 0","237871","3","7","5","09","15","2","","0","0","1","0","0"
"POINT (13.417916513000000 52.514786121999997)","Unfall 237872 (2022) Kat:2, Licht: 2","237872","2","1","0","10","00","7","","2","0","0","0","0"
"POINT (13.297391985999999 52.426926133999999)","Unfall 237873 (2022) Kat:2, Licht: 0","237873","2","4","6","09","16","3","","0","0","1","1","0"
"POINT (13.463371326000100 52.424353729000103)","Unfall 237874 (2022) Kat:3, Licht: 0","237874","3","3","5","09","14","5","","0","1","0","0","0"
"POINT (13.515005724000000 52.468624425000002)","Unfall 237875 (2022) Kat:3, Licht: 0","237875","3","6","2","10","15","6","","0","0","1","0","0"
"POINT (13.568130715000100 52.418823205000102)","Unfall 237876 (2022) Kat:3, Licht: 0","237876","3","6","3","09","13","4","","0","0","1","0","0"
"POINT (13.414966974000000 52.514131440000000)","Unfall 237877 (2022) Kat:3, Licht: 0","237877","3","5","1","09","10","7","","0","0","1","0","0"
"POINT (13.225161928000000 52.427757958000001)","Unfall 237878 (2022) Kat:3, Licht: 2","237878","3","5","1","10","18","2","","2","0","1","0","0"
"POINT (13.399613451000100 52.508931830000101)","Unfall 237879 (2022) Kat:3, Licht: 0","237879","3","5","2","09","12","2","","0","1","1","0","0"
"POINT (13.285674709000000 52.506473200000102)","Unfall 237880 (2022) Kat:3, Licht: 0","237880","3","6","2","10","08","3","","0","0","1","0","0"
"POINT (13.502343323000000 52.438304315000003)","Unfall 237881 (2022) Kat:3, Licht: 0","237881","3","3","5","10","14","4","","0","0","1","0","0"
"POINT (13.345992318000100 52.496921843999999)","Unfall 237882 (2022) Kat:2, Licht: 2","237882","2","2","6","09","19","1","","2","0","1","1","0"
"POINT (13.415163222000000 52.520843395000000)","Unfall 237883 (2022) Kat:3, Licht: 0","237883","3","2","0","09","17","4","","0","0","1","0","0"
"POINT (13.499756322000099 52.547749029999999)","Unfall 237884 (2022) Kat:3, Licht: 2","237884","3","3","5","10","19","6","","2","0","1","0","0"
"POINT (13.373536099000001 52.510593606999997)","Unfall 237885 (2022) Kat:3, Licht: 0","237885","3","6","4","09","10","2","","0","1","1","0","0"
"POINT (13.448242243999999 52.436967623999998)","Unfall 237886 (2022) Kat:2, Licht: 0","237886","2","4","6","09","09","6","","0","0","1","1","0"
"POINT (13.307499391000000 52.508873162999997)","Unfall 237887 (2022) Kat:3, Licht: 0","237887","3","7","0","09","13","4","","0","0","0","0","0"
"POINT (13.362763004000000 52.428239773000001)","Unfall 237888 (2022) Kat:2, Licht: 2","237888","2","3","5","10","00","6","","2","0","1","0","0"
"POINT (13.326106433000099 52.538347817000002)","Unfall 237889 (2022) Kat:3, Licht: 0","237889","3","2","5","09","12","1","","0","0","1","0","0"
"POINT (13.550866128000100 52.429055366000100)","Unfall 237890 (2022) Kat:2, Licht: 2","237890","2","2","5","09","21","2","","2","1","1","0","0"
"POINT (13.490693734000001 52.526558674999997)","Unfall 237891 (2022) Kat:3, Licht: 2","237891","3","5","1","10","19","2","","2","1","1","0","0"
"POINT (13.352608741999999 52.533528687999997)","Unfall 237892 (2022) Kat:3, Licht: 0","237892","3","7","0","10","09","3","","0","1","1","0","0"
"POINT (13.260885181000001 52.435942445000101)","Unfall 237893 (2022) Kat:3, Licht: 0","237893","3","5","1","09","13","7","","0","0","1","0","0"
"POINT (13.590943097000000 52.527014792999999)","Unfall 237894 (2022) Kat:3, Licht: 0","237894","3","4","6","10","15","6","","0","1","0","1","0"
"POINT (13.407416837000000 52.533560665000003)","Unfall 237895 (2022) Kat:3, Licht: 2","237895","3","6","2","09","02","7","","2","1","1","0","0"
"POINT (13.473268117000000 52.536182353000100)","Unfall 237896 (2022) Kat:3, Licht: 0","237896","3","2","5","09","14","6","","0","1","1","0","0"
"POINT (13.329627681000000 52.568182282000102)","Unfall 237897 (2022) Kat:2, Licht: 0","237897","2","1","9","09","06","3","","0","0","1","0","0"
"POINT (13.173901692000101 52.517701969000001)","Unfall 237898 (2022) Kat:2, Licht: 0","237898","2","2","5","09","15","4","","0","0","1","0","1"
"POINT (13.300862684000000 52.616300698000003)","Unfall 237899 (2022) Kat:3, Licht: 1","237899","3","3","5","10","06","5","","1","0","1","0","0"
"POINT (13.514173230999999 52.566551933000000)","Unfall 237900 (2022) Kat:3, Licht: 0","237900","3","4","0","09","18","3","","0","0","0","1","0"
"POINT (13.361135352000099 52.494428594000098)","Unfall 237901 (2022) Kat:3, Licht: 0","237901","3","2","5","09","08","3","","0","1","1","0","0"
"POINT (13.303482186000100 52.408823360000000)","Unfall 237902 (2022) Kat:3, Licht: 0","237902","3","3","2","09","08","6","","0","0","1","0","0"
"POINT (13.320731868000101 52.505839643000101)","Unfall 237903 (2022) Kat:3, Licht: 0","237903","3","5","1","10","09","2","","0","0","1","0","1"
"POINT (13.336035397000000 52.451283981000103)","Unfall 237904 (2022) Kat:3, Licht: 2","237904","3","6","2","10","20","1","","2","0","1","0","0"
"POINT (13.435721585000101 52.469016470000000)","Unfall 237905 (2022) Kat:3, Licht: 1","237905","3","3","5","09","17","5","","1","0","1","0","0"
"POINT (13.188935103000100 52.521673769000103)","Unfall 237906 (2022) Kat:3, Licht: 0","237906","3","3","5","09","14","3","","0","1","1","0","0"
"POINT (13.609560052000100 52.538947855000103)","Unfall 237907 (2022) Kat:2, Licht: 0","237907","2","5","5","09","15","2","","0","1","1","0","0"
"POINT (13.377893850000101 52.412531473000101)","Unfall 237908 (2022) Kat:3, Licht: 0","237908","3","6","2","10","09","4","","0","0","1","0","0"
"POINT (13.424338385000100 52.546488581000098)","Unfall 237909 (2022) Kat:3, Licht: 0","237909","3","7","2","09","16","5","","0","1","1","0","0"
"POINT (13.561527739000001 52.501260828000099)","Unfall 237910 (2022) Kat:3, Licht: 0","237910","3","6","4","10","13","5","","0","0","1","0","0"
"POINT (13.347295853000000 52.469401957999999)","Unfall 237911 (2022) Kat:3, Licht: 0","237911","3","7","6","09","10","6","","0","0","0","1","0"
"POINT (13.396764477000000 52.515174496000000)","Unfall 237912 (2022) Kat:3, Licht: 0","237912","3","3","5","09","09","5","","0","1","0","0","0"
"POINT (13.510503417000100 52.404657712000102)","Unfall 237913 (2022) Kat:3, Licht: 0","237913","3","2","5","10","17","1","","0","1","1","0","0"
"POINT (13.308035113000100 52.496533802999998)","Unfall 237914 (2022) Kat:3, Licht: 2","237914","3","1","9","09","00","2","","2","0","1","0","0"
"POINT (13.305127811000000 52.552885047000103)","Unfall 237915 (2022) Kat:3, Licht: 0","237915","3","3","5","10","13","1","","0","0","1","0","0"
"POINT (13.390782023000000 52.535889321000099)","Unfall 237916 (2022) Kat:3, Licht: 0","237916","3","6","3","09","10","5","","0","0","1","0","0"
"POINT (13.465834676000000 52.500010374000098)","Unfall 237917 (2022) Kat:3, Licht: 2","237917","3","2","0","10","05","7","","2","1","1","0","0"
"POINT (13.448428501000000 52.490157356000097)","Unfall 237918 (2022) Kat:3, Licht: 0","237918","3","5","1","09","07","2","","0","1","1","0","0"
"POINT (13.384988488999999 52.505027951000002)","Unfall 237919 (2022) Kat:3, Licht: 0","237919","3","5","2","09","08","2","","0","0","1","0","1"
"POINT (13.464800949000100 52.497649527000100)","Unfall 237920 (2022) Kat:3, Licht: 0","237920","3","6","2","10","15","3","","0","0","1","0","0"
"POINT (13.596359661000101 52.518886615000000)","Unfall 237921 (2022) Kat:3, Licht: 2","237921","3","3","5","10","06","5","","2","0","1","0","0"
"POINT (13.448841972000000 52.505538387999998)","Unfall 237922 (2022) Kat:3, Licht: 2","237922","3","1","0","09","06","7","","2","0","0","0","1"
"POINT (13.404513125999999 52.398456489000097)","Unfall 237923 (2022) Kat:2, Licht: 0","237923","2","3","5","09","14","4","","0","1","1","0","0"
"POINT (13.433661289000000 52.481873469000000)","Unfall 237924 (2022) Kat:3, Licht: 2","237924","3","3","5","10","01","1","","2","1","1","0","0"
"POINT (13.326244107000001 52.538019437999999)","Unfall 237925 (2022) Kat:3, Licht: 0","237925","3","2","5","09","15","1","","0","0","1","0","0"
"POINT (13.476454346000001 52.449032835000096)","Unfall 237926 (2022) Kat:3, Licht: 1","237926","3","7","0","09","19","6","","1","1","0","0","0"
"POINT (13.313597549000100 52.479558972000099)","Unfall 237927 (2022) Kat:3, Licht: 2","237927","3","1","0","09","21","3","","2","0","0","0","1"
"POINT (13.329516369000000 52.481862630000101)","Unfall 237928 (2022) Kat:3, Licht: 0","237928","3","6","2","09","15","4","","0","0","1","0","0"
"POINT (13.580137116000101 52.444257332000099)","Unfall 237929 (2022) Kat:3, Licht: 0","237929","3","5","1","10","16","6","","0","0","1","0","0"
"POINT (13.356135544000001 52.535312099000102)","Unfall 237930 (2022) Kat:2, Licht: 0","237930","2","7","0","09","09","4","","0","1","0","0","0"
"POINT (13.486281210000101 52.622493431000102)","Unfall 237931 (2022) Kat:3, Licht: 0","237931","3","3","5","09","08","3","","0","0","1","0","0"
"POINT (13.446286840000001 52.478737244999998)","Unfall 237932 (2022) Kat:3, Licht: 0","237932","3","5","1","09","10","1","","0","1","1","0","0"
"POINT (13.200704519000100 52.548907418000098)","Unfall 237933 (2022) Kat:3, Licht: 2","237933","3","4","6","10","21","2","","2","0","1","1","0"
"POINT (13.339745384000000 52.518899078000103)","Unfall 237934 (2022) Kat:3, Licht: 1","237934","3","2","5","10","18","3","","1","1","1","0","0"
"POINT (13.393805006999999 52.532178637000101)","Unfall 237935 (2022) Kat:3, Licht: 2","237935","3","1","0","09","03","5","","2","0","0","0","0"
"POINT (13.582184120000001 52.438039026000098)","Unfall 237936 (2022) Kat:2, Licht: 0","237936","2","2","5","10","16","6","","0","1","1","0","0"
"POINT (13.625437956000001 52.456710946999998)","Unfall 237937 (2022) Kat:3, Licht: 1","237937","3","1","0","09","18","7","","1","1","0","0","0"
"POINT (13.461898974000100 52.559009293000003)","Unfall 237938 (2022) Kat:3, Licht: 0","237938","3","7","0","09","17","6","","0","1","0","0","0"
"POINT (13.376719228000100 52.489664242000103)","Unfall 237939 (2022) Kat:3, Licht: 0","237939","3","7","0","09","06","3","","0","0","1","0","1"
"POINT (13.330638109000100 52.562578637999998)","Unfall 237940 (2022) Kat:3, Licht: 0","237940","3","2","5","09","06","3","","0","0","1","0","0"
"POINT (13.364067413000001 52.597096401000002)","Unfall 237941 (2022) Kat:3, Licht: 0","237941","3","6","2","10","13","5","","0","0","1","0","0"
"POINT (13.362821004000100 52.538480519000103)","Unfall 237942 (2022) Kat:3, Licht: 0","237942","3","3","5","09","15","4","","0","1","1","0","0"
"POINT (13.375204224000100 52.560722126000002)","Unfall 237943 (2022) Kat:3, Licht: 0","237943","3","5","1","10","16","5","","0","1","1","0","0"
"POINT (13.357426321000000 52.535966911000102)","Unfall 237944 (2022) Kat:3, Licht: 1","237944","3","2","2","09","18","6","","1","0","1","0","0"
"POINT (13.457576028000100 52.486385551000097)","Unfall 237945 (2022) Kat:3, Licht: 0","237945","3","2","0","10","13","2","","0","1","1","0","0"
"POINT (13.339866558000001 52.518788309000101)","Unfall 237946 (2022) Kat:3, Licht: 0","237946","3","3","5","10","13","2","","0","0","1","0","0"
"POINT (13.353321346000000 52.439442157000002)","Unfall 237947 (2022) Kat:3, Licht: 0","237947","3","6","3","09","16","5","","0","1","1","0","0"
"POINT (13.515670036000101 52.420853975999997)","Unfall 237948 (2022) Kat:3, Licht: 0","237948","3","2","5","10","13","3","","0","0","1","0","0"
"POINT (13.383912608000101 52.510499235000097)","Unfall 237949 (2022) Kat:3, Licht: 1","237949","3","2","5","09","18","6","","1","1","1","0","0"
"POINT (13.326380019000100 52.486454428999998)","Unfall 237950 (2022) Kat:3, Licht: 0","237950","3","4","6","10","12","6","","0","1","0","1","0"
"POINT (13.299530596000100 52.519468234999998)","Unfall 237951 (2022) Kat:3, Licht: 0","237951","3","2","5","09","11","7","","0","1","0","0","0"
"POINT (13.398800550000001 52.515607768000102)","Unfall 237952 (2022) Kat:3, Licht: 0","237952","3","2","5","09","17","6","","0","1","1","0","0"
"POINT (13.315936993999999 52.481741460000102)","Unfall 237953 (2022) Kat:3, Licht: 0","237953","3","3","5","09","08","3","","0","0","1","0","0"
"POINT (13.435684160999999 52.496123408000102)","Unfall 237954 (2022) Kat:3, Licht: 0","237954","3","5","5","09","09","4","","0","1","1","0","0"
"POINT (13.299703538000101 52.579091334000097)","Unfall 237955 (2022) Kat:3, Licht: 0","237955","3","2","5","10","13","5","","0","0","1","0","1"
"POINT (13.285118095000000 52.448118852000100)","Unfall 237956 (2022) Kat:3, Licht: 0","237956","3","3","5","09","15","3","","0","0","1","0","0"
"POINT (13.358584563000001 52.577274967999998)","Unfall 237957 (2022) Kat:2, Licht: 2","237957","2","3","5","10","21","6","","2","0","1","0","1"
"POINT (13.409712296000100 52.524019060000100)","Unfall 237958 (2022) Kat:2, Licht: 0","237958","2","1","0","09","13","6","","0","0","0","0","1"
"POINT (13.510508513000000 52.444561222000097)","Unfall 237959 (2022) Kat:3, Licht: 0","237959","3","2","5","10","08","2","","0","1","1","0","0"
"POINT (13.434417954000001 52.466726102000102)","Unfall 237960 (2022) Kat:3, Licht: 0","237960","3","1","0","10","08","3","","0","0","1","0","1"
"POINT (13.378796927000099 52.544629430000001)","Unfall 237961 (2022) Kat:3, Licht: 0","237961","3","5","1","09","14","5","","0","0","1","0","1"
"POINT (13.285979325000000 52.449612020000103)","Unfall 237962 (2022) Kat:3, Licht: 0","237962","3","3","5","09","13","3","","0","1","1","0","0"
"POINT (13.584096457999999 52.483647718999997)","Unfall 237963 (2022) Kat:3, Licht: 0","237963","3","3","5","09","17","3","","0","0","1","0","0"
"POINT (13.181951323000000 52.526335895000003)","Unfall 237964 (2022) Kat:2, Licht: 0","237964","2","2","6","10","10","4","","0","0","1","1","0"
"POINT (13.573688202000000 52.449794185000002)","Unfall 237965 (2022) Kat:2, Licht: 0","237965","2","1","0","09","10","5","","0","1","0","0","0"
"POINT (13.441808403000000 52.469715156000099)","Unfall 237966 (2022) Kat:3, Licht: 0","237966","3","2","6","10","09","6","","0","0","0","1","0"
"POINT (13.309635161000100 52.431297803000099)","Unfall 237967 (2022) Kat:3, Licht: 0","237967","3","2","5","09","15","1","","0","0","1","0","0"
"POINT (13.490955090000099 52.543115661000101)","Unfall 237968 (2022) Kat:3, Licht: 0","237968","3","7","5","09","17","5","","0","1","0","0","0"
"POINT (13.174345550000099 52.549418729000102)","Unfall 237969 (2022) Kat:3, Licht: 2","237969","3","5","1","10","23","1","","2","0","1","0","0"
"POINT (13.432639501000001 52.557491773000002)","Unfall 237970 (2022) Kat:3, Licht: 0","237970","3","3","5","09","15","2","","0","1","1","0","0"
"POINT (13.330788914999999 52.500553111000002)","Unfall 237971 (2022) Kat:3, Licht: 0","237971","3","2","5","10","12","1","","0","0","1","0","0"
"POINT (13.447684487000100 52.497955762000103)","Unfall 237972 (2022) Kat:3, Licht: 2","237972","3","6","2","09","22","4","","2","0","1","0","0"
"POINT (13.486899158000000 52.502457267000104)","Unfall 237973 (2022) Kat:3, Licht: 0","237973","3","2","5","10","13","7","","0","1","1","0","0"
"POINT (13.181500584000000 52.526235981000099)","Unfall 237974 (2022) Kat:3, Licht: 0","237974","3","7","6","09","10","3","","0","0","0","1","0"
"POINT (13.401734580999999 52.391657465000002)","Unfall 237975 (2022) Kat:3, Licht: 1","237975","3","4","6","09","07","2","","1","0","1","1","0"
"POINT (13.388869191000000 52.587549977999998)","Unfall 237976 (2022) Kat:3, Licht: 0","237976","3","1","0","09","13","2","","0","0","0","0","1"
"POINT (13.437846083000100 52.451132114000103)","Unfall 237977 (2022) Kat:3, Licht: 2","237977","3","6","2","10","21","3","","2","0","1","0","0"
"POINT (13.375547358000100 52.541391599000100)","Unfall 237978 (2022) Kat:3, Licht: 0","237978","3","5","0","10","10","5","","0","1","1","0","0"
"POINT (13.345671297000001 52.574592586999998)","Unfall 237979 (2022) Kat:3, Licht: 0","237979","3","7","0","09","08","6","","0","0","0","0","0"
"POINT (13.467279046000000 52.468566671000097)","Unfall 237980 (2022) Kat:2, Licht: 2","237980","2","3","5","09","23","4","","2","0","1","0","0"
"POINT (13.461154280000100 52.427582980000103)","Unfall 237981 (2022) Kat:3, Licht: 0","237981","3","3","5","10","17","7","","0","1","1","0","0"
"POINT (13.588862960000000 52.539333188000100)","Unfall 237982 (2022) Kat:3, Licht: 0","237982","3","2","5","09","17","1","","0","0","1","0","1"
"POINT (13.378038130000000 52.574911884000102)","Unfall 237983 (2022) Kat:3, Licht: 0","237983","3","3","5","09","13","6","","0","1","0","0","1"
"POINT (13.414757095000001 52.553866470999999)","Unfall 237984 (2022) Kat:3, Licht: 0","237984","3","2","6","09","19","3","","0","0","1","1","0"
"POINT (13.412343790000000 52.544439664000002)","Unfall 237985 (2022) Kat:3, Licht: 0","237985","3","7","0","09","09","5","","0","1","0","0","0"
"POINT (13.208934651000000 52.546396931000103)","Unfall 237986 (2022) Kat:3, Licht: 0","237986","3","4","6","10","16","6","","0","0","0","1","0"
"POINT (13.389003729000001 52.525926535000103)","Unfall 237987 (2022) Kat:3, Licht: 1","237987","3","1","0","09","19","4","","1","1","0","0","0"
"POINT (13.512797214000001 52.462723564000001)","Unfall 237988 (2022) Kat:3, Licht: 0","237988","3","7","6","09","09","3","","0","0","1","1","0"
"POINT (13.184772119000099 52.547559688000000)","Unfall 237989 (2022) Kat:3, Licht: 0","237989","3","2","5","09","09","1","","0","0","1","0","0"
"POINT (13.369566357000100 52.457867045999997)","Unfall 237990 (2022) Kat:3, Licht: 0","237990","3","5","1","10","16","3","","0","0","1","0","0"
"POINT (13.297036094000100 52.512850883000098)","Unfall 237991 (2022) Kat:2, Licht: 2","237991","2","7","5","10","19","2","","2","0","1","0","1"
"POINT (13.340654375000000 52.469058452000098)","Unfall 237992 (2022) Kat:3, Licht: 0","237992","3","7","5","09","17","6","","0","1","1","0","0"
"POINT (13.433735576000100 52.466644805000001)","Unfall 237993 (2022) Kat:3, Licht: 0","237993","3","2","5","10","10","6","","0","1","1","0","0"
"POINT (13.215572253000101 52.438187696999996)","Unfall 237994 (2022) Kat:2, Licht: 0","237994","2","2","5","09","10","7","","0","1","1","0","0"
"POINT (13.382804573000000 52.530767027000103)","Unfall 237995 (2022) Kat:3, Licht: 0","237995","3","6","0","09","15","5","","0","1","1","0","0"
"POINT (13.488339955000100 52.466624120000098)","Unfall 237996 (2022) Kat:3, Licht: 0","237996","3","6","2","09","15","3","","0","0","1","0","1"
"POINT (13.426047674000101 52.607736324000001)","Unfall 237997 (2022) Kat:3, Licht: 0","237997","3","3","5","10","16","5","","0","1","1","0","0"
"POINT (13.302171544000000 52.420047689000100)","Unfall 237998 (2022) Kat:2, Licht: 0","237998","2","7","6","09","08","5","","0","1","0","1","0"
"POINT (13.327674084000000 52.486615309999998)","Unfall 237999 (2022) Kat:3, Licht: 0","237999","3","3","5","10","16","5","","0","0","1","0","0"
"POINT (13.358816660000100 52.412961574000100)","Unfall 238000 (2022) Kat:3, Licht: 0","238000","3","2","5","09","15","6","","0","1","1","0","0"
"POINT (13.458136186999999 52.499486607000101)","Unfall 238001 (2022) Kat:3, Licht: 2","238001","3","2","2","10","19","2","","2","0","1","0","0"
"POINT (13.358038577000100 52.535310492000100)","Unfall 238002 (2022) Kat:3, Licht: 0","238002","3","4","6","10","14","7","","0","0","1","1","0"
"POINT (13.292856831000099 52.433553660000001)","Unfall 238003 (2022) Kat:3, Licht: 2","238003","3","5","1","09","21","4","","2","1","1","0","0"
"POINT (13.389669388000099 52.562379926000098)","Unfall 238004 (2022) Kat:3, Licht: 0","238004","3","7","5","10","14","6","","0","1","1","0","0"
"POINT (13.258923212000100 52.431894319000001)","Unfall 238005 (2022) Kat:3, Licht: 0","238005","3","6","2","09","16","2","","0","0","1","0","0"
"POINT (13.389494468000100 52.496007964999997)","Unfall 238006 (2022) Kat:3, Licht: 0","238006","3","2","5","10","15","4","","0","0","1","0","1"
"POINT (13.323763102999999 52.565142724000097)","Unfall 238007 (2022) Kat:2, Licht: 0","238007","2","4","6","10","15","4","","0","0","1","1","0"
"POINT (13.395153601000100 52.517319139000101)","Unfall 238008 (2022) Kat:3, Licht: 2","238008","3","7","2","09","22","7","","2","1","1","0","0"
"POINT (13.329377529000100 52.563478233000097)","Unfall 238009 (2022) Kat:3, Licht: 0","238009","3","6","2","09","13","5","","0","0","1","0","0"
"POINT (13.489299481000000 52.542427750000101)","Unfall 238010 (2022) Kat:3, Licht: 2","238010","3","2","5","10","19","6","","2","1","1","0","0"
"POINT (13.460367497000000 52.511185873999999)","Unfall 238011 (2022) Kat:3, Licht: 0","238011","3","7","2","09","12","2","","0","1","1","0","0"
"POINT (13.571275986000000 52.528371282000101)","Unfall 238012 (2022) Kat:2, Licht: 0","238012","2","3","5","09","08","6","","0","1","1","0","0"
"POINT (13.612228465999999 52.511839990000098)","Unfall 238013 (2022) Kat:3, Licht: 0","238013","3","7","5","09","08","4","","0","0","1","0","0"
"POINT (13.418641637000100 52.530650329000103)","Unfall 238014 (2022) Kat:3, Licht: 0","238014","3","6","2","10","10","6","","0","0","1","0","0"
"POINT (13.496653359000000 52.416887869999996)","Unfall 238015 (2022) Kat:3, Licht: 0","238015","3","7","6","09","10","7","","0","0","1","1","0"
"POINT (13.467032039000101 52.512752800000001)","Unfall 238016 (2022) Kat:2, Licht: 2","238016","2","3","5","09","19","2","","2","0","1","0","0"
"POINT (13.303656526000101 52.499288821999997)","Unfall 238017 (2022) Kat:3, Licht: 0","238017","3","6","3","10","12","3","","0","1","1","0","0"
"POINT (13.429827423000100 52.554276647999998)","Unfall 238018 (2022) Kat:3, Licht: 0","238018","3","7","5","10","13","4","","0","0","1","0","0"
"POINT (13.411092290999999 52.400155773000101)","Unfall 238019 (2022) Kat:3, Licht: 0","238019","3","3","5","09","15","6","","0","0","1","0","0"
"POINT (13.328290610000099 52.564949894000101)","Unfall 238020 (2022) Kat:3, Licht: 0","238020","3","4","6","09","16","3","","0","0","1","1","0"
"POINT (13.271088933000000 52.425910519000098)","Unfall 238021 (2022) Kat:3, Licht: 0","238021","3","6","0","10","14","4","","0","1","0","0","0"
"POINT (13.328855994000000 52.478712940000001)","Unfall 238022 (2022) Kat:2, Licht: 0","238022","2","2","6","09","16","5","","0","0","0","1","0"
"POINT (13.345324633000100 52.539236385000002)","Unfall 238023 (2022) Kat:3, Licht: 2","238023","3","1","9","10","21","4","","2","0","1","0","0"
"POINT (13.413175410000100 52.547681228999998)","Unfall 238024 (2022) Kat:3, Licht: 2","238024","3","2","0","09","22","1","","2","1","1","0","0"
"POINT (13.469495193000100 52.510714918000097)","Unfall 238025 (2022) Kat:2, Licht: 2","238025","2","5","1","09","00","5","","2","1","1","0","0"
"POINT (13.285285853000101 52.479699580999998)","Unfall 238026 (2022) Kat:2, Licht: 0","238026","2","3","5","10","12","1","","0","0","1","0","0"
"POINT (13.597075144000000 52.519845543000002)","Unfall 238027 (2022) Kat:3, Licht: 1","238027","3","1","0","09","19","1","","1","1","0","0","0"
"POINT (13.427709066000000 52.553095780000000)","Unfall 238028 (2022) Kat:3, Licht: 0","238028","3","3","5","10","16","7","","0","0","1","0","1"
"POINT (13.454970760000000 52.474423194000103)","Unfall 238029 (2022) Kat:3, Licht: 0","238029","3","6","2","09","16","3","","0","1","1","0","0"
"POINT (13.393001009000001 52.527518340000000)","Unfall 238030 (2022) Kat:3, Licht: 2","238030","3","3","5","10","05","7","","2","0","1","0","0"
"POINT (13.307776718000101 52.568009785000100)","Unfall 238031 (2022) Kat:3, Licht: 0","238031","3","6","3","09","17","2","","0","0","1","0","1"
"POINT (13.394496881000100 52.524579174000102)","Unfall 238032 (2022) Kat:3, Licht: 0","238032","3","1","0","09","16","2","","0","1","0","0","0"
"POINT (13.426795868000100 52.531608712000001)","Unfall 238033 (2022) Kat:3, Licht: 0","238033","3","1","0","10","09","3","","0","1","0","0","0"
"POINT (13.331153682000000 52.512082798999998)","Unfall 238034 (2022) Kat:3, Licht: 0","238034","3","6","2","10","12","3","","0","1","1","0","0"