WKT,Name,OBJECTID,UKATEGORIE,UTYP1,UART,UMONAT,USTUNDE,UWOCHENTAG,STRZUSTAND,ULICHTVERH,ISTRAD,ISTPKW,ISTFUSS,ISTKRAD
"POINT (13.285396369000100 52.592978788000003)","Unfall 238035 (2022) Kat:3, Licht: 0","238035","3","3","0","09","15","6","","0","0","1","0","1"
"POINT (13.345203802000100 52.510633013000103)","Unfall 238036 (2022) Kat:3, Licht: 0","238036","3","3","5","10","12","7","","0","0","0","0","0"
"POINT (13.350068463000101 52.434263227000002)","Unfall 238037 (2022) Kat:3, Licht: 0","238037","3","2","5","09","15","7","","0","1","1","0","0"
"POINT (13.429907308000100 52.495170678000100)","Unfall 238038 (2022) Kat:3, Licht: 0","238038","3","6","2","10","12","7","","0","0","1","0","1"
"POINT (13.397295228000100 52.580062050000002)","Unfall 238039 (2022) Kat:2, Licht: 0","238039","2","3","5","09","15","3","","0","0","1","0","1"
"POINT (13.291371149000000 52.595896163000099)","Unfall 238040 (2022) Kat:3, Licht: 0","238040","3","6","2","09","14","3","","0","0","1","0","0"
"POINT (13.467309393000100 52.520206084000101)","Unfall 238041 (2022) Kat:3, Licht: 0","238041","3","6","3","10","10","5","","0","0","1","0","0"
"POINT (13.281116711999999 52.498462670999999)","Unfall 238042 (2022) Kat:2, Licht: 0","238042","2","7","0","09","15","3","","0","0","1","0","0"
"POINT (13.396394374000099 52.554976578999998)","Unfall 238043 (2022) Kat:3, Licht: 0","238043","3","4","6","09","14","1","","0","1","0","1","0"
"POINT (13.305479469000000 52.510617142000100)","Unfall 238044 (2022) Kat:3, Licht: 0","238044","3","7","5","10","11","2","","0","0","1","0","0"
"POINT (13.352867583000000 52.499295887000102)","Unfall 238045 (2022) Kat:2, Licht: 2","238045","2","1","0","10","00","3","","2","0","0","0","0"
"POINT (13.309836657000099 52.466596866000003)","Unfall 238046 (2022) Kat:3, Licht: 0","238046","3","3","5","09","13","6","","0","1","1","0","0"
"POINT (13.430975939000099 52.487655658000101)","Unfall 238047 (2022) Kat:3, Licht: 0","238047","3","4","6","09","15","7","","0","0","1","1","0"
"POINT (13.431680953000100 52.487415474999999)","Unfall 238048 (2022) Kat:3, Licht: 0","238048","3","4","6","09","16","5","","0","1","0","1","0"
"POINT (13.361419637999999 52.555051128999999)","Unfall 238049 (2022) Kat:3, Licht: 2","238049","3","3","5","09","23","3","","2","0","1","0","0"
"POINT (13.461308546000099 52.558254192000000)","Unfall 238050 (2022) Kat:3, Licht: 0","238050","3","7","6","10","17","4","","0","1","0","1","0"
"POINT (13.320401646000100 52.478777700000101)","Unfall 238051 (2022) Kat:3, Licht: 0","238051","3","2","5","09","07","5","","0","1","1","0","0"
"POINT (13.139204254999999 52.452182341000103)","Unfall 238052 (2022) Kat:2, Licht: 0","238052","2","5","1","10","10","5","","0","0","1","0","0"
"POINT (13.467923354000000 52.515463284000099)","Unfall 238053 (2022) Kat:3, Licht: 0","238053","3","7","2","09","13","6","","0","1","1","0","0"
"POINT (13.426583541000101 52.476576367000099)","Unfall 238054 (2022) Kat:3, Licht: 0","238054","3","5","1","09","18","5","","0","1","1","0","0"
"POINT (13.303340302000001 52.431494639999997)","Unfall 238055 (2022) Kat:3, Licht: 0","238055","3","6","4","10","09","2","","0","1","1","0","0"
"POINT (13.437113157000100 52.481604536000098)","Unfall 238056 (2022) Kat:2, Licht: 2","238056","2","7","6","10","21","7","","2","0","1","1","0"
"POINT (13.382372117999999 52.504497436000101)","Unfall 238057 (2022) Kat:3, Licht: 0","238057","3","2","5","09","18","4","","0","0","1","0","1"
"POINT (13.464774672000001 52.465821062000003)","Unfall 238058 (2022) Kat:3, Licht: 0","238058","3","3","5","10","14","6","","0","0","1","0","1"
"POINT (13.443431611000101 52.533225029999997)","Unfall 238059 (2022) Kat:3, Licht: 0","238059","3","7","0","09","16","2","","0","1","0","0","0"
"POINT (13.509664403000000 52.472866369000002)","Unfall 238060 (2022) Kat:3, Licht: 0","238060","3","2","5","10","16","3","","0","1","0","0","0"
"POINT (13.214118294000100 52.538532383000103)","Unfall 238061 (2022) Kat:3, Licht: 0","238061","3","6","4","10","08","5","","0","1","0","0","0"
"POINT (13.427289916000101 52.590727672000099)","Unfall 238062 (2022) Kat:3, Licht: 0","238062","3","3","5","09","15","7","","0","1","1","0","0"
"POINT (13.400468021000099 52.425589595000098)","Unfall 238063 (2022) Kat:3, Licht: 0","238063","3","3","5","09","09","5","","0","1","1","0","0"
"POINT (13.437530735000101 52.493431641000001)","Unfall 238064 (2022) Kat:3, Licht: 0","238064","3","1","0","10","13","7","","0","0","0","0","1"
"POINT (13.437210981000000 52.464357452000101)","Unfall 238065 (2022) Kat:3, Licht: 0","238065","3","3","5","09","16","1","","0","0","0","0","1"
"POINT (13.475379703000000 52.456193523000103)","Unfall 238066 (2022) Kat:3, Licht: 1","238066","3","2","5","09","06","6","","1","1","1","0","0"
"POINT (13.297502568000001 52.493134924000103)","Unfall 238067 (2022) Kat:3, Licht: 0","238067","3","7","0","09","17","3","","0","1","0","0","0"
"POINT (13.436971034000100 52.423721630999999)","Unfall 238068 (2022) Kat:3, Licht: 2","238068","3","6","3","10","23","6","","2","0","1","0","1"
"POINT (13.472345985000100 52.460957723000000)","Unfall 238069 (2022) Kat:3, Licht: 2","238069","3","3","5","09","03","7","","2","0","1","0","0"
"POINT (13.215647384000000 52.538120425999999)","Unfall 238070 (2022) Kat:3, Licht: 0","238070","3","2","5","09","12","2","","0","0","1","0","0"
"POINT (13.359720912000100 52.570005838999997)","Unfall 238071 (2022) Kat:3, Licht: 1","238071","3","7","5","10","17","2","","1","0","1","0","1"
"POINT (13.415925468000101 52.459553976999999)","Unfall 238072 (2022) Kat:3, Licht: 0","238072","3","2","5","10","16","3","","0","1","1","0","0"
"POINT (13.462719994000100 52.463087041000101)","Unfall 238073 (2022) Kat:2, Licht: 0","238073","2","3","5","09","14","6","","0","0","1","0","1"
"POINT (13.389782330000100 52.511064929000000)","Unfall 238074 (2022) Kat:3, Licht: 0","238074","3","7","0","10","16","6","","0","1","0","0","0"
"POINT (13.377099407000101 52.549493610000098)","Unfall 238075 (2022) Kat:3, Licht: 0","238075","3","6","0","09","16","7","","0","1","1","0","0"
"POINT (13.570722752000099 52.389457938000099)","Unfall 238076 (2022) Kat:3, Licht: 0","238076","3","2","5","09","14","5","","0","0","1","0","0"
"POINT (13.496581797999999 52.415598387999999)","Unfall 238077 (2022) Kat:2, Licht: 0","238077","2","4","6","09","13","3","","0","0","1","1","0"
"POINT (13.435488283000000 52.460195501000001)","Unfall 238078 (2022) Kat:3, Licht: 0","238078","3","3","0","09","16","3","","0","0","1","0","1"
"POINT (13.442008523000000 52.501356547999997)","Unfall 238079 (2022) Kat:3, Licht: 0","238079","3","3","5","10","15","5","","0","1","1","0","0"
"POINT (13.360857931000099 52.417132172999999)","Unfall 238080 (2022) Kat:3, Licht: 0","238080","3","2","5","09","17","3","","0","1","1","0","0"
"POINT (13.198130483000099 52.532909647000103)","Unfall 238081 (2022) Kat:3, Licht: 0","238081","3","2","5","09","08","6","","0","1","0","0","0"
"POINT (13.182585705000101 52.423133650000104)","Unfall 238082 (2022) Kat:3, Licht: 2","238082","3","4","6","10","19","2","","2","0","1","1","0"
"POINT (13.455154376000101 52.474327822000099)","Unfall 238083 (2022) Kat:3, Licht: 0","238083","3","7","6","10","17","2","","0","1","0","1","0"
"POINT (13.307870693000000 52.506573510000102)","Unfall 238084 (2022) Kat:3, Licht: 0","238084","3","2","0","09","17","5","","0","1","0","0","0"
"POINT (13.286424576000099 52.519555551000103)","Unfall 238085 (2022) Kat:3, Licht: 0","238085","3","1","0","09","07","3","","0","0","0","0","1"
"POINT (13.435984111000000 52.483840063999999)","Unfall 238086 (2022) Kat:3, Licht: 2","238086","3","6","2","10","19","4","","2","0","1","0","0"
"POINT (13.348675191000000 52.606607633000102)","Unfall 238087 (2022) Kat:3, Licht: 0","238087","3","3","0","09","16","5","","0","1","0","0","1"
"POINT (13.360346836000099 52.537237802999996)","Unfall 238088 (2022) Kat:3, Licht: 1","238088","3","2","2","10","18","6","","1","1","1","0","0"
"POINT (13.439725986999999 52.471012913999999)","Unfall 238089 (2022) Kat:2, Licht: 0","238089","2","4","6","09","13","7","","0","0","0","1","0"
"POINT (13.409605042000100 52.426182616000098)","Unfall 238090 (2022) Kat:3, Licht: 0","238090","3","5","1","09","11","5","","0","0","1","0","0"
"POINT (13.571571598000000 52.436577042000103)","Unfall 238091 (2022) Kat:2, Licht: 0","238091","2","3","5","09","15","3","","0","0","1","0","0"
"POINT (13.204268655000000 52.524136767000101)","Unfall 238092 (2022) Kat:3, Licht: 2","238092","3","5","1","09","20","4","","2","0","1","0","1"
"POINT (13.470400510999999 52.553716392000098)","Unfall 238093 (2022) Kat:2, Licht: 0","238093","2","3","5","10","10","5","","0","0","1","0","0"
"POINT (13.481942341000000 52.461361344000103)","Unfall 238094 (2022) Kat:3, Licht: 0","238094","3","6","3","09","18","3","","0","1","0","0","0"
"POINT (13.312180210000101 52.622314211999999)","Unfall 238095 (2022) Kat:2, Licht: 0","238095","2","6","2","09","17","5","","0","0","1","0","0"
"POINT (13.373449544000000 52.469030320999998)","Unfall 238096 (2022) Kat:3, Licht: 0","238096","3","6","0","10","14","2","","0","1","0","0","0"
"POINT (13.381033642000000 52.455930774000102)","Unfall 238097 (2022) Kat:3, Licht: 0","238097","3","2","6","10","14","1","","0","0","1","1","0"
"POINT (13.274450721999999 52.519048900000001)","Unfall 238098 (2022) Kat:3, Licht: 0","238098","3","7","0","09","08","5","","0","1","0","0","0"
"POINT (13.461890671000001 52.430864041000099)","Unfall 238099 (2022) Kat:3, Licht: 0","238099","3","6","0","09","17","6","","0","0","1","0","0"
"POINT (13.394616996000000 52.532271799999997)","Unfall 238100 (2022) Kat:3, Licht: 0","238100","3","6","0","09","16","2","","0","1","0","0","0"
"POINT (13.374349774000100 52.527980946000099)","Unfall 238101 (2022) Kat:3, Licht: 0","238101","3","6","2","10","17","4","","0","1","1","0","0"
"POINT (13.330475572000100 52.500527576000103)","Unfall 238102 (2022) Kat:2, Licht: 0","238102","2","5","1","09","15","5","","0","0","1","0","0"
"POINT (13.465060929000099 52.433252973000002)","Unfall 238103 (2022) Kat:3, Licht: 0","238103","3","2","5","10","16","5","","0","1","1","0","0"
"POINT (13.548708179000100 52.418562567000002)","Unfall 238104 (2022) Kat:3, Licht: 0","238104","3","7","0","09","14","6","","0","0","1","0","0"
"POINT (13.383719545000099 52.555082364000000)","Unfall 238105 (2022) Kat:3, Licht: 0","238105","3","2","0","09","16","5","","0","0","1","0","0"
"POINT (13.365807602000100 52.503066290000000)","Unfall 238106 (2022) Kat:3, Licht: 0","238106","3","2","5","10","09","2","","0","1","1","0","0"
"POINT (13.440673853000000 52.524221040000000)","Unfall 238107 (2022) Kat:3, Licht: 0","238107","3","1","0","09","09","2","","0","0","0","0","1"
"POINT (13.332202684000000 52.595224553999998)","Unfall 238108 (2022) Kat:3, Licht: 0","238108","3","1","0","10","07","1","","0","0","0","0","1"
"POINT (13.157887263000100 52.543076633000098)","Unfall 238109 (2022) Kat:3, Licht: 0","238109","3","2","5","09","13","5","","0","0","1","0","1"
"POINT (13.337662717000100 52.519897561999997)","Unfall 238110 (2022) Kat:3, Licht: 0","238110","3","3","5","10","12","6","","0","1","1","0","0"
"POINT (13.331612389000000 52.563131421999998)","Unfall 238111 (2022) Kat:3, Licht: 0","238111","3","2","5","09","11","2","","0","0","1","0","1"
"POINT (13.393178640000000 52.529047288000100)","Unfall 238112 (2022) Kat:3, Licht: 1","238112","3","2","5","09","13","2","","1","1","1","0","0"
"POINT (13.331463802000000 52.503771476000097)","Unfall 238113 (2022) Kat:3, Licht: 0","238113","3","2","5","10","12","4","","0","1","1","0","0"
"POINT (13.424677628000000 52.484089662000002)","Unfall 238114 (2022) Kat:2, Licht: 0","238114","2","6","3","10","13","4","","0","0","1","0","0"
"POINT (13.360616111000100 52.548592267000103)","Unfall 238115 (2022) Kat:3, Licht: 2","238115","3","3","5","09","19","1","","2","1","1","0","0"
"POINT (13.340063970000100 52.588079913999998)","Unfall 238116 (2022) Kat:3, Licht: 1","238116","3","3","5","09","06","4","","1","0","1","0","0"
"POINT (13.418636757000099 52.500368158000100)","Unfall 238117 (2022) Kat:3, Licht: 2","238117","3","5","1","10","22","7","","2","1","1","0","0"
"POINT (13.389892995000000 52.510371706999997)","Unfall 238118 (2022) Kat:3, Licht: 0","238118","3","2","5","09","08","2","","0","1","1","0","0"
"POINT (13.407599126999999 52.509794794000101)","Unfall 238119 (2022) Kat:3, Licht: 0","238119","3","5","1","09","07","6","","0","1","1","0","0"
"POINT (13.343199222000100 52.528196911000101)","Unfall 238120 (2022) Kat:3, Licht: 0","238120","3","2","5","09","12","4","","0","1","1","0","0"
"POINT (13.538723424000100 52.524656286000003)","Unfall 238121 (2022) Kat:3, Licht: 0","238121","3","3","5","09","07","4","","0","1","1","0","0"
"POINT (13.198598690000001 52.532811385000102)","Unfall 238122 (2022) Kat:3, Licht: 0","238122","3","2","5","10","11","6","","0","1","0","0","0"
"POINT (13.411798075000000 52.580865114000098)","Unfall 238123 (2022) Kat:3, Licht: 0","238123","3","7","2","09","16","1","","0","0","1","0","0"
"POINT (13.319084965000100 52.454338084000000)","Unfall 238124 (2022) Kat:3, Licht: 0","238124","3","6","2","10","11","2","","0","0","1","0","0"
"POINT (13.319698727000100 52.570595411000099)","Unfall 238125 (2022) Kat:3, Licht: 0","238125","3","3","5","10","09","3","","0","1","1","0","0"
"POINT (13.554938523000001 52.515628349000103)","Unfall 238126 (2022) Kat:3, Licht: 0","238126","3","3","5","09","11","7","","0","1","1","0","0"
"POINT (13.411592720000000 52.550736051999998)","Unfall 238127 (2022) Kat:3, Licht: 0","238127","3","6","3","10","13","6","","0","1","0","0","0"
"POINT (13.414318667000000 52.553608640000000)","Unfall 238128 (2022) Kat:3, Licht: 0","238128","3","2","5","09","10","7","","0","1","1","0","0"
"POINT (13.295688728000099 52.493965644000099)","Unfall 238129 (2022) Kat:3, Licht: 0","238129","3","5","1","09","12","5","","0","1","1","0","0"
"POINT (13.375230223000100 52.556752468000099)","Unfall 238130 (2022) Kat:3, Licht: 1","238130","3","2","0","09","07","3","","1","0","1","0","0"
"POINT (13.384204623000100 52.504877830000098)","Unfall 238131 (2022) Kat:2, Licht: 0","238131","2","2","5","09","12","4","","0","0","0","0","1"
"POINT (13.424033381000100 52.552957730000102)","Unfall 238132 (2022) Kat:2, Licht: 0","238132","2","2","5","10","12","5","","0","1","0","0","0"
"POINT (13.270994151000000 52.510364492000100)","Unfall 238133 (2022) Kat:3, Licht: 0","238133","3","6","3","09","15","3","","0","0","1","0","1"
"POINT (13.300793930999999 52.579751664000099)","Unfall 238134 (2022) Kat:3, Licht: 0","238134","3","6","2","09","15","6","","0","0","1","0","0"
"POINT (13.455823616000000 52.430362429000098)","Unfall 238135 (2022) Kat:2, Licht: 0","238135","2","2","5","10","13","2","","0","1","1","0","0"
"POINT (13.458870376000000 52.549089344000002)","Unfall 238136 (2022) Kat:3, Licht: 0","238136","3","7","2","10","13","3","","0","1","1","0","0"
"POINT (13.289907060000100 52.635092026999999)","Unfall 238137 (2022) Kat:3, Licht: 0","238137","3","3","5","09","16","5","","0","1","1","0","0"
"POINT (13.313195809000000 52.567705314000101)","Unfall 238138 (2022) Kat:3, Licht: 0","238138","3","6","3","09","11","3","","0","0","1","0","0"
"POINT (13.359691172000099 52.533321549000000)","Unfall 238139 (2022) Kat:3, Licht: 0","238139","3","3","5","09","18","2","","0","0","1","0","0"
"POINT (13.373501332000000 52.520652945999998)","Unfall 238140 (2022) Kat:2, Licht: 0","238140","2","3","5","10","13","4","","0","1","1","0","0"
"POINT (13.332455827000000 52.590086362000100)","Unfall 238141 (2022) Kat:3, Licht: 0","238141","3","7","5","09","07","5","","0","0","1","0","1"
"POINT (13.314064164000101 52.490264793000101)","Unfall 238142 (2022) Kat:3, Licht: 0","238142","3","7","2","10","12","6","","0","0","1","0","1"
"POINT (13.300417124999999 52.498836924999999)","Unfall 238143 (2022) Kat:3, Licht: 0","238143","3","2","5","09","18","7","","0","0","1","0","0"
"POINT (13.450222052000100 52.522273421000101)","Unfall 238144 (2022) Kat:3, Licht: 0","238144","3","2","2","09","08","5","","0","0","1","0","0"
"POINT (13.340782473999999 52.502657414000097)","Unfall 238145 (2022) Kat:3, Licht: 1","238145","3","7","0","10","18","1","","1","0","0","0","1"
"POINT (13.445089812999999 52.495182843000102)","Unfall 238146 (2022) Kat:3, Licht: 2","238146","3","7","5","09","22","2","","2","0","1","0","1"
"POINT (13.600866311000100 52.515440387000098)","Unfall 238147 (2022) Kat:3, Licht: 0","238147","3","3","5","10","09","1","","0","0","1","0","0"
"POINT (13.164794315000099 52.466732532999998)","Unfall 238148 (2022) Kat:2, Licht: 0","238148","2","5","1","09","16","4","","0","0","1","0","0"
"POINT (13.331989968000100 52.521919564000001)","Unfall 238149 (2022) Kat:2, Licht: 0","238149","2","6","4","10","09","7","","0","1","0","0","0"
"POINT (13.500192938000099 52.561370857999997)","Unfall 238150 (2022) Kat:2, Licht: 0","238150","2","4","6","09","16","2","","0","0","1","1","0"
"POINT (13.377715615000101 52.465865776000001)","Unfall 238151 (2022) Kat:3, Licht: 0","238151","3","1","0","09","13","2","","0","0","0","0","1"
"POINT (13.427888157000000 52.560698022000103)","Unfall 238152 (2022) Kat:3, Licht: 0","238152","3","6","2","10","10","4","","0","0","1","0","0"
"POINT (13.395223782000100 52.496304714000097)","Unfall 238153 (2022) Kat:3, Licht: 2","238153","3","2","5","10","20","5","","2","1","1","0","0"
"POINT (13.272756641000100 52.512563790000101)","Unfall 238154 (2022) Kat:3, Licht: 0","238154","3","7","0","09","14","6","","0","1","0","1","0"
"POINT (13.600896316000000 52.478985405000103)","Unfall 238155 (2022) Kat:3, Licht: 1","238155","3","2","5","09","18","4","","1","0","1","0","0"
"POINT (13.280503897000100 52.586958285000001)","Unfall 238156 (2022) Kat:3, Licht: 0","238156","3","3","5","10","09","5","","0","1","1","0","0"
"POINT (13.496767259000000 52.428233329000101)","Unfall 238157 (2022) Kat:3, Licht: 0","238157","3","3","5","09","13","6","","0","0","1","0","0"
"POINT (13.539275959000101 52.450731283000003)","Unfall 238158 (2022) Kat:3, Licht: 0","238158","3","2","5","09","15","5","","0","1","1","0","0"
"POINT (13.429994479000101 52.503498891000000)","Unfall 238159 (2022) Kat:3, Licht: 0","238159","3","3","5","09","16","2","","0","1","1","0","0"
"POINT (13.416671403000100 52.553663511000103)","Unfall 238160 (2022) Kat:3, Licht: 0","238160","3","6","2","10","14","7","","0","0","1","0","0"
"POINT (13.592997085000000 52.439947670000002)","Unfall 238161 (2022) Kat:3, Licht: 0","238161","3","6","2","09","14","5","","0","0","1","0","0"
"POINT (13.284438806000001 52.495726286000000)","Unfall 238162 (2022) Kat:2, Licht: 0","238162","2","7","5","10","12","7","","0","0","1","0","1"
"POINT (13.481122300999999 52.460807574000100)","Unfall 238163 (2022) Kat:2, Licht: 2","238163","2","3","5","09","20","1","","2","0","1","0","1"
"POINT (13.344125163000101 52.537985058000103)","Unfall 238164 (2022) Kat:3, Licht: 0","238164","3","2","6","09","15","2","","0","0","1","1","0"
"POINT (13.433532588000000 52.444308997000100)","Unfall 238165 (2022) Kat:2, Licht: 0","238165","2","4","6","10","11","4","","0","0","1","1","0"
"POINT (13.242051574000101 52.444457881000098)","Unfall 238166 (2022) Kat:3, Licht: 0","238166","3","2","5","10","11","5","","0","1","1","0","0"
"POINT (13.571962708999999 52.568437774000103)","Unfall 238167 (2022) Kat:3, Licht: 0","238167","3","1","0","09","18","1","","0","0","0","0","0"
"POINT (13.548216990000100 52.427399907999998)","Unfall 238168 (2022) Kat:3, Licht: 0","238168","3","6","3","09","18","4","","0","0","1","0","1"
"POINT (13.471527951000001 52.515235042000000)","Unfall 238169 (2022) Kat:3, Licht: 0","238169","3","5","1","10","11","1","","0","0","1","0","1"
"POINT (13.178395217000100 52.548800922000098)","Unfall 238170 (2022) Kat:3, Licht: 0","238170","3","4","6","09","13","2","","0","0","1","1","0"
"POINT (13.422873236999999 52.537124372000100)","Unfall 238171 (2022) Kat:3, Licht: 0","238171","3","2","6","10","17","7","","0","0","1","1","0"
"POINT (13.530493579000099 52.486691876000101)","Unfall 238172 (2022) Kat:3, Licht: 0","238172","3","3","5","09","17","3","","0","0","1","0","1"
"POINT (13.195301785000000 52.535557643000097)","Unfall 238173 (2022) Kat:3, Licht: 0","238173","3","4","6","09","15","4","","0","0","1","1","0"
"POINT (13.339856334000000 52.599317590000098)","Unfall 238174 (2022) Kat:3, Licht: 0","238174","3","7","5","10","15","6","","0","0","1","0","0"
"POINT (13.523533739000101 52.452410642000103)","Unfall 238175 (2022) Kat:3, Licht: 0","238175","3","2","5","09","19","4","","0","1","1","0","0"
"POINT (13.514237485000001 52.535146470000001)","Unfall 238176 (2022) Kat:3, Licht: 0","238176","3","6","2","09","11","7","","0","0","1","0","0"
"POINT (13.575203440999999 52.530618218000001)","Unfall 238177 (2022) Kat:3, Licht: 0","238177","3","4","6","10","08","3","","0","0","1","1","0"
"POINT (13.587507686000000 52.522219203000098)","Unfall 238178 (2022) Kat:3, Licht: 2","238178","3","7","0","10","23","3","","2","0","0","0","0"
"POINT (13.319898994000001 52.614828293000102)","Unfall 238179 (2022) Kat:3, Licht: 0","238179","3","1","8","09","09","7","","0","0","1","0","0"
"POINT (13.487018705000001 52.503298393000101)","Unfall 238180 (2022) Kat:3, Licht: 0","238180","3","5","1","10","13","6","","0","1","1","0","0"
"POINT (13.302124676000100 52.438190503000001)","Unfall 238181 (2022) Kat:3, Licht: 0","238181","3","3","5","09","11","7","","0","1","1","0","0"
"POINT (13.484452599000100 52.467246074999998)","Unfall 238182 (2022) Kat:3, Licht: 0","238182","3","3","5","09","11","6","","0","1","1","0","0"
"POINT (13.394549342000101 52.397434906999997)","Unfall 238183 (2022) Kat:3, Licht: 0","238183","3","5","1","09","12","3","","0","0","1","0","0"
"POINT (13.243411609000100 52.614214926000002)","Unfall 238184 (2022) Kat:3, Licht: 0","238184","3","3","5","09","16","3","","0","1","1","0","0"
"POINT (13.551277626000100 52.428785682000097)","Unfall 238185 (2022) Kat:3, Licht: 0","238185","3","2","5","10","16","5","","0","1","0","0","0"
"POINT (13.370889641000099 52.468985736000000)","Unfall 238186 (2022) Kat:3, Licht: 0","238186","3","6","2","09","17","4","","0","0","1","0","0"
"POINT (13.280036206000000 52.476057420000103)","Unfall 238187 (2022) Kat:3, Licht: 0","238187","3","6","2","10","13","6","","0","0","1","0","0"
"POINT (13.286629250000001 52.591298313000003)","Unfall 238188 (2022) Kat:3, Licht: 2","238188","3","3","5","09","23","6","","2","0","1","0","0"
"POINT (13.394310319000100 52.564990014000003)","Unfall 238189 (2022) Kat:3, Licht: 0","238189","3","2","5","10","15","2","","0","1","1","0","0"
"POINT (13.454900560000100 52.515800779000102)","Unfall 238190 (2022) Kat:3, Licht: 0","238190","3","7","2","10","13","2","","0","0","1","0","0"
"POINT (13.402090470000100 52.602854526000002)","Unfall 238191 (2022) Kat:3, Licht: 2","238191","3","2","5","09","22","5","","2","0","1","0","0"
"POINT (13.195018796999999 52.544939939000102)","Unfall 238192 (2022) Kat:3, Licht: 0","238192","3","3","5","09","09","3","","0","0","1","0","0"
"POINT (13.343335778000000 52.527004920000103)","Unfall 238193 (2022) Kat:3, Licht: 2","238193","3","1","0","10","01","4","","2","1","0","0","0"
"POINT (13.325295967000001 52.461374988000003)","Unfall 238194 (2022) Kat:3, Licht: 0","238194","3","7","6","09","10","5","","0","0","0","1","0"
"POINT (13.305433729000100 52.476449565000102)","Unfall 238195 (2022) Kat:2, Licht: 0","238195","2","7","0","10","12","4","","0","1","0","0","0"
"POINT (13.371080619000100 52.409228418000097)","Unfall 238196 (2022) Kat:3, Licht: 2","238196","3","1","8","09","00","1","","2","0","1","0","0"
"POINT (13.526278379000100 52.569222928000002)","Unfall 238197 (2022) Kat:3, Licht: 0","238197","3","1","8","09","08","5","","0","0","1","0","0"
"POINT (13.349985536000100 52.503012006000098)","Unfall 238198 (2022) Kat:3, Licht: 2","238198","3","3","5","10","04","1","","2","0","1","0","0"
"POINT (13.393826229000100 52.528537292000102)","Unfall 238199 (2022) Kat:3, Licht: 0","238199","3","3","5","09","09","2","","0","0","1","0","1"
"POINT (13.336523150000099 52.504116882000098)","Unfall 238200 (2022) Kat:3, Licht: 2","238200","3","4","6","10","19","7","","2","0","1","1","0"
"POINT (13.351729093000101 52.506586102000000)","Unfall 238201 (2022) Kat:3, Licht: 0","238201","3","6","3","09","14","4","","0","1","1","0","0"
"POINT (13.505993307000001 52.534736756000001)","Unfall 238202 (2022) Kat:3, Licht: 0","238202","3","6","2","10","15","7","","0","0","1","0","0"
"POINT (13.397376350000100 52.423931936000002)","Unfall 238203 (2022) Kat:3, Licht: 0","238203","3","2","5","09","13","2","","0","0","1","0","1"
"POINT (13.326101709000101 52.538366957999997)","Unfall 238204 (2022) Kat:3, Licht: 2","238204","3","2","5","09","05","2","","2","0","1","0","0"
"POINT (13.418787866000100 52.566529381000102)","Unfall 238205 (2022) Kat:3, Licht: 0","238205","3","5","1","10","13","3","","0","1","1","0","0"
"POINT (13.123555283000000 52.528908174999998)","Unfall 238206 (2022) Kat:3, Licht: 0","238206","3","3","5","10","06","3","","0","0","0","0","0"
"POINT (13.310699522000000 52.421235013000100)","Unfall 238207 (2022) Kat:3, Licht: 0","238207","3","7","0","09","14","6","","0","0","0","0","1"
"POINT (13.404371337000001 52.495885052000098)","Unfall 238208 (2022) Kat:3, Licht: 2","238208","3","5","1","10","03","7","","2","0","1","0","0"
"POINT (13.207077747000000 52.438215236000097)","Unfall 238209 (2022) Kat:3, Licht: 0","238209","3","5","1","09","11","7","","0","1","1","0","0"
"POINT (13.407602124000100 52.489185705000097)","Unfall 238210 (2022) Kat:3, Licht: 0","238210","3","6","0","09","19","6","","0","1","0","0","0"
"POINT (13.340343992999999 52.525679301000103)","Unfall 238211 (2022) Kat:3, Licht: 0","238211","3","6","3","09","12","2","","0","0","1","0","1"
"POINT (13.199756786000000 52.534750365999997)","Unfall 238212 (2022) Kat:3, Licht: 1","238212","3","7","0","09","18","3","","1","0","1","0","0"
"POINT (13.338389258000101 52.553478310999999)","Unfall 238213 (2022) Kat:3, Licht: 0","238213","3","5","1","10","15","6","","0","1","1","0","0"
"POINT (13.311025798000101 52.584601452000101)","Unfall 238214 (2022) Kat:2, Licht: 0","238214","2","2","5","09","13","3","","0","1","1","0","0"
"POINT (13.177076199000100 52.546647897000099)","Unfall 238215 (2022) Kat:3, Licht: 0","238215","3","5","1","09","16","1","","0","0","1","0","0"
"POINT (13.497872278999999 52.628344054000102)","Unfall 238216 (2022) Kat:3, Licht: 0","238216","3","3","5","10","14","2","","0","1","1","0","0"
"POINT (13.361391528000100 52.479935486999999)","Unfall 238217 (2022) Kat:3, Licht: 0","238217","3","6","0","10","13","1","","0","1","1","0","0"
"POINT (13.495929842000100 52.534121069999998)","Unfall 238218 (2022) Kat:3, Licht: 0","238218","3","6","4","09","16","6","","0","1","0","0","0"
"POINT (13.418736954000099 52.536510110999998)","Unfall 238219 (2022) Kat:2, Licht: 2","238219","2","7","0","09","01","7","","2","0","0","0","0"
"POINT (13.465988747999999 52.508834288000102)","Unfall 238220 (2022) Kat:3, Licht: 0","238220","3","7","6","09","13","5","","0","0","1","1","0"
"POINT (13.286767437000000 52.487465160000099)","Unfall 238221 (2022) Kat:3, Licht: 2","238221","3","1","1","09","04","2","","2","0","1","0","0"