WKT,Name,OBJECTID,UKATEGORIE,UTYP1,UART,UMONAT,USTUNDE,UWOCHENTAG,STRZUSTAND,ULICHTVERH,ISTRAD,ISTPKW,ISTFUSS,ISTKRAD
"POINT (13.375558472000000 52.455503295000000)","Unfall 238222 (2022) Kat:3, Licht: 0","238222","3","6","2","10","13","4","","0","0","1","0","0"
"POINT (13.432066710000100 52.487960629000000)","Unfall 238223 (2022) Kat:2, Licht: 0","238223","2","7","0","09","15","5","","0","0","1","0","1"
"POINT (13.458774727000000 52.511390470000002)","Unfall 238224 (2022) Kat:2, Licht: 0","238224","2","2","6","10","14","5","","0","0","1","1","0"
"POINT (13.109242283000100 52.414056299999999)","Unfall 238225 (2022) Kat:3, Licht: 0","238225","3","6","2","11","15","7","","0","0","1","0","0"
"POINT (13.411888041000100 52.394344269000001)","Unfall 238226 (2022) Kat:2, Licht: 0","238226","2","1","0","10","12","7","","0","1","0","0","0"
"POINT (13.592024418000101 52.538724386000098)","Unfall 238227 (2022) Kat:3, Licht: 0","238227","3","3","5","10","18","2","","0","1","0","0","0"
"POINT (13.436475685000101 52.548446953999999)","Unfall 238228 (2022) Kat:3, Licht: 0","238228","3","3","5","11","16","6","","0","1","0","0","0"
"POINT (13.280427016000001 52.518334111999998)","Unfall 238229 (2022) Kat:3, Licht: 0","238229","3","2","5","10","15","3","","0","1","1","0","0"
"POINT (13.456713935000000 52.511002629000103)","Unfall 238230 (2022) Kat:3, Licht: 2","238230","3","5","1","11","20","7","","2","1","1","0","0"
"POINT (13.492426546000001 52.636886380000099)","Unfall 238231 (2022) Kat:3, Licht: 2","238231","3","7","0","11","21","2","","2","0","1","0","0"
"POINT (13.464388574000100 52.470322328000101)","Unfall 238232 (2022) Kat:3, Licht: 0","238232","3","2","5","11","12","3","","0","1","0","0","0"
"POINT (13.502549961000099 52.461320580000098)","Unfall 238233 (2022) Kat:3, Licht: 0","238233","3","2","5","10","16","5","","0","1","0","0","0"
"POINT (13.440231914000000 52.494569989000098)","Unfall 238234 (2022) Kat:3, Licht: 0","238234","3","2","5","11","08","5","","0","1","1","0","0"
"POINT (13.432914125000000 52.517947358000100)","Unfall 238235 (2022) Kat:3, Licht: 0","238235","3","3","5","10","15","7","","0","0","1","0","0"
"POINT (13.411635600000100 52.523961645000000)","Unfall 238236 (2022) Kat:2, Licht: 2","238236","2","2","5","11","06","4","","2","1","1","0","0"
"POINT (13.416177551000001 52.566483187000102)","Unfall 238237 (2022) Kat:2, Licht: 2","238237","2","2","5","12","19","5","","2","1","1","0","0"
"POINT (13.417036103999999 52.418222643000000)","Unfall 238238 (2022) Kat:2, Licht: 0","238238","2","2","6","10","10","5","","0","0","1","1","0"
"POINT (13.400724444000000 52.580349024000000)","Unfall 238239 (2022) Kat:3, Licht: 0","238239","3","3","5","11","13","5","","0","1","0","0","0"
"POINT (13.555418528000100 52.455589249000099)","Unfall 238240 (2022) Kat:3, Licht: 2","238240","3","4","6","10","18","6","","2","0","0","1","0"
"POINT (13.414087850000000 52.520011808000000)","Unfall 238241 (2022) Kat:3, Licht: 1","238241","3","5","1","10","18","7","","1","1","1","0","0"
"POINT (13.271842350000000 52.536568676999998)","Unfall 238242 (2022) Kat:3, Licht: 0","238242","3","2","5","11","09","5","","0","0","1","0","0"
"POINT (13.489408727000100 52.501878044000101)","Unfall 238243 (2022) Kat:3, Licht: 0","238243","3","4","6","10","08","2","","0","0","0","1","1"
"POINT (13.420989262000001 52.564507185000103)","Unfall 238244 (2022) Kat:3, Licht: 2","238244","3","2","6","11","18","6","","2","0","1","1","0"
"POINT (13.418022092999999 52.418456230000103)","Unfall 238245 (2022) Kat:3, Licht: 0","238245","3","1","8","11","08","7","","0","0","1","0","0"
"POINT (13.516537254000101 52.505543801000002)","Unfall 238246 (2022) Kat:2, Licht: 0","238246","2","3","5","11","09","4","","0","0","1","0","1"
"POINT (13.256007614000101 52.506802212000103)","Unfall 238247 (2022) Kat:3, Licht: 0","238247","3","3","5","10","10","5","","0","0","1","0","0"
"POINT (13.361401694000101 52.481136634000102)","Unfall 238248 (2022) Kat:3, Licht: 0","238248","3","5","1","10","15","4","","0","1","1","0","0"
"POINT (13.385244083000000 52.448059893999996)","Unfall 238249 (2022) Kat:3, Licht: 0","238249","3","2","5","10","16","6","","0","0","1","0","0"
"POINT (13.281122132000100 52.481453422000101)","Unfall 238250 (2022) Kat:3, Licht: 2","238250","3","7","5","11","18","3","","2","0","1","0","0"
"POINT (13.443849091000100 52.437132474000101)","Unfall 238251 (2022) Kat:3, Licht: 2","238251","3","3","5","12","16","5","","2","0","1","0","1"
"POINT (13.391169464000001 52.530618760000003)","Unfall 238252 (2022) Kat:3, Licht: 0","238252","3","5","1","10","17","3","","0","1","1","0","0"
"POINT (13.568778410000000 52.538072229000100)","Unfall 238253 (2022) Kat:1, Licht: 0","238253","1","2","5","11","13","1","","0","0","1","0","0"
"POINT (13.293525397000099 52.485095571999999)","Unfall 238254 (2022) Kat:3, Licht: 0","238254","3","5","1","11","12","5","","0","0","1","0","0"
"POINT (13.360434094000000 52.537152280999997)","Unfall 238255 (2022) Kat:3, Licht: 0","238255","3","1","8","11","10","7","","0","0","0","0","1"
"POINT (13.433347355000000 52.606588115000100)","Unfall 238256 (2022) Kat:3, Licht: 2","238256","3","6","0","11","18","3","","2","1","1","0","0"
"POINT (13.561660662000101 52.493485430000099)","Unfall 238257 (2022) Kat:2, Licht: 0","238257","2","4","6","11","15","6","","0","0","1","1","0"
"POINT (13.389774745000100 52.574291142000000)","Unfall 238258 (2022) Kat:3, Licht: 2","238258","3","3","5","11","18","2","","2","1","1","0","0"
"POINT (13.412074360000100 52.573285386000101)","Unfall 238259 (2022) Kat:3, Licht: 0","238259","3","6","2","10","13","5","","0","0","1","0","0"
"POINT (13.577156006000100 52.455857799999997)","Unfall 238260 (2022) Kat:3, Licht: 0","238260","3","6","3","11","10","2","","0","0","1","0","0"
"POINT (13.485197792000100 52.515842868999997)","Unfall 238261 (2022) Kat:3, Licht: 0","238261","3","3","5","10","11","1","","0","0","1","0","0"
"POINT (13.435472904000100 52.521759522000103)","Unfall 238262 (2022) Kat:3, Licht: 2","238262","3","2","5","11","18","3","","2","1","1","0","0"
"POINT (13.562627011000099 52.446010788000102)","Unfall 238263 (2022) Kat:2, Licht: 0","238263","2","2","5","10","17","2","","0","0","1","0","1"
"POINT (13.510730596000000 52.452969775000000)","Unfall 238264 (2022) Kat:3, Licht: 0","238264","3","7","0","11","15","7","","0","0","1","0","0"
"POINT (13.271644988000000 52.517077665000002)","Unfall 238265 (2022) Kat:3, Licht: 0","238265","3","3","5","10","10","4","","0","0","1","0","0"
"POINT (13.575024945000100 52.573462773000102)","Unfall 238266 (2022) Kat:3, Licht: 0","238266","3","3","5","11","11","1","","0","0","1","0","0"
"POINT (13.376701054000000 52.491533119000103)","Unfall 238267 (2022) Kat:3, Licht: 0","238267","3","2","5","11","11","4","","0","0","1","0","0"
"POINT (13.519311782000001 52.526880214000101)","Unfall 238268 (2022) Kat:3, Licht: 2","238268","3","6","2","10","18","6","","2","0","1","0","0"
"POINT (13.445005160999999 52.462638056999999)","Unfall 238269 (2022) Kat:3, Licht: 0","238269","3","6","3","11","13","6","","0","0","1","0","0"
"POINT (13.437822902000100 52.500287905999997)","Unfall 238270 (2022) Kat:3, Licht: 2","238270","3","2","2","11","18","3","","2","0","1","0","1"
"POINT (13.323339910000101 52.460605205000000)","Unfall 238271 (2022) Kat:3, Licht: 0","238271","3","5","1","10","11","2","","0","0","1","0","0"
"POINT (13.410232689000100 52.399296501999999)","Unfall 238272 (2022) Kat:3, Licht: 2","238272","3","2","6","11","18","5","","2","0","1","1","0"
"POINT (13.292520513000101 52.509615600000103)","Unfall 238273 (2022) Kat:3, Licht: 2","238273","3","6","3","12","19","6","","2","0","1","0","1"
"POINT (13.356463179000100 52.525566889000103)","Unfall 238274 (2022) Kat:3, Licht: 0","238274","3","2","5","10","17","4","","0","1","1","0","0"
"POINT (13.330242784000101 52.513246981000101)","Unfall 238275 (2022) Kat:3, Licht: 0","238275","3","3","5","11","08","5","","0","1","0","0","0"
"POINT (13.422107541000100 52.550109309000000)","Unfall 238276 (2022) Kat:3, Licht: 0","238276","3","3","5","11","13","1","","0","0","1","0","0"
"POINT (13.280633101999999 52.506484315000101)","Unfall 238277 (2022) Kat:2, Licht: 2","238277","2","1","8","10","20","6","","2","0","1","0","0"
"POINT (13.288736882000000 52.506651456999997)","Unfall 238278 (2022) Kat:3, Licht: 2","238278","3","6","3","10","18","7","","2","0","1","0","1"
"POINT (13.485962183000000 52.520696800000103)","Unfall 238279 (2022) Kat:3, Licht: 0","238279","3","3","5","11","13","6","","0","1","1","0","0"
"POINT (13.271455853000100 52.536516485000000)","Unfall 238280 (2022) Kat:3, Licht: 0","238280","3","6","2","10","10","2","","0","0","1","0","0"
"POINT (13.428045090000101 52.492845261000099)","Unfall 238281 (2022) Kat:3, Licht: 2","238281","3","4","6","11","20","6","","2","0","1","1","0"
"POINT (13.284616903000000 52.445774352000100)","Unfall 238282 (2022) Kat:3, Licht: 0","238282","3","3","5","11","09","4","","0","0","1","0","0"
"POINT (13.197696554000100 52.522969394000000)","Unfall 238283 (2022) Kat:3, Licht: 0","238283","3","1","9","11","12","1","","0","0","1","0","0"
"POINT (13.424341157000100 52.486292933000101)","Unfall 238284 (2022) Kat:2, Licht: 2","238284","2","2","5","11","18","2","","2","0","1","0","0"
"POINT (13.339180294000100 52.496295089000100)","Unfall 238285 (2022) Kat:3, Licht: 0","238285","3","5","1","10","13","5","","0","1","1","0","0"
"POINT (13.174293979000000 52.519813994000103)","Unfall 238286 (2022) Kat:3, Licht: 2","238286","3","5","1","11","17","5","","2","0","1","0","0"
"POINT (13.438137812000001 52.500222276999999)","Unfall 238287 (2022) Kat:3, Licht: 0","238287","3","7","0","10","10","7","","0","0","1","0","0"
"POINT (13.249066638000000 52.419251738000099)","Unfall 238288 (2022) Kat:3, Licht: 0","238288","3","3","5","11","12","4","","0","0","1","0","0"
"POINT (13.347173625000000 52.501086950999998)","Unfall 238289 (2022) Kat:3, Licht: 0","238289","3","2","5","12","08","5","","0","1","0","0","0"
"POINT (13.312394859000101 52.515485086000098)","Unfall 238290 (2022) Kat:3, Licht: 0","238290","3","2","5","10","10","4","","0","1","1","0","0"
"POINT (13.495389275999999 52.633987748999999)","Unfall 238291 (2022) Kat:3, Licht: 2","238291","3","3","5","11","20","6","","2","1","1","0","0"
"POINT (13.434774725000100 52.508426068000098)","Unfall 238292 (2022) Kat:3, Licht: 2","238292","3","2","2","11","17","5","","2","0","1","0","0"
"POINT (13.279928202000100 52.505597670000000)","Unfall 238293 (2022) Kat:3, Licht: 2","238293","3","6","2","10","17","2","","2","0","1","0","0"
"POINT (13.379309962000001 52.507034273999999)","Unfall 238294 (2022) Kat:3, Licht: 2","238294","3","3","5","11","19","6","","2","1","1","0","0"
"POINT (13.416557097000100 52.510981011000098)","Unfall 238295 (2022) Kat:3, Licht: 2","238295","3","2","5","11","20","7","","2","1","1","0","0"
"POINT (13.136011577000000 52.544137737000000)","Unfall 238296 (2022) Kat:3, Licht: 2","238296","3","7","1","11","05","3","","2","0","1","0","0"
"POINT (13.387446231000100 52.533506909000003)","Unfall 238297 (2022) Kat:3, Licht: 0","238297","3","2","5","10","13","5","","0","1","1","0","0"
"POINT (13.450793213000100 52.527201816000101)","Unfall 238298 (2022) Kat:3, Licht: 2","238298","3","2","5","10","18","4","","2","0","1","0","0"
"POINT (13.406162466000101 52.450687414000100)","Unfall 238299 (2022) Kat:3, Licht: 0","238299","3","4","6","10","15","6","","0","1","0","1","0"
"POINT (13.404404554999999 52.581500296000101)","Unfall 238300 (2022) Kat:2, Licht: 0","238300","2","2","6","11","13","3","","0","0","0","1","0"
"POINT (13.480875231000001 52.460883068999998)","Unfall 238301 (2022) Kat:2, Licht: 1","238301","2","6","2","12","15","5","","1","0","1","0","0"
"POINT (13.308377731000100 52.624569555000100)","Unfall 238302 (2022) Kat:2, Licht: 0","238302","2","2","2","10","15","2","","0","1","1","0","0"
"POINT (13.348950271000000 52.514836026000097)","Unfall 238303 (2022) Kat:3, Licht: 0","238303","3","3","5","11","14","1","","0","0","1","0","1"
"POINT (13.384297756000000 52.484092404000101)","Unfall 238304 (2022) Kat:3, Licht: 2","238304","3","4","6","11","19","4","","2","0","1","1","0"
"POINT (13.473030130000000 52.520613921000098)","Unfall 238305 (2022) Kat:3, Licht: 0","238305","3","3","5","11","07","4","","0","1","1","0","0"
"POINT (13.307947300000000 52.488517491000003)","Unfall 238306 (2022) Kat:3, Licht: 1","238306","3","3","5","11","07","7","","1","0","1","0","0"
"POINT (13.328390355000099 52.467347926000102)","Unfall 238307 (2022) Kat:2, Licht: 0","238307","2","2","0","10","14","2","","0","1","1","0","0"
"POINT (13.194783352000099 52.533589279000097)","Unfall 238308 (2022) Kat:3, Licht: 0","238308","3","6","3","11","07","5","","0","0","1","0","0"
"POINT (13.400729359000000 52.565578488000000)","Unfall 238309 (2022) Kat:3, Licht: 1","238309","3","3","5","10","06","5","","1","0","1","0","1"
"POINT (13.349459543000000 52.503131314000001)","Unfall 238310 (2022) Kat:3, Licht: 0","238310","3","3","5","11","14","2","","0","0","1","0","0"
"POINT (13.326106433000099 52.538347817000002)","Unfall 238311 (2022) Kat:3, Licht: 2","238311","3","2","3","10","18","7","","2","0","1","0","0"
"POINT (13.290223847000000 52.497605954999997)","Unfall 238312 (2022) Kat:3, Licht: 0","238312","3","7","6","11","11","3","","0","0","1","1","0"
"POINT (13.436388471000001 52.448841717000100)","Unfall 238313 (2022) Kat:3, Licht: 0","238313","3","4","6","10","07","2","","0","0","0","1","0"
"POINT (13.231675982000100 52.545053383000003)","Unfall 238314 (2022) Kat:3, Licht: 0","238314","3","4","6","11","09","7","","0","1","0","1","0"
"POINT (13.433326678000100 52.519866853000103)","Unfall 238315 (2022) Kat:3, Licht: 2","238315","3","5","0","10","06","3","","2","0","1","0","0"
"POINT (13.442364112000099 52.500851082000104)","Unfall 238316 (2022) Kat:3, Licht: 2","238316","3","7","5","10","19","4","","2","1","1","0","0"
"POINT (13.430097698000100 52.495610880000100)","Unfall 238317 (2022) Kat:3, Licht: 0","238317","3","3","5","10","11","7","","0","0","1","0","0"
"POINT (13.228662040000099 52.528340933999999)","Unfall 238318 (2022) Kat:3, Licht: 1","238318","3","5","1","11","05","3","","1","1","1","0","0"
"POINT (13.331478382000100 52.505364698000101)","Unfall 238319 (2022) Kat:3, Licht: 0","238319","3","2","2","12","08","5","","0","0","1","0","0"
"POINT (13.381288045000099 52.569080176999996)","Unfall 238320 (2022) Kat:3, Licht: 0","238320","3","3","5","10","13","3","","0","0","1","0","0"
"POINT (13.306330178000101 52.506681956000101)","Unfall 238321 (2022) Kat:3, Licht: 2","238321","3","6","2","11","22","1","","2","0","1","0","0"
"POINT (13.317371734000099 52.566615961000103)","Unfall 238322 (2022) Kat:3, Licht: 0","238322","3","3","5","10","16","3","","0","0","1","0","0"
"POINT (13.400885488000000 52.510266526000102)","Unfall 238323 (2022) Kat:3, Licht: 2","238323","3","2","5","11","17","4","","2","1","1","0","0"
"POINT (13.394312160000000 52.491449097000000)","Unfall 238324 (2022) Kat:3, Licht: 2","238324","3","2","5","11","17","6","","2","0","1","0","0"
"POINT (13.268458608000101 52.511864330999998)","Unfall 238325 (2022) Kat:3, Licht: 0","238325","3","6","2","11","13","3","","0","0","1","0","0"
"POINT (13.324397055000100 52.416174144000102)","Unfall 238326 (2022) Kat:2, Licht: 0","238326","2","2","6","11","09","6","","0","0","1","1","0"
"POINT (13.401203346000001 52.510411298000101)","Unfall 238327 (2022) Kat:3, Licht: 0","238327","3","2","5","11","15","2","","0","1","0","0","0"
"POINT (13.317661621000100 52.506985481000100)","Unfall 238328 (2022) Kat:3, Licht: 2","238328","3","2","2","10","23","5","","2","0","1","0","0"
"POINT (13.457329244000100 52.422619019000102)","Unfall 238329 (2022) Kat:2, Licht: 0","238329","2","3","5","11","13","2","","0","1","1","0","0"
"POINT (13.218174629000000 52.508740169000099)","Unfall 238330 (2022) Kat:3, Licht: 0","238330","3","2","5","10","15","7","","0","1","1","0","0"
"POINT (13.345254957000099 52.550468397000003)","Unfall 238331 (2022) Kat:3, Licht: 0","238331","3","5","1","11","12","3","","0","1","1","0","0"
"POINT (13.405504878000000 52.534415958000103)","Unfall 238332 (2022) Kat:3, Licht: 0","238332","3","4","6","10","13","2","","0","1","0","1","0"
"POINT (13.522259566000100 52.426679659000101)","Unfall 238333 (2022) Kat:2, Licht: 0","238333","2","6","2","11","08","7","","0","0","1","0","0"
"POINT (13.248055276000100 52.546034640000101)","Unfall 238334 (2022) Kat:3, Licht: 1","238334","3","3","5","10","07","3","","1","0","1","0","0"
"POINT (13.479063784000100 52.609837906999999)","Unfall 238335 (2022) Kat:2, Licht: 0","238335","2","3","5","11","11","2","","0","1","1","0","0"
"POINT (13.441924154000001 52.482864307000099)","Unfall 238336 (2022) Kat:3, Licht: 0","238336","3","7","0","11","08","3","","0","1","0","0","0"
"POINT (13.454305097000001 52.551430895000102)","Unfall 238337 (2022) Kat:2, Licht: 2","238337","2","1","0","10","06","6","","2","0","0","0","1"
"POINT (13.421448961000101 52.504337485000100)","Unfall 238338 (2022) Kat:3, Licht: 2","238338","3","5","1","11","18","5","","2","1","1","0","0"
"POINT (13.489673022000000 52.512303074000002)","Unfall 238339 (2022) Kat:3, Licht: 2","238339","3","2","6","11","18","3","","2","0","1","1","0"
"POINT (13.497895894000100 52.514015540999999)","Unfall 238340 (2022) Kat:3, Licht: 0","238340","3","4","6","10","10","2","","0","0","1","1","0"
"POINT (13.424801851000000 52.483717605000002)","Unfall 238341 (2022) Kat:2, Licht: 2","238341","2","4","6","11","16","5","","2","0","1","1","0"
"POINT (13.328842920000101 52.562397279000002)","Unfall 238342 (2022) Kat:2, Licht: 0","238342","2","4","6","10","08","5","","0","0","1","1","0"
"POINT (13.403078478999999 52.498445007000001)","Unfall 238343 (2022) Kat:2, Licht: 2","238343","2","7","5","11","02","1","","2","0","1","0","0"
"POINT (13.337470110000000 52.503747697999998)","Unfall 238344 (2022) Kat:3, Licht: 2","238344","3","4","6","10","20","6","","2","0","1","1","0"
"POINT (13.280324158000001 52.518539777000100)","Unfall 238345 (2022) Kat:3, Licht: 0","238345","3","2","5","10","11","1","","0","1","1","0","0"
"POINT (13.479509652000001 52.520432523000103)","Unfall 238346 (2022) Kat:3, Licht: 0","238346","3","6","3","11","12","6","","0","0","1","0","0"
"POINT (13.312362728000000 52.430151744000099)","Unfall 238347 (2022) Kat:3, Licht: 0","238347","3","6","2","10","12","2","","0","0","1","0","0"
"POINT (13.162169978000099 52.520181649999998)","Unfall 238348 (2022) Kat:3, Licht: 2","238348","3","6","2","11","18","7","","2","0","1","0","0"
"POINT (13.407227928999999 52.451928911000003)","Unfall 238349 (2022) Kat:2, Licht: 2","238349","2","5","1","11","22","4","","2","0","1","0","0"
"POINT (13.286389598000000 52.641379777000097)","Unfall 238350 (2022) Kat:3, Licht: 2","238350","3","3","5","11","23","7","","2","0","1","0","0"
"POINT (13.328510156000000 52.522218042000098)","Unfall 238351 (2022) Kat:3, Licht: 2","238351","3","3","5","11","03","2","","2","1","1","0","0"
"POINT (13.384089574000001 52.555510067999997)","Unfall 238352 (2022) Kat:3, Licht: 2","238352","3","6","2","10","19","5","","2","0","1","0","0"
"POINT (13.423706278000100 52.554358106000102)","Unfall 238353 (2022) Kat:3, Licht: 2","238353","3","3","0","11","20","5","","2","1","1","0","1"
"POINT (13.338018540000100 52.525367226000100)","Unfall 238354 (2022) Kat:3, Licht: 2","238354","3","6","2","10","20","7","","2","0","1","0","0"
"POINT (13.328432140000100 52.464791306999999)","Unfall 238355 (2022) Kat:3, Licht: 2","238355","3","2","5","11","17","4","","2","1","1","0","0"
"POINT (13.576362537000000 52.454738620000100)","Unfall 238356 (2022) Kat:2, Licht: 0","238356","2","4","6","12","09","6","","0","0","0","1","0"
"POINT (13.642835020000099 52.522107073000001)","Unfall 238357 (2022) Kat:3, Licht: 0","238357","3","3","5","10","17","3","","0","0","1","0","0"
"POINT (13.427545476000001 52.587602050999998)","Unfall 238358 (2022) Kat:2, Licht: 1","238358","2","6","2","11","16","2","","1","0","1","0","0"
"POINT (13.183425206000001 52.484878289999997)","Unfall 238359 (2022) Kat:3, Licht: 2","238359","3","3","5","11","18","4","","2","1","1","0","0"
"POINT (13.519088798000000 52.532574474999997)","Unfall 238360 (2022) Kat:3, Licht: 0","238360","3","6","2","11","11","5","","0","0","1","0","0"
"POINT (13.440614190000099 52.517031930000002)","Unfall 238361 (2022) Kat:2, Licht: 0","238361","2","2","5","11","15","3","","0","1","1","0","0"
"POINT (13.450643362999999 52.527398117000097)","Unfall 238362 (2022) Kat:3, Licht: 1","238362","3","2","6","11","07","6","","1","0","0","1","0"
"POINT (13.352245687000000 52.506381244000103)","Unfall 238363 (2022) Kat:3, Licht: 2","238363","3","3","5","11","00","6","","2","0","1","0","0"
"POINT (13.405825386000100 52.513991967000003)","Unfall 238364 (2022) Kat:3, Licht: 0","238364","3","2","5","11","08","3","","0","1","1","0","0"
"POINT (13.449537264000099 52.537200743000000)","Unfall 238365 (2022) Kat:3, Licht: 0","238365","3","2","5","10","13","5","","0","0","1","0","0"
"POINT (13.511368145000100 52.504368194999998)","Unfall 238366 (2022) Kat:3, Licht: 0","238366","3","3","0","11","09","2","","0","1","0","0","0"
"POINT (13.326236093000000 52.538040397000003)","Unfall 238367 (2022) Kat:3, Licht: 2","238367","3","2","5","11","22","4","","2","0","1","0","0"
"POINT (13.130649496000000 52.469850227000101)","Unfall 238368 (2022) Kat:3, Licht: 0","238368","3","3","5","10","15","2","","0","1","0","0","0"
"POINT (13.400095700000101 52.529572388000098)","Unfall 238369 (2022) Kat:3, Licht: 0","238369","3","7","5","11","14","7","","0","0","1","0","1"
"POINT (13.320986184000001 52.512989869000101)","Unfall 238370 (2022) Kat:3, Licht: 2","238370","3","1","0","10","18","3","","2","0","0","0","1"
"POINT (13.328350033000000 52.508156078000098)","Unfall 238371 (2022) Kat:3, Licht: 0","238371","3","2","5","11","15","2","","0","1","1","0","0"
"POINT (13.443229094000101 52.427820938000103)","Unfall 238372 (2022) Kat:2, Licht: 0","238372","2","5","0","11","13","4","","0","1","1","0","0"
"POINT (13.527170798000000 52.556404106000102)","Unfall 238373 (2022) Kat:3, Licht: 0","238373","3","3","5","11","13","4","","0","0","1","0","1"
"POINT (13.391847509000099 52.504270162000097)","Unfall 238374 (2022) Kat:3, Licht: 1","238374","3","5","1","11","15","6","","1","1","1","0","0"
"POINT (13.381207141000100 52.546795887000002)","Unfall 238375 (2022) Kat:2, Licht: 2","238375","2","1","0","11","19","4","","2","0","0","0","1"
"POINT (13.387635017999999 52.533363199000100)","Unfall 238376 (2022) Kat:3, Licht: 0","238376","3","2","5","10","14","2","","0","0","1","0","0"
"POINT (13.388201847000101 52.548470924000100)","Unfall 238377 (2022) Kat:3, Licht: 0","238377","3","7","0","11","11","5","","0","0","0","0","1"
"POINT (13.459916120999999 52.509008727999998)","Unfall 238378 (2022) Kat:3, Licht: 0","238378","3","3","5","10","08","5","","0","0","1","0","0"
"POINT (13.488512574000000 52.518391559000101)","Unfall 238379 (2022) Kat:3, Licht: 0","238379","3","2","2","11","07","2","","0","0","1","0","0"
"POINT (13.423810690000000 52.513136377000102)","Unfall 238380 (2022) Kat:3, Licht: 2","238380","3","5","5","10","03","1","","2","0","1","0","1"
"POINT (13.396330220999999 52.490955547000098)","Unfall 238381 (2022) Kat:3, Licht: 0","238381","3","4","6","11","15","3","","0","1","0","1","0"
"POINT (13.232237769999999 52.540663555999998)","Unfall 238382 (2022) Kat:2, Licht: 1","238382","2","2","5","10","17","2","","1","0","1","0","1"
"POINT (13.402629962000001 52.516350080000102)","Unfall 238383 (2022) Kat:2, Licht: 0","238383","2","3","5","11","11","6","","0","0","0","0","0"
"POINT (13.566223115000099 52.534373028000097)","Unfall 238384 (2022) Kat:3, Licht: 0","238384","3","7","0","10","11","3","","0","0","0","0","1"
"POINT (13.355290739000100 52.519679596000103)","Unfall 238385 (2022) Kat:2, Licht: 2","238385","2","6","3","11","20","7","","2","1","1","0","0"
"POINT (13.390359021000100 52.405614937999999)","Unfall 238386 (2022) Kat:3, Licht: 0","238386","3","3","5","11","08","3","","0","1","1","0","0"
"POINT (13.505346084000101 52.629515847000100)","Unfall 238387 (2022) Kat:3, Licht: 0","238387","3","3","5","10","09","5","","0","1","1","0","0"
"POINT (13.412170292000001 52.498739893000000)","Unfall 238388 (2022) Kat:2, Licht: 0","238388","2","3","5","11","10","6","","0","1","0","0","1"
"POINT (13.332489619000100 52.469026139999997)","Unfall 238389 (2022) Kat:3, Licht: 2","238389","3","3","5","10","21","7","","2","0","1","0","0"
"POINT (13.403984380000100 52.540505776000003)","Unfall 238390 (2022) Kat:3, Licht: 2","238390","3","7","0","11","23","4","","2","1","0","0","0"
"POINT (13.413482858000100 52.547654841000103)","Unfall 238391 (2022) Kat:3, Licht: 0","238391","3","3","5","12","14","5","","0","0","1","0","0"
"POINT (13.515931172000000 52.453498819000103)","Unfall 238392 (2022) Kat:3, Licht: 0","238392","3","1","0","10","15","4","","0","0","0","0","0"
"POINT (13.258211856000100 52.568272415000102)","Unfall 238393 (2022) Kat:2, Licht: 2","238393","2","7","0","11","22","5","","2","0","0","0","1"
"POINT (13.426031704000000 52.478187305000098)","Unfall 238394 (2022) Kat:3, Licht: 0","238394","3","3","5","11","07","4","","0","0","1","0","0"
"POINT (13.449014600000099 52.524319010000099)","Unfall 238395 (2022) Kat:3, Licht: 0","238395","3","2","5","10","12","6","","0","0","1","0","0"
"POINT (13.301784984999999 52.503429297000103)","Unfall 238396 (2022) Kat:3, Licht: 2","238396","3","5","1","10","20","1","","2","1","1","0","0"
"POINT (13.207873716000099 52.532705991000100)","Unfall 238397 (2022) Kat:3, Licht: 2","238397","3","2","0","11","05","5","","2","0","1","0","1"
"POINT (13.388768278000001 52.500114820000100)","Unfall 238398 (2022) Kat:3, Licht: 0","238398","3","5","1","10","15","2","","0","1","1","0","0"
"POINT (13.396481354000100 52.396984815000103)","Unfall 238399 (2022) Kat:3, Licht: 0","238399","3","3","5","11","08","6","","0","0","1","0","0"
"POINT (13.195604959000001 52.529333862999998)","Unfall 238400 (2022) Kat:3, Licht: 0","238400","3","6","2","11","08","1","","0","0","1","0","0"
"POINT (13.336808408000000 52.431168323000101)","Unfall 238401 (2022) Kat:3, Licht: 0","238401","3","1","1","11","10","4","","0","1","1","0","0"
"POINT (13.490464222000099 52.419733690999998)","Unfall 238402 (2022) Kat:3, Licht: 0","238402","3","6","2","10","11","7","","0","0","1","0","1"
"POINT (13.413193412000100 52.525194624999997)","Unfall 238403 (2022) Kat:3, Licht: 0","238403","3","3","5","10","09","4","","0","1","0","0","0"
"POINT (13.200224038000000 52.441265387999998)","Unfall 238404 (2022) Kat:2, Licht: 0","238404","2","1","0","11","12","5","","0","1","0","0","0"
"POINT (13.411090625000000 52.530456292000103)","Unfall 238405 (2022) Kat:3, Licht: 0","238405","3","6","4","10","12","7","","0","1","0","0","0"
"POINT (13.288638336000099 52.432853081000097)","Unfall 238406 (2022) Kat:2, Licht: 2","238406","2","6","4","11","18","1","","2","0","1","0","0"
"POINT (13.572378743000099 52.546224699000000)","Unfall 238407 (2022) Kat:3, Licht: 1","238407","3","4","6","11","16","3","","1","0","1","1","0"
"POINT (13.109264853000100 52.413960948000103)","Unfall 238408 (2022) Kat:2, Licht: 2","238408","2","3","5","10","19","5","","2","0","1","0","0"