WKT,Name,OBJECTID,UKATEGORIE,UTYP1,UART,UMONAT,USTUNDE,UWOCHENTAG,STRZUSTAND,ULICHTVERH,ISTRAD,ISTPKW,ISTFUSS,ISTKRAD
"POINT (13.316443390000099 52.458451330999999)","Unfall 238409 (2022) Kat:3, Licht: 0","238409","3","6","2","11","13","6","","0","1","1","0","0"
"POINT (13.406360227000100 52.398487914999997)","Unfall 238410 (2022) Kat:1, Licht: 0","238410","1","2","5","11","14","4","","0","1","1","0","0"
"POINT (13.431777278000000 52.515168424000102)","Unfall 238411 (2022) Kat:3, Licht: 2","238411","3","3","5","10","02","1","","2","0","1","0","0"
"POINT (13.339137100000100 52.499686810000100)","Unfall 238412 (2022) Kat:3, Licht: 0","238412","3","2","2","11","13","5","","0","0","1","0","0"
"POINT (13.366112622000101 52.572525302000003)","Unfall 238413 (2022) Kat:2, Licht: 0","238413","2","4","6","10","16","4","","0","0","1","1","0"
"POINT (13.405712388000000 52.514083357000104)","Unfall 238414 (2022) Kat:3, Licht: 0","238414","3","2","5","11","13","2","","0","1","1","0","0"
"POINT (13.292779740000100 52.497523303999998)","Unfall 238415 (2022) Kat:3, Licht: 2","238415","3","6","3","10","00","7","","2","0","1","0","0"
"POINT (13.613568620000001 52.509616519000097)","Unfall 238416 (2022) Kat:3, Licht: 0","238416","3","6","4","10","14","1","","0","0","1","0","0"
"POINT (13.363136452999999 52.548721871000097)","Unfall 238417 (2022) Kat:3, Licht: 0","238417","3","3","5","11","09","6","","0","0","1","0","0"
"POINT (13.538581044000100 52.534479890999997)","Unfall 238418 (2022) Kat:3, Licht: 2","238418","3","1","0","10","19","2","","2","0","0","0","0"
"POINT (13.391271580000000 52.502002961000102)","Unfall 238419 (2022) Kat:3, Licht: 2","238419","3","5","1","11","19","6","","2","1","1","0","0"
"POINT (13.259194992000101 52.431060995000102)","Unfall 238420 (2022) Kat:3, Licht: 0","238420","3","6","2","11","12","1","","0","0","1","0","0"
"POINT (13.431685640000101 52.425568166000097)","Unfall 238421 (2022) Kat:3, Licht: 0","238421","3","4","6","11","09","4","","0","0","0","1","0"
"POINT (13.395507231000099 52.538120378000002)","Unfall 238422 (2022) Kat:3, Licht: 0","238422","3","6","3","11","09","3","","0","1","0","0","0"
"POINT (13.461461441000001 52.530488299000098)","Unfall 238423 (2022) Kat:2, Licht: 0","238423","2","4","6","10","15","4","","0","0","1","1","0"
"POINT (13.431843960000000 52.505809257000102)","Unfall 238424 (2022) Kat:3, Licht: 2","238424","3","7","5","11","22","4","","2","1","0","0","0"
"POINT (13.286503142000100 52.586863869000098)","Unfall 238425 (2022) Kat:3, Licht: 0","238425","3","2","6","10","15","6","","0","0","1","1","0"
"POINT (13.244576386000100 52.614376673999999)","Unfall 238426 (2022) Kat:3, Licht: 1","238426","3","4","6","11","16","3","","1","0","1","1","0"
"POINT (13.424345308000101 52.486291389000002)","Unfall 238427 (2022) Kat:3, Licht: 1","238427","3","2","5","12","06","6","","1","0","1","0","0"
"POINT (13.327917935000100 52.608968195999999)","Unfall 238428 (2022) Kat:3, Licht: 0","238428","3","3","5","10","10","3","","0","0","1","0","0"
"POINT (13.386426547999999 52.490074482000097)","Unfall 238429 (2022) Kat:3, Licht: 2","238429","3","2","2","11","17","2","","2","1","0","0","0"
"POINT (13.495627613000099 52.526463100000100)","Unfall 238430 (2022) Kat:3, Licht: 2","238430","3","5","1","11","06","5","","2","1","0","0","0"
"POINT (13.586969998000001 52.428088449000001)","Unfall 238431 (2022) Kat:3, Licht: 0","238431","3","5","5","11","12","5","","0","1","1","0","0"
"POINT (13.400702884999999 52.529602637000004)","Unfall 238432 (2022) Kat:3, Licht: 0","238432","3","6","3","11","11","3","","0","1","1","0","0"
"POINT (13.473993728000000 52.536248227000002)","Unfall 238433 (2022) Kat:3, Licht: 2","238433","3","6","2","11","20","6","","2","0","1","0","0"
"POINT (13.299863886000001 52.599129355000102)","Unfall 238434 (2022) Kat:3, Licht: 0","238434","3","3","5","11","16","6","","0","0","1","0","0"
"POINT (13.391669795000000 52.420642663000102)","Unfall 238435 (2022) Kat:2, Licht: 2","238435","2","7","5","11","01","3","","2","0","1","0","0"
"POINT (13.483115488000101 52.554710313000001)","Unfall 238436 (2022) Kat:3, Licht: 2","238436","3","2","5","10","22","6","","2","0","1","0","0"
"POINT (13.604474764000001 52.486679735000102)","Unfall 238437 (2022) Kat:3, Licht: 0","238437","3","2","5","11","09","2","","0","1","1","0","0"
"POINT (13.285073424000100 52.495160382000101)","Unfall 238438 (2022) Kat:3, Licht: 2","238438","3","7","0","10","20","1","","2","0","0","0","1"
"POINT (13.443210695000101 52.470590279000099)","Unfall 238439 (2022) Kat:3, Licht: 2","238439","3","3","5","11","20","4","","2","0","1","0","1"
"POINT (13.421173160000000 52.531279926000103)","Unfall 238440 (2022) Kat:3, Licht: 2","238440","3","7","6","10","21","2","","2","1","0","1","0"
"POINT (13.220032920000101 52.528266381999998)","Unfall 238441 (2022) Kat:3, Licht: 0","238441","3","5","1","11","13","7","","0","0","1","0","0"
"POINT (13.516994917000000 52.535463747000101)","Unfall 238442 (2022) Kat:3, Licht: 0","238442","3","4","6","11","15","1","","0","0","1","1","0"
"POINT (13.513057658999999 52.570348418000002)","Unfall 238443 (2022) Kat:3, Licht: 0","238443","3","3","5","11","10","4","","0","1","1","0","0"
"POINT (13.458597548000100 52.513572978000099)","Unfall 238444 (2022) Kat:3, Licht: 0","238444","3","7","0","11","09","6","","0","0","0","0","1"
"POINT (13.587385378000000 52.549489245000103)","Unfall 238445 (2022) Kat:3, Licht: 0","238445","3","2","5","11","09","4","","0","0","1","0","0"
"POINT (13.394017699000100 52.490084798000098)","Unfall 238446 (2022) Kat:3, Licht: 2","238446","3","5","1","10","22","1","","2","1","1","0","0"
"POINT (13.282597800000101 52.421368351000098)","Unfall 238447 (2022) Kat:3, Licht: 0","238447","3","7","2","11","09","5","","0","0","1","0","0"
"POINT (13.385881317999999 52.538960553000003)","Unfall 238448 (2022) Kat:3, Licht: 2","238448","3","3","5","10","19","5","","2","1","1","0","0"
"POINT (13.421581561000000 52.465197203000102)","Unfall 238449 (2022) Kat:3, Licht: 2","238449","3","2","6","11","21","1","","2","0","1","1","0"
"POINT (13.394272934000099 52.506953753000097)","Unfall 238450 (2022) Kat:3, Licht: 2","238450","3","3","5","10","21","7","","2","0","1","0","0"
"POINT (13.414447351000000 52.527456428000100)","Unfall 238451 (2022) Kat:3, Licht: 0","238451","3","6","3","11","13","4","","0","0","1","0","0"
"POINT (13.353141271000000 52.433245482000103)","Unfall 238452 (2022) Kat:3, Licht: 0","238452","3","2","5","10","09","2","","0","1","1","0","0"
"POINT (13.393448299000100 52.457793311000003)","Unfall 238453 (2022) Kat:3, Licht: 0","238453","3","6","2","11","14","6","","0","0","1","0","0"
"POINT (13.404624245000001 52.524574288000103)","Unfall 238454 (2022) Kat:3, Licht: 0","238454","3","1","0","10","11","3","","0","0","0","0","0"
"POINT (13.334124099000100 52.558748993999998)","Unfall 238455 (2022) Kat:3, Licht: 2","238455","3","3","5","11","17","6","","2","0","1","0","1"
"POINT (13.314895196000100 52.610319403000098)","Unfall 238456 (2022) Kat:3, Licht: 2","238456","3","7","1","11","16","2","","2","0","1","0","0"
"POINT (13.448977026000000 52.524309351000099)","Unfall 238457 (2022) Kat:3, Licht: 0","238457","3","3","5","11","11","2","","0","0","1","0","0"
"POINT (13.343232609999999 52.528852489000002)","Unfall 238458 (2022) Kat:3, Licht: 0","238458","3","2","3","10","15","5","","0","0","1","0","1"
"POINT (13.261114809000000 52.436346064000098)","Unfall 238459 (2022) Kat:3, Licht: 0","238459","3","6","3","11","14","4","","0","0","1","0","0"
"POINT (13.585201670000099 52.444457375000098)","Unfall 238460 (2022) Kat:2, Licht: 2","238460","2","6","4","10","23","7","","2","0","1","0","0"
"POINT (13.339463269000101 52.587936310000003)","Unfall 238461 (2022) Kat:3, Licht: 1","238461","3","6","3","11","16","4","","1","0","1","0","0"
"POINT (13.527005279000001 52.401257092999998)","Unfall 238462 (2022) Kat:3, Licht: 0","238462","3","1","0","12","09","5","","0","0","0","0","1"
"POINT (13.384655612000101 52.529285504000001)","Unfall 238463 (2022) Kat:3, Licht: 0","238463","3","2","5","10","10","4","","0","1","0","0","0"
"POINT (13.442424306000101 52.480477628000102)","Unfall 238464 (2022) Kat:3, Licht: 2","238464","3","6","2","11","20","5","","2","1","1","0","0"
"POINT (13.231229538999999 52.610432532000097)","Unfall 238465 (2022) Kat:3, Licht: 0","238465","3","3","5","10","15","6","","0","1","1","0","0"
"POINT (13.542493018000100 52.450191161000099)","Unfall 238466 (2022) Kat:3, Licht: 0","238466","3","3","5","10","14","7","","0","0","1","0","0"
"POINT (13.303150560000100 52.494185112000103)","Unfall 238467 (2022) Kat:3, Licht: 0","238467","3","3","5","11","11","5","","0","1","1","0","0"
"POINT (13.162898024000100 52.541946564000099)","Unfall 238468 (2022) Kat:2, Licht: 0","238468","2","6","3","10","11","2","","0","0","1","0","1"
"POINT (13.211955035000100 52.527987875000100)","Unfall 238469 (2022) Kat:3, Licht: 2","238469","3","3","0","11","16","6","","2","0","1","0","1"
"POINT (13.326102661000000 52.538363099000001)","Unfall 238470 (2022) Kat:3, Licht: 2","238470","3","2","5","11","21","7","","2","0","1","0","0"
"POINT (13.394258369999999 52.506952788000000)","Unfall 238471 (2022) Kat:3, Licht: 0","238471","3","3","5","11","15","4","","0","0","1","0","0"
"POINT (13.427298873000000 52.590718148000100)","Unfall 238472 (2022) Kat:3, Licht: 0","238472","3","3","5","10","10","6","","0","0","1","0","1"
"POINT (13.328652974000001 52.528422710000001)","Unfall 238473 (2022) Kat:3, Licht: 2","238473","3","5","1","10","19","4","","2","1","1","0","0"
"POINT (13.467506869999999 52.427276966000100)","Unfall 238474 (2022) Kat:2, Licht: 0","238474","2","7","2","10","13","6","","0","0","1","0","0"
"POINT (13.416699108000000 52.501338868000097)","Unfall 238475 (2022) Kat:3, Licht: 2","238475","3","7","2","11","18","3","","2","1","1","0","0"
"POINT (13.285139163000100 52.448115605000098)","Unfall 238476 (2022) Kat:3, Licht: 2","238476","3","3","5","11","17","4","","2","0","1","0","0"
"POINT (13.305461275000001 52.499627920000101)","Unfall 238477 (2022) Kat:2, Licht: 0","238477","2","3","5","10","08","3","","0","0","1","0","0"
"POINT (13.293839843000100 52.608895663000098)","Unfall 238478 (2022) Kat:2, Licht: 0","238478","2","4","6","11","07","2","","0","0","1","1","0"
"POINT (13.429631316000000 52.492960018000097)","Unfall 238479 (2022) Kat:3, Licht: 0","238479","3","6","2","11","15","4","","0","1","1","0","0"
"POINT (13.296648692000099 52.486102809000002)","Unfall 238480 (2022) Kat:2, Licht: 2","238480","2","4","6","11","18","6","","2","0","1","1","0"
"POINT (13.363335058000100 52.524593688000003)","Unfall 238481 (2022) Kat:3, Licht: 2","238481","3","1","0","11","18","3","","2","1","0","0","0"
"POINT (13.397063336000000 52.513809308000098)","Unfall 238482 (2022) Kat:3, Licht: 0","238482","3","7","6","11","10","6","","0","0","1","1","0"
"POINT (13.357630110000100 52.536064084000003)","Unfall 238483 (2022) Kat:3, Licht: 0","238483","3","6","2","11","13","3","","0","0","1","0","0"
"POINT (13.390430767000099 52.524402895999998)","Unfall 238484 (2022) Kat:3, Licht: 0","238484","3","5","1","10","15","5","","0","1","1","0","0"
"POINT (13.407823688000100 52.512636837999999)","Unfall 238485 (2022) Kat:3, Licht: 0","238485","3","6","2","11","08","2","","0","0","1","0","1"
"POINT (13.177056292000000 52.517049479000001)","Unfall 238486 (2022) Kat:3, Licht: 0","238486","3","3","5","10","15","1","","0","0","0","0","1"
"POINT (13.326755344000000 52.563206037000000)","Unfall 238487 (2022) Kat:3, Licht: 0","238487","3","2","6","11","10","2","","0","0","1","1","0"
"POINT (13.467755179000100 52.546405305000100)","Unfall 238488 (2022) Kat:3, Licht: 0","238488","3","2","2","10","14","3","","0","0","1","0","0"
"POINT (13.326168576000001 52.505673598000001)","Unfall 238489 (2022) Kat:3, Licht: 2","238489","3","4","0","11","22","7","","2","1","0","1","0"
"POINT (13.423589886000100 52.490432143000099)","Unfall 238490 (2022) Kat:3, Licht: 0","238490","3","4","0","10","12","3","","0","0","1","1","0"
"POINT (13.507304185000100 52.402081984000098)","Unfall 238491 (2022) Kat:3, Licht: 0","238491","3","1","9","11","15","2","","0","0","1","0","0"
"POINT (13.392492873000000 52.491810684000001)","Unfall 238492 (2022) Kat:3, Licht: 0","238492","3","6","3","11","10","3","","0","0","1","0","0"
"POINT (13.372761273000000 52.450543615000100)","Unfall 238493 (2022) Kat:3, Licht: 2","238493","3","6","0","11","06","4","","2","1","1","0","0"
"POINT (13.513072944999999 52.460226462999998)","Unfall 238494 (2022) Kat:3, Licht: 2","238494","3","6","2","10","22","3","","2","1","1","0","0"
"POINT (13.420308041000100 52.501003280000099)","Unfall 238495 (2022) Kat:3, Licht: 1","238495","3","5","1","11","17","1","","1","1","1","0","0"
"POINT (13.444151864000000 52.568509203000097)","Unfall 238496 (2022) Kat:3, Licht: 0","238496","3","2","5","11","12","4","","0","1","1","0","0"
"POINT (13.377093131000001 52.499813655000104)","Unfall 238497 (2022) Kat:3, Licht: 2","238497","3","3","5","11","18","4","","2","1","0","0","0"
"POINT (13.326488209000001 52.564404846999999)","Unfall 238498 (2022) Kat:3, Licht: 0","238498","3","4","6","11","14","7","","0","1","0","1","1"
"POINT (13.331073391000100 52.495697850000099)","Unfall 238499 (2022) Kat:1, Licht: 0","238499","1","6","3","10","08","2","","0","1","0","0","0"
"POINT (13.285234255000001 52.479617646000101)","Unfall 238500 (2022) Kat:3, Licht: 0","238500","3","2","5","11","08","6","","0","0","1","0","0"
"POINT (13.479505958000100 52.643703559000102)","Unfall 238501 (2022) Kat:3, Licht: 2","238501","3","2","5","11","17","3","","2","0","1","0","0"
"POINT (13.356756033000099 52.535626880999999)","Unfall 238502 (2022) Kat:3, Licht: 0","238502","3","2","0","10","16","5","","0","0","1","0","1"
"POINT (13.527259932000000 52.457956841000097)","Unfall 238503 (2022) Kat:3, Licht: 2","238503","3","5","1","11","17","2","","2","1","1","0","0"
"POINT (13.281473233000000 52.508406256000100)","Unfall 238504 (2022) Kat:2, Licht: 0","238504","2","2","5","10","12","1","","0","1","1","0","0"
"POINT (13.417163229000000 52.501874777000097)","Unfall 238505 (2022) Kat:3, Licht: 2","238505","3","6","2","11","19","2","","2","1","1","0","0"
"POINT (13.379962196000101 52.444105892000003)","Unfall 238506 (2022) Kat:3, Licht: 0","238506","3","6","2","10","07","3","","0","0","1","0","0"
"POINT (13.327524269000000 52.458011617000103)","Unfall 238507 (2022) Kat:2, Licht: 2","238507","2","4","6","11","19","7","","2","0","1","1","0"
"POINT (13.385177479999999 52.532409669000103)","Unfall 238508 (2022) Kat:3, Licht: 2","238508","3","2","2","10","20","3","","2","0","1","0","0"
"POINT (13.366816513000099 52.476612084000102)","Unfall 238509 (2022) Kat:2, Licht: 2","238509","2","4","6","11","17","2","","2","0","1","1","0"
"POINT (13.405350003000001 52.529130843000097)","Unfall 238510 (2022) Kat:3, Licht: 2","238510","3","5","1","11","17","4","","2","1","1","0","0"
"POINT (13.414501483000000 52.567096909000000)","Unfall 238511 (2022) Kat:3, Licht: 0","238511","3","6","3","11","09","3","","0","1","0","0","0"
"POINT (13.209219300000001 52.538573413000101)","Unfall 238512 (2022) Kat:3, Licht: 1","238512","3","5","1","10","06","6","","1","0","1","0","0"
"POINT (13.417874331000100 52.518033744000000)","Unfall 238513 (2022) Kat:3, Licht: 2","238513","3","6","3","11","23","5","","2","0","1","0","0"
"POINT (13.452348861000100 52.539164454000101)","Unfall 238514 (2022) Kat:3, Licht: 2","238514","3","6","0","11","17","3","","2","0","0","0","1"
"POINT (13.540127912000100 52.525674150000000)","Unfall 238515 (2022) Kat:3, Licht: 1","238515","3","2","5","10","16","1","","1","1","1","0","0"
"POINT (13.371217937000001 52.597481378000097)","Unfall 238516 (2022) Kat:3, Licht: 0","238516","3","4","6","11","14","5","","0","0","0","1","1"
"POINT (13.442181750000000 52.500996827999998)","Unfall 238517 (2022) Kat:3, Licht: 0","238517","3","2","5","10","14","5","","0","0","1","0","1"
"POINT (13.450156564000100 52.507470107000103)","Unfall 238518 (2022) Kat:3, Licht: 2","238518","3","5","1","11","20","1","","2","1","1","0","0"
"POINT (13.364934798000000 52.526079283000101)","Unfall 238519 (2022) Kat:3, Licht: 2","238519","3","5","1","10","17","7","","2","1","1","0","0"
"POINT (13.196542223000099 52.530697205000102)","Unfall 238520 (2022) Kat:3, Licht: 0","238520","3","4","6","10","17","2","","0","0","1","1","0"
"POINT (13.444128475000101 52.565261847999999)","Unfall 238521 (2022) Kat:2, Licht: 1","238521","2","1","0","11","16","6","","1","0","0","0","1"
"POINT (13.231376166000100 52.527763301000000)","Unfall 238522 (2022) Kat:3, Licht: 2","238522","3","6","0","10","18","3","","2","0","1","0","1"
"POINT (13.184141785000101 52.518057169000002)","Unfall 238523 (2022) Kat:3, Licht: 2","238523","3","2","5","11","05","7","","2","0","1","0","0"
"POINT (13.424934760999999 52.480626755999999)","Unfall 238524 (2022) Kat:2, Licht: 0","238524","2","3","5","11","12","2","","0","1","1","0","0"
"POINT (13.323575844000100 52.587122413000003)","Unfall 238525 (2022) Kat:2, Licht: 0","238525","2","2","5","11","12","3","","0","1","1","0","0"
"POINT (13.303587311999999 52.618984942000097)","Unfall 238526 (2022) Kat:3, Licht: 2","238526","3","5","1","10","23","5","","2","0","1","1","0"
"POINT (13.428716145000100 52.493955849000002)","Unfall 238527 (2022) Kat:3, Licht: 0","238527","3","2","5","11","08","5","","0","1","1","0","0"
"POINT (13.519653418000100 52.505850445000100)","Unfall 238528 (2022) Kat:3, Licht: 1","238528","3","2","0","10","07","7","","1","1","1","0","0"
"POINT (13.515739146000000 52.551779013999997)","Unfall 238529 (2022) Kat:2, Licht: 2","238529","2","7","7","11","00","4","","2","1","0","0","0"
"POINT (13.491953472000001 52.458074035999999)","Unfall 238530 (2022) Kat:3, Licht: 2","238530","3","1","8","12","01","6","","2","0","1","0","0"
"POINT (13.154430636000001 52.521821660999997)","Unfall 238531 (2022) Kat:2, Licht: 2","238531","2","7","5","10","22","4","","2","0","1","0","0"
"POINT (13.324902556000000 52.446065138999998)","Unfall 238532 (2022) Kat:2, Licht: 0","238532","2","7","1","11","12","5","","0","0","1","0","0"
"POINT (13.329357124000101 52.522669447000098)","Unfall 238533 (2022) Kat:3, Licht: 0","238533","3","6","3","10","16","6","","0","0","1","0","0"
"POINT (13.439844883999999 52.523982609000001)","Unfall 238534 (2022) Kat:3, Licht: 0","238534","3","6","2","10","16","1","","0","0","1","0","0"
"POINT (13.346297731000000 52.501021934999997)","Unfall 238535 (2022) Kat:3, Licht: 2","238535","3","2","5","11","20","5","","2","0","1","0","0"
"POINT (13.314678828000099 52.530405937000097)","Unfall 238536 (2022) Kat:3, Licht: 0","238536","3","7","2","10","15","2","","0","0","1","0","0"
"POINT (13.326281984000000 52.564454556000001)","Unfall 238537 (2022) Kat:3, Licht: 0","238537","3","2","5","11","11","6","","0","1","1","0","0"
"POINT (13.296804388000099 52.488045299000099)","Unfall 238538 (2022) Kat:3, Licht: 0","238538","3","3","5","11","14","7","","0","0","1","0","0"
"POINT (13.366620145000100 52.474800858999998)","Unfall 238539 (2022) Kat:3, Licht: 0","238539","3","7","2","11","16","3","","0","0","1","0","0"
"POINT (13.305045073000000 52.417911876000097)","Unfall 238540 (2022) Kat:3, Licht: 0","238540","3","2","2","10","09","5","","0","1","0","0","0"
"POINT (13.500317104000001 52.441196870000098)","Unfall 238541 (2022) Kat:3, Licht: 0","238541","3","2","5","10","13","6","","0","1","1","0","0"
"POINT (13.486760996999999 52.507166089000101)","Unfall 238542 (2022) Kat:3, Licht: 2","238542","3","7","0","11","20","3","","2","0","1","0","1"
"POINT (13.564539320000099 52.522092047999998)","Unfall 238543 (2022) Kat:3, Licht: 2","238543","3","1","1","11","05","4","","2","0","1","0","0"
"POINT (13.297537641000099 52.635208250000098)","Unfall 238544 (2022) Kat:3, Licht: 2","238544","3","3","5","10","07","2","","2","1","1","0","0"
"POINT (13.549677592000000 52.568812602999998)","Unfall 238545 (2022) Kat:3, Licht: 2","238545","3","4","6","11","17","2","","2","0","1","1","0"
"POINT (13.317969597000101 52.611313825000103)","Unfall 238546 (2022) Kat:3, Licht: 0","238546","3","1","0","10","12","4","","0","1","0","0","0"
"POINT (13.390282531000000 52.555739199000101)","Unfall 238547 (2022) Kat:3, Licht: 1","238547","3","7","6","11","07","4","","1","1","0","1","0"
"POINT (13.371932801000099 52.557006552000097)","Unfall 238548 (2022) Kat:2, Licht: 0","238548","2","1","0","11","09","7","","0","0","0","0","0"
"POINT (13.426892493000000 52.504766431000100)","Unfall 238549 (2022) Kat:3, Licht: 0","238549","3","3","5","11","14","3","","0","1","1","0","0"
"POINT (13.530938017000000 52.415461432000001)","Unfall 238550 (2022) Kat:3, Licht: 0","238550","3","3","5","11","08","6","","0","0","1","0","0"
"POINT (13.391666449000100 52.530234388000103)","Unfall 238551 (2022) Kat:3, Licht: 0","238551","3","2","2","11","12","3","","0","0","1","0","1"
"POINT (13.306300953000100 52.577462375000003)","Unfall 238552 (2022) Kat:2, Licht: 2","238552","2","3","5","10","05","5","","2","0","1","0","1"
"POINT (13.394591500000001 52.615112864000103)","Unfall 238553 (2022) Kat:3, Licht: 2","238553","3","3","5","11","17","2","","2","0","1","0","1"
"POINT (13.593666259000001 52.446249231000102)","Unfall 238554 (2022) Kat:3, Licht: 2","238554","3","2","6","10","19","7","","2","0","1","1","0"
"POINT (13.509830570000100 52.472963177000103)","Unfall 238555 (2022) Kat:2, Licht: 0","238555","2","7","0","11","08","4","","0","1","0","0","0"
"POINT (13.490226215000099 52.617067362000100)","Unfall 238556 (2022) Kat:2, Licht: 0","238556","2","4","6","10","13","2","","0","0","1","1","0"
"POINT (13.528272375000000 52.556990792000100)","Unfall 238557 (2022) Kat:3, Licht: 0","238557","3","3","5","11","08","7","","0","0","1","0","0"
"POINT (13.397972363000100 52.510853060999999)","Unfall 238558 (2022) Kat:3, Licht: 0","238558","3","3","5","10","15","3","","0","1","1","0","0"
"POINT (13.384166697000101 52.510050919999998)","Unfall 238559 (2022) Kat:3, Licht: 0","238559","3","2","2","11","11","1","","0","0","1","0","0"
"POINT (13.389023384000000 52.550125612000002)","Unfall 238560 (2022) Kat:3, Licht: 2","238560","3","4","6","11","06","4","","2","0","1","1","0"
"POINT (13.406419453000099 52.415843840000001)","Unfall 238561 (2022) Kat:3, Licht: 0","238561","3","3","5","10","12","6","","0","1","1","0","0"
"POINT (13.344903214000100 52.488955848000003)","Unfall 238562 (2022) Kat:3, Licht: 2","238562","3","6","2","11","20","6","","2","1","1","0","0"
"POINT (13.350013182000099 52.502943770000101)","Unfall 238563 (2022) Kat:2, Licht: 0","238563","2","2","5","11","08","3","","0","1","1","0","0"
"POINT (13.427095944000000 52.511571370000098)","Unfall 238564 (2022) Kat:3, Licht: 0","238564","3","5","1","10","13","1","","0","1","1","0","0"
"POINT (13.314497547000000 52.490401073999998)","Unfall 238565 (2022) Kat:2, Licht: 2","238565","2","2","6","11","20","5","","2","0","1","1","0"
"POINT (13.467055963000099 52.533769986000003)","Unfall 238566 (2022) Kat:2, Licht: 0","238566","2","1","1","10","07","4","","0","0","1","0","1"
"POINT (13.304552055000000 52.503503225000003)","Unfall 238567 (2022) Kat:3, Licht: 0","238567","3","2","5","11","12","7","","0","0","1","0","0"
"POINT (13.373978024000101 52.560696862999997)","Unfall 238568 (2022) Kat:3, Licht: 0","238568","3","2","5","10","12","7","","0","0","1","0","0"
"POINT (13.376422525000100 52.465992985000099)","Unfall 238569 (2022) Kat:3, Licht: 2","238569","3","7","7","10","05","2","","2","1","1","0","0"
"POINT (13.470513103000000 52.462592877000098)","Unfall 238570 (2022) Kat:3, Licht: 0","238570","3","3","5","11","13","6","","0","0","1","0","0"
"POINT (13.526330420000001 52.458556571000003)","Unfall 238571 (2022) Kat:3, Licht: 0","238571","3","7","0","10","13","2","","0","1","1","0","0"
"POINT (13.277942876999999 52.506776042000098)","Unfall 238572 (2022) Kat:3, Licht: 2","238572","3","4","6","11","17","7","","2","0","1","1","0"
"POINT (13.360270691000000 52.494295733000101)","Unfall 238573 (2022) Kat:2, Licht: 2","238573","2","6","2","11","18","1","","2","0","1","0","0"
"POINT (13.280771614000100 52.593806812000103)","Unfall 238574 (2022) Kat:2, Licht: 0","238574","2","2","5","11","09","2","","0","1","0","0","0"
"POINT (13.434256108000101 52.503988904000003)","Unfall 238575 (2022) Kat:3, Licht: 0","238575","3","5","5","10","16","5","","0","1","1","0","0"
"POINT (13.324141292000000 52.472646834999999)","Unfall 238576 (2022) Kat:3, Licht: 0","238576","3","3","0","11","14","5","","0","1","1","0","0"
"POINT (13.308162291000000 52.477948836000103)","Unfall 238577 (2022) Kat:2, Licht: 0","238577","2","2","5","10","11","7","","0","0","1","0","0"
"POINT (13.292890478000100 52.497540468000103)","Unfall 238578 (2022) Kat:3, Licht: 2","238578","3","6","2","11","21","4","","2","0","1","0","0"
"POINT (13.418821127999999 52.515240167999998)","Unfall 238579 (2022) Kat:2, Licht: 2","238579","2","4","6","12","16","6","","2","0","1","1","0"
"POINT (13.440687955000000 52.517280702000100)","Unfall 238580 (2022) Kat:3, Licht: 0","238580","3","4","6","10","10","4","","0","1","0","1","0"
"POINT (13.158715224000000 52.533197444000102)","Unfall 238581 (2022) Kat:3, Licht: 2","238581","3","6","2","11","20","2","","2","0","1","0","0"
"POINT (13.500031147000101 52.468746834000100)","Unfall 238582 (2022) Kat:2, Licht: 0","238582","2","6","2","11","08","3","","0","0","1","0","1"
"POINT (13.397247108000000 52.528662589000099)","Unfall 238583 (2022) Kat:3, Licht: 1","238583","3","2","5","10","07","6","","1","1","1","0","0"
"POINT (13.360339223000000 52.537245265000102)","Unfall 238584 (2022) Kat:3, Licht: 0","238584","3","2","5","11","07","6","","0","1","1","0","0"
"POINT (13.315007221000000 52.514657327000101)","Unfall 238585 (2022) Kat:3, Licht: 0","238585","3","2","0","11","13","3","","0","0","1","0","0"
"POINT (13.435210497000099 52.491237681000001)","Unfall 238586 (2022) Kat:3, Licht: 2","238586","3","2","5","10","02","2","","2","1","1","0","0"
"POINT (13.331132632999999 52.484129543000101)","Unfall 238587 (2022) Kat:2, Licht: 2","238587","2","1","0","11","19","5","","2","0","1","0","0"
"POINT (13.187941104000100 52.532510149000103)","Unfall 238588 (2022) Kat:3, Licht: 2","238588","3","1","1","10","20","4","","2","0","1","0","0"
"POINT (13.301686478000001 52.499074469999996)","Unfall 238589 (2022) Kat:3, Licht: 2","238589","3","1","9","11","05","1","","2","0","1","0","0"
"POINT (13.384839998000100 52.591203555000000)","Unfall 238590 (2022) Kat:3, Licht: 2","238590","3","3","5","10","19","1","","2","0","1","0","0"
"POINT (13.312542882000100 52.489865835000003)","Unfall 238591 (2022) Kat:3, Licht: 0","238591","3","7","0","10","14","2","","0","0","1","0","0"
"POINT (13.508408245000100 52.463706408000100)","Unfall 238592 (2022) Kat:3, Licht: 0","238592","3","1","0","11","09","5","","0","1","0","0","0"
"POINT (13.326097006000101 52.538390633000098)","Unfall 238593 (2022) Kat:3, Licht: 2","238593","3","3","5","10","22","2","","2","0","1","0","0"
"POINT (13.395853162000000 52.565972680000101)","Unfall 238594 (2022) Kat:3, Licht: 1","238594","3","2","5","11","05","6","","1","1","1","0","0"
"POINT (13.355839467000100 52.596674604000000)","Unfall 238595 (2022) Kat:2, Licht: 2","238595","2","4","6","11","21","2","","2","0","1","1","0"