WKT,Name,OBJECTID,UKATEGORIE,UTYP1,UART,UMONAT,USTUNDE,UWOCHENTAG,STRZUSTAND,ULICHTVERH,ISTRAD,ISTPKW,ISTFUSS,ISTKRAD
"POINT (13.581762675000000 52.514121622000097)","Unfall 238596 (2022) Kat:3, Licht: 0","238596","3","7","6","11","10","3","","0","0","0","1","0"
"POINT (13.382659799000100 52.402290380000103)","Unfall 238597 (2022) Kat:2, Licht: 2","238597","2","7","1","10","05","5","","2","1","1","0","0"
"POINT (13.298480773000099 52.472271440999997)","Unfall 238598 (2022) Kat:3, Licht: 0","238598","3","3","5","11","12","5","","0","1","1","0","0"
"POINT (13.382325762000100 52.553330549000101)","Unfall 238599 (2022) Kat:3, Licht: 0","238599","3","6","2","10","14","7","","0","0","1","0","0"
"POINT (13.351970911000000 52.497802862000100)","Unfall 238600 (2022) Kat:3, Licht: 1","238600","3","7","0","11","15","4","","1","0","1","0","0"
"POINT (13.334728490000000 52.603637087000003)","Unfall 238601 (2022) Kat:3, Licht: 2","238601","3","6","2","12","16","5","","2","0","1","0","0"
"POINT (13.574116181000001 52.452631220000100)","Unfall 238602 (2022) Kat:3, Licht: 0","238602","3","6","2","10","17","3","","0","0","1","0","0"
"POINT (13.476510191999999 52.532982836000002)","Unfall 238603 (2022) Kat:2, Licht: 2","238603","2","7","0","11","16","5","","2","0","1","0","0"
"POINT (13.422827286000000 52.514000603000099)","Unfall 238604 (2022) Kat:3, Licht: 2","238604","3","1","0","10","00","1","","2","0","0","0","0"
"POINT (13.338720838000000 52.494723849000103)","Unfall 238605 (2022) Kat:3, Licht: 0","238605","3","3","5","11","13","5","","0","1","1","0","0"
"POINT (13.416560880000100 52.511181235999999)","Unfall 238606 (2022) Kat:2, Licht: 2","238606","2","6","3","10","17","2","","2","1","1","0","0"
"POINT (13.451538080000001 52.475965234999997)","Unfall 238607 (2022) Kat:3, Licht: 2","238607","3","6","2","11","16","6","","2","1","1","0","0"
"POINT (13.591651870000000 52.529165734000102)","Unfall 238608 (2022) Kat:3, Licht: 0","238608","3","3","5","11","13","2","","0","0","1","0","0"
"POINT (13.440316275000001 52.501916992000098)","Unfall 238609 (2022) Kat:3, Licht: 2","238609","3","6","2","11","16","4","","2","0","1","0","0"
"POINT (13.247862374000000 52.538263993999998)","Unfall 238610 (2022) Kat:3, Licht: 0","238610","3","2","5","10","15","6","","0","1","1","0","0"
"POINT (13.460420663000001 52.468090932000102)","Unfall 238611 (2022) Kat:3, Licht: 0","238611","3","3","5","11","15","4","","0","1","1","0","0"
"POINT (13.322568972000100 52.513101869000103)","Unfall 238612 (2022) Kat:3, Licht: 2","238612","3","6","3","10","02","7","","2","0","1","0","0"
"POINT (13.267367711000100 52.409079835999997)","Unfall 238613 (2022) Kat:3, Licht: 0","238613","3","2","5","11","10","3","","0","1","0","0","0"
"POINT (13.571884822000101 52.543152974000101)","Unfall 238614 (2022) Kat:3, Licht: 2","238614","3","7","6","11","19","4","","2","0","1","1","0"
"POINT (13.443529029000000 52.533517293999999)","Unfall 238615 (2022) Kat:3, Licht: 0","238615","3","6","2","10","14","3","","0","0","1","0","0"
"POINT (13.372782424000000 52.508637462000102)","Unfall 238616 (2022) Kat:3, Licht: 2","238616","3","2","6","11","17","1","","2","0","1","1","0"
"POINT (13.309874509000100 52.492886726000101)","Unfall 238617 (2022) Kat:3, Licht: 0","238617","3","7","6","10","17","4","","0","0","1","1","0"
"POINT (13.320688673000101 52.513256820000002)","Unfall 238618 (2022) Kat:3, Licht: 0","238618","3","6","3","11","10","4","","0","0","1","0","0"
"POINT (13.587111326000100 52.511707807000100)","Unfall 238619 (2022) Kat:3, Licht: 1","238619","3","3","5","11","07","4","","1","1","1","0","0"
"POINT (13.380684960000099 52.482796976000003)","Unfall 238620 (2022) Kat:3, Licht: 0","238620","3","3","5","11","11","7","","0","0","1","0","1"
"POINT (13.285848735000100 52.453345994000102)","Unfall 238621 (2022) Kat:3, Licht: 0","238621","3","6","3","11","16","3","","0","1","1","0","0"
"POINT (13.527398499000100 52.487856805000000)","Unfall 238622 (2022) Kat:3, Licht: 2","238622","3","4","6","11","17","6","","2","0","0","1","0"
"POINT (13.519614031000099 52.566156068000097)","Unfall 238623 (2022) Kat:3, Licht: 0","238623","3","7","1","11","08","3","","0","0","1","0","0"
"POINT (13.346136551000001 52.498915918000101)","Unfall 238624 (2022) Kat:3, Licht: 0","238624","3","3","5","10","17","5","","0","0","1","0","0"
"POINT (13.528663710000000 52.402791946999997)","Unfall 238625 (2022) Kat:3, Licht: 2","238625","3","5","1","11","19","2","","2","0","1","0","0"
"POINT (13.356231789000001 52.501515712000099)","Unfall 238626 (2022) Kat:3, Licht: 0","238626","3","5","1","10","15","7","","0","1","1","0","0"
"POINT (13.435201228000000 52.460516625000103)","Unfall 238627 (2022) Kat:3, Licht: 0","238627","3","5","5","11","09","3","","0","0","1","0","1"
"POINT (13.345240407000100 52.547113316000001)","Unfall 238628 (2022) Kat:3, Licht: 0","238628","3","6","2","10","18","2","","0","0","1","0","0"
"POINT (13.429476567000100 52.554901339000097)","Unfall 238629 (2022) Kat:3, Licht: 0","238629","3","6","2","11","15","7","","0","0","1","0","0"
"POINT (13.337414079000000 52.558632945000099)","Unfall 238630 (2022) Kat:3, Licht: 0","238630","3","2","5","10","09","3","","0","0","1","0","0"
"POINT (13.439023286000101 52.482150834000002)","Unfall 238631 (2022) Kat:3, Licht: 2","238631","3","6","2","11","17","1","","2","0","1","0","0"
"POINT (13.254801389000001 52.442511465999999)","Unfall 238632 (2022) Kat:3, Licht: 0","238632","3","2","5","11","09","3","","0","1","1","0","0"
"POINT (13.450542893000000 52.489230361000097)","Unfall 238633 (2022) Kat:2, Licht: 0","238633","2","2","5","10","14","5","","0","0","0","0","1"
"POINT (13.459041874000000 52.550877059000101)","Unfall 238634 (2022) Kat:3, Licht: 0","238634","3","5","1","11","16","5","","0","1","1","0","0"
"POINT (13.506336767000100 52.437455183000097)","Unfall 238635 (2022) Kat:3, Licht: 1","238635","3","3","5","11","17","3","","1","0","1","0","1"
"POINT (13.452686313000100 52.508340976000099)","Unfall 238636 (2022) Kat:2, Licht: 2","238636","2","7","5","10","04","7","","2","1","1","0","0"
"POINT (13.489670884000100 52.512295066000000)","Unfall 238637 (2022) Kat:3, Licht: 2","238637","3","4","6","11","18","4","","2","0","1","1","0"
"POINT (13.399642222000100 52.531666805000000)","Unfall 238638 (2022) Kat:3, Licht: 2","238638","3","7","5","10","22","4","","2","1","1","0","0"
"POINT (13.215841638000001 52.538031941000000)","Unfall 238639 (2022) Kat:3, Licht: 0","238639","3","6","3","11","13","7","","0","0","1","0","0"
"POINT (13.343409652000000 52.596008901000097)","Unfall 238640 (2022) Kat:3, Licht: 0","238640","3","2","0","10","08","6","","0","1","1","0","0"
"POINT (13.459121707000101 52.466983281000097)","Unfall 238641 (2022) Kat:3, Licht: 0","238641","3","1","0","10","12","1","","0","1","0","0","0"
"POINT (13.287273878000100 52.580865732000099)","Unfall 238642 (2022) Kat:3, Licht: 2","238642","3","3","5","11","06","6","","2","1","1","0","0"
"POINT (13.514913756000100 52.505582081999997)","Unfall 238643 (2022) Kat:3, Licht: 0","238643","3","4","6","10","12","2","","0","0","1","1","0"
"POINT (13.276240254000101 52.412524628000000)","Unfall 238644 (2022) Kat:3, Licht: 0","238644","3","2","0","11","10","7","","0","0","1","0","1"
"POINT (13.392093416000000 52.439941745000098)","Unfall 238645 (2022) Kat:3, Licht: 2","238645","3","2","6","11","20","7","","2","0","1","1","0"
"POINT (13.352147801000100 52.573793787000099)","Unfall 238646 (2022) Kat:3, Licht: 2","238646","3","1","8","11","20","4","","2","0","1","0","0"
"POINT (13.355851263000000 52.596675102000098)","Unfall 238647 (2022) Kat:3, Licht: 0","238647","3","6","2","11","08","2","","0","0","1","0","0"
"POINT (13.471555214000000 52.532193261000003)","Unfall 238648 (2022) Kat:3, Licht: 2","238648","3","3","2","10","19","4","","2","0","1","0","0"
"POINT (13.379717273000001 52.552871535000101)","Unfall 238649 (2022) Kat:2, Licht: 1","238649","2","4","6","11","17","5","","1","0","0","1","1"
"POINT (13.202385928000099 52.535011473000097)","Unfall 238650 (2022) Kat:3, Licht: 0","238650","3","6","2","10","16","6","","0","0","1","0","0"
"POINT (13.511901643000000 52.550779416000097)","Unfall 238651 (2022) Kat:1, Licht: 0","238651","1","3","5","11","07","3","","0","1","0","0","0"
"POINT (13.639765598000100 52.447615465000098)","Unfall 238652 (2022) Kat:3, Licht: 0","238652","3","2","5","12","08","5","","0","1","1","0","0"
"POINT (13.393742583000099 52.511468555000100)","Unfall 238653 (2022) Kat:2, Licht: 0","238653","2","3","5","10","07","3","","0","0","1","0","0"
"POINT (13.313013076000100 52.506270169000103)","Unfall 238654 (2022) Kat:3, Licht: 0","238654","3","6","2","11","16","1","","0","0","1","0","0"
"POINT (13.439386156000101 52.535263063000102)","Unfall 238655 (2022) Kat:3, Licht: 2","238655","3","4","6","11","16","5","","2","0","1","1","0"
"POINT (13.498575278000001 52.538154546999998)","Unfall 238656 (2022) Kat:3, Licht: 2","238656","3","3","5","11","16","5","","2","1","1","0","0"
"POINT (13.355161915000100 52.518575753999997)","Unfall 238657 (2022) Kat:3, Licht: 0","238657","3","1","0","11","14","3","","0","0","0","0","1"
"POINT (13.281505420000000 52.592454336000102)","Unfall 238658 (2022) Kat:3, Licht: 0","238658","3","2","0","11","12","6","","0","0","1","0","0"
"POINT (13.408475856000100 52.504284083000101)","Unfall 238659 (2022) Kat:3, Licht: 0","238659","3","3","5","11","15","7","","0","0","1","0","0"
"POINT (13.422140718000000 52.567352812000102)","Unfall 238660 (2022) Kat:2, Licht: 0","238660","2","4","6","11","15","2","","0","0","1","1","0"
"POINT (13.366980374000001 52.563936335000101)","Unfall 238661 (2022) Kat:3, Licht: 0","238661","3","6","2","10","14","6","","0","0","0","0","0"
"POINT (13.440098764000000 52.489573493000101)","Unfall 238662 (2022) Kat:2, Licht: 0","238662","2","3","5","11","09","3","","0","1","1","0","0"
"POINT (13.507825202999999 52.474968655000097)","Unfall 238663 (2022) Kat:3, Licht: 2","238663","3","3","5","11","17","4","","2","1","1","0","0"
"POINT (13.377143790000000 52.456129767999997)","Unfall 238664 (2022) Kat:2, Licht: 2","238664","2","1","0","10","05","2","","2","0","0","0","1"
"POINT (13.342977972000000 52.525420718000099)","Unfall 238665 (2022) Kat:3, Licht: 0","238665","3","6","2","11","15","7","","0","0","1","0","0"
"POINT (13.291308150000100 52.575523103000101)","Unfall 238666 (2022) Kat:2, Licht: 2","238666","2","3","0","11","17","2","","2","0","1","0","1"
"POINT (13.283976568000099 52.535136911000102)","Unfall 238667 (2022) Kat:3, Licht: 2","238667","3","7","5","11","18","4","","2","0","1","0","1"
"POINT (13.357617926000000 52.536058387000097)","Unfall 238668 (2022) Kat:3, Licht: 2","238668","3","1","0","11","00","6","","2","0","0","0","1"
"POINT (13.332092882000000 52.505924524000100)","Unfall 238669 (2022) Kat:3, Licht: 0","238669","3","6","2","10","17","2","","0","1","1","0","0"
"POINT (13.295510478000001 52.481218528000099)","Unfall 238670 (2022) Kat:3, Licht: 2","238670","3","6","1","11","18","5","","2","0","1","0","0"
"POINT (13.575734823000101 52.423620864999997)","Unfall 238671 (2022) Kat:3, Licht: 0","238671","3","7","5","11","10","5","","0","0","0","0","0"
"POINT (13.476349529000100 52.533067152000100)","Unfall 238672 (2022) Kat:3, Licht: 2","238672","3","2","5","11","20","3","","2","0","1","0","0"
"POINT (13.347836457000000 52.465116928000000)","Unfall 238673 (2022) Kat:3, Licht: 0","238673","3","7","6","11","11","6","","0","0","1","1","0"
"POINT (13.197800399000100 52.535035713000099)","Unfall 238674 (2022) Kat:3, Licht: 0","238674","3","3","0","11","12","7","","0","0","1","0","0"
"POINT (13.443528455999999 52.485101492000098)","Unfall 238675 (2022) Kat:3, Licht: 2","238675","3","5","1","11","19","3","","2","1","1","0","0"
"POINT (13.486366898000000 52.538345464000002)","Unfall 238676 (2022) Kat:3, Licht: 2","238676","3","3","0","10","18","5","","2","1","1","0","0"
"POINT (13.393303212999999 52.515025018000102)","Unfall 238677 (2022) Kat:3, Licht: 2","238677","3","1","0","10","20","6","","2","0","0","0","0"
"POINT (13.476549657000000 52.537030798000004)","Unfall 238678 (2022) Kat:3, Licht: 0","238678","3","2","5","11","15","3","","0","1","0","0","0"
"POINT (13.393501419000099 52.526488741999998)","Unfall 238679 (2022) Kat:3, Licht: 1","238679","3","3","5","11","16","4","","1","1","1","0","0"
"POINT (13.382551321999999 52.555863623000100)","Unfall 238680 (2022) Kat:3, Licht: 0","238680","3","6","2","10","14","3","","0","0","1","0","0"
"POINT (13.402441204000100 52.566234938999997)","Unfall 238681 (2022) Kat:3, Licht: 0","238681","3","7","6","11","12","1","","0","1","0","1","0"
"POINT (13.349246327000101 52.552078143000102)","Unfall 238682 (2022) Kat:2, Licht: 0","238682","2","7","5","10","11","4","","0","0","1","0","1"
"POINT (13.284198931000001 52.485302983000103)","Unfall 238683 (2022) Kat:2, Licht: 0","238683","2","3","5","11","15","4","","0","1","1","0","0"
"POINT (13.574882464000000 52.453330346000001)","Unfall 238684 (2022) Kat:2, Licht: 0","238684","2","7","5","11","11","4","","0","0","1","0","0"
"POINT (13.571567497000000 52.436518976999999)","Unfall 238685 (2022) Kat:3, Licht: 0","238685","3","2","5","11","13","6","","0","0","1","0","1"
"POINT (13.526362927999999 52.484596451000101)","Unfall 238686 (2022) Kat:2, Licht: 0","238686","2","4","6","10","13","2","","0","0","0","1","0"
"POINT (13.369831202000100 52.597407150000002)","Unfall 238687 (2022) Kat:3, Licht: 0","238687","3","2","6","11","09","5","","0","0","0","1","0"
"POINT (13.330186033000100 52.503645962000100)","Unfall 238688 (2022) Kat:3, Licht: 2","238688","3","5","1","10","20","5","","2","0","1","0","1"
"POINT (13.294566809999999 52.534679201000102)","Unfall 238689 (2022) Kat:3, Licht: 0","238689","3","6","3","11","11","2","","0","0","1","0","0"
"POINT (13.387886698000001 52.560656989000101)","Unfall 238690 (2022) Kat:3, Licht: 1","238690","3","2","5","10","18","1","","1","1","1","0","0"
"POINT (13.437874544000101 52.523536907999997)","Unfall 238691 (2022) Kat:3, Licht: 0","238691","3","2","5","11","07","4","","0","0","0","0","0"
"POINT (13.519762335999999 52.525585363000097)","Unfall 238692 (2022) Kat:3, Licht: 0","238692","3","6","2","10","10","2","","0","0","1","0","0"
"POINT (13.332111045000000 52.468376122000102)","Unfall 238693 (2022) Kat:3, Licht: 1","238693","3","6","3","11","15","7","","1","1","1","0","0"
"POINT (13.241384568000100 52.617962241999997)","Unfall 238694 (2022) Kat:2, Licht: 2","238694","2","3","5","10","18","3","","2","0","1","0","0"
"POINT (13.575152730000100 52.555083085000000)","Unfall 238695 (2022) Kat:3, Licht: 2","238695","3","4","6","11","06","2","","2","0","1","1","0"
"POINT (13.519771139000101 52.505815009000102)","Unfall 238696 (2022) Kat:3, Licht: 0","238696","3","2","5","11","15","3","","0","0","1","0","0"
"POINT (13.332513938000000 52.455821794000002)","Unfall 238697 (2022) Kat:3, Licht: 0","238697","3","3","5","10","12","5","","0","0","1","0","1"
"POINT (13.342625835000000 52.600722712000000)","Unfall 238698 (2022) Kat:3, Licht: 2","238698","3","1","1","11","02","6","","2","0","1","0","0"
"POINT (13.519203730000100 52.513416227999997)","Unfall 238699 (2022) Kat:2, Licht: 2","238699","2","3","5","11","21","4","","2","0","1","0","0"
"POINT (13.339946683000100 52.518834591000001)","Unfall 238700 (2022) Kat:3, Licht: 0","238700","3","2","5","10","16","7","","0","1","1","0","0"
"POINT (13.335863094000000 52.514313889000100)","Unfall 238701 (2022) Kat:3, Licht: 2","238701","3","3","5","11","16","4","","2","0","1","0","0"
"POINT (13.488016145000101 52.541724357000099)","Unfall 238702 (2022) Kat:3, Licht: 0","238702","3","3","2","10","16","4","","0","0","1","0","1"
"POINT (13.415590183000100 52.544074099000099)","Unfall 238703 (2022) Kat:3, Licht: 0","238703","3","2","5","11","13","2","","0","1","0","0","0"
"POINT (13.401756978000000 52.530362237000098)","Unfall 238704 (2022) Kat:3, Licht: 2","238704","3","1","0","10","02","7","","2","1","0","0","0"
"POINT (13.463436771000000 52.511031088999999)","Unfall 238705 (2022) Kat:2, Licht: 2","238705","2","4","6","10","02","7","","2","0","1","1","0"
"POINT (13.363569617000101 52.541633038000001)","Unfall 238706 (2022) Kat:3, Licht: 0","238706","3","5","1","11","14","6","","0","1","1","0","0"
"POINT (13.280691365000100 52.518510999000100)","Unfall 238707 (2022) Kat:3, Licht: 0","238707","3","6","2","10","14","2","","0","0","1","0","1"
"POINT (13.284271800999999 52.589098115000098)","Unfall 238708 (2022) Kat:3, Licht: 2","238708","3","2","6","11","19","6","","2","0","0","1","0"
"POINT (13.338976319000000 52.532882764000099)","Unfall 238709 (2022) Kat:3, Licht: 2","238709","3","1","0","11","23","7","","2","0","0","0","0"
"POINT (13.597764642000101 52.452566572000102)","Unfall 238710 (2022) Kat:3, Licht: 2","238710","3","2","5","11","16","4","","2","0","1","0","1"
"POINT (13.418437549000000 52.553524437000100)","Unfall 238711 (2022) Kat:2, Licht: 0","238711","2","3","5","11","08","3","","0","1","1","0","0"
"POINT (13.405838609000099 52.511156931000102)","Unfall 238712 (2022) Kat:3, Licht: 0","238712","3","2","4","10","08","4","","0","1","1","0","0"
"POINT (13.436685112000101 52.548706514000102)","Unfall 238713 (2022) Kat:3, Licht: 2","238713","3","3","5","11","16","4","","2","0","1","0","0"
"POINT (13.266519704000100 52.533858257000098)","Unfall 238714 (2022) Kat:3, Licht: 0","238714","3","3","5","10","14","6","","0","0","1","0","0"
"POINT (13.427400946000001 52.552415419000098)","Unfall 238715 (2022) Kat:3, Licht: 0","238715","3","3","5","11","08","3","","0","1","1","0","0"
"POINT (13.380525796000001 52.551622257000098)","Unfall 238716 (2022) Kat:3, Licht: 2","238716","3","6","2","12","17","6","","2","0","1","0","0"
"POINT (13.266422064000000 52.533814378000002)","Unfall 238717 (2022) Kat:3, Licht: 0","238717","3","2","2","10","10","4","","0","0","1","0","0"
"POINT (13.351522003000101 52.509561136999999)","Unfall 238718 (2022) Kat:3, Licht: 0","238718","3","2","5","11","15","1","","0","1","1","0","0"
"POINT (13.413689257000000 52.542285720999999)","Unfall 238719 (2022) Kat:3, Licht: 2","238719","3","1","1","11","21","5","","2","1","1","0","0"
"POINT (13.479961794000101 52.538233530000099)","Unfall 238720 (2022) Kat:3, Licht: 0","238720","3","5","1","11","07","6","","0","1","1","0","0"
"POINT (13.358589558000100 52.434138157000099)","Unfall 238721 (2022) Kat:2, Licht: 0","238721","2","2","0","11","09","3","","0","0","1","0","0"
"POINT (13.395144729000000 52.496257131000000)","Unfall 238722 (2022) Kat:3, Licht: 0","238722","3","2","5","11","15","6","","0","0","1","0","0"
"POINT (13.379859398000100 52.497473331999998)","Unfall 238723 (2022) Kat:3, Licht: 2","238723","3","3","5","11","19","3","","2","0","1","0","0"
"POINT (13.249275018000001 52.537917589000102)","Unfall 238724 (2022) Kat:2, Licht: 2","238724","2","1","9","10","23","6","","2","0","1","0","0"
"POINT (13.482255458000100 52.473360297000099)","Unfall 238725 (2022) Kat:3, Licht: 2","238725","3","5","1","11","21","2","","2","0","1","0","0"
"POINT (13.278932457000099 52.525994352000097)","Unfall 238726 (2022) Kat:2, Licht: 0","238726","2","1","8","10","16","1","","0","0","1","0","0"
"POINT (13.270222538000001 52.449846068000099)","Unfall 238727 (2022) Kat:3, Licht: 0","238727","3","3","5","11","10","4","","0","1","1","0","0"
"POINT (13.296339306000000 52.492705310000098)","Unfall 238728 (2022) Kat:3, Licht: 2","238728","3","3","5","10","06","2","","2","0","1","0","0"
"POINT (13.380078504000000 52.560413391000097)","Unfall 238729 (2022) Kat:2, Licht: 0","238729","2","7","5","11","12","7","","0","0","1","0","0"
"POINT (13.396447492000000 52.516719584000001)","Unfall 238730 (2022) Kat:3, Licht: 0","238730","3","4","6","10","15","4","","0","1","0","1","0"
"POINT (13.527821466000001 52.489931195000104)","Unfall 238731 (2022) Kat:3, Licht: 0","238731","3","7","0","11","10","1","","0","0","1","0","0"
"POINT (13.470567152000100 52.435322268000000)","Unfall 238732 (2022) Kat:3, Licht: 0","238732","3","6","2","11","12","3","","0","0","1","0","0"
"POINT (13.453736464000000 52.452816858000098)","Unfall 238733 (2022) Kat:3, Licht: 0","238733","3","6","3","11","16","6","","0","0","1","0","1"
"POINT (13.395578377000000 52.499357961999998)","Unfall 238734 (2022) Kat:2, Licht: 2","238734","2","6","3","11","19","3","","2","1","0","0","0"
"POINT (13.427171422000100 52.511758343000103)","Unfall 238735 (2022) Kat:3, Licht: 2","238735","3","6","2","10","16","1","","2","0","1","0","0"
"POINT (13.321347072000000 52.593514876000000)","Unfall 238736 (2022) Kat:2, Licht: 1","238736","2","2","5","11","15","5","","1","0","1","0","0"
"POINT (13.359658254000101 52.547966391999999)","Unfall 238737 (2022) Kat:3, Licht: 2","238737","3","6","0","10","18","5","","2","0","1","0","1"
"POINT (13.430992043000099 52.485748102999999)","Unfall 238738 (2022) Kat:3, Licht: 0","238738","3","5","1","11","15","7","","0","1","1","0","0"
"POINT (13.227988961000101 52.585046208000101)","Unfall 238739 (2022) Kat:3, Licht: 0","238739","3","5","1","10","12","7","","0","1","1","0","0"
"POINT (13.377190859000100 52.462797490000099)","Unfall 238740 (2022) Kat:3, Licht: 0","238740","3","6","0","10","08","2","","0","0","1","0","1"
"POINT (13.175445068000000 52.539958188000099)","Unfall 238741 (2022) Kat:3, Licht: 2","238741","3","3","5","11","20","6","","2","0","1","0","0"
"POINT (13.369595918000099 52.559859160000002)","Unfall 238742 (2022) Kat:3, Licht: 0","238742","3","6","2","10","11","3","","0","0","1","0","0"
"POINT (13.415536214999999 52.480655718999998)","Unfall 238743 (2022) Kat:3, Licht: 0","238743","3","3","5","11","08","6","","0","1","1","0","0"
"POINT (13.394940451000000 52.458340625000098)","Unfall 238744 (2022) Kat:3, Licht: 2","238744","3","3","4","11","18","2","","2","0","1","0","0"
"POINT (13.346368512000000 52.464949242000003)","Unfall 238745 (2022) Kat:3, Licht: 0","238745","3","6","2","11","14","3","","0","1","0","0","0"
"POINT (13.299861348000000 52.498575064000100)","Unfall 238746 (2022) Kat:3, Licht: 0","238746","3","6","2","10","14","5","","0","0","1","0","1"
"POINT (13.444938629999999 52.479234701000102)","Unfall 238747 (2022) Kat:3, Licht: 0","238747","3","1","0","11","08","5","","0","0","0","0","1"
"POINT (13.422475588000101 52.559806790000003)","Unfall 238748 (2022) Kat:2, Licht: 2","238748","2","3","5","10","18","7","","2","0","1","0","1"
"POINT (13.296231916000099 52.498021432000002)","Unfall 238749 (2022) Kat:3, Licht: 1","238749","3","2","0","11","16","4","","1","1","1","0","0"
"POINT (13.328428128000001 52.565371788000000)","Unfall 238750 (2022) Kat:3, Licht: 1","238750","3","4","6","12","16","5","","1","0","1","1","0"
"POINT (13.435564589000000 52.466763567000001)","Unfall 238751 (2022) Kat:3, Licht: 0","238751","3","2","6","10","17","4","","0","0","1","1","0"
"POINT (13.380078467000001 52.485008429000104)","Unfall 238752 (2022) Kat:3, Licht: 2","238752","3","5","1","11","20","6","","2","1","1","0","0"
"POINT (13.245849832999999 52.544322620000102)","Unfall 238753 (2022) Kat:3, Licht: 2","238753","3","4","6","11","17","5","","2","0","1","1","0"
"POINT (13.620866441000000 52.530677463000103)","Unfall 238754 (2022) Kat:3, Licht: 0","238754","3","2","6","10","11","5","","0","0","1","1","0"
"POINT (13.498531734000000 52.515705402000002)","Unfall 238755 (2022) Kat:3, Licht: 0","238755","3","1","0","11","12","1","","0","0","0","0","1"
"POINT (13.393854299000100 52.489491547000100)","Unfall 238756 (2022) Kat:3, Licht: 0","238756","3","2","5","10","17","7","","0","1","1","0","0"
"POINT (13.416143422000101 52.519964739000002)","Unfall 238757 (2022) Kat:2, Licht: 1","238757","2","1","0","11","07","3","","1","1","0","0","0"
"POINT (13.416520908000100 52.544918220000099)","Unfall 238758 (2022) Kat:3, Licht: 0","238758","3","7","2","10","16","2","","0","1","1","0","0"
"POINT (13.471864328000001 52.507855161000101)","Unfall 238759 (2022) Kat:3, Licht: 0","238759","3","3","2","11","09","6","","0","0","1","0","1"
"POINT (13.560024981000000 52.446416016999997)","Unfall 238760 (2022) Kat:3, Licht: 0","238760","3","6","0","10","11","3","","0","0","1","0","1"
"POINT (13.330826961000099 52.500473471000099)","Unfall 238761 (2022) Kat:3, Licht: 2","238761","3","2","5","11","22","7","","2","0","1","0","0"
"POINT (13.417031199000100 52.418221481000003)","Unfall 238762 (2022) Kat:2, Licht: 0","238762","2","2","6","11","08","3","","0","0","1","1","0"
"POINT (13.272030709999999 52.508874769000002)","Unfall 238763 (2022) Kat:3, Licht: 0","238763","3","2","2","10","07","4","","0","0","1","0","0"
"POINT (13.501451148000100 52.418043823000097)","Unfall 238764 (2022) Kat:2, Licht: 0","238764","2","7","9","11","08","6","","0","0","0","0","0"
"POINT (13.294517370000101 52.576170914999999)","Unfall 238765 (2022) Kat:3, Licht: 2","238765","3","2","5","10","20","7","","2","1","1","0","0"
"POINT (13.326563888000100 52.487356112000001)","Unfall 238766 (2022) Kat:3, Licht: 0","238766","3","7","2","11","07","4","","0","1","1","0","0"
"POINT (13.369263647000000 52.526552289000101)","Unfall 238767 (2022) Kat:3, Licht: 0","238767","3","5","1","12","12","5","","0","1","1","0","0"
"POINT (13.342385718000100 52.524116845999998)","Unfall 238768 (2022) Kat:3, Licht: 0","238768","3","2","5","10","17","4","","0","0","1","0","0"
"POINT (13.382314556000001 52.537787325000103)","Unfall 238769 (2022) Kat:3, Licht: 0","238769","3","3","5","11","07","6","","0","0","1","0","1"
"POINT (13.392753466000000 52.412637857999997)","Unfall 238770 (2022) Kat:3, Licht: 2","238770","3","2","5","11","16","4","","2","0","1","0","0"
"POINT (13.336752656000000 52.505228807000002)","Unfall 238771 (2022) Kat:3, Licht: 2","238771","3","6","2","10","19","6","","2","0","1","0","0"
"POINT (13.285175583000100 52.494396018000003)","Unfall 238772 (2022) Kat:3, Licht: 0","238772","3","2","5","10","14","7","","0","1","1","0","0"
"POINT (13.418437648000101 52.553533416000100)","Unfall 238773 (2022) Kat:3, Licht: 2","238773","3","3","5","11","17","5","","2","1","1","0","0"
"POINT (13.371578575999999 52.423609532999997)","Unfall 238774 (2022) Kat:3, Licht: 0","238774","3","3","5","10","07","2","","0","0","1","0","0"
"POINT (13.413572102000000 52.488278555000100)","Unfall 238775 (2022) Kat:3, Licht: 0","238775","3","1","0","11","13","6","","0","0","0","0","1"
"POINT (13.315064504000100 52.576574588000000)","Unfall 238776 (2022) Kat:2, Licht: 0","238776","2","2","5","11","12","7","","0","0","1","0","0"
"POINT (13.478403454000000 52.528390473000101)","Unfall 238777 (2022) Kat:3, Licht: 0","238777","3","3","5","11","09","4","","0","1","1","0","0"
"POINT (13.345871735000101 52.436207207999999)","Unfall 238778 (2022) Kat:3, Licht: 2","238778","3","2","6","10","00","7","","2","0","1","1","0"
"POINT (13.253483829000100 52.560033449000102)","Unfall 238779 (2022) Kat:3, Licht: 0","238779","3","6","2","10","14","4","","0","0","1","0","0"
"POINT (13.417500195000100 52.417320479000097)","Unfall 238780 (2022) Kat:3, Licht: 1","238780","3","7","0","11","06","5","","1","0","1","0","1"
"POINT (13.416910266000100 52.497951660000098)","Unfall 238781 (2022) Kat:3, Licht: 2","238781","3","2","5","10","22","6","","2","0","1","0","0"
"POINT (13.368041004000100 52.459716361000098)","Unfall 238782 (2022) Kat:3, Licht: 2","238782","3","4","6","11","18","3","","2","0","1","1","0"