WKT,Name,OBJECTID,UKATEGORIE,UTYP1,UART,UMONAT,USTUNDE,UWOCHENTAG,STRZUSTAND,ULICHTVERH,ISTRAD,ISTPKW,ISTFUSS,ISTKRAD
"POINT (13.386033715000099 52.549899222000100)","Unfall 238783 (2022) Kat:3, Licht: 2","238783","3","5","1","12","23","5","","2","1","1","0","0"
"POINT (13.519204441000101 52.513443344999999)","Unfall 238784 (2022) Kat:3, Licht: 2","238784","3","2","5","10","21","3","","2","0","1","0","0"
"POINT (13.572315867000000 52.543179929000097)","Unfall 238785 (2022) Kat:3, Licht: 0","238785","3","3","5","11","13","2","","0","1","1","0","0"
"POINT (13.372089844000101 52.455603707000101)","Unfall 238786 (2022) Kat:3, Licht: 2","238786","3","3","5","11","22","5","","2","0","1","0","0"
"POINT (13.448141743000100 52.427337669000103)","Unfall 238787 (2022) Kat:2, Licht: 0","238787","2","3","5","11","09","6","","0","0","1","0","0"
"POINT (13.426430826000100 52.548584533000103)","Unfall 238788 (2022) Kat:3, Licht: 1","238788","3","3","5","10","16","2","","1","0","1","0","0"
"POINT (13.595402970000100 52.534136527999998)","Unfall 238789 (2022) Kat:2, Licht: 2","238789","2","4","6","11","04","6","","2","0","1","1","0"
"POINT (13.564659822000101 52.522310363000003)","Unfall 238790 (2022) Kat:3, Licht: 0","238790","3","7","5","11","14","3","","0","0","1","0","0"
"POINT (13.345720569999999 52.436324626000001)","Unfall 238791 (2022) Kat:3, Licht: 2","238791","3","2","5","10","06","6","","2","0","1","0","0"
"POINT (13.217533387000101 52.430169268999997)","Unfall 238792 (2022) Kat:3, Licht: 0","238792","3","5","1","11","15","2","","0","1","1","0","0"
"POINT (13.388982338000099 52.557938939000103)","Unfall 238793 (2022) Kat:3, Licht: 0","238793","3","7","0","10","12","1","","0","0","1","0","0"
"POINT (13.198524760000099 52.555312377000099)","Unfall 238794 (2022) Kat:3, Licht: 2","238794","3","2","5","11","18","3","","2","1","1","0","0"
"POINT (13.340653543000000 52.548862597000003)","Unfall 238795 (2022) Kat:3, Licht: 0","238795","3","2","5","10","15","2","","0","0","1","0","0"
"POINT (13.380671807000100 52.465765545000103)","Unfall 238796 (2022) Kat:3, Licht: 0","238796","3","7","5","11","13","7","","0","1","1","0","1"
"POINT (13.273960004999999 52.597521293000099)","Unfall 238797 (2022) Kat:2, Licht: 2","238797","2","1","1","10","01","4","","2","0","1","0","0"
"POINT (13.441246928000099 52.549553207000002)","Unfall 238798 (2022) Kat:3, Licht: 0","238798","3","4","6","11","14","2","","0","0","0","1","1"
"POINT (13.460023710000000 52.432065934000001)","Unfall 238799 (2022) Kat:2, Licht: 0","238799","2","4","6","11","06","4","","0","0","1","1","0"
"POINT (13.363387993000099 52.528934118000102)","Unfall 238800 (2022) Kat:3, Licht: 2","238800","3","3","5","10","22","6","","2","1","0","0","0"
"POINT (13.364851845000000 52.526180066999999)","Unfall 238801 (2022) Kat:3, Licht: 0","238801","3","6","3","11","08","6","","0","0","1","0","1"
"POINT (13.319880417000000 52.467220407000099)","Unfall 238802 (2022) Kat:3, Licht: 0","238802","3","6","2","11","14","3","","0","1","1","0","0"
"POINT (13.593190755000000 52.452314941000097)","Unfall 238803 (2022) Kat:3, Licht: 0","238803","3","2","5","10","13","1","","0","1","1","0","0"
"POINT (13.407923737999999 52.499977883000000)","Unfall 238804 (2022) Kat:3, Licht: 0","238804","3","2","5","11","12","5","","0","1","1","0","0"
"POINT (13.356638757000001 52.523763082000102)","Unfall 238805 (2022) Kat:3, Licht: 0","238805","3","6","3","10","16","4","","0","0","1","0","1"
"POINT (13.593165197000101 52.451496441000103)","Unfall 238806 (2022) Kat:3, Licht: 0","238806","3","7","0","11","15","1","","0","0","0","0","1"
"POINT (13.449671029999999 52.479286567000003)","Unfall 238807 (2022) Kat:3, Licht: 2","238807","3","5","1","10","18","7","","2","0","1","0","0"
"POINT (13.195416773000000 52.558027430000003)","Unfall 238808 (2022) Kat:2, Licht: 0","238808","2","3","5","10","07","2","","0","1","1","0","0"
"POINT (13.281015210000000 52.435613404999998)","Unfall 238809 (2022) Kat:3, Licht: 0","238809","3","3","5","11","10","6","","0","1","1","0","0"
"POINT (13.441901284000000 52.550316834999997)","Unfall 238810 (2022) Kat:3, Licht: 0","238810","3","3","5","10","09","3","","0","0","1","0","1"
"POINT (13.315238178000101 52.514793000000097)","Unfall 238811 (2022) Kat:2, Licht: 2","238811","2","3","5","11","00","7","","2","0","1","0","0"
"POINT (13.401647612000000 52.529624233000000)","Unfall 238812 (2022) Kat:3, Licht: 2","238812","3","3","5","11","19","2","","2","1","1","0","0"
"POINT (13.370448587000100 52.526656683000098)","Unfall 238813 (2022) Kat:2, Licht: 0","238813","2","2","5","11","08","3","","0","1","1","0","0"
"POINT (13.360983030000099 52.599785951999998)","Unfall 238814 (2022) Kat:3, Licht: 0","238814","3","4","6","10","12","5","","0","0","1","1","0"
"POINT (13.473922287000100 52.425817125000002)","Unfall 238815 (2022) Kat:3, Licht: 2","238815","3","2","5","11","06","4","","2","1","1","0","0"
"POINT (13.382268557000000 52.552025308000097)","Unfall 238816 (2022) Kat:3, Licht: 0","238816","3","6","3","10","16","7","","0","1","1","0","0"
"POINT (13.232510350000000 52.527571627000000)","Unfall 238817 (2022) Kat:3, Licht: 0","238817","3","2","5","11","12","4","","0","1","1","0","0"
"POINT (13.402162964000100 52.446765179000103)","Unfall 238818 (2022) Kat:3, Licht: 2","238818","3","2","6","12","18","6","","2","0","1","1","0"
"POINT (13.403257040000000 52.491782213000100)","Unfall 238819 (2022) Kat:3, Licht: 0","238819","3","1","0","10","11","4","","0","1","0","0","0"
"POINT (13.205575296000100 52.541668727000101)","Unfall 238820 (2022) Kat:2, Licht: 2","238820","2","3","5","11","06","6","","2","0","1","0","0"
"POINT (13.359333162000000 52.500713605999998)","Unfall 238821 (2022) Kat:3, Licht: 1","238821","3","5","1","10","18","6","","1","1","1","0","0"
"POINT (13.346213814000100 52.555033996000098)","Unfall 238822 (2022) Kat:3, Licht: 1","238822","3","5","1","10","06","1","","1","0","1","0","0"
"POINT (13.624107717000101 52.446850676000103)","Unfall 238823 (2022) Kat:3, Licht: 0","238823","3","7","0","11","12","5","","0","1","0","0","0"
"POINT (13.534119951999999 52.555279622999997)","Unfall 238824 (2022) Kat:3, Licht: 0","238824","3","2","5","10","11","2","","0","1","1","0","0"
"POINT (13.338855690999999 52.503195556000001)","Unfall 238825 (2022) Kat:3, Licht: 2","238825","3","6","2","11","19","6","","2","1","1","0","0"
"POINT (13.313386688000000 52.435368644000100)","Unfall 238826 (2022) Kat:3, Licht: 2","238826","3","2","5","11","23","7","","2","0","1","0","0"
"POINT (13.424341052999999 52.513471195000101)","Unfall 238827 (2022) Kat:3, Licht: 2","238827","3","6","2","11","18","3","","2","0","1","0","0"
"POINT (13.147861713999999 52.532761618000102)","Unfall 238828 (2022) Kat:2, Licht: 0","238828","2","3","5","10","16","5","","0","0","1","0","1"
"POINT (13.382630357000000 52.504580322999999)","Unfall 238829 (2022) Kat:3, Licht: 2","238829","3","6","2","10","21","4","","2","0","1","0","0"
"POINT (13.296498461000100 52.620148628999999)","Unfall 238830 (2022) Kat:3, Licht: 0","238830","3","5","1","10","11","7","","0","1","1","0","0"
"POINT (13.304231890000001 52.499397088000102)","Unfall 238831 (2022) Kat:3, Licht: 0","238831","3","5","1","11","15","3","","0","1","1","0","0"
"POINT (13.145209577999999 52.455082162000103)","Unfall 238832 (2022) Kat:3, Licht: 0","238832","3","3","5","12","12","5","","0","1","1","0","0"
"POINT (13.463565865000000 52.470682525000001)","Unfall 238833 (2022) Kat:3, Licht: 2","238833","3","1","0","10","06","3","","2","0","0","0","1"
"POINT (13.409062823999999 52.387106845000098)","Unfall 238834 (2022) Kat:3, Licht: 2","238834","3","7","6","11","18","1","","2","0","0","1","0"
"POINT (13.428683904000000 52.518900427000098)","Unfall 238835 (2022) Kat:2, Licht: 0","238835","2","6","3","10","15","4","","0","0","1","0","0"
"POINT (13.383962375000101 52.446726335999998)","Unfall 238836 (2022) Kat:3, Licht: 0","238836","3","7","6","11","16","4","","0","0","1","1","0"
"POINT (13.388947691000100 52.489799149000099)","Unfall 238837 (2022) Kat:3, Licht: 1","238837","3","6","3","11","17","7","","1","1","1","0","0"
"POINT (13.205616887000099 52.539452119000003)","Unfall 238838 (2022) Kat:3, Licht: 2","238838","3","6","2","10","17","2","","2","0","1","0","0"
"POINT (13.416325271000099 52.490896960999997)","Unfall 238839 (2022) Kat:3, Licht: 0","238839","3","2","5","11","10","6","","0","1","1","0","0"
"POINT (13.321231198000000 52.501797490999998)","Unfall 238840 (2022) Kat:3, Licht: 2","238840","3","7","6","11","18","3","","2","1","1","1","0"
"POINT (13.458044177000000 52.529087351999998)","Unfall 238841 (2022) Kat:3, Licht: 2","238841","3","6","2","10","21","5","","2","0","1","0","0"
"POINT (13.295223522000100 52.444319978000102)","Unfall 238842 (2022) Kat:3, Licht: 2","238842","3","2","2","10","19","6","","2","0","1","0","0"
"POINT (13.562556149000001 52.513213005000097)","Unfall 238843 (2022) Kat:3, Licht: 0","238843","3","6","2","10","12","7","","0","0","1","0","0"
"POINT (13.175920192000000 52.533726460000103)","Unfall 238844 (2022) Kat:3, Licht: 0","238844","3","6","2","11","13","5","","0","0","1","0","0"
"POINT (13.421269255000000 52.564388422000000)","Unfall 238845 (2022) Kat:3, Licht: 2","238845","3","1","0","10","19","2","","2","0","0","0","1"
"POINT (13.335158100999999 52.468011726000000)","Unfall 238846 (2022) Kat:3, Licht: 1","238846","3","2","5","11","07","6","","1","1","1","0","0"
"POINT (13.306669769000100 52.568164071000098)","Unfall 238847 (2022) Kat:3, Licht: 2","238847","3","6","2","11","00","1","","2","0","1","0","0"
"POINT (13.294510221000101 52.534662437000101)","Unfall 238848 (2022) Kat:3, Licht: 0","238848","3","6","0","11","15","4","","0","0","0","0","0"
"POINT (13.344206842000100 52.546167750000102)","Unfall 238849 (2022) Kat:3, Licht: 2","238849","3","3","5","10","05","6","","2","0","1","0","0"
"POINT (13.553317716000000 52.469654800000100)","Unfall 238850 (2022) Kat:3, Licht: 0","238850","3","3","5","10","11","6","","0","0","1","0","0"
"POINT (13.302952201000000 52.518664650000098)","Unfall 238851 (2022) Kat:3, Licht: 2","238851","3","2","5","11","17","3","","2","1","1","0","0"
"POINT (13.280628546000100 52.506649170999999)","Unfall 238852 (2022) Kat:3, Licht: 2","238852","3","7","6","12","16","5","","2","1","0","1","0"
"POINT (13.418870260000100 52.461038983999998)","Unfall 238853 (2022) Kat:3, Licht: 0","238853","3","3","0","10","10","3","","0","0","1","0","1"
"POINT (13.479598469000100 52.522895839000100)","Unfall 238854 (2022) Kat:2, Licht: 1","238854","2","4","6","11","07","2","","1","0","1","1","0"
"POINT (13.340245723000100 52.475677915000098)","Unfall 238855 (2022) Kat:3, Licht: 2","238855","3","4","6","10","02","4","","2","0","0","1","0"
"POINT (13.197439296000001 52.533175581000101)","Unfall 238856 (2022) Kat:3, Licht: 0","238856","3","6","3","11","13","5","","0","0","1","0","0"
"POINT (13.345143719000101 52.482405256000000)","Unfall 238857 (2022) Kat:3, Licht: 0","238857","3","6","2","11","12","6","","0","0","1","0","0"
"POINT (13.402045721000000 52.394274608000003)","Unfall 238858 (2022) Kat:3, Licht: 2","238858","3","6","2","11","18","4","","2","0","1","0","0"
"POINT (13.289741790000100 52.505934968000098)","Unfall 238859 (2022) Kat:3, Licht: 0","238859","3","5","1","10","15","2","","0","1","1","0","0"
"POINT (13.425495722999999 52.479442468000101)","Unfall 238860 (2022) Kat:3, Licht: 2","238860","3","6","3","11","22","6","","2","0","1","0","1"
"POINT (13.387328019000099 52.504287766000097)","Unfall 238861 (2022) Kat:3, Licht: 2","238861","3","2","6","11","23","3","","2","0","1","1","0"
"POINT (13.361119742000000 52.576984266000103)","Unfall 238862 (2022) Kat:2, Licht: 0","238862","2","3","5","10","14","5","","0","0","1","0","1"
"POINT (13.509307637000100 52.551475000000003)","Unfall 238863 (2022) Kat:3, Licht: 2","238863","3","1","0","11","21","2","","2","0","0","0","1"
"POINT (13.384343192000101 52.550909300000100)","Unfall 238864 (2022) Kat:3, Licht: 0","238864","3","7","0","10","09","1","","0","0","0","0","0"
"POINT (13.294689167000101 52.497654953999998)","Unfall 238865 (2022) Kat:3, Licht: 1","238865","3","6","2","11","15","3","","1","0","1","0","0"
"POINT (13.423790234000000 52.523625096000004)","Unfall 238866 (2022) Kat:3, Licht: 0","238866","3","6","2","10","14","3","","0","0","1","0","0"
"POINT (13.437411667999999 52.479133189999999)","Unfall 238867 (2022) Kat:3, Licht: 0","238867","3","6","2","11","11","7","","0","0","1","0","0"
"POINT (13.306390431000100 52.488443806000099)","Unfall 238868 (2022) Kat:2, Licht: 2","238868","2","1","0","10","19","3","","2","1","0","0","0"
"POINT (13.380407388000000 52.516605961000003)","Unfall 238869 (2022) Kat:3, Licht: 0","238869","3","2","5","11","14","1","","0","1","1","0","0"
"POINT (13.467107239000001 52.520342370999998)","Unfall 238870 (2022) Kat:3, Licht: 0","238870","3","3","5","11","12","4","","0","1","1","0","0"
"POINT (13.360075442999999 52.537381348000103)","Unfall 238871 (2022) Kat:2, Licht: 0","238871","2","7","5","10","11","6","","0","0","1","0","0"
"POINT (13.558072679000100 52.572669990000101)","Unfall 238872 (2022) Kat:3, Licht: 0","238872","3","7","6","11","11","5","","0","0","1","1","0"
"POINT (13.467458282999999 52.497971071000102)","Unfall 238873 (2022) Kat:3, Licht: 2","238873","3","5","1","11","03","3","","2","0","1","0","0"
"POINT (13.456137442000101 52.530489750000100)","Unfall 238874 (2022) Kat:3, Licht: 0","238874","3","7","5","10","14","2","","0","0","1","0","1"
"POINT (13.281142271000000 52.476809670000101)","Unfall 238875 (2022) Kat:3, Licht: 2","238875","3","2","5","11","17","5","","2","1","1","0","0"
"POINT (13.427013473000001 52.552208929000102)","Unfall 238876 (2022) Kat:3, Licht: 0","238876","3","3","5","10","08","5","","0","1","1","0","0"
"POINT (13.443787541000100 52.565308192000003)","Unfall 238877 (2022) Kat:3, Licht: 2","238877","3","6","0","11","18","7","","2","0","1","0","0"
"POINT (13.371676036000100 52.574722662000099)","Unfall 238878 (2022) Kat:3, Licht: 2","238878","3","3","0","10","19","1","","2","0","1","0","1"
"POINT (13.295427049000100 52.539609446999997)","Unfall 238879 (2022) Kat:3, Licht: 0","238879","3","3","5","10","12","2","","0","0","1","0","0"
"POINT (13.311088506000001 52.506583480000103)","Unfall 238880 (2022) Kat:3, Licht: 0","238880","3","3","5","11","11","6","","0","1","1","0","0"
"POINT (13.386223900000100 52.514566395000003)","Unfall 238881 (2022) Kat:3, Licht: 0","238881","3","2","2","10","10","3","","0","0","1","0","0"
"POINT (13.331082445000000 52.562359565000101)","Unfall 238882 (2022) Kat:3, Licht: 2","238882","3","3","5","11","20","7","","2","1","1","0","0"
"POINT (13.156978378000099 52.548956752999999)","Unfall 238883 (2022) Kat:3, Licht: 0","238883","3","4","6","11","07","2","","0","0","1","1","0"
"POINT (13.395429658000101 52.508888568000003)","Unfall 238884 (2022) Kat:3, Licht: 0","238884","3","6","3","11","14","2","","0","0","1","0","0"
"POINT (13.347590588000100 52.553038532000102)","Unfall 238885 (2022) Kat:3, Licht: 0","238885","3","5","1","10","14","5","","0","1","1","0","0"
"POINT (13.204175228000100 52.540519728000000)","Unfall 238886 (2022) Kat:3, Licht: 0","238886","3","6","3","11","14","4","","0","0","1","0","0"
"POINT (13.312116430000099 52.604575781000101)","Unfall 238887 (2022) Kat:3, Licht: 0","238887","3","3","5","10","13","1","","0","0","1","0","0"
"POINT (13.196694282000101 52.533322999000099)","Unfall 238888 (2022) Kat:2, Licht: 2","238888","2","5","1","11","17","3","","2","0","1","0","1"
"POINT (13.297057578000000 52.502394781000099)","Unfall 238889 (2022) Kat:3, Licht: 0","238889","3","6","2","12","08","5","","0","0","1","0","0"
"POINT (13.430500149000100 52.511045184000103)","Unfall 238890 (2022) Kat:3, Licht: 0","238890","3","5","1","10","10","4","","0","1","1","0","0"
"POINT (13.404458440999999 52.495207078000099)","Unfall 238891 (2022) Kat:3, Licht: 0","238891","3","3","5","11","08","6","","0","1","1","0","0"
"POINT (13.240288282000099 52.424480878000097)","Unfall 238892 (2022) Kat:3, Licht: 0","238892","3","2","2","11","15","5","","0","0","1","0","0"
"POINT (13.483892832000000 52.467844391000000)","Unfall 238893 (2022) Kat:3, Licht: 0","238893","3","3","5","11","14","3","","0","1","1","0","0"
"POINT (13.262390169000099 52.513171550000003)","Unfall 238894 (2022) Kat:3, Licht: 0","238894","3","3","5","11","14","6","","0","0","1","0","0"
"POINT (13.403826319000100 52.526015679000103)","Unfall 238895 (2022) Kat:3, Licht: 2","238895","3","6","2","11","18","6","","2","1","0","0","0"
"POINT (13.562971734000000 52.495573579999999)","Unfall 238896 (2022) Kat:3, Licht: 0","238896","3","2","2","11","13","3","","0","0","1","0","0"
"POINT (13.390767611999999 52.515737070999997)","Unfall 238897 (2022) Kat:3, Licht: 2","238897","3","3","5","10","23","6","","2","0","1","0","0"
"POINT (13.466275460000100 52.500428708000101)","Unfall 238898 (2022) Kat:3, Licht: 0","238898","3","4","6","10","09","6","","0","1","0","1","0"
"POINT (13.436909319000099 52.487140136999997)","Unfall 238899 (2022) Kat:3, Licht: 0","238899","3","2","2","11","14","3","","0","0","1","0","0"
"POINT (13.205835360000000 52.541774752999999)","Unfall 238900 (2022) Kat:3, Licht: 1","238900","3","4","6","12","15","5","","1","0","1","1","0"
"POINT (13.539762649000100 52.539824903000103)","Unfall 238901 (2022) Kat:3, Licht: 0","238901","3","3","5","10","13","3","","0","0","1","0","0"
"POINT (13.397274689000000 52.523856406999997)","Unfall 238902 (2022) Kat:3, Licht: 1","238902","3","1","0","11","16","1","","1","1","0","0","0"
"POINT (13.489707963000100 52.523089291000097)","Unfall 238903 (2022) Kat:3, Licht: 2","238903","3","3","5","11","16","4","","2","0","1","0","0"
"POINT (13.279986492999999 52.518309528000003)","Unfall 238904 (2022) Kat:3, Licht: 0","238904","3","2","2","11","13","4","","0","1","0","0","0"
"POINT (13.384712538000000 52.493606843000101)","Unfall 238905 (2022) Kat:3, Licht: 1","238905","3","5","1","11","16","7","","1","0","1","1","0"
"POINT (13.335050525000000 52.468006140000099)","Unfall 238906 (2022) Kat:3, Licht: 0","238906","3","1","0","10","07","2","","0","1","0","0","0"
"POINT (13.392352296000100 52.545154060000101)","Unfall 238907 (2022) Kat:3, Licht: 0","238907","3","3","5","11","14","5","","0","1","1","0","0"
"POINT (13.438939494000101 52.448120371000101)","Unfall 238908 (2022) Kat:2, Licht: 2","238908","2","7","0","10","20","5","","2","0","1","0","0"
"POINT (13.397978398000101 52.491041815000102)","Unfall 238909 (2022) Kat:3, Licht: 2","238909","3","3","5","11","18","2","","2","0","1","0","0"
"POINT (13.392090626000000 52.509583511000102)","Unfall 238910 (2022) Kat:3, Licht: 2","238910","3","3","5","10","19","1","","2","0","1","0","0"
"POINT (13.291158233999999 52.581117888999998)","Unfall 238911 (2022) Kat:3, Licht: 2","238911","3","2","6","11","18","3","","2","0","1","1","0"
"POINT (13.459023906000001 52.550133722000098)","Unfall 238912 (2022) Kat:3, Licht: 0","238912","3","2","2","10","08","2","","0","0","1","0","1"
"POINT (13.335696070999999 52.524786047000099)","Unfall 238913 (2022) Kat:3, Licht: 2","238913","3","5","1","11","22","7","","2","0","1","0","0"
"POINT (13.479747236000000 52.520514854000098)","Unfall 238914 (2022) Kat:3, Licht: 2","238914","3","1","0","10","06","3","","2","1","0","0","0"
"POINT (13.372368755000000 52.568871397000102)","Unfall 238915 (2022) Kat:2, Licht: 2","238915","2","1","1","11","00","1","","2","0","1","0","0"
"POINT (13.395057352000000 52.493241120000100)","Unfall 238916 (2022) Kat:2, Licht: 0","238916","2","4","6","11","14","3","","0","0","1","1","0"
"POINT (13.346983483000001 52.428359783000097)","Unfall 238917 (2022) Kat:3, Licht: 0","238917","3","2","5","10","12","5","","0","1","1","0","0"
"POINT (13.411376339000100 52.582312039000001)","Unfall 238918 (2022) Kat:3, Licht: 0","238918","3","3","5","11","13","5","","0","1","1","0","0"
"POINT (13.470237748000001 52.435075656999999)","Unfall 238919 (2022) Kat:3, Licht: 0","238919","3","6","2","11","13","3","","0","0","1","0","0"
"POINT (13.445552885000000 52.501679712000097)","Unfall 238920 (2022) Kat:3, Licht: 2","238920","3","6","2","10","03","1","","2","0","1","0","0"
"POINT (13.392805446000100 52.564225436000100)","Unfall 238921 (2022) Kat:3, Licht: 2","238921","3","4","6","11","17","5","","2","0","1","1","0"
"POINT (13.436105915000001 52.448937356999998)","Unfall 238922 (2022) Kat:3, Licht: 0","238922","3","6","2","10","16","4","","0","1","0","0","0"
"POINT (13.294667300000100 52.428395184000102)","Unfall 238923 (2022) Kat:3, Licht: 2","238923","3","3","5","11","18","7","","2","1","1","0","0"
"POINT (13.356737505000099 52.523586749000103)","Unfall 238924 (2022) Kat:3, Licht: 0","238924","3","2","5","10","08","6","","0","1","0","0","0"
"POINT (13.315656102000000 52.416386004000103)","Unfall 238925 (2022) Kat:3, Licht: 2","238925","3","4","6","10","19","1","","2","0","1","1","0"
"POINT (13.391965246000000 52.549722114000097)","Unfall 238926 (2022) Kat:3, Licht: 2","238926","3","7","5","11","18","6","","2","1","1","0","0"
"POINT (13.376827817000001 52.485032526000097)","Unfall 238927 (2022) Kat:3, Licht: 2","238927","3","2","6","10","05","2","","2","0","1","1","0"
"POINT (13.427006114999999 52.493418426000098)","Unfall 238928 (2022) Kat:3, Licht: 0","238928","3","5","1","11","15","2","","0","1","1","0","0"
"POINT (13.134608347000000 52.451485319000000)","Unfall 238929 (2022) Kat:2, Licht: 2","238929","2","1","0","10","19","1","","2","1","0","0","0"
"POINT (13.581462944000100 52.440708034000103)","Unfall 238930 (2022) Kat:3, Licht: 2","238930","3","4","6","11","17","3","","2","1","0","1","0"
"POINT (13.349506592000100 52.508479437000098)","Unfall 238931 (2022) Kat:3, Licht: 1","238931","3","3","5","10","18","2","","1","1","1","0","0"
"POINT (13.328369988000100 52.507976551000098)","Unfall 238932 (2022) Kat:3, Licht: 2","238932","3","2","6","11","18","6","","2","0","1","1","0"
"POINT (13.406573001000000 52.513480770000101)","Unfall 238933 (2022) Kat:3, Licht: 0","238933","3","6","2","10","08","3","","0","0","1","0","1"
"POINT (13.196744158000101 52.531425393000099)","Unfall 238934 (2022) Kat:3, Licht: 1","238934","3","4","6","11","07","2","","1","0","1","1","0"
"POINT (13.257105936000100 52.416998210000003)","Unfall 238935 (2022) Kat:3, Licht: 0","238935","3","6","4","11","11","4","","0","1","1","0","0"
"POINT (13.348198529000101 52.497890251000101)","Unfall 238936 (2022) Kat:2, Licht: 2","238936","2","7","1","11","02","3","","2","0","1","0","0"
"POINT (13.428379907000000 52.507276526000098)","Unfall 238937 (2022) Kat:3, Licht: 0","238937","3","4","6","10","15","6","","0","0","1","1","0"
"POINT (13.433435959000100 52.464047037000100)","Unfall 238938 (2022) Kat:3, Licht: 0","238938","3","2","5","11","09","6","","0","1","1","0","0"
"POINT (13.489867857000000 52.467803275000101)","Unfall 238939 (2022) Kat:2, Licht: 0","238939","2","3","5","11","14","3","","0","0","1","0","1"
"POINT (13.417418751000101 52.525965155999998)","Unfall 238940 (2022) Kat:3, Licht: 2","238940","3","6","2","10","00","1","","2","0","1","0","1"
"POINT (13.292335584000099 52.581068219000002)","Unfall 238941 (2022) Kat:3, Licht: 2","238941","3","3","5","11","18","5","","2","0","1","0","0"
"POINT (13.436383856000100 52.592413475999997)","Unfall 238942 (2022) Kat:3, Licht: 0","238942","3","6","2","10","15","4","","0","0","1","0","0"
"POINT (13.378441837000000 52.550322792000003)","Unfall 238943 (2022) Kat:3, Licht: 1","238943","3","3","5","11","07","1","","1","0","1","0","0"
"POINT (13.406535793000000 52.565376999000101)","Unfall 238944 (2022) Kat:3, Licht: 0","238944","3","2","6","10","07","6","","0","0","1","1","0"
"POINT (13.184277141000100 52.534172771000001)","Unfall 238945 (2022) Kat:3, Licht: 0","238945","3","2","5","10","13","1","","0","1","1","0","0"
"POINT (13.398130157000001 52.527274327000001)","Unfall 238946 (2022) Kat:3, Licht: 2","238946","3","3","5","11","18","6","","2","0","1","0","0"
"POINT (13.348830834000101 52.459164577000102)","Unfall 238947 (2022) Kat:3, Licht: 0","238947","3","2","0","10","13","2","","0","1","1","0","0"
"POINT (13.315047538000000 52.514644605999997)","Unfall 238948 (2022) Kat:3, Licht: 2","238948","3","3","0","11","03","6","","2","0","1","0","0"
"POINT (13.338664226000001 52.543255535000100)","Unfall 238949 (2022) Kat:3, Licht: 2","238949","3","6","3","11","02","4","","2","0","1","0","0"
"POINT (13.328642606000100 52.528680627000000)","Unfall 238950 (2022) Kat:3, Licht: 2","238950","3","1","0","11","04","1","","2","0","0","0","0"
"POINT (13.499655239000001 52.524385705000000)","Unfall 238951 (2022) Kat:3, Licht: 1","238951","3","6","2","11","06","2","","1","0","0","0","1"
"POINT (13.296977400999999 52.452164392000000)","Unfall 238952 (2022) Kat:2, Licht: 0","238952","2","3","5","10","14","4","","0","1","1","0","0"
"POINT (13.437662259000000 52.569781411000100)","Unfall 238953 (2022) Kat:3, Licht: 1","238953","3","7","0","11","06","5","","1","0","0","0","1"
"POINT (13.331505297000000 52.505029848000000)","Unfall 238954 (2022) Kat:3, Licht: 2","238954","3","6","2","10","01","1","","2","0","1","0","0"
"POINT (13.287704363000000 52.496084607000100)","Unfall 238955 (2022) Kat:3, Licht: 2","238955","3","2","5","11","19","5","","2","0","1","0","1"
"POINT (13.297103751000099 52.512456002000100)","Unfall 238956 (2022) Kat:3, Licht: 0","238956","3","6","2","12","10","6","","0","1","1","0","0"
"POINT (13.435617174000100 52.504186634000099)","Unfall 238957 (2022) Kat:3, Licht: 0","238957","3","2","5","10","17","3","","0","1","1","0","0"
"POINT (13.303322316999999 52.600661832000100)","Unfall 238958 (2022) Kat:3, Licht: 0","238958","3","6","2","11","08","2","","0","0","1","0","0"
"POINT (13.386931178000101 52.506501847000003)","Unfall 238959 (2022) Kat:3, Licht: 2","238959","3","6","2","11","17","6","","2","0","1","0","0"
"POINT (13.632354955000000 52.446982881000103)","Unfall 238960 (2022) Kat:3, Licht: 0","238960","3","4","6","11","15","5","","0","0","1","1","0"
"POINT (13.462486407000000 52.615900504000102)","Unfall 238961 (2022) Kat:3, Licht: 2","238961","3","3","5","11","18","3","","2","1","1","0","0"
"POINT (13.244817847000000 52.440394488999999)","Unfall 238962 (2022) Kat:3, Licht: 0","238962","3","2","6","11","13","6","","0","0","1","1","0"
"POINT (13.498575645000100 52.410396014000099)","Unfall 238963 (2022) Kat:3, Licht: 0","238963","3","3","5","11","09","7","","0","0","1","0","0"
"POINT (13.296790167999999 52.548012391000000)","Unfall 238964 (2022) Kat:3, Licht: 2","238964","3","2","5","11","17","3","","2","0","1","0","0"
"POINT (13.420898644999999 52.509840650999998)","Unfall 238965 (2022) Kat:3, Licht: 2","238965","3","6","2","10","00","6","","2","1","1","0","0"
"POINT (13.417503473000099 52.513853443000102)","Unfall 238966 (2022) Kat:2, Licht: 2","238966","2","3","5","10","18","6","","2","1","0","0","0"
"POINT (13.196844542000100 52.513141750000003)","Unfall 238967 (2022) Kat:3, Licht: 1","238967","3","2","2","11","18","3","","1","0","1","0","0"
"POINT (13.363463891000000 52.481603094000000)","Unfall 238968 (2022) Kat:3, Licht: 0","238968","3","6","3","11","15","4","","0","1","1","0","0"
"POINT (13.325133602999999 52.501683120999999)","Unfall 238969 (2022) Kat:3, Licht: 0","238969","3","7","2","10","12","3","","0","0","1","0","0"