WKT,Name,OBJECTID,UKATEGORIE,UTYP1,UART,UMONAT,USTUNDE,UWOCHENTAG,STRZUSTAND,ULICHTVERH,ISTRAD,ISTPKW,ISTFUSS,ISTKRAD
"POINT (13.400540682000001 52.580427224000097)","Unfall 239157 (2022) Kat:3, Licht: 2","239157","3","1","0","10","06","3","","2","0","0","0","1"
"POINT (13.294530963000099 52.534668582000101)","Unfall 239158 (2022) Kat:3, Licht: 0","239158","3","6","2","11","10","1","","0","0","1","0","0"
"POINT (13.561640212000000 52.537900793000098)","Unfall 239159 (2022) Kat:3, Licht: 2","239159","3","5","1","11","18","3","","2","0","1","1","0"
"POINT (13.426014511000099 52.607511440000103)","Unfall 239160 (2022) Kat:2, Licht: 0","239160","2","2","5","10","10","6","","0","1","0","0","0"
"POINT (13.390148348000000 52.509456227999998)","Unfall 239161 (2022) Kat:3, Licht: 0","239161","3","3","5","11","09","6","","0","1","1","0","0"
"POINT (13.464717393999999 52.514565710000099)","Unfall 239162 (2022) Kat:3, Licht: 0","239162","3","3","0","11","15","3","","0","1","1","0","0"
"POINT (13.313560452000001 52.585712936999997)","Unfall 239163 (2022) Kat:3, Licht: 2","239163","3","6","3","10","06","1","","2","0","1","0","0"
"POINT (13.453858238000100 52.482448869000102)","Unfall 239164 (2022) Kat:3, Licht: 1","239164","3","3","5","11","16","5","","1","0","1","0","1"
"POINT (13.332323259000100 52.476258878000102)","Unfall 239165 (2022) Kat:3, Licht: 0","239165","3","3","5","10","08","4","","0","1","0","0","0"
"POINT (13.364377923000101 52.440156280000103)","Unfall 239166 (2022) Kat:1, Licht: 0","239166","1","7","6","11","16","4","","0","1","0","1","0"
"POINT (13.385608345000000 52.526995398000103)","Unfall 239167 (2022) Kat:3, Licht: 1","239167","3","7","5","11","16","7","","1","0","1","0","1"
"POINT (13.280435904000100 52.506364509000001)","Unfall 239168 (2022) Kat:3, Licht: 2","239168","3","3","5","10","21","6","","2","0","1","0","0"
"POINT (13.540410313000100 52.435006171000097)","Unfall 239169 (2022) Kat:2, Licht: 0","239169","2","4","6","10","10","1","","0","0","1","1","0"
"POINT (13.383152911000000 52.530488293000097)","Unfall 239170 (2022) Kat:3, Licht: 2","239170","3","4","6","11","19","6","","2","1","0","1","0"
"POINT (13.342673734000099 52.499743621000100)","Unfall 239171 (2022) Kat:2, Licht: 0","239171","2","3","0","10","14","2","","0","1","0","0","0"
"POINT (13.489136992000100 52.542345277999999)","Unfall 239172 (2022) Kat:3, Licht: 0","239172","3","6","2","11","13","7","","0","0","1","0","0"
"POINT (13.348106140000001 52.602727545999997)","Unfall 239173 (2022) Kat:3, Licht: 0","239173","3","4","6","11","09","2","","0","0","1","1","0"
"POINT (13.410449662000101 52.503465126999998)","Unfall 239174 (2022) Kat:3, Licht: 0","239174","3","2","5","11","16","2","","0","1","1","0","0"
"POINT (13.355180508000000 52.499421533000003)","Unfall 239175 (2022) Kat:3, Licht: 2","239175","3","6","2","10","03","5","","2","0","1","0","0"
"POINT (13.501198206000000 52.565087300000101)","Unfall 239176 (2022) Kat:3, Licht: 2","239176","3","6","2","11","18","5","","2","0","1","0","0"
"POINT (13.579686410000001 52.458959547000099)","Unfall 239177 (2022) Kat:3, Licht: 2","239177","3","2","6","10","17","1","","2","0","1","1","0"
"POINT (13.388236544000099 52.520496596999998)","Unfall 239178 (2022) Kat:3, Licht: 0","239178","3","6","3","11","08","5","","0","1","0","0","0"
"POINT (13.123549673000101 52.535196019000097)","Unfall 239179 (2022) Kat:3, Licht: 2","239179","3","1","9","12","17","5","","2","0","1","0","0"
"POINT (13.285873326999999 52.595049627999998)","Unfall 239180 (2022) Kat:3, Licht: 1","239180","3","1","0","10","08","3","","1","0","0","0","1"
"POINT (13.424122877000100 52.513344787000101)","Unfall 239181 (2022) Kat:3, Licht: 2","239181","3","3","5","11","19","6","","2","0","1","0","0"
"POINT (13.581520845000099 52.501514024000102)","Unfall 239182 (2022) Kat:2, Licht: 0","239182","2","3","5","11","08","5","","0","1","1","0","0"
"POINT (13.597558873000001 52.524492854000101)","Unfall 239183 (2022) Kat:3, Licht: 0","239183","3","3","5","11","13","3","","0","0","1","0","0"
"POINT (13.336512623000001 52.542123032000099)","Unfall 239184 (2022) Kat:3, Licht: 0","239184","3","2","5","11","07","6","","0","1","1","0","0"
"POINT (13.273733456000100 52.435868435000003)","Unfall 239185 (2022) Kat:3, Licht: 2","239185","3","4","6","11","17","7","","2","0","1","1","0"
"POINT (13.375684605000099 52.455289764000000)","Unfall 239186 (2022) Kat:3, Licht: 2","239186","3","1","0","11","05","3","","2","0","1","0","0"
"POINT (13.189828353000101 52.536860097000002)","Unfall 239187 (2022) Kat:2, Licht: 2","239187","2","1","0","10","00","6","","2","0","0","0","0"
"POINT (13.317647087000100 52.610399053000002)","Unfall 239188 (2022) Kat:3, Licht: 0","239188","3","7","2","10","10","6","","0","0","1","0","0"
"POINT (13.557631367999999 52.424492483999998)","Unfall 239189 (2022) Kat:3, Licht: 0","239189","3","3","5","11","11","3","","0","0","1","0","0"
"POINT (13.495174359000000 52.431498257000001)","Unfall 239190 (2022) Kat:3, Licht: 0","239190","3","6","2","12","09","5","","0","0","1","0","0"
"POINT (13.351420713000000 52.433662488000003)","Unfall 239191 (2022) Kat:3, Licht: 0","239191","3","6","0","10","16","2","","0","0","1","0","0"
"POINT (13.310360300000101 52.479009764000097)","Unfall 239192 (2022) Kat:3, Licht: 2","239192","3","2","5","11","18","1","","2","1","1","0","0"
"POINT (13.528407008000000 52.556804276999998)","Unfall 239193 (2022) Kat:3, Licht: 0","239193","3","6","2","10","08","4","","0","0","1","0","0"
"POINT (13.441887967000101 52.482881758000097)","Unfall 239194 (2022) Kat:3, Licht: 0","239194","3","7","0","11","12","2","","0","1","0","0","0"
"POINT (13.192127432000101 52.433703593000097)","Unfall 239195 (2022) Kat:3, Licht: 0","239195","3","2","6","10","09","5","","0","0","1","1","0"
"POINT (13.577363543000001 52.554546039000101)","Unfall 239196 (2022) Kat:3, Licht: 0","239196","3","7","0","11","07","5","","0","0","1","0","0"
"POINT (13.462911857000099 52.532372872000103)","Unfall 239197 (2022) Kat:3, Licht: 2","239197","3","2","5","11","05","4","","2","0","1","0","0"
"POINT (13.199552914000000 52.534683112000003)","Unfall 239198 (2022) Kat:3, Licht: 0","239198","3","2","5","10","11","1","","0","0","0","0","1"
"POINT (13.439106789000000 52.547318983000103)","Unfall 239199 (2022) Kat:3, Licht: 2","239199","3","2","5","11","05","4","","2","0","1","0","0"
"POINT (13.206926000000101 52.529134738000003)","Unfall 239200 (2022) Kat:3, Licht: 2","239200","3","6","2","12","17","5","","2","0","1","0","0"
"POINT (13.381456598000099 52.515175461000098)","Unfall 239201 (2022) Kat:3, Licht: 0","239201","3","2","6","10","17","3","","0","0","1","1","0"
"POINT (13.377087656000100 52.556600359000100)","Unfall 239202 (2022) Kat:3, Licht: 2","239202","3","2","5","11","20","5","","2","0","1","0","0"
"POINT (13.416861750000100 52.418258781000098)","Unfall 239203 (2022) Kat:3, Licht: 0","239203","3","3","5","10","14","1","","0","0","1","0","0"
"POINT (13.256635335000100 52.537314195000100)","Unfall 239204 (2022) Kat:2, Licht: 2","239204","2","1","1","11","16","5","","2","0","1","0","0"
"POINT (13.282862250999999 52.590968297000103)","Unfall 239205 (2022) Kat:3, Licht: 0","239205","3","7","6","10","14","2","","0","0","1","1","0"
"POINT (13.327682248000000 52.504582214999999)","Unfall 239206 (2022) Kat:3, Licht: 2","239206","3","6","2","11","18","6","","2","0","1","0","0"
"POINT (13.312175401999999 52.581698240999998)","Unfall 239207 (2022) Kat:3, Licht: 1","239207","3","6","2","11","15","2","","1","0","1","0","0"
"POINT (13.560263020000001 52.404647251000000)","Unfall 239208 (2022) Kat:3, Licht: 2","239208","3","5","1","11","19","4","","2","0","1","0","0"
"POINT (13.379626869999999 52.492596806999998)","Unfall 239209 (2022) Kat:3, Licht: 2","239209","3","3","5","10","05","6","","2","1","0","0","1"
"POINT (13.508736090000101 52.549945202000103)","Unfall 239210 (2022) Kat:3, Licht: 2","239210","3","1","8","10","04","7","","2","0","0","0","1"
"POINT (13.395456234999999 52.424397114000001)","Unfall 239211 (2022) Kat:3, Licht: 1","239211","3","2","5","11","15","3","","1","0","1","0","0"
"POINT (13.591485230000000 52.524937796000103)","Unfall 239212 (2022) Kat:3, Licht: 1","239212","3","5","1","11","16","4","","1","0","1","0","0"
"POINT (13.279164288000100 52.503636526999998)","Unfall 239213 (2022) Kat:2, Licht: 2","239213","2","2","5","10","05","3","","2","0","1","0","0"
"POINT (13.184647957999999 52.546983400999999)","Unfall 239214 (2022) Kat:3, Licht: 0","239214","3","5","1","11","12","1","","0","0","1","0","1"
"POINT (13.361465214000100 52.484483732999998)","Unfall 239215 (2022) Kat:3, Licht: 0","239215","3","5","0","10","08","4","","0","1","1","0","0"
"POINT (13.426400480000000 52.553815467000000)","Unfall 239216 (2022) Kat:3, Licht: 0","239216","3","7","1","11","14","5","","0","0","1","0","0"
"POINT (13.452429096000101 52.512476978999999)","Unfall 239217 (2022) Kat:3, Licht: 2","239217","3","2","5","11","17","4","","2","0","0","0","1"
"POINT (13.538852445000000 52.440024955000098)","Unfall 239218 (2022) Kat:2, Licht: 2","239218","2","1","1","11","05","7","","2","0","1","0","0"
"POINT (13.177525642000001 52.516957121000097)","Unfall 239219 (2022) Kat:3, Licht: 2","239219","3","2","2","10","18","2","","2","0","1","0","0"
"POINT (13.236208968000000 52.550138566999998)","Unfall 239220 (2022) Kat:3, Licht: 1","239220","3","6","4","11","05","6","","1","0","1","0","0"
"POINT (13.336923858000000 52.500849001000098)","Unfall 239221 (2022) Kat:3, Licht: 2","239221","3","2","5","11","18","2","","2","1","1","0","0"
"POINT (13.322062420000099 52.456586491000103)","Unfall 239222 (2022) Kat:3, Licht: 0","239222","3","4","6","10","14","5","","0","0","1","1","0"
"POINT (13.392815021000001 52.492043790000103)","Unfall 239223 (2022) Kat:3, Licht: 0","239223","3","3","5","11","13","2","","0","1","1","0","0"
"POINT (13.328613200000101 52.529412186999998)","Unfall 239224 (2022) Kat:3, Licht: 2","239224","3","4","6","10","19","7","","2","1","1","1","0"
"POINT (13.492097920000001 52.467328379999998)","Unfall 239225 (2022) Kat:3, Licht: 0","239225","3","3","5","11","15","3","","0","0","1","0","0"
"POINT (13.667643622000099 52.415179956000003)","Unfall 239226 (2022) Kat:3, Licht: 0","239226","3","4","6","10","14","2","","0","0","1","1","0"
"POINT (13.474507617000000 52.438875877000001)","Unfall 239227 (2022) Kat:3, Licht: 0","239227","3","2","2","11","13","7","","0","0","1","0","0"
"POINT (13.296463097000100 52.529217898000098)","Unfall 239228 (2022) Kat:3, Licht: 0","239228","3","2","5","10","17","3","","0","1","0","0","0"
"POINT (13.328638453000099 52.464822782000098)","Unfall 239229 (2022) Kat:3, Licht: 2","239229","3","4","6","11","18","1","","2","0","0","1","0"
"POINT (13.499521383000101 52.522380965000103)","Unfall 239230 (2022) Kat:3, Licht: 0","239230","3","1","0","11","13","3","","0","1","0","0","0"
"POINT (13.391377710000000 52.563471390000103)","Unfall 239231 (2022) Kat:3, Licht: 2","239231","3","6","2","10","19","6","","2","0","1","0","0"
"POINT (13.332065750000000 52.505896708000101)","Unfall 239232 (2022) Kat:3, Licht: 2","239232","3","5","1","11","19","5","","2","1","1","0","0"
"POINT (13.262663019000099 52.521122931999997)","Unfall 239233 (2022) Kat:3, Licht: 0","239233","3","6","2","10","08","1","","0","0","1","0","0"
"POINT (13.178158794000099 52.548707008000100)","Unfall 239234 (2022) Kat:2, Licht: 2","239234","2","2","6","11","16","5","","2","0","0","1","0"
"POINT (13.391050969000000 52.544655406000103)","Unfall 239235 (2022) Kat:3, Licht: 0","239235","3","7","7","10","08","5","","0","1","0","0","0"
"POINT (13.324258881000000 52.478742742000101)","Unfall 239236 (2022) Kat:3, Licht: 2","239236","3","2","5","11","18","7","","2","0","1","0","1"
"POINT (13.390999672000101 52.583696564000000)","Unfall 239237 (2022) Kat:2, Licht: 1","239237","2","3","5","10","18","6","","1","0","1","0","1"
"POINT (13.143664111000000 52.454403030000002)","Unfall 239238 (2022) Kat:3, Licht: 0","239238","3","3","0","10","10","7","","0","0","1","0","0"
"POINT (13.433699323000001 52.481913671000001)","Unfall 239239 (2022) Kat:3, Licht: 2","239239","3","3","5","11","21","6","","2","1","1","0","0"
"POINT (13.432554363000101 52.557719012000099)","Unfall 239240 (2022) Kat:3, Licht: 2","239240","3","3","5","10","05","2","","2","0","1","0","0"
"POINT (13.289485084000001 52.509412415000000)","Unfall 239241 (2022) Kat:2, Licht: 2","239241","2","1","0","11","02","7","","2","0","0","0","0"
"POINT (13.429317318000100 52.481318331000097)","Unfall 239242 (2022) Kat:2, Licht: 2","239242","2","2","6","11","23","4","","2","0","1","1","0"
"POINT (13.372035355000000 52.469836983000100)","Unfall 239243 (2022) Kat:3, Licht: 2","239243","3","2","5","11","00","7","","2","0","1","0","0"
"POINT (13.470253632000000 52.553649377000099)","Unfall 239244 (2022) Kat:3, Licht: 2","239244","3","2","5","11","16","2","","2","0","1","0","0"
"POINT (13.335712516999999 52.541723980000000)","Unfall 239245 (2022) Kat:3, Licht: 0","239245","3","6","3","10","16","4","","0","1","0","0","0"
"POINT (13.502003615000000 52.507019993000000)","Unfall 239246 (2022) Kat:3, Licht: 0","239246","3","3","5","11","13","4","","0","1","1","0","0"
"POINT (13.297813453000099 52.591224255999997)","Unfall 239247 (2022) Kat:3, Licht: 0","239247","3","7","2","10","11","6","","0","0","1","0","0"
"POINT (13.317310484000100 52.576281178000002)","Unfall 239248 (2022) Kat:3, Licht: 0","239248","3","2","5","11","14","3","","0","0","1","0","1"
"POINT (13.377553195000100 52.508172447000000)","Unfall 239249 (2022) Kat:3, Licht: 1","239249","3","4","6","12","07","6","","1","1","0","1","0"
"POINT (13.264402841000001 52.444082256000101)","Unfall 239250 (2022) Kat:3, Licht: 0","239250","3","3","5","10","15","3","","0","1","1","0","0"
"POINT (13.315893271000000 52.464560360000100)","Unfall 239251 (2022) Kat:3, Licht: 0","239251","3","6","2","11","13","1","","0","0","1","0","0"
"POINT (13.137227506000000 52.525482452000098)","Unfall 239252 (2022) Kat:3, Licht: 2","239252","3","6","3","11","16","4","","2","0","1","0","0"
"POINT (13.451116883999999 52.552298247000103)","Unfall 239253 (2022) Kat:3, Licht: 0","239253","3","6","4","11","10","5","","0","0","1","0","0"
"POINT (13.418222131000100 52.517378735000101)","Unfall 239254 (2022) Kat:3, Licht: 0","239254","3","2","5","11","15","3","","0","1","0","0","0"
"POINT (13.409074587000100 52.524574788000102)","Unfall 239255 (2022) Kat:3, Licht: 2","239255","3","2","3","11","21","6","","2","1","0","0","0"
"POINT (13.218326639000100 52.558646856000102)","Unfall 239256 (2022) Kat:3, Licht: 2","239256","3","1","0","11","01","7","","2","0","0","0","0"
"POINT (13.427731270000001 52.507559610000001)","Unfall 239257 (2022) Kat:3, Licht: 2","239257","3","2","5","11","16","3","","2","1","1","0","0"
"POINT (13.412704913000001 52.544404045000100)","Unfall 239258 (2022) Kat:3, Licht: 0","239258","3","2","5","10","16","5","","0","1","1","0","0"
"POINT (13.500954372000001 52.447448094999999)","Unfall 239259 (2022) Kat:3, Licht: 0","239259","3","7","2","11","14","2","","0","0","1","0","0"
"POINT (13.385069070000000 52.468589936000100)","Unfall 239260 (2022) Kat:3, Licht: 2","239260","3","4","6","11","17","4","","2","0","1","1","0"
"POINT (13.138977253000100 52.417230212000000)","Unfall 239261 (2022) Kat:3, Licht: 0","239261","3","2","5","10","17","2","","0","1","1","0","0"
"POINT (13.264628649000000 52.537139558000000)","Unfall 239262 (2022) Kat:2, Licht: 0","239262","2","7","0","11","13","7","","0","1","0","0","0"
"POINT (13.291386724000100 52.539727272999997)","Unfall 239263 (2022) Kat:2, Licht: 0","239263","2","6","4","10","08","3","","0","1","0","0","0"
"POINT (13.403148219000100 52.531946169000001)","Unfall 239264 (2022) Kat:3, Licht: 0","239264","3","1","0","11","09","1","","0","1","0","0","0"
"POINT (13.269892831000000 52.409155987000098)","Unfall 239265 (2022) Kat:2, Licht: 0","239265","2","1","4","11","07","4","","0","0","1","0","0"
"POINT (13.409139519000099 52.527345645000104)","Unfall 239266 (2022) Kat:3, Licht: 2","239266","3","7","6","11","06","6","","2","1","0","1","0"
"POINT (13.318889995000101 52.587562591000101)","Unfall 239267 (2022) Kat:3, Licht: 0","239267","3","5","1","11","15","3","","0","0","1","0","1"
"POINT (13.314119330000000 52.608886222000102)","Unfall 239268 (2022) Kat:3, Licht: 2","239268","3","2","5","10","05","1","","2","1","1","0","0"
"POINT (13.207283960000000 52.528964920000099)","Unfall 239269 (2022) Kat:3, Licht: 2","239269","3","2","5","11","17","5","","2","1","1","0","0"
"POINT (13.404387671000100 52.533102910000103)","Unfall 239270 (2022) Kat:3, Licht: 0","239270","3","3","5","10","07","5","","0","1","1","0","0"
"POINT (13.398268416000100 52.532536648000097)","Unfall 239271 (2022) Kat:3, Licht: 0","239271","3","1","0","11","08","2","","0","1","0","0","0"
"POINT (13.433666890000000 52.481875248999998)","Unfall 239272 (2022) Kat:3, Licht: 0","239272","3","3","5","10","13","7","","0","1","1","0","0"
"POINT (13.453223676000100 52.439742332999998)","Unfall 239273 (2022) Kat:3, Licht: 0","239273","3","2","5","11","08","3","","0","0","1","0","0"
"POINT (13.277087639000101 52.585070630000097)","Unfall 239274 (2022) Kat:3, Licht: 0","239274","3","3","5","10","12","2","","0","0","1","0","0"
"POINT (13.355056483000100 52.409606578000101)","Unfall 239275 (2022) Kat:3, Licht: 0","239275","3","2","0","11","11","6","","0","1","1","0","0"
"POINT (13.477007033000101 52.566985021999997)","Unfall 239276 (2022) Kat:2, Licht: 2","239276","2","2","5","10","19","2","","2","0","1","0","0"
"POINT (13.283821229000100 52.589519181000099)","Unfall 239277 (2022) Kat:3, Licht: 2","239277","3","1","0","11","17","7","","2","1","0","0","0"
"POINT (13.535183206000100 52.432291845000101)","Unfall 239278 (2022) Kat:2, Licht: 0","239278","2","2","5","11","11","3","","0","0","1","0","1"
"POINT (13.331024940000100 52.490620751999998)","Unfall 239279 (2022) Kat:3, Licht: 0","239279","3","6","2","10","13","5","","0","0","1","0","0"
"POINT (13.411063055000101 52.580716509000098)","Unfall 239280 (2022) Kat:2, Licht: 0","239280","2","5","1","11","14","5","","0","1","1","0","0"
"POINT (13.577148184000100 52.444134683000101)","Unfall 239281 (2022) Kat:3, Licht: 2","239281","3","6","3","10","19","7","","2","0","1","0","1"
"POINT (13.286816694000001 52.495825373999999)","Unfall 239282 (2022) Kat:3, Licht: 2","239282","3","2","5","11","16","5","","2","0","1","0","0"
"POINT (13.403129076000001 52.521467008999998)","Unfall 239283 (2022) Kat:3, Licht: 0","239283","3","2","2","11","15","4","","0","0","1","0","0"
"POINT (13.407757707000000 52.539302882000101)","Unfall 239284 (2022) Kat:3, Licht: 2","239284","3","6","4","11","05","6","","2","1","0","0","0"
"POINT (13.345476237000099 52.554533419999999)","Unfall 239285 (2022) Kat:3, Licht: 0","239285","3","6","2","10","13","2","","0","0","1","0","0"
"POINT (13.473782664000099 52.474995546000102)","Unfall 239286 (2022) Kat:3, Licht: 2","239286","3","2","5","11","22","5","","2","0","1","0","0"
"POINT (13.494795679999999 52.545457043000098)","Unfall 239287 (2022) Kat:3, Licht: 0","239287","3","6","2","10","10","5","","0","0","1","0","0"
"POINT (13.329788653000000 52.428987354000100)","Unfall 239288 (2022) Kat:3, Licht: 0","239288","3","2","5","11","10","2","","0","0","1","0","0"
"POINT (13.565033814000101 52.474268235000103)","Unfall 239289 (2022) Kat:2, Licht: 0","239289","2","3","5","10","16","7","","0","1","1","0","0"
"POINT (13.328318432000099 52.508000149000097)","Unfall 239290 (2022) Kat:3, Licht: 2","239290","3","2","5","11","18","3","","2","1","1","0","0"
"POINT (13.267802679000100 52.428937792000099)","Unfall 239291 (2022) Kat:3, Licht: 0","239291","3","3","5","10","10","2","","0","0","1","0","1"
"POINT (13.399913373000100 52.498290585000099)","Unfall 239292 (2022) Kat:3, Licht: 2","239292","3","7","0","11","19","7","","2","1","0","0","0"
"POINT (13.402439216000101 52.511886535000002)","Unfall 239293 (2022) Kat:3, Licht: 2","239293","3","6","3","10","19","3","","2","0","1","0","1"
"POINT (13.363483899000100 52.580825655000098)","Unfall 239294 (2022) Kat:3, Licht: 0","239294","3","2","2","11","14","1","","0","0","1","0","0"
"POINT (13.209128246000001 52.546586490000003)","Unfall 239295 (2022) Kat:3, Licht: 0","239295","3","3","5","11","16","3","","0","0","1","0","1"
"POINT (13.285707758000100 52.482890333000100)","Unfall 239296 (2022) Kat:3, Licht: 0","239296","3","3","0","10","17","5","","0","0","1","0","1"
"POINT (13.333249028000100 52.481862827000000)","Unfall 239297 (2022) Kat:3, Licht: 0","239297","3","5","5","11","08","6","","0","1","1","0","0"
"POINT (13.453297765000100 52.465309382000001)","Unfall 239298 (2022) Kat:3, Licht: 0","239298","3","6","3","11","08","3","","0","0","1","0","0"
"POINT (13.337655129000000 52.460975663000099)","Unfall 239299 (2022) Kat:3, Licht: 0","239299","3","1","0","10","13","1","","0","0","1","0","0"
"POINT (13.414470967000099 52.507798697000098)","Unfall 239300 (2022) Kat:3, Licht: 0","239300","3","6","2","11","08","5","","0","1","1","0","0"
"POINT (13.321628895000099 52.518586879000097)","Unfall 239301 (2022) Kat:3, Licht: 0","239301","3","5","1","10","07","4","","0","0","1","0","0"
"POINT (13.280208652000100 52.518482784000099)","Unfall 239302 (2022) Kat:3, Licht: 2","239302","3","2","2","11","21","7","","2","0","1","0","0"
"POINT (13.394635549000000 52.524543952000002)","Unfall 239303 (2022) Kat:3, Licht: 2","239303","3","1","0","10","03","7","","2","1","0","0","0"
"POINT (13.450494859000100 52.489260493000103)","Unfall 239304 (2022) Kat:3, Licht: 2","239304","3","4","6","10","01","1","","2","0","1","1","0"
"POINT (13.513649336000100 52.505493991000002)","Unfall 239305 (2022) Kat:3, Licht: 0","239305","3","3","5","11","15","6","","0","0","1","0","0"
"POINT (13.307949954000000 52.556595769000097)","Unfall 239306 (2022) Kat:3, Licht: 2","239306","3","6","2","10","18","2","","2","0","1","0","0"
"POINT (13.480410352000000 52.460332708000102)","Unfall 239307 (2022) Kat:3, Licht: 2","239307","3","2","2","11","15","6","","2","0","1","0","0"
"POINT (13.383961651000000 52.548764345999999)","Unfall 239308 (2022) Kat:3, Licht: 1","239308","3","3","5","11","17","4","","1","1","1","0","0"
"POINT (13.195149719000000 52.528232495000097)","Unfall 239309 (2022) Kat:3, Licht: 0","239309","3","5","1","11","15","7","","0","0","1","0","0"
"POINT (13.406409300000099 52.502514024000000)","Unfall 239310 (2022) Kat:3, Licht: 0","239310","3","3","5","11","11","3","","0","0","1","0","0"
"POINT (13.324128625000100 52.601209634000000)","Unfall 239311 (2022) Kat:3, Licht: 2","239311","3","3","5","11","05","3","","2","1","1","0","0"
"POINT (13.426591901000100 52.485408786000100)","Unfall 239312 (2022) Kat:3, Licht: 0","239312","3","7","5","10","14","4","","0","0","1","0","0"
"POINT (13.290147760000000 52.482356398000000)","Unfall 239313 (2022) Kat:3, Licht: 2","239313","3","6","2","11","18","4","","2","0","1","0","1"
"POINT (13.309667477000101 52.500350981000103)","Unfall 239314 (2022) Kat:3, Licht: 2","239314","3","1","9","10","22","6","","2","1","0","0","0"
"POINT (13.334953485000000 52.595644317000101)","Unfall 239315 (2022) Kat:3, Licht: 0","239315","3","6","3","11","13","3","","0","0","1","0","0"
"POINT (13.504793693000099 52.629989398000099)","Unfall 239316 (2022) Kat:3, Licht: 2","239316","3","2","6","12","05","6","","2","0","1","1","0"
"POINT (13.327645190000100 52.564079409999998)","Unfall 239317 (2022) Kat:3, Licht: 0","239317","3","6","2","10","15","3","","0","0","1","0","1"
"POINT (13.373494847000099 52.520169295000102)","Unfall 239318 (2022) Kat:3, Licht: 2","239318","3","5","1","11","16","2","","2","1","1","0","0"
"POINT (13.604340662000000 52.538665989000002)","Unfall 239319 (2022) Kat:3, Licht: 0","239319","3","2","5","11","08","5","","0","0","1","0","0"
"POINT (13.447209255000100 52.517550233000101)","Unfall 239320 (2022) Kat:3, Licht: 0","239320","3","7","7","11","15","4","","0","1","0","0","0"
"POINT (13.398251658000000 52.419511967000098)","Unfall 239321 (2022) Kat:2, Licht: 2","239321","2","4","6","11","17","5","","2","0","1","1","0"
"POINT (13.428596792000100 52.583299619000101)","Unfall 239322 (2022) Kat:3, Licht: 2","239322","3","6","3","10","20","2","","2","0","1","0","0"
"POINT (13.309225588000100 52.506431190999997)","Unfall 239323 (2022) Kat:3, Licht: 2","239323","3","2","6","11","19","5","","2","0","1","1","0"
"POINT (13.328459956000099 52.565466214000097)","Unfall 239324 (2022) Kat:3, Licht: 0","239324","3","3","5","11","15","3","","0","0","1","0","0"
"POINT (13.374095117000000 52.503841839000103)","Unfall 239325 (2022) Kat:3, Licht: 0","239325","3","2","2","10","12","6","","0","0","1","0","0"
"POINT (13.375774820000100 52.528425287000097)","Unfall 239326 (2022) Kat:3, Licht: 0","239326","3","6","2","11","08","3","","0","0","1","0","0"
"POINT (13.542911010000100 52.542425753000003)","Unfall 239327 (2022) Kat:3, Licht: 0","239327","3","2","2","10","15","1","","0","0","1","0","0"
"POINT (13.420802658000101 52.509865902999998)","Unfall 239328 (2022) Kat:3, Licht: 2","239328","3","6","2","11","17","4","","2","0","1","0","0"
"POINT (13.361391219000000 52.479899305000103)","Unfall 239329 (2022) Kat:3, Licht: 0","239329","3","7","6","10","11","2","","0","1","0","1","0"
"POINT (13.326741108000000 52.463043869000003)","Unfall 239330 (2022) Kat:3, Licht: 0","239330","3","2","5","11","10","6","","0","0","1","0","0"
"POINT (13.382865213000100 52.438244062000102)","Unfall 239331 (2022) Kat:3, Licht: 0","239331","3","3","5","10","17","3","","0","0","1","0","0"
"POINT (13.499636218999999 52.534202806000103)","Unfall 239332 (2022) Kat:2, Licht: 0","239332","2","3","5","11","09","1","","0","0","1","0","0"
"POINT (13.401412273000100 52.386684025000100)","Unfall 239333 (2022) Kat:2, Licht: 0","239333","2","4","6","11","15","3","","0","0","0","1","0"
"POINT (13.300392020000100 52.500378837000000)","Unfall 239334 (2022) Kat:3, Licht: 2","239334","3","2","5","11","20","6","","2","1","1","0","0"
"POINT (13.281500399000000 52.512842965000097)","Unfall 239335 (2022) Kat:3, Licht: 0","239335","3","2","5","11","08","4","","0","0","1","0","0"
"POINT (13.414929153999999 52.572357688000103)","Unfall 239336 (2022) Kat:3, Licht: 2","239336","3","7","0","10","19","1","","2","0","1","0","0"
"POINT (13.406536335000100 52.393763287000098)","Unfall 239337 (2022) Kat:2, Licht: 2","239337","2","6","2","11","20","5","","2","0","1","0","0"
"POINT (13.332859147000001 52.458102503000099)","Unfall 239338 (2022) Kat:3, Licht: 0","239338","3","6","2","10","15","5","","0","0","1","0","0"
"POINT (13.404647491000000 52.507963674999999)","Unfall 239339 (2022) Kat:3, Licht: 2","239339","3","4","6","11","18","1","","2","0","1","1","0"
"POINT (13.288891786000001 52.511490401000103)","Unfall 239340 (2022) Kat:2, Licht: 0","239340","2","2","5","10","15","7","","0","0","1","0","1"
"POINT (13.284419980000100 52.487314717000103)","Unfall 239341 (2022) Kat:3, Licht: 2","239341","3","4","6","11","18","3","","2","1","0","1","0"
"POINT (13.505265469000101 52.444756421000100)","Unfall 239342 (2022) Kat:3, Licht: 0","239342","3","1","0","10","17","2","","0","1","0","0","0"
"POINT (13.501440683000100 52.515417118000101)","Unfall 239343 (2022) Kat:3, Licht: 0","239343","3","2","6","11","15","6","","0","0","1","1","0"