WKT,Name,OBJECTID,UKATEGORIE,UTYP1,UART,UMONAT,USTUNDE,UWOCHENTAG,STRZUSTAND,ULICHTVERH,ISTRAD,ISTPKW,ISTFUSS,ISTKRAD
"POINT (13.351448705999999 52.440072526000101)","Unfall 239530 (2022) Kat:3, Licht: 2","239530","3","2","5","11","16","4","","2","1","1","0","0"
"POINT (13.314173767000099 52.507989760000001)","Unfall 239531 (2022) Kat:3, Licht: 0","239531","3","6","2","10","08","4","","0","0","1","0","0"
"POINT (13.531939046000000 52.484166625000100)","Unfall 239532 (2022) Kat:3, Licht: 2","239532","3","3","5","11","17","7","","2","0","1","0","0"
"POINT (13.356966183999999 52.523812300000003)","Unfall 239533 (2022) Kat:3, Licht: 0","239533","3","3","5","10","17","6","","0","0","1","0","0"
"POINT (13.523970924000000 52.513140170000000)","Unfall 239534 (2022) Kat:2, Licht: 2","239534","2","7","0","10","22","1","","2","0","0","0","0"
"POINT (13.400182690000101 52.509516113000103)","Unfall 239535 (2022) Kat:3, Licht: 0","239535","3","2","5","11","10","6","","0","1","1","0","0"
"POINT (13.380942115000000 52.516371209000098)","Unfall 239536 (2022) Kat:3, Licht: 0","239536","3","2","5","10","16","2","","0","1","1","0","0"
"POINT (13.404241869000000 52.533165637000103)","Unfall 239537 (2022) Kat:3, Licht: 2","239537","3","2","6","11","01","7","","2","0","1","1","0"
"POINT (13.543310057999999 52.534173974000097)","Unfall 239538 (2022) Kat:3, Licht: 2","239538","3","3","5","11","20","7","","2","0","1","0","0"
"POINT (13.216390749000000 52.560573904000101)","Unfall 239539 (2022) Kat:3, Licht: 1","239539","3","3","5","11","16","4","","1","0","1","0","0"
"POINT (13.398915015000100 52.443642121000003)","Unfall 239540 (2022) Kat:3, Licht: 0","239540","3","1","0","11","14","3","","0","0","0","0","1"
"POINT (13.354312413000100 52.483528102000001)","Unfall 239541 (2022) Kat:3, Licht: 0","239541","3","7","5","10","16","4","","0","0","1","0","1"
"POINT (13.406857506000099 52.530007691000002)","Unfall 239542 (2022) Kat:3, Licht: 0","239542","3","5","5","11","09","5","","0","0","1","0","0"
"POINT (13.165690610000100 52.551757780999999)","Unfall 239543 (2022) Kat:2, Licht: 0","239543","2","4","6","10","10","6","","0","1","0","1","0"
"POINT (13.349601577000000 52.493681768999998)","Unfall 239544 (2022) Kat:3, Licht: 2","239544","3","5","2","11","19","3","","2","1","1","0","0"
"POINT (13.362267350000000 52.491932383000098)","Unfall 239545 (2022) Kat:3, Licht: 2","239545","3","5","1","12","19","5","","2","0","1","0","0"
"POINT (13.478791624000101 52.533288394000103)","Unfall 239546 (2022) Kat:2, Licht: 0","239546","2","6","2","10","09","3","","0","0","1","0","0"
"POINT (13.437332331000100 52.493382602000104)","Unfall 239547 (2022) Kat:2, Licht: 2","239547","2","2","6","11","19","2","","2","0","0","1","0"
"POINT (13.195626902000100 52.533417032999999)","Unfall 239548 (2022) Kat:3, Licht: 0","239548","3","3","5","11","12","5","","0","0","1","0","0"
"POINT (13.444686052000099 52.579069155000099)","Unfall 239549 (2022) Kat:2, Licht: 0","239549","2","3","5","11","12","5","","0","0","1","0","0"
"POINT (13.394663803000100 52.524536775999998)","Unfall 239550 (2022) Kat:3, Licht: 0","239550","3","7","0","11","13","3","","0","1","0","0","0"
"POINT (13.418092786000001 52.526230745000099)","Unfall 239551 (2022) Kat:3, Licht: 0","239551","3","3","5","11","14","7","","0","1","1","0","0"
"POINT (13.429883970000001 52.495146876000000)","Unfall 239552 (2022) Kat:3, Licht: 1","239552","3","6","0","10","18","6","","1","1","1","0","0"
"POINT (13.399547183999999 52.490685461000098)","Unfall 239553 (2022) Kat:3, Licht: 0","239553","3","1","1","10","08","2","","0","1","1","0","0"
"POINT (13.303739039000000 52.525522920000100)","Unfall 239554 (2022) Kat:3, Licht: 2","239554","3","3","5","11","16","6","","2","0","1","0","0"
"POINT (13.400363093000101 52.539489330999999)","Unfall 239555 (2022) Kat:3, Licht: 0","239555","3","1","0","10","10","2","","0","0","0","0","1"
"POINT (13.431243902000100 52.421741484000101)","Unfall 239556 (2022) Kat:3, Licht: 2","239556","3","7","0","11","16","6","","2","0","1","0","0"
"POINT (13.430360954999999 52.442814050000003)","Unfall 239557 (2022) Kat:3, Licht: 0","239557","3","3","5","11","11","1","","0","1","1","0","0"
"POINT (13.526109821000000 52.536925573000097)","Unfall 239558 (2022) Kat:2, Licht: 2","239558","2","7","6","11","18","2","","2","0","0","1","0"
"POINT (13.610051923000100 52.534184951999997)","Unfall 239559 (2022) Kat:3, Licht: 2","239559","3","3","5","10","18","5","","2","0","1","0","0"
"POINT (13.398298404000100 52.465090895000102)","Unfall 239560 (2022) Kat:3, Licht: 1","239560","3","6","3","11","08","4","","1","0","1","0","1"
"POINT (13.467852288000101 52.546472622000103)","Unfall 239561 (2022) Kat:3, Licht: 0","239561","3","2","5","10","12","1","","0","0","1","0","1"
"POINT (13.494489585000100 52.612537488000001)","Unfall 239562 (2022) Kat:3, Licht: 0","239562","3","4","6","11","09","4","","0","0","1","1","0"
"POINT (13.327890764000101 52.602606593000097)","Unfall 239563 (2022) Kat:3, Licht: 0","239563","3","7","0","12","12","5","","0","0","1","0","0"
"POINT (13.342992348000100 52.525463838000100)","Unfall 239564 (2022) Kat:3, Licht: 0","239564","3","2","5","10","18","3","","0","1","0","0","0"
"POINT (13.471286750999999 52.466197947000097)","Unfall 239565 (2022) Kat:3, Licht: 0","239565","3","7","6","11","15","2","","0","0","1","1","0"
"POINT (13.449432442000001 52.443951733000098)","Unfall 239566 (2022) Kat:3, Licht: 2","239566","3","3","5","11","22","6","","2","0","1","0","0"
"POINT (13.268581735000099 52.405652801000002)","Unfall 239567 (2022) Kat:3, Licht: 0","239567","3","2","5","11","14","5","","0","1","1","0","0"
"POINT (13.592579719000099 52.547533798000103)","Unfall 239568 (2022) Kat:3, Licht: 0","239568","3","7","5","11","09","3","","0","0","1","0","0"
"POINT (13.422408868000000 52.499181008000100)","Unfall 239569 (2022) Kat:2, Licht: 0","239569","2","3","5","11","11","6","","0","1","0","0","0"
"POINT (13.197673524000001 52.520348795000103)","Unfall 239570 (2022) Kat:3, Licht: 2","239570","3","3","5","11","21","6","","2","0","1","0","0"
"POINT (13.368014308000101 52.587029434999998)","Unfall 239571 (2022) Kat:3, Licht: 2","239571","3","7","0","11","20","3","","2","0","1","0","0"
"POINT (13.333064468000000 52.492854155000003)","Unfall 239572 (2022) Kat:3, Licht: 0","239572","3","7","0","10","16","5","","0","1","0","0","0"
"POINT (13.464810236000099 52.429751054000100)","Unfall 239573 (2022) Kat:3, Licht: 1","239573","3","6","2","10","17","6","","1","0","1","0","0"
"POINT (13.439775442000000 52.473703151000102)","Unfall 239574 (2022) Kat:3, Licht: 2","239574","3","7","5","11","18","3","","2","1","1","0","0"
"POINT (13.314508837000099 52.430568193000099)","Unfall 239575 (2022) Kat:3, Licht: 0","239575","3","6","0","12","07","5","","0","0","1","0","0"
"POINT (13.414461187000001 52.491524095999999)","Unfall 239576 (2022) Kat:3, Licht: 0","239576","3","6","2","10","14","3","","0","0","1","0","0"
"POINT (13.350344185000001 52.414350040000002)","Unfall 239577 (2022) Kat:3, Licht: 0","239577","3","2","5","11","12","2","","0","1","1","0","0"
"POINT (13.434702908000100 52.465930533000098)","Unfall 239578 (2022) Kat:3, Licht: 0","239578","3","3","5","10","08","4","","0","0","1","0","1"
"POINT (13.508364525999999 52.499760209000002)","Unfall 239579 (2022) Kat:3, Licht: 0","239579","3","2","6","11","12","4","","0","0","1","1","0"
"POINT (13.406877684000101 52.525562731000001)","Unfall 239580 (2022) Kat:3, Licht: 2","239580","3","5","1","11","17","4","","2","1","1","0","0"
"POINT (13.443796858000001 52.479966474999998)","Unfall 239581 (2022) Kat:3, Licht: 2","239581","3","6","0","11","18","7","","2","0","0","0","0"
"POINT (13.568577205000100 52.569460096000100)","Unfall 239582 (2022) Kat:3, Licht: 2","239582","3","3","5","11","18","3","","2","0","1","0","0"
"POINT (13.447070172000100 52.498317038000003)","Unfall 239583 (2022) Kat:3, Licht: 0","239583","3","2","5","10","12","2","","0","1","1","0","0"
"POINT (13.560950973000001 52.492254612000103)","Unfall 239584 (2022) Kat:3, Licht: 2","239584","3","7","6","11","18","5","","2","0","1","1","0"
"POINT (13.383459571000101 52.503675586000000)","Unfall 239585 (2022) Kat:3, Licht: 0","239585","3","7","6","10","08","5","","0","1","0","1","0"
"POINT (13.455077857999999 52.430061970000096)","Unfall 239586 (2022) Kat:3, Licht: 0","239586","3","7","6","11","15","2","","0","0","0","1","0"
"POINT (13.285681480999999 52.494988128000003)","Unfall 239587 (2022) Kat:3, Licht: 1","239587","3","2","5","10","17","1","","1","0","1","0","0"
"POINT (13.319641091000101 52.611375506999998)","Unfall 239588 (2022) Kat:3, Licht: 0","239588","3","6","1","11","09","3","","0","1","1","0","0"
"POINT (13.338617724000100 52.431596282999998)","Unfall 239589 (2022) Kat:3, Licht: 0","239589","3","7","2","10","15","2","","0","0","1","0","1"
"POINT (13.331342234999999 52.483919518000100)","Unfall 239590 (2022) Kat:3, Licht: 0","239590","3","3","0","11","14","6","","0","1","1","0","0"
"POINT (13.493410003000101 52.544585363000103)","Unfall 239591 (2022) Kat:3, Licht: 0","239591","3","5","0","10","16","3","","0","1","1","0","0"
"POINT (13.375457217000100 52.540318092000099)","Unfall 239592 (2022) Kat:3, Licht: 2","239592","3","3","5","11","21","6","","2","0","1","0","0"
"POINT (13.371934890000000 52.520755025000000)","Unfall 239593 (2022) Kat:3, Licht: 0","239593","3","6","2","11","15","3","","0","0","1","0","0"
"POINT (13.437579357000100 52.478909972000103)","Unfall 239594 (2022) Kat:3, Licht: 0","239594","3","4","6","10","19","5","","0","0","0","1","0"
"POINT (13.412633542000000 52.531532565000099)","Unfall 239595 (2022) Kat:3, Licht: 0","239595","3","6","4","11","14","5","","0","1","0","0","0"
"POINT (13.339166256000100 52.597240044999999)","Unfall 239596 (2022) Kat:2, Licht: 0","239596","2","3","5","10","13","7","","0","0","1","0","0"
"POINT (13.259600926000100 52.445447381000101)","Unfall 239597 (2022) Kat:3, Licht: 0","239597","3","5","1","11","07","5","","0","0","1","0","0"
"POINT (13.440641958000100 52.517123740999999)","Unfall 239598 (2022) Kat:3, Licht: 2","239598","3","3","5","12","19","6","","2","0","1","0","0"
"POINT (13.299098870000000 52.506913628000099)","Unfall 239599 (2022) Kat:3, Licht: 0","239599","3","2","6","10","15","4","","0","0","1","1","0"
"POINT (13.124514484000001 52.528882818000099)","Unfall 239600 (2022) Kat:3, Licht: 2","239600","3","2","5","11","23","3","","2","0","1","0","0"
"POINT (13.618241838000101 52.521079787000097)","Unfall 239601 (2022) Kat:2, Licht: 2","239601","2","4","6","10","20","6","","2","0","1","1","0"
"POINT (13.178185860999999 52.548982647999999)","Unfall 239602 (2022) Kat:3, Licht: 0","239602","3","4","6","10","13","7","","0","0","1","1","0"
"POINT (13.329753715000001 52.523879041000001)","Unfall 239603 (2022) Kat:3, Licht: 0","239603","3","2","5","11","12","5","","0","0","0","0","0"
"POINT (13.292577186000100 52.518317101000001)","Unfall 239604 (2022) Kat:3, Licht: 0","239604","3","7","1","10","16","2","","0","0","1","0","1"
"POINT (13.323320336000100 52.493473002000002)","Unfall 239605 (2022) Kat:2, Licht: 2","239605","2","2","5","11","16","6","","2","1","1","0","0"
"POINT (13.327594587000000 52.524307407999999)","Unfall 239606 (2022) Kat:3, Licht: 2","239606","3","2","6","11","18","7","","2","0","1","1","0"
"POINT (13.324582620999999 52.497949064000103)","Unfall 239607 (2022) Kat:3, Licht: 0","239607","3","3","5","11","11","4","","0","1","1","0","0"
"POINT (13.264794199000100 52.536832007000001)","Unfall 239608 (2022) Kat:3, Licht: 0","239608","3","2","5","11","12","2","","0","0","1","0","0"
"POINT (13.282930635000101 52.420302173000003)","Unfall 239609 (2022) Kat:3, Licht: 0","239609","3","5","1","10","12","4","","0","1","1","0","0"
"POINT (13.421779695000099 52.394895512000097)","Unfall 239610 (2022) Kat:3, Licht: 0","239610","3","5","1","11","15","5","","0","1","1","0","0"
"POINT (13.353869886000000 52.499887359000098)","Unfall 239611 (2022) Kat:3, Licht: 0","239611","3","2","5","10","13","6","","0","0","1","0","1"
"POINT (13.415323567000000 52.526889712000099)","Unfall 239612 (2022) Kat:3, Licht: 1","239612","3","2","6","11","18","3","","1","0","1","1","0"
"POINT (13.388609453000100 52.561377896000103)","Unfall 239613 (2022) Kat:3, Licht: 2","239613","3","2","5","12","17","5","","2","1","1","0","0"
"POINT (13.415902895000000 52.527018150000103)","Unfall 239614 (2022) Kat:3, Licht: 0","239614","3","3","0","10","09","3","","0","0","0","0","0"
"POINT (13.392425616000001 52.524373336000103)","Unfall 239615 (2022) Kat:3, Licht: 2","239615","3","3","5","11","23","2","","2","0","1","0","0"
"POINT (13.457128125000100 52.535722090000000)","Unfall 239616 (2022) Kat:3, Licht: 0","239616","3","3","5","11","15","5","","0","0","1","0","0"
"POINT (13.316133105000100 52.497735856000098)","Unfall 239617 (2022) Kat:3, Licht: 2","239617","3","1","0","11","03","6","","2","0","0","0","0"
"POINT (13.393624210000000 52.528696390000100)","Unfall 239618 (2022) Kat:3, Licht: 0","239618","3","1","0","11","13","4","","0","0","0","0","1"
"POINT (13.329547104000000 52.443064571999997)","Unfall 239619 (2022) Kat:3, Licht: 1","239619","3","7","6","10","16","2","","1","0","0","1","0"
"POINT (13.502916303000100 52.515157791000000)","Unfall 239620 (2022) Kat:3, Licht: 0","239620","3","3","5","11","14","6","","0","0","1","0","0"
"POINT (13.360274256000000 52.477118894000100)","Unfall 239621 (2022) Kat:3, Licht: 2","239621","3","2","6","11","19","3","","2","0","1","1","0"
"POINT (13.293119611000099 52.446647425999998)","Unfall 239622 (2022) Kat:3, Licht: 0","239622","3","2","2","10","08","6","","0","0","1","0","0"
"POINT (13.440663640000000 52.517200229000103)","Unfall 239623 (2022) Kat:3, Licht: 2","239623","3","2","5","11","22","2","","2","0","1","0","0"
"POINT (13.612338446000001 52.511329027000002)","Unfall 239624 (2022) Kat:3, Licht: 0","239624","3","3","5","10","14","1","","0","0","1","0","0"
"POINT (13.343685794000100 52.546297379000102)","Unfall 239625 (2022) Kat:3, Licht: 0","239625","3","2","5","11","09","3","","0","1","1","0","0"
"POINT (13.384478957000100 52.515343811999998)","Unfall 239626 (2022) Kat:3, Licht: 1","239626","3","7","0","10","18","2","","1","1","0","0","0"
"POINT (13.356287266000001 52.545713628000001)","Unfall 239627 (2022) Kat:3, Licht: 0","239627","3","2","5","11","11","7","","0","0","1","0","1"
"POINT (13.401137506000101 52.565645949999997)","Unfall 239628 (2022) Kat:3, Licht: 0","239628","3","7","2","10","16","3","","0","0","1","0","0"
"POINT (13.184703851000100 52.548035788000000)","Unfall 239629 (2022) Kat:3, Licht: 0","239629","3","6","3","11","15","2","","0","1","0","0","0"
"POINT (13.361838773000001 52.553092145999997)","Unfall 239630 (2022) Kat:3, Licht: 0","239630","3","3","5","11","07","3","","0","0","0","0","1"
"POINT (13.410701134000000 52.497242702000101)","Unfall 239631 (2022) Kat:3, Licht: 0","239631","3","3","5","11","09","6","","0","1","1","0","0"
"POINT (13.331306065000000 52.443509715000097)","Unfall 239632 (2022) Kat:3, Licht: 0","239632","3","3","5","11","14","3","","0","0","1","0","1"
"POINT (13.546582455000101 52.426386384000097)","Unfall 239633 (2022) Kat:2, Licht: 1","239633","2","1","9","10","06","2","","1","0","1","0","0"
"POINT (13.325935785000100 52.509291500000103)","Unfall 239634 (2022) Kat:3, Licht: 0","239634","3","7","5","11","14","5","","0","0","1","0","0"
"POINT (13.595130983000001 52.544278734999999)","Unfall 239635 (2022) Kat:3, Licht: 0","239635","3","6","2","10","12","5","","0","0","1","0","0"
"POINT (13.499728699000100 52.534310833000099)","Unfall 239636 (2022) Kat:3, Licht: 1","239636","3","2","5","11","15","6","","1","0","1","0","1"
"POINT (13.334761014000000 52.587537812999997)","Unfall 239637 (2022) Kat:2, Licht: 2","239637","2","2","5","11","07","6","","2","1","1","0","0"
"POINT (13.255574900999999 52.534874115999997)","Unfall 239638 (2022) Kat:3, Licht: 0","239638","3","7","4","11","12","2","","0","0","1","0","0"
"POINT (13.262415891000000 52.430117589000098)","Unfall 239639 (2022) Kat:3, Licht: 0","239639","3","7","0","10","08","6","","0","1","0","0","0"
"POINT (13.268285045000001 52.406437037000003)","Unfall 239640 (2022) Kat:3, Licht: 1","239640","3","2","5","11","06","2","","1","1","1","0","0"
"POINT (13.485081536000100 52.502286593000100)","Unfall 239641 (2022) Kat:3, Licht: 0","239641","3","3","5","11","13","4","","0","1","0","0","0"
"POINT (13.331567195000000 52.527056586000100)","Unfall 239642 (2022) Kat:3, Licht: 0","239642","3","5","1","10","07","2","","0","1","1","0","0"
"POINT (13.324774274999999 52.541786108000103)","Unfall 239643 (2022) Kat:3, Licht: 2","239643","3","6","4","11","17","7","","2","0","1","0","1"
"POINT (13.308226076000000 52.488351980000097)","Unfall 239644 (2022) Kat:3, Licht: 0","239644","3","6","2","10","09","4","","0","0","1","0","0"
"POINT (13.200472594000100 52.538688314000098)","Unfall 239645 (2022) Kat:3, Licht: 2","239645","3","2","6","11","03","1","","2","0","1","1","0"
"POINT (13.324951640000100 52.500433063999999)","Unfall 239646 (2022) Kat:3, Licht: 2","239646","3","5","1","11","18","4","","2","1","1","0","0"
"POINT (13.541387608000001 52.534547971000102)","Unfall 239647 (2022) Kat:3, Licht: 0","239647","3","3","5","11","10","7","","0","1","1","0","0"
"POINT (13.348293908000100 52.548314934000103)","Unfall 239648 (2022) Kat:3, Licht: 0","239648","3","6","2","11","13","4","","0","0","1","0","0"
"POINT (13.448365118000000 52.427454291000103)","Unfall 239649 (2022) Kat:2, Licht: 0","239649","2","2","5","10","14","2","","0","0","1","0","0"
"POINT (13.291594228000100 52.595998371000100)","Unfall 239650 (2022) Kat:3, Licht: 2","239650","3","2","5","11","17","5","","2","0","1","0","0"
"POINT (13.383742215000000 52.530763443000097)","Unfall 239651 (2022) Kat:3, Licht: 0","239651","3","6","2","10","14","5","","0","1","1","0","0"
"POINT (13.359499032000000 52.586691927000103)","Unfall 239652 (2022) Kat:3, Licht: 2","239652","3","1","0","11","05","7","","2","0","0","0","0"
"POINT (13.318656897000000 52.499646477000098)","Unfall 239653 (2022) Kat:3, Licht: 2","239653","3","7","5","10","02","1","","2","0","1","0","0"
"POINT (13.400202812000000 52.546507943999998)","Unfall 239654 (2022) Kat:3, Licht: 2","239654","3","6","2","11","15","2","","2","1","0","0","0"
"POINT (13.331185924000099 52.420065018000102)","Unfall 239655 (2022) Kat:3, Licht: 0","239655","3","3","5","10","12","2","","0","0","1","0","0"
"POINT (13.534766032000100 52.432119935000102)","Unfall 239656 (2022) Kat:2, Licht: 0","239656","2","4","6","11","11","6","","0","1","0","1","0"
"POINT (13.432777590000100 52.596325744000097)","Unfall 239657 (2022) Kat:3, Licht: 0","239657","3","7","0","10","11","3","","0","0","0","0","1"
"POINT (13.395956871000100 52.498438141000101)","Unfall 239658 (2022) Kat:3, Licht: 2","239658","3","2","6","11","20","6","","2","0","1","1","0"
"POINT (13.500267430000100 52.632723414000097)","Unfall 239659 (2022) Kat:3, Licht: 2","239659","3","2","5","11","18","2","","2","0","1","0","1"
"POINT (13.329657707000001 52.602006899000102)","Unfall 239660 (2022) Kat:3, Licht: 2","239660","3","2","5","11","18","3","","2","0","1","0","1"
"POINT (13.505267163999999 52.444752725000100)","Unfall 239661 (2022) Kat:3, Licht: 0","239661","3","5","1","10","15","5","","0","1","1","0","0"
"POINT (13.431007479000099 52.468023210000098)","Unfall 239662 (2022) Kat:3, Licht: 0","239662","3","7","0","11","16","6","","0","0","1","0","1"
"POINT (13.524068138000100 52.477421854000099)","Unfall 239663 (2022) Kat:3, Licht: 0","239663","3","2","5","10","10","1","","0","1","1","0","0"
"POINT (13.490859648000001 52.526555416000100)","Unfall 239664 (2022) Kat:2, Licht: 1","239664","2","4","6","11","16","4","","1","0","1","1","0"
"POINT (13.413091976000000 52.382869984000102)","Unfall 239665 (2022) Kat:3, Licht: 0","239665","3","2","5","12","11","5","","0","0","1","0","0"
"POINT (13.342900963000000 52.556457821999999)","Unfall 239666 (2022) Kat:3, Licht: 0","239666","3","4","6","10","16","4","","0","0","1","1","0"
"POINT (13.462000952000000 52.505427973000103)","Unfall 239667 (2022) Kat:3, Licht: 2","239667","3","5","1","11","17","5","","2","1","1","0","0"
"POINT (13.410180886999999 52.547412283000000)","Unfall 239668 (2022) Kat:3, Licht: 0","239668","3","5","1","11","11","4","","0","1","1","0","0"
"POINT (13.501905627999999 52.566225793999998)","Unfall 239669 (2022) Kat:2, Licht: 2","239669","2","3","0","10","17","6","","2","0","0","0","0"
"POINT (13.347850257000101 52.485518800000101)","Unfall 239670 (2022) Kat:3, Licht: 0","239670","3","1","0","10","15","1","","0","0","0","0","1"
"POINT (13.406164740000101 52.393765012000102)","Unfall 239671 (2022) Kat:3, Licht: 0","239671","3","6","2","11","13","5","","0","0","1","0","0"
"POINT (13.440613752000001 52.517030561000098)","Unfall 239672 (2022) Kat:3, Licht: 0","239672","3","2","0","10","16","2","","0","1","1","0","0"
"POINT (13.437144902000099 52.554749213999997)","Unfall 239673 (2022) Kat:3, Licht: 2","239673","3","3","5","11","21","6","","2","0","1","0","0"
"POINT (13.402621306000100 52.585613805999998)","Unfall 239674 (2022) Kat:2, Licht: 1","239674","2","2","6","11","14","1","","1","0","1","1","0"
"POINT (13.527303444999999 52.487555182999998)","Unfall 239675 (2022) Kat:2, Licht: 2","239675","2","7","6","11","18","3","","2","0","0","1","0"
"POINT (13.488272700000000 52.464732513000101)","Unfall 239676 (2022) Kat:3, Licht: 2","239676","3","7","5","10","21","6","","2","1","1","0","0"
"POINT (13.171913202000001 52.550081069000001)","Unfall 239677 (2022) Kat:2, Licht: 0","239677","2","3","5","11","07","4","","0","0","1","0","0"
"POINT (13.489768229999999 52.467815053999999)","Unfall 239678 (2022) Kat:3, Licht: 0","239678","3","3","0","10","14","6","","0","0","1","0","1"
"POINT (13.328630989000001 52.464997220000001)","Unfall 239679 (2022) Kat:3, Licht: 1","239679","3","2","6","11","18","3","","1","0","1","1","0"
"POINT (13.587824097000100 52.469412496000103)","Unfall 239680 (2022) Kat:3, Licht: 0","239680","3","3","5","11","13","4","","0","1","1","0","0"
"POINT (13.617451376000099 52.455262252000097)","Unfall 239681 (2022) Kat:3, Licht: 0","239681","3","6","2","10","17","3","","0","0","1","0","0"
"POINT (13.266735022000001 52.406889560000103)","Unfall 239682 (2022) Kat:3, Licht: 0","239682","3","3","5","11","12","2","","0","0","1","0","0"
"POINT (13.303853118000101 52.499510810000103)","Unfall 239683 (2022) Kat:3, Licht: 1","239683","3","3","5","11","16","4","","1","1","1","0","0"
"POINT (13.294715246000100 52.504768575000099)","Unfall 239684 (2022) Kat:3, Licht: 0","239684","3","5","1","11","12","7","","0","1","1","0","0"
"POINT (13.430917053000000 52.512235935000000)","Unfall 239685 (2022) Kat:3, Licht: 2","239685","3","5","1","10","18","2","","2","1","1","0","0"
"POINT (13.451998834000101 52.483476718000098)","Unfall 239686 (2022) Kat:3, Licht: 0","239686","3","5","5","11","13","6","","0","0","1","0","0"
"POINT (13.390418819000001 52.584818714000100)","Unfall 239687 (2022) Kat:3, Licht: 2","239687","3","1","8","11","00","2","","2","0","1","0","0"
"POINT (13.371048371000001 52.523474862999997)","Unfall 239688 (2022) Kat:2, Licht: 0","239688","2","1","0","10","17","5","","0","1","0","0","0"
"POINT (13.208384692999999 52.561629831000097)","Unfall 239689 (2022) Kat:3, Licht: 1","239689","3","2","2","11","16","2","","1","0","1","0","0"
"POINT (13.488314884999999 52.426217471000001)","Unfall 239690 (2022) Kat:3, Licht: 0","239690","3","7","0","10","16","1","","0","1","0","0","0"
"POINT (13.329207594000000 52.499429337999999)","Unfall 239691 (2022) Kat:3, Licht: 2","239691","3","2","6","11","19","3","","2","0","1","1","0"
"POINT (13.565615105000100 52.529215104000102)","Unfall 239692 (2022) Kat:3, Licht: 0","239692","3","6","2","10","13","3","","0","0","1","0","0"
"POINT (13.281284026000000 52.512761146999999)","Unfall 239693 (2022) Kat:3, Licht: 0","239693","3","2","6","11","12","7","","0","0","1","1","0"
"POINT (13.313755649000001 52.506230426999998)","Unfall 239694 (2022) Kat:3, Licht: 0","239694","3","2","6","10","12","4","","0","0","0","1","0"
"POINT (13.524640406000101 52.459301488999998)","Unfall 239695 (2022) Kat:3, Licht: 0","239695","3","2","5","11","12","2","","0","1","1","0","0"
"POINT (13.389785601000000 52.495906294000100)","Unfall 239696 (2022) Kat:3, Licht: 2","239696","3","2","5","11","06","3","","2","1","1","0","0"
"POINT (13.567625179000100 52.440564748000000)","Unfall 239697 (2022) Kat:3, Licht: 0","239697","3","5","1","10","15","6","","0","1","1","0","0"
"POINT (13.535167469999999 52.439674623000002)","Unfall 239698 (2022) Kat:3, Licht: 1","239698","3","3","5","11","06","6","","1","1","1","0","0"
"POINT (13.143325509000000 52.543113746000103)","Unfall 239699 (2022) Kat:3, Licht: 0","239699","3","1","0","11","14","3","","0","0","0","0","1"
"POINT (13.454085986000100 52.482496636000100)","Unfall 239700 (2022) Kat:3, Licht: 0","239700","3","3","5","10","12","2","","0","0","1","0","0"
"POINT (13.338259437000000 52.416600350000103)","Unfall 239701 (2022) Kat:3, Licht: 2","239701","3","2","6","11","21","5","","2","0","1","1","0"
"POINT (13.397428746999999 52.515317954000103)","Unfall 239702 (2022) Kat:3, Licht: 1","239702","3","5","1","10","17","4","","1","1","1","0","0"
"POINT (13.241352942000001 52.509523809000001)","Unfall 239703 (2022) Kat:3, Licht: 2","239703","3","2","6","11","18","7","","2","0","1","1","0"
"POINT (13.461557356000100 52.512191369000000)","Unfall 239704 (2022) Kat:2, Licht: 2","239704","2","3","5","10","19","7","","2","1","1","0","0"
"POINT (13.256496838000000 52.486210549000099)","Unfall 239705 (2022) Kat:2, Licht: 2","239705","2","3","5","10","05","2","","2","1","1","0","0"
"POINT (13.527328456000101 52.426433646000099)","Unfall 239706 (2022) Kat:3, Licht: 0","239706","3","7","4","11","15","6","","0","0","1","0","0"
"POINT (13.528686917000099 52.451761164000096)","Unfall 239707 (2022) Kat:3, Licht: 0","239707","3","6","4","10","11","3","","0","1","1","0","0"
"POINT (13.390141151000000 52.509455754999998)","Unfall 239708 (2022) Kat:3, Licht: 2","239708","3","3","5","11","06","6","","2","0","1","0","0"
"POINT (13.476750307000000 52.567018574000002)","Unfall 239709 (2022) Kat:3, Licht: 2","239709","3","6","2","11","17","2","","2","0","1","0","0"
"POINT (13.347976461000000 52.541167587000103)","Unfall 239710 (2022) Kat:3, Licht: 0","239710","3","2","5","11","14","3","","0","1","0","0","0"
"POINT (13.195780548000100 52.529156669000002)","Unfall 239711 (2022) Kat:3, Licht: 0","239711","3","2","0","10","17","5","","0","0","1","0","0"
"POINT (13.226578959000101 52.586414004000098)","Unfall 239712 (2022) Kat:3, Licht: 0","239712","3","5","1","11","08","5","","0","0","0","0","0"
"POINT (13.373849631000001 52.468802156000002)","Unfall 239713 (2022) Kat:3, Licht: 0","239713","3","6","3","10","15","1","","0","0","1","0","0"
"POINT (13.377389434000101 52.522185751999999)","Unfall 239714 (2022) Kat:3, Licht: 1","239714","3","1","0","11","18","4","","1","1","0","0","0"
"POINT (13.386033017000001 52.481631108000002)","Unfall 239715 (2022) Kat:3, Licht: 2","239715","3","6","2","12","18","5","","2","0","1","0","0"
"POINT (13.328284707000000 52.478711267000101)","Unfall 239716 (2022) Kat:3, Licht: 0","239716","3","2","5","10","11","4","","0","0","0","0","1"