WKT,Name,OBJECTID,UKATEGORIE,UTYP1,UART,UMONAT,USTUNDE,UWOCHENTAG,STRZUSTAND,ULICHTVERH,ISTRAD,ISTPKW,ISTFUSS,ISTKRAD
"POINT (13.232346119000100 52.540656781000102)","Unfall 239717 (2022) Kat:3, Licht: 2","239717","3","2","5","11","05","5","","2","0","1","0","0"
"POINT (13.487222079000000 52.502384992000003)","Unfall 239718 (2022) Kat:3, Licht: 0","239718","3","6","2","10","16","1","","0","0","1","0","0"
"POINT (13.407958302999999 52.452562037000099)","Unfall 239719 (2022) Kat:3, Licht: 0","239719","3","3","5","11","11","5","","0","0","1","0","0"
"POINT (13.511725865000100 52.471095451000103)","Unfall 239720 (2022) Kat:3, Licht: 0","239720","3","7","5","10","08","2","","0","0","1","0","0"
"POINT (13.192933010999999 52.535979437000002)","Unfall 239721 (2022) Kat:3, Licht: 2","239721","3","2","5","11","21","6","","2","0","1","0","0"
"POINT (13.394285966000000 52.506954616000002)","Unfall 239722 (2022) Kat:3, Licht: 2","239722","3","3","5","11","22","7","","2","0","1","0","0"
"POINT (13.440985357000001 52.472346833000103)","Unfall 239723 (2022) Kat:3, Licht: 2","239723","3","3","5","11","16","4","","2","1","1","0","0"
"POINT (13.200654526999999 52.538708378000102)","Unfall 239724 (2022) Kat:3, Licht: 2","239724","3","2","0","12","20","4","","2","0","1","0","0"
"POINT (13.447329255000099 52.464277187000100)","Unfall 239726 (2022) Kat:3, Licht: 0","239726","3","2","0","12","11","5","","0","0","1","0","1"
"POINT (13.490435797000000 52.427906661000101)","Unfall 239729 (2022) Kat:3, Licht: 0","239729","3","3","5","12","14","6","","0","0","1","0","0"
"POINT (13.557522079000000 52.463303275000001)","Unfall 239730 (2022) Kat:3, Licht: 1","239730","3","7","0","12","15","6","","1","0","1","0","0"
"POINT (13.396235761000099 52.491361462999997)","Unfall 239733 (2022) Kat:3, Licht: 0","239733","3","6","2","12","12","3","","0","0","1","0","0"
"POINT (13.581886185000000 52.439432556000000)","Unfall 239734 (2022) Kat:2, Licht: 2","239734","2","4","6","12","16","2","","2","0","1","1","1"
"POINT (13.477562621000100 52.514203088000002)","Unfall 239736 (2022) Kat:3, Licht: 2","239736","3","1","3","12","16","7","","2","0","1","0","0"
"POINT (13.442390884000099 52.465759562000102)","Unfall 239737 (2022) Kat:2, Licht: 0","239737","2","2","5","12","12","4","","0","1","1","0","0"
"POINT (13.320861372000000 52.472564369000096)","Unfall 239739 (2022) Kat:3, Licht: 0","239739","3","2","5","12","13","5","","0","1","1","0","0"
"POINT (13.580680343999999 52.459977578000100)","Unfall 239740 (2022) Kat:3, Licht: 0","239740","3","4","6","12","13","6","","0","0","1","1","0"
"POINT (13.428791149000100 52.486691012000101)","Unfall 239741 (2022) Kat:3, Licht: 1","239741","3","2","6","12","07","4","","1","0","0","1","0"
"POINT (13.326099061000001 52.538377687000001)","Unfall 239745 (2022) Kat:3, Licht: 2","239745","3","2","5","12","18","2","","2","0","1","0","0"
"POINT (13.478053012000000 52.442339721000103)","Unfall 239746 (2022) Kat:2, Licht: 1","239746","2","1","9","12","15","7","","1","0","1","0","0"
"POINT (13.562163520000100 52.436967725999999)","Unfall 239748 (2022) Kat:3, Licht: 0","239748","3","6","2","12","13","3","","0","0","1","0","0"
"POINT (13.181702438000100 52.534078733999998)","Unfall 239749 (2022) Kat:3, Licht: 1","239749","3","2","5","12","15","2","","1","0","1","0","0"
"POINT (13.329745487000000 52.523839471000002)","Unfall 239751 (2022) Kat:2, Licht: 2","239751","2","7","4","12","22","3","","2","0","1","0","0"
"POINT (13.317336523000099 52.464044235000102)","Unfall 239753 (2022) Kat:3, Licht: 2","239753","3","6","3","12","17","2","","2","1","1","0","0"
"POINT (13.423842209000000 52.549454240999999)","Unfall 239755 (2022) Kat:2, Licht: 2","239755","2","1","0","12","00","6","","2","1","0","0","0"
"POINT (13.382263293999999 52.504446857000097)","Unfall 239757 (2022) Kat:3, Licht: 2","239757","3","2","5","12","18","1","","2","0","1","0","0"
"POINT (13.456598348000099 52.510749207000103)","Unfall 239760 (2022) Kat:3, Licht: 2","239760","3","2","5","12","19","7","","2","1","0","0","0"
"POINT (13.422414630000000 52.548054158000099)","Unfall 239764 (2022) Kat:2, Licht: 2","239764","2","7","9","12","20","3","","2","0","1","0","0"
"POINT (13.343349799000100 52.531773281000000)","Unfall 239766 (2022) Kat:3, Licht: 0","239766","3","2","5","12","11","2","","0","0","1","0","0"
"POINT (13.529480550000100 52.429521325000103)","Unfall 239768 (2022) Kat:3, Licht: 2","239768","3","2","5","12","06","5","","2","0","1","0","0"
"POINT (13.428902051000000 52.486651700000003)","Unfall 239770 (2022) Kat:3, Licht: 0","239770","3","3","2","12","12","6","","0","0","1","0","0"
"POINT (13.395126502000000 52.495944373000000)","Unfall 239773 (2022) Kat:3, Licht: 0","239773","3","6","2","12","13","6","","0","0","1","0","1"
"POINT (13.637003530000101 52.422391804000000)","Unfall 239774 (2022) Kat:3, Licht: 2","239774","3","6","4","12","16","5","","2","0","1","0","0"
"POINT (13.303292469000001 52.509860818999996)","Unfall 239777 (2022) Kat:3, Licht: 2","239777","3","3","1","12","06","3","","2","0","1","0","1"
"POINT (13.342156365999999 52.447078895000097)","Unfall 239778 (2022) Kat:3, Licht: 1","239778","3","6","2","12","15","7","","1","1","1","0","0"
"POINT (13.359397998000100 52.448020849999999)","Unfall 239780 (2022) Kat:2, Licht: 2","239780","2","1","9","12","05","1","","2","0","1","0","0"
"POINT (13.361731621000001 52.547936150000098)","Unfall 239781 (2022) Kat:3, Licht: 2","239781","3","7","6","12","16","4","","2","0","1","1","0"
"POINT (13.396283401000099 52.517481255000099)","Unfall 239783 (2022) Kat:3, Licht: 0","239783","3","2","5","12","10","4","","0","0","1","0","0"
"POINT (13.529926499000100 52.422527952999999)","Unfall 239785 (2022) Kat:3, Licht: 0","239785","3","3","5","12","11","4","","0","0","1","0","0"
"POINT (13.365518187000101 52.557119055000001)","Unfall 239789 (2022) Kat:3, Licht: 2","239789","3","3","5","12","17","7","","2","0","1","0","0"
"POINT (13.354383202000101 52.494703100000002)","Unfall 239791 (2022) Kat:3, Licht: 2","239791","3","7","5","12","17","4","","2","0","1","0","1"
"POINT (13.324408097000100 52.497927097999998)","Unfall 239793 (2022) Kat:3, Licht: 2","239793","3","1","0","12","20","7","","2","0","0","0","0"
"POINT (13.259143005000100 52.431826231999999)","Unfall 239795 (2022) Kat:3, Licht: 0","239795","3","7","6","12","13","3","","0","0","1","1","0"
"POINT (13.380435029000100 52.573563396000097)","Unfall 239797 (2022) Kat:3, Licht: 2","239797","3","2","5","12","20","3","","2","1","1","0","0"
"POINT (13.330989092999999 52.487393167000100)","Unfall 239798 (2022) Kat:3, Licht: 2","239798","3","1","0","12","03","6","","2","0","0","0","1"
"POINT (13.279158278000100 52.503623120000000)","Unfall 239800 (2022) Kat:3, Licht: 0","239800","3","2","5","12","14","7","","0","0","1","0","0"
"POINT (13.295896923999999 52.495930688000001)","Unfall 239805 (2022) Kat:3, Licht: 2","239805","3","2","5","12","17","6","","2","1","1","0","0"
"POINT (13.232262655000101 52.437639470000100)","Unfall 239807 (2022) Kat:3, Licht: 0","239807","3","2","6","12","12","3","","0","0","1","1","0"
"POINT (13.229953968000100 52.433874483000103)","Unfall 239809 (2022) Kat:2, Licht: 2","239809","2","3","5","12","16","1","","2","0","1","0","0"
"POINT (13.456665182000100 52.513157581000002)","Unfall 239811 (2022) Kat:3, Licht: 0","239811","3","5","1","12","13","3","","0","1","0","0","0"
"POINT (13.349763815000101 52.503179316999997)","Unfall 239813 (2022) Kat:3, Licht: 2","239813","3","2","2","12","19","3","","2","0","1","0","1"
"POINT (13.393552896000100 52.526317794000100)","Unfall 239815 (2022) Kat:3, Licht: 0","239815","3","3","0","12","10","6","","0","0","1","0","1"
"POINT (13.305921288000000 52.531920124000102)","Unfall 239817 (2022) Kat:3, Licht: 0","239817","3","3","5","12","11","7","","0","1","1","0","0"
"POINT (13.383926432000100 52.445555619000103)","Unfall 239820 (2022) Kat:3, Licht: 2","239820","3","4","6","12","17","7","","2","1","0","1","0"
"POINT (13.403226086000100 52.463430259000098)","Unfall 239824 (2022) Kat:3, Licht: 2","239824","3","2","5","12","17","2","","2","1","1","0","0"
"POINT (13.345204786000100 52.486800404000100)","Unfall 239826 (2022) Kat:3, Licht: 0","239826","3","3","0","12","13","2","","0","0","1","0","1"
"POINT (13.309758511000000 52.431313482000100)","Unfall 239827 (2022) Kat:3, Licht: 0","239827","3","6","2","12","14","4","","0","0","1","0","0"
"POINT (13.312924429000100 52.430488307000097)","Unfall 239829 (2022) Kat:3, Licht: 2","239829","3","6","3","12","19","5","","2","0","1","0","0"
"POINT (13.232302788000000 52.539597270000101)","Unfall 239832 (2022) Kat:2, Licht: 2","239832","2","1","9","12","07","6","","2","0","1","0","0"
"POINT (13.430195177000000 52.588274494000103)","Unfall 239833 (2022) Kat:3, Licht: 0","239833","3","2","5","12","14","5","","0","1","1","0","0"
"POINT (13.336384998000000 52.421475168000001)","Unfall 239834 (2022) Kat:3, Licht: 0","239834","3","3","5","12","13","5","","0","0","1","0","1"
"POINT (13.336330204999999 52.526721700000103)","Unfall 239837 (2022) Kat:3, Licht: 2","239837","3","6","2","12","18","3","","2","0","1","0","0"
"POINT (13.301586297000000 52.432368896000099)","Unfall 239838 (2022) Kat:3, Licht: 0","239838","3","4","0","12","08","2","","0","1","0","1","0"
"POINT (13.462916144000101 52.532276640000099)","Unfall 239840 (2022) Kat:2, Licht: 2","239840","2","1","4","12","15","7","","2","0","1","0","0"
"POINT (13.348799517000000 52.458922166000001)","Unfall 239841 (2022) Kat:3, Licht: 0","239841","3","3","5","12","11","5","","0","0","1","0","0"
"POINT (13.374706983000101 52.485039682000000)","Unfall 239843 (2022) Kat:3, Licht: 2","239843","3","6","2","12","18","5","","2","0","1","0","0"
"POINT (13.408032844999999 52.541981599000103)","Unfall 239845 (2022) Kat:3, Licht: 2","239845","3","4","6","12","22","4","","2","0","1","1","0"
"POINT (13.286175415000100 52.449554775000102)","Unfall 239847 (2022) Kat:3, Licht: 0","239847","3","3","5","12","13","7","","0","0","1","0","0"
"POINT (13.296349708999999 52.442851533000102)","Unfall 239849 (2022) Kat:3, Licht: 0","239849","3","6","2","12","11","3","","0","0","1","0","0"
"POINT (13.413342312000101 52.506837820000001)","Unfall 239853 (2022) Kat:3, Licht: 2","239853","3","2","6","12","21","6","","2","0","1","1","0"
"POINT (13.390782969000000 52.505094833000001)","Unfall 239856 (2022) Kat:3, Licht: 0","239856","3","5","1","12","14","3","","0","1","1","0","0"
"POINT (13.282454746000001 52.533981107000002)","Unfall 239858 (2022) Kat:3, Licht: 0","239858","3","2","5","12","08","3","","0","1","1","0","0"
"POINT (13.591586281000000 52.544839302000099)","Unfall 239859 (2022) Kat:3, Licht: 2","239859","3","2","5","12","23","6","","2","0","1","0","0"
"POINT (13.194383454000000 52.545640218000102)","Unfall 239861 (2022) Kat:3, Licht: 2","239861","3","6","2","12","20","7","","2","0","1","0","0"
"POINT (13.209729972000000 52.566074104999998)","Unfall 239864 (2022) Kat:3, Licht: 0","239864","3","3","5","12","15","6","","0","1","1","0","0"
"POINT (13.508688741000100 52.452116312000001)","Unfall 239867 (2022) Kat:3, Licht: 1","239867","3","1","1","12","07","1","","1","0","1","0","0"
"POINT (13.405334392000000 52.463648288999998)","Unfall 239869 (2022) Kat:3, Licht: 0","239869","3","5","5","12","14","6","","0","0","1","0","0"
"POINT (13.624943865000001 52.452810200999998)","Unfall 239870 (2022) Kat:3, Licht: 0","239870","3","7","6","12","14","5","","0","0","1","1","0"
"POINT (13.453491743000001 52.429422922000100)","Unfall 239872 (2022) Kat:3, Licht: 1","239872","3","2","0","12","15","5","","1","0","1","0","0"
"POINT (13.517986050999999 52.464687453000103)","Unfall 239874 (2022) Kat:3, Licht: 2","239874","3","3","5","12","16","4","","2","0","1","0","0"
"POINT (13.488944560000000 52.467126604000001)","Unfall 239875 (2022) Kat:3, Licht: 1","239875","3","4","6","12","16","5","","1","1","0","1","0"
"POINT (13.421178311000100 52.487333297000099)","Unfall 239876 (2022) Kat:3, Licht: 2","239876","3","2","6","12","16","4","","2","0","1","1","0"
"POINT (13.341554493000000 52.450617278999999)","Unfall 239880 (2022) Kat:3, Licht: 0","239880","3","6","2","12","12","6","","0","0","1","0","0"
"POINT (13.313253508000100 52.502093852000002)","Unfall 239884 (2022) Kat:3, Licht: 1","239884","3","3","5","12","16","3","","1","1","1","0","0"
"POINT (13.406274467999999 52.498468769000098)","Unfall 239886 (2022) Kat:3, Licht: 2","239886","3","4","6","12","18","2","","2","0","1","1","0"
"POINT (13.428808614999999 52.519206672000102)","Unfall 239887 (2022) Kat:3, Licht: 0","239887","3","1","0","12","10","5","","0","1","0","0","0"
"POINT (13.289072717000099 52.632916062000000)","Unfall 239889 (2022) Kat:3, Licht: 2","239889","3","4","6","12","18","5","","2","0","1","0","0"
"POINT (13.330826743999999 52.500471897000097)","Unfall 239891 (2022) Kat:3, Licht: 2","239891","3","3","5","12","17","5","","2","0","1","0","0"
"POINT (13.574225710000100 52.413822068999998)","Unfall 239892 (2022) Kat:3, Licht: 1","239892","3","3","0","12","07","5","","1","0","1","0","0"
"POINT (13.469033567000100 52.427067051000101)","Unfall 239893 (2022) Kat:3, Licht: 1","239893","3","5","1","12","16","4","","1","0","1","0","0"
"POINT (13.495711786000101 52.499372902000097)","Unfall 239897 (2022) Kat:3, Licht: 0","239897","3","4","6","12","11","3","","0","0","1","1","0"
"POINT (13.572064158000000 52.546354272000002)","Unfall 239898 (2022) Kat:3, Licht: 2","239898","3","6","2","12","23","7","","2","0","1","0","0"
"POINT (13.289438149000000 52.494850106000101)","Unfall 239900 (2022) Kat:3, Licht: 1","239900","3","3","0","12","07","6","","1","0","0","0","1"
"POINT (13.179393642000001 52.507825981000103)","Unfall 239901 (2022) Kat:2, Licht: 2","239901","2","1","8","12","02","5","","2","0","1","0","0"
"POINT (13.492022705000100 52.429069847000100)","Unfall 239903 (2022) Kat:3, Licht: 2","239903","3","1","0","12","06","4","","2","0","0","0","1"
"POINT (13.485609777000001 52.522418789000000)","Unfall 239905 (2022) Kat:3, Licht: 0","239905","3","3","5","12","08","3","","0","1","1","0","0"
"POINT (13.341509705000000 52.442226300000101)","Unfall 239907 (2022) Kat:1, Licht: 2","239907","1","4","6","12","18","7","","2","0","0","1","0"
"POINT (13.472271206000100 52.547668324000000)","Unfall 239909 (2022) Kat:2, Licht: 0","239909","2","4","6","12","12","4","","0","0","1","1","0"
"POINT (13.368412509000100 52.522507175999998)","Unfall 239911 (2022) Kat:3, Licht: 0","239911","3","1","9","12","12","6","","0","0","1","0","0"
"POINT (13.353006763000099 52.567962993999998)","Unfall 239914 (2022) Kat:3, Licht: 2","239914","3","2","6","12","07","2","","2","0","1","1","0"
"POINT (13.377198165999999 52.463568092999999)","Unfall 239916 (2022) Kat:3, Licht: 0","239916","3","5","1","12","08","2","","0","1","1","0","0"
"POINT (13.373716536000099 52.556886173000102)","Unfall 239917 (2022) Kat:3, Licht: 2","239917","3","6","2","12","20","6","","2","0","1","0","0"
"POINT (13.294719969000001 52.576382289999998)","Unfall 239919 (2022) Kat:2, Licht: 2","239919","2","3","5","12","16","6","","2","0","1","0","1"
"POINT (13.314887147000000 52.447915920000099)","Unfall 239922 (2022) Kat:2, Licht: 2","239922","2","3","5","12","16","6","","2","1","1","0","0"
"POINT (13.415478497000001 52.527019261000099)","Unfall 239923 (2022) Kat:3, Licht: 2","239923","3","2","5","12","23","6","","2","0","1","0","0"
"POINT (13.350169464000000 52.596363977000102)","Unfall 239926 (2022) Kat:3, Licht: 2","239926","3","6","2","12","17","3","","2","0","1","0","0"
"POINT (13.366621131000000 52.557638732000001)","Unfall 239927 (2022) Kat:3, Licht: 1","239927","3","7","0","12","15","1","","1","0","1","0","0"
"POINT (13.293868810999999 52.488333879000002)","Unfall 239929 (2022) Kat:3, Licht: 0","239929","3","3","0","12","13","7","","0","0","1","0","1"
"POINT (13.178070896000101 52.548751966000097)","Unfall 239930 (2022) Kat:3, Licht: 2","239930","3","2","5","12","18","5","","2","0","1","0","0"
"POINT (13.232537563999999 52.539412728000102)","Unfall 239932 (2022) Kat:3, Licht: 0","239932","3","6","2","12","15","5","","0","0","1","0","0"
"POINT (13.259184615000001 52.431085443000001)","Unfall 239933 (2022) Kat:3, Licht: 2","239933","3","6","2","12","17","6","","2","0","1","0","0"
"POINT (13.395464519000001 52.524423163999998)","Unfall 239934 (2022) Kat:2, Licht: 0","239934","2","3","5","12","08","4","","0","1","1","0","0"
"POINT (13.479733305000000 52.516705248000100)","Unfall 239938 (2022) Kat:3, Licht: 2","239938","3","1","9","12","00","1","","2","0","1","0","0"
"POINT (13.469361619000001 52.506588141000101)","Unfall 239939 (2022) Kat:3, Licht: 0","239939","3","6","3","12","13","7","","0","0","0","0","1"
"POINT (13.366380230000100 52.493396625999999)","Unfall 239941 (2022) Kat:3, Licht: 1","239941","3","5","1","12","15","4","","1","0","1","0","0"
"POINT (13.317921006000100 52.414215458999998)","Unfall 239942 (2022) Kat:2, Licht: 2","239942","2","4","6","12","18","2","","2","0","1","1","0"
"POINT (13.315199445000101 52.528067523000097)","Unfall 239944 (2022) Kat:3, Licht: 2","239944","3","7","5","12","18","4","","2","0","1","0","0"
"POINT (13.405469213000099 52.505116639000100)","Unfall 239946 (2022) Kat:3, Licht: 0","239946","3","2","5","12","13","3","","0","1","1","0","0"
"POINT (13.378129658000001 52.545030585000099)","Unfall 239947 (2022) Kat:3, Licht: 2","239947","3","7","1","12","00","7","","2","0","1","0","0"
"POINT (13.401283856000100 52.529715164000002)","Unfall 239948 (2022) Kat:3, Licht: 2","239948","3","7","2","12","00","6","","2","0","1","0","0"
"POINT (13.423167811000001 52.463091571000099)","Unfall 239950 (2022) Kat:3, Licht: 0","239950","3","4","6","12","13","1","","0","0","1","1","0"
"POINT (13.205284528000000 52.535910016999999)","Unfall 239952 (2022) Kat:3, Licht: 2","239952","3","7","6","12","20","7","","2","0","1","1","0"
"POINT (13.280632547000000 52.477361503000097)","Unfall 239953 (2022) Kat:3, Licht: 0","239953","3","7","6","12","16","2","","0","0","1","1","0"
"POINT (13.372332271000101 52.599035229000002)","Unfall 239954 (2022) Kat:3, Licht: 0","239954","3","3","5","12","09","6","","0","1","0","0","0"
"POINT (13.411772245000099 52.523966041999998)","Unfall 239956 (2022) Kat:3, Licht: 2","239956","3","2","5","12","20","4","","2","0","1","0","0"
"POINT (13.393124089000001 52.564500930000101)","Unfall 239958 (2022) Kat:3, Licht: 2","239958","3","2","6","12","18","2","","2","0","1","1","0"
"POINT (13.442680141000000 52.591280330000103)","Unfall 239959 (2022) Kat:2, Licht: 0","239959","2","3","5","12","11","4","","0","1","1","0","0"
"POINT (13.411184225000101 52.503502595000000)","Unfall 239961 (2022) Kat:3, Licht: 0","239961","3","3","5","12","10","4","","0","1","1","0","0"
"POINT (13.322803140000101 52.458960769999997)","Unfall 239963 (2022) Kat:3, Licht: 1","239963","3","4","6","12","16","3","","1","1","0","1","0"
"POINT (13.373013544000100 52.436829644000099)","Unfall 239965 (2022) Kat:3, Licht: 2","239965","3","2","6","12","17","6","","2","0","0","1","0"
"POINT (13.305368302000000 52.582063801000103)","Unfall 239967 (2022) Kat:2, Licht: 2","239967","2","3","5","12","20","7","","2","0","1","0","0"
"POINT (13.593656300000101 52.447493033000100)","Unfall 239971 (2022) Kat:3, Licht: 2","239971","3","2","5","12","17","6","","2","1","1","0","0"
"POINT (13.325597306000100 52.509301430999997)","Unfall 239975 (2022) Kat:3, Licht: 0","239975","3","1","0","12","12","2","","0","0","0","0","1"
"POINT (13.508379223000100 52.548428417000103)","Unfall 239977 (2022) Kat:3, Licht: 0","239977","3","2","3","12","14","2","","0","0","1","0","0"
"POINT (13.504410488000101 52.444755455000099)","Unfall 239978 (2022) Kat:2, Licht: 0","239978","2","7","5","12","10","5","","0","0","0","0","0"
"POINT (13.519169168000101 52.509293194000101)","Unfall 239980 (2022) Kat:2, Licht: 0","239980","2","3","5","12","13","6","","0","1","1","0","0"
"POINT (13.362127259999999 52.567887204999998)","Unfall 239983 (2022) Kat:3, Licht: 2","239983","3","6","2","12","18","6","","2","0","1","0","0"
"POINT (13.414490337000100 52.552066631000102)","Unfall 239984 (2022) Kat:3, Licht: 2","239984","3","3","5","12","16","6","","2","1","1","0","0"
"POINT (13.165369074000100 52.551142958000099)","Unfall 239987 (2022) Kat:3, Licht: 2","239987","3","2","5","12","16","3","","2","0","1","0","0"
"POINT (13.353594373000000 52.566252421999998)","Unfall 239988 (2022) Kat:3, Licht: 0","239988","3","3","5","12","09","2","","0","0","1","0","0"
"POINT (13.431376539000000 52.591956601000000)","Unfall 239990 (2022) Kat:3, Licht: 0","239990","3","2","0","12","11","7","","0","0","1","0","0"
"POINT (13.459703411000000 52.431688811000100)","Unfall 239991 (2022) Kat:3, Licht: 2","239991","3","6","2","12","19","5","","2","0","1","0","0"
"POINT (13.361102216000100 52.428865981000101)","Unfall 239993 (2022) Kat:3, Licht: 0","239993","3","4","6","12","08","5","","0","0","1","1","0"
"POINT (13.348558619000100 52.522041102000102)","Unfall 239994 (2022) Kat:3, Licht: 0","239994","3","3","5","12","11","5","","0","1","1","0","0"
"POINT (13.309818723999999 52.431279250999999)","Unfall 239995 (2022) Kat:3, Licht: 0","239995","3","3","5","12","11","4","","0","0","1","0","0"
"POINT (13.292710421000001 52.506702857999997)","Unfall 239998 (2022) Kat:3, Licht: 2","239998","3","2","2","12","15","2","","2","0","1","0","1"
"POINT (13.378725649000000 52.552969019999999)","Unfall 239999 (2022) Kat:3, Licht: 0","239999","3","5","1","12","14","7","","0","0","1","0","0"
"POINT (13.399686747000001 52.531613305000100)","Unfall 240001 (2022) Kat:3, Licht: 2","240001","3","5","0","12","17","3","","2","0","1","0","1"
"POINT (13.314852849999999 52.469294755000099)","Unfall 240003 (2022) Kat:3, Licht: 0","240003","3","3","5","12","10","2","","0","1","1","0","0"
"POINT (13.555188230000100 52.515695354000101)","Unfall 240005 (2022) Kat:3, Licht: 0","240005","3","3","5","12","08","4","","0","1","1","0","0"
"POINT (13.326240098000000 52.538029922000099)","Unfall 240007 (2022) Kat:3, Licht: 1","240007","3","2","5","12","06","3","","1","0","1","0","0"
"POINT (13.431021614000000 52.467999346000099)","Unfall 240009 (2022) Kat:3, Licht: 2","240009","3","6","2","12","20","6","","2","0","1","0","0"
"POINT (13.351192455000000 52.515423854000097)","Unfall 240011 (2022) Kat:3, Licht: 0","240011","3","6","2","12","13","7","","0","0","1","0","0"
"POINT (13.141030723000000 52.524675382000098)","Unfall 240014 (2022) Kat:3, Licht: 2","240014","3","6","2","12","17","6","","2","0","1","0","0"
"POINT (13.636877786000101 52.447701608000003)","Unfall 240018 (2022) Kat:3, Licht: 2","240018","3","6","4","12","20","3","","2","0","1","0","0"
"POINT (13.325200545000000 52.502159780000099)","Unfall 240020 (2022) Kat:3, Licht: 2","240020","3","5","1","12","16","2","","2","1","1","0","0"
"POINT (13.603954609000001 52.485436290000102)","Unfall 240021 (2022) Kat:3, Licht: 2","240021","3","3","5","12","05","4","","2","1","1","0","0"
"POINT (13.197801082000099 52.518692276000102)","Unfall 240023 (2022) Kat:3, Licht: 0","240023","3","5","1","12","10","6","","0","1","1","0","0"
"POINT (13.213207320000000 52.538442942000103)","Unfall 240025 (2022) Kat:3, Licht: 0","240025","3","6","2","12","11","6","","0","0","1","0","0"
"POINT (13.384153220000000 52.555896647000097)","Unfall 240026 (2022) Kat:3, Licht: 0","240026","3","2","5","12","14","6","","0","0","1","0","0"
"POINT (13.323946030000100 52.525525495000103)","Unfall 240029 (2022) Kat:3, Licht: 0","240029","3","3","0","12","12","3","","0","0","1","0","1"
"POINT (13.384999460000101 52.567564140999998)","Unfall 240030 (2022) Kat:3, Licht: 2","240030","3","4","6","12","16","2","","2","0","1","1","0"
"POINT (13.382147607000000 52.553080362000102)","Unfall 240032 (2022) Kat:3, Licht: 2","240032","3","7","6","12","19","7","","2","0","1","1","0"
"POINT (13.324671846000101 52.499070738999997)","Unfall 240036 (2022) Kat:3, Licht: 1","240036","3","4","6","12","15","3","","1","1","0","1","0"
"POINT (13.351904684000001 52.499776738999998)","Unfall 240038 (2022) Kat:3, Licht: 0","240038","3","5","0","12","11","2","","0","0","1","0","0"
"POINT (13.431707721000100 52.614053407000000)","Unfall 240039 (2022) Kat:3, Licht: 0","240039","3","7","6","12","15","4","","0","1","0","1","0"
"POINT (13.186437108000099 52.511633587000098)","Unfall 240041 (2022) Kat:3, Licht: 1","240041","3","3","5","12","15","6","","1","0","1","0","0"
"POINT (13.457576868000000 52.528745252000100)","Unfall 240044 (2022) Kat:2, Licht: 2","240044","2","4","6","12","19","6","","2","0","0","1","0"
"POINT (13.202421538000101 52.565469610999997)","Unfall 240045 (2022) Kat:3, Licht: 2","240045","3","1","1","12","00","7","","2","0","1","0","0"
"POINT (13.396285476999999 52.517464511000099)","Unfall 240048 (2022) Kat:3, Licht: 0","240048","3","3","0","12","15","3","","0","0","1","0","0"
"POINT (13.294340116000100 52.491538620000000)","Unfall 240049 (2022) Kat:3, Licht: 0","240049","3","3","5","12","12","7","","0","0","1","0","0"
"POINT (13.407940358000101 52.541870220000099)","Unfall 240051 (2022) Kat:3, Licht: 0","240051","3","5","0","12","13","1","","0","0","1","0","1"
"POINT (13.298159795000100 52.506763358999997)","Unfall 240052 (2022) Kat:3, Licht: 0","240052","3","6","2","12","15","5","","0","0","1","0","0"
"POINT (13.195757315000000 52.555301246000099)","Unfall 240054 (2022) Kat:2, Licht: 1","240054","2","3","5","12","16","4","","1","0","1","0","0"
"POINT (13.325210841000100 52.455588390999999)","Unfall 240055 (2022) Kat:3, Licht: 2","240055","3","6","2","12","17","6","","2","0","1","0","0"
"POINT (13.396899178000099 52.528568894000003)","Unfall 240056 (2022) Kat:3, Licht: 0","240056","3","5","1","12","12","4","","0","1","1","0","0"
"POINT (13.430311827000001 52.551130323999999)","Unfall 240060 (2022) Kat:3, Licht: 2","240060","3","6","2","12","17","6","","2","0","1","0","0"
"POINT (13.495664290000001 52.424757806999999)","Unfall 240062 (2022) Kat:3, Licht: 0","240062","3","3","5","12","09","2","","0","0","1","0","0"
"POINT (13.583867218000000 52.523635189000103)","Unfall 240065 (2022) Kat:3, Licht: 0","240065","3","7","6","12","14","2","","0","0","0","1","0"
"POINT (13.484811116000101 52.533632777000001)","Unfall 240067 (2022) Kat:3, Licht: 0","240067","3","1","8","12","11","3","","0","0","1","0","0"
"POINT (13.304771034000099 52.458815948000101)","Unfall 240069 (2022) Kat:3, Licht: 0","240069","3","4","6","12","13","2","","0","0","1","1","0"
"POINT (13.384238477000100 52.509917073000103)","Unfall 240071 (2022) Kat:3, Licht: 0","240071","3","2","6","12","17","6","","0","0","1","1","0"
"POINT (13.337923803000001 52.501816085000002)","Unfall 240073 (2022) Kat:3, Licht: 0","240073","3","7","5","12","13","7","","0","0","1","0","0"
"POINT (13.157939096000099 52.533078650000000)","Unfall 240076 (2022) Kat:3, Licht: 0","240076","3","2","5","12","13","7","","0","0","1","0","0"
"POINT (13.385244083000000 52.448059893999996)","Unfall 240080 (2022) Kat:2, Licht: 0","240080","2","2","5","12","10","3","","0","0","1","0","1"
"POINT (13.324703323000101 52.478739275000102)","Unfall 240082 (2022) Kat:3, Licht: 1","240082","3","7","0","12","16","2","","1","1","1","0","0"
"POINT (13.337592433000101 52.466991425000103)","Unfall 240083 (2022) Kat:3, Licht: 2","240083","3","1","0","12","20","5","","2","0","0","0","0"