WKT,Name,OBJECTID,UKATEGORIE,UTYP1,UART,UMONAT,USTUNDE,UWOCHENTAG,STRZUSTAND,ULICHTVERH,ISTRAD,ISTPKW,ISTFUSS,ISTKRAD
"POINT (13.468993840000101 52.534472231000102)","Unfall 240085 (2022) Kat:3, Licht: 2","240085","3","3","5","12","18","5","","2","1","1","0","0"
"POINT (13.333677890000001 52.528764504000002)","Unfall 240087 (2022) Kat:3, Licht: 0","240087","3","6","3","12","14","6","","0","1","1","0","0"
"POINT (13.433892162000101 52.443705473000101)","Unfall 240088 (2022) Kat:2, Licht: 0","240088","2","6","0","12","09","5","","0","0","0","0","0"
"POINT (13.428567570000000 52.519540386000102)","Unfall 240089 (2022) Kat:3, Licht: 0","240089","3","3","5","12","13","5","","0","0","1","0","0"
"POINT (13.346576578000100 52.431984489000101)","Unfall 240093 (2022) Kat:2, Licht: 0","240093","2","1","0","12","14","2","","0","1","0","0","0"
"POINT (13.575337509000100 52.547026548000098)","Unfall 240094 (2022) Kat:3, Licht: 0","240094","3","3","5","12","08","2","","0","1","0","0","0"
"POINT (13.305836907000099 52.620405007000002)","Unfall 240096 (2022) Kat:3, Licht: 2","240096","3","3","5","12","05","6","","2","1","0","0","0"
"POINT (13.403655682000000 52.526016257999999)","Unfall 240097 (2022) Kat:3, Licht: 0","240097","3","3","5","12","15","4","","0","1","1","0","0"
"POINT (13.310985313000099 52.547495313000098)","Unfall 240099 (2022) Kat:3, Licht: 1","240099","3","1","0","12","16","4","","1","0","0","0","1"
"POINT (13.320134682000100 52.497090927000002)","Unfall 240101 (2022) Kat:3, Licht: 2","240101","3","6","3","12","19","2","","2","1","1","0","0"
"POINT (13.389770810000099 52.574292638000003)","Unfall 240103 (2022) Kat:3, Licht: 0","240103","3","3","5","12","13","7","","0","1","1","0","0"
"POINT (13.345351150000100 52.531184969000002)","Unfall 240105 (2022) Kat:3, Licht: 2","240105","3","3","0","12","16","4","","2","0","1","0","1"
"POINT (13.196816614000101 52.513211314000003)","Unfall 240106 (2022) Kat:2, Licht: 2","240106","2","7","9","12","20","7","","2","0","1","0","0"
"POINT (13.401341095000101 52.529814682999998)","Unfall 240108 (2022) Kat:3, Licht: 0","240108","3","3","5","12","08","5","","0","0","1","0","0"
"POINT (13.323391771000001 52.510860551000100)","Unfall 240110 (2022) Kat:3, Licht: 0","240110","3","3","5","12","17","4","","0","0","1","0","0"
"POINT (13.309228557000001 52.578681244000101)","Unfall 240112 (2022) Kat:3, Licht: 2","240112","3","3","5","12","17","3","","2","0","1","0","0"
"POINT (13.161823805999999 52.523564511000103)","Unfall 240115 (2022) Kat:3, Licht: 0","240115","3","2","5","12","14","7","","0","0","1","0","0"
"POINT (13.466159618000100 52.496811155000003)","Unfall 240117 (2022) Kat:3, Licht: 0","240117","3","6","4","12","15","3","","0","0","1","0","0"
"POINT (13.397684995000100 52.567860413000098)","Unfall 240119 (2022) Kat:3, Licht: 0","240119","3","3","5","12","14","6","","0","1","1","0","0"
"POINT (13.321172870000099 52.486538029000002)","Unfall 240121 (2022) Kat:2, Licht: 0","240121","2","1","0","12","14","4","","0","0","0","0","1"
"POINT (13.378631495000000 52.550440705000000)","Unfall 240123 (2022) Kat:3, Licht: 2","240123","3","2","6","12","18","3","","2","0","1","1","0"
"POINT (13.314257291000001 52.474293000999999)","Unfall 240124 (2022) Kat:3, Licht: 0","240124","3","4","6","12","12","5","","0","0","1","1","0"
"POINT (13.463086471000100 52.463256310000098)","Unfall 240126 (2022) Kat:3, Licht: 0","240126","3","6","2","12","12","7","","0","0","1","0","0"
"POINT (13.600095966000000 52.475096198000102)","Unfall 240129 (2022) Kat:3, Licht: 1","240129","3","2","5","12","15","6","","1","1","1","0","0"
"POINT (13.375531782000101 52.542463213000097)","Unfall 240133 (2022) Kat:2, Licht: 0","240133","2","2","5","12","15","3","","0","1","1","0","0"
"POINT (13.349708969000099 52.434419652000003)","Unfall 240135 (2022) Kat:3, Licht: 1","240135","3","4","6","12","18","2","","1","0","0","1","0"
"POINT (13.591632446000100 52.537076405999997)","Unfall 240136 (2022) Kat:2, Licht: 2","240136","2","4","6","12","15","5","","2","0","1","1","0"
"POINT (13.249858134000000 52.538104584000102)","Unfall 240138 (2022) Kat:2, Licht: 0","240138","2","2","5","12","14","6","","0","1","1","0","0"
"POINT (13.558933992000000 52.507253456999997)","Unfall 240140 (2022) Kat:3, Licht: 0","240140","3","2","2","12","13","5","","0","0","1","0","0"
"POINT (13.157342261000100 52.540465653000098)","Unfall 240141 (2022) Kat:3, Licht: 0","240141","3","2","2","12","13","6","","0","0","1","0","0"
"POINT (13.407813669000101 52.439232447000101)","Unfall 240142 (2022) Kat:3, Licht: 0","240142","3","3","5","12","10","4","","0","0","1","0","0"
"POINT (13.395955625000100 52.498445165000099)","Unfall 240146 (2022) Kat:3, Licht: 2","240146","3","2","6","12","16","2","","2","0","1","1","0"
"POINT (13.498367048000000 52.514771740000100)","Unfall 240147 (2022) Kat:3, Licht: 2","240147","3","5","1","12","18","1","","2","1","1","0","0"
"POINT (13.438778025000000 52.469505796000099)","Unfall 240149 (2022) Kat:3, Licht: 0","240149","3","2","5","12","13","6","","0","0","1","0","0"
"POINT (13.738432019000101 52.428847277000003)","Unfall 240150 (2022) Kat:3, Licht: 2","240150","3","3","5","12","07","4","","2","1","1","0","0"
"POINT (13.198168718000000 52.532822522000103)","Unfall 240152 (2022) Kat:3, Licht: 0","240152","3","2","6","12","08","4","","0","0","1","1","0"
"POINT (13.153448510000000 52.553439887000103)","Unfall 240154 (2022) Kat:3, Licht: 2","240154","3","2","6","12","18","2","","2","0","1","1","0"
"POINT (13.385449876999999 52.507412633999998)","Unfall 240155 (2022) Kat:3, Licht: 2","240155","3","3","5","12","04","7","","2","1","1","0","0"
"POINT (13.430599521000000 52.511120845000100)","Unfall 240156 (2022) Kat:3, Licht: 0","240156","3","3","2","12","13","7","","0","0","1","0","0"
"POINT (13.426109288000101 52.477564633000000)","Unfall 240158 (2022) Kat:3, Licht: 1","240158","3","2","5","12","15","4","","1","1","1","0","0"
"POINT (13.447897162000100 52.477962402000102)","Unfall 240161 (2022) Kat:3, Licht: 2","240161","3","3","5","12","06","7","","2","0","1","0","0"
"POINT (13.299393040000000 52.579265868999997)","Unfall 240164 (2022) Kat:3, Licht: 2","240164","3","6","2","12","17","2","","2","0","1","0","0"
"POINT (13.393138532000000 52.515014893000100)","Unfall 240166 (2022) Kat:2, Licht: 2","240166","2","3","5","12","22","2","","2","0","1","0","0"
"POINT (13.373496326000099 52.409001607000100)","Unfall 240167 (2022) Kat:2, Licht: 0","240167","2","1","0","12","12","5","","0","0","0","0","1"
"POINT (13.218354571000100 52.519276703000102)","Unfall 240169 (2022) Kat:2, Licht: 2","240169","2","1","9","12","17","5","","2","0","1","0","0"
"POINT (13.402090470000100 52.602854526000002)","Unfall 240172 (2022) Kat:3, Licht: 2","240172","3","2","5","12","16","6","","2","0","1","0","0"
"POINT (13.519053288000100 52.433200360000100)","Unfall 240173 (2022) Kat:3, Licht: 0","240173","3","6","2","12","14","7","","0","0","1","0","0"
"POINT (13.285120696000000 52.479603021999999)","Unfall 240176 (2022) Kat:3, Licht: 2","240176","3","2","6","12","16","3","","2","0","1","1","0"
"POINT (13.406418401000099 52.404413441000003)","Unfall 240177 (2022) Kat:3, Licht: 2","240177","3","2","6","12","18","2","","2","0","1","1","0"
"POINT (13.528159824999999 52.556958360000102)","Unfall 240179 (2022) Kat:3, Licht: 2","240179","3","2","5","12","16","6","","2","0","1","0","0"
"POINT (13.212299201000100 52.561121140000097)","Unfall 240180 (2022) Kat:3, Licht: 0","240180","3","6","2","12","15","3","","0","0","1","0","0"
"POINT (13.360373699000000 52.490395311999997)","Unfall 240182 (2022) Kat:3, Licht: 1","240182","3","3","5","12","07","2","","1","0","1","0","0"
"POINT (13.410535698000000 52.503373940000102)","Unfall 240183 (2022) Kat:3, Licht: 0","240183","3","3","5","12","14","6","","0","1","1","0","0"
"POINT (13.334558083999999 52.595622725000098)","Unfall 240185 (2022) Kat:3, Licht: 2","240185","3","6","3","12","21","6","","2","0","1","0","0"
"POINT (13.208468015000101 52.545653586000100)","Unfall 240188 (2022) Kat:3, Licht: 0","240188","3","6","2","12","09","6","","0","0","1","0","0"
"POINT (13.202012603000099 52.535035743000002)","Unfall 240191 (2022) Kat:3, Licht: 2","240191","3","5","1","12","18","3","","2","1","1","0","0"
"POINT (13.373792894000101 52.562965306000102)","Unfall 240192 (2022) Kat:3, Licht: 0","240192","3","7","6","12","08","1","","0","0","0","1","0"
"POINT (13.260545012000000 52.426639686000001)","Unfall 240194 (2022) Kat:3, Licht: 2","240194","3","7","2","12","16","1","","2","0","1","0","0"
"POINT (13.395565835000101 52.528961262000102)","Unfall 240196 (2022) Kat:3, Licht: 0","240196","3","6","3","12","12","6","","0","0","1","0","0"
"POINT (13.187491158000100 52.515010873000101)","Unfall 240198 (2022) Kat:2, Licht: 0","240198","2","3","5","12","09","4","","0","0","1","0","0"
"POINT (13.408163795000100 52.529127449000001)","Unfall 240199 (2022) Kat:3, Licht: 2","240199","3","1","9","12","18","5","","2","0","1","0","0"
"POINT (13.415600188000001 52.439847682000000)","Unfall 240200 (2022) Kat:3, Licht: 2","240200","3","4","6","12","18","3","","2","0","1","1","0"
"POINT (13.299544064000001 52.579077631000096)","Unfall 240204 (2022) Kat:3, Licht: 2","240204","3","2","6","12","07","2","","2","0","1","1","0"
"POINT (13.424402724000100 52.547025269000102)","Unfall 240205 (2022) Kat:3, Licht: 2","240205","3","1","0","12","18","7","","2","0","0","0","1"
"POINT (13.492279664000000 52.565129730000102)","Unfall 240207 (2022) Kat:3, Licht: 2","240207","3","2","5","12","16","3","","2","0","1","0","0"
"POINT (13.407935219000001 52.573102822000102)","Unfall 240208 (2022) Kat:3, Licht: 2","240208","3","4","6","12","18","2","","2","1","0","1","0"
"POINT (13.476928210000001 52.522983830000001)","Unfall 240209 (2022) Kat:3, Licht: 0","240209","3","7","2","12","14","4","","0","0","1","0","0"
"POINT (13.439435561000000 52.547755576999997)","Unfall 240211 (2022) Kat:3, Licht: 0","240211","3","2","5","12","10","4","","0","1","1","0","0"
"POINT (13.367888524000000 52.483160412000103)","Unfall 240213 (2022) Kat:3, Licht: 2","240213","3","3","5","12","19","3","","2","1","1","0","0"
"POINT (13.412761221000000 52.528123487000101)","Unfall 240215 (2022) Kat:3, Licht: 0","240215","3","1","0","12","08","6","","0","0","0","0","1"
"POINT (13.393763455000100 52.510737232000103)","Unfall 240217 (2022) Kat:3, Licht: 2","240217","3","2","2","12","18","6","","2","0","1","0","0"
"POINT (13.437617660000100 52.548057208000003)","Unfall 240220 (2022) Kat:3, Licht: 0","240220","3","4","6","12","12","6","","0","1","0","1","0"
"POINT (13.294941730000099 52.444568464000000)","Unfall 240224 (2022) Kat:3, Licht: 2","240224","3","3","5","12","05","2","","2","0","1","0","0"
"POINT (13.467333833000099 52.468446688000000)","Unfall 240226 (2022) Kat:3, Licht: 2","240226","3","3","5","12","17","2","","2","0","1","0","0"
"POINT (13.306815117999999 52.517262921000103)","Unfall 240227 (2022) Kat:2, Licht: 2","240227","2","2","6","12","06","5","","2","0","1","1","0"
"POINT (13.209311668000099 52.565001887999998)","Unfall 240229 (2022) Kat:3, Licht: 0","240229","3","5","1","12","14","6","","0","0","1","0","0"
"POINT (13.420054519000100 52.502232986000102)","Unfall 240232 (2022) Kat:3, Licht: 2","240232","3","3","5","12","19","5","","2","0","1","0","1"
"POINT (13.371849322999999 52.509180558000097)","Unfall 240233 (2022) Kat:3, Licht: 2","240233","3","3","5","12","18","7","","2","0","1","0","0"
"POINT (13.410207759000100 52.523993587000099)","Unfall 240236 (2022) Kat:3, Licht: 2","240236","3","4","6","12","22","3","","2","0","0","1","0"
"POINT (13.445543454000100 52.470172008000098)","Unfall 240237 (2022) Kat:3, Licht: 0","240237","3","2","5","12","09","7","","0","0","1","0","0"
"POINT (13.421365788000100 52.564057902999998)","Unfall 240239 (2022) Kat:3, Licht: 2","240239","3","1","1","12","00","7","","2","0","1","0","0"
"POINT (13.436080565999999 52.483792412000099)","Unfall 240240 (2022) Kat:3, Licht: 0","240240","3","6","2","12","12","5","","0","1","1","0","0"
"POINT (13.329575862000100 52.464491314000000)","Unfall 240242 (2022) Kat:3, Licht: 0","240242","3","6","4","12","14","5","","0","1","1","0","0"
"POINT (13.438983355000101 52.547187473000101)","Unfall 240243 (2022) Kat:3, Licht: 2","240243","3","7","0","12","20","6","","2","0","0","0","0"
"POINT (13.436535219000101 52.423771039000002)","Unfall 240244 (2022) Kat:3, Licht: 2","240244","3","2","6","12","05","4","","2","0","1","1","0"
"POINT (13.387293396000100 52.526071886000103)","Unfall 240248 (2022) Kat:3, Licht: 1","240248","3","7","6","12","08","6","","1","0","0","1","0"
"POINT (13.352118923000001 52.418539999000103)","Unfall 240250 (2022) Kat:3, Licht: 0","240250","3","3","5","12","11","3","","0","0","1","0","0"
"POINT (13.378072962999999 52.491795780000103)","Unfall 240252 (2022) Kat:3, Licht: 2","240252","3","2","5","12","19","1","","2","1","1","0","0"
"POINT (13.346801012000100 52.435416300999997)","Unfall 240254 (2022) Kat:3, Licht: 0","240254","3","6","2","12","10","4","","0","0","1","0","0"
"POINT (13.394515959000000 52.491408421000102)","Unfall 240256 (2022) Kat:3, Licht: 2","240256","3","2","6","12","05","3","","2","0","1","1","0"
"POINT (13.457253671000000 52.561082296000102)","Unfall 240258 (2022) Kat:3, Licht: 2","240258","3","2","6","12","17","4","","2","0","1","1","0"
"POINT (13.506046268000000 52.446090833000000)","Unfall 240260 (2022) Kat:3, Licht: 2","240260","3","4","6","12","05","5","","2","0","1","1","0"
"POINT (13.348962905000100 52.552096850000098)","Unfall 240261 (2022) Kat:3, Licht: 0","240261","3","4","6","12","12","6","","0","1","0","1","0"
"POINT (13.394304989000000 52.465505829999998)","Unfall 240262 (2022) Kat:3, Licht: 1","240262","3","6","3","12","15","4","","1","0","1","0","1"
"POINT (13.199404723000001 52.534622257000102)","Unfall 240265 (2022) Kat:3, Licht: 1","240265","3","2","6","12","07","2","","1","0","0","1","0"
"POINT (13.586419662000001 52.516851176000003)","Unfall 240266 (2022) Kat:3, Licht: 2","240266","3","3","5","12","18","7","","2","0","1","0","0"
"POINT (13.394079036999999 52.506940909000001)","Unfall 240268 (2022) Kat:3, Licht: 2","240268","3","1","9","12","02","2","","2","0","0","0","1"
"POINT (13.509437007000001 52.443263183000099)","Unfall 240270 (2022) Kat:3, Licht: 0","240270","3","1","0","12","13","2","","0","1","0","0","0"
"POINT (13.361090902000100 52.486038217000001)","Unfall 240273 (2022) Kat:3, Licht: 2","240273","3","6","2","12","17","4","","2","1","1","0","0"
"POINT (13.441258673000000 52.549565792000102)","Unfall 240275 (2022) Kat:2, Licht: 2","240275","2","3","5","12","16","3","","2","0","1","0","1"
"POINT (13.338526775000000 52.502373483000000)","Unfall 240277 (2022) Kat:3, Licht: 2","240277","3","6","2","12","20","6","","2","0","1","0","0"
"POINT (13.329508711000100 52.523818558000102)","Unfall 240279 (2022) Kat:3, Licht: 2","240279","3","2","6","12","20","1","","2","0","1","1","0"
"POINT (13.400922068000099 52.414535180000001)","Unfall 240282 (2022) Kat:3, Licht: 0","240282","3","3","5","12","11","7","","0","1","1","0","0"
"POINT (13.358421111000000 52.524689913000003)","Unfall 240286 (2022) Kat:3, Licht: 2","240286","3","4","6","12","19","2","","2","0","1","1","0"
"POINT (13.333123994000101 52.487822938000100)","Unfall 240288 (2022) Kat:3, Licht: 0","240288","3","4","6","12","11","1","","0","1","0","1","0"
"POINT (13.465435742000100 52.507735482999998)","Unfall 240289 (2022) Kat:3, Licht: 2","240289","3","2","5","12","19","4","","2","1","1","0","0"
"POINT (13.316522072000099 52.499543071000097)","Unfall 240291 (2022) Kat:3, Licht: 0","240291","3","2","5","12","12","6","","0","0","1","0","0"
"POINT (13.526095382999999 52.423631888999999)","Unfall 240294 (2022) Kat:3, Licht: 0","240294","3","6","2","12","13","6","","0","0","1","0","0"
"POINT (13.327640419000000 52.563988880000103)","Unfall 240295 (2022) Kat:3, Licht: 2","240295","3","4","6","12","20","6","","2","0","1","1","0"
"POINT (13.370814168000001 52.492675876000099)","Unfall 240298 (2022) Kat:3, Licht: 2","240298","3","6","2","12","17","2","","2","0","1","0","0"
"POINT (13.326102026000100 52.538365673999998)","Unfall 240299 (2022) Kat:3, Licht: 2","240299","3","2","5","12","03","2","","2","0","1","0","0"
"POINT (13.165371709000100 52.551148145000099)","Unfall 240301 (2022) Kat:2, Licht: 1","240301","2","2","5","12","15","1","","1","0","1","0","0"
"POINT (13.320358200999999 52.483356518000100)","Unfall 240302 (2022) Kat:3, Licht: 0","240302","3","6","2","12","09","5","","0","0","1","0","0"
"POINT (13.405515867000100 52.523490692999999)","Unfall 240304 (2022) Kat:3, Licht: 0","240304","3","3","0","12","09","5","","0","0","1","0","1"
"POINT (13.552764889000100 52.514989960999998)","Unfall 240306 (2022) Kat:3, Licht: 0","240306","3","5","1","12","12","4","","0","0","1","0","1"
"POINT (13.416420502000101 52.464671377999998)","Unfall 240309 (2022) Kat:3, Licht: 2","240309","3","3","5","12","02","7","","2","0","1","0","0"
"POINT (13.431785311000100 52.515167384999998)","Unfall 240311 (2022) Kat:3, Licht: 2","240311","3","3","5","12","22","1","","2","0","1","0","0"
"POINT (13.414761019000000 52.519343051000099)","Unfall 240313 (2022) Kat:3, Licht: 0","240313","3","7","1","12","11","2","","0","0","1","0","0"
"POINT (13.604563850000000 52.538791814000000)","Unfall 240315 (2022) Kat:3, Licht: 2","240315","3","2","6","12","16","4","","2","0","1","1","0"
"POINT (13.421102964999999 52.480267712000099)","Unfall 240317 (2022) Kat:3, Licht: 2","240317","3","2","2","12","19","2","","2","0","1","0","0"
"POINT (13.313537652000001 52.504031544999997)","Unfall 240318 (2022) Kat:3, Licht: 2","240318","3","6","2","12","19","6","","2","0","1","0","0"
"POINT (13.360427289000000 52.555039814000096)","Unfall 240320 (2022) Kat:3, Licht: 0","240320","3","6","2","12","15","7","","0","0","1","0","0"
"POINT (13.492516884000100 52.469968252999998)","Unfall 240323 (2022) Kat:2, Licht: 0","240323","2","3","5","12","12","6","","0","1","1","0","0"
"POINT (13.600897871000001 52.478996014000103)","Unfall 240327 (2022) Kat:3, Licht: 0","240327","3","2","6","12","10","2","","0","0","1","1","0"
"POINT (13.206219916000100 52.542377371999997)","Unfall 240329 (2022) Kat:3, Licht: 0","240329","3","6","3","12","12","2","","0","0","1","0","0"
"POINT (13.384597574000100 52.496784783000102)","Unfall 240330 (2022) Kat:3, Licht: 2","240330","3","2","6","12","16","5","","2","0","1","1","0"
"POINT (13.517588324000000 52.467446708000097)","Unfall 240332 (2022) Kat:3, Licht: 0","240332","3","2","5","12","13","6","","0","0","1","0","0"
"POINT (13.323191693000100 52.493422879000001)","Unfall 240334 (2022) Kat:3, Licht: 0","240334","3","6","2","12","11","6","","0","0","1","0","0"
"POINT (13.546396408000000 52.544388515000001)","Unfall 240336 (2022) Kat:3, Licht: 0","240336","3","3","5","12","14","7","","0","1","1","0","0"
"POINT (13.231775434999999 52.612750269999999)","Unfall 240340 (2022) Kat:3, Licht: 0","240340","3","3","5","12","10","7","","0","0","1","0","0"
"POINT (13.420511827000000 52.548718296000096)","Unfall 240344 (2022) Kat:3, Licht: 2","240344","3","2","5","12","17","3","","2","1","1","0","0"
"POINT (13.349313584000100 52.515070057000102)","Unfall 240346 (2022) Kat:3, Licht: 2","240346","3","6","3","12","06","2","","2","0","1","0","0"
"POINT (13.353791814999999 52.449153449999997)","Unfall 240347 (2022) Kat:1, Licht: 2","240347","1","1","8","12","05","5","","2","0","1","0","0"
"POINT (13.388733849000101 52.561501974000102)","Unfall 240349 (2022) Kat:3, Licht: 0","240349","3","6","4","12","09","5","","0","1","0","0","0"
"POINT (13.432012964000000 52.485556508999998)","Unfall 240352 (2022) Kat:3, Licht: 2","240352","3","6","2","12","15","6","","2","0","1","0","0"
"POINT (13.362319070000099 52.497639998000103)","Unfall 240353 (2022) Kat:3, Licht: 2","240353","3","4","6","12","22","6","","2","0","1","1","0"
"POINT (13.461803168000101 52.462662389999998)","Unfall 240354 (2022) Kat:3, Licht: 2","240354","3","6","3","12","00","5","","2","0","1","0","0"
"POINT (13.490304672000001 52.514703109999999)","Unfall 240357 (2022) Kat:3, Licht: 0","240357","3","2","6","12","10","3","","0","0","1","1","0"
"POINT (13.426525227000100 52.516172480000101)","Unfall 240358 (2022) Kat:3, Licht: 2","240358","3","7","2","12","17","7","","2","0","1","0","0"
"POINT (13.230035096000099 52.546568916000098)","Unfall 240360 (2022) Kat:3, Licht: 2","240360","3","6","2","12","18","7","","2","0","1","0","0"
"POINT (13.547065956000001 52.437531337999999)","Unfall 240361 (2022) Kat:3, Licht: 0","240361","3","1","8","12","09","4","","0","0","1","0","0"
"POINT (13.382774378000001 52.403050694999997)","Unfall 240363 (2022) Kat:3, Licht: 0","240363","3","2","0","12","14","5","","0","1","1","0","0"
"POINT (13.306961783000100 52.499897174000097)","Unfall 240365 (2022) Kat:3, Licht: 2","240365","3","6","3","12","19","4","","2","0","1","0","0"
"POINT (13.417710822000100 52.487665381000099)","Unfall 240368 (2022) Kat:3, Licht: 0","240368","3","3","5","12","14","7","","0","0","1","0","0"
"POINT (13.320213304999999 52.474981841999998)","Unfall 240370 (2022) Kat:3, Licht: 2","240370","3","6","2","12","18","3","","2","1","1","0","0"
"POINT (13.591614712000000 52.541499450000103)","Unfall 240373 (2022) Kat:3, Licht: 0","240373","3","3","5","12","11","7","","0","0","1","0","0"
"POINT (13.507834109999999 52.546247760000000)","Unfall 240376 (2022) Kat:3, Licht: 2","240376","3","3","5","12","18","4","","2","1","1","0","0"
"POINT (13.320753399000100 52.451848911000098)","Unfall 240378 (2022) Kat:3, Licht: 2","240378","3","2","6","12","18","3","","2","0","1","1","0"
"POINT (13.271943921000100 52.536652628000098)","Unfall 240379 (2022) Kat:2, Licht: 0","240379","2","3","2","12","13","6","","0","0","1","0","0"
"POINT (13.462215636000099 52.432588840999998)","Unfall 240381 (2022) Kat:3, Licht: 0","240381","3","7","5","12","10","7","","0","0","1","0","0"
"POINT (13.442179319999999 52.456422770000103)","Unfall 240384 (2022) Kat:3, Licht: 2","240384","3","1","0","12","21","6","","2","0","0","0","1"
"POINT (13.290817530000000 52.515006655000001)","Unfall 240387 (2022) Kat:3, Licht: 2","240387","3","4","6","12","17","2","","2","1","0","1","0"
"POINT (13.194366478000100 52.518064350000003)","Unfall 240389 (2022) Kat:3, Licht: 1","240389","3","1","0","12","05","5","","1","1","0","0","0"
"POINT (13.349855991000000 52.534597199000103)","Unfall 240391 (2022) Kat:2, Licht: 2","240391","2","7","1","12","22","5","","2","0","1","0","0"
"POINT (13.539978944000000 52.534475314000098)","Unfall 240393 (2022) Kat:2, Licht: 0","240393","2","2","6","12","09","5","","0","0","1","1","0"
"POINT (13.496494044000000 52.415783122999997)","Unfall 240394 (2022) Kat:2, Licht: 1","240394","2","2","5","12","07","6","","1","0","1","0","0"
"POINT (13.198468832000099 52.532975049000100)","Unfall 240395 (2022) Kat:3, Licht: 1","240395","3","6","2","12","17","4","","1","0","1","0","0"
"POINT (13.625022674000000 52.453433547000003)","Unfall 240399 (2022) Kat:3, Licht: 0","240399","3","7","5","12","12","2","","0","1","1","0","0"
"POINT (13.572335807000099 52.428904584000101)","Unfall 240400 (2022) Kat:3, Licht: 2","240400","3","2","5","12","00","7","","2","0","1","0","0"
"POINT (13.501565707999999 52.559361575000104)","Unfall 240402 (2022) Kat:3, Licht: 2","240402","3","6","3","12","20","4","","2","0","1","0","0"
"POINT (13.191876652000101 52.520994442000102)","Unfall 240403 (2022) Kat:1, Licht: 1","240403","1","7","4","12","15","1","","1","0","1","0","0"
"POINT (13.524847028000099 52.555321836000097)","Unfall 240404 (2022) Kat:3, Licht: 2","240404","3","6","2","12","16","4","","2","0","1","0","0"
"POINT (13.354104445000100 52.499299894000004)","Unfall 240406 (2022) Kat:3, Licht: 0","240406","3","2","6","12","14","4","","0","0","1","1","0"
"POINT (13.412748105000000 52.544399984000101)","Unfall 240408 (2022) Kat:3, Licht: 2","240408","3","2","5","12","23","3","","2","1","1","0","0"
"POINT (13.419769217000100 52.606021802999997)","Unfall 240410 (2022) Kat:3, Licht: 0","240410","3","6","2","12","10","5","","0","0","1","0","0"
"POINT (13.501015756000101 52.560906933000098)","Unfall 240411 (2022) Kat:3, Licht: 0","240411","3","2","5","12","14","6","","0","1","1","0","0"
"POINT (13.324042690000100 52.491442774000099)","Unfall 240412 (2022) Kat:3, Licht: 2","240412","3","7","7","12","20","4","","2","1","0","0","0"
"POINT (13.347400372999999 52.467631365999999)","Unfall 240417 (2022) Kat:3, Licht: 2","240417","3","2","6","12","19","4","","2","0","1","1","0"
"POINT (13.438979665000000 52.555376784000003)","Unfall 240418 (2022) Kat:3, Licht: 2","240418","3","6","3","12","22","7","","2","1","1","0","0"
"POINT (13.345921415000101 52.494139298000100)","Unfall 240420 (2022) Kat:3, Licht: 0","240420","3","6","2","12","13","7","","0","0","1","0","0"
"POINT (13.498003063000100 52.433557620999999)","Unfall 240421 (2022) Kat:2, Licht: 2","240421","2","3","5","12","05","5","","2","1","1","0","0"
"POINT (13.327625023000101 52.575649605000102)","Unfall 240423 (2022) Kat:3, Licht: 2","240423","3","4","6","12","16","4","","2","0","1","1","0"
"POINT (13.317294862000001 52.614864425000100)","Unfall 240425 (2022) Kat:3, Licht: 2","240425","3","2","6","12","06","2","","2","0","1","1","0"
"POINT (13.364595864000000 52.562703403000100)","Unfall 240427 (2022) Kat:3, Licht: 1","240427","3","2","5","12","15","7","","1","0","1","0","0"
"POINT (13.271849214000000 52.536737912000000)","Unfall 240429 (2022) Kat:3, Licht: 0","240429","3","2","6","12","11","3","","0","0","1","1","0"
"POINT (13.446655824000100 52.558828769999998)","Unfall 240431 (2022) Kat:3, Licht: 0","240431","3","5","1","12","08","6","","0","0","1","0","0"
"POINT (13.475019192000000 52.553293661000097)","Unfall 240434 (2022) Kat:3, Licht: 2","240434","3","7","6","12","06","2","","2","1","0","1","0"
"POINT (13.683179612000099 52.408162004000097)","Unfall 240436 (2022) Kat:3, Licht: 0","240436","3","1","8","12","11","1","","0","0","1","0","0"
"POINT (13.408149006000000 52.541439660999998)","Unfall 240437 (2022) Kat:3, Licht: 2","240437","3","1","0","12","06","6","","2","1","0","0","0"
"POINT (13.198386513999999 52.555703522999998)","Unfall 240439 (2022) Kat:3, Licht: 0","240439","3","3","5","12","12","7","","0","0","1","1","0"
"POINT (13.423317284000101 52.520186764000101)","Unfall 240443 (2022) Kat:3, Licht: 2","240443","3","3","5","12","16","6","","2","1","1","0","0"
"POINT (13.181768868000100 52.534081247000103)","Unfall 240444 (2022) Kat:2, Licht: 0","240444","2","2","5","12","09","6","","0","1","1","0","0"
"POINT (13.425082204000001 52.477438462000102)","Unfall 240447 (2022) Kat:3, Licht: 2","240447","3","5","1","12","17","3","","2","0","1","0","0"
"POINT (13.559093125000100 52.448493587000002)","Unfall 240448 (2022) Kat:3, Licht: 2","240448","3","6","2","12","18","1","","2","0","1","0","0"
"POINT (13.591733991000099 52.529347281000099)","Unfall 240450 (2022) Kat:2, Licht: 2","240450","2","4","6","12","17","6","","2","0","1","1","0"
"POINT (13.334254399000001 52.498300379000099)","Unfall 240452 (2022) Kat:2, Licht: 0","240452","2","6","2","12","12","5","","0","0","1","0","1"
"POINT (13.196057932000000 52.533452976000000)","Unfall 240454 (2022) Kat:3, Licht: 0","240454","3","6","2","12","13","5","","0","0","1","0","0"