WKT,Name,OBJECTID,UKATEGORIE,UTYP1,UART,UMONAT,USTUNDE,UWOCHENTAG,STRZUSTAND,ULICHTVERH,ISTRAD,ISTPKW,ISTFUSS,ISTKRAD
"POINT (13.387854633000099 52.492763409000098)","Unfall 240455 (2022) Kat:3, Licht: 0","240455","3","2","5","12","14","5","","0","1","1","0","0"
"POINT (13.401261574999999 52.510910303000102)","Unfall 240456 (2022) Kat:3, Licht: 2","240456","3","6","2","12","20","3","","2","0","1","0","1"
"POINT (13.432496722000099 52.556087947999998)","Unfall 240460 (2022) Kat:3, Licht: 0","240460","3","3","5","12","13","2","","0","0","1","0","0"
"POINT (13.400696177000000 52.529602302999997)","Unfall 240461 (2022) Kat:3, Licht: 0","240461","3","6","3","12","13","7","","0","1","1","0","0"
"POINT (13.195502201000100 52.545968050000099)","Unfall 240463 (2022) Kat:3, Licht: 2","240463","3","3","5","12","16","4","","2","1","1","0","0"
"POINT (13.604037164999999 52.538643520000100)","Unfall 240464 (2022) Kat:3, Licht: 1","240464","3","4","6","12","07","2","","1","0","1","1","0"
"POINT (13.329965032000100 52.464427800000102)","Unfall 240465 (2022) Kat:3, Licht: 0","240465","3","3","5","12","09","4","","0","0","1","0","1"
"POINT (13.446902330000100 52.427068593999998)","Unfall 240467 (2022) Kat:3, Licht: 0","240467","3","3","5","12","14","4","","0","0","1","0","0"
"POINT (13.419247966000100 52.501213861000103)","Unfall 240469 (2022) Kat:3, Licht: 2","240469","3","2","6","12","16","3","","2","0","1","0","0"
"POINT (13.458337035000101 52.485832825999999)","Unfall 240471 (2022) Kat:3, Licht: 1","240471","3","4","6","12","07","6","","1","0","1","1","0"
"POINT (13.374250643000000 52.527949340000099)","Unfall 240473 (2022) Kat:3, Licht: 0","240473","3","7","5","12","14","1","","0","0","1","0","0"
"POINT (13.433249452000000 52.444054098999999)","Unfall 240477 (2022) Kat:3, Licht: 0","240477","3","6","2","12","13","7","","0","0","1","0","0"
"POINT (13.297379813000100 52.501232146000099)","Unfall 240480 (2022) Kat:3, Licht: 0","240480","3","7","1","12","11","2","","0","0","1","0","0"
"POINT (13.345635566000100 52.436354477000101)","Unfall 240482 (2022) Kat:3, Licht: 2","240482","3","2","6","12","06","2","","2","0","1","1","0"
"POINT (13.320340175000100 52.478705968000000)","Unfall 240483 (2022) Kat:3, Licht: 2","240483","3","2","0","12","18","4","","2","0","1","0","0"
"POINT (13.479535002000000 52.419076271999998)","Unfall 240485 (2022) Kat:2, Licht: 0","240485","2","3","5","12","11","5","","0","0","1","0","0"
"POINT (13.400205108000000 52.580440854000102)","Unfall 240488 (2022) Kat:3, Licht: 0","240488","3","3","5","12","11","6","","0","1","1","0","0"
"POINT (13.458630255000100 52.474306516000098)","Unfall 240489 (2022) Kat:2, Licht: 0","240489","2","4","6","12","12","7","","0","0","1","1","0"
"POINT (13.587295837999999 52.549443671000098)","Unfall 240490 (2022) Kat:3, Licht: 2","240490","3","2","5","12","17","6","","2","0","1","0","0"
"POINT (13.419996212999999 52.498596077000101)","Unfall 240492 (2022) Kat:3, Licht: 2","240492","3","5","1","12","23","7","","2","0","1","0","0"
"POINT (13.336903017999999 52.552515866000100)","Unfall 240494 (2022) Kat:3, Licht: 2","240494","3","2","6","12","16","7","","2","0","1","1","0"
"POINT (13.500905443000001 52.435172157000103)","Unfall 240497 (2022) Kat:3, Licht: 2","240497","3","2","5","12","05","3","","2","0","1","0","0"
"POINT (13.496100841000001 52.466053098000003)","Unfall 240499 (2022) Kat:2, Licht: 1","240499","2","2","5","12","12","5","","1","1","0","0","0"
"POINT (13.442394154000100 52.465747884999999)","Unfall 240501 (2022) Kat:3, Licht: 0","240501","3","2","5","12","15","5","","0","0","1","0","0"
"POINT (13.347645961000101 52.494451060000102)","Unfall 240504 (2022) Kat:3, Licht: 0","240504","3","5","1","12","13","6","","0","0","1","0","0"
"POINT (13.344753874000000 52.500342328000002)","Unfall 240505 (2022) Kat:3, Licht: 2","240505","3","4","6","12","17","7","","2","0","1","1","0"
"POINT (13.317581836000000 52.501400107999999)","Unfall 240508 (2022) Kat:3, Licht: 2","240508","3","6","2","12","19","3","","2","0","1","0","0"
"POINT (13.336681249000000 52.504055246000100)","Unfall 240509 (2022) Kat:3, Licht: 2","240509","3","6","2","12","20","1","","2","0","1","0","0"
"POINT (13.430651808000100 52.511098381000103)","Unfall 240511 (2022) Kat:3, Licht: 0","240511","3","3","5","12","11","1","","0","0","1","0","0"
"POINT (13.508959672000101 52.452737140000103)","Unfall 240512 (2022) Kat:3, Licht: 1","240512","3","1","9","12","07","5","","1","0","1","0","0"
"POINT (13.279205079000100 52.503589120000100)","Unfall 240514 (2022) Kat:2, Licht: 2","240514","2","2","5","12","19","4","","2","0","1","0","0"
"POINT (13.486066302999999 52.615950445000102)","Unfall 240515 (2022) Kat:3, Licht: 2","240515","3","3","5","12","04","6","","2","0","1","0","0"
"POINT (13.344917604000001 52.539069310000102)","Unfall 240516 (2022) Kat:3, Licht: 0","240516","3","2","5","12","15","4","","0","1","1","0","0"
"POINT (13.227023433999999 52.626842769000099)","Unfall 240520 (2022) Kat:3, Licht: 2","240520","3","6","2","12","17","2","","2","0","1","0","0"
"POINT (13.495890052000000 52.414943356000002)","Unfall 240521 (2022) Kat:2, Licht: 0","240521","2","7","6","12","10","6","","0","0","1","1","0"
"POINT (13.146670808000099 52.532099238999997)","Unfall 240523 (2022) Kat:2, Licht: 1","240523","2","7","0","12","15","1","","1","0","0","0","0"
"POINT (13.280969788000000 52.593865623000099)","Unfall 240525 (2022) Kat:3, Licht: 0","240525","3","2","5","12","07","2","","0","0","1","0","0"
"POINT (13.343196475000100 52.527774180000101)","Unfall 240527 (2022) Kat:3, Licht: 1","240527","3","6","0","12","15","4","","1","0","1","0","1"
"POINT (13.492354923000100 52.408265139000001)","Unfall 240529 (2022) Kat:3, Licht: 0","240529","3","5","1","12","12","3","","0","0","1","0","0"
"POINT (13.443864346000099 52.500013564000000)","Unfall 240531 (2022) Kat:3, Licht: 2","240531","3","2","0","12","19","6","","2","1","1","0","0"
"POINT (13.376481703000000 52.485034243000001)","Unfall 240533 (2022) Kat:3, Licht: 0","240533","3","3","5","12","11","1","","0","0","1","0","0"
"POINT (13.392337114000000 52.523956642000002)","Unfall 240536 (2022) Kat:3, Licht: 0","240536","3","6","2","12","08","6","","0","0","1","0","0"
"POINT (13.196021993000000 52.520923768999999)","Unfall 240540 (2022) Kat:2, Licht: 2","240540","2","4","6","12","20","3","","2","0","1","1","0"
"POINT (13.494980599000000 52.500552092000099)","Unfall 240542 (2022) Kat:3, Licht: 2","240542","3","6","2","12","17","1","","2","0","1","0","0"
"POINT (13.425699970000000 52.552366173999999)","Unfall 240544 (2022) Kat:3, Licht: 2","240544","3","2","5","12","18","4","","2","1","1","0","0"
"POINT (13.354609548000001 52.429501276000103)","Unfall 240546 (2022) Kat:3, Licht: 2","240546","3","6","2","12","17","5","","2","0","1","0","0"
"POINT (13.557494136000100 52.534432000000002)","Unfall 240548 (2022) Kat:3, Licht: 0","240548","3","6","3","12","11","5","","0","0","1","0","0"
"POINT (13.496841116000001 52.634705023000002)","Unfall 240549 (2022) Kat:3, Licht: 2","240549","3","7","0","12","21","4","","2","0","0","0","0"
"POINT (13.370492898000100 52.469061984000099)","Unfall 240552 (2022) Kat:3, Licht: 2","240552","3","6","2","12","16","3","","2","0","1","0","0"
"POINT (13.473240190000100 52.503138634999999)","Unfall 240553 (2022) Kat:3, Licht: 2","240553","3","6","2","12","17","7","","2","0","1","0","0"
"POINT (13.307877066000099 52.572106285000103)","Unfall 240555 (2022) Kat:2, Licht: 2","240555","2","2","6","12","20","7","","2","0","1","1","0"
"POINT (13.311875568000101 52.506468964000099)","Unfall 240556 (2022) Kat:3, Licht: 2","240556","3","5","1","12","18","4","","2","1","1","0","0"
"POINT (13.332194474000101 52.442446240000002)","Unfall 240558 (2022) Kat:2, Licht: 2","240558","2","2","6","12","16","5","","2","0","1","1","0"
"POINT (13.373542549000000 52.485043546999997)","Unfall 240560 (2022) Kat:2, Licht: 2","240560","2","4","6","12","07","4","","2","0","1","1","0"
"POINT (13.407738074000100 52.524603331999998)","Unfall 240563 (2022) Kat:3, Licht: 1","240563","3","7","2","12","16","7","","1","1","1","0","0"
"POINT (13.295143627000099 52.513479859000000)","Unfall 240565 (2022) Kat:3, Licht: 0","240565","3","5","5","12","13","4","","0","0","1","0","1"
"POINT (13.425068249000001 52.540990782999998)","Unfall 240571 (2022) Kat:3, Licht: 2","240571","3","1","0","12","07","3","","2","1","0","0","0"
"POINT (13.410460227000000 52.529975437000097)","Unfall 240572 (2022) Kat:3, Licht: 2","240572","3","7","6","12","23","7","","2","1","0","1","0"
"POINT (13.423599065000101 52.509115247000103)","Unfall 240574 (2022) Kat:3, Licht: 0","240574","3","7","0","12","09","1","","0","1","0","0","0"
"POINT (13.301814981000099 52.488300341000098)","Unfall 240575 (2022) Kat:3, Licht: 0","240575","3","6","2","12","09","5","","0","0","1","0","0"
"POINT (13.529107457000100 52.568681804999997)","Unfall 240577 (2022) Kat:3, Licht: 2","240577","3","6","2","12","17","5","","2","0","1","0","0"
"POINT (13.323575349000100 52.468785877000101)","Unfall 240578 (2022) Kat:3, Licht: 2","240578","3","5","1","12","17","5","","2","0","1","0","0"
"POINT (13.418224683000100 52.517368898000001)","Unfall 240579 (2022) Kat:3, Licht: 2","240579","3","2","5","12","07","4","","2","1","0","0","0"
"POINT (13.550859292000000 52.429059846000001)","Unfall 240582 (2022) Kat:2, Licht: 2","240582","2","2","5","12","00","7","","2","1","1","0","0"
"POINT (13.424946830000099 52.547002841999998)","Unfall 240584 (2022) Kat:3, Licht: 2","240584","3","3","5","12","01","2","","2","0","1","0","0"
"POINT (13.556048319000100 52.520083204000102)","Unfall 240586 (2022) Kat:3, Licht: 2","240586","3","3","5","12","05","2","","2","0","1","0","0"
"POINT (13.197807378000000 52.522983570000100)","Unfall 240588 (2022) Kat:3, Licht: 1","240588","3","2","6","12","15","4","","1","0","1","1","0"
"POINT (13.281284026000000 52.512761146999999)","Unfall 240590 (2022) Kat:3, Licht: 2","240590","3","2","6","12","17","3","","2","0","1","1","0"
"POINT (13.407069114000000 52.498474944000101)","Unfall 240592 (2022) Kat:3, Licht: 2","240592","3","6","2","12","23","6","","2","0","1","0","0"
"POINT (13.579921146000100 52.459132403000098)","Unfall 240594 (2022) Kat:3, Licht: 2","240594","3","4","6","12","20","6","","2","0","1","1","0"
"POINT (13.438520685000100 52.465335854999999)","Unfall 240597 (2022) Kat:3, Licht: 0","240597","3","3","5","12","14","7","","0","0","1","0","0"
"POINT (13.438247495000001 52.419489171000102)","Unfall 240600 (2022) Kat:2, Licht: 2","240600","2","4","6","12","16","3","","2","0","1","1","0"
"POINT (13.141955932000000 52.412149458000002)","Unfall 240602 (2022) Kat:3, Licht: 2","240602","3","7","0","12","16","2","","2","0","1","0","0"
"POINT (13.417028224999999 52.418220777000002)","Unfall 240603 (2022) Kat:3, Licht: 1","240603","3","2","6","12","15","5","","1","0","1","1","0"
"POINT (13.331095086000101 52.453169223000003)","Unfall 240605 (2022) Kat:2, Licht: 2","240605","2","2","5","12","16","5","","2","0","1","0","0"
"POINT (13.366263312999999 52.553490925000098)","Unfall 240608 (2022) Kat:3, Licht: 2","240608","3","3","5","12","18","6","","2","0","1","0","1"
"POINT (13.207239035000001 52.544528377000098)","Unfall 240609 (2022) Kat:3, Licht: 0","240609","3","6","2","12","13","6","","0","0","1","0","0"
"POINT (13.468441754000001 52.557034681000097)","Unfall 240610 (2022) Kat:3, Licht: 0","240610","3","2","2","12","14","5","","0","1","1","0","0"
"POINT (13.419264451000100 52.572696672000099)","Unfall 240613 (2022) Kat:3, Licht: 2","240613","3","7","0","12","06","3","","2","0","1","0","0"
"POINT (13.528035743000000 52.489876952000003)","Unfall 240614 (2022) Kat:3, Licht: 0","240614","3","7","5","12","11","2","","0","0","1","0","0"
"POINT (13.358922580000099 52.569756761000100)","Unfall 240616 (2022) Kat:3, Licht: 2","240616","3","7","5","12","16","7","","2","0","0","0","1"
"POINT (13.302942077000100 52.505422963000100)","Unfall 240617 (2022) Kat:3, Licht: 2","240617","3","2","6","12","07","4","","2","0","1","1","0"
"POINT (13.377818367000000 52.472476582000098)","Unfall 240619 (2022) Kat:3, Licht: 0","240619","3","3","5","12","08","4","","0","0","1","0","0"
"POINT (13.339281002000099 52.458567796000096)","Unfall 240621 (2022) Kat:2, Licht: 2","240621","2","2","6","12","18","3","","2","0","1","1","0"
"POINT (13.498683062000101 52.526388625999999)","Unfall 240622 (2022) Kat:3, Licht: 0","240622","3","4","6","12","15","7","","0","0","1","1","0"
"POINT (13.437421470000100 52.479120450000003)","Unfall 240623 (2022) Kat:2, Licht: 0","240623","2","4","6","12","15","6","","0","1","0","1","0"
"POINT (13.346138374000100 52.498851197000100)","Unfall 240625 (2022) Kat:2, Licht: 2","240625","2","3","5","12","19","2","","2","0","1","0","0"
"POINT (13.405381648000100 52.505140826000101)","Unfall 240627 (2022) Kat:3, Licht: 2","240627","3","3","5","12","00","7","","2","0","1","0","0"
"POINT (13.705555683000100 52.432774230000099)","Unfall 240630 (2022) Kat:3, Licht: 0","240630","3","2","2","12","10","3","","0","0","1","0","0"
"POINT (13.484043108000000 52.463225981000100)","Unfall 240632 (2022) Kat:3, Licht: 0","240632","3","1","0","12","09","6","","0","1","0","0","0"
"POINT (13.434051738999999 52.452756411999999)","Unfall 240634 (2022) Kat:3, Licht: 0","240634","3","7","6","12","13","7","","0","1","0","1","0"
"POINT (13.374271316000000 52.586825546999997)","Unfall 240637 (2022) Kat:3, Licht: 2","240637","3","3","5","12","18","5","","2","1","1","0","0"
"POINT (13.474520999999999 52.460346008000002)","Unfall 240640 (2022) Kat:3, Licht: 2","240640","3","7","6","12","16","7","","2","0","0","1","0"
"POINT (13.280201322000000 52.519631093000001)","Unfall 240642 (2022) Kat:3, Licht: 2","240642","3","2","6","12","07","3","","2","0","1","1","0"
"POINT (13.264609393000100 52.419433277000103)","Unfall 240644 (2022) Kat:3, Licht: 0","240644","3","2","6","12","10","3","","0","0","1","1","0"
"POINT (13.397518393000000 52.561973375000001)","Unfall 240645 (2022) Kat:2, Licht: 0","240645","2","5","1","12","10","6","","0","1","0","0","0"
"POINT (13.273384521000001 52.508518040000098)","Unfall 240647 (2022) Kat:3, Licht: 2","240647","3","6","3","12","16","6","","2","0","1","0","0"
"POINT (13.372120613000000 52.473476271000003)","Unfall 240650 (2022) Kat:3, Licht: 2","240650","3","1","0","12","20","6","","2","0","0","0","0"
"POINT (13.337314581999999 52.480603104000103)","Unfall 240654 (2022) Kat:3, Licht: 1","240654","3","5","0","12","15","3","","1","1","1","0","0"
"POINT (13.280671582000000 52.634157286000097)","Unfall 240656 (2022) Kat:3, Licht: 0","240656","3","3","5","12","12","1","","0","0","1","0","0"
"POINT (13.409368362000100 52.541270290999996)","Unfall 240657 (2022) Kat:3, Licht: 2","240657","3","7","0","12","21","5","","2","0","1","0","0"
"POINT (13.331494165000001 52.533737457000001)","Unfall 240659 (2022) Kat:3, Licht: 2","240659","3","6","2","12","19","6","","2","0","1","0","1"
"POINT (13.365305583000101 52.479048734999999)","Unfall 240662 (2022) Kat:3, Licht: 2","240662","3","7","5","12","19","5","","2","1","1","0","0"
"POINT (13.239833862000101 52.543021803999999)","Unfall 240663 (2022) Kat:3, Licht: 2","240663","3","2","6","12","07","5","","2","0","1","1","0"
"POINT (13.138146751000001 52.525286291000000)","Unfall 240664 (2022) Kat:3, Licht: 2","240664","3","6","4","12","17","4","","2","0","1","0","0"
"POINT (13.576538148000100 52.493963368000003)","Unfall 240668 (2022) Kat:2, Licht: 0","240668","2","4","6","12","13","3","","0","0","1","1","0"
"POINT (13.388560070000000 52.588936106000098)","Unfall 240669 (2022) Kat:3, Licht: 0","240669","3","3","5","12","12","2","","0","1","0","0","0"
"POINT (13.573656697000001 52.468148241999998)","Unfall 240671 (2022) Kat:3, Licht: 2","240671","3","7","0","12","18","6","","2","0","1","0","0"
"POINT (13.373045560000000 52.452017113000103)","Unfall 240673 (2022) Kat:3, Licht: 2","240673","3","3","5","12","07","4","","2","0","1","0","1"
"POINT (13.524463588000099 52.536427003000000)","Unfall 240675 (2022) Kat:2, Licht: 2","240675","2","4","6","12","18","3","","2","0","1","1","0"
"POINT (13.625531490000100 52.457476616000100)","Unfall 240677 (2022) Kat:3, Licht: 0","240677","3","6","2","12","11","2","","0","0","1","0","0"
"POINT (13.377166766000100 52.512196641999999)","Unfall 240679 (2022) Kat:3, Licht: 2","240679","3","2","5","12","20","7","","2","0","1","0","0"
"POINT (13.381684253000101 52.552356842000101)","Unfall 240681 (2022) Kat:3, Licht: 2","240681","3","2","6","12","20","4","","2","0","1","1","0"
"POINT (13.365673041999999 52.557129302000099)","Unfall 240684 (2022) Kat:3, Licht: 2","240684","3","2","5","12","18","7","","2","0","1","0","0"
"POINT (13.397828511000100 52.512973756000100)","Unfall 240687 (2022) Kat:3, Licht: 2","240687","3","1","0","12","23","2","","2","0","0","0","0"
"POINT (13.549533221000001 52.568736061000003)","Unfall 240689 (2022) Kat:3, Licht: 0","240689","3","3","5","12","13","6","","0","0","1","0","0"
"POINT (13.310279710000000 52.495161914999997)","Unfall 240691 (2022) Kat:3, Licht: 0","240691","3","7","2","12","14","6","","0","0","1","0","0"
"POINT (13.488324579000100 52.407728505000101)","Unfall 240695 (2022) Kat:3, Licht: 0","240695","3","3","5","12","10","5","","0","0","1","0","0"
"POINT (13.309357709000000 52.502038853999998)","Unfall 240696 (2022) Kat:3, Licht: 0","240696","3","7","1","12","12","6","","0","0","1","0","0"
"POINT (13.565597717000101 52.570446807000103)","Unfall 240699 (2022) Kat:3, Licht: 2","240699","3","2","5","12","20","3","","2","0","1","0","0"
"POINT (13.362776990000000 52.499731726999997)","Unfall 240700 (2022) Kat:3, Licht: 2","240700","3","6","2","12","18","1","","2","0","1","0","0"
"POINT (13.336451863000001 52.514852672000103)","Unfall 240702 (2022) Kat:2, Licht: 2","240702","2","6","2","12","23","6","","2","0","0","0","1"
"POINT (13.405394463000100 52.427637449000002)","Unfall 240703 (2022) Kat:3, Licht: 0","240703","3","6","4","12","13","5","","0","0","1","0","0"
"POINT (13.360771883000000 52.501688405000003)","Unfall 240705 (2022) Kat:3, Licht: 2","240705","3","1","8","12","23","4","","2","0","1","0","0"
"POINT (13.479537221999999 52.472034018000002)","Unfall 240706 (2022) Kat:3, Licht: 0","240706","3","2","0","12","12","6","","0","0","1","0","0"
"POINT (13.421968901000101 52.505067070999999)","Unfall 240707 (2022) Kat:3, Licht: 1","240707","3","3","5","12","16","4","","1","1","0","0","0"
"POINT (13.422336696000100 52.535510993999999)","Unfall 240710 (2022) Kat:2, Licht: 2","240710","2","1","0","12","04","7","","2","0","0","0","0"
"POINT (13.325443899000000 52.475754117000101)","Unfall 240711 (2022) Kat:2, Licht: 0","240711","2","4","6","12","12","7","","0","0","1","1","0"
"POINT (13.353705284000100 52.499919284000001)","Unfall 240713 (2022) Kat:3, Licht: 2","240713","3","3","5","12","21","2","","2","1","1","0","0"
"POINT (13.421387289000100 52.500712507000102)","Unfall 240715 (2022) Kat:3, Licht: 2","240715","3","7","6","12","16","2","","2","0","1","1","0"
"POINT (13.481402098000000 52.538748699999999)","Unfall 240716 (2022) Kat:3, Licht: 2","240716","3","5","1","12","19","2","","2","1","1","0","0"
"POINT (13.424086289000099 52.552813818000097)","Unfall 240718 (2022) Kat:3, Licht: 2","240718","3","2","5","12","18","1","","2","0","1","0","0"
"POINT (13.296608616000100 52.498128970000003)","Unfall 240719 (2022) Kat:3, Licht: 2","240719","3","6","2","12","16","5","","2","0","1","0","0"
"POINT (13.251328144000100 52.415551592000000)","Unfall 240721 (2022) Kat:2, Licht: 0","240721","2","1","1","12","12","6","","0","0","1","0","0"
"POINT (13.487771285000100 52.618241906999998)","Unfall 240723 (2022) Kat:2, Licht: 0","240723","2","4","6","12","14","4","","0","0","1","1","0"
"POINT (13.573995584000000 52.444463839000001)","Unfall 240724 (2022) Kat:3, Licht: 0","240724","3","7","2","12","11","5","","0","0","1","0","0"
"POINT (13.313804244000000 52.588926292000103)","Unfall 240725 (2022) Kat:3, Licht: 0","240725","3","7","5","12","09","4","","0","0","1","0","0"
"POINT (13.271458105000001 52.509666224999997)","Unfall 240729 (2022) Kat:3, Licht: 2","240729","3","1","8","12","23","2","","2","0","1","0","0"
"POINT (13.247144017000000 52.538087922000003)","Unfall 240730 (2022) Kat:3, Licht: 0","240730","3","6","2","12","09","6","","0","0","1","0","0"
"POINT (13.495854324000000 52.499556760000097)","Unfall 240732 (2022) Kat:2, Licht: 2","240732","2","3","5","12","19","4","","2","0","1","0","1"
"POINT (13.381943653000100 52.527680656000001)","Unfall 240734 (2022) Kat:3, Licht: 2","240734","3","1","9","12","23","1","","2","0","1","0","0"
"POINT (13.452824776000099 52.445503750000100)","Unfall 240735 (2022) Kat:3, Licht: 2","240735","3","2","5","12","21","4","","2","0","1","0","0"
"POINT (13.479360881000000 52.527950193999999)","Unfall 240737 (2022) Kat:2, Licht: 1","240737","2","4","6","12","07","4","","1","0","1","1","0"
"POINT (13.432656711000000 52.595841878000002)","Unfall 240739 (2022) Kat:2, Licht: 2","240739","2","1","9","12","02","2","","2","0","1","0","0"
"POINT (13.269098483000100 52.550651197000001)","Unfall 240740 (2022) Kat:3, Licht: 2","240740","3","6","6","12","19","7","","2","0","1","1","0"
"POINT (13.408529881000000 52.510297010999999)","Unfall 240741 (2022) Kat:3, Licht: 0","240741","3","4","6","12","12","6","","0","0","1","1","0"
"POINT (13.296161828000001 52.516710906000100)","Unfall 240743 (2022) Kat:2, Licht: 2","240743","2","4","6","12","18","7","","2","0","1","1","0"
"POINT (13.386301799000000 52.558635858999999)","Unfall 240747 (2022) Kat:3, Licht: 2","240747","3","3","5","12","00","7","","2","0","1","0","0"
"POINT (13.530728522000100 52.462392686999998)","Unfall 240751 (2022) Kat:3, Licht: 0","240751","3","4","0","12","10","3","","0","1","0","1","0"
"POINT (13.251678852000101 52.537719867000099)","Unfall 240753 (2022) Kat:2, Licht: 0","240753","2","7","0","12","11","2","","0","0","0","0","0"
"POINT (13.259619622000100 52.570729278999998)","Unfall 240754 (2022) Kat:3, Licht: 0","240754","3","5","1","12","08","5","","0","0","1","0","0"
"POINT (13.380932701000100 52.516370757000097)","Unfall 240756 (2022) Kat:3, Licht: 0","240756","3","2","5","12","13","5","","0","1","1","0","0"
"POINT (13.373831492000001 52.519400896000001)","Unfall 240760 (2022) Kat:3, Licht: 0","240760","3","3","5","12","12","6","","0","1","1","0","0"
"POINT (13.424623347000001 52.484239925000097)","Unfall 240761 (2022) Kat:3, Licht: 2","240761","3","4","6","12","20","7","","2","0","1","1","0"
"POINT (13.369411411000000 52.526340004000097)","Unfall 240764 (2022) Kat:3, Licht: 0","240764","3","4","6","12","09","3","","0","1","0","1","0"
"POINT (13.458213864000101 52.499627329000099)","Unfall 240765 (2022) Kat:3, Licht: 1","240765","3","3","5","12","16","1","","1","1","1","0","0"
"POINT (13.332666275000101 52.468911865000102)","Unfall 240767 (2022) Kat:3, Licht: 2","240767","3","7","5","12","21","6","","2","0","1","0","0"
"POINT (13.402850522000101 52.524210492000101)","Unfall 240768 (2022) Kat:3, Licht: 2","240768","3","7","6","12","19","4","","2","0","1","1","0"
"POINT (13.312490425000000 52.499254219000100)","Unfall 240770 (2022) Kat:3, Licht: 2","240770","3","2","6","12","19","5","","2","0","1","1","0"
"POINT (13.334218501000100 52.589690013999999)","Unfall 240771 (2022) Kat:3, Licht: 2","240771","3","2","5","12","20","5","","2","0","1","0","1"
"POINT (13.322695842000000 52.514920591000099)","Unfall 240772 (2022) Kat:3, Licht: 0","240772","3","6","2","12","12","4","","0","0","1","0","0"
"POINT (13.537812956000000 52.552193909000003)","Unfall 240776 (2022) Kat:3, Licht: 2","240776","3","1","9","12","03","7","","2","0","1","0","0"
"POINT (13.445335765999999 52.479252064999997)","Unfall 240778 (2022) Kat:3, Licht: 0","240778","3","3","5","12","14","3","","0","0","1","0","0"
"POINT (13.505555568000000 52.435469953999998)","Unfall 240780 (2022) Kat:3, Licht: 1","240780","3","3","5","12","14","7","","1","0","1","0","0"
"POINT (13.385812335000001 52.467079409000100)","Unfall 240782 (2022) Kat:3, Licht: 0","240782","3","2","5","12","11","3","","0","1","1","0","0"
"POINT (13.417845015000101 52.525794906000002)","Unfall 240784 (2022) Kat:3, Licht: 1","240784","3","7","0","12","15","2","","1","0","0","0","1"
"POINT (13.368887938000100 52.436088929999997)","Unfall 240786 (2022) Kat:3, Licht: 2","240786","3","5","1","12","17","6","","2","0","1","0","0"
"POINT (13.426546051000100 52.515556139000097)","Unfall 240788 (2022) Kat:3, Licht: 2","240788","3","1","0","12","00","1","","2","0","0","0","0"
"POINT (13.479935897000100 52.526423876000102)","Unfall 240791 (2022) Kat:3, Licht: 0","240791","3","6","2","12","13","7","","0","0","1","0","0"
"POINT (13.442805636999999 52.465066538000002)","Unfall 240795 (2022) Kat:3, Licht: 2","240795","3","6","2","12","23","3","","2","0","1","0","0"
"POINT (13.564752354000101 52.544750374000003)","Unfall 240797 (2022) Kat:3, Licht: 0","240797","3","6","2","12","08","2","","0","0","1","0","0"
"POINT (13.420565274000101 52.503092417000097)","Unfall 240799 (2022) Kat:3, Licht: 2","240799","3","6","2","12","00","4","","2","0","1","0","0"
"POINT (13.487760278000099 52.523134350000099)","Unfall 240801 (2022) Kat:3, Licht: 2","240801","3","5","1","12","17","3","","2","0","1","0","0"
"POINT (13.417715443000100 52.584102186999999)","Unfall 240803 (2022) Kat:3, Licht: 2","240803","3","2","5","12","17","6","","2","1","0","0","0"
"POINT (13.384050533000000 52.389481653000097)","Unfall 240805 (2022) Kat:2, Licht: 2","240805","2","5","1","12","16","1","","2","0","1","0","0"
"POINT (13.612739217000099 52.454209917000099)","Unfall 240807 (2022) Kat:3, Licht: 0","240807","3","6","2","12","12","7","","0","0","1","0","0"
"POINT (13.437475333000100 52.479050440000002)","Unfall 240811 (2022) Kat:3, Licht: 2","240811","3","4","6","12","21","3","","2","1","0","1","0"
"POINT (13.279792471000100 52.432577590000101)","Unfall 240813 (2022) Kat:3, Licht: 0","240813","3","2","0","12","12","1","","0","1","1","0","0"
"POINT (13.637243077000100 52.459703199000003)","Unfall 240814 (2022) Kat:3, Licht: 0","240814","3","6","4","12","14","4","","0","0","1","0","0"
"POINT (13.323499549000100 52.542782342000102)","Unfall 240816 (2022) Kat:3, Licht: 0","240816","3","1","0","12","14","6","","0","0","0","0","0"
"POINT (13.490396861000001 52.427829250999999)","Unfall 240819 (2022) Kat:2, Licht: 0","240819","2","3","5","12","10","6","","0","0","1","0","0"
"POINT (13.257108443000000 52.437534024999998)","Unfall 240820 (2022) Kat:3, Licht: 0","240820","3","5","1","12","10","6","","0","1","1","0","0"
"POINT (13.345204161000000 52.485802391999997)","Unfall 240823 (2022) Kat:3, Licht: 0","240823","3","5","1","12","11","2","","0","1","1","0","0"
"POINT (13.498661001000100 52.410474061000102)","Unfall 240824 (2022) Kat:3, Licht: 2","240824","3","3","5","12","21","7","","2","0","1","0","0"
"POINT (13.474841674000100 52.502815339999998)","Unfall 240826 (2022) Kat:3, Licht: 2","240826","3","1","8","12","02","1","","2","0","1","0","0"
"POINT (13.348965915000100 52.514815111000097)","Unfall 240827 (2022) Kat:3, Licht: 2","240827","3","3","5","12","07","4","","2","0","1","0","0"
"POINT (13.455656862000099 52.500734186000003)","Unfall 240829 (2022) Kat:3, Licht: 0","240829","3","3","5","12","13","5","","0","1","1","0","0"