WKT,Name,OBJECTID,UKATEGORIE,UTYP1,UART,UMONAT,USTUNDE,UWOCHENTAG,STRZUSTAND,ULICHTVERH,ISTRAD,ISTPKW,ISTFUSS,ISTKRAD
"POINT (13.371464125999999 52.591370623000003)","Unfall 240830 (2022) Kat:3, Licht: 2","240830","3","5","1","12","22","6","","2","0","1","0","0"
"POINT (13.311796443000000 52.571623873000100)","Unfall 240831 (2022) Kat:2, Licht: 2","240831","2","2","6","12","07","4","","2","0","1","1","0"
"POINT (13.280982034999999 52.593846994000003)","Unfall 240835 (2022) Kat:3, Licht: 0","240835","3","2","5","12","09","7","","0","0","1","0","0"
"POINT (13.388254142999999 52.502206856000001)","Unfall 240837 (2022) Kat:3, Licht: 2","240837","3","7","5","12","21","4","","2","0","1","0","0"
"POINT (13.313892550000000 52.490392075000003)","Unfall 240840 (2022) Kat:3, Licht: 2","240840","3","2","6","12","18","2","","2","0","1","1","0"
"POINT (13.433808177000101 52.443914732000103)","Unfall 240842 (2022) Kat:3, Licht: 1","240842","3","6","2","12","07","4","","1","0","1","0","0"
"POINT (13.453100302000101 52.475190590000103)","Unfall 240844 (2022) Kat:3, Licht: 0","240844","3","3","5","12","14","3","","0","0","1","0","0"
"POINT (13.439507919000100 52.555454941000100)","Unfall 240845 (2022) Kat:3, Licht: 1","240845","3","3","5","12","07","6","","1","1","1","0","0"
"POINT (13.193562043000000 52.525324888000100)","Unfall 240847 (2022) Kat:3, Licht: 2","240847","3","6","3","12","21","6","","2","0","1","0","0"
"POINT (13.192935850000000 52.531996264000000)","Unfall 240850 (2022) Kat:3, Licht: 0","240850","3","3","5","12","08","7","","0","0","1","0","0"
"POINT (13.433073703000000 52.452355205000103)","Unfall 240854 (2022) Kat:2, Licht: 1","240854","2","2","5","12","15","2","","1","1","1","0","0"
"POINT (13.332546066000100 52.527071440999997)","Unfall 240856 (2022) Kat:3, Licht: 0","240856","3","5","1","12","12","2","","0","1","1","0","0"
"POINT (13.293612637000001 52.445787555000003)","Unfall 240857 (2022) Kat:3, Licht: 0","240857","3","2","5","12","13","4","","0","0","1","0","0"
"POINT (13.332465441000100 52.469038826000002)","Unfall 240859 (2022) Kat:3, Licht: 2","240859","3","3","5","12","22","5","","2","0","1","0","0"
"POINT (13.579198912000001 52.458393223000002)","Unfall 240861 (2022) Kat:2, Licht: 2","240861","2","4","6","12","20","4","","2","0","1","1","0"
"POINT (13.198694231999999 52.533480171000100)","Unfall 240862 (2022) Kat:2, Licht: 2","240862","2","4","6","12","16","6","","2","0","1","1","0"
"POINT (13.425246882000099 52.480199506000098)","Unfall 240863 (2022) Kat:3, Licht: 0","240863","3","6","2","12","08","4","","0","0","1","0","0"
"POINT (13.479976401000000 52.443928642000103)","Unfall 240867 (2022) Kat:3, Licht: 0","240867","3","6","2","12","14","2","","0","0","1","0","0"
"POINT (13.324664260000100 52.408098451999997)","Unfall 240868 (2022) Kat:2, Licht: 2","240868","2","1","9","12","17","1","","2","0","1","0","0"
"POINT (13.423325730000000 52.520197595000099)","Unfall 240870 (2022) Kat:3, Licht: 2","240870","3","3","5","12","06","6","","2","1","1","0","0"
"POINT (13.282500734000100 52.590947458000102)","Unfall 240871 (2022) Kat:3, Licht: 2","240871","3","2","2","12","20","4","","2","0","1","0","0"
"POINT (13.347782923000100 52.596242437999997)","Unfall 240873 (2022) Kat:3, Licht: 0","240873","3","3","5","12","13","5","","0","0","1","0","0"
"POINT (13.122235485999999 52.528699666000101)","Unfall 240875 (2022) Kat:2, Licht: 2","240875","2","2","6","12","19","6","","2","0","1","1","0"
"POINT (13.411084956000000 52.394341779000101)","Unfall 240877 (2022) Kat:3, Licht: 0","240877","3","2","5","12","09","6","","0","1","1","0","0"
"POINT (13.337453372000001 52.499563379999998)","Unfall 240878 (2022) Kat:3, Licht: 0","240878","3","4","6","12","13","6","","0","1","0","1","0"
"POINT (13.388154193000000 52.492952242000101)","Unfall 240881 (2022) Kat:3, Licht: 2","240881","3","6","2","12","19","3","","2","0","1","0","0"
"POINT (13.410861245000000 52.553819438000097)","Unfall 240882 (2022) Kat:3, Licht: 0","240882","3","4","6","12","12","2","","0","0","1","1","0"
"POINT (13.195295266000100 52.535544367000099)","Unfall 240884 (2022) Kat:3, Licht: 2","240884","3","3","5","12","17","7","","2","0","1","0","0"
"POINT (13.321566361000100 52.512015069000000)","Unfall 240885 (2022) Kat:2, Licht: 0","240885","2","1","0","12","11","5","","0","0","0","0","1"
"POINT (13.590090632000100 52.455403548000000)","Unfall 240887 (2022) Kat:3, Licht: 1","240887","3","6","2","12","16","5","","1","0","1","0","0"
"POINT (13.575145903000100 52.452628538000099)","Unfall 240889 (2022) Kat:3, Licht: 0","240889","3","4","6","12","15","4","","0","0","0","1","0"
"POINT (13.380246935000100 52.552671768000003)","Unfall 240892 (2022) Kat:3, Licht: 2","240892","3","5","1","12","19","6","","2","1","1","0","0"
"POINT (13.480121242999999 52.478316199000098)","Unfall 240894 (2022) Kat:2, Licht: 2","240894","2","6","3","12","20","3","","2","1","1","0","0"
"POINT (13.184347757000101 52.544764555000000)","Unfall 240897 (2022) Kat:3, Licht: 1","240897","3","3","5","12","07","7","","1","0","1","0","0"
"POINT (13.204915060000101 52.530183913000002)","Unfall 240900 (2022) Kat:3, Licht: 2","240900","3","2","5","12","17","4","","2","0","1","0","0"
"POINT (13.328358781000100 52.478604267000001)","Unfall 240902 (2022) Kat:3, Licht: 2","240902","3","2","6","12","17","3","","2","0","1","1","0"
"POINT (13.229038718000000 52.424731388000097)","Unfall 240903 (2022) Kat:3, Licht: 2","240903","3","1","0","12","23","5","","2","1","0","0","0"
"POINT (13.285707518000001 52.494982731999997)","Unfall 240905 (2022) Kat:3, Licht: 2","240905","3","3","5","12","22","6","","2","0","1","0","0"
"POINT (13.348175569000000 52.497791167000102)","Unfall 240908 (2022) Kat:3, Licht: 2","240908","3","5","1","12","21","6","","2","1","1","0","0"
"POINT (13.296362590000101 52.499016681999997)","Unfall 240911 (2022) Kat:3, Licht: 0","240911","3","2","5","12","08","3","","0","0","1","0","0"
"POINT (13.344899816000099 52.539049998000102)","Unfall 240913 (2022) Kat:3, Licht: 0","240913","3","2","5","12","14","2","","0","1","1","0","0"
"POINT (13.279959888000100 52.427906184999998)","Unfall 240914 (2022) Kat:3, Licht: 0","240914","3","5","1","12","12","4","","0","1","1","0","0"
"POINT (13.289987323000000 52.482229372000099)","Unfall 240916 (2022) Kat:3, Licht: 0","240916","3","2","5","12","09","6","","0","0","1","0","0"
"POINT (13.157782679000000 52.533155733999997)","Unfall 240918 (2022) Kat:2, Licht: 2","240918","2","2","6","12","07","5","","2","0","0","1","0"
"POINT (13.204055813000000 52.540946679000101)","Unfall 240919 (2022) Kat:3, Licht: 0","240919","3","6","2","12","12","6","","0","0","1","0","0"
"POINT (13.462142587000100 52.518710391000099)","Unfall 240920 (2022) Kat:3, Licht: 0","240920","3","3","5","12","08","4","","0","1","1","0","0"
"POINT (13.264481448000000 52.536694460000000)","Unfall 240924 (2022) Kat:3, Licht: 2","240924","3","6","2","12","06","3","","2","0","1","0","0"
"POINT (13.463973955000000 52.511135943000099)","Unfall 240925 (2022) Kat:3, Licht: 2","240925","3","4","0","12","19","1","","2","0","1","1","1"
"POINT (13.612242255000099 52.511719890999998)","Unfall 240927 (2022) Kat:3, Licht: 2","240927","3","6","3","12","21","6","","2","0","1","0","1"
"POINT (13.466501657000000 52.502119800999999)","Unfall 240928 (2022) Kat:3, Licht: 1","240928","3","5","1","12","07","2","","1","1","1","0","0"
"POINT (13.453873627000100 52.445583259000003)","Unfall 240929 (2022) Kat:3, Licht: 2","240929","3","7","0","12","19","4","","2","0","0","0","0"
"POINT (13.459011878000100 52.548842835000102)","Unfall 240932 (2022) Kat:3, Licht: 0","240932","3","5","0","12","12","4","","0","1","1","0","0"
"POINT (13.377407968000099 52.465960221000003)","Unfall 240934 (2022) Kat:3, Licht: 2","240934","3","4","6","12","22","3","","2","0","1","1","0"
"POINT (13.371549813000099 52.574717861000103)","Unfall 240936 (2022) Kat:3, Licht: 0","240936","3","6","2","12","12","6","","0","0","1","0","0"
"POINT (13.511338851000099 52.463042962000003)","Unfall 240938 (2022) Kat:3, Licht: 2","240938","3","7","6","12","00","6","","2","0","0","1","0"
"POINT (13.329280262000101 52.458108291000002)","Unfall 240940 (2022) Kat:3, Licht: 2","240940","3","4","6","12","19","7","","2","0","1","1","0"
"POINT (13.404829793999999 52.404086413000101)","Unfall 240943 (2022) Kat:3, Licht: 1","240943","3","2","5","12","15","2","","1","0","1","0","1"
"POINT (13.587992892999999 52.510661319000100)","Unfall 240945 (2022) Kat:3, Licht: 0","240945","3","5","1","12","13","1","","0","1","1","0","0"
"POINT (13.404230601000100 52.540572216999998)","Unfall 240946 (2022) Kat:3, Licht: 0","240946","3","4","6","12","14","4","","0","0","1","1","0"
"POINT (13.315606972000101 52.443087902000102)","Unfall 240948 (2022) Kat:3, Licht: 1","240948","3","2","6","12","15","2","","1","0","1","1","0"
"POINT (13.367461168000000 52.525744496000101)","Unfall 240950 (2022) Kat:3, Licht: 2","240950","3","4","2","12","22","7","","2","0","1","1","0"
"POINT (13.354521933000100 52.449063309000103)","Unfall 240952 (2022) Kat:3, Licht: 0","240952","3","1","0","12","07","1","","0","1","0","0","0"
"POINT (13.219921215999999 52.538987764000098)","Unfall 240955 (2022) Kat:3, Licht: 0","240955","3","3","5","12","08","6","","0","0","1","0","0"
"POINT (13.464659513000100 52.497391128000103)","Unfall 240958 (2022) Kat:3, Licht: 2","240958","3","6","2","12","17","2","","2","0","1","0","0"
"POINT (13.551736483000100 52.436977602000098)","Unfall 240960 (2022) Kat:3, Licht: 0","240960","3","3","5","12","12","2","","0","1","0","0","0"
"POINT (13.330672578000099 52.493244607000101)","Unfall 240961 (2022) Kat:3, Licht: 2","240961","3","1","0","12","00","6","","2","0","0","0","1"
"POINT (13.348965915000100 52.514815111000097)","Unfall 240963 (2022) Kat:3, Licht: 2","240963","3","3","5","12","22","6","","2","0","1","0","0"
"POINT (13.517711358000000 52.467414890999997)","Unfall 240966 (2022) Kat:3, Licht: 0","240966","3","6","3","12","09","6","","0","0","1","0","0"
"POINT (13.449930860000100 52.445602970000003)","Unfall 240967 (2022) Kat:3, Licht: 2","240967","3","2","5","12","21","6","","2","0","1","0","0"
"POINT (13.551653662000000 52.405139423000001)","Unfall 240970 (2022) Kat:3, Licht: 2","240970","3","1","8","12","01","4","","2","0","1","0","0"
"POINT (13.418005042000100 52.518017569000101)","Unfall 240971 (2022) Kat:2, Licht: 0","240971","2","3","5","12","09","7","","0","0","1","0","0"
"POINT (13.443723084000100 52.525239101000103)","Unfall 240973 (2022) Kat:3, Licht: 0","240973","3","7","5","12","14","7","","0","0","1","0","0"
"POINT (13.429734235000099 52.523281370000099)","Unfall 240975 (2022) Kat:3, Licht: 2","240975","3","2","5","12","23","5","","2","0","1","0","0"
"POINT (13.404202901000099 52.540564742000100)","Unfall 240977 (2022) Kat:3, Licht: 0","240977","3","6","2","12","12","4","","0","0","1","0","0"
"POINT (13.352577223000001 52.489852376000002)","Unfall 240978 (2022) Kat:3, Licht: 2","240978","3","3","5","12","18","5","","2","1","1","0","0"
"POINT (13.458941341000100 52.525999963000103)","Unfall 240979 (2022) Kat:3, Licht: 2","240979","3","2","5","12","18","3","","2","1","1","0","0"
"POINT (13.324348142000099 52.497919556000099)","Unfall 240982 (2022) Kat:3, Licht: 2","240982","3","4","6","12","17","2","","2","0","1","1","0"
"POINT (13.311009619000099 52.465292591999997)","Unfall 240983 (2022) Kat:3, Licht: 1","240983","3","3","5","12","15","7","","1","0","1","0","0"
"POINT (13.376563014000100 52.485034538000001)","Unfall 240985 (2022) Kat:3, Licht: 2","240985","3","2","5","12","17","4","","2","1","0","0","1"
"POINT (13.499829368000100 52.534373339000098)","Unfall 240986 (2022) Kat:3, Licht: 0","240986","3","3","5","12","11","2","","0","0","1","0","0"
"POINT (13.239192714000099 52.526424871000103)","Unfall 240987 (2022) Kat:3, Licht: 0","240987","3","6","2","12","08","4","","0","0","1","0","0"
"POINT (13.427763433000100 52.481092359999998)","Unfall 240989 (2022) Kat:3, Licht: 0","240989","3","3","5","12","07","4","","0","0","1","0","0"
"POINT (13.442422125000100 52.524757690000101)","Unfall 240991 (2022) Kat:3, Licht: 2","240991","3","6","2","12","16","3","","2","0","1","0","0"
"POINT (13.369263647000000 52.526552289000101)","Unfall 240993 (2022) Kat:3, Licht: 2","240993","3","4","6","12","17","6","","2","0","0","1","0"
"POINT (13.408920869999999 52.439135073000003)","Unfall 240995 (2022) Kat:3, Licht: 0","240995","3","2","5","12","14","7","","0","0","1","0","0"
"POINT (13.499379101000001 52.459393315000099)","Unfall 240997 (2022) Kat:3, Licht: 1","240997","3","6","2","12","15","7","","1","0","1","0","0"
"POINT (13.414151500999999 52.507972543999998)","Unfall 241001 (2022) Kat:3, Licht: 1","241001","3","2","5","12","07","3","","1","1","1","0","0"
"POINT (13.319813328000100 52.468807485000099)","Unfall 241003 (2022) Kat:3, Licht: 2","241003","3","3","5","12","18","1","","2","0","1","0","0"
"POINT (13.281283475000100 52.512764912000101)","Unfall 241004 (2022) Kat:3, Licht: 2","241004","3","2","6","12","07","4","","2","0","0","1","0"
"POINT (13.351017298000000 52.504073891000097)","Unfall 241006 (2022) Kat:3, Licht: 0","241006","3","1","8","12","14","5","","0","0","0","0","1"
"POINT (13.406513610999999 52.513521378000100)","Unfall 241009 (2022) Kat:3, Licht: 0","241009","3","7","0","12","14","6","","0","1","1","0","0"
"POINT (13.385950721000000 52.485031295000098)","Unfall 241010 (2022) Kat:3, Licht: 2","241010","3","2","5","12","20","6","","2","0","1","0","1"
"POINT (13.495534216000101 52.417826551000097)","Unfall 241013 (2022) Kat:3, Licht: 0","241013","3","5","1","12","15","3","","0","0","1","0","0"
"POINT (13.336876789000000 52.504218876000003)","Unfall 241014 (2022) Kat:3, Licht: 2","241014","3","4","6","12","21","1","","2","1","0","1","0"
"POINT (13.403179906000000 52.527434820000103)","Unfall 241016 (2022) Kat:3, Licht: 0","241016","3","2","6","12","08","6","","0","0","1","1","0"
"POINT (13.406580773000000 52.565389844000002)","Unfall 241017 (2022) Kat:3, Licht: 2","241017","3","3","5","12","00","5","","2","0","1","0","0"
"POINT (13.360030373000001 52.537181144000002)","Unfall 241019 (2022) Kat:3, Licht: 2","241019","3","6","2","12","22","5","","2","0","1","0","0"
"POINT (13.399615283000101 52.454974393999997)","Unfall 241020 (2022) Kat:2, Licht: 2","241020","2","5","1","12","18","6","","2","0","1","0","0"
"POINT (13.378518375000100 52.544714234000097)","Unfall 241021 (2022) Kat:3, Licht: 2","241021","3","2","6","12","19","3","","2","0","1","1","0"
"POINT (13.332482479000078 52.597858343000041)","Unfall 123592 (2023) Kat:3, Licht: 0","123592","3","6","2","03","14","2","","0","0","1","0","1"
"POINT (13.269235798000068 52.437541645000067)","Unfall 123593 (2023) Kat:3, Licht: 0","123593","3","3","5","03","17","1","","0","1","1","0","0"
"POINT (13.553417206000063 52.509344976000079)","Unfall 123594 (2023) Kat:3, Licht: 0","123594","3","2","5","03","08","7","","0","1","1","0","0"
"POINT (13.385574621000046 52.472447017000036)","Unfall 123595 (2023) Kat:3, Licht: 2","123595","3","5","1","03","21","7","","2","0","1","0","0"
"POINT (13.463722785000073 52.551273247000040)","Unfall 123596 (2023) Kat:3, Licht: 2","123596","3","1","8","03","18","7","","2","0","1","0","0"
"POINT (13.321722998000041 52.561420463000047)","Unfall 123597 (2023) Kat:3, Licht: 0","123597","3","1","0","03","11","7","","0","0","0","0","1"
"POINT (13.211383982000029 52.510116879000066)","Unfall 123598 (2023) Kat:3, Licht: 2","123598","3","6","2","03","23","6","","2","0","1","0","0"
"POINT (13.148441798000022 52.495291832000078)","Unfall 123599 (2023) Kat:2, Licht: 2","123599","2","7","8","03","00","6","","2","0","1","0","0"
"POINT (13.398465025000064 52.579879896000079)","Unfall 123600 (2023) Kat:3, Licht: 0","123600","3","6","2","03","11","5","","0","0","0","0","0"
"POINT (13.463784639000039 52.551135277000071)","Unfall 123601 (2023) Kat:3, Licht: 2","123601","3","4","6","03","21","5","","2","0","0","1","1"
"POINT (13.412579879000077 52.519515263000073)","Unfall 123602 (2023) Kat:3, Licht: 0","123602","3","5","1","03","09","4","","0","1","1","0","0"
"POINT (13.342804653000030 52.478546778000066)","Unfall 123603 (2023) Kat:2, Licht: 2","123603","2","7","0","02","16","1","","2","0","1","0","0"
"POINT (13.399803432000056 52.417243851000080)","Unfall 123604 (2023) Kat:1, Licht: 0","123604","1","6","3","02","12","1","","0","1","1","0","0"
"POINT (13.463323957000057 52.514792964000037)","Unfall 123605 (2023) Kat:3, Licht: 2","123605","3","3","5","02","22","7","","2","1","1","0","0"
"POINT (13.398908523000046 52.575612876000037)","Unfall 123606 (2023) Kat:3, Licht: 0","123606","3","6","2","02","14","7","","0","0","1","0","0"
"POINT (13.385760993000076 52.470049031000030)","Unfall 123607 (2023) Kat:3, Licht: 2","123607","3","2","3","02","21","6","","2","0","1","0","0"
"POINT (13.460143385000038 52.515253775000076)","Unfall 123608 (2023) Kat:3, Licht: 0","123608","3","2","5","02","12","6","","0","0","1","0","0"
"POINT (13.330327829000055 52.477830466000057)","Unfall 123609 (2023) Kat:3, Licht: 0","123609","3","6","2","02","16","6","","0","0","1","0","0"
"POINT (13.404806338000071 52.519903109000040)","Unfall 123610 (2023) Kat:3, Licht: 0","123610","3","2","5","02","12","6","","0","0","1","0","0"
"POINT (13.427524577000042 52.518711514000074)","Unfall 123611 (2023) Kat:3, Licht: 0","123611","3","6","2","02","13","6","","0","0","1","0","0"
"POINT (13.559023984000078 52.508865723000042)","Unfall 123612 (2023) Kat:3, Licht: 0","123612","3","6","2","02","13","6","","0","0","1","0","0"
"POINT (13.297170395000023 52.510875177000059)","Unfall 123613 (2023) Kat:3, Licht: 0","123613","3","4","6","02","12","5","","0","0","0","1","0"
"POINT (13.388864061000049 52.497622319000072)","Unfall 123614 (2023) Kat:3, Licht: 2","123614","3","2","5","02","20","5","","2","1","0","0","0"
"POINT (13.378282573000035 52.434799663000035)","Unfall 123615 (2023) Kat:2, Licht: 2","123615","2","2","5","02","18","4","","2","0","1","0","1"
"POINT (13.418813860000057 52.524451327000065)","Unfall 123616 (2023) Kat:3, Licht: 2","123616","3","5","1","02","19","4","","2","0","1","0","0"
"POINT (13.271128669000063 52.509277611000073)","Unfall 123617 (2023) Kat:3, Licht: 0","123617","3","2","2","02","10","3","","0","0","1","0","0"
"POINT (13.309755837000068 52.511889310000072)","Unfall 123618 (2023) Kat:2, Licht: 0","123618","2","6","3","02","13","3","","0","0","0","0","1"
"POINT (13.454229287000032 52.515686452000068)","Unfall 123619 (2023) Kat:3, Licht: 2","123619","3","2","5","02","06","3","","2","0","1","0","0"
"POINT (13.403423082000074 52.583030036000082)","Unfall 123620 (2023) Kat:3, Licht: 1","123620","3","3","0","02","07","3","","1","0","0","0","0"
"POINT (13.271126975000072 52.509277525000073)","Unfall 123621 (2023) Kat:3, Licht: 2","123621","3","6","2","02","23","2","","2","0","1","0","0"
"POINT (13.387280780000026 52.438942249000036)","Unfall 123622 (2023) Kat:3, Licht: 0","123622","3","7","0","02","10","2","","0","0","1","0","0"
"POINT (13.271829019000052 52.603961620000064)","Unfall 123623 (2023) Kat:3, Licht: 0","123623","3","6","2","02","07","2","","0","0","1","0","0"
"POINT (13.352270270000076 52.480041405000065)","Unfall 123624 (2023) Kat:3, Licht: 0","123624","3","2","6","02","17","7","","0","0","1","1","0"
"POINT (13.313491045000035 52.620409030000076)","Unfall 123625 (2023) Kat:2, Licht: 2","123625","2","7","2","02","18","7","","2","0","1","0","0"
"POINT (13.454235559000040 52.515701040000067)","Unfall 123626 (2023) Kat:3, Licht: 0","123626","3","2","5","02","08","7","","0","0","1","0","0"
"POINT (13.385759229000030 52.470027135000066)","Unfall 123627 (2023) Kat:3, Licht: 2","123627","3","2","3","02","19","6","","2","0","1","0","0"
"POINT (13.374529564000056 52.509444481000060)","Unfall 123628 (2023) Kat:3, Licht: 2","123628","3","5","1","02","18","5","","2","1","1","0","0"
"POINT (13.277728513000056 52.509662667000043)","Unfall 123629 (2023) Kat:3, Licht: 0","123629","3","2","5","02","08","5","","0","1","0","0","0"
"POINT (13.309531278000065 52.557888645000048)","Unfall 123630 (2023) Kat:3, Licht: 0","123630","3","6","2","02","15","5","","0","0","1","0","0"
"POINT (13.422565575000021 52.520050184000070)","Unfall 123631 (2023) Kat:2, Licht: 0","123631","2","7","6","02","11","5","","0","1","0","1","0"
"POINT (13.368269343000065 52.506169933000081)","Unfall 123632 (2023) Kat:2, Licht: 2","123632","2","3","5","02","17","5","","2","1","1","0","0"
"POINT (13.312607784000022 52.623326939000037)","Unfall 123633 (2023) Kat:3, Licht: 1","123633","3","3","5","02","17","5","","1","0","1","0","1"
"POINT (13.540589442000055 52.541573790000029)","Unfall 123634 (2023) Kat:2, Licht: 2","123634","2","6","3","02","05","4","","2","1","1","0","0"
"POINT (13.454218452000077 52.515834990000030)","Unfall 123635 (2023) Kat:3, Licht: 0","123635","3","2","5","02","12","4","","0","1","1","0","0"
"POINT (13.348476726000058 52.481691750000039)","Unfall 123636 (2023) Kat:2, Licht: 0","123636","2","7","6","02","07","3","","0","1","0","1","0"
"POINT (13.247344782000027 52.478380825000045)","Unfall 123637 (2023) Kat:3, Licht: 2","123637","3","6","3","02","20","3","","2","0","1","0","0"
"POINT (13.380350821000036 52.437797257000057)","Unfall 123638 (2023) Kat:2, Licht: 0","123638","2","1","9","02","15","3","","0","0","1","1","0"
"POINT (13.344449803000032 52.478197907000038)","Unfall 123639 (2023) Kat:3, Licht: 0","123639","3","6","2","02","15","3","","0","0","1","0","0"
"POINT (13.179031408000071 52.516609899000059)","Unfall 123640 (2023) Kat:3, Licht: 2","123640","3","2","5","02","21","2","","2","0","1","0","0"
"POINT (13.385527605000050 52.470724651000069)","Unfall 123641 (2023) Kat:3, Licht: 0","123641","3","6","2","02","11","2","","0","0","1","0","0"
"POINT (13.471685945000047 52.513946579000049)","Unfall 123642 (2023) Kat:3, Licht: 0","123642","3","2","0","02","16","2","","0","1","1","0","0"
"POINT (13.452607514000022 52.513057620000041)","Unfall 123643 (2023) Kat:3, Licht: 0","123643","3","6","3","02","11","2","","0","0","1","0","0"
"POINT (13.389260492000062 52.497503885000071)","Unfall 123644 (2023) Kat:3, Licht: 0","123644","3","3","0","02","13","1","","0","1","1","0","0"
"POINT (13.332498714000053 52.597323804000041)","Unfall 123645 (2023) Kat:3, Licht: 0","123645","3","3","5","02","14","7","","0","1","1","0","0"
"POINT (13.369766510000034 52.541936089000046)","Unfall 123646 (2023) Kat:3, Licht: 2","123646","3","2","0","02","05","6","","2","1","1","0","0"
"POINT (13.375042192000024 52.502979461000052)","Unfall 123647 (2023) Kat:3, Licht: 2","123647","3","6","2","02","22","6","","2","0","1","0","0"
"POINT (13.465497669000058 52.514715592000073)","Unfall 123648 (2023) Kat:3, Licht: 0","123648","3","7","0","02","12","6","","0","0","0","1","0"
"POINT (13.464527522000026 52.514812996000046)","Unfall 123649 (2023) Kat:3, Licht: 0","123649","3","4","6","02","15","6","","0","0","1","1","0"
"POINT (13.285048959000051 52.514781936000077)","Unfall 123650 (2023) Kat:3, Licht: 0","123650","3","6","3","02","10","5","","0","0","1","0","0"
"POINT (13.282090898000035 52.498159484000041)","Unfall 123651 (2023) Kat:3, Licht: 2","123651","3","6","2","02","18","5","","2","0","1","0","0"
"POINT (13.214974703000053 52.427384732000064)","Unfall 123652 (2023) Kat:3, Licht: 2","123652","3","1","8","02","17","5","","2","0","1","0","0"
"POINT (13.386515330000066 52.442169781000075)","Unfall 123653 (2023) Kat:3, Licht: 0","123653","3","3","5","02","13","5","","0","0","1","0","0"
"POINT (13.388484221000056 52.469291163000037)","Unfall 123654 (2023) Kat:3, Licht: 0","123654","3","6","2","02","14","4","","0","0","1","0","0"
"POINT (13.386053268000069 52.483178735000081)","Unfall 123655 (2023) Kat:3, Licht: 0","123655","3","6","3","02","12","3","","0","0","1","0","0"
"POINT (13.403087125000070 52.410852216000080)","Unfall 123656 (2023) Kat:3, Licht: 0","123656","3","4","6","02","13","3","","0","0","1","1","0"
"POINT (13.395812228000068 52.423693896000032)","Unfall 123657 (2023) Kat:3, Licht: 0","123657","3","6","2","02","07","3","","0","0","1","0","0"
"POINT (13.265078567000046 52.435634868000079)","Unfall 123658 (2023) Kat:3, Licht: 2","123658","3","3","0","02","07","2","","2","1","0","0","0"
"POINT (13.247557125000071 52.478568744000029)","Unfall 123659 (2023) Kat:3, Licht: 0","123659","3","6","2","02","09","2","","0","0","1","0","0"
"POINT (13.333238068000071 52.594721924000055)","Unfall 123660 (2023) Kat:3, Licht: 2","123660","3","5","1","02","19","2","","2","0","1","0","0"
"POINT (13.470869043000050 52.514028939000070)","Unfall 123661 (2023) Kat:3, Licht: 2","123661","3","6","2","02","19","2","","2","0","1","0","0"
"POINT (13.281383403000063 52.441550927000037)","Unfall 123662 (2023) Kat:3, Licht: 0","123662","3","2","0","02","07","2","","0","1","1","0","0"
"POINT (13.448717095000063 52.505220150000071)","Unfall 123663 (2023) Kat:3, Licht: 0","123663","3","4","6","02","13","1","","0","1","0","1","0"
"POINT (13.431683520000036 52.536513802000059)","Unfall 123664 (2023) Kat:3, Licht: 2","123664","3","7","0","02","22","7","","2","1","1","0","0"
"POINT (13.310038898000073 52.566488001000039)","Unfall 123665 (2023) Kat:3, Licht: 1","123665","3","1","8","02","06","7","","1","0","1","0","0"
"POINT (13.280673604000071 52.501925067000059)","Unfall 123666 (2023) Kat:3, Licht: 2","123666","3","1","8","02","05","7","","2","0","0","0","0"
"POINT (13.271431693000068 52.438256087000070)","Unfall 123667 (2023) Kat:3, Licht: 0","123667","3","2","5","02","14","6","","0","0","1","0","0"
"POINT (13.365489771000057 52.558028757000045)","Unfall 123668 (2023) Kat:3, Licht: 0","123668","3","3","5","02","16","5","","0","1","1","0","0"
"POINT (13.467813226000033 52.514483589000065)","Unfall 123669 (2023) Kat:3, Licht: 2","123669","3","6","2","02","06","5","","2","0","1","0","0"
"POINT (13.312863037000056 52.622478193000063)","Unfall 123670 (2023) Kat:3, Licht: 0","123670","3","2","5","02","07","5","","0","1","0","0","0"
"POINT (13.286658924000051 52.532343033000075)","Unfall 123671 (2023) Kat:3, Licht: 2","123671","3","1","9","02","21","4","","2","0","1","0","0"
"POINT (13.305050508000022 52.511581876000037)","Unfall 123672 (2023) Kat:3, Licht: 2","123672","3","2","6","02","18","4","","2","0","1","1","0"
"POINT (13.292751048000071 52.492698087000065)","Unfall 123673 (2023) Kat:3, Licht: 0","123673","3","6","2","01","15","3","","0","0","1","0","0"
"POINT (13.350233404000051 52.474528243000066)","Unfall 123674 (2023) Kat:3, Licht: 0","123674","3","6","2","01","14","3","","0","0","1","0","0"
"POINT (13.297948871000074 52.577780222000058)","Unfall 123675 (2023) Kat:3, Licht: 0","123675","3","6","2","01","11","3","","0","0","1","0","0"
"POINT (13.453759146000039 52.515866010000082)","Unfall 123676 (2023) Kat:3, Licht: 0","123676","3","2","5","01","08","3","","0","0","1","0","0"
"POINT (13.271398190000070 52.438434948000065)","Unfall 123677 (2023) Kat:3, Licht: 0","123677","3","2","5","01","09","3","","0","1","1","0","0"
"POINT (13.419477623000034 52.461028857000031)","Unfall 123678 (2023) Kat:3, Licht: 1","123678","3","6","2","01","16","2","","1","0","1","0","0"
"POINT (13.359768093000071 52.489728065000065)","Unfall 123679 (2023) Kat:2, Licht: 0","123679","2","6","0","01","14","2","","0","0","1","0","0"