WKT,Name,OBJECTID,UKATEGORIE,UTYP1,UART,UMONAT,USTUNDE,UWOCHENTAG,STRZUSTAND,ULICHTVERH,ISTRAD,ISTPKW,ISTFUSS,ISTKRAD
"POINT (13.388824862000035 52.498118725000040)","Unfall 123680 (2023) Kat:3, Licht: 2","123680","3","2","5","01","21","1","","2","0","1","0","0"
"POINT (13.457789196000022 52.491730689000065)","Unfall 123681 (2023) Kat:3, Licht: 2","123681","3","2","5","01","19","7","","2","1","1","0","0"
"POINT (13.385762009000075 52.470065479000027)","Unfall 123682 (2023) Kat:3, Licht: 2","123682","3","6","2","01","18","6","","2","0","1","0","0"
"POINT (13.352266512000028 52.480043095000042)","Unfall 123683 (2023) Kat:3, Licht: 0","123683","3","7","6","01","12","6","","0","0","1","1","0"
"POINT (13.414120013000058 52.460837377000075)","Unfall 123684 (2023) Kat:3, Licht: 0","123684","3","6","2","01","08","4","","0","0","1","0","0"
"POINT (13.367285030000062 52.551524405000066)","Unfall 123685 (2023) Kat:3, Licht: 2","123685","3","2","5","01","21","4","","2","1","1","0","0"
"POINT (13.484027926000067 52.512709866000080)","Unfall 123686 (2023) Kat:3, Licht: 2","123686","3","6","2","01","19","3","","2","0","1","0","0"
"POINT (13.368335439000077 52.541111073000081)","Unfall 123687 (2023) Kat:2, Licht: 2","123687","2","2","6","01","21","3","","2","0","1","1","0"
"POINT (13.460909616000038 52.498604578000027)","Unfall 123688 (2023) Kat:3, Licht: 2","123688","3","7","7","01","06","2","","2","1","0","0","0"
"POINT (13.458092733000058 52.492146878000028)","Unfall 123689 (2023) Kat:3, Licht: 2","123689","3","6","3","01","17","2","","2","0","1","0","0"
"POINT (13.398263354000051 52.577608891000068)","Unfall 123690 (2023) Kat:3, Licht: 0","123690","3","6","2","01","13","2","","0","0","1","0","0"
"POINT (13.281267658000047 52.509891503000063)","Unfall 123691 (2023) Kat:3, Licht: 0","123691","3","5","0","01","08","2","","0","0","1","0","0"
"POINT (13.414859602000035 52.554550529000039)","Unfall 123692 (2023) Kat:3, Licht: 2","123692","3","7","0","01","18","1","","2","1","0","0","0"
"POINT (13.388278468000067 52.493595949000053)","Unfall 123693 (2023) Kat:3, Licht: 2","123693","3","6","1","01","02","1","","2","0","1","0","0"
"POINT (13.390974409000023 52.432179707000046)","Unfall 123694 (2023) Kat:3, Licht: 2","123694","3","6","2","01","20","7","","2","0","1","0","0"
"POINT (13.406693682000025 52.396415135000041)","Unfall 123695 (2023) Kat:3, Licht: 2","123695","3","6","2","01","18","6","","2","0","1","0","0"
"POINT (13.385326614000064 52.448491509000064)","Unfall 123696 (2023) Kat:3, Licht: 0","123696","3","4","6","01","12","6","","0","0","1","1","0"
"POINT (13.345793709000077 52.580436343000031)","Unfall 123697 (2023) Kat:3, Licht: 1","123697","3","3","5","01","07","6","","1","0","1","0","0"
"POINT (13.409079084000041 52.388057355000058)","Unfall 123698 (2023) Kat:3, Licht: 0","123698","3","6","3","01","10","6","","0","0","1","0","1"
"POINT (13.412223211000025 52.460908230000030)","Unfall 123699 (2023) Kat:3, Licht: 2","123699","3","6","2","01","20","5","","2","0","1","0","0"
"POINT (13.369517677000033 52.507849564000026)","Unfall 123700 (2023) Kat:3, Licht: 0","123700","3","6","2","01","14","5","","0","0","1","0","0"
"POINT (13.481769003000068 52.513069392000034)","Unfall 123701 (2023) Kat:3, Licht: 0","123701","3","2","0","01","13","5","","0","1","1","0","0"
"POINT (13.341912335000075 52.585493697000061)","Unfall 123702 (2023) Kat:2, Licht: 2","123702","2","7","0","01","23","4","","2","0","0","0","1"
"POINT (13.365928062000023 52.554626458000030)","Unfall 123703 (2023) Kat:3, Licht: 0","123703","3","3","5","01","15","4","","0","1","1","0","0"
"POINT (13.477423498000064 52.513515616000063)","Unfall 123704 (2023) Kat:2, Licht: 0","123704","2","2","5","01","13","4","","0","0","0","0","0"
"POINT (13.414123767000035 52.557727324000041)","Unfall 123705 (2023) Kat:2, Licht: 2","123705","2","2","6","01","07","4","","2","0","1","1","0"
"POINT (13.281951803000027 52.498304327000028)","Unfall 123706 (2023) Kat:3, Licht: 0","123706","3","6","2","01","15","4","","0","0","1","0","0"
"POINT (13.347038118000057 52.476945645000058)","Unfall 123707 (2023) Kat:3, Licht: 2","123707","3","1","8","01","06","4","","2","0","1","0","0"
"POINT (13.402817505000030 52.569312571000069)","Unfall 123708 (2023) Kat:3, Licht: 0","123708","3","3","0","01","11","3","","0","0","0","0","0"
"POINT (13.420214000000044 52.525184637000052)","Unfall 123709 (2023) Kat:3, Licht: 0","123709","3","6","2","01","09","3","","0","0","1","0","0"
"POINT (13.379338102000077 52.509693381000034)","Unfall 123710 (2023) Kat:3, Licht: 2","123710","3","6","4","01","23","3","","2","0","1","0","0"
"POINT (13.586648345000071 52.505125786000065)","Unfall 123711 (2023) Kat:3, Licht: 0","123711","3","7","0","01","10","3","","0","0","1","0","0"
"POINT (13.364536142000077 52.534297423000055)","Unfall 123712 (2023) Kat:3, Licht: 2","123712","3","6","2","01","21","2","","2","0","1","0","0"
"POINT (13.365256442000032 52.558091221000041)","Unfall 123713 (2023) Kat:3, Licht: 0","123713","3","3","5","01","09","2","","0","1","1","0","0"
"POINT (13.275368953000054 52.439672524000059)","Unfall 123714 (2023) Kat:3, Licht: 2","123714","3","5","1","01","17","1","","2","0","1","0","0"
"POINT (13.448269163000077 52.547015379000072)","Unfall 123715 (2023) Kat:3, Licht: 0","123715","3","6","3","01","12","7","","0","1","1","0","0"
"POINT (13.348308258000031 52.481764233000035)","Unfall 123716 (2023) Kat:2, Licht: 2","123716","2","3","5","01","20","7","","2","1","1","0","0"
"POINT (13.323891511000056 52.607789205000074)","Unfall 123717 (2023) Kat:3, Licht: 0","123717","3","2","6","01","17","7","","0","0","1","1","0"
"POINT (13.382899804000033 52.509926121000035)","Unfall 123718 (2023) Kat:3, Licht: 2","123718","3","4","6","01","17","7","","2","0","1","1","0"
"POINT (13.334321278000061 52.513506544000052)","Unfall 123719 (2023) Kat:3, Licht: 0","123719","3","7","5","01","13","7","","0","0","1","0","1"
"POINT (13.412366028000065 52.541637015000049)","Unfall 123720 (2023) Kat:2, Licht: 1","123720","2","6","4","01","16","6","","1","1","0","0","0"
"POINT (13.458158570000023 52.458812016000081)","Unfall 123721 (2023) Kat:3, Licht: 0","123721","3","6","2","01","13","6","","0","0","1","0","0"
"POINT (13.297253965000039 52.510880805000056)","Unfall 123722 (2023) Kat:3, Licht: 0","123722","3","2","5","01","13","6","","0","1","1","0","0"
"POINT (13.231945644000064 52.506887024000036)","Unfall 123723 (2023) Kat:2, Licht: 1","123723","2","3","5","01","15","5","","1","0","1","0","0"
"POINT (13.453594236000072 52.518436436000059)","Unfall 123724 (2023) Kat:3, Licht: 0","123724","3","2","5","01","15","5","","0","1","0","0","0"
"POINT (13.299623809000025 52.511035087000039)","Unfall 123725 (2023) Kat:3, Licht: 0","123725","3","2","5","01","09","4","","0","1","1","0","0"
"POINT (13.343372384000077 52.514114727000049)","Unfall 123726 (2023) Kat:3, Licht: 2","123726","3","6","3","01","17","4","","2","1","1","0","0"
"POINT (13.385700281000027 52.477614716000062)","Unfall 123727 (2023) Kat:3, Licht: 2","123727","3","5","1","01","16","4","","2","0","1","0","0"
"POINT (13.296205729000064 52.541882635000036)","Unfall 123728 (2023) Kat:3, Licht: 2","123728","3","6","3","01","17","4","","2","0","1","0","0"
"POINT (13.401613142000031 52.511457461000077)","Unfall 123729 (2023) Kat:2, Licht: 0","123729","2","6","0","01","11","4","","0","0","1","0","1"
"POINT (13.419584449000070 52.525170178000053)","Unfall 123730 (2023) Kat:3, Licht: 0","123730","3","1","0","01","10","4","","0","0","0","0","1"
"POINT (13.380395470000053 52.437847719000047)","Unfall 123731 (2023) Kat:3, Licht: 2","123731","3","2","6","01","18","4","","2","0","1","1","0"
"POINT (13.316346686000031 52.617150514000059)","Unfall 123732 (2023) Kat:3, Licht: 0","123732","3","2","6","01","10","3","","0","0","1","1","0"
"POINT (13.307688296000038 52.482662655000070)","Unfall 123733 (2023) Kat:3, Licht: 2","123733","3","6","2","01","16","3","","2","0","1","0","0"
"POINT (13.406173566000064 52.399418094000055)","Unfall 123734 (2023) Kat:3, Licht: 0","123734","3","6","2","01","15","3","","0","0","1","0","0"
"POINT (13.402518824000026 52.592214622000029)","Unfall 123735 (2023) Kat:3, Licht: 2","123735","3","3","5","01","07","3","","2","1","1","0","0"
"POINT (13.365256635000037 52.558090218000075)","Unfall 123736 (2023) Kat:2, Licht: 2","123736","2","3","5","01","06","3","","2","1","1","0","0"
"POINT (13.387858244000029 52.438297297000076)","Unfall 123737 (2023) Kat:3, Licht: 0","123737","3","6","2","01","08","3","","0","0","1","0","0"
"POINT (13.408609947000059 52.521835925000062)","Unfall 123738 (2023) Kat:2, Licht: 2","123738","2","4","6","01","17","2","","2","1","0","1","0"
"POINT (13.303063209000072 52.550934418000054)","Unfall 123739 (2023) Kat:3, Licht: 2","123739","3","6","0","01","17","2","","2","0","1","0","0"
"POINT (13.365502000000049 52.557968742000071)","Unfall 123740 (2023) Kat:3, Licht: 0","123740","3","3","5","01","09","2","","0","0","1","0","0"
"POINT (13.417847429000062 52.523576814000080)","Unfall 123741 (2023) Kat:3, Licht: 0","123741","3","2","5","01","08","2","","0","1","0","0","0"
"POINT (13.368439811000030 52.541045625000038)","Unfall 123742 (2023) Kat:2, Licht: 2","123742","2","6","3","01","23","1","","2","0","0","0","0"
"POINT (13.363927052000065 52.564745349000077)","Unfall 123743 (2023) Kat:3, Licht: 2","123743","3","5","1","01","22","7","","2","1","1","0","0"
"POINT (13.384709899000029 52.451980331000073)","Unfall 123744 (2023) Kat:3, Licht: 2","123744","3","6","2","01","06","7","","2","0","1","0","1"
"POINT (13.314629034000063 52.453184263000026)","Unfall 123745 (2023) Kat:3, Licht: 0","123745","3","2","5","01","14","6","","0","1","1","0","0"
"POINT (13.369893972000057 52.515833129000043)","Unfall 123746 (2023) Kat:3, Licht: 2","123746","3","2","5","01","17","6","","2","0","1","0","0"
"POINT (13.389337199000067 52.435690140000077)","Unfall 123747 (2023) Kat:3, Licht: 2","123747","3","7","7","01","23","5","","2","0","0","0","1"
"POINT (13.416048649000061 52.540560353000046)","Unfall 123748 (2023) Kat:3, Licht: 2","123748","3","6","2","01","18","5","","2","0","1","0","0"
"POINT (13.235832644000027 52.468719991000057)","Unfall 123749 (2023) Kat:2, Licht: 2","123749","2","6","2","01","02","5","","2","0","1","0","0"
"POINT (13.417508967000060 52.523276021000072)","Unfall 123750 (2023) Kat:3, Licht: 0","123750","3","7","1","01","09","5","","0","1","1","0","0"
"POINT (13.386117724000030 52.489228904000072)","Unfall 123751 (2023) Kat:3, Licht: 2","123751","3","5","1","01","19","5","","2","0","1","0","0"
"POINT (13.388938465000024 52.497648620000064)","Unfall 123752 (2023) Kat:3, Licht: 2","123752","3","3","5","02","05","2","","2","0","1","0","1"
"POINT (13.385188987000049 52.449236907000056)","Unfall 123753 (2023) Kat:3, Licht: 1","123753","3","6","2","01","07","5","","1","0","1","0","0"
"POINT (13.328255710000064 52.460146722000047)","Unfall 123754 (2023) Kat:3, Licht: 2","123754","3","1","9","01","19","4","","2","0","1","0","0"
"POINT (13.228273166000065 52.506769213000041)","Unfall 123755 (2023) Kat:2, Licht: 0","123755","2","2","6","01","09","4","","0","0","1","1","0"
"POINT (13.451791932000049 52.548571081000034)","Unfall 123756 (2023) Kat:3, Licht: 1","123756","3","6","2","01","16","4","","1","0","1","0","0"
"POINT (13.304983495000045 52.484371171000078)","Unfall 123757 (2023) Kat:3, Licht: 0","123757","3","6","2","01","08","6","","0","0","1","0","0"
"POINT (13.448664447000056 52.505134435000059)","Unfall 123758 (2023) Kat:2, Licht: 1","123758","2","4","6","01","16","3","","1","1","0","1","0"
"POINT (13.467536098000039 52.514510996000070)","Unfall 123759 (2023) Kat:2, Licht: 2","123759","2","3","5","01","21","2","","2","0","1","0","0"
"POINT (13.402791158000070 52.593171965000067)","Unfall 123760 (2023) Kat:2, Licht: 1","123760","2","3","5","01","18","2","","1","1","0","0","0"
"POINT (13.385774469000069 52.480580446000033)","Unfall 123761 (2023) Kat:3, Licht: 2","123761","3","5","1","01","19","2","","2","0","1","0","0"
"POINT (13.403527525000072 52.569289472000037)","Unfall 123791 (2023) Kat:3, Licht: 0","123791","3","2","5","01","13","7","","0","1","1","0","0"
"POINT (13.284285666000073 52.495908598000028)","Unfall 123880 (2023) Kat:3, Licht: 1","123880","3","6","3","02","16","5","","1","0","1","0","0"
"POINT (13.422726372000056 52.527590881000037)","Unfall 123882 (2023) Kat:3, Licht: 2","123882","3","3","5","02","18","7","","2","1","0","0","0"
"POINT (13.387611444000072 52.438998104000063)","Unfall 123943 (2023) Kat:3, Licht: 1","123943","3","3","5","02","17","5","","1","0","1","0","0"
"POINT (13.292877305000047 52.535278977000075)","Unfall 123944 (2023) Kat:3, Licht: 0","123944","3","6","2","02","14","6","","0","0","1","0","0"
"POINT (13.405878526000038 52.520447735000062)","Unfall 123967 (2023) Kat:3, Licht: 0","123967","3","1","0","01","15","5","","0","0","0","0","1"
"POINT (13.525401208000062 52.509919003000050)","Unfall 123993 (2023) Kat:3, Licht: 0","123993","3","5","1","02","08","3","","0","1","1","0","0"
"POINT (13.261042487000054 52.508672997000076)","Unfall 124139 (2023) Kat:3, Licht: 0","124139","3","6","2","02","12","7","","0","0","1","0","0"
"POINT (13.414925489000041 52.452707457000031)","Unfall 124252 (2023) Kat:3, Licht: 0","124252","3","7","0","03","08","1","","0","0","0","0","0"
"POINT (13.284200410000039 52.530262868000079)","Unfall 124279 (2023) Kat:3, Licht: 2","124279","3","6","2","01","17","2","","2","0","1","0","0"
"POINT (13.474401623000063 52.513664096000070)","Unfall 124349 (2023) Kat:3, Licht: 0","124349","3","4","6","02","15","2","","0","1","0","1","0"
"POINT (13.257461328000034 52.609402865000050)","Unfall 124393 (2023) Kat:3, Licht: 2","124393","3","6","2","02","08","4","","2","0","1","0","0"
"POINT (13.390815129000032 52.510410906000061)","Unfall 124412 (2023) Kat:3, Licht: 2","124412","3","6","3","02","18","6","","2","0","1","0","0"
"POINT (13.613377627000034 52.504894849000038)","Unfall 124433 (2023) Kat:3, Licht: 0","124433","3","2","5","01","08","2","","0","0","1","0","0"
"POINT (13.387974995000036 52.493554574000029)","Unfall 124457 (2023) Kat:3, Licht: 0","124457","3","4","6","01","10","2","","0","0","1","1","0"
"POINT (13.419488500000057 52.525080765000041)","Unfall 124465 (2023) Kat:3, Licht: 0","124465","3","2","6","02","14","4","","0","0","0","1","0"
"POINT (13.518001275000074 52.509878463000064)","Unfall 124468 (2023) Kat:2, Licht: 2","124468","2","3","5","01","17","4","","2","0","1","0","0"
"POINT (13.385857729000065 52.486412889000064)","Unfall 124486 (2023) Kat:3, Licht: 2","124486","3","5","1","01","18","5","","2","1","1","0","0"
"POINT (13.412438298000041 52.544770787000061)","Unfall 124510 (2023) Kat:3, Licht: 0","124510","3","7","0","02","15","3","","0","1","0","0","0"
"POINT (13.283904147000044 52.507565220000060)","Unfall 124593 (2023) Kat:3, Licht: 0","124593","3","6","2","01","15","4","","0","0","1","0","0"
"POINT (13.177665842000067 52.419442338000067)","Unfall 124689 (2023) Kat:2, Licht: 2","124689","2","5","1","01","20","3","","2","0","1","0","0"
"POINT (13.507585334000055 52.510455571000080)","Unfall 124762 (2023) Kat:3, Licht: 0","124762","3","4","6","01","11","2","","0","1","0","1","0"
"POINT (13.502943897000023 52.431474944000058)","Unfall 124795 (2023) Kat:3, Licht: 2","124795","3","6","3","02","05","7","","2","0","1","0","0"
"POINT (13.448703777000048 52.505198467000071)","Unfall 124953 (2023) Kat:3, Licht: 0","124953","3","4","6","01","11","6","","0","1","0","1","0"
"POINT (13.357301923000023 52.487293586000078)","Unfall 124956 (2023) Kat:3, Licht: 1","124956","3","6","2","02","17","2","","1","0","1","0","0"
"POINT (13.364534480000032 52.501746270000069)","Unfall 124990 (2023) Kat:3, Licht: 2","124990","3","6","3","01","20","1","","2","0","1","0","0"
"POINT (13.387156559000061 52.440146013000060)","Unfall 124992 (2023) Kat:3, Licht: 0","124992","3","2","6","01","18","3","","0","0","1","1","0"
"POINT (13.360135003000039 52.571673821000047)","Unfall 125054 (2023) Kat:2, Licht: 2","125054","2","1","0","02","19","3","","2","1","0","0","0"
"POINT (13.320819771000060 52.512568080000051)","Unfall 125124 (2023) Kat:3, Licht: 2","125124","3","6","2","02","21","5","","2","0","1","0","0"
"POINT (13.380966018000038 52.499195548000046)","Unfall 125243 (2023) Kat:2, Licht: 2","125243","2","1","0","03","20","2","","2","1","0","0","0"
"POINT (13.412894740000070 52.460965040000076)","Unfall 125312 (2023) Kat:3, Licht: 0","125312","3","6","2","02","12","6","","0","0","1","0","0"
"POINT (13.385330812000063 52.448468763000051)","Unfall 125363 (2023) Kat:3, Licht: 2","125363","3","6","3","01","07","6","","2","1","1","0","0"
"POINT (13.424341554000023 52.539265782000030)","Unfall 125370 (2023) Kat:3, Licht: 0","125370","3","2","5","01","14","3","","0","1","1","0","0"
"POINT (13.413625534000062 52.557875917000047)","Unfall 125379 (2023) Kat:3, Licht: 2","125379","3","4","6","01","21","3","","2","0","0","1","0"
"POINT (13.502256525000064 52.511000781000064)","Unfall 125418 (2023) Kat:2, Licht: 0","125418","2","5","1","03","07","6","","0","1","1","0","0"
"POINT (13.452314869000077 52.511335428000052)","Unfall 125486 (2023) Kat:3, Licht: 2","125486","3","1","0","01","03","1","","2","1","0","0","0"
"POINT (13.365257222000025 52.558087181000076)","Unfall 125586 (2023) Kat:3, Licht: 2","125586","3","3","5","02","00","5","","2","0","1","0","0"
"POINT (13.411263719000033 52.518904767000038)","Unfall 125610 (2023) Kat:3, Licht: 2","125610","3","3","0","02","19","4","","2","1","1","0","0"
"POINT (13.152821835000054 52.498315408000053)","Unfall 125768 (2023) Kat:3, Licht: 2","125768","3","7","0","02","21","4","","2","0","1","0","0"
"POINT (13.476661291000028 52.478852750000044)","Unfall 125868 (2023) Kat:2, Licht: 0","125868","2","7","6","02","14","3","","0","0","1","1","0"
"POINT (13.307565297000053 52.511748084000033)","Unfall 125874 (2023) Kat:3, Licht: 0","125874","3","3","5","03","08","6","","0","1","1","0","0"
"POINT (13.300747117000071 52.487706828000057)","Unfall 125919 (2023) Kat:3, Licht: 1","125919","3","6","2","01","15","2","","1","0","1","0","0"
"POINT (13.279358102000060 52.509933624000041)","Unfall 126003 (2023) Kat:2, Licht: 1","126003","2","1","0","02","17","2","","1","0","0","0","1"
"POINT (13.339214243000072 52.589009680000061)","Unfall 126170 (2023) Kat:2, Licht: 2","126170","2","6","2","01","21","3","","2","1","1","0","0"
"POINT (13.422095409000065 52.461401318000071)","Unfall 126179 (2023) Kat:3, Licht: 0","126179","3","6","2","03","14","2","","0","0","1","0","0"
"POINT (13.349700341000073 52.482611904000066)","Unfall 126209 (2023) Kat:3, Licht: 0","126209","3","6","2","01","09","6","","0","0","1","0","0"
"POINT (13.428445788000033 52.532036641000047)","Unfall 126285 (2023) Kat:3, Licht: 2","126285","3","5","1","02","18","2","","2","1","1","0","0"
"POINT (13.379199483000036 52.436242564000054)","Unfall 126298 (2023) Kat:3, Licht: 0","126298","3","4","6","02","15","7","","0","0","1","1","0"
"POINT (13.406647069000030 52.521061534000069)","Unfall 126344 (2023) Kat:3, Licht: 2","126344","3","6","2","02","18","7","","2","1","1","0","0"
"POINT (13.208973169000046 52.447231603000034)","Unfall 126352 (2023) Kat:2, Licht: 0","126352","2","6","3","02","12","4","","0","0","1","0","0"
"POINT (13.404564907000065 52.513112709000040)","Unfall 127973 (2023) Kat:3, Licht: 2","127973","3","2","5","12","18","7","","2","0","1","0","0"
"POINT (13.412330217000033 52.541193974000066)","Unfall 127974 (2023) Kat:2, Licht: 2","127974","2","4","6","12","00","7","","2","0","1","1","0"
"POINT (13.388933332000022 52.497674226000072)","Unfall 127975 (2023) Kat:3, Licht: 2","127975","3","3","5","12","17","6","","2","0","1","0","0"
"POINT (13.372121091000054 52.505084891000081)","Unfall 127977 (2023) Kat:3, Licht: 0","127977","3","3","5","12","10","6","","0","0","1","0","1"
"POINT (13.307703558000071 52.555983520000041)","Unfall 127978 (2023) Kat:3, Licht: 0","127978","3","6","2","12","14","5","","0","0","1","0","0"
"POINT (13.454003928000077 52.515162256000053)","Unfall 127979 (2023) Kat:3, Licht: 2","127979","3","6","3","12","17","5","","2","1","1","0","0"
"POINT (13.381980120000037 52.439289539000072)","Unfall 127980 (2023) Kat:3, Licht: 0","127980","3","2","2","12","09","4","","0","0","1","0","0"
"POINT (13.284485089000043 52.516135584000040)","Unfall 127982 (2023) Kat:3, Licht: 0","127982","3","6","2","12","13","4","","0","0","1","0","0"
"POINT (13.387611444000072 52.438998104000063)","Unfall 127983 (2023) Kat:3, Licht: 2","127983","3","2","5","12","21","3","","2","0","1","0","0"
"POINT (13.497198282000056 52.511401685000067)","Unfall 127984 (2023) Kat:3, Licht: 0","127984","3","6","3","12","10","3","","0","0","1","0","0"
"POINT (13.364256693000073 52.501425135000034)","Unfall 127985 (2023) Kat:3, Licht: 0","127985","3","2","0","12","15","3","","0","0","1","0","0"
"POINT (13.424246456000049 52.539049953000074)","Unfall 127986 (2023) Kat:3, Licht: 2","127986","3","3","5","12","02","2","","2","0","1","0","0"
"POINT (13.332659080000042 52.597456681000040)","Unfall 127987 (2023) Kat:3, Licht: 2","127987","3","1","8","12","07","1","","2","0","1","0","0"
"POINT (13.468948057000034 52.447965442000054)","Unfall 127988 (2023) Kat:3, Licht: 2","127988","3","1","9","12","21","7","","2","0","1","0","0"
"POINT (13.385739841000031 52.469543480000027)","Unfall 127989 (2023) Kat:3, Licht: 0","127989","3","3","5","12","11","6","","0","0","1","0","0"
"POINT (13.389414920000036 52.434956848000070)","Unfall 127991 (2023) Kat:3, Licht: 0","127991","3","6","2","12","10","6","","0","0","1","0","1"
"POINT (13.361863307000021 52.413734263000038)","Unfall 127992 (2023) Kat:3, Licht: 0","127992","3","2","2","12","06","6","","0","0","1","0","0"
"POINT (13.460277381000026 52.515096311000036)","Unfall 127993 (2023) Kat:3, Licht: 1","127993","3","3","5","12","08","5","","1","1","1","0","0"
"POINT (13.336658589000024 52.466001866000056)","Unfall 127994 (2023) Kat:3, Licht: 0","127994","3","6","3","12","10","5","","0","0","1","0","0"
"POINT (13.435989435000067 52.462286918000075)","Unfall 127996 (2023) Kat:3, Licht: 0","127996","3","6","2","12","12","5","","0","0","1","0","0"
"POINT (13.463257545000033 52.514799577000076)","Unfall 127997 (2023) Kat:3, Licht: 0","127997","3","2","6","12","11","5","","0","0","1","1","0"
"POINT (13.457768479000038 52.491645831000028)","Unfall 127999 (2023) Kat:2, Licht: 1","127999","2","2","5","12","07","4","","1","1","1","0","0"
"POINT (13.371173100000021 52.470908782000038)","Unfall 128000 (2023) Kat:3, Licht: 0","128000","3","6","2","12","08","4","","0","0","1","0","0"
"POINT (13.214699425000049 52.427531676000058)","Unfall 128001 (2023) Kat:3, Licht: 1","128001","3","7","5","12","15","3","","1","0","1","0","0"
"POINT (13.412326298000039 52.541144817000031)","Unfall 128004 (2023) Kat:3, Licht: 0","128004","3","4","6","12","13","3","","0","0","0","1","0"
"POINT (13.440783367000051 52.462880898000037)","Unfall 128005 (2023) Kat:2, Licht: 1","128005","2","3","5","12","14","3","","1","0","1","0","0"
"POINT (13.554471506000027 52.557766481000044)","Unfall 128006 (2023) Kat:3, Licht: 2","128006","3","3","5","12","05","3","","2","0","1","0","0"
"POINT (13.413727493000067 52.550585016000070)","Unfall 128007 (2023) Kat:3, Licht: 0","128007","3","2","5","12","09","3","","0","1","1","0","0"
"POINT (13.396066547000032 52.423245514000030)","Unfall 128008 (2023) Kat:3, Licht: 2","128008","3","2","6","12","17","3","","2","0","1","1","0"
"POINT (13.368167762000041 52.538642760000073)","Unfall 128009 (2023) Kat:3, Licht: 0","128009","3","6","2","12","09","3","","0","0","1","0","0"
"POINT (13.215237176000073 52.427447612000037)","Unfall 128010 (2023) Kat:3, Licht: 0","128010","3","4","6","12","08","2","","0","0","1","1","0"
"POINT (13.369776726000055 52.539569283000048)","Unfall 128011 (2023) Kat:3, Licht: 2","128011","3","6","2","12","16","6","","2","0","1","0","1"
"POINT (13.386727529000041 52.442067439000027)","Unfall 128012 (2023) Kat:3, Licht: 2","128012","3","4","6","12","17","6","","2","0","1","1","0"
"POINT (13.451768798000046 52.511180871000079)","Unfall 128014 (2023) Kat:3, Licht: 0","128014","3","1","0","12","09","6","","0","1","0","0","0"
"POINT (13.386053507000042 52.483197018000055)","Unfall 128015 (2023) Kat:3, Licht: 0","128015","3","2","5","12","15","6","","0","1","1","0","0"
"POINT (13.448760716000038 52.505291169000031)","Unfall 128016 (2023) Kat:3, Licht: 2","128016","3","6","2","12","19","6","","2","0","1","0","0"
"POINT (13.282753404000061 52.528606182000033)","Unfall 128018 (2023) Kat:3, Licht: 2","128018","3","6","2","12","18","6","","2","0","1","0","0"
"POINT (13.361969589000068 52.474048857000071)","Unfall 128019 (2023) Kat:3, Licht: 2","128019","3","6","2","12","18","5","","2","0","1","0","0"
"POINT (13.376410747000023 52.430843731000039)","Unfall 128020 (2023) Kat:3, Licht: 2","128020","3","2","5","12","06","5","","2","0","1","0","1"
"POINT (13.354399324000042 52.485309557000051)","Unfall 128021 (2023) Kat:3, Licht: 0","128021","3","7","6","12","14","4","","0","0","1","1","0"
"POINT (13.420002338000074 52.525004552000041)","Unfall 128022 (2023) Kat:2, Licht: 2","128022","2","7","6","12","16","4","","2","0","1","1","0"
"POINT (13.406170863000057 52.399453572000027)","Unfall 128024 (2023) Kat:3, Licht: 0","128024","3","6","2","12","13","4","","0","0","1","0","0"
"POINT (13.467380630000036 52.514526516000046)","Unfall 128025 (2023) Kat:3, Licht: 2","128025","3","2","6","12","18","4","","2","0","1","1","0"
"POINT (13.319928059000063 52.512371075000033)","Unfall 128026 (2023) Kat:3, Licht: 0","128026","3","7","6","12","12","4","","0","1","0","1","0"
"POINT (13.428383799000073 52.532373635000056)","Unfall 128027 (2023) Kat:2, Licht: 2","128027","2","4","0","12","21","3","","2","0","0","1","0"
"POINT (13.261033625000039 52.508672548000050)","Unfall 128028 (2023) Kat:3, Licht: 2","128028","3","2","5","12","23","3","","2","0","1","0","0"
"POINT (13.379568538000058 52.509709223000073)","Unfall 128029 (2023) Kat:3, Licht: 1","128029","3","3","5","12","19","3","","1","1","1","0","0"
"POINT (13.403492573000051 52.582908165000049)","Unfall 128030 (2023) Kat:3, Licht: 0","128030","3","3","5","12","08","3","","0","1","1","0","0"
"POINT (13.287232937000056 52.510431462000042)","Unfall 128031 (2023) Kat:2, Licht: 2","128031","2","5","5","12","06","3","","2","0","1","0","1"
"POINT (13.358916742000076 52.573421377000045)","Unfall 128033 (2023) Kat:3, Licht: 2","128033","3","2","5","12","17","3","","2","1","1","0","0"
"POINT (13.289342866000027 52.510398407000082)","Unfall 128034 (2023) Kat:2, Licht: 0","128034","2","2","6","12","11","3","","0","0","1","1","0"
"POINT (13.439249466000035 52.541301414000031)","Unfall 128035 (2023) Kat:3, Licht: 2","128035","3","2","6","12","17","2","","2","0","0","1","1"
"POINT (13.178922204000060 52.516541677000077)","Unfall 128036 (2023) Kat:2, Licht: 2","128036","2","2","6","12","18","2","","2","0","1","1","0"
"POINT (13.474098221000077 52.513838256000042)","Unfall 128037 (2023) Kat:3, Licht: 0","128037","3","6","0","12","13","2","","0","0","1","0","0"
"POINT (13.385767615000077 52.480275283000026)","Unfall 128039 (2023) Kat:3, Licht: 2","128039","3","2","5","12","17","2","","2","1","1","0","0"