WKT,Name,OBJECTID,UKATEGORIE,UTYP1,UART,UMONAT,USTUNDE,UWOCHENTAG,STRZUSTAND,ULICHTVERH,ISTRAD,ISTPKW,ISTFUSS,ISTKRAD
"POINT (13.347716711000032 52.476243676000081)","Unfall 128040 (2023) Kat:2, Licht: 0","128040","2","6","3","12","14","2","","0","0","1","0","0"
"POINT (13.467373472000077 52.514527234000070)","Unfall 128043 (2023) Kat:3, Licht: 2","128043","3","2","6","12","21","2","","2","0","1","1","0"
"POINT (13.279691924000076 52.499934554000049)","Unfall 128044 (2023) Kat:3, Licht: 2","128044","3","1","8","12","23","1","","2","0","1","0","0"
"POINT (13.505541890000075 52.459558595000033)","Unfall 128045 (2023) Kat:3, Licht: 2","128045","3","6","2","12","06","7","","2","0","1","0","0"
"POINT (13.504826789000049 52.510750500000029)","Unfall 128046 (2023) Kat:3, Licht: 2","128046","3","3","5","12","16","7","","2","1","1","0","0"
"POINT (13.403427187000034 52.583023127000047)","Unfall 128047 (2023) Kat:3, Licht: 2","128047","3","3","5","12","15","6","","2","1","1","0","0"
"POINT (13.365006619000042 52.560565339000050)","Unfall 128048 (2023) Kat:2, Licht: 0","128048","2","7","5","12","11","6","","0","1","0","0","0"
"POINT (13.414458275000072 52.540795421000041)","Unfall 128049 (2023) Kat:3, Licht: 2","128049","3","4","6","12","19","6","","2","0","1","1","0"
"POINT (13.282716967000056 52.528552615000081)","Unfall 128050 (2023) Kat:3, Licht: 0","128050","3","6","2","12","17","5","","0","0","1","0","0"
"POINT (13.352193134000061 52.480076104000034)","Unfall 128051 (2023) Kat:3, Licht: 1","128051","3","2","2","12","16","5","","1","0","1","0","0"
"POINT (13.403521669000042 52.569296721000057)","Unfall 128053 (2023) Kat:3, Licht: 2","128053","3","2","0","12","07","4","","2","1","0","0","0"
"POINT (13.447956271000066 52.547081787000081)","Unfall 128054 (2023) Kat:3, Licht: 0","128054","3","2","5","12","13","4","","0","1","1","0","0"
"POINT (13.324917425000024 52.537833561000070)","Unfall 128055 (2023) Kat:3, Licht: 2","128055","3","6","2","12","16","4","","2","0","1","0","0"
"POINT (13.360965726000074 52.493212772000049)","Unfall 128056 (2023) Kat:3, Licht: 2","128056","3","6","2","12","20","4","","2","0","1","0","0"
"POINT (13.286185915000033 52.511467067000069)","Unfall 128057 (2023) Kat:3, Licht: 0","128057","3","6","2","12","09","2","","0","0","1","0","0"
"POINT (13.363907264000034 52.564782773000047)","Unfall 128059 (2023) Kat:3, Licht: 2","128059","3","4","6","12","18","2","","2","1","0","1","0"
"POINT (13.304828570000041 52.553123633000041)","Unfall 128060 (2023) Kat:2, Licht: 0","128060","2","6","2","12","13","5","","0","0","1","0","0"
"POINT (13.308287819000043 52.556804702000079)","Unfall 128061 (2023) Kat:3, Licht: 0","128061","3","6","2","12","13","2","","0","0","1","0","0"
"POINT (13.444932045000030 52.545500551000032)","Unfall 128062 (2023) Kat:3, Licht: 0","128062","3","3","5","12","11","2","","0","0","1","0","0"
"POINT (13.321096354000076 52.477869539000039)","Unfall 128063 (2023) Kat:3, Licht: 2","128063","3","7","0","12","03","1","","2","0","0","0","0"
"POINT (13.460174607000056 52.515250515000048)","Unfall 128064 (2023) Kat:3, Licht: 2","128064","3","2","5","12","21","7","","2","0","1","0","0"
"POINT (13.413737013000059 52.550641185000075)","Unfall 128065 (2023) Kat:3, Licht: 2","128065","3","6","3","12","20","7","","2","0","1","0","0"
"POINT (13.418590879000021 52.524242065000067)","Unfall 128066 (2023) Kat:3, Licht: 2","128066","3","3","5","12","17","6","","2","0","1","0","0"
"POINT (13.372273172000064 52.505014641000059)","Unfall 128067 (2023) Kat:2, Licht: 2","128067","2","6","2","12","19","6","","2","0","1","0","0"
"POINT (13.362472817000025 52.498867340000061)","Unfall 128068 (2023) Kat:3, Licht: 0","128068","3","4","6","12","10","6","","0","0","1","1","0"
"POINT (13.477343632000043 52.478634127000078)","Unfall 128069 (2023) Kat:2, Licht: 0","128069","2","4","6","12","07","6","","0","0","1","1","0"
"POINT (13.452023149000070 52.548448218000033)","Unfall 128070 (2023) Kat:3, Licht: 1","128070","3","4","2","12","14","6","","1","0","0","1","0"
"POINT (13.407989456000053 52.521737202000054)","Unfall 128071 (2023) Kat:2, Licht: 2","128071","2","4","6","11","22","5","","2","0","1","1","0"
"POINT (13.423972050000032 52.528541960000041)","Unfall 128072 (2023) Kat:3, Licht: 1","128072","3","6","2","11","15","5","","1","0","1","0","0"
"POINT (13.343669114000022 52.583192790000055)","Unfall 128073 (2023) Kat:3, Licht: 1","128073","3","2","5","11","15","5","","1","1","0","0","0"
"POINT (13.320207712000069 52.537081595000075)","Unfall 128075 (2023) Kat:3, Licht: 0","128075","3","6","2","11","09","5","","0","0","1","0","0"
"POINT (13.385740658000032 52.469455913000047)","Unfall 128076 (2023) Kat:3, Licht: 2","128076","3","2","5","11","19","5","","2","1","1","0","0"
"POINT (13.250010999000040 52.508000714000048)","Unfall 128079 (2023) Kat:3, Licht: 0","128079","3","6","2","11","13","5","","0","0","1","0","0"
"POINT (13.449170855000034 52.523860072000048)","Unfall 128080 (2023) Kat:3, Licht: 0","128080","3","6","2","11","14","5","","0","0","1","0","0"
"POINT (13.403917050000075 52.580955429000028)","Unfall 128081 (2023) Kat:3, Licht: 2","128081","3","6","2","11","16","4","","2","0","1","0","0"
"POINT (13.251553600000022 52.435177573000033)","Unfall 128084 (2023) Kat:3, Licht: 0","128084","3","6","2","11","15","4","","0","0","0","0","0"
"POINT (13.323647286000039 52.607955687000072)","Unfall 128086 (2023) Kat:3, Licht: 2","128086","3","2","5","11","16","3","","2","1","1","0","0"
"POINT (13.488170979000074 52.512423264000063)","Unfall 128087 (2023) Kat:3, Licht: 0","128087","3","3","5","11","11","3","","0","1","1","0","0"
"POINT (13.295517879000045 52.446511546000067)","Unfall 128088 (2023) Kat:3, Licht: 0","128088","3","3","5","11","10","2","","0","1","1","0","0"
"POINT (13.175689283000054 52.514386326000078)","Unfall 128089 (2023) Kat:3, Licht: 1","128089","3","4","6","11","07","2","","1","0","1","1","0"
"POINT (13.385833600000069 52.473436892000052)","Unfall 128090 (2023) Kat:3, Licht: 0","128090","3","6","2","11","09","2","","0","0","1","0","0"
"POINT (13.505123259000072 52.510730427000055)","Unfall 128091 (2023) Kat:2, Licht: 2","128091","2","3","5","11","06","2","","2","1","1","0","0"
"POINT (13.477726563000033 52.513486017000048)","Unfall 128092 (2023) Kat:3, Licht: 0","128092","3","6","2","11","13","2","","0","0","1","0","0"
"POINT (13.418928275000042 52.524558701000046)","Unfall 128093 (2023) Kat:3, Licht: 0","128093","3","6","2","11","08","2","","0","0","1","0","0"
"POINT (13.406217110000057 52.405455530000040)","Unfall 128095 (2023) Kat:3, Licht: 1","128095","3","6","2","11","17","2","","1","0","1","0","0"
"POINT (13.429523291000066 52.532950972000037)","Unfall 128096 (2023) Kat:3, Licht: 2","128096","3","2","5","11","22","7","","2","0","1","0","0"
"POINT (13.404690830000050 52.520077319000052)","Unfall 128097 (2023) Kat:3, Licht: 2","128097","3","3","5","11","18","7","","2","0","1","0","0"
"POINT (13.515683783000043 52.510003422000068)","Unfall 128098 (2023) Kat:3, Licht: 2","128098","3","1","9","11","00","7","","2","0","1","0","0"
"POINT (13.416345787000068 52.522261858000036)","Unfall 128099 (2023) Kat:3, Licht: 2","128099","3","2","6","11","20","6","","2","0","1","1","0"
"POINT (13.428813060000039 52.537505024000041)","Unfall 128100 (2023) Kat:3, Licht: 2","128100","3","2","6","11","21","6","","2","0","1","1","0"
"POINT (13.465702177000026 52.514550162000035)","Unfall 128101 (2023) Kat:3, Licht: 2","128101","3","7","0","11","02","6","","2","0","0","0","0"
"POINT (13.460703546000047 52.493837370000051)","Unfall 128102 (2023) Kat:3, Licht: 2","128102","3","6","2","11","20","6","","2","0","1","0","0"
"POINT (13.413489983000034 52.558658474000026)","Unfall 128103 (2023) Kat:3, Licht: 0","128103","3","3","5","11","14","6","","0","1","1","0","0"
"POINT (13.428836919000048 52.537496635000082)","Unfall 128104 (2023) Kat:3, Licht: 2","128104","3","2","6","11","20","5","","2","0","0","1","1"
"POINT (13.454225672000064 52.515804943000035)","Unfall 128105 (2023) Kat:3, Licht: 0","128105","3","2","2","11","07","5","","0","0","1","0","1"
"POINT (13.386874487000057 52.441159288000051)","Unfall 128106 (2023) Kat:3, Licht: 0","128106","3","5","1","11","14","5","","0","1","1","0","0"
"POINT (13.406792883000037 52.461850261000052)","Unfall 128107 (2023) Kat:3, Licht: 1","128107","3","6","2","11","17","4","","1","0","1","0","0"
"POINT (13.468704397000067 52.447904641000036)","Unfall 128108 (2023) Kat:3, Licht: 0","128108","3","6","2","11","12","4","","0","0","1","0","0"
"POINT (13.355826479000029 52.477843707000034)","Unfall 128109 (2023) Kat:3, Licht: 0","128109","3","2","5","11","08","4","","0","1","1","0","0"
"POINT (13.468948057000034 52.447965442000054)","Unfall 128110 (2023) Kat:2, Licht: 0","128110","2","6","2","11","08","4","","0","0","1","0","0"
"POINT (13.361943702000076 52.413611576000051)","Unfall 128111 (2023) Kat:3, Licht: 2","128111","3","2","5","11","16","3","","2","1","1","0","0"
"POINT (13.424328865000064 52.539022757000055)","Unfall 128112 (2023) Kat:3, Licht: 2","128112","3","3","0","11","16","3","","2","1","0","0","1"
"POINT (13.364780625000037 52.560566289000064)","Unfall 128114 (2023) Kat:3, Licht: 0","128114","3","2","0","11","07","3","","0","1","1","0","0"
"POINT (13.384949719000076 52.438546119000080)","Unfall 128115 (2023) Kat:3, Licht: 0","128115","3","6","0","11","09","2","","0","0","1","0","0"
"POINT (13.334336364000023 52.513507585000070)","Unfall 128116 (2023) Kat:3, Licht: 2","128116","3","6","3","11","19","2","","2","0","1","0","0"
"POINT (13.442674646000057 52.463019580000037)","Unfall 128118 (2023) Kat:3, Licht: 2","128118","3","6","2","11","17","2","","2","0","1","0","0"
"POINT (13.375552595000045 52.516197256000055)","Unfall 128119 (2023) Kat:3, Licht: 2","128119","3","5","1","11","18","2","","2","1","1","0","0"
"POINT (13.337639175000049 52.466653661000066)","Unfall 128120 (2023) Kat:2, Licht: 0","128120","2","6","2","11","12","2","","0","0","1","0","0"
"POINT (13.455640059000075 52.461515065000071)","Unfall 128122 (2023) Kat:3, Licht: 0","128122","3","6","3","11","09","2","","0","0","1","0","1"
"POINT (13.346063613000069 52.477574589000028)","Unfall 128123 (2023) Kat:3, Licht: 0","128123","3","6","2","11","09","2","","0","0","1","0","0"
"POINT (13.275341935000029 52.439473349000082)","Unfall 128124 (2023) Kat:3, Licht: 2","128124","3","6","2","11","19","2","","2","0","1","0","0"
"POINT (13.448321530000044 52.504614137000033)","Unfall 128125 (2023) Kat:3, Licht: 0","128125","3","6","3","11","13","1","","0","1","0","0","0"
"POINT (13.452272003000076 52.501235795000071)","Unfall 128126 (2023) Kat:2, Licht: 2","128126","2","7","5","11","19","1","","2","0","1","0","1"
"POINT (13.493089950000069 52.467826133000074)","Unfall 128128 (2023) Kat:3, Licht: 0","128128","3","2","5","11","11","1","","0","0","1","0","0"
"POINT (13.424122513000043 52.539081557000031)","Unfall 128129 (2023) Kat:3, Licht: 2","128129","3","2","5","11","23","1","","2","0","1","0","0"
"POINT (13.468976897000061 52.447951450000062)","Unfall 128130 (2023) Kat:2, Licht: 2","128130","2","6","3","11","01","1","","2","0","1","0","0"
"POINT (13.231552513000054 52.506862176000027)","Unfall 128132 (2023) Kat:3, Licht: 2","128132","3","6","2","11","23","7","","2","0","1","0","0"
"POINT (13.214810653000029 52.427345431000049)","Unfall 128134 (2023) Kat:3, Licht: 0","128134","3","7","5","11","13","7","","0","0","1","0","0"
"POINT (13.384351148000064 52.452783461000081)","Unfall 128135 (2023) Kat:3, Licht: 0","128135","3","2","0","11","12","6","","0","0","1","0","0"
"POINT (13.377097008000021 52.501737206000030)","Unfall 128136 (2023) Kat:3, Licht: 2","128136","3","1","0","11","20","6","","2","0","0","0","1"
"POINT (13.100042226000028 52.413853972000027)","Unfall 128137 (2023) Kat:3, Licht: 2","128137","3","1","1","11","23","6","","2","0","1","0","0"
"POINT (13.454213896000056 52.515853947000039)","Unfall 128138 (2023) Kat:3, Licht: 0","128138","3","2","5","11","13","5","","0","1","1","0","0"
"POINT (13.371212810000031 52.470900887000028)","Unfall 128141 (2023) Kat:3, Licht: 2","128141","3","6","2","11","16","5","","2","0","1","0","0"
"POINT (13.196400390000065 52.419871042000068)","Unfall 128142 (2023) Kat:3, Licht: 2","128142","3","7","0","11","18","5","","2","0","1","0","0"
"POINT (13.398677037000027 52.572460053000043)","Unfall 128143 (2023) Kat:3, Licht: 0","128143","3","7","5","11","15","5","","0","0","1","0","0"
"POINT (13.464496517000043 52.514816109000037)","Unfall 128146 (2023) Kat:3, Licht: 0","128146","3","7","2","11","14","5","","0","0","1","0","0"
"POINT (13.369960329000037 52.542074178000064)","Unfall 128147 (2023) Kat:3, Licht: 1","128147","3","7","6","11","15","5","","1","0","1","1","0"
"POINT (13.296457082000074 52.511015790000044)","Unfall 128148 (2023) Kat:3, Licht: 0","128148","3","7","2","11","09","5","","0","1","1","0","0"
"POINT (13.308529263000025 52.565786153000033)","Unfall 128150 (2023) Kat:3, Licht: 1","128150","3","6","2","11","06","5","","1","0","1","0","0"
"POINT (13.323190369000031 52.608226530000081)","Unfall 128151 (2023) Kat:3, Licht: 0","128151","3","6","2","11","12","5","","0","0","1","0","0"
"POINT (13.257604145000073 52.508477519000053)","Unfall 128152 (2023) Kat:3, Licht: 2","128152","3","6","2","11","04","5","","2","0","1","0","0"
"POINT (13.460231213000043 52.515244701000029)","Unfall 128153 (2023) Kat:3, Licht: 2","128153","3","3","5","11","17","5","","2","0","1","0","0"
"POINT (13.305362292000041 52.572447896000028)","Unfall 128154 (2023) Kat:3, Licht: 0","128154","3","6","2","11","16","4","","0","0","1","0","0"
"POINT (13.283312245000047 52.497066875000030)","Unfall 128155 (2023) Kat:3, Licht: 0","128155","3","6","3","11","08","4","","0","0","1","0","0"
"POINT (13.282948407000049 52.528613295000071)","Unfall 128158 (2023) Kat:2, Licht: 0","128158","2","6","2","11","14","4","","0","0","1","0","1"
"POINT (13.399193678000074 52.574870454000063)","Unfall 128159 (2023) Kat:3, Licht: 1","128159","3","3","5","11","15","4","","1","0","1","0","1"
"POINT (13.354889320000041 52.473795597000048)","Unfall 128160 (2023) Kat:3, Licht: 0","128160","3","6","2","11","12","3","","0","0","1","0","0"
"POINT (13.284093139000049 52.496100249000051)","Unfall 128161 (2023) Kat:3, Licht: 1","128161","3","6","2","11","15","3","","1","0","1","0","0"
"POINT (13.458464089000074 52.492422434000048)","Unfall 128162 (2023) Kat:3, Licht: 0","128162","3","6","3","11","09","3","","0","0","1","0","0"
"POINT (13.323572709000075 52.607999894000045)","Unfall 128163 (2023) Kat:3, Licht: 0","128163","3","4","6","11","12","3","","0","0","1","1","0"
"POINT (13.408453586000064 52.516531948000079)","Unfall 128165 (2023) Kat:3, Licht: 1","128165","3","5","1","11","16","3","","1","1","1","0","0"
"POINT (13.416179540000030 52.522091415000034)","Unfall 128167 (2023) Kat:3, Licht: 0","128167","3","2","5","11","13","3","","0","1","1","0","0"
"POINT (13.331882211000050 52.600124023000035)","Unfall 128168 (2023) Kat:3, Licht: 0","128168","3","2","5","11","09","3","","0","1","1","0","0"
"POINT (13.261004090000029 52.508671051000078)","Unfall 128169 (2023) Kat:3, Licht: 2","128169","3","2","5","11","19","2","","2","0","1","0","1"
"POINT (13.288097634000053 52.494218899000032)","Unfall 128170 (2023) Kat:3, Licht: 2","128170","3","1","0","11","23","2","","2","0","1","0","0"
"POINT (13.408188962000054 52.388488605000077)","Unfall 128171 (2023) Kat:3, Licht: 0","128171","3","2","5","11","12","2","","0","1","0","0","0"
"POINT (13.370184041000073 52.539961436000056)","Unfall 128172 (2023) Kat:3, Licht: 0","128172","3","2","6","11","14","2","","0","0","0","1","0"
"POINT (13.411264472000028 52.461184368000033)","Unfall 128173 (2023) Kat:3, Licht: 2","128173","3","6","2","11","17","2","","2","0","1","0","0"
"POINT (13.495030516000043 52.435108311000079)","Unfall 128174 (2023) Kat:3, Licht: 0","128174","3","1","8","11","13","1","","0","0","1","0","0"
"POINT (13.294749572000057 52.538753458000031)","Unfall 128175 (2023) Kat:3, Licht: 0","128175","3","6","2","11","15","1","","0","0","1","0","0"
"POINT (13.247511209000038 52.478528109000081)","Unfall 128177 (2023) Kat:2, Licht: 2","128177","2","6","4","11","02","1","","2","0","1","0","0"
"POINT (13.424615126000049 52.529103322000026)","Unfall 128178 (2023) Kat:2, Licht: 2","128178","2","4","6","11","17","5","","2","0","0","1","0"
"POINT (13.359528797000053 52.489464785000052)","Unfall 128179 (2023) Kat:3, Licht: 0","128179","3","5","1","11","15","5","","0","1","1","0","0"
"POINT (13.171651866000047 52.420759386000043)","Unfall 128180 (2023) Kat:2, Licht: 2","128180","2","6","4","11","18","5","","2","1","0","0","0"
"POINT (13.307827740000050 52.482489483000052)","Unfall 128181 (2023) Kat:3, Licht: 2","128181","3","6","2","11","18","5","","2","0","1","0","0"
"POINT (13.289262154000028 52.510559526000065)","Unfall 128182 (2023) Kat:2, Licht: 0","128182","2","2","5","11","13","5","","0","0","1","0","0"
"POINT (13.179163204000076 52.516634264000061)","Unfall 128183 (2023) Kat:2, Licht: 0","128183","2","3","5","11","08","5","","0","0","1","0","0"
"POINT (13.295859539000048 52.648645695000027)","Unfall 128185 (2023) Kat:3, Licht: 1","128185","3","7","7","11","07","5","","1","0","1","0","0"
"POINT (13.525334970000074 52.509909210000046)","Unfall 128186 (2023) Kat:3, Licht: 0","128186","3","1","8","11","08","5","","0","0","1","0","0"
"POINT (13.178793573000064 52.516468366000026)","Unfall 128188 (2023) Kat:3, Licht: 0","128188","3","6","2","11","08","5","","0","0","1","0","0"
"POINT (13.363460365000037 52.565266420000057)","Unfall 128190 (2023) Kat:3, Licht: 0","128190","3","6","2","11","15","5","","0","0","1","0","0"
"POINT (13.436975459000053 52.539752760000056)","Unfall 128191 (2023) Kat:3, Licht: 1","128191","3","3","5","11","07","5","","1","1","1","0","0"
"POINT (13.369821003000027 52.515829593000035)","Unfall 128192 (2023) Kat:3, Licht: 2","128192","3","2","5","11","18","4","","2","0","1","0","0"
"POINT (13.310466439000038 52.451768387000072)","Unfall 128193 (2023) Kat:3, Licht: 0","128193","3","4","6","11","13","4","","0","0","1","1","0"
"POINT (13.371093509000048 52.470924605000050)","Unfall 128194 (2023) Kat:3, Licht: 1","128194","3","6","2","11","16","3","","1","0","1","0","0"
"POINT (13.300696216000063 52.548033843000042)","Unfall 128195 (2023) Kat:3, Licht: 0","128195","3","6","3","11","11","3","","0","0","1","0","0"
"POINT (13.488614180000070 52.512379067000040)","Unfall 128196 (2023) Kat:2, Licht: 1","128196","2","4","6","11","06","3","","1","1","0","1","0"
"POINT (13.411973046000071 52.541129798000043)","Unfall 128197 (2023) Kat:3, Licht: 0","128197","3","3","5","11","12","3","","0","1","1","0","0"
"POINT (13.439248339000073 52.541300441000033)","Unfall 128199 (2023) Kat:2, Licht: 0","128199","2","2","6","11","11","2","","0","0","1","1","0"
"POINT (13.327068936000046 52.604168403000074)","Unfall 128201 (2023) Kat:3, Licht: 2","128201","3","6","4","11","17","2","","2","1","0","0","0"
"POINT (13.249648046000061 52.507978539000078)","Unfall 128202 (2023) Kat:2, Licht: 2","128202","2","4","6","11","18","2","","2","0","1","1","0"
"POINT (13.492633452000064 52.511783245000061)","Unfall 128203 (2023) Kat:3, Licht: 0","128203","3","6","2","11","06","2","","0","0","1","0","0"
"POINT (13.260738826000022 52.435092922000081)","Unfall 128204 (2023) Kat:3, Licht: 0","128204","3","6","2","11","16","2","","0","0","1","0","1"
"POINT (13.363273918000061 52.565615026000046)","Unfall 128205 (2023) Kat:3, Licht: 2","128205","3","5","1","11","18","2","","2","1","1","0","0"
"POINT (13.445106998000028 52.528989092000074)","Unfall 128206 (2023) Kat:3, Licht: 2","128206","3","7","5","11","17","2","","2","1","1","0","0"
"POINT (13.483018565000066 52.574551819000078)","Unfall 128207 (2023) Kat:3, Licht: 0","128207","3","4","6","11","11","2","","0","1","0","1","0"
"POINT (13.286413354000047 52.532321034000063)","Unfall 128208 (2023) Kat:3, Licht: 2","128208","3","6","2","11","20","1","","2","0","1","0","0"
"POINT (13.313497378000022 52.620388594000076)","Unfall 128209 (2023) Kat:3, Licht: 0","128209","3","1","0","11","15","7","","0","0","0","0","1"
"POINT (13.457874104000041 52.491765582000028)","Unfall 128210 (2023) Kat:3, Licht: 1","128210","3","2","5","11","18","7","","1","0","1","0","0"
"POINT (13.347741537000047 52.574413175000075)","Unfall 128211 (2023) Kat:3, Licht: 2","128211","3","2","5","11","22","7","","2","0","1","0","0"
"POINT (13.324239310000053 52.607481763000067)","Unfall 128213 (2023) Kat:3, Licht: 2","128213","3","3","5","11","18","5","","2","0","1","0","1"
"POINT (13.502668944000050 52.461506535000069)","Unfall 128214 (2023) Kat:3, Licht: 0","128214","3","2","5","11","12","5","","0","1","0","0","0"
"POINT (13.142733914000075 52.490867505000040)","Unfall 128216 (2023) Kat:3, Licht: 1","128216","3","1","9","11","16","5","","1","0","1","0","0"
"POINT (13.413578760000064 52.558598038000071)","Unfall 128218 (2023) Kat:2, Licht: 0","128218","2","3","5","11","09","5","","0","1","0","0","0"
"POINT (13.386055770000041 52.485972570000058)","Unfall 128219 (2023) Kat:3, Licht: 2","128219","3","4","6","11","19","4","","2","0","0","1","1"
"POINT (13.413061826000046 52.545800783000061)","Unfall 128220 (2023) Kat:3, Licht: 2","128220","3","3","2","11","18","4","","2","0","1","0","0"
"POINT (13.315510525000036 52.613290222000046)","Unfall 128221 (2023) Kat:3, Licht: 2","128221","3","1","0","11","18","4","","2","1","0","0","0"
"POINT (13.493875636000041 52.511848319000080)","Unfall 128222 (2023) Kat:3, Licht: 0","128222","3","3","5","11","15","4","","0","0","1","0","0"
"POINT (13.385492553000063 52.469059169000047)","Unfall 128224 (2023) Kat:3, Licht: 0","128224","3","6","2","11","08","4","","0","1","1","0","0"
"POINT (13.511977134000063 52.454925329000048)","Unfall 128225 (2023) Kat:3, Licht: 1","128225","3","2","6","10","17","3","","1","0","1","1","0"
"POINT (13.352155630000027 52.483919628000081)","Unfall 128228 (2023) Kat:3, Licht: 0","128228","3","6","3","10","14","3","","0","1","0","0","0"
"POINT (13.310610546000078 52.559592798000040)","Unfall 128230 (2023) Kat:3, Licht: 2","128230","3","1","9","10","05","3","","2","0","1","0","0"
"POINT (13.356292446000054 52.514960940000037)","Unfall 128231 (2023) Kat:3, Licht: 1","128231","3","5","0","10","16","3","","1","0","1","0","0"
"POINT (13.178193260000057 52.516123975000028)","Unfall 128232 (2023) Kat:3, Licht: 0","128232","3","3","5","10","17","3","","0","1","1","0","0"
"POINT (13.384715128000039 52.451952721000055)","Unfall 128233 (2023) Kat:3, Licht: 0","128233","3","6","2","10","10","3","","0","0","1","0","0"
"POINT (13.386204941000074 52.438760510000066)","Unfall 128235 (2023) Kat:3, Licht: 0","128235","3","1","0","10","09","2","","0","1","0","0","0"
"POINT (13.412327669000035 52.519411540000078)","Unfall 128236 (2023) Kat:3, Licht: 0","128236","3","2","0","10","12","2","","0","1","0","0","0"
"POINT (13.428321926000024 52.531931428000064)","Unfall 128237 (2023) Kat:2, Licht: 1","128237","2","1","0","10","06","1","","1","0","0","0","1"
"POINT (13.359042330000023 52.573399430000052)","Unfall 128238 (2023) Kat:3, Licht: 2","128238","3","2","5","10","18","1","","2","0","1","0","0"
"POINT (13.482931021000070 52.512819495000031)","Unfall 128239 (2023) Kat:2, Licht: 2","128239","2","1","0","10","23","7","","2","0","0","0","0"
"POINT (13.364410035000049 52.563760689000048)","Unfall 128240 (2023) Kat:3, Licht: 1","128240","3","1","0","10","16","7","","1","1","0","0","0"
"POINT (13.454201344000069 52.515621455000030)","Unfall 128241 (2023) Kat:3, Licht: 2","128241","3","3","5","10","01","7","","2","0","1","0","0"
"POINT (13.286229731000049 52.511366804000033)","Unfall 128242 (2023) Kat:3, Licht: 1","128242","3","6","2","10","17","6","","1","0","1","0","0"
"POINT (13.389009686000065 52.620641939000052)","Unfall 128243 (2023) Kat:2, Licht: 0","128243","2","6","4","10","16","6","","0","0","1","0","0"
"POINT (13.515053200000068 52.452837886000054)","Unfall 128244 (2023) Kat:2, Licht: 2","128244","2","4","6","10","20","6","","2","0","1","1","0"
"POINT (13.464290896000023 52.551522100000057)","Unfall 128245 (2023) Kat:3, Licht: 0","128245","3","6","2","10","13","5","","0","0","0","0","0"
"POINT (13.375942241000075 52.509358426000063)","Unfall 128246 (2023) Kat:3, Licht: 0","128246","3","1","0","10","14","5","","0","0","0","0","1"
"POINT (13.353825176000043 52.476922033000051)","Unfall 128247 (2023) Kat:2, Licht: 0","128247","2","1","8","10","14","5","","0","0","1","0","0"
"POINT (13.333390548000068 52.513279439000030)","Unfall 128248 (2023) Kat:3, Licht: 0","128248","3","6","3","10","09","4","","0","0","1","0","0"
"POINT (13.444527915000037 52.529120462000037)","Unfall 128249 (2023) Kat:2, Licht: 1","128249","2","6","2","10","18","4","","1","0","1","0","1"
"POINT (13.401548104000028 52.414139720000037)","Unfall 128251 (2023) Kat:3, Licht: 0","128251","3","2","5","10","09","4","","0","1","1","0","0"
"POINT (13.301806595000073 52.511370015000068)","Unfall 128252 (2023) Kat:3, Licht: 0","128252","3","7","0","10","13","4","","0","0","1","0","0"
"POINT (13.483395078000058 52.577334776000043)","Unfall 128253 (2023) Kat:3, Licht: 0","128253","3","2","5","10","12","4","","0","1","1","0","0"
"POINT (13.403613779000068 52.463519754000060)","Unfall 128254 (2023) Kat:3, Licht: 2","128254","3","7","0","10","22","4","","2","0","1","0","0"
"POINT (13.448808628000052 52.505369176000045)","Unfall 128255 (2023) Kat:3, Licht: 0","128255","3","7","0","10","17","3","","0","0","0","0","0"
"POINT (13.439338837000037 52.541378652000049)","Unfall 128257 (2023) Kat:3, Licht: 2","128257","3","3","5","10","17","3","","2","1","1","0","0"
"POINT (13.384432045000040 52.516864023000039)","Unfall 128258 (2023) Kat:3, Licht: 1","128258","3","4","6","10","13","3","","1","1","0","1","0"
"POINT (13.388880074000042 52.498108671000068)","Unfall 128259 (2023) Kat:3, Licht: 2","128259","3","2","5","10","23","3","","2","0","1","0","0"
"POINT (13.406116271000030 52.520794356000067)","Unfall 128260 (2023) Kat:2, Licht: 2","128260","2","4","6","10","19","3","","2","0","0","1","0"
"POINT (13.281999321000058 52.498254845000076)","Unfall 128261 (2023) Kat:3, Licht: 1","128261","3","6","2","10","16","3","","1","0","1","0","0"
"POINT (13.227352429000064 52.506905168000060)","Unfall 128262 (2023) Kat:3, Licht: 2","128262","3","6","4","10","18","3","","2","0","1","0","0"
"POINT (13.424030751000032 52.539097275000074)","Unfall 128263 (2023) Kat:3, Licht: 2","128263","3","3","5","10","17","3","","2","1","1","0","0"
"POINT (13.448742559000038 52.505261608000069)","Unfall 128265 (2023) Kat:3, Licht: 2","128265","3","6","2","10","20","3","","2","0","1","0","0"
"POINT (13.443690425000057 52.545196288000056)","Unfall 128266 (2023) Kat:2, Licht: 0","128266","2","6","3","10","08","2","","0","1","0","0","0"
"POINT (13.317185622000068 52.615339940000069)","Unfall 128267 (2023) Kat:3, Licht: 0","128267","3","6","2","10","13","2","","0","0","1","0","0"
"POINT (13.229154432000030 52.430875165000032)","Unfall 128269 (2023) Kat:3, Licht: 0","128269","3","5","1","10","12","1","","0","1","1","0","0"
"POINT (13.331826067000065 52.600180592000072)","Unfall 128272 (2023) Kat:2, Licht: 0","128272","2","1","8","10","16","1","","0","0","0","0","1"