WKT,Name,OBJECTID,UKATEGORIE,UTYP1,UART,UMONAT,USTUNDE,UWOCHENTAG,STRZUSTAND,ULICHTVERH,ISTRAD,ISTPKW,ISTFUSS,ISTKRAD
"POINT (13.309869945000059 52.558256034000067)","Unfall 128274 (2023) Kat:3, Licht: 0","128274","3","6","2","10","12","1","","0","0","1","0","0"
"POINT (13.328664242000059 52.538820730000054)","Unfall 128275 (2023) Kat:3, Licht: 0","128275","3","6","2","10","15","7","","0","0","1","0","0"
"POINT (13.482787453000071 52.474747395000065)","Unfall 128276 (2023) Kat:3, Licht: 2","128276","3","7","0","10","21","7","","2","0","0","0","0"
"POINT (13.162256593000052 52.419910326000036)","Unfall 128277 (2023) Kat:3, Licht: 0","128277","3","2","5","10","14","7","","0","1","1","0","0"
"POINT (13.416695844000060 52.522553373000051)","Unfall 128278 (2023) Kat:3, Licht: 0","128278","3","5","1","10","16","7","","0","1","1","0","0"
"POINT (13.558171662000063 52.562748553000063)","Unfall 128279 (2023) Kat:3, Licht: 2","128279","3","3","5","10","17","7","","2","0","1","0","0"
"POINT (13.416551285000025 52.522424896000075)","Unfall 128280 (2023) Kat:3, Licht: 0","128280","3","6","2","10","12","6","","0","0","1","0","0"
"POINT (13.438386136000076 52.462561389000030)","Unfall 128281 (2023) Kat:3, Licht: 1","128281","3","6","2","10","17","6","","1","0","1","0","0"
"POINT (13.310982212000056 52.560072882000043)","Unfall 128284 (2023) Kat:3, Licht: 0","128284","3","6","2","10","13","6","","0","0","1","0","0"
"POINT (13.502851552000038 52.510928531000047)","Unfall 128285 (2023) Kat:3, Licht: 0","128285","3","6","2","10","14","6","","0","0","1","0","0"
"POINT (13.348741873000051 52.481991268000058)","Unfall 128286 (2023) Kat:3, Licht: 2","128286","3","7","6","10","00","6","","2","0","0","1","0"
"POINT (13.392302191000056 52.429878458000076)","Unfall 128287 (2023) Kat:3, Licht: 0","128287","3","4","6","10","14","6","","0","0","1","1","0"
"POINT (13.451382052000042 52.516147771000078)","Unfall 128288 (2023) Kat:3, Licht: 1","128288","3","4","6","10","17","6","","1","0","0","1","0"
"POINT (13.300338676000024 52.487845500000049)","Unfall 128289 (2023) Kat:3, Licht: 0","128289","3","7","2","10","09","5","","0","0","1","0","0"
"POINT (13.223688870000046 52.459127816000034)","Unfall 128290 (2023) Kat:3, Licht: 2","128290","3","5","1","10","22","5","","2","0","1","0","0"
"POINT (13.345645701000024 52.580631307000033)","Unfall 128291 (2023) Kat:3, Licht: 2","128291","3","3","5","10","18","5","","2","1","0","0","0"
"POINT (13.431016523000039 52.582786791000046)","Unfall 128292 (2023) Kat:3, Licht: 2","128292","3","6","2","10","06","5","","2","0","1","0","0"
"POINT (13.394299190000027 52.426324272000045)","Unfall 128293 (2023) Kat:3, Licht: 0","128293","3","6","2","10","17","4","","0","0","1","0","0"
"POINT (13.401080952000029 52.580467978000058)","Unfall 128295 (2023) Kat:3, Licht: 2","128295","3","1","0","11","22","6","","2","0","0","0","1"
"POINT (13.598783002000062 52.504878470000051)","Unfall 128296 (2023) Kat:3, Licht: 0","128296","3","2","6","10","16","4","","0","0","1","1","0"
"POINT (13.419536645000051 52.525125630000048)","Unfall 128297 (2023) Kat:3, Licht: 2","128297","3","6","2","10","19","4","","2","0","1","0","0"
"POINT (13.433958317000076 52.535617832000071)","Unfall 128298 (2023) Kat:3, Licht: 0","128298","3","1","0","10","14","4","","0","0","0","0","1"
"POINT (13.364862017000064 52.561346005000075)","Unfall 128299 (2023) Kat:3, Licht: 2","128299","3","2","6","10","20","4","","2","0","1","1","0"
"POINT (13.364304411000035 52.534532549000062)","Unfall 128300 (2023) Kat:3, Licht: 0","128300","3","6","2","10","16","3","","0","0","1","0","0"
"POINT (13.398940914000036 52.573288976000072)","Unfall 128301 (2023) Kat:3, Licht: 0","128301","3","2","5","12","13","3","","0","0","1","0","0"
"POINT (13.256216991000031 52.485791051000035)","Unfall 128302 (2023) Kat:3, Licht: 0","128302","3","6","2","10","10","3","","0","0","1","0","0"
"POINT (13.248080265000056 52.614126586000054)","Unfall 128303 (2023) Kat:3, Licht: 0","128303","3","6","3","10","07","3","","0","0","1","0","0"
"POINT (13.424981382000055 52.519520666000062)","Unfall 128305 (2023) Kat:2, Licht: 0","128305","2","7","1","10","15","3","","0","0","1","0","0"
"POINT (13.412287355000046 52.544200959000079)","Unfall 128306 (2023) Kat:2, Licht: 0","128306","2","1","0","10","12","3","","0","1","0","0","0"
"POINT (13.360990404000063 52.493481462000034)","Unfall 128307 (2023) Kat:3, Licht: 0","128307","3","6","2","10","10","2","","0","0","1","0","0"
"POINT (13.282556616000022 52.441718721000029)","Unfall 128308 (2023) Kat:2, Licht: 2","128308","2","2","5","10","21","2","","2","1","0","0","1"
"POINT (13.406450917000029 52.461930668000036)","Unfall 128309 (2023) Kat:3, Licht: 2","128309","3","6","3","10","19","2","","2","0","1","0","0"
"POINT (13.419585323000035 52.520960822000063)","Unfall 128311 (2023) Kat:3, Licht: 1","128311","3","1","0","10","18","2","","1","1","0","0","0"
"POINT (13.396345311000061 52.423365595000064)","Unfall 128313 (2023) Kat:3, Licht: 0","128313","3","2","0","10","16","1","","0","0","1","0","1"
"POINT (13.442694186000040 52.544626748000042)","Unfall 128315 (2023) Kat:2, Licht: 0","128315","2","3","5","10","14","1","","0","1","1","0","0"
"POINT (13.361530355000070 52.496632181000052)","Unfall 128316 (2023) Kat:3, Licht: 2","128316","3","6","2","10","19","1","","2","0","1","0","0"
"POINT (13.426436140000021 52.538303658000075)","Unfall 128317 (2023) Kat:2, Licht: 2","128317","2","3","5","10","18","7","","2","1","0","0","0"
"POINT (13.548592445000054 52.509559141000068)","Unfall 128318 (2023) Kat:3, Licht: 0","128318","3","6","2","10","12","7","","0","0","1","0","0"
"POINT (13.401747348000072 52.587659593000069)","Unfall 128319 (2023) Kat:2, Licht: 0","128319","2","1","0","10","10","7","","0","0","0","0","0"
"POINT (13.394592594000073 52.517315203000067)","Unfall 128320 (2023) Kat:2, Licht: 2","128320","2","7","0","10","01","7","","2","0","0","0","0"
"POINT (13.404795171000046 52.520130016000053)","Unfall 128321 (2023) Kat:3, Licht: 0","128321","3","3","0","10","15","6","","0","0","0","0","0"
"POINT (13.385497557000065 52.466848918000039)","Unfall 128322 (2023) Kat:3, Licht: 1","128322","3","5","2","10","17","6","","1","0","1","0","0"
"POINT (13.362019513000064 52.515216185000043)","Unfall 128324 (2023) Kat:2, Licht: 2","128324","2","4","6","10","20","6","","2","0","1","1","0"
"POINT (13.406850137000049 52.521163748000049)","Unfall 128325 (2023) Kat:3, Licht: 2","128325","3","5","1","10","18","6","","2","1","1","0","0"
"POINT (13.301594143000045 52.643135673000074)","Unfall 128327 (2023) Kat:3, Licht: 0","128327","3","6","2","10","11","6","","0","0","1","0","0"
"POINT (13.260468277000030 52.435003882000046)","Unfall 128328 (2023) Kat:3, Licht: 0","128328","3","2","5","10","16","6","","0","0","1","0","0"
"POINT (13.369301614000051 52.507441259000075)","Unfall 128329 (2023) Kat:3, Licht: 0","128329","3","7","6","10","15","6","","0","0","0","1","0"
"POINT (13.402791158000070 52.593171965000067)","Unfall 128330 (2023) Kat:2, Licht: 2","128330","2","3","5","10","06","6","","2","0","1","0","1"
"POINT (13.301712749000046 52.511174147000077)","Unfall 128331 (2023) Kat:3, Licht: 1","128331","3","4","6","10","16","5","","1","0","1","1","0"
"POINT (13.404596628000036 52.519797162000032)","Unfall 128332 (2023) Kat:3, Licht: 1","128332","3","6","2","10","18","5","","1","1","1","0","0"
"POINT (13.535297794000030 52.510207865000041)","Unfall 128333 (2023) Kat:3, Licht: 2","128333","3","1","0","10","22","5","","2","0","1","0","0"
"POINT (13.310006179000027 52.564635828000064)","Unfall 128334 (2023) Kat:3, Licht: 0","128334","3","1","0","10","12","5","","0","0","0","0","1"
"POINT (13.386053860000061 52.483223874000032)","Unfall 128336 (2023) Kat:3, Licht: 0","128336","3","2","2","10","08","5","","0","0","0","0","0"
"POINT (13.403491155000040 52.582910799000047)","Unfall 128337 (2023) Kat:3, Licht: 2","128337","3","3","5","10","18","4","","2","1","1","0","0"
"POINT (13.414124967000078 52.557725396000080)","Unfall 128338 (2023) Kat:2, Licht: 2","128338","2","3","5","10","19","4","","2","1","1","0","0"
"POINT (13.412948877000076 52.519697124000061)","Unfall 128339 (2023) Kat:3, Licht: 0","128339","3","5","1","10","16","4","","0","1","1","0","0"
"POINT (13.417459664000035 52.376838585000030)","Unfall 128340 (2023) Kat:3, Licht: 0","128340","3","2","5","10","14","4","","0","1","0","0","0"
"POINT (13.349918585000069 52.481215710000072)","Unfall 128341 (2023) Kat:3, Licht: 0","128341","3","2","5","10","09","4","","0","0","1","0","0"
"POINT (13.314439794000066 52.619046591000028)","Unfall 128342 (2023) Kat:3, Licht: 0","128342","3","3","5","10","07","4","","0","0","1","0","1"
"POINT (13.482955003000029 52.574160238000047)","Unfall 128344 (2023) Kat:3, Licht: 0","128344","3","2","5","10","08","4","","0","1","1","0","0"
"POINT (13.515988341000025 52.510051962000034)","Unfall 128345 (2023) Kat:3, Licht: 0","128345","3","6","3","10","07","4","","0","1","0","0","0"
"POINT (13.376925064000034 52.500769187000060)","Unfall 128346 (2023) Kat:3, Licht: 0","128346","3","6","2","10","14","3","","0","0","1","0","0"
"POINT (13.360776548000047 52.491055830000050)","Unfall 128347 (2023) Kat:3, Licht: 2","128347","3","4","6","10","19","3","","2","0","1","1","0"
"POINT (13.296053995000022 52.510989250000080)","Unfall 128348 (2023) Kat:3, Licht: 0","128348","3","5","1","10","16","3","","0","1","1","0","0"
"POINT (13.414197802000047 52.551220922000027)","Unfall 128349 (2023) Kat:3, Licht: 0","128349","3","7","6","10","09","3","","0","0","0","1","0"
"POINT (13.419252293000056 52.524357321000082)","Unfall 128350 (2023) Kat:3, Licht: 2","128350","3","6","2","10","20","3","","2","0","1","0","0"
"POINT (13.460043859000052 52.492858051000042)","Unfall 128351 (2023) Kat:3, Licht: 0","128351","3","2","6","10","14","3","","0","0","1","1","0"
"POINT (13.339771635000034 52.478568542000062)","Unfall 128353 (2023) Kat:3, Licht: 0","128353","3","6","2","10","08","3","","0","0","1","0","0"
"POINT (13.354209969000067 52.473818769000047)","Unfall 128354 (2023) Kat:3, Licht: 0","128354","3","6","2","10","14","2","","0","0","1","0","0"
"POINT (13.386052206000045 52.483097566000026)","Unfall 128355 (2023) Kat:3, Licht: 0","128355","3","6","2","10","07","2","","0","0","1","0","0"
"POINT (13.465774887000066 52.514687757000047)","Unfall 128356 (2023) Kat:1, Licht: 2","128356","1","4","6","10","22","2","","2","0","1","1","0"
"POINT (13.375249191000023 52.428372369000044)","Unfall 128357 (2023) Kat:3, Licht: 2","128357","3","7","0","10","03","1","","2","1","0","0","0"
"POINT (13.395078647000048 52.425584882000067)","Unfall 128358 (2023) Kat:2, Licht: 2","128358","2","1","1","10","00","1","","2","0","1","0","0"
"POINT (13.389143412000067 52.497998808000034)","Unfall 128359 (2023) Kat:3, Licht: 2","128359","3","6","2","10","23","7","","2","0","1","0","0"
"POINT (13.364200140000037 52.563682813000071)","Unfall 128361 (2023) Kat:2, Licht: 2","128361","2","4","6","10","20","7","","2","0","1","1","0"
"POINT (13.386138997000046 52.443300084000043)","Unfall 128362 (2023) Kat:3, Licht: 0","128362","3","7","6","10","10","7","","0","0","0","1","1"
"POINT (13.419721839000033 52.524764025000081)","Unfall 128364 (2023) Kat:3, Licht: 0","128364","3","6","2","10","16","6","","0","1","0","0","0"
"POINT (13.388961155000061 52.497557609000069)","Unfall 128366 (2023) Kat:3, Licht: 1","128366","3","2","5","12","21","2","","1","0","1","0","0"
"POINT (13.417773753000063 52.523511339000038)","Unfall 128367 (2023) Kat:3, Licht: 0","128367","3","3","0","10","12","6","","0","1","1","0","0"
"POINT (13.370921950000024 52.470819635000055)","Unfall 128369 (2023) Kat:3, Licht: 0","128369","3","6","2","10","13","6","","0","0","1","0","0"
"POINT (13.263480075000075 52.491354087000047)","Unfall 128370 (2023) Kat:2, Licht: 0","128370","2","1","1","10","07","6","","0","0","1","0","0"
"POINT (13.327223721000053 52.477816181000037)","Unfall 128372 (2023) Kat:3, Licht: 0","128372","3","6","2","10","15","6","","0","0","1","0","0"
"POINT (13.367410197000027 52.551318146000028)","Unfall 128373 (2023) Kat:3, Licht: 0","128373","3","5","1","10","13","6","","0","0","1","0","0"
"POINT (13.370996096000056 52.470943971000054)","Unfall 128374 (2023) Kat:3, Licht: 0","128374","3","6","2","10","16","5","","0","0","1","0","0"
"POINT (13.313338333000047 52.620901887000059)","Unfall 128375 (2023) Kat:3, Licht: 0","128375","3","2","5","10","18","5","","0","0","1","0","1"
"POINT (13.403613508000035 52.409925610000073)","Unfall 128377 (2023) Kat:3, Licht: 0","128377","3","3","5","10","14","5","","0","1","1","0","0"
"POINT (13.340481188000069 52.587338554000041)","Unfall 128378 (2023) Kat:3, Licht: 0","128378","3","3","5","10","07","5","","0","0","1","0","0"
"POINT (13.368252123000048 52.505654170000071)","Unfall 128379 (2023) Kat:3, Licht: 0","128379","3","2","5","10","07","5","","0","1","1","0","0"
"POINT (13.224012192000032 52.459120136000081)","Unfall 128380 (2023) Kat:3, Licht: 0","128380","3","6","2","10","16","5","","0","0","1","0","0"
"POINT (13.419531235000022 52.525120588000050)","Unfall 128381 (2023) Kat:3, Licht: 2","128381","3","2","5","10","23","5","","2","1","1","0","0"
"POINT (13.377035297000077 52.501806179000027)","Unfall 128383 (2023) Kat:3, Licht: 2","128383","3","6","2","10","21","4","","2","0","1","0","0"
"POINT (13.413860516000057 52.551297860000034)","Unfall 128385 (2023) Kat:3, Licht: 2","128385","3","5","1","10","20","4","","2","1","1","0","0"
"POINT (13.369163860000072 52.547454433000041)","Unfall 128386 (2023) Kat:3, Licht: 0","128386","3","6","3","10","13","4","","0","1","1","0","0"
"POINT (13.362972832000025 52.473958029000073)","Unfall 128387 (2023) Kat:3, Licht: 0","128387","3","7","0","10","08","4","","0","0","0","0","0"
"POINT (13.429316719000042 52.533170455000061)","Unfall 128389 (2023) Kat:3, Licht: 0","128389","3","2","5","10","07","4","","0","1","1","0","0"
"POINT (13.358621896000045 52.408252784000069)","Unfall 128390 (2023) Kat:3, Licht: 0","128390","3","2","2","10","15","4","","0","0","1","0","0"
"POINT (13.362322401000029 52.498502257000041)","Unfall 128391 (2023) Kat:3, Licht: 0","128391","3","7","0","10","11","3","","0","1","0","0","0"
"POINT (13.162374964000037 52.419925174000070)","Unfall 128392 (2023) Kat:2, Licht: 2","128392","2","3","5","10","19","3","","2","1","1","0","0"
"POINT (13.411025730000063 52.518790570000078)","Unfall 128393 (2023) Kat:3, Licht: 0","128393","3","2","5","10","13","3","","0","1","1","0","0"
"POINT (13.510350129000074 52.456015154000056)","Unfall 128395 (2023) Kat:2, Licht: 0","128395","2","6","2","10","10","3","","0","0","1","0","1"
"POINT (13.285470350000026 52.513137281000070)","Unfall 128396 (2023) Kat:3, Licht: 0","128396","3","6","2","10","09","3","","0","0","1","0","0"
"POINT (13.307615813000041 52.511750608000057)","Unfall 128397 (2023) Kat:3, Licht: 2","128397","3","3","5","10","22","1","","2","0","1","0","0"
"POINT (13.432939071000021 52.536344235000058)","Unfall 128398 (2023) Kat:3, Licht: 1","128398","3","2","5","10","18","1","","1","1","1","0","0"
"POINT (13.198809434000054 52.512648896000030)","Unfall 128400 (2023) Kat:3, Licht: 1","128400","3","1","0","10","18","1","","1","0","1","0","1"
"POINT (13.436951813000064 52.539731915000061)","Unfall 128402 (2023) Kat:2, Licht: 0","128402","2","3","5","11","07","6","","0","1","0","0","0"
"POINT (13.505738688000065 52.459243240000035)","Unfall 128403 (2023) Kat:3, Licht: 0","128403","3","1","0","09","10","7","","0","1","0","0","0"
"POINT (13.341501665000067 52.586035898000034)","Unfall 128404 (2023) Kat:2, Licht: 0","128404","2","3","0","09","16","7","","0","0","1","0","1"
"POINT (13.439853752000033 52.542218464000030)","Unfall 128405 (2023) Kat:3, Licht: 0","128405","3","6","2","09","14","7","","0","0","1","0","0"
"POINT (13.526032530000066 52.510210861000076)","Unfall 128406 (2023) Kat:3, Licht: 0","128406","3","6","3","12","10","3","","0","0","1","0","0"
"POINT (13.295934570000043 52.541310110000040)","Unfall 128407 (2023) Kat:2, Licht: 0","128407","2","1","8","09","13","7","","0","0","1","0","0"
"POINT (13.511759030000064 52.455071428000053)","Unfall 128408 (2023) Kat:2, Licht: 2","128408","2","6","2","09","04","7","","2","0","1","0","1"
"POINT (13.240468452000073 52.472116335000067)","Unfall 128409 (2023) Kat:2, Licht: 0","128409","2","6","3","09","15","6","","0","0","1","0","0"
"POINT (13.329089992000036 52.513144712000042)","Unfall 128410 (2023) Kat:3, Licht: 0","128410","3","6","3","09","13","6","","0","0","1","0","1"
"POINT (13.412591801000076 52.543949418000068)","Unfall 128411 (2023) Kat:3, Licht: 2","128411","3","1","0","09","19","6","","2","1","0","0","0"
"POINT (13.422500380000031 52.520070040000064)","Unfall 128412 (2023) Kat:3, Licht: 0","128412","3","3","5","09","08","6","","0","1","1","0","0"
"POINT (13.372986619000073 52.509127863000060)","Unfall 128413 (2023) Kat:3, Licht: 0","128413","3","2","5","09","08","5","","0","1","1","0","0"
"POINT (13.361441916000047 52.474123377000069)","Unfall 128414 (2023) Kat:3, Licht: 0","128414","3","6","2","09","15","5","","0","0","1","0","0"
"POINT (13.467607837000060 52.514503901000069)","Unfall 128415 (2023) Kat:3, Licht: 0","128415","3","2","5","09","15","5","","0","1","1","0","0"
"POINT (13.359006687000033 52.573408986000061)","Unfall 128416 (2023) Kat:2, Licht: 0","128416","2","2","5","09","09","5","","0","0","1","0","0"
"POINT (13.300978532000045 52.548365356000033)","Unfall 128417 (2023) Kat:2, Licht: 0","128417","2","6","3","09","07","5","","0","0","1","0","1"
"POINT (13.387215580000031 52.510195125000052)","Unfall 128418 (2023) Kat:3, Licht: 0","128418","3","4","6","09","09","4","","0","1","0","1","0"
"POINT (13.384572146000039 52.452707830000065)","Unfall 128419 (2023) Kat:3, Licht: 2","128419","3","2","5","09","20","4","","2","0","1","0","1"
"POINT (13.414061107000066 52.550518841000041)","Unfall 128420 (2023) Kat:2, Licht: 1","128420","2","2","5","09","18","4","","1","1","1","0","0"
"POINT (13.429617241000074 52.533031607000055)","Unfall 128421 (2023) Kat:3, Licht: 0","128421","3","4","6","09","16","4","","0","1","0","1","0"
"POINT (13.287672189000034 52.510294030000068)","Unfall 128422 (2023) Kat:3, Licht: 0","128422","3","6","3","09","16","4","","0","0","1","0","1"
"POINT (13.354677301000038 52.485440949000065)","Unfall 128423 (2023) Kat:3, Licht: 0","128423","3","6","2","09","15","4","","0","0","1","0","0"
"POINT (13.366121627000041 52.554663702000028)","Unfall 128424 (2023) Kat:2, Licht: 2","128424","2","4","6","09","02","4","","2","0","1","1","0"
"POINT (13.386899107000033 52.490948825000032)","Unfall 128425 (2023) Kat:2, Licht: 0","128425","2","6","3","09","11","4","","0","1","0","0","0"
"POINT (13.460054146000061 52.515118541000049)","Unfall 128426 (2023) Kat:3, Licht: 0","128426","3","7","2","09","10","4","","0","0","1","0","1"
"POINT (13.606246268000064 52.504953641000043)","Unfall 128427 (2023) Kat:3, Licht: 0","128427","3","3","5","09","06","4","","0","1","1","0","0"
"POINT (13.444774506000044 52.516663793000077)","Unfall 128428 (2023) Kat:3, Licht: 1","128428","3","4","0","09","18","4","","1","1","0","1","0"
"POINT (13.442968376000067 52.462769163000075)","Unfall 128429 (2023) Kat:3, Licht: 0","128429","3","6","2","09","15","4","","0","0","1","0","0"
"POINT (13.361205570000038 52.569577757000047)","Unfall 128430 (2023) Kat:3, Licht: 0","128430","3","4","0","09","14","4","","0","1","0","1","0"
"POINT (13.482575732000043 52.571994637000046)","Unfall 128431 (2023) Kat:3, Licht: 0","128431","3","2","5","09","17","3","","0","1","1","0","0"
"POINT (13.305457536000063 52.571980084000074)","Unfall 128432 (2023) Kat:3, Licht: 0","128432","3","6","2","09","15","3","","0","0","1","0","1"
"POINT (13.434800608000046 52.535509774000047)","Unfall 128434 (2023) Kat:3, Licht: 0","128434","3","2","5","09","15","3","","0","1","1","0","0"
"POINT (13.540921807000075 52.521648695000067)","Unfall 128435 (2023) Kat:3, Licht: 0","128435","3","5","1","09","12","3","","0","0","1","0","0"
"POINT (13.359982650000063 52.571958860000052)","Unfall 128437 (2023) Kat:3, Licht: 0","128437","3","2","5","09","10","3","","0","1","1","0","0"
"POINT (13.418405518000043 52.540198395000061)","Unfall 128438 (2023) Kat:3, Licht: 0","128438","3","1","1","09","16","3","","0","1","1","0","0"
"POINT (13.417127628000060 52.377308669000058)","Unfall 128439 (2023) Kat:3, Licht: 0","128439","3","2","5","09","16","3","","0","1","1","0","0"
"POINT (13.462343557000054 52.452326098000071)","Unfall 128440 (2023) Kat:3, Licht: 0","128440","3","6","3","09","07","3","","0","0","0","0","1"
"POINT (13.311149368000031 52.452016985000057)","Unfall 128441 (2023) Kat:3, Licht: 2","128441","3","6","2","09","20","2","","2","0","1","0","0"
"POINT (13.335246919000042 52.464938411000048)","Unfall 128442 (2023) Kat:3, Licht: 0","128442","3","1","0","09","16","5","","0","0","0","0","1"
"POINT (13.561584094000068 52.508561453000027)","Unfall 128443 (2023) Kat:3, Licht: 2","128443","3","2","5","09","20","2","","2","0","1","0","1"
"POINT (13.309344172000067 52.535669747000043)","Unfall 128444 (2023) Kat:3, Licht: 0","128444","3","6","2","09","17","2","","0","0","1","0","0"
"POINT (13.358925404000047 52.489110192000055)","Unfall 128445 (2023) Kat:3, Licht: 0","128445","3","6","2","09","16","2","","0","0","1","0","0"
"POINT (13.473456264000049 52.513767331000054)","Unfall 128447 (2023) Kat:3, Licht: 0","128447","3","2","5","09","17","2","","0","1","1","0","0"
"POINT (13.359905675000050 52.489879435000034)","Unfall 128448 (2023) Kat:3, Licht: 2","128448","3","4","6","11","16","7","","2","1","1","1","0"
"POINT (13.308279639000034 52.565897998000082)","Unfall 128449 (2023) Kat:3, Licht: 0","128449","3","6","2","09","08","2","","0","0","0","0","1"
"POINT (13.368479908000040 52.541022852000026)","Unfall 128450 (2023) Kat:3, Licht: 0","128450","3","2","2","09","08","2","","0","1","1","0","0"
"POINT (13.497377552000046 52.464862287000074)","Unfall 128451 (2023) Kat:3, Licht: 0","128451","3","6","3","09","11","7","","0","0","1","0","1"
"POINT (13.352244092000035 52.480207949000032)","Unfall 128452 (2023) Kat:3, Licht: 0","128452","3","6","6","09","08","6","","0","1","0","1","0"
"POINT (13.385498054000038 52.469561644000066)","Unfall 128453 (2023) Kat:3, Licht: 0","128453","3","3","5","09","15","6","","0","1","1","0","0"
"POINT (13.542091390000053 52.509816790000059)","Unfall 128455 (2023) Kat:3, Licht: 0","128455","3","6","5","09","07","5","","0","1","1","0","0"
"POINT (13.447689631000060 52.526038084000049)","Unfall 128457 (2023) Kat:3, Licht: 0","128457","3","6","3","09","13","5","","0","0","1","0","1"
"POINT (13.540378411000063 52.509994147000043)","Unfall 128458 (2023) Kat:3, Licht: 0","128458","3","6","2","09","07","5","","0","0","1","0","0"
"POINT (13.262971716000038 52.490951418000066)","Unfall 128459 (2023) Kat:2, Licht: 0","128459","2","6","2","09","16","5","","0","0","0","0","1"
"POINT (13.389025953000044 52.498083091000069)","Unfall 128460 (2023) Kat:3, Licht: 0","128460","3","2","2","09","13","5","","0","0","1","0","0"
"POINT (13.379233749000036 52.436290144000054)","Unfall 128461 (2023) Kat:3, Licht: 0","128461","3","2","5","09","06","5","","0","0","1","0","0"
"POINT (13.367833583000049 52.471724680000079)","Unfall 128463 (2023) Kat:3, Licht: 0","128463","3","6","2","09","16","4","","0","0","1","0","0"
"POINT (13.293380457000069 52.536542074000067)","Unfall 128464 (2023) Kat:3, Licht: 0","128464","3","6","3","09","08","4","","0","0","1","0","1"
"POINT (13.385784564000062 52.445197157000052)","Unfall 128466 (2023) Kat:3, Licht: 0","128466","3","7","2","09","15","4","","0","0","1","0","0"
"POINT (13.260107580000067 52.435066198000072)","Unfall 128467 (2023) Kat:3, Licht: 0","128467","3","2","6","09","08","4","","0","0","1","1","0"
"POINT (13.433470037000063 52.535851797000078)","Unfall 128469 (2023) Kat:3, Licht: 0","128469","3","1","0","09","18","3","","0","1","0","0","0"
"POINT (13.459542855000052 52.550149579000049)","Unfall 128470 (2023) Kat:2, Licht: 2","128470","2","1","0","11","22","5","","2","0","0","0","1"
"POINT (13.445308517000058 52.463018067000064)","Unfall 128471 (2023) Kat:3, Licht: 0","128471","3","6","2","09","13","3","","0","0","1","0","0"
"POINT (13.332479081000031 52.463923453000064)","Unfall 128472 (2023) Kat:3, Licht: 0","128472","3","1","9","09","09","3","","0","0","1","0","0"
"POINT (13.323639884000045 52.607960075000051)","Unfall 128473 (2023) Kat:3, Licht: 0","128473","3","2","5","09","15","3","","0","1","1","0","0"
"POINT (13.448178087000031 52.504409718000034)","Unfall 128474 (2023) Kat:3, Licht: 0","128474","3","4","0","09","15","3","","0","0","0","1","1"
"POINT (13.385791113000039 52.471117454000080)","Unfall 128475 (2023) Kat:3, Licht: 0","128475","3","7","6","09","14","3","","0","1","0","1","0"
"POINT (13.368335439000077 52.541111073000081)","Unfall 128476 (2023) Kat:3, Licht: 0","128476","3","2","5","12","08","6","","0","1","0","0","0"
"POINT (13.386037289000058 52.481957591000082)","Unfall 128477 (2023) Kat:3, Licht: 2","128477","3","5","1","09","21","3","","2","0","1","0","0"
"POINT (13.476509104000058 52.513457456000026)","Unfall 128478 (2023) Kat:3, Licht: 0","128478","3","6","2","09","16","2","","0","0","1","0","0"
"POINT (13.403767530000039 52.582397315000037)","Unfall 128479 (2023) Kat:2, Licht: 0","128479","2","1","0","09","16","2","","0","0","0","0","1"
"POINT (13.478956609000022 52.627353881000033)","Unfall 128480 (2023) Kat:3, Licht: 0","128480","3","6","3","09","13","2","","0","0","1","0","0"
"POINT (13.504462808000028 52.460137279000037)","Unfall 128482 (2023) Kat:3, Licht: 0","128482","3","2","0","09","13","2","","0","0","1","0","0"
"POINT (13.299234642000044 52.488479942000026)","Unfall 128483 (2023) Kat:3, Licht: 0","128483","3","6","2","09","08","2","","0","0","1","0","0"
"POINT (13.416801357000054 52.522115543000041)","Unfall 128484 (2023) Kat:3, Licht: 0","128484","3","2","5","09","18","2","","0","1","0","0","0"
"POINT (13.386053696000033 52.483211380000057)","Unfall 128485 (2023) Kat:3, Licht: 0","128485","3","2","5","09","08","2","","0","1","1","0","0"
"POINT (13.483390492000069 52.577350066000065)","Unfall 128486 (2023) Kat:3, Licht: 0","128486","3","6","2","09","14","1","","0","0","1","0","0"
"POINT (13.431971195000074 52.536677534000034)","Unfall 128487 (2023) Kat:3, Licht: 2","128487","3","6","2","09","21","1","","2","0","1","0","1"
"POINT (13.422550920000049 52.520249327000045)","Unfall 128488 (2023) Kat:3, Licht: 0","128488","3","1","0","09","13","1","","0","0","0","0","1"
"POINT (13.168467130000067 52.420667435000041)","Unfall 128489 (2023) Kat:3, Licht: 0","128489","3","1","0","09","13","1","","0","0","0","0","1"
"POINT (13.514689333000035 52.453084953000030)","Unfall 128490 (2023) Kat:3, Licht: 0","128490","3","6","2","09","11","1","","0","0","0","0","1"
"POINT (13.385498110000071 52.469535736000068)","Unfall 128491 (2023) Kat:3, Licht: 0","128491","3","7","5","09","16","1","","0","1","1","0","0"
"POINT (13.316407882000021 52.617090816000029)","Unfall 128492 (2023) Kat:2, Licht: 0","128492","2","1","0","09","11","1","","0","1","0","0","0"
"POINT (13.388757007000038 52.469502549000026)","Unfall 128493 (2023) Kat:3, Licht: 0","128493","3","7","2","09","18","7","","0","0","1","0","0"