WKT,Name,OBJECTID,UKATEGORIE,UTYP1,UART,UMONAT,USTUNDE,UWOCHENTAG,STRZUSTAND,ULICHTVERH,ISTRAD,ISTPKW,ISTFUSS,ISTKRAD
"POINT (13.441687686000023 52.516974988000072)","Unfall 128494 (2023) Kat:3, Licht: 0","128494","3","4","6","09","18","7","","0","0","1","1","0"
"POINT (13.327334385000029 52.477815686000042)","Unfall 128495 (2023) Kat:3, Licht: 0","128495","3","6","2","09","16","7","","0","0","1","0","0"
"POINT (13.390353889000039 52.618538093000041)","Unfall 128496 (2023) Kat:3, Licht: 0","128496","3","1","0","09","16","6","","0","1","0","0","0"
"POINT (13.488444229000038 52.512395940000033)","Unfall 128497 (2023) Kat:3, Licht: 0","128497","3","6","2","09","08","6","","0","0","1","0","1"
"POINT (13.352205048000030 52.480224870000029)","Unfall 128498 (2023) Kat:3, Licht: 2","128498","3","6","3","09","06","6","","2","1","1","0","0"
"POINT (13.295184786000050 52.491434036000044)","Unfall 128500 (2023) Kat:3, Licht: 1","128500","3","6","2","12","16","5","","1","0","1","0","0"
"POINT (13.405988083000068 52.520729831000040)","Unfall 128501 (2023) Kat:3, Licht: 0","128501","3","1","0","09","11","6","","0","0","0","0","1"
"POINT (13.309285642000077 52.511666345000037)","Unfall 128503 (2023) Kat:3, Licht: 0","128503","3","2","5","09","12","6","","0","1","1","0","0"
"POINT (13.493239565000067 52.467937556000038)","Unfall 128504 (2023) Kat:3, Licht: 0","128504","3","3","5","09","13","6","","0","0","1","0","0"
"POINT (13.385778089000041 52.480741555000066)","Unfall 128505 (2023) Kat:3, Licht: 0","128505","3","2","5","09","14","5","","0","1","1","0","0"
"POINT (13.424808635000034 52.528934082000035)","Unfall 128506 (2023) Kat:3, Licht: 2","128506","3","5","1","09","23","5","","2","1","1","0","0"
"POINT (13.298879364000072 52.546072331000062)","Unfall 128507 (2023) Kat:3, Licht: 0","128507","3","6","3","09","09","5","","0","0","1","0","0"
"POINT (13.453704254000058 52.516041775000076)","Unfall 128508 (2023) Kat:3, Licht: 0","128508","3","6","2","09","11","5","","0","0","1","0","0"
"POINT (13.447795796000037 52.503870975000041)","Unfall 128509 (2023) Kat:3, Licht: 2","128509","3","6","3","09","23","5","","2","0","1","0","1"
"POINT (13.412343121000049 52.541355795000072)","Unfall 128510 (2023) Kat:3, Licht: 0","128510","3","6","3","09","08","5","","0","1","0","0","0"
"POINT (13.537652090000051 52.526867162000030)","Unfall 128511 (2023) Kat:2, Licht: 0","128511","2","3","5","09","17","5","","0","1","0","0","1"
"POINT (13.273586328000022 52.499013261000073)","Unfall 128512 (2023) Kat:3, Licht: 0","128512","3","6","2","09","15","4","","0","0","1","0","0"
"POINT (13.374140466000028 52.509219248000079)","Unfall 128513 (2023) Kat:3, Licht: 0","128513","3","2","5","09","08","4","","0","1","1","0","0"
"POINT (13.381427267000049 52.438939710000056)","Unfall 128514 (2023) Kat:3, Licht: 2","128514","3","7","5","09","20","4","","2","0","1","0","1"
"POINT (13.368374192000033 52.506354409000039)","Unfall 128515 (2023) Kat:3, Licht: 0","128515","3","2","0","09","18","4","","0","1","1","0","0"
"POINT (13.467609079000056 52.490365318000045)","Unfall 128516 (2023) Kat:3, Licht: 0","128516","3","6","2","09","16","4","","0","0","1","0","0"
"POINT (13.298681605000070 52.511164612000073)","Unfall 128518 (2023) Kat:3, Licht: 0","128518","3","4","6","09","15","3","","0","1","0","1","0"
"POINT (13.390503363000050 52.433021556000028)","Unfall 128520 (2023) Kat:3, Licht: 0","128520","3","6","2","09","13","3","","0","0","1","0","1"
"POINT (13.301682417000052 52.511172173000034)","Unfall 128521 (2023) Kat:2, Licht: 0","128521","2","2","5","09","11","3","","0","1","1","0","0"
"POINT (13.305252458000041 52.483952030000069)","Unfall 128522 (2023) Kat:2, Licht: 0","128522","2","6","2","09","16","3","","0","0","1","0","0"
"POINT (13.277530556000045 52.509815995000054)","Unfall 128523 (2023) Kat:3, Licht: 0","128523","3","2","3","09","15","2","","0","1","0","0","0"
"POINT (13.474204549000035 52.513685618000068)","Unfall 128524 (2023) Kat:3, Licht: 0","128524","3","6","0","09","14","2","","0","0","1","0","1"
"POINT (13.477499565000073 52.513508187000070)","Unfall 128525 (2023) Kat:3, Licht: 0","128525","3","2","2","09","17","2","","0","0","1","0","0"
"POINT (13.304570803000047 52.484496109000077)","Unfall 128526 (2023) Kat:3, Licht: 0","128526","3","6","2","09","15","2","","0","0","1","0","0"
"POINT (13.347656407000045 52.574520607000068)","Unfall 128528 (2023) Kat:3, Licht: 0","128528","3","1","0","09","15","2","","0","1","0","0","0"
"POINT (13.300466664000055 52.547652179000067)","Unfall 128530 (2023) Kat:3, Licht: 0","128530","3","3","0","09","14","2","","0","0","1","0","0"
"POINT (13.407679721000022 52.461681529000032)","Unfall 128531 (2023) Kat:3, Licht: 0","128531","3","6","2","09","16","2","","0","0","1","0","1"
"POINT (13.558188760000064 52.562769869000078)","Unfall 128532 (2023) Kat:3, Licht: 0","128532","3","3","5","09","11","2","","0","0","1","0","0"
"POINT (13.421714610000038 52.526438073000065)","Unfall 128533 (2023) Kat:3, Licht: 0","128533","3","3","5","09","07","2","","0","0","0","0","0"
"POINT (13.303726344000040 52.485160231000066)","Unfall 128534 (2023) Kat:3, Licht: 0","128534","3","6","2","09","17","1","","0","0","1","0","0"
"POINT (13.231933933000050 52.506886281000050)","Unfall 128536 (2023) Kat:3, Licht: 2","128536","3","3","5","09","22","1","","2","0","1","0","0"
"POINT (13.420250578000037 52.525215801000058)","Unfall 128537 (2023) Kat:3, Licht: 0","128537","3","6","2","09","14","1","","0","0","1","0","0"
"POINT (13.283918819000064 52.496075575000077)","Unfall 128539 (2023) Kat:3, Licht: 0","128539","3","6","2","09","13","1","","0","0","1","0","1"
"POINT (13.301682417000052 52.511172173000034)","Unfall 128541 (2023) Kat:3, Licht: 0","128541","3","2","5","09","16","1","","0","1","1","0","0"
"POINT (13.389121749000026 52.498067084000070)","Unfall 128543 (2023) Kat:3, Licht: 0","128543","3","2","5","09","17","7","","0","0","1","0","0"
"POINT (13.366625269000053 52.552657390000036)","Unfall 128544 (2023) Kat:2, Licht: 0","128544","2","5","1","09","17","7","","0","1","1","0","0"
"POINT (13.350633109000057 52.483491875000027)","Unfall 128545 (2023) Kat:3, Licht: 0","128545","3","5","1","09","13","7","","0","1","1","0","0"
"POINT (13.385741074000066 52.469472539000037)","Unfall 128546 (2023) Kat:2, Licht: 0","128546","2","2","5","09","19","7","","0","0","1","0","0"
"POINT (13.324965971000040 52.606619487000046)","Unfall 128547 (2023) Kat:3, Licht: 0","128547","3","3","5","09","09","7","","0","1","1","0","0"
"POINT (13.446294198000032 52.516510328000038)","Unfall 128548 (2023) Kat:3, Licht: 0","128548","3","4","6","09","15","7","","0","1","0","1","0"
"POINT (13.344091898000045 52.582647771000040)","Unfall 128549 (2023) Kat:3, Licht: 0","128549","3","6","2","09","15","6","","0","0","1","0","0"
"POINT (13.300641568000060 52.487782155000048)","Unfall 128550 (2023) Kat:2, Licht: 0","128550","2","1","0","10","13","3","","0","1","0","0","0"
"POINT (13.389270541000030 52.497463455000059)","Unfall 128551 (2023) Kat:3, Licht: 0","128551","3","6","3","09","13","6","","0","0","1","0","1"
"POINT (13.429551174000039 52.532974632000048)","Unfall 128552 (2023) Kat:3, Licht: 2","128552","3","7","5","10","03","7","","2","0","1","0","0"
"POINT (13.388141615000052 52.493791731000044)","Unfall 128553 (2023) Kat:3, Licht: 2","128553","3","7","0","09","02","6","","2","0","0","0","0"
"POINT (13.467459782000049 52.514365754000039)","Unfall 128555 (2023) Kat:3, Licht: 0","128555","3","3","5","09","19","6","","0","1","1","0","0"
"POINT (13.361743830000023 52.497136158000046)","Unfall 128556 (2023) Kat:3, Licht: 0","128556","3","7","5","09","11","6","","0","0","1","0","0"
"POINT (13.471489305000034 52.489201190000074)","Unfall 128557 (2023) Kat:3, Licht: 0","128557","3","6","3","09","18","5","","0","1","0","0","0"
"POINT (13.396310103000076 52.423428515000069)","Unfall 128559 (2023) Kat:3, Licht: 2","128559","3","2","5","09","21","5","","2","0","1","0","1"
"POINT (13.369996852000043 52.515722095000058)","Unfall 128560 (2023) Kat:3, Licht: 0","128560","3","2","5","09","16","5","","0","1","1","0","0"
"POINT (13.336015665000048 52.513459052000030)","Unfall 128562 (2023) Kat:2, Licht: 0","128562","2","7","5","09","16","5","","0","1","0","0","0"
"POINT (13.280936861000043 52.503094406000059)","Unfall 128563 (2023) Kat:3, Licht: 0","128563","3","6","2","09","16","5","","0","0","1","0","0"
"POINT (13.616792103000023 52.504729240000074)","Unfall 128564 (2023) Kat:3, Licht: 0","128564","3","6","2","09","14","5","","0","0","1","0","0"
"POINT (13.505516872000044 52.459400491000054)","Unfall 128565 (2023) Kat:3, Licht: 0","128565","3","2","5","09","10","5","","0","1","1","0","0"
"POINT (13.447094013000026 52.527146869000035)","Unfall 128566 (2023) Kat:3, Licht: 0","128566","3","7","6","09","07","5","","0","0","0","1","0"
"POINT (13.322924743000044 52.512428415000045)","Unfall 128567 (2023) Kat:3, Licht: 0","128567","3","6","0","09","10","4","","0","0","1","0","0"
"POINT (13.459885289000056 52.515135361000034)","Unfall 128568 (2023) Kat:3, Licht: 0","128568","3","3","5","09","08","4","","0","1","1","0","0"
"POINT (13.279977629000030 52.500597987000049)","Unfall 128569 (2023) Kat:3, Licht: 0","128569","3","6","2","09","07","4","","0","0","1","0","0"
"POINT (13.363685056000065 52.565203890000078)","Unfall 128570 (2023) Kat:3, Licht: 0","128570","3","7","5","09","15","4","","0","0","1","0","1"
"POINT (13.401910904000033 52.569207546000030)","Unfall 128571 (2023) Kat:2, Licht: 0","128571","2","7","6","09","12","4","","0","0","0","1","0"
"POINT (13.470567667000068 52.514058895000062)","Unfall 128572 (2023) Kat:3, Licht: 0","128572","3","3","5","09","08","4","","0","1","1","0","0"
"POINT (13.448007177000022 52.504166154000075)","Unfall 128574 (2023) Kat:3, Licht: 0","128574","3","3","5","09","08","3","","0","1","1","0","0"
"POINT (13.271494012000062 52.509107386000039)","Unfall 128576 (2023) Kat:3, Licht: 0","128576","3","6","3","09","18","3","","0","1","1","0","0"
"POINT (13.282947260000071 52.528611435000073)","Unfall 128578 (2023) Kat:3, Licht: 0","128578","3","6","2","09","14","3","","0","0","1","0","0"
"POINT (13.388901140000030 52.436446164000074)","Unfall 128579 (2023) Kat:3, Licht: 0","128579","3","7","5","09","11","3","","0","0","1","0","0"
"POINT (13.387686809000058 52.498398305000080)","Unfall 128580 (2023) Kat:3, Licht: 0","128580","3","2","5","09","09","3","","0","1","1","0","0"
"POINT (13.299662007000052 52.511229414000070)","Unfall 128581 (2023) Kat:3, Licht: 0","128581","3","7","6","09","17","3","","0","0","0","1","0"
"POINT (13.369326982000075 52.515678879000063)","Unfall 128583 (2023) Kat:3, Licht: 0","128583","3","6","0","11","15","5","","0","0","0","0","1"
"POINT (13.333875015000046 52.593714788000057)","Unfall 128584 (2023) Kat:3, Licht: 0","128584","3","6","3","09","07","3","","0","0","1","0","1"
"POINT (13.389249005000067 52.497550103000037)","Unfall 128585 (2023) Kat:3, Licht: 0","128585","3","3","5","09","12","3","","0","0","1","0","0"
"POINT (13.280872977000058 52.441391097000064)","Unfall 128586 (2023) Kat:3, Licht: 0","128586","3","6","2","09","14","3","","0","0","1","0","1"
"POINT (13.438621467000075 52.541179228000033)","Unfall 128587 (2023) Kat:3, Licht: 0","128587","3","3","5","09","16","2","","0","1","0","0","0"
"POINT (13.403402577000065 52.410296921000054)","Unfall 128588 (2023) Kat:3, Licht: 0","128588","3","5","1","09","16","2","","0","0","1","0","0"
"POINT (13.399363293000022 52.570323494000036)","Unfall 128589 (2023) Kat:3, Licht: 0","128589","3","7","5","09","17","2","","0","1","1","0","0"
"POINT (13.623462305000032 52.503993527000034)","Unfall 128590 (2023) Kat:3, Licht: 0","128590","3","6","2","09","13","2","","0","0","0","0","1"
"POINT (13.283231714000067 52.497148907000053)","Unfall 128591 (2023) Kat:3, Licht: 0","128591","3","6","2","09","15","1","","0","0","1","0","0"
"POINT (13.439204508000046 52.541262560000064)","Unfall 128592 (2023) Kat:3, Licht: 0","128592","3","7","2","09","12","1","","0","1","1","0","0"
"POINT (13.283538413000031 52.517556983000077)","Unfall 128593 (2023) Kat:3, Licht: 0","128593","3","6","2","09","12","1","","0","0","1","0","0"
"POINT (13.347741537000047 52.574413175000075)","Unfall 128594 (2023) Kat:3, Licht: 0","128594","3","3","5","09","14","1","","0","0","1","0","0"
"POINT (13.359373019000031 52.573046292000072)","Unfall 128597 (2023) Kat:3, Licht: 0","128597","3","6","6","09","08","5","","0","0","0","1","0"
"POINT (13.159342014000060 52.419575587000054)","Unfall 128598 (2023) Kat:3, Licht: 0","128598","3","2","5","09","09","1","","0","1","1","0","0"
"POINT (13.467452333000040 52.514519316000076)","Unfall 128599 (2023) Kat:3, Licht: 0","128599","3","2","2","09","13","7","","0","0","1","0","0"
"POINT (13.384053422000022 52.454490441000075)","Unfall 128600 (2023) Kat:3, Licht: 0","128600","3","6","3","09","14","6","","0","0","0","0","1"
"POINT (13.404285560000062 52.462957468000070)","Unfall 128601 (2023) Kat:2, Licht: 0","128601","2","6","2","09","08","6","","0","0","1","0","1"
"POINT (13.303643532000024 52.485222129000078)","Unfall 128603 (2023) Kat:3, Licht: 0","128603","3","6","2","09","14","6","","0","0","1","0","0"
"POINT (13.304396055000041 52.484633892000033)","Unfall 128605 (2023) Kat:3, Licht: 0","128605","3","6","2","09","18","6","","0","0","1","0","0"
"POINT (13.364558205000037 52.534275037000043)","Unfall 128606 (2023) Kat:3, Licht: 2","128606","3","7","0","09","03","6","","2","0","0","0","0"
"POINT (13.579960824000068 52.505079055000067)","Unfall 128607 (2023) Kat:3, Licht: 2","128607","3","2","5","09","05","6","","2","1","1","0","0"
"POINT (13.293752300000051 52.537518937000073)","Unfall 128608 (2023) Kat:2, Licht: 2","128608","2","1","9","09","05","6","","2","0","1","0","0"
"POINT (13.510467579000021 52.456123369000068)","Unfall 128609 (2023) Kat:2, Licht: 2","128609","2","4","6","08","21","5","","2","0","1","1","0"
"POINT (13.460212003000038 52.515246674000082)","Unfall 128611 (2023) Kat:3, Licht: 0","128611","3","2","5","08","14","5","","0","1","1","0","0"
"POINT (13.365098808000027 52.558908857000063)","Unfall 128612 (2023) Kat:3, Licht: 1","128612","3","6","2","08","18","5","","1","0","1","0","1"
"POINT (13.302816021000069 52.485840637000081)","Unfall 128613 (2023) Kat:3, Licht: 0","128613","3","6","2","08","16","5","","0","0","1","0","0"
"POINT (13.441894843000057 52.462748486000066)","Unfall 128614 (2023) Kat:2, Licht: 0","128614","2","6","2","08","14","4","","0","0","1","0","1"
"POINT (13.357245031000048 52.487230010000076)","Unfall 128615 (2023) Kat:2, Licht: 2","128615","2","6","3","08","20","4","","2","0","0","0","1"
"POINT (13.424388261000047 52.539254680000056)","Unfall 128616 (2023) Kat:3, Licht: 2","128616","3","2","5","08","20","4","","2","1","1","0","0"
"POINT (13.345782450000058 52.580451172000039)","Unfall 128617 (2023) Kat:3, Licht: 0","128617","3","3","3","08","16","4","","0","1","1","0","0"
"POINT (13.432742687000029 52.536165429000050)","Unfall 128618 (2023) Kat:3, Licht: 2","128618","3","3","5","08","20","3","","2","0","1","0","1"
"POINT (13.424292279000042 52.539277494000032)","Unfall 128620 (2023) Kat:3, Licht: 0","128620","3","2","5","08","06","3","","0","0","1","0","0"
"POINT (13.332658600000059 52.597458922000044)","Unfall 128622 (2023) Kat:3, Licht: 0","128622","3","6","3","08","17","3","","0","0","1","0","1"
"POINT (13.257618727000022 52.508478411000056)","Unfall 128623 (2023) Kat:3, Licht: 0","128623","3","6","2","08","19","2","","0","0","0","0","1"
"POINT (13.451585055000066 52.509739971000045)","Unfall 128624 (2023) Kat:3, Licht: 0","128624","3","3","5","08","14","2","","0","0","1","0","1"
"POINT (13.388836240000046 52.498072035000064)","Unfall 128625 (2023) Kat:3, Licht: 0","128625","3","3","5","08","13","2","","0","0","1","0","0"
"POINT (13.461688241000047 52.488957693000032)","Unfall 128626 (2023) Kat:3, Licht: 0","128626","3","6","3","08","13","1","","0","0","1","0","0"
"POINT (13.371312208000063 52.423165487000063)","Unfall 128627 (2023) Kat:3, Licht: 2","128627","3","5","5","11","20","7","","2","0","1","0","0"
"POINT (13.385051386000043 52.449153382000077)","Unfall 128628 (2023) Kat:3, Licht: 0","128628","3","6","1","08","08","1","","0","0","1","0","1"
"POINT (13.368757405000053 52.541306055000064)","Unfall 128629 (2023) Kat:3, Licht: 0","128629","3","6","2","08","14","7","","0","0","1","0","0"
"POINT (13.196749048000072 52.418311363000043)","Unfall 128631 (2023) Kat:3, Licht: 2","128631","3","1","8","08","03","7","","2","0","1","0","0"
"POINT (13.460806723000076 52.515185537000036)","Unfall 128632 (2023) Kat:3, Licht: 0","128632","3","6","2","08","14","7","","0","0","1","0","1"
"POINT (13.413024388000053 52.545660185000031)","Unfall 128633 (2023) Kat:3, Licht: 0","128633","3","4","6","08","12","7","","0","1","0","1","0"
"POINT (13.411988691000033 52.541344808000076)","Unfall 128634 (2023) Kat:3, Licht: 0","128634","3","6","3","08","17","7","","0","0","1","0","1"
"POINT (13.385028773000045 52.449281686000063)","Unfall 128635 (2023) Kat:3, Licht: 0","128635","3","2","5","08","15","7","","0","0","1","0","0"
"POINT (13.279980972000033 52.500587496000037)","Unfall 128636 (2023) Kat:3, Licht: 1","128636","3","1","9","08","05","6","","1","0","1","0","0"
"POINT (13.347891844000060 52.476094018000026)","Unfall 128637 (2023) Kat:3, Licht: 0","128637","3","7","0","08","07","6","","0","0","1","0","0"
"POINT (13.457777098000065 52.491640104000055)","Unfall 128638 (2023) Kat:3, Licht: 0","128638","3","2","5","08","19","6","","0","0","1","0","0"
"POINT (13.359024517000023 52.573404206000077)","Unfall 128639 (2023) Kat:3, Licht: 2","128639","3","2","5","08","22","6","","2","0","1","0","0"
"POINT (13.459036404000074 52.492841060000046)","Unfall 128641 (2023) Kat:3, Licht: 0","128641","3","4","6","08","08","6","","0","0","1","1","0"
"POINT (13.432666807000032 52.536190386000044)","Unfall 128642 (2023) Kat:3, Licht: 0","128642","3","4","6","11","09","3","","0","1","0","1","0"
"POINT (13.453909049000060 52.514941557000043)","Unfall 128643 (2023) Kat:3, Licht: 0","128643","3","6","3","08","16","5","","0","1","0","0","0"
"POINT (13.414571577000061 52.556539605000069)","Unfall 128645 (2023) Kat:3, Licht: 0","128645","3","6","3","08","17","5","","0","1","0","0","0"
"POINT (13.292658229000040 52.534877109000035)","Unfall 128647 (2023) Kat:3, Licht: 0","128647","3","6","3","08","10","5","","0","0","0","0","1"
"POINT (13.448332272000073 52.504629445000035)","Unfall 128648 (2023) Kat:3, Licht: 0","128648","3","1","0","08","09","4","","0","1","0","0","0"
"POINT (13.298924696000029 52.510989646000041)","Unfall 128649 (2023) Kat:3, Licht: 0","128649","3","7","2","08","11","4","","0","0","1","0","1"
"POINT (13.459259146000022 52.492853373000059)","Unfall 128651 (2023) Kat:3, Licht: 0","128651","3","2","5","08","09","4","","0","1","1","0","0"
"POINT (13.414134765000028 52.557709632000069)","Unfall 128653 (2023) Kat:3, Licht: 0","128653","3","2","2","08","17","4","","0","0","1","0","0"
"POINT (13.314703637000036 52.512021363000031)","Unfall 128655 (2023) Kat:3, Licht: 0","128655","3","2","0","09","11","3","","0","1","1","0","0"
"POINT (13.447654007000040 52.503701111000055)","Unfall 128656 (2023) Kat:3, Licht: 1","128656","3","4","6","08","20","4","","1","1","0","1","0"
"POINT (13.231853650000062 52.506881186000044)","Unfall 128657 (2023) Kat:3, Licht: 0","128657","3","7","5","08","13","4","","0","0","1","0","0"
"POINT (13.332458927000062 52.463915062000069)","Unfall 128658 (2023) Kat:3, Licht: 0","128658","3","1","9","08","11","3","","0","0","0","0","1"
"POINT (13.316861488000029 52.611974946000032)","Unfall 128659 (2023) Kat:3, Licht: 0","128659","3","1","0","08","16","3","","0","1","0","0","0"
"POINT (13.458996059000071 52.515223934000062)","Unfall 128660 (2023) Kat:2, Licht: 0","128660","2","6","4","08","19","3","","0","1","0","0","0"
"POINT (13.621986343000060 52.504047455000034)","Unfall 128662 (2023) Kat:3, Licht: 0","128662","3","6","2","08","18","3","","0","0","1","0","0"
"POINT (13.328090848000045 52.603316865000068)","Unfall 128663 (2023) Kat:3, Licht: 0","128663","3","6","2","10","16","4","","0","0","1","0","0"
"POINT (13.460176896000064 52.515106315000082)","Unfall 128664 (2023) Kat:2, Licht: 2","128664","2","3","5","09","00","7","","2","1","1","0","0"
"POINT (13.304468221000036 52.511542470000052)","Unfall 128665 (2023) Kat:3, Licht: 0","128665","3","2","0","08","10","3","","0","1","1","0","0"
"POINT (13.378302366000071 52.434838691000039)","Unfall 128666 (2023) Kat:2, Licht: 0","128666","2","2","5","08","12","3","","0","1","1","0","0"
"POINT (13.191439830000036 52.514150925000081)","Unfall 128668 (2023) Kat:3, Licht: 0","128668","3","6","2","08","08","3","","0","0","1","0","0"
"POINT (13.387591567000072 52.497916799000052)","Unfall 128670 (2023) Kat:2, Licht: 0","128670","2","6","3","08","15","3","","0","0","1","0","1"
"POINT (13.303052029000071 52.511261292000029)","Unfall 128671 (2023) Kat:2, Licht: 0","128671","2","3","5","08","17","2","","0","1","1","0","0"
"POINT (13.271820920000039 52.438571699000079)","Unfall 128672 (2023) Kat:3, Licht: 0","128672","3","6","2","08","17","2","","0","0","1","0","0"
"POINT (13.331370085000060 52.600564394000060)","Unfall 128673 (2023) Kat:3, Licht: 2","128673","3","1","8","08","01","2","","2","0","1","0","0"
"POINT (13.310328280000022 52.565262438000047)","Unfall 128674 (2023) Kat:3, Licht: 0","128674","3","1","8","08","17","1","","0","0","0","0","1"
"POINT (13.379736429000047 52.436934136000048)","Unfall 128675 (2023) Kat:3, Licht: 0","128675","3","7","5","08","15","1","","0","0","1","0","0"
"POINT (13.386110394000070 52.443451905000074)","Unfall 128676 (2023) Kat:3, Licht: 0","128676","3","6","3","08","06","1","","0","1","1","0","0"
"POINT (13.280235698000070 52.441004717000055)","Unfall 128677 (2023) Kat:3, Licht: 0","128677","3","6","2","08","17","7","","0","0","1","0","0"
"POINT (13.447456964000025 52.503465048000066)","Unfall 128678 (2023) Kat:2, Licht: 2","128678","2","7","0","08","22","6","","2","0","0","0","0"
"POINT (13.282338003000064 52.497922987000038)","Unfall 128680 (2023) Kat:3, Licht: 0","128680","3","6","2","08","11","6","","0","0","1","0","0"
"POINT (13.447354388000065 52.526484088000075)","Unfall 128681 (2023) Kat:3, Licht: 0","128681","3","4","6","08","11","6","","0","1","0","1","0"
"POINT (13.476513660000023 52.568155320000074)","Unfall 128682 (2023) Kat:3, Licht: 2","128682","3","1","0","08","22","6","","2","0","0","0","1"
"POINT (13.552156418000038 52.509143734000077)","Unfall 128685 (2023) Kat:3, Licht: 2","128685","3","6","0","08","21","6","","2","0","1","0","1"
"POINT (13.414616042000034 52.556219035000026)","Unfall 128686 (2023) Kat:3, Licht: 0","128686","3","2","5","12","14","4","","0","1","1","0","0"
"POINT (13.360964143000047 52.493195531000026)","Unfall 128687 (2023) Kat:3, Licht: 0","128687","3","5","1","12","09","2","","0","1","1","0","0"
"POINT (13.348420549000025 52.481716983000069)","Unfall 128688 (2023) Kat:3, Licht: 0","128688","3","2","5","08","08","6","","0","1","1","0","0"
"POINT (13.471268629000065 52.565876146000051)","Unfall 128689 (2023) Kat:2, Licht: 0","128689","2","6","4","08","17","5","","0","0","1","0","0"
"POINT (13.415923090000035 52.522203157000035)","Unfall 128690 (2023) Kat:3, Licht: 0","128690","3","6","3","08","14","5","","0","1","1","0","0"
"POINT (13.412163312000075 52.541023480000035)","Unfall 128692 (2023) Kat:3, Licht: 0","128692","3","2","5","08","17","5","","0","1","1","0","0"
"POINT (13.411866762000045 52.461224204000075)","Unfall 128693 (2023) Kat:3, Licht: 0","128693","3","7","0","10","08","1","","0","0","0","0","1"
"POINT (13.553666505000024 52.509000757000081)","Unfall 128694 (2023) Kat:3, Licht: 0","128694","3","6","3","08","14","5","","0","0","1","0","0"
"POINT (13.442161966000072 52.531297894000033)","Unfall 128695 (2023) Kat:3, Licht: 0","128695","3","6","2","08","18","4","","0","0","1","0","1"
"POINT (13.402873334000049 52.519036620000065)","Unfall 128696 (2023) Kat:2, Licht: 0","128696","2","4","6","08","17","4","","0","0","1","1","0"
"POINT (13.453749300000027 52.515912758000070)","Unfall 128697 (2023) Kat:3, Licht: 2","128697","3","2","5","08","02","4","","2","1","1","0","0"
"POINT (13.424091621000059 52.539314227000034)","Unfall 128698 (2023) Kat:3, Licht: 2","128698","3","7","0","08","22","4","","2","1","0","0","0"
"POINT (13.363360084000021 52.500386450000065)","Unfall 128700 (2023) Kat:3, Licht: 0","128700","3","4","0","08","15","4","","0","0","0","1","0"
"POINT (13.377800719000049 52.433792891000053)","Unfall 128702 (2023) Kat:3, Licht: 0","128702","3","3","5","12","14","6","","0","0","1","0","0"
"POINT (13.371212351000054 52.423046984000052)","Unfall 128703 (2023) Kat:3, Licht: 0","128703","3","5","1","08","09","4","","0","1","1","0","0"
"POINT (13.491633497000066 52.437031009000066)","Unfall 128704 (2023) Kat:3, Licht: 0","128704","3","6","3","08","15","3","","0","0","1","0","0"
"POINT (13.429722240000046 52.533517199000073)","Unfall 128706 (2023) Kat:2, Licht: 0","128706","2","6","3","08","12","3","","0","0","1","0","1"
"POINT (13.296466952000060 52.510827799000026)","Unfall 128707 (2023) Kat:3, Licht: 0","128707","3","7","6","08","11","3","","0","1","0","1","0"
"POINT (13.484722269000031 52.512772408000046)","Unfall 128708 (2023) Kat:3, Licht: 2","128708","3","6","2","08","23","3","","2","0","1","0","0"
"POINT (13.197915315000046 52.512827805000029)","Unfall 128709 (2023) Kat:3, Licht: 0","128709","3","6","2","08","07","2","","0","0","1","0","1"
"POINT (13.449008104000029 52.516236219000064)","Unfall 128710 (2023) Kat:3, Licht: 0","128710","3","3","5","09","18","4","","0","1","0","0","0"
"POINT (13.408316509000031 52.521901814000046)","Unfall 128711 (2023) Kat:3, Licht: 1","128711","3","4","6","08","22","2","","1","0","0","1","1"
"POINT (13.282939437000039 52.528598749000082)","Unfall 128712 (2023) Kat:3, Licht: 0","128712","3","6","2","08","15","2","","0","0","1","0","0"
"POINT (13.389492530000041 52.496570234000046)","Unfall 128713 (2023) Kat:3, Licht: 0","128713","3","2","5","08","09","2","","0","0","1","0","1"
"POINT (13.384283731000039 52.454354876000082)","Unfall 128716 (2023) Kat:3, Licht: 0","128716","3","4","6","08","10","2","","0","1","0","1","0"
"POINT (13.427776937000033 52.537854253000035)","Unfall 128717 (2023) Kat:3, Licht: 0","128717","3","2","5","08","09","2","","0","1","1","0","0"
"POINT (13.439792368000042 52.541770609000082)","Unfall 128719 (2023) Kat:3, Licht: 0","128719","3","3","5","08","11","1","","0","0","1","0","0"
"POINT (13.292819419000068 52.492658177000067)","Unfall 128721 (2023) Kat:3, Licht: 0","128721","3","6","3","08","16","7","","0","0","1","0","0"
"POINT (13.504653867000059 52.460010622000027)","Unfall 128723 (2023) Kat:3, Licht: 0","128723","3","2","5","08","11","7","","0","1","1","0","0"
"POINT (13.448054532000072 52.526162093000039)","Unfall 128724 (2023) Kat:3, Licht: 2","128724","3","6","2","08","00","7","","2","0","1","0","1"
"POINT (13.269445892000022 52.437641904000031)","Unfall 128726 (2023) Kat:3, Licht: 0","128726","3","3","5","08","17","6","","0","0","1","0","1"