WKT,Name,OBJECTID,UKATEGORIE,UTYP1,UART,UMONAT,USTUNDE,UWOCHENTAG,STRZUSTAND,ULICHTVERH,ISTRAD,ISTPKW,ISTFUSS,ISTKRAD
"POINT (13.385782139000071 52.480921855000076)","Unfall 128727 (2023) Kat:3, Licht: 0","128727","3","5","1","08","13","6","","0","0","1","0","0"
"POINT (13.379257931000041 52.436322027000074)","Unfall 128728 (2023) Kat:2, Licht: 0","128728","2","2","5","08","13","6","","0","1","1","0","0"
"POINT (13.442276633000063 52.462753666000026)","Unfall 128729 (2023) Kat:3, Licht: 0","128729","3","6","2","08","12","6","","0","0","1","0","0"
"POINT (13.364401031000057 52.563808107000057)","Unfall 128731 (2023) Kat:3, Licht: 1","128731","3","2","5","08","20","5","","1","0","1","0","0"
"POINT (13.305398872000069 52.572315423000077)","Unfall 128732 (2023) Kat:3, Licht: 0","128732","3","6","2","08","16","5","","0","0","1","0","0"
"POINT (13.359038222000038 52.573400531000061)","Unfall 128733 (2023) Kat:3, Licht: 0","128733","3","2","5","08","12","5","","0","0","1","0","0"
"POINT (13.462156450000066 52.495052162000036)","Unfall 128734 (2023) Kat:3, Licht: 2","128734","3","6","3","08","18","5","","2","1","0","0","0"
"POINT (13.355692735000048 52.485757447000026)","Unfall 128735 (2023) Kat:3, Licht: 0","128735","3","6","2","08","14","5","","0","0","1","0","0"
"POINT (13.295175803000063 52.539873540000031)","Unfall 128736 (2023) Kat:2, Licht: 2","128736","2","6","2","08","22","4","","2","0","1","0","0"
"POINT (13.316469709000046 52.614076868000041)","Unfall 128737 (2023) Kat:3, Licht: 0","128737","3","6","2","09","12","7","","0","0","1","0","0"
"POINT (13.448665090000077 52.505135480000035)","Unfall 128738 (2023) Kat:3, Licht: 0","128738","3","4","6","08","17","4","","0","0","0","1","0"
"POINT (13.319067542000028 52.512312074000079)","Unfall 128739 (2023) Kat:3, Licht: 0","128739","3","6","2","08","14","4","","0","1","0","0","0"
"POINT (13.412573572000042 52.540954052000075)","Unfall 128740 (2023) Kat:3, Licht: 0","128740","3","3","5","08","16","4","","0","1","0","0","0"
"POINT (13.454218146000073 52.515836261000061)","Unfall 128742 (2023) Kat:3, Licht: 0","128742","3","2","5","08","19","3","","0","1","0","0","0"
"POINT (13.438633506000031 52.541189383000074)","Unfall 128743 (2023) Kat:2, Licht: 0","128743","2","4","6","08","08","3","","0","1","0","1","0"
"POINT (13.613833873000033 52.504890991000082)","Unfall 128745 (2023) Kat:3, Licht: 0","128745","3","6","2","08","15","3","","0","0","1","0","0"
"POINT (13.424705061000054 52.538894294000045)","Unfall 128747 (2023) Kat:3, Licht: 0","128747","3","7","5","08","15","2","","0","1","1","0","0"
"POINT (13.384344650000060 52.438442948000045)","Unfall 128748 (2023) Kat:3, Licht: 0","128748","3","4","6","08","13","2","","0","0","1","1","0"
"POINT (13.348644514000057 52.481750070000032)","Unfall 128749 (2023) Kat:3, Licht: 0","128749","3","3","5","09","10","5","","0","1","1","0","0"
"POINT (13.429327444000023 52.533179625000059)","Unfall 128750 (2023) Kat:3, Licht: 2","128750","3","3","5","08","01","2","","2","0","1","0","0"
"POINT (13.263641934000077 52.435112175000029)","Unfall 128751 (2023) Kat:3, Licht: 0","128751","3","2","6","12","13","6","","0","0","1","1","0"
"POINT (13.282698766000067 52.497609577000048)","Unfall 128752 (2023) Kat:3, Licht: 0","128752","3","6","3","08","18","1","","0","0","1","0","0"
"POINT (13.226167206000071 52.507144884000070)","Unfall 128753 (2023) Kat:3, Licht: 0","128753","3","1","0","08","15","1","","0","0","1","0","0"
"POINT (13.347553476000030 52.476156139000068)","Unfall 128755 (2023) Kat:3, Licht: 0","128755","3","1","8","08","15","1","","0","0","1","0","0"
"POINT (13.372133260000055 52.505079269000078)","Unfall 128756 (2023) Kat:3, Licht: 0","128756","3","3","5","08","14","1","","0","0","1","0","0"
"POINT (13.458390085000076 52.492367522000052)","Unfall 128757 (2023) Kat:3, Licht: 2","128757","3","7","2","08","03","7","","2","1","1","0","0"
"POINT (13.444676877000063 52.545641236000051)","Unfall 128759 (2023) Kat:2, Licht: 0","128759","2","2","5","08","09","6","","0","1","0","0","0"
"POINT (13.278155816000037 52.509856222000053)","Unfall 128760 (2023) Kat:3, Licht: 0","128760","3","7","0","08","08","6","","0","1","0","0","0"
"POINT (13.281772631000024 52.509924479000063)","Unfall 128761 (2023) Kat:3, Licht: 0","128761","3","3","5","08","08","6","","0","1","1","0","0"
"POINT (13.413552951000042 52.460755849000066)","Unfall 128762 (2023) Kat:3, Licht: 0","128762","3","6","2","08","17","6","","0","0","1","0","0"
"POINT (13.381638810000027 52.516684884000028)","Unfall 128763 (2023) Kat:3, Licht: 0","128763","3","4","6","08","17","6","","0","1","0","1","0"
"POINT (13.485159532000068 52.473161331000028)","Unfall 128764 (2023) Kat:2, Licht: 0","128764","2","6","3","08","15","6","","0","0","1","0","1"
"POINT (13.388468119000038 52.497711674000072)","Unfall 128765 (2023) Kat:3, Licht: 0","128765","3","6","3","08","12","6","","0","0","1","0","1"
"POINT (13.333623134000050 52.593852115000061)","Unfall 128766 (2023) Kat:3, Licht: 0","128766","3","7","0","12","13","5","","0","0","1","0","0"
"POINT (13.248970957000040 52.616120117000037)","Unfall 128767 (2023) Kat:3, Licht: 2","128767","3","6","2","08","01","5","","2","0","1","0","0"
"POINT (13.337267668000038 52.478465630000073)","Unfall 128768 (2023) Kat:3, Licht: 0","128768","3","6","2","08","17","5","","0","0","1","0","0"
"POINT (13.402139630000022 52.518732789000069)","Unfall 128769 (2023) Kat:2, Licht: 0","128769","2","7","6","08","13","5","","0","0","0","1","0"
"POINT (13.297538404000022 52.544285720000062)","Unfall 128770 (2023) Kat:3, Licht: 0","128770","3","6","2","11","09","5","","0","0","1","0","0"
"POINT (13.403360079000038 52.410944216000075)","Unfall 128771 (2023) Kat:3, Licht: 0","128771","3","5","1","08","06","5","","0","1","0","0","0"
"POINT (13.368313538000052 52.471666679000066)","Unfall 128772 (2023) Kat:3, Licht: 0","128772","3","6","2","08","17","5","","0","0","1","0","0"
"POINT (13.447602773000028 52.503639731000078)","Unfall 128775 (2023) Kat:3, Licht: 0","128775","3","4","0","08","13","4","","0","1","0","1","0"
"POINT (13.310622072000058 52.564834028000064)","Unfall 128776 (2023) Kat:3, Licht: 0","128776","3","6","2","08","11","5","","0","0","1","0","1"
"POINT (13.331728258000055 52.600268656000026)","Unfall 128777 (2023) Kat:3, Licht: 0","128777","3","3","5","08","17","4","","0","0","1","0","0"
"POINT (13.309224392000033 52.511662384000033)","Unfall 128778 (2023) Kat:3, Licht: 0","128778","3","2","5","08","13","4","","0","1","1","0","0"
"POINT (13.358354050000059 52.407914168000048)","Unfall 128781 (2023) Kat:3, Licht: 0","128781","3","3","5","08","09","4","","0","1","1","0","0"
"POINT (13.164254475000064 52.505918925000060)","Unfall 128782 (2023) Kat:3, Licht: 0","128782","3","6","2","08","08","3","","0","0","1","0","0"
"POINT (13.335914554000055 52.465276066000058)","Unfall 128784 (2023) Kat:3, Licht: 2","128784","3","6","3","08","00","3","","2","0","0","0","1"
"POINT (13.386111319000065 52.443446996000034)","Unfall 128785 (2023) Kat:2, Licht: 0","128785","2","7","0","08","18","3","","0","1","0","0","0"
"POINT (13.381668094000077 52.499182399000063)","Unfall 128787 (2023) Kat:2, Licht: 1","128787","2","6","0","08","05","3","","1","0","1","0","1"
"POINT (13.281018221000068 52.510041179000041)","Unfall 128789 (2023) Kat:3, Licht: 0","128789","3","2","5","08","16","5","","0","1","0","0","0"
"POINT (13.381859507000058 52.439269280000076)","Unfall 128790 (2023) Kat:3, Licht: 2","128790","3","3","5","08","22","3","","2","1","0","0","1"
"POINT (13.484457209000027 52.512798470000064)","Unfall 128791 (2023) Kat:3, Licht: 0","128791","3","2","5","08","17","3","","0","1","1","0","0"
"POINT (13.414602324000043 52.556317932000070)","Unfall 128792 (2023) Kat:3, Licht: 0","128792","3","2","5","08","18","3","","0","1","0","0","0"
"POINT (13.424009805000026 52.539100721000068)","Unfall 128793 (2023) Kat:2, Licht: 0","128793","2","2","5","08","12","3","","0","0","1","0","0"
"POINT (13.567047307000053 52.506949519000045)","Unfall 128794 (2023) Kat:3, Licht: 0","128794","3","6","2","07","10","2","","0","0","1","0","0"
"POINT (13.327631196000027 52.460383126000067)","Unfall 128795 (2023) Kat:3, Licht: 2","128795","3","1","0","07","03","1","","2","1","0","0","0"
"POINT (13.375353162000067 52.428593102000036)","Unfall 128796 (2023) Kat:2, Licht: 0","128796","2","6","2","07","10","1","","0","0","1","0","0"
"POINT (13.361932080000031 52.413566973000059)","Unfall 128798 (2023) Kat:3, Licht: 2","128798","3","3","5","07","22","7","","2","0","1","0","0"
"POINT (13.288495592000061 52.532679087000076)","Unfall 128800 (2023) Kat:2, Licht: 0","128800","2","6","2","07","14","7","","0","0","1","0","0"
"POINT (13.288787944000035 52.532748455000046)","Unfall 128802 (2023) Kat:2, Licht: 0","128802","2","6","2","07","14","7","","0","0","1","0","0"
"POINT (13.303502168000023 52.551438308000058)","Unfall 128804 (2023) Kat:3, Licht: 0","128804","3","1","8","07","10","6","","0","0","1","0","0"
"POINT (13.319316705000062 52.478058123000039)","Unfall 128805 (2023) Kat:3, Licht: 2","128805","3","6","3","07","03","6","","2","0","1","0","0"
"POINT (13.345814006000069 52.514143296000043)","Unfall 128806 (2023) Kat:3, Licht: 2","128806","3","6","2","07","22","6","","2","0","1","0","0"
"POINT (13.352535215000046 52.480077040000026)","Unfall 128807 (2023) Kat:3, Licht: 0","128807","3","6","2","07","18","5","","0","0","1","0","0"
"POINT (13.395380294000063 52.467143957000076)","Unfall 128808 (2023) Kat:3, Licht: 0","128808","3","6","2","07","17","5","","0","0","1","0","0"
"POINT (13.385088788000076 52.449825471000054)","Unfall 128810 (2023) Kat:2, Licht: 0","128810","2","6","3","07","16","5","","0","1","0","0","0"
"POINT (13.284445782000034 52.510263273000078)","Unfall 128811 (2023) Kat:2, Licht: 0","128811","2","6","3","07","17","5","","0","0","1","0","0"
"POINT (13.256967946000032 52.508437654000033)","Unfall 128812 (2023) Kat:3, Licht: 0","128812","3","6","2","07","11","5","","0","0","1","0","0"
"POINT (13.281825446000028 52.505918836000035)","Unfall 128813 (2023) Kat:3, Licht: 0","128813","3","6","2","07","12","5","","0","0","1","0","0"
"POINT (13.372324760000026 52.504990811000027)","Unfall 128814 (2023) Kat:3, Licht: 2","128814","3","6","3","07","00","5","","2","0","1","0","0"
"POINT (13.408555194000030 52.521808100000044)","Unfall 128815 (2023) Kat:3, Licht: 0","128815","3","6","2","07","15","4","","0","0","1","0","0"
"POINT (13.451930115000039 52.510470520000069)","Unfall 128816 (2023) Kat:3, Licht: 0","128816","3","7","6","07","16","4","","0","0","0","1","0"
"POINT (13.541432278000059 52.509842901000070)","Unfall 128817 (2023) Kat:3, Licht: 0","128817","3","3","5","09","17","5","","0","1","0","0","0"
"POINT (13.307414868000023 52.511739383000076)","Unfall 128818 (2023) Kat:3, Licht: 0","128818","3","6","3","07","12","3","","0","0","1","0","0"
"POINT (13.387897122000027 52.493435637000061)","Unfall 128819 (2023) Kat:2, Licht: 0","128819","2","6","3","09","14","1","","0","0","1","0","1"
"POINT (13.314656530000036 52.512210286000027)","Unfall 128820 (2023) Kat:3, Licht: 0","128820","3","2","5","07","09","2","","0","1","1","0","0"
"POINT (13.411248936000050 52.518897653000067)","Unfall 128821 (2023) Kat:3, Licht: 0","128821","3","2","5","07","11","2","","0","1","1","0","0"
"POINT (13.365257025000062 52.558088192000071)","Unfall 128823 (2023) Kat:3, Licht: 0","128823","3","3","5","07","16","1","","0","0","1","0","0"
"POINT (13.369321624000065 52.540722082000059)","Unfall 128824 (2023) Kat:2, Licht: 2","128824","2","7","0","07","22","1","","2","1","0","0","0"
"POINT (13.251455342000042 52.508088947000033)","Unfall 128825 (2023) Kat:3, Licht: 0","128825","3","6","3","07","15","7","","0","0","1","0","0"
"POINT (13.453730963000055 52.515965278000067)","Unfall 128826 (2023) Kat:3, Licht: 0","128826","3","2","5","07","14","7","","0","1","1","0","0"
"POINT (13.365526757000055 52.557847238000079)","Unfall 128827 (2023) Kat:3, Licht: 0","128827","3","6","3","07","15","7","","0","0","1","0","1"
"POINT (13.412542038000026 52.543749405000028)","Unfall 128828 (2023) Kat:3, Licht: 0","128828","3","6","4","07","19","7","","0","1","0","0","0"
"POINT (13.380525520000049 52.437893853000048)","Unfall 128829 (2023) Kat:3, Licht: 0","128829","3","2","3","07","17","7","","0","0","1","0","1"
"POINT (13.384914552000055 52.449851936000073)","Unfall 128830 (2023) Kat:3, Licht: 2","128830","3","6","2","07","23","6","","2","0","1","0","0"
"POINT (13.266185070000063 52.606481063000047)","Unfall 128831 (2023) Kat:3, Licht: 0","128831","3","6","3","07","09","6","","0","0","1","0","0"
"POINT (13.493723882000040 52.511692266000068)","Unfall 128832 (2023) Kat:3, Licht: 0","128832","3","7","0","07","09","6","","0","1","0","0","0"
"POINT (13.545552870000051 52.509743220000075)","Unfall 128833 (2023) Kat:3, Licht: 0","128833","3","1","9","07","19","6","","0","0","1","0","0"
"POINT (13.179091535000055 52.516648970000062)","Unfall 128834 (2023) Kat:3, Licht: 0","128834","3","2","2","07","15","6","","0","1","0","0","0"
"POINT (13.386200237000025 52.488349734000053)","Unfall 128836 (2023) Kat:3, Licht: 0","128836","3","6","3","07","16","5","","0","1","0","0","0"
"POINT (13.365501566000034 52.557970871000066)","Unfall 128838 (2023) Kat:3, Licht: 2","128838","3","3","5","07","22","5","","2","0","1","0","0"
"POINT (13.460243857000023 52.550304574000052)","Unfall 128839 (2023) Kat:2, Licht: 0","128839","2","4","6","07","16","5","","0","0","1","1","0"
"POINT (13.515058269000065 52.452834446000054)","Unfall 128840 (2023) Kat:2, Licht: 0","128840","2","6","2","07","18","5","","0","0","1","0","1"
"POINT (13.260206835000076 52.435183833000053)","Unfall 128841 (2023) Kat:3, Licht: 0","128841","3","2","6","07","11","5","","0","0","1","1","0"
"POINT (13.305768176000072 52.568430932000069)","Unfall 128842 (2023) Kat:2, Licht: 0","128842","2","6","3","07","15","5","","0","0","1","0","1"
"POINT (13.454214488000048 52.515851485000042)","Unfall 128843 (2023) Kat:3, Licht: 2","128843","3","1","0","07","23","5","","2","1","0","0","0"
"POINT (13.421607757000061 52.526778823000029)","Unfall 128844 (2023) Kat:2, Licht: 0","128844","2","4","6","07","13","4","","0","0","0","1","0"
"POINT (13.426354633000074 52.538330977000044)","Unfall 128845 (2023) Kat:2, Licht: 0","128845","2","3","5","07","07","4","","0","0","1","0","0"
"POINT (13.403426944000046 52.410254028000054)","Unfall 128846 (2023) Kat:3, Licht: 0","128846","3","6","0","07","13","4","","0","1","1","0","0"
"POINT (13.385031678000075 52.449265206000064)","Unfall 128848 (2023) Kat:3, Licht: 2","128848","3","2","2","07","23","4","","2","0","1","0","0"
"POINT (13.414232229000049 52.556253833000028)","Unfall 128849 (2023) Kat:3, Licht: 0","128849","3","2","5","07","18","4","","0","1","1","0","0"
"POINT (13.377564405000044 52.501169999000069)","Unfall 128850 (2023) Kat:3, Licht: 0","128850","3","6","2","07","12","4","","0","1","0","0","0"
"POINT (13.363354839000067 52.565837305000059)","Unfall 128852 (2023) Kat:3, Licht: 0","128852","3","7","0","10","13","4","","0","1","0","0","0"
"POINT (13.404168857000059 52.519790891000071)","Unfall 128853 (2023) Kat:3, Licht: 0","128853","3","5","1","07","07","3","","0","1","1","0","0"
"POINT (13.364888359000076 52.502155378000054)","Unfall 128856 (2023) Kat:3, Licht: 0","128856","3","5","1","07","08","3","","0","1","1","0","0"
"POINT (13.372016585000040 52.505132103000051)","Unfall 128857 (2023) Kat:3, Licht: 0","128857","3","3","5","07","16","3","","0","0","1","0","0"
"POINT (13.431899277000070 52.536702299000069)","Unfall 128858 (2023) Kat:3, Licht: 0","128858","3","6","0","07","12","3","","0","0","0","0","1"
"POINT (13.248052959000063 52.615585592000059)","Unfall 128860 (2023) Kat:3, Licht: 0","128860","3","3","5","08","20","3","","0","0","1","0","0"
"POINT (13.316478390000043 52.614083548000053)","Unfall 128861 (2023) Kat:3, Licht: 0","128861","3","3","5","07","09","3","","0","0","1","0","0"
"POINT (13.388663474000055 52.436805485000036)","Unfall 128862 (2023) Kat:3, Licht: 0","128862","3","4","0","07","18","2","","0","1","0","1","0"
"POINT (13.415833300000031 52.540593380000075)","Unfall 128863 (2023) Kat:3, Licht: 0","128863","3","1","0","07","13","2","","0","1","0","0","0"
"POINT (13.283000337000033 52.528690618000041)","Unfall 128864 (2023) Kat:3, Licht: 0","128864","3","6","3","07","08","2","","0","0","1","0","0"
"POINT (13.420327724000060 52.525280204000069)","Unfall 128866 (2023) Kat:3, Licht: 0","128866","3","2","5","07","10","2","","0","1","0","0","0"
"POINT (13.506330227000035 52.510654297000031)","Unfall 128867 (2023) Kat:2, Licht: 0","128867","2","6","2","07","17","2","","0","0","1","0","0"
"POINT (13.312535183000023 52.511879031000035)","Unfall 128868 (2023) Kat:3, Licht: 0","128868","3","2","5","07","11","2","","0","1","1","0","0"
"POINT (13.196602139000049 52.418968551000034)","Unfall 128869 (2023) Kat:2, Licht: 0","128869","2","1","0","07","07","1","","0","0","0","0","1"
"POINT (13.225708059000056 52.507237373000066)","Unfall 128870 (2023) Kat:2, Licht: 0","128870","2","6","3","07","18","1","","0","0","1","0","1"
"POINT (13.461083766000058 52.498549854000032)","Unfall 128871 (2023) Kat:3, Licht: 0","128871","3","6","2","07","20","1","","0","1","0","0","0"
"POINT (13.396294251000029 52.423455401000069)","Unfall 128873 (2023) Kat:3, Licht: 0","128873","3","2","0","07","16","1","","0","0","1","0","0"
"POINT (13.349343005000037 52.475153785000032)","Unfall 128874 (2023) Kat:3, Licht: 2","128874","3","6","2","07","20","7","","2","0","1","0","0"
"POINT (13.196712955000066 52.417710477000071)","Unfall 128875 (2023) Kat:3, Licht: 0","128875","3","6","2","07","17","7","","0","0","1","0","0"
"POINT (13.305401223000047 52.572306378000064)","Unfall 128876 (2023) Kat:3, Licht: 0","128876","3","6","2","07","17","7","","0","0","1","0","1"
"POINT (13.317189274000043 52.615355955000041)","Unfall 128878 (2023) Kat:3, Licht: 0","128878","3","6","2","07","10","6","","0","0","1","0","0"
"POINT (13.281366449000075 52.441356859000052)","Unfall 128880 (2023) Kat:3, Licht: 0","128880","3","7","0","07","16","6","","0","1","1","0","0"
"POINT (13.289410064000037 52.589614924000045)","Unfall 128881 (2023) Kat:2, Licht: 0","128881","2","1","0","07","15","5","","0","0","0","0","1"
"POINT (13.384144155000058 52.455180309000070)","Unfall 128883 (2023) Kat:3, Licht: 2","128883","3","6","2","07","22","5","","2","0","1","0","0"
"POINT (13.293077238000023 52.492664013000081)","Unfall 128884 (2023) Kat:3, Licht: 0","128884","3","6","2","07","13","5","","0","0","0","0","0"
"POINT (13.473608025000033 52.481156264000049)","Unfall 128885 (2023) Kat:3, Licht: 1","128885","3","6","3","07","19","5","","1","0","1","0","0"
"POINT (13.311335382000038 52.627572266000072)","Unfall 128886 (2023) Kat:3, Licht: 0","128886","3","2","5","07","15","5","","0","1","1","0","0"
"POINT (13.346196456000030 52.514313348000030)","Unfall 128887 (2023) Kat:3, Licht: 0","128887","3","6","3","07","12","5","","0","0","1","0","1"
"POINT (13.373447269000053 52.509361541000033)","Unfall 128888 (2023) Kat:3, Licht: 2","128888","3","6","4","07","23","4","","2","1","0","0","0"
"POINT (13.350917784000046 52.480621944000063)","Unfall 128889 (2023) Kat:3, Licht: 0","128889","3","4","6","07","17","4","","0","0","1","1","0"
"POINT (13.356974839000031 52.486928066000075)","Unfall 128890 (2023) Kat:3, Licht: 1","128890","3","6","2","07","20","4","","1","0","1","0","0"
"POINT (13.624627501000077 52.503736709000066)","Unfall 128891 (2023) Kat:3, Licht: 0","128891","3","2","5","07","06","4","","0","0","1","0","0"
"POINT (13.432992975000047 52.536073472000055)","Unfall 128892 (2023) Kat:3, Licht: 0","128892","3","3","5","07","08","3","","0","1","0","0","0"
"POINT (13.263139690000060 52.435131996000052)","Unfall 128893 (2023) Kat:3, Licht: 0","128893","3","6","2","07","07","3","","0","0","1","0","0"
"POINT (13.483400707000044 52.577260293000052)","Unfall 128895 (2023) Kat:3, Licht: 0","128895","3","3","5","07","16","3","","0","0","1","0","0"
"POINT (13.282056491000048 52.510108789000071)","Unfall 128897 (2023) Kat:3, Licht: 0","128897","3","6","6","07","05","3","","0","1","0","1","0"
"POINT (13.460310628000059 52.515093001000082)","Unfall 128898 (2023) Kat:3, Licht: 2","128898","3","1","0","07","23","3","","2","1","0","0","0"
"POINT (13.320542200000034 52.477854527000034)","Unfall 128900 (2023) Kat:3, Licht: 0","128900","3","6","2","07","07","3","","0","0","0","0","1"
"POINT (13.436545159000048 52.517492487000027)","Unfall 128901 (2023) Kat:3, Licht: 0","128901","3","3","5","07","15","3","","0","1","0","0","0"
"POINT (13.378317734000063 52.509624358000053)","Unfall 128902 (2023) Kat:3, Licht: 0","128902","3","4","6","07","17","3","","0","1","0","1","0"
"POINT (13.470268100000055 52.564690437000081)","Unfall 128904 (2023) Kat:3, Licht: 0","128904","3","2","5","07","17","3","","0","1","1","0","0"
"POINT (13.293182361000049 52.492602760000068)","Unfall 128905 (2023) Kat:3, Licht: 0","128905","3","6","3","07","08","2","","0","0","1","0","0"
"POINT (13.448285781000038 52.547022792000064)","Unfall 128906 (2023) Kat:2, Licht: 0","128906","2","6","3","07","13","2","","0","1","0","0","0"
"POINT (13.454190766000067 52.515928909000081)","Unfall 128908 (2023) Kat:2, Licht: 0","128908","2","1","0","07","13","3","","0","1","0","0","0"
"POINT (13.264417497000068 52.435307038000076)","Unfall 128909 (2023) Kat:3, Licht: 0","128909","3","6","3","07","14","2","","0","0","1","0","1"
"POINT (13.457922432000032 52.630637757000045)","Unfall 128910 (2023) Kat:2, Licht: 0","128910","2","6","2","07","13","2","","0","0","1","0","0"
"POINT (13.448703777000048 52.505198467000071)","Unfall 128911 (2023) Kat:3, Licht: 0","128911","3","4","6","07","16","2","","0","1","0","1","0"
"POINT (13.294085840000037 52.492076309000026)","Unfall 128913 (2023) Kat:3, Licht: 0","128913","3","6","2","07","10","1","","0","0","1","0","0"
"POINT (13.273534894000022 52.498988074000067)","Unfall 128916 (2023) Kat:3, Licht: 0","128916","3","7","2","08","18","4","","0","0","1","0","0"
"POINT (13.463354440000046 52.514789725000071)","Unfall 128917 (2023) Kat:3, Licht: 2","128917","3","1","0","07","02","1","","2","0","0","0","0"
"POINT (13.467848998000022 52.514480052000067)","Unfall 128918 (2023) Kat:3, Licht: 0","128918","3","6","2","07","19","1","","0","0","1","0","0"
"POINT (13.348555583000064 52.481856785000048)","Unfall 128919 (2023) Kat:3, Licht: 0","128919","3","2","5","07","15","7","","0","1","1","0","0"
"POINT (13.412760990000038 52.540924630000063)","Unfall 128920 (2023) Kat:3, Licht: 0","128920","3","6","3","07","13","7","","0","1","0","0","0"
"POINT (13.389310699000077 52.435139710000044)","Unfall 128921 (2023) Kat:3, Licht: 0","128921","3","3","5","07","17","7","","0","0","1","0","1"
"POINT (13.411975702000063 52.541166301000032)","Unfall 128922 (2023) Kat:2, Licht: 2","128922","2","3","5","07","01","7","","2","0","1","0","0"
"POINT (13.323476042000038 52.608057194000082)","Unfall 128924 (2023) Kat:3, Licht: 1","128924","3","6","4","07","22","7","","1","1","0","0","0"
"POINT (13.286658918000057 52.532172252000066)","Unfall 128925 (2023) Kat:2, Licht: 2","128925","2","6","3","09","21","5","","2","0","1","0","0"
"POINT (13.304506803000038 52.573911848000080)","Unfall 128926 (2023) Kat:3, Licht: 0","128926","3","6","3","07","15","7","","0","0","1","0","0"
"POINT (13.512028877000034 52.454890668000075)","Unfall 128927 (2023) Kat:3, Licht: 2","128927","3","2","5","07","22","7","","2","0","1","0","0"
"POINT (13.389146221000033 52.497973210000055)","Unfall 128928 (2023) Kat:3, Licht: 0","128928","3","3","5","07","16","7","","0","1","1","0","0"
"POINT (13.295096067000031 52.539377849000061)","Unfall 128929 (2023) Kat:3, Licht: 0","128929","3","6","2","07","16","6","","0","0","1","0","0"
"POINT (13.381250571000066 52.470049428000038)","Unfall 128930 (2023) Kat:3, Licht: 0","128930","3","6","2","07","17","6","","0","0","1","0","0"
"POINT (13.493172036000033 52.467770667000082)","Unfall 128931 (2023) Kat:3, Licht: 0","128931","3","3","5","07","14","6","","0","1","1","0","0"
"POINT (13.425995335000039 52.538453678000053)","Unfall 128933 (2023) Kat:3, Licht: 0","128933","3","3","5","07","09","6","","0","1","1","0","0"
"POINT (13.398760286000027 52.572270770000046)","Unfall 128934 (2023) Kat:3, Licht: 2","128934","3","7","6","07","22","6","","2","0","0","1","0"
"POINT (13.126148581000052 52.478537636000055)","Unfall 128935 (2023) Kat:3, Licht: 0","128935","3","3","5","07","16","6","","0","1","1","0","0"
"POINT (13.458138654000038 52.458836951000080)","Unfall 128939 (2023) Kat:3, Licht: 0","128939","3","6","2","07","15","6","","0","0","1","0","0"
"POINT (13.410213037000062 52.562119256000074)","Unfall 128940 (2023) Kat:3, Licht: 0","128940","3","5","1","07","15","6","","0","0","1","0","1"
"POINT (13.303129222000052 52.511266314000068)","Unfall 128941 (2023) Kat:3, Licht: 0","128941","3","2","5","07","13","6","","0","1","1","0","0"
"POINT (13.299970808000069 52.511249810000038)","Unfall 128943 (2023) Kat:3, Licht: 0","128943","3","3","5","07","15","6","","0","1","1","0","0"
"POINT (13.282950356000072 52.528616452000051)","Unfall 128944 (2023) Kat:3, Licht: 0","128944","3","6","3","07","12","6","","0","0","1","0","0"
"POINT (13.475247074000038 52.513573506000057)","Unfall 128947 (2023) Kat:3, Licht: 0","128947","3","6","3","07","19","5","","0","1","0","0","1"
"POINT (13.288405218000037 52.494081243000039)","Unfall 128948 (2023) Kat:3, Licht: 0","128948","3","6","3","07","15","5","","0","0","1","0","1"
"POINT (13.410783838000043 52.523255066000047)","Unfall 128949 (2023) Kat:3, Licht: 0","128949","3","6","0","07","12","5","","0","1","0","0","0"
"POINT (13.386055544000044 52.483403451000072)","Unfall 128950 (2023) Kat:3, Licht: 0","128950","3","3","5","07","06","5","","0","0","1","0","0"
"POINT (13.293981716000076 52.537354235000066)","Unfall 128951 (2023) Kat:3, Licht: 0","128951","3","6","2","07","15","5","","0","0","1","0","0"
"POINT (13.289184202000058 52.510388408000040)","Unfall 128953 (2023) Kat:3, Licht: 0","128953","3","2","5","07","10","5","","0","1","1","0","0"
"POINT (13.258574355000064 52.508537763000049)","Unfall 128955 (2023) Kat:3, Licht: 0","128955","3","6","2","07","18","5","","0","0","1","0","0"
"POINT (13.317648582000061 52.512408487000073)","Unfall 128956 (2023) Kat:3, Licht: 0","128956","3","5","1","09","11","3","","0","0","1","0","1"
"POINT (13.420030584000074 52.525562354000044)","Unfall 128957 (2023) Kat:3, Licht: 0","128957","3","6","3","07","08","5","","0","1","0","0","0"
"POINT (13.383153365000055 52.499269768000033)","Unfall 128958 (2023) Kat:3, Licht: 2","128958","3","4","6","07","01","5","","2","1","0","1","0"
"POINT (13.336888382000041 52.513532173000044)","Unfall 128959 (2023) Kat:3, Licht: 0","128959","3","3","5","07","18","4","","0","1","0","0","0"
"POINT (13.286143153000069 52.532071458000075)","Unfall 128962 (2023) Kat:3, Licht: 0","128962","3","6","3","07","14","4","","0","0","1","0","0"
"POINT (13.175230811000063 52.420023822000076)","Unfall 128963 (2023) Kat:3, Licht: 0","128963","3","2","0","07","14","4","","0","1","1","0","0"
"POINT (13.526711442000021 52.510112720000052)","Unfall 128964 (2023) Kat:3, Licht: 0","128964","3","5","1","07","16","4","","0","0","1","0","1"