WKT,Name,OBJECTID,UKATEGORIE,UTYP1,UART,UMONAT,USTUNDE,UWOCHENTAG,STRZUSTAND,ULICHTVERH,ISTRAD,ISTPKW,ISTFUSS,ISTKRAD
"POINT (13.282715192000069 52.497595421000028)","Unfall 128965 (2023) Kat:3, Licht: 0","128965","3","6","3","07","14","4","","0","0","1","0","0"
"POINT (13.461219581000023 52.494517445000042)","Unfall 128966 (2023) Kat:3, Licht: 0","128966","3","6","2","07","14","4","","0","0","1","0","0"
"POINT (13.512312438000038 52.428310224000029)","Unfall 128967 (2023) Kat:3, Licht: 0","128967","3","6","3","07","08","4","","0","0","1","0","0"
"POINT (13.383364558000039 52.509956155000054)","Unfall 128968 (2023) Kat:3, Licht: 0","128968","3","5","1","07","11","3","","0","1","1","0","0"
"POINT (13.473805245000051 52.513870645000054)","Unfall 128969 (2023) Kat:3, Licht: 0","128969","3","6","2","11","13","4","","0","0","1","0","0"
"POINT (13.403996380000024 52.581998742000053)","Unfall 128970 (2023) Kat:2, Licht: 0","128970","2","1","0","08","11","4","","0","1","0","0","0"
"POINT (13.403890821000061 52.512642466000045)","Unfall 128971 (2023) Kat:3, Licht: 0","128971","3","6","3","07","11","3","","0","0","1","0","0"
"POINT (13.400771884000051 52.414958633000026)","Unfall 128972 (2023) Kat:3, Licht: 0","128972","3","3","5","07","18","3","","0","0","1","0","0"
"POINT (13.405395924000061 52.566876894000075)","Unfall 128974 (2023) Kat:3, Licht: 0","128974","3","2","5","07","08","3","","0","1","1","0","0"
"POINT (13.291045939000071 52.444865454000080)","Unfall 128975 (2023) Kat:3, Licht: 0","128975","3","2","5","07","11","7","","0","1","1","0","0"
"POINT (13.413771413000063 52.460730763000072)","Unfall 128976 (2023) Kat:3, Licht: 0","128976","3","6","3","07","17","3","","0","0","1","0","0"
"POINT (13.413042662000066 52.545728814000029)","Unfall 128977 (2023) Kat:3, Licht: 0","128977","3","6","4","07","11","3","","0","1","0","0","0"
"POINT (13.452061195000056 52.519628079000029)","Unfall 128978 (2023) Kat:3, Licht: 2","128978","3","5","0","11","23","6","","2","1","1","0","0"
"POINT (13.284942926000042 52.510519506000037)","Unfall 128979 (2023) Kat:3, Licht: 0","128979","3","6","2","07","14","3","","0","0","1","0","0"
"POINT (13.459054877000028 52.492854120000061)","Unfall 128980 (2023) Kat:2, Licht: 0","128980","2","2","5","07","12","3","","0","1","1","0","0"
"POINT (13.384723148000035 52.451910360000056)","Unfall 128981 (2023) Kat:3, Licht: 0","128981","3","6","2","07","16","3","","0","0","0","0","1"
"POINT (13.310306610000055 52.558801631000051)","Unfall 128982 (2023) Kat:3, Licht: 0","128982","3","6","3","07","17","3","","0","0","1","0","0"
"POINT (13.368335439000077 52.541111073000081)","Unfall 128983 (2023) Kat:3, Licht: 0","128983","3","2","5","07","10","3","","0","1","0","0","0"
"POINT (13.405984108000041 52.520727831000045)","Unfall 128984 (2023) Kat:3, Licht: 0","128984","3","4","0","07","17","2","","0","0","0","1","0"
"POINT (13.310641682000039 52.451832178000075)","Unfall 128985 (2023) Kat:3, Licht: 0","128985","3","6","3","07","13","2","","0","1","1","0","0"
"POINT (13.363340719000064 52.565490129000068)","Unfall 128986 (2023) Kat:3, Licht: 0","128986","3","7","0","07","10","2","","0","1","1","0","0"
"POINT (13.190899830000035 52.514259595000055)","Unfall 128987 (2023) Kat:3, Licht: 0","128987","3","1","0","07","09","2","","0","1","0","0","0"
"POINT (13.358681790000048 52.474225384000079)","Unfall 128988 (2023) Kat:3, Licht: 0","128988","3","6","2","07","08","2","","0","0","1","0","0"
"POINT (13.453604973000040 52.518451363000054)","Unfall 128990 (2023) Kat:3, Licht: 1","128990","3","1","0","07","21","1","","1","0","0","0","1"
"POINT (13.562657600000023 52.508234629000071)","Unfall 128991 (2023) Kat:3, Licht: 0","128991","3","1","0","07","11","6","","0","0","0","0","1"
"POINT (13.414666584000031 52.540582662000077)","Unfall 128992 (2023) Kat:2, Licht: 0","128992","2","4","6","07","21","1","","0","0","1","1","0"
"POINT (13.389152818000071 52.497938122000050)","Unfall 128993 (2023) Kat:3, Licht: 0","128993","3","6","2","07","13","1","","0","0","1","0","0"
"POINT (13.100662308000040 52.413853166000081)","Unfall 128994 (2023) Kat:3, Licht: 0","128994","3","5","1","07","14","7","","0","0","1","0","0"
"POINT (13.413717753000071 52.550530666000043)","Unfall 128995 (2023) Kat:3, Licht: 0","128995","3","2","6","07","12","7","","0","0","1","1","0"
"POINT (13.412380494000047 52.541812931000038)","Unfall 128996 (2023) Kat:2, Licht: 2","128996","2","1","1","07","03","7","","2","0","1","0","0"
"POINT (13.285229805000029 52.509560068000042)","Unfall 128997 (2023) Kat:3, Licht: 0","128997","3","6","2","06","10","6","","0","0","1","0","0"
"POINT (13.369784000000038 52.542213605000029)","Unfall 128998 (2023) Kat:3, Licht: 0","128998","3","6","0","06","19","6","","0","0","1","0","1"
"POINT (13.364497702000051 52.414923000000044)","Unfall 128999 (2023) Kat:3, Licht: 0","128999","3","6","2","06","13","6","","0","0","1","0","0"
"POINT (13.412315963000026 52.544321962000026)","Unfall 129000 (2023) Kat:2, Licht: 0","129000","2","1","0","09","07","6","","0","1","0","0","0"
"POINT (13.447713543000077 52.502476336000029)","Unfall 129001 (2023) Kat:3, Licht: 0","129001","3","6","2","06","10","6","","0","0","0","0","0"
"POINT (13.361740391000069 52.497128038000028)","Unfall 129002 (2023) Kat:3, Licht: 0","129002","3","4","6","06","14","6","","0","0","1","1","0"
"POINT (13.412471668000023 52.542921517000082)","Unfall 129003 (2023) Kat:3, Licht: 2","129003","3","7","5","11","17","7","","2","0","1","0","0"
"POINT (13.470508524000024 52.514212607000047)","Unfall 129004 (2023) Kat:3, Licht: 0","129004","3","1","0","06","14","6","","0","0","0","0","1"
"POINT (13.299675492000063 52.511038446000043)","Unfall 129006 (2023) Kat:3, Licht: 0","129006","3","7","2","06","07","6","","0","0","0","0","1"
"POINT (13.476612971000065 52.513447693000046)","Unfall 129007 (2023) Kat:2, Licht: 0","129007","2","6","2","06","16","5","","0","1","0","0","0"
"POINT (13.406649772000037 52.397340538000037)","Unfall 129008 (2023) Kat:3, Licht: 0","129008","3","1","0","06","20","5","","0","1","0","0","0"
"POINT (13.316617155000074 52.614190334000057)","Unfall 129009 (2023) Kat:3, Licht: 0","129009","3","3","5","06","18","5","","0","0","1","0","1"
"POINT (13.297385302000066 52.511078915000041)","Unfall 129010 (2023) Kat:3, Licht: 0","129010","3","5","1","07","10","7","","0","1","0","0","1"
"POINT (13.372118878000038 52.505085913000073)","Unfall 129011 (2023) Kat:3, Licht: 2","129011","3","3","5","06","22","5","","2","0","1","0","0"
"POINT (13.348811977000025 52.574251940000067)","Unfall 129012 (2023) Kat:3, Licht: 1","129012","3","5","1","06","19","5","","1","0","1","0","0"
"POINT (13.384771232000048 52.439760619000026)","Unfall 129013 (2023) Kat:3, Licht: 0","129013","3","6","2","06","19","5","","0","0","0","0","1"
"POINT (13.377040051000051 52.501800866000053)","Unfall 129016 (2023) Kat:3, Licht: 0","129016","3","6","2","06","17","5","","0","0","1","0","0"
"POINT (13.332686362000061 52.597329561000038)","Unfall 129017 (2023) Kat:2, Licht: 0","129017","2","6","3","06","16","5","","0","1","0","0","0"
"POINT (13.368561980000038 52.541210757000044)","Unfall 129018 (2023) Kat:3, Licht: 0","129018","3","2","5","06","08","5","","0","1","1","0","0"
"POINT (13.313573388000066 52.479615102000082)","Unfall 129019 (2023) Kat:3, Licht: 0","129019","3","6","2","06","09","4","","0","0","0","0","1"
"POINT (13.250038354000026 52.508002385000054)","Unfall 129020 (2023) Kat:3, Licht: 0","129020","3","6","2","06","17","4","","0","0","1","0","1"
"POINT (13.389265333000026 52.497484409000037)","Unfall 129021 (2023) Kat:3, Licht: 0","129021","3","2","5","06","14","4","","0","1","0","0","0"
"POINT (13.387611444000072 52.438998104000063)","Unfall 129022 (2023) Kat:3, Licht: 0","129022","3","6","2","06","16","4","","0","0","1","0","1"
"POINT (13.606405538000047 52.504952572000036)","Unfall 129023 (2023) Kat:3, Licht: 0","129023","3","3","5","06","14","4","","0","0","1","0","1"
"POINT (13.312854251000033 52.622507405000079)","Unfall 129024 (2023) Kat:3, Licht: 0","129024","3","2","5","06","20","4","","0","1","1","0","0"
"POINT (13.448295397000038 52.547027081000067)","Unfall 129025 (2023) Kat:2, Licht: 0","129025","2","6","3","07","16","6","","0","1","0","0","0"
"POINT (13.459048135000046 52.492849353000054)","Unfall 129026 (2023) Kat:3, Licht: 2","129026","3","1","8","06","23","4","","2","1","0","0","0"
"POINT (13.460091765000072 52.515114793000066)","Unfall 129028 (2023) Kat:3, Licht: 0","129028","3","2","5","06","17","4","","0","1","1","0","0"
"POINT (13.428426635000051 52.537636479000071)","Unfall 129029 (2023) Kat:3, Licht: 0","129029","3","1","0","06","15","4","","0","1","0","0","0"
"POINT (13.424000950000050 52.539102178000064)","Unfall 129031 (2023) Kat:3, Licht: 0","129031","3","2","5","06","18","3","","0","1","1","0","0"
"POINT (13.285667112000056 52.494638410000050)","Unfall 129032 (2023) Kat:3, Licht: 0","129032","3","6","2","06","15","2","","0","0","1","0","0"
"POINT (13.385048661000042 52.461440194000033)","Unfall 129033 (2023) Kat:3, Licht: 0","129033","3","2","5","06","08","2","","0","1","1","0","0"
"POINT (13.332651251000073 52.597493161000045)","Unfall 129034 (2023) Kat:3, Licht: 0","129034","3","6","2","06","08","2","","0","0","1","0","0"
"POINT (13.447826448000058 52.526481779000051)","Unfall 129035 (2023) Kat:3, Licht: 0","129035","3","3","5","06","11","1","","0","0","1","0","1"
"POINT (13.397332534000043 52.511014582000030)","Unfall 129036 (2023) Kat:3, Licht: 0","129036","3","5","1","06","18","1","","0","1","1","0","0"
"POINT (13.282438648000038 52.441682865000075)","Unfall 129037 (2023) Kat:3, Licht: 0","129037","3","2","5","08","16","6","","0","0","1","0","1"
"POINT (13.540168514000072 52.509897233000061)","Unfall 129038 (2023) Kat:2, Licht: 0","129038","2","3","5","06","18","1","","0","0","1","0","0"
"POINT (13.406700588000035 52.521088472000031)","Unfall 129040 (2023) Kat:3, Licht: 0","129040","3","6","3","06","10","1","","0","1","0","0","0"
"POINT (13.388935097000058 52.497665415000029)","Unfall 129041 (2023) Kat:3, Licht: 2","129041","3","3","5","12","21","5","","2","0","1","0","0"
"POINT (13.402535446000059 52.585931741000081)","Unfall 129042 (2023) Kat:3, Licht: 0","129042","3","7","0","10","15","5","","0","0","1","0","1"
"POINT (13.453765532000034 52.515835697000057)","Unfall 129043 (2023) Kat:3, Licht: 0","129043","3","3","5","06","16","7","","0","0","1","0","0"
"POINT (13.413639320000073 52.548117598000033)","Unfall 129045 (2023) Kat:3, Licht: 0","129045","3","6","3","06","17","7","","0","1","0","0","0"
"POINT (13.452262267000037 52.515907464000065)","Unfall 129047 (2023) Kat:3, Licht: 0","129047","3","4","6","06","17","7","","0","0","1","1","0"
"POINT (13.447817458000031 52.526492121000047)","Unfall 129048 (2023) Kat:3, Licht: 0","129048","3","3","5","06","14","7","","0","0","1","0","0"
"POINT (13.417773753000063 52.523511339000038)","Unfall 129049 (2023) Kat:2, Licht: 0","129049","2","3","5","06","20","7","","0","0","1","0","0"
"POINT (13.385365647000071 52.462809388000039)","Unfall 129050 (2023) Kat:3, Licht: 0","129050","3","6","2","07","12","3","","0","0","1","0","0"
"POINT (13.120772036000062 52.477632061000065)","Unfall 129051 (2023) Kat:3, Licht: 0","129051","3","6","2","06","18","7","","0","0","1","0","0"
"POINT (13.311915008000028 52.625661678000029)","Unfall 129053 (2023) Kat:3, Licht: 0","129053","3","3","2","06","16","7","","0","1","1","0","0"
"POINT (13.403855687000032 52.410068650000028)","Unfall 129054 (2023) Kat:3, Licht: 0","129054","3","6","2","06","13","7","","0","0","1","0","1"
"POINT (13.454227943000035 52.515683324000065)","Unfall 129055 (2023) Kat:2, Licht: 0","129055","2","3","5","06","05","7","","0","0","1","0","0"
"POINT (13.513140897000028 52.454136303000041)","Unfall 129056 (2023) Kat:2, Licht: 2","129056","2","3","5","06","00","7","","2","0","1","0","0"
"POINT (13.375390909000032 52.428673240000080)","Unfall 129058 (2023) Kat:3, Licht: 0","129058","3","5","1","06","14","6","","0","1","1","0","0"
"POINT (13.454242573000045 52.515717353000070)","Unfall 129059 (2023) Kat:3, Licht: 2","129059","3","3","5","06","00","6","","2","1","1","0","0"
"POINT (13.235685986000021 52.432169664000071)","Unfall 129060 (2023) Kat:3, Licht: 0","129060","3","2","5","06","11","6","","0","1","1","0","0"
"POINT (13.424074091000023 52.539317041000061)","Unfall 129061 (2023) Kat:3, Licht: 2","129061","3","2","2","11","18","6","","2","1","0","0","0"
"POINT (13.369370918000072 52.471300686000063)","Unfall 129062 (2023) Kat:3, Licht: 0","129062","3","6","2","06","07","6","","0","0","1","0","0"
"POINT (13.385081846000048 52.469724365000047)","Unfall 129064 (2023) Kat:3, Licht: 0","129064","3","6","2","06","15","5","","0","0","1","0","0"
"POINT (13.453775208000025 52.515722258000039)","Unfall 129065 (2023) Kat:3, Licht: 0","129065","3","6","3","06","12","5","","0","1","1","0","0"
"POINT (13.416756061000058 52.522075193000035)","Unfall 129066 (2023) Kat:3, Licht: 2","129066","3","7","2","07","22","7","","2","0","1","0","1"
"POINT (13.303651669000033 52.641055852000079)","Unfall 129067 (2023) Kat:2, Licht: 0","129067","2","1","9","06","15","5","","0","0","1","0","0"
"POINT (13.385584934000065 52.472878577000074)","Unfall 129068 (2023) Kat:3, Licht: 0","129068","3","6","2","06","15","5","","0","0","1","0","0"
"POINT (13.467547887000023 52.514509831000055)","Unfall 129070 (2023) Kat:3, Licht: 0","129070","3","2","5","06","08","5","","0","0","1","0","1"
"POINT (13.283647489000032 52.529851103000055)","Unfall 129072 (2023) Kat:3, Licht: 0","129072","3","6","3","06","17","5","","0","0","1","0","0"
"POINT (13.471420879000050 52.513973304000046)","Unfall 129073 (2023) Kat:3, Licht: 0","129073","3","7","6","06","16","5","","0","0","0","1","0"
"POINT (13.282932720000076 52.528587859000027)","Unfall 129075 (2023) Kat:3, Licht: 0","129075","3","6","2","06","15","5","","0","0","1","0","0"
"POINT (13.217919500000050 52.428067630000044)","Unfall 129076 (2023) Kat:3, Licht: 2","129076","3","3","5","06","22","4","","2","0","1","0","0"
"POINT (13.406432758000051 52.520953661000078)","Unfall 129077 (2023) Kat:3, Licht: 0","129077","3","6","2","09","17","5","","0","0","1","0","0"
"POINT (13.298803919000022 52.545695507000062)","Unfall 129078 (2023) Kat:3, Licht: 0","129078","3","6","2","06","14","4","","0","0","1","0","0"
"POINT (13.413917520000041 52.540743063000036)","Unfall 129079 (2023) Kat:2, Licht: 2","129079","2","7","6","10","22","3","","2","0","1","1","0"
"POINT (13.398988757000041 52.573432134000029)","Unfall 129080 (2023) Kat:2, Licht: 0","129080","2","3","5","06","11","4","","0","0","1","0","1"
"POINT (13.314658015000077 52.453193399000043)","Unfall 129081 (2023) Kat:3, Licht: 0","129081","3","2","5","06","08","4","","0","1","1","0","0"
"POINT (13.402561423000066 52.585854048000044)","Unfall 129082 (2023) Kat:3, Licht: 0","129082","3","5","1","06","11","3","","0","0","1","0","0"
"POINT (13.260594499000035 52.434978204000060)","Unfall 129084 (2023) Kat:3, Licht: 0","129084","3","2","5","09","08","6","","0","1","0","0","0"
"POINT (13.346647232000066 52.579329232000077)","Unfall 129085 (2023) Kat:3, Licht: 0","129085","3","2","5","06","20","3","","0","1","1","0","0"
"POINT (13.364225991000069 52.563554153000041)","Unfall 129086 (2023) Kat:3, Licht: 0","129086","3","5","1","06","12","3","","0","0","1","0","0"
"POINT (13.328146805000074 52.538658832000067)","Unfall 129087 (2023) Kat:3, Licht: 0","129087","3","6","3","06","17","2","","0","0","1","0","1"
"POINT (13.376550719000022 52.509407847000034)","Unfall 129088 (2023) Kat:3, Licht: 0","129088","3","2","5","06","08","2","","0","1","1","0","0"
"POINT (13.453757991000032 52.515643022000063)","Unfall 129089 (2023) Kat:3, Licht: 0","129089","3","2","5","06","18","2","","0","1","0","0","0"
"POINT (13.419726398000023 52.525297270000067)","Unfall 129090 (2023) Kat:3, Licht: 0","129090","3","2","5","06","18","1","","0","0","1","0","0"
"POINT (13.481681195000021 52.513078215000064)","Unfall 129091 (2023) Kat:2, Licht: 0","129091","2","2","5","06","17","1","","0","0","1","0","0"
"POINT (13.513690304000022 52.510204851000026)","Unfall 129092 (2023) Kat:3, Licht: 0","129092","3","6","3","06","17","1","","0","0","1","0","0"
"POINT (13.461059681000052 52.494132178000029)","Unfall 129093 (2023) Kat:3, Licht: 0","129093","3","4","6","06","13","1","","0","1","0","1","0"
"POINT (13.553375065000068 52.509345824000036)","Unfall 129094 (2023) Kat:3, Licht: 0","129094","3","2","5","06","10","1","","0","1","1","0","0"
"POINT (13.361572243000069 52.496731074000081)","Unfall 129095 (2023) Kat:3, Licht: 0","129095","3","7","6","06","17","7","","0","0","1","1","0"
"POINT (13.363716864000025 52.565142875000049)","Unfall 129096 (2023) Kat:3, Licht: 0","129096","3","2","5","06","14","7","","0","0","1","0","0"
"POINT (13.426758128000074 52.461384868000039)","Unfall 129097 (2023) Kat:3, Licht: 1","129097","3","1","9","06","19","7","","1","0","0","0","1"
"POINT (13.368535730000076 52.540988084000048)","Unfall 129099 (2023) Kat:3, Licht: 0","129099","3","2","6","06","20","6","","0","0","1","1","0"
"POINT (13.307459538000046 52.511547911000036)","Unfall 129100 (2023) Kat:3, Licht: 0","129100","3","2","0","06","13","6","","0","1","1","0","0"
"POINT (13.477288955000063 52.513383204000036)","Unfall 129101 (2023) Kat:3, Licht: 0","129101","3","2","5","06","14","6","","0","1","1","0","0"
"POINT (13.444276506000051 52.545194434000052)","Unfall 129102 (2023) Kat:3, Licht: 0","129102","3","7","2","06","16","6","","0","0","1","0","1"
"POINT (13.341730959000074 52.478621240000052)","Unfall 129103 (2023) Kat:3, Licht: 0","129103","3","6","2","06","10","6","","0","0","1","0","0"
"POINT (13.447940174000053 52.504070667000065)","Unfall 129104 (2023) Kat:3, Licht: 0","129104","3","4","6","06","09","6","","0","1","0","1","0"
"POINT (13.375607641000045 52.429133358000058)","Unfall 129105 (2023) Kat:3, Licht: 0","129105","3","3","5","06","08","6","","0","1","1","0","0"
"POINT (13.476732535000053 52.513436456000079)","Unfall 129107 (2023) Kat:3, Licht: 1","129107","3","2","6","06","19","5","","1","0","1","1","0"
"POINT (13.453993306000029 52.515137546000062)","Unfall 129109 (2023) Kat:3, Licht: 0","129109","3","6","3","06","15","5","","0","1","1","0","0"
"POINT (13.385498071000029 52.469553669000049)","Unfall 129110 (2023) Kat:3, Licht: 2","129110","3","3","5","06","00","5","","2","0","1","0","0"
"POINT (13.285301836000031 52.511117036000030)","Unfall 129112 (2023) Kat:3, Licht: 0","129112","3","3","0","06","16","5","","0","0","1","0","0"
"POINT (13.419524500000023 52.525114313000074)","Unfall 129113 (2023) Kat:3, Licht: 1","129113","3","2","5","06","20","5","","1","1","1","0","0"
"POINT (13.281523552000067 52.510073969000075)","Unfall 129114 (2023) Kat:2, Licht: 0","129114","2","3","5","06","14","5","","0","1","1","0","0"
"POINT (13.281508409000025 52.507870104000062)","Unfall 129116 (2023) Kat:3, Licht: 0","129116","3","1","0","06","17","4","","0","0","0","0","1"
"POINT (13.364650161000043 52.501879999000039)","Unfall 129117 (2023) Kat:3, Licht: 0","129117","3","2","5","06","16","4","","0","0","1","0","1"
"POINT (13.384569986000031 52.452719744000035)","Unfall 129119 (2023) Kat:3, Licht: 0","129119","3","2","5","06","13","4","","0","0","1","0","1"
"POINT (13.536910821000049 52.530075376000070)","Unfall 129121 (2023) Kat:2, Licht: 0","129121","2","2","0","06","15","4","","0","0","1","0","1"
"POINT (13.411974380000061 52.541148136000061)","Unfall 129122 (2023) Kat:3, Licht: 0","129122","3","2","6","06","13","4","","0","0","1","1","0"
"POINT (13.316197924000051 52.617295530000035)","Unfall 129123 (2023) Kat:2, Licht: 0","129123","2","1","0","06","12","4","","0","0","1","0","1"
"POINT (13.448787903000039 52.505335434000074)","Unfall 129124 (2023) Kat:3, Licht: 0","129124","3","4","2","06","18","3","","0","1","0","1","0"
"POINT (13.385624690000043 52.474541145000046)","Unfall 129125 (2023) Kat:3, Licht: 2","129125","3","5","1","12","19","2","","2","0","1","0","0"
"POINT (13.464666456000032 52.450261473000069)","Unfall 129126 (2023) Kat:3, Licht: 0","129126","3","6","2","06","07","3","","0","0","1","0","0"
"POINT (13.276189559000045 52.439928003000034)","Unfall 129127 (2023) Kat:3, Licht: 0","129127","3","3","5","06","15","3","","0","0","1","0","0"
"POINT (13.333568972000023 52.593881644000078)","Unfall 129129 (2023) Kat:3, Licht: 0","129129","3","6","2","06","13","3","","0","0","1","0","0"
"POINT (13.416423673000054 52.522226274000047)","Unfall 129130 (2023) Kat:3, Licht: 0","129130","3","2","5","06","08","3","","0","1","1","0","0"
"POINT (13.285926919000076 52.510692192000079)","Unfall 129131 (2023) Kat:3, Licht: 0","129131","3","6","2","06","16","3","","0","0","1","0","0"
"POINT (13.520086104000029 52.426420724000081)","Unfall 129132 (2023) Kat:3, Licht: 0","129132","3","6","3","06","14","3","","0","0","1","0","0"
"POINT (13.325012817000072 52.606562404000044)","Unfall 129134 (2023) Kat:3, Licht: 0","129134","3","2","5","06","15","2","","0","1","1","0","0"
"POINT (13.191382203000046 52.514162533000047)","Unfall 129135 (2023) Kat:3, Licht: 0","129135","3","6","2","06","10","2","","0","0","0","0","1"
"POINT (13.353733314000067 52.484748391000039)","Unfall 129136 (2023) Kat:3, Licht: 0","129136","3","5","1","06","13","2","","0","1","1","0","0"
"POINT (13.314281907000066 52.479216037000072)","Unfall 129137 (2023) Kat:2, Licht: 0","129137","2","6","2","06","19","2","","0","0","1","0","0"
"POINT (13.355826479000029 52.477843707000034)","Unfall 129138 (2023) Kat:3, Licht: 0","129138","3","3","5","06","17","2","","0","1","1","0","0"
"POINT (13.509127294000052 52.457064887000058)","Unfall 129139 (2023) Kat:3, Licht: 0","129139","3","6","3","09","17","6","","0","0","1","0","0"
"POINT (13.410168287000033 52.562169835000077)","Unfall 129140 (2023) Kat:2, Licht: 0","129140","2","4","6","06","14","2","","0","0","1","1","0"
"POINT (13.382557214000030 52.509903981000036)","Unfall 129141 (2023) Kat:3, Licht: 0","129141","3","6","2","06","12","2","","0","0","1","0","1"
"POINT (13.493058241000028 52.467847492000033)","Unfall 129142 (2023) Kat:3, Licht: 0","129142","3","2","0","06","16","1","","0","1","1","0","0"
"POINT (13.378294997000069 52.434824697000067)","Unfall 129143 (2023) Kat:3, Licht: 0","129143","3","2","5","06","18","1","","0","0","1","0","0"
"POINT (13.301650422000023 52.643082042000060)","Unfall 129144 (2023) Kat:3, Licht: 0","129144","3","1","0","06","18","1","","0","0","0","0","1"
"POINT (13.249955625000041 52.507997331000070)","Unfall 129145 (2023) Kat:3, Licht: 0","129145","3","6","2","10","12","1","","0","0","1","0","0"
"POINT (13.419652994000046 52.525231161000079)","Unfall 129146 (2023) Kat:2, Licht: 0","129146","2","3","5","06","10","7","","0","1","1","0","0"
"POINT (13.240780523000069 52.507437617000051)","Unfall 129147 (2023) Kat:3, Licht: 0","129147","3","5","1","06","09","6","","0","1","1","0","0"
"POINT (13.305733189000023 52.483759649000035)","Unfall 129149 (2023) Kat:3, Licht: 0","129149","3","6","2","06","13","6","","0","0","1","0","0"
"POINT (13.488303316000042 52.512409931000036)","Unfall 129150 (2023) Kat:3, Licht: 0","129150","3","2","5","06","08","6","","0","1","1","0","0"
"POINT (13.399393211000074 52.417359869000052)","Unfall 129151 (2023) Kat:3, Licht: 0","129151","3","3","5","06","13","6","","0","0","1","0","0"
"POINT (13.402983711000047 52.597438305000026)","Unfall 129152 (2023) Kat:3, Licht: 0","129152","3","3","0","09","18","7","","0","0","1","0","0"
"POINT (13.379833973000075 52.509727347000080)","Unfall 129153 (2023) Kat:3, Licht: 0","129153","3","1","0","06","18","5","","0","0","0","0","1"
"POINT (13.398151635000033 52.571105958000032)","Unfall 129156 (2023) Kat:3, Licht: 0","129156","3","2","5","06","13","5","","0","0","1","0","0"
"POINT (13.364277604000051 52.563297278000050)","Unfall 129157 (2023) Kat:3, Licht: 0","129157","3","5","1","06","07","5","","0","1","1","0","0"
"POINT (13.281242200000065 52.499104992000071)","Unfall 129158 (2023) Kat:3, Licht: 0","129158","3","6","2","06","16","5","","0","0","1","0","0"
"POINT (13.283846352000069 52.507481983000048)","Unfall 129159 (2023) Kat:3, Licht: 0","129159","3","6","2","06","13","4","","0","0","1","0","0"
"POINT (13.415603767000050 52.379345622000073)","Unfall 129160 (2023) Kat:2, Licht: 0","129160","2","4","6","06","17","4","","0","1","0","1","0"
"POINT (13.430929043000049 52.518085335000080)","Unfall 129161 (2023) Kat:3, Licht: 2","129161","3","6","3","06","22","4","","2","1","0","0","0"
"POINT (13.359482683000067 52.489714254000035)","Unfall 129163 (2023) Kat:3, Licht: 0","129163","3","5","1","06","18","4","","0","1","1","0","0"
"POINT (13.313338547000058 52.620901196000034)","Unfall 129164 (2023) Kat:3, Licht: 0","129164","3","2","5","06","16","4","","0","0","1","0","1"
"POINT (13.413915833000033 52.549661771000046)","Unfall 129165 (2023) Kat:3, Licht: 0","129165","3","4","6","06","13","4","","0","0","0","1","0"
"POINT (13.384878276000052 52.461405059000072)","Unfall 129166 (2023) Kat:3, Licht: 0","129166","3","2","5","06","09","4","","0","1","1","0","0"
"POINT (13.368744420000041 52.541143731000034)","Unfall 129167 (2023) Kat:3, Licht: 0","129167","3","2","5","06","19","3","","0","1","1","0","0"
"POINT (13.369536374000063 52.507884894000028)","Unfall 129169 (2023) Kat:3, Licht: 2","129169","3","6","2","06","23","3","","2","1","1","0","0"
"POINT (13.452507966000042 52.548717518000046)","Unfall 129170 (2023) Kat:3, Licht: 0","129170","3","4","6","06","16","3","","0","0","0","1","1"
"POINT (13.590653065000026 52.505091203000063)","Unfall 129171 (2023) Kat:3, Licht: 0","129171","3","2","6","06","10","3","","0","0","0","1","0"
"POINT (13.432554582000023 52.535571029000039)","Unfall 129172 (2023) Kat:3, Licht: 0","129172","3","6","4","06","15","3","","0","1","0","0","0"
"POINT (13.412320286000067 52.541069412000070)","Unfall 129174 (2023) Kat:3, Licht: 0","129174","3","2","5","06","15","3","","0","1","0","0","0"
"POINT (13.416756061000058 52.522075193000035)","Unfall 129176 (2023) Kat:3, Licht: 0","129176","3","6","2","06","13","3","","0","0","1","0","0"
"POINT (13.446918500000038 52.463230457000066)","Unfall 129177 (2023) Kat:2, Licht: 0","129177","2","6","2","06","10","3","","0","0","1","0","0"
"POINT (13.403442566000024 52.569394647000081)","Unfall 129178 (2023) Kat:3, Licht: 1","129178","3","7","2","08","20","5","","1","0","1","0","1"
"POINT (13.305479932000026 52.571200083000065)","Unfall 129179 (2023) Kat:3, Licht: 0","129179","3","6","2","06","07","3","","0","0","1","0","0"
"POINT (13.402788452000038 52.593162068000026)","Unfall 129180 (2023) Kat:3, Licht: 0","129180","3","3","5","06","15","3","","0","0","1","0","1"
"POINT (13.578047536000042 52.505164738000076)","Unfall 129181 (2023) Kat:2, Licht: 0","129181","2","3","5","06","10","2","","0","1","1","0","0"
"POINT (13.476449248000051 52.568125142000042)","Unfall 129182 (2023) Kat:2, Licht: 0","129182","2","3","5","06","10","2","","0","1","1","0","0"
"POINT (13.606413353000050 52.504825403000041)","Unfall 129183 (2023) Kat:3, Licht: 0","129183","3","1","9","06","07","2","","0","0","1","0","0"
"POINT (13.453728594000040 52.515972061000070)","Unfall 129184 (2023) Kat:3, Licht: 0","129184","3","2","5","06","19","1","","0","1","1","0","0"