WKT,Name,OBJECTID,UKATEGORIE,UTYP1,UART,UMONAT,USTUNDE,UWOCHENTAG,STRZUSTAND,ULICHTVERH,ISTRAD,ISTPKW,ISTFUSS,ISTKRAD
"POINT (13.348567916000036 52.481865689000074)","Unfall 129186 (2023) Kat:3, Licht: 0","129186","3","2","5","06","17","7","","0","1","1","0","0"
"POINT (13.541243753000060 52.521616747000053)","Unfall 129187 (2023) Kat:2, Licht: 0","129187","2","7","0","06","17","7","","0","1","0","0","0"
"POINT (13.303257627000050 52.534669362000045)","Unfall 129188 (2023) Kat:2, Licht: 0","129188","2","6","2","06","14","7","","0","0","1","0","0"
"POINT (13.242170802000032 52.627314250000040)","Unfall 129189 (2023) Kat:3, Licht: 0","129189","3","6","2","08","09","5","","0","0","1","0","0"
"POINT (13.369367181000030 52.540470225000035)","Unfall 129190 (2023) Kat:3, Licht: 0","129190","3","6","4","06","17","7","","0","1","0","0","0"
"POINT (13.247977371000047 52.614517565000028)","Unfall 129192 (2023) Kat:3, Licht: 0","129192","3","2","5","06","15","7","","0","1","1","0","0"
"POINT (13.295147477000057 52.491294125000081)","Unfall 129193 (2023) Kat:3, Licht: 0","129193","3","6","2","06","15","6","","0","0","1","0","0"
"POINT (13.390098059000024 52.517228599000077)","Unfall 129195 (2023) Kat:3, Licht: 0","129195","3","6","3","06","12","6","","0","1","0","0","0"
"POINT (13.394913927000061 52.425252412000077)","Unfall 129196 (2023) Kat:3, Licht: 0","129196","3","4","6","06","14","6","","0","0","1","1","0"
"POINT (13.453733603000046 52.515957713000034)","Unfall 129197 (2023) Kat:3, Licht: 0","129197","3","6","3","06","19","1","","0","1","1","0","0"
"POINT (13.365086731000076 52.415654901000039)","Unfall 129198 (2023) Kat:2, Licht: 0","129198","2","7","5","06","10","6","","0","0","1","0","1"
"POINT (13.306305571000053 52.482364539000059)","Unfall 129199 (2023) Kat:3, Licht: 0","129199","3","6","2","06","14","6","","0","0","1","0","0"
"POINT (13.352133033000030 52.480103141000029)","Unfall 129200 (2023) Kat:3, Licht: 0","129200","3","6","2","06","12","6","","0","0","0","0","0"
"POINT (13.358874975000049 52.573424463000038)","Unfall 129201 (2023) Kat:3, Licht: 1","129201","3","2","6","11","07","2","","1","0","1","1","0"
"POINT (13.305323229000066 52.511600184000031)","Unfall 129202 (2023) Kat:3, Licht: 0","129202","3","2","5","06","16","5","","0","1","1","0","0"
"POINT (13.454995536000069 52.500473071000044)","Unfall 129203 (2023) Kat:3, Licht: 1","129203","3","1","8","06","06","5","","1","0","1","0","0"
"POINT (13.453749300000027 52.515912758000070)","Unfall 129204 (2023) Kat:3, Licht: 2","129204","3","6","0","06","23","5","","2","1","0","0","0"
"POINT (13.535229709000077 52.510303051000051)","Unfall 129205 (2023) Kat:3, Licht: 0","129205","3","3","5","06","14","5","","0","1","1","0","0"
"POINT (13.360933351000028 52.492860261000033)","Unfall 129206 (2023) Kat:3, Licht: 0","129206","3","5","1","09","18","5","","0","0","1","0","1"
"POINT (13.518760889000077 52.510436341000059)","Unfall 129207 (2023) Kat:3, Licht: 0","129207","3","3","0","06","19","5","","0","1","1","0","0"
"POINT (13.303698630000042 52.551660570000081)","Unfall 129208 (2023) Kat:3, Licht: 0","129208","3","6","2","06","16","5","","0","0","1","0","0"
"POINT (13.368960069000025 52.548681612000053)","Unfall 129209 (2023) Kat:3, Licht: 0","129209","3","7","2","06","09","5","","0","1","1","0","0"
"POINT (13.301651449000076 52.511359975000062)","Unfall 129210 (2023) Kat:3, Licht: 0","129210","3","2","2","05","17","4","","0","0","1","0","0"
"POINT (13.431134713000063 52.536694306000072)","Unfall 129212 (2023) Kat:3, Licht: 0","129212","3","4","6","05","14","4","","0","1","0","1","0"
"POINT (13.377804383000068 52.433800547000033)","Unfall 129213 (2023) Kat:3, Licht: 0","129213","3","3","2","05","17","4","","0","0","1","0","0"
"POINT (13.307839818000048 52.511572593000039)","Unfall 129214 (2023) Kat:2, Licht: 0","129214","2","6","3","05","11","4","","0","1","0","0","0"
"POINT (13.305234244000076 52.511405042000035)","Unfall 129215 (2023) Kat:2, Licht: 0","129215","2","2","5","05","18","4","","0","0","1","0","1"
"POINT (13.310359885000025 52.565227185000026)","Unfall 129216 (2023) Kat:3, Licht: 0","129216","3","1","0","05","15","4","","0","0","0","0","1"
"POINT (13.395947750000062 52.423455018000027)","Unfall 129217 (2023) Kat:3, Licht: 0","129217","3","6","2","05","08","4","","0","0","0","0","1"
"POINT (13.393121024000038 52.429047099000059)","Unfall 129219 (2023) Kat:2, Licht: 0","129219","2","5","1","05","05","4","","0","0","1","0","1"
"POINT (13.281080935000034 52.498956025000041)","Unfall 129220 (2023) Kat:3, Licht: 0","129220","3","6","2","05","15","3","","0","0","1","0","1"
"POINT (13.440275926000027 52.542189533000055)","Unfall 129221 (2023) Kat:3, Licht: 0","129221","3","6","2","05","14","3","","0","0","1","0","0"
"POINT (13.419866138000032 52.525424454000074)","Unfall 129222 (2023) Kat:3, Licht: 0","129222","3","2","5","05","14","3","","0","1","1","0","0"
"POINT (13.557038268000042 52.560757354000032)","Unfall 129223 (2023) Kat:2, Licht: 0","129223","2","6","3","10","09","2","","0","0","1","0","0"
"POINT (13.447484550000070 52.503498097000033)","Unfall 129224 (2023) Kat:3, Licht: 2","129224","3","4","6","09","23","7","","2","1","0","1","0"
"POINT (13.258481343000028 52.508532360000061)","Unfall 129225 (2023) Kat:3, Licht: 0","129225","3","3","5","05","17","3","","0","1","0","0","0"
"POINT (13.396343928000022 52.423368202000063)","Unfall 129226 (2023) Kat:2, Licht: 0","129226","2","2","5","05","11","3","","0","0","1","0","1"
"POINT (13.385885010000038 52.475563720000082)","Unfall 129227 (2023) Kat:3, Licht: 0","129227","3","5","1","05","12","3","","0","0","1","0","0"
"POINT (13.466933776000076 52.514571388000036)","Unfall 129229 (2023) Kat:2, Licht: 0","129229","2","6","3","05","16","3","","0","1","0","0","0"
"POINT (13.323414582000055 52.608093625000038)","Unfall 129230 (2023) Kat:2, Licht: 0","129230","2","3","5","05","16","3","","0","1","1","0","0"
"POINT (13.386118330000045 52.443409779000035)","Unfall 129231 (2023) Kat:3, Licht: 0","129231","3","4","6","05","09","3","","0","1","0","1","0"
"POINT (13.193171940000070 52.513802017000046)","Unfall 129232 (2023) Kat:3, Licht: 0","129232","3","6","2","05","13","3","","0","0","1","0","0"
"POINT (13.540508298000077 52.509988725000028)","Unfall 129233 (2023) Kat:3, Licht: 2","129233","3","5","1","05","22","2","","2","1","1","0","0"
"POINT (13.438868313000057 52.540980680000075)","Unfall 129234 (2023) Kat:3, Licht: 0","129234","3","4","6","05","15","2","","0","0","0","1","0"
"POINT (13.348841699000047 52.481667370000082)","Unfall 129235 (2023) Kat:3, Licht: 0","129235","3","6","0","05","15","2","","0","0","1","0","0"
"POINT (13.524010539000074 52.509982958000080)","Unfall 129236 (2023) Kat:3, Licht: 0","129236","3","2","5","05","18","2","","0","1","1","0","0"
"POINT (13.426436140000021 52.538303658000075)","Unfall 129237 (2023) Kat:3, Licht: 2","129237","3","3","5","05","23","1","","2","0","0","0","0"
"POINT (13.447550521000039 52.526243036000039)","Unfall 129238 (2023) Kat:3, Licht: 0","129238","3","2","5","05","14","1","","0","0","1","0","0"
"POINT (13.459445507000055 52.492882444000031)","Unfall 129239 (2023) Kat:3, Licht: 2","129239","3","3","5","05","22","1","","2","0","1","0","0"
"POINT (13.354370133000032 52.485076337000066)","Unfall 129240 (2023) Kat:3, Licht: 0","129240","3","6","2","05","13","1","","0","0","1","0","0"
"POINT (13.297337469000070 52.510886429000038)","Unfall 129241 (2023) Kat:2, Licht: 0","129241","2","7","0","05","07","1","","0","0","0","0","0"
"POINT (13.396169900000075 52.423671318000061)","Unfall 129242 (2023) Kat:3, Licht: 2","129242","3","7","0","05","01","1","","2","1","0","0","0"
"POINT (13.258455186000049 52.508530842000027)","Unfall 129243 (2023) Kat:3, Licht: 0","129243","3","7","6","05","20","1","","0","1","0","1","0"
"POINT (13.362493770000071 52.498918193000065)","Unfall 129245 (2023) Kat:3, Licht: 0","129245","3","6","2","05","14","1","","0","0","1","0","0"
"POINT (13.419734373000040 52.525304592000055)","Unfall 129246 (2023) Kat:3, Licht: 0","129246","3","6","2","05","09","1","","0","0","1","0","1"
"POINT (13.447462745000053 52.526366897000059)","Unfall 129247 (2023) Kat:2, Licht: 0","129247","2","4","6","05","17","7","","0","0","1","1","0"
"POINT (13.305461020000052 52.571944761000054)","Unfall 129249 (2023) Kat:3, Licht: 0","129249","3","6","3","05","19","7","","0","0","0","0","1"
"POINT (13.448200561000021 52.504441744000076)","Unfall 129250 (2023) Kat:3, Licht: 2","129250","3","7","6","05","23","7","","2","1","0","1","0"
"POINT (13.461127371000032 52.498536152000042)","Unfall 129251 (2023) Kat:2, Licht: 0","129251","2","6","0","05","18","6","","0","0","1","0","1"
"POINT (13.390780246000077 52.432526778000067)","Unfall 129253 (2023) Kat:3, Licht: 0","129253","3","6","3","05","18","6","","0","0","1","0","0"
"POINT (13.379975636000040 52.437240147000068)","Unfall 129254 (2023) Kat:3, Licht: 0","129254","3","6","4","05","19","6","","0","0","1","0","1"
"POINT (13.385357738000039 52.463449297000068)","Unfall 129255 (2023) Kat:3, Licht: 0","129255","3","6","3","10","16","5","","0","1","0","0","0"
"POINT (13.385759943000039 52.470035984000049)","Unfall 129256 (2023) Kat:3, Licht: 0","129256","3","3","0","05","15","6","","0","1","1","0","0"
"POINT (13.418780257000037 52.524419791000071)","Unfall 129257 (2023) Kat:3, Licht: 0","129257","3","6","3","05","14","6","","0","0","1","0","1"
"POINT (13.267807305000076 52.509090172000072)","Unfall 129258 (2023) Kat:3, Licht: 0","129258","3","7","1","05","12","6","","0","0","1","0","0"
"POINT (13.613302175000058 52.504895476000058)","Unfall 129259 (2023) Kat:3, Licht: 0","129259","3","4","6","05","16","6","","0","0","1","1","0"
"POINT (13.364074354000024 52.564466739000068)","Unfall 129262 (2023) Kat:3, Licht: 0","129262","3","2","5","05","15","6","","0","1","1","0","0"
"POINT (13.427010601000063 52.518726777000040)","Unfall 129263 (2023) Kat:2, Licht: 0","129263","2","6","3","05","12","6","","0","0","1","0","1"
"POINT (13.377793819000033 52.433778474000064)","Unfall 129264 (2023) Kat:3, Licht: 0","129264","3","3","5","05","10","6","","0","0","1","0","1"
"POINT (13.303409739000074 52.449144488000059)","Unfall 129265 (2023) Kat:3, Licht: 0","129265","3","6","3","05","12","5","","0","1","1","0","0"
"POINT (13.158697112000027 52.419506116000036)","Unfall 129266 (2023) Kat:3, Licht: 0","129266","3","2","5","05","10","5","","0","1","1","0","0"
"POINT (13.513398788000075 52.454153351000059)","Unfall 129267 (2023) Kat:3, Licht: 0","129267","3","3","5","05","09","5","","0","1","1","0","0"
"POINT (13.435411640000041 52.517760269000064)","Unfall 129268 (2023) Kat:3, Licht: 0","129268","3","5","1","05","14","5","","0","0","1","0","0"
"POINT (13.339579282000045 52.478551001000028)","Unfall 129269 (2023) Kat:3, Licht: 0","129269","3","6","2","05","14","5","","0","0","1","0","0"
"POINT (13.504454807000059 52.510654689000035)","Unfall 129270 (2023) Kat:3, Licht: 0","129270","3","1","0","09","09","5","","0","0","0","0","1"
"POINT (13.612904935000074 52.504768950000027)","Unfall 129271 (2023) Kat:2, Licht: 0","129271","2","6","3","06","16","5","","0","0","1","0","0"
"POINT (13.386881737000067 52.438874842000075)","Unfall 129272 (2023) Kat:3, Licht: 0","129272","3","2","5","05","06","5","","0","1","0","0","0"
"POINT (13.368100165000044 52.505852188000063)","Unfall 129274 (2023) Kat:2, Licht: 2","129274","2","3","5","05","03","5","","2","0","1","0","0"
"POINT (13.466584162000061 52.514460334000034)","Unfall 129275 (2023) Kat:3, Licht: 0","129275","3","7","2","05","17","4","","0","1","1","0","0"
"POINT (13.343235836000076 52.513967198000046)","Unfall 129276 (2023) Kat:3, Licht: 1","129276","3","1","9","05","07","3","","1","1","0","0","0"
"POINT (13.404934755000056 52.519968051000035)","Unfall 129277 (2023) Kat:3, Licht: 0","129277","3","2","0","05","16","3","","0","0","1","0","0"
"POINT (13.312070094000035 52.512040568000032)","Unfall 129278 (2023) Kat:2, Licht: 0","129278","2","4","6","05","15","3","","0","1","1","1","0"
"POINT (13.299205676000042 52.546190866000074)","Unfall 129279 (2023) Kat:3, Licht: 0","129279","3","6","2","05","14","3","","0","0","1","0","0"
"POINT (13.285665817000051 52.515697708000062)","Unfall 129280 (2023) Kat:3, Licht: 0","129280","3","6","2","05","14","3","","0","0","1","0","0"
"POINT (13.388820550000048 52.497632139000075)","Unfall 129281 (2023) Kat:3, Licht: 2","129281","3","3","5","05","22","2","","2","0","1","0","0"
"POINT (13.451476758000069 52.509510680000062)","Unfall 129283 (2023) Kat:3, Licht: 0","129283","3","2","5","05","16","2","","0","1","1","0","0"
"POINT (13.280118072000050 52.500909732000082)","Unfall 129284 (2023) Kat:3, Licht: 0","129284","3","6","2","05","09","2","","0","0","1","0","0"
"POINT (13.159342014000060 52.419575587000054)","Unfall 129285 (2023) Kat:3, Licht: 0","129285","3","2","5","05","08","2","","0","1","1","0","0"
"POINT (13.413958332000050 52.549912545000041)","Unfall 129287 (2023) Kat:2, Licht: 0","129287","2","4","6","05","10","2","","0","1","0","1","0"
"POINT (13.437080836000064 52.588560990000076)","Unfall 129288 (2023) Kat:3, Licht: 0","129288","3","5","1","05","14","2","","0","0","1","0","0"
"POINT (13.374013244000025 52.470087791000026)","Unfall 129289 (2023) Kat:3, Licht: 0","129289","3","1","8","05","18","2","","0","0","1","0","0"
"POINT (13.368372789000034 52.541126786000063)","Unfall 129291 (2023) Kat:3, Licht: 0","129291","3","2","5","05","14","1","","0","0","1","0","0"
"POINT (13.347643143000028 52.574363595000079)","Unfall 129292 (2023) Kat:3, Licht: 0","129292","3","2","3","05","07","1","","0","0","1","0","1"
"POINT (13.165559197000050 52.420232819000034)","Unfall 129293 (2023) Kat:3, Licht: 2","129293","3","2","5","11","19","1","","2","1","1","0","0"
"POINT (13.385740679000037 52.469456751000052)","Unfall 129294 (2023) Kat:3, Licht: 0","129294","3","1","0","05","11","1","","0","0","0","0","1"
"POINT (13.289731378000056 52.533363454000039)","Unfall 129295 (2023) Kat:3, Licht: 0","129295","3","1","0","05","13","7","","0","0","0","0","1"
"POINT (13.419094282000060 52.539887991000057)","Unfall 129297 (2023) Kat:3, Licht: 0","129297","3","6","2","05","13","7","","0","0","0","0","1"
"POINT (13.387070857000026 52.441097416000048)","Unfall 129298 (2023) Kat:3, Licht: 0","129298","3","6","3","05","11","7","","0","0","1","0","1"
"POINT (13.289187970000057 52.510554847000037)","Unfall 129299 (2023) Kat:3, Licht: 0","129299","3","2","5","05","16","7","","0","0","1","0","0"
"POINT (13.350128618000042 52.483175753000069)","Unfall 129301 (2023) Kat:2, Licht: 2","129301","2","6","3","05","21","7","","2","1","1","0","0"
"POINT (13.365487798000061 52.558045626000080)","Unfall 129302 (2023) Kat:3, Licht: 0","129302","3","3","5","05","14","7","","0","0","1","0","1"
"POINT (13.447481528000026 52.463177802000075)","Unfall 129304 (2023) Kat:2, Licht: 0","129304","2","6","2","05","06","6","","0","0","0","0","0"
"POINT (13.382756787000062 52.499253938000038)","Unfall 129306 (2023) Kat:3, Licht: 0","129306","3","6","3","05","14","6","","0","0","1","0","1"
"POINT (13.388906490000068 52.497786614000063)","Unfall 129307 (2023) Kat:3, Licht: 0","129307","3","1","0","05","16","6","","0","0","0","0","1"
"POINT (13.159663440000031 52.419519036000054)","Unfall 129308 (2023) Kat:3, Licht: 0","129308","3","3","5","05","15","6","","0","1","1","0","0"
"POINT (13.455311531000063 52.464312069000073)","Unfall 129309 (2023) Kat:3, Licht: 0","129309","3","1","8","05","06","6","","0","0","1","0","0"
"POINT (13.311621361000050 52.626638423000031)","Unfall 129310 (2023) Kat:3, Licht: 0","129310","3","2","5","05","19","5","","0","1","0","0","0"
"POINT (13.388844908000067 52.498115075000044)","Unfall 129311 (2023) Kat:3, Licht: 2","129311","3","2","5","05","22","5","","2","0","1","0","0"
"POINT (13.420136581000065 52.525118675000044)","Unfall 129312 (2023) Kat:3, Licht: 0","129312","3","6","2","05","20","5","","0","0","1","0","1"
"POINT (13.315951767000058 52.612375523000026)","Unfall 129314 (2023) Kat:3, Licht: 0","129314","3","6","2","05","14","5","","0","1","1","0","0"
"POINT (13.369489140000042 52.529037801000072)","Unfall 129317 (2023) Kat:3, Licht: 2","129317","3","2","5","09","01","7","","2","0","1","0","0"
"POINT (13.310238119000076 52.451685276000035)","Unfall 129318 (2023) Kat:3, Licht: 0","129318","3","6","2","05","13","4","","0","0","1","0","0"
"POINT (13.418913214000042 52.521356252000032)","Unfall 129319 (2023) Kat:3, Licht: 0","129319","3","7","2","05","13","4","","0","0","1","0","0"
"POINT (13.345836645000077 52.477723875000038)","Unfall 129320 (2023) Kat:3, Licht: 0","129320","3","6","2","05","11","4","","0","0","1","0","0"
"POINT (13.384020880000037 52.456086230000039)","Unfall 129321 (2023) Kat:3, Licht: 1","129321","3","7","6","05","18","3","","1","0","0","1","0"
"POINT (13.416756061000058 52.522075193000035)","Unfall 129323 (2023) Kat:3, Licht: 0","129323","3","3","5","05","10","3","","0","0","1","0","1"
"POINT (13.410892262000061 52.523083624000037)","Unfall 129324 (2023) Kat:2, Licht: 0","129324","2","6","3","05","16","3","","0","1","1","0","0"
"POINT (13.348055541000065 52.574221165000040)","Unfall 129325 (2023) Kat:3, Licht: 0","129325","3","6","2","05","15","3","","0","0","1","0","0"
"POINT (13.423768308000035 52.528044011000077)","Unfall 129327 (2023) Kat:3, Licht: 2","129327","3","6","3","05","22","2","","2","1","1","0","0"
"POINT (13.439076818000046 52.541558091000070)","Unfall 129328 (2023) Kat:3, Licht: 0","129328","3","6","2","05","18","2","","0","0","1","0","0"
"POINT (13.321190006000052 52.537221100000068)","Unfall 129329 (2023) Kat:3, Licht: 0","129329","3","6","2","05","15","2","","0","0","1","0","0"
"POINT (13.283304888000032 52.529403499000068)","Unfall 129330 (2023) Kat:2, Licht: 0","129330","2","6","3","05","13","2","","0","0","1","0","0"
"POINT (13.353741211000056 52.485001840000052)","Unfall 129332 (2023) Kat:3, Licht: 0","129332","3","6","2","05","14","1","","0","0","1","0","0"
"POINT (13.403959279000048 52.409886923000045)","Unfall 129333 (2023) Kat:3, Licht: 0","129333","3","6","2","05","18","1","","0","0","1","0","0"
"POINT (13.388831640000035 52.498090912000066)","Unfall 129335 (2023) Kat:3, Licht: 2","129335","3","3","5","05","00","1","","2","0","1","0","0"
"POINT (13.368081606000032 52.505821109000067)","Unfall 129336 (2023) Kat:3, Licht: 0","129336","3","3","5","05","05","1","","0","0","1","0","0"
"POINT (13.411270612000067 52.385415937000062)","Unfall 129337 (2023) Kat:3, Licht: 0","129337","3","7","0","05","11","1","","0","0","1","0","0"
"POINT (13.309207309000044 52.565835594000077)","Unfall 129338 (2023) Kat:3, Licht: 1","129338","3","7","0","05","20","7","","1","0","1","0","0"
"POINT (13.421535920000053 52.539700496000080)","Unfall 129339 (2023) Kat:3, Licht: 1","129339","3","2","5","05","20","7","","1","1","1","0","0"
"POINT (13.306218512000044 52.511659770000051)","Unfall 129341 (2023) Kat:3, Licht: 0","129341","3","6","2","05","13","7","","0","0","1","0","0"
"POINT (13.249332350000032 52.507959274000029)","Unfall 129342 (2023) Kat:3, Licht: 0","129342","3","6","2","05","13","7","","0","0","1","0","0"
"POINT (13.550161357000036 52.509307439000054)","Unfall 129344 (2023) Kat:3, Licht: 0","129344","3","6","2","05","10","7","","0","0","1","0","0"
"POINT (13.416631088000031 52.378011633000028)","Unfall 129345 (2023) Kat:3, Licht: 2","129345","3","5","1","05","01","7","","2","0","1","0","0"
"POINT (13.476456358000064 52.568128473000058)","Unfall 129346 (2023) Kat:3, Licht: 0","129346","3","3","5","05","12","7","","0","1","1","0","0"
"POINT (13.256465999000056 52.508405406000065)","Unfall 129347 (2023) Kat:2, Licht: 0","129347","2","6","3","05","19","7","","0","0","1","0","1"
"POINT (13.469392672000026 52.514325944000063)","Unfall 129348 (2023) Kat:2, Licht: 0","129348","2","6","4","05","14","7","","0","1","0","0","0"
"POINT (13.351895756000033 52.483781246000035)","Unfall 129349 (2023) Kat:3, Licht: 0","129349","3","6","3","06","18","5","","0","1","1","0","0"
"POINT (13.438993023000023 52.541086956000072)","Unfall 129350 (2023) Kat:2, Licht: 0","129350","2","3","5","05","20","6","","0","1","1","0","0"
"POINT (13.341351463000024 52.586228817000062)","Unfall 129351 (2023) Kat:2, Licht: 0","129351","2","4","6","05","18","6","","0","0","0","1","1"
"POINT (13.384063535000053 52.454429915000048)","Unfall 129352 (2023) Kat:2, Licht: 0","129352","2","6","3","05","14","6","","0","1","0","0","0"
"POINT (13.488398839000070 52.512400447000061)","Unfall 129353 (2023) Kat:3, Licht: 0","129353","3","6","2","05","12","6","","0","0","1","0","1"
"POINT (13.388766837000048 52.498132980000037)","Unfall 129354 (2023) Kat:3, Licht: 0","129354","3","3","5","05","12","6","","0","0","1","0","0"
"POINT (13.296953141000074 52.542793350000068)","Unfall 129355 (2023) Kat:3, Licht: 0","129355","3","6","2","05","11","6","","0","0","1","0","0"
"POINT (13.387053725000044 52.491322398000079)","Unfall 129356 (2023) Kat:3, Licht: 0","129356","3","2","5","05","16","6","","0","0","1","0","1"
"POINT (13.395935666000071 52.423476316000063)","Unfall 129359 (2023) Kat:3, Licht: 2","129359","3","6","2","12","22","7","","2","0","1","0","0"
"POINT (13.384834045000048 52.451324754000041)","Unfall 129360 (2023) Kat:3, Licht: 0","129360","3","7","0","05","15","6","","0","1","0","0","0"
"POINT (13.301495096000053 52.487004955000032)","Unfall 129361 (2023) Kat:3, Licht: 0","129361","3","6","2","05","11","5","","0","0","1","0","0"
"POINT (13.620165124000039 52.504260036000062)","Unfall 129362 (2023) Kat:3, Licht: 0","129362","3","5","1","05","11","5","","0","0","0","0","0"
"POINT (13.289230188000033 52.510557510000069)","Unfall 129363 (2023) Kat:3, Licht: 0","129363","3","2","5","05","17","5","","0","0","1","0","0"
"POINT (13.355330973000036 52.485571156000049)","Unfall 129364 (2023) Kat:3, Licht: 0","129364","3","5","1","05","18","4","","0","1","0","0","0"
"POINT (13.330864822000024 52.600985945000048)","Unfall 129365 (2023) Kat:3, Licht: 0","129365","3","7","0","05","18","4","","0","0","1","0","0"
"POINT (13.459050502000025 52.492851026000039)","Unfall 129366 (2023) Kat:3, Licht: 2","129366","3","2","5","05","22","4","","2","1","0","0","0"
"POINT (13.388088433000064 52.437601084000050)","Unfall 129367 (2023) Kat:2, Licht: 0","129367","2","5","1","05","16","4","","0","1","1","0","0"
"POINT (13.365038611000045 52.559221091000040)","Unfall 129368 (2023) Kat:3, Licht: 0","129368","3","6","2","05","14","4","","0","0","1","0","0"
"POINT (13.375587630000041 52.429090876000032)","Unfall 129369 (2023) Kat:2, Licht: 0","129369","2","1","0","05","08","4","","0","0","0","0","0"
"POINT (13.414103643000033 52.550736333000032)","Unfall 129370 (2023) Kat:3, Licht: 0","129370","3","2","3","05","15","3","","0","0","1","0","0"
"POINT (13.385577205000061 52.472555151000051)","Unfall 129371 (2023) Kat:3, Licht: 0","129371","3","6","2","05","08","3","","0","0","0","0","0"
"POINT (13.473242255000059 52.566693900000075)","Unfall 129372 (2023) Kat:3, Licht: 2","129372","3","1","8","05","21","3","","2","0","1","0","0"
"POINT (13.504534058000047 52.460090046000062)","Unfall 129373 (2023) Kat:2, Licht: 0","129373","2","6","4","05","16","3","","0","1","0","0","0"
"POINT (13.611074114000075 52.504784763000032)","Unfall 129374 (2023) Kat:3, Licht: 0","129374","3","6","2","05","16","3","","0","0","1","0","0"
"POINT (13.366631948000077 52.504204811000079)","Unfall 129375 (2023) Kat:3, Licht: 0","129375","3","6","2","05","14","3","","0","0","1","0","0"
"POINT (13.410992841000052 52.518633407000038)","Unfall 129376 (2023) Kat:3, Licht: 0","129376","3","6","2","05","16","3","","0","0","1","0","1"
"POINT (13.428373808000060 52.532365102000028)","Unfall 129378 (2023) Kat:3, Licht: 0","129378","3","4","6","05","18","2","","0","1","0","1","0"
"POINT (13.353926685000033 52.478964646000065)","Unfall 129380 (2023) Kat:2, Licht: 0","129380","2","3","5","05","17","2","","0","0","1","0","1"
"POINT (13.442536388000065 52.544502150000028)","Unfall 129381 (2023) Kat:2, Licht: 0","129381","2","1","0","05","09","2","","0","0","0","0","1"
"POINT (13.389265849000026 52.497482332000061)","Unfall 129384 (2023) Kat:3, Licht: 0","129384","3","6","2","12","09","5","","0","0","1","0","0"
"POINT (13.385499375000052 52.469648827000071)","Unfall 129385 (2023) Kat:3, Licht: 0","129385","3","1","0","05","17","2","","0","1","0","0","0"
"POINT (13.413042650000023 52.545728766000082)","Unfall 129386 (2023) Kat:3, Licht: 0","129386","3","1","1","05","16","2","","0","1","1","0","0"
"POINT (13.402880359000051 52.599515177000058)","Unfall 129387 (2023) Kat:3, Licht: 0","129387","3","5","1","05","06","4","","0","0","1","0","0"
"POINT (13.299153191000073 52.511195784000051)","Unfall 129388 (2023) Kat:3, Licht: 0","129388","3","2","2","05","13","2","","0","0","1","0","0"
"POINT (13.335596406000036 52.592275714000039)","Unfall 129389 (2023) Kat:2, Licht: 0","129389","2","1","0","05","12","2","","0","0","1","0","0"
"POINT (13.455493074000060 52.500328220000029)","Unfall 129390 (2023) Kat:3, Licht: 0","129390","3","7","4","06","13","3","","0","1","0","0","0"
"POINT (13.387323422000065 52.510201700000039)","Unfall 129391 (2023) Kat:3, Licht: 0","129391","3","2","0","05","08","2","","0","1","1","0","0"
"POINT (13.420047051000040 52.525043402000051)","Unfall 129392 (2023) Kat:3, Licht: 0","129392","3","1","9","05","15","1","","0","0","1","0","0"
"POINT (13.146781281000074 52.418180789000075)","Unfall 129393 (2023) Kat:3, Licht: 0","129393","3","6","1","05","12","7","","0","1","1","0","0"
"POINT (13.399866144000043 52.570055722000063)","Unfall 129394 (2023) Kat:2, Licht: 0","129394","2","5","1","05","12","7","","0","1","1","0","0"
"POINT (13.515596580000022 52.452667588000054)","Unfall 129395 (2023) Kat:3, Licht: 0","129395","3","6","3","05","12","7","","0","0","1","0","0"
"POINT (13.411376865000022 52.518959219000067)","Unfall 129398 (2023) Kat:2, Licht: 2","129398","2","6","3","09","23","3","","2","0","1","0","0"
"POINT (13.438708120000058 52.541251587000033)","Unfall 129399 (2023) Kat:2, Licht: 0","129399","2","3","5","05","15","6","","0","1","0","0","0"
"POINT (13.359615539000060 52.489560221000033)","Unfall 129400 (2023) Kat:3, Licht: 0","129400","3","5","1","05","18","6","","0","1","1","0","0"
"POINT (13.159782271000040 52.419623012000045)","Unfall 129401 (2023) Kat:3, Licht: 0","129401","3","2","5","05","19","6","","0","1","1","0","0"
"POINT (13.412866308000048 52.383358801000043)","Unfall 129402 (2023) Kat:3, Licht: 0","129402","3","2","5","05","18","6","","0","1","1","0","0"
"POINT (13.442219010000031 52.463013578000073)","Unfall 129403 (2023) Kat:3, Licht: 2","129403","3","6","2","05","21","5","","2","0","1","0","1"
"POINT (13.404732614000068 52.519865863000064)","Unfall 129404 (2023) Kat:3, Licht: 1","129404","3","3","5","05","19","5","","1","1","1","0","0"
"POINT (13.404481911000062 52.513054812000064)","Unfall 129406 (2023) Kat:2, Licht: 0","129406","2","6","3","05","14","5","","0","0","1","0","1"
"POINT (13.484230995000075 52.512689569000031)","Unfall 129408 (2023) Kat:3, Licht: 0","129408","3","2","5","05","15","5","","0","1","1","0","0"
"POINT (13.619231665000029 52.504491942000072)","Unfall 129409 (2023) Kat:3, Licht: 0","129409","3","6","2","05","16","5","","0","0","1","0","0"