WKT,Name,OBJECTID,UKATEGORIE,UTYP1,UART,UMONAT,USTUNDE,UWOCHENTAG,STRZUSTAND,ULICHTVERH,ISTRAD,ISTPKW,ISTFUSS,ISTKRAD
"POINT (13.515358681000066 52.452832529000034)","Unfall 129411 (2023) Kat:3, Licht: 0","129411","3","4","6","05","13","5","","0","0","1","1","0"
"POINT (13.424047633000043 52.528284767000059)","Unfall 129412 (2023) Kat:3, Licht: 0","129412","3","2","5","05","20","4","","0","1","1","0","0"
"POINT (13.463224108000077 52.514802908000036)","Unfall 129413 (2023) Kat:3, Licht: 0","129413","3","2","3","05","18","4","","0","1","1","0","0"
"POINT (13.350865635000048 52.480805316000044)","Unfall 129414 (2023) Kat:3, Licht: 0","129414","3","6","2","05","16","4","","0","0","1","0","0"
"POINT (13.166824152000061 52.507822692000047)","Unfall 129415 (2023) Kat:2, Licht: 0","129415","2","3","5","05","07","4","","0","1","0","0","1"
"POINT (13.380845239000053 52.469861466000054)","Unfall 129416 (2023) Kat:3, Licht: 0","129416","3","6","2","05","16","4","","0","0","1","0","0"
"POINT (13.468494989000021 52.514263397000036)","Unfall 129417 (2023) Kat:3, Licht: 0","129417","3","4","6","05","19","4","","0","1","0","1","0"
"POINT (13.305751824000026 52.569190017000039)","Unfall 129419 (2023) Kat:3, Licht: 0","129419","3","6","2","05","10","4","","0","0","1","0","0"
"POINT (13.483731687000045 52.512739474000057)","Unfall 129421 (2023) Kat:2, Licht: 0","129421","2","6","2","05","17","3","","0","0","1","0","1"
"POINT (13.535207666000076 52.510106158000042)","Unfall 129422 (2023) Kat:3, Licht: 0","129422","3","6","2","05","15","3","","0","0","1","0","1"
"POINT (13.504153517000077 52.460342314000059)","Unfall 129425 (2023) Kat:2, Licht: 0","129425","2","1","0","05","14","3","","0","0","0","0","1"
"POINT (13.424293014000057 52.539035000000069)","Unfall 129426 (2023) Kat:3, Licht: 0","129426","3","7","0","05","16","3","","0","0","1","0","1"
"POINT (13.298747536000064 52.545625986000061)","Unfall 129427 (2023) Kat:3, Licht: 0","129427","3","6","2","05","15","3","","0","0","1","0","0"
"POINT (13.369413767000026 52.546357496000041)","Unfall 129429 (2023) Kat:3, Licht: 0","129429","3","2","5","05","09","3","","0","0","1","0","0"
"POINT (13.340743757000041 52.478634821000071)","Unfall 129430 (2023) Kat:3, Licht: 2","129430","3","6","3","05","02","2","","2","0","1","0","0"
"POINT (13.380663724000044 52.499231670000029)","Unfall 129431 (2023) Kat:2, Licht: 0","129431","2","4","6","05","16","2","","0","0","1","1","0"
"POINT (13.260339046000070 52.435158881000064)","Unfall 129433 (2023) Kat:3, Licht: 0","129433","3","3","0","05","17","2","","0","0","1","0","0"
"POINT (13.424369311000078 52.528888744000028)","Unfall 129434 (2023) Kat:3, Licht: 0","129434","3","4","6","05","14","2","","0","0","1","1","0"
"POINT (13.453762637000068 52.515849442000047)","Unfall 129435 (2023) Kat:3, Licht: 0","129435","3","2","5","04","17","1","","0","0","1","0","0"
"POINT (13.484239465000030 52.512820256000055)","Unfall 129436 (2023) Kat:3, Licht: 1","129436","3","7","6","11","16","6","","1","0","1","1","0"
"POINT (13.130365559000040 52.481241690000047)","Unfall 129437 (2023) Kat:2, Licht: 0","129437","2","1","9","04","17","1","","0","0","1","0","0"
"POINT (13.433072668000023 52.536040753000066)","Unfall 129438 (2023) Kat:3, Licht: 0","129438","3","3","5","04","11","1","","0","0","1","0","0"
"POINT (13.412315629000034 52.541011008000055)","Unfall 129439 (2023) Kat:3, Licht: 2","129439","3","2","5","04","03","1","","2","0","1","0","0"
"POINT (13.391572403000055 52.431787234000069)","Unfall 129440 (2023) Kat:3, Licht: 0","129440","3","6","2","04","11","7","","0","0","1","0","0"
"POINT (13.454221176000033 52.515823655000077)","Unfall 129441 (2023) Kat:2, Licht: 1","129441","2","1","0","04","20","7","","1","1","0","0","0"
"POINT (13.549644002000036 52.552177497000059)","Unfall 129442 (2023) Kat:3, Licht: 0","129442","3","3","6","04","10","7","","0","0","1","1","0"
"POINT (13.311823252000067 52.480695993000040)","Unfall 129444 (2023) Kat:3, Licht: 0","129444","3","6","2","04","13","6","","0","0","1","0","0"
"POINT (13.385062613000059 52.461504343000058)","Unfall 129445 (2023) Kat:3, Licht: 0","129445","3","3","0","04","07","6","","0","0","1","0","1"
"POINT (13.346550063000052 52.579454620000035)","Unfall 129446 (2023) Kat:3, Licht: 0","129446","3","2","5","04","14","6","","0","0","1","0","0"
"POINT (13.385624048000068 52.474514354000064)","Unfall 129447 (2023) Kat:3, Licht: 0","129447","3","6","2","04","14","6","","0","0","1","0","0"
"POINT (13.323931797000057 52.607753594000030)","Unfall 129448 (2023) Kat:3, Licht: 0","129448","3","2","5","04","18","5","","0","1","1","0","0"
"POINT (13.362249071000065 52.473993124000060)","Unfall 129450 (2023) Kat:2, Licht: 0","129450","2","1","0","04","15","5","","0","0","0","0","1"
"POINT (13.427926303000049 52.518916303000026)","Unfall 129451 (2023) Kat:3, Licht: 0","129451","3","6","3","04","14","5","","0","0","0","0","1"
"POINT (13.225411735000023 52.460491028000035)","Unfall 129452 (2023) Kat:3, Licht: 0","129452","3","6","2","04","15","5","","0","0","1","0","0"
"POINT (13.372095924000064 52.505096517000027)","Unfall 129453 (2023) Kat:3, Licht: 0","129453","3","3","5","12","15","7","","0","0","1","0","0"
"POINT (13.411231968000038 52.518889487000081)","Unfall 129454 (2023) Kat:3, Licht: 0","129454","3","2","5","04","08","5","","0","1","1","0","0"
"POINT (13.472536607000052 52.513860801000078)","Unfall 129455 (2023) Kat:2, Licht: 0","129455","2","6","3","04","15","5","","0","1","0","0","0"
"POINT (13.281683923000060 52.498258455000041)","Unfall 129456 (2023) Kat:3, Licht: 0","129456","3","6","2","04","18","4","","0","0","1","0","0"
"POINT (13.280008630000054 52.501557348000063)","Unfall 129457 (2023) Kat:3, Licht: 0","129457","3","1","0","04","09","4","","0","0","1","0","0"
"POINT (13.428648856000052 52.518160567000052)","Unfall 129458 (2023) Kat:2, Licht: 0","129458","2","6","2","04","08","4","","0","0","1","0","1"
"POINT (13.255069695000032 52.435700275000045)","Unfall 129459 (2023) Kat:3, Licht: 0","129459","3","5","1","12","13","6","","0","0","1","0","0"
"POINT (13.522264263000068 52.509523694000052)","Unfall 129460 (2023) Kat:2, Licht: 2","129460","2","1","0","05","23","7","","2","1","0","0","0"
"POINT (13.283023490000062 52.529000249000035)","Unfall 129461 (2023) Kat:3, Licht: 0","129461","3","6","3","04","11","4","","0","0","1","0","0"
"POINT (13.298671697000032 52.510973202000059)","Unfall 129462 (2023) Kat:3, Licht: 0","129462","3","4","6","04","17","4","","0","1","0","1","0"
"POINT (13.260589913000047 52.434979171000066)","Unfall 129463 (2023) Kat:3, Licht: 0","129463","3","2","5","04","08","4","","0","1","0","0","0"
"POINT (13.397921987000075 52.419944427000075)","Unfall 129464 (2023) Kat:3, Licht: 0","129464","3","7","1","04","09","4","","0","0","1","0","0"
"POINT (13.409169351000060 52.516633611000032)","Unfall 129465 (2023) Kat:3, Licht: 0","129465","3","6","2","04","15","4","","0","0","1","0","0"
"POINT (13.361937274000070 52.413625812000078)","Unfall 129467 (2023) Kat:3, Licht: 0","129467","3","2","0","08","10","2","","0","0","0","0","1"
"POINT (13.598668630000077 52.504879197000037)","Unfall 129468 (2023) Kat:3, Licht: 1","129468","3","2","5","04","06","3","","1","0","1","0","0"
"POINT (13.376214824000044 52.430432245000077)","Unfall 129469 (2023) Kat:3, Licht: 0","129469","3","2","5","04","07","3","","0","0","1","0","1"
"POINT (13.399214196000059 52.570402887000057)","Unfall 129470 (2023) Kat:3, Licht: 0","129470","3","2","5","04","06","3","","0","0","1","0","1"
"POINT (13.414278482000043 52.520333745000073)","Unfall 129472 (2023) Kat:2, Licht: 0","129472","2","7","6","04","12","3","","0","1","0","1","0"
"POINT (13.424090553000042 52.539314400000080)","Unfall 129474 (2023) Kat:3, Licht: 2","129474","3","2","5","04","20","3","","2","1","1","0","0"
"POINT (13.388144187000023 52.493795160000047)","Unfall 129475 (2023) Kat:3, Licht: 0","129475","3","4","6","04","15","3","","0","1","0","1","0"
"POINT (13.386093253000070 52.486792724000054)","Unfall 129477 (2023) Kat:3, Licht: 0","129477","3","6","3","04","08","3","","0","1","0","0","0"
"POINT (13.465827462000050 52.514682478000054)","Unfall 129478 (2023) Kat:3, Licht: 0","129478","3","2","5","04","19","3","","0","1","1","0","0"
"POINT (13.401742865000074 52.511344999000073)","Unfall 129479 (2023) Kat:3, Licht: 0","129479","3","3","5","04","08","2","","0","1","1","0","0"
"POINT (13.265983197000025 52.435991802000046)","Unfall 129480 (2023) Kat:3, Licht: 0","129480","3","6","2","04","14","2","","0","0","1","0","0"
"POINT (13.207483721000074 52.510904140000036)","Unfall 129481 (2023) Kat:2, Licht: 0","129481","2","6","4","04","13","2","","0","0","1","0","0"
"POINT (13.242128089000062 52.507519706000039)","Unfall 129482 (2023) Kat:3, Licht: 0","129482","3","2","2","04","14","2","","0","0","1","0","0"
"POINT (13.370176235000031 52.539966298000081)","Unfall 129483 (2023) Kat:3, Licht: 0","129483","3","2","5","04","17","2","","0","0","1","0","0"
"POINT (13.493413178000026 52.511718190000067)","Unfall 129485 (2023) Kat:3, Licht: 0","129485","3","2","0","04","11","2","","0","0","1","0","0"
"POINT (13.177806536000048 52.515899040000079)","Unfall 129486 (2023) Kat:3, Licht: 0","129486","3","7","5","04","13","1","","0","0","1","0","0"
"POINT (13.331673560000070 52.463617101000068)","Unfall 129487 (2023) Kat:3, Licht: 0","129487","3","6","0","12","09","3","","0","0","1","0","0"
"POINT (13.458037715000046 52.491466917000082)","Unfall 129488 (2023) Kat:3, Licht: 1","129488","3","6","3","04","20","1","","1","0","1","0","0"
"POINT (13.425945648000038 52.538470646000064)","Unfall 129489 (2023) Kat:3, Licht: 0","129489","3","7","5","04","12","1","","0","1","0","0","0"
"POINT (13.191382350000026 52.514162503000080)","Unfall 129490 (2023) Kat:2, Licht: 0","129490","2","6","2","04","12","1","","0","0","1","0","0"
"POINT (13.412617076000060 52.519537722000052)","Unfall 129491 (2023) Kat:3, Licht: 2","129491","3","6","3","04","20","7","","2","1","0","0","0"
"POINT (13.623088590000066 52.504038363000063)","Unfall 129492 (2023) Kat:2, Licht: 0","129492","2","4","6","04","19","7","","0","0","1","1","0"
"POINT (13.463605934000043 52.551068428000065)","Unfall 129493 (2023) Kat:3, Licht: 0","129493","3","7","5","04","16","7","","0","0","0","0","1"
"POINT (13.558266640000056 52.562866950000057)","Unfall 129494 (2023) Kat:3, Licht: 2","129494","3","3","5","04","22","7","","2","0","1","0","1"
"POINT (13.346810386000072 52.477022038000030)","Unfall 129495 (2023) Kat:3, Licht: 0","129495","3","6","2","04","16","7","","0","0","1","0","0"
"POINT (13.229698338000048 52.506745142000057)","Unfall 129496 (2023) Kat:2, Licht: 0","129496","2","6","3","04","15","7","","0","0","0","0","1"
"POINT (13.344787997000026 52.514218282000058)","Unfall 129497 (2023) Kat:3, Licht: 0","129497","3","2","5","04","09","7","","0","1","0","0","0"
"POINT (13.281494824000049 52.522747258000038)","Unfall 129499 (2023) Kat:3, Licht: 0","129499","3","6","0","04","08","7","","0","0","1","0","1"
"POINT (13.420386623000070 52.525329377000048)","Unfall 129500 (2023) Kat:3, Licht: 0","129500","3","4","6","04","13","7","","0","1","0","1","0"
"POINT (13.250042944000029 52.508002665000049)","Unfall 129501 (2023) Kat:3, Licht: 0","129501","3","6","2","04","18","7","","0","0","1","0","0"
"POINT (13.188922528000035 52.514657176000071)","Unfall 129502 (2023) Kat:3, Licht: 0","129502","3","6","2","04","19","7","","0","0","1","0","0"
"POINT (13.297208747000070 52.510877760000028)","Unfall 129503 (2023) Kat:3, Licht: 0","129503","3","2","5","04","11","7","","0","1","1","0","0"
"POINT (13.357090115000062 52.486791034000078)","Unfall 129504 (2023) Kat:2, Licht: 0","129504","2","2","5","04","12","6","","0","0","0","0","0"
"POINT (13.401678706000041 52.589808769000058)","Unfall 129506 (2023) Kat:3, Licht: 0","129506","3","1","0","06","12","6","","0","0","0","0","1"
"POINT (13.388605864000056 52.498172526000076)","Unfall 129507 (2023) Kat:3, Licht: 0","129507","3","6","2","04","13","6","","0","0","1","0","0"
"POINT (13.413505502000021 52.460897402000057)","Unfall 129508 (2023) Kat:3, Licht: 0","129508","3","6","3","04","08","6","","0","0","1","0","0"
"POINT (13.291612050000026 52.586307171000044)","Unfall 129510 (2023) Kat:3, Licht: 0","129510","3","6","2","04","13","6","","0","0","1","0","1"
"POINT (13.294613757000036 52.510715129000062)","Unfall 129511 (2023) Kat:2, Licht: 0","129511","2","4","6","04","07","6","","0","0","1","1","0"
"POINT (13.395063214000061 52.467121899000063)","Unfall 129512 (2023) Kat:3, Licht: 0","129512","3","6","2","04","16","6","","0","0","1","0","0"
"POINT (13.388164335000056 52.493822010000031)","Unfall 129513 (2023) Kat:3, Licht: 0","129513","3","4","6","04","11","6","","0","0","1","1","0"
"POINT (13.453774964000047 52.515799894000054)","Unfall 129515 (2023) Kat:3, Licht: 0","129515","3","2","2","04","13","6","","0","0","1","0","1"
"POINT (13.418998837000061 52.540105190000077)","Unfall 129516 (2023) Kat:3, Licht: 0","129516","3","4","6","04","07","6","","0","1","0","1","0"
"POINT (13.241680625000072 52.507492996000053)","Unfall 129517 (2023) Kat:3, Licht: 2","129517","3","6","2","04","22","5","","2","0","1","0","0"
"POINT (13.298440070000026 52.545235413000057)","Unfall 129518 (2023) Kat:3, Licht: 0","129518","3","7","3","04","17","5","","0","0","1","0","1"
"POINT (13.308591961000047 52.511812914000075)","Unfall 129520 (2023) Kat:3, Licht: 0","129520","3","7","0","04","11","5","","0","1","0","0","0"
"POINT (13.493123655000034 52.467803382000056)","Unfall 129522 (2023) Kat:3, Licht: 0","129522","3","3","5","04","19","5","","0","1","1","0","0"
"POINT (13.416780000000074 52.522096517000080)","Unfall 129523 (2023) Kat:3, Licht: 0","129523","3","2","5","04","07","5","","0","1","1","0","0"
"POINT (13.451691935000042 52.509966257000031)","Unfall 129524 (2023) Kat:3, Licht: 0","129524","3","5","1","04","11","5","","0","1","0","0","0"
"POINT (13.498405871000045 52.621309174000032)","Unfall 129525 (2023) Kat:3, Licht: 0","129525","3","1","0","04","12","4","","0","0","1","0","0"
"POINT (13.406159640000055 52.405733102000056)","Unfall 129526 (2023) Kat:2, Licht: 2","129526","2","4","6","04","20","4","","2","0","1","1","0"
"POINT (13.402985708000074 52.593886928000074)","Unfall 129527 (2023) Kat:2, Licht: 0","129527","2","1","4","04","18","4","","0","0","1","0","0"
"POINT (13.510041140000055 52.456425027000080)","Unfall 129528 (2023) Kat:3, Licht: 0","129528","3","2","6","04","16","4","","0","0","0","1","0"
"POINT (13.455280122000033 52.500392295000040)","Unfall 129530 (2023) Kat:3, Licht: 0","129530","3","2","5","04","06","4","","0","1","1","0","0"
"POINT (13.352280789000076 52.474841511000079)","Unfall 129531 (2023) Kat:3, Licht: 0","129531","3","1","0","04","06","4","","0","0","0","0","1"
"POINT (13.413705879000076 52.550465505000034)","Unfall 129532 (2023) Kat:2, Licht: 0","129532","2","5","1","04","15","4","","0","0","1","0","0"
"POINT (13.407369452000069 52.515270158000078)","Unfall 129533 (2023) Kat:3, Licht: 0","129533","3","6","2","04","18","4","","0","0","1","0","0"
"POINT (13.623361176000060 52.504005661000065)","Unfall 129534 (2023) Kat:3, Licht: 0","129534","3","6","2","04","12","4","","0","0","1","0","0"
"POINT (13.416481449000059 52.522199981000028)","Unfall 129535 (2023) Kat:3, Licht: 0","129535","3","2","2","04","16","4","","0","0","1","0","1"
"POINT (13.436443326000074 52.462481261000050)","Unfall 129538 (2023) Kat:3, Licht: 0","129538","3","6","3","04","10","4","","0","0","1","0","0"
"POINT (13.411359051000034 52.560712950000038)","Unfall 129539 (2023) Kat:2, Licht: 2","129539","2","6","2","04","20","4","","2","1","1","0","0"
"POINT (13.360892521000039 52.492309475000070)","Unfall 129540 (2023) Kat:3, Licht: 0","129540","3","7","5","04","15","4","","0","0","1","0","0"
"POINT (13.378852879000021 52.470053036000081)","Unfall 129541 (2023) Kat:3, Licht: 0","129541","3","6","2","04","08","4","","0","0","1","0","0"
"POINT (13.347207580000031 52.514381585000081)","Unfall 129543 (2023) Kat:3, Licht: 0","129543","3","7","1","05","18","1","","0","1","0","0","0"
"POINT (13.537418143000025 52.535983269000042)","Unfall 129544 (2023) Kat:3, Licht: 0","129544","3","6","3","04","15","3","","0","1","1","0","0"
"POINT (13.359200475000023 52.489408357000059)","Unfall 129545 (2023) Kat:3, Licht: 0","129545","3","6","3","04","12","3","","0","0","0","0","0"
"POINT (13.167986648000067 52.420615180000027)","Unfall 129546 (2023) Kat:3, Licht: 0","129546","3","6","2","04","09","2","","0","0","1","0","0"
"POINT (13.553183890000071 52.509042374000046)","Unfall 129547 (2023) Kat:3, Licht: 2","129547","3","3","0","04","03","2","","2","0","1","0","0"
"POINT (13.369755711000039 52.515705061000062)","Unfall 129548 (2023) Kat:3, Licht: 2","129548","3","2","5","04","19","2","","2","1","0","0","0"
"POINT (13.467361529000073 52.514528434000056)","Unfall 129549 (2023) Kat:3, Licht: 0","129549","3","7","5","04","15","2","","0","1","1","0","0"
"POINT (13.292759990000036 52.584600985000066)","Unfall 129550 (2023) Kat:3, Licht: 0","129550","3","6","2","07","16","6","","0","0","1","0","0"
"POINT (13.460613316000035 52.498697686000071)","Unfall 129551 (2023) Kat:3, Licht: 0","129551","3","6","2","04","07","2","","0","0","1","0","0"
"POINT (13.417107726000040 52.460754106000081)","Unfall 129552 (2023) Kat:3, Licht: 2","129552","3","1","9","04","20","1","","2","0","1","0","0"
"POINT (13.359873625000034 52.409843751000039)","Unfall 129553 (2023) Kat:3, Licht: 0","129553","3","3","0","09","11","6","","0","0","1","0","1"
"POINT (13.419232644000033 52.524339350000048)","Unfall 129554 (2023) Kat:2, Licht: 0","129554","2","6","3","04","18","1","","0","0","1","0","1"
"POINT (13.387340166000058 52.510202721000041)","Unfall 129556 (2023) Kat:3, Licht: 0","129556","3","2","5","04","17","1","","0","1","1","0","0"
"POINT (13.596941667000067 52.504902127000037)","Unfall 129557 (2023) Kat:3, Licht: 0","129557","3","6","2","04","13","7","","0","0","1","0","0"
"POINT (13.289584233000028 52.494019250000065)","Unfall 129558 (2023) Kat:3, Licht: 2","129558","3","1","3","04","00","7","","2","0","1","0","0"
"POINT (13.452553594000051 52.511878578000051)","Unfall 129559 (2023) Kat:3, Licht: 0","129559","3","1","0","04","10","7","","0","0","1","0","1"
"POINT (13.484369699000069 52.512807074000079)","Unfall 129560 (2023) Kat:3, Licht: 2","129560","3","7","5","04","01","7","","2","0","1","0","1"
"POINT (13.359416356000054 52.474393999000029)","Unfall 129562 (2023) Kat:3, Licht: 0","129562","3","3","5","04","16","7","","0","0","1","0","0"
"POINT (13.395804679000037 52.423707198000045)","Unfall 129564 (2023) Kat:3, Licht: 0","129564","3","6","2","04","11","6","","0","0","1","0","0"
"POINT (13.365259126000069 52.558077308000065)","Unfall 129567 (2023) Kat:3, Licht: 0","129567","3","3","5","04","18","6","","0","0","1","0","0"
"POINT (13.549683853000033 52.552223706000063)","Unfall 129569 (2023) Kat:3, Licht: 0","129569","3","6","3","04","17","6","","0","0","1","0","0"
"POINT (13.395633709000037 52.424008518000051)","Unfall 129571 (2023) Kat:3, Licht: 0","129571","3","2","5","04","19","5","","0","1","1","0","0"
"POINT (13.473280950000060 52.513927353000042)","Unfall 129572 (2023) Kat:3, Licht: 2","129572","3","1","0","04","23","4","","2","0","0","0","1"
"POINT (13.281505723000066 52.505128119000062)","Unfall 129574 (2023) Kat:3, Licht: 0","129574","3","6","2","04","13","3","","0","0","1","0","0"
"POINT (13.451809628000035 52.464133610000033)","Unfall 129575 (2023) Kat:3, Licht: 0","129575","3","6","2","04","16","3","","0","0","1","0","0"
"POINT (13.406514550000054 52.393019750000065)","Unfall 129576 (2023) Kat:3, Licht: 2","129576","3","6","1","04","23","1","","2","0","1","0","0"
"POINT (13.505469889000040 52.510708564000026)","Unfall 129578 (2023) Kat:2, Licht: 0","129578","2","3","5","09","08","3","","0","0","1","0","1"
"POINT (13.447832314000038 52.503916952000054)","Unfall 129579 (2023) Kat:3, Licht: 2","129579","3","1","0","04","23","7","","2","1","0","0","0"
"POINT (13.330106546000025 52.601627463000057)","Unfall 129580 (2023) Kat:3, Licht: 0","129580","3","6","2","04","14","7","","0","0","1","0","0"
"POINT (13.388500978000025 52.437012400000071)","Unfall 129581 (2023) Kat:3, Licht: 0","129581","3","3","5","04","10","7","","0","0","1","0","1"
"POINT (13.465820073000032 52.514538871000070)","Unfall 129582 (2023) Kat:3, Licht: 0","129582","3","7","0","10","15","2","","0","1","0","0","0"
"POINT (13.415338211000062 52.460752112000080)","Unfall 129583 (2023) Kat:3, Licht: 0","129583","3","6","3","04","10","5","","0","0","1","0","0"
"POINT (13.301859016000037 52.642880409000043)","Unfall 129585 (2023) Kat:3, Licht: 0","129585","3","2","6","04","10","5","","0","0","1","1","0"
"POINT (13.140804513000035 52.489375460000076)","Unfall 129586 (2023) Kat:3, Licht: 0","129586","3","6","2","04","11","5","","0","0","1","0","0"
"POINT (13.416485719000036 52.540295411000045)","Unfall 129587 (2023) Kat:3, Licht: 0","129587","3","7","5","04","10","5","","0","1","1","0","0"
"POINT (13.421563369000069 52.539500276000069)","Unfall 129588 (2023) Kat:3, Licht: 2","129588","3","2","5","04","21","5","","2","1","1","0","0"
"POINT (13.412476085000037 52.519460943000070)","Unfall 129589 (2023) Kat:3, Licht: 0","129589","3","1","0","05","19","6","","0","1","0","0","0"
"POINT (13.395075655000028 52.425590165000074)","Unfall 129590 (2023) Kat:3, Licht: 0","129590","3","6","2","04","12","5","","0","0","1","0","0"
"POINT (13.382311940000022 52.509888129000046)","Unfall 129591 (2023) Kat:3, Licht: 2","129591","3","6","2","04","20","5","","2","0","1","0","0"
"POINT (13.357505091000064 52.473987182000030)","Unfall 129592 (2023) Kat:3, Licht: 0","129592","3","6","2","04","08","4","","0","0","1","0","0"
"POINT (13.371062241000061 52.470930821000081)","Unfall 129593 (2023) Kat:3, Licht: 0","129593","3","6","2","04","06","4","","0","0","1","0","0"
"POINT (13.351653153000029 52.483652059000065)","Unfall 129595 (2023) Kat:3, Licht: 0","129595","3","3","5","04","15","4","","0","1","1","0","0"
"POINT (13.357892610000022 52.487960604000079)","Unfall 129596 (2023) Kat:3, Licht: 0","129596","3","6","2","05","14","7","","0","0","1","0","0"
"POINT (13.407937665000077 52.515734028000054)","Unfall 129597 (2023) Kat:3, Licht: 0","129597","3","6","0","04","13","4","","0","1","1","0","0"
"POINT (13.282680003000053 52.528498274000071)","Unfall 129598 (2023) Kat:3, Licht: 0","129598","3","6","3","04","18","4","","0","0","1","0","0"
"POINT (13.377767620000043 52.433723395000072)","Unfall 129599 (2023) Kat:3, Licht: 0","129599","3","7","5","12","10","3","","0","0","1","0","1"
"POINT (13.281838509000067 52.509928910000042)","Unfall 129600 (2023) Kat:3, Licht: 0","129600","3","7","2","04","13","4","","0","0","1","0","0"
"POINT (13.468320283000025 52.561915697000074)","Unfall 129601 (2023) Kat:3, Licht: 0","129601","3","3","5","04","12","3","","0","1","1","0","0"
"POINT (13.385623827000074 52.474505043000079)","Unfall 129602 (2023) Kat:3, Licht: 2","129602","3","5","1","08","00","3","","2","0","1","0","0"
"POINT (13.482264245000067 52.512886130000027)","Unfall 129603 (2023) Kat:3, Licht: 0","129603","3","2","2","04","12","2","","0","1","0","0","0"
"POINT (13.387230886000054 52.440157955000075)","Unfall 129604 (2023) Kat:3, Licht: 0","129604","3","2","5","04","12","2","","0","0","1","0","0"
"POINT (13.413607743000057 52.549926998000046)","Unfall 129605 (2023) Kat:3, Licht: 1","129605","3","5","1","04","06","2","","1","1","1","0","0"
"POINT (13.284201823000046 52.509414847000073)","Unfall 129607 (2023) Kat:2, Licht: 0","129607","2","6","2","04","13","2","","0","0","1","0","0"
"POINT (13.483999309000069 52.512712726000075)","Unfall 129608 (2023) Kat:3, Licht: 0","129608","3","7","2","04","10","2","","0","0","1","0","0"
"POINT (13.402221891000067 52.586476607000066)","Unfall 129609 (2023) Kat:2, Licht: 0","129609","2","3","5","04","09","2","","0","1","1","0","0"
"POINT (13.353878574000078 52.479217036000080)","Unfall 129610 (2023) Kat:3, Licht: 0","129610","3","2","5","04","08","2","","0","0","0","0","0"
"POINT (13.260768827000049 52.435088052000026)","Unfall 129611 (2023) Kat:3, Licht: 2","129611","3","2","2","04","20","2","","2","0","1","0","0"
"POINT (13.284194418000027 52.509404624000069)","Unfall 129612 (2023) Kat:3, Licht: 0","129612","3","6","2","04","13","2","","0","0","1","0","0"
"POINT (13.450405198000055 52.548165102000041)","Unfall 129613 (2023) Kat:3, Licht: 0","129613","3","5","1","04","18","2","","0","1","1","0","0"
"POINT (13.362236702000075 52.473996149000072)","Unfall 129614 (2023) Kat:3, Licht: 0","129614","3","6","2","04","15","2","","0","0","1","0","0"
"POINT (13.435486474000072 52.462229312000034)","Unfall 129615 (2023) Kat:3, Licht: 2","129615","3","7","3","04","19","1","","2","0","1","0","0"
"POINT (13.369734460000075 52.541632407000066)","Unfall 129617 (2023) Kat:2, Licht: 2","129617","2","3","5","04","22","1","","2","1","1","0","0"
"POINT (13.488954417000059 52.470610026000031)","Unfall 129618 (2023) Kat:3, Licht: 0","129618","3","6","3","04","16","7","","0","0","1","0","0"
"POINT (13.373536077000040 52.509368347000077)","Unfall 129619 (2023) Kat:3, Licht: 0","129619","3","1","0","04","13","7","","0","1","0","0","0"
"POINT (13.294236013000045 52.491988803000027)","Unfall 129621 (2023) Kat:3, Licht: 0","129621","3","6","2","03","09","6","","0","0","1","0","0"
"POINT (13.258366113000022 52.508525668000061)","Unfall 129622 (2023) Kat:3, Licht: 0","129622","3","4","6","03","17","6","","0","0","1","1","0"
"POINT (13.295723550000048 52.510779198000080)","Unfall 129623 (2023) Kat:2, Licht: 0","129623","2","7","5","11","13","1","","0","0","1","0","0"
"POINT (13.345520335000060 52.580795150000029)","Unfall 129624 (2023) Kat:2, Licht: 2","129624","2","2","5","03","23","6","","2","0","1","0","0"
"POINT (13.333233295000070 52.594745293000074)","Unfall 129625 (2023) Kat:3, Licht: 0","129625","3","6","4","03","19","6","","0","1","0","0","0"
"POINT (13.334210225000049 52.464551533000076)","Unfall 129626 (2023) Kat:3, Licht: 0","129626","3","7","2","03","15","6","","0","0","1","0","0"
"POINT (13.286157847000027 52.443012580000072)","Unfall 129627 (2023) Kat:3, Licht: 0","129627","3","6","2","03","12","6","","0","0","1","0","0"
"POINT (13.368361137000022 52.549686058000077)","Unfall 129628 (2023) Kat:3, Licht: 0","129628","3","6","2","03","18","5","","0","0","1","0","0"
"POINT (13.307490151000025 52.511549875000071)","Unfall 129629 (2023) Kat:3, Licht: 2","129629","3","2","5","03","16","5","","2","1","1","0","0"
"POINT (13.358641317000036 52.573430945000041)","Unfall 129630 (2023) Kat:3, Licht: 0","129630","3","5","1","08","06","7","","0","0","1","0","0"
"POINT (13.365924866000057 52.554642834000049)","Unfall 129631 (2023) Kat:3, Licht: 0","129631","3","6","2","03","14","5","","0","0","1","0","0"
"POINT (13.289262225000073 52.510559531000069)","Unfall 129632 (2023) Kat:3, Licht: 0","129632","3","3","5","11","14","5","","0","0","1","0","0"
"POINT (13.389031384000077 52.436222588000078)","Unfall 129633 (2023) Kat:3, Licht: 0","129633","3","4","6","03","10","5","","0","0","1","1","0"
"POINT (13.362618203000068 52.499220207000064)","Unfall 129634 (2023) Kat:3, Licht: 0","129634","3","4","6","03","08","5","","0","0","1","1","0"