WKT,Name,OBJECTID,UKATEGORIE,UTYP1,UART,UMONAT,USTUNDE,UWOCHENTAG,STRZUSTAND,ULICHTVERH,ISTRAD,ISTPKW,ISTFUSS,ISTKRAD
"POINT (13.357668086000047 52.487703847000034)","Unfall 129635 (2023) Kat:3, Licht: 0","129635","3","7","6","03","14","5","","0","0","0","1","0"
"POINT (13.391379806000032 52.431470316000059)","Unfall 129636 (2023) Kat:3, Licht: 0","129636","3","4","6","03","12","5","","0","0","1","1","0"
"POINT (13.411272308000036 52.518908900000042)","Unfall 129638 (2023) Kat:2, Licht: 0","129638","2","2","5","03","17","5","","0","1","1","0","0"
"POINT (13.404705921000073 52.520085600000073)","Unfall 129639 (2023) Kat:3, Licht: 0","129639","3","2","5","03","12","4","","0","1","1","0","0"
"POINT (13.349625200000048 52.481175893000056)","Unfall 129640 (2023) Kat:3, Licht: 0","129640","3","4","6","03","13","4","","0","0","1","1","0"
"POINT (13.553567490000034 52.509009295000055)","Unfall 129641 (2023) Kat:3, Licht: 0","129641","3","1","0","03","11","4","","0","0","0","0","1"
"POINT (13.316328663000036 52.617168083000081)","Unfall 129642 (2023) Kat:3, Licht: 0","129642","3","2","6","03","09","3","","0","0","1","1","0"
"POINT (13.460269973000038 52.515097049000076)","Unfall 129643 (2023) Kat:3, Licht: 0","129643","3","4","6","03","16","3","","0","1","0","1","0"
"POINT (13.460037505000059 52.515120198000034)","Unfall 129644 (2023) Kat:3, Licht: 0","129644","3","2","5","03","15","3","","0","1","1","0","0"
"POINT (13.257953711000027 52.508498920000079)","Unfall 129645 (2023) Kat:3, Licht: 1","129645","3","6","2","03","06","3","","1","0","0","0","0"
"POINT (13.363143321000052 52.473768132000032)","Unfall 129647 (2023) Kat:3, Licht: 0","129647","3","6","2","03","18","2","","0","0","1","0","0"
"POINT (13.367273287000046 52.551540812000042)","Unfall 129648 (2023) Kat:3, Licht: 0","129648","3","2","5","03","09","2","","0","1","1","0","0"
"POINT (13.424265476000073 52.519735097000080)","Unfall 129649 (2023) Kat:3, Licht: 0","129649","3","6","2","08","16","5","","0","0","1","0","1"
"POINT (13.448140581000075 52.546958027000073)","Unfall 129650 (2023) Kat:3, Licht: 0","129650","3","6","3","03","17","1","","0","1","1","0","0"
"POINT (13.252613207000024 52.435154929000078)","Unfall 129652 (2023) Kat:2, Licht: 0","129652","2","6","2","03","17","1","","0","0","0","0","1"
"POINT (13.409236841000052 52.461393879000070)","Unfall 129653 (2023) Kat:3, Licht: 0","129653","3","6","2","07","14","3","","0","0","1","0","0"
"POINT (13.282220531000064 52.507097125000030)","Unfall 129654 (2023) Kat:3, Licht: 2","129654","3","1","9","03","00","1","","2","0","1","0","0"
"POINT (13.284436637000056 52.509738948000063)","Unfall 129655 (2023) Kat:2, Licht: 0","129655","2","1","8","03","09","1","","0","0","1","0","0"
"POINT (13.402389172000028 52.580684084000040)","Unfall 129656 (2023) Kat:3, Licht: 2","129656","3","5","1","03","22","7","","2","0","1","0","1"
"POINT (13.359042330000023 52.573399430000052)","Unfall 129657 (2023) Kat:3, Licht: 2","129657","3","2","5","03","21","7","","2","0","1","0","0"
"POINT (13.412976496000056 52.519709708000050)","Unfall 129658 (2023) Kat:3, Licht: 0","129658","3","6","2","03","15","7","","0","0","1","0","0"
"POINT (13.289566132000061 52.494020564000039)","Unfall 129659 (2023) Kat:3, Licht: 0","129659","3","6","2","03","15","7","","0","0","1","0","0"
"POINT (13.458889501000044 52.457892076000064)","Unfall 129660 (2023) Kat:3, Licht: 0","129660","3","6","2","03","14","7","","0","0","1","0","0"
"POINT (13.504925157000059 52.459978738000075)","Unfall 129661 (2023) Kat:2, Licht: 2","129661","2","4","6","03","22","7","","2","0","1","1","0"
"POINT (13.345502333000070 52.514122174000079)","Unfall 129662 (2023) Kat:3, Licht: 0","129662","3","6","6","03","13","7","","0","0","1","1","0"
"POINT (13.364340760000061 52.563962870000069)","Unfall 129664 (2023) Kat:3, Licht: 0","129664","3","6","2","03","13","7","","0","0","1","0","1"
"POINT (13.281414600000062 52.504241912000055)","Unfall 129665 (2023) Kat:3, Licht: 0","129665","3","6","0","03","10","5","","0","0","1","0","0"
"POINT (13.225411735000023 52.460491028000035)","Unfall 129666 (2023) Kat:3, Licht: 0","129666","3","6","2","03","16","5","","0","0","1","0","0"
"POINT (13.412163312000075 52.541023480000035)","Unfall 129667 (2023) Kat:3, Licht: 0","129667","3","2","2","04","12","5","","0","0","0","0","0"
"POINT (13.196541677000027 52.418481382000039)","Unfall 129668 (2023) Kat:3, Licht: 0","129668","3","6","2","03","15","5","","0","0","1","0","0"
"POINT (13.363760563000028 52.565060228000050)","Unfall 129669 (2023) Kat:3, Licht: 0","129669","3","2","5","03","14","5","","0","1","0","0","0"
"POINT (13.307570108000050 52.511555057000066)","Unfall 129670 (2023) Kat:3, Licht: 0","129670","3","3","5","03","16","5","","0","1","1","0","0"
"POINT (13.300707461000059 52.548046694000050)","Unfall 129672 (2023) Kat:3, Licht: 2","129672","3","6","2","03","18","5","","2","0","1","0","0"
"POINT (13.389138358000025 52.498044856000035)","Unfall 129673 (2023) Kat:2, Licht: 0","129673","2","3","5","03","13","5","","0","1","1","0","0"
"POINT (13.374655065000070 52.516017042000044)","Unfall 129675 (2023) Kat:3, Licht: 0","129675","3","6","2","03","08","5","","0","0","1","0","0"
"POINT (13.399623711000061 52.570184824000080)","Unfall 129676 (2023) Kat:3, Licht: 0","129676","3","6","3","03","13","4","","0","0","1","0","0"
"POINT (13.290208524000036 52.533032706000029)","Unfall 129678 (2023) Kat:3, Licht: 0","129678","3","6","2","03","17","4","","0","0","1","0","0"
"POINT (13.373917793000032 52.509201577000056)","Unfall 129679 (2023) Kat:3, Licht: 0","129679","3","3","5","08","09","6","","0","1","1","0","0"
"POINT (13.289567760000068 52.494020446000036)","Unfall 129680 (2023) Kat:3, Licht: 0","129680","3","1","9","03","15","4","","0","0","1","0","0"
"POINT (13.386013460000072 52.443966548000049)","Unfall 129683 (2023) Kat:3, Licht: 2","129683","3","2","5","03","19","4","","2","0","1","0","0"
"POINT (13.388698825000063 52.498149689000059)","Unfall 129684 (2023) Kat:3, Licht: 0","129684","3","2","6","03","13","4","","0","0","1","1","0"
"POINT (13.282195954000031 52.509952235000071)","Unfall 129685 (2023) Kat:3, Licht: 0","129685","3","5","1","03","07","4","","0","0","1","0","1"
"POINT (13.278265486000066 52.509697464000055)","Unfall 129686 (2023) Kat:3, Licht: 0","129686","3","7","2","03","17","3","","0","0","1","0","0"
"POINT (13.306576975000041 52.567556159000048)","Unfall 129687 (2023) Kat:3, Licht: 2","129687","3","1","9","10","17","7","","2","0","1","0","0"
"POINT (13.387984413000027 52.493568958000026)","Unfall 129688 (2023) Kat:3, Licht: 0","129688","3","6","2","03","13","3","","0","0","1","0","0"
"POINT (13.312448430000074 52.623856819000082)","Unfall 129689 (2023) Kat:3, Licht: 0","129689","3","3","5","03","06","2","","0","1","1","0","0"
"POINT (13.389322270000036 52.497255318000043)","Unfall 129691 (2023) Kat:3, Licht: 0","129691","3","6","2","03","14","2","","0","0","1","0","0"
"POINT (13.454229767000072 52.515787907000060)","Unfall 129692 (2023) Kat:3, Licht: 0","129692","3","6","2","03","10","2","","0","0","1","0","0"
"POINT (13.422135119000075 52.520181556000068)","Unfall 129693 (2023) Kat:3, Licht: 2","129693","3","6","2","03","20","2","","2","0","1","0","0"
"POINT (13.293979749000073 52.537350536000076)","Unfall 129694 (2023) Kat:3, Licht: 2","129694","3","6","2","03","18","2","","2","0","1","0","1"
"POINT (13.249578222000025 52.507974278000063)","Unfall 129695 (2023) Kat:3, Licht: 2","129695","3","2","2","03","18","2","","2","0","1","0","0"
"POINT (13.332294490000038 52.598656605000031)","Unfall 129696 (2023) Kat:3, Licht: 0","129696","3","6","2","03","10","2","","0","0","1","0","0"
"POINT (13.442053882000039 52.544090989000040)","Unfall 129698 (2023) Kat:3, Licht: 0","129698","3","1","9","03","17","1","","0","0","1","0","0"
"POINT (13.388824862000035 52.498118725000040)","Unfall 129699 (2023) Kat:3, Licht: 2","129699","3","2","5","03","03","1","","2","0","1","0","0"
"POINT (13.346808588000044 52.579121018000080)","Unfall 129700 (2023) Kat:2, Licht: 0","129700","2","1","0","03","14","1","","0","0","0","0","1"
"POINT (13.414489654000022 52.460673715000041)","Unfall 129701 (2023) Kat:3, Licht: 2","129701","3","6","2","03","19","1","","2","0","1","0","0"
"POINT (13.403689893000035 52.569088467000029)","Unfall 129703 (2023) Kat:3, Licht: 1","129703","3","6","2","03","18","7","","1","0","1","0","0"
"POINT (13.346618276000072 52.579366597000046)","Unfall 129704 (2023) Kat:3, Licht: 2","129704","3","3","6","03","05","7","","2","0","1","1","0"
"POINT (13.368364942000028 52.506338875000040)","Unfall 129705 (2023) Kat:3, Licht: 0","129705","3","3","5","03","14","7","","0","0","1","0","0"
"POINT (13.426797490000070 52.461391638000066)","Unfall 129706 (2023) Kat:3, Licht: 2","129706","3","6","2","11","18","4","","2","0","1","0","0"
"POINT (13.283920170000044 52.507588911000028)","Unfall 129707 (2023) Kat:3, Licht: 0","129707","3","6","2","03","13","6","","0","0","1","0","0"
"POINT (13.261449767000045 52.508697618000042)","Unfall 129709 (2023) Kat:2, Licht: 0","129709","2","6","2","03","13","6","","0","0","1","0","0"
"POINT (13.360565631000043 52.571150153000076)","Unfall 129711 (2023) Kat:2, Licht: 0","129711","2","5","1","03","10","6","","0","0","1","0","0"
"POINT (13.355799076000039 52.473606226000072)","Unfall 129712 (2023) Kat:3, Licht: 2","129712","3","6","3","03","18","6","","2","0","1","0","0"
"POINT (13.263428870000041 52.491313529000081)","Unfall 129713 (2023) Kat:3, Licht: 0","129713","3","6","2","03","14","6","","0","0","1","0","0"
"POINT (13.228458413000055 52.506747478000079)","Unfall 129714 (2023) Kat:3, Licht: 0","129714","3","2","5","03","09","5","","0","0","1","0","0"
"POINT (13.616467891000070 52.504750621000028)","Unfall 129715 (2023) Kat:3, Licht: 0","129715","3","3","5","03","05","5","","0","1","1","0","0"
"POINT (13.433129695000048 52.536014873000056)","Unfall 129716 (2023) Kat:3, Licht: 2","129716","3","2","5","03","19","5","","2","1","1","0","0"
"POINT (13.342517632000067 52.478673264000065)","Unfall 129717 (2023) Kat:3, Licht: 0","129717","3","6","2","03","16","5","","0","0","1","0","0"
"POINT (13.398769424000022 52.608469900000046)","Unfall 129718 (2023) Kat:3, Licht: 0","129718","3","7","5","03","13","5","","0","0","1","0","1"
"POINT (13.281454626000027 52.498850847000028)","Unfall 129719 (2023) Kat:3, Licht: 2","129719","3","6","3","03","20","5","","2","0","1","0","0"
"POINT (13.562627223000050 52.508245855000041)","Unfall 129720 (2023) Kat:3, Licht: 0","129720","3","6","3","03","08","4","","0","0","0","0","1"
"POINT (13.385184568000057 52.469721507000031)","Unfall 129721 (2023) Kat:3, Licht: 0","129721","3","6","2","03","16","3","","0","0","1","0","0"
"POINT (13.453754153000034 52.515625358000079)","Unfall 129723 (2023) Kat:3, Licht: 1","129723","3","2","6","03","17","3","","1","0","1","1","0"
"POINT (13.358977105000065 52.573416917000031)","Unfall 129725 (2023) Kat:3, Licht: 0","129725","3","2","5","03","11","3","","0","0","1","0","0"
"POINT (13.288213891000055 52.494083280000041)","Unfall 129727 (2023) Kat:2, Licht: 2","129727","2","1","0","06","01","6","","2","0","0","0","1"
"POINT (13.369877711000072 52.515832341000078)","Unfall 129728 (2023) Kat:2, Licht: 0","129728","2","2","5","03","14","3","","0","0","0","0","1"
"POINT (13.453749300000027 52.515912758000070)","Unfall 129729 (2023) Kat:3, Licht: 2","129729","3","2","5","08","23","6","","2","1","1","0","0"
"POINT (13.452025836000075 52.511757365000051)","Unfall 129730 (2023) Kat:3, Licht: 0","129730","3","6","2","03","10","3","","0","0","1","0","0"
"POINT (13.364365682000027 52.563908569000034)","Unfall 129731 (2023) Kat:3, Licht: 0","129731","3","2","5","07","12","7","","0","1","1","0","0"
"POINT (13.385490015000073 52.467819284000029)","Unfall 129732 (2023) Kat:3, Licht: 0","129732","3","2","0","03","15","3","","0","1","1","0","0"
"POINT (13.412329253000053 52.541181878000032)","Unfall 129733 (2023) Kat:2, Licht: 2","129733","2","1","9","03","02","3","","2","0","1","0","0"
"POINT (13.418156217000046 52.523851231000037)","Unfall 129734 (2023) Kat:2, Licht: 0","129734","2","5","1","03","06","2","","0","1","1","0","0"
"POINT (13.467281262000029 52.556556761000081)","Unfall 129735 (2023) Kat:3, Licht: 0","129735","3","4","6","03","16","2","","0","0","1","1","0"
"POINT (13.419932653000046 52.524944602000062)","Unfall 129736 (2023) Kat:3, Licht: 0","129736","3","2","5","08","18","5","","0","1","1","0","0"
"POINT (13.227294995000022 52.506916807000039)","Unfall 129737 (2023) Kat:3, Licht: 0","129737","3","6","2","03","14","2","","0","0","1","0","0"
"POINT (13.170388788000025 52.509915050000075)","Unfall 129738 (2023) Kat:3, Licht: 0","129738","3","6","2","03","13","2","","0","0","1","0","0"
"POINT (13.483329732000072 52.576496819000056)","Unfall 129739 (2023) Kat:3, Licht: 0","129739","3","1","0","04","09","2","","0","0","0","0","1"
"POINT (13.364515682000047 52.562034133000054)","Unfall 129740 (2023) Kat:3, Licht: 0","129740","3","6","2","03","07","2","","0","0","1","0","0"
"POINT (13.455415877000064 52.500353180000047)","Unfall 129742 (2023) Kat:3, Licht: 2","129742","3","7","0","03","03","1","","2","1","0","0","0"
"POINT (13.384586897000077 52.452629931000047)","Unfall 129743 (2023) Kat:3, Licht: 2","129743","3","2","6","03","20","1","","2","0","1","1","0"
"POINT (13.157325018000051 52.419351574000075)","Unfall 129744 (2023) Kat:3, Licht: 0","129744","3","1","9","03","13","1","","0","0","1","0","0"
"POINT (13.425049998000077 52.529140017000032)","Unfall 129745 (2023) Kat:3, Licht: 0","129745","3","7","6","03","12","1","","0","0","1","1","0"
"POINT (13.359024517000023 52.573404206000077)","Unfall 129746 (2023) Kat:3, Licht: 2","129746","3","2","5","03","23","1","","2","0","1","0","0"
"POINT (13.396338025000034 52.423379345000058)","Unfall 129747 (2023) Kat:3, Licht: 0","129747","3","2","5","03","14","1","","0","0","1","0","0"
"POINT (13.400370442000053 52.416242161000071)","Unfall 129748 (2023) Kat:3, Licht: 0","129748","3","6","2","03","11","7","","0","0","1","0","0"
"POINT (13.262234812000031 52.434816706000049)","Unfall 129749 (2023) Kat:3, Licht: 1","129749","3","3","5","03","18","7","","1","0","1","0","0"
"POINT (13.460709306000069 52.493841765000070)","Unfall 129750 (2023) Kat:3, Licht: 0","129750","3","6","2","03","08","7","","0","0","1","0","1"
"POINT (13.288493198000026 52.494080307000047)","Unfall 129752 (2023) Kat:3, Licht: 0","129752","3","6","2","03","10","6","","0","0","1","0","0"
"POINT (13.400149959000032 52.569904582000049)","Unfall 129754 (2023) Kat:3, Licht: 2","129754","3","7","5","03","19","6","","2","0","1","0","0"
"POINT (13.414086480000037 52.550650186000041)","Unfall 129755 (2023) Kat:3, Licht: 2","129755","3","3","5","03","20","6","","2","0","1","0","0"
"POINT (13.406059537000033 52.520539734000067)","Unfall 129756 (2023) Kat:3, Licht: 0","129756","3","3","5","09","14","4","","0","1","0","0","0"
"POINT (13.356893788000036 52.514891032000037)","Unfall 129757 (2023) Kat:2, Licht: 0","129757","2","7","2","03","13","6","","0","0","1","0","0"
"POINT (13.386125812000046 52.443370070000071)","Unfall 129759 (2023) Kat:3, Licht: 2","129759","3","6","2","03","17","5","","2","1","1","0","0"
"POINT (13.178905316000055 52.516532245000064)","Unfall 129761 (2023) Kat:2, Licht: 2","129761","2","2","6","03","22","5","","2","0","1","1","0"
"POINT (13.408211328000050 52.388464907000071)","Unfall 129762 (2023) Kat:3, Licht: 2","129762","3","2","6","09","02","3","","2","0","0","1","0"
"POINT (13.347735622000073 52.476227516000051)","Unfall 129763 (2023) Kat:3, Licht: 0","129763","3","6","3","03","08","5","","0","0","1","0","0"
"POINT (13.354178751000063 52.478985344000080)","Unfall 129764 (2023) Kat:3, Licht: 0","129764","3","2","5","05","09","4","","0","0","1","0","0"
"POINT (13.563714778000076 52.508009571000059)","Unfall 129765 (2023) Kat:3, Licht: 0","129765","3","2","5","03","07","5","","0","1","1","0","0"
"POINT (13.476790071000039 52.513431049000076)","Unfall 129766 (2023) Kat:3, Licht: 0","129766","3","2","6","03","15","4","","0","0","1","1","0"
"POINT (13.364074740000035 52.501214782000034)","Unfall 129767 (2023) Kat:3, Licht: 0","129767","3","6","2","03","16","4","","0","0","1","0","0"
"POINT (13.179091535000055 52.516648970000062)","Unfall 129768 (2023) Kat:3, Licht: 0","129768","3","6","2","03","08","3","","0","0","1","0","0"
"POINT (13.342448967000053 52.478568359000064)","Unfall 129770 (2023) Kat:3, Licht: 0","129770","3","6","2","03","11","2","","0","0","1","0","0"
"POINT (13.374758011000040 52.426275104000069)","Unfall 235825 (2023) Kat:3, Licht: 0","235825","3","6","2","02","16","3","","0","0","1","0","0"
"POINT (13.198313695000024 52.534974582000075)","Unfall 235826 (2023) Kat:2, Licht: 0","235826","2","4","6","02","11","3","","0","0","1","1","0"
"POINT (13.548331737000069 52.435645235000038)","Unfall 235827 (2023) Kat:3, Licht: 0","235827","3","4","6","02","16","2","","0","0","0","1","0"
"POINT (13.381790854000030 52.476321180000070)","Unfall 235828 (2023) Kat:3, Licht: 2","235828","3","1","0","02","18","2","","2","1","0","0","0"
"POINT (13.439638108000054 52.549948602000029)","Unfall 235829 (2023) Kat:3, Licht: 0","235829","3","7","5","02","10","2","","0","1","1","0","0"
"POINT (13.417551118000063 52.513832033000028)","Unfall 235830 (2023) Kat:3, Licht: 0","235830","3","2","0","02","09","2","","0","1","1","0","0"
"POINT (13.350939779000043 52.509461289000058)","Unfall 235831 (2023) Kat:3, Licht: 0","235831","3","6","2","02","08","2","","0","0","1","0","0"
"POINT (13.356353203000026 52.509825038000031)","Unfall 235832 (2023) Kat:3, Licht: 0","235832","3","6","4","02","16","2","","0","0","1","0","0"
"POINT (13.341943954000044 52.552346273000069)","Unfall 235833 (2023) Kat:3, Licht: 0","235833","3","3","5","02","16","2","","0","1","1","0","0"
"POINT (13.376550686000030 52.522007272000053)","Unfall 235834 (2023) Kat:3, Licht: 2","235834","3","2","6","02","18","2","","2","0","1","1","0"
"POINT (13.449371059000043 52.461768652000046)","Unfall 235835 (2023) Kat:3, Licht: 0","235835","3","7","2","02","09","2","","0","0","1","0","0"
"POINT (13.386631223000052 52.490077364000058)","Unfall 235836 (2023) Kat:3, Licht: 0","235836","3","2","0","02","08","2","","0","1","1","0","0"
"POINT (13.436954597000067 52.510280580000028)","Unfall 235837 (2023) Kat:3, Licht: 2","235837","3","6","2","02","18","2","","2","0","1","0","0"
"POINT (13.462438100000043 52.508402943000078)","Unfall 235838 (2023) Kat:3, Licht: 2","235838","3","6","3","02","19","1","","2","0","1","0","0"
"POINT (13.315978533000077 52.443145140000070)","Unfall 235839 (2023) Kat:2, Licht: 2","235839","2","4","6","02","20","1","","2","0","1","1","0"
"POINT (13.428407511000046 52.577612659000067)","Unfall 235840 (2023) Kat:3, Licht: 0","235840","3","4","6","02","13","1","","0","0","1","1","0"
"POINT (13.251956746000076 52.599905619000026)","Unfall 235841 (2023) Kat:3, Licht: 2","235841","3","1","8","02","03","1","","2","0","1","0","0"
"POINT (13.199614455000074 52.534635067000067)","Unfall 235842 (2023) Kat:2, Licht: 0","235842","2","2","5","02","11","1","","0","0","1","0","0"
"POINT (13.162785277000069 52.520050411000057)","Unfall 235843 (2023) Kat:2, Licht: 2","235843","2","2","6","02","05","7","","2","0","1","1","0"
"POINT (13.361741235000068 52.489588701000059)","Unfall 235844 (2023) Kat:3, Licht: 0","235844","3","4","6","02","12","7","","0","1","0","1","0"
"POINT (13.439830803000063 52.547726400000045)","Unfall 235845 (2023) Kat:3, Licht: 0","235845","3","6","2","02","11","7","","0","0","1","0","0"
"POINT (13.574499745000026 52.555114187000072)","Unfall 235846 (2023) Kat:3, Licht: 2","235846","3","3","5","02","01","7","","2","0","1","0","0"
"POINT (13.393426072000068 52.457969392000052)","Unfall 235847 (2023) Kat:2, Licht: 0","235847","2","3","5","02","10","7","","0","0","1","0","0"
"POINT (13.368459720000033 52.526303638000059)","Unfall 235848 (2023) Kat:3, Licht: 0","235848","3","6","2","02","08","7","","0","0","1","0","0"
"POINT (13.450370657000065 52.468641592000040)","Unfall 235849 (2023) Kat:3, Licht: 2","235849","3","5","1","02","03","7","","2","0","1","0","0"
"POINT (13.392101914000023 52.484313999000051)","Unfall 235850 (2023) Kat:3, Licht: 2","235850","3","1","0","02","23","7","","2","0","0","0","1"
"POINT (13.299500915000067 52.447698356000046)","Unfall 235851 (2023) Kat:3, Licht: 0","235851","3","2","6","02","14","7","","0","0","0","1","0"
"POINT (13.374236337000070 52.491990537000049)","Unfall 235852 (2023) Kat:3, Licht: 0","235852","3","1","0","02","08","7","","0","0","0","0","1"
"POINT (13.410297645000071 52.399356524000041)","Unfall 235853 (2023) Kat:3, Licht: 2","235853","3","7","1","02","05","7","","2","0","1","0","0"
"POINT (13.410975592000057 52.503914094000038)","Unfall 235854 (2023) Kat:3, Licht: 0","235854","3","3","5","02","12","7","","0","1","1","0","0"
"POINT (13.356122788000050 52.596780679000062)","Unfall 235855 (2023) Kat:3, Licht: 0","235855","3","1","0","02","08","7","","0","0","0","0","1"
"POINT (13.425153353000042 52.480661122000072)","Unfall 235856 (2023) Kat:3, Licht: 2","235856","3","3","5","02","23","7","","2","0","1","0","0"
"POINT (13.360337671000025 52.537246786000026)","Unfall 235857 (2023) Kat:3, Licht: 0","235857","3","2","3","02","11","7","","0","1","1","0","0"
"POINT (13.505425138000021 52.538485708000053)","Unfall 235858 (2023) Kat:2, Licht: 0","235858","2","1","0","02","10","7","","0","1","0","0","0"
"POINT (13.173727854000049 52.522885157000076)","Unfall 235859 (2023) Kat:3, Licht: 0","235859","3","1","0","02","09","7","","0","0","0","0","1"
"POINT (13.422370600000022 52.548020059000066)","Unfall 235860 (2023) Kat:2, Licht: 0","235860","2","1","0","02","08","7","","0","1","0","0","0"
"POINT (13.334111641000050 52.589718324000046)","Unfall 235861 (2023) Kat:3, Licht: 2","235861","3","2","5","02","00","7","","2","0","1","0","0"
"POINT (13.406447260000050 52.565381424000066)","Unfall 235862 (2023) Kat:3, Licht: 2","235862","3","3","5","02","00","7","","2","0","1","0","0"
"POINT (13.459611688000052 52.598600280000028)","Unfall 235863 (2023) Kat:3, Licht: 0","235863","3","3","5","02","12","6","","0","1","1","0","0"
"POINT (13.423304956000038 52.523773075000065)","Unfall 235864 (2023) Kat:3, Licht: 2","235864","3","7","5","02","19","6","","2","0","1","0","0"
"POINT (13.452682293000066 52.429095050000058)","Unfall 235865 (2023) Kat:3, Licht: 0","235865","3","4","6","02","15","6","","0","0","1","1","0"
"POINT (13.582186981000063 52.438026527000034)","Unfall 235866 (2023) Kat:3, Licht: 0","235866","3","1","0","02","14","6","","0","0","0","0","1"
"POINT (13.369085986000073 52.546216749000052)","Unfall 235867 (2023) Kat:3, Licht: 0","235867","3","3","5","02","08","6","","0","1","0","0","0"
"POINT (13.561220442000035 52.560356574000082)","Unfall 235868 (2023) Kat:3, Licht: 0","235868","3","7","0","02","08","6","","0","0","1","0","0"
"POINT (13.520871745000022 52.434253320000039)","Unfall 235869 (2023) Kat:3, Licht: 2","235869","3","7","0","02","06","6","","2","0","1","0","0"
"POINT (13.430355467000027 52.486209534000068)","Unfall 235870 (2023) Kat:3, Licht: 2","235870","3","2","6","02","06","6","","2","0","1","1","0"
"POINT (13.335804569000061 52.602749930000073)","Unfall 235871 (2023) Kat:3, Licht: 2","235871","3","2","6","02","19","6","","2","0","1","1","0"
"POINT (13.412706550000053 52.492023312000072)","Unfall 235872 (2023) Kat:3, Licht: 0","235872","3","7","5","02","14","6","","0","0","1","0","0"
"POINT (13.528818261000026 52.426366998000049)","Unfall 235873 (2023) Kat:3, Licht: 0","235873","3","6","2","02","09","6","","0","0","1","0","0"
"POINT (13.520289396000067 52.465378900000076)","Unfall 235874 (2023) Kat:3, Licht: 2","235874","3","7","6","02","22","6","","2","0","1","1","0"
"POINT (13.453622041000074 52.523046414000078)","Unfall 235875 (2023) Kat:3, Licht: 2","235875","3","5","1","02","19","6","","2","0","1","0","0"
"POINT (13.364657851000061 52.547815837000030)","Unfall 235876 (2023) Kat:3, Licht: 2","235876","3","2","6","02","18","6","","2","0","1","1","0"
"POINT (13.494942210000033 52.412645321000070)","Unfall 235877 (2023) Kat:3, Licht: 0","235877","3","3","5","02","12","6","","0","0","1","0","0"
"POINT (13.303677271000026 52.525370521000070)","Unfall 235878 (2023) Kat:3, Licht: 0","235878","3","5","1","02","11","6","","0","0","1","0","0"
"POINT (13.546679205000032 52.431676265000078)","Unfall 235879 (2023) Kat:3, Licht: 2","235879","3","6","3","02","05","6","","2","1","0","0","0"
"POINT (13.525899704000039 52.423040916000048)","Unfall 235880 (2023) Kat:3, Licht: 2","235880","3","2","5","02","22","6","","2","0","1","0","0"
"POINT (13.320608707000076 52.565911627000048)","Unfall 235881 (2023) Kat:3, Licht: 2","235881","3","4","6","02","18","6","","2","0","1","1","0"
"POINT (13.416854311000066 52.535244074000047)","Unfall 235882 (2023) Kat:3, Licht: 2","235882","3","3","5","02","22","5","","2","1","1","0","0"
"POINT (13.416889811000033 52.418209634000050)","Unfall 235883 (2023) Kat:3, Licht: 2","235883","3","2","5","02","21","5","","2","0","1","0","0"
"POINT (13.452047976000074 52.503524413000036)","Unfall 235884 (2023) Kat:3, Licht: 0","235884","3","3","5","02","11","5","","0","0","1","0","1"
"POINT (13.598985800000037 52.544453204000035)","Unfall 235885 (2023) Kat:3, Licht: 0","235885","3","7","6","02","15","5","","0","1","0","1","0"
"POINT (13.214047925000045 52.538388170000076)","Unfall 235886 (2023) Kat:3, Licht: 0","235886","3","2","5","02","14","5","","0","1","1","0","0"
"POINT (13.323406526000042 52.511066959000061)","Unfall 235887 (2023) Kat:2, Licht: 0","235887","2","4","6","02","13","5","","0","0","1","1","0"
"POINT (13.341745592000052 52.484146642000042)","Unfall 235888 (2023) Kat:3, Licht: 0","235888","3","5","1","02","13","5","","0","1","1","0","0"
"POINT (13.289780296000060 52.582588780000037)","Unfall 235889 (2023) Kat:3, Licht: 0","235889","3","2","5","02","08","5","","0","0","1","0","0"
"POINT (13.589614627000060 52.416327627000044)","Unfall 235890 (2023) Kat:3, Licht: 2","235890","3","2","0","02","00","5","","2","0","1","0","0"
"POINT (13.496392440000022 52.542862240000034)","Unfall 235891 (2023) Kat:3, Licht: 0","235891","3","3","5","02","16","5","","0","1","1","0","0"
"POINT (13.547814405000054 52.556733991000044)","Unfall 235892 (2023) Kat:3, Licht: 0","235892","3","1","8","02","15","5","","0","0","1","0","0"
"POINT (13.539787170000068 52.534475940000050)","Unfall 235893 (2023) Kat:3, Licht: 0","235893","3","6","2","02","12","5","","0","0","1","0","0"
"POINT (13.365292891000024 52.478987857000050)","Unfall 235894 (2023) Kat:3, Licht: 2","235894","3","3","5","02","17","5","","2","1","1","0","0"
"POINT (13.397967832000063 52.567431886000065)","Unfall 235895 (2023) Kat:2, Licht: 0","235895","2","2","5","02","13","5","","0","1","1","0","0"
"POINT (13.377952139000058 52.563603270000044)","Unfall 235896 (2023) Kat:3, Licht: 0","235896","3","3","5","02","13","5","","0","0","1","0","0"
"POINT (13.261307023000029 52.436372796000057)","Unfall 235897 (2023) Kat:3, Licht: 0","235897","3","2","5","02","12","5","","0","1","0","0","0"
"POINT (13.447541485000045 52.436971312000026)","Unfall 235898 (2023) Kat:3, Licht: 0","235898","3","2","5","02","10","5","","0","0","1","0","0"