WKT,Name,OBJECTID,UKATEGORIE,UTYP1,UART,UMONAT,USTUNDE,UWOCHENTAG,STRZUSTAND,ULICHTVERH,ISTRAD,ISTPKW,ISTFUSS,ISTKRAD
"POINT (13.361487873000044 52.547988870000040)","Unfall 235899 (2023) Kat:3, Licht: 1","235899","3","3","5","02","07","5","","1","0","1","0","0"
"POINT (13.374645888000032 52.582748024000068)","Unfall 235900 (2023) Kat:3, Licht: 2","235900","3","6","2","02","18","5","","2","0","1","0","0"
"POINT (13.459539865000067 52.512461624000082)","Unfall 235901 (2023) Kat:2, Licht: 2","235901","2","2","5","02","20","4","","2","1","0","0","0"
"POINT (13.241190691000043 52.601870628000029)","Unfall 235902 (2023) Kat:3, Licht: 2","235902","3","1","1","02","19","4","","2","0","1","0","0"
"POINT (13.149363043000051 52.554029987000035)","Unfall 235903 (2023) Kat:2, Licht: 2","235903","2","3","5","02","18","4","","2","1","1","0","0"
"POINT (13.509416313000031 52.496337653000069)","Unfall 235904 (2023) Kat:3, Licht: 0","235904","3","2","5","02","12","4","","0","1","1","0","0"
"POINT (13.566129758000045 52.439461651000045)","Unfall 235905 (2023) Kat:3, Licht: 2","235905","3","3","0","02","19","4","","2","0","1","0","1"
"POINT (13.439310964000072 52.547526432000041)","Unfall 235906 (2023) Kat:3, Licht: 2","235906","3","6","2","02","17","4","","2","0","1","0","0"
"POINT (13.441396046000023 52.501372504000074)","Unfall 235907 (2023) Kat:3, Licht: 0","235907","3","6","2","02","12","4","","0","0","1","0","0"
"POINT (13.429272366000077 52.556380442000034)","Unfall 235908 (2023) Kat:3, Licht: 0","235908","3","1","8","02","12","4","","0","0","1","0","0"
"POINT (13.280715394000026 52.634051803000034)","Unfall 235909 (2023) Kat:2, Licht: 2","235909","2","4","6","02","17","4","","2","0","1","1","0"
"POINT (13.431214975000046 52.509750155000063)","Unfall 235910 (2023) Kat:3, Licht: 2","235910","3","5","1","02","17","4","","2","1","1","0","0"
"POINT (13.619110151000029 52.496146798000041)","Unfall 235911 (2023) Kat:3, Licht: 0","235911","3","3","5","02","13","4","","0","0","1","0","0"
"POINT (13.353455952000047 52.439393007000035)","Unfall 235912 (2023) Kat:3, Licht: 0","235912","3","6","0","02","08","4","","0","1","1","0","0"
"POINT (13.369869167000047 52.559655759000066)","Unfall 235913 (2023) Kat:3, Licht: 2","235913","3","2","6","02","18","4","","2","0","1","1","0"
"POINT (13.349654846000021 52.449693902000035)","Unfall 235914 (2023) Kat:3, Licht: 2","235914","3","2","5","02","17","4","","2","1","1","0","0"
"POINT (13.423886152000023 52.553610662000040)","Unfall 235915 (2023) Kat:3, Licht: 2","235915","3","2","6","02","17","4","","2","0","1","1","0"
"POINT (13.387970404000043 52.507557374000044)","Unfall 235916 (2023) Kat:3, Licht: 0","235916","3","3","5","02","12","4","","0","0","1","0","0"
"POINT (13.379160859000024 52.522777892000079)","Unfall 235917 (2023) Kat:3, Licht: 0","235917","3","3","5","02","08","4","","0","1","1","0","0"
"POINT (13.486529006000069 52.540993940000078)","Unfall 235918 (2023) Kat:3, Licht: 1","235918","3","2","5","02","07","4","","1","0","1","0","0"
"POINT (13.436413282000046 52.449178201000052)","Unfall 235919 (2023) Kat:3, Licht: 2","235919","3","4","6","02","21","4","","2","0","1","1","0"
"POINT (13.292152645000044 52.461392491000026)","Unfall 235920 (2023) Kat:3, Licht: 0","235920","3","7","0","01","21","3","","0","1","0","0","0"
"POINT (13.580574713000033 52.459885249000081)","Unfall 235921 (2023) Kat:2, Licht: 2","235921","2","4","6","01","19","3","","2","0","1","1","0"
"POINT (13.282290402000058 52.533925938000039)","Unfall 235922 (2023) Kat:3, Licht: 2","235922","3","2","6","01","22","3","","2","0","1","1","0"
"POINT (13.285378490000028 52.595116757000028)","Unfall 235923 (2023) Kat:3, Licht: 1","235923","3","6","2","01","16","3","","1","0","1","0","0"
"POINT (13.609849799000074 52.533031742000048)","Unfall 235924 (2023) Kat:3, Licht: 2","235924","3","2","6","01","17","3","","2","0","1","1","0"
"POINT (13.379712482000059 52.522100470000055)","Unfall 235925 (2023) Kat:3, Licht: 0","235925","3","5","1","01","16","3","","0","1","0","0","0"
"POINT (13.494820555000047 52.545439860000045)","Unfall 235926 (2023) Kat:3, Licht: 0","235926","3","2","6","01","10","3","","0","0","1","1","0"
"POINT (13.214218235000033 52.538364514000079)","Unfall 235927 (2023) Kat:3, Licht: 2","235927","3","2","5","01","06","3","","2","1","1","0","0"
"POINT (13.211527057000069 52.532208554000078)","Unfall 235928 (2023) Kat:3, Licht: 2","235928","3","5","1","01","02","3","","2","0","1","0","0"
"POINT (13.497354862000066 52.570277636000071)","Unfall 235929 (2023) Kat:3, Licht: 0","235929","3","4","0","01","15","3","","0","0","0","1","0"
"POINT (13.396692933000054 52.511106198000050)","Unfall 235930 (2023) Kat:3, Licht: 2","235930","3","3","5","01","19","3","","2","1","1","0","0"
"POINT (13.219966016000058 52.538988283000037)","Unfall 235931 (2023) Kat:2, Licht: 0","235931","2","3","5","01","15","3","","0","0","1","0","0"
"POINT (13.195721848000062 52.533521620000045)","Unfall 235932 (2023) Kat:3, Licht: 0","235932","3","7","6","01","11","3","","0","0","1","1","0"
"POINT (13.414613970000062 52.500247017000049)","Unfall 235933 (2023) Kat:3, Licht: 2","235933","3","2","6","01","17","3","","2","0","1","1","0"
"POINT (13.323188797000057 52.473526286000038)","Unfall 235934 (2023) Kat:3, Licht: 0","235934","3","7","5","02","11","7","","0","0","1","0","1"
"POINT (13.362458886000070 52.548383417000082)","Unfall 235935 (2023) Kat:3, Licht: 2","235935","3","4","6","01","17","3","","2","0","1","1","0"
"POINT (13.377425186000039 52.529275783000060)","Unfall 235936 (2023) Kat:3, Licht: 2","235936","3","5","1","01","17","3","","2","1","1","0","0"
"POINT (13.431321523000065 52.612618657000041)","Unfall 235937 (2023) Kat:3, Licht: 1","235937","3","6","2","01","06","3","","1","0","1","0","0"
"POINT (13.585133972000051 52.521857826000030)","Unfall 235938 (2023) Kat:3, Licht: 0","235938","3","7","6","01","08","3","","0","0","1","0","0"
"POINT (13.433442562000039 52.444124811000052)","Unfall 235939 (2023) Kat:3, Licht: 2","235939","3","2","2","01","17","3","","2","0","1","1","0"
"POINT (13.468501883000044 52.506948915000066)","Unfall 235940 (2023) Kat:3, Licht: 2","235940","3","2","6","01","18","3","","2","0","1","1","0"
"POINT (13.591633138000077 52.544969681000055)","Unfall 235941 (2023) Kat:3, Licht: 1","235941","3","2","5","01","16","3","","1","0","1","0","0"
"POINT (13.450554402000023 52.522359887000050)","Unfall 235942 (2023) Kat:3, Licht: 0","235942","3","3","5","01","14","3","","0","0","1","0","0"
"POINT (13.432905600000026 52.517910075000032)","Unfall 235943 (2023) Kat:3, Licht: 2","235943","3","2","5","01","21","3","","2","0","1","0","0"
"POINT (13.542933508000033 52.434224115000063)","Unfall 235944 (2023) Kat:3, Licht: 0","235944","3","3","5","01","12","3","","0","0","1","0","0"
"POINT (13.159004091000043 52.462889210000071)","Unfall 235945 (2023) Kat:3, Licht: 0","235945","3","4","6","01","09","3","","0","0","1","1","0"
"POINT (13.198624271000028 52.555298635000042)","Unfall 235946 (2023) Kat:3, Licht: 0","235946","3","2","5","01","09","3","","0","0","1","0","0"
"POINT (13.393947170000047 52.528566770000054)","Unfall 235947 (2023) Kat:3, Licht: 0","235947","3","3","5","01","09","2","","0","1","0","0","0"
"POINT (13.489451062000057 52.542422274000046)","Unfall 235948 (2023) Kat:3, Licht: 2","235948","3","2","6","01","05","2","","2","0","1","1","0"
"POINT (13.469820926000068 52.506403241000044)","Unfall 235949 (2023) Kat:3, Licht: 2","235949","3","5","1","01","16","2","","2","1","1","0","0"
"POINT (13.344885523000073 52.510380289000068)","Unfall 235950 (2023) Kat:2, Licht: 0","235950","2","5","1","01","14","2","","0","1","1","0","0"
"POINT (13.391975770000045 52.563789964000080)","Unfall 235951 (2023) Kat:3, Licht: 2","235951","3","4","6","01","18","2","","2","0","1","1","0"
"POINT (13.453594029000044 52.591947020000077)","Unfall 235952 (2023) Kat:3, Licht: 0","235952","3","6","0","01","09","2","","0","0","1","0","0"
"POINT (13.126591251000036 52.535667900000078)","Unfall 235953 (2023) Kat:3, Licht: 0","235953","3","3","5","01","08","2","","0","0","1","0","0"
"POINT (13.487111392000031 52.422907059000067)","Unfall 235954 (2023) Kat:3, Licht: 0","235954","3","3","5","01","15","2","","0","0","1","0","0"
"POINT (13.410582419000036 52.392768699000044)","Unfall 235955 (2023) Kat:3, Licht: 0","235955","3","7","1","01","07","2","","0","0","1","0","0"
"POINT (13.406664056000068 52.498447903000056)","Unfall 235956 (2023) Kat:3, Licht: 2","235956","3","2","5","01","00","2","","2","0","1","0","0"
"POINT (13.322971246000066 52.505850153000040)","Unfall 235957 (2023) Kat:3, Licht: 1","235957","3","2","5","01","16","2","","1","0","1","1","0"
"POINT (13.424529952000057 52.486458534000064)","Unfall 235958 (2023) Kat:2, Licht: 2","235958","2","2","5","01","19","2","","2","1","0","0","0"
"POINT (13.351101250000056 52.520587201000069)","Unfall 235959 (2023) Kat:3, Licht: 0","235959","3","7","1","01","16","2","","0","1","1","0","0"
"POINT (13.390062600000022 52.509410683000056)","Unfall 235960 (2023) Kat:3, Licht: 0","235960","3","3","5","01","15","2","","0","1","1","0","0"
"POINT (13.336952971000073 52.485890948000076)","Unfall 235961 (2023) Kat:3, Licht: 2","235961","3","3","5","01","18","2","","2","0","1","0","1"
"POINT (13.406425374000037 52.524986906000038)","Unfall 235962 (2023) Kat:3, Licht: 2","235962","3","3","5","01","17","2","","2","0","1","0","0"
"POINT (13.565112080000063 52.565485128000034)","Unfall 235963 (2023) Kat:3, Licht: 0","235963","3","3","5","01","13","2","","0","0","1","0","0"
"POINT (13.152238692000026 52.532956162000062)","Unfall 235964 (2023) Kat:3, Licht: 0","235964","3","4","6","01","11","2","","0","0","1","1","0"
"POINT (13.376655505000031 52.487900475000060)","Unfall 235965 (2023) Kat:3, Licht: 0","235965","3","6","2","01","13","2","","0","0","1","0","0"
"POINT (13.415297737000060 52.464598605000049)","Unfall 235966 (2023) Kat:3, Licht: 0","235966","3","4","6","01","09","2","","0","0","1","1","0"
"POINT (13.188145235000036 52.532497690000071)","Unfall 235967 (2023) Kat:3, Licht: 0","235967","3","4","6","01","08","2","","0","0","0","1","1"
"POINT (13.396025824000048 52.498379123000063)","Unfall 235968 (2023) Kat:3, Licht: 1","235968","3","3","5","01","07","2","","1","1","0","0","0"
"POINT (13.395490000000052 52.515238693000072)","Unfall 235969 (2023) Kat:3, Licht: 1","235969","3","3","5","01","07","2","","1","1","1","0","0"
"POINT (13.369863441000064 52.559660126000040)","Unfall 235970 (2023) Kat:3, Licht: 2","235970","3","2","6","01","21","2","","2","0","1","1","0"
"POINT (13.335903292000069 52.595696191000059)","Unfall 235971 (2023) Kat:3, Licht: 1","235971","3","6","3","01","06","1","","1","0","1","0","0"
"POINT (13.321652204000031 52.511993039000060)","Unfall 235972 (2023) Kat:2, Licht: 2","235972","2","2","5","01","02","1","","2","0","0","0","1"
"POINT (13.382064338000077 52.504631949000043)","Unfall 235973 (2023) Kat:3, Licht: 2","235973","3","6","2","01","21","1","","2","0","1","0","0"
"POINT (13.182329384000070 52.534101931000066)","Unfall 235974 (2023) Kat:2, Licht: 0","235974","2","3","5","01","12","1","","0","0","1","0","0"
"POINT (13.519964084000037 52.505889489000026)","Unfall 235975 (2023) Kat:3, Licht: 0","235975","3","3","5","01","08","1","","0","0","1","0","0"
"POINT (13.422404836000055 52.524366125000029)","Unfall 235976 (2023) Kat:3, Licht: 1","235976","3","1","9","01","06","1","","1","0","1","0","0"
"POINT (13.458734029000027 52.520479288000047)","Unfall 235977 (2023) Kat:3, Licht: 0","235977","3","3","5","01","10","7","","0","0","1","0","0"
"POINT (13.393602063000060 52.512341037000056)","Unfall 235978 (2023) Kat:3, Licht: 1","235978","3","3","5","01","17","7","","1","0","1","0","1"
"POINT (13.385299156000031 52.519673918000080)","Unfall 235979 (2023) Kat:3, Licht: 1","235979","3","2","3","01","16","7","","1","1","1","0","0"
"POINT (13.259186018000037 52.431082138000079)","Unfall 235980 (2023) Kat:2, Licht: 0","235980","2","6","3","01","11","7","","0","0","1","0","0"
"POINT (13.279909366000027 52.520729492000044)","Unfall 235981 (2023) Kat:3, Licht: 0","235981","3","6","2","01","15","7","","0","0","1","0","0"
"POINT (13.595760846000076 52.528619521000053)","Unfall 235982 (2023) Kat:3, Licht: 0","235982","3","3","5","01","14","7","","0","0","1","0","0"
"POINT (13.406822562000059 52.393769234000047)","Unfall 235983 (2023) Kat:3, Licht: 0","235983","3","2","5","01","14","7","","0","0","1","0","0"
"POINT (13.325616530000048 52.516485814000077)","Unfall 235984 (2023) Kat:2, Licht: 0","235984","2","3","5","01","08","7","","0","1","1","0","0"
"POINT (13.365222162000066 52.567854194000063)","Unfall 235985 (2023) Kat:2, Licht: 0","235985","2","3","0","01","11","6","","0","0","1","0","1"
"POINT (13.312976072000026 52.480358036000041)","Unfall 235986 (2023) Kat:3, Licht: 0","235986","3","2","5","01","15","6","","0","0","1","0","0"
"POINT (13.497572191000074 52.570367624000028)","Unfall 235987 (2023) Kat:3, Licht: 0","235987","3","4","6","01","14","6","","0","0","1","1","0"
"POINT (13.446629727000072 52.502821779000044)","Unfall 235988 (2023) Kat:3, Licht: 0","235988","3","2","5","01","09","6","","0","1","1","0","0"
"POINT (13.353998029000024 52.596573540000065)","Unfall 235989 (2023) Kat:3, Licht: 0","235989","3","4","6","01","08","6","","0","0","1","1","0"
"POINT (13.626918604000025 52.455935731000068)","Unfall 235990 (2023) Kat:3, Licht: 2","235990","3","5","1","01","18","6","","2","1","1","0","0"
"POINT (13.210251337000045 52.549120551000044)","Unfall 235991 (2023) Kat:3, Licht: 0","235991","3","6","2","01","11","6","","0","0","1","0","0"
"POINT (13.478683045000025 52.471601261000046)","Unfall 235992 (2023) Kat:3, Licht: 2","235992","3","3","5","01","19","6","","2","0","1","0","0"
"POINT (13.328342356000064 52.563940767000076)","Unfall 235993 (2023) Kat:3, Licht: 0","235993","3","6","2","01","14","6","","0","0","1","0","0"
"POINT (13.444905404000053 52.483400211000060)","Unfall 235994 (2023) Kat:3, Licht: 0","235994","3","6","2","01","14","6","","0","0","1","0","0"
"POINT (13.403528908000055 52.406770054000049)","Unfall 235995 (2023) Kat:3, Licht: 0","235995","3","3","5","01","14","6","","0","0","1","0","0"
"POINT (13.318707595000035 52.574141146000045)","Unfall 235996 (2023) Kat:3, Licht: 0","235996","3","3","5","01","12","6","","0","0","1","0","0"
"POINT (13.288925437000046 52.511384717000055)","Unfall 235997 (2023) Kat:3, Licht: 0","235997","3","2","5","01","08","6","","0","0","1","0","1"
"POINT (13.389781407000044 52.574288611000043)","Unfall 235998 (2023) Kat:3, Licht: 0","235998","3","3","5","01","08","6","","0","1","1","0","0"
"POINT (13.436537593000025 52.423768811000059)","Unfall 235999 (2023) Kat:2, Licht: 2","235999","2","4","6","01","07","6","","2","0","0","1","0"
"POINT (13.320321856000021 52.483530872000074)","Unfall 236000 (2023) Kat:3, Licht: 2","236000","3","2","6","01","20","6","","2","0","1","1","0"
"POINT (13.380721274000052 52.574526252000055)","Unfall 236001 (2023) Kat:2, Licht: 2","236001","2","2","5","01","21","6","","2","0","1","0","1"
"POINT (13.402688860000069 52.523991012000067)","Unfall 236002 (2023) Kat:3, Licht: 0","236002","3","4","6","01","12","6","","0","0","1","1","0"
"POINT (13.470722970000054 52.513986024000076)","Unfall 236003 (2023) Kat:3, Licht: 2","236003","3","2","5","01","22","6","","2","1","1","0","0"
"POINT (13.580558413000063 52.443070365000040)","Unfall 236004 (2023) Kat:3, Licht: 2","236004","3","3","5","01","20","6","","2","1","1","0","0"
"POINT (13.493326255000056 52.526506961000052)","Unfall 236005 (2023) Kat:3, Licht: 2","236005","3","7","5","01","17","6","","2","0","0","0","0"
"POINT (13.362771638000027 52.542790560000071)","Unfall 236006 (2023) Kat:3, Licht: 0","236006","3","7","5","01","16","6","","0","0","1","0","0"
"POINT (13.413229282000032 52.588300024000034)","Unfall 236007 (2023) Kat:3, Licht: 0","236007","3","3","5","01","15","6","","0","0","1","0","0"
"POINT (13.319790435000073 52.503912954000043)","Unfall 236008 (2023) Kat:3, Licht: 0","236008","3","3","5","01","11","6","","0","0","1","0","0"
"POINT (13.322345635000033 52.493093225000052)","Unfall 236009 (2023) Kat:3, Licht: 0","236009","3","6","2","01","09","6","","0","0","1","0","0"
"POINT (13.517051072000072 52.535542054000075)","Unfall 236010 (2023) Kat:3, Licht: 1","236010","3","2","5","01","17","5","","1","1","0","0","0"
"POINT (13.464954726000030 52.497305499000049)","Unfall 236011 (2023) Kat:3, Licht: 2","236011","3","6","0","01","05","5","","2","1","0","0","0"
"POINT (13.476012741000034 52.558278693000034)","Unfall 236012 (2023) Kat:1, Licht: 0","236012","1","1","0","01","08","5","","0","1","0","0","0"
"POINT (13.428199636000045 52.473309293000057)","Unfall 236013 (2023) Kat:3, Licht: 0","236013","3","6","2","01","13","5","","0","0","1","0","0"
"POINT (13.455378575000054 52.441738216000033)","Unfall 236014 (2023) Kat:3, Licht: 0","236014","3","2","0","01","12","5","","0","0","0","0","0"
"POINT (13.239919166000050 52.538777482000057)","Unfall 236015 (2023) Kat:2, Licht: 0","236015","2","3","5","01","12","5","","0","0","1","0","0"
"POINT (13.407573380000031 52.551207648000059)","Unfall 236016 (2023) Kat:3, Licht: 1","236016","3","6","3","01","06","5","","1","1","1","0","0"
"POINT (13.270753073000037 52.450883816000044)","Unfall 236017 (2023) Kat:2, Licht: 2","236017","2","2","5","01","20","5","","2","0","1","0","0"
"POINT (13.525000565000028 52.535924037000029)","Unfall 236018 (2023) Kat:3, Licht: 0","236018","3","2","5","01","15","5","","0","1","1","0","0"
"POINT (13.523186580000072 52.497489313000074)","Unfall 236019 (2023) Kat:3, Licht: 0","236019","3","3","5","01","12","5","","0","1","0","0","0"
"POINT (13.294504354000026 52.580930128000034)","Unfall 236020 (2023) Kat:3, Licht: 0","236020","3","3","5","01","12","5","","0","0","1","0","0"
"POINT (13.464473947000045 52.509945683000069)","Unfall 236021 (2023) Kat:3, Licht: 0","236021","3","3","5","01","09","5","","0","1","1","0","0"
"POINT (13.248654369000064 52.622636616000079)","Unfall 236022 (2023) Kat:3, Licht: 2","236022","3","6","3","01","06","5","","2","1","0","0","0"
"POINT (13.578084323000041 52.420237682000050)","Unfall 236023 (2023) Kat:3, Licht: 0","236023","3","4","6","01","07","5","","0","0","1","1","0"
"POINT (13.444246557000042 52.552775628000063)","Unfall 236024 (2023) Kat:3, Licht: 1","236024","3","4","6","01","07","5","","1","0","1","1","0"
"POINT (13.507839697000065 52.546270632000073)","Unfall 236025 (2023) Kat:3, Licht: 2","236025","3","3","5","01","06","5","","2","1","1","0","0"
"POINT (13.305191098000023 52.417880213000046)","Unfall 236026 (2023) Kat:3, Licht: 2","236026","3","2","5","01","18","5","","2","0","1","0","0"
"POINT (13.389027003000024 52.515792326000053)","Unfall 236027 (2023) Kat:3, Licht: 2","236027","3","4","6","01","18","5","","2","1","0","1","0"
"POINT (13.496388103000072 52.415825389000076)","Unfall 236028 (2023) Kat:2, Licht: 0","236028","2","2","6","01","11","5","","0","0","1","1","0"
"POINT (13.479716359000065 52.523796411000035)","Unfall 236029 (2023) Kat:2, Licht: 2","236029","2","4","6","01","00","5","","2","0","1","1","0"
"POINT (13.398384946000022 52.592445956000063)","Unfall 236030 (2023) Kat:3, Licht: 2","236030","3","3","5","01","17","5","","2","0","1","0","0"
"POINT (13.339801768000029 52.495067089000031)","Unfall 236031 (2023) Kat:2, Licht: 0","236031","2","6","3","01","12","4","","0","1","1","0","0"
"POINT (13.307154130000072 52.459255656000039)","Unfall 236032 (2023) Kat:2, Licht: 2","236032","2","1","8","01","03","4","","2","0","1","0","0"
"POINT (13.355199600000049 52.544263177000062)","Unfall 236033 (2023) Kat:2, Licht: 2","236033","2","7","0","01","23","4","","2","0","1","0","0"
"POINT (13.467592159000048 52.502657466000073)","Unfall 236034 (2023) Kat:3, Licht: 2","236034","3","3","5","01","20","4","","2","1","1","0","0"
"POINT (13.301114058000053 52.583600959000080)","Unfall 236035 (2023) Kat:3, Licht: 2","236035","3","4","6","01","18","4","","2","0","0","1","0"
"POINT (13.328377194000041 52.427484593000031)","Unfall 236036 (2023) Kat:3, Licht: 1","236036","3","5","1","01","16","4","","1","0","1","0","0"
"POINT (13.291602250000039 52.595965348000050)","Unfall 236037 (2023) Kat:3, Licht: 1","236037","3","2","5","01","16","4","","1","0","1","0","0"
"POINT (13.305841877000034 52.432713718000059)","Unfall 236038 (2023) Kat:3, Licht: 0","236038","3","6","2","01","15","4","","0","1","0","0","0"
"POINT (13.573246039000026 52.402617320000047)","Unfall 236039 (2023) Kat:3, Licht: 0","236039","3","5","0","02","10","6","","0","0","1","0","0"
"POINT (13.291730378000068 52.591525917000070)","Unfall 236040 (2023) Kat:3, Licht: 0","236040","3","3","5","01","14","4","","0","0","1","0","0"
"POINT (13.437542896000025 52.570698170000071)","Unfall 236041 (2023) Kat:3, Licht: 0","236041","3","3","5","01","12","4","","0","1","1","0","0"
"POINT (13.330802457000061 52.490882910000039)","Unfall 236042 (2023) Kat:3, Licht: 0","236042","3","2","5","01","08","4","","0","1","1","0","0"
"POINT (13.220884127000033 52.528371594000077)","Unfall 236043 (2023) Kat:2, Licht: 2","236043","2","4","6","01","20","4","","2","0","1","1","0"
"POINT (13.348626636000063 52.521972648000030)","Unfall 236044 (2023) Kat:3, Licht: 2","236044","3","2","6","01","19","4","","2","0","1","1","0"
"POINT (13.332274288000065 52.599388738000073)","Unfall 236045 (2023) Kat:3, Licht: 0","236045","3","3","5","01","15","4","","0","1","0","0","0"
"POINT (13.487047231000076 52.422826129000043)","Unfall 236046 (2023) Kat:3, Licht: 0","236046","3","6","2","01","15","4","","0","0","1","0","0"
"POINT (13.343188891000068 52.529005531000053)","Unfall 236047 (2023) Kat:3, Licht: 2","236047","3","7","0","01","06","4","","2","1","0","0","0"
"POINT (13.361019649000070 52.570427823000045)","Unfall 236048 (2023) Kat:3, Licht: 1","236048","3","2","6","01","07","3","","1","0","1","1","0"
"POINT (13.419699765000075 52.501848564000056)","Unfall 236049 (2023) Kat:3, Licht: 2","236049","3","5","1","01","22","6","","2","1","1","0","0"
"POINT (13.300817754000036 52.473971052000081)","Unfall 236050 (2023) Kat:3, Licht: 1","236050","3","2","5","01","16","3","","1","0","1","0","0"
"POINT (13.346040312000071 52.544867990000057)","Unfall 236051 (2023) Kat:3, Licht: 0","236051","3","2","5","01","15","3","","0","0","1","0","0"
"POINT (13.544197891000067 52.525834085000042)","Unfall 236052 (2023) Kat:3, Licht: 0","236052","3","2","0","01","14","3","","0","1","1","0","0"
"POINT (13.387922556000035 52.452933206000068)","Unfall 236053 (2023) Kat:3, Licht: 2","236053","3","3","5","01","21","3","","2","0","1","0","0"
"POINT (13.367632800000024 52.603041195000060)","Unfall 236054 (2023) Kat:2, Licht: 2","236054","2","5","1","01","20","3","","2","0","1","0","0"
"POINT (13.461922771000047 52.471155260000046)","Unfall 236055 (2023) Kat:3, Licht: 2","236055","3","2","5","01","17","3","","2","1","0","0","0"
"POINT (13.450804714000071 52.545781449000060)","Unfall 236056 (2023) Kat:3, Licht: 1","236056","3","5","1","01","17","3","","1","1","1","0","0"
"POINT (13.316923728000063 52.503075832000036)","Unfall 236057 (2023) Kat:3, Licht: 1","236057","3","2","6","01","16","3","","1","0","1","1","0"
"POINT (13.330625273000066 52.562458874000072)","Unfall 236058 (2023) Kat:3, Licht: 0","236058","3","2","0","01","10","3","","0","0","1","0","0"
"POINT (13.409558710000056 52.498543547000054)","Unfall 236059 (2023) Kat:3, Licht: 0","236059","3","6","2","01","09","3","","0","0","1","0","0"
"POINT (13.589286409000067 52.459768618000055)","Unfall 236060 (2023) Kat:3, Licht: 0","236060","3","5","1","01","07","3","","0","1","1","0","0"
"POINT (13.391083812000034 52.536242351000055)","Unfall 236061 (2023) Kat:3, Licht: 2","236061","3","3","5","01","07","3","","2","1","1","0","0"
"POINT (13.326099061000036 52.538377687000036)","Unfall 236062 (2023) Kat:3, Licht: 1","236062","3","2","5","01","06","3","","1","0","1","0","0"
"POINT (13.348264383000071 52.408424184000069)","Unfall 236063 (2023) Kat:3, Licht: 1","236063","3","5","1","01","16","2","","1","0","1","0","0"
"POINT (13.326239354000052 52.538031870000054)","Unfall 236064 (2023) Kat:3, Licht: 0","236064","3","2","5","01","14","2","","0","0","1","0","0"
"POINT (13.395226742000034 52.550627674000054)","Unfall 236065 (2023) Kat:2, Licht: 2","236065","2","7","1","01","06","2","","2","0","1","0","0"
"POINT (13.452326330000062 52.527558549000048)","Unfall 236066 (2023) Kat:2, Licht: 2","236066","2","7","0","01","19","2","","2","0","0","1","0"
"POINT (13.437396985000078 52.545502788000078)","Unfall 236067 (2023) Kat:3, Licht: 0","236067","3","7","0","01","16","2","","0","0","0","1","0"
"POINT (13.353151764000074 52.502539000000070)","Unfall 236068 (2023) Kat:3, Licht: 1","236068","3","6","2","01","16","2","","1","1","1","0","0"
"POINT (13.349154524000028 52.541913307000073)","Unfall 236069 (2023) Kat:3, Licht: 0","236069","3","1","9","01","14","2","","0","0","1","0","0"
"POINT (13.247859232000053 52.537649014000067)","Unfall 236070 (2023) Kat:3, Licht: 0","236070","3","3","5","01","14","2","","0","0","1","0","0"
"POINT (13.218473683000070 52.428521331000070)","Unfall 236071 (2023) Kat:3, Licht: 0","236071","3","6","2","01","08","2","","0","1","1","0","0"
"POINT (13.601151186000038 52.479234922000046)","Unfall 236072 (2023) Kat:3, Licht: 2","236072","3","3","5","01","16","2","","2","1","1","0","0"
"POINT (13.346436450000056 52.589667203000033)","Unfall 236073 (2023) Kat:3, Licht: 1","236073","3","3","5","01","16","2","","1","1","1","0","0"
"POINT (13.230915982000056 52.529735887000072)","Unfall 236074 (2023) Kat:3, Licht: 0","236074","3","5","1","01","16","2","","0","0","1","0","0"
"POINT (13.321114811000029 52.431673867000029)","Unfall 236075 (2023) Kat:3, Licht: 0","236075","3","3","5","01","10","2","","0","1","1","0","0"
"POINT (13.615253584000072 52.496107892000055)","Unfall 236076 (2023) Kat:3, Licht: 0","236076","3","3","5","01","13","2","","0","0","1","0","0"
"POINT (13.191872319000026 52.567546915000037)","Unfall 236077 (2023) Kat:3, Licht: 2","236077","3","7","2","01","17","2","","2","0","1","0","0"
"POINT (13.298173043000077 52.447209824000026)","Unfall 236078 (2023) Kat:3, Licht: 0","236078","3","6","2","01","12","2","","0","0","1","0","0"
"POINT (13.357072218000042 52.542219952000039)","Unfall 236079 (2023) Kat:3, Licht: 0","236079","3","4","6","01","08","2","","0","1","0","1","0"
"POINT (13.590247158000068 52.529435732000081)","Unfall 236080 (2023) Kat:2, Licht: 1","236080","2","2","6","01","07","2","","1","0","1","1","0"
"POINT (13.507764519000034 52.564340978000075)","Unfall 236081 (2023) Kat:3, Licht: 0","236081","3","6","0","01","15","2","","0","0","1","0","0"
"POINT (13.687636591000057 52.441163753000069)","Unfall 236082 (2023) Kat:3, Licht: 1","236082","3","3","5","01","06","2","","1","1","1","0","0"
"POINT (13.427270040000053 52.549713965000080)","Unfall 236083 (2023) Kat:3, Licht: 0","236083","3","3","5","01","09","2","","0","0","1","0","0"
"POINT (13.289170237000064 52.548285710000073)","Unfall 236084 (2023) Kat:3, Licht: 2","236084","3","6","2","01","05","2","","2","0","1","0","0"
"POINT (13.373932132000050 52.547527415000047)","Unfall 236085 (2023) Kat:2, Licht: 2","236085","2","2","5","01","18","1","","2","1","1","0","0"