WKT,Name,OBJECTID,UKATEGORIE,UTYP1,UART,UMONAT,USTUNDE,UWOCHENTAG,STRZUSTAND,ULICHTVERH,ISTRAD,ISTPKW,ISTFUSS,ISTKRAD
"POINT (13.376620157000048 52.486529665000035)","Unfall 236086 (2023) Kat:2, Licht: 2","236086","2","7","5","01","19","1","","2","0","1","0","0"
"POINT (13.327884481000069 52.563909058000036)","Unfall 236087 (2023) Kat:3, Licht: 2","236087","3","7","0","01","07","1","","2","0","1","0","0"
"POINT (13.422483249000038 52.540838879000034)","Unfall 236088 (2023) Kat:3, Licht: 2","236088","3","1","0","01","01","1","","2","0","0","0","0"
"POINT (13.560496982000075 52.501331721000042)","Unfall 236089 (2023) Kat:3, Licht: 2","236089","3","1","0","01","22","1","","2","0","0","0","1"
"POINT (13.359597080000071 52.419132731000047)","Unfall 236090 (2023) Kat:3, Licht: 2","236090","3","7","6","01","17","1","","2","1","0","1","0"
"POINT (13.377883713000074 52.465843823000057)","Unfall 236091 (2023) Kat:3, Licht: 0","236091","3","2","5","01","14","1","","0","0","1","0","0"
"POINT (13.354491925000048 52.534548178000080)","Unfall 236092 (2023) Kat:3, Licht: 0","236092","3","7","5","01","14","1","","0","0","1","0","0"
"POINT (13.360294311000075 52.490432459000033)","Unfall 236093 (2023) Kat:3, Licht: 0","236093","3","2","2","01","13","1","","0","0","1","0","0"
"POINT (13.539417067000045 52.428011869000045)","Unfall 236094 (2023) Kat:3, Licht: 1","236094","3","3","5","01","16","1","","1","0","1","0","0"
"POINT (13.362233870000068 52.497923689000061)","Unfall 236095 (2023) Kat:3, Licht: 0","236095","3","3","5","01","10","1","","0","0","1","0","0"
"POINT (13.376558629000044 52.487704819000044)","Unfall 236096 (2023) Kat:3, Licht: 2","236096","3","1","8","01","02","1","","2","0","1","0","0"
"POINT (13.408865270000035 52.387014598000064)","Unfall 236097 (2023) Kat:3, Licht: 2","236097","3","7","6","01","17","7","","2","1","0","1","0"
"POINT (13.557976037000060 52.529645376000076)","Unfall 236098 (2023) Kat:3, Licht: 0","236098","3","3","5","01","13","7","","0","0","1","0","0"
"POINT (13.342101307000064 52.517838968000035)","Unfall 236099 (2023) Kat:3, Licht: 2","236099","3","2","6","01","20","7","","2","0","1","1","0"
"POINT (13.231827340000052 52.539188005000028)","Unfall 236100 (2023) Kat:2, Licht: 2","236100","2","4","6","01","19","7","","2","0","1","1","0"
"POINT (13.432265315000052 52.443693726000049)","Unfall 236101 (2023) Kat:2, Licht: 2","236101","2","4","6","01","17","7","","2","0","1","1","0"
"POINT (13.389494468000066 52.496007965000047)","Unfall 236102 (2023) Kat:3, Licht: 2","236102","3","2","2","01","17","7","","2","0","1","0","0"
"POINT (13.277549374000046 52.633244708000063)","Unfall 236103 (2023) Kat:3, Licht: 0","236103","3","5","1","01","12","7","","0","1","1","0","0"
"POINT (13.391754789000061 52.484173133000070)","Unfall 236104 (2023) Kat:3, Licht: 2","236104","3","5","1","01","22","7","","2","0","1","0","0"
"POINT (13.315964719000021 52.578296903000080)","Unfall 236105 (2023) Kat:3, Licht: 2","236105","3","7","5","01","21","7","","2","0","1","0","0"
"POINT (13.398052325000037 52.517516293000028)","Unfall 236106 (2023) Kat:3, Licht: 2","236106","3","2","5","01","19","7","","2","1","1","0","0"
"POINT (13.363396564000027 52.556568601000038)","Unfall 236107 (2023) Kat:2, Licht: 2","236107","2","4","6","01","19","7","","2","0","1","1","0"
"POINT (13.204791878000037 52.544227620000072)","Unfall 236108 (2023) Kat:3, Licht: 2","236108","3","2","5","01","18","7","","2","0","1","0","0"
"POINT (13.311969952000027 52.568038546000082)","Unfall 236109 (2023) Kat:3, Licht: 0","236109","3","2","5","02","12","7","","0","1","1","0","0"
"POINT (13.328593621000039 52.527186319000066)","Unfall 236110 (2023) Kat:2, Licht: 2","236110","2","4","6","01","16","7","","2","0","1","1","0"
"POINT (13.587866963000067 52.520847405000040)","Unfall 236111 (2023) Kat:3, Licht: 2","236111","3","2","6","01","18","7","","2","0","1","1","0"
"POINT (13.200461395000048 52.538692129000026)","Unfall 236112 (2023) Kat:3, Licht: 2","236112","3","2","6","01","23","7","","2","0","1","1","0"
"POINT (13.358676021000065 52.434150030000069)","Unfall 236113 (2023) Kat:3, Licht: 2","236113","3","3","5","01","22","7","","2","0","1","0","1"
"POINT (13.310493758000064 52.494490651000035)","Unfall 236114 (2023) Kat:2, Licht: 2","236114","2","5","1","01","22","7","","2","0","1","0","0"
"POINT (13.328365665000035 52.507978530000059)","Unfall 236115 (2023) Kat:3, Licht: 2","236115","3","2","6","01","19","7","","2","0","1","1","0"
"POINT (13.581472967000025 52.440706388000081)","Unfall 236116 (2023) Kat:3, Licht: 1","236116","3","4","6","01","16","7","","1","1","1","1","0"
"POINT (13.509969777000038 52.503493357000082)","Unfall 236117 (2023) Kat:3, Licht: 1","236117","3","3","5","01","16","7","","1","0","1","0","0"
"POINT (13.266150028000027 52.502335834000064)","Unfall 236118 (2023) Kat:3, Licht: 0","236118","3","2","5","01","09","7","","0","0","1","0","0"
"POINT (13.364678630000071 52.562722035000036)","Unfall 236119 (2023) Kat:3, Licht: 2","236119","3","2","5","01","05","7","","2","1","1","0","0"
"POINT (13.349190970000052 52.489396386000067)","Unfall 236120 (2023) Kat:3, Licht: 2","236120","3","3","5","01","21","7","","2","0","1","0","0"
"POINT (13.394395465000059 52.426713215000063)","Unfall 236121 (2023) Kat:3, Licht: 2","236121","3","4","6","01","19","7","","2","0","1","1","0"
"POINT (13.434152536000056 52.480243819000066)","Unfall 236122 (2023) Kat:3, Licht: 2","236122","3","2","5","01","18","7","","2","1","1","0","0"
"POINT (13.385335610000027 52.468588664000038)","Unfall 236123 (2023) Kat:2, Licht: 2","236123","2","2","6","01","17","7","","2","0","1","1","0"
"POINT (13.331000216000064 52.495422570000073)","Unfall 236124 (2023) Kat:3, Licht: 2","236124","3","3","5","01","06","7","","2","0","1","0","0"
"POINT (13.376130018000026 52.538207161000059)","Unfall 236125 (2023) Kat:3, Licht: 2","236125","3","5","1","01","17","6","","2","1","1","0","0"
"POINT (13.569121360000054 52.444048558000077)","Unfall 236126 (2023) Kat:3, Licht: 2","236126","3","7","6","01","17","6","","2","1","0","1","0"
"POINT (13.555760400000054 52.570232341000064)","Unfall 236127 (2023) Kat:3, Licht: 2","236127","3","3","5","01","07","6","","2","1","1","0","0"
"POINT (13.412343790000023 52.544439664000038)","Unfall 236128 (2023) Kat:3, Licht: 2","236128","3","2","5","01","22","6","","2","1","1","0","0"
"POINT (13.309687112000063 52.431279368000048)","Unfall 236129 (2023) Kat:3, Licht: 2","236129","3","2","5","01","18","6","","2","0","1","0","0"
"POINT (13.378550752000024 52.544775051000045)","Unfall 236130 (2023) Kat:3, Licht: 2","236130","3","2","5","01","17","6","","2","1","1","0","0"
"POINT (13.360851952000075 52.494441975000029)","Unfall 236131 (2023) Kat:3, Licht: 2","236131","3","3","5","01","18","6","","2","1","1","0","0"
"POINT (13.273282915000038 52.409788527000046)","Unfall 236132 (2023) Kat:2, Licht: 2","236132","2","6","2","01","18","6","","2","0","1","0","0"
"POINT (13.188379993000069 52.546769266000069)","Unfall 236133 (2023) Kat:3, Licht: 0","236133","3","4","6","01","12","6","","0","0","1","1","0"
"POINT (13.416992893000042 52.401462675000062)","Unfall 236134 (2023) Kat:3, Licht: 0","236134","3","3","5","01","12","6","","0","0","1","0","0"
"POINT (13.504352048000044 52.418326897000043)","Unfall 236135 (2023) Kat:3, Licht: 2","236135","3","2","5","01","20","6","","2","0","1","0","1"
"POINT (13.442234409000037 52.465579364000064)","Unfall 236136 (2023) Kat:3, Licht: 1","236136","3","3","5","01","15","6","","1","1","1","0","0"
"POINT (13.362984780000033 52.548808524000037)","Unfall 236137 (2023) Kat:3, Licht: 2","236137","3","3","5","01","19","6","","2","0","1","0","1"
"POINT (13.520740604000025 52.571156818000077)","Unfall 236138 (2023) Kat:2, Licht: 2","236138","2","1","9","01","18","6","","2","0","0","0","0"
"POINT (13.453430749000063 52.473578547000045)","Unfall 236139 (2023) Kat:3, Licht: 0","236139","3","7","6","01","12","6","","0","0","1","1","0"
"POINT (13.299432797000065 52.579016961000036)","Unfall 236140 (2023) Kat:2, Licht: 0","236140","2","6","2","01","14","6","","0","0","1","0","0"
"POINT (13.377433698000061 52.522157606000064)","Unfall 236141 (2023) Kat:3, Licht: 0","236141","3","3","5","01","08","6","","0","1","1","0","0"
"POINT (13.546602468000060 52.418703728000082)","Unfall 236142 (2023) Kat:3, Licht: 1","236142","3","3","5","01","08","6","","1","1","1","0","0"
"POINT (13.608455009000068 52.471134223000035)","Unfall 236143 (2023) Kat:3, Licht: 2","236143","3","7","8","01","01","6","","2","0","1","0","0"
"POINT (13.386631223000052 52.490077364000058)","Unfall 236144 (2023) Kat:3, Licht: 0","236144","3","2","5","01","09","6","","0","1","0","0","1"
"POINT (13.491100690000053 52.538048199000059)","Unfall 236145 (2023) Kat:3, Licht: 2","236145","3","3","5","01","06","6","","2","1","1","0","0"
"POINT (13.375722108000048 52.538126606000048)","Unfall 236146 (2023) Kat:2, Licht: 1","236146","2","3","5","01","05","6","","1","0","1","0","1"
"POINT (13.490272366000056 52.514578669000059)","Unfall 236147 (2023) Kat:3, Licht: 0","236147","3","4","6","01","15","5","","0","0","1","1","0"
"POINT (13.299943254000027 52.521336029000054)","Unfall 236148 (2023) Kat:3, Licht: 0","236148","3","3","5","01","16","5","","0","1","1","0","0"
"POINT (13.371336264000035 52.553955426000073)","Unfall 236149 (2023) Kat:3, Licht: 0","236149","3","2","5","01","12","5","","0","1","1","0","0"
"POINT (13.405770656000072 52.514035144000047)","Unfall 236150 (2023) Kat:3, Licht: 2","236150","3","2","5","01","20","5","","2","0","1","0","1"
"POINT (13.581738083000062 52.440253198000050)","Unfall 236151 (2023) Kat:3, Licht: 2","236151","3","4","6","01","18","5","","2","0","1","1","0"
"POINT (13.413691163000067 52.493319256000063)","Unfall 236152 (2023) Kat:3, Licht: 0","236152","3","7","0","01","14","5","","0","1","1","0","0"
"POINT (13.282854323000038 52.590553273000069)","Unfall 236153 (2023) Kat:3, Licht: 0","236153","3","7","6","01","13","5","","0","0","0","1","0"
"POINT (13.378851491000034 52.526932700000032)","Unfall 236154 (2023) Kat:3, Licht: 0","236154","3","7","5","01","09","5","","0","1","1","0","0"
"POINT (13.519207680000022 52.513614597000071)","Unfall 236155 (2023) Kat:3, Licht: 2","236155","3","2","6","01","20","5","","2","0","1","1","0"
"POINT (13.485983054000030 52.433260311000026)","Unfall 236156 (2023) Kat:3, Licht: 0","236156","3","3","5","01","09","5","","0","0","1","0","0"
"POINT (13.478116459000034 52.442119218000073)","Unfall 236157 (2023) Kat:3, Licht: 2","236157","3","3","5","01","20","5","","2","1","1","0","0"
"POINT (13.415795050000042 52.527137222000079)","Unfall 236158 (2023) Kat:3, Licht: 2","236158","3","2","5","01","19","5","","2","0","1","0","0"
"POINT (13.417731847000027 52.464705941000034)","Unfall 236159 (2023) Kat:3, Licht: 2","236159","3","6","2","01","16","5","","2","0","1","0","0"
"POINT (13.296495674000028 52.550211574000059)","Unfall 236160 (2023) Kat:3, Licht: 0","236160","3","7","5","01","14","5","","0","0","1","0","0"
"POINT (13.314613129000065 52.547460291000050)","Unfall 236161 (2023) Kat:3, Licht: 0","236161","3","3","5","01","12","5","","0","0","1","0","0"
"POINT (13.389862611000069 52.510562063000066)","Unfall 236162 (2023) Kat:2, Licht: 0","236162","2","6","2","01","10","5","","0","1","0","0","0"
"POINT (13.373401532000059 52.556895025000074)","Unfall 236163 (2023) Kat:3, Licht: 2","236163","3","7","0","01","21","5","","2","0","1","0","0"
"POINT (13.452199521000068 52.512514724000027)","Unfall 236164 (2023) Kat:3, Licht: 0","236164","3","6","3","01","13","5","","0","0","1","0","1"
"POINT (13.467047636000075 52.520221892000052)","Unfall 236165 (2023) Kat:2, Licht: 1","236165","2","2","5","01","16","5","","1","1","1","0","0"
"POINT (13.433442562000039 52.444124811000052)","Unfall 236166 (2023) Kat:3, Licht: 0","236166","3","1","0","01","15","5","","0","0","0","0","1"
"POINT (13.333451777000050 52.429944371000033)","Unfall 236167 (2023) Kat:2, Licht: 0","236167","2","2","5","01","13","5","","0","1","1","0","0"
"POINT (13.703337649000048 52.434756253000046)","Unfall 236168 (2023) Kat:2, Licht: 0","236168","2","1","0","01","13","5","","0","1","0","0","0"
"POINT (13.215451308000070 52.573219680000079)","Unfall 236169 (2023) Kat:3, Licht: 0","236169","3","2","5","01","07","5","","0","0","1","0","0"
"POINT (13.391503983000064 52.555497072000037)","Unfall 236170 (2023) Kat:3, Licht: 0","236170","3","4","6","01","07","5","","0","1","0","1","0"
"POINT (13.309683881000069 52.477749575000075)","Unfall 236171 (2023) Kat:2, Licht: 2","236171","2","1","1","01","23","5","","2","0","1","0","0"
"POINT (13.256988662000026 52.447648934000028)","Unfall 236172 (2023) Kat:3, Licht: 0","236172","3","6","2","01","14","5","","0","0","1","0","0"
"POINT (13.232273377000070 52.541747626000074)","Unfall 236173 (2023) Kat:3, Licht: 0","236173","3","6","2","01","12","5","","0","0","1","0","0"
"POINT (13.392090625000037 52.509583511000073)","Unfall 236174 (2023) Kat:2, Licht: 0","236174","2","3","5","01","07","5","","0","1","1","0","0"
"POINT (13.374751600000025 52.455459457000075)","Unfall 236175 (2023) Kat:3, Licht: 0","236175","3","7","0","01","12","4","","0","0","1","0","0"
"POINT (13.353692258000024 52.509599097000034)","Unfall 236176 (2023) Kat:3, Licht: 1","236176","3","6","2","01","16","4","","1","0","1","0","0"
"POINT (13.402769772000056 52.494053278000081)","Unfall 236177 (2023) Kat:3, Licht: 2","236177","3","3","5","01","23","4","","2","1","0","0","0"
"POINT (13.563805117000072 52.518778599000029)","Unfall 236178 (2023) Kat:3, Licht: 2","236178","3","2","6","01","20","4","","2","0","1","1","0"
"POINT (13.518796544000054 52.509378540000057)","Unfall 236179 (2023) Kat:3, Licht: 1","236179","3","7","6","01","16","4","","1","0","1","1","0"
"POINT (13.382604963000063 52.401934868000069)","Unfall 236180 (2023) Kat:3, Licht: 1","236180","3","6","2","01","16","4","","1","0","1","0","0"
"POINT (13.323932604000049 52.525491900000077)","Unfall 236181 (2023) Kat:2, Licht: 2","236181","2","3","5","01","17","4","","2","0","1","0","0"
"POINT (13.410638111000026 52.408616998000070)","Unfall 236182 (2023) Kat:3, Licht: 0","236182","3","3","5","01","16","4","","0","0","1","0","0"
"POINT (13.387397971000041 52.411666408000031)","Unfall 236183 (2023) Kat:3, Licht: 2","236183","3","3","6","01","16","4","","2","0","1","1","0"
"POINT (13.383149168000045 52.530491292000079)","Unfall 236184 (2023) Kat:3, Licht: 0","236184","3","2","6","01","12","4","","0","0","1","1","0"
"POINT (13.286351634000027 52.491779415000053)","Unfall 236185 (2023) Kat:2, Licht: 0","236185","2","7","6","01","14","4","","0","0","1","1","0"
"POINT (13.331649528000071 52.453404273000046)","Unfall 236186 (2023) Kat:3, Licht: 0","236186","3","6","2","01","14","4","","0","0","1","0","0"
"POINT (13.474496817000045 52.520479932000057)","Unfall 236187 (2023) Kat:3, Licht: 0","236187","3","7","0","01","10","3","","0","0","0","0","0"
"POINT (13.389452571000049 52.513080434000074)","Unfall 236188 (2023) Kat:2, Licht: 0","236188","2","2","6","01","13","4","","0","1","0","1","0"
"POINT (13.270247768000047 52.591142187000059)","Unfall 236189 (2023) Kat:3, Licht: 0","236189","3","4","6","01","09","4","","0","0","1","1","0"
"POINT (13.332125625000060 52.458500149000031)","Unfall 236190 (2023) Kat:3, Licht: 0","236190","3","6","2","01","11","4","","0","0","1","0","0"
"POINT (13.447055927000065 52.606762148000030)","Unfall 236191 (2023) Kat:2, Licht: 0","236191","2","1","0","01","07","4","","0","1","0","0","0"
"POINT (13.254153340000073 52.434075877000055)","Unfall 236192 (2023) Kat:2, Licht: 0","236192","2","3","5","01","09","4","","0","1","1","0","0"
"POINT (13.444083980000073 52.415885756000080)","Unfall 236193 (2023) Kat:3, Licht: 2","236193","3","3","5","01","20","4","","2","1","1","0","0"
"POINT (13.505750316000046 52.563583160000064)","Unfall 236194 (2023) Kat:3, Licht: 2","236194","3","4","6","01","18","4","","2","0","1","1","0"
"POINT (13.523951533000059 52.480632618000072)","Unfall 236195 (2023) Kat:3, Licht: 0","236195","3","3","5","01","14","4","","0","0","1","0","0"
"POINT (13.416241651000064 52.398281398000051)","Unfall 236196 (2023) Kat:3, Licht: 0","236196","3","3","5","01","10","4","","0","0","1","0","0"
"POINT (13.376876337000056 52.511601672000040)","Unfall 236197 (2023) Kat:3, Licht: 0","236197","3","6","2","01","10","4","","0","0","1","0","0"
"POINT (13.387888855000028 52.596539230000076)","Unfall 236198 (2023) Kat:3, Licht: 0","236198","3","5","1","01","08","2","","0","0","1","0","0"
"POINT (13.472309754000037 52.465124840000044)","Unfall 236199 (2023) Kat:3, Licht: 0","236199","3","2","6","01","09","4","","0","0","1","1","0"
"POINT (13.342540516000042 52.434425413000042)","Unfall 236200 (2023) Kat:3, Licht: 2","236200","3","2","6","01","17","3","","2","0","1","1","0"
"POINT (13.255855735000068 52.522336167000049)","Unfall 236201 (2023) Kat:2, Licht: 0","236201","2","7","6","01","15","3","","0","0","1","1","0"
"POINT (13.285645864000060 52.453360584000052)","Unfall 236202 (2023) Kat:3, Licht: 1","236202","3","7","0","01","17","3","","1","0","1","0","0"
"POINT (13.264615485000036 52.419434106000040)","Unfall 236203 (2023) Kat:2, Licht: 2","236203","2","4","6","01","17","3","","2","0","1","1","0"
"POINT (13.392636254000024 52.421228103000033)","Unfall 236204 (2023) Kat:3, Licht: 0","236204","3","6","3","01","08","3","","0","0","1","0","0"
"POINT (13.332838967000043 52.526940087000071)","Unfall 236205 (2023) Kat:3, Licht: 0","236205","3","5","1","01","08","3","","0","1","1","0","0"
"POINT (13.339947852000023 52.518835838000030)","Unfall 236206 (2023) Kat:3, Licht: 2","236206","3","2","5","01","23","3","","2","0","1","0","0"
"POINT (13.206977860000052 52.562084423000044)","Unfall 236207 (2023) Kat:3, Licht: 1","236207","3","2","6","01","17","3","","1","0","1","1","0"
"POINT (13.199293681000029 52.534407059000046)","Unfall 236208 (2023) Kat:2, Licht: 2","236208","2","7","0","01","03","3","","2","0","0","0","1"
"POINT (13.207646532000069 52.538885956000058)","Unfall 236209 (2023) Kat:3, Licht: 1","236209","3","3","0","01","16","3","","1","1","0","0","0"
"POINT (13.349007568000047 52.514759427000058)","Unfall 236210 (2023) Kat:3, Licht: 0","236210","3","3","5","01","13","3","","0","0","1","0","0"
"POINT (13.322383168000044 52.456532006000032)","Unfall 236211 (2023) Kat:2, Licht: 0","236211","2","1","0","01","13","3","","0","0","0","0","1"
"POINT (13.303931180000063 52.584786491000045)","Unfall 236212 (2023) Kat:3, Licht: 0","236212","3","3","5","01","12","3","","0","0","1","0","0"
"POINT (13.392931142000066 52.525074544000063)","Unfall 236213 (2023) Kat:3, Licht: 2","236213","3","2","6","01","21","3","","2","0","1","1","0"
"POINT (13.376584470000068 52.522096311000041)","Unfall 236214 (2023) Kat:3, Licht: 0","236214","3","2","6","01","15","3","","0","0","1","1","0"
"POINT (13.411786202000030 52.523966491000067)","Unfall 236215 (2023) Kat:3, Licht: 2","236215","3","2","5","01","05","3","","2","0","1","0","0"
"POINT (13.381098913000073 52.511057978000053)","Unfall 236216 (2023) Kat:3, Licht: 1","236216","3","2","6","01","17","3","","1","0","1","1","0"
"POINT (13.433637696000062 52.481865969000069)","Unfall 236217 (2023) Kat:3, Licht: 2","236217","3","3","5","01","19","3","","2","1","1","0","0"
"POINT (13.326244107000036 52.538019438000049)","Unfall 236218 (2023) Kat:3, Licht: 0","236218","3","2","5","01","11","3","","0","0","1","0","0"
"POINT (13.499571392000064 52.562295995000056)","Unfall 236219 (2023) Kat:3, Licht: 0","236219","3","3","5","01","14","3","","0","0","1","0","0"
"POINT (13.421823016000076 52.514204513000038)","Unfall 236220 (2023) Kat:3, Licht: 0","236220","3","2","5","01","10","3","","0","1","1","0","0"
"POINT (13.403525568000077 52.463436383000044)","Unfall 236221 (2023) Kat:3, Licht: 2","236221","3","6","2","01","19","3","","2","0","1","0","1"
"POINT (13.483586511000055 52.431228760000067)","Unfall 236222 (2023) Kat:3, Licht: 0","236222","3","3","5","01","08","3","","0","0","1","0","0"
"POINT (13.355201060000070 52.509725385000081)","Unfall 236223 (2023) Kat:3, Licht: 0","236223","3","4","6","01","08","3","","0","0","0","1","0"
"POINT (13.276831707000042 52.507092371000056)","Unfall 236224 (2023) Kat:3, Licht: 2","236224","3","6","2","01","17","3","","2","0","1","0","0"
"POINT (13.511826215000042 52.550713065000082)","Unfall 236225 (2023) Kat:2, Licht: 0","236225","2","2","5","01","14","3","","0","1","1","0","0"
"POINT (13.426792282000065 52.567872991000058)","Unfall 236226 (2023) Kat:3, Licht: 0","236226","3","3","5","01","14","3","","0","1","1","0","0"
"POINT (13.346031704000040 52.495866752000040)","Unfall 236227 (2023) Kat:3, Licht: 0","236227","3","2","6","01","14","3","","0","0","1","1","0"
"POINT (13.428774962000034 52.585055185000044)","Unfall 236228 (2023) Kat:2, Licht: 0","236228","2","4","6","01","10","3","","0","0","1","1","0"
"POINT (13.379623776000074 52.506604457000037)","Unfall 236229 (2023) Kat:2, Licht: 0","236229","2","2","2","01","10","3","","0","1","1","0","0"
"POINT (13.511366211000052 52.504370769000047)","Unfall 236230 (2023) Kat:3, Licht: 1","236230","3","2","6","01","07","3","","1","0","1","1","0"
"POINT (13.395928919000028 52.532487774000060)","Unfall 236231 (2023) Kat:3, Licht: 0","236231","3","7","2","01","09","3","","0","1","1","0","0"
"POINT (13.488283992000049 52.413287141000069)","Unfall 236232 (2023) Kat:3, Licht: 0","236232","3","3","5","01","14","3","","0","1","1","0","0"
"POINT (13.330675130000031 52.487222817000031)","Unfall 236233 (2023) Kat:3, Licht: 2","236233","3","3","5","01","19","2","","2","1","1","0","0"
"POINT (13.441555822000055 52.476152841000044)","Unfall 236234 (2023) Kat:3, Licht: 0","236234","3","7","6","01","15","2","","0","0","1","1","0"
"POINT (13.508701984000027 52.560214623000036)","Unfall 236235 (2023) Kat:3, Licht: 0","236235","3","4","6","01","10","2","","0","0","0","1","0"
"POINT (13.216939836000051 52.537779698000065)","Unfall 236236 (2023) Kat:3, Licht: 0","236236","3","6","2","01","09","2","","0","0","1","0","0"
"POINT (13.318295662000025 52.508948134000036)","Unfall 236237 (2023) Kat:3, Licht: 0","236237","3","1","8","01","12","2","","0","0","0","0","0"
"POINT (13.478033035000067 52.442160752000063)","Unfall 236238 (2023) Kat:2, Licht: 2","236238","2","3","5","01","17","2","","2","1","1","0","0"
"POINT (13.330839520000040 52.500534985000058)","Unfall 236239 (2023) Kat:3, Licht: 0","236239","3","3","5","01","11","2","","0","0","1","0","0"
"POINT (13.272380026000064 52.437303605000068)","Unfall 236240 (2023) Kat:3, Licht: 1","236240","3","3","5","01","07","2","","1","0","1","0","0"
"POINT (13.438138616000060 52.546287695000046)","Unfall 236241 (2023) Kat:3, Licht: 0","236241","3","2","5","01","09","5","","0","1","1","0","0"
"POINT (13.378136448000078 52.507701972000064)","Unfall 236242 (2023) Kat:3, Licht: 2","236242","3","5","1","01","18","2","","2","0","1","0","1"
"POINT (13.329152001000068 52.502545448000035)","Unfall 236243 (2023) Kat:3, Licht: 0","236243","3","7","5","01","08","2","","0","0","1","0","0"
"POINT (13.249872615000072 52.538103427000067)","Unfall 236244 (2023) Kat:2, Licht: 0","236244","2","2","0","01","19","2","","0","1","0","0","0"
"POINT (13.479305189000058 52.521856949000039)","Unfall 236245 (2023) Kat:3, Licht: 0","236245","3","7","1","02","14","5","","0","0","1","0","0"
"POINT (13.539724455000055 52.539819085000033)","Unfall 236246 (2023) Kat:2, Licht: 1","236246","2","3","5","01","16","2","","1","0","1","0","0"
"POINT (13.338710079000066 52.432247877000066)","Unfall 236247 (2023) Kat:3, Licht: 0","236247","3","2","5","01","14","2","","0","1","1","0","0"
"POINT (13.265644158000043 52.536816306000048)","Unfall 236248 (2023) Kat:3, Licht: 2","236248","3","6","2","01","18","2","","2","0","1","0","0"
"POINT (13.561441734000027 52.529512974000056)","Unfall 236249 (2023) Kat:3, Licht: 1","236249","3","3","5","01","15","2","","1","1","1","0","0"
"POINT (13.439775497000028 52.461850483000035)","Unfall 236250 (2023) Kat:3, Licht: 0","236250","3","6","2","01","12","2","","0","0","1","0","0"
"POINT (13.250113673000044 52.421316444000070)","Unfall 236251 (2023) Kat:3, Licht: 0","236251","3","2","5","01","08","2","","0","1","1","0","0"
"POINT (13.585071426000070 52.427824359000056)","Unfall 236252 (2023) Kat:3, Licht: 2","236252","3","2","6","01","07","2","","2","0","1","1","0"
"POINT (13.343847157000027 52.458880290000081)","Unfall 236253 (2023) Kat:3, Licht: 0","236253","3","6","3","01","09","2","","0","1","1","0","0"
"POINT (13.378153622000070 52.485020481000049)","Unfall 236254 (2023) Kat:3, Licht: 0","236254","3","5","1","01","08","2","","0","1","1","0","0"
"POINT (13.445448088000035 52.488241102000075)","Unfall 236255 (2023) Kat:2, Licht: 1","236255","2","7","1","01","16","1","","1","1","1","0","0"
"POINT (13.142292120000036 52.537957763000065)","Unfall 236256 (2023) Kat:3, Licht: 0","236256","3","2","0","01","11","1","","0","1","1","0","0"
"POINT (13.498673154000073 52.410475215000076)","Unfall 236257 (2023) Kat:3, Licht: 2","236257","3","3","5","01","21","1","","2","0","1","0","0"
"POINT (13.323963056000025 52.456094407000080)","Unfall 236258 (2023) Kat:3, Licht: 2","236258","3","2","5","01","22","1","","2","1","1","0","0"
"POINT (13.341115285000058 52.588332381000043)","Unfall 236259 (2023) Kat:3, Licht: 0","236259","3","7","1","01","14","7","","0","0","1","0","0"
"POINT (13.448173350000047 52.477631350000081)","Unfall 236260 (2023) Kat:3, Licht: 2","236260","3","2","6","01","21","1","","2","0","1","1","0"
"POINT (13.466173408000031 52.508475425000029)","Unfall 236261 (2023) Kat:3, Licht: 0","236261","3","2","6","01","11","1","","0","0","0","1","0"
"POINT (13.558137422000073 52.462618564000081)","Unfall 236262 (2023) Kat:3, Licht: 2","236262","3","7","7","01","21","7","","2","0","1","0","0"
"POINT (13.384211369000070 52.523321967000072)","Unfall 236263 (2023) Kat:3, Licht: 0","236263","3","4","6","01","13","7","","0","0","1","1","0"
"POINT (13.413089962000072 52.382869630000073)","Unfall 236264 (2023) Kat:3, Licht: 0","236264","3","3","5","01","12","7","","0","0","1","0","0"
"POINT (13.539102085000025 52.436807652000027)","Unfall 236265 (2023) Kat:3, Licht: 2","236265","3","6","2","01","07","7","","2","0","1","0","0"
"POINT (13.302519223000047 52.506737648000069)","Unfall 236266 (2023) Kat:3, Licht: 2","236266","3","2","6","01","21","7","","2","0","1","1","0"
"POINT (13.566703049000068 52.534866787000055)","Unfall 236267 (2023) Kat:3, Licht: 2","236267","3","6","2","01","18","7","","2","0","1","0","0"
"POINT (13.577606515000070 52.547607222000067)","Unfall 236268 (2023) Kat:3, Licht: 2","236268","3","7","5","01","20","6","","2","0","1","0","0"
"POINT (13.419243096000059 52.572692441000072)","Unfall 236269 (2023) Kat:3, Licht: 2","236269","3","4","6","01","18","7","","2","0","1","1","0"
"POINT (13.340399251000065 52.504226693000078)","Unfall 236270 (2023) Kat:3, Licht: 2","236270","3","3","5","01","18","7","","2","0","1","0","0"
"POINT (13.432369078000022 52.460578157000043)","Unfall 236271 (2023) Kat:2, Licht: 2","236271","2","4","6","01","17","7","","2","0","1","1","0"
"POINT (13.361257022000075 52.481394005000027)","Unfall 236272 (2023) Kat:3, Licht: 2","236272","3","3","5","01","16","7","","2","1","1","0","0"