WKT,Name,OBJECTID,UKATEGORIE,UTYP1,UART,UMONAT,USTUNDE,UWOCHENTAG,STRZUSTAND,ULICHTVERH,ISTRAD,ISTPKW,ISTFUSS,ISTKRAD
"POINT (13.404334287000040 52.581492705000073)","Unfall 236273 (2023) Kat:2, Licht: 2","236273","2","2","6","01","18","7","","2","0","1","1","0"
"POINT (13.194846978000044 52.529078910000067)","Unfall 236274 (2023) Kat:3, Licht: 0","236274","3","6","3","01","14","7","","0","0","1","0","0"
"POINT (13.341608821000023 52.504942294000045)","Unfall 236275 (2023) Kat:2, Licht: 0","236275","2","4","6","01","11","7","","0","0","1","1","0"
"POINT (13.559943434000047 52.555939498000043)","Unfall 236276 (2023) Kat:3, Licht: 2","236276","3","4","6","01","16","7","","2","0","1","1","0"
"POINT (13.314381454000056 52.574612742000056)","Unfall 236277 (2023) Kat:3, Licht: 0","236277","3","3","5","01","15","7","","0","0","1","0","0"
"POINT (13.461099752000052 52.530035319000035)","Unfall 236278 (2023) Kat:3, Licht: 0","236278","3","3","5","01","14","7","","0","0","1","0","0"
"POINT (13.441803636000031 52.482922425000027)","Unfall 236279 (2023) Kat:3, Licht: 0","236279","3","7","0","01","11","7","","0","1","0","0","0"
"POINT (13.389898001000063 52.510341813000082)","Unfall 236280 (2023) Kat:3, Licht: 2","236280","3","3","5","01","04","7","","2","0","1","0","0"
"POINT (13.217360119000034 52.537873392000051)","Unfall 236281 (2023) Kat:2, Licht: 2","236281","2","3","5","01","03","7","","2","0","1","0","0"
"POINT (13.354572307000069 52.509668211000076)","Unfall 236282 (2023) Kat:3, Licht: 2","236282","3","6","2","01","17","7","","2","0","1","0","0"
"POINT (13.387392140000031 52.560091641000042)","Unfall 236283 (2023) Kat:3, Licht: 2","236283","3","6","2","01","22","7","","2","0","1","0","0"
"POINT (13.328259068000023 52.609127827000066)","Unfall 236284 (2023) Kat:2, Licht: 2","236284","2","4","6","01","19","7","","2","0","1","1","0"
"POINT (13.452126068000041 52.452659207000067)","Unfall 236285 (2023) Kat:3, Licht: 2","236285","3","2","6","01","18","7","","2","0","1","1","0"
"POINT (13.379851408000036 52.540179431000070)","Unfall 236286 (2023) Kat:2, Licht: 0","236286","2","3","5","01","13","7","","0","1","1","0","0"
"POINT (13.356965561000038 52.542157946000032)","Unfall 236287 (2023) Kat:3, Licht: 2","236287","3","2","2","01","19","6","","2","1","1","0","0"
"POINT (13.443160871000032 52.500963485000057)","Unfall 236288 (2023) Kat:3, Licht: 2","236288","3","5","0","01","17","6","","2","0","0","0","1"
"POINT (13.464729394000074 52.433287701000040)","Unfall 236289 (2023) Kat:3, Licht: 0","236289","3","5","1","01","12","6","","0","0","1","0","0"
"POINT (13.386378372000024 52.549521196000057)","Unfall 236290 (2023) Kat:3, Licht: 2","236290","3","2","6","01","19","7","","2","0","1","1","0"
"POINT (13.199847330000068 52.546209915000077)","Unfall 236291 (2023) Kat:3, Licht: 0","236291","3","3","5","01","12","6","","0","0","1","0","0"
"POINT (13.315111228000035 52.490895874000046)","Unfall 236292 (2023) Kat:3, Licht: 0","236292","3","3","5","01","09","6","","0","1","1","0","0"
"POINT (13.498158019000073 52.551198999000064)","Unfall 236293 (2023) Kat:3, Licht: 0","236293","3","5","1","01","09","6","","0","0","1","0","0"
"POINT (13.574607803000049 52.444327315000066)","Unfall 236294 (2023) Kat:2, Licht: 0","236294","2","3","5","01","07","6","","0","1","0","0","0"
"POINT (13.372338505000073 52.455590393000080)","Unfall 236295 (2023) Kat:3, Licht: 2","236295","3","3","5","01","07","6","","2","0","1","0","0"
"POINT (13.378116635000026 52.541832798000030)","Unfall 236296 (2023) Kat:3, Licht: 2","236296","3","2","5","01","17","6","","2","0","1","0","0"
"POINT (13.142206051000073 52.532534345000045)","Unfall 236297 (2023) Kat:3, Licht: 0","236297","3","4","6","01","08","6","","0","0","1","1","0"
"POINT (13.374375862000022 52.556819130000065)","Unfall 236298 (2023) Kat:3, Licht: 0","236298","3","6","2","01","15","6","","0","0","1","0","0"
"POINT (13.377773283000067 52.507991934000074)","Unfall 236299 (2023) Kat:3, Licht: 0","236299","3","2","5","01","09","6","","0","1","1","0","0"
"POINT (13.535775887000057 52.430536538000069)","Unfall 236300 (2023) Kat:3, Licht: 2","236300","3","3","5","01","06","6","","2","0","1","0","0"
"POINT (13.404547350000030 52.489678030000050)","Unfall 236301 (2023) Kat:2, Licht: 2","236301","2","5","1","01","18","6","","2","0","1","0","0"
"POINT (13.289325092000070 52.587177104000034)","Unfall 236302 (2023) Kat:3, Licht: 0","236302","3","2","6","01","14","6","","0","0","1","1","0"
"POINT (13.439677826000036 52.523933466000074)","Unfall 236303 (2023) Kat:2, Licht: 0","236303","2","7","6","01","11","6","","0","0","1","1","0"
"POINT (13.375981243000069 52.456383933000041)","Unfall 236304 (2023) Kat:3, Licht: 0","236304","3","2","6","01","07","6","","0","0","1","1","0"
"POINT (13.500721526000063 52.456545143000028)","Unfall 236305 (2023) Kat:3, Licht: 0","236305","3","3","5","01","08","6","","0","1","1","0","0"
"POINT (13.493488291000062 52.470895469000027)","Unfall 236306 (2023) Kat:3, Licht: 2","236306","3","5","1","01","06","6","","2","1","0","0","0"
"POINT (13.471181707000028 52.504984813000078)","Unfall 236307 (2023) Kat:3, Licht: 2","236307","3","1","8","01","06","6","","2","0","1","0","0"
"POINT (13.406564320000030 52.393763868000065)","Unfall 236308 (2023) Kat:3, Licht: 0","236308","3","2","2","01","13","6","","0","0","1","0","0"
"POINT (13.340046257000040 52.595854167000027)","Unfall 236309 (2023) Kat:3, Licht: 0","236309","3","5","1","01","08","2","","0","0","1","0","0"
"POINT (13.188871591000066 52.521550843000057)","Unfall 236310 (2023) Kat:3, Licht: 0","236310","3","2","5","01","11","6","","0","1","1","0","0"
"POINT (13.389295388000050 52.439285601000051)","Unfall 236311 (2023) Kat:3, Licht: 0","236311","3","5","1","01","09","6","","0","0","1","0","0"
"POINT (13.408133323000072 52.534301274000029)","Unfall 236312 (2023) Kat:3, Licht: 0","236312","3","2","5","01","09","6","","0","0","1","0","0"
"POINT (13.322177462000070 52.473562290000075)","Unfall 236313 (2023) Kat:2, Licht: 2","236313","2","3","5","01","07","6","","2","0","1","0","1"
"POINT (13.435666359000038 52.469187954000063)","Unfall 236314 (2023) Kat:3, Licht: 2","236314","3","3","5","01","07","6","","2","0","1","0","0"
"POINT (13.298512913000025 52.453528352000035)","Unfall 236315 (2023) Kat:3, Licht: 2","236315","3","2","6","01","19","5","","2","0","1","1","0"
"POINT (13.373571628000036 52.556881202000056)","Unfall 236316 (2023) Kat:3, Licht: 2","236316","3","2","2","01","18","5","","2","0","1","0","0"
"POINT (13.330768868000064 52.467076176000035)","Unfall 236317 (2023) Kat:3, Licht: 0","236317","3","7","2","01","14","5","","0","0","1","0","0"
"POINT (13.310039714000027 52.431242985000040)","Unfall 236318 (2023) Kat:3, Licht: 0","236318","3","6","2","01","13","5","","0","0","1","0","0"
"POINT (13.339191935000031 52.550405639000076)","Unfall 236319 (2023) Kat:2, Licht: 2","236319","2","2","6","01","07","5","","2","0","1","1","0"
"POINT (13.383918528000038 52.548791587000039)","Unfall 236320 (2023) Kat:3, Licht: 2","236320","3","2","6","01","06","5","","2","0","0","1","0"
"POINT (13.581874426000070 52.439493511000080)","Unfall 236321 (2023) Kat:3, Licht: 2","236321","3","2","5","01","18","5","","2","1","1","0","0"
"POINT (13.397916223000038 52.529463785000075)","Unfall 236322 (2023) Kat:3, Licht: 2","236322","3","6","3","01","17","5","","2","1","1","0","0"
"POINT (13.397451556000021 52.528716196000062)","Unfall 236323 (2023) Kat:3, Licht: 0","236323","3","4","2","01","15","5","","0","1","1","1","0"
"POINT (13.466249687000072 52.508552596000072)","Unfall 236324 (2023) Kat:3, Licht: 2","236324","3","3","5","01","23","5","","2","0","1","0","0"
"POINT (13.343048750000037 52.450436755000055)","Unfall 236325 (2023) Kat:3, Licht: 2","236325","3","6","2","01","23","5","","2","0","1","0","0"
"POINT (13.204050640000048 52.540945359000034)","Unfall 236326 (2023) Kat:3, Licht: 2","236326","3","6","2","01","19","5","","2","0","1","0","0"
"POINT (13.377172090000045 52.476689293000049)","Unfall 236327 (2023) Kat:3, Licht: 0","236327","3","6","2","01","15","5","","0","0","1","0","0"
"POINT (13.439408194000066 52.547624366000036)","Unfall 236328 (2023) Kat:3, Licht: 0","236328","3","6","2","01","14","5","","0","1","1","0","0"
"POINT (13.129312990000074 52.450818643000048)","Unfall 236329 (2023) Kat:3, Licht: 0","236329","3","3","5","01","14","5","","0","1","1","0","0"
"POINT (13.523365172000069 52.452076296000030)","Unfall 236330 (2023) Kat:3, Licht: 0","236330","3","5","1","01","13","5","","0","1","0","0","0"
"POINT (13.435089345000051 52.434237363000079)","Unfall 236331 (2023) Kat:3, Licht: 0","236331","3","6","2","01","13","5","","0","0","1","0","0"
"POINT (13.419863591000023 52.501123023000048)","Unfall 236332 (2023) Kat:3, Licht: 0","236332","3","4","0","01","09","5","","0","0","0","1","1"
"POINT (13.302216297000029 52.518664774000058)","Unfall 236333 (2023) Kat:3, Licht: 0","236333","3","3","5","01","08","5","","0","0","1","0","0"
"POINT (13.203964715000041 52.545259298000076)","Unfall 236334 (2023) Kat:3, Licht: 0","236334","3","3","5","01","12","5","","0","0","1","0","1"
"POINT (13.410029089000034 52.502731839000035)","Unfall 236335 (2023) Kat:3, Licht: 0","236335","3","2","5","01","11","5","","0","1","1","0","0"
"POINT (13.309175901000060 52.500476655000057)","Unfall 236336 (2023) Kat:3, Licht: 0","236336","3","4","6","01","10","5","","0","0","1","1","0"
"POINT (13.198383378000074 52.532860754000069)","Unfall 236337 (2023) Kat:3, Licht: 0","236337","3","2","2","01","12","2","","0","0","1","0","0"
"POINT (13.559880603000067 52.435489828000073)","Unfall 236338 (2023) Kat:3, Licht: 0","236338","3","7","0","01","08","5","","0","0","1","0","1"
"POINT (13.232581277000065 52.539423922000026)","Unfall 236339 (2023) Kat:3, Licht: 2","236339","3","2","6","01","05","5","","2","0","1","1","0"
"POINT (13.411085711000055 52.533154434000039)","Unfall 236340 (2023) Kat:3, Licht: 2","236340","3","5","1","01","18","5","","2","1","1","0","0"
"POINT (13.346952050000027 52.524813351000034)","Unfall 236341 (2023) Kat:3, Licht: 0","236341","3","3","5","01","14","5","","0","0","1","0","1"
"POINT (13.335742945000050 52.499716327000044)","Unfall 236342 (2023) Kat:3, Licht: 0","236342","3","6","2","01","11","5","","0","0","1","0","0"
"POINT (13.194597574000056 52.533627269000078)","Unfall 236343 (2023) Kat:2, Licht: 2","236343","2","2","6","01","07","5","","2","0","1","1","0"
"POINT (13.371885715000076 52.538961706000066)","Unfall 236344 (2023) Kat:2, Licht: 2","236344","2","4","6","01","20","5","","2","0","1","1","0"
"POINT (13.372045732000061 52.508562643000062)","Unfall 236345 (2023) Kat:2, Licht: 0","236345","2","5","1","01","09","5","","0","1","1","0","0"
"POINT (13.295150866000029 52.506967323000026)","Unfall 236346 (2023) Kat:2, Licht: 2","236346","2","2","6","01","06","5","","2","0","1","1","0"
"POINT (13.432934902000056 52.518022640000027)","Unfall 236347 (2023) Kat:3, Licht: 2","236347","3","3","5","01","16","4","","2","0","1","0","0"
"POINT (13.517167548000032 52.535409933000039)","Unfall 236348 (2023) Kat:3, Licht: 2","236348","3","3","5","01","19","4","","2","0","1","0","0"
"POINT (13.276469038000073 52.628188489000081)","Unfall 236349 (2023) Kat:2, Licht: 2","236349","2","4","6","01","18","4","","2","0","1","1","0"
"POINT (13.199295748000054 52.534807175000026)","Unfall 236350 (2023) Kat:3, Licht: 2","236350","3","4","6","01","17","4","","2","0","0","1","0"
"POINT (13.608167236000043 52.517422053000075)","Unfall 236351 (2023) Kat:3, Licht: 0","236351","3","5","1","01","15","4","","0","0","1","0","0"
"POINT (13.275412215000074 52.575774107000029)","Unfall 236352 (2023) Kat:3, Licht: 0","236352","3","6","2","01","14","4","","0","0","1","0","0"
"POINT (13.321432567000045 52.451277219000076)","Unfall 236353 (2023) Kat:3, Licht: 0","236353","3","7","2","01","10","4","","0","0","1","0","0"
"POINT (13.419627471000069 52.506170991000033)","Unfall 236354 (2023) Kat:2, Licht: 2","236354","2","2","5","01","22","4","","2","1","1","0","0"
"POINT (13.423774791000028 52.585940511000047)","Unfall 236355 (2023) Kat:3, Licht: 0","236355","3","6","2","01","07","4","","0","0","1","0","0"
"POINT (13.341352381000036 52.528605673000072)","Unfall 236356 (2023) Kat:3, Licht: 2","236356","3","5","5","01","17","4","","2","1","1","0","0"
"POINT (13.600335634000032 52.518833016000031)","Unfall 236357 (2023) Kat:3, Licht: 2","236357","3","4","6","01","06","4","","2","0","1","1","0"
"POINT (13.165542270000060 52.551071829000080)","Unfall 236358 (2023) Kat:3, Licht: 2","236358","3","2","6","01","20","4","","2","0","1","1","0"
"POINT (13.415095587000053 52.538398764000078)","Unfall 236359 (2023) Kat:3, Licht: 2","236359","3","3","5","01","18","4","","2","1","1","0","0"
"POINT (13.428158904000043 52.479975878000062)","Unfall 236360 (2023) Kat:3, Licht: 1","236360","3","4","6","01","16","4","","1","0","1","1","0"
"POINT (13.354954011000075 52.413291292000054)","Unfall 236361 (2023) Kat:3, Licht: 0","236361","3","6","2","01","13","4","","0","0","1","0","0"
"POINT (13.411713626000051 52.504888955000069)","Unfall 236362 (2023) Kat:3, Licht: 0","236362","3","7","2","01","14","4","","0","0","1","0","0"
"POINT (13.432443464000073 52.594002022000041)","Unfall 236363 (2023) Kat:3, Licht: 0","236363","3","3","5","01","14","4","","0","1","1","0","0"
"POINT (13.426403913000058 52.603160783000078)","Unfall 236364 (2023) Kat:3, Licht: 2","236364","3","3","5","01","07","4","","2","1","0","0","0"
"POINT (13.587029634000032 52.512452797000037)","Unfall 236365 (2023) Kat:3, Licht: 1","236365","3","3","5","01","15","4","","1","1","1","0","0"
"POINT (13.434397625000031 52.504126283000062)","Unfall 236366 (2023) Kat:3, Licht: 0","236366","3","7","5","01","13","4","","0","0","1","0","1"
"POINT (13.412291773000049 52.505628906000027)","Unfall 236367 (2023) Kat:2, Licht: 1","236367","2","5","1","01","17","4","","1","1","1","0","0"
"POINT (13.464759671000024 52.470313108000028)","Unfall 236368 (2023) Kat:3, Licht: 2","236368","3","7","0","01","23","4","","2","0","1","0","0"
"POINT (13.282985259000043 52.518493006000028)","Unfall 236369 (2023) Kat:3, Licht: 2","236369","3","2","5","01","20","4","","2","1","1","0","0"
"POINT (13.434257328000058 52.462924662000034)","Unfall 236370 (2023) Kat:3, Licht: 2","236370","3","4","6","01","17","4","","2","1","0","1","0"
"POINT (13.574966265000057 52.547125313000038)","Unfall 236371 (2023) Kat:2, Licht: 2","236371","2","2","6","01","17","4","","2","0","1","1","0"
"POINT (13.577290558000072 52.455762659000072)","Unfall 236372 (2023) Kat:2, Licht: 2","236372","2","2","6","01","17","4","","2","0","1","1","0"
"POINT (13.506953759000055 52.496975298000052)","Unfall 236373 (2023) Kat:2, Licht: 2","236373","2","2","6","01","17","4","","2","0","1","1","0"
"POINT (13.294020344000046 52.533409199000062)","Unfall 236374 (2023) Kat:3, Licht: 2","236374","3","6","3","01","17","4","","2","1","1","0","0"
"POINT (13.573520344000030 52.552329912000062)","Unfall 236375 (2023) Kat:3, Licht: 2","236375","3","7","2","01","16","4","","2","0","1","0","1"
"POINT (13.434628234000058 52.553642184000068)","Unfall 236376 (2023) Kat:3, Licht: 0","236376","3","3","0","01","14","4","","0","0","1","0","0"
"POINT (13.272178602000054 52.498797227000068)","Unfall 236377 (2023) Kat:3, Licht: 2","236377","3","2","3","01","18","6","","2","0","1","0","1"
"POINT (13.388677055000073 52.500848421000057)","Unfall 236378 (2023) Kat:2, Licht: 2","236378","2","4","6","01","16","4","","2","0","1","1","0"
"POINT (13.400474072000065 52.505442321000032)","Unfall 236379 (2023) Kat:3, Licht: 0","236379","3","5","0","01","13","4","","0","0","0","0","1"
"POINT (13.334151707000046 52.589695490000054)","Unfall 236380 (2023) Kat:3, Licht: 0","236380","3","2","5","01","12","4","","0","0","1","0","0"
"POINT (13.328296746000035 52.532929736000028)","Unfall 236381 (2023) Kat:3, Licht: 0","236381","3","2","2","01","07","4","","0","1","0","0","1"
"POINT (13.355449549000070 52.577634671000055)","Unfall 236382 (2023) Kat:3, Licht: 0","236382","3","3","5","01","08","4","","0","0","1","0","0"
"POINT (13.194013525000059 52.555556427000056)","Unfall 236383 (2023) Kat:3, Licht: 2","236383","3","4","6","01","07","4","","2","0","1","1","0"
"POINT (13.391082559000040 52.536242999000081)","Unfall 236384 (2023) Kat:3, Licht: 0","236384","3","3","5","01","08","4","","0","1","0","0","1"
"POINT (13.432823254000027 52.595815794000032)","Unfall 236385 (2023) Kat:3, Licht: 2","236385","3","2","5","01","20","3","","2","0","1","0","0"
"POINT (13.430770165000069 52.557075041000076)","Unfall 236386 (2023) Kat:3, Licht: 2","236386","3","1","0","01","17","3","","2","1","0","0","0"
"POINT (13.377771314000029 52.507907669000076)","Unfall 236387 (2023) Kat:3, Licht: 1","236387","3","3","5","01","07","3","","1","0","1","0","1"
"POINT (13.457763064000062 52.485397184000078)","Unfall 236388 (2023) Kat:3, Licht: 2","236388","3","3","5","01","19","3","","2","0","1","0","0"
"POINT (13.421016291000058 52.467388363000055)","Unfall 236389 (2023) Kat:3, Licht: 2","236389","3","6","2","01","19","3","","2","1","1","0","0"
"POINT (13.383476310000049 52.530692502000079)","Unfall 236390 (2023) Kat:3, Licht: 0","236390","3","6","2","01","14","3","","0","0","1","0","0"
"POINT (13.420628220000026 52.487280388000045)","Unfall 236391 (2023) Kat:3, Licht: 2","236391","3","1","9","02","04","1","","2","0","1","0","0"
"POINT (13.512715481000043 52.565990040000031)","Unfall 236392 (2023) Kat:3, Licht: 0","236392","3","5","1","01","13","3","","0","0","0","0","0"
"POINT (13.463976043000059 52.466274824000038)","Unfall 236393 (2023) Kat:3, Licht: 1","236393","3","4","6","01","07","3","","1","0","0","1","0"
"POINT (13.436395237000056 52.449153590000037)","Unfall 236394 (2023) Kat:3, Licht: 0","236394","3","4","1","01","15","3","","0","0","0","1","0"
"POINT (13.302121207000027 52.438189090000037)","Unfall 236395 (2023) Kat:3, Licht: 0","236395","3","3","0","01","11","3","","0","0","1","0","1"
"POINT (13.524052990000030 52.428442059000076)","Unfall 236396 (2023) Kat:3, Licht: 0","236396","3","2","5","01","10","3","","0","1","1","0","0"
"POINT (13.295487785000034 52.597028758000079)","Unfall 236397 (2023) Kat:3, Licht: 0","236397","3","6","2","01","10","3","","0","0","1","0","0"
"POINT (13.412178767000057 52.498751503000051)","Unfall 236398 (2023) Kat:3, Licht: 2","236398","3","3","5","01","20","3","","2","0","1","0","0"
"POINT (13.406473054000060 52.393761972000050)","Unfall 236399 (2023) Kat:3, Licht: 1","236399","3","2","5","01","16","3","","1","0","1","0","0"
"POINT (13.378960630000051 52.406916599000056)","Unfall 236400 (2023) Kat:3, Licht: 0","236400","3","6","2","01","07","3","","0","0","1","0","0"
"POINT (13.165466640000034 52.551234189000070)","Unfall 236401 (2023) Kat:3, Licht: 0","236401","3","2","5","01","07","3","","0","0","1","0","0"
"POINT (13.199414731000047 52.545093276000046)","Unfall 236402 (2023) Kat:3, Licht: 0","236402","3","4","6","01","11","3","","0","0","1","1","0"
"POINT (13.549293962000036 52.436078670000029)","Unfall 236403 (2023) Kat:2, Licht: 2","236403","2","4","6","01","06","3","","2","0","1","1","0"
"POINT (13.330163011000025 52.525620706000041)","Unfall 236404 (2023) Kat:3, Licht: 2","236404","3","2","5","01","07","3","","2","1","1","0","0"
"POINT (13.381883922000043 52.396994735000078)","Unfall 236405 (2023) Kat:3, Licht: 0","236405","3","3","5","01","15","3","","0","0","1","0","0"
"POINT (13.185802524000053 52.515375032000065)","Unfall 236406 (2023) Kat:3, Licht: 1","236406","3","6","2","01","15","3","","1","0","1","0","0"
"POINT (13.496514209000054 52.415733380000063)","Unfall 236407 (2023) Kat:3, Licht: 0","236407","3","2","5","01","12","3","","0","0","1","0","0"
"POINT (13.353825785000026 52.562091476000035)","Unfall 236408 (2023) Kat:3, Licht: 2","236408","3","2","2","01","18","3","","2","0","1","0","0"
"POINT (13.344738085000074 52.554034068000078)","Unfall 236409 (2023) Kat:3, Licht: 1","236409","3","6","2","01","17","3","","1","0","1","0","0"
"POINT (13.534604676000072 52.538942932000054)","Unfall 236410 (2023) Kat:3, Licht: 0","236410","3","6","2","01","15","3","","0","0","1","0","1"
"POINT (13.418721263000066 52.499116999000080)","Unfall 236411 (2023) Kat:2, Licht: 0","236411","2","3","5","01","12","3","","0","0","1","0","0"
"POINT (13.498015297000052 52.538658760000033)","Unfall 236412 (2023) Kat:2, Licht: 0","236412","2","4","6","01","12","3","","0","0","1","1","0"
"POINT (13.442397013000061 52.465737673000035)","Unfall 236413 (2023) Kat:3, Licht: 0","236413","3","2","5","01","10","3","","0","0","1","0","0"
"POINT (13.324877695000055 52.455723495000029)","Unfall 236414 (2023) Kat:3, Licht: 0","236414","3","6","2","01","12","5","","0","0","1","0","0"
"POINT (13.402953359000037 52.494085055000028)","Unfall 236415 (2023) Kat:3, Licht: 0","236415","3","3","5","01","09","3","","0","0","0","0","1"
"POINT (13.556469090000064 52.447219993000033)","Unfall 236416 (2023) Kat:2, Licht: 2","236416","2","6","3","02","06","4","","2","1","1","0","0"
"POINT (13.383906567000054 52.555754330000070)","Unfall 236417 (2023) Kat:3, Licht: 1","236417","3","2","5","01","07","3","","1","1","1","0","0"
"POINT (13.504076400000031 52.567274893000047)","Unfall 236418 (2023) Kat:2, Licht: 2","236418","2","2","6","01","07","3","","2","0","1","1","0"
"POINT (13.455149473000063 52.430090824000047)","Unfall 236419 (2023) Kat:3, Licht: 0","236419","3","6","2","01","12","2","","0","0","1","0","1"
"POINT (13.409494158000030 52.535637419000068)","Unfall 236420 (2023) Kat:3, Licht: 2","236420","3","3","5","01","18","2","","2","1","0","0","0"
"POINT (13.342309129000057 52.517903924000052)","Unfall 236421 (2023) Kat:3, Licht: 2","236421","3","6","3","01","21","2","","2","0","1","0","0"
"POINT (13.353952792000030 52.596570857000074)","Unfall 236422 (2023) Kat:3, Licht: 0","236422","3","4","6","01","14","2","","0","0","1","1","0"
"POINT (13.247534564000034 52.524756002000061)","Unfall 236423 (2023) Kat:3, Licht: 0","236423","3","6","2","01","13","2","","0","0","1","0","0"
"POINT (13.313274127000057 52.502238945000045)","Unfall 236424 (2023) Kat:3, Licht: 0","236424","3","7","6","01","13","2","","0","0","1","1","0"
"POINT (13.356420699000068 52.535895361000030)","Unfall 236425 (2023) Kat:3, Licht: 0","236425","3","3","5","01","10","2","","0","1","0","0","0"
"POINT (13.577198360000068 52.455769746000044)","Unfall 236426 (2023) Kat:3, Licht: 2","236426","3","2","5","01","23","2","","2","1","0","0","0"
"POINT (13.377137145000063 52.556596982000030)","Unfall 236427 (2023) Kat:3, Licht: 2","236427","3","2","5","01","17","2","","2","1","1","0","0"
"POINT (13.480981752000048 52.609138316000042)","Unfall 236428 (2023) Kat:3, Licht: 2","236428","3","6","3","01","05","2","","2","1","0","0","0"
"POINT (13.292731369000023 52.576497886000027)","Unfall 236429 (2023) Kat:3, Licht: 0","236429","3","1","8","01","14","2","","0","0","1","1","0"
"POINT (13.430065236000075 52.503534842000079)","Unfall 236430 (2023) Kat:3, Licht: 0","236430","3","3","5","01","14","2","","0","1","1","0","0"
"POINT (13.388246068000058 52.520442166000066)","Unfall 236431 (2023) Kat:3, Licht: 0","236431","3","1","0","01","10","2","","0","1","0","0","0"
"POINT (13.236930621000056 52.529043502000036)","Unfall 236432 (2023) Kat:2, Licht: 1","236432","2","6","2","01","07","2","","1","1","1","0","0"
"POINT (13.353275386000064 52.596532340000067)","Unfall 236433 (2023) Kat:3, Licht: 2","236433","3","3","5","01","19","2","","2","0","1","0","1"
"POINT (13.266939684000022 52.411917900000049)","Unfall 236434 (2023) Kat:3, Licht: 2","236434","3","4","6","01","16","2","","2","0","1","1","0"
"POINT (13.343154686000048 52.474442147000047)","Unfall 236435 (2023) Kat:3, Licht: 1","236435","3","5","1","01","16","2","","1","1","1","0","0"
"POINT (13.322603817000072 52.487646105000067)","Unfall 236436 (2023) Kat:3, Licht: 0","236436","3","2","5","01","12","2","","0","1","1","0","0"
"POINT (13.534714699000062 52.451845640000045)","Unfall 236437 (2023) Kat:3, Licht: 0","236437","3","1","0","01","11","2","","0","0","1","0","0"
"POINT (13.572338554000055 52.451191765000033)","Unfall 236438 (2023) Kat:3, Licht: 0","236438","3","4","6","01","16","4","","0","0","1","1","0"
"POINT (13.446898828000030 52.468240660000049)","Unfall 236439 (2023) Kat:2, Licht: 0","236439","2","2","5","01","10","2","","0","0","1","0","0"
"POINT (13.524580632000038 52.478928342000074)","Unfall 236440 (2023) Kat:3, Licht: 1","236440","3","6","2","01","07","2","","1","0","1","0","1"
"POINT (13.307536968000022 52.419905910000068)","Unfall 236441 (2023) Kat:3, Licht: 2","236441","3","6","2","01","17","2","","2","0","1","0","0"
"POINT (13.264756737000027 52.536899239000036)","Unfall 236442 (2023) Kat:3, Licht: 1","236442","3","2","6","01","07","2","","1","0","1","1","0"
"POINT (13.453384896000046 52.591380686000036)","Unfall 236443 (2023) Kat:3, Licht: 2","236443","3","2","6","01","07","2","","2","0","0","1","0"
"POINT (13.482105676000060 52.431945278000057)","Unfall 236444 (2023) Kat:3, Licht: 1","236444","3","3","5","01","07","2","","1","0","1","0","0"
"POINT (13.365673042000026 52.557129302000078)","Unfall 236445 (2023) Kat:2, Licht: 2","236445","2","2","6","01","17","1","","2","0","1","1","0"
"POINT (13.423457679000023 52.523809542000038)","Unfall 236446 (2023) Kat:3, Licht: 1","236446","3","7","5","01","15","1","","1","0","1","0","0"
"POINT (13.337407850000034 52.558636558000046)","Unfall 236447 (2023) Kat:3, Licht: 0","236447","3","2","5","01","14","1","","0","0","1","0","0"
"POINT (13.468335501000070 52.472249411000064)","Unfall 236448 (2023) Kat:3, Licht: 0","236448","3","1","8","01","13","1","","0","0","1","0","0"
"POINT (13.519990228000040 52.562060619000079)","Unfall 236449 (2023) Kat:2, Licht: 2","236449","2","7","0","01","02","1","","2","0","0","0","0"
"POINT (13.338982762000057 52.450912839000068)","Unfall 236450 (2023) Kat:3, Licht: 2","236450","3","5","1","01","19","7","","2","0","1","0","0"
"POINT (13.307542223000041 52.512815998000065)","Unfall 236451 (2023) Kat:3, Licht: 2","236451","3","6","3","01","20","7","","2","0","1","0","0"
"POINT (13.426491535000025 52.456923837000033)","Unfall 236452 (2023) Kat:3, Licht: 2","236452","3","6","3","01","17","7","","2","1","1","0","0"
"POINT (13.317136040000037 52.614851515000055)","Unfall 236453 (2023) Kat:2, Licht: 0","236453","2","6","4","01","15","7","","0","0","1","0","0"
"POINT (13.335070494000036 52.485904432000041)","Unfall 236454 (2023) Kat:2, Licht: 2","236454","2","3","5","01","16","7","","2","0","1","0","1"
"POINT (13.492849823000029 52.430016623000029)","Unfall 236455 (2023) Kat:3, Licht: 0","236455","3","2","3","01","12","7","","0","1","1","0","1"
"POINT (13.429721852000057 52.551527953000061)","Unfall 236456 (2023) Kat:3, Licht: 2","236456","3","7","2","01","18","7","","2","1","1","0","0"
"POINT (13.262411542000052 52.451419996000027)","Unfall 236457 (2023) Kat:3, Licht: 0","236457","3","3","5","01","14","7","","0","1","1","0","0"
"POINT (13.453650020000055 52.533030040000028)","Unfall 236458 (2023) Kat:3, Licht: 0","236458","3","2","5","01","12","7","","0","0","1","0","0"
"POINT (13.306550298000047 52.525728066000056)","Unfall 236459 (2023) Kat:3, Licht: 2","236459","3","6","2","01","17","7","","2","0","1","0","0"