WKT,Name,OBJECTID,UKATEGORIE,UTYP1,UART,UMONAT,USTUNDE,UWOCHENTAG,STRZUSTAND,ULICHTVERH,ISTRAD,ISTPKW,ISTFUSS,ISTKRAD
"POINT (13.366942406000021 52.552158616000042)","Unfall 236460 (2023) Kat:3, Licht: 0","236460","3","4","6","01","11","7","","0","0","1","1","0"
"POINT (13.399723976000075 52.542242171000055)","Unfall 236461 (2023) Kat:3, Licht: 2","236461","3","7","6","01","17","7","","2","0","1","1","0"
"POINT (13.470153723000067 52.502259550000076)","Unfall 236462 (2023) Kat:3, Licht: 2","236462","3","6","3","01","16","7","","2","0","1","0","0"
"POINT (13.408926645000065 52.526856183000064)","Unfall 236463 (2023) Kat:2, Licht: 0","236463","2","3","5","01","14","7","","0","1","0","0","0"
"POINT (13.515993923000053 52.511552442000038)","Unfall 236464 (2023) Kat:3, Licht: 0","236464","3","7","0","01","13","7","","0","0","1","0","0"
"POINT (13.438149991000046 52.417543228000056)","Unfall 236465 (2023) Kat:3, Licht: 2","236465","3","2","5","01","00","7","","2","0","1","0","0"
"POINT (13.407815966000044 52.573336199000039)","Unfall 236466 (2023) Kat:3, Licht: 2","236466","3","6","2","01","22","7","","2","1","1","0","0"
"POINT (13.403469652000069 52.526638151000043)","Unfall 236467 (2023) Kat:3, Licht: 0","236467","3","6","2","01","14","7","","0","0","1","0","0"
"POINT (13.509406534000050 52.502055443000074)","Unfall 236468 (2023) Kat:3, Licht: 0","236468","3","4","6","01","15","7","","0","0","1","1","0"
"POINT (13.207725616000062 52.562038711000071)","Unfall 236469 (2023) Kat:3, Licht: 2","236469","3","6","2","01","18","6","","2","0","1","0","0"
"POINT (13.531514598000058 52.458592287000045)","Unfall 236470 (2023) Kat:3, Licht: 2","236470","3","7","6","01","17","6","","2","0","1","1","0"
"POINT (13.384720667000067 52.488039970000045)","Unfall 236471 (2023) Kat:2, Licht: 0","236471","2","1","0","01","10","7","","0","0","0","0","1"
"POINT (13.470633006000071 52.615023640000061)","Unfall 236472 (2023) Kat:3, Licht: 0","236472","3","4","6","01","09","6","","0","0","1","1","0"
"POINT (13.420334269000023 52.548780507000060)","Unfall 236473 (2023) Kat:2, Licht: 0","236473","2","6","2","01","10","6","","0","0","1","0","0"
"POINT (13.165295870000023 52.550996936000047)","Unfall 236474 (2023) Kat:1, Licht: 0","236474","1","4","6","01","09","6","","0","0","1","1","0"
"POINT (13.391757991000077 52.497928484000056)","Unfall 236475 (2023) Kat:3, Licht: 2","236475","3","3","5","01","21","6","","2","1","1","0","0"
"POINT (13.416431876000047 52.510951380000051)","Unfall 236476 (2023) Kat:3, Licht: 2","236476","3","2","5","01","17","6","","2","1","1","0","0"
"POINT (13.476765674000035 52.536964555000054)","Unfall 236477 (2023) Kat:3, Licht: 2","236477","3","3","5","01","20","6","","2","1","1","0","0"
"POINT (13.440039633000026 52.489664582000046)","Unfall 236478 (2023) Kat:3, Licht: 2","236478","3","4","6","01","17","6","","2","0","1","1","0"
"POINT (13.410707812000055 52.497197795000034)","Unfall 236479 (2023) Kat:3, Licht: 2","236479","3","7","6","01","07","6","","2","0","1","1","0"
"POINT (13.408010149000063 52.572955344000036)","Unfall 236480 (2023) Kat:3, Licht: 2","236480","3","4","6","01","07","6","","2","0","1","1","0"
"POINT (13.335852136000028 52.500008492000063)","Unfall 236481 (2023) Kat:3, Licht: 0","236481","3","6","3","01","15","6","","0","1","0","0","0"
"POINT (13.448187806000021 52.477624152000033)","Unfall 236482 (2023) Kat:3, Licht: 2","236482","3","2","6","01","20","6","","2","0","1","1","0"
"POINT (13.335246857000072 52.484564540000065)","Unfall 236483 (2023) Kat:2, Licht: 2","236483","2","3","5","01","20","6","","2","1","1","0","0"
"POINT (13.401027217000035 52.414442110000039)","Unfall 236484 (2023) Kat:3, Licht: 2","236484","3","4","0","01","19","6","","2","0","0","1","1"
"POINT (13.217294145000039 52.611330663000047)","Unfall 236485 (2023) Kat:3, Licht: 0","236485","3","3","5","01","13","6","","0","1","1","0","0"
"POINT (13.474161199000037 52.609894851000035)","Unfall 236486 (2023) Kat:3, Licht: 0","236486","3","3","5","01","14","6","","0","0","1","0","0"
"POINT (13.347426265000024 52.596223835000046)","Unfall 236487 (2023) Kat:3, Licht: 1","236487","3","2","6","01","07","6","","1","0","1","1","0"
"POINT (13.359372926000049 52.546614126000065)","Unfall 236488 (2023) Kat:2, Licht: 0","236488","2","7","0","01","12","5","","0","0","1","1","0"
"POINT (13.430158969000047 52.510512793000032)","Unfall 236489 (2023) Kat:3, Licht: 1","236489","3","2","5","01","16","5","","1","1","1","0","0"
"POINT (13.217242770000041 52.537848599000029)","Unfall 236490 (2023) Kat:3, Licht: 0","236490","3","2","5","01","13","5","","0","1","1","0","0"
"POINT (13.293998213000066 52.445433493000053)","Unfall 236491 (2023) Kat:3, Licht: 0","236491","3","6","3","01","09","5","","0","1","1","0","0"
"POINT (13.360318058000075 52.560588386000063)","Unfall 236492 (2023) Kat:3, Licht: 0","236492","3","3","5","01","09","5","","0","0","1","0","0"
"POINT (13.519735182000034 52.578617052000027)","Unfall 236493 (2023) Kat:3, Licht: 2","236493","3","3","5","01","06","5","","2","0","1","0","0"
"POINT (13.429971569000031 52.486126039000055)","Unfall 236494 (2023) Kat:3, Licht: 2","236494","3","1","9","01","01","1","","2","0","1","0","0"
"POINT (13.495940810000036 52.626005114000066)","Unfall 236495 (2023) Kat:3, Licht: 2","236495","3","2","6","01","06","5","","2","0","1","1","0"
"POINT (13.570955669000057 52.528571677000059)","Unfall 236496 (2023) Kat:3, Licht: 2","236496","3","3","5","01","17","5","","2","1","1","0","0"
"POINT (13.581055089000074 52.548501114000032)","Unfall 236497 (2023) Kat:3, Licht: 2","236497","3","6","2","01","17","5","","2","0","1","0","0"
"POINT (13.266380163000065 52.533942591000027)","Unfall 236498 (2023) Kat:3, Licht: 2","236498","3","2","5","01","06","5","","2","0","0","0","1"
"POINT (13.330036943000039 52.429150772000071)","Unfall 236499 (2023) Kat:3, Licht: 0","236499","3","6","2","01","14","5","","0","0","1","0","0"
"POINT (13.444063641000071 52.484675410000079)","Unfall 236500 (2023) Kat:3, Licht: 0","236500","3","7","2","01","13","5","","0","1","1","0","0"
"POINT (13.479490469000041 52.526879619000056)","Unfall 236501 (2023) Kat:3, Licht: 0","236501","3","4","6","01","09","5","","0","0","0","1","0"
"POINT (13.481175233000044 52.460791401000051)","Unfall 236502 (2023) Kat:3, Licht: 0","236502","3","2","5","01","09","5","","0","0","1","0","0"
"POINT (13.540077463000046 52.534579587000053)","Unfall 236503 (2023) Kat:3, Licht: 2","236503","3","2","5","01","06","5","","2","0","1","0","0"
"POINT (13.351599837000037 52.440081999000029)","Unfall 236504 (2023) Kat:3, Licht: 2","236504","3","2","6","01","19","5","","2","0","1","1","0"
"POINT (13.424110454000072 52.608686539000075)","Unfall 236505 (2023) Kat:3, Licht: 2","236505","3","4","6","01","18","5","","2","0","1","1","0"
"POINT (13.344069844000046 52.448099519000039)","Unfall 236506 (2023) Kat:2, Licht: 0","236506","2","5","1","01","10","5","","0","0","1","0","0"
"POINT (13.463278794000075 52.454510726000080)","Unfall 236507 (2023) Kat:3, Licht: 0","236507","3","7","0","01","15","5","","0","0","0","0","1"
"POINT (13.421828895000033 52.478612619000046)","Unfall 236508 (2023) Kat:2, Licht: 2","236508","2","4","6","01","07","5","","2","0","1","1","0"
"POINT (13.593334121000055 52.441378930000042)","Unfall 236509 (2023) Kat:3, Licht: 2","236509","3","2","6","01","07","5","","2","0","1","1","0"
"POINT (13.347459458000060 52.543809613000064)","Unfall 236510 (2023) Kat:3, Licht: 0","236510","3","2","5","01","15","5","","0","0","1","0","0"
"POINT (13.302300945000070 52.547890783000071)","Unfall 236511 (2023) Kat:2, Licht: 0","236511","2","2","5","01","15","5","","0","0","1","0","0"
"POINT (13.570476354000050 52.473539601000027)","Unfall 236512 (2023) Kat:3, Licht: 2","236512","3","3","5","01","21","5","","2","0","1","0","0"
"POINT (13.511695810000049 52.542760932000078)","Unfall 236513 (2023) Kat:2, Licht: 0","236513","2","6","2","01","12","5","","0","0","1","0","0"
"POINT (13.392205345000036 52.519134453000049)","Unfall 236514 (2023) Kat:3, Licht: 0","236514","3","2","5","02","10","3","","0","0","1","0","0"
"POINT (13.417325243000050 52.574078660000055)","Unfall 236515 (2023) Kat:3, Licht: 1","236515","3","7","0","01","07","5","","1","0","0","0","0"
"POINT (13.519141672000046 52.510010897000029)","Unfall 236516 (2023) Kat:3, Licht: 0","236516","3","7","0","01","12","5","","0","0","1","0","0"
"POINT (13.466753372000028 52.496410559000026)","Unfall 236517 (2023) Kat:3, Licht: 0","236517","3","4","6","01","15","5","","0","0","1","1","0"
"POINT (13.306421732000047 52.555241226000078)","Unfall 236518 (2023) Kat:3, Licht: 2","236518","3","2","6","01","06","5","","2","0","1","1","0"
"POINT (13.424016710000046 52.463515221000080)","Unfall 236519 (2023) Kat:3, Licht: 2","236519","3","5","1","01","07","5","","2","1","1","0","0"
"POINT (13.344864543000028 52.539137992000065)","Unfall 236520 (2023) Kat:3, Licht: 2","236520","3","2","6","01","06","5","","2","0","1","1","0"
"POINT (13.295089991000054 52.444436327000062)","Unfall 236521 (2023) Kat:3, Licht: 2","236521","3","1","1","01","18","4","","2","0","1","0","0"
"POINT (13.446716043000038 52.502779723000060)","Unfall 236522 (2023) Kat:3, Licht: 1","236522","3","2","5","01","15","4","","1","1","1","0","0"
"POINT (13.334397930000023 52.498593027000027)","Unfall 236523 (2023) Kat:3, Licht: 2","236523","3","3","5","01","20","4","","2","0","1","0","0"
"POINT (13.350302215000056 52.414400610000030)","Unfall 236524 (2023) Kat:3, Licht: 2","236524","3","3","5","01","20","4","","2","0","1","0","0"
"POINT (13.259932744000025 52.516041177000034)","Unfall 236525 (2023) Kat:3, Licht: 2","236525","3","3","5","01","16","4","","2","1","1","0","0"
"POINT (13.495505748000028 52.569487954000067)","Unfall 236526 (2023) Kat:2, Licht: 0","236526","2","7","0","01","11","4","","0","0","1","0","0"
"POINT (13.199844752000047 52.546203645000048)","Unfall 236527 (2023) Kat:3, Licht: 0","236527","3","3","5","01","11","4","","0","0","1","0","0"
"POINT (13.333086841000068 52.578920053000047)","Unfall 236528 (2023) Kat:3, Licht: 2","236528","3","2","3","01","07","4","","2","0","1","0","0"
"POINT (13.347238121000032 52.578566738000063)","Unfall 236529 (2023) Kat:3, Licht: 0","236529","3","7","5","01","15","2","","0","0","1","0","0"
"POINT (13.429751055000054 52.523281765000036)","Unfall 236530 (2023) Kat:3, Licht: 2","236530","3","2","5","01","21","4","","2","0","1","0","0"
"POINT (13.302153491000070 52.506740714000046)","Unfall 236531 (2023) Kat:3, Licht: 2","236531","3","2","2","01","18","4","","2","0","1","0","0"
"POINT (13.354184178000025 52.444268414000078)","Unfall 236532 (2023) Kat:3, Licht: 2","236532","3","2","6","01","17","4","","2","0","1","1","0"
"POINT (13.385283265000055 52.502391876000047)","Unfall 236533 (2023) Kat:3, Licht: 2","236533","3","3","5","01","17","4","","2","1","1","0","0"
"POINT (13.363521334000040 52.478529347000062)","Unfall 236534 (2023) Kat:2, Licht: 1","236534","2","3","5","01","15","4","","1","1","1","0","0"
"POINT (13.268540137000059 52.509202351000056)","Unfall 236535 (2023) Kat:3, Licht: 0","236535","3","2","2","01","15","4","","0","0","1","0","0"
"POINT (13.355285837000054 52.519679094000026)","Unfall 236536 (2023) Kat:3, Licht: 0","236536","3","3","5","01","14","1","","0","0","1","0","1"
"POINT (13.430631519000030 52.485874986000056)","Unfall 236537 (2023) Kat:3, Licht: 2","236537","3","7","6","01","21","4","","2","0","0","1","0"
"POINT (13.484663117000025 52.514000393000060)","Unfall 236538 (2023) Kat:3, Licht: 1","236538","3","2","5","01","14","4","","1","1","1","0","0"
"POINT (13.449134611000034 52.524349453000070)","Unfall 236539 (2023) Kat:3, Licht: 2","236539","3","7","5","01","21","4","","2","0","1","0","0"
"POINT (13.339390905000073 52.430947676000073)","Unfall 236540 (2023) Kat:3, Licht: 0","236540","3","5","1","01","15","4","","0","1","1","0","0"
"POINT (13.316565802000071 52.516253867000046)","Unfall 236541 (2023) Kat:3, Licht: 0","236541","3","3","5","01","11","4","","0","0","1","0","0"
"POINT (13.312870371000031 52.480306661000043)","Unfall 236542 (2023) Kat:3, Licht: 2","236542","3","3","5","01","21","4","","2","0","1","0","0"
"POINT (13.374630314000058 52.585195459000033)","Unfall 236543 (2023) Kat:3, Licht: 2","236543","3","6","2","01","16","4","","2","1","1","0","0"
"POINT (13.424129690000029 52.513341184000069)","Unfall 236544 (2023) Kat:3, Licht: 1","236544","3","2","5","01","14","4","","1","1","1","0","0"
"POINT (13.373733357000049 52.547696604000066)","Unfall 236545 (2023) Kat:3, Licht: 2","236545","3","2","6","01","18","4","","2","0","1","1","0"
"POINT (13.248949081000035 52.427275926000050)","Unfall 236546 (2023) Kat:3, Licht: 1","236546","3","7","5","01","15","4","","1","0","1","0","1"
"POINT (13.191517010000041 52.528472598000064)","Unfall 236547 (2023) Kat:3, Licht: 0","236547","3","5","1","01","09","4","","0","1","0","0","0"
"POINT (13.439118280000059 52.568459004000033)","Unfall 236548 (2023) Kat:3, Licht: 0","236548","3","4","6","01","13","4","","0","0","1","1","0"
"POINT (13.324579006000022 52.564865710000049)","Unfall 236549 (2023) Kat:3, Licht: 0","236549","3","3","5","01","15","3","","0","0","1","0","0"
"POINT (13.328551821000076 52.531306097000027)","Unfall 236550 (2023) Kat:3, Licht: 2","236550","3","6","2","01","17","3","","2","0","1","0","0"
"POINT (13.578718114000026 52.452425540000036)","Unfall 236551 (2023) Kat:3, Licht: 2","236551","3","3","5","01","19","3","","2","0","1","0","1"
"POINT (13.200765346000026 52.538475798000036)","Unfall 236552 (2023) Kat:3, Licht: 2","236552","3","2","5","01","17","3","","2","0","1","0","0"
"POINT (13.303710883000065 52.506819717000042)","Unfall 236553 (2023) Kat:3, Licht: 2","236553","3","5","5","01","18","3","","2","1","1","0","0"
"POINT (13.229770350000024 52.431582487000071)","Unfall 236554 (2023) Kat:3, Licht: 2","236554","3","5","1","01","17","3","","2","0","1","0","0"
"POINT (13.329367413000057 52.527375752000069)","Unfall 236555 (2023) Kat:3, Licht: 0","236555","3","3","5","01","14","3","","0","1","1","0","0"
"POINT (13.202559792000045 52.540212897000060)","Unfall 236556 (2023) Kat:3, Licht: 0","236556","3","1","0","01","12","3","","0","0","0","0","1"
"POINT (13.525847103000046 52.423035177000031)","Unfall 236557 (2023) Kat:3, Licht: 0","236557","3","2","5","01","15","3","","0","0","1","0","0"
"POINT (13.372136044000058 52.460430793000057)","Unfall 236558 (2023) Kat:3, Licht: 0","236558","3","6","2","01","10","3","","0","0","1","0","0"
"POINT (13.255788135000046 52.439315253000075)","Unfall 236559 (2023) Kat:3, Licht: 0","236559","3","5","1","01","10","3","","0","0","1","0","0"
"POINT (13.378665262000027 52.544827896000072)","Unfall 236560 (2023) Kat:3, Licht: 2","236560","3","2","5","01","05","3","","2","1","1","0","0"
"POINT (13.406550552000056 52.393763583000066)","Unfall 236561 (2023) Kat:3, Licht: 0","236561","3","2","5","01","15","6","","0","0","1","0","0"
"POINT (13.361422454000035 52.490333653000050)","Unfall 236562 (2023) Kat:3, Licht: 0","236562","3","5","1","01","09","3","","0","1","1","0","0"
"POINT (13.260029028000076 52.516162825000038)","Unfall 236563 (2023) Kat:3, Licht: 0","236563","3","4","6","01","08","3","","0","0","1","1","0"
"POINT (13.387693812000066 52.550707411000076)","Unfall 236564 (2023) Kat:3, Licht: 2","236564","3","5","1","01","16","3","","2","0","1","0","1"
"POINT (13.389773815000069 52.495907532000047)","Unfall 236565 (2023) Kat:3, Licht: 2","236565","3","2","2","02","18","5","","2","0","1","0","0"
"POINT (13.345538978000036 52.525051552000036)","Unfall 236566 (2023) Kat:3, Licht: 0","236566","3","4","6","01","12","3","","0","1","0","1","0"
"POINT (13.312250571000050 52.430363283000077)","Unfall 236567 (2023) Kat:3, Licht: 2","236567","3","2","5","01","16","3","","2","1","1","0","0"
"POINT (13.293324455000061 52.445930998000051)","Unfall 236568 (2023) Kat:3, Licht: 2","236568","3","6","2","01","16","3","","2","0","1","0","0"
"POINT (13.352709556000036 52.617325898000047)","Unfall 236569 (2023) Kat:3, Licht: 0","236569","3","6","2","01","14","3","","0","0","1","0","0"
"POINT (13.347467218000077 52.470587296000076)","Unfall 236570 (2023) Kat:2, Licht: 0","236570","2","3","5","01","08","3","","0","0","0","0","1"
"POINT (13.194080859000053 52.545587322000074)","Unfall 236571 (2023) Kat:1, Licht: 2","236571","1","2","5","01","21","2","","2","1","1","0","0"
"POINT (13.160681890000035 52.536654405000036)","Unfall 236572 (2023) Kat:2, Licht: 2","236572","2","1","9","01","20","2","","2","0","1","0","0"
"POINT (13.452843275000077 52.512410201000080)","Unfall 236573 (2023) Kat:2, Licht: 2","236573","2","2","5","01","18","2","","2","1","1","0","0"
"POINT (13.605177375000039 52.487547074000076)","Unfall 236574 (2023) Kat:3, Licht: 0","236574","3","3","5","01","13","2","","0","1","1","0","0"
"POINT (13.441566077000061 52.568896718000076)","Unfall 236575 (2023) Kat:3, Licht: 0","236575","3","6","2","01","12","2","","0","0","1","0","0"
"POINT (13.442360375000021 52.465877618000036)","Unfall 236576 (2023) Kat:2, Licht: 2","236576","2","2","5","01","18","2","","2","0","1","0","1"
"POINT (13.427351693000048 52.562942170000042)","Unfall 236577 (2023) Kat:2, Licht: 2","236577","2","6","3","01","16","2","","2","0","1","0","0"
"POINT (13.593353440000044 52.453203200000075)","Unfall 236578 (2023) Kat:3, Licht: 0","236578","3","2","5","01","10","2","","0","1","0","0","0"
"POINT (13.331185361000053 52.453042233000076)","Unfall 236579 (2023) Kat:3, Licht: 2","236579","3","2","5","01","19","2","","2","0","1","0","0"
"POINT (13.424726833000022 52.546926797000026)","Unfall 236580 (2023) Kat:3, Licht: 2","236580","3","2","5","01","19","2","","2","1","1","0","0"
"POINT (13.364120820000039 52.475874625000074)","Unfall 236581 (2023) Kat:3, Licht: 2","236581","3","7","1","01","18","2","","2","0","0","0","0"
"POINT (13.389118745000076 52.465734270000041)","Unfall 236582 (2023) Kat:2, Licht: 1","236582","2","7","2","01","15","2","","1","0","1","0","1"
"POINT (13.293454529000030 52.445811409000044)","Unfall 236583 (2023) Kat:3, Licht: 0","236583","3","2","5","01","15","2","","0","1","1","0","0"
"POINT (13.382573798000067 52.502240551000057)","Unfall 236584 (2023) Kat:3, Licht: 0","236584","3","7","5","01","14","2","","0","0","1","0","0"
"POINT (13.381892419000053 52.397064731000057)","Unfall 236585 (2023) Kat:3, Licht: 1","236585","3","2","2","01","06","2","","1","1","1","0","0"
"POINT (13.403267152000069 52.537082007000038)","Unfall 236586 (2023) Kat:3, Licht: 2","236586","3","3","0","01","18","2","","2","1","1","0","0"
"POINT (13.571687109000038 52.438158483000052)","Unfall 236587 (2023) Kat:3, Licht: 2","236587","3","7","7","01","06","2","","2","0","0","0","0"
"POINT (13.397960149000028 52.517675481000026)","Unfall 236588 (2023) Kat:3, Licht: 2","236588","3","1","0","01","18","1","","2","0","0","0","0"
"POINT (13.405696628000044 52.529543539000031)","Unfall 236589 (2023) Kat:3, Licht: 1","236589","3","3","5","01","16","1","","1","1","0","0","0"
"POINT (13.303897512000049 52.436687510000070)","Unfall 236590 (2023) Kat:3, Licht: 2","236590","3","6","2","01","05","1","","2","0","1","0","0"
"POINT (13.370855741000071 52.492012097000043)","Unfall 236591 (2023) Kat:3, Licht: 2","236591","3","7","6","01","00","1","","2","0","1","1","0"
"POINT (13.308567437000022 52.506525091000071)","Unfall 236592 (2023) Kat:3, Licht: 0","236592","3","5","1","01","14","1","","0","1","1","0","0"
"POINT (13.248023409000041 52.448488911000027)","Unfall 236593 (2023) Kat:3, Licht: 2","236593","3","7","6","01","00","1","","2","0","0","1","0"
"POINT (13.447784045000049 52.445636181000054)","Unfall 236594 (2023) Kat:3, Licht: 2","236594","3","4","0","01","05","1","","2","0","1","1","0"
"POINT (13.445536629000060 52.525639929000079)","Unfall 236595 (2023) Kat:3, Licht: 1","236595","3","5","1","01","07","1","","1","0","1","0","0"
"POINT (13.276218129000029 52.518840719000082)","Unfall 236596 (2023) Kat:3, Licht: 0","236596","3","6","2","02","16","2","","0","0","1","0","0"
"POINT (13.328400781000028 52.477385127000048)","Unfall 236597 (2023) Kat:3, Licht: 2","236597","3","2","2","01","03","1","","2","0","1","0","0"
"POINT (13.512627990000055 52.430713280000077)","Unfall 236598 (2023) Kat:3, Licht: 2","236598","3","6","2","01","02","1","","2","1","1","0","0"
"POINT (13.375068503000023 52.455448425000043)","Unfall 236599 (2023) Kat:3, Licht: 2","236599","3","3","5","01","20","1","","2","0","1","0","0"
"POINT (13.385827414000062 52.484947308000073)","Unfall 236600 (2023) Kat:3, Licht: 2","236600","3","2","5","01","19","1","","2","0","1","0","0"
"POINT (13.328807534000077 52.471429666000063)","Unfall 236601 (2023) Kat:3, Licht: 2","236601","3","2","6","01","01","1","","2","0","1","1","0"
"POINT (13.289980259000060 52.482232530000033)","Unfall 236624 (2023) Kat:3, Licht: 0","236624","3","2","5","01","14","4","","0","0","1","0","0"
"POINT (13.377914870000041 52.528205711000055)","Unfall 236629 (2023) Kat:3, Licht: 2","236629","3","1","0","02","19","1","","2","0","0","0","1"
"POINT (13.353263608000077 52.491532924000069)","Unfall 236633 (2023) Kat:3, Licht: 0","236633","3","6","2","01","12","2","","0","0","1","0","0"
"POINT (13.538673429000028 52.420506632000070)","Unfall 236634 (2023) Kat:3, Licht: 2","236634","3","2","5","01","17","3","","2","0","1","0","0"
"POINT (13.415079201000026 52.572267283000031)","Unfall 236639 (2023) Kat:3, Licht: 1","236639","3","2","6","01","07","2","","1","0","1","1","0"
"POINT (13.260447700000043 52.421591268000043)","Unfall 236641 (2023) Kat:3, Licht: 2","236641","3","5","1","01","06","3","","2","1","1","0","0"
"POINT (13.360182843000075 52.575827058000073)","Unfall 236649 (2023) Kat:2, Licht: 2","236649","2","4","6","01","21","4","","2","0","1","1","0"
"POINT (13.403814862000047 52.495294947000048)","Unfall 236677 (2023) Kat:3, Licht: 2","236677","3","3","5","01","00","3","","2","0","1","0","0"
"POINT (13.196922693000033 52.468621532000043)","Unfall 236696 (2023) Kat:3, Licht: 2","236696","3","7","7","01","01","3","","2","0","1","0","0"
"POINT (13.424823021000066 52.483035565000080)","Unfall 236699 (2023) Kat:3, Licht: 2","236699","3","7","5","02","17","4","","2","0","1","0","0"
"POINT (13.438219536000076 52.481321712000067)","Unfall 236701 (2023) Kat:2, Licht: 1","236701","2","5","1","02","16","6","","1","1","0","0","0"
"POINT (13.468115899000054 52.534239032000073)","Unfall 236755 (2023) Kat:3, Licht: 2","236755","3","6","2","02","21","7","","2","0","1","0","0"
"POINT (13.471390346000021 52.429839354000080)","Unfall 236756 (2023) Kat:3, Licht: 2","236756","3","4","6","01","20","7","","2","0","0","1","0"
"POINT (13.204013610000061 52.540145327000062)","Unfall 236763 (2023) Kat:3, Licht: 0","236763","3","6","2","01","14","4","","0","0","1","0","0"
"POINT (13.578366847000041 52.419901402000050)","Unfall 236770 (2023) Kat:3, Licht: 2","236770","3","6","4","01","06","6","","2","0","1","0","0"
"POINT (13.469324487000051 52.521743602000072)","Unfall 236789 (2023) Kat:3, Licht: 0","236789","3","2","5","01","13","3","","0","1","1","0","0"
"POINT (13.340906573000041 52.486444457000061)","Unfall 236792 (2023) Kat:3, Licht: 0","236792","3","3","5","01","12","2","","0","0","1","0","0"
"POINT (13.283425557000044 52.518519737000076)","Unfall 236795 (2023) Kat:3, Licht: 2","236795","3","3","5","01","20","4","","2","0","1","0","0"
"POINT (13.432908678000047 52.488833284000066)","Unfall 236803 (2023) Kat:3, Licht: 2","236803","3","4","0","01","16","2","","2","1","0","1","0"
"POINT (13.392779846000053 52.492070466000030)","Unfall 236809 (2023) Kat:2, Licht: 0","236809","2","3","5","02","10","4","","0","0","1","0","0"
"POINT (13.391939179000076 52.520346211000060)","Unfall 236822 (2023) Kat:3, Licht: 0","236822","3","6","4","01","18","1","","0","1","1","0","0"
"POINT (13.418107166000027 52.515958343000079)","Unfall 236835 (2023) Kat:3, Licht: 2","236835","3","6","2","01","18","7","","2","0","1","0","0"
"POINT (13.394997899000032 52.496306546000028)","Unfall 236908 (2023) Kat:3, Licht: 2","236908","3","2","5","01","06","5","","2","1","1","0","0"
"POINT (13.214692265000053 52.564725529000043)","Unfall 236912 (2023) Kat:3, Licht: 1","236912","3","6","4","01","16","3","","1","0","1","0","0"
"POINT (13.280924959000060 52.506325077000042)","Unfall 236918 (2023) Kat:3, Licht: 0","236918","3","6","2","04","07","5","","0","1","1","0","0"
"POINT (13.327127150000024 52.524463033000075)","Unfall 236919 (2023) Kat:3, Licht: 0","236919","3","1","0","04","14","5","","0","0","0","0","0"
"POINT (13.400620356000047 52.565677110000081)","Unfall 236920 (2023) Kat:2, Licht: 0","236920","2","2","6","04","11","5","","0","0","1","1","0"
"POINT (13.346331116000044 52.431906405000063)","Unfall 236921 (2023) Kat:3, Licht: 2","236921","3","2","6","04","21","5","","2","0","1","1","0"
"POINT (13.411338280000052 52.504393170000071)","Unfall 236922 (2023) Kat:3, Licht: 0","236922","3","6","3","04","19","5","","0","1","1","0","0"
"POINT (13.327168215000029 52.563197494000065)","Unfall 236923 (2023) Kat:3, Licht: 0","236923","3","6","0","04","15","5","","0","0","1","0","0"
"POINT (13.292567588000054 52.496644374000027)","Unfall 236924 (2023) Kat:3, Licht: 0","236924","3","5","1","04","14","5","","0","1","1","0","0"
"POINT (13.558335090000071 52.462398607000068)","Unfall 236925 (2023) Kat:3, Licht: 0","236925","3","6","2","04","09","5","","0","0","1","0","0"
"POINT (13.577943615000038 52.456953256000077)","Unfall 236926 (2023) Kat:2, Licht: 2","236926","2","4","6","04","20","5","","2","0","1","1","0"
"POINT (13.626237017000051 52.424510627000075)","Unfall 236927 (2023) Kat:3, Licht: 0","236927","3","6","4","04","14","5","","0","0","1","0","0"
"POINT (13.441452318000074 52.480953120000038)","Unfall 236928 (2023) Kat:3, Licht: 0","236928","3","6","2","04","10","5","","0","0","1","0","0"
"POINT (13.312648591000027 52.419399090000070)","Unfall 236929 (2023) Kat:1, Licht: 0","236929","1","2","5","04","16","5","","0","0","1","0","1"
"POINT (13.387462268000036 52.533494708000035)","Unfall 236930 (2023) Kat:3, Licht: 0","236930","3","6","2","04","16","4","","0","0","1","0","0"
"POINT (13.490664829000025 52.638051865000079)","Unfall 236931 (2023) Kat:2, Licht: 2","236931","2","1","8","04","22","4","","2","0","1","0","0"
"POINT (13.452527361000023 52.508281390000036)","Unfall 236932 (2023) Kat:3, Licht: 0","236932","3","5","5","04","11","4","","0","0","1","0","1"
"POINT (13.318857280000032 52.498145234000049)","Unfall 236933 (2023) Kat:3, Licht: 0","236933","3","3","5","04","17","4","","0","0","1","0","0"
"POINT (13.545514738000065 52.436972402000038)","Unfall 236934 (2023) Kat:3, Licht: 0","236934","3","7","1","04","15","4","","0","0","1","0","0"
"POINT (13.317490934000034 52.463015973000040)","Unfall 236935 (2023) Kat:2, Licht: 2","236935","2","7","0","04","22","4","","2","0","0","0","0"
"POINT (13.372044742000071 52.469831503000080)","Unfall 236936 (2023) Kat:3, Licht: 2","236936","3","2","5","04","21","4","","2","0","1","0","0"
"POINT (13.473750632000076 52.504788857000051)","Unfall 236937 (2023) Kat:3, Licht: 2","236937","3","3","5","04","21","4","","2","1","1","0","0"