WKT,Name,OBJECTID,UKATEGORIE,UTYP1,UART,UMONAT,USTUNDE,UWOCHENTAG,STRZUSTAND,ULICHTVERH,ISTRAD,ISTPKW,ISTFUSS,ISTKRAD
"POINT (13.427613785000062 52.528466207000065)","Unfall 236938 (2023) Kat:3, Licht: 0","236938","3","5","4","04","15","4","","0","0","1","0","1"
"POINT (13.415211937000038 52.520903978000035)","Unfall 236939 (2023) Kat:3, Licht: 2","236939","3","2","3","04","22","4","","2","1","1","0","0"
"POINT (13.381889936000050 52.397044272000073)","Unfall 236940 (2023) Kat:3, Licht: 2","236940","3","2","5","04","20","4","","2","0","1","0","0"
"POINT (13.331160834000059 52.502534754000067)","Unfall 236941 (2023) Kat:2, Licht: 0","236941","2","7","5","04","14","4","","0","0","1","0","1"
"POINT (13.296163038000032 52.485459424000055)","Unfall 236942 (2023) Kat:3, Licht: 0","236942","3","6","2","04","10","4","","0","0","1","0","0"
"POINT (13.247812224000029 52.539743338000051)","Unfall 236943 (2023) Kat:3, Licht: 0","236943","3","6","2","04","15","4","","0","0","1","0","0"
"POINT (13.435854736000067 52.468605371000081)","Unfall 236944 (2023) Kat:3, Licht: 0","236944","3","3","5","04","18","4","","0","0","1","0","0"
"POINT (13.373289229000022 52.487866471000075)","Unfall 236945 (2023) Kat:3, Licht: 0","236945","3","4","6","04","16","4","","0","0","1","1","0"
"POINT (13.317342008000026 52.513938627000073)","Unfall 236946 (2023) Kat:3, Licht: 0","236946","3","7","5","04","09","4","","0","1","1","0","0"
"POINT (13.404966814000034 52.463597818000039)","Unfall 236947 (2023) Kat:3, Licht: 0","236947","3","2","5","04","09","4","","0","1","1","0","0"
"POINT (13.450368543000025 52.527028645000030)","Unfall 236948 (2023) Kat:3, Licht: 0","236948","3","6","2","04","16","4","","0","0","1","0","0"
"POINT (13.351435111000058 52.451433454000039)","Unfall 236949 (2023) Kat:2, Licht: 0","236949","2","3","5","04","16","4","","0","1","0","0","0"
"POINT (13.410875165000050 52.498467995000055)","Unfall 236950 (2023) Kat:3, Licht: 0","236950","3","4","6","04","09","4","","0","1","0","1","0"
"POINT (13.197816229000068 52.522012444000040)","Unfall 236951 (2023) Kat:2, Licht: 0","236951","2","3","5","04","14","4","","0","0","1","0","1"
"POINT (13.486440421000054 52.556438759000059)","Unfall 236952 (2023) Kat:2, Licht: 2","236952","2","4","6","04","21","3","","2","0","0","1","0"
"POINT (13.302255369000022 52.449145550000026)","Unfall 236953 (2023) Kat:3, Licht: 0","236953","3","3","5","04","18","3","","0","1","1","0","0"
"POINT (13.406365254000036 52.404402815000026)","Unfall 236954 (2023) Kat:3, Licht: 0","236954","3","2","6","04","10","3","","0","0","1","1","0"
"POINT (13.382863492000070 52.542215166000062)","Unfall 236955 (2023) Kat:3, Licht: 0","236955","3","2","5","04","09","3","","0","1","1","0","0"
"POINT (13.426375448000044 52.595783879000066)","Unfall 236956 (2023) Kat:2, Licht: 0","236956","2","3","5","04","16","3","","0","1","1","0","0"
"POINT (13.578710475000037 52.443817627000044)","Unfall 236957 (2023) Kat:3, Licht: 0","236957","3","6","3","04","14","3","","0","1","0","0","0"
"POINT (13.360849687000041 52.577013550000061)","Unfall 236958 (2023) Kat:3, Licht: 0","236958","3","2","5","04","09","3","","0","1","1","0","0"
"POINT (13.395351312000059 52.491538888000036)","Unfall 236959 (2023) Kat:3, Licht: 2","236959","3","4","6","04","21","3","","2","0","0","1","0"
"POINT (13.431787307000036 52.593064029000061)","Unfall 236960 (2023) Kat:3, Licht: 0","236960","3","6","2","04","16","3","","0","0","1","0","0"
"POINT (13.452355815000033 52.452320549000035)","Unfall 236961 (2023) Kat:3, Licht: 0","236961","3","6","2","04","16","3","","0","0","1","0","0"
"POINT (13.345817127000032 52.548004519000074)","Unfall 236962 (2023) Kat:3, Licht: 0","236962","3","5","1","04","13","3","","0","0","1","0","0"
"POINT (13.447424658000045 52.498110242000052)","Unfall 236963 (2023) Kat:2, Licht: 0","236963","2","6","2","04","13","3","","0","1","1","0","0"
"POINT (13.556672741000057 52.557017168000073)","Unfall 236964 (2023) Kat:3, Licht: 0","236964","3","3","5","04","11","3","","0","0","1","0","0"
"POINT (13.559015035000073 52.436378414000046)","Unfall 236965 (2023) Kat:2, Licht: 0","236965","2","7","1","04","10","3","","0","0","1","0","0"
"POINT (13.254886938000027 52.418149170000049)","Unfall 236966 (2023) Kat:3, Licht: 0","236966","3","3","5","04","11","3","","0","0","1","0","0"
"POINT (13.318861631000061 52.498144378000063)","Unfall 236967 (2023) Kat:3, Licht: 0","236967","3","3","5","04","10","3","","0","0","1","0","0"
"POINT (13.515575943000044 52.420815034000043)","Unfall 236968 (2023) Kat:3, Licht: 0","236968","3","3","5","04","11","2","","0","0","1","0","0"
"POINT (13.432899191000047 52.488892276000058)","Unfall 236969 (2023) Kat:2, Licht: 0","236969","2","7","6","04","17","2","","0","0","1","1","0"
"POINT (13.384168845000033 52.455814565000026)","Unfall 236970 (2023) Kat:3, Licht: 0","236970","3","3","5","04","19","2","","0","1","1","0","0"
"POINT (13.341565272000025 52.446336535000057)","Unfall 236971 (2023) Kat:3, Licht: 0","236971","3","4","6","04","16","2","","0","0","1","1","0"
"POINT (13.303878190000034 52.525613409000073)","Unfall 236972 (2023) Kat:3, Licht: 0","236972","3","3","5","04","07","2","","0","0","1","0","0"
"POINT (13.379450465000048 52.523650157000077)","Unfall 236973 (2023) Kat:3, Licht: 2","236973","3","4","6","04","19","2","","2","1","1","1","0"
"POINT (13.378061589000026 52.442566205000048)","Unfall 236974 (2023) Kat:3, Licht: 0","236974","3","7","6","04","14","2","","0","0","1","1","0"
"POINT (13.141205846000048 52.455704063000042)","Unfall 236975 (2023) Kat:3, Licht: 0","236975","3","6","2","04","14","2","","0","0","1","0","1"
"POINT (13.382699054000057 52.468253446000062)","Unfall 236976 (2023) Kat:3, Licht: 0","236976","3","5","1","04","15","2","","0","1","1","0","0"
"POINT (13.582581106000077 52.435742481000034)","Unfall 236977 (2023) Kat:2, Licht: 0","236977","2","3","5","04","17","2","","0","1","1","0","0"
"POINT (13.583571209000070 52.451143613000056)","Unfall 236978 (2023) Kat:3, Licht: 0","236978","3","5","1","04","11","2","","0","1","1","0","0"
"POINT (13.433906204000039 52.489869906000081)","Unfall 236979 (2023) Kat:3, Licht: 2","236979","3","7","5","04","00","2","","2","0","1","0","0"
"POINT (13.342790510000043 52.525523094000050)","Unfall 236980 (2023) Kat:3, Licht: 0","236980","3","2","5","04","10","2","","0","1","1","0","0"
"POINT (13.197688252000034 52.520348943000045)","Unfall 236981 (2023) Kat:3, Licht: 2","236981","3","3","0","04","20","2","","2","0","1","0","1"
"POINT (13.431524185000058 52.466381981000040)","Unfall 236982 (2023) Kat:3, Licht: 0","236982","3","7","6","04","13","2","","0","0","0","1","0"
"POINT (13.495368406000068 52.431853911000076)","Unfall 236983 (2023) Kat:3, Licht: 0","236983","3","6","2","04","14","2","","0","0","1","0","0"
"POINT (13.187747839000053 52.534298919000037)","Unfall 236984 (2023) Kat:3, Licht: 0","236984","3","5","1","04","07","2","","0","0","1","0","0"
"POINT (13.441694749000021 52.454623560000073)","Unfall 236985 (2023) Kat:3, Licht: 1","236985","3","6","1","04","18","2","","1","0","1","0","0"
"POINT (13.628093072000070 52.446699251000041)","Unfall 236986 (2023) Kat:3, Licht: 0","236986","3","7","6","04","11","1","","0","1","0","1","0"
"POINT (13.145162527000025 52.415057986000079)","Unfall 236987 (2023) Kat:3, Licht: 0","236987","3","4","6","04","11","1","","0","0","1","1","0"
"POINT (13.365399608000075 52.493552992000048)","Unfall 236988 (2023) Kat:3, Licht: 0","236988","3","2","5","04","17","2","","0","1","1","0","0"
"POINT (13.498608618000048 52.485408325000037)","Unfall 236989 (2023) Kat:2, Licht: 0","236989","2","5","1","04","08","1","","0","0","1","0","0"
"POINT (13.381478525000034 52.515133275000039)","Unfall 236990 (2023) Kat:3, Licht: 2","236990","3","1","0","04","20","1","","2","0","0","0","1"
"POINT (13.144148672000028 52.524013452000077)","Unfall 236991 (2023) Kat:3, Licht: 0","236991","3","4","6","04","15","1","","0","0","1","1","0"
"POINT (13.157868784000073 52.543112029000042)","Unfall 236992 (2023) Kat:3, Licht: 0","236992","3","2","5","04","15","1","","0","0","1","0","0"
"POINT (13.267568882000035 52.408981844000039)","Unfall 236993 (2023) Kat:3, Licht: 0","236993","3","2","5","04","15","1","","0","1","1","0","0"
"POINT (13.303932414000030 52.524897593000048)","Unfall 236994 (2023) Kat:3, Licht: 0","236994","3","5","1","04","14","7","","0","0","1","0","0"
"POINT (13.477761516000044 52.530786948000070)","Unfall 236995 (2023) Kat:3, Licht: 2","236995","3","7","5","04","01","7","","2","0","1","0","0"
"POINT (13.349495807000039 52.502457702000072)","Unfall 236996 (2023) Kat:3, Licht: 2","236996","3","6","4","04","20","7","","2","1","0","0","0"
"POINT (13.336609612000075 52.595733397000060)","Unfall 236997 (2023) Kat:2, Licht: 2","236997","2","1","1","04","19","7","","2","0","1","0","0"
"POINT (13.433504650000032 52.443978587000061)","Unfall 236998 (2023) Kat:2, Licht: 2","236998","2","2","6","04","23","7","","2","0","1","1","0"
"POINT (13.388006318000066 52.492979430000048)","Unfall 236999 (2023) Kat:3, Licht: 2","236999","3","2","6","04","21","7","","2","0","1","1","0"
"POINT (13.539884496000070 52.458823859000063)","Unfall 237000 (2023) Kat:3, Licht: 0","237000","3","6","3","04","14","7","","0","0","1","0","0"
"POINT (13.561698648000061 52.504387925000060)","Unfall 237001 (2023) Kat:3, Licht: 0","237001","3","6","2","04","11","7","","0","0","1","0","0"
"POINT (13.459801433000052 52.512417841000058)","Unfall 237002 (2023) Kat:3, Licht: 0","237002","3","1","0","04","11","7","","0","0","1","0","1"
"POINT (13.354377139000064 52.549189113000068)","Unfall 237003 (2023) Kat:3, Licht: 0","237003","3","4","6","04","16","7","","0","0","1","1","0"
"POINT (13.299692847000074 52.495186166000053)","Unfall 237004 (2023) Kat:3, Licht: 2","237004","3","3","5","04","04","7","","2","0","1","0","0"
"POINT (13.409918190000042 52.502591279000058)","Unfall 237005 (2023) Kat:3, Licht: 2","237005","3","6","2","04","04","7","","2","0","1","0","0"
"POINT (13.292939471000068 52.474608434000061)","Unfall 237006 (2023) Kat:3, Licht: 0","237006","3","6","3","04","13","7","","0","0","1","0","0"
"POINT (13.271673761000045 52.427163674000042)","Unfall 237007 (2023) Kat:3, Licht: 0","237007","3","3","5","04","12","7","","0","1","1","0","0"
"POINT (13.461953589000075 52.510935470000049)","Unfall 237008 (2023) Kat:3, Licht: 2","237008","3","5","1","04","03","7","","2","0","1","0","0"
"POINT (13.405436680000037 52.529383424000059)","Unfall 237009 (2023) Kat:3, Licht: 0","237009","3","2","5","04","12","7","","0","1","1","0","0"
"POINT (13.285428804000048 52.479598362000047)","Unfall 237010 (2023) Kat:3, Licht: 0","237010","3","2","6","04","11","7","","0","0","0","1","0"
"POINT (13.330955541000037 52.500417627000047)","Unfall 237011 (2023) Kat:3, Licht: 0","237011","3","2","5","04","09","7","","0","1","0","0","0"
"POINT (13.520677057000057 52.568579918000069)","Unfall 237012 (2023) Kat:3, Licht: 0","237012","3","2","5","03","14","6","","0","0","1","0","0"
"POINT (13.301131398000052 52.569451926000056)","Unfall 237013 (2023) Kat:3, Licht: 0","237013","3","6","0","03","12","6","","0","0","1","0","0"
"POINT (13.317238675000056 52.460619163000047)","Unfall 237014 (2023) Kat:3, Licht: 0","237014","3","7","5","03","06","6","","0","0","1","0","1"
"POINT (13.376587092000022 52.509680882000055)","Unfall 237015 (2023) Kat:3, Licht: 0","237015","3","2","2","03","16","6","","0","0","1","0","1"
"POINT (13.513529999000070 52.462564045000079)","Unfall 237016 (2023) Kat:3, Licht: 1","237016","3","4","6","03","15","6","","1","0","1","1","0"
"POINT (13.345360787000061 52.528408616000036)","Unfall 237017 (2023) Kat:3, Licht: 2","237017","3","7","6","03","04","6","","2","0","0","1","0"
"POINT (13.573857461000046 52.444508977000055)","Unfall 237018 (2023) Kat:3, Licht: 2","237018","3","1","0","03","19","6","","2","0","0","0","0"
"POINT (13.262516405000042 52.451414212000032)","Unfall 237019 (2023) Kat:2, Licht: 0","237019","2","7","5","03","11","6","","0","0","1","0","1"
"POINT (13.414536032000058 52.500138725000056)","Unfall 237020 (2023) Kat:3, Licht: 1","237020","3","3","5","03","21","6","","1","1","1","0","0"
"POINT (13.484293534000074 52.463101305000066)","Unfall 237021 (2023) Kat:3, Licht: 0","237021","3","6","2","03","11","6","","0","0","1","0","0"
"POINT (13.519359617000077 52.526324532000046)","Unfall 237022 (2023) Kat:3, Licht: 0","237022","3","6","2","03","13","6","","0","0","1","0","0"
"POINT (13.355810686000041 52.599062480000043)","Unfall 237023 (2023) Kat:3, Licht: 0","237023","3","7","0","03","15","6","","0","0","0","0","1"
"POINT (13.519138509000072 52.509587019000037)","Unfall 237024 (2023) Kat:3, Licht: 0","237024","3","3","5","03","13","6","","0","0","1","0","0"
"POINT (13.378654306000044 52.450932151000075)","Unfall 237025 (2023) Kat:3, Licht: 0","237025","3","6","2","03","13","6","","0","0","1","0","0"
"POINT (13.339994036000064 52.588173897000047)","Unfall 237026 (2023) Kat:2, Licht: 0","237026","2","2","5","03","11","6","","0","0","1","0","0"
"POINT (13.344983005000074 52.484670178000044)","Unfall 237027 (2023) Kat:2, Licht: 0","237027","2","6","3","03","10","6","","0","1","1","0","0"
"POINT (13.575923134000050 52.491333729000075)","Unfall 237028 (2023) Kat:3, Licht: 1","237028","3","6","2","03","18","6","","1","0","1","0","0"
"POINT (13.495389925000040 52.431870228000037)","Unfall 237029 (2023) Kat:3, Licht: 0","237029","3","6","0","03","18","6","","0","0","1","0","1"
"POINT (13.426999772000045 52.552211219000071)","Unfall 237030 (2023) Kat:3, Licht: 0","237030","3","3","5","03","15","6","","0","1","1","0","0"
"POINT (13.507443388000070 52.475151560000029)","Unfall 237031 (2023) Kat:3, Licht: 0","237031","3","6","2","03","14","6","","0","0","1","0","0"
"POINT (13.327647514000034 52.532823794000080)","Unfall 237032 (2023) Kat:3, Licht: 0","237032","3","3","5","03","12","6","","0","0","1","0","0"
"POINT (13.590074327000025 52.441634210000075)","Unfall 237033 (2023) Kat:3, Licht: 0","237033","3","7","0","03","10","6","","0","0","1","0","0"
"POINT (13.300884719000067 52.494792694000068)","Unfall 237034 (2023) Kat:2, Licht: 0","237034","2","2","3","03","19","6","","0","1","1","0","0"
"POINT (13.339054874000055 52.553909323000028)","Unfall 237035 (2023) Kat:3, Licht: 0","237035","3","7","5","03","18","6","","0","0","1","0","1"
"POINT (13.401757935000035 52.506126513000027)","Unfall 237036 (2023) Kat:3, Licht: 0","237036","3","3","5","03","16","6","","0","0","1","0","0"
"POINT (13.437228004000076 52.478199503000042)","Unfall 237037 (2023) Kat:3, Licht: 0","237037","3","7","6","03","16","6","","0","0","1","1","0"
"POINT (13.385197251000022 52.502166859000056)","Unfall 237038 (2023) Kat:3, Licht: 0","237038","3","4","6","03","14","6","","0","0","0","1","0"
"POINT (13.371473010000045 52.569467204000034)","Unfall 237039 (2023) Kat:3, Licht: 0","237039","3","3","2","03","12","6","","0","0","1","0","0"
"POINT (13.181786009000064 52.534081895000043)","Unfall 237040 (2023) Kat:3, Licht: 2","237040","3","2","6","03","03","5","","2","0","1","1","0"
"POINT (13.328008606000026 52.441794184000059)","Unfall 237041 (2023) Kat:3, Licht: 0","237041","3","7","2","03","17","5","","0","0","1","0","0"
"POINT (13.354364014000055 52.448059758000056)","Unfall 237042 (2023) Kat:3, Licht: 0","237042","3","3","5","03","18","5","","0","0","1","0","0"
"POINT (13.718245267000043 52.436603853000065)","Unfall 237043 (2023) Kat:3, Licht: 0","237043","3","6","2","03","17","5","","0","1","1","0","0"
"POINT (13.367342215000065 52.482228666000026)","Unfall 237044 (2023) Kat:3, Licht: 0","237044","3","6","2","03","17","5","","0","0","1","0","0"
"POINT (13.379288560000077 52.524635328000045)","Unfall 237045 (2023) Kat:3, Licht: 0","237045","3","5","1","03","17","5","","0","1","1","0","0"
"POINT (13.358863106000058 52.534317254000030)","Unfall 237046 (2023) Kat:2, Licht: 0","237046","2","4","6","03","16","5","","0","0","1","1","0"
"POINT (13.341910407000057 52.497662180000077)","Unfall 237047 (2023) Kat:3, Licht: 0","237047","3","7","0","03","15","5","","0","1","1","0","0"
"POINT (13.344932547000042 52.490358770000057)","Unfall 237048 (2023) Kat:3, Licht: 0","237048","3","3","5","03","14","5","","0","1","1","0","0"
"POINT (13.334804650000024 52.487875135000081)","Unfall 237049 (2023) Kat:3, Licht: 0","237049","3","6","0","03","18","5","","0","0","1","0","1"
"POINT (13.312930682000058 52.430451985000047)","Unfall 237050 (2023) Kat:3, Licht: 0","237050","3","2","5","03","08","5","","0","0","1","0","0"
"POINT (13.343746527000064 52.566661415000056)","Unfall 237051 (2023) Kat:3, Licht: 0","237051","3","7","4","03","13","5","","0","0","1","0","0"
"POINT (13.433544822000044 52.607651768000039)","Unfall 237052 (2023) Kat:3, Licht: 0","237052","3","3","5","03","07","5","","0","1","1","0","0"
"POINT (13.307870084000058 52.556511828000055)","Unfall 237053 (2023) Kat:3, Licht: 2","237053","3","2","5","03","22","5","","2","0","1","0","0"
"POINT (13.197705946000042 52.522800322000080)","Unfall 237054 (2023) Kat:3, Licht: 0","237054","3","2","6","03","19","5","","0","0","1","1","0"
"POINT (13.435099082000022 52.437811531000079)","Unfall 237055 (2023) Kat:3, Licht: 0","237055","3","1","0","03","17","5","","0","1","0","0","0"
"POINT (13.489632148000055 52.542608874000052)","Unfall 237056 (2023) Kat:3, Licht: 0","237056","3","2","0","03","17","5","","0","1","1","0","0"
"POINT (13.265926321000052 52.536808831000030)","Unfall 237057 (2023) Kat:3, Licht: 0","237057","3","6","3","03","17","5","","0","0","1","0","1"
"POINT (13.512125389000062 52.470730969000044)","Unfall 237058 (2023) Kat:2, Licht: 0","237058","2","7","5","03","17","5","","0","0","1","0","0"
"POINT (13.395442854000066 52.396948890000033)","Unfall 237059 (2023) Kat:3, Licht: 0","237059","3","2","5","03","16","5","","0","1","1","0","0"
"POINT (13.254381878000061 52.521080351000080)","Unfall 237060 (2023) Kat:3, Licht: 0","237060","3","5","1","03","14","5","","0","0","1","0","0"
"POINT (13.624818976000029 52.451722407000034)","Unfall 237061 (2023) Kat:3, Licht: 0","237061","3","7","2","03","12","5","","0","1","1","0","0"
"POINT (13.540000960000043 52.434848786000032)","Unfall 237062 (2023) Kat:3, Licht: 0","237062","3","4","6","03","11","5","","0","0","1","1","0"
"POINT (13.309127877000037 52.500326175000055)","Unfall 237063 (2023) Kat:3, Licht: 0","237063","3","2","5","03","11","5","","0","1","1","0","0"
"POINT (13.536899155000071 52.431217473000061)","Unfall 237064 (2023) Kat:3, Licht: 0","237064","3","7","6","03","10","5","","0","0","1","1","0"
"POINT (13.390659464000066 52.512166734000061)","Unfall 237065 (2023) Kat:3, Licht: 0","237065","3","6","4","03","11","5","","0","1","1","0","0"
"POINT (13.372345009000071 52.455590041000050)","Unfall 237066 (2023) Kat:3, Licht: 0","237066","3","3","5","03","07","5","","0","1","1","0","0"
"POINT (13.399411411000074 52.452903625000033)","Unfall 237067 (2023) Kat:2, Licht: 2","237067","2","3","5","03","05","5","","2","1","1","0","0"
"POINT (13.601233032000039 52.451887481000028)","Unfall 237068 (2023) Kat:3, Licht: 1","237068","3","3","5","03","05","5","","1","1","1","0","0"
"POINT (13.352258393000056 52.506384353000044)","Unfall 237069 (2023) Kat:3, Licht: 2","237069","3","3","5","03","02","5","","2","0","1","0","1"
"POINT (13.316284834000044 52.489021286000082)","Unfall 237070 (2023) Kat:3, Licht: 0","237070","3","6","2","03","19","4","","0","0","1","0","0"
"POINT (13.519758144000036 52.525691314000028)","Unfall 237071 (2023) Kat:2, Licht: 0","237071","2","3","5","03","17","4","","0","0","1","0","0"
"POINT (13.410347542000068 52.392379954000035)","Unfall 237072 (2023) Kat:3, Licht: 0","237072","3","5","1","04","11","1","","0","1","1","0","0"
"POINT (13.418164252000054 52.576492105000057)","Unfall 237073 (2023) Kat:3, Licht: 0","237073","3","7","6","03","16","4","","0","0","1","1","0"
"POINT (13.390235347000043 52.507682455000065)","Unfall 237074 (2023) Kat:3, Licht: 0","237074","3","3","5","03","15","4","","0","1","1","0","0"
"POINT (13.156254980000028 52.532971055000075)","Unfall 237075 (2023) Kat:3, Licht: 0","237075","3","6","2","03","13","4","","0","0","1","0","0"
"POINT (13.263429230000042 52.411391556000069)","Unfall 237076 (2023) Kat:2, Licht: 0","237076","2","3","5","03","12","4","","0","0","1","0","1"
"POINT (13.524099857000067 52.449934256000063)","Unfall 237077 (2023) Kat:3, Licht: 0","237077","3","3","5","03","08","4","","0","1","1","0","0"
"POINT (13.414772490000075 52.553564589000075)","Unfall 237078 (2023) Kat:3, Licht: 0","237078","3","2","2","03","19","4","","0","1","1","1","0"
"POINT (13.298949369000070 52.498402526000064)","Unfall 237079 (2023) Kat:3, Licht: 0","237079","3","6","3","03","18","4","","0","0","1","0","0"
"POINT (13.442775632000064 52.465102304000027)","Unfall 237080 (2023) Kat:3, Licht: 0","237080","3","2","5","03","18","4","","0","0","1","0","0"
"POINT (13.339706976000059 52.518853762000049)","Unfall 237081 (2023) Kat:3, Licht: 0","237081","3","2","5","03","14","4","","0","1","1","0","0"
"POINT (13.620722244000035 52.530934793000029)","Unfall 237082 (2023) Kat:3, Licht: 0","237082","3","7","2","03","14","4","","0","0","1","0","0"
"POINT (13.328896515000054 52.480047398000067)","Unfall 237083 (2023) Kat:3, Licht: 0","237083","3","2","5","03","13","4","","0","1","1","0","0"
"POINT (13.177184257000022 52.559528856000043)","Unfall 237084 (2023) Kat:3, Licht: 0","237084","3","3","5","03","12","4","","0","0","1","0","0"
"POINT (13.336545277000027 52.421425646000046)","Unfall 237085 (2023) Kat:3, Licht: 0","237085","3","3","5","03","11","4","","0","1","1","0","0"
"POINT (13.469478379000066 52.506539247000035)","Unfall 237086 (2023) Kat:3, Licht: 0","237086","3","6","2","03","09","3","","0","0","1","0","0"
"POINT (13.331652168000062 52.469504227000073)","Unfall 237087 (2023) Kat:3, Licht: 0","237087","3","6","3","03","15","3","","0","0","1","0","0"
"POINT (13.450961100000029 52.472267101000057)","Unfall 237088 (2023) Kat:3, Licht: 0","237088","3","5","1","03","18","3","","0","1","0","0","0"
"POINT (13.292085080000049 52.581057391000058)","Unfall 237089 (2023) Kat:3, Licht: 0","237089","3","3","1","03","17","3","","0","0","1","0","1"
"POINT (13.356379263000065 52.457302196000057)","Unfall 237090 (2023) Kat:3, Licht: 0","237090","3","1","0","03","08","3","","0","1","0","0","0"
"POINT (13.394028104000029 52.527795342000047)","Unfall 237091 (2023) Kat:3, Licht: 0","237091","3","5","1","03","09","3","","0","1","1","0","0"
"POINT (13.302270320000048 52.547891192000066)","Unfall 237092 (2023) Kat:3, Licht: 0","237092","3","3","0","03","08","3","","0","0","1","0","1"
"POINT (13.416052352000065 52.529313501000047)","Unfall 237093 (2023) Kat:3, Licht: 2","237093","3","2","5","03","21","3","","2","1","1","0","0"
"POINT (13.353517442000054 52.499287615000071)","Unfall 237094 (2023) Kat:3, Licht: 0","237094","3","6","2","03","08","3","","0","1","1","0","0"
"POINT (13.403736761000062 52.448504807000063)","Unfall 237095 (2023) Kat:3, Licht: 0","237095","3","6","2","03","17","3","","0","0","1","0","0"
"POINT (13.333062453000025 52.595019426000079)","Unfall 237096 (2023) Kat:3, Licht: 0","237096","3","7","2","03","17","3","","0","0","1","0","0"
"POINT (13.401040843000033 52.448893135000048)","Unfall 237097 (2023) Kat:3, Licht: 0","237097","3","7","6","03","07","3","","0","0","1","1","0"
"POINT (13.412206410000067 52.500872306000076)","Unfall 237098 (2023) Kat:3, Licht: 0","237098","3","4","6","03","13","3","","0","1","0","1","0"
"POINT (13.294933781000054 52.576254968000057)","Unfall 237099 (2023) Kat:3, Licht: 0","237099","3","6","2","03","13","3","","0","0","1","0","0"
"POINT (13.345174021000048 52.484465667000052)","Unfall 237100 (2023) Kat:2, Licht: 2","237100","2","1","0","03","01","3","","2","0","0","0","0"
"POINT (13.480351669000072 52.498875545000033)","Unfall 237101 (2023) Kat:3, Licht: 0","237101","3","3","5","03","11","3","","0","1","1","0","0"
"POINT (13.414752227000065 52.553566763000049)","Unfall 237102 (2023) Kat:3, Licht: 0","237102","3","4","6","03","08","3","","0","1","0","1","0"
"POINT (13.333914090000064 52.430108852000046)","Unfall 237103 (2023) Kat:3, Licht: 0","237103","3","3","5","03","07","3","","0","1","1","0","0"
"POINT (13.394265699000073 52.483944730000076)","Unfall 237104 (2023) Kat:3, Licht: 2","237104","3","2","5","03","23","3","","2","0","1","0","0"
"POINT (13.391505639000059 52.512215721000075)","Unfall 237105 (2023) Kat:2, Licht: 0","237105","2","4","6","03","16","3","","0","0","0","1","0"
"POINT (13.390151465000031 52.434364426000059)","Unfall 237106 (2023) Kat:3, Licht: 0","237106","3","3","5","03","11","3","","0","0","1","0","0"
"POINT (13.197106642000051 52.514775114000031)","Unfall 237107 (2023) Kat:3, Licht: 0","237107","3","6","2","03","08","3","","0","0","1","0","1"
"POINT (13.587665273000027 52.431510528000047)","Unfall 237108 (2023) Kat:3, Licht: 0","237108","3","3","5","03","17","2","","0","0","1","0","0"
"POINT (13.431863772000042 52.497187961000066)","Unfall 237109 (2023) Kat:3, Licht: 0","237109","3","4","6","03","17","2","","0","0","0","1","1"
"POINT (13.535190231000058 52.432287463000080)","Unfall 237110 (2023) Kat:3, Licht: 0","237110","3","2","5","03","15","2","","0","0","0","0","0"
"POINT (13.459624784000027 52.509076763000053)","Unfall 237111 (2023) Kat:3, Licht: 1","237111","3","4","6","03","18","2","","1","0","0","1","1"
"POINT (13.562220628000034 52.445980296000073)","Unfall 237112 (2023) Kat:3, Licht: 0","237112","3","6","2","03","13","2","","0","0","1","0","0"
"POINT (13.361008742000024 52.577064869000026)","Unfall 237113 (2023) Kat:2, Licht: 2","237113","2","2","5","03","21","2","","2","1","1","0","0"
"POINT (13.400165104000052 52.509641513000076)","Unfall 237114 (2023) Kat:3, Licht: 0","237114","3","6","0","03","18","2","","0","0","1","0","1"
"POINT (13.232508050000035 52.540568253000060)","Unfall 237115 (2023) Kat:3, Licht: 0","237115","3","2","5","03","14","2","","0","1","1","0","0"
"POINT (13.396582715000022 52.559465108000040)","Unfall 237116 (2023) Kat:3, Licht: 1","237116","3","5","1","03","19","2","","1","0","1","0","0"
"POINT (13.179872700000033 52.503711265000049)","Unfall 237117 (2023) Kat:2, Licht: 0","237117","2","7","1","03","09","2","","0","0","1","0","0"
"POINT (13.326234634000059 52.496596795000073)","Unfall 237118 (2023) Kat:3, Licht: 0","237118","3","6","3","03","09","2","","0","1","0","0","0"
"POINT (13.331013653000070 52.492579834000026)","Unfall 237119 (2023) Kat:3, Licht: 0","237119","3","2","5","03","16","2","","0","1","1","0","0"
"POINT (13.586939245000053 52.441029453000056)","Unfall 237120 (2023) Kat:3, Licht: 0","237120","3","2","5","03","16","2","","0","1","1","0","0"
"POINT (13.434989359000042 52.427333923000049)","Unfall 237121 (2023) Kat:3, Licht: 0","237121","3","6","3","03","16","2","","0","0","1","0","1"
"POINT (13.313386730000047 52.506386609000060)","Unfall 237122 (2023) Kat:3, Licht: 0","237122","3","4","6","03","16","2","","0","0","1","1","0"
"POINT (13.209985587000062 52.548272554000050)","Unfall 237123 (2023) Kat:3, Licht: 0","237123","3","6","2","03","14","2","","0","0","1","0","0"
"POINT (13.409941209000067 52.584316144000070)","Unfall 237124 (2023) Kat:3, Licht: 0","237124","3","6","2","03","13","2","","0","1","1","0","0"