WKT,Name,OBJECTID,UKATEGORIE,UTYP1,UART,UMONAT,USTUNDE,UWOCHENTAG,STRZUSTAND,ULICHTVERH,ISTRAD,ISTPKW,ISTFUSS,ISTKRAD
"POINT (13.344196561000047 52.435382950000076)","Unfall 237312 (2023) Kat:3, Licht: 0","237312","3","4","6","03","16","2","","0","1","1","1","0"
"POINT (13.395518188000040 52.497672068000043)","Unfall 237313 (2023) Kat:3, Licht: 0","237313","3","6","2","03","15","2","","0","0","1","0","0"
"POINT (13.405121376000068 52.581577730000049)","Unfall 237314 (2023) Kat:3, Licht: 0","237314","3","4","6","03","16","2","","0","0","1","1","0"
"POINT (13.429816266000046 52.551129261000028)","Unfall 237315 (2023) Kat:3, Licht: 0","237315","3","4","6","03","15","2","","0","1","0","1","0"
"POINT (13.278568549000056 52.468575635000036)","Unfall 237316 (2023) Kat:3, Licht: 2","237316","3","3","5","03","21","2","","2","0","1","0","0"
"POINT (13.389348470000073 52.496108409000044)","Unfall 237317 (2023) Kat:3, Licht: 0","237317","3","3","5","03","15","2","","0","0","1","0","0"
"POINT (13.345357106000051 52.489033712000037)","Unfall 237318 (2023) Kat:2, Licht: 0","237318","2","6","2","03","15","2","","0","0","1","0","1"
"POINT (13.195635117000052 52.533415367000032)","Unfall 237319 (2023) Kat:2, Licht: 0","237319","2","4","6","03","12","2","","0","0","0","1","0"
"POINT (13.443071004000046 52.500485833000027)","Unfall 237320 (2023) Kat:3, Licht: 0","237320","3","5","1","04","17","2","","0","1","1","0","0"
"POINT (13.249511608000034 52.523956574000067)","Unfall 237321 (2023) Kat:3, Licht: 0","237321","3","6","2","03","12","2","","0","0","1","0","0"
"POINT (13.316398727000035 52.440357863000031)","Unfall 237322 (2023) Kat:3, Licht: 0","237322","3","4","6","03","11","2","","0","1","0","1","0"
"POINT (13.347591062000049 52.435339687000067)","Unfall 237323 (2023) Kat:3, Licht: 0","237323","3","6","3","03","12","2","","0","0","1","0","0"
"POINT (13.601328193000029 52.535773109000047)","Unfall 237324 (2023) Kat:2, Licht: 0","237324","2","2","5","03","12","2","","0","0","1","0","1"
"POINT (13.376033446000065 52.548834090000071)","Unfall 237325 (2023) Kat:3, Licht: 0","237325","3","2","5","03","09","2","","0","0","1","0","0"
"POINT (13.455516028000034 52.435964053000077)","Unfall 237326 (2023) Kat:3, Licht: 2","237326","3","5","1","03","18","2","","2","1","1","0","0"
"POINT (13.153546564000067 52.553487927000049)","Unfall 237327 (2023) Kat:3, Licht: 0","237327","3","4","6","03","11","2","","0","0","1","1","0"
"POINT (13.574702897000066 52.448322899000061)","Unfall 237328 (2023) Kat:3, Licht: 2","237328","3","6","3","03","01","2","","2","1","1","0","0"
"POINT (13.420906401000025 52.493182240000067)","Unfall 237329 (2023) Kat:3, Licht: 0","237329","3","3","5","03","07","2","","0","1","1","0","0"
"POINT (13.412943101000053 52.546772322000038)","Unfall 237330 (2023) Kat:3, Licht: 0","237330","3","2","5","03","17","1","","0","1","1","0","0"
"POINT (13.562244650000025 52.437388090000070)","Unfall 237331 (2023) Kat:3, Licht: 0","237331","3","1","8","03","17","1","","0","0","1","0","0"
"POINT (13.441968220000035 52.483090318000052)","Unfall 237332 (2023) Kat:2, Licht: 2","237332","2","1","1","03","05","1","","2","0","1","0","0"
"POINT (13.384881394000047 52.591193990000079)","Unfall 237333 (2023) Kat:3, Licht: 2","237333","3","3","5","03","21","1","","2","0","1","0","0"
"POINT (13.232192604000033 52.540567560000056)","Unfall 237334 (2023) Kat:3, Licht: 2","237334","3","2","2","03","20","1","","2","1","1","0","0"
"POINT (13.288784543000077 52.588041759000077)","Unfall 237335 (2023) Kat:2, Licht: 2","237335","2","2","6","03","19","1","","2","0","1","1","0"
"POINT (13.315854487000024 52.506318201000056)","Unfall 237336 (2023) Kat:3, Licht: 0","237336","3","3","0","03","12","1","","0","1","1","0","0"
"POINT (13.327467905000049 52.476979474000075)","Unfall 237337 (2023) Kat:3, Licht: 0","237337","3","6","2","03","10","1","","0","0","1","0","0"
"POINT (13.503439903000071 52.509617293000076)","Unfall 237338 (2023) Kat:2, Licht: 2","237338","2","3","5","03","00","1","","2","0","1","0","0"
"POINT (13.429299394000054 52.585928572000057)","Unfall 237339 (2023) Kat:2, Licht: 2","237339","2","4","6","03","18","1","","2","0","1","1","0"
"POINT (13.200737357000037 52.538429803000042)","Unfall 237340 (2023) Kat:3, Licht: 0","237340","3","1","9","03","07","1","","0","0","1","0","0"
"POINT (13.339185155000052 52.489064177000046)","Unfall 237341 (2023) Kat:3, Licht: 2","237341","3","1","0","03","01","1","","2","0","1","0","0"
"POINT (13.396226221000063 52.529122411000060)","Unfall 237342 (2023) Kat:3, Licht: 2","237342","3","7","5","03","00","7","","2","1","1","0","0"
"POINT (13.459761428000036 52.508523623000031)","Unfall 237343 (2023) Kat:3, Licht: 2","237343","3","6","4","03","22","7","","2","0","1","0","0"
"POINT (13.436624567000024 52.479912400000046)","Unfall 237344 (2023) Kat:3, Licht: 0","237344","3","6","2","03","17","2","","0","0","1","0","1"
"POINT (13.435868686000049 52.486491386000068)","Unfall 237345 (2023) Kat:3, Licht: 0","237345","3","7","6","03","17","7","","0","0","0","1","0"
"POINT (13.449837691000027 52.537318105000054)","Unfall 237346 (2023) Kat:3, Licht: 0","237346","3","6","2","03","10","7","","0","0","1","0","0"
"POINT (13.332180798000024 52.442443362000063)","Unfall 237347 (2023) Kat:3, Licht: 2","237347","3","2","5","03","19","7","","2","0","1","0","0"
"POINT (13.372764511000071 52.540181782000047)","Unfall 237348 (2023) Kat:3, Licht: 0","237348","3","1","0","03","18","7","","0","1","0","0","0"
"POINT (13.294367814000054 52.534381981000081)","Unfall 237349 (2023) Kat:3, Licht: 0","237349","3","2","3","03","16","7","","0","0","1","0","0"
"POINT (13.444252956000071 52.481706066000072)","Unfall 237350 (2023) Kat:3, Licht: 0","237350","3","2","5","03","16","7","","0","0","1","0","0"
"POINT (13.582013003000043 52.438786405000030)","Unfall 237351 (2023) Kat:3, Licht: 0","237351","3","3","5","03","12","7","","0","0","1","0","1"
"POINT (13.404203715000051 52.515196786000047)","Unfall 237352 (2023) Kat:3, Licht: 0","237352","3","5","1","03","11","7","","0","1","1","0","0"
"POINT (13.439702813000054 52.483970808000038)","Unfall 237353 (2023) Kat:3, Licht: 0","237353","3","7","5","03","07","3","","0","1","1","0","0"
"POINT (13.376597674000038 52.509562659000039)","Unfall 237354 (2023) Kat:3, Licht: 2","237354","3","2","5","03","20","7","","2","0","1","0","0"
"POINT (13.431146736000073 52.502775213000064)","Unfall 237355 (2023) Kat:3, Licht: 0","237355","3","7","6","03","15","7","","0","0","0","1","0"
"POINT (13.377840067000022 52.472439766000036)","Unfall 237356 (2023) Kat:3, Licht: 0","237356","3","2","5","03","14","7","","0","1","1","0","0"
"POINT (13.352208212000050 52.566020590000051)","Unfall 237357 (2023) Kat:2, Licht: 2","237357","2","3","5","03","22","6","","2","0","1","0","1"
"POINT (13.481109284000070 52.645088859000055)","Unfall 237358 (2023) Kat:3, Licht: 2","237358","3","1","8","03","21","6","","2","0","1","0","0"
"POINT (13.505555873000048 52.534899501000041)","Unfall 237359 (2023) Kat:3, Licht: 1","237359","3","4","6","03","17","6","","1","0","1","1","0"
"POINT (13.525423564000050 52.482215110000027)","Unfall 237360 (2023) Kat:3, Licht: 0","237360","3","3","5","03","14","6","","0","1","1","0","0"
"POINT (13.402123895000045 52.602861027000074)","Unfall 237361 (2023) Kat:3, Licht: 0","237361","3","2","2","03","16","6","","0","0","1","0","0"
"POINT (13.231538780000051 52.526960541000051)","Unfall 237362 (2023) Kat:3, Licht: 0","237362","3","3","5","03","12","6","","0","0","1","0","0"
"POINT (13.233014347000051 52.529379915000050)","Unfall 237363 (2023) Kat:3, Licht: 0","237363","3","3","5","03","06","6","","0","0","1","0","0"
"POINT (13.371218963000047 52.511129361000030)","Unfall 237364 (2023) Kat:3, Licht: 0","237364","3","7","5","03","14","3","","0","0","1","0","0"
"POINT (13.383837247000031 52.457022542000061)","Unfall 237365 (2023) Kat:3, Licht: 0","237365","3","2","5","03","17","6","","0","1","1","0","0"
"POINT (13.423108382000066 52.557683920000045)","Unfall 237366 (2023) Kat:3, Licht: 0","237366","3","5","1","03","16","6","","0","1","1","0","0"
"POINT (13.496098207000045 52.466051123000057)","Unfall 237367 (2023) Kat:3, Licht: 0","237367","3","2","5","03","11","6","","0","1","0","0","0"
"POINT (13.403502530000026 52.427158006000070)","Unfall 237368 (2023) Kat:3, Licht: 0","237368","3","5","1","03","06","6","","0","0","1","0","0"
"POINT (13.207458637000059 52.555829365000079)","Unfall 237369 (2023) Kat:3, Licht: 1","237369","3","6","2","03","05","6","","1","0","1","0","0"
"POINT (13.272175273000073 52.453617190000045)","Unfall 237370 (2023) Kat:3, Licht: 0","237370","3","2","5","03","14","6","","0","1","0","0","0"
"POINT (13.207815310000058 52.554588591000027)","Unfall 237371 (2023) Kat:3, Licht: 0","237371","3","6","2","03","13","6","","0","0","1","0","0"
"POINT (13.355167201000029 52.605108478000034)","Unfall 237372 (2023) Kat:2, Licht: 0","237372","2","4","6","03","08","6","","0","0","1","1","0"
"POINT (13.298808845000053 52.506759248000037)","Unfall 237373 (2023) Kat:3, Licht: 2","237373","3","6","2","03","19","6","","2","0","1","0","0"
"POINT (13.443536295000058 52.484103704000063)","Unfall 237374 (2023) Kat:3, Licht: 2","237374","3","7","5","03","18","6","","2","1","1","0","0"
"POINT (13.312852637000049 52.569583943000055)","Unfall 237375 (2023) Kat:3, Licht: 2","237375","3","6","2","03","21","6","","2","0","1","0","0"
"POINT (13.423458395000068 52.395005523000066)","Unfall 237376 (2023) Kat:2, Licht: 0","237376","2","3","5","03","13","6","","0","1","1","0","0"
"POINT (13.399450367000043 52.532740059000048)","Unfall 237377 (2023) Kat:3, Licht: 0","237377","3","4","6","03","09","6","","0","0","1","1","0"
"POINT (13.408099969000034 52.528958707000072)","Unfall 237378 (2023) Kat:3, Licht: 0","237378","3","1","8","03","16","6","","0","0","1","0","0"
"POINT (13.348391508000077 52.542879487000050)","Unfall 237379 (2023) Kat:3, Licht: 0","237379","3","7","2","03","15","6","","0","0","1","0","1"
"POINT (13.382072272000073 52.513992035000058)","Unfall 237380 (2023) Kat:3, Licht: 0","237380","3","2","5","03","14","6","","0","1","1","0","0"
"POINT (13.466362894000042 52.508667886000069)","Unfall 237381 (2023) Kat:2, Licht: 0","237381","2","3","5","03","09","6","","0","0","1","0","0"
"POINT (13.299220765000030 52.598753823000038)","Unfall 237382 (2023) Kat:3, Licht: 0","237382","3","6","2","03","09","6","","0","0","1","0","0"
"POINT (13.490119439000068 52.419994882000026)","Unfall 237383 (2023) Kat:3, Licht: 0","237383","3","3","5","03","07","6","","0","0","1","0","0"
"POINT (13.262163860000044 52.501197967000053)","Unfall 237384 (2023) Kat:3, Licht: 0","237384","3","3","5","03","16","5","","0","0","1","0","0"
"POINT (13.485274859000072 52.459987705000060)","Unfall 237385 (2023) Kat:3, Licht: 0","237385","3","7","5","03","10","5","","0","0","1","0","0"
"POINT (13.554085480000026 52.405068354000036)","Unfall 237386 (2023) Kat:3, Licht: 0","237386","3","7","9","03","10","5","","0","0","0","0","0"
"POINT (13.416332067000042 52.519991278000077)","Unfall 237387 (2023) Kat:3, Licht: 2","237387","3","2","5","03","21","5","","2","1","0","0","0"
"POINT (13.455891939000026 52.430389956000056)","Unfall 237388 (2023) Kat:3, Licht: 0","237388","3","6","3","03","15","5","","0","0","1","0","0"
"POINT (13.441505633000077 52.470466420000037)","Unfall 237389 (2023) Kat:3, Licht: 0","237389","3","5","1","03","12","5","","0","1","1","0","0"
"POINT (13.499730039000042 52.534303272000045)","Unfall 237390 (2023) Kat:3, Licht: 2","237390","3","3","5","03","18","5","","2","0","1","0","0"
"POINT (13.527774703000034 52.490370145000043)","Unfall 237391 (2023) Kat:3, Licht: 1","237391","3","2","5","03","18","5","","1","1","1","0","0"
"POINT (13.314844462000053 52.417514090000054)","Unfall 237392 (2023) Kat:3, Licht: 0","237392","3","2","5","03","15","3","","0","1","1","0","0"
"POINT (13.302614950000077 52.580607111000063)","Unfall 237393 (2023) Kat:3, Licht: 0","237393","3","6","2","03","15","5","","0","0","1","0","0"
"POINT (13.495560671000021 52.415263347000064)","Unfall 237394 (2023) Kat:3, Licht: 0","237394","3","2","5","03","13","5","","0","1","1","0","0"
"POINT (13.382139123000059 52.552767343000028)","Unfall 237395 (2023) Kat:2, Licht: 0","237395","2","7","6","03","13","5","","0","0","1","1","0"
"POINT (13.378441749000046 52.550322738000034)","Unfall 237396 (2023) Kat:3, Licht: 0","237396","3","3","5","03","10","5","","0","1","1","0","0"
"POINT (13.352140978000023 52.505533139000079)","Unfall 237397 (2023) Kat:3, Licht: 0","237397","3","2","5","03","10","5","","0","0","1","0","0"
"POINT (13.315216725000028 52.502125393000028)","Unfall 237398 (2023) Kat:3, Licht: 0","237398","3","7","2","03","09","5","","0","1","1","0","0"
"POINT (13.562834282000040 52.536364996000032)","Unfall 237399 (2023) Kat:3, Licht: 1","237399","3","7","6","03","18","5","","1","0","1","1","0"
"POINT (13.308057925000071 52.488665987000047)","Unfall 237400 (2023) Kat:3, Licht: 0","237400","3","6","2","03","13","5","","0","0","1","0","0"
"POINT (13.294179031000056 52.636400885000057)","Unfall 237401 (2023) Kat:3, Licht: 0","237401","3","6","2","03","12","5","","0","0","1","0","0"
"POINT (13.423139649000063 52.499996418000080)","Unfall 237402 (2023) Kat:3, Licht: 2","237402","3","5","1","03","21","3","","2","1","1","0","0"
"POINT (13.358800094000060 52.486455135000028)","Unfall 237403 (2023) Kat:3, Licht: 2","237403","3","1","1","03","23","5","","2","1","1","0","0"
"POINT (13.430070381000064 52.510135233000028)","Unfall 237404 (2023) Kat:3, Licht: 0","237404","3","4","6","03","16","5","","0","1","0","1","0"
"POINT (13.339806014000033 52.488583700000049)","Unfall 237405 (2023) Kat:3, Licht: 0","237405","3","6","3","03","10","5","","0","1","1","0","0"
"POINT (13.318246863000070 52.611329392000073)","Unfall 237406 (2023) Kat:3, Licht: 0","237406","3","2","6","03","14","5","","0","0","1","1","0"
"POINT (13.215419917000077 52.538120888000037)","Unfall 237407 (2023) Kat:3, Licht: 0","237407","3","3","0","03","12","5","","0","0","1","0","0"
"POINT (13.310056055000075 52.431233759000065)","Unfall 237408 (2023) Kat:3, Licht: 0","237408","3","6","2","03","11","5","","0","0","1","0","0"
"POINT (13.265901812000038 52.415873506000082)","Unfall 237409 (2023) Kat:3, Licht: 0","237409","3","2","5","03","08","5","","0","0","1","0","0"
"POINT (13.385770739000066 52.516986111000051)","Unfall 237410 (2023) Kat:3, Licht: 0","237410","3","2","6","03","08","5","","0","0","1","1","0"
"POINT (13.315607051000029 52.443087263000052)","Unfall 237411 (2023) Kat:3, Licht: 0","237411","3","2","5","03","14","4","","0","1","1","0","0"
"POINT (13.340725392000024 52.469122417000051)","Unfall 237412 (2023) Kat:3, Licht: 0","237412","3","3","5","03","09","4","","0","1","1","0","0"
"POINT (13.352805536000062 52.449189993000061)","Unfall 237413 (2023) Kat:3, Licht: 0","237413","3","7","5","03","12","2","","0","1","1","0","0"
"POINT (13.202939156000070 52.540852170000051)","Unfall 237414 (2023) Kat:3, Licht: 2","237414","3","2","3","03","20","4","","2","0","1","0","0"
"POINT (13.286610217000032 52.518803296000044)","Unfall 237415 (2023) Kat:3, Licht: 2","237415","3","2","5","03","18","4","","2","0","1","0","0"
"POINT (13.199769394000043 52.534779969000056)","Unfall 237416 (2023) Kat:3, Licht: 0","237416","3","4","6","03","14","4","","0","0","0","1","0"
"POINT (13.309368112000072 52.467033346000051)","Unfall 237417 (2023) Kat:3, Licht: 0","237417","3","2","5","03","13","4","","0","1","0","0","0"
"POINT (13.347123170000032 52.506856962000029)","Unfall 237418 (2023) Kat:3, Licht: 0","237418","3","2","2","03","13","4","","0","0","1","0","0"
"POINT (13.446158849000028 52.476356278000026)","Unfall 237419 (2023) Kat:3, Licht: 0","237419","3","5","1","03","08","4","","0","1","0","0","0"
"POINT (13.379850261000058 52.521312214000034)","Unfall 237420 (2023) Kat:3, Licht: 0","237420","3","2","5","03","08","4","","0","1","0","0","1"
"POINT (13.195452298000077 52.533379061000062)","Unfall 237421 (2023) Kat:3, Licht: 0","237421","3","3","5","03","08","4","","0","0","1","0","0"
"POINT (13.395224403000043 52.422756467000056)","Unfall 237422 (2023) Kat:3, Licht: 0","237422","3","6","3","03","15","4","","0","0","1","0","0"
"POINT (13.380294815000070 52.573053489000074)","Unfall 237423 (2023) Kat:3, Licht: 0","237423","3","6","3","03","06","4","","0","1","1","0","0"
"POINT (13.346041437000054 52.495321576000038)","Unfall 237424 (2023) Kat:3, Licht: 0","237424","3","6","2","04","14","3","","0","0","1","0","0"
"POINT (13.212073827000040 52.560878739000032)","Unfall 237425 (2023) Kat:3, Licht: 0","237425","3","4","6","03","15","4","","0","0","1","1","0"
"POINT (13.261311230000047 52.517957228000057)","Unfall 237426 (2023) Kat:2, Licht: 0","237426","2","3","5","03","14","4","","0","0","1","0","0"
"POINT (13.217392115000052 52.537795759000062)","Unfall 237427 (2023) Kat:3, Licht: 0","237427","3","2","5","03","13","4","","0","0","1","0","0"
"POINT (13.329993134000063 52.523785626000063)","Unfall 237428 (2023) Kat:3, Licht: 0","237428","3","2","0","03","09","4","","0","0","1","0","0"
"POINT (13.527558399000043 52.488992663000033)","Unfall 237429 (2023) Kat:3, Licht: 1","237429","3","4","6","03","05","3","","1","0","1","1","0"
"POINT (13.405167997000035 52.581582767000043)","Unfall 237430 (2023) Kat:3, Licht: 0","237430","3","7","6","03","07","3","","0","1","0","1","0"
"POINT (13.448212374000036 52.421372155000029)","Unfall 237431 (2023) Kat:2, Licht: 2","237431","2","4","6","03","18","3","","2","0","1","1","0"
"POINT (13.436384598000075 52.467032532000076)","Unfall 237432 (2023) Kat:3, Licht: 0","237432","3","3","5","03","09","3","","0","1","1","0","0"
"POINT (13.442175410000061 52.456434666000064)","Unfall 237433 (2023) Kat:3, Licht: 2","237433","3","3","5","03","19","3","","2","0","1","0","0"
"POINT (13.433960163000052 52.556941629000050)","Unfall 237434 (2023) Kat:2, Licht: 0","237434","2","4","6","03","11","3","","0","0","0","1","0"
"POINT (13.522154443000034 52.402533786000049)","Unfall 237435 (2023) Kat:3, Licht: 0","237435","3","2","5","03","11","3","","0","0","1","0","0"
"POINT (13.502012717000071 52.550011166000047)","Unfall 237436 (2023) Kat:3, Licht: 2","237436","3","1","0","03","19","3","","2","0","1","0","0"
"POINT (13.391350850000038 52.555093295000063)","Unfall 237437 (2023) Kat:3, Licht: 0","237437","3","2","5","03","14","3","","0","1","1","0","0"
"POINT (13.423029467000049 52.500249850000046)","Unfall 237438 (2023) Kat:3, Licht: 0","237438","3","2","0","03","14","3","","0","1","1","0","0"
"POINT (13.519131654000034 52.513466168000036)","Unfall 237439 (2023) Kat:3, Licht: 2","237439","3","2","5","03","21","3","","2","0","1","0","0"
"POINT (13.372420451000039 52.537654748000080)","Unfall 237440 (2023) Kat:3, Licht: 0","237440","3","4","6","03","15","3","","0","1","0","1","0"
"POINT (13.361212001000069 52.494229497000049)","Unfall 237441 (2023) Kat:3, Licht: 2","237441","3","2","5","03","22","6","","2","1","1","0","0"
"POINT (13.284986480000043 52.417188232000058)","Unfall 237442 (2023) Kat:3, Licht: 0","237442","3","3","5","03","14","3","","0","0","1","0","1"
"POINT (13.326535748000026 52.610501955000075)","Unfall 237443 (2023) Kat:3, Licht: 2","237443","3","5","1","03","18","3","","2","0","1","0","0"
"POINT (13.389774746000057 52.574291142000050)","Unfall 237444 (2023) Kat:3, Licht: 2","237444","3","3","5","03","18","3","","2","1","1","0","0"
"POINT (13.427217991000077 52.475150827000050)","Unfall 237445 (2023) Kat:3, Licht: 0","237445","3","2","2","03","14","3","","0","0","1","0","0"
"POINT (13.357382257000040 52.423053159000062)","Unfall 237446 (2023) Kat:3, Licht: 0","237446","3","3","5","03","14","3","","0","0","1","0","0"
"POINT (13.385533640000062 52.511992789000033)","Unfall 237447 (2023) Kat:3, Licht: 0","237447","3","5","0","03","13","3","","0","0","1","0","0"
"POINT (13.434436062000032 52.446436228000039)","Unfall 237448 (2023) Kat:3, Licht: 0","237448","3","2","5","03","10","3","","0","1","1","0","0"
"POINT (13.328416753000056 52.477330409000047)","Unfall 237449 (2023) Kat:3, Licht: 0","237449","3","2","5","03","08","3","","0","0","1","0","0"
"POINT (13.280305317000057 52.518327376000059)","Unfall 237450 (2023) Kat:3, Licht: 0","237450","3","3","5","03","15","3","","0","0","1","0","0"
"POINT (13.370612652000034 52.470473516000027)","Unfall 237451 (2023) Kat:3, Licht: 0","237451","3","2","5","03","13","3","","0","0","1","0","0"
"POINT (13.318699150000043 52.573995439000043)","Unfall 237452 (2023) Kat:3, Licht: 0","237452","3","3","5","03","16","3","","0","0","1","0","0"
"POINT (13.185985861000063 52.534234892000029)","Unfall 237453 (2023) Kat:2, Licht: 0","237453","2","6","3","03","12","3","","0","0","1","0","1"
"POINT (13.333210269000062 52.506565078000051)","Unfall 237454 (2023) Kat:3, Licht: 0","237454","3","7","1","03","08","3","","0","0","0","0","0"
"POINT (13.475236067000026 52.505526014000054)","Unfall 237455 (2023) Kat:3, Licht: 0","237455","3","2","5","03","08","3","","0","1","1","0","0"
"POINT (13.346302244000071 52.497176334000073)","Unfall 237456 (2023) Kat:2, Licht: 0","237456","2","2","6","03","17","3","","0","0","1","1","0"
"POINT (13.366178057000070 52.572552154000050)","Unfall 237457 (2023) Kat:3, Licht: 0","237457","3","6","2","03","13","3","","0","0","1","0","0"
"POINT (13.134056968000039 52.461425473000077)","Unfall 237458 (2023) Kat:3, Licht: 2","237458","3","6","2","03","22","3","","2","0","1","0","0"
"POINT (13.382588368000029 52.504217241000049)","Unfall 237459 (2023) Kat:3, Licht: 2","237459","3","4","6","03","18","3","","2","1","0","1","0"
"POINT (13.350954930000057 52.502778136000074)","Unfall 237460 (2023) Kat:3, Licht: 0","237460","3","3","5","03","16","3","","0","0","1","0","0"
"POINT (13.147147752000024 52.413775390000069)","Unfall 237461 (2023) Kat:3, Licht: 0","237461","3","4","6","03","16","3","","0","0","1","1","0"
"POINT (13.458074724000028 52.529093667000041)","Unfall 237462 (2023) Kat:3, Licht: 0","237462","3","6","2","03","15","3","","0","0","1","0","0"
"POINT (13.232266513000070 52.541663029000063)","Unfall 237463 (2023) Kat:2, Licht: 0","237463","2","6","4","03","07","3","","0","0","1","0","0"
"POINT (13.506433297000058 52.446435429000076)","Unfall 237464 (2023) Kat:3, Licht: 0","237464","3","1","0","03","09","3","","0","1","0","0","0"
"POINT (13.391551102000051 52.563563754000029)","Unfall 237465 (2023) Kat:3, Licht: 0","237465","3","2","5","03","15","3","","0","1","1","0","0"
"POINT (13.337583559000052 52.431607600000063)","Unfall 237466 (2023) Kat:3, Licht: 0","237466","3","5","1","03","14","3","","0","1","1","0","0"
"POINT (13.577118749000022 52.455805979000047)","Unfall 237467 (2023) Kat:3, Licht: 0","237467","3","2","0","03","14","3","","0","0","1","0","0"
"POINT (13.467953394000062 52.433714641000051)","Unfall 237468 (2023) Kat:3, Licht: 2","237468","3","5","1","03","00","3","","2","0","1","0","0"
"POINT (13.315118175000066 52.576528316000065)","Unfall 237469 (2023) Kat:3, Licht: 2","237469","3","2","5","03","19","3","","2","0","1","0","0"
"POINT (13.400212575000069 52.580430028000080)","Unfall 237470 (2023) Kat:3, Licht: 0","237470","3","3","5","03","14","3","","0","1","1","0","0"
"POINT (13.422742786000072 52.500339438000026)","Unfall 237471 (2023) Kat:3, Licht: 0","237471","3","4","6","03","11","2","","0","0","1","1","0"
"POINT (13.375712658000054 52.553739334000056)","Unfall 237472 (2023) Kat:2, Licht: 0","237472","2","4","6","03","16","2","","0","0","1","1","0"
"POINT (13.437110117000032 52.452672351000047)","Unfall 237473 (2023) Kat:3, Licht: 0","237473","3","2","2","03","13","2","","0","0","1","0","0"
"POINT (13.534218557000031 52.452388849000045)","Unfall 237474 (2023) Kat:3, Licht: 0","237474","3","5","1","03","15","6","","0","1","1","0","0"
"POINT (13.393774006000058 52.528526551000027)","Unfall 237475 (2023) Kat:3, Licht: 0","237475","3","3","2","03","08","2","","0","1","1","0","0"
"POINT (13.330357000000049 52.527274977000047)","Unfall 237476 (2023) Kat:3, Licht: 2","237476","3","2","6","03","18","2","","2","0","1","1","0"
"POINT (13.346642659000054 52.524912939000046)","Unfall 237477 (2023) Kat:3, Licht: 0","237477","3","4","6","03","15","2","","0","1","0","1","0"
"POINT (13.395243341000025 52.496392920000062)","Unfall 237478 (2023) Kat:2, Licht: 0","237478","2","7","0","03","16","2","","0","0","1","0","0"
"POINT (13.417822912000076 52.487651181000047)","Unfall 237479 (2023) Kat:2, Licht: 0","237479","2","6","2","03","14","2","","0","0","1","0","0"
"POINT (13.579233747000046 52.458432264000066)","Unfall 237480 (2023) Kat:2, Licht: 0","237480","2","7","0","03","11","2","","0","0","1","0","0"
"POINT (13.314895549000028 52.430567209000060)","Unfall 237481 (2023) Kat:2, Licht: 0","237481","2","7","2","03","10","2","","0","0","1","0","1"
"POINT (13.376535086000047 52.510098020000044)","Unfall 237482 (2023) Kat:3, Licht: 2","237482","3","6","3","03","19","2","","2","0","1","0","1"
"POINT (13.503378093000038 52.460608176000051)","Unfall 237483 (2023) Kat:3, Licht: 2","237483","3","6","2","03","18","2","","2","0","1","0","0"
"POINT (13.423050634000049 52.536976732000028)","Unfall 237484 (2023) Kat:2, Licht: 0","237484","2","4","0","03","14","2","","0","0","0","1","0"
"POINT (13.430372776000070 52.495529720000036)","Unfall 237485 (2023) Kat:3, Licht: 0","237485","3","1","0","03","15","2","","0","0","0","0","0"
"POINT (13.609368559000075 52.515941663000035)","Unfall 237486 (2023) Kat:3, Licht: 1","237486","3","2","6","03","06","2","","1","0","0","1","0"
"POINT (13.419566084000053 52.506081769000048)","Unfall 237487 (2023) Kat:3, Licht: 0","237487","3","3","5","03","14","2","","0","1","1","0","0"
"POINT (13.239326861000052 52.539108077000037)","Unfall 237488 (2023) Kat:3, Licht: 0","237488","3","6","2","03","07","2","","0","0","1","0","0"
"POINT (13.410060429000055 52.503846620000047)","Unfall 237489 (2023) Kat:3, Licht: 0","237489","3","7","6","03","17","2","","0","0","0","1","0"
"POINT (13.331179952000070 52.502649598000062)","Unfall 237490 (2023) Kat:3, Licht: 0","237490","3","5","1","03","14","2","","0","1","1","0","0"
"POINT (13.349438803000055 52.542328938000026)","Unfall 237491 (2023) Kat:3, Licht: 2","237491","3","2","5","03","22","1","","2","1","1","0","0"
"POINT (13.335761606000062 52.541922339000052)","Unfall 237492 (2023) Kat:3, Licht: 2","237492","3","2","5","03","18","1","","2","0","1","0","0"
"POINT (13.493994444000066 52.430592046000072)","Unfall 237493 (2023) Kat:3, Licht: 2","237493","3","6","3","03","03","1","","2","0","1","0","0"
"POINT (13.350880041000039 52.481722751000063)","Unfall 237494 (2023) Kat:3, Licht: 2","237494","3","5","1","03","00","1","","2","0","1","0","0"
"POINT (13.349631473000045 52.449532506000082)","Unfall 237495 (2023) Kat:3, Licht: 2","237495","3","3","5","03","20","1","","2","1","1","0","0"
"POINT (13.379857587000060 52.540216182000052)","Unfall 237496 (2023) Kat:3, Licht: 2","237496","3","1","9","03","21","1","","2","0","1","0","0"
"POINT (13.390199530000075 52.525810563000050)","Unfall 237497 (2023) Kat:3, Licht: 0","237497","3","3","0","03","10","4","","0","0","1","0","0"
"POINT (13.344590856000025 52.538289339000073)","Unfall 237498 (2023) Kat:3, Licht: 2","237498","3","2","2","03","19","1","","2","0","1","0","0"