WKT,Name,OBJECTID,UKATEGORIE,UTYP1,UART,UMONAT,USTUNDE,UWOCHENTAG,STRZUSTAND,ULICHTVERH,ISTRAD,ISTPKW,ISTFUSS,ISTKRAD
"POINT (13.458448694000026 52.473418523000078)","Unfall 237499 (2023) Kat:2, Licht: 2","237499","2","4","6","03","18","1","","2","0","1","1","0"
"POINT (13.435378589000038 52.521672145000082)","Unfall 237500 (2023) Kat:3, Licht: 0","237500","3","3","5","03","07","1","","0","0","1","0","0"
"POINT (13.619361590000040 52.541267021000067)","Unfall 237501 (2023) Kat:2, Licht: 2","237501","2","1","0","03","03","1","","2","1","0","0","0"
"POINT (13.360204731000067 52.537330564000058)","Unfall 237502 (2023) Kat:3, Licht: 2","237502","3","6","3","03","23","1","","2","0","1","0","0"
"POINT (13.446734154000069 52.531025221000050)","Unfall 237503 (2023) Kat:3, Licht: 2","237503","3","5","1","03","19","1","","2","0","1","0","0"
"POINT (13.402098549000073 52.528971443000046)","Unfall 237504 (2023) Kat:3, Licht: 0","237504","3","6","0","03","12","1","","0","1","0","0","0"
"POINT (13.394751319000022 52.422480055000051)","Unfall 237505 (2023) Kat:3, Licht: 0","237505","3","3","5","03","16","3","","0","1","1","0","0"
"POINT (13.351201610000032 52.509856649000028)","Unfall 237506 (2023) Kat:2, Licht: 2","237506","2","6","2","03","02","1","","2","0","1","0","0"
"POINT (13.574518348000026 52.555112090000080)","Unfall 237507 (2023) Kat:3, Licht: 2","237507","3","3","5","03","00","1","","2","0","1","0","0"
"POINT (13.400438860000065 52.583529032000058)","Unfall 237508 (2023) Kat:3, Licht: 0","237508","3","7","2","03","16","7","","0","0","1","0","0"
"POINT (13.418610739000030 52.498642841000049)","Unfall 237509 (2023) Kat:3, Licht: 0","237509","3","6","2","03","16","7","","0","0","1","0","0"
"POINT (13.238725314000021 52.511062882000033)","Unfall 237510 (2023) Kat:3, Licht: 0","237510","3","7","5","03","13","7","","0","0","1","0","0"
"POINT (13.249585136000064 52.515567355000030)","Unfall 237511 (2023) Kat:3, Licht: 0","237511","3","3","0","03","12","7","","0","0","1","0","1"
"POINT (13.429985259000034 52.503502666000031)","Unfall 237512 (2023) Kat:3, Licht: 2","237512","3","3","5","03","23","7","","2","1","1","0","0"
"POINT (13.433342130000028 52.464957352000056)","Unfall 237513 (2023) Kat:3, Licht: 0","237513","3","5","1","03","16","7","","0","1","1","0","0"
"POINT (13.283557656000028 52.586625433000052)","Unfall 237514 (2023) Kat:3, Licht: 0","237514","3","3","5","03","11","7","","0","0","1","0","0"
"POINT (13.411029882000037 52.553986300000076)","Unfall 237515 (2023) Kat:3, Licht: 2","237515","3","2","0","03","20","7","","2","0","1","0","0"
"POINT (13.386258336000026 52.456262234000064)","Unfall 237516 (2023) Kat:3, Licht: 2","237516","3","3","1","03","20","7","","2","0","1","0","0"
"POINT (13.331794606000074 52.595070918000033)","Unfall 237517 (2023) Kat:3, Licht: 0","237517","3","6","4","03","12","7","","0","1","0","0","0"
"POINT (13.523916821000057 52.447072995000042)","Unfall 237518 (2023) Kat:3, Licht: 0","237518","3","6","3","03","12","7","","0","0","1","0","0"
"POINT (13.215934415000049 52.560638771000072)","Unfall 237519 (2023) Kat:3, Licht: 0","237519","3","3","5","03","11","7","","0","0","1","0","0"
"POINT (13.249187949000031 52.516396980000081)","Unfall 237520 (2023) Kat:2, Licht: 0","237520","2","7","0","03","11","7","","0","1","0","0","0"
"POINT (13.221066847000031 52.528420099000073)","Unfall 237521 (2023) Kat:2, Licht: 2","237521","2","4","6","03","19","7","","2","0","1","1","0"
"POINT (13.352133419000040 52.573720807000029)","Unfall 237522 (2023) Kat:3, Licht: 2","237522","3","7","5","03","19","6","","2","0","1","0","1"
"POINT (13.336266853000041 52.430621236000036)","Unfall 237523 (2023) Kat:3, Licht: 2","237523","3","3","5","03","19","6","","2","1","1","0","0"
"POINT (13.367713220000041 52.526062680000052)","Unfall 237524 (2023) Kat:3, Licht: 0","237524","3","3","5","03","13","6","","0","0","1","0","0"
"POINT (13.429703719000031 52.494963046000066)","Unfall 237525 (2023) Kat:3, Licht: 0","237525","3","1","0","03","14","6","","0","1","0","0","0"
"POINT (13.434716972000047 52.482842569000070)","Unfall 237526 (2023) Kat:2, Licht: 0","237526","2","2","6","03","11","6","","0","0","1","1","0"
"POINT (13.436478640000075 52.548450562000028)","Unfall 237527 (2023) Kat:3, Licht: 0","237527","3","3","5","03","07","6","","0","1","1","0","0"
"POINT (13.558566908000046 52.456025360000069)","Unfall 237528 (2023) Kat:3, Licht: 2","237528","3","6","2","03","21","6","","2","0","1","0","0"
"POINT (13.247913274000041 52.547301432000040)","Unfall 237529 (2023) Kat:3, Licht: 2","237529","3","2","6","03","18","6","","2","0","1","1","0"
"POINT (13.394474556000034 52.512392162000026)","Unfall 237530 (2023) Kat:3, Licht: 0","237530","3","5","1","03","16","6","","0","1","1","0","0"
"POINT (13.364684791000059 52.562723417000029)","Unfall 237531 (2023) Kat:2, Licht: 0","237531","2","3","5","03","11","6","","0","0","1","0","0"
"POINT (13.376713809000023 52.556323360000079)","Unfall 237532 (2023) Kat:3, Licht: 2","237532","3","6","2","03","20","6","","2","0","1","0","0"
"POINT (13.460890030000030 52.529461998000045)","Unfall 237533 (2023) Kat:3, Licht: 2","237533","3","6","2","03","22","7","","2","0","1","0","0"
"POINT (13.328907849000075 52.607680597000069)","Unfall 237534 (2023) Kat:3, Licht: 2","237534","3","1","8","03","17","6","","2","0","1","0","0"
"POINT (13.207870178000064 52.558732144000032)","Unfall 237535 (2023) Kat:3, Licht: 0","237535","3","1","0","03","10","6","","0","0","0","0","1"
"POINT (13.500087284000074 52.561333404000038)","Unfall 237536 (2023) Kat:2, Licht: 2","237536","2","4","6","03","23","3","","2","0","1","1","0"
"POINT (13.332645366000065 52.455899614000032)","Unfall 237537 (2023) Kat:3, Licht: 0","237537","3","2","5","03","10","6","","0","0","1","0","0"
"POINT (13.291408691000072 52.581028258000060)","Unfall 237538 (2023) Kat:3, Licht: 2","237538","3","2","6","03","20","6","","2","0","1","1","0"
"POINT (13.608267606000027 52.531170227000075)","Unfall 237539 (2023) Kat:3, Licht: 2","237539","3","4","6","03","20","6","","2","0","1","1","0"
"POINT (13.322605756000030 52.487677684000062)","Unfall 237540 (2023) Kat:3, Licht: 2","237540","3","2","5","03","18","6","","2","1","1","0","0"
"POINT (13.397767654000063 52.495347916000071)","Unfall 237541 (2023) Kat:3, Licht: 2","237541","3","2","5","03","18","6","","2","1","1","0","0"
"POINT (13.454157491000046 52.482673546000058)","Unfall 237542 (2023) Kat:3, Licht: 2","237542","3","4","6","03","18","6","","2","0","1","1","0"
"POINT (13.277841827000032 52.506803661000049)","Unfall 237543 (2023) Kat:3, Licht: 0","237543","3","6","2","03","12","6","","0","0","1","0","0"
"POINT (13.367794280000055 52.602730063000081)","Unfall 237544 (2023) Kat:2, Licht: 0","237544","2","3","5","03","09","6","","0","0","1","0","0"
"POINT (13.347455536000041 52.470507909000048)","Unfall 237545 (2023) Kat:3, Licht: 0","237545","3","3","5","03","15","5","","0","1","1","0","0"
"POINT (13.534351416000050 52.431407626000066)","Unfall 237546 (2023) Kat:3, Licht: 0","237546","3","3","5","03","19","5","","0","1","1","0","0"
"POINT (13.196989396000049 52.512903585000061)","Unfall 237547 (2023) Kat:3, Licht: 0","237547","3","6","6","03","17","5","","0","0","1","1","0"
"POINT (13.367215636000026 52.504605172000026)","Unfall 237548 (2023) Kat:3, Licht: 2","237548","3","2","2","03","02","5","","2","0","1","0","0"
"POINT (13.522613019000062 52.476124073000051)","Unfall 237549 (2023) Kat:3, Licht: 2","237549","3","6","2","03","21","5","","2","0","1","0","0"
"POINT (13.345144528000048 52.482465460000071)","Unfall 237550 (2023) Kat:3, Licht: 2","237550","3","6","3","03","21","5","","2","1","1","0","0"
"POINT (13.315261551000049 52.577832223000030)","Unfall 237551 (2023) Kat:3, Licht: 2","237551","3","2","6","03","19","5","","2","0","1","1","0"
"POINT (13.197864417000062 52.532963572000028)","Unfall 237552 (2023) Kat:3, Licht: 2","237552","3","6","2","03","17","5","","2","0","1","0","1"
"POINT (13.394209635000038 52.547464162000040)","Unfall 237553 (2023) Kat:3, Licht: 0","237553","3","2","5","03","16","5","","0","1","1","0","0"
"POINT (13.287938744000030 52.489174877000039)","Unfall 237554 (2023) Kat:3, Licht: 0","237554","3","5","1","03","14","5","","0","1","1","0","0"
"POINT (13.345768964000058 52.506692573000066)","Unfall 237555 (2023) Kat:3, Licht: 2","237555","3","6","2","03","18","5","","2","0","1","0","0"
"POINT (13.475215537000054 52.501605046000066)","Unfall 237556 (2023) Kat:3, Licht: 0","237556","3","2","5","03","16","5","","0","1","1","0","0"
"POINT (13.434921425000027 52.428096087000029)","Unfall 237557 (2023) Kat:3, Licht: 0","237557","3","6","2","03","15","5","","0","0","1","0","0"
"POINT (13.371215469000049 52.511128819000078)","Unfall 237558 (2023) Kat:3, Licht: 0","237558","3","2","5","03","10","5","","0","0","1","0","0"
"POINT (13.469295956000053 52.518625689000032)","Unfall 237559 (2023) Kat:3, Licht: 0","237559","3","3","5","03","17","5","","0","0","1","0","0"
"POINT (13.205557757000065 52.539650098000038)","Unfall 237560 (2023) Kat:2, Licht: 2","237560","2","4","6","03","21","5","","2","0","1","1","0"
"POINT (13.470293683000023 52.553723571000035)","Unfall 237561 (2023) Kat:3, Licht: 2","237561","3","2","5","03","18","5","","2","1","1","0","0"
"POINT (13.287755750000031 52.420852206000063)","Unfall 237562 (2023) Kat:3, Licht: 0","237562","3","7","1","03","15","5","","0","0","1","0","0"
"POINT (13.307278132000022 52.615230405000034)","Unfall 237563 (2023) Kat:3, Licht: 0","237563","3","4","6","03","10","5","","0","0","1","1","0"
"POINT (13.477136170000051 52.522985986000037)","Unfall 237564 (2023) Kat:3, Licht: 2","237564","3","7","2","03","20","5","","2","0","1","0","0"
"POINT (13.329493699000068 52.567808801000069)","Unfall 237565 (2023) Kat:3, Licht: 2","237565","3","4","6","03","19","5","","2","0","0","1","1"
"POINT (13.315166768000040 52.430627621000042)","Unfall 237566 (2023) Kat:3, Licht: 2","237566","3","7","5","03","18","5","","2","0","1","0","0"
"POINT (13.462450293000074 52.509887451000054)","Unfall 237567 (2023) Kat:3, Licht: 0","237567","3","4","6","03","15","5","","0","0","1","1","0"
"POINT (13.476355210000065 52.532963567000081)","Unfall 237568 (2023) Kat:2, Licht: 2","237568","2","2","5","03","20","5","","2","0","1","0","0"
"POINT (13.471564353000076 52.538033515000052)","Unfall 237569 (2023) Kat:3, Licht: 0","237569","3","7","0","04","12","3","","0","0","1","0","0"
"POINT (13.521717302000070 52.567152175000047)","Unfall 237570 (2023) Kat:2, Licht: 2","237570","2","4","6","03","19","5","","2","0","1","1","0"
"POINT (13.196894574000055 52.513034344000062)","Unfall 237571 (2023) Kat:2, Licht: 1","237571","2","2","5","03","17","5","","1","0","1","0","0"
"POINT (13.372428103000061 52.561348324000051)","Unfall 237572 (2023) Kat:3, Licht: 0","237572","3","3","5","03","16","5","","0","0","1","0","0"
"POINT (13.309335508000061 52.431503942000063)","Unfall 237573 (2023) Kat:3, Licht: 0","237573","3","6","2","03","14","5","","0","0","1","0","0"
"POINT (13.317180972000074 52.492585704000078)","Unfall 237574 (2023) Kat:3, Licht: 0","237574","3","2","5","03","09","5","","0","1","1","0","0"
"POINT (13.369649526000046 52.492928238000047)","Unfall 237575 (2023) Kat:3, Licht: 0","237575","3","6","2","03","14","5","","0","0","1","0","0"
"POINT (13.419592774000023 52.464948975000027)","Unfall 237576 (2023) Kat:3, Licht: 0","237576","3","3","5","03","07","4","","0","0","1","0","0"
"POINT (13.329751967000050 52.539164560000074)","Unfall 237577 (2023) Kat:2, Licht: 1","237577","2","6","3","03","04","4","","1","0","1","0","0"
"POINT (13.332580771000039 52.506500321000033)","Unfall 237578 (2023) Kat:3, Licht: 2","237578","3","6","2","03","02","4","","2","0","1","0","0"
"POINT (13.448031019000041 52.477870122000070)","Unfall 237579 (2023) Kat:3, Licht: 2","237579","3","6","2","03","22","4","","2","0","1","0","0"
"POINT (13.513411120000058 52.427730998000072)","Unfall 237580 (2023) Kat:3, Licht: 0","237580","3","6","4","03","16","4","","0","0","1","0","0"
"POINT (13.428905465000071 52.571992652000063)","Unfall 237581 (2023) Kat:3, Licht: 0","237581","3","2","5","03","15","4","","0","0","1","0","0"
"POINT (13.370525683000039 52.526785156000074)","Unfall 237582 (2023) Kat:3, Licht: 0","237582","3","7","5","03","13","4","","0","0","1","0","0"
"POINT (13.382182707000027 52.552816590000077)","Unfall 237583 (2023) Kat:3, Licht: 2","237583","3","5","1","03","01","4","","2","0","1","0","0"
"POINT (13.236217016000069 52.550122835000082)","Unfall 237584 (2023) Kat:2, Licht: 2","237584","2","1","4","03","20","4","","2","0","1","0","0"
"POINT (13.602575289000072 52.510363987000062)","Unfall 237585 (2023) Kat:2, Licht: 2","237585","2","3","5","03","20","4","","2","0","1","0","0"
"POINT (13.379849795000041 52.571460220000063)","Unfall 237586 (2023) Kat:3, Licht: 2","237586","3","2","5","03","18","4","","2","0","1","0","0"
"POINT (13.420160277000036 52.394882844000051)","Unfall 237587 (2023) Kat:3, Licht: 0","237587","3","3","5","03","15","4","","0","0","1","0","0"
"POINT (13.343213820000074 52.553622927000049)","Unfall 237588 (2023) Kat:2, Licht: 0","237588","2","3","5","03","14","4","","0","1","1","0","0"
"POINT (13.365722158000040 52.557132642000056)","Unfall 237589 (2023) Kat:2, Licht: 0","237589","2","2","5","03","13","4","","0","1","1","0","0"
"POINT (13.254699116000040 52.418669715000078)","Unfall 237590 (2023) Kat:3, Licht: 0","237590","3","1","0","03","11","4","","0","1","1","0","0"
"POINT (13.449324237000042 52.617858034000051)","Unfall 237591 (2023) Kat:2, Licht: 0","237591","2","6","2","03","16","3","","0","0","1","0","0"
"POINT (13.415268176000041 52.526839997000081)","Unfall 237592 (2023) Kat:3, Licht: 2","237592","3","2","5","03","20","3","","2","1","1","0","0"
"POINT (13.345613722000053 52.500061733000052)","Unfall 237593 (2023) Kat:3, Licht: 2","237593","3","6","2","03","20","3","","2","0","1","0","0"
"POINT (13.217765389000022 52.508719853000059)","Unfall 237594 (2023) Kat:3, Licht: 2","237594","3","6","2","03","19","3","","2","0","1","0","0"
"POINT (13.501356214000054 52.559628504000045)","Unfall 237595 (2023) Kat:3, Licht: 0","237595","3","3","5","03","14","3","","0","0","1","0","0"
"POINT (13.470510455000067 52.553709005000030)","Unfall 237596 (2023) Kat:3, Licht: 0","237596","3","6","2","03","12","3","","0","0","1","0","0"
"POINT (13.414693563000071 52.567208892000053)","Unfall 237597 (2023) Kat:2, Licht: 0","237597","2","4","6","03","10","3","","0","0","1","1","0"
"POINT (13.272293723000075 52.413635307000050)","Unfall 237598 (2023) Kat:3, Licht: 2","237598","3","1","9","03","20","3","","2","0","1","0","0"
"POINT (13.462609526000051 52.469296567000072)","Unfall 237599 (2023) Kat:3, Licht: 2","237599","3","3","5","03","20","3","","2","0","1","0","1"
"POINT (13.296676191000074 52.442976835000081)","Unfall 237600 (2023) Kat:2, Licht: 0","237600","2","2","5","03","15","4","","0","1","1","0","0"
"POINT (13.459093333000055 52.440429912000070)","Unfall 237601 (2023) Kat:3, Licht: 2","237601","3","3","5","03","18","3","","2","1","1","0","0"
"POINT (13.575880048000045 52.491146476000040)","Unfall 237602 (2023) Kat:3, Licht: 0","237602","3","3","0","03","15","3","","0","0","1","0","1"
"POINT (13.499352715000043 52.630766056000027)","Unfall 237603 (2023) Kat:2, Licht: 2","237603","2","4","6","03","18","3","","2","0","1","1","0"
"POINT (13.343345813000042 52.527612864000048)","Unfall 237604 (2023) Kat:3, Licht: 0","237604","3","5","1","03","14","5","","0","1","1","0","0"
"POINT (13.328387954000050 52.468923288000042)","Unfall 237605 (2023) Kat:2, Licht: 0","237605","2","3","5","03","13","3","","0","0","1","0","0"
"POINT (13.331644450000056 52.563149617000079)","Unfall 237606 (2023) Kat:3, Licht: 1","237606","3","5","0","03","17","3","","1","0","1","0","0"
"POINT (13.448602150000056 52.417706588000044)","Unfall 237607 (2023) Kat:3, Licht: 0","237607","3","4","6","03","15","3","","0","0","1","1","0"
"POINT (13.343201960000044 52.531952275000037)","Unfall 237608 (2023) Kat:3, Licht: 0","237608","3","2","5","03","08","3","","0","1","0","0","0"
"POINT (13.464981714000032 52.509492341000055)","Unfall 237609 (2023) Kat:3, Licht: 2","237609","3","1","0","03","23","3","","2","1","0","0","0"
"POINT (13.470266870000046 52.512851501000057)","Unfall 237610 (2023) Kat:3, Licht: 0","237610","3","1","0","03","16","3","","0","1","1","0","0"
"POINT (13.379344495000055 52.490499887000055)","Unfall 237611 (2023) Kat:3, Licht: 0","237611","3","7","6","03","15","3","","0","0","1","1","0"
"POINT (13.511371667000049 52.504363510000076)","Unfall 237612 (2023) Kat:3, Licht: 0","237612","3","3","5","03","13","3","","0","1","1","0","0"
"POINT (13.455474803000072 52.453098378000050)","Unfall 237613 (2023) Kat:3, Licht: 0","237613","3","2","5","03","13","3","","0","0","1","0","1"
"POINT (13.693383521000044 52.441169532000060)","Unfall 237614 (2023) Kat:3, Licht: 0","237614","3","1","8","03","08","3","","0","0","1","0","0"
"POINT (13.281601779000027 52.510981924000077)","Unfall 237615 (2023) Kat:3, Licht: 0","237615","3","2","5","03","10","3","","0","1","1","0","0"
"POINT (13.361256102000027 52.527050556000063)","Unfall 237616 (2023) Kat:3, Licht: 2","237616","3","6","3","03","05","2","","2","1","0","0","1"
"POINT (13.603434193000055 52.542439492000028)","Unfall 237617 (2023) Kat:2, Licht: 2","237617","2","4","6","03","00","2","","2","0","0","1","0"
"POINT (13.285378490000028 52.595116757000028)","Unfall 237618 (2023) Kat:3, Licht: 0","237618","3","6","2","03","16","2","","0","0","1","0","0"
"POINT (13.349020780000046 52.514741763000075)","Unfall 237619 (2023) Kat:3, Licht: 0","237619","3","2","3","03","16","2","","0","0","1","0","0"
"POINT (13.550830226000073 52.429078894000043)","Unfall 237620 (2023) Kat:3, Licht: 0","237620","3","2","5","03","10","2","","0","0","1","0","0"
"POINT (13.401787788000036 52.528962162000028)","Unfall 237621 (2023) Kat:3, Licht: 0","237621","3","6","2","03","09","2","","0","1","0","0","0"
"POINT (13.397285889000045 52.580066366000040)","Unfall 237622 (2023) Kat:3, Licht: 0","237622","3","3","5","03","09","2","","0","1","1","0","0"
"POINT (13.441733006000049 52.457073946000037)","Unfall 237623 (2023) Kat:3, Licht: 0","237623","3","3","5","03","09","2","","0","0","1","0","0"
"POINT (13.353285809000056 52.449228780000055)","Unfall 237624 (2023) Kat:3, Licht: 0","237624","3","7","5","03","09","2","","0","0","1","0","0"
"POINT (13.524536140000066 52.478785982000034)","Unfall 237625 (2023) Kat:3, Licht: 0","237625","3","6","3","03","08","2","","0","0","1","0","0"
"POINT (13.199313845000063 52.542475527000079)","Unfall 237626 (2023) Kat:3, Licht: 0","237626","3","6","2","03","16","2","","0","0","1","0","0"
"POINT (13.604416805000028 52.452408278000064)","Unfall 237627 (2023) Kat:3, Licht: 0","237627","3","3","5","03","13","2","","0","0","1","0","0"
"POINT (13.324295503000030 52.445633394000026)","Unfall 237628 (2023) Kat:3, Licht: 0","237628","3","6","2","03","14","2","","0","0","1","0","0"
"POINT (13.517297648000067 52.568008052000039)","Unfall 237629 (2023) Kat:3, Licht: 0","237629","3","6","2","03","15","6","","0","0","1","0","0"
"POINT (13.412683547000029 52.411431599000082)","Unfall 237630 (2023) Kat:3, Licht: 0","237630","3","2","5","03","13","2","","0","1","1","0","0"
"POINT (13.406496418000074 52.502557305000039)","Unfall 237631 (2023) Kat:3, Licht: 0","237631","3","2","5","03","07","2","","0","1","1","0","0"
"POINT (13.351070115000027 52.486232943000061)","Unfall 237632 (2023) Kat:3, Licht: 0","237632","3","2","5","03","15","2","","0","1","1","0","0"
"POINT (13.508658352000054 52.463684669000031)","Unfall 237633 (2023) Kat:3, Licht: 0","237633","3","2","6","03","15","2","","0","0","1","1","0"
"POINT (13.296428605000074 52.529284291000067)","Unfall 237634 (2023) Kat:3, Licht: 0","237634","3","2","5","03","11","2","","0","0","1","0","0"
"POINT (13.326747739000041 52.459834198000067)","Unfall 237635 (2023) Kat:3, Licht: 0","237635","3","2","6","03","11","2","","0","0","1","1","0"
"POINT (13.494105518000026 52.418855974000053)","Unfall 237636 (2023) Kat:3, Licht: 0","237636","3","7","6","03","10","2","","0","0","1","1","0"
"POINT (13.324219795000033 52.601197057000036)","Unfall 237637 (2023) Kat:3, Licht: 0","237637","3","3","5","03","08","2","","0","1","1","0","0"
"POINT (13.217617659000041 52.611304092000069)","Unfall 237638 (2023) Kat:3, Licht: 0","237638","3","3","5","03","08","2","","0","0","1","0","0"
"POINT (13.428918535000037 52.485891826000056)","Unfall 237639 (2023) Kat:3, Licht: 2","237639","3","6","2","03","22","2","","2","0","1","0","0"
"POINT (13.453590932000054 52.514129174000061)","Unfall 237640 (2023) Kat:3, Licht: 0","237640","3","3","5","03","11","2","","0","0","1","0","1"
"POINT (13.396040635000077 52.538346504000060)","Unfall 237641 (2023) Kat:3, Licht: 0","237641","3","2","5","03","07","2","","0","1","1","0","0"
"POINT (13.428931034000072 52.486334909000050)","Unfall 237642 (2023) Kat:2, Licht: 2","237642","2","4","6","03","20","6","","2","0","1","1","0"
"POINT (13.343198736000033 52.528232691000028)","Unfall 237643 (2023) Kat:2, Licht: 0","237643","2","2","5","03","15","5","","0","0","1","0","0"
"POINT (13.297214304000022 52.527111054000045)","Unfall 237644 (2023) Kat:3, Licht: 2","237644","3","2","5","03","00","1","","2","0","1","0","0"
"POINT (13.397339530000067 52.491135586000041)","Unfall 237645 (2023) Kat:3, Licht: 2","237645","3","6","2","03","21","1","","2","0","1","0","0"
"POINT (13.523102023000035 52.512262970000052)","Unfall 237646 (2023) Kat:3, Licht: 2","237646","3","1","9","03","23","1","","2","0","1","0","0"
"POINT (13.332220033000056 52.442451620000043)","Unfall 237647 (2023) Kat:3, Licht: 2","237647","3","1","0","03","19","1","","2","0","0","0","1"
"POINT (13.440942095000025 52.518412905000048)","Unfall 237648 (2023) Kat:2, Licht: 0","237648","2","7","0","03","15","5","","0","1","0","0","0"
"POINT (13.555458813000030 52.433171362000053)","Unfall 237649 (2023) Kat:3, Licht: 2","237649","3","6","2","03","18","1","","2","0","1","0","0"
"POINT (13.461020936000068 52.454253400000027)","Unfall 237650 (2023) Kat:3, Licht: 0","237650","3","3","5","03","12","1","","0","0","1","0","0"
"POINT (13.327259730000037 52.422430647000056)","Unfall 237651 (2023) Kat:3, Licht: 2","237651","3","3","5","03","23","1","","2","0","1","0","0"
"POINT (13.374167773000067 52.475258674000031)","Unfall 237652 (2023) Kat:2, Licht: 2","237652","2","3","5","03","22","6","","2","0","1","0","1"
"POINT (13.384824385000059 52.591202925000061)","Unfall 237653 (2023) Kat:3, Licht: 2","237653","3","3","5","03","18","3","","2","0","1","0","0"
"POINT (13.361142713000049 52.494427962000032)","Unfall 237654 (2023) Kat:3, Licht: 2","237654","3","2","5","03","23","1","","2","0","1","0","0"
"POINT (13.201465950000056 52.547786348000045)","Unfall 237655 (2023) Kat:3, Licht: 1","237655","3","3","5","03","05","1","","1","0","1","0","0"
"POINT (13.621797776000051 52.524820929000043)","Unfall 237656 (2023) Kat:3, Licht: 0","237656","3","2","2","03","12","1","","0","0","1","0","0"
"POINT (13.320799475000058 52.570367482000051)","Unfall 237657 (2023) Kat:2, Licht: 2","237657","2","1","9","03","02","1","","2","0","1","0","0"
"POINT (13.578776323000056 52.444170475000078)","Unfall 237658 (2023) Kat:3, Licht: 0","237658","3","6","2","03","13","7","","0","0","1","0","0"
"POINT (13.305092982000076 52.531753456000047)","Unfall 237659 (2023) Kat:3, Licht: 0","237659","3","5","1","03","08","7","","0","0","1","0","0"
"POINT (13.348356173000070 52.548752793000062)","Unfall 237660 (2023) Kat:3, Licht: 0","237660","3","6","2","03","11","7","","0","0","1","0","0"
"POINT (13.330813259000024 52.500372904000074)","Unfall 237661 (2023) Kat:3, Licht: 2","237661","3","3","5","03","20","7","","2","1","1","0","0"
"POINT (13.467798874000039 52.507481775000031)","Unfall 237662 (2023) Kat:3, Licht: 2","237662","3","4","6","03","19","7","","2","0","1","1","0"
"POINT (13.411740657000053 52.523965026000042)","Unfall 237663 (2023) Kat:3, Licht: 2","237663","3","3","5","03","01","7","","2","0","1","0","1"
"POINT (13.435962694000068 52.439302343000065)","Unfall 237664 (2023) Kat:3, Licht: 0","237664","3","7","6","03","12","7","","0","0","1","1","0"
"POINT (13.606746534000024 52.489696936000030)","Unfall 237665 (2023) Kat:3, Licht: 0","237665","3","3","5","03","11","7","","0","0","1","0","0"
"POINT (13.441598511000052 52.486722547000056)","Unfall 237666 (2023) Kat:2, Licht: 2","237666","2","1","1","03","17","7","","2","0","1","0","0"
"POINT (13.541473562000022 52.458040466000057)","Unfall 237667 (2023) Kat:3, Licht: 0","237667","3","6","2","03","14","7","","0","0","1","0","0"
"POINT (13.416361339000048 52.547175509000056)","Unfall 237668 (2023) Kat:3, Licht: 0","237668","3","4","6","03","13","7","","0","1","0","1","0"
"POINT (13.437777132000065 52.454628861000060)","Unfall 237669 (2023) Kat:3, Licht: 2","237669","3","7","2","03","00","7","","2","0","1","0","0"
"POINT (13.509249203000024 52.546461292000060)","Unfall 237670 (2023) Kat:3, Licht: 0","237670","3","3","5","03","13","7","","0","0","1","0","0"
"POINT (13.342662345000065 52.517754753000077)","Unfall 237671 (2023) Kat:3, Licht: 2","237671","3","6","2","03","19","6","","2","0","1","0","0"
"POINT (13.471483488000047 52.436193640000056)","Unfall 237672 (2023) Kat:3, Licht: 2","237672","3","6","2","03","18","6","","2","0","1","0","0"
"POINT (13.197802534000061 52.532976113000075)","Unfall 237673 (2023) Kat:3, Licht: 2","237673","3","6","2","03","18","6","","2","0","1","0","0"
"POINT (13.436800251000022 52.592442794000078)","Unfall 237674 (2023) Kat:3, Licht: 0","237674","3","6","2","03","16","6","","0","0","1","0","0"
"POINT (13.280121096000073 52.519780233000063)","Unfall 237675 (2023) Kat:3, Licht: 0","237675","3","3","5","03","07","6","","0","0","1","0","0"
"POINT (13.259846632000063 52.433738373000040)","Unfall 237676 (2023) Kat:3, Licht: 0","237676","3","5","0","03","07","6","","0","1","1","0","0"
"POINT (13.142897200000050 52.411361032000059)","Unfall 237677 (2023) Kat:2, Licht: 0","237677","2","6","3","03","11","1","","0","1","1","0","0"
"POINT (13.346803205000072 52.429325496000047)","Unfall 237678 (2023) Kat:2, Licht: 1","237678","2","4","6","03","18","6","","1","0","1","1","0"
"POINT (13.424868187000072 52.481873450000080)","Unfall 237679 (2023) Kat:3, Licht: 2","237679","3","5","1","03","20","6","","2","0","1","0","0"
"POINT (13.499003991000052 52.526381574000027)","Unfall 237680 (2023) Kat:3, Licht: 2","237680","3","4","6","03","19","6","","2","0","1","1","0"
"POINT (13.402534987000024 52.554300089000037)","Unfall 237681 (2023) Kat:3, Licht: 0","237681","3","2","0","03","13","6","","0","1","1","0","0"
"POINT (13.411389890000066 52.512856609000039)","Unfall 237682 (2023) Kat:3, Licht: 0","237682","3","1","1","03","07","6","","0","0","1","0","0"
"POINT (13.338058799000066 52.501940878000028)","Unfall 237683 (2023) Kat:3, Licht: 2","237683","3","1","1","03","00","6","","2","0","1","0","0"
"POINT (13.362793682000074 52.455967941000040)","Unfall 237684 (2023) Kat:3, Licht: 1","237684","3","4","6","03","17","6","","1","0","1","1","0"
"POINT (13.434218425000040 52.523324040000034)","Unfall 237685 (2023) Kat:2, Licht: 0","237685","2","4","6","03","12","6","","0","1","0","1","0"