WKT,Name,OBJECTID,UKATEGORIE,UTYP1,UART,UMONAT,USTUNDE,UWOCHENTAG,STRZUSTAND,ULICHTVERH,ISTRAD,ISTPKW,ISTFUSS,ISTKRAD
"POINT (13.371006437000062 52.545903658000043)","Unfall 237686 (2023) Kat:3, Licht: 1","237686","3","5","1","03","06","6","","1","1","1","0","0"
"POINT (13.428596713000047 52.583098363000033)","Unfall 237687 (2023) Kat:3, Licht: 2","237687","3","7","0","03","20","6","","2","0","0","0","1"
"POINT (13.331152654000050 52.502485606000050)","Unfall 237688 (2023) Kat:3, Licht: 2","237688","3","6","3","03","00","5","","2","0","1","0","0"
"POINT (13.387725018000026 52.453058610000028)","Unfall 237689 (2023) Kat:2, Licht: 2","237689","2","1","0","03","18","5","","2","0","0","0","1"
"POINT (13.433758585000021 52.496772621000048)","Unfall 237690 (2023) Kat:3, Licht: 0","237690","3","4","1","03","16","5","","0","1","1","1","0"
"POINT (13.385798398000077 52.523580471000059)","Unfall 237691 (2023) Kat:3, Licht: 0","237691","3","2","5","03","16","5","","0","0","1","0","1"
"POINT (13.454182732000049 52.489106734000075)","Unfall 237692 (2023) Kat:3, Licht: 0","237692","3","6","3","03","08","5","","0","1","1","0","0"
"POINT (13.382579121000049 52.455870010000069)","Unfall 237693 (2023) Kat:3, Licht: 2","237693","3","3","2","03","21","5","","2","0","1","0","1"
"POINT (13.315150211000059 52.576612649000026)","Unfall 237694 (2023) Kat:3, Licht: 2","237694","3","2","5","03","19","5","","2","1","1","0","0"
"POINT (13.351077339000028 52.510416828000075)","Unfall 237695 (2023) Kat:3, Licht: 0","237695","3","3","5","03","15","5","","0","1","1","0","0"
"POINT (13.372555840000075 52.469539974000043)","Unfall 237696 (2023) Kat:3, Licht: 0","237696","3","6","3","03","14","5","","0","0","1","0","0"
"POINT (13.270790652000073 52.450841691000051)","Unfall 237697 (2023) Kat:3, Licht: 0","237697","3","2","5","03","14","5","","0","0","1","0","1"
"POINT (13.422568762000026 52.573666241000069)","Unfall 237698 (2023) Kat:3, Licht: 0","237698","3","6","4","03","10","5","","0","0","1","0","0"
"POINT (13.320790909000038 52.457095668000079)","Unfall 237699 (2023) Kat:3, Licht: 0","237699","3","3","5","03","10","5","","0","1","0","0","0"
"POINT (13.365521670000021 52.497471957000073)","Unfall 237700 (2023) Kat:3, Licht: 0","237700","3","3","5","03","15","5","","0","1","1","0","0"
"POINT (13.454465551000055 52.494041869000057)","Unfall 237701 (2023) Kat:3, Licht: 0","237701","3","1","2","03","11","5","","0","0","1","0","1"
"POINT (13.398916525000061 52.508225482000057)","Unfall 237702 (2023) Kat:3, Licht: 2","237702","3","3","5","03","19","5","","2","1","1","0","0"
"POINT (13.475357459000065 52.501933532000066)","Unfall 237703 (2023) Kat:3, Licht: 0","237703","3","2","5","03","16","5","","0","1","0","0","0"
"POINT (13.587626407000073 52.523421816000052)","Unfall 237704 (2023) Kat:3, Licht: 0","237704","3","2","5","03","14","5","","0","1","1","0","0"
"POINT (13.188681358000053 52.546709067000052)","Unfall 237705 (2023) Kat:3, Licht: 0","237705","3","2","6","03","12","5","","0","0","1","1","0"
"POINT (13.403138394000052 52.528851433000057)","Unfall 237706 (2023) Kat:3, Licht: 0","237706","3","5","1","03","12","5","","0","1","1","0","0"
"POINT (13.327425366000057 52.575657986000067)","Unfall 237707 (2023) Kat:2, Licht: 0","237707","2","6","4","03","16","5","","0","0","1","0","0"
"POINT (13.259659625000040 52.421517986000026)","Unfall 237708 (2023) Kat:3, Licht: 0","237708","3","2","5","03","08","5","","0","1","1","0","0"
"POINT (13.534688919000075 52.555157216000055)","Unfall 237709 (2023) Kat:3, Licht: 0","237709","3","3","5","03","07","5","","0","0","1","0","0"
"POINT (13.413606104000053 52.566505565000057)","Unfall 237710 (2023) Kat:2, Licht: 2","237710","2","3","5","03","18","5","","2","1","1","0","0"
"POINT (13.259575738000024 52.433191282000053)","Unfall 237711 (2023) Kat:3, Licht: 0","237711","3","6","2","03","10","5","","0","0","1","0","0"
"POINT (13.427123303000030 52.422151564000046)","Unfall 237712 (2023) Kat:3, Licht: 0","237712","3","6","0","03","10","5","","0","0","1","0","0"
"POINT (13.305547572000023 52.499666586000046)","Unfall 237713 (2023) Kat:3, Licht: 0","237713","3","3","5","03","08","5","","0","0","1","0","0"
"POINT (13.208426340000074 52.548808673000053)","Unfall 237714 (2023) Kat:3, Licht: 2","237714","3","7","8","03","02","5","","2","0","1","0","0"
"POINT (13.519173724000041 52.461220525000044)","Unfall 237715 (2023) Kat:3, Licht: 2","237715","3","6","2","03","19","5","","2","0","1","0","0"
"POINT (13.519680583000024 52.568620693000071)","Unfall 237716 (2023) Kat:3, Licht: 0","237716","3","5","1","03","08","5","","0","1","0","0","0"
"POINT (13.418221514000038 52.517381111000077)","Unfall 237717 (2023) Kat:2, Licht: 0","237717","2","2","5","04","14","4","","0","1","1","0","0"
"POINT (13.538859685000034 52.420438873000080)","Unfall 237718 (2023) Kat:3, Licht: 2","237718","3","3","5","03","22","4","","2","0","1","0","0"
"POINT (13.529720638000072 52.569853489000081)","Unfall 237719 (2023) Kat:2, Licht: 0","237719","2","3","5","03","17","4","","0","0","1","0","0"
"POINT (13.338461021000057 52.452705522000031)","Unfall 237720 (2023) Kat:2, Licht: 0","237720","2","4","6","03","10","4","","0","0","0","1","0"
"POINT (13.538272945000074 52.554183051000052)","Unfall 237721 (2023) Kat:3, Licht: 2","237721","3","3","5","03","05","4","","2","1","1","0","0"
"POINT (13.345446655000046 52.529911876000028)","Unfall 237722 (2023) Kat:3, Licht: 2","237722","3","3","0","03","19","4","","2","1","0","0","0"
"POINT (13.363416623000035 52.556578936000051)","Unfall 237723 (2023) Kat:2, Licht: 0","237723","2","5","1","03","15","5","","0","0","1","0","0"
"POINT (13.378340614000024 52.485018781000065)","Unfall 237724 (2023) Kat:2, Licht: 2","237724","2","1","1","03","18","4","","2","1","1","0","0"
"POINT (13.346484537000038 52.547602130000030)","Unfall 237725 (2023) Kat:3, Licht: 0","237725","3","3","0","03","14","4","","0","0","1","0","0"
"POINT (13.492161786000054 52.491867255000045)","Unfall 237726 (2023) Kat:2, Licht: 0","237726","2","4","6","03","14","4","","0","0","1","1","0"
"POINT (13.149773228000072 52.554080463000048)","Unfall 237727 (2023) Kat:3, Licht: 0","237727","3","6","2","03","14","4","","0","0","1","0","0"
"POINT (13.390885393000076 52.515840574000038)","Unfall 237728 (2023) Kat:3, Licht: 0","237728","3","3","5","03","10","6","","0","1","1","0","0"
"POINT (13.377087418000031 52.556339105000063)","Unfall 237729 (2023) Kat:3, Licht: 2","237729","3","2","5","03","21","4","","2","0","1","0","0"
"POINT (13.295150677000038 52.506967006000082)","Unfall 237730 (2023) Kat:3, Licht: 0","237730","3","6","2","03","10","4","","0","1","1","0","0"
"POINT (13.376438122000025 52.510092549000035)","Unfall 237731 (2023) Kat:3, Licht: 0","237731","3","3","5","03","09","4","","0","1","1","0","0"
"POINT (13.318803955000021 52.462191144000030)","Unfall 237732 (2023) Kat:3, Licht: 0","237732","3","3","5","03","13","1","","0","1","1","0","0"
"POINT (13.437284360000035 52.481518051000080)","Unfall 237733 (2023) Kat:3, Licht: 2","237733","3","5","5","03","18","4","","2","0","1","0","0"
"POINT (13.434795079000025 52.462054803000058)","Unfall 237734 (2023) Kat:3, Licht: 0","237734","3","2","5","03","15","4","","0","1","0","0","0"
"POINT (13.312676061000047 52.486997847000055)","Unfall 237735 (2023) Kat:3, Licht: 0","237735","3","6","2","03","10","4","","0","0","1","0","0"
"POINT (13.472803603000045 52.504932065000048)","Unfall 237736 (2023) Kat:3, Licht: 0","237736","3","3","5","03","17","5","","0","1","1","0","0"
"POINT (13.354147021000074 52.524002537000058)","Unfall 237737 (2023) Kat:3, Licht: 0","237737","3","6","2","03","08","4","","0","0","1","0","0"
"POINT (13.389348470000073 52.496108409000044)","Unfall 237738 (2023) Kat:3, Licht: 2","237738","3","2","5","03","18","4","","2","1","0","0","0"
"POINT (13.195021237000049 52.532601751000072)","Unfall 237739 (2023) Kat:3, Licht: 2","237739","3","3","5","03","18","4","","2","0","1","0","0"
"POINT (13.526758752000035 52.568983058000072)","Unfall 237740 (2023) Kat:3, Licht: 0","237740","3","6","2","03","17","4","","0","0","1","0","0"
"POINT (13.373172627000031 52.448576464000041)","Unfall 237741 (2023) Kat:3, Licht: 0","237741","3","7","8","03","14","4","","0","0","0","0","1"
"POINT (13.312127560000022 52.435129095000036)","Unfall 237742 (2023) Kat:3, Licht: 0","237742","3","2","5","03","13","4","","0","1","1","0","0"
"POINT (13.436923111000056 52.554557171000056)","Unfall 237743 (2023) Kat:3, Licht: 0","237743","3","5","1","03","07","4","","0","1","0","0","0"
"POINT (13.306849334000049 52.500053841000067)","Unfall 237744 (2023) Kat:2, Licht: 0","237744","2","3","5","03","10","4","","0","0","1","0","0"
"POINT (13.284862990000022 52.417286159000071)","Unfall 237745 (2023) Kat:2, Licht: 0","237745","2","3","5","03","17","4","","0","0","1","0","1"
"POINT (13.374737490000030 52.528101842000069)","Unfall 237746 (2023) Kat:3, Licht: 0","237746","3","6","2","03","16","4","","0","0","1","0","0"
"POINT (13.335326513000041 52.541902800000059)","Unfall 237747 (2023) Kat:3, Licht: 0","237747","3","6","2","03","14","4","","0","0","1","0","0"
"POINT (13.405204082000068 52.508275828000080)","Unfall 237748 (2023) Kat:3, Licht: 0","237748","3","2","2","03","12","4","","0","1","0","0","0"
"POINT (13.257498140000052 52.430260344000033)","Unfall 237749 (2023) Kat:3, Licht: 2","237749","3","1","0","02","19","3","","2","0","0","0","1"
"POINT (13.289797368000052 52.518995558000029)","Unfall 237750 (2023) Kat:3, Licht: 2","237750","3","7","5","02","18","3","","2","0","1","0","0"
"POINT (13.364566226000022 52.510019873000033)","Unfall 237751 (2023) Kat:3, Licht: 0","237751","3","6","2","02","17","3","","0","0","1","0","0"
"POINT (13.439964367000073 52.548204084000076)","Unfall 237752 (2023) Kat:3, Licht: 0","237752","3","2","5","02","12","3","","0","1","1","0","0"
"POINT (13.327261555000064 52.439706141000045)","Unfall 237753 (2023) Kat:3, Licht: 0","237753","3","7","5","02","10","3","","0","0","1","0","0"
"POINT (13.184280583000032 52.514881354000067)","Unfall 237754 (2023) Kat:3, Licht: 0","237754","3","2","5","02","08","3","","0","1","1","0","0"
"POINT (13.593336524000051 52.441408513000056)","Unfall 237755 (2023) Kat:3, Licht: 0","237755","3","2","5","02","07","3","","0","1","1","0","0"
"POINT (13.209580801000072 52.526955081000040)","Unfall 237756 (2023) Kat:2, Licht: 0","237756","2","6","3","02","08","3","","0","1","0","0","0"
"POINT (13.417192656000054 52.512463616000048)","Unfall 237757 (2023) Kat:3, Licht: 0","237757","3","2","5","02","16","3","","0","1","0","0","0"
"POINT (13.379520629000069 52.456103324000026)","Unfall 237758 (2023) Kat:3, Licht: 0","237758","3","2","5","02","16","3","","0","1","1","0","0"
"POINT (13.324217657000077 52.601197352000042)","Unfall 237759 (2023) Kat:2, Licht: 0","237759","2","3","5","02","14","3","","0","1","1","0","0"
"POINT (13.408071490000054 52.536994948000029)","Unfall 237760 (2023) Kat:3, Licht: 0","237760","3","4","6","02","07","3","","0","0","1","1","0"
"POINT (13.336774805000061 52.471488078000050)","Unfall 237761 (2023) Kat:3, Licht: 0","237761","3","7","2","02","07","3","","0","1","1","0","0"
"POINT (13.301995678000026 52.507984668000063)","Unfall 237762 (2023) Kat:3, Licht: 2","237762","3","2","5","03","19","2","","2","0","1","0","0"
"POINT (13.416731584000047 52.549955357000044)","Unfall 237763 (2023) Kat:3, Licht: 0","237763","3","6","2","02","08","3","","0","0","1","0","0"
"POINT (13.286956613000029 52.457467619000056)","Unfall 237764 (2023) Kat:2, Licht: 2","237764","2","1","8","02","02","3","","2","0","1","0","0"
"POINT (13.306269822000047 52.508010781000053)","Unfall 237765 (2023) Kat:3, Licht: 0","237765","3","7","6","02","15","3","","0","1","0","1","0"
"POINT (13.336863512000036 52.500833656000054)","Unfall 237766 (2023) Kat:3, Licht: 0","237766","3","2","5","02","13","3","","0","1","1","0","0"
"POINT (13.435879422000028 52.466898185000048)","Unfall 237767 (2023) Kat:3, Licht: 0","237767","3","2","5","02","13","3","","0","1","1","0","0"
"POINT (13.343632703000026 52.501378606000060)","Unfall 237768 (2023) Kat:3, Licht: 0","237768","3","6","3","02","12","3","","0","1","1","0","0"
"POINT (13.319349354000053 52.485323083000026)","Unfall 237769 (2023) Kat:3, Licht: 0","237769","3","7","6","02","09","3","","0","0","1","1","0"
"POINT (13.318549688000076 52.574103612000044)","Unfall 237770 (2023) Kat:3, Licht: 0","237770","3","3","5","02","09","3","","0","0","1","0","0"
"POINT (13.143308960000070 52.524205163000033)","Unfall 237771 (2023) Kat:3, Licht: 0","237771","3","6","3","03","14","5","","0","0","1","0","0"
"POINT (13.387247365000064 52.539283916000045)","Unfall 237772 (2023) Kat:3, Licht: 0","237772","3","5","1","02","16","3","","0","0","1","0","0"
"POINT (13.421997354000041 52.550086095000040)","Unfall 237773 (2023) Kat:3, Licht: 0","237773","3","3","5","02","13","3","","0","1","1","0","0"
"POINT (13.333151547000057 52.589883715000042)","Unfall 237774 (2023) Kat:3, Licht: 0","237774","3","6","2","02","07","3","","0","0","1","0","0"
"POINT (13.193611438000062 52.533288519000052)","Unfall 237775 (2023) Kat:3, Licht: 0","237775","3","5","1","03","13","3","","0","0","1","0","0"
"POINT (13.461814256000025 52.468870117000051)","Unfall 237776 (2023) Kat:3, Licht: 0","237776","3","6","3","02","11","3","","0","0","1","0","0"
"POINT (13.308175490000053 52.477852047000056)","Unfall 237777 (2023) Kat:3, Licht: 0","237777","3","2","5","02","11","3","","0","0","1","0","0"
"POINT (13.390408881000042 52.419884213000046)","Unfall 237778 (2023) Kat:3, Licht: 0","237778","3","6","2","02","07","3","","0","0","1","0","0"
"POINT (13.302102560000037 52.539492331000076)","Unfall 237779 (2023) Kat:3, Licht: 0","237779","3","4","6","02","07","3","","0","0","1","1","0"
"POINT (13.456051402000071 52.507542308000041)","Unfall 237780 (2023) Kat:3, Licht: 0","237780","3","4","6","02","16","3","","0","1","0","1","0"
"POINT (13.356376179000051 52.555381508000039)","Unfall 237781 (2023) Kat:3, Licht: 2","237781","3","3","5","02","18","3","","2","0","1","0","0"
"POINT (13.293689734000054 52.445822768000028)","Unfall 237782 (2023) Kat:3, Licht: 0","237782","3","3","5","02","13","3","","0","0","1","0","0"
"POINT (13.313115023000023 52.480424868000057)","Unfall 237783 (2023) Kat:3, Licht: 0","237783","3","2","5","03","15","4","","0","0","1","0","0"
"POINT (13.412835180000059 52.553699355000049)","Unfall 237784 (2023) Kat:3, Licht: 0","237784","3","7","5","02","12","3","","0","0","1","0","0"
"POINT (13.153993282000044 52.459976350000034)","Unfall 237785 (2023) Kat:3, Licht: 0","237785","3","6","2","02","08","3","","0","0","1","0","0"
"POINT (13.249045915000067 52.523955822000062)","Unfall 237786 (2023) Kat:3, Licht: 0","237786","3","6","2","02","08","3","","0","0","1","0","0"
"POINT (13.180407672000058 52.538743687000078)","Unfall 237787 (2023) Kat:3, Licht: 2","237787","3","5","1","02","05","3","","2","1","1","0","0"
"POINT (13.385027005000040 52.505060696000044)","Unfall 237788 (2023) Kat:2, Licht: 2","237788","2","5","1","02","20","3","","2","1","1","0","0"
"POINT (13.360611162000055 52.412724820000051)","Unfall 237789 (2023) Kat:3, Licht: 0","237789","3","3","2","02","08","3","","0","0","1","0","0"
"POINT (13.428242038000064 52.528542807000065)","Unfall 237790 (2023) Kat:3, Licht: 0","237790","3","5","1","03","16","1","","0","1","1","0","0"
"POINT (13.535415032000060 52.561315838000041)","Unfall 237791 (2023) Kat:3, Licht: 0","237791","3","3","5","02","15","3","","0","1","0","0","0"
"POINT (13.324207080000065 52.476558361000059)","Unfall 237792 (2023) Kat:3, Licht: 0","237792","3","3","5","02","13","2","","0","1","1","0","0"
"POINT (13.471377314000051 52.517013858000041)","Unfall 237793 (2023) Kat:3, Licht: 0","237793","3","5","1","02","15","2","","0","0","1","0","0"
"POINT (13.384478957000056 52.515343813000072)","Unfall 237794 (2023) Kat:3, Licht: 2","237794","3","6","2","02","19","2","","2","1","1","0","0"
"POINT (13.403766849000021 52.523158577000061)","Unfall 237795 (2023) Kat:3, Licht: 2","237795","3","4","6","02","18","2","","2","0","1","1","0"
"POINT (13.386061851000022 52.506450240000049)","Unfall 237796 (2023) Kat:3, Licht: 1","237796","3","2","5","02","18","2","","1","1","1","0","0"
"POINT (13.398047391000034 52.584913613000026)","Unfall 237797 (2023) Kat:3, Licht: 2","237797","3","3","5","02","17","2","","2","0","1","0","0"
"POINT (13.345836692000034 52.500074775000030)","Unfall 237798 (2023) Kat:3, Licht: 0","237798","3","3","5","02","12","2","","0","0","1","0","0"
"POINT (13.430061856000066 52.503470930000049)","Unfall 237799 (2023) Kat:3, Licht: 0","237799","3","3","5","02","12","2","","0","1","1","0","0"
"POINT (13.429375242000049 52.481358507000039)","Unfall 237800 (2023) Kat:3, Licht: 0","237800","3","1","0","02","12","2","","0","0","0","0","1"
"POINT (13.583241958000031 52.455491187000064)","Unfall 237801 (2023) Kat:3, Licht: 0","237801","3","3","5","02","11","2","","0","0","1","0","0"
"POINT (13.509299668000040 52.472715032000053)","Unfall 237802 (2023) Kat:3, Licht: 0","237802","3","6","3","02","10","2","","0","0","0","0","0"
"POINT (13.489227808000066 52.473683561000030)","Unfall 237803 (2023) Kat:3, Licht: 0","237803","3","1","1","02","10","2","","0","0","1","0","0"
"POINT (13.577378735000025 52.402270469000030)","Unfall 237804 (2023) Kat:3, Licht: 0","237804","3","3","0","02","14","2","","0","0","1","0","0"
"POINT (13.433819454000059 52.445593340000073)","Unfall 237805 (2023) Kat:3, Licht: 0","237805","3","3","5","02","14","2","","0","0","1","0","1"
"POINT (13.314703976000033 52.567387967000059)","Unfall 237806 (2023) Kat:3, Licht: 0","237806","3","3","5","02","08","2","","0","0","1","0","0"
"POINT (13.407999497000048 52.581868938000071)","Unfall 237807 (2023) Kat:3, Licht: 1","237807","3","7","0","02","05","2","","1","0","1","0","0"
"POINT (13.509691645000032 52.546207555000080)","Unfall 237808 (2023) Kat:3, Licht: 0","237808","3","4","6","02","16","2","","0","0","1","1","0"
"POINT (13.203005027000074 52.540846886000054)","Unfall 237809 (2023) Kat:3, Licht: 0","237809","3","2","5","02","16","2","","0","0","1","0","0"
"POINT (13.632502937000027 52.456746554000063)","Unfall 237810 (2023) Kat:3, Licht: 0","237810","3","6","2","02","13","2","","0","0","1","0","0"
"POINT (13.281273061000036 52.499437418000070)","Unfall 237811 (2023) Kat:3, Licht: 0","237811","3","3","6","02","12","2","","0","0","1","1","0"
"POINT (13.402690088000043 52.528093624000064)","Unfall 237812 (2023) Kat:3, Licht: 0","237812","3","2","6","02","08","2","","0","0","1","1","0"
"POINT (13.149414380000053 52.554212669000037)","Unfall 237813 (2023) Kat:3, Licht: 0","237813","3","4","6","02","07","2","","0","0","1","1","0"
"POINT (13.425419183000031 52.479680976000054)","Unfall 237814 (2023) Kat:3, Licht: 2","237814","3","5","1","02","21","1","","2","1","1","0","0"
"POINT (13.334265078000044 52.582391588000064)","Unfall 237815 (2023) Kat:3, Licht: 2","237815","3","7","5","02","23","1","","2","0","1","0","1"
"POINT (13.377784440000028 52.529023000000052)","Unfall 237816 (2023) Kat:3, Licht: 0","237816","3","2","6","02","09","1","","0","0","1","1","0"
"POINT (13.502505049000035 52.534381453000037)","Unfall 237817 (2023) Kat:2, Licht: 2","237817","2","1","8","02","04","1","","2","0","1","0","0"
"POINT (13.628607920000036 52.493105400000047)","Unfall 237818 (2023) Kat:3, Licht: 0","237818","3","2","6","02","15","3","","0","0","1","1","0"
"POINT (13.519641846000070 52.505908155000043)","Unfall 237819 (2023) Kat:3, Licht: 1","237819","3","2","5","02","16","1","","1","0","1","0","0"
"POINT (13.424785542000052 52.547073955000030)","Unfall 237820 (2023) Kat:3, Licht: 0","237820","3","4","6","02","15","1","","0","0","1","1","0"
"POINT (13.380291917000022 52.518905893000067)","Unfall 237821 (2023) Kat:3, Licht: 0","237821","3","2","5","02","15","1","","0","1","1","0","0"
"POINT (13.326247369000043 52.538010903000043)","Unfall 237822 (2023) Kat:3, Licht: 0","237822","3","2","5","03","17","2","","0","0","1","0","0"
"POINT (13.433678484000040 52.481878934000065)","Unfall 237823 (2023) Kat:3, Licht: 0","237823","3","6","2","02","13","1","","0","1","1","0","0"
"POINT (13.329598492000059 52.539113637000071)","Unfall 237824 (2023) Kat:3, Licht: 2","237824","3","1","9","02","03","1","","2","0","1","0","0"
"POINT (13.449930374000076 52.445598849000078)","Unfall 237825 (2023) Kat:3, Licht: 0","237825","3","2","5","02","14","1","","0","0","1","0","0"
"POINT (13.382889177000038 52.542228790000081)","Unfall 237826 (2023) Kat:3, Licht: 0","237826","3","2","6","02","11","1","","0","0","1","1","0"
"POINT (13.583129738000025 52.549336709000045)","Unfall 237827 (2023) Kat:3, Licht: 2","237827","3","1","9","02","01","1","","2","0","1","0","0"
"POINT (13.402867761000039 52.516611634000071)","Unfall 237828 (2023) Kat:3, Licht: 2","237828","3","6","2","02","00","1","","2","0","1","0","0"
"POINT (13.377846573000056 52.468632150000076)","Unfall 237829 (2023) Kat:3, Licht: 2","237829","3","2","5","02","19","7","","2","0","1","0","0"
"POINT (13.418376411000054 52.542845819000036)","Unfall 237830 (2023) Kat:3, Licht: 2","237830","3","5","0","02","18","7","","2","0","1","0","0"
"POINT (13.372674217000053 52.531846772000051)","Unfall 237831 (2023) Kat:2, Licht: 0","237831","2","1","9","02","17","7","","0","0","1","0","0"
"POINT (13.418096451000054 52.515481015000034)","Unfall 237832 (2023) Kat:3, Licht: 0","237832","3","3","5","02","14","7","","0","0","1","0","1"
"POINT (13.571150202000069 52.545892197000057)","Unfall 237833 (2023) Kat:1, Licht: 0","237833","1","4","6","02","13","7","","0","0","0","1","0"
"POINT (13.430634313000041 52.468444088000069)","Unfall 237834 (2023) Kat:3, Licht: 0","237834","3","2","5","02","10","7","","0","1","0","0","0"
"POINT (13.413099874000068 52.382871370000032)","Unfall 237835 (2023) Kat:2, Licht: 2","237835","2","7","5","02","22","7","","2","0","1","0","0"
"POINT (13.346136539000042 52.501055132000033)","Unfall 237836 (2023) Kat:3, Licht: 2","237836","3","2","5","02","21","7","","2","0","1","0","0"
"POINT (13.319532142000071 52.496077091000075)","Unfall 237837 (2023) Kat:3, Licht: 1","237837","3","5","1","03","17","2","","1","1","1","0","0"
"POINT (13.458221422000065 52.499641021000059)","Unfall 237838 (2023) Kat:3, Licht: 2","237838","3","3","5","02","21","7","","2","1","1","0","0"
"POINT (13.332649035000031 52.458303546000081)","Unfall 237839 (2023) Kat:3, Licht: 0","237839","3","2","5","02","14","7","","0","0","1","0","0"
"POINT (13.299017162000041 52.490810595000028)","Unfall 237840 (2023) Kat:3, Licht: 0","237840","3","3","5","02","14","7","","0","0","1","0","0"
"POINT (13.176487069000075 52.544452992000060)","Unfall 237841 (2023) Kat:3, Licht: 0","237841","3","6","2","02","14","7","","0","0","1","0","0"
"POINT (13.383664113000066 52.415680585000075)","Unfall 237842 (2023) Kat:3, Licht: 0","237842","3","6","4","02","13","7","","0","0","1","0","0"
"POINT (13.337024827000050 52.487873065000031)","Unfall 237843 (2023) Kat:3, Licht: 0","237843","3","4","6","02","10","7","","0","0","1","1","0"
"POINT (13.381616946000065 52.440019135000057)","Unfall 237844 (2023) Kat:3, Licht: 0","237844","3","5","1","02","06","7","","0","0","1","0","0"
"POINT (13.557215080000049 52.534253003000060)","Unfall 237845 (2023) Kat:3, Licht: 1","237845","3","3","5","02","17","7","","1","0","1","0","0"
"POINT (13.406579900000054 52.393764192000049)","Unfall 237846 (2023) Kat:3, Licht: 0","237846","3","2","5","02","14","7","","0","0","1","0","0"
"POINT (13.408388965000029 52.508958804000031)","Unfall 237847 (2023) Kat:3, Licht: 0","237847","3","5","1","02","11","7","","0","0","1","0","0"
"POINT (13.186002116000054 52.517678378000028)","Unfall 237848 (2023) Kat:3, Licht: 2","237848","3","2","6","03","20","6","","2","0","1","1","0"
"POINT (13.437941877000071 52.421483397000031)","Unfall 237849 (2023) Kat:3, Licht: 0","237849","3","6","2","02","11","7","","0","0","1","0","0"
"POINT (13.296615382000027 52.528365274000066)","Unfall 237850 (2023) Kat:3, Licht: 0","237850","3","6","2","02","10","7","","0","0","1","0","0"
"POINT (13.411708341000065 52.523963986000069)","Unfall 237851 (2023) Kat:2, Licht: 2","237851","2","2","5","02","02","7","","2","1","1","0","0"
"POINT (13.460483069000077 52.462279963000071)","Unfall 237852 (2023) Kat:3, Licht: 0","237852","3","6","2","02","10","7","","0","0","1","0","0"
"POINT (13.185533490000068 52.551550326000040)","Unfall 237853 (2023) Kat:3, Licht: 0","237853","3","3","5","02","09","7","","0","0","1","0","0"
"POINT (13.404323593000072 52.533131225000034)","Unfall 237854 (2023) Kat:3, Licht: 2","237854","3","2","5","02","02","7","","2","1","1","0","0"
"POINT (13.386426882000023 52.549492798000074)","Unfall 237855 (2023) Kat:3, Licht: 2","237855","3","4","6","02","00","7","","2","0","1","1","0"
"POINT (13.340079342000024 52.557287362000068)","Unfall 237856 (2023) Kat:3, Licht: 0","237856","3","7","6","02","10","6","","0","0","1","1","0"
"POINT (13.416505590000043 52.510994426000082)","Unfall 237857 (2023) Kat:3, Licht: 2","237857","3","2","5","02","23","6","","2","0","1","0","0"
"POINT (13.381178073000058 52.491643231000069)","Unfall 237858 (2023) Kat:3, Licht: 0","237858","3","3","5","02","15","6","","0","1","1","0","0"
"POINT (13.434984714000052 52.508480078000048)","Unfall 237859 (2023) Kat:2, Licht: 2","237859","2","7","2","02","05","6","","2","0","1","0","1"
"POINT (13.454682735000063 52.441290621000064)","Unfall 237860 (2023) Kat:3, Licht: 2","237860","3","3","5","02","00","6","","2","0","1","0","0"
"POINT (13.342280020000032 52.440830340000048)","Unfall 237861 (2023) Kat:2, Licht: 2","237861","2","1","0","02","18","6","","2","1","0","0","0"
"POINT (13.415479967000067 52.509746651000057)","Unfall 237862 (2023) Kat:3, Licht: 0","237862","3","6","2","02","12","6","","0","0","1","0","0"
"POINT (13.422677641000064 52.544630653000070)","Unfall 237863 (2023) Kat:2, Licht: 0","237863","2","3","5","03","08","3","","0","1","1","0","0"
"POINT (13.277601615000037 52.413543860000061)","Unfall 237864 (2023) Kat:3, Licht: 0","237864","3","3","5","02","12","6","","0","0","1","0","0"
"POINT (13.334912464000070 52.595642077000036)","Unfall 237865 (2023) Kat:3, Licht: 0","237865","3","7","6","02","10","6","","0","0","1","1","0"
"POINT (13.367536618000031 52.586429055000053)","Unfall 237866 (2023) Kat:3, Licht: 0","237866","3","2","3","02","10","6","","0","1","1","0","0"
"POINT (13.346138819000032 52.498835420000034)","Unfall 237867 (2023) Kat:3, Licht: 0","237867","3","3","5","02","09","6","","0","0","1","0","1"
"POINT (13.365924654000025 52.562680413000066)","Unfall 237868 (2023) Kat:3, Licht: 2","237868","3","1","1","02","02","6","","2","0","1","0","0"
"POINT (13.377976839000041 52.472512485000038)","Unfall 237869 (2023) Kat:2, Licht: 0","237869","2","3","5","02","16","6","","0","1","1","0","0"
"POINT (13.426378616000022 52.499267572000065)","Unfall 237870 (2023) Kat:3, Licht: 1","237870","3","3","5","02","16","6","","1","0","1","0","1"
"POINT (13.350206523000054 52.414224849000050)","Unfall 237871 (2023) Kat:3, Licht: 2","237871","3","2","6","02","23","6","","2","0","1","1","0"
"POINT (13.419287605000022 52.461143684000035)","Unfall 237872 (2023) Kat:3, Licht: 0","237872","3","5","1","02","16","6","","0","0","1","0","1"