WKT,Name,OBJECTID,UKATEGORIE,UTYP1,UART,UMONAT,USTUNDE,UWOCHENTAG,STRZUSTAND,ULICHTVERH,ISTRAD,ISTPKW,ISTFUSS,ISTKRAD
"POINT (13.207769366000036 52.538842520000060)","Unfall 237873 (2023) Kat:2, Licht: 0","237873","2","4","6","02","15","6","","0","1","0","1","0"
"POINT (13.371869261000029 52.509086745000047)","Unfall 237874 (2023) Kat:3, Licht: 2","237874","3","2","5","03","21","2","","2","1","1","0","0"
"POINT (13.426660320000053 52.499632738000059)","Unfall 237875 (2023) Kat:3, Licht: 0","237875","3","6","3","02","14","6","","0","0","1","0","0"
"POINT (13.391142236000064 52.536212126000066)","Unfall 237876 (2023) Kat:2, Licht: 0","237876","2","2","5","04","11","3","","0","1","1","0","0"
"POINT (13.427829952000025 52.545440446000043)","Unfall 237877 (2023) Kat:2, Licht: 0","237877","2","7","0","02","11","6","","0","1","0","0","0"
"POINT (13.272248875000059 52.518599506000044)","Unfall 237878 (2023) Kat:3, Licht: 0","237878","3","3","5","02","12","6","","0","0","1","0","0"
"POINT (13.214123662000077 52.538445765000063)","Unfall 237879 (2023) Kat:2, Licht: 0","237879","2","2","5","02","10","6","","0","0","1","0","0"
"POINT (13.573726328000078 52.426627320000080)","Unfall 237880 (2023) Kat:3, Licht: 2","237880","3","6","2","03","19","1","","2","1","1","0","0"
"POINT (13.361433741000042 52.547748662000060)","Unfall 237881 (2023) Kat:3, Licht: 2","237881","3","6","2","02","21","6","","2","0","1","0","1"
"POINT (13.342475766000064 52.446993029000055)","Unfall 237882 (2023) Kat:2, Licht: 1","237882","2","3","5","02","17","6","","1","1","1","0","0"
"POINT (13.400744745000054 52.415006211000048)","Unfall 237883 (2023) Kat:3, Licht: 0","237883","3","3","5","02","16","6","","0","1","1","0","0"
"POINT (13.386362268000028 52.490076636000026)","Unfall 237884 (2023) Kat:3, Licht: 0","237884","3","2","5","02","13","6","","0","1","1","0","0"
"POINT (13.306607267000061 52.503611842000055)","Unfall 237885 (2023) Kat:3, Licht: 0","237885","3","2","5","02","12","6","","0","1","1","0","0"
"POINT (13.465272821000042 52.557601547000047)","Unfall 237886 (2023) Kat:3, Licht: 0","237886","3","4","6","02","07","6","","0","0","1","1","0"
"POINT (13.325309302000051 52.455548462000081)","Unfall 237887 (2023) Kat:3, Licht: 2","237887","3","2","6","02","22","5","","2","0","1","1","0"
"POINT (13.391038853000055 52.398858505000078)","Unfall 237888 (2023) Kat:3, Licht: 2","237888","3","1","8","02","22","5","","2","0","1","0","0"
"POINT (13.562240645000031 52.437241198000038)","Unfall 237889 (2023) Kat:3, Licht: 0","237889","3","2","2","02","16","5","","0","0","1","0","0"
"POINT (13.458513973000038 52.562089167000067)","Unfall 237890 (2023) Kat:3, Licht: 0","237890","3","6","2","02","16","5","","0","0","1","0","0"
"POINT (13.380071754000028 52.506335747000037)","Unfall 237891 (2023) Kat:3, Licht: 0","237891","3","7","5","02","12","5","","0","0","1","0","0"
"POINT (13.338671240000053 52.550816615000031)","Unfall 237892 (2023) Kat:3, Licht: 0","237892","3","5","1","02","11","5","","0","1","1","0","0"
"POINT (13.342923757000051 52.545495320000043)","Unfall 237893 (2023) Kat:3, Licht: 2","237893","3","1","1","02","06","5","","2","0","1","0","0"
"POINT (13.374914954000076 52.437093653000034)","Unfall 237894 (2023) Kat:2, Licht: 2","237894","2","3","2","02","19","5","","2","0","1","0","0"
"POINT (13.449011395000070 52.524318186000073)","Unfall 237895 (2023) Kat:3, Licht: 2","237895","3","2","5","02","18","5","","2","0","1","0","0"
"POINT (13.393040199000041 52.515079843000080)","Unfall 237896 (2023) Kat:3, Licht: 2","237896","3","3","5","03","21","5","","2","0","1","0","0"
"POINT (13.312781232000077 52.480464263000044)","Unfall 237897 (2023) Kat:3, Licht: 0","237897","3","2","5","02","15","5","","0","0","1","1","0"
"POINT (13.380522432000078 52.552725766000037)","Unfall 237898 (2023) Kat:3, Licht: 0","237898","3","6","3","02","15","5","","0","0","1","0","0"
"POINT (13.566181826000047 52.572934734000057)","Unfall 237899 (2023) Kat:3, Licht: 0","237899","3","6","3","02","12","6","","0","1","0","0","0"
"POINT (13.322585909000054 52.560547162000034)","Unfall 237900 (2023) Kat:3, Licht: 0","237900","3","6","2","02","15","5","","0","0","1","0","0"
"POINT (13.326557615000070 52.487572505000060)","Unfall 237901 (2023) Kat:3, Licht: 0","237901","3","4","0","02","14","5","","0","1","1","1","0"
"POINT (13.525913009000021 52.482727864000026)","Unfall 237902 (2023) Kat:3, Licht: 0","237902","3","2","3","02","08","5","","0","1","1","0","0"
"POINT (13.318426785000042 52.461902549000058)","Unfall 237903 (2023) Kat:3, Licht: 0","237903","3","5","1","02","07","5","","0","1","1","0","0"
"POINT (13.297188610000035 52.442514758000073)","Unfall 237904 (2023) Kat:3, Licht: 2","237904","3","6","2","02","20","5","","2","1","1","0","0"
"POINT (13.282989916000076 52.458837074000030)","Unfall 237905 (2023) Kat:3, Licht: 2","237905","3","6","2","02","17","5","","2","0","1","0","0"
"POINT (13.387061694000067 52.559679566000057)","Unfall 237906 (2023) Kat:3, Licht: 2","237906","3","6","2","02","17","5","","2","0","1","0","0"
"POINT (13.328423601000054 52.565357899000048)","Unfall 237907 (2023) Kat:3, Licht: 0","237907","3","4","6","02","14","5","","0","0","1","1","0"
"POINT (13.431679404000022 52.497493594000048)","Unfall 237908 (2023) Kat:3, Licht: 1","237908","3","6","2","02","19","5","","1","0","1","0","0"
"POINT (13.532446603000039 52.478614816000061)","Unfall 237909 (2023) Kat:3, Licht: 1","237909","3","5","1","02","17","5","","1","1","1","0","0"
"POINT (13.297744000000023 52.498337990000039)","Unfall 237910 (2023) Kat:3, Licht: 0","237910","3","6","2","02","13","5","","0","0","1","0","0"
"POINT (13.446179022000024 52.544922460000066)","Unfall 237911 (2023) Kat:2, Licht: 0","237911","2","4","6","02","16","5","","0","0","1","1","0"
"POINT (13.454414469000028 52.526058829000078)","Unfall 237912 (2023) Kat:3, Licht: 1","237912","3","7","0","02","06","4","","1","1","0","0","0"
"POINT (13.331117661000064 52.495153288000040)","Unfall 237913 (2023) Kat:3, Licht: 0","237913","3","2","0","02","18","4","","0","1","1","0","0"
"POINT (13.249175574000049 52.419455786000071)","Unfall 237914 (2023) Kat:2, Licht: 0","237914","2","3","0","02","11","4","","0","0","1","0","0"
"POINT (13.318465589000027 52.470922911000059)","Unfall 237915 (2023) Kat:3, Licht: 0","237915","3","1","9","02","11","4","","0","0","1","0","0"
"POINT (13.339188797000077 52.432520759000056)","Unfall 237916 (2023) Kat:3, Licht: 2","237916","3","3","0","02","18","4","","2","1","0","0","0"
"POINT (13.434218693000048 52.545889850000037)","Unfall 237917 (2023) Kat:3, Licht: 2","237917","3","2","5","02","17","4","","2","1","1","0","0"
"POINT (13.358695538000063 52.434152671000049)","Unfall 237918 (2023) Kat:3, Licht: 0","237918","3","3","5","02","11","4","","0","0","1","0","0"
"POINT (13.406365254000036 52.404402815000026)","Unfall 237919 (2023) Kat:3, Licht: 0","237919","3","2","6","02","09","4","","0","0","1","1","0"
"POINT (13.458328093000034 52.472749968000073)","Unfall 237920 (2023) Kat:3, Licht: 0","237920","3","2","5","02","08","4","","0","1","0","0","0"
"POINT (13.335665257000073 52.514428624000061)","Unfall 237921 (2023) Kat:3, Licht: 0","237921","3","7","1","02","15","4","","0","1","1","0","0"
"POINT (13.421555901000033 52.463781707000066)","Unfall 237922 (2023) Kat:3, Licht: 2","237922","3","5","1","02","21","4","","2","1","1","0","0"
"POINT (13.344161181000061 52.501697679000074)","Unfall 237923 (2023) Kat:3, Licht: 0","237923","3","6","2","02","12","4","","0","0","1","0","0"
"POINT (13.240723095000021 52.543134246000079)","Unfall 237924 (2023) Kat:3, Licht: 2","237924","3","7","1","02","03","4","","2","0","1","0","0"
"POINT (13.528028318000054 52.489852528000029)","Unfall 237925 (2023) Kat:3, Licht: 2","237925","3","1","8","02","02","4","","2","0","1","0","0"
"POINT (13.231803928000033 52.612657558000080)","Unfall 237926 (2023) Kat:3, Licht: 2","237926","3","3","5","02","19","4","","2","0","1","0","0"
"POINT (13.432048289000022 52.499441528000034)","Unfall 237927 (2023) Kat:3, Licht: 0","237927","3","3","5","02","17","4","","0","0","1","0","0"
"POINT (13.444771502000037 52.523876221000080)","Unfall 237928 (2023) Kat:3, Licht: 0","237928","3","4","6","02","16","4","","0","0","0","1","0"
"POINT (13.333516567000061 52.495211462000043)","Unfall 237929 (2023) Kat:3, Licht: 0","237929","3","6","2","02","14","4","","0","0","1","0","1"
"POINT (13.466224542000077 52.550484399000027)","Unfall 237930 (2023) Kat:3, Licht: 0","237930","3","3","5","02","13","4","","0","1","1","0","0"
"POINT (13.519553495000025 52.526063693000026)","Unfall 237931 (2023) Kat:3, Licht: 0","237931","3","2","5","02","08","4","","0","0","1","0","0"
"POINT (13.367215787000077 52.523183370000027)","Unfall 237932 (2023) Kat:3, Licht: 2","237932","3","3","5","02","06","4","","2","0","1","0","0"
"POINT (13.315114225000059 52.490892159000055)","Unfall 237933 (2023) Kat:3, Licht: 2","237933","3","3","5","02","05","4","","2","1","1","0","0"
"POINT (13.398693153000067 52.570528272000047)","Unfall 237934 (2023) Kat:2, Licht: 2","237934","2","2","6","02","05","3","","2","0","1","1","0"
"POINT (13.378537236000057 52.529104625000059)","Unfall 237935 (2023) Kat:2, Licht: 1","237935","2","2","0","02","06","3","","1","1","0","1","0"
"POINT (13.356437576000076 52.433826063000026)","Unfall 237936 (2023) Kat:2, Licht: 2","237936","2","6","2","02","22","3","","2","0","1","0","0"
"POINT (13.356964162000054 52.433902608000039)","Unfall 237937 (2023) Kat:2, Licht: 2","237937","2","5","1","02","22","3","","2","0","1","0","0"
"POINT (13.282049642000061 52.593999630000042)","Unfall 237938 (2023) Kat:3, Licht: 0","237938","3","2","5","02","16","3","","0","1","1","0","0"
"POINT (13.562141707000023 52.445232053000041)","Unfall 237939 (2023) Kat:3, Licht: 0","237939","3","3","6","02","14","3","","0","0","1","1","0"
"POINT (13.218500239000036 52.517639181000050)","Unfall 237940 (2023) Kat:3, Licht: 2","237940","3","7","0","02","06","3","","2","1","0","0","0"
"POINT (13.301142604000063 52.464322877000029)","Unfall 237941 (2023) Kat:3, Licht: 0","237941","3","3","5","02","14","3","","0","1","1","0","0"
"POINT (13.488351804000047 52.451302094000027)","Unfall 237942 (2023) Kat:3, Licht: 0","237942","3","2","2","02","10","3","","0","0","1","0","0"
"POINT (13.354327674000046 52.499755301000050)","Unfall 237943 (2023) Kat:3, Licht: 0","237943","3","2","5","03","16","5","","0","0","1","0","0"
"POINT (13.343658280000056 52.486736034000046)","Unfall 237944 (2023) Kat:3, Licht: 0","237944","3","5","5","02","09","3","","0","1","1","0","0"
"POINT (13.261048604000052 52.544069984000032)","Unfall 237945 (2023) Kat:3, Licht: 0","237945","3","5","1","02","09","3","","0","0","1","0","0"
"POINT (13.337516667000045 52.428518091000058)","Unfall 237946 (2023) Kat:3, Licht: 1","237946","3","3","0","02","06","3","","1","1","1","0","0"
"POINT (13.350666519000072 52.408279617000062)","Unfall 237947 (2023) Kat:3, Licht: 2","237947","3","2","6","02","18","3","","2","0","1","1","0"
"POINT (13.582717492000029 52.442341071000044)","Unfall 237948 (2023) Kat:3, Licht: 0","237948","3","5","1","02","16","3","","0","1","1","0","0"
"POINT (13.254742868000051 52.442780715000026)","Unfall 237949 (2023) Kat:3, Licht: 0","237949","3","5","2","02","16","3","","0","0","1","0","0"
"POINT (13.397677612000052 52.389063084000043)","Unfall 237950 (2023) Kat:3, Licht: 0","237950","3","6","4","02","13","3","","0","0","1","0","1"
"POINT (13.324358346000054 52.516963657000076)","Unfall 237951 (2023) Kat:3, Licht: 0","237951","3","2","2","02","10","3","","0","0","1","0","0"
"POINT (13.362768801000072 52.428237996000064)","Unfall 237952 (2023) Kat:3, Licht: 0","237952","3","5","1","03","13","7","","0","0","1","0","0"
"POINT (13.351041157000054 52.504151470000068)","Unfall 237953 (2023) Kat:3, Licht: 0","237953","3","6","0","02","09","3","","0","0","1","0","1"
"POINT (13.409462803000054 52.528868666000051)","Unfall 237954 (2023) Kat:3, Licht: 0","237954","3","2","5","02","08","3","","0","1","1","0","0"
"POINT (13.509037869000053 52.542197971000064)","Unfall 237955 (2023) Kat:2, Licht: 2","237955","2","1","1","02","06","3","","2","0","1","0","0"
"POINT (13.377229181000075 52.553876158000037)","Unfall 237956 (2023) Kat:2, Licht: 1","237956","2","1","0","02","17","2","","1","0","1","0","0"
"POINT (13.175674615000048 52.517295050000030)","Unfall 237957 (2023) Kat:3, Licht: 2","237957","3","3","5","02","06","2","","2","0","1","0","0"
"POINT (13.260342875000049 52.516558483000040)","Unfall 237958 (2023) Kat:3, Licht: 0","237958","3","2","3","02","07","2","","0","0","1","0","0"
"POINT (13.436310252000055 52.448881199000027)","Unfall 237959 (2023) Kat:3, Licht: 2","237959","3","2","2","02","00","2","","2","0","1","0","0"
"POINT (13.512508790000027 52.464430415000038)","Unfall 237960 (2023) Kat:3, Licht: 0","237960","3","6","0","02","10","2","","0","1","1","0","0"
"POINT (13.371237587000053 52.510935476000043)","Unfall 237961 (2023) Kat:3, Licht: 0","237961","3","6","0","02","10","2","","0","0","1","0","0"
"POINT (13.152260956000077 52.544350849000068)","Unfall 237962 (2023) Kat:3, Licht: 0","237962","3","6","2","02","14","2","","0","0","1","0","0"
"POINT (13.436510728000030 52.466967348000026)","Unfall 237963 (2023) Kat:3, Licht: 0","237963","3","3","5","03","08","3","","0","1","1","0","0"
"POINT (13.344970394000029 52.485668312000030)","Unfall 237964 (2023) Kat:3, Licht: 2","237964","3","2","5","02","18","2","","2","0","1","0","0"
"POINT (13.415389439000023 52.491157829000031)","Unfall 237965 (2023) Kat:3, Licht: 2","237965","3","6","3","02","22","2","","2","0","1","0","0"
"POINT (13.415649693000034 52.488059521000082)","Unfall 237966 (2023) Kat:3, Licht: 2","237966","3","7","5","03","23","7","","2","0","1","0","0"
"POINT (13.485641978000046 52.464406012000040)","Unfall 237967 (2023) Kat:3, Licht: 2","237967","3","3","5","02","18","2","","2","0","1","0","1"
"POINT (13.522598709000022 52.560747897000056)","Unfall 237968 (2023) Kat:3, Licht: 2","237968","3","1","8","02","18","2","","2","0","1","0","0"
"POINT (13.363129187000027 52.524530187000039)","Unfall 237969 (2023) Kat:3, Licht: 2","237969","3","2","5","02","18","2","","2","1","1","0","0"
"POINT (13.331941958000073 52.500509237000074)","Unfall 237970 (2023) Kat:2, Licht: 1","237970","2","4","6","02","16","2","","1","0","1","1","0"
"POINT (13.401969720000068 52.446581759000026)","Unfall 237971 (2023) Kat:3, Licht: 0","237971","3","6","2","02","16","2","","0","0","1","0","0"
"POINT (13.392552421000062 52.506839778000028)","Unfall 237972 (2023) Kat:2, Licht: 2","237972","2","4","6","02","18","2","","2","0","1","1","0"
"POINT (13.415246105000051 52.559741613000028)","Unfall 237973 (2023) Kat:3, Licht: 0","237973","3","4","6","02","15","2","","0","1","0","1","0"
"POINT (13.393085746000054 52.525374574000068)","Unfall 237974 (2023) Kat:3, Licht: 0","237974","3","3","5","02","08","2","","0","1","1","0","0"
"POINT (13.421831503000021 52.562328388000026)","Unfall 237975 (2023) Kat:3, Licht: 2","237975","3","6","1","02","00","2","","2","1","1","0","0"
"POINT (13.315955193000036 52.506103792000033)","Unfall 237976 (2023) Kat:1, Licht: 0","237976","1","5","1","02","14","2","","0","1","1","0","0"
"POINT (13.517555518000052 52.420389286000045)","Unfall 237977 (2023) Kat:3, Licht: 2","237977","3","5","1","02","03","1","","2","0","1","0","0"
"POINT (13.297510955000064 52.534584172000052)","Unfall 237978 (2023) Kat:3, Licht: 0","237978","3","2","5","02","16","1","","0","0","1","0","0"
"POINT (13.385233032000031 52.531266311000081)","Unfall 237979 (2023) Kat:3, Licht: 2","237979","3","3","5","02","18","1","","2","0","1","0","0"
"POINT (13.373481592000076 52.504288569000039)","Unfall 237980 (2023) Kat:3, Licht: 2","237980","3","2","5","02","19","1","","2","1","1","0","0"
"POINT (13.366548822000027 52.558046963000038)","Unfall 237981 (2023) Kat:3, Licht: 2","237981","3","2","6","02","20","1","","2","0","1","1","0"
"POINT (13.375598167000021 52.540424798000060)","Unfall 237982 (2023) Kat:3, Licht: 0","237982","3","3","5","02","15","1","","0","0","1","0","0"
"POINT (13.408756314000073 52.527920638000069)","Unfall 237983 (2023) Kat:2, Licht: 0","237983","2","4","6","02","14","1","","0","1","0","1","0"
"POINT (13.430362215000059 52.486216405000050)","Unfall 237984 (2023) Kat:3, Licht: 2","237984","3","2","6","02","23","7","","2","0","0","1","0"
"POINT (13.603683639000053 52.546654833000048)","Unfall 237985 (2023) Kat:3, Licht: 2","237985","3","2","5","02","19","7","","2","1","1","0","0"
"POINT (13.335252639000032 52.499098255000035)","Unfall 237986 (2023) Kat:3, Licht: 0","237986","3","6","2","02","15","7","","0","1","1","0","0"
"POINT (13.336153970000055 52.565516621000029)","Unfall 237987 (2023) Kat:3, Licht: 0","237987","3","5","5","02","13","7","","0","0","1","0","0"
"POINT (13.400125780000053 52.417035977000069)","Unfall 237988 (2023) Kat:3, Licht: 0","237988","3","3","5","02","13","7","","0","1","1","0","0"
"POINT (13.205395610000039 52.556885991000058)","Unfall 237989 (2023) Kat:3, Licht: 0","237989","3","3","5","02","16","5","","0","0","1","0","0"
"POINT (13.502718771000048 52.442864608000036)","Unfall 237990 (2023) Kat:3, Licht: 2","237990","3","4","6","02","21","7","","2","0","1","1","0"
"POINT (13.303008871000031 52.505541534000031)","Unfall 237991 (2023) Kat:3, Licht: 2","237991","3","7","5","02","20","7","","2","0","1","0","0"
"POINT (13.375577781000061 52.415571553000063)","Unfall 237992 (2023) Kat:3, Licht: 0","237992","3","3","5","03","15","5","","0","1","1","0","0"
"POINT (13.197816939000063 52.521199146000072)","Unfall 237993 (2023) Kat:3, Licht: 0","237993","3","4","6","03","10","7","","0","0","1","1","0"
"POINT (13.473332209000034 52.432516672000077)","Unfall 237994 (2023) Kat:2, Licht: 2","237994","2","2","6","02","17","7","","2","0","1","1","0"
"POINT (13.370894372000066 52.536938776000056)","Unfall 237995 (2023) Kat:2, Licht: 2","237995","2","1","1","03","02","7","","2","0","1","0","0"
"POINT (13.433501070000034 52.443987016000051)","Unfall 237996 (2023) Kat:3, Licht: 2","237996","3","2","6","02","17","7","","2","0","1","1","0"
"POINT (13.411315288000026 52.521862612000064)","Unfall 237997 (2023) Kat:3, Licht: 0","237997","3","1","0","02","10","7","","0","0","0","0","0"
"POINT (13.419582488000060 52.490089606000026)","Unfall 237998 (2023) Kat:3, Licht: 2","237998","3","2","5","02","23","7","","2","1","1","0","0"
"POINT (13.315789112000061 52.443211383000062)","Unfall 237999 (2023) Kat:2, Licht: 2","237999","2","2","6","02","19","7","","2","0","1","1","0"
"POINT (13.367215935000047 52.523166287000038)","Unfall 238000 (2023) Kat:3, Licht: 2","238000","3","3","5","02","18","7","","2","0","1","0","0"
"POINT (13.208106782000073 52.558770548000041)","Unfall 238001 (2023) Kat:3, Licht: 0","238001","3","6","2","02","13","7","","0","1","1","0","0"
"POINT (13.515791909000029 52.420902023000053)","Unfall 238002 (2023) Kat:3, Licht: 0","238002","3","3","5","02","13","7","","0","0","1","0","0"
"POINT (13.184546113000067 52.515526845000068)","Unfall 238003 (2023) Kat:3, Licht: 0","238003","3","2","5","02","12","7","","0","0","1","0","0"
"POINT (13.433566849000044 52.606660774000034)","Unfall 238004 (2023) Kat:3, Licht: 1","238004","3","3","5","02","06","6","","1","0","1","0","0"
"POINT (13.385101175000045 52.556949276000068)","Unfall 238005 (2023) Kat:2, Licht: 2","238005","2","3","5","02","18","6","","2","0","1","0","0"
"POINT (13.431037398000058 52.512594248000028)","Unfall 238006 (2023) Kat:3, Licht: 0","238006","3","6","2","02","15","6","","0","0","1","0","0"
"POINT (13.469092732000036 52.555129135000072)","Unfall 238007 (2023) Kat:3, Licht: 0","238007","3","3","5","02","15","6","","0","1","1","0","0"
"POINT (13.280925051000054 52.435613286000034)","Unfall 238008 (2023) Kat:2, Licht: 0","238008","2","3","5","02","11","6","","0","0","1","0","0"
"POINT (13.534308907000025 52.538848655000038)","Unfall 238009 (2023) Kat:3, Licht: 0","238009","3","3","5","04","16","3","","0","1","0","0","1"
"POINT (13.572334028000057 52.451188267000077)","Unfall 238010 (2023) Kat:3, Licht: 0","238010","3","3","5","03","11","2","","0","1","1","0","0"
"POINT (13.491801103000057 52.565187731000037)","Unfall 238011 (2023) Kat:3, Licht: 1","238011","3","2","5","02","06","6","","1","0","0","0","0"
"POINT (13.315273424000054 52.514836209000066)","Unfall 238012 (2023) Kat:2, Licht: 2","238012","2","2","6","02","06","6","","2","0","1","1","0"
"POINT (13.442094437000037 52.480805911000061)","Unfall 238013 (2023) Kat:3, Licht: 0","238013","3","6","3","03","14","1","","0","0","1","0","0"
"POINT (13.462186398000028 52.422421227000029)","Unfall 238014 (2023) Kat:3, Licht: 0","238014","3","3","5","02","08","6","","0","0","1","0","0"
"POINT (13.345956467000065 52.436162209000031)","Unfall 238015 (2023) Kat:2, Licht: 0","238015","2","7","6","02","07","6","","0","0","1","1","0"
"POINT (13.520318981000059 52.528784937000069)","Unfall 238016 (2023) Kat:3, Licht: 0","238016","3","4","6","02","09","6","","0","0","1","1","0"
"POINT (13.219954887000029 52.526416023000081)","Unfall 238017 (2023) Kat:2, Licht: 0","238017","2","5","5","02","15","6","","0","0","1","0","1"
"POINT (13.417212481000035 52.572356611000032)","Unfall 238018 (2023) Kat:3, Licht: 2","238018","3","4","6","02","18","6","","2","0","1","1","0"
"POINT (13.326002041000038 52.463596451000058)","Unfall 238019 (2023) Kat:3, Licht: 0","238019","3","7","6","02","13","6","","0","1","0","1","0"
"POINT (13.326102342000070 52.538364391000073)","Unfall 238020 (2023) Kat:3, Licht: 2","238020","3","2","5","02","21","6","","2","0","1","0","0"
"POINT (13.389778920000026 52.531753287000072)","Unfall 238021 (2023) Kat:3, Licht: 1","238021","3","2","5","02","17","6","","1","0","1","0","0"
"POINT (13.544135944000061 52.526045411000041)","Unfall 238022 (2023) Kat:3, Licht: 1","238022","3","2","5","02","17","6","","1","0","1","0","0"
"POINT (13.479717306000055 52.523228589000041)","Unfall 238023 (2023) Kat:3, Licht: 0","238023","3","3","5","02","15","6","","0","1","1","0","0"
"POINT (13.435736079000037 52.466882794000071)","Unfall 238024 (2023) Kat:3, Licht: 0","238024","3","3","5","02","12","6","","0","0","1","0","0"
"POINT (13.335168766000038 52.503872805000071)","Unfall 238025 (2023) Kat:3, Licht: 0","238025","3","7","2","02","12","6","","0","0","0","0","1"
"POINT (13.324992426000051 52.500677670000073)","Unfall 238026 (2023) Kat:3, Licht: 2","238026","3","6","3","02","19","7","","2","0","1","0","0"
"POINT (13.350395368000022 52.494687870000064)","Unfall 238027 (2023) Kat:3, Licht: 0","238027","3","6","3","02","11","6","","0","1","0","0","0"
"POINT (13.522502000000031 52.428388494000046)","Unfall 238028 (2023) Kat:3, Licht: 0","238028","3","3","5","02","07","6","","0","0","1","0","0"
"POINT (13.409837063000055 52.524012241000037)","Unfall 238029 (2023) Kat:3, Licht: 1","238029","3","2","5","02","17","6","","1","1","1","0","0"
"POINT (13.348884311000063 52.515121658000055)","Unfall 238030 (2023) Kat:3, Licht: 2","238030","3","3","5","02","17","6","","2","0","1","0","0"
"POINT (13.353251244000035 52.489861819000055)","Unfall 238031 (2023) Kat:3, Licht: 0","238031","3","2","5","02","15","6","","0","0","1","0","0"
"POINT (13.577520799000069 52.444075762000068)","Unfall 238032 (2023) Kat:3, Licht: 0","238032","3","6","2","02","14","6","","0","0","1","0","0"
"POINT (13.345962345000032 52.516234411000028)","Unfall 238033 (2023) Kat:2, Licht: 0","238033","2","7","6","02","08","6","","0","0","1","1","0"
"POINT (13.228579973000024 52.537852141000030)","Unfall 238034 (2023) Kat:3, Licht: 0","238034","3","6","2","02","08","6","","0","0","1","0","0"
"POINT (13.427840558000071 52.518151497000076)","Unfall 238035 (2023) Kat:3, Licht: 2","238035","3","2","5","02","20","6","","2","0","1","0","0"
"POINT (13.446726719000026 52.502626694000071)","Unfall 238036 (2023) Kat:3, Licht: 2","238036","3","2","5","02","19","6","","2","1","1","0","0"
"POINT (13.426047603000029 52.499406892000081)","Unfall 238037 (2023) Kat:3, Licht: 2","238037","3","6","2","02","18","6","","2","0","1","0","0"
"POINT (13.353435988000058 52.489086877000034)","Unfall 238038 (2023) Kat:3, Licht: 1","238038","3","5","1","02","16","6","","1","1","1","0","0"
"POINT (13.459856980000040 52.520331341000031)","Unfall 238039 (2023) Kat:3, Licht: 0","238039","3","1","0","02","16","6","","0","1","0","0","0"
"POINT (13.307498415000055 52.503623191000031)","Unfall 238040 (2023) Kat:3, Licht: 0","238040","3","4","6","02","12","6","","0","1","0","1","0"
"POINT (13.213286894000078 52.538441438000063)","Unfall 238041 (2023) Kat:3, Licht: 0","238041","3","6","2","02","11","6","","0","0","1","0","0"
"POINT (13.438386269000034 52.514542833000064)","Unfall 238042 (2023) Kat:3, Licht: 0","238042","3","3","5","02","11","6","","0","0","1","0","1"
"POINT (13.453495126000064 52.485669545000064)","Unfall 238043 (2023) Kat:3, Licht: 0","238043","3","3","5","02","10","6","","0","0","1","0","0"
"POINT (13.406506150000041 52.565378480000049)","Unfall 238044 (2023) Kat:3, Licht: 2","238044","3","3","5","02","01","6","","2","0","1","0","0"
"POINT (13.519347392000043 52.454062098000065)","Unfall 238045 (2023) Kat:3, Licht: 1","238045","3","2","5","02","06","6","","1","1","1","0","0"
"POINT (13.295312531000036 52.539502203000040)","Unfall 238046 (2023) Kat:2, Licht: 2","238046","2","4","6","02","22","5","","2","0","1","1","0"
"POINT (13.444503165000071 52.500992717000031)","Unfall 238047 (2023) Kat:3, Licht: 2","238047","3","1","9","02","04","6","","2","0","0","0","1"
"POINT (13.401815932000034 52.539454570000032)","Unfall 238048 (2023) Kat:2, Licht: 2","238048","2","3","0","02","17","5","","2","1","0","0","1"
"POINT (13.388716568000063 52.550102042000049)","Unfall 238049 (2023) Kat:3, Licht: 0","238049","3","7","2","02","15","5","","0","1","1","0","0"
"POINT (13.466987236000023 52.557035894000080)","Unfall 238050 (2023) Kat:2, Licht: 0","238050","2","7","0","02","14","5","","0","0","1","0","0"
"POINT (13.461767295000072 52.423697407000077)","Unfall 238051 (2023) Kat:3, Licht: 0","238051","3","5","1","02","07","5","","0","1","1","0","0"
"POINT (13.437239218000059 52.556059570000059)","Unfall 238052 (2023) Kat:3, Licht: 0","238052","3","3","5","03","14","3","","0","0","1","0","0"
"POINT (13.536789957000053 52.413034289000052)","Unfall 238053 (2023) Kat:3, Licht: 0","238053","3","3","5","03","11","4","","0","0","1","0","0"
"POINT (13.525663115000043 52.564068909000071)","Unfall 238054 (2023) Kat:3, Licht: 0","238054","3","3","5","02","14","5","","0","0","1","0","0"
"POINT (13.328793763000021 52.424414635000062)","Unfall 238055 (2023) Kat:2, Licht: 0","238055","2","2","6","02","07","5","","0","0","1","1","0"
"POINT (13.381408168000064 52.546951520000050)","Unfall 238056 (2023) Kat:2, Licht: 2","238056","2","2","5","03","19","5","","2","1","1","0","0"
"POINT (13.474367299000050 52.510685515000034)","Unfall 238057 (2023) Kat:3, Licht: 2","238057","3","2","5","02","20","5","","2","1","1","0","0"
"POINT (13.438158559000044 52.467059970000037)","Unfall 238058 (2023) Kat:3, Licht: 2","238058","3","3","5","02","18","5","","2","0","1","0","0"
"POINT (13.313053760000059 52.500623300000029)","Unfall 238059 (2023) Kat:3, Licht: 2","238059","3","2","5","02","18","5","","2","0","1","0","0"