WKT,Name,OBJECTID,UKATEGORIE,UTYP1,UART,UMONAT,USTUNDE,UWOCHENTAG,STRZUSTAND,ULICHTVERH,ISTRAD,ISTPKW,ISTFUSS,ISTKRAD
"POINT (13.301782100000025 52.510574293000047)","Unfall 238060 (2023) Kat:3, Licht: 0","238060","3","5","1","03","15","5","","0","0","1","0","0"
"POINT (13.448328212000035 52.427397847000066)","Unfall 238061 (2023) Kat:3, Licht: 2","238061","3","3","5","02","18","5","","2","0","1","0","0"
"POINT (13.379521994000072 52.570705245000056)","Unfall 238062 (2023) Kat:3, Licht: 0","238062","3","3","5","02","15","5","","0","0","1","0","0"
"POINT (13.389078507000022 52.398461082000040)","Unfall 238063 (2023) Kat:3, Licht: 0","238063","3","6","0","02","15","5","","0","0","1","0","0"
"POINT (13.274985082000057 52.460470767000061)","Unfall 238064 (2023) Kat:3, Licht: 0","238064","3","7","5","02","14","5","","0","0","1","1","0"
"POINT (13.321470908000038 52.475120048000065)","Unfall 238065 (2023) Kat:2, Licht: 1","238065","2","7","0","04","19","2","","1","0","1","0","0"
"POINT (13.426598775000059 52.476541433000079)","Unfall 238066 (2023) Kat:3, Licht: 0","238066","3","5","1","02","09","5","","0","1","1","0","0"
"POINT (13.356370886000036 52.552485805000060)","Unfall 238067 (2023) Kat:3, Licht: 2","238067","3","2","5","02","19","5","","2","1","1","0","0"
"POINT (13.184890981000024 52.548939547000032)","Unfall 238068 (2023) Kat:2, Licht: 2","238068","2","6","2","02","19","5","","2","0","1","0","1"
"POINT (13.421758956000076 52.562608995000062)","Unfall 238069 (2023) Kat:3, Licht: 0","238069","3","2","5","02","15","5","","0","1","1","0","0"
"POINT (13.429939515000058 52.550939434000043)","Unfall 238070 (2023) Kat:3, Licht: 0","238070","3","4","6","02","14","5","","0","0","1","1","0"
"POINT (13.420183101000077 52.538260793000063)","Unfall 238071 (2023) Kat:2, Licht: 2","238071","2","3","5","02","22","5","","2","1","0","0","0"
"POINT (13.302787433000049 52.437462947000029)","Unfall 238072 (2023) Kat:3, Licht: 0","238072","3","6","2","02","10","5","","0","0","1","0","0"
"POINT (13.496436175000042 52.536072545000081)","Unfall 238073 (2023) Kat:3, Licht: 1","238073","3","2","6","02","06","5","","1","0","1","1","0"
"POINT (13.418070940000064 52.515394281000056)","Unfall 238074 (2023) Kat:2, Licht: 2","238074","2","7","0","02","00","5","","2","0","0","0","1"
"POINT (13.577516189000050 52.456358772000044)","Unfall 238075 (2023) Kat:3, Licht: 2","238075","3","4","6","02","17","5","","2","0","1","1","0"
"POINT (13.328600415000039 52.527203344000043)","Unfall 238076 (2023) Kat:3, Licht: 0","238076","3","6","3","02","15","5","","0","1","0","0","0"
"POINT (13.390727434000041 52.528654713000037)","Unfall 238077 (2023) Kat:3, Licht: 0","238077","3","5","1","02","15","5","","0","1","1","0","0"
"POINT (13.491300379000052 52.469093890000067)","Unfall 238078 (2023) Kat:3, Licht: 0","238078","3","2","5","02","14","5","","0","0","1","0","0"
"POINT (13.417891555000040 52.514646466000045)","Unfall 238079 (2023) Kat:3, Licht: 0","238079","3","4","6","02","08","5","","0","0","1","1","0"
"POINT (13.334059051000054 52.508147323000060)","Unfall 238080 (2023) Kat:3, Licht: 2","238080","3","7","0","02","21","5","","2","0","1","0","0"
"POINT (13.339274665000062 52.458503976000031)","Unfall 238081 (2023) Kat:3, Licht: 2","238081","3","4","6","02","05","4","","2","0","1","1","0"
"POINT (13.460994433000053 52.559389942000053)","Unfall 238082 (2023) Kat:3, Licht: 2","238082","3","4","6","02","20","4","","2","0","0","1","0"
"POINT (13.440301279000039 52.481686229000047)","Unfall 238083 (2023) Kat:3, Licht: 2","238083","3","3","5","02","18","4","","2","0","1","0","0"
"POINT (13.428880352000022 52.466071135000050)","Unfall 238084 (2023) Kat:3, Licht: 0","238084","3","4","6","02","15","4","","0","0","1","1","0"
"POINT (13.392759542000022 52.412708817000066)","Unfall 238085 (2023) Kat:3, Licht: 0","238085","3","2","5","02","11","4","","0","0","1","0","0"
"POINT (13.502432586000054 52.461248875000081)","Unfall 238086 (2023) Kat:3, Licht: 0","238086","3","3","5","02","11","4","","0","1","0","0","0"
"POINT (13.384315423000032 52.555723660000069)","Unfall 238087 (2023) Kat:3, Licht: 0","238087","3","1","8","02","10","4","","0","0","1","0","0"
"POINT (13.369136557000047 52.588426350000077)","Unfall 238088 (2023) Kat:3, Licht: 0","238088","3","2","5","02","07","4","","0","0","1","0","1"
"POINT (13.467336569000054 52.513947058000042)","Unfall 238089 (2023) Kat:2, Licht: 0","238089","2","5","5","02","13","4","","0","0","1","0","1"
"POINT (13.181568742000024 52.552637139000069)","Unfall 238090 (2023) Kat:3, Licht: 0","238090","3","4","6","02","07","4","","0","0","1","1","0"
"POINT (13.406583654000030 52.498471066000036)","Unfall 238091 (2023) Kat:3, Licht: 2","238091","3","2","5","02","02","4","","2","1","1","0","0"
"POINT (13.182381839000072 52.538415777000068)","Unfall 238092 (2023) Kat:3, Licht: 0","238092","3","2","5","03","12","5","","0","0","1","0","0"
"POINT (13.441578882000044 52.504521566000051)","Unfall 238093 (2023) Kat:3, Licht: 2","238093","3","5","1","02","19","4","","2","1","1","0","0"
"POINT (13.547033891000069 52.437519811000072)","Unfall 238094 (2023) Kat:2, Licht: 1","238094","2","4","6","02","16","4","","1","0","0","1","1"
"POINT (13.408937025000057 52.512028622000059)","Unfall 238095 (2023) Kat:3, Licht: 0","238095","3","3","5","02","13","4","","0","0","1","0","0"
"POINT (13.519369307000034 52.526211954000075)","Unfall 238096 (2023) Kat:3, Licht: 0","238096","3","2","2","02","12","4","","0","0","1","0","0"
"POINT (13.476426003000029 52.506919883000080)","Unfall 238097 (2023) Kat:3, Licht: 0","238097","3","4","6","03","08","4","","0","0","1","1","0"
"POINT (13.241916848000074 52.617463967000049)","Unfall 238098 (2023) Kat:3, Licht: 0","238098","3","6","2","02","09","4","","0","0","1","0","0"
"POINT (13.517743925000048 52.535085817000038)","Unfall 238099 (2023) Kat:3, Licht: 2","238099","3","6","2","02","05","4","","2","0","1","0","0"
"POINT (13.385428329000035 52.471927926000035)","Unfall 238100 (2023) Kat:3, Licht: 0","238100","3","3","5","02","13","4","","0","1","1","0","0"
"POINT (13.347229032000030 52.548158332000071)","Unfall 238101 (2023) Kat:3, Licht: 2","238101","3","6","2","02","21","4","","2","0","1","0","0"
"POINT (13.361847942000054 52.589907575000041)","Unfall 238102 (2023) Kat:3, Licht: 0","238102","3","7","5","02","08","4","","0","1","1","0","0"
"POINT (13.311071272000049 52.500494453000044)","Unfall 238103 (2023) Kat:3, Licht: 0","238103","3","5","0","02","16","4","","0","0","0","0","0"
"POINT (13.579006206000031 52.458177243000080)","Unfall 238104 (2023) Kat:3, Licht: 0","238104","3","4","6","02","15","4","","0","1","0","1","0"
"POINT (13.378675260000023 52.528302424000060)","Unfall 238105 (2023) Kat:3, Licht: 0","238105","3","3","5","02","11","4","","0","0","1","0","0"
"POINT (13.295550518000027 52.497789856000054)","Unfall 238106 (2023) Kat:3, Licht: 0","238106","3","6","2","02","08","4","","0","0","1","0","0"
"POINT (13.345875077000073 52.436205434000044)","Unfall 238107 (2023) Kat:3, Licht: 2","238107","3","2","6","02","05","4","","2","0","1","1","0"
"POINT (13.184637468000062 52.515386223000064)","Unfall 238108 (2023) Kat:3, Licht: 0","238108","3","2","5","02","16","3","","0","0","1","0","0"
"POINT (13.281035531000043 52.426214028000061)","Unfall 238109 (2023) Kat:3, Licht: 0","238109","3","6","4","02","16","3","","0","0","1","0","1"
"POINT (13.292028174000052 52.579912326000056)","Unfall 238110 (2023) Kat:3, Licht: 0","238110","3","3","5","02","15","3","","0","0","1","0","0"
"POINT (13.300147852000066 52.455183799000054)","Unfall 238111 (2023) Kat:3, Licht: 0","238111","3","2","5","02","14","3","","0","1","1","0","0"
"POINT (13.428647424000076 52.511106226000038)","Unfall 238112 (2023) Kat:3, Licht: 0","238112","3","6","2","02","14","3","","0","0","1","0","0"
"POINT (13.379311321000046 52.507034354000041)","Unfall 238113 (2023) Kat:3, Licht: 0","238113","3","3","5","02","11","3","","0","1","1","0","0"
"POINT (13.362134288000050 52.447256311000046)","Unfall 238114 (2023) Kat:3, Licht: 0","238114","3","2","6","04","14","3","","0","0","1","1","0"
"POINT (13.442263412000045 52.500903112000060)","Unfall 238115 (2023) Kat:3, Licht: 0","238115","3","2","5","02","10","5","","0","1","0","0","0"
"POINT (13.390144348000035 52.511237635000043)","Unfall 238116 (2023) Kat:3, Licht: 1","238116","3","6","3","02","07","3","","1","1","1","0","0"
"POINT (13.426713450000022 52.476278444000059)","Unfall 238117 (2023) Kat:3, Licht: 2","238117","3","6","2","02","18","3","","2","1","0","0","0"
"POINT (13.320268820000024 52.476771913000050)","Unfall 238118 (2023) Kat:3, Licht: 0","238118","3","2","5","02","17","3","","0","1","1","0","0"
"POINT (13.616613932000064 52.455075999000030)","Unfall 238119 (2023) Kat:3, Licht: 0","238119","3","6","2","02","09","3","","0","0","1","0","0"
"POINT (13.367336197000043 52.525940626000079)","Unfall 238120 (2023) Kat:3, Licht: 0","238120","3","6","6","02","16","3","","0","1","0","1","0"
"POINT (13.417161422000049 52.535520462000079)","Unfall 238121 (2023) Kat:3, Licht: 2","238121","3","5","1","02","18","3","","2","1","1","0","0"
"POINT (13.433686513000055 52.496797236000077)","Unfall 238122 (2023) Kat:3, Licht: 2","238122","3","5","4","02","18","3","","2","1","1","0","0"
"POINT (13.187394667000035 52.515105829000049)","Unfall 238123 (2023) Kat:3, Licht: 0","238123","3","3","5","02","13","3","","0","0","1","0","0"
"POINT (13.416014817000075 52.583583244000067)","Unfall 238124 (2023) Kat:3, Licht: 0","238124","3","6","2","02","11","3","","0","0","1","0","0"
"POINT (13.496043214000053 52.466012103000082)","Unfall 238125 (2023) Kat:3, Licht: 0","238125","3","2","5","04","07","2","","0","0","1","0","0"
"POINT (13.346505813000022 52.555224907000081)","Unfall 238126 (2023) Kat:2, Licht: 0","238126","2","5","1","02","11","3","","0","0","1","0","0"
"POINT (13.549564895000060 52.438274966000051)","Unfall 238127 (2023) Kat:3, Licht: 1","238127","3","2","6","02","06","3","","1","0","1","1","0"
"POINT (13.371583662000035 52.504776021000055)","Unfall 238128 (2023) Kat:3, Licht: 2","238128","3","4","6","02","18","2","","2","1","0","1","0"
"POINT (13.407893803000036 52.504326143000071)","Unfall 238129 (2023) Kat:3, Licht: 1","238129","3","3","5","02","16","2","","1","1","1","0","0"
"POINT (13.346159674000035 52.574647188000029)","Unfall 238130 (2023) Kat:3, Licht: 2","238130","3","3","0","02","04","2","","2","1","0","0","1"
"POINT (13.415568776000043 52.527093851000075)","Unfall 238131 (2023) Kat:3, Licht: 0","238131","3","2","0","02","13","2","","0","0","1","0","1"
"POINT (13.502784322000025 52.470190613000057)","Unfall 238132 (2023) Kat:3, Licht: 1","238132","3","2","5","02","16","2","","1","0","1","0","0"
"POINT (13.321952201000045 52.517657713000062)","Unfall 238133 (2023) Kat:3, Licht: 0","238133","3","3","5","02","07","2","","0","1","1","0","0"
"POINT (13.206865268000058 52.543647843000031)","Unfall 238134 (2023) Kat:3, Licht: 0","238134","3","3","5","02","07","2","","0","0","1","0","0"
"POINT (13.325012015000027 52.466396165000049)","Unfall 238135 (2023) Kat:3, Licht: 0","238135","3","2","2","02","08","2","","0","1","1","0","0"
"POINT (13.399424809000038 52.542674577000071)","Unfall 238136 (2023) Kat:3, Licht: 2","238136","3","3","5","02","19","2","","2","1","1","0","0"
"POINT (13.519903684000042 52.505775288000052)","Unfall 238137 (2023) Kat:3, Licht: 0","238137","3","6","2","02","17","2","","0","0","1","0","0"
"POINT (13.360766897000076 52.446821821000071)","Unfall 238138 (2023) Kat:3, Licht: 2","238138","3","2","5","02","17","2","","2","1","1","0","0"
"POINT (13.539580618000059 52.539804155000070)","Unfall 238139 (2023) Kat:3, Licht: 1","238139","3","3","5","02","16","2","","1","0","1","0","0"
"POINT (13.305094255000029 52.417669796000041)","Unfall 238140 (2023) Kat:3, Licht: 0","238140","3","6","3","02","14","2","","0","1","0","0","0"
"POINT (13.195379258000060 52.535715402000051)","Unfall 238141 (2023) Kat:3, Licht: 0","238141","3","4","6","02","14","2","","0","0","0","1","0"
"POINT (13.483591905000026 52.431287642000029)","Unfall 238142 (2023) Kat:3, Licht: 0","238142","3","3","5","03","15","2","","0","0","1","0","0"
"POINT (13.527208342000051 52.432052016000057)","Unfall 238143 (2023) Kat:3, Licht: 2","238143","3","3","5","02","20","1","","2","0","1","0","0"
"POINT (13.418279534000021 52.499335082000073)","Unfall 238144 (2023) Kat:3, Licht: 2","238144","3","2","5","02","17","1","","2","1","1","0","0"
"POINT (13.360847586000034 52.570359560000043)","Unfall 238145 (2023) Kat:2, Licht: 1","238145","2","2","5","02","17","1","","1","0","1","0","1"
"POINT (13.415555851000022 52.537269307000031)","Unfall 238146 (2023) Kat:3, Licht: 0","238146","3","2","5","03","16","3","","0","1","0","0","0"
"POINT (13.387841351000077 52.555440322000038)","Unfall 238147 (2023) Kat:3, Licht: 0","238147","3","1","0","02","16","1","","0","0","0","0","0"
"POINT (13.482516685000064 52.464229860000046)","Unfall 238148 (2023) Kat:3, Licht: 0","238148","3","4","6","02","15","1","","0","0","1","1","0"
"POINT (13.301846156000067 52.499021664000054)","Unfall 238149 (2023) Kat:3, Licht: 2","238149","3","2","5","02","18","1","","2","1","1","0","0"
"POINT (13.451971990000061 52.522720621000076)","Unfall 238150 (2023) Kat:3, Licht: 2","238150","3","5","0","02","18","1","","2","1","1","0","0"
"POINT (13.334798562000060 52.479631221000034)","Unfall 238151 (2023) Kat:3, Licht: 2","238151","3","5","1","02","18","1","","2","1","1","0","0"
"POINT (13.312291207000044 52.430338227000050)","Unfall 238152 (2023) Kat:3, Licht: 1","238152","3","2","5","02","16","1","","1","1","1","0","0"
"POINT (13.224803053000073 52.512810439000077)","Unfall 238153 (2023) Kat:3, Licht: 0","238153","3","2","5","02","13","1","","0","0","1","0","0"
"POINT (13.306431978000035 52.577450977000069)","Unfall 238154 (2023) Kat:3, Licht: 0","238154","3","1","1","02","10","1","","0","0","1","0","0"
"POINT (13.157016900000031 52.539226251000059)","Unfall 238155 (2023) Kat:3, Licht: 2","238155","3","3","5","02","19","1","","2","0","1","0","0"
"POINT (13.428931903000034 52.579098167000041)","Unfall 238156 (2023) Kat:3, Licht: 0","238156","3","3","5","02","12","5","","0","0","1","0","0"
"POINT (13.391497011000070 52.555492877000063)","Unfall 238157 (2023) Kat:3, Licht: 0","238157","3","3","5","02","13","1","","0","0","1","0","0"
"POINT (13.456811764000065 52.502457058000061)","Unfall 238158 (2023) Kat:3, Licht: 0","238158","3","3","5","02","07","1","","0","0","1","0","0"
"POINT (13.391468730000042 52.555475866000052)","Unfall 238159 (2023) Kat:3, Licht: 2","238159","3","6","2","02","20","1","","2","0","1","0","0"
"POINT (13.425017360000027 52.481910625000069)","Unfall 238160 (2023) Kat:3, Licht: 2","238160","3","2","5","02","17","7","","2","1","1","0","0"
"POINT (13.424454037000032 52.484708610000041)","Unfall 238161 (2023) Kat:2, Licht: 2","238161","2","1","0","02","02","7","","2","1","0","0","0"
"POINT (13.304412727000056 52.416702736000047)","Unfall 238162 (2023) Kat:3, Licht: 2","238162","3","1","0","02","23","7","","2","0","0","0","1"
"POINT (13.410996679000050 52.503810962000045)","Unfall 238163 (2023) Kat:3, Licht: 2","238163","3","1","0","02","00","7","","2","0","0","0","1"
"POINT (13.200206176000052 52.441129461000060)","Unfall 238164 (2023) Kat:2, Licht: 2","238164","2","1","9","02","23","7","","2","0","1","0","0"
"POINT (13.445382180000024 52.463915392000047)","Unfall 238165 (2023) Kat:2, Licht: 1","238165","2","4","6","02","17","7","","1","0","0","1","0"
"POINT (13.419904364000047 52.465042737000033)","Unfall 238166 (2023) Kat:3, Licht: 0","238166","3","7","6","02","15","7","","0","0","1","1","0"
"POINT (13.558078816000034 52.529770659000064)","Unfall 238167 (2023) Kat:3, Licht: 0","238167","3","7","6","03","09","4","","0","1","0","1","0"
"POINT (13.346921590000022 52.553253461000054)","Unfall 238168 (2023) Kat:2, Licht: 0","238168","2","7","6","02","12","7","","0","0","1","1","0"
"POINT (13.509763729000042 52.490302212000074)","Unfall 238169 (2023) Kat:3, Licht: 0","238169","3","5","1","02","08","7","","0","0","1","0","0"
"POINT (13.353077388000031 52.535490588000073)","Unfall 238170 (2023) Kat:3, Licht: 0","238170","3","5","1","03","08","6","","0","1","1","0","0"
"POINT (13.344913363000046 52.525129072000027)","Unfall 238171 (2023) Kat:3, Licht: 2","238171","3","5","5","02","06","7","","2","0","1","0","1"
"POINT (13.567433307000044 52.556026881000037)","Unfall 238172 (2023) Kat:3, Licht: 0","238172","3","3","5","02","12","3","","0","1","0","0","0"
"POINT (13.414586579000058 52.502569852000079)","Unfall 238173 (2023) Kat:3, Licht: 2","238173","3","4","6","02","20","7","","2","0","1","1","0"
"POINT (13.379495551000048 52.492457596000065)","Unfall 238174 (2023) Kat:3, Licht: 0","238174","3","2","2","02","14","7","","0","1","1","0","0"
"POINT (13.198579428000073 52.555492950000030)","Unfall 238175 (2023) Kat:2, Licht: 0","238175","2","4","6","02","14","7","","0","0","1","1","0"
"POINT (13.299199557000065 52.457823150000081)","Unfall 238176 (2023) Kat:3, Licht: 0","238176","3","1","8","02","12","7","","0","0","1","0","0"
"POINT (13.431325144000027 52.546880377000036)","Unfall 238177 (2023) Kat:2, Licht: 0","238177","2","3","5","02","12","7","","0","1","1","0","0"
"POINT (13.260093619000031 52.516156400000057)","Unfall 238178 (2023) Kat:3, Licht: 0","238178","3","3","5","02","10","7","","0","1","1","0","0"
"POINT (13.349520144000053 52.436889929000074)","Unfall 238179 (2023) Kat:3, Licht: 2","238179","3","7","1","02","01","7","","2","0","1","0","0"
"POINT (13.370579436000071 52.468896351000069)","Unfall 238180 (2023) Kat:3, Licht: 0","238180","3","3","5","02","11","6","","0","0","1","0","0"
"POINT (13.433231384000067 52.552866407000067)","Unfall 238181 (2023) Kat:3, Licht: 2","238181","3","3","5","02","23","6","","2","0","1","0","1"
"POINT (13.438344752000035 52.514559933000044)","Unfall 238182 (2023) Kat:3, Licht: 2","238182","3","1","0","02","18","6","","2","1","0","0","0"
"POINT (13.364501591000021 52.562681840000039)","Unfall 238183 (2023) Kat:3, Licht: 2","238183","3","1","0","02","18","6","","2","0","1","0","1"
"POINT (13.380257904000075 52.574931804000073)","Unfall 238184 (2023) Kat:3, Licht: 0","238184","3","2","3","02","16","6","","0","1","1","0","0"
"POINT (13.202082657000062 52.539798167000072)","Unfall 238185 (2023) Kat:3, Licht: 0","238185","3","6","2","02","15","6","","0","0","1","0","1"
"POINT (13.346129044000065 52.544801832000076)","Unfall 238186 (2023) Kat:3, Licht: 0","238186","3","6","2","02","15","6","","0","0","1","0","0"
"POINT (13.456519757000024 52.434088557000052)","Unfall 238187 (2023) Kat:2, Licht: 2","238187","2","6","3","03","19","7","","2","0","1","0","0"
"POINT (13.411821510000038 52.543118251000067)","Unfall 238188 (2023) Kat:3, Licht: 0","238188","3","3","5","02","08","6","","0","1","1","0","0"
"POINT (13.466218886000036 52.518675214000041)","Unfall 238189 (2023) Kat:3, Licht: 0","238189","3","1","1","02","07","6","","0","1","1","0","0"
"POINT (13.390547647000062 52.540212881000059)","Unfall 238190 (2023) Kat:3, Licht: 0","238190","3","3","5","02","07","6","","0","0","1","0","0"
"POINT (13.366916943000035 52.493311220000066)","Unfall 238191 (2023) Kat:3, Licht: 2","238191","3","7","0","02","23","6","","2","1","0","0","0"
"POINT (13.333410040000047 52.507671190000053)","Unfall 238192 (2023) Kat:3, Licht: 2","238192","3","1","8","02","19","6","","2","0","1","1","0"
"POINT (13.452323873000068 52.527746348000051)","Unfall 238193 (2023) Kat:2, Licht: 0","238193","2","4","6","02","16","6","","0","0","1","1","0"
"POINT (13.290390898000055 52.519035369000051)","Unfall 238194 (2023) Kat:2, Licht: 1","238194","2","4","6","02","17","6","","1","1","0","1","0"
"POINT (13.199394704000042 52.534603101000073)","Unfall 238195 (2023) Kat:2, Licht: 1","238195","2","2","6","02","06","6","","1","0","1","1","0"
"POINT (13.373402479000049 52.562392942000031)","Unfall 238196 (2023) Kat:3, Licht: 1","238196","3","7","1","02","18","6","","1","0","1","0","0"
"POINT (13.264558185000055 52.419426305000059)","Unfall 238197 (2023) Kat:3, Licht: 2","238197","3","2","6","02","17","6","","2","0","1","1","0"
"POINT (13.640735325000037 52.447649518000048)","Unfall 238198 (2023) Kat:3, Licht: 0","238198","3","6","2","02","14","6","","0","0","1","0","0"
"POINT (13.215630176000047 52.526805796000076)","Unfall 238199 (2023) Kat:3, Licht: 0","238199","3","6","0","02","11","6","","0","0","1","0","0"
"POINT (13.470360711000069 52.506158651000078)","Unfall 238200 (2023) Kat:3, Licht: 0","238200","3","6","2","02","10","6","","0","0","1","0","0"
"POINT (13.431119417000048 52.499227316000031)","Unfall 238201 (2023) Kat:3, Licht: 2","238201","3","2","5","02","18","6","","2","1","1","0","0"
"POINT (13.341956923000055 52.458771873000046)","Unfall 238202 (2023) Kat:3, Licht: 2","238202","3","1","0","02","05","6","","2","0","0","0","1"
"POINT (13.457877802000041 52.528593389000036)","Unfall 238203 (2023) Kat:3, Licht: 2","238203","3","4","6","02","18","6","","2","0","1","1","0"
"POINT (13.345361849000028 52.554312482000057)","Unfall 238204 (2023) Kat:3, Licht: 2","238204","3","2","2","02","17","6","","2","0","1","0","0"
"POINT (13.431703804000051 52.500166492000062)","Unfall 238205 (2023) Kat:3, Licht: 0","238205","3","6","3","02","12","6","","0","1","0","0","0"
"POINT (13.437868813000023 52.473147421000078)","Unfall 238206 (2023) Kat:2, Licht: 0","238206","2","3","5","02","12","6","","0","0","1","0","0"
"POINT (13.327410172000043 52.522018412000079)","Unfall 238207 (2023) Kat:3, Licht: 1","238207","3","4","6","02","07","6","","1","0","0","1","0"
"POINT (13.348985705000075 52.489375895000080)","Unfall 238208 (2023) Kat:3, Licht: 0","238208","3","2","5","02","11","6","","0","1","1","0","0"
"POINT (13.323118744000055 52.506254424000076)","Unfall 238209 (2023) Kat:3, Licht: 0","238209","3","6","3","02","08","5","","0","1","1","0","0"
"POINT (13.310504045000073 52.416527848000044)","Unfall 238210 (2023) Kat:3, Licht: 0","238210","3","2","4","02","08","5","","0","0","1","0","0"
"POINT (13.495305709000036 52.498849094000036)","Unfall 238211 (2023) Kat:3, Licht: 0","238211","3","2","5","02","07","5","","0","1","1","0","0"
"POINT (13.417289152000023 52.518805761000067)","Unfall 238212 (2023) Kat:3, Licht: 2","238212","3","6","2","02","21","5","","2","0","1","0","0"
"POINT (13.423920692000024 52.523586072000057)","Unfall 238213 (2023) Kat:3, Licht: 0","238213","3","4","0","02","15","5","","0","0","0","1","0"
"POINT (13.362731342000075 52.499744799000041)","Unfall 238214 (2023) Kat:3, Licht: 0","238214","3","6","0","02","15","5","","0","0","1","0","0"
"POINT (13.468880881000075 52.527339130000030)","Unfall 238215 (2023) Kat:3, Licht: 0","238215","3","7","6","02","13","5","","0","0","0","1","0"
"POINT (13.345936044000041 52.597441724000078)","Unfall 238216 (2023) Kat:3, Licht: 0","238216","3","7","5","02","10","5","","0","0","1","0","0"
"POINT (13.175945480000053 52.539809888000036)","Unfall 238217 (2023) Kat:2, Licht: 0","238217","2","7","1","02","09","5","","0","0","1","0","0"
"POINT (13.322538534000046 52.456385076000061)","Unfall 238218 (2023) Kat:3, Licht: 2","238218","3","2","0","02","21","5","","2","0","1","0","0"
"POINT (13.352978342000029 52.499326956000061)","Unfall 238219 (2023) Kat:2, Licht: 0","238219","2","3","5","02","13","5","","0","1","1","0","0"
"POINT (13.367215670000064 52.523196834000032)","Unfall 238220 (2023) Kat:2, Licht: 0","238220","2","3","5","03","12","3","","0","0","1","0","0"
"POINT (13.477315628000042 52.500521992000074)","Unfall 238221 (2023) Kat:3, Licht: 0","238221","3","3","5","02","10","5","","0","1","1","0","0"
"POINT (13.289435257000036 52.494771763000074)","Unfall 238222 (2023) Kat:3, Licht: 0","238222","3","3","5","02","10","5","","0","1","1","0","0"
"POINT (13.334259346000067 52.521028514000079)","Unfall 238223 (2023) Kat:3, Licht: 0","238223","3","5","1","02","08","5","","0","0","1","0","0"
"POINT (13.330456340000069 52.562481338000055)","Unfall 238224 (2023) Kat:3, Licht: 1","238224","3","6","2","02","16","6","","1","0","1","0","0"
"POINT (13.580753877000063 52.399031100000059)","Unfall 238225 (2023) Kat:3, Licht: 0","238225","3","5","1","02","07","5","","0","0","1","0","0"
"POINT (13.357261863000076 52.498687486000051)","Unfall 238226 (2023) Kat:2, Licht: 0","238226","2","6","2","03","16","3","","0","0","1","0","0"
"POINT (13.431797326000037 52.466414091000047)","Unfall 238227 (2023) Kat:3, Licht: 2","238227","3","2","6","02","06","5","","2","0","1","1","0"
"POINT (13.414031648000048 52.459604477000028)","Unfall 238228 (2023) Kat:3, Licht: 2","238228","3","1","8","02","22","5","","2","0","1","0","0"
"POINT (13.337209334000022 52.473104155000044)","Unfall 238229 (2023) Kat:3, Licht: 2","238229","3","2","5","02","17","5","","2","1","1","0","0"
"POINT (13.297692363000067 52.493227181000066)","Unfall 238230 (2023) Kat:3, Licht: 2","238230","3","4","6","02","17","5","","2","1","0","1","0"
"POINT (13.328835253000022 52.478881638000075)","Unfall 238231 (2023) Kat:2, Licht: 2","238231","2","2","6","02","19","7","","2","0","1","1","0"
"POINT (13.438399207000032 52.497333374000050)","Unfall 238232 (2023) Kat:3, Licht: 0","238232","3","3","5","02","14","5","","0","0","1","0","0"
"POINT (13.443593858000042 52.464266516000066)","Unfall 238233 (2023) Kat:3, Licht: 0","238233","3","2","5","02","08","5","","0","0","1","0","0"
"POINT (13.200614773000041 52.548667836000050)","Unfall 238234 (2023) Kat:3, Licht: 0","238234","3","2","2","02","07","5","","0","0","1","0","0"
"POINT (13.448546536000038 52.464520889000028)","Unfall 238235 (2023) Kat:3, Licht: 2","238235","3","1","9","02","19","4","","2","0","1","0","0"
"POINT (13.369123691000027 52.526509009000051)","Unfall 238236 (2023) Kat:3, Licht: 2","238236","3","4","6","02","17","4","","2","0","1","1","0"
"POINT (13.438123853000036 52.500220261000038)","Unfall 238237 (2023) Kat:3, Licht: 0","238237","3","2","6","02","12","4","","0","0","1","1","0"
"POINT (13.549338614000021 52.456712955000057)","Unfall 238238 (2023) Kat:3, Licht: 0","238238","3","5","1","02","11","4","","0","0","1","0","0"
"POINT (13.517033907000041 52.552148209000052)","Unfall 238239 (2023) Kat:3, Licht: 0","238239","3","3","5","03","13","3","","0","0","1","0","0"
"POINT (13.466869640000027 52.524097984000036)","Unfall 238240 (2023) Kat:3, Licht: 0","238240","3","3","5","02","08","4","","0","0","1","0","0"
"POINT (13.350229457000069 52.536031387000037)","Unfall 238241 (2023) Kat:3, Licht: 0","238241","3","2","2","02","10","4","","0","0","1","0","0"
"POINT (13.438529665000033 52.452827844000069)","Unfall 238242 (2023) Kat:3, Licht: 0","238242","3","4","6","02","16","3","","0","0","1","1","0"
"POINT (13.345625441000038 52.460937642000033)","Unfall 238243 (2023) Kat:3, Licht: 0","238243","3","2","5","02","10","4","","0","0","1","0","0"
"POINT (13.314178854000033 52.481006076000028)","Unfall 238244 (2023) Kat:3, Licht: 1","238244","3","6","6","03","17","4","","1","1","0","1","0"
"POINT (13.291834057000074 52.470214828000053)","Unfall 238245 (2023) Kat:3, Licht: 2","238245","3","1","9","02","20","4","","2","0","1","0","0"
"POINT (13.445305217000055 52.499321509000026)","Unfall 238246 (2023) Kat:3, Licht: 2","238246","3","5","1","02","18","4","","2","1","1","0","0"