WKT,Name,OBJECTID,UKATEGORIE,UTYP1,UART,UMONAT,USTUNDE,UWOCHENTAG,STRZUSTAND,ULICHTVERH,ISTRAD,ISTPKW,ISTFUSS,ISTKRAD
"POINT (13.429546509000033 52.556641129000070)","Unfall 238247 (2023) Kat:3, Licht: 0","238247","3","6","2","03","08","3","","0","0","1","0","0"
"POINT (13.373571411000057 52.447630761000028)","Unfall 238248 (2023) Kat:3, Licht: 0","238248","3","3","0","02","15","4","","0","0","1","0","0"
"POINT (13.505833833000054 52.515066684000033)","Unfall 238249 (2023) Kat:3, Licht: 0","238249","3","3","5","02","13","4","","0","0","1","0","0"
"POINT (13.411756082000068 52.523965522000026)","Unfall 238250 (2023) Kat:3, Licht: 0","238250","3","2","5","02","13","4","","0","0","1","0","1"
"POINT (13.321217698000055 52.495813165000072)","Unfall 238251 (2023) Kat:3, Licht: 0","238251","3","5","1","02","10","4","","0","1","0","0","0"
"POINT (13.291603006000059 52.594564544000036)","Unfall 238252 (2023) Kat:3, Licht: 0","238252","3","5","1","02","10","4","","0","0","0","0","1"
"POINT (13.385424294000074 52.502435088000027)","Unfall 238253 (2023) Kat:3, Licht: 0","238253","3","5","0","02","09","4","","0","1","1","0","0"
"POINT (13.406778998000050 52.393768329000068)","Unfall 238254 (2023) Kat:3, Licht: 2","238254","3","2","5","02","18","4","","2","0","1","0","0"
"POINT (13.302742268000031 52.425370520000058)","Unfall 238255 (2023) Kat:3, Licht: 1","238255","3","7","0","02","17","4","","1","0","1","0","0"
"POINT (13.440167732000077 52.540847605000067)","Unfall 238256 (2023) Kat:3, Licht: 0","238256","3","6","3","02","14","4","","0","1","1","0","0"
"POINT (13.515396447000057 52.566963572000077)","Unfall 238257 (2023) Kat:3, Licht: 0","238257","3","2","5","02","13","4","","0","1","1","0","0"
"POINT (13.280939530000069 52.593782267000051)","Unfall 238258 (2023) Kat:3, Licht: 0","238258","3","2","5","02","12","4","","0","0","1","0","0"
"POINT (13.203167552000025 52.417528269000059)","Unfall 238259 (2023) Kat:3, Licht: 0","238259","3","3","5","02","09","4","","0","1","0","0","0"
"POINT (13.499607704000027 52.526367398000048)","Unfall 238260 (2023) Kat:2, Licht: 0","238260","2","2","6","02","08","4","","0","0","1","1","0"
"POINT (13.442391274000045 52.465758173000040)","Unfall 238261 (2023) Kat:3, Licht: 0","238261","3","2","6","02","07","4","","0","0","1","1","0"
"POINT (13.504763574000037 52.563226963000034)","Unfall 238262 (2023) Kat:3, Licht: 2","238262","3","2","6","02","06","4","","2","0","1","1","0"
"POINT (13.338763148000055 52.505279960000053)","Unfall 238263 (2023) Kat:2, Licht: 0","238263","2","6","3","02","14","4","","0","0","1","0","0"
"POINT (13.430603667000071 52.611375382000062)","Unfall 238264 (2023) Kat:3, Licht: 1","238264","3","4","6","02","07","3","","1","0","1","1","0"
"POINT (13.452567028000033 52.451966321000043)","Unfall 238265 (2023) Kat:3, Licht: 1","238265","3","6","2","02","07","3","","1","0","1","0","0"
"POINT (13.297288119000029 52.526143489000049)","Unfall 238266 (2023) Kat:3, Licht: 0","238266","3","6","2","02","09","3","","0","0","1","0","0"
"POINT (13.559124154000074 52.448428364000051)","Unfall 238267 (2023) Kat:3, Licht: 0","238267","3","6","2","02","15","3","","0","0","1","0","0"
"POINT (13.565627712000037 52.570436832000041)","Unfall 238268 (2023) Kat:2, Licht: 0","238268","2","2","5","04","12","3","","0","0","1","0","0"
"POINT (13.314449782000054 52.473726967000061)","Unfall 238269 (2023) Kat:3, Licht: 0","238269","3","4","6","02","16","3","","0","0","0","1","0"
"POINT (13.315548016000037 52.458735015000059)","Unfall 238270 (2023) Kat:2, Licht: 0","238270","2","2","6","02","12","3","","0","0","1","1","0"
"POINT (13.344881873000077 52.481397689000062)","Unfall 238271 (2023) Kat:2, Licht: 2","238271","2","5","1","02","23","3","","2","0","1","0","0"
"POINT (13.438852140000051 52.494922074000044)","Unfall 238272 (2023) Kat:3, Licht: 2","238272","3","3","5","02","19","3","","2","1","1","0","0"
"POINT (13.260430907000057 52.426862725000035)","Unfall 238273 (2023) Kat:3, Licht: 0","238273","3","5","1","02","12","3","","0","0","1","0","0"
"POINT (13.385211801000025 52.498552402000030)","Unfall 238274 (2023) Kat:3, Licht: 0","238274","3","3","5","02","12","3","","0","0","1","0","0"
"POINT (13.294706472000030 52.497657667000055)","Unfall 238275 (2023) Kat:3, Licht: 0","238275","3","6","2","02","09","3","","0","0","1","0","0"
"POINT (13.409966554000050 52.387538800000073)","Unfall 238276 (2023) Kat:3, Licht: 2","238276","3","2","6","02","20","3","","2","0","1","1","0"
"POINT (13.453968860000032 52.512227256000074)","Unfall 238277 (2023) Kat:3, Licht: 2","238277","3","2","5","02","19","3","","2","0","1","0","1"
"POINT (13.560160746000065 52.442195335000065)","Unfall 238278 (2023) Kat:3, Licht: 0","238278","3","6","2","02","14","3","","0","0","1","0","0"
"POINT (13.434786464000069 52.481040057000030)","Unfall 238279 (2023) Kat:3, Licht: 0","238279","3","4","6","02","13","3","","0","0","1","1","0"
"POINT (13.464757972000029 52.524471110000036)","Unfall 238280 (2023) Kat:3, Licht: 0","238280","3","3","0","05","06","3","","0","0","1","0","1"
"POINT (13.454086474000064 52.617211006000048)","Unfall 238281 (2023) Kat:2, Licht: 0","238281","2","3","5","05","20","3","","0","0","1","0","1"
"POINT (13.408036715000037 52.528415102000054)","Unfall 238282 (2023) Kat:3, Licht: 0","238282","3","7","1","05","17","3","","0","0","1","0","0"
"POINT (13.297203154000044 52.526428799000030)","Unfall 238283 (2023) Kat:3, Licht: 0","238283","3","3","5","05","17","3","","0","1","1","0","0"
"POINT (13.286916260000055 52.517974497000068)","Unfall 238284 (2023) Kat:2, Licht: 0","238284","2","7","5","05","15","3","","0","0","1","0","1"
"POINT (13.309270832000038 52.431546208000043)","Unfall 238285 (2023) Kat:3, Licht: 0","238285","3","6","2","05","13","3","","0","0","1","0","0"
"POINT (13.517977194000025 52.535530707000078)","Unfall 238286 (2023) Kat:2, Licht: 0","238286","2","6","2","05","09","3","","0","0","1","0","1"
"POINT (13.438801163000051 52.518683450000026)","Unfall 238287 (2023) Kat:3, Licht: 0","238287","3","4","0","05","09","3","","0","1","0","1","0"
"POINT (13.389174300000036 52.514803535000055)","Unfall 238288 (2023) Kat:3, Licht: 0","238288","3","2","2","05","19","3","","0","0","1","0","0"
"POINT (13.398577013000022 52.386673992000055)","Unfall 238289 (2023) Kat:3, Licht: 0","238289","3","6","3","05","18","3","","0","1","0","0","0"
"POINT (13.412690938000026 52.506139001000065)","Unfall 238290 (2023) Kat:3, Licht: 0","238290","3","7","2","05","17","3","","0","0","1","0","1"
"POINT (13.416738088000045 52.605482984000048)","Unfall 238291 (2023) Kat:3, Licht: 0","238291","3","4","6","05","16","3","","0","1","0","1","0"
"POINT (13.299848655000062 52.498572663000061)","Unfall 238292 (2023) Kat:3, Licht: 2","238292","3","6","2","05","23","3","","2","0","1","0","0"
"POINT (13.336539962000074 52.443514998000069)","Unfall 238293 (2023) Kat:2, Licht: 0","238293","2","3","5","05","17","3","","0","0","1","0","1"
"POINT (13.554276809000044 52.537577022000050)","Unfall 238294 (2023) Kat:3, Licht: 0","238294","3","3","5","05","14","3","","0","1","1","0","0"
"POINT (13.456535468000027 52.525617501000056)","Unfall 238295 (2023) Kat:3, Licht: 0","238295","3","5","1","05","08","3","","0","1","1","0","0"
"POINT (13.381781246000060 52.455935255000043)","Unfall 238296 (2023) Kat:3, Licht: 0","238296","3","6","2","05","12","3","","0","0","1","0","0"
"POINT (13.558493854000062 52.456015047000051)","Unfall 238297 (2023) Kat:3, Licht: 2","238297","3","6","2","05","03","3","","2","0","1","0","1"
"POINT (13.362420369000063 52.409381448000033)","Unfall 238298 (2023) Kat:3, Licht: 2","238298","3","1","0","05","23","2","","2","1","0","0","0"
"POINT (13.420663497000021 52.503235029000052)","Unfall 238299 (2023) Kat:3, Licht: 0","238299","3","2","2","05","18","2","","0","0","0","0","1"
"POINT (13.419496647000074 52.440658045000077)","Unfall 238300 (2023) Kat:3, Licht: 0","238300","3","3","5","05","14","2","","0","0","1","0","0"
"POINT (13.517237730000033 52.454477241000063)","Unfall 238301 (2023) Kat:3, Licht: 0","238301","3","2","5","05","19","2","","0","1","1","0","0"
"POINT (13.525895181000067 52.423028580000050)","Unfall 238302 (2023) Kat:3, Licht: 0","238302","3","3","5","05","15","2","","0","0","1","0","0"
"POINT (13.402433229000053 52.528308047000053)","Unfall 238303 (2023) Kat:2, Licht: 0","238303","2","5","1","05","16","2","","0","1","1","0","0"
"POINT (13.488168949000055 52.413395095000055)","Unfall 238304 (2023) Kat:3, Licht: 0","238304","3","3","5","05","12","2","","0","1","1","0","0"
"POINT (13.398620073000075 52.529498862000082)","Unfall 238305 (2023) Kat:3, Licht: 0","238305","3","6","2","05","13","2","","0","0","1","0","0"
"POINT (13.475769017000061 52.532858478000037)","Unfall 238306 (2023) Kat:3, Licht: 0","238306","3","6","2","05","12","2","","0","0","1","0","1"
"POINT (13.618871965000039 52.496249222000074)","Unfall 238307 (2023) Kat:3, Licht: 0","238307","3","3","5","05","10","2","","0","0","1","0","1"
"POINT (13.368038997000042 52.558675863000076)","Unfall 238308 (2023) Kat:2, Licht: 0","238308","2","3","5","05","07","2","","0","0","1","0","0"
"POINT (13.387494280000055 52.493077650000032)","Unfall 238309 (2023) Kat:3, Licht: 2","238309","3","3","5","05","00","2","","2","0","1","0","0"
"POINT (13.325797624000074 52.538834929000075)","Unfall 238310 (2023) Kat:3, Licht: 2","238310","3","6","2","05","00","2","","2","0","1","0","0"
"POINT (13.283313767000038 52.590051549000066)","Unfall 238311 (2023) Kat:3, Licht: 0","238311","3","2","0","05","16","2","","0","1","0","0","0"
"POINT (13.417814476000046 52.444660444000078)","Unfall 238312 (2023) Kat:3, Licht: 0","238312","3","7","5","05","16","1","","0","0","1","0","0"
"POINT (13.379246491000060 52.507030535000069)","Unfall 238313 (2023) Kat:3, Licht: 0","238313","3","3","5","05","19","1","","0","0","1","0","0"
"POINT (13.375150884000050 52.542412538000065)","Unfall 238314 (2023) Kat:2, Licht: 0","238314","2","5","1","05","17","1","","0","1","1","0","0"
"POINT (13.397293960000070 52.519295640000053)","Unfall 238315 (2023) Kat:3, Licht: 0","238315","3","2","6","05","14","1","","0","0","1","1","0"
"POINT (13.350039467000045 52.434267564000038)","Unfall 238316 (2023) Kat:3, Licht: 0","238316","3","7","0","05","11","1","","0","1","1","0","0"
"POINT (13.474393699000075 52.425699604000044)","Unfall 238317 (2023) Kat:3, Licht: 0","238317","3","2","5","05","12","1","","0","1","1","0","0"
"POINT (13.130210241000043 52.464051976000064)","Unfall 238318 (2023) Kat:2, Licht: 0","238318","2","1","0","05","11","1","","0","1","0","0","0"
"POINT (13.401604422000048 52.539838040000063)","Unfall 238319 (2023) Kat:3, Licht: 0","238319","3","2","5","05","10","1","","0","1","1","0","0"
"POINT (13.391413633000070 52.501180489000035)","Unfall 238320 (2023) Kat:3, Licht: 0","238320","3","2","5","05","17","1","","0","0","1","0","1"
"POINT (13.325790481000070 52.478730784000049)","Unfall 238321 (2023) Kat:3, Licht: 0","238321","3","2","5","05","17","1","","0","0","1","0","1"
"POINT (13.412893404000044 52.506397733000028)","Unfall 238322 (2023) Kat:3, Licht: 0","238322","3","6","3","05","15","1","","0","1","0","0","0"
"POINT (13.204884413000059 52.544294858000058)","Unfall 238323 (2023) Kat:3, Licht: 0","238323","3","3","5","05","13","1","","0","1","1","0","0"
"POINT (13.414772043000028 52.507634855000049)","Unfall 238324 (2023) Kat:3, Licht: 0","238324","3","5","1","05","12","1","","0","1","1","0","0"
"POINT (13.352247737000027 52.583893907000061)","Unfall 238325 (2023) Kat:3, Licht: 1","238325","3","5","1","05","04","1","","1","0","1","0","0"
"POINT (13.390279391000036 52.545783754000070)","Unfall 238326 (2023) Kat:3, Licht: 2","238326","3","5","1","05","03","1","","2","0","1","0","1"
"POINT (13.470819927000036 52.452699416000030)","Unfall 238327 (2023) Kat:3, Licht: 2","238327","3","1","9","05","00","1","","2","0","1","0","0"
"POINT (13.294891775000053 52.539628173000040)","Unfall 238328 (2023) Kat:3, Licht: 0","238328","3","6","3","05","20","1","","0","0","1","0","0"
"POINT (13.394392529000072 52.483977538000033)","Unfall 238329 (2023) Kat:3, Licht: 0","238329","3","4","6","05","15","1","","0","0","1","1","0"
"POINT (13.399458118000041 52.498289227000043)","Unfall 238330 (2023) Kat:3, Licht: 0","238330","3","3","5","05","15","1","","0","0","0","0","0"
"POINT (13.326544995000063 52.421166197000048)","Unfall 238331 (2023) Kat:2, Licht: 0","238331","2","3","5","05","10","3","","0","0","1","0","0"
"POINT (13.450757015000022 52.509172281000076)","Unfall 238332 (2023) Kat:3, Licht: 2","238332","3","4","6","05","22","7","","2","0","0","1","0"
"POINT (13.539091288000066 52.420335356000066)","Unfall 238333 (2023) Kat:3, Licht: 1","238333","3","6","2","05","22","7","","1","0","1","0","0"
"POINT (13.441587475000063 52.501206843000034)","Unfall 238334 (2023) Kat:3, Licht: 0","238334","3","3","5","05","20","7","","0","1","1","0","0"
"POINT (13.396706048000055 52.465303485000049)","Unfall 238335 (2023) Kat:3, Licht: 0","238335","3","6","2","05","19","7","","0","0","1","0","1"
"POINT (13.269203197000024 52.575884485000074)","Unfall 238336 (2023) Kat:3, Licht: 0","238336","3","6","2","05","15","7","","0","0","1","0","0"
"POINT (13.479642682000076 52.425658909000049)","Unfall 238337 (2023) Kat:3, Licht: 0","238337","3","3","5","05","14","7","","0","0","1","0","0"
"POINT (13.389896703000034 52.546282996000059)","Unfall 238338 (2023) Kat:3, Licht: 0","238338","3","5","1","05","11","7","","0","0","1","0","1"
"POINT (13.427588633000028 52.481123928000045)","Unfall 238339 (2023) Kat:3, Licht: 2","238339","3","4","6","05","22","7","","2","0","1","1","0"
"POINT (13.373261309000043 52.557255623000060)","Unfall 238340 (2023) Kat:3, Licht: 2","238340","3","3","5","05","22","7","","2","1","1","0","0"
"POINT (13.410993835000056 52.539791127000058)","Unfall 238341 (2023) Kat:2, Licht: 2","238341","2","5","0","05","22","7","","2","1","1","0","0"
"POINT (13.381182442000068 52.452143466000052)","Unfall 238342 (2023) Kat:2, Licht: 0","238342","2","3","5","05","17","7","","0","0","1","0","0"
"POINT (13.287281361000055 52.632618008000065)","Unfall 238343 (2023) Kat:3, Licht: 0","238343","3","3","5","05","15","7","","0","1","1","0","0"
"POINT (13.375608814000032 52.447883935000050)","Unfall 238344 (2023) Kat:2, Licht: 0","238344","2","3","5","05","12","7","","0","0","1","0","1"
"POINT (13.390644288000033 52.505966987000079)","Unfall 238345 (2023) Kat:3, Licht: 0","238345","3","5","1","05","11","7","","0","1","1","0","0"
"POINT (13.351042154000027 52.514897845000064)","Unfall 238346 (2023) Kat:3, Licht: 2","238346","3","3","5","05","23","7","","2","0","1","0","0"
"POINT (13.394848198000034 52.541380552000078)","Unfall 238347 (2023) Kat:3, Licht: 0","238347","3","4","6","05","18","7","","0","0","1","1","0"
"POINT (13.569324545000029 52.442834717000039)","Unfall 238348 (2023) Kat:2, Licht: 0","238348","2","1","0","05","18","7","","0","1","0","0","0"
"POINT (13.385790320000069 52.466094952000049)","Unfall 238349 (2023) Kat:3, Licht: 0","238349","3","2","0","05","17","7","","0","0","1","0","0"
"POINT (13.559580621000066 52.435562866000055)","Unfall 238350 (2023) Kat:2, Licht: 0","238350","2","3","5","05","14","7","","0","1","1","0","0"
"POINT (13.477421487000072 52.500472613000056)","Unfall 238351 (2023) Kat:3, Licht: 0","238351","3","2","6","05","14","7","","0","0","0","1","1"
"POINT (13.396376784000040 52.519717913000079)","Unfall 238352 (2023) Kat:3, Licht: 0","238352","3","2","2","05","16","7","","0","0","1","0","0"
"POINT (13.415293293000047 52.499964444000057)","Unfall 238353 (2023) Kat:3, Licht: 2","238353","3","5","5","05","22","7","","2","0","1","0","0"
"POINT (13.368280285000026 52.525994623000031)","Unfall 238354 (2023) Kat:3, Licht: 0","238354","3","3","5","05","16","6","","0","0","1","0","0"
"POINT (13.515699297000026 52.567137934000073)","Unfall 238355 (2023) Kat:3, Licht: 0","238355","3","4","0","05","18","6","","0","0","0","1","0"
"POINT (13.184518075000028 52.547497277000048)","Unfall 238356 (2023) Kat:3, Licht: 0","238356","3","2","5","05","18","6","","0","1","0","0","0"
"POINT (13.384222966000038 52.509946580000076)","Unfall 238357 (2023) Kat:3, Licht: 0","238357","3","3","5","05","16","6","","0","0","1","0","0"
"POINT (13.420687711000028 52.548798004000048)","Unfall 238358 (2023) Kat:2, Licht: 0","238358","2","2","0","05","15","6","","0","0","0","0","1"
"POINT (13.432715097000028 52.494620158000032)","Unfall 238359 (2023) Kat:3, Licht: 0","238359","3","7","6","05","14","6","","0","0","1","1","0"
"POINT (13.308026720000043 52.488734465000050)","Unfall 238360 (2023) Kat:3, Licht: 0","238360","3","2","5","05","16","6","","0","1","1","0","0"
"POINT (13.306824346000042 52.576359688000082)","Unfall 238361 (2023) Kat:3, Licht: 0","238361","3","3","0","05","19","6","","0","0","1","0","1"
"POINT (13.552832711000065 52.507949764000045)","Unfall 238362 (2023) Kat:3, Licht: 0","238362","3","1","0","05","16","6","","0","0","0","0","1"
"POINT (13.401180093000050 52.511255877000053)","Unfall 238363 (2023) Kat:3, Licht: 0","238363","3","7","5","05","15","6","","0","1","1","0","0"
"POINT (13.429985958000032 52.551047372000028)","Unfall 238364 (2023) Kat:2, Licht: 0","238364","2","2","5","05","13","6","","0","1","0","0","0"
"POINT (13.302153141000076 52.488472988000069)","Unfall 238365 (2023) Kat:3, Licht: 0","238365","3","2","2","05","13","6","","0","0","1","0","0"
"POINT (13.281543694000050 52.477307760000031)","Unfall 238366 (2023) Kat:3, Licht: 0","238366","3","7","6","05","13","6","","0","0","1","1","0"
"POINT (13.326889076000043 52.540519496000059)","Unfall 238367 (2023) Kat:3, Licht: 0","238367","3","6","4","05","12","6","","0","0","1","0","0"
"POINT (13.363037500000075 52.476005801000042)","Unfall 238368 (2023) Kat:3, Licht: 0","238368","3","2","6","05","12","6","","0","0","0","1","0"
"POINT (13.428979498000047 52.488381225000069)","Unfall 238369 (2023) Kat:3, Licht: 0","238369","3","3","5","05","10","6","","0","1","1","0","0"
"POINT (13.321668705000036 52.481035623000082)","Unfall 238370 (2023) Kat:3, Licht: 0","238370","3","5","1","05","09","6","","0","0","1","0","1"
"POINT (13.388782398000046 52.499996703000079)","Unfall 238371 (2023) Kat:3, Licht: 0","238371","3","6","2","05","08","6","","0","0","1","0","0"
"POINT (13.452336294000077 52.557781827000042)","Unfall 238372 (2023) Kat:3, Licht: 0","238372","3","2","5","05","08","6","","0","1","1","0","0"
"POINT (13.417733704000057 52.513936026000067)","Unfall 238373 (2023) Kat:3, Licht: 0","238373","3","2","2","05","08","6","","0","0","1","0","0"
"POINT (13.373125179000056 52.537985338000055)","Unfall 238374 (2023) Kat:3, Licht: 0","238374","3","4","6","05","07","6","","0","0","0","1","0"
"POINT (13.315488296000069 52.450459910000063)","Unfall 238375 (2023) Kat:2, Licht: 2","238375","2","1","0","05","01","6","","2","0","0","0","1"
"POINT (13.430207233000033 52.550905209000064)","Unfall 238376 (2023) Kat:3, Licht: 1","238376","3","2","5","05","21","6","","1","1","1","0","0"
"POINT (13.153621197000064 52.553464521000080)","Unfall 238377 (2023) Kat:2, Licht: 0","238377","2","6","4","05","18","6","","0","0","1","0","0"
"POINT (13.503077541000039 52.636580102000039)","Unfall 238378 (2023) Kat:3, Licht: 0","238378","3","2","5","05","17","6","","0","1","1","0","0"
"POINT (13.512943535000034 52.537003660000039)","Unfall 238379 (2023) Kat:2, Licht: 0","238379","2","3","5","05","15","6","","0","0","1","0","1"
"POINT (13.383467148000022 52.572604240000032)","Unfall 238380 (2023) Kat:3, Licht: 0","238380","3","3","5","05","13","6","","0","1","1","0","0"
"POINT (13.304202781000072 52.622059228000069)","Unfall 238381 (2023) Kat:3, Licht: 0","238381","3","3","5","05","11","6","","0","0","1","0","0"
"POINT (13.463523637000037 52.566154064000045)","Unfall 238382 (2023) Kat:3, Licht: 0","238382","3","3","5","05","07","6","","0","0","1","0","1"
"POINT (13.530527820000032 52.558347346000062)","Unfall 238383 (2023) Kat:3, Licht: 0","238383","3","1","8","05","05","6","","0","0","1","0","0"
"POINT (13.375428067000030 52.531064020000031)","Unfall 238384 (2023) Kat:3, Licht: 0","238384","3","5","1","05","19","6","","0","1","1","0","0"
"POINT (13.356644812000070 52.535663353000075)","Unfall 238385 (2023) Kat:3, Licht: 0","238385","3","2","0","05","09","5","","0","0","1","0","1"
"POINT (13.315116672000045 52.501011104000042)","Unfall 238386 (2023) Kat:3, Licht: 0","238386","3","3","5","05","18","5","","0","0","1","0","0"
"POINT (13.462947287000077 52.469472576000044)","Unfall 238387 (2023) Kat:2, Licht: 0","238387","2","2","5","05","16","5","","0","0","1","0","0"
"POINT (13.296308327000077 52.580399604000036)","Unfall 238388 (2023) Kat:3, Licht: 0","238388","3","2","5","05","12","5","","0","1","1","0","0"
"POINT (13.453731278000078 52.532947098000079)","Unfall 238389 (2023) Kat:3, Licht: 0","238389","3","2","5","05","09","5","","0","1","1","0","0"
"POINT (13.511974993000024 52.510085296000057)","Unfall 238390 (2023) Kat:2, Licht: 1","238390","2","3","5","05","05","5","","1","1","1","0","0"
"POINT (13.352485974000047 52.559173668000028)","Unfall 238391 (2023) Kat:2, Licht: 0","238391","2","4","6","05","20","5","","0","0","1","1","0"
"POINT (13.414993676000051 52.507526222000081)","Unfall 238392 (2023) Kat:3, Licht: 0","238392","3","7","6","05","18","5","","0","0","0","0","0"
"POINT (13.442787596000073 52.465088043000037)","Unfall 238393 (2023) Kat:3, Licht: 0","238393","3","2","5","05","17","7","","0","0","1","0","1"
"POINT (13.299269659000061 52.440616322000039)","Unfall 238394 (2023) Kat:3, Licht: 0","238394","3","2","4","05","18","5","","0","1","1","0","0"
"POINT (13.206856089000041 52.543649576000064)","Unfall 238395 (2023) Kat:3, Licht: 0","238395","3","3","5","05","16","5","","0","0","0","0","0"
"POINT (13.275610937000067 52.501515407000056)","Unfall 238396 (2023) Kat:3, Licht: 0","238396","3","2","5","05","14","5","","0","0","1","0","0"
"POINT (13.434363958000063 52.466719670000032)","Unfall 238397 (2023) Kat:3, Licht: 2","238397","3","5","5","05","21","5","","2","0","1","0","1"
"POINT (13.420836235000024 52.548583929000074)","Unfall 238398 (2023) Kat:3, Licht: 0","238398","3","6","3","05","11","5","","0","0","1","0","1"
"POINT (13.429037927000024 52.498504813000068)","Unfall 238399 (2023) Kat:3, Licht: 0","238399","3","7","5","05","18","5","","0","0","1","0","1"
"POINT (13.600749966000024 52.476396926000064)","Unfall 238400 (2023) Kat:3, Licht: 0","238400","3","3","5","05","11","5","","0","0","1","0","0"
"POINT (13.139991954000038 52.456707984000047)","Unfall 238401 (2023) Kat:3, Licht: 0","238401","3","7","7","05","16","5","","0","0","0","0","1"
"POINT (13.481577091000077 52.473042918000033)","Unfall 238402 (2023) Kat:3, Licht: 0","238402","3","2","5","05","12","5","","0","1","1","0","0"
"POINT (13.321010589000025 52.525822552000079)","Unfall 238403 (2023) Kat:3, Licht: 0","238403","3","7","0","05","08","5","","0","0","0","0","1"
"POINT (13.286685317000035 52.575599286000056)","Unfall 238404 (2023) Kat:3, Licht: 2","238404","3","5","1","05","23","5","","2","0","1","0","0"
"POINT (13.361836787000072 52.497736686000053)","Unfall 238405 (2023) Kat:2, Licht: 0","238405","2","3","5","05","17","5","","0","0","1","0","0"
"POINT (13.431707196000048 52.497483209000052)","Unfall 238406 (2023) Kat:3, Licht: 0","238406","3","4","6","05","18","5","","0","0","1","1","0"
"POINT (13.339616002000071 52.475614210000060)","Unfall 238407 (2023) Kat:3, Licht: 0","238407","3","6","3","05","16","5","","0","1","1","0","0"
"POINT (13.373122722000062 52.527607436000039)","Unfall 238408 (2023) Kat:3, Licht: 0","238408","3","1","0","05","10","5","","0","1","0","0","0"
"POINT (13.485739941000077 52.615971795000064)","Unfall 238409 (2023) Kat:2, Licht: 0","238409","2","3","5","05","06","5","","0","1","0","0","0"
"POINT (13.430165023000029 52.469867622000038)","Unfall 238410 (2023) Kat:3, Licht: 0","238410","3","3","5","05","20","5","","0","0","1","0","1"
"POINT (13.329353208000043 52.563201722000031)","Unfall 238411 (2023) Kat:3, Licht: 0","238411","3","7","1","05","13","5","","0","1","1","0","0"
"POINT (13.354582115000028 52.517093431000035)","Unfall 238412 (2023) Kat:2, Licht: 0","238412","2","2","5","05","08","5","","0","0","1","0","0"
"POINT (13.322637131000022 52.511258421000036)","Unfall 238413 (2023) Kat:3, Licht: 0","238413","3","3","5","05","07","5","","0","1","1","0","0"
"POINT (13.517269604000035 52.535278358000028)","Unfall 238414 (2023) Kat:3, Licht: 0","238414","3","2","5","05","15","5","","0","1","1","0","0"
"POINT (13.467037123000068 52.528465330000074)","Unfall 238415 (2023) Kat:3, Licht: 0","238415","3","6","2","05","18","4","","0","0","1","0","0"
"POINT (13.421987169000033 52.492983840000079)","Unfall 238416 (2023) Kat:3, Licht: 0","238416","3","2","5","05","18","4","","0","1","1","0","0"
"POINT (13.429329965000022 52.548996319000082)","Unfall 238417 (2023) Kat:3, Licht: 0","238417","3","2","5","05","17","4","","0","0","0","0","1"
"POINT (13.389040785000077 52.515703676000044)","Unfall 238418 (2023) Kat:3, Licht: 0","238418","3","3","5","05","17","4","","0","1","1","0","0"
"POINT (13.398953138000024 52.547121317000062)","Unfall 238419 (2023) Kat:3, Licht: 0","238419","3","7","5","05","19","4","","0","0","1","0","0"
"POINT (13.331513057000052 52.505063654000082)","Unfall 238420 (2023) Kat:3, Licht: 0","238420","3","5","3","05","18","4","","0","0","1","0","0"
"POINT (13.380669163000050 52.516624369000056)","Unfall 238421 (2023) Kat:3, Licht: 0","238421","3","2","5","05","17","4","","0","1","1","0","0"
"POINT (13.199086197000042 52.533646147000070)","Unfall 238422 (2023) Kat:3, Licht: 0","238422","3","6","3","05","17","4","","0","0","1","0","0"
"POINT (13.428600094000046 52.486612279000042)","Unfall 238423 (2023) Kat:2, Licht: 0","238423","2","6","0","05","17","4","","0","0","0","0","0"
"POINT (13.499686803000031 52.524881164000078)","Unfall 238424 (2023) Kat:3, Licht: 0","238424","3","1","9","05","17","4","","0","0","0","0","1"
"POINT (13.360340769000061 52.537243750000073)","Unfall 238425 (2023) Kat:3, Licht: 0","238425","3","2","5","05","16","4","","0","1","1","0","0"
"POINT (13.534785591000059 52.457275471000059)","Unfall 238426 (2023) Kat:2, Licht: 0","238426","2","1","0","05","15","4","","0","1","0","0","0"
"POINT (13.323610107000036 52.493728478000037)","Unfall 238427 (2023) Kat:3, Licht: 2","238427","3","3","2","05","03","7","","2","0","1","0","0"
"POINT (13.410885319000045 52.561175326000068)","Unfall 238428 (2023) Kat:3, Licht: 0","238428","3","2","5","05","08","4","","0","1","1","0","0"
"POINT (13.251042693000045 52.450131315000078)","Unfall 238429 (2023) Kat:3, Licht: 1","238429","3","3","5","05","21","4","","1","0","1","0","0"
"POINT (13.494208168000057 52.566130044000033)","Unfall 238430 (2023) Kat:2, Licht: 0","238430","2","3","5","05","19","4","","0","1","1","0","0"
"POINT (13.411121551000065 52.530692658000078)","Unfall 238431 (2023) Kat:2, Licht: 0","238431","2","4","6","05","18","4","","0","0","1","1","0"
"POINT (13.364796420000062 52.485091920000059)","Unfall 238432 (2023) Kat:3, Licht: 0","238432","3","4","6","05","18","4","","0","1","0","1","0"
"POINT (13.515085229000022 52.566902377000076)","Unfall 238433 (2023) Kat:3, Licht: 0","238433","3","6","2","05","18","4","","0","0","1","0","0"