WKT,Name,OBJECTID,UKATEGORIE,UTYP1,UART,UMONAT,USTUNDE,UWOCHENTAG,STRZUSTAND,ULICHTVERH,ISTRAD,ISTPKW,ISTFUSS,ISTKRAD
"POINT (13.390833246000057 52.406881304000080)","Unfall 238434 (2023) Kat:2, Licht: 0","238434","2","5","1","05","17","4","","0","0","1","0","0"
"POINT (13.343181158000050 52.529841284000042)","Unfall 238435 (2023) Kat:3, Licht: 0","238435","3","6","3","05","08","4","","0","1","0","0","0"
"POINT (13.547132273000045 52.437650748000067)","Unfall 238436 (2023) Kat:3, Licht: 0","238436","3","3","0","05","08","4","","0","1","1","0","0"
"POINT (13.406776266000065 52.393768272000045)","Unfall 238437 (2023) Kat:3, Licht: 0","238437","3","7","2","05","17","4","","0","0","1","0","0"
"POINT (13.436740732000032 52.498676715000045)","Unfall 238438 (2023) Kat:3, Licht: 0","238438","3","1","1","05","17","4","","0","1","1","0","0"
"POINT (13.466544802000044 52.501577021000060)","Unfall 238439 (2023) Kat:3, Licht: 0","238439","3","7","6","05","08","4","","0","1","0","1","0"
"POINT (13.408857607000073 52.535003760000052)","Unfall 238440 (2023) Kat:3, Licht: 0","238440","3","1","1","05","08","4","","0","1","1","0","0"
"POINT (13.217087427000024 52.528581000000031)","Unfall 238441 (2023) Kat:3, Licht: 0","238441","3","6","3","05","16","4","","0","0","1","0","1"
"POINT (13.411822264000023 52.523967652000067)","Unfall 238442 (2023) Kat:3, Licht: 0","238442","3","2","5","05","06","4","","0","0","1","0","0"
"POINT (13.327427672000056 52.520476958000074)","Unfall 238443 (2023) Kat:3, Licht: 0","238443","3","2","5","05","12","6","","0","1","1","0","0"
"POINT (13.519139173000042 52.513465961000065)","Unfall 238444 (2023) Kat:3, Licht: 0","238444","3","2","5","05","06","4","","0","0","1","0","0"
"POINT (13.267033733000062 52.520516908000047)","Unfall 238445 (2023) Kat:3, Licht: 0","238445","3","6","2","05","16","4","","0","0","1","0","0"
"POINT (13.592332917000022 52.447252315000071)","Unfall 238446 (2023) Kat:3, Licht: 0","238446","3","3","5","05","16","4","","0","0","1","0","1"
"POINT (13.293748671000060 52.484138314000063)","Unfall 238447 (2023) Kat:3, Licht: 0","238447","3","3","5","05","13","4","","0","0","1","0","0"
"POINT (13.496399499000063 52.431168390000039)","Unfall 238448 (2023) Kat:3, Licht: 0","238448","3","2","5","05","11","4","","0","1","1","0","0"
"POINT (13.346031650000043 52.495869773000038)","Unfall 238449 (2023) Kat:3, Licht: 0","238449","3","2","2","05","10","4","","0","1","1","0","0"
"POINT (13.294492940000055 52.506758845000036)","Unfall 238450 (2023) Kat:3, Licht: 0","238450","3","6","3","05","10","4","","0","0","0","0","1"
"POINT (13.194957542000054 52.532485607000069)","Unfall 238451 (2023) Kat:3, Licht: 0","238451","3","2","6","05","08","4","","0","0","1","1","0"
"POINT (13.406109008000044 52.489510460000076)","Unfall 238452 (2023) Kat:3, Licht: 2","238452","3","6","2","05","22","3","","2","1","0","0","0"
"POINT (13.384756558000049 52.508931466000035)","Unfall 238453 (2023) Kat:3, Licht: 0","238453","3","1","0","05","09","3","","0","0","0","0","0"
"POINT (13.426770965000060 52.488628183000060)","Unfall 238454 (2023) Kat:3, Licht: 0","238454","3","7","6","05","16","3","","0","1","0","1","0"
"POINT (13.378634377000026 52.552985009000054)","Unfall 238455 (2023) Kat:3, Licht: 0","238455","3","5","1","05","16","3","","0","0","1","0","0"
"POINT (13.279043260000037 52.503613643000051)","Unfall 238456 (2023) Kat:3, Licht: 0","238456","3","6","2","05","16","3","","0","0","1","0","0"
"POINT (13.344580788000030 52.519059262000042)","Unfall 238457 (2023) Kat:3, Licht: 0","238457","3","5","1","05","15","3","","0","1","1","0","0"
"POINT (13.496154435000051 52.466093313000044)","Unfall 238458 (2023) Kat:3, Licht: 0","238458","3","3","5","05","15","3","","0","1","1","0","0"
"POINT (13.160739122000052 52.519054553000046)","Unfall 238459 (2023) Kat:3, Licht: 0","238459","3","7","6","05","14","3","","0","0","0","1","0"
"POINT (13.259063255000058 52.486546863000058)","Unfall 238460 (2023) Kat:3, Licht: 0","238460","3","1","8","05","18","3","","0","1","0","0","0"
"POINT (13.431377756000074 52.503018139000062)","Unfall 238461 (2023) Kat:3, Licht: 0","238461","3","3","5","05","19","3","","0","0","1","0","0"
"POINT (13.441298194000069 52.568614402000037)","Unfall 238462 (2023) Kat:2, Licht: 0","238462","2","3","5","05","19","3","","0","1","1","0","0"
"POINT (13.338140031000023 52.485731397000052)","Unfall 238463 (2023) Kat:3, Licht: 0","238463","3","6","0","05","18","3","","0","1","1","0","0"
"POINT (13.396136234000039 52.550710646000027)","Unfall 238464 (2023) Kat:3, Licht: 0","238464","3","7","0","05","18","3","","0","1","1","0","0"
"POINT (13.300808402000030 52.489623187000063)","Unfall 238465 (2023) Kat:3, Licht: 0","238465","3","3","5","05","18","3","","0","1","1","0","0"
"POINT (13.342224721000036 52.534261655000080)","Unfall 238466 (2023) Kat:3, Licht: 0","238466","3","5","5","05","18","3","","0","1","1","0","0"
"POINT (13.535049691000040 52.436635987000045)","Unfall 238467 (2023) Kat:3, Licht: 0","238467","3","3","5","05","17","3","","0","0","1","0","0"
"POINT (13.464459649000048 52.516499910000050)","Unfall 238468 (2023) Kat:3, Licht: 1","238468","3","4","0","05","21","3","","1","1","0","1","0"
"POINT (13.411251539000034 52.554062919000046)","Unfall 238469 (2023) Kat:3, Licht: 1","238469","3","4","6","05","21","3","","1","0","1","1","0"
"POINT (13.452233541000055 52.452305576000072)","Unfall 238470 (2023) Kat:3, Licht: 1","238470","3","6","2","05","21","3","","1","0","1","0","0"
"POINT (13.287208682000028 52.495840514000065)","Unfall 238471 (2023) Kat:3, Licht: 0","238471","3","2","5","05","20","3","","0","1","1","0","0"
"POINT (13.417486879000023 52.513860900000054)","Unfall 238472 (2023) Kat:3, Licht: 0","238472","3","1","0","05","20","3","","0","1","0","0","0"
"POINT (13.384942150000029 52.450753809000048)","Unfall 238473 (2023) Kat:3, Licht: 0","238473","3","2","5","05","07","3","","0","0","1","0","1"
"POINT (13.423851528000057 52.538328821000050)","Unfall 238474 (2023) Kat:3, Licht: 0","238474","3","2","5","05","18","3","","0","1","1","0","0"
"POINT (13.452165407000052 52.481317866000040)","Unfall 238475 (2023) Kat:3, Licht: 0","238475","3","3","5","05","14","3","","0","1","1","0","0"
"POINT (13.268602514000065 52.508874776000027)","Unfall 238476 (2023) Kat:3, Licht: 0","238476","3","2","6","05","13","3","","0","0","1","1","0"
"POINT (13.405665276000036 52.534587024000075)","Unfall 238477 (2023) Kat:3, Licht: 0","238477","3","5","1","05","11","7","","0","1","1","0","0"
"POINT (13.448236115000043 52.427368125000044)","Unfall 238478 (2023) Kat:3, Licht: 0","238478","3","2","5","05","12","3","","0","1","1","0","0"
"POINT (13.455902354000045 52.530730521000066)","Unfall 238479 (2023) Kat:3, Licht: 0","238479","3","2","6","05","08","3","","0","0","1","1","0"
"POINT (13.283949173000053 52.518697863000057)","Unfall 238480 (2023) Kat:2, Licht: 0","238480","2","4","6","05","08","3","","0","0","1","1","0"
"POINT (13.612544841000044 52.510779894000052)","Unfall 238481 (2023) Kat:3, Licht: 0","238481","3","1","0","05","08","3","","0","1","0","0","0"
"POINT (13.438022485000033 52.454172063000044)","Unfall 238482 (2023) Kat:3, Licht: 2","238482","3","3","5","05","22","3","","2","0","1","0","0"
"POINT (13.456985973000030 52.558084800000074)","Unfall 238483 (2023) Kat:3, Licht: 0","238483","3","5","1","05","19","3","","0","1","1","0","0"
"POINT (13.564065128000038 52.440614830000072)","Unfall 238484 (2023) Kat:3, Licht: 0","238484","3","5","1","05","17","3","","0","1","1","0","0"
"POINT (13.446384435000027 52.505506244000060)","Unfall 238485 (2023) Kat:1, Licht: 2","238485","1","4","6","05","23","3","","2","0","0","1","0"
"POINT (13.527333321000071 52.488292221000052)","Unfall 238486 (2023) Kat:3, Licht: 0","238486","3","7","6","05","18","2","","0","1","0","1","0"
"POINT (13.441518794000046 52.543330721000075)","Unfall 238487 (2023) Kat:3, Licht: 0","238487","3","3","5","05","10","2","","0","0","1","0","0"
"POINT (13.437738870000032 52.569904536000081)","Unfall 238488 (2023) Kat:3, Licht: 0","238488","3","6","3","05","14","2","","0","0","0","0","1"
"POINT (13.296448151000050 52.499608288000047)","Unfall 238489 (2023) Kat:3, Licht: 0","238489","3","7","2","05","12","2","","0","1","1","0","0"
"POINT (13.192118303000029 52.433702865000043)","Unfall 238490 (2023) Kat:3, Licht: 0","238490","3","3","5","05","17","2","","0","0","1","0","1"
"POINT (13.522649244000036 52.426660824000066)","Unfall 238491 (2023) Kat:3, Licht: 0","238491","3","2","5","05","17","2","","0","1","1","0","0"
"POINT (13.325063856000043 52.419109445000061)","Unfall 238492 (2023) Kat:2, Licht: 0","238492","2","5","1","05","06","2","","0","0","1","0","0"
"POINT (13.397134693000055 52.505304606000038)","Unfall 238493 (2023) Kat:3, Licht: 2","238493","3","3","5","05","23","2","","2","0","1","0","0"
"POINT (13.323681958000066 52.445300707000058)","Unfall 238494 (2023) Kat:3, Licht: 0","238494","3","4","0","05","19","5","","0","0","1","1","0"
"POINT (13.330437856000060 52.495082214000035)","Unfall 238495 (2023) Kat:3, Licht: 0","238495","3","2","0","05","19","2","","0","1","1","0","0"
"POINT (13.394079213000055 52.508809033000034)","Unfall 238496 (2023) Kat:3, Licht: 0","238496","3","2","5","05","17","2","","0","1","1","0","0"
"POINT (13.385660438000059 52.468587595000031)","Unfall 238497 (2023) Kat:3, Licht: 1","238497","3","6","3","05","21","2","","1","0","1","0","0"
"POINT (13.293270588000041 52.506804276000082)","Unfall 238498 (2023) Kat:3, Licht: 0","238498","3","6","2","05","14","2","","0","0","1","0","0"
"POINT (13.561689524000030 52.549875414000041)","Unfall 238499 (2023) Kat:3, Licht: 0","238499","3","2","6","05","20","2","","0","0","1","1","0"
"POINT (13.558980664000046 52.507251768000060)","Unfall 238500 (2023) Kat:3, Licht: 0","238500","3","2","5","05","19","2","","0","1","1","0","0"
"POINT (13.367119010000067 52.504651488000036)","Unfall 238501 (2023) Kat:3, Licht: 0","238501","3","6","4","05","18","2","","0","1","1","0","0"
"POINT (13.387725991000025 52.493032757000037)","Unfall 238502 (2023) Kat:3, Licht: 0","238502","3","6","2","05","11","2","","0","0","1","0","1"
"POINT (13.392186607000042 52.523656627000037)","Unfall 238503 (2023) Kat:3, Licht: 0","238503","3","2","5","05","09","2","","0","0","1","0","1"
"POINT (13.572678201000031 52.549853478000045)","Unfall 238504 (2023) Kat:3, Licht: 0","238504","3","4","6","05","12","2","","0","0","1","1","0"
"POINT (13.430237653000063 52.486173008000037)","Unfall 238505 (2023) Kat:3, Licht: 0","238505","3","2","5","05","08","2","","0","1","1","0","0"
"POINT (13.554932661000066 52.524790108000047)","Unfall 238506 (2023) Kat:3, Licht: 0","238506","3","1","0","05","16","2","","0","1","0","0","0"
"POINT (13.574133359000029 52.452646999000081)","Unfall 238507 (2023) Kat:3, Licht: 0","238507","3","6","2","05","19","2","","0","0","1","0","0"
"POINT (13.413603367000064 52.488396437000063)","Unfall 238508 (2023) Kat:2, Licht: 0","238508","2","3","5","05","17","2","","0","1","1","0","0"
"POINT (13.410376272000065 52.503744274000042)","Unfall 238509 (2023) Kat:3, Licht: 0","238509","3","3","5","05","16","2","","0","0","1","0","1"
"POINT (13.477873574000057 52.514602332000038)","Unfall 238510 (2023) Kat:3, Licht: 0","238510","3","2","5","05","11","2","","0","1","1","0","0"
"POINT (13.507049473000052 52.564064534000067)","Unfall 238511 (2023) Kat:3, Licht: 0","238511","3","2","5","05","09","2","","0","1","1","0","0"
"POINT (13.262877142000036 52.439011367000035)","Unfall 238512 (2023) Kat:3, Licht: 0","238512","3","6","2","05","09","2","","0","0","1","0","0"
"POINT (13.577170510000030 52.455877975000078)","Unfall 238513 (2023) Kat:3, Licht: 0","238513","3","7","0","05","20","2","","0","1","0","0","0"
"POINT (13.557161433000033 52.507466922000049)","Unfall 238514 (2023) Kat:3, Licht: 0","238514","3","3","0","05","18","2","","0","1","1","0","0"
"POINT (13.262556589000042 52.507648307000068)","Unfall 238515 (2023) Kat:3, Licht: 0","238515","3","3","5","05","16","2","","0","0","1","0","0"
"POINT (13.404617894000069 52.572276981000073)","Unfall 238516 (2023) Kat:3, Licht: 0","238516","3","5","1","05","15","2","","0","1","1","0","0"
"POINT (13.412489466000068 52.543137933000082)","Unfall 238517 (2023) Kat:3, Licht: 0","238517","3","1","0","05","12","2","","0","1","0","0","0"
"POINT (13.524846322000030 52.495153585000082)","Unfall 238518 (2023) Kat:3, Licht: 0","238518","3","7","8","05","09","2","","0","0","1","0","0"
"POINT (13.451789286000064 52.424171608000051)","Unfall 238519 (2023) Kat:3, Licht: 0","238519","3","6","2","05","09","2","","0","0","1","0","0"
"POINT (13.385230295000042 52.502292883000052)","Unfall 238520 (2023) Kat:3, Licht: 0","238520","3","2","5","05","08","2","","0","1","0","0","0"
"POINT (13.142767843000058 52.454973682000059)","Unfall 238521 (2023) Kat:3, Licht: 0","238521","3","6","6","05","07","2","","0","1","0","1","0"
"POINT (13.433014729000035 52.485032644000057)","Unfall 238522 (2023) Kat:2, Licht: 0","238522","2","6","3","05","19","2","","0","1","1","0","0"
"POINT (13.211492441000075 52.606976374000055)","Unfall 238523 (2023) Kat:3, Licht: 0","238523","3","7","5","05","19","2","","0","1","1","0","0"
"POINT (13.423914405000062 52.523587953000060)","Unfall 238524 (2023) Kat:3, Licht: 0","238524","3","2","2","05","18","2","","0","0","1","0","1"
"POINT (13.410474485000066 52.503815514000053)","Unfall 238525 (2023) Kat:3, Licht: 0","238525","3","2","0","05","09","2","","0","1","0","0","0"
"POINT (13.262811839000051 52.540830545000063)","Unfall 238526 (2023) Kat:3, Licht: 0","238526","3","2","5","05","10","2","","0","0","1","0","0"
"POINT (13.293254021000052 52.438683337000043)","Unfall 238527 (2023) Kat:3, Licht: 0","238527","3","7","2","05","15","2","","0","1","0","0","0"
"POINT (13.434741403000032 52.542881845000068)","Unfall 238528 (2023) Kat:2, Licht: 0","238528","2","4","6","05","15","2","","0","1","1","1","0"
"POINT (13.378235176000032 52.502829850000069)","Unfall 238529 (2023) Kat:3, Licht: 0","238529","3","3","5","05","08","2","","0","1","0","0","0"
"POINT (13.355344678000051 52.526845879000064)","Unfall 238530 (2023) Kat:3, Licht: 0","238530","3","5","1","05","19","2","","0","0","1","0","0"
"POINT (13.309849537000048 52.493913512000063)","Unfall 238531 (2023) Kat:3, Licht: 0","238531","3","5","1","05","16","2","","0","1","1","0","0"
"POINT (13.134726588000035 52.460982391000073)","Unfall 238532 (2023) Kat:3, Licht: 0","238532","3","1","0","05","15","2","","0","1","0","0","0"
"POINT (13.309131217000072 52.621811352000066)","Unfall 238533 (2023) Kat:2, Licht: 0","238533","2","3","5","05","15","2","","0","1","1","0","0"
"POINT (13.553298897000047 52.469609240000068)","Unfall 238534 (2023) Kat:3, Licht: 0","238534","3","3","5","05","10","6","","0","0","1","0","0"
"POINT (13.251397341000029 52.415557415000080)","Unfall 238535 (2023) Kat:2, Licht: 0","238535","2","3","5","05","10","2","","0","1","0","0","0"
"POINT (13.452781300000026 52.436360021000041)","Unfall 238536 (2023) Kat:3, Licht: 0","238536","3","7","2","05","10","2","","0","0","1","0","0"
"POINT (13.328302295000071 52.565446992000034)","Unfall 238537 (2023) Kat:3, Licht: 0","238537","3","3","5","05","09","2","","0","1","1","0","0"
"POINT (13.331012040000076 52.492849424000042)","Unfall 238538 (2023) Kat:3, Licht: 0","238538","3","2","5","05","07","2","","0","1","1","0","0"
"POINT (13.432696515000032 52.596085548000076)","Unfall 238539 (2023) Kat:3, Licht: 0","238539","3","6","3","05","05","2","","0","1","0","0","0"
"POINT (13.380168655000034 52.443683323000073)","Unfall 238540 (2023) Kat:3, Licht: 0","238540","3","6","3","05","11","2","","0","1","1","0","0"
"POINT (13.461262012000077 52.431000951000044)","Unfall 238541 (2023) Kat:3, Licht: 0","238541","3","6","2","05","16","2","","0","1","0","0","0"
"POINT (13.307937760000073 52.488537096000073)","Unfall 238542 (2023) Kat:3, Licht: 0","238542","3","2","5","05","13","2","","0","0","1","0","0"
"POINT (13.476658208000060 52.533152643000051)","Unfall 238543 (2023) Kat:2, Licht: 0","238543","2","6","2","05","10","1","","0","0","1","0","1"
"POINT (13.333241337000061 52.560417808000068)","Unfall 238544 (2023) Kat:3, Licht: 0","238544","3","3","5","05","19","1","","0","0","1","0","0"
"POINT (13.504034341000022 52.444428220000077)","Unfall 238545 (2023) Kat:2, Licht: 0","238545","2","4","6","05","18","1","","0","0","1","1","0"
"POINT (13.583771309000042 52.396427485000061)","Unfall 238546 (2023) Kat:3, Licht: 0","238546","3","3","5","05","17","1","","0","1","1","0","0"
"POINT (13.426092004000054 52.543105318000073)","Unfall 238547 (2023) Kat:3, Licht: 0","238547","3","1","0","05","08","4","","0","1","0","0","0"
"POINT (13.499856322000028 52.534374919000072)","Unfall 238548 (2023) Kat:2, Licht: 0","238548","2","3","5","05","14","1","","0","0","1","0","0"
"POINT (13.232252116000041 52.437717019000047)","Unfall 238549 (2023) Kat:3, Licht: 0","238549","3","2","5","05","12","1","","0","1","1","0","0"
"POINT (13.304995398000074 52.495382663000044)","Unfall 238550 (2023) Kat:3, Licht: 2","238550","3","7","1","05","23","1","","2","0","1","0","0"
"POINT (13.416910211000072 52.504338355000073)","Unfall 238551 (2023) Kat:3, Licht: 2","238551","3","3","5","05","22","1","","2","0","1","0","0"
"POINT (13.577245287000039 52.455766138000058)","Unfall 238552 (2023) Kat:3, Licht: 0","238552","3","6","2","05","19","1","","0","0","1","0","0"
"POINT (13.376845641000045 52.510733821000031)","Unfall 238553 (2023) Kat:3, Licht: 0","238553","3","2","5","05","18","1","","0","1","1","0","0"
"POINT (13.366172673000051 52.607918752000046)","Unfall 238554 (2023) Kat:3, Licht: 0","238554","3","7","6","05","18","1","","0","0","0","1","0"
"POINT (13.123081984000066 52.535123527000053)","Unfall 238555 (2023) Kat:3, Licht: 0","238555","3","1","0","05","17","1","","0","0","0","0","1"
"POINT (13.572497355000053 52.558475541000064)","Unfall 238556 (2023) Kat:3, Licht: 0","238556","3","6","2","05","15","1","","0","0","1","0","0"
"POINT (13.509788363000041 52.572207964000029)","Unfall 238557 (2023) Kat:2, Licht: 0","238557","2","4","6","05","19","1","","0","0","1","1","0"
"POINT (13.217256076000069 52.611232403000031)","Unfall 238558 (2023) Kat:3, Licht: 0","238558","3","3","5","05","16","1","","0","0","1","0","0"
"POINT (13.389044600000034 52.515679138000053)","Unfall 238559 (2023) Kat:3, Licht: 2","238559","3","3","5","05","03","1","","2","0","1","0","0"
"POINT (13.356758282000044 52.600718161000032)","Unfall 238560 (2023) Kat:3, Licht: 2","238560","3","1","1","05","02","1","","2","0","1","0","0"
"POINT (13.318333106000068 52.496793678000074)","Unfall 238561 (2023) Kat:3, Licht: 0","238561","3","7","5","05","13","1","","0","0","1","0","1"
"POINT (13.546751669000059 52.431627155000058)","Unfall 238562 (2023) Kat:3, Licht: 0","238562","3","2","0","05","13","1","","0","1","1","0","0"
"POINT (13.287055271000042 52.548330044000068)","Unfall 238563 (2023) Kat:3, Licht: 0","238563","3","1","8","05","12","1","","0","0","1","0","0"
"POINT (13.378072295000038 52.467097734000049)","Unfall 238564 (2023) Kat:3, Licht: 0","238564","3","3","5","05","12","1","","0","0","1","0","1"
"POINT (13.477934264000055 52.530911180000032)","Unfall 238565 (2023) Kat:3, Licht: 0","238565","3","3","5","05","11","1","","0","0","1","0","0"
"POINT (13.381339164000053 52.599070805000053)","Unfall 238566 (2023) Kat:3, Licht: 0","238566","3","7","0","05","14","7","","0","1","0","0","0"
"POINT (13.397329793000040 52.452959226000075)","Unfall 238567 (2023) Kat:3, Licht: 0","238567","3","6","4","05","19","7","","0","0","1","0","0"
"POINT (13.329813779000062 52.532899149000059)","Unfall 238568 (2023) Kat:3, Licht: 0","238568","3","3","5","05","17","7","","0","1","1","0","0"
"POINT (13.316808732000027 52.501351320000026)","Unfall 238569 (2023) Kat:3, Licht: 0","238569","3","3","2","05","16","7","","0","0","1","0","0"
"POINT (13.344858534000025 52.488980980000065)","Unfall 238570 (2023) Kat:3, Licht: 0","238570","3","3","5","05","15","7","","0","0","1","0","1"
"POINT (13.358839864000061 52.420522596000069)","Unfall 238571 (2023) Kat:3, Licht: 0","238571","3","2","5","05","12","7","","0","0","1","0","0"
"POINT (13.431980103000058 52.532473136000078)","Unfall 238572 (2023) Kat:2, Licht: 0","238572","2","7","6","05","08","7","","0","1","0","1","0"
"POINT (13.332308196000042 52.506307765000031)","Unfall 238573 (2023) Kat:3, Licht: 2","238573","3","6","2","05","23","7","","2","0","1","0","0"
"POINT (13.334202458000050 52.417436975000044)","Unfall 238574 (2023) Kat:3, Licht: 0","238574","3","3","0","05","16","7","","0","0","1","0","1"
"POINT (13.344329649000031 52.504214182000055)","Unfall 238575 (2023) Kat:3, Licht: 0","238575","3","3","0","05","18","7","","0","0","0","0","1"
"POINT (13.331662297000037 52.610143047000065)","Unfall 238576 (2023) Kat:3, Licht: 0","238576","3","3","5","05","17","7","","0","0","1","0","0"
"POINT (13.307080522000035 52.466157406000036)","Unfall 238577 (2023) Kat:2, Licht: 0","238577","2","1","0","05","16","7","","0","0","0","0","1"
"POINT (13.344551975000059 52.437829113000078)","Unfall 238578 (2023) Kat:3, Licht: 0","238578","3","2","2","05","19","7","","0","0","1","0","0"
"POINT (13.396695292000061 52.511091426000064)","Unfall 238579 (2023) Kat:3, Licht: 0","238579","3","3","5","05","15","7","","0","1","1","0","0"
"POINT (13.421304050000060 52.412024457000030)","Unfall 238580 (2023) Kat:3, Licht: 0","238580","3","6","4","05","13","7","","0","0","1","0","0"
"POINT (13.297754691000023 52.525343841000051)","Unfall 238581 (2023) Kat:2, Licht: 1","238581","2","3","5","05","20","7","","1","0","1","0","1"
"POINT (13.417089163000071 52.490786561000050)","Unfall 238582 (2023) Kat:3, Licht: 0","238582","3","6","0","05","19","7","","0","0","1","0","1"
"POINT (13.389904460000025 52.510305334000066)","Unfall 238583 (2023) Kat:3, Licht: 0","238583","3","1","0","05","16","7","","0","0","0","0","1"
"POINT (13.371835741000041 52.523546435000071)","Unfall 238584 (2023) Kat:3, Licht: 0","238584","3","7","6","05","18","7","","0","1","0","1","0"
"POINT (13.241803749000042 52.444453000000067)","Unfall 238585 (2023) Kat:3, Licht: 0","238585","3","2","5","05","15","7","","0","1","1","0","0"
"POINT (13.376320692000036 52.425568177000059)","Unfall 238586 (2023) Kat:2, Licht: 0","238586","2","2","2","05","11","7","","0","0","1","0","0"
"POINT (13.331159048000075 52.512128168000061)","Unfall 238587 (2023) Kat:3, Licht: 0","238587","3","6","2","05","10","7","","0","0","1","0","0"
"POINT (13.435300609000024 52.521812879000038)","Unfall 238588 (2023) Kat:3, Licht: 0","238588","3","6","2","05","18","7","","0","0","1","0","0"
"POINT (13.473260731000039 52.503133747000049)","Unfall 238589 (2023) Kat:3, Licht: 0","238589","3","6","2","05","17","7","","0","0","1","0","1"
"POINT (13.500149293000050 52.534233821000043)","Unfall 238590 (2023) Kat:3, Licht: 0","238590","3","6","3","05","16","7","","0","0","1","0","1"
"POINT (13.440211685000065 52.481748715000037)","Unfall 238591 (2023) Kat:3, Licht: 0","238591","3","3","5","05","16","7","","0","0","1","0","1"
"POINT (13.285405015000038 52.479584715000044)","Unfall 238592 (2023) Kat:3, Licht: 0","238592","3","2","6","05","10","7","","0","1","0","1","0"
"POINT (13.328362014000049 52.425778419000039)","Unfall 238593 (2023) Kat:2, Licht: 0","238593","2","5","1","05","13","7","","0","1","1","0","0"
"POINT (13.353900794000026 52.549451744000066)","Unfall 238594 (2023) Kat:2, Licht: 0","238594","2","1","8","05","06","7","","0","0","0","0","0"
"POINT (13.330789116000062 52.488312240000027)","Unfall 238595 (2023) Kat:3, Licht: 2","238595","3","6","2","05","22","7","","2","0","1","0","0"
"POINT (13.516887740000072 52.535759681000059)","Unfall 238596 (2023) Kat:3, Licht: 2","238596","3","6","2","05","22","6","","2","0","1","0","0"
"POINT (13.227977084000031 52.625120344000038)","Unfall 238597 (2023) Kat:3, Licht: 0","238597","3","4","6","05","17","6","","0","0","1","1","0"
"POINT (13.485126980000075 52.515876486000082)","Unfall 238598 (2023) Kat:3, Licht: 1","238598","3","2","5","05","21","6","","1","0","1","0","1"
"POINT (13.395204384000067 52.496223753000038)","Unfall 238599 (2023) Kat:3, Licht: 0","238599","3","2","5","05","20","6","","0","0","1","0","0"
"POINT (13.302982494000048 52.426706806000027)","Unfall 238600 (2023) Kat:3, Licht: 0","238600","3","7","6","05","14","6","","0","0","0","1","0"
"POINT (13.443910078000044 52.572343967000052)","Unfall 238601 (2023) Kat:3, Licht: 0","238601","3","3","5","05","11","6","","0","0","1","0","0"
"POINT (13.652297943000065 52.375254786000028)","Unfall 238602 (2023) Kat:3, Licht: 0","238602","3","2","5","05","08","6","","0","0","1","0","0"
"POINT (13.329422942000065 52.451245201000063)","Unfall 238603 (2023) Kat:3, Licht: 0","238603","3","7","6","05","18","3","","0","0","1","1","0"
"POINT (13.298313882000059 52.421863611000049)","Unfall 238604 (2023) Kat:2, Licht: 0","238604","2","4","6","05","17","6","","0","0","1","1","0"
"POINT (13.281542084000023 52.497932200000037)","Unfall 238605 (2023) Kat:3, Licht: 0","238605","3","1","0","05","13","6","","0","1","0","0","0"
"POINT (13.427459225000064 52.474294336000071)","Unfall 238606 (2023) Kat:3, Licht: 0","238606","3","3","5","05","06","6","","0","0","1","0","0"
"POINT (13.344819006000023 52.510327472000029)","Unfall 238607 (2023) Kat:3, Licht: 0","238607","3","4","6","05","18","6","","0","1","0","1","0"
"POINT (13.432015310000054 52.593734995000034)","Unfall 238608 (2023) Kat:3, Licht: 0","238608","3","7","8","05","16","6","","0","0","1","0","0"
"POINT (13.469047106000062 52.531533329000069)","Unfall 238609 (2023) Kat:3, Licht: 0","238609","3","2","5","05","14","6","","0","1","1","0","0"
"POINT (13.312081173000024 52.567954597000039)","Unfall 238610 (2023) Kat:3, Licht: 0","238610","3","2","5","05","18","6","","0","1","0","0","0"
"POINT (13.407756931000051 52.517938148000042)","Unfall 238611 (2023) Kat:2, Licht: 0","238611","2","6","3","05","17","6","","0","1","1","0","0"
"POINT (13.575446593000038 52.489153571000031)","Unfall 238612 (2023) Kat:2, Licht: 0","238612","2","3","5","05","17","6","","0","0","1","0","1"
"POINT (13.313428082000030 52.568258864000029)","Unfall 238613 (2023) Kat:3, Licht: 0","238613","3","7","1","05","16","6","","0","0","1","0","0"
"POINT (13.344150541000033 52.445878422000078)","Unfall 238614 (2023) Kat:3, Licht: 0","238614","3","3","5","05","08","6","","0","1","1","0","0"
"POINT (13.448335033000035 52.425864894000028)","Unfall 238615 (2023) Kat:3, Licht: 2","238615","3","1","1","05","23","6","","2","0","1","0","0"
"POINT (13.419969635000029 52.538198820000048)","Unfall 238616 (2023) Kat:3, Licht: 0","238616","3","3","5","05","18","6","","0","1","1","0","0"
"POINT (13.302777539000033 52.577995069000053)","Unfall 238617 (2023) Kat:3, Licht: 0","238617","3","1","1","05","17","6","","0","1","1","0","0"
"POINT (13.544329433000030 52.424522287000059)","Unfall 238618 (2023) Kat:3, Licht: 0","238618","3","2","5","05","14","6","","0","1","1","0","0"
"POINT (13.337334535000025 52.473361287000046)","Unfall 238619 (2023) Kat:3, Licht: 0","238619","3","5","1","05","11","6","","0","1","1","0","0"