WKT,Name,OBJECTID,UKATEGORIE,UTYP1,UART,UMONAT,USTUNDE,UWOCHENTAG,STRZUSTAND,ULICHTVERH,ISTRAD,ISTPKW,ISTFUSS,ISTKRAD
"POINT (13.465961477000064 52.495795206000082)","Unfall 238620 (2023) Kat:3, Licht: 0","238620","3","4","6","05","11","6","","0","1","0","1","0"
"POINT (13.572780292000061 52.513185419000081)","Unfall 238621 (2023) Kat:3, Licht: 0","238621","3","5","1","05","10","6","","0","1","1","0","0"
"POINT (13.346175075000076 52.501046922000057)","Unfall 238622 (2023) Kat:2, Licht: 0","238622","2","2","5","05","16","5","","0","0","1","0","0"
"POINT (13.377756640000030 52.563540301000046)","Unfall 238623 (2023) Kat:3, Licht: 0","238623","3","3","5","05","15","5","","0","0","1","0","0"
"POINT (13.302973218000034 52.518657872000063)","Unfall 238624 (2023) Kat:3, Licht: 0","238624","3","2","5","05","12","5","","0","1","1","0","0"
"POINT (13.436634901000048 52.520963837000068)","Unfall 238625 (2023) Kat:3, Licht: 2","238625","3","6","2","05","22","5","","2","0","1","0","1"
"POINT (13.326399044000027 52.494799819000036)","Unfall 238626 (2023) Kat:3, Licht: 0","238626","3","6","2","05","10","2","","0","0","1","0","0"
"POINT (13.384375176000049 52.556195297000045)","Unfall 238627 (2023) Kat:3, Licht: 0","238627","3","6","2","05","19","5","","0","1","1","0","0"
"POINT (13.275343722000059 52.460918634000052)","Unfall 238628 (2023) Kat:2, Licht: 0","238628","2","3","5","05","12","5","","0","1","1","0","0"
"POINT (13.242648592000023 52.433730496000067)","Unfall 238629 (2023) Kat:3, Licht: 0","238629","3","3","5","05","09","5","","0","0","1","0","1"
"POINT (13.401441675000058 52.396933102000048)","Unfall 238630 (2023) Kat:3, Licht: 0","238630","3","7","5","05","08","5","","0","0","1","0","1"
"POINT (13.368175743000052 52.445695148000027)","Unfall 238631 (2023) Kat:2, Licht: 2","238631","2","5","1","05","02","5","","2","1","1","0","0"
"POINT (13.329424141000061 52.607421170000066)","Unfall 238632 (2023) Kat:3, Licht: 1","238632","3","3","5","05","18","5","","1","1","1","0","0"
"POINT (13.446206308000058 52.498812345000033)","Unfall 238633 (2023) Kat:3, Licht: 1","238633","3","1","0","05","19","5","","1","1","0","0","0"
"POINT (13.198688334000053 52.542977703000076)","Unfall 238634 (2023) Kat:2, Licht: 0","238634","2","1","0","05","18","5","","0","1","0","0","0"
"POINT (13.334518592000052 52.468235907000064)","Unfall 238635 (2023) Kat:3, Licht: 0","238635","3","2","5","05","18","5","","0","1","1","0","0"
"POINT (13.336771525000074 52.525052732000063)","Unfall 238636 (2023) Kat:3, Licht: 0","238636","3","1","0","05","17","5","","0","0","1","0","1"
"POINT (13.473828056000059 52.555438818000027)","Unfall 238637 (2023) Kat:3, Licht: 0","238637","3","2","5","05","06","4","","0","1","1","0","0"
"POINT (13.441553731000056 52.532043328000043)","Unfall 238638 (2023) Kat:3, Licht: 0","238638","3","6","3","05","08","4","","0","1","0","0","0"
"POINT (13.335784205000039 52.513705487000038)","Unfall 238639 (2023) Kat:3, Licht: 0","238639","3","2","0","05","15","4","","0","1","1","0","0"
"POINT (13.526812962000065 52.525491899000031)","Unfall 238640 (2023) Kat:3, Licht: 0","238640","3","6","2","05","13","4","","0","0","1","0","0"
"POINT (13.220274826000036 52.431694253000046)","Unfall 238641 (2023) Kat:3, Licht: 0","238641","3","2","5","05","11","4","","0","1","1","0","0"
"POINT (13.476776341000061 52.533160182000074)","Unfall 238642 (2023) Kat:3, Licht: 0","238642","3","6","2","05","09","4","","0","0","1","0","0"
"POINT (13.381935417000022 52.531468141000062)","Unfall 238643 (2023) Kat:3, Licht: 0","238643","3","6","3","05","08","4","","0","1","1","0","0"
"POINT (13.516520647000050 52.505694120000044)","Unfall 238644 (2023) Kat:3, Licht: 0","238644","3","2","5","05","15","4","","0","0","1","0","0"
"POINT (13.432783714000038 52.517490267000028)","Unfall 238645 (2023) Kat:3, Licht: 0","238645","3","4","6","05","08","4","","0","0","0","1","0"
"POINT (13.454173045000061 52.489099564000071)","Unfall 238646 (2023) Kat:3, Licht: 0","238646","3","7","2","05","05","4","","0","0","1","0","1"
"POINT (13.433540274000052 52.484843683000065)","Unfall 238647 (2023) Kat:3, Licht: 2","238647","3","6","3","05","21","4","","2","0","1","0","0"
"POINT (13.435038367000061 52.462082337000027)","Unfall 238648 (2023) Kat:3, Licht: 0","238648","3","5","1","05","19","4","","0","0","1","0","0"
"POINT (13.446682486000043 52.502796072000081)","Unfall 238649 (2023) Kat:3, Licht: 0","238649","3","7","5","05","16","4","","0","0","1","0","1"
"POINT (13.478781023000067 52.533145290000050)","Unfall 238650 (2023) Kat:3, Licht: 0","238650","3","6","2","05","13","4","","0","0","1","0","0"
"POINT (13.440076490000024 52.567339148000030)","Unfall 238651 (2023) Kat:2, Licht: 0","238651","2","1","0","05","12","4","","0","1","0","0","0"
"POINT (13.405494940000040 52.406986942000060)","Unfall 238652 (2023) Kat:3, Licht: 0","238652","3","3","5","05","07","4","","0","0","1","0","0"
"POINT (13.351421983000023 52.548881385000072)","Unfall 238653 (2023) Kat:3, Licht: 0","238653","3","6","2","05","19","4","","0","0","1","0","0"
"POINT (13.414070766000066 52.566243652000026)","Unfall 238654 (2023) Kat:3, Licht: 0","238654","3","6","0","05","18","4","","0","1","0","0","0"
"POINT (13.203450741000040 52.521096457000056)","Unfall 238655 (2023) Kat:3, Licht: 0","238655","3","3","5","05","18","4","","0","0","1","0","1"
"POINT (13.434710911000025 52.450935710000067)","Unfall 238656 (2023) Kat:3, Licht: 0","238656","3","2","5","05","06","3","","0","0","0","0","1"
"POINT (13.348275146000049 52.494509394000033)","Unfall 238657 (2023) Kat:3, Licht: 0","238657","3","4","6","05","18","4","","0","0","1","1","0"
"POINT (13.321434623000073 52.483987298000045)","Unfall 238658 (2023) Kat:3, Licht: 0","238658","3","7","1","05","14","4","","0","0","1","0","0"
"POINT (13.495984246000035 52.626212280000061)","Unfall 238659 (2023) Kat:3, Licht: 0","238659","3","7","0","05","09","4","","0","0","1","0","0"
"POINT (13.523612978000074 52.565670465000039)","Unfall 238660 (2023) Kat:3, Licht: 0","238660","3","2","2","05","11","4","","0","0","1","0","0"
"POINT (13.511841342000025 52.546848088000047)","Unfall 238661 (2023) Kat:3, Licht: 0","238661","3","1","0","05","11","4","","0","1","0","0","0"
"POINT (13.373971928000060 52.503620047000027)","Unfall 238662 (2023) Kat:3, Licht: 0","238662","3","6","2","05","18","1","","0","0","1","0","1"
"POINT (13.529622690000053 52.480910865000055)","Unfall 238663 (2023) Kat:3, Licht: 0","238663","3","3","5","05","07","4","","0","1","1","0","0"
"POINT (13.485190891000059 52.501416008000035)","Unfall 238664 (2023) Kat:2, Licht: 0","238664","2","4","6","05","16","4","","0","1","0","1","0"
"POINT (13.430864722000024 52.467841249000060)","Unfall 238665 (2023) Kat:3, Licht: 1","238665","3","2","0","05","20","4","","1","1","0","0","0"
"POINT (13.186207838000030 52.517640605000054)","Unfall 238666 (2023) Kat:3, Licht: 0","238666","3","2","5","05","18","4","","0","0","1","0","0"
"POINT (13.335179440000047 52.609228197000050)","Unfall 238667 (2023) Kat:3, Licht: 0","238667","3","4","6","05","14","4","","0","0","0","1","0"
"POINT (13.465464006000047 52.523412641000050)","Unfall 238668 (2023) Kat:3, Licht: 0","238668","3","3","5","05","11","4","","0","0","1","0","0"
"POINT (13.344042492000028 52.438526731000081)","Unfall 238669 (2023) Kat:3, Licht: 0","238669","3","4","6","05","07","4","","0","1","0","1","0"
"POINT (13.392791710000040 52.492110088000061)","Unfall 238670 (2023) Kat:3, Licht: 0","238670","3","7","6","05","18","1","","0","0","0","1","0"
"POINT (13.664477748000024 52.410857589000045)","Unfall 238671 (2023) Kat:3, Licht: 0","238671","3","2","6","05","08","4","","0","0","0","1","0"
"POINT (13.415909024000030 52.459560274000069)","Unfall 238672 (2023) Kat:2, Licht: 0","238672","2","2","5","05","06","4","","0","1","0","0","0"
"POINT (13.327171550000060 52.453336283000056)","Unfall 238673 (2023) Kat:3, Licht: 0","238673","3","5","1","05","14","4","","0","1","1","0","0"
"POINT (13.326607680000052 52.457953337000049)","Unfall 238674 (2023) Kat:3, Licht: 0","238674","3","6","0","05","15","4","","0","0","1","0","1"
"POINT (13.440397049000069 52.472274465000055)","Unfall 238675 (2023) Kat:3, Licht: 0","238675","3","6","4","05","09","4","","0","1","1","0","0"
"POINT (13.313878445000057 52.425661608000041)","Unfall 238676 (2023) Kat:2, Licht: 0","238676","2","5","1","05","07","4","","0","0","1","0","0"
"POINT (13.514225501000055 52.469068760000027)","Unfall 238677 (2023) Kat:3, Licht: 0","238677","3","6","3","05","07","4","","0","0","1","0","1"
"POINT (13.309756767000067 52.431241906000082)","Unfall 238678 (2023) Kat:3, Licht: 0","238678","3","4","6","05","14","3","","0","0","0","1","0"
"POINT (13.395011129000068 52.496379487000070)","Unfall 238679 (2023) Kat:3, Licht: 0","238679","3","7","6","05","16","3","","0","1","0","1","0"
"POINT (13.268601451000052 52.508925434000048)","Unfall 238680 (2023) Kat:2, Licht: 0","238680","2","3","5","05","19","3","","0","1","1","0","0"
"POINT (13.399028105000070 52.554158511000026)","Unfall 238681 (2023) Kat:3, Licht: 2","238681","3","1","0","05","21","3","","2","1","0","0","0"
"POINT (13.427840639000067 52.552256779000061)","Unfall 238682 (2023) Kat:3, Licht: 1","238682","3","1","3","05","21","3","","1","1","1","0","0"
"POINT (13.427884321000022 52.491562398000042)","Unfall 238683 (2023) Kat:2, Licht: 0","238683","2","3","5","05","20","3","","0","1","0","0","0"
"POINT (13.538476352000032 52.434556091000047)","Unfall 238684 (2023) Kat:2, Licht: 0","238684","2","2","4","05","15","3","","0","1","0","0","0"
"POINT (13.195716955000023 52.514620502000071)","Unfall 238685 (2023) Kat:3, Licht: 0","238685","3","3","5","05","14","3","","0","1","1","0","0"
"POINT (13.289404636000029 52.494876139000041)","Unfall 238686 (2023) Kat:3, Licht: 0","238686","3","3","5","05","08","3","","0","0","1","0","1"
"POINT (13.399142201000075 52.539143166000031)","Unfall 238687 (2023) Kat:3, Licht: 0","238687","3","3","5","05","09","3","","0","1","1","0","0"
"POINT (13.268844330000036 52.511387970000044)","Unfall 238688 (2023) Kat:3, Licht: 0","238688","3","2","5","05","08","3","","0","1","1","0","0"
"POINT (13.404365230000053 52.533195329000080)","Unfall 238689 (2023) Kat:3, Licht: 0","238689","3","5","0","05","18","3","","0","1","0","0","0"
"POINT (13.297350058000063 52.577724915000033)","Unfall 238690 (2023) Kat:3, Licht: 0","238690","3","2","5","05","18","3","","0","0","1","0","1"
"POINT (13.478702845000043 52.477567211000064)","Unfall 238691 (2023) Kat:3, Licht: 0","238691","3","2","5","05","15","3","","0","0","1","0","0"
"POINT (13.491130260000034 52.526550102000044)","Unfall 238692 (2023) Kat:2, Licht: 0","238692","2","4","6","05","13","3","","0","0","1","1","0"
"POINT (13.235069002000046 52.608514367000055)","Unfall 238693 (2023) Kat:3, Licht: 0","238693","3","3","5","05","12","3","","0","0","1","0","0"
"POINT (13.228910204000044 52.421856134000052)","Unfall 238694 (2023) Kat:3, Licht: 0","238694","3","3","5","05","07","3","","0","1","0","0","1"
"POINT (13.360197597000024 52.537259167000059)","Unfall 238695 (2023) Kat:3, Licht: 0","238695","3","2","5","05","17","3","","0","1","1","0","0"
"POINT (13.340095025000039 52.588087372000075)","Unfall 238696 (2023) Kat:3, Licht: 0","238696","3","6","2","05","15","3","","0","1","1","0","0"
"POINT (13.478979779000042 52.481794871000034)","Unfall 238697 (2023) Kat:3, Licht: 0","238697","3","5","1","05","08","3","","0","0","1","0","0"
"POINT (13.400135399000021 52.539424801000052)","Unfall 238698 (2023) Kat:3, Licht: 0","238698","3","2","5","05","19","3","","0","1","1","0","0"
"POINT (13.494184387000075 52.566145891000076)","Unfall 238699 (2023) Kat:3, Licht: 0","238699","3","3","5","05","18","3","","0","1","1","0","0"
"POINT (13.288382251000030 52.496384507000073)","Unfall 238700 (2023) Kat:3, Licht: 0","238700","3","6","2","05","17","3","","0","0","1","0","1"
"POINT (13.376425036000057 52.410667414000045)","Unfall 238701 (2023) Kat:2, Licht: 0","238701","2","6","2","05","15","3","","0","1","0","0","0"
"POINT (13.314078848000065 52.507429643000080)","Unfall 238702 (2023) Kat:3, Licht: 0","238702","3","6","2","05","10","3","","0","0","1","0","0"
"POINT (13.435062277000043 52.460914113000058)","Unfall 238703 (2023) Kat:3, Licht: 2","238703","3","2","5","05","00","3","","2","0","1","0","0"
"POINT (13.482631300000037 52.434986444000060)","Unfall 238704 (2023) Kat:3, Licht: 0","238704","3","5","0","05","09","2","","0","0","0","0","1"
"POINT (13.285466893000034 52.467153343000064)","Unfall 238705 (2023) Kat:2, Licht: 0","238705","2","3","0","05","15","2","","0","0","1","0","0"
"POINT (13.533646049000026 52.525639791000060)","Unfall 238706 (2023) Kat:3, Licht: 2","238706","3","7","5","05","20","2","","2","0","1","0","0"
"POINT (13.416035892000025 52.394581145000075)","Unfall 238707 (2023) Kat:3, Licht: 0","238707","3","2","0","05","18","2","","0","0","1","0","0"
"POINT (13.418426754000052 52.559749198000077)","Unfall 238708 (2023) Kat:3, Licht: 2","238708","3","3","5","05","22","2","","2","0","1","0","1"
"POINT (13.337756107000075 52.462040994000063)","Unfall 238709 (2023) Kat:3, Licht: 0","238709","3","1","0","05","17","2","","0","1","0","0","0"
"POINT (13.303721082000038 52.518238587000042)","Unfall 238710 (2023) Kat:3, Licht: 0","238710","3","6","4","05","19","2","","0","1","0","0","0"
"POINT (13.333348240000078 52.468669707000060)","Unfall 238711 (2023) Kat:2, Licht: 0","238711","2","6","3","05","18","2","","0","0","1","0","1"
"POINT (13.330573974000060 52.500392557000055)","Unfall 238712 (2023) Kat:3, Licht: 0","238712","3","6","2","05","12","2","","0","0","1","0","0"
"POINT (13.351338491000035 52.439975829000048)","Unfall 238713 (2023) Kat:3, Licht: 0","238713","3","6","3","05","10","2","","0","0","1","0","1"
"POINT (13.328316154000049 52.508001192000052)","Unfall 238714 (2023) Kat:3, Licht: 0","238714","3","2","5","05","10","2","","0","1","1","0","0"
"POINT (13.372185007000041 52.538766368000040)","Unfall 238715 (2023) Kat:3, Licht: 0","238715","3","2","5","05","08","2","","0","1","1","0","0"
"POINT (13.287498670000048 52.516046716000062)","Unfall 238716 (2023) Kat:3, Licht: 0","238716","3","2","5","05","08","2","","0","1","1","0","0"
"POINT (13.326660152000045 52.447305957000026)","Unfall 238717 (2023) Kat:2, Licht: 2","238717","2","5","5","05","22","2","","2","1","0","0","0"
"POINT (13.350319046000038 52.475265360000037)","Unfall 238718 (2023) Kat:3, Licht: 2","238718","3","7","0","05","22","2","","2","0","0","0","1"
"POINT (13.319393764000040 52.471647943000050)","Unfall 238719 (2023) Kat:3, Licht: 0","238719","3","4","6","05","18","2","","0","1","0","1","0"
"POINT (13.520128922000026 52.526027186000078)","Unfall 238720 (2023) Kat:3, Licht: 0","238720","3","7","6","05","16","2","","0","1","0","1","0"
"POINT (13.327430289000063 52.520480219000035)","Unfall 238721 (2023) Kat:3, Licht: 0","238721","3","2","5","05","18","2","","0","1","1","0","0"
"POINT (13.154471838000063 52.533104951000041)","Unfall 238722 (2023) Kat:3, Licht: 0","238722","3","3","0","05","17","2","","0","0","1","0","1"
"POINT (13.309909687000072 52.466633970000032)","Unfall 238723 (2023) Kat:2, Licht: 0","238723","2","3","0","05","13","2","","0","0","1","0","1"
"POINT (13.379924316000029 52.540245468000080)","Unfall 238724 (2023) Kat:3, Licht: 0","238724","3","1","0","05","13","2","","0","1","0","0","0"
"POINT (13.435621806000029 52.466869516000031)","Unfall 238725 (2023) Kat:3, Licht: 0","238725","3","2","5","05","12","2","","0","1","1","0","0"
"POINT (13.313250752000044 52.500573187000043)","Unfall 238726 (2023) Kat:3, Licht: 0","238726","3","2","5","05","10","2","","0","1","1","0","0"
"POINT (13.479610571000023 52.523058761000073)","Unfall 238727 (2023) Kat:3, Licht: 0","238727","3","2","3","05","10","2","","0","1","1","0","0"
"POINT (13.275013277000028 52.489060533000043)","Unfall 238728 (2023) Kat:3, Licht: 0","238728","3","1","0","05","10","2","","0","1","0","0","0"
"POINT (13.377260335000074 52.408097181000073)","Unfall 238729 (2023) Kat:2, Licht: 0","238729","2","2","5","05","09","2","","0","1","0","0","0"
"POINT (13.402626221000048 52.492180750000045)","Unfall 238730 (2023) Kat:3, Licht: 0","238730","3","6","3","05","07","2","","0","1","1","0","0"
"POINT (13.588677232000066 52.469917690000045)","Unfall 238731 (2023) Kat:3, Licht: 0","238731","3","3","5","05","07","2","","0","1","1","0","0"
"POINT (13.380610670000067 52.518206575000079)","Unfall 238732 (2023) Kat:3, Licht: 0","238732","3","2","5","05","15","2","","0","1","1","0","0"
"POINT (13.506163106000031 52.492056274000049)","Unfall 238733 (2023) Kat:3, Licht: 0","238733","3","2","5","05","16","2","","0","1","1","0","0"
"POINT (13.390977879000047 52.563295755000070)","Unfall 238734 (2023) Kat:3, Licht: 0","238734","3","2","3","05","15","2","","0","0","1","0","1"
"POINT (13.302086687000042 52.520505476000039)","Unfall 238735 (2023) Kat:3, Licht: 0","238735","3","5","1","05","12","6","","0","1","1","0","0"
"POINT (13.418308245000048 52.568958718000033)","Unfall 238736 (2023) Kat:3, Licht: 0","238736","3","2","5","05","20","2","","0","1","1","0","0"
"POINT (13.391631993000033 52.550324761000070)","Unfall 238737 (2023) Kat:3, Licht: 1","238737","3","6","3","05","20","2","","1","1","1","0","0"
"POINT (13.267282806000026 52.408962623000036)","Unfall 238738 (2023) Kat:3, Licht: 0","238738","3","2","5","05","16","2","","0","0","1","0","0"
"POINT (13.285138612000026 52.575543549000031)","Unfall 238739 (2023) Kat:3, Licht: 0","238739","3","4","6","05","15","2","","0","0","1","1","0"
"POINT (13.444642207000072 52.476989812000056)","Unfall 238740 (2023) Kat:3, Licht: 0","238740","3","3","5","05","14","2","","0","1","1","0","0"
"POINT (13.519154660000027 52.433259156000076)","Unfall 238741 (2023) Kat:3, Licht: 0","238741","3","6","3","05","12","2","","0","1","0","0","0"
"POINT (13.379005074000077 52.526143814000079)","Unfall 238742 (2023) Kat:3, Licht: 0","238742","3","7","2","05","08","2","","0","1","0","0","0"
"POINT (13.437187172000051 52.464434589000064)","Unfall 238743 (2023) Kat:3, Licht: 0","238743","3","2","5","05","08","2","","0","1","1","0","0"
"POINT (13.354876811000054 52.552160967000077)","Unfall 238744 (2023) Kat:3, Licht: 0","238744","3","6","2","05","17","2","","0","0","1","0","0"
"POINT (13.418374557000050 52.498787406000076)","Unfall 238745 (2023) Kat:3, Licht: 2","238745","3","2","5","05","21","1","","2","1","1","0","0"
"POINT (13.235912485000028 52.549027532000082)","Unfall 238746 (2023) Kat:3, Licht: 2","238746","3","6","2","05","21","1","","2","0","1","0","0"
"POINT (13.195624504000023 52.529166248000081)","Unfall 238747 (2023) Kat:3, Licht: 2","238747","3","2","5","05","21","1","","2","0","1","0","1"
"POINT (13.359151985000040 52.455380702000070)","Unfall 238748 (2023) Kat:3, Licht: 0","238748","3","1","0","05","18","1","","0","0","0","0","1"
"POINT (13.370971838000060 52.569105744000069)","Unfall 238749 (2023) Kat:3, Licht: 0","238749","3","3","5","05","18","1","","0","0","1","0","0"
"POINT (13.283686276000026 52.506391634000067)","Unfall 238750 (2023) Kat:3, Licht: 0","238750","3","3","5","05","18","1","","0","1","1","0","0"
"POINT (13.346039229000041 52.494367228000044)","Unfall 238751 (2023) Kat:3, Licht: 0","238751","3","6","3","05","14","1","","0","0","1","0","0"
"POINT (13.358431530000075 52.500967558000070)","Unfall 238752 (2023) Kat:3, Licht: 0","238752","3","5","0","05","13","1","","0","0","1","0","1"
"POINT (13.328508119000048 52.465057983000065)","Unfall 238753 (2023) Kat:3, Licht: 0","238753","3","2","5","05","20","1","","0","0","1","0","0"
"POINT (13.398099094000031 52.534767949000070)","Unfall 238754 (2023) Kat:3, Licht: 0","238754","3","1","0","05","20","1","","0","0","0","0","0"
"POINT (13.292774995000059 52.506744722000064)","Unfall 238755 (2023) Kat:3, Licht: 0","238755","3","3","5","05","13","1","","0","0","1","0","1"
"POINT (13.422610196000051 52.544583358000068)","Unfall 238756 (2023) Kat:3, Licht: 0","238756","3","3","5","05","10","1","","0","1","1","0","0"
"POINT (13.375869481000052 52.510053941000081)","Unfall 238757 (2023) Kat:3, Licht: 2","238757","3","1","0","05","04","1","","2","0","0","0","0"
"POINT (13.502662150000049 52.480930884000031)","Unfall 238758 (2023) Kat:2, Licht: 2","238758","2","1","0","05","00","1","","2","1","0","0","0"
"POINT (13.372221405000062 52.557860783000081)","Unfall 238759 (2023) Kat:3, Licht: 0","238759","3","4","6","05","18","1","","0","0","1","1","0"
"POINT (13.293340391000072 52.578131101000054)","Unfall 238760 (2023) Kat:3, Licht: 0","238760","3","6","3","05","17","1","","0","1","0","0","0"
"POINT (13.574616363000075 52.425175232000072)","Unfall 238761 (2023) Kat:3, Licht: 0","238761","3","3","0","05","16","1","","0","1","0","0","0"
"POINT (13.458066292000069 52.535745316000032)","Unfall 238762 (2023) Kat:3, Licht: 0","238762","3","7","1","05","16","1","","0","0","1","0","0"
"POINT (13.607390169000041 52.534024509000062)","Unfall 238763 (2023) Kat:3, Licht: 0","238763","3","3","5","05","15","1","","0","1","1","0","0"
"POINT (13.376886701000046 52.461431202000028)","Unfall 238764 (2023) Kat:3, Licht: 0","238764","3","2","5","05","14","1","","0","1","0","0","1"
"POINT (13.452255398000034 52.480666276000079)","Unfall 238765 (2023) Kat:3, Licht: 0","238765","3","5","1","05","11","1","","0","1","1","0","0"
"POINT (13.308035683000071 52.472375290000059)","Unfall 238766 (2023) Kat:3, Licht: 0","238766","3","3","5","05","11","1","","0","0","1","0","0"
"POINT (13.229506087000061 52.538131678000070)","Unfall 238767 (2023) Kat:3, Licht: 2","238767","3","1","8","05","00","1","","2","0","1","0","0"
"POINT (13.496078543000067 52.534245337000073)","Unfall 238768 (2023) Kat:3, Licht: 0","238768","3","4","0","05","17","7","","0","0","0","1","0"
"POINT (13.430391044000032 52.510423122000077)","Unfall 238769 (2023) Kat:3, Licht: 2","238769","3","3","5","05","01","7","","2","0","1","0","0"
"POINT (13.328333522000037 52.471109086000070)","Unfall 238770 (2023) Kat:3, Licht: 0","238770","3","2","5","05","19","7","","0","1","1","0","0"
"POINT (13.421676694000041 52.514254684000036)","Unfall 238771 (2023) Kat:2, Licht: 0","238771","2","2","5","05","20","7","","0","1","1","0","0"
"POINT (13.371407689000023 52.409308999000075)","Unfall 238772 (2023) Kat:3, Licht: 0","238772","3","6","2","05","15","7","","0","0","1","0","0"
"POINT (13.423420046000047 52.556353749000039)","Unfall 238773 (2023) Kat:3, Licht: 0","238773","3","3","5","05","13","3","","0","1","1","0","0"
"POINT (13.438195261000033 52.417025979000073)","Unfall 238774 (2023) Kat:2, Licht: 0","238774","2","1","8","05","14","7","","0","0","0","0","1"
"POINT (13.525630234000062 52.482258059000060)","Unfall 238775 (2023) Kat:2, Licht: 0","238775","2","1","0","05","19","7","","0","0","0","0","1"
"POINT (13.375407057000075 52.597177445000057)","Unfall 238776 (2023) Kat:3, Licht: 0","238776","3","1","0","05","13","7","","0","1","0","0","0"
"POINT (13.391873299000054 52.382273502000032)","Unfall 238777 (2023) Kat:3, Licht: 0","238777","3","3","5","05","17","7","","0","0","1","0","0"
"POINT (13.218417604000024 52.525354182000058)","Unfall 238778 (2023) Kat:3, Licht: 0","238778","3","5","1","05","14","7","","0","0","1","0","0"
"POINT (13.371148796000057 52.590972226000076)","Unfall 238779 (2023) Kat:3, Licht: 1","238779","3","1","8","05","05","7","","1","0","1","0","0"
"POINT (13.132262967000031 52.450896860000057)","Unfall 238780 (2023) Kat:3, Licht: 0","238780","3","7","0","05","16","7","","0","1","0","0","0"
"POINT (13.330483463000064 52.526942118000079)","Unfall 238781 (2023) Kat:3, Licht: 0","238781","3","7","5","05","16","7","","0","1","1","0","0"
"POINT (13.277603689000046 52.431971818000079)","Unfall 238782 (2023) Kat:3, Licht: 0","238782","3","2","5","05","13","7","","0","1","1","0","1"
"POINT (13.292086711000024 52.590566506000073)","Unfall 238783 (2023) Kat:3, Licht: 0","238783","3","2","5","05","13","7","","0","0","1","0","0"
"POINT (13.514413371000046 52.468843252000056)","Unfall 238784 (2023) Kat:3, Licht: 2","238784","3","2","5","05","02","7","","2","1","1","0","0"
"POINT (13.384039936000022 52.493738302000054)","Unfall 238785 (2023) Kat:3, Licht: 2","238785","3","6","4","05","00","7","","2","1","0","0","0"
"POINT (13.372754885000063 52.590828869000063)","Unfall 238786 (2023) Kat:3, Licht: 2","238786","3","1","9","05","00","7","","2","0","1","0","0"
"POINT (13.314283761000070 52.436827211000036)","Unfall 238787 (2023) Kat:3, Licht: 2","238787","3","2","6","05","00","7","","2","0","1","1","0"
"POINT (13.361299135000024 52.412593701000048)","Unfall 238788 (2023) Kat:3, Licht: 0","238788","3","2","5","05","14","7","","0","1","1","0","0"
"POINT (13.340288075000046 52.492314962000080)","Unfall 238789 (2023) Kat:3, Licht: 0","238789","3","3","5","05","17","7","","0","1","1","0","0"
"POINT (13.446739059000038 52.564896162000082)","Unfall 238790 (2023) Kat:2, Licht: 0","238790","2","6","2","05","17","7","","0","0","1","0","0"
"POINT (13.437506196000072 52.455304680000040)","Unfall 238791 (2023) Kat:3, Licht: 0","238791","3","6","2","05","15","7","","0","0","1","0","0"
"POINT (13.391886559000056 52.388567552000040)","Unfall 238792 (2023) Kat:2, Licht: 0","238792","2","1","0","05","14","7","","0","0","0","0","0"
"POINT (13.389575301000036 52.511203572000056)","Unfall 238793 (2023) Kat:3, Licht: 0","238793","3","4","6","05","16","7","","0","1","0","1","0"
"POINT (13.581309506000025 52.460541119000027)","Unfall 238794 (2023) Kat:3, Licht: 0","238794","3","6","0","05","14","7","","0","0","1","0","0"
"POINT (13.351480039000023 52.509676927000044)","Unfall 238795 (2023) Kat:3, Licht: 0","238795","3","3","5","05","13","7","","0","1","1","0","0"
"POINT (13.380890463000071 52.516368732000046)","Unfall 238796 (2023) Kat:3, Licht: 0","238796","3","2","5","05","09","7","","0","1","1","0","0"
"POINT (13.298509998000043 52.498319400000071)","Unfall 238797 (2023) Kat:3, Licht: 0","238797","3","7","6","05","13","4","","0","0","1","1","0"
"POINT (13.527279850000070 52.591865811000048)","Unfall 238798 (2023) Kat:2, Licht: 0","238798","2","1","9","05","19","7","","0","0","1","0","0"
"POINT (13.439046306000023 52.480418385000064)","Unfall 238799 (2023) Kat:3, Licht: 0","238799","3","2","5","05","10","7","","0","1","1","0","0"
"POINT (13.397621353000034 52.495074535000072)","Unfall 238800 (2023) Kat:3, Licht: 0","238800","3","6","2","05","16","7","","0","0","1","0","1"
"POINT (13.426345586000025 52.603241669000056)","Unfall 238801 (2023) Kat:3, Licht: 0","238801","3","3","5","05","18","7","","0","0","1","0","1"
"POINT (13.368099301000029 52.556994106000047)","Unfall 238802 (2023) Kat:3, Licht: 0","238802","3","7","0","05","12","6","","0","1","0","0","0"
"POINT (13.394986029000052 52.503183807000028)","Unfall 238803 (2023) Kat:3, Licht: 0","238803","3","6","2","05","18","7","","0","0","1","0","0"
"POINT (13.440743479000048 52.546598195000058)","Unfall 238804 (2023) Kat:3, Licht: 0","238804","3","6","2","05","15","3","","0","0","1","0","0"
"POINT (13.326325292000035 52.564444117000050)","Unfall 238805 (2023) Kat:3, Licht: 0","238805","3","7","6","05","16","7","","0","0","0","1","0"
"POINT (13.346137351000039 52.516285631000073)","Unfall 238806 (2023) Kat:2, Licht: 0","238806","2","7","2","05","15","7","","0","0","1","0","1"