WKT,Name,OBJECTID,UKATEGORIE,UTYP1,UART,UMONAT,USTUNDE,UWOCHENTAG,STRZUSTAND,ULICHTVERH,ISTRAD,ISTPKW,ISTFUSS,ISTKRAD
"POINT (13.317357248000064 52.504973650000068)","Unfall 238807 (2023) Kat:3, Licht: 0","238807","3","7","5","05","14","7","","0","1","1","0","0"
"POINT (13.347927854000034 52.575819063000040)","Unfall 238808 (2023) Kat:3, Licht: 0","238808","3","2","5","05","14","7","","0","0","1","0","0"
"POINT (13.259341612000071 52.451451075000080)","Unfall 238809 (2023) Kat:3, Licht: 0","238809","3","1","0","05","13","7","","0","0","0","0","1"
"POINT (13.306334008000022 52.476949124000043)","Unfall 238810 (2023) Kat:3, Licht: 0","238810","3","3","5","05","13","7","","0","0","1","0","0"
"POINT (13.282160406000060 52.490176955000038)","Unfall 238811 (2023) Kat:3, Licht: 0","238811","3","6","3","05","09","7","","0","1","1","0","0"
"POINT (13.129158970000049 52.527195301000063)","Unfall 238812 (2023) Kat:3, Licht: 0","238812","3","2","5","05","07","2","","0","0","1","0","1"
"POINT (13.398910387000058 52.583361075000028)","Unfall 238813 (2023) Kat:3, Licht: 0","238813","3","3","5","05","09","7","","0","0","1","0","1"
"POINT (13.491735867000045 52.534179999000060)","Unfall 238814 (2023) Kat:3, Licht: 0","238814","3","2","5","05","16","6","","0","0","1","0","0"
"POINT (13.385794299000054 52.484948379000059)","Unfall 238815 (2023) Kat:3, Licht: 0","238815","3","2","5","05","17","6","","0","1","1","0","0"
"POINT (13.280224415000077 52.590322196000045)","Unfall 238816 (2023) Kat:3, Licht: 0","238816","3","7","1","05","12","6","","0","0","1","0","0"
"POINT (13.305902942000046 52.434646238000028)","Unfall 238817 (2023) Kat:3, Licht: 1","238817","3","5","1","05","04","7","","1","0","1","0","0"
"POINT (13.395679823000023 52.565859475000082)","Unfall 238818 (2023) Kat:3, Licht: 0","238818","3","2","5","05","20","6","","0","0","1","0","1"
"POINT (13.410974568000029 52.503825290000066)","Unfall 238819 (2023) Kat:3, Licht: 0","238819","3","2","5","05","19","6","","0","1","1","0","0"
"POINT (13.577163905000077 52.455772394000064)","Unfall 238820 (2023) Kat:3, Licht: 2","238820","3","2","5","05","22","6","","2","1","1","0","0"
"POINT (13.298935654000047 52.500729182000043)","Unfall 238821 (2023) Kat:3, Licht: 0","238821","3","7","6","05","18","6","","0","0","1","1","0"
"POINT (13.460698499000046 52.468099210000048)","Unfall 238822 (2023) Kat:3, Licht: 0","238822","3","3","5","05","20","6","","0","0","1","0","1"
"POINT (13.310991982000075 52.472268306000046)","Unfall 238823 (2023) Kat:3, Licht: 2","238823","3","3","5","05","21","6","","2","0","1","0","0"
"POINT (13.517550410000069 52.535360419000028)","Unfall 238824 (2023) Kat:3, Licht: 0","238824","3","3","5","05","19","6","","0","0","1","0","0"
"POINT (13.423189613000034 52.483013407000044)","Unfall 238825 (2023) Kat:3, Licht: 0","238825","3","3","5","05","18","6","","0","0","1","0","0"
"POINT (13.525934290000066 52.423023291000050)","Unfall 238826 (2023) Kat:3, Licht: 0","238826","3","2","5","05","08","6","","0","0","1","0","1"
"POINT (13.391248777000044 52.500917603000062)","Unfall 238827 (2023) Kat:3, Licht: 0","238827","3","4","6","05","17","6","","0","0","1","1","0"
"POINT (13.457600778000028 52.469058350000068)","Unfall 238828 (2023) Kat:3, Licht: 0","238828","3","7","0","05","18","6","","0","1","0","0","0"
"POINT (13.416478791000031 52.521829449000052)","Unfall 238829 (2023) Kat:3, Licht: 0","238829","3","6","4","05","18","4","","0","1","0","0","0"
"POINT (13.222662963000062 52.539923743000031)","Unfall 238830 (2023) Kat:3, Licht: 0","238830","3","3","5","05","17","6","","0","0","1","0","1"
"POINT (13.346166599000071 52.501048728000058)","Unfall 238831 (2023) Kat:3, Licht: 0","238831","3","2","5","05","17","6","","0","1","1","0","0"
"POINT (13.412207609000063 52.498669478000068)","Unfall 238832 (2023) Kat:3, Licht: 0","238832","3","3","5","05","17","6","","0","0","1","0","0"
"POINT (13.404680377000034 52.439500202000033)","Unfall 238833 (2023) Kat:3, Licht: 0","238833","3","6","2","05","16","6","","0","0","1","0","0"
"POINT (13.287305785000058 52.590284276000034)","Unfall 238834 (2023) Kat:3, Licht: 0","238834","3","6","2","05","15","6","","0","0","1","0","0"
"POINT (13.580505235000032 52.444129270000076)","Unfall 238835 (2023) Kat:3, Licht: 0","238835","3","7","6","05","17","2","","0","1","0","1","0"
"POINT (13.527270445000056 52.556454287000065)","Unfall 238836 (2023) Kat:2, Licht: 0","238836","2","3","5","05","18","6","","0","0","1","0","1"
"POINT (13.589076765000073 52.469753808000064)","Unfall 238837 (2023) Kat:2, Licht: 0","238837","2","3","5","05","15","6","","0","1","1","0","0"
"POINT (13.404164351000077 52.494746065000072)","Unfall 238838 (2023) Kat:3, Licht: 0","238838","3","6","2","05","15","6","","0","0","1","0","0"
"POINT (13.469016360000069 52.531526497000073)","Unfall 238839 (2023) Kat:3, Licht: 0","238839","3","2","5","05","17","6","","0","1","1","0","0"
"POINT (13.391227159000039 52.453023381000037)","Unfall 238840 (2023) Kat:2, Licht: 0","238840","2","6","0","05","17","6","","0","0","1","0","0"
"POINT (13.444831617000034 52.541321088000075)","Unfall 238841 (2023) Kat:3, Licht: 0","238841","3","2","6","05","16","6","","0","0","1","1","0"
"POINT (13.483587136000040 52.431283706000045)","Unfall 238842 (2023) Kat:3, Licht: 0","238842","3","3","5","05","12","1","","0","0","1","0","0"
"POINT (13.257001329000047 52.519230662000041)","Unfall 238843 (2023) Kat:3, Licht: 0","238843","3","5","1","05","15","6","","0","0","0","0","0"
"POINT (13.300267071000064 52.570031557000050)","Unfall 238844 (2023) Kat:3, Licht: 0","238844","3","1","0","05","14","6","","0","0","0","0","0"
"POINT (13.345121175000031 52.581290391000039)","Unfall 238845 (2023) Kat:3, Licht: 0","238845","3","7","5","05","15","6","","0","0","1","0","0"
"POINT (13.564041423000049 52.556302621000043)","Unfall 238846 (2023) Kat:3, Licht: 0","238846","3","2","6","05","11","6","","0","0","1","1","0"
"POINT (13.307451224000033 52.484478168000066)","Unfall 238847 (2023) Kat:3, Licht: 0","238847","3","7","0","05","14","6","","0","0","0","0","1"
"POINT (13.373234227000069 52.543900446000066)","Unfall 238848 (2023) Kat:3, Licht: 0","238848","3","7","6","05","11","6","","0","0","0","1","0"
"POINT (13.247986807000075 52.536472960000026)","Unfall 238849 (2023) Kat:3, Licht: 0","238849","3","3","5","05","09","6","","0","1","1","0","0"
"POINT (13.323358181000060 52.523408579000034)","Unfall 238850 (2023) Kat:3, Licht: 0","238850","3","6","2","05","08","6","","0","0","1","0","0"
"POINT (13.538902020000023 52.534478838000041)","Unfall 238851 (2023) Kat:2, Licht: 0","238851","2","4","6","05","13","6","","0","0","1","1","0"
"POINT (13.342040880000070 52.490420081000082)","Unfall 238852 (2023) Kat:3, Licht: 0","238852","3","7","5","05","10","6","","0","1","1","0","0"
"POINT (13.406904986000029 52.393775670000082)","Unfall 238853 (2023) Kat:2, Licht: 0","238853","2","3","5","05","09","6","","0","0","1","0","0"
"POINT (13.420939714000042 52.414348408000080)","Unfall 238854 (2023) Kat:3, Licht: 0","238854","3","5","1","05","10","6","","0","0","1","0","0"
"POINT (13.334365426000033 52.421828567000034)","Unfall 238855 (2023) Kat:3, Licht: 0","238855","3","7","0","05","09","6","","0","1","0","0","0"
"POINT (13.328147567000030 52.454411123000057)","Unfall 238856 (2023) Kat:3, Licht: 0","238856","3","2","5","05","09","6","","0","0","1","0","0"
"POINT (13.446606941000027 52.480218286000081)","Unfall 238857 (2023) Kat:3, Licht: 0","238857","3","5","1","05","08","6","","0","0","1","0","0"
"POINT (13.363840546000063 52.505574711000065)","Unfall 238858 (2023) Kat:3, Licht: 0","238858","3","1","0","05","08","2","","0","1","0","0","0"
"POINT (13.388369707000038 52.566237124000054)","Unfall 238859 (2023) Kat:3, Licht: 0","238859","3","5","1","05","08","6","","0","1","1","0","0"
"POINT (13.485066525000036 52.533501069000067)","Unfall 238860 (2023) Kat:3, Licht: 0","238860","3","2","5","05","07","6","","0","1","1","0","0"
"POINT (13.344250894000027 52.506387746000030)","Unfall 238861 (2023) Kat:2, Licht: 2","238861","2","7","0","05","01","6","","2","0","0","0","0"
"POINT (13.418140011000048 52.558768605000068)","Unfall 238862 (2023) Kat:3, Licht: 0","238862","3","3","5","05","09","6","","0","0","1","0","0"
"POINT (13.412710435000065 52.547642320000080)","Unfall 238863 (2023) Kat:3, Licht: 0","238863","3","1","0","05","09","6","","0","1","0","0","0"
"POINT (13.337646035000034 52.467184762000045)","Unfall 238864 (2023) Kat:2, Licht: 0","238864","2","3","5","05","05","6","","0","1","1","0","0"
"POINT (13.371128582000040 52.511115509000035)","Unfall 238865 (2023) Kat:3, Licht: 0","238865","3","2","5","05","20","3","","0","0","1","0","0"
"POINT (13.339309226000069 52.466899402000081)","Unfall 238866 (2023) Kat:2, Licht: 0","238866","2","3","5","05","19","6","","0","1","1","0","0"
"POINT (13.558876240000075 52.446603585000048)","Unfall 238867 (2023) Kat:3, Licht: 0","238867","3","2","5","05","17","6","","0","1","1","0","0"
"POINT (13.540382261000047 52.430554962000031)","Unfall 238868 (2023) Kat:3, Licht: 0","238868","3","7","5","05","16","6","","0","0","1","0","0"
"POINT (13.430307713000047 52.510454830000072)","Unfall 238869 (2023) Kat:3, Licht: 0","238869","3","2","5","05","16","6","","0","1","1","0","0"
"POINT (13.323885742000073 52.502369531000056)","Unfall 238870 (2023) Kat:3, Licht: 0","238870","3","5","1","05","15","6","","0","1","1","0","0"
"POINT (13.418988458000058 52.530539347000058)","Unfall 238871 (2023) Kat:3, Licht: 0","238871","3","2","2","05","18","4","","0","0","1","0","0"
"POINT (13.320222470000033 52.429981516000055)","Unfall 238872 (2023) Kat:2, Licht: 0","238872","2","1","0","05","15","6","","0","0","0","0","1"
"POINT (13.327262145000077 52.494708012000046)","Unfall 238873 (2023) Kat:3, Licht: 0","238873","3","2","5","05","10","6","","0","1","1","0","0"
"POINT (13.179879874000051 52.499468932000070)","Unfall 238874 (2023) Kat:3, Licht: 0","238874","3","4","6","05","08","6","","0","0","1","1","0"
"POINT (13.423476047000065 52.509148798000069)","Unfall 238875 (2023) Kat:3, Licht: 0","238875","3","2","5","05","08","5","","0","1","0","0","0"
"POINT (13.457938284000022 52.420311755000057)","Unfall 238876 (2023) Kat:2, Licht: 0","238876","2","5","1","05","17","5","","0","1","1","0","0"
"POINT (13.430452476000028 52.551942504000067)","Unfall 238877 (2023) Kat:3, Licht: 0","238877","3","3","5","05","15","5","","0","0","1","0","1"
"POINT (13.226893563000033 52.625969137000027)","Unfall 238878 (2023) Kat:3, Licht: 0","238878","3","2","5","05","13","7","","0","1","1","0","0"
"POINT (13.479216586000064 52.520386202000054)","Unfall 238879 (2023) Kat:2, Licht: 0","238879","2","1","0","05","14","5","","0","1","0","0","0"
"POINT (13.287258779000069 52.633301001000063)","Unfall 238880 (2023) Kat:3, Licht: 0","238880","3","6","2","05","14","5","","0","0","1","0","0"
"POINT (13.345291228000065 52.486873533000050)","Unfall 238881 (2023) Kat:3, Licht: 0","238881","3","2","5","05","12","5","","0","1","1","0","0"
"POINT (13.378171506000058 52.550155823000068)","Unfall 238882 (2023) Kat:3, Licht: 0","238882","3","6","3","05","19","5","","0","1","1","0","0"
"POINT (13.394505157000026 52.501124429000072)","Unfall 238883 (2023) Kat:3, Licht: 0","238883","3","7","5","05","10","5","","0","1","1","0","0"
"POINT (13.401065806000076 52.529948777000072)","Unfall 238884 (2023) Kat:3, Licht: 0","238884","3","7","2","05","17","5","","0","1","1","0","0"
"POINT (13.320417568000039 52.486564096000052)","Unfall 238885 (2023) Kat:3, Licht: 0","238885","3","7","5","05","17","5","","0","0","1","0","1"
"POINT (13.354817789000037 52.487529695000035)","Unfall 238886 (2023) Kat:3, Licht: 0","238886","3","1","0","05","08","5","","0","1","0","0","0"
"POINT (13.462053493000042 52.558978975000059)","Unfall 238887 (2023) Kat:3, Licht: 0","238887","3","2","5","05","13","5","","0","1","1","0","0"
"POINT (13.474163683000029 52.495579436000071)","Unfall 238888 (2023) Kat:3, Licht: 0","238888","3","2","5","05","12","5","","0","1","1","0","0"
"POINT (13.365384375000076 52.557108618000029)","Unfall 238889 (2023) Kat:3, Licht: 0","238889","3","2","5","05","11","5","","0","1","1","0","0"
"POINT (13.384943836000048 52.493562555000040)","Unfall 238890 (2023) Kat:3, Licht: 0","238890","3","6","3","05","11","5","","0","0","1","0","0"
"POINT (13.416746174000025 52.521836348000079)","Unfall 238891 (2023) Kat:3, Licht: 0","238891","3","6","3","05","08","5","","0","0","0","0","1"
"POINT (13.308142694000026 52.459704102000046)","Unfall 238892 (2023) Kat:3, Licht: 0","238892","3","3","5","05","08","5","","0","1","1","0","0"
"POINT (13.143623735000062 52.455511892000061)","Unfall 238893 (2023) Kat:3, Licht: 0","238893","3","3","0","05","09","5","","0","1","0","0","0"
"POINT (13.334245279000072 52.541336634000061)","Unfall 238894 (2023) Kat:3, Licht: 0","238894","3","6","2","05","08","5","","0","0","1","0","0"
"POINT (13.388653778000048 52.526345901000070)","Unfall 238895 (2023) Kat:3, Licht: 0","238895","3","2","5","05","08","5","","0","1","0","0","0"
"POINT (13.506067228000063 52.491974282000058)","Unfall 238896 (2023) Kat:3, Licht: 0","238896","3","3","5","05","08","2","","0","1","1","0","0"
"POINT (13.318322057000046 52.525814805000039)","Unfall 238897 (2023) Kat:3, Licht: 0","238897","3","2","5","05","12","5","","0","1","1","0","0"
"POINT (13.430275806000054 52.588795928000081)","Unfall 238898 (2023) Kat:3, Licht: 0","238898","3","6","2","05","07","5","","0","0","1","0","1"
"POINT (13.475287421000075 52.501546285000074)","Unfall 238899 (2023) Kat:3, Licht: 2","238899","3","3","5","05","23","5","","2","0","1","0","0"
"POINT (13.350439196000025 52.532438157000058)","Unfall 238900 (2023) Kat:3, Licht: 1","238900","3","2","5","05","21","5","","1","0","1","1","0"
"POINT (13.298831851000045 52.426790583000070)","Unfall 238901 (2023) Kat:3, Licht: 0","238901","3","3","5","05","18","5","","0","1","1","0","0"
"POINT (13.430014123000035 52.608772437000027)","Unfall 238902 (2023) Kat:3, Licht: 0","238902","3","6","2","05","17","5","","0","0","1","0","0"
"POINT (13.406711573000052 52.511353715000041)","Unfall 238903 (2023) Kat:3, Licht: 0","238903","3","6","3","05","16","5","","0","1","0","0","0"
"POINT (13.376074148000043 52.409123356000066)","Unfall 238904 (2023) Kat:3, Licht: 0","238904","3","2","2","05","16","5","","0","1","1","0","0"
"POINT (13.326244855000027 52.538017480000065)","Unfall 238905 (2023) Kat:3, Licht: 0","238905","3","2","5","05","11","5","","0","0","1","0","0"
"POINT (13.339185846000078 52.503063914000052)","Unfall 238906 (2023) Kat:3, Licht: 0","238906","3","2","5","05","09","5","","0","1","1","0","0"
"POINT (13.298330801000077 52.438878023000029)","Unfall 238907 (2023) Kat:3, Licht: 0","238907","3","3","5","05","09","5","","0","1","1","0","0"
"POINT (13.311137236000036 52.613087193000069)","Unfall 238908 (2023) Kat:3, Licht: 0","238908","3","4","6","05","08","4","","0","0","1","1","0"
"POINT (13.280245818000026 52.491890878000049)","Unfall 238909 (2023) Kat:3, Licht: 0","238909","3","3","5","05","15","4","","0","1","1","0","0"
"POINT (13.400558916000023 52.490480020000064)","Unfall 238910 (2023) Kat:3, Licht: 0","238910","3","2","5","05","18","4","","0","1","1","0","0"
"POINT (13.372481168000036 52.527411906000054)","Unfall 238911 (2023) Kat:3, Licht: 0","238911","3","6","3","05","10","4","","0","0","1","0","0"
"POINT (13.170757003000062 52.523376897000048)","Unfall 238912 (2023) Kat:3, Licht: 0","238912","3","2","0","05","08","4","","0","0","1","0","0"
"POINT (13.479596234000041 52.502940194000075)","Unfall 238913 (2023) Kat:3, Licht: 0","238913","3","3","5","05","06","4","","0","1","1","0","0"
"POINT (13.396452992000036 52.483893814000055)","Unfall 238914 (2023) Kat:3, Licht: 2","238914","3","3","5","05","22","4","","2","1","0","0","0"
"POINT (13.278414624000050 52.506934709000063)","Unfall 238915 (2023) Kat:3, Licht: 0","238915","3","2","5","05","18","4","","0","0","1","0","0"
"POINT (13.452052515000048 52.452781078000044)","Unfall 238916 (2023) Kat:3, Licht: 0","238916","3","6","2","05","18","4","","0","0","1","0","0"
"POINT (13.406132998000032 52.497765722000054)","Unfall 238917 (2023) Kat:2, Licht: 0","238917","2","6","3","05","17","4","","0","1","1","0","1"
"POINT (13.388290703000052 52.398304646000042)","Unfall 238918 (2023) Kat:3, Licht: 0","238918","3","6","2","05","16","4","","0","0","1","0","0"
"POINT (13.420264301000032 52.499014072000080)","Unfall 238919 (2023) Kat:2, Licht: 0","238919","2","4","6","05","16","4","","0","0","1","1","1"
"POINT (13.517879341000025 52.563869925000063)","Unfall 238920 (2023) Kat:3, Licht: 0","238920","3","3","5","05","16","4","","0","0","1","0","0"
"POINT (13.297531478000053 52.526506680000068)","Unfall 238921 (2023) Kat:3, Licht: 0","238921","3","2","5","05","13","5","","0","1","1","0","0"
"POINT (13.341276352000023 52.433710650000080)","Unfall 238922 (2023) Kat:3, Licht: 0","238922","3","2","5","05","15","4","","0","0","1","0","0"
"POINT (13.590169700000047 52.442462961000047)","Unfall 238923 (2023) Kat:3, Licht: 0","238923","3","7","0","05","19","4","","0","0","0","0","0"
"POINT (13.337334990000045 52.458522398000071)","Unfall 238924 (2023) Kat:3, Licht: 0","238924","3","5","1","05","10","4","","0","1","1","0","0"
"POINT (13.342502101000036 52.440757689000066)","Unfall 238925 (2023) Kat:3, Licht: 0","238925","3","6","2","05","15","4","","0","0","1","0","0"
"POINT (13.432970011000066 52.477643903000057)","Unfall 238926 (2023) Kat:3, Licht: 0","238926","3","3","5","05","18","4","","0","1","1","0","0"
"POINT (13.219965817000059 52.538988281000059)","Unfall 238927 (2023) Kat:3, Licht: 0","238927","3","3","5","05","12","4","","0","1","1","0","0"
"POINT (13.346220574000029 52.497049162000053)","Unfall 238928 (2023) Kat:3, Licht: 0","238928","3","3","5","05","11","4","","0","0","1","0","0"
"POINT (13.406530152000073 52.498274006000031)","Unfall 238929 (2023) Kat:3, Licht: 0","238929","3","3","5","05","10","4","","0","1","1","0","0"
"POINT (13.180164088000026 52.509033177000049)","Unfall 238930 (2023) Kat:3, Licht: 0","238930","3","6","2","05","10","4","","0","1","1","0","0"
"POINT (13.558606975000032 52.451535606000050)","Unfall 238931 (2023) Kat:3, Licht: 0","238931","3","6","2","05","09","4","","0","0","1","0","0"
"POINT (13.514159268000071 52.539391472000034)","Unfall 238932 (2023) Kat:3, Licht: 0","238932","3","7","0","05","07","4","","0","1","0","0","0"
"POINT (13.449263723000058 52.452331044000061)","Unfall 238933 (2023) Kat:3, Licht: 0","238933","3","3","5","05","05","4","","0","1","1","0","0"
"POINT (13.593492848000039 52.452944991000038)","Unfall 238934 (2023) Kat:3, Licht: 0","238934","3","2","5","05","16","4","","0","1","0","0","0"
"POINT (13.412801775000048 52.544394939000028)","Unfall 238935 (2023) Kat:3, Licht: 2","238935","3","6","2","05","23","4","","2","1","1","0","0"
"POINT (13.319600786000024 52.502676093000048)","Unfall 238936 (2023) Kat:3, Licht: 1","238936","3","3","5","05","20","4","","1","0","1","0","0"
"POINT (13.408388588000037 52.401813709000066)","Unfall 238937 (2023) Kat:3, Licht: 0","238937","3","3","5","05","18","4","","0","1","1","0","0"
"POINT (13.600917145000039 52.477880720000030)","Unfall 238938 (2023) Kat:3, Licht: 0","238938","3","3","5","05","16","4","","0","1","1","0","0"
"POINT (13.338630677000026 52.559611689000064)","Unfall 238939 (2023) Kat:2, Licht: 0","238939","2","4","6","05","15","4","","0","0","1","1","0"
"POINT (13.443897933000073 52.568512365000061)","Unfall 238940 (2023) Kat:3, Licht: 0","238940","3","3","5","05","15","4","","0","1","1","0","0"
"POINT (13.488025211000036 52.413246935000075)","Unfall 238941 (2023) Kat:3, Licht: 0","238941","3","1","0","05","13","4","","0","0","0","0","0"
"POINT (13.337730264000072 52.543161426000040)","Unfall 238942 (2023) Kat:3, Licht: 0","238942","3","6","2","05","11","4","","0","0","1","0","0"
"POINT (13.367539578000049 52.477982175000079)","Unfall 238943 (2023) Kat:3, Licht: 0","238943","3","3","2","05","09","4","","0","1","1","0","0"
"POINT (13.527753518000054 52.490352921000067)","Unfall 238944 (2023) Kat:3, Licht: 0","238944","3","2","5","05","09","4","","0","1","1","0","0"
"POINT (13.411769067000023 52.456984305000049)","Unfall 238945 (2023) Kat:3, Licht: 0","238945","3","7","5","05","16","4","","0","0","1","0","1"
"POINT (13.371583662000035 52.504776021000055)","Unfall 238946 (2023) Kat:3, Licht: 0","238946","3","2","3","05","08","4","","0","0","1","0","0"
"POINT (13.522111789000064 52.434968588000061)","Unfall 238947 (2023) Kat:3, Licht: 0","238947","3","6","4","05","16","4","","0","0","1","0","0"
"POINT (13.524983356000064 52.406700772000079)","Unfall 238948 (2023) Kat:3, Licht: 0","238948","3","2","5","05","14","4","","0","1","1","0","0"
"POINT (13.361208770000076 52.494422288000067)","Unfall 238949 (2023) Kat:3, Licht: 0","238949","3","2","0","05","06","4","","0","1","1","0","0"
"POINT (13.346063093000055 52.484859149000044)","Unfall 238950 (2023) Kat:3, Licht: 0","238950","3","2","5","05","11","4","","0","1","0","0","0"
"POINT (13.440126829000064 52.419424736000053)","Unfall 238951 (2023) Kat:3, Licht: 0","238951","3","3","5","05","10","4","","0","0","1","0","0"
"POINT (13.460128030000021 52.431775595000033)","Unfall 238952 (2023) Kat:3, Licht: 0","238952","3","2","5","05","07","4","","0","1","1","0","0"
"POINT (13.347961992000023 52.451316471000041)","Unfall 238953 (2023) Kat:2, Licht: 0","238953","2","3","5","05","19","3","","0","0","0","0","1"
"POINT (13.691849953000030 52.452607695000040)","Unfall 238954 (2023) Kat:3, Licht: 0","238954","3","6","4","05","16","5","","0","1","0","0","0"
"POINT (13.466866327000048 52.524090803000036)","Unfall 238955 (2023) Kat:3, Licht: 0","238955","3","3","5","05","19","3","","0","0","1","0","0"
"POINT (13.165845006000040 52.551015285000062)","Unfall 238956 (2023) Kat:2, Licht: 0","238956","2","6","2","05","17","3","","0","0","1","0","0"
"POINT (13.554953176000026 52.525355993000062)","Unfall 238957 (2023) Kat:3, Licht: 0","238957","3","3","5","05","16","3","","0","0","1","0","0"
"POINT (13.360280732000035 52.477116539000065)","Unfall 238958 (2023) Kat:3, Licht: 0","238958","3","2","6","05","15","3","","0","0","1","1","0"
"POINT (13.389895620000061 52.510355266000033)","Unfall 238959 (2023) Kat:3, Licht: 0","238959","3","2","5","05","14","3","","0","0","1","0","1"
"POINT (13.379369811000061 52.446481323000057)","Unfall 238960 (2023) Kat:3, Licht: 0","238960","3","6","2","05","13","3","","0","0","1","0","0"
"POINT (13.524644051000053 52.495981025000049)","Unfall 238961 (2023) Kat:3, Licht: 0","238961","3","2","2","05","12","3","","0","0","1","0","0"
"POINT (13.330336353000064 52.428167808000069)","Unfall 238962 (2023) Kat:3, Licht: 0","238962","3","7","5","05","11","3","","0","0","1","0","1"
"POINT (13.558596299000044 52.451652570000078)","Unfall 238963 (2023) Kat:3, Licht: 0","238963","3","6","2","05","08","3","","0","0","1","0","0"
"POINT (13.429727992000039 52.521308313000077)","Unfall 238964 (2023) Kat:3, Licht: 0","238964","3","5","1","05","05","3","","0","0","1","0","0"
"POINT (13.420950740000023 52.414297378000072)","Unfall 238965 (2023) Kat:3, Licht: 0","238965","3","2","5","05","15","3","","0","1","1","0","0"
"POINT (13.428676574000065 52.496031400000049)","Unfall 238966 (2023) Kat:3, Licht: 1","238966","3","5","1","05","20","3","","1","0","1","0","1"
"POINT (13.379036758000041 52.525975221000067)","Unfall 238967 (2023) Kat:3, Licht: 0","238967","3","7","2","05","17","3","","0","1","1","0","0"
"POINT (13.444091836000041 52.535516900000061)","Unfall 238968 (2023) Kat:3, Licht: 0","238968","3","6","3","05","12","2","","0","1","0","0","0"
"POINT (13.434226522000074 52.463183238000056)","Unfall 238969 (2023) Kat:3, Licht: 0","238969","3","3","5","05","17","3","","0","0","1","0","1"
"POINT (13.440457049000031 52.467382202000067)","Unfall 238970 (2023) Kat:3, Licht: 0","238970","3","3","5","05","08","3","","0","1","1","0","0"
"POINT (13.315389695000022 52.514702638000074)","Unfall 238971 (2023) Kat:3, Licht: 0","238971","3","6","2","05","17","2","","0","0","1","0","0"
"POINT (13.345927213000039 52.436297334000074)","Unfall 238972 (2023) Kat:3, Licht: 0","238972","3","2","0","05","07","5","","0","1","0","0","0"
"POINT (13.303208548000043 52.510886785000082)","Unfall 238973 (2023) Kat:3, Licht: 0","238973","3","6","3","05","16","3","","0","1","1","0","0"
"POINT (13.527345826000044 52.462120439000046)","Unfall 238974 (2023) Kat:3, Licht: 0","238974","3","2","5","05","15","3","","0","0","1","0","1"
"POINT (13.323634930000026 52.454858829000045)","Unfall 238975 (2023) Kat:3, Licht: 0","238975","3","7","6","05","14","3","","0","1","0","1","0"
"POINT (13.386517150000032 52.506477269000072)","Unfall 238976 (2023) Kat:3, Licht: 0","238976","3","6","2","05","13","3","","0","0","1","0","0"
"POINT (13.408291278000036 52.552572402000067)","Unfall 238977 (2023) Kat:3, Licht: 0","238977","3","3","5","05","13","3","","0","0","1","0","0"
"POINT (13.206335165000041 52.435343275000037)","Unfall 238978 (2023) Kat:2, Licht: 0","238978","2","3","5","05","12","3","","0","0","1","0","0"
"POINT (13.328847108000048 52.609305685000038)","Unfall 238979 (2023) Kat:3, Licht: 0","238979","3","3","5","05","09","3","","0","0","1","0","0"
"POINT (13.334437982000054 52.498440779000077)","Unfall 238980 (2023) Kat:3, Licht: 0","238980","3","2","6","05","09","3","","0","0","1","1","0"
"POINT (13.278027355000063 52.518343557000037)","Unfall 238981 (2023) Kat:3, Licht: 0","238981","3","2","5","05","06","3","","0","0","1","0","0"
"POINT (13.304575533000047 52.445843413000034)","Unfall 238982 (2023) Kat:3, Licht: 0","238982","3","5","1","05","07","3","","0","1","0","0","0"
"POINT (13.443812648000062 52.525131266000074)","Unfall 238983 (2023) Kat:3, Licht: 0","238983","3","2","5","05","16","3","","0","1","1","0","0"
"POINT (13.298015847000045 52.530711526000061)","Unfall 238984 (2023) Kat:2, Licht: 0","238984","2","4","6","05","16","3","","0","0","0","1","1"
"POINT (13.475756651000040 52.520371457000067)","Unfall 238985 (2023) Kat:3, Licht: 0","238985","3","1","0","05","15","3","","0","1","0","0","0"
"POINT (13.417275525000036 52.512435085000050)","Unfall 238986 (2023) Kat:3, Licht: 0","238986","3","7","2","05","08","3","","0","1","1","0","0"
"POINT (13.303976279000040 52.525624587000038)","Unfall 238987 (2023) Kat:3, Licht: 1","238987","3","3","5","05","20","3","","1","1","0","0","0"
"POINT (13.578844680000032 52.452400924000074)","Unfall 238988 (2023) Kat:2, Licht: 0","238988","2","3","5","05","08","3","","0","0","1","0","1"
"POINT (13.409145434000038 52.501781169000026)","Unfall 238989 (2023) Kat:3, Licht: 0","238989","3","2","5","05","18","3","","0","1","0","0","0"
"POINT (13.319117246000076 52.531232890000069)","Unfall 238990 (2023) Kat:3, Licht: 0","238990","3","4","6","05","17","3","","0","0","1","1","0"
"POINT (13.574409991000039 52.513117609000062)","Unfall 238991 (2023) Kat:3, Licht: 0","238991","3","3","5","05","15","3","","0","1","1","0","0"
"POINT (13.451934019000078 52.472442496000042)","Unfall 238992 (2023) Kat:3, Licht: 0","238992","3","4","6","05","16","3","","0","0","1","1","0"
"POINT (13.382181607000064 52.573413664000043)","Unfall 238993 (2023) Kat:3, Licht: 0","238993","3","6","2","05","08","3","","0","0","0","0","1"