WKT,Name,OBJECTID,UKATEGORIE,UTYP1,UART,UMONAT,USTUNDE,UWOCHENTAG,STRZUSTAND,ULICHTVERH,ISTRAD,ISTPKW,ISTFUSS,ISTKRAD
"POINT (13.434795958000052 52.508529878000047)","Unfall 238994 (2023) Kat:2, Licht: 0","238994","2","2","5","05","16","1","","0","0","1","0","0"
"POINT (13.195880997000074 52.555151118000026)","Unfall 238995 (2023) Kat:3, Licht: 0","238995","3","7","5","05","07","3","","0","0","1","0","0"
"POINT (13.400804698000059 52.529607709000061)","Unfall 238996 (2023) Kat:3, Licht: 2","238996","3","5","1","05","00","3","","2","0","1","0","0"
"POINT (13.615318163000040 52.532065202000069)","Unfall 238997 (2023) Kat:3, Licht: 0","238997","3","2","6","05","14","3","","0","0","1","1","0"
"POINT (13.532065810000063 52.461812764000058)","Unfall 238998 (2023) Kat:2, Licht: 0","238998","2","5","1","05","16","4","","0","0","1","0","0"
"POINT (13.489015231000053 52.536964523000051)","Unfall 238999 (2023) Kat:3, Licht: 0","238999","3","3","5","05","13","3","","0","1","1","0","0"
"POINT (13.393484812000054 52.550472343000081)","Unfall 239000 (2023) Kat:3, Licht: 0","239000","3","5","1","05","13","3","","0","0","1","0","0"
"POINT (13.410065165000049 52.387584208000078)","Unfall 239001 (2023) Kat:3, Licht: 0","239001","3","7","0","05","13","3","","0","1","0","0","0"
"POINT (13.371053203000031 52.409358152000038)","Unfall 239002 (2023) Kat:3, Licht: 0","239002","3","6","0","05","10","3","","0","0","1","0","0"
"POINT (13.210419042000069 52.527584390000072)","Unfall 239003 (2023) Kat:3, Licht: 0","239003","3","2","5","05","13","5","","0","1","1","0","0"
"POINT (13.230571877000045 52.624611252000079)","Unfall 239004 (2023) Kat:3, Licht: 0","239004","3","7","2","05","13","5","","0","0","1","0","0"
"POINT (13.369542447000072 52.556895659000077)","Unfall 239005 (2023) Kat:2, Licht: 0","239005","2","2","5","05","09","3","","0","1","1","0","0"
"POINT (13.333052453000050 52.491829768000059)","Unfall 239006 (2023) Kat:3, Licht: 0","239006","3","5","4","05","07","3","","0","1","1","0","0"
"POINT (13.464590973000043 52.515279383000063)","Unfall 239007 (2023) Kat:3, Licht: 0","239007","3","7","1","05","07","3","","0","0","1","0","1"
"POINT (13.285923010000033 52.449730936000037)","Unfall 239008 (2023) Kat:3, Licht: 0","239008","3","3","5","05","17","3","","0","0","1","0","0"
"POINT (13.433002196000075 52.485037151000029)","Unfall 239009 (2023) Kat:3, Licht: 0","239009","3","4","0","05","15","2","","0","0","0","1","1"
"POINT (13.505007164000062 52.404239458000063)","Unfall 239010 (2023) Kat:3, Licht: 0","239010","3","7","1","05","10","3","","0","1","1","0","0"
"POINT (13.416714697000032 52.603377421000062)","Unfall 239011 (2023) Kat:3, Licht: 0","239011","3","4","6","05","14","2","","0","0","1","1","0"
"POINT (13.440367120000076 52.467475194000031)","Unfall 239012 (2023) Kat:3, Licht: 0","239012","3","3","0","05","16","2","","0","0","1","0","1"
"POINT (13.377022928000031 52.560711151000078)","Unfall 239013 (2023) Kat:2, Licht: 0","239013","2","6","2","05","15","2","","0","1","1","0","0"
"POINT (13.331013383000027 52.492624763000038)","Unfall 239014 (2023) Kat:3, Licht: 0","239014","3","2","5","05","14","2","","0","1","1","0","0"
"POINT (13.435220673000060 52.491188285000078)","Unfall 239015 (2023) Kat:3, Licht: 0","239015","3","2","5","05","11","2","","0","1","1","0","0"
"POINT (13.423698622000074 52.488533461000031)","Unfall 239016 (2023) Kat:3, Licht: 2","239016","3","7","6","05","23","2","","2","0","1","1","0"
"POINT (13.180424883000057 52.540473803000054)","Unfall 239017 (2023) Kat:3, Licht: 2","239017","3","7","1","05","21","2","","2","0","1","0","0"
"POINT (13.361886413000036 52.497726540000031)","Unfall 239018 (2023) Kat:3, Licht: 0","239018","3","4","6","05","16","2","","0","1","0","1","0"
"POINT (13.406446442000060 52.393762235000054)","Unfall 239019 (2023) Kat:3, Licht: 0","239019","3","2","0","05","15","2","","0","1","0","0","0"
"POINT (13.278947736000077 52.503455966000047)","Unfall 239020 (2023) Kat:3, Licht: 0","239020","3","6","2","05","13","1","","0","0","1","0","0"
"POINT (13.285935885000072 52.449726369000075)","Unfall 239021 (2023) Kat:3, Licht: 0","239021","3","3","5","05","12","2","","0","1","1","0","0"
"POINT (13.398893211000029 52.443639568000037)","Unfall 239022 (2023) Kat:3, Licht: 0","239022","3","6","2","05","08","2","","0","0","1","0","1"
"POINT (13.195298734000062 52.535551429000066)","Unfall 239023 (2023) Kat:3, Licht: 0","239023","3","2","5","05","08","5","","0","1","1","0","0"
"POINT (13.448416013000042 52.564709631000028)","Unfall 239024 (2023) Kat:3, Licht: 0","239024","3","2","5","05","08","2","","0","1","1","0","0"
"POINT (13.402676718000066 52.531451117000074)","Unfall 239025 (2023) Kat:3, Licht: 0","239025","3","1","0","05","07","2","","0","1","0","0","0"
"POINT (13.386436051000032 52.549487430000056)","Unfall 239026 (2023) Kat:3, Licht: 0","239026","3","3","5","05","06","2","","0","0","0","0","1"
"POINT (13.321815952000065 52.450961760000041)","Unfall 239027 (2023) Kat:2, Licht: 0","239027","2","2","5","05","18","2","","0","1","1","0","0"
"POINT (13.499661010000068 52.524472155000069)","Unfall 239028 (2023) Kat:3, Licht: 0","239028","3","1","0","05","11","2","","0","1","0","0","0"
"POINT (13.374014973000044 52.503703627000050)","Unfall 239029 (2023) Kat:3, Licht: 0","239029","3","3","5","05","17","2","","0","1","1","0","0"
"POINT (13.431534331000023 52.492351451000047)","Unfall 239030 (2023) Kat:3, Licht: 0","239030","3","6","0","05","16","2","","0","0","1","0","1"
"POINT (13.342780297000047 52.450466746000075)","Unfall 239031 (2023) Kat:3, Licht: 0","239031","3","2","5","05","17","2","","0","1","1","0","0"
"POINT (13.646790737000060 52.521251319000044)","Unfall 239032 (2023) Kat:3, Licht: 0","239032","3","4","6","05","17","2","","0","0","1","1","0"
"POINT (13.292023778000043 52.475032323000050)","Unfall 239033 (2023) Kat:3, Licht: 0","239033","3","4","6","05","17","2","","0","1","0","1","0"
"POINT (13.284209911000062 52.485297729000081)","Unfall 239034 (2023) Kat:3, Licht: 0","239034","3","3","5","05","11","2","","0","1","1","0","0"
"POINT (13.458400340000026 52.485788438000043)","Unfall 239035 (2023) Kat:3, Licht: 0","239035","3","2","5","05","07","2","","0","1","1","0","0"
"POINT (13.359474882000029 52.523304616000075)","Unfall 239036 (2023) Kat:3, Licht: 0","239036","3","2","5","05","16","2","","0","1","1","0","0"
"POINT (13.335125753000057 52.487929041000029)","Unfall 239037 (2023) Kat:3, Licht: 0","239037","3","2","5","05","16","2","","0","0","1","0","1"
"POINT (13.473299429000065 52.423161893000042)","Unfall 239038 (2023) Kat:3, Licht: 2","239038","3","3","5","05","00","2","","2","0","1","0","1"
"POINT (13.498408069000050 52.410450174000061)","Unfall 239039 (2023) Kat:3, Licht: 0","239039","3","3","5","05","15","2","","0","0","1","0","0"
"POINT (13.180298185000026 52.534020776000034)","Unfall 239040 (2023) Kat:2, Licht: 0","239040","2","7","0","05","14","2","","0","1","0","0","0"
"POINT (13.415111186000047 52.572266673000058)","Unfall 239041 (2023) Kat:2, Licht: 0","239041","2","4","6","05","14","2","","0","0","1","1","0"
"POINT (13.379634030000034 52.522536785000057)","Unfall 239042 (2023) Kat:2, Licht: 0","239042","2","2","6","05","11","2","","0","0","1","1","0"
"POINT (13.257064560000060 52.518858616000045)","Unfall 239043 (2023) Kat:3, Licht: 0","239043","3","3","5","05","09","2","","0","0","1","0","0"
"POINT (13.195297169000071 52.535548242000061)","Unfall 239044 (2023) Kat:3, Licht: 0","239044","3","2","5","05","09","2","","0","0","1","0","0"
"POINT (13.625487692000036 52.457070604000080)","Unfall 239045 (2023) Kat:3, Licht: 0","239045","3","2","2","05","07","2","","0","0","1","0","0"
"POINT (13.467873609000037 52.522797222000065)","Unfall 239046 (2023) Kat:3, Licht: 0","239046","3","7","5","05","07","4","","0","1","0","0","0"
"POINT (13.297493867000071 52.592053989000078)","Unfall 239047 (2023) Kat:3, Licht: 0","239047","3","3","5","05","06","2","","0","0","1","0","0"
"POINT (13.420261195000023 52.489712692000069)","Unfall 239048 (2023) Kat:3, Licht: 2","239048","3","4","6","05","22","1","","2","0","1","1","0"
"POINT (13.445146614000066 52.525527447000059)","Unfall 239049 (2023) Kat:3, Licht: 0","239049","3","6","4","05","18","1","","0","1","0","0","0"
"POINT (13.411444249000056 52.554052527000067)","Unfall 239050 (2023) Kat:3, Licht: 0","239050","3","5","1","05","17","1","","0","0","1","0","0"
"POINT (13.442747715000053 52.480408526000076)","Unfall 239051 (2023) Kat:3, Licht: 0","239051","3","3","5","05","12","1","","0","1","1","0","0"
"POINT (13.313551122000035 52.506241374000069)","Unfall 239052 (2023) Kat:3, Licht: 0","239052","3","7","0","05","16","1","","0","1","0","0","0"
"POINT (13.213808919000030 52.531816162000041)","Unfall 239053 (2023) Kat:2, Licht: 0","239053","2","3","5","05","15","1","","0","0","1","0","0"
"POINT (13.349458253000023 52.542244148000066)","Unfall 239054 (2023) Kat:2, Licht: 0","239054","2","2","5","05","13","1","","0","0","1","0","0"
"POINT (13.613393787000064 52.498842851000063)","Unfall 239055 (2023) Kat:3, Licht: 0","239055","3","6","2","05","10","1","","0","0","1","0","0"
"POINT (13.429953690000048 52.579038015000037)","Unfall 239056 (2023) Kat:3, Licht: 0","239056","3","6","2","05","10","1","","0","0","1","0","0"
"POINT (13.525421897000058 52.482209764000061)","Unfall 239057 (2023) Kat:3, Licht: 0","239057","3","2","5","05","15","5","","0","1","1","0","0"
"POINT (13.382677005000062 52.467004352000060)","Unfall 239058 (2023) Kat:3, Licht: 0","239058","3","3","5","05","19","1","","0","0","1","0","0"
"POINT (13.402460411000050 52.528275527000062)","Unfall 239059 (2023) Kat:3, Licht: 0","239059","3","6","3","05","15","1","","0","1","1","0","0"
"POINT (13.443434729000046 52.470616589000031)","Unfall 239060 (2023) Kat:3, Licht: 0","239060","3","5","1","05","13","1","","0","1","1","0","0"
"POINT (13.285535879000065 52.481867684000065)","Unfall 239061 (2023) Kat:3, Licht: 0","239061","3","5","1","05","13","1","","0","1","1","0","0"
"POINT (13.404190310000047 52.515206451000040)","Unfall 239062 (2023) Kat:3, Licht: 0","239062","3","5","1","05","12","1","","0","1","1","0","0"
"POINT (13.243188523000072 52.543790473000058)","Unfall 239063 (2023) Kat:3, Licht: 0","239063","3","1","0","05","13","3","","0","1","0","0","0"
"POINT (13.377192050000076 52.553811188000054)","Unfall 239064 (2023) Kat:3, Licht: 2","239064","3","2","5","05","22","1","","2","0","1","0","0"
"POINT (13.340023801000029 52.525718792000077)","Unfall 239065 (2023) Kat:3, Licht: 0","239065","3","5","1","05","19","1","","0","0","1","0","0"
"POINT (13.477099881000072 52.522985610000035)","Unfall 239066 (2023) Kat:3, Licht: 0","239066","3","3","5","05","18","1","","0","1","1","0","0"
"POINT (13.375924120000036 52.542707367000048)","Unfall 239067 (2023) Kat:3, Licht: 0","239067","3","4","6","05","13","1","","0","0","1","1","0"
"POINT (13.558897265000041 52.446843900000033)","Unfall 239068 (2023) Kat:3, Licht: 2","239068","3","3","5","05","21","7","","2","1","1","0","0"
"POINT (13.393765715000029 52.466492556000048)","Unfall 239069 (2023) Kat:3, Licht: 0","239069","3","2","5","05","08","4","","0","0","1","0","0"
"POINT (13.290212954000026 52.579928868000081)","Unfall 239070 (2023) Kat:3, Licht: 0","239070","3","4","6","05","16","7","","0","0","1","1","0"
"POINT (13.305908214000056 52.575011812000071)","Unfall 239071 (2023) Kat:3, Licht: 0","239071","3","7","1","05","12","7","","0","0","1","0","0"
"POINT (13.329781250000053 52.510028403000035)","Unfall 239072 (2023) Kat:3, Licht: 0","239072","3","3","5","05","17","7","","0","0","1","0","0"
"POINT (13.507365162000042 52.474885733000065)","Unfall 239073 (2023) Kat:3, Licht: 0","239073","3","3","5","05","16","6","","0","1","1","0","0"
"POINT (13.355703995000056 52.519730957000036)","Unfall 239074 (2023) Kat:3, Licht: 0","239074","3","2","5","05","12","7","","0","1","1","0","0"
"POINT (13.404301519000057 52.561449336000067)","Unfall 239075 (2023) Kat:3, Licht: 0","239075","3","3","5","05","12","7","","0","1","0","0","0"
"POINT (13.593477771000039 52.452945228000033)","Unfall 239076 (2023) Kat:3, Licht: 0","239076","3","2","5","05","14","7","","0","1","1","0","0"
"POINT (13.306827284000065 52.513473515000044)","Unfall 239077 (2023) Kat:3, Licht: 0","239077","3","2","6","05","11","7","","0","0","1","1","0"
"POINT (13.582031119000021 52.438707285000078)","Unfall 239078 (2023) Kat:3, Licht: 2","239078","3","7","0","05","01","7","","2","0","1","0","1"
"POINT (13.421166519000053 52.413161187000071)","Unfall 239079 (2023) Kat:3, Licht: 2","239079","3","3","5","05","00","7","","2","0","1","0","0"
"POINT (13.398801201000026 52.523329694000040)","Unfall 239080 (2023) Kat:3, Licht: 2","239080","3","1","0","05","21","7","","2","1","0","0","0"
"POINT (13.589566665000063 52.527738431000046)","Unfall 239081 (2023) Kat:3, Licht: 0","239081","3","4","6","05","15","7","","0","0","1","1","0"
"POINT (13.282970564000038 52.518650014000059)","Unfall 239082 (2023) Kat:3, Licht: 0","239082","3","2","5","05","14","7","","0","0","1","0","0"
"POINT (13.327334333000067 52.426112864000061)","Unfall 239083 (2023) Kat:3, Licht: 0","239083","3","2","0","05","13","7","","0","0","1","0","1"
"POINT (13.395111712000073 52.495384164000029)","Unfall 239084 (2023) Kat:2, Licht: 1","239084","2","4","6","05","05","7","","1","0","1","1","0"
"POINT (13.427003325000044 52.475614169000039)","Unfall 239085 (2023) Kat:3, Licht: 0","239085","3","5","1","05","11","6","","0","1","1","0","0"
"POINT (13.390704052000046 52.535839772000031)","Unfall 239086 (2023) Kat:3, Licht: 2","239086","3","5","1","05","03","7","","2","1","1","0","0"
"POINT (13.398916525000061 52.508225482000057)","Unfall 239087 (2023) Kat:3, Licht: 2","239087","3","3","5","05","03","7","","2","1","1","0","0"
"POINT (13.497416311000052 52.416067828000052)","Unfall 239088 (2023) Kat:3, Licht: 2","239088","3","3","5","05","21","7","","2","0","1","0","0"
"POINT (13.412692513000025 52.532457263000026)","Unfall 239089 (2023) Kat:3, Licht: 2","239089","3","6","2","05","20","7","","2","0","1","0","0"
"POINT (13.609904977000042 52.453565376000029)","Unfall 239090 (2023) Kat:3, Licht: 0","239090","3","6","2","05","09","7","","0","0","1","0","0"
"POINT (13.426645015000076 52.489092153000058)","Unfall 239091 (2023) Kat:3, Licht: 2","239091","3","7","6","05","22","6","","2","0","0","1","0"
"POINT (13.454160603000048 52.520020473000045)","Unfall 239092 (2023) Kat:2, Licht: 2","239092","2","7","0","05","21","6","","2","1","0","0","0"
"POINT (13.571837964000053 52.546294171000056)","Unfall 239093 (2023) Kat:2, Licht: 0","239093","2","1","0","05","06","3","","0","1","0","0","0"
"POINT (13.348552363000067 52.412310844000046)","Unfall 239094 (2023) Kat:3, Licht: 0","239094","3","6","2","05","16","6","","0","0","1","0","0"
"POINT (13.386391522000054 52.496486105000031)","Unfall 239095 (2023) Kat:3, Licht: 2","239095","3","1","1","05","21","6","","2","0","1","0","0"
"POINT (13.331025953000051 52.490333285000077)","Unfall 239096 (2023) Kat:3, Licht: 0","239096","3","6","2","05","14","6","","0","0","1","0","0"
"POINT (13.446749708000027 52.564894638000055)","Unfall 239097 (2023) Kat:2, Licht: 0","239097","2","2","5","05","18","6","","0","1","1","0","0"
"POINT (13.240749880000067 52.558121591000031)","Unfall 239098 (2023) Kat:3, Licht: 0","239098","3","7","7","05","17","6","","0","1","0","0","0"
"POINT (13.288974531000065 52.518945850000080)","Unfall 239099 (2023) Kat:3, Licht: 0","239099","3","6","2","05","15","6","","0","0","1","0","0"
"POINT (13.431701676000046 52.468587245000037)","Unfall 239100 (2023) Kat:3, Licht: 0","239100","3","6","4","05","15","6","","0","0","1","0","0"
"POINT (13.569325058000061 52.442646927000055)","Unfall 239101 (2023) Kat:3, Licht: 0","239101","3","3","5","05","15","6","","0","0","1","0","1"
"POINT (13.472430347000056 52.454294484000059)","Unfall 239102 (2023) Kat:3, Licht: 0","239102","3","3","5","05","14","6","","0","0","1","0","0"
"POINT (13.417769631000056 52.553242908000072)","Unfall 239103 (2023) Kat:3, Licht: 0","239103","3","5","1","05","13","6","","0","0","1","0","0"
"POINT (13.547892102000048 52.437138684000047)","Unfall 239104 (2023) Kat:3, Licht: 0","239104","3","1","0","05","12","6","","0","1","0","0","0"
"POINT (13.346989641000050 52.540246745000047)","Unfall 239105 (2023) Kat:3, Licht: 0","239105","3","3","5","05","13","6","","0","1","0","0","0"
"POINT (13.573479653000049 52.394388439000068)","Unfall 239106 (2023) Kat:3, Licht: 0","239106","3","3","5","05","07","6","","0","0","1","0","0"
"POINT (13.359416568000029 52.546641663000059)","Unfall 239107 (2023) Kat:3, Licht: 0","239107","3","7","2","05","07","6","","0","0","1","0","1"
"POINT (13.209959575000028 52.565238621000049)","Unfall 239108 (2023) Kat:2, Licht: 0","239108","2","7","0","05","18","6","","0","0","0","0","0"
"POINT (13.215811275000021 52.526786365000078)","Unfall 239109 (2023) Kat:3, Licht: 0","239109","3","6","2","05","17","6","","0","1","1","0","0"
"POINT (13.292685594000034 52.506702093000058)","Unfall 239110 (2023) Kat:3, Licht: 0","239110","3","2","5","05","15","6","","0","1","0","0","0"
"POINT (13.254403454000055 52.561623522000048)","Unfall 239111 (2023) Kat:3, Licht: 0","239111","3","5","1","05","15","6","","0","1","1","0","0"
"POINT (13.313180104000025 52.574834095000028)","Unfall 239112 (2023) Kat:3, Licht: 2","239112","3","3","5","05","21","6","","2","0","1","0","0"
"POINT (13.348526960000072 52.461064452000073)","Unfall 239113 (2023) Kat:3, Licht: 0","239113","3","3","5","05","15","6","","0","0","1","0","0"
"POINT (13.469015990000059 52.543087343000082)","Unfall 239114 (2023) Kat:3, Licht: 0","239114","3","7","0","05","16","6","","0","1","0","0","0"
"POINT (13.471375465000051 52.505153881000069)","Unfall 239115 (2023) Kat:2, Licht: 0","239115","2","2","0","05","13","6","","0","0","0","0","1"
"POINT (13.317296897000062 52.430789566000044)","Unfall 239116 (2023) Kat:3, Licht: 0","239116","3","2","0","05","14","6","","0","0","1","0","0"
"POINT (13.431582743000035 52.532079643000031)","Unfall 239117 (2023) Kat:3, Licht: 0","239117","3","2","5","05","13","6","","0","0","1","0","1"
"POINT (13.207143204000033 52.528856749000056)","Unfall 239118 (2023) Kat:3, Licht: 0","239118","3","6","2","05","10","5","","0","0","1","0","0"
"POINT (13.373107249000043 52.469225526000059)","Unfall 239119 (2023) Kat:3, Licht: 0","239119","3","6","3","05","08","6","","0","1","1","0","0"
"POINT (13.299328426000045 52.432438935000050)","Unfall 239120 (2023) Kat:3, Licht: 0","239120","3","2","5","05","09","6","","0","1","1","0","0"
"POINT (13.401172875000043 52.529819557000053)","Unfall 239121 (2023) Kat:3, Licht: 0","239121","3","1","0","05","09","6","","0","0","0","0","0"
"POINT (13.147002417000067 52.523418343000060)","Unfall 239122 (2023) Kat:3, Licht: 0","239122","3","1","0","05","11","5","","0","1","0","0","0"
"POINT (13.498082435000072 52.560874521000073)","Unfall 239123 (2023) Kat:3, Licht: 0","239123","3","1","0","05","11","5","","0","1","0","0","0"
"POINT (13.400697389000072 52.580405897000048)","Unfall 239124 (2023) Kat:3, Licht: 0","239124","3","3","5","05","18","5","","0","0","0","0","1"
"POINT (13.583923607000031 52.443841417000044)","Unfall 239125 (2023) Kat:3, Licht: 0","239125","3","3","5","05","14","5","","0","0","1","0","1"
"POINT (13.397753163000061 52.425281517000030)","Unfall 239126 (2023) Kat:3, Licht: 0","239126","3","7","2","05","14","5","","0","0","0","0","1"
"POINT (13.527046941000037 52.492084054000031)","Unfall 239127 (2023) Kat:3, Licht: 0","239127","3","7","0","05","11","5","","0","0","0","0","1"
"POINT (13.306553798000039 52.527712540000039)","Unfall 239128 (2023) Kat:3, Licht: 0","239128","3","2","5","05","10","5","","0","1","1","0","0"
"POINT (13.303304436000076 52.600591356000052)","Unfall 239129 (2023) Kat:3, Licht: 0","239129","3","2","5","05","07","5","","0","1","1","0","0"
"POINT (13.455944662000036 52.423171475000061)","Unfall 239130 (2023) Kat:3, Licht: 2","239130","3","3","5","05","04","5","","2","0","1","0","0"
"POINT (13.318267651000042 52.411129671000026)","Unfall 239131 (2023) Kat:2, Licht: 0","239131","2","4","0","05","19","5","","0","0","0","1","0"
"POINT (13.593697641000063 52.447399217000054)","Unfall 239132 (2023) Kat:3, Licht: 0","239132","3","6","3","05","18","5","","0","1","0","0","0"
"POINT (13.330208510000034 52.507134997000037)","Unfall 239133 (2023) Kat:3, Licht: 0","239133","3","5","1","05","16","5","","0","1","1","0","0"
"POINT (13.415575851000028 52.529731636000065)","Unfall 239134 (2023) Kat:3, Licht: 0","239134","3","7","5","05","16","5","","0","0","1","0","1"
"POINT (13.271452158000045 52.536516587000051)","Unfall 239135 (2023) Kat:3, Licht: 0","239135","3","6","3","05","15","5","","0","0","1","0","0"
"POINT (13.435907832000055 52.474414752000030)","Unfall 239136 (2023) Kat:3, Licht: 0","239136","3","3","5","05","14","5","","0","1","1","0","0"
"POINT (13.326470147000066 52.564490426000077)","Unfall 239137 (2023) Kat:2, Licht: 0","239137","2","4","6","05","19","5","","0","0","1","1","0"
"POINT (13.393950008000047 52.497541170000034)","Unfall 239138 (2023) Kat:3, Licht: 0","239138","3","6","2","05","18","6","","0","0","1","0","0"
"POINT (13.321897565000029 52.484211011000070)","Unfall 239139 (2023) Kat:2, Licht: 0","239139","2","1","0","05","17","5","","0","1","0","0","0"
"POINT (13.396764476000044 52.515174497000032)","Unfall 239140 (2023) Kat:3, Licht: 0","239140","3","3","5","05","10","5","","0","1","1","0","0"
"POINT (13.351562805000071 52.578165145000071)","Unfall 239141 (2023) Kat:3, Licht: 0","239141","3","3","5","05","10","5","","0","0","1","0","0"
"POINT (13.379614056000037 52.522654864000060)","Unfall 239142 (2023) Kat:3, Licht: 0","239142","3","2","5","05","09","5","","0","0","1","0","0"
"POINT (13.320043640000051 52.470877081000026)","Unfall 239143 (2023) Kat:3, Licht: 0","239143","3","6","2","05","14","5","","0","0","1","0","0"
"POINT (13.294310961000065 52.497760710000080)","Unfall 239144 (2023) Kat:3, Licht: 0","239144","3","2","5","05","14","5","","0","0","1","0","1"
"POINT (13.361194576000059 52.494232275000059)","Unfall 239145 (2023) Kat:3, Licht: 0","239145","3","2","0","05","12","5","","0","0","0","0","0"
"POINT (13.281183881000061 52.482122171000071)","Unfall 239146 (2023) Kat:3, Licht: 0","239146","3","2","5","05","11","5","","0","0","1","0","0"
"POINT (13.528439302000038 52.429094857000052)","Unfall 239147 (2023) Kat:3, Licht: 0","239147","3","3","5","05","10","5","","0","0","1","0","0"
"POINT (13.337919648000025 52.462743367000030)","Unfall 239148 (2023) Kat:3, Licht: 0","239148","3","6","4","05","08","5","","0","1","1","0","0"
"POINT (13.428643349000026 52.499235290000058)","Unfall 239149 (2023) Kat:3, Licht: 0","239149","3","7","0","05","08","5","","0","1","0","0","0"
"POINT (13.600714436000032 52.531707436000033)","Unfall 239150 (2023) Kat:3, Licht: 0","239150","3","3","5","05","07","5","","0","0","1","0","1"
"POINT (13.583560117000047 52.451576489000047)","Unfall 239151 (2023) Kat:3, Licht: 0","239151","3","7","2","05","17","5","","0","0","1","0","1"
"POINT (13.350291605000052 52.533114123000075)","Unfall 239152 (2023) Kat:3, Licht: 0","239152","3","4","6","05","18","5","","0","1","0","1","0"
"POINT (13.407950492000055 52.500127500000076)","Unfall 239153 (2023) Kat:3, Licht: 0","239153","3","4","6","05","17","5","","0","0","0","1","1"
"POINT (13.354690184000049 52.536781287000053)","Unfall 239154 (2023) Kat:2, Licht: 0","239154","2","2","5","05","15","5","","0","0","1","0","1"
"POINT (13.335574225000073 52.602714409000043)","Unfall 239155 (2023) Kat:3, Licht: 0","239155","3","3","5","05","17","5","","0","0","1","0","1"
"POINT (13.200669405000042 52.538726461000067)","Unfall 239156 (2023) Kat:3, Licht: 0","239156","3","2","5","05","15","5","","0","0","0","0","0"
"POINT (13.541736203000028 52.566132686000060)","Unfall 239157 (2023) Kat:3, Licht: 0","239157","3","1","8","05","15","5","","0","0","1","0","0"
"POINT (13.509638510000059 52.453184966000038)","Unfall 239158 (2023) Kat:3, Licht: 0","239158","3","1","0","05","13","5","","0","0","0","0","0"
"POINT (13.302907797000046 52.505522698000050)","Unfall 239159 (2023) Kat:3, Licht: 0","239159","3","2","5","05","12","5","","0","0","1","0","0"
"POINT (13.326270578000049 52.591626245000043)","Unfall 239160 (2023) Kat:2, Licht: 0","239160","2","2","6","05","11","5","","0","0","0","1","0"
"POINT (13.321645227000033 52.505787414000054)","Unfall 239161 (2023) Kat:3, Licht: 0","239161","3","2","5","05","09","5","","0","1","1","0","0"
"POINT (13.373428251000064 52.564296525000032)","Unfall 239162 (2023) Kat:2, Licht: 0","239162","2","2","5","05","09","5","","0","1","1","0","0"
"POINT (13.423088451000069 52.537040166000054)","Unfall 239163 (2023) Kat:3, Licht: 0","239163","3","3","5","05","15","4","","0","1","0","0","0"
"POINT (13.441567651000071 52.543311283000037)","Unfall 239164 (2023) Kat:3, Licht: 0","239164","3","2","5","05","13","4","","0","0","1","0","0"
"POINT (13.205500925000024 52.539669305000075)","Unfall 239165 (2023) Kat:3, Licht: 2","239165","3","2","5","05","21","4","","2","1","0","0","1"
"POINT (13.194490187000042 52.523694808000073)","Unfall 239166 (2023) Kat:3, Licht: 2","239166","3","7","0","05","21","4","","2","1","0","0","0"
"POINT (13.453571882000062 52.489226964000068)","Unfall 239167 (2023) Kat:3, Licht: 1","239167","3","5","0","05","20","4","","1","0","1","0","1"
"POINT (13.418226701000037 52.517361124000047)","Unfall 239168 (2023) Kat:3, Licht: 2","239168","3","4","6","05","22","4","","2","1","0","1","0"
"POINT (13.382841903000042 52.467104082000048)","Unfall 239169 (2023) Kat:3, Licht: 2","239169","3","3","5","05","22","4","","2","0","1","0","0"
"POINT (13.268614525000032 52.451014938000071)","Unfall 239170 (2023) Kat:3, Licht: 0","239170","3","2","3","05","17","4","","0","1","1","0","0"
"POINT (13.184264804000065 52.534172322000074)","Unfall 239171 (2023) Kat:3, Licht: 0","239171","3","3","5","05","16","4","","0","0","1","0","0"
"POINT (13.406951844000048 52.523030015000074)","Unfall 239172 (2023) Kat:3, Licht: 0","239172","3","3","2","05","16","4","","0","1","1","0","0"
"POINT (13.295070760000044 52.575986232000048)","Unfall 239173 (2023) Kat:2, Licht: 0","239173","2","4","6","05","15","4","","0","0","1","1","0"
"POINT (13.197271009000076 52.533208630000047)","Unfall 239174 (2023) Kat:3, Licht: 0","239174","3","7","1","05","15","4","","0","0","0","0","0"
"POINT (13.109225310000056 52.414133716000038)","Unfall 239175 (2023) Kat:3, Licht: 0","239175","3","3","5","05","15","4","","0","1","1","0","0"
"POINT (13.435020785000063 52.532352456000069)","Unfall 239176 (2023) Kat:3, Licht: 0","239176","3","5","1","05","13","4","","0","0","1","0","0"
"POINT (13.395812904000024 52.538401328000077)","Unfall 239177 (2023) Kat:3, Licht: 0","239177","3","2","2","05","14","4","","0","0","1","0","0"
"POINT (13.424291249000078 52.475800090000064)","Unfall 239178 (2023) Kat:3, Licht: 0","239178","3","3","5","05","07","4","","0","0","1","0","0"
"POINT (13.219607616000076 52.611891070000070)","Unfall 239179 (2023) Kat:3, Licht: 0","239179","3","7","0","05","12","4","","0","1","0","0","0"
"POINT (13.356384353000067 52.535891114000037)","Unfall 239180 (2023) Kat:3, Licht: 0","239180","3","2","5","05","17","6","","0","1","0","0","1"