WKT,Name,OBJECTID,UKATEGORIE,UTYP1,UART,UMONAT,USTUNDE,UWOCHENTAG,STRZUSTAND,ULICHTVERH,ISTRAD,ISTPKW,ISTFUSS,ISTKRAD
"POINT (13.582888735000040 52.548977965000063)","Unfall 239181 (2023) Kat:3, Licht: 0","239181","3","6","2","05","09","4","","0","0","1","0","0"
"POINT (13.378816187000041 52.449895567000056)","Unfall 239182 (2023) Kat:3, Licht: 0","239182","3","2","2","05","09","4","","0","0","1","0","0"
"POINT (13.411770049000040 52.523965972000042)","Unfall 239183 (2023) Kat:3, Licht: 0","239183","3","2","5","05","06","4","","0","0","0","0","0"
"POINT (13.572571625000023 52.470764014000054)","Unfall 239184 (2023) Kat:3, Licht: 0","239184","3","2","2","05","16","4","","0","0","1","0","0"
"POINT (13.299255251000034 52.462250367000081)","Unfall 239185 (2023) Kat:3, Licht: 0","239185","3","5","1","05","11","4","","0","0","1","0","0"
"POINT (13.411011000000030 52.530612932000054)","Unfall 239186 (2023) Kat:3, Licht: 0","239186","3","2","5","05","09","4","","0","1","1","0","0"
"POINT (13.240578138000046 52.601960899000062)","Unfall 239187 (2023) Kat:3, Licht: 0","239187","3","1","1","05","05","4","","0","0","1","0","1"
"POINT (13.408060997000064 52.518814484000075)","Unfall 239188 (2023) Kat:3, Licht: 0","239188","3","7","5","05","18","4","","0","1","1","0","0"
"POINT (13.435339616000022 52.494070865000026)","Unfall 239189 (2023) Kat:3, Licht: 0","239189","3","3","5","05","18","4","","0","1","1","0","0"
"POINT (13.583644632000073 52.448487000000057)","Unfall 239190 (2023) Kat:3, Licht: 0","239190","3","3","5","05","17","4","","0","1","1","0","0"
"POINT (13.526683400000024 52.426904093000076)","Unfall 239191 (2023) Kat:3, Licht: 0","239191","3","6","2","05","15","4","","0","0","1","0","0"
"POINT (13.507371715000033 52.484246701000075)","Unfall 239192 (2023) Kat:3, Licht: 0","239192","3","6","2","05","13","4","","0","1","1","0","0"
"POINT (13.612960531000056 52.508229420000077)","Unfall 239193 (2023) Kat:2, Licht: 0","239193","2","7","5","05","11","4","","0","0","1","0","1"
"POINT (13.337672447000045 52.480818867000039)","Unfall 239194 (2023) Kat:3, Licht: 0","239194","3","5","1","05","10","4","","0","1","1","0","0"
"POINT (13.299709250000035 52.422768821000034)","Unfall 239195 (2023) Kat:3, Licht: 0","239195","3","5","1","05","09","4","","0","0","1","0","0"
"POINT (13.358787028000052 52.596824570000081)","Unfall 239196 (2023) Kat:2, Licht: 0","239196","2","4","6","05","08","4","","0","0","1","1","0"
"POINT (13.593327961000057 52.441253042000028)","Unfall 239197 (2023) Kat:3, Licht: 0","239197","3","3","5","05","07","4","","0","0","1","0","0"
"POINT (13.330304586000068 52.512973527000042)","Unfall 239198 (2023) Kat:3, Licht: 0","239198","3","3","5","05","18","4","","0","1","1","0","0"
"POINT (13.345171617000062 52.554233767000028)","Unfall 239199 (2023) Kat:3, Licht: 0","239199","3","2","5","05","17","4","","0","1","1","0","0"
"POINT (13.175994448000040 52.533729323000045)","Unfall 239200 (2023) Kat:3, Licht: 0","239200","3","6","0","05","16","4","","0","0","1","0","0"
"POINT (13.351235008000060 52.504360593000058)","Unfall 239201 (2023) Kat:3, Licht: 0","239201","3","2","0","05","15","4","","0","1","0","0","1"
"POINT (13.591595286000029 52.432339242000069)","Unfall 239202 (2023) Kat:3, Licht: 0","239202","3","3","5","05","15","5","","0","0","1","0","0"
"POINT (13.250495519000026 52.452331124000068)","Unfall 239203 (2023) Kat:2, Licht: 0","239203","2","1","1","05","15","4","","0","0","1","0","0"
"POINT (13.525134650000041 52.479925998000056)","Unfall 239204 (2023) Kat:3, Licht: 0","239204","3","4","6","05","15","4","","0","1","0","1","0"
"POINT (13.351539628000069 52.505128579000029)","Unfall 239205 (2023) Kat:3, Licht: 0","239205","3","6","3","05","14","4","","0","0","1","0","1"
"POINT (13.312083668000071 52.585065357000076)","Unfall 239206 (2023) Kat:3, Licht: 0","239206","3","7","0","05","14","4","","0","0","0","0","1"
"POINT (13.321244826000054 52.497978577000026)","Unfall 239207 (2023) Kat:3, Licht: 0","239207","3","7","0","05","14","4","","0","1","1","0","0"
"POINT (13.390196114000048 52.508627099000080)","Unfall 239208 (2023) Kat:2, Licht: 0","239208","2","3","5","05","10","4","","0","0","1","0","0"
"POINT (13.379282127000067 52.489635263000082)","Unfall 239209 (2023) Kat:3, Licht: 0","239209","3","3","5","05","08","4","","0","0","1","0","0"
"POINT (13.604249610000068 52.485358190000056)","Unfall 239210 (2023) Kat:3, Licht: 0","239210","3","5","1","05","12","3","","0","1","0","0","0"
"POINT (13.346216187000039 52.449635716000046)","Unfall 239211 (2023) Kat:3, Licht: 0","239211","3","6","2","05","08","4","","0","0","1","0","0"
"POINT (13.510666231000073 52.450315789000058)","Unfall 239212 (2023) Kat:3, Licht: 0","239212","3","7","5","05","08","3","","0","0","1","0","0"
"POINT (13.293859638000072 52.534765522000043)","Unfall 239213 (2023) Kat:3, Licht: 0","239213","3","6","3","05","14","3","","0","0","1","0","1"
"POINT (13.352156024000067 52.505524188000038)","Unfall 239214 (2023) Kat:3, Licht: 0","239214","3","3","5","05","14","3","","0","0","1","0","0"
"POINT (13.605047133000028 52.487370308000038)","Unfall 239215 (2023) Kat:3, Licht: 0","239215","3","2","5","05","13","3","","0","1","1","0","0"
"POINT (13.460881734000054 52.439677406000044)","Unfall 239216 (2023) Kat:3, Licht: 0","239216","3","5","1","05","11","3","","0","0","1","0","1"
"POINT (13.434927759000061 52.481211479000081)","Unfall 239217 (2023) Kat:3, Licht: 0","239217","3","4","2","05","10","3","","0","1","1","1","0"
"POINT (13.436791897000035 52.465763934000051)","Unfall 239218 (2023) Kat:3, Licht: 0","239218","3","5","1","05","07","3","","0","1","1","0","0"
"POINT (13.406117533000042 52.581718657000067)","Unfall 239219 (2023) Kat:3, Licht: 0","239219","3","3","5","05","07","3","","0","1","1","0","0"
"POINT (13.433478345000026 52.444481066000037)","Unfall 239220 (2023) Kat:2, Licht: 0","239220","2","4","6","05","06","3","","0","0","1","1","0"
"POINT (13.508406056000069 52.463705544000049)","Unfall 239221 (2023) Kat:3, Licht: 0","239221","3","2","6","05","19","3","","0","0","1","1","0"
"POINT (13.446944355000028 52.427083364000055)","Unfall 239222 (2023) Kat:2, Licht: 0","239222","2","2","5","05","15","3","","0","0","1","0","1"
"POINT (13.559680526000022 52.479264839000052)","Unfall 239223 (2023) Kat:3, Licht: 0","239223","3","6","2","05","14","3","","0","0","1","0","0"
"POINT (13.299245848000055 52.527976780000074)","Unfall 239224 (2023) Kat:3, Licht: 0","239224","3","2","5","05","14","3","","0","1","1","0","0"
"POINT (13.311595160000024 52.420426444000043)","Unfall 239225 (2023) Kat:3, Licht: 0","239225","3","4","6","05","13","3","","0","0","1","1","0"
"POINT (13.387078632000055 52.527219559000059)","Unfall 239226 (2023) Kat:3, Licht: 0","239226","3","6","0","05","09","3","","0","1","1","0","0"
"POINT (13.564354530000060 52.520362523000074)","Unfall 239227 (2023) Kat:3, Licht: 0","239227","3","6","2","05","10","3","","0","0","1","0","0"
"POINT (13.342342235000046 52.524245893000057)","Unfall 239228 (2023) Kat:3, Licht: 0","239228","3","2","5","05","11","3","","0","1","1","0","0"
"POINT (13.371398989000056 52.569509583000070)","Unfall 239229 (2023) Kat:3, Licht: 0","239229","3","3","5","05","11","3","","0","1","1","0","0"
"POINT (13.299910949000036 52.480614657000046)","Unfall 239230 (2023) Kat:3, Licht: 2","239230","3","5","1","05","00","4","","2","0","1","0","0"
"POINT (13.397631806000049 52.581559061000064)","Unfall 239231 (2023) Kat:2, Licht: 0","239231","2","5","1","05","10","3","","0","1","1","0","0"
"POINT (13.377227027000060 52.512896825000041)","Unfall 239232 (2023) Kat:3, Licht: 2","239232","3","2","5","05","01","6","","2","1","1","0","0"
"POINT (13.324153981000052 52.473440660000051)","Unfall 239233 (2023) Kat:3, Licht: 0","239233","3","3","5","05","09","3","","0","1","1","0","0"
"POINT (13.448926932000063 52.497252867000043)","Unfall 239234 (2023) Kat:3, Licht: 0","239234","3","2","5","05","08","3","","0","1","1","0","0"
"POINT (13.462170180000044 52.518876758000033)","Unfall 239235 (2023) Kat:3, Licht: 2","239235","3","5","1","05","04","2","","2","0","0","0","0"
"POINT (13.416804881000076 52.418167867000079)","Unfall 239236 (2023) Kat:3, Licht: 2","239236","3","7","2","05","23","2","","2","0","1","0","0"
"POINT (13.366832298000077 52.551129327000069)","Unfall 239237 (2023) Kat:3, Licht: 2","239237","3","7","6","05","21","2","","2","0","1","1","0"
"POINT (13.307890383000029 52.578175377000036)","Unfall 239238 (2023) Kat:3, Licht: 0","239238","3","1","1","05","20","2","","0","0","1","0","0"
"POINT (13.395692160000067 52.498477762000050)","Unfall 239239 (2023) Kat:2, Licht: 2","239239","2","3","5","05","20","2","","2","1","1","0","0"
"POINT (13.430232838000052 52.481429837000064)","Unfall 239240 (2023) Kat:3, Licht: 0","239240","3","5","1","05","17","2","","0","1","0","0","0"
"POINT (13.318421326000077 52.594201229000078)","Unfall 239241 (2023) Kat:2, Licht: 0","239241","2","1","8","05","09","2","","0","0","1","0","0"
"POINT (13.459060066000063 52.529066912000076)","Unfall 239242 (2023) Kat:3, Licht: 0","239242","3","2","5","05","16","6","","0","0","1","0","1"
"POINT (13.317285127000048 52.566636809000045)","Unfall 239243 (2023) Kat:3, Licht: 0","239243","3","7","2","05","17","2","","0","0","1","0","0"
"POINT (13.372277182000062 52.561387569000033)","Unfall 239244 (2023) Kat:3, Licht: 0","239244","3","4","6","05","16","2","","0","0","1","1","0"
"POINT (13.520859302000076 52.565162044000033)","Unfall 239245 (2023) Kat:3, Licht: 0","239245","3","7","1","05","15","2","","0","1","1","0","0"
"POINT (13.662633707000055 52.449298215000056)","Unfall 239246 (2023) Kat:3, Licht: 0","239246","3","6","2","05","14","2","","0","1","0","0","0"
"POINT (13.448850502000028 52.419540034000079)","Unfall 239247 (2023) Kat:2, Licht: 0","239247","2","4","6","05","11","2","","0","0","1","1","0"
"POINT (13.323015006000048 52.599928380000051)","Unfall 239248 (2023) Kat:3, Licht: 0","239248","3","7","6","05","09","2","","0","0","1","1","0"
"POINT (13.253597342000035 52.537772830000051)","Unfall 239249 (2023) Kat:3, Licht: 0","239249","3","7","0","05","20","2","","0","0","0","0","1"
"POINT (13.430408264000050 52.478161475000036)","Unfall 239250 (2023) Kat:3, Licht: 0","239250","3","7","5","05","19","2","","0","0","1","0","1"
"POINT (13.330457974000069 52.495586874000026)","Unfall 239251 (2023) Kat:3, Licht: 0","239251","3","6","2","05","19","2","","0","0","1","0","1"
"POINT (13.363077940000039 52.548756716000071)","Unfall 239252 (2023) Kat:3, Licht: 0","239252","3","3","5","05","18","2","","0","0","1","0","0"
"POINT (13.302933837000069 52.536474406000082)","Unfall 239253 (2023) Kat:3, Licht: 0","239253","3","7","5","05","14","2","","0","0","1","0","0"
"POINT (13.390737818000048 52.516984496000077)","Unfall 239254 (2023) Kat:2, Licht: 0","239254","2","1","0","05","09","4","","0","1","0","0","0"
"POINT (13.365971519000027 52.505820245000052)","Unfall 239255 (2023) Kat:3, Licht: 0","239255","3","6","3","05","11","2","","0","0","1","0","0"
"POINT (13.565698213000076 52.529702191000069)","Unfall 239256 (2023) Kat:3, Licht: 0","239256","3","1","0","04","15","1","","0","0","0","0","0"
"POINT (13.298950815000069 52.473268167000072)","Unfall 239257 (2023) Kat:3, Licht: 2","239257","3","1","9","04","23","1","","2","0","1","0","0"
"POINT (13.367922893000070 52.525885486000050)","Unfall 239258 (2023) Kat:2, Licht: 2","239258","2","2","5","04","21","1","","2","0","0","0","1"
"POINT (13.159364538000034 52.552373918000058)","Unfall 239259 (2023) Kat:2, Licht: 2","239259","2","4","6","04","20","1","","2","0","1","1","0"
"POINT (13.502771852000024 52.447151981000047)","Unfall 239260 (2023) Kat:3, Licht: 0","239260","3","2","5","04","19","1","","0","1","1","0","0"
"POINT (13.439529962000051 52.523965458000077)","Unfall 239261 (2023) Kat:3, Licht: 0","239261","3","4","6","04","18","1","","0","0","0","1","0"
"POINT (13.485352586000033 52.506635541000037)","Unfall 239262 (2023) Kat:2, Licht: 0","239262","2","2","5","04","19","1","","0","0","1","0","1"
"POINT (13.274803294000037 52.460450646000027)","Unfall 239263 (2023) Kat:2, Licht: 0","239263","2","2","5","04","17","1","","0","1","1","0","0"
"POINT (13.452374544000065 52.481315394000035)","Unfall 239264 (2023) Kat:3, Licht: 0","239264","3","3","5","04","16","1","","0","0","1","0","1"
"POINT (13.403452381000022 52.523172924000050)","Unfall 239265 (2023) Kat:2, Licht: 0","239265","2","4","6","04","16","1","","0","0","1","1","0"
"POINT (13.293345937000026 52.575844513000050)","Unfall 239266 (2023) Kat:3, Licht: 0","239266","3","7","5","04","16","1","","0","0","1","0","1"
"POINT (13.410300672000062 52.503782708000074)","Unfall 239267 (2023) Kat:3, Licht: 0","239267","3","3","5","04","14","1","","0","1","1","0","0"
"POINT (13.424028070000077 52.501684100000034)","Unfall 239268 (2023) Kat:3, Licht: 0","239268","3","5","0","04","13","1","","0","1","1","0","0"
"POINT (13.601079016000028 52.451592487000028)","Unfall 239269 (2023) Kat:3, Licht: 0","239269","3","7","0","04","11","1","","0","1","0","0","0"
"POINT (13.406961037000031 52.393781114000035)","Unfall 239270 (2023) Kat:3, Licht: 0","239270","3","2","5","04","10","1","","0","1","1","0","0"
"POINT (13.476878626000030 52.620609609000041)","Unfall 239271 (2023) Kat:3, Licht: 0","239271","3","1","8","04","08","1","","0","0","1","0","0"
"POINT (13.373787473000050 52.562985612000034)","Unfall 239272 (2023) Kat:3, Licht: 2","239272","3","7","1","04","02","1","","2","0","1","0","0"
"POINT (13.361285539000050 52.497849393000081)","Unfall 239273 (2023) Kat:3, Licht: 2","239273","3","5","1","04","02","1","","2","1","1","0","0"
"POINT (13.464867679000065 52.566930401000036)","Unfall 239274 (2023) Kat:2, Licht: 0","239274","2","1","9","04","12","1","","0","0","0","0","1"
"POINT (13.586642977000054 52.549440971000081)","Unfall 239275 (2023) Kat:3, Licht: 0","239275","3","6","3","04","07","1","","0","0","1","0","0"
"POINT (13.345365428000036 52.529871268000079)","Unfall 239276 (2023) Kat:3, Licht: 0","239276","3","7","6","04","19","1","","0","0","1","1","0"
"POINT (13.385974741000041 52.458018853000056)","Unfall 239277 (2023) Kat:3, Licht: 0","239277","3","6","2","04","17","1","","0","0","1","0","0"
"POINT (13.365764778000027 52.562920297000062)","Unfall 239278 (2023) Kat:3, Licht: 0","239278","3","6","3","04","16","1","","0","0","1","0","1"
"POINT (13.359579461000067 52.610964607000028)","Unfall 239279 (2023) Kat:3, Licht: 0","239279","3","5","1","04","15","1","","0","1","1","0","0"
"POINT (13.335750724000036 52.513491302000034)","Unfall 239280 (2023) Kat:3, Licht: 0","239280","3","2","5","04","15","1","","0","1","1","0","0"
"POINT (13.378363485000023 52.576507807000041)","Unfall 239281 (2023) Kat:3, Licht: 0","239281","3","6","2","04","12","1","","0","0","1","0","0"
"POINT (13.571074871000064 52.444713799000056)","Unfall 239282 (2023) Kat:3, Licht: 0","239282","3","6","6","04","11","1","","0","1","0","1","0"
"POINT (13.385203952000040 52.498529755000050)","Unfall 239283 (2023) Kat:2, Licht: 2","239283","2","4","6","04","01","1","","2","0","1","1","0"
"POINT (13.316405888000077 52.498705682000036)","Unfall 239284 (2023) Kat:3, Licht: 2","239284","3","2","6","04","23","7","","2","0","1","1","0"
"POINT (13.150764843000047 52.542960449000077)","Unfall 239285 (2023) Kat:3, Licht: 2","239285","3","5","1","04","23","7","","2","1","1","0","0"
"POINT (13.534513860000061 52.425989219000030)","Unfall 239286 (2023) Kat:2, Licht: 2","239286","2","1","8","04","21","7","","2","0","1","0","0"
"POINT (13.314628636000066 52.481445684000050)","Unfall 239287 (2023) Kat:3, Licht: 2","239287","3","7","7","05","02","6","","2","0","0","0","1"
"POINT (13.524121471000058 52.459528173000081)","Unfall 239288 (2023) Kat:3, Licht: 0","239288","3","2","5","05","18","3","","0","1","1","0","0"
"POINT (13.337062863000028 52.558832455000072)","Unfall 239289 (2023) Kat:3, Licht: 0","239289","3","6","2","04","19","7","","0","0","1","0","0"
"POINT (13.336645563000047 52.504069159000039)","Unfall 239290 (2023) Kat:3, Licht: 0","239290","3","3","5","04","18","7","","0","1","1","0","0"
"POINT (13.327454284000055 52.503025599000068)","Unfall 239291 (2023) Kat:3, Licht: 0","239291","3","2","2","04","16","7","","0","0","1","0","0"
"POINT (13.332080282000049 52.468346439000072)","Unfall 239292 (2023) Kat:3, Licht: 0","239292","3","6","2","04","14","7","","0","0","1","0","0"
"POINT (13.402546803000064 52.602185240000040)","Unfall 239293 (2023) Kat:3, Licht: 0","239293","3","3","5","04","13","7","","0","0","1","0","0"
"POINT (13.466073551000022 52.533414563000065)","Unfall 239294 (2023) Kat:2, Licht: 0","239294","2","1","0","04","12","7","","0","0","1","0","1"
"POINT (13.418223396000030 52.532891858000028)","Unfall 239295 (2023) Kat:2, Licht: 0","239295","2","7","4","04","11","7","","0","0","1","0","0"
"POINT (13.401202908000073 52.414609106000057)","Unfall 239296 (2023) Kat:3, Licht: 0","239296","3","2","5","04","10","7","","0","0","1","0","0"
"POINT (13.288137608000056 52.518895283000063)","Unfall 239297 (2023) Kat:3, Licht: 1","239297","3","1","1","04","20","7","","1","1","1","0","0"
"POINT (13.401624083000058 52.529629477000071)","Unfall 239298 (2023) Kat:2, Licht: 0","239298","2","6","0","04","16","7","","0","0","1","0","1"
"POINT (13.480205664000039 52.478360710000061)","Unfall 239299 (2023) Kat:3, Licht: 0","239299","3","4","6","04","15","7","","0","0","1","1","0"
"POINT (13.351404690000038 52.477884827000082)","Unfall 239300 (2023) Kat:2, Licht: 0","239300","2","7","0","04","19","7","","0","0","1","0","0"
"POINT (13.475139347000038 52.425783631000058)","Unfall 239301 (2023) Kat:3, Licht: 0","239301","3","6","6","04","14","7","","0","1","0","1","0"
"POINT (13.413620908000041 52.547642768000060)","Unfall 239302 (2023) Kat:3, Licht: 0","239302","3","2","2","04","13","7","","0","0","1","0","0"
"POINT (13.346031832000051 52.495859535000079)","Unfall 239303 (2023) Kat:3, Licht: 0","239303","3","3","5","05","12","5","","0","1","1","0","0"
"POINT (13.209723591000056 52.547795861000054)","Unfall 239304 (2023) Kat:3, Licht: 2","239304","3","6","2","04","01","7","","2","0","1","0","0"
"POINT (13.385652549000042 52.507218765000061)","Unfall 239305 (2023) Kat:3, Licht: 0","239305","3","5","1","04","14","7","","0","1","1","0","0"
"POINT (13.448652114000026 52.488103447000071)","Unfall 239306 (2023) Kat:3, Licht: 0","239306","3","3","0","04","10","7","","0","0","1","0","1"
"POINT (13.350293450000038 52.414387740000052)","Unfall 239307 (2023) Kat:3, Licht: 0","239307","3","3","5","04","11","7","","0","0","1","0","0"
"POINT (13.328377781000029 52.533793258000060)","Unfall 239308 (2023) Kat:3, Licht: 1","239308","3","1","0","04","19","6","","1","0","1","0","0"
"POINT (13.199868612000046 52.535012928000071)","Unfall 239309 (2023) Kat:3, Licht: 0","239309","3","6","2","04","18","6","","0","0","1","0","0"
"POINT (13.290863770000044 52.634237686000063)","Unfall 239310 (2023) Kat:3, Licht: 0","239310","3","5","1","04","16","6","","0","1","1","0","0"
"POINT (13.267068881000057 52.408951101000071)","Unfall 239311 (2023) Kat:3, Licht: 0","239311","3","6","2","04","15","6","","0","1","1","0","0"
"POINT (13.264565913000069 52.451404702000048)","Unfall 239312 (2023) Kat:3, Licht: 0","239312","3","6","3","04","14","6","","0","1","1","0","0"
"POINT (13.400523138000040 52.509978066000031)","Unfall 239313 (2023) Kat:2, Licht: 0","239313","2","7","5","05","07","6","","0","0","1","0","1"
"POINT (13.406667046000052 52.498451833000047)","Unfall 239314 (2023) Kat:3, Licht: 0","239314","3","7","5","04","12","6","","0","1","1","0","0"
"POINT (13.458858052000039 52.506618585000069)","Unfall 239315 (2023) Kat:3, Licht: 0","239315","3","2","5","04","12","6","","0","1","1","0","0"
"POINT (13.553019957000060 52.433903753000038)","Unfall 239316 (2023) Kat:3, Licht: 0","239316","3","3","5","04","11","6","","0","0","1","0","0"
"POINT (13.316792416000055 52.501236133000077)","Unfall 239317 (2023) Kat:3, Licht: 0","239317","3","2","5","04","10","6","","0","0","1","0","1"
"POINT (13.391704390000029 52.511380402000043)","Unfall 239318 (2023) Kat:3, Licht: 0","239318","3","1","0","05","11","6","","0","1","0","0","0"
"POINT (13.296539617000064 52.500399069000082)","Unfall 239319 (2023) Kat:3, Licht: 0","239319","3","6","2","04","10","6","","0","0","1","0","0"
"POINT (13.331159319000051 52.495421899000064)","Unfall 239320 (2023) Kat:3, Licht: 0","239320","3","2","5","04","09","6","","0","1","1","0","0"
"POINT (13.322135725000066 52.560605971000030)","Unfall 239321 (2023) Kat:3, Licht: 0","239321","3","6","2","04","07","6","","0","0","1","0","1"
"POINT (13.466274320000025 52.551276272000052)","Unfall 239322 (2023) Kat:3, Licht: 1","239322","3","6","3","04","05","6","","1","1","0","0","0"
"POINT (13.414581535000025 52.502018790000079)","Unfall 239323 (2023) Kat:3, Licht: 2","239323","3","6","4","04","02","6","","2","0","1","0","0"
"POINT (13.453375061000031 52.542077156000062)","Unfall 239324 (2023) Kat:3, Licht: 1","239324","3","3","5","04","20","6","","1","1","1","0","0"
"POINT (13.319369755000025 52.531279529000074)","Unfall 239325 (2023) Kat:3, Licht: 0","239325","3","6","0","04","07","6","","0","0","0","0","0"
"POINT (13.331956532000049 52.513330370000062)","Unfall 239326 (2023) Kat:3, Licht: 0","239326","3","6","3","05","14","1","","0","0","1","0","0"
"POINT (13.469518617000062 52.615622148000057)","Unfall 239327 (2023) Kat:3, Licht: 0","239327","3","5","1","04","12","6","","0","1","1","0","0"
"POINT (13.426838531000044 52.488379252000072)","Unfall 239328 (2023) Kat:3, Licht: 0","239328","3","3","5","04","12","6","","0","1","0","0","0"
"POINT (13.431977174000053 52.515232607000030)","Unfall 239329 (2023) Kat:3, Licht: 0","239329","3","3","5","04","06","6","","0","0","1","0","0"
"POINT (13.471416464000072 52.505166689000077)","Unfall 239330 (2023) Kat:2, Licht: 0","239330","2","3","5","04","15","6","","0","1","1","0","0"
"POINT (13.378616802000067 52.478467945000034)","Unfall 239331 (2023) Kat:3, Licht: 0","239331","3","3","5","04","13","6","","0","1","1","0","0"
"POINT (13.260276973000032 52.534492912000076)","Unfall 239332 (2023) Kat:3, Licht: 0","239332","3","6","2","04","13","6","","0","0","1","0","0"
"POINT (13.380851989000064 52.505575246000035)","Unfall 239333 (2023) Kat:3, Licht: 0","239333","3","7","5","04","11","6","","0","0","1","0","0"
"POINT (13.353044899000054 52.596519581000052)","Unfall 239334 (2023) Kat:3, Licht: 0","239334","3","1","8","04","09","6","","0","0","1","1","0"
"POINT (13.624932528000045 52.452720529000032)","Unfall 239335 (2023) Kat:3, Licht: 0","239335","3","2","5","04","08","6","","0","1","0","0","0"
"POINT (13.425220824000064 52.493265660000077)","Unfall 239336 (2023) Kat:3, Licht: 0","239336","3","1","1","04","19","6","","0","0","1","0","0"
"POINT (13.431942585000058 52.505718132000027)","Unfall 239337 (2023) Kat:3, Licht: 0","239337","3","2","2","04","17","6","","0","0","1","0","0"
"POINT (13.318699413000047 52.574004299000080)","Unfall 239338 (2023) Kat:2, Licht: 0","239338","2","3","5","04","14","6","","0","0","1","0","1"
"POINT (13.232507347000023 52.540531689000034)","Unfall 239339 (2023) Kat:3, Licht: 0","239339","3","2","3","04","14","6","","0","0","1","0","0"
"POINT (13.328895948000024 52.503366137000057)","Unfall 239340 (2023) Kat:2, Licht: 0","239340","2","5","1","04","14","6","","0","1","1","0","0"
"POINT (13.306672189000039 52.517530873000055)","Unfall 239341 (2023) Kat:3, Licht: 0","239341","3","2","5","04","13","6","","0","1","1","0","0"
"POINT (13.359099143000037 52.546279220000031)","Unfall 239342 (2023) Kat:3, Licht: 0","239342","3","2","5","04","11","6","","0","1","1","0","0"
"POINT (13.325528863000045 52.527731361000065)","Unfall 239343 (2023) Kat:2, Licht: 0","239343","2","2","5","05","09","5","","0","0","1","0","1"
"POINT (13.429945836000059 52.551078787000051)","Unfall 239344 (2023) Kat:3, Licht: 0","239344","3","2","5","04","10","6","","0","1","0","0","0"
"POINT (13.276594386000056 52.635501759000078)","Unfall 239345 (2023) Kat:3, Licht: 0","239345","3","3","5","04","07","6","","0","1","1","0","0"
"POINT (13.564695468000025 52.521886552000069)","Unfall 239346 (2023) Kat:3, Licht: 0","239346","3","6","2","05","17","6","","0","0","1","0","0"
"POINT (13.617206450000026 52.531448355000066)","Unfall 239347 (2023) Kat:3, Licht: 0","239347","3","6","2","04","07","6","","0","0","1","0","0"
"POINT (13.274025138000070 52.630563847000076)","Unfall 239348 (2023) Kat:3, Licht: 0","239348","3","2","5","04","07","6","","0","0","1","0","1"
"POINT (13.338081510000052 52.485735323000029)","Unfall 239349 (2023) Kat:3, Licht: 0","239349","3","4","6","04","17","5","","0","0","0","1","1"
"POINT (13.429035387000056 52.482359332000044)","Unfall 239350 (2023) Kat:3, Licht: 0","239350","3","2","5","05","19","2","","0","1","1","0","0"
"POINT (13.294341286000076 52.474135570000044)","Unfall 239351 (2023) Kat:2, Licht: 0","239351","2","4","6","04","17","5","","0","0","0","1","0"
"POINT (13.423723813000038 52.574337306000075)","Unfall 239352 (2023) Kat:3, Licht: 0","239352","3","5","1","05","17","6","","0","0","1","0","0"
"POINT (13.431411229000048 52.498684811000032)","Unfall 239353 (2023) Kat:3, Licht: 0","239353","3","7","6","05","14","6","","0","1","0","1","0"
"POINT (13.304064740000058 52.472763675000067)","Unfall 239354 (2023) Kat:3, Licht: 0","239354","3","2","5","04","18","5","","0","1","1","0","0"
"POINT (13.390648362000036 52.495977869000058)","Unfall 239355 (2023) Kat:3, Licht: 0","239355","3","3","5","04","17","5","","0","0","0","0","1"
"POINT (13.297605508000061 52.498148271000048)","Unfall 239356 (2023) Kat:3, Licht: 0","239356","3","5","1","04","15","5","","0","0","1","0","0"
"POINT (13.466788770000051 52.528506947000039)","Unfall 239357 (2023) Kat:3, Licht: 0","239357","3","3","5","04","15","5","","0","1","0","0","0"
"POINT (13.407157453000025 52.498475663000079)","Unfall 239358 (2023) Kat:3, Licht: 2","239358","3","6","2","05","03","7","","2","0","1","0","0"
"POINT (13.217752087000065 52.508722513000066)","Unfall 239359 (2023) Kat:3, Licht: 0","239359","3","6","2","04","16","5","","0","0","1","0","0"
"POINT (13.334157750000031 52.610572403000049)","Unfall 239360 (2023) Kat:2, Licht: 0","239360","2","2","5","04","13","5","","0","0","1","0","1"
"POINT (13.587330038000061 52.523538955000049)","Unfall 239361 (2023) Kat:2, Licht: 0","239361","2","2","5","04","12","5","","0","0","1","0","0"
"POINT (13.187942876000022 52.546986903000061)","Unfall 239362 (2023) Kat:2, Licht: 0","239362","2","6","3","04","12","5","","0","0","1","0","1"
"POINT (13.232362535000050 52.437629888000060)","Unfall 239363 (2023) Kat:3, Licht: 0","239363","3","3","5","04","11","5","","0","1","1","0","0"
"POINT (13.433989271000030 52.611688900000047)","Unfall 239364 (2023) Kat:2, Licht: 0","239364","2","1","0","04","11","5","","0","0","0","0","1"
"POINT (13.505612886000051 52.404849917000035)","Unfall 239365 (2023) Kat:3, Licht: 0","239365","3","3","5","04","07","5","","0","0","1","0","0"
"POINT (13.496770735000041 52.634690889000069)","Unfall 239366 (2023) Kat:3, Licht: 0","239366","3","2","2","04","06","5","","0","1","1","0","0"
"POINT (13.322363484000050 52.471580673000062)","Unfall 239367 (2023) Kat:2, Licht: 0","239367","2","3","5","04","19","5","","0","0","1","0","0"