WKT,Name,OBJECTID,UKATEGORIE,UTYP1,UART,UMONAT,USTUNDE,UWOCHENTAG,STRZUSTAND,ULICHTVERH,ISTRAD,ISTPKW,ISTFUSS,ISTKRAD
"POINT (13.449174369000048 52.497067175000041)","Unfall 239555 (2023) Kat:3, Licht: 0","239555","3","2","0","04","17","6","","0","1","0","0","1"
"POINT (13.288110691000043 52.458033864000072)","Unfall 239556 (2023) Kat:3, Licht: 0","239556","3","6","3","04","17","6","","0","1","0","0","0"
"POINT (13.458292050000068 52.433518681000066)","Unfall 239557 (2023) Kat:3, Licht: 0","239557","3","3","5","04","16","6","","0","0","1","0","0"
"POINT (13.390730296000072 52.530958500000054)","Unfall 239558 (2023) Kat:3, Licht: 0","239558","3","5","1","04","16","6","","0","1","1","0","0"
"POINT (13.324517790000073 52.497940904000075)","Unfall 239559 (2023) Kat:3, Licht: 0","239559","3","7","2","04","12","6","","0","0","1","0","0"
"POINT (13.394392883000023 52.484013428000026)","Unfall 239560 (2023) Kat:3, Licht: 0","239560","3","2","5","04","12","6","","0","1","1","0","0"
"POINT (13.395916385000021 52.498062795000067)","Unfall 239561 (2023) Kat:3, Licht: 0","239561","3","6","2","04","06","6","","0","0","1","0","0"
"POINT (13.514416341000071 52.468930475000036)","Unfall 239562 (2023) Kat:3, Licht: 2","239562","3","3","5","04","04","6","","2","1","1","0","0"
"POINT (13.409765140000047 52.504258004000064)","Unfall 239563 (2023) Kat:2, Licht: 0","239563","2","6","4","04","15","6","","0","1","1","0","0"
"POINT (13.441684162000058 52.470419941000046)","Unfall 239564 (2023) Kat:3, Licht: 0","239564","3","4","6","04","19","6","","0","0","1","1","0"
"POINT (13.326087022000024 52.538637412000071)","Unfall 239565 (2023) Kat:3, Licht: 0","239565","3","6","3","04","17","6","","0","0","1","0","0"
"POINT (13.359156002000077 52.500763510000070)","Unfall 239566 (2023) Kat:3, Licht: 0","239566","3","7","5","05","18","6","","0","0","1","0","1"
"POINT (13.595048399000063 52.528791650000073)","Unfall 239567 (2023) Kat:3, Licht: 0","239567","3","2","5","04","17","6","","0","1","1","0","0"
"POINT (13.250924912000073 52.422799013000031)","Unfall 239568 (2023) Kat:3, Licht: 0","239568","3","2","2","04","11","6","","0","0","1","0","0"
"POINT (13.371742206000022 52.469554384000048)","Unfall 239569 (2023) Kat:3, Licht: 0","239569","3","6","2","04","11","6","","0","0","1","0","0"
"POINT (13.328434331000039 52.565390818000026)","Unfall 239570 (2023) Kat:3, Licht: 0","239570","3","4","6","04","18","6","","0","0","1","1","0"
"POINT (13.212167478000026 52.532129562000080)","Unfall 239571 (2023) Kat:2, Licht: 0","239571","2","1","0","04","15","6","","0","1","0","0","0"
"POINT (13.208459807000054 52.561079311000071)","Unfall 239572 (2023) Kat:3, Licht: 0","239572","3","5","1","04","12","6","","0","1","1","0","0"
"POINT (13.312911888000031 52.499810194000077)","Unfall 239573 (2023) Kat:3, Licht: 0","239573","3","6","3","04","10","6","","0","1","1","0","0"
"POINT (13.602130899000031 52.483384073000082)","Unfall 239574 (2023) Kat:3, Licht: 0","239574","3","3","5","04","10","6","","0","1","0","0","0"
"POINT (13.519117253000047 52.513466565000044)","Unfall 239575 (2023) Kat:3, Licht: 1","239575","3","2","5","04","20","6","","1","0","1","0","0"
"POINT (13.201056246000064 52.538861260000033)","Unfall 239576 (2023) Kat:3, Licht: 0","239576","3","6","2","04","12","6","","0","0","1","0","1"
"POINT (13.327208775000031 52.569596042000057)","Unfall 239577 (2023) Kat:3, Licht: 0","239577","3","7","6","04","15","5","","0","0","1","1","0"
"POINT (13.308616484000027 52.557296254000050)","Unfall 239578 (2023) Kat:2, Licht: 0","239578","2","7","6","04","14","5","","0","0","0","1","0"
"POINT (13.567757147000066 52.444842893000043)","Unfall 239579 (2023) Kat:3, Licht: 0","239579","3","4","6","04","16","5","","0","0","0","1","0"
"POINT (13.342728248000071 52.458813872000064)","Unfall 239580 (2023) Kat:3, Licht: 0","239580","3","5","1","04","19","5","","0","0","1","0","0"
"POINT (13.337650921000034 52.411071991000028)","Unfall 239581 (2023) Kat:3, Licht: 0","239581","3","1","0","04","16","5","","0","1","0","0","0"
"POINT (13.350745890000042 52.596396808000065)","Unfall 239582 (2023) Kat:3, Licht: 0","239582","3","6","3","04","15","5","","0","0","1","0","0"
"POINT (13.332252323000034 52.506334785000035)","Unfall 239583 (2023) Kat:3, Licht: 0","239583","3","2","5","04","17","5","","0","1","1","0","0"
"POINT (13.227476324000065 52.558523195000078)","Unfall 239584 (2023) Kat:3, Licht: 0","239584","3","6","2","04","09","5","","0","0","1","0","0"
"POINT (13.323248793000062 52.510882415000026)","Unfall 239585 (2023) Kat:3, Licht: 0","239585","3","2","5","04","19","5","","0","0","1","0","1"
"POINT (13.352214369000023 52.524135630000046)","Unfall 239586 (2023) Kat:3, Licht: 0","239586","3","7","0","04","18","5","","0","0","1","0","1"
"POINT (13.360925319000046 52.523841175000030)","Unfall 239587 (2023) Kat:3, Licht: 0","239587","3","2","5","05","18","3","","0","1","1","0","0"
"POINT (13.377596381000046 52.475061884000070)","Unfall 239588 (2023) Kat:3, Licht: 0","239588","3","7","0","04","18","5","","0","0","1","0","0"
"POINT (13.141555860000040 52.532374559000061)","Unfall 239589 (2023) Kat:2, Licht: 0","239589","2","2","5","04","16","5","","0","1","1","0","0"
"POINT (13.333761740000057 52.460876123000048)","Unfall 239590 (2023) Kat:3, Licht: 0","239590","3","3","5","04","15","5","","0","0","0","0","0"
"POINT (13.430585413000074 52.511277442000051)","Unfall 239591 (2023) Kat:3, Licht: 0","239591","3","2","5","04","15","1","","0","0","1","0","1"
"POINT (13.565595698000038 52.570447478000062)","Unfall 239592 (2023) Kat:3, Licht: 0","239592","3","2","5","04","16","5","","0","0","1","0","0"
"POINT (13.330518870000049 52.460881135000079)","Unfall 239593 (2023) Kat:3, Licht: 0","239593","3","5","1","04","15","5","","0","1","0","0","0"
"POINT (13.484064270000033 52.422949661000075)","Unfall 239594 (2023) Kat:3, Licht: 0","239594","3","6","2","04","13","5","","0","0","1","0","0"
"POINT (13.259276338000063 52.432699757000080)","Unfall 239595 (2023) Kat:3, Licht: 0","239595","3","5","1","04","12","5","","0","0","1","0","0"
"POINT (13.500051627000062 52.541238078000049)","Unfall 239596 (2023) Kat:3, Licht: 0","239596","3","6","2","04","12","5","","0","1","1","0","0"
"POINT (13.335127266000029 52.524795637000068)","Unfall 239597 (2023) Kat:3, Licht: 0","239597","3","2","6","04","11","5","","0","0","1","1","0"
"POINT (13.303607275000047 52.513441742000055)","Unfall 239598 (2023) Kat:3, Licht: 0","239598","3","6","3","04","08","5","","0","1","1","0","0"
"POINT (13.181706208000037 52.534116519000065)","Unfall 239599 (2023) Kat:3, Licht: 0","239599","3","6","0","04","07","5","","0","0","0","0","0"
"POINT (13.339779291000070 52.588122651000049)","Unfall 239600 (2023) Kat:3, Licht: 0","239600","3","2","5","04","06","5","","0","0","1","0","1"
"POINT (13.452273280000043 52.452434716000027)","Unfall 239601 (2023) Kat:3, Licht: 1","239601","3","3","0","04","05","5","","1","0","0","0","0"
"POINT (13.206130633000043 52.542170244000033)","Unfall 239602 (2023) Kat:3, Licht: 0","239602","3","6","3","04","19","5","","0","0","1","0","1"
"POINT (13.594147511000074 52.524529817000030)","Unfall 239603 (2023) Kat:3, Licht: 0","239603","3","3","5","04","16","5","","0","1","1","0","0"
"POINT (13.491291890000070 52.469086826000080)","Unfall 239604 (2023) Kat:3, Licht: 0","239604","3","3","5","04","16","5","","0","0","1","0","0"
"POINT (13.323671579000063 52.587238383000056)","Unfall 239605 (2023) Kat:3, Licht: 0","239605","3","6","2","04","13","5","","0","0","1","0","1"
"POINT (13.550321516000054 52.542893374000073)","Unfall 239606 (2023) Kat:3, Licht: 0","239606","3","1","0","04","19","5","","0","0","0","0","1"
"POINT (13.342200208000065 52.547560927000063)","Unfall 239607 (2023) Kat:3, Licht: 0","239607","3","4","6","04","16","5","","0","0","1","1","0"
"POINT (13.539762641000038 52.539824901000031)","Unfall 239608 (2023) Kat:3, Licht: 0","239608","3","3","5","04","14","5","","0","0","1","0","0"
"POINT (13.433745058000056 52.463555031000055)","Unfall 239609 (2023) Kat:3, Licht: 2","239609","3","5","1","04","00","5","","2","0","1","0","0"
"POINT (13.381477436000068 52.552401826000050)","Unfall 239610 (2023) Kat:3, Licht: 0","239610","3","2","0","04","13","5","","0","0","1","0","1"
"POINT (13.200675190000027 52.538733493000052)","Unfall 239611 (2023) Kat:3, Licht: 0","239611","3","2","2","04","14","5","","0","1","1","0","0"
"POINT (13.328366481000046 52.508148470000037)","Unfall 239612 (2023) Kat:2, Licht: 0","239612","2","2","0","04","11","5","","0","0","1","0","0"
"POINT (13.716632026000070 52.436174786000038)","Unfall 239613 (2023) Kat:3, Licht: 0","239613","3","6","3","04","19","4","","0","1","0","0","0"
"POINT (13.429087396000057 52.556404132000068)","Unfall 239614 (2023) Kat:3, Licht: 0","239614","3","2","0","04","17","4","","0","1","1","0","0"
"POINT (13.370360161000065 52.466128953000066)","Unfall 239615 (2023) Kat:2, Licht: 0","239615","2","3","5","04","10","4","","0","0","1","0","0"
"POINT (13.253112166000051 52.547724496000058)","Unfall 239616 (2023) Kat:3, Licht: 0","239616","3","6","6","04","11","4","","0","1","0","1","0"
"POINT (13.246016439000073 52.447495682000067)","Unfall 239617 (2023) Kat:3, Licht: 0","239617","3","5","1","04","10","4","","0","1","1","0","0"
"POINT (13.384461624000039 52.511601494000047)","Unfall 239618 (2023) Kat:3, Licht: 0","239618","3","6","3","04","09","4","","0","1","1","0","0"
"POINT (13.393042147000074 52.515068575000043)","Unfall 239619 (2023) Kat:3, Licht: 1","239619","3","3","5","04","05","4","","1","0","1","0","0"
"POINT (13.428625610000040 52.508779754000045)","Unfall 239620 (2023) Kat:3, Licht: 2","239620","3","3","0","04","22","4","","2","0","1","0","1"
"POINT (13.716646680000053 52.436183796000080)","Unfall 239621 (2023) Kat:3, Licht: 0","239621","3","6","3","04","19","4","","0","1","0","0","0"
"POINT (13.469382462000056 52.506579079000062)","Unfall 239622 (2023) Kat:3, Licht: 0","239622","3","6","0","04","14","4","","0","1","1","0","0"
"POINT (13.411822264000023 52.523967652000067)","Unfall 239623 (2023) Kat:3, Licht: 0","239623","3","2","5","04","06","4","","0","0","1","0","0"
"POINT (13.403083687000048 52.531879414000059)","Unfall 239624 (2023) Kat:3, Licht: 0","239624","3","1","0","05","05","2","","0","1","0","0","0"
"POINT (13.384267197000042 52.550955448000082)","Unfall 239625 (2023) Kat:3, Licht: 2","239625","3","5","1","04","20","4","","2","1","1","0","0"
"POINT (13.460469103000037 52.500242478000075)","Unfall 239626 (2023) Kat:3, Licht: 0","239626","3","3","5","04","10","4","","0","1","1","0","0"
"POINT (13.422627260000070 52.541116641000031)","Unfall 239627 (2023) Kat:3, Licht: 2","239627","3","7","2","04","22","4","","2","1","1","0","0"
"POINT (13.558511706000047 52.545095874000026)","Unfall 239628 (2023) Kat:2, Licht: 0","239628","2","4","6","04","17","4","","0","0","0","1","0"
"POINT (13.477751441000066 52.530804816000057)","Unfall 239629 (2023) Kat:3, Licht: 0","239629","3","2","5","04","09","6","","0","0","1","0","0"
"POINT (13.576858206000054 52.495371902000045)","Unfall 239630 (2023) Kat:3, Licht: 2","239630","3","2","5","04","22","4","","2","0","1","0","1"
"POINT (13.540858728000046 52.458271555000067)","Unfall 239631 (2023) Kat:3, Licht: 0","239631","3","6","2","04","16","4","","0","0","1","0","0"
"POINT (13.455879279000044 52.473884366000050)","Unfall 239632 (2023) Kat:3, Licht: 0","239632","3","6","2","04","15","4","","0","0","1","0","0"
"POINT (13.352037505000055 52.418439397000043)","Unfall 239633 (2023) Kat:3, Licht: 0","239633","3","4","6","04","07","4","","0","0","1","1","0"
"POINT (13.446958594000023 52.436938723000026)","Unfall 239634 (2023) Kat:2, Licht: 0","239634","2","4","6","04","16","4","","0","0","1","1","0"
"POINT (13.461858889000041 52.564803842000060)","Unfall 239635 (2023) Kat:2, Licht: 0","239635","2","2","5","04","15","4","","0","0","1","0","1"
"POINT (13.446992159000047 52.465884979000066)","Unfall 239636 (2023) Kat:3, Licht: 0","239636","3","7","2","04","09","4","","0","0","1","0","0"
"POINT (13.394988469000054 52.503170200000056)","Unfall 239637 (2023) Kat:3, Licht: 2","239637","3","3","5","04","22","4","","2","1","1","0","0"
"POINT (13.495264201000055 52.431671087000041)","Unfall 239638 (2023) Kat:3, Licht: 0","239638","3","2","5","04","17","4","","0","0","1","0","0"
"POINT (13.359628403000045 52.498449692000065)","Unfall 239639 (2023) Kat:2, Licht: 2","239639","2","2","2","04","23","4","","2","0","1","0","0"
"POINT (13.347318248000022 52.578557801000045)","Unfall 239640 (2023) Kat:3, Licht: 0","239640","3","2","5","04","13","4","","0","0","1","0","0"
"POINT (13.308144655000035 52.496902442000078)","Unfall 239641 (2023) Kat:2, Licht: 0","239641","2","4","6","04","19","4","","0","0","1","1","0"
"POINT (13.413557276000063 52.549650054000040)","Unfall 239642 (2023) Kat:3, Licht: 0","239642","3","4","6","04","09","4","","0","1","0","1","0"
"POINT (13.229294884000069 52.426422741000067)","Unfall 239643 (2023) Kat:3, Licht: 0","239643","3","2","5","04","17","4","","0","1","1","0","0"
"POINT (13.220598993000067 52.538998903000049)","Unfall 239644 (2023) Kat:3, Licht: 0","239644","3","3","5","04","14","4","","0","0","1","0","0"
"POINT (13.363037821000034 52.580896010000060)","Unfall 239645 (2023) Kat:3, Licht: 0","239645","3","5","0","04","09","4","","0","0","1","0","0"
"POINT (13.403257592000045 52.463430490000064)","Unfall 239646 (2023) Kat:3, Licht: 0","239646","3","6","2","04","09","4","","0","0","0","0","1"
"POINT (13.415018530000054 52.451498032000075)","Unfall 239647 (2023) Kat:3, Licht: 2","239647","3","1","9","04","23","4","","2","0","1","0","0"
"POINT (13.346029040000076 52.492229134000070)","Unfall 239648 (2023) Kat:3, Licht: 0","239648","3","6","2","05","16","3","","0","1","1","0","0"
"POINT (13.333241115000021 52.595519458000069)","Unfall 239649 (2023) Kat:2, Licht: 2","239649","2","2","6","04","20","4","","2","0","1","1","0"
"POINT (13.183488649000026 52.541582239000036)","Unfall 239650 (2023) Kat:2, Licht: 2","239650","2","2","6","04","19","4","","2","0","1","1","0"
"POINT (13.463815382000064 52.466366105000077)","Unfall 239651 (2023) Kat:3, Licht: 0","239651","3","3","5","04","15","4","","0","1","1","0","0"
"POINT (13.317263561000061 52.410871322000048)","Unfall 239652 (2023) Kat:3, Licht: 0","239652","3","3","5","04","10","4","","0","0","1","0","1"
"POINT (13.406700918000070 52.513393299000029)","Unfall 239653 (2023) Kat:3, Licht: 0","239653","3","2","5","04","08","4","","0","1","1","0","0"
"POINT (13.364012095000021 52.493778650000081)","Unfall 239654 (2023) Kat:2, Licht: 0","239654","2","1","0","04","16","4","","0","0","0","0","1"
"POINT (13.304102754000041 52.503841006000073)","Unfall 239655 (2023) Kat:3, Licht: 0","239655","3","4","6","04","13","4","","0","0","1","1","0"
"POINT (13.572045230000072 52.450938777000033)","Unfall 239656 (2023) Kat:3, Licht: 0","239656","3","7","0","04","13","4","","0","0","0","0","1"
"POINT (13.420870111000056 52.548973828000044)","Unfall 239657 (2023) Kat:3, Licht: 0","239657","3","6","2","04","10","4","","0","0","1","0","0"
"POINT (13.328522684000063 52.527008564000027)","Unfall 239658 (2023) Kat:2, Licht: 0","239658","2","4","6","05","15","3","","0","0","1","1","0"
"POINT (13.444851140000026 52.504365846000042)","Unfall 239659 (2023) Kat:3, Licht: 2","239659","3","5","1","04","02","4","","2","0","1","0","0"
"POINT (13.441635004000034 52.543279543000040)","Unfall 239660 (2023) Kat:3, Licht: 0","239660","3","3","5","04","16","4","","0","1","0","0","0"
"POINT (13.410535698000047 52.503373940000074)","Unfall 239661 (2023) Kat:3, Licht: 2","239661","3","3","5","04","23","3","","2","1","1","0","0"
"POINT (13.338442411000074 52.466654843000072)","Unfall 239662 (2023) Kat:3, Licht: 0","239662","3","2","5","04","21","3","","0","0","1","0","0"
"POINT (13.466876770000056 52.528399393000029)","Unfall 239663 (2023) Kat:2, Licht: 0","239663","2","3","5","05","16","6","","0","0","1","0","0"
"POINT (13.505438997000056 52.445565807000037)","Unfall 239664 (2023) Kat:3, Licht: 0","239664","3","4","6","04","16","3","","0","0","1","1","0"
"POINT (13.241798456000026 52.617597424000053)","Unfall 239665 (2023) Kat:3, Licht: 0","239665","3","5","1","04","16","3","","0","0","1","0","0"
"POINT (13.350370714000064 52.414344675000052)","Unfall 239666 (2023) Kat:3, Licht: 0","239666","3","2","5","04","06","6","","0","1","1","0","0"
"POINT (13.535168483000064 52.432301032000055)","Unfall 239667 (2023) Kat:3, Licht: 0","239667","3","2","5","04","15","3","","0","0","1","0","0"
"POINT (13.397855279000055 52.495443618000081)","Unfall 239668 (2023) Kat:3, Licht: 0","239668","3","6","2","04","15","3","","0","1","1","0","0"
"POINT (13.428844371000025 52.515538231000050)","Unfall 239669 (2023) Kat:3, Licht: 0","239669","3","2","5","04","14","3","","0","0","1","0","0"
"POINT (13.579337839000061 52.459073332000060)","Unfall 239670 (2023) Kat:3, Licht: 0","239670","3","6","2","04","12","3","","0","0","1","0","0"
"POINT (13.348804939000047 52.552186482000081)","Unfall 239671 (2023) Kat:3, Licht: 0","239671","3","6","2","04","11","3","","0","0","1","0","0"
"POINT (13.292924770000070 52.578625457000044)","Unfall 239672 (2023) Kat:3, Licht: 0","239672","3","3","5","04","10","3","","0","0","1","0","0"
"POINT (13.357103876000053 52.535803340000029)","Unfall 239673 (2023) Kat:3, Licht: 0","239673","3","6","3","04","09","3","","0","1","0","0","0"
"POINT (13.410925321000036 52.553815788000065)","Unfall 239674 (2023) Kat:3, Licht: 0","239674","3","2","5","04","15","6","","0","1","1","0","0"
"POINT (13.447135035000031 52.510671472000070)","Unfall 239675 (2023) Kat:2, Licht: 0","239675","2","4","6","04","19","3","","0","0","1","1","0"
"POINT (13.399612227000034 52.529548297000076)","Unfall 239676 (2023) Kat:3, Licht: 0","239676","3","6","2","05","17","6","","0","0","1","0","0"
"POINT (13.331783132000055 52.446973379000042)","Unfall 239677 (2023) Kat:3, Licht: 0","239677","3","6","0","04","18","3","","0","1","1","0","0"
"POINT (13.312935498000058 52.430428547000076)","Unfall 239678 (2023) Kat:2, Licht: 0","239678","2","7","5","04","14","3","","0","0","1","0","1"
"POINT (13.393640420000054 52.511365106000028)","Unfall 239679 (2023) Kat:3, Licht: 0","239679","3","3","5","04","18","3","","0","0","1","0","0"
"POINT (13.320403497000029 52.456710271000077)","Unfall 239680 (2023) Kat:3, Licht: 2","239680","3","6","3","05","23","1","","2","0","1","0","0"
"POINT (13.562716649000038 52.493474780000042)","Unfall 239681 (2023) Kat:3, Licht: 0","239681","3","7","0","04","06","3","","0","0","1","0","0"
"POINT (13.493752267000048 52.430611425000052)","Unfall 239682 (2023) Kat:3, Licht: 0","239682","3","5","1","04","16","3","","0","0","1","0","0"
"POINT (13.519349390000059 52.535493091000035)","Unfall 239683 (2023) Kat:2, Licht: 0","239683","2","2","5","04","16","3","","0","1","1","0","0"
"POINT (13.372021605000043 52.540139329000056)","Unfall 239684 (2023) Kat:3, Licht: 0","239684","3","7","6","04","16","3","","0","0","1","1","0"
"POINT (13.591366678000043 52.518537581000032)","Unfall 239685 (2023) Kat:3, Licht: 0","239685","3","4","6","04","14","3","","0","0","1","1","0"
"POINT (13.453930428000035 52.553114058000062)","Unfall 239686 (2023) Kat:3, Licht: 0","239686","3","3","5","05","07","3","","0","1","0","0","0"
"POINT (13.432264678000024 52.460565047000046)","Unfall 239687 (2023) Kat:3, Licht: 0","239687","3","7","1","04","14","3","","0","0","1","0","0"
"POINT (13.452380141000049 52.472790180000061)","Unfall 239688 (2023) Kat:3, Licht: 0","239688","3","3","5","04","13","3","","0","0","1","0","0"
"POINT (13.409954876000029 52.528796199000055)","Unfall 239689 (2023) Kat:3, Licht: 0","239689","3","4","6","05","17","3","","0","0","0","1","0"
"POINT (13.566267601000050 52.534341144000052)","Unfall 239690 (2023) Kat:3, Licht: 0","239690","3","2","5","04","18","3","","0","0","1","0","0"
"POINT (13.423841352000068 52.490358266000044)","Unfall 239691 (2023) Kat:3, Licht: 0","239691","3","5","1","05","15","6","","0","0","1","0","1"
"POINT (13.362550331000023 52.452109147000044)","Unfall 239692 (2023) Kat:3, Licht: 0","239692","3","6","2","04","15","3","","0","0","1","0","0"
"POINT (13.256202886000040 52.432532600000059)","Unfall 239693 (2023) Kat:3, Licht: 0","239693","3","3","5","04","14","3","","0","1","1","0","0"
"POINT (13.388048610000055 52.515563648000068)","Unfall 239694 (2023) Kat:3, Licht: 0","239694","3","6","2","04","15","3","","0","0","1","0","1"
"POINT (13.380144253000026 52.519724478000057)","Unfall 239695 (2023) Kat:3, Licht: 0","239695","3","2","5","04","06","3","","0","1","0","0","0"
"POINT (13.250064960000032 52.449499437000043)","Unfall 239696 (2023) Kat:3, Licht: 0","239696","3","6","2","04","08","3","","0","0","1","0","0"
"POINT (13.501370493000024 52.560036019000052)","Unfall 239697 (2023) Kat:3, Licht: 0","239697","3","3","5","04","16","2","","0","0","1","0","0"
"POINT (13.628664547000028 52.468964962000030)","Unfall 239698 (2023) Kat:2, Licht: 2","239698","2","1","8","04","22","2","","2","0","1","0","0"
"POINT (13.359825187000069 52.504175707000059)","Unfall 239699 (2023) Kat:3, Licht: 0","239699","3","2","2","04","16","2","","0","1","1","0","0"
"POINT (13.513159364000046 52.539354350000053)","Unfall 239700 (2023) Kat:3, Licht: 0","239700","3","6","2","04","16","2","","0","0","1","0","0"
"POINT (13.525268330000074 52.482190625000044)","Unfall 239701 (2023) Kat:3, Licht: 0","239701","3","2","0","04","15","3","","0","1","1","0","0"
"POINT (13.377187321000065 52.482078231000060)","Unfall 239702 (2023) Kat:3, Licht: 0","239702","3","3","5","04","15","2","","0","0","1","0","1"
"POINT (13.297417950000067 52.526472091000073)","Unfall 239703 (2023) Kat:3, Licht: 0","239703","3","2","5","04","10","2","","0","0","1","0","0"
"POINT (13.318655592000027 52.454355128000032)","Unfall 239704 (2023) Kat:3, Licht: 0","239704","3","2","2","04","07","2","","0","0","1","0","0"
"POINT (13.279882036000060 52.520888675000037)","Unfall 239705 (2023) Kat:2, Licht: 1","239705","2","6","3","04","05","2","","1","0","1","0","1"
"POINT (13.353902714000071 52.562089910000054)","Unfall 239706 (2023) Kat:2, Licht: 0","239706","2","2","5","05","13","2","","0","0","1","0","0"
"POINT (13.340609678000021 52.463782238000078)","Unfall 239707 (2023) Kat:3, Licht: 1","239707","3","5","1","04","20","2","","1","1","1","0","0"
"POINT (13.433219704000066 52.536526130000027)","Unfall 239708 (2023) Kat:3, Licht: 0","239708","3","1","0","04","17","2","","0","0","0","0","1"
"POINT (13.335221368000077 52.485786489000077)","Unfall 239709 (2023) Kat:3, Licht: 0","239709","3","3","5","05","16","2","","0","1","1","0","0"
"POINT (13.424104587000045 52.552785990000075)","Unfall 239710 (2023) Kat:3, Licht: 0","239710","3","2","5","04","14","2","","0","0","1","0","0"
"POINT (13.239649876000044 52.605340069000079)","Unfall 239711 (2023) Kat:3, Licht: 0","239711","3","3","5","04","11","2","","0","0","1","0","1"
"POINT (13.452668487000039 52.539221240000074)","Unfall 239712 (2023) Kat:3, Licht: 0","239712","3","2","2","05","11","4","","0","0","1","0","0"
"POINT (13.439695842000049 52.524122607000038)","Unfall 239713 (2023) Kat:2, Licht: 0","239713","2","3","5","05","14","3","","0","1","1","0","0"
"POINT (13.342037673000050 52.517900982000072)","Unfall 239714 (2023) Kat:3, Licht: 0","239714","3","2","5","04","10","2","","0","0","1","0","0"
"POINT (13.540129372000024 52.525604103000035)","Unfall 239715 (2023) Kat:2, Licht: 2","239715","2","1","9","04","23","2","","2","0","1","0","0"
"POINT (13.376649137000072 52.487728550000043)","Unfall 239716 (2023) Kat:3, Licht: 1","239716","3","2","5","04","19","2","","1","0","1","0","1"
"POINT (13.449288256000045 52.502057249000075)","Unfall 239717 (2023) Kat:3, Licht: 2","239717","3","5","1","05","00","6","","2","0","1","0","0"
"POINT (13.342054659000041 52.463004245000036)","Unfall 239718 (2023) Kat:3, Licht: 1","239718","3","6","4","04","19","2","","1","1","1","0","0"
"POINT (13.431471005000049 52.612664503000076)","Unfall 239719 (2023) Kat:3, Licht: 0","239719","3","3","5","04","16","5","","0","0","1","0","0"
"POINT (13.515235452000070 52.455545562000054)","Unfall 239720 (2023) Kat:3, Licht: 0","239720","3","5","5","04","18","2","","0","1","1","0","0"
"POINT (13.245419428000048 52.524970969000037)","Unfall 239721 (2023) Kat:3, Licht: 0","239721","3","6","2","04","17","2","","0","0","1","0","0"
"POINT (13.466482205000034 52.502034385000059)","Unfall 239722 (2023) Kat:3, Licht: 0","239722","3","1","8","04","16","2","","0","0","0","0","1"
"POINT (13.432560529000057 52.464579521000076)","Unfall 239723 (2023) Kat:3, Licht: 0","239723","3","1","0","04","14","2","","0","0","0","0","1"
"POINT (13.421573433000049 52.487252271000045)","Unfall 239724 (2023) Kat:3, Licht: 0","239724","3","4","6","04","13","2","","0","1","0","1","0"
"POINT (13.408575910000025 52.498495638000065)","Unfall 239725 (2023) Kat:3, Licht: 2","239725","3","7","0","05","22","2","","2","1","0","0","0"
"POINT (13.493428470000026 52.413323052000067)","Unfall 239726 (2023) Kat:3, Licht: 0","239726","3","3","5","04","11","4","","0","0","1","0","0"
"POINT (13.512885513000072 52.457080306000080)","Unfall 239727 (2023) Kat:2, Licht: 0","239727","2","7","1","04","12","2","","0","1","0","0","0"
"POINT (13.360251720000065 52.532660223000050)","Unfall 239728 (2023) Kat:3, Licht: 0","239728","3","6","2","04","12","2","","0","1","0","0","0"
"POINT (13.339843613000028 52.543875390000039)","Unfall 239729 (2023) Kat:3, Licht: 1","239729","3","6","2","05","18","3","","1","0","1","0","0"
"POINT (13.447265842000036 52.464265405000049)","Unfall 239730 (2023) Kat:3, Licht: 0","239730","3","6","3","04","10","2","","0","0","1","1","0"
"POINT (13.553325593000068 52.469673870000065)","Unfall 239731 (2023) Kat:3, Licht: 0","239731","3","3","5","04","09","2","","0","1","1","0","0"
"POINT (13.331604688000027 52.429528374000029)","Unfall 239732 (2023) Kat:2, Licht: 0","239732","2","2","5","04","09","2","","0","0","0","0","1"
"POINT (13.306415922000042 52.489770585000031)","Unfall 239733 (2023) Kat:3, Licht: 0","239733","3","4","6","04","07","2","","0","0","1","1","0"
"POINT (13.412007350000067 52.401676815000030)","Unfall 239734 (2023) Kat:2, Licht: 0","239734","2","3","5","04","07","2","","0","1","1","0","0"
"POINT (13.435478217000025 52.509006180000029)","Unfall 239735 (2023) Kat:3, Licht: 0","239735","3","1","8","04","05","2","","0","0","1","0","0"
"POINT (13.388995718000047 52.547452636000060)","Unfall 239736 (2023) Kat:3, Licht: 0","239736","3","7","6","04","16","1","","0","0","0","1","0"
"POINT (13.441598699000053 52.501270317000035)","Unfall 239737 (2023) Kat:3, Licht: 2","239737","3","3","5","04","21","1","","2","0","1","0","0"
"POINT (13.516952779000064 52.535320174000049)","Unfall 239738 (2023) Kat:2, Licht: 0","239738","2","3","5","04","17","1","","0","1","1","0","0"
"POINT (13.322923717000037 52.481792268000049)","Unfall 239739 (2023) Kat:3, Licht: 0","239739","3","3","5","04","17","1","","0","0","1","0","1"
"POINT (13.414029906000053 52.500372245000051)","Unfall 239740 (2023) Kat:3, Licht: 0","239740","3","3","2","04","17","1","","0","0","1","0","0"
"POINT (13.449536504000037 52.537201382000035)","Unfall 239741 (2023) Kat:3, Licht: 0","239741","3","2","5","04","10","1","","0","0","1","0","0"