WKT,Name,OBJECTID,UKATEGORIE,UTYP1,UART,UMONAT,USTUNDE,UWOCHENTAG,STRZUSTAND,ULICHTVERH,ISTRAD,ISTPKW,ISTFUSS,ISTKRAD
"POINT (13.399685017000024 52.464361449000080)","Unfall 239742 (2023) Kat:3, Licht: 2","239742","3","6","0","04","04","1","","2","0","1","0","0"
"POINT (13.506548551000037 52.446908947000054)","Unfall 239743 (2023) Kat:3, Licht: 2","239743","3","6","2","04","20","1","","2","0","1","0","0"
"POINT (13.303337032000059 52.499387903000070)","Unfall 239744 (2023) Kat:3, Licht: 0","239744","3","6","3","05","16","3","","0","0","1","0","1"
"POINT (13.338111322000032 52.431906677000029)","Unfall 239745 (2023) Kat:3, Licht: 0","239745","3","2","5","04","10","2","","0","0","1","0","0"
"POINT (13.464728451000042 52.514587834000054)","Unfall 239746 (2023) Kat:3, Licht: 2","239746","3","2","6","04","20","7","","2","0","1","1","0"
"POINT (13.508922878000021 52.534792090000053)","Unfall 239747 (2023) Kat:3, Licht: 0","239747","3","6","3","04","19","7","","0","0","1","0","0"
"POINT (13.154607917000021 52.521786534000057)","Unfall 239748 (2023) Kat:3, Licht: 1","239748","3","4","6","04","19","7","","1","0","1","1","0"
"POINT (13.514006216000041 52.462484974000063)","Unfall 239749 (2023) Kat:3, Licht: 0","239749","3","1","0","05","18","2","","0","1","0","0","0"
"POINT (13.448741533000032 52.490360308000049)","Unfall 239750 (2023) Kat:3, Licht: 0","239750","3","2","5","04","13","7","","0","1","1","0","0"
"POINT (13.399443652000059 52.498289047000071)","Unfall 239751 (2023) Kat:3, Licht: 0","239751","3","3","5","04","12","7","","0","0","1","0","0"
"POINT (13.311481515000025 52.465976584000032)","Unfall 239752 (2023) Kat:3, Licht: 0","239752","3","3","5","04","08","7","","0","0","1","0","0"
"POINT (13.282201704000045 52.582992359000059)","Unfall 239753 (2023) Kat:3, Licht: 2","239753","3","1","9","04","21","7","","2","0","1","0","0"
"POINT (13.439517444000046 52.471078705000082)","Unfall 239754 (2023) Kat:3, Licht: 0","239754","3","3","5","04","13","7","","0","0","1","0","0"
"POINT (13.418449339000063 52.498797538000076)","Unfall 239755 (2023) Kat:3, Licht: 2","239755","3","2","5","04","21","7","","2","0","1","0","1"
"POINT (13.458182481000051 52.505236237000076)","Unfall 239756 (2023) Kat:2, Licht: 0","239756","2","6","2","04","16","7","","0","0","1","0","0"
"POINT (13.326106433000064 52.538347817000044)","Unfall 239757 (2023) Kat:3, Licht: 0","239757","3","2","5","04","16","7","","0","0","1","0","0"
"POINT (13.575871731000063 52.491107658000033)","Unfall 239758 (2023) Kat:3, Licht: 0","239758","3","7","2","04","14","7","","0","0","1","0","0"
"POINT (13.470479734000037 52.539950427000065)","Unfall 239759 (2023) Kat:3, Licht: 0","239759","3","3","5","05","16","2","","0","0","1","0","0"
"POINT (13.207839511000032 52.528494928000043)","Unfall 239760 (2023) Kat:3, Licht: 0","239760","3","2","0","04","16","7","","0","1","1","0","0"
"POINT (13.258221143000071 52.430513092000069)","Unfall 239761 (2023) Kat:3, Licht: 0","239761","3","6","2","04","13","7","","0","0","1","0","0"
"POINT (13.428643690000058 52.472448338000049)","Unfall 239762 (2023) Kat:3, Licht: 0","239762","3","6","3","04","12","7","","0","0","1","0","0"
"POINT (13.487049392000074 52.406187724000063)","Unfall 239763 (2023) Kat:3, Licht: 0","239763","3","3","5","04","16","7","","0","0","1","0","0"
"POINT (13.386120281000046 52.514560171000028)","Unfall 239764 (2023) Kat:3, Licht: 0","239764","3","3","5","04","09","7","","0","0","1","0","0"
"POINT (13.446585958000071 52.491564143000062)","Unfall 239765 (2023) Kat:3, Licht: 0","239765","3","3","5","04","11","7","","0","0","1","0","0"
"POINT (13.499333267000054 52.423270181000078)","Unfall 239766 (2023) Kat:3, Licht: 0","239766","3","3","5","04","11","7","","0","1","1","0","0"
"POINT (13.504797928000073 52.419412649000037)","Unfall 239767 (2023) Kat:3, Licht: 0","239767","3","3","5","05","15","4","","0","0","1","0","0"
"POINT (13.305862756000067 52.637016999000082)","Unfall 239768 (2023) Kat:3, Licht: 0","239768","3","3","5","04","08","6","","0","1","1","0","0"
"POINT (13.171581886000070 52.549941513000078)","Unfall 239769 (2023) Kat:3, Licht: 1","239769","3","6","2","04","18","7","","1","0","1","0","0"
"POINT (13.624770095000031 52.451328033000038)","Unfall 239770 (2023) Kat:3, Licht: 0","239770","3","5","0","04","14","6","","0","0","1","0","0"
"POINT (13.313302514000043 52.500580963000061)","Unfall 239771 (2023) Kat:3, Licht: 0","239771","3","2","6","04","12","6","","0","0","0","1","0"
"POINT (13.577878119000047 52.456862163000039)","Unfall 239772 (2023) Kat:2, Licht: 2","239772","2","1","0","04","01","6","","2","0","0","0","0"
"POINT (13.435531652000066 52.469084753000061)","Unfall 239773 (2023) Kat:3, Licht: 2","239773","3","3","5","04","23","6","","2","0","1","0","0"
"POINT (13.432671370000037 52.486969100000067)","Unfall 239774 (2023) Kat:3, Licht: 2","239774","3","3","0","04","21","6","","2","0","1","0","1"
"POINT (13.383912818000056 52.523054170000080)","Unfall 239775 (2023) Kat:3, Licht: 0","239775","3","1","0","04","19","6","","0","0","0","0","0"
"POINT (13.506391398000062 52.402998689000071)","Unfall 239776 (2023) Kat:3, Licht: 2","239776","3","3","5","04","19","6","","2","0","1","0","0"
"POINT (13.354124867000053 52.616704107000032)","Unfall 239777 (2023) Kat:3, Licht: 0","239777","3","1","9","04","17","6","","0","0","1","0","0"
"POINT (13.380384733000028 52.516337184000065)","Unfall 239778 (2023) Kat:3, Licht: 0","239778","3","5","1","04","17","6","","0","1","1","0","0"
"POINT (13.307298547000073 52.504654280000068)","Unfall 239779 (2023) Kat:3, Licht: 0","239779","3","2","5","04","16","6","","0","0","1","0","1"
"POINT (13.389148560000024 52.534646330000044)","Unfall 239780 (2023) Kat:3, Licht: 0","239780","3","7","0","05","08","3","","0","1","0","0","0"
"POINT (13.630621121000047 52.453217906000077)","Unfall 239781 (2023) Kat:3, Licht: 0","239781","3","3","5","04","15","6","","0","1","1","0","0"
"POINT (13.326505474000044 52.489770126000053)","Unfall 239782 (2023) Kat:3, Licht: 0","239782","3","3","0","04","14","6","","0","0","1","0","1"
"POINT (13.421418257000028 52.588308986000072)","Unfall 239783 (2023) Kat:3, Licht: 0","239783","3","3","5","04","13","6","","0","0","1","0","1"
"POINT (13.330866085000025 52.485112681000032)","Unfall 239784 (2023) Kat:3, Licht: 0","239784","3","1","0","04","12","6","","0","0","0","0","1"
"POINT (13.393844275000049 52.489101915000049)","Unfall 239785 (2023) Kat:2, Licht: 0","239785","2","1","0","04","11","6","","0","1","0","0","0"
"POINT (13.320470710000052 52.477410217000056)","Unfall 239786 (2023) Kat:3, Licht: 0","239786","3","6","2","05","14","4","","0","1","1","0","0"
"POINT (13.407209483000031 52.523447482000051)","Unfall 239787 (2023) Kat:3, Licht: 0","239787","3","2","5","04","11","6","","0","1","1","0","0"
"POINT (13.479458217000058 52.516205338000077)","Unfall 239788 (2023) Kat:3, Licht: 0","239788","3","2","5","04","11","6","","0","0","1","0","0"
"POINT (13.457526676000043 52.511646640000038)","Unfall 239789 (2023) Kat:3, Licht: 0","239789","3","5","1","04","11","6","","0","1","1","0","0"
"POINT (13.424289584000064 52.485163846000034)","Unfall 239790 (2023) Kat:3, Licht: 0","239790","3","7","5","04","11","6","","0","0","1","0","0"
"POINT (13.159226138000065 52.548688803000061)","Unfall 239791 (2023) Kat:3, Licht: 0","239791","3","4","6","04","09","6","","0","0","1","1","0"
"POINT (13.331004866000058 52.467550482000036)","Unfall 239792 (2023) Kat:3, Licht: 0","239792","3","5","1","04","08","6","","0","1","1","0","0"
"POINT (13.527207785000030 52.557694458000071)","Unfall 239793 (2023) Kat:3, Licht: 0","239793","3","7","0","05","14","2","","0","0","0","0","1"
"POINT (13.532077504000029 52.509460915000034)","Unfall 239794 (2023) Kat:2, Licht: 0","239794","2","1","4","04","07","6","","0","0","1","0","0"
"POINT (13.400364358000047 52.532952270000067)","Unfall 239795 (2023) Kat:3, Licht: 0","239795","3","4","6","04","06","6","","0","0","1","1","0"
"POINT (13.349020780000046 52.514741763000075)","Unfall 239796 (2023) Kat:3, Licht: 1","239796","3","3","5","04","06","6","","1","0","1","0","0"
"POINT (13.446739656000034 52.502637874000072)","Unfall 239797 (2023) Kat:3, Licht: 0","239797","3","2","5","04","18","6","","0","1","1","0","0"
"POINT (13.361399583000036 52.480888017000041)","Unfall 239798 (2023) Kat:3, Licht: 0","239798","3","6","3","04","18","6","","0","0","1","0","0"
"POINT (13.194803018000073 52.534383585000057)","Unfall 239799 (2023) Kat:3, Licht: 0","239799","3","2","5","04","17","6","","0","1","0","0","0"
"POINT (13.371252047000041 52.492588836000039)","Unfall 239800 (2023) Kat:2, Licht: 0","239800","2","6","3","05","11","2","","0","1","0","0","1"
"POINT (13.478693114000066 52.461562654000033)","Unfall 239801 (2023) Kat:3, Licht: 2","239801","3","7","9","04","03","6","","2","0","1","0","0"
"POINT (13.288100480000026 52.518893040000080)","Unfall 239802 (2023) Kat:3, Licht: 0","239802","3","2","5","04","14","6","","0","1","1","0","0"
"POINT (13.434120748000055 52.463094617000081)","Unfall 239803 (2023) Kat:3, Licht: 0","239803","3","2","5","04","13","6","","0","0","1","0","1"
"POINT (13.385524860000032 52.501907406000043)","Unfall 239804 (2023) Kat:3, Licht: 0","239804","3","5","1","04","10","6","","0","0","1","0","0"
"POINT (13.325016946000062 52.500852266000038)","Unfall 239805 (2023) Kat:3, Licht: 0","239805","3","7","6","04","10","6","","0","0","1","1","0"
"POINT (13.323759732000042 52.445342270000026)","Unfall 239806 (2023) Kat:2, Licht: 0","239806","2","3","5","04","10","6","","0","1","1","0","0"
"POINT (13.477470456000049 52.561808125000027)","Unfall 239807 (2023) Kat:3, Licht: 0","239807","3","3","0","04","09","6","","0","1","1","0","0"
"POINT (13.593616321000070 52.445064182000067)","Unfall 239808 (2023) Kat:2, Licht: 1","239808","2","6","3","04","05","6","","1","1","1","0","0"
"POINT (13.292801401000077 52.575672311000062)","Unfall 239809 (2023) Kat:3, Licht: 0","239809","3","6","2","04","19","6","","0","0","1","0","0"
"POINT (13.306629760000021 52.515814228000067)","Unfall 239810 (2023) Kat:1, Licht: 0","239810","1","7","6","04","12","6","","0","0","0","1","0"
"POINT (13.331069247000073 52.452975201000072)","Unfall 239811 (2023) Kat:3, Licht: 2","239811","3","3","5","04","23","5","","2","0","1","0","0"
"POINT (13.376583973000038 52.485055283000065)","Unfall 239812 (2023) Kat:3, Licht: 2","239812","3","2","5","04","21","5","","2","0","1","0","1"
"POINT (13.422350454000025 52.511442370000054)","Unfall 239813 (2023) Kat:3, Licht: 0","239813","3","2","5","04","19","5","","0","1","1","0","0"
"POINT (13.307752661000052 52.524629140000059)","Unfall 239814 (2023) Kat:3, Licht: 0","239814","3","2","0","04","08","5","","0","1","0","0","0"
"POINT (13.394424284000024 52.506770570000072)","Unfall 239815 (2023) Kat:3, Licht: 2","239815","3","6","4","04","22","5","","2","1","1","0","0"
"POINT (13.464833712000029 52.472813499000040)","Unfall 239816 (2023) Kat:3, Licht: 0","239816","3","4","6","04","19","5","","0","0","1","1","0"
"POINT (13.331088600000044 52.495400109000059)","Unfall 239817 (2023) Kat:3, Licht: 0","239817","3","3","5","04","17","5","","0","0","1","0","0"
"POINT (13.423069121000026 52.474645865000070)","Unfall 239818 (2023) Kat:2, Licht: 0","239818","2","3","5","04","16","5","","0","0","1","0","0"
"POINT (13.560533419000024 52.446328019000077)","Unfall 239819 (2023) Kat:3, Licht: 0","239819","3","2","2","04","13","5","","0","0","1","0","0"
"POINT (13.180013301000031 52.504370276000031)","Unfall 239820 (2023) Kat:3, Licht: 0","239820","3","5","0","04","13","5","","0","0","1","0","0"
"POINT (13.306351938000034 52.506680356000061)","Unfall 239821 (2023) Kat:3, Licht: 0","239821","3","4","6","04","10","5","","0","0","1","1","0"
"POINT (13.591577632000053 52.544815518000064)","Unfall 239822 (2023) Kat:3, Licht: 0","239822","3","2","5","05","17","3","","0","0","1","0","0"
"POINT (13.232310864000056 52.538375891000044)","Unfall 239823 (2023) Kat:2, Licht: 0","239823","2","1","0","04","07","5","","0","0","0","0","1"
"POINT (13.409846897000023 52.528972447000058)","Unfall 239824 (2023) Kat:3, Licht: 2","239824","3","3","5","04","23","5","","2","1","1","0","0"
"POINT (13.464738063000027 52.470217406000074)","Unfall 239825 (2023) Kat:3, Licht: 0","239825","3","2","5","04","17","5","","0","0","1","0","0"
"POINT (13.358462886000041 52.592588610000064)","Unfall 239826 (2023) Kat:2, Licht: 0","239826","2","4","0","04","13","5","","0","1","0","1","0"
"POINT (13.242773697000075 52.525693808000028)","Unfall 239827 (2023) Kat:3, Licht: 0","239827","3","6","2","04","12","5","","0","0","1","0","1"
"POINT (13.376767390000055 52.491239129000064)","Unfall 239828 (2023) Kat:3, Licht: 0","239828","3","6","3","04","11","5","","0","1","1","0","0"
"POINT (13.376923107000039 52.508705833000079)","Unfall 239829 (2023) Kat:3, Licht: 2","239829","3","1","0","04","21","5","","2","0","0","0","0"
"POINT (13.381647319000024 52.552121331000080)","Unfall 239830 (2023) Kat:2, Licht: 0","239830","2","4","6","04","10","5","","0","0","1","1","0"
"POINT (13.288752805000058 52.533910127000070)","Unfall 239831 (2023) Kat:2, Licht: 2","239831","2","5","1","04","21","5","","2","0","1","0","0"
"POINT (13.290250348000029 52.475378839000030)","Unfall 239832 (2023) Kat:3, Licht: 0","239832","3","2","5","04","08","5","","0","0","1","0","0"
"POINT (13.449972916000036 52.477862203000029)","Unfall 239833 (2023) Kat:3, Licht: 2","239833","3","5","1","04","20","5","","2","1","1","0","0"
"POINT (13.424098690000051 52.488230356000031)","Unfall 239834 (2023) Kat:3, Licht: 0","239834","3","6","2","04","17","5","","0","0","1","0","0"
"POINT (13.601088895000032 52.479242713000076)","Unfall 239835 (2023) Kat:3, Licht: 0","239835","3","3","5","04","08","5","","0","1","1","0","0"
"POINT (13.364612401000045 52.562707186000068)","Unfall 239836 (2023) Kat:3, Licht: 0","239836","3","2","5","04","07","7","","0","0","1","0","0"
"POINT (13.429797589000032 52.480350388000033)","Unfall 239837 (2023) Kat:3, Licht: 2","239837","3","6","2","04","02","5","","2","0","1","0","0"
"POINT (13.433864468000024 52.523258865000059)","Unfall 239838 (2023) Kat:3, Licht: 0","239838","3","7","5","04","11","4","","0","0","1","0","0"
"POINT (13.314216861000034 52.576784699000029)","Unfall 239839 (2023) Kat:3, Licht: 2","239839","3","3","5","05","23","5","","2","0","1","0","1"
"POINT (13.421463570000071 52.575402249000035)","Unfall 239840 (2023) Kat:2, Licht: 0","239840","2","3","5","04","10","4","","0","0","1","0","0"
"POINT (13.295154716000070 52.506866226000056)","Unfall 239841 (2023) Kat:3, Licht: 0","239841","3","2","5","05","08","6","","0","0","1","0","0"
"POINT (13.413408731000061 52.523354341000072)","Unfall 239842 (2023) Kat:3, Licht: 2","239842","3","6","2","04","22","4","","2","0","1","0","1"
"POINT (13.489032573000031 52.542292279000037)","Unfall 239843 (2023) Kat:3, Licht: 0","239843","3","6","2","05","15","3","","0","0","1","0","0"
"POINT (13.333829904000027 52.570358538000050)","Unfall 239844 (2023) Kat:3, Licht: 0","239844","3","6","2","04","17","4","","0","0","1","0","0"
"POINT (13.243923611000071 52.615192565000029)","Unfall 239845 (2023) Kat:3, Licht: 0","239845","3","6","2","04","16","4","","0","0","1","0","0"
"POINT (13.443876587000034 52.479713039000046)","Unfall 239846 (2023) Kat:3, Licht: 0","239846","3","2","6","05","12","4","","0","0","1","1","0"
"POINT (13.343996276000041 52.501770172000079)","Unfall 239847 (2023) Kat:3, Licht: 0","239847","3","3","5","04","15","4","","0","0","1","0","1"
"POINT (13.279433635000032 52.538984883000069)","Unfall 239848 (2023) Kat:3, Licht: 0","239848","3","7","0","04","15","4","","0","1","0","0","0"
"POINT (13.195667524000044 52.533408800000075)","Unfall 239849 (2023) Kat:3, Licht: 0","239849","3","4","6","04","07","3","","0","0","0","1","0"
"POINT (13.322634143000073 52.499875949000057)","Unfall 239850 (2023) Kat:3, Licht: 0","239850","3","5","1","04","15","4","","0","0","1","0","0"
"POINT (13.277128491000042 52.584959107000032)","Unfall 239851 (2023) Kat:3, Licht: 0","239851","3","2","5","04","07","4","","0","1","1","0","0"
"POINT (13.410968195000066 52.438989078000077)","Unfall 239852 (2023) Kat:2, Licht: 0","239852","2","6","4","04","07","4","","0","0","1","0","0"
"POINT (13.388644595000073 52.547666116000073)","Unfall 239853 (2023) Kat:2, Licht: 2","239853","2","4","6","04","00","4","","2","0","1","1","0"
"POINT (13.429844922000029 52.556746949000058)","Unfall 239854 (2023) Kat:3, Licht: 2","239854","3","7","0","04","21","4","","2","0","0","0","0"
"POINT (13.329755313000021 52.523886724000079)","Unfall 239855 (2023) Kat:3, Licht: 2","239855","3","2","2","04","20","4","","2","0","1","0","0"
"POINT (13.410374464000029 52.523986245000060)","Unfall 239856 (2023) Kat:3, Licht: 0","239856","3","6","2","04","18","4","","0","0","1","0","0"
"POINT (13.353398939000044 52.432643442000028)","Unfall 239857 (2023) Kat:2, Licht: 1","239857","2","6","3","04","18","4","","1","1","0","0","0"
"POINT (13.319834506000063 52.492017906000058)","Unfall 239858 (2023) Kat:2, Licht: 0","239858","2","2","5","04","13","4","","0","1","1","0","0"
"POINT (13.279215532000023 52.501134958000080)","Unfall 239859 (2023) Kat:3, Licht: 0","239859","3","6","2","04","07","4","","0","0","1","0","0"
"POINT (13.410300218000032 52.398414732000049)","Unfall 239860 (2023) Kat:3, Licht: 0","239860","3","3","5","04","10","4","","0","1","0","0","0"
"POINT (13.495628712000041 52.522961915000053)","Unfall 239861 (2023) Kat:3, Licht: 0","239861","3","4","6","04","09","4","","0","0","1","1","0"
"POINT (13.336820091000050 52.460205555000073)","Unfall 239862 (2023) Kat:3, Licht: 0","239862","3","5","1","04","08","4","","0","1","1","0","0"
"POINT (13.428712380000036 52.518970353000043)","Unfall 239863 (2023) Kat:3, Licht: 0","239863","3","2","6","04","18","4","","0","0","1","1","0"
"POINT (13.442802598000071 52.465070160000039)","Unfall 239864 (2023) Kat:3, Licht: 0","239864","3","2","5","04","17","4","","0","0","1","0","1"
"POINT (13.405707462000066 52.561230101000035)","Unfall 239865 (2023) Kat:3, Licht: 0","239865","3","5","1","04","12","4","","0","0","1","0","1"
"POINT (13.406612186000075 52.498379848000070)","Unfall 239866 (2023) Kat:3, Licht: 0","239866","3","2","2","04","12","4","","0","0","1","0","0"
"POINT (13.335759105000022 52.513659831000041)","Unfall 239867 (2023) Kat:3, Licht: 0","239867","3","2","5","04","16","4","","0","0","1","0","1"
"POINT (13.362810358000047 52.451880283000037)","Unfall 239868 (2023) Kat:3, Licht: 0","239868","3","3","5","04","16","4","","0","0","1","0","1"
"POINT (13.540262171000052 52.539646845000050)","Unfall 239869 (2023) Kat:2, Licht: 2","239869","2","1","8","04","04","4","","2","0","1","0","0"
"POINT (13.266964862000066 52.519836663000035)","Unfall 239870 (2023) Kat:3, Licht: 0","239870","3","7","2","04","08","3","","0","0","1","0","0"
"POINT (13.450707228000056 52.501669733000028)","Unfall 239871 (2023) Kat:3, Licht: 0","239871","3","6","0","04","16","3","","0","0","1","0","0"
"POINT (13.345572041000025 52.461056824000082)","Unfall 239872 (2023) Kat:3, Licht: 0","239872","3","6","2","04","17","3","","0","0","1","0","0"
"POINT (13.312348271000076 52.498711339000067)","Unfall 239873 (2023) Kat:3, Licht: 0","239873","3","6","2","04","17","3","","0","0","1","0","1"
"POINT (13.495832673000052 52.415411751000079)","Unfall 239874 (2023) Kat:3, Licht: 0","239874","3","4","6","04","10","3","","0","0","1","1","0"
"POINT (13.388942089000068 52.499401050000074)","Unfall 239875 (2023) Kat:3, Licht: 1","239875","3","2","5","04","06","3","","1","1","1","0","0"
"POINT (13.432428163000054 52.499555198000053)","Unfall 239876 (2023) Kat:3, Licht: 2","239876","3","1","0","04","20","3","","2","0","0","0","0"
"POINT (13.405846618000055 52.513977449000038)","Unfall 239877 (2023) Kat:3, Licht: 0","239877","3","3","5","05","10","1","","0","0","1","0","0"
"POINT (13.290521441000067 52.534075490000077)","Unfall 239878 (2023) Kat:3, Licht: 0","239878","3","6","3","04","19","3","","0","0","1","0","0"
"POINT (13.154632842000069 52.539380733000030)","Unfall 239879 (2023) Kat:3, Licht: 0","239879","3","6","4","04","19","3","","0","0","1","0","1"
"POINT (13.462912482000036 52.519851789000029)","Unfall 239880 (2023) Kat:3, Licht: 0","239880","3","1","4","04","17","3","","0","0","1","0","0"
"POINT (13.192899806000071 52.535986443000070)","Unfall 239881 (2023) Kat:3, Licht: 0","239881","3","7","5","04","17","3","","0","0","1","0","0"
"POINT (13.413265994000028 52.525126634000060)","Unfall 239882 (2023) Kat:3, Licht: 0","239882","3","6","1","04","16","3","","0","0","1","0","0"
"POINT (13.378273392000040 52.550397689000079)","Unfall 239883 (2023) Kat:3, Licht: 0","239883","3","2","6","04","16","3","","0","0","1","1","0"
"POINT (13.394389368000077 52.491362884000068)","Unfall 239884 (2023) Kat:3, Licht: 0","239884","3","2","2","04","11","3","","0","0","1","0","0"
"POINT (13.354939465000029 52.596629381000071)","Unfall 239885 (2023) Kat:3, Licht: 0","239885","3","7","0","04","09","3","","0","0","0","0","0"
"POINT (13.399377202000039 52.452985670000032)","Unfall 239886 (2023) Kat:3, Licht: 0","239886","3","3","5","04","09","3","","0","0","0","0","0"
"POINT (13.295163540000033 52.575746548000041)","Unfall 239887 (2023) Kat:3, Licht: 2","239887","3","7","0","04","00","3","","2","0","1","0","0"
"POINT (13.396518438000044 52.531379117000029)","Unfall 239888 (2023) Kat:3, Licht: 1","239888","3","7","6","04","20","3","","1","0","1","1","0"
"POINT (13.332629238000038 52.452455661000045)","Unfall 239889 (2023) Kat:3, Licht: 0","239889","3","6","3","04","19","3","","0","0","1","0","0"
"POINT (13.130212278000045 52.449459407000063)","Unfall 239890 (2023) Kat:2, Licht: 0","239890","2","2","5","04","17","3","","0","0","1","0","1"
"POINT (13.339573520000044 52.499627523000072)","Unfall 239891 (2023) Kat:3, Licht: 0","239891","3","2","5","04","17","3","","0","0","1","0","0"
"POINT (13.315868626000054 52.489012230000071)","Unfall 239892 (2023) Kat:3, Licht: 0","239892","3","2","6","04","14","3","","0","0","1","1","0"
"POINT (13.478114863000030 52.442120013000078)","Unfall 239893 (2023) Kat:3, Licht: 0","239893","3","2","5","04","14","3","","0","1","1","0","0"
"POINT (13.326023447000068 52.527678093000077)","Unfall 239894 (2023) Kat:3, Licht: 0","239894","3","7","5","04","14","3","","0","1","1","0","0"
"POINT (13.141609527000071 52.532470307000040)","Unfall 239895 (2023) Kat:3, Licht: 1","239895","3","2","5","04","19","2","","1","0","1","0","0"
"POINT (13.434897962000036 52.460893681000073)","Unfall 239896 (2023) Kat:2, Licht: 2","239896","2","3","5","04","04","2","","2","0","1","0","0"
"POINT (13.446526580000068 52.486537653000028)","Unfall 239897 (2023) Kat:3, Licht: 2","239897","3","6","2","04","20","2","","2","0","1","0","0"
"POINT (13.558720760000028 52.448365785000078)","Unfall 239898 (2023) Kat:3, Licht: 2","239898","3","6","3","04","20","2","","2","0","1","0","0"
"POINT (13.426415412000040 52.499357257000042)","Unfall 239899 (2023) Kat:3, Licht: 0","239899","3","2","2","04","17","2","","0","0","1","0","0"
"POINT (13.141599256000063 52.532452011000032)","Unfall 239900 (2023) Kat:3, Licht: 0","239900","3","2","5","04","17","2","","0","0","1","0","0"
"POINT (13.124413422000032 52.528204247000076)","Unfall 239901 (2023) Kat:3, Licht: 0","239901","3","6","2","04","15","2","","0","0","1","0","0"
"POINT (13.395859283000050 52.497880369000029)","Unfall 239902 (2023) Kat:3, Licht: 0","239902","3","2","5","04","12","2","","0","1","1","0","0"
"POINT (13.290916717000073 52.597428468000032)","Unfall 239903 (2023) Kat:3, Licht: 0","239903","3","7","5","04","11","2","","0","0","1","0","0"
"POINT (13.322638926000025 52.487715700000081)","Unfall 239904 (2023) Kat:3, Licht: 0","239904","3","6","3","05","12","1","","0","1","1","0","0"
"POINT (13.313766024000074 52.505489649000026)","Unfall 239905 (2023) Kat:3, Licht: 0","239905","3","6","2","04","10","2","","0","0","1","0","1"
"POINT (13.196026104000055 52.527345999000033)","Unfall 239906 (2023) Kat:3, Licht: 0","239906","3","3","5","04","08","2","","0","0","1","0","0"
"POINT (13.457381903000055 52.561184745000048)","Unfall 239907 (2023) Kat:3, Licht: 2","239907","3","6","2","04","20","1","","2","0","1","0","0"
"POINT (13.488555839000071 52.451290007000068)","Unfall 239908 (2023) Kat:3, Licht: 0","239908","3","6","2","04","17","1","","0","0","1","0","0"
"POINT (13.493104832000029 52.522927428000060)","Unfall 239909 (2023) Kat:2, Licht: 0","239909","2","3","5","04","19","3","","0","0","1","0","1"
"POINT (13.352833369000052 52.433847161000074)","Unfall 239910 (2023) Kat:2, Licht: 0","239910","2","2","5","04","16","1","","0","0","1","0","1"
"POINT (13.254722728000047 52.465706090000026)","Unfall 239911 (2023) Kat:2, Licht: 0","239911","2","5","5","04","15","1","","0","0","1","0","1"
"POINT (13.373983497000040 52.556669127000077)","Unfall 239912 (2023) Kat:2, Licht: 0","239912","2","4","6","04","15","1","","0","0","1","1","0"
"POINT (13.420381637000048 52.394819379000069)","Unfall 239913 (2023) Kat:3, Licht: 1","239913","3","3","5","04","19","1","","1","1","1","0","0"
"POINT (13.467252854000037 52.468551478000052)","Unfall 239914 (2023) Kat:3, Licht: 0","239914","3","2","5","04","13","7","","0","0","1","0","0"
"POINT (13.439941172000033 52.568048573000056)","Unfall 239915 (2023) Kat:2, Licht: 2","239915","2","7","2","04","20","1","","2","0","1","0","0"
"POINT (13.402856707000069 52.498443083000041)","Unfall 239916 (2023) Kat:3, Licht: 2","239916","3","2","5","04","23","1","","2","0","1","0","0"
"POINT (13.436723391000044 52.495661779000045)","Unfall 239917 (2023) Kat:2, Licht: 2","239917","2","4","6","04","21","1","","2","0","1","1","0"
"POINT (13.559597733000032 52.435530259000075)","Unfall 239918 (2023) Kat:2, Licht: 0","239918","2","1","0","04","19","1","","0","1","0","0","0"
"POINT (13.433660890000056 52.481873342000029)","Unfall 239919 (2023) Kat:2, Licht: 2","239919","2","3","5","04","02","1","","2","1","1","0","0"
"POINT (13.232241406000071 52.623549498000045)","Unfall 239920 (2023) Kat:3, Licht: 2","239920","3","4","6","04","20","1","","2","1","0","1","0"
"POINT (13.377031681000062 52.485030675000075)","Unfall 239921 (2023) Kat:3, Licht: 0","239921","3","6","3","04","15","1","","0","0","1","0","0"
"POINT (13.403901937000057 52.525982469000041)","Unfall 239922 (2023) Kat:3, Licht: 0","239922","3","4","6","04","10","4","","0","0","1","1","0"
"POINT (13.379489904000025 52.529545998000060)","Unfall 239923 (2023) Kat:3, Licht: 0","239923","3","4","6","04","14","1","","0","0","0","1","0"
"POINT (13.332142029000067 52.506203419000030)","Unfall 239924 (2023) Kat:2, Licht: 0","239924","2","3","5","04","13","1","","0","0","1","0","0"
"POINT (13.351247670000078 52.504509179000081)","Unfall 239925 (2023) Kat:3, Licht: 0","239925","3","2","5","04","16","7","","0","0","1","0","0"
"POINT (13.454866546000062 52.521322036000072)","Unfall 239926 (2023) Kat:2, Licht: 1","239926","2","3","5","04","20","7","","1","0","1","0","0"
"POINT (13.262424729000031 52.451419268000052)","Unfall 239927 (2023) Kat:3, Licht: 0","239927","3","3","5","04","12","7","","0","0","1","0","0"
"POINT (13.458189138000023 52.472819407000031)","Unfall 239928 (2023) Kat:3, Licht: 1","239928","3","3","5","04","06","7","","1","0","1","0","0"