WKT,Name,OBJECTID,UKATEGORIE,UTYP1,UART,UMONAT,USTUNDE,UWOCHENTAG,STRZUSTAND,ULICHTVERH,ISTRAD,ISTPKW,ISTFUSS,ISTKRAD
"POINT (13.360615932000030 52.548592155000051)","Unfall 239929 (2023) Kat:3, Licht: 2","239929","3","3","5","04","23","7","","2","0","1","0","0"
"POINT (13.196010113000057 52.520866651000063)","Unfall 239930 (2023) Kat:3, Licht: 0","239930","3","7","6","04","11","7","","0","0","1","1","0"
"POINT (13.328677478000031 52.527396201000045)","Unfall 239931 (2023) Kat:3, Licht: 2","239931","3","2","0","04","23","7","","2","0","1","0","1"
"POINT (13.464471491000040 52.475567816000080)","Unfall 239932 (2023) Kat:3, Licht: 2","239932","3","6","2","04","20","7","","2","0","1","0","1"
"POINT (13.345210450000025 52.485308310000050)","Unfall 239933 (2023) Kat:2, Licht: 0","239933","2","5","1","04","19","1","","0","0","0","0","1"
"POINT (13.354878820000067 52.547952193000071)","Unfall 239934 (2023) Kat:3, Licht: 0","239934","3","4","6","04","15","7","","0","0","0","1","1"
"POINT (13.406822104000071 52.393769225000028)","Unfall 239935 (2023) Kat:3, Licht: 2","239935","3","2","5","04","22","7","","2","0","1","0","0"
"POINT (13.406563777000031 52.505708941000080)","Unfall 239936 (2023) Kat:3, Licht: 1","239936","3","3","5","05","20","5","","1","1","1","0","0"
"POINT (13.300739736000025 52.455749236000031)","Unfall 239937 (2023) Kat:2, Licht: 0","239937","2","3","5","04","15","7","","0","0","1","0","0"
"POINT (13.195398141000055 52.528841769000053)","Unfall 239938 (2023) Kat:3, Licht: 0","239938","3","4","6","04","12","7","","0","0","1","1","0"
"POINT (13.350988258000029 52.504087005000031)","Unfall 239939 (2023) Kat:3, Licht: 2","239939","3","1","8","04","02","7","","2","0","1","0","0"
"POINT (13.433678484000040 52.481878934000065)","Unfall 239940 (2023) Kat:3, Licht: 2","239940","3","3","5","04","00","7","","2","1","1","0","0"
"POINT (13.512946970000030 52.566332166000052)","Unfall 239941 (2023) Kat:2, Licht: 0","239941","2","4","0","04","13","6","","0","0","0","1","0"
"POINT (13.413607259000059 52.488411301000042)","Unfall 239942 (2023) Kat:3, Licht: 0","239942","3","3","5","05","17","5","","0","0","1","0","0"
"POINT (13.479437274000077 52.562983878000068)","Unfall 239943 (2023) Kat:3, Licht: 0","239943","3","5","1","04","11","6","","0","1","1","0","0"
"POINT (13.327498909000042 52.422623928000064)","Unfall 239944 (2023) Kat:3, Licht: 0","239944","3","3","5","04","15","6","","0","0","1","0","0"
"POINT (13.404620658000056 52.540570398000057)","Unfall 239945 (2023) Kat:3, Licht: 0","239945","3","3","5","04","14","6","","0","0","1","0","0"
"POINT (13.394259215000034 52.418369280000036)","Unfall 239946 (2023) Kat:3, Licht: 0","239946","3","1","1","04","13","6","","0","0","1","0","1"
"POINT (13.277522756000053 52.427774409000051)","Unfall 239947 (2023) Kat:3, Licht: 0","239947","3","4","6","05","17","4","","0","0","1","1","0"
"POINT (13.320342981000067 52.566076034000048)","Unfall 239948 (2023) Kat:3, Licht: 0","239948","3","3","5","04","14","6","","0","1","1","0","0"
"POINT (13.338103590000060 52.505063486000040)","Unfall 239949 (2023) Kat:2, Licht: 0","239949","2","5","1","05","16","3","","0","1","1","0","0"
"POINT (13.180201394000051 52.553002209000056)","Unfall 239950 (2023) Kat:2, Licht: 0","239950","2","3","5","04","12","5","","0","1","1","0","0"
"POINT (13.385716351000042 52.481638400000065)","Unfall 239951 (2023) Kat:3, Licht: 0","239951","3","2","5","04","08","5","","0","1","0","0","0"
"POINT (13.345876707000059 52.503362785000036)","Unfall 239952 (2023) Kat:3, Licht: 1","239952","3","7","6","04","20","5","","1","0","0","1","0"
"POINT (13.371533714000066 52.492534823000028)","Unfall 239953 (2023) Kat:3, Licht: 0","239953","3","5","1","04","05","5","","0","0","1","0","0"
"POINT (13.580924896000056 52.503317624000033)","Unfall 239954 (2023) Kat:2, Licht: 0","239954","2","4","6","04","14","5","","0","0","1","1","0"
"POINT (13.398920821000047 52.570640300000036)","Unfall 239955 (2023) Kat:3, Licht: 0","239955","3","2","5","04","13","5","","0","1","1","0","0"
"POINT (13.427864736000060 52.518207480000058)","Unfall 239956 (2023) Kat:2, Licht: 0","239956","2","2","0","04","16","3","","0","0","1","0","1"
"POINT (13.414042769000048 52.500390706000076)","Unfall 239957 (2023) Kat:3, Licht: 0","239957","3","3","5","04","12","5","","0","0","1","0","0"
"POINT (13.362929575000067 52.499702371000069)","Unfall 239958 (2023) Kat:3, Licht: 0","239958","3","6","3","04","11","5","","0","1","1","0","0"
"POINT (13.422953204000066 52.500273682000056)","Unfall 239959 (2023) Kat:3, Licht: 0","239959","3","3","5","04","19","5","","0","1","0","0","0"
"POINT (13.375433796000038 52.460143853000034)","Unfall 239960 (2023) Kat:3, Licht: 0","239960","3","5","0","04","16","5","","0","1","1","0","0"
"POINT (13.546493988000066 52.525878200000079)","Unfall 239961 (2023) Kat:2, Licht: 0","239961","2","6","0","04","16","5","","0","0","1","0","1"
"POINT (13.355103370000052 52.427718802000072)","Unfall 239962 (2023) Kat:3, Licht: 2","239962","3","3","5","04","05","5","","2","0","1","0","1"
"POINT (13.327828590000024 52.428237201000059)","Unfall 239963 (2023) Kat:3, Licht: 0","239963","3","4","6","04","17","5","","0","0","0","1","0"
"POINT (13.335664607000069 52.541992929000060)","Unfall 239964 (2023) Kat:2, Licht: 1","239964","2","2","5","04","19","5","","1","0","1","0","0"
"POINT (13.427649538000026 52.499332050000078)","Unfall 239965 (2023) Kat:3, Licht: 0","239965","3","6","2","04","08","5","","0","0","1","0","0"
"POINT (13.216104059000031 52.538130012000067)","Unfall 239966 (2023) Kat:3, Licht: 0","239966","3","6","3","04","16","5","","0","0","1","0","0"
"POINT (13.266234837000070 52.443047059000037)","Unfall 239967 (2023) Kat:3, Licht: 0","239967","3","6","2","04","16","5","","0","0","1","0","0"
"POINT (13.320145109000066 52.476783427000044)","Unfall 239968 (2023) Kat:3, Licht: 0","239968","3","3","5","04","11","5","","0","0","1","0","1"
"POINT (13.435807530000034 52.521727663000036)","Unfall 239969 (2023) Kat:3, Licht: 0","239969","3","6","2","04","08","5","","0","0","1","0","0"
"POINT (13.180310377000069 52.552974604000042)","Unfall 239970 (2023) Kat:2, Licht: 0","239970","2","3","5","04","07","5","","0","1","1","0","0"
"POINT (13.385409183000036 52.468588313000055)","Unfall 239971 (2023) Kat:3, Licht: 0","239971","3","2","5","06","08","4","","0","1","1","0","0"
"POINT (13.383408809000059 52.554851377000034)","Unfall 239972 (2023) Kat:2, Licht: 0","239972","2","4","6","06","08","4","","0","0","0","1","1"
"POINT (13.618663920000074 52.455681971000047)","Unfall 239973 (2023) Kat:3, Licht: 0","239973","3","3","5","06","19","4","","0","1","1","0","0"
"POINT (13.593665237000039 52.447493013000042)","Unfall 239974 (2023) Kat:3, Licht: 0","239974","3","2","5","06","17","4","","0","1","1","0","0"
"POINT (13.507994976000077 52.546384504000059)","Unfall 239975 (2023) Kat:3, Licht: 0","239975","3","3","5","06","17","4","","0","0","1","0","0"
"POINT (13.462070266000069 52.519025051000028)","Unfall 239976 (2023) Kat:3, Licht: 0","239976","3","4","6","06","16","4","","0","0","1","1","0"
"POINT (13.379325086000051 52.524426875000074)","Unfall 239977 (2023) Kat:3, Licht: 0","239977","3","5","1","06","16","4","","0","1","1","0","0"
"POINT (13.330486559000065 52.443303795000077)","Unfall 239978 (2023) Kat:3, Licht: 0","239978","3","7","6","06","15","4","","0","1","0","1","0"
"POINT (13.376480197000035 52.549289468000040)","Unfall 239979 (2023) Kat:3, Licht: 2","239979","3","5","1","06","15","4","","2","1","1","0","0"
"POINT (13.337768524000069 52.501672538000037)","Unfall 239980 (2023) Kat:3, Licht: 0","239980","3","7","2","06","12","4","","0","0","1","0","0"
"POINT (13.507004018000032 52.496849808000036)","Unfall 239981 (2023) Kat:2, Licht: 0","239981","2","2","5","06","10","4","","0","1","0","0","0"
"POINT (13.441509842000073 52.470442564000052)","Unfall 239982 (2023) Kat:3, Licht: 0","239982","3","3","5","06","07","4","","0","1","0","0","0"
"POINT (13.435114547000069 52.426995832000046)","Unfall 239983 (2023) Kat:3, Licht: 0","239983","3","7","1","06","15","4","","0","1","1","0","0"
"POINT (13.235648000000026 52.541809255000032)","Unfall 239984 (2023) Kat:3, Licht: 0","239984","3","5","1","06","13","4","","0","1","1","0","0"
"POINT (13.337946980000027 52.466781575000027)","Unfall 239985 (2023) Kat:3, Licht: 0","239985","3","3","5","06","09","4","","0","1","1","0","0"
"POINT (13.562594601000058 52.445763879000026)","Unfall 239986 (2023) Kat:3, Licht: 2","239986","3","7","0","06","04","4","","2","0","1","0","0"
"POINT (13.301290973000050 52.519196410000063)","Unfall 239987 (2023) Kat:3, Licht: 0","239987","3","3","5","06","17","4","","0","0","1","0","0"
"POINT (13.384601282000062 52.529328991000057)","Unfall 239988 (2023) Kat:3, Licht: 0","239988","3","2","5","06","20","4","","0","1","1","0","0"
"POINT (13.359063413000058 52.569800701000077)","Unfall 239989 (2023) Kat:3, Licht: 0","239989","3","7","5","06","17","4","","0","0","1","0","1"
"POINT (13.563128786000050 52.445784602000060)","Unfall 239990 (2023) Kat:2, Licht: 0","239990","2","6","3","06","15","4","","0","0","1","0","1"
"POINT (13.324171859000046 52.564964300000042)","Unfall 239991 (2023) Kat:3, Licht: 0","239991","3","6","0","06","15","4","","0","1","1","0","0"
"POINT (13.231739406000031 52.539147606000029)","Unfall 239992 (2023) Kat:3, Licht: 0","239992","3","6","2","06","13","4","","0","0","0","0","1"
"POINT (13.575435854000034 52.489104947000044)","Unfall 239993 (2023) Kat:3, Licht: 0","239993","3","3","5","06","13","4","","0","1","1","0","0"
"POINT (13.458630133000042 52.506611088000056)","Unfall 239994 (2023) Kat:3, Licht: 0","239994","3","3","5","06","09","4","","0","0","0","0","1"
"POINT (13.420797846000028 52.553914455000040)","Unfall 239995 (2023) Kat:3, Licht: 0","239995","3","4","6","06","08","4","","0","0","1","1","0"
"POINT (13.294517625000026 52.474156269000048)","Unfall 239996 (2023) Kat:2, Licht: 2","239996","2","1","8","06","01","4","","2","0","1","0","0"
"POINT (13.441108049000036 52.549551648000033)","Unfall 239997 (2023) Kat:3, Licht: 2","239997","3","3","5","06","00","4","","2","0","1","0","1"
"POINT (13.441229331000045 52.513094990000070)","Unfall 239998 (2023) Kat:3, Licht: 0","239998","3","2","5","06","19","3","","0","1","1","0","0"
"POINT (13.411559046000036 52.500967956000068)","Unfall 239999 (2023) Kat:2, Licht: 0","239999","2","3","5","06","19","3","","0","1","1","0","0"
"POINT (13.558477863000064 52.454780673000073)","Unfall 240000 (2023) Kat:3, Licht: 0","240000","3","7","0","06","19","3","","0","0","0","0","1"
"POINT (13.470448998000052 52.429080205000048)","Unfall 240001 (2023) Kat:3, Licht: 0","240001","3","3","0","06","18","3","","0","0","1","0","1"
"POINT (13.515282186000036 52.566978056000039)","Unfall 240002 (2023) Kat:3, Licht: 0","240002","3","2","2","06","16","3","","0","1","1","0","0"
"POINT (13.327406739000025 52.464033942000071)","Unfall 240003 (2023) Kat:3, Licht: 0","240003","3","4","6","06","15","3","","0","1","0","1","0"
"POINT (13.394392611000058 52.483985891000032)","Unfall 240004 (2023) Kat:3, Licht: 0","240004","3","2","5","06","13","3","","0","0","1","0","0"
"POINT (13.313994322000042 52.506217055000036)","Unfall 240005 (2023) Kat:3, Licht: 0","240005","3","2","5","06","12","3","","0","1","1","0","0"
"POINT (13.282621311000071 52.518630257000041)","Unfall 240006 (2023) Kat:3, Licht: 0","240006","3","6","2","06","11","3","","0","0","1","0","0"
"POINT (13.364700571000071 52.525012717000038)","Unfall 240007 (2023) Kat:3, Licht: 0","240007","3","4","6","06","08","3","","0","0","1","1","0"
"POINT (13.381906699000069 52.514310288000047)","Unfall 240008 (2023) Kat:3, Licht: 0","240008","3","5","1","06","08","3","","0","1","1","0","0"
"POINT (13.378762400000028 52.550522357000034)","Unfall 240009 (2023) Kat:3, Licht: 0","240009","3","5","1","06","08","3","","0","1","1","0","0"
"POINT (13.395706149000034 52.498408282000071)","Unfall 240010 (2023) Kat:3, Licht: 2","240010","3","3","5","06","01","3","","2","0","1","0","0"
"POINT (13.565898329000049 52.529133410000043)","Unfall 240011 (2023) Kat:3, Licht: 0","240011","3","2","5","06","08","3","","0","1","1","0","0"
"POINT (13.669300133000036 52.447783517000062)","Unfall 240012 (2023) Kat:2, Licht: 0","240012","2","7","4","06","10","3","","0","0","1","0","0"
"POINT (13.502744504000077 52.470115640000074)","Unfall 240013 (2023) Kat:3, Licht: 0","240013","3","2","5","06","09","3","","0","1","1","0","0"
"POINT (13.403720078000049 52.532532190000040)","Unfall 240014 (2023) Kat:2, Licht: 0","240014","2","1","0","06","18","3","","0","1","0","0","0"
"POINT (13.436723108000024 52.495661484000038)","Unfall 240015 (2023) Kat:3, Licht: 0","240015","3","3","5","06","17","3","","0","1","0","0","1"
"POINT (13.507733345000076 52.450493101000063)","Unfall 240016 (2023) Kat:3, Licht: 0","240016","3","3","5","06","17","3","","0","0","1","0","0"
"POINT (13.428111921000038 52.473471522000068)","Unfall 240017 (2023) Kat:3, Licht: 0","240017","3","2","5","06","14","3","","0","0","1","0","0"
"POINT (13.477811595000048 52.446533034000026)","Unfall 240018 (2023) Kat:3, Licht: 0","240018","3","3","5","06","13","3","","0","0","1","0","0"
"POINT (13.441265839000039 52.481046680000077)","Unfall 240019 (2023) Kat:2, Licht: 0","240019","2","2","5","06","10","3","","0","0","1","0","0"
"POINT (13.613067875000070 52.500265997000042)","Unfall 240020 (2023) Kat:2, Licht: 0","240020","2","1","0","06","07","3","","0","1","0","0","0"
"POINT (13.434258540000030 52.452602938000041)","Unfall 240021 (2023) Kat:3, Licht: 0","240021","3","2","5","06","07","3","","0","1","1","0","0"
"POINT (13.315070948000027 52.541185401000064)","Unfall 240022 (2023) Kat:3, Licht: 0","240022","3","3","0","06","17","3","","0","0","1","0","1"
"POINT (13.369342095000036 52.492865808000033)","Unfall 240023 (2023) Kat:3, Licht: 0","240023","3","3","0","06","20","2","","0","0","1","0","0"
"POINT (13.460617950000028 52.512281186000052)","Unfall 240024 (2023) Kat:3, Licht: 1","240024","3","1","0","06","19","2","","1","1","0","0","0"
"POINT (13.307164240000077 52.500068807000048)","Unfall 240025 (2023) Kat:3, Licht: 0","240025","3","6","2","06","18","2","","0","0","1","0","0"
"POINT (13.315130438000040 52.501013336000028)","Unfall 240026 (2023) Kat:3, Licht: 0","240026","3","3","5","06","18","2","","0","0","1","0","1"
"POINT (13.332580283000027 52.471101451000038)","Unfall 240027 (2023) Kat:3, Licht: 0","240027","3","4","0","06","17","2","","0","1","0","1","0"
"POINT (13.271869447000029 52.536987837000027)","Unfall 240028 (2023) Kat:3, Licht: 0","240028","3","2","5","06","16","2","","0","1","1","0","0"
"POINT (13.383935929000074 52.484989407000057)","Unfall 240029 (2023) Kat:3, Licht: 0","240029","3","6","2","06","17","2","","0","0","1","0","0"
"POINT (13.382543650000059 52.404300978000038)","Unfall 240030 (2023) Kat:3, Licht: 0","240030","3","2","0","06","16","2","","0","0","1","0","1"
"POINT (13.380213779000030 52.498703375000048)","Unfall 240031 (2023) Kat:3, Licht: 0","240031","3","3","5","06","15","2","","0","0","0","0","1"
"POINT (13.287016885000071 52.417904316000033)","Unfall 240032 (2023) Kat:3, Licht: 0","240032","3","2","5","06","10","2","","0","1","1","0","0"
"POINT (13.358052886000053 52.509905643000081)","Unfall 240033 (2023) Kat:3, Licht: 0","240033","3","5","1","06","09","2","","0","1","1","0","0"
"POINT (13.460011029000043 52.431949111000051)","Unfall 240034 (2023) Kat:3, Licht: 0","240034","3","2","0","06","08","2","","0","0","1","0","1"
"POINT (13.231724819000021 52.539140904000078)","Unfall 240035 (2023) Kat:3, Licht: 0","240035","3","6","2","06","19","2","","0","0","1","0","0"
"POINT (13.370197914000073 52.559601036000061)","Unfall 240036 (2023) Kat:3, Licht: 0","240036","3","1","1","06","16","2","","0","0","1","0","0"
"POINT (13.319750279000061 52.471619778000047)","Unfall 240037 (2023) Kat:3, Licht: 0","240037","3","6","0","06","17","2","","0","0","1","0","1"
"POINT (13.216386396000075 52.526457093000033)","Unfall 240038 (2023) Kat:3, Licht: 0","240038","3","2","5","06","17","2","","0","0","1","0","0"
"POINT (13.366099530000042 52.550648695000064)","Unfall 240039 (2023) Kat:3, Licht: 0","240039","3","2","0","06","13","2","","0","1","1","0","0"
"POINT (13.408321842000078 52.525492340000028)","Unfall 240040 (2023) Kat:3, Licht: 0","240040","3","1","0","06","12","2","","0","0","0","0","1"
"POINT (13.261664374000077 52.437002563000078)","Unfall 240041 (2023) Kat:3, Licht: 0","240041","3","2","5","06","11","2","","0","1","0","0","0"
"POINT (13.287293648000059 52.522343734000060)","Unfall 240042 (2023) Kat:3, Licht: 0","240042","3","6","2","06","11","2","","0","0","1","0","1"
"POINT (13.444652956000027 52.428686572000061)","Unfall 240043 (2023) Kat:3, Licht: 0","240043","3","3","5","06","07","2","","0","0","1","0","0"
"POINT (13.466737970000054 52.433552457000076)","Unfall 240044 (2023) Kat:3, Licht: 2","240044","3","6","2","06","03","2","","2","0","0","0","1"
"POINT (13.339225919000057 52.595832064000035)","Unfall 240045 (2023) Kat:3, Licht: 2","240045","3","3","5","06","02","2","","2","0","1","0","0"
"POINT (13.325505819000057 52.500117319000026)","Unfall 240046 (2023) Kat:3, Licht: 0","240046","3","6","3","06","11","2","","0","0","1","0","1"
"POINT (13.511364827000023 52.505547544000081)","Unfall 240047 (2023) Kat:3, Licht: 2","240047","3","3","5","06","22","2","","2","0","1","0","0"
"POINT (13.393608397000037 52.498115598000027)","Unfall 240048 (2023) Kat:3, Licht: 0","240048","3","6","2","06","17","2","","0","0","1","0","0"
"POINT (13.435392837000052 52.470502618000069)","Unfall 240049 (2023) Kat:3, Licht: 0","240049","3","3","5","06","16","2","","0","0","1","0","0"
"POINT (13.553071262000060 52.433923097000047)","Unfall 240050 (2023) Kat:3, Licht: 1","240050","3","3","5","06","16","2","","1","1","1","0","0"
"POINT (13.440650239000036 52.517152702000033)","Unfall 240051 (2023) Kat:3, Licht: 0","240051","3","3","2","06","16","2","","0","0","1","0","0"
"POINT (13.472978343000023 52.509401018000062)","Unfall 240052 (2023) Kat:3, Licht: 0","240052","3","3","5","06","15","2","","0","1","1","0","0"
"POINT (13.517924982000068 52.456349186000068)","Unfall 240053 (2023) Kat:3, Licht: 0","240053","3","5","1","06","13","2","","0","0","1","0","1"
"POINT (13.455523037000034 52.435974934000058)","Unfall 240054 (2023) Kat:3, Licht: 0","240054","3","5","0","06","11","2","","0","0","1","0","0"
"POINT (13.405965012000024 52.498322702000053)","Unfall 240055 (2023) Kat:3, Licht: 0","240055","3","4","6","06","11","2","","0","0","1","1","0"
"POINT (13.279951454000070 52.518466408000052)","Unfall 240056 (2023) Kat:2, Licht: 0","240056","2","2","6","06","17","2","","0","0","1","1","0"
"POINT (13.323903244000064 52.462108885000077)","Unfall 240057 (2023) Kat:3, Licht: 0","240057","3","2","5","06","11","2","","0","0","1","0","1"
"POINT (13.388902704000031 52.516582706000065)","Unfall 240058 (2023) Kat:3, Licht: 0","240058","3","7","0","06","10","2","","0","1","0","0","0"
"POINT (13.483725447000040 52.474048012000026)","Unfall 240059 (2023) Kat:3, Licht: 0","240059","3","2","5","06","15","2","","0","1","1","0","0"
"POINT (13.332457643000055 52.576880438000046)","Unfall 240060 (2023) Kat:3, Licht: 0","240060","3","2","2","06","11","2","","0","0","1","0","0"
"POINT (13.408410780000054 52.552472226000077)","Unfall 240061 (2023) Kat:3, Licht: 0","240061","3","3","5","06","08","2","","0","0","1","0","1"
"POINT (13.272609465000073 52.519358621000038)","Unfall 240062 (2023) Kat:3, Licht: 0","240062","3","2","5","06","07","2","","0","0","1","0","0"
"POINT (13.394144300000050 52.456720477000033)","Unfall 240063 (2023) Kat:2, Licht: 0","240063","2","3","5","06","06","2","","0","0","1","0","1"
"POINT (13.359499149000044 52.587483136000060)","Unfall 240064 (2023) Kat:3, Licht: 0","240064","3","3","5","06","20","1","","0","0","1","0","1"
"POINT (13.494998828000064 52.545406222000054)","Unfall 240065 (2023) Kat:3, Licht: 0","240065","3","2","5","06","16","1","","0","1","1","0","0"
"POINT (13.361149811000075 52.502612252000063)","Unfall 240066 (2023) Kat:3, Licht: 0","240066","3","5","1","06","05","1","","0","0","1","0","0"
"POINT (13.391097834000050 52.536235097000031)","Unfall 240067 (2023) Kat:2, Licht: 0","240067","2","3","0","06","14","1","","0","1","1","0","0"
"POINT (13.483402672000068 52.554958389000035)","Unfall 240068 (2023) Kat:3, Licht: 2","240068","3","5","1","06","23","1","","2","1","0","0","0"
"POINT (13.166926260000025 52.468420189000028)","Unfall 240069 (2023) Kat:3, Licht: 2","240069","3","6","2","06","22","1","","2","0","1","0","0"
"POINT (13.413221203000035 52.525185553000028)","Unfall 240070 (2023) Kat:2, Licht: 0","240070","2","3","5","06","08","4","","0","1","0","0","0"
"POINT (13.137769412000068 52.549819050000053)","Unfall 240071 (2023) Kat:3, Licht: 2","240071","3","5","1","06","22","1","","2","0","1","0","0"
"POINT (13.386140990000058 52.515439413000081)","Unfall 240072 (2023) Kat:3, Licht: 0","240072","3","3","5","06","17","1","","0","0","1","0","0"
"POINT (13.395129241000063 52.517432901000063)","Unfall 240073 (2023) Kat:3, Licht: 0","240073","3","1","0","06","15","1","","0","0","0","0","0"
"POINT (13.349785803000032 52.485872117000042)","Unfall 240074 (2023) Kat:3, Licht: 0","240074","3","7","5","06","14","1","","0","1","1","0","0"
"POINT (13.438412354000036 52.505935998000041)","Unfall 240075 (2023) Kat:3, Licht: 0","240075","3","6","3","06","11","1","","0","0","1","0","0"
"POINT (13.452826458000061 52.561525155000027)","Unfall 240076 (2023) Kat:2, Licht: 0","240076","2","3","5","06","10","1","","0","1","1","0","0"
"POINT (13.333956393000051 52.499823720000052)","Unfall 240077 (2023) Kat:3, Licht: 0","240077","3","5","1","06","10","1","","0","0","1","0","1"
"POINT (13.400591892000023 52.498422614000049)","Unfall 240078 (2023) Kat:3, Licht: 0","240078","3","3","2","06","20","1","","0","1","1","0","0"
"POINT (13.472190534000049 52.504174485000078)","Unfall 240079 (2023) Kat:3, Licht: 0","240079","3","2","5","06","19","1","","0","1","1","0","0"
"POINT (13.285047138000039 52.492933209000057)","Unfall 240080 (2023) Kat:3, Licht: 0","240080","3","6","2","06","16","1","","0","0","1","0","0"
"POINT (13.309787933000052 52.431225142000073)","Unfall 240081 (2023) Kat:3, Licht: 0","240081","3","2","5","06","13","1","","0","1","1","0","0"
"POINT (13.455748975000063 52.473697250000043)","Unfall 240082 (2023) Kat:3, Licht: 0","240082","3","1","0","06","06","1","","0","0","0","0","0"
"POINT (13.341230788000075 52.545007589000079)","Unfall 240083 (2023) Kat:3, Licht: 2","240083","3","1","9","06","00","1","","2","0","0","0","1"
"POINT (13.341048874000023 52.464695955000082)","Unfall 240084 (2023) Kat:3, Licht: 2","240084","3","5","1","06","02","1","","2","0","1","0","0"
"POINT (13.328102956000066 52.564071281000054)","Unfall 240085 (2023) Kat:3, Licht: 0","240085","3","3","5","06","13","1","","0","0","1","0","0"
"POINT (13.410975592000057 52.503914094000038)","Unfall 240086 (2023) Kat:3, Licht: 0","240086","3","6","2","06","19","7","","0","1","1","0","0"
"POINT (13.342560683000045 52.612938318000033)","Unfall 240087 (2023) Kat:3, Licht: 0","240087","3","6","0","06","19","7","","0","0","1","0","0"
"POINT (13.343708159000073 52.471165493000058)","Unfall 240088 (2023) Kat:3, Licht: 0","240088","3","2","5","06","18","7","","0","0","1","0","0"
"POINT (13.312065618000076 52.473238715000036)","Unfall 240089 (2023) Kat:3, Licht: 0","240089","3","6","3","06","16","4","","0","1","0","0","0"
"POINT (13.383912066000050 52.548795669000071)","Unfall 240090 (2023) Kat:3, Licht: 0","240090","3","6","2","06","18","7","","0","0","1","0","0"
"POINT (13.398162483000021 52.392575055000066)","Unfall 240091 (2023) Kat:2, Licht: 0","240091","2","3","5","06","15","7","","0","0","1","0","0"
"POINT (13.397635989000037 52.495219376000080)","Unfall 240092 (2023) Kat:3, Licht: 0","240092","3","2","5","06","14","7","","0","0","1","0","1"
"POINT (13.287853731000041 52.496153193000055)","Unfall 240093 (2023) Kat:3, Licht: 0","240093","3","2","5","06","13","7","","0","1","1","0","0"
"POINT (13.189135126000053 52.560750101000053)","Unfall 240094 (2023) Kat:3, Licht: 2","240094","3","1","8","06","01","7","","2","0","1","0","0"
"POINT (13.414833447000035 52.500097471000061)","Unfall 240095 (2023) Kat:3, Licht: 2","240095","3","7","5","06","00","7","","2","0","1","0","0"
"POINT (13.383495181000058 52.493582224000079)","Unfall 240096 (2023) Kat:3, Licht: 0","240096","3","3","5","06","19","7","","0","0","0","0","1"
"POINT (13.296147793000046 52.434406192000040)","Unfall 240097 (2023) Kat:3, Licht: 0","240097","3","4","6","06","16","7","","0","0","1","1","0"
"POINT (13.600667564000048 52.477492341000072)","Unfall 240098 (2023) Kat:2, Licht: 0","240098","2","4","6","06","15","7","","0","0","1","1","0"
"POINT (13.419764906000069 52.499163210000063)","Unfall 240099 (2023) Kat:3, Licht: 0","240099","3","6","2","06","14","7","","0","0","1","0","1"
"POINT (13.573518044000025 52.546533508000039)","Unfall 240100 (2023) Kat:3, Licht: 0","240100","3","2","5","06","12","7","","0","1","1","0","0"
"POINT (13.492336453000064 52.420235949000073)","Unfall 240101 (2023) Kat:2, Licht: 0","240101","2","1","8","06","12","7","","0","1","1","0","0"
"POINT (13.430039819000058 52.492827633000047)","Unfall 240102 (2023) Kat:2, Licht: 0","240102","2","7","5","06","12","7","","0","1","0","0","0"
"POINT (13.448324022000065 52.427396495000039)","Unfall 240103 (2023) Kat:3, Licht: 0","240103","3","3","5","06","10","7","","0","0","1","0","0"
"POINT (13.554395585000066 52.544959191000032)","Unfall 240104 (2023) Kat:3, Licht: 2","240104","3","7","1","06","01","7","","2","0","1","0","0"
"POINT (13.548285663000058 52.516263755000068)","Unfall 240105 (2023) Kat:3, Licht: 0","240105","3","7","0","06","12","7","","0","1","0","1","0"
"POINT (13.292403211000021 52.506693387000041)","Unfall 240106 (2023) Kat:3, Licht: 0","240106","3","6","2","06","19","7","","0","1","1","0","0"
"POINT (13.207370248000075 52.431885262000037)","Unfall 240107 (2023) Kat:3, Licht: 0","240107","3","1","0","06","14","7","","0","1","0","0","0"
"POINT (13.378684559000021 52.556479610000054)","Unfall 240108 (2023) Kat:3, Licht: 0","240108","3","6","4","06","17","7","","0","1","0","0","0"
"POINT (13.428970320000076 52.481279098000073)","Unfall 240109 (2023) Kat:3, Licht: 0","240109","3","7","2","06","18","7","","0","1","1","0","0"
"POINT (13.463543401000038 52.512220802000058)","Unfall 240110 (2023) Kat:3, Licht: 0","240110","3","1","1","06","18","7","","0","1","1","0","0"
"POINT (13.310530941000025 52.567953869000064)","Unfall 240111 (2023) Kat:3, Licht: 0","240111","3","3","5","06","16","7","","0","1","1","0","0"
"POINT (13.184790013000054 52.547644777000073)","Unfall 240112 (2023) Kat:3, Licht: 0","240112","3","2","5","06","16","7","","0","1","1","0","0"
"POINT (13.238232877000030 52.608081573000050)","Unfall 240113 (2023) Kat:2, Licht: 0","240113","2","3","5","06","16","7","","0","1","0","0","0"
"POINT (13.367795002000037 52.526089155000079)","Unfall 240114 (2023) Kat:3, Licht: 0","240114","3","2","5","06","13","7","","0","0","1","0","0"