WKT,Name,OBJECTID,UKATEGORIE,UTYP1,UART,UMONAT,USTUNDE,UWOCHENTAG,STRZUSTAND,ULICHTVERH,ISTRAD,ISTPKW,ISTFUSS,ISTKRAD
"POINT (13.329726096000059 52.500466495000069)","Unfall 240115 (2023) Kat:3, Licht: 0","240115","3","5","0","06","13","7","","0","1","1","0","0"
"POINT (13.345292231000030 52.520344868000052)","Unfall 240116 (2023) Kat:3, Licht: 0","240116","3","7","5","06","11","7","","0","0","1","0","1"
"POINT (13.345504418000075 52.506530748000046)","Unfall 240117 (2023) Kat:3, Licht: 0","240117","3","6","2","06","11","7","","0","0","1","0","0"
"POINT (13.348817920000045 52.535863927000037)","Unfall 240118 (2023) Kat:3, Licht: 0","240118","3","7","1","06","11","7","","0","0","1","0","0"
"POINT (13.484263000000055 52.463116259000060)","Unfall 240119 (2023) Kat:3, Licht: 0","240119","3","3","5","06","07","7","","0","1","1","0","0"
"POINT (13.441679384000054 52.482983820000072)","Unfall 240120 (2023) Kat:3, Licht: 1","240120","3","3","5","06","04","7","","1","0","1","0","0"
"POINT (13.579362566000043 52.550882940000065)","Unfall 240121 (2023) Kat:3, Licht: 0","240121","3","3","0","06","13","6","","0","1","0","0","0"
"POINT (13.399981526000033 52.483743079000078)","Unfall 240122 (2023) Kat:3, Licht: 0","240122","3","6","2","06","14","6","","0","0","1","0","0"
"POINT (13.230033883000033 52.430876639000076)","Unfall 240123 (2023) Kat:3, Licht: 0","240123","3","2","2","06","07","6","","0","1","1","0","0"
"POINT (13.351358136000044 52.567587695000043)","Unfall 240124 (2023) Kat:3, Licht: 0","240124","3","3","5","06","19","6","","0","0","1","0","0"
"POINT (13.416571926000074 52.498772950000046)","Unfall 240125 (2023) Kat:3, Licht: 1","240125","3","4","6","06","18","6","","1","1","0","1","0"
"POINT (13.422475588000054 52.559806790000039)","Unfall 240126 (2023) Kat:2, Licht: 0","240126","2","3","5","06","17","6","","0","0","1","0","0"
"POINT (13.276122691000069 52.412376874000074)","Unfall 240127 (2023) Kat:3, Licht: 0","240127","3","6","2","06","17","6","","0","0","1","0","0"
"POINT (13.409578233000047 52.381962089000069)","Unfall 240128 (2023) Kat:2, Licht: 0","240128","2","5","1","06","15","6","","0","1","1","0","0"
"POINT (13.416580572000044 52.490928718000077)","Unfall 240129 (2023) Kat:3, Licht: 0","240129","3","6","2","06","13","6","","0","0","1","0","0"
"POINT (13.326493270000071 52.604603819000033)","Unfall 240130 (2023) Kat:3, Licht: 0","240130","3","3","5","06","13","6","","0","0","1","0","1"
"POINT (13.334117924000054 52.541036729000041)","Unfall 240131 (2023) Kat:3, Licht: 0","240131","3","6","2","06","13","6","","0","0","1","0","0"
"POINT (13.297806093000077 52.421586771000079)","Unfall 240132 (2023) Kat:3, Licht: 0","240132","3","6","2","06","12","6","","0","0","1","0","0"
"POINT (13.151194332000046 52.532801679000045)","Unfall 240133 (2023) Kat:2, Licht: 0","240133","2","4","6","06","12","6","","0","0","1","1","0"
"POINT (13.552543058000026 52.439143784000066)","Unfall 240134 (2023) Kat:3, Licht: 0","240134","3","5","1","06","09","6","","0","1","1","0","0"
"POINT (13.463085906000060 52.469544811000048)","Unfall 240135 (2023) Kat:3, Licht: 1","240135","3","7","5","06","22","6","","1","0","1","0","0"
"POINT (13.181174789000067 52.544854655000051)","Unfall 240136 (2023) Kat:3, Licht: 0","240136","3","3","5","06","21","6","","0","1","1","0","0"
"POINT (13.477493351000021 52.571723195000061)","Unfall 240137 (2023) Kat:2, Licht: 1","240137","2","1","8","06","21","6","","1","0","1","0","0"
"POINT (13.359641329000056 52.504017578000060)","Unfall 240138 (2023) Kat:3, Licht: 0","240138","3","6","2","06","19","6","","0","0","1","0","0"
"POINT (13.566637484000069 52.551376606000076)","Unfall 240139 (2023) Kat:3, Licht: 0","240139","3","3","5","06","17","6","","0","0","1","0","0"
"POINT (13.373105660000022 52.455548774000079)","Unfall 240140 (2023) Kat:3, Licht: 0","240140","3","6","2","06","17","6","","0","0","1","0","0"
"POINT (13.129323694000050 52.527160306000042)","Unfall 240141 (2023) Kat:3, Licht: 0","240141","3","3","5","06","15","6","","0","0","1","0","0"
"POINT (13.439692017000027 52.489586288000055)","Unfall 240142 (2023) Kat:2, Licht: 0","240142","2","3","5","06","16","6","","0","0","1","0","0"
"POINT (13.380472734000023 52.436023910000074)","Unfall 240143 (2023) Kat:3, Licht: 0","240143","3","4","6","06","14","6","","0","0","1","1","0"
"POINT (13.604313651000041 52.538405088000047)","Unfall 240144 (2023) Kat:3, Licht: 0","240144","3","5","1","06","13","6","","0","0","1","0","0"
"POINT (13.347028778000038 52.450099967000028)","Unfall 240145 (2023) Kat:2, Licht: 0","240145","2","2","5","06","13","6","","0","0","1","0","0"
"POINT (13.417101770000045 52.512441986000056)","Unfall 240146 (2023) Kat:3, Licht: 1","240146","3","3","5","06","18","6","","1","1","1","0","0"
"POINT (13.489850381000053 52.467812687000048)","Unfall 240147 (2023) Kat:3, Licht: 0","240147","3","2","5","06","18","6","","0","1","1","0","0"
"POINT (13.444836218000034 52.426268675000074)","Unfall 240148 (2023) Kat:3, Licht: 0","240148","3","7","5","06","09","6","","0","1","1","0","0"
"POINT (13.289283385000033 52.432835066000052)","Unfall 240149 (2023) Kat:3, Licht: 0","240149","3","6","2","06","18","6","","0","0","1","0","0"
"POINT (13.344086039000047 52.468020425000077)","Unfall 240150 (2023) Kat:3, Licht: 0","240150","3","5","1","06","16","6","","0","0","1","0","1"
"POINT (13.142768678000039 52.539628293000078)","Unfall 240151 (2023) Kat:3, Licht: 0","240151","3","3","5","06","15","6","","0","0","1","0","0"
"POINT (13.329869814000062 52.532895337000070)","Unfall 240152 (2023) Kat:3, Licht: 0","240152","3","3","5","06","13","6","","0","0","1","0","0"
"POINT (13.418424296000069 52.440439958000070)","Unfall 240153 (2023) Kat:3, Licht: 0","240153","3","6","2","06","13","6","","0","0","1","0","0"
"POINT (13.566475777000051 52.455619981000041)","Unfall 240154 (2023) Kat:3, Licht: 0","240154","3","6","2","06","11","6","","0","0","1","0","0"
"POINT (13.363575579000042 52.509859701000039)","Unfall 240155 (2023) Kat:3, Licht: 0","240155","3","7","0","06","14","1","","0","0","0","0","1"
"POINT (13.343199050000067 52.531900844000063)","Unfall 240156 (2023) Kat:3, Licht: 0","240156","3","3","5","06","14","6","","0","0","1","0","0"
"POINT (13.370926371000053 52.409280703000036)","Unfall 240157 (2023) Kat:3, Licht: 0","240157","3","2","5","06","08","6","","0","0","1","0","1"
"POINT (13.422534014000064 52.458809120000069)","Unfall 240158 (2023) Kat:3, Licht: 0","240158","3","7","5","06","10","6","","0","0","1","0","0"
"POINT (13.250795346000075 52.434888338000064)","Unfall 240159 (2023) Kat:2, Licht: 0","240159","2","3","5","06","08","6","","0","0","1","0","1"
"POINT (13.227481080000075 52.537699924000037)","Unfall 240160 (2023) Kat:3, Licht: 0","240160","3","6","2","06","11","6","","0","0","1","0","0"
"POINT (13.446019355000033 52.499830389000067)","Unfall 240161 (2023) Kat:3, Licht: 0","240161","3","6","3","06","11","6","","0","0","1","0","1"
"POINT (13.522384740000064 52.479442565000056)","Unfall 240162 (2023) Kat:3, Licht: 0","240162","3","1","0","06","09","6","","0","1","0","0","0"
"POINT (13.451909494000063 52.480842148000079)","Unfall 240163 (2023) Kat:3, Licht: 0","240163","3","3","0","06","09","6","","0","1","0","0","1"
"POINT (13.360822571000028 52.570350715000075)","Unfall 240164 (2023) Kat:3, Licht: 0","240164","3","1","0","06","09","6","","0","0","0","0","1"
"POINT (13.450791167000034 52.527204913000048)","Unfall 240165 (2023) Kat:3, Licht: 0","240165","3","2","5","06","15","5","","0","0","1","0","0"
"POINT (13.289655408000044 52.494678662000069)","Unfall 240166 (2023) Kat:3, Licht: 0","240166","3","6","4","06","19","5","","0","0","1","0","0"
"POINT (13.376296063000041 52.443097864000038)","Unfall 240167 (2023) Kat:3, Licht: 0","240167","3","2","2","06","16","5","","0","0","1","0","1"
"POINT (13.427838971000028 52.481151174000047)","Unfall 240168 (2023) Kat:3, Licht: 0","240168","3","3","5","06","14","5","","0","1","1","0","0"
"POINT (13.430039282000052 52.551184297000077)","Unfall 240169 (2023) Kat:2, Licht: 0","240169","2","6","3","06","09","5","","0","1","0","0","0"
"POINT (13.383824649000076 52.455808021000053)","Unfall 240170 (2023) Kat:3, Licht: 2","240170","3","2","5","06","21","5","","2","1","1","0","0"
"POINT (13.351733024000055 52.508687948000045)","Unfall 240171 (2023) Kat:3, Licht: 0","240171","3","6","2","06","18","5","","0","0","1","0","0"
"POINT (13.322568904000036 52.513110840000081)","Unfall 240172 (2023) Kat:2, Licht: 0","240172","2","6","3","06","18","5","","0","0","1","0","0"
"POINT (13.136720900000057 52.540132377000077)","Unfall 240173 (2023) Kat:3, Licht: 0","240173","3","3","5","06","18","5","","0","0","1","0","0"
"POINT (13.468768914000066 52.499769439000033)","Unfall 240174 (2023) Kat:3, Licht: 0","240174","3","7","6","06","16","5","","0","0","1","1","0"
"POINT (13.409064601000068 52.504119020000076)","Unfall 240175 (2023) Kat:3, Licht: 0","240175","3","7","0","06","14","5","","0","1","0","0","0"
"POINT (13.464788326000075 52.497353766000060)","Unfall 240176 (2023) Kat:3, Licht: 0","240176","3","6","3","06","13","5","","0","0","1","0","1"
"POINT (13.125562567000031 52.535507988000063)","Unfall 240177 (2023) Kat:3, Licht: 0","240177","3","5","1","06","13","5","","0","0","1","0","1"
"POINT (13.256217252000056 52.519509126000059)","Unfall 240178 (2023) Kat:3, Licht: 0","240178","3","4","6","06","11","5","","0","0","1","1","0"
"POINT (13.429981419000057 52.551036822000071)","Unfall 240179 (2023) Kat:3, Licht: 0","240179","3","2","5","06","10","5","","0","1","1","0","0"
"POINT (13.560239202000048 52.485239552000053)","Unfall 240180 (2023) Kat:3, Licht: 0","240180","3","5","0","06","15","5","","0","1","1","0","0"
"POINT (13.595054427000036 52.531094046000078)","Unfall 240181 (2023) Kat:3, Licht: 0","240181","3","3","5","06","17","5","","0","1","1","0","0"
"POINT (13.295403557000043 52.539610891000052)","Unfall 240182 (2023) Kat:3, Licht: 0","240182","3","3","5","06","08","5","","0","1","1","0","0"
"POINT (13.700523485000076 52.433958136000058)","Unfall 240183 (2023) Kat:3, Licht: 0","240183","3","6","6","06","07","5","","0","0","1","1","0"
"POINT (13.342750335000062 52.595973607000076)","Unfall 240184 (2023) Kat:2, Licht: 2","240184","2","6","4","06","22","5","","2","0","1","0","0"
"POINT (13.306965612000056 52.498614279000037)","Unfall 240185 (2023) Kat:2, Licht: 0","240185","2","1","0","06","14","5","","0","1","0","0","0"
"POINT (13.473294898000063 52.532326077000050)","Unfall 240186 (2023) Kat:2, Licht: 0","240186","2","6","2","06","20","5","","0","0","1","0","1"
"POINT (13.305752142000074 52.517766751000067)","Unfall 240187 (2023) Kat:3, Licht: 0","240187","3","7","5","06","16","5","","0","1","1","0","0"
"POINT (13.491221262000067 52.637736770000060)","Unfall 240188 (2023) Kat:3, Licht: 0","240188","3","2","6","06","15","5","","0","0","1","1","0"
"POINT (13.325178355000048 52.436935226000060)","Unfall 240189 (2023) Kat:3, Licht: 0","240189","3","7","1","06","18","5","","0","0","1","0","0"
"POINT (13.447073227000033 52.498315287000082)","Unfall 240190 (2023) Kat:3, Licht: 0","240190","3","3","5","06","17","5","","0","1","1","0","0"
"POINT (13.443772577000061 52.525300107000078)","Unfall 240191 (2023) Kat:3, Licht: 0","240191","3","7","5","06","17","5","","0","0","1","0","1"
"POINT (13.387437833000035 52.533513298000059)","Unfall 240192 (2023) Kat:3, Licht: 0","240192","3","2","5","06","12","5","","0","1","1","0","0"
"POINT (13.287469756000064 52.417198954000071)","Unfall 240193 (2023) Kat:3, Licht: 0","240193","3","7","6","06","11","5","","0","0","1","1","0"
"POINT (13.331493349000027 52.469741362000036)","Unfall 240194 (2023) Kat:3, Licht: 0","240194","3","3","5","06","10","5","","0","1","1","0","0"
"POINT (13.357731913000066 52.538931550000029)","Unfall 240195 (2023) Kat:3, Licht: 0","240195","3","3","5","06","15","5","","0","1","0","0","0"
"POINT (13.379600856000025 52.552815699000064)","Unfall 240196 (2023) Kat:3, Licht: 0","240196","3","2","5","06","14","5","","0","1","1","0","0"
"POINT (13.429211333000069 52.556370004000030)","Unfall 240197 (2023) Kat:3, Licht: 0","240197","3","2","2","06","09","7","","0","0","1","0","0"
"POINT (13.411041009000030 52.503496061000078)","Unfall 240198 (2023) Kat:3, Licht: 0","240198","3","2","5","06","09","5","","0","1","1","0","0"
"POINT (13.424421271000028 52.607373683000048)","Unfall 240199 (2023) Kat:3, Licht: 0","240199","3","4","6","06","12","5","","0","0","1","1","0"
"POINT (13.194341548000068 52.555494176000082)","Unfall 240200 (2023) Kat:3, Licht: 0","240200","3","3","5","06","07","5","","0","0","1","0","0"
"POINT (13.391153998000050 52.573767885000052)","Unfall 240201 (2023) Kat:3, Licht: 0","240201","3","6","2","06","09","5","","0","0","1","0","0"
"POINT (13.429002273000037 52.549276028000065)","Unfall 240202 (2023) Kat:3, Licht: 0","240202","3","3","0","06","07","5","","0","1","1","0","0"
"POINT (13.200485272000037 52.538683997000078)","Unfall 240203 (2023) Kat:2, Licht: 0","240203","2","7","0","06","16","5","","0","1","0","0","0"
"POINT (13.413999427000022 52.507826474000069)","Unfall 240204 (2023) Kat:3, Licht: 2","240204","3","1","0","06","00","5","","2","1","0","0","0"
"POINT (13.324945704000072 52.494072280000069)","Unfall 240205 (2023) Kat:3, Licht: 0","240205","3","2","6","06","15","5","","0","0","1","1","0"
"POINT (13.396219292000069 52.398399906000066)","Unfall 240206 (2023) Kat:3, Licht: 0","240206","3","6","0","06","17","4","","0","1","1","0","0"
"POINT (13.224113029000023 52.429461787000037)","Unfall 240207 (2023) Kat:3, Licht: 0","240207","3","2","5","06","17","4","","0","1","1","0","0"
"POINT (13.450793213000054 52.527201816000058)","Unfall 240208 (2023) Kat:3, Licht: 0","240208","3","2","5","06","15","4","","0","0","1","0","0"
"POINT (13.348507526000049 52.435028060000036)","Unfall 240209 (2023) Kat:3, Licht: 0","240209","3","3","5","06","07","4","","0","1","1","0","0"
"POINT (13.449161040000035 52.452383542000064)","Unfall 240210 (2023) Kat:3, Licht: 0","240210","3","2","5","06","17","4","","0","1","0","0","0"
"POINT (13.573074931000065 52.541219229000035)","Unfall 240211 (2023) Kat:3, Licht: 0","240211","3","7","6","06","16","4","","0","0","1","1","0"
"POINT (13.579297569000062 52.458505148000029)","Unfall 240212 (2023) Kat:2, Licht: 2","240212","2","1","0","06","22","4","","2","0","0","0","1"
"POINT (13.428757183000073 52.508665906000033)","Unfall 240213 (2023) Kat:3, Licht: 0","240213","3","6","2","06","16","4","","0","0","1","0","0"
"POINT (13.429414721000057 52.500832045000038)","Unfall 240214 (2023) Kat:3, Licht: 0","240214","3","1","0","06","21","4","","0","1","0","0","0"
"POINT (13.320770606000053 52.501726713000039)","Unfall 240215 (2023) Kat:3, Licht: 0","240215","3","6","0","06","13","4","","0","0","1","0","0"
"POINT (13.404128636000053 52.520520150000038)","Unfall 240216 (2023) Kat:3, Licht: 0","240216","3","2","5","06","12","4","","0","1","1","0","0"
"POINT (13.284604678000051 52.488888405000068)","Unfall 240217 (2023) Kat:3, Licht: 0","240217","3","4","6","06","09","4","","0","0","0","1","1"
"POINT (13.349032375000036 52.548599919000026)","Unfall 240218 (2023) Kat:3, Licht: 0","240218","3","2","5","06","07","4","","0","1","0","0","0"
"POINT (13.393008739000038 52.564333762000047)","Unfall 240219 (2023) Kat:3, Licht: 0","240219","3","1","0","06","07","4","","0","1","0","0","0"
"POINT (13.314001150000024 52.507011276000071)","Unfall 240220 (2023) Kat:3, Licht: 0","240220","3","6","6","06","14","4","","0","1","0","1","0"
"POINT (13.698043309000070 52.404656465000073)","Unfall 240221 (2023) Kat:2, Licht: 0","240221","2","7","8","06","13","4","","0","0","1","0","0"
"POINT (13.435396432000061 52.499822985000037)","Unfall 240222 (2023) Kat:3, Licht: 0","240222","3","6","2","06","12","4","","0","0","1","0","0"
"POINT (13.322543781000036 52.486482780000074)","Unfall 240223 (2023) Kat:3, Licht: 0","240223","3","2","5","06","10","4","","0","1","1","0","0"
"POINT (13.559836950000033 52.399904181000068)","Unfall 240224 (2023) Kat:2, Licht: 0","240224","2","7","1","06","09","4","","0","0","1","0","0"
"POINT (13.549689790000059 52.429810250000060)","Unfall 240225 (2023) Kat:3, Licht: 0","240225","3","1","0","06","09","4","","0","1","0","0","0"
"POINT (13.469952203000048 52.564243303000069)","Unfall 240226 (2023) Kat:2, Licht: 0","240226","2","7","0","06","07","4","","0","0","1","0","0"
"POINT (13.436506473000065 52.449305290000041)","Unfall 240227 (2023) Kat:3, Licht: 0","240227","3","2","5","06","06","4","","0","1","1","0","0"
"POINT (13.401054842000065 52.414568328000030)","Unfall 240228 (2023) Kat:3, Licht: 0","240228","3","3","5","06","05","4","","0","0","1","0","1"
"POINT (13.392978973000027 52.515004821000048)","Unfall 240229 (2023) Kat:3, Licht: 2","240229","3","3","5","06","04","4","","2","0","1","0","0"
"POINT (13.414326298000049 52.538321101000065)","Unfall 240230 (2023) Kat:3, Licht: 2","240230","3","7","0","06","23","4","","2","1","0","0","0"
"POINT (13.623737203000076 52.446834910000064)","Unfall 240231 (2023) Kat:3, Licht: 2","240231","3","1","0","06","21","4","","2","1","0","0","0"
"POINT (13.373160297000027 52.485045624000065)","Unfall 240232 (2023) Kat:3, Licht: 0","240232","3","2","5","06","16","4","","0","1","1","0","0"
"POINT (13.352444032000051 52.504011067000079)","Unfall 240233 (2023) Kat:3, Licht: 0","240233","3","6","2","06","14","4","","0","0","1","0","0"
"POINT (13.467409930000031 52.497917587000074)","Unfall 240234 (2023) Kat:2, Licht: 0","240234","2","7","5","06","13","4","","0","0","1","0","1"
"POINT (13.200909994000028 52.538692818000072)","Unfall 240235 (2023) Kat:3, Licht: 0","240235","3","7","6","06","08","4","","0","1","0","1","0"
"POINT (13.398756680000076 52.496357045000082)","Unfall 240236 (2023) Kat:3, Licht: 0","240236","3","3","2","06","16","4","","0","1","1","0","0"
"POINT (13.386278801000060 52.487346282000033)","Unfall 240237 (2023) Kat:3, Licht: 0","240237","3","3","5","06","09","4","","0","1","1","0","0"
"POINT (13.437371134000045 52.463838568000028)","Unfall 240238 (2023) Kat:3, Licht: 0","240238","3","5","1","06","08","4","","0","1","1","0","0"
"POINT (13.361558200000047 52.544957356000054)","Unfall 240239 (2023) Kat:3, Licht: 0","240239","3","3","2","06","09","4","","0","0","1","1","0"
"POINT (13.315043222000043 52.576577619000034)","Unfall 240240 (2023) Kat:3, Licht: 2","240240","3","3","5","06","03","3","","2","0","1","0","0"
"POINT (13.275690662000045 52.501577961000066)","Unfall 240241 (2023) Kat:3, Licht: 0","240241","3","2","5","06","07","3","","0","1","1","0","0"
"POINT (13.433874896000077 52.492237431000035)","Unfall 240242 (2023) Kat:2, Licht: 0","240242","2","7","6","06","17","3","","0","1","0","1","0"
"POINT (13.549147608000055 52.568687157000056)","Unfall 240243 (2023) Kat:3, Licht: 0","240243","3","2","5","06","16","3","","0","1","1","0","0"
"POINT (13.299976891000028 52.487539850000076)","Unfall 240244 (2023) Kat:3, Licht: 0","240244","3","2","5","06","15","3","","0","1","0","0","0"
"POINT (13.324054264000040 52.486599767000030)","Unfall 240245 (2023) Kat:3, Licht: 0","240245","3","1","0","06","13","3","","0","1","0","0","0"
"POINT (13.577433340000027 52.513156631000072)","Unfall 240246 (2023) Kat:3, Licht: 0","240246","3","2","5","06","06","3","","0","1","1","0","0"
"POINT (13.452754051000056 52.512424347000035)","Unfall 240247 (2023) Kat:3, Licht: 0","240247","3","3","5","06","20","5","","0","1","1","0","0"
"POINT (13.380225014000075 52.498736003000033)","Unfall 240248 (2023) Kat:3, Licht: 0","240248","3","2","5","06","19","3","","0","1","1","0","0"
"POINT (13.400869130000046 52.516200809000054)","Unfall 240249 (2023) Kat:3, Licht: 0","240249","3","7","4","06","08","2","","0","1","0","0","0"
"POINT (13.432981363000067 52.464706195000076)","Unfall 240250 (2023) Kat:3, Licht: 0","240250","3","6","3","06","16","4","","0","0","1","0","1"
"POINT (13.376585537000039 52.485119000000054)","Unfall 240251 (2023) Kat:2, Licht: 0","240251","2","6","3","06","17","3","","0","1","1","0","0"
"POINT (13.433006904000024 52.605972163000047)","Unfall 240252 (2023) Kat:3, Licht: 0","240252","3","6","2","06","16","3","","0","0","1","0","0"
"POINT (13.337833159000070 52.519721496000045)","Unfall 240253 (2023) Kat:2, Licht: 0","240253","2","1","0","06","16","3","","0","1","0","0","0"
"POINT (13.478702845000043 52.477567211000064)","Unfall 240254 (2023) Kat:3, Licht: 0","240254","3","3","5","06","12","3","","0","0","1","0","0"
"POINT (13.378253071000074 52.467164327000035)","Unfall 240255 (2023) Kat:3, Licht: 0","240255","3","3","5","06","09","3","","0","0","1","0","0"
"POINT (13.388225817000034 52.520557900000028)","Unfall 240256 (2023) Kat:3, Licht: 0","240256","3","5","1","06","10","3","","0","1","1","0","0"
"POINT (13.532241115000033 52.404981830000054)","Unfall 240257 (2023) Kat:2, Licht: 0","240257","2","1","9","06","09","3","","0","0","1","0","0"
"POINT (13.269545786000037 52.519740862000049)","Unfall 240258 (2023) Kat:3, Licht: 0","240258","3","3","5","06","07","3","","0","1","1","0","0"
"POINT (13.633115360000033 52.455768299000056)","Unfall 240259 (2023) Kat:3, Licht: 0","240259","3","5","1","06","18","3","","0","1","1","0","0"
"POINT (13.393137111000044 52.515014806000067)","Unfall 240260 (2023) Kat:3, Licht: 0","240260","3","3","5","06","12","3","","0","1","1","0","0"
"POINT (13.435206714000060 52.435708311000042)","Unfall 240261 (2023) Kat:3, Licht: 0","240261","3","4","6","06","11","3","","0","0","1","1","0"
"POINT (13.261407421000058 52.536946017000048)","Unfall 240262 (2023) Kat:3, Licht: 2","240262","3","1","8","06","02","3","","2","0","1","0","0"
"POINT (13.142779498000039 52.397454457000038)","Unfall 240263 (2023) Kat:2, Licht: 0","240263","2","4","6","06","12","3","","0","1","0","1","0"
"POINT (13.389213228000074 52.514569928000071)","Unfall 240264 (2023) Kat:3, Licht: 0","240264","3","6","3","06","12","5","","0","1","0","0","0"
"POINT (13.411438528000076 52.528315024000051)","Unfall 240265 (2023) Kat:3, Licht: 0","240265","3","7","2","06","12","3","","0","1","0","0","0"
"POINT (13.378465810000023 52.478130282000052)","Unfall 240266 (2023) Kat:3, Licht: 0","240266","3","7","2","06","09","3","","0","1","1","0","0"
"POINT (13.531432776000031 52.538384083000039)","Unfall 240267 (2023) Kat:3, Licht: 0","240267","3","6","2","06","09","3","","0","0","1","0","0"
"POINT (13.345915531000060 52.571083852000072)","Unfall 240268 (2023) Kat:3, Licht: 0","240268","3","1","0","06","16","3","","0","0","0","0","1"
"POINT (13.327522732000034 52.524499150000054)","Unfall 240269 (2023) Kat:3, Licht: 1","240269","3","7","6","06","22","3","","1","1","0","1","0"
"POINT (13.490943744000049 52.628757034000046)","Unfall 240270 (2023) Kat:3, Licht: 0","240270","3","5","1","06","18","3","","0","1","1","0","0"
"POINT (13.436442413000066 52.515330147000043)","Unfall 240271 (2023) Kat:3, Licht: 0","240271","3","3","5","06","12","4","","0","1","1","0","0"
"POINT (13.414320194000027 52.553897405000043)","Unfall 240272 (2023) Kat:3, Licht: 0","240272","3","2","5","06","16","3","","0","1","1","0","0"
"POINT (13.300319284000068 52.586719552000034)","Unfall 240273 (2023) Kat:3, Licht: 0","240273","3","3","5","06","15","3","","0","0","1","0","1"
"POINT (13.375350194000077 52.480614967000065)","Unfall 240274 (2023) Kat:3, Licht: 0","240274","3","3","5","06","14","3","","0","1","1","0","0"
"POINT (13.370332534000056 52.544661267000038)","Unfall 240275 (2023) Kat:3, Licht: 0","240275","3","6","3","06","14","3","","0","0","1","0","1"
"POINT (13.450169776000052 52.476738770000054)","Unfall 240276 (2023) Kat:3, Licht: 0","240276","3","2","2","06","12","3","","0","0","1","0","0"
"POINT (13.231291517000045 52.538230762000069)","Unfall 240277 (2023) Kat:3, Licht: 0","240277","3","2","5","06","11","3","","0","1","1","0","0"
"POINT (13.458193034000033 52.499589593000053)","Unfall 240278 (2023) Kat:3, Licht: 0","240278","3","3","5","06","10","3","","0","0","1","0","0"
"POINT (13.276759525000045 52.512601870000026)","Unfall 240279 (2023) Kat:3, Licht: 0","240279","3","2","5","06","09","3","","0","0","1","0","1"
"POINT (13.356115756000065 52.485975276000033)","Unfall 240280 (2023) Kat:3, Licht: 0","240280","3","4","6","06","08","3","","0","1","0","1","0"
"POINT (13.326390416000038 52.519184031000066)","Unfall 240281 (2023) Kat:3, Licht: 0","240281","3","5","1","06","18","3","","0","1","1","0","0"
"POINT (13.379665287000023 52.545602175000056)","Unfall 240282 (2023) Kat:3, Licht: 0","240282","3","6","2","06","10","3","","0","1","1","0","0"
"POINT (13.343112338000026 52.526458786000035)","Unfall 240283 (2023) Kat:3, Licht: 0","240283","3","3","5","06","15","2","","0","1","0","0","0"
"POINT (13.447346124000035 52.513267941000038)","Unfall 240284 (2023) Kat:3, Licht: 0","240284","3","5","1","06","20","2","","0","0","1","0","0"
"POINT (13.347280722000050 52.553311284000074)","Unfall 240285 (2023) Kat:3, Licht: 0","240285","3","2","2","06","20","2","","0","0","1","0","0"
"POINT (13.228564581000057 52.505834185000026)","Unfall 240286 (2023) Kat:3, Licht: 0","240286","3","5","1","06","19","2","","0","1","1","0","0"
"POINT (13.410260022000045 52.488637553000046)","Unfall 240287 (2023) Kat:3, Licht: 0","240287","3","6","3","06","17","2","","0","1","0","0","0"
"POINT (13.157872619000045 52.543079938000062)","Unfall 240288 (2023) Kat:3, Licht: 0","240288","3","2","5","06","16","2","","0","0","1","0","0"
"POINT (13.404407923000065 52.527089156000045)","Unfall 240289 (2023) Kat:3, Licht: 0","240289","3","3","5","06","14","2","","0","1","1","0","0"
"POINT (13.562621444000058 52.456369521000056)","Unfall 240290 (2023) Kat:3, Licht: 0","240290","3","2","5","06","14","2","","0","1","1","0","0"
"POINT (13.198490101000061 52.533199031000038)","Unfall 240291 (2023) Kat:3, Licht: 0","240291","3","6","3","06","11","2","","0","0","1","0","0"
"POINT (13.366333865000058 52.485085356000070)","Unfall 240292 (2023) Kat:3, Licht: 0","240292","3","5","0","06","11","2","","0","1","0","0","0"
"POINT (13.399664584000050 52.515731946000074)","Unfall 240293 (2023) Kat:3, Licht: 0","240293","3","3","5","06","07","2","","0","1","0","0","0"
"POINT (13.299632247000034 52.523155634000034)","Unfall 240294 (2023) Kat:3, Licht: 0","240294","3","5","1","06","16","2","","0","1","1","0","0"
"POINT (13.425968447000059 52.444735740000056)","Unfall 240295 (2023) Kat:3, Licht: 0","240295","3","6","3","06","18","2","","0","1","0","0","0"
"POINT (13.434030140000061 52.522985761000029)","Unfall 240296 (2023) Kat:3, Licht: 2","240296","3","3","5","06","21","2","","2","1","1","0","0"
"POINT (13.349377979000053 52.524559745000033)","Unfall 240297 (2023) Kat:2, Licht: 0","240297","2","4","6","06","18","2","","0","0","1","1","0"
"POINT (13.625456667000037 52.456841602000054)","Unfall 240298 (2023) Kat:3, Licht: 0","240298","3","1","8","06","15","2","","0","0","1","1","0"
"POINT (13.300903816000073 52.515713950000077)","Unfall 240299 (2023) Kat:3, Licht: 0","240299","3","2","5","06","14","2","","0","1","0","0","0"
"POINT (13.411254822000046 52.541103447000069)","Unfall 240300 (2023) Kat:3, Licht: 0","240300","3","6","4","06","12","2","","0","1","0","0","0"
"POINT (13.260676643000068 52.444501610000032)","Unfall 240301 (2023) Kat:3, Licht: 0","240301","3","3","5","06","18","2","","0","0","1","0","1"