WKT,Name,OBJECTID,UKATEGORIE,UTYP1,UART,UMONAT,USTUNDE,UWOCHENTAG,STRZUSTAND,ULICHTVERH,ISTRAD,ISTPKW,ISTFUSS,ISTKRAD
"POINT (13.343842739000024 52.546339797000030)","Unfall 240302 (2023) Kat:3, Licht: 0","240302","3","2","5","06","18","2","","0","0","1","0","1"
"POINT (13.429193996000038 52.452417397000033)","Unfall 240303 (2023) Kat:3, Licht: 0","240303","3","3","5","06","16","2","","0","1","0","0","0"
"POINT (13.232592923000027 52.527635296000028)","Unfall 240304 (2023) Kat:3, Licht: 0","240304","3","6","2","06","16","2","","0","0","1","0","0"
"POINT (13.239480203000028 52.526366564000057)","Unfall 240305 (2023) Kat:3, Licht: 0","240305","3","6","2","06","15","2","","0","0","1","0","0"
"POINT (13.352341875000036 52.506404788000054)","Unfall 240306 (2023) Kat:3, Licht: 0","240306","3","2","2","06","15","2","","0","0","1","0","0"
"POINT (13.403255157000046 52.388313578000066)","Unfall 240307 (2023) Kat:3, Licht: 0","240307","3","5","1","06","14","2","","0","1","1","0","0"
"POINT (13.379453971000032 52.540512689000082)","Unfall 240308 (2023) Kat:3, Licht: 0","240308","3","2","5","06","13","2","","0","1","1","0","0"
"POINT (13.445590781000021 52.499165248000054)","Unfall 240309 (2023) Kat:3, Licht: 0","240309","3","3","5","06","12","2","","0","0","1","0","0"
"POINT (13.317781263000029 52.461210462000054)","Unfall 240310 (2023) Kat:3, Licht: 0","240310","3","6","0","06","12","2","","0","0","1","0","1"
"POINT (13.460826598000040 52.510146556000052)","Unfall 240311 (2023) Kat:3, Licht: 2","240311","3","1","0","06","02","2","","2","0","0","0","0"
"POINT (13.319763492000050 52.519654090000074)","Unfall 240312 (2023) Kat:2, Licht: 2","240312","2","1","8","06","01","2","","2","0","1","0","0"
"POINT (13.327278061000072 52.563659590000043)","Unfall 240313 (2023) Kat:3, Licht: 1","240313","3","6","0","06","21","2","","1","0","1","0","0"
"POINT (13.478595441000039 52.477509980000036)","Unfall 240314 (2023) Kat:3, Licht: 1","240314","3","3","5","06","20","1","","1","0","1","0","0"
"POINT (13.392888772000049 52.465625295000052)","Unfall 240315 (2023) Kat:3, Licht: 0","240315","3","1","0","06","19","1","","0","1","0","0","0"
"POINT (13.350900830000057 52.596668396000041)","Unfall 240316 (2023) Kat:3, Licht: 0","240316","3","5","1","06","19","1","","0","1","1","0","0"
"POINT (13.407385603000023 52.512929657000029)","Unfall 240317 (2023) Kat:2, Licht: 0","240317","2","6","2","06","18","1","","0","0","0","0","1"
"POINT (13.512281340000072 52.481672375000073)","Unfall 240318 (2023) Kat:3, Licht: 0","240318","3","5","1","06","14","1","","0","1","1","0","0"
"POINT (13.267928295000047 52.445466933000034)","Unfall 240319 (2023) Kat:3, Licht: 0","240319","3","3","5","06","08","1","","0","1","1","0","0"
"POINT (13.430375461000040 52.550917464000065)","Unfall 240320 (2023) Kat:2, Licht: 0","240320","2","4","6","06","07","1","","0","0","1","1","0"
"POINT (13.331585545000053 52.505358793000028)","Unfall 240321 (2023) Kat:2, Licht: 0","240321","2","2","5","06","19","1","","0","0","1","0","0"
"POINT (13.280718232000027 52.593965990000072)","Unfall 240322 (2023) Kat:3, Licht: 0","240322","3","2","5","06","18","1","","0","0","0","0","1"
"POINT (13.442201309000041 52.480586008000046)","Unfall 240323 (2023) Kat:3, Licht: 0","240323","3","7","4","06","16","6","","0","1","0","0","0"
"POINT (13.310805096000024 52.567945889000043)","Unfall 240324 (2023) Kat:2, Licht: 0","240324","2","1","0","06","17","1","","0","0","0","0","0"
"POINT (13.385443075000069 52.466095865000057)","Unfall 240325 (2023) Kat:3, Licht: 0","240325","3","2","5","06","15","1","","0","1","1","0","0"
"POINT (13.410807487000056 52.500030138000056)","Unfall 240326 (2023) Kat:2, Licht: 0","240326","2","4","6","06","14","1","","0","1","0","1","0"
"POINT (13.285908071000051 52.594989358000078)","Unfall 240327 (2023) Kat:3, Licht: 0","240327","3","3","5","06","12","1","","0","0","1","0","0"
"POINT (13.435051620000024 52.430165626000075)","Unfall 240328 (2023) Kat:3, Licht: 0","240328","3","2","5","06","19","1","","0","1","1","0","0"
"POINT (13.582041690000040 52.442824662000078)","Unfall 240329 (2023) Kat:3, Licht: 2","240329","3","2","5","06","22","1","","2","1","1","0","0"
"POINT (13.390239970000039 52.529906500000038)","Unfall 240330 (2023) Kat:3, Licht: 2","240330","3","7","5","06","21","1","","2","0","1","0","1"
"POINT (13.608469802000059 52.517017355000064)","Unfall 240331 (2023) Kat:3, Licht: 0","240331","3","3","5","06","17","1","","0","0","1","0","0"
"POINT (13.454011943000069 52.488980310000045)","Unfall 240332 (2023) Kat:3, Licht: 0","240332","3","2","2","06","16","1","","0","0","1","0","1"
"POINT (13.334013358000050 52.462623577000045)","Unfall 240333 (2023) Kat:3, Licht: 0","240333","3","1","1","06","20","2","","0","0","0","0","1"
"POINT (13.360752042000058 52.446819668000046)","Unfall 240334 (2023) Kat:3, Licht: 0","240334","3","2","2","06","11","1","","0","0","1","0","0"
"POINT (13.332968650000055 52.558927168000082)","Unfall 240335 (2023) Kat:3, Licht: 2","240335","3","7","0","06","01","1","","2","0","1","0","0"
"POINT (13.382771801000047 52.553956881000033)","Unfall 240336 (2023) Kat:3, Licht: 1","240336","3","7","6","06","21","7","","1","0","1","1","0"
"POINT (13.565645282000048 52.570430989000045)","Unfall 240337 (2023) Kat:3, Licht: 2","240337","3","2","5","06","22","7","","2","0","1","0","0"
"POINT (13.388293454000063 52.551763575000052)","Unfall 240338 (2023) Kat:3, Licht: 0","240338","3","5","0","06","16","7","","0","1","1","0","0"
"POINT (13.376285585000062 52.543098101000055)","Unfall 240339 (2023) Kat:3, Licht: 0","240339","3","3","5","06","13","7","","0","0","1","0","0"
"POINT (13.374453778000031 52.426312333000055)","Unfall 240340 (2023) Kat:3, Licht: 0","240340","3","6","2","06","13","7","","0","0","1","0","0"
"POINT (13.299033240000028 52.507106970000052)","Unfall 240341 (2023) Kat:3, Licht: 0","240341","3","7","2","06","12","7","","0","0","1","0","1"
"POINT (13.432061334000025 52.499336048000032)","Unfall 240342 (2023) Kat:3, Licht: 0","240342","3","3","5","06","19","7","","0","0","1","0","1"
"POINT (13.460270433000062 52.512339338000061)","Unfall 240343 (2023) Kat:3, Licht: 0","240343","3","5","1","06","16","7","","0","0","0","0","0"
"POINT (13.185013906000052 52.537984349000055)","Unfall 240344 (2023) Kat:3, Licht: 0","240344","3","3","5","06","16","7","","0","0","1","0","0"
"POINT (13.462272187000053 52.519897211000057)","Unfall 240345 (2023) Kat:3, Licht: 0","240345","3","1","8","06","15","7","","0","0","1","0","0"
"POINT (13.432322707000026 52.505604355000060)","Unfall 240346 (2023) Kat:3, Licht: 0","240346","3","1","0","06","13","7","","0","0","1","0","1"
"POINT (13.384798319000026 52.531654505000063)","Unfall 240347 (2023) Kat:2, Licht: 0","240347","2","5","5","06","18","7","","0","1","1","0","0"
"POINT (13.398669500000040 52.532567699000026)","Unfall 240348 (2023) Kat:3, Licht: 0","240348","3","1","0","06","15","7","","0","1","0","0","0"
"POINT (13.550273114000049 52.542698887000029)","Unfall 240349 (2023) Kat:3, Licht: 0","240349","3","1","9","06","15","7","","0","0","1","0","0"
"POINT (13.405741319000072 52.530543080000029)","Unfall 240350 (2023) Kat:3, Licht: 2","240350","3","1","0","06","02","7","","2","0","0","0","0"
"POINT (13.363496604000034 52.562443051000059)","Unfall 240351 (2023) Kat:3, Licht: 0","240351","3","6","2","06","16","7","","0","0","1","0","0"
"POINT (13.401048013000036 52.414566447000027)","Unfall 240352 (2023) Kat:3, Licht: 0","240352","3","2","5","06","12","7","","0","0","1","0","0"
"POINT (13.351235702000054 52.567614100000071)","Unfall 240353 (2023) Kat:2, Licht: 0","240353","2","1","0","06","06","7","","0","0","0","0","0"
"POINT (13.279245083000035 52.503464764000057)","Unfall 240354 (2023) Kat:3, Licht: 0","240354","3","3","5","06","18","7","","0","0","1","0","0"
"POINT (13.142717114000050 52.539207786000077)","Unfall 240355 (2023) Kat:3, Licht: 0","240355","3","7","5","06","16","7","","0","1","1","0","0"
"POINT (13.387267593000047 52.500656797000033)","Unfall 240356 (2023) Kat:3, Licht: 0","240356","3","5","0","06","09","6","","0","1","1","0","0"
"POINT (13.612221894000072 52.511912652000035)","Unfall 240357 (2023) Kat:3, Licht: 1","240357","3","7","0","06","20","6","","1","0","1","0","1"
"POINT (13.592572759000063 52.438954424000030)","Unfall 240358 (2023) Kat:3, Licht: 0","240358","3","6","2","06","17","6","","0","0","1","0","0"
"POINT (13.353586991000043 52.487102991000029)","Unfall 240359 (2023) Kat:3, Licht: 0","240359","3","5","1","06","16","6","","0","1","1","0","0"
"POINT (13.238527780000027 52.602712043000054)","Unfall 240360 (2023) Kat:3, Licht: 0","240360","3","7","4","06","15","6","","0","1","1","0","0"
"POINT (13.344972666000047 52.554346141000053)","Unfall 240361 (2023) Kat:3, Licht: 0","240361","3","4","6","06","13","6","","0","0","0","1","0"
"POINT (13.326255729000025 52.476570889000072)","Unfall 240362 (2023) Kat:3, Licht: 0","240362","3","3","5","06","11","6","","0","0","1","0","1"
"POINT (13.303012407000040 52.429052067000043)","Unfall 240363 (2023) Kat:3, Licht: 0","240363","3","3","5","06","08","6","","0","0","1","0","0"
"POINT (13.567084752000028 52.569947395000042)","Unfall 240364 (2023) Kat:3, Licht: 2","240364","3","5","1","06","03","6","","2","0","1","0","0"
"POINT (13.466798736000044 52.497405518000051)","Unfall 240365 (2023) Kat:3, Licht: 0","240365","3","6","2","06","20","6","","0","0","1","0","0"
"POINT (13.462716397000065 52.423586790000058)","Unfall 240366 (2023) Kat:3, Licht: 2","240366","3","7","2","06","21","6","","2","0","1","0","0"
"POINT (13.373869197000033 52.537662412000032)","Unfall 240367 (2023) Kat:3, Licht: 0","240367","3","4","6","06","18","6","","0","1","0","1","0"
"POINT (13.350751103000050 52.532334326000068)","Unfall 240368 (2023) Kat:3, Licht: 0","240368","3","1","9","06","16","6","","0","0","0","0","0"
"POINT (13.283204851000050 52.518506008000031)","Unfall 240369 (2023) Kat:2, Licht: 0","240369","2","7","0","06","16","6","","0","1","0","0","0"
"POINT (13.282968484000037 52.442759403000082)","Unfall 240370 (2023) Kat:3, Licht: 0","240370","3","5","1","06","14","6","","0","1","1","0","0"
"POINT (13.368498310000064 52.574328715000036)","Unfall 240371 (2023) Kat:3, Licht: 0","240371","3","6","2","06","16","6","","0","0","1","0","1"
"POINT (13.415003657000057 52.553840332000050)","Unfall 240372 (2023) Kat:3, Licht: 0","240372","3","6","2","06","14","6","","0","0","1","0","0"
"POINT (13.454429079000022 52.513903752000033)","Unfall 240373 (2023) Kat:3, Licht: 0","240373","3","1","0","06","12","6","","0","0","0","0","1"
"POINT (13.553999422000061 52.440038285000071)","Unfall 240374 (2023) Kat:3, Licht: 0","240374","3","6","2","06","10","6","","0","0","1","0","0"
"POINT (13.333884498000032 52.524479808000081)","Unfall 240375 (2023) Kat:3, Licht: 0","240375","3","1","0","06","12","6","","0","0","0","0","1"
"POINT (13.382430210000052 52.504503266000029)","Unfall 240376 (2023) Kat:3, Licht: 0","240376","3","2","0","06","08","6","","0","0","1","0","1"
"POINT (13.662964853000062 52.412030664000042)","Unfall 240377 (2023) Kat:3, Licht: 0","240377","3","3","5","06","10","6","","0","1","1","0","0"
"POINT (13.460808098000030 52.468158723000045)","Unfall 240378 (2023) Kat:3, Licht: 0","240378","3","3","5","06","08","6","","0","0","1","0","0"
"POINT (13.382320778000064 52.445352143000036)","Unfall 240379 (2023) Kat:3, Licht: 0","240379","3","2","2","06","07","6","","0","0","1","0","0"
"POINT (13.442191998000055 52.554716838000047)","Unfall 240380 (2023) Kat:3, Licht: 0","240380","3","1","0","06","07","6","","0","0","0","0","1"
"POINT (13.305973245000075 52.465901160000044)","Unfall 240381 (2023) Kat:3, Licht: 2","240381","3","1","8","06","01","6","","2","0","1","0","0"
"POINT (13.333588154000040 52.540759614000081)","Unfall 240382 (2023) Kat:3, Licht: 1","240382","3","7","5","06","20","6","","1","0","1","0","0"
"POINT (13.393264837000061 52.537448903000040)","Unfall 240383 (2023) Kat:2, Licht: 0","240383","2","2","5","06","19","6","","0","0","1","0","1"
"POINT (13.404249029000027 52.533162650000065)","Unfall 240384 (2023) Kat:3, Licht: 0","240384","3","3","2","06","18","6","","0","0","1","0","1"
"POINT (13.402972782000063 52.554544844000077)","Unfall 240385 (2023) Kat:3, Licht: 0","240385","3","1","0","06","17","6","","0","0","1","0","1"
"POINT (13.324624160000042 52.418573941000034)","Unfall 240386 (2023) Kat:3, Licht: 2","240386","3","4","6","06","23","7","","2","0","0","1","0"
"POINT (13.287698312000032 52.515411468000082)","Unfall 240387 (2023) Kat:3, Licht: 0","240387","3","6","2","06","18","6","","0","0","1","0","0"
"POINT (13.283398230000046 52.518518038000082)","Unfall 240388 (2023) Kat:2, Licht: 2","240388","2","3","5","06","23","6","","2","0","1","0","0"
"POINT (13.413408731000061 52.523354341000072)","Unfall 240389 (2023) Kat:3, Licht: 0","240389","3","5","1","06","16","6","","0","1","1","0","0"
"POINT (13.404221336000035 52.581480504000069)","Unfall 240390 (2023) Kat:2, Licht: 0","240390","2","2","0","06","15","6","","0","0","1","0","1"
"POINT (13.326102342000070 52.538364391000073)","Unfall 240391 (2023) Kat:3, Licht: 1","240391","3","2","5","06","20","6","","1","0","1","0","0"
"POINT (13.347227241000041 52.505510224000034)","Unfall 240392 (2023) Kat:3, Licht: 0","240392","3","3","5","06","14","6","","0","1","1","0","0"
"POINT (13.519203292000043 52.513399523000032)","Unfall 240393 (2023) Kat:3, Licht: 0","240393","3","2","5","06","14","6","","0","1","1","0","0"
"POINT (13.332393461000038 52.533961395000063)","Unfall 240394 (2023) Kat:3, Licht: 0","240394","3","6","2","06","12","6","","0","0","1","0","0"
"POINT (13.395193772000027 52.517050698000048)","Unfall 240395 (2023) Kat:3, Licht: 0","240395","3","7","0","06","16","6","","0","0","0","0","0"
"POINT (13.193225887000040 52.532563950000053)","Unfall 240396 (2023) Kat:3, Licht: 0","240396","3","5","1","06","10","6","","0","1","1","0","0"
"POINT (13.582132070000057 52.442557577000059)","Unfall 240397 (2023) Kat:3, Licht: 0","240397","3","2","5","06","15","6","","0","0","1","0","0"
"POINT (13.508375720000060 52.548706871000036)","Unfall 240398 (2023) Kat:3, Licht: 0","240398","3","6","3","06","14","6","","0","0","1","0","1"
"POINT (13.197446272000036 52.553999599000065)","Unfall 240399 (2023) Kat:3, Licht: 0","240399","3","2","5","06","12","6","","0","1","1","0","0"
"POINT (13.381180803000063 52.482658150000077)","Unfall 240400 (2023) Kat:2, Licht: 2","240400","2","3","5","06","01","1","","2","0","1","0","0"
"POINT (13.326106433000064 52.538347817000044)","Unfall 240401 (2023) Kat:3, Licht: 0","240401","3","2","5","06","12","6","","0","0","1","0","0"
"POINT (13.401063371000077 52.511652129000026)","Unfall 240402 (2023) Kat:3, Licht: 0","240402","3","3","0","06","10","6","","0","1","0","0","0"
"POINT (13.592913694000060 52.409558412000081)","Unfall 240403 (2023) Kat:3, Licht: 2","240403","3","3","5","06","22","6","","2","0","1","0","0"
"POINT (13.373172333000070 52.557128889000069)","Unfall 240404 (2023) Kat:3, Licht: 0","240404","3","6","0","06","12","5","","0","0","1","0","0"
"POINT (13.442966154000032 52.478041181000037)","Unfall 240405 (2023) Kat:3, Licht: 0","240405","3","6","3","06","17","5","","0","1","1","0","0"
"POINT (13.342049561000067 52.517911205000075)","Unfall 240406 (2023) Kat:3, Licht: 2","240406","3","2","0","06","21","5","","2","0","1","0","1"
"POINT (13.431457315000046 52.492375695000078)","Unfall 240407 (2023) Kat:3, Licht: 0","240407","3","6","0","06","17","5","","0","1","1","0","0"
"POINT (13.505978738000067 52.534735814000044)","Unfall 240408 (2023) Kat:2, Licht: 0","240408","2","6","2","06","17","5","","0","0","1","0","0"
"POINT (13.435488988000031 52.486057556000048)","Unfall 240409 (2023) Kat:3, Licht: 0","240409","3","7","0","06","15","5","","0","1","0","0","0"
"POINT (13.325663907000035 52.502505476000067)","Unfall 240410 (2023) Kat:2, Licht: 0","240410","2","3","5","06","08","5","","0","0","1","0","0"
"POINT (13.458230512000057 52.485751968000045)","Unfall 240411 (2023) Kat:3, Licht: 2","240411","3","3","5","06","22","5","","2","1","1","0","0"
"POINT (13.390276783000047 52.535567927000045)","Unfall 240412 (2023) Kat:3, Licht: 2","240412","3","1","8","06","22","5","","2","0","1","0","0"
"POINT (13.362225088000059 52.497925330000044)","Unfall 240413 (2023) Kat:3, Licht: 2","240413","3","1","0","06","22","5","","2","1","0","0","0"
"POINT (13.265356137000026 52.484186022000074)","Unfall 240414 (2023) Kat:3, Licht: 0","240414","3","5","1","06","17","5","","0","1","0","0","0"
"POINT (13.508352118000062 52.510269353000069)","Unfall 240415 (2023) Kat:3, Licht: 0","240415","3","3","5","06","16","5","","0","0","1","0","0"
"POINT (13.414977628000031 52.422550056000034)","Unfall 240416 (2023) Kat:3, Licht: 0","240416","3","2","5","06","15","5","","0","1","1","0","0"
"POINT (13.310302530000058 52.500415888000077)","Unfall 240417 (2023) Kat:3, Licht: 0","240417","3","5","1","06","14","5","","0","1","1","0","0"
"POINT (13.190950397000051 52.523067950000041)","Unfall 240418 (2023) Kat:3, Licht: 0","240418","3","7","0","06","12","5","","0","1","0","0","0"
"POINT (13.334382160000075 52.498506552000038)","Unfall 240419 (2023) Kat:3, Licht: 0","240419","3","2","5","06","11","5","","0","0","1","0","1"
"POINT (13.573555935000059 52.558355834000054)","Unfall 240420 (2023) Kat:3, Licht: 0","240420","3","3","5","06","08","5","","0","1","1","0","0"
"POINT (13.394392880000055 52.484013176000076)","Unfall 240421 (2023) Kat:3, Licht: 0","240421","3","2","0","06","07","5","","0","1","0","0","0"
"POINT (13.219117692000054 52.527761874000078)","Unfall 240422 (2023) Kat:3, Licht: 0","240422","3","6","2","06","07","5","","0","0","1","0","1"
"POINT (13.409161757000049 52.547321699000065)","Unfall 240423 (2023) Kat:3, Licht: 2","240423","3","5","1","06","01","5","","2","0","1","0","0"
"POINT (13.462716477000072 52.531189603000030)","Unfall 240424 (2023) Kat:3, Licht: 0","240424","3","1","0","06","18","5","","0","1","0","0","0"
"POINT (13.443130460000077 52.477937994000058)","Unfall 240425 (2023) Kat:3, Licht: 0","240425","3","1","1","06","18","5","","0","0","1","0","0"
"POINT (13.316612460000044 52.491280169000049)","Unfall 240426 (2023) Kat:3, Licht: 1","240426","3","4","6","06","20","5","","1","1","0","1","0"
"POINT (13.405885003000037 52.497450207000043)","Unfall 240427 (2023) Kat:3, Licht: 0","240427","3","6","2","06","17","5","","0","1","1","0","0"
"POINT (13.468111985000064 52.546209787000066)","Unfall 240428 (2023) Kat:3, Licht: 0","240428","3","6","3","06","13","5","","0","0","1","0","1"
"POINT (13.256818261000035 52.609333572000082)","Unfall 240429 (2023) Kat:3, Licht: 0","240429","3","1","0","06","10","5","","0","1","0","0","0"
"POINT (13.197063715000070 52.514580990000070)","Unfall 240430 (2023) Kat:3, Licht: 0","240430","3","5","2","06","17","5","","0","0","1","0","0"
"POINT (13.576018709000039 52.466567063000070)","Unfall 240431 (2023) Kat:3, Licht: 0","240431","3","4","6","06","17","5","","0","0","1","1","0"
"POINT (13.473703237000052 52.503372173000059)","Unfall 240432 (2023) Kat:3, Licht: 0","240432","3","7","5","06","17","5","","0","0","1","0","1"
"POINT (13.448793032000026 52.524262430000078)","Unfall 240433 (2023) Kat:3, Licht: 0","240433","3","7","0","06","13","5","","0","1","0","0","0"
"POINT (13.590775120000046 52.442516388000058)","Unfall 240434 (2023) Kat:2, Licht: 0","240434","2","5","1","06","11","5","","0","0","1","0","0"
"POINT (13.323030390000042 52.456429912000033)","Unfall 240435 (2023) Kat:3, Licht: 0","240435","3","6","3","06","10","5","","0","1","0","0","0"
"POINT (13.377762507000057 52.508000772000059)","Unfall 240436 (2023) Kat:2, Licht: 0","240436","2","2","5","06","10","5","","0","1","1","0","0"
"POINT (13.545391443000028 52.567667759000074)","Unfall 240437 (2023) Kat:2, Licht: 0","240437","2","6","4","06","10","5","","0","1","0","0","0"
"POINT (13.473016283000049 52.509385127000030)","Unfall 240438 (2023) Kat:3, Licht: 0","240438","3","3","5","06","09","5","","0","1","0","0","0"
"POINT (13.436391510000021 52.467449728000076)","Unfall 240439 (2023) Kat:3, Licht: 0","240439","3","6","2","06","08","5","","0","0","1","0","0"
"POINT (13.232188200000053 52.540602673000080)","Unfall 240440 (2023) Kat:2, Licht: 2","240440","2","1","9","06","23","5","","2","0","1","0","0"
"POINT (13.616023135000034 52.531917939000039)","Unfall 240441 (2023) Kat:3, Licht: 0","240441","3","6","2","06","17","5","","0","0","1","0","0"
"POINT (13.417986901000063 52.525738236000052)","Unfall 240442 (2023) Kat:3, Licht: 2","240442","3","6","0","06","22","5","","2","0","1","0","1"
"POINT (13.429416872000047 52.470959520000065)","Unfall 240443 (2023) Kat:3, Licht: 0","240443","3","2","2","06","18","5","","0","0","1","0","1"
"POINT (13.275405766000063 52.450524886000039)","Unfall 240444 (2023) Kat:3, Licht: 0","240444","3","7","2","06","17","5","","0","0","1","0","1"
"POINT (13.346023040000034 52.591339710000057)","Unfall 240445 (2023) Kat:3, Licht: 0","240445","3","6","2","06","17","5","","0","0","1","0","0"
"POINT (13.434647476000066 52.549589218000051)","Unfall 240446 (2023) Kat:3, Licht: 0","240446","3","6","2","06","13","5","","0","0","1","0","1"
"POINT (13.527943923000066 52.411288916000046)","Unfall 240447 (2023) Kat:3, Licht: 0","240447","3","5","1","06","15","5","","0","0","1","0","0"
"POINT (13.469786556000031 52.502319901000078)","Unfall 240448 (2023) Kat:3, Licht: 0","240448","3","2","5","06","12","5","","0","1","1","0","0"
"POINT (13.314327857000023 52.472192239000037)","Unfall 240449 (2023) Kat:3, Licht: 0","240449","3","3","5","06","09","5","","0","1","0","0","0"
"POINT (13.355116449000036 52.413365503000080)","Unfall 240450 (2023) Kat:3, Licht: 0","240450","3","6","3","06","18","3","","0","0","1","0","1"
"POINT (13.291705165000053 52.634664501000032)","Unfall 240451 (2023) Kat:2, Licht: 0","240451","2","7","6","06","12","5","","0","0","1","1","0"
"POINT (13.385343404000025 52.511954515000070)","Unfall 240452 (2023) Kat:3, Licht: 0","240452","3","6","2","06","12","5","","0","1","1","0","0"
"POINT (13.400910673000055 52.414532525000027)","Unfall 240453 (2023) Kat:2, Licht: 0","240453","2","2","5","06","11","5","","0","1","0","0","0"
"POINT (13.396283401000062 52.517481255000064)","Unfall 240454 (2023) Kat:3, Licht: 0","240454","3","3","5","06","08","5","","0","1","1","0","0"
"POINT (13.344946605000075 52.596091161000061)","Unfall 240455 (2023) Kat:3, Licht: 0","240455","3","6","2","06","08","5","","0","0","1","0","0"
"POINT (13.541858901000069 52.425689101000046)","Unfall 240456 (2023) Kat:3, Licht: 0","240456","3","2","5","06","07","5","","0","1","1","0","0"
"POINT (13.432948117000024 52.518086562000065)","Unfall 240457 (2023) Kat:3, Licht: 0","240457","3","2","5","06","07","5","","0","1","1","0","0"
"POINT (13.467555045000040 52.498078103000068)","Unfall 240458 (2023) Kat:3, Licht: 0","240458","3","6","2","06","10","5","","0","0","1","0","0"
"POINT (13.345960081000044 52.494817324000053)","Unfall 240459 (2023) Kat:3, Licht: 2","240459","3","1","0","06","00","5","","2","0","0","0","1"
"POINT (13.372548690000031 52.419685207000043)","Unfall 240460 (2023) Kat:3, Licht: 0","240460","3","3","5","06","08","5","","0","1","1","0","0"
"POINT (13.328028683000070 52.563914572000044)","Unfall 240461 (2023) Kat:3, Licht: 0","240461","3","6","4","06","09","4","","0","1","0","0","0"
"POINT (13.437355635000074 52.510826043000066)","Unfall 240462 (2023) Kat:3, Licht: 0","240462","3","3","6","06","10","4","","0","0","1","1","0"
"POINT (13.446674062000056 52.491618941000070)","Unfall 240463 (2023) Kat:3, Licht: 0","240463","3","2","5","06","13","5","","0","0","1","0","1"
"POINT (13.436616311000023 52.544709603000058)","Unfall 240464 (2023) Kat:2, Licht: 0","240464","2","5","1","06","13","4","","0","1","1","0","0"
"POINT (13.447003592000044 52.439148988000056)","Unfall 240465 (2023) Kat:3, Licht: 0","240465","3","5","1","06","12","4","","0","0","1","0","0"
"POINT (13.382634083000028 52.530904719000034)","Unfall 240466 (2023) Kat:3, Licht: 0","240466","3","6","2","06","08","4","","0","1","1","0","0"
"POINT (13.454067444000032 52.495846853000046)","Unfall 240467 (2023) Kat:3, Licht: 0","240467","3","6","4","06","18","1","","0","0","1","0","0"
"POINT (13.436316796000028 52.449046617000079)","Unfall 240468 (2023) Kat:3, Licht: 1","240468","3","7","6","06","20","4","","1","0","0","1","0"
"POINT (13.348875261000046 52.526318179000043)","Unfall 240469 (2023) Kat:3, Licht: 0","240469","3","1","0","06","18","4","","0","0","0","0","0"
"POINT (13.206651907000037 52.534149935000073)","Unfall 240470 (2023) Kat:3, Licht: 0","240470","3","6","3","06","18","4","","0","0","1","0","1"
"POINT (13.251249772000051 52.433140186000060)","Unfall 240471 (2023) Kat:3, Licht: 0","240471","3","3","5","06","15","4","","0","1","1","0","0"
"POINT (13.430464784000037 52.551896931000044)","Unfall 240472 (2023) Kat:3, Licht: 0","240472","3","6","2","06","16","4","","0","0","1","0","0"
"POINT (13.195301968000024 52.535558015000049)","Unfall 240473 (2023) Kat:3, Licht: 0","240473","3","2","5","06","14","4","","0","1","1","0","0"
"POINT (13.332520409000040 52.524236291000079)","Unfall 240474 (2023) Kat:3, Licht: 0","240474","3","7","5","06","14","4","","0","0","1","0","1"
"POINT (13.441150653000022 52.419444272000078)","Unfall 240475 (2023) Kat:3, Licht: 0","240475","3","7","2","06","06","4","","0","0","1","0","1"
"POINT (13.587418599000046 52.523988860000031)","Unfall 240476 (2023) Kat:3, Licht: 0","240476","3","6","3","06","06","4","","0","0","1","0","1"
"POINT (13.338866752000058 52.464514695000048)","Unfall 240477 (2023) Kat:2, Licht: 0","240477","2","3","5","06","05","4","","0","0","1","0","0"
"POINT (13.350100756000074 52.536014984000076)","Unfall 240478 (2023) Kat:3, Licht: 0","240478","3","2","5","06","17","4","","0","1","1","0","0"
"POINT (13.388273979000076 52.492669934000048)","Unfall 240479 (2023) Kat:3, Licht: 0","240479","3","3","5","06","15","4","","0","0","0","0","0"
"POINT (13.552917036000053 52.507506623000040)","Unfall 240480 (2023) Kat:2, Licht: 0","240480","2","2","5","06","10","4","","0","1","1","0","0"
"POINT (13.300270891000025 52.509769294000080)","Unfall 240481 (2023) Kat:2, Licht: 0","240481","2","3","5","06","19","4","","0","1","1","0","0"
"POINT (13.238663099000064 52.602651037000044)","Unfall 240482 (2023) Kat:3, Licht: 0","240482","3","2","2","06","15","4","","0","0","1","0","1"
"POINT (13.203858150000030 52.545220818000075)","Unfall 240483 (2023) Kat:3, Licht: 0","240483","3","2","5","06","13","4","","0","1","1","0","0"
"POINT (13.408654884000043 52.522234784000034)","Unfall 240484 (2023) Kat:3, Licht: 0","240484","3","3","5","06","11","4","","0","1","1","0","0"
"POINT (13.355928129000063 52.598184141000047)","Unfall 240485 (2023) Kat:3, Licht: 0","240485","3","5","0","06","08","4","","0","0","1","0","0"
"POINT (13.258219508000025 52.435410631000082)","Unfall 240486 (2023) Kat:3, Licht: 0","240486","3","2","6","06","07","4","","0","0","1","1","0"
"POINT (13.331080959000076 52.495358889000045)","Unfall 240487 (2023) Kat:3, Licht: 0","240487","3","3","5","06","18","4","","0","0","1","0","0"
"POINT (13.315354051000043 52.416478016000042)","Unfall 240488 (2023) Kat:3, Licht: 0","240488","3","3","5","06","17","4","","0","1","1","0","0"