WKT,Name,OBJECTID,UKATEGORIE,UTYP1,UART,UMONAT,USTUNDE,UWOCHENTAG,STRZUSTAND,ULICHTVERH,ISTRAD,ISTPKW,ISTFUSS,ISTKRAD
"POINT (13.456379965000053 52.509863756000072)","Unfall 240489 (2023) Kat:3, Licht: 0","240489","3","7","2","06","16","4","","0","0","1","0","0"
"POINT (13.298844566000071 52.523809339000081)","Unfall 240490 (2023) Kat:3, Licht: 0","240490","3","4","6","06","16","4","","0","1","0","1","0"
"POINT (13.397762435000061 52.532506579000028)","Unfall 240491 (2023) Kat:3, Licht: 0","240491","3","2","5","06","19","4","","0","1","1","0","0"
"POINT (13.343072369000026 52.434727989000066)","Unfall 240492 (2023) Kat:3, Licht: 0","240492","3","6","2","06","16","4","","0","0","1","0","0"
"POINT (13.591690382000024 52.432305703000054)","Unfall 240493 (2023) Kat:2, Licht: 0","240493","2","3","5","06","13","4","","0","0","1","0","0"
"POINT (13.419498970000063 52.506133580000039)","Unfall 240494 (2023) Kat:3, Licht: 0","240494","3","7","0","06","08","4","","0","1","0","0","0"
"POINT (13.441249479000021 52.479123339000068)","Unfall 240495 (2023) Kat:3, Licht: 0","240495","3","2","5","06","08","4","","0","1","0","0","1"
"POINT (13.596948350000048 52.437024407000081)","Unfall 240496 (2023) Kat:3, Licht: 0","240496","3","3","0","06","08","4","","0","1","1","0","0"
"POINT (13.531755381000039 52.415948806000074)","Unfall 240497 (2023) Kat:3, Licht: 0","240497","3","1","0","06","21","4","","0","0","0","0","0"
"POINT (13.360372661000042 52.523622939000063)","Unfall 240498 (2023) Kat:3, Licht: 0","240498","3","6","2","06","18","4","","0","1","0","0","0"
"POINT (13.330946806000043 52.546371996000062)","Unfall 240499 (2023) Kat:3, Licht: 0","240499","3","1","0","06","17","4","","0","1","0","0","0"
"POINT (13.593536561000064 52.452944305000074)","Unfall 240500 (2023) Kat:2, Licht: 0","240500","2","2","5","06","15","4","","0","0","1","0","0"
"POINT (13.404671458000053 52.533523815000081)","Unfall 240501 (2023) Kat:3, Licht: 0","240501","3","1","0","06","10","4","","0","1","0","0","0"
"POINT (13.446672825000064 52.502580120000061)","Unfall 240502 (2023) Kat:3, Licht: 0","240502","3","3","5","06","06","4","","0","1","0","0","0"
"POINT (13.472003393000023 52.458670780000034)","Unfall 240503 (2023) Kat:3, Licht: 0","240503","3","2","5","06","08","3","","0","1","1","0","0"
"POINT (13.536003183000048 52.570441282000047)","Unfall 240504 (2023) Kat:3, Licht: 0","240504","3","6","2","06","12","3","","0","0","1","0","0"
"POINT (13.428951961000053 52.502425714000026)","Unfall 240505 (2023) Kat:3, Licht: 1","240505","3","3","5","06","20","3","","1","0","1","0","0"
"POINT (13.468980706000025 52.531338792000042)","Unfall 240506 (2023) Kat:3, Licht: 0","240506","3","2","5","06","18","3","","0","1","1","0","0"
"POINT (13.322583034000047 52.565398704000074)","Unfall 240507 (2023) Kat:3, Licht: 0","240507","3","7","5","06","11","3","","0","0","1","0","1"
"POINT (13.454979921000074 52.513739289000057)","Unfall 240508 (2023) Kat:3, Licht: 0","240508","3","3","5","06","16","6","","0","0","1","0","1"
"POINT (13.304911857000036 52.417366533000063)","Unfall 240509 (2023) Kat:2, Licht: 0","240509","2","4","6","06","18","3","","0","0","1","1","0"
"POINT (13.406656179000038 52.498437544000069)","Unfall 240510 (2023) Kat:3, Licht: 0","240510","3","2","5","06","20","3","","0","0","1","0","0"
"POINT (13.417842803000042 52.517939796000064)","Unfall 240511 (2023) Kat:3, Licht: 0","240511","3","2","6","06","18","3","","0","0","1","1","0"
"POINT (13.525433817000021 52.464688267000042)","Unfall 240512 (2023) Kat:3, Licht: 0","240512","3","2","0","06","18","3","","0","1","1","0","0"
"POINT (13.502844414000037 52.629763708000041)","Unfall 240513 (2023) Kat:3, Licht: 0","240513","3","3","5","06","16","3","","0","1","1","0","0"
"POINT (13.453903214000036 52.482483883000043)","Unfall 240514 (2023) Kat:3, Licht: 0","240514","3","2","5","06","17","3","","0","0","0","0","0"
"POINT (13.511363665000033 52.504374159000065)","Unfall 240515 (2023) Kat:3, Licht: 0","240515","3","2","6","06","17","3","","0","0","1","1","0"
"POINT (13.331303306000052 52.453375981000079)","Unfall 240516 (2023) Kat:3, Licht: 0","240516","3","6","2","06","15","3","","0","0","1","0","0"
"POINT (13.533722292000050 52.525723834000075)","Unfall 240517 (2023) Kat:3, Licht: 0","240517","3","2","5","06","08","3","","0","1","1","0","0"
"POINT (13.436698961000047 52.523491887000034)","Unfall 240518 (2023) Kat:3, Licht: 0","240518","3","1","0","06","14","3","","0","1","0","0","0"
"POINT (13.431275405000065 52.453761306000047)","Unfall 240519 (2023) Kat:3, Licht: 0","240519","3","3","5","06","12","3","","0","0","1","0","1"
"POINT (13.266492345000074 52.533572639000056)","Unfall 240520 (2023) Kat:3, Licht: 0","240520","3","6","2","06","14","3","","0","0","1","0","0"
"POINT (13.391445077000071 52.500998129000038)","Unfall 240521 (2023) Kat:3, Licht: 0","240521","3","2","5","06","13","3","","0","1","1","0","0"
"POINT (13.177443559000039 52.548839819000079)","Unfall 240522 (2023) Kat:3, Licht: 0","240522","3","5","1","06","13","3","","0","0","1","0","1"
"POINT (13.387360225000066 52.525701968000078)","Unfall 240523 (2023) Kat:3, Licht: 0","240523","3","5","1","06","12","3","","0","1","1","0","0"
"POINT (13.327436855000030 52.502943738000056)","Unfall 240524 (2023) Kat:3, Licht: 0","240524","3","2","5","06","10","3","","0","1","1","0","0"
"POINT (13.364925944000049 52.510081539000055)","Unfall 240525 (2023) Kat:3, Licht: 0","240525","3","6","2","06","09","3","","0","0","0","0","1"
"POINT (13.581484930000045 52.504738783000050)","Unfall 240526 (2023) Kat:3, Licht: 0","240526","3","6","2","06","08","3","","0","1","1","0","0"
"POINT (13.297491715000035 52.591067190000047)","Unfall 240527 (2023) Kat:2, Licht: 0","240527","2","4","6","06","07","3","","0","0","1","1","0"
"POINT (13.559167854000066 52.448145775000057)","Unfall 240528 (2023) Kat:2, Licht: 0","240528","2","6","4","06","20","3","","0","1","0","0","0"
"POINT (13.377434865000055 52.553721274000054)","Unfall 240529 (2023) Kat:2, Licht: 1","240529","2","3","5","06","07","3","","1","1","0","0","0"
"POINT (13.158089432000054 52.533169184000030)","Unfall 240530 (2023) Kat:3, Licht: 0","240530","3","2","0","06","19","3","","0","1","1","0","0"
"POINT (13.327493313000048 52.524424152000051)","Unfall 240531 (2023) Kat:3, Licht: 0","240531","3","2","5","06","17","3","","0","1","1","0","0"
"POINT (13.577464116000044 52.402309857000034)","Unfall 240532 (2023) Kat:3, Licht: 0","240532","3","6","3","06","17","3","","0","1","1","0","0"
"POINT (13.360635380000076 52.523937469000032)","Unfall 240533 (2023) Kat:3, Licht: 0","240533","3","3","5","06","15","3","","0","1","1","0","0"
"POINT (13.318031442000063 52.506126325000082)","Unfall 240534 (2023) Kat:3, Licht: 0","240534","3","1","0","06","16","3","","0","0","1","0","1"
"POINT (13.327600315000041 52.564092965000043)","Unfall 240535 (2023) Kat:3, Licht: 0","240535","3","2","0","06","12","3","","0","0","1","0","0"
"POINT (13.387938517000066 52.550040980000063)","Unfall 240536 (2023) Kat:2, Licht: 0","240536","2","4","6","06","11","3","","0","0","0","1","0"
"POINT (13.534841600000050 52.431073595000043)","Unfall 240537 (2023) Kat:3, Licht: 0","240537","3","6","2","06","10","3","","0","1","1","0","0"
"POINT (13.424555188000056 52.486332761000028)","Unfall 240538 (2023) Kat:3, Licht: 0","240538","3","4","6","06","09","3","","0","1","0","1","0"
"POINT (13.461267387000078 52.454315088000044)","Unfall 240539 (2023) Kat:3, Licht: 0","240539","3","2","2","06","08","3","","0","0","0","0","1"
"POINT (13.560826297000062 52.569422942000074)","Unfall 240540 (2023) Kat:3, Licht: 0","240540","3","7","4","06","07","3","","0","1","1","0","0"
"POINT (13.382857942000044 52.438270547000059)","Unfall 240541 (2023) Kat:2, Licht: 2","240541","2","2","6","06","22","3","","2","0","1","1","0"
"POINT (13.569328168000027 52.444656835000046)","Unfall 240542 (2023) Kat:3, Licht: 0","240542","3","7","0","06","18","3","","0","0","0","0","1"
"POINT (13.485952104000035 52.520841718000042)","Unfall 240543 (2023) Kat:3, Licht: 0","240543","3","2","0","06","16","3","","0","1","1","0","0"
"POINT (13.445403137000028 52.590651547000050)","Unfall 240544 (2023) Kat:2, Licht: 0","240544","2","3","5","06","11","3","","0","0","1","0","1"
"POINT (13.406819359000053 52.523479837000082)","Unfall 240545 (2023) Kat:3, Licht: 0","240545","3","3","5","06","15","2","","0","1","0","0","0"
"POINT (13.191482813000050 52.549784281000029)","Unfall 240546 (2023) Kat:3, Licht: 0","240546","3","3","5","06","18","2","","0","0","1","0","0"
"POINT (13.334843217000071 52.524613797000029)","Unfall 240547 (2023) Kat:3, Licht: 0","240547","3","6","4","06","20","2","","0","1","0","0","0"
"POINT (13.382249117000072 52.504440288000069)","Unfall 240548 (2023) Kat:3, Licht: 0","240548","3","2","5","06","19","2","","0","1","1","0","0"
"POINT (13.518244393000032 52.568316151000033)","Unfall 240549 (2023) Kat:2, Licht: 0","240549","2","6","2","06","19","2","","0","0","1","0","0"
"POINT (13.295713806000037 52.450916766000034)","Unfall 240550 (2023) Kat:3, Licht: 0","240550","3","2","2","06","18","2","","0","1","1","0","0"
"POINT (13.585572261000038 52.394353761000048)","Unfall 240551 (2023) Kat:3, Licht: 0","240551","3","3","0","06","16","2","","0","1","1","0","0"
"POINT (13.348998271000028 52.434725978000074)","Unfall 240552 (2023) Kat:3, Licht: 0","240552","3","5","5","06","15","2","","0","0","1","0","0"
"POINT (13.326595814000029 52.562504416000081)","Unfall 240553 (2023) Kat:3, Licht: 0","240553","3","2","3","06","15","2","","0","0","1","0","0"
"POINT (13.379796656000053 52.559995580000077)","Unfall 240554 (2023) Kat:3, Licht: 0","240554","3","7","5","06","11","2","","0","0","1","0","0"
"POINT (13.361521394000022 52.494382790000031)","Unfall 240555 (2023) Kat:3, Licht: 0","240555","3","6","2","06","10","2","","0","0","1","0","0"
"POINT (13.422228309000047 52.559900629000026)","Unfall 240556 (2023) Kat:3, Licht: 0","240556","3","3","5","06","07","2","","0","0","1","0","0"
"POINT (13.613941779000072 52.487906306000070)","Unfall 240557 (2023) Kat:3, Licht: 0","240557","3","3","5","06","15","2","","0","1","0","0","0"
"POINT (13.354512546000024 52.509662776000027)","Unfall 240558 (2023) Kat:2, Licht: 2","240558","2","6","4","06","23","2","","2","0","1","0","0"
"POINT (13.382574920000025 52.504227999000079)","Unfall 240559 (2023) Kat:3, Licht: 0","240559","3","4","6","06","18","2","","0","1","0","1","0"
"POINT (13.201321478000068 52.564208693000069)","Unfall 240560 (2023) Kat:3, Licht: 0","240560","3","6","2","06","18","2","","0","1","1","0","0"
"POINT (13.476088620000041 52.533380798000053)","Unfall 240561 (2023) Kat:3, Licht: 0","240561","3","6","2","06","16","2","","0","0","1","0","0"
"POINT (13.569473825000046 52.444506252000053)","Unfall 240562 (2023) Kat:3, Licht: 0","240562","3","2","5","06","14","2","","0","1","1","0","0"
"POINT (13.587560103000044 52.523892084000067)","Unfall 240563 (2023) Kat:3, Licht: 0","240563","3","6","3","06","13","2","","0","0","1","0","0"
"POINT (13.375854169000036 52.474571091000030)","Unfall 240564 (2023) Kat:2, Licht: 0","240564","2","5","1","06","08","2","","0","0","1","0","0"
"POINT (13.449762717000056 52.536982052000042)","Unfall 240565 (2023) Kat:3, Licht: 0","240565","3","6","2","06","07","2","","0","0","1","0","0"
"POINT (13.335268340000027 52.472506084000031)","Unfall 240566 (2023) Kat:3, Licht: 0","240566","3","2","2","06","07","2","","0","1","1","0","0"
"POINT (13.375753936000024 52.536429625000039)","Unfall 240567 (2023) Kat:2, Licht: 2","240567","2","5","5","06","22","2","","2","0","1","0","1"
"POINT (13.419190829000058 52.501305441000056)","Unfall 240568 (2023) Kat:2, Licht: 0","240568","2","3","2","06","20","2","","0","0","1","0","0"
"POINT (13.473840586000051 52.432303526000055)","Unfall 240569 (2023) Kat:3, Licht: 0","240569","3","3","5","06","19","2","","0","1","1","0","0"
"POINT (13.386893211000029 52.493191938000052)","Unfall 240570 (2023) Kat:3, Licht: 0","240570","3","6","3","06","18","2","","0","1","0","0","0"
"POINT (13.311582904000034 52.479529119000063)","Unfall 240571 (2023) Kat:3, Licht: 0","240571","3","2","2","06","17","2","","0","1","1","0","0"
"POINT (13.389585516000068 52.512289659000032)","Unfall 240572 (2023) Kat:2, Licht: 0","240572","2","6","3","06","08","3","","0","1","0","0","0"
"POINT (13.279252000000042 52.501078774000064)","Unfall 240573 (2023) Kat:2, Licht: 0","240573","2","2","5","06","17","2","","0","1","1","0","0"
"POINT (13.328605546000063 52.565314980000039)","Unfall 240574 (2023) Kat:3, Licht: 0","240574","3","6","3","06","18","2","","0","0","1","0","0"
"POINT (13.470607925000024 52.540058817000045)","Unfall 240575 (2023) Kat:3, Licht: 0","240575","3","3","5","06","16","2","","0","1","0","0","0"
"POINT (13.207808683000053 52.554641346000039)","Unfall 240576 (2023) Kat:3, Licht: 0","240576","3","2","0","06","16","2","","0","1","1","0","0"
"POINT (13.511704142000042 52.506849743000032)","Unfall 240577 (2023) Kat:3, Licht: 0","240577","3","4","6","06","15","2","","0","0","1","1","0"
"POINT (13.324189452000041 52.486549895000053)","Unfall 240578 (2023) Kat:3, Licht: 0","240578","3","2","5","06","15","2","","0","1","0","0","0"
"POINT (13.312969250000037 52.506272514000045)","Unfall 240579 (2023) Kat:3, Licht: 0","240579","3","6","0","06","15","2","","0","1","0","0","0"
"POINT (13.247660672000052 52.538052269000048)","Unfall 240580 (2023) Kat:3, Licht: 1","240580","3","2","0","06","21","4","","1","1","0","0","1"
"POINT (13.218584235000037 52.509069557000032)","Unfall 240581 (2023) Kat:3, Licht: 0","240581","3","1","8","06","12","2","","0","0","0","0","0"
"POINT (13.331024465000041 52.490755615000069)","Unfall 240582 (2023) Kat:3, Licht: 0","240582","3","2","5","06","08","2","","0","1","1","0","0"
"POINT (13.473083232000022 52.616905316000043)","Unfall 240583 (2023) Kat:3, Licht: 0","240583","3","3","5","06","08","2","","0","0","1","0","0"
"POINT (13.492596217000028 52.512019521000070)","Unfall 240584 (2023) Kat:3, Licht: 0","240584","3","2","2","06","17","7","","0","0","1","0","0"
"POINT (13.568568088000063 52.513180520000049)","Unfall 240585 (2023) Kat:2, Licht: 0","240585","2","7","2","06","08","2","","0","0","1","0","0"
"POINT (13.337938139000073 52.513841112000080)","Unfall 240586 (2023) Kat:2, Licht: 0","240586","2","6","4","06","19","2","","0","1","0","0","0"
"POINT (13.541450921000035 52.534428269000045)","Unfall 240587 (2023) Kat:2, Licht: 0","240587","2","2","5","06","07","2","","0","1","1","0","0"
"POINT (13.343774014000076 52.558662990000073)","Unfall 240588 (2023) Kat:2, Licht: 0","240588","2","3","5","06","06","2","","0","0","1","0","0"
"POINT (13.387333299000034 52.466052155000057)","Unfall 240589 (2023) Kat:3, Licht: 0","240589","3","1","0","06","18","5","","0","1","0","0","0"
"POINT (13.188837786000022 52.521775032000050)","Unfall 240590 (2023) Kat:3, Licht: 0","240590","3","3","5","06","17","2","","0","0","1","0","0"
"POINT (13.581811126000048 52.439830353000048)","Unfall 240591 (2023) Kat:3, Licht: 0","240591","3","6","3","06","15","2","","0","1","1","0","0"
"POINT (13.314442812000038 52.574775521000049)","Unfall 240592 (2023) Kat:3, Licht: 0","240592","3","6","3","06","12","2","","0","0","1","0","0"
"POINT (13.406473054000060 52.393761972000050)","Unfall 240593 (2023) Kat:2, Licht: 0","240593","2","2","0","06","12","2","","0","1","0","0","0"
"POINT (13.215194008000026 52.438785594000080)","Unfall 240594 (2023) Kat:3, Licht: 0","240594","3","5","1","06","10","2","","0","0","1","0","0"
"POINT (13.307787770000061 52.492504380000071)","Unfall 240595 (2023) Kat:3, Licht: 0","240595","3","2","5","06","09","2","","0","1","0","0","0"
"POINT (13.373579057000029 52.556578020000075)","Unfall 240596 (2023) Kat:2, Licht: 0","240596","2","4","6","06","09","2","","0","0","0","1","0"
"POINT (13.320978744000058 52.513081160000070)","Unfall 240597 (2023) Kat:3, Licht: 0","240597","3","1","0","06","08","2","","0","0","0","0","1"
"POINT (13.382444054000075 52.593375584000057)","Unfall 240598 (2023) Kat:3, Licht: 0","240598","3","2","5","06","14","7","","0","0","1","0","0"
"POINT (13.207798141000069 52.556572092000067)","Unfall 240599 (2023) Kat:3, Licht: 0","240599","3","6","2","06","08","2","","0","0","1","0","0"
"POINT (13.505915387000073 52.512264125000058)","Unfall 240600 (2023) Kat:3, Licht: 0","240600","3","6","2","06","14","1","","0","0","1","0","0"
"POINT (13.427762159000054 52.612749662000056)","Unfall 240601 (2023) Kat:3, Licht: 0","240601","3","1","1","06","06","1","","0","0","1","0","0"
"POINT (13.411911558000043 52.439079403000051)","Unfall 240602 (2023) Kat:3, Licht: 0","240602","3","1","0","06","18","1","","0","0","0","0","0"
"POINT (13.369545067000047 52.574641598000028)","Unfall 240603 (2023) Kat:3, Licht: 0","240603","3","1","8","06","21","1","","0","0","0","0","1"
"POINT (13.538099196000076 52.556742138000061)","Unfall 240604 (2023) Kat:3, Licht: 0","240604","3","1","0","06","19","1","","0","0","0","0","1"
"POINT (13.392894106000028 52.484108927000079)","Unfall 240605 (2023) Kat:3, Licht: 0","240605","3","1","2","06","19","1","","0","0","1","0","1"
"POINT (13.458841601000074 52.526558192000039)","Unfall 240606 (2023) Kat:2, Licht: 0","240606","2","2","3","06","16","1","","0","1","1","0","0"
"POINT (13.326099061000036 52.538377687000036)","Unfall 240607 (2023) Kat:2, Licht: 0","240607","2","2","5","06","16","1","","0","0","1","0","0"
"POINT (13.351362922000021 52.509608898000067)","Unfall 240608 (2023) Kat:3, Licht: 0","240608","3","2","5","06","15","1","","0","0","1","0","0"
"POINT (13.341796942000030 52.494459871000061)","Unfall 240609 (2023) Kat:3, Licht: 0","240609","3","3","5","06","15","1","","0","1","1","0","0"
"POINT (13.315576717000056 52.445071381000048)","Unfall 240610 (2023) Kat:3, Licht: 0","240610","3","5","1","06","13","1","","0","0","1","0","0"
"POINT (13.366241414000058 52.495271692000074)","Unfall 240611 (2023) Kat:3, Licht: 0","240611","3","3","5","06","12","1","","0","0","1","0","0"
"POINT (13.434846419000053 52.471681400000080)","Unfall 240612 (2023) Kat:3, Licht: 0","240612","3","5","1","06","12","1","","0","1","1","0","0"
"POINT (13.434850821000055 52.513939165000068)","Unfall 240613 (2023) Kat:3, Licht: 0","240613","3","5","1","06","07","4","","0","1","1","0","0"
"POINT (13.577934797000069 52.420449997000048)","Unfall 240614 (2023) Kat:3, Licht: 0","240614","3","1","0","06","10","1","","0","1","0","0","0"
"POINT (13.488260029000060 52.507775570000035)","Unfall 240615 (2023) Kat:3, Licht: 0","240615","3","6","2","06","09","1","","0","0","1","0","0"
"POINT (13.324742749000052 52.502337900000043)","Unfall 240616 (2023) Kat:3, Licht: 2","240616","3","6","2","06","00","1","","2","0","1","0","0"
"POINT (13.347008132000042 52.500967597000056)","Unfall 240617 (2023) Kat:3, Licht: 2","240617","3","2","5","06","00","1","","2","0","1","0","0"
"POINT (13.530410748000065 52.439807801000029)","Unfall 240618 (2023) Kat:3, Licht: 2","240618","3","1","8","06","23","1","","2","0","1","0","0"
"POINT (13.414131153000028 52.492994489000068)","Unfall 240619 (2023) Kat:3, Licht: 1","240619","3","5","1","06","19","1","","1","1","1","0","0"
"POINT (13.559302354000067 52.446712034000029)","Unfall 240620 (2023) Kat:2, Licht: 0","240620","2","2","5","06","16","1","","0","1","1","0","0"
"POINT (13.371370243000058 52.568029302000070)","Unfall 240621 (2023) Kat:3, Licht: 0","240621","3","5","1","06","15","1","","0","0","1","0","0"
"POINT (13.436025728000061 52.452655795000055)","Unfall 240622 (2023) Kat:3, Licht: 0","240622","3","6","0","06","14","1","","0","1","0","0","1"
"POINT (13.612381305000042 52.447822238000072)","Unfall 240623 (2023) Kat:3, Licht: 0","240623","3","6","4","06","14","1","","0","1","0","0","0"
"POINT (13.332907011000032 52.577826163000054)","Unfall 240624 (2023) Kat:3, Licht: 1","240624","3","7","0","06","04","1","","1","0","0","0","0"
"POINT (13.360905994000063 52.576909754000042)","Unfall 240625 (2023) Kat:2, Licht: 2","240625","2","3","5","06","03","7","","2","0","1","0","0"
"POINT (13.416175602000067 52.487859871000069)","Unfall 240626 (2023) Kat:3, Licht: 0","240626","3","6","2","06","17","7","","0","1","0","0","0"
"POINT (13.433024932000023 52.491089650000049)","Unfall 240627 (2023) Kat:3, Licht: 0","240627","3","4","6","06","18","7","","0","0","1","1","0"
"POINT (13.297267259000023 52.511473518000059)","Unfall 240628 (2023) Kat:3, Licht: 1","240628","3","5","1","06","21","7","","1","1","1","0","0"
"POINT (13.361935367000058 52.447240822000026)","Unfall 240629 (2023) Kat:3, Licht: 0","240629","3","2","0","06","17","7","","0","1","1","0","0"
"POINT (13.325822879000043 52.506286716000034)","Unfall 240630 (2023) Kat:3, Licht: 0","240630","3","5","1","06","19","7","","0","1","1","0","0"
"POINT (13.334449673000051 52.542824449000079)","Unfall 240631 (2023) Kat:3, Licht: 0","240631","3","3","5","06","18","7","","0","0","1","0","0"
"POINT (13.436934318000056 52.542062094000073)","Unfall 240632 (2023) Kat:3, Licht: 0","240632","3","5","1","06","18","7","","0","1","1","0","0"
"POINT (13.386633423000035 52.506484172000057)","Unfall 240633 (2023) Kat:3, Licht: 0","240633","3","5","1","06","16","7","","0","1","1","0","0"
"POINT (13.446216491000030 52.525843535000035)","Unfall 240634 (2023) Kat:3, Licht: 0","240634","3","6","2","06","15","7","","0","0","1","0","0"
"POINT (13.317043205000061 52.445204348000061)","Unfall 240635 (2023) Kat:3, Licht: 0","240635","3","3","5","06","15","7","","0","1","1","0","0"
"POINT (13.303646869000033 52.459035437000068)","Unfall 240636 (2023) Kat:3, Licht: 0","240636","3","3","5","06","10","2","","0","1","1","0","0"
"POINT (13.311669958000039 52.494984439000064)","Unfall 240637 (2023) Kat:3, Licht: 0","240637","3","1","0","06","13","7","","0","0","0","0","0"
"POINT (13.373630701000025 52.564314055000068)","Unfall 240638 (2023) Kat:3, Licht: 0","240638","3","2","2","06","10","7","","0","0","1","0","0"
"POINT (13.506409902000030 52.402865129000077)","Unfall 240639 (2023) Kat:3, Licht: 0","240639","3","7","0","06","09","7","","0","1","0","0","0"
"POINT (13.366657407000048 52.496983447000048)","Unfall 240640 (2023) Kat:3, Licht: 0","240640","3","1","8","06","20","7","","0","0","0","0","0"
"POINT (13.524472542000069 52.406031626000072)","Unfall 240641 (2023) Kat:3, Licht: 0","240641","3","4","6","06","18","7","","0","0","1","1","0"
"POINT (13.365767543000061 52.572383504000072)","Unfall 240642 (2023) Kat:2, Licht: 0","240642","2","1","8","06","18","7","","0","0","1","0","0"
"POINT (13.308656307000035 52.495396013000061)","Unfall 240643 (2023) Kat:3, Licht: 0","240643","3","3","5","06","07","4","","0","0","1","0","0"
"POINT (13.297553398000048 52.534619375000034)","Unfall 240644 (2023) Kat:3, Licht: 2","240644","3","2","0","06","21","7","","2","1","1","0","0"
"POINT (13.405736902000058 52.489079712000034)","Unfall 240645 (2023) Kat:3, Licht: 0","240645","3","2","5","06","09","3","","0","1","0","0","0"
"POINT (13.354716828000051 52.487495427000056)","Unfall 240646 (2023) Kat:3, Licht: 0","240646","3","2","5","06","09","7","","0","1","0","0","0"
"POINT (13.386172753000039 52.485029554000050)","Unfall 240647 (2023) Kat:2, Licht: 0","240647","2","1","0","06","19","7","","0","1","0","0","0"
"POINT (13.436478632000046 52.500834715000053)","Unfall 240648 (2023) Kat:3, Licht: 2","240648","3","5","1","06","03","7","","2","1","1","0","0"
"POINT (13.411023201000035 52.539819608000073)","Unfall 240649 (2023) Kat:3, Licht: 0","240649","3","5","1","06","20","7","","0","1","1","0","0"
"POINT (13.408324494000055 52.442017220000082)","Unfall 240650 (2023) Kat:3, Licht: 0","240650","3","7","5","06","16","7","","0","0","1","0","0"
"POINT (13.439666773000056 52.512087250000036)","Unfall 240651 (2023) Kat:3, Licht: 2","240651","3","5","1","06","03","7","","2","0","0","0","0"
"POINT (13.274805525000033 52.629159574000028)","Unfall 240652 (2023) Kat:3, Licht: 0","240652","3","5","1","06","15","7","","0","0","1","0","0"
"POINT (13.401812502000041 52.587338683000041)","Unfall 240653 (2023) Kat:3, Licht: 0","240653","3","1","0","06","13","7","","0","1","0","0","0"
"POINT (13.417250730000035 52.512589578000075)","Unfall 240654 (2023) Kat:3, Licht: 0","240654","3","7","2","06","17","3","","0","0","1","0","0"
"POINT (13.355713647000073 52.504944451000028)","Unfall 240655 (2023) Kat:3, Licht: 0","240655","3","7","5","06","17","7","","0","0","1","0","1"
"POINT (13.313650481000025 52.504763410000066)","Unfall 240656 (2023) Kat:3, Licht: 0","240656","3","6","2","06","09","6","","0","0","1","0","0"
"POINT (13.406194647000063 52.528638323000052)","Unfall 240657 (2023) Kat:2, Licht: 0","240657","2","3","5","06","12","7","","0","1","0","0","0"
"POINT (13.549703298000054 52.402748958000075)","Unfall 240658 (2023) Kat:3, Licht: 0","240658","3","5","1","06","12","7","","0","1","1","0","0"
"POINT (13.405124985000043 52.498317204000045)","Unfall 240659 (2023) Kat:3, Licht: 0","240659","3","3","5","06","11","7","","0","1","0","0","0"
"POINT (13.347538976000067 52.409258788000045)","Unfall 240660 (2023) Kat:3, Licht: 0","240660","3","5","1","06","14","7","","0","0","1","0","0"
"POINT (13.389992695000046 52.535364048000076)","Unfall 240661 (2023) Kat:3, Licht: 0","240661","3","6","2","06","12","7","","0","0","1","0","0"
"POINT (13.478722604000041 52.477577813000039)","Unfall 240662 (2023) Kat:3, Licht: 0","240662","3","7","5","06","09","7","","0","0","1","0","0"
"POINT (13.361545574000047 52.547995247000074)","Unfall 240663 (2023) Kat:3, Licht: 2","240663","3","2","5","06","22","7","","2","0","1","0","0"
"POINT (13.428723388000037 52.602682865000077)","Unfall 240664 (2023) Kat:3, Licht: 0","240664","3","6","2","06","13","7","","0","0","1","0","1"
"POINT (13.523438982000073 52.402120822000029)","Unfall 240665 (2023) Kat:3, Licht: 0","240665","3","3","5","06","11","7","","0","0","1","0","1"
"POINT (13.183566376000044 52.513872206000030)","Unfall 240666 (2023) Kat:2, Licht: 0","240666","2","2","0","06","11","7","","0","1","1","0","0"
"POINT (13.411521419000053 52.504635076000056)","Unfall 240667 (2023) Kat:3, Licht: 0","240667","3","5","1","06","08","6","","0","0","1","0","0"
"POINT (13.465933447000054 52.499983997000072)","Unfall 240668 (2023) Kat:3, Licht: 0","240668","3","7","4","06","17","4","","0","1","0","0","0"
"POINT (13.345401413000047 52.506618772000081)","Unfall 240669 (2023) Kat:3, Licht: 0","240669","3","5","1","06","18","6","","0","1","1","0","0"
"POINT (13.340624365000053 52.479035244000045)","Unfall 240670 (2023) Kat:2, Licht: 0","240670","2","1","9","06","18","6","","0","0","1","0","0"
"POINT (13.434914410000033 52.437160101000075)","Unfall 240671 (2023) Kat:2, Licht: 0","240671","2","3","5","06","15","6","","0","0","1","0","1"
"POINT (13.214373462000026 52.428105590000030)","Unfall 240672 (2023) Kat:3, Licht: 0","240672","3","7","6","06","12","6","","0","0","1","1","0"
"POINT (13.328323340000054 52.534703775000082)","Unfall 240673 (2023) Kat:3, Licht: 0","240673","3","2","5","06","19","6","","0","1","1","0","0"
"POINT (13.312811320000037 52.480482145000053)","Unfall 240674 (2023) Kat:3, Licht: 0","240674","3","2","0","06","17","6","","0","0","1","0","1"
"POINT (13.198533501000043 52.542883526000026)","Unfall 240675 (2023) Kat:3, Licht: 0","240675","3","2","5","06","17","6","","0","0","1","0","0"