WKT,Name,OBJECTID,UKATEGORIE,UTYP1,UART,UMONAT,USTUNDE,UWOCHENTAG,STRZUSTAND,ULICHTVERH,ISTRAD,ISTPKW,ISTFUSS,ISTKRAD
"POINT (13.375154361000057 52.536870780000072)","Unfall 240676 (2023) Kat:2, Licht: 0","240676","2","2","5","06","16","6","","0","1","1","0","0"
"POINT (13.211471886000027 52.527456790000031)","Unfall 240677 (2023) Kat:3, Licht: 0","240677","3","2","5","06","15","6","","0","1","1","0","0"
"POINT (13.124127349000048 52.528266135000081)","Unfall 240678 (2023) Kat:3, Licht: 0","240678","3","6","2","06","14","6","","0","0","1","0","1"
"POINT (13.524794095000061 52.564745362000053)","Unfall 240679 (2023) Kat:3, Licht: 0","240679","3","4","6","06","14","6","","0","0","1","1","0"
"POINT (13.313329995000061 52.435263298000052)","Unfall 240680 (2023) Kat:3, Licht: 0","240680","3","1","2","06","14","6","","0","0","1","0","0"
"POINT (13.364559421000024 52.569674641000063)","Unfall 240681 (2023) Kat:2, Licht: 0","240681","2","5","1","06","12","6","","0","0","1","0","0"
"POINT (13.371629326000061 52.511190113000055)","Unfall 240682 (2023) Kat:2, Licht: 0","240682","2","6","3","06","11","6","","0","1","1","0","0"
"POINT (13.582277736000037 52.549037960000078)","Unfall 240683 (2023) Kat:3, Licht: 0","240683","3","6","3","06","11","6","","0","0","0","0","1"
"POINT (13.328423601000054 52.565357899000048)","Unfall 240684 (2023) Kat:3, Licht: 0","240684","3","3","5","06","15","4","","0","1","1","0","0"
"POINT (13.550691680000057 52.429043267000054)","Unfall 240685 (2023) Kat:3, Licht: 1","240685","3","2","5","06","04","2","","1","0","1","0","0"
"POINT (13.353708674000075 52.499918627000056)","Unfall 240686 (2023) Kat:3, Licht: 0","240686","3","4","6","06","09","6","","0","0","1","1","0"
"POINT (13.542572171000074 52.568310822000058)","Unfall 240687 (2023) Kat:3, Licht: 0","240687","3","3","5","06","09","6","","0","0","1","0","0"
"POINT (13.500945870000066 52.435445958000059)","Unfall 240688 (2023) Kat:3, Licht: 0","240688","3","3","5","06","08","6","","0","1","1","0","0"
"POINT (13.437425098000062 52.495530975000065)","Unfall 240689 (2023) Kat:3, Licht: 0","240689","3","7","4","06","08","6","","0","1","0","0","0"
"POINT (13.318871440000066 52.487543361000064)","Unfall 240690 (2023) Kat:3, Licht: 2","240690","3","1","0","06","23","6","","2","0","0","0","1"
"POINT (13.443592549000073 52.464267856000049)","Unfall 240691 (2023) Kat:3, Licht: 0","240691","3","2","5","06","19","6","","0","1","1","0","0"
"POINT (13.348480297000037 52.507602673000065)","Unfall 240692 (2023) Kat:3, Licht: 0","240692","3","6","3","06","15","6","","0","0","1","0","1"
"POINT (13.463029838000068 52.545729718000075)","Unfall 240693 (2023) Kat:3, Licht: 0","240693","3","2","0","06","13","6","","0","1","1","0","0"
"POINT (13.278281793000076 52.541143867000073)","Unfall 240694 (2023) Kat:3, Licht: 0","240694","3","6","2","06","12","6","","0","0","1","0","0"
"POINT (13.394452256000022 52.483932320000065)","Unfall 240695 (2023) Kat:3, Licht: 0","240695","3","3","5","06","12","6","","0","0","1","0","0"
"POINT (13.215014715000052 52.439107909000029)","Unfall 240696 (2023) Kat:3, Licht: 0","240696","3","4","6","06","11","6","","0","0","1","1","0"
"POINT (13.406266278000032 52.493355188000066)","Unfall 240697 (2023) Kat:3, Licht: 0","240697","3","7","5","06","05","6","","0","0","1","0","0"
"POINT (13.339411419000044 52.496923240000058)","Unfall 240698 (2023) Kat:3, Licht: 1","240698","3","5","1","06","21","6","","1","0","1","0","0"
"POINT (13.401188928000067 52.590374735000069)","Unfall 240699 (2023) Kat:3, Licht: 0","240699","3","6","2","06","18","6","","0","1","1","0","0"
"POINT (13.338842063000072 52.534879110000077)","Unfall 240700 (2023) Kat:2, Licht: 0","240700","2","7","0","06","17","6","","0","0","0","0","0"
"POINT (13.366121805000034 52.481053277000058)","Unfall 240701 (2023) Kat:3, Licht: 0","240701","3","7","2","06","13","6","","0","0","1","0","0"
"POINT (13.421190873000057 52.492300685000032)","Unfall 240702 (2023) Kat:3, Licht: 0","240702","3","5","5","06","15","6","","0","1","1","0","0"
"POINT (13.460066545000075 52.431969203000051)","Unfall 240703 (2023) Kat:2, Licht: 0","240703","2","2","5","06","15","6","","0","0","1","0","0"
"POINT (13.454036223000060 52.488918594000040)","Unfall 240704 (2023) Kat:2, Licht: 0","240704","2","2","5","06","12","3","","0","1","0","0","0"
"POINT (13.608474302000047 52.517011335000063)","Unfall 240705 (2023) Kat:3, Licht: 0","240705","3","5","0","06","14","6","","0","1","1","0","0"
"POINT (13.513338870000041 52.469619257000033)","Unfall 240706 (2023) Kat:2, Licht: 0","240706","2","2","5","06","14","6","","0","1","0","0","0"
"POINT (13.331311556000060 52.463869116000069)","Unfall 240707 (2023) Kat:3, Licht: 0","240707","3","2","2","06","14","6","","0","1","1","0","0"
"POINT (13.438376560000052 52.495207238000035)","Unfall 240708 (2023) Kat:3, Licht: 0","240708","3","6","2","06","13","6","","0","1","1","0","0"
"POINT (13.326619063000066 52.457954279000035)","Unfall 240709 (2023) Kat:2, Licht: 0","240709","2","1","0","06","07","6","","0","1","0","0","0"
"POINT (13.179651712000066 52.529917096000077)","Unfall 240710 (2023) Kat:3, Licht: 0","240710","3","5","1","06","12","6","","0","1","1","0","0"
"POINT (13.226005712000074 52.554436376000069)","Unfall 240711 (2023) Kat:3, Licht: 0","240711","3","3","5","06","09","6","","0","1","1","0","0"
"POINT (13.553248217000032 52.469497690000026)","Unfall 240712 (2023) Kat:3, Licht: 0","240712","3","6","3","06","09","5","","0","1","0","0","0"
"POINT (13.428708645000029 52.581617269000049)","Unfall 240713 (2023) Kat:3, Licht: 0","240713","3","7","0","06","08","5","","0","0","1","0","0"
"POINT (13.378570652000064 52.528249621000043)","Unfall 240714 (2023) Kat:3, Licht: 0","240714","3","3","5","06","06","3","","0","1","1","0","0"
"POINT (13.431646568000076 52.496963440000059)","Unfall 240715 (2023) Kat:3, Licht: 0","240715","3","4","6","06","10","2","","0","1","1","1","0"
"POINT (13.445794748000026 52.493974081000033)","Unfall 240716 (2023) Kat:3, Licht: 0","240716","3","7","5","06","18","5","","0","1","0","0","0"
"POINT (13.177760320000061 52.516910940000059)","Unfall 240717 (2023) Kat:3, Licht: 0","240717","3","1","8","06","18","5","","0","0","1","0","0"
"POINT (13.320344012000021 52.479144678000068)","Unfall 240718 (2023) Kat:3, Licht: 0","240718","3","6","3","06","16","5","","0","0","1","0","1"
"POINT (13.454189442000029 52.445571915000073)","Unfall 240719 (2023) Kat:3, Licht: 0","240719","3","6","3","06","14","5","","0","0","1","0","0"
"POINT (13.329025905000037 52.478711816000043)","Unfall 240720 (2023) Kat:3, Licht: 0","240720","3","2","5","06","13","5","","0","0","1","0","1"
"POINT (13.495907754000029 52.432052633000069)","Unfall 240721 (2023) Kat:3, Licht: 0","240721","3","6","2","06","18","5","","0","0","1","0","1"
"POINT (13.460970746000044 52.564318255000046)","Unfall 240722 (2023) Kat:3, Licht: 0","240722","3","3","5","06","10","5","","0","1","1","0","0"
"POINT (13.431302884000047 52.487174438000068)","Unfall 240723 (2023) Kat:3, Licht: 2","240723","3","5","1","06","22","5","","2","1","1","0","0"
"POINT (13.387549943000067 52.527241635000053)","Unfall 240724 (2023) Kat:3, Licht: 2","240724","3","6","2","06","21","5","","2","0","1","0","1"
"POINT (13.326052593000043 52.561501112000030)","Unfall 240725 (2023) Kat:3, Licht: 0","240725","3","3","5","06","17","5","","0","1","1","0","0"
"POINT (13.603121777000069 52.484421153000028)","Unfall 240726 (2023) Kat:3, Licht: 0","240726","3","3","5","06","16","5","","0","1","1","0","0"
"POINT (13.205688111000029 52.541639599000064)","Unfall 240727 (2023) Kat:3, Licht: 0","240727","3","3","5","06","16","5","","0","0","1","0","0"
"POINT (13.369872838000049 52.559756486000026)","Unfall 240728 (2023) Kat:3, Licht: 1","240728","3","2","5","06","21","5","","1","0","1","0","0"
"POINT (13.376441832000069 52.460059646000047)","Unfall 240729 (2023) Kat:3, Licht: 0","240729","3","2","5","06","15","5","","0","0","1","0","0"
"POINT (13.329395977000047 52.568094130000077)","Unfall 240730 (2023) Kat:3, Licht: 0","240730","3","3","6","06","13","5","","0","1","0","1","0"
"POINT (13.552806118000035 52.430626012000062)","Unfall 240731 (2023) Kat:3, Licht: 0","240731","3","2","5","06","12","5","","0","0","1","0","1"
"POINT (13.286481587000026 52.586630215000071)","Unfall 240732 (2023) Kat:3, Licht: 0","240732","3","7","0","06","14","6","","0","0","1","0","0"
"POINT (13.175044442000058 52.520837237000080)","Unfall 240733 (2023) Kat:3, Licht: 0","240733","3","7","0","06","09","5","","0","0","1","0","0"
"POINT (13.371776443000044 52.509277806000057)","Unfall 240734 (2023) Kat:3, Licht: 0","240734","3","2","5","06","20","5","","0","1","1","0","0"
"POINT (13.408933481000076 52.512027829000033)","Unfall 240735 (2023) Kat:3, Licht: 0","240735","3","3","5","06","15","5","","0","1","1","0","0"
"POINT (13.314897143000053 52.469445705000055)","Unfall 240736 (2023) Kat:3, Licht: 0","240736","3","3","5","06","14","5","","0","1","1","0","0"
"POINT (13.302180864000036 52.488370230000044)","Unfall 240737 (2023) Kat:3, Licht: 0","240737","3","2","5","06","14","5","","0","0","1","0","1"
"POINT (13.538881995000054 52.420704312000055)","Unfall 240738 (2023) Kat:3, Licht: 0","240738","3","2","5","06","13","5","","0","1","0","0","0"
"POINT (13.560675724000077 52.571384261000048)","Unfall 240739 (2023) Kat:3, Licht: 0","240739","3","2","5","06","14","5","","0","1","1","0","0"
"POINT (13.428933989000029 52.486439644000029)","Unfall 240740 (2023) Kat:3, Licht: 0","240740","3","2","6","06","14","5","","0","0","1","1","0"
"POINT (13.227970682000034 52.544121201000053)","Unfall 240741 (2023) Kat:3, Licht: 0","240741","3","4","6","06","11","5","","0","0","1","1","0"
"POINT (13.300437035000073 52.641789727000059)","Unfall 240742 (2023) Kat:2, Licht: 0","240742","2","7","4","06","13","2","","0","0","1","0","0"
"POINT (13.254825384000071 52.516074884000034)","Unfall 240743 (2023) Kat:3, Licht: 0","240743","3","1","1","06","11","5","","0","0","1","0","0"
"POINT (13.306582154000068 52.477084226000045)","Unfall 240744 (2023) Kat:3, Licht: 0","240744","3","6","2","06","14","3","","0","0","1","0","0"
"POINT (13.337626464000039 52.595778756000072)","Unfall 240745 (2023) Kat:3, Licht: 0","240745","3","6","3","06","09","5","","0","0","1","0","1"
"POINT (13.231710714000030 52.540944433000050)","Unfall 240746 (2023) Kat:3, Licht: 0","240746","3","6","3","06","08","5","","0","1","0","0","0"
"POINT (13.367004305000023 52.523271503000046)","Unfall 240747 (2023) Kat:3, Licht: 0","240747","3","5","1","06","07","5","","0","1","1","0","0"
"POINT (13.561855476000062 52.534159684000031)","Unfall 240748 (2023) Kat:3, Licht: 2","240748","3","7","0","06","02","5","","2","1","0","0","0"
"POINT (13.417993766000052 52.515102376000073)","Unfall 240749 (2023) Kat:3, Licht: 0","240749","3","6","3","06","18","5","","0","1","0","0","0"
"POINT (13.401128764000077 52.387273204000053)","Unfall 240750 (2023) Kat:3, Licht: 0","240750","3","7","4","06","18","5","","0","1","0","0","0"
"POINT (13.197722812000052 52.517515684000045)","Unfall 240751 (2023) Kat:3, Licht: 0","240751","3","6","3","06","16","5","","0","0","0","0","0"
"POINT (13.469056529000056 52.428196253000067)","Unfall 240752 (2023) Kat:3, Licht: 0","240752","3","2","5","06","14","5","","0","0","1","0","0"
"POINT (13.307322789000068 52.505693744000041)","Unfall 240753 (2023) Kat:3, Licht: 0","240753","3","6","2","06","12","5","","0","0","1","0","0"
"POINT (13.326047006000067 52.561796239000046)","Unfall 240754 (2023) Kat:2, Licht: 0","240754","2","3","5","06","12","5","","0","0","1","0","1"
"POINT (13.433315850000042 52.558098300000040)","Unfall 240755 (2023) Kat:3, Licht: 0","240755","3","3","5","06","13","4","","0","1","0","0","0"
"POINT (13.575331803000040 52.557290475000059)","Unfall 240756 (2023) Kat:3, Licht: 0","240756","3","6","2","06","14","4","","0","0","1","0","0"
"POINT (13.396924795000075 52.571505194000054)","Unfall 240757 (2023) Kat:3, Licht: 0","240757","3","2","5","06","17","4","","0","1","1","0","0"
"POINT (13.389901973000065 52.510319385000059)","Unfall 240758 (2023) Kat:3, Licht: 0","240758","3","2","5","06","15","4","","0","1","1","0","0"
"POINT (13.318315539000025 52.470842704000063)","Unfall 240759 (2023) Kat:3, Licht: 0","240759","3","6","2","06","08","4","","0","0","1","0","0"
"POINT (13.320532317000072 52.499215439000068)","Unfall 240760 (2023) Kat:3, Licht: 0","240760","3","5","1","06","08","4","","0","1","1","0","0"
"POINT (13.298015635000070 52.486633206000079)","Unfall 240761 (2023) Kat:3, Licht: 0","240761","3","4","6","06","09","4","","0","1","0","1","0"
"POINT (13.441761604000021 52.501255761000039)","Unfall 240762 (2023) Kat:3, Licht: 0","240762","3","2","5","06","14","4","","0","0","1","0","1"
"POINT (13.459375709000028 52.562778953000077)","Unfall 240763 (2023) Kat:3, Licht: 0","240763","3","3","5","06","14","4","","0","1","1","0","0"
"POINT (13.334873990000062 52.556481891000033)","Unfall 240764 (2023) Kat:3, Licht: 0","240764","3","6","2","06","13","4","","0","1","1","0","0"
"POINT (13.376068643000053 52.458555677000049)","Unfall 240765 (2023) Kat:3, Licht: 0","240765","3","5","1","06","11","4","","0","0","1","0","0"
"POINT (13.562610152000047 52.494984691000070)","Unfall 240766 (2023) Kat:3, Licht: 0","240766","3","2","5","06","07","4","","0","1","1","0","0"
"POINT (13.359813253000027 52.521247476000042)","Unfall 240767 (2023) Kat:3, Licht: 0","240767","3","1","0","06","18","4","","0","0","0","0","1"
"POINT (13.483277162000036 52.539422923000075)","Unfall 240768 (2023) Kat:3, Licht: 0","240768","3","2","5","06","16","4","","0","1","1","0","0"
"POINT (13.441864689000056 52.478737195000065)","Unfall 240769 (2023) Kat:3, Licht: 0","240769","3","4","6","06","16","4","","0","1","0","1","0"
"POINT (13.428745394000032 52.585059093000041)","Unfall 240770 (2023) Kat:2, Licht: 0","240770","2","3","5","06","15","4","","0","1","0","0","0"
"POINT (13.490258323000035 52.427990681000040)","Unfall 240771 (2023) Kat:3, Licht: 0","240771","3","3","0","06","15","4","","0","0","1","0","1"
"POINT (13.175644183000031 52.415968905000057)","Unfall 240772 (2023) Kat:2, Licht: 0","240772","2","1","0","06","13","4","","0","1","0","0","0"
"POINT (13.200846405000050 52.538941601000033)","Unfall 240773 (2023) Kat:3, Licht: 0","240773","3","4","6","06","14","4","","0","1","0","1","0"
"POINT (13.541342629000042 52.435493885000028)","Unfall 240774 (2023) Kat:3, Licht: 0","240774","3","2","5","06","13","4","","0","0","1","0","0"
"POINT (13.293726758000048 52.445561088000034)","Unfall 240775 (2023) Kat:3, Licht: 0","240775","3","2","6","06","13","4","","0","0","1","1","0"
"POINT (13.526386880000075 52.408924371000069)","Unfall 240776 (2023) Kat:3, Licht: 0","240776","3","5","1","06","12","4","","0","0","1","0","0"
"POINT (13.254294680000044 52.506709796000052)","Unfall 240777 (2023) Kat:3, Licht: 0","240777","3","3","5","06","10","4","","0","0","1","0","0"
"POINT (13.377410442000041 52.571318632000043)","Unfall 240778 (2023) Kat:3, Licht: 0","240778","3","3","5","06","09","4","","0","1","1","0","0"
"POINT (13.505785457000059 52.464793776000079)","Unfall 240779 (2023) Kat:3, Licht: 0","240779","3","5","1","06","07","4","","0","1","1","0","0"
"POINT (13.410960296000042 52.503834538000035)","Unfall 240780 (2023) Kat:3, Licht: 0","240780","3","2","5","06","06","4","","0","0","1","0","0"
"POINT (13.385716526000067 52.445562959000029)","Unfall 240781 (2023) Kat:3, Licht: 2","240781","3","2","5","06","23","4","","2","1","1","0","0"
"POINT (13.320123071000069 52.472008855000070)","Unfall 240782 (2023) Kat:3, Licht: 0","240782","3","2","5","06","19","4","","0","1","1","0","0"
"POINT (13.347219558000063 52.515822223000043)","Unfall 240783 (2023) Kat:3, Licht: 0","240783","3","6","3","06","15","4","","0","0","1","0","1"
"POINT (13.548508732000073 52.427580800000044)","Unfall 240784 (2023) Kat:3, Licht: 0","240784","3","3","5","06","15","4","","0","0","1","0","1"
"POINT (13.407166539000059 52.393801077000035)","Unfall 240785 (2023) Kat:3, Licht: 0","240785","3","6","2","06","12","4","","0","0","1","0","0"
"POINT (13.436814772000048 52.449725730000068)","Unfall 240786 (2023) Kat:2, Licht: 0","240786","2","5","1","06","14","4","","0","1","1","0","0"
"POINT (13.227359753000030 52.549510354000063)","Unfall 240787 (2023) Kat:3, Licht: 0","240787","3","2","0","06","09","4","","0","1","0","0","0"
"POINT (13.440329198000029 52.504881900000044)","Unfall 240788 (2023) Kat:2, Licht: 2","240788","2","5","1","06","22","4","","2","1","0","0","0"
"POINT (13.489612448000059 52.617327093000029)","Unfall 240789 (2023) Kat:2, Licht: 0","240789","2","4","6","06","17","4","","0","0","1","1","0"
"POINT (13.505761611000025 52.443679844000030)","Unfall 240790 (2023) Kat:3, Licht: 0","240790","3","1","1","06","12","4","","0","1","1","0","0"
"POINT (13.397110642000030 52.500255610000067)","Unfall 240791 (2023) Kat:3, Licht: 0","240791","3","2","5","06","17","4","","0","1","1","0","0"
"POINT (13.410960753000040 52.528588052000032)","Unfall 240792 (2023) Kat:3, Licht: 0","240792","3","6","2","06","15","4","","0","0","1","0","1"
"POINT (13.346809154000027 52.602186064000080)","Unfall 240793 (2023) Kat:3, Licht: 0","240793","3","1","0","06","14","4","","0","1","0","0","0"
"POINT (13.297940550000021 52.507991283000081)","Unfall 240794 (2023) Kat:3, Licht: 0","240794","3","4","6","06","13","4","","0","1","0","1","0"
"POINT (13.316898684000023 52.501952734000042)","Unfall 240795 (2023) Kat:3, Licht: 0","240795","3","2","0","06","13","4","","0","1","1","0","0"
"POINT (13.401280848000056 52.414026718000059)","Unfall 240796 (2023) Kat:3, Licht: 0","240796","3","3","5","06","12","4","","0","0","1","0","0"
"POINT (13.525925898000025 52.483212232000028)","Unfall 240797 (2023) Kat:3, Licht: 0","240797","3","6","3","06","12","4","","0","0","1","0","0"
"POINT (13.404423279000071 52.507892610000056)","Unfall 240798 (2023) Kat:3, Licht: 2","240798","3","3","5","06","03","4","","2","0","1","0","0"
"POINT (13.327024719000065 52.519974692000062)","Unfall 240799 (2023) Kat:3, Licht: 0","240799","3","2","5","06","08","3","","0","1","0","0","0"
"POINT (13.402720192000061 52.510513314000036)","Unfall 240800 (2023) Kat:3, Licht: 0","240800","3","7","5","06","19","3","","0","1","1","0","0"
"POINT (13.352194175000022 52.505266487000029)","Unfall 240801 (2023) Kat:3, Licht: 2","240801","3","1","3","06","02","3","","2","0","1","0","0"
"POINT (13.522203669000021 52.402438108000069)","Unfall 240802 (2023) Kat:2, Licht: 0","240802","2","3","5","06","17","3","","0","0","1","0","1"
"POINT (13.592979873000047 52.438366788000053)","Unfall 240803 (2023) Kat:2, Licht: 0","240803","2","1","0","06","15","3","","0","1","0","0","0"
"POINT (13.489585702000056 52.427201304000050)","Unfall 240804 (2023) Kat:3, Licht: 0","240804","3","7","6","06","14","3","","0","0","0","1","0"
"POINT (13.474557976000028 52.502868352000064)","Unfall 240805 (2023) Kat:3, Licht: 0","240805","3","6","2","06","08","3","","0","1","1","0","0"
"POINT (13.429962327000055 52.495650940000075)","Unfall 240806 (2023) Kat:3, Licht: 2","240806","3","6","2","06","22","3","","2","1","1","0","0"
"POINT (13.216188998000064 52.526850141000068)","Unfall 240807 (2023) Kat:3, Licht: 0","240807","3","2","6","06","19","3","","0","0","1","1","0"
"POINT (13.314373739000075 52.574591489000056)","Unfall 240808 (2023) Kat:3, Licht: 0","240808","3","3","5","06","18","3","","0","0","1","0","0"
"POINT (13.409961686000031 52.562684919000048)","Unfall 240809 (2023) Kat:2, Licht: 0","240809","2","3","5","06","12","3","","0","1","1","0","0"
"POINT (13.329409859000066 52.568131086000051)","Unfall 240810 (2023) Kat:3, Licht: 0","240810","3","3","5","06","12","3","","0","0","1","0","1"
"POINT (13.356478160000052 52.535818955000082)","Unfall 240811 (2023) Kat:3, Licht: 0","240811","3","7","5","06","14","5","","0","0","1","0","1"
"POINT (13.335629434000055 52.542018525000060)","Unfall 240812 (2023) Kat:3, Licht: 0","240812","3","2","5","06","12","3","","0","0","1","0","0"
"POINT (13.323254827000028 52.510888475000058)","Unfall 240813 (2023) Kat:3, Licht: 0","240813","3","2","5","06","10","3","","0","1","1","0","0"
"POINT (13.460488305000069 52.471763438000039)","Unfall 240814 (2023) Kat:3, Licht: 0","240814","3","6","2","06","09","3","","0","0","1","0","0"
"POINT (13.543643617000043 52.568155072000081)","Unfall 240815 (2023) Kat:3, Licht: 0","240815","3","6","2","06","07","3","","0","0","1","0","0"
"POINT (13.301692909000053 52.497868460000063)","Unfall 240816 (2023) Kat:3, Licht: 0","240816","3","6","0","06","19","3","","0","1","1","0","0"
"POINT (13.600939997000069 52.536828655000079)","Unfall 240817 (2023) Kat:2, Licht: 2","240817","2","1","0","06","21","3","","2","0","0","0","0"
"POINT (13.329008614000031 52.464691897000080)","Unfall 240818 (2023) Kat:3, Licht: 0","240818","3","5","2","06","20","3","","0","1","1","0","0"
"POINT (13.461818193000056 52.558750627000052)","Unfall 240819 (2023) Kat:3, Licht: 0","240819","3","6","2","06","19","3","","0","1","1","0","0"
"POINT (13.424402341000075 52.486270185000080)","Unfall 240820 (2023) Kat:3, Licht: 0","240820","3","6","2","06","18","3","","0","0","1","0","0"
"POINT (13.335784146000037 52.452162830000077)","Unfall 240821 (2023) Kat:3, Licht: 0","240821","3","4","6","06","18","3","","0","1","0","1","0"
"POINT (13.397148487000038 52.519244689000061)","Unfall 240822 (2023) Kat:3, Licht: 0","240822","3","2","0","06","17","3","","0","1","0","0","0"
"POINT (13.243304605000048 52.515766702000064)","Unfall 240823 (2023) Kat:3, Licht: 0","240823","3","6","6","06","17","3","","0","1","0","1","0"
"POINT (13.307912470000076 52.496115364000048)","Unfall 240824 (2023) Kat:3, Licht: 0","240824","3","5","1","06","17","3","","0","0","1","0","0"
"POINT (13.201332091000040 52.538375755000061)","Unfall 240825 (2023) Kat:3, Licht: 0","240825","3","3","5","06","16","3","","0","1","1","0","0"
"POINT (13.206870387000038 52.529161121000072)","Unfall 240826 (2023) Kat:3, Licht: 0","240826","3","6","4","06","15","3","","0","1","0","0","0"
"POINT (13.443725541000049 52.525285679000035)","Unfall 240827 (2023) Kat:3, Licht: 0","240827","3","2","5","06","11","3","","0","1","1","0","0"
"POINT (13.388219111000069 52.520596215000069)","Unfall 240828 (2023) Kat:2, Licht: 0","240828","2","6","3","06","10","3","","0","1","1","0","0"
"POINT (13.184980281000037 52.549370818000057)","Unfall 240829 (2023) Kat:3, Licht: 0","240829","3","7","5","06","11","1","","0","1","1","0","0"
"POINT (13.471242359000030 52.505252658000074)","Unfall 240830 (2023) Kat:3, Licht: 0","240830","3","6","3","06","09","3","","0","0","1","0","0"
"POINT (13.443251861000022 52.501889890000029)","Unfall 240831 (2023) Kat:3, Licht: 0","240831","3","5","1","06","18","3","","0","1","1","0","0"
"POINT (13.443614407000041 52.464245475000041)","Unfall 240832 (2023) Kat:3, Licht: 0","240832","3","2","5","06","08","5","","0","0","1","0","1"
"POINT (13.388324807000060 52.550071296000056)","Unfall 240833 (2023) Kat:3, Licht: 0","240833","3","5","1","06","16","3","","0","1","1","0","0"
"POINT (13.477885263000076 52.514616759000035)","Unfall 240834 (2023) Kat:3, Licht: 0","240834","3","2","2","06","12","3","","0","1","1","0","0"
"POINT (13.326352704000044 52.591750931000036)","Unfall 240835 (2023) Kat:3, Licht: 0","240835","3","6","2","06","12","3","","0","0","1","0","0"
"POINT (13.526841544000035 52.532146444000034)","Unfall 240836 (2023) Kat:3, Licht: 0","240836","3","1","0","06","10","3","","0","0","0","0","1"
"POINT (13.319971563000024 52.457151900000042)","Unfall 240837 (2023) Kat:3, Licht: 0","240837","3","6","3","06","10","3","","0","0","1","0","1"
"POINT (13.397940477000077 52.534930550000070)","Unfall 240838 (2023) Kat:3, Licht: 2","240838","3","2","5","06","01","3","","2","0","1","0","0"
"POINT (13.398036453000032 52.490992539000047)","Unfall 240839 (2023) Kat:3, Licht: 0","240839","3","3","5","06","08","3","","0","1","1","0","0"
"POINT (13.430550490000030 52.511176062000061)","Unfall 240840 (2023) Kat:3, Licht: 0","240840","3","3","5","06","13","2","","0","0","1","0","0"
"POINT (13.426171201000045 52.477489472000059)","Unfall 240841 (2023) Kat:2, Licht: 2","240841","2","4","6","06","00","2","","2","0","1","1","0"
"POINT (13.373760429000072 52.535214959000029)","Unfall 240842 (2023) Kat:3, Licht: 0","240842","3","3","5","06","18","2","","0","1","1","0","0"
"POINT (13.204070987000023 52.540507913000056)","Unfall 240843 (2023) Kat:3, Licht: 0","240843","3","6","3","06","18","2","","0","0","1","0","1"
"POINT (13.426444551000031 52.542736197000067)","Unfall 240844 (2023) Kat:3, Licht: 0","240844","3","6","3","06","17","2","","0","1","0","0","0"
"POINT (13.496504473000073 52.533987563000039)","Unfall 240845 (2023) Kat:3, Licht: 0","240845","3","3","5","06","17","2","","0","1","1","0","0"
"POINT (13.356276060000027 52.448716525000066)","Unfall 240846 (2023) Kat:3, Licht: 0","240846","3","6","2","06","17","2","","0","0","1","0","1"
"POINT (13.533891005000044 52.479016940000065)","Unfall 240847 (2023) Kat:2, Licht: 0","240847","2","5","1","06","17","2","","0","1","1","0","0"
"POINT (13.468892205000031 52.531351489000031)","Unfall 240848 (2023) Kat:2, Licht: 0","240848","2","2","5","06","12","2","","0","1","1","0","0"
"POINT (13.177600803000075 52.533791247000067)","Unfall 240849 (2023) Kat:3, Licht: 0","240849","3","6","0","06","15","2","","0","0","1","0","0"
"POINT (13.351442969000061 52.532942542000058)","Unfall 240850 (2023) Kat:3, Licht: 0","240850","3","5","3","06","15","2","","0","1","1","0","0"
"POINT (13.346559562000039 52.430643819000068)","Unfall 240851 (2023) Kat:3, Licht: 0","240851","3","2","5","06","14","2","","0","1","1","0","0"
"POINT (13.249847607000049 52.538105424000037)","Unfall 240852 (2023) Kat:3, Licht: 0","240852","3","6","2","06","14","2","","0","0","1","0","0"
"POINT (13.356420699000068 52.535895361000030)","Unfall 240853 (2023) Kat:2, Licht: 0","240853","2","4","6","06","13","2","","0","0","0","1","1"
"POINT (13.441580328000043 52.545017805000043)","Unfall 240854 (2023) Kat:3, Licht: 0","240854","3","5","2","06","11","2","","0","1","1","0","0"
"POINT (13.385600623000073 52.471562265000045)","Unfall 240855 (2023) Kat:3, Licht: 0","240855","3","7","5","06","08","2","","0","1","1","0","0"
"POINT (13.475425159000054 52.522968238000033)","Unfall 240856 (2023) Kat:2, Licht: 0","240856","2","6","2","06","14","5","","0","0","1","0","0"
"POINT (13.327927738000028 52.506159806000028)","Unfall 240857 (2023) Kat:3, Licht: 2","240857","3","7","5","06","22","2","","2","0","1","0","0"
"POINT (13.141496261000043 52.532266756000070)","Unfall 240858 (2023) Kat:3, Licht: 0","240858","3","6","2","06","20","3","","0","0","1","0","1"
"POINT (13.601283926000065 52.535958806000053)","Unfall 240859 (2023) Kat:2, Licht: 0","240859","2","1","0","06","20","2","","0","0","0","0","0"
"POINT (13.464428542000064 52.470239846000027)","Unfall 240860 (2023) Kat:3, Licht: 0","240860","3","2","5","06","18","2","","0","1","1","0","0"
"POINT (13.552207205000059 52.428164519000063)","Unfall 240861 (2023) Kat:3, Licht: 0","240861","3","6","3","06","18","2","","0","0","1","0","1"
"POINT (13.313909209000030 52.573309704000053)","Unfall 240862 (2023) Kat:3, Licht: 0","240862","3","5","1","06","17","2","","0","0","1","0","0"