WKT,Name,OBJECTID,UKATEGORIE,UTYP1,UART,UMONAT,USTUNDE,UWOCHENTAG,STRZUSTAND,ULICHTVERH,ISTRAD,ISTPKW,ISTFUSS,ISTKRAD
"POINT (13.592090388000031 52.546196820000034)","Unfall 240863 (2023) Kat:2, Licht: 0","240863","2","7","5","06","17","2","","0","0","1","0","0"
"POINT (13.449930374000076 52.445598849000078)","Unfall 240864 (2023) Kat:3, Licht: 0","240864","3","2","5","06","17","2","","0","0","1","0","0"
"POINT (13.418223788000034 52.517372347000048)","Unfall 240865 (2023) Kat:3, Licht: 0","240865","3","2","5","06","17","2","","0","1","1","0","0"
"POINT (13.561914964000039 52.535160825000048)","Unfall 240866 (2023) Kat:3, Licht: 0","240866","3","5","1","06","16","2","","0","1","1","0","0"
"POINT (13.520116168000072 52.426815853000051)","Unfall 240867 (2023) Kat:3, Licht: 0","240867","3","2","5","06","15","2","","0","1","1","0","0"
"POINT (13.284716883000044 52.479157770000029)","Unfall 240868 (2023) Kat:3, Licht: 0","240868","3","6","2","06","14","2","","0","0","1","0","0"
"POINT (13.306040878000033 52.419131929000059)","Unfall 240869 (2023) Kat:3, Licht: 0","240869","3","6","2","06","14","2","","0","0","1","0","0"
"POINT (13.309233970000037 52.489014829000041)","Unfall 240870 (2023) Kat:3, Licht: 0","240870","3","6","0","06","13","2","","0","0","1","0","0"
"POINT (13.504381557000045 52.446919735000051)","Unfall 240871 (2023) Kat:3, Licht: 0","240871","3","1","0","06","12","2","","0","0","0","0","1"
"POINT (13.421407569000053 52.499174246000052)","Unfall 240872 (2023) Kat:3, Licht: 0","240872","3","5","2","06","12","2","","0","0","0","0","1"
"POINT (13.365596254000025 52.503111426000032)","Unfall 240873 (2023) Kat:3, Licht: 0","240873","3","2","5","06","10","2","","0","1","0","0","0"
"POINT (13.334099273000049 52.601297423000062)","Unfall 240874 (2023) Kat:3, Licht: 0","240874","3","3","5","06","10","2","","0","1","0","0","0"
"POINT (13.368161318000034 52.550054800000055)","Unfall 240875 (2023) Kat:3, Licht: 0","240875","3","7","6","06","07","2","","0","0","0","1","1"
"POINT (13.277038278000077 52.426290411000082)","Unfall 240876 (2023) Kat:3, Licht: 0","240876","3","6","3","06","07","2","","0","0","1","0","1"
"POINT (13.428574048000030 52.472586786000079)","Unfall 240877 (2023) Kat:3, Licht: 0","240877","3","5","1","06","06","2","","0","1","1","0","0"
"POINT (13.536399802000062 52.459992613000054)","Unfall 240878 (2023) Kat:2, Licht: 0","240878","2","3","0","06","18","2","","0","0","1","0","1"
"POINT (13.334927746000062 52.524671018000049)","Unfall 240879 (2023) Kat:3, Licht: 0","240879","3","5","1","06","17","2","","0","1","1","0","0"
"POINT (13.268086131000075 52.409020424000062)","Unfall 240880 (2023) Kat:3, Licht: 0","240880","3","3","5","06","13","4","","0","0","1","0","1"
"POINT (13.559201532000031 52.547795413000074)","Unfall 240881 (2023) Kat:3, Licht: 0","240881","3","6","2","06","15","2","","0","0","1","0","0"
"POINT (13.313792747000036 52.506228442000065)","Unfall 240882 (2023) Kat:3, Licht: 0","240882","3","2","5","06","14","2","","0","1","0","0","1"
"POINT (13.433374123000021 52.505153222000047)","Unfall 240883 (2023) Kat:3, Licht: 0","240883","3","2","5","06","14","5","","0","0","1","0","1"
"POINT (13.416730695000069 52.519415869000056)","Unfall 240884 (2023) Kat:3, Licht: 0","240884","3","2","5","06","13","2","","0","1","1","0","0"
"POINT (13.439675211000065 52.481835012000033)","Unfall 240885 (2023) Kat:3, Licht: 0","240885","3","6","2","06","10","2","","0","0","1","0","0"
"POINT (13.400115077000066 52.531096588000082)","Unfall 240886 (2023) Kat:2, Licht: 0","240886","2","5","1","06","19","2","","0","0","1","0","1"
"POINT (13.426944030000072 52.564797848000069)","Unfall 240887 (2023) Kat:3, Licht: 0","240887","3","4","0","06","17","2","","0","1","0","1","0"
"POINT (13.443490366000049 52.464195626000048)","Unfall 240888 (2023) Kat:3, Licht: 0","240888","3","3","5","06","17","1","","0","1","1","0","0"
"POINT (13.473194874000058 52.434515833000034)","Unfall 240889 (2023) Kat:3, Licht: 0","240889","3","2","4","06","16","2","","0","1","1","0","0"
"POINT (13.302154452000025 52.458346221000056)","Unfall 240890 (2023) Kat:3, Licht: 0","240890","3","2","5","06","08","2","","0","1","1","0","1"
"POINT (13.173938634000024 52.533796431000042)","Unfall 240891 (2023) Kat:3, Licht: 0","240891","3","3","5","06","20","2","","0","0","0","0","1"
"POINT (13.333239310000067 52.544692902000065)","Unfall 240892 (2023) Kat:3, Licht: 0","240892","3","3","0","06","14","2","","0","1","1","0","0"
"POINT (13.331066074000034 52.495278580000047)","Unfall 240893 (2023) Kat:3, Licht: 0","240893","3","6","2","06","13","2","","0","0","1","0","0"
"POINT (13.343718895000052 52.471163820000072)","Unfall 240894 (2023) Kat:3, Licht: 0","240894","3","2","5","06","11","2","","0","0","0","0","1"
"POINT (13.301897573000076 52.488581635000060)","Unfall 240895 (2023) Kat:3, Licht: 0","240895","3","2","5","06","11","2","","0","1","1","0","0"
"POINT (13.428637255000069 52.551589329000080)","Unfall 240896 (2023) Kat:3, Licht: 0","240896","3","6","2","06","09","2","","0","0","1","0","0"
"POINT (13.410182396000039 52.481815265000080)","Unfall 240897 (2023) Kat:2, Licht: 0","240897","2","3","5","06","08","2","","0","1","1","0","0"
"POINT (13.390351347000035 52.585279516000071)","Unfall 240898 (2023) Kat:3, Licht: 0","240898","3","3","5","06","07","2","","0","1","1","0","0"
"POINT (13.294695545000025 52.501733102000060)","Unfall 240899 (2023) Kat:2, Licht: 2","240899","2","3","5","06","22","1","","2","0","1","0","0"
"POINT (13.347688533000053 52.615222568000036)","Unfall 240900 (2023) Kat:3, Licht: 0","240900","3","7","5","06","13","1","","0","0","1","0","1"
"POINT (13.558876734000023 52.455847233000043)","Unfall 240901 (2023) Kat:3, Licht: 1","240901","3","7","1","06","03","1","","1","0","1","0","0"
"POINT (13.455954076000069 52.511904563000030)","Unfall 240902 (2023) Kat:3, Licht: 2","240902","3","7","6","06","23","1","","2","0","0","0","0"
"POINT (13.574403096000026 52.448844247000068)","Unfall 240903 (2023) Kat:3, Licht: 0","240903","3","1","0","06","16","1","","0","1","0","0","0"
"POINT (13.260486084000036 52.489438285000062)","Unfall 240904 (2023) Kat:2, Licht: 0","240904","2","4","6","06","14","2","","0","1","0","1","0"
"POINT (13.391148430000044 52.536208922000071)","Unfall 240905 (2023) Kat:3, Licht: 0","240905","3","2","5","06","18","1","","0","1","1","0","0"
"POINT (13.410242534000076 52.557688556000073)","Unfall 240906 (2023) Kat:3, Licht: 0","240906","3","7","1","06","14","1","","0","1","1","0","0"
"POINT (13.415011250000077 52.553839527000036)","Unfall 240907 (2023) Kat:3, Licht: 0","240907","3","6","2","06","10","1","","0","0","1","0","0"
"POINT (13.361146174000055 52.523911162000047)","Unfall 240908 (2023) Kat:2, Licht: 0","240908","2","1","0","06","11","1","","0","1","0","0","0"
"POINT (13.345905812000069 52.478539268000077)","Unfall 240909 (2023) Kat:3, Licht: 0","240909","3","4","6","06","16","1","","0","1","0","1","0"
"POINT (13.447364077000032 52.476157920000048)","Unfall 240910 (2023) Kat:3, Licht: 0","240910","3","6","3","06","19","1","","0","1","1","0","0"
"POINT (13.403766425000072 52.511302194000052)","Unfall 240911 (2023) Kat:3, Licht: 0","240911","3","7","0","06","18","1","","0","0","1","0","0"
"POINT (13.438878338000052 52.448145274000069)","Unfall 240912 (2023) Kat:3, Licht: 0","240912","3","2","5","06","15","1","","0","0","1","0","1"
"POINT (13.467679366000027 52.546590306000041)","Unfall 240913 (2023) Kat:3, Licht: 0","240913","3","2","4","06","11","1","","0","1","1","0","0"
"POINT (13.198573507000049 52.476556340000059)","Unfall 240914 (2023) Kat:3, Licht: 0","240914","3","6","3","06","11","1","","0","1","0","0","0"
"POINT (13.475854526000035 52.640521945000046)","Unfall 240915 (2023) Kat:3, Licht: 0","240915","3","2","5","06","11","1","","0","0","1","0","1"
"POINT (13.519239278000043 52.562644193000040)","Unfall 240916 (2023) Kat:3, Licht: 2","240916","3","5","1","06","00","1","","2","0","1","0","0"
"POINT (13.357499868000048 52.535959391000063)","Unfall 240917 (2023) Kat:2, Licht: 2","240917","2","3","5","06","00","1","","2","0","1","0","0"
"POINT (13.379283483000052 52.507032714000047)","Unfall 240918 (2023) Kat:3, Licht: 0","240918","3","3","0","06","16","3","","0","1","1","0","0"
"POINT (13.587351431000059 52.468787887000076)","Unfall 240919 (2023) Kat:2, Licht: 2","240919","2","1","9","06","00","1","","2","0","1","0","0"
"POINT (13.268292152000072 52.509007186000076)","Unfall 240920 (2023) Kat:3, Licht: 2","240920","3","6","3","06","00","1","","2","1","0","0","0"
"POINT (13.435999788000061 52.556466805000071)","Unfall 240921 (2023) Kat:3, Licht: 1","240921","3","3","5","06","21","1","","1","1","1","0","0"
"POINT (13.400079595000022 52.529571585000042)","Unfall 240922 (2023) Kat:3, Licht: 0","240922","3","1","0","06","18","1","","0","0","0","0","0"
"POINT (13.338829685000064 52.454061781000064)","Unfall 240923 (2023) Kat:3, Licht: 0","240923","3","1","2","06","18","1","","0","0","1","0","1"
"POINT (13.378497093000021 52.467091075000042)","Unfall 240924 (2023) Kat:2, Licht: 0","240924","2","3","5","06","15","1","","0","0","1","0","0"
"POINT (13.381448869000053 52.440559846000042)","Unfall 240925 (2023) Kat:3, Licht: 0","240925","3","6","2","06","15","1","","0","0","1","0","0"
"POINT (13.122065493000036 52.453224454000065)","Unfall 240926 (2023) Kat:3, Licht: 0","240926","3","3","5","06","20","1","","0","1","1","0","0"
"POINT (13.309520497000051 52.492060712000068)","Unfall 240927 (2023) Kat:3, Licht: 0","240927","3","2","5","06","15","1","","0","0","1","0","0"
"POINT (13.418084152000063 52.515654960000063)","Unfall 240928 (2023) Kat:2, Licht: 0","240928","2","2","5","06","13","1","","0","1","1","0","0"
"POINT (13.317693664000046 52.461115336000034)","Unfall 240929 (2023) Kat:3, Licht: 0","240929","3","2","4","06","12","1","","0","1","1","0","0"
"POINT (13.441222885000059 52.479140030000053)","Unfall 240930 (2023) Kat:3, Licht: 0","240930","3","2","2","06","12","1","","0","1","1","0","0"
"POINT (13.232007054000064 52.544025130000080)","Unfall 240931 (2023) Kat:3, Licht: 0","240931","3","1","1","06","11","1","","0","0","1","0","0"
"POINT (13.604021826000064 52.450619994000078)","Unfall 240932 (2023) Kat:2, Licht: 0","240932","2","3","5","06","15","7","","0","1","0","0","0"
"POINT (13.349717711000039 52.503070758000035)","Unfall 240933 (2023) Kat:3, Licht: 0","240933","3","2","5","06","09","1","","0","0","1","0","0"
"POINT (13.445921631000033 52.494065261000060)","Unfall 240934 (2023) Kat:3, Licht: 2","240934","3","1","1","06","02","1","","2","1","1","0","0"
"POINT (13.405276535000041 52.505128782000043)","Unfall 240935 (2023) Kat:3, Licht: 2","240935","3","2","5","06","00","1","","2","0","1","0","0"
"POINT (13.325165430000027 52.465547398000069)","Unfall 240936 (2023) Kat:3, Licht: 0","240936","3","5","0","06","12","7","","0","1","1","0","0"
"POINT (13.438997532000030 52.494995701000050)","Unfall 240937 (2023) Kat:3, Licht: 0","240937","3","3","5","06","11","7","","0","1","1","0","0"
"POINT (13.422186139000075 52.538502430000051)","Unfall 240938 (2023) Kat:3, Licht: 2","240938","3","5","1","06","22","7","","2","1","1","0","0"
"POINT (13.390046714000050 52.509501894000039)","Unfall 240939 (2023) Kat:3, Licht: 2","240939","3","3","5","06","23","7","","2","1","1","0","0"
"POINT (13.436695589000067 52.480038330000070)","Unfall 240940 (2023) Kat:3, Licht: 0","240940","3","2","5","06","18","7","","0","1","0","0","0"
"POINT (13.294555562000028 52.426934477000032)","Unfall 240941 (2023) Kat:3, Licht: 0","240941","3","3","5","06","17","7","","0","0","1","0","1"
"POINT (13.466512603000069 52.502149630000076)","Unfall 240942 (2023) Kat:3, Licht: 0","240942","3","5","1","06","17","7","","0","1","1","0","0"
"POINT (13.339150587000063 52.465332931000034)","Unfall 240943 (2023) Kat:3, Licht: 0","240943","3","2","5","06","16","7","","0","1","1","0","0"
"POINT (13.486582758000054 52.502390083000080)","Unfall 240944 (2023) Kat:3, Licht: 0","240944","3","2","5","06","15","7","","0","1","1","0","0"
"POINT (13.280256537000071 52.518325020000077)","Unfall 240945 (2023) Kat:3, Licht: 0","240945","3","2","5","06","15","7","","0","0","0","0","1"
"POINT (13.370211433000065 52.470703547000028)","Unfall 240946 (2023) Kat:3, Licht: 0","240946","3","2","5","06","15","7","","0","0","1","0","0"
"POINT (13.143844326000021 52.409919084000080)","Unfall 240947 (2023) Kat:3, Licht: 0","240947","3","3","5","06","12","7","","0","1","0","0","1"
"POINT (13.453600728000026 52.427415369000073)","Unfall 240948 (2023) Kat:3, Licht: 0","240948","3","7","5","06","12","7","","0","0","1","0","0"
"POINT (13.364665859000070 52.562719172000072)","Unfall 240949 (2023) Kat:3, Licht: 0","240949","3","2","5","06","12","7","","0","0","1","0","0"
"POINT (13.239128109000035 52.543573416000072)","Unfall 240950 (2023) Kat:3, Licht: 0","240950","3","5","1","06","12","7","","0","1","1","0","0"
"POINT (13.338944386000037 52.464464498000041)","Unfall 240951 (2023) Kat:3, Licht: 0","240951","3","2","6","06","08","7","","0","0","1","1","0"
"POINT (13.408818768000060 52.512002145000054)","Unfall 240952 (2023) Kat:3, Licht: 0","240952","3","7","0","06","06","7","","0","0","0","0","0"
"POINT (13.305698148000033 52.525720006000029)","Unfall 240953 (2023) Kat:3, Licht: 2","240953","3","6","3","06","01","7","","2","1","1","0","0"
"POINT (13.439546782000036 52.473669090000044)","Unfall 240954 (2023) Kat:3, Licht: 0","240954","3","5","1","06","15","7","","0","1","1","0","0"
"POINT (13.373517242000048 52.564303872000039)","Unfall 240955 (2023) Kat:2, Licht: 2","240955","2","2","5","06","22","7","","2","0","1","0","0"
"POINT (13.151921809000044 52.415096833000064)","Unfall 240956 (2023) Kat:3, Licht: 0","240956","3","3","5","06","20","7","","0","0","1","0","1"
"POINT (13.307173129000034 52.500045848000070)","Unfall 240957 (2023) Kat:2, Licht: 0","240957","2","3","5","06","17","7","","0","0","1","0","1"
"POINT (13.248847653000041 52.438715054000056)","Unfall 240958 (2023) Kat:2, Licht: 0","240958","2","2","5","06","15","7","","0","0","1","0","1"
"POINT (13.476298066000027 52.533133760000055)","Unfall 240959 (2023) Kat:3, Licht: 0","240959","3","2","5","06","15","7","","0","1","1","0","0"
"POINT (13.334676466000076 52.496029944000043)","Unfall 240960 (2023) Kat:3, Licht: 0","240960","3","3","5","06","14","7","","0","1","1","0","0"
"POINT (13.440515458000050 52.499466899000026)","Unfall 240961 (2023) Kat:3, Licht: 0","240961","3","1","0","06","12","7","","0","0","0","0","1"
"POINT (13.344193535000045 52.438311313000042)","Unfall 240962 (2023) Kat:3, Licht: 1","240962","3","6","4","06","13","7","","1","0","1","0","0"
"POINT (13.479502116000049 52.520431184000074)","Unfall 240963 (2023) Kat:3, Licht: 2","240963","3","4","6","06","03","7","","2","0","1","1","0"
"POINT (13.346161638000069 52.597316357000068)","Unfall 240964 (2023) Kat:3, Licht: 2","240964","3","5","1","06","03","7","","2","0","1","0","0"
"POINT (13.614978843000074 52.539495112000054)","Unfall 240965 (2023) Kat:3, Licht: 0","240965","3","2","6","06","17","6","","0","1","0","1","0"
"POINT (13.369435194000062 52.485070235000080)","Unfall 240966 (2023) Kat:3, Licht: 0","240966","3","3","5","06","19","6","","0","1","0","0","0"
"POINT (13.451244820000056 52.490872948000060)","Unfall 240967 (2023) Kat:3, Licht: 0","240967","3","5","1","06","15","6","","0","1","1","0","0"
"POINT (13.407785452000041 52.536721405000037)","Unfall 240968 (2023) Kat:2, Licht: 0","240968","2","1","0","06","20","6","","0","1","0","0","0"
"POINT (13.455851965000022 52.473844141000029)","Unfall 240969 (2023) Kat:3, Licht: 0","240969","3","2","0","06","18","6","","0","0","1","0","0"
"POINT (13.384544339000058 52.556170481000038)","Unfall 240970 (2023) Kat:3, Licht: 0","240970","3","1","0","06","18","6","","0","0","0","0","1"
"POINT (13.346432094000022 52.450045574000058)","Unfall 240971 (2023) Kat:3, Licht: 0","240971","3","2","5","06","17","6","","0","0","0","0","1"
"POINT (13.246656315000052 52.538114750000034)","Unfall 240972 (2023) Kat:3, Licht: 0","240972","3","2","5","06","16","6","","0","1","1","0","0"
"POINT (13.199206739000033 52.533822769000039)","Unfall 240973 (2023) Kat:3, Licht: 0","240973","3","6","2","06","16","6","","0","0","1","0","0"
"POINT (13.325099427000055 52.428101408000032)","Unfall 240974 (2023) Kat:3, Licht: 0","240974","3","2","5","06","14","6","","0","1","0","0","0"
"POINT (13.416468060000057 52.451622627000063)","Unfall 240975 (2023) Kat:3, Licht: 0","240975","3","6","0","06","12","6","","0","0","1","0","1"
"POINT (13.290988285000026 52.514082838000036)","Unfall 240976 (2023) Kat:3, Licht: 0","240976","3","5","1","06","11","6","","0","1","1","0","0"
"POINT (13.349813336000068 52.500316062000081)","Unfall 240977 (2023) Kat:3, Licht: 0","240977","3","2","6","06","11","6","","0","0","1","1","0"
"POINT (13.278496100000041 52.575721916000077)","Unfall 240978 (2023) Kat:3, Licht: 0","240978","3","6","2","06","08","6","","0","0","0","0","0"
"POINT (13.379958995000038 52.571843596000065)","Unfall 240979 (2023) Kat:2, Licht: 0","240979","2","4","6","06","07","6","","0","0","1","1","0"
"POINT (13.349749113000030 52.503263736000065)","Unfall 240980 (2023) Kat:3, Licht: 0","240980","3","6","2","06","06","6","","0","0","1","0","0"
"POINT (13.444197037000038 52.552723589000038)","Unfall 240981 (2023) Kat:3, Licht: 0","240981","3","3","5","06","17","6","","0","0","1","0","1"
"POINT (13.297489294000059 52.526512883000066)","Unfall 240982 (2023) Kat:3, Licht: 0","240982","3","2","5","06","17","6","","0","1","0","0","0"
"POINT (13.432571110000026 52.557720814000049)","Unfall 240983 (2023) Kat:3, Licht: 2","240983","3","3","5","06","22","6","","2","1","0","0","1"
"POINT (13.444277937000038 52.557894805000046)","Unfall 240984 (2023) Kat:3, Licht: 2","240984","3","3","5","06","22","6","","2","1","1","0","0"
"POINT (13.416325351000069 52.510817606000046)","Unfall 240985 (2023) Kat:3, Licht: 0","240985","3","6","2","06","19","6","","0","1","0","0","0"
"POINT (13.343403950000038 52.434920856000076)","Unfall 240986 (2023) Kat:3, Licht: 0","240986","3","6","3","06","18","6","","0","0","1","0","0"
"POINT (13.349307524000039 52.503356063000069)","Unfall 240987 (2023) Kat:3, Licht: 1","240987","3","1","8","06","20","4","","1","0","1","0","0"
"POINT (13.266809386000034 52.514271145000066)","Unfall 240988 (2023) Kat:3, Licht: 0","240988","3","6","3","06","18","6","","0","0","1","0","0"
"POINT (13.377963449000049 52.473375152000074)","Unfall 240989 (2023) Kat:3, Licht: 0","240989","3","6","3","06","18","6","","0","0","1","0","0"
"POINT (13.322568765000028 52.513128810000069)","Unfall 240990 (2023) Kat:3, Licht: 0","240990","3","2","3","06","16","6","","0","0","1","0","1"
"POINT (13.457866319000061 52.512757329000067)","Unfall 240991 (2023) Kat:3, Licht: 0","240991","3","2","6","06","15","6","","0","0","1","1","0"
"POINT (13.384204445000023 52.556037389000039)","Unfall 240992 (2023) Kat:3, Licht: 0","240992","3","2","5","06","07","5","","0","1","0","0","0"
"POINT (13.415606149000041 52.553776456000037)","Unfall 240993 (2023) Kat:3, Licht: 0","240993","3","6","2","06","14","6","","0","0","1","0","0"
"POINT (13.476193559000023 52.455809183000042)","Unfall 240994 (2023) Kat:3, Licht: 0","240994","3","6","2","06","11","6","","0","0","1","0","0"
"POINT (13.395757557000024 52.454247343000077)","Unfall 240995 (2023) Kat:3, Licht: 0","240995","3","3","5","06","09","6","","0","0","1","0","0"
"POINT (13.429099118000067 52.471568355000045)","Unfall 240996 (2023) Kat:3, Licht: 2","240996","3","5","5","06","00","6","","2","0","1","0","0"
"POINT (13.376957605000030 52.560758240000041)","Unfall 240997 (2023) Kat:3, Licht: 1","240997","3","7","5","06","20","6","","1","0","1","0","0"
"POINT (13.328364980000060 52.466116824000039)","Unfall 240998 (2023) Kat:3, Licht: 0","240998","3","6","4","06","18","2","","0","1","0","0","0"
"POINT (13.424861967000027 52.547040352000067)","Unfall 240999 (2023) Kat:3, Licht: 0","240999","3","2","5","06","17","6","","0","1","1","0","0"
"POINT (13.229361939000057 52.426495065000040)","Unfall 241000 (2023) Kat:3, Licht: 0","241000","3","2","5","06","14","6","","0","1","0","0","0"
"POINT (13.345049060000065 52.486849951000067)","Unfall 241001 (2023) Kat:3, Licht: 0","241001","3","2","5","06","09","6","","0","0","1","0","1"
"POINT (13.430383027000062 52.487855979000074)","Unfall 241002 (2023) Kat:3, Licht: 2","241002","3","5","1","06","00","6","","2","1","0","0","0"
"POINT (13.344828657000050 52.545506344000046)","Unfall 241003 (2023) Kat:2, Licht: 0","241003","2","1","0","06","14","6","","0","1","0","0","0"
"POINT (13.408276863000026 52.551153432000035)","Unfall 241004 (2023) Kat:3, Licht: 0","241004","3","2","5","06","20","6","","0","1","1","0","0"
"POINT (13.417762624000034 52.506601727000032)","Unfall 241005 (2023) Kat:3, Licht: 0","241005","3","3","5","06","19","6","","0","0","0","0","1"
"POINT (13.501291410000022 52.638323805000027)","Unfall 241006 (2023) Kat:3, Licht: 0","241006","3","4","6","06","18","6","","0","0","1","1","0"
"POINT (13.592572514000040 52.547513705000028)","Unfall 241007 (2023) Kat:3, Licht: 0","241007","3","3","5","06","17","6","","0","1","1","0","0"
"POINT (13.503155942000035 52.629639180000026)","Unfall 241008 (2023) Kat:2, Licht: 0","241008","2","4","6","06","17","6","","0","0","1","1","0"
"POINT (13.197814791000042 52.520982936000053)","Unfall 241009 (2023) Kat:3, Licht: 0","241009","3","4","6","06","15","6","","0","0","1","1","0"
"POINT (13.435022447000051 52.431969827000046)","Unfall 241010 (2023) Kat:3, Licht: 0","241010","3","6","3","06","15","6","","0","0","1","0","1"
"POINT (13.321549958000048 52.435685806000038)","Unfall 241011 (2023) Kat:3, Licht: 0","241011","3","2","6","06","15","6","","0","0","1","1","0"
"POINT (13.548149942000066 52.473824221000029)","Unfall 241012 (2023) Kat:3, Licht: 0","241012","3","7","4","06","15","6","","0","1","1","0","0"
"POINT (13.205524943000057 52.541769343000055)","Unfall 241013 (2023) Kat:3, Licht: 0","241013","3","3","0","06","14","6","","0","0","1","0","0"
"POINT (13.383287758000051 52.493476716000032)","Unfall 241014 (2023) Kat:3, Licht: 0","241014","3","2","5","06","13","6","","0","1","0","0","0"
"POINT (13.370859504000066 52.526916984000081)","Unfall 241015 (2023) Kat:3, Licht: 0","241015","3","5","1","06","09","6","","0","1","1","0","0"
"POINT (13.345216064000056 52.581315960000040)","Unfall 241016 (2023) Kat:2, Licht: 0","241016","2","2","5","06","07","6","","0","1","1","0","0"
"POINT (13.498140724000052 52.412582935000046)","Unfall 241017 (2023) Kat:3, Licht: 0","241017","3","3","5","06","20","5","","0","1","1","0","0"
"POINT (13.300174939000044 52.515353360000063)","Unfall 241018 (2023) Kat:3, Licht: 0","241018","3","7","6","06","16","5","","0","0","0","1","0"
"POINT (13.324154312000076 52.569907642000032)","Unfall 241019 (2023) Kat:3, Licht: 0","241019","3","6","4","06","17","5","","0","1","1","0","0"
"POINT (13.129698940000026 52.528741332000038)","Unfall 241020 (2023) Kat:3, Licht: 0","241020","3","3","5","06","10","6","","0","1","1","0","0"
"POINT (13.477420972000061 52.526560083000049)","Unfall 241021 (2023) Kat:3, Licht: 0","241021","3","3","5","06","15","5","","0","0","1","0","0"
"POINT (13.302065924000033 52.505338733000031)","Unfall 241022 (2023) Kat:3, Licht: 0","241022","3","4","6","06","14","5","","0","0","0","1","0"
"POINT (13.341755040000066 52.416001148000078)","Unfall 241023 (2023) Kat:3, Licht: 0","241023","3","3","5","06","18","5","","0","0","1","0","0"
"POINT (13.328115509000042 52.564157928000043)","Unfall 241024 (2023) Kat:3, Licht: 0","241024","3","4","6","06","20","1","","0","0","1","1","0"
"POINT (13.435985062000043 52.556395738000049)","Unfall 241025 (2023) Kat:2, Licht: 0","241025","2","3","5","06","18","5","","0","0","1","0","1"
"POINT (13.391787199000078 52.522982854000077)","Unfall 241026 (2023) Kat:3, Licht: 0","241026","3","4","6","06","19","5","","0","1","0","1","0"
"POINT (13.396835165000027 52.507108721000066)","Unfall 241027 (2023) Kat:3, Licht: 0","241027","3","2","5","06","17","5","","0","1","1","0","0"
"POINT (13.390790642000070 52.545116774000064)","Unfall 241028 (2023) Kat:3, Licht: 0","241028","3","6","2","06","16","5","","0","0","1","0","1"
"POINT (13.384773772000074 52.460845256000027)","Unfall 241029 (2023) Kat:3, Licht: 0","241029","3","6","3","06","16","5","","0","0","1","0","0"
"POINT (13.362224158000060 52.544769186000053)","Unfall 241030 (2023) Kat:3, Licht: 0","241030","3","2","2","06","15","5","","0","0","1","0","0"
"POINT (13.606310285000063 52.489098182000077)","Unfall 241031 (2023) Kat:3, Licht: 0","241031","3","6","4","06","14","5","","0","1","0","0","0"
"POINT (13.470378975000074 52.506278793000035)","Unfall 241032 (2023) Kat:3, Licht: 0","241032","3","3","5","06","14","5","","0","0","1","0","0"
"POINT (13.449180751000029 52.549053821000030)","Unfall 241033 (2023) Kat:3, Licht: 0","241033","3","5","1","06","14","5","","0","0","1","0","0"
"POINT (13.381763546000059 52.396942910000064)","Unfall 241034 (2023) Kat:3, Licht: 0","241034","3","2","5","06","13","5","","0","1","0","0","0"
"POINT (13.360520622000024 52.596888066000076)","Unfall 241035 (2023) Kat:3, Licht: 0","241035","3","2","5","06","11","5","","0","0","1","0","1"
"POINT (13.329254924000054 52.567700157000047)","Unfall 241036 (2023) Kat:3, Licht: 0","241036","3","3","0","06","11","5","","0","0","1","0","0"
"POINT (13.323333054000045 52.560769708000066)","Unfall 241037 (2023) Kat:3, Licht: 0","241037","3","6","2","06","11","5","","0","0","1","0","0"
"POINT (13.450014774000067 52.445728222000071)","Unfall 241038 (2023) Kat:3, Licht: 0","241038","3","2","5","06","11","5","","0","0","1","0","0"
"POINT (13.414640415000065 52.566309619000037)","Unfall 241039 (2023) Kat:3, Licht: 0","241039","3","5","1","06","06","5","","0","1","1","0","0"
"POINT (13.333079490000046 52.561095098000067)","Unfall 241040 (2023) Kat:2, Licht: 0","241040","2","6","3","06","09","6","","0","0","1","0","0"
"POINT (13.364522571000066 52.499483003000080)","Unfall 241041 (2023) Kat:3, Licht: 0","241041","3","3","5","06","10","5","","0","1","1","0","0"
"POINT (13.296281360000023 52.502127726000026)","Unfall 241042 (2023) Kat:3, Licht: 2","241042","3","2","5","06","23","5","","2","1","1","0","0"
"POINT (13.395542118000037 52.432339809000041)","Unfall 241043 (2023) Kat:3, Licht: 0","241043","3","3","5","06","20","7","","0","1","1","0","0"
"POINT (13.401372109000022 52.529856825000081)","Unfall 241044 (2023) Kat:3, Licht: 0","241044","3","2","4","06","17","5","","0","1","0","0","0"
"POINT (13.458270875000039 52.433284831000037)","Unfall 241045 (2023) Kat:3, Licht: 0","241045","3","2","3","06","17","5","","0","1","1","0","0"
"POINT (13.541580705000058 52.435311962000071)","Unfall 241046 (2023) Kat:3, Licht: 0","241046","3","3","5","06","16","5","","0","1","1","0","0"
"POINT (13.229895615000032 52.429681845000061)","Unfall 241047 (2023) Kat:3, Licht: 0","241047","3","3","5","06","08","7","","0","1","1","0","0"
"POINT (13.575902665000058 52.491162704000033)","Unfall 241048 (2023) Kat:3, Licht: 0","241048","3","2","5","06","15","5","","0","0","1","0","1"
"POINT (13.328032168000050 52.564337661000081)","Unfall 241049 (2023) Kat:3, Licht: 0","241049","3","6","2","06","14","5","","0","0","1","0","0"