WKT,Name,OBJECTID,UKATEGORIE,UTYP1,UART,UMONAT,USTUNDE,UWOCHENTAG,STRZUSTAND,ULICHTVERH,ISTRAD,ISTPKW,ISTFUSS,ISTKRAD
"POINT (13.318728300000032 52.528499020000027)","Unfall 241050 (2023) Kat:3, Licht: 0","241050","3","7","5","06","10","5","","0","1","1","0","0"
"POINT (13.280482547000076 52.518337546000055)","Unfall 241051 (2023) Kat:3, Licht: 0","241051","3","2","0","06","11","2","","0","0","0","1","0"
"POINT (13.327209742000036 52.563588034000077)","Unfall 241052 (2023) Kat:3, Licht: 0","241052","3","6","0","06","10","5","","0","0","0","0","0"
"POINT (13.402073798000060 52.602851302000033)","Unfall 241053 (2023) Kat:2, Licht: 0","241053","2","3","5","06","08","5","","0","1","1","0","0"
"POINT (13.286659117000056 52.586675900000046)","Unfall 241054 (2023) Kat:2, Licht: 2","241054","2","1","9","06","23","5","","2","0","1","0","0"
"POINT (13.261960368000075 52.501146840000047)","Unfall 241055 (2023) Kat:3, Licht: 0","241055","3","3","5","06","18","5","","0","1","1","0","0"
"POINT (13.219920951000063 52.510069892000047)","Unfall 241056 (2023) Kat:3, Licht: 0","241056","3","6","4","06","14","1","","0","1","1","0","0"
"POINT (13.566922304000059 52.445011223000051)","Unfall 241057 (2023) Kat:3, Licht: 0","241057","3","7","0","06","17","5","","0","1","0","0","0"
"POINT (13.229134614000031 52.528127469000026)","Unfall 241058 (2023) Kat:3, Licht: 0","241058","3","6","2","06","17","5","","0","0","1","0","1"
"POINT (13.385526540000058 52.471561835000045)","Unfall 241059 (2023) Kat:3, Licht: 0","241059","3","2","5","06","17","5","","0","1","1","0","0"
"POINT (13.181851573000074 52.487262831000066)","Unfall 241060 (2023) Kat:3, Licht: 0","241060","3","7","5","06","17","5","","0","0","1","0","0"
"POINT (13.402667748000056 52.503687564000074)","Unfall 241061 (2023) Kat:3, Licht: 0","241061","3","5","5","06","16","5","","0","1","1","0","0"
"POINT (13.487702432000049 52.539059960000031)","Unfall 241062 (2023) Kat:3, Licht: 0","241062","3","3","5","06","15","5","","0","1","1","0","0"
"POINT (13.395433962000027 52.424392658000045)","Unfall 241063 (2023) Kat:3, Licht: 0","241063","3","2","5","06","16","5","","0","0","1","0","1"
"POINT (13.333854497000061 52.540898683000080)","Unfall 241064 (2023) Kat:3, Licht: 2","241064","3","1","0","06","21","5","","2","0","0","0","1"
"POINT (13.327520997000022 52.486676293000073)","Unfall 241065 (2023) Kat:3, Licht: 0","241065","3","1","9","06","15","5","","0","0","1","0","0"
"POINT (13.391075710000052 52.563310515000069)","Unfall 241066 (2023) Kat:3, Licht: 0","241066","3","3","5","06","15","5","","0","1","0","0","0"
"POINT (13.277428783000062 52.535166077000042)","Unfall 241067 (2023) Kat:3, Licht: 0","241067","3","6","2","06","09","5","","0","0","1","0","0"
"POINT (13.466577401000052 52.460570341000050)","Unfall 241068 (2023) Kat:3, Licht: 0","241068","3","2","2","06","14","5","","0","0","1","0","0"
"POINT (13.454171772000052 52.493967755000028)","Unfall 241069 (2023) Kat:3, Licht: 0","241069","3","2","2","06","13","5","","0","1","0","0","0"
"POINT (13.386523835000048 52.421257747000027)","Unfall 241070 (2023) Kat:3, Licht: 0","241070","3","5","1","06","12","5","","0","0","1","0","0"
"POINT (13.409449516000052 52.528871331000062)","Unfall 241071 (2023) Kat:3, Licht: 0","241071","3","2","5","06","08","5","","0","1","1","0","0"
"POINT (13.176351153000041 52.543771434000064)","Unfall 241072 (2023) Kat:3, Licht: 0","241072","3","2","4","06","07","5","","0","0","1","0","0"
"POINT (13.500537111000028 52.638949267000044)","Unfall 241073 (2023) Kat:3, Licht: 0","241073","3","6","2","06","16","3","","0","0","1","0","0"
"POINT (13.393373896000071 52.457907996000074)","Unfall 241074 (2023) Kat:3, Licht: 0","241074","3","2","5","06","07","5","","0","1","0","0","0"
"POINT (13.592877680000072 52.426428497000074)","Unfall 241075 (2023) Kat:3, Licht: 0","241075","3","2","5","06","07","5","","0","1","1","0","0"
"POINT (13.363110682000070 52.476080978000027)","Unfall 241076 (2023) Kat:3, Licht: 0","241076","3","2","5","06","08","5","","0","0","1","0","1"
"POINT (13.214960522000069 52.439205328000071)","Unfall 241077 (2023) Kat:3, Licht: 0","241077","3","5","1","06","07","5","","0","1","1","0","0"
"POINT (13.332566201000077 52.455910687000028)","Unfall 241078 (2023) Kat:3, Licht: 0","241078","3","2","5","06","18","5","","0","1","1","0","0"
"POINT (13.477296167000077 52.409754954000050)","Unfall 241079 (2023) Kat:3, Licht: 0","241079","3","1","0","06","20","5","","0","0","1","0","0"
"POINT (13.435465883000063 52.521707018000029)","Unfall 241080 (2023) Kat:3, Licht: 0","241080","3","2","6","06","15","5","","0","0","1","1","0"
"POINT (13.490441846000067 52.418994439000073)","Unfall 241081 (2023) Kat:3, Licht: 0","241081","3","6","3","06","14","5","","0","1","1","0","0"
"POINT (13.329472774000067 52.568298568000046)","Unfall 241082 (2023) Kat:3, Licht: 0","241082","3","6","3","06","14","5","","0","0","1","0","0"
"POINT (13.308390298000063 52.442850286000066)","Unfall 241083 (2023) Kat:3, Licht: 0","241083","3","7","0","06","13","5","","0","0","0","0","1"
"POINT (13.318463564000069 52.432468245000052)","Unfall 241084 (2023) Kat:3, Licht: 0","241084","3","2","5","06","12","5","","0","1","0","0","0"
"POINT (13.510349837000035 52.498182388000032)","Unfall 241085 (2023) Kat:3, Licht: 0","241085","3","3","5","06","09","5","","0","0","1","0","0"
"POINT (13.455606761000070 52.510026541000059)","Unfall 241086 (2023) Kat:2, Licht: 2","241086","2","1","4","05","23","4","","2","1","0","0","0"
"POINT (13.374250642000050 52.527949340000077)","Unfall 241087 (2023) Kat:3, Licht: 0","241087","3","7","0","05","18","4","","0","0","1","0","0"
"POINT (13.475238933000071 52.475752559000057)","Unfall 241088 (2023) Kat:3, Licht: 0","241088","3","2","5","06","14","2","","0","0","1","0","1"
"POINT (13.290147321000063 52.470404266000060)","Unfall 241089 (2023) Kat:3, Licht: 0","241089","3","2","2","05","08","4","","0","0","1","0","1"
"POINT (13.344012370000030 52.546222875000069)","Unfall 241090 (2023) Kat:3, Licht: 0","241090","3","2","5","05","13","4","","0","0","1","0","0"
"POINT (13.322260864000043 52.502118894000034)","Unfall 241091 (2023) Kat:2, Licht: 2","241091","2","7","0","05","23","4","","2","1","0","0","0"
"POINT (13.271866706000026 52.536953981000067)","Unfall 241092 (2023) Kat:3, Licht: 0","241092","3","3","5","06","12","7","","0","0","1","0","1"
"POINT (13.471781719000035 52.507801525000048)","Unfall 241093 (2023) Kat:3, Licht: 0","241093","3","2","5","05","16","4","","0","1","1","0","0"
"POINT (13.330456395000056 52.527392487000043)","Unfall 241094 (2023) Kat:3, Licht: 0","241094","3","3","5","05","20","4","","0","0","1","0","0"
"POINT (13.294806038000047 52.591699351000045)","Unfall 241095 (2023) Kat:3, Licht: 0","241095","3","3","5","05","19","4","","0","0","1","0","0"
"POINT (13.383832952000034 52.555014685000060)","Unfall 241096 (2023) Kat:3, Licht: 0","241096","3","3","5","05","19","4","","0","1","1","0","0"
"POINT (13.666488608000066 52.409740867000039)","Unfall 241097 (2023) Kat:3, Licht: 0","241097","3","2","5","05","19","4","","0","1","1","0","0"
"POINT (13.389764148000040 52.574295169000038)","Unfall 241098 (2023) Kat:3, Licht: 0","241098","3","3","5","06","20","2","","0","1","0","0","0"
"POINT (13.328848034000032 52.471446964000052)","Unfall 241099 (2023) Kat:3, Licht: 0","241099","3","2","5","05","18","4","","0","1","1","0","0"
"POINT (13.430419953000069 52.499210051000034)","Unfall 241100 (2023) Kat:3, Licht: 0","241100","3","3","5","05","16","4","","0","1","1","0","0"
"POINT (13.441298194000069 52.568614402000037)","Unfall 241101 (2023) Kat:3, Licht: 0","241101","3","3","5","05","16","4","","0","0","1","0","1"
"POINT (13.433705581000027 52.549601342000074)","Unfall 241102 (2023) Kat:3, Licht: 0","241102","3","2","5","05","14","4","","0","1","1","0","0"
"POINT (13.427637511000057 52.567990484000063)","Unfall 241103 (2023) Kat:3, Licht: 0","241103","3","2","5","05","17","4","","0","1","1","0","0"
"POINT (13.329982920000077 52.523784718000059)","Unfall 241104 (2023) Kat:3, Licht: 0","241104","3","2","5","05","14","4","","0","1","1","0","0"
"POINT (13.470710654000072 52.506630346000065)","Unfall 241105 (2023) Kat:3, Licht: 0","241105","3","5","1","05","13","4","","0","1","1","0","0"
"POINT (13.349896949000026 52.500909064000041)","Unfall 241106 (2023) Kat:2, Licht: 0","241106","2","4","6","05","10","4","","0","1","0","1","0"
"POINT (13.284206848000053 52.485299194000049)","Unfall 241107 (2023) Kat:3, Licht: 0","241107","3","3","5","05","10","4","","0","1","1","0","0"
"POINT (13.315282190000062 52.514737845000070)","Unfall 241108 (2023) Kat:3, Licht: 0","241108","3","2","5","05","15","4","","0","1","1","0","0"
"POINT (13.535161464000055 52.432305412000062)","Unfall 241109 (2023) Kat:3, Licht: 0","241109","3","2","5","05","09","4","","0","0","1","0","0"
"POINT (13.344957979000071 52.486790672000041)","Unfall 241110 (2023) Kat:3, Licht: 0","241110","3","2","5","05","14","4","","0","1","1","0","0"
"POINT (13.244956411000032 52.614369866000061)","Unfall 241111 (2023) Kat:3, Licht: 0","241111","3","2","5","05","11","4","","0","1","1","0","0"
"POINT (13.571490023000024 52.546350075000078)","Unfall 241112 (2023) Kat:3, Licht: 0","241112","3","3","5","05","10","4","","0","1","1","0","0"
"POINT (13.345029245000035 52.554314052000052)","Unfall 241113 (2023) Kat:3, Licht: 0","241113","3","2","5","05","10","4","","0","0","1","0","0"
"POINT (13.309438516000057 52.492012209000052)","Unfall 241114 (2023) Kat:3, Licht: 0","241114","3","2","5","05","08","4","","0","1","1","0","0"
"POINT (13.403785508000055 52.526033474000030)","Unfall 241115 (2023) Kat:3, Licht: 0","241115","3","3","5","05","08","4","","0","1","0","0","0"
"POINT (13.376370094000038 52.480043837000039)","Unfall 241116 (2023) Kat:3, Licht: 0","241116","3","5","1","05","08","4","","0","1","1","0","0"
"POINT (13.435040776000051 52.508442554000055)","Unfall 241117 (2023) Kat:3, Licht: 0","241117","3","3","5","06","19","3","","0","1","0","0","0"
"POINT (13.405540996000070 52.534454480000079)","Unfall 241118 (2023) Kat:3, Licht: 0","241118","3","1","0","05","08","4","","0","1","0","0","0"
"POINT (13.421197324000048 52.509825934000048)","Unfall 241119 (2023) Kat:2, Licht: 0","241119","2","2","5","05","08","4","","0","1","1","0","0"
"POINT (13.320874188000062 52.464517734000026)","Unfall 241120 (2023) Kat:3, Licht: 0","241120","3","5","1","05","07","4","","0","1","1","0","0"
"POINT (13.538359514000035 52.554372707000027)","Unfall 241121 (2023) Kat:3, Licht: 0","241121","3","1","8","05","07","4","","0","0","0","0","0"
"POINT (13.317416695000077 52.579963739000050)","Unfall 241122 (2023) Kat:2, Licht: 0","241122","2","6","2","06","09","7","","0","0","1","0","0"
"POINT (13.403021853000041 52.498432244000071)","Unfall 241123 (2023) Kat:3, Licht: 0","241123","3","2","5","05","07","4","","0","1","1","0","0"
"POINT (13.399084666000022 52.508186501000068)","Unfall 241124 (2023) Kat:2, Licht: 0","241124","2","2","5","05","19","4","","0","0","1","0","1"
"POINT (13.433806760000039 52.499591305000081)","Unfall 241125 (2023) Kat:3, Licht: 0","241125","3","5","1","05","18","4","","0","1","1","0","0"
"POINT (13.493356302000052 52.514472745000035)","Unfall 241126 (2023) Kat:2, Licht: 0","241126","2","3","5","05","17","4","","0","0","1","0","1"
"POINT (13.370609154000022 52.409321104000071)","Unfall 241127 (2023) Kat:2, Licht: 0","241127","2","6","2","05","16","4","","0","0","1","0","0"
"POINT (13.292740017000028 52.534275457000035)","Unfall 241128 (2023) Kat:3, Licht: 0","241128","3","6","2","05","15","4","","0","0","1","0","0"
"POINT (13.413470908000022 52.525290253000037)","Unfall 241129 (2023) Kat:2, Licht: 0","241129","2","7","5","05","17","4","","0","0","1","0","1"
"POINT (13.391837604000045 52.509567330000039)","Unfall 241130 (2023) Kat:3, Licht: 0","241130","3","3","5","05","15","4","","0","1","0","0","0"
"POINT (13.328287303000025 52.564939751000054)","Unfall 241131 (2023) Kat:2, Licht: 0","241131","2","4","6","05","14","4","","0","0","1","1","0"
"POINT (13.277055704000077 52.502653308000049)","Unfall 241132 (2023) Kat:3, Licht: 0","241132","3","7","5","05","12","4","","0","0","1","0","0"
"POINT (13.601080353000043 52.536794799000063)","Unfall 241133 (2023) Kat:3, Licht: 0","241133","3","3","5","05","09","4","","0","1","1","0","0"
"POINT (13.576933612000062 52.513235670000029)","Unfall 241134 (2023) Kat:3, Licht: 0","241134","3","3","0","05","07","4","","0","0","1","0","1"
"POINT (13.398205639000025 52.506985054000040)","Unfall 241135 (2023) Kat:3, Licht: 0","241135","3","7","6","05","09","4","","0","0","0","1","0"
"POINT (13.243753999000035 52.446015271000078)","Unfall 241136 (2023) Kat:3, Licht: 0","241136","3","5","1","05","17","4","","0","1","1","0","0"
"POINT (13.440079558000036 52.467390342000044)","Unfall 241137 (2023) Kat:3, Licht: 0","241137","3","6","2","06","11","6","","0","1","1","0","0"
"POINT (13.485371358000066 52.496988228000077)","Unfall 241138 (2023) Kat:3, Licht: 0","241138","3","6","2","05","16","3","","0","0","1","0","0"
"POINT (13.438261827000076 52.484683308000058)","Unfall 241139 (2023) Kat:3, Licht: 0","241139","3","5","1","06","13","5","","0","1","0","0","0"
"POINT (13.403654558000028 52.523082167000041)","Unfall 241140 (2023) Kat:3, Licht: 0","241140","3","4","6","05","11","3","","0","0","1","1","0"
"POINT (13.392831209000065 52.595036758000049)","Unfall 241141 (2023) Kat:3, Licht: 0","241141","3","4","6","05","16","3","","0","0","1","1","0"
"POINT (13.326101339000047 52.538368457000047)","Unfall 241142 (2023) Kat:3, Licht: 0","241142","3","2","5","05","18","3","","0","1","1","0","0"
"POINT (13.331215556000075 52.503162504000045)","Unfall 241143 (2023) Kat:3, Licht: 2","241143","3","6","3","05","23","3","","2","1","1","0","0"
"POINT (13.469977625000070 52.432413624000048)","Unfall 241144 (2023) Kat:3, Licht: 0","241144","3","7","7","05","19","3","","0","1","0","0","0"
"POINT (13.198753429000021 52.554048119000072)","Unfall 241145 (2023) Kat:3, Licht: 0","241145","3","1","0","06","18","3","","0","0","0","0","1"
"POINT (13.427790955000035 52.506755550000037)","Unfall 241146 (2023) Kat:3, Licht: 0","241146","3","5","1","05","18","3","","0","1","1","0","0"
"POINT (13.370627919000071 52.559077090000073)","Unfall 241147 (2023) Kat:3, Licht: 0","241147","3","2","5","05","19","3","","0","1","1","0","0"
"POINT (13.363064899000051 52.524510615000054)","Unfall 241148 (2023) Kat:3, Licht: 0","241148","3","6","3","05","17","3","","0","1","0","0","0"
"POINT (13.404691061000051 52.509023169000045)","Unfall 241149 (2023) Kat:3, Licht: 0","241149","3","5","1","05","18","3","","0","1","1","0","0"
"POINT (13.192868903000033 52.532117253000081)","Unfall 241150 (2023) Kat:3, Licht: 0","241150","3","3","5","05","16","3","","0","0","1","0","0"
"POINT (13.314737806000039 52.525757106000071)","Unfall 241151 (2023) Kat:3, Licht: 0","241151","3","2","5","05","16","3","","0","1","1","0","0"
"POINT (13.593331697000053 52.441349075000062)","Unfall 241152 (2023) Kat:3, Licht: 0","241152","3","2","5","05","14","3","","0","0","0","0","1"
"POINT (13.368200767000076 52.485072973000058)","Unfall 241153 (2023) Kat:3, Licht: 0","241153","3","2","5","05","11","3","","0","1","1","0","0"
"POINT (13.417308731000048 52.512715382000067)","Unfall 241154 (2023) Kat:3, Licht: 0","241154","3","7","0","05","11","3","","0","1","0","1","0"
"POINT (13.446418870000059 52.494305317000055)","Unfall 241155 (2023) Kat:3, Licht: 0","241155","3","1","1","05","11","3","","0","1","0","0","0"
"POINT (13.418400648000045 52.584310472000027)","Unfall 241156 (2023) Kat:3, Licht: 1","241156","3","7","0","05","21","3","","1","0","1","0","0"
"POINT (13.437741269000071 52.484941097000046)","Unfall 241157 (2023) Kat:3, Licht: 0","241157","3","4","1","05","16","3","","0","1","1","1","0"
"POINT (13.516188583000030 52.445337621000078)","Unfall 241158 (2023) Kat:3, Licht: 0","241158","3","5","1","05","13","3","","0","0","1","0","0"
"POINT (13.508735297000044 52.548294273000067)","Unfall 241159 (2023) Kat:3, Licht: 0","241159","3","3","5","05","06","3","","0","1","1","0","0"
"POINT (13.539759187000072 52.539824375000080)","Unfall 241160 (2023) Kat:2, Licht: 0","241160","2","3","5","05","14","3","","0","0","1","0","0"
"POINT (13.397273977000054 52.566979031000074)","Unfall 241161 (2023) Kat:2, Licht: 0","241161","2","7","0","05","09","3","","0","1","0","0","0"
"POINT (13.403737083000067 52.526054589000069)","Unfall 241162 (2023) Kat:3, Licht: 0","241162","3","2","5","05","08","3","","0","1","1","0","0"
"POINT (13.409779943000046 52.524015363000046)","Unfall 241163 (2023) Kat:3, Licht: 0","241163","3","2","5","06","18","4","","0","1","1","0","0"
"POINT (13.390468201000033 52.514838999000062)","Unfall 241164 (2023) Kat:3, Licht: 0","241164","3","6","3","05","17","3","","0","1","1","0","0"
"POINT (13.379333506000023 52.528297489000067)","Unfall 241165 (2023) Kat:2, Licht: 0","241165","2","2","6","05","07","3","","0","0","1","1","0"
"POINT (13.454572545000076 52.434791052000037)","Unfall 241166 (2023) Kat:3, Licht: 0","241166","3","6","3","08","05","6","","0","0","1","0","1"
"POINT (13.494449632000055 52.489395461000072)","Unfall 241167 (2023) Kat:3, Licht: 2","241167","3","1","0","08","01","6","","2","1","0","0","0"
"POINT (13.307059940000045 52.498856370000055)","Unfall 241168 (2023) Kat:3, Licht: 2","241168","3","4","6","08","21","5","","2","0","0","1","1"
"POINT (13.406840473000045 52.535829152000076)","Unfall 241169 (2023) Kat:3, Licht: 1","241169","3","4","6","08","20","5","","1","1","0","1","0"
"POINT (13.359133433000068 52.546463943000049)","Unfall 241170 (2023) Kat:3, Licht: 0","241170","3","2","5","08","19","5","","0","1","1","0","0"
"POINT (13.527027312000030 52.426447116000077)","Unfall 241171 (2023) Kat:3, Licht: 0","241171","3","6","2","08","18","5","","0","0","1","0","1"
"POINT (13.329248513000039 52.567681895000078)","Unfall 241172 (2023) Kat:3, Licht: 0","241172","3","2","5","08","17","5","","0","0","1","0","0"
"POINT (13.514258332000054 52.535147860000052)","Unfall 241173 (2023) Kat:3, Licht: 0","241173","3","6","2","08","16","5","","0","0","1","0","0"
"POINT (13.425576491000072 52.528222709000033)","Unfall 241174 (2023) Kat:3, Licht: 0","241174","3","1","0","08","13","5","","0","1","0","0","0"
"POINT (13.342417421000050 52.485561681000036)","Unfall 241175 (2023) Kat:3, Licht: 0","241175","3","6","4","08","12","5","","0","1","0","0","0"
"POINT (13.273466196000072 52.499961509000059)","Unfall 241176 (2023) Kat:3, Licht: 0","241176","3","2","5","08","18","5","","0","1","1","0","0"
"POINT (13.413808326000037 52.553639850000081)","Unfall 241177 (2023) Kat:3, Licht: 0","241177","3","6","2","08","18","5","","0","0","1","0","1"
"POINT (13.337728611000045 52.495908132000068)","Unfall 241178 (2023) Kat:3, Licht: 0","241178","3","5","1","08","17","5","","0","1","1","0","0"
"POINT (13.435241711000060 52.435080897000034)","Unfall 241179 (2023) Kat:3, Licht: 0","241179","3","6","3","08","17","5","","0","0","1","0","0"
"POINT (13.391825149000056 52.510525154000049)","Unfall 241180 (2023) Kat:3, Licht: 0","241180","3","2","5","08","15","5","","0","1","1","0","0"
"POINT (13.337806412000077 52.558586782000077)","Unfall 241181 (2023) Kat:3, Licht: 0","241181","3","6","3","08","15","5","","0","0","1","0","0"
"POINT (13.313258689000065 52.502130307000073)","Unfall 241182 (2023) Kat:3, Licht: 0","241182","3","2","5","08","15","5","","0","1","1","0","0"
"POINT (13.300540261000037 52.461403016000077)","Unfall 241183 (2023) Kat:3, Licht: 0","241183","3","1","0","08","15","5","","0","1","0","0","0"
"POINT (13.358873417000041 52.504352708000056)","Unfall 241184 (2023) Kat:3, Licht: 0","241184","3","5","1","08","12","5","","0","0","1","0","0"
"POINT (13.332785007000041 52.478665932000069)","Unfall 241185 (2023) Kat:2, Licht: 0","241185","2","7","5","08","10","5","","0","0","1","0","1"
"POINT (13.288755290000040 52.590212847000032)","Unfall 241186 (2023) Kat:3, Licht: 0","241186","3","2","5","08","09","5","","0","0","1","0","1"
"POINT (13.416748947000031 52.551622375000079)","Unfall 241187 (2023) Kat:3, Licht: 0","241187","3","5","1","08","07","5","","0","0","1","0","1"
"POINT (13.353861650000056 52.459109676000082)","Unfall 241188 (2023) Kat:3, Licht: 0","241188","3","6","2","08","06","5","","0","0","1","0","1"
"POINT (13.392128036000031 52.519313600000032)","Unfall 241189 (2023) Kat:3, Licht: 0","241189","3","6","2","08","19","5","","0","0","1","0","0"
"POINT (13.618982313000060 52.521856537000076)","Unfall 241190 (2023) Kat:3, Licht: 0","241190","3","1","0","08","18","5","","0","0","0","0","0"
"POINT (13.297155251000049 52.512155411000037)","Unfall 241191 (2023) Kat:3, Licht: 0","241191","3","5","1","08","16","5","","0","1","1","0","0"
"POINT (13.171937793000041 52.550124542000049)","Unfall 241192 (2023) Kat:3, Licht: 0","241192","3","3","5","08","09","5","","0","1","1","0","0"
"POINT (13.321491708000053 52.593538306000028)","Unfall 241193 (2023) Kat:3, Licht: 0","241193","3","2","5","08","07","5","","0","0","1","0","0"
"POINT (13.468098797000039 52.546245936000048)","Unfall 241194 (2023) Kat:3, Licht: 0","241194","3","6","2","08","12","4","","0","0","1","0","0"
"POINT (13.380676564000055 52.552669660000049)","Unfall 241195 (2023) Kat:3, Licht: 0","241195","3","2","5","08","19","4","","0","1","0","0","0"
"POINT (13.306112718000065 52.476682830000072)","Unfall 241196 (2023) Kat:3, Licht: 0","241196","3","6","2","08","18","4","","0","0","1","0","0"
"POINT (13.328198033000035 52.508054957000070)","Unfall 241197 (2023) Kat:3, Licht: 0","241197","3","2","5","08","17","4","","0","1","1","0","0"
"POINT (13.475984090000054 52.532902139000043)","Unfall 241198 (2023) Kat:3, Licht: 0","241198","3","3","5","08","16","4","","0","1","1","0","0"
"POINT (13.407280968000066 52.518451892000030)","Unfall 241199 (2023) Kat:3, Licht: 0","241199","3","2","2","08","14","4","","0","0","1","0","0"
"POINT (13.368195005000075 52.488267202000031)","Unfall 241200 (2023) Kat:3, Licht: 0","241200","3","3","5","08","13","4","","0","0","1","0","0"
"POINT (13.370459656000037 52.545311900000058)","Unfall 241201 (2023) Kat:3, Licht: 0","241201","3","2","5","08","12","4","","0","0","1","0","1"
"POINT (13.598489814000061 52.530983953000032)","Unfall 241202 (2023) Kat:2, Licht: 0","241202","2","4","6","08","06","4","","0","0","1","1","0"
"POINT (13.571991040000057 52.547880236000026)","Unfall 241203 (2023) Kat:3, Licht: 2","241203","3","1","8","08","02","4","","2","0","1","0","0"
"POINT (13.408721254000056 52.527876872000036)","Unfall 241204 (2023) Kat:3, Licht: 2","241204","3","1","0","08","01","4","","2","0","0","0","0"
"POINT (13.451418288000070 52.619982825000079)","Unfall 241205 (2023) Kat:3, Licht: 0","241205","3","1","0","08","11","4","","0","1","0","0","0"
"POINT (13.124464714000055 52.535337842000047)","Unfall 241206 (2023) Kat:3, Licht: 2","241206","3","1","0","08","21","4","","2","0","0","0","1"
"POINT (13.446563671000035 52.526155054000071)","Unfall 241207 (2023) Kat:3, Licht: 0","241207","3","6","2","08","17","4","","0","0","1","0","1"
"POINT (13.403088552000042 52.498445083000036)","Unfall 241208 (2023) Kat:3, Licht: 0","241208","3","2","5","08","15","4","","0","0","1","0","0"
"POINT (13.443057712000041 52.500492702000031)","Unfall 241209 (2023) Kat:3, Licht: 0","241209","3","7","5","08","10","4","","0","0","1","0","1"
"POINT (13.322043305000022 52.444441968000035)","Unfall 241210 (2023) Kat:3, Licht: 0","241210","3","5","1","08","10","4","","0","1","1","0","0"
"POINT (13.285239554000043 52.479485302000057)","Unfall 241211 (2023) Kat:3, Licht: 0","241211","3","2","5","08","09","4","","0","1","1","0","0"
"POINT (13.449021885000036 52.524320882000040)","Unfall 241212 (2023) Kat:2, Licht: 2","241212","2","2","5","08","21","3","","2","0","1","0","0"
"POINT (13.348900524000044 52.458662590000074)","Unfall 241213 (2023) Kat:3, Licht: 0","241213","3","6","2","08","20","3","","0","0","1","0","0"
"POINT (13.378515031000063 52.566459933000033)","Unfall 241214 (2023) Kat:2, Licht: 0","241214","2","4","6","08","19","3","","0","0","1","1","0"
"POINT (13.347213779000072 52.501115997000056)","Unfall 241215 (2023) Kat:2, Licht: 0","241215","2","2","5","08","18","3","","0","1","1","0","0"
"POINT (13.524644051000053 52.495981025000049)","Unfall 241216 (2023) Kat:3, Licht: 0","241216","3","2","2","08","17","3","","0","0","1","0","0"
"POINT (13.333338852000054 52.527045720000046)","Unfall 241217 (2023) Kat:3, Licht: 1","241217","3","3","5","08","20","3","","1","1","1","0","0"
"POINT (13.397900398000047 52.523744375000035)","Unfall 241218 (2023) Kat:3, Licht: 0","241218","3","7","5","08","19","3","","0","0","1","0","0"
"POINT (13.296015779000072 52.443597743000055)","Unfall 241219 (2023) Kat:3, Licht: 0","241219","3","2","5","08","13","3","","0","1","1","0","0"
"POINT (13.334817630000032 52.470961605000070)","Unfall 241220 (2023) Kat:3, Licht: 0","241220","3","5","1","08","17","3","","0","1","1","0","0"
"POINT (13.178030033000027 52.548669004000033)","Unfall 241221 (2023) Kat:2, Licht: 0","241221","2","2","6","08","10","3","","0","0","1","1","0"
"POINT (13.340574506000053 52.499904707000042)","Unfall 241222 (2023) Kat:3, Licht: 0","241222","3","6","2","08","10","3","","0","0","0","0","1"
"POINT (13.348640823000039 52.479107966000072)","Unfall 241223 (2023) Kat:3, Licht: 0","241223","3","5","1","08","17","3","","0","1","1","0","0"
"POINT (13.448450606000051 52.564787995000074)","Unfall 241224 (2023) Kat:2, Licht: 0","241224","2","3","5","08","10","3","","0","1","1","0","0"
"POINT (13.403936400000077 52.495340095000074)","Unfall 241225 (2023) Kat:3, Licht: 1","241225","3","3","5","08","05","3","","1","0","1","0","0"
"POINT (13.339037237000070 52.444474663000051)","Unfall 241226 (2023) Kat:3, Licht: 0","241226","3","2","0","08","14","3","","0","0","1","0","0"
"POINT (13.484257125000056 52.463251007000054)","Unfall 241227 (2023) Kat:3, Licht: 0","241227","3","6","0","08","11","3","","0","0","1","0","0"
"POINT (13.278550890000076 52.589840912000057)","Unfall 241228 (2023) Kat:3, Licht: 0","241228","3","3","5","08","10","3","","0","1","1","0","0"
"POINT (13.247561050000058 52.524524656000040)","Unfall 241229 (2023) Kat:3, Licht: 0","241229","3","2","5","08","09","3","","0","1","1","0","0"
"POINT (13.408295517000056 52.552572061000035)","Unfall 241230 (2023) Kat:3, Licht: 0","241230","3","3","5","08","09","3","","0","1","1","0","0"
"POINT (13.570982708000031 52.513164455000037)","Unfall 241231 (2023) Kat:3, Licht: 0","241231","3","6","2","08","06","3","","0","0","1","0","0"
"POINT (13.471683806000044 52.430113231000064)","Unfall 241232 (2023) Kat:3, Licht: 0","241232","3","4","0","08","15","2","","0","0","1","1","0"
"POINT (13.320221108000055 52.505868849000080)","Unfall 241233 (2023) Kat:3, Licht: 0","241233","3","4","6","08","13","2","","0","1","0","1","0"
"POINT (13.405127220000054 52.449673850000067)","Unfall 241234 (2023) Kat:3, Licht: 0","241234","3","1","0","08","10","4","","0","0","0","0","1"
"POINT (13.430105487000048 52.475482115000034)","Unfall 241235 (2023) Kat:3, Licht: 0","241235","3","7","2","08","18","2","","0","0","1","0","0"
"POINT (13.590260402000069 52.529461683000079)","Unfall 241236 (2023) Kat:2, Licht: 0","241236","2","2","6","08","18","2","","0","0","1","1","0"