WKT,Name,OBJECTID,UKATEGORIE,UTYP1,UART,UMONAT,USTUNDE,UWOCHENTAG,STRZUSTAND,ULICHTVERH,ISTRAD,ISTPKW,ISTFUSS,ISTKRAD
"POINT (13.433385488000056 52.444103912000060)","Unfall 241237 (2023) Kat:2, Licht: 0","241237","2","7","0","08","17","2","","0","0","0","0","0"
"POINT (13.429589059000023 52.498140909000028)","Unfall 241238 (2023) Kat:3, Licht: 0","241238","3","3","0","08","18","2","","0","1","0","0","1"
"POINT (13.385717543000055 52.523567218000039)","Unfall 241239 (2023) Kat:2, Licht: 0","241239","2","4","6","08","18","2","","0","0","0","1","1"
"POINT (13.467796178000071 52.555008348000058)","Unfall 241240 (2023) Kat:3, Licht: 0","241240","3","3","5","08","17","2","","0","1","1","0","0"
"POINT (13.395796498000038 52.454301017000034)","Unfall 241241 (2023) Kat:3, Licht: 0","241241","3","3","5","08","14","2","","0","0","1","0","0"
"POINT (13.495439572000066 52.459626558000082)","Unfall 241242 (2023) Kat:3, Licht: 0","241242","3","6","2","08","12","2","","0","1","1","0","0"
"POINT (13.483590681000067 52.431226718000062)","Unfall 241243 (2023) Kat:3, Licht: 0","241243","3","3","5","08","07","2","","0","0","1","0","0"
"POINT (13.265380120000032 52.536824839000076)","Unfall 241244 (2023) Kat:3, Licht: 0","241244","3","6","3","08","07","2","","0","0","1","0","1"
"POINT (13.596103002000063 52.519150255000056)","Unfall 241245 (2023) Kat:3, Licht: 0","241245","3","3","5","08","17","2","","0","0","1","0","0"
"POINT (13.412337262000051 52.531471587000055)","Unfall 241246 (2023) Kat:3, Licht: 2","241246","3","1","8","08","22","2","","2","0","1","0","0"
"POINT (13.387563959000033 52.493064401000026)","Unfall 241247 (2023) Kat:3, Licht: 2","241247","3","2","2","08","21","2","","2","1","1","0","0"
"POINT (13.345887399000048 52.448445112000059)","Unfall 241248 (2023) Kat:3, Licht: 0","241248","3","6","4","08","16","2","","0","0","1","0","1"
"POINT (13.662568442000065 52.425889760000075)","Unfall 241249 (2023) Kat:2, Licht: 0","241249","2","1","0","08","11","2","","0","1","0","0","0"
"POINT (13.338214055000037 52.471459840000080)","Unfall 241250 (2023) Kat:3, Licht: 0","241250","3","5","1","08","10","2","","0","0","0","0","0"
"POINT (13.359282279000070 52.456792924000069)","Unfall 241251 (2023) Kat:3, Licht: 0","241251","3","2","0","08","09","2","","0","1","1","0","0"
"POINT (13.602528759000052 52.538528271000075)","Unfall 241252 (2023) Kat:3, Licht: 0","241252","3","3","5","08","09","2","","0","1","1","0","0"
"POINT (13.699396367000077 52.435818669000071)","Unfall 241253 (2023) Kat:3, Licht: 0","241253","3","2","5","08","09","2","","0","1","1","0","0"
"POINT (13.559441114000037 52.476823233000061)","Unfall 241254 (2023) Kat:3, Licht: 1","241254","3","7","0","08","04","2","","1","0","0","0","0"
"POINT (13.372080775000029 52.519863171000054)","Unfall 241255 (2023) Kat:2, Licht: 2","241255","2","7","8","08","01","2","","2","0","1","0","0"
"POINT (13.352842709000072 52.516057227000033)","Unfall 241256 (2023) Kat:3, Licht: 1","241256","3","7","7","08","20","2","","1","0","0","0","0"
"POINT (13.406209607000051 52.581790222000052)","Unfall 241257 (2023) Kat:3, Licht: 0","241257","3","3","5","08","17","2","","0","1","1","0","0"
"POINT (13.207730780000077 52.526570938000077)","Unfall 241258 (2023) Kat:3, Licht: 0","241258","3","3","0","08","15","2","","0","0","0","0","1"
"POINT (13.259841822000055 52.412572945000079)","Unfall 241259 (2023) Kat:3, Licht: 0","241259","3","6","6","08","13","2","","0","0","1","1","0"
"POINT (13.414277598000069 52.488115656000048)","Unfall 241260 (2023) Kat:3, Licht: 0","241260","3","1","9","08","11","2","","0","0","1","0","0"
"POINT (13.427439898000046 52.552401365000037)","Unfall 241261 (2023) Kat:3, Licht: 0","241261","3","3","5","08","11","2","","0","0","1","0","1"
"POINT (13.430335215000071 52.550933494000049)","Unfall 241262 (2023) Kat:3, Licht: 0","241262","3","2","5","08","10","2","","0","1","1","0","0"
"POINT (13.454431929000066 52.474698933000070)","Unfall 241263 (2023) Kat:2, Licht: 0","241263","2","5","1","08","09","2","","0","1","1","0","0"
"POINT (13.517367544000024 52.535347743000045)","Unfall 241264 (2023) Kat:3, Licht: 0","241264","3","2","2","08","08","2","","0","0","1","0","0"
"POINT (13.377600480000069 52.556565361000082)","Unfall 241265 (2023) Kat:3, Licht: 0","241265","3","6","3","08","08","2","","0","0","1","0","0"
"POINT (13.324577565000027 52.467812461000051)","Unfall 241266 (2023) Kat:2, Licht: 0","241266","2","5","1","08","07","2","","0","1","0","0","0"
"POINT (13.436611095000046 52.423636050000027)","Unfall 241267 (2023) Kat:3, Licht: 0","241267","3","2","5","08","18","2","","0","0","1","0","0"
"POINT (13.302787654000042 52.425409848000072)","Unfall 241268 (2023) Kat:2, Licht: 0","241268","2","2","5","08","16","2","","0","0","1","0","1"
"POINT (13.412099237000064 52.488398758000073)","Unfall 241269 (2023) Kat:3, Licht: 0","241269","3","7","0","08","15","2","","0","0","0","0","1"
"POINT (13.498434147000069 52.515714655000068)","Unfall 241270 (2023) Kat:2, Licht: 0","241270","2","3","5","08","14","2","","0","0","1","0","0"
"POINT (13.347160487000053 52.501077447000057)","Unfall 241271 (2023) Kat:3, Licht: 0","241271","3","2","5","08","13","2","","0","1","1","0","0"
"POINT (13.327037943000050 52.502799683000035)","Unfall 241272 (2023) Kat:3, Licht: 0","241272","3","6","2","08","13","2","","0","0","1","0","0"
"POINT (13.490003946000058 52.526572704000046)","Unfall 241273 (2023) Kat:3, Licht: 0","241273","3","4","6","08","12","2","","0","0","0","1","1"
"POINT (13.464192844000024 52.470417813000040)","Unfall 241274 (2023) Kat:3, Licht: 0","241274","3","6","2","08","11","2","","0","0","1","0","0"
"POINT (13.326578443000074 52.484058887000060)","Unfall 241275 (2023) Kat:3, Licht: 0","241275","3","3","5","08","10","2","","0","1","0","0","0"
"POINT (13.470162799000036 52.429008202000034)","Unfall 241276 (2023) Kat:3, Licht: 0","241276","3","7","1","08","10","2","","0","0","1","0","0"
"POINT (13.450549051000053 52.486365511000031)","Unfall 241277 (2023) Kat:3, Licht: 0","241277","3","4","6","08","16","1","","0","0","1","1","0"
"POINT (13.553296197000066 52.469602704000067)","Unfall 241278 (2023) Kat:3, Licht: 0","241278","3","3","5","08","15","1","","0","0","1","0","1"
"POINT (13.324169961000052 52.496839744000056)","Unfall 241279 (2023) Kat:3, Licht: 0","241279","3","5","1","08","11","1","","0","1","1","0","0"
"POINT (13.344738746000075 52.471004895000078)","Unfall 241280 (2023) Kat:3, Licht: 2","241280","3","2","5","08","21","1","","2","1","1","0","0"
"POINT (13.328624447000038 52.532935606000080)","Unfall 241281 (2023) Kat:2, Licht: 0","241281","2","7","0","08","18","1","","0","1","0","0","0"
"POINT (13.439717813000073 52.481545153000070)","Unfall 241282 (2023) Kat:3, Licht: 0","241282","3","7","5","08","16","1","","0","1","1","0","0"
"POINT (13.480608072000052 52.499018576000026)","Unfall 241283 (2023) Kat:3, Licht: 0","241283","3","2","5","08","15","1","","0","1","1","0","0"
"POINT (13.453254689000062 52.547739904000082)","Unfall 241284 (2023) Kat:2, Licht: 0","241284","2","3","5","08","12","1","","0","1","0","0","1"
"POINT (13.417259159000025 52.523655468000072)","Unfall 241285 (2023) Kat:3, Licht: 0","241285","3","7","5","08","13","1","","0","0","1","0","0"
"POINT (13.455629603000034 52.559777271000030)","Unfall 241286 (2023) Kat:3, Licht: 0","241286","3","6","2","08","12","1","","0","0","1","0","0"
"POINT (13.200300952000077 52.469595782000056)","Unfall 241287 (2023) Kat:3, Licht: 0","241287","3","6","4","08","11","1","","0","0","1","0","1"
"POINT (13.427851644000043 52.491392487000041)","Unfall 241288 (2023) Kat:3, Licht: 0","241288","3","3","5","08","10","1","","0","0","1","0","0"
"POINT (13.334580025000037 52.508349429000077)","Unfall 241289 (2023) Kat:2, Licht: 2","241289","2","5","1","08","04","7","","2","0","1","0","0"
"POINT (13.369329530000073 52.597290320000070)","Unfall 241290 (2023) Kat:3, Licht: 2","241290","3","3","5","08","22","7","","2","0","1","0","0"
"POINT (13.308020251000073 52.618725053000048)","Unfall 241291 (2023) Kat:3, Licht: 2","241291","3","2","5","08","21","7","","2","0","1","0","1"
"POINT (13.162724578000052 52.520063028000038)","Unfall 241292 (2023) Kat:3, Licht: 2","241292","3","2","5","08","21","7","","2","1","1","0","0"
"POINT (13.350976559000060 52.539357120000034)","Unfall 241293 (2023) Kat:2, Licht: 1","241293","2","5","1","08","20","7","","1","1","1","0","0"
"POINT (13.375713838000024 52.455586402000051)","Unfall 241294 (2023) Kat:3, Licht: 1","241294","3","3","5","08","21","7","","1","1","1","0","0"
"POINT (13.398670326000058 52.532567858000050)","Unfall 241295 (2023) Kat:3, Licht: 0","241295","3","1","0","08","09","1","","0","1","0","0","0"
"POINT (13.396283401000062 52.517481255000064)","Unfall 241296 (2023) Kat:3, Licht: 0","241296","3","3","5","08","20","7","","0","0","1","0","1"
"POINT (13.411079274000031 52.504051039000046)","Unfall 241297 (2023) Kat:3, Licht: 1","241297","3","5","1","08","20","7","","1","1","0","0","0"
"POINT (13.277171365000072 52.535067888000071)","Unfall 241298 (2023) Kat:2, Licht: 0","241298","2","1","0","08","14","7","","0","1","0","0","0"
"POINT (13.424114025000051 52.486126305000028)","Unfall 241299 (2023) Kat:3, Licht: 0","241299","3","2","5","08","14","7","","0","1","0","0","1"
"POINT (13.216917400000057 52.537785778000057)","Unfall 241300 (2023) Kat:3, Licht: 0","241300","3","6","3","08","16","7","","0","0","1","0","1"
"POINT (13.430134880000026 52.550744717000043)","Unfall 241301 (2023) Kat:3, Licht: 0","241301","3","6","2","08","16","7","","0","0","1","0","0"
"POINT (13.273220599000069 52.501034432000040)","Unfall 241302 (2023) Kat:3, Licht: 0","241302","3","1","9","08","10","7","","0","0","0","0","1"
"POINT (13.335402713000065 52.470651696000061)","Unfall 241303 (2023) Kat:3, Licht: 2","241303","3","3","5","08","21","7","","2","0","1","0","1"
"POINT (13.384747426000047 52.456947768000077)","Unfall 241304 (2023) Kat:3, Licht: 0","241304","3","5","1","08","10","7","","0","1","1","0","0"
"POINT (13.386944798000059 52.555512383000064)","Unfall 241305 (2023) Kat:3, Licht: 0","241305","3","6","3","08","13","7","","0","0","1","0","0"
"POINT (13.327226835000033 52.502840128000059)","Unfall 241306 (2023) Kat:3, Licht: 2","241306","3","6","3","08","21","7","","2","0","1","0","1"
"POINT (13.334887089000063 52.427322066000045)","Unfall 241307 (2023) Kat:3, Licht: 0","241307","3","3","5","08","09","7","","0","0","1","0","0"
"POINT (13.479689887000063 52.533335570000077)","Unfall 241308 (2023) Kat:3, Licht: 0","241308","3","6","4","08","18","7","","0","1","0","0","0"
"POINT (13.192480597000042 52.520997383000065)","Unfall 241309 (2023) Kat:3, Licht: 0","241309","3","4","6","08","15","7","","0","0","1","1","0"
"POINT (13.675134712000045 52.371254422000050)","Unfall 241310 (2023) Kat:2, Licht: 0","241310","2","6","4","08","07","7","","0","1","0","0","0"
"POINT (13.489416708000022 52.402741743000036)","Unfall 241311 (2023) Kat:3, Licht: 2","241311","3","5","1","08","04","7","","2","0","1","0","0"
"POINT (13.443557368000029 52.464303881000035)","Unfall 241312 (2023) Kat:3, Licht: 0","241312","3","2","5","08","16","6","","0","1","1","0","0"
"POINT (13.340181431000076 52.557230234000031)","Unfall 241313 (2023) Kat:3, Licht: 0","241313","3","2","5","08","17","6","","0","0","0","0","0"
"POINT (13.384772598000040 52.523413202000029)","Unfall 241314 (2023) Kat:3, Licht: 0","241314","3","7","5","08","15","6","","0","1","1","0","0"
"POINT (13.434923180000055 52.553550402000042)","Unfall 241315 (2023) Kat:3, Licht: 0","241315","3","2","5","08","11","6","","0","0","1","0","0"
"POINT (13.388380832000053 52.424863551000044)","Unfall 241316 (2023) Kat:3, Licht: 2","241316","3","3","5","08","22","6","","2","1","0","0","1"
"POINT (13.497350113000039 52.416205881000053)","Unfall 241317 (2023) Kat:3, Licht: 0","241317","3","2","6","08","18","6","","0","0","1","1","0"
"POINT (13.268903980000061 52.430571490000034)","Unfall 241318 (2023) Kat:3, Licht: 0","241318","3","3","5","08","16","6","","0","1","1","0","0"
"POINT (13.357502856000053 52.535955794000074)","Unfall 241319 (2023) Kat:3, Licht: 0","241319","3","3","5","08","10","6","","0","0","1","0","0"
"POINT (13.415028287000041 52.605088612000031)","Unfall 241320 (2023) Kat:3, Licht: 0","241320","3","6","2","08","06","6","","0","0","1","0","0"
"POINT (13.498537170000077 52.410525796000059)","Unfall 241321 (2023) Kat:3, Licht: 0","241321","3","3","5","08","17","6","","0","0","1","0","0"
"POINT (13.377733556000067 52.528946913000027)","Unfall 241322 (2023) Kat:3, Licht: 0","241322","3","2","2","08","13","6","","0","0","1","0","0"
"POINT (13.370532003000051 52.559346966000078)","Unfall 241323 (2023) Kat:3, Licht: 0","241323","3","5","1","08","20","6","","0","1","1","0","0"
"POINT (13.551878717000022 52.428388303000077)","Unfall 241324 (2023) Kat:3, Licht: 0","241324","3","2","5","08","16","6","","0","1","0","0","0"
"POINT (13.429885153000043 52.571757121000076)","Unfall 241325 (2023) Kat:3, Licht: 0","241325","3","3","5","08","15","6","","0","0","1","0","0"
"POINT (13.565790716000038 52.526806493000038)","Unfall 241326 (2023) Kat:3, Licht: 0","241326","3","6","2","08","12","6","","0","0","1","0","0"
"POINT (13.165001263000022 52.534266666000065)","Unfall 241327 (2023) Kat:3, Licht: 0","241327","3","5","1","08","11","6","","0","1","1","0","0"
"POINT (13.565291968000054 52.544799310000030)","Unfall 241328 (2023) Kat:3, Licht: 0","241328","3","6","3","08","10","6","","0","0","1","0","0"
"POINT (13.293950959000028 52.506827573000066)","Unfall 241329 (2023) Kat:3, Licht: 0","241329","3","5","0","08","17","6","","0","0","0","0","1"
"POINT (13.431939340000042 52.487323273000072)","Unfall 241330 (2023) Kat:3, Licht: 0","241330","3","5","1","08","16","6","","0","0","1","0","0"
"POINT (13.587846641000056 52.520894960000078)","Unfall 241331 (2023) Kat:3, Licht: 0","241331","3","2","5","08","16","6","","0","1","1","0","0"
"POINT (13.426641744000051 52.420646130000080)","Unfall 241332 (2023) Kat:3, Licht: 0","241332","3","2","0","08","15","6","","0","0","1","0","0"
"POINT (13.427972855000064 52.492284720000043)","Unfall 241333 (2023) Kat:3, Licht: 0","241333","3","5","1","08","15","6","","0","1","0","0","0"
"POINT (13.270853859000056 52.450966805000064)","Unfall 241334 (2023) Kat:3, Licht: 0","241334","3","2","5","08","14","6","","0","0","1","0","0"
"POINT (13.453631308000070 52.533049140000060)","Unfall 241335 (2023) Kat:3, Licht: 0","241335","3","2","5","08","10","6","","0","1","1","0","0"
"POINT (13.376395672000058 52.510090074000061)","Unfall 241336 (2023) Kat:3, Licht: 0","241336","3","3","5","08","10","6","","0","1","1","0","0"
"POINT (13.412611650000031 52.392233308000073)","Unfall 241337 (2023) Kat:3, Licht: 0","241337","3","3","0","08","07","5","","0","0","1","0","1"
"POINT (13.407627354000056 52.509724309000035)","Unfall 241338 (2023) Kat:2, Licht: 0","241338","2","4","6","08","11","5","","0","1","0","1","0"
"POINT (13.302131416000066 52.438193248000061)","Unfall 241339 (2023) Kat:3, Licht: 0","241339","3","3","5","08","11","5","","0","0","1","0","0"
"POINT (13.350439501000039 52.557878994000077)","Unfall 241340 (2023) Kat:3, Licht: 0","241340","3","7","7","08","10","5","","0","0","0","0","1"
"POINT (13.438235359000032 52.505859962000045)","Unfall 241341 (2023) Kat:3, Licht: 0","241341","3","4","6","08","09","5","","0","1","0","1","0"
"POINT (13.331631722000054 52.468146620000027)","Unfall 241342 (2023) Kat:3, Licht: 2","241342","3","6","2","08","21","5","","2","0","1","0","0"
"POINT (13.317705317000048 52.501255820000040)","Unfall 241343 (2023) Kat:3, Licht: 0","241343","3","6","3","08","19","5","","0","0","0","0","1"
"POINT (13.468003137000039 52.507076688000041)","Unfall 241344 (2023) Kat:3, Licht: 0","241344","3","5","1","08","19","5","","0","1","1","0","0"
"POINT (13.570200068000076 52.542447015000050)","Unfall 241345 (2023) Kat:3, Licht: 0","241345","3","6","6","08","18","5","","0","1","0","1","0"
"POINT (13.409701699000038 52.522608644000059)","Unfall 241346 (2023) Kat:3, Licht: 0","241346","3","2","5","08","17","5","","0","1","1","0","0"
"POINT (13.226702013000022 52.557007270000042)","Unfall 241347 (2023) Kat:2, Licht: 0","241347","2","6","2","08","15","5","","0","0","1","0","1"
"POINT (13.433150634000071 52.424508604000039)","Unfall 241348 (2023) Kat:3, Licht: 0","241348","3","3","5","08","14","5","","0","0","1","0","0"
"POINT (13.438865610000050 52.481418063000035)","Unfall 241349 (2023) Kat:3, Licht: 0","241349","3","4","2","08","14","5","","0","1","0","1","0"
"POINT (13.450947364000058 52.476431480000031)","Unfall 241350 (2023) Kat:3, Licht: 0","241350","3","6","3","08","14","5","","0","1","0","0","0"
"POINT (13.454665378000072 52.474679177000041)","Unfall 241351 (2023) Kat:3, Licht: 0","241351","3","3","5","08","13","5","","0","0","1","0","0"
"POINT (13.314148129000046 52.573970002000067)","Unfall 241352 (2023) Kat:3, Licht: 0","241352","3","5","1","08","10","5","","0","0","0","0","0"
"POINT (13.401782596000032 52.539888780000069)","Unfall 241353 (2023) Kat:3, Licht: 0","241353","3","4","6","08","07","5","","0","1","0","1","0"
"POINT (13.469148474000065 52.583347222000043)","Unfall 241354 (2023) Kat:3, Licht: 2","241354","3","7","2","08","00","5","","2","0","0","0","1"
"POINT (13.130771386000049 52.549710966000077)","Unfall 241355 (2023) Kat:3, Licht: 0","241355","3","4","6","08","12","5","","0","0","1","1","0"
"POINT (13.377979286000027 52.528744287000052)","Unfall 241356 (2023) Kat:3, Licht: 0","241356","3","1","8","08","14","4","","0","0","0","0","0"
"POINT (13.322383565000052 52.450635601000045)","Unfall 241357 (2023) Kat:3, Licht: 0","241357","3","3","5","08","10","4","","0","0","1","0","1"
"POINT (13.612481987000024 52.510924014000068)","Unfall 241358 (2023) Kat:3, Licht: 0","241358","3","2","5","08","09","4","","0","0","1","0","0"
"POINT (13.352156631000071 52.565864053000041)","Unfall 241359 (2023) Kat:2, Licht: 1","241359","2","4","6","08","21","4","","1","0","1","1","0"
"POINT (13.218465694000031 52.557873237000081)","Unfall 241360 (2023) Kat:3, Licht: 0","241360","3","6","3","08","16","4","","0","1","1","0","0"
"POINT (13.407831097000042 52.504464255000073)","Unfall 241361 (2023) Kat:3, Licht: 0","241361","3","2","5","08","17","4","","0","1","0","0","0"
"POINT (13.337277239000059 52.471478030000071)","Unfall 241362 (2023) Kat:3, Licht: 0","241362","3","3","5","08","19","4","","0","0","1","0","1"
"POINT (13.380414296000026 52.518225151000081)","Unfall 241363 (2023) Kat:3, Licht: 0","241363","3","2","5","08","16","4","","0","1","1","0","0"
"POINT (13.524391924000042 52.536282270000072)","Unfall 241364 (2023) Kat:3, Licht: 0","241364","3","6","2","08","16","4","","0","0","1","0","0"
"POINT (13.383847428000024 52.494562974000075)","Unfall 241365 (2023) Kat:3, Licht: 0","241365","3","5","4","08","15","4","","0","0","1","0","0"
"POINT (13.431740376000050 52.514571583000077)","Unfall 241366 (2023) Kat:3, Licht: 0","241366","3","3","5","08","14","4","","0","0","1","0","1"
"POINT (13.559441156000048 52.555337040000040)","Unfall 241367 (2023) Kat:2, Licht: 0","241367","2","4","6","08","14","4","","0","0","1","1","0"
"POINT (13.354763174000027 52.599765814000079)","Unfall 241368 (2023) Kat:3, Licht: 0","241368","3","3","5","08","13","4","","0","1","1","0","0"
"POINT (13.432233744000030 52.453202350000026)","Unfall 241369 (2023) Kat:3, Licht: 0","241369","3","2","5","08","13","4","","0","1","1","0","0"
"POINT (13.459304562000057 52.529347866000080)","Unfall 241370 (2023) Kat:3, Licht: 0","241370","3","6","3","08","12","4","","0","0","1","0","0"
"POINT (13.270993412000053 52.510364924000044)","Unfall 241371 (2023) Kat:2, Licht: 0","241371","2","7","6","08","12","4","","0","0","1","1","0"
"POINT (13.255791435000049 52.537383176000048)","Unfall 241372 (2023) Kat:3, Licht: 0","241372","3","7","6","08","14","4","","0","1","0","1","0"
"POINT (13.184505241000068 52.547499723000044)","Unfall 241373 (2023) Kat:3, Licht: 0","241373","3","6","2","08","11","4","","0","0","1","0","1"
"POINT (13.593494956000029 52.439646138000057)","Unfall 241374 (2023) Kat:3, Licht: 0","241374","3","7","1","08","11","4","","0","0","1","0","0"
"POINT (13.490109425000071 52.420002469000053)","Unfall 241375 (2023) Kat:2, Licht: 0","241375","2","3","5","08","13","4","","0","0","1","0","1"
"POINT (13.396040635000077 52.538346504000060)","Unfall 241376 (2023) Kat:3, Licht: 0","241376","3","2","5","08","13","5","","0","1","1","0","0"
"POINT (13.445343801000035 52.581775062000077)","Unfall 241377 (2023) Kat:3, Licht: 0","241377","3","6","3","08","12","4","","0","0","1","0","1"
"POINT (13.382681627000068 52.523078154000075)","Unfall 241378 (2023) Kat:3, Licht: 0","241378","3","7","1","08","11","4","","0","0","1","0","0"
"POINT (13.468539657000065 52.546856262000063)","Unfall 241379 (2023) Kat:3, Licht: 0","241379","3","6","2","08","09","4","","0","0","1","0","1"
"POINT (13.405904489000022 52.513937877000046)","Unfall 241380 (2023) Kat:3, Licht: 0","241380","3","2","2","08","09","4","","0","1","1","0","0"
"POINT (13.206326226000044 52.543001788000026)","Unfall 241381 (2023) Kat:3, Licht: 2","241381","3","4","6","08","21","3","","2","0","1","1","0"
"POINT (13.422062442000026 52.535583400000064)","Unfall 241382 (2023) Kat:3, Licht: 0","241382","3","7","5","08","19","3","","0","0","1","0","0"
"POINT (13.344452226000044 52.437747126000033)","Unfall 241383 (2023) Kat:3, Licht: 0","241383","3","6","6","08","16","3","","0","1","0","1","0"
"POINT (13.355291968000074 52.427321297000049)","Unfall 241384 (2023) Kat:2, Licht: 0","241384","2","4","6","08","09","3","","0","0","0","1","0"
"POINT (13.328584281000076 52.527162917000055)","Unfall 241385 (2023) Kat:3, Licht: 0","241385","3","6","2","08","18","3","","0","0","1","0","0"
"POINT (13.325436969000066 52.446592627000030)","Unfall 241386 (2023) Kat:3, Licht: 0","241386","3","3","5","08","18","3","","0","0","1","0","1"
"POINT (13.360706617000062 52.456227319000050)","Unfall 241387 (2023) Kat:3, Licht: 0","241387","3","6","2","08","17","3","","0","0","1","0","0"
"POINT (13.579521745000022 52.459050263000051)","Unfall 241388 (2023) Kat:3, Licht: 0","241388","3","2","5","08","16","3","","0","1","1","0","0"
"POINT (13.458826945000055 52.475284705000036)","Unfall 241389 (2023) Kat:3, Licht: 0","241389","3","3","5","08","15","3","","0","1","1","0","0"
"POINT (13.219110444000023 52.537109096000052)","Unfall 241390 (2023) Kat:3, Licht: 0","241390","3","2","5","08","15","3","","0","0","1","0","0"
"POINT (13.312015354000039 52.489648797000029)","Unfall 241391 (2023) Kat:2, Licht: 0","241391","2","4","6","08","12","3","","0","1","0","1","0"
"POINT (13.394552942000075 52.466079608000030)","Unfall 241392 (2023) Kat:3, Licht: 0","241392","3","1","8","08","10","3","","0","0","0","0","0"
"POINT (13.487002158000053 52.465522396000040)","Unfall 241393 (2023) Kat:3, Licht: 0","241393","3","2","6","08","10","3","","0","0","1","1","0"
"POINT (13.398696321000045 52.532572870000081)","Unfall 241394 (2023) Kat:3, Licht: 2","241394","3","1","0","08","00","3","","2","1","0","0","0"
"POINT (13.323562299000059 52.493456053000045)","Unfall 241395 (2023) Kat:3, Licht: 2","241395","3","1","9","08","00","3","","2","0","1","0","0"
"POINT (13.393333339000037 52.447507994000034)","Unfall 241396 (2023) Kat:3, Licht: 2","241396","3","3","5","08","21","3","","2","0","1","0","1"
"POINT (13.472209493000037 52.454075269000043)","Unfall 241397 (2023) Kat:3, Licht: 0","241397","3","6","2","08","17","3","","0","0","1","0","0"
"POINT (13.422641962000057 52.533029186000078)","Unfall 241398 (2023) Kat:3, Licht: 0","241398","3","7","5","08","17","3","","0","1","1","0","0"
"POINT (13.157848102000059 52.595440660000065)","Unfall 241399 (2023) Kat:3, Licht: 0","241399","3","6","2","08","14","3","","0","0","1","0","0"
"POINT (13.403953686000023 52.495361754000044)","Unfall 241400 (2023) Kat:3, Licht: 0","241400","3","3","5","08","14","3","","0","1","1","0","0"
"POINT (13.343189727000038 52.528915503000064)","Unfall 241401 (2023) Kat:3, Licht: 0","241401","3","2","2","08","12","3","","0","0","1","0","0"
"POINT (13.374972013000047 52.528174968000030)","Unfall 241402 (2023) Kat:3, Licht: 0","241402","3","7","0","08","10","3","","0","0","0","0","1"
"POINT (13.378413118000026 52.522386448000077)","Unfall 241403 (2023) Kat:3, Licht: 0","241403","3","5","1","08","09","3","","0","1","1","0","0"
"POINT (13.330409336000059 52.424816852000049)","Unfall 241404 (2023) Kat:3, Licht: 0","241404","3","7","5","08","10","3","","0","1","1","0","0"
"POINT (13.312744830000042 52.480707073000076)","Unfall 241405 (2023) Kat:2, Licht: 0","241405","2","7","1","08","06","3","","0","0","1","0","0"
"POINT (13.244046568000044 52.515338084000064)","Unfall 241406 (2023) Kat:3, Licht: 2","241406","3","1","8","08","23","2","","2","0","1","0","0"
"POINT (13.437495943000044 52.479023654000059)","Unfall 241407 (2023) Kat:3, Licht: 0","241407","3","2","5","08","15","2","","0","0","1","0","0"
"POINT (13.474001179000027 52.475109140000029)","Unfall 241408 (2023) Kat:3, Licht: 0","241408","3","6","2","08","16","2","","0","0","1","0","0"
"POINT (13.313806009000075 52.506227732000070)","Unfall 241409 (2023) Kat:3, Licht: 0","241409","3","2","5","08","19","2","","0","1","1","0","0"
"POINT (13.574244678000071 52.413952023000036)","Unfall 241410 (2023) Kat:3, Licht: 0","241410","3","3","5","08","13","2","","0","0","1","0","1"
"POINT (13.379446652000070 52.445599879000042)","Unfall 241411 (2023) Kat:3, Licht: 0","241411","3","7","5","08","07","2","","0","0","1","0","1"
"POINT (13.571467221000034 52.435109155000077)","Unfall 241412 (2023) Kat:3, Licht: 0","241412","3","7","0","08","07","2","","0","0","0","0","0"
"POINT (13.371385462000035 52.560643408000033)","Unfall 241413 (2023) Kat:3, Licht: 2","241413","3","2","6","08","22","2","","2","0","1","1","0"
"POINT (13.304450256000052 52.499438089000080)","Unfall 241414 (2023) Kat:3, Licht: 1","241414","3","5","1","08","19","2","","1","1","1","0","0"
"POINT (13.299601013000029 52.498525810000046)","Unfall 241415 (2023) Kat:3, Licht: 0","241415","3","6","2","08","15","2","","0","0","1","0","0"
"POINT (13.386913954000022 52.500962234000042)","Unfall 241416 (2023) Kat:3, Licht: 0","241416","3","5","1","08","14","2","","0","0","1","0","0"
"POINT (13.220628866000027 52.617124764000039)","Unfall 241417 (2023) Kat:2, Licht: 0","241417","2","6","3","08","14","2","","0","0","1","0","0"
"POINT (13.384275986000034 52.556064169000081)","Unfall 241418 (2023) Kat:3, Licht: 0","241418","3","2","5","08","12","2","","0","0","1","0","0"
"POINT (13.395210056000053 52.424347277000038)","Unfall 241419 (2023) Kat:2, Licht: 0","241419","2","3","5","08","10","2","","0","0","0","0","0"
"POINT (13.191317595000044 52.519408256000077)","Unfall 241420 (2023) Kat:3, Licht: 0","241420","3","3","5","08","08","2","","0","0","1","0","0"
"POINT (13.438724943000068 52.452601751000032)","Unfall 241421 (2023) Kat:2, Licht: 0","241421","2","2","5","08","08","2","","0","1","1","0","0"
"POINT (13.523437004000073 52.404473566000036)","Unfall 241422 (2023) Kat:2, Licht: 0","241422","2","3","5","08","07","2","","0","1","1","0","0"
"POINT (13.450546955000050 52.646852731000081)","Unfall 241423 (2023) Kat:3, Licht: 0","241423","3","2","5","08","06","2","","0","1","1","0","0"