WKT,Name,OBJECTID,UKATEGORIE,UTYP1,UART,UMONAT,USTUNDE,UWOCHENTAG,STRZUSTAND,ULICHTVERH,ISTRAD,ISTPKW,ISTFUSS,ISTKRAD
"POINT (13.284297468000034 52.486773242000027)","Unfall 241424 (2023) Kat:3, Licht: 0","241424","3","2","5","08","07","2","","0","0","1","0","0"
"POINT (13.286760084000036 52.495617313000082)","Unfall 241425 (2023) Kat:3, Licht: 0","241425","3","4","0","08","11","1","","0","1","0","1","0"
"POINT (13.387879047000069 52.522490849000064)","Unfall 241426 (2023) Kat:3, Licht: 1","241426","3","4","6","08","20","1","","1","0","0","1","1"
"POINT (13.273582855000029 52.508768485000076)","Unfall 241427 (2023) Kat:2, Licht: 0","241427","2","6","2","08","16","1","","0","0","1","0","0"
"POINT (13.250269357000036 52.454361119000055)","Unfall 241428 (2023) Kat:2, Licht: 0","241428","2","7","5","08","15","1","","0","0","1","0","0"
"POINT (13.457166863000054 52.430960343000038)","Unfall 241429 (2023) Kat:3, Licht: 0","241429","3","6","2","08","12","1","","0","0","1","1","0"
"POINT (13.219246771000030 52.560169824000070)","Unfall 241430 (2023) Kat:2, Licht: 0","241430","2","6","2","08","13","1","","0","0","1","0","0"
"POINT (13.272748356000022 52.414811309000072)","Unfall 241431 (2023) Kat:3, Licht: 0","241431","3","1","0","08","09","1","","0","0","0","0","1"
"POINT (13.573261091000063 52.527619470000047)","Unfall 241432 (2023) Kat:2, Licht: 1","241432","2","1","1","08","05","1","","1","0","1","0","0"
"POINT (13.414195543000062 52.507948578000082)","Unfall 241433 (2023) Kat:3, Licht: 2","241433","3","7","3","08","22","1","","2","1","1","0","0"
"POINT (13.378129980000040 52.466410164000081)","Unfall 241434 (2023) Kat:3, Licht: 0","241434","3","2","5","08","18","1","","0","0","1","0","0"
"POINT (13.426882464000073 52.499293224000041)","Unfall 241435 (2023) Kat:3, Licht: 0","241435","3","7","6","08","16","1","","0","0","0","1","0"
"POINT (13.407563784000047 52.526432594000028)","Unfall 241436 (2023) Kat:3, Licht: 0","241436","3","1","0","08","17","1","","0","1","0","0","0"
"POINT (13.242659370000069 52.528008930000055)","Unfall 241437 (2023) Kat:3, Licht: 0","241437","3","3","5","08","14","6","","0","0","1","0","0"
"POINT (13.326102342000070 52.538364391000073)","Unfall 241438 (2023) Kat:3, Licht: 0","241438","3","2","5","08","14","1","","0","0","1","0","0"
"POINT (13.444666044000030 52.499656300000026)","Unfall 241439 (2023) Kat:3, Licht: 2","241439","3","6","3","08","04","1","","2","0","1","0","0"
"POINT (13.569553251000059 52.452826394000056)","Unfall 241440 (2023) Kat:3, Licht: 0","241440","3","7","5","08","15","7","","0","0","1","0","0"
"POINT (13.425568314000031 52.479216266000037)","Unfall 241441 (2023) Kat:3, Licht: 0","241441","3","2","5","08","19","7","","0","0","1","0","1"
"POINT (13.437756670000056 52.484933470000044)","Unfall 241442 (2023) Kat:3, Licht: 0","241442","3","7","1","08","13","7","","0","0","1","0","0"
"POINT (13.582310321000023 52.442726707000077)","Unfall 241443 (2023) Kat:3, Licht: 0","241443","3","2","2","08","13","7","","0","0","1","0","0"
"POINT (13.407007796000073 52.498903987000062)","Unfall 241444 (2023) Kat:3, Licht: 0","241444","3","7","0","08","06","7","","0","0","0","0","0"
"POINT (13.534382165000068 52.425994630000048)","Unfall 241445 (2023) Kat:3, Licht: 1","241445","3","7","0","08","05","7","","1","0","1","0","0"
"POINT (13.441902216000074 52.504402924000033)","Unfall 241446 (2023) Kat:2, Licht: 1","241446","2","4","6","08","21","7","","1","0","0","1","1"
"POINT (13.154237242000022 52.463030607000064)","Unfall 241447 (2023) Kat:3, Licht: 0","241447","3","5","1","08","19","7","","0","1","1","0","0"
"POINT (13.195736213000032 52.543254153000078)","Unfall 241448 (2023) Kat:2, Licht: 0","241448","2","6","3","08","19","7","","0","1","0","0","0"
"POINT (13.356843296000022 52.523747259000061)","Unfall 241449 (2023) Kat:3, Licht: 0","241449","3","1","0","08","16","7","","0","1","0","0","0"
"POINT (13.480334165000045 52.518990814000063)","Unfall 241450 (2023) Kat:3, Licht: 0","241450","3","3","5","08","16","7","","0","1","1","0","0"
"POINT (13.515029671000036 52.567132838000077)","Unfall 241451 (2023) Kat:3, Licht: 0","241451","3","2","6","08","15","7","","0","0","1","1","0"
"POINT (13.497573187000057 52.416047491000029)","Unfall 241452 (2023) Kat:3, Licht: 0","241452","3","6","2","08","15","7","","0","0","1","0","0"
"POINT (13.207075282000062 52.563464637000038)","Unfall 241453 (2023) Kat:3, Licht: 0","241453","3","7","2","08","13","7","","0","0","1","0","0"
"POINT (13.416818371000033 52.519330001000071)","Unfall 241454 (2023) Kat:3, Licht: 0","241454","3","3","0","08","12","7","","0","0","1","0","0"
"POINT (13.369880743000067 52.451364075000072)","Unfall 241455 (2023) Kat:3, Licht: 0","241455","3","5","1","08","06","7","","0","0","1","0","0"
"POINT (13.401514992000045 52.583641195000041)","Unfall 241456 (2023) Kat:2, Licht: 2","241456","2","5","1","08","04","7","","2","0","1","0","0"
"POINT (13.606704791000027 52.533914896000056)","Unfall 241457 (2023) Kat:1, Licht: 2","241457","1","1","1","08","04","7","","2","0","0","0","1"
"POINT (13.487090413000033 52.465570131000050)","Unfall 241458 (2023) Kat:3, Licht: 0","241458","3","1","0","08","19","6","","0","0","0","0","1"
"POINT (13.304755485000044 52.496975195000061)","Unfall 241459 (2023) Kat:3, Licht: 0","241459","3","5","1","08","14","6","","0","1","1","0","0"
"POINT (13.415364058000023 52.520892436000054)","Unfall 241460 (2023) Kat:2, Licht: 0","241460","2","2","6","08","15","6","","0","0","1","1","0"
"POINT (13.538535872000068 52.557495045000053)","Unfall 241461 (2023) Kat:3, Licht: 0","241461","3","4","6","08","18","6","","0","1","0","0","0"
"POINT (13.322175081000069 52.484742241000049)","Unfall 241462 (2023) Kat:3, Licht: 2","241462","3","1","0","08","23","6","","2","1","0","0","0"
"POINT (13.368343646000028 52.556991197000059)","Unfall 241463 (2023) Kat:2, Licht: 1","241463","2","6","2","08","21","6","","1","0","1","0","0"
"POINT (13.303428072000031 52.475355484000033)","Unfall 241464 (2023) Kat:2, Licht: 0","241464","2","4","6","08","14","6","","0","0","0","1","1"
"POINT (13.350436067000032 52.513705495000067)","Unfall 241465 (2023) Kat:2, Licht: 2","241465","2","3","5","08","22","6","","2","1","1","0","0"
"POINT (13.452744419000055 52.512425820000033)","Unfall 241466 (2023) Kat:3, Licht: 1","241466","3","3","5","08","19","6","","1","0","1","0","0"
"POINT (13.310603729000036 52.500287246000028)","Unfall 241467 (2023) Kat:3, Licht: 0","241467","3","4","0","08","15","6","","0","0","0","1","0"
"POINT (13.422575047000066 52.544598879000034)","Unfall 241468 (2023) Kat:3, Licht: 0","241468","3","1","0","08","12","6","","0","0","0","0","0"
"POINT (13.430994839000050 52.512467539000056)","Unfall 241469 (2023) Kat:3, Licht: 0","241469","3","5","1","08","12","6","","0","0","1","0","1"
"POINT (13.360753980000027 52.595254766000039)","Unfall 241470 (2023) Kat:3, Licht: 0","241470","3","7","0","08","10","6","","0","1","0","0","0"
"POINT (13.432830928000044 52.605654378000054)","Unfall 241471 (2023) Kat:3, Licht: 0","241471","3","5","0","08","09","6","","0","1","1","0","0"
"POINT (13.609013872000048 52.492812280000066)","Unfall 241472 (2023) Kat:3, Licht: 0","241472","3","6","2","08","07","6","","0","0","1","0","0"
"POINT (13.179843975000040 52.505986097000061)","Unfall 241473 (2023) Kat:3, Licht: 0","241473","3","6","3","08","12","6","","0","1","0","0","0"
"POINT (13.374013827000056 52.503701400000068)","Unfall 241474 (2023) Kat:2, Licht: 0","241474","2","3","0","08","17","5","","0","1","1","0","0"
"POINT (13.304962423000063 52.495098445000053)","Unfall 241475 (2023) Kat:3, Licht: 0","241475","3","1","0","08","15","5","","0","1","0","0","0"
"POINT (13.573591002000057 52.444387874000029)","Unfall 241476 (2023) Kat:3, Licht: 0","241476","3","3","5","08","17","5","","0","1","0","0","0"
"POINT (13.396744481000042 52.523996620000048)","Unfall 241477 (2023) Kat:3, Licht: 0","241477","3","7","6","08","17","5","","0","0","0","1","0"
"POINT (13.309469491000073 52.491948076000028)","Unfall 241478 (2023) Kat:2, Licht: 0","241478","2","3","5","08","19","5","","0","0","1","0","0"
"POINT (13.326985006000029 52.464185046000068)","Unfall 241479 (2023) Kat:2, Licht: 0","241479","2","1","0","08","17","5","","0","0","0","0","0"
"POINT (13.198044088000074 52.535006691000035)","Unfall 241480 (2023) Kat:3, Licht: 0","241480","3","7","5","08","14","5","","0","0","1","0","1"
"POINT (13.322419458000070 52.485303767000062)","Unfall 241481 (2023) Kat:2, Licht: 0","241481","2","7","5","08","13","5","","0","0","1","0","0"
"POINT (13.352424185000075 52.492033377000041)","Unfall 241482 (2023) Kat:2, Licht: 0","241482","2","5","1","08","13","5","","0","1","0","0","0"
"POINT (13.373231008000062 52.538033885000061)","Unfall 241483 (2023) Kat:3, Licht: 0","241483","3","2","5","08","11","5","","0","1","1","0","0"
"POINT (13.469564002000027 52.452021544000047)","Unfall 241484 (2023) Kat:3, Licht: 0","241484","3","2","5","08","10","5","","0","0","1","0","1"
"POINT (13.468364113000064 52.433849951000070)","Unfall 241485 (2023) Kat:3, Licht: 0","241485","3","6","3","08","09","5","","0","1","0","0","0"
"POINT (13.376915592000046 52.476825604000055)","Unfall 241486 (2023) Kat:3, Licht: 0","241486","3","2","0","08","09","5","","0","0","1","0","0"
"POINT (13.269164637000074 52.485171207000064)","Unfall 241487 (2023) Kat:3, Licht: 2","241487","3","1","0","08","00","5","","2","0","0","0","1"
"POINT (13.181101701000046 52.481221575000063)","Unfall 241488 (2023) Kat:3, Licht: 0","241488","3","6","2","08","16","5","","0","0","1","0","0"
"POINT (13.399232142000074 52.512394118000032)","Unfall 241489 (2023) Kat:3, Licht: 0","241489","3","3","5","08","16","5","","0","1","1","0","0"
"POINT (13.366632594000066 52.493356468000059)","Unfall 241490 (2023) Kat:3, Licht: 0","241490","3","6","2","08","15","5","","0","0","1","0","0"
"POINT (13.442544199000054 52.547086934000049)","Unfall 241491 (2023) Kat:3, Licht: 0","241491","3","2","6","08","08","5","","0","0","1","1","0"
"POINT (13.227466459000027 52.528398897000045)","Unfall 241492 (2023) Kat:3, Licht: 0","241492","3","6","2","08","17","5","","0","0","1","0","1"
"POINT (13.528745047000029 52.565489267000032)","Unfall 241493 (2023) Kat:3, Licht: 0","241493","3","3","5","08","14","5","","0","1","1","0","0"
"POINT (13.207992430000047 52.538765499000078)","Unfall 241494 (2023) Kat:3, Licht: 0","241494","3","6","0","08","13","5","","0","0","1","0","1"
"POINT (13.498167130000070 52.509648503000051)","Unfall 241495 (2023) Kat:3, Licht: 0","241495","3","2","6","08","16","5","","0","0","0","1","0"
"POINT (13.504765026000030 52.563227488000052)","Unfall 241496 (2023) Kat:3, Licht: 0","241496","3","4","6","08","18","5","","0","0","0","1","0"
"POINT (13.395152498000073 52.517326505000028)","Unfall 241497 (2023) Kat:3, Licht: 0","241497","3","2","5","08","18","5","","0","1","1","0","0"
"POINT (13.356420699000068 52.535895361000030)","Unfall 241498 (2023) Kat:3, Licht: 0","241498","3","2","5","08","18","5","","0","1","1","0","0"
"POINT (13.330241227000045 52.513251895000053)","Unfall 241499 (2023) Kat:3, Licht: 0","241499","3","6","2","08","17","5","","0","0","1","0","0"
"POINT (13.385523843000044 52.507471736000070)","Unfall 241500 (2023) Kat:2, Licht: 0","241500","2","1","0","08","16","5","","0","0","1","0","1"
"POINT (13.257685244000072 52.513815617000034)","Unfall 241501 (2023) Kat:2, Licht: 0","241501","2","3","5","08","15","5","","0","1","1","0","0"
"POINT (13.404611340000031 52.504414437000037)","Unfall 241502 (2023) Kat:3, Licht: 0","241502","3","7","0","08","11","5","","0","1","0","0","0"
"POINT (13.402056365000021 52.527985706000038)","Unfall 241503 (2023) Kat:3, Licht: 0","241503","3","4","6","08","13","5","","0","0","1","1","0"
"POINT (13.372034961000054 52.469837213000062)","Unfall 241504 (2023) Kat:3, Licht: 0","241504","3","2","5","08","13","5","","0","0","1","0","0"
"POINT (13.402618460000042 52.523533580000048)","Unfall 241505 (2023) Kat:3, Licht: 0","241505","3","1","0","08","13","5","","0","1","0","0","0"
"POINT (13.375608881000062 52.540223720000029)","Unfall 241506 (2023) Kat:3, Licht: 0","241506","3","3","5","08","12","5","","0","0","1","0","0"
"POINT (13.387650061000045 52.523939168000027)","Unfall 241507 (2023) Kat:3, Licht: 0","241507","3","1","0","08","12","5","","0","1","0","0","0"
"POINT (13.339406760000031 52.503207504000045)","Unfall 241508 (2023) Kat:2, Licht: 2","241508","2","2","5","08","02","5","","2","0","1","0","0"
"POINT (13.367398946000037 52.525960940000061)","Unfall 241509 (2023) Kat:2, Licht: 2","241509","2","2","6","08","07","3","","2","0","1","1","0"
"POINT (13.537190257000077 52.485579284000039)","Unfall 241510 (2023) Kat:3, Licht: 0","241510","3","3","5","08","11","4","","0","0","1","0","1"
"POINT (13.401746383000045 52.528960924000046)","Unfall 241511 (2023) Kat:3, Licht: 0","241511","3","3","0","08","08","4","","0","1","0","0","0"
"POINT (13.350510438000072 52.503504706000058)","Unfall 241512 (2023) Kat:3, Licht: 0","241512","3","7","0","08","16","4","","0","0","0","0","1"
"POINT (13.426429324000026 52.515855314000078)","Unfall 241513 (2023) Kat:2, Licht: 0","241513","2","3","5","08","15","4","","0","0","1","0","0"
"POINT (13.388364074000037 52.501985208000065)","Unfall 241514 (2023) Kat:3, Licht: 0","241514","3","5","1","08","18","4","","0","1","1","0","0"
"POINT (13.302423572000066 52.419917307000048)","Unfall 241515 (2023) Kat:2, Licht: 0","241515","2","1","0","08","18","4","","0","0","0","0","0"
"POINT (13.303271295000059 52.429044152000074)","Unfall 241516 (2023) Kat:3, Licht: 0","241516","3","2","5","08","12","4","","0","1","1","0","0"
"POINT (13.519711775000076 52.578605740000057)","Unfall 241517 (2023) Kat:3, Licht: 0","241517","3","3","5","08","11","4","","0","0","1","0","1"
"POINT (13.176338501000032 52.549188805000028)","Unfall 241518 (2023) Kat:3, Licht: 0","241518","3","5","1","08","10","4","","0","0","1","0","0"
"POINT (13.147540685000024 52.554631063000045)","Unfall 241519 (2023) Kat:2, Licht: 0","241519","2","2","5","08","15","4","","0","1","1","0","0"
"POINT (13.440601443000048 52.516992088000052)","Unfall 241520 (2023) Kat:3, Licht: 0","241520","3","2","0","08","15","4","","0","0","1","0","0"
"POINT (13.510178557000074 52.453741669000067)","Unfall 241521 (2023) Kat:3, Licht: 0","241521","3","6","2","08","15","4","","0","0","1","0","1"
"POINT (13.374022728000057 52.547776753000051)","Unfall 241522 (2023) Kat:3, Licht: 0","241522","3","6","2","08","14","4","","0","0","1","0","0"
"POINT (13.307573868000077 52.568018885000072)","Unfall 241523 (2023) Kat:3, Licht: 0","241523","3","3","0","08","09","4","","0","1","0","0","0"
"POINT (13.420047729000032 52.508046544000081)","Unfall 241524 (2023) Kat:3, Licht: 0","241524","3","1","0","08","09","4","","0","0","1","0","1"
"POINT (13.452222023000047 52.452389354000047)","Unfall 241525 (2023) Kat:3, Licht: 0","241525","3","3","5","08","09","4","","0","0","1","0","0"
"POINT (13.327051074000053 52.502802495000026)","Unfall 241526 (2023) Kat:3, Licht: 0","241526","3","6","2","08","19","3","","0","0","1","0","0"
"POINT (13.293785496000055 52.487550125000041)","Unfall 241527 (2023) Kat:3, Licht: 0","241527","3","5","1","08","18","3","","0","1","1","0","0"
"POINT (13.314386996000053 52.509463435000043)","Unfall 241528 (2023) Kat:3, Licht: 0","241528","3","6","2","08","17","3","","0","0","1","0","1"
"POINT (13.150508340000044 52.418537712000045)","Unfall 241529 (2023) Kat:2, Licht: 0","241529","2","2","5","08","17","3","","0","1","1","0","0"
"POINT (13.490919400000053 52.543282965000060)","Unfall 241530 (2023) Kat:3, Licht: 0","241530","3","1","0","08","13","3","","0","0","0","0","1"
"POINT (13.408050867000043 52.549969580000038)","Unfall 241531 (2023) Kat:3, Licht: 0","241531","3","3","5","08","13","3","","0","1","0","0","1"
"POINT (13.435151918000031 52.436743456000045)","Unfall 241532 (2023) Kat:3, Licht: 0","241532","3","6","3","08","13","3","","0","0","1","0","0"
"POINT (13.495264201000055 52.431671087000041)","Unfall 241533 (2023) Kat:3, Licht: 0","241533","3","3","5","08","10","3","","0","0","1","0","0"
"POINT (13.353778891000047 52.561839242000076)","Unfall 241534 (2023) Kat:3, Licht: 0","241534","3","6","3","08","09","3","","0","0","1","0","1"
"POINT (13.442960113000026 52.500543130000040)","Unfall 241535 (2023) Kat:3, Licht: 2","241535","3","6","2","08","23","3","","2","0","1","0","0"
"POINT (13.205715646000044 52.541604999000072)","Unfall 241536 (2023) Kat:3, Licht: 0","241536","3","2","5","08","14","3","","0","0","1","0","0"
"POINT (13.379695646000073 52.552847360000044)","Unfall 241537 (2023) Kat:3, Licht: 0","241537","3","2","5","08","12","3","","0","1","1","0","0"
"POINT (13.179247747000034 52.533772401000078)","Unfall 241538 (2023) Kat:3, Licht: 0","241538","3","3","5","08","18","3","","0","0","1","0","0"
"POINT (13.409126204000074 52.528382587000067)","Unfall 241539 (2023) Kat:3, Licht: 0","241539","3","5","1","08","18","3","","0","1","1","0","0"
"POINT (13.429564802000073 52.481347999000036)","Unfall 241540 (2023) Kat:2, Licht: 0","241540","2","2","6","08","13","3","","0","0","1","1","0"
"POINT (13.591799076000029 52.529220455000029)","Unfall 241541 (2023) Kat:3, Licht: 0","241541","3","3","5","08","05","3","","0","0","1","0","0"
"POINT (13.340189743000053 52.502667594000059)","Unfall 241542 (2023) Kat:3, Licht: 0","241542","3","7","6","07","18","2","","0","0","0","1","0"
"POINT (13.407833151000034 52.526767838000069)","Unfall 241543 (2023) Kat:3, Licht: 0","241543","3","5","1","07","18","2","","0","1","1","0","0"
"POINT (13.349451335000026 52.542241147000027)","Unfall 241544 (2023) Kat:3, Licht: 0","241544","3","2","5","07","20","2","","0","0","1","0","0"
"POINT (13.210531831000026 52.527725231000034)","Unfall 241545 (2023) Kat:3, Licht: 0","241545","3","5","1","07","18","2","","0","1","1","0","0"
"POINT (13.468392654000070 52.499702246000027)","Unfall 241546 (2023) Kat:3, Licht: 0","241546","3","2","5","07","18","2","","0","0","1","0","0"
"POINT (13.289769530000058 52.470110673000079)","Unfall 241547 (2023) Kat:3, Licht: 0","241547","3","3","5","07","15","2","","0","0","1","0","0"
"POINT (13.464045302000045 52.513009065000062)","Unfall 241548 (2023) Kat:3, Licht: 0","241548","3","3","5","07","14","2","","0","1","1","0","0"
"POINT (13.197887788000060 52.521949837000079)","Unfall 241549 (2023) Kat:3, Licht: 0","241549","3","6","2","07","11","2","","0","0","1","0","1"
"POINT (13.424930205000067 52.481416722000063)","Unfall 241550 (2023) Kat:3, Licht: 0","241550","3","5","1","07","09","2","","0","1","1","0","0"
"POINT (13.204874486000051 52.530205559000080)","Unfall 241551 (2023) Kat:3, Licht: 0","241551","3","2","5","07","06","2","","0","0","1","0","0"
"POINT (13.370708705000027 52.523514844000033)","Unfall 241552 (2023) Kat:2, Licht: 2","241552","2","3","5","07","23","2","","2","0","1","0","1"
"POINT (13.588232767000022 52.525519817000031)","Unfall 241553 (2023) Kat:2, Licht: 2","241553","2","5","1","07","22","2","","2","0","1","0","0"
"POINT (13.426081642000042 52.543109390000041)","Unfall 241554 (2023) Kat:3, Licht: 2","241554","3","6","3","07","21","2","","2","1","1","0","0"
"POINT (13.418397515000038 52.517439150000030)","Unfall 241555 (2023) Kat:3, Licht: 0","241555","3","3","5","07","18","2","","0","0","1","0","0"
"POINT (13.267033277000053 52.514357075000078)","Unfall 241556 (2023) Kat:3, Licht: 0","241556","3","3","5","07","15","2","","0","0","1","0","1"
"POINT (13.280041893000032 52.520046696000065)","Unfall 241557 (2023) Kat:3, Licht: 0","241557","3","3","5","07","12","2","","0","0","1","0","1"
"POINT (13.307310012000073 52.498507452000069)","Unfall 241558 (2023) Kat:3, Licht: 2","241558","3","5","1","07","01","2","","2","0","1","0","0"
"POINT (13.364446131000022 52.478504720000046)","Unfall 241559 (2023) Kat:3, Licht: 2","241559","3","3","5","07","00","2","","2","1","1","0","0"
"POINT (13.394817628000055 52.524497706000034)","Unfall 241560 (2023) Kat:3, Licht: 2","241560","3","6","3","07","01","1","","2","1","0","0","0"
"POINT (13.339739161000068 52.564041381000038)","Unfall 241561 (2023) Kat:2, Licht: 2","241561","2","1","1","07","21","1","","2","0","1","0","0"
"POINT (13.479077710000070 52.523039566000080)","Unfall 241562 (2023) Kat:3, Licht: 2","241562","3","6","2","07","21","1","","2","0","1","0","0"
"POINT (13.407346224000037 52.591033525000057)","Unfall 241563 (2023) Kat:3, Licht: 1","241563","3","7","6","07","20","1","","1","0","0","1","1"
"POINT (13.367923344000076 52.449236747000043)","Unfall 241564 (2023) Kat:3, Licht: 0","241564","3","1","9","07","17","1","","0","0","1","0","0"
"POINT (13.143772600000034 52.526550706000080)","Unfall 241565 (2023) Kat:3, Licht: 0","241565","3","1","0","07","16","1","","0","0","0","0","1"
"POINT (13.445219921000046 52.553798470000061)","Unfall 241566 (2023) Kat:3, Licht: 0","241566","3","2","5","07","12","1","","0","1","1","0","0"
"POINT (13.579146984000033 52.443674640000040)","Unfall 241567 (2023) Kat:3, Licht: 0","241567","3","1","0","07","12","1","","0","1","0","0","0"
"POINT (13.211502088000032 52.533615056000031)","Unfall 241568 (2023) Kat:2, Licht: 0","241568","2","1","8","07","10","1","","0","0","1","0","0"
"POINT (13.313880312000038 52.490388364000069)","Unfall 241569 (2023) Kat:3, Licht: 0","241569","3","2","6","07","07","1","","0","0","1","1","0"
"POINT (13.390726989000029 52.517302209000036)","Unfall 241570 (2023) Kat:3, Licht: 2","241570","3","3","5","07","23","1","","2","0","1","0","0"
"POINT (13.511270367000066 52.444986785000026)","Unfall 241571 (2023) Kat:3, Licht: 0","241571","3","2","5","07","17","1","","0","1","1","0","0"
"POINT (13.399177438000038 52.498285741000075)","Unfall 241572 (2023) Kat:3, Licht: 0","241572","3","6","2","07","17","1","","0","0","1","0","0"
"POINT (13.427190840000037 52.444715627000051)","Unfall 241573 (2023) Kat:3, Licht: 2","241573","3","7","0","07","01","1","","2","0","0","0","1"
"POINT (13.403820336000024 52.503352253000060)","Unfall 241574 (2023) Kat:3, Licht: 2","241574","3","3","5","07","00","1","","2","0","1","0","0"
"POINT (13.347095588000059 52.501030404000062)","Unfall 241575 (2023) Kat:3, Licht: 2","241575","3","2","5","07","00","1","","2","0","1","0","0"
"POINT (13.185415467000041 52.551407629000039)","Unfall 241576 (2023) Kat:2, Licht: 0","241576","2","1","0","07","17","7","","0","0","0","0","0"
"POINT (13.382104457000025 52.522986864000075)","Unfall 241577 (2023) Kat:3, Licht: 2","241577","3","1","0","07","23","7","","2","0","0","0","0"
"POINT (13.351943892000065 52.535360142000059)","Unfall 241578 (2023) Kat:3, Licht: 0","241578","3","5","1","07","14","7","","0","1","1","0","0"
"POINT (13.333523602000071 52.495210841000073)","Unfall 241579 (2023) Kat:3, Licht: 2","241579","3","5","1","08","02","4","","2","0","1","0","0"
"POINT (13.317080243000078 52.486512605000030)","Unfall 241580 (2023) Kat:3, Licht: 0","241580","3","6","1","07","20","7","","0","0","1","0","0"
"POINT (13.519134695000048 52.513466085000061)","Unfall 241581 (2023) Kat:2, Licht: 0","241581","2","2","5","07","15","7","","0","0","1","0","0"
"POINT (13.472868993000077 52.449004806000062)","Unfall 241582 (2023) Kat:2, Licht: 0","241582","2","6","4","07","14","7","","0","0","1","0","1"
"POINT (13.347028399000067 52.591424696000047)","Unfall 241583 (2023) Kat:3, Licht: 0","241583","3","3","5","07","13","7","","0","0","1","0","0"
"POINT (13.427619626000023 52.474377767000078)","Unfall 241584 (2023) Kat:3, Licht: 2","241584","3","4","6","07","23","7","","2","0","1","1","0"
"POINT (13.490255882000042 52.514515178000067)","Unfall 241585 (2023) Kat:3, Licht: 0","241585","3","6","3","07","20","7","","0","1","1","0","0"
"POINT (13.494935992000023 52.412647138000068)","Unfall 241586 (2023) Kat:2, Licht: 0","241586","2","3","5","07","16","7","","0","0","1","0","0"
"POINT (13.354668212000036 52.429348895000032)","Unfall 241587 (2023) Kat:3, Licht: 0","241587","3","6","2","08","09","5","","0","0","1","0","0"
"POINT (13.585658620000061 52.523649277000061)","Unfall 241588 (2023) Kat:2, Licht: 0","241588","2","3","5","07","16","7","","0","1","1","0","0"
"POINT (13.475643174000027 52.456114343000081)","Unfall 241589 (2023) Kat:3, Licht: 0","241589","3","2","2","07","15","7","","0","0","1","0","1"
"POINT (13.384184050000044 52.555644701000062)","Unfall 241590 (2023) Kat:3, Licht: 0","241590","3","4","6","07","15","7","","0","1","0","1","0"
"POINT (13.588296730000025 52.549180560000082)","Unfall 241591 (2023) Kat:3, Licht: 0","241591","3","7","0","07","15","7","","0","0","1","0","0"
"POINT (13.429343558000028 52.498282321000033)","Unfall 241592 (2023) Kat:3, Licht: 0","241592","3","5","1","07","10","7","","0","1","1","0","0"
"POINT (13.435388814000078 52.440368044000081)","Unfall 241593 (2023) Kat:2, Licht: 0","241593","2","1","0","07","06","7","","0","0","0","0","1"
"POINT (13.589261953000062 52.545076543000050)","Unfall 241594 (2023) Kat:3, Licht: 2","241594","3","6","3","07","04","7","","2","0","0","0","1"
"POINT (13.458022102000029 52.513009044000057)","Unfall 241595 (2023) Kat:3, Licht: 2","241595","3","7","6","07","23","7","","2","0","0","1","0"
"POINT (13.576495482000041 52.402166197000042)","Unfall 241596 (2023) Kat:3, Licht: 2","241596","3","5","1","07","23","7","","2","1","1","0","0"
"POINT (13.387404038000057 52.531526838000048)","Unfall 241597 (2023) Kat:2, Licht: 0","241597","2","1","0","07","18","7","","0","0","0","0","1"
"POINT (13.569684224000071 52.441912218000027)","Unfall 241598 (2023) Kat:3, Licht: 0","241598","3","3","5","07","17","7","","0","0","1","0","0"
"POINT (13.328445759000033 52.526815801000055)","Unfall 241599 (2023) Kat:3, Licht: 0","241599","3","5","1","07","14","7","","0","1","1","0","0"
"POINT (13.401250642000036 52.569217494000043)","Unfall 241600 (2023) Kat:3, Licht: 0","241600","3","2","5","07","11","7","","0","1","1","0","0"
"POINT (13.184668177000049 52.515430051000067)","Unfall 241601 (2023) Kat:3, Licht: 1","241601","3","2","5","07","20","7","","1","0","1","0","0"
"POINT (13.447098330000074 52.498300893000078)","Unfall 241602 (2023) Kat:3, Licht: 0","241602","3","5","1","07","21","6","","0","1","1","0","0"
"POINT (13.468212801000050 52.427694374000055)","Unfall 241603 (2023) Kat:2, Licht: 0","241603","2","3","5","07","21","6","","0","0","1","0","0"
"POINT (13.383592681000039 52.493862919000037)","Unfall 241604 (2023) Kat:2, Licht: 0","241604","2","2","6","07","19","6","","0","0","1","1","0"
"POINT (13.553299688000038 52.469611154000063)","Unfall 241605 (2023) Kat:3, Licht: 0","241605","3","3","5","07","16","6","","0","0","1","0","1"
"POINT (13.348772433000022 52.458919780000031)","Unfall 241606 (2023) Kat:3, Licht: 0","241606","3","2","5","07","15","6","","0","0","1","0","0"
"POINT (13.350497681000036 52.503098383000065)","Unfall 241607 (2023) Kat:3, Licht: 0","241607","3","6","2","07","15","6","","0","0","1","0","1"
"POINT (13.178081172000077 52.548772775000032)","Unfall 241608 (2023) Kat:3, Licht: 0","241608","3","2","5","07","13","6","","0","0","1","0","0"
"POINT (13.452442001000065 52.452579596000078)","Unfall 241609 (2023) Kat:3, Licht: 0","241609","3","2","6","07","13","6","","0","0","1","1","0"
"POINT (13.452181662000044 52.452567089000070)","Unfall 241610 (2023) Kat:3, Licht: 0","241610","3","2","5","07","13","6","","0","0","1","0","1"