WKT,Name,OBJECTID,UKATEGORIE,UTYP1,UART,UMONAT,USTUNDE,UWOCHENTAG,STRZUSTAND,ULICHTVERH,ISTRAD,ISTPKW,ISTFUSS,ISTKRAD
"POINT (13.434465041000067 52.490632285000061)","Unfall 241611 (2023) Kat:3, Licht: 0","241611","3","3","0","07","12","6","","0","0","0","0","1"
"POINT (13.454672365000022 52.465286888000037)","Unfall 241612 (2023) Kat:2, Licht: 2","241612","2","1","9","07","04","6","","2","0","1","0","0"
"POINT (13.515703502000065 52.420852886000034)","Unfall 241613 (2023) Kat:3, Licht: 1","241613","3","2","0","07","05","6","","1","0","0","0","1"
"POINT (13.323819012000058 52.465173345000039)","Unfall 241614 (2023) Kat:3, Licht: 0","241614","3","7","2","07","21","6","","0","1","1","0","0"
"POINT (13.315322507000076 52.452367064000043)","Unfall 241615 (2023) Kat:3, Licht: 0","241615","3","3","5","07","14","6","","0","0","1","0","0"
"POINT (13.432662168000036 52.422160806000079)","Unfall 241616 (2023) Kat:3, Licht: 0","241616","3","6","2","07","14","6","","0","0","1","0","0"
"POINT (13.383347912000033 52.548581778000027)","Unfall 241617 (2023) Kat:2, Licht: 0","241617","2","3","5","07","09","6","","0","1","1","0","0"
"POINT (13.398287355000036 52.523544356000059)","Unfall 241618 (2023) Kat:3, Licht: 2","241618","3","1","0","07","22","5","","2","1","0","0","0"
"POINT (13.291158770000038 52.581117222000046)","Unfall 241619 (2023) Kat:3, Licht: 2","241619","3","7","5","07","22","5","","2","0","1","0","0"
"POINT (13.370839430000046 52.517856288000075)","Unfall 241620 (2023) Kat:3, Licht: 0","241620","3","3","5","07","18","5","","0","0","1","0","0"
"POINT (13.334399284000028 52.526901083000041)","Unfall 241621 (2023) Kat:3, Licht: 1","241621","3","7","6","07","19","5","","1","0","1","1","0"
"POINT (13.163037007000071 52.465322347000040)","Unfall 241622 (2023) Kat:3, Licht: 0","241622","3","3","0","07","17","5","","0","0","1","0","1"
"POINT (13.286607747000062 52.591328848000046)","Unfall 241623 (2023) Kat:3, Licht: 0","241623","3","3","5","07","17","5","","0","1","1","0","0"
"POINT (13.296135330000027 52.443490552000071)","Unfall 241624 (2023) Kat:3, Licht: 0","241624","3","6","2","07","17","5","","0","0","1","0","0"
"POINT (13.393062529000076 52.514933974000030)","Unfall 241625 (2023) Kat:3, Licht: 0","241625","3","3","5","07","16","5","","0","1","1","0","0"
"POINT (13.246089904000030 52.515598181000030)","Unfall 241626 (2023) Kat:3, Licht: 0","241626","3","6","6","07","16","5","","0","1","0","1","0"
"POINT (13.393927618000077 52.572598826000046)","Unfall 241627 (2023) Kat:3, Licht: 0","241627","3","1","8","07","15","5","","0","0","1","0","0"
"POINT (13.293975947000035 52.491343419000032)","Unfall 241628 (2023) Kat:3, Licht: 0","241628","3","7","2","07","15","5","","0","0","1","0","0"
"POINT (13.338573869000072 52.494597258000056)","Unfall 241629 (2023) Kat:3, Licht: 0","241629","3","1","0","07","14","5","","0","0","0","0","1"
"POINT (13.360999340000035 52.570419474000062)","Unfall 241630 (2023) Kat:3, Licht: 0","241630","3","2","5","07","10","5","","0","1","1","0","0"
"POINT (13.320757724000032 52.465993936000075)","Unfall 241631 (2023) Kat:3, Licht: 0","241631","3","7","5","07","10","5","","0","0","1","0","1"
"POINT (13.440454415000033 52.467384894000077)","Unfall 241632 (2023) Kat:3, Licht: 0","241632","3","3","5","07","16","5","","0","0","1","0","1"
"POINT (13.387944103000052 52.560714251000036)","Unfall 241633 (2023) Kat:3, Licht: 0","241633","3","6","2","07","13","5","","0","0","1","0","0"
"POINT (13.280459101000076 52.575692264000054)","Unfall 241634 (2023) Kat:3, Licht: 0","241634","3","7","5","07","13","5","","0","0","1","0","0"
"POINT (13.429245899000023 52.481739412000081)","Unfall 241635 (2023) Kat:3, Licht: 0","241635","3","4","6","07","13","5","","0","0","1","1","0"
"POINT (13.294445808000035 52.533166962000053)","Unfall 241636 (2023) Kat:3, Licht: 0","241636","3","6","2","07","13","5","","0","0","1","0","0"
"POINT (13.415779098000030 52.488042781000047)","Unfall 241637 (2023) Kat:3, Licht: 0","241637","3","7","0","07","09","5","","0","0","0","0","1"
"POINT (13.440581983000072 52.501783008000075)","Unfall 241638 (2023) Kat:3, Licht: 0","241638","3","4","6","07","17","2","","0","1","1","1","0"
"POINT (13.525071801000024 52.480487368000070)","Unfall 241639 (2023) Kat:2, Licht: 2","241639","2","1","0","07","21","5","","2","0","0","0","1"
"POINT (13.348938941000029 52.496329845000048)","Unfall 241640 (2023) Kat:3, Licht: 0","241640","3","7","5","07","20","4","","0","1","1","0","0"
"POINT (13.372875445000034 52.543994503000079)","Unfall 241641 (2023) Kat:3, Licht: 0","241641","3","7","5","07","19","4","","0","0","1","0","1"
"POINT (13.400435534000053 52.490469808000057)","Unfall 241642 (2023) Kat:3, Licht: 0","241642","3","2","4","07","18","4","","0","1","1","0","0"
"POINT (13.375908751000054 52.528540109000062)","Unfall 241643 (2023) Kat:3, Licht: 0","241643","3","7","2","07","16","4","","0","0","1","0","1"
"POINT (13.300042931000064 52.509683057000075)","Unfall 241644 (2023) Kat:3, Licht: 0","241644","3","3","5","07","16","4","","0","1","1","0","0"
"POINT (13.370686924000040 52.545310495000081)","Unfall 241645 (2023) Kat:3, Licht: 0","241645","3","6","2","07","16","4","","0","0","1","0","0"
"POINT (13.322708706000071 52.488586476000080)","Unfall 241646 (2023) Kat:3, Licht: 0","241646","3","2","5","08","18","6","","0","1","1","0","0"
"POINT (13.334203023000043 52.610434737000048)","Unfall 241647 (2023) Kat:3, Licht: 0","241647","3","3","5","07","14","4","","0","1","1","0","0"
"POINT (13.565013293000050 52.522267309000028)","Unfall 241648 (2023) Kat:3, Licht: 0","241648","3","3","5","07","09","4","","0","1","1","0","0"
"POINT (13.348930780000046 52.457368464000069)","Unfall 241649 (2023) Kat:3, Licht: 0","241649","3","6","2","07","08","4","","0","0","1","0","1"
"POINT (13.515290251000067 52.465083331000073)","Unfall 241650 (2023) Kat:3, Licht: 0","241650","3","1","0","07","15","4","","0","1","0","0","0"
"POINT (13.386279630000047 52.490076842000065)","Unfall 241651 (2023) Kat:3, Licht: 0","241651","3","2","5","07","12","4","","0","1","1","0","0"
"POINT (13.343198193000035 52.527944367000032)","Unfall 241652 (2023) Kat:2, Licht: 0","241652","2","7","6","07","12","4","","0","0","0","1","0"
"POINT (13.388336747000039 52.424854546000063)","Unfall 241653 (2023) Kat:3, Licht: 0","241653","3","7","5","07","16","4","","0","0","0","0","0"
"POINT (13.406594609000024 52.535579284000050)","Unfall 241654 (2023) Kat:3, Licht: 0","241654","3","2","5","07","14","4","","0","1","1","0","0"
"POINT (13.490798169000072 52.549511902000063)","Unfall 241655 (2023) Kat:3, Licht: 0","241655","3","2","5","07","09","2","","0","1","1","0","0"
"POINT (13.289382147000026 52.477360859000044)","Unfall 241656 (2023) Kat:3, Licht: 0","241656","3","5","1","07","13","4","","0","1","1","0","0"
"POINT (13.394266314000049 52.497569310000074)","Unfall 241657 (2023) Kat:3, Licht: 0","241657","3","5","1","07","18","4","","0","1","1","0","1"
"POINT (13.403080476000071 52.524569703000054)","Unfall 241658 (2023) Kat:3, Licht: 0","241658","3","1","0","07","17","4","","0","1","0","0","0"
"POINT (13.392417781000063 52.564022015000035)","Unfall 241659 (2023) Kat:3, Licht: 0","241659","3","6","2","07","16","4","","0","0","1","0","0"
"POINT (13.465508454000030 52.480856763000077)","Unfall 241660 (2023) Kat:3, Licht: 0","241660","3","5","1","07","16","4","","0","0","1","0","1"
"POINT (13.319851321000044 52.486514036000074)","Unfall 241661 (2023) Kat:3, Licht: 0","241661","3","4","6","07","16","4","","0","0","1","1","0"
"POINT (13.323757046000026 52.609250833000033)","Unfall 241662 (2023) Kat:3, Licht: 0","241662","3","3","5","07","15","4","","0","0","1","0","0"
"POINT (13.320132358000023 52.470068331000050)","Unfall 241663 (2023) Kat:3, Licht: 0","241663","3","5","1","07","13","4","","0","0","1","0","0"
"POINT (13.457497337000063 52.486442943000043)","Unfall 241664 (2023) Kat:3, Licht: 0","241664","3","2","5","07","12","4","","0","1","1","0","0"
"POINT (13.290207596000073 52.497220094000056)","Unfall 241665 (2023) Kat:2, Licht: 0","241665","2","3","5","07","09","4","","0","0","1","0","0"
"POINT (13.321713962000047 52.538920897000082)","Unfall 241666 (2023) Kat:3, Licht: 0","241666","3","7","5","07","09","4","","0","0","1","0","1"
"POINT (13.183584372000041 52.513897634000045)","Unfall 241667 (2023) Kat:3, Licht: 0","241667","3","3","5","07","13","4","","0","0","1","0","1"
"POINT (13.476658208000060 52.533152643000051)","Unfall 241668 (2023) Kat:3, Licht: 0","241668","3","6","2","07","17","3","","0","0","1","0","0"
"POINT (13.374531330000025 52.528037558000051)","Unfall 241669 (2023) Kat:3, Licht: 0","241669","3","6","0","07","11","3","","0","0","1","0","0"
"POINT (13.339342758000043 52.461567471000080)","Unfall 241670 (2023) Kat:3, Licht: 0","241670","3","6","4","07","18","3","","0","0","1","0","0"
"POINT (13.588375996000025 52.519169427000065)","Unfall 241671 (2023) Kat:3, Licht: 0","241671","3","4","6","08","15","2","","0","0","1","1","0"
"POINT (13.426262095000027 52.575906273000044)","Unfall 241672 (2023) Kat:2, Licht: 0","241672","2","6","2","07","10","3","","0","0","1","0","0"
"POINT (13.337804591000065 52.466869982000048)","Unfall 241673 (2023) Kat:3, Licht: 2","241673","3","3","5","07","02","3","","2","0","1","0","0"
"POINT (13.247392053000056 52.541583712000033)","Unfall 241674 (2023) Kat:3, Licht: 2","241674","3","1","0","07","22","3","","2","0","0","0","1"
"POINT (13.527853643000071 52.556763811000053)","Unfall 241675 (2023) Kat:2, Licht: 0","241675","2","6","3","07","19","3","","0","0","1","0","0"
"POINT (13.480238450000058 52.520447217000026)","Unfall 241676 (2023) Kat:3, Licht: 0","241676","3","7","7","07","16","3","","0","1","0","0","0"
"POINT (13.584387918000061 52.460031891000028)","Unfall 241677 (2023) Kat:3, Licht: 0","241677","3","4","6","07","15","3","","0","0","1","1","0"
"POINT (13.381840776000047 52.484518064000042)","Unfall 241678 (2023) Kat:3, Licht: 0","241678","3","3","5","07","11","3","","0","1","1","0","0"
"POINT (13.228474118000065 52.548461101000044)","Unfall 241679 (2023) Kat:2, Licht: 2","241679","2","1","1","07","22","3","","2","0","1","0","0"
"POINT (13.380527632000053 52.573900070000036)","Unfall 241680 (2023) Kat:3, Licht: 1","241680","3","2","5","07","21","3","","1","1","1","0","0"
"POINT (13.525762383000028 52.482690416000082)","Unfall 241681 (2023) Kat:3, Licht: 0","241681","3","2","5","07","10","4","","0","1","1","0","0"
"POINT (13.335506759000054 52.499240940000050)","Unfall 241682 (2023) Kat:3, Licht: 0","241682","3","2","5","07","08","3","","0","0","0","0","0"
"POINT (13.503125383000054 52.421169369000040)","Unfall 241683 (2023) Kat:3, Licht: 0","241683","3","2","5","08","19","3","","0","1","1","0","0"
"POINT (13.428095161000044 52.493458946000032)","Unfall 241684 (2023) Kat:3, Licht: 0","241684","3","3","5","07","18","3","","0","1","1","0","0"
"POINT (13.179265010000051 52.533917360000032)","Unfall 241685 (2023) Kat:3, Licht: 0","241685","3","2","2","07","18","3","","0","0","1","0","1"
"POINT (13.371354126000028 52.474637915000073)","Unfall 241686 (2023) Kat:3, Licht: 0","241686","3","3","5","07","18","3","","0","0","1","0","0"
"POINT (13.355578903000037 52.614931532000071)","Unfall 241687 (2023) Kat:3, Licht: 0","241687","3","3","2","07","17","3","","0","1","0","0","0"
"POINT (13.370771010000055 52.490812665000078)","Unfall 241688 (2023) Kat:3, Licht: 0","241688","3","2","5","07","16","3","","0","1","1","0","0"
"POINT (13.456776844000046 52.561169512000049)","Unfall 241689 (2023) Kat:3, Licht: 0","241689","3","6","0","07","15","3","","0","0","1","0","0"
"POINT (13.325442844000065 52.509410621000029)","Unfall 241690 (2023) Kat:3, Licht: 0","241690","3","6","3","07","12","3","","0","0","1","0","1"
"POINT (13.495732362000069 52.506002565000074)","Unfall 241691 (2023) Kat:3, Licht: 0","241691","3","2","2","07","12","3","","0","0","1","0","1"
"POINT (13.427789882000070 52.526715631000059)","Unfall 241692 (2023) Kat:3, Licht: 0","241692","3","7","0","07","09","3","","0","0","1","0","0"
"POINT (13.468399357000067 52.515790671000047)","Unfall 241693 (2023) Kat:3, Licht: 0","241693","3","5","1","07","09","3","","0","1","1","0","0"
"POINT (13.405903659000046 52.513938445000065)","Unfall 241694 (2023) Kat:3, Licht: 2","241694","3","1","0","07","02","3","","2","0","0","0","0"
"POINT (13.320662697000046 52.456744369000035)","Unfall 241695 (2023) Kat:3, Licht: 0","241695","3","2","5","07","14","2","","0","1","1","0","0"
"POINT (13.270857424000042 52.450975206000066)","Unfall 241696 (2023) Kat:3, Licht: 0","241696","3","2","5","07","14","2","","0","0","1","0","1"
"POINT (13.458661424000070 52.440186509000057)","Unfall 241697 (2023) Kat:2, Licht: 0","241697","2","3","5","07","21","2","","0","1","1","0","0"
"POINT (13.386856540000053 52.559443629000043)","Unfall 241698 (2023) Kat:2, Licht: 0","241698","2","4","6","07","20","2","","0","0","1","1","0"
"POINT (13.519210134000048 52.577736827000081)","Unfall 241699 (2023) Kat:2, Licht: 1","241699","2","7","0","07","20","2","","1","0","1","0","0"
"POINT (13.378924781000023 52.480621045000078)","Unfall 241700 (2023) Kat:3, Licht: 1","241700","3","3","5","07","20","2","","1","0","1","0","0"
"POINT (13.525225647000070 52.480906423000079)","Unfall 241701 (2023) Kat:2, Licht: 0","241701","2","1","0","07","06","2","","0","0","0","0","1"
"POINT (13.378135143000065 52.550291755000046)","Unfall 241702 (2023) Kat:3, Licht: 2","241702","3","7","5","07","20","2","","2","0","1","0","0"
"POINT (13.430369150000047 52.486223469000038)","Unfall 241703 (2023) Kat:3, Licht: 1","241703","3","2","6","07","20","2","","1","0","1","1","0"
"POINT (13.481375531000026 52.606484502000058)","Unfall 241704 (2023) Kat:2, Licht: 0","241704","2","3","5","07","14","2","","0","1","1","0","0"
"POINT (13.476230999000052 52.532946190000075)","Unfall 241705 (2023) Kat:3, Licht: 0","241705","3","2","5","07","14","2","","0","0","1","0","0"
"POINT (13.567306865000035 52.440351089000046)","Unfall 241706 (2023) Kat:3, Licht: 0","241706","3","5","1","07","16","2","","0","1","1","0","0"
"POINT (13.331193390000067 52.495418829000073)","Unfall 241707 (2023) Kat:3, Licht: 0","241707","3","3","5","07","16","2","","0","0","1","0","0"
"POINT (13.321022181000046 52.501927483000031)","Unfall 241708 (2023) Kat:3, Licht: 0","241708","3","7","6","07","15","2","","0","0","0","1","0"
"POINT (13.625631272000021 52.457539510000061)","Unfall 241709 (2023) Kat:3, Licht: 0","241709","3","3","5","07","15","2","","0","1","1","0","0"
"POINT (13.395641699000066 52.413217353000050)","Unfall 241710 (2023) Kat:3, Licht: 0","241710","3","6","2","08","16","7","","0","0","1","0","0"
"POINT (13.328520752000031 52.602880798000058)","Unfall 241711 (2023) Kat:3, Licht: 0","241711","3","5","0","07","11","2","","0","0","1","0","0"
"POINT (13.413326617000052 52.525175365000052)","Unfall 241712 (2023) Kat:3, Licht: 0","241712","3","3","5","07","09","2","","0","1","1","0","0"
"POINT (13.384283852000067 52.555794399000035)","Unfall 241713 (2023) Kat:3, Licht: 0","241713","3","1","0","07","14","2","","0","0","0","0","1"
"POINT (13.326567040000043 52.519404197000028)","Unfall 241714 (2023) Kat:3, Licht: 0","241714","3","1","0","07","14","2","","0","0","0","0","1"
"POINT (13.385781366000060 52.466095201000030)","Unfall 241715 (2023) Kat:3, Licht: 0","241715","3","3","5","07","10","2","","0","0","1","0","0"
"POINT (13.294512291000046 52.576169286000038)","Unfall 241716 (2023) Kat:3, Licht: 0","241716","3","3","5","07","07","2","","0","1","0","0","0"
"POINT (13.440111058000070 52.568101968000065)","Unfall 241717 (2023) Kat:3, Licht: 0","241717","3","6","2","07","06","2","","0","0","1","0","1"
"POINT (13.548861104000025 52.520470125000031)","Unfall 241718 (2023) Kat:3, Licht: 0","241718","3","5","4","07","14","2","","0","1","1","0","0"
"POINT (13.446188206000045 52.502830159000041)","Unfall 241719 (2023) Kat:3, Licht: 0","241719","3","6","2","07","20","1","","0","0","1","0","1"
"POINT (13.515371356000060 52.539755429000081)","Unfall 241720 (2023) Kat:3, Licht: 0","241720","3","7","0","07","20","1","","0","0","0","0","1"
"POINT (13.361578898000062 52.547937539000031)","Unfall 241721 (2023) Kat:2, Licht: 0","241721","2","2","5","07","17","1","","0","0","1","0","1"
"POINT (13.181607143000065 52.534075057000052)","Unfall 241722 (2023) Kat:2, Licht: 0","241722","2","2","2","07","17","1","","0","0","1","0","1"
"POINT (13.423363165000069 52.506872501000032)","Unfall 241723 (2023) Kat:3, Licht: 0","241723","3","3","5","07","17","1","","0","0","1","0","0"
"POINT (13.398915432000024 52.532577079000077)","Unfall 241724 (2023) Kat:2, Licht: 0","241724","2","2","5","07","16","1","","0","0","1","0","0"
"POINT (13.196993551000048 52.531242693000081)","Unfall 241725 (2023) Kat:2, Licht: 0","241725","2","3","5","07","09","1","","0","1","1","0","0"
"POINT (13.406025064000062 52.404334519000031)","Unfall 241726 (2023) Kat:3, Licht: 0","241726","3","1","8","07","05","1","","0","0","1","0","0"
"POINT (13.188406434000058 52.533339259000059)","Unfall 241727 (2023) Kat:3, Licht: 2","241727","3","1","0","07","00","1","","2","0","0","0","0"
"POINT (13.319541030000039 52.501537755000072)","Unfall 241728 (2023) Kat:3, Licht: 2","241728","3","2","5","07","00","1","","2","1","1","0","0"
"POINT (13.411770049000040 52.523965972000042)","Unfall 241729 (2023) Kat:3, Licht: 2","241729","3","2","5","07","00","1","","2","0","1","0","1"
"POINT (13.554986597000038 52.440385360000050)","Unfall 241730 (2023) Kat:2, Licht: 2","241730","2","2","5","07","21","1","","2","1","1","0","0"
"POINT (13.548560218000034 52.427612723000038)","Unfall 241731 (2023) Kat:2, Licht: 0","241731","2","2","5","07","15","1","","0","1","0","0","0"
"POINT (13.561449792000076 52.529543661000048)","Unfall 241732 (2023) Kat:3, Licht: 0","241732","3","3","5","07","12","1","","0","0","1","0","0"
"POINT (13.416736198000024 52.511536651000029)","Unfall 241733 (2023) Kat:3, Licht: 0","241733","3","5","1","07","11","1","","0","1","1","0","0"
"POINT (13.377750644000059 52.507872292000059)","Unfall 241734 (2023) Kat:3, Licht: 0","241734","3","3","5","07","15","7","","0","1","1","0","0"
"POINT (13.409208180000064 52.498382487000072)","Unfall 241735 (2023) Kat:3, Licht: 2","241735","3","1","0","07","22","7","","2","1","0","0","0"
"POINT (13.345867523000038 52.497035596000046)","Unfall 241736 (2023) Kat:2, Licht: 0","241736","2","3","5","07","14","7","","0","1","1","0","0"
"POINT (13.415391823000050 52.522722626000075)","Unfall 241737 (2023) Kat:3, Licht: 0","241737","3","3","5","08","11","5","","0","0","0","0","0"
"POINT (13.340549191000036 52.475916181000059)","Unfall 241738 (2023) Kat:3, Licht: 2","241738","3","6","0","07","22","7","","2","0","1","0","1"
"POINT (13.190845058000036 52.534357585000066)","Unfall 241739 (2023) Kat:2, Licht: 2","241739","2","4","6","07","22","7","","2","0","1","1","0"
"POINT (13.355905945000075 52.499238049000041)","Unfall 241740 (2023) Kat:3, Licht: 0","241740","3","7","6","07","21","7","","0","0","0","1","0"
"POINT (13.471596547000047 52.438218674000041)","Unfall 241741 (2023) Kat:3, Licht: 1","241741","3","5","1","07","20","7","","1","0","1","0","0"
"POINT (13.367127665000055 52.499134243000071)","Unfall 241742 (2023) Kat:3, Licht: 0","241742","3","7","6","07","19","7","","0","0","0","1","0"
"POINT (13.400033374000031 52.520396149000078)","Unfall 241743 (2023) Kat:3, Licht: 0","241743","3","7","6","07","14","7","","0","0","0","1","0"
"POINT (13.503025173000026 52.470249591000027)","Unfall 241744 (2023) Kat:3, Licht: 0","241744","3","3","5","08","13","4","","0","1","1","0","0"
"POINT (13.391141128000072 52.536212700000078)","Unfall 241745 (2023) Kat:3, Licht: 0","241745","3","2","5","07","10","7","","0","1","1","0","0"
"POINT (13.595715364000057 52.531374582000069)","Unfall 241746 (2023) Kat:3, Licht: 0","241746","3","3","5","07","09","7","","0","0","1","0","0"
"POINT (13.347393869000030 52.572149677000027)","Unfall 241747 (2023) Kat:2, Licht: 0","241747","2","3","5","07","09","7","","0","1","1","0","0"
"POINT (13.382887901000061 52.530700223000053)","Unfall 241748 (2023) Kat:3, Licht: 0","241748","3","2","6","07","12","7","","0","0","0","1","0"
"POINT (13.496109251000064 52.414730403000078)","Unfall 241749 (2023) Kat:3, Licht: 2","241749","3","5","1","07","22","7","","2","1","1","0","0"
"POINT (13.419446381000057 52.501492004000056)","Unfall 241750 (2023) Kat:3, Licht: 2","241750","3","4","6","07","22","7","","2","1","0","1","0"
"POINT (13.458633005000024 52.531903835000037)","Unfall 241751 (2023) Kat:3, Licht: 0","241751","3","5","4","07","16","7","","0","1","1","0","0"
"POINT (13.389138307000053 52.561905392000028)","Unfall 241752 (2023) Kat:3, Licht: 0","241752","3","4","6","07","12","7","","0","0","1","1","0"
"POINT (13.542590385000040 52.450015875000076)","Unfall 241753 (2023) Kat:2, Licht: 0","241753","2","1","0","07","12","6","","0","1","0","0","0"
"POINT (13.523458635000054 52.497334165000041)","Unfall 241754 (2023) Kat:3, Licht: 0","241754","3","4","0","07","14","6","","0","0","0","1","0"
"POINT (13.411822264000023 52.523967652000067)","Unfall 241755 (2023) Kat:3, Licht: 0","241755","3","2","5","08","14","1","","0","0","1","0","1"
"POINT (13.397127858000033 52.532478810000043)","Unfall 241756 (2023) Kat:3, Licht: 0","241756","3","2","5","07","19","6","","0","1","1","0","0"
"POINT (13.328421318000039 52.533014208000054)","Unfall 241757 (2023) Kat:2, Licht: 0","241757","2","2","5","07","18","6","","0","0","1","0","0"
"POINT (13.491815891000044 52.511796261000029)","Unfall 241758 (2023) Kat:2, Licht: 0","241758","2","2","5","07","15","6","","0","1","0","0","0"
"POINT (13.369389269000067 52.523023273000035)","Unfall 241759 (2023) Kat:3, Licht: 0","241759","3","5","1","07","11","6","","0","0","1","0","0"
"POINT (13.381230792000053 52.436105093000037)","Unfall 241760 (2023) Kat:3, Licht: 2","241760","3","1","1","07","22","6","","2","0","1","0","1"
"POINT (13.365627285000073 52.503105449000032)","Unfall 241761 (2023) Kat:3, Licht: 0","241761","3","2","5","07","17","6","","0","0","1","0","1"
"POINT (13.527244484000050 52.410233648000030)","Unfall 241762 (2023) Kat:3, Licht: 0","241762","3","5","1","07","16","6","","0","0","1","0","0"
"POINT (13.400970805000043 52.530063433000066)","Unfall 241763 (2023) Kat:3, Licht: 2","241763","3","5","1","07","22","6","","2","1","1","0","0"
"POINT (13.191044951000038 52.546268804000078)","Unfall 241764 (2023) Kat:3, Licht: 2","241764","3","6","0","07","22","6","","2","0","1","0","1"
"POINT (13.436016573000074 52.448630917000060)","Unfall 241765 (2023) Kat:3, Licht: 0","241765","3","6","2","07","15","6","","0","0","1","0","0"
"POINT (13.261624587000028 52.436932925000065)","Unfall 241766 (2023) Kat:3, Licht: 0","241766","3","2","5","07","14","6","","0","1","1","0","0"
"POINT (13.368240093000054 52.510644908000074)","Unfall 241767 (2023) Kat:3, Licht: 0","241767","3","6","2","07","16","6","","0","0","1","0","0"
"POINT (13.396277807000047 52.517497580000054)","Unfall 241768 (2023) Kat:3, Licht: 0","241768","3","3","5","07","13","6","","0","0","0","0","0"
"POINT (13.399281217000066 52.532100615000047)","Unfall 241769 (2023) Kat:3, Licht: 0","241769","3","4","6","07","15","1","","0","0","1","1","0"
"POINT (13.406821655000044 52.393769216000067)","Unfall 241770 (2023) Kat:3, Licht: 0","241770","3","2","5","07","15","6","","0","0","1","0","0"
"POINT (13.271702258000062 52.528391039000041)","Unfall 241771 (2023) Kat:3, Licht: 0","241771","3","6","2","07","13","6","","0","0","1","0","0"
"POINT (13.212580206000041 52.573245190000080)","Unfall 241772 (2023) Kat:2, Licht: 0","241772","2","3","5","07","10","6","","0","1","1","0","0"
"POINT (13.353123692000054 52.433263162000060)","Unfall 241773 (2023) Kat:3, Licht: 0","241773","3","2","5","07","09","6","","0","0","0","0","0"
"POINT (13.322712473000024 52.607606614000076)","Unfall 241774 (2023) Kat:3, Licht: 0","241774","3","6","3","07","10","2","","0","0","1","0","0"
"POINT (13.265498052000055 52.436695492000069)","Unfall 241775 (2023) Kat:3, Licht: 0","241775","3","3","5","07","09","6","","0","0","1","0","0"
"POINT (13.428811195000037 52.584447326000031)","Unfall 241776 (2023) Kat:2, Licht: 2","241776","2","2","5","07","22","6","","2","0","1","0","0"
"POINT (13.402785980000033 52.523461132000079)","Unfall 241777 (2023) Kat:3, Licht: 2","241777","3","1","0","07","21","6","","2","1","0","0","0"
"POINT (13.360878111000034 52.570370354000033)","Unfall 241778 (2023) Kat:3, Licht: 1","241778","3","6","3","07","20","6","","1","0","1","0","0"
"POINT (13.440697545000035 52.513405752000040)","Unfall 241779 (2023) Kat:3, Licht: 0","241779","3","2","5","07","09","6","","0","1","1","0","0"
"POINT (13.398151513000073 52.506908713000030)","Unfall 241780 (2023) Kat:3, Licht: 0","241780","3","6","3","07","16","6","","0","0","1","0","0"
"POINT (13.563954174000060 52.556480957000076)","Unfall 241781 (2023) Kat:2, Licht: 0","241781","2","3","5","07","16","6","","0","1","1","0","0"
"POINT (13.507921275000058 52.503088437000031)","Unfall 241782 (2023) Kat:3, Licht: 0","241782","3","1","0","07","15","6","","0","0","0","0","0"
"POINT (13.485066681000035 52.515633285000035)","Unfall 241783 (2023) Kat:3, Licht: 0","241783","3","6","3","07","12","6","","0","1","1","0","0"
"POINT (13.342113388000030 52.517961744000047)","Unfall 241784 (2023) Kat:3, Licht: 0","241784","3","2","5","07","08","6","","0","0","1","0","0"
"POINT (13.280819170000029 52.507073081000044)","Unfall 241785 (2023) Kat:3, Licht: 0","241785","3","2","0","07","17","6","","0","0","1","0","1"
"POINT (13.296438526000031 52.499541755000052)","Unfall 241786 (2023) Kat:3, Licht: 0","241786","3","5","1","07","14","6","","0","1","1","0","0"
"POINT (13.315737618000071 52.506115781000062)","Unfall 241787 (2023) Kat:3, Licht: 0","241787","3","2","5","07","11","6","","0","1","1","0","0"
"POINT (13.360338242000068 52.593058039000027)","Unfall 241788 (2023) Kat:3, Licht: 0","241788","3","7","0","07","11","6","","0","0","1","0","0"
"POINT (13.401297529000033 52.498428996000030)","Unfall 241789 (2023) Kat:2, Licht: 0","241789","2","5","1","07","11","6","","0","1","0","0","0"
"POINT (13.363233445000049 52.566256172000067)","Unfall 241790 (2023) Kat:3, Licht: 0","241790","3","7","6","07","11","6","","0","0","1","1","0"
"POINT (13.593638376000058 52.445445960000029)","Unfall 241791 (2023) Kat:2, Licht: 0","241791","2","1","0","07","20","5","","0","1","0","0","0"
"POINT (13.440586442000040 52.494302937000043)","Unfall 241792 (2023) Kat:3, Licht: 2","241792","3","3","5","07","00","5","","2","1","0","0","0"
"POINT (13.401291318000062 52.414504383000065)","Unfall 241793 (2023) Kat:3, Licht: 0","241793","3","3","5","07","18","5","","0","0","1","0","0"
"POINT (13.396286104000069 52.517459457000029)","Unfall 241794 (2023) Kat:3, Licht: 0","241794","3","3","5","07","06","5","","0","0","1","0","0"
"POINT (13.421733948000053 52.514376937000065)","Unfall 241795 (2023) Kat:3, Licht: 0","241795","3","2","5","07","10","5","","0","1","1","0","0"
"POINT (13.361635420000027 52.544914027000061)","Unfall 241796 (2023) Kat:3, Licht: 0","241796","3","2","0","08","16","7","","0","0","1","0","0"