WKT,Name,OBJECTID,UKATEGORIE,UTYP1,UART,UMONAT,USTUNDE,UWOCHENTAG,STRZUSTAND,ULICHTVERH,ISTRAD,ISTPKW,ISTFUSS,ISTKRAD
"POINT (13.415658666000070 52.509975413000063)","Unfall 241797 (2023) Kat:3, Licht: 2","241797","3","5","1","07","22","5","","2","1","1","0","0"
"POINT (13.502881876000060 52.442562695000049)","Unfall 241798 (2023) Kat:2, Licht: 2","241798","2","1","0","07","22","5","","2","1","0","0","0"
"POINT (13.307146486000022 52.498900825000078)","Unfall 241799 (2023) Kat:3, Licht: 0","241799","3","2","2","07","17","5","","0","0","1","0","1"
"POINT (13.447535561000052 52.564782340000079)","Unfall 241800 (2023) Kat:3, Licht: 0","241800","3","6","2","07","15","5","","0","0","1","0","0"
"POINT (13.485875109000062 52.521241048000036)","Unfall 241801 (2023) Kat:3, Licht: 0","241801","3","1","0","07","10","5","","0","1","0","0","0"
"POINT (13.334066063000023 52.541370185000062)","Unfall 241802 (2023) Kat:3, Licht: 0","241802","3","2","5","07","17","1","","0","1","0","0","0"
"POINT (13.319890721000036 52.501591495000071)","Unfall 241803 (2023) Kat:3, Licht: 0","241803","3","7","6","07","09","5","","0","0","1","1","0"
"POINT (13.617055657000037 52.540795457000058)","Unfall 241804 (2023) Kat:2, Licht: 0","241804","2","4","6","07","18","5","","0","0","1","1","0"
"POINT (13.482580673000029 52.516106435000040)","Unfall 241805 (2023) Kat:3, Licht: 0","241805","3","5","1","07","15","5","","0","1","1","0","0"
"POINT (13.431539168000029 52.543937079000045)","Unfall 241806 (2023) Kat:3, Licht: 0","241806","3","5","0","07","13","5","","0","1","1","0","0"
"POINT (13.376913128000069 52.479387379000059)","Unfall 241807 (2023) Kat:3, Licht: 0","241807","3","6","3","07","08","5","","0","1","1","0","0"
"POINT (13.363843823000025 52.508720458000028)","Unfall 241808 (2023) Kat:3, Licht: 0","241808","3","5","1","07","12","5","","0","1","1","0","0"
"POINT (13.370008892000044 52.564033033000044)","Unfall 241809 (2023) Kat:3, Licht: 2","241809","3","7","7","07","01","5","","2","0","1","0","0"
"POINT (13.355187220000062 52.486894781000046)","Unfall 241810 (2023) Kat:3, Licht: 0","241810","3","5","1","07","12","5","","0","0","1","0","0"
"POINT (13.415922709000029 52.459555034000061)","Unfall 241811 (2023) Kat:3, Licht: 0","241811","3","2","5","07","11","5","","0","1","1","0","0"
"POINT (13.380656198000054 52.434407685000053)","Unfall 241812 (2023) Kat:3, Licht: 2","241812","3","3","5","07","23","5","","2","0","1","0","0"
"POINT (13.371475918000044 52.492545906000032)","Unfall 241813 (2023) Kat:3, Licht: 0","241813","3","1","0","07","19","5","","0","0","0","0","1"
"POINT (13.416672651000056 52.418555430000026)","Unfall 241814 (2023) Kat:3, Licht: 0","241814","3","4","6","07","16","5","","0","0","0","1","1"
"POINT (13.538277366000045 52.554192721000049)","Unfall 241815 (2023) Kat:3, Licht: 1","241815","3","3","5","07","04","5","","1","1","1","0","0"
"POINT (13.324228436000055 52.461994589000028)","Unfall 241816 (2023) Kat:3, Licht: 0","241816","3","5","1","07","09","5","","0","0","1","0","1"
"POINT (13.469059855000069 52.570799042000033)","Unfall 241817 (2023) Kat:3, Licht: 0","241817","3","3","5","07","06","5","","0","1","1","0","0"
"POINT (13.387799762000043 52.548670728000047)","Unfall 241818 (2023) Kat:3, Licht: 2","241818","3","6","2","07","22","1","","2","0","1","0","0"
"POINT (13.405714053000054 52.551320842000052)","Unfall 241819 (2023) Kat:3, Licht: 0","241819","3","2","5","07","05","5","","0","0","1","0","1"
"POINT (13.373230884000066 52.590846841000030)","Unfall 241820 (2023) Kat:2, Licht: 1","241820","2","7","5","07","05","5","","1","0","0","0","1"
"POINT (13.343057139000052 52.539376239000035)","Unfall 241821 (2023) Kat:3, Licht: 0","241821","3","7","0","07","20","5","","0","0","0","0","1"
"POINT (13.385215493000032 52.448061613000050)","Unfall 241822 (2023) Kat:3, Licht: 0","241822","3","6","2","07","20","5","","0","0","1","0","0"
"POINT (13.360185566000041 52.500335948000043)","Unfall 241823 (2023) Kat:3, Licht: 0","241823","3","3","5","07","17","5","","0","1","1","0","0"
"POINT (13.326246626000056 52.538012851000076)","Unfall 241824 (2023) Kat:2, Licht: 0","241824","2","2","5","07","16","5","","0","0","1","0","0"
"POINT (13.421194577000051 52.563718313000038)","Unfall 241825 (2023) Kat:3, Licht: 0","241825","3","2","5","07","15","5","","0","0","1","0","0"
"POINT (13.402615796000077 52.505897370000071)","Unfall 241826 (2023) Kat:3, Licht: 0","241826","3","4","6","07","14","5","","0","0","0","1","0"
"POINT (13.349505536000038 52.505501452000033)","Unfall 241827 (2023) Kat:3, Licht: 0","241827","3","3","5","07","12","5","","0","0","1","0","0"
"POINT (13.425020937000056 52.607183898000073)","Unfall 241828 (2023) Kat:3, Licht: 0","241828","3","3","5","07","09","5","","0","1","1","0","0"
"POINT (13.139459688000045 52.452450683000052)","Unfall 241829 (2023) Kat:3, Licht: 0","241829","3","4","6","07","07","5","","0","0","1","1","0"
"POINT (13.226977473000034 52.585262491000037)","Unfall 241830 (2023) Kat:2, Licht: 0","241830","2","3","5","07","14","5","","0","1","0","0","0"
"POINT (13.319358033000071 52.501060906000077)","Unfall 241831 (2023) Kat:3, Licht: 0","241831","3","4","6","07","18","4","","0","0","1","1","0"
"POINT (13.280632676000039 52.507077157000026)","Unfall 241832 (2023) Kat:3, Licht: 0","241832","3","7","6","07","16","4","","0","1","0","1","0"
"POINT (13.563871387000063 52.518848407000064)","Unfall 241833 (2023) Kat:3, Licht: 0","241833","3","2","2","07","15","4","","0","1","1","0","0"
"POINT (13.339344783000058 52.503246099000080)","Unfall 241834 (2023) Kat:3, Licht: 0","241834","3","6","3","07","13","4","","0","1","0","0","0"
"POINT (13.580899857000077 52.460171889000037)","Unfall 241835 (2023) Kat:3, Licht: 0","241835","3","4","0","07","08","4","","0","0","0","1","0"
"POINT (13.341259696000066 52.504972651000060)","Unfall 241836 (2023) Kat:3, Licht: 0","241836","3","2","5","07","15","4","","0","1","1","0","0"
"POINT (13.422200641000074 52.487066044000073)","Unfall 241837 (2023) Kat:3, Licht: 0","241837","3","4","6","07","17","4","","0","1","0","1","0"
"POINT (13.355332451000038 52.596652689000052)","Unfall 241838 (2023) Kat:3, Licht: 0","241838","3","5","1","07","14","4","","0","1","1","0","0"
"POINT (13.406993491000037 52.524851014000035)","Unfall 241839 (2023) Kat:3, Licht: 0","241839","3","5","1","07","18","4","","0","1","1","0","0"
"POINT (13.278566797000053 52.430001920000052)","Unfall 241840 (2023) Kat:3, Licht: 0","241840","3","3","5","07","15","4","","0","1","1","0","0"
"POINT (13.490145189000032 52.514089218000038)","Unfall 241841 (2023) Kat:3, Licht: 0","241841","3","1","0","07","14","4","","0","0","0","0","1"
"POINT (13.524154487000033 52.513326408000069)","Unfall 241842 (2023) Kat:3, Licht: 0","241842","3","6","2","07","12","4","","0","0","1","0","0"
"POINT (13.324866851000024 52.461287617000039)","Unfall 241843 (2023) Kat:3, Licht: 0","241843","3","2","3","07","12","4","","0","0","1","0","1"
"POINT (13.428910253000026 52.477972111000042)","Unfall 241844 (2023) Kat:3, Licht: 0","241844","3","7","5","07","15","4","","0","0","1","0","1"
"POINT (13.352948459000061 52.528016840000078)","Unfall 241845 (2023) Kat:3, Licht: 0","241845","3","7","6","07","08","4","","0","0","0","1","1"
"POINT (13.443535133000069 52.467885542000033)","Unfall 241846 (2023) Kat:3, Licht: 0","241846","3","2","5","07","07","4","","0","1","1","0","0"
"POINT (13.284676812000043 52.489502993000031)","Unfall 241847 (2023) Kat:2, Licht: 0","241847","2","3","5","07","06","4","","0","0","0","0","1"
"POINT (13.305938804000050 52.554708236000067)","Unfall 241848 (2023) Kat:3, Licht: 1","241848","3","6","2","07","21","4","","1","1","1","0","0"
"POINT (13.412601574000064 52.498668896000027)","Unfall 241849 (2023) Kat:3, Licht: 0","241849","3","1","0","07","19","4","","0","1","0","0","0"
"POINT (13.382498206000037 52.504448742000079)","Unfall 241850 (2023) Kat:3, Licht: 0","241850","3","3","5","07","18","4","","0","0","1","0","0"
"POINT (13.471283728000060 52.505089690000034)","Unfall 241851 (2023) Kat:3, Licht: 0","241851","3","2","2","07","15","4","","0","0","1","0","1"
"POINT (13.315960427000050 52.500985746000026)","Unfall 241852 (2023) Kat:3, Licht: 0","241852","3","7","0","07","12","4","","0","0","1","0","0"
"POINT (13.256561254000076 52.429174892000049)","Unfall 241853 (2023) Kat:3, Licht: 0","241853","3","2","5","07","09","4","","0","1","1","0","0"
"POINT (13.285979648000023 52.521171535000065)","Unfall 241854 (2023) Kat:3, Licht: 0","241854","3","5","1","07","09","4","","0","1","1","0","0"
"POINT (13.365450316000022 52.557114417000037)","Unfall 241855 (2023) Kat:3, Licht: 2","241855","3","7","5","07","21","4","","2","1","0","0","0"
"POINT (13.406215761000055 52.498324342000046)","Unfall 241856 (2023) Kat:2, Licht: 0","241856","2","6","0","07","19","4","","0","0","1","0","1"
"POINT (13.555379886000026 52.517643352000050)","Unfall 241857 (2023) Kat:3, Licht: 0","241857","3","3","5","07","18","4","","0","0","1","0","0"
"POINT (13.387694187000022 52.523640130000047)","Unfall 241858 (2023) Kat:3, Licht: 0","241858","3","6","2","07","17","4","","0","1","1","0","0"
"POINT (13.328242294000063 52.467023749000077)","Unfall 241859 (2023) Kat:3, Licht: 0","241859","3","3","5","07","17","4","","0","1","0","0","0"
"POINT (13.446672824000075 52.502800780000030)","Unfall 241860 (2023) Kat:3, Licht: 0","241860","3","2","2","07","14","4","","0","0","1","0","1"
"POINT (13.209562882000057 52.538392806000047)","Unfall 241861 (2023) Kat:3, Licht: 0","241861","3","6","2","07","11","4","","0","0","1","0","0"
"POINT (13.278299081000057 52.518463884000028)","Unfall 241862 (2023) Kat:3, Licht: 0","241862","3","6","2","07","11","4","","0","0","1","0","0"
"POINT (13.587416224000037 52.523334519000059)","Unfall 241863 (2023) Kat:3, Licht: 0","241863","3","6","2","07","14","3","","0","0","1","0","0"
"POINT (13.196564712000054 52.562927586000058)","Unfall 241864 (2023) Kat:3, Licht: 0","241864","3","3","5","07","16","3","","0","0","1","0","0"
"POINT (13.522402240000076 52.568737708000072)","Unfall 241865 (2023) Kat:3, Licht: 0","241865","3","6","4","07","18","3","","0","1","0","0","0"
"POINT (13.323365137000053 52.464701258000048)","Unfall 241866 (2023) Kat:3, Licht: 0","241866","3","5","1","07","15","3","","0","1","1","0","0"
"POINT (13.454956743000025 52.559238611000069)","Unfall 241867 (2023) Kat:3, Licht: 0","241867","3","3","5","07","18","3","","0","1","1","0","0"
"POINT (13.359350260000042 52.456650576000072)","Unfall 241868 (2023) Kat:3, Licht: 0","241868","3","2","0","07","13","3","","0","0","1","0","0"
"POINT (13.314481354000065 52.490332532000082)","Unfall 241869 (2023) Kat:3, Licht: 0","241869","3","2","5","07","09","3","","0","1","0","0","0"
"POINT (13.479665614000055 52.523061509000058)","Unfall 241870 (2023) Kat:3, Licht: 2","241870","3","3","5","07","23","3","","2","0","1","0","0"
"POINT (13.322716462000074 52.508785712000076)","Unfall 241871 (2023) Kat:3, Licht: 0","241871","3","4","6","07","19","3","","0","1","0","1","0"
"POINT (13.353366884000025 52.489302509000026)","Unfall 241872 (2023) Kat:2, Licht: 0","241872","2","4","6","07","18","3","","0","1","0","1","0"
"POINT (13.328762693000044 52.531117223000081)","Unfall 241873 (2023) Kat:3, Licht: 0","241873","3","4","6","08","13","1","","0","0","0","1","0"
"POINT (13.507836167000050 52.546256181000047)","Unfall 241874 (2023) Kat:3, Licht: 0","241874","3","3","5","07","14","3","","0","1","1","0","0"
"POINT (13.468260369000063 52.499354653000069)","Unfall 241875 (2023) Kat:3, Licht: 0","241875","3","7","0","07","13","3","","0","0","0","0","0"
"POINT (13.424416813000050 52.552305220000051)","Unfall 241876 (2023) Kat:3, Licht: 0","241876","3","1","0","07","18","3","","0","1","0","0","0"
"POINT (13.360208182000065 52.537264106000066)","Unfall 241877 (2023) Kat:3, Licht: 0","241877","3","2","0","07","17","3","","0","1","1","0","0"
"POINT (13.406622530000050 52.498393294000039)","Unfall 241878 (2023) Kat:3, Licht: 0","241878","3","2","5","07","16","3","","0","1","1","0","0"
"POINT (13.314641808000033 52.462227775000031)","Unfall 241879 (2023) Kat:2, Licht: 0","241879","2","3","5","07","13","3","","0","1","1","0","0"
"POINT (13.567452247000062 52.573321161000081)","Unfall 241880 (2023) Kat:3, Licht: 0","241880","3","3","5","07","10","3","","0","1","0","0","0"
"POINT (13.448585439000055 52.490259107000043)","Unfall 241881 (2023) Kat:3, Licht: 0","241881","3","5","1","07","12","3","","0","0","1","0","1"
"POINT (13.308628751000072 52.495475126000031)","Unfall 241882 (2023) Kat:2, Licht: 0","241882","2","5","1","07","09","3","","0","1","1","0","0"
"POINT (13.326740539000070 52.498220646000050)","Unfall 241883 (2023) Kat:3, Licht: 0","241883","3","2","5","07","08","3","","0","1","1","0","0"
"POINT (13.338006203000077 52.528057169000078)","Unfall 241884 (2023) Kat:3, Licht: 0","241884","3","5","1","07","07","3","","0","1","1","0","0"
"POINT (13.404351135000070 52.533180210000069)","Unfall 241885 (2023) Kat:3, Licht: 2","241885","3","3","5","07","23","3","","2","1","0","0","0"
"POINT (13.315366761000064 52.588552819000029)","Unfall 241886 (2023) Kat:3, Licht: 0","241886","3","3","5","07","17","3","","0","1","1","0","0"
"POINT (13.384150673000022 52.510079190000056)","Unfall 241887 (2023) Kat:3, Licht: 0","241887","3","2","5","07","15","3","","0","1","1","0","0"
"POINT (13.288426620000052 52.491777614000057)","Unfall 241888 (2023) Kat:3, Licht: 0","241888","3","3","5","07","12","3","","0","0","1","0","0"
"POINT (13.410330285000043 52.439014098000030)","Unfall 241889 (2023) Kat:3, Licht: 0","241889","3","7","2","07","11","3","","0","0","1","0","0"
"POINT (13.305789674000039 52.499687450000067)","Unfall 241890 (2023) Kat:3, Licht: 0","241890","3","6","3","07","11","3","","0","0","1","0","0"
"POINT (13.402750223000055 52.596779268000034)","Unfall 241891 (2023) Kat:3, Licht: 0","241891","3","3","5","07","10","3","","0","0","1","0","0"
"POINT (13.287192573000027 52.495832581000059)","Unfall 241892 (2023) Kat:3, Licht: 0","241892","3","2","5","07","08","3","","0","1","1","0","0"
"POINT (13.351537928000027 52.509506864000059)","Unfall 241893 (2023) Kat:3, Licht: 0","241893","3","2","5","07","07","3","","0","1","1","0","0"
"POINT (13.428821315000050 52.579197992000047)","Unfall 241894 (2023) Kat:2, Licht: 0","241894","2","2","2","07","19","3","","0","0","1","0","1"
"POINT (13.275941559000046 52.518718880000051)","Unfall 241895 (2023) Kat:3, Licht: 0","241895","3","2","5","07","16","3","","0","0","1","0","0"
"POINT (13.144311202000040 52.454165615000079)","Unfall 241896 (2023) Kat:3, Licht: 0","241896","3","4","6","07","15","3","","0","0","1","1","0"
"POINT (13.146421865000036 52.455723122000052)","Unfall 241897 (2023) Kat:3, Licht: 0","241897","3","2","0","07","11","3","","0","1","1","0","0"
"POINT (13.398419374000071 52.545463010000049)","Unfall 241898 (2023) Kat:3, Licht: 0","241898","3","5","1","07","10","3","","0","0","1","0","0"
"POINT (13.478114863000030 52.442120013000078)","Unfall 241899 (2023) Kat:3, Licht: 0","241899","3","3","5","07","06","3","","0","1","1","0","0"
"POINT (13.379421015000048 52.529417552000041)","Unfall 241900 (2023) Kat:2, Licht: 0","241900","2","2","6","07","05","3","","0","0","1","1","0"
"POINT (13.344683184000075 52.613764577000040)","Unfall 241901 (2023) Kat:3, Licht: 0","241901","3","3","5","07","15","2","","0","1","0","0","0"
"POINT (13.328238783000074 52.496240109000041)","Unfall 241902 (2023) Kat:3, Licht: 0","241902","3","3","5","07","14","2","","0","1","0","0","0"
"POINT (13.310823450000044 52.506388103000063)","Unfall 241903 (2023) Kat:3, Licht: 0","241903","3","4","6","07","20","2","","0","0","1","1","0"
"POINT (13.308020843000065 52.572654799000077)","Unfall 241904 (2023) Kat:3, Licht: 0","241904","3","5","1","07","08","2","","0","1","0","0","0"
"POINT (13.416555357000050 52.510981465000043)","Unfall 241905 (2023) Kat:3, Licht: 0","241905","3","3","5","07","17","2","","0","0","0","0","1"
"POINT (13.500232448000077 52.534396952000066)","Unfall 241906 (2023) Kat:3, Licht: 0","241906","3","6","0","07","17","2","","0","0","1","0","1"
"POINT (13.382827745000043 52.551790186000062)","Unfall 241907 (2023) Kat:2, Licht: 0","241907","2","7","6","07","16","2","","0","0","0","1","0"
"POINT (13.558805480000046 52.461877325000046)","Unfall 241908 (2023) Kat:3, Licht: 0","241908","3","7","0","07","16","2","","0","0","0","0","1"
"POINT (13.276948524000034 52.585795961000031)","Unfall 241909 (2023) Kat:3, Licht: 0","241909","3","2","5","07","15","2","","0","0","1","0","0"
"POINT (13.346887512000023 52.568957701000045)","Unfall 241910 (2023) Kat:2, Licht: 0","241910","2","3","5","07","12","2","","0","0","1","0","1"
"POINT (13.319534010000041 52.492090975000053)","Unfall 241911 (2023) Kat:2, Licht: 0","241911","2","2","6","08","18","4","","0","0","1","1","0"
"POINT (13.371442200000047 52.569484843000055)","Unfall 241912 (2023) Kat:2, Licht: 0","241912","2","3","5","07","12","2","","0","0","0","0","1"
"POINT (13.292021060000025 52.458046881000030)","Unfall 241913 (2023) Kat:3, Licht: 0","241913","3","7","5","07","07","2","","0","0","1","0","1"
"POINT (13.209679691000076 52.538380169000050)","Unfall 241914 (2023) Kat:3, Licht: 0","241914","3","6","0","07","06","2","","0","0","0","0","1"
"POINT (13.346171232000074 52.501047741000036)","Unfall 241915 (2023) Kat:3, Licht: 0","241915","3","2","0","07","16","2","","0","0","1","0","0"
"POINT (13.227200502000073 52.528442191000067)","Unfall 241916 (2023) Kat:3, Licht: 0","241916","3","6","2","08","12","1","","0","0","1","0","0"
"POINT (13.593377926000073 52.441302867000047)","Unfall 241917 (2023) Kat:1, Licht: 0","241917","1","2","5","07","10","2","","0","1","0","0","0"
"POINT (13.285289467000041 52.479568417000053)","Unfall 241918 (2023) Kat:3, Licht: 0","241918","3","2","5","07","16","2","","0","0","1","0","1"
"POINT (13.375051550000023 52.436984499000062)","Unfall 241919 (2023) Kat:2, Licht: 0","241919","2","3","5","07","13","2","","0","0","1","0","1"
"POINT (13.288334804000044 52.515203689000032)","Unfall 241920 (2023) Kat:3, Licht: 0","241920","3","6","2","07","11","2","","0","0","1","0","0"
"POINT (13.401190670000062 52.414605735000066)","Unfall 241921 (2023) Kat:3, Licht: 0","241921","3","2","5","07","07","2","","0","0","1","0","0"
"POINT (13.410523519000037 52.503358503000072)","Unfall 241922 (2023) Kat:3, Licht: 0","241922","3","1","0","07","06","2","","0","1","0","0","0"
"POINT (13.375606542000071 52.540267022000080)","Unfall 241923 (2023) Kat:3, Licht: 0","241923","3","7","0","08","13","5","","0","0","0","0","0"
"POINT (13.517623227000058 52.535257091000062)","Unfall 241924 (2023) Kat:3, Licht: 0","241924","3","3","5","07","17","2","","0","1","1","0","0"
"POINT (13.280076615000041 52.518447625000078)","Unfall 241925 (2023) Kat:3, Licht: 0","241925","3","2","5","07","15","2","","0","0","1","0","1"
"POINT (13.332763705000048 52.595424225000045)","Unfall 241926 (2023) Kat:3, Licht: 0","241926","3","3","5","08","13","4","","0","1","1","0","0"
"POINT (13.326232475000040 52.538049861000047)","Unfall 241927 (2023) Kat:3, Licht: 0","241927","3","2","5","07","13","2","","0","0","1","0","0"
"POINT (13.243243004000021 52.441183936000073)","Unfall 241928 (2023) Kat:2, Licht: 0","241928","2","7","6","07","13","2","","0","1","0","1","0"
"POINT (13.400911803000042 52.484504622000031)","Unfall 241929 (2023) Kat:3, Licht: 0","241929","3","5","1","07","11","2","","0","1","0","0","0"
"POINT (13.585404662000030 52.444546141000046)","Unfall 241930 (2023) Kat:3, Licht: 0","241930","3","2","5","07","11","2","","0","1","1","0","0"
"POINT (13.347180866000031 52.501092188000030)","Unfall 241931 (2023) Kat:3, Licht: 0","241931","3","2","5","07","10","2","","0","1","1","0","0"
"POINT (13.458208339000066 52.485735139000042)","Unfall 241932 (2023) Kat:3, Licht: 0","241932","3","3","5","07","13","5","","0","1","0","0","0"
"POINT (13.422416411000029 52.604945635000036)","Unfall 241933 (2023) Kat:3, Licht: 0","241933","3","3","5","07","20","2","","0","1","1","0","0"
"POINT (13.546650621000026 52.521549818000040)","Unfall 241934 (2023) Kat:3, Licht: 0","241934","3","3","5","07","17","2","","0","1","1","0","0"
"POINT (13.435976216000029 52.458635032000075)","Unfall 241935 (2023) Kat:3, Licht: 0","241935","3","7","5","07","16","2","","0","0","1","0","0"
"POINT (13.388011736000067 52.521791345000054)","Unfall 241936 (2023) Kat:3, Licht: 0","241936","3","4","6","07","14","2","","0","1","0","1","0"
"POINT (13.320050590000051 52.505878562000078)","Unfall 241937 (2023) Kat:2, Licht: 0","241937","2","2","5","07","14","2","","0","1","1","0","0"
"POINT (13.280056194000053 52.512767168000039)","Unfall 241938 (2023) Kat:3, Licht: 0","241938","3","7","5","07","13","2","","0","0","1","0","1"
"POINT (13.331039748000023 52.503830810000068)","Unfall 241939 (2023) Kat:3, Licht: 0","241939","3","2","6","07","11","2","","0","0","0","1","0"
"POINT (13.527264987000024 52.436028511000075)","Unfall 241940 (2023) Kat:3, Licht: 0","241940","3","2","5","08","15","2","","0","0","0","0","1"
"POINT (13.414464892000069 52.543003755000029)","Unfall 241941 (2023) Kat:3, Licht: 0","241941","3","4","6","07","07","2","","0","1","0","1","0"
"POINT (13.291548166000041 52.510471568000071)","Unfall 241942 (2023) Kat:3, Licht: 0","241942","3","2","5","07","20","1","","0","1","1","0","0"
"POINT (13.374497361000067 52.537285141000041)","Unfall 241943 (2023) Kat:3, Licht: 0","241943","3","3","5","07","13","1","","0","0","1","0","1"
"POINT (13.352811183000028 52.503924060000031)","Unfall 241944 (2023) Kat:3, Licht: 1","241944","3","2","5","07","21","1","","1","1","1","0","0"
"POINT (13.337906953000072 52.450934666000080)","Unfall 241945 (2023) Kat:3, Licht: 0","241945","3","6","6","08","14","5","","0","1","0","1","0"
"POINT (13.385953635000021 52.468585246000032)","Unfall 241946 (2023) Kat:3, Licht: 1","241946","3","4","6","07","20","1","","1","0","1","1","0"
"POINT (13.348050731000058 52.500521651000042)","Unfall 241947 (2023) Kat:3, Licht: 0","241947","3","5","1","07","19","1","","0","0","1","0","0"
"POINT (13.430078841000068 52.550620413000047)","Unfall 241948 (2023) Kat:3, Licht: 0","241948","3","4","6","07","18","3","","0","0","0","1","0"
"POINT (13.406425756000033 52.533521453000048)","Unfall 241949 (2023) Kat:3, Licht: 0","241949","3","6","3","07","19","1","","0","1","1","0","0"
"POINT (13.330652671000053 52.562587733000043)","Unfall 241950 (2023) Kat:2, Licht: 0","241950","2","2","0","07","17","1","","0","0","1","0","1"
"POINT (13.436506045000044 52.439854265000065)","Unfall 241951 (2023) Kat:3, Licht: 2","241951","3","1","1","08","22","7","","2","0","1","0","0"
"POINT (13.198663971000030 52.542872561000081)","Unfall 241952 (2023) Kat:3, Licht: 0","241952","3","3","5","07","17","1","","0","0","1","0","1"
"POINT (13.282755065000060 52.533866855000042)","Unfall 241953 (2023) Kat:3, Licht: 0","241953","3","7","2","07","15","1","","0","0","1","0","1"
"POINT (13.358795246000057 52.546518138000067)","Unfall 241954 (2023) Kat:3, Licht: 0","241954","3","6","2","07","17","1","","0","0","1","0","0"
"POINT (13.408384167000065 52.547250994000080)","Unfall 241955 (2023) Kat:3, Licht: 0","241955","3","2","5","07","17","2","","0","1","1","0","0"
"POINT (13.260666606000029 52.516174199000034)","Unfall 241956 (2023) Kat:3, Licht: 0","241956","3","2","5","07","16","1","","0","0","1","0","0"
"POINT (13.550726247000057 52.429147344000057)","Unfall 241957 (2023) Kat:2, Licht: 0","241957","2","2","5","07","12","1","","0","0","1","0","1"
"POINT (13.335628803000077 52.542059370000061)","Unfall 241958 (2023) Kat:3, Licht: 1","241958","3","3","5","07","04","1","","1","0","1","0","0"
"POINT (13.369311682000045 52.526567146000048)","Unfall 241959 (2023) Kat:3, Licht: 0","241959","3","4","6","08","10","6","","0","0","1","1","0"
"POINT (13.416183351000029 52.544612078000057)","Unfall 241960 (2023) Kat:3, Licht: 2","241960","3","5","0","07","00","1","","2","1","1","0","0"
"POINT (13.448335685000075 52.464543444000071)","Unfall 241961 (2023) Kat:3, Licht: 0","241961","3","2","5","08","05","2","","0","0","1","0","0"
"POINT (13.306856017000030 52.554888570000060)","Unfall 241962 (2023) Kat:3, Licht: 2","241962","3","6","3","07","22","1","","2","0","1","0","0"
"POINT (13.339648006000061 52.617325729000072)","Unfall 241963 (2023) Kat:3, Licht: 2","241963","3","1","9","07","02","1","","2","0","1","0","0"
"POINT (13.419241946000056 52.605901789000029)","Unfall 241964 (2023) Kat:2, Licht: 0","241964","2","7","8","07","12","1","","0","0","1","0","0"
"POINT (13.484797788000037 52.555265240000040)","Unfall 241965 (2023) Kat:3, Licht: 0","241965","3","6","2","07","09","1","","0","0","1","0","0"
"POINT (13.621668762000070 52.456204302000060)","Unfall 241966 (2023) Kat:2, Licht: 2","241966","2","1","0","07","01","1","","2","0","0","0","1"
"POINT (13.170410915000048 52.533505047000062)","Unfall 241967 (2023) Kat:3, Licht: 2","241967","3","1","0","07","22","1","","2","0","0","0","1"
"POINT (13.320980505000023 52.513059558000066)","Unfall 241968 (2023) Kat:3, Licht: 0","241968","3","3","5","07","11","1","","0","0","1","0","0"
"POINT (13.323948604000066 52.456171068000060)","Unfall 241969 (2023) Kat:3, Licht: 2","241969","3","1","0","07","00","1","","2","1","0","0","0"
"POINT (13.401741236000078 52.506130715000040)","Unfall 241970 (2023) Kat:3, Licht: 0","241970","3","2","5","07","13","7","","0","1","1","0","0"
"POINT (13.431914233000043 52.505779381000082)","Unfall 241971 (2023) Kat:3, Licht: 2","241971","3","7","5","07","23","7","","2","0","1","0","1"
"POINT (13.206617902000062 52.543500276000032)","Unfall 241972 (2023) Kat:3, Licht: 0","241972","3","1","0","07","09","7","","0","0","0","0","1"
"POINT (13.434094724000033 52.482436778000078)","Unfall 241973 (2023) Kat:3, Licht: 0","241973","3","5","1","07","20","7","","0","0","1","0","1"
"POINT (13.393040170000063 52.515080019000038)","Unfall 241974 (2023) Kat:3, Licht: 0","241974","3","3","5","07","20","7","","0","0","1","0","0"
"POINT (13.459643727000071 52.431666918000076)","Unfall 241975 (2023) Kat:3, Licht: 0","241975","3","7","6","07","18","7","","0","0","0","1","0"
"POINT (13.355532927000070 52.543132471000035)","Unfall 241976 (2023) Kat:3, Licht: 0","241976","3","3","5","07","14","7","","0","1","1","0","0"
"POINT (13.364090041000054 52.606284581000068)","Unfall 241977 (2023) Kat:3, Licht: 0","241977","3","7","5","07","14","7","","0","0","0","0","1"
"POINT (13.356156013000032 52.543312867000054)","Unfall 241978 (2023) Kat:3, Licht: 0","241978","3","3","5","07","09","7","","0","1","1","0","0"
"POINT (13.323300428000039 52.493641942000068)","Unfall 241979 (2023) Kat:3, Licht: 0","241979","3","1","9","08","11","1","","0","0","1","0","0"
"POINT (13.586009820000072 52.467659339000079)","Unfall 241980 (2023) Kat:2, Licht: 0","241980","2","7","5","07","08","7","","0","1","0","0","0"
"POINT (13.476533969000059 52.416238173000067)","Unfall 241981 (2023) Kat:2, Licht: 0","241981","2","3","5","07","17","7","","0","0","1","0","1"
"POINT (13.297747031000029 52.506851323000035)","Unfall 241982 (2023) Kat:3, Licht: 0","241982","3","6","2","07","13","7","","0","0","1","0","0"
"POINT (13.287633900000060 52.590095426000062)","Unfall 241983 (2023) Kat:3, Licht: 0","241983","3","7","0","07","13","7","","0","0","0","0","0"