WKT,Name,OBJECTID,UKATEGORIE,UTYP1,UART,UMONAT,USTUNDE,UWOCHENTAG,STRZUSTAND,ULICHTVERH,ISTRAD,ISTPKW,ISTFUSS,ISTKRAD
"POINT (13.423114451000060 52.413306612000042)","Unfall 241984 (2023) Kat:3, Licht: 0","241984","3","5","1","08","07","3","","0","0","1","0","0"
"POINT (13.311870637000027 52.487504419000061)","Unfall 241985 (2023) Kat:3, Licht: 0","241985","3","6","2","08","09","3","","0","0","1","0","1"
"POINT (13.343166098000040 52.480741066000064)","Unfall 241986 (2023) Kat:3, Licht: 0","241986","3","2","5","07","11","7","","0","0","1","0","1"
"POINT (13.245879137000031 52.544323869000038)","Unfall 241987 (2023) Kat:3, Licht: 0","241987","3","5","1","07","12","7","","0","0","1","0","1"
"POINT (13.395576253000058 52.424421126000027)","Unfall 241988 (2023) Kat:3, Licht: 0","241988","3","7","6","07","11","7","","0","0","1","1","0"
"POINT (13.444084611000051 52.525395841000034)","Unfall 241989 (2023) Kat:3, Licht: 0","241989","3","6","2","07","10","7","","0","0","1","0","0"
"POINT (13.216463231000034 52.526508803000070)","Unfall 241990 (2023) Kat:2, Licht: 0","241990","2","6","2","07","09","7","","0","0","0","0","1"
"POINT (13.243384751000065 52.615628552000032)","Unfall 241991 (2023) Kat:3, Licht: 0","241991","3","2","5","07","07","7","","0","1","1","0","0"
"POINT (13.419520828000032 52.493544605000068)","Unfall 241992 (2023) Kat:3, Licht: 1","241992","3","5","1","07","19","6","","1","1","1","0","0"
"POINT (13.267440536000038 52.408544569000071)","Unfall 241993 (2023) Kat:3, Licht: 0","241993","3","7","6","07","18","6","","0","1","0","1","0"
"POINT (13.417671533000032 52.501732054000058)","Unfall 241994 (2023) Kat:3, Licht: 2","241994","3","5","1","07","21","6","","2","1","1","0","0"
"POINT (13.343194216000029 52.528565100000037)","Unfall 241995 (2023) Kat:3, Licht: 0","241995","3","6","3","07","08","6","","0","0","1","0","1"
"POINT (13.445032424000033 52.525495552000052)","Unfall 241996 (2023) Kat:2, Licht: 2","241996","2","3","5","07","23","6","","2","1","0","0","0"
"POINT (13.344899040000030 52.489044788000058)","Unfall 241997 (2023) Kat:3, Licht: 0","241997","3","2","5","07","19","6","","0","0","1","0","0"
"POINT (13.342289560000040 52.524091470000030)","Unfall 241998 (2023) Kat:3, Licht: 0","241998","3","3","5","07","18","6","","0","1","1","0","0"
"POINT (13.441332168000031 52.568557824000038)","Unfall 241999 (2023) Kat:3, Licht: 0","241999","3","3","5","07","15","6","","0","1","1","0","0"
"POINT (13.253861378000067 52.472449597000036)","Unfall 242000 (2023) Kat:3, Licht: 0","242000","3","1","0","07","14","6","","0","1","0","0","0"
"POINT (13.257996559000048 52.421338972000058)","Unfall 242001 (2023) Kat:3, Licht: 0","242001","3","5","1","07","10","6","","0","1","1","0","0"
"POINT (13.427640497000027 52.507598724000047)","Unfall 242002 (2023) Kat:3, Licht: 0","242002","3","7","5","07","11","6","","0","0","0","0","0"
"POINT (13.469596768000031 52.505464816000028)","Unfall 242003 (2023) Kat:3, Licht: 0","242003","3","4","6","07","11","6","","0","0","0","1","0"
"POINT (13.506914198000061 52.508617945000026)","Unfall 242004 (2023) Kat:3, Licht: 0","242004","3","4","6","07","20","6","","0","0","1","1","0"
"POINT (13.375485292000064 52.553768773000058)","Unfall 242005 (2023) Kat:3, Licht: 0","242005","3","7","5","07","17","6","","0","0","1","0","0"
"POINT (13.388481798000043 52.501747854000030)","Unfall 242006 (2023) Kat:3, Licht: 0","242006","3","1","0","07","16","6","","0","1","0","0","0"
"POINT (13.399306835000061 52.504663882000045)","Unfall 242007 (2023) Kat:3, Licht: 0","242007","3","3","5","07","15","6","","0","0","1","0","0"
"POINT (13.376522305000037 52.556646779000062)","Unfall 242008 (2023) Kat:3, Licht: 0","242008","3","6","2","07","12","3","","0","0","1","0","0"
"POINT (13.352476988000035 52.441070108000076)","Unfall 242009 (2023) Kat:3, Licht: 0","242009","3","2","2","07","15","6","","0","0","1","0","1"
"POINT (13.519576531000041 52.520644886000071)","Unfall 242010 (2023) Kat:3, Licht: 2","242010","3","1","8","07","00","6","","2","0","1","0","0"
"POINT (13.204040275000068 52.540561798000056)","Unfall 242011 (2023) Kat:2, Licht: 0","242011","2","6","3","07","15","4","","0","0","1","0","0"
"POINT (13.428971579000063 52.572267396000029)","Unfall 242012 (2023) Kat:3, Licht: 0","242012","3","6","2","07","14","6","","0","0","1","0","1"
"POINT (13.349521572000072 52.498094282000068)","Unfall 242013 (2023) Kat:3, Licht: 2","242013","3","1","0","07","04","1","","2","0","0","0","0"
"POINT (13.436247389000073 52.448953941000070)","Unfall 242014 (2023) Kat:3, Licht: 0","242014","3","7","5","07","12","6","","0","0","1","0","1"
"POINT (13.300040769000077 52.509693538000079)","Unfall 242015 (2023) Kat:3, Licht: 0","242015","3","3","5","07","10","6","","0","0","1","0","0"
"POINT (13.447303015000045 52.564815433000035)","Unfall 242016 (2023) Kat:3, Licht: 0","242016","3","6","2","08","18","3","","0","0","1","0","1"
"POINT (13.311192922000032 52.529526013000066)","Unfall 242017 (2023) Kat:3, Licht: 0","242017","3","5","1","07","10","6","","0","0","1","0","0"
"POINT (13.143452952000075 52.454692138000041)","Unfall 242018 (2023) Kat:2, Licht: 0","242018","2","7","0","07","17","6","","0","1","0","0","0"
"POINT (13.389903290000063 52.510311945000069)","Unfall 242019 (2023) Kat:3, Licht: 0","242019","3","6","2","07","17","6","","0","1","1","0","0"
"POINT (13.576068413000030 52.561014712000031)","Unfall 242020 (2023) Kat:3, Licht: 0","242020","3","6","2","07","17","6","","0","0","0","0","1"
"POINT (13.513411386000030 52.427730680000082)","Unfall 242021 (2023) Kat:3, Licht: 0","242021","3","6","0","07","16","6","","0","0","0","0","1"
"POINT (13.500343835000024 52.504987530000051)","Unfall 242022 (2023) Kat:3, Licht: 0","242022","3","3","5","07","19","6","","0","1","1","0","0"
"POINT (13.376742858000057 52.425380019000045)","Unfall 242023 (2023) Kat:3, Licht: 0","242023","3","2","2","07","09","6","","0","0","1","0","1"
"POINT (13.438012213000036 52.454048955000076)","Unfall 242024 (2023) Kat:3, Licht: 0","242024","3","2","5","07","09","6","","0","1","1","0","0"
"POINT (13.292840936000061 52.506789560000072)","Unfall 242025 (2023) Kat:3, Licht: 1","242025","3","3","5","07","21","6","","1","0","1","0","1"
"POINT (13.554456958000060 52.523132623000038)","Unfall 242026 (2023) Kat:3, Licht: 0","242026","3","3","5","07","21","6","","0","1","1","0","0"
"POINT (13.435751685000071 52.483767596000064)","Unfall 242027 (2023) Kat:3, Licht: 0","242027","3","2","5","07","16","6","","0","0","0","0","1"
"POINT (13.128086463000045 52.525621114000046)","Unfall 242028 (2023) Kat:3, Licht: 0","242028","3","4","6","07","16","6","","0","1","0","1","0"
"POINT (13.289375937000045 52.447634264000044)","Unfall 242029 (2023) Kat:3, Licht: 0","242029","3","3","5","07","12","6","","0","1","1","0","0"
"POINT (13.441216472000065 52.481239130000063)","Unfall 242030 (2023) Kat:3, Licht: 0","242030","3","6","2","07","12","6","","0","0","1","0","0"
"POINT (13.303582345000052 52.468012718000068)","Unfall 242031 (2023) Kat:3, Licht: 2","242031","3","6","2","07","00","6","","2","0","1","0","0"
"POINT (13.376352660000066 52.522237009000037)","Unfall 242032 (2023) Kat:3, Licht: 0","242032","3","6","2","07","16","5","","0","1","0","0","0"
"POINT (13.303006740000058 52.506733468000050)","Unfall 242033 (2023) Kat:3, Licht: 0","242033","3","6","3","07","14","5","","0","1","0","0","0"
"POINT (13.432497695000052 52.483905113000048)","Unfall 242034 (2023) Kat:3, Licht: 0","242034","3","3","5","07","13","5","","0","1","0","0","0"
"POINT (13.398332347000064 52.496485222000047)","Unfall 242035 (2023) Kat:3, Licht: 0","242035","3","7","2","07","13","5","","0","0","1","0","1"
"POINT (13.387440489000028 52.533511277000059)","Unfall 242036 (2023) Kat:3, Licht: 0","242036","3","2","2","07","13","5","","0","1","1","0","0"
"POINT (13.301617874000044 52.456783491000067)","Unfall 242037 (2023) Kat:3, Licht: 0","242037","3","3","5","07","11","5","","0","0","1","0","0"
"POINT (13.521065478000025 52.495036554000080)","Unfall 242038 (2023) Kat:3, Licht: 0","242038","3","2","0","07","17","5","","0","1","1","0","0"
"POINT (13.372809260000054 52.436801984000056)","Unfall 242039 (2023) Kat:3, Licht: 0","242039","3","6","2","07","17","5","","0","0","1","0","1"
"POINT (13.443719555000030 52.525243240000066)","Unfall 242040 (2023) Kat:3, Licht: 0","242040","3","4","6","07","17","5","","0","0","1","1","0"
"POINT (13.326714341000070 52.475636284000075)","Unfall 242041 (2023) Kat:3, Licht: 0","242041","3","3","5","07","15","5","","0","1","0","0","0"
"POINT (13.476533531000030 52.532985623000059)","Unfall 242042 (2023) Kat:3, Licht: 0","242042","3","2","5","07","10","5","","0","1","0","0","0"
"POINT (13.376774155000021 52.460954756000035)","Unfall 242043 (2023) Kat:3, Licht: 0","242043","3","7","4","07","19","5","","0","1","0","0","0"
"POINT (13.334188748000031 52.557426078000049)","Unfall 242044 (2023) Kat:3, Licht: 0","242044","3","5","2","07","17","5","","0","0","1","0","0"
"POINT (13.185374141000068 52.515232390000051)","Unfall 242045 (2023) Kat:3, Licht: 0","242045","3","1","0","07","05","5","","0","1","0","0","0"
"POINT (13.491502889000060 52.622385087000055)","Unfall 242046 (2023) Kat:3, Licht: 1","242046","3","1","9","07","21","5","","1","0","1","0","0"
"POINT (13.512333992000038 52.470674751000047)","Unfall 242047 (2023) Kat:3, Licht: 0","242047","3","7","5","07","18","5","","0","0","1","0","0"
"POINT (13.459515483000075 52.508013028000050)","Unfall 242048 (2023) Kat:3, Licht: 0","242048","3","2","2","07","18","4","","0","0","1","0","0"
"POINT (13.286710675000052 52.491856137000070)","Unfall 242049 (2023) Kat:3, Licht: 0","242049","3","3","5","07","15","5","","0","0","1","0","0"
"POINT (13.355591460000028 52.519893137000054)","Unfall 242050 (2023) Kat:3, Licht: 0","242050","3","6","3","07","16","5","","0","1","0","0","0"
"POINT (13.341114529000038 52.450669551000033)","Unfall 242051 (2023) Kat:3, Licht: 0","242051","3","2","5","07","12","5","","0","1","1","0","0"
"POINT (13.434348222000040 52.508565993000047)","Unfall 242052 (2023) Kat:3, Licht: 0","242052","3","3","5","07","11","5","","0","1","1","0","0"
"POINT (13.261136069000031 52.515914832000078)","Unfall 242053 (2023) Kat:3, Licht: 0","242053","3","7","0","07","15","5","","0","1","0","0","0"
"POINT (13.389615039000034 52.412132817000042)","Unfall 242054 (2023) Kat:3, Licht: 0","242054","3","6","2","07","15","5","","0","1","1","0","0"
"POINT (13.483865548000040 52.539634479000028)","Unfall 242055 (2023) Kat:3, Licht: 0","242055","3","6","2","07","12","5","","0","0","1","0","1"
"POINT (13.430063172000075 52.503532418000077)","Unfall 242056 (2023) Kat:3, Licht: 0","242056","3","1","0","07","14","6","","0","0","0","0","1"
"POINT (13.300293542000077 52.586698898000066)","Unfall 242057 (2023) Kat:3, Licht: 0","242057","3","5","1","07","12","5","","0","1","1","0","0"
"POINT (13.296786913000062 52.528467436000028)","Unfall 242058 (2023) Kat:3, Licht: 0","242058","3","2","5","07","17","5","","0","0","1","0","0"
"POINT (13.535219450000056 52.432268877000070)","Unfall 242059 (2023) Kat:3, Licht: 0","242059","3","2","5","07","14","5","","0","0","1","0","0"
"POINT (13.512548334000030 52.462777733000053)","Unfall 242060 (2023) Kat:3, Licht: 0","242060","3","2","5","07","09","5","","0","1","1","0","0"
"POINT (13.390705030000049 52.516890113000045)","Unfall 242061 (2023) Kat:3, Licht: 0","242061","3","2","5","07","16","5","","0","1","1","0","0"
"POINT (13.301812658000074 52.581635236000068)","Unfall 242062 (2023) Kat:3, Licht: 0","242062","3","2","5","07","18","5","","0","0","1","0","0"
"POINT (13.518318188000023 52.485358250000047)","Unfall 242063 (2023) Kat:3, Licht: 0","242063","3","2","3","07","17","5","","0","0","1","0","1"
"POINT (13.350835745000040 52.512018455000032)","Unfall 242064 (2023) Kat:2, Licht: 0","242064","2","3","5","07","17","5","","0","1","1","0","0"
"POINT (13.452296619000037 52.452402431000053)","Unfall 242065 (2023) Kat:3, Licht: 0","242065","3","2","5","07","16","5","","0","0","0","0","0"
"POINT (13.327484301000027 52.524401176000026)","Unfall 242066 (2023) Kat:3, Licht: 0","242066","3","2","2","07","12","5","","0","0","1","0","0"
"POINT (13.342917669000030 52.475869265000028)","Unfall 242067 (2023) Kat:3, Licht: 0","242067","3","3","5","07","08","5","","0","0","1","0","1"
"POINT (13.326055254000039 52.564509121000071)","Unfall 242068 (2023) Kat:3, Licht: 0","242068","3","5","1","07","17","5","","0","0","1","0","0"
"POINT (13.280048163000060 52.520012683000061)","Unfall 242069 (2023) Kat:3, Licht: 0","242069","3","2","5","07","15","5","","0","1","1","0","0"
"POINT (13.169387582000070 52.533524916000033)","Unfall 242070 (2023) Kat:3, Licht: 0","242070","3","2","5","07","13","5","","0","0","1","0","0"
"POINT (13.519657881000057 52.526823307000029)","Unfall 242071 (2023) Kat:3, Licht: 0","242071","3","6","3","07","12","5","","0","0","1","0","1"
"POINT (13.340897595000058 52.443140301000028)","Unfall 242072 (2023) Kat:3, Licht: 0","242072","3","6","2","07","10","5","","0","0","1","0","0"
"POINT (13.302349189000040 52.488247284000067)","Unfall 242073 (2023) Kat:3, Licht: 0","242073","3","2","5","07","11","4","","0","0","1","0","0"
"POINT (13.511863552000023 52.554608186000053)","Unfall 242074 (2023) Kat:3, Licht: 0","242074","3","3","5","07","19","4","","0","0","1","0","0"
"POINT (13.240446824000060 52.543061872000067)","Unfall 242075 (2023) Kat:3, Licht: 1","242075","3","1","1","07","21","4","","1","0","1","0","1"
"POINT (13.617622232000031 52.525697302000026)","Unfall 242076 (2023) Kat:3, Licht: 0","242076","3","6","2","07","16","4","","0","1","1","0","0"
"POINT (13.500619318000076 52.402978711000060)","Unfall 242077 (2023) Kat:3, Licht: 0","242077","3","3","5","07","10","4","","0","1","1","0","0"
"POINT (13.559604746000048 52.435516897000070)","Unfall 242078 (2023) Kat:2, Licht: 0","242078","2","3","5","07","07","4","","0","1","1","0","0"
"POINT (13.277818592000074 52.518380910000076)","Unfall 242079 (2023) Kat:3, Licht: 0","242079","3","6","2","07","17","4","","0","0","1","0","0"
"POINT (13.462069347000067 52.432543021000072)","Unfall 242080 (2023) Kat:3, Licht: 0","242080","3","6","2","07","07","4","","0","0","1","0","0"
"POINT (13.402611400000069 52.554233431000057)","Unfall 242081 (2023) Kat:2, Licht: 0","242081","2","3","5","07","11","3","","0","0","1","0","0"
"POINT (13.314813006000065 52.514718605000041)","Unfall 242082 (2023) Kat:3, Licht: 1","242082","3","6","2","07","20","4","","1","0","1","0","1"
"POINT (13.277187862000062 52.518666019000079)","Unfall 242083 (2023) Kat:2, Licht: 0","242083","2","1","9","07","13","4","","0","0","0","0","1"
"POINT (13.411681921000024 52.582310655000072)","Unfall 242084 (2023) Kat:3, Licht: 0","242084","3","3","5","07","13","4","","0","1","1","0","0"
"POINT (13.399773321000055 52.531509233000065)","Unfall 242085 (2023) Kat:2, Licht: 2","242085","2","5","0","07","01","4","","2","1","1","0","0"
"POINT (13.370113814000035 52.544717831000071)","Unfall 242086 (2023) Kat:3, Licht: 0","242086","3","6","2","07","13","4","","0","1","0","0","0"
"POINT (13.321635104000052 52.478806444000043)","Unfall 242087 (2023) Kat:3, Licht: 0","242087","3","2","5","07","13","4","","0","1","1","0","0"
"POINT (13.601474789000065 52.518829938000067)","Unfall 242088 (2023) Kat:2, Licht: 0","242088","2","3","5","07","10","4","","0","1","1","0","0"
"POINT (13.341754685000069 52.446473669000056)","Unfall 242089 (2023) Kat:2, Licht: 0","242089","2","7","5","07","19","4","","0","1","1","0","0"
"POINT (13.445288264000055 52.516038233000074)","Unfall 242090 (2023) Kat:3, Licht: 0","242090","3","3","5","07","17","4","","0","0","1","0","0"
"POINT (13.334925556000030 52.430374655000037)","Unfall 242091 (2023) Kat:3, Licht: 0","242091","3","7","0","07","07","4","","0","1","0","0","0"
"POINT (13.327885879000064 52.564147826000067)","Unfall 242092 (2023) Kat:3, Licht: 0","242092","3","2","5","07","10","4","","0","0","1","0","0"
"POINT (13.370708864000051 52.523523823000062)","Unfall 242093 (2023) Kat:3, Licht: 0","242093","3","3","0","08","17","3","","0","0","1","0","1"
"POINT (13.359574862000045 52.554187285000069)","Unfall 242094 (2023) Kat:3, Licht: 0","242094","3","2","5","07","07","4","","0","1","1","0","0"
"POINT (13.222609524000063 52.530745141000068)","Unfall 242095 (2023) Kat:3, Licht: 1","242095","3","5","1","07","04","4","","1","0","1","0","0"
"POINT (13.366709548000074 52.493344223000065)","Unfall 242096 (2023) Kat:3, Licht: 2","242096","3","1","0","07","22","4","","2","1","0","0","0"
"POINT (13.348835493000024 52.524632756000074)","Unfall 242097 (2023) Kat:3, Licht: 2","242097","3","7","6","07","22","4","","2","0","1","1","0"
"POINT (13.521085051000057 52.566678033000073)","Unfall 242098 (2023) Kat:3, Licht: 0","242098","3","3","5","07","17","4","","0","1","1","0","0"
"POINT (13.388860856000065 52.494137860000080)","Unfall 242099 (2023) Kat:3, Licht: 0","242099","3","3","5","07","17","4","","0","1","1","0","0"
"POINT (13.301889103000065 52.424631195000075)","Unfall 242100 (2023) Kat:3, Licht: 0","242100","3","1","0","07","15","4","","0","0","0","0","1"
"POINT (13.247608949000039 52.467483086000072)","Unfall 242101 (2023) Kat:3, Licht: 0","242101","3","2","5","07","12","4","","0","0","1","0","0"
"POINT (13.357930242000066 52.569447497000056)","Unfall 242102 (2023) Kat:2, Licht: 0","242102","2","4","6","07","10","4","","0","0","1","1","0"
"POINT (13.487665862000028 52.466067971000030)","Unfall 242103 (2023) Kat:3, Licht: 0","242103","3","6","4","07","06","4","","0","1","0","0","0"
"POINT (13.465074736000076 52.550237959000071)","Unfall 242104 (2023) Kat:3, Licht: 0","242104","3","5","1","08","15","6","","0","0","1","0","0"
"POINT (13.580548139000030 52.443059978000065)","Unfall 242105 (2023) Kat:3, Licht: 0","242105","3","3","5","07","14","4","","0","0","1","0","0"
"POINT (13.280043468000031 52.506407469000067)","Unfall 242106 (2023) Kat:3, Licht: 0","242106","3","3","5","07","21","4","","0","0","1","0","0"
"POINT (13.429529959000035 52.523101589000078)","Unfall 242107 (2023) Kat:3, Licht: 0","242107","3","2","5","07","17","4","","0","1","1","0","0"
"POINT (13.407462007000049 52.547255038000060)","Unfall 242108 (2023) Kat:3, Licht: 0","242108","3","3","5","07","14","4","","0","1","1","0","0"
"POINT (13.443560148000074 52.464203390000080)","Unfall 242109 (2023) Kat:3, Licht: 0","242109","3","2","5","07","11","4","","0","0","1","0","0"
"POINT (13.434189175000029 52.452600723000046)","Unfall 242110 (2023) Kat:3, Licht: 0","242110","3","2","5","07","08","4","","0","1","1","0","0"
"POINT (13.480041188000030 52.517805222000050)","Unfall 242111 (2023) Kat:3, Licht: 0","242111","3","4","6","07","08","4","","0","1","0","1","0"
"POINT (13.449732655000048 52.537421655000060)","Unfall 242112 (2023) Kat:3, Licht: 0","242112","3","7","2","07","06","4","","0","0","1","0","1"
"POINT (13.378237849000072 52.566005814000050)","Unfall 242113 (2023) Kat:3, Licht: 0","242113","3","6","2","07","18","3","","0","0","1","0","1"
"POINT (13.332782953000049 52.478610174000039)","Unfall 242114 (2023) Kat:3, Licht: 0","242114","3","2","2","07","12","3","","0","1","1","0","0"
"POINT (13.523384812000074 52.495446357000048)","Unfall 242115 (2023) Kat:3, Licht: 0","242115","3","3","5","07","17","3","","0","1","1","0","0"
"POINT (13.532090872000026 52.484113386000047)","Unfall 242116 (2023) Kat:3, Licht: 0","242116","3","3","5","07","14","3","","0","1","1","0","0"
"POINT (13.593695973000024 52.447642487000053)","Unfall 242117 (2023) Kat:2, Licht: 0","242117","2","6","3","07","12","3","","0","0","1","0","0"
"POINT (13.381856471000049 52.396786260000056)","Unfall 242118 (2023) Kat:3, Licht: 0","242118","3","1","0","07","18","4","","0","0","0","0","1"
"POINT (13.214413042000047 52.538485188000038)","Unfall 242119 (2023) Kat:2, Licht: 0","242119","2","6","2","07","14","3","","0","1","0","0","0"
"POINT (13.430435510000052 52.499278854000067)","Unfall 242120 (2023) Kat:3, Licht: 1","242120","3","6","3","07","21","3","","1","0","1","0","1"
"POINT (13.399313951000067 52.532061280000050)","Unfall 242121 (2023) Kat:3, Licht: 0","242121","3","4","6","07","19","3","","0","0","1","1","0"
"POINT (13.327621961000034 52.454621666000037)","Unfall 242122 (2023) Kat:3, Licht: 0","242122","3","6","0","07","18","3","","0","0","1","0","0"
"POINT (13.318724436000025 52.498184954000067)","Unfall 242123 (2023) Kat:3, Licht: 0","242123","3","2","5","07","17","3","","0","1","1","0","0"
"POINT (13.235815824000042 52.621034444000031)","Unfall 242124 (2023) Kat:3, Licht: 0","242124","3","3","5","07","06","3","","0","1","0","0","0"
"POINT (13.335403299000063 52.470663952000052)","Unfall 242125 (2023) Kat:3, Licht: 0","242125","3","6","4","07","20","3","","0","1","0","0","1"
"POINT (13.465968178000026 52.484663623000074)","Unfall 242126 (2023) Kat:3, Licht: 0","242126","3","3","0","07","18","3","","0","1","1","0","0"
"POINT (13.618642006000073 52.521499790000064)","Unfall 242127 (2023) Kat:2, Licht: 0","242127","2","1","0","07","14","3","","0","1","0","0","0"
"POINT (13.545241456000042 52.553597951000029)","Unfall 242128 (2023) Kat:3, Licht: 0","242128","3","2","5","07","06","3","","0","1","1","0","0"
"POINT (13.678334177000067 52.425312712000050)","Unfall 242129 (2023) Kat:3, Licht: 0","242129","3","6","6","07","15","3","","0","0","0","1","0"
"POINT (13.360456646000046 52.596911099000067)","Unfall 242130 (2023) Kat:2, Licht: 0","242130","2","2","5","07","17","3","","0","0","1","0","0"
"POINT (13.197020611000028 52.561964391000060)","Unfall 242131 (2023) Kat:3, Licht: 0","242131","3","2","5","07","13","3","","0","1","1","0","0"
"POINT (13.502408406000029 52.428339375000064)","Unfall 242132 (2023) Kat:3, Licht: 0","242132","3","3","5","07","18","3","","0","0","1","0","0"
"POINT (13.359976524000047 52.475419287000079)","Unfall 242133 (2023) Kat:3, Licht: 0","242133","3","2","5","07","13","3","","0","0","1","0","0"
"POINT (13.421949183000038 52.505124020000039)","Unfall 242134 (2023) Kat:3, Licht: 0","242134","3","3","5","07","17","3","","0","1","1","0","0"
"POINT (13.335107009000069 52.464194310000039)","Unfall 242135 (2023) Kat:3, Licht: 0","242135","3","2","5","07","09","3","","0","0","1","0","0"
"POINT (13.440686319000065 52.517275398000038)","Unfall 242136 (2023) Kat:3, Licht: 0","242136","3","2","5","07","17","3","","0","1","1","0","0"
"POINT (13.431011101000024 52.571403551000060)","Unfall 242137 (2023) Kat:3, Licht: 0","242137","3","3","5","07","16","3","","0","0","1","0","1"
"POINT (13.334770540000022 52.587364111000056)","Unfall 242138 (2023) Kat:2, Licht: 0","242138","2","2","5","07","14","3","","0","0","1","0","0"
"POINT (13.476011000000028 52.512498951000055)","Unfall 242139 (2023) Kat:3, Licht: 0","242139","3","1","0","07","14","3","","0","0","0","0","1"
"POINT (13.356012214000032 52.597577931000046)","Unfall 242140 (2023) Kat:3, Licht: 0","242140","3","3","6","07","14","3","","0","0","1","1","0"
"POINT (13.291642392000028 52.595311741000046)","Unfall 242141 (2023) Kat:2, Licht: 0","242141","2","4","6","07","11","3","","0","0","1","1","0"
"POINT (13.466505590000054 52.550647998000045)","Unfall 242142 (2023) Kat:3, Licht: 0","242142","3","3","5","08","15","5","","0","1","1","0","0"
"POINT (13.404414927000062 52.507896789000029)","Unfall 242143 (2023) Kat:3, Licht: 2","242143","3","3","5","07","23","3","","2","0","1","0","0"
"POINT (13.347481240000036 52.469405191000078)","Unfall 242144 (2023) Kat:2, Licht: 0","242144","2","5","1","07","16","3","","0","0","1","0","1"
"POINT (13.495000985000047 52.412546848000034)","Unfall 242145 (2023) Kat:3, Licht: 0","242145","3","3","5","07","14","3","","0","0","1","0","1"
"POINT (13.327787840000042 52.505286070000068)","Unfall 242146 (2023) Kat:3, Licht: 0","242146","3","1","0","07","13","3","","0","0","0","0","1"
"POINT (13.430750575000047 52.497840678000046)","Unfall 242147 (2023) Kat:3, Licht: 0","242147","3","7","2","07","10","3","","0","1","1","0","0"
"POINT (13.223499535000030 52.500766981000027)","Unfall 242148 (2023) Kat:3, Licht: 0","242148","3","7","7","08","19","3","","0","1","0","0","0"
"POINT (13.355253592000054 52.427833809000049)","Unfall 242149 (2023) Kat:2, Licht: 0","242149","2","7","0","07","15","3","","0","1","0","0","0"
"POINT (13.186562455000058 52.547248550000063)","Unfall 242150 (2023) Kat:3, Licht: 0","242150","3","2","5","07","16","4","","0","0","1","0","1"
"POINT (13.185113944000022 52.549200629000040)","Unfall 242151 (2023) Kat:3, Licht: 0","242151","3","6","2","07","13","3","","0","0","1","0","0"
"POINT (13.458697731000029 52.570008600000051)","Unfall 242152 (2023) Kat:3, Licht: 0","242152","3","6","4","07","07","3","","0","1","0","0","0"
"POINT (13.430557895000049 52.602363331000049)","Unfall 242153 (2023) Kat:3, Licht: 0","242153","3","6","2","07","20","3","","0","0","1","0","0"
"POINT (13.391084660000047 52.514933956000050)","Unfall 242154 (2023) Kat:3, Licht: 0","242154","3","4","6","07","18","3","","0","1","0","1","0"
"POINT (13.455349246000026 52.431872650000059)","Unfall 242155 (2023) Kat:3, Licht: 0","242155","3","7","2","07","18","3","","0","0","1","0","1"
"POINT (13.400126418000070 52.459167508000064)","Unfall 242156 (2023) Kat:3, Licht: 0","242156","3","2","5","07","16","3","","0","0","1","0","0"
"POINT (13.462243838000063 52.508448395000073)","Unfall 242157 (2023) Kat:2, Licht: 0","242157","2","2","5","07","15","3","","0","1","0","0","1"
"POINT (13.525380400000074 52.401635319000036)","Unfall 242158 (2023) Kat:2, Licht: 0","242158","2","3","5","07","14","3","","0","1","1","0","0"
"POINT (13.348994734000030 52.548627235000026)","Unfall 242159 (2023) Kat:3, Licht: 0","242159","3","2","5","07","12","3","","0","1","1","0","0"
"POINT (13.405346306000069 52.511236418000067)","Unfall 242160 (2023) Kat:3, Licht: 0","242160","3","7","0","07","08","2","","0","1","0","1","0"
"POINT (13.392753005000031 52.412638627000035)","Unfall 242161 (2023) Kat:3, Licht: 0","242161","3","3","5","07","11","2","","0","0","1","0","0"
"POINT (13.408386912000026 52.572111322000069)","Unfall 242162 (2023) Kat:3, Licht: 0","242162","3","7","0","07","11","2","","0","1","1","0","0"
"POINT (13.394984223000051 52.495948880000071)","Unfall 242163 (2023) Kat:3, Licht: 0","242163","3","6","2","07","17","2","","0","0","1","0","0"
"POINT (13.503055229000040 52.554171952000047)","Unfall 242164 (2023) Kat:3, Licht: 0","242164","3","2","5","07","16","2","","0","0","1","0","0"
"POINT (13.449476061000041 52.537087506000034)","Unfall 242165 (2023) Kat:3, Licht: 0","242165","3","2","6","07","15","2","","0","0","1","1","0"
"POINT (13.300121486000023 52.509302286000036)","Unfall 242166 (2023) Kat:3, Licht: 0","242166","3","5","1","07","16","2","","0","1","1","0","0"
"POINT (13.366681196000059 52.461644318000026)","Unfall 242167 (2023) Kat:3, Licht: 2","242167","3","3","5","07","22","2","","2","0","1","0","1"
"POINT (13.558016926000050 52.469715661000066)","Unfall 242168 (2023) Kat:3, Licht: 0","242168","3","6","4","07","13","2","","0","0","0","0","0"
"POINT (13.384009940000055 52.493485089000046)","Unfall 242169 (2023) Kat:2, Licht: 0","242169","2","1","9","07","21","2","","0","0","1","0","0"
"POINT (13.355331300000046 52.499079613000049)","Unfall 242170 (2023) Kat:3, Licht: 0","242170","3","4","6","07","15","2","","0","1","0","1","0"