WKT,Name,OBJECTID,UKATEGORIE,UTYP1,UART,UMONAT,USTUNDE,UWOCHENTAG,STRZUSTAND,ULICHTVERH,ISTRAD,ISTPKW,ISTFUSS,ISTKRAD
"POINT (13.525904963000073 52.423055256000055)","Unfall 242171 (2023) Kat:3, Licht: 0","242171","3","7","0","07","15","6","","0","0","0","0","1"
"POINT (13.267002702000070 52.410424706000072)","Unfall 242172 (2023) Kat:3, Licht: 0","242172","3","3","5","07","07","2","","0","0","1","0","1"
"POINT (13.457823525000038 52.529041745000029)","Unfall 242173 (2023) Kat:3, Licht: 0","242173","3","2","5","07","13","2","","0","1","1","0","0"
"POINT (13.579855495000061 52.459245433000035)","Unfall 242174 (2023) Kat:3, Licht: 0","242174","3","4","6","07","06","2","","0","1","0","1","0"
"POINT (13.418308245000048 52.568958718000033)","Unfall 242175 (2023) Kat:3, Licht: 2","242175","3","7","0","07","01","2","","2","0","1","0","0"
"POINT (13.317707255000073 52.430774869000061)","Unfall 242176 (2023) Kat:2, Licht: 2","242176","2","3","5","07","23","2","","2","0","1","0","0"
"POINT (13.438184260000071 52.474305742000070)","Unfall 242177 (2023) Kat:3, Licht: 0","242177","3","7","2","08","18","2","","0","0","1","0","0"
"POINT (13.426810455000066 52.543811852000033)","Unfall 242178 (2023) Kat:3, Licht: 0","242178","3","2","5","07","18","2","","0","1","1","0","0"
"POINT (13.581661045000033 52.460914704000061)","Unfall 242179 (2023) Kat:3, Licht: 0","242179","3","4","6","07","16","4","","0","0","0","1","0"
"POINT (13.508227278000049 52.558994582000082)","Unfall 242180 (2023) Kat:3, Licht: 0","242180","3","1","0","07","16","2","","0","0","0","0","0"
"POINT (13.360006218000024 52.574254813000039)","Unfall 242181 (2023) Kat:3, Licht: 0","242181","3","2","5","07","09","2","","0","0","1","0","1"
"POINT (13.366975694000075 52.433731975000057)","Unfall 242182 (2023) Kat:3, Licht: 0","242182","3","3","0","07","09","2","","0","1","1","0","0"
"POINT (13.516884921000042 52.535315837000041)","Unfall 242183 (2023) Kat:3, Licht: 0","242183","3","6","2","07","08","2","","0","0","1","0","0"
"POINT (13.393043276000071 52.465612263000082)","Unfall 242184 (2023) Kat:3, Licht: 0","242184","3","5","1","07","06","2","","0","1","1","0","0"
"POINT (13.440415673000075 52.504848159000062)","Unfall 242185 (2023) Kat:2, Licht: 0","242185","2","6","3","07","16","2","","0","1","0","0","0"
"POINT (13.289946004000058 52.595758933000070)","Unfall 242186 (2023) Kat:2, Licht: 0","242186","2","6","3","07","14","2","","0","0","1","0","1"
"POINT (13.322502639000049 52.514436390000071)","Unfall 242187 (2023) Kat:3, Licht: 0","242187","3","2","5","07","10","2","","0","1","1","0","0"
"POINT (13.290806261000057 52.481846212000050)","Unfall 242188 (2023) Kat:3, Licht: 0","242188","3","3","0","07","09","2","","0","1","1","0","0"
"POINT (13.459705480000025 52.432166900000027)","Unfall 242189 (2023) Kat:3, Licht: 0","242189","3","2","5","07","18","2","","0","1","1","0","0"
"POINT (13.569650872000068 52.526055812000038)","Unfall 242190 (2023) Kat:2, Licht: 0","242190","2","4","6","07","19","2","","0","0","1","1","0"
"POINT (13.153550036000070 52.553366416000074)","Unfall 242191 (2023) Kat:2, Licht: 0","242191","2","2","5","07","15","2","","0","0","1","0","0"
"POINT (13.337766734000070 52.503855527000042)","Unfall 242192 (2023) Kat:3, Licht: 0","242192","3","3","5","07","14","2","","0","1","1","0","0"
"POINT (13.446565516000021 52.564921004000041)","Unfall 242193 (2023) Kat:3, Licht: 0","242193","3","2","5","07","07","2","","0","1","1","0","0"
"POINT (13.330692887000055 52.498527479000074)","Unfall 242194 (2023) Kat:3, Licht: 0","242194","3","7","2","07","12","2","","0","0","1","0","0"
"POINT (13.481105254000056 52.501989257000048)","Unfall 242195 (2023) Kat:3, Licht: 0","242195","3","6","2","08","18","3","","0","1","1","0","0"
"POINT (13.403216419000046 52.533833114000061)","Unfall 242196 (2023) Kat:3, Licht: 0","242196","3","1","0","07","08","2","","0","1","0","0","0"
"POINT (13.432503542000063 52.502462497000067)","Unfall 242197 (2023) Kat:3, Licht: 0","242197","3","3","5","07","20","2","","0","0","1","0","1"
"POINT (13.568384551000065 52.444869277000066)","Unfall 242198 (2023) Kat:3, Licht: 0","242198","3","6","3","07","20","2","","0","0","1","0","0"
"POINT (13.428194369000039 52.498669834000054)","Unfall 242199 (2023) Kat:3, Licht: 0","242199","3","5","1","07","15","2","","0","1","0","0","0"
"POINT (13.411255258000040 52.553795964000074)","Unfall 242200 (2023) Kat:3, Licht: 0","242200","3","6","2","07","15","2","","0","0","1","0","1"
"POINT (13.341677566000044 52.505065842000079)","Unfall 242201 (2023) Kat:3, Licht: 0","242201","3","6","0","08","12","7","","0","0","1","0","1"
"POINT (13.415465168000026 52.543954943000074)","Unfall 242202 (2023) Kat:3, Licht: 1","242202","3","6","0","07","21","6","","1","0","1","0","1"
"POINT (13.264862520000065 52.536664686000051)","Unfall 242203 (2023) Kat:3, Licht: 0","242203","3","2","5","07","14","2","","0","1","1","0","0"
"POINT (13.331023569000024 52.453203727000073)","Unfall 242204 (2023) Kat:3, Licht: 0","242204","3","2","5","07","07","5","","0","1","1","0","0"
"POINT (13.555916944000046 52.520094037000035)","Unfall 242205 (2023) Kat:3, Licht: 0","242205","3","2","5","07","11","2","","0","0","1","0","1"
"POINT (13.587035370000024 52.512425142000041)","Unfall 242206 (2023) Kat:3, Licht: 0","242206","3","3","5","07","10","2","","0","1","1","0","0"
"POINT (13.382832915000051 52.530744138000045)","Unfall 242207 (2023) Kat:3, Licht: 0","242207","3","6","3","07","07","2","","0","0","1","0","1"
"POINT (13.305217382000023 52.417874514000061)","Unfall 242208 (2023) Kat:3, Licht: 0","242208","3","2","5","07","18","1","","0","0","1","0","1"
"POINT (13.451442597000039 52.508477452000079)","Unfall 242209 (2023) Kat:3, Licht: 0","242209","3","7","6","07","09","1","","0","0","0","1","0"
"POINT (13.542768654000042 52.457624448000047)","Unfall 242210 (2023) Kat:3, Licht: 0","242210","3","7","5","07","14","1","","0","0","1","0","0"
"POINT (13.504786638000041 52.573468913000056)","Unfall 242211 (2023) Kat:3, Licht: 0","242211","3","6","2","07","13","1","","0","0","1","0","0"
"POINT (13.324915605000058 52.492169087000036)","Unfall 242212 (2023) Kat:3, Licht: 0","242212","3","6","4","07","13","5","","0","1","1","0","0"
"POINT (13.445495009000069 52.501634722000063)","Unfall 242213 (2023) Kat:2, Licht: 2","242213","2","4","6","07","03","1","","2","0","0","1","0"
"POINT (13.367603786000075 52.524333718000037)","Unfall 242214 (2023) Kat:3, Licht: 1","242214","3","7","0","07","21","1","","1","0","1","0","0"
"POINT (13.408436841000025 52.463946815000043)","Unfall 242215 (2023) Kat:3, Licht: 2","242215","3","1","0","07","00","1","","2","0","0","0","1"
"POINT (13.387869632000047 52.496288731000050)","Unfall 242216 (2023) Kat:3, Licht: 0","242216","3","2","5","07","16","1","","0","1","1","0","0"
"POINT (13.258038920000047 52.567969618000063)","Unfall 242217 (2023) Kat:3, Licht: 0","242217","3","4","6","07","15","1","","0","0","1","1","0"
"POINT (13.293707497000071 52.517393889000061)","Unfall 242218 (2023) Kat:3, Licht: 0","242218","3","1","0","07","15","2","","0","1","1","0","0"
"POINT (13.364323924000075 52.475408924000078)","Unfall 242219 (2023) Kat:2, Licht: 0","242219","2","1","0","07","15","1","","0","1","0","0","0"
"POINT (13.377383417000033 52.491610977000050)","Unfall 242220 (2023) Kat:3, Licht: 0","242220","3","1","9","07","13","1","","0","0","1","0","0"
"POINT (13.377752001000033 52.465972136000062)","Unfall 242221 (2023) Kat:3, Licht: 0","242221","3","2","5","07","10","1","","0","1","1","0","0"
"POINT (13.514929556000027 52.466767331000028)","Unfall 242222 (2023) Kat:3, Licht: 2","242222","3","1","0","07","22","1","","2","1","0","0","0"
"POINT (13.341281193000043 52.450650841000027)","Unfall 242223 (2023) Kat:3, Licht: 0","242223","3","2","0","07","17","1","","0","1","1","0","0"
"POINT (13.322514398000067 52.593012762000058)","Unfall 242224 (2023) Kat:3, Licht: 0","242224","3","5","0","07","17","1","","0","1","1","0","0"
"POINT (13.418359380000027 52.499988133000045)","Unfall 242225 (2023) Kat:3, Licht: 0","242225","3","7","2","07","17","1","","0","1","1","0","0"
"POINT (13.351742060000049 52.509623305000048)","Unfall 242226 (2023) Kat:3, Licht: 0","242226","3","3","5","07","14","1","","0","0","1","0","0"
"POINT (13.345793583000045 52.494524616000035)","Unfall 242227 (2023) Kat:3, Licht: 0","242227","3","2","5","07","12","1","","0","0","1","0","1"
"POINT (13.438570752000032 52.465341009000042)","Unfall 242228 (2023) Kat:2, Licht: 0","242228","2","3","5","07","11","1","","0","0","1","0","0"
"POINT (13.508488050000039 52.550071472000070)","Unfall 242229 (2023) Kat:2, Licht: 2","242229","2","3","5","07","22","6","","2","0","1","0","0"
"POINT (13.412503255000047 52.394242891000033)","Unfall 242230 (2023) Kat:3, Licht: 0","242230","3","3","5","07","08","1","","0","1","1","0","0"
"POINT (13.266287361000025 52.513135915000078)","Unfall 242231 (2023) Kat:3, Licht: 0","242231","3","7","2","07","19","1","","0","0","1","0","1"
"POINT (13.514282876000038 52.535273353000036)","Unfall 242232 (2023) Kat:3, Licht: 0","242232","3","2","5","07","18","1","","0","0","1","0","0"
"POINT (13.329695683000068 52.466047631000038)","Unfall 242233 (2023) Kat:3, Licht: 0","242233","3","2","5","07","15","1","","0","1","1","0","0"
"POINT (13.341475251000077 52.430015132000051)","Unfall 242234 (2023) Kat:3, Licht: 0","242234","3","5","1","07","11","1","","0","1","1","0","0"
"POINT (13.459616056000073 52.514583710000068)","Unfall 242235 (2023) Kat:3, Licht: 0","242235","3","6","3","07","14","1","","0","0","1","0","1"
"POINT (13.280900652000071 52.450492053000062)","Unfall 242236 (2023) Kat:3, Licht: 0","242236","3","6","3","07","09","1","","0","1","1","0","0"
"POINT (13.344840430000033 52.461753302000034)","Unfall 242237 (2023) Kat:3, Licht: 0","242237","3","3","5","07","18","7","","0","0","1","0","0"
"POINT (13.319987442000070 52.473575072000074)","Unfall 242238 (2023) Kat:3, Licht: 0","242238","3","3","5","07","09","1","","0","1","1","0","0"
"POINT (13.288903398000059 52.583980726000050)","Unfall 242239 (2023) Kat:3, Licht: 0","242239","3","6","2","07","10","1","","0","0","1","0","0"
"POINT (13.685802770000066 52.442941603000065)","Unfall 242240 (2023) Kat:3, Licht: 0","242240","3","3","5","07","11","1","","0","0","1","0","1"
"POINT (13.295716717000062 52.507920881000075)","Unfall 242241 (2023) Kat:3, Licht: 1","242241","3","6","2","07","21","7","","1","1","1","0","0"
"POINT (13.392997777000062 52.564327921000029)","Unfall 242242 (2023) Kat:3, Licht: 0","242242","3","4","6","07","14","7","","0","0","1","1","0"
"POINT (13.577837259000034 52.509885755000028)","Unfall 242243 (2023) Kat:3, Licht: 0","242243","3","7","7","08","15","5","","0","1","0","0","0"
"POINT (13.386629451000033 52.490077492000069)","Unfall 242244 (2023) Kat:3, Licht: 0","242244","3","2","0","07","14","7","","0","1","1","0","0"
"POINT (13.468502745000023 52.506978768000067)","Unfall 242245 (2023) Kat:3, Licht: 2","242245","3","4","0","07","23","7","","2","0","0","1","1"
"POINT (13.383046295000042 52.514165819000027)","Unfall 242246 (2023) Kat:3, Licht: 1","242246","3","5","1","07","20","7","","1","0","1","0","0"
"POINT (13.443517406000069 52.464198634000070)","Unfall 242247 (2023) Kat:3, Licht: 0","242247","3","3","5","07","14","7","","0","0","1","0","1"
"POINT (13.297382121000055 52.464787387000058)","Unfall 242248 (2023) Kat:3, Licht: 0","242248","3","6","2","07","19","7","","0","1","1","0","0"
"POINT (13.491121814000053 52.468945990000066)","Unfall 242249 (2023) Kat:3, Licht: 0","242249","3","6","2","07","17","7","","0","0","1","0","0"
"POINT (13.332785744000034 52.478762791000065)","Unfall 242250 (2023) Kat:3, Licht: 0","242250","3","2","5","07","14","7","","0","1","1","0","0"
"POINT (13.211254192000069 52.568444585000066)","Unfall 242251 (2023) Kat:3, Licht: 0","242251","3","6","2","07","15","7","","0","0","1","0","0"
"POINT (13.430906981000021 52.499236176000068)","Unfall 242252 (2023) Kat:3, Licht: 0","242252","3","6","2","07","12","7","","0","0","1","0","0"
"POINT (13.349694183000054 52.542172503000074)","Unfall 242253 (2023) Kat:3, Licht: 0","242253","3","3","5","07","10","7","","0","0","1","0","0"
"POINT (13.532044836000068 52.484002887000031)","Unfall 242254 (2023) Kat:2, Licht: 0","242254","2","3","0","07","09","7","","0","1","1","0","0"
"POINT (13.334317008000028 52.541133328000058)","Unfall 242255 (2023) Kat:2, Licht: 0","242255","2","3","5","07","06","7","","0","1","1","0","0"
"POINT (13.394010562000062 52.540710621000073)","Unfall 242256 (2023) Kat:3, Licht: 0","242256","3","7","0","07","13","7","","0","0","1","0","0"
"POINT (13.589599050000061 52.528165782000031)","Unfall 242257 (2023) Kat:3, Licht: 0","242257","3","3","5","07","17","7","","0","1","1","0","0"
"POINT (13.526564782000037 52.426466417000029)","Unfall 242258 (2023) Kat:3, Licht: 0","242258","3","2","5","07","13","7","","0","0","1","0","1"
"POINT (13.231448594000028 52.527751533000071)","Unfall 242259 (2023) Kat:3, Licht: 0","242259","3","6","2","07","12","7","","0","0","1","0","0"
"POINT (13.454246369000032 52.510286650000069)","Unfall 242260 (2023) Kat:3, Licht: 2","242260","3","1","0","07","23","7","","2","1","0","0","0"
"POINT (13.470784272000060 52.555202332000079)","Unfall 242261 (2023) Kat:3, Licht: 0","242261","3","7","2","07","16","7","","0","0","1","0","1"
"POINT (13.431583958000033 52.496898714000054)","Unfall 242262 (2023) Kat:3, Licht: 2","242262","3","7","0","07","03","7","","2","0","1","0","0"
"POINT (13.331530511000039 52.469764669000028)","Unfall 242263 (2023) Kat:3, Licht: 2","242263","3","1","0","07","02","7","","2","1","0","0","0"
"POINT (13.457371216000070 52.528700624000066)","Unfall 242264 (2023) Kat:2, Licht: 2","242264","2","6","2","08","21","7","","2","0","1","0","1"
"POINT (13.408218936000026 52.554238923000071)","Unfall 242265 (2023) Kat:3, Licht: 0","242265","3","6","4","07","20","7","","0","1","0","0","0"
"POINT (13.388254238000059 52.520395483000073)","Unfall 242266 (2023) Kat:3, Licht: 0","242266","3","7","6","07","20","7","","0","0","1","1","0"
"POINT (13.169783317000054 52.550420326000051)","Unfall 242267 (2023) Kat:3, Licht: 0","242267","3","6","3","07","16","7","","0","1","0","0","0"
"POINT (13.377708520000056 52.545286139000041)","Unfall 242268 (2023) Kat:3, Licht: 0","242268","3","7","6","07","15","7","","0","0","1","1","0"
"POINT (13.331013223000070 52.492651717000058)","Unfall 242269 (2023) Kat:3, Licht: 0","242269","3","2","5","07","13","7","","0","1","1","0","0"
"POINT (13.449929237000049 52.445589243000029)","Unfall 242270 (2023) Kat:3, Licht: 0","242270","3","2","5","07","13","7","","0","0","1","0","0"
"POINT (13.366917574000070 52.410427615000060)","Unfall 242271 (2023) Kat:3, Licht: 0","242271","3","7","0","07","12","7","","0","0","1","0","0"
"POINT (13.597067287000073 52.414818134000029)","Unfall 242272 (2023) Kat:3, Licht: 0","242272","3","1","0","07","10","7","","0","1","0","0","0"
"POINT (13.538008044000037 52.437549419000050)","Unfall 242273 (2023) Kat:2, Licht: 0","242273","2","6","0","07","09","7","","0","1","0","0","0"
"POINT (13.524636239000074 52.495993591000058)","Unfall 242274 (2023) Kat:3, Licht: 0","242274","3","3","5","07","08","7","","0","1","1","0","0"
"POINT (13.406650201000048 52.498429683000040)","Unfall 242275 (2023) Kat:3, Licht: 0","242275","3","3","5","07","05","7","","0","0","1","0","0"
"POINT (13.394073489000050 52.532140198000036)","Unfall 242276 (2023) Kat:3, Licht: 2","242276","3","3","5","07","00","7","","2","1","1","0","0"
"POINT (13.363471638000021 52.619127259000038)","Unfall 242277 (2023) Kat:3, Licht: 2","242277","3","7","7","07","00","7","","2","0","0","0","0"
"POINT (13.339508901000045 52.503168021000079)","Unfall 242278 (2023) Kat:2, Licht: 2","242278","2","2","5","07","00","7","","2","0","1","0","1"
"POINT (13.201331108000034 52.555705923000062)","Unfall 242279 (2023) Kat:2, Licht: 0","242279","2","5","1","07","19","7","","0","0","1","0","0"
"POINT (13.291466389000050 52.625719264000054)","Unfall 242280 (2023) Kat:3, Licht: 0","242280","3","3","5","07","19","6","","0","0","1","0","0"
"POINT (13.485390246000065 52.526678477000075)","Unfall 242281 (2023) Kat:3, Licht: 0","242281","3","2","5","07","11","6","","0","1","0","0","0"
"POINT (13.204583965000040 52.524303410000073)","Unfall 242282 (2023) Kat:3, Licht: 0","242282","3","7","6","07","14","6","","0","0","0","1","0"
"POINT (13.370714137000050 52.523820983000064)","Unfall 242283 (2023) Kat:3, Licht: 2","242283","3","4","6","07","21","6","","2","1","0","1","0"
"POINT (13.317072118000056 52.460437522000063)","Unfall 242284 (2023) Kat:3, Licht: 0","242284","3","5","1","07","17","6","","0","0","1","0","0"
"POINT (13.384661214000062 52.514448691000041)","Unfall 242285 (2023) Kat:3, Licht: 0","242285","3","3","5","07","16","6","","0","0","1","0","0"
"POINT (13.281396913000037 52.512836217000029)","Unfall 242286 (2023) Kat:3, Licht: 0","242286","3","2","5","07","18","6","","0","0","1","1","0"
"POINT (13.358831290000069 52.446047260000057)","Unfall 242287 (2023) Kat:3, Licht: 0","242287","3","2","5","07","15","6","","0","0","1","0","1"
"POINT (13.406729886000051 52.498472186000072)","Unfall 242288 (2023) Kat:3, Licht: 0","242288","3","2","5","07","15","6","","0","0","1","0","0"
"POINT (13.380176951000067 52.513591768000026)","Unfall 242289 (2023) Kat:2, Licht: 0","242289","2","2","5","07","14","6","","0","0","1","0","1"
"POINT (13.453305832000069 52.493296231000045)","Unfall 242290 (2023) Kat:3, Licht: 0","242290","3","4","6","07","14","6","","0","1","0","1","0"
"POINT (13.470529920000047 52.462485802000060)","Unfall 242291 (2023) Kat:2, Licht: 0","242291","2","3","5","07","13","6","","0","0","1","0","1"
"POINT (13.387001475000034 52.559606230000043)","Unfall 242292 (2023) Kat:3, Licht: 0","242292","3","6","2","07","12","6","","0","0","1","0","0"
"POINT (13.279258777000052 52.503517024000075)","Unfall 242293 (2023) Kat:3, Licht: 0","242293","3","2","5","07","09","6","","0","0","1","0","1"
"POINT (13.313605907000067 52.571333682000045)","Unfall 242294 (2023) Kat:3, Licht: 0","242294","3","7","6","07","15","6","","0","0","1","1","0"
"POINT (13.394331118000025 52.540534474000026)","Unfall 242295 (2023) Kat:3, Licht: 0","242295","3","7","2","07","09","6","","0","0","0","0","1"
"POINT (13.573646078000024 52.401830022000070)","Unfall 242296 (2023) Kat:3, Licht: 0","242296","3","3","5","07","12","7","","0","0","1","0","1"
"POINT (13.324867747000042 52.575767510000048)","Unfall 242297 (2023) Kat:3, Licht: 0","242297","3","6","2","07","14","6","","0","0","1","0","0"
"POINT (13.455475980000074 52.513568065000072)","Unfall 242298 (2023) Kat:3, Licht: 0","242298","3","5","1","07","10","6","","0","1","1","0","0"
"POINT (13.345782337000060 52.545057831000065)","Unfall 242299 (2023) Kat:3, Licht: 0","242299","3","6","2","07","10","6","","0","0","1","0","0"
"POINT (13.418122996000022 52.516706512000042)","Unfall 242300 (2023) Kat:3, Licht: 2","242300","3","7","0","07","22","6","","2","1","0","0","0"
"POINT (13.441788729000052 52.497986853000043)","Unfall 242301 (2023) Kat:3, Licht: 0","242301","3","1","0","07","15","6","","0","1","0","0","0"
"POINT (13.453262086000052 52.592762667000045)","Unfall 242302 (2023) Kat:3, Licht: 1","242302","3","3","5","07","21","6","","1","0","1","0","0"
"POINT (13.406107460000044 52.415770490000057)","Unfall 242303 (2023) Kat:3, Licht: 0","242303","3","2","6","07","19","6","","0","0","1","1","0"
"POINT (13.426197728000034 52.575856904000034)","Unfall 242304 (2023) Kat:2, Licht: 0","242304","2","2","5","07","15","6","","0","1","1","0","0"
"POINT (13.339608098000042 52.503491177000058)","Unfall 242305 (2023) Kat:3, Licht: 0","242305","3","6","2","07","20","6","","0","0","1","0","1"
"POINT (13.624802553000052 52.527973053000039)","Unfall 242306 (2023) Kat:3, Licht: 0","242306","3","6","2","07","18","6","","0","0","1","0","0"
"POINT (13.496740071000033 52.448677576000080)","Unfall 242307 (2023) Kat:3, Licht: 0","242307","3","6","2","07","20","4","","0","0","1","0","0"
"POINT (13.178079613000023 52.548769619000041)","Unfall 242308 (2023) Kat:3, Licht: 0","242308","3","2","5","07","20","6","","0","0","1","0","0"
"POINT (13.512525580000045 52.459108929000081)","Unfall 242309 (2023) Kat:3, Licht: 0","242309","3","3","5","07","16","2","","0","1","0","0","0"
"POINT (13.503165933000048 52.636550471000078)","Unfall 242310 (2023) Kat:3, Licht: 0","242310","3","2","5","07","18","6","","0","0","1","0","0"
"POINT (13.427796119000050 52.481146328000079)","Unfall 242311 (2023) Kat:3, Licht: 0","242311","3","2","5","07","13","6","","0","1","1","0","0"
"POINT (13.280684246000021 52.502274792000037)","Unfall 242312 (2023) Kat:3, Licht: 0","242312","3","6","2","07","13","6","","0","0","1","0","1"
"POINT (13.563489591000064 52.445704294000052)","Unfall 242313 (2023) Kat:3, Licht: 0","242313","3","6","0","07","12","6","","0","0","0","0","1"
"POINT (13.416776971000047 52.459930912000061)","Unfall 242314 (2023) Kat:3, Licht: 0","242314","3","5","0","07","17","6","","0","0","1","0","0"
"POINT (13.394360873000039 52.532242054000051)","Unfall 242315 (2023) Kat:3, Licht: 0","242315","3","4","6","07","08","6","","0","0","1","1","0"
"POINT (13.398309928000060 52.534986570000058)","Unfall 242316 (2023) Kat:3, Licht: 0","242316","3","1","0","07","07","6","","0","1","0","0","0"
"POINT (13.381149605000076 52.500235485000076)","Unfall 242317 (2023) Kat:3, Licht: 0","242317","3","5","1","07","07","6","","0","1","1","0","0"
"POINT (13.319752559000051 52.452651255000035)","Unfall 242318 (2023) Kat:3, Licht: 0","242318","3","2","5","08","08","4","","0","1","1","0","0"
"POINT (13.351405391000071 52.596431189000043)","Unfall 242319 (2023) Kat:3, Licht: 0","242319","3","4","0","07","17","6","","0","0","0","1","0"
"POINT (13.433591137000064 52.512556744000051)","Unfall 242320 (2023) Kat:3, Licht: 0","242320","3","3","5","07","14","6","","0","1","1","0","0"
"POINT (13.345303112000067 52.596110239000041)","Unfall 242321 (2023) Kat:2, Licht: 0","242321","2","7","0","07","13","6","","0","0","1","0","0"
"POINT (13.321697913000037 52.492702006000059)","Unfall 242322 (2023) Kat:3, Licht: 0","242322","3","3","5","07","12","6","","0","0","0","0","1"
"POINT (13.152906142000063 52.553503513000067)","Unfall 242323 (2023) Kat:3, Licht: 0","242323","3","6","2","07","08","6","","0","0","0","0","1"
"POINT (13.411696572000039 52.523963607000042)","Unfall 242324 (2023) Kat:3, Licht: 0","242324","3","2","5","07","05","6","","0","0","1","0","0"
"POINT (13.350832823000076 52.415132559000028)","Unfall 242325 (2023) Kat:3, Licht: 0","242325","3","3","5","07","10","6","","0","1","1","0","0"
"POINT (13.368874579000021 52.588089672000081)","Unfall 242326 (2023) Kat:3, Licht: 0","242326","3","6","2","07","09","6","","0","0","0","0","1"
"POINT (13.403448771000058 52.526698979000059)","Unfall 242327 (2023) Kat:3, Licht: 0","242327","3","5","1","07","09","5","","0","1","0","0","0"
"POINT (13.295435457000053 52.610566784000071)","Unfall 242328 (2023) Kat:2, Licht: 0","242328","2","3","5","07","06","5","","0","1","0","0","0"
"POINT (13.360349536000058 52.576093904000061)","Unfall 242329 (2023) Kat:3, Licht: 0","242329","3","5","1","07","05","5","","0","0","1","0","0"
"POINT (13.437682769000048 52.503303171000027)","Unfall 242330 (2023) Kat:2, Licht: 0","242330","2","3","5","07","18","5","","0","1","0","0","0"
"POINT (13.566236432000039 52.533789308000053)","Unfall 242331 (2023) Kat:3, Licht: 1","242331","3","6","3","07","21","5","","1","1","0","0","0"
"POINT (13.401361118000068 52.529841890000057)","Unfall 242332 (2023) Kat:3, Licht: 1","242332","3","3","5","07","21","5","","1","0","1","0","1"
"POINT (13.469063718000029 52.531537021000076)","Unfall 242333 (2023) Kat:3, Licht: 0","242333","3","6","2","07","19","5","","0","0","1","0","0"
"POINT (13.404388011000037 52.461092063000081)","Unfall 242334 (2023) Kat:3, Licht: 0","242334","3","5","1","07","19","5","","0","1","0","0","0"
"POINT (13.385006693000037 52.502315654000029)","Unfall 242335 (2023) Kat:2, Licht: 2","242335","2","7","0","07","22","5","","2","0","1","0","0"
"POINT (13.350796987000024 52.459237693000034)","Unfall 242336 (2023) Kat:3, Licht: 0","242336","3","3","5","07","17","5","","0","1","0","0","0"
"POINT (13.583150634000049 52.549304886000073)","Unfall 242337 (2023) Kat:3, Licht: 0","242337","3","3","5","07","17","5","","0","1","0","0","0"
"POINT (13.402278715000023 52.530973942000060)","Unfall 242338 (2023) Kat:2, Licht: 2","242338","2","1","0","07","21","5","","2","1","0","0","0"
"POINT (13.393299465000041 52.584044687000073)","Unfall 242339 (2023) Kat:3, Licht: 0","242339","3","3","5","07","17","5","","0","1","1","0","0"
"POINT (13.195643162000067 52.533537692000039)","Unfall 242340 (2023) Kat:3, Licht: 0","242340","3","7","2","07","19","5","","0","0","1","0","1"
"POINT (13.413984936000077 52.553629050000040)","Unfall 242341 (2023) Kat:3, Licht: 0","242341","3","6","2","07","15","5","","0","0","0","0","1"
"POINT (13.498953657000072 52.633418362000043)","Unfall 242342 (2023) Kat:3, Licht: 0","242342","3","3","5","07","12","5","","0","0","1","0","0"
"POINT (13.392098556000064 52.507794480000030)","Unfall 242343 (2023) Kat:3, Licht: 0","242343","3","3","5","07","17","5","","0","1","1","0","0"
"POINT (13.370683540000073 52.443245446000049)","Unfall 242344 (2023) Kat:3, Licht: 0","242344","3","5","1","07","16","5","","0","1","1","0","0"
"POINT (13.345252156000072 52.493611128000055)","Unfall 242345 (2023) Kat:3, Licht: 0","242345","3","7","2","07","16","5","","0","1","1","0","0"
"POINT (13.558802554000067 52.470272674000057)","Unfall 242346 (2023) Kat:3, Licht: 0","242346","3","6","2","07","13","5","","0","0","0","0","0"
"POINT (13.303959864000035 52.539490184000044)","Unfall 242347 (2023) Kat:3, Licht: 0","242347","3","4","6","07","13","5","","0","0","1","1","0"
"POINT (13.379261715000041 52.529461741000034)","Unfall 242348 (2023) Kat:3, Licht: 2","242348","3","6","2","08","01","5","","2","0","1","0","1"
"POINT (13.285556491000023 52.512892591000082)","Unfall 242349 (2023) Kat:3, Licht: 0","242349","3","6","3","07","08","5","","0","0","1","0","1"
"POINT (13.469342643000061 52.521701841000038)","Unfall 242350 (2023) Kat:3, Licht: 0","242350","3","5","1","07","09","5","","0","1","1","0","0"
"POINT (13.428763248000052 52.535187964000045)","Unfall 242351 (2023) Kat:3, Licht: 0","242351","3","5","0","07","06","5","","0","0","1","0","1"
"POINT (13.453328281000040 52.501022350000028)","Unfall 242352 (2023) Kat:3, Licht: 0","242352","3","2","5","07","09","5","","0","1","1","0","0"
"POINT (13.386614109000050 52.559165023000048)","Unfall 242353 (2023) Kat:3, Licht: 0","242353","3","6","4","08","20","5","","0","0","1","0","0"
"POINT (13.360657960000026 52.481397463000064)","Unfall 242354 (2023) Kat:3, Licht: 0","242354","3","4","6","07","08","5","","0","1","0","1","0"
"POINT (13.277073252000037 52.422456810000028)","Unfall 242355 (2023) Kat:2, Licht: 0","242355","2","3","5","07","07","5","","0","1","1","0","0"
"POINT (13.344873403000065 52.539021338000055)","Unfall 242356 (2023) Kat:3, Licht: 0","242356","3","3","2","08","09","4","","0","0","1","0","1"
"POINT (13.377905717000033 52.471965805000082)","Unfall 242357 (2023) Kat:3, Licht: 0","242357","3","1","0","07","13","5","","0","0","0","0","0"