WKT,Name,OBJECTID,UKATEGORIE,UTYP1,UART,UMONAT,USTUNDE,UWOCHENTAG,STRZUSTAND,ULICHTVERH,ISTRAD,ISTPKW,ISTFUSS,ISTKRAD
"POINT (13.361105540000040 52.577211945000045)","Unfall 242358 (2023) Kat:3, Licht: 0","242358","3","1","0","07","08","5","","0","0","0","0","1"
"POINT (13.501871423000068 52.572202069000070)","Unfall 242359 (2023) Kat:3, Licht: 2","242359","3","1","0","07","00","5","","2","1","0","0","0"
"POINT (13.454265035000049 52.547897186000057)","Unfall 242360 (2023) Kat:3, Licht: 2","242360","3","7","5","07","22","5","","2","1","1","0","0"
"POINT (13.423939352000048 52.513438557000029)","Unfall 242361 (2023) Kat:3, Licht: 0","242361","3","2","5","07","19","5","","0","1","1","0","0"
"POINT (13.280238565000047 52.491884371000026)","Unfall 242362 (2023) Kat:3, Licht: 0","242362","3","7","2","07","18","5","","0","0","1","0","0"
"POINT (13.315678396000067 52.567020780000064)","Unfall 242363 (2023) Kat:3, Licht: 0","242363","3","2","5","07","18","5","","0","1","1","0","0"
"POINT (13.444170505000045 52.467951886000037)","Unfall 242364 (2023) Kat:3, Licht: 0","242364","3","6","2","07","17","5","","0","1","0","0","0"
"POINT (13.455988175000073 52.519459892000043)","Unfall 242365 (2023) Kat:3, Licht: 0","242365","3","3","5","07","17","5","","0","1","1","0","0"
"POINT (13.506654822000030 52.502857097000060)","Unfall 242366 (2023) Kat:3, Licht: 0","242366","3","2","5","07","16","5","","0","0","1","0","1"
"POINT (13.341438250000067 52.525539799000057)","Unfall 242367 (2023) Kat:2, Licht: 0","242367","2","4","6","07","16","5","","0","0","1","1","0"
"POINT (13.312289716000066 52.430343629000049)","Unfall 242368 (2023) Kat:2, Licht: 0","242368","2","2","5","07","14","5","","0","1","1","0","0"
"POINT (13.604745507000075 52.486607936000041)","Unfall 242369 (2023) Kat:3, Licht: 0","242369","3","3","5","07","09","5","","0","1","0","0","0"
"POINT (13.360986977000039 52.490074093000032)","Unfall 242370 (2023) Kat:3, Licht: 0","242370","3","1","0","07","08","5","","0","1","0","0","0"
"POINT (13.243396573000041 52.601546425000038)","Unfall 242371 (2023) Kat:3, Licht: 0","242371","3","2","5","08","14","3","","0","0","1","0","0"
"POINT (13.449693500000024 52.489763173000028)","Unfall 242372 (2023) Kat:3, Licht: 0","242372","3","6","2","07","08","5","","0","1","1","0","0"
"POINT (13.317512014000044 52.430896995000069)","Unfall 242373 (2023) Kat:3, Licht: 2","242373","3","3","5","07","23","5","","2","0","1","0","0"
"POINT (13.254101633000062 52.450928864000048)","Unfall 242374 (2023) Kat:3, Licht: 0","242374","3","2","0","07","20","5","","0","1","1","0","0"
"POINT (13.360328218000063 52.487805197000057)","Unfall 242375 (2023) Kat:3, Licht: 0","242375","3","7","6","07","20","5","","0","0","1","1","0"
"POINT (13.457398197000032 52.430892169000060)","Unfall 242376 (2023) Kat:3, Licht: 0","242376","3","2","5","07","17","5","","0","1","1","0","0"
"POINT (13.406097322000051 52.513806020000061)","Unfall 242377 (2023) Kat:2, Licht: 0","242377","2","1","0","07","18","5","","0","1","0","0","0"
"POINT (13.276022692000026 52.518828609000082)","Unfall 242378 (2023) Kat:3, Licht: 0","242378","3","2","2","07","14","5","","0","0","1","0","1"
"POINT (13.488842243000022 52.526599360000034)","Unfall 242379 (2023) Kat:3, Licht: 0","242379","3","4","0","07","07","5","","0","1","0","1","0"
"POINT (13.301166645000023 52.519061290000081)","Unfall 242380 (2023) Kat:3, Licht: 0","242380","3","3","0","07","08","5","","0","0","1","0","0"
"POINT (13.470253399000057 52.553648638000027)","Unfall 242381 (2023) Kat:3, Licht: 0","242381","3","3","5","07","10","5","","0","0","1","0","0"
"POINT (13.405713947000038 52.416518304000078)","Unfall 242382 (2023) Kat:3, Licht: 2","242382","3","6","2","07","00","5","","2","0","1","0","0"
"POINT (13.315160359000060 52.576639661000058)","Unfall 242383 (2023) Kat:2, Licht: 2","242383","2","1","0","07","05","4","","2","0","0","0","0"
"POINT (13.384624448000068 52.445494992000079)","Unfall 242384 (2023) Kat:3, Licht: 0","242384","3","2","0","07","11","4","","0","1","1","0","0"
"POINT (13.391298188000064 52.528012727000032)","Unfall 242385 (2023) Kat:3, Licht: 2","242385","3","5","1","07","01","4","","2","0","1","0","0"
"POINT (13.383676679000075 52.555229977000067)","Unfall 242386 (2023) Kat:3, Licht: 0","242386","3","7","6","07","18","6","","0","1","0","1","0"
"POINT (13.514756838000039 52.539028216000077)","Unfall 242387 (2023) Kat:3, Licht: 0","242387","3","6","3","07","18","4","","0","0","1","0","0"
"POINT (13.382480574000056 52.537765835000073)","Unfall 242388 (2023) Kat:3, Licht: 0","242388","3","3","5","07","15","4","","0","1","1","0","0"
"POINT (13.165458103000049 52.551235810000037)","Unfall 242389 (2023) Kat:2, Licht: 0","242389","2","2","5","07","14","4","","0","0","1","0","0"
"POINT (13.414669823000054 52.543193462000033)","Unfall 242390 (2023) Kat:3, Licht: 0","242390","3","7","6","07","13","4","","0","0","1","0","0"
"POINT (13.407993130000023 52.489074790000075)","Unfall 242391 (2023) Kat:3, Licht: 0","242391","3","3","5","07","07","4","","0","1","1","0","0"
"POINT (13.359489831000076 52.546311269000057)","Unfall 242392 (2023) Kat:3, Licht: 1","242392","3","6","0","08","19","7","","1","0","1","0","0"
"POINT (13.207959989000074 52.532705116000045)","Unfall 242393 (2023) Kat:3, Licht: 2","242393","3","1","8","07","23","4","","2","0","0","0","1"
"POINT (13.408846512000025 52.541316446000053)","Unfall 242394 (2023) Kat:3, Licht: 0","242394","3","4","6","07","18","4","","0","1","0","1","0"
"POINT (13.331718698000032 52.442335295000078)","Unfall 242395 (2023) Kat:3, Licht: 0","242395","3","6","2","07","16","4","","0","0","1","0","0"
"POINT (13.326102025000068 52.538365674000033)","Unfall 242396 (2023) Kat:3, Licht: 0","242396","3","2","5","07","15","4","","0","0","1","0","0"
"POINT (13.338753210000050 52.465785500000038)","Unfall 242397 (2023) Kat:3, Licht: 0","242397","3","6","2","07","14","4","","0","0","1","0","0"
"POINT (13.395380340000031 52.529670226000064)","Unfall 242398 (2023) Kat:3, Licht: 0","242398","3","7","5","07","13","4","","0","0","1","0","1"
"POINT (13.612601045000076 52.507140256000071)","Unfall 242399 (2023) Kat:3, Licht: 0","242399","3","3","5","07","13","4","","0","1","1","0","0"
"POINT (13.470251138000037 52.553641504000041)","Unfall 242400 (2023) Kat:3, Licht: 0","242400","3","2","5","07","13","4","","0","0","1","0","0"
"POINT (13.397757442000056 52.506352905000028)","Unfall 242401 (2023) Kat:3, Licht: 0","242401","3","5","5","07","11","4","","0","0","1","0","0"
"POINT (13.375485449000053 52.540319639000074)","Unfall 242402 (2023) Kat:3, Licht: 0","242402","3","3","5","07","08","6","","0","0","1","0","0"
"POINT (13.430203668000047 52.531186568000066)","Unfall 242403 (2023) Kat:3, Licht: 0","242403","3","5","1","07","11","4","","0","1","1","0","0"
"POINT (13.290208901000028 52.470514111000057)","Unfall 242404 (2023) Kat:3, Licht: 0","242404","3","6","3","07","10","4","","0","1","1","0","0"
"POINT (13.395103981000034 52.496783490000041)","Unfall 242405 (2023) Kat:3, Licht: 0","242405","3","3","5","07","08","4","","0","1","0","0","0"
"POINT (13.406218864000039 52.581694087000074)","Unfall 242406 (2023) Kat:2, Licht: 0","242406","2","2","5","07","08","4","","0","0","1","0","1"
"POINT (13.479173664000029 52.436762856000030)","Unfall 242407 (2023) Kat:3, Licht: 0","242407","3","3","5","07","06","4","","0","0","1","0","0"
"POINT (13.346807891000026 52.498934224000038)","Unfall 242408 (2023) Kat:3, Licht: 0","242408","3","1","0","07","14","4","","0","1","0","0","0"
"POINT (13.491681108000023 52.543679577000034)","Unfall 242409 (2023) Kat:3, Licht: 0","242409","3","5","5","07","12","4","","0","1","0","0","0"
"POINT (13.406410369000071 52.482619532000058)","Unfall 242410 (2023) Kat:3, Licht: 0","242410","3","2","5","07","18","4","","0","1","0","0","0"
"POINT (13.302112616000045 52.600037225000051)","Unfall 242411 (2023) Kat:3, Licht: 0","242411","3","6","2","07","17","4","","0","0","1","0","0"
"POINT (13.398386773000027 52.592444671000067)","Unfall 242412 (2023) Kat:3, Licht: 0","242412","3","3","5","07","15","4","","0","1","1","0","0"
"POINT (13.269510447000073 52.537762648000069)","Unfall 242413 (2023) Kat:3, Licht: 0","242413","3","3","5","07","14","4","","0","1","1","0","0"
"POINT (13.323145679000049 52.511033526000062)","Unfall 242414 (2023) Kat:2, Licht: 0","242414","2","7","6","07","12","4","","0","0","1","1","0"
"POINT (13.317618385000060 52.588093165000032)","Unfall 242415 (2023) Kat:3, Licht: 0","242415","3","6","0","07","12","4","","0","0","0","0","0"
"POINT (13.309377717000075 52.507330006000075)","Unfall 242416 (2023) Kat:3, Licht: 0","242416","3","4","6","07","19","4","","0","1","0","1","0"
"POINT (13.435315929000069 52.491342636000070)","Unfall 242417 (2023) Kat:3, Licht: 0","242417","3","6","3","07","09","4","","0","1","1","0","0"
"POINT (13.390436463000071 52.507237201000066)","Unfall 242418 (2023) Kat:3, Licht: 0","242418","3","4","6","07","19","4","","0","0","1","1","0"
"POINT (13.378399664000028 52.553161668000030)","Unfall 242419 (2023) Kat:2, Licht: 0","242419","2","5","1","08","14","5","","0","1","1","0","0"
"POINT (13.328464312000051 52.470126365000056)","Unfall 242420 (2023) Kat:3, Licht: 0","242420","3","2","5","07","17","4","","0","1","1","0","0"
"POINT (13.300764856000058 52.515464881000071)","Unfall 242421 (2023) Kat:3, Licht: 0","242421","3","3","5","07","17","4","","0","0","1","0","1"
"POINT (13.333817486000044 52.470008841000038)","Unfall 242422 (2023) Kat:2, Licht: 0","242422","2","6","2","07","09","4","","0","1","1","0","0"
"POINT (13.221580986000049 52.537031754000054)","Unfall 242423 (2023) Kat:3, Licht: 0","242423","3","6","3","07","16","4","","0","0","0","0","1"
"POINT (13.412091568000051 52.531232261000071)","Unfall 242424 (2023) Kat:2, Licht: 0","242424","2","7","5","07","09","4","","0","1","1","0","0"
"POINT (13.389205121000032 52.496063772000070)","Unfall 242425 (2023) Kat:2, Licht: 0","242425","2","1","0","07","15","4","","0","1","0","0","0"
"POINT (13.450795954000057 52.548387689000037)","Unfall 242426 (2023) Kat:3, Licht: 0","242426","3","6","2","07","15","4","","0","0","1","0","1"
"POINT (13.480153631000064 52.498304927000049)","Unfall 242427 (2023) Kat:3, Licht: 0","242427","3","5","1","07","08","4","","0","1","1","0","0"
"POINT (13.331596838000053 52.594996459000072)","Unfall 242428 (2023) Kat:2, Licht: 0","242428","2","4","6","07","15","4","","0","0","1","1","0"
"POINT (13.175362200000052 52.539982957000063)","Unfall 242429 (2023) Kat:2, Licht: 0","242429","2","3","5","07","14","4","","0","0","1","0","0"
"POINT (13.520248429000048 52.504392097000050)","Unfall 242430 (2023) Kat:3, Licht: 0","242430","3","6","2","07","14","4","","0","0","1","0","0"
"POINT (13.211613146000047 52.502062574000036)","Unfall 242431 (2023) Kat:3, Licht: 0","242431","3","7","0","07","11","4","","0","1","0","0","0"
"POINT (13.378125293000039 52.472438051000040)","Unfall 242432 (2023) Kat:3, Licht: 0","242432","3","2","5","07","07","4","","0","1","1","0","0"
"POINT (13.577819033000026 52.444336447000069)","Unfall 242433 (2023) Kat:3, Licht: 0","242433","3","3","5","07","17","3","","0","1","0","0","0"
"POINT (13.195378942000048 52.533467485000074)","Unfall 242434 (2023) Kat:2, Licht: 0","242434","2","3","5","07","08","3","","0","0","0","0","0"
"POINT (13.458221338000044 52.499640869000075)","Unfall 242435 (2023) Kat:3, Licht: 1","242435","3","3","5","07","21","3","","1","1","1","0","0"
"POINT (13.295128417000058 52.497723843000074)","Unfall 242436 (2023) Kat:3, Licht: 0","242436","3","6","3","07","16","3","","0","0","1","0","0"
"POINT (13.499764521000031 52.634055416000081)","Unfall 242437 (2023) Kat:2, Licht: 0","242437","2","3","5","07","10","4","","0","1","1","0","0"
"POINT (13.562369662000037 52.437256442000034)","Unfall 242438 (2023) Kat:3, Licht: 0","242438","3","2","2","07","15","3","","0","1","1","0","0"
"POINT (13.440356986000040 52.467485799000031)","Unfall 242439 (2023) Kat:2, Licht: 2","242439","2","3","5","07","22","3","","2","1","0","0","0"
"POINT (13.402590566000072 52.602931220000073)","Unfall 242440 (2023) Kat:3, Licht: 0","242440","3","6","2","07","13","3","","0","1","0","0","0"
"POINT (13.589506828000026 52.416897638000080)","Unfall 242441 (2023) Kat:3, Licht: 0","242441","3","7","5","07","17","3","","0","1","1","0","0"
"POINT (13.165809870000032 52.551168993000033)","Unfall 242442 (2023) Kat:3, Licht: 0","242442","3","6","3","07","20","4","","0","0","1","0","0"
"POINT (13.498083628000074 52.536854303000041)","Unfall 242443 (2023) Kat:3, Licht: 0","242443","3","3","5","07","17","3","","0","1","0","0","0"
"POINT (13.437058427000068 52.464867995000077)","Unfall 242444 (2023) Kat:3, Licht: 0","242444","3","6","3","07","17","3","","0","1","1","0","0"
"POINT (13.201156494000031 52.541260710000074)","Unfall 242445 (2023) Kat:3, Licht: 0","242445","3","6","4","07","15","3","","0","1","0","0","0"
"POINT (13.367273389000047 52.426851627000076)","Unfall 242446 (2023) Kat:3, Licht: 0","242446","3","4","6","07","07","3","","0","0","0","1","1"
"POINT (13.385928720000038 52.478197743000067)","Unfall 242447 (2023) Kat:3, Licht: 0","242447","3","2","5","07","05","3","","0","1","1","0","0"
"POINT (13.291562906000024 52.632035304000055)","Unfall 242448 (2023) Kat:3, Licht: 0","242448","3","7","0","07","13","3","","0","0","1","0","0"
"POINT (13.409933910000063 52.510600502000045)","Unfall 242449 (2023) Kat:3, Licht: 0","242449","3","2","5","07","15","3","","0","0","1","0","1"
"POINT (13.413011455000060 52.457630484000049)","Unfall 242450 (2023) Kat:3, Licht: 0","242450","3","2","0","07","14","3","","0","0","0","1","0"
"POINT (13.403127171000051 52.524642639000035)","Unfall 242451 (2023) Kat:3, Licht: 0","242451","3","1","0","07","16","3","","0","1","0","0","0"
"POINT (13.308444216000055 52.487745340000060)","Unfall 242452 (2023) Kat:2, Licht: 0","242452","2","2","5","07","09","3","","0","1","1","0","0"
"POINT (13.390259542000024 52.555550248000031)","Unfall 242453 (2023) Kat:2, Licht: 0","242453","2","2","5","07","12","3","","0","1","1","0","0"
"POINT (13.323967351000022 52.456187284000066)","Unfall 242454 (2023) Kat:3, Licht: 0","242454","3","1","0","07","12","3","","0","1","0","0","0"
"POINT (13.458734945000060 52.440310071000056)","Unfall 242455 (2023) Kat:3, Licht: 0","242455","3","3","5","07","08","3","","0","0","1","0","0"
"POINT (13.593436180000026 52.447493531000077)","Unfall 242456 (2023) Kat:2, Licht: 0","242456","2","6","2","07","08","3","","0","1","1","0","0"
"POINT (13.436779793000028 52.423676920000048)","Unfall 242457 (2023) Kat:3, Licht: 0","242457","3","2","6","07","14","1","","0","0","1","1","0"
"POINT (13.414303695000058 52.508223466000061)","Unfall 242458 (2023) Kat:2, Licht: 0","242458","2","6","3","07","19","3","","0","1","0","0","0"
"POINT (13.406473054000060 52.393761972000050)","Unfall 242459 (2023) Kat:3, Licht: 0","242459","3","2","5","07","17","3","","0","1","1","0","0"
"POINT (13.363791997000021 52.587589613000034)","Unfall 242460 (2023) Kat:3, Licht: 0","242460","3","3","5","07","16","3","","0","1","1","0","0"
"POINT (13.553061475000050 52.534039578000034)","Unfall 242461 (2023) Kat:3, Licht: 0","242461","3","4","6","07","14","3","","0","0","0","1","0"
"POINT (13.341410619000044 52.433788739000079)","Unfall 242462 (2023) Kat:3, Licht: 0","242462","3","5","1","07","14","3","","0","0","1","0","0"
"POINT (13.513327666000066 52.462608089000071)","Unfall 242463 (2023) Kat:3, Licht: 0","242463","3","7","0","07","13","3","","0","0","1","0","0"
"POINT (13.345940970000072 52.494750112000077)","Unfall 242464 (2023) Kat:3, Licht: 0","242464","3","6","2","07","18","3","","0","0","1","0","0"
"POINT (13.511549182000067 52.539010985000061)","Unfall 242465 (2023) Kat:3, Licht: 0","242465","3","3","5","07","12","3","","0","0","1","0","1"
"POINT (13.345883849000074 52.494549234000033)","Unfall 242466 (2023) Kat:3, Licht: 0","242466","3","3","0","07","10","3","","0","0","1","0","0"
"POINT (13.473396218000062 52.474793038000030)","Unfall 242467 (2023) Kat:3, Licht: 0","242467","3","6","2","08","14","3","","0","0","1","0","0"
"POINT (13.379409910000049 52.529426930000056)","Unfall 242468 (2023) Kat:3, Licht: 0","242468","3","2","0","07","09","3","","0","1","1","0","0"
"POINT (13.603090961000078 52.544133287000079)","Unfall 242469 (2023) Kat:3, Licht: 0","242469","3","3","5","07","16","3","","0","0","1","0","0"
"POINT (13.254992793000042 52.449802303000070)","Unfall 242470 (2023) Kat:3, Licht: 0","242470","3","7","5","07","09","6","","0","0","1","0","1"
"POINT (13.424397511000052 52.523658419000071)","Unfall 242471 (2023) Kat:3, Licht: 0","242471","3","1","0","07","09","3","","0","0","0","0","1"
"POINT (13.295815718000028 52.518921374000058)","Unfall 242472 (2023) Kat:3, Licht: 0","242472","3","1","0","07","05","3","","0","0","0","0","0"
"POINT (13.390684704000023 52.568235079000033)","Unfall 242473 (2023) Kat:3, Licht: 0","242473","3","2","5","07","06","3","","0","0","1","0","1"
"POINT (13.383406783000055 52.530285009000067)","Unfall 242474 (2023) Kat:3, Licht: 0","242474","3","6","3","07","09","2","","0","1","0","0","0"
"POINT (13.300318478000065 52.472591812000076)","Unfall 242475 (2023) Kat:3, Licht: 0","242475","3","7","6","07","15","2","","0","0","1","1","0"
"POINT (13.180474667000055 52.418772831000069)","Unfall 242476 (2023) Kat:2, Licht: 0","242476","2","1","9","07","15","2","","0","0","1","0","0"
"POINT (13.377283224000053 52.522267370000066)","Unfall 242477 (2023) Kat:3, Licht: 1","242477","3","3","5","07","05","2","","1","0","1","0","0"
"POINT (13.359889268000074 52.418616816000053)","Unfall 242478 (2023) Kat:1, Licht: 0","242478","1","2","5","07","08","2","","0","1","0","0","0"
"POINT (13.315392499000041 52.577851731000067)","Unfall 242479 (2023) Kat:1, Licht: 0","242479","1","1","9","07","06","2","","0","0","0","0","1"
"POINT (13.442399071000068 52.465730324000049)","Unfall 242480 (2023) Kat:3, Licht: 0","242480","3","6","2","07","14","2","","0","0","1","0","0"
"POINT (13.379171667000037 52.492454257000077)","Unfall 242481 (2023) Kat:3, Licht: 0","242481","3","6","3","07","10","2","","0","0","1","0","1"
"POINT (13.275528843000075 52.518111020000049)","Unfall 242482 (2023) Kat:3, Licht: 0","242482","3","3","5","07","08","2","","0","0","1","0","0"
"POINT (13.435167934000049 52.491193948000046)","Unfall 242483 (2023) Kat:3, Licht: 2","242483","3","2","5","07","23","2","","2","1","1","0","0"
"POINT (13.467696094000075 52.553810312000053)","Unfall 242484 (2023) Kat:3, Licht: 0","242484","3","7","0","07","18","2","","0","0","0","1","0"
"POINT (13.441199241000049 52.549527073000036)","Unfall 242485 (2023) Kat:3, Licht: 0","242485","3","2","5","07","17","2","","0","1","1","0","0"
"POINT (13.271502625000039 52.517020702000082)","Unfall 242486 (2023) Kat:3, Licht: 0","242486","3","3","5","07","16","2","","0","1","1","0","0"
"POINT (13.424045846000070 52.580384654000056)","Unfall 242487 (2023) Kat:3, Licht: 0","242487","3","6","3","07","16","2","","0","1","1","0","0"
"POINT (13.611518673000035 52.514303651000034)","Unfall 242488 (2023) Kat:2, Licht: 0","242488","2","4","6","07","16","2","","0","0","1","1","0"
"POINT (13.430530098000077 52.511348947000045)","Unfall 242489 (2023) Kat:3, Licht: 0","242489","3","2","5","07","15","2","","0","0","1","0","0"
"POINT (13.292741157000023 52.506703805000029)","Unfall 242490 (2023) Kat:3, Licht: 0","242490","3","2","5","07","14","2","","0","1","1","0","0"
"POINT (13.358421101000033 52.562022340000055)","Unfall 242491 (2023) Kat:3, Licht: 0","242491","3","7","5","08","17","6","","0","0","1","0","1"
"POINT (13.467510557000026 52.548269255000037)","Unfall 242492 (2023) Kat:3, Licht: 0","242492","3","7","5","07","20","2","","0","1","0","0","1"
"POINT (13.415052890000027 52.520606476000069)","Unfall 242493 (2023) Kat:3, Licht: 0","242493","3","4","6","07","20","2","","0","0","0","1","0"
"POINT (13.384212648000073 52.509966210000073)","Unfall 242494 (2023) Kat:3, Licht: 0","242494","3","2","5","07","19","2","","0","1","1","0","0"
"POINT (13.479602457000055 52.522850108000057)","Unfall 242495 (2023) Kat:3, Licht: 0","242495","3","6","2","07","13","2","","0","0","1","0","0"
"POINT (13.392586840000035 52.517378894000046)","Unfall 242496 (2023) Kat:3, Licht: 0","242496","3","2","2","07","12","2","","0","0","1","0","1"
"POINT (13.303101713000046 52.518616431000055)","Unfall 242497 (2023) Kat:3, Licht: 0","242497","3","7","1","07","16","2","","0","0","1","0","0"
"POINT (13.551497819000076 52.554481509000027)","Unfall 242498 (2023) Kat:3, Licht: 0","242498","3","3","5","07","16","2","","0","0","1","0","0"
"POINT (13.200150049000058 52.536559916000044)","Unfall 242499 (2023) Kat:3, Licht: 0","242499","3","2","5","07","11","2","","0","0","0","0","1"
"POINT (13.457600228000047 52.466333966000036)","Unfall 242500 (2023) Kat:3, Licht: 0","242500","3","6","3","07","10","2","","0","0","1","0","0"
"POINT (13.358553469000071 52.545947224000031)","Unfall 242501 (2023) Kat:3, Licht: 0","242501","3","1","0","07","15","2","","0","1","0","0","0"
"POINT (13.577721065000048 52.443912734000037)","Unfall 242502 (2023) Kat:2, Licht: 0","242502","2","7","5","08","16","2","","0","1","0","0","0"
"POINT (13.328523394000058 52.522203263000051)","Unfall 242503 (2023) Kat:3, Licht: 0","242503","3","2","5","08","08","2","","0","0","1","0","0"
"POINT (13.433075443000064 52.464755999000033)","Unfall 242504 (2023) Kat:3, Licht: 0","242504","3","3","5","07","09","2","","0","1","1","0","0"
"POINT (13.198572336000041 52.533299444000079)","Unfall 242505 (2023) Kat:3, Licht: 0","242505","3","7","5","07","15","2","","0","0","1","0","0"
"POINT (13.343694285000026 52.546301839000080)","Unfall 242506 (2023) Kat:2, Licht: 0","242506","2","2","0","07","07","2","","0","1","1","0","0"
"POINT (13.607678749000058 52.538641312000038)","Unfall 242507 (2023) Kat:3, Licht: 2","242507","3","7","0","07","02","2","","2","1","0","0","0"
"POINT (13.413553869000054 52.547648599000070)","Unfall 242508 (2023) Kat:3, Licht: 0","242508","3","2","5","07","14","2","","0","1","1","0","0"
"POINT (13.199759389000064 52.534552534000056)","Unfall 242509 (2023) Kat:3, Licht: 0","242509","3","2","5","07","12","2","","0","0","1","0","0"
"POINT (13.469415520000041 52.520376494000061)","Unfall 242510 (2023) Kat:3, Licht: 0","242510","3","6","3","07","11","2","","0","1","0","0","0"
"POINT (13.376330274000054 52.409275220000040)","Unfall 242511 (2023) Kat:3, Licht: 0","242511","3","2","5","07","09","2","","0","0","1","0","0"
"POINT (13.498745433000067 52.501131025000063)","Unfall 242512 (2023) Kat:2, Licht: 1","242512","2","7","0","08","06","5","","1","1","0","0","0"
"POINT (13.418460365000044 52.553473673000042)","Unfall 242513 (2023) Kat:3, Licht: 0","242513","3","3","5","07","08","2","","0","0","1","0","0"
"POINT (13.382886448000022 52.438003620000075)","Unfall 242514 (2023) Kat:3, Licht: 0","242514","3","5","1","07","16","1","","0","1","1","0","0"
"POINT (13.310681700000032 52.568259182000077)","Unfall 242515 (2023) Kat:3, Licht: 2","242515","3","6","2","07","22","1","","2","0","1","0","0"
"POINT (13.339190893000023 52.595830897000042)","Unfall 242516 (2023) Kat:2, Licht: 0","242516","2","2","5","07","21","1","","0","1","1","0","0"
"POINT (13.343632206000052 52.482624838000049)","Unfall 242517 (2023) Kat:3, Licht: 0","242517","3","3","5","07","19","1","","0","0","1","0","1"
"POINT (13.272166777000052 52.413218561000065)","Unfall 242518 (2023) Kat:2, Licht: 0","242518","2","5","4","08","17","6","","0","0","1","0","0"
"POINT (13.532773841000051 52.430934629000035)","Unfall 242519 (2023) Kat:3, Licht: 0","242519","3","6","2","07","18","1","","0","0","1","0","0"
"POINT (13.577542810000068 52.547798949000082)","Unfall 242520 (2023) Kat:3, Licht: 0","242520","3","2","5","07","11","1","","0","0","1","0","0"
"POINT (13.404424176000077 52.409451725000054)","Unfall 242521 (2023) Kat:3, Licht: 0","242521","3","3","0","07","14","1","","0","1","1","0","0"
"POINT (13.382369487000062 52.553391953000073)","Unfall 242522 (2023) Kat:3, Licht: 0","242522","3","4","6","07","18","1","","0","1","0","1","0"
"POINT (13.406363000000056 52.498325305000037)","Unfall 242523 (2023) Kat:2, Licht: 0","242523","2","2","5","07","18","1","","0","1","1","0","0"
"POINT (13.384733038000036 52.514532286000076)","Unfall 242524 (2023) Kat:3, Licht: 0","242524","3","3","5","07","20","1","","0","0","1","0","0"
"POINT (13.326043838000032 52.561049696000055)","Unfall 242525 (2023) Kat:3, Licht: 0","242525","3","3","5","07","20","1","","0","0","1","0","0"
"POINT (13.730919417000052 52.430134975000044)","Unfall 242526 (2023) Kat:3, Licht: 0","242526","3","2","2","07","17","1","","0","1","1","0","0"
"POINT (13.406525712000075 52.502548722000029)","Unfall 242527 (2023) Kat:3, Licht: 0","242527","3","3","5","07","18","1","","0","0","1","0","1"
"POINT (13.286189706000073 52.419217292000042)","Unfall 242528 (2023) Kat:3, Licht: 0","242528","3","7","5","07","17","1","","0","1","1","0","0"
"POINT (13.347989783000060 52.459149092000075)","Unfall 242529 (2023) Kat:3, Licht: 0","242529","3","6","2","07","09","5","","0","0","1","0","1"
"POINT (13.433732125000063 52.553174237000064)","Unfall 242530 (2023) Kat:3, Licht: 0","242530","3","5","1","07","17","1","","0","1","1","0","0"
"POINT (13.354389271000059 52.542896887000040)","Unfall 242531 (2023) Kat:3, Licht: 0","242531","3","7","1","07","13","1","","0","0","1","0","1"
"POINT (13.321473224000044 52.469127708000030)","Unfall 242532 (2023) Kat:2, Licht: 0","242532","2","6","2","07","15","1","","0","1","0","0","0"
"POINT (13.219152695000048 52.537174809000078)","Unfall 242533 (2023) Kat:3, Licht: 0","242533","3","7","5","07","13","1","","0","1","1","0","0"
"POINT (13.363457223000069 52.485248927000043)","Unfall 242534 (2023) Kat:3, Licht: 0","242534","3","3","5","07","15","1","","0","1","0","0","0"
"POINT (13.259682113000054 52.433394363000048)","Unfall 242535 (2023) Kat:3, Licht: 0","242535","3","5","1","07","12","1","","0","1","1","0","0"
"POINT (13.436936579000076 52.483369516000039)","Unfall 242536 (2023) Kat:2, Licht: 0","242536","2","6","3","07","18","6","","0","0","1","0","0"
"POINT (13.217122467000024 52.560469896000029)","Unfall 242537 (2023) Kat:2, Licht: 0","242537","2","2","5","07","10","1","","0","1","1","0","0"
"POINT (13.602151406000075 52.536107764000064)","Unfall 242538 (2023) Kat:3, Licht: 0","242538","3","3","5","07","09","1","","0","1","1","0","0"
"POINT (13.363093574000061 52.476213377000079)","Unfall 242539 (2023) Kat:3, Licht: 1","242539","3","3","5","07","05","1","","1","0","1","0","0"
"POINT (13.308664835000059 52.603095800000062)","Unfall 242540 (2023) Kat:3, Licht: 0","242540","3","2","5","07","12","1","","0","1","0","0","1"
"POINT (13.469138945000054 52.555073395000079)","Unfall 242541 (2023) Kat:3, Licht: 2","242541","3","1","0","07","02","1","","2","0","0","0","0"
"POINT (13.527562594000074 52.537231411000050)","Unfall 242542 (2023) Kat:3, Licht: 0","242542","3","6","2","07","15","7","","0","0","1","0","0"
"POINT (13.394429563000074 52.528684343000066)","Unfall 242543 (2023) Kat:3, Licht: 0","242543","3","5","0","07","11","7","","0","1","1","0","0"
"POINT (13.449145538000039 52.524352202000046)","Unfall 242544 (2023) Kat:3, Licht: 2","242544","3","4","0","07","23","7","","2","0","0","1","0"