WKT,Name,OBJECTID,UKATEGORIE,UTYP1,UART,UMONAT,USTUNDE,UWOCHENTAG,STRZUSTAND,ULICHTVERH,ISTRAD,ISTPKW,ISTFUSS,ISTKRAD
"POINT (13.165484328000048 52.551230829000076)","Unfall 242545 (2023) Kat:3, Licht: 0","242545","3","2","5","08","14","2","","0","0","1","0","0"
"POINT (13.362159641000062 52.497671679000064)","Unfall 242546 (2023) Kat:2, Licht: 0","242546","2","4","6","07","17","7","","0","1","0","1","0"
"POINT (13.299178271000073 52.440700446000051)","Unfall 242547 (2023) Kat:3, Licht: 0","242547","3","6","2","07","15","7","","0","0","0","0","1"
"POINT (13.362306842000066 52.550807587000065)","Unfall 242548 (2023) Kat:3, Licht: 0","242548","3","4","6","07","15","7","","0","0","1","1","0"
"POINT (13.348159904000056 52.596261640000080)","Unfall 242549 (2023) Kat:2, Licht: 0","242549","2","7","0","07","15","7","","0","0","1","0","0"
"POINT (13.505649181000024 52.438283003000038)","Unfall 242550 (2023) Kat:3, Licht: 0","242550","3","1","0","07","11","7","","0","1","0","0","0"
"POINT (13.496324465000043 52.634514305000039)","Unfall 242551 (2023) Kat:3, Licht: 0","242551","3","4","6","07","11","2","","0","0","0","1","0"
"POINT (13.381594474000053 52.478165022000042)","Unfall 242552 (2023) Kat:3, Licht: 2","242552","3","3","5","07","21","7","","2","0","1","0","1"
"POINT (13.330516807000038 52.505417686000044)","Unfall 242553 (2023) Kat:3, Licht: 0","242553","3","7","5","07","16","4","","0","1","1","0","0"
"POINT (13.379851408000036 52.540179431000070)","Unfall 242554 (2023) Kat:3, Licht: 0","242554","3","3","5","07","17","7","","0","1","1","0","0"
"POINT (13.404113205000044 52.448682695000059)","Unfall 242555 (2023) Kat:3, Licht: 0","242555","3","6","2","07","14","7","","0","0","1","0","0"
"POINT (13.388763883000024 52.550105755000061)","Unfall 242556 (2023) Kat:3, Licht: 0","242556","3","7","2","07","11","7","","0","0","1","0","0"
"POINT (13.397605937000037 52.528853225000034)","Unfall 242557 (2023) Kat:3, Licht: 1","242557","3","2","2","07","20","7","","1","1","1","0","0"
"POINT (13.383748042000036 52.503451320000067)","Unfall 242558 (2023) Kat:3, Licht: 0","242558","3","3","5","08","17","5","","0","0","1","0","0"
"POINT (13.538069302000054 52.434821819000035)","Unfall 242559 (2023) Kat:2, Licht: 1","242559","2","7","0","07","20","7","","1","1","0","0","0"
"POINT (13.406764771000041 52.393768034000061)","Unfall 242560 (2023) Kat:3, Licht: 0","242560","3","2","5","07","16","7","","0","0","1","0","0"
"POINT (13.383663893000062 52.551321792000067)","Unfall 242561 (2023) Kat:3, Licht: 2","242561","3","7","5","07","22","6","","2","0","1","0","1"
"POINT (13.232831800000042 52.437446291000072)","Unfall 242562 (2023) Kat:3, Licht: 0","242562","3","7","6","07","15","7","","0","0","1","1","0"
"POINT (13.434448586000030 52.462604735000070)","Unfall 242563 (2023) Kat:3, Licht: 0","242563","3","6","3","07","15","7","","0","0","1","0","0"
"POINT (13.416283406000048 52.490908927000078)","Unfall 242564 (2023) Kat:3, Licht: 0","242564","3","3","5","07","12","7","","0","1","1","0","0"
"POINT (13.424199837000060 52.513600173000043)","Unfall 242565 (2023) Kat:3, Licht: 0","242565","3","7","5","07","20","4","","0","0","0","0","1"
"POINT (13.469967156000052 52.506345181000029)","Unfall 242566 (2023) Kat:3, Licht: 0","242566","3","6","0","07","11","7","","0","1","0","0","0"
"POINT (13.345988565000027 52.497019607000027)","Unfall 242567 (2023) Kat:3, Licht: 0","242567","3","2","5","07","10","7","","0","1","1","0","0"
"POINT (13.207622024000045 52.562045044000058)","Unfall 242568 (2023) Kat:3, Licht: 0","242568","3","3","5","07","10","7","","0","1","1","0","0"
"POINT (13.365672886000027 52.556829577000030)","Unfall 242569 (2023) Kat:3, Licht: 2","242569","3","2","5","07","03","7","","2","0","1","0","0"
"POINT (13.372105186000056 52.554103686000076)","Unfall 242570 (2023) Kat:3, Licht: 0","242570","3","1","0","06","20","6","","0","0","0","0","0"
"POINT (13.268822256000021 52.404738398000063)","Unfall 242571 (2023) Kat:3, Licht: 0","242571","3","6","2","06","17","6","","0","0","1","0","0"
"POINT (13.437952863000021 52.488012763000029)","Unfall 242572 (2023) Kat:3, Licht: 0","242572","3","2","6","06","21","6","","0","0","1","1","0"
"POINT (13.351185528000030 52.515419349000069)","Unfall 242573 (2023) Kat:3, Licht: 2","242573","3","6","2","06","23","6","","2","0","1","0","0"
"POINT (13.430134254000052 52.550743328000067)","Unfall 242574 (2023) Kat:3, Licht: 0","242574","3","6","2","06","18","6","","0","0","1","0","0"
"POINT (13.580697129000043 52.539797205000070)","Unfall 242575 (2023) Kat:3, Licht: 0","242575","3","6","2","07","10","2","","0","0","1","0","0"
"POINT (13.327512437000053 52.418466140000078)","Unfall 242576 (2023) Kat:3, Licht: 0","242576","3","3","2","06","17","6","","0","0","1","0","0"
"POINT (13.422234077000041 52.559885540000039)","Unfall 242577 (2023) Kat:3, Licht: 0","242577","3","3","5","06","16","6","","0","0","1","0","0"
"POINT (13.284072501000026 52.485295332000078)","Unfall 242578 (2023) Kat:3, Licht: 0","242578","3","2","5","06","14","6","","0","1","1","0","0"
"POINT (13.604106409000053 52.539331617000073)","Unfall 242579 (2023) Kat:2, Licht: 0","242579","2","3","5","06","14","6","","0","1","1","0","0"
"POINT (13.300112910000053 52.519576729000050)","Unfall 242580 (2023) Kat:3, Licht: 0","242580","3","6","3","06","13","6","","0","0","1","0","1"
"POINT (13.326047861000063 52.505680868000070)","Unfall 242581 (2023) Kat:3, Licht: 0","242581","3","6","2","06","12","6","","0","0","1","0","0"
"POINT (13.305201688000068 52.427489604000073)","Unfall 242582 (2023) Kat:3, Licht: 0","242582","3","6","2","06","12","6","","0","0","1","0","0"
"POINT (13.357280324000044 52.541675724000072)","Unfall 242583 (2023) Kat:3, Licht: 0","242583","3","5","1","06","12","6","","0","0","1","0","0"
"POINT (13.563542889000075 52.413097990000040)","Unfall 242584 (2023) Kat:2, Licht: 0","242584","2","7","0","06","08","6","","0","1","0","0","0"
"POINT (13.658127317000037 52.414307831000031)","Unfall 242585 (2023) Kat:3, Licht: 0","242585","3","6","2","06","08","6","","0","0","1","0","0"
"POINT (13.430836229000022 52.552450797000063)","Unfall 242586 (2023) Kat:3, Licht: 0","242586","3","3","5","06","07","6","","0","1","1","0","0"
"POINT (13.390528876000076 52.457277286000078)","Unfall 242587 (2023) Kat:3, Licht: 1","242587","3","3","5","06","20","6","","1","0","1","0","0"
"POINT (13.284419903000071 52.486762080000062)","Unfall 242588 (2023) Kat:3, Licht: 0","242588","3","3","5","06","18","6","","0","1","1","0","0"
"POINT (13.199481492000075 52.546440314000051)","Unfall 242589 (2023) Kat:3, Licht: 0","242589","3","4","6","06","18","6","","0","0","1","1","0"
"POINT (13.401278268000056 52.569218180000064)","Unfall 242590 (2023) Kat:3, Licht: 0","242590","3","2","5","07","13","2","","0","0","1","0","1"
"POINT (13.380104868000046 52.519957636000072)","Unfall 242591 (2023) Kat:3, Licht: 0","242591","3","2","5","06","14","6","","0","1","1","0","0"
"POINT (13.407022809000068 52.503262095000082)","Unfall 242592 (2023) Kat:2, Licht: 2","242592","2","5","1","06","23","6","","2","0","1","0","0"
"POINT (13.460262855000053 52.512340607000056)","Unfall 242593 (2023) Kat:3, Licht: 0","242593","3","1","0","06","19","6","","0","1","1","0","0"
"POINT (13.410529949000022 52.503366654000047)","Unfall 242594 (2023) Kat:3, Licht: 2","242594","3","3","5","06","22","6","","2","1","1","0","0"
"POINT (13.391379973000028 52.536269516000061)","Unfall 242595 (2023) Kat:3, Licht: 0","242595","3","1","0","06","19","6","","0","0","0","0","1"
"POINT (13.455350423000027 52.510079311000027)","Unfall 242596 (2023) Kat:3, Licht: 0","242596","3","4","0","06","19","6","","0","0","0","1","1"
"POINT (13.405659746000026 52.514127366000082)","Unfall 242597 (2023) Kat:3, Licht: 0","242597","3","3","5","07","19","5","","0","0","1","0","0"
"POINT (13.377018856000063 52.485030792000032)","Unfall 242598 (2023) Kat:3, Licht: 0","242598","3","6","3","06","14","6","","0","0","1","0","1"
"POINT (13.347322433000045 52.553027641000028)","Unfall 242599 (2023) Kat:3, Licht: 0","242599","3","1","0","06","14","6","","0","1","0","0","0"
"POINT (13.341451525000025 52.534172820000038)","Unfall 242600 (2023) Kat:3, Licht: 0","242600","3","1","1","06","17","6","","0","0","1","0","0"
"POINT (13.463084686000059 52.519865160000052)","Unfall 242601 (2023) Kat:3, Licht: 0","242601","3","4","6","06","13","6","","0","0","1","1","0"
"POINT (13.605599804000065 52.538761139000030)","Unfall 242602 (2023) Kat:3, Licht: 0","242602","3","6","0","06","14","6","","0","0","1","0","0"
"POINT (13.431149048000066 52.512917864000030)","Unfall 242603 (2023) Kat:2, Licht: 0","242603","2","2","5","06","12","6","","0","1","1","0","0"
"POINT (13.359721314000069 52.504184589000033)","Unfall 242604 (2023) Kat:3, Licht: 0","242604","3","2","5","06","11","6","","0","1","1","0","0"
"POINT (13.307952682000064 52.488506432000065)","Unfall 242605 (2023) Kat:3, Licht: 0","242605","3","2","5","06","09","6","","0","0","1","0","0"
"POINT (13.454712109000070 52.494224364000047)","Unfall 242606 (2023) Kat:2, Licht: 0","242606","2","2","5","06","07","6","","0","0","1","0","1"
"POINT (13.440614737000033 52.517033638000044)","Unfall 242607 (2023) Kat:3, Licht: 0","242607","3","2","3","06","13","6","","0","1","1","0","0"
"POINT (13.540289707000056 52.525619892000066)","Unfall 242608 (2023) Kat:3, Licht: 0","242608","3","3","5","06","15","6","","0","1","1","0","0"
"POINT (13.198156526000048 52.532904369000050)","Unfall 242609 (2023) Kat:3, Licht: 0","242609","3","6","2","06","14","6","","0","0","1","0","0"
"POINT (13.612494575000028 52.454155037000078)","Unfall 242610 (2023) Kat:3, Licht: 0","242610","3","4","6","06","12","6","","0","0","0","1","1"
"POINT (13.555159888000048 52.438473140000042)","Unfall 242611 (2023) Kat:3, Licht: 0","242611","3","5","1","06","07","6","","0","1","1","0","0"
"POINT (13.398520263000023 52.440026238000030)","Unfall 242612 (2023) Kat:3, Licht: 0","242612","3","6","0","06","13","6","","0","0","0","0","1"
"POINT (13.475227468000071 52.501639407000027)","Unfall 242613 (2023) Kat:3, Licht: 0","242613","3","3","2","06","12","6","","0","1","1","0","0"
"POINT (13.317581389000054 52.491423735000069)","Unfall 242614 (2023) Kat:3, Licht: 0","242614","3","2","5","06","11","6","","0","1","1","0","0"
"POINT (13.335977017000062 52.502144065000039)","Unfall 242615 (2023) Kat:3, Licht: 0","242615","3","3","0","07","12","2","","0","0","1","0","1"
"POINT (13.354743314000075 52.487419020000061)","Unfall 242616 (2023) Kat:2, Licht: 0","242616","2","2","5","06","10","6","","0","1","0","0","0"
"POINT (13.571711373000028 52.546043801000053)","Unfall 242617 (2023) Kat:3, Licht: 0","242617","3","2","2","06","06","6","","0","0","1","0","0"
"POINT (13.450790963000031 52.527205221000031)","Unfall 242618 (2023) Kat:3, Licht: 1","242618","3","2","5","06","22","5","","1","0","1","0","0"
"POINT (13.458266332000051 52.485779159000060)","Unfall 242619 (2023) Kat:3, Licht: 0","242619","3","2","2","06","15","5","","0","1","1","0","0"
"POINT (13.394384929000068 52.507024007000041)","Unfall 242620 (2023) Kat:3, Licht: 0","242620","3","3","5","06","13","5","","0","0","1","0","0"
"POINT (13.313769920000027 52.476312109000048)","Unfall 242621 (2023) Kat:3, Licht: 0","242621","3","2","5","06","10","5","","0","1","1","0","0"
"POINT (13.523328801000048 52.486044528000036)","Unfall 242622 (2023) Kat:3, Licht: 0","242622","3","5","1","07","11","6","","0","1","1","0","0"
"POINT (13.403156558000035 52.463429464000058)","Unfall 242623 (2023) Kat:3, Licht: 2","242623","3","3","5","07","00","5","","2","0","1","0","0"
"POINT (13.398490186000060 52.532549973000073)","Unfall 242624 (2023) Kat:3, Licht: 0","242624","3","1","0","07","11","7","","0","1","0","0","0"
"POINT (13.458391483000071 52.533240865000039)","Unfall 242625 (2023) Kat:3, Licht: 0","242625","3","3","5","06","08","5","","0","1","1","0","0"
"POINT (13.476337851000039 52.533082594000064)","Unfall 242626 (2023) Kat:3, Licht: 2","242626","3","2","5","06","22","5","","2","0","1","0","0"
"POINT (13.386827385000061 52.518605833000038)","Unfall 242627 (2023) Kat:3, Licht: 0","242627","3","2","5","06","15","5","","0","1","1","0","0"
"POINT (13.223459170000069 52.429998813000054)","Unfall 242628 (2023) Kat:2, Licht: 0","242628","2","2","5","06","18","5","","0","1","1","0","0"
"POINT (13.406437610000069 52.565381907000074)","Unfall 242629 (2023) Kat:3, Licht: 0","242629","3","2","2","06","18","5","","0","1","1","0","0"
"POINT (13.537475243000074 52.540599720000046)","Unfall 242630 (2023) Kat:2, Licht: 0","242630","2","3","5","06","15","5","","0","1","0","0","0"
"POINT (13.388859341000057 52.516855044000067)","Unfall 242631 (2023) Kat:3, Licht: 0","242631","3","2","0","08","13","5","","0","1","1","0","0"
"POINT (13.573979789000077 52.401869169000065)","Unfall 242632 (2023) Kat:3, Licht: 0","242632","3","6","2","06","15","5","","0","1","1","0","0"
"POINT (13.463384172000076 52.469524574000047)","Unfall 242633 (2023) Kat:3, Licht: 0","242633","3","6","2","06","14","5","","0","0","1","0","0"
"POINT (13.431008809000048 52.468020967000029)","Unfall 242634 (2023) Kat:3, Licht: 0","242634","3","6","2","06","12","5","","0","0","1","0","0"
"POINT (13.435527790000037 52.564496128000030)","Unfall 242635 (2023) Kat:3, Licht: 0","242635","3","6","2","06","11","5","","0","1","1","0","0"
"POINT (13.359086480000030 52.569807898000079)","Unfall 242636 (2023) Kat:3, Licht: 0","242636","3","6","2","08","14","3","","0","0","1","0","0"
"POINT (13.473578517000021 52.438040133000072)","Unfall 242637 (2023) Kat:3, Licht: 0","242637","3","6","2","06","08","5","","0","0","1","0","0"
"POINT (13.319841309000026 52.504239550000079)","Unfall 242638 (2023) Kat:3, Licht: 2","242638","3","1","0","06","04","5","","2","0","0","0","0"
"POINT (13.384598862000075 52.496788488000050)","Unfall 242639 (2023) Kat:3, Licht: 2","242639","3","3","5","06","02","5","","2","0","1","0","0"
"POINT (13.240303036000057 52.511874628000044)","Unfall 242640 (2023) Kat:2, Licht: 2","242640","2","2","5","06","00","5","","2","0","1","0","1"
"POINT (13.431264432000035 52.484539899000026)","Unfall 242641 (2023) Kat:3, Licht: 0","242641","3","3","5","08","17","1","","0","1","1","0","0"
"POINT (13.265367808000065 52.511779130000036)","Unfall 242642 (2023) Kat:3, Licht: 0","242642","3","7","1","06","18","5","","0","0","1","0","0"
"POINT (13.450806066000041 52.436855931000082)","Unfall 242643 (2023) Kat:3, Licht: 0","242643","3","6","3","06","17","5","","0","0","1","0","0"
"POINT (13.418812183000057 52.495803945000034)","Unfall 242644 (2023) Kat:3, Licht: 0","242644","3","7","6","08","15","3","","0","1","0","1","0"
"POINT (13.443970121000064 52.500125655000033)","Unfall 242645 (2023) Kat:3, Licht: 0","242645","3","3","5","06","15","5","","0","1","1","0","0"
"POINT (13.327881285000046 52.521052717000032)","Unfall 242646 (2023) Kat:3, Licht: 0","242646","3","5","1","06","15","5","","0","1","1","0","0"
"POINT (13.484278500000073 52.535410920000061)","Unfall 242647 (2023) Kat:3, Licht: 0","242647","3","6","2","06","15","5","","0","1","1","0","0"
"POINT (13.416278951000038 52.519850637000047)","Unfall 242648 (2023) Kat:3, Licht: 0","242648","3","1","0","06","14","5","","0","1","0","0","0"
"POINT (13.334960208000041 52.487901250000050)","Unfall 242649 (2023) Kat:3, Licht: 0","242649","3","7","2","06","14","5","","0","0","1","0","1"
"POINT (13.507276113000046 52.564150940000047)","Unfall 242650 (2023) Kat:3, Licht: 0","242650","3","2","5","06","11","5","","0","1","1","0","0"
"POINT (13.392519782000022 52.564075228000036)","Unfall 242651 (2023) Kat:2, Licht: 0","242651","2","4","6","06","11","5","","0","0","1","1","0"
"POINT (13.441739141000028 52.501254169000049)","Unfall 242652 (2023) Kat:3, Licht: 0","242652","3","2","5","06","11","5","","0","1","0","0","0"
"POINT (13.493594846000065 52.430284068000049)","Unfall 242653 (2023) Kat:3, Licht: 0","242653","3","2","5","06","08","5","","0","1","1","0","0"
"POINT (13.426950016000035 52.567889340000079)","Unfall 242654 (2023) Kat:3, Licht: 0","242654","3","5","1","06","20","5","","0","1","1","0","0"
"POINT (13.610940371000027 52.511168325000028)","Unfall 242655 (2023) Kat:2, Licht: 2","242655","2","4","6","08","00","5","","2","0","0","1","0"
"POINT (13.297358618000032 52.526520642000037)","Unfall 242656 (2023) Kat:3, Licht: 0","242656","3","2","5","06","20","5","","0","0","1","0","0"
"POINT (13.389267096000026 52.514266387000077)","Unfall 242657 (2023) Kat:3, Licht: 0","242657","3","7","2","06","18","5","","0","1","1","0","0"
"POINT (13.302351608000038 52.507207634000054)","Unfall 242658 (2023) Kat:3, Licht: 0","242658","3","6","3","06","07","5","","0","1","1","0","0"
"POINT (13.380146874000047 52.522677020000060)","Unfall 242659 (2023) Kat:3, Licht: 0","242659","3","2","2","06","07","5","","0","1","0","0","1"
"POINT (13.186339228000065 52.522938640000064)","Unfall 242660 (2023) Kat:3, Licht: 0","242660","3","4","6","06","14","5","","0","0","1","1","0"
"POINT (13.622017958000072 52.446507961000066)","Unfall 242661 (2023) Kat:3, Licht: 0","242661","3","2","5","06","13","5","","0","1","1","0","0"
"POINT (13.401118037000060 52.510450279000054)","Unfall 242662 (2023) Kat:3, Licht: 0","242662","3","7","1","06","05","6","","0","0","1","0","0"
"POINT (13.486960329000055 52.617485742000042)","Unfall 242663 (2023) Kat:2, Licht: 0","242663","2","3","5","06","11","5","","0","0","1","0","0"
"POINT (13.491469938000023 52.533883261000028)","Unfall 242664 (2023) Kat:3, Licht: 0","242664","3","6","2","08","12","7","","0","0","1","0","0"
"POINT (13.240312263000021 52.511850533000029)","Unfall 242665 (2023) Kat:3, Licht: 0","242665","3","3","5","06","10","5","","0","0","1","0","0"
"POINT (13.326991971000041 52.502789840000048)","Unfall 242666 (2023) Kat:3, Licht: 2","242666","3","7","0","06","00","5","","2","0","0","0","0"
"POINT (13.308511762000023 52.618033766000053)","Unfall 242667 (2023) Kat:3, Licht: 0","242667","3","5","1","06","08","5","","0","1","1","0","0"
"POINT (13.391158646000065 52.514439684000081)","Unfall 242668 (2023) Kat:3, Licht: 0","242668","3","1","0","06","15","4","","0","1","0","0","0"
"POINT (13.292439835000039 52.508110011000042)","Unfall 242669 (2023) Kat:2, Licht: 0","242669","2","1","1","06","11","4","","0","0","1","0","0"
"POINT (13.348729985000034 52.459131142000047)","Unfall 242670 (2023) Kat:1, Licht: 0","242670","1","2","5","06","13","4","","0","0","1","0","1"
"POINT (13.379028790000064 52.526017620000061)","Unfall 242671 (2023) Kat:3, Licht: 0","242671","3","5","1","06","19","4","","0","1","1","0","0"
"POINT (13.583584951000034 52.450607383000033)","Unfall 242672 (2023) Kat:3, Licht: 0","242672","3","5","1","06","19","4","","0","1","1","0","0"
"POINT (13.392997357000070 52.564327697000067)","Unfall 242673 (2023) Kat:3, Licht: 0","242673","3","6","2","07","10","7","","0","0","1","0","0"
"POINT (13.436133084000062 52.448792780000076)","Unfall 242674 (2023) Kat:3, Licht: 0","242674","3","2","5","06","10","4","","0","1","1","0","0"
"POINT (13.236057316000029 52.469497802000035)","Unfall 242675 (2023) Kat:3, Licht: 0","242675","3","3","5","06","19","4","","0","1","1","0","0"
"POINT (13.489020734000064 52.503066271000080)","Unfall 242676 (2023) Kat:3, Licht: 0","242676","3","7","2","06","17","4","","0","1","1","0","0"
"POINT (13.250570863000064 52.451698009000040)","Unfall 242677 (2023) Kat:3, Licht: 0","242677","3","5","1","06","15","4","","0","0","1","0","0"
"POINT (13.467367544000069 52.533890064000047)","Unfall 242678 (2023) Kat:3, Licht: 0","242678","3","1","0","07","07","5","","0","1","0","0","0"
"POINT (13.615673670000035 52.518274120000058)","Unfall 242679 (2023) Kat:3, Licht: 0","242679","3","6","2","06","15","4","","0","0","1","0","1"
"POINT (13.502602660000036 52.460370163000050)","Unfall 242680 (2023) Kat:3, Licht: 0","242680","3","1","8","08","17","4","","0","0","1","0","0"
"POINT (13.374523954000040 52.468415271000026)","Unfall 242681 (2023) Kat:3, Licht: 0","242681","3","6","2","06","15","4","","0","1","1","0","0"
"POINT (13.294259489000069 52.534316920000037)","Unfall 242682 (2023) Kat:3, Licht: 0","242682","3","2","2","06","14","4","","0","0","1","0","1"
"POINT (13.328452331000051 52.563704704000031)","Unfall 242683 (2023) Kat:3, Licht: 0","242683","3","4","0","06","13","4","","0","1","0","1","0"
"POINT (13.305849320000050 52.620394413000042)","Unfall 242684 (2023) Kat:3, Licht: 0","242684","3","6","2","06","13","4","","0","0","1","0","0"
"POINT (13.533682198000065 52.525462756000081)","Unfall 242685 (2023) Kat:3, Licht: 2","242685","3","3","5","10","20","5","","2","0","1","0","0"
"POINT (13.302330822000044 52.518864941000061)","Unfall 242686 (2023) Kat:3, Licht: 0","242686","3","2","5","10","15","5","","0","0","1","0","1"
"POINT (13.346428810000077 52.547331841000073)","Unfall 242687 (2023) Kat:3, Licht: 0","242687","3","6","2","10","14","5","","0","0","1","0","0"
"POINT (13.393456723000043 52.457977038000081)","Unfall 242688 (2023) Kat:3, Licht: 2","242688","3","2","6","10","06","5","","2","0","0","1","0"
"POINT (13.409685099000058 52.511005810000029)","Unfall 242689 (2023) Kat:3, Licht: 2","242689","3","4","6","10","06","5","","2","1","0","1","0"
"POINT (13.361526204000029 52.524031587000081)","Unfall 242690 (2023) Kat:3, Licht: 0","242690","3","1","0","10","17","4","","0","1","0","0","0"
"POINT (13.427184515000022 52.475530536000065)","Unfall 242691 (2023) Kat:3, Licht: 0","242691","3","2","2","10","17","4","","0","1","1","0","0"
"POINT (13.383774588000051 52.559375517000035)","Unfall 242692 (2023) Kat:3, Licht: 0","242692","3","4","6","10","14","4","","0","0","1","1","0"
"POINT (13.481285970000044 52.510048776000076)","Unfall 242693 (2023) Kat:3, Licht: 0","242693","3","4","6","10","10","4","","0","0","1","1","0"
"POINT (13.332078668000065 52.505909952000081)","Unfall 242694 (2023) Kat:3, Licht: 0","242694","3","6","0","10","13","4","","0","0","0","0","0"
"POINT (13.502537088000054 52.503172209000070)","Unfall 242695 (2023) Kat:3, Licht: 0","242695","3","4","6","10","13","4","","0","0","1","1","0"
"POINT (13.449743616000035 52.537428562000059)","Unfall 242696 (2023) Kat:3, Licht: 0","242696","3","6","2","10","11","4","","0","0","1","0","0"
"POINT (13.433411552000052 52.444113456000082)","Unfall 242697 (2023) Kat:3, Licht: 0","242697","3","3","2","10","06","4","","0","1","1","0","0"
"POINT (13.450210457000026 52.527187570000081)","Unfall 242698 (2023) Kat:3, Licht: 0","242698","3","6","3","10","12","4","","0","0","1","0","0"
"POINT (13.437469680000049 52.478972079000073)","Unfall 242699 (2023) Kat:2, Licht: 0","242699","2","2","5","10","11","4","","0","1","1","0","0"
"POINT (13.402086364000070 52.463473739000051)","Unfall 242700 (2023) Kat:2, Licht: 0","242700","2","2","5","10","11","4","","0","0","0","0","1"
"POINT (13.335582344000045 52.602719024000066)","Unfall 242701 (2023) Kat:3, Licht: 0","242701","3","3","5","10","10","4","","0","0","1","0","1"
"POINT (13.400001748000022 52.532868080000071)","Unfall 242702 (2023) Kat:2, Licht: 2","242702","2","6","2","10","23","4","","2","1","1","0","0"
"POINT (13.323613923000039 52.493750157000079)","Unfall 242703 (2023) Kat:2, Licht: 2","242703","2","2","5","10","22","4","","2","0","1","0","0"
"POINT (13.455840307000074 52.530794067000045)","Unfall 242704 (2023) Kat:2, Licht: 2","242704","2","2","5","10","19","4","","2","0","1","0","1"
"POINT (13.595993714000031 52.528674826000042)","Unfall 242705 (2023) Kat:3, Licht: 0","242705","3","3","5","10","14","4","","0","0","1","0","0"
"POINT (13.320119839000029 52.583089639000036)","Unfall 242706 (2023) Kat:3, Licht: 0","242706","3","6","2","10","11","4","","0","0","0","0","0"
"POINT (13.276866507000022 52.512607236000065)","Unfall 242707 (2023) Kat:3, Licht: 0","242707","3","2","6","10","08","4","","0","0","1","1","0"
"POINT (13.438440297000056 52.453038741000057)","Unfall 242708 (2023) Kat:3, Licht: 0","242708","3","7","5","10","08","4","","0","0","1","0","1"
"POINT (13.335883275000072 52.513885703000028)","Unfall 242709 (2023) Kat:2, Licht: 2","242709","2","3","5","10","23","4","","2","0","1","0","0"
"POINT (13.323394873000041 52.573859462000030)","Unfall 242710 (2023) Kat:3, Licht: 1","242710","3","5","1","10","18","4","","1","1","1","0","0"
"POINT (13.440451070000051 52.515852777000077)","Unfall 242711 (2023) Kat:3, Licht: 0","242711","3","2","4","10","18","4","","0","1","1","0","0"
"POINT (13.374572049000051 52.528050255000039)","Unfall 242712 (2023) Kat:3, Licht: 0","242712","3","6","3","10","08","4","","0","1","1","0","0"
"POINT (13.305740161000074 52.503600786000050)","Unfall 242713 (2023) Kat:3, Licht: 0","242713","3","7","1","10","13","4","","0","0","1","0","0"
"POINT (13.201267439000048 52.539060360000065)","Unfall 242714 (2023) Kat:2, Licht: 0","242714","2","6","3","10","12","4","","0","0","1","0","0"
"POINT (13.313034096000024 52.452693793000037)","Unfall 242715 (2023) Kat:3, Licht: 0","242715","3","6","2","10","12","4","","0","0","1","0","1"
"POINT (13.338481937000040 52.554345733000048)","Unfall 242716 (2023) Kat:3, Licht: 0","242716","3","6","2","10","08","3","","0","1","1","0","0"
"POINT (13.504690211000025 52.526265616000046)","Unfall 242717 (2023) Kat:3, Licht: 0","242717","3","3","5","10","12","3","","0","0","0","0","0"
"POINT (13.383731372000057 52.554999027000065)","Unfall 242718 (2023) Kat:3, Licht: 0","242718","3","2","5","10","16","3","","0","0","0","0","1"
"POINT (13.304219221000039 52.503904698000042)","Unfall 242719 (2023) Kat:3, Licht: 2","242719","3","7","0","10","19","3","","2","0","1","0","0"
"POINT (13.317241189000072 52.513948790000029)","Unfall 242720 (2023) Kat:3, Licht: 0","242720","3","2","5","10","10","3","","0","1","1","0","0"
"POINT (13.306660937000061 52.517579611000031)","Unfall 242721 (2023) Kat:3, Licht: 1","242721","3","3","5","10","06","3","","1","1","1","0","0"
"POINT (13.396809099000052 52.537122911000040)","Unfall 242722 (2023) Kat:3, Licht: 2","242722","3","6","2","10","05","3","","2","0","1","0","1"
"POINT (13.427872469000022 52.465952618000074)","Unfall 242723 (2023) Kat:3, Licht: 0","242723","3","7","0","10","11","3","","0","0","0","0","1"
"POINT (13.481109070000059 52.460673999000051)","Unfall 242724 (2023) Kat:3, Licht: 0","242724","3","3","5","10","16","3","","0","1","1","0","0"
"POINT (13.301797917000044 52.581647882000027)","Unfall 242725 (2023) Kat:3, Licht: 2","242725","3","7","1","10","04","3","","2","0","1","0","0"
"POINT (13.331157406000045 52.502514155000028)","Unfall 242726 (2023) Kat:3, Licht: 2","242726","3","6","0","10","21","3","","2","0","1","0","1"
"POINT (13.324692881000033 52.418534576000070)","Unfall 242727 (2023) Kat:3, Licht: 2","242727","3","2","5","10","19","3","","2","1","1","0","0"
"POINT (13.531184362000033 52.430125472000043)","Unfall 242728 (2023) Kat:3, Licht: 0","242728","3","4","6","10","16","3","","0","0","1","1","1"
"POINT (13.453174984000043 52.452722299000072)","Unfall 242729 (2023) Kat:3, Licht: 0","242729","3","2","5","10","16","3","","0","1","1","0","0"
"POINT (13.385560934000068 52.464820357000065)","Unfall 242730 (2023) Kat:3, Licht: 0","242730","3","6","3","10","15","3","","0","0","1","0","0"
"POINT (13.572103818000073 52.546364809000067)","Unfall 242731 (2023) Kat:3, Licht: 0","242731","3","6","2","10","13","3","","0","0","1","0","0"