WKT,Name,OBJECTID,UKATEGORIE,UTYP1,UART,UMONAT,USTUNDE,UWOCHENTAG,STRZUSTAND,ULICHTVERH,ISTRAD,ISTPKW,ISTFUSS,ISTKRAD
"POINT (13.373733892000075 52.563186284000039)","Unfall 242732 (2023) Kat:2, Licht: 0","242732","2","3","5","10","13","3","","0","0","1","0","1"
"POINT (13.448189624000065 52.436966202000065)","Unfall 242733 (2023) Kat:3, Licht: 0","242733","3","2","5","10","12","3","","0","1","0","0","0"
"POINT (13.348335490000068 52.503565492000064)","Unfall 242734 (2023) Kat:3, Licht: 0","242734","3","1","0","10","11","3","","0","1","0","0","0"
"POINT (13.400133701000073 52.509533851000072)","Unfall 242735 (2023) Kat:3, Licht: 0","242735","3","2","5","10","09","3","","0","0","1","0","1"
"POINT (13.381936805000066 52.527685363000046)","Unfall 242736 (2023) Kat:3, Licht: 0","242736","3","6","0","10","09","3","","0","1","1","0","0"
"POINT (13.410295242000075 52.503784153000026)","Unfall 242737 (2023) Kat:3, Licht: 2","242737","3","3","5","10","22","3","","2","1","1","0","0"
"POINT (13.335118321000039 52.464044530000081)","Unfall 242738 (2023) Kat:3, Licht: 2","242738","3","4","6","10","21","3","","2","0","1","1","0"
"POINT (13.333659329000056 52.478702389000034)","Unfall 242739 (2023) Kat:3, Licht: 0","242739","3","3","5","10","16","3","","0","1","1","0","0"
"POINT (13.326930716000049 52.498770121000064)","Unfall 242740 (2023) Kat:3, Licht: 0","242740","3","2","5","10","14","3","","0","1","1","0","0"
"POINT (13.601137060000042 52.479236689000061)","Unfall 242741 (2023) Kat:3, Licht: 0","242741","3","3","5","10","09","3","","0","1","1","0","0"
"POINT (13.400103153000032 52.509583277000047)","Unfall 242742 (2023) Kat:3, Licht: 0","242742","3","3","5","10","08","3","","0","0","1","0","1"
"POINT (13.470349493000072 52.473194946000035)","Unfall 242743 (2023) Kat:3, Licht: 2","242743","3","7","6","10","01","3","","2","1","0","1","0"
"POINT (13.377927921000037 52.446403735000047)","Unfall 242744 (2023) Kat:3, Licht: 0","242744","3","5","1","10","09","3","","0","0","1","0","0"
"POINT (13.552793630000053 52.430615989000046)","Unfall 242745 (2023) Kat:3, Licht: 0","242745","3","2","5","10","07","3","","0","1","1","0","0"
"POINT (13.200231998000049 52.536890795000033)","Unfall 242746 (2023) Kat:3, Licht: 0","242746","3","6","3","10","07","3","","0","0","1","0","1"
"POINT (13.382656081000050 52.402266276000034)","Unfall 242747 (2023) Kat:3, Licht: 1","242747","3","1","0","10","06","3","","1","0","0","0","0"
"POINT (13.157296236000036 52.534646911000038)","Unfall 242748 (2023) Kat:3, Licht: 0","242748","3","4","6","10","08","2","","0","0","1","1","0"
"POINT (13.527460811000026 52.567385375000072)","Unfall 242749 (2023) Kat:3, Licht: 2","242749","3","4","6","10","06","2","","2","0","0","1","0"
"POINT (13.349497805000055 52.508463456000072)","Unfall 242750 (2023) Kat:3, Licht: 2","242750","3","2","5","10","19","2","","2","1","1","0","0"
"POINT (13.483752347000063 52.474060596000072)","Unfall 242751 (2023) Kat:2, Licht: 2","242751","2","2","6","10","19","2","","2","0","1","1","0"
"POINT (13.296203258000048 52.442801809000059)","Unfall 242752 (2023) Kat:3, Licht: 2","242752","3","6","2","10","18","2","","2","0","1","0","0"
"POINT (13.592932647000055 52.547412573000031)","Unfall 242753 (2023) Kat:3, Licht: 0","242753","3","3","0","10","17","2","","0","1","1","0","0"
"POINT (13.389965040000050 52.550197666000031)","Unfall 242754 (2023) Kat:3, Licht: 0","242754","3","4","6","10","16","2","","0","0","0","1","1"
"POINT (13.406594127000062 52.393764488000045)","Unfall 242755 (2023) Kat:3, Licht: 0","242755","3","2","5","10","13","2","","0","0","1","0","0"
"POINT (13.365313809000043 52.525200284000050)","Unfall 242756 (2023) Kat:3, Licht: 0","242756","3","6","3","10","13","2","","0","1","0","0","0"
"POINT (13.538515535000045 52.524611739000079)","Unfall 242757 (2023) Kat:3, Licht: 0","242757","3","2","5","10","17","2","","0","0","1","0","0"
"POINT (13.421271055000034 52.504087908000031)","Unfall 242758 (2023) Kat:3, Licht: 1","242758","3","2","5","10","17","2","","1","0","1","0","1"
"POINT (13.458012924000059 52.485586824000052)","Unfall 242759 (2023) Kat:3, Licht: 1","242759","3","6","2","10","17","2","","1","0","1","0","0"
"POINT (13.457810295000058 52.529039010000076)","Unfall 242760 (2023) Kat:3, Licht: 0","242760","3","2","2","10","11","2","","0","0","1","0","0"
"POINT (13.329383569000072 52.481445185000041)","Unfall 242761 (2023) Kat:3, Licht: 0","242761","3","6","2","10","09","2","","0","0","1","0","0"
"POINT (13.349020780000046 52.514741763000075)","Unfall 242762 (2023) Kat:3, Licht: 0","242762","3","6","3","10","08","2","","0","0","1","0","1"
"POINT (13.439322395000033 52.481486186000041)","Unfall 242763 (2023) Kat:3, Licht: 0","242763","3","6","2","10","11","2","","0","1","1","0","0"
"POINT (13.604287043000056 52.538537912000038)","Unfall 242764 (2023) Kat:3, Licht: 0","242764","3","2","6","10","06","2","","0","0","0","1","0"
"POINT (13.292966760000070 52.446403113000031)","Unfall 242765 (2023) Kat:3, Licht: 1","242765","3","6","0","10","17","2","","1","0","1","0","1"
"POINT (13.504108729000052 52.470699984000078)","Unfall 242766 (2023) Kat:2, Licht: 2","242766","2","1","0","10","05","2","","2","0","1","0","0"
"POINT (13.327742403000059 52.440274645000045)","Unfall 242767 (2023) Kat:2, Licht: 0","242767","2","4","6","10","11","2","","0","0","1","1","0"
"POINT (13.403940933000058 52.554496293000057)","Unfall 242768 (2023) Kat:3, Licht: 0","242768","3","2","5","10","11","2","","0","1","1","0","0"
"POINT (13.317597771000067 52.491429279000045)","Unfall 242769 (2023) Kat:3, Licht: 0","242769","3","2","5","10","08","2","","0","1","1","0","0"
"POINT (13.526623389000065 52.426138192000053)","Unfall 242770 (2023) Kat:3, Licht: 0","242770","3","6","2","10","07","2","","0","0","1","0","0"
"POINT (13.360534743000073 52.596787020000079)","Unfall 242771 (2023) Kat:3, Licht: 1","242771","3","2","6","10","07","2","","1","0","1","1","0"
"POINT (13.331023776000052 52.490890331000060)","Unfall 242772 (2023) Kat:3, Licht: 2","242772","3","2","6","10","23","2","","2","0","1","1","0"
"POINT (13.273627290000036 52.542007133000027)","Unfall 242773 (2023) Kat:3, Licht: 0","242773","3","1","0","10","15","2","","0","1","0","0","0"
"POINT (13.456301716000041 52.453226481000058)","Unfall 242774 (2023) Kat:3, Licht: 2","242774","3","6","2","10","04","2","","2","0","1","0","0"
"POINT (13.394207801000050 52.565064792000044)","Unfall 242775 (2023) Kat:3, Licht: 2","242775","3","2","6","10","20","2","","2","0","1","1","0"
"POINT (13.467938462000063 52.468045193000080)","Unfall 242776 (2023) Kat:3, Licht: 1","242776","3","4","6","10","18","2","","1","0","1","1","0"
"POINT (13.416713063000032 52.547049002000051)","Unfall 242777 (2023) Kat:3, Licht: 0","242777","3","7","5","10","16","2","","0","1","1","0","0"
"POINT (13.426270068000065 52.470020506000026)","Unfall 242778 (2023) Kat:3, Licht: 0","242778","3","5","1","10","14","2","","0","0","1","0","0"
"POINT (13.512390142000072 52.429511523000031)","Unfall 242779 (2023) Kat:3, Licht: 0","242779","3","2","0","10","10","2","","0","1","1","0","0"
"POINT (13.406564380000077 52.551115183000036)","Unfall 242780 (2023) Kat:3, Licht: 0","242780","3","1","1","10","14","2","","0","1","1","0","0"
"POINT (13.416558979000058 52.510980522000068)","Unfall 242781 (2023) Kat:3, Licht: 0","242781","3","3","5","10","11","2","","0","0","1","0","0"
"POINT (13.286981201000060 52.472209436000071)","Unfall 242782 (2023) Kat:2, Licht: 0","242782","2","3","5","10","09","2","","0","0","1","0","0"
"POINT (13.370488061000060 52.523361342000044)","Unfall 242783 (2023) Kat:3, Licht: 0","242783","3","4","0","10","14","1","","0","0","0","1","0"
"POINT (13.283367213000076 52.518516111000054)","Unfall 242784 (2023) Kat:3, Licht: 2","242784","3","3","5","10","19","1","","2","0","1","0","0"
"POINT (13.224134888000037 52.429424226000037)","Unfall 242785 (2023) Kat:2, Licht: 0","242785","2","2","6","10","15","1","","0","0","0","1","1"
"POINT (13.336159575000067 52.565519086000052)","Unfall 242786 (2023) Kat:2, Licht: 0","242786","2","7","5","10","11","1","","0","0","1","0","1"
"POINT (13.518159402000038 52.464582122000081)","Unfall 242787 (2023) Kat:3, Licht: 0","242787","3","3","5","10","10","1","","0","0","1","0","1"
"POINT (13.344106418000024 52.546038177000071)","Unfall 242788 (2023) Kat:3, Licht: 0","242788","3","2","5","10","09","1","","0","1","1","0","0"
"POINT (13.404284837000034 52.521778527000038)","Unfall 242789 (2023) Kat:3, Licht: 0","242789","3","3","5","10","17","1","","0","0","1","0","1"
"POINT (13.338654372000065 52.444408585000076)","Unfall 242790 (2023) Kat:3, Licht: 2","242790","3","3","5","10","00","1","","2","0","1","0","0"
"POINT (13.371847373000037 52.520756465000034)","Unfall 242791 (2023) Kat:2, Licht: 2","242791","2","1","9","10","20","1","","2","0","0","0","1"
"POINT (13.423964090000027 52.477374354000062)","Unfall 242792 (2023) Kat:3, Licht: 1","242792","3","3","5","10","18","1","","1","1","1","0","0"
"POINT (13.483452223000029 52.623689633000026)","Unfall 242793 (2023) Kat:3, Licht: 0","242793","3","4","6","10","17","1","","0","0","1","1","0"
"POINT (13.352915578000022 52.494800195000039)","Unfall 242794 (2023) Kat:3, Licht: 0","242794","3","2","2","10","14","1","","0","1","1","0","0"
"POINT (13.232182336000051 52.623589193000043)","Unfall 242795 (2023) Kat:3, Licht: 0","242795","3","6","2","10","09","1","","0","0","1","0","0"
"POINT (13.593698339000071 52.447544422000078)","Unfall 242796 (2023) Kat:3, Licht: 0","242796","3","2","0","10","10","1","","0","1","1","0","0"
"POINT (13.330622364000021 52.570940219000079)","Unfall 242797 (2023) Kat:3, Licht: 0","242797","3","3","0","10","09","1","","0","0","1","0","1"
"POINT (13.436248657000021 52.449027435000062)","Unfall 242798 (2023) Kat:3, Licht: 0","242798","3","3","5","10","09","1","","0","0","1","0","0"
"POINT (13.345187093000050 52.493500577000077)","Unfall 242799 (2023) Kat:3, Licht: 2","242799","3","4","6","10","00","1","","2","0","1","1","0"
"POINT (13.390423574000067 52.531197682000027)","Unfall 242800 (2023) Kat:3, Licht: 0","242800","3","5","1","10","14","7","","0","1","1","0","0"
"POINT (13.321791757000028 52.473539538000068)","Unfall 242801 (2023) Kat:3, Licht: 2","242801","3","3","5","10","19","7","","2","0","1","0","0"
"POINT (13.176351593000049 52.549042051000072)","Unfall 242802 (2023) Kat:3, Licht: 2","242802","3","2","5","10","19","7","","2","0","1","0","0"
"POINT (13.572249694000050 52.451122707000081)","Unfall 242803 (2023) Kat:3, Licht: 2","242803","3","2","2","10","18","7","","2","0","1","0","0"
"POINT (13.525310924000053 52.481319040000074)","Unfall 242804 (2023) Kat:2, Licht: 1","242804","2","4","6","10","18","7","","1","1","0","1","0"
"POINT (13.486890335000055 52.526644108000028)","Unfall 242805 (2023) Kat:3, Licht: 1","242805","3","7","0","10","18","7","","1","1","1","0","0"
"POINT (13.530126919000054 52.489014182000062)","Unfall 242806 (2023) Kat:3, Licht: 1","242806","3","5","1","10","18","7","","1","1","1","0","0"
"POINT (13.501381934000051 52.548747527000046)","Unfall 242807 (2023) Kat:3, Licht: 0","242807","3","6","2","10","15","7","","0","0","1","0","0"
"POINT (13.358839947000035 52.569730979000042)","Unfall 242808 (2023) Kat:3, Licht: 0","242808","3","5","1","10","16","7","","0","0","1","0","0"
"POINT (13.365402301000074 52.562937723000061)","Unfall 242809 (2023) Kat:3, Licht: 1","242809","3","6","2","10","17","7","","1","0","1","0","0"
"POINT (13.377292240000031 52.522259693000080)","Unfall 242810 (2023) Kat:3, Licht: 0","242810","3","3","5","10","12","7","","0","0","1","0","0"
"POINT (13.347281720000069 52.578561875000048)","Unfall 242811 (2023) Kat:2, Licht: 0","242811","2","2","5","10","17","7","","0","0","1","0","1"
"POINT (13.409301919000029 52.482006512000055)","Unfall 242812 (2023) Kat:3, Licht: 0","242812","3","6","2","10","17","7","","0","0","1","0","1"
"POINT (13.504675712000051 52.418358294000029)","Unfall 242813 (2023) Kat:3, Licht: 2","242813","3","5","1","10","01","7","","2","0","1","0","0"
"POINT (13.415458183000055 52.526597410000079)","Unfall 242814 (2023) Kat:3, Licht: 0","242814","3","6","2","10","13","7","","0","0","1","0","1"
"POINT (13.341082628000038 52.599969090000059)","Unfall 242815 (2023) Kat:3, Licht: 2","242815","3","3","5","10","18","7","","2","0","1","0","0"
"POINT (13.434021672000029 52.481846913000027)","Unfall 242816 (2023) Kat:3, Licht: 0","242816","3","4","6","10","17","7","","0","0","1","1","0"
"POINT (13.359217829000045 52.546278570000027)","Unfall 242817 (2023) Kat:3, Licht: 0","242817","3","4","6","10","14","7","","0","0","1","1","0"
"POINT (13.414466164000032 52.572171237000077)","Unfall 242818 (2023) Kat:3, Licht: 0","242818","3","7","5","10","09","6","","0","0","1","0","0"
"POINT (13.428115958000035 52.507390012000030)","Unfall 242819 (2023) Kat:3, Licht: 2","242819","3","2","5","10","20","6","","2","0","1","0","1"
"POINT (13.413712166000039 52.538217255000063)","Unfall 242820 (2023) Kat:3, Licht: 0","242820","3","5","1","10","15","6","","0","1","1","0","0"
"POINT (13.380078295000033 52.443868267000028)","Unfall 242821 (2023) Kat:3, Licht: 2","242821","3","2","5","10","18","6","","2","0","1","0","1"
"POINT (13.326261268000053 52.564540687000033)","Unfall 242822 (2023) Kat:2, Licht: 0","242822","2","5","1","10","17","6","","0","1","1","0","0"
"POINT (13.170053974000041 52.518537083000069)","Unfall 242823 (2023) Kat:3, Licht: 0","242823","3","2","6","10","08","6","","0","0","1","1","0"
"POINT (13.388633651000077 52.547680356000058)","Unfall 242824 (2023) Kat:2, Licht: 2","242824","2","4","6","10","23","6","","2","0","1","1","0"
"POINT (13.184683842000027 52.547598160000064)","Unfall 242825 (2023) Kat:3, Licht: 1","242825","3","2","5","10","18","6","","1","0","1","0","0"
"POINT (13.333541495000077 52.505552267000041)","Unfall 242826 (2023) Kat:3, Licht: 0","242826","3","7","5","10","12","4","","0","0","1","0","1"
"POINT (13.417968211000073 52.516488429000049)","Unfall 242827 (2023) Kat:3, Licht: 0","242827","3","3","5","10","16","6","","0","0","1","0","0"
"POINT (13.198512250000022 52.542872007000028)","Unfall 242828 (2023) Kat:3, Licht: 0","242828","3","2","5","10","16","6","","0","0","1","0","0"
"POINT (13.284307180000042 52.486283902000082)","Unfall 242829 (2023) Kat:3, Licht: 0","242829","3","6","3","10","15","6","","0","1","1","0","0"
"POINT (13.423438544000021 52.490672558000028)","Unfall 242830 (2023) Kat:3, Licht: 0","242830","3","6","2","10","15","6","","0","0","1","0","0"
"POINT (13.407158917000061 52.524795991000076)","Unfall 242831 (2023) Kat:3, Licht: 0","242831","3","4","6","10","13","6","","0","0","1","1","0"
"POINT (13.400970718000053 52.530063538000036)","Unfall 242832 (2023) Kat:3, Licht: 0","242832","3","6","2","10","10","6","","0","0","1","0","1"
"POINT (13.455204512000023 52.519242793000046)","Unfall 242833 (2023) Kat:3, Licht: 1","242833","3","7","6","10","17","7","","1","0","1","1","0"
"POINT (13.200623483000072 52.523230174000048)","Unfall 242834 (2023) Kat:3, Licht: 0","242834","3","3","0","10","09","6","","0","0","1","0","1"
"POINT (13.426229695000075 52.567811275000054)","Unfall 242835 (2023) Kat:3, Licht: 0","242835","3","1","0","10","09","6","","0","1","0","0","0"
"POINT (13.447906565000039 52.555358225000077)","Unfall 242836 (2023) Kat:3, Licht: 2","242836","3","6","2","10","03","6","","2","0","1","0","0"
"POINT (13.378095458000075 52.541818110000065)","Unfall 242837 (2023) Kat:3, Licht: 2","242837","3","2","5","10","18","6","","2","1","1","0","0"
"POINT (13.331612966000023 52.443224422000071)","Unfall 242838 (2023) Kat:3, Licht: 0","242838","3","6","2","10","15","6","","0","0","1","0","0"
"POINT (13.305556058000036 52.434090772000047)","Unfall 242839 (2023) Kat:2, Licht: 0","242839","2","6","2","10","15","6","","0","0","1","0","0"
"POINT (13.435814490000041 52.491841636000061)","Unfall 242840 (2023) Kat:2, Licht: 0","242840","2","5","1","10","13","6","","0","1","0","0","0"
"POINT (13.428977857000064 52.488308817000075)","Unfall 242841 (2023) Kat:3, Licht: 0","242841","3","2","5","10","17","6","","0","1","1","0","0"
"POINT (13.379616746000067 52.522637885000051)","Unfall 242842 (2023) Kat:3, Licht: 2","242842","3","3","0","10","19","4","","2","1","1","0","0"
"POINT (13.443585087000031 52.464275497000074)","Unfall 242843 (2023) Kat:3, Licht: 0","242843","3","2","5","10","17","6","","0","0","1","0","1"
"POINT (13.408920197000043 52.526841389000026)","Unfall 242844 (2023) Kat:3, Licht: 0","242844","3","6","4","10","16","6","","0","1","0","0","0"
"POINT (13.437339573000031 52.455601471000080)","Unfall 242845 (2023) Kat:2, Licht: 0","242845","2","2","5","10","16","6","","0","0","1","0","1"
"POINT (13.312194233000071 52.525753381000072)","Unfall 242846 (2023) Kat:3, Licht: 0","242846","3","7","2","10","15","6","","0","0","1","0","0"
"POINT (13.343063539000070 52.500341531000061)","Unfall 242847 (2023) Kat:3, Licht: 0","242847","3","3","5","10","15","6","","0","1","1","0","0"
"POINT (13.436260102000062 52.452661852000062)","Unfall 242848 (2023) Kat:3, Licht: 0","242848","3","6","3","10","13","6","","0","0","1","0","1"
"POINT (13.366493005000052 52.602170666000063)","Unfall 242849 (2023) Kat:2, Licht: 2","242849","2","1","0","10","19","1","","2","1","0","0","0"
"POINT (13.354895340000041 52.480064606000042)","Unfall 242850 (2023) Kat:3, Licht: 0","242850","3","5","1","10","12","6","","0","1","1","0","0"
"POINT (13.435440735000043 52.425039975000061)","Unfall 242851 (2023) Kat:3, Licht: 0","242851","3","6","2","10","08","6","","0","0","1","0","0"
"POINT (13.323364080000033 52.625798131000067)","Unfall 242852 (2023) Kat:3, Licht: 0","242852","3","3","5","10","08","6","","0","0","1","0","0"
"POINT (13.454757781000069 52.434758583000075)","Unfall 242853 (2023) Kat:3, Licht: 2","242853","3","3","5","10","06","6","","2","0","1","0","0"
"POINT (13.473804450000046 52.474932895000052)","Unfall 242854 (2023) Kat:3, Licht: 1","242854","3","2","5","10","17","5","","1","1","1","0","0"
"POINT (13.419797922000043 52.496563518000073)","Unfall 242855 (2023) Kat:3, Licht: 0","242855","3","7","6","10","16","5","","0","0","0","1","0"
"POINT (13.174051319000057 52.445563098000036)","Unfall 242856 (2023) Kat:3, Licht: 1","242856","3","7","0","10","17","5","","1","0","1","0","0"
"POINT (13.439423769000030 52.489552168000046)","Unfall 242857 (2023) Kat:3, Licht: 0","242857","3","1","0","10","17","5","","0","1","0","0","0"
"POINT (13.431914114000051 52.560832933000029)","Unfall 242858 (2023) Kat:3, Licht: 1","242858","3","5","1","10","06","5","","1","1","1","0","0"
"POINT (13.381613412000036 52.552500361000057)","Unfall 242859 (2023) Kat:3, Licht: 0","242859","3","1","0","10","17","5","","0","1","0","0","0"
"POINT (13.500019042000076 52.532186360000026)","Unfall 242860 (2023) Kat:3, Licht: 0","242860","3","5","1","10","15","5","","0","0","1","0","0"
"POINT (13.574868546000062 52.466940482000041)","Unfall 242861 (2023) Kat:3, Licht: 0","242861","3","2","2","10","15","5","","0","1","1","0","0"
"POINT (13.355874289000042 52.577586088000032)","Unfall 242862 (2023) Kat:2, Licht: 2","242862","2","5","1","10","01","3","","2","0","0","0","1"
"POINT (13.496811152000078 52.634571174000030)","Unfall 242863 (2023) Kat:3, Licht: 0","242863","3","6","2","10","14","5","","0","0","1","0","1"
"POINT (13.425829036000039 52.413679648000027)","Unfall 242864 (2023) Kat:3, Licht: 0","242864","3","4","6","10","17","5","","0","0","1","1","0"
"POINT (13.275505706000047 52.423154583000041)","Unfall 242865 (2023) Kat:3, Licht: 0","242865","3","3","5","10","10","5","","0","0","1","0","1"
"POINT (13.333061941000039 52.560395994000032)","Unfall 242866 (2023) Kat:2, Licht: 0","242866","2","4","6","10","10","5","","0","0","1","1","0"
"POINT (13.413717513000051 52.492427815000042)","Unfall 242867 (2023) Kat:3, Licht: 0","242867","3","2","5","10","07","5","","0","1","1","0","0"
"POINT (13.420339425000066 52.600448580000034)","Unfall 242868 (2023) Kat:3, Licht: 0","242868","3","7","5","10","07","5","","0","0","1","0","1"
"POINT (13.445430544000033 52.486849823000057)","Unfall 242869 (2023) Kat:3, Licht: 0","242869","3","5","1","10","17","5","","0","0","1","0","1"
"POINT (13.329094070000053 52.523924456000032)","Unfall 242870 (2023) Kat:3, Licht: 0","242870","3","1","2","10","17","5","","0","0","1","0","1"
"POINT (13.575943061000032 52.491145097000071)","Unfall 242871 (2023) Kat:3, Licht: 0","242871","3","1","0","10","15","5","","0","0","0","0","1"
"POINT (13.511978067000030 52.510146402000032)","Unfall 242872 (2023) Kat:3, Licht: 0","242872","3","2","0","10","14","5","","0","1","1","0","0"
"POINT (13.212559921000036 52.529768926000031)","Unfall 242873 (2023) Kat:2, Licht: 0","242873","2","5","1","10","12","5","","0","0","1","0","0"
"POINT (13.376914491000036 52.485031740000068)","Unfall 242874 (2023) Kat:3, Licht: 0","242874","3","3","5","10","11","5","","0","0","1","0","0"
"POINT (13.449578466000048 52.552696843000035)","Unfall 242875 (2023) Kat:3, Licht: 0","242875","3","3","5","10","09","5","","0","1","1","0","0"
"POINT (13.300042594000047 52.509684693000054)","Unfall 242876 (2023) Kat:3, Licht: 2","242876","3","3","5","10","05","5","","2","0","1","0","0"
"POINT (13.243301622000047 52.615694398000073)","Unfall 242877 (2023) Kat:3, Licht: 1","242877","3","3","5","10","18","5","","1","0","1","0","0"
"POINT (13.315022481000028 52.514652512000055)","Unfall 242878 (2023) Kat:3, Licht: 1","242878","3","2","5","10","17","5","","1","1","1","0","0"
"POINT (13.458072221000066 52.529093150000051)","Unfall 242879 (2023) Kat:3, Licht: 0","242879","3","6","2","10","17","5","","0","0","1","0","0"
"POINT (13.418220675000043 52.517384348000064)","Unfall 242880 (2023) Kat:3, Licht: 0","242880","3","2","5","10","16","5","","0","1","1","0","0"
"POINT (13.445670166000070 52.501770866000072)","Unfall 242881 (2023) Kat:3, Licht: 0","242881","3","6","2","10","16","5","","0","0","1","0","0"
"POINT (13.289209462000031 52.582713365000075)","Unfall 242882 (2023) Kat:3, Licht: 0","242882","3","4","6","10","13","5","","0","1","0","1","0"
"POINT (13.323416738000049 52.603264594000052)","Unfall 242883 (2023) Kat:3, Licht: 0","242883","3","3","5","10","11","5","","0","0","1","0","0"
"POINT (13.505515576000050 52.409764710000047)","Unfall 242884 (2023) Kat:3, Licht: 0","242884","3","2","5","10","10","5","","0","0","0","0","1"
"POINT (13.500799267000048 52.547562459000062)","Unfall 242885 (2023) Kat:3, Licht: 0","242885","3","3","5","10","08","5","","0","0","1","0","0"
"POINT (13.490197623000029 52.427675016000080)","Unfall 242886 (2023) Kat:3, Licht: 0","242886","3","6","2","10","08","5","","0","0","1","0","0"
"POINT (13.436520361000078 52.479988816000059)","Unfall 242887 (2023) Kat:3, Licht: 2","242887","3","3","5","10","02","5","","2","0","1","0","0"
"POINT (13.415178708000042 52.553821773000038)","Unfall 242888 (2023) Kat:2, Licht: 0","242888","2","7","3","10","13","4","","0","0","1","0","1"
"POINT (13.331631036000033 52.458234760000039)","Unfall 242889 (2023) Kat:3, Licht: 0","242889","3","5","1","10","17","4","","0","1","1","0","0"
"POINT (13.348668956000040 52.459129726000072)","Unfall 242890 (2023) Kat:2, Licht: 0","242890","2","2","5","10","10","4","","0","0","1","0","0"
"POINT (13.348948572000040 52.606114556000080)","Unfall 242891 (2023) Kat:3, Licht: 0","242891","3","3","5","10","10","4","","0","0","1","0","0"
"POINT (13.239789188000032 52.613716830000044)","Unfall 242892 (2023) Kat:3, Licht: 0","242892","3","3","5","10","08","4","","0","1","1","0","0"
"POINT (13.422517515000038 52.493025499000055)","Unfall 242893 (2023) Kat:3, Licht: 0","242893","3","6","2","10","11","4","","0","1","1","0","0"
"POINT (13.372007390000022 52.469731254000067)","Unfall 242894 (2023) Kat:3, Licht: 0","242894","3","2","5","10","08","4","","0","1","1","0","0"
"POINT (13.348355134000030 52.542756858000075)","Unfall 242895 (2023) Kat:3, Licht: 0","242895","3","3","5","10","08","4","","0","0","1","0","1"
"POINT (13.289217800000074 52.583295575000079)","Unfall 242896 (2023) Kat:3, Licht: 0","242896","3","6","2","10","07","4","","0","0","1","0","0"
"POINT (13.442154346000052 52.456498760000045)","Unfall 242897 (2023) Kat:3, Licht: 0","242897","3","2","5","10","08","4","","0","1","1","0","0"
"POINT (13.402090470000076 52.602854526000044)","Unfall 242898 (2023) Kat:3, Licht: 2","242898","3","2","5","10","21","4","","2","0","1","0","0"
"POINT (13.347106738000036 52.501038495000046)","Unfall 242899 (2023) Kat:3, Licht: 2","242899","3","2","5","10","21","4","","2","0","1","0","0"
"POINT (13.209240690000058 52.546930782000061)","Unfall 242900 (2023) Kat:3, Licht: 0","242900","3","6","2","10","16","4","","0","0","1","0","0"
"POINT (13.417387399000063 52.417253355000071)","Unfall 242901 (2023) Kat:3, Licht: 0","242901","3","3","5","10","12","4","","0","0","1","0","0"
"POINT (13.429327662000048 52.506878975000063)","Unfall 242902 (2023) Kat:3, Licht: 0","242902","3","2","5","10","09","4","","0","0","1","0","0"
"POINT (13.411822264000023 52.523967652000067)","Unfall 242903 (2023) Kat:3, Licht: 2","242903","3","2","5","10","06","4","","2","0","1","0","0"
"POINT (13.360878111000034 52.570370354000033)","Unfall 242904 (2023) Kat:3, Licht: 2","242904","3","2","5","10","05","4","","2","0","1","0","1"
"POINT (13.291632401000072 52.519098302000032)","Unfall 242905 (2023) Kat:3, Licht: 1","242905","3","3","5","10","18","4","","1","1","1","0","0"
"POINT (13.383789366000030 52.559371455000075)","Unfall 242906 (2023) Kat:2, Licht: 0","242906","2","3","5","10","17","4","","0","1","1","0","0"
"POINT (13.319315893000066 52.487286018000077)","Unfall 242907 (2023) Kat:3, Licht: 0","242907","3","2","5","10","13","4","","0","0","1","0","1"
"POINT (13.318097643000044 52.489303010000071)","Unfall 242908 (2023) Kat:3, Licht: 0","242908","3","7","5","10","09","4","","0","1","1","0","0"
"POINT (13.209617430000037 52.550571769000044)","Unfall 242909 (2023) Kat:3, Licht: 1","242909","3","7","2","10","19","3","","1","0","1","0","0"
"POINT (13.421195871000066 52.545136257000081)","Unfall 242910 (2023) Kat:3, Licht: 0","242910","3","7","0","10","18","3","","0","1","1","0","0"
"POINT (13.319427949000044 52.587574996000058)","Unfall 242911 (2023) Kat:3, Licht: 1","242911","3","7","0","10","06","3","","1","0","0","0","1"
"POINT (13.228290439000034 52.506359025000052)","Unfall 242912 (2023) Kat:3, Licht: 0","242912","3","5","1","10","17","3","","0","0","1","0","1"
"POINT (13.128617131000055 52.528755780000040)","Unfall 242913 (2023) Kat:3, Licht: 0","242913","3","3","5","10","16","3","","0","0","1","0","0"
"POINT (13.424202183000034 52.513602659000071)","Unfall 242914 (2023) Kat:3, Licht: 2","242914","3","3","0","10","03","3","","2","0","1","0","0"
"POINT (13.472114711000074 52.508129104000034)","Unfall 242915 (2023) Kat:3, Licht: 0","242915","3","6","2","10","13","3","","0","0","1","0","0"
"POINT (13.526837215000057 52.532141739000053)","Unfall 242916 (2023) Kat:3, Licht: 0","242916","3","1","0","10","11","3","","0","0","1","0","1"
"POINT (13.304593456000077 52.503604412000072)","Unfall 242917 (2023) Kat:3, Licht: 2","242917","3","7","0","10","19","3","","2","0","1","0","0"
"POINT (13.364073170000040 52.562578999000038)","Unfall 242918 (2023) Kat:3, Licht: 2","242918","3","6","3","10","17","3","","2","0","1","0","0"