WKT,Name,OBJECTID,UKATEGORIE,UTYP1,UART,UMONAT,USTUNDE,UWOCHENTAG,STRZUSTAND,ULICHTVERH,ISTRAD,ISTPKW,ISTFUSS,ISTKRAD
"POINT (13.437739175000047 52.422133479000081)","Unfall 242919 (2023) Kat:2, Licht: 2","242919","2","2","5","10","23","2","","2","0","1","0","1"
"POINT (13.345480823000059 52.493534736000072)","Unfall 242920 (2023) Kat:3, Licht: 1","242920","3","6","3","10","19","2","","1","0","1","0","1"
"POINT (13.410445512000024 52.503796217000058)","Unfall 242921 (2023) Kat:3, Licht: 0","242921","3","2","5","10","16","2","","0","1","1","0","0"
"POINT (13.443735107000066 52.464129096000079)","Unfall 242922 (2023) Kat:3, Licht: 0","242922","3","6","2","10","18","2","","0","0","1","0","0"
"POINT (13.591746937000039 52.479225674000077)","Unfall 242923 (2023) Kat:3, Licht: 0","242923","3","1","8","10","15","2","","0","0","1","0","0"
"POINT (13.304385411000055 52.475868541000068)","Unfall 242924 (2023) Kat:3, Licht: 0","242924","3","5","1","10","09","2","","0","0","1","0","0"
"POINT (13.439475791000064 52.502358218000040)","Unfall 242925 (2023) Kat:3, Licht: 0","242925","3","6","3","10","13","2","","0","1","1","0","0"
"POINT (13.165011417000073 52.550568150000061)","Unfall 242926 (2023) Kat:3, Licht: 0","242926","3","6","0","10","13","2","","0","0","1","0","0"
"POINT (13.514537655000026 52.420387801000061)","Unfall 242927 (2023) Kat:3, Licht: 0","242927","3","5","1","10","11","2","","0","0","1","0","0"
"POINT (13.374920580000037 52.548135935000062)","Unfall 242928 (2023) Kat:2, Licht: 2","242928","2","4","6","10","00","2","","2","0","1","1","0"
"POINT (13.362687139000059 52.412202446000038)","Unfall 242929 (2023) Kat:3, Licht: 0","242929","3","4","6","10","15","4","","0","1","0","1","0"
"POINT (13.380469371000061 52.543637446000048)","Unfall 242930 (2023) Kat:3, Licht: 0","242930","3","7","2","10","17","2","","0","1","1","0","0"
"POINT (13.288749853000070 52.518932275000054)","Unfall 242931 (2023) Kat:3, Licht: 0","242931","3","5","1","10","16","2","","0","1","1","0","0"
"POINT (13.389056097000037 52.515604286000041)","Unfall 242932 (2023) Kat:3, Licht: 0","242932","3","3","5","10","12","2","","0","1","0","0","0"
"POINT (13.343307548000041 52.526226980000047)","Unfall 242933 (2023) Kat:3, Licht: 0","242933","3","2","5","10","12","2","","0","1","1","0","0"
"POINT (13.198602902000061 52.555324949000067)","Unfall 242934 (2023) Kat:2, Licht: 0","242934","2","2","5","10","06","2","","0","0","1","0","0"
"POINT (13.349501262000047 52.604743224000060)","Unfall 242935 (2023) Kat:2, Licht: 2","242935","2","1","0","10","20","1","","2","0","1","0","0"
"POINT (13.481185423000056 52.538670787000058)","Unfall 242936 (2023) Kat:3, Licht: 1","242936","3","1","0","10","18","1","","1","0","0","0","1"
"POINT (13.351879983000060 52.485555235000049)","Unfall 242937 (2023) Kat:3, Licht: 0","242937","3","6","3","10","14","1","","0","1","1","0","0"
"POINT (13.349530360000074 52.508522666000033)","Unfall 242938 (2023) Kat:3, Licht: 0","242938","3","2","5","10","15","1","","0","1","1","0","0"
"POINT (13.398060528000030 52.534953852000058)","Unfall 242939 (2023) Kat:3, Licht: 0","242939","3","2","5","10","12","1","","0","0","1","0","1"
"POINT (13.416468293000037 52.544958126000040)","Unfall 242940 (2023) Kat:3, Licht: 0","242940","3","7","2","10","12","1","","0","0","1","0","1"
"POINT (13.375427183000056 52.548457310000060)","Unfall 242941 (2023) Kat:3, Licht: 0","242941","3","2","2","10","12","1","","0","1","1","0","0"
"POINT (13.185534783000037 52.551553331000036)","Unfall 242942 (2023) Kat:3, Licht: 2","242942","3","2","5","10","20","1","","2","0","1","0","0"
"POINT (13.370896319000053 52.545636204000061)","Unfall 242943 (2023) Kat:3, Licht: 1","242943","3","1","9","10","06","1","","1","0","0","0","1"
"POINT (13.405187156000068 52.505194214000028)","Unfall 242944 (2023) Kat:3, Licht: 2","242944","3","3","5","10","00","1","","2","0","1","0","0"
"POINT (13.401650212000050 52.554352989000051)","Unfall 242945 (2023) Kat:3, Licht: 2","242945","3","1","0","10","19","1","","2","0","0","0","1"
"POINT (13.339849314000048 52.588138654000034)","Unfall 242946 (2023) Kat:2, Licht: 0","242946","2","2","5","10","12","1","","0","0","1","0","0"
"POINT (13.254213256000071 52.522632603000034)","Unfall 242947 (2023) Kat:3, Licht: 2","242947","3","5","1","10","02","1","","2","0","1","0","0"
"POINT (13.587983539000049 52.521003868000037)","Unfall 242948 (2023) Kat:2, Licht: 1","242948","2","1","0","09","18","7","","1","1","0","0","0"
"POINT (13.459821052000052 52.511272302000066)","Unfall 242949 (2023) Kat:2, Licht: 0","242949","2","6","3","09","06","7","","0","0","1","0","0"
"POINT (13.576786268000035 52.513149112000065)","Unfall 242950 (2023) Kat:2, Licht: 1","242950","2","4","6","09","19","7","","1","0","1","1","0"
"POINT (13.360023298000044 52.537177842000062)","Unfall 242951 (2023) Kat:3, Licht: 1","242951","3","6","2","09","19","7","","1","0","1","0","0"
"POINT (13.340412197000035 52.525670466000065)","Unfall 242952 (2023) Kat:3, Licht: 1","242952","3","4","6","09","19","7","","1","0","1","1","0"
"POINT (13.298747004000063 52.530814829000064)","Unfall 242953 (2023) Kat:3, Licht: 0","242953","3","6","2","10","14","3","","0","0","1","0","0"
"POINT (13.388714505000053 52.554791889000057)","Unfall 242954 (2023) Kat:3, Licht: 1","242954","3","5","1","09","19","7","","1","0","1","0","1"
"POINT (13.505529561000060 52.537523034000060)","Unfall 242955 (2023) Kat:3, Licht: 0","242955","3","6","3","09","17","7","","0","1","1","0","0"
"POINT (13.326577267000062 52.459668600000043)","Unfall 242956 (2023) Kat:3, Licht: 0","242956","3","4","6","09","16","7","","0","0","1","1","0"
"POINT (13.523427922000053 52.483009143000061)","Unfall 242957 (2023) Kat:3, Licht: 0","242957","3","3","0","09","15","7","","0","1","0","0","0"
"POINT (13.428951961000053 52.502425714000026)","Unfall 242958 (2023) Kat:3, Licht: 0","242958","3","3","5","09","12","7","","0","1","1","0","0"
"POINT (13.491722690000074 52.492005377000055)","Unfall 242959 (2023) Kat:3, Licht: 0","242959","3","7","0","10","15","5","","0","0","0","0","1"
"POINT (13.294877533000033 52.450003304000063)","Unfall 242960 (2023) Kat:2, Licht: 0","242960","2","3","5","09","10","7","","0","0","1","0","1"
"POINT (13.392558905000044 52.542495230000043)","Unfall 242961 (2023) Kat:2, Licht: 0","242961","2","3","5","09","10","7","","0","0","1","0","1"
"POINT (13.563520095000058 52.541566912000064)","Unfall 242962 (2023) Kat:3, Licht: 0","242962","3","2","5","09","07","7","","0","1","1","0","0"
"POINT (13.346314607000068 52.495961883000064)","Unfall 242963 (2023) Kat:3, Licht: 2","242963","3","3","5","09","03","7","","2","0","1","0","0"
"POINT (13.619844799000077 52.525204270000074)","Unfall 242964 (2023) Kat:3, Licht: 2","242964","3","3","5","09","22","7","","2","0","1","0","0"
"POINT (13.359904058000041 52.418592482000065)","Unfall 242965 (2023) Kat:3, Licht: 2","242965","3","7","5","09","21","7","","2","0","1","0","1"
"POINT (13.435351809000053 52.460101817000066)","Unfall 242966 (2023) Kat:3, Licht: 0","242966","3","3","5","09","17","7","","0","0","1","0","0"
"POINT (13.385772375000045 52.516977204000057)","Unfall 242967 (2023) Kat:3, Licht: 0","242967","3","2","5","09","17","7","","0","1","1","0","0"
"POINT (13.197807076000061 52.519384283000079)","Unfall 242968 (2023) Kat:3, Licht: 1","242968","3","7","0","09","17","7","","1","0","0","0","1"
"POINT (13.324975340000037 52.560930460000066)","Unfall 242969 (2023) Kat:3, Licht: 0","242969","3","6","3","09","14","7","","0","0","1","0","1"
"POINT (13.414280483000027 52.551390421000065)","Unfall 242970 (2023) Kat:3, Licht: 0","242970","3","2","5","09","12","7","","0","0","1","0","0"
"POINT (13.191352672000050 52.433615276000069)","Unfall 242971 (2023) Kat:3, Licht: 0","242971","3","3","5","09","10","7","","0","0","1","0","1"
"POINT (13.592923991000077 52.548470554000062)","Unfall 242972 (2023) Kat:2, Licht: 2","242972","2","2","5","09","00","7","","2","0","1","0","0"
"POINT (13.307001082000056 52.524644168000066)","Unfall 242973 (2023) Kat:2, Licht: 2","242973","2","1","0","09","02","7","","2","0","0","0","0"
"POINT (13.550104854000040 52.542909095000027)","Unfall 242974 (2023) Kat:1, Licht: 0","242974","1","3","5","09","11","7","","0","0","1","0","0"
"POINT (13.445082573000036 52.452489788000037)","Unfall 242975 (2023) Kat:3, Licht: 0","242975","3","4","6","09","10","6","","0","0","1","1","0"
"POINT (13.419388271000059 52.473986891000038)","Unfall 242976 (2023) Kat:2, Licht: 2","242976","2","1","8","09","23","6","","2","1","0","0","0"
"POINT (13.409280480000064 52.504058494000049)","Unfall 242977 (2023) Kat:3, Licht: 2","242977","3","6","2","09","23","6","","2","0","1","0","0"
"POINT (13.458175097000037 52.509415301000047)","Unfall 242978 (2023) Kat:3, Licht: 2","242978","3","4","6","09","19","6","","2","0","1","1","0"
"POINT (13.375060184000063 52.528202461000035)","Unfall 242979 (2023) Kat:3, Licht: 0","242979","3","6","3","10","18","2","","0","1","1","0","0"
"POINT (13.419620090000024 52.501188625000054)","Unfall 242980 (2023) Kat:3, Licht: 1","242980","3","4","6","09","17","6","","1","0","1","1","0"
"POINT (13.432547392000060 52.515069312000037)","Unfall 242981 (2023) Kat:2, Licht: 0","242981","2","2","5","09","15","6","","0","1","0","0","1"
"POINT (13.266825688000040 52.412669597000047)","Unfall 242982 (2023) Kat:3, Licht: 0","242982","3","6","2","09","15","6","","0","0","1","0","1"
"POINT (13.349197135000054 52.552045194000073)","Unfall 242983 (2023) Kat:3, Licht: 0","242983","3","7","2","09","17","6","","0","0","1","0","0"
"POINT (13.330997604000061 52.564562893000073)","Unfall 242984 (2023) Kat:3, Licht: 0","242984","3","3","2","09","14","6","","0","0","1","0","0"
"POINT (13.384973243000047 52.484974915000066)","Unfall 242985 (2023) Kat:3, Licht: 0","242985","3","2","5","09","12","6","","0","1","1","0","0"
"POINT (13.514242116000048 52.535242030000063)","Unfall 242986 (2023) Kat:3, Licht: 0","242986","3","2","5","10","14","2","","0","0","1","0","0"
"POINT (13.536091621000025 52.460126119000051)","Unfall 242987 (2023) Kat:3, Licht: 0","242987","3","5","1","09","09","6","","0","0","1","0","0"
"POINT (13.307249597000066 52.499140425000064)","Unfall 242988 (2023) Kat:2, Licht: 0","242988","2","4","6","09","15","6","","0","0","0","1","0"
"POINT (13.352862302000062 52.503996420000078)","Unfall 242989 (2023) Kat:3, Licht: 0","242989","3","3","5","09","14","6","","0","1","1","0","0"
"POINT (13.448920578000070 52.497217780000028)","Unfall 242990 (2023) Kat:3, Licht: 0","242990","3","2","5","09","12","6","","0","0","1","0","1"
"POINT (13.329881441000055 52.527323406000050)","Unfall 242991 (2023) Kat:3, Licht: 0","242991","3","6","3","09","10","6","","0","0","1","0","0"
"POINT (13.582885245000057 52.548977056000069)","Unfall 242992 (2023) Kat:3, Licht: 0","242992","3","6","2","10","16","4","","0","0","1","0","0"
"POINT (13.321059497000022 52.429683947000058)","Unfall 242993 (2023) Kat:3, Licht: 0","242993","3","1","0","09","09","6","","0","1","0","0","0"
"POINT (13.546828157000050 52.542532425000047)","Unfall 242994 (2023) Kat:3, Licht: 0","242994","3","3","5","09","10","6","","0","0","1","0","0"
"POINT (13.473533324000073 52.591502883000032)","Unfall 242995 (2023) Kat:2, Licht: 0","242995","2","3","5","10","07","6","","0","1","1","0","0"
"POINT (13.204712877000077 52.544170144000077)","Unfall 242996 (2023) Kat:3, Licht: 2","242996","3","3","5","09","22","6","","2","0","1","0","1"
"POINT (13.413516007000055 52.507198278000033)","Unfall 242997 (2023) Kat:3, Licht: 1","242997","3","5","1","09","18","6","","1","1","1","0","0"
"POINT (13.445037302000060 52.499461842000073)","Unfall 242998 (2023) Kat:3, Licht: 0","242998","3","5","1","09","16","6","","0","1","1","0","0"
"POINT (13.301629788000071 52.488254477000055)","Unfall 242999 (2023) Kat:3, Licht: 0","242999","3","6","0","09","17","6","","0","0","1","0","1"
"POINT (13.414741492000076 52.553567916000077)","Unfall 243000 (2023) Kat:3, Licht: 0","243000","3","2","5","09","18","6","","0","1","1","0","0"
"POINT (13.378099901000041 52.591002933000027)","Unfall 243001 (2023) Kat:3, Licht: 0","243001","3","5","1","09","15","6","","0","1","1","0","0"
"POINT (13.502520544000049 52.461302609000029)","Unfall 243002 (2023) Kat:3, Licht: 0","243002","3","3","5","09","14","6","","0","0","1","0","0"
"POINT (13.382664816000045 52.530472731000032)","Unfall 243003 (2023) Kat:3, Licht: 0","243003","3","1","0","09","14","6","","0","0","0","0","0"
"POINT (13.178068863000021 52.548747849000051)","Unfall 243004 (2023) Kat:3, Licht: 0","243004","3","2","5","09","14","6","","0","0","1","0","0"
"POINT (13.449240262000046 52.559947165000040)","Unfall 243005 (2023) Kat:3, Licht: 0","243005","3","4","6","09","13","6","","0","0","1","1","0"
"POINT (13.184554913000056 52.515538273000061)","Unfall 243006 (2023) Kat:3, Licht: 0","243006","3","2","4","09","12","6","","0","0","1","0","0"
"POINT (13.356810726000049 52.498779305000028)","Unfall 243007 (2023) Kat:3, Licht: 0","243007","3","3","5","09","17","6","","0","0","1","0","1"
"POINT (13.363206721000040 52.607195195000031)","Unfall 243008 (2023) Kat:3, Licht: 0","243008","3","2","3","09","08","6","","0","0","1","0","0"
"POINT (13.570409823000034 52.473510915000077)","Unfall 243009 (2023) Kat:3, Licht: 0","243009","3","3","5","09","07","6","","0","1","1","0","0"
"POINT (13.282323820000045 52.475691471000061)","Unfall 243010 (2023) Kat:3, Licht: 0","243010","3","7","5","09","15","6","","0","0","1","0","1"
"POINT (13.286608532000059 52.590009138000028)","Unfall 243011 (2023) Kat:3, Licht: 0","243011","3","7","6","10","12","5","","0","0","0","1","0"
"POINT (13.436154816000055 52.565658912000060)","Unfall 243012 (2023) Kat:2, Licht: 0","243012","2","3","5","09","12","6","","0","1","1","0","0"
"POINT (13.256678911000051 52.426773718000049)","Unfall 243013 (2023) Kat:3, Licht: 0","243013","3","5","1","09","12","6","","0","0","1","0","0"
"POINT (13.376687445000073 52.411000805000072)","Unfall 243014 (2023) Kat:3, Licht: 0","243014","3","6","2","09","09","6","","0","0","1","0","1"
"POINT (13.521079136000026 52.462479262000045)","Unfall 243015 (2023) Kat:3, Licht: 0","243015","3","7","6","09","13","6","","0","1","0","1","0"
"POINT (13.666041096000072 52.414089373000081)","Unfall 243016 (2023) Kat:1, Licht: 2","243016","1","6","3","09","19","6","","2","1","0","0","0"
"POINT (13.142871573000036 52.539789363000068)","Unfall 243017 (2023) Kat:2, Licht: 0","243017","2","6","2","09","16","5","","0","1","1","0","0"
"POINT (13.421196868000038 52.487330776000078)","Unfall 243018 (2023) Kat:2, Licht: 0","243018","2","3","5","09","10","5","","0","1","1","0","0"
"POINT (13.528224263000027 52.491697627000065)","Unfall 243019 (2023) Kat:2, Licht: 0","243019","2","3","5","09","17","5","","0","1","1","0","0"
"POINT (13.345934795000062 52.492231712000034)","Unfall 243020 (2023) Kat:2, Licht: 0","243020","2","4","6","09","15","5","","0","0","0","1","1"
"POINT (13.217448775000037 52.537774447000061)","Unfall 243021 (2023) Kat:3, Licht: 0","243021","3","2","5","09","15","5","","0","1","1","0","0"
"POINT (13.199618648000069 52.535087170000054)","Unfall 243022 (2023) Kat:3, Licht: 0","243022","3","6","2","09","15","5","","0","0","1","0","0"
"POINT (13.383475990000022 52.503374987000029)","Unfall 243023 (2023) Kat:3, Licht: 0","243023","3","3","2","09","12","5","","0","0","0","0","1"
"POINT (13.357774170000027 52.593964491000065)","Unfall 243024 (2023) Kat:3, Licht: 0","243024","3","5","1","09","12","5","","0","1","1","0","0"
"POINT (13.236147996000057 52.550257766000072)","Unfall 243025 (2023) Kat:2, Licht: 0","243025","2","6","0","09","11","5","","0","0","1","0","1"
"POINT (13.462526061000062 52.423513616000037)","Unfall 243026 (2023) Kat:2, Licht: 0","243026","2","4","6","09","15","5","","0","0","1","1","0"
"POINT (13.405832865000036 52.529521297000031)","Unfall 243027 (2023) Kat:2, Licht: 0","243027","2","6","3","09","11","5","","0","1","0","0","0"
"POINT (13.311130653000077 52.547596740000074)","Unfall 243028 (2023) Kat:3, Licht: 0","243028","3","1","9","09","10","5","","0","0","1","0","0"
"POINT (13.206573649000063 52.554071179000061)","Unfall 243029 (2023) Kat:2, Licht: 0","243029","2","7","5","09","10","5","","0","1","1","0","0"
"POINT (13.371205090000046 52.511127211000030)","Unfall 243030 (2023) Kat:2, Licht: 2","243030","2","2","5","09","23","5","","2","0","1","0","1"
"POINT (13.202624334000063 52.434210316000076)","Unfall 243031 (2023) Kat:3, Licht: 1","243031","3","3","5","09","18","5","","1","1","1","0","0"
"POINT (13.313521075000040 52.500613794000060)","Unfall 243032 (2023) Kat:3, Licht: 0","243032","3","6","0","09","17","5","","0","1","1","0","0"
"POINT (13.466044267000029 52.451930184000048)","Unfall 243033 (2023) Kat:3, Licht: 0","243033","3","6","2","09","16","5","","0","0","1","0","0"
"POINT (13.587001903000044 52.441040633000057)","Unfall 243034 (2023) Kat:3, Licht: 0","243034","3","3","5","09","09","5","","0","1","1","0","0"
"POINT (13.456120001000045 52.484149476000027)","Unfall 243035 (2023) Kat:3, Licht: 0","243035","3","2","5","09","15","5","","0","1","1","0","0"
"POINT (13.430349436000029 52.571611329000064)","Unfall 243036 (2023) Kat:3, Licht: 0","243036","3","6","2","09","06","5","","0","0","1","0","1"
"POINT (13.333001792000061 52.595479590000082)","Unfall 243037 (2023) Kat:3, Licht: 0","243037","3","2","5","10","17","3","","0","0","1","0","0"
"POINT (13.624811846000057 52.527834728000073)","Unfall 243038 (2023) Kat:3, Licht: 0","243038","3","2","5","09","06","5","","0","1","1","0","0"
"POINT (13.289206819000071 52.590259432000039)","Unfall 243039 (2023) Kat:3, Licht: 0","243039","3","6","6","09","14","5","","0","1","0","1","0"
"POINT (13.428131711000049 52.526501428000074)","Unfall 243040 (2023) Kat:3, Licht: 0","243040","3","1","8","09","11","5","","0","0","1","0","0"
"POINT (13.477672101000053 52.547552467000060)","Unfall 243041 (2023) Kat:3, Licht: 0","243041","3","2","5","09","15","5","","0","1","1","0","0"
"POINT (13.344331297000053 52.504240337000056)","Unfall 243042 (2023) Kat:3, Licht: 0","243042","3","2","5","09","08","5","","0","1","1","0","0"
"POINT (13.382727986000077 52.551658014000054)","Unfall 243043 (2023) Kat:3, Licht: 0","243043","3","5","1","09","08","5","","0","0","1","0","1"
"POINT (13.391141128000072 52.536212700000078)","Unfall 243044 (2023) Kat:3, Licht: 0","243044","3","2","5","09","15","4","","0","1","1","0","0"
"POINT (13.381734796000046 52.530212595000080)","Unfall 243045 (2023) Kat:3, Licht: 0","243045","3","7","5","09","12","4","","0","0","0","0","0"
"POINT (13.409779943000046 52.524015363000046)","Unfall 243046 (2023) Kat:3, Licht: 0","243046","3","2","5","09","08","4","","0","1","0","0","0"
"POINT (13.401295384000036 52.414505349000081)","Unfall 243047 (2023) Kat:2, Licht: 2","243047","2","2","5","09","19","4","","2","0","1","0","1"
"POINT (13.315709608000077 52.450638549000075)","Unfall 243048 (2023) Kat:3, Licht: 1","243048","3","2","5","09","19","4","","1","1","1","0","0"
"POINT (13.452088234000030 52.534621246000029)","Unfall 243049 (2023) Kat:3, Licht: 1","243049","3","7","0","09","00","4","","1","1","0","0","0"
"POINT (13.718750778000071 52.432055463000040)","Unfall 243050 (2023) Kat:3, Licht: 0","243050","3","3","5","09","16","4","","0","1","1","0","0"
"POINT (13.392574346000060 52.517453618000047)","Unfall 243051 (2023) Kat:3, Licht: 0","243051","3","4","6","09","15","4","","0","1","0","1","0"
"POINT (13.306260836000035 52.488220676000026)","Unfall 243052 (2023) Kat:3, Licht: 0","243052","3","3","5","09","17","4","","0","0","1","0","0"
"POINT (13.324173004000045 52.434775917000081)","Unfall 243053 (2023) Kat:3, Licht: 0","243053","3","5","4","09","13","4","","0","1","0","0","1"
"POINT (13.387396407000040 52.492856360000076)","Unfall 243054 (2023) Kat:3, Licht: 0","243054","3","2","5","09","13","4","","0","1","1","0","0"
"POINT (13.290106200000025 52.582432261000065)","Unfall 243055 (2023) Kat:3, Licht: 0","243055","3","2","5","09","10","4","","0","1","1","0","0"
"POINT (13.416311338000071 52.480489714000043)","Unfall 243056 (2023) Kat:3, Licht: 0","243056","3","2","5","09","12","4","","0","1","1","0","0"
"POINT (13.384410520000074 52.476272020000067)","Unfall 243057 (2023) Kat:3, Licht: 0","243057","3","7","0","09","12","4","","0","1","0","0","0"
"POINT (13.306292544000030 52.524658330000079)","Unfall 243058 (2023) Kat:3, Licht: 0","243058","3","3","5","09","12","4","","0","0","1","0","0"
"POINT (13.579232992000072 52.499957560000041)","Unfall 243059 (2023) Kat:2, Licht: 1","243059","2","4","6","09","06","4","","1","0","0","1","1"
"POINT (13.436443121000025 52.483613300000059)","Unfall 243060 (2023) Kat:3, Licht: 0","243060","3","6","3","09","15","4","","0","1","1","0","0"
"POINT (13.312693897000031 52.480470815000047)","Unfall 243061 (2023) Kat:3, Licht: 0","243061","3","3","5","09","14","4","","0","0","0","0","1"
"POINT (13.458103159000075 52.525501288000044)","Unfall 243062 (2023) Kat:3, Licht: 0","243062","3","2","6","09","10","4","","0","0","1","1","0"
"POINT (13.361128223000037 52.577246410000043)","Unfall 243063 (2023) Kat:3, Licht: 2","243063","3","5","1","09","06","4","","2","0","1","0","1"
"POINT (13.479951905000064 52.523075799000026)","Unfall 243064 (2023) Kat:3, Licht: 2","243064","3","3","5","09","05","4","","2","0","1","0","0"
"POINT (13.450942111000074 52.508570357000053)","Unfall 243065 (2023) Kat:3, Licht: 2","243065","3","1","0","09","01","4","","2","0","0","0","0"
"POINT (13.285305608000044 52.479554593000046)","Unfall 243066 (2023) Kat:2, Licht: 0","243066","2","2","5","09","11","6","","0","0","1","1","0"
"POINT (13.353725199000053 52.488627424000072)","Unfall 243067 (2023) Kat:3, Licht: 0","243067","3","3","0","09","19","4","","0","1","1","0","0"
"POINT (13.380144436000023 52.519723097000053)","Unfall 243068 (2023) Kat:3, Licht: 0","243068","3","3","5","09","17","4","","0","1","1","0","0"
"POINT (13.350970836000045 52.569621717000075)","Unfall 243069 (2023) Kat:3, Licht: 0","243069","3","5","1","09","16","4","","0","1","1","0","0"
"POINT (13.519141880000063 52.509993079000026)","Unfall 243070 (2023) Kat:3, Licht: 0","243070","3","3","5","09","15","4","","0","1","0","0","0"
"POINT (13.360524634000058 52.596859362000032)","Unfall 243071 (2023) Kat:2, Licht: 0","243071","2","2","5","09","15","4","","0","0","1","0","1"
"POINT (13.160781909000036 52.533272998000029)","Unfall 243072 (2023) Kat:3, Licht: 0","243072","3","6","2","09","14","4","","0","0","1","0","0"
"POINT (13.162718418000054 52.428136259000041)","Unfall 243073 (2023) Kat:3, Licht: 0","243073","3","7","6","09","12","4","","0","0","1","1","0"
"POINT (13.393581027000039 52.424016751000067)","Unfall 243074 (2023) Kat:2, Licht: 0","243074","2","7","6","09","07","4","","0","1","0","1","0"
"POINT (13.376883563000035 52.506388383000058)","Unfall 243075 (2023) Kat:3, Licht: 1","243075","3","5","1","09","08","3","","1","1","1","0","0"
"POINT (13.572733381000035 52.550010607000047)","Unfall 243076 (2023) Kat:3, Licht: 0","243076","3","3","5","09","06","3","","0","1","1","0","0"
"POINT (13.347609786000021 52.530663565000054)","Unfall 243077 (2023) Kat:3, Licht: 0","243077","3","6","2","09","14","3","","0","1","1","0","0"
"POINT (13.272849673000053 52.519469009000034)","Unfall 243078 (2023) Kat:3, Licht: 2","243078","3","6","2","09","20","3","","2","0","1","0","0"
"POINT (13.538698888000056 52.420412777000081)","Unfall 243079 (2023) Kat:2, Licht: 2","243079","2","2","5","09","20","3","","2","1","1","0","0"
"POINT (13.311381591000043 52.420626079000044)","Unfall 243080 (2023) Kat:3, Licht: 2","243080","3","7","5","09","19","3","","2","0","1","0","0"
"POINT (13.286677991000033 52.595245950000049)","Unfall 243081 (2023) Kat:3, Licht: 0","243081","3","6","2","09","10","5","","0","0","1","0","1"
"POINT (13.462648473000058 52.530090586000028)","Unfall 243082 (2023) Kat:3, Licht: 1","243082","3","3","5","09","19","3","","1","0","0","0","0"
"POINT (13.450475252000047 52.489185558000031)","Unfall 243083 (2023) Kat:3, Licht: 0","243083","3","2","5","09","17","3","","0","1","1","0","0"
"POINT (13.334378915000059 52.589377527000067)","Unfall 243084 (2023) Kat:2, Licht: 0","243084","2","1","0","09","17","3","","0","1","0","0","0"
"POINT (13.374956967000060 52.444374092000032)","Unfall 243085 (2023) Kat:3, Licht: 0","243085","3","1","0","09","17","3","","0","0","0","0","1"
"POINT (13.444968760000052 52.452444825000043)","Unfall 243086 (2023) Kat:3, Licht: 0","243086","3","2","5","09","13","3","","0","1","1","0","0"
"POINT (13.308164316000045 52.489304173000050)","Unfall 243087 (2023) Kat:3, Licht: 0","243087","3","6","3","09","09","3","","0","0","1","0","0"
"POINT (13.297809292000068 52.506765579000046)","Unfall 243088 (2023) Kat:3, Licht: 0","243088","3","3","5","09","07","3","","0","1","1","0","0"
"POINT (13.333242962000043 52.560939344000076)","Unfall 243089 (2023) Kat:3, Licht: 0","243089","3","2","5","09","06","3","","0","1","1","0","0"
"POINT (13.483825674000059 52.474094688000037)","Unfall 243090 (2023) Kat:2, Licht: 1","243090","2","3","5","09","06","3","","1","0","1","0","0"
"POINT (13.520809408000048 52.460903435000034)","Unfall 243091 (2023) Kat:2, Licht: 0","243091","2","5","1","09","15","3","","0","1","1","0","0"
"POINT (13.311753595000027 52.420271904000060)","Unfall 243092 (2023) Kat:2, Licht: 0","243092","2","5","5","09","15","3","","0","0","1","0","1"
"POINT (13.490267363000044 52.427986318000080)","Unfall 243093 (2023) Kat:3, Licht: 0","243093","3","3","5","09","12","3","","0","0","1","0","1"
"POINT (13.352856267000050 52.503987876000053)","Unfall 243094 (2023) Kat:3, Licht: 0","243094","3","3","5","09","09","3","","0","1","1","0","0"
"POINT (13.383638763000022 52.531831491000048)","Unfall 243095 (2023) Kat:3, Licht: 2","243095","3","1","0","09","05","3","","2","0","0","0","1"
"POINT (13.406454929000063 52.393762151000033)","Unfall 243096 (2023) Kat:3, Licht: 0","243096","3","2","5","09","16","3","","0","1","1","0","0"
"POINT (13.337945405000028 52.513711992000026)","Unfall 243097 (2023) Kat:3, Licht: 1","243097","3","2","5","09","19","3","","1","0","1","0","1"
"POINT (13.324308929000040 52.607997852000040)","Unfall 243098 (2023) Kat:2, Licht: 2","243098","2","4","6","09","19","3","","2","0","1","1","0"
"POINT (13.479468844000053 52.526928793000081)","Unfall 243099 (2023) Kat:3, Licht: 1","243099","3","6","2","09","19","3","","1","0","1","0","0"
"POINT (13.295701877000056 52.530286130000036)","Unfall 243100 (2023) Kat:2, Licht: 0","243100","2","3","5","09","16","3","","0","1","1","0","0"
"POINT (13.590813355000023 52.470914189000041)","Unfall 243101 (2023) Kat:3, Licht: 0","243101","3","1","9","09","16","3","","0","0","1","0","0"
"POINT (13.172337229000050 52.549941998000065)","Unfall 243102 (2023) Kat:3, Licht: 0","243102","3","6","2","09","16","3","","0","0","1","0","0"
"POINT (13.439062895000063 52.482131646000028)","Unfall 243103 (2023) Kat:3, Licht: 0","243103","3","6","2","09","14","3","","0","0","1","0","0"
"POINT (13.383548390000044 52.493737454000041)","Unfall 243104 (2023) Kat:3, Licht: 0","243104","3","3","5","09","12","3","","0","0","1","0","0"
"POINT (13.360248136000052 52.546997258000033)","Unfall 243105 (2023) Kat:2, Licht: 0","243105","2","6","2","09","11","3","","0","0","1","0","1"