WKT,Name,OBJECTID,UKATEGORIE,UTYP1,UART,UMONAT,USTUNDE,UWOCHENTAG,STRZUSTAND,ULICHTVERH,ISTRAD,ISTPKW,ISTFUSS,ISTKRAD
"POINT (13.342560985000034 52.525415369000029)","Unfall 243293 (2023) Kat:3, Licht: 0","243293","3","1","0","09","11","4","","0","0","0","0","1"
"POINT (13.385747424000044 52.538739343000032)","Unfall 243294 (2023) Kat:3, Licht: 0","243294","3","5","1","09","08","4","","0","1","1","0","0"
"POINT (13.541464969000060 52.435401308000053)","Unfall 243295 (2023) Kat:3, Licht: 0","243295","3","3","5","09","08","4","","0","1","1","0","0"
"POINT (13.338878118000025 52.605713919000038)","Unfall 243296 (2023) Kat:3, Licht: 2","243296","3","6","4","09","20","4","","2","0","1","0","0"
"POINT (13.404552754000065 52.495193623000034)","Unfall 243297 (2023) Kat:3, Licht: 0","243297","3","2","5","09","18","4","","0","1","1","0","0"
"POINT (13.437642746000051 52.478820867000081)","Unfall 243298 (2023) Kat:3, Licht: 0","243298","3","4","6","09","11","4","","0","1","0","1","0"
"POINT (13.517887516000030 52.571648967000044)","Unfall 243299 (2023) Kat:3, Licht: 0","243299","3","3","5","09","07","4","","0","1","1","0","0"
"POINT (13.372044554000070 52.469831613000053)","Unfall 243300 (2023) Kat:2, Licht: 2","243300","2","3","5","09","05","4","","2","0","1","0","0"
"POINT (13.408081151000033 52.541310102000068)","Unfall 243301 (2023) Kat:3, Licht: 0","243301","3","2","0","09","07","4","","0","0","1","0","1"
"POINT (13.441614537000078 52.543289188000074)","Unfall 243302 (2023) Kat:3, Licht: 0","243302","3","2","5","09","18","4","","0","1","0","0","0"
"POINT (13.349881626000069 52.532152381000060)","Unfall 243303 (2023) Kat:3, Licht: 1","243303","3","5","1","09","18","4","","1","1","1","0","0"
"POINT (13.431943400000023 52.593525318000047)","Unfall 243304 (2023) Kat:2, Licht: 0","243304","2","2","5","09","15","4","","0","1","1","0","0"
"POINT (13.450327542000025 52.522301607000031)","Unfall 243305 (2023) Kat:3, Licht: 0","243305","3","3","5","09","14","4","","0","0","1","0","0"
"POINT (13.343407659000036 52.531768016000058)","Unfall 243306 (2023) Kat:3, Licht: 0","243306","3","2","5","09","13","4","","0","1","1","0","0"
"POINT (13.479761677000056 52.524895198000081)","Unfall 243307 (2023) Kat:2, Licht: 0","243307","2","4","6","09","13","4","","0","1","0","1","0"
"POINT (13.305938804000050 52.554708236000067)","Unfall 243308 (2023) Kat:3, Licht: 0","243308","3","3","5","09","07","4","","0","1","1","0","0"
"POINT (13.299823167000056 52.625846507000063)","Unfall 243309 (2023) Kat:3, Licht: 0","243309","3","5","4","09","07","4","","0","1","0","0","0"
"POINT (13.567434439000067 52.573325795000073)","Unfall 243310 (2023) Kat:3, Licht: 0","243310","3","3","5","10","17","5","","0","1","1","0","0"
"POINT (13.393380621000063 52.532135785000037)","Unfall 243311 (2023) Kat:3, Licht: 2","243311","3","7","0","09","22","4","","2","0","0","0","1"
"POINT (13.460462521000068 52.431495381000047)","Unfall 243312 (2023) Kat:3, Licht: 0","243312","3","2","0","09","14","3","","0","0","1","0","0"
"POINT (13.396098264000045 52.524167661000035)","Unfall 243313 (2023) Kat:3, Licht: 0","243313","3","5","1","09","10","3","","0","0","0","0","0"
"POINT (13.563966359000062 52.518624841000076)","Unfall 243314 (2023) Kat:3, Licht: 0","243314","3","6","2","09","10","3","","0","0","1","0","0"
"POINT (13.428520347000074 52.508352966000075)","Unfall 243315 (2023) Kat:3, Licht: 0","243315","3","6","3","09","18","3","","0","1","1","0","0"
"POINT (13.184546113000067 52.515526845000068)","Unfall 243316 (2023) Kat:3, Licht: 0","243316","3","3","5","09","17","3","","0","1","1","0","0"
"POINT (13.381036799000071 52.455943503000071)","Unfall 243317 (2023) Kat:3, Licht: 0","243317","3","2","5","09","16","3","","0","1","1","0","0"
"POINT (13.380225014000075 52.498736003000033)","Unfall 243318 (2023) Kat:2, Licht: 0","243318","2","2","5","09","10","3","","0","0","1","0","1"
"POINT (13.548446224000031 52.430583572000046)","Unfall 243319 (2023) Kat:3, Licht: 0","243319","3","3","5","09","09","3","","0","0","1","0","0"
"POINT (13.311093100000051 52.622133842000039)","Unfall 243320 (2023) Kat:3, Licht: 0","243320","3","3","0","09","09","3","","0","0","1","0","1"
"POINT (13.307092582000053 52.433199580000064)","Unfall 243321 (2023) Kat:3, Licht: 0","243321","3","6","2","09","07","3","","0","0","1","0","0"
"POINT (13.294927623000035 52.576267048000034)","Unfall 243322 (2023) Kat:3, Licht: 0","243322","3","2","5","09","10","4","","0","1","1","0","0"
"POINT (13.376298622000036 52.543094669000027)","Unfall 243323 (2023) Kat:3, Licht: 2","243323","3","2","6","09","22","3","","2","0","1","1","0"
"POINT (13.389399853000043 52.495959593000066)","Unfall 243324 (2023) Kat:3, Licht: 0","243324","3","2","5","09","18","3","","0","1","1","0","0"
"POINT (13.297094809000043 52.442599389000065)","Unfall 243325 (2023) Kat:3, Licht: 0","243325","3","7","0","09","15","3","","0","1","0","0","0"
"POINT (13.423146903000031 52.500333815000033)","Unfall 243326 (2023) Kat:3, Licht: 0","243326","3","3","5","09","09","3","","0","1","1","0","0"
"POINT (13.184220881000044 52.422419004000062)","Unfall 243327 (2023) Kat:3, Licht: 0","243327","3","7","6","09","18","4","","0","1","0","1","0"
"POINT (13.510508386000026 52.450486200000057)","Unfall 243328 (2023) Kat:3, Licht: 0","243328","3","7","6","09","08","3","","0","1","0","1","0"
"POINT (13.375517974000047 52.455420298000035)","Unfall 243329 (2023) Kat:3, Licht: 0","243329","3","6","2","09","07","3","","0","0","1","0","1"
"POINT (13.379573038000046 52.413977169000077)","Unfall 243330 (2023) Kat:3, Licht: 2","243330","3","3","5","09","05","3","","2","1","1","0","0"
"POINT (13.416046123000058 52.510466949000033)","Unfall 243331 (2023) Kat:2, Licht: 2","243331","2","5","1","09","05","3","","2","1","0","0","0"
"POINT (13.317876061000050 52.506000677000031)","Unfall 243332 (2023) Kat:3, Licht: 0","243332","3","6","3","09","18","3","","0","1","0","0","0"
"POINT (13.219406372000037 52.557758114000080)","Unfall 243333 (2023) Kat:3, Licht: 0","243333","3","4","6","09","17","3","","0","0","1","1","0"
"POINT (13.426261737000061 52.477293059000033)","Unfall 243334 (2023) Kat:3, Licht: 0","243334","3","6","2","09","11","3","","0","1","1","0","0"
"POINT (13.434399044000031 52.606538947000047)","Unfall 243335 (2023) Kat:3, Licht: 0","243335","3","5","1","09","10","3","","0","1","1","0","0"
"POINT (13.486884436000025 52.617168810000067)","Unfall 243336 (2023) Kat:3, Licht: 2","243336","3","1","0","09","21","3","","2","1","0","0","0"
"POINT (13.443831821000060 52.504742594000049)","Unfall 243337 (2023) Kat:3, Licht: 0","243337","3","3","5","09","17","3","","0","0","1","0","0"
"POINT (13.305074810000065 52.417905427000051)","Unfall 243338 (2023) Kat:3, Licht: 0","243338","3","2","5","09","15","3","","0","0","1","0","1"
"POINT (13.479108937000035 52.609844753000061)","Unfall 243339 (2023) Kat:3, Licht: 0","243339","3","3","5","09","11","3","","0","1","1","0","0"
"POINT (13.496536262000063 52.410359319000065)","Unfall 243340 (2023) Kat:3, Licht: 0","243340","3","3","5","09","09","3","","0","0","1","0","1"
"POINT (13.547236556000030 52.432848413000045)","Unfall 243341 (2023) Kat:3, Licht: 0","243341","3","7","0","09","09","3","","0","0","1","0","0"
"POINT (13.360943509000037 52.599761762000071)","Unfall 243342 (2023) Kat:2, Licht: 2","243342","2","4","6","09","20","3","","2","0","1","1","0"
"POINT (13.289080521000074 52.595674704000032)","Unfall 243343 (2023) Kat:3, Licht: 0","243343","3","6","2","09","14","3","","0","0","1","0","0"
"POINT (13.395586490000028 52.498808097000051)","Unfall 243344 (2023) Kat:3, Licht: 2","243344","3","6","3","10","23","5","","2","1","1","0","0"
"POINT (13.349648560000048 52.487300536000077)","Unfall 243345 (2023) Kat:3, Licht: 0","243345","3","2","5","09","12","3","","0","0","0","0","0"
"POINT (13.413633136000044 52.511287693000043)","Unfall 243346 (2023) Kat:3, Licht: 2","243346","3","3","5","10","19","5","","2","0","1","0","0"
"POINT (13.451261419000048 52.508510197000078)","Unfall 243347 (2023) Kat:3, Licht: 2","243347","3","1","8","09","20","3","","2","0","1","0","0"
"POINT (13.429584007000074 52.498135851000029)","Unfall 243348 (2023) Kat:2, Licht: 0","243348","2","3","5","09","12","4","","0","1","1","0","0"
"POINT (13.457647872000052 52.466249009000080)","Unfall 243349 (2023) Kat:2, Licht: 2","243349","2","2","0","09","19","3","","2","0","1","0","1"
"POINT (13.525556217000030 52.429541382000082)","Unfall 243350 (2023) Kat:3, Licht: 0","243350","3","3","5","09","11","3","","0","1","1","0","0"
"POINT (13.306741085000056 52.488175237000064)","Unfall 243351 (2023) Kat:3, Licht: 0","243351","3","2","5","09","09","3","","0","1","1","0","0"
"POINT (13.349913366000067 52.492096695000043)","Unfall 243352 (2023) Kat:2, Licht: 0","243352","2","4","6","09","16","3","","0","0","1","1","0"
"POINT (13.345149195000033 52.531312838000076)","Unfall 243353 (2023) Kat:3, Licht: 0","243353","3","5","1","09","17","3","","0","1","1","0","0"
"POINT (13.337390015000040 52.587698001000035)","Unfall 243354 (2023) Kat:3, Licht: 0","243354","3","6","3","09","09","3","","0","1","0","0","0"
"POINT (13.552269971000044 52.428121760000067)","Unfall 243355 (2023) Kat:3, Licht: 0","243355","3","6","2","10","17","1","","0","0","1","0","0"
"POINT (13.331009015000063 52.493200279000064)","Unfall 243356 (2023) Kat:3, Licht: 0","243356","3","2","5","09","08","3","","0","1","1","0","0"
"POINT (13.429668190000029 52.521068164000042)","Unfall 243357 (2023) Kat:2, Licht: 0","243357","2","2","5","09","11","3","","0","1","1","0","0"
"POINT (13.405183594000050 52.528672573000051)","Unfall 243358 (2023) Kat:3, Licht: 0","243358","3","3","5","09","09","3","","0","1","1","0","0"
"POINT (13.260631940000053 52.501773156000070)","Unfall 243359 (2023) Kat:2, Licht: 0","243359","2","1","0","09","07","3","","0","1","1","0","0"
"POINT (13.387658073000068 52.492803011000035)","Unfall 243360 (2023) Kat:3, Licht: 0","243360","3","3","5","09","09","2","","0","0","1","0","1"
"POINT (13.346647353000037 52.489154101000054)","Unfall 243361 (2023) Kat:3, Licht: 0","243361","3","6","3","09","10","5","","0","0","1","0","1"
"POINT (13.414597687000025 52.543126686000051)","Unfall 243362 (2023) Kat:3, Licht: 1","243362","3","1","0","09","19","2","","1","0","0","0","1"
"POINT (13.275892840000040 52.518727636000051)","Unfall 243363 (2023) Kat:3, Licht: 0","243363","3","2","5","09","07","2","","0","0","1","0","0"
"POINT (13.293675807000056 52.445836111000062)","Unfall 243364 (2023) Kat:3, Licht: 0","243364","3","2","0","09","18","2","","0","0","1","0","1"
"POINT (13.394138510000062 52.506944849000035)","Unfall 243365 (2023) Kat:3, Licht: 0","243365","3","4","6","09","18","2","","0","1","0","1","0"
"POINT (13.341046224000024 52.476116007000030)","Unfall 243366 (2023) Kat:3, Licht: 0","243366","3","6","2","09","16","2","","0","0","1","0","0"
"POINT (13.335230469000066 52.471355095000035)","Unfall 243367 (2023) Kat:3, Licht: 0","243367","3","2","5","09","10","2","","0","1","1","0","0"
"POINT (13.284943710000050 52.575627550000036)","Unfall 243368 (2023) Kat:3, Licht: 1","243368","3","3","5","09","06","6","","1","1","1","0","0"
"POINT (13.594557034000047 52.508025797000073)","Unfall 243369 (2023) Kat:3, Licht: 0","243369","3","7","1","09","09","2","","0","0","1","0","1"
"POINT (13.363171384000054 52.566247518000068)","Unfall 243370 (2023) Kat:3, Licht: 0","243370","3","4","0","09","18","2","","0","1","0","1","0"
"POINT (13.453784069000051 52.489087296000037)","Unfall 243371 (2023) Kat:3, Licht: 0","243371","3","6","0","09","15","2","","0","0","1","0","1"
"POINT (13.440619179000066 52.517047522000041)","Unfall 243372 (2023) Kat:2, Licht: 0","243372","2","3","5","09","15","2","","0","1","0","0","0"
"POINT (13.282536631000028 52.469557085000076)","Unfall 243373 (2023) Kat:3, Licht: 0","243373","3","5","1","09","14","2","","0","1","1","0","0"
"POINT (13.294513338000058 52.474080719000028)","Unfall 243374 (2023) Kat:3, Licht: 0","243374","3","2","5","09","08","2","","0","1","1","0","0"
"POINT (13.213499538000065 52.551957759000061)","Unfall 243375 (2023) Kat:3, Licht: 2","243375","3","7","0","09","06","4","","2","0","1","0","0"
"POINT (13.370505787000070 52.560147525000048)","Unfall 243376 (2023) Kat:3, Licht: 2","243376","3","5","1","09","21","2","","2","0","1","0","0"
"POINT (13.379231264000055 52.528337863000047)","Unfall 243377 (2023) Kat:3, Licht: 0","243377","3","3","5","09","18","2","","0","0","1","0","1"
"POINT (13.424316926000074 52.513724353000043)","Unfall 243378 (2023) Kat:3, Licht: 0","243378","3","2","2","09","14","2","","0","1","1","0","0"
"POINT (13.434208653000042 52.491508271000043)","Unfall 243379 (2023) Kat:3, Licht: 0","243379","3","6","3","09","08","2","","0","1","1","0","0"
"POINT (13.508677421000073 52.452649076000057)","Unfall 243380 (2023) Kat:3, Licht: 0","243380","3","3","0","09","17","2","","0","0","1","0","0"
"POINT (13.435119604000022 52.530529362000038)","Unfall 243381 (2023) Kat:3, Licht: 0","243381","3","3","5","09","16","2","","0","0","1","0","0"
"POINT (13.322660188000043 52.486542992000068)","Unfall 243382 (2023) Kat:2, Licht: 0","243382","2","2","6","09","12","2","","0","0","1","1","0"
"POINT (13.303523789000053 52.524991838000062)","Unfall 243383 (2023) Kat:3, Licht: 0","243383","3","4","0","09","08","2","","0","1","0","1","0"
"POINT (13.228895667000074 52.538052499000059)","Unfall 243384 (2023) Kat:3, Licht: 0","243384","3","2","5","09","06","2","","0","1","0","0","0"
"POINT (13.277261090000025 52.575740749000033)","Unfall 243385 (2023) Kat:3, Licht: 1","243385","3","6","2","09","18","2","","1","0","1","0","0"
"POINT (13.418176311000025 52.510556771000040)","Unfall 243386 (2023) Kat:3, Licht: 0","243386","3","2","5","09","17","2","","0","1","1","0","0"
"POINT (13.533020718000046 52.421698260000028)","Unfall 243387 (2023) Kat:3, Licht: 2","243387","3","3","5","09","19","2","","2","0","1","0","0"
"POINT (13.429520073000049 52.470916696000074)","Unfall 243388 (2023) Kat:3, Licht: 2","243388","3","2","5","09","18","2","","2","1","1","0","0"
"POINT (13.369670009000060 52.597398693000059)","Unfall 243389 (2023) Kat:3, Licht: 0","243389","3","3","5","09","13","2","","0","0","1","0","0"
"POINT (13.394409892000056 52.506869709000057)","Unfall 243390 (2023) Kat:3, Licht: 0","243390","3","6","2","09","11","2","","0","1","1","0","0"
"POINT (13.356976929000041 52.498745566000082)","Unfall 243391 (2023) Kat:3, Licht: 0","243391","3","2","5","09","10","2","","0","1","1","0","0"
"POINT (13.350437330000034 52.513671805000058)","Unfall 243392 (2023) Kat:3, Licht: 0","243392","3","4","6","09","17","2","","0","1","0","1","0"
"POINT (13.311601008000025 52.497035355000037)","Unfall 243393 (2023) Kat:3, Licht: 0","243393","3","2","5","09","15","2","","0","0","1","0","1"
"POINT (13.230028221000055 52.430680800000061)","Unfall 243394 (2023) Kat:2, Licht: 0","243394","2","6","2","09","14","2","","0","0","1","0","0"
"POINT (13.606991387000051 52.501068508000060)","Unfall 243395 (2023) Kat:3, Licht: 0","243395","3","7","2","09","09","2","","0","0","1","0","1"
"POINT (13.380775889000063 52.528291748000072)","Unfall 243396 (2023) Kat:3, Licht: 2","243396","3","5","1","09","04","2","","2","1","1","0","0"
"POINT (13.365078152000024 52.559582850000027)","Unfall 243397 (2023) Kat:2, Licht: 0","243397","2","6","2","09","19","1","","0","0","1","0","1"
"POINT (13.567249306000065 52.427227700000060)","Unfall 243398 (2023) Kat:3, Licht: 0","243398","3","6","3","09","15","1","","0","1","0","0","0"
"POINT (13.375634153000021 52.456625883000072)","Unfall 243399 (2023) Kat:3, Licht: 0","243399","3","6","0","09","13","1","","0","0","1","0","0"
"POINT (13.158958373000075 52.530516874000057)","Unfall 243400 (2023) Kat:3, Licht: 2","243400","3","5","1","09","02","1","","2","0","1","0","0"
"POINT (13.248059419000072 52.538248258000067)","Unfall 243401 (2023) Kat:2, Licht: 2","243401","2","7","2","09","01","1","","2","0","1","0","0"
"POINT (13.215767446000029 52.526959425000030)","Unfall 243402 (2023) Kat:3, Licht: 0","243402","3","7","0","09","19","1","","0","0","0","0","1"
"POINT (13.418264849000025 52.499335501000076)","Unfall 243403 (2023) Kat:3, Licht: 0","243403","3","2","5","09","18","1","","0","1","1","0","0"
"POINT (13.524553599000058 52.496126519000029)","Unfall 243404 (2023) Kat:3, Licht: 1","243404","3","7","0","09","06","5","","1","0","1","0","0"
"POINT (13.434413209000070 52.529272888000037)","Unfall 243405 (2023) Kat:3, Licht: 0","243405","3","2","5","09","18","1","","0","1","1","0","0"
"POINT (13.552700233000053 52.507344138000065)","Unfall 243406 (2023) Kat:3, Licht: 0","243406","3","3","5","09","12","1","","0","1","0","0","0"
"POINT (13.394206130000043 52.491470106000065)","Unfall 243407 (2023) Kat:3, Licht: 0","243407","3","1","0","09","12","1","","0","0","0","0","1"
"POINT (13.361289281000040 52.412595579000026)","Unfall 243408 (2023) Kat:3, Licht: 2","243408","3","2","5","09","23","1","","2","0","1","0","0"
"POINT (13.412062287000026 52.538145678000035)","Unfall 243409 (2023) Kat:3, Licht: 1","243409","3","6","2","09","05","1","","1","0","1","0","0"
"POINT (13.418907585000056 52.495809275000056)","Unfall 243410 (2023) Kat:3, Licht: 2","243410","3","5","1","09","21","1","","2","0","1","0","0"
"POINT (13.333225101000039 52.570202023000036)","Unfall 243411 (2023) Kat:3, Licht: 0","243411","3","2","5","09","16","1","","0","1","1","0","0"
"POINT (13.602926251000042 52.484456658000056)","Unfall 243412 (2023) Kat:2, Licht: 0","243412","2","2","5","09","13","1","","0","1","1","0","0"
"POINT (13.429201353000053 52.488260174000061)","Unfall 243413 (2023) Kat:3, Licht: 2","243413","3","1","8","09","04","1","","2","0","1","0","0"
"POINT (13.334023973000058 52.508104028000048)","Unfall 243414 (2023) Kat:3, Licht: 2","243414","3","7","1","09","01","1","","2","0","1","1","0"
"POINT (13.320214207000049 52.483659514000067)","Unfall 243415 (2023) Kat:3, Licht: 2","243415","3","3","5","09","01","1","","2","0","1","0","0"
"POINT (13.418255224000063 52.499844651000046)","Unfall 243416 (2023) Kat:3, Licht: 0","243416","3","6","2","09","17","7","","0","0","1","0","0"
"POINT (13.541128145000073 52.395983352000030)","Unfall 243417 (2023) Kat:3, Licht: 2","243417","3","1","0","09","00","7","","2","1","0","0","0"
"POINT (13.340922714000044 52.502371318000030)","Unfall 243418 (2023) Kat:3, Licht: 0","243418","3","6","3","09","16","7","","0","1","0","0","0"
"POINT (13.345947782000053 52.498135126000079)","Unfall 243419 (2023) Kat:3, Licht: 2","243419","3","5","1","09","21","7","","2","1","1","0","0"
"POINT (13.323859845000072 52.465215816000068)","Unfall 243420 (2023) Kat:2, Licht: 0","243420","2","2","6","09","11","7","","0","0","1","1","0"
"POINT (13.331349225000054 52.503870737000057)","Unfall 243421 (2023) Kat:3, Licht: 2","243421","3","2","5","09","22","7","","2","0","1","0","0"
"POINT (13.383143799000038 52.530604953000079)","Unfall 243422 (2023) Kat:3, Licht: 0","243422","3","1","0","10","14","7","","0","0","0","0","1"
"POINT (13.231023483000058 52.511018805000049)","Unfall 243423 (2023) Kat:3, Licht: 2","243423","3","6","6","09","22","7","","2","0","1","1","0"
"POINT (13.382031320000067 52.552917056000069)","Unfall 243424 (2023) Kat:3, Licht: 0","243424","3","5","1","09","17","7","","0","1","1","0","0"
"POINT (13.353910091000046 52.408511633000046)","Unfall 243425 (2023) Kat:2, Licht: 0","243425","2","3","5","09","17","7","","0","1","1","0","0"
"POINT (13.397535891000075 52.442342847000077)","Unfall 243426 (2023) Kat:3, Licht: 0","243426","3","6","2","09","13","7","","0","0","1","0","0"
"POINT (13.470120761000032 52.503047488000050)","Unfall 243427 (2023) Kat:2, Licht: 2","243427","2","6","2","09","05","7","","2","0","1","0","0"
"POINT (13.397158536000063 52.505297573000064)","Unfall 243428 (2023) Kat:3, Licht: 2","243428","3","3","0","09","00","7","","2","0","1","0","1"
"POINT (13.442640937000021 52.465262859000063)","Unfall 243429 (2023) Kat:3, Licht: 2","243429","3","3","5","10","18","3","","2","0","1","0","1"
"POINT (13.335371083000041 52.499347891000070)","Unfall 243430 (2023) Kat:3, Licht: 1","243430","3","2","5","09","19","7","","1","0","1","0","1"
"POINT (13.345920208000052 52.498870934000081)","Unfall 243431 (2023) Kat:3, Licht: 0","243431","3","2","5","09","18","7","","0","1","1","0","0"
"POINT (13.360989318000065 52.446880475000057)","Unfall 243432 (2023) Kat:3, Licht: 0","243432","3","6","2","09","15","7","","0","0","1","0","0"
"POINT (13.346531880000043 52.530454334000069)","Unfall 243433 (2023) Kat:3, Licht: 0","243433","3","5","1","09","15","7","","0","0","1","0","0"
"POINT (13.420581977000040 52.469425099000034)","Unfall 243434 (2023) Kat:3, Licht: 0","243434","3","4","6","09","14","7","","0","1","0","1","0"
"POINT (13.200314431000038 52.537806511000042)","Unfall 243435 (2023) Kat:3, Licht: 0","243435","3","2","5","09","10","7","","0","0","0","0","1"
"POINT (13.433200325000030 52.464244208000082)","Unfall 243436 (2023) Kat:3, Licht: 1","243436","3","6","2","09","20","7","","1","0","1","0","0"
"POINT (13.470753622000075 52.466175690000057)","Unfall 243437 (2023) Kat:3, Licht: 2","243437","3","5","0","09","23","7","","2","0","1","0","0"
"POINT (13.399483034000070 52.504696172000081)","Unfall 243438 (2023) Kat:3, Licht: 0","243438","3","3","5","09","16","7","","0","0","1","0","0"
"POINT (13.432635041000026 52.557585187000029)","Unfall 243439 (2023) Kat:3, Licht: 2","243439","3","3","5","09","21","7","","2","1","1","0","0"
"POINT (13.382756758000028 52.553935760000059)","Unfall 243440 (2023) Kat:3, Licht: 0","243440","3","6","2","09","11","7","","0","0","0","0","0"
"POINT (13.328395403000059 52.478711528000076)","Unfall 243441 (2023) Kat:3, Licht: 0","243441","3","1","0","09","16","7","","0","0","0","0","1"
"POINT (13.374214544000040 52.485039261000054)","Unfall 243442 (2023) Kat:3, Licht: 0","243442","3","2","5","09","15","7","","0","0","1","0","1"
"POINT (13.215817833000074 52.526772388000040)","Unfall 243443 (2023) Kat:3, Licht: 0","243443","3","7","0","09","10","7","","0","0","1","0","0"
"POINT (13.485376928000051 52.526678782000033)","Unfall 243444 (2023) Kat:3, Licht: 0","243444","3","2","5","09","13","7","","0","0","1","0","1"
"POINT (13.479860131000066 52.425552185000072)","Unfall 243445 (2023) Kat:3, Licht: 0","243445","3","3","5","09","11","7","","0","0","1","0","1"
"POINT (13.574430053000071 52.445524237000029)","Unfall 243446 (2023) Kat:3, Licht: 2","243446","3","1","0","09","00","7","","2","1","0","0","0"
"POINT (13.413905269000054 52.542485689000046)","Unfall 243447 (2023) Kat:3, Licht: 0","243447","3","1","0","09","09","7","","0","1","0","0","0"
"POINT (13.189286539000022 52.433756189000064)","Unfall 243448 (2023) Kat:3, Licht: 0","243448","3","2","5","09","09","6","","0","1","0","0","0"
"POINT (13.398573116000023 52.494736077000027)","Unfall 243449 (2023) Kat:3, Licht: 2","243449","3","1","0","09","23","6","","2","0","0","0","0"
"POINT (13.389682521000054 52.420365495000055)","Unfall 243450 (2023) Kat:2, Licht: 0","243450","2","6","0","09","17","6","","0","0","1","0","1"
"POINT (13.416556913000022 52.501984880000066)","Unfall 243451 (2023) Kat:3, Licht: 0","243451","3","2","5","09","12","6","","0","1","1","0","0"
"POINT (13.391139884000040 52.536213343000043)","Unfall 243452 (2023) Kat:3, Licht: 0","243452","3","2","5","09","09","6","","0","1","0","0","0"
"POINT (13.586157967000076 52.451540666000028)","Unfall 243453 (2023) Kat:3, Licht: 0","243453","3","2","5","09","06","6","","0","1","1","0","0"
"POINT (13.612737909000032 52.454209623000054)","Unfall 243454 (2023) Kat:3, Licht: 0","243454","3","1","9","09","17","6","","0","1","1","0","0"
"POINT (13.411150059000022 52.557642088000080)","Unfall 243455 (2023) Kat:3, Licht: 0","243455","3","1","0","09","17","6","","0","0","0","0","1"
"POINT (13.476981681000041 52.520274062000055)","Unfall 243456 (2023) Kat:3, Licht: 0","243456","3","5","1","09","17","6","","0","1","1","0","0"
"POINT (13.292489339000042 52.506696042000044)","Unfall 243457 (2023) Kat:3, Licht: 0","243457","3","6","2","09","17","6","","0","0","1","0","0"
"POINT (13.250810753000053 52.434841489000064)","Unfall 243458 (2023) Kat:2, Licht: 0","243458","2","2","5","09","13","6","","0","1","1","0","0"
"POINT (13.360891535000064 52.576888026000063)","Unfall 243459 (2023) Kat:3, Licht: 0","243459","3","3","5","09","08","6","","0","0","1","0","0"
"POINT (13.325309976000028 52.608272379000027)","Unfall 243460 (2023) Kat:3, Licht: 0","243460","3","2","2","09","08","6","","0","0","1","0","1"
"POINT (13.317128065000077 52.576133007000067)","Unfall 243461 (2023) Kat:3, Licht: 0","243461","3","3","5","09","06","6","","0","1","1","0","0"
"POINT (13.333013178000044 52.560389702000066)","Unfall 243462 (2023) Kat:3, Licht: 0","243462","3","4","6","09","17","6","","0","0","0","1","1"
"POINT (13.437252958000045 52.478944107000075)","Unfall 243463 (2023) Kat:3, Licht: 0","243463","3","2","6","09","16","6","","0","0","1","1","0"
"POINT (13.342994732000022 52.525470992000066)","Unfall 243464 (2023) Kat:3, Licht: 0","243464","3","2","5","09","09","6","","0","1","0","0","0"
"POINT (13.519146916000068 52.528800000000047)","Unfall 243465 (2023) Kat:3, Licht: 2","243465","3","2","5","09","20","6","","2","0","1","0","0"
"POINT (13.304739294000058 52.432303150000052)","Unfall 243466 (2023) Kat:3, Licht: 1","243466","3","2","5","09","19","6","","1","1","0","0","0"
"POINT (13.419568231000028 52.531558294000035)","Unfall 243467 (2023) Kat:3, Licht: 0","243467","3","6","2","09","16","6","","0","0","1","0","0"
"POINT (13.449567877000050 52.479208051000057)","Unfall 243468 (2023) Kat:3, Licht: 0","243468","3","3","5","09","15","6","","0","1","1","0","0"
"POINT (13.583717133000050 52.463147592000041)","Unfall 243469 (2023) Kat:3, Licht: 0","243469","3","3","5","09","08","6","","0","0","1","0","0"
"POINT (13.430231146000040 52.510484454000050)","Unfall 243470 (2023) Kat:3, Licht: 2","243470","3","2","0","09","20","6","","2","0","1","0","1"
"POINT (13.513936831000024 52.468199915000071)","Unfall 243471 (2023) Kat:3, Licht: 0","243471","3","6","2","09","18","6","","0","0","1","0","0"
"POINT (13.419327356000053 52.501267490000032)","Unfall 243472 (2023) Kat:3, Licht: 0","243472","3","2","5","09","17","6","","0","1","1","0","0"
"POINT (13.353871933000050 52.549271891000046)","Unfall 243473 (2023) Kat:3, Licht: 0","243473","3","3","5","09","14","6","","0","1","1","0","0"
"POINT (13.476147699000023 52.532932967000079)","Unfall 243474 (2023) Kat:3, Licht: 0","243474","3","2","0","09","14","6","","0","0","1","0","1"
"POINT (13.268722858000046 52.409067913000058)","Unfall 243475 (2023) Kat:2, Licht: 0","243475","2","6","2","09","12","6","","0","0","0","0","1"
"POINT (13.319167657000037 52.454759440000032)","Unfall 243476 (2023) Kat:2, Licht: 0","243476","2","6","0","09","08","6","","0","1","0","0","0"
"POINT (13.579016820000049 52.486250765000079)","Unfall 243477 (2023) Kat:3, Licht: 0","243477","3","3","5","09","07","6","","0","1","1","0","0"
"POINT (13.318658683000024 52.454374721000079)","Unfall 243478 (2023) Kat:3, Licht: 0","243478","3","3","0","09","15","6","","0","0","1","0","1"