WKT,Name,OBJECTID,UKATEGORIE,UTYP1,UART,UMONAT,USTUNDE,UWOCHENTAG,STRZUSTAND,ULICHTVERH,ISTRAD,ISTPKW,ISTFUSS,ISTKRAD
"POINT (13.415897270000073 52.553745590000062)","Unfall 243479 (2023) Kat:3, Licht: 0","243479","3","7","0","09","17","6","","0","0","0","0","0"
"POINT (13.204939970000055 52.530170624000050)","Unfall 243480 (2023) Kat:3, Licht: 2","243480","3","2","5","09","23","6","","2","0","1","0","1"
"POINT (13.304658183000072 52.503373791000058)","Unfall 243481 (2023) Kat:3, Licht: 0","243481","3","6","0","09","18","6","","0","0","1","0","0"
"POINT (13.401776307000034 52.587335070000051)","Unfall 243482 (2023) Kat:3, Licht: 0","243482","3","2","5","09","17","6","","0","0","1","0","0"
"POINT (13.310476384000026 52.567955020000056)","Unfall 243483 (2023) Kat:3, Licht: 0","243483","3","6","0","09","14","6","","0","0","1","0","0"
"POINT (13.302302743000041 52.506567925000070)","Unfall 243484 (2023) Kat:3, Licht: 0","243484","3","6","3","09","18","6","","0","1","0","0","0"
"POINT (13.395122882000067 52.517458970000064)","Unfall 243485 (2023) Kat:3, Licht: 0","243485","3","6","2","09","17","6","","0","0","1","0","0"
"POINT (13.603688730000044 52.546666190000053)","Unfall 243486 (2023) Kat:3, Licht: 0","243486","3","2","5","09","09","6","","0","0","1","0","0"
"POINT (13.612061474000029 52.540083581000033)","Unfall 243487 (2023) Kat:3, Licht: 0","243487","3","3","0","09","16","6","","0","1","0","0","0"
"POINT (13.407926647000068 52.512568016000046)","Unfall 243488 (2023) Kat:3, Licht: 0","243488","3","7","2","09","09","6","","0","0","1","0","1"
"POINT (13.345881369000040 52.436202092000030)","Unfall 243489 (2023) Kat:3, Licht: 0","243489","3","2","6","09","08","6","","0","0","1","1","0"
"POINT (13.284203928000068 52.478833010000074)","Unfall 243490 (2023) Kat:3, Licht: 0","243490","3","6","2","10","10","5","","0","0","1","0","0"
"POINT (13.364324417000034 52.458628926000074)","Unfall 243491 (2023) Kat:2, Licht: 0","243491","2","4","6","09","14","6","","0","0","1","1","0"
"POINT (13.366209508000054 52.436520025000050)","Unfall 243492 (2023) Kat:3, Licht: 0","243492","3","3","5","09","07","4","","0","1","1","0","0"
"POINT (13.143321887000070 52.524273912000069)","Unfall 243493 (2023) Kat:3, Licht: 0","243493","3","3","5","09","09","6","","0","0","1","0","0"
"POINT (13.229755137000041 52.428264990000059)","Unfall 243494 (2023) Kat:3, Licht: 0","243494","3","3","5","09","07","6","","0","0","1","0","0"
"POINT (13.353003300000069 52.433249294000063)","Unfall 243495 (2023) Kat:3, Licht: 0","243495","3","2","0","09","09","6","","0","1","1","0","0"
"POINT (13.389732356000025 52.574307250000061)","Unfall 243496 (2023) Kat:2, Licht: 0","243496","2","3","5","09","06","6","","0","0","0","0","1"
"POINT (13.505749865000041 52.572719084000028)","Unfall 243497 (2023) Kat:2, Licht: 0","243497","2","3","5","09","06","6","","0","0","0","0","1"
"POINT (13.444732550000026 52.501155921000077)","Unfall 243498 (2023) Kat:3, Licht: 0","243498","3","6","3","09","16","5","","0","1","0","0","0"
"POINT (13.475290162000022 52.511886401000027)","Unfall 243499 (2023) Kat:2, Licht: 2","243499","2","2","6","09","23","5","","2","0","1","1","0"
"POINT (13.343337425000072 52.531541549000053)","Unfall 243500 (2023) Kat:3, Licht: 1","243500","3","6","2","09","19","5","","1","1","0","0","0"
"POINT (13.345204818000070 52.486812533000034)","Unfall 243501 (2023) Kat:3, Licht: 0","243501","3","6","2","09","13","5","","0","0","1","0","0"
"POINT (13.506589038000072 52.447032501000081)","Unfall 243502 (2023) Kat:3, Licht: 0","243502","3","6","0","09","15","5","","0","1","0","0","0"
"POINT (13.360184700000048 52.537253149000037)","Unfall 243503 (2023) Kat:3, Licht: 2","243503","3","2","5","09","22","5","","2","0","1","0","0"
"POINT (13.349454633000050 52.515088554000044)","Unfall 243504 (2023) Kat:3, Licht: 0","243504","3","6","3","09","16","5","","0","1","1","0","0"
"POINT (13.301483994000023 52.521286831000054)","Unfall 243505 (2023) Kat:2, Licht: 2","243505","2","5","1","09","18","4","","2","1","1","0","0"
"POINT (13.379953466000075 52.556066171000055)","Unfall 243506 (2023) Kat:3, Licht: 0","243506","3","2","5","09","12","5","","0","1","1","0","0"
"POINT (13.379348131000029 52.540245239000058)","Unfall 243507 (2023) Kat:3, Licht: 0","243507","3","2","5","09","09","5","","0","1","1","0","0"
"POINT (13.433939301000066 52.560465210000075)","Unfall 243508 (2023) Kat:3, Licht: 0","243508","3","7","0","09","08","5","","0","1","0","0","0"
"POINT (13.347895167000047 52.489376390000075)","Unfall 243509 (2023) Kat:3, Licht: 0","243509","3","5","1","09","12","5","","0","1","1","0","0"
"POINT (13.334695758000066 52.556468806000055)","Unfall 243510 (2023) Kat:3, Licht: 0","243510","3","6","3","09","06","5","","0","0","0","0","1"
"POINT (13.579061306000028 52.465137019000053)","Unfall 243511 (2023) Kat:3, Licht: 1","243511","3","5","1","09","06","5","","1","0","1","0","0"
"POINT (13.314376916000072 52.459225874000026)","Unfall 243512 (2023) Kat:3, Licht: 0","243512","3","1","0","09","18","5","","0","0","0","0","1"
"POINT (13.577753641000072 52.547645998000064)","Unfall 243513 (2023) Kat:3, Licht: 1","243513","3","6","2","09","18","5","","1","0","1","0","0"
"POINT (13.344988652000040 52.459863238000082)","Unfall 243514 (2023) Kat:3, Licht: 0","243514","3","3","5","09","18","6","","0","1","1","0","0"
"POINT (13.452709328000026 52.452631643000075)","Unfall 243515 (2023) Kat:3, Licht: 0","243515","3","6","3","09","16","5","","0","0","1","0","0"
"POINT (13.294834194000032 52.506388851000054)","Unfall 243516 (2023) Kat:3, Licht: 0","243516","3","3","5","09","16","5","","0","0","1","0","0"
"POINT (13.372610295000072 52.568139542000040)","Unfall 243517 (2023) Kat:3, Licht: 0","243517","3","3","5","09","15","5","","0","0","1","0","0"
"POINT (13.432013394000023 52.499327974000039)","Unfall 243518 (2023) Kat:3, Licht: 0","243518","3","2","5","09","15","5","","0","1","1","0","0"
"POINT (13.326061370000048 52.416882155000053)","Unfall 243519 (2023) Kat:3, Licht: 0","243519","3","3","5","09","18","4","","0","1","1","0","0"
"POINT (13.470310961000052 52.553763490000051)","Unfall 243520 (2023) Kat:3, Licht: 0","243520","3","3","5","09","15","5","","0","0","1","0","1"
"POINT (13.487232558000073 52.523146550000035)","Unfall 243521 (2023) Kat:2, Licht: 0","243521","2","4","6","09","14","5","","0","0","1","1","0"
"POINT (13.447932765000076 52.547075041000028)","Unfall 243522 (2023) Kat:2, Licht: 0","243522","2","6","3","09","08","5","","0","1","0","0","0"
"POINT (13.418063832000030 52.510586357000079)","Unfall 243523 (2023) Kat:3, Licht: 0","243523","3","6","3","09","08","5","","0","0","1","0","1"
"POINT (13.376815652000062 52.461130429000036)","Unfall 243524 (2023) Kat:3, Licht: 0","243524","3","6","2","09","10","5","","0","0","1","0","0"
"POINT (13.514777959000071 52.468778674000077)","Unfall 243525 (2023) Kat:3, Licht: 2","243525","3","2","5","09","00","5","","2","1","1","0","0"
"POINT (13.427854291000074 52.493539714000065)","Unfall 243526 (2023) Kat:3, Licht: 0","243526","3","2","5","09","17","5","","0","1","0","0","0"
"POINT (13.361163401000056 52.494426185000066)","Unfall 243527 (2023) Kat:3, Licht: 0","243527","3","2","0","09","16","5","","0","0","1","0","1"
"POINT (13.309763928000052 52.493785696000032)","Unfall 243528 (2023) Kat:3, Licht: 0","243528","3","6","2","09","15","5","","0","0","1","0","0"
"POINT (13.354665641000054 52.429152569000053)","Unfall 243529 (2023) Kat:3, Licht: 0","243529","3","2","5","09","09","5","","0","0","1","0","0"
"POINT (13.324488996000071 52.517014460000041)","Unfall 243530 (2023) Kat:2, Licht: 0","243530","2","3","5","09","08","5","","0","1","1","0","0"
"POINT (13.351899561000039 52.418614154000068)","Unfall 243531 (2023) Kat:3, Licht: 0","243531","3","7","0","09","08","5","","0","0","1","0","0"
"POINT (13.485902092000060 52.518471040000065)","Unfall 243532 (2023) Kat:3, Licht: 0","243532","3","3","5","09","06","5","","0","0","1","0","1"
"POINT (13.281577882000022 52.592274841000062)","Unfall 243533 (2023) Kat:3, Licht: 0","243533","3","2","5","09","08","3","","0","1","1","0","0"
"POINT (13.519134012000052 52.513466103000042)","Unfall 243534 (2023) Kat:3, Licht: 2","243534","3","2","5","09","22","5","","2","0","1","0","0"
"POINT (13.422308144000056 52.505449358000078)","Unfall 243535 (2023) Kat:2, Licht: 2","243535","2","2","6","09","23","5","","2","0","1","1","0"
"POINT (13.348902804000033 52.514899483000079)","Unfall 243536 (2023) Kat:3, Licht: 0","243536","3","6","0","09","17","5","","0","0","1","0","1"
"POINT (13.437424118000024 52.479117008000060)","Unfall 243537 (2023) Kat:3, Licht: 1","243537","3","3","5","09","19","5","","1","1","0","0","0"
"POINT (13.588393630000041 52.502731130000029)","Unfall 243538 (2023) Kat:3, Licht: 0","243538","3","1","8","09","17","5","","0","0","0","0","1"
"POINT (13.351144549000026 52.509634786000049)","Unfall 243539 (2023) Kat:3, Licht: 0","243539","3","2","5","09","15","5","","0","1","1","0","0"
"POINT (13.355672531000039 52.457297151000034)","Unfall 243540 (2023) Kat:3, Licht: 0","243540","3","3","5","09","09","5","","0","1","1","0","0"
"POINT (13.332332384000040 52.436891983000066)","Unfall 243541 (2023) Kat:3, Licht: 0","243541","3","3","5","09","07","5","","0","1","1","0","0"
"POINT (13.277589434000049 52.535120279000068)","Unfall 243542 (2023) Kat:3, Licht: 0","243542","3","6","0","09","14","5","","0","0","1","0","1"
"POINT (13.307416240000066 52.437396366000030)","Unfall 243543 (2023) Kat:3, Licht: 0","243543","3","7","6","09","10","5","","0","0","0","1","0"
"POINT (13.329442879000055 52.516747192000082)","Unfall 243544 (2023) Kat:3, Licht: 0","243544","3","7","0","09","08","4","","0","0","1","0","1"
"POINT (13.271385691000035 52.603742183000065)","Unfall 243545 (2023) Kat:2, Licht: 0","243545","2","1","0","09","11","4","","0","1","0","0","0"
"POINT (13.309488988000055 52.508499788000051)","Unfall 243546 (2023) Kat:3, Licht: 1","243546","3","7","2","09","21","4","","1","1","1","0","0"
"POINT (13.593254882000053 52.509551155000054)","Unfall 243547 (2023) Kat:3, Licht: 1","243547","3","1","0","09","19","4","","1","0","1","0","0"
"POINT (13.435093548000054 52.428988349000065)","Unfall 243548 (2023) Kat:3, Licht: 1","243548","3","6","2","09","19","4","","1","0","1","0","1"
"POINT (13.386701863000042 52.549497838000036)","Unfall 243549 (2023) Kat:3, Licht: 0","243549","3","6","3","09","18","4","","0","0","1","0","1"
"POINT (13.516675180000050 52.470852446000038)","Unfall 243550 (2023) Kat:3, Licht: 0","243550","3","3","5","09","15","4","","0","1","1","0","0"
"POINT (13.426447803000030 52.603192939000053)","Unfall 243551 (2023) Kat:2, Licht: 2","243551","2","6","4","09","22","4","","2","0","1","0","0"
"POINT (13.338096671000073 52.451005581000061)","Unfall 243552 (2023) Kat:3, Licht: 0","243552","3","2","5","09","17","4","","0","1","1","0","0"
"POINT (13.554960422000022 52.525355394000030)","Unfall 243553 (2023) Kat:2, Licht: 0","243553","2","2","6","10","14","1","","0","0","0","1","0"
"POINT (13.162689087000047 52.548543209000059)","Unfall 243554 (2023) Kat:2, Licht: 0","243554","2","5","1","09","15","4","","0","0","1","0","0"
"POINT (13.285790296000073 52.506555845000037)","Unfall 243555 (2023) Kat:3, Licht: 0","243555","3","6","2","09","14","4","","0","0","1","0","0"
"POINT (13.443030219000036 52.614610379000055)","Unfall 243556 (2023) Kat:3, Licht: 0","243556","3","6","2","09","06","4","","0","0","1","0","0"
"POINT (13.418083163000063 52.515641919000075)","Unfall 243557 (2023) Kat:3, Licht: 0","243557","3","2","5","09","10","4","","0","1","1","0","0"
"POINT (13.443196243000045 52.524978840000074)","Unfall 243558 (2023) Kat:3, Licht: 2","243558","3","6","2","09","19","4","","2","0","1","0","0"
"POINT (13.361370151000074 52.416244107000068)","Unfall 243559 (2023) Kat:3, Licht: 2","243559","3","4","6","09","19","4","","2","0","1","1","0"
"POINT (13.267474906000075 52.446013008000079)","Unfall 243560 (2023) Kat:3, Licht: 0","243560","3","4","6","09","10","3","","0","0","1","1","0"
"POINT (13.388667652000038 52.453129776000026)","Unfall 243561 (2023) Kat:3, Licht: 0","243561","3","6","2","09","16","4","","0","0","1","0","1"
"POINT (13.433592284000042 52.475786275000075)","Unfall 243562 (2023) Kat:3, Licht: 0","243562","3","4","6","09","13","4","","0","0","1","1","0"
"POINT (13.360910146000037 52.490123535000066)","Unfall 243563 (2023) Kat:3, Licht: 0","243563","3","2","0","09","15","6","","0","0","1","0","1"
"POINT (13.452179853000075 52.557699800000080)","Unfall 243564 (2023) Kat:2, Licht: 1","243564","2","4","6","09","19","4","","1","0","1","1","0"
"POINT (13.468080523000026 52.553902136000033)","Unfall 243565 (2023) Kat:3, Licht: 0","243565","3","6","2","09","13","4","","0","0","1","0","0"
"POINT (13.345874380000055 52.574402611000039)","Unfall 243566 (2023) Kat:3, Licht: 0","243566","3","6","2","09","12","4","","0","0","1","0","0"
"POINT (13.335245577000023 52.499092548000078)","Unfall 243567 (2023) Kat:3, Licht: 0","243567","3","6","2","09","10","4","","0","0","1","0","0"
"POINT (13.473453877000054 52.493248515000062)","Unfall 243568 (2023) Kat:2, Licht: 0","243568","2","4","6","09","09","4","","0","0","1","1","0"
"POINT (13.261679553000022 52.441736879000075)","Unfall 243569 (2023) Kat:3, Licht: 0","243569","3","6","3","09","09","4","","0","1","1","0","0"
"POINT (13.435876502000042 52.424409350000076)","Unfall 243570 (2023) Kat:3, Licht: 0","243570","3","6","0","09","08","4","","0","0","1","0","0"
"POINT (13.603681081000047 52.501539093000076)","Unfall 243571 (2023) Kat:1, Licht: 0","243571","1","5","1","09","15","3","","0","1","0","0","0"
"POINT (13.489963291000038 52.419925530000057)","Unfall 243572 (2023) Kat:3, Licht: 0","243572","3","3","5","09","18","3","","0","1","0","0","0"
"POINT (13.519643193000036 52.505901442000038)","Unfall 243573 (2023) Kat:2, Licht: 0","243573","2","6","2","09","12","3","","0","0","0","0","1"
"POINT (13.153574856000034 52.553544339000041)","Unfall 243574 (2023) Kat:3, Licht: 0","243574","3","2","2","09","08","3","","0","1","1","0","0"
"POINT (13.361638593000066 52.547901083000056)","Unfall 243575 (2023) Kat:3, Licht: 0","243575","3","2","5","09","07","3","","0","0","1","0","0"
"POINT (13.487092077000057 52.465568953000059)","Unfall 243576 (2023) Kat:2, Licht: 2","243576","2","2","5","09","22","3","","2","0","1","0","1"
"POINT (13.324961788000053 52.500486602000080)","Unfall 243577 (2023) Kat:3, Licht: 0","243577","3","7","5","09","09","4","","0","0","1","0","1"
"POINT (13.633985664000022 52.538601615000061)","Unfall 243578 (2023) Kat:3, Licht: 0","243578","3","6","2","09","16","3","","0","0","1","0","0"
"POINT (13.479851754000038 52.525767503000054)","Unfall 243579 (2023) Kat:3, Licht: 0","243579","3","6","0","09","15","3","","0","0","1","0","1"
"POINT (13.415973703000077 52.527095807000080)","Unfall 243580 (2023) Kat:3, Licht: 0","243580","3","2","2","09","12","3","","0","1","0","0","0"
"POINT (13.530699134000031 52.510160751000058)","Unfall 243581 (2023) Kat:3, Licht: 0","243581","3","3","5","09","09","3","","0","1","1","0","0"
"POINT (13.625895942000056 52.529345292000073)","Unfall 243582 (2023) Kat:3, Licht: 0","243582","3","2","5","09","19","3","","0","1","1","0","0"
"POINT (13.427485057000069 52.507664857000066)","Unfall 243583 (2023) Kat:3, Licht: 0","243583","3","7","5","09","16","3","","0","0","1","0","0"
"POINT (13.284792290000041 52.490614997000080)","Unfall 243584 (2023) Kat:3, Licht: 0","243584","3","6","2","09","16","3","","0","0","1","0","0"
"POINT (13.380808232000049 52.516422299000055)","Unfall 243585 (2023) Kat:3, Licht: 2","243585","3","2","2","09","23","3","","2","0","0","0","1"
"POINT (13.120527911000067 52.450418517000060)","Unfall 243586 (2023) Kat:3, Licht: 1","243586","3","5","1","09","18","3","","1","0","1","0","0"
"POINT (13.553332917000034 52.525489804000074)","Unfall 243587 (2023) Kat:3, Licht: 0","243587","3","3","0","09","16","3","","0","1","1","0","0"
"POINT (13.179068220000033 52.525685943000042)","Unfall 243588 (2023) Kat:3, Licht: 2","243588","3","1","1","09","22","3","","2","0","1","0","0"
"POINT (13.160293503000048 52.419719401000066)","Unfall 243589 (2023) Kat:3, Licht: 0","243589","3","2","5","09","10","7","","0","1","1","0","0"
"POINT (13.219091778000063 52.556353804000082)","Unfall 243590 (2023) Kat:3, Licht: 0","243590","3","4","6","09","14","3","","0","0","1","1","1"
"POINT (13.508229770000071 52.493486691000044)","Unfall 243591 (2023) Kat:3, Licht: 0","243591","3","3","5","09","13","3","","0","1","1","0","0"
"POINT (13.322754266000061 52.488949061000028)","Unfall 243592 (2023) Kat:2, Licht: 2","243592","2","3","5","09","22","3","","2","1","0","0","0"
"POINT (13.220939216000033 52.607981722000034)","Unfall 243593 (2023) Kat:3, Licht: 0","243593","3","3","5","09","14","3","","0","1","1","0","0"
"POINT (13.345460627000023 52.460949800000037)","Unfall 243594 (2023) Kat:3, Licht: 0","243594","3","3","5","10","15","6","","0","1","1","0","0"
"POINT (13.510737994000067 52.450453813000081)","Unfall 243595 (2023) Kat:2, Licht: 0","243595","2","3","5","09","09","3","","0","1","0","0","0"
"POINT (13.188837392000039 52.546817629000032)","Unfall 243596 (2023) Kat:3, Licht: 0","243596","3","2","5","10","08","6","","0","1","1","0","0"
"POINT (13.295091701000047 52.504096234000031)","Unfall 243597 (2023) Kat:3, Licht: 2","243597","3","2","5","09","20","2","","2","1","0","0","1"
"POINT (13.322369011000035 52.485616442000037)","Unfall 243598 (2023) Kat:3, Licht: 0","243598","3","3","5","09","13","3","","0","0","1","0","1"
"POINT (13.326490887000034 52.490384865000067)","Unfall 243599 (2023) Kat:3, Licht: 0","243599","3","7","2","09","10","3","","0","1","0","0","0"
"POINT (13.425147238000022 52.477446452000038)","Unfall 243600 (2023) Kat:3, Licht: 0","243600","3","6","2","09","12","3","","0","1","1","0","0"
"POINT (13.376606312000035 52.509384684000054)","Unfall 243601 (2023) Kat:3, Licht: 0","243601","3","2","0","09","14","3","","0","1","1","0","0"
"POINT (13.524716029000047 52.495353695000063)","Unfall 243602 (2023) Kat:3, Licht: 0","243602","3","2","5","09","11","3","","0","1","1","0","0"
"POINT (13.327873902000022 52.564192343000059)","Unfall 243603 (2023) Kat:3, Licht: 0","243603","3","2","0","09","08","3","","0","0","1","0","0"
"POINT (13.410329837000063 52.394178337000028)","Unfall 243604 (2023) Kat:2, Licht: 0","243604","2","5","5","09","09","3","","0","0","1","0","1"
"POINT (13.474129987000026 52.609898360000045)","Unfall 243605 (2023) Kat:3, Licht: 0","243605","3","3","5","09","13","3","","0","0","1","0","1"
"POINT (13.389583720000076 52.515662432000056)","Unfall 243606 (2023) Kat:2, Licht: 0","243606","2","3","5","09","11","3","","0","1","1","0","0"
"POINT (13.197720929000070 52.435221499000079)","Unfall 243607 (2023) Kat:3, Licht: 0","243607","3","3","5","09","08","3","","0","1","1","0","0"
"POINT (13.440669016000072 52.517219295000075)","Unfall 243608 (2023) Kat:3, Licht: 0","243608","3","2","5","09","07","3","","0","0","1","0","0"
"POINT (13.299187839000069 52.506687280000051)","Unfall 243609 (2023) Kat:3, Licht: 2","243609","3","2","5","09","20","2","","2","1","1","0","0"
"POINT (13.288792198000067 52.511815935000072)","Unfall 243610 (2023) Kat:3, Licht: 0","243610","3","5","1","09","17","2","","0","0","1","0","0"
"POINT (13.515272256000060 52.567077778000055)","Unfall 243611 (2023) Kat:2, Licht: 0","243611","2","2","5","09","12","2","","0","0","1","0","0"
"POINT (13.491224087000035 52.526548259000037)","Unfall 243612 (2023) Kat:3, Licht: 0","243612","3","2","5","09","08","2","","0","1","1","0","0"
"POINT (13.513618489000066 52.551184902000045)","Unfall 243613 (2023) Kat:3, Licht: 0","243613","3","3","5","09","16","2","","0","0","1","0","0"
"POINT (13.503071435000038 52.636590902000080)","Unfall 243614 (2023) Kat:2, Licht: 0","243614","2","2","5","09","15","2","","0","1","1","0","0"
"POINT (13.478892859000041 52.528184135000060)","Unfall 243615 (2023) Kat:2, Licht: 0","243615","2","4","6","09","12","2","","0","0","1","1","0"
"POINT (13.499065510000037 52.518170107000060)","Unfall 243616 (2023) Kat:3, Licht: 0","243616","3","3","5","09","16","2","","0","0","1","0","1"
"POINT (13.338927060000060 52.488488535000045)","Unfall 243617 (2023) Kat:2, Licht: 1","243617","2","4","6","09","19","2","","1","1","0","1","0"
"POINT (13.345701701000053 52.616419093000047)","Unfall 243618 (2023) Kat:3, Licht: 0","243618","3","5","1","09","18","2","","0","0","1","0","0"
"POINT (13.406962918000033 52.404330471000037)","Unfall 243619 (2023) Kat:3, Licht: 0","243619","3","7","1","09","14","2","","0","0","1","0","0"
"POINT (13.190591890000064 52.433545510000044)","Unfall 243620 (2023) Kat:3, Licht: 0","243620","3","2","5","09","16","5","","0","1","1","0","0"
"POINT (13.227211613000065 52.549462252000069)","Unfall 243621 (2023) Kat:3, Licht: 0","243621","3","2","5","09","11","2","","0","0","1","0","0"
"POINT (13.475683577000041 52.501401276000081)","Unfall 243622 (2023) Kat:3, Licht: 0","243622","3","6","2","09","12","2","","0","0","1","0","0"
"POINT (13.329106020000040 52.567276021000055)","Unfall 243623 (2023) Kat:3, Licht: 0","243623","3","3","5","09","11","2","","0","0","1","0","0"
"POINT (13.182706885000073 52.486006581000026)","Unfall 243624 (2023) Kat:3, Licht: 0","243624","3","6","2","09","15","2","","0","0","1","0","0"
"POINT (13.364805624000041 52.485695016000079)","Unfall 243625 (2023) Kat:3, Licht: 0","243625","3","6","2","09","14","2","","0","1","1","0","0"
"POINT (13.370579436000071 52.468896351000069)","Unfall 243626 (2023) Kat:3, Licht: 0","243626","3","3","5","09","11","2","","0","0","1","0","0"
"POINT (13.399266332000025 52.539178371000048)","Unfall 243627 (2023) Kat:3, Licht: 0","243627","3","3","5","09","15","2","","0","1","1","0","0"
"POINT (13.359671817000049 52.490502551000077)","Unfall 243628 (2023) Kat:3, Licht: 0","243628","3","6","2","09","07","2","","0","0","1","0","1"
"POINT (13.433084510000072 52.452346565000028)","Unfall 243629 (2023) Kat:3, Licht: 0","243629","3","2","5","09","06","2","","0","1","1","0","0"
"POINT (13.596689432000062 52.535289086000034)","Unfall 243630 (2023) Kat:3, Licht: 0","243630","3","7","6","09","13","2","","0","0","0","1","0"
"POINT (13.400913698000068 52.452871178000066)","Unfall 243631 (2023) Kat:3, Licht: 0","243631","3","2","5","09","12","2","","0","0","1","0","0"
"POINT (13.375170835000063 52.597222144000057)","Unfall 243632 (2023) Kat:3, Licht: 2","243632","3","6","2","09","20","2","","2","0","1","0","1"
"POINT (13.517369023000072 52.535347845000047)","Unfall 243633 (2023) Kat:3, Licht: 0","243633","3","6","2","09","11","2","","0","0","1","0","0"
"POINT (13.371159752000040 52.511120259000052)","Unfall 243634 (2023) Kat:3, Licht: 2","243634","3","2","5","10","06","2","","2","0","1","0","0"
"POINT (13.392581471000028 52.517411008000067)","Unfall 243635 (2023) Kat:3, Licht: 0","243635","3","2","5","09","08","2","","0","1","1","0","0"
"POINT (13.290442660000053 52.493947449000075)","Unfall 243636 (2023) Kat:2, Licht: 0","243636","2","1","0","09","17","2","","0","0","0","0","1"
"POINT (13.465660657000058 52.509069063000027)","Unfall 243637 (2023) Kat:3, Licht: 2","243637","3","1","0","09","02","2","","2","1","0","0","0"
"POINT (13.442570768000053 52.590820473000065)","Unfall 243638 (2023) Kat:3, Licht: 0","243638","3","4","6","10","14","4","","0","1","0","1","0"
"POINT (13.293873664000046 52.445648682000069)","Unfall 243639 (2023) Kat:3, Licht: 0","243639","3","1","0","09","09","2","","0","0","0","0","1"
"POINT (13.421001941000043 52.533521059000066)","Unfall 243640 (2023) Kat:3, Licht: 0","243640","3","2","2","09","16","2","","0","0","1","0","0"
"POINT (13.355198424000037 52.410582666000039)","Unfall 243641 (2023) Kat:3, Licht: 0","243641","3","4","6","09","13","5","","0","0","1","1","0"
"POINT (13.315808651000054 52.416441720000080)","Unfall 243642 (2023) Kat:3, Licht: 0","243642","3","6","2","09","09","2","","0","0","1","0","1"
"POINT (13.363890836000053 52.478412751000064)","Unfall 243643 (2023) Kat:3, Licht: 0","243643","3","7","0","09","16","2","","0","1","0","0","0"
"POINT (13.319158814000048 52.453922635000026)","Unfall 243644 (2023) Kat:3, Licht: 0","243644","3","6","0","09","10","2","","0","0","1","0","0"
"POINT (13.349360435000051 52.542159021000032)","Unfall 243645 (2023) Kat:3, Licht: 2","243645","3","7","5","09","23","3","","2","0","1","0","0"
"POINT (13.464153780000061 52.470436870000071)","Unfall 243646 (2023) Kat:3, Licht: 0","243646","3","6","2","09","16","2","","0","0","1","0","0"
"POINT (13.197320936000040 52.524771806000047)","Unfall 243647 (2023) Kat:3, Licht: 0","243647","3","5","1","09","14","3","","0","0","1","0","0"
"POINT (13.331091016000073 52.495463894000068)","Unfall 243648 (2023) Kat:3, Licht: 0","243648","3","2","5","09","08","2","","0","1","1","0","0"
"POINT (13.473833385000034 52.475021914000081)","Unfall 243649 (2023) Kat:3, Licht: 0","243649","3","2","5","09","15","2","","0","1","1","0","0"
"POINT (13.312534160000041 52.506433076000064)","Unfall 243650 (2023) Kat:3, Licht: 0","243650","3","5","0","09","14","2","","0","0","1","0","1"
"POINT (13.417819500000064 52.499156216000074)","Unfall 243651 (2023) Kat:3, Licht: 2","243651","3","2","5","09","20","2","","2","0","1","0","0"
"POINT (13.372285499000043 52.485028237000051)","Unfall 243652 (2023) Kat:3, Licht: 0","243652","3","2","5","09","18","2","","0","1","1","0","0"
"POINT (13.509951849000061 52.550346491000028)","Unfall 243653 (2023) Kat:3, Licht: 0","243653","3","2","2","09","14","2","","0","0","1","0","1"
"POINT (13.456559256000048 52.487125850000041)","Unfall 243654 (2023) Kat:3, Licht: 0","243654","3","7","5","09","17","2","","0","1","1","0","0"
"POINT (13.305876351000052 52.556331505000060)","Unfall 243655 (2023) Kat:2, Licht: 0","243655","2","1","8","09","15","1","","0","0","1","0","0"
"POINT (13.345100913000067 52.437018806000026)","Unfall 243656 (2023) Kat:3, Licht: 0","243656","3","2","0","09","12","4","","0","0","1","0","0"
"POINT (13.201372131000028 52.538357143000042)","Unfall 243657 (2023) Kat:3, Licht: 0","243657","3","3","5","09","13","2","","0","0","1","0","0"
"POINT (13.419269871000040 52.546048705000032)","Unfall 243658 (2023) Kat:3, Licht: 0","243658","3","5","5","09","11","2","","0","1","1","0","0"
"POINT (13.388041825000073 52.555722510000066)","Unfall 243659 (2023) Kat:3, Licht: 0","243659","3","2","5","09","17","2","","0","1","1","0","0"
"POINT (13.615020813000058 52.454721661000065)","Unfall 243660 (2023) Kat:3, Licht: 0","243660","3","1","8","09","12","2","","0","0","0","0","1"
"POINT (13.329758223000056 52.522788990000038)","Unfall 243661 (2023) Kat:3, Licht: 0","243661","3","2","2","09","16","2","","0","0","1","0","1"
"POINT (13.567184398000052 52.505443287000048)","Unfall 243662 (2023) Kat:3, Licht: 0","243662","3","6","2","09","12","2","","0","1","1","0","0"
"POINT (13.538826941000025 52.420615876000056)","Unfall 243663 (2023) Kat:3, Licht: 0","243663","3","7","6","09","10","2","","0","0","0","1","0"
"POINT (13.551021580000054 52.456168104000028)","Unfall 243664 (2023) Kat:3, Licht: 0","243664","3","6","3","09","07","2","","0","1","1","0","0"
"POINT (13.401302289000057 52.414506990000064)","Unfall 243665 (2023) Kat:3, Licht: 0","243665","3","2","5","09","14","2","","0","0","1","0","0"