WKT,Name,OBJECTID,UKATEGORIE,UTYP1,UART,UMONAT,USTUNDE,UWOCHENTAG,STRZUSTAND,ULICHTVERH,ISTRAD,ISTPKW,ISTFUSS,ISTKRAD
"POINT (13.484294535000060 52.412080425000056)","Unfall 243666 (2023) Kat:3, Licht: 0","243666","3","3","5","09","08","2","","0","1","0","0","0"
"POINT (13.392438859000038 52.492117537000070)","Unfall 243667 (2023) Kat:3, Licht: 0","243667","3","6","3","09","13","2","","0","1","0","0","0"
"POINT (13.420320320000030 52.461657038000055)","Unfall 243668 (2023) Kat:3, Licht: 0","243668","3","2","2","09","08","2","","0","0","0","0","1"
"POINT (13.466873433000046 52.524106204000077)","Unfall 243669 (2023) Kat:3, Licht: 0","243669","3","3","5","09","09","2","","0","1","0","0","0"
"POINT (13.259174977000043 52.521609697000031)","Unfall 243670 (2023) Kat:3, Licht: 0","243670","3","3","5","09","07","3","","0","1","1","0","0"
"POINT (13.305378064000024 52.506713098000034)","Unfall 243671 (2023) Kat:3, Licht: 0","243671","3","5","1","09","19","1","","0","1","1","0","0"
"POINT (13.333623070000044 52.506962747000046)","Unfall 243672 (2023) Kat:3, Licht: 0","243672","3","5","1","09","16","1","","0","0","1","1","0"
"POINT (13.573410150000029 52.394394567000063)","Unfall 243673 (2023) Kat:2, Licht: 0","243673","2","6","4","09","12","1","","0","0","1","0","1"
"POINT (13.387097823000033 52.527098673000069)","Unfall 243674 (2023) Kat:3, Licht: 0","243674","3","3","5","09","10","1","","0","0","1","0","0"
"POINT (13.402542306000043 52.528984682000043)","Unfall 243675 (2023) Kat:3, Licht: 0","243675","3","5","1","09","12","1","","0","1","1","0","0"
"POINT (13.230033883000033 52.430876639000076)","Unfall 243676 (2023) Kat:3, Licht: 1","243676","3","2","5","09","18","6","","1","0","1","0","0"
"POINT (13.436945815000058 52.423715735000030)","Unfall 243677 (2023) Kat:3, Licht: 0","243677","3","6","2","09","11","1","","0","0","1","0","0"
"POINT (13.407175456000061 52.499123153000028)","Unfall 243678 (2023) Kat:3, Licht: 2","243678","3","5","1","09","04","1","","2","0","1","0","0"
"POINT (13.532616032000021 52.521760418000042)","Unfall 243679 (2023) Kat:3, Licht: 2","243679","3","3","5","09","21","1","","2","0","1","0","0"
"POINT (13.434982824000031 52.461147517000029)","Unfall 243680 (2023) Kat:2, Licht: 1","243680","2","6","4","09","18","1","","1","0","1","0","1"
"POINT (13.580553276000046 52.443065171000057)","Unfall 243681 (2023) Kat:3, Licht: 0","243681","3","2","5","09","15","1","","0","1","0","0","0"
"POINT (13.413159928000027 52.491774258000078)","Unfall 243682 (2023) Kat:3, Licht: 0","243682","3","2","5","09","11","1","","0","1","1","0","0"
"POINT (13.463263738000023 52.615732322000042)","Unfall 243683 (2023) Kat:3, Licht: 0","243683","3","1","9","09","10","1","","0","0","1","0","0"
"POINT (13.414145012000063 52.498579915000050)","Unfall 243684 (2023) Kat:2, Licht: 2","243684","2","3","5","09","00","1","","2","0","1","0","0"
"POINT (13.466802292000068 52.471425618000069)","Unfall 243685 (2023) Kat:2, Licht: 0","243685","2","2","5","09","13","1","","0","0","1","0","1"
"POINT (13.260395465000045 52.537029030000042)","Unfall 243686 (2023) Kat:2, Licht: 0","243686","2","6","3","10","11","7","","0","0","1","0","0"
"POINT (13.352298929000028 52.506394276000037)","Unfall 243687 (2023) Kat:3, Licht: 0","243687","3","3","5","09","10","1","","0","0","1","0","0"
"POINT (13.181708233000052 52.534136822000050)","Unfall 243688 (2023) Kat:3, Licht: 0","243688","3","2","5","09","08","6","","0","1","1","0","0"
"POINT (13.147711559000072 52.418138694000049)","Unfall 243689 (2023) Kat:3, Licht: 2","243689","3","1","0","09","00","1","","2","1","0","0","0"
"POINT (13.530725979000067 52.510173794000082)","Unfall 243690 (2023) Kat:3, Licht: 0","243690","3","3","5","09","11","6","","0","1","1","0","0"
"POINT (13.649029955000060 52.419325913000080)","Unfall 243691 (2023) Kat:1, Licht: 2","243691","1","1","8","09","02","1","","2","0","1","0","0"
"POINT (13.365227146000052 52.525724092000075)","Unfall 243692 (2023) Kat:3, Licht: 2","243692","3","7","6","10","19","6","","2","0","0","1","0"
"POINT (13.468555256000059 52.516786034000063)","Unfall 243693 (2023) Kat:3, Licht: 0","243693","3","3","5","09","08","7","","0","1","1","0","0"
"POINT (13.326437002000034 52.564498402000027)","Unfall 243694 (2023) Kat:3, Licht: 0","243694","3","6","3","09","16","7","","0","0","1","0","1"
"POINT (13.469746966000059 52.469322619000081)","Unfall 243695 (2023) Kat:3, Licht: 0","243695","3","7","1","10","14","3","","0","0","1","0","0"
"POINT (13.334690305000038 52.497760709000033)","Unfall 243696 (2023) Kat:3, Licht: 0","243696","3","5","4","09","16","7","","0","1","1","0","0"
"POINT (13.385593182000036 52.520243921000031)","Unfall 243697 (2023) Kat:3, Licht: 2","243697","3","3","5","09","23","7","","2","1","1","0","0"
"POINT (13.368200297000044 52.524974122000060)","Unfall 243698 (2023) Kat:3, Licht: 2","243698","3","1","0","09","21","7","","2","0","0","0","1"
"POINT (13.508714970000028 52.549709656000061)","Unfall 243699 (2023) Kat:3, Licht: 2","243699","3","6","3","09","21","7","","2","0","1","0","1"
"POINT (13.270276153000054 52.450364010000044)","Unfall 243700 (2023) Kat:3, Licht: 0","243700","3","1","0","09","11","7","","0","1","0","0","0"
"POINT (13.449726732000045 52.507591611000066)","Unfall 243701 (2023) Kat:3, Licht: 2","243701","3","1","0","10","03","4","","2","1","0","0","0"
"POINT (13.240219579000041 52.618816207000066)","Unfall 243702 (2023) Kat:3, Licht: 0","243702","3","3","5","10","07","5","","0","1","1","0","0"
"POINT (13.398580559000038 52.532555403000060)","Unfall 243703 (2023) Kat:3, Licht: 0","243703","3","1","0","09","09","7","","0","1","0","0","0"
"POINT (13.600632434000033 52.476411673000030)","Unfall 243704 (2023) Kat:3, Licht: 0","243704","3","3","5","09","10","7","","0","0","1","0","0"
"POINT (13.376413051000043 52.485034481000071)","Unfall 243705 (2023) Kat:3, Licht: 2","243705","3","2","6","10","19","7","","2","0","1","1","0"
"POINT (13.369909431000053 52.492871921000074)","Unfall 243706 (2023) Kat:3, Licht: 0","243706","3","4","6","09","16","7","","0","0","1","1","0"
"POINT (13.283434842000077 52.589921910000044)","Unfall 243707 (2023) Kat:3, Licht: 0","243707","3","2","5","09","11","7","","0","0","1","0","0"
"POINT (13.310383687000069 52.432170482000060)","Unfall 243708 (2023) Kat:3, Licht: 0","243708","3","3","5","09","12","7","","0","1","1","0","0"
"POINT (13.299868535000030 52.505117498000061)","Unfall 243709 (2023) Kat:3, Licht: 0","243709","3","5","0","09","17","7","","0","1","0","0","0"
"POINT (13.450541230000056 52.560519687000067)","Unfall 243710 (2023) Kat:2, Licht: 0","243710","2","1","8","09","17","7","","0","1","0","0","0"
"POINT (13.296242605000032 52.516867891000061)","Unfall 243711 (2023) Kat:3, Licht: 0","243711","3","3","5","09","09","7","","0","0","1","0","0"
"POINT (13.430249373000038 52.486101036000036)","Unfall 243712 (2023) Kat:3, Licht: 0","243712","3","2","5","09","12","7","","0","0","1","0","0"
"POINT (13.319783712000060 52.468808023000065)","Unfall 243713 (2023) Kat:3, Licht: 0","243713","3","3","5","09","11","7","","0","0","1","0","1"
"POINT (13.321902823000073 52.607500038000069)","Unfall 243714 (2023) Kat:2, Licht: 0","243714","2","7","5","09","10","7","","0","1","1","0","0"
"POINT (13.367314496000063 52.488269826000078)","Unfall 243715 (2023) Kat:2, Licht: 2","243715","2","1","0","09","03","7","","2","0","0","0","0"
"POINT (13.326852294000048 52.537072379000051)","Unfall 243716 (2023) Kat:3, Licht: 2","243716","3","3","5","09","02","7","","2","1","1","0","0"
"POINT (13.389526680000074 52.555248532000064)","Unfall 243717 (2023) Kat:3, Licht: 0","243717","3","3","5","09","17","6","","0","0","1","0","0"
"POINT (13.416503706000071 52.511065328000029)","Unfall 243718 (2023) Kat:3, Licht: 2","243718","3","3","5","09","00","7","","2","0","1","0","0"
"POINT (13.240198307000071 52.526271990000055)","Unfall 243719 (2023) Kat:2, Licht: 0","243719","2","2","5","09","17","7","","0","0","1","0","1"
"POINT (13.159482398000023 52.482342307000067)","Unfall 243720 (2023) Kat:3, Licht: 0","243720","3","7","2","09","15","7","","0","0","1","0","1"
"POINT (13.199065234000045 52.533615430000054)","Unfall 243721 (2023) Kat:3, Licht: 0","243721","3","6","2","09","11","7","","0","0","1","0","0"
"POINT (13.371149059000061 52.558727532000034)","Unfall 243722 (2023) Kat:3, Licht: 0","243722","3","2","5","09","08","7","","0","0","1","0","0"
"POINT (13.154757155000027 52.549118901000043)","Unfall 243723 (2023) Kat:3, Licht: 0","243723","3","6","2","09","18","6","","0","0","0","0","0"
"POINT (13.513242220000052 52.567967208000027)","Unfall 243724 (2023) Kat:3, Licht: 0","243724","3","3","0","09","09","6","","0","0","1","0","1"
"POINT (13.450088573000073 52.513392163000049)","Unfall 243725 (2023) Kat:3, Licht: 2","243725","3","3","0","09","23","6","","2","1","1","0","0"
"POINT (13.627148071000022 52.446739546000060)","Unfall 243726 (2023) Kat:3, Licht: 0","243726","3","2","5","09","08","6","","0","1","1","0","0"
"POINT (13.392081340000061 52.523561134000033)","Unfall 243727 (2023) Kat:3, Licht: 2","243727","3","4","6","09","22","6","","2","0","1","1","0"
"POINT (13.368782407000026 52.493104464000055)","Unfall 243728 (2023) Kat:3, Licht: 2","243728","3","4","6","09","20","6","","2","0","1","1","0"
"POINT (13.309737554000037 52.431252240000049)","Unfall 243729 (2023) Kat:3, Licht: 0","243729","3","2","5","09","15","6","","0","1","1","0","0"
"POINT (13.325057394000055 52.564749641000049)","Unfall 243730 (2023) Kat:3, Licht: 0","243730","3","7","6","09","15","6","","0","0","0","1","0"
"POINT (13.174480008000046 52.549773940000080)","Unfall 243731 (2023) Kat:3, Licht: 0","243731","3","3","5","09","16","6","","0","1","1","0","0"
"POINT (13.318015166000066 52.587252811000042)","Unfall 243732 (2023) Kat:2, Licht: 0","243732","2","6","3","09","17","4","","0","0","1","0","0"
"POINT (13.201318870000023 52.538381900000047)","Unfall 243733 (2023) Kat:3, Licht: 0","243733","3","3","5","09","17","6","","0","1","0","0","0"
"POINT (13.517579437000052 52.535362560000067)","Unfall 243734 (2023) Kat:2, Licht: 2","243734","2","2","5","10","05","2","","2","0","1","0","0"
"POINT (13.320756218000042 52.451845811000055)","Unfall 243735 (2023) Kat:3, Licht: 0","243735","3","2","6","09","12","6","","0","0","1","1","0"
"POINT (13.433278964000067 52.444903464000049)","Unfall 243736 (2023) Kat:3, Licht: 0","243736","3","3","5","09","12","6","","0","1","1","0","0"
"POINT (13.559460715000057 52.529543734000072)","Unfall 243737 (2023) Kat:3, Licht: 0","243737","3","4","6","09","09","6","","0","0","1","1","0"
"POINT (13.548141196000074 52.437921323000069)","Unfall 243738 (2023) Kat:3, Licht: 0","243738","3","2","5","09","10","2","","0","1","1","0","0"
"POINT (13.303945483000064 52.584890510000037)","Unfall 243739 (2023) Kat:3, Licht: 0","243739","3","3","5","09","09","6","","0","1","1","0","0"
"POINT (13.348165726000047 52.548651395000036)","Unfall 243740 (2023) Kat:3, Licht: 1","243740","3","6","3","09","05","6","","1","1","0","0","0"
"POINT (13.503487608000057 52.509692183000027)","Unfall 243741 (2023) Kat:3, Licht: 2","243741","3","2","5","10","20","2","","2","1","1","0","0"
"POINT (13.213714833000040 52.531518320000032)","Unfall 243742 (2023) Kat:3, Licht: 0","243742","3","7","5","09","18","4","","0","0","1","0","0"
"POINT (13.431724333000034 52.466809614000056)","Unfall 243743 (2023) Kat:3, Licht: 0","243743","3","5","1","09","14","6","","0","1","1","0","0"
"POINT (13.381991962000029 52.455918023000038)","Unfall 243744 (2023) Kat:3, Licht: 0","243744","3","2","5","09","11","6","","0","0","1","0","1"
"POINT (13.392544662000034 52.532047016000035)","Unfall 243745 (2023) Kat:3, Licht: 1","243745","3","1","0","09","05","6","","1","0","0","0","0"
"POINT (13.343375751000053 52.531939109000064)","Unfall 243746 (2023) Kat:2, Licht: 2","243746","2","2","6","09","22","6","","2","0","0","1","1"
"POINT (13.490752072000078 52.450396780000062)","Unfall 243747 (2023) Kat:3, Licht: 0","243747","3","6","4","09","17","6","","0","1","0","0","0"
"POINT (13.369199060000028 52.526275166000062)","Unfall 243748 (2023) Kat:3, Licht: 2","243748","3","4","6","09","22","6","","2","0","1","1","0"
"POINT (13.349440015000027 52.459165698000049)","Unfall 243749 (2023) Kat:3, Licht: 0","243749","3","6","3","09","15","6","","0","1","0","0","0"
"POINT (13.399869990000070 52.498416087000066)","Unfall 243750 (2023) Kat:2, Licht: 0","243750","2","7","6","09","17","6","","0","1","0","1","0"
"POINT (13.447401103000061 52.498124248000067)","Unfall 243751 (2023) Kat:3, Licht: 0","243751","3","3","0","09","09","4","","0","0","1","0","0"
"POINT (13.216408057000024 52.560571444000061)","Unfall 243752 (2023) Kat:2, Licht: 0","243752","2","3","5","09","14","6","","0","0","1","0","0"
"POINT (13.328434905000051 52.565392575000033)","Unfall 243753 (2023) Kat:2, Licht: 0","243753","2","3","5","09","14","6","","0","1","1","0","0"
"POINT (13.435221899000055 52.416671138000027)","Unfall 243754 (2023) Kat:3, Licht: 0","243754","3","7","5","09","16","6","","0","0","1","0","1"
"POINT (13.499423461000049 52.518149505000054)","Unfall 243755 (2023) Kat:3, Licht: 0","243755","3","3","5","09","13","5","","0","1","1","0","0"
"POINT (13.550820225000052 52.456214749000026)","Unfall 243756 (2023) Kat:3, Licht: 0","243756","3","5","1","09","16","6","","0","0","1","0","0"
"POINT (13.421170975000052 52.467372885000032)","Unfall 243757 (2023) Kat:3, Licht: 0","243757","3","7","1","09","16","6","","0","0","1","0","1"
"POINT (13.518671471000062 52.453681113000073)","Unfall 243758 (2023) Kat:2, Licht: 0","243758","2","7","6","09","13","6","","0","0","1","1","0"
"POINT (13.464307427000051 52.433032074000039)","Unfall 243759 (2023) Kat:3, Licht: 0","243759","3","7","0","09","14","6","","0","1","0","0","0"
"POINT (13.549656928000047 52.542698915000074)","Unfall 243760 (2023) Kat:3, Licht: 0","243760","3","6","2","09","10","6","","0","0","1","0","0"
"POINT (13.321573850000050 52.481816604000073)","Unfall 243761 (2023) Kat:3, Licht: 0","243761","3","2","5","09","13","6","","0","1","0","0","0"
"POINT (13.467122789000030 52.523964053000043)","Unfall 243762 (2023) Kat:2, Licht: 0","243762","2","7","5","09","07","7","","0","0","1","0","1"
"POINT (13.564288254000076 52.445691155000077)","Unfall 243763 (2023) Kat:3, Licht: 0","243763","3","2","5","09","09","6","","0","1","1","0","0"
"POINT (13.537528383000051 52.418269912000028)","Unfall 243764 (2023) Kat:3, Licht: 0","243764","3","6","2","09","08","6","","0","0","1","0","0"
"POINT (13.266940740000052 52.411910439000053)","Unfall 243765 (2023) Kat:3, Licht: 0","243765","3","4","6","10","11","2","","0","0","1","1","0"
"POINT (13.588064221000025 52.445447573000081)","Unfall 243766 (2023) Kat:2, Licht: 0","243766","2","4","6","09","06","6","","0","0","0","1","1"
"POINT (13.335460882000064 52.499269444000049)","Unfall 243767 (2023) Kat:3, Licht: 2","243767","3","3","5","09","04","6","","2","0","1","0","0"
"POINT (13.299757391000071 52.521324566000033)","Unfall 243768 (2023) Kat:3, Licht: 0","243768","3","4","6","09","13","6","","0","0","1","1","0"
"POINT (13.318626712000025 52.454623874000049)","Unfall 243769 (2023) Kat:3, Licht: 2","243769","3","6","2","09","23","6","","2","0","1","0","0"
"POINT (13.218889673000035 52.560193599000058)","Unfall 243770 (2023) Kat:3, Licht: 0","243770","3","2","5","09","10","6","","0","1","1","0","0"
"POINT (13.422629919000030 52.499183573000039)","Unfall 243771 (2023) Kat:3, Licht: 0","243771","3","6","2","09","09","6","","0","0","1","0","1"
"POINT (13.329513678000069 52.568407456000045)","Unfall 243772 (2023) Kat:2, Licht: 0","243772","2","2","0","09","08","6","","0","0","1","0","0"
"POINT (13.377512070000023 52.528948768000078)","Unfall 243773 (2023) Kat:3, Licht: 1","243773","3","6","2","09","19","5","","1","0","1","0","0"
"POINT (13.521915690000071 52.536028865000048)","Unfall 243774 (2023) Kat:2, Licht: 0","243774","2","3","5","09","12","5","","0","0","1","0","0"
"POINT (13.478539081000065 52.547527472000070)","Unfall 243775 (2023) Kat:3, Licht: 0","243775","3","6","4","09","15","5","","0","1","0","0","0"
"POINT (13.444945908000022 52.448690931000044)","Unfall 243776 (2023) Kat:3, Licht: 2","243776","3","3","5","09","20","5","","2","1","0","0","0"
"POINT (13.405221623000045 52.508285666000063)","Unfall 243777 (2023) Kat:2, Licht: 1","243777","2","3","5","09","19","5","","1","0","1","0","0"
"POINT (13.455791441000031 52.559912227000041)","Unfall 243778 (2023) Kat:3, Licht: 0","243778","3","2","5","09","14","5","","0","0","1","0","1"
"POINT (13.384330850000026 52.555870086000027)","Unfall 243779 (2023) Kat:3, Licht: 2","243779","3","2","5","10","20","3","","2","0","1","0","0"
"POINT (13.360532197000055 52.537057584000081)","Unfall 243780 (2023) Kat:3, Licht: 0","243780","3","7","0","09","14","5","","0","1","0","0","0"
"POINT (13.260328175000041 52.516549451000060)","Unfall 243781 (2023) Kat:3, Licht: 0","243781","3","6","3","09","07","6","","0","0","1","0","1"
"POINT (13.301553941000066 52.578243226000041)","Unfall 243782 (2023) Kat:3, Licht: 0","243782","3","3","5","09","13","5","","0","0","1","0","1"
"POINT (13.605772583000032 52.453924536000045)","Unfall 243783 (2023) Kat:3, Licht: 0","243783","3","5","1","09","12","5","","0","1","1","0","0"
"POINT (13.226887109000074 52.625960351000060)","Unfall 243784 (2023) Kat:3, Licht: 0","243784","3","3","0","09","11","5","","0","0","1","0","0"
"POINT (13.301454042000046 52.496133162000035)","Unfall 243785 (2023) Kat:3, Licht: 0","243785","3","7","5","09","11","5","","0","0","1","0","0"
"POINT (13.397903288000066 52.548031455000057)","Unfall 243786 (2023) Kat:3, Licht: 0","243786","3","2","5","09","07","5","","0","1","1","0","0"
"POINT (13.374605422000059 52.423561117000077)","Unfall 243787 (2023) Kat:2, Licht: 0","243787","2","4","6","09","06","5","","0","0","0","1","1"
"POINT (13.394078456000045 52.465524940000080)","Unfall 243788 (2023) Kat:3, Licht: 0","243788","3","4","6","09","16","5","","0","1","0","1","0"
"POINT (13.403095380000025 52.498521482000058)","Unfall 243789 (2023) Kat:3, Licht: 0","243789","3","3","5","09","15","5","","0","1","1","0","0"
"POINT (13.372406011000066 52.556256978000079)","Unfall 243790 (2023) Kat:3, Licht: 0","243790","3","6","2","09","16","5","","0","1","1","0","0"
"POINT (13.568298228000060 52.418752804000064)","Unfall 243791 (2023) Kat:3, Licht: 0","243791","3","6","3","09","15","5","","0","0","1","0","0"
"POINT (13.412168235000024 52.505471035000028)","Unfall 243792 (2023) Kat:3, Licht: 0","243792","3","6","3","09","14","5","","0","1","1","0","0"
"POINT (13.446916552000062 52.530857306000030)","Unfall 243793 (2023) Kat:2, Licht: 0","243793","2","5","1","09","13","5","","0","1","1","0","0"
"POINT (13.335221653000076 52.467986554000049)","Unfall 243794 (2023) Kat:3, Licht: 0","243794","3","2","5","09","08","5","","0","1","1","0","0"
"POINT (13.383944651000036 52.445452676000059)","Unfall 243795 (2023) Kat:3, Licht: 0","243795","3","2","5","09","18","5","","0","0","1","0","0"
"POINT (13.458198999000047 52.499600398000041)","Unfall 243796 (2023) Kat:3, Licht: 0","243796","3","3","5","09","17","5","","0","1","1","0","0"
"POINT (13.388022112000044 52.533068443000047)","Unfall 243797 (2023) Kat:3, Licht: 0","243797","3","6","2","09","08","5","","0","1","1","0","0"
"POINT (13.202819596000040 52.540861761000031)","Unfall 243798 (2023) Kat:3, Licht: 0","243798","3","3","5","09","14","5","","0","0","1","0","0"
"POINT (13.288456355000051 52.512907673000029)","Unfall 243799 (2023) Kat:3, Licht: 0","243799","3","6","2","09","09","5","","0","0","0","0","1"
"POINT (13.342499149000048 52.496097177000081)","Unfall 243800 (2023) Kat:3, Licht: 0","243800","3","5","1","09","16","5","","0","0","1","0","0"
"POINT (13.305593262000059 52.499750292000044)","Unfall 243801 (2023) Kat:2, Licht: 0","243801","2","3","5","09","16","5","","0","0","1","0","1"
"POINT (13.451727208000023 52.476046080000060)","Unfall 243802 (2023) Kat:3, Licht: 0","243802","3","7","0","09","15","5","","0","1","0","0","0"
"POINT (13.419689293000033 52.506079668000041)","Unfall 243803 (2023) Kat:3, Licht: 2","243803","3","3","5","10","22","7","","2","0","1","0","0"
"POINT (13.534375917000034 52.570654289000061)","Unfall 243804 (2023) Kat:3, Licht: 0","243804","3","7","0","09","14","5","","0","0","1","0","0"
"POINT (13.552043525000045 52.533801675000063)","Unfall 243805 (2023) Kat:3, Licht: 0","243805","3","4","6","09","12","5","","0","0","1","1","0"
"POINT (13.425643075000039 52.523456871000064)","Unfall 243806 (2023) Kat:2, Licht: 0","243806","2","4","6","09","12","5","","0","0","1","1","0"
"POINT (13.562703513000031 52.456374033000031)","Unfall 243807 (2023) Kat:2, Licht: 0","243807","2","2","6","09","10","5","","0","0","1","1","0"
"POINT (13.432401005000031 52.485420035000061)","Unfall 243808 (2023) Kat:3, Licht: 0","243808","3","7","1","09","16","7","","0","0","1","0","0"
"POINT (13.335464675000026 52.595648741000048)","Unfall 243809 (2023) Kat:3, Licht: 0","243809","3","3","5","09","10","5","","0","0","1","0","0"
"POINT (13.226896957000065 52.554270145000032)","Unfall 243810 (2023) Kat:3, Licht: 0","243810","3","3","5","09","07","5","","0","1","1","0","0"
"POINT (13.278653575000021 52.468584484000075)","Unfall 243811 (2023) Kat:3, Licht: 0","243811","3","3","5","09","10","5","","0","1","1","0","0"
"POINT (13.585948390000055 52.402853745000073)","Unfall 243812 (2023) Kat:3, Licht: 0","243812","3","5","1","09","07","5","","0","0","1","0","0"
"POINT (13.436687855000059 52.523490434000053)","Unfall 243813 (2023) Kat:3, Licht: 0","243813","3","3","0","09","19","4","","0","1","1","0","0"
"POINT (13.451544320000039 52.538414016000047)","Unfall 243814 (2023) Kat:3, Licht: 0","243814","3","1","0","09","18","4","","0","1","0","0","0"
"POINT (13.347544440000036 52.572668787000055)","Unfall 243815 (2023) Kat:3, Licht: 0","243815","3","2","2","09","14","4","","0","1","1","0","0"
"POINT (13.280713044000038 52.634057786000028)","Unfall 243816 (2023) Kat:3, Licht: 0","243816","3","3","0","09","07","4","","0","1","1","0","0"
"POINT (13.335337698000046 52.459771604000082)","Unfall 243817 (2023) Kat:3, Licht: 0","243817","3","5","1","09","10","4","","0","1","1","0","0"
"POINT (13.380711099000052 52.516614012000048)","Unfall 243818 (2023) Kat:3, Licht: 2","243818","3","2","5","09","21","4","","2","1","1","0","0"
"POINT (13.338098430000059 52.451005398000063)","Unfall 243819 (2023) Kat:3, Licht: 0","243819","3","2","5","09","17","4","","0","0","1","0","0"
"POINT (13.421475202000067 52.465136722000068)","Unfall 243820 (2023) Kat:2, Licht: 0","243820","2","2","6","09","16","4","","0","0","0","1","0"
"POINT (13.484592234000047 52.467332417000080)","Unfall 243821 (2023) Kat:3, Licht: 0","243821","3","2","5","09","16","4","","0","0","1","0","0"
"POINT (13.290864907000071 52.581482208000068)","Unfall 243822 (2023) Kat:3, Licht: 0","243822","3","6","2","09","15","4","","0","0","1","0","1"
"POINT (13.382392199000037 52.504533323000032)","Unfall 243823 (2023) Kat:3, Licht: 0","243823","3","2","5","09","14","4","","0","0","1","0","1"
"POINT (13.548559538000063 52.472802097000056)","Unfall 243824 (2023) Kat:3, Licht: 0","243824","3","1","9","09","14","4","","0","0","1","0","0"
"POINT (13.417462182000065 52.524373010000033)","Unfall 243825 (2023) Kat:3, Licht: 0","243825","3","5","5","09","08","4","","0","0","1","0","1"
"POINT (13.353786632000038 52.528639826000074)","Unfall 243826 (2023) Kat:3, Licht: 0","243826","3","2","5","09","09","4","","0","1","1","0","0"
"POINT (13.440874501000053 52.490296408000063)","Unfall 243827 (2023) Kat:3, Licht: 2","243827","3","7","2","10","19","3","","2","1","1","0","0"
"POINT (13.327069313000038 52.495033138000053)","Unfall 243828 (2023) Kat:3, Licht: 0","243828","3","2","5","09","17","4","","0","1","1","0","0"
"POINT (13.287075546000040 52.429539294000051)","Unfall 243829 (2023) Kat:3, Licht: 0","243829","3","7","2","09","18","4","","0","0","1","0","1"
"POINT (13.453591170000038 52.533090092000066)","Unfall 243830 (2023) Kat:2, Licht: 0","243830","2","4","6","09","17","4","","0","0","0","1","0"
"POINT (13.445440268000027 52.581914066000081)","Unfall 243831 (2023) Kat:3, Licht: 0","243831","3","6","2","09","16","4","","0","0","1","0","1"
"POINT (13.231343581000033 52.545660899000040)","Unfall 243832 (2023) Kat:2, Licht: 0","243832","2","6","2","09","15","4","","0","0","1","0","0"
"POINT (13.197093262000067 52.538412743000038)","Unfall 243833 (2023) Kat:3, Licht: 0","243833","3","2","5","09","10","4","","0","1","1","0","0"
"POINT (13.589171925000073 52.445896202000029)","Unfall 243834 (2023) Kat:3, Licht: 0","243834","3","7","5","09","18","4","","0","0","1","0","1"
"POINT (13.448689814000033 52.490392526000051)","Unfall 243835 (2023) Kat:3, Licht: 0","243835","3","3","5","09","12","4","","0","1","1","0","0"
"POINT (13.538147928000058 52.525659662000066)","Unfall 243836 (2023) Kat:3, Licht: 0","243836","3","6","2","09","10","4","","0","0","1","0","0"
"POINT (13.310222299000031 52.479073190000065)","Unfall 243837 (2023) Kat:3, Licht: 0","243837","3","2","0","09","09","4","","0","1","1","0","0"
"POINT (13.294352250000031 52.491625056000032)","Unfall 243838 (2023) Kat:2, Licht: 0","243838","2","7","0","09","07","4","","0","0","1","0","0"
"POINT (13.448158100000057 52.549347521000072)","Unfall 243839 (2023) Kat:3, Licht: 0","243839","3","2","5","09","16","4","","0","1","1","0","0"
"POINT (13.327713296000070 52.505580558000077)","Unfall 243840 (2023) Kat:3, Licht: 0","243840","3","2","5","09","16","4","","0","1","1","0","0"
"POINT (13.198455382000077 52.556010014000037)","Unfall 243841 (2023) Kat:3, Licht: 0","243841","3","6","2","09","15","4","","0","0","1","0","0"
"POINT (13.290783604000069 52.581583188000081)","Unfall 243842 (2023) Kat:3, Licht: 0","243842","3","6","2","09","15","4","","0","0","1","0","0"
"POINT (13.578571155000077 52.444102976000067)","Unfall 243843 (2023) Kat:3, Licht: 0","243843","3","2","5","09","07","4","","0","1","1","0","0"
"POINT (13.302945780000073 52.505738227000052)","Unfall 243844 (2023) Kat:3, Licht: 0","243844","3","6","2","09","15","6","","0","0","1","0","0"
"POINT (13.553252507000025 52.469686459000059)","Unfall 243845 (2023) Kat:3, Licht: 0","243845","3","3","5","09","07","4","","0","0","1","0","1"
"POINT (13.602509815000076 52.527989614000035)","Unfall 243846 (2023) Kat:3, Licht: 0","243846","3","4","6","09","07","4","","0","0","1","1","0"
"POINT (13.388959123000063 52.569189673000039)","Unfall 243847 (2023) Kat:3, Licht: 0","243847","3","3","5","09","18","4","","0","1","0","0","0"
"POINT (13.390506833000074 52.518608831000051)","Unfall 243848 (2023) Kat:3, Licht: 0","243848","3","6","3","09","17","4","","0","1","0","0","0"
"POINT (13.291186789000051 52.581082423000055)","Unfall 243849 (2023) Kat:3, Licht: 0","243849","3","6","2","09","15","4","","0","0","1","0","1"
"POINT (13.306105440000067 52.525725413000032)","Unfall 243850 (2023) Kat:3, Licht: 0","243850","3","2","5","09","14","4","","0","0","1","0","1"
"POINT (13.430197487000044 52.523120168000048)","Unfall 243851 (2023) Kat:3, Licht: 0","243851","3","1","9","09","07","4","","0","1","0","0","0"
"POINT (13.461408665000022 52.483738676000030)","Unfall 243852 (2023) Kat:3, Licht: 2","243852","3","2","5","10","18","1","","2","1","1","0","0"