WKT,Name,OBJECTID,UKATEGORIE,UTYP1,UART,UMONAT,USTUNDE,UWOCHENTAG,STRZUSTAND,ULICHTVERH,ISTRAD,ISTPKW,ISTFUSS,ISTKRAD
"POINT (13.287622207000027 52.503010822000078)","Unfall 243853 (2023) Kat:3, Licht: 2","243853","3","2","5","09","00","4","","2","1","1","0","0"
"POINT (13.341778989000034 52.502018570000075)","Unfall 243854 (2023) Kat:3, Licht: 2","243854","3","6","3","09","20","4","","2","1","1","0","0"
"POINT (13.433163578000062 52.509347085000059)","Unfall 243855 (2023) Kat:2, Licht: 2","243855","2","4","6","09","20","4","","2","0","1","1","0"
"POINT (13.264825646000077 52.430562296000062)","Unfall 243856 (2023) Kat:3, Licht: 0","243856","3","2","5","09","18","4","","0","1","1","0","0"
"POINT (13.341958336000062 52.552217305000056)","Unfall 243857 (2023) Kat:3, Licht: 0","243857","3","7","5","09","16","4","","0","0","1","0","1"
"POINT (13.453825593000033 52.482423455000060)","Unfall 243858 (2023) Kat:3, Licht: 0","243858","3","3","5","09","14","4","","0","1","1","0","0"
"POINT (13.448492128000055 52.549742417000061)","Unfall 243859 (2023) Kat:3, Licht: 0","243859","3","5","1","09","11","4","","0","0","1","0","1"
"POINT (13.464617429000043 52.476312073000031)","Unfall 243860 (2023) Kat:2, Licht: 0","243860","2","4","6","09","08","4","","0","0","1","1","0"
"POINT (13.428775445000042 52.581696319000059)","Unfall 243861 (2023) Kat:3, Licht: 0","243861","3","3","5","09","08","4","","0","1","0","0","1"
"POINT (13.286442178000073 52.518794505000074)","Unfall 243862 (2023) Kat:3, Licht: 0","243862","3","6","3","09","07","4","","0","0","1","0","1"
"POINT (13.279636736000043 52.491344439000045)","Unfall 243863 (2023) Kat:3, Licht: 0","243863","3","6","2","09","11","5","","0","0","1","0","1"
"POINT (13.344556711000052 52.589167372000077)","Unfall 243864 (2023) Kat:3, Licht: 0","243864","3","6","2","09","16","4","","0","0","1","0","0"
"POINT (13.327268639000067 52.588666710000041)","Unfall 243865 (2023) Kat:3, Licht: 0","243865","3","7","5","09","07","5","","0","0","1","0","1"
"POINT (13.395854146000033 52.499027301000069)","Unfall 243866 (2023) Kat:2, Licht: 0","243866","2","3","5","09","06","4","","0","1","1","0","0"
"POINT (13.535456897000074 52.485240517000079)","Unfall 243867 (2023) Kat:3, Licht: 0","243867","3","6","3","09","14","3","","0","1","0","0","0"
"POINT (13.355321209000067 52.413203521000071)","Unfall 243868 (2023) Kat:3, Licht: 0","243868","3","2","6","09","11","3","","0","0","1","1","0"
"POINT (13.415548994000062 52.527077284000029)","Unfall 243869 (2023) Kat:3, Licht: 2","243869","3","3","5","09","23","3","","2","0","1","0","1"
"POINT (13.432984447000024 52.415372073000071)","Unfall 243870 (2023) Kat:3, Licht: 1","243870","3","6","4","09","19","3","","1","0","1","0","1"
"POINT (13.264983142000062 52.536659415000031)","Unfall 243871 (2023) Kat:3, Licht: 0","243871","3","2","5","09","16","3","","0","1","1","0","0"
"POINT (13.280412439000031 52.477442371000052)","Unfall 243872 (2023) Kat:3, Licht: 0","243872","3","3","5","09","15","3","","0","1","1","0","0"
"POINT (13.410427519000052 52.551086134000059)","Unfall 243873 (2023) Kat:3, Licht: 0","243873","3","3","5","09","14","3","","0","0","1","0","1"
"POINT (13.337988448000033 52.451067850000072)","Unfall 243874 (2023) Kat:3, Licht: 0","243874","3","2","2","09","10","3","","0","0","0","0","0"
"POINT (13.367682427000034 52.445710321000035)","Unfall 243875 (2023) Kat:3, Licht: 0","243875","3","6","2","09","09","3","","0","0","1","0","0"
"POINT (13.559332783000059 52.446495294000044)","Unfall 243876 (2023) Kat:3, Licht: 0","243876","3","2","5","09","05","3","","0","1","1","0","0"
"POINT (13.379210247000060 52.552884128000073)","Unfall 243877 (2023) Kat:3, Licht: 0","243877","3","7","0","09","12","3","","0","0","0","0","0"
"POINT (13.411023760000035 52.503977713000040)","Unfall 243878 (2023) Kat:3, Licht: 2","243878","3","4","6","09","21","3","","2","0","0","1","0"
"POINT (13.210271648000059 52.533559890000049)","Unfall 243879 (2023) Kat:3, Licht: 0","243879","3","3","5","09","16","3","","0","0","1","0","1"
"POINT (13.424818639000023 52.480613343000073)","Unfall 243880 (2023) Kat:3, Licht: 0","243880","3","7","6","09","12","3","","0","0","0","1","1"
"POINT (13.266627575000030 52.519163710000043)","Unfall 243881 (2023) Kat:3, Licht: 0","243881","3","1","0","09","08","2","","0","1","1","0","0"
"POINT (13.492048611000030 52.462078805000033)","Unfall 243882 (2023) Kat:3, Licht: 0","243882","3","6","3","09","09","3","","0","1","0","0","0"
"POINT (13.385611379000068 52.467110635000040)","Unfall 243883 (2023) Kat:3, Licht: 0","243883","3","7","6","09","13","3","","0","0","1","1","0"
"POINT (13.376962039000034 52.483030741000050)","Unfall 243884 (2023) Kat:3, Licht: 2","243884","3","6","2","09","22","3","","2","1","1","0","1"
"POINT (13.591466460000049 52.544784579000066)","Unfall 243885 (2023) Kat:3, Licht: 0","243885","3","2","5","09","18","3","","0","1","1","0","0"
"POINT (13.314001637000047 52.507013888000074)","Unfall 243886 (2023) Kat:3, Licht: 0","243886","3","2","5","09","18","3","","0","0","1","0","1"
"POINT (13.436488268000062 52.466964630000064)","Unfall 243887 (2023) Kat:3, Licht: 0","243887","3","3","5","09","07","3","","0","1","0","0","1"
"POINT (13.356129798000040 52.543330559000026)","Unfall 243888 (2023) Kat:3, Licht: 0","243888","3","3","5","09","17","3","","0","1","1","0","0"
"POINT (13.392993514000068 52.563907729000050)","Unfall 243889 (2023) Kat:3, Licht: 0","243889","3","7","2","09","16","3","","0","0","0","0","1"
"POINT (13.484119929000030 52.463187000000062)","Unfall 243890 (2023) Kat:3, Licht: 0","243890","3","2","5","09","15","3","","0","0","1","0","0"
"POINT (13.452712766000047 52.539248854000050)","Unfall 243891 (2023) Kat:3, Licht: 0","243891","3","2","5","09","15","3","","0","1","1","0","0"
"POINT (13.197541759000046 52.531710915000076)","Unfall 243892 (2023) Kat:3, Licht: 0","243892","3","3","5","09","12","3","","0","0","1","0","0"
"POINT (13.356112299000074 52.543342368000026)","Unfall 243893 (2023) Kat:3, Licht: 0","243893","3","3","5","09","09","3","","0","1","1","0","0"
"POINT (13.328756622000071 52.490912626000068)","Unfall 243894 (2023) Kat:3, Licht: 0","243894","3","2","5","10","14","2","","0","0","1","0","1"
"POINT (13.279347961000042 52.523969504000036)","Unfall 243895 (2023) Kat:3, Licht: 0","243895","3","3","5","09","09","3","","0","0","1","0","0"
"POINT (13.371961502000033 52.519401575000074)","Unfall 243896 (2023) Kat:3, Licht: 0","243896","3","3","5","09","09","3","","0","1","1","0","0"
"POINT (13.281073359000061 52.474900637000076)","Unfall 243897 (2023) Kat:2, Licht: 0","243897","2","3","5","09","08","3","","0","0","1","0","0"
"POINT (13.360190236000051 52.537255732000062)","Unfall 243898 (2023) Kat:2, Licht: 0","243898","2","6","2","09","07","3","","0","0","1","0","1"
"POINT (13.307476798000039 52.503622916000040)","Unfall 243899 (2023) Kat:2, Licht: 0","243899","2","2","6","09","16","3","","0","0","1","1","0"
"POINT (13.279022513000029 52.479992393000032)","Unfall 243900 (2023) Kat:2, Licht: 0","243900","2","3","5","09","16","3","","0","0","1","0","0"
"POINT (13.343162415000052 52.504684553000061)","Unfall 243901 (2023) Kat:3, Licht: 0","243901","3","3","5","09","12","3","","0","1","1","0","0"
"POINT (13.517290909000053 52.444695513000056)","Unfall 243902 (2023) Kat:3, Licht: 0","243902","3","3","5","09","10","3","","0","1","1","0","0"
"POINT (13.424718708000057 52.586239119000027)","Unfall 243903 (2023) Kat:3, Licht: 0","243903","3","2","5","09","08","3","","0","1","1","0","0"
"POINT (13.240324155000053 52.442778348000047)","Unfall 243904 (2023) Kat:3, Licht: 2","243904","3","2","6","09","20","3","","2","0","1","1","0"
"POINT (13.404221336000035 52.581480504000069)","Unfall 243905 (2023) Kat:3, Licht: 0","243905","3","2","2","10","15","2","","0","0","1","0","0"
"POINT (13.489999133000026 52.493622475000052)","Unfall 243906 (2023) Kat:3, Licht: 0","243906","3","7","1","09","18","3","","0","1","0","0","0"
"POINT (13.314804030000062 52.498987064000062)","Unfall 243907 (2023) Kat:2, Licht: 0","243907","2","4","6","09","17","3","","0","0","1","1","0"
"POINT (13.314344491000043 52.490533981000056)","Unfall 243908 (2023) Kat:3, Licht: 0","243908","3","3","5","09","16","3","","0","1","0","0","0"
"POINT (13.457247097000050 52.430987260000052)","Unfall 243909 (2023) Kat:3, Licht: 0","243909","3","3","5","09","17","3","","0","1","1","0","0"
"POINT (13.266502769000056 52.533860154000081)","Unfall 243910 (2023) Kat:3, Licht: 0","243910","3","2","0","09","16","3","","0","0","1","0","0"
"POINT (13.426603976000024 52.476529506000077)","Unfall 243911 (2023) Kat:3, Licht: 0","243911","3","3","5","09","16","3","","0","0","1","0","1"
"POINT (13.210142214000030 52.549779901000079)","Unfall 243912 (2023) Kat:3, Licht: 0","243912","3","2","1","09","14","3","","0","1","1","0","0"
"POINT (13.425576347000060 52.479191235000030)","Unfall 243913 (2023) Kat:2, Licht: 0","243913","2","7","5","09","15","3","","0","0","1","0","0"
"POINT (13.339447615000040 52.533864080000058)","Unfall 243914 (2023) Kat:3, Licht: 0","243914","3","3","5","09","12","3","","0","1","1","0","0"
"POINT (13.198501673000067 52.555310169000052)","Unfall 243915 (2023) Kat:3, Licht: 0","243915","3","2","5","09","08","3","","0","1","1","0","0"
"POINT (13.439510882000036 52.475926631000050)","Unfall 243916 (2023) Kat:3, Licht: 0","243916","3","6","3","09","08","3","","0","0","1","0","0"
"POINT (13.331113408000022 52.506720781000070)","Unfall 243917 (2023) Kat:3, Licht: 0","243917","3","4","6","09","14","1","","0","0","1","1","0"
"POINT (13.595544866000068 52.441433831000040)","Unfall 243918 (2023) Kat:3, Licht: 0","243918","3","3","5","09","18","3","","0","1","1","0","0"
"POINT (13.430595618000041 52.497860331000027)","Unfall 243919 (2023) Kat:3, Licht: 0","243919","3","7","0","09","16","3","","0","0","1","0","1"
"POINT (13.426062764000051 52.420400927000060)","Unfall 243920 (2023) Kat:3, Licht: 0","243920","3","4","0","09","18","3","","0","0","0","1","1"
"POINT (13.448837874000048 52.564591649000079)","Unfall 243921 (2023) Kat:3, Licht: 0","243921","3","2","0","09","16","3","","0","1","1","0","0"
"POINT (13.377696861000061 52.507780253000078)","Unfall 243922 (2023) Kat:3, Licht: 0","243922","3","5","1","09","15","3","","0","1","1","0","0"
"POINT (13.361499616000060 52.412552353000081)","Unfall 243923 (2023) Kat:3, Licht: 0","243923","3","6","2","09","10","3","","0","0","1","0","0"
"POINT (13.442794767000066 52.500628564000067)","Unfall 243924 (2023) Kat:3, Licht: 0","243924","3","6","3","09","13","3","","0","0","1","0","1"
"POINT (13.195066624000049 52.551934038000070)","Unfall 243925 (2023) Kat:3, Licht: 0","243925","3","2","0","09","08","3","","0","1","1","0","0"
"POINT (13.299280479000060 52.528061688000037)","Unfall 243926 (2023) Kat:3, Licht: 0","243926","3","3","5","09","06","3","","0","0","1","0","1"
"POINT (13.335519482000052 52.485882782000033)","Unfall 243927 (2023) Kat:3, Licht: 0","243927","3","4","6","10","16","4","","0","0","1","1","0"
"POINT (13.487293153000053 52.465426498000056)","Unfall 243928 (2023) Kat:1, Licht: 0","243928","1","4","6","09","13","6","","0","0","0","1","1"
"POINT (13.320078763000026 52.505821319000063)","Unfall 243929 (2023) Kat:3, Licht: 0","243929","3","2","5","09","19","2","","0","1","1","0","0"
"POINT (13.209234982000055 52.565445280000063)","Unfall 243930 (2023) Kat:3, Licht: 0","243930","3","2","5","09","18","2","","0","1","1","0","0"
"POINT (13.395712345000049 52.561034790000065)","Unfall 243931 (2023) Kat:3, Licht: 0","243931","3","4","6","09","14","2","","0","0","1","1","0"
"POINT (13.262565716000040 52.451411492000034)","Unfall 243932 (2023) Kat:3, Licht: 0","243932","3","2","5","09","12","2","","0","1","1","0","0"
"POINT (13.562101743000028 52.566474077000066)","Unfall 243933 (2023) Kat:3, Licht: 0","243933","3","3","5","09","12","2","","0","0","1","0","0"
"POINT (13.285511819000021 52.481635041000061)","Unfall 243934 (2023) Kat:3, Licht: 0","243934","3","5","4","09","10","2","","0","0","1","0","1"
"POINT (13.313612222000074 52.515265906000081)","Unfall 243935 (2023) Kat:3, Licht: 0","243935","3","3","5","09","10","2","","0","0","1","0","0"
"POINT (13.409677209000051 52.522618110000053)","Unfall 243936 (2023) Kat:3, Licht: 0","243936","3","2","2","09","07","2","","0","1","0","0","0"
"POINT (13.386752035000029 52.559326386000066)","Unfall 243937 (2023) Kat:3, Licht: 0","243937","3","4","6","09","06","2","","0","0","0","1","1"
"POINT (13.560289599000043 52.560626240000033)","Unfall 243938 (2023) Kat:2, Licht: 0","243938","2","2","5","09","19","2","","0","1","1","0","0"
"POINT (13.469406076000041 52.530648543000041)","Unfall 243939 (2023) Kat:3, Licht: 0","243939","3","2","6","09","16","2","","0","0","1","1","0"
"POINT (13.419379001000038 52.394768099000032)","Unfall 243940 (2023) Kat:3, Licht: 0","243940","3","2","5","09","13","2","","0","1","1","0","0"
"POINT (13.185749130000033 52.424904608000077)","Unfall 243941 (2023) Kat:3, Licht: 0","243941","3","5","1","09","11","2","","0","1","1","0","0"
"POINT (13.418701547000069 52.480055027000049)","Unfall 243942 (2023) Kat:3, Licht: 0","243942","3","5","1","09","07","2","","0","0","1","0","0"
"POINT (13.507855436000057 52.564376915000082)","Unfall 243943 (2023) Kat:3, Licht: 0","243943","3","2","5","09","08","2","","0","1","1","0","0"
"POINT (13.579150580000032 52.460738436000042)","Unfall 243944 (2023) Kat:3, Licht: 1","243944","3","1","0","09","19","2","","1","1","1","0","0"
"POINT (13.399309780000067 52.493627876000062)","Unfall 243945 (2023) Kat:3, Licht: 0","243945","3","6","2","10","10","5","","0","0","1","0","0"
"POINT (13.498190965000049 52.433924141000034)","Unfall 243946 (2023) Kat:3, Licht: 0","243946","3","3","5","09","19","2","","0","1","1","0","0"
"POINT (13.285829768000042 52.594963651000057)","Unfall 243947 (2023) Kat:3, Licht: 0","243947","3","3","5","09","19","2","","0","0","1","0","1"
"POINT (13.450755073000039 52.527131640000050)","Unfall 243948 (2023) Kat:3, Licht: 0","243948","3","2","5","10","17","2","","0","1","1","0","0"
"POINT (13.464689267000040 52.470156737000082)","Unfall 243949 (2023) Kat:3, Licht: 2","243949","3","2","2","09","21","2","","2","0","1","0","1"
"POINT (13.376716465000072 52.489573926000048)","Unfall 243950 (2023) Kat:3, Licht: 0","243950","3","7","0","09","14","2","","0","1","0","0","0"
"POINT (13.328558656000041 52.565745615000026)","Unfall 243951 (2023) Kat:3, Licht: 0","243951","3","3","6","09","17","2","","0","0","0","1","0"
"POINT (13.294735806000062 52.629301013000031)","Unfall 243952 (2023) Kat:3, Licht: 0","243952","3","7","2","09","14","2","","0","0","1","0","0"
"POINT (13.389066368000044 52.553637989000038)","Unfall 243953 (2023) Kat:3, Licht: 0","243953","3","3","5","09","14","2","","0","1","1","0","0"
"POINT (13.499050881000073 52.517375223000045)","Unfall 243954 (2023) Kat:2, Licht: 0","243954","2","7","4","09","11","2","","0","0","1","0","0"
"POINT (13.513777250000032 52.551229352000064)","Unfall 243955 (2023) Kat:3, Licht: 0","243955","3","2","5","09","17","2","","0","1","0","0","0"
"POINT (13.316554698000061 52.514166583000076)","Unfall 243956 (2023) Kat:2, Licht: 0","243956","2","4","6","09","09","2","","0","0","1","1","0"
"POINT (13.427360250000049 52.474856421000027)","Unfall 243957 (2023) Kat:3, Licht: 0","243957","3","5","1","09","11","2","","0","1","1","0","0"
"POINT (13.197644195000066 52.523642847000076)","Unfall 243958 (2023) Kat:3, Licht: 0","243958","3","7","5","09","11","2","","0","1","1","0","0"
"POINT (13.544297275000076 52.410477378000053)","Unfall 243959 (2023) Kat:3, Licht: 0","243959","3","3","5","09","07","2","","0","0","1","0","0"
"POINT (13.248197364000077 52.524357299000030)","Unfall 243960 (2023) Kat:3, Licht: 0","243960","3","3","5","09","08","1","","0","0","1","0","0"
"POINT (13.435669815000040 52.466875235000032)","Unfall 243961 (2023) Kat:2, Licht: 0","243961","2","2","5","09","17","2","","0","1","1","0","0"
"POINT (13.321017969000025 52.448314952000032)","Unfall 243962 (2023) Kat:3, Licht: 0","243962","3","3","5","09","16","2","","0","1","1","0","0"
"POINT (13.357034525000074 52.545177902000034)","Unfall 243963 (2023) Kat:2, Licht: 0","243963","2","2","5","09","14","2","","0","0","1","0","1"
"POINT (13.322688062000054 52.474000875000058)","Unfall 243964 (2023) Kat:3, Licht: 0","243964","3","5","1","09","12","2","","0","1","1","0","0"
"POINT (13.427496603000066 52.442319850000047)","Unfall 243965 (2023) Kat:3, Licht: 1","243965","3","6","4","09","20","2","","1","0","0","0","0"
"POINT (13.295642054000041 52.610720269000069)","Unfall 243966 (2023) Kat:2, Licht: 0","243966","2","6","2","09","13","2","","0","1","0","0","0"
"POINT (13.380291917000022 52.518905893000067)","Unfall 243967 (2023) Kat:3, Licht: 0","243967","3","2","5","09","11","2","","0","1","1","0","0"
"POINT (13.382203571000048 52.457153822000066)","Unfall 243968 (2023) Kat:3, Licht: 1","243968","3","7","6","09","16","1","","1","1","0","1","0"
"POINT (13.325734776000047 52.496701095000049)","Unfall 243969 (2023) Kat:3, Licht: 0","243969","3","3","5","09","15","1","","0","1","0","0","0"
"POINT (13.406573736000041 52.539745207000067)","Unfall 243970 (2023) Kat:3, Licht: 0","243970","3","4","6","09","10","1","","0","1","0","1","0"
"POINT (13.576054976000023 52.446761894000076)","Unfall 243971 (2023) Kat:3, Licht: 0","243971","3","5","0","09","18","1","","0","0","1","0","0"
"POINT (13.457878899000036 52.509530772000062)","Unfall 243972 (2023) Kat:3, Licht: 0","243972","3","6","2","09","11","1","","0","0","1","0","0"
"POINT (13.280624301000046 52.477287539000031)","Unfall 243973 (2023) Kat:3, Licht: 0","243973","3","6","3","09","16","7","","0","0","1","0","0"
"POINT (13.452823060000071 52.608681449000073)","Unfall 243974 (2023) Kat:3, Licht: 0","243974","3","2","5","09","13","2","","0","1","0","0","0"
"POINT (13.326122444000077 52.538305705000028)","Unfall 243975 (2023) Kat:3, Licht: 0","243975","3","2","2","09","18","1","","0","0","1","0","0"
"POINT (13.137589978000051 52.528528410000035)","Unfall 243976 (2023) Kat:3, Licht: 0","243976","3","7","5","09","13","1","","0","0","1","0","1"
"POINT (13.323290089000068 52.586772654000072)","Unfall 243977 (2023) Kat:2, Licht: 2","243977","2","7","0","09","04","1","","2","0","1","0","0"
"POINT (13.331082024000068 52.495364631000029)","Unfall 243978 (2023) Kat:3, Licht: 0","243978","3","3","5","09","19","1","","0","0","1","0","0"
"POINT (13.282766785000035 52.533865491000029)","Unfall 243979 (2023) Kat:3, Licht: 1","243979","3","6","2","09","18","1","","1","0","1","0","1"
"POINT (13.287778723000031 52.575581283000076)","Unfall 243980 (2023) Kat:2, Licht: 0","243980","2","6","1","09","18","1","","0","0","1","0","1"
"POINT (13.417649939000057 52.524534949000042)","Unfall 243981 (2023) Kat:3, Licht: 0","243981","3","4","6","09","15","1","","0","1","0","1","0"
"POINT (13.232205235000038 52.437495631000047)","Unfall 243982 (2023) Kat:3, Licht: 0","243982","3","6","2","09","14","1","","0","0","1","0","1"
"POINT (13.412427815000058 52.491966515000058)","Unfall 243983 (2023) Kat:3, Licht: 2","243983","3","7","0","10","20","2","","2","0","1","0","0"
"POINT (13.528130767000050 52.556911807000063)","Unfall 243984 (2023) Kat:3, Licht: 2","243984","3","2","5","09","23","1","","2","0","1","0","0"
"POINT (13.533993701000043 52.440464037000027)","Unfall 243985 (2023) Kat:3, Licht: 2","243985","3","5","1","10","20","4","","2","0","1","0","0"
"POINT (13.274456547000057 52.507998064000049)","Unfall 243986 (2023) Kat:3, Licht: 0","243986","3","3","5","09","17","1","","0","1","1","0","0"
"POINT (13.580574416000047 52.413045521000072)","Unfall 243987 (2023) Kat:3, Licht: 0","243987","3","1","0","09","17","1","","0","1","0","0","0"
"POINT (13.538151784000036 52.459492030000035)","Unfall 243988 (2023) Kat:3, Licht: 0","243988","3","6","2","09","14","1","","0","0","1","0","1"
"POINT (13.128645174000042 52.528771230000075)","Unfall 243989 (2023) Kat:2, Licht: 0","243989","2","3","5","09","13","1","","0","0","1","0","0"
"POINT (13.398677144000033 52.414013125000054)","Unfall 243990 (2023) Kat:2, Licht: 2","243990","2","1","0","09","03","1","","2","0","0","0","0"
"POINT (13.305987567000045 52.494688815000075)","Unfall 243991 (2023) Kat:3, Licht: 0","243991","3","5","1","09","10","7","","0","1","1","0","0"
"POINT (13.428520788000071 52.511155942000073)","Unfall 243992 (2023) Kat:3, Licht: 2","243992","3","6","4","09","23","7","","2","1","0","0","0"
"POINT (13.299214462000066 52.412249354000039)","Unfall 243993 (2023) Kat:3, Licht: 0","243993","3","6","2","10","12","7","","0","0","1","0","0"
"POINT (13.544529270000055 52.457540646000041)","Unfall 243994 (2023) Kat:3, Licht: 2","243994","3","5","1","09","01","7","","2","1","1","0","0"
"POINT (13.376872414000047 52.508747861000074)","Unfall 243995 (2023) Kat:3, Licht: 0","243995","3","6","3","09","17","7","","0","1","0","0","0"
"POINT (13.539196085000071 52.489082935000056)","Unfall 243996 (2023) Kat:3, Licht: 0","243996","3","4","6","09","15","7","","0","0","1","1","0"
"POINT (13.414303265000058 52.547583407000047)","Unfall 243997 (2023) Kat:3, Licht: 0","243997","3","3","5","09","06","7","","0","1","1","0","0"
"POINT (13.322283483000035 52.511673947000077)","Unfall 243998 (2023) Kat:3, Licht: 2","243998","3","6","2","10","19","1","","2","0","1","0","0"
"POINT (13.556915649000075 52.557061513000065)","Unfall 243999 (2023) Kat:2, Licht: 2","243999","2","3","5","09","21","7","","2","0","1","0","1"
"POINT (13.197676405000038 52.435044987000026)","Unfall 244000 (2023) Kat:3, Licht: 0","244000","3","1","0","09","18","7","","0","1","0","0","0"
"POINT (13.430065369000033 52.523290001000078)","Unfall 244001 (2023) Kat:3, Licht: 0","244001","3","2","5","09","17","7","","0","1","1","0","0"
"POINT (13.381182292000062 52.513785691000066)","Unfall 244002 (2023) Kat:3, Licht: 2","244002","3","6","4","09","00","6","","2","0","1","0","1"
"POINT (13.315634327000055 52.515278639000030)","Unfall 244003 (2023) Kat:3, Licht: 0","244003","3","6","0","09","16","3","","0","0","0","0","0"
"POINT (13.550671818000069 52.429182158000060)","Unfall 244004 (2023) Kat:3, Licht: 0","244004","3","2","5","09","16","7","","0","1","1","0","0"
"POINT (13.312245899000061 52.567920550000053)","Unfall 244005 (2023) Kat:3, Licht: 2","244005","3","6","2","09","22","7","","2","0","1","0","1"
"POINT (13.352838842000040 52.433833164000077)","Unfall 244006 (2023) Kat:3, Licht: 0","244006","3","3","5","09","14","7","","0","0","1","0","1"
"POINT (13.200183492000065 52.441338324000071)","Unfall 244007 (2023) Kat:3, Licht: 0","244007","3","4","3","09","14","7","","0","1","0","1","0"
"POINT (13.405701414000077 52.514092677000065)","Unfall 244008 (2023) Kat:3, Licht: 0","244008","3","2","5","09","12","7","","0","1","1","0","0"
"POINT (13.454897973000072 52.507859208000070)","Unfall 244009 (2023) Kat:3, Licht: 2","244009","3","7","0","09","03","7","","2","0","0","0","0"
"POINT (13.386220904000027 52.490076341000076)","Unfall 244010 (2023) Kat:3, Licht: 0","244010","3","3","2","09","15","7","","0","1","1","0","0"
"POINT (13.526588629000059 52.424592558000029)","Unfall 244011 (2023) Kat:3, Licht: 0","244011","3","3","5","09","07","3","","0","1","1","0","0"
"POINT (13.281320883000035 52.513052786000060)","Unfall 244012 (2023) Kat:3, Licht: 0","244012","3","6","2","09","11","7","","0","0","1","0","0"
"POINT (13.525979511000060 52.484021393000035)","Unfall 244013 (2023) Kat:2, Licht: 0","244013","2","4","6","09","08","7","","0","0","1","1","0"
"POINT (13.513609910000071 52.575322009000047)","Unfall 244014 (2023) Kat:2, Licht: 0","244014","2","1","0","09","18","7","","0","0","0","0","0"
"POINT (13.472458699000072 52.454318506000050)","Unfall 244015 (2023) Kat:3, Licht: 0","244015","3","2","5","09","15","7","","0","0","1","0","1"
"POINT (13.359060963000047 52.546553601000028)","Unfall 244016 (2023) Kat:3, Licht: 0","244016","3","2","6","09","14","7","","0","0","1","1","0"
"POINT (13.498026543000037 52.416324663000069)","Unfall 244017 (2023) Kat:3, Licht: 0","244017","3","6","2","09","15","6","","0","0","1","0","0"
"POINT (13.406365945000061 52.502595954000071)","Unfall 244018 (2023) Kat:3, Licht: 0","244018","3","3","5","09","09","7","","0","0","1","0","0"
"POINT (13.337639207000052 52.505087623000065)","Unfall 244019 (2023) Kat:3, Licht: 0","244019","3","2","5","09","16","6","","0","0","1","0","0"
"POINT (13.312679919000061 52.499255334000054)","Unfall 244020 (2023) Kat:3, Licht: 0","244020","3","2","0","09","14","6","","0","1","0","0","0"
"POINT (13.452697794000073 52.551874410000039)","Unfall 244021 (2023) Kat:3, Licht: 0","244021","3","3","5","09","12","6","","0","1","1","0","0"
"POINT (13.441208461000031 52.459473049000053)","Unfall 244022 (2023) Kat:3, Licht: 0","244022","3","3","5","09","14","6","","0","1","1","0","0"
"POINT (13.401413969000032 52.386206130000062)","Unfall 244023 (2023) Kat:3, Licht: 0","244023","3","7","0","09","13","6","","0","1","1","0","0"
"POINT (13.199770383000043 52.534782291000056)","Unfall 244024 (2023) Kat:3, Licht: 0","244024","3","2","5","09","13","6","","0","0","1","0","0"
"POINT (13.512279450000051 52.470725021000078)","Unfall 244025 (2023) Kat:3, Licht: 0","244025","3","2","5","09","12","6","","0","0","1","0","1"
"POINT (13.322249001000046 52.473623739000061)","Unfall 244026 (2023) Kat:3, Licht: 0","244026","3","2","2","09","13","6","","0","1","1","0","0"
"POINT (13.327499541000066 52.422624075000044)","Unfall 244027 (2023) Kat:3, Licht: 0","244027","3","3","5","09","08","2","","0","0","1","0","0"
"POINT (13.454761518000055 52.434764595000047)","Unfall 244028 (2023) Kat:3, Licht: 0","244028","3","3","5","09","08","6","","0","0","1","0","0"
"POINT (13.491733999000076 52.534198830000037)","Unfall 244029 (2023) Kat:3, Licht: 0","244029","3","2","5","10","14","2","","0","0","1","0","0"
"POINT (13.457837535000067 52.512828615000046)","Unfall 244030 (2023) Kat:3, Licht: 0","244030","3","3","5","09","07","6","","0","1","1","0","0"
"POINT (13.483593706000022 52.431289129000049)","Unfall 244031 (2023) Kat:3, Licht: 0","244031","3","3","5","09","07","6","","0","0","1","0","0"
"POINT (13.130520338000053 52.468352911000068)","Unfall 244032 (2023) Kat:3, Licht: 0","244032","3","6","6","09","07","6","","0","0","1","1","0"
"POINT (13.575369384000055 52.489062319000027)","Unfall 244033 (2023) Kat:3, Licht: 0","244033","3","2","5","09","17","5","","0","1","1","0","0"
"POINT (13.441848692000065 52.500789333000057)","Unfall 244034 (2023) Kat:3, Licht: 2","244034","3","6","3","09","20","6","","2","0","1","0","0"
"POINT (13.441317867000066 52.543416100000059)","Unfall 244035 (2023) Kat:3, Licht: 0","244035","3","2","2","09","14","6","","0","0","1","0","1"
"POINT (13.365618734000066 52.503107096000065)","Unfall 244036 (2023) Kat:3, Licht: 0","244036","3","2","0","09","13","6","","0","0","1","0","0"
"POINT (13.445604530000026 52.565056334000076)","Unfall 244037 (2023) Kat:3, Licht: 0","244037","3","2","0","09","09","6","","0","0","1","0","0"
"POINT (13.524589803000026 52.478957686000058)","Unfall 244038 (2023) Kat:3, Licht: 0","244038","3","6","0","09","09","6","","0","0","0","0","0"
"POINT (13.422317110000051 52.511395631000028)","Unfall 244039 (2023) Kat:2, Licht: 0","244039","2","1","8","09","15","7","","0","0","1","0","0"