WKT,Name,OBJECTID,UKATEGORIE,UTYP1,UART,UMONAT,USTUNDE,UWOCHENTAG,STRZUSTAND,ULICHTVERH,ISTRAD,ISTPKW,ISTFUSS,ISTKRAD
"POINT (13.210005912000042 52.548309685000049)","Unfall 244040 (2023) Kat:2, Licht: 0","244040","2","7","0","09","18","6","","0","1","0","0","0"
"POINT (13.507094025000072 52.448563228000069)","Unfall 244041 (2023) Kat:3, Licht: 0","244041","3","5","1","09","20","6","","0","1","1","0","0"
"POINT (13.201717748000021 52.544589555000073)","Unfall 244042 (2023) Kat:3, Licht: 0","244042","3","4","6","09","18","6","","0","0","1","1","0"
"POINT (13.302355671000043 52.518857024000056)","Unfall 244043 (2023) Kat:3, Licht: 0","244043","3","3","5","09","15","6","","0","0","1","0","1"
"POINT (13.329064058000029 52.562384065000060)","Unfall 244044 (2023) Kat:3, Licht: 0","244044","3","6","2","09","15","6","","0","0","1","0","0"
"POINT (13.478552539000077 52.471607813000048)","Unfall 244045 (2023) Kat:2, Licht: 0","244045","2","3","0","09","14","6","","0","0","1","0","1"
"POINT (13.433783415000050 52.608496385000080)","Unfall 244046 (2023) Kat:3, Licht: 0","244046","3","6","2","09","12","6","","0","0","1","0","0"
"POINT (13.368373325000050 52.574371906000067)","Unfall 244047 (2023) Kat:3, Licht: 0","244047","3","3","5","09","12","6","","0","0","1","0","1"
"POINT (13.277975682000033 52.518352803000028)","Unfall 244048 (2023) Kat:2, Licht: 0","244048","2","2","5","09","11","6","","0","0","1","0","1"
"POINT (13.380210877000025 52.574971401000028)","Unfall 244049 (2023) Kat:3, Licht: 0","244049","3","2","5","09","08","6","","0","0","1","0","0"
"POINT (13.358765718000029 52.546534844000064)","Unfall 244050 (2023) Kat:3, Licht: 0","244050","3","6","3","09","12","6","","0","0","1","0","0"
"POINT (13.410587460000045 52.397835440000051)","Unfall 244051 (2023) Kat:3, Licht: 2","244051","3","5","1","09","21","6","","2","1","1","0","0"
"POINT (13.366030263000027 52.493733254000063)","Unfall 244052 (2023) Kat:3, Licht: 2","244052","3","3","0","09","20","6","","2","0","0","0","0"
"POINT (13.342671018000033 52.434389753000062)","Unfall 244053 (2023) Kat:3, Licht: 0","244053","3","2","6","09","15","5","","0","0","1","1","0"
"POINT (13.450354991000040 52.536384808000037)","Unfall 244054 (2023) Kat:2, Licht: 0","244054","2","3","5","09","17","6","","0","0","1","0","1"
"POINT (13.263705826000034 52.422267206000072)","Unfall 244055 (2023) Kat:2, Licht: 0","244055","2","7","0","09","13","6","","0","0","0","0","1"
"POINT (13.327860130000033 52.563887972000032)","Unfall 244056 (2023) Kat:3, Licht: 2","244056","3","1","0","09","05","6","","2","1","0","0","0"
"POINT (13.327513919000069 52.608897884000044)","Unfall 244057 (2023) Kat:3, Licht: 1","244057","3","2","6","09","20","6","","1","0","1","1","0"
"POINT (13.346544598000037 52.449868410000079)","Unfall 244058 (2023) Kat:3, Licht: 2","244058","3","2","6","09","20","6","","2","0","1","1","0"
"POINT (13.226682613000037 52.439731860000052)","Unfall 244059 (2023) Kat:3, Licht: 0","244059","3","3","5","09","07","3","","0","1","1","0","0"
"POINT (13.334861342000067 52.587511741000071)","Unfall 244060 (2023) Kat:2, Licht: 0","244060","2","3","5","09","15","6","","0","0","0","0","1"
"POINT (13.366541092000034 52.558090608000043)","Unfall 244061 (2023) Kat:3, Licht: 0","244061","3","2","2","09","13","6","","0","0","1","0","1"
"POINT (13.517502130000025 52.461659848000068)","Unfall 244062 (2023) Kat:3, Licht: 0","244062","3","6","3","08","08","5","","0","1","1","0","0"
"POINT (13.339568895000070 52.525761823000039)","Unfall 244063 (2023) Kat:2, Licht: 0","244063","2","6","2","08","12","5","","0","0","1","0","1"
"POINT (13.180362514000024 52.558740396000076)","Unfall 244064 (2023) Kat:3, Licht: 0","244064","3","6","2","09","14","5","","0","0","1","0","1"
"POINT (13.316976884000042 52.516952597000056)","Unfall 244065 (2023) Kat:3, Licht: 0","244065","3","4","6","08","11","5","","0","1","0","1","0"
"POINT (13.501954437000052 52.460956767000027)","Unfall 244066 (2023) Kat:3, Licht: 0","244066","3","3","5","08","19","5","","0","1","1","0","0"
"POINT (13.289649819000033 52.470201373000066)","Unfall 244067 (2023) Kat:3, Licht: 2","244067","3","3","5","08","23","5","","2","0","1","0","0"
"POINT (13.365940783000042 52.525308329000040)","Unfall 244068 (2023) Kat:3, Licht: 0","244068","3","6","2","08","17","5","","0","0","1","0","1"
"POINT (13.425930955000069 52.478119679000031)","Unfall 244069 (2023) Kat:3, Licht: 0","244069","3","6","2","08","13","5","","0","0","1","0","0"
"POINT (13.207267364000074 52.538578174000065)","Unfall 244070 (2023) Kat:3, Licht: 0","244070","3","7","2","08","09","5","","0","0","1","0","0"
"POINT (13.441687386000069 52.469504593000067)","Unfall 244071 (2023) Kat:3, Licht: 0","244071","3","5","1","08","07","5","","0","1","0","0","0"
"POINT (13.507690836000052 52.450365017000081)","Unfall 244072 (2023) Kat:3, Licht: 2","244072","3","3","5","08","20","5","","2","1","1","0","0"
"POINT (13.435561828000061 52.499847094000074)","Unfall 244073 (2023) Kat:3, Licht: 0","244073","3","4","6","09","15","3","","0","0","1","1","0"
"POINT (13.406612186000075 52.498379848000070)","Unfall 244074 (2023) Kat:2, Licht: 2","244074","2","2","5","08","20","5","","2","0","1","0","0"
"POINT (13.334290494000072 52.498503267000046)","Unfall 244075 (2023) Kat:3, Licht: 0","244075","3","3","5","09","07","5","","0","0","1","0","0"
"POINT (13.322680150000053 52.514897769000072)","Unfall 244076 (2023) Kat:3, Licht: 0","244076","3","6","3","08","17","5","","0","1","0","0","0"
"POINT (13.394400325000049 52.484767256000055)","Unfall 244077 (2023) Kat:3, Licht: 0","244077","3","3","5","08","17","5","","0","0","1","0","1"
"POINT (13.380278191000059 52.518964778000054)","Unfall 244078 (2023) Kat:3, Licht: 0","244078","3","2","6","08","13","5","","0","0","1","1","0"
"POINT (13.359384461000047 52.503481209000029)","Unfall 244079 (2023) Kat:3, Licht: 0","244079","3","7","6","08","12","5","","0","0","1","1","0"
"POINT (13.274130171000024 52.508156479000036)","Unfall 244080 (2023) Kat:3, Licht: 0","244080","3","6","0","08","09","5","","0","0","1","0","0"
"POINT (13.463667337000061 52.454231964000030)","Unfall 244081 (2023) Kat:2, Licht: 0","244081","2","1","0","10","16","5","","0","0","0","0","1"
"POINT (13.383606825000072 52.554819791000057)","Unfall 244082 (2023) Kat:3, Licht: 1","244082","3","4","6","08","20","5","","1","0","1","1","0"
"POINT (13.424818199000072 52.482191007000040)","Unfall 244083 (2023) Kat:3, Licht: 0","244083","3","2","5","08","08","5","","0","0","1","0","0"
"POINT (13.355118286000049 52.428172944000039)","Unfall 244084 (2023) Kat:3, Licht: 0","244084","3","6","2","08","16","5","","0","0","1","0","0"
"POINT (13.617403535000051 52.483914377000076)","Unfall 244085 (2023) Kat:3, Licht: 0","244085","3","3","5","08","16","5","","0","0","1","0","1"
"POINT (13.328561247000039 52.565752948000068)","Unfall 244086 (2023) Kat:2, Licht: 0","244086","2","6","3","08","15","5","","0","0","1","0","0"
"POINT (13.574039216000074 52.487549890000082)","Unfall 244087 (2023) Kat:3, Licht: 0","244087","3","5","4","08","12","5","","0","0","1","0","0"
"POINT (13.427381156000024 52.552503788000081)","Unfall 244088 (2023) Kat:3, Licht: 0","244088","3","3","5","08","08","5","","0","1","1","0","0"
"POINT (13.353728894000028 52.617754873000081)","Unfall 244089 (2023) Kat:3, Licht: 0","244089","3","4","6","08","16","5","","0","0","1","1","0"
"POINT (13.398141574000022 52.565812807000043)","Unfall 244090 (2023) Kat:3, Licht: 0","244090","3","6","2","08","18","5","","0","0","1","0","0"
"POINT (13.361819158000060 52.497740291000071)","Unfall 244091 (2023) Kat:3, Licht: 2","244091","3","3","5","08","19","5","","2","1","1","0","0"
"POINT (13.298577622000039 52.508446130000038)","Unfall 244092 (2023) Kat:3, Licht: 0","244092","3","7","5","08","18","5","","0","1","1","0","0"
"POINT (13.331129578000059 52.419992648000061)","Unfall 244093 (2023) Kat:3, Licht: 0","244093","3","3","5","08","15","5","","0","0","1","0","0"
"POINT (13.390150494000068 52.434364378000055)","Unfall 244094 (2023) Kat:3, Licht: 0","244094","3","6","3","08","14","5","","0","1","1","0","0"
"POINT (13.226783949000037 52.439692717000071)","Unfall 244095 (2023) Kat:2, Licht: 0","244095","2","2","5","08","09","5","","0","1","1","0","0"
"POINT (13.169086839000045 52.526801307000028)","Unfall 244096 (2023) Kat:1, Licht: 2","244096","1","1","1","10","22","2","","2","0","1","0","0"
"POINT (13.459983118000025 52.431901022000034)","Unfall 244097 (2023) Kat:3, Licht: 2","244097","3","2","5","08","20","5","","2","0","1","0","0"
"POINT (13.330419707000033 52.562463077000075)","Unfall 244098 (2023) Kat:3, Licht: 0","244098","3","3","5","08","08","5","","0","1","1","0","0"
"POINT (13.472082180000029 52.476144499000043)","Unfall 244099 (2023) Kat:3, Licht: 0","244099","3","6","2","08","16","5","","0","0","1","0","0"
"POINT (13.453580360000046 52.514131711000061)","Unfall 244100 (2023) Kat:3, Licht: 0","244100","3","2","5","08","16","5","","0","1","1","0","0"
"POINT (13.387017162000063 52.527141651000079)","Unfall 244101 (2023) Kat:3, Licht: 0","244101","3","2","5","08","07","5","","0","0","1","0","0"
"POINT (13.356662061000065 52.478424379000046)","Unfall 244102 (2023) Kat:3, Licht: 0","244102","3","3","5","09","14","4","","0","1","1","0","0"
"POINT (13.480101133000062 52.499250146000065)","Unfall 244103 (2023) Kat:3, Licht: 0","244103","3","1","0","08","07","5","","0","0","1","0","1"
"POINT (13.465172969000037 52.470449409000082)","Unfall 244104 (2023) Kat:3, Licht: 0","244104","3","7","6","08","16","4","","0","1","0","1","0"
"POINT (13.433864468000024 52.523258865000059)","Unfall 244105 (2023) Kat:3, Licht: 0","244105","3","7","5","08","09","4","","0","0","1","0","0"
"POINT (13.472118362000060 52.512194899000065)","Unfall 244106 (2023) Kat:3, Licht: 0","244106","3","1","0","08","07","4","","0","1","1","0","0"
"POINT (13.191746365000029 52.433661991000065)","Unfall 244107 (2023) Kat:3, Licht: 0","244107","3","2","5","08","16","4","","0","1","0","0","0"
"POINT (13.421053405000066 52.509799939000061)","Unfall 244108 (2023) Kat:3, Licht: 0","244108","3","2","5","08","11","4","","0","1","1","0","0"
"POINT (13.329179194000062 52.465546051000047)","Unfall 244109 (2023) Kat:3, Licht: 0","244109","3","6","2","08","18","4","","0","1","1","0","0"
"POINT (13.214539099000035 52.439477426000053)","Unfall 244110 (2023) Kat:3, Licht: 0","244110","3","7","8","08","17","4","","0","0","1","0","0"
"POINT (13.286883804000070 52.586146120000080)","Unfall 244111 (2023) Kat:3, Licht: 2","244111","3","2","5","08","21","4","","2","1","1","0","0"
"POINT (13.505974168000023 52.534735518000048)","Unfall 244112 (2023) Kat:3, Licht: 0","244112","3","6","2","08","18","4","","0","0","1","0","0"
"POINT (13.154371248000075 52.532901669000069)","Unfall 244113 (2023) Kat:3, Licht: 0","244113","3","7","0","08","15","4","","0","0","0","0","1"
"POINT (13.396555102000036 52.488910436000026)","Unfall 244114 (2023) Kat:3, Licht: 0","244114","3","2","0","08","13","4","","0","1","0","0","0"
"POINT (13.493911144000037 52.418998263000049)","Unfall 244115 (2023) Kat:3, Licht: 0","244115","3","6","2","08","16","4","","0","0","1","0","0"
"POINT (13.396264644000041 52.452935501000070)","Unfall 244116 (2023) Kat:3, Licht: 0","244116","3","2","6","08","10","4","","0","0","0","1","0"
"POINT (13.247743632000038 52.538155809000045)","Unfall 244117 (2023) Kat:2, Licht: 0","244117","2","1","0","08","09","4","","0","0","0","0","1"
"POINT (13.275955458000055 52.518692711000028)","Unfall 244118 (2023) Kat:2, Licht: 0","244118","2","3","5","09","18","3","","0","0","1","0","1"
"POINT (13.318842052000036 52.519175335000057)","Unfall 244119 (2023) Kat:3, Licht: 0","244119","3","2","5","08","07","4","","0","1","1","0","0"
"POINT (13.331122468000046 52.484933515000080)","Unfall 244120 (2023) Kat:3, Licht: 0","244120","3","6","3","08","17","4","","0","0","1","0","0"
"POINT (13.298907349000046 52.439245715000027)","Unfall 244121 (2023) Kat:3, Licht: 2","244121","3","5","1","08","20","4","","2","1","1","0","0"
"POINT (13.438592684000071 52.452646814000047)","Unfall 244122 (2023) Kat:3, Licht: 2","244122","3","2","5","08","20","4","","2","0","1","0","1"
"POINT (13.321566653000048 52.500022329000046)","Unfall 244123 (2023) Kat:3, Licht: 1","244123","3","6","2","08","19","4","","1","0","1","0","1"
"POINT (13.359726631000058 52.488563608000049)","Unfall 244124 (2023) Kat:3, Licht: 0","244124","3","7","6","10","16","4","","0","0","1","1","0"
"POINT (13.500817633000054 52.441631684000072)","Unfall 244125 (2023) Kat:3, Licht: 0","244125","3","5","1","08","18","4","","0","0","1","0","0"
"POINT (13.299549144000025 52.421392240000046)","Unfall 244126 (2023) Kat:3, Licht: 0","244126","3","3","5","08","16","4","","0","1","1","0","0"
"POINT (13.350571637000030 52.596386759000040)","Unfall 244127 (2023) Kat:3, Licht: 0","244127","3","7","0","08","16","4","","0","0","1","0","1"
"POINT (13.300017825000054 52.521322376000057)","Unfall 244128 (2023) Kat:3, Licht: 0","244128","3","7","2","08","16","4","","0","0","1","0","1"
"POINT (13.260004982000055 52.428320745000065)","Unfall 244129 (2023) Kat:3, Licht: 0","244129","3","6","2","08","15","4","","0","0","1","0","0"
"POINT (13.405397643000072 52.517630911000026)","Unfall 244130 (2023) Kat:2, Licht: 0","244130","2","2","5","08","15","4","","0","1","1","0","0"
"POINT (13.384570649000068 52.556207282000059)","Unfall 244131 (2023) Kat:2, Licht: 0","244131","2","7","0","08","13","4","","0","0","1","0","0"
"POINT (13.428764691000026 52.581763691000049)","Unfall 244132 (2023) Kat:2, Licht: 0","244132","2","3","5","08","13","4","","0","1","0","0","1"
"POINT (13.395664249000049 52.499214562000077)","Unfall 244133 (2023) Kat:3, Licht: 0","244133","3","6","3","08","12","4","","0","0","1","0","1"
"POINT (13.257272966000073 52.519025320000026)","Unfall 244134 (2023) Kat:3, Licht: 0","244134","3","6","2","08","11","4","","0","0","1","0","0"
"POINT (13.354804012000045 52.428994983000052)","Unfall 244135 (2023) Kat:3, Licht: 0","244135","3","6","2","08","10","4","","0","0","1","0","0"
"POINT (13.347578709000061 52.596303276000071)","Unfall 244136 (2023) Kat:3, Licht: 0","244136","3","2","5","08","10","4","","0","0","1","0","0"
"POINT (13.316015037000057 52.440490983000075)","Unfall 244137 (2023) Kat:3, Licht: 0","244137","3","2","5","08","16","4","","0","1","1","0","0"
"POINT (13.370831920000057 52.491674903000046)","Unfall 244138 (2023) Kat:3, Licht: 0","244138","3","2","5","08","08","4","","0","1","1","0","0"
"POINT (13.572193685000059 52.543115239000031)","Unfall 244139 (2023) Kat:3, Licht: 0","244139","3","3","5","08","15","4","","0","1","1","0","0"
"POINT (13.424994396000045 52.481051498000056)","Unfall 244140 (2023) Kat:3, Licht: 0","244140","3","1","0","08","13","4","","0","1","0","0","0"
"POINT (13.355959422000069 52.486090597000043)","Unfall 244141 (2023) Kat:3, Licht: 0","244141","3","2","2","08","10","4","","0","1","1","0","0"
"POINT (13.484738731000050 52.494081036000068)","Unfall 244142 (2023) Kat:3, Licht: 0","244142","3","3","5","08","13","3","","0","1","0","0","0"
"POINT (13.302242694000029 52.507827342000041)","Unfall 244143 (2023) Kat:3, Licht: 1","244143","3","4","6","08","19","3","","1","0","1","1","0"
"POINT (13.299126167000054 52.412215700000047)","Unfall 244144 (2023) Kat:3, Licht: 0","244144","3","2","2","08","18","3","","0","0","1","0","0"
"POINT (13.315472480000039 52.621446954000078)","Unfall 244145 (2023) Kat:2, Licht: 0","244145","2","3","5","08","16","3","","0","1","1","0","0"
"POINT (13.584878206000042 52.438922962000049)","Unfall 244146 (2023) Kat:3, Licht: 0","244146","3","3","5","09","07","5","","0","1","1","0","0"
"POINT (13.397254457000031 52.500607336000030)","Unfall 244147 (2023) Kat:3, Licht: 0","244147","3","4","6","08","14","3","","0","0","1","1","0"
"POINT (13.126197275000038 52.468101905000026)","Unfall 244148 (2023) Kat:3, Licht: 0","244148","3","7","2","08","12","3","","0","0","1","0","0"
"POINT (13.479716145000054 52.523358372000075)","Unfall 244149 (2023) Kat:3, Licht: 0","244149","3","6","0","08","11","3","","0","0","1","1","0"
"POINT (13.332723304000069 52.429808016000038)","Unfall 244150 (2023) Kat:3, Licht: 0","244150","3","7","0","08","11","3","","0","0","1","0","0"
"POINT (13.461073183000053 52.559356803000071)","Unfall 244151 (2023) Kat:3, Licht: 0","244151","3","4","6","08","08","3","","0","0","1","1","0"
"POINT (13.435130913000023 52.593970960000036)","Unfall 244152 (2023) Kat:3, Licht: 0","244152","3","2","5","08","08","3","","0","0","1","0","0"
"POINT (13.430609901000025 52.486043859000063)","Unfall 244153 (2023) Kat:3, Licht: 0","244153","3","6","2","09","15","5","","0","0","1","0","0"
"POINT (13.481954099000063 52.524544262000063)","Unfall 244154 (2023) Kat:3, Licht: 0","244154","3","3","5","09","15","6","","0","1","0","0","0"
"POINT (13.457891315000040 52.504650324000067)","Unfall 244155 (2023) Kat:3, Licht: 0","244155","3","1","0","08","19","3","","0","0","0","0","1"
"POINT (13.228724049000050 52.575653250000073)","Unfall 244156 (2023) Kat:2, Licht: 0","244156","2","1","8","08","17","3","","0","0","1","0","0"
"POINT (13.208028566000053 52.538225985000054)","Unfall 244157 (2023) Kat:3, Licht: 0","244157","3","5","0","08","14","3","","0","1","1","0","0"
"POINT (13.590257093000048 52.529455199000040)","Unfall 244158 (2023) Kat:2, Licht: 0","244158","2","1","8","08","13","3","","0","0","1","0","0"
"POINT (13.440838580000047 52.478431228000034)","Unfall 244159 (2023) Kat:3, Licht: 0","244159","3","5","1","08","08","3","","0","1","1","0","0"
"POINT (13.577790169000025 52.497677291000059)","Unfall 244160 (2023) Kat:3, Licht: 0","244160","3","3","0","08","07","3","","0","0","1","0","1"
"POINT (13.316234588000043 52.469929448000073)","Unfall 244161 (2023) Kat:3, Licht: 0","244161","3","2","5","08","13","3","","0","0","1","0","0"
"POINT (13.289994125000021 52.482273607000081)","Unfall 244162 (2023) Kat:3, Licht: 0","244162","3","6","2","08","09","3","","0","0","1","0","0"
"POINT (13.339672473000064 52.450883681000050)","Unfall 244163 (2023) Kat:3, Licht: 0","244163","3","7","5","09","15","2","","0","0","1","0","1"
"POINT (13.345103448000032 52.494341331000044)","Unfall 244164 (2023) Kat:3, Licht: 0","244164","3","1","4","08","08","3","","0","0","1","0","0"
"POINT (13.311049025000045 52.477089699000032)","Unfall 244165 (2023) Kat:3, Licht: 2","244165","3","5","1","08","20","3","","2","0","1","0","0"
"POINT (13.335658551000051 52.541997336000065)","Unfall 244166 (2023) Kat:3, Licht: 2","244166","3","2","5","09","22","2","","2","0","1","0","0"
"POINT (13.472577377000050 52.512151873000050)","Unfall 244167 (2023) Kat:3, Licht: 0","244167","3","1","1","08","17","3","","0","0","1","0","0"
"POINT (13.494695829000023 52.503962974000046)","Unfall 244168 (2023) Kat:3, Licht: 0","244168","3","3","5","08","15","3","","0","1","1","0","0"
"POINT (13.652278753000076 52.375260879000052)","Unfall 244169 (2023) Kat:3, Licht: 0","244169","3","6","2","08","08","3","","0","0","1","0","0"
"POINT (13.266237248000039 52.518039171000055)","Unfall 244170 (2023) Kat:2, Licht: 0","244170","2","1","0","09","09","5","","0","1","0","0","0"
"POINT (13.326242617000048 52.538023335000048)","Unfall 244171 (2023) Kat:3, Licht: 0","244171","3","2","5","08","14","3","","0","0","1","0","0"
"POINT (13.491391396000040 52.644690322000031)","Unfall 244172 (2023) Kat:3, Licht: 0","244172","3","2","5","08","13","3","","0","0","1","0","0"
"POINT (13.571771690000048 52.471851742000069)","Unfall 244173 (2023) Kat:2, Licht: 0","244173","2","3","0","09","18","5","","0","1","1","0","0"
"POINT (13.291636275000030 52.475053119000052)","Unfall 244174 (2023) Kat:3, Licht: 0","244174","3","7","1","08","08","3","","0","1","1","0","0"
"POINT (13.289755098000057 52.470121609000046)","Unfall 244175 (2023) Kat:3, Licht: 2","244175","3","3","5","08","23","2","","2","0","1","0","0"
"POINT (13.334598813000071 52.587427856000033)","Unfall 244176 (2023) Kat:3, Licht: 0","244176","3","3","5","08","09","2","","0","0","1","0","0"
"POINT (13.320351285000072 52.481742375000067)","Unfall 244177 (2023) Kat:3, Licht: 0","244177","3","2","5","08","10","2","","0","1","0","0","0"
"POINT (13.541432613000040 52.525770255000054)","Unfall 244178 (2023) Kat:3, Licht: 0","244178","3","6","2","09","18","4","","0","1","0","0","0"
"POINT (13.497145526000054 52.508134162000033)","Unfall 244179 (2023) Kat:3, Licht: 0","244179","3","5","1","09","06","5","","0","1","1","0","0"
"POINT (13.438154452000049 52.505905421000080)","Unfall 244180 (2023) Kat:3, Licht: 0","244180","3","1","0","08","18","2","","0","1","0","0","0"
"POINT (13.462027231000036 52.519939774000079)","Unfall 244181 (2023) Kat:3, Licht: 0","244181","3","7","6","08","18","2","","0","1","0","1","0"
"POINT (13.398078374000022 52.517488169000046)","Unfall 244182 (2023) Kat:3, Licht: 0","244182","3","3","5","08","17","2","","0","1","1","0","0"
"POINT (13.360975895000024 52.570409836000067)","Unfall 244183 (2023) Kat:3, Licht: 0","244183","3","4","6","09","14","5","","0","0","0","1","0"
"POINT (13.339749100000063 52.503622413000073)","Unfall 244184 (2023) Kat:3, Licht: 0","244184","3","6","3","08","15","2","","0","1","1","0","0"
"POINT (13.511837401000037 52.550326034000079)","Unfall 244185 (2023) Kat:3, Licht: 0","244185","3","6","3","08","15","2","","0","0","1","0","1"
"POINT (13.548597640000025 52.431865232000064)","Unfall 244186 (2023) Kat:3, Licht: 0","244186","3","2","2","08","10","2","","0","0","1","0","1"
"POINT (13.410523984000065 52.539335432000030)","Unfall 244187 (2023) Kat:3, Licht: 0","244187","3","7","5","08","10","2","","0","1","1","0","0"
"POINT (13.187646364000045 52.515054986000052)","Unfall 244188 (2023) Kat:2, Licht: 0","244188","2","3","5","08","07","2","","0","0","1","0","0"
"POINT (13.429779633000066 52.470221071000026)","Unfall 244189 (2023) Kat:3, Licht: 2","244189","3","5","1","08","23","2","","2","1","1","0","0"
"POINT (13.435341150000056 52.514710223000066)","Unfall 244190 (2023) Kat:3, Licht: 0","244190","3","3","5","10","14","5","","0","1","1","0","0"
"POINT (13.391471055000068 52.512700437000035)","Unfall 244191 (2023) Kat:3, Licht: 0","244191","3","5","0","08","16","2","","0","0","1","0","1"
"POINT (13.402388814000062 52.463450960000046)","Unfall 244192 (2023) Kat:3, Licht: 0","244192","3","6","2","08","16","2","","0","0","1","0","0"
"POINT (13.325287128000070 52.608266746000027)","Unfall 244193 (2023) Kat:2, Licht: 0","244193","2","4","6","08","15","2","","0","0","1","1","0"
"POINT (13.340684189000058 52.504491102000031)","Unfall 244194 (2023) Kat:3, Licht: 0","244194","3","6","2","08","16","2","","0","1","1","0","0"
"POINT (13.304883765000056 52.512938384000051)","Unfall 244195 (2023) Kat:3, Licht: 0","244195","3","3","5","08","11","2","","0","1","1","0","0"
"POINT (13.375175291000062 52.581998382000052)","Unfall 244196 (2023) Kat:3, Licht: 0","244196","3","3","5","08","08","2","","0","1","1","0","0"
"POINT (13.334259615000065 52.610365343000069)","Unfall 244197 (2023) Kat:3, Licht: 0","244197","3","4","6","08","14","2","","0","0","1","1","0"
"POINT (13.400739351000027 52.565239221000070)","Unfall 244198 (2023) Kat:3, Licht: 0","244198","3","6","2","08","08","2","","0","1","0","0","0"
"POINT (13.514786354000023 52.468784799000048)","Unfall 244199 (2023) Kat:3, Licht: 1","244199","3","2","0","08","19","2","","1","1","0","0","0"
"POINT (13.478838719000066 52.523031127000081)","Unfall 244200 (2023) Kat:2, Licht: 2","244200","2","4","6","10","22","3","","2","0","1","1","0"
"POINT (13.329400455000041 52.594064984000056)","Unfall 244201 (2023) Kat:3, Licht: 0","244201","3","3","5","08","09","2","","0","0","1","0","1"
"POINT (13.332507022000073 52.506033800000068)","Unfall 244202 (2023) Kat:3, Licht: 2","244202","3","1","9","08","02","2","","2","0","1","0","0"
"POINT (13.403335771000059 52.527022013000078)","Unfall 244203 (2023) Kat:3, Licht: 0","244203","3","4","0","08","16","2","","0","0","0","1","1"
"POINT (13.461107423000044 52.517113317000053)","Unfall 244204 (2023) Kat:3, Licht: 0","244204","3","2","5","08","16","2","","0","1","1","0","0"
"POINT (13.395369181000035 52.497420456000043)","Unfall 244205 (2023) Kat:3, Licht: 2","244205","3","7","9","08","01","2","","2","0","1","0","0"
"POINT (13.207304937000060 52.538610585000072)","Unfall 244206 (2023) Kat:3, Licht: 0","244206","3","5","1","08","15","2","","0","1","1","0","0"
"POINT (13.248426985000037 52.524343947000034)","Unfall 244207 (2023) Kat:3, Licht: 0","244207","3","2","5","08","14","2","","0","1","1","0","0"
"POINT (13.495407327000066 52.425967051000043)","Unfall 244208 (2023) Kat:3, Licht: 0","244208","3","3","5","08","08","2","","0","0","1","0","0"
"POINT (13.281950782000024 52.583613168000056)","Unfall 244209 (2023) Kat:3, Licht: 0","244209","3","3","5","08","07","2","","0","1","0","0","0"
"POINT (13.490653788000031 52.621518795000043)","Unfall 244210 (2023) Kat:3, Licht: 0","244210","3","7","4","10","15","4","","0","1","0","0","0"
"POINT (13.359693889000027 52.561951319000059)","Unfall 244211 (2023) Kat:3, Licht: 0","244211","3","6","2","08","16","2","","0","0","1","0","0"
"POINT (13.444228055000053 52.557937288000062)","Unfall 244212 (2023) Kat:3, Licht: 0","244212","3","7","6","08","13","2","","0","0","1","1","0"
"POINT (13.404080797000063 52.561316502000068)","Unfall 244213 (2023) Kat:3, Licht: 0","244213","3","3","5","08","09","2","","0","1","1","0","0"
"POINT (13.267492410000045 52.408149316000049)","Unfall 244214 (2023) Kat:3, Licht: 0","244214","3","4","6","08","07","2","","0","0","1","1","0"
"POINT (13.519188640000039 52.531533256000046)","Unfall 244215 (2023) Kat:3, Licht: 0","244215","3","2","5","08","07","2","","0","1","0","0","0"
"POINT (13.382866824000075 52.438238198000079)","Unfall 244216 (2023) Kat:2, Licht: 0","244216","2","3","5","08","07","2","","0","0","0","0","1"
"POINT (13.338765172000024 52.601180722000038)","Unfall 244217 (2023) Kat:3, Licht: 0","244217","3","3","5","08","17","2","","0","0","1","0","0"
"POINT (13.428862948000074 52.551391234000050)","Unfall 244218 (2023) Kat:3, Licht: 0","244218","3","3","5","09","15","4","","0","1","1","0","0"
"POINT (13.497534836000057 52.611124440000026)","Unfall 244219 (2023) Kat:3, Licht: 0","244219","3","6","6","08","15","1","","0","0","1","1","0"
"POINT (13.341416823000031 52.479636314000061)","Unfall 244220 (2023) Kat:3, Licht: 0","244220","3","3","5","08","15","1","","0","1","1","0","0"
"POINT (13.222037315000023 52.607766460000050)","Unfall 244221 (2023) Kat:3, Licht: 0","244221","3","3","5","08","12","1","","0","1","1","0","0"
"POINT (13.202219278000030 52.538066264000065)","Unfall 244222 (2023) Kat:3, Licht: 0","244222","3","6","2","08","12","1","","0","1","1","0","0"
"POINT (13.300513220000028 52.503145622000034)","Unfall 244223 (2023) Kat:3, Licht: 0","244223","3","6","2","08","11","1","","0","1","1","0","0"
"POINT (13.328801430000055 52.525715489000049)","Unfall 244224 (2023) Kat:3, Licht: 0","244224","3","7","6","09","08","6","","0","0","0","1","0"
"POINT (13.377562301000069 52.553625310000029)","Unfall 244225 (2023) Kat:3, Licht: 2","244225","3","5","1","08","00","1","","2","0","1","0","0"
"POINT (13.376366468000072 52.510088372000041)","Unfall 244226 (2023) Kat:3, Licht: 0","244226","3","3","5","08","09","4","","0","1","1","0","0"