WKT,Name,OBJECTID,UKATEGORIE,UTYP1,UART,UMONAT,USTUNDE,UWOCHENTAG,STRZUSTAND,ULICHTVERH,ISTRAD,ISTPKW,ISTFUSS,ISTKRAD
"POINT (13.157654735000051 52.543131138000035)","Unfall 244227 (2023) Kat:3, Licht: 2","244227","3","1","8","08","21","1","","2","0","1","0","0"
"POINT (13.393454906000045 52.542745356000069)","Unfall 244228 (2023) Kat:2, Licht: 0","244228","2","3","5","10","13","2","","0","0","1","0","1"
"POINT (13.544627071000036 52.553522098000030)","Unfall 244229 (2023) Kat:3, Licht: 2","244229","3","6","2","08","20","1","","2","0","1","0","0"
"POINT (13.289969206000023 52.482260178000047)","Unfall 244230 (2023) Kat:3, Licht: 0","244230","3","2","5","09","15","1","","0","0","1","0","1"
"POINT (13.637794462000045 52.456451364000031)","Unfall 244231 (2023) Kat:3, Licht: 0","244231","3","3","5","08","13","7","","0","0","1","0","0"
"POINT (13.335647160000065 52.498035342000037)","Unfall 244232 (2023) Kat:3, Licht: 2","244232","3","6","4","08","21","7","","2","1","1","0","0"
"POINT (13.364200833000041 52.568512582000039)","Unfall 244233 (2023) Kat:3, Licht: 0","244233","3","1","0","08","19","7","","0","0","0","0","1"
"POINT (13.460170337000022 52.431860424000035)","Unfall 244234 (2023) Kat:3, Licht: 0","244234","3","3","5","08","19","7","","0","0","1","0","0"
"POINT (13.357140621000042 52.476698641000041)","Unfall 244235 (2023) Kat:3, Licht: 1","244235","3","6","2","08","20","7","","1","0","1","0","1"
"POINT (13.572756396000045 52.393255039000053)","Unfall 244236 (2023) Kat:2, Licht: 0","244236","2","1","8","08","17","7","","0","0","0","0","1"
"POINT (13.387996435000048 52.492981247000046)","Unfall 244237 (2023) Kat:3, Licht: 1","244237","3","2","5","08","19","7","","1","1","1","0","0"
"POINT (13.410115455000039 52.541204220000054)","Unfall 244238 (2023) Kat:3, Licht: 0","244238","3","5","1","08","15","7","","0","0","1","0","1"
"POINT (13.467409168000074 52.596960109000065)","Unfall 244239 (2023) Kat:3, Licht: 0","244239","3","2","0","08","12","7","","0","1","1","0","0"
"POINT (13.306478634000030 52.518114542000035)","Unfall 244240 (2023) Kat:3, Licht: 0","244240","3","2","3","08","11","7","","0","1","0","0","0"
"POINT (13.386124881000057 52.484868565000056)","Unfall 244241 (2023) Kat:3, Licht: 0","244241","3","2","5","08","10","7","","0","1","1","0","0"
"POINT (13.416145222000068 52.526965687000029)","Unfall 244242 (2023) Kat:3, Licht: 2","244242","3","4","6","08","00","7","","2","0","1","1","0"
"POINT (13.576290499000038 52.454639784000051)","Unfall 244243 (2023) Kat:3, Licht: 0","244243","3","1","0","08","10","7","","0","0","0","0","1"
"POINT (13.215864377000059 52.564596741000059)","Unfall 244244 (2023) Kat:3, Licht: 0","244244","3","2","0","08","08","7","","0","1","1","0","0"
"POINT (13.328459588000044 52.563701109000078)","Unfall 244245 (2023) Kat:3, Licht: 0","244245","3","4","6","08","15","7","","0","1","0","1","0"
"POINT (13.325691610000035 52.486539706000030)","Unfall 244246 (2023) Kat:3, Licht: 0","244246","3","2","5","09","18","5","","0","1","1","0","0"
"POINT (13.436685769000064 52.457209273000046)","Unfall 244247 (2023) Kat:3, Licht: 0","244247","3","3","5","08","09","1","","0","0","1","0","0"
"POINT (13.517705065000030 52.568152057000077)","Unfall 244248 (2023) Kat:3, Licht: 0","244248","3","2","0","08","07","7","","0","1","1","0","0"
"POINT (13.521840749000035 52.499920146000079)","Unfall 244249 (2023) Kat:3, Licht: 0","244249","3","3","5","08","17","7","","0","0","1","0","0"
"POINT (13.422671406000063 52.525962861000039)","Unfall 244250 (2023) Kat:3, Licht: 0","244250","3","1","1","08","11","7","","0","0","1","0","0"
"POINT (13.333765573000051 52.504409234000036)","Unfall 244251 (2023) Kat:3, Licht: 0","244251","3","6","2","08","16","7","","0","0","1","0","0"
"POINT (13.272219139000072 52.498830225000063)","Unfall 244252 (2023) Kat:3, Licht: 0","244252","3","1","3","08","18","7","","0","0","1","0","0"
"POINT (13.354565999000044 52.499170675000073)","Unfall 244253 (2023) Kat:3, Licht: 0","244253","3","6","3","08","08","6","","0","0","1","0","1"
"POINT (13.419190869000033 52.501305430000059)","Unfall 244254 (2023) Kat:3, Licht: 1","244254","3","6","4","08","20","6","","1","1","0","0","0"
"POINT (13.403650841000058 52.526110349000078)","Unfall 244255 (2023) Kat:3, Licht: 2","244255","3","2","3","08","21","6","","2","1","1","0","0"
"POINT (13.406344563000061 52.581895116000055)","Unfall 244256 (2023) Kat:2, Licht: 1","244256","2","6","4","08","20","6","","1","0","1","0","0"
"POINT (13.180277058000058 52.493822095000041)","Unfall 244257 (2023) Kat:3, Licht: 0","244257","3","6","2","08","09","6","","0","0","1","0","0"
"POINT (13.272206762000053 52.498820150000029)","Unfall 244258 (2023) Kat:3, Licht: 0","244258","3","2","3","08","07","6","","0","0","1","0","0"
"POINT (13.271698494000077 52.427216670000064)","Unfall 244259 (2023) Kat:3, Licht: 0","244259","3","2","0","08","15","6","","0","1","1","0","0"
"POINT (13.348447042000032 52.449777066000081)","Unfall 244260 (2023) Kat:2, Licht: 0","244260","2","6","3","08","15","6","","0","0","1","0","1"
"POINT (13.387540659000024 52.527239765000047)","Unfall 244261 (2023) Kat:3, Licht: 2","244261","3","7","2","08","21","6","","2","1","1","0","0"
"POINT (13.352012513000034 52.506328775000043)","Unfall 244262 (2023) Kat:3, Licht: 2","244262","3","2","3","08","22","6","","2","0","1","0","1"
"POINT (13.355093810000028 52.490081962000033)","Unfall 244263 (2023) Kat:3, Licht: 2","244263","3","1","0","08","20","6","","2","0","0","0","1"
"POINT (13.157475808000072 52.417295327000033)","Unfall 244264 (2023) Kat:3, Licht: 0","244264","3","5","4","08","16","6","","0","1","1","0","0"
"POINT (13.468714623000039 52.506869444000074)","Unfall 244265 (2023) Kat:3, Licht: 1","244265","3","2","5","08","20","6","","1","1","1","0","0"
"POINT (13.263339247000033 52.491906318000076)","Unfall 244266 (2023) Kat:3, Licht: 0","244266","3","3","5","08","13","6","","0","1","1","0","0"
"POINT (13.370613297000034 52.470483970000032)","Unfall 244267 (2023) Kat:3, Licht: 0","244267","3","2","0","08","16","6","","0","0","1","0","1"
"POINT (13.332562612000061 52.595362965000049)","Unfall 244268 (2023) Kat:3, Licht: 0","244268","3","6","2","08","10","6","","0","0","1","0","0"
"POINT (13.417864737000059 52.506629161000035)","Unfall 244269 (2023) Kat:3, Licht: 0","244269","3","2","5","08","15","6","","0","1","0","0","0"
"POINT (13.441704325000046 52.482890982000072)","Unfall 244270 (2023) Kat:3, Licht: 0","244270","3","2","5","08","14","6","","0","1","1","0","0"
"POINT (13.352167903000066 52.505256497000062)","Unfall 244271 (2023) Kat:3, Licht: 0","244271","3","1","0","08","16","6","","0","0","0","0","1"
"POINT (13.417838473000074 52.506592704000070)","Unfall 244272 (2023) Kat:3, Licht: 0","244272","3","2","5","08","08","6","","0","0","1","0","1"
"POINT (13.247760201000062 52.547316906000049)","Unfall 244273 (2023) Kat:2, Licht: 0","244273","2","2","5","08","13","6","","0","1","0","0","0"
"POINT (13.435848816000032 52.482107302000031)","Unfall 244274 (2023) Kat:3, Licht: 0","244274","3","3","5","08","14","6","","0","0","1","0","0"
"POINT (13.312146307000035 52.585092826000050)","Unfall 244275 (2023) Kat:3, Licht: 0","244275","3","3","5","08","13","6","","0","0","0","0","1"
"POINT (13.315256244000068 52.451357508000058)","Unfall 244276 (2023) Kat:3, Licht: 0","244276","3","3","5","08","13","6","","0","0","1","0","0"
"POINT (13.386686073000021 52.490073391000067)","Unfall 244277 (2023) Kat:2, Licht: 0","244277","2","6","3","09","10","4","","0","1","0","0","0"
"POINT (13.182287988000041 52.552438629000051)","Unfall 244278 (2023) Kat:2, Licht: 2","244278","2","1","1","08","02","6","","2","0","1","0","0"
"POINT (13.279047455000068 52.492445874000055)","Unfall 244279 (2023) Kat:3, Licht: 2","244279","3","3","5","09","19","6","","2","1","1","0","0"
"POINT (13.467407823000030 52.476242928000033)","Unfall 244280 (2023) Kat:2, Licht: 2","244280","2","5","1","08","01","6","","2","0","1","0","1"
"POINT (13.397901104000027 52.490754499000047)","Unfall 244281 (2023) Kat:3, Licht: 1","244281","3","2","5","09","19","3","","1","1","1","0","0"
"POINT (13.327649930000064 52.440222320000032)","Unfall 244282 (2023) Kat:3, Licht: 0","244282","3","4","6","08","18","6","","0","0","1","1","0"
"POINT (13.328432140000075 52.464791307000041)","Unfall 244283 (2023) Kat:3, Licht: 0","244283","3","2","5","09","14","5","","0","1","0","0","1"
"POINT (13.385507302000065 52.465736721000042)","Unfall 244284 (2023) Kat:3, Licht: 0","244284","3","6","3","08","15","6","","0","0","1","0","0"
"POINT (13.319641152000031 52.606966769000053)","Unfall 244285 (2023) Kat:3, Licht: 0","244285","3","3","5","08","12","6","","0","0","1","0","1"
"POINT (13.325534178000055 52.527730789000032)","Unfall 244286 (2023) Kat:3, Licht: 0","244286","3","5","1","08","08","6","","0","1","0","0","0"
"POINT (13.423786455000027 52.486483723000049)","Unfall 244287 (2023) Kat:3, Licht: 0","244287","3","6","2","08","19","5","","0","0","1","0","0"
"POINT (13.409088587000042 52.528335517000073)","Unfall 244288 (2023) Kat:3, Licht: 2","244288","3","1","0","08","23","5","","2","1","0","0","0"
"POINT (13.383260283000027 52.530402273000050)","Unfall 244289 (2023) Kat:3, Licht: 0","244289","3","4","6","08","17","5","","0","0","0","1","0"
"POINT (13.331904146000056 52.504015308000078)","Unfall 244290 (2023) Kat:3, Licht: 0","244290","3","6","2","08","07","5","","0","0","1","0","1"
"POINT (13.405011763000061 52.517475817000047)","Unfall 244291 (2023) Kat:3, Licht: 2","244291","3","7","1","08","21","5","","2","0","1","0","0"
"POINT (13.217857137000067 52.548424652000051)","Unfall 244292 (2023) Kat:3, Licht: 1","244292","3","6","4","08","20","5","","1","1","0","0","0"
"POINT (13.464833144000067 52.477247083000066)","Unfall 244293 (2023) Kat:3, Licht: 0","244293","3","3","5","10","11","4","","0","0","1","0","0"
"POINT (13.385827181000025 52.485034732000031)","Unfall 244294 (2023) Kat:3, Licht: 2","244294","3","2","5","08","20","5","","2","1","1","0","0"
"POINT (13.473434576000045 52.536001096000064)","Unfall 244295 (2023) Kat:3, Licht: 0","244295","3","2","5","08","17","5","","0","0","1","0","0"
"POINT (13.294497164000063 52.519261456000038)","Unfall 244296 (2023) Kat:3, Licht: 0","244296","3","5","0","08","15","5","","0","0","1","0","0"
"POINT (13.328034460000026 52.564339765000057)","Unfall 244297 (2023) Kat:3, Licht: 0","244297","3","6","2","09","08","6","","0","0","1","0","0"
"POINT (13.403855555000064 52.523180334000074)","Unfall 244298 (2023) Kat:3, Licht: 0","244298","3","5","0","08","16","5","","0","1","1","0","0"
"POINT (13.458465894000028 52.473503764000043)","Unfall 244299 (2023) Kat:3, Licht: 0","244299","3","6","2","08","15","5","","0","0","1","0","0"
"POINT (13.371438066000053 52.479885205000073)","Unfall 244300 (2023) Kat:3, Licht: 0","244300","3","5","1","08","10","5","","0","0","1","0","0"
"POINT (13.371578127000078 52.492526306000059)","Unfall 244301 (2023) Kat:3, Licht: 0","244301","3","7","6","08","09","5","","0","1","0","1","0"
"POINT (13.435608445000071 52.448061220000056)","Unfall 244302 (2023) Kat:3, Licht: 0","244302","3","6","2","10","13","2","","0","0","1","0","0"
"POINT (13.199329604000070 52.534473290000051)","Unfall 244303 (2023) Kat:2, Licht: 0","244303","2","6","3","08","09","5","","0","0","1","0","0"
"POINT (13.509657899000047 52.472863671000027)","Unfall 244304 (2023) Kat:3, Licht: 0","244304","3","2","5","08","06","5","","0","1","0","0","0"
"POINT (13.335950963000073 52.499968651000074)","Unfall 244305 (2023) Kat:3, Licht: 0","244305","3","2","5","09","08","6","","0","0","1","0","1"
"POINT (13.433136435000051 52.522624364000080)","Unfall 244306 (2023) Kat:3, Licht: 0","244306","3","1","1","08","08","5","","0","1","1","0","0"
"POINT (13.435821554000029 52.556385271000067)","Unfall 244307 (2023) Kat:3, Licht: 0","244307","3","2","5","08","16","5","","0","1","1","0","0"
"POINT (13.217743252000048 52.508724280000081)","Unfall 244308 (2023) Kat:3, Licht: 2","244308","3","6","3","08","21","5","","2","0","1","0","1"
"POINT (13.247318092000057 52.541898746000072)","Unfall 244309 (2023) Kat:3, Licht: 0","244309","3","6","2","09","14","4","","0","0","1","0","0"
"POINT (13.286825483000030 52.518266489000041)","Unfall 244310 (2023) Kat:3, Licht: 0","244310","3","6","2","09","11","3","","0","0","1","0","0"
"POINT (13.512290710000059 52.470714642000075)","Unfall 244311 (2023) Kat:2, Licht: 0","244311","2","7","5","08","17","5","","0","0","1","0","1"
"POINT (13.573788380000053 52.527156815000069)","Unfall 244312 (2023) Kat:2, Licht: 0","244312","2","3","5","08","15","5","","0","1","1","0","0"
"POINT (13.604749027000025 52.536552542000038)","Unfall 244313 (2023) Kat:3, Licht: 0","244313","3","2","2","08","10","5","","0","1","0","0","0"
"POINT (13.385572957000022 52.496600277000027)","Unfall 244314 (2023) Kat:3, Licht: 0","244314","3","2","0","08","12","5","","0","1","1","0","0"
"POINT (13.331045758000073 52.505268175000026)","Unfall 244315 (2023) Kat:3, Licht: 2","244315","3","6","3","08","21","5","","2","1","1","0","0"
"POINT (13.296288927000035 52.508945740000058)","Unfall 244316 (2023) Kat:3, Licht: 0","244316","3","7","1","08","15","5","","0","1","1","0","0"
"POINT (13.440186093000023 52.481585865000056)","Unfall 244317 (2023) Kat:3, Licht: 2","244317","3","4","6","09","22","6","","2","0","0","1","0"
"POINT (13.454770598000039 52.494206433000045)","Unfall 244318 (2023) Kat:3, Licht: 0","244318","3","2","5","08","15","5","","0","1","1","0","0"
"POINT (13.354121484000075 52.562091914000064)","Unfall 244319 (2023) Kat:2, Licht: 0","244319","2","2","6","09","09","6","","0","0","1","1","0"
"POINT (13.363419337000039 52.580727221000075)","Unfall 244320 (2023) Kat:3, Licht: 0","244320","3","2","5","09","14","5","","0","1","1","0","0"
"POINT (13.403091794000034 52.533709844000043)","Unfall 244321 (2023) Kat:3, Licht: 0","244321","3","3","5","08","12","5","","0","1","1","0","0"
"POINT (13.416287431000057 52.501726726000072)","Unfall 244322 (2023) Kat:3, Licht: 0","244322","3","3","5","08","09","5","","0","1","1","0","0"
"POINT (13.424132707000069 52.552845657000034)","Unfall 244323 (2023) Kat:3, Licht: 0","244323","3","2","5","08","06","5","","0","1","1","0","0"
"POINT (13.345105060000037 52.437012518000074)","Unfall 244324 (2023) Kat:3, Licht: 0","244324","3","7","2","08","10","5","","0","0","1","0","1"
"POINT (13.487573042000065 52.541547325000067)","Unfall 244325 (2023) Kat:3, Licht: 2","244325","3","1","0","08","20","5","","2","1","0","0","0"
"POINT (13.432847794000054 52.518691957000044)","Unfall 244326 (2023) Kat:3, Licht: 0","244326","3","3","5","08","19","5","","0","1","1","0","0"
"POINT (13.418269729000031 52.536627097000064)","Unfall 244327 (2023) Kat:3, Licht: 0","244327","3","3","5","08","08","5","","0","1","1","0","0"
"POINT (13.355698000000075 52.539473521000048)","Unfall 244328 (2023) Kat:3, Licht: 0","244328","3","7","5","08","16","5","","0","1","1","0","0"
"POINT (13.287388185000054 52.586227135000058)","Unfall 244329 (2023) Kat:3, Licht: 0","244329","3","7","2","08","12","5","","0","1","1","0","0"
"POINT (13.414978914000073 52.502403947000062)","Unfall 244330 (2023) Kat:3, Licht: 0","244330","3","2","5","08","12","5","","0","1","1","0","0"
"POINT (13.332686737000074 52.472410291000074)","Unfall 244331 (2023) Kat:3, Licht: 0","244331","3","3","5","08","09","5","","0","1","1","0","0"
"POINT (13.447365139000055 52.464323062000062)","Unfall 244332 (2023) Kat:2, Licht: 2","244332","2","2","5","08","04","5","","2","0","0","0","1"
"POINT (13.392378221000058 52.525113085000044)","Unfall 244333 (2023) Kat:3, Licht: 2","244333","3","6","3","08","23","5","","2","0","0","0","1"
"POINT (13.293498707000026 52.445770793000065)","Unfall 244334 (2023) Kat:2, Licht: 0","244334","2","2","5","08","19","5","","0","1","1","0","0"
"POINT (13.470160701000054 52.429006637000043)","Unfall 244335 (2023) Kat:3, Licht: 0","244335","3","7","6","08","16","5","","0","0","1","1","0"
"POINT (13.445033975000058 52.482177018000073)","Unfall 244336 (2023) Kat:3, Licht: 0","244336","3","5","1","08","13","5","","0","1","1","0","0"
"POINT (13.454226704000064 52.493932463000078)","Unfall 244337 (2023) Kat:3, Licht: 0","244337","3","2","5","08","08","5","","0","0","1","0","1"
"POINT (13.421919522000053 52.504997629000059)","Unfall 244338 (2023) Kat:3, Licht: 0","244338","3","5","1","08","08","4","","0","1","1","0","0"
"POINT (13.345992040000056 52.496929076000072)","Unfall 244339 (2023) Kat:2, Licht: 2","244339","2","1","9","08","01","4","","2","0","1","1","0"
"POINT (13.158074780000049 52.561688005000065)","Unfall 244340 (2023) Kat:2, Licht: 0","244340","2","5","1","09","14","3","","0","0","1","0","0"
"POINT (13.290250324000056 52.475378454000065)","Unfall 244341 (2023) Kat:3, Licht: 0","244341","3","2","5","09","17","1","","0","1","1","0","0"
"POINT (13.446722992000048 52.498516100000074)","Unfall 244342 (2023) Kat:3, Licht: 1","244342","3","5","2","08","20","4","","1","1","1","0","0"
"POINT (13.413568649000069 52.519762869000033)","Unfall 244343 (2023) Kat:3, Licht: 0","244343","3","7","2","08","17","4","","0","0","0","0","1"
"POINT (13.400097662000064 52.458946794000042)","Unfall 244344 (2023) Kat:3, Licht: 0","244344","3","6","2","08","16","4","","0","0","1","0","0"
"POINT (13.390572277000047 52.586213694000037)","Unfall 244345 (2023) Kat:3, Licht: 0","244345","3","6","4","08","14","4","","0","1","1","0","0"
"POINT (13.407110060000036 52.518373828000051)","Unfall 244346 (2023) Kat:3, Licht: 0","244346","3","2","5","08","13","4","","0","0","0","0","1"
"POINT (13.393131412000059 52.564496518000055)","Unfall 244347 (2023) Kat:3, Licht: 0","244347","3","2","6","08","10","4","","0","0","1","1","0"
"POINT (13.383627630000035 52.503544791000081)","Unfall 244348 (2023) Kat:2, Licht: 0","244348","2","4","6","08","10","4","","0","0","0","1","0"
"POINT (13.395451843000046 52.565710585000033)","Unfall 244349 (2023) Kat:3, Licht: 0","244349","3","6","2","08","16","5","","0","0","1","0","0"
"POINT (13.611135628000056 52.456424862000063)","Unfall 244350 (2023) Kat:2, Licht: 1","244350","2","3","5","08","19","4","","1","1","0","0","0"
"POINT (13.388063750000072 52.502590699000052)","Unfall 244351 (2023) Kat:3, Licht: 0","244351","3","2","5","08","19","4","","0","0","1","0","1"
"POINT (13.270382377000033 52.539005260000067)","Unfall 244352 (2023) Kat:2, Licht: 0","244352","2","5","1","08","14","4","","0","1","1","0","0"
"POINT (13.395689092000055 52.498135831000070)","Unfall 244353 (2023) Kat:3, Licht: 0","244353","3","6","2","08","11","4","","0","0","1","0","0"
"POINT (13.557613898000056 52.537599200000045)","Unfall 244354 (2023) Kat:3, Licht: 0","244354","3","5","1","08","10","4","","0","1","1","0","0"
"POINT (13.430853954000042 52.486717228000032)","Unfall 244355 (2023) Kat:3, Licht: 0","244355","3","5","5","08","12","4","","0","1","1","0","0"
"POINT (13.374346331000027 52.547974881000073)","Unfall 244356 (2023) Kat:3, Licht: 0","244356","3","6","2","08","18","4","","0","0","1","0","0"
"POINT (13.351283848000037 52.449455454000031)","Unfall 244357 (2023) Kat:3, Licht: 0","244357","3","6","2","08","16","4","","0","0","0","0","1"
"POINT (13.385706773000038 52.421574052000040)","Unfall 244358 (2023) Kat:3, Licht: 0","244358","3","1","0","08","16","4","","0","1","0","0","0"
"POINT (13.426843656000074 52.467999774000077)","Unfall 244359 (2023) Kat:3, Licht: 0","244359","3","7","7","08","12","4","","0","1","0","1","0"
"POINT (13.414480072000060 52.501018361000035)","Unfall 244360 (2023) Kat:3, Licht: 0","244360","3","2","0","08","09","4","","0","1","1","0","0"
"POINT (13.326095593000048 52.538399533000074)","Unfall 244361 (2023) Kat:2, Licht: 2","244361","2","2","5","08","22","4","","2","0","0","0","1"
"POINT (13.374582630000077 52.426304559000073)","Unfall 244362 (2023) Kat:3, Licht: 2","244362","3","2","2","08","21","4","","2","0","1","0","0"
"POINT (13.325061076000054 52.455649127000072)","Unfall 244363 (2023) Kat:3, Licht: 0","244363","3","6","3","10","13","6","","0","0","1","0","1"
"POINT (13.330132294000066 52.495052013000077)","Unfall 244364 (2023) Kat:3, Licht: 2","244364","3","1","0","09","20","1","","2","0","0","0","1"
"POINT (13.382633350000049 52.404335094000032)","Unfall 244365 (2023) Kat:3, Licht: 0","244365","3","2","5","09","07","4","","0","1","1","0","0"
"POINT (13.208658982000031 52.546321597000031)","Unfall 244366 (2023) Kat:3, Licht: 0","244366","3","3","5","08","17","4","","0","0","1","0","0"
"POINT (13.186627861000034 52.537716508000074)","Unfall 244367 (2023) Kat:2, Licht: 0","244367","2","7","0","08","07","4","","0","1","0","0","0"
"POINT (13.443951941000023 52.565285845000062)","Unfall 244368 (2023) Kat:3, Licht: 0","244368","3","2","5","08","15","4","","0","1","1","0","0"
"POINT (13.386392220000062 52.558870021000075)","Unfall 244369 (2023) Kat:3, Licht: 0","244369","3","6","2","08","14","4","","0","0","1","0","0"
"POINT (13.387386380000066 52.533552443000076)","Unfall 244370 (2023) Kat:3, Licht: 0","244370","3","2","0","08","13","4","","0","1","1","0","0"
"POINT (13.284820712000055 52.518735922000076)","Unfall 244371 (2023) Kat:3, Licht: 0","244371","3","6","3","08","11","4","","0","0","1","0","0"
"POINT (13.373215124000069 52.557094506000055)","Unfall 244372 (2023) Kat:3, Licht: 2","244372","3","7","2","08","23","4","","2","0","1","0","1"
"POINT (13.536479269000040 52.525596051000036)","Unfall 244373 (2023) Kat:3, Licht: 0","244373","3","6","2","08","18","4","","0","0","1","0","1"
"POINT (13.317492280000067 52.491577543000062)","Unfall 244374 (2023) Kat:3, Licht: 0","244374","3","2","6","08","17","4","","0","0","1","1","0"
"POINT (13.352271431000077 52.494908805000080)","Unfall 244375 (2023) Kat:3, Licht: 0","244375","3","3","5","08","17","4","","0","0","1","0","1"
"POINT (13.335470713000063 52.595608208000044)","Unfall 244376 (2023) Kat:3, Licht: 0","244376","3","2","5","08","16","4","","0","1","1","0","0"
"POINT (13.519395152000072 52.518057027000054)","Unfall 244377 (2023) Kat:3, Licht: 0","244377","3","3","5","08","15","4","","0","1","1","0","0"
"POINT (13.505228925000040 52.444836088000045)","Unfall 244378 (2023) Kat:3, Licht: 0","244378","3","7","6","08","11","4","","0","0","1","1","0"
"POINT (13.285657014000037 52.417493237000031)","Unfall 244379 (2023) Kat:3, Licht: 0","244379","3","2","5","08","09","4","","0","1","1","0","0"
"POINT (13.347194226000056 52.515678467000043)","Unfall 244380 (2023) Kat:3, Licht: 0","244380","3","6","3","08","08","4","","0","0","0","0","1"
"POINT (13.352062103000037 52.536382408000065)","Unfall 244381 (2023) Kat:3, Licht: 2","244381","3","7","0","08","00","4","","2","0","0","0","1"
"POINT (13.362944677000030 52.494154009000056)","Unfall 244382 (2023) Kat:3, Licht: 0","244382","3","6","2","08","08","3","","0","0","1","0","1"
"POINT (13.386022106000041 52.485030348000066)","Unfall 244383 (2023) Kat:3, Licht: 0","244383","3","2","5","10","14","4","","0","0","1","0","0"
"POINT (13.343343059000063 52.527029341000059)","Unfall 244384 (2023) Kat:3, Licht: 2","244384","3","7","3","09","01","7","","2","0","1","0","0"
"POINT (13.521000360000073 52.460746853000046)","Unfall 244385 (2023) Kat:3, Licht: 0","244385","3","5","1","08","19","3","","0","1","1","0","0"
"POINT (13.406100501000026 52.450626748000047)","Unfall 244386 (2023) Kat:3, Licht: 0","244386","3","1","0","08","19","3","","0","1","0","0","0"
"POINT (13.332302241000036 52.471607471000027)","Unfall 244387 (2023) Kat:3, Licht: 0","244387","3","5","1","08","17","3","","0","0","1","0","0"
"POINT (13.616438760000051 52.541631148000079)","Unfall 244388 (2023) Kat:3, Licht: 0","244388","3","3","5","08","15","3","","0","0","1","0","0"
"POINT (13.427257642000029 52.552457048000065)","Unfall 244389 (2023) Kat:3, Licht: 0","244389","3","6","2","09","16","5","","0","1","1","0","0"
"POINT (13.148232232000055 52.532825161000062)","Unfall 244390 (2023) Kat:3, Licht: 0","244390","3","4","6","08","12","3","","0","0","1","1","0"
"POINT (13.326102025000068 52.538365674000033)","Unfall 244391 (2023) Kat:2, Licht: 0","244391","2","2","5","08","11","3","","0","0","1","0","0"
"POINT (13.480553745000066 52.425533061000067)","Unfall 244392 (2023) Kat:3, Licht: 0","244392","3","2","0","09","17","4","","0","1","0","0","0"
"POINT (13.377946805000022 52.491785289000063)","Unfall 244393 (2023) Kat:3, Licht: 0","244393","3","6","3","08","09","3","","0","1","0","0","0"
"POINT (13.405310585000052 52.490492328000073)","Unfall 244394 (2023) Kat:3, Licht: 1","244394","3","5","1","09","19","7","","1","0","1","0","0"
"POINT (13.420466889000068 52.545526102000053)","Unfall 244395 (2023) Kat:3, Licht: 0","244395","3","7","1","08","08","3","","0","0","1","0","0"
"POINT (13.418245207000041 52.511841688000061)","Unfall 244396 (2023) Kat:3, Licht: 0","244396","3","4","6","09","10","3","","0","1","0","1","0"
"POINT (13.259150025000054 52.431825525000079)","Unfall 244397 (2023) Kat:3, Licht: 0","244397","3","6","2","08","08","3","","0","0","1","0","0"
"POINT (13.416759852000041 52.511584606000042)","Unfall 244398 (2023) Kat:3, Licht: 0","244398","3","4","6","08","05","3","","0","1","0","1","0"
"POINT (13.411231114000032 52.491102404000060)","Unfall 244399 (2023) Kat:3, Licht: 2","244399","3","5","0","08","22","3","","2","1","0","0","1"
"POINT (13.288267315000041 52.513531587000045)","Unfall 244400 (2023) Kat:3, Licht: 2","244400","3","4","6","08","21","3","","2","0","1","1","0"
"POINT (13.394389369000066 52.512387170000068)","Unfall 244401 (2023) Kat:3, Licht: 1","244401","3","2","5","08","20","3","","1","1","1","0","0"
"POINT (13.347809088000076 52.534889209000028)","Unfall 244402 (2023) Kat:3, Licht: 0","244402","3","4","6","08","09","3","","0","1","0","1","0"
"POINT (13.420123757000056 52.491701283000054)","Unfall 244403 (2023) Kat:3, Licht: 1","244403","3","2","3","08","19","3","","1","1","0","0","0"
"POINT (13.386345430000063 52.527947427000072)","Unfall 244404 (2023) Kat:3, Licht: 0","244404","3","5","1","08","18","3","","0","1","1","0","0"
"POINT (13.340682366000067 52.499366015000078)","Unfall 244405 (2023) Kat:2, Licht: 0","244405","2","3","5","08","17","3","","0","1","1","0","0"
"POINT (13.327534401000037 52.486678872000027)","Unfall 244406 (2023) Kat:3, Licht: 0","244406","3","2","5","08","17","3","","0","0","1","0","0"
"POINT (13.551655518000075 52.554296611000041)","Unfall 244407 (2023) Kat:3, Licht: 0","244407","3","2","5","08","16","3","","0","1","1","0","0"
"POINT (13.476036989000022 52.512526256000058)","Unfall 244408 (2023) Kat:3, Licht: 0","244408","3","1","0","08","16","3","","0","0","0","0","1"
"POINT (13.330656362000070 52.562441870000043)","Unfall 244409 (2023) Kat:3, Licht: 2","244409","3","2","3","09","22","5","","2","0","1","0","0"
"POINT (13.309890394000035 52.487451122000039)","Unfall 244410 (2023) Kat:3, Licht: 0","244410","3","5","1","08","08","3","","0","1","1","0","0"
"POINT (13.205418627000029 52.424205480000069)","Unfall 244411 (2023) Kat:3, Licht: 0","244411","3","2","2","08","13","3","","0","0","1","0","0"
"POINT (13.429321081000069 52.556190772000036)","Unfall 244412 (2023) Kat:3, Licht: 0","244412","3","6","2","08","06","3","","0","0","1","0","0"
"POINT (13.377029635000042 52.512379622000026)","Unfall 244413 (2023) Kat:3, Licht: 0","244413","3","7","5","08","18","3","","0","0","1","0","1"