WKT,Name,OBJECTID,UKATEGORIE,UTYP1,UART,UMONAT,USTUNDE,UWOCHENTAG,STRZUSTAND,ULICHTVERH,ISTRAD,ISTPKW,ISTFUSS,ISTKRAD
"POINT (13.291652121000027 52.493195742000069)","Unfall 244414 (2023) Kat:3, Licht: 0","244414","3","5","1","08","12","3","","0","1","1","0","0"
"POINT (13.400101948000042 52.458981105000078)","Unfall 244415 (2023) Kat:3, Licht: 0","244415","3","6","2","08","06","3","","0","0","1","0","0"
"POINT (13.314334540000061 52.576678543000071)","Unfall 244416 (2023) Kat:3, Licht: 2","244416","3","3","5","08","23","3","","2","0","1","0","0"
"POINT (13.431994819000067 52.483525674000077)","Unfall 244417 (2023) Kat:3, Licht: 0","244417","3","7","6","08","12","2","","0","1","0","1","0"
"POINT (13.390397250000035 52.467917017000048)","Unfall 244418 (2023) Kat:3, Licht: 0","244418","3","6","2","09","07","2","","0","0","1","0","1"
"POINT (13.339818562000062 52.464724216000036)","Unfall 244419 (2023) Kat:3, Licht: 0","244419","3","4","6","08","16","2","","0","1","0","1","0"
"POINT (13.505447722000042 52.548851446000072)","Unfall 244420 (2023) Kat:3, Licht: 0","244420","3","4","0","08","19","2","","0","0","0","1","1"
"POINT (13.422527591000062 52.499182385000040)","Unfall 244421 (2023) Kat:3, Licht: 0","244421","3","6","2","08","17","2","","0","0","1","0","0"
"POINT (13.526752165000062 52.485814585000071)","Unfall 244422 (2023) Kat:3, Licht: 0","244422","3","7","2","08","16","2","","0","0","1","0","1"
"POINT (13.334685156000035 52.587360507000028)","Unfall 244423 (2023) Kat:2, Licht: 0","244423","2","2","5","08","08","2","","0","0","1","0","0"
"POINT (13.329452934000074 52.453886145000070)","Unfall 244424 (2023) Kat:3, Licht: 0","244424","3","3","5","08","18","2","","0","0","1","0","1"
"POINT (13.398380579000047 52.592399114000045)","Unfall 244425 (2023) Kat:2, Licht: 0","244425","2","2","5","08","15","2","","0","1","0","0","0"
"POINT (13.392688710000073 52.491758023000045)","Unfall 244426 (2023) Kat:3, Licht: 0","244426","3","2","5","08","12","2","","0","1","1","0","0"
"POINT (13.654699560000040 52.416160790000049)","Unfall 244427 (2023) Kat:3, Licht: 0","244427","3","1","0","08","15","2","","0","1","0","0","0"
"POINT (13.402617942000063 52.508674044000031)","Unfall 244428 (2023) Kat:3, Licht: 0","244428","3","7","5","08","07","2","","0","1","1","0","0"
"POINT (13.509356376000028 52.452118278000057)","Unfall 244429 (2023) Kat:3, Licht: 0","244429","3","6","0","08","11","2","","0","0","1","0","0"
"POINT (13.450290648000077 52.470753583000032)","Unfall 244430 (2023) Kat:3, Licht: 0","244430","3","2","5","08","18","2","","0","0","1","0","1"
"POINT (13.288498285000060 52.584197986000049)","Unfall 244431 (2023) Kat:3, Licht: 0","244431","3","6","2","08","21","2","","0","0","1","0","0"
"POINT (13.506669840000029 52.446544067000048)","Unfall 244432 (2023) Kat:3, Licht: 1","244432","3","2","5","08","19","2","","1","0","1","0","1"
"POINT (13.501411789000031 52.601481398000033)","Unfall 244433 (2023) Kat:2, Licht: 0","244433","2","7","0","08","19","2","","0","0","0","1","1"
"POINT (13.432828472000040 52.466536726000072)","Unfall 244434 (2023) Kat:3, Licht: 2","244434","3","5","1","10","20","3","","2","0","1","0","0"
"POINT (13.484614940000029 52.513975410000057)","Unfall 244435 (2023) Kat:3, Licht: 0","244435","3","2","5","08","18","2","","0","1","1","0","0"
"POINT (13.548675957000057 52.528045040000052)","Unfall 244436 (2023) Kat:2, Licht: 0","244436","2","7","5","08","17","2","","0","1","1","0","0"
"POINT (13.389729638000063 52.574308283000050)","Unfall 244437 (2023) Kat:3, Licht: 0","244437","3","3","5","08","17","2","","0","0","1","0","0"
"POINT (13.328400277000071 52.477358173000027)","Unfall 244438 (2023) Kat:3, Licht: 0","244438","3","2","5","08","16","2","","0","1","1","0","0"
"POINT (13.293742964000046 52.506735275000040)","Unfall 244439 (2023) Kat:3, Licht: 0","244439","3","2","5","08","15","2","","0","1","1","0","0"
"POINT (13.288909254000032 52.583973467000078)","Unfall 244440 (2023) Kat:3, Licht: 0","244440","3","6","2","08","14","2","","0","0","1","0","0"
"POINT (13.347714953000036 52.465020436000032)","Unfall 244441 (2023) Kat:3, Licht: 0","244441","3","3","5","08","13","2","","0","1","1","0","0"
"POINT (13.287504779000074 52.590081963000046)","Unfall 244442 (2023) Kat:3, Licht: 0","244442","3","2","2","10","14","2","","0","0","1","0","0"
"POINT (13.322737199000073 52.488830690000043)","Unfall 244443 (2023) Kat:3, Licht: 0","244443","3","3","5","08","12","2","","0","1","0","0","0"
"POINT (13.199810500000069 52.535524125000052)","Unfall 244444 (2023) Kat:3, Licht: 0","244444","3","5","1","08","10","2","","0","0","1","0","0"
"POINT (13.317249005000065 52.588202253000077)","Unfall 244445 (2023) Kat:2, Licht: 0","244445","2","2","5","08","08","2","","0","1","1","0","0"
"POINT (13.398318696000047 52.507143200000030)","Unfall 244446 (2023) Kat:3, Licht: 0","244446","3","2","5","08","08","2","","0","1","1","0","0"
"POINT (13.258438307000063 52.416076561000068)","Unfall 244447 (2023) Kat:3, Licht: 0","244447","3","3","5","08","08","2","","0","1","1","0","0"
"POINT (13.414806743000042 52.394510041000046)","Unfall 244448 (2023) Kat:3, Licht: 0","244448","3","3","5","08","18","5","","0","1","1","0","0"
"POINT (13.680520820000027 52.424180754000076)","Unfall 244449 (2023) Kat:3, Licht: 0","244449","3","1","0","08","15","1","","0","1","0","0","0"
"POINT (13.408880822000071 52.535026260000052)","Unfall 244450 (2023) Kat:3, Licht: 0","244450","3","3","5","09","16","3","","0","1","0","0","0"
"POINT (13.402451134000046 52.531176086000073)","Unfall 244451 (2023) Kat:3, Licht: 0","244451","3","4","0","08","13","1","","0","1","0","1","0"
"POINT (13.517969871000048 52.553652815000078)","Unfall 244452 (2023) Kat:3, Licht: 0","244452","3","3","5","09","10","7","","0","1","1","0","0"
"POINT (13.406658806000053 52.498440998000035)","Unfall 244453 (2023) Kat:3, Licht: 1","244453","3","2","5","08","20","1","","1","0","1","0","0"
"POINT (13.296260287000052 52.484003112000039)","Unfall 244454 (2023) Kat:3, Licht: 2","244454","3","5","1","09","21","3","","2","1","0","0","0"
"POINT (13.402171057000032 52.602868960000080)","Unfall 244455 (2023) Kat:3, Licht: 0","244455","3","2","5","08","12","1","","0","1","1","0","0"
"POINT (13.331590542000072 52.513447531000054)","Unfall 244456 (2023) Kat:3, Licht: 0","244456","3","4","6","08","10","1","","0","1","0","1","0"
"POINT (13.343199797000068 52.525338491000070)","Unfall 244457 (2023) Kat:2, Licht: 2","244457","2","1","8","08","00","1","","2","1","1","0","0"
"POINT (13.320420784000078 52.411922484000058)","Unfall 244458 (2023) Kat:3, Licht: 2","244458","3","2","5","08","21","1","","2","1","1","0","0"
"POINT (13.578402119000032 52.566223809000064)","Unfall 244459 (2023) Kat:3, Licht: 0","244459","3","2","2","08","19","1","","0","1","1","0","0"
"POINT (13.362408972000026 52.501172832000066)","Unfall 244460 (2023) Kat:3, Licht: 0","244460","3","5","1","08","13","1","","0","1","1","0","0"
"POINT (13.324510569000040 52.517032939000046)","Unfall 244461 (2023) Kat:2, Licht: 2","244461","2","3","5","08","22","1","","2","0","1","0","0"
"POINT (13.324242823000077 52.478732258000036)","Unfall 244462 (2023) Kat:3, Licht: 0","244462","3","4","6","08","19","1","","0","0","1","1","0"
"POINT (13.349889605000044 52.503033050000056)","Unfall 244463 (2023) Kat:3, Licht: 0","244463","3","3","5","08","16","1","","0","1","1","0","0"
"POINT (13.441133027000035 52.501505134000070)","Unfall 244464 (2023) Kat:2, Licht: 0","244464","2","2","5","08","13","1","","0","1","1","0","0"
"POINT (13.278691519000063 52.526223339000069)","Unfall 244465 (2023) Kat:3, Licht: 0","244465","3","6","3","08","09","1","","0","1","1","0","0"
"POINT (13.294184856000072 52.534477501000026)","Unfall 244466 (2023) Kat:3, Licht: 0","244466","3","7","0","08","08","1","","0","0","0","0","1"
"POINT (13.411770049000040 52.523965972000042)","Unfall 244467 (2023) Kat:3, Licht: 2","244467","3","2","5","08","04","1","","2","0","1","0","0"
"POINT (13.437680317000058 52.467108858000074)","Unfall 244468 (2023) Kat:3, Licht: 2","244468","3","5","1","08","04","1","","2","0","1","0","0"
"POINT (13.455829132000076 52.473811574000081)","Unfall 244469 (2023) Kat:3, Licht: 2","244469","3","2","5","08","02","1","","2","1","1","0","0"
"POINT (13.377186954000024 52.462779851000050)","Unfall 244470 (2023) Kat:3, Licht: 0","244470","3","6","2","09","17","1","","0","0","1","0","1"
"POINT (13.476580424000076 52.584113505000062)","Unfall 244471 (2023) Kat:2, Licht: 0","244471","2","6","4","08","10","7","","0","0","1","0","0"
"POINT (13.539005382000028 52.487764137000056)","Unfall 244472 (2023) Kat:3, Licht: 0","244472","3","4","6","08","16","7","","0","0","1","1","0"
"POINT (13.451332415000024 52.567766773000073)","Unfall 244473 (2023) Kat:3, Licht: 0","244473","3","2","3","08","20","7","","0","1","1","0","0"
"POINT (13.255232351000075 52.451143511000055)","Unfall 244474 (2023) Kat:2, Licht: 0","244474","2","6","4","08","19","7","","0","1","0","0","0"
"POINT (13.430279197000061 52.510487835000049)","Unfall 244475 (2023) Kat:3, Licht: 0","244475","3","6","3","08","19","7","","0","0","1","0","0"
"POINT (13.430435443000022 52.551403369000070)","Unfall 244476 (2023) Kat:3, Licht: 0","244476","3","7","6","08","15","7","","0","1","0","1","0"
"POINT (13.387182679000034 52.490037419000032)","Unfall 244477 (2023) Kat:3, Licht: 0","244477","3","2","5","08","14","7","","0","1","1","0","0"
"POINT (13.306038650000062 52.465700176000041)","Unfall 244478 (2023) Kat:3, Licht: 0","244478","3","3","5","08","19","3","","0","0","1","0","0"
"POINT (13.323634318000074 52.542680162000067)","Unfall 244479 (2023) Kat:3, Licht: 0","244479","3","1","9","08","13","7","","0","0","1","0","0"
"POINT (13.269322711000029 52.409112736000054)","Unfall 244480 (2023) Kat:3, Licht: 0","244480","3","6","2","08","12","7","","0","0","1","0","0"
"POINT (13.319561595000039 52.501540915000078)","Unfall 244481 (2023) Kat:3, Licht: 0","244481","3","2","6","08","12","7","","0","0","1","1","0"
"POINT (13.603651078000041 52.543213855000033)","Unfall 244482 (2023) Kat:3, Licht: 0","244482","3","4","6","08","09","7","","0","0","0","1","0"
"POINT (13.215917601000058 52.538173103000076)","Unfall 244483 (2023) Kat:2, Licht: 0","244483","2","6","3","08","19","7","","0","0","1","0","1"
"POINT (13.317777808000073 52.507672501000059)","Unfall 244484 (2023) Kat:3, Licht: 0","244484","3","3","5","08","18","7","","0","1","1","0","0"
"POINT (13.413105308000070 52.553962942000055)","Unfall 244485 (2023) Kat:3, Licht: 0","244485","3","6","3","10","13","2","","0","1","0","0","0"
"POINT (13.331813719000024 52.500639576000026)","Unfall 244486 (2023) Kat:3, Licht: 0","244486","3","3","5","08","17","7","","0","1","1","0","0"
"POINT (13.351255976000061 52.567616514000065)","Unfall 244487 (2023) Kat:2, Licht: 2","244487","2","2","5","09","21","6","","2","0","1","0","0"
"POINT (13.312345757000060 52.430187295000053)","Unfall 244488 (2023) Kat:3, Licht: 0","244488","3","6","2","08","17","7","","0","0","1","0","1"
"POINT (13.422027598000057 52.528603210000028)","Unfall 244489 (2023) Kat:3, Licht: 0","244489","3","6","3","08","17","7","","0","0","1","0","0"
"POINT (13.416143327000043 52.480525613000054)","Unfall 244490 (2023) Kat:3, Licht: 0","244490","3","7","5","08","17","7","","0","0","1","0","1"
"POINT (13.315091414000051 52.514562496000053)","Unfall 244491 (2023) Kat:3, Licht: 0","244491","3","2","5","08","15","7","","0","0","1","0","0"
"POINT (13.305960322000033 52.525724198000034)","Unfall 244492 (2023) Kat:3, Licht: 0","244492","3","3","5","09","17","7","","0","0","1","0","0"
"POINT (13.295043189000069 52.539622451000071)","Unfall 244493 (2023) Kat:3, Licht: 0","244493","3","3","5","09","13","6","","0","0","1","0","0"
"POINT (13.484425917000067 52.533610041000031)","Unfall 244494 (2023) Kat:3, Licht: 0","244494","3","6","3","08","10","3","","0","0","0","0","1"
"POINT (13.417729983000072 52.538865910000027)","Unfall 244495 (2023) Kat:2, Licht: 0","244495","2","2","5","08","15","7","","0","1","0","0","1"
"POINT (13.418565298000033 52.498723234000067)","Unfall 244496 (2023) Kat:3, Licht: 0","244496","3","4","6","08","13","7","","0","1","0","1","0"
"POINT (13.492154443000061 52.534067548000053)","Unfall 244497 (2023) Kat:3, Licht: 0","244497","3","6","2","08","12","7","","0","0","1","0","0"
"POINT (13.239595111000028 52.526343260000033)","Unfall 244498 (2023) Kat:3, Licht: 0","244498","3","6","3","09","15","4","","0","0","1","0","1"
"POINT (13.659013198000025 52.373612072000071)","Unfall 244499 (2023) Kat:3, Licht: 0","244499","3","2","5","08","11","7","","0","1","1","0","0"
"POINT (13.437430540000037 52.484964271000081)","Unfall 244500 (2023) Kat:2, Licht: 0","244500","2","7","5","08","11","7","","0","1","1","0","0"
"POINT (13.417686026000069 52.584093245000076)","Unfall 244501 (2023) Kat:3, Licht: 0","244501","3","3","5","08","11","7","","0","1","1","0","0"
"POINT (13.389882560000046 52.510437083000056)","Unfall 244502 (2023) Kat:3, Licht: 2","244502","3","1","0","08","03","7","","2","0","0","0","1"
"POINT (13.427932904000045 52.545510961000048)","Unfall 244503 (2023) Kat:3, Licht: 0","244503","3","2","5","09","17","2","","0","1","1","0","0"
"POINT (13.331461372000035 52.504800368000076)","Unfall 244504 (2023) Kat:2, Licht: 2","244504","2","1","0","08","00","7","","2","0","0","0","1"
"POINT (13.382042759000058 52.514048765000041)","Unfall 244505 (2023) Kat:3, Licht: 0","244505","3","2","2","08","18","6","","0","0","1","0","0"
"POINT (13.403950819000045 52.495358161000070)","Unfall 244506 (2023) Kat:3, Licht: 0","244506","3","3","5","08","17","6","","0","0","1","0","1"
"POINT (13.280930985000055 52.502155640000069)","Unfall 244507 (2023) Kat:3, Licht: 0","244507","3","6","3","08","16","6","","0","0","1","0","1"
"POINT (13.490342465000026 52.428003056000080)","Unfall 244508 (2023) Kat:3, Licht: 0","244508","3","3","5","09","09","3","","0","0","1","0","1"
"POINT (13.209456153000076 52.565394338000033)","Unfall 244509 (2023) Kat:3, Licht: 0","244509","3","2","5","08","15","6","","0","1","0","0","0"
"POINT (13.330869145000065 52.444562522000069)","Unfall 244510 (2023) Kat:3, Licht: 0","244510","3","6","2","08","20","6","","0","0","1","0","0"
"POINT (13.341341530000022 52.505152603000056)","Unfall 244511 (2023) Kat:3, Licht: 0","244511","3","2","2","08","08","6","","0","0","1","0","0"
"POINT (13.518720085000041 52.456668055000080)","Unfall 244512 (2023) Kat:3, Licht: 0","244512","3","4","6","08","19","6","","0","0","1","1","0"
"POINT (13.435649922000039 52.469099817000028)","Unfall 244513 (2023) Kat:3, Licht: 0","244513","3","2","5","08","17","6","","0","1","1","0","0"
"POINT (13.283352867000076 52.443182144000048)","Unfall 244514 (2023) Kat:3, Licht: 0","244514","3","2","5","09","12","7","","0","1","1","0","0"
"POINT (13.466779552000048 52.524054121000063)","Unfall 244515 (2023) Kat:3, Licht: 0","244515","3","1","0","08","14","6","","0","0","0","0","1"
"POINT (13.398226100000045 52.507013911000058)","Unfall 244516 (2023) Kat:3, Licht: 0","244516","3","2","6","08","11","6","","0","0","1","1","0"
"POINT (13.276246889000049 52.426451209000049)","Unfall 244517 (2023) Kat:2, Licht: 0","244517","2","6","3","08","07","6","","0","1","0","0","0"
"POINT (13.414226466000059 52.499285542000052)","Unfall 244518 (2023) Kat:3, Licht: 0","244518","3","6","2","08","17","6","","0","0","1","0","0"
"POINT (13.298580366000067 52.421887492000053)","Unfall 244519 (2023) Kat:3, Licht: 1","244519","3","3","5","09","18","2","","1","0","0","0","1"
"POINT (13.392273055000032 52.507707845000027)","Unfall 244520 (2023) Kat:3, Licht: 0","244520","3","2","6","08","17","6","","0","0","1","1","0"
"POINT (13.433558834000053 52.509847380000053)","Unfall 244521 (2023) Kat:3, Licht: 0","244521","3","7","0","08","17","6","","0","0","1","0","0"
"POINT (13.306226424000045 52.526783989000080)","Unfall 244522 (2023) Kat:3, Licht: 0","244522","3","4","6","08","13","6","","0","0","0","1","1"
"POINT (13.397597719000032 52.529285221000066)","Unfall 244523 (2023) Kat:3, Licht: 0","244523","3","7","0","09","12","7","","0","1","0","0","0"
"POINT (13.322282463000022 52.431271294000055)","Unfall 244524 (2023) Kat:3, Licht: 0","244524","3","5","1","08","12","6","","0","0","1","0","0"
"POINT (13.252746517000048 52.420756249000078)","Unfall 244525 (2023) Kat:3, Licht: 0","244525","3","3","5","08","12","6","","0","0","0","0","1"
"POINT (13.441956198000071 52.543128184000068)","Unfall 244526 (2023) Kat:2, Licht: 0","244526","2","7","1","08","10","6","","0","0","1","0","1"
"POINT (13.347494985000026 52.540968339000074)","Unfall 244527 (2023) Kat:2, Licht: 0","244527","2","7","6","09","12","5","","0","0","1","1","0"
"POINT (13.575585555000032 52.489014121000082)","Unfall 244528 (2023) Kat:3, Licht: 0","244528","3","3","5","08","09","6","","0","1","1","0","0"
"POINT (13.241607020000060 52.543367916000079)","Unfall 244529 (2023) Kat:3, Licht: 0","244529","3","2","6","08","08","6","","0","0","1","1","0"
"POINT (13.353896054000074 52.408505192000064)","Unfall 244530 (2023) Kat:3, Licht: 0","244530","3","3","5","09","19","4","","0","1","1","0","0"
"POINT (13.560016326000039 52.537320957000077)","Unfall 244531 (2023) Kat:3, Licht: 0","244531","3","2","5","08","08","6","","0","0","1","0","0"
"POINT (13.592911483000023 52.548446459000047)","Unfall 244532 (2023) Kat:3, Licht: 0","244532","3","2","5","08","06","6","","0","0","1","0","0"
"POINT (13.300738989000024 52.503185275000078)","Unfall 244533 (2023) Kat:3, Licht: 2","244533","3","2","5","11","17","2","","2","1","1","0","0"
"POINT (13.568677283000056 52.537918772000069)","Unfall 244534 (2023) Kat:3, Licht: 0","244534","3","6","2","11","11","2","","0","0","1","0","0"
"POINT (13.513426103000029 52.427713111000060)","Unfall 244535 (2023) Kat:3, Licht: 0","244535","3","6","2","11","11","2","","0","0","1","0","0"
"POINT (13.311267207000071 52.569835027000067)","Unfall 244536 (2023) Kat:3, Licht: 0","244536","3","2","5","11","11","2","","0","0","1","0","0"
"POINT (13.389037312000028 52.484462796000059)","Unfall 244537 (2023) Kat:3, Licht: 1","244537","3","6","2","11","06","2","","1","0","1","0","0"
"POINT (13.518841472000076 52.532646950000071)","Unfall 244538 (2023) Kat:1, Licht: 0","244538","1","2","0","11","09","2","","0","0","1","0","0"
"POINT (13.606235410000068 52.524742343000071)","Unfall 244539 (2023) Kat:3, Licht: 0","244539","3","3","5","11","10","1","","0","0","1","0","0"
"POINT (13.382190101000049 52.504533884000068)","Unfall 244540 (2023) Kat:3, Licht: 2","244540","3","2","0","11","17","1","","2","1","1","0","0"
"POINT (13.380449770000041 52.543403358000035)","Unfall 244541 (2023) Kat:3, Licht: 2","244541","3","5","0","11","20","1","","2","0","1","0","1"
"POINT (13.264651456000024 52.536681177000048)","Unfall 244542 (2023) Kat:3, Licht: 2","244542","3","6","2","11","21","1","","2","0","1","0","0"
"POINT (13.422068884000055 52.492988384000057)","Unfall 244543 (2023) Kat:3, Licht: 2","244543","3","2","5","11","19","1","","2","1","1","0","0"
"POINT (13.390729692000036 52.530958966000071)","Unfall 244544 (2023) Kat:3, Licht: 2","244544","3","5","1","11","19","1","","2","1","1","0","0"
"POINT (13.569794878000039 52.540559721000079)","Unfall 244545 (2023) Kat:3, Licht: 0","244545","3","6","2","11","12","1","","0","0","1","0","0"
"POINT (13.497706285000049 52.424142855000071)","Unfall 244546 (2023) Kat:3, Licht: 0","244546","3","3","5","11","11","1","","0","0","1","0","0"
"POINT (13.350495567000053 52.503486581000061)","Unfall 244547 (2023) Kat:2, Licht: 0","244547","2","7","2","11","11","1","","0","0","0","0","1"
"POINT (13.442263412000045 52.500903112000060)","Unfall 244548 (2023) Kat:2, Licht: 2","244548","2","2","5","11","05","1","","2","1","1","0","0"
"POINT (13.303041574000076 52.505587198000057)","Unfall 244549 (2023) Kat:3, Licht: 2","244549","3","2","5","11","17","1","","2","1","1","0","0"
"POINT (13.414225032000047 52.488243806000071)","Unfall 244550 (2023) Kat:3, Licht: 0","244550","3","2","2","11","13","1","","0","0","1","0","0"
"POINT (13.410593566000045 52.522300192000046)","Unfall 244551 (2023) Kat:3, Licht: 2","244551","3","7","0","11","02","1","","2","0","0","0","0"
"POINT (13.384703628000068 52.496721512000079)","Unfall 244552 (2023) Kat:3, Licht: 2","244552","3","3","5","11","02","1","","2","0","1","0","0"
"POINT (13.394021316000021 52.483984739000050)","Unfall 244553 (2023) Kat:3, Licht: 2","244553","3","4","6","11","18","7","","2","0","1","1","0"
"POINT (13.384188219000066 52.551003405000074)","Unfall 244554 (2023) Kat:3, Licht: 2","244554","3","6","2","11","22","7","","2","0","1","0","0"
"POINT (13.397767654000063 52.495347916000071)","Unfall 244555 (2023) Kat:3, Licht: 2","244555","3","2","5","11","21","7","","2","1","1","0","0"
"POINT (13.457857934000060 52.444145502000026)","Unfall 244556 (2023) Kat:3, Licht: 2","244556","3","5","1","11","19","7","","2","1","1","0","0"
"POINT (13.428216472000031 52.499208187000079)","Unfall 244557 (2023) Kat:3, Licht: 0","244557","3","6","3","11","14","7","","0","1","0","0","0"
"POINT (13.503524471000048 52.450342655000043)","Unfall 244558 (2023) Kat:3, Licht: 2","244558","3","5","1","11","02","7","","2","0","1","0","0"
"POINT (13.425043501000061 52.480639316000065)","Unfall 244559 (2023) Kat:3, Licht: 2","244559","3","2","5","11","20","7","","2","1","1","0","0"
"POINT (13.197715643000038 52.522731044000068)","Unfall 244560 (2023) Kat:2, Licht: 2","244560","2","4","6","11","16","7","","2","0","1","1","0"
"POINT (13.198503212000048 52.532966788000067)","Unfall 244561 (2023) Kat:2, Licht: 1","244561","2","2","0","11","16","7","","1","1","0","0","0"
"POINT (13.435305248000077 52.509094133000076)","Unfall 244562 (2023) Kat:3, Licht: 1","244562","3","3","5","11","20","7","","1","0","1","0","0"
"POINT (13.504791019000038 52.563453392000042)","Unfall 244563 (2023) Kat:3, Licht: 2","244563","3","4","6","11","18","7","","2","0","1","1","0"
"POINT (13.422755946000052 52.570886561000066)","Unfall 244564 (2023) Kat:2, Licht: 1","244564","2","4","6","11","06","7","","1","0","0","1","0"
"POINT (13.517194511000071 52.564242220000040)","Unfall 244565 (2023) Kat:3, Licht: 1","244565","3","3","5","11","15","7","","1","0","1","0","0"
"POINT (13.268802030000074 52.404821384000059)","Unfall 244566 (2023) Kat:2, Licht: 0","244566","2","5","1","11","15","7","","0","1","1","0","0"
"POINT (13.386703816000022 52.491304387000071)","Unfall 244567 (2023) Kat:3, Licht: 0","244567","3","2","5","11","14","7","","0","1","1","0","0"
"POINT (13.331114600000035 52.502251886000067)","Unfall 244568 (2023) Kat:3, Licht: 2","244568","3","7","5","11","02","7","","2","0","1","0","1"
"POINT (13.170613643000024 52.523136238000063)","Unfall 244569 (2023) Kat:3, Licht: 0","244569","3","7","1","11","16","7","","0","0","1","1","0"
"POINT (13.519628734000037 52.506942768000044)","Unfall 244570 (2023) Kat:2, Licht: 0","244570","2","3","5","11","11","7","","0","1","1","0","0"
"POINT (13.328279641000051 52.477285124000048)","Unfall 244571 (2023) Kat:3, Licht: 2","244571","3","1","9","11","04","7","","2","0","1","0","0"
"POINT (13.335336645000041 52.499166147000039)","Unfall 244572 (2023) Kat:3, Licht: 2","244572","3","4","6","11","18","6","","2","0","0","1","0"
"POINT (13.413350424000043 52.417397863000076)","Unfall 244573 (2023) Kat:3, Licht: 2","244573","3","7","5","11","22","6","","2","0","1","0","0"
"POINT (13.181780994000064 52.437256310000066)","Unfall 244574 (2023) Kat:3, Licht: 2","244574","3","1","0","11","20","6","","2","0","1","0","0"
"POINT (13.305618724000055 52.502327929000046)","Unfall 244575 (2023) Kat:3, Licht: 2","244575","3","6","2","11","20","6","","2","0","1","0","0"
"POINT (13.442164528000035 52.456467776000068)","Unfall 244576 (2023) Kat:3, Licht: 1","244576","3","3","5","11","16","6","","1","0","1","0","0"
"POINT (13.381367459000046 52.543103692000045)","Unfall 244577 (2023) Kat:2, Licht: 2","244577","2","1","0","11","00","6","","2","0","1","0","0"
"POINT (13.380228124000041 52.532844175000037)","Unfall 244578 (2023) Kat:3, Licht: 2","244578","3","2","5","11","17","6","","2","1","1","0","0"
"POINT (13.356447610000032 52.490216530000055)","Unfall 244579 (2023) Kat:3, Licht: 2","244579","3","7","2","11","16","6","","2","0","1","0","0"
"POINT (13.379963904000022 52.571860260000051)","Unfall 244580 (2023) Kat:3, Licht: 2","244580","3","6","3","11","16","6","","2","1","0","0","0"
"POINT (13.157880012000021 52.543127197000047)","Unfall 244581 (2023) Kat:3, Licht: 0","244581","3","2","5","11","14","6","","0","0","1","0","0"
"POINT (13.472979317000068 52.512516844000061)","Unfall 244582 (2023) Kat:3, Licht: 2","244582","3","5","1","11","21","6","","2","1","1","0","0"
"POINT (13.350034010000059 52.513787586000035)","Unfall 244583 (2023) Kat:3, Licht: 2","244583","3","2","2","11","21","6","","2","0","1","0","0"
"POINT (13.360870367000075 52.491322710000077)","Unfall 244584 (2023) Kat:3, Licht: 2","244584","3","5","1","11","16","6","","2","1","1","0","0"
"POINT (13.324913534000075 52.461335366000071)","Unfall 244585 (2023) Kat:3, Licht: 0","244585","3","3","5","11","08","6","","0","1","1","0","0"
"POINT (13.324916171000041 52.500245854000070)","Unfall 244586 (2023) Kat:3, Licht: 0","244586","3","5","1","11","07","6","","0","1","1","0","0"
"POINT (13.262939101000029 52.521177524000052)","Unfall 244587 (2023) Kat:3, Licht: 2","244587","3","1","9","11","05","6","","2","0","1","0","0"
"POINT (13.157141961000036 52.539171490000058)","Unfall 244588 (2023) Kat:3, Licht: 0","244588","3","3","5","11","11","6","","0","1","1","0","0"
"POINT (13.316391798000041 52.469918425000060)","Unfall 244589 (2023) Kat:3, Licht: 0","244589","3","3","5","11","08","6","","0","1","1","0","0"
"POINT (13.198423254000033 52.532852799000068)","Unfall 244590 (2023) Kat:3, Licht: 2","244590","3","3","3","11","22","6","","2","0","1","0","0"
"POINT (13.383422305000067 52.548567857000080)","Unfall 244591 (2023) Kat:3, Licht: 2","244591","3","2","2","11","18","6","","2","1","1","0","0"
"POINT (13.420700042000021 52.533440643000063)","Unfall 244592 (2023) Kat:3, Licht: 2","244592","3","6","2","11","17","6","","2","0","1","0","0"
"POINT (13.360498107000069 52.597045777000062)","Unfall 244593 (2023) Kat:2, Licht: 2","244593","2","2","6","11","16","6","","2","0","1","1","0"
"POINT (13.501911648000032 52.434520672000076)","Unfall 244594 (2023) Kat:3, Licht: 0","244594","3","3","5","11","15","6","","0","0","1","0","0"
"POINT (13.374958703000061 52.487710285000048)","Unfall 244595 (2023) Kat:3, Licht: 0","244595","3","3","5","11","09","6","","0","0","1","0","0"
"POINT (13.454305639000040 52.493881624000039)","Unfall 244596 (2023) Kat:3, Licht: 0","244596","3","3","5","11","09","6","","0","1","0","0","0"
"POINT (13.466575704000036 52.502293368000039)","Unfall 244597 (2023) Kat:3, Licht: 0","244597","3","7","5","11","12","6","","0","1","1","0","0"
"POINT (13.314989112000035 52.514001575000066)","Unfall 244598 (2023) Kat:2, Licht: 2","244598","2","4","6","11","23","6","","2","0","1","1","0"
"POINT (13.413589645000059 52.525050909000072)","Unfall 244599 (2023) Kat:3, Licht: 2","244599","3","3","5","11","17","5","","2","1","0","0","0"
"POINT (13.243910655000036 52.440855366000051)","Unfall 244600 (2023) Kat:3, Licht: 0","244600","3","2","5","11","13","5","","0","0","1","0","0"