WKT,Name,OBJECTID,UKATEGORIE,UTYP1,UART,UMONAT,USTUNDE,UWOCHENTAG,STRZUSTAND,ULICHTVERH,ISTRAD,ISTPKW,ISTFUSS,ISTKRAD
"POINT (13.388096736000023 52.521295320000036)","Unfall 244601 (2023) Kat:2, Licht: 2","244601","2","4","6","11","00","5","","2","0","0","1","0"
"POINT (13.327801296000075 52.502964582000061)","Unfall 244602 (2023) Kat:3, Licht: 2","244602","3","6","3","11","19","5","","2","1","1","0","0"
"POINT (13.371950126000058 52.538919668000062)","Unfall 244603 (2023) Kat:3, Licht: 1","244603","3","2","5","11","15","5","","1","1","1","0","0"
"POINT (13.442725409000047 52.463984907000054)","Unfall 244604 (2023) Kat:3, Licht: 0","244604","3","3","5","11","09","5","","0","1","1","0","0"
"POINT (13.356962334000059 52.555922519000035)","Unfall 244605 (2023) Kat:3, Licht: 2","244605","3","1","0","11","20","5","","2","0","0","0","1"
"POINT (13.336889855000038 52.552530828000044)","Unfall 244606 (2023) Kat:3, Licht: 2","244606","3","2","5","11","19","5","","2","0","1","0","0"
"POINT (13.356137936000039 52.490185186000076)","Unfall 244607 (2023) Kat:3, Licht: 0","244607","3","7","2","11","15","5","","0","0","1","0","0"
"POINT (13.322217042000034 52.418651095000030)","Unfall 244608 (2023) Kat:3, Licht: 0","244608","3","6","2","11","10","5","","0","1","1","0","0"
"POINT (13.389837962000058 52.510716483000067)","Unfall 244609 (2023) Kat:3, Licht: 0","244609","3","6","2","11","10","5","","0","0","1","0","0"
"POINT (13.499762467000039 52.577203599000029)","Unfall 244610 (2023) Kat:2, Licht: 1","244610","2","3","5","11","07","5","","1","1","1","0","0"
"POINT (13.506798576000051 52.563969470000075)","Unfall 244611 (2023) Kat:3, Licht: 0","244611","3","6","2","11","07","5","","0","0","1","0","0"
"POINT (13.214635194000039 52.538289233000057)","Unfall 244612 (2023) Kat:3, Licht: 1","244612","3","6","2","11","07","5","","1","0","1","0","0"
"POINT (13.437896459000058 52.478280253000037)","Unfall 244613 (2023) Kat:3, Licht: 2","244613","3","3","5","11","19","5","","2","0","1","0","0"
"POINT (13.419863043000078 52.531768949000082)","Unfall 244614 (2023) Kat:3, Licht: 0","244614","3","4","6","11","07","5","","0","0","0","1","1"
"POINT (13.336960754000074 52.500925786000039)","Unfall 244615 (2023) Kat:2, Licht: 0","244615","2","2","2","11","13","5","","0","1","1","0","0"
"POINT (13.342287906000024 52.524086194000063)","Unfall 244616 (2023) Kat:3, Licht: 2","244616","3","7","6","11","21","5","","2","0","1","1","0"
"POINT (13.467092670000056 52.597130668000034)","Unfall 244617 (2023) Kat:3, Licht: 2","244617","3","3","5","11","20","5","","2","1","1","0","0"
"POINT (13.425817757000061 52.413706179000030)","Unfall 244618 (2023) Kat:2, Licht: 0","244618","2","3","5","11","11","5","","0","0","1","0","1"
"POINT (13.354703298000061 52.455304636000051)","Unfall 244619 (2023) Kat:3, Licht: 0","244619","3","5","1","11","09","5","","0","1","1","0","0"
"POINT (13.487428223000052 52.459330168000065)","Unfall 244620 (2023) Kat:3, Licht: 0","244620","3","2","5","11","14","5","","0","1","1","0","0"
"POINT (13.394808903000069 52.557453083000041)","Unfall 244621 (2023) Kat:3, Licht: 0","244621","3","7","1","11","15","5","","0","1","1","0","0"
"POINT (13.274764898000058 52.460489512000038)","Unfall 244622 (2023) Kat:3, Licht: 0","244622","3","1","0","11","08","5","","0","1","0","0","0"
"POINT (13.440394531000038 52.481640672000026)","Unfall 244623 (2023) Kat:3, Licht: 2","244623","3","4","6","11","22","5","","2","0","1","1","0"
"POINT (13.552642699000046 52.430491454000048)","Unfall 244624 (2023) Kat:3, Licht: 0","244624","3","6","2","11","11","5","","0","0","1","0","0"
"POINT (13.297426283000050 52.526443945000040)","Unfall 244625 (2023) Kat:3, Licht: 0","244625","3","2","5","11","09","5","","0","1","0","0","0"
"POINT (13.384195077000072 52.509999636000032)","Unfall 244626 (2023) Kat:3, Licht: 2","244626","3","2","5","11","22","5","","2","0","1","0","0"
"POINT (13.478706637000073 52.442839148000076)","Unfall 244627 (2023) Kat:3, Licht: 2","244627","3","1","9","11","17","5","","2","0","1","0","0"
"POINT (13.501047973000027 52.560867634000033)","Unfall 244628 (2023) Kat:3, Licht: 0","244628","3","2","5","11","11","5","","0","1","1","0","0"
"POINT (13.398944176000043 52.508227269000031)","Unfall 244629 (2023) Kat:3, Licht: 0","244629","3","3","5","11","08","5","","0","0","1","0","0"
"POINT (13.434970324000062 52.460902679000071)","Unfall 244630 (2023) Kat:3, Licht: 2","244630","3","2","6","11","06","5","","2","0","1","1","0"
"POINT (13.588468405000071 52.519183153000029)","Unfall 244631 (2023) Kat:3, Licht: 2","244631","3","3","5","11","04","5","","2","1","1","0","0"
"POINT (13.353526370000054 52.501112771000066)","Unfall 244632 (2023) Kat:3, Licht: 2","244632","3","2","0","11","19","4","","2","1","0","0","0"
"POINT (13.454484409000031 52.594609545000026)","Unfall 244633 (2023) Kat:3, Licht: 2","244633","3","1","0","11","17","4","","2","1","0","0","0"
"POINT (13.511829007000074 52.554579316000058)","Unfall 244634 (2023) Kat:3, Licht: 1","244634","3","2","5","11","16","4","","1","0","1","0","0"
"POINT (13.249846777000073 52.420430719000080)","Unfall 244635 (2023) Kat:3, Licht: 2","244635","3","3","5","11","04","4","","2","1","1","0","0"
"POINT (13.397455711000077 52.538672602000076)","Unfall 244636 (2023) Kat:2, Licht: 2","244636","2","4","6","11","17","4","","2","0","0","1","0"
"POINT (13.365515587000061 52.497455913000067)","Unfall 244637 (2023) Kat:3, Licht: 2","244637","3","3","5","11","18","4","","2","0","1","0","0"
"POINT (13.317931771000076 52.477116194000075)","Unfall 244638 (2023) Kat:3, Licht: 2","244638","3","2","6","11","17","4","","2","0","1","1","0"
"POINT (13.525022488000047 52.555398741000033)","Unfall 244639 (2023) Kat:2, Licht: 0","244639","2","1","8","11","08","4","","0","0","1","0","0"
"POINT (13.408303704000048 52.530414070000063)","Unfall 244640 (2023) Kat:3, Licht: 0","244640","3","3","5","11","08","4","","0","0","1","0","1"
"POINT (13.348849051000059 52.526317365000068)","Unfall 244641 (2023) Kat:3, Licht: 0","244641","3","6","2","11","15","4","","0","1","1","0","0"
"POINT (13.517125990000068 52.507836707000081)","Unfall 244642 (2023) Kat:3, Licht: 0","244642","3","4","6","11","14","4","","0","0","1","1","0"
"POINT (13.586239688000035 52.516865684000038)","Unfall 244643 (2023) Kat:3, Licht: 0","244643","3","3","5","11","09","4","","0","0","1","0","0"
"POINT (13.503302838000025 52.508605175000071)","Unfall 244644 (2023) Kat:3, Licht: 2","244644","3","5","1","11","19","4","","2","1","1","0","0"
"POINT (13.270411840000065 52.528462032000050)","Unfall 244645 (2023) Kat:3, Licht: 0","244645","3","7","0","11","07","4","","0","0","0","0","1"
"POINT (13.350222904000077 52.549656105000054)","Unfall 244646 (2023) Kat:3, Licht: 2","244646","3","7","5","11","17","4","","2","1","1","0","0"
"POINT (13.352750853000032 52.564374095000062)","Unfall 244647 (2023) Kat:3, Licht: 0","244647","3","7","6","11","13","4","","0","0","1","1","0"
"POINT (13.315293369000074 52.501039753000043)","Unfall 244648 (2023) Kat:3, Licht: 0","244648","3","6","3","11","13","4","","0","1","1","0","0"
"POINT (13.362191453000037 52.567752109000082)","Unfall 244649 (2023) Kat:3, Licht: 0","244649","3","6","2","11","11","4","","0","0","1","0","0"
"POINT (13.458723738000060 52.440219740000032)","Unfall 244650 (2023) Kat:3, Licht: 2","244650","3","3","5","11","06","4","","2","0","1","0","0"
"POINT (13.378022897000051 52.468630859000029)","Unfall 244651 (2023) Kat:3, Licht: 2","244651","3","3","5","11","06","4","","2","0","0","0","0"
"POINT (13.315850504000025 52.506291474000079)","Unfall 244652 (2023) Kat:3, Licht: 2","244652","3","3","5","11","19","4","","2","0","1","0","0"
"POINT (13.281133302000057 52.632720832000075)","Unfall 244653 (2023) Kat:3, Licht: 0","244653","3","3","5","11","10","4","","0","0","1","0","0"
"POINT (13.599854842000070 52.452172048000079)","Unfall 244654 (2023) Kat:3, Licht: 1","244654","3","3","0","11","07","4","","1","0","1","0","1"
"POINT (13.307775934000063 52.438272440000048)","Unfall 244655 (2023) Kat:3, Licht: 0","244655","3","7","1","11","10","4","","0","0","1","0","0"
"POINT (13.278768128000024 52.480009614000039)","Unfall 244656 (2023) Kat:3, Licht: 1","244656","3","3","5","11","16","4","","1","0","1","0","0"
"POINT (13.412085406000074 52.543141360000050)","Unfall 244657 (2023) Kat:3, Licht: 1","244657","3","3","5","11","15","4","","1","1","0","0","0"
"POINT (13.409755219000033 52.584749197000065)","Unfall 244658 (2023) Kat:3, Licht: 1","244658","3","3","5","11","06","4","","1","0","1","0","0"
"POINT (13.369866180000031 52.559658037000077)","Unfall 244659 (2023) Kat:3, Licht: 2","244659","3","2","6","11","21","3","","2","0","0","1","0"
"POINT (13.363646820000042 52.524690406000047)","Unfall 244660 (2023) Kat:3, Licht: 2","244660","3","4","6","11","18","3","","2","0","0","1","0"
"POINT (13.382671477000031 52.530474595000044)","Unfall 244661 (2023) Kat:3, Licht: 0","244661","3","4","6","11","08","3","","0","1","0","1","0"
"POINT (13.354166338000027 52.444277012000043)","Unfall 244662 (2023) Kat:3, Licht: 2","244662","3","2","6","11","22","3","","2","0","1","1","0"
"POINT (13.423683346000075 52.486513240000079)","Unfall 244663 (2023) Kat:2, Licht: 2","244663","2","6","3","11","19","3","","2","0","1","0","1"
"POINT (13.346632160000070 52.470713966000062)","Unfall 244664 (2023) Kat:3, Licht: 1","244664","3","7","1","11","15","3","","1","0","1","0","0"
"POINT (13.376708812000061 52.489339893000079)","Unfall 244665 (2023) Kat:2, Licht: 2","244665","2","2","6","11","23","3","","2","0","1","1","0"
"POINT (13.164972549000026 52.550518323000063)","Unfall 244666 (2023) Kat:2, Licht: 2","244666","2","4","6","11","16","3","","2","0","0","1","1"
"POINT (13.581781285000034 52.441360361000079)","Unfall 244667 (2023) Kat:3, Licht: 0","244667","3","2","5","11","16","3","","0","1","1","0","0"
"POINT (13.448398237000049 52.497528672000044)","Unfall 244668 (2023) Kat:3, Licht: 0","244668","3","3","5","11","10","3","","0","1","1","0","0"
"POINT (13.325839904000077 52.447928418000060)","Unfall 244669 (2023) Kat:3, Licht: 0","244669","3","6","3","11","09","3","","0","1","1","0","0"
"POINT (13.426815388000023 52.465828305000059)","Unfall 244670 (2023) Kat:3, Licht: 0","244670","3","4","6","11","09","3","","0","0","1","1","0"
"POINT (13.489786204000040 52.420061607000036)","Unfall 244671 (2023) Kat:3, Licht: 0","244671","3","3","5","11","07","3","","0","0","1","0","1"
"POINT (13.442285763000029 52.485731456000053)","Unfall 244672 (2023) Kat:3, Licht: 2","244672","3","1","9","11","00","3","","2","0","1","0","0"
"POINT (13.381895507000024 52.397090195000033)","Unfall 244673 (2023) Kat:3, Licht: 2","244673","3","2","4","11","21","3","","2","0","1","0","0"
"POINT (13.372027581000054 52.485053508000078)","Unfall 244674 (2023) Kat:3, Licht: 2","244674","3","2","0","11","18","3","","2","0","1","0","1"
"POINT (13.420038388000023 52.502327405000074)","Unfall 244675 (2023) Kat:3, Licht: 2","244675","3","6","2","11","18","3","","2","0","1","0","0"
"POINT (13.423882178000042 52.501460246000079)","Unfall 244676 (2023) Kat:3, Licht: 2","244676","3","5","1","11","21","3","","2","1","1","0","0"
"POINT (13.325860229000057 52.418480553000052)","Unfall 244677 (2023) Kat:3, Licht: 0","244677","3","3","5","11","08","3","","0","0","1","0","0"
"POINT (13.414073193000036 52.507922329000053)","Unfall 244678 (2023) Kat:3, Licht: 2","244678","3","2","6","11","18","3","","2","0","1","1","0"
"POINT (13.509776934000058 52.472790140000029)","Unfall 244679 (2023) Kat:3, Licht: 1","244679","3","7","5","11","17","3","","1","0","1","0","0"
"POINT (13.301383755000074 52.519166660000053)","Unfall 244680 (2023) Kat:3, Licht: 1","244680","3","2","5","11","17","3","","1","0","1","0","0"
"POINT (13.327544222000029 52.563905802000079)","Unfall 244681 (2023) Kat:3, Licht: 0","244681","3","6","3","11","13","3","","0","0","1","0","0"
"POINT (13.300793241000065 52.412963188000049)","Unfall 244682 (2023) Kat:3, Licht: 0","244682","3","6","2","11","08","3","","0","0","1","0","0"
"POINT (13.319594959000028 52.463147925000044)","Unfall 244683 (2023) Kat:3, Licht: 0","244683","3","2","0","11","15","3","","0","1","0","0","0"
"POINT (13.577616659000057 52.402319221000027)","Unfall 244684 (2023) Kat:3, Licht: 0","244684","3","3","5","11","08","3","","0","0","1","0","0"
"POINT (13.583207226000070 52.443357660000061)","Unfall 244685 (2023) Kat:3, Licht: 0","244685","3","7","5","11","08","3","","0","0","1","0","0"
"POINT (13.323511856000039 52.457196907000082)","Unfall 244686 (2023) Kat:3, Licht: 2","244686","3","4","6","11","17","3","","2","0","1","1","0"
"POINT (13.395856763000040 52.538222820000044)","Unfall 244687 (2023) Kat:3, Licht: 0","244687","3","2","5","11","14","3","","0","1","1","0","0"
"POINT (13.299694038000041 52.519556853000040)","Unfall 244688 (2023) Kat:2, Licht: 2","244688","2","2","5","11","20","3","","2","0","1","0","0"
"POINT (13.392401134000067 52.398342841000044)","Unfall 244689 (2023) Kat:3, Licht: 2","244689","3","6","2","11","17","3","","2","0","1","0","0"
"POINT (13.265444936000051 52.536648513000046)","Unfall 244690 (2023) Kat:3, Licht: 1","244690","3","6","2","11","16","3","","1","0","1","0","0"
"POINT (13.409644616000037 52.502244153000049)","Unfall 244691 (2023) Kat:3, Licht: 0","244691","3","5","1","11","10","3","","0","1","1","0","0"
"POINT (13.170590362000041 52.518415793000031)","Unfall 244692 (2023) Kat:3, Licht: 0","244692","3","4","6","11","07","3","","0","0","1","1","0"
"POINT (13.524940167000068 52.569055421000030)","Unfall 244693 (2023) Kat:3, Licht: 1","244693","3","4","0","11","18","2","","1","0","0","1","0"
"POINT (13.370346855000037 52.544657578000056)","Unfall 244694 (2023) Kat:2, Licht: 0","244694","2","2","5","11","11","2","","0","1","1","0","0"
"POINT (13.420280233000028 52.606230897000046)","Unfall 244695 (2023) Kat:3, Licht: 0","244695","3","2","5","11","10","2","","0","1","1","0","0"
"POINT (13.377155029000050 52.508589965000056)","Unfall 244696 (2023) Kat:3, Licht: 2","244696","3","4","6","11","19","2","","2","0","1","1","0"
"POINT (13.162057910000044 52.551801639000075)","Unfall 244697 (2023) Kat:2, Licht: 0","244697","2","2","5","11","14","5","","0","1","1","0","0"
"POINT (13.482109994000041 52.460681977000036)","Unfall 244698 (2023) Kat:3, Licht: 0","244698","3","6","2","11","08","2","","0","0","1","0","0"
"POINT (13.481315626000026 52.506566283000041)","Unfall 244699 (2023) Kat:3, Licht: 2","244699","3","2","5","11","16","2","","2","0","1","0","0"
"POINT (13.409035630000062 52.528954322000061)","Unfall 244700 (2023) Kat:3, Licht: 2","244700","3","6","2","11","00","2","","2","0","1","0","0"
"POINT (13.378955444000042 52.510910140000078)","Unfall 244701 (2023) Kat:3, Licht: 2","244701","3","5","1","11","17","2","","2","1","1","0","0"
"POINT (13.518457417000036 52.422278228000039)","Unfall 244702 (2023) Kat:3, Licht: 0","244702","3","6","3","11","15","2","","0","1","0","0","0"
"POINT (13.586668219000046 52.425646623000034)","Unfall 244703 (2023) Kat:3, Licht: 0","244703","3","7","6","11","15","2","","0","0","1","1","0"
"POINT (13.483703348000063 52.425568183000053)","Unfall 244704 (2023) Kat:2, Licht: 0","244704","2","4","6","11","14","2","","0","0","0","1","0"
"POINT (13.281352693000031 52.585507044000053)","Unfall 244705 (2023) Kat:3, Licht: 0","244705","3","3","5","11","13","2","","0","0","1","0","0"
"POINT (13.353968536000025 52.494749949000038)","Unfall 244706 (2023) Kat:3, Licht: 0","244706","3","7","2","11","09","2","","0","0","1","0","1"
"POINT (13.437214769000036 52.481553206000058)","Unfall 244707 (2023) Kat:2, Licht: 0","244707","2","5","1","11","08","2","","0","1","1","0","0"
"POINT (13.422675026000036 52.499184096000079)","Unfall 244708 (2023) Kat:3, Licht: 2","244708","3","6","2","11","21","2","","2","0","1","0","0"
"POINT (13.293628186000035 52.484237438000036)","Unfall 244709 (2023) Kat:2, Licht: 1","244709","2","3","5","11","15","3","","1","0","1","0","0"
"POINT (13.394393335000075 52.484059261000027)","Unfall 244710 (2023) Kat:3, Licht: 2","244710","3","2","6","11","22","2","","2","0","1","1","0"
"POINT (13.390286237000055 52.508593126000051)","Unfall 244711 (2023) Kat:3, Licht: 0","244711","3","3","5","11","15","2","","0","0","1","0","0"
"POINT (13.475675776000060 52.501404775000026)","Unfall 244712 (2023) Kat:3, Licht: 0","244712","3","6","2","11","14","2","","0","0","1","0","0"
"POINT (13.420648258000028 52.461354763000031)","Unfall 244713 (2023) Kat:3, Licht: 0","244713","3","3","5","11","07","2","","0","1","1","0","0"
"POINT (13.524719840000046 52.564803162000032)","Unfall 244714 (2023) Kat:2, Licht: 2","244714","2","4","6","11","06","2","","2","0","0","1","0"
"POINT (13.368677598000033 52.409856425000044)","Unfall 244715 (2023) Kat:2, Licht: 0","244715","2","1","4","11","15","2","","0","0","1","0","0"
"POINT (13.447503130000030 52.559194746000060)","Unfall 244716 (2023) Kat:3, Licht: 0","244716","3","1","0","11","15","2","","0","0","0","0","1"
"POINT (13.545198125000070 52.425739193000027)","Unfall 244717 (2023) Kat:3, Licht: 2","244717","3","2","5","11","17","2","","2","1","1","0","0"
"POINT (13.265918767000073 52.415817438000033)","Unfall 244718 (2023) Kat:3, Licht: 2","244718","3","6","4","11","06","2","","2","0","1","0","0"
"POINT (13.389874314000053 52.525720826000054)","Unfall 244719 (2023) Kat:3, Licht: 2","244719","3","2","2","11","20","2","","2","1","1","0","0"
"POINT (13.259748131000038 52.516187524000031)","Unfall 244720 (2023) Kat:3, Licht: 2","244720","3","1","9","11","19","2","","2","0","1","0","0"
"POINT (13.549954893000063 52.428515371000060)","Unfall 244721 (2023) Kat:3, Licht: 2","244721","3","6","2","11","16","2","","2","0","1","0","0"
"POINT (13.357674590000045 52.486670117000074)","Unfall 244722 (2023) Kat:3, Licht: 0","244722","3","2","5","11","15","2","","0","1","1","0","0"
"POINT (13.518098478000070 52.575051243000075)","Unfall 244723 (2023) Kat:3, Licht: 0","244723","3","6","0","11","14","2","","0","1","0","0","0"
"POINT (13.178078361000075 52.548767083000030)","Unfall 244724 (2023) Kat:3, Licht: 0","244724","3","2","5","11","12","2","","0","0","1","0","0"
"POINT (13.391016232000027 52.504187491000039)","Unfall 244725 (2023) Kat:3, Licht: 0","244725","3","2","6","11","10","2","","0","0","1","1","0"
"POINT (13.156206041000075 52.549043271000073)","Unfall 244726 (2023) Kat:3, Licht: 0","244726","3","4","6","11","09","3","","0","0","0","1","0"
"POINT (13.349292649000063 52.508504274000074)","Unfall 244727 (2023) Kat:3, Licht: 0","244727","3","3","0","11","07","2","","0","1","1","0","0"
"POINT (13.476442208000037 52.532929655000032)","Unfall 244728 (2023) Kat:2, Licht: 2","244728","2","3","5","11","21","2","","2","0","1","0","0"
"POINT (13.556438813000057 52.545610680000038)","Unfall 244729 (2023) Kat:3, Licht: 2","244729","3","1","0","11","00","1","","2","1","0","0","0"
"POINT (13.307600172000036 52.577381658000036)","Unfall 244730 (2023) Kat:3, Licht: 2","244730","3","2","5","11","20","1","","2","0","1","0","0"
"POINT (13.195722262000061 52.528960444000063)","Unfall 244731 (2023) Kat:2, Licht: 2","244731","2","4","6","11","18","1","","2","1","0","1","0"
"POINT (13.335629434000055 52.542018525000060)","Unfall 244732 (2023) Kat:3, Licht: 0","244732","3","2","5","11","14","1","","0","0","1","0","0"
"POINT (13.295693298000060 52.494001301000026)","Unfall 244733 (2023) Kat:3, Licht: 0","244733","3","3","2","11","13","1","","0","0","1","0","0"
"POINT (13.312206479000054 52.419830117000060)","Unfall 244734 (2023) Kat:3, Licht: 1","244734","3","2","5","11","15","1","","1","0","1","0","0"
"POINT (13.347975479000070 52.449841249000031)","Unfall 244735 (2023) Kat:2, Licht: 0","244735","2","4","6","11","14","1","","0","0","1","1","0"
"POINT (13.332896599000037 52.469131542000071)","Unfall 244736 (2023) Kat:2, Licht: 0","244736","2","4","6","11","14","1","","0","0","1","1","0"
"POINT (13.402215770000055 52.383909480000057)","Unfall 244737 (2023) Kat:3, Licht: 0","244737","3","3","5","11","13","1","","0","0","1","0","0"
"POINT (13.386356256000056 52.558661291000078)","Unfall 244738 (2023) Kat:3, Licht: 2","244738","3","3","5","11","02","1","","2","0","1","0","0"
"POINT (13.573217002000035 52.469990925000047)","Unfall 244739 (2023) Kat:3, Licht: 2","244739","3","3","0","11","18","7","","2","0","1","0","1"
"POINT (13.327066447000050 52.532708961000026)","Unfall 244740 (2023) Kat:3, Licht: 2","244740","3","3","0","11","17","7","","2","0","1","0","1"
"POINT (13.296343018000073 52.498881333000043)","Unfall 244741 (2023) Kat:3, Licht: 2","244741","3","5","1","11","19","7","","2","1","1","0","0"
"POINT (13.412602840000034 52.506026419000079)","Unfall 244742 (2023) Kat:3, Licht: 2","244742","3","7","2","11","19","7","","2","0","1","0","1"
"POINT (13.401062925000076 52.529952254000079)","Unfall 244743 (2023) Kat:3, Licht: 2","244743","3","1","0","11","18","7","","2","0","0","0","1"
"POINT (13.435356648000038 52.552239736000047)","Unfall 244744 (2023) Kat:3, Licht: 2","244744","3","5","1","11","18","7","","2","1","1","0","0"
"POINT (13.501356214000054 52.559628504000045)","Unfall 244745 (2023) Kat:3, Licht: 0","244745","3","3","5","11","14","7","","0","0","1","0","1"
"POINT (13.324243653000053 52.478768086000059)","Unfall 244746 (2023) Kat:3, Licht: 2","244746","3","7","5","11","20","7","","2","0","1","0","0"
"POINT (13.297941453000021 52.473487646000081)","Unfall 244747 (2023) Kat:3, Licht: 2","244747","3","2","6","11","18","7","","2","0","1","1","0"
"POINT (13.385666583000045 52.557954146000043)","Unfall 244748 (2023) Kat:3, Licht: 2","244748","3","6","3","11","20","7","","2","0","1","0","0"
"POINT (13.458548399000051 52.466778029000068)","Unfall 244749 (2023) Kat:3, Licht: 2","244749","3","6","2","11","16","7","","2","0","1","0","0"
"POINT (13.290481710000051 52.496997934000035)","Unfall 244750 (2023) Kat:3, Licht: 0","244750","3","4","6","11","15","7","","0","1","0","1","0"
"POINT (13.302854372000070 52.471376187000033)","Unfall 244751 (2023) Kat:3, Licht: 0","244751","3","6","2","11","13","7","","0","0","1","0","0"
"POINT (13.279157231000056 52.503620785000066)","Unfall 244752 (2023) Kat:3, Licht: 0","244752","3","2","5","11","11","7","","0","0","1","0","0"
"POINT (13.401662056000077 52.529231629000037)","Unfall 244753 (2023) Kat:3, Licht: 2","244753","3","7","5","11","21","7","","2","0","1","0","0"
"POINT (13.231480572000066 52.509861324000042)","Unfall 244754 (2023) Kat:3, Licht: 2","244754","3","7","0","11","18","7","","2","0","1","0","0"
"POINT (13.426564972000051 52.499277098000050)","Unfall 244755 (2023) Kat:3, Licht: 2","244755","3","2","5","11","18","7","","2","0","1","0","1"
"POINT (13.293109139000023 52.506715352000072)","Unfall 244756 (2023) Kat:3, Licht: 0","244756","3","2","5","11","13","7","","0","1","1","0","0"
"POINT (13.294990287000076 52.539624326000080)","Unfall 244757 (2023) Kat:3, Licht: 0","244757","3","3","5","11","13","7","","0","0","1","0","0"
"POINT (13.418653648000031 52.500391530000059)","Unfall 244758 (2023) Kat:2, Licht: 0","244758","2","7","6","11","13","7","","0","0","1","1","0"
"POINT (13.441951569000025 52.501080389000037)","Unfall 244759 (2023) Kat:3, Licht: 2","244759","3","6","2","11","00","7","","2","0","1","0","0"
"POINT (13.405489313000032 52.489151593000031)","Unfall 244760 (2023) Kat:3, Licht: 2","244760","3","2","5","11","00","7","","2","0","1","0","0"
"POINT (13.541122625000071 52.486635690000071)","Unfall 244761 (2023) Kat:3, Licht: 0","244761","3","4","6","11","09","6","","0","0","1","1","0"
"POINT (13.485326931000031 52.526736065000080)","Unfall 244762 (2023) Kat:3, Licht: 2","244762","3","3","5","11","17","6","","2","0","1","0","0"
"POINT (13.418519709000066 52.500206199000047)","Unfall 244763 (2023) Kat:3, Licht: 0","244763","3","3","3","11","15","6","","0","1","1","0","0"
"POINT (13.495855264000056 52.417763831000059)","Unfall 244764 (2023) Kat:3, Licht: 2","244764","3","2","5","11","19","6","","2","0","1","0","0"
"POINT (13.390279113000076 52.508592705000069)","Unfall 244765 (2023) Kat:3, Licht: 0","244765","3","3","5","11","08","6","","0","1","1","0","0"
"POINT (13.461471975000052 52.530501492000042)","Unfall 244766 (2023) Kat:3, Licht: 0","244766","3","6","2","11","07","6","","0","0","1","0","0"
"POINT (13.368417942000065 52.525812196000061)","Unfall 244767 (2023) Kat:3, Licht: 0","244767","3","4","6","11","10","6","","0","1","0","1","0"
"POINT (13.532630982000057 52.511437677000060)","Unfall 244768 (2023) Kat:3, Licht: 2","244768","3","4","6","11","16","6","","2","0","1","1","0"
"POINT (13.321713349000049 52.492798254000036)","Unfall 244769 (2023) Kat:3, Licht: 0","244769","3","6","2","11","13","6","","0","1","1","0","0"
"POINT (13.594977451000034 52.472490975000028)","Unfall 244770 (2023) Kat:3, Licht: 0","244770","3","7","7","11","07","6","","0","0","0","0","1"
"POINT (13.406585367000048 52.393764306000037)","Unfall 244771 (2023) Kat:2, Licht: 2","244771","2","2","5","11","22","6","","2","0","0","0","1"
"POINT (13.575844538000069 52.490980735000051)","Unfall 244772 (2023) Kat:3, Licht: 0","244772","3","4","6","11","14","6","","0","0","1","1","0"
"POINT (13.595903856000064 52.452972405000082)","Unfall 244773 (2023) Kat:3, Licht: 0","244773","3","5","1","11","11","6","","0","1","1","0","0"
"POINT (13.331406441000070 52.563014992000035)","Unfall 244774 (2023) Kat:3, Licht: 0","244774","3","6","3","11","14","6","","0","0","1","0","0"
"POINT (13.605774788000076 52.509767922000037)","Unfall 244775 (2023) Kat:3, Licht: 0","244775","3","3","0","11","13","6","","0","0","0","0","0"
"POINT (13.376897092000036 52.461475193000069)","Unfall 244776 (2023) Kat:3, Licht: 0","244776","3","2","5","11","12","6","","0","1","1","0","0"
"POINT (13.312494511000068 52.489968099000066)","Unfall 244777 (2023) Kat:3, Licht: 0","244777","3","2","2","11","07","6","","0","0","1","0","0"
"POINT (13.467606284000055 52.495836153000027)","Unfall 244778 (2023) Kat:3, Licht: 0","244778","3","4","6","11","16","6","","0","0","1","1","0"
"POINT (13.338124651000044 52.542972822000081)","Unfall 244779 (2023) Kat:3, Licht: 0","244779","3","6","2","11","15","6","","0","0","1","0","0"
"POINT (13.200568363000059 52.538588639000068)","Unfall 244780 (2023) Kat:3, Licht: 0","244780","3","2","6","11","14","6","","0","0","0","1","0"
"POINT (13.227268212000070 52.557846423000058)","Unfall 244781 (2023) Kat:3, Licht: 0","244781","3","1","0","11","14","6","","0","0","0","0","1"
"POINT (13.525398771000027 52.490742555000054)","Unfall 244782 (2023) Kat:3, Licht: 0","244782","3","5","1","11","11","6","","0","1","1","0","0"
"POINT (13.501561890000062 52.566079216000048)","Unfall 244783 (2023) Kat:2, Licht: 0","244783","2","2","5","11","08","6","","0","1","1","0","0"
"POINT (13.474037792000047 52.463840900000037)","Unfall 244784 (2023) Kat:3, Licht: 2","244784","3","3","5","11","01","6","","2","1","1","0","0"
"POINT (13.481543603000034 52.473026768000068)","Unfall 244785 (2023) Kat:3, Licht: 2","244785","3","2","5","11","18","6","","2","0","1","0","0"
"POINT (13.291620411000054 52.506669250000073)","Unfall 244786 (2023) Kat:3, Licht: 1","244786","3","6","2","11","18","6","","1","0","1","0","0"
"POINT (13.329504726000039 52.522750817000031)","Unfall 244787 (2023) Kat:3, Licht: 2","244787","3","6","2","11","18","6","","2","0","1","0","1"