WKT,Name,OBJECTID,UKATEGORIE,UTYP1,UART,UMONAT,USTUNDE,UWOCHENTAG,STRZUSTAND,ULICHTVERH,ISTRAD,ISTPKW,ISTFUSS,ISTKRAD
"POINT (13.265870582000048 52.513105090000067)","Unfall 244788 (2023) Kat:3, Licht: 0","244788","3","5","1","11","13","6","","0","0","1","0","0"
"POINT (13.305803007000065 52.505687545000058)","Unfall 244789 (2023) Kat:3, Licht: 0","244789","3","4","6","11","10","6","","0","0","0","1","0"
"POINT (13.390591895000057 52.512162767000063)","Unfall 244790 (2023) Kat:3, Licht: 0","244790","3","5","1","11","08","6","","0","1","1","0","0"
"POINT (13.384201850000068 52.591588036000076)","Unfall 244791 (2023) Kat:3, Licht: 2","244791","3","1","8","11","00","6","","2","0","1","0","0"
"POINT (13.514057180000066 52.539952638000045)","Unfall 244792 (2023) Kat:3, Licht: 2","244792","3","6","4","11","22","5","","2","1","0","0","0"
"POINT (13.370011051000063 52.526782839000077)","Unfall 244793 (2023) Kat:2, Licht: 2","244793","2","5","1","11","19","5","","2","1","0","0","0"
"POINT (13.535066201000063 52.432308204000037)","Unfall 244794 (2023) Kat:2, Licht: 0","244794","2","4","6","11","12","5","","0","0","0","1","0"
"POINT (13.420776431000036 52.498362957000040)","Unfall 244795 (2023) Kat:2, Licht: 2","244795","2","4","6","11","18","5","","2","1","0","1","0"
"POINT (13.423878295000065 52.542051101000027)","Unfall 244796 (2023) Kat:3, Licht: 2","244796","3","7","7","11","23","5","","2","1","0","0","0"
"POINT (13.450910014000044 52.518526034000047)","Unfall 244797 (2023) Kat:3, Licht: 1","244797","3","6","2","11","17","5","","1","1","1","0","0"
"POINT (13.359339539000075 52.596853207000038)","Unfall 244798 (2023) Kat:2, Licht: 0","244798","2","4","6","11","15","5","","0","0","1","1","0"
"POINT (13.426848795000069 52.488341440000056)","Unfall 244799 (2023) Kat:3, Licht: 0","244799","3","3","5","11","11","5","","0","1","1","0","0"
"POINT (13.537926315000050 52.554404261000059)","Unfall 244800 (2023) Kat:2, Licht: 0","244800","2","6","3","11","11","5","","0","0","1","0","1"
"POINT (13.308845952000070 52.487195603000032)","Unfall 244801 (2023) Kat:2, Licht: 0","244801","2","3","5","11","11","5","","0","0","1","0","1"
"POINT (13.195284707000042 52.535522866000065)","Unfall 244802 (2023) Kat:2, Licht: 2","244802","2","2","5","11","05","5","","2","0","1","0","1"
"POINT (13.391388864000021 52.550799150000046)","Unfall 244803 (2023) Kat:3, Licht: 2","244803","3","7","1","11","19","5","","2","1","1","0","0"
"POINT (13.342418998000028 52.440881387000047)","Unfall 244804 (2023) Kat:3, Licht: 0","244804","3","2","5","11","15","5","","0","0","1","0","1"
"POINT (13.552888682000059 52.496187852000048)","Unfall 244805 (2023) Kat:3, Licht: 0","244805","3","1","0","11","10","5","","0","0","0","0","1"
"POINT (13.300539343000025 52.579614493000065)","Unfall 244806 (2023) Kat:3, Licht: 2","244806","3","1","0","11","00","5","","2","1","0","0","0"
"POINT (13.277149959000042 52.510646345000055)","Unfall 244807 (2023) Kat:3, Licht: 0","244807","3","3","5","11","14","5","","0","0","1","0","0"
"POINT (13.326649677000034 52.508676514000058)","Unfall 244808 (2023) Kat:3, Licht: 2","244808","3","2","5","11","18","5","","2","1","1","0","0"
"POINT (13.416352047000032 52.451567806000071)","Unfall 244809 (2023) Kat:3, Licht: 1","244809","3","2","5","11","17","5","","1","0","1","0","0"
"POINT (13.315819642000065 52.490829425000072)","Unfall 244810 (2023) Kat:2, Licht: 0","244810","2","4","6","11","15","5","","0","0","1","1","0"
"POINT (13.510743931000036 52.503942846000029)","Unfall 244811 (2023) Kat:3, Licht: 0","244811","3","2","5","11","12","5","","0","1","1","0","0"
"POINT (13.439561833000027 52.499559542000043)","Unfall 244812 (2023) Kat:3, Licht: 0","244812","3","4","6","11","08","5","","0","1","0","1","0"
"POINT (13.329816049000044 52.510223594000081)","Unfall 244813 (2023) Kat:3, Licht: 0","244813","3","6","2","11","15","5","","0","0","1","0","0"
"POINT (13.447701744000028 52.523986617000048)","Unfall 244814 (2023) Kat:3, Licht: 0","244814","3","7","5","11","14","5","","0","0","1","0","0"
"POINT (13.179652343000043 52.421873019000031)","Unfall 244815 (2023) Kat:3, Licht: 0","244815","3","2","5","11","12","5","","0","0","1","0","0"
"POINT (13.442307743000072 52.541521674000080)","Unfall 244816 (2023) Kat:3, Licht: 0","244816","3","4","6","11","08","5","","0","0","0","1","0"
"POINT (13.422558364000054 52.544606245000068)","Unfall 244817 (2023) Kat:3, Licht: 2","244817","3","2","5","11","23","5","","2","1","0","0","0"
"POINT (13.362140526000076 52.568730228000049)","Unfall 244818 (2023) Kat:2, Licht: 2","244818","2","4","6","11","17","5","","2","0","1","1","0"
"POINT (13.217981405000046 52.527455428000053)","Unfall 244819 (2023) Kat:3, Licht: 1","244819","3","6","4","11","16","5","","1","1","0","0","0"
"POINT (13.351189182000041 52.504323192000072)","Unfall 244820 (2023) Kat:3, Licht: 0","244820","3","2","0","11","15","5","","0","1","1","0","0"
"POINT (13.275142207000044 52.577528055000073)","Unfall 244821 (2023) Kat:3, Licht: 0","244821","3","1","0","11","09","4","","0","0","1","0","1"
"POINT (13.454095672000051 52.482627682000043)","Unfall 244822 (2023) Kat:3, Licht: 1","244822","3","3","5","11","15","4","","1","1","1","0","0"
"POINT (13.388536944000066 52.501620459000037)","Unfall 244823 (2023) Kat:3, Licht: 2","244823","3","2","6","11","18","4","","2","1","0","1","0"
"POINT (13.494664324000041 52.414881080000043)","Unfall 244824 (2023) Kat:3, Licht: 0","244824","3","1","0","11","08","4","","0","1","0","0","0"
"POINT (13.314872789000049 52.495637959000078)","Unfall 244825 (2023) Kat:3, Licht: 0","244825","3","3","0","11","12","4","","0","0","1","0","1"
"POINT (13.396766596000077 52.515164535000054)","Unfall 244826 (2023) Kat:3, Licht: 2","244826","3","3","5","11","17","4","","2","1","1","0","0"
"POINT (13.339933969000072 52.518821023000044)","Unfall 244827 (2023) Kat:2, Licht: 2","244827","2","1","2","11","22","4","","2","0","1","0","0"
"POINT (13.416365817000042 52.397408436000035)","Unfall 244828 (2023) Kat:3, Licht: 0","244828","3","3","5","11","14","4","","0","0","1","0","0"
"POINT (13.345922571000074 52.597449210000036)","Unfall 244829 (2023) Kat:3, Licht: 0","244829","3","1","0","11","14","4","","0","0","0","0","1"
"POINT (13.390192929000023 52.508645787000034)","Unfall 244830 (2023) Kat:3, Licht: 0","244830","3","3","5","11","10","4","","0","0","1","0","0"
"POINT (13.513390535000042 52.568087697000067)","Unfall 244831 (2023) Kat:3, Licht: 0","244831","3","4","6","11","09","4","","0","0","1","1","0"
"POINT (13.425934918000053 52.478109189000065)","Unfall 244832 (2023) Kat:3, Licht: 0","244832","3","1","0","11","08","4","","0","0","0","0","1"
"POINT (13.257719188000067 52.421298074000049)","Unfall 244833 (2023) Kat:2, Licht: 0","244833","2","5","1","11","15","4","","0","1","0","0","0"
"POINT (13.313118951000035 52.574926181000080)","Unfall 244834 (2023) Kat:3, Licht: 0","244834","3","2","5","11","08","4","","0","0","1","0","0"
"POINT (13.372823157000028 52.492276962000062)","Unfall 244835 (2023) Kat:3, Licht: 0","244835","3","6","4","11","15","4","","0","1","0","0","0"
"POINT (13.425123852000070 52.480592471000080)","Unfall 244836 (2023) Kat:3, Licht: 2","244836","3","2","5","11","19","4","","2","1","0","0","1"
"POINT (13.397033624000073 52.541980089000049)","Unfall 244837 (2023) Kat:3, Licht: 2","244837","3","3","5","11","19","4","","2","1","0","0","0"
"POINT (13.345477474000063 52.554245622000053)","Unfall 244838 (2023) Kat:3, Licht: 0","244838","3","6","6","11","15","4","","0","0","0","1","0"
"POINT (13.281745896000075 52.511436758000059)","Unfall 244839 (2023) Kat:3, Licht: 0","244839","3","2","5","11","13","4","","0","0","1","0","0"
"POINT (13.301263550000044 52.579994347000081)","Unfall 244840 (2023) Kat:3, Licht: 0","244840","3","6","6","11","15","4","","0","1","0","1","0"
"POINT (13.437387981000029 52.422787622000044)","Unfall 244841 (2023) Kat:3, Licht: 0","244841","3","6","4","11","14","4","","0","0","1","0","0"
"POINT (13.327539573000024 52.503599726000061)","Unfall 244842 (2023) Kat:3, Licht: 0","244842","3","4","6","11","12","4","","0","1","0","1","0"
"POINT (13.423897610000040 52.488307512000063)","Unfall 244843 (2023) Kat:3, Licht: 0","244843","3","5","1","11","12","4","","0","0","1","0","0"
"POINT (13.359294359000046 52.456786621000049)","Unfall 244844 (2023) Kat:3, Licht: 0","244844","3","6","3","11","11","4","","0","0","1","0","0"
"POINT (13.373613732000024 52.550560135000069)","Unfall 244845 (2023) Kat:3, Licht: 0","244845","3","1","0","11","09","4","","0","0","0","0","1"
"POINT (13.358694285000070 52.506729097000061)","Unfall 244846 (2023) Kat:3, Licht: 0","244846","3","6","2","11","09","4","","0","0","0","0","0"
"POINT (13.288786991000052 52.595644999000058)","Unfall 244847 (2023) Kat:3, Licht: 0","244847","3","1","0","11","09","4","","0","1","0","0","0"
"POINT (13.433922968000047 52.523319725000079)","Unfall 244848 (2023) Kat:3, Licht: 0","244848","3","6","2","11","08","4","","0","1","1","0","0"
"POINT (13.397971498000061 52.510858199000040)","Unfall 244849 (2023) Kat:3, Licht: 0","244849","3","3","5","11","13","4","","0","1","1","0","0"
"POINT (13.180022714000074 52.504414391000068)","Unfall 244850 (2023) Kat:3, Licht: 0","244850","3","6","2","11","11","4","","0","0","1","0","0"
"POINT (13.426123838000024 52.506119281000053)","Unfall 244851 (2023) Kat:2, Licht: 0","244851","2","1","0","11","08","4","","0","1","0","0","0"
"POINT (13.385447579000072 52.501968608000027)","Unfall 244852 (2023) Kat:3, Licht: 2","244852","3","5","0","11","18","3","","2","0","1","0","0"
"POINT (13.356834671000058 52.535666774000049)","Unfall 244853 (2023) Kat:3, Licht: 2","244853","3","6","2","11","18","3","","2","0","1","0","0"
"POINT (13.392815985000027 52.542499286000066)","Unfall 244854 (2023) Kat:3, Licht: 2","244854","3","7","0","11","22","3","","2","0","1","0","1"
"POINT (13.205547266000053 52.539653644000055)","Unfall 244855 (2023) Kat:3, Licht: 0","244855","3","2","5","11","15","3","","0","1","1","0","0"
"POINT (13.352180556000064 52.535387212000046)","Unfall 244856 (2023) Kat:3, Licht: 0","244856","3","5","5","11","15","3","","0","0","1","0","0"
"POINT (13.505264755000042 52.471163214000057)","Unfall 244857 (2023) Kat:2, Licht: 0","244857","2","6","2","11","15","3","","0","0","1","0","1"
"POINT (13.399991265000040 52.519319978000055)","Unfall 244858 (2023) Kat:3, Licht: 0","244858","3","4","6","11","13","3","","0","1","0","1","0"
"POINT (13.377507128000047 52.475951206000047)","Unfall 244859 (2023) Kat:3, Licht: 0","244859","3","6","2","11","12","3","","0","0","1","0","0"
"POINT (13.201318870000023 52.538381900000047)","Unfall 244860 (2023) Kat:3, Licht: 0","244860","3","3","5","11","12","3","","0","1","1","0","0"
"POINT (13.335427311000046 52.542154903000039)","Unfall 244861 (2023) Kat:3, Licht: 2","244861","3","7","0","11","20","3","","2","0","1","0","0"
"POINT (13.295347995000043 52.496047757000042)","Unfall 244862 (2023) Kat:3, Licht: 2","244862","3","5","1","11","17","3","","2","1","1","0","0"
"POINT (13.301557856000045 52.499050401000034)","Unfall 244863 (2023) Kat:3, Licht: 0","244863","3","6","3","11","10","3","","0","1","1","0","0"
"POINT (13.408227691000036 52.550983097000028)","Unfall 244864 (2023) Kat:3, Licht: 0","244864","3","2","3","11","08","3","","0","1","0","0","0"
"POINT (13.343315580000024 52.568445714000063)","Unfall 244865 (2023) Kat:3, Licht: 2","244865","3","5","1","11","18","3","","2","1","1","0","0"
"POINT (13.177472381000030 52.516967602000079)","Unfall 244866 (2023) Kat:3, Licht: 0","244866","3","2","5","11","16","3","","0","0","1","0","0"
"POINT (13.560286295000026 52.422520379000048)","Unfall 244867 (2023) Kat:3, Licht: 2","244867","3","3","5","11","17","3","","2","1","1","0","0"
"POINT (13.337191489000077 52.451053228000035)","Unfall 244868 (2023) Kat:3, Licht: 1","244868","3","6","0","11","16","3","","1","0","1","0","0"
"POINT (13.446730356000046 52.498511878000045)","Unfall 244869 (2023) Kat:3, Licht: 0","244869","3","6","2","11","11","3","","0","0","1","0","0"
"POINT (13.342677201000072 52.582899806000057)","Unfall 244870 (2023) Kat:3, Licht: 0","244870","3","4","6","11","08","3","","0","0","0","0","1"
"POINT (13.198169053000072 52.534991809000076)","Unfall 244871 (2023) Kat:3, Licht: 0","244871","3","4","6","11","08","3","","0","0","1","1","0"
"POINT (13.508541592000029 52.500261745000046)","Unfall 244872 (2023) Kat:3, Licht: 1","244872","3","3","0","11","07","3","","1","0","0","0","1"
"POINT (13.259422077000067 52.433190415000070)","Unfall 244873 (2023) Kat:3, Licht: 2","244873","3","3","5","11","21","3","","2","0","1","0","0"
"POINT (13.204496740000025 52.536141514000064)","Unfall 244874 (2023) Kat:3, Licht: 1","244874","3","2","3","11","16","3","","1","0","1","0","1"
"POINT (13.594005618000040 52.453183782000053)","Unfall 244875 (2023) Kat:3, Licht: 0","244875","3","6","2","11","10","3","","0","0","1","0","0"
"POINT (13.297498830000052 52.534574013000054)","Unfall 244876 (2023) Kat:3, Licht: 2","244876","3","2","5","11","18","6","","2","0","1","0","0"
"POINT (13.493613735000054 52.636060543000042)","Unfall 244877 (2023) Kat:2, Licht: 0","244877","2","2","6","11","10","3","","0","0","1","1","0"
"POINT (13.509436653000023 52.546409997000069)","Unfall 244878 (2023) Kat:2, Licht: 0","244878","2","2","5","11","07","3","","0","0","1","0","1"
"POINT (13.405854374000057 52.552768897000078)","Unfall 244879 (2023) Kat:3, Licht: 0","244879","3","3","5","11","14","3","","0","0","1","0","0"
"POINT (13.346884732000035 52.428884517000029)","Unfall 244880 (2023) Kat:3, Licht: 0","244880","3","2","0","11","13","3","","0","0","1","0","1"
"POINT (13.406785041000035 52.393768455000043)","Unfall 244881 (2023) Kat:3, Licht: 0","244881","3","2","5","11","09","3","","0","0","1","0","0"
"POINT (13.506963014000064 52.628235978000077)","Unfall 244882 (2023) Kat:3, Licht: 0","244882","3","6","2","11","09","3","","0","0","1","0","0"
"POINT (13.449554436000028 52.537186335000058)","Unfall 244883 (2023) Kat:3, Licht: 0","244883","3","2","5","11","07","3","","0","0","1","0","1"
"POINT (13.494986597000036 52.431798430000072)","Unfall 244884 (2023) Kat:3, Licht: 0","244884","3","7","0","11","15","3","","0","0","0","0","0"
"POINT (13.593361564000077 52.451714231000039)","Unfall 244885 (2023) Kat:3, Licht: 0","244885","3","2","6","11","12","3","","0","0","1","1","0"
"POINT (13.236232533000077 52.586698820000038)","Unfall 244886 (2023) Kat:3, Licht: 0","244886","3","7","7","11","07","3","","0","0","1","0","0"
"POINT (13.471865085000047 52.507855989000063)","Unfall 244887 (2023) Kat:3, Licht: 0","244887","3","2","0","11","07","3","","0","1","1","0","0"
"POINT (13.350217864000058 52.513678137000056)","Unfall 244888 (2023) Kat:3, Licht: 0","244888","3","1","0","11","07","3","","0","0","0","0","0"
"POINT (13.219071997000071 52.560198399000058)","Unfall 244889 (2023) Kat:3, Licht: 1","244889","3","3","0","11","17","2","","1","1","1","0","0"
"POINT (13.424829736000049 52.482819230000075)","Unfall 244890 (2023) Kat:3, Licht: 2","244890","3","5","1","11","18","2","","2","0","1","0","0"
"POINT (13.369987923000053 52.465336210000032)","Unfall 244891 (2023) Kat:3, Licht: 2","244891","3","3","5","11","16","2","","2","0","1","0","0"
"POINT (13.415942354000038 52.399379416000045)","Unfall 244892 (2023) Kat:3, Licht: 0","244892","3","3","5","11","15","2","","0","0","1","0","0"
"POINT (13.373924941000041 52.556512703000067)","Unfall 244893 (2023) Kat:3, Licht: 0","244893","3","2","2","11","14","2","","0","0","1","0","0"
"POINT (13.306803568000078 52.437800431000028)","Unfall 244894 (2023) Kat:2, Licht: 0","244894","2","3","5","11","11","2","","0","0","1","0","0"
"POINT (13.307119743000044 52.467898514000069)","Unfall 244895 (2023) Kat:3, Licht: 0","244895","3","6","2","11","10","2","","0","1","1","0","0"
"POINT (13.385562985000035 52.526990475000048)","Unfall 244896 (2023) Kat:3, Licht: 0","244896","3","6","3","11","15","2","","0","1","1","0","0"
"POINT (13.428189950000046 52.507268852000038)","Unfall 244897 (2023) Kat:3, Licht: 1","244897","3","2","5","11","16","2","","1","1","0","0","0"
"POINT (13.323943528000029 52.418623959000058)","Unfall 244898 (2023) Kat:3, Licht: 0","244898","3","6","2","11","15","2","","0","0","1","0","0"
"POINT (13.198117847000049 52.534997907000047)","Unfall 244899 (2023) Kat:3, Licht: 0","244899","3","7","5","11","10","2","","0","0","1","0","0"
"POINT (13.467780489000063 52.546354228000041)","Unfall 244900 (2023) Kat:3, Licht: 2","244900","3","3","5","11","19","3","","2","1","1","0","0"
"POINT (13.320348101000036 52.486632612000051)","Unfall 244901 (2023) Kat:3, Licht: 0","244901","3","1","9","11","07","2","","0","0","0","0","0"
"POINT (13.326932830000032 52.498795868000059)","Unfall 244902 (2023) Kat:3, Licht: 1","244902","3","1","0","11","16","2","","1","1","0","0","0"
"POINT (13.293897884000046 52.445625246000077)","Unfall 244903 (2023) Kat:3, Licht: 2","244903","3","2","6","11","17","2","","2","0","0","1","0"
"POINT (13.485764350000068 52.523180479000075)","Unfall 244904 (2023) Kat:3, Licht: 2","244904","3","6","2","11","07","2","","2","1","0","0","0"
"POINT (13.370484508000061 52.564133594000054)","Unfall 244905 (2023) Kat:3, Licht: 0","244905","3","4","6","11","15","2","","0","0","1","1","0"
"POINT (13.290138517000059 52.475716038000030)","Unfall 244906 (2023) Kat:3, Licht: 2","244906","3","4","6","11","17","2","","2","0","0","1","0"
"POINT (13.625840541000059 52.529092564000052)","Unfall 244907 (2023) Kat:3, Licht: 0","244907","3","6","2","11","15","2","","0","0","1","0","0"
"POINT (13.376142856000058 52.553683633000048)","Unfall 244908 (2023) Kat:3, Licht: 0","244908","3","6","2","11","13","2","","0","0","1","0","0"
"POINT (13.423429568000074 52.560815229000070)","Unfall 244909 (2023) Kat:3, Licht: 0","244909","3","5","1","11","15","2","","0","1","1","0","0"
"POINT (13.407982738000044 52.489076356000055)","Unfall 244910 (2023) Kat:3, Licht: 0","244910","3","3","5","11","11","2","","0","1","0","0","1"
"POINT (13.209023268000067 52.564908205000052)","Unfall 244911 (2023) Kat:2, Licht: 0","244911","2","7","0","11","10","2","","0","0","0","0","0"
"POINT (13.359059670000022 52.546369614000071)","Unfall 244912 (2023) Kat:3, Licht: 0","244912","3","2","5","11","10","2","","0","0","1","0","1"
"POINT (13.250061026000026 52.421212421000064)","Unfall 244913 (2023) Kat:3, Licht: 0","244913","3","2","0","11","08","2","","0","1","1","0","0"
"POINT (13.247348373000023 52.621998089000044)","Unfall 244914 (2023) Kat:3, Licht: 0","244914","3","1","0","11","07","2","","0","1","0","0","0"
"POINT (13.298172778000037 52.441683627000032)","Unfall 244915 (2023) Kat:2, Licht: 0","244915","2","2","5","11","08","2","","0","1","1","0","0"
"POINT (13.448613408000028 52.478536335000058)","Unfall 244916 (2023) Kat:3, Licht: 0","244916","3","3","5","11","08","2","","0","1","0","0","0"
"POINT (13.396624408000037 52.554690729000072)","Unfall 244917 (2023) Kat:3, Licht: 0","244917","3","5","0","11","13","1","","0","1","1","0","0"
"POINT (13.378531828000064 52.550344854000059)","Unfall 244918 (2023) Kat:3, Licht: 2","244918","3","2","6","11","20","1","","2","0","1","1","0"
"POINT (13.561464835000038 52.436407966000047)","Unfall 244919 (2023) Kat:3, Licht: 2","244919","3","6","2","11","17","1","","2","0","1","0","0"
"POINT (13.393125365000060 52.515014084000029)","Unfall 244920 (2023) Kat:3, Licht: 0","244920","3","3","5","11","07","1","","0","0","1","0","0"
"POINT (13.342064008000023 52.517923630000041)","Unfall 244921 (2023) Kat:3, Licht: 2","244921","3","2","5","11","22","1","","2","0","1","0","0"
"POINT (13.441594019000036 52.532263383000043)","Unfall 244922 (2023) Kat:2, Licht: 2","244922","2","2","6","11","20","1","","2","0","1","1","0"
"POINT (13.349103994000075 52.490334681000036)","Unfall 244923 (2023) Kat:3, Licht: 2","244923","3","3","5","11","05","1","","2","0","1","0","0"
"POINT (13.296419027000070 52.464648726000064)","Unfall 244924 (2023) Kat:2, Licht: 2","244924","2","7","5","11","19","1","","2","0","1","0","0"
"POINT (13.415825732000030 52.526662494000050)","Unfall 244925 (2023) Kat:3, Licht: 2","244925","3","7","6","11","03","1","","2","0","1","1","0"
"POINT (13.491295213000058 52.469089591000056)","Unfall 244926 (2023) Kat:3, Licht: 2","244926","3","2","5","11","19","1","","2","0","1","0","0"
"POINT (13.451757884000074 52.525784209000051)","Unfall 244927 (2023) Kat:3, Licht: 1","244927","3","4","6","11","16","1","","1","0","0","1","0"
"POINT (13.330556337000075 52.570758289000082)","Unfall 244928 (2023) Kat:3, Licht: 0","244928","3","6","2","11","09","1","","0","0","1","0","0"
"POINT (13.488060761000042 52.434989292000068)","Unfall 244929 (2023) Kat:3, Licht: 0","244929","3","3","5","11","09","1","","0","0","1","0","0"
"POINT (13.527350240000032 52.482975988000078)","Unfall 244930 (2023) Kat:3, Licht: 2","244930","3","5","1","11","04","1","","2","0","1","0","0"
"POINT (13.452914654000040 52.512398600000040)","Unfall 244931 (2023) Kat:3, Licht: 0","244931","3","2","6","11","09","4","","0","0","1","1","0"
"POINT (13.320505619000073 52.456813420000060)","Unfall 244932 (2023) Kat:3, Licht: 2","244932","3","2","6","11","19","1","","2","0","1","1","0"
"POINT (13.330847267000024 52.594713528000057)","Unfall 244933 (2023) Kat:3, Licht: 2","244933","3","1","0","11","17","7","","2","0","0","0","0"
"POINT (13.401129497000056 52.414588888000026)","Unfall 244934 (2023) Kat:3, Licht: 0","244934","3","2","5","11","12","7","","0","0","1","0","0"
"POINT (13.347854928000061 52.575826726000059)","Unfall 244935 (2023) Kat:3, Licht: 0","244935","3","1","8","11","15","7","","0","0","0","0","1"
"POINT (13.306418137000037 52.518706452000060)","Unfall 244936 (2023) Kat:2, Licht: 0","244936","2","5","5","11","14","7","","0","1","1","0","0"
"POINT (13.207502975000068 52.554090654000049)","Unfall 244937 (2023) Kat:2, Licht: 0","244937","2","3","5","11","12","7","","0","0","1","0","0"
"POINT (13.498656331000063 52.538373723000063)","Unfall 244938 (2023) Kat:3, Licht: 0","244938","3","3","5","11","11","7","","0","1","1","0","0"
"POINT (13.395637129000022 52.528978635000044)","Unfall 244939 (2023) Kat:3, Licht: 2","244939","3","1","0","11","02","7","","2","0","1","0","0"
"POINT (13.394325258000038 52.491446502000031)","Unfall 244940 (2023) Kat:2, Licht: 2","244940","2","2","6","11","22","7","","2","0","1","1","0"
"POINT (13.195774327000038 52.519700118000060)","Unfall 244941 (2023) Kat:3, Licht: 2","244941","3","7","0","11","18","7","","2","1","0","0","0"
"POINT (13.385527140000022 52.518310811000049)","Unfall 244942 (2023) Kat:3, Licht: 1","244942","3","6","2","11","16","7","","1","0","1","0","0"
"POINT (13.560976597000035 52.456365498000082)","Unfall 244943 (2023) Kat:3, Licht: 0","244943","3","6","3","11","11","7","","0","0","1","0","0"
"POINT (13.409761995000054 52.524016344000074)","Unfall 244944 (2023) Kat:3, Licht: 0","244944","3","2","5","11","10","7","","0","1","0","0","0"
"POINT (13.405830291000029 52.505016909000062)","Unfall 244945 (2023) Kat:3, Licht: 2","244945","3","5","1","11","16","7","","2","0","1","0","0"
"POINT (13.485067315000038 52.533009289000063)","Unfall 244946 (2023) Kat:3, Licht: 2","244946","3","2","6","11","21","7","","2","0","0","1","0"
"POINT (13.454455882000047 52.512148095000043)","Unfall 244947 (2023) Kat:3, Licht: 2","244947","3","6","2","11","20","7","","2","0","1","0","0"
"POINT (13.298571337000055 52.498331005000068)","Unfall 244948 (2023) Kat:3, Licht: 0","244948","3","6","2","11","14","7","","0","0","1","0","0"
"POINT (13.593002930000068 52.532967079000059)","Unfall 244949 (2023) Kat:2, Licht: 0","244949","2","2","5","11","09","7","","0","1","1","0","0"
"POINT (13.436701789000040 52.423610916000030)","Unfall 244950 (2023) Kat:3, Licht: 2","244950","3","2","5","11","02","7","","2","0","1","0","0"
"POINT (13.329591737000044 52.459045790000062)","Unfall 244951 (2023) Kat:3, Licht: 0","244951","3","3","5","11","13","7","","0","0","1","0","0"
"POINT (13.409765324000034 52.524016162000066)","Unfall 244952 (2023) Kat:3, Licht: 2","244952","3","2","5","11","16","7","","2","1","1","0","0"
"POINT (13.353685163000023 52.427498358000037)","Unfall 244953 (2023) Kat:3, Licht: 0","244953","3","3","5","11","13","7","","0","0","1","0","0"
"POINT (13.401071767000076 52.529941583000038)","Unfall 244954 (2023) Kat:3, Licht: 0","244954","3","6","2","11","10","7","","0","1","1","0","0"
"POINT (13.564644200000032 52.438606321000066)","Unfall 244955 (2023) Kat:3, Licht: 2","244955","3","2","5","11","18","6","","2","1","1","0","0"
"POINT (13.353021281000053 52.529551641000069)","Unfall 244956 (2023) Kat:3, Licht: 0","244956","3","7","0","11","12","6","","0","0","0","0","0"
"POINT (13.498037671000077 52.534142941000027)","Unfall 244957 (2023) Kat:3, Licht: 2","244957","3","6","2","11","17","6","","2","0","1","0","0"
"POINT (13.533767459000046 52.481321545000071)","Unfall 244958 (2023) Kat:3, Licht: 1","244958","3","7","2","11","16","6","","1","0","1","0","0"
"POINT (13.386584264000021 52.553594085000043)","Unfall 244959 (2023) Kat:3, Licht: 0","244959","3","5","5","11","15","6","","0","0","1","0","0"
"POINT (13.426117903000033 52.499257181000075)","Unfall 244960 (2023) Kat:3, Licht: 2","244960","3","2","5","11","18","2","","2","1","0","0","0"
"POINT (13.353146023000022 52.441528525000081)","Unfall 244961 (2023) Kat:3, Licht: 2","244961","3","5","1","11","20","6","","2","1","1","0","0"
"POINT (13.564019589000054 52.438136586000041)","Unfall 244962 (2023) Kat:2, Licht: 2","244962","2","4","6","11","20","6","","2","0","1","1","0"
"POINT (13.586752924000052 52.440855335000037)","Unfall 244963 (2023) Kat:3, Licht: 0","244963","3","2","2","11","14","6","","0","0","1","0","0"
"POINT (13.405969173000074 52.482712891000062)","Unfall 244964 (2023) Kat:3, Licht: 0","244964","3","3","5","11","12","6","","0","1","1","0","0"
"POINT (13.419348386000024 52.487538364000045)","Unfall 244965 (2023) Kat:3, Licht: 2","244965","3","7","5","11","19","6","","2","0","1","0","0"
"POINT (13.406928060000041 52.541093364000062)","Unfall 244966 (2023) Kat:3, Licht: 2","244966","3","5","5","11","17","7","","2","0","1","0","0"
"POINT (13.332599669000047 52.468969549000064)","Unfall 244967 (2023) Kat:3, Licht: 1","244967","3","2","5","11","17","6","","1","0","1","0","0"
"POINT (13.454102855000031 52.594584687000065)","Unfall 244968 (2023) Kat:3, Licht: 1","244968","3","1","0","11","17","2","","1","1","0","0","0"
"POINT (13.395335759000034 52.496809693000046)","Unfall 244969 (2023) Kat:3, Licht: 2","244969","3","3","5","11","18","6","","2","1","1","0","0"
"POINT (13.436185262000038 52.448865268000077)","Unfall 244970 (2023) Kat:3, Licht: 0","244970","3","2","5","11","12","6","","0","0","1","0","0"
"POINT (13.430203468000059 52.550896857000055)","Unfall 244971 (2023) Kat:3, Licht: 0","244971","3","2","5","11","08","6","","0","1","1","0","0"
"POINT (13.379337892000024 52.540271174000054)","Unfall 244972 (2023) Kat:3, Licht: 0","244972","3","2","2","11","09","6","","0","0","1","0","0"
"POINT (13.422233443000039 52.492942516000028)","Unfall 244973 (2023) Kat:3, Licht: 1","244973","3","2","5","11","17","6","","1","0","1","0","0"
"POINT (13.529427633000068 52.513538726000036)","Unfall 244974 (2023) Kat:3, Licht: 0","244974","3","3","5","11","09","6","","0","0","1","0","0"