WKT,Name,OBJECTID,UKATEGORIE,UTYP1,UART,UMONAT,USTUNDE,UWOCHENTAG,STRZUSTAND,ULICHTVERH,ISTRAD,ISTPKW,ISTFUSS,ISTKRAD
"POINT (13.484756311000069 52.463668470000073)","Unfall 244975 (2023) Kat:2, Licht: 1","244975","2","1","0","11","16","6","","1","0","0","0","1"
"POINT (13.291065063000076 52.581233609000037)","Unfall 244976 (2023) Kat:3, Licht: 0","244976","3","2","0","11","13","6","","0","1","1","0","0"
"POINT (13.609367536000036 52.492977835000033)","Unfall 244977 (2023) Kat:3, Licht: 0","244977","3","3","5","11","13","6","","0","0","1","0","0"
"POINT (13.460021931000028 52.431805652000037)","Unfall 244978 (2023) Kat:3, Licht: 0","244978","3","2","5","11","12","6","","0","1","1","0","0"
"POINT (13.519151620000059 52.509412505000057)","Unfall 244979 (2023) Kat:3, Licht: 0","244979","3","2","5","11","10","6","","0","0","1","0","0"
"POINT (13.505578060000062 52.636798879000082)","Unfall 244980 (2023) Kat:3, Licht: 0","244980","3","6","2","11","07","6","","0","0","1","0","0"
"POINT (13.434676559000025 52.450914822000072)","Unfall 244981 (2023) Kat:3, Licht: 0","244981","3","3","5","11","15","6","","0","0","1","0","0"
"POINT (13.611369549000074 52.539960802000053)","Unfall 244982 (2023) Kat:3, Licht: 0","244982","3","6","2","11","11","6","","0","0","1","0","0"
"POINT (13.433295014000066 52.444903618000069)","Unfall 244983 (2023) Kat:2, Licht: 0","244983","2","2","0","11","14","5","","0","0","1","0","0"
"POINT (13.194246006000071 52.545715783000048)","Unfall 244984 (2023) Kat:1, Licht: 2","244984","1","2","6","11","18","5","","2","0","1","1","0"
"POINT (13.424960001000045 52.607312792000073)","Unfall 244985 (2023) Kat:3, Licht: 2","244985","3","6","2","11","18","5","","2","0","1","0","1"
"POINT (13.439252030000034 52.470171407000066)","Unfall 244986 (2023) Kat:3, Licht: 2","244986","3","7","0","11","21","5","","2","0","1","0","0"
"POINT (13.345206408000024 52.554214279000064)","Unfall 244987 (2023) Kat:3, Licht: 1","244987","3","2","6","11","20","5","","1","0","0","1","0"
"POINT (13.339904545000024 52.616989176000061)","Unfall 244988 (2023) Kat:3, Licht: 2","244988","3","3","5","11","19","5","","2","0","1","0","0"
"POINT (13.503972349000037 52.546586187000059)","Unfall 244989 (2023) Kat:3, Licht: 2","244989","3","3","5","11","18","5","","2","0","1","0","0"
"POINT (13.416550919000031 52.570529966000038)","Unfall 244990 (2023) Kat:3, Licht: 0","244990","3","2","5","11","14","5","","0","1","1","0","0"
"POINT (13.392499765000025 52.484131151000042)","Unfall 244991 (2023) Kat:3, Licht: 2","244991","3","2","5","11","22","5","","2","0","1","0","0"
"POINT (13.265060759000050 52.432744640000067)","Unfall 244992 (2023) Kat:3, Licht: 0","244992","3","3","5","11","10","5","","0","1","1","0","0"
"POINT (13.277132699000049 52.513532980000036)","Unfall 244993 (2023) Kat:3, Licht: 0","244993","3","3","5","11","09","5","","0","0","1","0","0"
"POINT (13.341336299000034 52.532263081000053)","Unfall 244994 (2023) Kat:3, Licht: 2","244994","3","2","5","11","18","5","","2","0","1","0","0"
"POINT (13.406393665000053 52.565384103000042)","Unfall 244995 (2023) Kat:3, Licht: 1","244995","3","6","4","11","17","5","","1","0","1","0","1"
"POINT (13.368002996000030 52.493206364000059)","Unfall 244996 (2023) Kat:3, Licht: 0","244996","3","6","3","11","13","5","","0","0","1","0","1"
"POINT (13.398896359000048 52.570630456000060)","Unfall 244997 (2023) Kat:3, Licht: 0","244997","3","3","5","11","11","5","","0","1","1","0","0"
"POINT (13.365665413000045 52.449085345000071)","Unfall 244998 (2023) Kat:3, Licht: 0","244998","3","2","5","11","06","5","","0","1","0","0","0"
"POINT (13.467453612000043 52.553958955000041)","Unfall 244999 (2023) Kat:3, Licht: 0","244999","3","6","2","11","06","5","","0","0","1","0","0"
"POINT (13.527147785000068 52.437793538000051)","Unfall 245000 (2023) Kat:3, Licht: 0","245000","3","7","5","11","09","5","","0","1","0","0","0"
"POINT (13.571136168000066 52.528607937000061)","Unfall 245001 (2023) Kat:3, Licht: 0","245001","3","7","2","11","09","5","","0","0","1","0","0"
"POINT (13.501840380000033 52.501906569000028)","Unfall 245002 (2023) Kat:3, Licht: 0","245002","3","5","1","11","12","5","","0","0","1","0","0"
"POINT (13.390546169000061 52.490739364000035)","Unfall 245003 (2023) Kat:3, Licht: 0","245003","3","5","5","11","10","5","","0","0","1","0","1"
"POINT (13.467070810000052 52.528459776000034)","Unfall 245004 (2023) Kat:3, Licht: 0","245004","3","3","5","11","09","5","","0","1","1","0","0"
"POINT (13.451165472000071 52.512684821000050)","Unfall 245005 (2023) Kat:3, Licht: 2","245005","3","5","5","11","23","5","","2","1","1","0","0"
"POINT (13.314998626000033 52.576583970000058)","Unfall 245006 (2023) Kat:3, Licht: 2","245006","3","2","6","11","18","5","","2","0","1","1","0"
"POINT (13.442821805000051 52.465047266000056)","Unfall 245007 (2023) Kat:3, Licht: 2","245007","3","3","5","11","18","5","","2","1","1","0","0"
"POINT (13.427774540000030 52.507540533000054)","Unfall 245008 (2023) Kat:3, Licht: 2","245008","3","6","3","11","16","5","","2","0","1","0","0"
"POINT (13.198358987000063 52.534969188000048)","Unfall 245009 (2023) Kat:3, Licht: 0","245009","3","4","6","11","13","5","","0","0","0","1","0"
"POINT (13.592411336000055 52.455163683000080)","Unfall 245010 (2023) Kat:3, Licht: 1","245010","3","3","0","11","05","5","","1","0","1","0","1"
"POINT (13.411843846000068 52.528382823000072)","Unfall 245011 (2023) Kat:2, Licht: 2","245011","2","4","6","11","20","4","","2","0","0","1","0"
"POINT (13.446125788000074 52.544871257000068)","Unfall 245012 (2023) Kat:3, Licht: 2","245012","3","3","5","11","18","4","","2","1","1","0","0"
"POINT (13.411954565000030 52.457087916000035)","Unfall 245013 (2023) Kat:3, Licht: 0","245013","3","7","0","11","07","4","","0","0","0","0","1"
"POINT (13.387793206000026 52.523405742000079)","Unfall 245014 (2023) Kat:3, Licht: 2","245014","3","2","5","11","17","4","","2","1","1","0","0"
"POINT (13.535075956000071 52.561355919000050)","Unfall 245015 (2023) Kat:3, Licht: 1","245015","3","2","0","11","17","4","","1","1","1","0","0"
"POINT (13.342857468000034 52.484083052000074)","Unfall 245016 (2023) Kat:3, Licht: 0","245016","3","2","5","11","11","4","","0","1","1","0","0"
"POINT (13.386542499000029 52.549448965000067)","Unfall 245017 (2023) Kat:3, Licht: 0","245017","3","2","5","11","10","4","","0","0","1","0","0"
"POINT (13.328258644000073 52.471298212000079)","Unfall 245018 (2023) Kat:3, Licht: 0","245018","3","2","5","11","10","4","","0","1","1","0","0"
"POINT (13.288860129000057 52.533919380000043)","Unfall 245019 (2023) Kat:3, Licht: 0","245019","3","6","2","11","08","4","","0","0","1","0","0"
"POINT (13.421481357000062 52.498165810000046)","Unfall 245020 (2023) Kat:3, Licht: 2","245020","3","2","5","11","20","4","","2","0","1","0","1"
"POINT (13.479346219000035 52.459220340000059)","Unfall 245021 (2023) Kat:2, Licht: 2","245021","2","6","3","11","16","4","","2","1","0","0","0"
"POINT (13.416094168000029 52.527233206000062)","Unfall 245022 (2023) Kat:3, Licht: 0","245022","3","2","5","11","14","4","","0","1","1","0","0"
"POINT (13.426677563000055 52.515701021000041)","Unfall 245023 (2023) Kat:3, Licht: 0","245023","3","3","0","11","14","4","","0","0","1","0","0"
"POINT (13.348924673000056 52.503261985000051)","Unfall 245024 (2023) Kat:3, Licht: 0","245024","3","6","3","11","14","4","","0","0","1","0","1"
"POINT (13.326650336000057 52.562370256000065)","Unfall 245025 (2023) Kat:2, Licht: 0","245025","2","4","6","11","08","4","","0","0","0","1","1"
"POINT (13.414938742000061 52.572242448000054)","Unfall 245026 (2023) Kat:3, Licht: 2","245026","3","7","0","11","04","4","","2","0","0","0","0"
"POINT (13.418525164000073 52.558770380000055)","Unfall 245027 (2023) Kat:3, Licht: 0","245027","3","3","5","11","12","7","","0","1","1","0","0"
"POINT (13.297487403000048 52.498125924000078)","Unfall 245028 (2023) Kat:3, Licht: 2","245028","3","7","1","11","23","4","","2","0","1","0","0"
"POINT (13.320328485000061 52.478487897000036)","Unfall 245029 (2023) Kat:3, Licht: 2","245029","3","1","0","11","17","4","","2","0","1","0","1"
"POINT (13.453539722000073 52.591386552000074)","Unfall 245030 (2023) Kat:2, Licht: 0","245030","2","1","0","11","13","4","","0","1","0","0","0"
"POINT (13.380711926000060 52.532454235000046)","Unfall 245031 (2023) Kat:3, Licht: 0","245031","3","7","5","11","09","4","","0","1","1","0","0"
"POINT (13.433592628000042 52.484761950000063)","Unfall 245032 (2023) Kat:3, Licht: 2","245032","3","2","5","11","20","4","","2","1","1","0","0"
"POINT (13.625338185000032 52.456964660000040)","Unfall 245033 (2023) Kat:3, Licht: 2","245033","3","2","2","11","19","4","","2","0","1","1","0"
"POINT (13.341794876000051 52.463523066000050)","Unfall 245034 (2023) Kat:3, Licht: 2","245034","3","4","0","11","17","4","","2","1","0","1","0"
"POINT (13.464823768000031 52.428294201000028)","Unfall 245035 (2023) Kat:3, Licht: 2","245035","3","7","0","11","16","4","","2","0","1","0","0"
"POINT (13.454493412000033 52.532169101000079)","Unfall 245036 (2023) Kat:3, Licht: 0","245036","3","6","2","11","12","4","","0","0","1","0","0"
"POINT (13.446651935000034 52.564908633000073)","Unfall 245037 (2023) Kat:3, Licht: 2","245037","3","2","5","11","18","4","","2","1","1","0","0"
"POINT (13.349412570000027 52.542348515000072)","Unfall 245038 (2023) Kat:2, Licht: 0","245038","2","2","6","11","11","4","","0","0","0","1","0"
"POINT (13.345942288000060 52.562779952000028)","Unfall 245039 (2023) Kat:3, Licht: 0","245039","3","7","0","11","14","4","","0","0","1","0","1"
"POINT (13.357284772000071 52.545056959000078)","Unfall 245040 (2023) Kat:3, Licht: 0","245040","3","2","5","11","12","4","","0","0","1","0","0"
"POINT (13.359431725000036 52.434252238000056)","Unfall 245041 (2023) Kat:3, Licht: 0","245041","3","6","2","11","09","4","","0","0","1","0","0"
"POINT (13.408135711000057 52.482251761000043)","Unfall 245042 (2023) Kat:2, Licht: 0","245042","2","6","2","11","10","4","","0","0","1","0","0"
"POINT (13.353226345000053 52.489804389000028)","Unfall 245043 (2023) Kat:3, Licht: 0","245043","3","2","2","11","07","4","","0","0","1","0","0"
"POINT (13.162778333000063 52.521239721000029)","Unfall 245044 (2023) Kat:3, Licht: 1","245044","3","4","0","11","06","4","","1","0","0","1","1"
"POINT (13.399677239000027 52.509140430000059)","Unfall 245045 (2023) Kat:3, Licht: 0","245045","3","3","5","11","08","4","","0","0","1","0","0"
"POINT (13.486427724000066 52.540940988000045)","Unfall 245046 (2023) Kat:3, Licht: 2","245046","3","2","5","10","03","3","","2","0","0","0","0"
"POINT (13.467721885000060 52.555004818000043)","Unfall 245047 (2023) Kat:3, Licht: 0","245047","3","7","5","10","08","3","","0","0","1","0","0"
"POINT (13.427755025000067 52.498817981000059)","Unfall 245048 (2023) Kat:3, Licht: 2","245048","3","7","6","10","18","3","","2","0","0","1","0"
"POINT (13.231537097000057 52.436899272000062)","Unfall 245049 (2023) Kat:3, Licht: 2","245049","3","2","6","10","19","3","","2","0","1","1","0"
"POINT (13.550385688000063 52.533945889000051)","Unfall 245050 (2023) Kat:2, Licht: 0","245050","2","7","6","10","15","3","","0","0","0","1","0"
"POINT (13.489290766000067 52.542423327000051)","Unfall 245051 (2023) Kat:3, Licht: 2","245051","3","2","5","10","23","3","","2","1","1","0","0"
"POINT (13.352012878000039 52.504140654000082)","Unfall 245052 (2023) Kat:3, Licht: 1","245052","3","6","2","10","18","3","","1","0","1","0","0"
"POINT (13.356767354000056 52.490250747000061)","Unfall 245053 (2023) Kat:3, Licht: 0","245053","3","5","1","10","12","3","","0","0","0","0","0"
"POINT (13.299330963000045 52.519700754000041)","Unfall 245054 (2023) Kat:3, Licht: 1","245054","3","4","6","10","17","3","","1","0","1","1","0"
"POINT (13.377047181000023 52.508535753000046)","Unfall 245055 (2023) Kat:3, Licht: 0","245055","3","3","5","10","13","3","","0","0","1","0","0"
"POINT (13.544588726000029 52.544923477000054)","Unfall 245056 (2023) Kat:3, Licht: 0","245056","3","1","0","10","13","3","","0","0","1","0","1"
"POINT (13.658035077000022 52.371741769000039)","Unfall 245057 (2023) Kat:3, Licht: 0","245057","3","1","0","10","07","3","","0","0","0","0","0"
"POINT (13.424397069000065 52.486399479000056)","Unfall 245058 (2023) Kat:3, Licht: 1","245058","3","2","5","10","16","3","","1","1","1","0","0"
"POINT (13.304231756000036 52.426678864000053)","Unfall 245059 (2023) Kat:3, Licht: 0","245059","3","3","5","10","09","3","","0","1","0","0","0"
"POINT (13.470807980000075 52.505701329000033)","Unfall 245060 (2023) Kat:3, Licht: 1","245060","3","1","0","10","20","3","","1","1","0","0","0"
"POINT (13.376147036000077 52.458886748000054)","Unfall 245061 (2023) Kat:3, Licht: 2","245061","3","2","6","10","17","3","","2","0","1","1","0"
"POINT (13.407943944000067 52.504387395000037)","Unfall 245062 (2023) Kat:3, Licht: 0","245062","3","2","5","10","14","3","","0","1","1","0","0"
"POINT (13.363176131000046 52.476148572000056)","Unfall 245063 (2023) Kat:3, Licht: 2","245063","3","2","6","10","19","3","","2","0","1","1","0"
"POINT (13.334594055000025 52.498375282000040)","Unfall 245064 (2023) Kat:3, Licht: 0","245064","3","3","5","10","13","3","","0","1","1","0","0"
"POINT (13.427946720000023 52.487066802000072)","Unfall 245065 (2023) Kat:3, Licht: 0","245065","3","3","5","10","12","3","","0","0","1","0","1"
"POINT (13.421655061000024 52.478738769000074)","Unfall 245066 (2023) Kat:3, Licht: 0","245066","3","1","0","10","09","3","","0","0","0","0","0"
"POINT (13.597411657000066 52.502374696000061)","Unfall 245067 (2023) Kat:3, Licht: 0","245067","3","3","5","10","08","3","","0","0","1","0","0"
"POINT (13.587998497000058 52.441070894000063)","Unfall 245068 (2023) Kat:2, Licht: 0","245068","2","7","3","10","12","3","","0","1","1","0","0"
"POINT (13.456222498000045 52.473780155000043)","Unfall 245069 (2023) Kat:3, Licht: 0","245069","3","6","3","10","11","3","","0","0","1","0","0"
"POINT (13.383536219000064 52.555030293000073)","Unfall 245070 (2023) Kat:3, Licht: 0","245070","3","2","5","10","15","3","","0","1","1","0","0"
"POINT (13.359741634000045 52.554684085000076)","Unfall 245071 (2023) Kat:3, Licht: 2","245071","3","6","2","10","18","3","","2","0","1","0","0"
"POINT (13.466514235000034 52.550611529000037)","Unfall 245072 (2023) Kat:3, Licht: 2","245072","3","3","5","10","16","3","","2","1","1","0","0"
"POINT (13.353721597000060 52.562093596000068)","Unfall 245073 (2023) Kat:2, Licht: 0","245073","2","2","5","10","13","3","","0","0","1","0","0"
"POINT (13.419435397000029 52.501476546000049)","Unfall 245074 (2023) Kat:3, Licht: 0","245074","3","7","5","10","10","3","","0","1","1","0","0"
"POINT (13.516435639000065 52.486679535000064)","Unfall 245075 (2023) Kat:3, Licht: 1","245075","3","5","1","10","07","3","","1","1","1","0","0"
"POINT (13.571864494000067 52.546085306000066)","Unfall 245076 (2023) Kat:3, Licht: 0","245076","3","2","6","11","07","4","","0","0","1","1","0"
"POINT (13.279796372000021 52.534316511000043)","Unfall 245077 (2023) Kat:3, Licht: 2","245077","3","6","2","10","19","3","","2","0","1","0","0"
"POINT (13.359677010000041 52.554650556000070)","Unfall 245078 (2023) Kat:3, Licht: 2","245078","3","6","2","10","18","3","","2","0","1","0","0"
"POINT (13.304438623000067 52.488358050000045)","Unfall 245079 (2023) Kat:3, Licht: 2","245079","3","2","5","10","18","3","","2","0","1","0","0"
"POINT (13.313672414000052 52.440767701000027)","Unfall 245080 (2023) Kat:3, Licht: 2","245080","3","5","1","11","19","4","","2","0","1","0","0"
"POINT (13.165082051000070 52.593443730000047)","Unfall 245081 (2023) Kat:2, Licht: 0","245081","2","7","0","10","14","3","","0","0","1","0","1"
"POINT (13.583787679000068 52.524336255000037)","Unfall 245082 (2023) Kat:3, Licht: 0","245082","3","2","5","10","12","3","","0","0","1","0","0"
"POINT (13.377978883000026 52.529080545000056)","Unfall 245083 (2023) Kat:3, Licht: 0","245083","3","6","2","10","08","3","","0","0","1","0","0"
"POINT (13.299565054000027 52.447673745000031)","Unfall 245084 (2023) Kat:3, Licht: 1","245084","3","3","5","10","07","3","","1","0","1","0","0"
"POINT (13.402105960000029 52.463470405000066)","Unfall 245085 (2023) Kat:3, Licht: 2","245085","3","2","5","10","20","2","","2","0","1","0","1"
"POINT (13.426984779000065 52.552213725000058)","Unfall 245086 (2023) Kat:3, Licht: 0","245086","3","3","5","11","07","4","","0","1","1","0","0"
"POINT (13.278126769000039 52.518496606000042)","Unfall 245087 (2023) Kat:3, Licht: 1","245087","3","1","0","10","17","2","","1","0","1","0","1"
"POINT (13.305907262000062 52.523222552000050)","Unfall 245088 (2023) Kat:2, Licht: 1","245088","2","1","8","10","17","2","","1","0","1","0","0"
"POINT (13.308359306000057 52.500216461000036)","Unfall 245089 (2023) Kat:3, Licht: 0","245089","3","6","0","10","10","2","","0","0","1","0","0"
"POINT (13.290265491000071 52.496956061000049)","Unfall 245090 (2023) Kat:3, Licht: 0","245090","3","6","3","10","08","2","","0","1","0","0","0"
"POINT (13.640437206000058 52.525242282000079)","Unfall 245091 (2023) Kat:3, Licht: 0","245091","3","3","5","10","08","2","","0","0","1","0","0"
"POINT (13.303698761000021 52.525423544000034)","Unfall 245092 (2023) Kat:2, Licht: 2","245092","2","4","6","10","16","2","","2","0","1","1","0"
"POINT (13.396691409000027 52.515220791000047)","Unfall 245093 (2023) Kat:3, Licht: 0","245093","3","3","5","10","15","2","","0","0","1","0","1"
"POINT (13.350719076000075 52.509570750000080)","Unfall 245094 (2023) Kat:2, Licht: 0","245094","2","7","0","10","14","2","","0","0","1","0","0"
"POINT (13.314174567000066 52.500867639000035)","Unfall 245095 (2023) Kat:3, Licht: 0","245095","3","5","1","10","12","2","","0","1","1","0","0"
"POINT (13.424813102000030 52.508776927000042)","Unfall 245096 (2023) Kat:3, Licht: 0","245096","3","2","2","10","10","2","","0","0","1","0","1"
"POINT (13.280448606000050 52.484728140000072)","Unfall 245097 (2023) Kat:1, Licht: 2","245097","1","1","0","11","18","5","","2","1","0","0","0"
"POINT (13.428942662000054 52.486891036000031)","Unfall 245098 (2023) Kat:3, Licht: 1","245098","3","3","5","10","17","2","","1","0","1","0","1"
"POINT (13.329094641000040 52.423353147000057)","Unfall 245099 (2023) Kat:3, Licht: 0","245099","3","1","0","10","13","2","","0","0","0","0","1"
"POINT (13.274054017000026 52.418548591000047)","Unfall 245100 (2023) Kat:3, Licht: 0","245100","3","2","2","10","11","2","","0","0","1","0","0"
"POINT (13.308572623000032 52.418301776000078)","Unfall 245101 (2023) Kat:3, Licht: 0","245101","3","6","3","10","10","2","","0","1","1","0","0"
"POINT (13.246032326000034 52.515591980000067)","Unfall 245102 (2023) Kat:2, Licht: 2","245102","2","1","0","10","20","2","","2","0","0","0","1"
"POINT (13.298063615000046 52.495469471000035)","Unfall 245103 (2023) Kat:3, Licht: 2","245103","3","2","5","10","17","2","","2","1","1","0","0"
"POINT (13.375150581000071 52.455445714000064)","Unfall 245104 (2023) Kat:3, Licht: 0","245104","3","2","5","10","08","2","","0","1","1","0","0"
"POINT (13.405633273000035 52.529381287000035)","Unfall 245105 (2023) Kat:2, Licht: 2","245105","2","4","6","10","18","1","","2","0","0","1","0"
"POINT (13.307173369000054 52.500045228000033)","Unfall 245106 (2023) Kat:3, Licht: 2","245106","3","2","5","10","02","1","","2","0","1","0","0"
"POINT (13.432884463000050 52.517831254000043)","Unfall 245107 (2023) Kat:3, Licht: 2","245107","3","2","5","10","06","1","","2","0","1","0","0"
"POINT (13.458052495000061 52.509443932000067)","Unfall 245108 (2023) Kat:3, Licht: 2","245108","3","4","6","10","19","1","","2","0","1","1","0"
"POINT (13.429954500000065 52.510235294000040)","Unfall 245109 (2023) Kat:3, Licht: 2","245109","3","3","5","10","20","1","","2","0","1","0","0"
"POINT (13.456896705000077 52.561118996000062)","Unfall 245110 (2023) Kat:3, Licht: 1","245110","3","6","2","10","17","1","","1","0","1","0","0"
"POINT (13.269982573000050 52.409164937000071)","Unfall 245111 (2023) Kat:3, Licht: 0","245111","3","3","5","10","10","1","","0","0","1","0","0"
"POINT (13.289224082000032 52.435368120000078)","Unfall 245112 (2023) Kat:3, Licht: 0","245112","3","3","5","10","10","1","","0","0","1","0","0"
"POINT (13.332609216000037 52.505295074000060)","Unfall 245113 (2023) Kat:3, Licht: 0","245113","3","2","2","10","10","1","","0","0","1","0","1"
"POINT (13.388233432000050 52.520514379000076)","Unfall 245114 (2023) Kat:2, Licht: 2","245114","2","4","6","10","22","1","","2","0","1","1","0"
"POINT (13.526628389000052 52.426182918000052)","Unfall 245115 (2023) Kat:3, Licht: 2","245115","3","6","2","10","21","1","","2","0","1","0","0"
"POINT (13.442750678000039 52.551082969000049)","Unfall 245116 (2023) Kat:3, Licht: 2","245116","3","3","5","10","17","1","","2","0","0","0","0"
"POINT (13.332213113000023 52.506169846000034)","Unfall 245117 (2023) Kat:2, Licht: 2","245117","2","3","5","10","17","1","","2","0","1","0","0"
"POINT (13.398960256000066 52.508028515000035)","Unfall 245118 (2023) Kat:3, Licht: 0","245118","3","1","0","10","16","1","","0","1","0","0","0"
"POINT (13.371092502000067 52.574700468000060)","Unfall 245119 (2023) Kat:3, Licht: 0","245119","3","2","5","10","14","1","","0","0","1","0","1"
"POINT (13.521639980000032 52.582263903000069)","Unfall 245120 (2023) Kat:2, Licht: 0","245120","2","6","0","11","09","5","","0","0","1","0","1"
"POINT (13.403014488000053 52.596825706000061)","Unfall 245121 (2023) Kat:3, Licht: 2","245121","3","5","1","10","00","1","","2","0","1","0","0"
"POINT (13.392974475000074 52.524965855000062)","Unfall 245122 (2023) Kat:3, Licht: 2","245122","3","3","5","10","00","1","","2","0","1","0","0"
"POINT (13.469783575000065 52.506418071000041)","Unfall 245123 (2023) Kat:2, Licht: 2","245123","2","4","6","10","17","1","","2","0","1","1","0"
"POINT (13.203956961000074 52.540653314000053)","Unfall 245124 (2023) Kat:3, Licht: 2","245124","3","6","3","10","17","1","","2","0","1","0","0"
"POINT (13.386859257000026 52.549394984000060)","Unfall 245125 (2023) Kat:3, Licht: 0","245125","3","4","6","10","12","1","","0","0","1","1","0"
"POINT (13.449388893000048 52.553084946000070)","Unfall 245126 (2023) Kat:2, Licht: 0","245126","2","1","8","10","11","1","","0","0","1","0","0"
"POINT (13.608553899000071 52.531945810000082)","Unfall 245127 (2023) Kat:2, Licht: 0","245127","2","3","5","10","10","1","","0","0","1","0","0"
"POINT (13.127148177000038 52.453104591000056)","Unfall 245128 (2023) Kat:3, Licht: 0","245128","3","3","5","10","08","1","","0","1","1","0","0"
"POINT (13.357335198000044 52.535920686000054)","Unfall 245129 (2023) Kat:3, Licht: 0","245129","3","2","5","10","17","7","","0","1","1","0","0"
"POINT (13.353927006000049 52.549306055000045)","Unfall 245130 (2023) Kat:3, Licht: 0","245130","3","6","2","10","16","7","","0","0","1","0","0"
"POINT (13.260519556000077 52.537018807000038)","Unfall 245131 (2023) Kat:3, Licht: 1","245131","3","6","2","10","17","7","","1","0","1","0","0"
"POINT (13.603992378000044 52.509839324000041)","Unfall 245132 (2023) Kat:2, Licht: 0","245132","2","3","5","10","12","7","","0","0","1","0","1"
"POINT (13.330938254000046 52.533563670000035)","Unfall 245133 (2023) Kat:3, Licht: 0","245133","3","3","0","10","10","7","","0","0","0","0","1"
"POINT (13.286713288000044 52.538166879000073)","Unfall 245134 (2023) Kat:2, Licht: 2","245134","2","2","6","10","19","7","","2","0","1","1","0"
"POINT (13.319149045000074 52.587707321000039)","Unfall 245135 (2023) Kat:3, Licht: 2","245135","3","3","5","10","22","7","","2","1","1","0","0"
"POINT (13.384787571000061 52.514374509000049)","Unfall 245136 (2023) Kat:3, Licht: 2","245136","3","3","5","10","18","7","","2","0","1","0","0"
"POINT (13.458230512000057 52.485751968000045)","Unfall 245137 (2023) Kat:3, Licht: 0","245137","3","3","5","10","08","7","","0","1","1","0","0"
"POINT (13.438323266000054 52.466574633000050)","Unfall 245138 (2023) Kat:3, Licht: 0","245138","3","3","5","10","13","7","","0","0","1","0","0"
"POINT (13.458250114000066 52.472788828000034)","Unfall 245139 (2023) Kat:3, Licht: 0","245139","3","6","2","10","16","7","","0","0","1","0","0"
"POINT (13.430597562000059 52.506339136000065)","Unfall 245140 (2023) Kat:3, Licht: 2","245140","3","6","3","10","00","7","","2","0","1","0","0"
"POINT (13.332726524000066 52.469188648000056)","Unfall 245141 (2023) Kat:3, Licht: 0","245141","3","7","2","10","13","7","","0","0","1","0","0"
"POINT (13.612562337000043 52.481957616000045)","Unfall 245142 (2023) Kat:3, Licht: 0","245142","3","3","5","10","12","7","","0","0","1","0","0"
"POINT (13.334592453000027 52.541239207000046)","Unfall 245143 (2023) Kat:3, Licht: 2","245143","3","1","0","10","05","7","","2","0","1","0","0"
"POINT (13.333751375000077 52.521228974000053)","Unfall 245144 (2023) Kat:3, Licht: 2","245144","3","2","6","10","19","7","","2","0","1","1","0"
"POINT (13.371553850000055 52.409163701000068)","Unfall 245145 (2023) Kat:3, Licht: 0","245145","3","6","2","10","15","7","","0","0","1","0","0"
"POINT (13.270242594000024 52.514316870000073)","Unfall 245146 (2023) Kat:3, Licht: 0","245146","3","3","5","10","12","7","","0","1","1","0","0"
"POINT (13.533833714000025 52.538755478000041)","Unfall 245147 (2023) Kat:3, Licht: 0","245147","3","6","3","10","10","7","","0","1","1","0","0"
"POINT (13.401074726000047 52.529938011000070)","Unfall 245148 (2023) Kat:3, Licht: 2","245148","3","6","2","10","03","7","","2","1","1","0","0"
"POINT (13.571127151000042 52.545886268000061)","Unfall 245149 (2023) Kat:1, Licht: 2","245149","1","4","6","10","20","7","","2","0","1","1","0"
"POINT (13.447360158000038 52.464332159000037)","Unfall 245150 (2023) Kat:2, Licht: 0","245150","2","2","5","10","08","6","","0","0","1","0","0"
"POINT (13.347392746000025 52.540740968000080)","Unfall 245151 (2023) Kat:3, Licht: 2","245151","3","7","5","10","21","6","","2","0","1","0","0"
"POINT (13.354104393000057 52.499299373000042)","Unfall 245152 (2023) Kat:3, Licht: 2","245152","3","2","6","10","19","6","","2","0","1","1","0"
"POINT (13.569187577000037 52.444362145000071)","Unfall 245153 (2023) Kat:3, Licht: 0","245153","3","6","2","10","16","6","","0","0","1","0","0"
"POINT (13.315027123000050 52.500867424000035)","Unfall 245154 (2023) Kat:3, Licht: 2","245154","3","2","5","10","18","6","","2","0","1","0","0"
"POINT (13.371596388000057 52.492522804000032)","Unfall 245155 (2023) Kat:3, Licht: 1","245155","3","6","2","10","17","6","","1","0","1","0","0"
"POINT (13.441781088000027 52.501257143000032)","Unfall 245156 (2023) Kat:3, Licht: 0","245156","3","2","5","10","16","6","","0","1","1","0","0"
"POINT (13.580109594000021 52.458241922000070)","Unfall 245157 (2023) Kat:3, Licht: 0","245157","3","4","6","10","13","6","","0","0","1","1","0"
"POINT (13.310694906000037 52.568068378000078)","Unfall 245158 (2023) Kat:2, Licht: 0","245158","2","3","5","10","10","6","","0","0","1","0","0"
"POINT (13.525436452000065 52.464586694000047)","Unfall 245159 (2023) Kat:3, Licht: 0","245159","3","7","5","10","10","6","","0","1","0","0","0"
"POINT (13.602784241000052 52.538547988000062)","Unfall 245160 (2023) Kat:2, Licht: 2","245160","2","4","6","10","21","6","","2","0","1","1","0"