WKT,Name,OBJECTID,UKATEGORIE,UTYP1,UART,UMONAT,USTUNDE,UWOCHENTAG,STRZUSTAND,ULICHTVERH,ISTRAD,ISTPKW,ISTFUSS,ISTKRAD
"POINT (13.466279656000040 52.426550834000068)","Unfall 245161 (2023) Kat:3, Licht: 2","245161","3","7","5","10","20","6","","2","0","1","0","0"
"POINT (13.389862477000065 52.510562899000035)","Unfall 245162 (2023) Kat:3, Licht: 2","245162","3","6","2","10","18","6","","2","1","1","0","0"
"POINT (13.475363108000067 52.501943950000054)","Unfall 245163 (2023) Kat:3, Licht: 0","245163","3","2","5","10","17","6","","0","1","0","0","0"
"POINT (13.341432309000027 52.500010907000046)","Unfall 245164 (2023) Kat:2, Licht: 2","245164","2","6","2","11","21","5","","2","0","1","0","1"
"POINT (13.559514107000041 52.555423590000032)","Unfall 245165 (2023) Kat:3, Licht: 0","245165","3","7","6","10","11","6","","0","0","1","1","0"
"POINT (13.470845988000065 52.423116772000071)","Unfall 245166 (2023) Kat:3, Licht: 0","245166","3","7","2","10","11","6","","0","1","1","0","0"
"POINT (13.411769826000068 52.523965965000059)","Unfall 245167 (2023) Kat:3, Licht: 2","245167","3","2","5","10","06","6","","2","0","1","0","0"
"POINT (13.311092912000049 52.547717202000058)","Unfall 245168 (2023) Kat:3, Licht: 2","245168","3","2","2","10","19","7","","2","0","1","0","0"
"POINT (13.322567194000044 52.513244842000063)","Unfall 245169 (2023) Kat:3, Licht: 1","245169","3","2","5","10","05","6","","1","1","1","0","0"
"POINT (13.402856110000073 52.596798884000066)","Unfall 245170 (2023) Kat:3, Licht: 0","245170","3","6","2","10","13","6","","0","1","1","0","0"
"POINT (13.422502027000064 52.500412143000062)","Unfall 245171 (2023) Kat:3, Licht: 2","245171","3","7","6","10","22","6","","2","0","0","1","0"
"POINT (13.359361062000062 52.546383664000075)","Unfall 245172 (2023) Kat:3, Licht: 2","245172","3","2","5","10","19","6","","2","1","0","0","0"
"POINT (13.448925785000029 52.549135145000037)","Unfall 245173 (2023) Kat:2, Licht: 1","245173","2","1","0","10","19","6","","1","1","0","0","0"
"POINT (13.310959804000049 52.569008105000080)","Unfall 245174 (2023) Kat:3, Licht: 0","245174","3","5","1","10","15","6","","0","1","1","0","0"
"POINT (13.297822675000077 52.572427635000054)","Unfall 245175 (2023) Kat:3, Licht: 0","245175","3","3","5","11","10","6","","0","0","1","0","1"
"POINT (13.387056487000052 52.421103423000034)","Unfall 245176 (2023) Kat:3, Licht: 2","245176","3","6","4","10","06","6","","2","0","0","0","0"
"POINT (13.364762595000059 52.552092741000081)","Unfall 245177 (2023) Kat:3, Licht: 2","245177","3","7","6","10","00","5","","2","1","0","1","0"
"POINT (13.484849470000029 52.503467222000040)","Unfall 245178 (2023) Kat:3, Licht: 0","245178","3","6","2","10","07","5","","0","1","1","0","0"
"POINT (13.162371646000054 52.520138115000066)","Unfall 245179 (2023) Kat:3, Licht: 2","245179","3","2","6","11","20","2","","2","0","1","1","0"
"POINT (13.440496868000025 52.568223227000033)","Unfall 245180 (2023) Kat:3, Licht: 0","245180","3","7","0","10","13","5","","0","0","0","0","1"
"POINT (13.539898277000077 52.525937820000081)","Unfall 245181 (2023) Kat:2, Licht: 2","245181","2","4","6","10","21","5","","2","0","0","1","0"
"POINT (13.343936911000071 52.485709558000053)","Unfall 245182 (2023) Kat:3, Licht: 2","245182","3","3","5","10","19","5","","2","1","1","0","0"
"POINT (13.374803404000033 52.489216178000049)","Unfall 245183 (2023) Kat:3, Licht: 0","245183","3","3","5","11","13","7","","0","1","1","0","0"
"POINT (13.466806402000032 52.596585149000077)","Unfall 245184 (2023) Kat:3, Licht: 2","245184","3","6","4","10","19","5","","2","0","1","0","0"
"POINT (13.382407290000060 52.504362103000062)","Unfall 245185 (2023) Kat:3, Licht: 1","245185","3","2","6","10","17","5","","1","0","1","1","0"
"POINT (13.337586744000077 52.411364972000058)","Unfall 245186 (2023) Kat:3, Licht: 2","245186","3","3","5","10","18","5","","2","0","1","0","0"
"POINT (13.356399138000029 52.522252870000045)","Unfall 245187 (2023) Kat:3, Licht: 0","245187","3","1","0","10","13","5","","0","1","0","0","0"
"POINT (13.183378948000041 52.547848087000034)","Unfall 245188 (2023) Kat:2, Licht: 1","245188","2","1","0","10","17","5","","1","1","0","0","0"
"POINT (13.406691141000067 52.505715332000079)","Unfall 245189 (2023) Kat:3, Licht: 0","245189","3","4","6","10","16","5","","0","0","1","1","0"
"POINT (13.399440729000048 52.416894616000036)","Unfall 245190 (2023) Kat:3, Licht: 0","245190","3","3","5","10","09","5","","0","1","1","0","0"
"POINT (13.467073322000033 52.567245703000026)","Unfall 245191 (2023) Kat:2, Licht: 0","245191","2","1","0","10","07","5","","0","0","0","0","1"
"POINT (13.517623898000068 52.535256139000069)","Unfall 245192 (2023) Kat:3, Licht: 2","245192","3","6","2","11","20","5","","2","0","1","0","0"
"POINT (13.286206088000029 52.587193613000068)","Unfall 245193 (2023) Kat:3, Licht: 0","245193","3","5","1","10","12","5","","0","1","0","0","0"
"POINT (13.431154657000036 52.467778718000034)","Unfall 245194 (2023) Kat:3, Licht: 2","245194","3","1","9","10","07","5","","2","0","1","0","0"
"POINT (13.414852832000065 52.539058343000079)","Unfall 245195 (2023) Kat:3, Licht: 2","245195","3","6","2","10","20","5","","2","0","1","0","1"
"POINT (13.461393861000033 52.432323837000069)","Unfall 245196 (2023) Kat:3, Licht: 2","245196","3","7","5","10","18","5","","2","0","1","0","0"
"POINT (13.282528860000070 52.498149347000037)","Unfall 245197 (2023) Kat:3, Licht: 0","245197","3","6","2","10","16","5","","0","0","1","0","0"
"POINT (13.464528198000039 52.510065477000069)","Unfall 245198 (2023) Kat:3, Licht: 0","245198","3","3","5","10","15","5","","0","1","0","0","0"
"POINT (13.547171940000055 52.431681923000042)","Unfall 245199 (2023) Kat:3, Licht: 0","245199","3","3","5","10","14","5","","0","1","1","0","0"
"POINT (13.439347465000026 52.424129605000076)","Unfall 245200 (2023) Kat:3, Licht: 0","245200","3","2","6","10","08","5","","0","0","1","1","0"
"POINT (13.415391356000043 52.521065693000082)","Unfall 245201 (2023) Kat:3, Licht: 1","245201","3","4","6","10","07","5","","1","0","1","1","0"
"POINT (13.200561860000050 52.538577815000053)","Unfall 245202 (2023) Kat:3, Licht: 2","245202","3","2","6","10","07","5","","2","0","1","1","0"
"POINT (13.462174093000044 52.422423865000042)","Unfall 245203 (2023) Kat:3, Licht: 0","245203","3","3","5","11","12","3","","0","0","1","0","0"
"POINT (13.415544364000027 52.527259589000039)","Unfall 245204 (2023) Kat:3, Licht: 0","245204","3","2","6","10","08","5","","0","0","1","1","0"
"POINT (13.483066579000024 52.498055322000027)","Unfall 245205 (2023) Kat:3, Licht: 0","245205","3","3","5","10","07","5","","0","1","1","0","0"
"POINT (13.430123037000044 52.609650297000030)","Unfall 245206 (2023) Kat:3, Licht: 1","245206","3","3","5","10","07","5","","1","1","1","0","0"
"POINT (13.409977509000043 52.528586071000063)","Unfall 245207 (2023) Kat:3, Licht: 2","245207","3","2","5","10","23","5","","2","1","1","0","0"
"POINT (13.427774232000047 52.481143854000038)","Unfall 245208 (2023) Kat:3, Licht: 0","245208","3","2","5","10","16","5","","0","1","1","0","0"
"POINT (13.420295820000035 52.567006587000037)","Unfall 245209 (2023) Kat:3, Licht: 0","245209","3","3","5","10","15","5","","0","0","1","0","0"
"POINT (13.486182630000030 52.577279851000071)","Unfall 245210 (2023) Kat:2, Licht: 0","245210","2","6","2","10","15","5","","0","0","1","0","0"
"POINT (13.357312037000042 52.535908937000045)","Unfall 245211 (2023) Kat:3, Licht: 0","245211","3","2","5","10","13","5","","0","1","0","0","0"
"POINT (13.230032866000045 52.430841451000049)","Unfall 245212 (2023) Kat:3, Licht: 0","245212","3","3","5","10","07","5","","0","0","1","0","0"
"POINT (13.377979372000027 52.472278567000046)","Unfall 245213 (2023) Kat:3, Licht: 2","245213","3","7","6","10","06","5","","2","1","0","1","0"
"POINT (13.437679643000024 52.500343283000063)","Unfall 245214 (2023) Kat:3, Licht: 2","245214","3","2","5","10","20","5","","2","1","1","0","0"
"POINT (13.361738756000022 52.608702606000065)","Unfall 245215 (2023) Kat:2, Licht: 2","245215","2","2","5","10","22","5","","2","0","1","0","1"
"POINT (13.445569407000050 52.501692550000030)","Unfall 245216 (2023) Kat:3, Licht: 0","245216","3","6","2","10","15","5","","0","0","1","0","0"
"POINT (13.379630519000045 52.523527905000037)","Unfall 245217 (2023) Kat:3, Licht: 0","245217","3","3","5","10","13","5","","0","1","1","0","0"
"POINT (13.361483999000029 52.485499982000078)","Unfall 245218 (2023) Kat:3, Licht: 0","245218","3","7","6","10","10","5","","0","0","1","1","0"
"POINT (13.279640946000029 52.504836369000031)","Unfall 245219 (2023) Kat:3, Licht: 2","245219","3","6","2","10","07","5","","2","0","1","0","0"
"POINT (13.529169991000060 52.525608779000038)","Unfall 245220 (2023) Kat:2, Licht: 1","245220","2","7","0","10","07","5","","1","0","1","0","0"
"POINT (13.418397168000070 52.553348355000026)","Unfall 245221 (2023) Kat:2, Licht: 2","245221","2","3","5","10","19","4","","2","0","1","0","0"
"POINT (13.342535695000038 52.486684422000053)","Unfall 245222 (2023) Kat:3, Licht: 2","245222","3","3","5","10","21","4","","2","0","1","0","0"
"POINT (13.458287953000024 52.525617661000069)","Unfall 245223 (2023) Kat:3, Licht: 0","245223","3","3","5","10","16","4","","0","0","0","0","0"
"POINT (13.403128751000054 52.510283116000039)","Unfall 245224 (2023) Kat:3, Licht: 0","245224","3","3","5","10","10","4","","0","1","1","0","0"
"POINT (13.356257055000071 52.562035543000036)","Unfall 245225 (2023) Kat:2, Licht: 0","245225","2","3","5","10","17","4","","0","0","1","0","0"
"POINT (13.455721117000053 52.548206607000054)","Unfall 245226 (2023) Kat:3, Licht: 0","245226","3","5","1","10","16","4","","0","1","1","0","0"
"POINT (13.297464533000039 52.534627406000027)","Unfall 245227 (2023) Kat:3, Licht: 2","245227","3","2","6","10","19","4","","2","0","1","1","0"
"POINT (13.520428854000045 52.569327116000068)","Unfall 245228 (2023) Kat:3, Licht: 2","245228","3","7","7","10","20","4","","2","1","0","0","0"
"POINT (13.326120439000022 52.464494805000072)","Unfall 245229 (2023) Kat:3, Licht: 0","245229","3","6","2","10","15","4","","0","1","1","0","0"
"POINT (13.434788894000064 52.482804665000060)","Unfall 245230 (2023) Kat:3, Licht: 0","245230","3","3","5","10","16","4","","0","0","1","0","0"
"POINT (13.407918571000039 52.499979230000065)","Unfall 245231 (2023) Kat:3, Licht: 0","245231","3","3","5","10","15","4","","0","1","1","0","0"
"POINT (13.580604283000071 52.443350594000037)","Unfall 245232 (2023) Kat:3, Licht: 0","245232","3","7","4","10","15","4","","0","1","0","1","0"
"POINT (13.573747703000038 52.444381012000065)","Unfall 245233 (2023) Kat:3, Licht: 0","245233","3","2","5","10","13","4","","0","1","1","0","0"
"POINT (13.412415854000074 52.505787471000076)","Unfall 245234 (2023) Kat:3, Licht: 0","245234","3","2","3","10","11","4","","0","1","1","0","0"
"POINT (13.453843537000068 52.482548672000064)","Unfall 245235 (2023) Kat:2, Licht: 0","245235","2","3","5","10","08","4","","0","0","1","0","0"
"POINT (13.300544564000063 52.487986175000060)","Unfall 245236 (2023) Kat:3, Licht: 0","245236","3","2","5","10","07","4","","0","1","1","0","0"
"POINT (13.525611266000055 52.482197687000053)","Unfall 245237 (2023) Kat:2, Licht: 0","245237","2","2","6","10","07","4","","0","0","1","1","0"
"POINT (13.323312149000060 52.492044805000035)","Unfall 245238 (2023) Kat:3, Licht: 0","245238","3","7","0","10","16","4","","0","0","1","0","1"
"POINT (13.350444900000070 52.592145658000049)","Unfall 245239 (2023) Kat:3, Licht: 0","245239","3","5","1","10","15","4","","0","0","1","0","1"
"POINT (13.348372302000030 52.542764253000030)","Unfall 245240 (2023) Kat:3, Licht: 0","245240","3","3","5","10","08","4","","0","0","1","0","0"
"POINT (13.196144904000050 52.530147539000041)","Unfall 245241 (2023) Kat:3, Licht: 1","245241","3","2","5","10","17","4","","1","0","0","0","0"
"POINT (13.500096363000068 52.561336622000056)","Unfall 245242 (2023) Kat:3, Licht: 0","245242","3","6","2","10","15","4","","0","0","1","0","0"
"POINT (13.503682816000037 52.460756730000071)","Unfall 245243 (2023) Kat:3, Licht: 0","245243","3","6","2","10","14","4","","0","0","1","0","1"
"POINT (13.571985204000043 52.560187275000033)","Unfall 245244 (2023) Kat:3, Licht: 0","245244","3","4","6","10","12","4","","0","0","1","1","0"
"POINT (13.436528435000071 52.448771066000063)","Unfall 245245 (2023) Kat:3, Licht: 0","245245","3","6","2","10","11","4","","0","0","1","0","1"
"POINT (13.508579501000042 52.564812278000034)","Unfall 245246 (2023) Kat:3, Licht: 0","245246","3","3","5","10","08","4","","0","1","1","0","0"
"POINT (13.440662207000059 52.517195146000063)","Unfall 245247 (2023) Kat:3, Licht: 1","245247","3","3","5","10","06","4","","1","0","1","0","0"
"POINT (13.294651887000043 52.532821773000080)","Unfall 245248 (2023) Kat:3, Licht: 0","245248","3","6","2","10","09","3","","0","0","1","0","0"
"POINT (13.437824999000043 52.506143419000068)","Unfall 245249 (2023) Kat:3, Licht: 1","245249","3","4","6","10","16","3","","1","0","0","1","1"
"POINT (13.388865564000071 52.516815963000056)","Unfall 245250 (2023) Kat:3, Licht: 2","245250","3","2","5","10","19","3","","2","1","1","0","0"
"POINT (13.144406492000030 52.454404760000045)","Unfall 245251 (2023) Kat:3, Licht: 2","245251","3","4","6","10","18","3","","2","0","1","1","0"
"POINT (13.296620475000054 52.443031080000026)","Unfall 245252 (2023) Kat:3, Licht: 2","245252","3","4","6","10","17","3","","2","0","1","1","0"
"POINT (13.393836993000036 52.532181525000055)","Unfall 245253 (2023) Kat:3, Licht: 1","245253","3","6","3","10","17","3","","1","1","0","0","0"
"POINT (13.371832041000062 52.480744639000079)","Unfall 245254 (2023) Kat:3, Licht: 0","245254","3","3","5","10","11","3","","0","0","1","0","0"
"POINT (13.197688404000075 52.520348945000080)","Unfall 245255 (2023) Kat:3, Licht: 2","245255","3","3","5","11","19","3","","2","0","1","0","0"
"POINT (13.491307385000027 52.469099720000031)","Unfall 245256 (2023) Kat:3, Licht: 0","245256","3","2","5","10","10","3","","0","0","1","0","0"
"POINT (13.327810648000025 52.563845121000043)","Unfall 245257 (2023) Kat:3, Licht: 0","245257","3","4","6","10","15","3","","0","0","1","1","0"
"POINT (13.453937622000069 52.519698113000061)","Unfall 245258 (2023) Kat:3, Licht: 0","245258","3","5","0","10","15","3","","0","1","1","0","0"
"POINT (13.431520266000064 52.466381519000038)","Unfall 245259 (2023) Kat:3, Licht: 0","245259","3","4","6","10","10","3","","0","0","1","1","0"
"POINT (13.377996963000044 52.564561312000080)","Unfall 245260 (2023) Kat:3, Licht: 0","245260","3","2","2","11","15","2","","0","0","1","0","0"
"POINT (13.330856697000058 52.500633979000042)","Unfall 245261 (2023) Kat:3, Licht: 2","245261","3","2","6","10","19","3","","2","0","1","1","0"
"POINT (13.379379527000026 52.540173324000079)","Unfall 245262 (2023) Kat:3, Licht: 2","245262","3","3","5","10","17","2","","2","1","1","0","0"
"POINT (13.335292421000077 52.526712005000036)","Unfall 245263 (2023) Kat:3, Licht: 2","245263","3","2","6","10","18","3","","2","0","1","1","0"
"POINT (13.314239700000030 52.508475445000045)","Unfall 245264 (2023) Kat:3, Licht: 0","245264","3","6","2","10","16","3","","0","0","1","0","0"
"POINT (13.376238035000029 52.485035087000028)","Unfall 245265 (2023) Kat:3, Licht: 0","245265","3","6","2","10","16","3","","0","0","1","0","0"
"POINT (13.350019026000041 52.500453739000079)","Unfall 245266 (2023) Kat:3, Licht: 2","245266","3","4","6","10","21","3","","2","0","1","1","0"
"POINT (13.347280792000049 52.530750496000053)","Unfall 245267 (2023) Kat:3, Licht: 1","245267","3","2","6","10","07","3","","1","0","1","1","0"
"POINT (13.427930379000031 52.488271099000031)","Unfall 245268 (2023) Kat:2, Licht: 1","245268","2","4","6","10","19","3","","1","1","0","1","0"
"POINT (13.446360147000064 52.486422233000042)","Unfall 245269 (2023) Kat:3, Licht: 2","245269","3","6","2","10","18","3","","2","0","1","0","0"
"POINT (13.260018205000051 52.434130508000067)","Unfall 245270 (2023) Kat:2, Licht: 1","245270","2","6","4","10","18","3","","1","0","1","0","0"
"POINT (13.492758330000072 52.414022051000074)","Unfall 245271 (2023) Kat:2, Licht: 1","245271","2","2","6","10","18","3","","1","0","0","1","0"
"POINT (13.298294483000063 52.454107347000047)","Unfall 245272 (2023) Kat:3, Licht: 0","245272","3","5","1","11","14","5","","0","1","1","0","0"
"POINT (13.607058426000037 52.538936724000052)","Unfall 245273 (2023) Kat:3, Licht: 1","245273","3","4","6","10","17","3","","1","0","1","1","0"
"POINT (13.249472779000030 52.552946324000061)","Unfall 245274 (2023) Kat:3, Licht: 0","245274","3","6","2","10","15","3","","0","0","1","0","0"
"POINT (13.419821086000070 52.501134474000082)","Unfall 245275 (2023) Kat:3, Licht: 0","245275","3","5","1","10","14","3","","0","1","1","0","0"
"POINT (13.437761369000043 52.569788737000067)","Unfall 245276 (2023) Kat:3, Licht: 0","245276","3","3","5","10","13","3","","0","0","1","0","0"
"POINT (13.336273225000070 52.500241662000064)","Unfall 245277 (2023) Kat:3, Licht: 0","245277","3","6","4","10","12","3","","0","1","1","0","0"
"POINT (13.328195197000070 52.508056228000044)","Unfall 245278 (2023) Kat:3, Licht: 0","245278","3","2","5","10","14","4","","0","0","1","0","0"
"POINT (13.240802769000027 52.511177967000037)","Unfall 245279 (2023) Kat:3, Licht: 2","245279","3","4","6","10","23","3","","2","0","1","1","0"
"POINT (13.322971246000066 52.505850153000040)","Unfall 245280 (2023) Kat:3, Licht: 2","245280","3","2","6","10","21","3","","2","0","1","1","0"
"POINT (13.479210230000035 52.516261390000068)","Unfall 245281 (2023) Kat:3, Licht: 2","245281","3","2","6","10","19","3","","2","0","1","1","0"
"POINT (13.385225279000053 52.532316495000032)","Unfall 245282 (2023) Kat:2, Licht: 2","245282","2","3","5","10","22","3","","2","1","1","0","0"
"POINT (13.303087490000053 52.487702407000029)","Unfall 245283 (2023) Kat:3, Licht: 2","245283","3","1","0","10","22","3","","2","0","0","0","1"
"POINT (13.289855058000057 52.582494490000045)","Unfall 245284 (2023) Kat:2, Licht: 2","245284","2","2","6","10","19","3","","2","0","1","1","0"
"POINT (13.423832979000053 52.538298247000057)","Unfall 245285 (2023) Kat:3, Licht: 1","245285","3","2","5","10","17","3","","1","1","0","0","0"
"POINT (13.345206839000070 52.485625590000041)","Unfall 245286 (2023) Kat:3, Licht: 0","245286","3","2","5","10","14","3","","0","0","1","0","0"
"POINT (13.417962531000057 52.543016682000030)","Unfall 245287 (2023) Kat:3, Licht: 0","245287","3","5","5","10","16","3","","0","1","1","0","0"
"POINT (13.343378201000064 52.492295246000026)","Unfall 245288 (2023) Kat:3, Licht: 0","245288","3","5","1","10","15","3","","0","1","1","0","0"
"POINT (13.418561557000032 52.499261832000059)","Unfall 245289 (2023) Kat:3, Licht: 2","245289","3","6","2","10","18","3","","2","0","1","0","0"
"POINT (13.417467596000051 52.510777709000081)","Unfall 245290 (2023) Kat:3, Licht: 2","245290","3","6","2","11","23","6","","2","0","1","0","0"
"POINT (13.569440197000063 52.444666535000067)","Unfall 245291 (2023) Kat:2, Licht: 0","245291","2","2","5","10","12","3","","0","1","1","0","0"
"POINT (13.475523980000048 52.501956548000067)","Unfall 245292 (2023) Kat:3, Licht: 0","245292","3","3","5","10","11","3","","0","1","1","0","0"
"POINT (13.435508882000022 52.469679963000033)","Unfall 245293 (2023) Kat:3, Licht: 2","245293","3","2","6","10","18","3","","2","0","1","1","0"
"POINT (13.432388265000043 52.465771120000056)","Unfall 245294 (2023) Kat:3, Licht: 0","245294","3","2","6","10","13","3","","0","0","1","1","0"
"POINT (13.430783505000022 52.497828373000061)","Unfall 245295 (2023) Kat:3, Licht: 0","245295","3","6","3","10","09","3","","0","0","1","0","1"
"POINT (13.270156186000065 52.449943757000028)","Unfall 245296 (2023) Kat:2, Licht: 0","245296","2","2","5","10","08","3","","0","0","1","0","1"
"POINT (13.442285189000074 52.590928374000043)","Unfall 245297 (2023) Kat:3, Licht: 0","245297","3","4","0","10","15","3","","0","0","0","1","0"
"POINT (13.428727006000031 52.519006270000034)","Unfall 245298 (2023) Kat:3, Licht: 0","245298","3","3","5","10","12","3","","0","1","1","0","0"
"POINT (13.272197744000039 52.536949470000081)","Unfall 245299 (2023) Kat:3, Licht: 0","245299","3","5","0","10","18","2","","0","0","1","0","0"
"POINT (13.335215796000057 52.485995017000050)","Unfall 245300 (2023) Kat:2, Licht: 2","245300","2","6","2","10","18","2","","2","1","0","0","0"
"POINT (13.447087325000041 52.438895027000058)","Unfall 245301 (2023) Kat:3, Licht: 2","245301","3","2","2","10","17","2","","2","1","1","0","0"
"POINT (13.259908400000029 52.428173751000031)","Unfall 245302 (2023) Kat:3, Licht: 0","245302","3","3","5","10","17","2","","0","0","1","0","0"
"POINT (13.457840778000048 52.512761876000070)","Unfall 245303 (2023) Kat:3, Licht: 0","245303","3","3","5","10","14","2","","0","1","1","0","0"
"POINT (13.432636188000060 52.552693437000073)","Unfall 245304 (2023) Kat:3, Licht: 0","245304","3","4","6","10","14","2","","0","0","1","1","0"
"POINT (13.372193434000053 52.484503791000066)","Unfall 245305 (2023) Kat:3, Licht: 0","245305","3","3","5","10","09","2","","0","1","1","0","0"
"POINT (13.273329227000033 52.499733833000050)","Unfall 245306 (2023) Kat:3, Licht: 2","245306","3","6","2","10","21","2","","2","0","1","0","0"
"POINT (13.475368345000049 52.502705047000063)","Unfall 245307 (2023) Kat:3, Licht: 0","245307","3","6","2","10","10","2","","0","0","1","0","0"
"POINT (13.625485418000039 52.457052605000058)","Unfall 245308 (2023) Kat:3, Licht: 2","245308","3","4","6","10","23","2","","2","0","1","1","0"
"POINT (13.394116593000035 52.507914621000054)","Unfall 245309 (2023) Kat:3, Licht: 2","245309","3","3","5","10","21","2","","2","0","1","0","1"
"POINT (13.328338134000035 52.534584435000056)","Unfall 245310 (2023) Kat:3, Licht: 0","245310","3","6","2","10","17","2","","0","0","1","0","0"
"POINT (13.403792349000071 52.551201209000055)","Unfall 245311 (2023) Kat:2, Licht: 0","245311","2","2","6","10","10","1","","0","0","1","1","0"
"POINT (13.270395000000065 52.548627897000074)","Unfall 245312 (2023) Kat:2, Licht: 2","245312","2","2","6","10","22","2","","2","0","0","1","0"
"POINT (13.440277209000044 52.505026849000046)","Unfall 245313 (2023) Kat:3, Licht: 0","245313","3","6","2","10","16","2","","0","0","1","0","1"
"POINT (13.319512586000030 52.426492206000034)","Unfall 245314 (2023) Kat:3, Licht: 1","245314","3","3","5","10","16","2","","1","0","1","0","0"
"POINT (13.333051320000038 52.490446390000045)","Unfall 245315 (2023) Kat:3, Licht: 0","245315","3","5","1","10","14","2","","0","0","1","0","0"
"POINT (13.344302887000026 52.537742463000029)","Unfall 245316 (2023) Kat:3, Licht: 0","245316","3","6","3","10","12","2","","0","1","1","0","0"
"POINT (13.439841260000037 52.500467191000041)","Unfall 245317 (2023) Kat:3, Licht: 0","245317","3","4","6","10","13","2","","0","0","0","1","0"
"POINT (13.282591921000062 52.533885843000064)","Unfall 245318 (2023) Kat:2, Licht: 0","245318","2","2","5","10","12","2","","0","1","1","0","0"
"POINT (13.438934101000029 52.500496593000037)","Unfall 245319 (2023) Kat:3, Licht: 0","245319","3","6","2","10","12","2","","0","0","1","0","0"
"POINT (13.488002874000074 52.617991375000031)","Unfall 245320 (2023) Kat:3, Licht: 0","245320","3","6","2","10","10","2","","0","0","1","0","0"
"POINT (13.355404467000028 52.413246987000036)","Unfall 245321 (2023) Kat:3, Licht: 2","245321","3","2","5","10","06","2","","2","1","1","0","0"
"POINT (13.294866430000070 52.576397934000056)","Unfall 245322 (2023) Kat:3, Licht: 2","245322","3","3","5","10","05","2","","2","0","1","0","0"
"POINT (13.392096548000040 52.439932667000051)","Unfall 245323 (2023) Kat:3, Licht: 2","245323","3","2","6","11","20","1","","2","0","0","1","0"
"POINT (13.371851077000031 52.509121198000059)","Unfall 245324 (2023) Kat:3, Licht: 2","245324","3","2","2","10","18","2","","2","0","1","0","0"
"POINT (13.326611296000067 52.527614778000043)","Unfall 245325 (2023) Kat:3, Licht: 0","245325","3","5","4","10","15","2","","0","0","1","0","1"
"POINT (13.525323976000038 52.482176801000037)","Unfall 245326 (2023) Kat:3, Licht: 0","245326","3","2","6","10","10","2","","0","0","1","1","0"
"POINT (13.288537943000051 52.477516475000073)","Unfall 245327 (2023) Kat:3, Licht: 2","245327","3","4","6","11","19","2","","2","0","1","1","0"
"POINT (13.586279923000063 52.455448554000043)","Unfall 245328 (2023) Kat:3, Licht: 0","245328","3","2","5","10","17","2","","0","1","1","0","0"
"POINT (13.376966799000058 52.557722431000059)","Unfall 245329 (2023) Kat:3, Licht: 0","245329","3","3","5","10","16","2","","0","1","1","0","0"
"POINT (13.406964212000048 52.393781423000064)","Unfall 245330 (2023) Kat:3, Licht: 0","245330","3","2","6","10","14","2","","0","0","1","1","0"
"POINT (13.380212927000059 52.518903955000042)","Unfall 245331 (2023) Kat:3, Licht: 0","245331","3","4","6","10","14","2","","0","0","1","1","0"
"POINT (13.413464033000025 52.524949075000052)","Unfall 245332 (2023) Kat:3, Licht: 0","245332","3","2","5","10","09","2","","0","1","0","0","0"
"POINT (13.272203327000057 52.536948817000052)","Unfall 245333 (2023) Kat:3, Licht: 1","245333","3","7","6","10","18","2","","1","0","0","1","0"
"POINT (13.288149283000052 52.495822308000072)","Unfall 245334 (2023) Kat:3, Licht: 0","245334","3","2","5","10","08","2","","0","0","1","0","0"
"POINT (13.437216163000073 52.455999356000063)","Unfall 245335 (2023) Kat:3, Licht: 0","245335","3","4","6","10","16","2","","0","0","1","1","0"
"POINT (13.449508825000066 52.417697865000036)","Unfall 245336 (2023) Kat:3, Licht: 0","245336","3","3","5","10","10","2","","0","1","1","0","0"
"POINT (13.589538351000044 52.416319583000075)","Unfall 245337 (2023) Kat:3, Licht: 0","245337","3","7","0","10","14","7","","0","0","1","0","0"
"POINT (13.303270422000026 52.437027582000042)","Unfall 245338 (2023) Kat:3, Licht: 0","245338","3","5","0","10","08","2","","0","0","1","0","1"
"POINT (13.401227125000048 52.414615776000062)","Unfall 245339 (2023) Kat:2, Licht: 0","245339","2","2","5","10","08","2","","0","0","1","0","1"
"POINT (13.479612362000069 52.443603595000070)","Unfall 245340 (2023) Kat:3, Licht: 0","245340","3","6","0","10","15","1","","0","1","1","0","0"
"POINT (13.295393761000071 52.610452246000079)","Unfall 245341 (2023) Kat:3, Licht: 0","245341","3","6","2","11","15","3","","0","0","1","0","0"
"POINT (13.433606901000076 52.481856180000079)","Unfall 245342 (2023) Kat:3, Licht: 2","245342","3","3","5","10","21","1","","2","1","1","0","0"
"POINT (13.286056350000024 52.592082238000046)","Unfall 245343 (2023) Kat:3, Licht: 0","245343","3","3","5","11","09","4","","0","0","1","0","0"
"POINT (13.457976539000072 52.472765732000028)","Unfall 245344 (2023) Kat:3, Licht: 2","245344","3","6","2","10","22","1","","2","0","1","0","0"
"POINT (13.296285646000058 52.519365106000066)","Unfall 245345 (2023) Kat:3, Licht: 2","245345","3","2","6","10","19","1","","2","0","1","1","0"
"POINT (13.409468129000061 52.426230788000055)","Unfall 245346 (2023) Kat:3, Licht: 0","245346","3","5","1","10","13","1","","0","0","1","0","0"
"POINT (13.473585933000038 52.548622936000072)","Unfall 245347 (2023) Kat:3, Licht: 0","245347","3","6","2","10","15","1","","0","0","1","0","0"