WKT,Name,OBJECTID,UKATEGORIE,UTYP1,UART,UMONAT,USTUNDE,UWOCHENTAG,STRZUSTAND,ULICHTVERH,ISTRAD,ISTPKW,ISTFUSS,ISTKRAD
"POINT (13.327426995000053 52.476963726000065)","Unfall 245348 (2023) Kat:3, Licht: 0","245348","3","6","2","10","10","1","","0","0","1","0","0"
"POINT (13.378114150000044 52.466372078000063)","Unfall 245349 (2023) Kat:3, Licht: 0","245349","3","2","5","10","09","1","","0","0","1","0","0"
"POINT (13.428802836000045 52.584420912000041)","Unfall 245350 (2023) Kat:3, Licht: 0","245350","3","1","8","10","07","1","","0","0","1","0","0"
"POINT (13.623208238000075 52.515512860000058)","Unfall 245351 (2023) Kat:3, Licht: 0","245351","3","5","1","10","17","1","","0","0","1","0","0"
"POINT (13.513520918000040 52.505404587000044)","Unfall 245352 (2023) Kat:3, Licht: 0","245352","3","3","0","10","15","3","","0","1","0","0","0"
"POINT (13.409758361000058 52.387233438000067)","Unfall 245353 (2023) Kat:3, Licht: 0","245353","3","2","5","10","17","1","","0","1","1","0","0"
"POINT (13.566185006000069 52.534264597000060)","Unfall 245354 (2023) Kat:3, Licht: 2","245354","3","2","5","11","20","2","","2","1","1","0","0"
"POINT (13.310085622000031 52.493698980000033)","Unfall 245355 (2023) Kat:2, Licht: 0","245355","2","3","5","10","15","1","","0","0","1","0","0"
"POINT (13.330670550000036 52.487222058000043)","Unfall 245356 (2023) Kat:3, Licht: 0","245356","3","2","5","10","12","1","","0","0","1","0","0"
"POINT (13.387079951000032 52.527210012000069)","Unfall 245357 (2023) Kat:3, Licht: 0","245357","3","2","3","10","12","1","","0","1","1","0","0"
"POINT (13.417423258000042 52.512963787000047)","Unfall 245358 (2023) Kat:3, Licht: 2","245358","3","5","1","10","20","7","","2","0","1","0","0"
"POINT (13.331150574000048 52.562870340000075)","Unfall 245359 (2023) Kat:2, Licht: 2","245359","2","5","1","10","18","7","","2","0","1","0","0"
"POINT (13.341321855000047 52.476332107000076)","Unfall 245360 (2023) Kat:3, Licht: 0","245360","3","3","5","10","11","7","","0","0","1","0","1"
"POINT (13.344727346000070 52.500336548000064)","Unfall 245361 (2023) Kat:3, Licht: 0","245361","3","7","0","10","11","7","","0","0","1","0","0"
"POINT (13.364200691000065 52.549618182000074)","Unfall 245362 (2023) Kat:3, Licht: 2","245362","3","2","6","10","22","7","","2","0","1","1","0"
"POINT (13.367479021000065 52.435677193000060)","Unfall 245363 (2023) Kat:2, Licht: 2","245363","2","5","1","10","23","7","","2","0","1","0","0"
"POINT (13.418017103000068 52.487753149000071)","Unfall 245364 (2023) Kat:3, Licht: 0","245364","3","5","1","10","14","7","","0","1","1","0","0"
"POINT (13.509756146000029 52.496283183000060)","Unfall 245365 (2023) Kat:3, Licht: 0","245365","3","4","6","10","14","7","","0","0","1","1","0"
"POINT (13.183634495000035 52.518160314000056)","Unfall 245366 (2023) Kat:3, Licht: 0","245366","3","3","5","10","11","7","","0","0","1","0","0"
"POINT (13.605656999000075 52.535853725000038)","Unfall 245367 (2023) Kat:3, Licht: 0","245367","3","6","2","10","13","7","","0","0","1","0","0"
"POINT (13.461952213000075 52.518788423000046)","Unfall 245368 (2023) Kat:3, Licht: 0","245368","3","6","2","10","14","7","","0","0","1","0","1"
"POINT (13.448928481000053 52.485044814000048)","Unfall 245369 (2023) Kat:2, Licht: 0","245369","2","3","5","10","12","7","","0","0","1","0","0"
"POINT (13.460317619000023 52.512331443000051)","Unfall 245370 (2023) Kat:3, Licht: 0","245370","3","6","3","10","14","7","","0","1","0","0","0"
"POINT (13.382442297000068 52.553494198000067)","Unfall 245371 (2023) Kat:3, Licht: 0","245371","3","6","2","10","14","7","","0","0","1","0","0"
"POINT (13.500934388000076 52.561638051000045)","Unfall 245372 (2023) Kat:3, Licht: 1","245372","3","2","5","10","17","7","","1","1","1","0","0"
"POINT (13.145750579000037 52.527455565000082)","Unfall 245373 (2023) Kat:3, Licht: 0","245373","3","3","0","10","14","7","","0","0","1","0","1"
"POINT (13.432794669000032 52.464635474000033)","Unfall 245374 (2023) Kat:3, Licht: 1","245374","3","3","5","11","16","3","","1","0","1","0","0"
"POINT (13.432888059000049 52.523342811000077)","Unfall 245375 (2023) Kat:3, Licht: 0","245375","3","2","5","10","13","7","","0","1","1","0","0"
"POINT (13.413521063000076 52.492158682000081)","Unfall 245376 (2023) Kat:3, Licht: 0","245376","3","2","5","10","12","7","","0","1","1","0","0"
"POINT (13.368417256000043 52.557283568000059)","Unfall 245377 (2023) Kat:2, Licht: 2","245377","2","1","1","10","00","7","","2","0","1","0","0"
"POINT (13.354483572000049 52.487727062000033)","Unfall 245378 (2023) Kat:3, Licht: 0","245378","3","7","6","10","08","6","","0","0","0","1","0"
"POINT (13.376024960000052 52.510065085000065)","Unfall 245379 (2023) Kat:2, Licht: 2","245379","2","7","0","10","18","6","","2","0","0","0","0"
"POINT (13.516104340000027 52.546346543000027)","Unfall 245380 (2023) Kat:3, Licht: 0","245380","3","2","5","11","09","5","","0","0","1","0","0"
"POINT (13.325282034000054 52.608265489000075)","Unfall 245381 (2023) Kat:2, Licht: 2","245381","2","3","6","10","18","6","","2","0","1","1","0"
"POINT (13.505340369000066 52.471193537000033)","Unfall 245382 (2023) Kat:2, Licht: 0","245382","2","7","5","10","15","6","","0","0","1","0","1"
"POINT (13.473047859000076 52.532270327000049)","Unfall 245383 (2023) Kat:3, Licht: 0","245383","3","6","2","10","14","6","","0","0","1","0","0"
"POINT (13.394141824000030 52.426650879000078)","Unfall 245384 (2023) Kat:3, Licht: 0","245384","3","2","0","10","13","6","","0","0","1","0","1"
"POINT (13.257505413000047 52.518848423000065)","Unfall 245385 (2023) Kat:3, Licht: 0","245385","3","3","5","10","13","6","","0","0","1","0","0"
"POINT (13.532515304000071 52.428761039000051)","Unfall 245386 (2023) Kat:3, Licht: 0","245386","3","7","0","10","09","6","","0","1","0","0","0"
"POINT (13.311312610000073 52.500519117000067)","Unfall 245387 (2023) Kat:3, Licht: 2","245387","3","6","3","11","22","2","","2","0","1","0","0"
"POINT (13.430422264000072 52.499203166000029)","Unfall 245388 (2023) Kat:3, Licht: 1","245388","3","3","5","10","18","6","","1","1","1","0","0"
"POINT (13.316826814000024 52.574350172000038)","Unfall 245389 (2023) Kat:3, Licht: 2","245389","3","3","5","10","20","6","","2","0","1","0","0"
"POINT (13.361402637000026 52.481248102000052)","Unfall 245390 (2023) Kat:3, Licht: 1","245390","3","6","2","10","16","6","","1","0","1","0","1"
"POINT (13.308109793000028 52.488576751000039)","Unfall 245391 (2023) Kat:3, Licht: 0","245391","3","6","2","11","12","4","","0","0","1","0","0"
"POINT (13.440610875000061 52.481373747000077)","Unfall 245392 (2023) Kat:3, Licht: 0","245392","3","6","2","10","14","6","","0","0","1","0","0"
"POINT (13.385827414000062 52.484947308000073)","Unfall 245393 (2023) Kat:3, Licht: 0","245393","3","2","5","10","12","6","","0","0","1","0","0"
"POINT (13.303361747000054 52.615618916000074)","Unfall 245394 (2023) Kat:3, Licht: 1","245394","3","6","2","10","07","6","","1","0","1","0","0"
"POINT (13.344206249000024 52.467078756000035)","Unfall 245395 (2023) Kat:3, Licht: 2","245395","3","4","6","10","23","6","","2","0","1","1","0"
"POINT (13.183314701000029 52.513516582000079)","Unfall 245396 (2023) Kat:3, Licht: 0","245396","3","7","5","10","17","6","","0","0","1","0","1"
"POINT (13.421171207000043 52.533535532000030)","Unfall 245397 (2023) Kat:3, Licht: 0","245397","3","3","0","10","16","6","","0","1","1","0","0"
"POINT (13.420399249000070 52.461639895000076)","Unfall 245398 (2023) Kat:3, Licht: 2","245398","3","3","5","10","02","6","","2","0","1","0","1"
"POINT (13.442449259000057 52.512380121000035)","Unfall 245399 (2023) Kat:3, Licht: 0","245399","3","7","5","10","15","6","","0","0","1","0","0"
"POINT (13.291161068000065 52.581114368000044)","Unfall 245400 (2023) Kat:3, Licht: 1","245400","3","2","5","10","14","6","","1","0","1","0","0"
"POINT (13.386283368000022 52.558725300000049)","Unfall 245401 (2023) Kat:3, Licht: 0","245401","3","2","0","10","13","6","","0","0","0","0","1"
"POINT (13.317203543000062 52.491479714000036)","Unfall 245402 (2023) Kat:3, Licht: 0","245402","3","6","2","10","14","6","","0","0","1","0","0"
"POINT (13.381652122000048 52.556291007000027)","Unfall 245403 (2023) Kat:3, Licht: 2","245403","3","5","1","10","18","6","","2","0","1","0","0"
"POINT (13.449904045000039 52.519991538000056)","Unfall 245404 (2023) Kat:3, Licht: 0","245404","3","6","3","10","07","6","","0","0","1","0","1"
"POINT (13.432215172000042 52.600396065000041)","Unfall 245405 (2023) Kat:3, Licht: 0","245405","3","5","2","10","07","6","","0","0","1","0","0"
"POINT (13.339236970000059 52.505338449000078)","Unfall 245406 (2023) Kat:3, Licht: 0","245406","3","7","5","10","09","6","","0","0","1","0","1"
"POINT (13.189832034000062 52.536893936000070)","Unfall 245407 (2023) Kat:3, Licht: 2","245407","3","4","6","10","18","6","","2","0","1","1","0"
"POINT (13.373606738000035 52.556779302000052)","Unfall 245408 (2023) Kat:2, Licht: 1","245408","2","4","6","10","16","7","","1","0","0","1","0"
"POINT (13.332778016000077 52.577292745000079)","Unfall 245409 (2023) Kat:3, Licht: 0","245409","3","1","8","10","13","6","","0","0","1","0","0"
"POINT (13.479371280000066 52.607876821000048)","Unfall 245410 (2023) Kat:3, Licht: 0","245410","3","3","5","10","14","6","","0","1","0","0","0"
"POINT (13.417222019000064 52.512437276000071)","Unfall 245411 (2023) Kat:3, Licht: 0","245411","3","2","5","10","13","6","","0","1","1","0","0"
"POINT (13.513536701000021 52.464734300000032)","Unfall 245412 (2023) Kat:3, Licht: 0","245412","3","2","5","10","13","6","","0","1","1","0","0"
"POINT (13.524504030000060 52.446855675000052)","Unfall 245413 (2023) Kat:3, Licht: 0","245413","3","6","2","10","13","6","","0","0","0","0","1"
"POINT (13.427758947000029 52.536378076000062)","Unfall 245414 (2023) Kat:3, Licht: 0","245414","3","4","6","10","09","6","","0","0","1","1","0"
"POINT (13.337721950000059 52.519961612000031)","Unfall 245415 (2023) Kat:3, Licht: 1","245415","3","5","1","10","17","2","","1","1","0","0","0"
"POINT (13.237050974000056 52.529045037000060)","Unfall 245416 (2023) Kat:3, Licht: 2","245416","3","7","5","10","00","6","","2","0","1","0","0"
"POINT (13.532774487000040 52.428901795000058)","Unfall 245417 (2023) Kat:3, Licht: 0","245417","3","7","0","10","09","6","","0","1","0","0","0"
"POINT (13.252170498000055 52.423259559000030)","Unfall 245418 (2023) Kat:3, Licht: 0","245418","3","4","6","10","11","6","","0","0","0","1","0"
"POINT (13.392734242000074 52.504358343000035)","Unfall 245419 (2023) Kat:3, Licht: 0","245419","3","3","0","10","12","6","","0","1","1","0","0"
"POINT (13.208724467000025 52.419361490000028)","Unfall 245420 (2023) Kat:2, Licht: 0","245420","2","2","6","10","15","6","","0","0","1","1","0"
"POINT (13.585656219000043 52.444640012000036)","Unfall 245421 (2023) Kat:3, Licht: 2","245421","3","6","2","10","20","6","","2","0","1","0","0"
"POINT (13.621756195000046 52.446444550000081)","Unfall 245422 (2023) Kat:1, Licht: 0","245422","1","1","0","10","10","6","","0","1","0","0","0"
"POINT (13.540422683000031 52.525741902000050)","Unfall 245423 (2023) Kat:3, Licht: 0","245423","3","2","5","10","15","6","","0","1","1","0","0"
"POINT (13.211619350000035 52.565061490000062)","Unfall 245424 (2023) Kat:3, Licht: 0","245424","3","2","5","10","15","6","","0","1","1","0","0"
"POINT (13.402866207000045 52.493963110000038)","Unfall 245425 (2023) Kat:3, Licht: 0","245425","3","2","5","10","14","6","","0","0","1","0","0"
"POINT (13.405608225000037 52.551190914000074)","Unfall 245426 (2023) Kat:3, Licht: 0","245426","3","2","2","10","10","6","","0","0","0","0","0"
"POINT (13.403630658000054 52.406861711000033)","Unfall 245427 (2023) Kat:3, Licht: 1","245427","3","3","5","10","07","6","","1","1","1","0","0"
"POINT (13.295943557000044 52.529627607000066)","Unfall 245428 (2023) Kat:3, Licht: 2","245428","3","6","2","10","07","6","","2","0","1","0","0"
"POINT (13.409706533000076 52.529084258000069)","Unfall 245429 (2023) Kat:3, Licht: 2","245429","3","4","6","11","18","4","","2","1","0","1","0"
"POINT (13.374857253000073 52.489237125000045)","Unfall 245430 (2023) Kat:3, Licht: 2","245430","3","3","5","10","17","6","","2","1","1","0","0"
"POINT (13.200669405000042 52.538726461000067)","Unfall 245431 (2023) Kat:3, Licht: 2","245431","3","2","0","10","18","2","","2","0","1","0","0"
"POINT (13.345065445000046 52.484605065000039)","Unfall 245432 (2023) Kat:3, Licht: 0","245432","3","2","5","10","15","6","","0","0","1","0","0"
"POINT (13.287610022000024 52.583876747000033)","Unfall 245433 (2023) Kat:3, Licht: 0","245433","3","3","5","10","14","6","","0","0","0","0","0"
"POINT (13.300556411000059 52.615725243000043)","Unfall 245434 (2023) Kat:3, Licht: 0","245434","3","6","2","10","11","6","","0","1","1","0","0"
"POINT (13.345859527000073 52.436410565000074)","Unfall 245435 (2023) Kat:3, Licht: 0","245435","3","2","2","10","14","5","","0","0","0","0","1"
"POINT (13.421478945000047 52.575369462000026)","Unfall 245436 (2023) Kat:3, Licht: 0","245436","3","3","5","10","15","5","","0","0","1","0","0"
"POINT (13.193466726000054 52.555660508000074)","Unfall 245437 (2023) Kat:2, Licht: 1","245437","2","1","0","10","14","5","","1","0","0","0","1"
"POINT (13.534155903000055 52.432948951000071)","Unfall 245438 (2023) Kat:3, Licht: 1","245438","3","2","6","10","18","5","","1","0","1","1","0"
"POINT (13.360363797000048 52.554601464000029)","Unfall 245439 (2023) Kat:3, Licht: 1","245439","3","3","5","10","17","5","","1","0","0","0","1"
"POINT (13.222673055000030 52.559664995000048)","Unfall 245440 (2023) Kat:3, Licht: 1","245440","3","5","1","10","16","5","","1","0","1","0","0"
"POINT (13.177689818000033 52.516924814000049)","Unfall 245441 (2023) Kat:3, Licht: 0","245441","3","2","5","10","12","5","","0","0","1","0","1"
"POINT (13.416824903000077 52.523858470000050)","Unfall 245442 (2023) Kat:2, Licht: 0","245442","2","1","0","10","08","5","","0","1","0","0","0"
"POINT (13.298891022000078 52.529555391000031)","Unfall 245443 (2023) Kat:3, Licht: 2","245443","3","4","6","11","17","2","","2","0","1","1","0"
"POINT (13.425208041000076 52.480323560000045)","Unfall 245444 (2023) Kat:3, Licht: 0","245444","3","6","0","10","07","5","","0","0","0","0","1"
"POINT (13.392934407000041 52.515001921000078)","Unfall 245445 (2023) Kat:3, Licht: 0","245445","3","3","5","10","13","5","","0","1","0","0","0"
"POINT (13.407404252000049 52.512917193000078)","Unfall 245446 (2023) Kat:3, Licht: 0","245446","3","5","1","10","09","5","","0","1","1","0","0"
"POINT (13.437339778000023 52.455712655000070)","Unfall 245447 (2023) Kat:3, Licht: 2","245447","3","4","6","10","18","5","","2","0","1","1","0"
"POINT (13.402025701000071 52.446725990000061)","Unfall 245448 (2023) Kat:3, Licht: 1","245448","3","2","0","10","17","5","","1","0","1","0","1"
"POINT (13.398609814000054 52.533387329000050)","Unfall 245449 (2023) Kat:3, Licht: 0","245449","3","7","5","10","07","5","","0","0","1","0","0"
"POINT (13.193437522000067 52.543112988000075)","Unfall 245450 (2023) Kat:3, Licht: 0","245450","3","2","5","10","07","5","","0","1","1","0","0"
"POINT (13.328484946000060 52.532535384000028)","Unfall 245451 (2023) Kat:3, Licht: 2","245451","3","7","5","10","21","5","","2","0","1","0","0"
"POINT (13.445884234000061 52.498997003000056)","Unfall 245452 (2023) Kat:3, Licht: 0","245452","3","6","2","10","13","5","","0","0","1","0","1"
"POINT (13.442766458000051 52.551078031000031)","Unfall 245453 (2023) Kat:3, Licht: 2","245453","3","3","5","10","05","2","","2","0","1","0","0"
"POINT (13.328536463000034 52.565113897000060)","Unfall 245454 (2023) Kat:3, Licht: 0","245454","3","4","6","10","13","5","","0","0","1","1","0"
"POINT (13.305751917000066 52.525720866000029)","Unfall 245455 (2023) Kat:2, Licht: 0","245455","2","4","6","11","15","6","","0","0","1","1","0"
"POINT (13.307075292000036 52.472550454000043)","Unfall 245456 (2023) Kat:2, Licht: 0","245456","2","4","6","10","11","5","","0","0","1","1","0"
"POINT (13.352056516000061 52.505184166000049)","Unfall 245457 (2023) Kat:3, Licht: 2","245457","3","1","0","10","17","5","","2","0","0","0","1"
"POINT (13.450733567000043 52.535999632000028)","Unfall 245458 (2023) Kat:3, Licht: 2","245458","3","2","2","10","18","5","","2","0","1","0","0"
"POINT (13.305845720000036 52.439708451000058)","Unfall 245459 (2023) Kat:3, Licht: 0","245459","3","3","5","10","12","5","","0","1","1","0","0"
"POINT (13.413195042000041 52.506783183000039)","Unfall 245460 (2023) Kat:3, Licht: 0","245460","3","2","5","10","12","5","","0","0","1","0","1"
"POINT (13.157921689000034 52.533117488000073)","Unfall 245461 (2023) Kat:3, Licht: 0","245461","3","7","0","10","10","5","","0","0","0","0","0"
"POINT (13.400135549000026 52.407686555000055)","Unfall 245462 (2023) Kat:3, Licht: 0","245462","3","7","6","10","08","5","","0","0","1","1","0"
"POINT (13.426078625000059 52.546307863000038)","Unfall 245463 (2023) Kat:3, Licht: 2","245463","3","6","2","10","18","5","","2","0","1","0","0"
"POINT (13.317594823000036 52.431355462000056)","Unfall 245464 (2023) Kat:3, Licht: 0","245464","3","6","3","10","13","5","","0","0","1","0","1"
"POINT (13.472499706000065 52.508516113000042)","Unfall 245465 (2023) Kat:3, Licht: 1","245465","3","2","5","10","17","5","","1","1","1","0","0"
"POINT (13.199770841000031 52.534783368000035)","Unfall 245466 (2023) Kat:2, Licht: 2","245466","2","2","6","10","20","5","","2","0","1","1","0"
"POINT (13.359561038000038 52.434269727000071)","Unfall 245467 (2023) Kat:3, Licht: 1","245467","3","7","5","10","19","5","","1","0","1","0","1"
"POINT (13.388673413000049 52.561441693000063)","Unfall 245468 (2023) Kat:3, Licht: 2","245468","3","5","1","10","18","5","","2","0","1","0","0"
"POINT (13.275928024000052 52.518721313000071)","Unfall 245469 (2023) Kat:3, Licht: 0","245469","3","2","5","10","16","5","","0","0","1","0","0"
"POINT (13.419910370000025 52.584769367000035)","Unfall 245470 (2023) Kat:3, Licht: 0","245470","3","2","5","11","14","4","","0","1","1","0","0"
"POINT (13.281489713000042 52.510972718000062)","Unfall 245471 (2023) Kat:3, Licht: 0","245471","3","3","5","10","12","5","","0","0","1","0","0"
"POINT (13.317879744000038 52.454197702000045)","Unfall 245472 (2023) Kat:3, Licht: 0","245472","3","6","0","10","09","5","","0","0","1","0","1"
"POINT (13.233264092000070 52.539546186000052)","Unfall 245473 (2023) Kat:3, Licht: 2","245473","3","6","2","10","21","5","","2","0","1","0","0"
"POINT (13.377726418000066 52.512242592000064)","Unfall 245474 (2023) Kat:3, Licht: 2","245474","3","3","5","10","19","5","","2","1","1","0","0"
"POINT (13.343653388000064 52.535551378000036)","Unfall 245475 (2023) Kat:3, Licht: 1","245475","3","1","0","10","17","5","","1","0","0","0","1"
"POINT (13.144387556000027 52.454363156000056)","Unfall 245476 (2023) Kat:3, Licht: 2","245476","3","2","2","10","17","5","","2","1","1","0","0"
"POINT (13.434779442000035 52.439363137000043)","Unfall 245477 (2023) Kat:3, Licht: 0","245477","3","3","5","10","15","5","","0","0","1","0","0"
"POINT (13.440647671000022 52.540668198000049)","Unfall 245478 (2023) Kat:2, Licht: 0","245478","2","2","0","10","14","5","","0","1","1","0","0"
"POINT (13.248904860000039 52.523999256000081)","Unfall 245479 (2023) Kat:3, Licht: 2","245479","3","6","3","10","20","5","","2","0","1","0","0"
"POINT (13.394640975000073 52.504562912000040)","Unfall 245480 (2023) Kat:3, Licht: 2","245480","3","3","5","10","19","5","","2","0","1","0","1"
"POINT (13.417319634000023 52.549937877000048)","Unfall 245481 (2023) Kat:3, Licht: 1","245481","3","2","0","10","17","5","","1","1","1","0","0"
"POINT (13.175694744000054 52.533805734000055)","Unfall 245482 (2023) Kat:3, Licht: 0","245482","3","2","0","10","08","5","","0","1","0","0","0"
"POINT (13.348145457000044 52.458936246000064)","Unfall 245483 (2023) Kat:3, Licht: 0","245483","3","6","2","10","14","5","","0","1","1","0","0"
"POINT (13.301407492000067 52.519159098000046)","Unfall 245484 (2023) Kat:3, Licht: 0","245484","3","3","5","10","12","5","","0","0","1","0","0"
"POINT (13.300574631000075 52.615374496000072)","Unfall 245485 (2023) Kat:3, Licht: 0","245485","3","5","1","10","11","5","","0","0","1","0","0"
"POINT (13.296010107000029 52.442736230000037)","Unfall 245486 (2023) Kat:3, Licht: 0","245486","3","2","5","10","11","5","","0","1","0","0","0"
"POINT (13.312334089000046 52.419705632000046)","Unfall 245487 (2023) Kat:2, Licht: 0","245487","2","4","6","10","09","5","","0","0","1","1","0"
"POINT (13.593643723000071 52.445526707000056)","Unfall 245488 (2023) Kat:3, Licht: 2","245488","3","4","6","10","20","4","","2","1","0","1","0"
"POINT (13.551769152000077 52.561544584000046)","Unfall 245489 (2023) Kat:3, Licht: 0","245489","3","3","5","10","15","4","","0","1","1","0","0"
"POINT (13.403923659000043 52.515372910000053)","Unfall 245490 (2023) Kat:3, Licht: 2","245490","3","2","5","11","17","4","","2","1","1","0","0"
"POINT (13.587131895000027 52.455473425000037)","Unfall 245491 (2023) Kat:3, Licht: 0","245491","3","5","1","10","14","4","","0","1","1","0","0"
"POINT (13.595829952000031 52.528823803000080)","Unfall 245492 (2023) Kat:3, Licht: 2","245492","3","6","2","10","19","4","","2","0","1","0","0"
"POINT (13.313102310000033 52.452622502000054)","Unfall 245493 (2023) Kat:2, Licht: 0","245493","2","3","0","10","15","4","","0","0","0","0","0"
"POINT (13.158104098000024 52.533169855000040)","Unfall 245494 (2023) Kat:3, Licht: 0","245494","3","2","5","10","14","4","","0","1","1","0","0"
"POINT (13.323390756000038 52.449883096000065)","Unfall 245495 (2023) Kat:3, Licht: 0","245495","3","3","5","10","10","4","","0","1","1","0","0"
"POINT (13.395954544000062 52.532436748000066)","Unfall 245496 (2023) Kat:3, Licht: 0","245496","3","2","5","10","08","4","","0","0","1","0","0"
"POINT (13.291221872000051 52.634253314000034)","Unfall 245497 (2023) Kat:3, Licht: 1","245497","3","3","5","10","07","4","","1","1","1","0","0"
"POINT (13.597306705000051 52.547678746000031)","Unfall 245498 (2023) Kat:3, Licht: 0","245498","3","6","3","10","07","4","","0","0","1","0","0"
"POINT (13.422277660000077 52.505505240000048)","Unfall 245499 (2023) Kat:3, Licht: 2","245499","3","3","5","11","01","3","","2","0","1","0","0"
"POINT (13.422693482000057 52.511923195000065)","Unfall 245500 (2023) Kat:3, Licht: 2","245500","3","1","0","10","02","6","","2","0","0","0","0"
"POINT (13.312896078000051 52.500676578000082)","Unfall 245501 (2023) Kat:3, Licht: 2","245501","3","2","5","10","19","4","","2","1","1","0","0"
"POINT (13.358428613000058 52.434115080000026)","Unfall 245502 (2023) Kat:3, Licht: 0","245502","3","5","1","11","11","1","","0","0","1","0","0"
"POINT (13.341475097000057 52.505118117000052)","Unfall 245503 (2023) Kat:3, Licht: 0","245503","3","3","5","10","14","4","","0","1","0","0","0"
"POINT (13.188972938000063 52.419399881000061)","Unfall 245504 (2023) Kat:3, Licht: 0","245504","3","3","5","10","12","4","","0","0","0","0","1"
"POINT (13.369710075000057 52.559663054000055)","Unfall 245505 (2023) Kat:2, Licht: 0","245505","2","2","5","10","10","4","","0","0","0","0","0"
"POINT (13.344033556000056 52.448073265000062)","Unfall 245506 (2023) Kat:3, Licht: 0","245506","3","7","5","11","15","6","","0","0","1","0","1"
"POINT (13.400862198000027 52.569474986000046)","Unfall 245507 (2023) Kat:3, Licht: 0","245507","3","6","2","10","10","4","","0","0","1","0","0"
"POINT (13.417448114000024 52.518590886000027)","Unfall 245508 (2023) Kat:3, Licht: 2","245508","3","1","0","10","18","4","","2","0","0","0","1"
"POINT (13.362341193000077 52.412367144000029)","Unfall 245509 (2023) Kat:3, Licht: 2","245509","3","2","5","10","19","4","","2","1","0","0","0"
"POINT (13.311415999000076 52.479573661000074)","Unfall 245510 (2023) Kat:3, Licht: 0","245510","3","2","5","10","16","4","","0","1","1","0","0"
"POINT (13.321221590000050 52.575916538000058)","Unfall 245511 (2023) Kat:3, Licht: 0","245511","3","6","2","10","11","4","","0","0","1","0","0"
"POINT (13.379824367000026 52.552906289000077)","Unfall 245512 (2023) Kat:3, Licht: 2","245512","3","6","2","10","02","4","","2","0","1","0","0"
"POINT (13.303865111000050 52.525611919000028)","Unfall 245513 (2023) Kat:2, Licht: 2","245513","2","3","5","10","01","4","","2","0","1","1","0"
"POINT (13.450490169000034 52.457531072000052)","Unfall 245514 (2023) Kat:2, Licht: 0","245514","2","6","3","10","17","4","","0","1","1","0","0"
"POINT (13.303254967000044 52.445274586000039)","Unfall 245515 (2023) Kat:3, Licht: 1","245515","3","2","6","10","17","4","","1","0","1","1","0"
"POINT (13.317238486000065 52.430790293000030)","Unfall 245516 (2023) Kat:3, Licht: 0","245516","3","2","5","10","15","4","","0","1","0","0","0"
"POINT (13.390218998000023 52.507681547000061)","Unfall 245517 (2023) Kat:3, Licht: 0","245517","3","3","5","10","12","4","","0","0","1","0","1"
"POINT (13.411017169000047 52.530617382000059)","Unfall 245518 (2023) Kat:2, Licht: 0","245518","2","2","5","10","11","4","","0","1","0","0","0"
"POINT (13.355424232000075 52.496991686000058)","Unfall 245519 (2023) Kat:3, Licht: 0","245519","3","5","5","10","09","4","","0","1","1","0","0"
"POINT (13.386861641000053 52.490060674000063)","Unfall 245520 (2023) Kat:2, Licht: 0","245520","2","1","0","10","17","4","","0","0","0","0","1"
"POINT (13.298764927000036 52.507897387000071)","Unfall 245521 (2023) Kat:3, Licht: 1","245521","3","7","5","10","17","4","","1","1","1","0","0"
"POINT (13.385480473000030 52.507414520000054)","Unfall 245522 (2023) Kat:3, Licht: 0","245522","3","2","5","10","14","4","","0","1","1","0","0"
"POINT (13.395213135000063 52.524397933000046)","Unfall 245523 (2023) Kat:3, Licht: 0","245523","3","7","5","10","14","4","","0","1","1","0","0"
"POINT (13.477361405000067 52.551634395000065)","Unfall 245524 (2023) Kat:2, Licht: 0","245524","2","6","2","10","13","4","","0","0","1","0","0"
"POINT (13.390065363000076 52.566266675000065)","Unfall 245525 (2023) Kat:3, Licht: 0","245525","3","4","6","10","10","4","","0","0","1","1","0"
"POINT (13.303634870000053 52.458605575000036)","Unfall 245526 (2023) Kat:3, Licht: 0","245526","3","6","2","11","11","2","","0","0","1","0","0"
"POINT (13.317743741000072 52.426036330000045)","Unfall 245527 (2023) Kat:3, Licht: 0","245527","3","5","1","10","08","4","","0","0","1","0","1"
"POINT (13.309060736000049 52.430808429000081)","Unfall 245528 (2023) Kat:3, Licht: 0","245528","3","3","5","10","08","4","","0","1","1","0","0"
"POINT (13.351599305000036 52.505216761000042)","Unfall 245529 (2023) Kat:3, Licht: 0","245529","3","4","6","10","09","3","","0","0","0","1","0"
"POINT (13.442555367000068 52.524936850000074)","Unfall 245530 (2023) Kat:3, Licht: 0","245530","3","2","0","10","09","3","","0","0","0","0","0"
"POINT (13.521160200000054 52.501960051000026)","Unfall 245531 (2023) Kat:3, Licht: 0","245531","3","7","5","10","09","3","","0","0","0","1","0"
"POINT (13.388224661000038 52.506578626000078)","Unfall 245532 (2023) Kat:3, Licht: 0","245532","3","5","1","10","16","3","","0","0","1","0","1"
"POINT (13.361329828000066 52.531365761000075)","Unfall 245533 (2023) Kat:3, Licht: 2","245533","3","3","5","11","21","6","","2","1","1","0","0"
"POINT (13.301899304000074 52.509871312000030)","Unfall 245534 (2023) Kat:3, Licht: 2","245534","3","3","5","10","23","3","","2","0","1","0","0"