WKT,Name,OBJECTID,UKATEGORIE,UTYP1,UART,UMONAT,USTUNDE,UWOCHENTAG,STRZUSTAND,ULICHTVERH,ISTRAD,ISTPKW,ISTFUSS,ISTKRAD
"POINT (13.165314812000076 52.551034882000067)","Unfall 245535 (2023) Kat:3, Licht: 2","245535","3","2","6","11","19","1","","2","0","1","1","0"
"POINT (13.351416743000073 52.470258934000071)","Unfall 245536 (2023) Kat:3, Licht: 2","245536","3","1","0","10","20","3","","2","1","0","0","0"
"POINT (13.512413703000050 52.464413836000062)","Unfall 245537 (2023) Kat:3, Licht: 2","245537","3","4","6","10","18","3","","2","0","1","1","0"
"POINT (13.464393910000069 52.510018083000034)","Unfall 245538 (2023) Kat:3, Licht: 0","245538","3","2","5","11","15","2","","0","1","1","0","0"
"POINT (13.484031842000036 52.463063752000039)","Unfall 245539 (2023) Kat:3, Licht: 2","245539","3","6","0","10","18","3","","2","0","0","0","0"
"POINT (13.406613202000074 52.482576170000073)","Unfall 245540 (2023) Kat:3, Licht: 0","245540","3","5","5","10","13","3","","0","0","1","0","0"
"POINT (13.282329095000023 52.477616868000041)","Unfall 245541 (2023) Kat:2, Licht: 0","245541","2","4","6","10","13","3","","0","0","1","1","0"
"POINT (13.272525400000063 52.519330538000077)","Unfall 245542 (2023) Kat:2, Licht: 1","245542","2","2","5","10","08","3","","1","0","1","0","0"
"POINT (13.485338270000057 52.523190400000033)","Unfall 245543 (2023) Kat:2, Licht: 1","245543","2","2","6","10","18","3","","1","0","1","1","0"
"POINT (13.456577251000056 52.507715971000039)","Unfall 245544 (2023) Kat:3, Licht: 1","245544","3","1","1","10","17","3","","1","0","1","0","0"
"POINT (13.541221207000035 52.540316550000057)","Unfall 245545 (2023) Kat:3, Licht: 0","245545","3","6","3","10","07","3","","0","0","1","0","1"
"POINT (13.376661386000023 52.483764094000037)","Unfall 245546 (2023) Kat:3, Licht: 0","245546","3","7","0","10","16","3","","0","0","0","1","0"
"POINT (13.387550966000049 52.439790189000064)","Unfall 245547 (2023) Kat:3, Licht: 0","245547","3","6","2","10","13","3","","0","0","1","0","0"
"POINT (13.429354831000069 52.481322573000057)","Unfall 245548 (2023) Kat:3, Licht: 0","245548","3","2","5","10","12","3","","0","1","1","0","0"
"POINT (13.422805534000076 52.499052884000037)","Unfall 245549 (2023) Kat:3, Licht: 0","245549","3","2","5","10","11","3","","0","1","1","0","0"
"POINT (13.521936259000029 52.526002849000065)","Unfall 245550 (2023) Kat:3, Licht: 0","245550","3","3","0","10","07","3","","0","1","1","0","0"
"POINT (13.348846443000070 52.567145905000075)","Unfall 245551 (2023) Kat:3, Licht: 2","245551","3","6","2","10","22","3","","2","0","1","0","0"
"POINT (13.410006491000047 52.398957511000049)","Unfall 245552 (2023) Kat:3, Licht: 0","245552","3","6","2","10","16","3","","0","0","1","0","0"
"POINT (13.278150402000051 52.636520058000031)","Unfall 245553 (2023) Kat:3, Licht: 0","245553","3","3","5","10","13","3","","0","0","1","0","0"
"POINT (13.332020031000070 52.471508442000072)","Unfall 245554 (2023) Kat:3, Licht: 0","245554","3","5","1","10","09","3","","0","1","1","0","0"
"POINT (13.437944092000066 52.488093993000064)","Unfall 245555 (2023) Kat:3, Licht: 0","245555","3","3","5","10","10","3","","0","0","1","0","1"
"POINT (13.345188504000078 52.492252737000058)","Unfall 245556 (2023) Kat:3, Licht: 2","245556","3","2","5","10","21","3","","2","1","1","0","0"
"POINT (13.393966484000032 52.541153412000028)","Unfall 245557 (2023) Kat:3, Licht: 0","245557","3","6","3","10","16","3","","0","1","1","0","0"
"POINT (13.384638065000047 52.460856717000070)","Unfall 245558 (2023) Kat:3, Licht: 0","245558","3","2","6","10","12","3","","0","0","1","1","0"
"POINT (13.398805666000044 52.496341690000065)","Unfall 245559 (2023) Kat:3, Licht: 0","245559","3","3","5","10","09","3","","0","0","1","0","0"
"POINT (13.503342214000043 52.575819630000069)","Unfall 245560 (2023) Kat:3, Licht: 0","245560","3","3","5","10","08","3","","0","0","1","0","0"
"POINT (13.420341949000033 52.502768164000031)","Unfall 245561 (2023) Kat:3, Licht: 2","245561","3","5","1","10","04","3","","2","0","1","0","1"
"POINT (13.389447981000046 52.513888751000081)","Unfall 245562 (2023) Kat:3, Licht: 0","245562","3","3","5","10","14","2","","0","0","1","0","1"
"POINT (13.433469798000033 52.482215667000048)","Unfall 245563 (2023) Kat:2, Licht: 0","245563","2","4","6","10","14","2","","0","0","1","1","0"
"POINT (13.370708523000076 52.523504563000074)","Unfall 245564 (2023) Kat:3, Licht: 2","245564","3","4","6","10","20","2","","2","1","0","1","0"
"POINT (13.279782760000046 52.518295193000029)","Unfall 245565 (2023) Kat:3, Licht: 2","245565","3","6","2","10","19","2","","2","0","1","0","0"
"POINT (13.430392830000073 52.515343873000063)","Unfall 245566 (2023) Kat:3, Licht: 0","245566","3","5","1","10","16","2","","0","0","1","0","0"
"POINT (13.718813368000042 52.431444309000028)","Unfall 245567 (2023) Kat:3, Licht: 0","245567","3","2","2","10","15","2","","0","1","1","0","0"
"POINT (13.412278864000029 52.524328991000061)","Unfall 245568 (2023) Kat:3, Licht: 0","245568","3","6","3","10","09","2","","0","1","1","0","0"
"POINT (13.416353422000043 52.511031821000074)","Unfall 245569 (2023) Kat:3, Licht: 0","245569","3","2","0","10","14","2","","0","1","1","0","0"
"POINT (13.357091088000061 52.555969243000050)","Unfall 245570 (2023) Kat:3, Licht: 0","245570","3","2","5","10","11","2","","0","1","1","0","0"
"POINT (13.532541133000052 52.510618326000042)","Unfall 245571 (2023) Kat:3, Licht: 0","245571","3","3","5","10","14","2","","0","0","1","0","0"
"POINT (13.416780143000040 52.501982339000051)","Unfall 245572 (2023) Kat:3, Licht: 0","245572","3","5","1","11","08","3","","0","1","1","0","0"
"POINT (13.550830226000073 52.429078894000043)","Unfall 245573 (2023) Kat:3, Licht: 0","245573","3","2","5","10","09","2","","0","1","1","0","0"
"POINT (13.428277078000065 52.507403393000061)","Unfall 245574 (2023) Kat:3, Licht: 0","245574","3","7","5","10","12","2","","0","0","0","0","1"
"POINT (13.488856687000066 52.464162341000076)","Unfall 245575 (2023) Kat:3, Licht: 0","245575","3","3","5","10","07","2","","0","1","1","0","0"
"POINT (13.280643031000068 52.429596108000055)","Unfall 245576 (2023) Kat:3, Licht: 0","245576","3","3","0","10","16","2","","0","0","1","0","1"
"POINT (13.394288838000023 52.426687010000080)","Unfall 245577 (2023) Kat:2, Licht: 2","245577","2","4","6","10","19","2","","2","0","1","1","0"
"POINT (13.218948386000022 52.560218609000060)","Unfall 245578 (2023) Kat:3, Licht: 0","245578","3","7","0","10","12","2","","0","0","0","0","1"
"POINT (13.377980695000076 52.472207394000066)","Unfall 245579 (2023) Kat:3, Licht: 0","245579","3","6","2","10","17","2","","0","0","1","0","1"
"POINT (13.353052143000070 52.501711979000049)","Unfall 245580 (2023) Kat:3, Licht: 0","245580","3","4","6","10","15","2","","0","0","1","1","0"
"POINT (13.265870582000048 52.513105090000067)","Unfall 245581 (2023) Kat:3, Licht: 0","245581","3","6","2","10","15","2","","0","1","1","0","0"
"POINT (13.440107796000063 52.548359948000041)","Unfall 245582 (2023) Kat:3, Licht: 0","245582","3","3","2","10","09","2","","0","1","1","0","0"
"POINT (13.197783370000025 52.535037740000064)","Unfall 245583 (2023) Kat:3, Licht: 2","245583","3","3","5","11","16","7","","2","0","1","0","0"
"POINT (13.352643043000057 52.581541541000036)","Unfall 245584 (2023) Kat:3, Licht: 2","245584","3","3","0","10","05","2","","2","0","0","0","1"
"POINT (13.401073786000040 52.414573545000053)","Unfall 245585 (2023) Kat:3, Licht: 0","245585","3","2","5","10","12","2","","0","0","1","0","0"
"POINT (13.309694836000062 52.478075610000076)","Unfall 245586 (2023) Kat:3, Licht: 0","245586","3","7","6","10","11","2","","0","0","1","1","0"
"POINT (13.178029442000025 52.548870457000078)","Unfall 245587 (2023) Kat:3, Licht: 0","245587","3","2","6","10","08","2","","0","0","1","1","0"
"POINT (13.195332288000031 52.535474890000046)","Unfall 245588 (2023) Kat:3, Licht: 2","245588","3","2","5","10","06","2","","2","0","1","0","0"
"POINT (13.310237862000065 52.479081589000032)","Unfall 245589 (2023) Kat:3, Licht: 1","245589","3","2","3","10","19","2","","1","0","1","0","0"
"POINT (13.374985934000051 52.485039422000057)","Unfall 245590 (2023) Kat:3, Licht: 2","245590","3","2","5","10","19","2","","2","1","1","0","0"
"POINT (13.130233157000077 52.549849556000026)","Unfall 245591 (2023) Kat:3, Licht: 0","245591","3","6","2","10","17","2","","0","0","1","0","0"
"POINT (13.312024687000076 52.421978171000035)","Unfall 245592 (2023) Kat:3, Licht: 0","245592","3","2","2","10","15","2","","0","0","1","0","0"
"POINT (13.428202193000061 52.473304512000027)","Unfall 245593 (2023) Kat:3, Licht: 0","245593","3","5","1","10","12","2","","0","1","0","0","0"
"POINT (13.578639368000040 52.438950253000030)","Unfall 245594 (2023) Kat:3, Licht: 0","245594","3","6","2","10","07","2","","0","1","0","0","0"
"POINT (13.484033419000070 52.463065055000072)","Unfall 245595 (2023) Kat:3, Licht: 0","245595","3","1","0","10","15","2","","0","0","0","0","1"
"POINT (13.515065998000068 52.552106490000028)","Unfall 245596 (2023) Kat:3, Licht: 0","245596","3","1","0","10","15","2","","0","1","0","0","0"
"POINT (13.401035380000053 52.518309853000062)","Unfall 245597 (2023) Kat:2, Licht: 0","245597","2","3","5","10","08","2","","0","1","1","0","0"
"POINT (13.279202954000027 52.503253580000035)","Unfall 245598 (2023) Kat:3, Licht: 0","245598","3","6","2","10","10","5","","0","0","1","0","0"
"POINT (13.301930523000067 52.578161637000051)","Unfall 245599 (2023) Kat:3, Licht: 0","245599","3","5","1","10","13","2","","0","0","1","0","0"
"POINT (13.415422315000058 52.420861818000049)","Unfall 245600 (2023) Kat:3, Licht: 0","245600","3","3","5","10","08","2","","0","1","1","0","0"
"POINT (13.327321746000052 52.563371206000056)","Unfall 245601 (2023) Kat:3, Licht: 1","245601","3","6","2","10","17","5","","1","0","1","0","0"
"POINT (13.388865833000068 52.398418502000027)","Unfall 245602 (2023) Kat:3, Licht: 2","245602","3","2","5","10","18","2","","2","1","1","0","0"
"POINT (13.358035194000024 52.569556457000033)","Unfall 245603 (2023) Kat:2, Licht: 0","245603","2","3","5","10","15","2","","0","1","1","0","0"
"POINT (13.185329684000067 52.515364584000054)","Unfall 245604 (2023) Kat:3, Licht: 0","245604","3","6","2","10","14","2","","0","0","1","0","0"
"POINT (13.266439629000047 52.533867227000030)","Unfall 245605 (2023) Kat:2, Licht: 0","245605","2","3","5","10","09","2","","0","0","1","0","0"
"POINT (13.373624515000074 52.556764963000035)","Unfall 245606 (2023) Kat:3, Licht: 0","245606","3","4","6","10","14","1","","0","0","0","1","0"
"POINT (13.566347551000035 52.534118657000079)","Unfall 245607 (2023) Kat:3, Licht: 0","245607","3","6","2","11","10","4","","0","0","1","0","0"
"POINT (13.414941383000041 52.502451653000037)","Unfall 245608 (2023) Kat:2, Licht: 0","245608","2","2","2","11","09","2","","0","1","1","0","0"
"POINT (13.229843328000072 52.427725420000058)","Unfall 245609 (2023) Kat:3, Licht: 2","245609","3","3","5","10","19","1","","2","1","1","0","0"
"POINT (13.425268636000055 52.477461365000067)","Unfall 245610 (2023) Kat:3, Licht: 0","245610","3","7","5","10","13","1","","0","1","1","0","0"
"POINT (13.342942387000051 52.475958430000048)","Unfall 245611 (2023) Kat:3, Licht: 2","245611","3","3","0","10","20","1","","2","0","1","0","1"
"POINT (13.352258393000056 52.502460724000059)","Unfall 245612 (2023) Kat:3, Licht: 2","245612","3","3","0","10","20","1","","2","0","1","0","1"
"POINT (13.426605980000033 52.607533283000066)","Unfall 245613 (2023) Kat:2, Licht: 0","245613","2","3","5","10","15","1","","0","1","1","0","0"
"POINT (13.326103879000073 52.538358162000065)","Unfall 245614 (2023) Kat:3, Licht: 0","245614","3","2","5","10","14","1","","0","0","1","0","0"
"POINT (13.518844120000040 52.460692261000077)","Unfall 245615 (2023) Kat:3, Licht: 0","245615","3","5","1","10","14","1","","0","0","1","0","0"
"POINT (13.259473501000059 52.433019663000039)","Unfall 245616 (2023) Kat:3, Licht: 0","245616","3","6","2","10","11","1","","0","1","1","0","0"
"POINT (13.313845557000036 52.528285354000047)","Unfall 245617 (2023) Kat:2, Licht: 2","245617","2","1","0","10","20","1","","2","0","0","0","0"
"POINT (13.571672728000067 52.444442085000048)","Unfall 245618 (2023) Kat:3, Licht: 0","245618","3","6","6","10","18","1","","0","1","0","1","0"
"POINT (13.326273984000068 52.537933362000047)","Unfall 245619 (2023) Kat:3, Licht: 0","245619","3","2","5","10","13","1","","0","0","1","0","0"
"POINT (13.429679660000033 52.494938509000065)","Unfall 245620 (2023) Kat:3, Licht: 2","245620","3","4","2","10","03","1","","2","1","0","1","0"
"POINT (13.574386565000054 52.452879277000079)","Unfall 245621 (2023) Kat:3, Licht: 0","245621","3","2","5","10","09","7","","0","0","1","0","0"
"POINT (13.274454594000076 52.637760196000045)","Unfall 245622 (2023) Kat:3, Licht: 0","245622","3","3","0","10","13","7","","0","0","0","0","1"
"POINT (13.440099370000041 52.481786569000064)","Unfall 245623 (2023) Kat:3, Licht: 1","245623","3","6","2","10","18","7","","1","0","1","0","0"
"POINT (13.428941353000027 52.584858599000029)","Unfall 245624 (2023) Kat:3, Licht: 0","245624","3","4","6","10","17","7","","0","0","1","1","0"
"POINT (13.436956574000021 52.493001134000053)","Unfall 245625 (2023) Kat:3, Licht: 1","245625","3","5","1","10","18","7","","1","1","1","0","0"
"POINT (13.394426419000069 52.488470582000048)","Unfall 245626 (2023) Kat:3, Licht: 0","245626","3","5","1","10","14","7","","0","0","1","0","0"
"POINT (13.526858776000040 52.401404818000060)","Unfall 245627 (2023) Kat:3, Licht: 0","245627","3","6","2","10","11","7","","0","0","1","0","0"
"POINT (13.526942719000033 52.556289248000041)","Unfall 245628 (2023) Kat:3, Licht: 2","245628","3","1","9","10","22","7","","2","1","0","0","0"
"POINT (13.289818102000027 52.582541132000074)","Unfall 245629 (2023) Kat:2, Licht: 0","245629","2","6","2","11","11","4","","0","0","1","0","0"
"POINT (13.428696851000041 52.518932221000057)","Unfall 245630 (2023) Kat:3, Licht: 0","245630","3","1","0","10","16","7","","0","0","0","0","1"
"POINT (13.417467538000039 52.496011535000036)","Unfall 245631 (2023) Kat:3, Licht: 0","245631","3","1","0","10","10","7","","0","1","0","0","0"
"POINT (13.409704162000025 52.529081461000033)","Unfall 245632 (2023) Kat:3, Licht: 2","245632","3","6","2","10","02","7","","2","0","1","0","0"
"POINT (13.363655294000068 52.500800868000056)","Unfall 245633 (2023) Kat:3, Licht: 0","245633","3","2","5","10","15","7","","0","0","1","0","0"
"POINT (13.206414173000042 52.529213815000048)","Unfall 245634 (2023) Kat:3, Licht: 2","245634","3","1","0","10","20","7","","2","0","0","0","1"
"POINT (13.470340996000061 52.539983651000057)","Unfall 245635 (2023) Kat:3, Licht: 0","245635","3","2","5","10","14","7","","0","0","1","0","0"
"POINT (13.434507876000055 52.531966488000080)","Unfall 245636 (2023) Kat:3, Licht: 0","245636","3","3","1","10","10","7","","0","1","1","0","0"
"POINT (13.569716675000052 52.545523483000068)","Unfall 245637 (2023) Kat:3, Licht: 0","245637","3","4","6","10","17","6","","0","0","1","1","0"
"POINT (13.439482917000078 52.475983872000029)","Unfall 245638 (2023) Kat:3, Licht: 0","245638","3","4","6","10","10","7","","0","0","0","1","0"
"POINT (13.265645030000030 52.536816277000071)","Unfall 245639 (2023) Kat:3, Licht: 0","245639","3","6","2","10","13","6","","0","0","1","0","0"
"POINT (13.470681539000054 52.506599484000049)","Unfall 245640 (2023) Kat:3, Licht: 2","245640","3","5","1","10","19","7","","2","1","1","0","0"
"POINT (13.450022900000022 52.526936543000033)","Unfall 245641 (2023) Kat:3, Licht: 2","245641","3","6","3","10","18","7","","2","0","1","0","0"
"POINT (13.487111158000062 52.465611730000035)","Unfall 245642 (2023) Kat:3, Licht: 0","245642","3","3","5","10","17","7","","0","0","1","0","0"
"POINT (13.514914038000029 52.446241442000030)","Unfall 245643 (2023) Kat:3, Licht: 0","245643","3","1","8","10","14","7","","0","0","0","0","1"
"POINT (13.441101535000030 52.424763565000035)","Unfall 245644 (2023) Kat:3, Licht: 0","245644","3","6","2","10","15","7","","0","0","1","0","0"
"POINT (13.501776837000023 52.558624311000074)","Unfall 245645 (2023) Kat:3, Licht: 0","245645","3","3","5","10","14","7","","0","0","1","0","1"
"POINT (13.356448563000072 52.522397884000043)","Unfall 245646 (2023) Kat:3, Licht: 0","245646","3","6","4","10","13","7","","0","1","0","0","0"
"POINT (13.383835008000062 52.468595811000057)","Unfall 245647 (2023) Kat:2, Licht: 2","245647","2","5","1","10","22","6","","2","1","1","0","0"
"POINT (13.457853335000038 52.512844061000067)","Unfall 245648 (2023) Kat:3, Licht: 2","245648","3","3","5","10","22","6","","2","0","1","0","0"
"POINT (13.395331906000024 52.496792312000082)","Unfall 245649 (2023) Kat:3, Licht: 2","245649","3","6","2","10","20","6","","2","0","1","0","1"
"POINT (13.392525206000073 52.398289197000054)","Unfall 245650 (2023) Kat:3, Licht: 0","245650","3","6","3","11","08","4","","0","1","1","0","0"
"POINT (13.425346733000026 52.479899293000074)","Unfall 245651 (2023) Kat:3, Licht: 0","245651","3","6","2","10","08","6","","0","0","1","0","1"
"POINT (13.449392997000075 52.548986123000077)","Unfall 245652 (2023) Kat:3, Licht: 0","245652","3","5","1","10","17","6","","0","1","1","0","0"
"POINT (13.405599213000073 52.505080731000078)","Unfall 245653 (2023) Kat:3, Licht: 2","245653","3","2","5","10","22","6","","2","0","1","0","0"
"POINT (13.406843142000071 52.393769662000068)","Unfall 245654 (2023) Kat:3, Licht: 0","245654","3","2","5","10","16","6","","0","0","1","0","0"
"POINT (13.525115377000077 52.460595657000056)","Unfall 245655 (2023) Kat:3, Licht: 0","245655","3","7","1","10","14","6","","0","1","1","0","0"
"POINT (13.441477200000065 52.473611857000037)","Unfall 245656 (2023) Kat:2, Licht: 0","245656","2","4","6","10","14","6","","0","0","1","1","0"
"POINT (13.593168869000067 52.451828778000049)","Unfall 245657 (2023) Kat:3, Licht: 0","245657","3","6","2","10","10","6","","0","0","1","0","0"
"POINT (13.378644797000049 52.528479483000069)","Unfall 245658 (2023) Kat:3, Licht: 0","245658","3","5","1","10","09","6","","0","1","1","0","0"
"POINT (13.386768568000036 52.491299890000050)","Unfall 245659 (2023) Kat:3, Licht: 0","245659","3","3","5","10","08","6","","0","0","1","0","0"
"POINT (13.309326283000075 52.482698884000058)","Unfall 245660 (2023) Kat:2, Licht: 2","245660","2","5","1","10","06","6","","2","0","1","0","0"
"POINT (13.440180170000076 52.489455723000049)","Unfall 245661 (2023) Kat:3, Licht: 2","245661","3","3","5","10","00","6","","2","0","1","0","0"
"POINT (13.287101581000059 52.586141471000076)","Unfall 245662 (2023) Kat:3, Licht: 0","245662","3","2","5","10","11","6","","0","1","1","0","0"
"POINT (13.187059224000052 52.537622964000036)","Unfall 245663 (2023) Kat:2, Licht: 2","245663","2","7","7","10","23","6","","2","0","0","0","1"
"POINT (13.549575948000040 52.399530128000038)","Unfall 245664 (2023) Kat:3, Licht: 2","245664","3","1","9","10","21","6","","2","0","1","0","0"
"POINT (13.442386792000036 52.465774176000082)","Unfall 245665 (2023) Kat:3, Licht: 1","245665","3","3","5","10","18","6","","1","1","1","0","0"
"POINT (13.281283784000038 52.585342401000048)","Unfall 245666 (2023) Kat:3, Licht: 2","245666","3","5","1","10","18","6","","2","1","1","0","0"
"POINT (13.332976472000041 52.578569439000034)","Unfall 245667 (2023) Kat:3, Licht: 2","245667","3","4","0","10","05","2","","2","0","0","1","1"
"POINT (13.315034757000035 52.481583660000069)","Unfall 245668 (2023) Kat:2, Licht: 2","245668","2","7","5","10","18","6","","2","0","1","0","1"
"POINT (13.586649601000033 52.424528879000036)","Unfall 245669 (2023) Kat:3, Licht: 2","245669","3","6","3","11","06","3","","2","1","0","0","0"
"POINT (13.422647660000052 52.548011641000073)","Unfall 245670 (2023) Kat:3, Licht: 0","245670","3","6","2","10","15","6","","0","0","1","0","0"
"POINT (13.565294159000075 52.438989336000077)","Unfall 245671 (2023) Kat:3, Licht: 0","245671","3","5","1","10","16","6","","0","0","1","0","0"
"POINT (13.491496848000054 52.514631998000027)","Unfall 245672 (2023) Kat:3, Licht: 0","245672","3","4","6","10","15","6","","0","0","1","1","0"
"POINT (13.284849248000057 52.593719350000072)","Unfall 245673 (2023) Kat:3, Licht: 0","245673","3","3","0","10","13","6","","0","0","1","0","1"
"POINT (13.341828180000050 52.434896407000053)","Unfall 245674 (2023) Kat:3, Licht: 2","245674","3","5","1","10","18","6","","2","1","1","0","0"
"POINT (13.417449713000053 52.492618456000059)","Unfall 245675 (2023) Kat:3, Licht: 0","245675","3","5","5","10","10","6","","0","0","1","0","1"
"POINT (13.557963112000039 52.529646251000031)","Unfall 245676 (2023) Kat:3, Licht: 0","245676","3","3","5","10","10","6","","0","0","1","0","0"
"POINT (13.426575837000030 52.476594036000051)","Unfall 245677 (2023) Kat:3, Licht: 0","245677","3","5","1","10","08","6","","0","1","1","0","0"
"POINT (13.429748660000030 52.544707260000052)","Unfall 245678 (2023) Kat:3, Licht: 0","245678","3","5","1","10","16","6","","0","1","1","0","0"
"POINT (13.583675939000045 52.514912186000061)","Unfall 245679 (2023) Kat:3, Licht: 0","245679","3","2","5","10","08","6","","0","0","1","0","0"
"POINT (13.301289560000043 52.513488068000072)","Unfall 245680 (2023) Kat:3, Licht: 0","245680","3","2","6","10","07","6","","0","0","1","1","0"
"POINT (13.410313032000033 52.503779420000058)","Unfall 245681 (2023) Kat:3, Licht: 0","245681","3","3","5","10","13","6","","0","0","1","0","0"
"POINT (13.372825792000071 52.436804222000035)","Unfall 245682 (2023) Kat:3, Licht: 0","245682","3","2","2","10","12","6","","0","1","1","0","0"
"POINT (13.457426966000071 52.503674192000062)","Unfall 245683 (2023) Kat:3, Licht: 0","245683","3","2","5","10","12","6","","0","1","1","0","0"
"POINT (13.388794114000063 52.517232576000026)","Unfall 245684 (2023) Kat:3, Licht: 0","245684","3","3","5","10","11","6","","0","1","0","0","0"
"POINT (13.320012423000037 52.505880705000038)","Unfall 245685 (2023) Kat:3, Licht: 0","245685","3","2","2","10","08","6","","0","1","1","0","0"
"POINT (13.280589574000032 52.506349041000078)","Unfall 245686 (2023) Kat:3, Licht: 2","245686","3","1","8","10","06","6","","2","1","1","0","0"
"POINT (13.326394506000042 52.540949946000069)","Unfall 245687 (2023) Kat:1, Licht: 2","245687","1","6","4","10","22","6","","2","0","1","0","0"
"POINT (13.433234713000047 52.482223760000068)","Unfall 245688 (2023) Kat:3, Licht: 0","245688","3","6","2","10","13","5","","0","1","1","0","0"
"POINT (13.424339114000077 52.543852277000042)","Unfall 245689 (2023) Kat:3, Licht: 2","245689","3","1","0","10","23","5","","2","1","0","0","0"
"POINT (13.377973474000044 52.473168385000065)","Unfall 245690 (2023) Kat:3, Licht: 1","245690","3","6","3","10","17","5","","1","1","1","0","0"
"POINT (13.317114271000037 52.501330663000033)","Unfall 245691 (2023) Kat:3, Licht: 1","245691","3","6","2","10","17","5","","1","0","1","0","0"
"POINT (13.407720046000065 52.529023797000036)","Unfall 245692 (2023) Kat:3, Licht: 2","245692","3","6","2","10","23","5","","2","0","1","0","0"
"POINT (13.500471291000053 52.402612390000058)","Unfall 245693 (2023) Kat:2, Licht: 2","245693","2","1","9","11","01","3","","2","0","1","0","0"
"POINT (13.383731372000057 52.554999027000065)","Unfall 245694 (2023) Kat:3, Licht: 1","245694","3","2","5","10","17","5","","1","1","1","0","0"
"POINT (13.609599758000059 52.533258522000040)","Unfall 245695 (2023) Kat:3, Licht: 0","245695","3","2","5","10","16","5","","0","0","1","0","0"
"POINT (13.348135871000068 52.543071453000039)","Unfall 245696 (2023) Kat:3, Licht: 0","245696","3","5","1","10","16","5","","0","0","1","0","1"
"POINT (13.422749767000028 52.544711443000040)","Unfall 245697 (2023) Kat:3, Licht: 0","245697","3","4","6","10","13","5","","0","0","1","1","0"
"POINT (13.391097834000050 52.536235097000031)","Unfall 245698 (2023) Kat:3, Licht: 2","245698","3","1","0","10","21","5","","2","1","0","0","0"
"POINT (13.332695811000065 52.455789634000041)","Unfall 245699 (2023) Kat:3, Licht: 0","245699","3","3","5","10","13","5","","0","0","1","0","0"
"POINT (13.296968401000072 52.464639097000031)","Unfall 245700 (2023) Kat:3, Licht: 2","245700","3","6","3","10","18","5","","2","1","1","0","0"
"POINT (13.328811524000059 52.609294923000050)","Unfall 245701 (2023) Kat:2, Licht: 2","245701","2","3","0","10","21","7","","2","0","1","0","1"
"POINT (13.322397458000069 52.486491366000052)","Unfall 245702 (2023) Kat:3, Licht: 0","245702","3","7","5","10","11","5","","0","0","1","0","1"
"POINT (13.360396001000026 52.597757993000073)","Unfall 245703 (2023) Kat:2, Licht: 1","245703","2","3","5","10","17","5","","1","0","1","0","1"
"POINT (13.493073673000026 52.623720684000034)","Unfall 245704 (2023) Kat:2, Licht: 2","245704","2","4","6","10","02","2","","2","0","0","1","0"
"POINT (13.376936897000064 52.510772256000052)","Unfall 245705 (2023) Kat:3, Licht: 0","245705","3","2","6","10","16","5","","0","1","0","1","0"
"POINT (13.380564910000032 52.442912563000050)","Unfall 245706 (2023) Kat:3, Licht: 0","245706","3","6","2","10","15","5","","0","0","1","0","0"
"POINT (13.293156281000051 52.534553513000048)","Unfall 245707 (2023) Kat:3, Licht: 0","245707","3","2","5","11","12","4","","0","0","1","0","0"
"POINT (13.343569110000033 52.439201648000051)","Unfall 245708 (2023) Kat:3, Licht: 0","245708","3","2","5","10","15","5","","0","1","1","0","0"
"POINT (13.430284691000054 52.495555546000048)","Unfall 245709 (2023) Kat:3, Licht: 0","245709","3","7","7","10","11","5","","0","1","0","0","0"
"POINT (13.397956364000038 52.501892368000028)","Unfall 245710 (2023) Kat:3, Licht: 0","245710","3","3","5","10","15","5","","0","0","1","0","0"
"POINT (13.452570188000038 52.429086330000075)","Unfall 245711 (2023) Kat:3, Licht: 0","245711","3","2","5","10","13","5","","0","0","1","0","1"
"POINT (13.336191563000057 52.430813057000080)","Unfall 245712 (2023) Kat:3, Licht: 0","245712","3","7","5","10","10","5","","0","0","1","0","1"
"POINT (13.568664033000061 52.453464747000055)","Unfall 245713 (2023) Kat:3, Licht: 0","245713","3","7","5","10","10","5","","0","0","1","0","0"
"POINT (13.416865974000075 52.523891574000061)","Unfall 245714 (2023) Kat:3, Licht: 0","245714","3","1","9","10","10","5","","0","0","0","0","1"
"POINT (13.199825001000022 52.534910532000026)","Unfall 245715 (2023) Kat:3, Licht: 0","245715","3","7","0","10","08","5","","0","1","0","0","0"
"POINT (13.342054527000073 52.517915475000052)","Unfall 245716 (2023) Kat:3, Licht: 0","245716","3","2","5","10","10","5","","0","0","1","0","0"
"POINT (13.379285886000048 52.489687371000059)","Unfall 245717 (2023) Kat:3, Licht: 1","245717","3","2","5","10","07","5","","1","1","1","0","0"
"POINT (13.481183368000075 52.460735549000049)","Unfall 245718 (2023) Kat:3, Licht: 2","245718","3","2","2","10","06","5","","2","0","1","0","0"
"POINT (13.341449355000066 52.525538462000043)","Unfall 245719 (2023) Kat:3, Licht: 0","245719","3","5","1","11","16","7","","0","1","1","0","0"
"POINT (13.398364411000045 52.569292194000070)","Unfall 245720 (2023) Kat:2, Licht: 1","245720","2","3","5","10","08","5","","1","1","1","0","0"
"POINT (13.401528411000072 52.529781483000079)","Unfall 245721 (2023) Kat:3, Licht: 2","245721","3","6","2","10","05","5","","2","0","1","0","0"