WKT,Name,OBJECTID,UKATEGORIE,UTYP1,UART,UMONAT,USTUNDE,UWOCHENTAG,STRZUSTAND,ULICHTVERH,ISTRAD,ISTPKW,ISTFUSS,ISTKRAD
"POINT (13.293387085000063 52.508283698000071)","Unfall 245722 (2023) Kat:3, Licht: 0","245722","3","4","6","11","15","3","","0","0","1","1","0"
"POINT (13.382896495000068 52.530537529000071)","Unfall 245723 (2023) Kat:3, Licht: 2","245723","3","1","0","10","05","5","","2","0","0","0","1"
"POINT (13.518789291000076 52.510491578000028)","Unfall 245724 (2023) Kat:3, Licht: 0","245724","3","6","2","10","07","5","","0","0","1","0","0"
"POINT (13.384165851000034 52.458187050000049)","Unfall 245725 (2023) Kat:3, Licht: 2","245725","3","3","5","10","06","5","","2","0","1","0","0"
"POINT (13.457706214000041 52.528773319000038)","Unfall 246035 (2023) Kat:3, Licht: 2","246035","3","3","5","12","23","1","","2","0","1","0","0"
"POINT (13.599044342000070 52.528386769000065)","Unfall 246036 (2023) Kat:3, Licht: 2","246036","3","3","5","12","21","1","","2","0","1","0","0"
"POINT (13.449527494000051 52.537208941000074)","Unfall 246037 (2023) Kat:3, Licht: 2","246037","3","2","5","12","19","1","","2","0","1","0","0"
"POINT (13.198249264000026 52.532585474000030)","Unfall 246038 (2023) Kat:3, Licht: 2","246038","3","6","3","12","17","1","","2","0","1","0","0"
"POINT (13.392733773000032 52.491910736000079)","Unfall 246039 (2023) Kat:2, Licht: 2","246039","2","4","6","12","23","1","","2","0","1","1","0"
"POINT (13.410481418000074 52.530148234000080)","Unfall 246040 (2023) Kat:3, Licht: 2","246040","3","6","3","12","22","1","","2","0","1","0","0"
"POINT (13.359206293000057 52.546471275000044)","Unfall 246041 (2023) Kat:3, Licht: 0","246041","3","2","5","12","11","1","","0","0","1","0","0"
"POINT (13.327584573000024 52.422920144000045)","Unfall 246042 (2023) Kat:2, Licht: 1","246042","2","7","8","12","08","1","","1","0","1","0","0"
"POINT (13.275161572000059 52.597917301000052)","Unfall 246043 (2023) Kat:3, Licht: 2","246043","3","1","8","12","04","1","","2","0","1","0","0"
"POINT (13.376944852000065 52.508485648000033)","Unfall 246044 (2023) Kat:3, Licht: 2","246044","3","4","6","12","01","7","","2","0","1","1","0"
"POINT (13.330818463000071 52.500411943000074)","Unfall 246045 (2023) Kat:2, Licht: 2","246045","2","3","5","12","04","7","","2","0","1","0","0"
"POINT (13.441823222000039 52.469717036000077)","Unfall 246046 (2023) Kat:3, Licht: 1","246046","3","2","2","12","15","7","","1","1","1","0","0"
"POINT (13.503739899000038 52.564355519000060)","Unfall 246047 (2023) Kat:2, Licht: 2","246047","2","6","2","12","23","7","","2","0","1","0","0"
"POINT (13.354122377000067 52.617920453000067)","Unfall 246048 (2023) Kat:3, Licht: 2","246048","3","1","1","12","21","7","","2","0","1","0","0"
"POINT (13.335490811000057 52.471825732000070)","Unfall 246049 (2023) Kat:3, Licht: 2","246049","3","6","2","12","20","7","","2","0","1","0","0"
"POINT (13.319965823000075 52.505883323000035)","Unfall 246050 (2023) Kat:3, Licht: 0","246050","3","2","5","12","14","7","","0","1","1","0","0"
"POINT (13.163648433000048 52.533253788000081)","Unfall 246051 (2023) Kat:3, Licht: 0","246051","3","2","5","12","11","7","","0","1","1","0","0"
"POINT (13.304487124000048 52.499600579000059)","Unfall 246052 (2023) Kat:3, Licht: 2","246052","3","6","0","12","01","7","","2","0","1","0","0"
"POINT (13.339209180000068 52.503129967000064)","Unfall 246053 (2023) Kat:3, Licht: 2","246053","3","3","5","12","23","7","","2","0","1","0","0"
"POINT (13.332712279000077 52.455944536000061)","Unfall 246054 (2023) Kat:3, Licht: 2","246054","3","2","6","12","19","7","","2","0","1","1","0"
"POINT (13.426090332000058 52.420527921000030)","Unfall 246055 (2023) Kat:3, Licht: 2","246055","3","4","0","12","17","7","","2","0","0","1","0"
"POINT (13.349872927000035 52.502795435000053)","Unfall 246056 (2023) Kat:3, Licht: 2","246056","3","6","2","12","17","7","","2","0","1","0","0"
"POINT (13.530891103000044 52.483822153000062)","Unfall 246057 (2023) Kat:2, Licht: 0","246057","2","3","5","12","13","7","","0","1","0","0","0"
"POINT (13.292689752000058 52.497509357000069)","Unfall 246058 (2023) Kat:3, Licht: 1","246058","3","6","2","12","18","6","","1","0","1","0","0"
"POINT (13.347003260000065 52.450086601000066)","Unfall 246059 (2023) Kat:3, Licht: 2","246059","3","2","6","12","21","6","","2","0","1","1","0"
"POINT (13.247536570000022 52.524845666000033)","Unfall 246060 (2023) Kat:3, Licht: 2","246060","3","6","2","12","18","6","","2","0","1","0","0"
"POINT (13.423285539000062 52.520146054000065)","Unfall 246061 (2023) Kat:3, Licht: 2","246061","3","2","5","12","17","6","","2","1","1","0","0"
"POINT (13.317792431000044 52.414340469000081)","Unfall 246062 (2023) Kat:2, Licht: 2","246062","2","2","6","12","16","6","","2","0","1","1","0"
"POINT (13.282769005000034 52.432895218000056)","Unfall 246063 (2023) Kat:3, Licht: 0","246063","3","7","4","12","14","6","","0","0","1","0","0"
"POINT (13.356253404000029 52.596693217000052)","Unfall 246064 (2023) Kat:3, Licht: 2","246064","3","2","6","12","07","6","","2","0","0","1","0"
"POINT (13.312227176000022 52.430366403000050)","Unfall 246065 (2023) Kat:3, Licht: 2","246065","3","2","2","12","19","6","","2","0","1","0","0"
"POINT (13.503970949000063 52.546578281000052)","Unfall 246066 (2023) Kat:3, Licht: 0","246066","3","3","5","12","11","6","","0","0","1","0","0"
"POINT (13.564163136000047 52.520397592000052)","Unfall 246067 (2023) Kat:3, Licht: 2","246067","3","5","1","12","19","6","","2","0","1","0","0"
"POINT (13.370498755000028 52.511016768000047)","Unfall 246068 (2023) Kat:3, Licht: 2","246068","3","6","3","12","17","6","","2","0","1","0","0"
"POINT (13.514500736000059 52.455077091000078)","Unfall 246069 (2023) Kat:3, Licht: 1","246069","3","4","6","12","14","6","","1","1","0","1","0"
"POINT (13.331471043000022 52.531295054000054)","Unfall 246071 (2023) Kat:3, Licht: 0","246071","3","4","6","12","12","5","","0","0","1","1","0"
"POINT (13.455013363000035 52.474401065000052)","Unfall 246072 (2023) Kat:2, Licht: 1","246072","2","2","6","12","17","5","","1","0","1","1","0"
"POINT (13.527256339000076 52.432134387000076)","Unfall 246073 (2023) Kat:3, Licht: 1","246073","3","3","0","12","15","5","","1","0","1","0","0"
"POINT (13.377143911000076 52.556596520000028)","Unfall 246074 (2023) Kat:3, Licht: 0","246074","3","2","5","12","14","5","","0","0","1","0","0"
"POINT (13.357576387000051 52.448481126000047)","Unfall 246075 (2023) Kat:3, Licht: 2","246075","3","6","2","12","16","5","","2","0","1","0","0"
"POINT (13.620346262000055 52.530786537000040)","Unfall 246076 (2023) Kat:3, Licht: 1","246076","3","7","2","12","15","5","","1","0","1","0","0"
"POINT (13.427129862000072 52.587361600000065)","Unfall 246077 (2023) Kat:3, Licht: 0","246077","3","2","5","12","13","5","","0","1","1","0","0"
"POINT (13.259220802000073 52.430818489000046)","Unfall 246078 (2023) Kat:3, Licht: 0","246078","3","3","5","12","12","5","","0","1","1","0","0"
"POINT (13.439014782000072 52.494989753000027)","Unfall 246079 (2023) Kat:3, Licht: 0","246079","3","3","5","12","09","5","","0","1","1","0","0"
"POINT (13.519911579000052 52.505750804000058)","Unfall 246080 (2023) Kat:3, Licht: 2","246080","3","4","0","12","17","4","","2","0","0","1","0"
"POINT (13.388130967000052 52.560900641000046)","Unfall 246081 (2023) Kat:3, Licht: 2","246081","3","4","6","12","15","4","","2","0","1","1","0"
"POINT (13.395011409000062 52.387381324000046)","Unfall 246082 (2023) Kat:3, Licht: 0","246082","3","6","4","12","16","4","","0","0","1","0","0"
"POINT (13.327993452000044 52.508146608000061)","Unfall 246083 (2023) Kat:3, Licht: 1","246083","3","6","2","12","16","4","","1","0","1","0","0"
"POINT (13.288365260000035 52.419975299000043)","Unfall 246084 (2023) Kat:3, Licht: 2","246084","3","5","1","12","00","4","","2","0","1","0","0"
"POINT (13.431772381000030 52.497458850000044)","Unfall 246085 (2023) Kat:3, Licht: 1","246085","3","4","6","12","15","4","","1","0","1","1","0"
"POINT (13.198193736000064 52.533027414000060)","Unfall 246086 (2023) Kat:3, Licht: 0","246086","3","2","6","12","15","4","","0","0","0","1","0"
"POINT (13.539859533000026 52.539839659000052)","Unfall 246087 (2023) Kat:3, Licht: 0","246087","3","3","5","12","14","4","","0","0","1","0","0"
"POINT (13.368162356000028 52.525958613000057)","Unfall 246088 (2023) Kat:3, Licht: 2","246088","3","7","6","12","18","4","","2","0","0","1","0"
"POINT (13.325085281000042 52.461342963000050)","Unfall 246089 (2023) Kat:3, Licht: 0","246089","3","7","2","12","08","4","","0","1","0","0","0"
"POINT (13.382066259000055 52.397002163000082)","Unfall 246090 (2023) Kat:3, Licht: 0","246090","3","1","8","12","10","4","","0","0","1","0","0"
"POINT (13.419410616000050 52.490014980000069)","Unfall 246091 (2023) Kat:3, Licht: 2","246091","3","1","9","12","20","3","","2","0","1","0","0"
"POINT (13.304186171000026 52.619588571000065)","Unfall 246092 (2023) Kat:3, Licht: 2","246092","3","2","6","12","20","3","","2","0","1","1","0"
"POINT (13.377900379000039 52.472439032000068)","Unfall 246093 (2023) Kat:3, Licht: 0","246093","3","2","5","12","13","3","","0","0","1","0","0"
"POINT (13.448098533000064 52.549278482000034)","Unfall 246094 (2023) Kat:2, Licht: 0","246094","2","3","5","12","12","3","","0","0","1","0","0"
"POINT (13.300342528000044 52.473181725000074)","Unfall 246095 (2023) Kat:3, Licht: 0","246095","3","1","0","12","10","3","","0","1","0","0","0"
"POINT (13.394913800000040 52.496275506000075)","Unfall 246096 (2023) Kat:3, Licht: 2","246096","3","2","6","12","20","3","","2","0","1","1","0"
"POINT (13.349416686000040 52.542345442000055)","Unfall 246097 (2023) Kat:3, Licht: 2","246097","3","2","6","12","19","3","","2","0","1","1","0"
"POINT (13.408855229000039 52.504177721000076)","Unfall 246098 (2023) Kat:2, Licht: 2","246098","2","4","6","12","01","3","","2","0","1","1","0"
"POINT (13.486008669000057 52.429946521000033)","Unfall 246099 (2023) Kat:3, Licht: 0","246099","3","2","5","12","04","3","","0","0","1","0","0"
"POINT (13.406759333000025 52.498472425000045)","Unfall 246100 (2023) Kat:3, Licht: 2","246100","3","3","5","12","20","2","","2","0","1","0","0"
"POINT (13.446629727000072 52.502821779000044)","Unfall 246101 (2023) Kat:3, Licht: 0","246101","3","2","5","12","14","2","","0","1","1","0","0"
"POINT (13.505373134000024 52.548733377000076)","Unfall 246102 (2023) Kat:3, Licht: 2","246102","3","4","6","12","19","2","","2","0","1","1","0"
"POINT (13.367696943000055 52.525816489000078)","Unfall 246103 (2023) Kat:3, Licht: 2","246103","3","2","5","12","17","2","","2","0","1","0","0"
"POINT (13.383244964000028 52.443089647000079)","Unfall 246104 (2023) Kat:3, Licht: 0","246104","3","5","1","12","13","2","","0","0","1","0","0"
"POINT (13.622119323000049 52.525158338000040)","Unfall 246105 (2023) Kat:3, Licht: 2","246105","3","1","0","12","05","2","","2","0","0","0","0"
"POINT (13.343831162000072 52.435169924000036)","Unfall 246107 (2023) Kat:3, Licht: 0","246107","3","2","5","12","13","5","","0","0","1","0","0"
"POINT (13.244909100000029 52.538190608000036)","Unfall 246108 (2023) Kat:2, Licht: 2","246108","2","6","1","12","05","2","","2","0","1","0","0"
"POINT (13.377766281000049 52.529017629000066)","Unfall 246109 (2023) Kat:2, Licht: 2","246109","2","4","6","12","19","1","","2","0","0","1","0"
"POINT (13.452396467000028 52.429127933000075)","Unfall 246110 (2023) Kat:3, Licht: 2","246110","3","7","6","12","22","1","","2","0","1","1","0"
"POINT (13.286616639000044 52.518911770000045)","Unfall 246111 (2023) Kat:3, Licht: 2","246111","3","2","6","12","21","1","","2","0","1","1","0"
"POINT (13.187436554000044 52.527584740000066)","Unfall 246112 (2023) Kat:3, Licht: 2","246112","3","4","6","12","16","1","","2","0","1","1","0"
"POINT (13.536312372000054 52.422074270000053)","Unfall 246113 (2023) Kat:3, Licht: 0","246113","3","3","5","12","14","1","","0","1","1","0","0"
"POINT (13.408417675000067 52.584363724000070)","Unfall 246114 (2023) Kat:3, Licht: 0","246114","3","3","5","12","12","1","","0","0","1","0","0"
"POINT (13.424255261000042 52.485657417000027)","Unfall 246115 (2023) Kat:3, Licht: 0","246115","3","7","0","12","06","1","","0","0","0","0","1"
"POINT (13.519976868000072 52.505893761000038)","Unfall 246116 (2023) Kat:3, Licht: 2","246116","3","3","5","12","23","1","","2","0","1","0","0"
"POINT (13.203859421000061 52.540716167000028)","Unfall 246117 (2023) Kat:2, Licht: 2","246117","2","6","2","12","20","1","","2","0","1","0","0"
"POINT (13.476984721000065 52.524267461000079)","Unfall 246118 (2023) Kat:3, Licht: 0","246118","3","7","6","12","10","1","","0","0","1","1","0"
"POINT (13.425593665000065 52.479138520000049)","Unfall 246119 (2023) Kat:2, Licht: 2","246119","2","2","2","12","20","7","","2","0","1","0","0"
"POINT (13.342484852000041 52.434518507000064)","Unfall 246120 (2023) Kat:3, Licht: 2","246120","3","2","6","12","16","7","","2","0","1","1","0"
"POINT (13.467003770000076 52.464541199000053)","Unfall 246121 (2023) Kat:3, Licht: 2","246121","3","5","1","12","20","7","","2","0","1","0","0"
"POINT (13.382886751000058 52.433206515000052)","Unfall 246122 (2023) Kat:3, Licht: 0","246122","3","7","6","12","14","7","","0","0","0","1","0"
"POINT (13.314127137000071 52.490346651000038)","Unfall 246123 (2023) Kat:3, Licht: 2","246123","3","3","5","12","16","7","","2","0","1","0","0"
"POINT (13.592186776000062 52.546452822000049)","Unfall 246124 (2023) Kat:3, Licht: 0","246124","3","4","6","12","10","7","","0","0","1","1","0"
"POINT (13.371692523000036 52.480701181000029)","Unfall 246125 (2023) Kat:3, Licht: 2","246125","3","1","1","12","02","7","","2","0","1","0","0"
"POINT (13.184555284000055 52.547333271000070)","Unfall 246126 (2023) Kat:3, Licht: 2","246126","3","4","6","12","16","7","","2","0","1","1","0"
"POINT (13.473780058000045 52.474994193000043)","Unfall 246127 (2023) Kat:2, Licht: 0","246127","2","2","5","12","14","7","","0","0","1","0","0"
"POINT (13.548119053000050 52.473866114000032)","Unfall 246128 (2023) Kat:3, Licht: 2","246128","3","1","9","12","04","7","","2","0","1","0","0"
"POINT (13.277498713000057 52.575574976000041)","Unfall 246129 (2023) Kat:3, Licht: 2","246129","3","4","6","12","17","7","","2","0","1","1","0"
"POINT (13.207808132000025 52.538828812000077)","Unfall 246130 (2023) Kat:3, Licht: 2","246130","3","6","2","12","22","6","","2","0","1","0","0"
"POINT (13.386072712000043 52.464786427000035)","Unfall 246131 (2023) Kat:3, Licht: 2","246131","3","5","1","12","17","6","","2","0","1","0","0"
"POINT (13.309498671000028 52.431181521000042)","Unfall 246132 (2023) Kat:3, Licht: 0","246132","3","6","2","12","15","6","","0","0","1","0","0"
"POINT (13.420074242000055 52.394803139000032)","Unfall 246133 (2023) Kat:3, Licht: 0","246133","3","2","2","12","11","6","","0","0","1","0","0"
"POINT (13.503402714000060 52.418234801000040)","Unfall 246134 (2023) Kat:2, Licht: 0","246134","2","4","6","12","07","6","","0","0","1","1","0"
"POINT (13.327426572000036 52.464026836000073)","Unfall 246135 (2023) Kat:3, Licht: 0","246135","3","3","5","12","11","6","","0","1","0","0","1"
"POINT (13.336596646000032 52.443529992000038)","Unfall 246136 (2023) Kat:3, Licht: 0","246136","3","3","5","12","07","6","","0","0","1","0","1"
"POINT (13.457236881000028 52.561068882000029)","Unfall 246137 (2023) Kat:3, Licht: 0","246137","3","2","5","12","10","6","","0","1","1","0","0"
"POINT (13.438596799000038 52.452622871000074)","Unfall 246138 (2023) Kat:3, Licht: 0","246138","3","2","5","12","15","6","","0","0","1","0","0"
"POINT (13.377900379000039 52.472439032000068)","Unfall 246139 (2023) Kat:3, Licht: 0","246139","3","2","5","12","15","6","","0","0","1","0","0"
"POINT (13.477188712000043 52.531764892000069)","Unfall 246140 (2023) Kat:3, Licht: 0","246140","3","6","2","12","14","6","","0","0","1","0","0"
"POINT (13.438295667000034 52.416437783000049)","Unfall 246141 (2023) Kat:3, Licht: 0","246141","3","6","2","12","12","6","","0","0","1","0","0"
"POINT (13.391931513000031 52.549746942000070)","Unfall 246142 (2023) Kat:3, Licht: 0","246142","3","2","5","12","12","6","","0","1","1","0","0"
"POINT (13.407038125000042 52.518342858000040)","Unfall 246143 (2023) Kat:3, Licht: 0","246143","3","2","5","12","09","6","","0","0","1","0","1"
"POINT (13.227486597000052 52.584786125000051)","Unfall 246144 (2023) Kat:2, Licht: 1","246144","2","4","6","12","07","5","","1","0","0","1","0"
"POINT (13.497596274000045 52.416032531000042)","Unfall 246145 (2023) Kat:3, Licht: 2","246145","3","3","5","12","01","5","","2","0","1","0","0"
"POINT (13.359671698000056 52.496174584000073)","Unfall 246146 (2023) Kat:3, Licht: 2","246146","3","7","6","12","18","5","","2","0","0","1","0"
"POINT (13.360725420000051 52.570319229000063)","Unfall 246148 (2023) Kat:3, Licht: 2","246148","3","2","6","12","16","5","","2","0","1","1","0"
"POINT (13.617329152000025 52.451055315000076)","Unfall 246149 (2023) Kat:3, Licht: 1","246149","3","7","0","12","15","5","","1","0","1","1","0"
"POINT (13.305560747000072 52.499690914000041)","Unfall 246150 (2023) Kat:3, Licht: 0","246150","3","2","5","12","09","5","","0","1","1","0","0"
"POINT (13.450472002000026 52.489183405000063)","Unfall 246151 (2023) Kat:3, Licht: 2","246151","3","4","6","12","18","5","","2","0","0","1","0"
"POINT (13.570161702000064 52.555603405000056)","Unfall 246152 (2023) Kat:3, Licht: 2","246152","3","3","5","12","17","5","","2","0","1","0","0"
"POINT (13.572588015000065 52.550099785000043)","Unfall 246153 (2023) Kat:3, Licht: 2","246153","3","6","2","12","16","5","","2","0","1","0","0"
"POINT (13.328445835000025 52.478814826000075)","Unfall 246154 (2023) Kat:3, Licht: 1","246154","3","6","1","12","15","5","","1","0","1","0","0"
"POINT (13.503080530000034 52.636574815000074)","Unfall 246155 (2023) Kat:3, Licht: 0","246155","3","3","5","12","14","5","","0","0","1","0","0"
"POINT (13.354278746000034 52.541648890000033)","Unfall 246157 (2023) Kat:3, Licht: 0","246157","3","3","5","12","14","5","","0","0","1","0","0"
"POINT (13.244830362000073 52.614458918000082)","Unfall 246158 (2023) Kat:3, Licht: 2","246158","3","2","6","12","19","5","","2","0","1","1","0"
"POINT (13.425993261000031 52.477954748000059)","Unfall 246159 (2023) Kat:3, Licht: 0","246159","3","6","3","12","09","5","","0","1","1","0","0"
"POINT (13.320559274000061 52.565923519000080)","Unfall 246160 (2023) Kat:3, Licht: 0","246160","3","6","2","12","08","5","","0","0","1","0","0"
"POINT (13.597428448000073 52.502372854000043)","Unfall 246161 (2023) Kat:3, Licht: 0","246161","3","3","5","12","13","5","","0","0","1","0","0"
"POINT (13.350344549000056 52.414249605000066)","Unfall 246162 (2023) Kat:2, Licht: 2","246162","2","7","6","12","07","5","","2","0","1","1","0"
"POINT (13.393688114000042 52.457423659000028)","Unfall 246163 (2023) Kat:3, Licht: 0","246163","3","2","5","12","08","5","","0","0","1","0","0"
"POINT (13.334084106000034 52.524026208000066)","Unfall 246164 (2023) Kat:3, Licht: 0","246164","3","7","5","12","09","5","","0","0","1","0","0"
"POINT (13.495907833000047 52.465919896000059)","Unfall 246165 (2023) Kat:3, Licht: 2","246165","3","2","6","12","07","5","","2","0","1","1","0"
"POINT (13.353945841000041 52.408528040000078)","Unfall 246166 (2023) Kat:3, Licht: 2","246166","3","3","5","12","23","5","","2","1","1","0","0"
"POINT (13.324208433000024 52.476638164000065)","Unfall 246167 (2023) Kat:3, Licht: 2","246167","3","3","5","12","18","5","","2","0","1","0","0"
"POINT (13.453800896000075 52.562405588000047)","Unfall 246168 (2023) Kat:2, Licht: 0","246168","2","4","6","12","14","5","","0","0","1","1","0"
"POINT (13.520044604000077 52.504806016000032)","Unfall 246169 (2023) Kat:3, Licht: 0","246169","3","6","2","12","14","5","","0","0","1","0","0"
"POINT (13.353353682000034 52.449105156000030)","Unfall 246170 (2023) Kat:3, Licht: 0","246170","3","4","6","12","08","5","","0","0","1","1","0"
"POINT (13.453837927000052 52.482433056000048)","Unfall 246171 (2023) Kat:3, Licht: 0","246171","3","1","0","12","11","5","","0","1","0","0","0"
"POINT (13.618503496000073 52.455498612000042)","Unfall 246172 (2023) Kat:3, Licht: 0","246172","3","2","6","12","11","4","","0","0","1","1","0"
"POINT (13.428664337000043 52.572112210000057)","Unfall 246173 (2023) Kat:3, Licht: 2","246173","3","3","5","12","19","1","","2","0","1","0","0"
"POINT (13.513458684000057 52.429308785000046)","Unfall 246174 (2023) Kat:2, Licht: 2","246174","2","2","6","12","07","4","","2","0","1","1","0"
"POINT (13.425017702000048 52.480965404000074)","Unfall 246175 (2023) Kat:3, Licht: 2","246175","3","2","6","12","07","4","","2","0","0","1","0"
"POINT (13.263222115000076 52.521020259000068)","Unfall 246176 (2023) Kat:3, Licht: 2","246176","3","4","6","12","19","4","","2","0","1","1","0"
"POINT (13.574047358000030 52.444363014000032)","Unfall 246177 (2023) Kat:3, Licht: 2","246177","3","7","0","12","17","4","","2","1","1","0","0"
"POINT (13.439168618000053 52.547302233000039)","Unfall 246179 (2023) Kat:3, Licht: 0","246179","3","2","5","12","13","5","","0","1","1","0","0"
"POINT (13.250124139000036 52.455766723000067)","Unfall 246180 (2023) Kat:2, Licht: 1","246180","2","2","5","12","15","4","","1","0","1","0","0"
"POINT (13.383979637000039 52.484989225000049)","Unfall 246181 (2023) Kat:2, Licht: 0","246181","2","6","2","12","08","5","","0","1","1","0","0"
"POINT (13.413097861000040 52.382871017000070)","Unfall 246182 (2023) Kat:3, Licht: 0","246182","3","2","5","12","12","4","","0","0","1","0","0"
"POINT (13.405206998000040 52.508277463000070)","Unfall 246183 (2023) Kat:3, Licht: 0","246183","3","3","5","12","10","4","","0","1","1","0","0"
"POINT (13.490694947000065 52.616869776000044)","Unfall 246184 (2023) Kat:3, Licht: 0","246184","3","4","6","12","08","4","","0","0","1","1","0"
"POINT (13.334413652000023 52.468263067000066)","Unfall 246185 (2023) Kat:3, Licht: 2","246185","3","6","3","12","06","4","","2","0","1","0","1"
"POINT (13.188311917000021 52.544711780000057)","Unfall 246186 (2023) Kat:2, Licht: 2","246186","2","2","6","12","19","4","","2","0","1","1","0"
"POINT (13.307227657000055 52.500095741000052)","Unfall 246187 (2023) Kat:3, Licht: 0","246187","3","6","3","12","11","4","","0","0","1","0","0"
"POINT (13.591630101000021 52.544961101000069)","Unfall 246188 (2023) Kat:3, Licht: 2","246188","3","2","2","12","07","4","","2","0","1","0","0"
"POINT (13.365507619000027 52.556820205000065)","Unfall 246189 (2023) Kat:3, Licht: 2","246189","3","2","5","12","21","4","","2","0","1","0","0"
"POINT (13.206572822000055 52.525547856000060)","Unfall 246190 (2023) Kat:3, Licht: 0","246190","3","5","1","12","14","4","","0","0","1","0","0"
"POINT (13.276585505000071 52.430225579000080)","Unfall 246191 (2023) Kat:3, Licht: 0","246191","3","3","5","12","14","4","","0","1","1","0","0"
"POINT (13.389781407000044 52.574288611000043)","Unfall 246192 (2023) Kat:3, Licht: 1","246192","3","3","5","12","08","4","","1","1","1","0","0"
"POINT (13.205433739000057 52.541697615000032)","Unfall 246193 (2023) Kat:3, Licht: 2","246193","3","2","6","12","18","4","","2","0","1","1","0"
"POINT (13.286910726000031 52.586113999000077)","Unfall 246194 (2023) Kat:3, Licht: 0","246194","3","7","0","12","10","4","","0","0","0","0","0"
"POINT (13.376502004000031 52.484921471000064)","Unfall 246195 (2023) Kat:3, Licht: 2","246195","3","1","9","12","00","4","","2","0","1","0","0"
"POINT (13.378103366000062 52.466346133000059)","Unfall 246196 (2023) Kat:3, Licht: 0","246196","3","2","5","12","09","4","","0","0","1","0","0"
"POINT (13.188832461000061 52.521780387000035)","Unfall 246197 (2023) Kat:3, Licht: 1","246197","3","2","2","12","07","4","","1","0","1","0","0"
"POINT (13.353232030000072 52.502241042000037)","Unfall 246198 (2023) Kat:3, Licht: 2","246198","3","2","5","12","07","4","","2","0","1","0","0"
"POINT (13.334964007000053 52.524919450000027)","Unfall 246199 (2023) Kat:3, Licht: 2","246199","3","3","5","12","06","4","","2","1","1","0","0"
"POINT (13.378362855000034 52.565903127000070)","Unfall 246200 (2023) Kat:3, Licht: 2","246200","3","4","6","12","18","3","","2","0","0","1","0"
"POINT (13.470340619000069 52.553720417000079)","Unfall 246201 (2023) Kat:3, Licht: 0","246201","3","2","5","12","15","3","","0","0","1","0","0"
"POINT (13.314384461000031 52.574621024000066)","Unfall 246202 (2023) Kat:3, Licht: 2","246202","3","4","6","12","21","3","","2","0","1","1","0"
"POINT (13.390732527000068 52.517268927000032)","Unfall 246203 (2023) Kat:3, Licht: 2","246203","3","6","2","12","19","3","","2","0","1","0","0"
"POINT (13.430303097000035 52.466238420000082)","Unfall 246204 (2023) Kat:2, Licht: 2","246204","2","4","6","12","21","3","","2","0","1","1","0"
"POINT (13.359018017000039 52.546229862000075)","Unfall 246205 (2023) Kat:3, Licht: 1","246205","3","4","6","12","18","3","","1","0","1","1","0"
"POINT (13.304011216000049 52.465537690000076)","Unfall 246206 (2023) Kat:3, Licht: 1","246206","3","5","1","12","13","3","","1","1","1","0","0"
"POINT (13.364809218000062 52.488049706000027)","Unfall 246207 (2023) Kat:3, Licht: 2","246207","3","4","6","12","16","3","","2","0","1","1","0"
"POINT (13.499063832000047 52.408956986000078)","Unfall 246208 (2023) Kat:3, Licht: 1","246208","3","6","4","12","07","3","","1","1","1","0","0"
"POINT (13.523764478000032 52.565634910000028)","Unfall 246209 (2023) Kat:3, Licht: 1","246209","3","3","5","12","15","3","","1","1","0","0","0"
"POINT (13.323566395000057 52.587110848000066)","Unfall 246210 (2023) Kat:3, Licht: 2","246210","3","6","2","12","19","3","","2","0","1","0","0"
"POINT (13.301761852000027 52.509799785000041)","Unfall 246211 (2023) Kat:3, Licht: 2","246211","3","7","5","12","17","3","","2","1","1","0","0"
"POINT (13.448838635000072 52.490422710000075)","Unfall 246212 (2023) Kat:3, Licht: 2","246212","3","4","6","12","16","3","","2","0","0","1","1"
"POINT (13.583889520000071 52.431129989000056)","Unfall 246213 (2023) Kat:3, Licht: 0","246213","3","3","5","12","10","3","","0","0","1","0","0"
"POINT (13.280501500000071 52.506432884000048)","Unfall 246214 (2023) Kat:3, Licht: 0","246214","3","3","5","12","10","3","","0","0","1","0","0"
"POINT (13.420337197000038 52.548779481000054)","Unfall 246215 (2023) Kat:3, Licht: 1","246215","3","6","2","12","08","3","","1","0","1","0","0"
"POINT (13.499234902000069 52.518098727000051)","Unfall 246216 (2023) Kat:3, Licht: 2","246216","3","2","6","12","17","3","","2","0","1","1","0"
"POINT (13.399183340000036 52.529526931000078)","Unfall 246217 (2023) Kat:3, Licht: 0","246217","3","6","2","12","13","3","","0","0","1","0","0"
"POINT (13.330911538000066 52.500559133000081)","Unfall 246218 (2023) Kat:3, Licht: 2","246218","3","2","5","12","16","3","","2","0","1","0","0"
"POINT (13.274783650000074 52.460532162000050)","Unfall 246219 (2023) Kat:3, Licht: 0","246219","3","2","0","12","12","3","","0","1","0","0","0"
"POINT (13.588862079000023 52.538271299000030)","Unfall 246220 (2023) Kat:3, Licht: 0","246220","3","2","2","12","12","3","","0","0","1","0","0"
"POINT (13.310823452000022 52.592949033000082)","Unfall 246221 (2023) Kat:3, Licht: 2","246221","3","4","0","12","16","3","","2","0","1","1","0"
"POINT (13.357668408000052 52.486672147000036)","Unfall 246222 (2023) Kat:3, Licht: 0","246222","3","2","5","12","08","3","","0","1","1","0","0"