WKT,Name,OBJECTID,UKATEGORIE,UTYP1,UART,UMONAT,USTUNDE,UWOCHENTAG,STRZUSTAND,ULICHTVERH,ISTRAD,ISTPKW,ISTFUSS,ISTKRAD
"POINT (13.292062564000048 52.506682884000043)","Unfall 246223 (2023) Kat:3, Licht: 2","246223","3","6","2","12","19","3","","2","0","1","0","0"
"POINT (13.326469754000072 52.502678026000069)","Unfall 246224 (2023) Kat:3, Licht: 2","246224","3","6","2","12","19","3","","2","0","1","0","0"
"POINT (13.288149283000052 52.495822308000072)","Unfall 246225 (2023) Kat:3, Licht: 2","246225","3","2","6","12","16","3","","2","0","1","1","0"
"POINT (13.206271147000052 52.542716572000074)","Unfall 246226 (2023) Kat:2, Licht: 2","246226","2","6","3","12","23","3","","2","0","1","0","0"
"POINT (13.370848308000063 52.511072823000063)","Unfall 246227 (2023) Kat:3, Licht: 0","246227","3","6","2","12","12","3","","0","0","1","0","0"
"POINT (13.613376555000059 52.498764666000056)","Unfall 246228 (2023) Kat:3, Licht: 2","246228","3","4","6","12","19","3","","2","0","1","1","0"
"POINT (13.347430435000035 52.470592014000033)","Unfall 246229 (2023) Kat:2, Licht: 2","246229","2","2","6","12","18","3","","2","0","1","1","0"
"POINT (13.258103237000057 52.568082233000041)","Unfall 246230 (2023) Kat:3, Licht: 0","246230","3","6","4","12","09","3","","0","0","1","0","0"
"POINT (13.197130518000051 52.525146569000071)","Unfall 246231 (2023) Kat:3, Licht: 2","246231","3","4","6","12","17","3","","2","0","1","1","0"
"POINT (13.341189928000063 52.504853257000036)","Unfall 246232 (2023) Kat:3, Licht: 2","246232","3","6","2","12","15","3","","2","0","1","0","0"
"POINT (13.392073059000040 52.563841787000058)","Unfall 246233 (2023) Kat:3, Licht: 2","246233","3","3","5","12","15","3","","2","0","1","0","1"
"POINT (13.430925264000052 52.478226823000057)","Unfall 246235 (2023) Kat:3, Licht: 0","246235","3","3","5","12","11","3","","0","0","1","0","0"
"POINT (13.432943779000027 52.529100725000035)","Unfall 246236 (2023) Kat:3, Licht: 1","246236","3","6","4","12","08","3","","1","0","1","0","0"
"POINT (13.175084763000029 52.523980372000040)","Unfall 246237 (2023) Kat:3, Licht: 2","246237","3","1","0","12","01","3","","2","0","0","0","0"
"POINT (13.298246725000070 52.453752927000039)","Unfall 246238 (2023) Kat:3, Licht: 0","246238","3","4","6","12","07","3","","0","0","1","1","0"
"POINT (13.430226732000051 52.486176924000063)","Unfall 246239 (2023) Kat:3, Licht: 0","246239","3","2","5","12","08","2","","0","1","0","0","0"
"POINT (13.201319955000031 52.434107447000031)","Unfall 246240 (2023) Kat:3, Licht: 2","246240","3","2","6","12","19","2","","2","0","1","1","0"
"POINT (13.415739877000021 52.491060742000059)","Unfall 246241 (2023) Kat:3, Licht: 2","246241","3","6","2","12","17","2","","2","0","1","0","0"
"POINT (13.457218889000046 52.558279053000035)","Unfall 246242 (2023) Kat:3, Licht: 0","246242","3","3","5","12","15","2","","0","0","1","0","0"
"POINT (13.433462842000040 52.502072179000038)","Unfall 246243 (2023) Kat:3, Licht: 2","246243","3","3","5","12","17","2","","2","1","1","0","0"
"POINT (13.370291261000034 52.544671897000057)","Unfall 246244 (2023) Kat:3, Licht: 0","246244","3","2","5","12","15","2","","0","0","1","0","0"
"POINT (13.265292395000074 52.504036172000042)","Unfall 246245 (2023) Kat:3, Licht: 2","246245","3","1","8","12","18","2","","2","0","1","0","0"
"POINT (13.426629938000076 52.505755262000037)","Unfall 246246 (2023) Kat:3, Licht: 0","246246","3","3","5","12","15","2","","0","1","1","0","0"
"POINT (13.389348470000073 52.496108409000044)","Unfall 246247 (2023) Kat:3, Licht: 0","246247","3","6","2","12","13","2","","0","0","1","0","0"
"POINT (13.401034667000033 52.510384403000046)","Unfall 246248 (2023) Kat:3, Licht: 0","246248","3","2","5","12","12","2","","0","0","0","0","0"
"POINT (13.333631199000024 52.540781665000054)","Unfall 246249 (2023) Kat:3, Licht: 0","246249","3","6","2","12","10","2","","0","0","1","0","0"
"POINT (13.332231585000045 52.417799884000033)","Unfall 246250 (2023) Kat:3, Licht: 0","246250","3","3","5","12","08","2","","0","1","1","0","0"
"POINT (13.383740854000052 52.523322757000074)","Unfall 246251 (2023) Kat:3, Licht: 2","246251","3","4","6","12","18","2","","2","1","0","1","0"
"POINT (13.396283401000062 52.517481255000064)","Unfall 246252 (2023) Kat:3, Licht: 0","246252","3","2","5","12","15","2","","0","1","1","0","0"
"POINT (13.347331835000034 52.540849297000079)","Unfall 246253 (2023) Kat:3, Licht: 2","246253","3","6","3","12","17","2","","2","0","1","0","1"
"POINT (13.223964475000059 52.429680466000036)","Unfall 246254 (2023) Kat:3, Licht: 0","246254","3","2","5","12","10","2","","0","0","1","0","1"
"POINT (13.419946332000052 52.452103559000079)","Unfall 246255 (2023) Kat:3, Licht: 0","246255","3","3","5","12","10","2","","0","0","1","0","0"
"POINT (13.455347230000029 52.548127156000078)","Unfall 246256 (2023) Kat:2, Licht: 2","246256","2","7","6","12","20","1","","2","1","0","1","0"
"POINT (13.573532202000024 52.552364725000075)","Unfall 246257 (2023) Kat:2, Licht: 2","246257","2","2","5","12","18","1","","2","0","1","0","0"
"POINT (13.459873122000033 52.559863600000028)","Unfall 246258 (2023) Kat:3, Licht: 2","246258","3","7","2","12","18","1","","2","0","1","0","0"
"POINT (13.455938141000047 52.509958322000045)","Unfall 246259 (2023) Kat:3, Licht: 1","246259","3","6","3","12","15","1","","1","1","1","0","0"
"POINT (13.212270696000076 52.538537053000027)","Unfall 246260 (2023) Kat:2, Licht: 2","246260","2","5","1","12","05","1","","2","0","1","0","0"
"POINT (13.394435018000024 52.501120181000033)","Unfall 246261 (2023) Kat:2, Licht: 2","246261","2","4","6","12","05","1","","2","0","1","1","0"
"POINT (13.177725838000072 52.559418923000067)","Unfall 246262 (2023) Kat:3, Licht: 2","246262","3","1","8","12","22","1","","2","0","0","0","0"
"POINT (13.419367856000065 52.487619103000043)","Unfall 246263 (2023) Kat:3, Licht: 2","246263","3","3","5","12","18","1","","2","0","1","0","0"
"POINT (13.422724566000056 52.488759644000027)","Unfall 246264 (2023) Kat:3, Licht: 2","246264","3","6","2","12","18","1","","2","0","1","0","0"
"POINT (13.401403635000065 52.414531028000056)","Unfall 246265 (2023) Kat:3, Licht: 2","246265","3","2","5","12","18","1","","2","1","1","0","0"
"POINT (13.433877381000059 52.512784214000078)","Unfall 246266 (2023) Kat:3, Licht: 0","246266","3","5","1","12","12","1","","0","1","1","0","0"
"POINT (13.296824599000047 52.442842606000056)","Unfall 246267 (2023) Kat:3, Licht: 0","246267","3","6","2","12","14","1","","0","1","1","0","0"
"POINT (13.485462068000061 52.526676832000078)","Unfall 246268 (2023) Kat:3, Licht: 0","246268","3","3","5","12","15","7","","0","0","1","0","0"
"POINT (13.441988512000023 52.478659475000029)","Unfall 246269 (2023) Kat:3, Licht: 0","246269","3","2","5","12","14","7","","0","0","1","0","1"
"POINT (13.561780842000076 52.493659878000074)","Unfall 246270 (2023) Kat:2, Licht: 0","246270","2","7","9","12","14","7","","0","0","1","0","1"
"POINT (13.409411954000063 52.498392970000054)","Unfall 246271 (2023) Kat:3, Licht: 2","246271","3","2","0","12","21","7","","2","1","1","0","0"
"POINT (13.331171417000064 52.512249714000063)","Unfall 246272 (2023) Kat:3, Licht: 2","246272","3","1","8","12","21","7","","2","0","1","0","0"
"POINT (13.457991391000064 52.509458201000029)","Unfall 246273 (2023) Kat:3, Licht: 2","246273","3","3","5","12","18","7","","2","1","1","0","0"
"POINT (13.392999067000062 52.509639773000060)","Unfall 246274 (2023) Kat:2, Licht: 2","246274","2","7","1","12","17","7","","2","0","1","0","0"
"POINT (13.472019655000054 52.436625899000035)","Unfall 246275 (2023) Kat:3, Licht: 0","246275","3","6","2","12","16","7","","0","0","1","0","0"
"POINT (13.439975958000048 52.468054393000045)","Unfall 246277 (2023) Kat:3, Licht: 0","246277","3","3","5","12","11","7","","0","0","1","0","0"
"POINT (13.437446716000068 52.514929824000035)","Unfall 246278 (2023) Kat:3, Licht: 2","246278","3","5","1","12","04","7","","2","0","0","0","0"
"POINT (13.420839005000062 52.555086253000070)","Unfall 246279 (2023) Kat:3, Licht: 2","246279","3","2","6","12","17","7","","2","0","1","1","0"
"POINT (13.282947685000067 52.535125286000039)","Unfall 246280 (2023) Kat:3, Licht: 0","246280","3","3","5","12","12","7","","0","0","1","0","0"
"POINT (13.417821187000072 52.518326880000075)","Unfall 246281 (2023) Kat:3, Licht: 0","246281","3","6","3","12","12","7","","0","0","1","0","1"
"POINT (13.370766990000050 52.417405815000052)","Unfall 246282 (2023) Kat:3, Licht: 2","246282","3","5","1","12","01","7","","2","0","1","0","0"
"POINT (13.327002037000057 52.457982861000062)","Unfall 246283 (2023) Kat:3, Licht: 0","246283","3","4","6","12","12","7","","0","0","1","1","0"
"POINT (13.489799917000028 52.420050958000047)","Unfall 246284 (2023) Kat:3, Licht: 0","246284","3","3","5","12","12","7","","0","0","1","0","0"
"POINT (13.383982356000047 52.510376158000042)","Unfall 246285 (2023) Kat:3, Licht: 2","246285","3","6","2","12","17","7","","2","0","1","0","0"
"POINT (13.456407764000062 52.502468494000027)","Unfall 246286 (2023) Kat:3, Licht: 0","246286","3","6","3","12","12","7","","0","0","1","0","0"
"POINT (13.443034517000058 52.469870641000057)","Unfall 246287 (2023) Kat:2, Licht: 2","246287","2","7","6","12","00","7","","2","0","1","1","0"
"POINT (13.450707228000056 52.501669733000028)","Unfall 246288 (2023) Kat:2, Licht: 2","246288","2","6","2","12","16","7","","2","0","0","0","0"
"POINT (13.587332438000033 52.523538553000037)","Unfall 246289 (2023) Kat:3, Licht: 2","246289","3","3","5","12","23","6","","2","0","1","0","0"
"POINT (13.425456162000046 52.480853299000046)","Unfall 246290 (2023) Kat:3, Licht: 2","246290","3","6","3","12","21","6","","2","0","1","0","0"
"POINT (13.429391482000028 52.586201070000072)","Unfall 246291 (2023) Kat:3, Licht: 2","246291","3","7","1","12","21","6","","2","0","1","0","0"
"POINT (13.395687346000045 52.529080523000061)","Unfall 246292 (2023) Kat:2, Licht: 2","246292","2","3","5","12","19","6","","2","0","1","0","0"
"POINT (13.433219636000047 52.505219510000074)","Unfall 246293 (2023) Kat:2, Licht: 2","246293","2","2","6","12","19","6","","2","0","1","1","0"
"POINT (13.180286919000025 52.493293800000060)","Unfall 246294 (2023) Kat:2, Licht: 1","246294","2","4","6","12","16","6","","1","0","1","1","0"
"POINT (13.323961265000037 52.507092774000057)","Unfall 246295 (2023) Kat:3, Licht: 0","246295","3","5","1","12","13","6","","0","1","0","0","0"
"POINT (13.550253147000035 52.533636743000045)","Unfall 246296 (2023) Kat:3, Licht: 2","246296","3","2","6","12","18","6","","2","0","1","1","0"
"POINT (13.350145336000026 52.414388344000031)","Unfall 246297 (2023) Kat:2, Licht: 2","246297","2","2","6","12","18","6","","2","0","1","1","0"
"POINT (13.424532977000069 52.486462180000046)","Unfall 246298 (2023) Kat:3, Licht: 0","246298","3","2","6","12","08","6","","0","0","1","1","0"
"POINT (13.417143972000076 52.499429045000056)","Unfall 246299 (2023) Kat:2, Licht: 0","246299","2","5","1","12","08","6","","0","1","1","0","0"
"POINT (13.359073031000037 52.574262866000026)","Unfall 246300 (2023) Kat:3, Licht: 0","246300","3","2","5","12","11","6","","0","0","1","0","0"
"POINT (13.456381196000052 52.511835130000065)","Unfall 246301 (2023) Kat:3, Licht: 2","246301","3","1","0","12","00","6","","2","1","0","0","0"
"POINT (13.328301549000059 52.563963014000080)","Unfall 246302 (2023) Kat:3, Licht: 0","246302","3","6","2","12","14","6","","0","0","1","0","0"
"POINT (13.315114225000059 52.490892159000055)","Unfall 246303 (2023) Kat:3, Licht: 1","246303","3","3","5","12","08","6","","1","1","1","0","0"
"POINT (13.602406910000070 52.527193095000030)","Unfall 246304 (2023) Kat:3, Licht: 0","246304","3","2","6","12","10","6","","0","0","1","1","0"
"POINT (13.450712334000059 52.489135870000041)","Unfall 246305 (2023) Kat:3, Licht: 2","246305","3","6","2","12","00","6","","2","0","1","0","0"
"POINT (13.353171194000026 52.577894156000070)","Unfall 246306 (2023) Kat:3, Licht: 2","246306","3","5","1","12","05","6","","2","0","1","0","0"
"POINT (13.435853575000067 52.468608954000047)","Unfall 246307 (2023) Kat:3, Licht: 2","246307","3","3","5","12","20","6","","2","0","1","0","0"
"POINT (13.286517520000075 52.472758875000068)","Unfall 246308 (2023) Kat:3, Licht: 0","246308","3","1","0","12","12","6","","0","0","1","0","1"
"POINT (13.294226949000063 52.576077788000077)","Unfall 246309 (2023) Kat:3, Licht: 0","246309","3","6","3","12","13","6","","0","0","1","0","0"
"POINT (13.361885733000065 52.542316471000049)","Unfall 246310 (2023) Kat:3, Licht: 2","246310","3","5","1","12","06","6","","2","1","1","0","0"
"POINT (13.340184392000026 52.466609872000049)","Unfall 246311 (2023) Kat:3, Licht: 1","246311","3","3","5","12","15","6","","1","1","0","0","1"
"POINT (13.519922540000039 52.505053894000071)","Unfall 246312 (2023) Kat:2, Licht: 0","246312","2","4","6","12","14","6","","0","0","1","1","0"
"POINT (13.318842388000064 52.539768648000063)","Unfall 246313 (2023) Kat:3, Licht: 0","246313","3","3","2","12","10","6","","0","0","1","0","0"
"POINT (13.441964808000023 52.525390787000049)","Unfall 246314 (2023) Kat:3, Licht: 2","246314","3","5","0","12","07","6","","2","0","1","0","0"
"POINT (13.331063700000072 52.503835996000078)","Unfall 246315 (2023) Kat:3, Licht: 0","246315","3","2","6","12","10","5","","0","0","1","1","0"
"POINT (13.391114268000024 52.536226596000063)","Unfall 246316 (2023) Kat:3, Licht: 0","246316","3","6","3","12","08","5","","0","1","0","0","0"
"POINT (13.603560538000067 52.546788796000044)","Unfall 246317 (2023) Kat:2, Licht: 2","246317","2","2","6","12","06","5","","2","0","0","1","0"
"POINT (13.207477339000036 52.544630123000047)","Unfall 246318 (2023) Kat:2, Licht: 2","246318","2","2","6","12","20","5","","2","0","1","1","0"
"POINT (13.370277521000048 52.559344327000076)","Unfall 246319 (2023) Kat:3, Licht: 2","246319","3","6","2","12","17","5","","2","0","1","0","0"
"POINT (13.485581731000025 52.522542644000055)","Unfall 246320 (2023) Kat:3, Licht: 0","246320","3","2","5","12","13","5","","0","0","0","0","1"
"POINT (13.379242031000047 52.507030272000065)","Unfall 246321 (2023) Kat:3, Licht: 0","246321","3","2","5","12","13","5","","0","1","1","0","0"
"POINT (13.369353548000049 52.546184695000079)","Unfall 246322 (2023) Kat:3, Licht: 1","246322","3","3","5","12","07","5","","1","1","1","0","0"
"POINT (13.396181628000022 52.554701182000031)","Unfall 246323 (2023) Kat:3, Licht: 1","246323","3","4","6","12","16","5","","1","0","1","1","0"
"POINT (13.375991764000048 52.536239676000037)","Unfall 246325 (2023) Kat:3, Licht: 0","246325","3","6","2","12","12","5","","0","0","1","0","0"
"POINT (13.335732332000077 52.513552209000068)","Unfall 246326 (2023) Kat:3, Licht: 2","246326","3","2","5","12","22","5","","2","0","1","0","0"
"POINT (13.185163784000054 52.534205008000072)","Unfall 246327 (2023) Kat:3, Licht: 2","246327","3","3","5","12","17","5","","2","0","1","0","0"
"POINT (13.396893848000047 52.492948308000052)","Unfall 246328 (2023) Kat:3, Licht: 1","246328","3","3","5","12","16","5","","1","0","1","0","0"
"POINT (13.331183882000062 52.487862200000052)","Unfall 246329 (2023) Kat:3, Licht: 0","246329","3","5","1","12","12","5","","0","1","1","0","0"
"POINT (13.388623669000026 52.518229249000058)","Unfall 246330 (2023) Kat:3, Licht: 0","246330","3","5","1","12","12","5","","0","1","1","0","0"
"POINT (13.308138106000058 52.556217182000069)","Unfall 246331 (2023) Kat:3, Licht: 2","246331","3","6","2","12","21","5","","2","0","1","0","0"
"POINT (13.293110655000021 52.588754866000045)","Unfall 246332 (2023) Kat:3, Licht: 0","246332","3","5","1","12","14","5","","0","0","1","0","1"
"POINT (13.548633638000069 52.427658246000078)","Unfall 246333 (2023) Kat:3, Licht: 0","246333","3","6","2","12","14","5","","0","0","1","0","0"
"POINT (13.432874732000073 52.523343171000079)","Unfall 246334 (2023) Kat:3, Licht: 0","246334","3","2","5","12","11","5","","0","1","1","0","0"
"POINT (13.356277507000073 52.543213253000033)","Unfall 246335 (2023) Kat:3, Licht: 0","246335","3","3","5","12","09","5","","0","1","1","0","0"
"POINT (13.346571534000077 52.556966641000031)","Unfall 246336 (2023) Kat:2, Licht: 2","246336","2","5","1","12","19","5","","2","0","1","0","0"
"POINT (13.491318077000074 52.492675847000044)","Unfall 246337 (2023) Kat:2, Licht: 2","246337","2","6","3","12","17","4","","2","0","1","0","1"
"POINT (13.483410215000049 52.622325240000066)","Unfall 246338 (2023) Kat:3, Licht: 2","246338","3","5","1","12","16","4","","2","0","1","0","0"
"POINT (13.317257517000030 52.504282469000032)","Unfall 246340 (2023) Kat:3, Licht: 0","246340","3","2","6","12","08","4","","0","0","1","1","0"
"POINT (13.260525934000043 52.516666368000074)","Unfall 246341 (2023) Kat:3, Licht: 2","246341","3","3","5","12","23","4","","2","0","1","0","0"
"POINT (13.413607956000021 52.488413960000059)","Unfall 246342 (2023) Kat:3, Licht: 1","246342","3","3","5","12","08","4","","1","0","1","0","0"
"POINT (13.293808013000046 52.534807077000039)","Unfall 246343 (2023) Kat:3, Licht: 2","246343","3","6","3","12","21","4","","2","0","1","0","0"
"POINT (13.373605878000035 52.487779142000079)","Unfall 246344 (2023) Kat:3, Licht: 2","246344","3","1","0","12","17","4","","2","1","0","0","0"
"POINT (13.426429484000039 52.548584988000073)","Unfall 246345 (2023) Kat:3, Licht: 2","246345","3","3","5","12","20","4","","2","0","1","0","0"
"POINT (13.616991868000071 52.540787909000073)","Unfall 246346 (2023) Kat:3, Licht: 0","246346","3","4","6","12","08","4","","0","0","0","1","0"
"POINT (13.323837313000070 52.456077025000070)","Unfall 246347 (2023) Kat:3, Licht: 1","246347","3","7","6","12","15","4","","1","0","1","1","0"
"POINT (13.314384294000035 52.500743446000058)","Unfall 246348 (2023) Kat:3, Licht: 2","246348","3","6","2","12","19","4","","2","0","1","0","0"
"POINT (13.341639912000062 52.415959405000081)","Unfall 246349 (2023) Kat:2, Licht: 2","246349","2","2","6","12","18","4","","2","0","1","1","0"
"POINT (13.496506302000057 52.533976856000038)","Unfall 246350 (2023) Kat:3, Licht: 0","246350","3","3","5","12","15","4","","0","1","1","0","0"
"POINT (13.340238485000043 52.502875648000042)","Unfall 246351 (2023) Kat:3, Licht: 0","246351","3","5","1","12","13","4","","0","1","1","0","0"
"POINT (13.324351846000070 52.496989644000053)","Unfall 246352 (2023) Kat:3, Licht: 1","246352","3","4","6","12","07","4","","1","0","1","1","0"
"POINT (13.458746697000038 52.501376508000078)","Unfall 246353 (2023) Kat:3, Licht: 0","246353","3","6","3","12","08","4","","0","1","1","0","0"
"POINT (13.430168290000040 52.588488353000059)","Unfall 246354 (2023) Kat:3, Licht: 0","246354","3","2","4","12","12","2","","0","0","1","0","0"
"POINT (13.404498395000076 52.496303761000036)","Unfall 246355 (2023) Kat:3, Licht: 2","246355","3","4","6","12","07","4","","2","0","1","1","0"
"POINT (13.436533172000054 52.423772962000044)","Unfall 246356 (2023) Kat:3, Licht: 1","246356","3","2","6","12","07","4","","1","0","1","1","0"
"POINT (13.329775971000061 52.569125244000077)","Unfall 246357 (2023) Kat:3, Licht: 2","246357","3","2","6","12","06","4","","2","0","1","1","0"
"POINT (13.408807374000048 52.511952776000044)","Unfall 246358 (2023) Kat:3, Licht: 2","246358","3","6","3","12","00","4","","2","0","1","0","1"
"POINT (13.332388315000060 52.506339962000027)","Unfall 246359 (2023) Kat:3, Licht: 0","246359","3","6","2","12","16","3","","0","0","1","0","1"
"POINT (13.534790764000036 52.555135305000078)","Unfall 246360 (2023) Kat:3, Licht: 1","246360","3","5","1","12","15","3","","1","0","1","0","0"
"POINT (13.197811390000027 52.522047015000055)","Unfall 246361 (2023) Kat:3, Licht: 2","246361","3","2","5","12","07","3","","2","1","1","0","0"
"POINT (13.449327478000043 52.436977370000079)","Unfall 246362 (2023) Kat:3, Licht: 2","246362","3","5","1","12","16","4","","2","0","1","0","0"
"POINT (13.475307063000059 52.480051740000079)","Unfall 246363 (2023) Kat:3, Licht: 0","246363","3","3","5","12","14","3","","0","0","1","0","0"
"POINT (13.153121720000058 52.552395797000031)","Unfall 246364 (2023) Kat:3, Licht: 0","246364","3","3","5","12","12","3","","0","0","1","0","0"
"POINT (13.199396088000071 52.534605749000036)","Unfall 246365 (2023) Kat:2, Licht: 0","246365","2","2","6","12","08","3","","0","0","0","1","0"
"POINT (13.388055545000043 52.489922620000073)","Unfall 246366 (2023) Kat:3, Licht: 0","246366","3","5","1","12","09","3","","0","1","1","0","0"
"POINT (13.503920953000033 52.436770627000044)","Unfall 246367 (2023) Kat:3, Licht: 2","246367","3","7","0","12","17","3","","2","0","1","0","0"
"POINT (13.453378084000065 52.542080067000029)","Unfall 246368 (2023) Kat:2, Licht: 2","246368","2","3","5","12","17","3","","2","0","0","0","0"
"POINT (13.350870217000022 52.504389323000055)","Unfall 246369 (2023) Kat:3, Licht: 0","246369","3","2","0","12","15","3","","0","1","1","0","0"
"POINT (13.364909442000055 52.562773788000072)","Unfall 246370 (2023) Kat:3, Licht: 0","246370","3","6","2","12","15","3","","0","0","1","0","0"
"POINT (13.369610800000032 52.597495419000040)","Unfall 246371 (2023) Kat:3, Licht: 0","246371","3","3","5","12","12","3","","0","1","1","0","0"
"POINT (13.487402355000029 52.526632371000062)","Unfall 246372 (2023) Kat:3, Licht: 2","246372","3","4","6","12","06","3","","2","0","1","1","0"
"POINT (13.512129917000038 52.448729915000058)","Unfall 246373 (2023) Kat:3, Licht: 1","246373","3","2","5","12","08","3","","1","1","1","0","0"
"POINT (13.591628085000025 52.432266458000072)","Unfall 246374 (2023) Kat:3, Licht: 0","246374","3","3","5","12","15","3","","0","0","1","0","0"
"POINT (13.573503842000036 52.552281460000074)","Unfall 246375 (2023) Kat:3, Licht: 0","246375","3","4","6","12","12","3","","0","0","1","1","0"
"POINT (13.342163291000077 52.532088288000068)","Unfall 246376 (2023) Kat:3, Licht: 0","246376","3","7","5","12","11","3","","0","0","1","0","1"
"POINT (13.292582221000032 52.506698906000054)","Unfall 246377 (2023) Kat:2, Licht: 0","246377","2","4","6","12","10","3","","0","0","1","1","0"
"POINT (13.328281244000038 52.464844425000081)","Unfall 246378 (2023) Kat:3, Licht: 0","246378","3","2","6","12","08","3","","0","0","1","1","0"
"POINT (13.615657554000052 52.531768953000039)","Unfall 246379 (2023) Kat:3, Licht: 1","246379","3","2","5","12","07","3","","1","1","1","0","0"
"POINT (13.338822600000071 52.464511216000062)","Unfall 246380 (2023) Kat:3, Licht: 2","246380","3","4","6","12","07","3","","2","0","1","1","0"
"POINT (13.430922827000074 52.421665321000035)","Unfall 246381 (2023) Kat:3, Licht: 0","246381","3","7","0","12","12","3","","0","0","0","0","0"
"POINT (13.572622722000062 52.460951630000068)","Unfall 246382 (2023) Kat:3, Licht: 2","246382","3","7","0","12","05","3","","2","1","0","0","0"
"POINT (13.365566199000057 52.557122336000077)","Unfall 246383 (2023) Kat:3, Licht: 2","246383","3","3","5","12","16","3","","2","0","1","0","0"
"POINT (13.279953769000031 52.520480106000036)","Unfall 246384 (2023) Kat:3, Licht: 0","246384","3","3","5","12","15","7","","0","0","1","0","0"
"POINT (13.338936906000072 52.464520222000033)","Unfall 246385 (2023) Kat:3, Licht: 0","246385","3","2","5","12","14","3","","0","0","1","0","0"
"POINT (13.583779613000047 52.524325241000042)","Unfall 246386 (2023) Kat:3, Licht: 0","246386","3","2","5","12","14","3","","0","0","1","0","0"
"POINT (13.484028858000045 52.474189352000053)","Unfall 246387 (2023) Kat:3, Licht: 2","246387","3","3","5","12","04","3","","2","0","1","0","0"
"POINT (13.441354256000068 52.458996709000075)","Unfall 246388 (2023) Kat:3, Licht: 0","246388","3","3","5","12","07","3","","0","1","1","0","0"
"POINT (13.374743944000045 52.437069836000035)","Unfall 246389 (2023) Kat:3, Licht: 0","246389","3","6","2","12","16","2","","0","0","1","0","0"
"POINT (13.392678972000056 52.564158277000047)","Unfall 246390 (2023) Kat:3, Licht: 2","246390","3","2","5","12","20","2","","2","0","1","0","1"
"POINT (13.328840159000038 52.478889456000047)","Unfall 246391 (2023) Kat:2, Licht: 2","246391","2","2","6","12","20","2","","2","0","1","1","0"
"POINT (13.289863745000048 52.582576179000057)","Unfall 246392 (2023) Kat:3, Licht: 2","246392","3","2","6","12","16","2","","2","0","1","1","0"
"POINT (13.348108630000070 52.451194516000044)","Unfall 246393 (2023) Kat:3, Licht: 2","246393","3","6","2","12","16","2","","2","0","1","0","0"
"POINT (13.422685598000044 52.544639567000047)","Unfall 246394 (2023) Kat:3, Licht: 1","246394","3","3","5","12","15","2","","1","0","1","0","0"
"POINT (13.350077043000056 52.503417851000052)","Unfall 246395 (2023) Kat:3, Licht: 0","246395","3","6","2","12","09","2","","0","0","1","0","1"
"POINT (13.436511815000074 52.492549604000033)","Unfall 246396 (2023) Kat:3, Licht: 0","246396","3","7","5","12","09","2","","0","1","1","0","0"
"POINT (13.384916491000070 52.460832464000077)","Unfall 246397 (2023) Kat:3, Licht: 2","246397","3","2","6","12","20","2","","2","0","1","1","0"
"POINT (13.372008952000044 52.511199981000061)","Unfall 246398 (2023) Kat:3, Licht: 2","246398","3","2","6","12","17","2","","2","0","1","1","0"
"POINT (13.202419602000077 52.546490797000047)","Unfall 246399 (2023) Kat:3, Licht: 2","246399","3","4","6","12","17","2","","2","0","1","1","0"
"POINT (13.473347025000066 52.432539194000071)","Unfall 246400 (2023) Kat:3, Licht: 1","246400","3","2","6","12","16","2","","1","0","1","1","0"
"POINT (13.508451802000025 52.452525262000051)","Unfall 246401 (2023) Kat:3, Licht: 2","246401","3","7","6","12","21","2","","2","0","1","1","0"
"POINT (13.526823099000069 52.525491409000040)","Unfall 246402 (2023) Kat:3, Licht: 2","246402","3","6","2","12","17","2","","2","0","1","0","0"
"POINT (13.380617662000077 52.552545765000048)","Unfall 246403 (2023) Kat:3, Licht: 0","246403","3","6","3","12","15","2","","0","0","0","0","0"
"POINT (13.300697419000073 52.515847598000050)","Unfall 246404 (2023) Kat:3, Licht: 1","246404","3","4","6","12","15","2","","1","0","0","1","1"
"POINT (13.492299037000066 52.565198408000072)","Unfall 246405 (2023) Kat:3, Licht: 0","246405","3","6","2","12","13","2","","0","0","0","0","0"
"POINT (13.268830191000063 52.509039542000039)","Unfall 246406 (2023) Kat:3, Licht: 0","246406","3","3","5","12","10","2","","0","0","1","0","0"
"POINT (13.304316396000047 52.436085230000060)","Unfall 246407 (2023) Kat:3, Licht: 0","246407","3","6","1","12","07","2","","0","1","1","0","0"
"POINT (13.399984200000063 52.430504201000076)","Unfall 246408 (2023) Kat:3, Licht: 2","246408","3","7","9","12","23","2","","2","0","1","0","0"
"POINT (13.417066135000027 52.546922007000035)","Unfall 246410 (2023) Kat:3, Licht: 2","246410","3","5","4","12","17","2","","2","1","1","0","0"
"POINT (13.356563309000023 52.436332591000053)","Unfall 246411 (2023) Kat:3, Licht: 0","246411","3","1","1","12","10","3","","0","0","1","0","0"
"POINT (13.332211115000064 52.599326384000051)","Unfall 246412 (2023) Kat:3, Licht: 2","246412","3","3","5","12","19","2","","2","0","1","0","0"
"POINT (13.355917540000064 52.486134086000050)","Unfall 246413 (2023) Kat:3, Licht: 2","246413","3","2","6","12","16","2","","2","0","1","1","0"
"POINT (13.377308879000054 52.556275166000034)","Unfall 246414 (2023) Kat:3, Licht: 2","246414","3","6","2","12","19","2","","2","0","1","0","0"