WKT,Name,OBJECTID,UKATEGORIE,UTYP1,UART,UMONAT,USTUNDE,UWOCHENTAG,STRZUSTAND,ULICHTVERH,ISTRAD,ISTPKW,ISTFUSS,ISTKRAD
"POINT (13.596228724000071 52.519240872000069)","Unfall 246415 (2023) Kat:3, Licht: 1","246415","3","3","5","12","08","2","","1","1","1","0","0"
"POINT (13.477035212000033 52.566981340000041)","Unfall 246416 (2023) Kat:2, Licht: 2","246416","2","2","5","12","16","2","","2","0","1","0","0"
"POINT (13.511123806000057 52.539403309000079)","Unfall 246417 (2023) Kat:3, Licht: 0","246417","3","6","2","12","09","2","","0","0","1","0","0"
"POINT (13.562641524000071 52.446272214000032)","Unfall 246418 (2023) Kat:3, Licht: 2","246418","3","4","6","12","07","2","","2","0","1","1","0"
"POINT (13.347553743000049 52.470573373000036)","Unfall 246419 (2023) Kat:3, Licht: 2","246419","3","2","6","12","18","2","","2","0","1","1","0"
"POINT (13.464395171000035 52.510016812000060)","Unfall 246420 (2023) Kat:3, Licht: 2","246420","3","2","5","12","18","2","","2","1","1","0","0"
"POINT (13.524537811000073 52.564945556000055)","Unfall 246421 (2023) Kat:2, Licht: 2","246421","2","4","6","12","18","2","","2","0","0","1","0"
"POINT (13.414818095000044 52.507609792000039)","Unfall 246422 (2023) Kat:3, Licht: 2","246422","3","5","5","12","17","2","","2","1","1","0","0"
"POINT (13.453257966000024 52.593317383000056)","Unfall 246423 (2023) Kat:3, Licht: 2","246423","3","1","9","12","16","2","","2","0","1","0","0"
"POINT (13.497367889000031 52.416192679000062)","Unfall 246424 (2023) Kat:3, Licht: 0","246424","3","2","5","12","07","2","","0","1","1","0","0"
"POINT (13.388370540000039 52.519637346000081)","Unfall 246425 (2023) Kat:3, Licht: 0","246425","3","4","0","12","12","1","","0","0","0","1","0"
"POINT (13.455776163000053 52.430343311000058)","Unfall 246426 (2023) Kat:3, Licht: 2","246426","3","2","5","12","20","1","","2","1","1","0","0"
"POINT (13.640804753000054 52.527985435000062)","Unfall 246427 (2023) Kat:3, Licht: 2","246427","3","3","5","12","19","1","","2","0","1","0","0"
"POINT (13.270662804000040 52.451048904000061)","Unfall 246428 (2023) Kat:3, Licht: 2","246428","3","2","2","12","17","1","","2","1","1","0","0"
"POINT (13.392676199000050 52.542438441000058)","Unfall 246429 (2023) Kat:3, Licht: 2","246429","3","4","6","12","16","1","","2","0","1","1","0"
"POINT (13.377906652000036 52.477292092000027)","Unfall 246430 (2023) Kat:3, Licht: 0","246430","3","5","1","12","15","1","","0","1","1","0","0"
"POINT (13.318409064000036 52.499630992000050)","Unfall 246431 (2023) Kat:3, Licht: 2","246431","3","6","2","12","01","1","","2","0","1","0","0"
"POINT (13.487997008000036 52.546285858000033)","Unfall 246432 (2023) Kat:3, Licht: 2","246432","3","3","5","12","19","1","","2","0","1","0","0"
"POINT (13.575880740000059 52.491149708000080)","Unfall 246433 (2023) Kat:3, Licht: 2","246433","3","3","5","12","19","1","","2","0","1","0","0"
"POINT (13.551099011000076 52.435504425000033)","Unfall 246434 (2023) Kat:3, Licht: 2","246434","3","2","5","12","19","1","","2","1","1","0","0"
"POINT (13.346896717000050 52.501113190000069)","Unfall 246435 (2023) Kat:3, Licht: 2","246435","3","6","3","12","15","1","","2","0","1","0","0"
"POINT (13.598940399000071 52.544004409000081)","Unfall 246436 (2023) Kat:2, Licht: 0","246436","2","3","5","12","08","1","","0","1","1","0","0"
"POINT (13.445234928000048 52.479179742000042)","Unfall 246437 (2023) Kat:3, Licht: 2","246437","3","7","5","12","15","1","","2","1","0","0","0"
"POINT (13.417116563000036 52.526090056000044)","Unfall 246438 (2023) Kat:3, Licht: 0","246438","3","2","2","12","15","1","","0","0","1","0","0"
"POINT (13.455882625000072 52.473949558000072)","Unfall 246439 (2023) Kat:3, Licht: 2","246439","3","4","6","12","01","1","","2","0","1","1","0"
"POINT (13.409372772000040 52.522735787000045)","Unfall 246440 (2023) Kat:3, Licht: 2","246440","3","5","1","12","20","7","","2","0","1","0","0"
"POINT (13.393086715000038 52.489208572000052)","Unfall 246441 (2023) Kat:3, Licht: 0","246441","3","2","5","12","08","4","","0","1","0","0","0"
"POINT (13.284388654000054 52.588990192000040)","Unfall 246442 (2023) Kat:3, Licht: 2","246442","3","5","1","12","20","7","","2","1","1","0","0"
"POINT (13.436778380000021 52.523502279000070)","Unfall 246443 (2023) Kat:3, Licht: 1","246443","3","6","4","12","16","7","","1","1","1","0","0"
"POINT (13.384385590000022 52.556209064000029)","Unfall 246445 (2023) Kat:3, Licht: 1","246445","3","6","2","12","16","7","","1","0","1","0","0"
"POINT (13.491377480000040 52.469158045000029)","Unfall 246446 (2023) Kat:3, Licht: 2","246446","3","2","6","12","00","7","","2","0","1","1","0"
"POINT (13.278056964000029 52.518407721000074)","Unfall 246447 (2023) Kat:2, Licht: 0","246447","2","2","5","12","12","7","","0","0","1","0","0"
"POINT (13.361988226000051 52.447259855000027)","Unfall 246448 (2023) Kat:3, Licht: 2","246448","3","2","6","12","17","7","","2","0","1","1","0"
"POINT (13.553276484000037 52.434001059000082)","Unfall 246449 (2023) Kat:3, Licht: 0","246449","3","3","5","12","17","7","","0","0","1","0","0"
"POINT (13.358641991000070 52.434071860000074)","Unfall 246450 (2023) Kat:3, Licht: 2","246450","3","3","5","12","19","2","","2","1","1","0","0"
"POINT (13.425530772000059 52.479333249000035)","Unfall 246451 (2023) Kat:3, Licht: 0","246451","3","4","6","12","13","7","","0","0","0","1","1"
"POINT (13.512010726000028 52.470707834000052)","Unfall 246452 (2023) Kat:3, Licht: 0","246452","3","3","5","12","13","7","","0","1","1","0","0"
"POINT (13.197311344000070 52.524791415000038)","Unfall 246453 (2023) Kat:2, Licht: 2","246453","2","4","6","12","00","7","","2","0","1","1","0"
"POINT (13.285363385000039 52.583748736000075)","Unfall 246454 (2023) Kat:3, Licht: 2","246454","3","7","5","12","19","7","","2","0","1","0","0"
"POINT (13.212593199000025 52.573215126000036)","Unfall 246455 (2023) Kat:2, Licht: 2","246455","2","4","6","12","18","7","","2","0","1","1","0"
"POINT (13.462631958000031 52.549608331000059)","Unfall 246456 (2023) Kat:3, Licht: 2","246456","3","3","5","12","18","7","","2","1","1","0","0"
"POINT (13.338075211000046 52.595793714000081)","Unfall 246457 (2023) Kat:3, Licht: 0","246457","3","7","6","12","15","7","","0","0","1","1","0"
"POINT (13.479362334000029 52.501867354000069)","Unfall 246458 (2023) Kat:3, Licht: 2","246458","3","5","1","12","01","7","","2","1","1","0","0"
"POINT (13.454940489000023 52.548040724000032)","Unfall 246459 (2023) Kat:3, Licht: 2","246459","3","5","1","12","07","7","","2","1","1","0","0"
"POINT (13.523483178000049 52.497847805000049)","Unfall 246460 (2023) Kat:3, Licht: 2","246460","3","4","6","12","20","6","","2","0","0","1","0"
"POINT (13.558179993000067 52.455742984000040)","Unfall 246461 (2023) Kat:3, Licht: 0","246461","3","3","5","12","14","6","","0","0","0","0","0"
"POINT (13.543324145000042 52.457505257000037)","Unfall 246462 (2023) Kat:3, Licht: 0","246462","3","4","6","12","10","6","","0","0","0","1","0"
"POINT (13.299653542000044 52.518826321000063)","Unfall 246463 (2023) Kat:3, Licht: 2","246463","3","6","2","12","17","6","","2","0","1","0","0"
"POINT (13.327182912000069 52.532731978000072)","Unfall 246464 (2023) Kat:3, Licht: 2","246464","3","6","2","12","17","6","","2","0","1","0","0"
"POINT (13.433390232000022 52.553023849000056)","Unfall 246465 (2023) Kat:3, Licht: 0","246465","3","4","6","12","14","6","","0","0","1","1","0"
"POINT (13.440378668000051 52.515859736000039)","Unfall 246466 (2023) Kat:3, Licht: 1","246466","3","2","6","12","07","6","","1","0","1","1","0"
"POINT (13.316361504000042 52.488977750000060)","Unfall 246467 (2023) Kat:3, Licht: 0","246467","3","6","2","12","11","6","","0","0","1","0","0"
"POINT (13.459070192000070 52.501197329000036)","Unfall 246468 (2023) Kat:3, Licht: 2","246468","3","2","6","12","20","6","","2","0","1","1","0"
"POINT (13.349146028000064 52.489027075000081)","Unfall 246469 (2023) Kat:3, Licht: 2","246469","3","5","1","12","18","6","","2","1","1","0","0"
"POINT (13.396286022000027 52.517460102000030)","Unfall 246470 (2023) Kat:3, Licht: 2","246470","3","3","5","12","18","6","","2","1","1","0","0"
"POINT (13.560228858000073 52.456259957000043)","Unfall 246471 (2023) Kat:3, Licht: 2","246471","3","6","3","12","17","6","","2","0","1","0","0"
"POINT (13.418568405000030 52.498717737000050)","Unfall 246472 (2023) Kat:3, Licht: 2","246472","3","7","0","12","06","6","","2","0","1","1","0"
"POINT (13.532662075000076 52.430827835000059)","Unfall 246473 (2023) Kat:3, Licht: 1","246473","3","2","5","12","15","6","","1","0","1","0","0"
"POINT (13.324268881000023 52.475298740000028)","Unfall 246474 (2023) Kat:2, Licht: 0","246474","2","1","0","12","12","6","","0","0","0","0","1"
"POINT (13.377435320000075 52.556576632000031)","Unfall 246475 (2023) Kat:3, Licht: 2","246475","3","6","3","12","05","6","","2","1","0","0","0"
"POINT (13.517343677000042 52.535179609000068)","Unfall 246476 (2023) Kat:3, Licht: 2","246476","3","2","6","12","16","6","","2","0","1","1","0"
"POINT (13.320906713000056 52.451709897000057)","Unfall 246477 (2023) Kat:3, Licht: 2","246477","3","2","6","12","19","6","","2","0","0","1","0"
"POINT (13.427119584000025 52.500272418000065)","Unfall 246478 (2023) Kat:3, Licht: 2","246478","3","4","6","12","19","6","","2","0","1","1","0"
"POINT (13.385835177000047 52.467076038000073)","Unfall 246479 (2023) Kat:3, Licht: 2","246479","3","3","5","12","19","5","","2","1","1","0","0"
"POINT (13.253911583000047 52.450887294000040)","Unfall 246480 (2023) Kat:2, Licht: 2","246480","2","2","6","12","18","6","","2","0","1","1","0"
"POINT (13.262591360000044 52.541240834000064)","Unfall 246481 (2023) Kat:3, Licht: 0","246481","3","2","2","12","15","6","","0","0","1","0","0"
"POINT (13.426429964000022 52.607588422000049)","Unfall 246482 (2023) Kat:3, Licht: 0","246482","3","4","6","12","09","6","","0","0","1","1","0"
"POINT (13.240059522000024 52.442780227000071)","Unfall 246483 (2023) Kat:3, Licht: 0","246483","3","2","5","12","08","6","","0","0","1","0","0"
"POINT (13.390437692000035 52.484246348000056)","Unfall 246484 (2023) Kat:3, Licht: 0","246484","3","6","2","12","14","6","","0","0","1","0","0"
"POINT (13.437165975000028 52.493213719000039)","Unfall 246486 (2023) Kat:3, Licht: 0","246486","3","5","4","12","07","6","","0","0","1","0","1"
"POINT (13.382176747000074 52.446631451000030)","Unfall 246487 (2023) Kat:3, Licht: 2","246487","3","2","6","12","19","6","","2","0","1","1","0"
"POINT (13.446739750000063 52.427009486000031)","Unfall 246488 (2023) Kat:3, Licht: 1","246488","3","2","6","12","07","6","","1","0","1","1","0"
"POINT (13.394780015000038 52.524507261000053)","Unfall 246489 (2023) Kat:3, Licht: 2","246489","3","1","0","12","02","6","","2","0","0","0","0"
"POINT (13.422152727000025 52.492725882000059)","Unfall 246490 (2023) Kat:3, Licht: 2","246490","3","5","1","12","19","6","","2","1","1","0","0"
"POINT (13.308151593000048 52.516836854000076)","Unfall 246491 (2023) Kat:2, Licht: 2","246491","2","4","6","12","18","6","","2","0","1","1","0"
"POINT (13.254517860000021 52.561821329000054)","Unfall 246492 (2023) Kat:3, Licht: 0","246492","3","6","2","12","13","6","","0","0","1","0","0"
"POINT (13.399346583000067 52.504652158000056)","Unfall 246493 (2023) Kat:3, Licht: 2","246493","3","2","6","12","16","1","","2","0","1","1","0"
"POINT (13.434833768000033 52.441104430000053)","Unfall 246494 (2023) Kat:3, Licht: 0","246494","3","2","0","12","13","6","","0","0","1","0","0"
"POINT (13.371617368000045 52.470081503000074)","Unfall 246495 (2023) Kat:3, Licht: 2","246495","3","6","2","12","17","6","","2","0","1","0","0"
"POINT (13.350152040000069 52.502973269000051)","Unfall 246496 (2023) Kat:3, Licht: 0","246496","3","6","2","12","14","6","","0","0","1","0","1"
"POINT (13.500567946000047 52.510805871000059)","Unfall 246497 (2023) Kat:3, Licht: 1","246497","3","2","2","12","15","1","","1","0","1","0","0"
"POINT (13.242624070000033 52.433781145000069)","Unfall 246498 (2023) Kat:3, Licht: 0","246498","3","2","5","12","11","6","","0","0","1","0","0"
"POINT (13.588986372000022 52.526960594000059)","Unfall 246499 (2023) Kat:3, Licht: 2","246499","3","1","1","12","02","6","","2","0","0","0","0"
"POINT (13.493033616000048 52.544390783000040)","Unfall 246500 (2023) Kat:3, Licht: 2","246500","3","4","6","12","15","5","","2","0","1","1","0"
"POINT (13.418150779000030 52.546445810000080)","Unfall 246501 (2023) Kat:2, Licht: 0","246501","2","4","6","12","08","5","","0","0","0","1","0"
"POINT (13.475647801000036 52.456362598000055)","Unfall 246502 (2023) Kat:3, Licht: 2","246502","3","6","2","12","18","5","","2","0","1","0","0"
"POINT (13.274990343000070 52.460482849000073)","Unfall 246503 (2023) Kat:3, Licht: 0","246503","3","2","5","12","15","5","","0","1","1","0","0"
"POINT (13.322765130000050 52.489009145000068)","Unfall 246504 (2023) Kat:3, Licht: 1","246504","3","3","5","12","15","5","","1","0","1","0","1"
"POINT (13.185499175000075 52.573860445000037)","Unfall 246505 (2023) Kat:3, Licht: 2","246505","3","6","2","12","21","5","","2","0","1","0","0"
"POINT (13.347284656000056 52.487066268000035)","Unfall 246506 (2023) Kat:3, Licht: 2","246506","3","3","5","12","19","5","","2","0","1","0","0"
"POINT (13.381338797000069 52.492864832000066)","Unfall 246507 (2023) Kat:3, Licht: 2","246507","3","6","2","12","16","5","","2","0","1","0","0"
"POINT (13.365971812000055 52.557149625000079)","Unfall 246508 (2023) Kat:3, Licht: 0","246508","3","6","2","12","15","5","","0","0","1","0","0"
"POINT (13.434727112000076 52.450939943000037)","Unfall 246509 (2023) Kat:3, Licht: 2","246509","3","7","5","12","18","6","","2","0","1","0","0"
"POINT (13.419662177000077 52.496477361000075)","Unfall 246510 (2023) Kat:3, Licht: 2","246510","3","3","5","12","17","5","","2","0","1","0","0"
"POINT (13.424240089000023 52.486330649000081)","Unfall 246511 (2023) Kat:3, Licht: 2","246511","3","2","5","12","16","5","","2","1","1","0","0"
"POINT (13.425557291000075 52.567736891000038)","Unfall 246512 (2023) Kat:3, Licht: 0","246512","3","3","5","12","13","5","","0","0","1","0","0"
"POINT (13.525063707000072 52.406680337000068)","Unfall 246513 (2023) Kat:3, Licht: 0","246513","3","3","5","12","08","5","","0","1","0","0","0"
"POINT (13.402810130000034 52.531596430000036)","Unfall 246514 (2023) Kat:3, Licht: 2","246514","3","1","0","12","16","5","","2","1","0","0","0"
"POINT (13.389367367000034 52.513662893000060)","Unfall 246515 (2023) Kat:3, Licht: 2","246515","3","5","1","12","22","5","","2","1","1","0","0"
"POINT (13.411370356000077 52.504435538000052)","Unfall 246516 (2023) Kat:3, Licht: 2","246516","3","2","5","12","22","5","","2","1","1","0","0"
"POINT (13.252359182000077 52.450477707000061)","Unfall 246517 (2023) Kat:3, Licht: 1","246517","3","7","6","12","16","5","","1","0","1","1","0"
"POINT (13.452673510000068 52.508255222000059)","Unfall 246518 (2023) Kat:3, Licht: 0","246518","3","2","5","12","08","5","","0","1","1","0","0"
"POINT (13.432802224000056 52.595819089000031)","Unfall 246519 (2023) Kat:3, Licht: 0","246519","3","2","5","12","08","5","","0","0","1","0","0"
"POINT (13.444632232000060 52.503327754000054)","Unfall 246520 (2023) Kat:3, Licht: 0","246520","3","5","1","12","08","1","","0","0","1","0","0"
"POINT (13.574307344000033 52.452806811000073)","Unfall 246521 (2023) Kat:3, Licht: 2","246521","3","7","5","12","18","4","","2","0","1","0","0"
"POINT (13.430148183000028 52.588576512000031)","Unfall 246522 (2023) Kat:3, Licht: 2","246522","3","2","5","12","06","4","","2","0","1","0","0"
"POINT (13.424210613000071 52.552837146000059)","Unfall 246523 (2023) Kat:2, Licht: 2","246523","2","3","5","12","17","4","","2","1","1","0","0"
"POINT (13.414194841000040 52.500608975000034)","Unfall 246524 (2023) Kat:3, Licht: 2","246524","3","7","6","12","17","4","","2","0","1","1","0"
"POINT (13.418130476000044 52.515426192000064)","Unfall 246525 (2023) Kat:2, Licht: 2","246525","2","2","5","12","01","3","","2","0","1","0","0"
"POINT (13.402065034000032 52.463477369000032)","Unfall 246526 (2023) Kat:3, Licht: 1","246526","3","2","5","12","16","4","","1","0","1","0","0"
"POINT (13.381160554000076 52.552197005000039)","Unfall 246527 (2023) Kat:3, Licht: 2","246527","3","2","6","12","07","4","","2","0","1","1","0"
"POINT (13.316066694000028 52.525679355000079)","Unfall 246528 (2023) Kat:3, Licht: 2","246528","3","3","5","12","05","4","","2","1","1","0","0"
"POINT (13.387010351000072 52.527140980000070)","Unfall 246529 (2023) Kat:2, Licht: 1","246529","2","2","2","12","15","4","","1","0","1","0","0"
"POINT (13.389816125000038 52.496037350000051)","Unfall 246530 (2023) Kat:3, Licht: 0","246530","3","4","6","12","14","4","","0","0","1","1","0"
"POINT (13.337235789000033 52.519872657000064)","Unfall 246531 (2023) Kat:3, Licht: 2","246531","3","1","1","12","04","4","","2","0","1","0","0"
"POINT (13.197565129000054 52.543358048000073)","Unfall 246532 (2023) Kat:3, Licht: 2","246532","3","6","0","12","16","4","","2","0","1","0","0"
"POINT (13.142914625000060 52.454909517000033)","Unfall 246533 (2023) Kat:3, Licht: 2","246533","3","6","2","12","15","4","","2","0","1","0","0"
"POINT (13.457973358000061 52.529072715000041)","Unfall 246534 (2023) Kat:3, Licht: 1","246534","3","6","2","12","14","4","","1","0","1","0","0"
"POINT (13.335379842000066 52.595667604000027)","Unfall 246535 (2023) Kat:2, Licht: 2","246535","2","4","6","12","21","4","","2","0","1","1","0"
"POINT (13.345936903000052 52.554850167000041)","Unfall 246536 (2023) Kat:3, Licht: 0","246536","3","2","5","12","12","4","","0","1","1","0","0"
"POINT (13.184250258000077 52.544772217000059)","Unfall 246537 (2023) Kat:3, Licht: 1","246537","3","2","6","12","15","4","","1","0","1","1","0"
"POINT (13.480979390000073 52.499021590000041)","Unfall 246538 (2023) Kat:3, Licht: 0","246538","3","6","1","12","15","4","","0","0","1","0","0"
"POINT (13.264905972000065 52.418995451000058)","Unfall 246539 (2023) Kat:3, Licht: 0","246539","3","7","5","12","12","4","","0","1","1","0","0"
"POINT (13.434889963000046 52.440481901000055)","Unfall 246540 (2023) Kat:3, Licht: 0","246540","3","2","6","12","14","4","","0","0","0","1","0"
"POINT (13.349412080000036 52.542224120000071)","Unfall 246541 (2023) Kat:3, Licht: 0","246541","3","7","5","12","13","4","","0","0","1","0","0"
"POINT (13.496754252000073 52.428105609000056)","Unfall 246542 (2023) Kat:3, Licht: 0","246542","3","3","5","12","08","4","","0","0","1","0","0"
"POINT (13.383599613000058 52.493881970000075)","Unfall 246543 (2023) Kat:3, Licht: 1","246543","3","3","5","12","07","4","","1","1","0","0","0"
"POINT (13.538649006000071 52.524639563000051)","Unfall 246545 (2023) Kat:3, Licht: 0","246545","3","3","5","12","10","4","","0","0","1","0","0"
"POINT (13.331589741000073 52.522366550000072)","Unfall 246546 (2023) Kat:3, Licht: 0","246546","3","3","5","12","16","3","","0","1","1","0","0"
"POINT (13.428711477000036 52.547785122000050)","Unfall 246547 (2023) Kat:3, Licht: 2","246547","3","2","5","12","17","3","","2","0","1","0","0"
"POINT (13.320287563000022 52.621899104000079)","Unfall 246548 (2023) Kat:3, Licht: 0","246548","3","1","4","12","11","3","","0","0","1","0","0"
"POINT (13.421736999000075 52.496016182000062)","Unfall 246549 (2023) Kat:3, Licht: 0","246549","3","7","5","12","09","3","","0","1","1","0","0"
"POINT (13.380283421000058 52.532799607000072)","Unfall 246550 (2023) Kat:3, Licht: 0","246550","3","2","3","12","14","3","","0","1","1","0","0"
"POINT (13.202978065000025 52.540849049000030)","Unfall 246551 (2023) Kat:3, Licht: 0","246551","3","6","3","12","10","3","","0","0","1","0","0"
"POINT (13.505507470000055 52.511389690000044)","Unfall 246552 (2023) Kat:3, Licht: 0","246552","3","3","5","12","13","3","","0","0","1","0","0"
"POINT (13.396033791000036 52.538273958000048)","Unfall 246553 (2023) Kat:3, Licht: 0","246553","3","2","5","12","13","3","","0","0","1","0","0"
"POINT (13.592637388000071 52.455259373000047)","Unfall 246554 (2023) Kat:3, Licht: 1","246554","3","1","0","12","19","3","","1","1","0","0","0"
"POINT (13.396571438000024 52.498116880000055)","Unfall 246555 (2023) Kat:3, Licht: 2","246555","3","6","2","12","21","3","","2","0","1","0","0"
"POINT (13.212318308000022 52.560997009000062)","Unfall 246556 (2023) Kat:2, Licht: 2","246556","2","2","6","12","17","3","","2","0","1","1","0"
"POINT (13.393538723000063 52.489146301000062)","Unfall 246557 (2023) Kat:3, Licht: 0","246557","3","6","0","12","12","2","","0","1","0","0","0"
"POINT (13.392633070000045 52.505589083000075)","Unfall 246558 (2023) Kat:2, Licht: 2","246558","2","4","6","12","16","3","","2","0","1","1","0"
"POINT (13.191691955000067 52.528504031000068)","Unfall 246559 (2023) Kat:3, Licht: 1","246559","3","4","6","12","15","3","","1","0","1","1","0"
"POINT (13.333165242000064 52.442650558000082)","Unfall 246560 (2023) Kat:3, Licht: 1","246560","3","6","0","12","15","3","","1","1","1","0","0"
"POINT (13.426462695000055 52.476853499000072)","Unfall 246561 (2023) Kat:3, Licht: 0","246561","3","6","3","12","14","3","","0","0","1","0","1"
"POINT (13.558065713000076 52.455883887000027)","Unfall 246562 (2023) Kat:3, Licht: 0","246562","3","2","3","12","12","3","","0","0","1","0","0"
"POINT (13.389014623000037 52.515871965000031)","Unfall 246563 (2023) Kat:3, Licht: 0","246563","3","7","5","12","12","3","","0","0","1","0","0"
"POINT (13.313379106000070 52.575497126000073)","Unfall 246564 (2023) Kat:3, Licht: 0","246564","3","6","3","12","10","3","","0","0","1","0","0"
"POINT (13.415648875000045 52.491190085000028)","Unfall 246565 (2023) Kat:3, Licht: 0","246565","3","1","0","12","09","3","","0","1","0","0","0"
"POINT (13.286077626000065 52.518775430000062)","Unfall 246566 (2023) Kat:3, Licht: 0","246566","3","6","3","12","08","3","","0","0","1","0","0"
"POINT (13.397443340000052 52.567096199000048)","Unfall 246567 (2023) Kat:3, Licht: 0","246567","3","6","2","12","07","3","","0","0","1","0","0"
"POINT (13.524956693000036 52.495484878000070)","Unfall 246568 (2023) Kat:3, Licht: 1","246568","3","2","5","12","08","2","","1","1","1","0","0"
"POINT (13.247458628000061 52.524482926000076)","Unfall 246569 (2023) Kat:3, Licht: 2","246569","3","2","5","12","17","2","","2","0","1","0","0"
"POINT (13.217845113000067 52.508703910000065)","Unfall 246570 (2023) Kat:2, Licht: 2","246570","2","4","6","12","16","2","","2","0","1","1","0"
"POINT (13.405564357000060 52.581625581000026)","Unfall 246571 (2023) Kat:3, Licht: 0","246571","3","4","6","12","14","2","","0","0","1","1","0"
"POINT (13.368255395000062 52.556998146000069)","Unfall 246572 (2023) Kat:3, Licht: 0","246572","3","6","2","12","13","2","","0","0","1","0","0"
"POINT (13.345276776000048 52.492148838000048)","Unfall 246573 (2023) Kat:3, Licht: 0","246573","3","4","0","12","13","2","","0","0","0","1","0"
"POINT (13.234766517000025 52.607317845000068)","Unfall 246574 (2023) Kat:3, Licht: 0","246574","3","6","2","12","12","2","","0","0","1","0","0"
"POINT (13.415277502000038 52.420860306000066)","Unfall 246575 (2023) Kat:2, Licht: 0","246575","2","7","1","12","12","2","","0","0","1","0","0"
"POINT (13.346152866000068 52.516278966000073)","Unfall 246576 (2023) Kat:3, Licht: 0","246576","3","7","5","12","11","2","","0","0","1","0","0"
"POINT (13.378020596000056 52.557170532000043)","Unfall 246577 (2023) Kat:3, Licht: 0","246577","3","7","6","12","11","2","","0","0","0","1","0"
"POINT (13.317386558000067 52.513997915000061)","Unfall 246578 (2023) Kat:3, Licht: 0","246578","3","2","3","12","13","2","","0","1","1","0","0"
"POINT (13.436684856000056 52.503742664000072)","Unfall 246579 (2023) Kat:2, Licht: 0","246579","2","6","0","12","11","4","","0","0","1","0","0"
"POINT (13.518054773000074 52.535535949000064)","Unfall 246580 (2023) Kat:3, Licht: 0","246580","3","6","3","12","13","2","","0","1","1","0","0"
"POINT (13.282099739000046 52.575475832000052)","Unfall 246581 (2023) Kat:3, Licht: 0","246581","3","6","2","12","10","2","","0","0","1","0","0"
"POINT (13.421224615000028 52.509864192000066)","Unfall 246582 (2023) Kat:3, Licht: 0","246582","3","2","6","12","10","2","","0","0","0","1","0"
"POINT (13.519300918000056 52.464403378000043)","Unfall 246583 (2023) Kat:3, Licht: 0","246583","3","3","5","12","13","2","","0","0","1","0","0"
"POINT (13.339504433000059 52.595840042000077)","Unfall 246584 (2023) Kat:3, Licht: 0","246584","3","2","6","12","09","2","","0","0","1","1","0"
"POINT (13.458923995000077 52.477835428000049)","Unfall 246586 (2023) Kat:3, Licht: 0","246586","3","6","2","12","09","2","","0","1","1","0","0"
"POINT (13.403776822000054 52.515506958000060)","Unfall 246587 (2023) Kat:3, Licht: 2","246587","3","1","0","12","18","2","","2","0","0","0","1"
"POINT (13.313673104000031 52.454084983000030)","Unfall 246588 (2023) Kat:3, Licht: 0","246588","3","5","1","12","07","2","","0","1","1","0","0"
"POINT (13.272100531000035 52.536960831000044)","Unfall 246589 (2023) Kat:3, Licht: 1","246589","3","4","6","12","07","2","","1","0","1","1","0"
"POINT (13.387721873000032 52.523450548000028)","Unfall 246590 (2023) Kat:3, Licht: 1","246590","3","1","0","12","07","2","","1","1","1","0","0"
"POINT (13.427387943000042 52.420698868000045)","Unfall 246591 (2023) Kat:3, Licht: 2","246591","3","6","2","12","05","2","","2","0","1","0","0"
"POINT (13.156609979000052 52.533109208000042)","Unfall 246592 (2023) Kat:2, Licht: 2","246592","2","7","9","12","04","2","","2","0","1","0","0"
"POINT (13.563096168000072 52.515458971000044)","Unfall 246593 (2023) Kat:2, Licht: 0","246593","2","6","2","12","11","2","","0","0","1","0","0"
"POINT (13.306894348000071 52.417480311000077)","Unfall 246594 (2023) Kat:3, Licht: 2","246594","3","5","1","12","02","2","","2","0","1","0","0"
"POINT (13.599044342000070 52.528386769000065)","Unfall 246595 (2023) Kat:3, Licht: 2","246595","3","3","5","12","19","2","","2","0","1","0","0"
"POINT (13.611369181000043 52.453898890000062)","Unfall 246596 (2023) Kat:3, Licht: 2","246596","3","6","2","12","19","2","","2","0","1","0","0"
"POINT (13.309632880000038 52.476224314000035)","Unfall 246597 (2023) Kat:3, Licht: 2","246597","3","3","5","12","18","2","","2","0","1","0","0"
"POINT (13.591485731000034 52.541574147000063)","Unfall 246598 (2023) Kat:3, Licht: 2","246598","3","4","6","12","18","2","","2","0","1","1","0"
"POINT (13.465882443000055 52.496967294000058)","Unfall 246599 (2023) Kat:3, Licht: 2","246599","3","6","2","12","21","2","","2","0","1","0","0"
"POINT (13.425137045000042 52.480550318000041)","Unfall 246600 (2023) Kat:3, Licht: 2","246600","3","2","6","12","19","2","","2","0","1","1","0"
"POINT (13.300476119000052 52.507972292000034)","Unfall 246601 (2023) Kat:3, Licht: 2","246601","3","3","5","12","18","2","","2","1","1","0","0"
"POINT (13.370128285000021 52.544714153000029)","Unfall 246602 (2023) Kat:3, Licht: 2","246602","3","2","5","12","17","2","","2","0","1","0","0"
"POINT (13.443509463000055 52.565345992000061)","Unfall 246603 (2023) Kat:3, Licht: 2","246603","3","3","5","12","17","2","","2","0","1","0","0"
"POINT (13.440140480000025 52.419425111000066)","Unfall 246604 (2023) Kat:3, Licht: 2","246604","3","3","5","12","20","2","","2","0","1","0","0"
"POINT (13.165367219000075 52.551139308000074)","Unfall 246606 (2023) Kat:2, Licht: 2","246606","2","2","5","12","18","2","","2","0","1","0","0"