WKT,Name,OBJECTID,UKATEGORIE,UTYP1,UART,UMONAT,USTUNDE,UWOCHENTAG,STRZUSTAND,ULICHTVERH,ISTRAD,ISTPKW,ISTFUSS,ISTKRAD
"POINT (13.346783990000063 52.435746787000028)","Unfall 246607 (2023) Kat:2, Licht: 0","246607","2","4","6","12","09","2","","0","0","1","1","0"
"POINT (13.373236699000074 52.424793227000066)","Unfall 246608 (2023) Kat:3, Licht: 1","246608","3","2","2","12","08","2","","1","0","1","0","0"
"POINT (13.490493072000049 52.557960611000055)","Unfall 246609 (2023) Kat:3, Licht: 0","246609","3","4","0","12","10","1","","0","0","0","1","0"
"POINT (13.349656911000068 52.596337877000053)","Unfall 246610 (2023) Kat:2, Licht: 2","246610","2","4","6","12","21","1","","2","0","1","1","0"
"POINT (13.401395746000048 52.414529160000029)","Unfall 246611 (2023) Kat:3, Licht: 2","246611","3","2","2","12","18","1","","2","0","1","0","0"
"POINT (13.545413307000047 52.567716026000028)","Unfall 246612 (2023) Kat:3, Licht: 2","246612","3","3","5","12","16","1","","2","0","1","0","0"
"POINT (13.427273661000072 52.544870648000028)","Unfall 246613 (2023) Kat:3, Licht: 0","246613","3","7","1","12","13","1","","0","0","1","0","0"
"POINT (13.419683723000048 52.506081210000048)","Unfall 246614 (2023) Kat:3, Licht: 2","246614","3","3","5","12","00","1","","2","0","1","0","0"
"POINT (13.552270270000065 52.439350444000070)","Unfall 246615 (2023) Kat:3, Licht: 2","246615","3","3","5","12","19","1","","2","0","1","0","0"
"POINT (13.454312472000026 52.431769816000042)","Unfall 246616 (2023) Kat:2, Licht: 2","246616","2","7","0","12","17","1","","2","0","1","0","0"
"POINT (13.396023459000048 52.538368523000031)","Unfall 246617 (2023) Kat:3, Licht: 2","246617","3","2","6","12","17","1","","2","0","1","1","0"
"POINT (13.410011980000036 52.528759181000055)","Unfall 246618 (2023) Kat:3, Licht: 0","246618","3","6","2","12","13","1","","0","0","1","0","0"
"POINT (13.377771567000025 52.603944304000038)","Unfall 246619 (2023) Kat:3, Licht: 0","246619","3","6","4","12","12","1","","0","0","1","0","0"
"POINT (13.490514611000037 52.526562190000050)","Unfall 246620 (2023) Kat:3, Licht: 0","246620","3","2","6","12","11","1","","0","0","1","1","0"
"POINT (13.426419573000032 52.548588347000077)","Unfall 246621 (2023) Kat:3, Licht: 0","246621","3","3","5","12","09","1","","0","0","1","0","0"
"POINT (13.426997467000035 52.511810174000061)","Unfall 246622 (2023) Kat:3, Licht: 2","246622","3","2","3","12","01","1","","2","0","1","0","0"
"POINT (13.278876445000037 52.449890158000073)","Unfall 246623 (2023) Kat:3, Licht: 2","246623","3","1","8","12","23","7","","2","0","1","0","0"
"POINT (13.448252535000051 52.427373425000042)","Unfall 246624 (2023) Kat:3, Licht: 2","246624","3","3","5","12","16","7","","2","0","1","0","0"
"POINT (13.345977916000038 52.500344516000041)","Unfall 246625 (2023) Kat:2, Licht: 0","246625","2","7","5","12","14","7","","0","0","1","0","0"
"POINT (13.318652217000022 52.454333739000049)","Unfall 246626 (2023) Kat:3, Licht: 2","246626","3","6","2","12","20","7","","2","0","1","0","0"
"POINT (13.332380287000035 52.506272902000035)","Unfall 246627 (2023) Kat:3, Licht: 2","246627","3","2","5","12","20","7","","2","0","1","0","0"
"POINT (13.295308125000076 52.539494061000028)","Unfall 246628 (2023) Kat:3, Licht: 2","246628","3","4","0","12","19","7","","2","0","0","1","0"
"POINT (13.362803450000058 52.451886364000075)","Unfall 246629 (2023) Kat:3, Licht: 0","246629","3","4","6","12","15","7","","0","0","1","1","0"
"POINT (13.331740299000046 52.561995515000035)","Unfall 246630 (2023) Kat:3, Licht: 0","246630","3","7","5","12","10","7","","0","0","1","0","0"
"POINT (13.497205121000036 52.499868305000064)","Unfall 246631 (2023) Kat:3, Licht: 0","246631","3","6","2","12","10","7","","0","1","1","0","0"
"POINT (13.400531804000025 52.498422070000061)","Unfall 246632 (2023) Kat:3, Licht: 2","246632","3","6","2","12","22","7","","2","0","1","0","0"
"POINT (13.438605504000066 52.548013412000046)","Unfall 246633 (2023) Kat:3, Licht: 0","246633","3","1","8","12","08","7","","0","0","1","0","0"
"POINT (13.611542106000059 52.477976032000072)","Unfall 246634 (2023) Kat:3, Licht: 2","246634","3","3","5","12","17","7","","2","0","1","0","0"
"POINT (13.276904663000039 52.426330541000027)","Unfall 246635 (2023) Kat:3, Licht: 2","246635","3","2","6","12","20","6","","2","0","1","1","0"
"POINT (13.347312726000041 52.432020676000036)","Unfall 246636 (2023) Kat:3, Licht: 2","246636","3","1","9","12","17","7","","2","0","1","0","0"
"POINT (13.507533416000058 52.503016804000026)","Unfall 246637 (2023) Kat:3, Licht: 2","246637","3","6","2","12","17","7","","2","0","1","0","0"
"POINT (13.335670654000069 52.541988529000037)","Unfall 246638 (2023) Kat:3, Licht: 0","246638","3","2","5","12","13","7","","0","0","1","0","0"
"POINT (13.505459347000055 52.541241746000026)","Unfall 246639 (2023) Kat:3, Licht: 0","246639","3","3","5","12","13","7","","0","1","1","0","0"
"POINT (13.423441419000028 52.490667996000070)","Unfall 246640 (2023) Kat:3, Licht: 0","246640","3","6","2","12","12","7","","0","0","1","0","0"
"POINT (13.331486056000074 52.500561963000052)","Unfall 246641 (2023) Kat:3, Licht: 0","246641","3","6","3","12","11","1","","0","0","1","0","1"
"POINT (13.359373508000033 52.546614494000039)","Unfall 246642 (2023) Kat:3, Licht: 0","246642","3","6","2","12","09","7","","0","0","1","0","0"
"POINT (13.389754507000077 52.495909560000030)","Unfall 246643 (2023) Kat:3, Licht: 0","246643","3","2","5","12","10","6","","0","1","1","0","0"
"POINT (13.442373952000025 52.480502101000070)","Unfall 246644 (2023) Kat:3, Licht: 2","246644","3","6","2","12","21","6","","2","0","1","0","0"
"POINT (13.322155520000024 52.456570677000059)","Unfall 246645 (2023) Kat:3, Licht: 2","246645","3","6","3","12","18","6","","2","0","0","0","0"
"POINT (13.169503009000039 52.530115041000045)","Unfall 246646 (2023) Kat:3, Licht: 2","246646","3","6","2","12","18","6","","2","0","1","0","0"
"POINT (13.193876253000042 52.530756000000054)","Unfall 246647 (2023) Kat:3, Licht: 2","246647","3","5","1","12","21","1","","2","0","1","0","0"
"POINT (13.331188785000052 52.487457910000046)","Unfall 246648 (2023) Kat:2, Licht: 1","246648","2","7","0","12","15","6","","1","1","0","0","0"
"POINT (13.197148169000059 52.481625141000052)","Unfall 246649 (2023) Kat:3, Licht: 0","246649","3","1","9","12","15","6","","0","0","1","0","0"
"POINT (13.271190853000064 52.436780379000027)","Unfall 246650 (2023) Kat:3, Licht: 0","246650","3","7","6","12","12","5","","0","0","1","1","0"
"POINT (13.286258769000028 52.453077755000038)","Unfall 246651 (2023) Kat:3, Licht: 0","246651","3","1","0","12","13","6","","0","1","0","0","0"
"POINT (13.300740009000037 52.489464286000043)","Unfall 246652 (2023) Kat:3, Licht: 0","246652","3","2","5","12","07","6","","0","1","1","0","0"
"POINT (13.372484024000073 52.485048010000071)","Unfall 246653 (2023) Kat:3, Licht: 2","246653","3","1","4","12","20","6","","2","0","1","0","0"
"POINT (13.330694094000023 52.498931753000079)","Unfall 246654 (2023) Kat:3, Licht: 2","246654","3","6","3","12","20","6","","2","1","1","0","0"
"POINT (13.412324356000056 52.505670545000044)","Unfall 246655 (2023) Kat:3, Licht: 1","246655","3","4","6","12","16","6","","1","0","0","1","0"
"POINT (13.574910663000026 52.529296300000055)","Unfall 246656 (2023) Kat:3, Licht: 0","246656","3","2","6","12","15","6","","0","0","1","1","0"
"POINT (13.738098920000027 52.428983648000042)","Unfall 246657 (2023) Kat:3, Licht: 0","246657","3","1","0","12","15","6","","0","1","0","0","0"
"POINT (13.342054527000073 52.517915475000052)","Unfall 246658 (2023) Kat:2, Licht: 0","246658","2","7","5","12","13","6","","0","0","1","0","0"
"POINT (13.413187255000025 52.525196636000032)","Unfall 246659 (2023) Kat:3, Licht: 0","246659","3","3","5","12","14","6","","0","1","0","0","0"
"POINT (13.227952302000062 52.537921382000036)","Unfall 246660 (2023) Kat:3, Licht: 0","246660","3","6","2","12","09","6","","0","0","1","0","0"
"POINT (13.591636724000068 52.537076153000044)","Unfall 246662 (2023) Kat:3, Licht: 2","246662","3","3","5","12","18","6","","2","0","1","0","0"
"POINT (13.410452830000054 52.503801091000071)","Unfall 246663 (2023) Kat:3, Licht: 0","246663","3","2","5","12","13","6","","0","1","1","0","0"
"POINT (13.302119647000040 52.498998222000068)","Unfall 246664 (2023) Kat:3, Licht: 2","246664","3","4","6","12","22","3","","2","0","1","1","0"
"POINT (13.171913202000042 52.550081069000043)","Unfall 246665 (2023) Kat:3, Licht: 0","246665","3","3","5","12","12","6","","0","0","1","0","0"
"POINT (13.281499464000035 52.518560936000029)","Unfall 246666 (2023) Kat:3, Licht: 0","246666","3","6","3","12","11","6","","0","0","1","0","0"
"POINT (13.406594127000062 52.393764488000045)","Unfall 246667 (2023) Kat:3, Licht: 0","246667","3","2","5","12","10","6","","0","0","1","0","0"
"POINT (13.324382956000022 52.502282489000038)","Unfall 246668 (2023) Kat:3, Licht: 2","246668","3","6","2","12","22","6","","2","0","1","0","0"
"POINT (13.388291279000043 52.484371603000056)","Unfall 246669 (2023) Kat:2, Licht: 2","246669","2","7","6","12","16","5","","2","0","1","1","0"
"POINT (13.423442144000035 52.490666846000067)","Unfall 246670 (2023) Kat:3, Licht: 2","246670","3","6","2","12","17","6","","2","0","1","0","0"
"POINT (13.364761885000064 52.557991129000072)","Unfall 246671 (2023) Kat:2, Licht: 2","246671","2","3","5","12","16","6","","2","1","1","0","0"
"POINT (13.388356549000036 52.447880445000067)","Unfall 246672 (2023) Kat:3, Licht: 2","246672","3","2","5","12","16","6","","2","0","1","0","1"
"POINT (13.448712996000040 52.553313931000048)","Unfall 246673 (2023) Kat:3, Licht: 0","246673","3","7","1","12","12","6","","0","0","1","0","0"
"POINT (13.387369568000054 52.555478239000081)","Unfall 246674 (2023) Kat:3, Licht: 2","246674","3","4","6","11","20","5","","2","0","0","1","0"
"POINT (13.440051579000055 52.489595022000060)","Unfall 246675 (2023) Kat:3, Licht: 0","246675","3","3","5","11","14","5","","0","1","0","0","0"
"POINT (13.390693343000066 52.496029912000040)","Unfall 246676 (2023) Kat:3, Licht: 0","246676","3","3","5","11","09","5","","0","0","1","0","0"
"POINT (13.528754362000029 52.438783341000033)","Unfall 246677 (2023) Kat:3, Licht: 2","246677","3","7","2","11","16","5","","2","0","1","0","0"
"POINT (13.342849588000036 52.563318852000066)","Unfall 246678 (2023) Kat:3, Licht: 1","246678","3","1","0","11","16","5","","1","0","0","0","1"
"POINT (13.352126060000046 52.505542014000071)","Unfall 246679 (2023) Kat:3, Licht: 0","246679","3","2","5","11","13","5","","0","0","1","0","0"
"POINT (13.375509081000075 52.409182832000056)","Unfall 246680 (2023) Kat:3, Licht: 0","246680","3","5","1","11","08","5","","0","0","1","0","0"
"POINT (13.338366558000075 52.566170607000060)","Unfall 246681 (2023) Kat:3, Licht: 0","246681","3","5","1","12","14","7","","0","0","1","0","0"
"POINT (13.418228694000049 52.517353440000079)","Unfall 246682 (2023) Kat:3, Licht: 0","246682","3","2","0","11","14","5","","0","1","0","0","0"
"POINT (13.377753213000062 52.563527246000035)","Unfall 246683 (2023) Kat:3, Licht: 0","246683","3","3","5","11","12","5","","0","0","1","0","0"
"POINT (13.361072866000029 52.500219661000074)","Unfall 246684 (2023) Kat:3, Licht: 2","246684","3","4","6","11","04","5","","2","0","1","1","0"
"POINT (13.374496717000056 52.528026765000050)","Unfall 246685 (2023) Kat:3, Licht: 2","246685","3","6","2","11","23","5","","2","0","1","0","0"
"POINT (13.570315893000043 52.555750789000058)","Unfall 246686 (2023) Kat:2, Licht: 2","246686","2","4","6","11","18","5","","2","0","1","1","0"
"POINT (13.324156890000040 52.587627366000049)","Unfall 246687 (2023) Kat:3, Licht: 0","246687","3","2","5","12","14","6","","0","1","1","0","0"
"POINT (13.279705866000029 52.521914067000068)","Unfall 246688 (2023) Kat:3, Licht: 2","246688","3","6","2","11","06","5","","2","0","1","0","0"
"POINT (13.383956588000046 52.510421626000038)","Unfall 246689 (2023) Kat:3, Licht: 2","246689","3","2","5","11","17","5","","2","1","1","0","0"
"POINT (13.209346439000058 52.435935666000034)","Unfall 246690 (2023) Kat:3, Licht: 0","246690","3","1","4","11","11","5","","0","0","1","0","0"
"POINT (13.329642957000033 52.495312577000050)","Unfall 246691 (2023) Kat:3, Licht: 0","246691","3","6","2","11","11","5","","0","0","1","0","0"
"POINT (13.315577713000039 52.445062440000072)","Unfall 246692 (2023) Kat:3, Licht: 2","246692","3","6","2","12","16","4","","2","0","1","0","0"
"POINT (13.421480697000050 52.465018830000076)","Unfall 246693 (2023) Kat:3, Licht: 0","246693","3","1","0","11","12","4","","0","1","0","0","0"
"POINT (13.326585740000041 52.459675474000051)","Unfall 246694 (2023) Kat:3, Licht: 2","246694","3","2","5","12","17","1","","2","1","1","0","0"
"POINT (13.329305509000051 52.575668477000079)","Unfall 246695 (2023) Kat:3, Licht: 2","246695","3","1","5","11","17","4","","2","0","1","0","0"
"POINT (13.325228730000049 52.460181482000053)","Unfall 246696 (2023) Kat:3, Licht: 2","246696","3","5","1","11","18","4","","2","1","1","0","0"
"POINT (13.394354892000024 52.547415584000078)","Unfall 246697 (2023) Kat:3, Licht: 1","246697","3","2","6","11","18","4","","1","0","1","1","0"
"POINT (13.200554041000032 52.538564804000032)","Unfall 246698 (2023) Kat:2, Licht: 2","246698","2","2","6","11","18","4","","2","0","1","1","0"
"POINT (13.537562479000030 52.435151803000053)","Unfall 246699 (2023) Kat:3, Licht: 0","246699","3","6","2","11","15","4","","0","0","1","0","0"
"POINT (13.463423670000054 52.557040322000034)","Unfall 246700 (2023) Kat:3, Licht: 0","246700","3","7","1","11","12","4","","0","0","1","1","0"
"POINT (13.185019240000031 52.534199753000053)","Unfall 246701 (2023) Kat:3, Licht: 0","246701","3","3","5","11","11","4","","0","0","1","0","0"
"POINT (13.328337542000043 52.534606360000055)","Unfall 246702 (2023) Kat:3, Licht: 2","246702","3","6","2","12","20","3","","2","0","1","0","0"
"POINT (13.425891204000038 52.553757272000041)","Unfall 246703 (2023) Kat:3, Licht: 0","246703","3","1","1","11","09","4","","0","0","1","0","0"
"POINT (13.406776726000032 52.393768282000053)","Unfall 246705 (2023) Kat:3, Licht: 2","246705","3","2","5","11","19","4","","2","0","1","0","0"
"POINT (13.307579843000042 52.503624227000046)","Unfall 246706 (2023) Kat:3, Licht: 2","246706","3","2","2","11","17","4","","2","1","1","0","0"
"POINT (13.562982188000035 52.540917701000069)","Unfall 246707 (2023) Kat:3, Licht: 2","246707","3","6","2","11","16","4","","2","0","1","0","0"
"POINT (13.200974127000052 52.532111279000048)","Unfall 246708 (2023) Kat:3, Licht: 0","246708","3","6","2","11","15","4","","0","0","1","0","0"
"POINT (13.456986622000045 52.535829896000052)","Unfall 246709 (2023) Kat:3, Licht: 0","246709","3","1","0","11","15","4","","0","1","1","0","0"
"POINT (13.453247290000036 52.429479287000049)","Unfall 246710 (2023) Kat:2, Licht: 2","246710","2","1","0","11","16","4","","2","1","0","0","0"
"POINT (13.328337882000028 52.534593746000041)","Unfall 246711 (2023) Kat:3, Licht: 1","246711","3","6","2","11","16","4","","1","0","1","0","0"
"POINT (13.593007881000062 52.544803413000068)","Unfall 246712 (2023) Kat:3, Licht: 0","246712","3","4","6","11","14","4","","0","0","0","1","0"
"POINT (13.473486647000072 52.454983144000039)","Unfall 246713 (2023) Kat:2, Licht: 0","246713","2","4","6","11","13","4","","0","0","1","1","0"
"POINT (13.343799344000047 52.553428539000038)","Unfall 246714 (2023) Kat:3, Licht: 0","246714","3","7","5","11","12","4","","0","0","1","0","0"
"POINT (13.432117877000053 52.499511955000060)","Unfall 246715 (2023) Kat:3, Licht: 0","246715","3","6","2","11","14","4","","0","0","1","0","1"
"POINT (13.487670398000034 52.541598928000042)","Unfall 246716 (2023) Kat:2, Licht: 0","246716","2","7","0","11","10","4","","0","0","1","0","0"
"POINT (13.396745798000040 52.515264121000030)","Unfall 246717 (2023) Kat:2, Licht: 2","246717","2","2","6","11","17","4","","2","0","1","1","0"
"POINT (13.377690276000067 52.508060015000069)","Unfall 246718 (2023) Kat:3, Licht: 1","246718","3","6","2","11","17","4","","1","0","1","0","0"
"POINT (13.388605620000021 52.534165678000079)","Unfall 246719 (2023) Kat:3, Licht: 2","246719","3","2","5","11","16","4","","2","1","1","0","0"
"POINT (13.571318532000078 52.545935491000080)","Unfall 246720 (2023) Kat:3, Licht: 0","246720","3","6","2","11","15","4","","0","0","1","0","0"
"POINT (13.567332232000069 52.573352400000033)","Unfall 246721 (2023) Kat:3, Licht: 0","246721","3","4","6","11","14","4","","0","0","1","1","0"
"POINT (13.356427817000053 52.535885896000082)","Unfall 246722 (2023) Kat:3, Licht: 0","246722","3","2","5","11","14","4","","0","0","1","0","1"
"POINT (13.395559992000074 52.498342510000043)","Unfall 246723 (2023) Kat:3, Licht: 0","246723","3","2","6","11","14","4","","0","0","1","1","0"
"POINT (13.350290936000022 52.439205789000027)","Unfall 246724 (2023) Kat:3, Licht: 0","246724","3","7","1","11","09","4","","0","0","1","0","0"
"POINT (13.298297368000021 52.509705490000044)","Unfall 246725 (2023) Kat:3, Licht: 0","246725","3","7","5","11","14","3","","0","1","1","0","0"
"POINT (13.199634919000061 52.534506742000076)","Unfall 246726 (2023) Kat:3, Licht: 2","246726","3","2","5","11","18","3","","2","1","1","0","0"
"POINT (13.327747365000050 52.520880527000031)","Unfall 246727 (2023) Kat:2, Licht: 1","246727","2","3","5","11","15","3","","1","0","1","0","0"
"POINT (13.392622459000052 52.537060495000048)","Unfall 246728 (2023) Kat:2, Licht: 0","246728","2","1","1","11","15","3","","0","0","1","0","0"
"POINT (13.480147929000054 52.444081795000045)","Unfall 246729 (2023) Kat:2, Licht: 0","246729","2","4","6","11","10","3","","0","0","0","1","0"
"POINT (13.374671246000048 52.504819312000052)","Unfall 246730 (2023) Kat:3, Licht: 2","246730","3","7","5","12","18","7","","2","0","1","0","0"
"POINT (13.331391167000049 52.563006357000063)","Unfall 246731 (2023) Kat:3, Licht: 2","246731","3","1","0","11","03","3","","2","0","0","0","1"
"POINT (13.316832610000063 52.501288833000046)","Unfall 246732 (2023) Kat:3, Licht: 2","246732","3","3","0","11","22","3","","2","0","1","0","1"
"POINT (13.389056875000051 52.515599091000070)","Unfall 246733 (2023) Kat:3, Licht: 2","246733","3","3","5","11","21","3","","2","0","1","0","0"
"POINT (13.423353739000049 52.542852361000030)","Unfall 246734 (2023) Kat:3, Licht: 2","246734","3","5","1","11","20","3","","2","1","1","0","0"
"POINT (13.348529597000038 52.521969156000068)","Unfall 246736 (2023) Kat:3, Licht: 2","246736","3","2","6","11","21","3","","2","0","1","1","0"
"POINT (13.342719103000036 52.525324466000029)","Unfall 246737 (2023) Kat:3, Licht: 2","246737","3","7","5","11","16","3","","2","0","1","0","1"
"POINT (13.193716961000064 52.548159090000070)","Unfall 246738 (2023) Kat:3, Licht: 1","246738","3","2","5","11","15","3","","1","0","1","0","0"
"POINT (13.419799621000038 52.496388086000081)","Unfall 246739 (2023) Kat:3, Licht: 0","246739","3","2","5","11","12","3","","0","0","1","0","0"
"POINT (13.384169169000074 52.530877340000075)","Unfall 246740 (2023) Kat:3, Licht: 0","246740","3","3","2","11","11","3","","0","1","1","0","0"
"POINT (13.389924628000074 52.544341596000038)","Unfall 246741 (2023) Kat:3, Licht: 2","246741","3","1","0","11","06","3","","2","0","0","0","1"
"POINT (13.346051087000035 52.589590175000069)","Unfall 246742 (2023) Kat:3, Licht: 2","246742","3","1","0","11","18","3","","2","0","1","0","0"
"POINT (13.410446084000057 52.503796598000065)","Unfall 246743 (2023) Kat:3, Licht: 2","246743","3","2","5","11","17","3","","2","1","1","0","0"
"POINT (13.370683128000053 52.559034984000050)","Unfall 246744 (2023) Kat:3, Licht: 0","246744","3","2","5","11","14","3","","0","1","1","0","0"
"POINT (13.296552133000034 52.498118721000026)","Unfall 246745 (2023) Kat:3, Licht: 0","246745","3","6","2","11","14","3","","0","0","1","0","0"
"POINT (13.405166838000071 52.393774847000032)","Unfall 246746 (2023) Kat:3, Licht: 0","246746","3","4","6","11","09","3","","0","0","1","1","0"
"POINT (13.196949029000052 52.531188882000038)","Unfall 246747 (2023) Kat:2, Licht: 0","246747","2","7","2","11","08","3","","0","0","1","0","0"
"POINT (13.215202184000077 52.563939643000026)","Unfall 246749 (2023) Kat:3, Licht: 2","246749","3","4","6","11","16","3","","2","0","1","1","0"
"POINT (13.571205340000063 52.546121764000077)","Unfall 246750 (2023) Kat:3, Licht: 0","246750","3","7","8","11","14","3","","0","0","1","0","0"
"POINT (13.417447290000041 52.518592168000055)","Unfall 246751 (2023) Kat:3, Licht: 0","246751","3","2","5","11","13","3","","0","1","0","0","0"
"POINT (13.394495930000062 52.509733204000042)","Unfall 246753 (2023) Kat:3, Licht: 0","246753","3","1","2","11","09","3","","0","1","1","0","0"
"POINT (13.344691276000049 52.490340394000043)","Unfall 246755 (2023) Kat:3, Licht: 0","246755","3","6","2","11","08","3","","0","0","1","0","0"
"POINT (13.366089436000038 52.525548509000032)","Unfall 246756 (2023) Kat:3, Licht: 2","246756","3","6","2","11","05","3","","2","0","1","0","0"
"POINT (13.538605305000033 52.524629748000052)","Unfall 246757 (2023) Kat:2, Licht: 1","246757","2","3","5","12","15","5","","1","0","1","0","0"
"POINT (13.519117253000047 52.513466565000044)","Unfall 246758 (2023) Kat:3, Licht: 2","246758","3","2","5","11","17","3","","2","0","1","0","0"
"POINT (13.713126583000076 52.432199292000064)","Unfall 246760 (2023) Kat:3, Licht: 0","246760","3","5","1","11","14","3","","0","0","1","0","0"
"POINT (13.467525715000022 52.553948985000034)","Unfall 246761 (2023) Kat:2, Licht: 0","246761","2","1","0","11","09","3","","0","1","0","0","0"
"POINT (13.207865013000060 52.538808697000036)","Unfall 246762 (2023) Kat:3, Licht: 0","246762","3","6","2","11","08","3","","0","0","1","0","0"
"POINT (13.247919122000042 52.548813860000053)","Unfall 246763 (2023) Kat:3, Licht: 2","246763","3","4","6","11","22","3","","2","0","1","1","0"
"POINT (13.465424283000061 52.507725140000048)","Unfall 246764 (2023) Kat:3, Licht: 2","246764","3","2","2","11","22","3","","2","0","1","0","0"
"POINT (13.404843128000039 52.540695359000040)","Unfall 246765 (2023) Kat:3, Licht: 2","246765","3","4","6","11","18","3","","2","0","1","1","0"
"POINT (13.385945456000059 52.558347112000035)","Unfall 246766 (2023) Kat:2, Licht: 1","246766","2","4","6","11","17","3","","1","0","1","1","0"
"POINT (13.435920322000072 52.483824200000072)","Unfall 246767 (2023) Kat:3, Licht: 0","246767","3","2","5","11","14","3","","0","1","1","0","0"
"POINT (13.292098607000071 52.590567770000064)","Unfall 246768 (2023) Kat:3, Licht: 0","246768","3","2","5","11","14","3","","0","0","1","0","0"
"POINT (13.289166306000027 52.582725441000036)","Unfall 246769 (2023) Kat:3, Licht: 0","246769","3","4","6","11","11","3","","0","0","1","1","0"
"POINT (13.309385917000043 52.578833563000046)","Unfall 246770 (2023) Kat:3, Licht: 0","246770","3","3","5","11","09","3","","0","1","1","0","0"
"POINT (13.197764201000041 52.517756538000071)","Unfall 246771 (2023) Kat:3, Licht: 2","246771","3","4","6","12","16","3","","2","0","1","1","0"
"POINT (13.437009733000025 52.456470268000032)","Unfall 246772 (2023) Kat:3, Licht: 0","246772","3","7","5","11","08","3","","0","0","1","0","0"
"POINT (13.130018526000072 52.549851631000081)","Unfall 246773 (2023) Kat:3, Licht: 2","246773","3","1","8","11","03","3","","2","0","1","0","0"
"POINT (13.172336205000022 52.550712679000071)","Unfall 246774 (2023) Kat:3, Licht: 0","246774","3","6","2","11","11","2","","0","0","1","0","1"
"POINT (13.377410442000041 52.571318632000043)","Unfall 246775 (2023) Kat:3, Licht: 2","246775","3","3","5","11","21","2","","2","0","1","0","0"
"POINT (13.216867104000073 52.537799409000058)","Unfall 246776 (2023) Kat:3, Licht: 0","246776","3","6","2","11","12","2","","0","0","1","0","0"
"POINT (13.430335215000071 52.550933494000049)","Unfall 246777 (2023) Kat:3, Licht: 0","246777","3","2","5","11","12","2","","0","1","1","0","0"
"POINT (13.565618784000037 52.534300460000054)","Unfall 246778 (2023) Kat:3, Licht: 0","246778","3","3","5","11","12","2","","0","0","1","0","0"
"POINT (13.479635314000063 52.501885767000033)","Unfall 246779 (2023) Kat:2, Licht: 0","246779","2","4","6","12","12","6","","0","0","0","1","0"
"POINT (13.506815316000029 52.546406688000047)","Unfall 246780 (2023) Kat:3, Licht: 2","246780","3","5","1","12","17","3","","2","0","1","0","0"
"POINT (13.529028798000070 52.426356624000050)","Unfall 246781 (2023) Kat:3, Licht: 2","246781","3","2","5","11","18","2","","2","0","1","0","0"
"POINT (13.434232493000025 52.446155854000040)","Unfall 246782 (2023) Kat:3, Licht: 2","246782","3","7","5","11","17","2","","2","0","1","0","0"
"POINT (13.390457095000045 52.567623514000047)","Unfall 246783 (2023) Kat:3, Licht: 1","246783","3","2","4","11","14","2","","1","1","1","0","0"
"POINT (13.370696643000031 52.492701343000078)","Unfall 246784 (2023) Kat:3, Licht: 0","246784","3","3","2","11","14","2","","0","1","0","0","0"
"POINT (13.348320309000030 52.451977511000052)","Unfall 246785 (2023) Kat:3, Licht: 0","246785","3","5","1","11","14","2","","0","1","1","0","0"
"POINT (13.493216795000023 52.420631205000063)","Unfall 246786 (2023) Kat:2, Licht: 0","246786","2","4","6","11","11","2","","0","0","1","1","0"
"POINT (13.209944717000042 52.550616201000082)","Unfall 246787 (2023) Kat:3, Licht: 0","246787","3","4","6","11","09","2","","0","0","0","1","0"
"POINT (13.465290471000060 52.426085866000051)","Unfall 246788 (2023) Kat:3, Licht: 0","246788","3","2","0","11","09","2","","0","1","1","0","0"
"POINT (13.404356329000052 52.517164355000034)","Unfall 246789 (2023) Kat:3, Licht: 0","246789","3","2","5","11","09","2","","0","1","1","0","0"
"POINT (13.587514945000066 52.459351430000027)","Unfall 246790 (2023) Kat:3, Licht: 0","246790","3","6","2","11","09","3","","0","1","0","0","0"
"POINT (13.438729890000047 52.469499669000072)","Unfall 246791 (2023) Kat:3, Licht: 2","246791","3","3","5","11","23","2","","2","0","1","0","0"
"POINT (13.188624899000047 52.556431427000064)","Unfall 246792 (2023) Kat:2, Licht: 1","246792","2","3","5","11","16","2","","1","1","1","0","0"
"POINT (13.350263349000045 52.414337662000037)","Unfall 246793 (2023) Kat:3, Licht: 0","246793","3","2","5","11","11","2","","0","0","1","0","0"
"POINT (13.464318536000064 52.470004522000067)","Unfall 246794 (2023) Kat:3, Licht: 2","246794","3","6","0","11","17","2","","2","0","1","0","1"
"POINT (13.211615006000045 52.527500819000068)","Unfall 246795 (2023) Kat:3, Licht: 1","246795","3","3","5","11","15","2","","1","1","1","0","0"
"POINT (13.431446434000065 52.513749546000042)","Unfall 246796 (2023) Kat:3, Licht: 0","246796","3","6","2","11","14","2","","0","0","1","0","1"
"POINT (13.452356993000024 52.481302167000081)","Unfall 246797 (2023) Kat:3, Licht: 0","246797","3","3","5","11","14","2","","0","0","1","0","0"
"POINT (13.335397874000023 52.541940382000064)","Unfall 246798 (2023) Kat:3, Licht: 1","246798","3","1","8","11","06","2","","1","0","1","0","0"
"POINT (13.564471255000058 52.544416046000038)","Unfall 246799 (2023) Kat:2, Licht: 2","246799","2","7","6","11","19","2","","2","0","1","1","0"
"POINT (13.341369451000048 52.520671127000071)","Unfall 246800 (2023) Kat:2, Licht: 2","246800","2","2","5","11","20","3","","2","0","1","0","0"