WKT,Name,OBJECTID,UKATEGORIE,UTYP1,UART,UMONAT,USTUNDE,UWOCHENTAG,STRZUSTAND,ULICHTVERH,ISTRAD,ISTPKW,ISTFUSS,ISTKRAD
"POINT (13.463005498000030 52.424041200000033)","Unfall 246801 (2023) Kat:2, Licht: 2","246801","2","5","1","11","18","2","","2","0","1","0","1"
"POINT (13.312527141000032 52.573262749000037)","Unfall 246802 (2023) Kat:3, Licht: 2","246802","3","4","1","11","18","2","","2","1","1","1","0"
"POINT (13.392088868000030 52.439954927000031)","Unfall 246803 (2023) Kat:3, Licht: 2","246803","3","2","6","11","17","2","","2","0","1","1","0"
"POINT (13.304750671000022 52.499649247000036)","Unfall 246805 (2023) Kat:3, Licht: 0","246805","3","6","2","11","13","2","","0","0","1","0","0"
"POINT (13.409437773000036 52.550896685000055)","Unfall 246807 (2023) Kat:3, Licht: 0","246807","3","6","3","11","11","2","","0","1","1","0","0"
"POINT (13.443345094000051 52.511961053000050)","Unfall 246808 (2023) Kat:3, Licht: 0","246808","3","3","5","11","09","2","","0","1","1","0","0"
"POINT (13.553253788000063 52.448009888000058)","Unfall 246809 (2023) Kat:3, Licht: 0","246809","3","3","5","11","09","2","","0","0","1","0","0"
"POINT (13.291626249000046 52.595861744000047)","Unfall 246810 (2023) Kat:3, Licht: 0","246810","3","2","6","11","07","2","","0","0","1","1","0"
"POINT (13.434570698000073 52.482797435000066)","Unfall 246811 (2023) Kat:3, Licht: 2","246811","3","3","5","11","22","1","","2","0","1","0","0"
"POINT (13.452112074000070 52.452682393000032)","Unfall 246812 (2023) Kat:3, Licht: 2","246812","3","3","5","11","21","1","","2","1","1","0","0"
"POINT (13.325237688000072 52.493716449000033)","Unfall 246813 (2023) Kat:3, Licht: 1","246813","3","7","2","11","17","1","","1","0","0","0","1"
"POINT (13.346635473000049 52.505606162000049)","Unfall 246814 (2023) Kat:3, Licht: 2","246814","3","7","0","11","02","1","","2","0","1","0","0"
"POINT (13.350081190000026 52.549740976000066)","Unfall 246815 (2023) Kat:2, Licht: 2","246815","2","1","8","11","23","1","","2","0","1","0","0"
"POINT (13.332393140000022 52.506193202000077)","Unfall 246816 (2023) Kat:3, Licht: 0","246816","3","3","5","11","15","1","","0","0","1","0","0"
"POINT (13.193707607000022 52.547949418000030)","Unfall 246817 (2023) Kat:3, Licht: 0","246817","3","6","2","11","14","1","","0","0","1","0","0"
"POINT (13.308029831000056 52.556679717000065)","Unfall 246818 (2023) Kat:3, Licht: 0","246818","3","6","2","11","12","1","","0","0","1","0","0"
"POINT (13.472857260000069 52.474510354000074)","Unfall 246819 (2023) Kat:3, Licht: 0","246819","3","6","2","11","12","1","","0","0","1","0","0"
"POINT (13.395352341000034 52.565643952000073)","Unfall 246820 (2023) Kat:3, Licht: 2","246820","3","7","5","11","17","1","","2","0","1","0","0"
"POINT (13.394455232000041 52.550558880000040)","Unfall 246821 (2023) Kat:3, Licht: 0","246821","3","4","0","11","12","1","","0","0","1","1","0"
"POINT (13.352133450000053 52.505537617000073)","Unfall 246822 (2023) Kat:3, Licht: 0","246822","3","2","0","11","10","1","","0","0","1","0","1"
"POINT (13.456904271000042 52.536320030000070)","Unfall 246823 (2023) Kat:3, Licht: 1","246823","3","6","6","11","07","7","","1","0","1","1","0"
"POINT (13.385938618000068 52.417172440000058)","Unfall 246824 (2023) Kat:3, Licht: 2","246824","3","3","5","11","21","7","","2","0","1","0","0"
"POINT (13.397504821000041 52.529529910000065)","Unfall 246825 (2023) Kat:3, Licht: 2","246825","3","7","6","11","18","7","","2","0","0","1","0"
"POINT (13.445623121000040 52.501734300000066)","Unfall 246826 (2023) Kat:3, Licht: 2","246826","3","6","2","11","18","7","","2","0","1","0","0"
"POINT (13.428903252000055 52.493195959000047)","Unfall 246827 (2023) Kat:2, Licht: 0","246827","2","4","6","11","10","7","","0","1","0","1","0"
"POINT (13.326102342000070 52.538364391000073)","Unfall 246828 (2023) Kat:3, Licht: 0","246828","3","2","5","11","10","7","","0","0","1","0","0"
"POINT (13.471821310000053 52.531993519000082)","Unfall 246829 (2023) Kat:3, Licht: 2","246829","3","1","9","11","20","7","","2","0","1","0","0"
"POINT (13.407204057000058 52.561305566000044)","Unfall 246830 (2023) Kat:3, Licht: 2","246830","3","3","5","11","19","7","","2","0","1","0","0"
"POINT (13.426843270000063 52.488361796000049)","Unfall 246831 (2023) Kat:2, Licht: 0","246831","2","3","5","11","14","7","","0","1","1","0","0"
"POINT (13.186723483000037 52.534261700000059)","Unfall 246832 (2023) Kat:3, Licht: 0","246832","3","4","6","11","13","7","","0","0","0","1","1"
"POINT (13.481339737000042 52.538726276000034)","Unfall 246833 (2023) Kat:2, Licht: 0","246833","2","1","0","11","13","7","","0","0","0","0","1"
"POINT (13.376946347000057 52.510772901000053)","Unfall 246834 (2023) Kat:3, Licht: 0","246834","3","3","5","11","08","7","","0","0","0","0","1"
"POINT (13.199497347000033 52.534810895000078)","Unfall 246836 (2023) Kat:3, Licht: 2","246836","3","2","5","11","04","7","","2","0","1","0","0"
"POINT (13.440660559000037 52.517189303000066)","Unfall 246837 (2023) Kat:3, Licht: 2","246837","3","3","5","11","02","7","","2","0","1","0","0"
"POINT (13.428935867000064 52.486547316000042)","Unfall 246838 (2023) Kat:3, Licht: 2","246838","3","2","5","12","18","7","","2","0","1","0","0"
"POINT (13.374161776000051 52.527921007000032)","Unfall 246839 (2023) Kat:3, Licht: 2","246839","3","6","2","11","01","7","","2","0","1","0","0"
"POINT (13.158535755000059 52.462620875000027)","Unfall 246840 (2023) Kat:3, Licht: 0","246840","3","7","6","11","14","7","","0","0","1","1","0"
"POINT (13.384180480000055 52.510026600000060)","Unfall 246841 (2023) Kat:3, Licht: 2","246841","3","2","5","11","20","7","","2","0","1","0","0"
"POINT (13.371957958000053 52.469698285000050)","Unfall 246842 (2023) Kat:3, Licht: 2","246842","3","2","6","11","20","7","","2","0","1","1","0"
"POINT (13.534101479000071 52.525521588000061)","Unfall 246843 (2023) Kat:3, Licht: 2","246843","3","6","3","11","17","7","","2","0","1","0","0"
"POINT (13.347177559000045 52.449949844000059)","Unfall 246844 (2023) Kat:3, Licht: 2","246844","3","4","6","11","17","7","","2","0","1","1","0"
"POINT (13.427942418000043 52.587813306000044)","Unfall 246845 (2023) Kat:2, Licht: 2","246845","2","6","4","11","17","7","","2","0","1","0","0"
"POINT (13.437694140000076 52.480199781000067)","Unfall 246847 (2023) Kat:3, Licht: 0","246847","3","7","6","11","15","7","","0","0","1","1","0"
"POINT (13.454690155000037 52.474420865000070)","Unfall 246848 (2023) Kat:3, Licht: 0","246848","3","4","6","11","14","7","","0","0","1","1","0"
"POINT (13.295836932000043 52.464420559000075)","Unfall 246849 (2023) Kat:2, Licht: 0","246849","2","7","6","11","11","7","","0","0","1","1","0"
"POINT (13.341668925000022 52.441986659000065)","Unfall 246850 (2023) Kat:3, Licht: 0","246850","3","6","2","11","10","7","","0","0","1","0","0"
"POINT (13.291999785000030 52.513291292000076)","Unfall 246851 (2023) Kat:3, Licht: 0","246851","3","4","6","12","15","6","","0","0","1","1","0"
"POINT (13.470109102000038 52.503026793000060)","Unfall 246852 (2023) Kat:3, Licht: 2","246852","3","1","4","11","01","7","","2","0","1","0","0"
"POINT (13.456836826000028 52.502509807000081)","Unfall 246853 (2023) Kat:3, Licht: 0","246853","3","2","2","11","11","6","","0","1","0","0","0"
"POINT (13.606731350000075 52.489676079000049)","Unfall 246854 (2023) Kat:3, Licht: 2","246854","3","2","5","11","18","6","","2","0","1","0","0"
"POINT (13.395233561000055 52.496348817000069)","Unfall 246855 (2023) Kat:2, Licht: 2","246855","2","2","6","11","05","6","","2","0","1","1","0"
"POINT (13.191875484000036 52.546256438000057)","Unfall 246856 (2023) Kat:3, Licht: 2","246856","3","6","2","11","23","6","","2","0","1","0","0"
"POINT (13.322935242000028 52.464699946000053)","Unfall 246857 (2023) Kat:3, Licht: 2","246857","3","7","1","11","18","6","","2","0","1","0","0"
"POINT (13.341097110000021 52.528135833000078)","Unfall 246858 (2023) Kat:3, Licht: 0","246858","3","4","6","11","15","6","","0","0","0","1","1"
"POINT (13.383853961000057 52.494580925000037)","Unfall 246859 (2023) Kat:3, Licht: 0","246859","3","5","5","11","15","6","","0","1","1","0","0"
"POINT (13.322943173000056 52.509332001000075)","Unfall 246860 (2023) Kat:3, Licht: 2","246860","3","5","1","11","21","6","","2","1","1","0","0"
"POINT (13.384229039000047 52.550794518000032)","Unfall 246861 (2023) Kat:3, Licht: 0","246861","3","5","1","11","14","6","","0","1","1","0","0"
"POINT (13.522218392000070 52.428461098000071)","Unfall 246862 (2023) Kat:3, Licht: 0","246862","3","3","5","11","10","6","","0","0","1","0","1"
"POINT (13.247693094000056 52.538050130000045)","Unfall 246863 (2023) Kat:3, Licht: 0","246863","3","2","5","11","08","6","","0","1","1","0","0"
"POINT (13.411017169000047 52.530617382000059)","Unfall 246864 (2023) Kat:3, Licht: 1","246864","3","2","5","11","07","6","","1","1","1","0","0"
"POINT (13.196860925000067 52.513100946000066)","Unfall 246865 (2023) Kat:3, Licht: 2","246865","3","2","5","11","21","6","","2","0","1","0","0"
"POINT (13.272717872000044 52.536926922000077)","Unfall 246866 (2023) Kat:3, Licht: 2","246866","3","7","5","11","21","6","","2","0","1","0","1"
"POINT (13.366140053000038 52.493673257000069)","Unfall 246867 (2023) Kat:2, Licht: 2","246867","2","7","0","11","16","6","","2","0","0","0","1"
"POINT (13.313451603000033 52.503471695000030)","Unfall 246868 (2023) Kat:3, Licht: 2","246868","3","6","2","11","16","6","","2","0","1","0","1"
"POINT (13.439172844000041 52.463732779000054)","Unfall 246869 (2023) Kat:3, Licht: 0","246869","3","3","5","11","14","6","","0","1","1","0","0"
"POINT (13.459736523000061 52.590770072000055)","Unfall 246870 (2023) Kat:3, Licht: 0","246870","3","1","1","12","10","6","","0","0","1","0","0"
"POINT (13.321868531000064 52.499830348000046)","Unfall 246871 (2023) Kat:3, Licht: 0","246871","3","5","1","11","10","6","","0","1","1","0","0"
"POINT (13.300257067000075 52.508645058000070)","Unfall 246873 (2023) Kat:3, Licht: 0","246873","3","5","0","11","12","6","","0","1","1","0","0"
"POINT (13.333291261000056 52.579053654000063)","Unfall 246874 (2023) Kat:2, Licht: 2","246874","2","4","6","11","21","6","","2","0","1","1","0"
"POINT (13.389902574000075 52.510315992000073)","Unfall 246875 (2023) Kat:3, Licht: 0","246875","3","2","6","12","10","5","","0","0","1","1","0"
"POINT (13.558077493000042 52.556677159000060)","Unfall 246876 (2023) Kat:3, Licht: 2","246876","3","1","1","11","21","6","","2","0","1","0","0"
"POINT (13.312982244000068 52.422782147000078)","Unfall 246877 (2023) Kat:3, Licht: 2","246877","3","4","6","11","18","6","","2","0","0","1","1"
"POINT (13.432049769000059 52.466236026000047)","Unfall 246878 (2023) Kat:3, Licht: 2","246878","3","4","6","11","16","6","","2","0","1","1","0"
"POINT (13.463080171000058 52.615771113000051)","Unfall 246879 (2023) Kat:3, Licht: 1","246879","3","3","5","11","15","6","","1","0","1","0","0"
"POINT (13.457951631000071 52.466355350000072)","Unfall 246880 (2023) Kat:3, Licht: 2","246880","3","5","1","11","17","6","","2","0","1","0","0"
"POINT (13.329390032000049 52.590969191000056)","Unfall 246881 (2023) Kat:3, Licht: 0","246881","3","5","1","11","13","6","","0","1","1","0","0"
"POINT (13.418223981000040 52.451801875000058)","Unfall 246882 (2023) Kat:2, Licht: 2","246882","2","6","3","11","17","6","","2","0","1","0","0"
"POINT (13.287130392000051 52.503050751000046)","Unfall 246883 (2023) Kat:3, Licht: 0","246883","3","4","6","11","09","6","","0","0","1","1","0"
"POINT (13.359253837000040 52.574250402000075)","Unfall 246884 (2023) Kat:3, Licht: 1","246884","3","2","5","11","14","6","","1","1","1","0","0"
"POINT (13.610590052000077 52.494957042000067)","Unfall 246885 (2023) Kat:3, Licht: 0","246885","3","2","5","11","11","6","","0","0","1","0","1"
"POINT (13.294894029000034 52.576339839000070)","Unfall 246886 (2023) Kat:3, Licht: 0","246886","3","2","5","11","07","6","","0","0","1","0","0"
"POINT (13.200672257000065 52.523528744000032)","Unfall 246887 (2023) Kat:3, Licht: 0","246887","3","4","6","11","08","5","","0","0","1","1","0"
"POINT (13.286556845000064 52.518800504000069)","Unfall 246888 (2023) Kat:3, Licht: 1","246888","3","2","5","11","16","5","","1","1","0","0","0"
"POINT (13.395822484000064 52.565952644000049)","Unfall 246889 (2023) Kat:3, Licht: 2","246889","3","2","6","11","19","5","","2","0","1","1","0"
"POINT (13.560551616000055 52.538004315000080)","Unfall 246890 (2023) Kat:2, Licht: 1","246890","2","4","6","11","15","5","","1","0","1","1","0"
"POINT (13.337471771000025 52.505049338000049)","Unfall 246891 (2023) Kat:3, Licht: 0","246891","3","3","5","11","13","5","","0","1","1","0","0"
"POINT (13.416923191000024 52.549910369000031)","Unfall 246892 (2023) Kat:3, Licht: 2","246892","3","7","0","11","19","5","","2","1","0","0","0"
"POINT (13.526591610000025 52.437562166000077)","Unfall 246893 (2023) Kat:3, Licht: 2","246893","3","6","3","11","16","5","","2","0","1","0","1"
"POINT (13.423287477000031 52.552577000000042)","Unfall 246894 (2023) Kat:3, Licht: 2","246894","3","3","2","11","16","5","","2","1","1","0","0"
"POINT (13.383299485000066 52.554377489000046)","Unfall 246895 (2023) Kat:3, Licht: 2","246895","3","5","1","11","16","5","","2","1","1","0","0"
"POINT (13.426943671000060 52.487295678000066)","Unfall 246896 (2023) Kat:3, Licht: 0","246896","3","3","5","11","14","5","","0","0","1","0","0"
"POINT (13.397034189000067 52.519207068000071)","Unfall 246897 (2023) Kat:3, Licht: 0","246897","3","4","6","12","13","4","","0","1","0","1","0"
"POINT (13.368218356000057 52.445567051000069)","Unfall 246898 (2023) Kat:3, Licht: 0","246898","3","4","6","11","12","5","","0","0","1","1","0"
"POINT (13.361111768000058 52.494430620000060)","Unfall 246899 (2023) Kat:3, Licht: 2","246899","3","2","5","11","20","5","","2","0","1","0","0"
"POINT (13.257667052000045 52.520676648000062)","Unfall 246900 (2023) Kat:3, Licht: 0","246900","3","4","6","11","13","2","","0","0","1","1","0"
"POINT (13.405264392000049 52.502923814000042)","Unfall 246901 (2023) Kat:3, Licht: 2","246901","3","6","4","11","19","5","","2","0","1","0","0"
"POINT (13.372152048000032 52.469769961000054)","Unfall 246902 (2023) Kat:2, Licht: 2","246902","2","2","5","11","19","5","","2","0","1","0","0"
"POINT (13.318213216000061 52.505981745000042)","Unfall 246903 (2023) Kat:2, Licht: 2","246903","2","5","0","11","18","5","","2","0","1","0","1"
"POINT (13.246200834000035 52.591865134000045)","Unfall 246904 (2023) Kat:3, Licht: 2","246904","3","7","2","11","17","5","","2","0","1","0","0"
"POINT (13.573631153000065 52.401828287000058)","Unfall 246905 (2023) Kat:3, Licht: 2","246905","3","3","5","11","16","5","","2","0","1","0","0"
"POINT (13.371193448000042 52.558645803000047)","Unfall 246906 (2023) Kat:3, Licht: 0","246906","3","6","6","11","13","5","","0","0","0","1","0"
"POINT (13.286677479000048 52.518725931000063)","Unfall 246907 (2023) Kat:3, Licht: 2","246907","3","2","6","11","20","5","","2","0","1","1","0"
"POINT (13.473386822000066 52.512076530000058)","Unfall 246908 (2023) Kat:3, Licht: 0","246908","3","1","0","11","12","5","","0","0","0","0","0"
"POINT (13.481597026000031 52.460771852000050)","Unfall 246909 (2023) Kat:3, Licht: 0","246909","3","6","2","11","12","5","","0","0","1","0","0"
"POINT (13.225815075000071 52.553451269000050)","Unfall 246910 (2023) Kat:3, Licht: 1","246910","3","5","1","11","07","5","","1","0","1","0","0"
"POINT (13.253237247000072 52.441078672000060)","Unfall 246911 (2023) Kat:3, Licht: 2","246911","3","1","1","11","23","5","","2","0","1","0","0"
"POINT (13.181710612000074 52.534160671000052)","Unfall 246912 (2023) Kat:3, Licht: 2","246912","3","2","6","11","21","5","","2","0","1","1","0"
"POINT (13.384736377000024 52.514522278000072)","Unfall 246913 (2023) Kat:3, Licht: 2","246913","3","3","5","11","19","5","","2","0","1","0","0"
"POINT (13.392096548000040 52.439932667000051)","Unfall 246914 (2023) Kat:3, Licht: 2","246914","3","2","6","11","18","5","","2","0","1","1","0"
"POINT (13.315444588000048 52.448813729000051)","Unfall 246915 (2023) Kat:3, Licht: 2","246915","3","3","5","11","17","5","","2","1","1","0","0"
"POINT (13.462028003000057 52.558954995000079)","Unfall 246916 (2023) Kat:3, Licht: 1","246916","3","2","0","11","15","5","","1","0","1","0","1"
"POINT (13.407832210000038 52.499979579000069)","Unfall 246917 (2023) Kat:3, Licht: 2","246917","3","3","5","12","18","7","","2","0","1","0","0"
"POINT (13.406708861000027 52.495028812000044)","Unfall 246918 (2023) Kat:2, Licht: 0","246918","2","2","6","11","12","5","","0","0","1","1","0"
"POINT (13.333492362000072 52.469699110000079)","Unfall 246920 (2023) Kat:3, Licht: 0","246920","3","1","0","11","10","5","","0","0","0","0","1"
"POINT (13.377164983000057 52.528858430000071)","Unfall 246921 (2023) Kat:3, Licht: 2","246921","3","6","2","11","20","5","","2","0","1","0","0"
"POINT (13.355743309000047 52.496932915000059)","Unfall 246922 (2023) Kat:3, Licht: 0","246922","3","5","4","11","12","5","","0","1","1","0","0"
"POINT (13.425996292000036 52.531881167000051)","Unfall 246923 (2023) Kat:3, Licht: 0","246923","3","4","6","11","08","5","","0","1","0","1","0"
"POINT (13.330916568000077 52.523944128000039)","Unfall 246924 (2023) Kat:3, Licht: 2","246924","3","7","0","11","17","4","","2","1","0","0","0"
"POINT (13.398657781000054 52.443506234000040)","Unfall 246926 (2023) Kat:3, Licht: 0","246926","3","2","5","12","08","4","","0","0","1","0","0"
"POINT (13.432433345000049 52.523895657000082)","Unfall 246927 (2023) Kat:3, Licht: 1","246927","3","5","1","11","15","4","","1","1","1","0","0"
"POINT (13.400602401000071 52.511836299000038)","Unfall 246928 (2023) Kat:3, Licht: 0","246928","3","5","1","11","08","4","","0","0","0","0","0"
"POINT (13.198482952000063 52.539670446000059)","Unfall 246929 (2023) Kat:3, Licht: 2","246929","3","6","4","11","21","4","","2","0","1","0","1"
"POINT (13.545267696000053 52.425706976000072)","Unfall 246930 (2023) Kat:3, Licht: 2","246930","3","2","5","11","16","4","","2","1","1","0","0"
"POINT (13.320923229000073 52.513366908000080)","Unfall 246931 (2023) Kat:3, Licht: 0","246931","3","6","2","11","13","4","","0","0","1","0","0"
"POINT (13.441292878000070 52.467534960000080)","Unfall 246932 (2023) Kat:3, Licht: 2","246932","3","1","0","11","19","4","","2","0","0","0","1"
"POINT (13.417566247000025 52.506359637000060)","Unfall 246933 (2023) Kat:3, Licht: 2","246933","3","2","6","11","20","4","","2","0","0","1","1"
"POINT (13.526656053000067 52.426486886000077)","Unfall 246934 (2023) Kat:3, Licht: 2","246934","3","2","5","11","20","4","","2","0","1","0","0"
"POINT (13.461035820000063 52.454256952000037)","Unfall 246935 (2023) Kat:3, Licht: 2","246935","3","3","5","11","19","4","","2","0","1","0","0"
"POINT (13.195471002000033 52.529165690000070)","Unfall 246936 (2023) Kat:2, Licht: 2","246936","2","2","5","11","17","4","","2","0","1","0","0"
"POINT (13.338228250000043 52.438444627000081)","Unfall 246937 (2023) Kat:3, Licht: 0","246937","3","3","5","11","09","4","","0","1","1","0","0"
"POINT (13.373914377000062 52.487834563000035)","Unfall 246938 (2023) Kat:3, Licht: 0","246938","3","6","3","11","14","4","","0","1","1","0","0"
"POINT (13.560328594000055 52.487623111000062)","Unfall 246940 (2023) Kat:3, Licht: 1","246940","3","4","6","11","16","4","","1","0","1","1","0"
"POINT (13.501485393000053 52.456175323000082)","Unfall 246941 (2023) Kat:3, Licht: 0","246941","3","6","2","11","09","4","","0","0","1","0","0"
"POINT (13.371575123000071 52.510021871000049)","Unfall 246942 (2023) Kat:3, Licht: 0","246942","3","6","2","11","15","4","","0","0","1","0","0"
"POINT (13.499618825000027 52.534202091000054)","Unfall 246943 (2023) Kat:2, Licht: 2","246943","2","3","5","11","05","4","","2","0","1","0","0"
"POINT (13.369872838000049 52.559756486000026)","Unfall 246944 (2023) Kat:3, Licht: 2","246944","3","2","5","11","02","4","","2","0","1","0","0"
"POINT (13.329716035000047 52.523575631000028)","Unfall 246945 (2023) Kat:3, Licht: 0","246945","3","6","3","11","15","4","","0","0","1","0","0"
"POINT (13.338694869000051 52.605584639000028)","Unfall 246946 (2023) Kat:3, Licht: 0","246946","3","3","5","11","14","4","","0","0","1","0","0"
"POINT (13.434737513000073 52.508632922000061)","Unfall 246947 (2023) Kat:3, Licht: 0","246947","3","2","5","11","12","4","","0","1","1","0","0"
"POINT (13.458053521000068 52.528848644000050)","Unfall 246948 (2023) Kat:3, Licht: 2","246948","3","4","6","12","19","4","","2","0","0","1","0"
"POINT (13.416609564000055 52.502059576000079)","Unfall 246949 (2023) Kat:3, Licht: 2","246949","3","2","5","11","18","4","","2","1","1","0","0"
"POINT (13.487852989000032 52.495632876000059)","Unfall 246950 (2023) Kat:2, Licht: 2","246950","2","7","0","11","16","4","","2","0","0","0","1"
"POINT (13.308116637000069 52.517019580000067)","Unfall 246951 (2023) Kat:3, Licht: 2","246951","3","6","2","11","16","4","","2","0","1","0","0"
"POINT (13.410125531000062 52.439030299000081)","Unfall 246952 (2023) Kat:3, Licht: 1","246952","3","4","6","11","16","4","","1","0","1","1","0"
"POINT (13.403745131000051 52.561681089000047)","Unfall 246953 (2023) Kat:3, Licht: 0","246953","3","1","0","11","14","4","","0","1","0","0","0"
"POINT (13.526769139000066 52.428846787000055)","Unfall 246954 (2023) Kat:3, Licht: 0","246954","3","2","5","11","13","4","","0","0","1","0","0"
"POINT (13.368523490000030 52.484243311000057)","Unfall 246955 (2023) Kat:3, Licht: 0","246955","3","6","2","11","13","4","","0","0","1","0","0"
"POINT (13.332182807000038 52.458467980000080)","Unfall 246956 (2023) Kat:3, Licht: 0","246956","3","2","2","11","11","4","","0","0","1","0","0"
"POINT (13.213875297000072 52.531762753000066)","Unfall 246957 (2023) Kat:3, Licht: 0","246957","3","3","5","11","08","4","","0","0","1","0","0"
"POINT (13.420351788000062 52.567014532000030)","Unfall 246958 (2023) Kat:3, Licht: 0","246958","3","3","5","11","07","4","","0","0","1","0","0"
"POINT (13.346372651000024 52.501221981000072)","Unfall 246959 (2023) Kat:3, Licht: 0","246959","3","2","5","11","11","4","","0","1","1","0","0"
"POINT (13.281153168000060 52.482038212000077)","Unfall 246960 (2023) Kat:3, Licht: 2","246960","3","3","5","11","06","4","","2","0","1","0","0"
"POINT (13.299726088000057 52.473344832000066)","Unfall 246961 (2023) Kat:3, Licht: 0","246961","3","2","5","11","08","4","","0","0","1","0","0"
"POINT (13.580936599000040 52.466254068000069)","Unfall 246962 (2023) Kat:3, Licht: 0","246962","3","3","5","11","08","4","","0","1","0","0","0"
"POINT (13.541126499000029 52.435444334000067)","Unfall 246963 (2023) Kat:3, Licht: 1","246963","3","3","5","11","06","3","","1","0","1","0","0"
"POINT (13.394305189000022 52.501131060000034)","Unfall 246964 (2023) Kat:3, Licht: 2","246964","3","2","5","11","18","3","","2","1","1","0","0"
"POINT (13.365673775000062 52.542570308000052)","Unfall 246965 (2023) Kat:3, Licht: 2","246965","3","7","2","11","18","3","","2","0","1","0","0"
"POINT (13.262701799000070 52.451402942000072)","Unfall 246966 (2023) Kat:3, Licht: 2","246966","3","7","6","11","16","3","","2","0","0","1","0"
"POINT (13.449941490000072 52.445692906000033)","Unfall 246967 (2023) Kat:3, Licht: 1","246967","3","2","5","11","16","3","","1","0","1","0","0"
"POINT (13.391579976000060 52.555138322000062)","Unfall 246968 (2023) Kat:3, Licht: 2","246968","3","6","3","11","21","3","","2","0","1","0","1"
"POINT (13.361756399000058 52.549472117000050)","Unfall 246970 (2023) Kat:3, Licht: 2","246970","3","1","0","11","20","3","","2","1","0","0","0"
"POINT (13.588999514000022 52.517443543000070)","Unfall 246971 (2023) Kat:3, Licht: 1","246971","3","3","5","12","15","1","","1","0","1","0","0"
"POINT (13.431435803000056 52.497584624000069)","Unfall 246972 (2023) Kat:3, Licht: 2","246972","3","4","6","11","16","3","","2","0","1","1","0"
"POINT (13.472997709000026 52.515451114000030)","Unfall 246973 (2023) Kat:3, Licht: 1","246973","3","5","1","11","15","3","","1","1","1","0","0"
"POINT (13.446684031000075 52.521391837000067)","Unfall 246974 (2023) Kat:3, Licht: 1","246974","3","2","5","12","17","3","","1","1","1","0","0"
"POINT (13.521597817000043 52.553948750000075)","Unfall 246975 (2023) Kat:3, Licht: 0","246975","3","6","2","11","13","3","","0","0","1","0","0"
"POINT (13.359695409000039 52.475391382000055)","Unfall 246976 (2023) Kat:2, Licht: 0","246976","2","7","0","11","10","3","","0","0","1","0","0"
"POINT (13.370564782000031 52.468906429000072)","Unfall 246977 (2023) Kat:2, Licht: 2","246977","2","3","5","11","18","3","","2","0","1","0","0"
"POINT (13.706455806000065 52.433875023000041)","Unfall 246978 (2023) Kat:3, Licht: 2","246978","3","2","5","11","16","3","","2","1","1","0","0"
"POINT (13.398945477000041 52.395551498000032)","Unfall 246979 (2023) Kat:2, Licht: 2","246979","2","5","5","11","17","3","","2","0","1","0","1"
"POINT (13.323380491000023 52.493673573000081)","Unfall 246980 (2023) Kat:3, Licht: 2","246980","3","3","5","11","16","3","","2","1","0","0","0"
"POINT (13.311638143000039 52.584869984000079)","Unfall 246981 (2023) Kat:3, Licht: 1","246981","3","2","5","11","07","3","","1","1","1","0","0"
"POINT (13.407361235000053 52.504594041000075)","Unfall 246982 (2023) Kat:3, Licht: 0","246982","3","7","0","11","15","3","","0","1","1","0","0"
"POINT (13.414955084000042 52.494509664000077)","Unfall 246983 (2023) Kat:3, Licht: 0","246983","3","1","0","11","08","3","","0","1","0","0","0"
"POINT (13.356171936000067 52.555392223000069)","Unfall 246984 (2023) Kat:2, Licht: 1","246984","2","3","5","11","15","3","","1","0","1","0","0"
"POINT (13.162765128000046 52.548654531000068)","Unfall 246985 (2023) Kat:3, Licht: 0","246985","3","4","6","11","15","3","","0","0","1","1","0"
"POINT (13.344360879000021 52.555624140000077)","Unfall 246986 (2023) Kat:3, Licht: 0","246986","3","5","1","11","12","5","","0","1","1","0","0"
"POINT (13.421277983000039 52.522644147000051)","Unfall 246987 (2023) Kat:3, Licht: 0","246987","3","7","0","11","10","3","","0","0","1","0","0"
"POINT (13.419581045000029 52.569389619000049)","Unfall 246988 (2023) Kat:3, Licht: 1","246988","3","3","5","11","07","3","","1","1","1","0","0"
"POINT (13.229811282000071 52.430957580000040)","Unfall 246990 (2023) Kat:3, Licht: 0","246990","3","2","5","11","13","3","","0","1","1","0","0"
"POINT (13.411033685000064 52.456788946000074)","Unfall 246991 (2023) Kat:3, Licht: 0","246991","3","3","5","11","11","3","","0","1","0","0","0"
"POINT (13.394356250000044 52.491738191000081)","Unfall 246992 (2023) Kat:3, Licht: 0","246992","3","2","5","11","07","3","","0","1","0","0","0"
"POINT (13.344029413000044 52.448070269000027)","Unfall 246993 (2023) Kat:3, Licht: 2","246993","3","6","2","11","16","3","","2","0","1","0","0"
"POINT (13.516163449000032 52.551898561000030)","Unfall 246994 (2023) Kat:3, Licht: 1","246994","3","3","5","11","15","3","","1","0","1","0","0"
"POINT (13.357938475000026 52.545573049000041)","Unfall 246995 (2023) Kat:3, Licht: 0","246995","3","6","2","11","13","3","","0","0","1","0","0"
"POINT (13.302314357000057 52.488272989000052)","Unfall 246996 (2023) Kat:3, Licht: 0","246996","3","2","5","11","12","3","","0","1","1","0","0"
"POINT (13.320094392000044 52.471649815000035)","Unfall 246997 (2023) Kat:3, Licht: 0","246997","3","2","5","11","11","3","","0","1","1","0","0"