WKT,Name,OBJECTID,UKATEGORIE,UTYP1,UART,UMONAT,USTUNDE,UWOCHENTAG,STRZUSTAND,ULICHTVERH,ISTRAD,ISTPKW,ISTFUSS,ISTKRAD
"POINT (13.349773791000075 52.412944733000074)","Unfall 246998 (2023) Kat:3, Licht: 0","246998","3","1","0","11","07","3","","0","0","0","0","1"
"POINT (13.419505796000067 52.487560468000027)","Unfall 246999 (2023) Kat:2, Licht: 0","246999","2","4","6","11","14","2","","0","0","1","1","0"
"POINT (13.394402241000023 52.487292975000059)","Unfall 247000 (2023) Kat:3, Licht: 2","247000","3","3","5","11","18","2","","2","1","1","0","0"
"POINT (13.386174760000074 52.506235469000046)","Unfall 247001 (2023) Kat:3, Licht: 2","247001","3","6","2","11","19","2","","2","1","1","0","0"
"POINT (13.463502703000074 52.560066799000026)","Unfall 247002 (2023) Kat:3, Licht: 2","247002","3","3","5","12","16","5","","2","1","1","0","0"
"POINT (13.449179262000030 52.524360686000080)","Unfall 247003 (2023) Kat:3, Licht: 1","247003","3","3","5","11","18","2","","1","0","1","0","0"
"POINT (13.331238539000026 52.442169107000041)","Unfall 247004 (2023) Kat:3, Licht: 2","247004","3","2","5","11","17","2","","2","0","1","0","0"
"POINT (13.408346276000032 52.452456322000046)","Unfall 247005 (2023) Kat:3, Licht: 0","247005","3","6","2","11","14","2","","0","0","1","0","0"
"POINT (13.271429614000056 52.517116254000030)","Unfall 247006 (2023) Kat:3, Licht: 0","247006","3","3","5","11","09","2","","0","0","1","0","0"
"POINT (13.448951932000057 52.537446521000049)","Unfall 247007 (2023) Kat:3, Licht: 0","247007","3","6","2","11","09","2","","0","0","1","0","0"
"POINT (13.465139736000026 52.510717854000063)","Unfall 247008 (2023) Kat:3, Licht: 2","247008","3","3","5","11","06","2","","2","0","1","0","0"
"POINT (13.369902063000040 52.492873517000078)","Unfall 247009 (2023) Kat:2, Licht: 0","247009","2","1","9","12","11","1","","0","0","1","0","0"
"POINT (13.312595403000046 52.499203483000031)","Unfall 247010 (2023) Kat:3, Licht: 0","247010","3","6","4","11","14","2","","0","0","1","0","0"
"POINT (13.366246224000065 52.495271487000082)","Unfall 247011 (2023) Kat:3, Licht: 0","247011","3","3","5","11","13","2","","0","0","1","0","0"
"POINT (13.195281331000047 52.535515990000079)","Unfall 247012 (2023) Kat:3, Licht: 0","247012","3","2","5","11","14","2","","0","1","1","0","0"
"POINT (13.345290284000043 52.493001126000081)","Unfall 247013 (2023) Kat:3, Licht: 2","247013","3","6","2","11","18","2","","2","0","1","0","0"
"POINT (13.386220904000027 52.490076341000076)","Unfall 247014 (2023) Kat:3, Licht: 2","247014","3","2","6","11","18","2","","2","0","1","1","0"
"POINT (13.351030211000023 52.509470530000044)","Unfall 247015 (2023) Kat:3, Licht: 2","247015","3","4","6","11","18","2","","2","0","1","1","0"
"POINT (13.427951089000032 52.473400632000050)","Unfall 247016 (2023) Kat:3, Licht: 1","247016","3","3","5","11","16","2","","1","1","1","0","0"
"POINT (13.366082294000023 52.574484629000040)","Unfall 247017 (2023) Kat:2, Licht: 1","247017","2","3","5","11","16","2","","1","1","1","0","0"
"POINT (13.303739902000075 52.525525052000035)","Unfall 247018 (2023) Kat:3, Licht: 0","247018","3","3","5","11","11","2","","0","0","1","0","0"
"POINT (13.300682021000057 52.531088197000031)","Unfall 247020 (2023) Kat:2, Licht: 2","247020","2","4","6","11","21","2","","2","0","1","1","0"
"POINT (13.404255933000059 52.533159769000065)","Unfall 247021 (2023) Kat:3, Licht: 2","247021","3","3","5","11","17","2","","2","1","0","0","0"
"POINT (13.226470856000049 52.549212050000051)","Unfall 247022 (2023) Kat:2, Licht: 2","247022","2","3","5","12","22","3","","2","0","1","0","0"
"POINT (13.608641633000047 52.509247779000077)","Unfall 247023 (2023) Kat:2, Licht: 0","247023","2","2","5","11","12","2","","0","0","1","0","0"
"POINT (13.337003550000077 52.421544143000062)","Unfall 247024 (2023) Kat:3, Licht: 2","247024","3","5","1","11","15","2","","2","1","1","0","0"
"POINT (13.342259296000066 52.466943867000055)","Unfall 247025 (2023) Kat:3, Licht: 0","247025","3","3","0","11","12","2","","0","0","1","0","1"
"POINT (13.376589731000024 52.509655650000070)","Unfall 247026 (2023) Kat:3, Licht: 0","247026","3","1","0","11","08","2","","0","0","0","0","1"
"POINT (13.575680792000071 52.491226532000042)","Unfall 247027 (2023) Kat:3, Licht: 2","247027","3","2","6","11","06","2","","2","0","1","1","0"
"POINT (13.514819843000055 52.427243784000041)","Unfall 247028 (2023) Kat:2, Licht: 0","247028","2","6","2","11","11","2","","0","0","1","0","0"
"POINT (13.429217043000051 52.556624808000038)","Unfall 247029 (2023) Kat:3, Licht: 2","247029","3","2","6","11","18","4","","2","0","1","1","0"
"POINT (13.375801890000048 52.568632033000029)","Unfall 247030 (2023) Kat:3, Licht: 2","247030","3","3","5","11","06","2","","2","0","1","0","0"
"POINT (13.207885348000048 52.526444117000040)","Unfall 247031 (2023) Kat:3, Licht: 2","247031","3","6","2","11","22","2","","2","0","1","0","0"
"POINT (13.453870717000029 52.533134852000046)","Unfall 268386 (2023) Kat:3, Licht: 2","268386","3","3","5","01","18","3","","2","1","1","0","0"
"POINT (13.428818255000067 52.478595404000032)","Unfall 268387 (2023) Kat:3, Licht: 2","268387","3","3","5","01","18","3","","2","1","1","0","0"
"POINT (13.394708284000046 52.537770404000071)","Unfall 268388 (2023) Kat:3, Licht: 2","268388","3","6","4","01","18","3","","2","1","0","0","0"
"POINT (13.336661630000037 52.513448549000032)","Unfall 268389 (2023) Kat:3, Licht: 1","268389","3","2","5","01","07","4","","1","1","0","0","0"
"POINT (13.273444744000074 52.417326523000042)","Unfall 268390 (2023) Kat:3, Licht: 0","268390","3","7","5","01","15","6","","0","1","1","0","0"
"POINT (13.453886255000043 52.533140415000048)","Unfall 268391 (2023) Kat:3, Licht: 0","268391","3","3","5","01","11","7","","0","1","1","0","0"
"POINT (13.406338938000033 52.541104175000044)","Unfall 268392 (2023) Kat:3, Licht: 0","268392","3","1","0","02","11","5","","0","1","0","0","0"
"POINT (13.350633925000068 52.520317709000039)","Unfall 268393 (2023) Kat:3, Licht: 0","268393","3","1","0","02","08","7","","0","1","0","0","0"
"POINT (13.364859155000033 52.620641103000082)","Unfall 268394 (2023) Kat:3, Licht: 0","268394","3","7","0","02","13","7","","0","1","0","0","0"
"POINT (13.419314029000077 52.515943200000038)","Unfall 268395 (2023) Kat:3, Licht: 1","268395","3","7","6","03","17","3","","1","1","0","1","0"
"POINT (13.354794849000029 52.518086586000038)","Unfall 268396 (2023) Kat:3, Licht: 0","268396","3","3","5","04","07","4","","0","1","1","0","0"
"POINT (13.460669780000046 52.564164125000048)","Unfall 268397 (2023) Kat:3, Licht: 0","268397","3","3","5","04","15","2","","0","1","1","0","0"
"POINT (13.401203958000053 52.539858858000059)","Unfall 268398 (2023) Kat:3, Licht: 0","268398","3","3","0","04","08","2","","0","1","0","0","0"
"POINT (13.356331533000059 52.517619432000060)","Unfall 268399 (2023) Kat:3, Licht: 0","268399","3","1","0","04","17","1","","0","1","0","0","0"
"POINT (13.497840766000024 52.586124290000043)","Unfall 268400 (2023) Kat:2, Licht: 0","268400","2","3","5","05","10","4","","0","1","1","0","0"
"POINT (13.475526989000059 52.550624123000034)","Unfall 268401 (2023) Kat:3, Licht: 0","268401","3","6","3","05","16","4","","0","1","1","0","0"
"POINT (13.589174175000039 52.470147056000030)","Unfall 268402 (2023) Kat:2, Licht: 0","268402","2","6","4","05","16","6","","0","1","0","0","0"
"POINT (13.523143275000052 52.497078330000079)","Unfall 268403 (2023) Kat:3, Licht: 0","268403","3","4","6","05","10","2","","0","1","0","1","0"
"POINT (13.425085248000073 52.586127948000069)","Unfall 268404 (2023) Kat:3, Licht: 0","268404","3","7","1","05","07","4","","0","1","1","0","0"
"POINT (13.260358836000023 52.427650938000056)","Unfall 268405 (2023) Kat:3, Licht: 0","268405","3","4","6","06","10","7","","0","1","0","1","0"
"POINT (13.149732514000050 52.530693835000079)","Unfall 268406 (2023) Kat:3, Licht: 0","268406","3","7","2","06","17","4","","0","1","0","0","0"
"POINT (13.594897522000053 52.534210023000071)","Unfall 268407 (2023) Kat:2, Licht: 2","268407","2","6","4","06","22","5","","2","1","0","0","0"
"POINT (13.396772680000026 52.544361179000077)","Unfall 268408 (2023) Kat:3, Licht: 0","268408","3","7","6","06","10","2","","0","1","0","1","0"
"POINT (13.357770141000060 52.538802654000051)","Unfall 268409 (2023) Kat:3, Licht: 0","268409","3","1","0","06","08","3","","0","1","0","0","0"
"POINT (13.229656822000038 52.430713650000030)","Unfall 268410 (2023) Kat:3, Licht: 0","268410","3","2","5","06","13","4","","0","1","0","0","0"
"POINT (13.440536209000072 52.517550215000028)","Unfall 268411 (2023) Kat:3, Licht: 0","268411","3","7","0","06","08","5","","0","1","0","0","0"
"POINT (13.461017783000045 52.492241112000045)","Unfall 268412 (2023) Kat:2, Licht: 0","268412","2","3","5","06","08","6","","0","1","1","0","0"
"POINT (13.486049251000054 52.534017653000035)","Unfall 268413 (2023) Kat:3, Licht: 0","268413","3","1","0","06","18","2","","0","1","0","0","0"
"POINT (13.564632732000064 52.507727058000057)","Unfall 268414 (2023) Kat:3, Licht: 0","268414","3","3","5","06","07","5","","0","1","1","0","0"
"POINT (13.438237036000032 52.514252360000057)","Unfall 268415 (2023) Kat:3, Licht: 0","268415","3","6","3","07","17","1","","0","1","0","0","0"
"POINT (13.197632676000069 52.543744093000043)","Unfall 268416 (2023) Kat:3, Licht: 0","268416","3","6","2","07","18","3","","0","1","1","0","0"
"POINT (13.415721319000056 52.480759513000066)","Unfall 268417 (2023) Kat:3, Licht: 0","268417","3","3","5","07","15","6","","0","1","0","0","0"
"POINT (13.382988763000071 52.591242872000066)","Unfall 268418 (2023) Kat:3, Licht: 0","268418","3","6","2","07","16","6","","0","1","1","0","0"
"POINT (13.350886299000024 52.513812648000055)","Unfall 268419 (2023) Kat:3, Licht: 0","268419","3","6","4","07","09","3","","0","1","0","0","0"
"POINT (13.367388114000050 52.535416614000042)","Unfall 268420 (2023) Kat:2, Licht: 0","268420","2","6","6","07","11","7","","0","1","0","1","0"
"POINT (13.569244099000059 52.559898759000077)","Unfall 268421 (2023) Kat:3, Licht: 0","268421","3","6","6","07","15","4","","0","1","0","1","0"
"POINT (13.374403112000039 52.491770603000077)","Unfall 268422 (2023) Kat:3, Licht: 0","268422","3","6","3","08","13","4","","0","1","0","0","0"
"POINT (13.368109281000045 52.480810594000047)","Unfall 268423 (2023) Kat:3, Licht: 0","268423","3","4","6","08","09","5","","0","1","0","1","0"
"POINT (13.515355946000057 52.427106434000052)","Unfall 268424 (2023) Kat:3, Licht: 0","268424","3","6","6","08","18","7","","0","1","0","1","0"
"POINT (13.406045243000051 52.541048131000082)","Unfall 268425 (2023) Kat:3, Licht: 0","268425","3","6","6","08","17","4","","0","1","0","1","0"
"POINT (13.219676676000063 52.556135734000065)","Unfall 268426 (2023) Kat:3, Licht: 0","268426","3","3","5","08","13","7","","0","1","1","0","0"
"POINT (13.428544076000037 52.572227773000066)","Unfall 268427 (2023) Kat:3, Licht: 0","268427","3","3","5","09","15","6","","0","1","0","0","0"
"POINT (13.506260856000040 52.492364626000040)","Unfall 268428 (2023) Kat:3, Licht: 0","268428","3","3","5","09","16","2","","0","1","1","0","0"
"POINT (13.399965389000045 52.550039881000032)","Unfall 268429 (2023) Kat:3, Licht: 0","268429","3","1","0","09","17","2","","0","1","0","0","0"
"POINT (13.603322633000062 52.541858929000057)","Unfall 268430 (2023) Kat:3, Licht: 0","268430","3","7","5","09","16","3","","0","1","1","0","0"
"POINT (13.376493126000071 52.519802644000038)","Unfall 268431 (2023) Kat:3, Licht: 0","268431","3","1","0","09","14","4","","0","1","0","0","0"
"POINT (13.512346327000046 52.510319633000051)","Unfall 268432 (2023) Kat:3, Licht: 0","268432","3","4","6","09","08","6","","0","1","0","1","0"
"POINT (13.524950225000055 52.494217962000050)","Unfall 268433 (2023) Kat:3, Licht: 0","268433","3","7","6","10","10","3","","0","1","0","1","0"
"POINT (13.407952715000022 52.541404562000082)","Unfall 268434 (2023) Kat:3, Licht: 0","268434","3","3","5","10","16","4","","0","1","1","0","0"
"POINT (13.441738220000047 52.547549373000038)","Unfall 268435 (2023) Kat:3, Licht: 0","268435","3","3","5","10","07","5","","0","1","0","0","0"
"POINT (13.627293274000067 52.520439969000051)","Unfall 268436 (2023) Kat:3, Licht: 0","268436","3","5","1","10","07","5","","0","1","1","0","0"
"POINT (13.222804219000068 52.459087032000070)","Unfall 268437 (2023) Kat:2, Licht: 0","268437","2","7","0","10","13","6","","0","1","0","0","0"
"POINT (13.490614453000035 52.527168226000072)","Unfall 268438 (2023) Kat:3, Licht: 0","268438","3","7","2","10","15","7","","0","1","1","0","0"
"POINT (13.646645707000062 52.420571911000081)","Unfall 268439 (2023) Kat:3, Licht: 1","268439","3","3","5","10","17","2","","1","1","0","0","0"
"POINT (13.542417716000045 52.520815458000072)","Unfall 268440 (2023) Kat:2, Licht: 0","268440","2","7","0","10","10","2","","0","1","0","0","0"
"POINT (13.564715970000066 52.507800426000074)","Unfall 268441 (2023) Kat:3, Licht: 2","268441","3","3","5","10","20","1","","2","1","1","0","0"
"POINT (13.563541379000071 52.397314387000051)","Unfall 268442 (2023) Kat:3, Licht: 0","268442","3","7","0","10","14","2","","0","1","0","0","0"
"POINT (13.412878541000055 52.523442908000050)","Unfall 268443 (2023) Kat:3, Licht: 2","268443","3","2","5","10","21","2","","2","1","1","0","0"
"POINT (13.567137139000067 52.571928573000037)","Unfall 268444 (2023) Kat:3, Licht: 1","268444","3","3","5","10","16","3","","1","1","1","0","0"
"POINT (13.519344675000070 52.505338227000038)","Unfall 268445 (2023) Kat:2, Licht: 0","268445","2","3","5","11","14","4","","0","1","1","0","0"
"POINT (13.463568648000035 52.497776871000042)","Unfall 121082 (2024) Kat:3, Licht: 2","121082","3","1","0","03","21","3","","2","0","0","0","1"
"POINT (13.285320760000047 52.513938653000082)","Unfall 121083 (2024) Kat:3, Licht: 0","121083","3","6","3","03","12","3","","0","0","1","0","0"
"POINT (13.415511249000076 52.379613896000080)","Unfall 121084 (2024) Kat:3, Licht: 2","121084","3","6","2","03","19","3","","2","0","1","0","0"
"POINT (13.357752688000062 52.487800595000067)","Unfall 121085 (2024) Kat:3, Licht: 1","121085","3","5","1","03","18","3","","1","0","1","0","0"
"POINT (13.368530413000030 52.541194934000032)","Unfall 121086 (2024) Kat:3, Licht: 0","121086","3","2","6","03","08","3","","0","0","1","1","0"
"POINT (13.369947965000051 52.542165575000070)","Unfall 121087 (2024) Kat:3, Licht: 0","121087","3","1","0","03","14","3","","0","0","0","0","1"
"POINT (13.261906291000059 52.434943247000035)","Unfall 121088 (2024) Kat:3, Licht: 0","121088","3","6","2","03","15","3","","0","0","1","0","0"
"POINT (13.352256718000035 52.480047501000058)","Unfall 121089 (2024) Kat:3, Licht: 0","121089","3","4","6","03","11","2","","0","0","1","1","0"
"POINT (13.483282733000067 52.577704762000053)","Unfall 121090 (2024) Kat:3, Licht: 0","121090","3","1","0","03","09","2","","0","0","0","0","1"
"POINT (13.385609816000056 52.446117912000034)","Unfall 121091 (2024) Kat:3, Licht: 2","121091","3","6","2","03","18","1","","2","0","1","0","0"
"POINT (13.191097441000068 52.426993816000049)","Unfall 121092 (2024) Kat:2, Licht: 2","121092","2","6","3","03","02","1","","2","0","1","0","0"
"POINT (13.385533973000065 52.470980108000049)","Unfall 121093 (2024) Kat:2, Licht: 0","121093","2","3","5","03","10","1","","0","1","0","0","0"
"POINT (13.388699234000057 52.498149588000047)","Unfall 121094 (2024) Kat:3, Licht: 2","121094","3","1","9","03","04","7","","2","0","1","0","0"
"POINT (13.394472214000075 52.426009243000067)","Unfall 121095 (2024) Kat:3, Licht: 2","121095","3","6","0","03","18","6","","2","0","0","0","0"
"POINT (13.359012177000068 52.573407514000053)","Unfall 121096 (2024) Kat:3, Licht: 1","121096","3","2","5","03","20","6","","1","0","1","0","0"
"POINT (13.378283221000061 52.434801016000051)","Unfall 121097 (2024) Kat:2, Licht: 2","121097","2","2","5","03","18","6","","2","0","1","0","0"
"POINT (13.344718885000077 52.472266773000058)","Unfall 121098 (2024) Kat:3, Licht: 0","121098","3","3","5","03","14","5","","0","0","1","0","0"
"POINT (13.362259321000067 52.473990618000073)","Unfall 121099 (2024) Kat:3, Licht: 0","121099","3","6","3","03","11","5","","0","0","1","0","0"
"POINT (13.470724991000054 52.514043414000071)","Unfall 121100 (2024) Kat:3, Licht: 0","121100","3","3","5","03","09","5","","0","1","1","0","0"
"POINT (13.179031408000071 52.516609899000059)","Unfall 121101 (2024) Kat:2, Licht: 1","121101","2","2","5","03","18","5","","1","0","1","0","1"
"POINT (13.412794554000072 52.546062050000046)","Unfall 121102 (2024) Kat:3, Licht: 0","121102","3","1","0","03","16","5","","0","0","0","0","0"
"POINT (13.363342295000052 52.500365775000034)","Unfall 121103 (2024) Kat:3, Licht: 0","121103","3","4","6","03","16","5","","0","0","1","1","0"
"POINT (13.467367939000042 52.514375541000049)","Unfall 121104 (2024) Kat:3, Licht: 0","121104","3","2","6","03","09","5","","0","0","0","1","0"
"POINT (13.368554052000036 52.541205781000031)","Unfall 121105 (2024) Kat:3, Licht: 0","121105","3","2","3","03","09","5","","0","0","1","0","0"
"POINT (13.340230853000037 52.587652528000035)","Unfall 121106 (2024) Kat:2, Licht: 0","121106","2","6","3","03","08","4","","0","0","1","0","1"
"POINT (13.282299285000022 52.510124703000031)","Unfall 121107 (2024) Kat:3, Licht: 0","121107","3","6","2","03","16","4","","0","0","1","0","0"
"POINT (13.279736332000027 52.509792011000059)","Unfall 121108 (2024) Kat:3, Licht: 0","121108","3","7","5","03","07","4","","0","1","1","0","0"
"POINT (13.454226634000065 52.515680279000037)","Unfall 121109 (2024) Kat:2, Licht: 0","121109","2","2","5","03","07","4","","0","0","1","0","0"
"POINT (13.457936120000056 52.492030665000073)","Unfall 121110 (2024) Kat:3, Licht: 0","121110","3","6","3","03","17","4","","0","1","0","0","0"
"POINT (13.387188177000041 52.440151092000065)","Unfall 121111 (2024) Kat:3, Licht: 0","121111","3","2","5","03","12","4","","0","1","0","0","0"
"POINT (13.347788283000057 52.476182514000072)","Unfall 121112 (2024) Kat:3, Licht: 0","121112","3","6","2","03","14","3","","0","0","1","0","0"
"POINT (13.261000521000028 52.508670870000060)","Unfall 121113 (2024) Kat:2, Licht: 2","121113","2","2","5","03","20","3","","2","0","1","0","0"
"POINT (13.418146365000041 52.523842476000027)","Unfall 121114 (2024) Kat:2, Licht: 0","121114","2","6","3","03","06","3","","0","0","1","0","1"
"POINT (13.342034274000071 52.470590114000061)","Unfall 121115 (2024) Kat:3, Licht: 2","121115","3","7","1","03","19","2","","2","0","1","0","0"
"POINT (13.359012177000068 52.573407514000053)","Unfall 121116 (2024) Kat:3, Licht: 2","121116","3","2","0","03","19","2","","2","0","1","0","0"
"POINT (13.356920470000034 52.473880352000037)","Unfall 121117 (2024) Kat:3, Licht: 0","121117","3","6","3","03","06","2","","0","0","1","0","0"
"POINT (13.412163312000075 52.541023480000035)","Unfall 121118 (2024) Kat:3, Licht: 2","121118","3","6","2","03","19","2","","2","0","1","0","1"
"POINT (13.458407724000040 52.458497716000068)","Unfall 121119 (2024) Kat:3, Licht: 0","121119","3","6","2","03","16","2","","0","0","1","0","0"
"POINT (13.281479587000035 52.522807431000047)","Unfall 121120 (2024) Kat:3, Licht: 0","121120","3","6","2","03","14","2","","0","0","1","0","1"
"POINT (13.300242608000076 52.511267675000056)","Unfall 121121 (2024) Kat:3, Licht: 0","121121","3","6","3","03","13","1","","0","0","1","0","1"
"POINT (13.295297249000043 52.491368072000057)","Unfall 121122 (2024) Kat:3, Licht: 0","121122","3","6","2","03","12","1","","0","0","1","0","0"
"POINT (13.286028204000047 52.510942195000041)","Unfall 121123 (2024) Kat:3, Licht: 0","121123","3","6","2","03","13","7","","0","0","1","0","0"
"POINT (13.374442525000063 52.509437811000055)","Unfall 121124 (2024) Kat:3, Licht: 2","121124","3","4","6","03","19","7","","2","0","1","1","0"
"POINT (13.289125872000056 52.510384767000062)","Unfall 121125 (2024) Kat:3, Licht: 2","121125","3","2","2","03","18","7","","2","1","1","0","0"
"POINT (13.320781712000041 52.454942587000062)","Unfall 121126 (2024) Kat:3, Licht: 0","121126","3","1","0","03","15","7","","0","0","0","0","1"
"POINT (13.376853314000073 52.502001689000053)","Unfall 121127 (2024) Kat:3, Licht: 0","121127","3","6","2","03","15","6","","0","0","1","0","0"
"POINT (13.451591109000049 52.509752788000071)","Unfall 121128 (2024) Kat:3, Licht: 0","121128","3","6","4","03","13","6","","0","1","0","0","0"
"POINT (13.330065410000032 52.601662239000063)","Unfall 121129 (2024) Kat:3, Licht: 0","121129","3","3","0","03","15","5","","0","0","1","0","0"
"POINT (13.164345438000055 52.505981864000034)","Unfall 121130 (2024) Kat:3, Licht: 0","121130","3","6","2","03","14","5","","0","0","1","0","0"
"POINT (13.369030845000054 52.528783965000059)","Unfall 121131 (2024) Kat:3, Licht: 0","121131","3","6","3","03","15","5","","0","0","1","0","1"
"POINT (13.282703013000059 52.528532101000053)","Unfall 121132 (2024) Kat:3, Licht: 0","121132","3","6","2","03","14","5","","0","0","1","0","0"
"POINT (13.447712761000048 52.463196481000068)","Unfall 121133 (2024) Kat:3, Licht: 0","121133","3","6","2","03","13","5","","0","0","0","0","0"
"POINT (13.255168637000054 52.610290686000042)","Unfall 121134 (2024) Kat:3, Licht: 0","121134","3","6","2","03","07","4","","0","0","1","0","0"
"POINT (13.509762498000043 52.456414272000075)","Unfall 121135 (2024) Kat:3, Licht: 2","121135","3","6","4","03","20","4","","2","1","0","0","0"
"POINT (13.376491400000077 52.516133220000029)","Unfall 121136 (2024) Kat:3, Licht: 0","121136","3","1","0","03","12","4","","0","1","0","0","0"
"POINT (13.369924179000066 52.541826033000063)","Unfall 121137 (2024) Kat:2, Licht: 2","121137","2","2","6","03","18","3","","2","0","1","1","0"
"POINT (13.419520380000051 52.525110475000076)","Unfall 121138 (2024) Kat:3, Licht: 0","121138","3","2","5","03","16","3","","0","1","0","0","0"
"POINT (13.385761986000034 52.470065110000064)","Unfall 121139 (2024) Kat:3, Licht: 0","121139","3","6","2","03","07","2","","0","0","1","0","0"
"POINT (13.508559953000031 52.457256730000040)","Unfall 121140 (2024) Kat:3, Licht: 0","121140","3","6","0","03","15","2","","0","0","1","0","0"
"POINT (13.414857751000056 52.554538294000054)","Unfall 121141 (2024) Kat:3, Licht: 0","121141","3","2","5","03","15","2","","0","1","1","0","0"
"POINT (13.467255214000033 52.556167494000078)","Unfall 121142 (2024) Kat:3, Licht: 0","121142","3","7","5","03","08","2","","0","0","1","0","0"
"POINT (13.332498947000033 52.597322704000078)","Unfall 121143 (2024) Kat:3, Licht: 0","121143","3","3","5","03","15","2","","0","0","1","0","0"
"POINT (13.561243191000074 52.508757945000070)","Unfall 121144 (2024) Kat:3, Licht: 0","121144","3","1","0","03","16","1","","0","0","0","0","1"
"POINT (13.418829113000072 52.524465640000074)","Unfall 121145 (2024) Kat:3, Licht: 1","121145","3","6","2","03","18","1","","1","0","1","0","0"
"POINT (13.470814009000037 52.514034488000050)","Unfall 121146 (2024) Kat:3, Licht: 0","121146","3","3","5","03","10","7","","0","1","1","0","0"
"POINT (13.381130077000023 52.509811748000061)","Unfall 121147 (2024) Kat:1, Licht: 0","121147","1","4","6","03","10","7","","0","0","1","1","0"
"POINT (13.388112832000047 52.493353229000036)","Unfall 121148 (2024) Kat:3, Licht: 1","121148","3","3","5","03","17","6","","1","0","1","0","0"
"POINT (13.191894505000050 52.430611073000080)","Unfall 121149 (2024) Kat:3, Licht: 2","121149","3","6","2","03","18","6","","2","0","1","0","0"
"POINT (13.266737023000076 52.436133832000053)","Unfall 121150 (2024) Kat:3, Licht: 0","121150","3","3","5","03","19","5","","0","1","1","0","0"
"POINT (13.442965500000071 52.516846447000034)","Unfall 121151 (2024) Kat:2, Licht: 0","121151","2","4","6","03","08","5","","0","0","1","1","0"
"POINT (13.377319891000070 52.432782095000050)","Unfall 121152 (2024) Kat:2, Licht: 2","121152","2","1","0","03","23","5","","2","1","0","0","0"
"POINT (13.447422538000069 52.526417668000079)","Unfall 121153 (2024) Kat:2, Licht: 0","121153","2","4","6","03","15","5","","0","1","0","1","0"
"POINT (13.427929111000026 52.531984916000056)","Unfall 121154 (2024) Kat:3, Licht: 0","121154","3","6","3","03","14","5","","0","0","1","0","0"
"POINT (13.477557357000023 52.486576411000044)","Unfall 121155 (2024) Kat:3, Licht: 0","121155","3","6","2","03","13","4","","0","0","1","0","0"
"POINT (13.343669114000022 52.583192790000055)","Unfall 121156 (2024) Kat:3, Licht: 0","121156","3","2","5","03","11","4","","0","1","1","0","0"
"POINT (13.395380294000063 52.467143957000076)","Unfall 121157 (2024) Kat:3, Licht: 0","121157","3","6","2","03","10","4","","0","0","1","0","0"
"POINT (13.269389818000036 52.437615822000055)","Unfall 121158 (2024) Kat:3, Licht: 0","121158","3","3","5","03","13","3","","0","1","0","0","0"
"POINT (13.385858595000059 52.474461575000078)","Unfall 121159 (2024) Kat:3, Licht: 2","121159","3","5","1","03","23","3","","2","0","1","0","0"
"POINT (13.412037743000042 52.542019077000077)","Unfall 121160 (2024) Kat:3, Licht: 0","121160","3","3","5","03","12","3","","0","1","0","0","0"
"POINT (13.282644875000074 52.507421409000074)","Unfall 121161 (2024) Kat:3, Licht: 0","121161","3","6","3","03","10","3","","0","0","1","0","0"
"POINT (13.281354469000064 52.441541891000043)","Unfall 121162 (2024) Kat:3, Licht: 0","121162","3","3","5","03","14","3","","0","0","1","0","0"
"POINT (13.385891971000035 52.438705327000037)","Unfall 121163 (2024) Kat:3, Licht: 0","121163","3","2","5","03","09","3","","0","0","1","0","0"
"POINT (13.271374625000021 52.438427324000031)","Unfall 121164 (2024) Kat:2, Licht: 2","121164","2","3","5","03","21","2","","2","0","1","0","0"
"POINT (13.365501157000040 52.557972883000048)","Unfall 121165 (2024) Kat:3, Licht: 0","121165","3","3","5","03","11","2","","0","1","1","0","0"
"POINT (13.281675646000053 52.509918007000067)","Unfall 121166 (2024) Kat:3, Licht: 2","121166","3","6","2","03","17","2","","2","0","1","0","0"
"POINT (13.411294273000067 52.518777935000060)","Unfall 121167 (2024) Kat:2, Licht: 0","121167","2","4","6","03","14","2","","0","0","1","1","0"
"POINT (13.428342760000021 52.532338586000037)","Unfall 121168 (2024) Kat:2, Licht: 0","121168","2","3","5","03","15","1","","0","1","1","0","0"
"POINT (13.271439559000044 52.438258678000068)","Unfall 121169 (2024) Kat:2, Licht: 0","121169","2","2","5","03","10","1","","0","0","1","0","0"
"POINT (13.405912238000042 52.520691655000064)","Unfall 121170 (2024) Kat:3, Licht: 0","121170","3","3","5","03","11","7","","0","1","0","0","0"
"POINT (13.558249193000051 52.562845200000027)","Unfall 121171 (2024) Kat:3, Licht: 0","121171","3","3","5","03","13","7","","0","0","1","0","0"
"POINT (13.419518082000025 52.525108333000048)","Unfall 121172 (2024) Kat:3, Licht: 2","121172","3","2","5","03","22","7","","2","1","1","0","0"
"POINT (13.381834307000076 52.509857261000036)","Unfall 121173 (2024) Kat:3, Licht: 0","121173","3","6","3","03","06","6","","0","1","1","0","0"
"POINT (13.289490775000047 52.532899712000074)","Unfall 121174 (2024) Kat:2, Licht: 2","121174","2","7","9","03","21","6","","2","0","1","0","0"